step,side,pwm1,pwm2,k,enc_l,enc_r
1,L,1420,1420,0,0,0
1,L,1420,1420,1,0,0
1,L,1420,1420,2,0,0
1,L,1420,1420,3,0,0
1,L,1420,1420,4,0,0
1,L,1420,1420,5,0,0
1,L,1420,1420,6,0,0
1,L,1420,1420,7,0,0
1,L,1420,1420,8,1,0
1,L,1420,1420,9,0,0
1,L,1420,1420,10,0,0
1,L,1420,1420,11,0,0
1,L,1420,1420,12,0,0
1,L,1420,1420,13,0,0
1,L,1420,1420,14,1,0
1,L,1420,1420,15,0,0
1,L,1420,1420,16,0,0
1,L,1420,1420,17,0,0
1,L,1420,1420,18,1,0
1,L,1420,1420,19,1,0
1,L,1420,1420,20,0,0
1,L,1420,1420,21,0,0
1,L,1420,1420,22,0,0
1,L,1420,1420,23,1,0
1,L,1420,1420,24,0,0
1,L,1420,1420,25,0,0
1,L,1420,1420,26,0,0
1,L,1420,1420,27,0,0
1,L,1420,1420,28,0,0
1,L,1420,1420,29,1,0
1,L,1420,1420,30,0,0
1,L,1420,1420,31,0,0
1,L,1420,1420,32,0,0
1,L,1420,1420,33,0,0
1,L,1420,1420,34,1,0
1,L,1420,1420,35,0,0
1,L,1420,1420,36,1,0
1,L,1420,1420,37,0,0
1,L,1420,1420,38,0,0
1,L,1420,1420,39,0,0
1,L,1420,1420,40,0,0
1,L,1420,1420,41,1,0
1,L,1420,1420,42,0,0
1,L,1420,1420,43,0,0
1,L,1420,1420,44,0,0
1,L,1420,1420,45,0,0
1,L,1420,1420,46,1,0
1,L,1420,1420,47,0,0
1,L,1420,1420,48,0,0
1,L,1420,1420,49,2,0
1,L,1420,1420,50,0,0
1,L,1420,1420,51,0,0
1,L,1420,1420,52,1,0
1,L,1420,1420,53,0,0
1,L,1420,1420,54,0,0
1,L,1420,1420,55,0,0
1,L,1420,1420,56,1,0
1,L,1420,1420,57,0,0
1,L,1420,1420,58,0,0
1,L,1420,1420,59,0,0
1,L,1420,1420,60,0,0
1,L,1420,1420,61,0,0
1,L,1420,1420,62,0,0
1,L,1420,1420,63,0,0
1,L,1420,1420,64,0,0
1,L,1420,1420,65,0,0
1,L,1420,1420,66,0,0
1,L,1420,1420,67,0,0
1,L,1420,1420,68,0,0
1,L,1420,1420,69,0,0
1,L,1420,1420,70,0,0
1,L,1420,1420,71,0,0
1,L,1420,1420,72,0,0
1,L,1420,1420,73,0,0
1,L,1420,1420,74,0,0
1,L,1420,1420,75,0,0
1,L,1420,1420,76,0,0
1,L,1420,1420,77,0,0
1,L,1420,1420,78,0,0
1,L,1420,1420,79,0,0
1,L,1420,1420,80,0,0
1,L,1420,1420,81,0,0
1,L,1420,1420,82,0,0
1,L,1420,1420,83,0,0
1,L,1420,1420,84,0,0
1,L,1420,1420,85,0,0
1,L,1420,1420,86,0,0
1,L,1420,1420,87,0,0
1,L,1420,1420,88,0,0
1,L,1420,1420,89,0,0
1,L,1420,1420,90,0,0
1,L,1420,1420,91,0,0
1,L,1420,1420,92,0,0
1,L,1420,1420,93,0,0
1,L,1420,1420,94,0,0
1,L,1420,1420,95,0,0
1,L,1420,1420,96,0,0
1,L,1420,1420,97,0,0
1,L,1420,1420,98,0,0
1,L,1420,1420,99,0,0
1,L,1420,1420,100,0,0
1,L,1420,1420,101,0,0
1,L,1420,1420,102,0,0
1,L,1420,1420,103,0,0
1,L,1420,1420,104,0,0
1,L,1420,1420,105,0,0
1,L,1420,1420,106,0,0
1,L,1420,1420,107,0,0
1,L,1420,1420,108,0,0
1,L,1420,1420,109,0,0
1,L,1420,1420,110,0,0
1,L,1420,1420,111,0,0
1,L,1420,1420,112,0,0
1,L,1420,1420,113,0,0
1,L,1420,1420,114,0,0
1,L,1420,1420,115,0,0
1,L,1420,1420,116,0,0
1,L,1420,1420,117,0,0
1,L,1420,1420,118,0,0
1,L,1420,1420,119,0,0
1,L,1420,1420,120,0,0
1,L,1420,1420,121,0,0
1,L,1420,1420,122,0,0
1,L,1420,1420,123,0,0
1,L,1420,1420,124,0,0
1,L,1420,1420,125,0,0
1,L,1420,1420,126,0,0
1,L,1420,1420,127,0,0
1,L,1420,1420,128,0,0
1,L,1420,1420,129,0,0
1,L,1420,1420,130,0,0
1,L,1420,1420,131,0,0
1,L,1420,1420,132,0,0
1,L,1420,1420,133,0,0
1,L,1420,1420,134,0,0
1,L,1420,1420,135,0,0
1,L,1420,1420,136,0,0
1,L,1420,1420,137,0,0
1,L,1420,1420,138,0,0
1,L,1420,1420,139,0,0
1,L,1420,1420,140,0,0
1,L,1420,1420,141,0,0
1,L,1420,1420,142,0,0
1,L,1420,1420,143,0,0
1,L,1420,1420,144,0,0
1,L,1420,1420,145,0,0
1,L,1420,1420,146,0,0
1,L,1420,1420,147,0,0
1,L,1420,1420,148,0,0
1,L,1420,1420,149,0,0
1,L,1420,1420,150,0,0
1,L,1420,1420,151,0,0
1,L,1420,1420,152,0,0
1,L,1420,1420,153,0,0
1,L,1420,1420,154,0,0
1,L,1420,1420,155,0,0
1,L,1420,1420,156,0,0
1,L,1420,1420,157,0,0
1,L,1420,1420,158,0,0
1,L,1420,1420,159,0,0
1,L,1420,1420,160,0,0
1,L,1420,1420,161,0,0
1,L,1420,1420,162,0,0
1,L,1420,1420,163,0,0
1,L,1420,1420,164,0,0
1,L,1420,1420,165,0,0
1,L,1420,1420,166,0,0
1,L,1420,1420,167,0,0
1,L,1420,1420,168,0,0
1,L,1420,1420,169,0,0
1,L,1420,1420,170,0,0
1,L,1420,1420,171,0,0
1,L,1420,1420,172,0,0
1,L,1420,1420,173,0,0
1,L,1420,1420,174,0,0
1,L,1420,1420,175,0,0
1,L,1420,1420,176,0,0
1,L,1420,1420,177,0,0
1,L,1420,1420,178,0,0
1,L,1420,1420,179,0,0
1,L,1420,1420,180,0,0
1,L,1420,1420,181,0,0
1,L,1420,1420,182,0,0
1,L,1420,1420,183,0,0
1,L,1420,1420,184,0,0
1,L,1420,1420,185,0,0
1,L,1420,1420,186,0,0
1,L,1420,1420,187,0,0
1,L,1420,1420,188,0,0
1,L,1420,1420,189,0,0
1,L,1420,1420,190,0,0
1,L,1420,1420,191,0,0
1,L,1420,1420,192,0,0
1,L,1420,1420,193,0,0
1,L,1420,1420,194,0,0
1,L,1420,1420,195,0,0
1,L,1420,1420,196,0,0
1,L,1420,1420,197,0,0
1,L,1420,1420,198,0,0
1,L,1420,1420,199,0,0
1,L,1420,1420,200,0,0
1,L,1420,1420,201,0,0
1,L,1420,1420,202,0,0
1,L,1420,1420,203,0,0
1,L,1420,1420,204,0,0
1,L,1420,1420,205,0,0
1,L,1420,1420,206,0,0
1,L,1420,1420,207,0,0
1,L,1420,1420,208,0,0
1,L,1420,1420,209,0,0
1,L,1420,1420,210,0,0
1,L,1420,1420,211,0,0
1,L,1420,1420,212,0,0
1,L,1420,1420,213,0,0
1,L,1420,1420,214,0,0
1,L,1420,1420,215,0,0
1,L,1420,1420,216,0,0
1,L,1420,1420,217,0,0
1,L,1420,1420,218,0,0
1,L,1420,1420,219,0,0
1,L,1420,1420,220,0,0
1,L,1420,1420,221,0,0
1,L,1420,1420,222,0,0
1,L,1420,1420,223,0,0
1,L,1420,1420,224,0,0
1,L,1420,1420,225,0,0
1,L,1420,1420,226,0,0
1,L,1420,1420,227,0,0
1,L,1420,1420,228,0,0
1,L,1420,1420,229,0,0
1,L,1420,1420,230,0,0
1,L,1420,1420,231,0,0
1,L,1420,1420,232,0,0
1,L,1420,1420,233,0,0
1,L,1420,1420,234,0,0
1,L,1420,1420,235,0,0
1,L,1420,1420,236,0,0
1,L,1420,1420,237,0,0
1,L,1420,1420,238,0,0
1,L,1420,1420,239,0,0
1,L,1420,1420,240,0,0
1,L,1420,1420,241,0,0
1,L,1420,1420,242,0,0
1,L,1420,1420,243,0,0
1,L,1420,1420,244,0,0
1,L,1420,1420,245,0,0
1,L,1420,1420,246,0,0
1,L,1420,1420,247,0,0
1,L,1420,1420,248,0,0
1,L,1420,1420,249,0,0
1,L,1420,1420,250,0,0
1,L,1420,1420,251,0,0
1,L,1420,1420,252,0,0
1,L,1420,1420,253,0,0
1,L,1420,1420,254,0,0
1,L,1420,1420,255,0,0
1,L,1420,1420,256,0,0
1,L,1420,1420,257,0,0
1,L,1420,1420,258,0,0
1,L,1420,1420,259,0,0
1,L,1420,1420,260,0,0
1,L,1420,1420,261,0,0
1,L,1420,1420,262,0,0
1,L,1420,1420,263,0,0
1,L,1420,1420,264,0,0
1,L,1420,1420,265,0,0
1,L,1420,1420,266,0,0
1,L,1420,1420,267,0,0
1,L,1420,1420,268,0,0
1,L,1420,1420,269,0,0
1,L,1420,1420,270,0,0
1,L,1420,1420,271,0,0
1,L,1420,1420,272,0,0
1,L,1420,1420,273,0,0
1,L,1420,1420,274,0,0
1,L,1420,1420,275,0,0
1,L,1420,1420,276,0,0
1,L,1420,1420,277,0,0
1,L,1420,1420,278,0,0
1,L,1420,1420,279,0,0
1,L,1420,1420,280,0,0
1,L,1420,1420,281,0,0
1,L,1420,1420,282,0,0
1,L,1420,1420,283,0,0
1,L,1420,1420,284,0,0
1,L,1420,1420,285,0,0
1,L,1420,1420,286,0,0
1,L,1420,1420,287,0,0
1,L,1420,1420,288,0,0
1,L,1420,1420,289,0,0
1,L,1420,1420,290,0,0
1,L,1420,1420,291,0,0
1,L,1420,1420,292,0,0
1,L,1420,1420,293,0,0
1,L,1420,1420,294,0,0
1,L,1420,1420,295,0,0
1,L,1420,1420,296,0,0
1,L,1420,1420,297,0,0
1,L,1420,1420,298,0,0
1,L,1420,1420,299,0,0
1,L,1420,1420,300,0,0
1,L,1420,1420,301,0,0
1,L,1420,1420,302,0,0
1,L,1420,1420,303,0,0
1,L,1420,1420,304,0,0
1,L,1420,1420,305,0,0
1,L,1420,1420,306,0,0
1,L,1420,1420,307,0,0
1,L,1420,1420,308,0,0
1,L,1420,1420,309,0,0
1,L,1420,1420,310,0,0
1,L,1420,1420,311,0,0
1,L,1420,1420,312,0,0
1,L,1420,1420,313,0,0
1,L,1420,1420,314,0,0
1,L,1420,1420,315,0,0
1,L,1420,1420,316,0,0
1,L,1420,1420,317,0,0
1,L,1420,1420,318,0,0
1,L,1420,1420,319,0,0
1,L,1420,1420,320,0,0
1,L,1420,1420,321,0,0
1,L,1420,1420,322,0,0
1,L,1420,1420,323,0,0
1,L,1420,1420,324,0,0
1,L,1420,1420,325,0,0
1,L,1420,1420,326,0,0
1,L,1420,1420,327,0,0
1,L,1420,1420,328,0,0
1,L,1420,1420,329,0,0
1,L,1420,1420,330,0,0
1,L,1420,1420,331,0,0
1,L,1420,1420,332,0,0
1,L,1420,1420,333,0,0
1,L,1420,1420,334,0,0
1,L,1420,1420,335,0,0
1,L,1420,1420,336,0,0
1,L,1420,1420,337,0,0
1,L,1420,1420,338,0,0
1,L,1420,1420,339,0,0
1,L,1420,1420,340,0,0
1,L,1420,1420,341,0,0
1,L,1420,1420,342,0,0
1,L,1420,1420,343,0,0
1,L,1420,1420,344,0,0
1,L,1420,1420,345,0,0
1,L,1420,1420,346,0,0
1,L,1420,1420,347,0,0
1,L,1420,1420,348,0,0
1,L,1420,1420,349,0,0
1,L,1420,1420,350,0,0
1,L,1420,1420,351,0,0
1,L,1420,1420,352,0,0
1,L,1420,1420,353,0,0
1,L,1420,1420,354,0,0
1,L,1420,1420,355,0,0
1,L,1420,1420,356,0,0
1,L,1420,1420,357,0,0
1,L,1420,1420,358,0,0
1,L,1420,1420,359,0,0
1,L,1420,1420,360,0,0
1,L,1420,1420,361,0,0
1,L,1420,1420,362,0,0
1,L,1420,1420,363,0,0
1,L,1420,1420,364,0,0
1,L,1420,1420,365,0,0
1,L,1420,1420,366,0,0
1,L,1420,1420,367,0,0
1,L,1420,1420,368,0,0
1,L,1420,1420,369,0,0
1,L,1420,1420,370,0,0
1,L,1420,1420,371,0,0
1,L,1420,1420,372,0,0
1,L,1420,1420,373,0,0
1,L,1420,1420,374,0,0
1,L,1420,1420,375,0,0
1,L,1420,1420,376,0,0
1,L,1420,1420,377,0,0
1,L,1420,1420,378,0,0
1,L,1420,1420,379,0,0
1,L,1420,1420,380,0,0
1,L,1420,1420,381,0,0
1,L,1420,1420,382,0,0
1,L,1420,1420,383,0,0
1,L,1420,1420,384,0,0
1,L,1420,1420,385,0,0
1,L,1420,1420,386,0,0
1,L,1420,1420,387,0,0
1,L,1420,1420,388,0,0
1,L,1420,1420,389,0,0
1,L,1420,1420,390,0,0
1,L,1420,1420,391,0,0
1,L,1420,1420,392,0,0
1,L,1420,1420,393,0,0
1,L,1420,1420,394,0,0
1,L,1420,1420,395,0,0
1,L,1420,1420,396,0,0
1,L,1420,1420,397,0,0
1,L,1420,1420,398,0,0
1,L,1420,1420,399,0,0
1,L,1420,1420,400,0,0
1,L,1420,1420,401,0,0
1,L,1420,1420,402,0,0
1,L,1420,1420,403,0,0
1,L,1420,1420,404,0,0
1,L,1420,1420,405,0,0
1,L,1420,1420,406,0,0
1,L,1420,1420,407,0,0
1,L,1420,1420,408,0,0
1,L,1420,1420,409,0,0
1,L,1420,1420,410,0,0
1,L,1420,1420,411,0,0
1,L,1420,1420,412,0,0
1,L,1420,1420,413,0,0
1,L,1420,1420,414,0,0
1,L,1420,1420,415,0,0
1,L,1420,1420,416,0,0
1,L,1420,1420,417,0,0
1,L,1420,1420,418,0,0
1,L,1420,1420,419,0,0
1,L,1420,1420,420,0,0
1,L,1420,1420,421,0,0
1,L,1420,1420,422,0,0
1,L,1420,1420,423,0,0
1,L,1420,1420,424,0,0
1,L,1420,1420,425,0,0
1,L,1420,1420,426,0,0
1,L,1420,1420,427,0,0
1,L,1420,1420,428,0,0
1,L,1420,1420,429,0,0
1,L,1420,1420,430,0,0
1,L,1420,1420,431,0,0
1,L,1420,1420,432,0,0
1,L,1420,1420,433,0,0
1,L,1420,1420,434,0,0
1,L,1420,1420,435,0,0
1,L,1420,1420,436,0,0
1,L,1420,1420,437,0,0
1,L,1420,1420,438,0,0
1,L,1420,1420,439,0,0
1,L,1420,1420,440,0,0
1,L,1420,1420,441,0,0
1,L,1420,1420,442,0,0
1,L,1420,1420,443,0,0
1,L,1420,1420,444,0,0
1,L,1420,1420,445,0,0
1,L,1420,1420,446,0,0
1,L,1420,1420,447,0,0
1,L,1420,1420,448,0,0
1,L,1420,1420,449,0,0
1,L,1420,1420,450,0,0
1,L,1420,1420,451,0,0
1,L,1420,1420,452,0,0
1,L,1420,1420,453,0,0
1,L,1420,1420,454,0,0
1,L,1420,1420,455,0,0
1,L,1420,1420,456,0,0
1,L,1420,1420,457,0,0
1,L,1420,1420,458,0,0
1,L,1420,1420,459,0,0
1,L,1420,1420,460,0,0
1,L,1420,1420,461,0,0
1,L,1420,1420,462,0,0
1,L,1420,1420,463,0,0
1,L,1420,1420,464,0,0
1,L,1420,1420,465,0,0
1,L,1420,1420,466,0,0
1,L,1420,1420,467,0,0
1,L,1420,1420,468,0,0
1,L,1420,1420,469,0,0
1,L,1420,1420,470,0,0
1,L,1420,1420,471,0,0
1,L,1420,1420,472,0,0
1,L,1420,1420,473,0,0
1,L,1420,1420,474,0,0
1,L,1420,1420,475,0,0
1,L,1420,1420,476,0,0
1,L,1420,1420,477,0,0
1,L,1420,1420,478,0,0
1,L,1420,1420,479,0,0
1,L,1420,1420,480,0,0
1,L,1420,1420,481,0,0
1,L,1420,1420,482,0,0
1,L,1420,1420,483,0,0
1,L,1420,1420,484,0,0
1,L,1420,1420,485,0,0
1,L,1420,1420,486,0,0
1,L,1420,1420,487,0,0
1,L,1420,1420,488,0,0
1,L,1420,1420,489,0,0
1,L,1420,1420,490,0,0
1,L,1420,1420,491,0,0
1,L,1420,1420,492,0,0
1,L,1420,1420,493,0,0
1,L,1420,1420,494,0,0
1,L,1420,1420,495,0,0
1,L,1420,1420,496,0,0
1,L,1420,1420,497,0,0
1,L,1420,1420,498,0,0
1,L,1420,1420,499,0,0
2,L,1440,1440,0,0,0
2,L,1440,1440,1,0,0
2,L,1440,1440,2,0,0
2,L,1440,1440,3,0,0
2,L,1440,1440,4,0,0
2,L,1440,1440,5,0,0
2,L,1440,1440,6,0,0
2,L,1440,1440,7,0,0
2,L,1440,1440,8,0,0
2,L,1440,1440,9,0,0
2,L,1440,1440,10,0,0
2,L,1440,1440,11,0,0
2,L,1440,1440,12,0,0
2,L,1440,1440,13,0,0
2,L,1440,1440,14,0,0
2,L,1440,1440,15,0,0
2,L,1440,1440,16,0,0
2,L,1440,1440,17,0,0
2,L,1440,1440,18,0,0
2,L,1440,1440,19,0,0
2,L,1440,1440,20,0,0
2,L,1440,1440,21,0,0
2,L,1440,1440,22,0,0
2,L,1440,1440,23,0,0
2,L,1440,1440,24,0,0
2,L,1440,1440,25,0,0
2,L,1440,1440,26,0,0
2,L,1440,1440,27,0,0
2,L,1440,1440,28,0,0
2,L,1440,1440,29,0,0
2,L,1440,1440,30,0,0
2,L,1440,1440,31,0,0
2,L,1440,1440,32,0,0
2,L,1440,1440,33,0,0
2,L,1440,1440,34,0,0
2,L,1440,1440,35,0,0
2,L,1440,1440,36,0,0
2,L,1440,1440,37,0,0
2,L,1440,1440,38,0,0
2,L,1440,1440,39,0,0
2,L,1440,1440,40,0,0
2,L,1440,1440,41,0,0
2,L,1440,1440,42,0,0
2,L,1440,1440,43,0,0
2,L,1440,1440,44,0,0
2,L,1440,1440,45,0,0
2,L,1440,1440,46,0,0
2,L,1440,1440,47,0,0
2,L,1440,1440,48,0,0
2,L,1440,1440,49,0,0
2,L,1440,1440,50,0,0
2,L,1440,1440,51,0,0
2,L,1440,1440,52,0,0
2,L,1440,1440,53,0,0
2,L,1440,1440,54,0,0
2,L,1440,1440,55,0,0
2,L,1440,1440,56,0,0
2,L,1440,1440,57,0,0
2,L,1440,1440,58,0,0
2,L,1440,1440,59,0,0
2,L,1440,1440,60,0,0
2,L,1440,1440,61,0,0
2,L,1440,1440,62,0,0
2,L,1440,1440,63,0,0
2,L,1440,1440,64,0,0
2,L,1440,1440,65,0,0
2,L,1440,1440,66,0,0
2,L,1440,1440,67,0,0
2,L,1440,1440,68,0,0
2,L,1440,1440,69,0,0
2,L,1440,1440,70,0,0
2,L,1440,1440,71,0,0
2,L,1440,1440,72,0,0
2,L,1440,1440,73,0,0
2,L,1440,1440,74,0,0
2,L,1440,1440,75,0,0
2,L,1440,1440,76,0,0
2,L,1440,1440,77,0,0
2,L,1440,1440,78,0,0
2,L,1440,1440,79,0,0
2,L,1440,1440,80,0,0
2,L,1440,1440,81,0,0
2,L,1440,1440,82,0,0
2,L,1440,1440,83,0,0
2,L,1440,1440,84,0,0
2,L,1440,1440,85,0,0
2,L,1440,1440,86,0,0
2,L,1440,1440,87,0,0
2,L,1440,1440,88,0,0
2,L,1440,1440,89,0,0
2,L,1440,1440,90,0,0
2,L,1440,1440,91,0,0
2,L,1440,1440,92,0,0
2,L,1440,1440,93,0,0
2,L,1440,1440,94,0,0
2,L,1440,1440,95,0,0
2,L,1440,1440,96,0,0
2,L,1440,1440,97,0,0
2,L,1440,1440,98,0,0
2,L,1440,1440,99,0,0
2,L,1440,1440,100,0,0
2,L,1440,1440,101,0,0
2,L,1440,1440,102,0,0
2,L,1440,1440,103,0,0
2,L,1440,1440,104,0,0
2,L,1440,1440,105,0,0
2,L,1440,1440,106,0,0
2,L,1440,1440,107,0,0
2,L,1440,1440,108,0,0
2,L,1440,1440,109,0,0
2,L,1440,1440,110,0,0
2,L,1440,1440,111,0,0
2,L,1440,1440,112,0,0
2,L,1440,1440,113,0,0
2,L,1440,1440,114,0,0
2,L,1440,1440,115,0,0
2,L,1440,1440,116,0,0
2,L,1440,1440,117,0,0
2,L,1440,1440,118,0,0
2,L,1440,1440,119,0,0
2,L,1440,1440,120,0,0
2,L,1440,1440,121,0,0
2,L,1440,1440,122,0,0
2,L,1440,1440,123,0,0
2,L,1440,1440,124,0,0
2,L,1440,1440,125,0,0
2,L,1440,1440,126,0,0
2,L,1440,1440,127,0,0
2,L,1440,1440,128,0,0
2,L,1440,1440,129,0,0
2,L,1440,1440,130,0,0
2,L,1440,1440,131,0,0
2,L,1440,1440,132,0,0
2,L,1440,1440,133,0,0
2,L,1440,1440,134,0,0
2,L,1440,1440,135,0,0
2,L,1440,1440,136,0,0
2,L,1440,1440,137,0,0
2,L,1440,1440,138,0,0
2,L,1440,1440,139,0,0
2,L,1440,1440,140,0,0
2,L,1440,1440,141,0,0
2,L,1440,1440,142,0,0
2,L,1440,1440,143,0,0
2,L,1440,1440,144,0,0
2,L,1440,1440,145,0,0
2,L,1440,1440,146,0,0
2,L,1440,1440,147,0,0
2,L,1440,1440,148,0,0
2,L,1440,1440,149,0,0
2,L,1440,1440,150,0,0
2,L,1440,1440,151,0,0
2,L,1440,1440,152,0,0
2,L,1440,1440,153,0,0
2,L,1440,1440,154,0,0
2,L,1440,1440,155,0,0
2,L,1440,1440,156,0,0
2,L,1440,1440,157,0,0
2,L,1440,1440,158,0,0
2,L,1440,1440,159,0,0
2,L,1440,1440,160,0,0
2,L,1440,1440,161,0,0
2,L,1440,1440,162,0,0
2,L,1440,1440,163,0,0
2,L,1440,1440,164,0,0
2,L,1440,1440,165,0,0
2,L,1440,1440,166,0,0
2,L,1440,1440,167,0,0
2,L,1440,1440,168,0,0
2,L,1440,1440,169,0,0
2,L,1440,1440,170,0,0
2,L,1440,1440,171,0,0
2,L,1440,1440,172,0,0
2,L,1440,1440,173,0,0
2,L,1440,1440,174,0,0
2,L,1440,1440,175,0,0
2,L,1440,1440,176,0,0
2,L,1440,1440,177,0,0
2,L,1440,1440,178,0,0
2,L,1440,1440,179,0,0
2,L,1440,1440,180,0,0
2,L,1440,1440,181,0,0
2,L,1440,1440,182,0,0
2,L,1440,1440,183,0,0
2,L,1440,1440,184,0,0
2,L,1440,1440,185,0,0
2,L,1440,1440,186,0,0
2,L,1440,1440,187,0,0
2,L,1440,1440,188,0,0
2,L,1440,1440,189,0,0
2,L,1440,1440,190,0,0
2,L,1440,1440,191,0,0
2,L,1440,1440,192,0,0
2,L,1440,1440,193,0,0
2,L,1440,1440,194,0,0
2,L,1440,1440,195,0,0
2,L,1440,1440,196,0,0
2,L,1440,1440,197,0,0
2,L,1440,1440,198,0,0
2,L,1440,1440,199,0,0
2,L,1440,1440,200,0,0
2,L,1440,1440,201,0,0
2,L,1440,1440,202,0,0
2,L,1440,1440,203,0,0
2,L,1440,1440,204,0,0
2,L,1440,1440,205,0,0
2,L,1440,1440,206,0,0
2,L,1440,1440,207,0,0
2,L,1440,1440,208,0,0
2,L,1440,1440,209,0,0
2,L,1440,1440,210,0,0
2,L,1440,1440,211,0,0
2,L,1440,1440,212,0,0
2,L,1440,1440,213,0,0
2,L,1440,1440,214,0,0
2,L,1440,1440,215,0,0
2,L,1440,1440,216,0,0
2,L,1440,1440,217,0,0
2,L,1440,1440,218,0,0
2,L,1440,1440,219,0,0
2,L,1440,1440,220,0,0
2,L,1440,1440,221,0,0
2,L,1440,1440,222,0,0
2,L,1440,1440,223,0,0
2,L,1440,1440,224,0,0
2,L,1440,1440,225,0,0
2,L,1440,1440,226,0,0
2,L,1440,1440,227,0,0
2,L,1440,1440,228,0,0
2,L,1440,1440,229,0,0
2,L,1440,1440,230,0,0
2,L,1440,1440,231,0,0
2,L,1440,1440,232,0,0
2,L,1440,1440,233,0,0
2,L,1440,1440,234,0,0
2,L,1440,1440,235,0,0
2,L,1440,1440,236,0,0
2,L,1440,1440,237,0,0
2,L,1440,1440,238,0,0
2,L,1440,1440,239,0,0
2,L,1440,1440,240,0,0
2,L,1440,1440,241,0,0
2,L,1440,1440,242,0,0
2,L,1440,1440,243,0,0
2,L,1440,1440,244,0,0
2,L,1440,1440,245,0,0
2,L,1440,1440,246,0,0
2,L,1440,1440,247,0,0
2,L,1440,1440,248,0,0
2,L,1440,1440,249,0,0
2,L,1440,1440,250,0,0
2,L,1440,1440,251,0,0
2,L,1440,1440,252,0,0
2,L,1440,1440,253,0,0
2,L,1440,1440,254,0,0
2,L,1440,1440,255,0,0
2,L,1440,1440,256,0,0
2,L,1440,1440,257,0,0
2,L,1440,1440,258,0,0
2,L,1440,1440,259,0,0
2,L,1440,1440,260,0,0
2,L,1440,1440,261,0,0
2,L,1440,1440,262,0,0
2,L,1440,1440,263,0,0
2,L,1440,1440,264,0,0
2,L,1440,1440,265,0,0
2,L,1440,1440,266,0,0
2,L,1440,1440,267,0,0
2,L,1440,1440,268,0,0
2,L,1440,1440,269,0,0
2,L,1440,1440,270,0,0
2,L,1440,1440,271,0,0
2,L,1440,1440,272,0,0
2,L,1440,1440,273,0,0
2,L,1440,1440,274,0,0
2,L,1440,1440,275,0,0
2,L,1440,1440,276,0,0
2,L,1440,1440,277,0,0
2,L,1440,1440,278,0,0
2,L,1440,1440,279,0,0
2,L,1440,1440,280,0,0
2,L,1440,1440,281,0,0
2,L,1440,1440,282,0,0
2,L,1440,1440,283,0,0
2,L,1440,1440,284,0,0
2,L,1440,1440,285,0,0
2,L,1440,1440,286,0,0
2,L,1440,1440,287,0,0
2,L,1440,1440,288,0,0
2,L,1440,1440,289,0,0
2,L,1440,1440,290,0,0
2,L,1440,1440,291,0,0
2,L,1440,1440,292,0,0
2,L,1440,1440,293,0,0
2,L,1440,1440,294,0,0
2,L,1440,1440,295,0,0
2,L,1440,1440,296,0,0
2,L,1440,1440,297,0,0
2,L,1440,1440,298,0,0
2,L,1440,1440,299,0,0
2,L,1440,1440,300,0,0
2,L,1440,1440,301,0,0
2,L,1440,1440,302,0,0
2,L,1440,1440,303,0,0
2,L,1440,1440,304,0,0
2,L,1440,1440,305,0,0
2,L,1440,1440,306,0,0
2,L,1440,1440,307,0,0
2,L,1440,1440,308,0,0
2,L,1440,1440,309,0,0
2,L,1440,1440,310,0,0
2,L,1440,1440,311,0,0
2,L,1440,1440,312,0,0
2,L,1440,1440,313,0,0
2,L,1440,1440,314,0,0
2,L,1440,1440,315,0,0
2,L,1440,1440,316,0,0
2,L,1440,1440,317,0,0
2,L,1440,1440,318,0,0
2,L,1440,1440,319,0,0
2,L,1440,1440,320,0,0
2,L,1440,1440,321,0,0
2,L,1440,1440,322,0,0
2,L,1440,1440,323,0,0
2,L,1440,1440,324,0,0
2,L,1440,1440,325,0,0
2,L,1440,1440,326,0,0
2,L,1440,1440,327,0,0
2,L,1440,1440,328,0,0
2,L,1440,1440,329,0,0
2,L,1440,1440,330,0,0
2,L,1440,1440,331,0,0
2,L,1440,1440,332,0,0
2,L,1440,1440,333,0,0
2,L,1440,1440,334,0,0
2,L,1440,1440,335,0,0
2,L,1440,1440,336,0,0
2,L,1440,1440,337,0,0
2,L,1440,1440,338,0,0
2,L,1440,1440,339,0,0
2,L,1440,1440,340,0,0
2,L,1440,1440,341,0,0
2,L,1440,1440,342,0,0
2,L,1440,1440,343,0,0
2,L,1440,1440,344,0,0
2,L,1440,1440,345,0,0
2,L,1440,1440,346,0,0
2,L,1440,1440,347,0,0
2,L,1440,1440,348,0,0
2,L,1440,1440,349,0,0
2,L,1440,1440,350,0,0
2,L,1440,1440,351,0,0
2,L,1440,1440,352,0,0
2,L,1440,1440,353,0,0
2,L,1440,1440,354,0,0
2,L,1440,1440,355,0,0
2,L,1440,1440,356,0,0
2,L,1440,1440,357,0,0
2,L,1440,1440,358,0,0
2,L,1440,1440,359,0,0
2,L,1440,1440,360,0,0
2,L,1440,1440,361,0,0
2,L,1440,1440,362,0,0
2,L,1440,1440,363,0,0
2,L,1440,1440,364,0,0
2,L,1440,1440,365,0,0
2,L,1440,1440,366,0,0
2,L,1440,1440,367,0,0
2,L,1440,1440,368,0,0
2,L,1440,1440,369,0,0
2,L,1440,1440,370,0,0
2,L,1440,1440,371,0,0
2,L,1440,1440,372,0,0
2,L,1440,1440,373,0,0
2,L,1440,1440,374,0,0
2,L,1440,1440,375,0,0
2,L,1440,1440,376,0,0
2,L,1440,1440,377,0,0
2,L,1440,1440,378,0,0
2,L,1440,1440,379,0,0
2,L,1440,1440,380,0,0
2,L,1440,1440,381,0,0
2,L,1440,1440,382,0,0
2,L,1440,1440,383,0,0
2,L,1440,1440,384,0,0
2,L,1440,1440,385,0,0
2,L,1440,1440,386,0,0
2,L,1440,1440,387,0,0
2,L,1440,1440,388,0,0
2,L,1440,1440,389,0,0
2,L,1440,1440,390,0,0
2,L,1440,1440,391,0,0
2,L,1440,1440,392,0,0
2,L,1440,1440,393,0,0
2,L,1440,1440,394,0,0
2,L,1440,1440,395,0,0
2,L,1440,1440,396,0,0
2,L,1440,1440,397,0,0
2,L,1440,1440,398,0,0
2,L,1440,1440,399,0,0
2,L,1440,1440,400,0,0
2,L,1440,1440,401,0,0
2,L,1440,1440,402,0,0
2,L,1440,1440,403,0,0
2,L,1440,1440,404,0,0
2,L,1440,1440,405,0,0
2,L,1440,1440,406,0,0
2,L,1440,1440,407,0,0
2,L,1440,1440,408,0,0
2,L,1440,1440,409,0,0
2,L,1440,1440,410,0,0
2,L,1440,1440,411,0,0
2,L,1440,1440,412,0,0
2,L,1440,1440,413,0,0
2,L,1440,1440,414,0,0
2,L,1440,1440,415,0,0
2,L,1440,1440,416,0,0
2,L,1440,1440,417,0,0
2,L,1440,1440,418,0,0
2,L,1440,1440,419,0,0
2,L,1440,1440,420,0,0
2,L,1440,1440,421,0,0
2,L,1440,1440,422,0,0
2,L,1440,1440,423,0,0
2,L,1440,1440,424,0,0
2,L,1440,1440,425,0,0
2,L,1440,1440,426,0,0
2,L,1440,1440,427,0,0
2,L,1440,1440,428,0,0
2,L,1440,1440,429,0,0
2,L,1440,1440,430,0,0
2,L,1440,1440,431,0,0
2,L,1440,1440,432,0,0
2,L,1440,1440,433,0,0
2,L,1440,1440,434,0,0
2,L,1440,1440,435,0,0
2,L,1440,1440,436,0,0
2,L,1440,1440,437,0,0
2,L,1440,1440,438,0,0
2,L,1440,1440,439,0,0
2,L,1440,1440,440,0,0
2,L,1440,1440,441,0,0
2,L,1440,1440,442,0,0
2,L,1440,1440,443,0,0
2,L,1440,1440,444,0,0
2,L,1440,1440,445,0,0
2,L,1440,1440,446,0,0
2,L,1440,1440,447,0,0
2,L,1440,1440,448,0,0
2,L,1440,1440,449,0,0
2,L,1440,1440,450,0,0
2,L,1440,1440,451,0,0
2,L,1440,1440,452,0,0
2,L,1440,1440,453,0,0
2,L,1440,1440,454,0,0
2,L,1440,1440,455,0,0
2,L,1440,1440,456,0,0
2,L,1440,1440,457,0,0
2,L,1440,1440,458,0,0
2,L,1440,1440,459,0,0
2,L,1440,1440,460,0,0
2,L,1440,1440,461,0,0
2,L,1440,1440,462,0,0
2,L,1440,1440,463,0,0
2,L,1440,1440,464,0,0
2,L,1440,1440,465,0,0
2,L,1440,1440,466,0,0
2,L,1440,1440,467,0,0
2,L,1440,1440,468,0,0
2,L,1440,1440,469,0,0
2,L,1440,1440,470,0,0
2,L,1440,1440,471,0,0
2,L,1440,1440,472,0,0
2,L,1440,1440,473,0,0
2,L,1440,1440,474,0,0
2,L,1440,1440,475,0,0
2,L,1440,1440,476,0,0
2,L,1440,1440,477,0,0
2,L,1440,1440,478,0,0
2,L,1440,1440,479,0,0
2,L,1440,1440,480,0,0
2,L,1440,1440,481,0,0
2,L,1440,1440,482,0,0
2,L,1440,1440,483,0,0
2,L,1440,1440,484,0,0
2,L,1440,1440,485,0,0
2,L,1440,1440,486,0,0
2,L,1440,1440,487,0,0
2,L,1440,1440,488,0,0
2,L,1440,1440,489,0,0
2,L,1440,1440,490,0,0
2,L,1440,1440,491,0,0
2,L,1440,1440,492,0,0
2,L,1440,1440,493,0,0
2,L,1440,1440,494,0,0
2,L,1440,1440,495,0,0
2,L,1440,1440,496,0,0
2,L,1440,1440,497,0,0
2,L,1440,1440,498,0,0
2,L,1440,1440,499,0,0
3,L,1460,1460,0,0,0
3,L,1460,1460,1,0,0
3,L,1460,1460,2,0,0
3,L,1460,1460,3,0,0
3,L,1460,1460,4,0,0
3,L,1460,1460,5,0,0
3,L,1460,1460,6,0,0
3,L,1460,1460,7,0,0
3,L,1460,1460,8,0,0
3,L,1460,1460,9,0,0
3,L,1460,1460,10,0,0
3,L,1460,1460,11,0,0
3,L,1460,1460,12,0,0
3,L,1460,1460,13,0,0
3,L,1460,1460,14,0,0
3,L,1460,1460,15,0,0
3,L,1460,1460,16,0,0
3,L,1460,1460,17,0,0
3,L,1460,1460,18,0,0
3,L,1460,1460,19,0,0
3,L,1460,1460,20,0,0
3,L,1460,1460,21,0,0
3,L,1460,1460,22,0,0
3,L,1460,1460,23,0,0
3,L,1460,1460,24,0,0
3,L,1460,1460,25,0,0
3,L,1460,1460,26,0,0
3,L,1460,1460,27,0,0
3,L,1460,1460,28,0,0
3,L,1460,1460,29,0,0
3,L,1460,1460,30,0,0
3,L,1460,1460,31,0,0
3,L,1460,1460,32,0,0
3,L,1460,1460,33,0,0
3,L,1460,1460,34,0,0
3,L,1460,1460,35,0,0
3,L,1460,1460,36,0,0
3,L,1460,1460,37,0,0
3,L,1460,1460,38,0,0
3,L,1460,1460,39,0,0
3,L,1460,1460,40,0,0
3,L,1460,1460,41,0,0
3,L,1460,1460,42,0,0
3,L,1460,1460,43,0,0
3,L,1460,1460,44,0,0
3,L,1460,1460,45,0,0
3,L,1460,1460,46,0,0
3,L,1460,1460,47,0,0
3,L,1460,1460,48,0,0
3,L,1460,1460,49,0,0
3,L,1460,1460,50,0,0
3,L,1460,1460,51,0,0
3,L,1460,1460,52,0,0
3,L,1460,1460,53,0,0
3,L,1460,1460,54,0,0
3,L,1460,1460,55,0,0
3,L,1460,1460,56,0,0
3,L,1460,1460,57,0,0
3,L,1460,1460,58,0,0
3,L,1460,1460,59,0,0
3,L,1460,1460,60,0,0
3,L,1460,1460,61,0,0
3,L,1460,1460,62,0,0
3,L,1460,1460,63,0,0
3,L,1460,1460,64,0,0
3,L,1460,1460,65,0,0
3,L,1460,1460,66,0,0
3,L,1460,1460,67,0,0
3,L,1460,1460,68,0,0
3,L,1460,1460,69,0,0
3,L,1460,1460,70,0,0
3,L,1460,1460,71,0,0
3,L,1460,1460,72,0,0
3,L,1460,1460,73,0,0
3,L,1460,1460,74,0,0
3,L,1460,1460,75,0,0
3,L,1460,1460,76,0,0
3,L,1460,1460,77,0,0
3,L,1460,1460,78,0,0
3,L,1460,1460,79,0,0
3,L,1460,1460,80,0,0
3,L,1460,1460,81,0,0
3,L,1460,1460,82,0,0
3,L,1460,1460,83,0,0
3,L,1460,1460,84,0,0
3,L,1460,1460,85,0,0
3,L,1460,1460,86,0,0
3,L,1460,1460,87,0,0
3,L,1460,1460,88,0,0
3,L,1460,1460,89,0,0
3,L,1460,1460,90,0,0
3,L,1460,1460,91,0,0
3,L,1460,1460,92,0,0
3,L,1460,1460,93,0,0
3,L,1460,1460,94,0,0
3,L,1460,1460,95,0,0
3,L,1460,1460,96,0,0
3,L,1460,1460,97,0,0
3,L,1460,1460,98,0,0
3,L,1460,1460,99,0,0
3,L,1460,1460,100,0,0
3,L,1460,1460,101,0,0
3,L,1460,1460,102,0,0
3,L,1460,1460,103,0,0
3,L,1460,1460,104,0,0
3,L,1460,1460,105,0,0
3,L,1460,1460,106,0,0
3,L,1460,1460,107,0,0
3,L,1460,1460,108,0,0
3,L,1460,1460,109,0,0
3,L,1460,1460,110,0,0
3,L,1460,1460,111,0,0
3,L,1460,1460,112,0,0
3,L,1460,1460,113,0,0
3,L,1460,1460,114,0,0
3,L,1460,1460,115,0,0
3,L,1460,1460,116,0,0
3,L,1460,1460,117,0,0
3,L,1460,1460,118,0,0
3,L,1460,1460,119,0,0
3,L,1460,1460,120,0,0
3,L,1460,1460,121,0,0
3,L,1460,1460,122,0,0
3,L,1460,1460,123,0,0
3,L,1460,1460,124,0,0
3,L,1460,1460,125,0,0
3,L,1460,1460,126,0,0
3,L,1460,1460,127,0,0
3,L,1460,1460,128,0,0
3,L,1460,1460,129,0,0
3,L,1460,1460,130,0,0
3,L,1460,1460,131,0,0
3,L,1460,1460,132,0,0
3,L,1460,1460,133,0,0
3,L,1460,1460,134,0,0
3,L,1460,1460,135,0,0
3,L,1460,1460,136,0,0
3,L,1460,1460,137,0,0
3,L,1460,1460,138,0,0
3,L,1460,1460,139,0,0
3,L,1460,1460,140,0,0
3,L,1460,1460,141,0,0
3,L,1460,1460,142,0,0
3,L,1460,1460,143,0,0
3,L,1460,1460,144,0,0
3,L,1460,1460,145,0,0
3,L,1460,1460,146,0,0
3,L,1460,1460,147,0,0
3,L,1460,1460,148,0,0
3,L,1460,1460,149,0,0
3,L,1460,1460,150,0,0
3,L,1460,1460,151,0,0
3,L,1460,1460,152,0,0
3,L,1460,1460,153,0,0
3,L,1460,1460,154,0,0
3,L,1460,1460,155,0,0
3,L,1460,1460,156,0,0
3,L,1460,1460,157,0,0
3,L,1460,1460,158,0,0
3,L,1460,1460,159,0,0
3,L,1460,1460,160,0,0
3,L,1460,1460,161,0,0
3,L,1460,1460,162,0,0
3,L,1460,1460,163,0,0
3,L,1460,1460,164,0,0
3,L,1460,1460,165,0,0
3,L,1460,1460,166,0,0
3,L,1460,1460,167,0,0
3,L,1460,1460,168,0,0
3,L,1460,1460,169,0,0
3,L,1460,1460,170,0,0
3,L,1460,1460,171,0,0
3,L,1460,1460,172,0,0
3,L,1460,1460,173,0,0
3,L,1460,1460,174,0,0
3,L,1460,1460,175,0,0
3,L,1460,1460,176,0,0
3,L,1460,1460,177,0,0
3,L,1460,1460,178,0,0
3,L,1460,1460,179,0,0
3,L,1460,1460,180,0,0
3,L,1460,1460,181,0,0
3,L,1460,1460,182,0,0
3,L,1460,1460,183,0,0
3,L,1460,1460,184,0,0
3,L,1460,1460,185,0,0
3,L,1460,1460,186,0,0
3,L,1460,1460,187,0,0
3,L,1460,1460,188,0,0
3,L,1460,1460,189,0,0
3,L,1460,1460,190,0,0
3,L,1460,1460,191,0,0
3,L,1460,1460,192,0,0
3,L,1460,1460,193,0,0
3,L,1460,1460,194,0,0
3,L,1460,1460,195,0,0
3,L,1460,1460,196,0,0
3,L,1460,1460,197,0,0
3,L,1460,1460,198,0,0
3,L,1460,1460,199,0,0
3,L,1460,1460,200,0,0
3,L,1460,1460,201,0,0
3,L,1460,1460,202,0,0
3,L,1460,1460,203,0,0
3,L,1460,1460,204,0,0
3,L,1460,1460,205,0,0
3,L,1460,1460,206,0,0
3,L,1460,1460,207,0,0
3,L,1460,1460,208,0,0
3,L,1460,1460,209,0,0
3,L,1460,1460,210,0,0
3,L,1460,1460,211,0,0
3,L,1460,1460,212,0,0
3,L,1460,1460,213,0,0
3,L,1460,1460,214,0,0
3,L,1460,1460,215,0,0
3,L,1460,1460,216,0,0
3,L,1460,1460,217,0,0
3,L,1460,1460,218,0,0
3,L,1460,1460,219,0,0
3,L,1460,1460,220,0,0
3,L,1460,1460,221,0,0
3,L,1460,1460,222,0,0
3,L,1460,1460,223,0,0
3,L,1460,1460,224,0,0
3,L,1460,1460,225,0,0
3,L,1460,1460,226,0,0
3,L,1460,1460,227,0,0
3,L,1460,1460,228,0,0
3,L,1460,1460,229,0,0
3,L,1460,1460,230,0,0
3,L,1460,1460,231,0,0
3,L,1460,1460,232,0,0
3,L,1460,1460,233,0,0
3,L,1460,1460,234,0,0
3,L,1460,1460,235,0,0
3,L,1460,1460,236,0,0
3,L,1460,1460,237,0,0
3,L,1460,1460,238,0,0
3,L,1460,1460,239,0,0
3,L,1460,1460,240,0,0
3,L,1460,1460,241,0,0
3,L,1460,1460,242,0,0
3,L,1460,1460,243,0,0
3,L,1460,1460,244,0,0
3,L,1460,1460,245,0,0
3,L,1460,1460,246,0,0
3,L,1460,1460,247,0,0
3,L,1460,1460,248,0,0
3,L,1460,1460,249,0,0
3,L,1460,1460,250,0,0
3,L,1460,1460,251,0,0
3,L,1460,1460,252,0,0
3,L,1460,1460,253,0,0
3,L,1460,1460,254,0,0
3,L,1460,1460,255,0,0
3,L,1460,1460,256,0,0
3,L,1460,1460,257,0,0
3,L,1460,1460,258,0,0
3,L,1460,1460,259,0,0
3,L,1460,1460,260,0,0
3,L,1460,1460,261,0,0
3,L,1460,1460,262,0,0
3,L,1460,1460,263,0,0
3,L,1460,1460,264,0,0
3,L,1460,1460,265,0,0
3,L,1460,1460,266,0,0
3,L,1460,1460,267,0,0
3,L,1460,1460,268,0,0
3,L,1460,1460,269,0,0
3,L,1460,1460,270,0,0
3,L,1460,1460,271,0,0
3,L,1460,1460,272,0,0
3,L,1460,1460,273,0,0
3,L,1460,1460,274,0,0
3,L,1460,1460,275,0,0
3,L,1460,1460,276,0,0
3,L,1460,1460,277,0,0
3,L,1460,1460,278,0,0
3,L,1460,1460,279,0,0
3,L,1460,1460,280,0,0
3,L,1460,1460,281,0,0
3,L,1460,1460,282,0,0
3,L,1460,1460,283,0,0
3,L,1460,1460,284,0,0
3,L,1460,1460,285,0,0
3,L,1460,1460,286,0,0
3,L,1460,1460,287,0,0
3,L,1460,1460,288,0,0
3,L,1460,1460,289,0,0
3,L,1460,1460,290,0,0
3,L,1460,1460,291,0,0
3,L,1460,1460,292,0,0
3,L,1460,1460,293,0,0
3,L,1460,1460,294,0,0
3,L,1460,1460,295,0,0
3,L,1460,1460,296,0,0
3,L,1460,1460,297,0,0
3,L,1460,1460,298,0,0
3,L,1460,1460,299,0,0
3,L,1460,1460,300,0,0
3,L,1460,1460,301,0,0
3,L,1460,1460,302,0,0
3,L,1460,1460,303,0,0
3,L,1460,1460,304,0,0
3,L,1460,1460,305,0,0
3,L,1460,1460,306,0,0
3,L,1460,1460,307,0,0
3,L,1460,1460,308,0,0
3,L,1460,1460,309,0,0
3,L,1460,1460,310,0,0
3,L,1460,1460,311,0,0
3,L,1460,1460,312,0,0
3,L,1460,1460,313,0,0
3,L,1460,1460,314,0,0
3,L,1460,1460,315,0,0
3,L,1460,1460,316,0,0
3,L,1460,1460,317,0,0
3,L,1460,1460,318,0,0
3,L,1460,1460,319,0,0
3,L,1460,1460,320,0,0
3,L,1460,1460,321,0,0
3,L,1460,1460,322,0,0
3,L,1460,1460,323,0,0
3,L,1460,1460,324,0,0
3,L,1460,1460,325,0,0
3,L,1460,1460,326,0,0
3,L,1460,1460,327,0,0
3,L,1460,1460,328,0,0
3,L,1460,1460,329,0,0
3,L,1460,1460,330,0,0
3,L,1460,1460,331,0,0
3,L,1460,1460,332,0,0
3,L,1460,1460,333,0,0
3,L,1460,1460,334,0,0
3,L,1460,1460,335,0,0
3,L,1460,1460,336,0,0
3,L,1460,1460,337,0,0
3,L,1460,1460,338,0,0
3,L,1460,1460,339,0,0
3,L,1460,1460,340,0,0
3,L,1460,1460,341,0,0
3,L,1460,1460,342,0,0
3,L,1460,1460,343,0,0
3,L,1460,1460,344,0,0
3,L,1460,1460,345,0,0
3,L,1460,1460,346,0,0
3,L,1460,1460,347,0,0
3,L,1460,1460,348,0,0
3,L,1460,1460,349,0,0
3,L,1460,1460,350,0,0
3,L,1460,1460,351,0,0
3,L,1460,1460,352,0,0
3,L,1460,1460,353,0,0
3,L,1460,1460,354,0,0
3,L,1460,1460,355,0,0
3,L,1460,1460,356,0,0
3,L,1460,1460,357,0,0
3,L,1460,1460,358,0,0
3,L,1460,1460,359,0,0
3,L,1460,1460,360,0,0
3,L,1460,1460,361,0,0
3,L,1460,1460,362,0,0
3,L,1460,1460,363,0,0
3,L,1460,1460,364,0,0
3,L,1460,1460,365,0,0
3,L,1460,1460,366,0,0
3,L,1460,1460,367,0,0
3,L,1460,1460,368,0,0
3,L,1460,1460,369,0,0
3,L,1460,1460,370,0,0
3,L,1460,1460,371,0,0
3,L,1460,1460,372,0,0
3,L,1460,1460,373,0,0
3,L,1460,1460,374,0,0
3,L,1460,1460,375,0,0
3,L,1460,1460,376,0,0
3,L,1460,1460,377,0,0
3,L,1460,1460,378,0,0
3,L,1460,1460,379,0,0
3,L,1460,1460,380,0,0
3,L,1460,1460,381,0,0
3,L,1460,1460,382,0,0
3,L,1460,1460,383,0,0
3,L,1460,1460,384,0,0
3,L,1460,1460,385,0,0
3,L,1460,1460,386,0,0
3,L,1460,1460,387,0,0
3,L,1460,1460,388,0,0
3,L,1460,1460,389,0,0
3,L,1460,1460,390,0,0
3,L,1460,1460,391,0,0
3,L,1460,1460,392,0,0
3,L,1460,1460,393,0,0
3,L,1460,1460,394,0,0
3,L,1460,1460,395,0,0
3,L,1460,1460,396,0,0
3,L,1460,1460,397,0,0
3,L,1460,1460,398,0,0
3,L,1460,1460,399,0,0
3,L,1460,1460,400,0,0
3,L,1460,1460,401,0,0
3,L,1460,1460,402,0,0
3,L,1460,1460,403,0,0
3,L,1460,1460,404,0,0
3,L,1460,1460,405,0,0
3,L,1460,1460,406,0,0
3,L,1460,1460,407,0,0
3,L,1460,1460,408,0,0
3,L,1460,1460,409,-1,0
3,L,1460,1460,410,0,0
3,L,1460,1460,411,0,0
3,L,1460,1460,412,0,0
3,L,1460,1460,413,0,0
3,L,1460,1460,414,0,0
3,L,1460,1460,415,0,0
3,L,1460,1460,416,0,0
3,L,1460,1460,417,0,0
3,L,1460,1460,418,0,0
3,L,1460,1460,419,0,0
3,L,1460,1460,420,0,0
3,L,1460,1460,421,0,0
3,L,1460,1460,422,0,0
3,L,1460,1460,423,0,0
3,L,1460,1460,424,0,0
3,L,1460,1460,425,0,0
3,L,1460,1460,426,0,0
3,L,1460,1460,427,0,0
3,L,1460,1460,428,0,0
3,L,1460,1460,429,0,0
3,L,1460,1460,430,0,0
3,L,1460,1460,431,0,0
3,L,1460,1460,432,0,0
3,L,1460,1460,433,0,0
3,L,1460,1460,434,0,0
3,L,1460,1460,435,0,0
3,L,1460,1460,436,0,0
3,L,1460,1460,437,0,0
3,L,1460,1460,438,0,0
3,L,1460,1460,439,0,0
3,L,1460,1460,440,0,0
3,L,1460,1460,441,0,0
3,L,1460,1460,442,-1,0
3,L,1460,1460,443,0,0
3,L,1460,1460,444,0,0
3,L,1460,1460,445,0,0
3,L,1460,1460,446,0,0
3,L,1460,1460,447,0,0
3,L,1460,1460,448,0,0
3,L,1460,1460,449,0,0
3,L,1460,1460,450,0,0
3,L,1460,1460,451,0,0
3,L,1460,1460,452,0,0
3,L,1460,1460,453,0,0
3,L,1460,1460,454,0,0
3,L,1460,1460,455,0,0
3,L,1460,1460,456,0,0
3,L,1460,1460,457,0,0
3,L,1460,1460,458,0,0
3,L,1460,1460,459,0,0
3,L,1460,1460,460,0,0
3,L,1460,1460,461,0,0
3,L,1460,1460,462,0,0
3,L,1460,1460,463,0,0
3,L,1460,1460,464,0,0
3,L,1460,1460,465,0,0
3,L,1460,1460,466,0,0
3,L,1460,1460,467,0,0
3,L,1460,1460,468,0,0
3,L,1460,1460,469,0,0
3,L,1460,1460,470,0,0
3,L,1460,1460,471,0,0
3,L,1460,1460,472,0,0
3,L,1460,1460,473,0,0
3,L,1460,1460,474,0,0
3,L,1460,1460,475,0,0
3,L,1460,1460,476,0,0
3,L,1460,1460,477,0,0
3,L,1460,1460,478,0,0
3,L,1460,1460,479,0,0
3,L,1460,1460,480,0,0
3,L,1460,1460,481,0,0
3,L,1460,1460,482,0,0
3,L,1460,1460,483,0,0
3,L,1460,1460,484,0,0
3,L,1460,1460,485,0,0
3,L,1460,1460,486,0,0
3,L,1460,1460,487,0,0
3,L,1460,1460,488,0,0
3,L,1460,1460,489,0,0
3,L,1460,1460,490,0,0
3,L,1460,1460,491,0,0
3,L,1460,1460,492,0,0
3,L,1460,1460,493,0,0
3,L,1460,1460,494,0,0
3,L,1460,1460,495,0,0
3,L,1460,1460,496,0,0
3,L,1460,1460,497,0,0
3,L,1460,1460,498,0,0
3,L,1460,1460,499,0,0
4,L,1480,1480,0,0,0
4,L,1480,1480,1,0,0
4,L,1480,1480,2,0,0
4,L,1480,1480,3,0,0
4,L,1480,1480,4,0,0
4,L,1480,1480,5,0,0
4,L,1480,1480,6,0,0
4,L,1480,1480,7,0,0
4,L,1480,1480,8,0,0
4,L,1480,1480,9,0,0
4,L,1480,1480,10,0,0
4,L,1480,1480,11,0,0
4,L,1480,1480,12,0,0
4,L,1480,1480,13,0,0
4,L,1480,1480,14,0,0
4,L,1480,1480,15,0,0
4,L,1480,1480,16,0,0
4,L,1480,1480,17,0,0
4,L,1480,1480,18,0,0
4,L,1480,1480,19,0,0
4,L,1480,1480,20,0,0
4,L,1480,1480,21,0,0
4,L,1480,1480,22,0,0
4,L,1480,1480,23,0,0
4,L,1480,1480,24,0,0
4,L,1480,1480,25,0,0
4,L,1480,1480,26,0,0
4,L,1480,1480,27,0,0
4,L,1480,1480,28,0,0
4,L,1480,1480,29,0,0
4,L,1480,1480,30,0,0
4,L,1480,1480,31,0,0
4,L,1480,1480,32,0,0
4,L,1480,1480,33,0,0
4,L,1480,1480,34,0,0
4,L,1480,1480,35,0,0
4,L,1480,1480,36,0,0
4,L,1480,1480,37,0,0
4,L,1480,1480,38,0,0
4,L,1480,1480,39,0,0
4,L,1480,1480,40,0,0
4,L,1480,1480,41,0,0
4,L,1480,1480,42,0,0
4,L,1480,1480,43,0,0
4,L,1480,1480,44,0,0
4,L,1480,1480,45,0,0
4,L,1480,1480,46,0,0
4,L,1480,1480,47,0,0
4,L,1480,1480,48,0,0
4,L,1480,1480,49,0,0
4,L,1480,1480,50,0,0
4,L,1480,1480,51,0,0
4,L,1480,1480,52,0,0
4,L,1480,1480,53,0,0
4,L,1480,1480,54,0,0
4,L,1480,1480,55,0,0
4,L,1480,1480,56,0,0
4,L,1480,1480,57,0,0
4,L,1480,1480,58,0,0
4,L,1480,1480,59,0,0
4,L,1480,1480,60,0,0
4,L,1480,1480,61,0,0
4,L,1480,1480,62,0,0
4,L,1480,1480,63,0,0
4,L,1480,1480,64,0,0
4,L,1480,1480,65,0,0
4,L,1480,1480,66,0,0
4,L,1480,1480,67,0,0
4,L,1480,1480,68,0,0
4,L,1480,1480,69,0,0
4,L,1480,1480,70,0,0
4,L,1480,1480,71,0,0
4,L,1480,1480,72,0,0
4,L,1480,1480,73,0,0
4,L,1480,1480,74,0,0
4,L,1480,1480,75,0,0
4,L,1480,1480,76,0,0
4,L,1480,1480,77,0,0
4,L,1480,1480,78,0,0
4,L,1480,1480,79,0,0
4,L,1480,1480,80,0,0
4,L,1480,1480,81,0,0
4,L,1480,1480,82,0,0
4,L,1480,1480,83,0,0
4,L,1480,1480,84,0,0
4,L,1480,1480,85,0,0
4,L,1480,1480,86,0,0
4,L,1480,1480,87,0,0
4,L,1480,1480,88,0,0
4,L,1480,1480,89,0,0
4,L,1480,1480,90,0,0
4,L,1480,1480,91,0,0
4,L,1480,1480,92,0,0
4,L,1480,1480,93,0,0
4,L,1480,1480,94,0,0
4,L,1480,1480,95,0,0
4,L,1480,1480,96,0,0
4,L,1480,1480,97,0,0
4,L,1480,1480,98,0,0
4,L,1480,1480,99,0,0
4,L,1480,1480,100,0,0
4,L,1480,1480,101,0,0
4,L,1480,1480,102,0,0
4,L,1480,1480,103,0,0
4,L,1480,1480,104,0,0
4,L,1480,1480,105,0,0
4,L,1480,1480,106,0,0
4,L,1480,1480,107,0,0
4,L,1480,1480,108,0,0
4,L,1480,1480,109,0,0
4,L,1480,1480,110,0,0
4,L,1480,1480,111,0,0
4,L,1480,1480,112,0,0
4,L,1480,1480,113,0,0
4,L,1480,1480,114,0,0
4,L,1480,1480,115,0,0
4,L,1480,1480,116,0,0
4,L,1480,1480,117,0,0
4,L,1480,1480,118,0,0
4,L,1480,1480,119,0,0
4,L,1480,1480,120,0,0
4,L,1480,1480,121,0,0
4,L,1480,1480,122,0,0
4,L,1480,1480,123,0,0
4,L,1480,1480,124,0,0
4,L,1480,1480,125,0,0
4,L,1480,1480,126,0,0
4,L,1480,1480,127,0,0
4,L,1480,1480,128,0,0
4,L,1480,1480,129,0,0
4,L,1480,1480,130,0,0
4,L,1480,1480,131,0,0
4,L,1480,1480,132,0,0
4,L,1480,1480,133,0,0
4,L,1480,1480,134,0,0
4,L,1480,1480,135,0,0
4,L,1480,1480,136,0,0
4,L,1480,1480,137,0,0
4,L,1480,1480,138,0,0
4,L,1480,1480,139,0,0
4,L,1480,1480,140,0,0
4,L,1480,1480,141,0,0
4,L,1480,1480,142,0,0
4,L,1480,1480,143,0,0
4,L,1480,1480,144,0,0
4,L,1480,1480,145,0,0
4,L,1480,1480,146,0,0
4,L,1480,1480,147,0,0
4,L,1480,1480,148,0,0
4,L,1480,1480,149,0,0
4,L,1480,1480,150,0,0
4,L,1480,1480,151,0,0
4,L,1480,1480,152,0,0
4,L,1480,1480,153,0,0
4,L,1480,1480,154,0,0
4,L,1480,1480,155,0,0
4,L,1480,1480,156,0,0
4,L,1480,1480,157,0,0
4,L,1480,1480,158,0,0
4,L,1480,1480,159,0,0
4,L,1480,1480,160,0,0
4,L,1480,1480,161,0,0
4,L,1480,1480,162,0,0
4,L,1480,1480,163,0,0
4,L,1480,1480,164,0,0
4,L,1480,1480,165,0,0
4,L,1480,1480,166,0,0
4,L,1480,1480,167,0,0
4,L,1480,1480,168,0,0
4,L,1480,1480,169,0,0
4,L,1480,1480,170,0,0
4,L,1480,1480,171,0,0
4,L,1480,1480,172,0,0
4,L,1480,1480,173,0,0
4,L,1480,1480,174,0,0
4,L,1480,1480,175,0,0
4,L,1480,1480,176,0,0
4,L,1480,1480,177,0,0
4,L,1480,1480,178,0,0
4,L,1480,1480,179,0,0
4,L,1480,1480,180,0,0
4,L,1480,1480,181,0,0
4,L,1480,1480,182,0,0
4,L,1480,1480,183,0,0
4,L,1480,1480,184,0,0
4,L,1480,1480,185,0,0
4,L,1480,1480,186,0,0
4,L,1480,1480,187,0,0
4,L,1480,1480,188,0,0
4,L,1480,1480,189,0,0
4,L,1480,1480,190,0,0
4,L,1480,1480,191,0,0
4,L,1480,1480,192,0,0
4,L,1480,1480,193,0,0
4,L,1480,1480,194,0,0
4,L,1480,1480,195,0,0
4,L,1480,1480,196,0,0
4,L,1480,1480,197,0,0
4,L,1480,1480,198,0,0
4,L,1480,1480,199,0,0
4,L,1480,1480,200,0,0
4,L,1480,1480,201,0,0
4,L,1480,1480,202,0,0
4,L,1480,1480,203,0,0
4,L,1480,1480,204,0,0
4,L,1480,1480,205,0,0
4,L,1480,1480,206,0,0
4,L,1480,1480,207,0,0
4,L,1480,1480,208,0,0
4,L,1480,1480,209,0,0
4,L,1480,1480,210,0,0
4,L,1480,1480,211,0,0
4,L,1480,1480,212,0,0
4,L,1480,1480,213,0,0
4,L,1480,1480,214,0,0
4,L,1480,1480,215,0,0
4,L,1480,1480,216,0,0
4,L,1480,1480,217,0,0
4,L,1480,1480,218,0,0
4,L,1480,1480,219,0,0
4,L,1480,1480,220,0,0
4,L,1480,1480,221,0,0
4,L,1480,1480,222,0,0
4,L,1480,1480,223,0,0
4,L,1480,1480,224,0,0
4,L,1480,1480,225,0,0
4,L,1480,1480,226,0,0
4,L,1480,1480,227,0,0
4,L,1480,1480,228,0,0
4,L,1480,1480,229,0,0
4,L,1480,1480,230,0,0
4,L,1480,1480,231,0,0
4,L,1480,1480,232,0,0
4,L,1480,1480,233,0,0
4,L,1480,1480,234,0,0
4,L,1480,1480,235,0,0
4,L,1480,1480,236,0,0
4,L,1480,1480,237,0,0
4,L,1480,1480,238,0,0
4,L,1480,1480,239,0,0
4,L,1480,1480,240,0,0
4,L,1480,1480,241,0,0
4,L,1480,1480,242,0,0
4,L,1480,1480,243,0,0
4,L,1480,1480,244,0,0
4,L,1480,1480,245,0,0
4,L,1480,1480,246,0,0
4,L,1480,1480,247,0,0
4,L,1480,1480,248,0,0
4,L,1480,1480,249,0,0
4,L,1480,1480,250,0,0
4,L,1480,1480,251,0,0
4,L,1480,1480,252,0,0
4,L,1480,1480,253,0,0
4,L,1480,1480,254,0,0
4,L,1480,1480,255,0,0
4,L,1480,1480,256,0,0
4,L,1480,1480,257,0,0
4,L,1480,1480,258,0,0
4,L,1480,1480,259,0,0
4,L,1480,1480,260,0,0
4,L,1480,1480,261,0,0
4,L,1480,1480,262,0,0
4,L,1480,1480,263,0,0
4,L,1480,1480,264,0,0
4,L,1480,1480,265,0,0
4,L,1480,1480,266,0,0
4,L,1480,1480,267,0,0
4,L,1480,1480,268,0,0
4,L,1480,1480,269,0,0
4,L,1480,1480,270,0,0
4,L,1480,1480,271,0,0
4,L,1480,1480,272,0,0
4,L,1480,1480,273,0,0
4,L,1480,1480,274,0,0
4,L,1480,1480,275,0,0
4,L,1480,1480,276,0,0
4,L,1480,1480,277,0,0
4,L,1480,1480,278,0,0
4,L,1480,1480,279,0,0
4,L,1480,1480,280,0,0
4,L,1480,1480,281,0,0
4,L,1480,1480,282,0,0
4,L,1480,1480,283,0,0
4,L,1480,1480,284,0,0
4,L,1480,1480,285,0,0
4,L,1480,1480,286,0,0
4,L,1480,1480,287,0,0
4,L,1480,1480,288,0,0
4,L,1480,1480,289,0,0
4,L,1480,1480,290,0,0
4,L,1480,1480,291,0,0
4,L,1480,1480,292,0,0
4,L,1480,1480,293,0,0
4,L,1480,1480,294,0,0
4,L,1480,1480,295,0,0
4,L,1480,1480,296,0,0
4,L,1480,1480,297,0,0
4,L,1480,1480,298,0,0
4,L,1480,1480,299,0,0
4,L,1480,1480,300,0,0
4,L,1480,1480,301,0,0
4,L,1480,1480,302,0,0
4,L,1480,1480,303,0,0
4,L,1480,1480,304,0,0
4,L,1480,1480,305,0,0
4,L,1480,1480,306,0,0
4,L,1480,1480,307,0,0
4,L,1480,1480,308,0,0
4,L,1480,1480,309,0,0
4,L,1480,1480,310,0,0
4,L,1480,1480,311,0,0
4,L,1480,1480,312,0,0
4,L,1480,1480,313,0,0
4,L,1480,1480,314,0,0
4,L,1480,1480,315,0,0
4,L,1480,1480,316,0,0
4,L,1480,1480,317,0,0
4,L,1480,1480,318,0,0
4,L,1480,1480,319,0,0
4,L,1480,1480,320,0,0
4,L,1480,1480,321,0,0
4,L,1480,1480,322,0,0
4,L,1480,1480,323,0,0
4,L,1480,1480,324,0,0
4,L,1480,1480,325,0,0
4,L,1480,1480,326,0,0
4,L,1480,1480,327,0,0
4,L,1480,1480,328,0,0
4,L,1480,1480,329,0,0
4,L,1480,1480,330,0,0
4,L,1480,1480,331,0,0
4,L,1480,1480,332,0,0
4,L,1480,1480,333,0,0
4,L,1480,1480,334,0,0
4,L,1480,1480,335,0,0
4,L,1480,1480,336,0,0
4,L,1480,1480,337,0,0
4,L,1480,1480,338,0,0
4,L,1480,1480,339,0,0
4,L,1480,1480,340,0,0
4,L,1480,1480,341,0,0
4,L,1480,1480,342,0,0
4,L,1480,1480,343,0,0
4,L,1480,1480,344,0,0
4,L,1480,1480,345,0,0
4,L,1480,1480,346,0,0
4,L,1480,1480,347,0,0
4,L,1480,1480,348,0,0
4,L,1480,1480,349,0,0
4,L,1480,1480,350,0,0
4,L,1480,1480,351,0,0
4,L,1480,1480,352,0,0
4,L,1480,1480,353,0,0
4,L,1480,1480,354,0,0
4,L,1480,1480,355,0,0
4,L,1480,1480,356,0,0
4,L,1480,1480,357,0,0
4,L,1480,1480,358,0,0
4,L,1480,1480,359,0,0
4,L,1480,1480,360,0,0
4,L,1480,1480,361,0,0
4,L,1480,1480,362,0,0
4,L,1480,1480,363,0,0
4,L,1480,1480,364,0,0
4,L,1480,1480,365,0,0
4,L,1480,1480,366,0,0
4,L,1480,1480,367,0,0
4,L,1480,1480,368,0,0
4,L,1480,1480,369,0,0
4,L,1480,1480,370,0,0
4,L,1480,1480,371,0,0
4,L,1480,1480,372,0,0
4,L,1480,1480,373,0,0
4,L,1480,1480,374,0,0
4,L,1480,1480,375,0,0
4,L,1480,1480,376,0,0
4,L,1480,1480,377,0,0
4,L,1480,1480,378,0,0
4,L,1480,1480,379,0,0
4,L,1480,1480,380,0,0
4,L,1480,1480,381,0,0
4,L,1480,1480,382,0,0
4,L,1480,1480,383,0,0
4,L,1480,1480,384,0,0
4,L,1480,1480,385,0,0
4,L,1480,1480,386,0,0
4,L,1480,1480,387,0,0
4,L,1480,1480,388,0,0
4,L,1480,1480,389,0,0
4,L,1480,1480,390,0,0
4,L,1480,1480,391,0,0
4,L,1480,1480,392,0,0
4,L,1480,1480,393,0,0
4,L,1480,1480,394,0,0
4,L,1480,1480,395,0,0
4,L,1480,1480,396,0,0
4,L,1480,1480,397,0,0
4,L,1480,1480,398,0,0
4,L,1480,1480,399,0,0
4,L,1480,1480,400,0,0
4,L,1480,1480,401,0,0
4,L,1480,1480,402,0,0
4,L,1480,1480,403,0,0
4,L,1480,1480,404,0,0
4,L,1480,1480,405,0,0
4,L,1480,1480,406,0,0
4,L,1480,1480,407,0,0
4,L,1480,1480,408,0,0
4,L,1480,1480,409,0,0
4,L,1480,1480,410,0,0
4,L,1480,1480,411,0,0
4,L,1480,1480,412,0,0
4,L,1480,1480,413,0,0
4,L,1480,1480,414,0,0
4,L,1480,1480,415,0,0
4,L,1480,1480,416,0,0
4,L,1480,1480,417,0,0
4,L,1480,1480,418,0,0
4,L,1480,1480,419,0,0
4,L,1480,1480,420,0,0
4,L,1480,1480,421,0,0
4,L,1480,1480,422,0,0
4,L,1480,1480,423,0,0
4,L,1480,1480,424,0,0
4,L,1480,1480,425,0,0
4,L,1480,1480,426,0,0
4,L,1480,1480,427,0,0
4,L,1480,1480,428,0,0
4,L,1480,1480,429,0,0
4,L,1480,1480,430,0,0
4,L,1480,1480,431,0,0
4,L,1480,1480,432,0,0
4,L,1480,1480,433,0,0
4,L,1480,1480,434,0,0
4,L,1480,1480,435,0,0
4,L,1480,1480,436,0,0
4,L,1480,1480,437,0,0
4,L,1480,1480,438,0,0
4,L,1480,1480,439,0,0
4,L,1480,1480,440,0,0
4,L,1480,1480,441,0,0
4,L,1480,1480,442,0,0
4,L,1480,1480,443,0,0
4,L,1480,1480,444,0,0
4,L,1480,1480,445,0,0
4,L,1480,1480,446,0,0
4,L,1480,1480,447,0,0
4,L,1480,1480,448,0,0
4,L,1480,1480,449,0,0
4,L,1480,1480,450,0,0
4,L,1480,1480,451,0,0
4,L,1480,1480,452,0,0
4,L,1480,1480,453,0,0
4,L,1480,1480,454,0,0
4,L,1480,1480,455,0,0
4,L,1480,1480,456,0,0
4,L,1480,1480,457,0,0
4,L,1480,1480,458,0,0
4,L,1480,1480,459,0,0
4,L,1480,1480,460,0,0
4,L,1480,1480,461,0,0
4,L,1480,1480,462,0,0
4,L,1480,1480,463,0,0
4,L,1480,1480,464,0,0
4,L,1480,1480,465,0,0
4,L,1480,1480,466,0,0
4,L,1480,1480,467,0,0
4,L,1480,1480,468,0,0
4,L,1480,1480,469,0,0
4,L,1480,1480,470,0,0
4,L,1480,1480,471,0,0
4,L,1480,1480,472,0,0
4,L,1480,1480,473,0,0
4,L,1480,1480,474,0,0
4,L,1480,1480,475,0,0
4,L,1480,1480,476,0,0
4,L,1480,1480,477,0,0
4,L,1480,1480,478,0,0
4,L,1480,1480,479,0,0
4,L,1480,1480,480,0,0
4,L,1480,1480,481,0,0
4,L,1480,1480,482,0,0
4,L,1480,1480,483,0,0
4,L,1480,1480,484,0,0
4,L,1480,1480,485,0,0
4,L,1480,1480,486,0,0
4,L,1480,1480,487,0,0
4,L,1480,1480,488,0,0
4,L,1480,1480,489,0,0
4,L,1480,1480,490,0,0
4,L,1480,1480,491,0,0
4,L,1480,1480,492,0,0
4,L,1480,1480,493,0,0
4,L,1480,1480,494,0,0
4,L,1480,1480,495,0,0
4,L,1480,1480,496,0,0
4,L,1480,1480,497,0,0
4,L,1480,1480,498,0,0
4,L,1480,1480,499,0,0
5,L,1500,1500,0,0,0
5,L,1500,1500,1,0,0
5,L,1500,1500,2,0,0
5,L,1500,1500,3,0,0
5,L,1500,1500,4,0,0
5,L,1500,1500,5,0,0
5,L,1500,1500,6,0,0
5,L,1500,1500,7,0,0
5,L,1500,1500,8,0,0
5,L,1500,1500,9,1,0
5,L,1500,1500,10,0,0
5,L,1500,1500,11,0,0
5,L,1500,1500,12,0,0
5,L,1500,1500,13,0,0
5,L,1500,1500,14,0,0
5,L,1500,1500,15,0,0
5,L,1500,1500,16,0,0
5,L,1500,1500,17,0,0
5,L,1500,1500,18,0,0
5,L,1500,1500,19,0,0
5,L,1500,1500,20,0,0
5,L,1500,1500,21,0,0
5,L,1500,1500,22,0,0
5,L,1500,1500,23,0,0
5,L,1500,1500,24,0,0
5,L,1500,1500,25,0,0
5,L,1500,1500,26,0,0
5,L,1500,1500,27,0,0
5,L,1500,1500,28,0,0
5,L,1500,1500,29,0,0
5,L,1500,1500,30,0,0
5,L,1500,1500,31,0,0
5,L,1500,1500,32,0,0
5,L,1500,1500,33,0,0
5,L,1500,1500,34,0,0
5,L,1500,1500,35,0,0
5,L,1500,1500,36,0,0
5,L,1500,1500,37,0,0
5,L,1500,1500,38,0,0
5,L,1500,1500,39,0,0
5,L,1500,1500,40,0,0
5,L,1500,1500,41,0,0
5,L,1500,1500,42,0,0
5,L,1500,1500,43,0,0
5,L,1500,1500,44,0,0
5,L,1500,1500,45,0,0
5,L,1500,1500,46,0,0
5,L,1500,1500,47,0,0
5,L,1500,1500,48,0,0
5,L,1500,1500,49,0,0
5,L,1500,1500,50,0,0
5,L,1500,1500,51,0,0
5,L,1500,1500,52,0,0
5,L,1500,1500,53,0,0
5,L,1500,1500,54,0,0
5,L,1500,1500,55,0,0
5,L,1500,1500,56,0,0
5,L,1500,1500,57,0,0
5,L,1500,1500,58,0,0
5,L,1500,1500,59,0,0
5,L,1500,1500,60,0,0
5,L,1500,1500,61,0,0
5,L,1500,1500,62,0,0
5,L,1500,1500,63,0,0
5,L,1500,1500,64,0,0
5,L,1500,1500,65,0,0
5,L,1500,1500,66,0,0
5,L,1500,1500,67,0,0
5,L,1500,1500,68,0,0
5,L,1500,1500,69,0,0
5,L,1500,1500,70,0,0
5,L,1500,1500,71,0,0
5,L,1500,1500,72,0,0
5,L,1500,1500,73,0,0
5,L,1500,1500,74,0,0
5,L,1500,1500,75,0,0
5,L,1500,1500,76,0,0
5,L,1500,1500,77,0,0
5,L,1500,1500,78,0,0
5,L,1500,1500,79,0,0
5,L,1500,1500,80,0,0
5,L,1500,1500,81,0,0
5,L,1500,1500,82,0,0
5,L,1500,1500,83,0,0
5,L,1500,1500,84,0,0
5,L,1500,1500,85,0,0
5,L,1500,1500,86,0,0
5,L,1500,1500,87,0,0
5,L,1500,1500,88,0,0
5,L,1500,1500,89,0,0
5,L,1500,1500,90,0,0
5,L,1500,1500,91,0,0
5,L,1500,1500,92,0,0
5,L,1500,1500,93,0,0
5,L,1500,1500,94,0,0
5,L,1500,1500,95,0,0
5,L,1500,1500,96,0,0
5,L,1500,1500,97,0,0
5,L,1500,1500,98,0,0
5,L,1500,1500,99,0,0
5,L,1500,1500,100,0,0
5,L,1500,1500,101,0,0
5,L,1500,1500,102,0,0
5,L,1500,1500,103,0,0
5,L,1500,1500,104,0,0
5,L,1500,1500,105,0,0
5,L,1500,1500,106,0,0
5,L,1500,1500,107,0,0
5,L,1500,1500,108,0,0
5,L,1500,1500,109,0,0
5,L,1500,1500,110,0,0
5,L,1500,1500,111,0,0
5,L,1500,1500,112,0,0
5,L,1500,1500,113,0,0
5,L,1500,1500,114,0,0
5,L,1500,1500,115,0,0
5,L,1500,1500,116,0,0
5,L,1500,1500,117,0,0
5,L,1500,1500,118,0,0
5,L,1500,1500,119,0,0
5,L,1500,1500,120,0,0
5,L,1500,1500,121,0,0
5,L,1500,1500,122,0,0
5,L,1500,1500,123,0,0
5,L,1500,1500,124,0,0
5,L,1500,1500,125,0,0
5,L,1500,1500,126,0,0
5,L,1500,1500,127,0,0
5,L,1500,1500,128,0,0
5,L,1500,1500,129,0,0
5,L,1500,1500,130,0,0
5,L,1500,1500,131,0,0
5,L,1500,1500,132,0,0
5,L,1500,1500,133,0,0
5,L,1500,1500,134,0,0
5,L,1500,1500,135,0,0
5,L,1500,1500,136,0,0
5,L,1500,1500,137,0,0
5,L,1500,1500,138,0,0
5,L,1500,1500,139,0,0
5,L,1500,1500,140,0,0
5,L,1500,1500,141,0,0
5,L,1500,1500,142,0,0
5,L,1500,1500,143,0,0
5,L,1500,1500,144,0,0
5,L,1500,1500,145,0,0
5,L,1500,1500,146,0,0
5,L,1500,1500,147,0,0
5,L,1500,1500,148,0,0
5,L,1500,1500,149,0,0
5,L,1500,1500,150,0,0
5,L,1500,1500,151,0,0
5,L,1500,1500,152,0,0
5,L,1500,1500,153,0,0
5,L,1500,1500,154,0,0
5,L,1500,1500,155,0,0
5,L,1500,1500,156,0,0
5,L,1500,1500,157,0,0
5,L,1500,1500,158,0,0
5,L,1500,1500,159,0,0
5,L,1500,1500,160,0,0
5,L,1500,1500,161,0,0
5,L,1500,1500,162,0,0
5,L,1500,1500,163,0,0
5,L,1500,1500,164,0,0
5,L,1500,1500,165,0,0
5,L,1500,1500,166,0,0
5,L,1500,1500,167,0,0
5,L,1500,1500,168,0,0
5,L,1500,1500,169,0,0
5,L,1500,1500,170,0,0
5,L,1500,1500,171,0,0
5,L,1500,1500,172,0,0
5,L,1500,1500,173,0,0
5,L,1500,1500,174,0,0
5,L,1500,1500,175,0,0
5,L,1500,1500,176,0,0
5,L,1500,1500,177,0,0
5,L,1500,1500,178,0,0
5,L,1500,1500,179,0,0
5,L,1500,1500,180,0,0
5,L,1500,1500,181,0,0
5,L,1500,1500,182,0,0
5,L,1500,1500,183,0,0
5,L,1500,1500,184,0,0
5,L,1500,1500,185,0,0
5,L,1500,1500,186,0,0
5,L,1500,1500,187,0,0
5,L,1500,1500,188,0,0
5,L,1500,1500,189,0,0
5,L,1500,1500,190,0,0
5,L,1500,1500,191,0,0
5,L,1500,1500,192,0,0
5,L,1500,1500,193,0,0
5,L,1500,1500,194,0,0
5,L,1500,1500,195,0,0
5,L,1500,1500,196,0,0
5,L,1500,1500,197,0,0
5,L,1500,1500,198,0,0
5,L,1500,1500,199,0,0
5,L,1500,1500,200,0,0
5,L,1500,1500,201,0,0
5,L,1500,1500,202,0,0
5,L,1500,1500,203,0,0
5,L,1500,1500,204,0,0
5,L,1500,1500,205,0,0
5,L,1500,1500,206,0,0
5,L,1500,1500,207,0,0
5,L,1500,1500,208,0,0
5,L,1500,1500,209,0,0
5,L,1500,1500,210,0,0
5,L,1500,1500,211,0,0
5,L,1500,1500,212,0,0
5,L,1500,1500,213,0,0
5,L,1500,1500,214,0,0
5,L,1500,1500,215,0,0
5,L,1500,1500,216,0,0
5,L,1500,1500,217,0,0
5,L,1500,1500,218,0,0
5,L,1500,1500,219,0,0
5,L,1500,1500,220,0,0
5,L,1500,1500,221,0,0
5,L,1500,1500,222,0,0
5,L,1500,1500,223,0,0
5,L,1500,1500,224,0,0
5,L,1500,1500,225,0,0
5,L,1500,1500,226,0,0
5,L,1500,1500,227,0,0
5,L,1500,1500,228,0,0
5,L,1500,1500,229,0,0
5,L,1500,1500,230,0,0
5,L,1500,1500,231,0,0
5,L,1500,1500,232,0,0
5,L,1500,1500,233,0,0
5,L,1500,1500,234,0,0
5,L,1500,1500,235,0,0
5,L,1500,1500,236,0,0
5,L,1500,1500,237,0,0
5,L,1500,1500,238,0,0
5,L,1500,1500,239,0,0
5,L,1500,1500,240,0,0
5,L,1500,1500,241,0,0
5,L,1500,1500,242,0,0
5,L,1500,1500,243,0,0
5,L,1500,1500,244,0,0
5,L,1500,1500,245,0,0
5,L,1500,1500,246,0,0
5,L,1500,1500,247,0,0
5,L,1500,1500,248,0,0
5,L,1500,1500,249,0,0
5,L,1500,1500,250,0,0
5,L,1500,1500,251,0,0
5,L,1500,1500,252,0,0
5,L,1500,1500,253,0,0
5,L,1500,1500,254,0,0
5,L,1500,1500,255,0,0
5,L,1500,1500,256,0,0
5,L,1500,1500,257,0,0
5,L,1500,1500,258,0,0
5,L,1500,1500,259,0,0
5,L,1500,1500,260,0,0
5,L,1500,1500,261,0,0
5,L,1500,1500,262,0,0
5,L,1500,1500,263,0,0
5,L,1500,1500,264,0,0
5,L,1500,1500,265,0,0
5,L,1500,1500,266,0,0
5,L,1500,1500,267,0,0
5,L,1500,1500,268,0,0
5,L,1500,1500,269,0,0
5,L,1500,1500,270,0,0
5,L,1500,1500,271,0,0
5,L,1500,1500,272,0,0
5,L,1500,1500,273,0,0
5,L,1500,1500,274,0,0
5,L,1500,1500,275,0,0
5,L,1500,1500,276,0,0
5,L,1500,1500,277,0,0
5,L,1500,1500,278,0,0
5,L,1500,1500,279,0,0
5,L,1500,1500,280,0,0
5,L,1500,1500,281,0,0
5,L,1500,1500,282,0,0
5,L,1500,1500,283,0,0
5,L,1500,1500,284,0,0
5,L,1500,1500,285,0,0
5,L,1500,1500,286,0,0
5,L,1500,1500,287,0,0
5,L,1500,1500,288,0,0
5,L,1500,1500,289,0,0
5,L,1500,1500,290,0,0
5,L,1500,1500,291,0,0
5,L,1500,1500,292,0,0
5,L,1500,1500,293,0,0
5,L,1500,1500,294,0,0
5,L,1500,1500,295,0,0
5,L,1500,1500,296,0,0
5,L,1500,1500,297,0,0
5,L,1500,1500,298,0,0
5,L,1500,1500,299,0,0
5,L,1500,1500,300,0,0
5,L,1500,1500,301,0,0
5,L,1500,1500,302,0,0
5,L,1500,1500,303,0,0
5,L,1500,1500,304,0,0
5,L,1500,1500,305,0,0
5,L,1500,1500,306,0,0
5,L,1500,1500,307,0,0
5,L,1500,1500,308,0,0
5,L,1500,1500,309,0,0
5,L,1500,1500,310,0,0
5,L,1500,1500,311,0,0
5,L,1500,1500,312,0,0
5,L,1500,1500,313,0,0
5,L,1500,1500,314,0,0
5,L,1500,1500,315,0,0
5,L,1500,1500,316,0,0
5,L,1500,1500,317,0,0
5,L,1500,1500,318,0,0
5,L,1500,1500,319,0,0
5,L,1500,1500,320,0,0
5,L,1500,1500,321,0,0
5,L,1500,1500,322,0,0
5,L,1500,1500,323,0,0
5,L,1500,1500,324,0,0
5,L,1500,1500,325,0,0
5,L,1500,1500,326,0,0
5,L,1500,1500,327,0,0
5,L,1500,1500,328,0,0
5,L,1500,1500,329,0,0
5,L,1500,1500,330,0,0
5,L,1500,1500,331,0,0
5,L,1500,1500,332,0,0
5,L,1500,1500,333,0,0
5,L,1500,1500,334,0,0
5,L,1500,1500,335,0,0
5,L,1500,1500,336,0,0
5,L,1500,1500,337,0,0
5,L,1500,1500,338,0,0
5,L,1500,1500,339,0,0
5,L,1500,1500,340,0,0
5,L,1500,1500,341,0,0
5,L,1500,1500,342,0,0
5,L,1500,1500,343,0,0
5,L,1500,1500,344,0,0
5,L,1500,1500,345,0,0
5,L,1500,1500,346,0,0
5,L,1500,1500,347,0,0
5,L,1500,1500,348,0,0
5,L,1500,1500,349,0,0
5,L,1500,1500,350,0,0
5,L,1500,1500,351,0,0
5,L,1500,1500,352,0,0
5,L,1500,1500,353,0,0
5,L,1500,1500,354,0,0
5,L,1500,1500,355,0,0
5,L,1500,1500,356,0,0
5,L,1500,1500,357,0,0
5,L,1500,1500,358,0,0
5,L,1500,1500,359,0,0
5,L,1500,1500,360,0,0
5,L,1500,1500,361,0,0
5,L,1500,1500,362,0,0
5,L,1500,1500,363,0,0
5,L,1500,1500,364,0,0
5,L,1500,1500,365,0,0
5,L,1500,1500,366,0,0
5,L,1500,1500,367,0,0
5,L,1500,1500,368,0,0
5,L,1500,1500,369,0,0
5,L,1500,1500,370,0,0
5,L,1500,1500,371,0,0
5,L,1500,1500,372,0,0
5,L,1500,1500,373,0,0
5,L,1500,1500,374,0,0
5,L,1500,1500,375,0,0
5,L,1500,1500,376,0,0
5,L,1500,1500,377,0,0
5,L,1500,1500,378,0,0
5,L,1500,1500,379,0,0
5,L,1500,1500,380,0,0
5,L,1500,1500,381,0,0
5,L,1500,1500,382,0,0
5,L,1500,1500,383,0,0
5,L,1500,1500,384,0,0
5,L,1500,1500,385,0,0
5,L,1500,1500,386,0,0
5,L,1500,1500,387,0,0
5,L,1500,1500,388,0,0
5,L,1500,1500,389,0,0
5,L,1500,1500,390,0,0
5,L,1500,1500,391,0,0
5,L,1500,1500,392,0,0
5,L,1500,1500,393,0,0
5,L,1500,1500,394,0,0
5,L,1500,1500,395,0,0
5,L,1500,1500,396,0,0
5,L,1500,1500,397,0,0
5,L,1500,1500,398,0,0
5,L,1500,1500,399,0,0
5,L,1500,1500,400,0,0
5,L,1500,1500,401,0,0
5,L,1500,1500,402,0,0
5,L,1500,1500,403,0,0
5,L,1500,1500,404,0,0
5,L,1500,1500,405,-1,0
5,L,1500,1500,406,0,0
5,L,1500,1500,407,0,0
5,L,1500,1500,408,0,0
5,L,1500,1500,409,0,0
5,L,1500,1500,410,0,0
5,L,1500,1500,411,0,0
5,L,1500,1500,412,0,0
5,L,1500,1500,413,0,0
5,L,1500,1500,414,0,0
5,L,1500,1500,415,0,0
5,L,1500,1500,416,0,0
5,L,1500,1500,417,0,0
5,L,1500,1500,418,0,0
5,L,1500,1500,419,0,0
5,L,1500,1500,420,0,0
5,L,1500,1500,421,0,0
5,L,1500,1500,422,0,0
5,L,1500,1500,423,0,0
5,L,1500,1500,424,0,0
5,L,1500,1500,425,0,0
5,L,1500,1500,426,0,0
5,L,1500,1500,427,0,0
5,L,1500,1500,428,0,0
5,L,1500,1500,429,0,0
5,L,1500,1500,430,0,0
5,L,1500,1500,431,0,0
5,L,1500,1500,432,0,0
5,L,1500,1500,433,0,0
5,L,1500,1500,434,0,0
5,L,1500,1500,435,0,0
5,L,1500,1500,436,0,0
5,L,1500,1500,437,0,0
5,L,1500,1500,438,0,0
5,L,1500,1500,439,0,0
5,L,1500,1500,440,0,0
5,L,1500,1500,441,0,0
5,L,1500,1500,442,0,0
5,L,1500,1500,443,0,0
5,L,1500,1500,444,0,0
5,L,1500,1500,445,0,0
5,L,1500,1500,446,0,0
5,L,1500,1500,447,0,0
5,L,1500,1500,448,0,0
5,L,1500,1500,449,0,0
5,L,1500,1500,450,0,0
5,L,1500,1500,451,0,0
5,L,1500,1500,452,0,0
5,L,1500,1500,453,0,0
5,L,1500,1500,454,0,0
5,L,1500,1500,455,0,0
5,L,1500,1500,456,0,0
5,L,1500,1500,457,0,0
5,L,1500,1500,458,0,0
5,L,1500,1500,459,0,0
5,L,1500,1500,460,0,0
5,L,1500,1500,461,0,0
5,L,1500,1500,462,0,0
5,L,1500,1500,463,0,0
5,L,1500,1500,464,0,0
5,L,1500,1500,465,0,0
5,L,1500,1500,466,0,0
5,L,1500,1500,467,0,0
5,L,1500,1500,468,0,0
5,L,1500,1500,469,0,0
5,L,1500,1500,470,0,0
5,L,1500,1500,471,0,0
5,L,1500,1500,472,0,0
5,L,1500,1500,473,0,0
5,L,1500,1500,474,0,0
5,L,1500,1500,475,0,0
5,L,1500,1500,476,0,0
5,L,1500,1500,477,0,0
5,L,1500,1500,478,0,0
5,L,1500,1500,479,0,0
5,L,1500,1500,480,0,0
5,L,1500,1500,481,0,0
5,L,1500,1500,482,0,0
5,L,1500,1500,483,0,0
5,L,1500,1500,484,0,0
5,L,1500,1500,485,0,0
5,L,1500,1500,486,0,0
5,L,1500,1500,487,0,0
5,L,1500,1500,488,0,0
5,L,1500,1500,489,0,0
5,L,1500,1500,490,0,0
5,L,1500,1500,491,0,0
5,L,1500,1500,492,0,0
5,L,1500,1500,493,0,0
5,L,1500,1500,494,0,0
5,L,1500,1500,495,0,0
5,L,1500,1500,496,0,0
5,L,1500,1500,497,0,0
5,L,1500,1500,498,0,0
5,L,1500,1500,499,0,0
6,L,1520,1520,0,0,0
6,L,1520,1520,1,0,0
6,L,1520,1520,2,0,0
6,L,1520,1520,3,0,0
6,L,1520,1520,4,0,0
6,L,1520,1520,5,0,0
6,L,1520,1520,6,1,0
6,L,1520,1520,7,0,0
6,L,1520,1520,8,0,0
6,L,1520,1520,9,0,0
6,L,1520,1520,10,0,0
6,L,1520,1520,11,0,0
6,L,1520,1520,12,0,0
6,L,1520,1520,13,0,0
6,L,1520,1520,14,0,0
6,L,1520,1520,15,0,0
6,L,1520,1520,16,0,0
6,L,1520,1520,17,1,0
6,L,1520,1520,18,0,0
6,L,1520,1520,19,0,0
6,L,1520,1520,20,0,0
6,L,1520,1520,21,0,0
6,L,1520,1520,22,0,0
6,L,1520,1520,23,1,0
6,L,1520,1520,24,1,0
6,L,1520,1520,25,0,0
6,L,1520,1520,26,0,0
6,L,1520,1520,27,1,0
6,L,1520,1520,28,0,0
6,L,1520,1520,29,1,0
6,L,1520,1520,30,0,0
6,L,1520,1520,31,1,0
6,L,1520,1520,32,1,0
6,L,1520,1520,33,0,0
6,L,1520,1520,34,1,0
6,L,1520,1520,35,0,0
6,L,1520,1520,36,1,0
6,L,1520,1520,37,1,0
6,L,1520,1520,38,1,0
6,L,1520,1520,39,1,0
6,L,1520,1520,40,0,0
6,L,1520,1520,41,1,0
6,L,1520,1520,42,2,0
6,L,1520,1520,43,1,0
6,L,1520,1520,44,0,0
6,L,1520,1520,45,1,0
6,L,1520,1520,46,2,0
6,L,1520,1520,47,1,0
6,L,1520,1520,48,1,0
6,L,1520,1520,49,1,0
6,L,1520,1520,50,1,0
6,L,1520,1520,51,1,0
6,L,1520,1520,52,1,0
6,L,1520,1520,53,2,0
6,L,1520,1520,54,1,0
6,L,1520,1520,55,1,0
6,L,1520,1520,56,2,0
6,L,1520,1520,57,1,0
6,L,1520,1520,58,1,0
6,L,1520,1520,59,2,0
6,L,1520,1520,60,1,0
6,L,1520,1520,61,1,0
6,L,1520,1520,62,2,0
6,L,1520,1520,63,1,0
6,L,1520,1520,64,2,0
6,L,1520,1520,65,2,0
6,L,1520,1520,66,1,0
6,L,1520,1520,67,2,0
6,L,1520,1520,68,1,0
6,L,1520,1520,69,1,0
6,L,1520,1520,70,2,0
6,L,1520,1520,71,1,0
6,L,1520,1520,72,2,0
6,L,1520,1520,73,2,0
6,L,1520,1520,74,1,0
6,L,1520,1520,75,2,0
6,L,1520,1520,76,1,0
6,L,1520,1520,77,2,0
6,L,1520,1520,78,2,0
6,L,1520,1520,79,1,0
6,L,1520,1520,80,2,0
6,L,1520,1520,81,2,0
6,L,1520,1520,82,2,0
6,L,1520,1520,83,1,0
6,L,1520,1520,84,2,0
6,L,1520,1520,85,2,0
6,L,1520,1520,86,1,0
6,L,1520,1520,87,3,0
6,L,1520,1520,88,1,0
6,L,1520,1520,89,2,0
6,L,1520,1520,90,2,0
6,L,1520,1520,91,2,0
6,L,1520,1520,92,1,0
6,L,1520,1520,93,3,0
6,L,1520,1520,94,1,0
6,L,1520,1520,95,2,0
6,L,1520,1520,96,2,0
6,L,1520,1520,97,1,0
6,L,1520,1520,98,3,0
6,L,1520,1520,99,1,0
6,L,1520,1520,100,2,0
6,L,1520,1520,101,2,0
6,L,1520,1520,102,2,0
6,L,1520,1520,103,2,0
6,L,1520,1520,104,2,0
6,L,1520,1520,105,2,0
6,L,1520,1520,106,2,0
6,L,1520,1520,107,1,0
6,L,1520,1520,108,3,0
6,L,1520,1520,109,1,0
6,L,1520,1520,110,3,0
6,L,1520,1520,111,1,0
6,L,1520,1520,112,3,0
6,L,1520,1520,113,1,0
6,L,1520,1520,114,3,0
6,L,1520,1520,115,1,0
6,L,1520,1520,116,3,0
6,L,1520,1520,117,1,0
6,L,1520,1520,118,3,0
6,L,1520,1520,119,1,0
6,L,1520,1520,120,3,0
6,L,1520,1520,121,1,0
6,L,1520,1520,122,3,0
6,L,1520,1520,123,1,0
6,L,1520,1520,124,3,0
6,L,1520,1520,125,1,0
6,L,1520,1520,126,3,0
6,L,1520,1520,127,1,0
6,L,1520,1520,128,3,0
6,L,1520,1520,129,2,0
6,L,1520,1520,130,2,0
6,L,1520,1520,131,2,0
6,L,1520,1520,132,2,0
6,L,1520,1520,133,2,0
6,L,1520,1520,134,2,0
6,L,1520,1520,135,2,0
6,L,1520,1520,136,3,0
6,L,1520,1520,137,1,0
6,L,1520,1520,138,3,0
6,L,1520,1520,139,1,0
6,L,1520,1520,140,3,0
6,L,1520,1520,141,1,0
6,L,1520,1520,142,3,0
6,L,1520,1520,143,2,0
6,L,1520,1520,144,2,0
6,L,1520,1520,145,3,0
6,L,1520,1520,146,1,0
6,L,1520,1520,147,3,0
6,L,1520,1520,148,1,0
6,L,1520,1520,149,3,0
6,L,1520,1520,150,2,0
6,L,1520,1520,151,2,0
6,L,1520,1520,152,2,0
6,L,1520,1520,153,3,0
6,L,1520,1520,154,1,0
6,L,1520,1520,155,3,0
6,L,1520,1520,156,2,0
6,L,1520,1520,157,2,0
6,L,1520,1520,158,3,0
6,L,1520,1520,159,1,0
6,L,1520,1520,160,3,0
6,L,1520,1520,161,2,0
6,L,1520,1520,162,2,0
6,L,1520,1520,163,2,0
6,L,1520,1520,164,2,0
6,L,1520,1520,165,2,0
6,L,1520,1520,166,3,0
6,L,1520,1520,167,1,0
6,L,1520,1520,168,3,0
6,L,1520,1520,169,2,0
6,L,1520,1520,170,2,0
6,L,1520,1520,171,3,0
6,L,1520,1520,172,2,0
6,L,1520,1520,173,2,0
6,L,1520,1520,174,2,0
6,L,1520,1520,175,3,0
6,L,1520,1520,176,1,0
6,L,1520,1520,177,3,0
6,L,1520,1520,178,2,0
6,L,1520,1520,179,2,0
6,L,1520,1520,180,3,0
6,L,1520,1520,181,2,0
6,L,1520,1520,182,2,0
6,L,1520,1520,183,2,0
6,L,1520,1520,184,2,0
6,L,1520,1520,185,2,0
6,L,1520,1520,186,3,0
6,L,1520,1520,187,2,0
6,L,1520,1520,188,2,0
6,L,1520,1520,189,3,0
6,L,1520,1520,190,1,0
6,L,1520,1520,191,3,0
6,L,1520,1520,192,2,0
6,L,1520,1520,193,3,0
6,L,1520,1520,194,1,0
6,L,1520,1520,195,3,0
6,L,1520,1520,196,3,0
6,L,1520,1520,197,1,0
6,L,1520,1520,198,3,0
6,L,1520,1520,199,2,0
6,L,1520,1520,200,2,0
6,L,1520,1520,201,2,0
6,L,1520,1520,202,3,0
6,L,1520,1520,203,2,0
6,L,1520,1520,204,2,0
6,L,1520,1520,205,3,0
6,L,1520,1520,206,1,0
6,L,1520,1520,207,3,0
6,L,1520,1520,208,2,0
6,L,1520,1520,209,2,0
6,L,1520,1520,210,2,0
6,L,1520,1520,211,3,0
6,L,1520,1520,212,2,0
6,L,1520,1520,213,2,0
6,L,1520,1520,214,3,0
6,L,1520,1520,215,2,0
6,L,1520,1520,216,3,0
6,L,1520,1520,217,1,0
6,L,1520,1520,218,3,0
6,L,1520,1520,219,3,0
6,L,1520,1520,220,1,0
6,L,1520,1520,221,3,0
6,L,1520,1520,222,2,0
6,L,1520,1520,223,2,0
6,L,1520,1520,224,2,0
6,L,1520,1520,225,3,0
6,L,1520,1520,226,2,0
6,L,1520,1520,227,2,0
6,L,1520,1520,228,3,0
6,L,1520,1520,229,2,0
6,L,1520,1520,230,2,0
6,L,1520,1520,231,2,0
6,L,1520,1520,232,3,0
6,L,1520,1520,233,2,0
6,L,1520,1520,234,2,0
6,L,1520,1520,235,3,0
6,L,1520,1520,236,2,0
6,L,1520,1520,237,2,0
6,L,1520,1520,238,2,0
6,L,1520,1520,239,3,0
6,L,1520,1520,240,1,0
6,L,1520,1520,241,3,0
6,L,1520,1520,242,3,0
6,L,1520,1520,243,1,0
6,L,1520,1520,244,3,0
6,L,1520,1520,245,2,0
6,L,1520,1520,246,3,0
6,L,1520,1520,247,1,0
6,L,1520,1520,248,3,0
6,L,1520,1520,249,3,0
6,L,1520,1520,250,1,0
6,L,1520,1520,251,3,0
6,L,1520,1520,252,2,0
6,L,1520,1520,253,3,0
6,L,1520,1520,254,1,0
6,L,1520,1520,255,3,0
6,L,1520,1520,256,3,0
6,L,1520,1520,257,1,0
6,L,1520,1520,258,3,0
6,L,1520,1520,259,2,0
6,L,1520,1520,260,2,0
6,L,1520,1520,261,2,0
6,L,1520,1520,262,3,0
6,L,1520,1520,263,3,0
6,L,1520,1520,264,1,0
6,L,1520,1520,265,3,0
6,L,1520,1520,266,2,0
6,L,1520,1520,267,2,0
6,L,1520,1520,268,2,0
6,L,1520,1520,269,3,0
6,L,1520,1520,270,2,0
6,L,1520,1520,271,2,0
6,L,1520,1520,272,3,0
6,L,1520,1520,273,2,0
6,L,1520,1520,274,3,0
6,L,1520,1520,275,1,0
6,L,1520,1520,276,3,0
6,L,1520,1520,277,3,0
6,L,1520,1520,278,1,0
6,L,1520,1520,279,3,0
6,L,1520,1520,280,2,0
6,L,1520,1520,281,2,0
6,L,1520,1520,282,2,0
6,L,1520,1520,283,3,0
6,L,1520,1520,284,3,0
6,L,1520,1520,285,1,0
6,L,1520,1520,286,3,0
6,L,1520,1520,287,2,0
6,L,1520,1520,288,3,0
6,L,1520,1520,289,1,0
6,L,1520,1520,290,3,0
6,L,1520,1520,291,3,0
6,L,1520,1520,292,2,0
6,L,1520,1520,293,2,0
6,L,1520,1520,294,2,0
6,L,1520,1520,295,3,0
6,L,1520,1520,296,2,0
6,L,1520,1520,297,2,0
6,L,1520,1520,298,3,0
6,L,1520,1520,299,2,0
6,L,1520,1520,300,2,0
6,L,1520,1520,301,2,0
6,L,1520,1520,302,3,0
6,L,1520,1520,303,2,0
6,L,1520,1520,304,2,0
6,L,1520,1520,305,3,0
6,L,1520,1520,306,2,0
6,L,1520,1520,307,3,0
6,L,1520,1520,308,1,0
6,L,1520,1520,309,3,0
6,L,1520,1520,310,3,0
6,L,1520,1520,311,1,0
6,L,1520,1520,312,3,0
6,L,1520,1520,313,2,0
6,L,1520,1520,314,3,0
6,L,1520,1520,315,2,0
6,L,1520,1520,316,2,0
6,L,1520,1520,317,3,0
6,L,1520,1520,318,2,0
6,L,1520,1520,319,2,0
6,L,1520,1520,320,2,0
6,L,1520,1520,321,3,0
6,L,1520,1520,322,2,0
6,L,1520,1520,323,2,0
6,L,1520,1520,324,3,0
6,L,1520,1520,325,2,0
6,L,1520,1520,326,3,0
6,L,1520,1520,327,1,0
6,L,1520,1520,328,3,0
6,L,1520,1520,329,3,0
6,L,1520,1520,330,2,0
6,L,1520,1520,331,2,0
6,L,1520,1520,332,2,0
6,L,1520,1520,333,3,0
6,L,1520,1520,334,3,0
6,L,1520,1520,335,1,0
6,L,1520,1520,336,3,0
6,L,1520,1520,337,2,0
6,L,1520,1520,338,2,0
6,L,1520,1520,339,2,0
6,L,1520,1520,340,3,0
6,L,1520,1520,341,3,0
6,L,1520,1520,342,2,0
6,L,1520,1520,343,2,0
6,L,1520,1520,344,2,0
6,L,1520,1520,345,3,0
6,L,1520,1520,346,2,0
6,L,1520,1520,347,2,0
6,L,1520,1520,348,3,0
6,L,1520,1520,349,2,0
6,L,1520,1520,350,3,0
6,L,1520,1520,351,2,0
6,L,1520,1520,352,2,0
6,L,1520,1520,353,3,0
6,L,1520,1520,354,2,0
6,L,1520,1520,355,2,0
6,L,1520,1520,356,2,0
6,L,1520,1520,357,3,0
6,L,1520,1520,358,3,0
6,L,1520,1520,359,2,0
6,L,1520,1520,360,2,0
6,L,1520,1520,361,2,0
6,L,1520,1520,362,3,0
6,L,1520,1520,363,3,0
6,L,1520,1520,364,1,0
6,L,1520,1520,365,3,0
6,L,1520,1520,366,2,0
6,L,1520,1520,367,3,0
6,L,1520,1520,368,2,0
6,L,1520,1520,369,2,0
6,L,1520,1520,370,3,0
6,L,1520,1520,371,2,0
6,L,1520,1520,372,3,0
6,L,1520,1520,373,2,0
6,L,1520,1520,374,2,0
6,L,1520,1520,375,3,0
6,L,1520,1520,376,2,0
6,L,1520,1520,377,3,0
6,L,1520,1520,378,1,0
6,L,1520,1520,379,3,0
6,L,1520,1520,380,3,0
6,L,1520,1520,381,2,0
6,L,1520,1520,382,3,0
6,L,1520,1520,383,1,0
6,L,1520,1520,384,3,0
6,L,1520,1520,385,3,0
6,L,1520,1520,386,2,0
6,L,1520,1520,387,3,0
6,L,1520,1520,388,2,0
6,L,1520,1520,389,2,0
6,L,1520,1520,390,3,0
6,L,1520,1520,391,2,0
6,L,1520,1520,392,2,0
6,L,1520,1520,393,2,0
6,L,1520,1520,394,3,0
6,L,1520,1520,395,3,0
6,L,1520,1520,396,2,0
6,L,1520,1520,397,2,0
6,L,1520,1520,398,2,0
6,L,1520,1520,399,3,0
6,L,1520,1520,400,3,0
6,L,1520,1520,401,2,0
6,L,1520,1520,402,2,0
6,L,1520,1520,403,2,0
6,L,1520,1520,404,3,0
6,L,1520,1520,405,2,0
6,L,1520,1520,406,2,0
6,L,1520,1520,407,3,0
6,L,1520,1520,408,1,0
6,L,1520,1520,409,3,0
6,L,1520,1520,410,1,0
6,L,1520,1520,411,1,0
6,L,1520,1520,412,3,0
6,L,1520,1520,413,1,0
6,L,1520,1520,414,2,0
6,L,1520,1520,415,1,0
6,L,1520,1520,416,2,0
6,L,1520,1520,417,2,0
6,L,1520,1520,418,1,0
6,L,1520,1520,419,2,0
6,L,1520,1520,420,1,0
6,L,1520,1520,421,1,0
6,L,1520,1520,422,1,0
6,L,1520,1520,423,1,0
6,L,1520,1520,424,1,0
6,L,1520,1520,425,1,0
6,L,1520,1520,426,2,0
6,L,1520,1520,427,0,0
6,L,1520,1520,428,1,0
6,L,1520,1520,429,0,0
6,L,1520,1520,430,1,0
6,L,1520,1520,431,1,0
6,L,1520,1520,432,1,0
6,L,1520,1520,433,1,0
6,L,1520,1520,434,0,0
6,L,1520,1520,435,0,0
6,L,1520,1520,436,1,0
6,L,1520,1520,437,0,0
6,L,1520,1520,438,0,0
6,L,1520,1520,439,1,0
6,L,1520,1520,440,0,0
6,L,1520,1520,441,1,0
6,L,1520,1520,442,0,0
6,L,1520,1520,443,0,0
6,L,1520,1520,444,0,0
6,L,1520,1520,445,0,0
6,L,1520,1520,446,0,0
6,L,1520,1520,447,0,0
6,L,1520,1520,448,0,0
6,L,1520,1520,449,0,0
6,L,1520,1520,450,0,0
6,L,1520,1520,451,0,0
6,L,1520,1520,452,0,0
6,L,1520,1520,453,0,0
6,L,1520,1520,454,0,0
6,L,1520,1520,455,0,0
6,L,1520,1520,456,0,0
6,L,1520,1520,457,0,0
6,L,1520,1520,458,0,0
6,L,1520,1520,459,0,0
6,L,1520,1520,460,0,0
6,L,1520,1520,461,0,0
6,L,1520,1520,462,0,0
6,L,1520,1520,463,0,0
6,L,1520,1520,464,0,0
6,L,1520,1520,465,0,0
6,L,1520,1520,466,0,0
6,L,1520,1520,467,0,0
6,L,1520,1520,468,0,0
6,L,1520,1520,469,0,0
6,L,1520,1520,470,0,0
6,L,1520,1520,471,0,0
6,L,1520,1520,472,0,0
6,L,1520,1520,473,0,0
6,L,1520,1520,474,0,0
6,L,1520,1520,475,0,0
6,L,1520,1520,476,0,0
6,L,1520,1520,477,0,0
6,L,1520,1520,478,0,0
6,L,1520,1520,479,0,0
6,L,1520,1520,480,0,0
6,L,1520,1520,481,0,0
6,L,1520,1520,482,0,0
6,L,1520,1520,483,0,0
6,L,1520,1520,484,0,0
6,L,1520,1520,485,0,0
6,L,1520,1520,486,0,0
6,L,1520,1520,487,0,0
6,L,1520,1520,488,0,0
6,L,1520,1520,489,0,0
6,L,1520,1520,490,0,0
6,L,1520,1520,491,0,0
6,L,1520,1520,492,0,0
6,L,1520,1520,493,0,0
6,L,1520,1520,494,0,0
6,L,1520,1520,495,0,0
6,L,1520,1520,496,0,0
6,L,1520,1520,497,0,0
6,L,1520,1520,498,0,0
6,L,1520,1520,499,0,0
7,L,1800,1420,0,0,0
7,L,1800,1420,1,0,0
7,L,1800,1420,2,0,0
7,L,1800,1420,3,1,0
7,L,1800,1420,4,1,0
7,L,1800,1420,5,2,0
7,L,1800,1420,6,2,0
7,L,1800,1420,7,3,0
7,L,1800,1420,8,3,0
7,L,1800,1420,9,2,0
7,L,1800,1420,10,3,0
7,L,1800,1420,11,4,0
7,L,1800,1420,12,4,0
7,L,1800,1420,13,4,0
7,L,1800,1420,14,4,0
7,L,1800,1420,15,4,0
7,L,1800,1420,16,5,0
7,L,1800,1420,17,6,0
7,L,1800,1420,18,4,0
7,L,1800,1420,19,5,0
7,L,1800,1420,20,5,0
7,L,1800,1420,21,6,0
7,L,1800,1420,22,6,0
7,L,1800,1420,23,6,0
7,L,1800,1420,24,6,0
7,L,1800,1420,25,6,0
7,L,1800,1420,26,6,0
7,L,1800,1420,27,6,0
7,L,1800,1420,28,6,0
7,L,1800,1420,29,7,0
7,L,1800,1420,30,7,0
7,L,1800,1420,31,6,0
7,L,1800,1420,32,7,0
7,L,1800,1420,33,7,0
7,L,1800,1420,34,8,0
7,L,1800,1420,35,6,0
7,L,1800,1420,36,7,0
7,L,1800,1420,37,8,0
7,L,1800,1420,38,7,0
7,L,1800,1420,39,8,0
7,L,1800,1420,40,6,0
7,L,1800,1420,41,8,0
7,L,1800,1420,42,8,0
7,L,1800,1420,43,7,0
7,L,1800,1420,44,8,0
7,L,1800,1420,45,8,0
7,L,1800,1420,46,8,0
7,L,1800,1420,47,8,0
7,L,1800,1420,48,8,0
7,L,1800,1420,49,8,0
7,L,1800,1420,50,8,0
7,L,1800,1420,51,8,0
7,L,1800,1420,52,8,0
7,L,1800,1420,53,8,0
7,L,1800,1420,54,8,0
7,L,1800,1420,55,8,0
7,L,1800,1420,56,8,0
7,L,1800,1420,57,9,0
7,L,1800,1420,58,8,0
7,L,1800,1420,59,8,0
7,L,1800,1420,60,10,0
7,L,1800,1420,61,8,0
7,L,1800,1420,62,8,0
7,L,1800,1420,63,8,0
7,L,1800,1420,64,9,0
7,L,1800,1420,65,8,0
7,L,1800,1420,66,9,0
7,L,1800,1420,67,8,0
7,L,1800,1420,68,10,0
7,L,1800,1420,69,8,0
7,L,1800,1420,70,9,0
7,L,1800,1420,71,8,0
7,L,1800,1420,72,9,0
7,L,1800,1420,73,9,0
7,L,1800,1420,74,9,0
7,L,1800,1420,75,9,0
7,L,1800,1420,76,8,0
7,L,1800,1420,77,9,0
7,L,1800,1420,78,9,0
7,L,1800,1420,79,9,0
7,L,1800,1420,80,9,0
7,L,1800,1420,81,9,0
7,L,1800,1420,82,8,0
7,L,1800,1420,83,10,0
7,L,1800,1420,84,9,0
7,L,1800,1420,85,9,0
7,L,1800,1420,86,8,0
7,L,1800,1420,87,10,0
7,L,1800,1420,88,9,0
7,L,1800,1420,89,9,0
7,L,1800,1420,90,9,0
7,L,1800,1420,91,9,0
7,L,1800,1420,92,9,0
7,L,1800,1420,93,9,0
7,L,1800,1420,94,10,0
7,L,1800,1420,95,9,0
7,L,1800,1420,96,8,0
7,L,1800,1420,97,9,0
7,L,1800,1420,98,10,0
7,L,1800,1420,99,9,0
7,L,1800,1420,100,9,0
7,L,1800,1420,101,10,0
7,L,1800,1420,102,9,0
7,L,1800,1420,103,8,0
7,L,1800,1420,104,10,0
7,L,1800,1420,105,9,0
7,L,1800,1420,106,9,0
7,L,1800,1420,107,9,0
7,L,1800,1420,108,10,0
7,L,1800,1420,109,9,0
7,L,1800,1420,110,9,0
7,L,1800,1420,111,10,0
7,L,1800,1420,112,9,0
7,L,1800,1420,113,9,0
7,L,1800,1420,114,10,0
7,L,1800,1420,115,9,0
7,L,1800,1420,116,9,0
7,L,1800,1420,117,10,0
7,L,1800,1420,118,9,0
7,L,1800,1420,119,9,0
7,L,1800,1420,120,10,0
7,L,1800,1420,121,9,0
7,L,1800,1420,122,9,0
7,L,1800,1420,123,10,0
7,L,1800,1420,124,9,0
7,L,1800,1420,125,9,0
7,L,1800,1420,126,10,0
7,L,1800,1420,127,9,0
7,L,1800,1420,128,9,0
7,L,1800,1420,129,10,0
7,L,1800,1420,130,9,0
7,L,1800,1420,131,9,0
7,L,1800,1420,132,10,0
7,L,1800,1420,133,9,0
7,L,1800,1420,134,9,0
7,L,1800,1420,135,10,0
7,L,1800,1420,136,9,0
7,L,1800,1420,137,10,0
7,L,1800,1420,138,10,0
7,L,1800,1420,139,9,0
7,L,1800,1420,140,10,0
7,L,1800,1420,141,9,0
7,L,1800,1420,142,9,0
7,L,1800,1420,143,10,0
7,L,1800,1420,144,9,0
7,L,1800,1420,145,9,0
7,L,1800,1420,146,10,0
7,L,1800,1420,147,9,0
7,L,1800,1420,148,10,0
7,L,1800,1420,149,10,0
7,L,1800,1420,150,9,0
7,L,1800,1420,151,10,0
7,L,1800,1420,152,9,0
7,L,1800,1420,153,9,0
7,L,1800,1420,154,10,0
7,L,1800,1420,155,9,0
7,L,1800,1420,156,10,0
7,L,1800,1420,157,10,0
7,L,1800,1420,158,9,0
7,L,1800,1420,159,10,0
7,L,1800,1420,160,9,0
7,L,1800,1420,161,9,0
7,L,1800,1420,162,10,0
7,L,1800,1420,163,9,0
7,L,1800,1420,164,10,0
7,L,1800,1420,165,10,0
7,L,1800,1420,166,9,0
7,L,1800,1420,167,10,0
7,L,1800,1420,168,9,0
7,L,1800,1420,169,9,0
7,L,1800,1420,170,10,0
7,L,1800,1420,171,10,0
7,L,1800,1420,172,10,0
7,L,1800,1420,173,9,0
7,L,1800,1420,174,9,0
7,L,1800,1420,175,10,0
7,L,1800,1420,176,9,0
7,L,1800,1420,177,10,0
7,L,1800,1420,178,10,0
7,L,1800,1420,179,9,0
7,L,1800,1420,180,10,0
7,L,1800,1420,181,9,0
7,L,1800,1420,182,11,0
7,L,1800,1420,183,9,0
7,L,1800,1420,184,9,0
7,L,1800,1420,185,10,0
7,L,1800,1420,186,9,0
7,L,1800,1420,187,10,0
7,L,1800,1420,188,10,0
7,L,1800,1420,189,9,0
7,L,1800,1420,190,10,0
7,L,1800,1420,191,9,0
7,L,1800,1420,192,10,0
7,L,1800,1420,193,10,0
7,L,1800,1420,194,9,0
7,L,1800,1420,195,10,0
7,L,1800,1420,196,9,0
7,L,1800,1420,197,10,0
7,L,1800,1420,198,10,0
7,L,1800,1420,199,9,0
7,L,1800,1420,200,10,0
7,L,1800,1420,201,9,0
7,L,1800,1420,202,10,0
7,L,1800,1420,203,9,0
7,L,1800,1420,204,10,0
7,L,1800,1420,205,9,0
7,L,1800,1420,206,9,0
7,L,1800,1420,207,9,0
7,L,1800,1420,208,9,0
7,L,1800,1420,209,10,0
7,L,1800,1420,210,9,0
7,L,1800,1420,211,8,0
7,L,1800,1420,212,9,0
7,L,1800,1420,213,8,0
7,L,1800,1420,214,10,0
7,L,1800,1420,215,8,0
7,L,1800,1420,216,9,0
7,L,1800,1420,217,8,0
7,L,1800,1420,218,8,0
7,L,1800,1420,219,8,0
7,L,1800,1420,220,9,0
7,L,1800,1420,221,8,0
7,L,1800,1420,222,8,0
7,L,1800,1420,223,8,0
7,L,1800,1420,224,8,0
7,L,1800,1420,225,8,0
7,L,1800,1420,226,7,0
7,L,1800,1420,227,8,0
7,L,1800,1420,228,8,0
7,L,1800,1420,229,8,0
7,L,1800,1420,230,7,0
7,L,1800,1420,231,8,0
7,L,1800,1420,232,8,0
7,L,1800,1420,233,6,0
7,L,1800,1420,234,8,0
7,L,1800,1420,235,7,0
7,L,1800,1420,236,7,0
7,L,1800,1420,237,8,0
7,L,1800,1420,238,6,0
7,L,1800,1420,239,7,0
7,L,1800,1420,240,8,0
7,L,1800,1420,241,7,0
7,L,1800,1420,242,6,0
7,L,1800,1420,243,7,0
7,L,1800,1420,244,7,0
7,L,1800,1420,245,6,0
7,L,1800,1420,246,7,0
7,L,1800,1420,247,6,0
7,L,1800,1420,248,6,0
7,L,1800,1420,249,7,0
7,L,1800,1420,250,6,0
7,L,1800,1420,251,7,0
7,L,1800,1420,252,5,0
7,L,1800,1420,253,7,0
7,L,1800,1420,254,6,0
7,L,1800,1420,255,6,0
7,L,1800,1420,256,6,0
7,L,1800,1420,257,6,0
7,L,1800,1420,258,5,0
7,L,1800,1420,259,7,0
7,L,1800,1420,260,5,0
7,L,1800,1420,261,6,0
7,L,1800,1420,262,6,0
7,L,1800,1420,263,6,0
7,L,1800,1420,264,5,0
7,L,1800,1420,265,5,0
7,L,1800,1420,266,6,0
7,L,1800,1420,267,5,0
7,L,1800,1420,268,5,0
7,L,1800,1420,269,6,0
7,L,1800,1420,270,5,0
7,L,1800,1420,271,5,0
7,L,1800,1420,272,6,0
7,L,1800,1420,273,5,0
7,L,1800,1420,274,4,0
7,L,1800,1420,275,5,0
7,L,1800,1420,276,6,0
7,L,1800,1420,277,5,0
7,L,1800,1420,278,4,0
7,L,1800,1420,279,5,0
7,L,1800,1420,280,4,0
7,L,1800,1420,281,6,0
7,L,1800,1420,282,4,0
7,L,1800,1420,283,5,0
7,L,1800,1420,284,4,0
7,L,1800,1420,285,5,0
7,L,1800,1420,286,4,0
7,L,1800,1420,287,5,0
7,L,1800,1420,288,5,0
7,L,1800,1420,289,4,0
7,L,1800,1420,290,4,0
7,L,1800,1420,291,4,0
7,L,1800,1420,292,4,0
7,L,1800,1420,293,5,0
7,L,1800,1420,294,4,0
7,L,1800,1420,295,4,0
7,L,1800,1420,296,4,0
7,L,1800,1420,297,4,0
7,L,1800,1420,298,4,0
7,L,1800,1420,299,4,0
7,L,1800,1420,300,4,0
7,L,1800,1420,301,4,0
7,L,1800,1420,302,3,0
7,L,1800,1420,303,4,0
7,L,1800,1420,304,4,0
7,L,1800,1420,305,4,0
7,L,1800,1420,306,4,0
7,L,1800,1420,307,3,0
7,L,1800,1420,308,3,0
7,L,1800,1420,309,4,0
7,L,1800,1420,310,4,0
7,L,1800,1420,311,3,0
7,L,1800,1420,312,4,0
7,L,1800,1420,313,3,0
7,L,1800,1420,314,4,0
7,L,1800,1420,315,2,0
7,L,1800,1420,316,4,0
7,L,1800,1420,317,3,0
7,L,1800,1420,318,4,0
7,L,1800,1420,319,3,0
7,L,1800,1420,320,3,0
7,L,1800,1420,321,3,0
7,L,1800,1420,322,3,0
7,L,1800,1420,323,4,0
7,L,1800,1420,324,3,0
7,L,1800,1420,325,2,0
7,L,1800,1420,326,3,0
7,L,1800,1420,327,4,0
7,L,1800,1420,328,3,0
7,L,1800,1420,329,2,0
7,L,1800,1420,330,3,0
7,L,1800,1420,331,3,0
7,L,1800,1420,332,2,0
7,L,1800,1420,333,3,0
7,L,1800,1420,334,4,0
7,L,1800,1420,335,2,0
7,L,1800,1420,336,3,0
7,L,1800,1420,337,3,0
7,L,1800,1420,338,3,0
7,L,1800,1420,339,2,0
7,L,1800,1420,340,3,0
7,L,1800,1420,341,2,0
7,L,1800,1420,342,3,0
7,L,1800,1420,343,2,0
7,L,1800,1420,344,2,0
7,L,1800,1420,345,3,0
7,L,1800,1420,346,3,0
7,L,1800,1420,347,2,0
7,L,1800,1420,348,2,0
7,L,1800,1420,349,2,0
7,L,1800,1420,350,3,0
7,L,1800,1420,351,3,0
7,L,1800,1420,352,1,0
7,L,1800,1420,353,3,0
7,L,1800,1420,354,2,0
7,L,1800,1420,355,3,0
7,L,1800,1420,356,1,0
7,L,1800,1420,357,3,0
7,L,1800,1420,358,3,0
7,L,1800,1420,359,1,0
7,L,1800,1420,360,3,0
7,L,1800,1420,361,1,0
7,L,1800,1420,362,3,0
7,L,1800,1420,363,1,0
7,L,1800,1420,364,3,0
7,L,1800,1420,365,2,0
7,L,1800,1420,366,2,0
7,L,1800,1420,367,1,0
7,L,1800,1420,368,3,0
7,L,1800,1420,369,1,0
7,L,1800,1420,370,3,0
7,L,1800,1420,371,1,0
7,L,1800,1420,372,3,0
7,L,1800,1420,373,1,0
7,L,1800,1420,374,2,0
7,L,1800,1420,375,2,0
7,L,1800,1420,376,1,0
7,L,1800,1420,377,3,0
7,L,1800,1420,378,1,0
7,L,1800,1420,379,2,0
7,L,1800,1420,380,2,0
7,L,1800,1420,381,2,0
7,L,1800,1420,382,1,0
7,L,1800,1420,383,1,0
7,L,1800,1420,384,3,0
7,L,1800,1420,385,1,0
7,L,1800,1420,386,2,0
7,L,1800,1420,387,1,0
7,L,1800,1420,388,2,0
7,L,1800,1420,389,2,0
7,L,1800,1420,390,1,0
7,L,1800,1420,391,2,0
7,L,1800,1420,392,1,0
7,L,1800,1420,393,1,0
7,L,1800,1420,394,2,0
7,L,1800,1420,395,2,0
7,L,1800,1420,396,2,0
7,L,1800,1420,397,1,0
7,L,1800,1420,398,1,0
7,L,1800,1420,399,2,0
7,L,1800,1420,400,1,0
7,L,1800,1420,401,1,0
7,L,1800,1420,402,2,0
7,L,1800,1420,403,1,0
7,L,1800,1420,404,1,0
7,L,1800,1420,405,2,0
7,L,1800,1420,406,1,0
7,L,1800,1420,407,1,0
7,L,1800,1420,408,1,0
7,L,1800,1420,409,1,0
7,L,1800,1420,410,1,0
7,L,1800,1420,411,1,0
7,L,1800,1420,412,0,0
7,L,1800,1420,413,2,0
7,L,1800,1420,414,0,0
7,L,1800,1420,415,1,0
7,L,1800,1420,416,0,0
7,L,1800,1420,417,1,0
7,L,1800,1420,418,0,0
7,L,1800,1420,419,1,0
7,L,1800,1420,420,1,0
7,L,1800,1420,421,0,0
7,L,1800,1420,422,0,0
7,L,1800,1420,423,0,0
7,L,1800,1420,424,0,0
7,L,1800,1420,425,0,0
7,L,1800,1420,426,0,0
7,L,1800,1420,427,0,0
7,L,1800,1420,428,0,0
7,L,1800,1420,429,0,0
7,L,1800,1420,430,0,0
7,L,1800,1420,431,0,0
7,L,1800,1420,432,0,0
7,L,1800,1420,433,0,0
7,L,1800,1420,434,0,0
7,L,1800,1420,435,0,0
7,L,1800,1420,436,0,0
7,L,1800,1420,437,0,0
7,L,1800,1420,438,0,0
7,L,1800,1420,439,0,0
7,L,1800,1420,440,0,0
7,L,1800,1420,441,0,0
7,L,1800,1420,442,0,0
7,L,1800,1420,443,0,0
7,L,1800,1420,444,0,0
7,L,1800,1420,445,0,0
7,L,1800,1420,446,0,0
7,L,1800,1420,447,0,0
7,L,1800,1420,448,0,0
7,L,1800,1420,449,0,0
7,L,1800,1420,450,0,0
7,L,1800,1420,451,0,0
7,L,1800,1420,452,0,0
7,L,1800,1420,453,0,0
7,L,1800,1420,454,0,0
7,L,1800,1420,455,0,0
7,L,1800,1420,456,0,0
7,L,1800,1420,457,0,0
7,L,1800,1420,458,0,0
7,L,1800,1420,459,0,0
7,L,1800,1420,460,0,0
7,L,1800,1420,461,0,0
7,L,1800,1420,462,0,0
7,L,1800,1420,463,0,0
7,L,1800,1420,464,0,0
7,L,1800,1420,465,0,0
7,L,1800,1420,466,0,0
7,L,1800,1420,467,0,0
7,L,1800,1420,468,0,0
7,L,1800,1420,469,0,0
7,L,1800,1420,470,0,0
7,L,1800,1420,471,0,0
7,L,1800,1420,472,0,0
7,L,1800,1420,473,0,0
7,L,1800,1420,474,0,0
7,L,1800,1420,475,0,0
7,L,1800,1420,476,0,0
7,L,1800,1420,477,0,0
7,L,1800,1420,478,0,0
7,L,1800,1420,479,0,0
7,L,1800,1420,480,0,0
7,L,1800,1420,481,0,0
7,L,1800,1420,482,0,0
7,L,1800,1420,483,0,0
7,L,1800,1420,484,0,0
7,L,1800,1420,485,0,0
7,L,1800,1420,486,0,0
7,L,1800,1420,487,0,0
7,L,1800,1420,488,0,0
7,L,1800,1420,489,0,0
7,L,1800,1420,490,0,0
7,L,1800,1420,491,0,0
7,L,1800,1420,492,0,0
7,L,1800,1420,493,0,0
7,L,1800,1420,494,0,0
7,L,1800,1420,495,0,0
7,L,1800,1420,496,0,0
7,L,1800,1420,497,0,0
7,L,1800,1420,498,0,0
7,L,1800,1420,499,0,0
8,L,1800,1440,0,0,0
8,L,1800,1440,1,0,0
8,L,1800,1440,2,1,0
8,L,1800,1440,3,0,0
8,L,1800,1440,4,1,0
8,L,1800,1440,5,2,0
8,L,1800,1440,6,2,0
8,L,1800,1440,7,3,0
8,L,1800,1440,8,3,0
8,L,1800,1440,9,3,0
8,L,1800,1440,10,3,0
8,L,1800,1440,11,4,0
8,L,1800,1440,12,4,0
8,L,1800,1440,13,4,0
8,L,1800,1440,14,4,0
8,L,1800,1440,15,6,0
8,L,1800,1440,16,4,0
8,L,1800,1440,17,5,0
8,L,1800,1440,18,5,0
8,L,1800,1440,19,6,0
8,L,1800,1440,20,5,0
8,L,1800,1440,21,6,0
8,L,1800,1440,22,6,0
8,L,1800,1440,23,5,0
8,L,1800,1440,24,7,0
8,L,1800,1440,25,6,0
8,L,1800,1440,26,6,0
8,L,1800,1440,27,7,0
8,L,1800,1440,28,6,0
8,L,1800,1440,29,7,0
8,L,1800,1440,30,7,0
8,L,1800,1440,31,6,0
8,L,1800,1440,32,8,0
8,L,1800,1440,33,7,0
8,L,1800,1440,34,7,0
8,L,1800,1440,35,7,0
8,L,1800,1440,36,7,0
8,L,1800,1440,37,8,0
8,L,1800,1440,38,7,0
8,L,1800,1440,39,8,0
8,L,1800,1440,40,8,0
8,L,1800,1440,41,7,0
8,L,1800,1440,42,8,0
8,L,1800,1440,43,8,0
8,L,1800,1440,44,8,0
8,L,1800,1440,45,8,0
8,L,1800,1440,46,8,0
8,L,1800,1440,47,8,0
8,L,1800,1440,48,8,0
8,L,1800,1440,49,8,0
8,L,1800,1440,50,8,0
8,L,1800,1440,51,8,0
8,L,1800,1440,52,8,0
8,L,1800,1440,53,9,0
8,L,1800,1440,54,8,0
8,L,1800,1440,55,8,0
8,L,1800,1440,56,8,0
8,L,1800,1440,57,9,0
8,L,1800,1440,58,8,0
8,L,1800,1440,59,10,0
8,L,1800,1440,60,8,0
8,L,1800,1440,61,8,0
8,L,1800,1440,62,9,0
8,L,1800,1440,63,9,0
8,L,1800,1440,64,8,0
8,L,1800,1440,65,9,0
8,L,1800,1440,66,9,0
8,L,1800,1440,67,9,0
8,L,1800,1440,68,8,0
8,L,1800,1440,69,9,0
8,L,1800,1440,70,9,0
8,L,1800,1440,71,9,0
8,L,1800,1440,72,9,0
8,L,1800,1440,73,9,0
8,L,1800,1440,74,8,0
8,L,1800,1440,75,10,0
8,L,1800,1440,76,9,0
8,L,1800,1440,77,9,0
8,L,1800,1440,78,9,0
8,L,1800,1440,79,9,0
8,L,1800,1440,80,9,0
8,L,1800,1440,81,9,0
8,L,1800,1440,82,9,0
8,L,1800,1440,83,9,0
8,L,1800,1440,84,9,0
8,L,1800,1440,85,9,0
8,L,1800,1440,86,10,0
8,L,1800,1440,87,9,0
8,L,1800,1440,88,9,0
8,L,1800,1440,89,10,0
8,L,1800,1440,90,9,0
8,L,1800,1440,91,9,0
8,L,1800,1440,92,9,0
8,L,1800,1440,93,9,0
8,L,1800,1440,94,9,0
8,L,1800,1440,95,9,0
8,L,1800,1440,96,10,0
8,L,1800,1440,97,9,0
8,L,1800,1440,98,9,0
8,L,1800,1440,99,10,0
8,L,1800,1440,100,9,0
8,L,1800,1440,101,9,0
8,L,1800,1440,102,10,0
8,L,1800,1440,103,9,0
8,L,1800,1440,104,9,0
8,L,1800,1440,105,10,0
8,L,1800,1440,106,10,0
8,L,1800,1440,107,9,0
8,L,1800,1440,108,9,0
8,L,1800,1440,109,10,0
8,L,1800,1440,110,9,0
8,L,1800,1440,111,9,0
8,L,1800,1440,112,9,0
8,L,1800,1440,113,10,0
8,L,1800,1440,114,9,0
8,L,1800,1440,115,9,0
8,L,1800,1440,116,10,0
8,L,1800,1440,117,9,0
8,L,1800,1440,118,9,0
8,L,1800,1440,119,11,0
8,L,1800,1440,120,9,0
8,L,1800,1440,121,10,0
8,L,1800,1440,122,9,0
8,L,1800,1440,123,9,0
8,L,1800,1440,124,10,0
8,L,1800,1440,125,9,0
8,L,1800,1440,126,9,0
8,L,1800,1440,127,10,0
8,L,1800,1440,128,10,0
8,L,1800,1440,129,10,0
8,L,1800,1440,130,9,0
8,L,1800,1440,131,9,0
8,L,1800,1440,132,10,0
8,L,1800,1440,133,9,0
8,L,1800,1440,134,10,0
8,L,1800,1440,135,10,0
8,L,1800,1440,136,9,0
8,L,1800,1440,137,10,0
8,L,1800,1440,138,9,0
8,L,1800,1440,139,9,0
8,L,1800,1440,140,10,0
8,L,1800,1440,141,10,0
8,L,1800,1440,142,10,0
8,L,1800,1440,143,9,0
8,L,1800,1440,144,9,0
8,L,1800,1440,145,10,0
8,L,1800,1440,146,9,0
8,L,1800,1440,147,11,0
8,L,1800,1440,148,9,0
8,L,1800,1440,149,9,0
8,L,1800,1440,150,10,0
8,L,1800,1440,151,9,0
8,L,1800,1440,152,11,0
8,L,1800,1440,153,9,0
8,L,1800,1440,154,9,0
8,L,1800,1440,155,10,0
8,L,1800,1440,156,9,0
8,L,1800,1440,157,11,0
8,L,1800,1440,158,9,0
8,L,1800,1440,159,9,0
8,L,1800,1440,160,10,0
8,L,1800,1440,161,10,0
8,L,1800,1440,162,10,0
8,L,1800,1440,163,9,0
8,L,1800,1440,164,9,0
8,L,1800,1440,165,11,0
8,L,1800,1440,166,9,0
8,L,1800,1440,167,10,0
8,L,1800,1440,168,9,0
8,L,1800,1440,169,10,0
8,L,1800,1440,170,10,0
8,L,1800,1440,171,9,0
8,L,1800,1440,172,10,0
8,L,1800,1440,173,9,0
8,L,1800,1440,174,11,0
8,L,1800,1440,175,9,0
8,L,1800,1440,176,9,0
8,L,1800,1440,177,10,0
8,L,1800,1440,178,10,0
8,L,1800,1440,179,10,0
8,L,1800,1440,180,9,0
8,L,1800,1440,181,10,0
8,L,1800,1440,182,10,0
8,L,1800,1440,183,9,0
8,L,1800,1440,184,10,0
8,L,1800,1440,185,10,0
8,L,1800,1440,186,10,0
8,L,1800,1440,187,9,0
8,L,1800,1440,188,9,0
8,L,1800,1440,189,11,0
8,L,1800,1440,190,9,0
8,L,1800,1440,191,10,0
8,L,1800,1440,192,9,0
8,L,1800,1440,193,11,0
8,L,1800,1440,194,9,0
8,L,1800,1440,195,9,0
8,L,1800,1440,196,11,0
8,L,1800,1440,197,9,0
8,L,1800,1440,198,10,0
8,L,1800,1440,199,9,0
8,L,1800,1440,200,11,0
8,L,1800,1440,201,9,0
8,L,1800,1440,202,9,0
8,L,1800,1440,203,10,0
8,L,1800,1440,204,9,0
8,L,1800,1440,205,10,0
8,L,1800,1440,206,10,0
8,L,1800,1440,207,9,0
8,L,1800,1440,208,9,0
8,L,1800,1440,209,9,0
8,L,1800,1440,210,9,0
8,L,1800,1440,211,9,0
8,L,1800,1440,212,9,0
8,L,1800,1440,213,9,0
8,L,1800,1440,214,9,0
8,L,1800,1440,215,8,0
8,L,1800,1440,216,9,0
8,L,1800,1440,217,8,0
8,L,1800,1440,218,9,0
8,L,1800,1440,219,9,0
8,L,1800,1440,220,8,0
8,L,1800,1440,221,8,0
8,L,1800,1440,222,9,0
8,L,1800,1440,223,8,0
8,L,1800,1440,224,8,0
8,L,1800,1440,225,8,0
8,L,1800,1440,226,8,0
8,L,1800,1440,227,8,0
8,L,1800,1440,228,8,0
8,L,1800,1440,229,7,0
8,L,1800,1440,230,8,0
8,L,1800,1440,231,8,0
8,L,1800,1440,232,7,0
8,L,1800,1440,233,7,0
8,L,1800,1440,234,8,0
8,L,1800,1440,235,7,0
8,L,1800,1440,236,8,0
8,L,1800,1440,237,7,0
8,L,1800,1440,238,7,0
8,L,1800,1440,239,7,0
8,L,1800,1440,240,7,0
8,L,1800,1440,241,8,0
8,L,1800,1440,242,7,0
8,L,1800,1440,243,6,0
8,L,1800,1440,244,7,0
8,L,1800,1440,245,7,0
8,L,1800,1440,246,6,0
8,L,1800,1440,247,7,0
8,L,1800,1440,248,7,0
8,L,1800,1440,249,6,0
8,L,1800,1440,250,7,0
8,L,1800,1440,251,7,0
8,L,1800,1440,252,6,0
8,L,1800,1440,253,6,0
8,L,1800,1440,254,6,0
8,L,1800,1440,255,7,0
8,L,1800,1440,256,5,0
8,L,1800,1440,257,7,0
8,L,1800,1440,258,6,0
8,L,1800,1440,259,6,0
8,L,1800,1440,260,6,0
8,L,1800,1440,261,6,0
8,L,1800,1440,262,5,0
8,L,1800,1440,263,6,0
8,L,1800,1440,264,6,0
8,L,1800,1440,265,6,0
8,L,1800,1440,266,5,0
8,L,1800,1440,267,6,0
8,L,1800,1440,268,6,0
8,L,1800,1440,269,5,0
8,L,1800,1440,270,6,0
8,L,1800,1440,271,5,0
8,L,1800,1440,272,5,0
8,L,1800,1440,273,6,0
8,L,1800,1440,274,5,0
8,L,1800,1440,275,5,0
8,L,1800,1440,276,5,0
8,L,1800,1440,277,5,0
8,L,1800,1440,278,5,0
8,L,1800,1440,279,5,0
8,L,1800,1440,280,6,0
8,L,1800,1440,281,4,0
8,L,1800,1440,282,5,0
8,L,1800,1440,283,5,0
8,L,1800,1440,284,4,0
8,L,1800,1440,285,6,0
8,L,1800,1440,286,4,0
8,L,1800,1440,287,5,0
8,L,1800,1440,288,4,0
8,L,1800,1440,289,5,0
8,L,1800,1440,290,4,0
8,L,1800,1440,291,5,0
8,L,1800,1440,292,5,0
8,L,1800,1440,293,4,0
8,L,1800,1440,294,4,0
8,L,1800,1440,295,5,0
8,L,1800,1440,296,4,0
8,L,1800,1440,297,4,0
8,L,1800,1440,298,4,0
8,L,1800,1440,299,4,0
8,L,1800,1440,300,4,0
8,L,1800,1440,301,4,0
8,L,1800,1440,302,4,0
8,L,1800,1440,303,4,0
8,L,1800,1440,304,4,0
8,L,1800,1440,305,4,0
8,L,1800,1440,306,4,0
8,L,1800,1440,307,4,0
8,L,1800,1440,308,4,0
8,L,1800,1440,309,4,0
8,L,1800,1440,310,4,0
8,L,1800,1440,311,4,0
8,L,1800,1440,312,3,0
8,L,1800,1440,313,4,0
8,L,1800,1440,314,4,0
8,L,1800,1440,315,3,0
8,L,1800,1440,316,3,0
8,L,1800,1440,317,4,0
8,L,1800,1440,318,4,0
8,L,1800,1440,319,3,0
8,L,1800,1440,320,4,0
8,L,1800,1440,321,3,0
8,L,1800,1440,322,4,0
8,L,1800,1440,323,2,0
8,L,1800,1440,324,4,0
8,L,1800,1440,325,3,0
8,L,1800,1440,326,4,0
8,L,1800,1440,327,3,0
8,L,1800,1440,328,3,0
8,L,1800,1440,329,3,0
8,L,1800,1440,330,3,0
8,L,1800,1440,331,4,0
8,L,1800,1440,332,3,0
8,L,1800,1440,333,2,0
8,L,1800,1440,334,3,0
8,L,1800,1440,335,4,0
8,L,1800,1440,336,3,0
8,L,1800,1440,337,2,0
8,L,1800,1440,338,3,0
8,L,1800,1440,339,3,0
8,L,1800,1440,340,3,0
8,L,1800,1440,341,3,0
8,L,1800,1440,342,3,0
8,L,1800,1440,343,3,0
8,L,1800,1440,344,2,0
8,L,1800,1440,345,3,0
8,L,1800,1440,346,3,0
8,L,1800,1440,347,2,0
8,L,1800,1440,348,3,0
8,L,1800,1440,349,3,0
8,L,1800,1440,350,2,0
8,L,1800,1440,351,3,0
8,L,1800,1440,352,3,0
8,L,1800,1440,353,2,0
8,L,1800,1440,354,3,0
8,L,1800,1440,355,2,0
8,L,1800,1440,356,2,0
8,L,1800,1440,357,3,0
8,L,1800,1440,358,2,0
8,L,1800,1440,359,3,0
8,L,1800,1440,360,2,0
8,L,1800,1440,361,2,0
8,L,1800,1440,362,3,0
8,L,1800,1440,363,2,0
8,L,1800,1440,364,3,0
8,L,1800,1440,365,2,0
8,L,1800,1440,366,2,0
8,L,1800,1440,367,3,0
8,L,1800,1440,368,2,0
8,L,1800,1440,369,2,0
8,L,1800,1440,370,2,0
8,L,1800,1440,371,2,0
8,L,1800,1440,372,2,0
8,L,1800,1440,373,3,0
8,L,1800,1440,374,1,0
8,L,1800,1440,375,3,0
8,L,1800,1440,376,1,0
8,L,1800,1440,377,3,0
8,L,1800,1440,378,2,0
8,L,1800,1440,379,2,0
8,L,1800,1440,380,2,0
8,L,1800,1440,381,2,0
8,L,1800,1440,382,2,0
8,L,1800,1440,383,2,0
8,L,1800,1440,384,2,0
8,L,1800,1440,385,2,0
8,L,1800,1440,386,2,0
8,L,1800,1440,387,2,0
8,L,1800,1440,388,1,0
8,L,1800,1440,389,3,0
8,L,1800,1440,390,1,0
8,L,1800,1440,391,2,0
8,L,1800,1440,392,2,0
8,L,1800,1440,393,2,0
8,L,1800,1440,394,2,0
8,L,1800,1440,395,2,0
8,L,1800,1440,396,1,0
8,L,1800,1440,397,3,0
8,L,1800,1440,398,1,0
8,L,1800,1440,399,1,0
8,L,1800,1440,400,3,0
8,L,1800,1440,401,1,0
8,L,1800,1440,402,2,0
8,L,1800,1440,403,1,0
8,L,1800,1440,404,2,0
8,L,1800,1440,405,2,0
8,L,1800,1440,406,1,0
8,L,1800,1440,407,2,0
8,L,1800,1440,408,1,0
8,L,1800,1440,409,1,0
8,L,1800,1440,410,2,0
8,L,1800,1440,411,1,0
8,L,1800,1440,412,1,0
8,L,1800,1440,413,0,0
8,L,1800,1440,414,2,0
8,L,1800,1440,415,1,0
8,L,1800,1440,416,0,0
8,L,1800,1440,417,1,0
8,L,1800,1440,418,2,0
8,L,1800,1440,419,0,0
8,L,1800,1440,420,1,0
8,L,1800,1440,421,0,0
8,L,1800,1440,422,1,0
8,L,1800,1440,423,0,0
8,L,1800,1440,424,0,0
8,L,1800,1440,425,1,0
8,L,1800,1440,426,0,0
8,L,1800,1440,427,1,0
8,L,1800,1440,428,0,0
8,L,1800,1440,429,0,0
8,L,1800,1440,430,0,0
8,L,1800,1440,431,0,0
8,L,1800,1440,432,0,0
8,L,1800,1440,433,0,0
8,L,1800,1440,434,1,0
8,L,1800,1440,435,0,0
8,L,1800,1440,436,0,0
8,L,1800,1440,437,0,0
8,L,1800,1440,438,0,0
8,L,1800,1440,439,0,0
8,L,1800,1440,440,0,0
8,L,1800,1440,441,0,0
8,L,1800,1440,442,0,0
8,L,1800,1440,443,0,0
8,L,1800,1440,444,0,0
8,L,1800,1440,445,0,0
8,L,1800,1440,446,0,0
8,L,1800,1440,447,0,0
8,L,1800,1440,448,0,0
8,L,1800,1440,449,0,0
8,L,1800,1440,450,0,0
8,L,1800,1440,451,0,0
8,L,1800,1440,452,0,0
8,L,1800,1440,453,0,0
8,L,1800,1440,454,0,0
8,L,1800,1440,455,0,0
8,L,1800,1440,456,0,0
8,L,1800,1440,457,0,0
8,L,1800,1440,458,0,0
8,L,1800,1440,459,0,0
8,L,1800,1440,460,0,0
8,L,1800,1440,461,0,0
8,L,1800,1440,462,0,0
8,L,1800,1440,463,0,0
8,L,1800,1440,464,0,0
8,L,1800,1440,465,0,0
8,L,1800,1440,466,0,0
8,L,1800,1440,467,0,0
8,L,1800,1440,468,0,0
8,L,1800,1440,469,0,0
8,L,1800,1440,470,0,0
8,L,1800,1440,471,0,0
8,L,1800,1440,472,0,0
8,L,1800,1440,473,0,0
8,L,1800,1440,474,0,0
8,L,1800,1440,475,0,0
8,L,1800,1440,476,0,0
8,L,1800,1440,477,0,0
8,L,1800,1440,478,0,0
8,L,1800,1440,479,0,0
8,L,1800,1440,480,0,0
8,L,1800,1440,481,0,0
8,L,1800,1440,482,0,0
8,L,1800,1440,483,0,0
8,L,1800,1440,484,0,0
8,L,1800,1440,485,0,0
8,L,1800,1440,486,0,0
8,L,1800,1440,487,0,0
8,L,1800,1440,488,0,0
8,L,1800,1440,489,0,0
8,L,1800,1440,490,0,0
8,L,1800,1440,491,0,0
8,L,1800,1440,492,0,0
8,L,1800,1440,493,0,0
8,L,1800,1440,494,0,0
8,L,1800,1440,495,0,0
8,L,1800,1440,496,0,0
8,L,1800,1440,497,0,0
8,L,1800,1440,498,0,0
8,L,1800,1440,499,0,0
9,L,1800,1460,0,0,0
9,L,1800,1460,1,0,0
9,L,1800,1460,2,1,0
9,L,1800,1460,3,0,0
9,L,1800,1460,4,2,0
9,L,1800,1460,5,1,0
9,L,1800,1460,6,2,0
9,L,1800,1460,7,2,0
9,L,1800,1460,8,3,0
9,L,1800,1460,9,4,0
9,L,1800,1460,10,2,0
9,L,1800,1460,11,4,0
9,L,1800,1460,12,4,0
9,L,1800,1460,13,4,0
9,L,1800,1460,14,5,0
9,L,1800,1460,15,5,0
9,L,1800,1460,16,4,0
9,L,1800,1460,17,5,0
9,L,1800,1460,18,5,0
9,L,1800,1460,19,6,0
9,L,1800,1460,20,5,0
9,L,1800,1460,21,7,0
9,L,1800,1460,22,5,0
9,L,1800,1460,23,7,0
9,L,1800,1460,24,5,0
9,L,1800,1460,25,7,0
9,L,1800,1460,26,6,0
9,L,1800,1460,27,7,0
9,L,1800,1460,28,7,0
9,L,1800,1460,29,6,0
9,L,1800,1460,30,7,0
9,L,1800,1460,31,7,0
9,L,1800,1460,32,6,0
9,L,1800,1460,33,8,0
9,L,1800,1460,34,7,0
9,L,1800,1460,35,8,0
9,L,1800,1460,36,7,0
9,L,1800,1460,37,8,0
9,L,1800,1460,38,6,0
9,L,1800,1460,39,8,0
9,L,1800,1460,40,8,0
9,L,1800,1460,41,8,0
9,L,1800,1460,42,8,0
9,L,1800,1460,43,7,0
9,L,1800,1460,44,8,0
9,L,1800,1460,45,8,0
9,L,1800,1460,46,8,0
9,L,1800,1460,47,8,0
9,L,1800,1460,48,9,0
9,L,1800,1460,49,8,0
9,L,1800,1460,50,8,0
9,L,1800,1460,51,8,0
9,L,1800,1460,52,9,0
9,L,1800,1460,53,8,0
9,L,1800,1460,54,9,0
9,L,1800,1460,55,8,0
9,L,1800,1460,56,9,0
9,L,1800,1460,57,8,0
9,L,1800,1460,58,9,0
9,L,1800,1460,59,8,0
9,L,1800,1460,60,8,0
9,L,1800,1460,61,10,0
9,L,1800,1460,62,8,0
9,L,1800,1460,63,9,0
9,L,1800,1460,64,9,0
9,L,1800,1460,65,8,0
9,L,1800,1460,66,10,0
9,L,1800,1460,67,8,0
9,L,1800,1460,68,9,0
9,L,1800,1460,69,9,0
9,L,1800,1460,70,8,0
9,L,1800,1460,71,10,0
9,L,1800,1460,72,9,0
9,L,1800,1460,73,9,0
9,L,1800,1460,74,8,0
9,L,1800,1460,75,10,0
9,L,1800,1460,76,9,0
9,L,1800,1460,77,9,0
9,L,1800,1460,78,9,0
9,L,1800,1460,79,9,0
9,L,1800,1460,80,9,0
9,L,1800,1460,81,9,0
9,L,1800,1460,82,10,0
9,L,1800,1460,83,9,0
9,L,1800,1460,84,9,0
9,L,1800,1460,85,9,0
9,L,1800,1460,86,10,0
9,L,1800,1460,87,9,0
9,L,1800,1460,88,9,0
9,L,1800,1460,89,9,0
9,L,1800,1460,90,9,0
9,L,1800,1460,91,10,0
9,L,1800,1460,92,9,0
9,L,1800,1460,93,9,0
9,L,1800,1460,94,9,0
9,L,1800,1460,95,10,0
9,L,1800,1460,96,9,0
9,L,1800,1460,97,10,0
9,L,1800,1460,98,9,0
9,L,1800,1460,99,9,0
9,L,1800,1460,100,10,0
9,L,1800,1460,101,10,0
9,L,1800,1460,102,9,0
9,L,1800,1460,103,9,0
9,L,1800,1460,104,10,0
9,L,1800,1460,105,9,0
9,L,1800,1460,106,10,0
9,L,1800,1460,107,9,0
9,L,1800,1460,108,9,0
9,L,1800,1460,109,10,0
9,L,1800,1460,110,9,0
9,L,1800,1460,111,10,0
9,L,1800,1460,112,9,0
9,L,1800,1460,113,10,0
9,L,1800,1460,114,10,0
9,L,1800,1460,115,9,0
9,L,1800,1460,116,9,0
9,L,1800,1460,117,10,0
9,L,1800,1460,118,9,0
9,L,1800,1460,119,10,0
9,L,1800,1460,120,10,0
9,L,1800,1460,121,9,0
9,L,1800,1460,122,10,0
9,L,1800,1460,123,9,0
9,L,1800,1460,124,9,0
9,L,1800,1460,125,10,0
9,L,1800,1460,126,10,0
9,L,1800,1460,127,10,0
9,L,1800,1460,128,9,0
9,L,1800,1460,129,9,0
9,L,1800,1460,130,10,0
9,L,1800,1460,131,9,0
9,L,1800,1460,132,10,0
9,L,1800,1460,133,10,0
9,L,1800,1460,134,9,0
9,L,1800,1460,135,10,0
9,L,1800,1460,136,9,0
9,L,1800,1460,137,11,0
9,L,1800,1460,138,9,0
9,L,1800,1460,139,9,0
9,L,1800,1460,140,10,0
9,L,1800,1460,141,9,0
9,L,1800,1460,142,11,0
9,L,1800,1460,143,9,0
9,L,1800,1460,144,9,0
9,L,1800,1460,145,10,0
9,L,1800,1460,146,10,0
9,L,1800,1460,147,10,0
9,L,1800,1460,148,9,0
9,L,1800,1460,149,9,0
9,L,1800,1460,150,11,0
9,L,1800,1460,151,9,0
9,L,1800,1460,152,10,0
9,L,1800,1460,153,9,0
9,L,1800,1460,154,10,0
9,L,1800,1460,155,10,0
9,L,1800,1460,156,9,0
9,L,1800,1460,157,10,0
9,L,1800,1460,158,10,0
9,L,1800,1460,159,10,0
9,L,1800,1460,160,9,0
9,L,1800,1460,161,9,0
9,L,1800,1460,162,10,0
9,L,1800,1460,163,10,0
9,L,1800,1460,164,10,0
9,L,1800,1460,165,9,0
9,L,1800,1460,166,11,0
9,L,1800,1460,167,9,0
9,L,1800,1460,168,9,0
9,L,1800,1460,169,11,0
9,L,1800,1460,170,9,0
9,L,1800,1460,171,10,0
9,L,1800,1460,172,9,0
9,L,1800,1460,173,10,0
9,L,1800,1460,174,10,0
9,L,1800,1460,175,9,0
9,L,1800,1460,176,10,0
9,L,1800,1460,177,10,0
9,L,1800,1460,178,10,0
9,L,1800,1460,179,9,0
9,L,1800,1460,180,11,0
9,L,1800,1460,181,9,0
9,L,1800,1460,182,9,0
9,L,1800,1460,183,11,0
9,L,1800,1460,184,9,0
9,L,1800,1460,185,10,0
9,L,1800,1460,186,10,0
9,L,1800,1460,187,10,0
9,L,1800,1460,188,9,0
9,L,1800,1460,189,10,0
9,L,1800,1460,190,10,0
9,L,1800,1460,191,9,0
9,L,1800,1460,192,11,0
9,L,1800,1460,193,9,0
9,L,1800,1460,194,10,0
9,L,1800,1460,195,9,0
9,L,1800,1460,196,11,0
9,L,1800,1460,197,9,0
9,L,1800,1460,198,10,0
9,L,1800,1460,199,10,0
9,L,1800,1460,200,9,0
9,L,1800,1460,201,11,0
9,L,1800,1460,202,9,0
9,L,1800,1460,203,10,0
9,L,1800,1460,204,9,0
9,L,1800,1460,205,9,0
9,L,1800,1460,206,10,0
9,L,1800,1460,207,9,0
9,L,1800,1460,208,9,0
9,L,1800,1460,209,10,0
9,L,1800,1460,210,9,0
9,L,1800,1460,211,9,0
9,L,1800,1460,212,10,0
9,L,1800,1460,213,8,0
9,L,1800,1460,214,9,0
9,L,1800,1460,215,9,0
9,L,1800,1460,216,8,0
9,L,1800,1460,217,9,0
9,L,1800,1460,218,9,0
9,L,1800,1460,219,8,0
9,L,1800,1460,220,9,0
9,L,1800,1460,221,8,0
9,L,1800,1460,222,8,0
9,L,1800,1460,223,8,0
9,L,1800,1460,224,9,0
9,L,1800,1460,225,8,0
9,L,1800,1460,226,8,0
9,L,1800,1460,227,8,0
9,L,1800,1460,228,8,0
9,L,1800,1460,229,8,0
9,L,1800,1460,230,7,0
9,L,1800,1460,231,8,0
9,L,1800,1460,232,8,0
9,L,1800,1460,233,8,0
9,L,1800,1460,234,7,0
9,L,1800,1460,235,8,0
9,L,1800,1460,236,7,0
9,L,1800,1460,237,7,0
9,L,1800,1460,238,8,0
9,L,1800,1460,239,7,0
9,L,1800,1460,240,7,0
9,L,1800,1460,241,8,0
9,L,1800,1460,242,6,0
9,L,1800,1460,243,7,0
9,L,1800,1460,244,8,0
9,L,1800,1460,245,7,0
9,L,1800,1460,246,6,0
9,L,1800,1460,247,7,0
9,L,1800,1460,248,7,0
9,L,1800,1460,249,6,0
9,L,1800,1460,250,7,0
9,L,1800,1460,251,7,0
9,L,1800,1460,252,6,0
9,L,1800,1460,253,6,0
9,L,1800,1460,254,6,0
9,L,1800,1460,255,7,0
9,L,1800,1460,256,7,0
9,L,1800,1460,257,5,0
9,L,1800,1460,258,7,0
9,L,1800,1460,259,6,0
9,L,1800,1460,260,6,0
9,L,1800,1460,261,6,0
9,L,1800,1460,262,6,0
9,L,1800,1460,263,6,0
9,L,1800,1460,264,6,0
9,L,1800,1460,265,5,0
9,L,1800,1460,266,7,0
9,L,1800,1460,267,5,0
9,L,1800,1460,268,5,0
9,L,1800,1460,269,6,0
9,L,1800,1460,270,6,0
9,L,1800,1460,271,6,0
9,L,1800,1460,272,5,0
9,L,1800,1460,273,5,0
9,L,1800,1460,274,6,0
9,L,1800,1460,275,5,0
9,L,1800,1460,276,5,0
9,L,1800,1460,277,6,0
9,L,1800,1460,278,5,0
9,L,1800,1460,279,5,0
9,L,1800,1460,280,5,0
9,L,1800,1460,281,5,0
9,L,1800,1460,282,5,0
9,L,1800,1460,283,5,0
9,L,1800,1460,284,5,0
9,L,1800,1460,285,5,0
9,L,1800,1460,286,5,0
9,L,1800,1460,287,4,0
9,L,1800,1460,288,5,0
9,L,1800,1460,289,6,0
9,L,1800,1460,290,4,0
9,L,1800,1460,291,5,0
9,L,1800,1460,292,4,0
9,L,1800,1460,293,4,0
9,L,1800,1460,294,5,0
9,L,1800,1460,295,4,0
9,L,1800,1460,296,5,0
9,L,1800,1460,297,5,0
9,L,1800,1460,298,4,0
9,L,1800,1460,299,5,0
9,L,1800,1460,300,4,0
9,L,1800,1460,301,4,0
9,L,1800,1460,302,4,0
9,L,1800,1460,303,4,0
9,L,1800,1460,304,4,0
9,L,1800,1460,305,4,0
9,L,1800,1460,306,4,0
9,L,1800,1460,307,4,0
9,L,1800,1460,308,5,0
9,L,1800,1460,309,4,0
9,L,1800,1460,310,4,0
9,L,1800,1460,311,3,0
9,L,1800,1460,312,4,0
9,L,1800,1460,313,4,0
9,L,1800,1460,314,4,0
9,L,1800,1460,315,4,0
9,L,1800,1460,316,4,0
9,L,1800,1460,317,3,0
9,L,1800,1460,318,4,0
9,L,1800,1460,319,4,0
9,L,1800,1460,320,4,0
9,L,1800,1460,321,3,0
9,L,1800,1460,322,3,0
9,L,1800,1460,323,4,0
9,L,1800,1460,324,4,0
9,L,1800,1460,325,3,0
9,L,1800,1460,326,4,0
9,L,1800,1460,327,3,0
9,L,1800,1460,328,4,0
9,L,1800,1460,329,2,0
9,L,1800,1460,330,4,0
9,L,1800,1460,331,3,0
9,L,1800,1460,332,4,0
9,L,1800,1460,333,3,0
9,L,1800,1460,334,4,0
9,L,1800,1460,335,2,0
9,L,1800,1460,336,4,0
9,L,1800,1460,337,3,0
9,L,1800,1460,338,3,0
9,L,1800,1460,339,4,0
9,L,1800,1460,340,2,0
9,L,1800,1460,341,3,0
9,L,1800,1460,342,3,0
9,L,1800,1460,343,4,0
9,L,1800,1460,344,2,0
9,L,1800,1460,345,3,0
9,L,1800,1460,346,4,0
9,L,1800,1460,347,3,0
9,L,1800,1460,348,2,0
9,L,1800,1460,349,3,0
9,L,1800,1460,350,3,0
9,L,1800,1460,351,2,0
9,L,1800,1460,352,3,0
9,L,1800,1460,353,3,0
9,L,1800,1460,354,4,0
9,L,1800,1460,355,2,0
9,L,1800,1460,356,3,0
9,L,1800,1460,357,3,0
9,L,1800,1460,358,2,0
9,L,1800,1460,359,3,0
9,L,1800,1460,360,3,0
9,L,1800,1460,361,2,0
9,L,1800,1460,362,3,0
9,L,1800,1460,363,3,0
9,L,1800,1460,364,2,0
9,L,1800,1460,365,3,0
9,L,1800,1460,366,3,0
9,L,1800,1460,367,1,0
9,L,1800,1460,368,3,0
9,L,1800,1460,369,2,0
9,L,1800,1460,370,3,0
9,L,1800,1460,371,3,0
9,L,1800,1460,372,2,0
9,L,1800,1460,373,2,0
9,L,1800,1460,374,2,0
9,L,1800,1460,375,3,0
9,L,1800,1460,376,3,0
9,L,1800,1460,377,2,0
9,L,1800,1460,378,3,0
9,L,1800,1460,379,1,0
9,L,1800,1460,380,3,0
9,L,1800,1460,381,3,0
9,L,1800,1460,382,1,0
9,L,1800,1460,383,3,0
9,L,1800,1460,384,2,0
9,L,1800,1460,385,3,0
9,L,1800,1460,386,1,0
9,L,1800,1460,387,3,0
9,L,1800,1460,388,2,0
9,L,1800,1460,389,2,0
9,L,1800,1460,390,3,0
9,L,1800,1460,391,1,0
9,L,1800,1460,392,3,0
9,L,1800,1460,393,2,0
9,L,1800,1460,394,2,0
9,L,1800,1460,395,2,0
9,L,1800,1460,396,2,0
9,L,1800,1460,397,2,0
9,L,1800,1460,398,3,0
9,L,1800,1460,399,1,0
9,L,1800,1460,400,3,0
9,L,1800,1460,401,1,0
9,L,1800,1460,402,3,0
9,L,1800,1460,403,1,0
9,L,1800,1460,404,3,0
9,L,1800,1460,405,1,0
9,L,1800,1460,406,2,0
9,L,1800,1460,407,2,0
9,L,1800,1460,408,2,0
9,L,1800,1460,409,1,0
9,L,1800,1460,410,1,0
9,L,1800,1460,411,2,0
9,L,1800,1460,412,1,0
9,L,1800,1460,413,1,0
9,L,1800,1460,414,2,0
9,L,1800,1460,415,1,0
9,L,1800,1460,416,1,0
9,L,1800,1460,417,2,0
9,L,1800,1460,418,1,0
9,L,1800,1460,419,1,0
9,L,1800,1460,420,0,0
9,L,1800,1460,421,2,0
9,L,1800,1460,422,1,0
9,L,1800,1460,423,0,0
9,L,1800,1460,424,1,0
9,L,1800,1460,425,1,0
9,L,1800,1460,426,1,0
9,L,1800,1460,427,0,0
9,L,1800,1460,428,1,0
9,L,1800,1460,429,0,0
9,L,1800,1460,430,1,0
9,L,1800,1460,431,0,0
9,L,1800,1460,432,0,0
9,L,1800,1460,433,1,0
9,L,1800,1460,434,0,0
9,L,1800,1460,435,0,0
9,L,1800,1460,436,0,0
9,L,1800,1460,437,0,0
9,L,1800,1460,438,0,0
9,L,1800,1460,439,0,0
9,L,1800,1460,440,-1,0
9,L,1800,1460,441,0,0
9,L,1800,1460,442,0,0
9,L,1800,1460,443,0,0
9,L,1800,1460,444,0,0
9,L,1800,1460,445,0,0
9,L,1800,1460,446,0,0
9,L,1800,1460,447,-1,0
9,L,1800,1460,448,0,0
9,L,1800,1460,449,0,0
9,L,1800,1460,450,0,0
9,L,1800,1460,451,0,0
9,L,1800,1460,452,0,0
9,L,1800,1460,453,-1,0
9,L,1800,1460,454,0,0
9,L,1800,1460,455,0,0
9,L,1800,1460,456,0,0
9,L,1800,1460,457,0,0
9,L,1800,1460,458,0,0
9,L,1800,1460,459,0,0
9,L,1800,1460,460,0,0
9,L,1800,1460,461,0,0
9,L,1800,1460,462,0,0
9,L,1800,1460,463,0,0
9,L,1800,1460,464,0,0
9,L,1800,1460,465,0,0
9,L,1800,1460,466,0,0
9,L,1800,1460,467,0,0
9,L,1800,1460,468,0,0
9,L,1800,1460,469,0,0
9,L,1800,1460,470,0,0
9,L,1800,1460,471,0,0
9,L,1800,1460,472,0,0
9,L,1800,1460,473,0,0
9,L,1800,1460,474,0,0
9,L,1800,1460,475,0,0
9,L,1800,1460,476,0,0
9,L,1800,1460,477,0,0
9,L,1800,1460,478,0,0
9,L,1800,1460,479,0,0
9,L,1800,1460,480,0,0
9,L,1800,1460,481,0,0
9,L,1800,1460,482,0,0
9,L,1800,1460,483,0,0
9,L,1800,1460,484,0,0
9,L,1800,1460,485,0,0
9,L,1800,1460,486,0,0
9,L,1800,1460,487,0,0
9,L,1800,1460,488,0,0
9,L,1800,1460,489,0,0
9,L,1800,1460,490,0,0
9,L,1800,1460,491,0,0
9,L,1800,1460,492,0,0
9,L,1800,1460,493,0,0
9,L,1800,1460,494,0,0
9,L,1800,1460,495,0,0
9,L,1800,1460,496,0,0
9,L,1800,1460,497,0,0
9,L,1800,1460,498,0,0
9,L,1800,1460,499,0,0
10,L,1800,1480,0,0,0
10,L,1800,1480,1,0,0
10,L,1800,1480,2,1,0
10,L,1800,1480,3,0,0
10,L,1800,1480,4,1,0
10,L,1800,1480,5,2,0
10,L,1800,1480,6,1,0
10,L,1800,1480,7,3,0
10,L,1800,1480,8,2,0
10,L,1800,1480,9,3,0
10,L,1800,1480,10,4,0
10,L,1800,1480,11,3,0
10,L,1800,1480,12,4,0
10,L,1800,1480,13,4,0
10,L,1800,1480,14,4,0
10,L,1800,1480,15,5,0
10,L,1800,1480,16,4,0
10,L,1800,1480,17,5,0
10,L,1800,1480,18,6,0
10,L,1800,1480,19,5,0
10,L,1800,1480,20,5,0
10,L,1800,1480,21,6,0
10,L,1800,1480,22,6,0
10,L,1800,1480,23,6,0
10,L,1800,1480,24,6,0
10,L,1800,1480,25,6,0
10,L,1800,1480,26,6,0
10,L,1800,1480,27,7,0
10,L,1800,1480,28,7,0
10,L,1800,1480,29,6,0
10,L,1800,1480,30,7,0
10,L,1800,1480,31,7,0
10,L,1800,1480,32,7,0
10,L,1800,1480,33,7,0
10,L,1800,1480,34,7,0
10,L,1800,1480,35,8,0
10,L,1800,1480,36,7,0
10,L,1800,1480,37,8,0
10,L,1800,1480,38,7,0
10,L,1800,1480,39,7,0
10,L,1800,1480,40,8,0
10,L,1800,1480,41,8,0
10,L,1800,1480,42,8,0
10,L,1800,1480,43,8,0
10,L,1800,1480,44,8,0
10,L,1800,1480,45,8,0
10,L,1800,1480,46,8,0
10,L,1800,1480,47,8,0
10,L,1800,1480,48,8,0
10,L,1800,1480,49,8,0
10,L,1800,1480,50,8,0
10,L,1800,1480,51,9,0
10,L,1800,1480,52,9,0
10,L,1800,1480,53,8,0
10,L,1800,1480,54,8,0
10,L,1800,1480,55,9,0
10,L,1800,1480,56,8,0
10,L,1800,1480,57,9,0
10,L,1800,1480,58,8,0
10,L,1800,1480,59,9,0
10,L,1800,1480,60,9,0
10,L,1800,1480,61,8,0
10,L,1800,1480,62,9,0
10,L,1800,1480,63,9,0
10,L,1800,1480,64,8,0
10,L,1800,1480,65,10,0
10,L,1800,1480,66,8,0
10,L,1800,1480,67,9,0
10,L,1800,1480,68,9,0
10,L,1800,1480,69,9,0
10,L,1800,1480,70,9,0
10,L,1800,1480,71,9,0
10,L,1800,1480,72,9,0
10,L,1800,1480,73,9,0
10,L,1800,1480,74,9,0
10,L,1800,1480,75,9,0
10,L,1800,1480,76,9,0
10,L,1800,1480,77,10,0
10,L,1800,1480,78,9,0
10,L,1800,1480,79,8,0
10,L,1800,1480,80,10,0
10,L,1800,1480,81,9,0
10,L,1800,1480,82,9,0
10,L,1800,1480,83,9,0
10,L,1800,1480,84,10,0
10,L,1800,1480,85,9,0
10,L,1800,1480,86,9,0
10,L,1800,1480,87,10,0
10,L,1800,1480,88,9,0
10,L,1800,1480,89,9,0
10,L,1800,1480,90,10,0
10,L,1800,1480,91,9,0
10,L,1800,1480,92,9,0
10,L,1800,1480,93,10,0
10,L,1800,1480,94,9,0
10,L,1800,1480,95,9,0
10,L,1800,1480,96,10,0
10,L,1800,1480,97,9,0
10,L,1800,1480,98,9,0
10,L,1800,1480,99,10,0
10,L,1800,1480,100,9,0
10,L,1800,1480,101,9,0
10,L,1800,1480,102,10,0
10,L,1800,1480,103,9,0
10,L,1800,1480,104,10,0
10,L,1800,1480,105,10,0
10,L,1800,1480,106,9,0
10,L,1800,1480,107,10,0
10,L,1800,1480,108,9,0
10,L,1800,1480,109,9,0
10,L,1800,1480,110,10,0
10,L,1800,1480,111,9,0
10,L,1800,1480,112,10,0
10,L,1800,1480,113,10,0
10,L,1800,1480,114,9,0
10,L,1800,1480,115,10,0
10,L,1800,1480,116,9,0
10,L,1800,1480,117,9,0
10,L,1800,1480,118,10,0
10,L,1800,1480,119,9,0
10,L,1800,1480,120,10,0
10,L,1800,1480,121,10,0
10,L,1800,1480,122,9,0
10,L,1800,1480,123,10,0
10,L,1800,1480,124,9,0
10,L,1800,1480,125,9,0
10,L,1800,1480,126,11,0
10,L,1800,1480,127,9,0
10,L,1800,1480,128,10,0
10,L,1800,1480,129,9,0
10,L,1800,1480,130,9,0
10,L,1800,1480,131,11,0
10,L,1800,1480,132,9,0
10,L,1800,1480,133,10,0
10,L,1800,1480,134,9,0
10,L,1800,1480,135,10,0
10,L,1800,1480,136,10,0
10,L,1800,1480,137,9,0
10,L,1800,1480,138,10,0
10,L,1800,1480,139,9,0
10,L,1800,1480,140,10,0
10,L,1800,1480,141,10,0
10,L,1800,1480,142,9,0
10,L,1800,1480,143,10,0
10,L,1800,1480,144,9,0
10,L,1800,1480,145,11,0
10,L,1800,1480,146,9,0
10,L,1800,1480,147,9,0
10,L,1800,1480,148,10,0
10,L,1800,1480,149,10,0
10,L,1800,1480,150,10,0
10,L,1800,1480,151,9,0
10,L,1800,1480,152,11,0
10,L,1800,1480,153,9,0
10,L,1800,1480,154,9,0
10,L,1800,1480,155,10,0
10,L,1800,1480,156,10,0
10,L,1800,1480,157,10,0
10,L,1800,1480,158,9,0
10,L,1800,1480,159,10,0
10,L,1800,1480,160,10,0
10,L,1800,1480,161,9,0
10,L,1800,1480,162,10,0
10,L,1800,1480,163,9,0
10,L,1800,1480,164,11,0
10,L,1800,1480,165,9,0
10,L,1800,1480,166,9,0
10,L,1800,1480,167,11,0
10,L,1800,1480,168,9,0
10,L,1800,1480,169,10,0
10,L,1800,1480,170,10,0
10,L,1800,1480,171,10,0
10,L,1800,1480,172,9,0
10,L,1800,1480,173,10,0
10,L,1800,1480,174,10,0
10,L,1800,1480,175,9,0
10,L,1800,1480,176,10,0
10,L,1800,1480,177,10,0
10,L,1800,1480,178,10,0
10,L,1800,1480,179,9,0
10,L,1800,1480,180,10,0
10,L,1800,1480,181,10,0
10,L,1800,1480,182,9,0
10,L,1800,1480,183,11,0
10,L,1800,1480,184,9,0
10,L,1800,1480,185,10,0
10,L,1800,1480,186,10,0
10,L,1800,1480,187,10,0
10,L,1800,1480,188,9,0
10,L,1800,1480,189,10,0
10,L,1800,1480,190,10,0
10,L,1800,1480,191,9,0
10,L,1800,1480,192,10,0
10,L,1800,1480,193,10,0
10,L,1800,1480,194,10,0
10,L,1800,1480,195,10,0
10,L,1800,1480,196,10,0
10,L,1800,1480,197,9,0
10,L,1800,1480,198,10,0
10,L,1800,1480,199,10,0
10,L,1800,1480,200,9,0
10,L,1800,1480,201,11,0
10,L,1800,1480,202,9,0
10,L,1800,1480,203,10,0
10,L,1800,1480,204,9,0
10,L,1800,1480,205,10,0
10,L,1800,1480,206,9,0
10,L,1800,1480,207,10,0
10,L,1800,1480,208,9,0
10,L,1800,1480,209,9,0
10,L,1800,1480,210,9,0
10,L,1800,1480,211,9,0
10,L,1800,1480,212,10,0
10,L,1800,1480,213,9,0
10,L,1800,1480,214,8,0
10,L,1800,1480,215,9,0
10,L,1800,1480,216,8,0
10,L,1800,1480,217,10,0
10,L,1800,1480,218,8,0
10,L,1800,1480,219,9,0
10,L,1800,1480,220,8,0
10,L,1800,1480,221,8,0
10,L,1800,1480,222,9,0
10,L,1800,1480,223,8,0
10,L,1800,1480,224,8,0
10,L,1800,1480,225,8,0
10,L,1800,1480,226,8,0
10,L,1800,1480,227,8,0
10,L,1800,1480,228,8,0
10,L,1800,1480,229,8,0
10,L,1800,1480,230,8,0
10,L,1800,1480,231,8,0
10,L,1800,1480,232,8,0
10,L,1800,1480,233,7,0
10,L,1800,1480,234,8,0
10,L,1800,1480,235,8,0
10,L,1800,1480,236,7,0
10,L,1800,1480,237,8,0
10,L,1800,1480,238,6,0
10,L,1800,1480,239,8,0
10,L,1800,1480,240,7,0
10,L,1800,1480,241,8,0
10,L,1800,1480,242,7,0
10,L,1800,1480,243,6,0
10,L,1800,1480,244,7,0
10,L,1800,1480,245,8,0
10,L,1800,1480,246,7,0
10,L,1800,1480,247,6,0
10,L,1800,1480,248,7,0
10,L,1800,1480,249,7,0
10,L,1800,1480,250,6,0
10,L,1800,1480,251,7,0
10,L,1800,1480,252,7,0
10,L,1800,1480,253,6,0
10,L,1800,1480,254,7,0
10,L,1800,1480,255,5,0
10,L,1800,1480,256,7,0
10,L,1800,1480,257,7,0
10,L,1800,1480,258,5,0
10,L,1800,1480,259,7,0
10,L,1800,1480,260,6,0
10,L,1800,1480,261,6,0
10,L,1800,1480,262,6,0
10,L,1800,1480,263,6,0
10,L,1800,1480,264,6,0
10,L,1800,1480,265,6,0
10,L,1800,1480,266,5,0
10,L,1800,1480,267,7,0
10,L,1800,1480,268,5,0
10,L,1800,1480,269,6,0
10,L,1800,1480,270,6,0
10,L,1800,1480,271,5,0
10,L,1800,1480,272,6,0
10,L,1800,1480,273,5,0
10,L,1800,1480,274,5,0
10,L,1800,1480,275,6,0
10,L,1800,1480,276,5,0
10,L,1800,1480,277,5,0
10,L,1800,1480,278,6,0
10,L,1800,1480,279,5,0
10,L,1800,1480,280,5,0
10,L,1800,1480,281,6,0
10,L,1800,1480,282,5,0
10,L,1800,1480,283,4,0
10,L,1800,1480,284,5,0
10,L,1800,1480,285,6,0
10,L,1800,1480,286,5,0
10,L,1800,1480,287,4,0
10,L,1800,1480,288,5,0
10,L,1800,1480,289,5,0
10,L,1800,1480,290,5,0
10,L,1800,1480,291,5,0
10,L,1800,1480,292,4,0
10,L,1800,1480,293,5,0
10,L,1800,1480,294,4,0
10,L,1800,1480,295,6,0
10,L,1800,1480,296,4,0
10,L,1800,1480,297,4,0
10,L,1800,1480,298,5,0
10,L,1800,1480,299,4,0
10,L,1800,1480,300,4,0
10,L,1800,1480,301,5,0
10,L,1800,1480,302,4,0
10,L,1800,1480,303,4,0
10,L,1800,1480,304,5,0
10,L,1800,1480,305,5,0
10,L,1800,1480,306,4,0
10,L,1800,1480,307,4,0
10,L,1800,1480,308,4,0
10,L,1800,1480,309,4,0
10,L,1800,1480,310,4,0
10,L,1800,1480,311,4,0
10,L,1800,1480,312,4,0
10,L,1800,1480,313,4,0
10,L,1800,1480,314,4,0
10,L,1800,1480,315,4,0
10,L,1800,1480,316,4,0
10,L,1800,1480,317,4,0
10,L,1800,1480,318,4,0
10,L,1800,1480,319,4,0
10,L,1800,1480,320,3,0
10,L,1800,1480,321,3,0
10,L,1800,1480,322,4,0
10,L,1800,1480,323,4,0
10,L,1800,1480,324,4,0
10,L,1800,1480,325,3,0
10,L,1800,1480,326,4,0
10,L,1800,1480,327,4,0
10,L,1800,1480,328,3,0
10,L,1800,1480,329,4,0
10,L,1800,1480,330,4,0
10,L,1800,1480,331,2,0
10,L,1800,1480,332,4,0
10,L,1800,1480,333,4,0
10,L,1800,1480,334,3,0
10,L,1800,1480,335,4,0
10,L,1800,1480,336,3,0
10,L,1800,1480,337,3,0
10,L,1800,1480,338,3,0
10,L,1800,1480,339,4,0
10,L,1800,1480,340,3,0
10,L,1800,1480,341,4,0
10,L,1800,1480,342,3,0
10,L,1800,1480,343,2,0
10,L,1800,1480,344,4,0
10,L,1800,1480,345,3,0
10,L,1800,1480,346,3,0
10,L,1800,1480,347,4,0
10,L,1800,1480,348,2,0
10,L,1800,1480,349,3,0
10,L,1800,1480,350,4,0
10,L,1800,1480,351,3,0
10,L,1800,1480,352,3,0
10,L,1800,1480,353,3,0
10,L,1800,1480,354,3,0
10,L,1800,1480,355,3,0
10,L,1800,1480,356,2,0
10,L,1800,1480,357,4,0
10,L,1800,1480,358,3,0
10,L,1800,1480,359,3,0
10,L,1800,1480,360,2,0
10,L,1800,1480,361,3,0
10,L,1800,1480,362,3,0
10,L,1800,1480,363,2,0
10,L,1800,1480,364,3,0
10,L,1800,1480,365,4,0
10,L,1800,1480,366,2,0
10,L,1800,1480,367,3,0
10,L,1800,1480,368,3,0
10,L,1800,1480,369,3,0
10,L,1800,1480,370,2,0
10,L,1800,1480,371,3,0
10,L,1800,1480,372,3,0
10,L,1800,1480,373,2,0
10,L,1800,1480,374,3,0
10,L,1800,1480,375,3,0
10,L,1800,1480,376,2,0
10,L,1800,1480,377,3,0
10,L,1800,1480,378,3,0
10,L,1800,1480,379,2,0
10,L,1800,1480,380,3,0
10,L,1800,1480,381,2,0
10,L,1800,1480,382,2,0
10,L,1800,1480,383,3,0
10,L,1800,1480,384,3,0
10,L,1800,1480,385,2,0
10,L,1800,1480,386,3,0
10,L,1800,1480,387,2,0
10,L,1800,1480,388,3,0
10,L,1800,1480,389,3,0
10,L,1800,1480,390,2,0
10,L,1800,1480,391,2,0
10,L,1800,1480,392,2,0
10,L,1800,1480,393,3,0
10,L,1800,1480,394,3,0
10,L,1800,1480,395,2,0
10,L,1800,1480,396,2,0
10,L,1800,1480,397,2,0
10,L,1800,1480,398,3,0
10,L,1800,1480,399,3,0
10,L,1800,1480,400,2,0
10,L,1800,1480,401,2,0
10,L,1800,1480,402,2,0
10,L,1800,1480,403,3,0
10,L,1800,1480,404,1,0
10,L,1800,1480,405,3,0
10,L,1800,1480,406,2,0
10,L,1800,1480,407,2,0
10,L,1800,1480,408,2,0
10,L,1800,1480,409,2,0
10,L,1800,1480,410,1,0
10,L,1800,1480,411,2,0
10,L,1800,1480,412,2,0
10,L,1800,1480,413,2,0
10,L,1800,1480,414,1,0
10,L,1800,1480,415,1,0
10,L,1800,1480,416,2,0
10,L,1800,1480,417,1,0
10,L,1800,1480,418,2,0
10,L,1800,1480,419,1,0
10,L,1800,1480,420,1,0
10,L,1800,1480,421,1,0
10,L,1800,1480,422,2,0
10,L,1800,1480,423,1,0
10,L,1800,1480,424,1,0
10,L,1800,1480,425,1,0
10,L,1800,1480,426,1,0
10,L,1800,1480,427,1,0
10,L,1800,1480,428,0,0
10,L,1800,1480,429,1,0
10,L,1800,1480,430,1,0
10,L,1800,1480,431,1,0
10,L,1800,1480,432,1,0
10,L,1800,1480,433,0,0
10,L,1800,1480,434,0,0
10,L,1800,1480,435,1,0
10,L,1800,1480,436,0,0
10,L,1800,1480,437,0,0
10,L,1800,1480,438,1,0
10,L,1800,1480,439,1,0
10,L,1800,1480,440,0,0
10,L,1800,1480,441,0,0
10,L,1800,1480,442,0,0
10,L,1800,1480,443,0,0
10,L,1800,1480,444,0,0
10,L,1800,1480,445,0,0
10,L,1800,1480,446,0,0
10,L,1800,1480,447,0,0
10,L,1800,1480,448,0,0
10,L,1800,1480,449,0,0
10,L,1800,1480,450,0,0
10,L,1800,1480,451,0,0
10,L,1800,1480,452,0,0
10,L,1800,1480,453,0,0
10,L,1800,1480,454,0,0
10,L,1800,1480,455,0,0
10,L,1800,1480,456,0,0
10,L,1800,1480,457,0,0
10,L,1800,1480,458,0,0
10,L,1800,1480,459,0,0
10,L,1800,1480,460,0,0
10,L,1800,1480,461,0,0
10,L,1800,1480,462,0,0
10,L,1800,1480,463,0,0
10,L,1800,1480,464,0,0
10,L,1800,1480,465,0,0
10,L,1800,1480,466,0,0
10,L,1800,1480,467,0,0
10,L,1800,1480,468,0,0
10,L,1800,1480,469,0,0
10,L,1800,1480,470,0,0
10,L,1800,1480,471,0,0
10,L,1800,1480,472,0,0
10,L,1800,1480,473,0,0
10,L,1800,1480,474,0,0
10,L,1800,1480,475,0,0
10,L,1800,1480,476,0,0
10,L,1800,1480,477,0,0
10,L,1800,1480,478,0,0
10,L,1800,1480,479,0,0
10,L,1800,1480,480,0,0
10,L,1800,1480,481,0,0
10,L,1800,1480,482,0,0
10,L,1800,1480,483,0,0
10,L,1800,1480,484,0,0
10,L,1800,1480,485,0,0
10,L,1800,1480,486,0,0
10,L,1800,1480,487,0,0
10,L,1800,1480,488,0,0
10,L,1800,1480,489,0,0
10,L,1800,1480,490,0,0
10,L,1800,1480,491,0,0
10,L,1800,1480,492,0,0
10,L,1800,1480,493,0,0
10,L,1800,1480,494,0,0
10,L,1800,1480,495,0,0
10,L,1800,1480,496,0,0
10,L,1800,1480,497,0,0
10,L,1800,1480,498,0,0
10,L,1800,1480,499,0,0
11,L,1800,1500,0,0,0
11,L,1800,1500,1,0,0
11,L,1800,1500,2,1,0
11,L,1800,1500,3,1,0
11,L,1800,1500,4,2,0
11,L,1800,1500,5,1,0
11,L,1800,1500,6,3,0
11,L,1800,1500,7,2,0
11,L,1800,1500,8,3,0
11,L,1800,1500,9,4,0
11,L,1800,1500,10,4,0
11,L,1800,1500,11,3,0
11,L,1800,1500,12,5,0
11,L,1800,1500,13,4,0
11,L,1800,1500,14,5,0
11,L,1800,1500,15,4,0
11,L,1800,1500,16,6,0
11,L,1800,1500,17,5,0
11,L,1800,1500,18,5,0
11,L,1800,1500,19,6,0
11,L,1800,1500,20,6,0
11,L,1800,1500,21,6,0
11,L,1800,1500,22,6,0
11,L,1800,1500,23,6,0
11,L,1800,1500,24,6,0
11,L,1800,1500,25,7,0
11,L,1800,1500,26,7,0
11,L,1800,1500,27,6,0
11,L,1800,1500,28,7,0
11,L,1800,1500,29,7,0
11,L,1800,1500,30,7,0
11,L,1800,1500,31,7,0
11,L,1800,1500,32,7,0
11,L,1800,1500,33,8,0
11,L,1800,1500,34,7,0
11,L,1800,1500,35,8,0
11,L,1800,1500,36,7,0
11,L,1800,1500,37,7,0
11,L,1800,1500,38,8,0
11,L,1800,1500,39,8,0
11,L,1800,1500,40,8,0
11,L,1800,1500,41,7,0
11,L,1800,1500,42,8,0
11,L,1800,1500,43,8,0
11,L,1800,1500,44,8,0
11,L,1800,1500,45,8,0
11,L,1800,1500,46,9,0
11,L,1800,1500,47,8,0
11,L,1800,1500,48,8,0
11,L,1800,1500,49,8,0
11,L,1800,1500,50,9,0
11,L,1800,1500,51,9,0
11,L,1800,1500,52,8,0
11,L,1800,1500,53,9,0
11,L,1800,1500,54,8,0
11,L,1800,1500,55,8,0
11,L,1800,1500,56,9,0
11,L,1800,1500,57,8,0
11,L,1800,1500,58,10,0
11,L,1800,1500,59,8,0
11,L,1800,1500,60,9,0
11,L,1800,1500,61,8,0
11,L,1800,1500,62,9,0
11,L,1800,1500,63,9,0
11,L,1800,1500,64,9,0
11,L,1800,1500,65,9,0
11,L,1800,1500,66,8,0
11,L,1800,1500,67,9,0
11,L,1800,1500,68,10,0
11,L,1800,1500,69,9,0
11,L,1800,1500,70,8,0
11,L,1800,1500,71,9,0
11,L,1800,1500,72,10,0
11,L,1800,1500,73,9,0
11,L,1800,1500,74,9,0
11,L,1800,1500,75,8,0
11,L,1800,1500,76,10,0
11,L,1800,1500,77,9,0
11,L,1800,1500,78,9,0
11,L,1800,1500,79,10,0
11,L,1800,1500,80,9,0
11,L,1800,1500,81,9,0
11,L,1800,1500,82,9,0
11,L,1800,1500,83,9,0
11,L,1800,1500,84,9,0
11,L,1800,1500,85,9,0
11,L,1800,1500,86,10,0
11,L,1800,1500,87,9,0
11,L,1800,1500,88,9,0
11,L,1800,1500,89,10,0
11,L,1800,1500,90,9,0
11,L,1800,1500,91,9,0
11,L,1800,1500,92,10,0
11,L,1800,1500,93,9,0
11,L,1800,1500,94,9,0
11,L,1800,1500,95,10,0
11,L,1800,1500,96,9,0
11,L,1800,1500,97,9,0
11,L,1800,1500,98,10,0
11,L,1800,1500,99,9,0
11,L,1800,1500,100,10,0
11,L,1800,1500,101,10,0
11,L,1800,1500,102,9,0
11,L,1800,1500,103,10,0
11,L,1800,1500,104,9,0
11,L,1800,1500,105,9,0
11,L,1800,1500,106,10,0
11,L,1800,1500,107,9,0
11,L,1800,1500,108,9,0
11,L,1800,1500,109,10,0
11,L,1800,1500,110,10,0
11,L,1800,1500,111,10,0
11,L,1800,1500,112,9,0
11,L,1800,1500,113,9,0
11,L,1800,1500,114,10,0
11,L,1800,1500,115,9,0
11,L,1800,1500,116,10,0
11,L,1800,1500,117,9,0
11,L,1800,1500,118,10,0
11,L,1800,1500,119,10,0
11,L,1800,1500,120,9,0
11,L,1800,1500,121,9,0
11,L,1800,1500,122,11,0
11,L,1800,1500,123,9,0
11,L,1800,1500,124,10,0
11,L,1800,1500,125,9,0
11,L,1800,1500,126,9,0
11,L,1800,1500,127,10,0
11,L,1800,1500,128,10,0
11,L,1800,1500,129,10,0
11,L,1800,1500,130,9,0
11,L,1800,1500,131,9,0
11,L,1800,1500,132,10,0
11,L,1800,1500,133,10,0
11,L,1800,1500,134,10,0
11,L,1800,1500,135,9,0
11,L,1800,1500,136,9,0
11,L,1800,1500,137,10,0
11,L,1800,1500,138,10,0
11,L,1800,1500,139,10,0
11,L,1800,1500,140,9,0
11,L,1800,1500,141,10,0
11,L,1800,1500,142,10,0
11,L,1800,1500,143,9,0
11,L,1800,1500,144,10,0
11,L,1800,1500,145,9,0
11,L,1800,1500,146,10,0
11,L,1800,1500,147,10,0
11,L,1800,1500,148,9,0
11,L,1800,1500,149,10,0
11,L,1800,1500,150,10,0
11,L,1800,1500,151,10,0
11,L,1800,1500,152,9,0
11,L,1800,1500,153,10,0
11,L,1800,1500,154,10,0
11,L,1800,1500,155,9,0
11,L,1800,1500,156,10,0
11,L,1800,1500,157,10,0
11,L,1800,1500,158,10,0
11,L,1800,1500,159,9,0
11,L,1800,1500,160,10,0
11,L,1800,1500,161,10,0
11,L,1800,1500,162,9,0
11,L,1800,1500,163,10,0
11,L,1800,1500,164,10,0
11,L,1800,1500,165,10,0
11,L,1800,1500,166,9,0
11,L,1800,1500,167,10,0
11,L,1800,1500,168,10,0
11,L,1800,1500,169,9,0
11,L,1800,1500,170,10,0
11,L,1800,1500,171,10,0
11,L,1800,1500,172,10,0
11,L,1800,1500,173,9,0
11,L,1800,1500,174,11,0
11,L,1800,1500,175,9,0
11,L,1800,1500,176,9,0
11,L,1800,1500,177,11,0
11,L,1800,1500,178,9,0
11,L,1800,1500,179,10,0
11,L,1800,1500,180,10,0
11,L,1800,1500,181,10,0
11,L,1800,1500,182,9,0
11,L,1800,1500,183,11,0
11,L,1800,1500,184,9,0
11,L,1800,1500,185,9,0
11,L,1800,1500,186,10,0
11,L,1800,1500,187,10,0
11,L,1800,1500,188,10,0
11,L,1800,1500,189,10,0
11,L,1800,1500,190,10,0
11,L,1800,1500,191,9,0
11,L,1800,1500,192,10,0
11,L,1800,1500,193,10,0
11,L,1800,1500,194,9,0
11,L,1800,1500,195,11,0
11,L,1800,1500,196,9,0
11,L,1800,1500,197,10,0
11,L,1800,1500,198,10,0
11,L,1800,1500,199,10,0
11,L,1800,1500,200,9,0
11,L,1800,1500,201,11,0
11,L,1800,1500,202,9,0
11,L,1800,1500,203,9,0
11,L,1800,1500,204,10,0
11,L,1800,1500,205,10,0
11,L,1800,1500,206,10,0
11,L,1800,1500,207,9,0
11,L,1800,1500,208,9,0
11,L,1800,1500,209,9,0
11,L,1800,1500,210,9,0
11,L,1800,1500,211,9,0
11,L,1800,1500,212,9,0
11,L,1800,1500,213,10,0
11,L,1800,1500,214,8,0
11,L,1800,1500,215,9,0
11,L,1800,1500,216,9,0
11,L,1800,1500,217,8,0
11,L,1800,1500,218,9,0
11,L,1800,1500,219,9,0
11,L,1800,1500,220,8,0
11,L,1800,1500,221,9,0
11,L,1800,1500,222,8,0
11,L,1800,1500,223,8,0
11,L,1800,1500,224,8,0
11,L,1800,1500,225,8,0
11,L,1800,1500,226,9,0
11,L,1800,1500,227,8,0
11,L,1800,1500,228,8,0
11,L,1800,1500,229,7,0
11,L,1800,1500,230,8,0
11,L,1800,1500,231,8,0
11,L,1800,1500,232,8,0
11,L,1800,1500,233,8,0
11,L,1800,1500,234,7,0
11,L,1800,1500,235,8,0
11,L,1800,1500,236,8,0
11,L,1800,1500,237,7,0
11,L,1800,1500,238,7,0
11,L,1800,1500,239,7,0
11,L,1800,1500,240,8,0
11,L,1800,1500,241,7,0
11,L,1800,1500,242,7,0
11,L,1800,1500,243,7,0
11,L,1800,1500,244,7,0
11,L,1800,1500,245,7,0
11,L,1800,1500,246,7,0
11,L,1800,1500,247,7,0
11,L,1800,1500,248,7,0
11,L,1800,1500,249,7,0
11,L,1800,1500,250,6,0
11,L,1800,1500,251,7,0
11,L,1800,1500,252,7,0
11,L,1800,1500,253,6,0
11,L,1800,1500,254,7,0
11,L,1800,1500,255,6,0
11,L,1800,1500,256,6,0
11,L,1800,1500,257,7,0
11,L,1800,1500,258,6,0
11,L,1800,1500,259,6,0
11,L,1800,1500,260,6,0
11,L,1800,1500,261,7,0
11,L,1800,1500,262,5,0
11,L,1800,1500,263,7,0
11,L,1800,1500,264,5,0
11,L,1800,1500,265,7,0
11,L,1800,1500,266,5,0
11,L,1800,1500,267,6,0
11,L,1800,1500,268,6,0
11,L,1800,1500,269,6,0
11,L,1800,1500,270,6,0
11,L,1800,1500,271,6,0
11,L,1800,1500,272,5,0
11,L,1800,1500,273,5,0
11,L,1800,1500,274,6,0
11,L,1800,1500,275,5,0
11,L,1800,1500,276,6,0
11,L,1800,1500,277,6,0
11,L,1800,1500,278,5,0
11,L,1800,1500,279,6,0
11,L,1800,1500,280,5,0
11,L,1800,1500,281,5,0
11,L,1800,1500,282,5,0
11,L,1800,1500,283,5,0
11,L,1800,1500,284,5,0
11,L,1800,1500,285,5,0
11,L,1800,1500,286,6,0
11,L,1800,1500,287,5,0
11,L,1800,1500,288,4,0
11,L,1800,1500,289,5,0
11,L,1800,1500,290,6,0
11,L,1800,1500,291,4,0
11,L,1800,1500,292,5,0
11,L,1800,1500,293,5,0
11,L,1800,1500,294,4,0
11,L,1800,1500,295,6,0
11,L,1800,1500,296,4,0
11,L,1800,1500,297,5,0
11,L,1800,1500,298,4,0
11,L,1800,1500,299,5,0
11,L,1800,1500,300,4,0
11,L,1800,1500,301,5,0
11,L,1800,1500,302,5,0
11,L,1800,1500,303,4,0
11,L,1800,1500,304,5,0
11,L,1800,1500,305,4,0
11,L,1800,1500,306,4,0
11,L,1800,1500,307,4,0
11,L,1800,1500,308,5,0
11,L,1800,1500,309,4,0
11,L,1800,1500,310,4,0
11,L,1800,1500,311,4,0
11,L,1800,1500,312,4,0
11,L,1800,1500,313,5,0
11,L,1800,1500,314,4,0
11,L,1800,1500,315,4,0
11,L,1800,1500,316,5,0
11,L,1800,1500,317,4,0
11,L,1800,1500,318,4,0
11,L,1800,1500,319,4,0
11,L,1800,1500,320,4,0
11,L,1800,1500,321,4,0
11,L,1800,1500,322,3,0
11,L,1800,1500,323,4,0
11,L,1800,1500,324,4,0
11,L,1800,1500,325,3,0
11,L,1800,1500,326,4,0
11,L,1800,1500,327,4,0
11,L,1800,1500,328,4,0
11,L,1800,1500,329,4,0
11,L,1800,1500,330,4,0
11,L,1800,1500,331,3,0
11,L,1800,1500,332,4,0
11,L,1800,1500,333,4,0
11,L,1800,1500,334,3,0
11,L,1800,1500,335,4,0
11,L,1800,1500,336,4,0
11,L,1800,1500,337,3,0
11,L,1800,1500,338,3,0
11,L,1800,1500,339,4,0
11,L,1800,1500,340,4,0
11,L,1800,1500,341,3,0
11,L,1800,1500,342,4,0
11,L,1800,1500,343,3,0
11,L,1800,1500,344,4,0
11,L,1800,1500,345,3,0
11,L,1800,1500,346,3,0
11,L,1800,1500,347,4,0
11,L,1800,1500,348,3,0
11,L,1800,1500,349,4,0
11,L,1800,1500,350,3,0
11,L,1800,1500,351,3,0
11,L,1800,1500,352,3,0
11,L,1800,1500,353,4,0
11,L,1800,1500,354,3,0
11,L,1800,1500,355,3,0
11,L,1800,1500,356,4,0
11,L,1800,1500,357,2,0
11,L,1800,1500,358,4,0
11,L,1800,1500,359,3,0
11,L,1800,1500,360,3,0
11,L,1800,1500,361,4,0
11,L,1800,1500,362,2,0
11,L,1800,1500,363,3,0
11,L,1800,1500,364,4,0
11,L,1800,1500,365,3,0
11,L,1800,1500,366,3,0
11,L,1800,1500,367,3,0
11,L,1800,1500,368,3,0
11,L,1800,1500,369,3,0
11,L,1800,1500,370,4,0
11,L,1800,1500,371,2,0
11,L,1800,1500,372,3,0
11,L,1800,1500,373,3,0
11,L,1800,1500,374,3,0
11,L,1800,1500,375,3,0
11,L,1800,1500,376,3,0
11,L,1800,1500,377,3,0
11,L,1800,1500,378,3,0
11,L,1800,1500,379,3,0
11,L,1800,1500,380,3,0
11,L,1800,1500,381,3,0
11,L,1800,1500,382,2,0
11,L,1800,1500,383,3,0
11,L,1800,1500,384,3,0
11,L,1800,1500,385,4,0
11,L,1800,1500,386,2,0
11,L,1800,1500,387,3,0
11,L,1800,1500,388,3,0
11,L,1800,1500,389,2,0
11,L,1800,1500,390,3,0
11,L,1800,1500,391,3,0
11,L,1800,1500,392,2,0
11,L,1800,1500,393,3,0
11,L,1800,1500,394,3,0
11,L,1800,1500,395,3,0
11,L,1800,1500,396,3,0
11,L,1800,1500,397,3,0
11,L,1800,1500,398,3,0
11,L,1800,1500,399,2,0
11,L,1800,1500,400,3,0
11,L,1800,1500,401,3,0
11,L,1800,1500,402,2,0
11,L,1800,1500,403,3,0
11,L,1800,1500,404,2,0
11,L,1800,1500,405,2,0
11,L,1800,1500,406,3,0
11,L,1800,1500,407,2,0
11,L,1800,1500,408,3,0
11,L,1800,1500,409,1,0
11,L,1800,1500,410,3,0
11,L,1800,1500,411,2,0
11,L,1800,1500,412,2,0
11,L,1800,1500,413,2,0
11,L,1800,1500,414,2,0
11,L,1800,1500,415,2,0
11,L,1800,1500,416,2,0
11,L,1800,1500,417,1,0
11,L,1800,1500,418,2,0
11,L,1800,1500,419,2,0
11,L,1800,1500,420,2,0
11,L,1800,1500,421,1,0
11,L,1800,1500,422,1,0
11,L,1800,1500,423,2,0
11,L,1800,1500,424,1,0
11,L,1800,1500,425,1,0
11,L,1800,1500,426,2,0
11,L,1800,1500,427,1,0
11,L,1800,1500,428,1,0
11,L,1800,1500,429,2,0
11,L,1800,1500,430,0,0
11,L,1800,1500,431,1,0
11,L,1800,1500,432,1,0
11,L,1800,1500,433,2,0
11,L,1800,1500,434,0,0
11,L,1800,1500,435,1,0
11,L,1800,1500,436,1,0
11,L,1800,1500,437,0,0
11,L,1800,1500,438,1,0
11,L,1800,1500,439,1,0
11,L,1800,1500,440,0,0
11,L,1800,1500,441,1,0
11,L,1800,1500,442,0,0
11,L,1800,1500,443,0,0
11,L,1800,1500,444,0,0
11,L,1800,1500,445,1,0
11,L,1800,1500,446,0,0
11,L,1800,1500,447,0,0
11,L,1800,1500,448,0,0
11,L,1800,1500,449,0,0
11,L,1800,1500,450,0,0
11,L,1800,1500,451,0,0
11,L,1800,1500,452,0,0
11,L,1800,1500,453,0,0
11,L,1800,1500,454,0,0
11,L,1800,1500,455,0,0
11,L,1800,1500,456,0,0
11,L,1800,1500,457,0,0
11,L,1800,1500,458,0,0
11,L,1800,1500,459,0,0
11,L,1800,1500,460,0,0
11,L,1800,1500,461,0,0
11,L,1800,1500,462,0,0
11,L,1800,1500,463,1,0
11,L,1800,1500,464,0,0
11,L,1800,1500,465,0,0
11,L,1800,1500,466,0,0
11,L,1800,1500,467,0,0
11,L,1800,1500,468,0,0
11,L,1800,1500,469,0,0
11,L,1800,1500,470,0,0
11,L,1800,1500,471,0,0
11,L,1800,1500,472,0,0
11,L,1800,1500,473,0,0
11,L,1800,1500,474,0,0
11,L,1800,1500,475,0,0
11,L,1800,1500,476,0,0
11,L,1800,1500,477,0,0
11,L,1800,1500,478,0,0
11,L,1800,1500,479,0,0
11,L,1800,1500,480,0,0
11,L,1800,1500,481,0,0
11,L,1800,1500,482,0,0
11,L,1800,1500,483,0,0
11,L,1800,1500,484,0,0
11,L,1800,1500,485,0,0
11,L,1800,1500,486,0,0
11,L,1800,1500,487,0,0
11,L,1800,1500,488,0,0
11,L,1800,1500,489,0,0
11,L,1800,1500,490,0,0
11,L,1800,1500,491,0,0
11,L,1800,1500,492,0,0
11,L,1800,1500,493,0,0
11,L,1800,1500,494,0,0
11,L,1800,1500,495,0,0
11,L,1800,1500,496,0,0
11,L,1800,1500,497,0,0
11,L,1800,1500,498,0,0
11,L,1800,1500,499,0,0
12,L,1500,1600,0,0,0
12,L,1500,1600,1,0,0
12,L,1500,1600,2,1,0
12,L,1500,1600,3,0,0
12,L,1500,1600,4,0,0
12,L,1500,1600,5,0,0
12,L,1500,1600,6,0,0
12,L,1500,1600,7,1,0
12,L,1500,1600,8,0,0
12,L,1500,1600,9,0,0
12,L,1500,1600,10,1,0
12,L,1500,1600,11,0,0
12,L,1500,1600,12,0,0
12,L,1500,1600,13,1,0
12,L,1500,1600,14,1,0
12,L,1500,1600,15,0,0
12,L,1500,1600,16,0,0
12,L,1500,1600,17,1,0
12,L,1500,1600,18,0,0
12,L,1500,1600,19,1,0
12,L,1500,1600,20,0,0
12,L,1500,1600,21,2,0
12,L,1500,1600,22,0,0
12,L,1500,1600,23,1,0
12,L,1500,1600,24,1,0
12,L,1500,1600,25,0,0
12,L,1500,1600,26,2,0
12,L,1500,1600,27,1,0
12,L,1500,1600,28,0,0
12,L,1500,1600,29,1,0
12,L,1500,1600,30,2,0
12,L,1500,1600,31,1,0
12,L,1500,1600,32,0,0
12,L,1500,1600,33,1,0
12,L,1500,1600,34,2,0
12,L,1500,1600,35,1,0
12,L,1500,1600,36,1,0
12,L,1500,1600,37,1,0
12,L,1500,1600,38,1,0
12,L,1500,1600,39,1,0
12,L,1500,1600,40,1,0
12,L,1500,1600,41,2,0
12,L,1500,1600,42,1,0
12,L,1500,1600,43,1,0
12,L,1500,1600,44,2,0
12,L,1500,1600,45,1,0
12,L,1500,1600,46,1,0
12,L,1500,1600,47,2,0
12,L,1500,1600,48,1,0
12,L,1500,1600,49,1,0
12,L,1500,1600,50,2,0
12,L,1500,1600,51,1,0
12,L,1500,1600,52,1,0
12,L,1500,1600,53,2,0
12,L,1500,1600,54,1,0
12,L,1500,1600,55,2,0
12,L,1500,1600,56,2,0
12,L,1500,1600,57,1,0
12,L,1500,1600,58,2,0
12,L,1500,1600,59,1,0
12,L,1500,1600,60,1,0
12,L,1500,1600,61,2,0
12,L,1500,1600,62,1,0
12,L,1500,1600,63,2,0
12,L,1500,1600,64,2,0
12,L,1500,1600,65,1,0
12,L,1500,1600,66,2,0
12,L,1500,1600,67,1,0
12,L,1500,1600,68,3,0
12,L,1500,1600,69,1,0
12,L,1500,1600,70,1,0
12,L,1500,1600,71,2,0
12,L,1500,1600,72,2,0
12,L,1500,1600,73,2,0
12,L,1500,1600,74,1,0
12,L,1500,1600,75,1,0
12,L,1500,1600,76,3,0
12,L,1500,1600,77,1,0
12,L,1500,1600,78,2,0
12,L,1500,1600,79,1,0
12,L,1500,1600,80,3,0
12,L,1500,1600,81,1,0
12,L,1500,1600,82,2,0
12,L,1500,1600,83,2,0
12,L,1500,1600,84,1,0
12,L,1500,1600,85,2,0
12,L,1500,1600,86,2,0
12,L,1500,1600,87,2,0
12,L,1500,1600,88,1,0
12,L,1500,1600,89,3,0
12,L,1500,1600,90,1,0
12,L,1500,1600,91,3,0
12,L,1500,1600,92,1,0
12,L,1500,1600,93,2,0
12,L,1500,1600,94,2,0
12,L,1500,1600,95,1,0
12,L,1500,1600,96,2,0
12,L,1500,1600,97,2,0
12,L,1500,1600,98,2,0
12,L,1500,1600,99,2,0
12,L,1500,1600,100,2,0
12,L,1500,1600,101,2,0
12,L,1500,1600,102,2,0
12,L,1500,1600,103,1,0
12,L,1500,1600,104,3,0
12,L,1500,1600,105,1,0
12,L,1500,1600,106,3,0
12,L,1500,1600,107,1,0
12,L,1500,1600,108,2,0
12,L,1500,1600,109,2,0
12,L,1500,1600,110,2,0
12,L,1500,1600,111,2,0
12,L,1500,1600,112,1,0
12,L,1500,1600,113,3,0
12,L,1500,1600,114,1,0
12,L,1500,1600,115,3,0
12,L,1500,1600,116,1,0
12,L,1500,1600,117,3,0
12,L,1500,1600,118,1,0
12,L,1500,1600,119,3,0
12,L,1500,1600,120,1,0
12,L,1500,1600,121,2,0
12,L,1500,1600,122,2,0
12,L,1500,1600,123,2,0
12,L,1500,1600,124,2,0
12,L,1500,1600,125,2,0
12,L,1500,1600,126,2,0
12,L,1500,1600,127,2,0
12,L,1500,1600,128,2,0
12,L,1500,1600,129,2,0
12,L,1500,1600,130,2,0
12,L,1500,1600,131,2,0
12,L,1500,1600,132,2,0
12,L,1500,1600,133,3,0
12,L,1500,1600,134,1,0
12,L,1500,1600,135,3,0
12,L,1500,1600,136,1,0
12,L,1500,1600,137,3,0
12,L,1500,1600,138,1,0
12,L,1500,1600,139,3,0
12,L,1500,1600,140,1,0
12,L,1500,1600,141,3,0
12,L,1500,1600,142,1,0
12,L,1500,1600,143,3,0
12,L,1500,1600,144,1,0
12,L,1500,1600,145,3,0
12,L,1500,1600,146,1,0
12,L,1500,1600,147,3,0
12,L,1500,1600,148,1,0
12,L,1500,1600,149,3,0
12,L,1500,1600,150,2,0
12,L,1500,1600,151,2,0
12,L,1500,1600,152,2,0
12,L,1500,1600,153,2,0
12,L,1500,1600,154,2,0
12,L,1500,1600,155,2,0
12,L,1500,1600,156,3,0
12,L,1500,1600,157,1,0
12,L,1500,1600,158,3,0
12,L,1500,1600,159,1,0
12,L,1500,1600,160,3,0
12,L,1500,1600,161,2,0
12,L,1500,1600,162,2,0
12,L,1500,1600,163,2,0
12,L,1500,1600,164,2,0
12,L,1500,1600,165,2,0
12,L,1500,1600,166,2,0
12,L,1500,1600,167,2,0
12,L,1500,1600,168,2,0
12,L,1500,1600,169,2,0
12,L,1500,1600,170,3,0
12,L,1500,1600,171,1,0
12,L,1500,1600,172,3,0
12,L,1500,1600,173,1,0
12,L,1500,1600,174,3,0
12,L,1500,1600,175,2,0
12,L,1500,1600,176,2,0
12,L,1500,1600,177,2,0
12,L,1500,1600,178,2,0
12,L,1500,1600,179,3,0
12,L,1500,1600,180,1,0
12,L,1500,1600,181,3,0
12,L,1500,1600,182,2,0
12,L,1500,1600,183,2,0
12,L,1500,1600,184,2,0
12,L,1500,1600,185,2,0
12,L,1500,1600,186,2,0
12,L,1500,1600,187,2,0
12,L,1500,1600,188,2,0
12,L,1500,1600,189,2,0
12,L,1500,1600,190,2,0
12,L,1500,1600,191,3,0
12,L,1500,1600,192,1,0
12,L,1500,1600,193,3,0
12,L,1500,1600,194,2,0
12,L,1500,1600,195,2,0
12,L,1500,1600,196,2,0
12,L,1500,1600,197,2,0
12,L,1500,1600,198,3,0
12,L,1500,1600,199,1,0
12,L,1500,1600,200,3,0
12,L,1500,1600,201,2,0
12,L,1500,1600,202,2,0
12,L,1500,1600,203,2,0
12,L,1500,1600,204,2,0
12,L,1500,1600,205,2,0
12,L,1500,1600,206,3,0
12,L,1500,1600,207,3,0
12,L,1500,1600,208,2,0
12,L,1500,1600,209,3,0
12,L,1500,1600,210,3,0
12,L,1500,1600,211,2,0
12,L,1500,1600,212,3,0
12,L,1500,1600,213,3,0
12,L,1500,1600,214,2,0
12,L,1500,1600,215,3,0
12,L,1500,1600,216,4,0
12,L,1500,1600,217,3,0
12,L,1500,1600,218,2,0
12,L,1500,1600,219,3,0
12,L,1500,1600,220,4,0
12,L,1500,1600,221,3,0
12,L,1500,1600,222,3,0
12,L,1500,1600,223,3,0
12,L,1500,1600,224,3,0
12,L,1500,1600,225,4,0
12,L,1500,1600,226,3,0
12,L,1500,1600,227,4,0
12,L,1500,1600,228,3,0
12,L,1500,1600,229,3,0
12,L,1500,1600,230,4,0
12,L,1500,1600,231,3,0
12,L,1500,1600,232,4,0
12,L,1500,1600,233,3,0
12,L,1500,1600,234,4,0
12,L,1500,1600,235,4,0
12,L,1500,1600,236,2,0
12,L,1500,1600,237,4,0
12,L,1500,1600,238,4,0
12,L,1500,1600,239,4,0
12,L,1500,1600,240,3,0
12,L,1500,1600,241,4,0
12,L,1500,1600,242,4,0
12,L,1500,1600,243,4,0
12,L,1500,1600,244,4,0
12,L,1500,1600,245,3,0
12,L,1500,1600,246,4,0
12,L,1500,1600,247,4,0
12,L,1500,1600,248,4,0
12,L,1500,1600,249,4,0
12,L,1500,1600,250,4,0
12,L,1500,1600,251,4,0
12,L,1500,1600,252,4,0
12,L,1500,1600,253,4,0
12,L,1500,1600,254,4,0
12,L,1500,1600,255,4,0
12,L,1500,1600,256,3,0
12,L,1500,1600,257,4,0
12,L,1500,1600,258,4,0
12,L,1500,1600,259,4,0
12,L,1500,1600,260,4,0
12,L,1500,1600,261,4,0
12,L,1500,1600,262,4,0
12,L,1500,1600,263,5,0
12,L,1500,1600,264,4,0
12,L,1500,1600,265,4,0
12,L,1500,1600,266,4,0
12,L,1500,1600,267,4,0
12,L,1500,1600,268,4,0
12,L,1500,1600,269,4,0
12,L,1500,1600,270,4,0
12,L,1500,1600,271,4,0
12,L,1500,1600,272,4,0
12,L,1500,1600,273,5,0
12,L,1500,1600,274,4,0
12,L,1500,1600,275,4,0
12,L,1500,1600,276,4,0
12,L,1500,1600,277,4,0
12,L,1500,1600,278,4,0
12,L,1500,1600,279,4,0
12,L,1500,1600,280,5,0
12,L,1500,1600,281,4,0
12,L,1500,1600,282,4,0
12,L,1500,1600,283,4,0
12,L,1500,1600,284,4,0
12,L,1500,1600,285,5,0
12,L,1500,1600,286,5,0
12,L,1500,1600,287,4,0
12,L,1500,1600,288,4,0
12,L,1500,1600,289,4,0
12,L,1500,1600,290,4,0
12,L,1500,1600,291,5,0
12,L,1500,1600,292,4,0
12,L,1500,1600,293,4,0
12,L,1500,1600,294,4,0
12,L,1500,1600,295,5,0
12,L,1500,1600,296,4,0
12,L,1500,1600,297,4,0
12,L,1500,1600,298,4,0
12,L,1500,1600,299,5,0
12,L,1500,1600,300,5,0
12,L,1500,1600,301,4,0
12,L,1500,1600,302,4,0
12,L,1500,1600,303,4,0
12,L,1500,1600,304,5,0
12,L,1500,1600,305,4,0
12,L,1500,1600,306,4,0
12,L,1500,1600,307,5,0
12,L,1500,1600,308,4,0
12,L,1500,1600,309,4,0
12,L,1500,1600,310,4,0
12,L,1500,1600,311,5,0
12,L,1500,1600,312,5,0
12,L,1500,1600,313,4,0
12,L,1500,1600,314,4,0
12,L,1500,1600,315,5,0
12,L,1500,1600,316,4,0
12,L,1500,1600,317,4,0
12,L,1500,1600,318,5,0
12,L,1500,1600,319,4,0
12,L,1500,1600,320,4,0
12,L,1500,1600,321,5,0
12,L,1500,1600,322,5,0
12,L,1500,1600,323,4,0
12,L,1500,1600,324,4,0
12,L,1500,1600,325,5,0
12,L,1500,1600,326,4,0
12,L,1500,1600,327,4,0
12,L,1500,1600,328,5,0
12,L,1500,1600,329,4,0
12,L,1500,1600,330,4,0
12,L,1500,1600,331,5,0
12,L,1500,1600,332,5,0
12,L,1500,1600,333,4,0
12,L,1500,1600,334,5,0
12,L,1500,1600,335,4,0
12,L,1500,1600,336,4,0
12,L,1500,1600,337,5,0
12,L,1500,1600,338,4,0
12,L,1500,1600,339,4,0
12,L,1500,1600,340,5,0
12,L,1500,1600,341,5,0
12,L,1500,1600,342,4,0
12,L,1500,1600,343,5,0
12,L,1500,1600,344,4,0
12,L,1500,1600,345,4,0
12,L,1500,1600,346,5,0
12,L,1500,1600,347,4,0
12,L,1500,1600,348,5,0
12,L,1500,1600,349,5,0
12,L,1500,1600,350,4,0
12,L,1500,1600,351,4,0
12,L,1500,1600,352,5,0
12,L,1500,1600,353,4,0
12,L,1500,1600,354,5,0
12,L,1500,1600,355,4,0
12,L,1500,1600,356,4,0
12,L,1500,1600,357,6,0
12,L,1500,1600,358,4,0
12,L,1500,1600,359,4,0
12,L,1500,1600,360,5,0
12,L,1500,1600,361,4,0
12,L,1500,1600,362,4,0
12,L,1500,1600,363,5,0
12,L,1500,1600,364,4,0
12,L,1500,1600,365,6,0
12,L,1500,1600,366,4,0
12,L,1500,1600,367,4,0
12,L,1500,1600,368,5,0
12,L,1500,1600,369,4,0
12,L,1500,1600,370,5,0
12,L,1500,1600,371,4,0
12,L,1500,1600,372,4,0
12,L,1500,1600,373,6,0
12,L,1500,1600,374,4,0
12,L,1500,1600,375,5,0
12,L,1500,1600,376,4,0
12,L,1500,1600,377,4,0
12,L,1500,1600,378,5,0
12,L,1500,1600,379,4,0
12,L,1500,1600,380,4,0
12,L,1500,1600,381,6,0
12,L,1500,1600,382,4,0
12,L,1500,1600,383,5,0
12,L,1500,1600,384,4,0
12,L,1500,1600,385,4,0
12,L,1500,1600,386,5,0
12,L,1500,1600,387,4,0
12,L,1500,1600,388,6,0
12,L,1500,1600,389,4,0
12,L,1500,1600,390,4,0
12,L,1500,1600,391,5,0
12,L,1500,1600,392,4,0
12,L,1500,1600,393,5,0
12,L,1500,1600,394,4,0
12,L,1500,1600,395,5,0
12,L,1500,1600,396,5,0
12,L,1500,1600,397,4,0
12,L,1500,1600,398,5,0
12,L,1500,1600,399,4,0
12,L,1500,1600,400,5,0
12,L,1500,1600,401,4,0
12,L,1500,1600,402,5,0
12,L,1500,1600,403,5,0
12,L,1500,1600,404,4,0
12,L,1500,1600,405,4,0
12,L,1500,1600,406,4,0
12,L,1500,1600,407,4,0
12,L,1500,1600,408,4,0
12,L,1500,1600,409,4,0
12,L,1500,1600,410,4,0
12,L,1500,1600,411,4,0
12,L,1500,1600,412,4,0
12,L,1500,1600,413,4,0
12,L,1500,1600,414,4,0
12,L,1500,1600,415,3,0
12,L,1500,1600,416,3,0
12,L,1500,1600,417,4,0
12,L,1500,1600,418,3,0
12,L,1500,1600,419,4,0
12,L,1500,1600,420,3,0
12,L,1500,1600,421,3,0
12,L,1500,1600,422,3,0
12,L,1500,1600,423,3,0
12,L,1500,1600,424,3,0
12,L,1500,1600,425,3,0
12,L,1500,1600,426,3,0
12,L,1500,1600,427,3,0
12,L,1500,1600,428,3,0
12,L,1500,1600,429,2,0
12,L,1500,1600,430,3,0
12,L,1500,1600,431,3,0
12,L,1500,1600,432,2,0
12,L,1500,1600,433,3,0
12,L,1500,1600,434,2,0
12,L,1500,1600,435,2,0
12,L,1500,1600,436,3,0
12,L,1500,1600,437,2,0
12,L,1500,1600,438,2,0
12,L,1500,1600,439,2,0
12,L,1500,1600,440,2,0
12,L,1500,1600,441,2,0
12,L,1500,1600,442,2,0
12,L,1500,1600,443,2,0
12,L,1500,1600,444,2,0
12,L,1500,1600,445,1,0
12,L,1500,1600,446,3,0
12,L,1500,1600,447,1,0
12,L,1500,1600,448,1,0
12,L,1500,1600,449,2,0
12,L,1500,1600,450,1,0
12,L,1500,1600,451,2,0
12,L,1500,1600,452,2,0
12,L,1500,1600,453,1,0
12,L,1500,1600,454,2,0
12,L,1500,1600,455,0,0
12,L,1500,1600,456,1,0
12,L,1500,1600,457,1,0
12,L,1500,1600,458,2,0
12,L,1500,1600,459,1,0
12,L,1500,1600,460,1,0
12,L,1500,1600,461,0,0
12,L,1500,1600,462,2,0
12,L,1500,1600,463,0,0
12,L,1500,1600,464,1,0
12,L,1500,1600,465,0,0
12,L,1500,1600,466,1,0
12,L,1500,1600,467,1,0
12,L,1500,1600,468,1,0
12,L,1500,1600,469,0,0
12,L,1500,1600,470,0,0
12,L,1500,1600,471,1,0
12,L,1500,1600,472,0,0
12,L,1500,1600,473,0,0
12,L,1500,1600,474,0,0
12,L,1500,1600,475,0,0
12,L,1500,1600,476,1,0
12,L,1500,1600,477,0,0
12,L,1500,1600,478,0,0
12,L,1500,1600,479,0,0
12,L,1500,1600,480,0,0
12,L,1500,1600,481,0,0
12,L,1500,1600,482,0,0
12,L,1500,1600,483,0,0
12,L,1500,1600,484,0,0
12,L,1500,1600,485,0,0
12,L,1500,1600,486,0,0
12,L,1500,1600,487,0,0
12,L,1500,1600,488,0,0
12,L,1500,1600,489,0,0
12,L,1500,1600,490,0,0
12,L,1500,1600,491,0,0
12,L,1500,1600,492,0,0
12,L,1500,1600,493,0,0
12,L,1500,1600,494,0,0
12,L,1500,1600,495,0,0
12,L,1500,1600,496,0,0
12,L,1500,1600,497,0,0
12,L,1500,1600,498,0,0
12,L,1500,1600,499,0,0
13,L,1500,1700,0,0,0
13,L,1500,1700,1,0,0
13,L,1500,1700,2,0,0
13,L,1500,1700,3,0,0
13,L,1500,1700,4,1,0
13,L,1500,1700,5,1,0
13,L,1500,1700,6,0,0
13,L,1500,1700,7,0,0
13,L,1500,1700,8,1,0
13,L,1500,1700,9,0,0
13,L,1500,1700,10,1,0
13,L,1500,1700,11,0,0
13,L,1500,1700,12,1,0
13,L,1500,1700,13,1,0
13,L,1500,1700,14,1,0
13,L,1500,1700,15,0,0
13,L,1500,1700,16,1,0
13,L,1500,1700,17,0,0
13,L,1500,1700,18,2,0
13,L,1500,1700,19,0,0
13,L,1500,1700,20,1,0
13,L,1500,1700,21,1,0
13,L,1500,1700,22,1,0
13,L,1500,1700,23,1,0
13,L,1500,1700,24,1,0
13,L,1500,1700,25,0,0
13,L,1500,1700,26,1,0
13,L,1500,1700,27,2,0
13,L,1500,1700,28,1,0
13,L,1500,1700,29,1,0
13,L,1500,1700,30,1,0
13,L,1500,1700,31,1,0
13,L,1500,1700,32,1,0
13,L,1500,1700,33,1,0
13,L,1500,1700,34,2,0
13,L,1500,1700,35,1,0
13,L,1500,1700,36,1,0
13,L,1500,1700,37,2,0
13,L,1500,1700,38,1,0
13,L,1500,1700,39,1,0
13,L,1500,1700,40,2,0
13,L,1500,1700,41,1,0
13,L,1500,1700,42,1,0
13,L,1500,1700,43,2,0
13,L,1500,1700,44,1,0
13,L,1500,1700,45,1,0
13,L,1500,1700,46,2,0
13,L,1500,1700,47,1,0
13,L,1500,1700,48,1,0
13,L,1500,1700,49,2,0
13,L,1500,1700,50,2,0
13,L,1500,1700,51,2,0
13,L,1500,1700,52,1,0
13,L,1500,1700,53,1,0
13,L,1500,1700,54,2,0
13,L,1500,1700,55,1,0
13,L,1500,1700,56,3,0
13,L,1500,1700,57,1,0
13,L,1500,1700,58,1,0
13,L,1500,1700,59,2,0
13,L,1500,1700,60,2,0
13,L,1500,1700,61,2,0
13,L,1500,1700,62,1,0
13,L,1500,1700,63,1,0
13,L,1500,1700,64,3,0
13,L,1500,1700,65,1,0
13,L,1500,1700,66,2,0
13,L,1500,1700,67,1,0
13,L,1500,1700,68,3,0
13,L,1500,1700,69,1,0
13,L,1500,1700,70,1,0
13,L,1500,1700,71,3,0
13,L,1500,1700,72,1,0
13,L,1500,1700,73,2,0
13,L,1500,1700,74,2,0
13,L,1500,1700,75,2,0
13,L,1500,1700,76,1,0
13,L,1500,1700,77,2,0
13,L,1500,1700,78,2,0
13,L,1500,1700,79,1,0
13,L,1500,1700,80,3,0
13,L,1500,1700,81,1,0
13,L,1500,1700,82,2,0
13,L,1500,1700,83,2,0
13,L,1500,1700,84,2,0
13,L,1500,1700,85,2,0
13,L,1500,1700,86,2,0
13,L,1500,1700,87,1,0
13,L,1500,1700,88,3,0
13,L,1500,1700,89,1,0
13,L,1500,1700,90,3,0
13,L,1500,1700,91,1,0
13,L,1500,1700,92,2,0
13,L,1500,1700,93,2,0
13,L,1500,1700,94,1,0
13,L,1500,1700,95,3,0
13,L,1500,1700,96,1,0
13,L,1500,1700,97,3,0
13,L,1500,1700,98,1,0
13,L,1500,1700,99,3,0
13,L,1500,1700,100,1,0
13,L,1500,1700,101,2,0
13,L,1500,1700,102,2,0
13,L,1500,1700,103,2,0
13,L,1500,1700,104,2,0
13,L,1500,1700,105,2,0
13,L,1500,1700,106,2,0
13,L,1500,1700,107,2,0
13,L,1500,1700,108,2,0
13,L,1500,1700,109,2,0
13,L,1500,1700,110,2,0
13,L,1500,1700,111,2,0
13,L,1500,1700,112,2,0
13,L,1500,1700,113,2,0
13,L,1500,1700,114,2,0
13,L,1500,1700,115,2,0
13,L,1500,1700,116,2,0
13,L,1500,1700,117,2,0
13,L,1500,1700,118,2,0
13,L,1500,1700,119,2,0
13,L,1500,1700,120,2,0
13,L,1500,1700,121,2,0
13,L,1500,1700,122,2,0
13,L,1500,1700,123,2,0
13,L,1500,1700,124,2,0
13,L,1500,1700,125,2,0
13,L,1500,1700,126,2,0
13,L,1500,1700,127,3,0
13,L,1500,1700,128,1,0
13,L,1500,1700,129,3,0
13,L,1500,1700,130,1,0
13,L,1500,1700,131,3,0
13,L,1500,1700,132,1,0
13,L,1500,1700,133,3,0
13,L,1500,1700,134,2,0
13,L,1500,1700,135,2,0
13,L,1500,1700,136,2,0
13,L,1500,1700,137,2,0
13,L,1500,1700,138,3,0
13,L,1500,1700,139,1,0
13,L,1500,1700,140,3,0
13,L,1500,1700,141,1,0
13,L,1500,1700,142,3,0
13,L,1500,1700,143,1,0
13,L,1500,1700,144,3,0
13,L,1500,1700,145,1,0
13,L,1500,1700,146,3,0
13,L,1500,1700,147,2,0
13,L,1500,1700,148,2,0
13,L,1500,1700,149,2,0
13,L,1500,1700,150,2,0
13,L,1500,1700,151,2,0
13,L,1500,1700,152,3,0
13,L,1500,1700,153,1,0
13,L,1500,1700,154,3,0
13,L,1500,1700,155,1,0
13,L,1500,1700,156,3,0
13,L,1500,1700,157,2,0
13,L,1500,1700,158,2,0
13,L,1500,1700,159,2,0
13,L,1500,1700,160,2,0
13,L,1500,1700,161,3,0
13,L,1500,1700,162,1,0
13,L,1500,1700,163,3,0
13,L,1500,1700,164,2,0
13,L,1500,1700,165,2,0
13,L,1500,1700,166,2,0
13,L,1500,1700,167,2,0
13,L,1500,1700,168,2,0
13,L,1500,1700,169,2,0
13,L,1500,1700,170,2,0
13,L,1500,1700,171,3,0
13,L,1500,1700,172,1,0
13,L,1500,1700,173,3,0
13,L,1500,1700,174,2,0
13,L,1500,1700,175,2,0
13,L,1500,1700,176,3,0
13,L,1500,1700,177,1,0
13,L,1500,1700,178,3,0
13,L,1500,1700,179,1,0
13,L,1500,1700,180,3,0
13,L,1500,1700,181,1,0
13,L,1500,1700,182,3,0
13,L,1500,1700,183,2,0
13,L,1500,1700,184,2,0
13,L,1500,1700,185,2,0
13,L,1500,1700,186,2,0
13,L,1500,1700,187,2,0
13,L,1500,1700,188,3,0
13,L,1500,1700,189,1,0
13,L,1500,1700,190,3,0
13,L,1500,1700,191,2,0
13,L,1500,1700,192,2,0
13,L,1500,1700,193,3,0
13,L,1500,1700,194,1,0
13,L,1500,1700,195,3,0
13,L,1500,1700,196,1,0
13,L,1500,1700,197,3,0
13,L,1500,1700,198,2,0
13,L,1500,1700,199,2,0
13,L,1500,1700,200,2,0
13,L,1500,1700,201,2,0
13,L,1500,1700,202,2,0
13,L,1500,1700,203,3,0
13,L,1500,1700,204,3,0
13,L,1500,1700,205,2,0
13,L,1500,1700,206,3,0
13,L,1500,1700,207,4,0
13,L,1500,1700,208,3,0
13,L,1500,1700,209,3,0
13,L,1500,1700,210,4,0
13,L,1500,1700,211,3,0
13,L,1500,1700,212,4,0
13,L,1500,1700,213,4,0
13,L,1500,1700,214,4,0
13,L,1500,1700,215,4,0
13,L,1500,1700,216,4,0
13,L,1500,1700,217,5,0
13,L,1500,1700,218,5,0
13,L,1500,1700,219,4,0
13,L,1500,1700,220,5,0
13,L,1500,1700,221,4,0
13,L,1500,1700,222,5,0
13,L,1500,1700,223,5,0
13,L,1500,1700,224,5,0
13,L,1500,1700,225,5,0
13,L,1500,1700,226,5,0
13,L,1500,1700,227,5,0
13,L,1500,1700,228,5,0
13,L,1500,1700,229,5,0
13,L,1500,1700,230,5,0
13,L,1500,1700,231,6,0
13,L,1500,1700,232,5,0
13,L,1500,1700,233,5,0
13,L,1500,1700,234,6,0
13,L,1500,1700,235,6,0
13,L,1500,1700,236,6,0
13,L,1500,1700,237,5,0
13,L,1500,1700,238,6,0
13,L,1500,1700,239,6,0
13,L,1500,1700,240,5,0
13,L,1500,1700,241,6,0
13,L,1500,1700,242,6,0
13,L,1500,1700,243,6,0
13,L,1500,1700,244,6,0
13,L,1500,1700,245,6,0
13,L,1500,1700,246,5,0
13,L,1500,1700,247,7,0
13,L,1500,1700,248,5,0
13,L,1500,1700,249,7,0
13,L,1500,1700,250,5,0
13,L,1500,1700,251,7,0
13,L,1500,1700,252,6,0
13,L,1500,1700,253,6,0
13,L,1500,1700,254,6,0
13,L,1500,1700,255,7,0
13,L,1500,1700,256,5,0
13,L,1500,1700,257,7,0
13,L,1500,1700,258,7,0
13,L,1500,1700,259,6,0
13,L,1500,1700,260,6,0
13,L,1500,1700,261,6,0
13,L,1500,1700,262,7,0
13,L,1500,1700,263,6,0
13,L,1500,1700,264,6,0
13,L,1500,1700,265,7,0
13,L,1500,1700,266,6,0
13,L,1500,1700,267,7,0
13,L,1500,1700,268,7,0
13,L,1500,1700,269,6,0
13,L,1500,1700,270,6,0
13,L,1500,1700,271,6,0
13,L,1500,1700,272,7,0
13,L,1500,1700,273,7,0
13,L,1500,1700,274,6,0
13,L,1500,1700,275,7,0
13,L,1500,1700,276,7,0
13,L,1500,1700,277,6,0
13,L,1500,1700,278,7,0
13,L,1500,1700,279,7,0
13,L,1500,1700,280,6,0
13,L,1500,1700,281,7,0
13,L,1500,1700,282,7,0
13,L,1500,1700,283,6,0
13,L,1500,1700,284,7,0
13,L,1500,1700,285,7,0
13,L,1500,1700,286,6,0
13,L,1500,1700,287,7,0
13,L,1500,1700,288,7,0
13,L,1500,1700,289,6,0
13,L,1500,1700,290,7,0
13,L,1500,1700,291,7,0
13,L,1500,1700,292,6,0
13,L,1500,1700,293,7,0
13,L,1500,1700,294,7,0
13,L,1500,1700,295,6,0
13,L,1500,1700,296,7,0
13,L,1500,1700,297,7,0
13,L,1500,1700,298,7,0
13,L,1500,1700,299,7,0
13,L,1500,1700,300,7,0
13,L,1500,1700,301,7,0
13,L,1500,1700,302,6,0
13,L,1500,1700,303,7,0
13,L,1500,1700,304,7,0
13,L,1500,1700,305,7,0
13,L,1500,1700,306,7,0
13,L,1500,1700,307,7,0
13,L,1500,1700,308,7,0
13,L,1500,1700,309,6,0
13,L,1500,1700,310,7,0
13,L,1500,1700,311,7,0
13,L,1500,1700,312,7,0
13,L,1500,1700,313,7,0
13,L,1500,1700,314,7,0
13,L,1500,1700,315,7,0
13,L,1500,1700,316,6,0
13,L,1500,1700,317,7,0
13,L,1500,1700,318,8,0
13,L,1500,1700,319,7,0
13,L,1500,1700,320,6,0
13,L,1500,1700,321,7,0
13,L,1500,1700,322,7,0
13,L,1500,1700,323,7,0
13,L,1500,1700,324,7,0
13,L,1500,1700,325,7,0
13,L,1500,1700,326,7,0
13,L,1500,1700,327,7,0
13,L,1500,1700,328,7,0
13,L,1500,1700,329,7,0
13,L,1500,1700,330,7,0
13,L,1500,1700,331,7,0
13,L,1500,1700,332,7,0
13,L,1500,1700,333,7,0
13,L,1500,1700,334,7,0
13,L,1500,1700,335,7,0
13,L,1500,1700,336,7,0
13,L,1500,1700,337,7,0
13,L,1500,1700,338,7,0
13,L,1500,1700,339,8,0
13,L,1500,1700,340,6,0
13,L,1500,1700,341,7,0
13,L,1500,1700,342,7,0
13,L,1500,1700,343,8,0
13,L,1500,1700,344,6,0
13,L,1500,1700,345,7,0
13,L,1500,1700,346,8,0
13,L,1500,1700,347,7,0
13,L,1500,1700,348,6,0
13,L,1500,1700,349,7,0
13,L,1500,1700,350,8,0
13,L,1500,1700,351,7,0
13,L,1500,1700,352,7,0
13,L,1500,1700,353,7,0
13,L,1500,1700,354,7,0
13,L,1500,1700,355,7,0
13,L,1500,1700,356,8,0
13,L,1500,1700,357,6,0
13,L,1500,1700,358,7,0
13,L,1500,1700,359,8,0
13,L,1500,1700,360,7,0
13,L,1500,1700,361,6,0
13,L,1500,1700,362,8,0
13,L,1500,1700,363,7,0
13,L,1500,1700,364,7,0
13,L,1500,1700,365,7,0
13,L,1500,1700,366,7,0
13,L,1500,1700,367,7,0
13,L,1500,1700,368,8,0
13,L,1500,1700,369,7,0
13,L,1500,1700,370,6,0
13,L,1500,1700,371,8,0
13,L,1500,1700,372,7,0
13,L,1500,1700,373,7,0
13,L,1500,1700,374,7,0
13,L,1500,1700,375,7,0
13,L,1500,1700,376,7,0
13,L,1500,1700,377,8,0
13,L,1500,1700,378,7,0
13,L,1500,1700,379,6,0
13,L,1500,1700,380,8,0
13,L,1500,1700,381,7,0
13,L,1500,1700,382,7,0
13,L,1500,1700,383,8,0
13,L,1500,1700,384,6,0
13,L,1500,1700,385,7,0
13,L,1500,1700,386,8,0
13,L,1500,1700,387,7,0
13,L,1500,1700,388,7,0
13,L,1500,1700,389,7,0
13,L,1500,1700,390,7,0
13,L,1500,1700,391,8,0
13,L,1500,1700,392,7,0
13,L,1500,1700,393,6,0
13,L,1500,1700,394,8,0
13,L,1500,1700,395,7,0
13,L,1500,1700,396,7,0
13,L,1500,1700,397,8,0
13,L,1500,1700,398,6,0
13,L,1500,1700,399,7,0
13,L,1500,1700,400,8,0
13,L,1500,1700,401,7,0
13,L,1500,1700,402,7,0
13,L,1500,1700,403,7,0
13,L,1500,1700,404,7,0
13,L,1500,1700,405,7,0
13,L,1500,1700,406,6,0
13,L,1500,1700,407,7,0
13,L,1500,1700,408,7,0
13,L,1500,1700,409,6,0
13,L,1500,1700,410,7,0
13,L,1500,1700,411,5,0
13,L,1500,1700,412,7,0
13,L,1500,1700,413,7,0
13,L,1500,1700,414,5,0
13,L,1500,1700,415,7,0
13,L,1500,1700,416,5,0
13,L,1500,1700,417,5,0
13,L,1500,1700,418,7,0
13,L,1500,1700,419,5,0
13,L,1500,1700,420,6,0
13,L,1500,1700,421,5,0
13,L,1500,1700,422,5,0
13,L,1500,1700,423,6,0
13,L,1500,1700,424,5,0
13,L,1500,1700,425,5,0
13,L,1500,1700,426,6,0
13,L,1500,1700,427,5,0
13,L,1500,1700,428,5,0
13,L,1500,1700,429,4,0
13,L,1500,1700,430,6,0
13,L,1500,1700,431,4,0
13,L,1500,1700,432,5,0
13,L,1500,1700,433,4,0
13,L,1500,1700,434,5,0
13,L,1500,1700,435,4,0
13,L,1500,1700,436,4,0
13,L,1500,1700,437,5,0
13,L,1500,1700,438,5,0
13,L,1500,1700,439,4,0
13,L,1500,1700,440,4,0
13,L,1500,1700,441,4,0
13,L,1500,1700,442,4,0
13,L,1500,1700,443,4,0
13,L,1500,1700,444,3,0
13,L,1500,1700,445,3,0
13,L,1500,1700,446,4,0
13,L,1500,1700,447,4,0
13,L,1500,1700,448,3,0
13,L,1500,1700,449,4,0
13,L,1500,1700,450,4,0
13,L,1500,1700,451,3,0
13,L,1500,1700,452,3,0
13,L,1500,1700,453,3,0
13,L,1500,1700,454,3,0
13,L,1500,1700,455,4,0
13,L,1500,1700,456,3,0
13,L,1500,1700,457,2,0
13,L,1500,1700,458,3,0
13,L,1500,1700,459,3,0
13,L,1500,1700,460,2,0
13,L,1500,1700,461,3,0
13,L,1500,1700,462,3,0
13,L,1500,1700,463,2,0
13,L,1500,1700,464,3,0
13,L,1500,1700,465,3,0
13,L,1500,1700,466,2,0
13,L,1500,1700,467,2,0
13,L,1500,1700,468,2,0
13,L,1500,1700,469,3,0
13,L,1500,1700,470,1,0
13,L,1500,1700,471,3,0
13,L,1500,1700,472,1,0
13,L,1500,1700,473,3,0
13,L,1500,1700,474,1,0
13,L,1500,1700,475,2,0
13,L,1500,1700,476,2,0
13,L,1500,1700,477,2,0
13,L,1500,1700,478,1,0
13,L,1500,1700,479,2,0
13,L,1500,1700,480,2,0
13,L,1500,1700,481,1,0
13,L,1500,1700,482,2,0
13,L,1500,1700,483,1,0
13,L,1500,1700,484,1,0
13,L,1500,1700,485,2,0
13,L,1500,1700,486,1,0
13,L,1500,1700,487,0,0
13,L,1500,1700,488,1,0
13,L,1500,1700,489,2,0
13,L,1500,1700,490,1,0
13,L,1500,1700,491,0,0
13,L,1500,1700,492,1,0
13,L,1500,1700,493,2,0
13,L,1500,1700,494,0,0
13,L,1500,1700,495,1,0
13,L,1500,1700,496,0,0
13,L,1500,1700,497,1,0
13,L,1500,1700,498,0,0
13,L,1500,1700,499,2,0
14,L,1600,1800,0,0,0
14,L,1600,1800,1,0,0
14,L,1600,1800,2,0,0
14,L,1600,1800,3,0,0
14,L,1600,1800,4,0,0
14,L,1600,1800,5,1,0
14,L,1600,1800,6,0,0
14,L,1600,1800,7,1,0
14,L,1600,1800,8,1,0
14,L,1600,1800,9,1,0
14,L,1600,1800,10,1,0
14,L,1600,1800,11,1,0
14,L,1600,1800,12,2,0
14,L,1600,1800,13,1,0
14,L,1600,1800,14,1,0
14,L,1600,1800,15,2,0
14,L,1600,1800,16,2,0
14,L,1600,1800,17,2,0
14,L,1600,1800,18,1,0
14,L,1600,1800,19,3,0
14,L,1600,1800,20,1,0
14,L,1600,1800,21,3,0
14,L,1600,1800,22,2,0
14,L,1600,1800,23,2,0
14,L,1600,1800,24,2,0
14,L,1600,1800,25,3,0
14,L,1600,1800,26,2,0
14,L,1600,1800,27,3,0
14,L,1600,1800,28,3,0
14,L,1600,1800,29,2,0
14,L,1600,1800,30,3,0
14,L,1600,1800,31,2,0
14,L,1600,1800,32,4,0
14,L,1600,1800,33,2,0
14,L,1600,1800,34,3,0
14,L,1600,1800,35,3,0
14,L,1600,1800,36,2,0
14,L,1600,1800,37,3,0
14,L,1600,1800,38,4,0
14,L,1600,1800,39,3,0
14,L,1600,1800,40,2,0
14,L,1600,1800,41,4,0
14,L,1600,1800,42,3,0
14,L,1600,1800,43,3,0
14,L,1600,1800,44,4,0
14,L,1600,1800,45,2,0
14,L,1600,1800,46,4,0
14,L,1600,1800,47,3,0
14,L,1600,1800,48,4,0
14,L,1600,1800,49,3,0
14,L,1600,1800,50,4,0
14,L,1600,1800,51,3,0
14,L,1600,1800,52,3,0
14,L,1600,1800,53,4,0
14,L,1600,1800,54,3,0
14,L,1600,1800,55,4,0
14,L,1600,1800,56,4,0
14,L,1600,1800,57,3,0
14,L,1600,1800,58,4,0
14,L,1600,1800,59,4,0
14,L,1600,1800,60,3,0
14,L,1600,1800,61,3,0
14,L,1600,1800,62,4,0
14,L,1600,1800,63,4,0
14,L,1600,1800,64,4,0
14,L,1600,1800,65,3,0
14,L,1600,1800,66,4,0
14,L,1600,1800,67,4,0
14,L,1600,1800,68,4,0
14,L,1600,1800,69,4,0
14,L,1600,1800,70,4,0
14,L,1600,1800,71,4,0
14,L,1600,1800,72,3,0
14,L,1600,1800,73,4,0
14,L,1600,1800,74,4,0
14,L,1600,1800,75,4,0
14,L,1600,1800,76,4,0
14,L,1600,1800,77,4,0
14,L,1600,1800,78,4,0
14,L,1600,1800,79,4,0
14,L,1600,1800,80,4,0
14,L,1600,1800,81,4,0
14,L,1600,1800,82,4,0
14,L,1600,1800,83,4,0
14,L,1600,1800,84,4,0
14,L,1600,1800,85,4,0
14,L,1600,1800,86,4,0
14,L,1600,1800,87,4,0
14,L,1600,1800,88,4,0
14,L,1600,1800,89,4,0
14,L,1600,1800,90,4,0
14,L,1600,1800,91,5,0
14,L,1600,1800,92,4,0
14,L,1600,1800,93,4,0
14,L,1600,1800,94,4,0
14,L,1600,1800,95,4,0
14,L,1600,1800,96,4,0
14,L,1600,1800,97,4,0
14,L,1600,1800,98,4,0
14,L,1600,1800,99,4,0
14,L,1600,1800,100,5,0
14,L,1600,1800,101,4,0
14,L,1600,1800,102,4,0
14,L,1600,1800,103,4,0
14,L,1600,1800,104,4,0
14,L,1600,1800,105,4,0
14,L,1600,1800,106,5,0
14,L,1600,1800,107,5,0
14,L,1600,1800,108,4,0
14,L,1600,1800,109,4,0
14,L,1600,1800,110,4,0
14,L,1600,1800,111,5,0
14,L,1600,1800,112,4,0
14,L,1600,1800,113,4,0
14,L,1600,1800,114,4,0
14,L,1600,1800,115,4,0
14,L,1600,1800,116,5,0
14,L,1600,1800,117,4,0
14,L,1600,1800,118,4,0
14,L,1600,1800,119,4,0
14,L,1600,1800,120,5,0
14,L,1600,1800,121,5,0
14,L,1600,1800,122,4,0
14,L,1600,1800,123,4,0
14,L,1600,1800,124,5,0
14,L,1600,1800,125,4,0
14,L,1600,1800,126,4,0
14,L,1600,1800,127,4,0
14,L,1600,1800,128,5,0
14,L,1600,1800,129,4,0
14,L,1600,1800,130,4,0
14,L,1600,1800,131,5,0
14,L,1600,1800,132,5,0
14,L,1600,1800,133,4,0
14,L,1600,1800,134,4,0
14,L,1600,1800,135,5,0
14,L,1600,1800,136,4,0
14,L,1600,1800,137,4,0
14,L,1600,1800,138,5,0
14,L,1600,1800,139,4,0
14,L,1600,1800,140,4,0
14,L,1600,1800,141,5,0
14,L,1600,1800,142,5,0
14,L,1600,1800,143,4,0
14,L,1600,1800,144,5,0
14,L,1600,1800,145,4,0
14,L,1600,1800,146,4,0
14,L,1600,1800,147,5,0
14,L,1600,1800,148,4,0
14,L,1600,1800,149,4,0
14,L,1600,1800,150,5,0
14,L,1600,1800,151,5,0
14,L,1600,1800,152,4,0
14,L,1600,1800,153,5,0
14,L,1600,1800,154,4,0
14,L,1600,1800,155,4,0
14,L,1600,1800,156,5,0
14,L,1600,1800,157,4,0
14,L,1600,1800,158,5,0
14,L,1600,1800,159,5,0
14,L,1600,1800,160,4,0
14,L,1600,1800,161,5,0
14,L,1600,1800,162,4,0
14,L,1600,1800,163,4,0
14,L,1600,1800,164,5,0
14,L,1600,1800,165,4,0
14,L,1600,1800,166,5,0
14,L,1600,1800,167,5,0
14,L,1600,1800,168,4,0
14,L,1600,1800,169,5,0
14,L,1600,1800,170,4,0
14,L,1600,1800,171,4,0
14,L,1600,1800,172,5,0
14,L,1600,1800,173,4,0
14,L,1600,1800,174,5,0
14,L,1600,1800,175,5,0
14,L,1600,1800,176,4,0
14,L,1600,1800,177,5,0
14,L,1600,1800,178,4,0
14,L,1600,1800,179,5,0
14,L,1600,1800,180,4,0
14,L,1600,1800,181,5,0
14,L,1600,1800,182,5,0
14,L,1600,1800,183,4,0
14,L,1600,1800,184,5,0
14,L,1600,1800,185,4,0
14,L,1600,1800,186,4,0
14,L,1600,1800,187,5,0
14,L,1600,1800,188,4,0
14,L,1600,1800,189,6,0
14,L,1600,1800,190,4,0
14,L,1600,1800,191,5,0
14,L,1600,1800,192,4,0
14,L,1600,1800,193,4,0
14,L,1600,1800,194,5,0
14,L,1600,1800,195,4,0
14,L,1600,1800,196,5,0
14,L,1600,1800,197,5,0
14,L,1600,1800,198,5,0
14,L,1600,1800,199,4,0
14,L,1600,1800,200,4,0
14,L,1600,1800,201,5,0
14,L,1600,1800,202,4,0
14,L,1600,1800,203,6,0
14,L,1600,1800,204,5,0
14,L,1600,1800,205,5,0
14,L,1600,1800,206,6,0
14,L,1600,1800,207,5,0
14,L,1600,1800,208,7,0
14,L,1600,1800,209,5,0
14,L,1600,1800,210,7,0
14,L,1600,1800,211,5,0
14,L,1600,1800,212,7,0
14,L,1600,1800,213,6,0
14,L,1600,1800,214,7,0
14,L,1600,1800,215,7,0
14,L,1600,1800,216,7,0
14,L,1600,1800,217,7,0
14,L,1600,1800,218,7,0
14,L,1600,1800,219,7,0
14,L,1600,1800,220,8,0
14,L,1600,1800,221,7,0
14,L,1600,1800,222,7,0
14,L,1600,1800,223,8,0
14,L,1600,1800,224,7,0
14,L,1600,1800,225,8,0
14,L,1600,1800,226,8,0
14,L,1600,1800,227,8,0
14,L,1600,1800,228,8,0
14,L,1600,1800,229,8,0
14,L,1600,1800,230,7,0
14,L,1600,1800,231,9,0
14,L,1600,1800,232,8,0
14,L,1600,1800,233,8,0
14,L,1600,1800,234,8,0
14,L,1600,1800,235,8,0
14,L,1600,1800,236,8,0
14,L,1600,1800,237,9,0
14,L,1600,1800,238,8,0
14,L,1600,1800,239,8,0
14,L,1600,1800,240,10,0
14,L,1600,1800,241,8,0
14,L,1600,1800,242,8,0
14,L,1600,1800,243,9,0
14,L,1600,1800,244,8,0
14,L,1600,1800,245,9,0
14,L,1600,1800,246,8,0
14,L,1600,1800,247,10,0
14,L,1600,1800,248,9,0
14,L,1600,1800,249,8,0
14,L,1600,1800,250,9,0
14,L,1600,1800,251,8,0
14,L,1600,1800,252,10,0
14,L,1600,1800,253,9,0
14,L,1600,1800,254,8,0
14,L,1600,1800,255,9,0
14,L,1600,1800,256,10,0
14,L,1600,1800,257,9,0
14,L,1600,1800,258,8,0
14,L,1600,1800,259,9,0
14,L,1600,1800,260,10,0
14,L,1600,1800,261,9,0
14,L,1600,1800,262,8,0
14,L,1600,1800,263,10,0
14,L,1600,1800,264,9,0
14,L,1600,1800,265,9,0
14,L,1600,1800,266,9,0
14,L,1600,1800,267,10,0
14,L,1600,1800,268,9,0
14,L,1600,1800,269,9,0
14,L,1600,1800,270,9,0
14,L,1600,1800,271,9,0
14,L,1600,1800,272,9,0
14,L,1600,1800,273,10,0
14,L,1600,1800,274,10,0
14,L,1600,1800,275,8,0
14,L,1600,1800,276,10,0
14,L,1600,1800,277,9,0
14,L,1600,1800,278,9,0
14,L,1600,1800,279,10,0
14,L,1600,1800,280,9,0
14,L,1600,1800,281,9,0
14,L,1600,1800,282,10,0
14,L,1600,1800,283,10,0
14,L,1600,1800,284,9,0
14,L,1600,1800,285,9,0
14,L,1600,1800,286,10,0
14,L,1600,1800,287,9,0
14,L,1600,1800,288,10,0
14,L,1600,1800,289,9,0
14,L,1600,1800,290,9,0
14,L,1600,1800,291,10,0
14,L,1600,1800,292,9,0
14,L,1600,1800,293,10,0
14,L,1600,1800,294,9,0
14,L,1600,1800,295,10,0
14,L,1600,1800,296,10,0
14,L,1600,1800,297,9,0
14,L,1600,1800,298,9,0
14,L,1600,1800,299,10,0
14,L,1600,1800,300,9,0
14,L,1600,1800,301,10,0
14,L,1600,1800,302,10,0
14,L,1600,1800,303,9,0
14,L,1600,1800,304,10,0
14,L,1600,1800,305,9,0
14,L,1600,1800,306,10,0
14,L,1600,1800,307,10,0
14,L,1600,1800,308,9,0
14,L,1600,1800,309,10,0
14,L,1600,1800,310,9,0
14,L,1600,1800,311,10,0
14,L,1600,1800,312,10,0
14,L,1600,1800,313,9,0
14,L,1600,1800,314,10,0
14,L,1600,1800,315,9,0
14,L,1600,1800,316,10,0
14,L,1600,1800,317,10,0
14,L,1600,1800,318,9,0
14,L,1600,1800,319,10,0
14,L,1600,1800,320,10,0
14,L,1600,1800,321,10,0
14,L,1600,1800,322,9,0
14,L,1600,1800,323,9,0
14,L,1600,1800,324,10,0
14,L,1600,1800,325,10,0
14,L,1600,1800,326,10,0
14,L,1600,1800,327,9,0
14,L,1600,1800,328,10,0
14,L,1600,1800,329,10,0
14,L,1600,1800,330,9,0
14,L,1600,1800,331,10,0
14,L,1600,1800,332,10,0
14,L,1600,1800,333,10,0
14,L,1600,1800,334,9,0
14,L,1600,1800,335,11,0
14,L,1600,1800,336,9,0
14,L,1600,1800,337,9,0
14,L,1600,1800,338,10,0
14,L,1600,1800,339,10,0
14,L,1600,1800,340,10,0
14,L,1600,1800,341,9,0
14,L,1600,1800,342,11,0
14,L,1600,1800,343,9,0
14,L,1600,1800,344,9,0
14,L,1600,1800,345,11,0
14,L,1600,1800,346,9,0
14,L,1600,1800,347,10,0
14,L,1600,1800,348,10,0
14,L,1600,1800,349,10,0
14,L,1600,1800,350,9,0
14,L,1600,1800,351,10,0
14,L,1600,1800,352,10,0
14,L,1600,1800,353,9,0
14,L,1600,1800,354,11,0
14,L,1600,1800,355,9,0
14,L,1600,1800,356,10,0
14,L,1600,1800,357,10,0
14,L,1600,1800,358,10,0
14,L,1600,1800,359,9,0
14,L,1600,1800,360,11,0
14,L,1600,1800,361,9,0
14,L,1600,1800,362,9,0
14,L,1600,1800,363,11,0
14,L,1600,1800,364,9,0
14,L,1600,1800,365,10,0
14,L,1600,1800,366,10,0
14,L,1600,1800,367,10,0
14,L,1600,1800,368,9,0
14,L,1600,1800,369,11,0
14,L,1600,1800,370,9,0
14,L,1600,1800,371,10,0
14,L,1600,1800,372,10,0
14,L,1600,1800,373,9,0
14,L,1600,1800,374,11,0
14,L,1600,1800,375,9,0
14,L,1600,1800,376,10,0
14,L,1600,1800,377,10,0
14,L,1600,1800,378,10,0
14,L,1600,1800,379,9,0
14,L,1600,1800,380,11,0
14,L,1600,1800,381,9,0
14,L,1600,1800,382,10,0
14,L,1600,1800,383,10,0
14,L,1600,1800,384,9,0
14,L,1600,1800,385,11,0
14,L,1600,1800,386,9,0
14,L,1600,1800,387,10,0
14,L,1600,1800,388,10,0
14,L,1600,1800,389,10,0
14,L,1600,1800,390,9,0
14,L,1600,1800,391,11,0
14,L,1600,1800,392,9,0
14,L,1600,1800,393,10,0
14,L,1600,1800,394,10,0
14,L,1600,1800,395,9,0
14,L,1600,1800,396,11,0
14,L,1600,1800,397,9,0
14,L,1600,1800,398,10,0
14,L,1600,1800,399,10,0
14,L,1600,1800,400,10,0
14,L,1600,1800,401,9,0
14,L,1600,1800,402,10,0
14,L,1600,1800,403,10,0
14,L,1600,1800,404,9,0
14,L,1600,1800,405,10,0
14,L,1600,1800,406,9,0
14,L,1600,1800,407,9,0
14,L,1600,1800,408,10,0
14,L,1600,1800,409,9,0
14,L,1600,1800,410,8,0
14,L,1600,1800,411,9,0
14,L,1600,1800,412,9,0
14,L,1600,1800,413,9,0
14,L,1600,1800,414,8,0
14,L,1600,1800,415,9,0
14,L,1600,1800,416,8,0
14,L,1600,1800,417,8,0
14,L,1600,1800,418,8,0
14,L,1600,1800,419,8,0
14,L,1600,1800,420,8,0
14,L,1600,1800,421,8,0
14,L,1600,1800,422,8,0
14,L,1600,1800,423,8,0
14,L,1600,1800,424,8,0
14,L,1600,1800,425,7,0
14,L,1600,1800,426,8,0
14,L,1600,1800,427,7,0
14,L,1600,1800,428,7,0
14,L,1600,1800,429,7,0
14,L,1600,1800,430,8,0
14,L,1600,1800,431,7,0
14,L,1600,1800,432,6,0
14,L,1600,1800,433,7,0
14,L,1600,1800,434,7,0
14,L,1600,1800,435,6,0
14,L,1600,1800,436,7,0
14,L,1600,1800,437,7,0
14,L,1600,1800,438,6,0
14,L,1600,1800,439,7,0
14,L,1600,1800,440,6,0
14,L,1600,1800,441,6,0
14,L,1600,1800,442,6,0
14,L,1600,1800,443,6,0
14,L,1600,1800,444,6,0
14,L,1600,1800,445,6,0
14,L,1600,1800,446,6,0
14,L,1600,1800,447,6,0
14,L,1600,1800,448,5,0
14,L,1600,1800,449,6,0
14,L,1600,1800,450,5,0
14,L,1600,1800,451,5,0
14,L,1600,1800,452,6,0
14,L,1600,1800,453,5,0
14,L,1600,1800,454,5,0
14,L,1600,1800,455,6,0
14,L,1600,1800,456,5,0
14,L,1600,1800,457,4,0
14,L,1600,1800,458,5,0
14,L,1600,1800,459,5,0
14,L,1600,1800,460,5,0
14,L,1600,1800,461,5,0
14,L,1600,1800,462,4,0
14,L,1600,1800,463,4,0
14,L,1600,1800,464,5,0
14,L,1600,1800,465,4,0
14,L,1600,1800,466,4,0
14,L,1600,1800,467,4,0
14,L,1600,1800,468,4,0
14,L,1600,1800,469,5,0
14,L,1600,1800,470,4,0
14,L,1600,1800,471,4,0
14,L,1600,1800,472,3,0
14,L,1600,1800,473,4,0
14,L,1600,1800,474,4,0
14,L,1600,1800,475,4,0
14,L,1600,1800,476,3,0
14,L,1600,1800,477,4,0
14,L,1600,1800,478,4,0
14,L,1600,1800,479,3,0
14,L,1600,1800,480,3,0
14,L,1600,1800,481,3,0
14,L,1600,1800,482,3,0
14,L,1600,1800,483,4,0
14,L,1600,1800,484,3,0
14,L,1600,1800,485,3,0
14,L,1600,1800,486,3,0
14,L,1600,1800,487,3,0
14,L,1600,1800,488,3,0
14,L,1600,1800,489,2,0
14,L,1600,1800,490,3,0
14,L,1600,1800,491,3,0
14,L,1600,1800,492,2,0
14,L,1600,1800,493,3,0
14,L,1600,1800,494,3,0
14,L,1600,1800,495,1,0
14,L,1600,1800,496,3,0
14,L,1600,1800,497,2,0
14,L,1600,1800,498,3,0
14,L,1600,1800,499,1,0
15,L,1700,1500,0,0,0
15,L,1700,1500,1,0,0
15,L,1700,1500,2,0,0
15,L,1700,1500,3,0,0
15,L,1700,1500,4,1,0
15,L,1700,1500,5,1,0
15,L,1700,1500,6,2,0
15,L,1700,1500,7,1,0
15,L,1700,1500,8,2,0
15,L,1700,1500,9,2,0
15,L,1700,1500,10,2,0
15,L,1700,1500,11,2,0
15,L,1700,1500,12,3,0
15,L,1700,1500,13,3,0
15,L,1700,1500,14,3,0
15,L,1700,1500,15,3,0
15,L,1700,1500,16,3,0
15,L,1700,1500,17,4,0
15,L,1700,1500,18,3,0
15,L,1700,1500,19,4,0
15,L,1700,1500,20,4,0
15,L,1700,1500,21,4,0
15,L,1700,1500,22,4,0
15,L,1700,1500,23,4,0
15,L,1700,1500,24,5,0
15,L,1700,1500,25,4,0
15,L,1700,1500,26,4,0
15,L,1700,1500,27,4,0
15,L,1700,1500,28,5,0
15,L,1700,1500,29,5,0
15,L,1700,1500,30,5,0
15,L,1700,1500,31,5,0
15,L,1700,1500,32,4,0
15,L,1700,1500,33,5,0
15,L,1700,1500,34,6,0
15,L,1700,1500,35,5,0
15,L,1700,1500,36,5,0
15,L,1700,1500,37,5,0
15,L,1700,1500,38,5,0
15,L,1700,1500,39,5,0
15,L,1700,1500,40,6,0
15,L,1700,1500,41,6,0
15,L,1700,1500,42,5,0
15,L,1700,1500,43,6,0
15,L,1700,1500,44,5,0
15,L,1700,1500,45,6,0
15,L,1700,1500,46,6,0
15,L,1700,1500,47,5,0
15,L,1700,1500,48,6,0
15,L,1700,1500,49,6,0
15,L,1700,1500,50,6,0
15,L,1700,1500,51,6,0
15,L,1700,1500,52,6,0
15,L,1700,1500,53,5,0
15,L,1700,1500,54,7,0
15,L,1700,1500,55,5,0
15,L,1700,1500,56,7,0
15,L,1700,1500,57,6,0
15,L,1700,1500,58,6,0
15,L,1700,1500,59,6,0
15,L,1700,1500,60,6,0
15,L,1700,1500,61,6,0
15,L,1700,1500,62,7,0
15,L,1700,1500,63,6,0
15,L,1700,1500,64,6,0
15,L,1700,1500,65,7,0
15,L,1700,1500,66,6,0
15,L,1700,1500,67,6,0
15,L,1700,1500,68,6,0
15,L,1700,1500,69,7,0
15,L,1700,1500,70,7,0
15,L,1700,1500,71,6,0
15,L,1700,1500,72,7,0
15,L,1700,1500,73,6,0
15,L,1700,1500,74,6,0
15,L,1700,1500,75,7,0
15,L,1700,1500,76,6,0
15,L,1700,1500,77,7,0
15,L,1700,1500,78,7,0
15,L,1700,1500,79,6,0
15,L,1700,1500,80,7,0
15,L,1700,1500,81,7,0
15,L,1700,1500,82,6,0
15,L,1700,1500,83,7,0
15,L,1700,1500,84,7,0
15,L,1700,1500,85,6,0
15,L,1700,1500,86,7,0
15,L,1700,1500,87,7,0
15,L,1700,1500,88,6,0
15,L,1700,1500,89,7,0
15,L,1700,1500,90,7,0
15,L,1700,1500,91,6,0
15,L,1700,1500,92,7,0
15,L,1700,1500,93,7,0
15,L,1700,1500,94,6,0
15,L,1700,1500,95,7,0
15,L,1700,1500,96,7,0
15,L,1700,1500,97,7,0
15,L,1700,1500,98,7,0
15,L,1700,1500,99,7,0
15,L,1700,1500,100,7,0
15,L,1700,1500,101,6,0
15,L,1700,1500,102,7,0
15,L,1700,1500,103,7,0
15,L,1700,1500,104,7,0
15,L,1700,1500,105,7,0
15,L,1700,1500,106,7,0
15,L,1700,1500,107,7,0
15,L,1700,1500,108,6,0
15,L,1700,1500,109,7,0
15,L,1700,1500,110,7,0
15,L,1700,1500,111,7,0
15,L,1700,1500,112,7,0
15,L,1700,1500,113,7,0
15,L,1700,1500,114,7,0
15,L,1700,1500,115,6,0
15,L,1700,1500,116,7,0
15,L,1700,1500,117,8,0
15,L,1700,1500,118,7,0
15,L,1700,1500,119,6,0
15,L,1700,1500,120,7,0
15,L,1700,1500,121,8,0
15,L,1700,1500,122,7,0
15,L,1700,1500,123,6,0
15,L,1700,1500,124,7,0
15,L,1700,1500,125,7,0
15,L,1700,1500,126,7,0
15,L,1700,1500,127,7,0
15,L,1700,1500,128,7,0
15,L,1700,1500,129,7,0
15,L,1700,1500,130,8,0
15,L,1700,1500,131,6,0
15,L,1700,1500,132,7,0
15,L,1700,1500,133,7,0
15,L,1700,1500,134,7,0
15,L,1700,1500,135,7,0
15,L,1700,1500,136,7,0
15,L,1700,1500,137,7,0
15,L,1700,1500,138,8,0
15,L,1700,1500,139,6,0
15,L,1700,1500,140,7,0
15,L,1700,1500,141,8,0
15,L,1700,1500,142,7,0
15,L,1700,1500,143,6,0
15,L,1700,1500,144,7,0
15,L,1700,1500,145,8,0
15,L,1700,1500,146,7,0
15,L,1700,1500,147,6,0
15,L,1700,1500,148,7,0
15,L,1700,1500,149,8,0
15,L,1700,1500,150,7,0
15,L,1700,1500,151,6,0
15,L,1700,1500,152,7,0
15,L,1700,1500,153,8,0
15,L,1700,1500,154,7,0
15,L,1700,1500,155,7,0
15,L,1700,1500,156,7,0
15,L,1700,1500,157,7,0
15,L,1700,1500,158,7,0
15,L,1700,1500,159,7,0
15,L,1700,1500,160,7,0
15,L,1700,1500,161,7,0
15,L,1700,1500,162,7,0
15,L,1700,1500,163,8,0
15,L,1700,1500,164,6,0
15,L,1700,1500,165,7,0
15,L,1700,1500,166,8,0
15,L,1700,1500,167,7,0
15,L,1700,1500,168,6,0
15,L,1700,1500,169,8,0
15,L,1700,1500,170,7,0
15,L,1700,1500,171,7,0
15,L,1700,1500,172,7,0
15,L,1700,1500,173,7,0
15,L,1700,1500,174,7,0
15,L,1700,1500,175,7,0
15,L,1700,1500,176,8,0
15,L,1700,1500,177,6,0
15,L,1700,1500,178,7,0
15,L,1700,1500,179,8,0
15,L,1700,1500,180,7,0
15,L,1700,1500,181,7,0
15,L,1700,1500,182,7,0
15,L,1700,1500,183,7,0
15,L,1700,1500,184,7,0
15,L,1700,1500,185,8,0
15,L,1700,1500,186,6,0
15,L,1700,1500,187,7,0
15,L,1700,1500,188,8,0
15,L,1700,1500,189,7,0
15,L,1700,1500,190,7,0
15,L,1700,1500,191,7,0
15,L,1700,1500,192,7,0
15,L,1700,1500,193,7,0
15,L,1700,1500,194,8,0
15,L,1700,1500,195,6,0
15,L,1700,1500,196,7,0
15,L,1700,1500,197,8,0
15,L,1700,1500,198,7,0
15,L,1700,1500,199,7,0
15,L,1700,1500,200,7,0
15,L,1700,1500,201,7,0
15,L,1700,1500,202,8,0
15,L,1700,1500,203,7,0
15,L,1700,1500,204,6,0
15,L,1700,1500,205,7,0
15,L,1700,1500,206,7,0
15,L,1700,1500,207,7,0
15,L,1700,1500,208,7,0
15,L,1700,1500,209,7,0
15,L,1700,1500,210,7,0
15,L,1700,1500,211,6,0
15,L,1700,1500,212,6,0
15,L,1700,1500,213,6,0
15,L,1700,1500,214,7,0
15,L,1700,1500,215,7,0
15,L,1700,1500,216,6,0
15,L,1700,1500,217,7,0
15,L,1700,1500,218,5,0
15,L,1700,1500,219,7,0
15,L,1700,1500,220,6,0
15,L,1700,1500,221,6,0
15,L,1700,1500,222,7,0
15,L,1700,1500,223,5,0
15,L,1700,1500,224,7,0
15,L,1700,1500,225,5,0
15,L,1700,1500,226,7,0
15,L,1700,1500,227,5,0
15,L,1700,1500,228,5,0
15,L,1700,1500,229,7,0
15,L,1700,1500,230,5,0
15,L,1700,1500,231,6,0
15,L,1700,1500,232,6,0
15,L,1700,1500,233,6,0
15,L,1700,1500,234,5,0
15,L,1700,1500,235,5,0
15,L,1700,1500,236,6,0
15,L,1700,1500,237,5,0
15,L,1700,1500,238,5,0
15,L,1700,1500,239,6,0
15,L,1700,1500,240,5,0
15,L,1700,1500,241,6,0
15,L,1700,1500,242,5,0
15,L,1700,1500,243,5,0
15,L,1700,1500,244,5,0
15,L,1700,1500,245,6,0
15,L,1700,1500,246,5,0
15,L,1700,1500,247,5,0
15,L,1700,1500,248,5,0
15,L,1700,1500,249,5,0
15,L,1700,1500,250,5,0
15,L,1700,1500,251,5,0
15,L,1700,1500,252,4,0
15,L,1700,1500,253,6,0
15,L,1700,1500,254,4,0
15,L,1700,1500,255,5,0
15,L,1700,1500,256,5,0
15,L,1700,1500,257,4,0
15,L,1700,1500,258,6,0
15,L,1700,1500,259,4,0
15,L,1700,1500,260,5,0
15,L,1700,1500,261,4,0
15,L,1700,1500,262,5,0
15,L,1700,1500,263,4,0
15,L,1700,1500,264,5,0
15,L,1700,1500,265,5,0
15,L,1700,1500,266,4,0
15,L,1700,1500,267,5,0
15,L,1700,1500,268,4,0
15,L,1700,1500,269,4,0
15,L,1700,1500,270,4,0
15,L,1700,1500,271,4,0
15,L,1700,1500,272,5,0
15,L,1700,1500,273,4,0
15,L,1700,1500,274,4,0
15,L,1700,1500,275,4,0
15,L,1700,1500,276,5,0
15,L,1700,1500,277,4,0
15,L,1700,1500,278,4,0
15,L,1700,1500,279,5,0
15,L,1700,1500,280,4,0
15,L,1700,1500,281,4,0
15,L,1700,1500,282,4,0
15,L,1700,1500,283,3,0
15,L,1700,1500,284,4,0
15,L,1700,1500,285,4,0
15,L,1700,1500,286,4,0
15,L,1700,1500,287,4,0
15,L,1700,1500,288,4,0
15,L,1700,1500,289,3,0
15,L,1700,1500,290,4,0
15,L,1700,1500,291,4,0
15,L,1700,1500,292,4,0
15,L,1700,1500,293,4,0
15,L,1700,1500,294,3,0
15,L,1700,1500,295,4,0
15,L,1700,1500,296,4,0
15,L,1700,1500,297,4,0
15,L,1700,1500,298,3,0
15,L,1700,1500,299,4,0
15,L,1700,1500,300,4,0
15,L,1700,1500,301,4,0
15,L,1700,1500,302,2,0
15,L,1700,1500,303,4,0
15,L,1700,1500,304,4,0
15,L,1700,1500,305,3,0
15,L,1700,1500,306,4,0
15,L,1700,1500,307,3,0
15,L,1700,1500,308,4,0
15,L,1700,1500,309,3,0
15,L,1700,1500,310,3,0
15,L,1700,1500,311,4,0
15,L,1700,1500,312,3,0
15,L,1700,1500,313,4,0
15,L,1700,1500,314,3,0
15,L,1700,1500,315,4,0
15,L,1700,1500,316,2,0
15,L,1700,1500,317,4,0
15,L,1700,1500,318,3,0
15,L,1700,1500,319,3,0
15,L,1700,1500,320,4,0
15,L,1700,1500,321,2,0
15,L,1700,1500,322,4,0
15,L,1700,1500,323,3,0
15,L,1700,1500,324,4,0
15,L,1700,1500,325,3,0
15,L,1700,1500,326,2,0
15,L,1700,1500,327,4,0
15,L,1700,1500,328,3,0
15,L,1700,1500,329,3,0
15,L,1700,1500,330,3,0
15,L,1700,1500,331,3,0
15,L,1700,1500,332,3,0
15,L,1700,1500,333,3,0
15,L,1700,1500,334,3,0
15,L,1700,1500,335,3,0
15,L,1700,1500,336,3,0
15,L,1700,1500,337,3,0
15,L,1700,1500,338,3,0
15,L,1700,1500,339,3,0
15,L,1700,1500,340,3,0
15,L,1700,1500,341,3,0
15,L,1700,1500,342,3,0
15,L,1700,1500,343,3,0
15,L,1700,1500,344,3,0
15,L,1700,1500,345,3,0
15,L,1700,1500,346,2,0
15,L,1700,1500,347,3,0
15,L,1700,1500,348,3,0
15,L,1700,1500,349,3,0
15,L,1700,1500,350,3,0
15,L,1700,1500,351,3,0
15,L,1700,1500,352,3,0
15,L,1700,1500,353,2,0
15,L,1700,1500,354,3,0
15,L,1700,1500,355,3,0
15,L,1700,1500,356,2,0
15,L,1700,1500,357,3,0
15,L,1700,1500,358,3,0
15,L,1700,1500,359,2,0
15,L,1700,1500,360,3,0
15,L,1700,1500,361,3,0
15,L,1700,1500,362,2,0
15,L,1700,1500,363,3,0
15,L,1700,1500,364,3,0
15,L,1700,1500,365,2,0
15,L,1700,1500,366,3,0
15,L,1700,1500,367,3,0
15,L,1700,1500,368,3,0
15,L,1700,1500,369,2,0
15,L,1700,1500,370,3,0
15,L,1700,1500,371,2,0
15,L,1700,1500,372,3,0
15,L,1700,1500,373,3,0
15,L,1700,1500,374,2,0
15,L,1700,1500,375,3,0
15,L,1700,1500,376,3,0
15,L,1700,1500,377,2,0
15,L,1700,1500,378,3,0
15,L,1700,1500,379,3,0
15,L,1700,1500,380,2,0
15,L,1700,1500,381,3,0
15,L,1700,1500,382,2,0
15,L,1700,1500,383,2,0
15,L,1700,1500,384,3,0
15,L,1700,1500,385,2,0
15,L,1700,1500,386,3,0
15,L,1700,1500,387,3,0
15,L,1700,1500,388,2,0
15,L,1700,1500,389,3,0
15,L,1700,1500,390,3,0
15,L,1700,1500,391,2,0
15,L,1700,1500,392,2,0
15,L,1700,1500,393,2,0
15,L,1700,1500,394,3,0
15,L,1700,1500,395,3,0
15,L,1700,1500,396,2,0
15,L,1700,1500,397,2,0
15,L,1700,1500,398,2,0
15,L,1700,1500,399,3,0
15,L,1700,1500,400,3,0
15,L,1700,1500,401,2,0
15,L,1700,1500,402,3,0
15,L,1700,1500,403,1,0
15,L,1700,1500,404,3,0
15,L,1700,1500,405,2,0
15,L,1700,1500,406,2,0
15,L,1700,1500,407,3,0
15,L,1700,1500,408,1,0
15,L,1700,1500,409,2,0
15,L,1700,1500,410,2,0
15,L,1700,1500,411,2,0
15,L,1700,1500,412,2,0
15,L,1700,1500,413,1,0
15,L,1700,1500,414,2,0
15,L,1700,1500,415,1,0
15,L,1700,1500,416,2,0
15,L,1700,1500,417,1,0
15,L,1700,1500,418,2,0
15,L,1700,1500,419,1,0
15,L,1700,1500,420,1,0
15,L,1700,1500,421,1,0
15,L,1700,1500,422,1,0
15,L,1700,1500,423,2,0
15,L,1700,1500,424,1,0
15,L,1700,1500,425,1,0
15,L,1700,1500,426,1,0
15,L,1700,1500,427,1,0
15,L,1700,1500,428,1,0
15,L,1700,1500,429,0,0
15,L,1700,1500,430,1,0
15,L,1700,1500,431,0,0
15,L,1700,1500,432,2,0
15,L,1700,1500,433,0,0
15,L,1700,1500,434,1,0
15,L,1700,1500,435,0,0
15,L,1700,1500,436,1,0
15,L,1700,1500,437,0,0
15,L,1700,1500,438,0,0
15,L,1700,1500,439,0,0
15,L,1700,1500,440,0,0
15,L,1700,1500,441,0,0
15,L,1700,1500,442,0,0
15,L,1700,1500,443,0,0
15,L,1700,1500,444,0,0
15,L,1700,1500,445,0,0
15,L,1700,1500,446,0,0
15,L,1700,1500,447,-1,0
15,L,1700,1500,448,0,0
15,L,1700,1500,449,0,0
15,L,1700,1500,450,0,0
15,L,1700,1500,451,0,0
15,L,1700,1500,452,0,0
15,L,1700,1500,453,0,0
15,L,1700,1500,454,-1,0
15,L,1700,1500,455,0,0
15,L,1700,1500,456,0,0
15,L,1700,1500,457,0,0
15,L,1700,1500,458,0,0
15,L,1700,1500,459,0,0
15,L,1700,1500,460,0,0
15,L,1700,1500,461,0,0
15,L,1700,1500,462,0,0
15,L,1700,1500,463,0,0
15,L,1700,1500,464,0,0
15,L,1700,1500,465,0,0
15,L,1700,1500,466,0,0
15,L,1700,1500,467,0,0
15,L,1700,1500,468,0,0
15,L,1700,1500,469,0,0
15,L,1700,1500,470,0,0
15,L,1700,1500,471,0,0
15,L,1700,1500,472,0,0
15,L,1700,1500,473,0,0
15,L,1700,1500,474,0,0
15,L,1700,1500,475,0,0
15,L,1700,1500,476,0,0
15,L,1700,1500,477,0,0
15,L,1700,1500,478,0,0
15,L,1700,1500,479,0,0
15,L,1700,1500,480,0,0
15,L,1700,1500,481,0,0
15,L,1700,1500,482,0,0
15,L,1700,1500,483,0,0
15,L,1700,1500,484,0,0
15,L,1700,1500,485,0,0
15,L,1700,1500,486,0,0
15,L,1700,1500,487,0,0
15,L,1700,1500,488,0,0
15,L,1700,1500,489,0,0
15,L,1700,1500,490,0,0
15,L,1700,1500,491,0,0
15,L,1700,1500,492,0,0
15,L,1700,1500,493,0,0
15,L,1700,1500,494,0,0
15,L,1700,1500,495,0,0
15,L,1700,1500,496,0,0
15,L,1700,1500,497,0,0
15,L,1700,1500,498,0,0
15,L,1700,1500,499,0,0
16,L,1700,1600,0,0,0
16,L,1700,1600,1,0,0
16,L,1700,1600,2,0,0
16,L,1700,1600,3,1,0
16,L,1700,1600,4,0,0
16,L,1700,1600,5,1,0
16,L,1700,1600,6,2,0
16,L,1700,1600,7,1,0
16,L,1700,1600,8,1,0
16,L,1700,1600,9,3,0
16,L,1700,1600,10,2,0
16,L,1700,1600,11,2,0
16,L,1700,1600,12,3,0
16,L,1700,1600,13,2,0
16,L,1700,1600,14,3,0
16,L,1700,1600,15,3,0
16,L,1700,1600,16,4,0
16,L,1700,1600,17,2,0
16,L,1700,1600,18,4,0
16,L,1700,1600,19,3,0
16,L,1700,1600,20,4,0
16,L,1700,1600,21,4,0
16,L,1700,1600,22,4,0
16,L,1700,1600,23,4,0
16,L,1700,1600,24,4,0
16,L,1700,1600,25,4,0
16,L,1700,1600,26,5,0
16,L,1700,1600,27,4,0
16,L,1700,1600,28,4,0
16,L,1700,1600,29,5,0
16,L,1700,1600,30,5,0
16,L,1700,1600,31,4,0
16,L,1700,1600,32,5,0
16,L,1700,1600,33,5,0
16,L,1700,1600,34,5,0
16,L,1700,1600,35,5,0
16,L,1700,1600,36,5,0
16,L,1700,1600,37,5,0
16,L,1700,1600,38,6,0
16,L,1700,1600,39,5,0
16,L,1700,1600,40,5,0
16,L,1700,1600,41,5,0
16,L,1700,1600,42,6,0
16,L,1700,1600,43,5,0
16,L,1700,1600,44,6,0
16,L,1700,1600,45,5,0
16,L,1700,1600,46,5,0
16,L,1700,1600,47,6,0
16,L,1700,1600,48,6,0
16,L,1700,1600,49,6,0
16,L,1700,1600,50,5,0
16,L,1700,1600,51,7,0
16,L,1700,1600,52,5,0
16,L,1700,1600,53,6,0
16,L,1700,1600,54,6,0
16,L,1700,1600,55,5,0
16,L,1700,1600,56,7,0
16,L,1700,1600,57,5,0
16,L,1700,1600,58,7,0
16,L,1700,1600,59,5,0
16,L,1700,1600,60,7,0
16,L,1700,1600,61,6,0
16,L,1700,1600,62,6,0
16,L,1700,1600,63,7,0
16,L,1700,1600,64,5,0
16,L,1700,1600,65,7,0
16,L,1700,1600,66,6,0
16,L,1700,1600,67,6,0
16,L,1700,1600,68,6,0
16,L,1700,1600,69,7,0
16,L,1700,1600,70,6,0
16,L,1700,1600,71,6,0
16,L,1700,1600,72,7,0
16,L,1700,1600,73,6,0
16,L,1700,1600,74,7,0
16,L,1700,1600,75,6,0
16,L,1700,1600,76,6,0
16,L,1700,1600,77,7,0
16,L,1700,1600,78,6,0
16,L,1700,1600,79,7,0
16,L,1700,1600,80,7,0
16,L,1700,1600,81,6,0
16,L,1700,1600,82,7,0
16,L,1700,1600,83,7,0
16,L,1700,1600,84,6,0
16,L,1700,1600,85,7,0
16,L,1700,1600,86,7,0
16,L,1700,1600,87,6,0
16,L,1700,1600,88,6,0
16,L,1700,1600,89,7,0
16,L,1700,1600,90,7,0
16,L,1700,1600,91,7,0
16,L,1700,1600,92,7,0
16,L,1700,1600,93,6,0
16,L,1700,1600,94,7,0
16,L,1700,1600,95,7,0
16,L,1700,1600,96,6,0
16,L,1700,1600,97,7,0
16,L,1700,1600,98,7,0
16,L,1700,1600,99,6,0
16,L,1700,1600,100,7,0
16,L,1700,1600,101,7,0
16,L,1700,1600,102,6,0
16,L,1700,1600,103,7,0
16,L,1700,1600,104,8,0
16,L,1700,1600,105,7,0
16,L,1700,1600,106,6,0
16,L,1700,1600,107,7,0
16,L,1700,1600,108,7,0
16,L,1700,1600,109,6,0
16,L,1700,1600,110,7,0
16,L,1700,1600,111,8,0
16,L,1700,1600,112,7,0
16,L,1700,1600,113,6,0
16,L,1700,1600,114,7,0
16,L,1700,1600,115,7,0
16,L,1700,1600,116,7,0
16,L,1700,1600,117,7,0
16,L,1700,1600,118,7,0
16,L,1700,1600,119,7,0
16,L,1700,1600,120,7,0
16,L,1700,1600,121,7,0
16,L,1700,1600,122,7,0
16,L,1700,1600,123,7,0
16,L,1700,1600,124,7,0
16,L,1700,1600,125,7,0
16,L,1700,1600,126,7,0
16,L,1700,1600,127,7,0
16,L,1700,1600,128,6,0
16,L,1700,1600,129,8,0
16,L,1700,1600,130,7,0
16,L,1700,1600,131,7,0
16,L,1700,1600,132,7,0
16,L,1700,1600,133,7,0
16,L,1700,1600,134,7,0
16,L,1700,1600,135,7,0
16,L,1700,1600,136,8,0
16,L,1700,1600,137,6,0
16,L,1700,1600,138,7,0
16,L,1700,1600,139,7,0
16,L,1700,1600,140,8,0
16,L,1700,1600,141,6,0
16,L,1700,1600,142,7,0
16,L,1700,1600,143,8,0
16,L,1700,1600,144,7,0
16,L,1700,1600,145,6,0
16,L,1700,1600,146,8,0
16,L,1700,1600,147,7,0
16,L,1700,1600,148,7,0
16,L,1700,1600,149,7,0
16,L,1700,1600,150,7,0
16,L,1700,1600,151,7,0
16,L,1700,1600,152,7,0
16,L,1700,1600,153,8,0
16,L,1700,1600,154,6,0
16,L,1700,1600,155,8,0
16,L,1700,1600,156,7,0
16,L,1700,1600,157,7,0
16,L,1700,1600,158,7,0
16,L,1700,1600,159,7,0
16,L,1700,1600,160,7,0
16,L,1700,1600,161,8,0
16,L,1700,1600,162,7,0
16,L,1700,1600,163,6,0
16,L,1700,1600,164,8,0
16,L,1700,1600,165,7,0
16,L,1700,1600,166,7,0
16,L,1700,1600,167,8,0
16,L,1700,1600,168,6,0
16,L,1700,1600,169,8,0
16,L,1700,1600,170,7,0
16,L,1700,1600,171,7,0
16,L,1700,1600,172,7,0
16,L,1700,1600,173,7,0
16,L,1700,1600,174,7,0
16,L,1700,1600,175,8,0
16,L,1700,1600,176,7,0
16,L,1700,1600,177,6,0
16,L,1700,1600,178,8,0
16,L,1700,1600,179,7,0
16,L,1700,1600,180,8,0
16,L,1700,1600,181,7,0
16,L,1700,1600,182,6,0
16,L,1700,1600,183,8,0
16,L,1700,1600,184,7,0
16,L,1700,1600,185,7,0
16,L,1700,1600,186,8,0
16,L,1700,1600,187,6,0
16,L,1700,1600,188,7,0
16,L,1700,1600,189,8,0
16,L,1700,1600,190,7,0
16,L,1700,1600,191,7,0
16,L,1700,1600,192,7,0
16,L,1700,1600,193,7,0
16,L,1700,1600,194,8,0
16,L,1700,1600,195,7,0
16,L,1700,1600,196,6,0
16,L,1700,1600,197,8,0
16,L,1700,1600,198,7,0
16,L,1700,1600,199,8,0
16,L,1700,1600,200,7,0
16,L,1700,1600,201,6,0
16,L,1700,1600,202,8,0
16,L,1700,1600,203,7,0
16,L,1700,1600,204,7,0
16,L,1700,1600,205,8,0
16,L,1700,1600,206,6,0
16,L,1700,1600,207,7,0
16,L,1700,1600,208,7,0
16,L,1700,1600,209,6,0
16,L,1700,1600,210,7,0
16,L,1700,1600,211,8,0
16,L,1700,1600,212,7,0
16,L,1700,1600,213,6,0
16,L,1700,1600,214,6,0
16,L,1700,1600,215,7,0
16,L,1700,1600,216,6,0
16,L,1700,1600,217,8,0
16,L,1700,1600,218,6,0
16,L,1700,1600,219,6,0
16,L,1700,1600,220,7,0
16,L,1700,1600,221,6,0
16,L,1700,1600,222,7,0
16,L,1700,1600,223,6,0
16,L,1700,1600,224,6,0
16,L,1700,1600,225,7,0
16,L,1700,1600,226,6,0
16,L,1700,1600,227,6,0
16,L,1700,1600,228,6,0
16,L,1700,1600,229,7,0
16,L,1700,1600,230,5,0
16,L,1700,1600,231,7,0
16,L,1700,1600,232,6,0
16,L,1700,1600,233,6,0
16,L,1700,1600,234,6,0
16,L,1700,1600,235,6,0
16,L,1700,1600,236,6,0
16,L,1700,1600,237,6,0
16,L,1700,1600,238,6,0
16,L,1700,1600,239,6,0
16,L,1700,1600,240,5,0
16,L,1700,1600,241,7,0
16,L,1700,1600,242,5,0
16,L,1700,1600,243,6,0
16,L,1700,1600,244,6,0
16,L,1700,1600,245,6,0
16,L,1700,1600,246,5,0
16,L,1700,1600,247,7,0
16,L,1700,1600,248,5,0
16,L,1700,1600,249,5,0
16,L,1700,1600,250,6,0
16,L,1700,1600,251,5,0
16,L,1700,1600,252,7,0
16,L,1700,1600,253,5,0
16,L,1700,1600,254,5,0
16,L,1700,1600,255,6,0
16,L,1700,1600,256,5,0
16,L,1700,1600,257,6,0
16,L,1700,1600,258,6,0
16,L,1700,1600,259,5,0
16,L,1700,1600,260,6,0
16,L,1700,1600,261,5,0
16,L,1700,1600,262,5,0
16,L,1700,1600,263,6,0
16,L,1700,1600,264,5,0
16,L,1700,1600,265,5,0
16,L,1700,1600,266,6,0
16,L,1700,1600,267,5,0
16,L,1700,1600,268,5,0
16,L,1700,1600,269,6,0
16,L,1700,1600,270,5,0
16,L,1700,1600,271,5,0
16,L,1700,1600,272,6,0
16,L,1700,1600,273,5,0
16,L,1700,1600,274,5,0
16,L,1700,1600,275,6,0
16,L,1700,1600,276,5,0
16,L,1700,1600,277,5,0
16,L,1700,1600,278,6,0
16,L,1700,1600,279,5,0
16,L,1700,1600,280,5,0
16,L,1700,1600,281,4,0
16,L,1700,1600,282,6,0
16,L,1700,1600,283,5,0
16,L,1700,1600,284,5,0
16,L,1700,1600,285,6,0
16,L,1700,1600,286,5,0
16,L,1700,1600,287,4,0
16,L,1700,1600,288,5,0
16,L,1700,1600,289,6,0
16,L,1700,1600,290,5,0
16,L,1700,1600,291,5,0
16,L,1700,1600,292,5,0
16,L,1700,1600,293,5,0
16,L,1700,1600,294,5,0
16,L,1700,1600,295,5,0
16,L,1700,1600,296,6,0
16,L,1700,1600,297,4,0
16,L,1700,1600,298,5,0
16,L,1700,1600,299,5,0
16,L,1700,1600,300,5,0
16,L,1700,1600,301,5,0
16,L,1700,1600,302,5,0
16,L,1700,1600,303,5,0
16,L,1700,1600,304,5,0
16,L,1700,1600,305,5,0
16,L,1700,1600,306,5,0
16,L,1700,1600,307,5,0
16,L,1700,1600,308,5,0
16,L,1700,1600,309,5,0
16,L,1700,1600,310,5,0
16,L,1700,1600,311,4,0
16,L,1700,1600,312,5,0
16,L,1700,1600,313,6,0
16,L,1700,1600,314,5,0
16,L,1700,1600,315,4,0
16,L,1700,1600,316,5,0
16,L,1700,1600,317,6,0
16,L,1700,1600,318,4,0
16,L,1700,1600,319,5,0
16,L,1700,1600,320,5,0
16,L,1700,1600,321,4,0
16,L,1700,1600,322,6,0
16,L,1700,1600,323,5,0
16,L,1700,1600,324,4,0
16,L,1700,1600,325,5,0
16,L,1700,1600,326,5,0
16,L,1700,1600,327,5,0
16,L,1700,1600,328,5,0
16,L,1700,1600,329,4,0
16,L,1700,1600,330,5,0
16,L,1700,1600,331,6,0
16,L,1700,1600,332,4,0
16,L,1700,1600,333,5,0
16,L,1700,1600,334,5,0
16,L,1700,1600,335,4,0
16,L,1700,1600,336,6,0
16,L,1700,1600,337,5,0
16,L,1700,1600,338,4,0
16,L,1700,1600,339,5,0
16,L,1700,1600,340,5,0
16,L,1700,1600,341,5,0
16,L,1700,1600,342,5,0
16,L,1700,1600,343,4,0
16,L,1700,1600,344,5,0
16,L,1700,1600,345,5,0
16,L,1700,1600,346,5,0
16,L,1700,1600,347,5,0
16,L,1700,1600,348,4,0
16,L,1700,1600,349,5,0
16,L,1700,1600,350,5,0
16,L,1700,1600,351,5,0
16,L,1700,1600,352,5,0
16,L,1700,1600,353,4,0
16,L,1700,1600,354,5,0
16,L,1700,1600,355,5,0
16,L,1700,1600,356,5,0
16,L,1700,1600,357,5,0
16,L,1700,1600,358,4,0
16,L,1700,1600,359,5,0
16,L,1700,1600,360,5,0
16,L,1700,1600,361,5,0
16,L,1700,1600,362,4,0
16,L,1700,1600,363,5,0
16,L,1700,1600,364,5,0
16,L,1700,1600,365,4,0
16,L,1700,1600,366,6,0
16,L,1700,1600,367,4,0
16,L,1700,1600,368,5,0
16,L,1700,1600,369,5,0
16,L,1700,1600,370,4,0
16,L,1700,1600,371,6,0
16,L,1700,1600,372,4,0
16,L,1700,1600,373,5,0
16,L,1700,1600,374,4,0
16,L,1700,1600,375,5,0
16,L,1700,1600,376,5,0
16,L,1700,1600,377,5,0
16,L,1700,1600,378,5,0
16,L,1700,1600,379,4,0
16,L,1700,1600,380,5,0
16,L,1700,1600,381,4,0
16,L,1700,1600,382,6,0
16,L,1700,1600,383,4,0
16,L,1700,1600,384,5,0
16,L,1700,1600,385,5,0
16,L,1700,1600,386,4,0
16,L,1700,1600,387,6,0
16,L,1700,1600,388,4,0
16,L,1700,1600,389,5,0
16,L,1700,1600,390,4,0
16,L,1700,1600,391,5,0
16,L,1700,1600,392,5,0
16,L,1700,1600,393,5,0
16,L,1700,1600,394,5,0
16,L,1700,1600,395,4,0
16,L,1700,1600,396,5,0
16,L,1700,1600,397,4,0
16,L,1700,1600,398,6,0
16,L,1700,1600,399,4,0
16,L,1700,1600,400,5,0
16,L,1700,1600,401,4,0
16,L,1700,1600,402,5,0
16,L,1700,1600,403,4,0
16,L,1700,1600,404,5,0
16,L,1700,1600,405,5,0
16,L,1700,1600,406,4,0
16,L,1700,1600,407,4,0
16,L,1700,1600,408,5,0
16,L,1700,1600,409,4,0
16,L,1700,1600,410,4,0
16,L,1700,1600,411,4,0
16,L,1700,1600,412,4,0
16,L,1700,1600,413,4,0
16,L,1700,1600,414,4,0
16,L,1700,1600,415,3,0
16,L,1700,1600,416,4,0
16,L,1700,1600,417,4,0
16,L,1700,1600,418,3,0
16,L,1700,1600,419,3,0
16,L,1700,1600,420,4,0
16,L,1700,1600,421,3,0
16,L,1700,1600,422,4,0
16,L,1700,1600,423,3,0
16,L,1700,1600,424,2,0
16,L,1700,1600,425,4,0
16,L,1700,1600,426,3,0
16,L,1700,1600,427,3,0
16,L,1700,1600,428,3,0
16,L,1700,1600,429,2,0
16,L,1700,1600,430,4,0
16,L,1700,1600,431,3,0
16,L,1700,1600,432,2,0
16,L,1700,1600,433,3,0
16,L,1700,1600,434,2,0
16,L,1700,1600,435,2,0
16,L,1700,1600,436,3,0
16,L,1700,1600,437,2,0
16,L,1700,1600,438,2,0
16,L,1700,1600,439,2,0
16,L,1700,1600,440,3,0
16,L,1700,1600,441,1,0
16,L,1700,1600,442,3,0
16,L,1700,1600,443,1,0
16,L,1700,1600,444,3,0
16,L,1700,1600,445,1,0
16,L,1700,1600,446,3,0
16,L,1700,1600,447,1,0
16,L,1700,1600,448,2,0
16,L,1700,1600,449,1,0
16,L,1700,1600,450,2,0
16,L,1700,1600,451,2,0
16,L,1700,1600,452,1,0
16,L,1700,1600,453,2,0
16,L,1700,1600,454,1,0
16,L,1700,1600,455,1,0
16,L,1700,1600,456,2,0
16,L,1700,1600,457,1,0
16,L,1700,1600,458,1,0
16,L,1700,1600,459,1,0
16,L,1700,1600,460,1,0
16,L,1700,1600,461,1,0
16,L,1700,1600,462,1,0
16,L,1700,1600,463,0,0
16,L,1700,1600,464,2,0
16,L,1700,1600,465,0,0
16,L,1700,1600,466,1,0
16,L,1700,1600,467,0,0
16,L,1700,1600,468,1,0
16,L,1700,1600,469,0,0
16,L,1700,1600,470,2,0
16,L,1700,1600,471,0,0
16,L,1700,1600,472,0,0
16,L,1700,1600,473,0,0
16,L,1700,1600,474,0,0
16,L,1700,1600,475,1,0
16,L,1700,1600,476,0,0
16,L,1700,1600,477,0,0
16,L,1700,1600,478,0,0
16,L,1700,1600,479,0,0
16,L,1700,1600,480,0,0
16,L,1700,1600,481,0,0
16,L,1700,1600,482,0,0
16,L,1700,1600,483,0,0
16,L,1700,1600,484,0,0
16,L,1700,1600,485,0,0
16,L,1700,1600,486,0,0
16,L,1700,1600,487,0,0
16,L,1700,1600,488,0,0
16,L,1700,1600,489,0,0
16,L,1700,1600,490,0,0
16,L,1700,1600,491,0,0
16,L,1700,1600,492,0,0
16,L,1700,1600,493,0,0
16,L,1700,1600,494,0,0
16,L,1700,1600,495,0,0
16,L,1700,1600,496,0,0
16,L,1700,1600,497,0,0
16,L,1700,1600,498,0,0
16,L,1700,1600,499,0,0
17,L,2000,1500,0,0,0
17,L,2000,1500,1,0,0
17,L,2000,1500,2,1,0
17,L,2000,1500,3,3,0
17,L,2000,1500,4,3,0
17,L,2000,1500,5,4,0
17,L,2000,1500,6,4,0
17,L,2000,1500,7,5,0
17,L,2000,1500,8,7,0
17,L,2000,1500,9,6,0
17,L,2000,1500,10,7,0
17,L,2000,1500,11,7,0
17,L,2000,1500,12,8,0
17,L,2000,1500,13,8,0
17,L,2000,1500,14,8,0
17,L,2000,1500,15,9,0
17,L,2000,1500,16,8,0
17,L,2000,1500,17,10,0
17,L,2000,1500,18,10,0
17,L,2000,1500,19,9,0
17,L,2000,1500,20,11,0
17,L,2000,1500,21,9,0
17,L,2000,1500,22,11,0
17,L,2000,1500,23,11,0
17,L,2000,1500,24,11,0
17,L,2000,1500,25,11,0
17,L,2000,1500,26,11,0
17,L,2000,1500,27,12,0
17,L,2000,1500,28,12,0
17,L,2000,1500,29,11,0
17,L,2000,1500,30,12,0
17,L,2000,1500,31,12,0
17,L,2000,1500,32,12,0
17,L,2000,1500,33,12,0
17,L,2000,1500,34,13,0
17,L,2000,1500,35,12,0
17,L,2000,1500,36,13,0
17,L,2000,1500,37,12,0
17,L,2000,1500,38,14,0
17,L,2000,1500,39,12,0
17,L,2000,1500,40,13,0
17,L,2000,1500,41,13,0
17,L,2000,1500,42,13,0
17,L,2000,1500,43,13,0
17,L,2000,1500,44,13,0
17,L,2000,1500,45,13,0
17,L,2000,1500,46,14,0
17,L,2000,1500,47,13,0
17,L,2000,1500,48,14,0
17,L,2000,1500,49,14,0
17,L,2000,1500,50,13,0
17,L,2000,1500,51,14,0
17,L,2000,1500,52,13,0
17,L,2000,1500,53,15,0
17,L,2000,1500,54,13,0
17,L,2000,1500,55,14,0
17,L,2000,1500,56,14,0
17,L,2000,1500,57,14,0
17,L,2000,1500,58,14,0
17,L,2000,1500,59,14,0
17,L,2000,1500,60,14,0
17,L,2000,1500,61,15,0
17,L,2000,1500,62,13,0
17,L,2000,1500,63,15,0
17,L,2000,1500,64,14,0
17,L,2000,1500,65,14,0
17,L,2000,1500,66,14,0
17,L,2000,1500,67,15,0
17,L,2000,1500,68,14,0
17,L,2000,1500,69,14,0
17,L,2000,1500,70,15,0
17,L,2000,1500,71,14,0
17,L,2000,1500,72,15,0
17,L,2000,1500,73,15,0
17,L,2000,1500,74,14,0
17,L,2000,1500,75,15,0
17,L,2000,1500,76,14,0
17,L,2000,1500,77,14,0
17,L,2000,1500,78,15,0
17,L,2000,1500,79,15,0
17,L,2000,1500,80,14,0
17,L,2000,1500,81,15,0
17,L,2000,1500,82,15,0
17,L,2000,1500,83,15,0
17,L,2000,1500,84,15,0
17,L,2000,1500,85,15,0
17,L,2000,1500,86,14,0
17,L,2000,1500,87,15,0
17,L,2000,1500,88,15,0
17,L,2000,1500,89,14,0
17,L,2000,1500,90,15,0
17,L,2000,1500,91,15,0
17,L,2000,1500,92,15,0
17,L,2000,1500,93,15,0
17,L,2000,1500,94,15,0
17,L,2000,1500,95,15,0
17,L,2000,1500,96,14,0
17,L,2000,1500,97,16,0
17,L,2000,1500,98,15,0
17,L,2000,1500,99,15,0
17,L,2000,1500,100,14,0
17,L,2000,1500,101,16,0
17,L,2000,1500,102,15,0
17,L,2000,1500,103,15,0
17,L,2000,1500,104,14,0
17,L,2000,1500,105,16,0
17,L,2000,1500,106,15,0
17,L,2000,1500,107,15,0
17,L,2000,1500,108,15,0
17,L,2000,1500,109,15,0
17,L,2000,1500,110,15,0
17,L,2000,1500,111,16,0
17,L,2000,1500,112,15,0
17,L,2000,1500,113,14,0
17,L,2000,1500,114,16,0
17,L,2000,1500,115,15,0
17,L,2000,1500,116,15,0
17,L,2000,1500,117,16,0
17,L,2000,1500,118,14,0
17,L,2000,1500,119,15,0
17,L,2000,1500,120,16,0
17,L,2000,1500,121,15,0
17,L,2000,1500,122,15,0
17,L,2000,1500,123,15,0
17,L,2000,1500,124,15,0
17,L,2000,1500,125,16,0
17,L,2000,1500,126,15,0
17,L,2000,1500,127,14,0
17,L,2000,1500,128,16,0
17,L,2000,1500,129,15,0
17,L,2000,1500,130,16,0
17,L,2000,1500,131,15,0
17,L,2000,1500,132,15,0
17,L,2000,1500,133,15,0
17,L,2000,1500,134,15,0
17,L,2000,1500,135,16,0
17,L,2000,1500,136,15,0
17,L,2000,1500,137,15,0
17,L,2000,1500,138,15,0
17,L,2000,1500,139,15,0
17,L,2000,1500,140,16,0
17,L,2000,1500,141,15,0
17,L,2000,1500,142,16,0
17,L,2000,1500,143,15,0
17,L,2000,1500,144,15,0
17,L,2000,1500,145,15,0
17,L,2000,1500,146,16,0
17,L,2000,1500,147,15,0
17,L,2000,1500,148,16,0
17,L,2000,1500,149,14,0
17,L,2000,1500,150,16,0
17,L,2000,1500,151,15,0
17,L,2000,1500,152,16,0
17,L,2000,1500,153,15,0
17,L,2000,1500,154,15,0
17,L,2000,1500,155,15,0
17,L,2000,1500,156,16,0
17,L,2000,1500,157,15,0
17,L,2000,1500,158,16,0
17,L,2000,1500,159,15,0
17,L,2000,1500,160,15,0
17,L,2000,1500,161,15,0
17,L,2000,1500,162,16,0
17,L,2000,1500,163,15,0
17,L,2000,1500,164,16,0
17,L,2000,1500,165,15,0
17,L,2000,1500,166,16,0
17,L,2000,1500,167,14,0
17,L,2000,1500,168,16,0
17,L,2000,1500,169,15,0
17,L,2000,1500,170,16,0
17,L,2000,1500,171,15,0
17,L,2000,1500,172,16,0
17,L,2000,1500,173,14,0
17,L,2000,1500,174,16,0
17,L,2000,1500,175,16,0
17,L,2000,1500,176,15,0
17,L,2000,1500,177,16,0
17,L,2000,1500,178,15,0
17,L,2000,1500,179,15,0
17,L,2000,1500,180,15,0
17,L,2000,1500,181,16,0
17,L,2000,1500,182,16,0
17,L,2000,1500,183,15,0
17,L,2000,1500,184,15,0
17,L,2000,1500,185,16,0
17,L,2000,1500,186,15,0
17,L,2000,1500,187,15,0
17,L,2000,1500,188,16,0
17,L,2000,1500,189,15,0
17,L,2000,1500,190,16,0
17,L,2000,1500,191,15,0
17,L,2000,1500,192,16,0
17,L,2000,1500,193,15,0
17,L,2000,1500,194,15,0
17,L,2000,1500,195,16,0
17,L,2000,1500,196,15,0
17,L,2000,1500,197,16,0
17,L,2000,1500,198,15,0
17,L,2000,1500,199,16,0
17,L,2000,1500,200,15,0
17,L,2000,1500,201,15,0
17,L,2000,1500,202,15,0
17,L,2000,1500,203,16,0
17,L,2000,1500,204,15,0
17,L,2000,1500,205,15,0
17,L,2000,1500,206,15,0
17,L,2000,1500,207,15,0
17,L,2000,1500,208,15,0
17,L,2000,1500,209,14,0
17,L,2000,1500,210,15,0
17,L,2000,1500,211,13,0
17,L,2000,1500,212,15,0
17,L,2000,1500,213,15,0
17,L,2000,1500,214,13,0
17,L,2000,1500,215,15,0
17,L,2000,1500,216,13,0
17,L,2000,1500,217,15,0
17,L,2000,1500,218,13,0
17,L,2000,1500,219,13,0
17,L,2000,1500,220,14,0
17,L,2000,1500,221,13,0
17,L,2000,1500,222,14,0
17,L,2000,1500,223,13,0
17,L,2000,1500,224,13,0
17,L,2000,1500,225,13,0
17,L,2000,1500,226,14,0
17,L,2000,1500,227,12,0
17,L,2000,1500,228,13,0
17,L,2000,1500,229,13,0
17,L,2000,1500,230,12,0
17,L,2000,1500,231,13,0
17,L,2000,1500,232,13,0
17,L,2000,1500,233,12,0
17,L,2000,1500,234,12,0
17,L,2000,1500,235,12,0
17,L,2000,1500,236,13,0
17,L,2000,1500,237,11,0
17,L,2000,1500,238,12,0
17,L,2000,1500,239,12,0
17,L,2000,1500,240,12,0
17,L,2000,1500,241,12,0
17,L,2000,1500,242,12,0
17,L,2000,1500,243,11,0
17,L,2000,1500,244,11,0
17,L,2000,1500,245,11,0
17,L,2000,1500,246,12,0
17,L,2000,1500,247,11,0
17,L,2000,1500,248,11,0
17,L,2000,1500,249,11,0
17,L,2000,1500,250,11,0
17,L,2000,1500,251,11,0
17,L,2000,1500,252,10,0
17,L,2000,1500,253,11,0
17,L,2000,1500,254,11,0
17,L,2000,1500,255,11,0
17,L,2000,1500,256,10,0
17,L,2000,1500,257,11,0
17,L,2000,1500,258,10,0
17,L,2000,1500,259,11,0
17,L,2000,1500,260,9,0
17,L,2000,1500,261,11,0
17,L,2000,1500,262,9,0
17,L,2000,1500,263,11,0
17,L,2000,1500,264,9,0
17,L,2000,1500,265,11,0
17,L,2000,1500,266,9,0
17,L,2000,1500,267,10,0
17,L,2000,1500,268,10,0
17,L,2000,1500,269,10,0
17,L,2000,1500,270,9,0
17,L,2000,1500,271,9,0
17,L,2000,1500,272,10,0
17,L,2000,1500,273,9,0
17,L,2000,1500,274,9,0
17,L,2000,1500,275,9,0
17,L,2000,1500,276,9,0
17,L,2000,1500,277,9,0
17,L,2000,1500,278,9,0
17,L,2000,1500,279,10,0
17,L,2000,1500,280,8,0
17,L,2000,1500,281,9,0
17,L,2000,1500,282,8,0
17,L,2000,1500,283,9,0
17,L,2000,1500,284,8,0
17,L,2000,1500,285,9,0
17,L,2000,1500,286,9,0
17,L,2000,1500,287,8,0
17,L,2000,1500,288,9,0
17,L,2000,1500,289,8,0
17,L,2000,1500,290,8,0
17,L,2000,1500,291,8,0
17,L,2000,1500,292,8,0
17,L,2000,1500,293,8,0
17,L,2000,1500,294,8,0
17,L,2000,1500,295,8,0
17,L,2000,1500,296,8,0
17,L,2000,1500,297,8,0
17,L,2000,1500,298,7,0
17,L,2000,1500,299,8,0
17,L,2000,1500,300,8,0
17,L,2000,1500,301,8,0
17,L,2000,1500,302,6,0
17,L,2000,1500,303,8,0
17,L,2000,1500,304,8,0
17,L,2000,1500,305,7,0
17,L,2000,1500,306,7,0
17,L,2000,1500,307,8,0
17,L,2000,1500,308,6,0
17,L,2000,1500,309,7,0
17,L,2000,1500,310,8,0
17,L,2000,1500,311,7,0
17,L,2000,1500,312,6,0
17,L,2000,1500,313,7,0
17,L,2000,1500,314,7,0
17,L,2000,1500,315,7,0
17,L,2000,1500,316,7,0
17,L,2000,1500,317,7,0
17,L,2000,1500,318,7,0
17,L,2000,1500,319,6,0
17,L,2000,1500,320,6,0
17,L,2000,1500,321,6,0
17,L,2000,1500,322,7,0
17,L,2000,1500,323,7,0
17,L,2000,1500,324,6,0
17,L,2000,1500,325,6,0
17,L,2000,1500,326,6,0
17,L,2000,1500,327,7,0
17,L,2000,1500,328,5,0
17,L,2000,1500,329,7,0
17,L,2000,1500,330,6,0
17,L,2000,1500,331,6,0
17,L,2000,1500,332,6,0
17,L,2000,1500,333,6,0
17,L,2000,1500,334,5,0
17,L,2000,1500,335,7,0
17,L,2000,1500,336,5,0
17,L,2000,1500,337,6,0
17,L,2000,1500,338,6,0
17,L,2000,1500,339,6,0
17,L,2000,1500,340,5,0
17,L,2000,1500,341,5,0
17,L,2000,1500,342,6,0
17,L,2000,1500,343,5,0
17,L,2000,1500,344,6,0
17,L,2000,1500,345,6,0
17,L,2000,1500,346,5,0
17,L,2000,1500,347,5,0
17,L,2000,1500,348,6,0
17,L,2000,1500,349,5,0
17,L,2000,1500,350,4,0
17,L,2000,1500,351,6,0
17,L,2000,1500,352,5,0
17,L,2000,1500,353,5,0
17,L,2000,1500,354,6,0
17,L,2000,1500,355,5,0
17,L,2000,1500,356,4,0
17,L,2000,1500,357,5,0
17,L,2000,1500,358,5,0
17,L,2000,1500,359,5,0
17,L,2000,1500,360,5,0
17,L,2000,1500,361,4,0
17,L,2000,1500,362,5,0
17,L,2000,1500,363,5,0
17,L,2000,1500,364,5,0
17,L,2000,1500,365,5,0
17,L,2000,1500,366,4,0
17,L,2000,1500,367,5,0
17,L,2000,1500,368,4,0
17,L,2000,1500,369,4,0
17,L,2000,1500,370,5,0
17,L,2000,1500,371,5,0
17,L,2000,1500,372,4,0
17,L,2000,1500,373,5,0
17,L,2000,1500,374,4,0
17,L,2000,1500,375,4,0
17,L,2000,1500,376,4,0
17,L,2000,1500,377,5,0
17,L,2000,1500,378,4,0
17,L,2000,1500,379,4,0
17,L,2000,1500,380,4,0
17,L,2000,1500,381,4,0
17,L,2000,1500,382,4,0
17,L,2000,1500,383,5,0
17,L,2000,1500,384,4,0
17,L,2000,1500,385,4,0
17,L,2000,1500,386,4,0
17,L,2000,1500,387,4,0
17,L,2000,1500,388,4,0
17,L,2000,1500,389,4,0
17,L,2000,1500,390,3,0
17,L,2000,1500,391,4,0
17,L,2000,1500,392,4,0
17,L,2000,1500,393,4,0
17,L,2000,1500,394,4,0
17,L,2000,1500,395,4,0
17,L,2000,1500,396,4,0
17,L,2000,1500,397,3,0
17,L,2000,1500,398,4,0
17,L,2000,1500,399,4,0
17,L,2000,1500,400,4,0
17,L,2000,1500,401,3,0
17,L,2000,1500,402,4,0
17,L,2000,1500,403,4,0
17,L,2000,1500,404,2,0
17,L,2000,1500,405,4,0
17,L,2000,1500,406,3,0
17,L,2000,1500,407,4,0
17,L,2000,1500,408,3,0
17,L,2000,1500,409,4,0
17,L,2000,1500,410,2,0
17,L,2000,1500,411,3,0
17,L,2000,1500,412,3,0
17,L,2000,1500,413,3,0
17,L,2000,1500,414,3,0
17,L,2000,1500,415,3,0
17,L,2000,1500,416,3,0
17,L,2000,1500,417,2,0
17,L,2000,1500,418,3,0
17,L,2000,1500,419,2,0
17,L,2000,1500,420,2,0
17,L,2000,1500,421,3,0
17,L,2000,1500,422,2,0
17,L,2000,1500,423,3,0
17,L,2000,1500,424,1,0
17,L,2000,1500,425,3,0
17,L,2000,1500,426,2,0
17,L,2000,1500,427,2,0
17,L,2000,1500,428,2,0
17,L,2000,1500,429,2,0
17,L,2000,1500,430,1,0
17,L,2000,1500,431,3,0
17,L,2000,1500,432,1,0
17,L,2000,1500,433,2,0
17,L,2000,1500,434,1,0
17,L,2000,1500,435,2,0
17,L,2000,1500,436,1,0
17,L,2000,1500,437,2,0
17,L,2000,1500,438,2,0
17,L,2000,1500,439,1,0
17,L,2000,1500,440,1,0
17,L,2000,1500,441,1,0
17,L,2000,1500,442,1,0
17,L,2000,1500,443,1,0
17,L,2000,1500,444,1,0
17,L,2000,1500,445,2,0
17,L,2000,1500,446,1,0
17,L,2000,1500,447,0,0
17,L,2000,1500,448,1,0
17,L,2000,1500,449,1,0
17,L,2000,1500,450,1,0
17,L,2000,1500,451,1,0
17,L,2000,1500,452,0,0
17,L,2000,1500,453,0,0
17,L,2000,1500,454,1,0
17,L,2000,1500,455,0,0
17,L,2000,1500,456,1,0
17,L,2000,1500,457,1,0
17,L,2000,1500,458,0,0
17,L,2000,1500,459,0,0
17,L,2000,1500,460,1,0
17,L,2000,1500,461,0,0
17,L,2000,1500,462,0,0
17,L,2000,1500,463,0,0
17,L,2000,1500,464,0,0
17,L,2000,1500,465,0,0
17,L,2000,1500,466,0,0
17,L,2000,1500,467,0,0
17,L,2000,1500,468,0,0
17,L,2000,1500,469,0,0
17,L,2000,1500,470,0,0
17,L,2000,1500,471,0,0
17,L,2000,1500,472,0,0
17,L,2000,1500,473,0,0
17,L,2000,1500,474,0,0
17,L,2000,1500,475,0,0
17,L,2000,1500,476,0,0
17,L,2000,1500,477,0,0
17,L,2000,1500,478,0,0
17,L,2000,1500,479,0,0
17,L,2000,1500,480,0,0
17,L,2000,1500,481,0,0
17,L,2000,1500,482,0,0
17,L,2000,1500,483,0,0
17,L,2000,1500,484,0,0
17,L,2000,1500,485,0,0
17,L,2000,1500,486,0,0
17,L,2000,1500,487,0,0
17,L,2000,1500,488,0,0
17,L,2000,1500,489,0,0
17,L,2000,1500,490,0,0
17,L,2000,1500,491,0,0
17,L,2000,1500,492,0,0
17,L,2000,1500,493,0,0
17,L,2000,1500,494,0,0
17,L,2000,1500,495,0,0
17,L,2000,1500,496,0,0
17,L,2000,1500,497,0,0
17,L,2000,1500,498,0,0
17,L,2000,1500,499,0,0
18,L,1600,-1600,0,0,0
18,L,1600,-1600,1,0,0
18,L,1600,-1600,2,0,0
18,L,1600,-1600,3,0,0
18,L,1600,-1600,4,0,0
18,L,1600,-1600,5,1,0
18,L,1600,-1600,6,0,0
18,L,1600,-1600,7,2,0
18,L,1600,-1600,8,1,0
18,L,1600,-1600,9,0,0
18,L,1600,-1600,10,1,0
18,L,1600,-1600,11,2,0
18,L,1600,-1600,12,1,0
18,L,1600,-1600,13,2,0
18,L,1600,-1600,14,2,0
18,L,1600,-1600,15,1,0
18,L,1600,-1600,16,2,0
18,L,1600,-1600,17,2,0
18,L,1600,-1600,18,2,0
18,L,1600,-1600,19,2,0
18,L,1600,-1600,20,2,0
18,L,1600,-1600,21,2,0
18,L,1600,-1600,22,2,0
18,L,1600,-1600,23,2,0
18,L,1600,-1600,24,3,0
18,L,1600,-1600,25,3,0
18,L,1600,-1600,26,2,0
18,L,1600,-1600,27,3,0
18,L,1600,-1600,28,2,0
18,L,1600,-1600,29,3,0
18,L,1600,-1600,30,3,0
18,L,1600,-1600,31,3,0
18,L,1600,-1600,32,2,0
18,L,1600,-1600,33,3,0
18,L,1600,-1600,34,3,0
18,L,1600,-1600,35,2,0
18,L,1600,-1600,36,4,0
18,L,1600,-1600,37,3,0
18,L,1600,-1600,38,3,0
18,L,1600,-1600,39,3,0
18,L,1600,-1600,40,3,0
18,L,1600,-1600,41,3,0
18,L,1600,-1600,42,4,0
18,L,1600,-1600,43,3,0
18,L,1600,-1600,44,3,0
18,L,1600,-1600,45,3,0
18,L,1600,-1600,46,4,0
18,L,1600,-1600,47,3,0
18,L,1600,-1600,48,4,0
18,L,1600,-1600,49,3,0
18,L,1600,-1600,50,4,0
18,L,1600,-1600,51,3,0
18,L,1600,-1600,52,3,0
18,L,1600,-1600,53,4,0
18,L,1600,-1600,54,3,0
18,L,1600,-1600,55,4,0
18,L,1600,-1600,56,4,0
18,L,1600,-1600,57,4,0
18,L,1600,-1600,58,4,0
18,L,1600,-1600,59,3,0
18,L,1600,-1600,60,4,0
18,L,1600,-1600,61,4,0
18,L,1600,-1600,62,4,0
18,L,1600,-1600,63,3,0
18,L,1600,-1600,64,3,0
18,L,1600,-1600,65,4,0
18,L,1600,-1600,66,4,0
18,L,1600,-1600,67,4,0
18,L,1600,-1600,68,4,0
18,L,1600,-1600,69,4,0
18,L,1600,-1600,70,4,0
18,L,1600,-1600,71,4,0
18,L,1600,-1600,72,4,0
18,L,1600,-1600,73,4,0
18,L,1600,-1600,74,4,0
18,L,1600,-1600,75,4,0
18,L,1600,-1600,76,4,0
18,L,1600,-1600,77,4,0
18,L,1600,-1600,78,4,0
18,L,1600,-1600,79,4,0
18,L,1600,-1600,80,4,0
18,L,1600,-1600,81,4,0
18,L,1600,-1600,82,4,0
18,L,1600,-1600,83,4,0
18,L,1600,-1600,84,4,0
18,L,1600,-1600,85,4,0
18,L,1600,-1600,86,4,0
18,L,1600,-1600,87,4,0
18,L,1600,-1600,88,5,0
18,L,1600,-1600,89,4,0
18,L,1600,-1600,90,5,0
18,L,1600,-1600,91,4,0
18,L,1600,-1600,92,4,0
18,L,1600,-1600,93,4,0
18,L,1600,-1600,94,4,0
18,L,1600,-1600,95,4,0
18,L,1600,-1600,96,5,0
18,L,1600,-1600,97,4,0
18,L,1600,-1600,98,4,0
18,L,1600,-1600,99,4,0
18,L,1600,-1600,100,4,0
18,L,1600,-1600,101,5,0
18,L,1600,-1600,102,4,0
18,L,1600,-1600,103,4,0
18,L,1600,-1600,104,4,0
18,L,1600,-1600,105,6,0
18,L,1600,-1600,106,4,0
18,L,1600,-1600,107,4,0
18,L,1600,-1600,108,4,0
18,L,1600,-1600,109,5,0
18,L,1600,-1600,110,4,0
18,L,1600,-1600,111,4,0
18,L,1600,-1600,112,4,0
18,L,1600,-1600,113,5,0
18,L,1600,-1600,114,4,0
18,L,1600,-1600,115,4,0
18,L,1600,-1600,116,5,0
18,L,1600,-1600,117,5,0
18,L,1600,-1600,118,4,0
18,L,1600,-1600,119,4,0
18,L,1600,-1600,120,5,0
18,L,1600,-1600,121,4,0
18,L,1600,-1600,122,4,0
18,L,1600,-1600,123,5,0
18,L,1600,-1600,124,4,0
18,L,1600,-1600,125,4,0
18,L,1600,-1600,126,5,0
18,L,1600,-1600,127,5,0
18,L,1600,-1600,128,4,0
18,L,1600,-1600,129,5,0
18,L,1600,-1600,130,4,0
18,L,1600,-1600,131,4,0
18,L,1600,-1600,132,5,0
18,L,1600,-1600,133,4,0
18,L,1600,-1600,134,4,0
18,L,1600,-1600,135,6,0
18,L,1600,-1600,136,4,0
18,L,1600,-1600,137,4,0
18,L,1600,-1600,138,5,0
18,L,1600,-1600,139,4,0
18,L,1600,-1600,140,5,0
18,L,1600,-1600,141,4,0
18,L,1600,-1600,142,4,0
18,L,1600,-1600,143,6,0
18,L,1600,-1600,144,4,0
18,L,1600,-1600,145,4,0
18,L,1600,-1600,146,5,0
18,L,1600,-1600,147,4,0
18,L,1600,-1600,148,5,0
18,L,1600,-1600,149,4,0
18,L,1600,-1600,150,5,0
18,L,1600,-1600,151,5,0
18,L,1600,-1600,152,4,0
18,L,1600,-1600,153,5,0
18,L,1600,-1600,154,4,0
18,L,1600,-1600,155,4,0
18,L,1600,-1600,156,5,0
18,L,1600,-1600,157,4,0
18,L,1600,-1600,158,5,0
18,L,1600,-1600,159,5,0
18,L,1600,-1600,160,4,0
18,L,1600,-1600,161,5,0
18,L,1600,-1600,162,4,0
18,L,1600,-1600,163,5,0
18,L,1600,-1600,164,4,0
18,L,1600,-1600,165,5,0
18,L,1600,-1600,166,5,0
18,L,1600,-1600,167,4,0
18,L,1600,-1600,168,5,0
18,L,1600,-1600,169,4,0
18,L,1600,-1600,170,5,0
18,L,1600,-1600,171,4,0
18,L,1600,-1600,172,5,0
18,L,1600,-1600,173,5,0
18,L,1600,-1600,174,4,0
18,L,1600,-1600,175,5,0
18,L,1600,-1600,176,4,0
18,L,1600,-1600,177,5,0
18,L,1600,-1600,178,4,0
18,L,1600,-1600,179,5,0
18,L,1600,-1600,180,5,0
18,L,1600,-1600,181,4,0
18,L,1600,-1600,182,5,0
18,L,1600,-1600,183,4,0
18,L,1600,-1600,184,5,0
18,L,1600,-1600,185,4,0
18,L,1600,-1600,186,5,0
18,L,1600,-1600,187,5,0
18,L,1600,-1600,188,4,0
18,L,1600,-1600,189,5,0
18,L,1600,-1600,190,4,0
18,L,1600,-1600,191,5,0
18,L,1600,-1600,192,4,0
18,L,1600,-1600,193,5,0
18,L,1600,-1600,194,5,0
18,L,1600,-1600,195,4,0
18,L,1600,-1600,196,5,0
18,L,1600,-1600,197,4,0
18,L,1600,-1600,198,5,0
18,L,1600,-1600,199,4,0
18,L,1600,-1600,200,6,0
18,L,1600,-1600,201,4,0
18,L,1600,-1600,202,4,0
18,L,1600,-1600,203,4,0
18,L,1600,-1600,204,2,0
18,L,1600,-1600,205,3,0
18,L,1600,-1600,206,3,0
18,L,1600,-1600,207,1,0
18,L,1600,-1600,208,2,0
18,L,1600,-1600,209,1,0
18,L,1600,-1600,210,1,0
18,L,1600,-1600,211,0,0
18,L,1600,-1600,212,1,0
18,L,1600,-1600,213,0,0
18,L,1600,-1600,214,-1,0
18,L,1600,-1600,215,0,0
18,L,1600,-1600,216,-1,0
18,L,1600,-1600,217,0,0
18,L,1600,-1600,218,-2,0
18,L,1600,-1600,219,0,0
18,L,1600,-1600,220,-1,0
18,L,1600,-1600,221,-1,0
18,L,1600,-1600,222,-2,0
18,L,1600,-1600,223,-1,0
18,L,1600,-1600,224,-2,0
18,L,1600,-1600,225,-2,0
18,L,1600,-1600,226,-1,0
18,L,1600,-1600,227,-2,0
18,L,1600,-1600,228,-2,0
18,L,1600,-1600,229,-2,0
18,L,1600,-1600,230,-2,0
18,L,1600,-1600,231,-2,0
18,L,1600,-1600,232,-2,0
18,L,1600,-1600,233,-2,0
18,L,1600,-1600,234,-2,0
18,L,1600,-1600,235,-3,0
18,L,1600,-1600,236,-2,0
18,L,1600,-1600,237,-2,0
18,L,1600,-1600,238,-3,0
18,L,1600,-1600,239,-2,0
18,L,1600,-1600,240,-3,0
18,L,1600,-1600,241,-3,0
18,L,1600,-1600,242,-2,0
18,L,1600,-1600,243,-3,0
18,L,1600,-1600,244,-3,0
18,L,1600,-1600,245,-2,0
18,L,1600,-1600,246,-4,0
18,L,1600,-1600,247,-3,0
18,L,1600,-1600,248,-3,0
18,L,1600,-1600,249,-2,0
18,L,1600,-1600,250,-3,0
18,L,1600,-1600,251,-4,0
18,L,1600,-1600,252,-3,0
18,L,1600,-1600,253,-3,0
18,L,1600,-1600,254,-3,0
18,L,1600,-1600,255,-3,0
18,L,1600,-1600,256,-4,0
18,L,1600,-1600,257,-3,0
18,L,1600,-1600,258,-3,0
18,L,1600,-1600,259,-3,0
18,L,1600,-1600,260,-4,0
18,L,1600,-1600,261,-3,0
18,L,1600,-1600,262,-3,0
18,L,1600,-1600,263,-4,0
18,L,1600,-1600,264,-4,0
18,L,1600,-1600,265,-2,0
18,L,1600,-1600,266,-4,0
18,L,1600,-1600,267,-4,0
18,L,1600,-1600,268,-3,0
18,L,1600,-1600,269,-4,0
18,L,1600,-1600,270,-4,0
18,L,1600,-1600,271,-3,0
18,L,1600,-1600,272,-4,0
18,L,1600,-1600,273,-4,0
18,L,1600,-1600,274,-2,0
18,L,1600,-1600,275,-4,0
18,L,1600,-1600,276,-4,0
18,L,1600,-1600,277,-4,0
18,L,1600,-1600,278,-3,0
18,L,1600,-1600,279,-4,0
18,L,1600,-1600,280,-4,0
18,L,1600,-1600,281,-4,0
18,L,1600,-1600,282,-4,0
18,L,1600,-1600,283,-4,0
18,L,1600,-1600,284,-3,0
18,L,1600,-1600,285,-4,0
18,L,1600,-1600,286,-4,0
18,L,1600,-1600,287,-4,0
18,L,1600,-1600,288,-4,0
18,L,1600,-1600,289,-4,0
18,L,1600,-1600,290,-4,0
18,L,1600,-1600,291,-3,0
18,L,1600,-1600,292,-3,0
18,L,1600,-1600,293,-4,0
18,L,1600,-1600,294,-4,0
18,L,1600,-1600,295,-3,0
18,L,1600,-1600,296,-4,0
18,L,1600,-1600,297,-4,0
18,L,1600,-1600,298,-4,0
18,L,1600,-1600,299,-4,0
18,L,1600,-1600,300,-4,0
18,L,1600,-1600,301,-4,0
18,L,1600,-1600,302,-4,0
18,L,1600,-1600,303,-4,0
18,L,1600,-1600,304,-4,0
18,L,1600,-1600,305,-4,0
18,L,1600,-1600,306,-4,0
18,L,1600,-1600,307,-4,0
18,L,1600,-1600,308,-4,0
18,L,1600,-1600,309,-4,0
18,L,1600,-1600,310,-4,0
18,L,1600,-1600,311,-4,0
18,L,1600,-1600,312,-4,0
18,L,1600,-1600,313,-4,0
18,L,1600,-1600,314,-4,0
18,L,1600,-1600,315,-5,0
18,L,1600,-1600,316,-4,0
18,L,1600,-1600,317,-4,0
18,L,1600,-1600,318,-4,0
18,L,1600,-1600,319,-4,0
18,L,1600,-1600,320,-4,0
18,L,1600,-1600,321,-5,0
18,L,1600,-1600,322,-4,0
18,L,1600,-1600,323,-4,0
18,L,1600,-1600,324,-4,0
18,L,1600,-1600,325,-4,0
18,L,1600,-1600,326,-4,0
18,L,1600,-1600,327,-4,0
18,L,1600,-1600,328,-4,0
18,L,1600,-1600,329,-4,0
18,L,1600,-1600,330,-4,0
18,L,1600,-1600,331,-5,0
18,L,1600,-1600,332,-4,0
18,L,1600,-1600,333,-4,0
18,L,1600,-1600,334,-4,0
18,L,1600,-1600,335,-4,0
18,L,1600,-1600,336,-4,0
18,L,1600,-1600,337,-4,0
18,L,1600,-1600,338,-5,0
18,L,1600,-1600,339,-4,0
18,L,1600,-1600,340,-4,0
18,L,1600,-1600,341,-4,0
18,L,1600,-1600,342,-4,0
18,L,1600,-1600,343,-4,0
18,L,1600,-1600,344,-4,0
18,L,1600,-1600,345,-5,0
18,L,1600,-1600,346,-5,0
18,L,1600,-1600,347,-4,0
18,L,1600,-1600,348,-4,0
18,L,1600,-1600,349,-4,0
18,L,1600,-1600,350,-4,0
18,L,1600,-1600,351,-4,0
18,L,1600,-1600,352,-4,0
18,L,1600,-1600,353,-5,0
18,L,1600,-1600,354,-4,0
18,L,1600,-1600,355,-4,0
18,L,1600,-1600,356,-4,0
18,L,1600,-1600,357,-4,0
18,L,1600,-1600,358,-5,0
18,L,1600,-1600,359,-4,0
18,L,1600,-1600,360,-4,0
18,L,1600,-1600,361,-4,0
18,L,1600,-1600,362,-4,0
18,L,1600,-1600,363,-4,0
18,L,1600,-1600,364,-5,0
18,L,1600,-1600,365,-5,0
18,L,1600,-1600,366,-4,0
18,L,1600,-1600,367,-4,0
18,L,1600,-1600,368,-4,0
18,L,1600,-1600,369,-4,0
18,L,1600,-1600,370,-5,0
18,L,1600,-1600,371,-4,0
18,L,1600,-1600,372,-4,0
18,L,1600,-1600,373,-4,0
18,L,1600,-1600,374,-4,0
18,L,1600,-1600,375,-5,0
18,L,1600,-1600,376,-4,0
18,L,1600,-1600,377,-4,0
18,L,1600,-1600,378,-4,0
18,L,1600,-1600,379,-5,0
18,L,1600,-1600,380,-4,0
18,L,1600,-1600,381,-5,0
18,L,1600,-1600,382,-4,0
18,L,1600,-1600,383,-4,0
18,L,1600,-1600,384,-4,0
18,L,1600,-1600,385,-5,0
18,L,1600,-1600,386,-4,0
18,L,1600,-1600,387,-4,0
18,L,1600,-1600,388,-4,0
18,L,1600,-1600,389,-4,0
18,L,1600,-1600,390,-5,0
18,L,1600,-1600,391,-4,0
18,L,1600,-1600,392,-4,0
18,L,1600,-1600,393,-4,0
18,L,1600,-1600,394,-5,0
18,L,1600,-1600,395,-4,0
18,L,1600,-1600,396,-5,0
18,L,1600,-1600,397,-4,0
18,L,1600,-1600,398,-4,0
18,L,1600,-1600,399,-5,0
18,L,1600,-1600,400,-4,0
18,L,1600,-1600,401,-4,0
18,L,1600,-1600,402,-4,0
18,L,1600,-1600,403,-4,0
18,L,1600,-1600,404,-4,0
18,L,1600,-1600,405,-4,0
18,L,1600,-1600,406,-4,0
18,L,1600,-1600,407,-4,0
18,L,1600,-1600,408,-4,0
18,L,1600,-1600,409,-4,0
18,L,1600,-1600,410,-3,0
18,L,1600,-1600,411,-4,0
18,L,1600,-1600,412,-4,0
18,L,1600,-1600,413,-2,0
18,L,1600,-1600,414,-4,0
18,L,1600,-1600,415,-3,0
18,L,1600,-1600,416,-3,0
18,L,1600,-1600,417,-4,0
18,L,1600,-1600,418,-2,0
18,L,1600,-1600,419,-3,0
18,L,1600,-1600,420,-4,0
18,L,1600,-1600,421,-3,0
18,L,1600,-1600,422,-2,0
18,L,1600,-1600,423,-3,0
18,L,1600,-1600,424,-3,0
18,L,1600,-1600,425,-2,0
18,L,1600,-1600,426,-3,0
18,L,1600,-1600,427,-2,0
18,L,1600,-1600,428,-2,0
18,L,1600,-1600,429,-3,0
18,L,1600,-1600,430,-2,0
18,L,1600,-1600,431,-2,0
18,L,1600,-1600,432,-2,0
18,L,1600,-1600,433,-2,0
18,L,1600,-1600,434,-2,0
18,L,1600,-1600,435,-3,0
18,L,1600,-1600,436,-1,0
18,L,1600,-1600,437,-2,0
18,L,1600,-1600,438,-2,0
18,L,1600,-1600,439,-2,0
18,L,1600,-1600,440,-1,0
18,L,1600,-1600,441,-1,0
18,L,1600,-1600,442,-2,0
18,L,1600,-1600,443,-2,0
18,L,1600,-1600,444,-2,0
18,L,1600,-1600,445,-1,0
18,L,1600,-1600,446,-1,0
18,L,1600,-1600,447,-1,0
18,L,1600,-1600,448,-1,0
18,L,1600,-1600,449,-1,0
18,L,1600,-1600,450,-1,0
18,L,1600,-1600,451,-2,0
18,L,1600,-1600,452,-1,0
18,L,1600,-1600,453,0,0
18,L,1600,-1600,454,-1,0
18,L,1600,-1600,455,0,0
18,L,1600,-1600,456,-2,0
18,L,1600,-1600,457,0,0
18,L,1600,-1600,458,-1,0
18,L,1600,-1600,459,0,0
18,L,1600,-1600,460,-1,0
18,L,1600,-1600,461,0,0
18,L,1600,-1600,462,0,0
18,L,1600,-1600,463,0,0
18,L,1600,-1600,464,-1,0
18,L,1600,-1600,465,0,0
18,L,1600,-1600,466,0,0
18,L,1600,-1600,467,0,0
18,L,1600,-1600,468,0,0
18,L,1600,-1600,469,0,0
18,L,1600,-1600,470,0,0
18,L,1600,-1600,471,0,0
18,L,1600,-1600,472,0,0
18,L,1600,-1600,473,0,0
18,L,1600,-1600,474,0,0
18,L,1600,-1600,475,0,0
18,L,1600,-1600,476,0,0
18,L,1600,-1600,477,0,0
18,L,1600,-1600,478,0,0
18,L,1600,-1600,479,0,0
18,L,1600,-1600,480,0,0
18,L,1600,-1600,481,0,0
18,L,1600,-1600,482,0,0
18,L,1600,-1600,483,0,0
18,L,1600,-1600,484,0,0
18,L,1600,-1600,485,0,0
18,L,1600,-1600,486,0,0
18,L,1600,-1600,487,0,0
18,L,1600,-1600,488,0,0
18,L,1600,-1600,489,0,0
18,L,1600,-1600,490,0,0
18,L,1600,-1600,491,0,0
18,L,1600,-1600,492,0,0
18,L,1600,-1600,493,0,0
18,L,1600,-1600,494,0,0
18,L,1600,-1600,495,0,0
18,L,1600,-1600,496,0,0
18,L,1600,-1600,497,0,0
18,L,1600,-1600,498,0,0
18,L,1600,-1600,499,0,0
19,L,1700,-1500,0,0,0
19,L,1700,-1500,1,0,0
19,L,1700,-1500,2,1,0
19,L,1700,-1500,3,0,0
19,L,1700,-1500,4,1,0
19,L,1700,-1500,5,1,0
19,L,1700,-1500,6,2,0
19,L,1700,-1500,7,2,0
19,L,1700,-1500,8,2,0
19,L,1700,-1500,9,2,0
19,L,1700,-1500,10,2,0
19,L,1700,-1500,11,2,0
19,L,1700,-1500,12,3,0
19,L,1700,-1500,13,3,0
19,L,1700,-1500,14,3,0
19,L,1700,-1500,15,3,0
19,L,1700,-1500,16,3,0
19,L,1700,-1500,17,4,0
19,L,1700,-1500,18,3,0
19,L,1700,-1500,19,4,0
19,L,1700,-1500,20,4,0
19,L,1700,-1500,21,4,0
19,L,1700,-1500,22,3,0
19,L,1700,-1500,23,4,0
19,L,1700,-1500,24,5,0
19,L,1700,-1500,25,4,0
19,L,1700,-1500,26,4,0
19,L,1700,-1500,27,4,0
19,L,1700,-1500,28,5,0
19,L,1700,-1500,29,4,0
19,L,1700,-1500,30,5,0
19,L,1700,-1500,31,4,0
19,L,1700,-1500,32,6,0
19,L,1700,-1500,33,4,0
19,L,1700,-1500,34,5,0
19,L,1700,-1500,35,5,0
19,L,1700,-1500,36,5,0
19,L,1700,-1500,37,5,0
19,L,1700,-1500,38,5,0
19,L,1700,-1500,39,5,0
19,L,1700,-1500,40,6,0
19,L,1700,-1500,41,5,0
19,L,1700,-1500,42,5,0
19,L,1700,-1500,43,6,0
19,L,1700,-1500,44,5,0
19,L,1700,-1500,45,5,0
19,L,1700,-1500,46,6,0
19,L,1700,-1500,47,6,0
19,L,1700,-1500,48,6,0
19,L,1700,-1500,49,5,0
19,L,1700,-1500,50,5,0
19,L,1700,-1500,51,7,0
19,L,1700,-1500,52,5,0
19,L,1700,-1500,53,7,0
19,L,1700,-1500,54,5,0
19,L,1700,-1500,55,6,0
19,L,1700,-1500,56,6,0
19,L,1700,-1500,57,6,0
19,L,1700,-1500,58,5,0
19,L,1700,-1500,59,7,0
19,L,1700,-1500,60,6,0
19,L,1700,-1500,61,6,0
19,L,1700,-1500,62,6,0
19,L,1700,-1500,63,6,0
19,L,1700,-1500,64,6,0
19,L,1700,-1500,65,6,0
19,L,1700,-1500,66,6,0
19,L,1700,-1500,67,7,0
19,L,1700,-1500,68,6,0
19,L,1700,-1500,69,6,0
19,L,1700,-1500,70,7,0
19,L,1700,-1500,71,5,0
19,L,1700,-1500,72,7,0
19,L,1700,-1500,73,6,0
19,L,1700,-1500,74,7,0
19,L,1700,-1500,75,7,0
19,L,1700,-1500,76,5,0
19,L,1700,-1500,77,7,0
19,L,1700,-1500,78,6,0
19,L,1700,-1500,79,7,0
19,L,1700,-1500,80,6,0
19,L,1700,-1500,81,7,0
19,L,1700,-1500,82,6,0
19,L,1700,-1500,83,6,0
19,L,1700,-1500,84,7,0
19,L,1700,-1500,85,7,0
19,L,1700,-1500,86,6,0
19,L,1700,-1500,87,7,0
19,L,1700,-1500,88,7,0
19,L,1700,-1500,89,6,0
19,L,1700,-1500,90,7,0
19,L,1700,-1500,91,7,0
19,L,1700,-1500,92,6,0
19,L,1700,-1500,93,7,0
19,L,1700,-1500,94,7,0
19,L,1700,-1500,95,6,0
19,L,1700,-1500,96,7,0
19,L,1700,-1500,97,7,0
19,L,1700,-1500,98,6,0
19,L,1700,-1500,99,7,0
19,L,1700,-1500,100,7,0
19,L,1700,-1500,101,6,0
19,L,1700,-1500,102,7,0
19,L,1700,-1500,103,7,0
19,L,1700,-1500,104,6,0
19,L,1700,-1500,105,7,0
19,L,1700,-1500,106,7,0
19,L,1700,-1500,107,6,0
19,L,1700,-1500,108,7,0
19,L,1700,-1500,109,7,0
19,L,1700,-1500,110,7,0
19,L,1700,-1500,111,7,0
19,L,1700,-1500,112,7,0
19,L,1700,-1500,113,7,0
19,L,1700,-1500,114,6,0
19,L,1700,-1500,115,7,0
19,L,1700,-1500,116,7,0
19,L,1700,-1500,117,6,0
19,L,1700,-1500,118,7,0
19,L,1700,-1500,119,8,0
19,L,1700,-1500,120,7,0
19,L,1700,-1500,121,6,0
19,L,1700,-1500,122,7,0
19,L,1700,-1500,123,7,0
19,L,1700,-1500,124,6,0
19,L,1700,-1500,125,7,0
19,L,1700,-1500,126,8,0
19,L,1700,-1500,127,7,0
19,L,1700,-1500,128,6,0
19,L,1700,-1500,129,7,0
19,L,1700,-1500,130,7,0
19,L,1700,-1500,131,7,0
19,L,1700,-1500,132,7,0
19,L,1700,-1500,133,7,0
19,L,1700,-1500,134,7,0
19,L,1700,-1500,135,7,0
19,L,1700,-1500,136,7,0
19,L,1700,-1500,137,7,0
19,L,1700,-1500,138,7,0
19,L,1700,-1500,139,6,0
19,L,1700,-1500,140,7,0
19,L,1700,-1500,141,8,0
19,L,1700,-1500,142,7,0
19,L,1700,-1500,143,6,0
19,L,1700,-1500,144,7,0
19,L,1700,-1500,145,8,0
19,L,1700,-1500,146,7,0
19,L,1700,-1500,147,6,0
19,L,1700,-1500,148,7,0
19,L,1700,-1500,149,7,0
19,L,1700,-1500,150,8,0
19,L,1700,-1500,151,6,0
19,L,1700,-1500,152,7,0
19,L,1700,-1500,153,7,0
19,L,1700,-1500,154,8,0
19,L,1700,-1500,155,6,0
19,L,1700,-1500,156,7,0
19,L,1700,-1500,157,7,0
19,L,1700,-1500,158,8,0
19,L,1700,-1500,159,6,0
19,L,1700,-1500,160,7,0
19,L,1700,-1500,161,7,0
19,L,1700,-1500,162,8,0
19,L,1700,-1500,163,6,0
19,L,1700,-1500,164,7,0
19,L,1700,-1500,165,8,0
19,L,1700,-1500,166,7,0
19,L,1700,-1500,167,6,0
19,L,1700,-1500,168,7,0
19,L,1700,-1500,169,7,0
19,L,1700,-1500,170,8,0
19,L,1700,-1500,171,6,0
19,L,1700,-1500,172,7,0
19,L,1700,-1500,173,8,0
19,L,1700,-1500,174,7,0
19,L,1700,-1500,175,6,0
19,L,1700,-1500,176,7,0
19,L,1700,-1500,177,8,0
19,L,1700,-1500,178,7,0
19,L,1700,-1500,179,6,0
19,L,1700,-1500,180,8,0
19,L,1700,-1500,181,7,0
19,L,1700,-1500,182,7,0
19,L,1700,-1500,183,7,0
19,L,1700,-1500,184,7,0
19,L,1700,-1500,185,7,0
19,L,1700,-1500,186,7,0
19,L,1700,-1500,187,7,0
19,L,1700,-1500,188,7,0
19,L,1700,-1500,189,7,0
19,L,1700,-1500,190,7,0
19,L,1700,-1500,191,8,0
19,L,1700,-1500,192,6,0
19,L,1700,-1500,193,7,0
19,L,1700,-1500,194,7,0
19,L,1700,-1500,195,8,0
19,L,1700,-1500,196,6,0
19,L,1700,-1500,197,7,0
19,L,1700,-1500,198,7,0
19,L,1700,-1500,199,8,0
19,L,1700,-1500,200,6,0
19,L,1700,-1500,201,7,0
19,L,1700,-1500,202,7,0
19,L,1700,-1500,203,6,0
19,L,1700,-1500,204,6,0
19,L,1700,-1500,205,5,0
19,L,1700,-1500,206,5,0
19,L,1700,-1500,207,4,0
19,L,1700,-1500,208,4,0
19,L,1700,-1500,209,4,0
19,L,1700,-1500,210,4,0
19,L,1700,-1500,211,3,0
19,L,1700,-1500,212,3,0
19,L,1700,-1500,213,3,0
19,L,1700,-1500,214,2,0
19,L,1700,-1500,215,3,0
19,L,1700,-1500,216,1,0
19,L,1700,-1500,217,3,0
19,L,1700,-1500,218,1,0
19,L,1700,-1500,219,1,0
19,L,1700,-1500,220,2,0
19,L,1700,-1500,221,0,0
19,L,1700,-1500,222,1,0
19,L,1700,-1500,223,1,0
19,L,1700,-1500,224,0,0
19,L,1700,-1500,225,0,0
19,L,1700,-1500,226,1,0
19,L,1700,-1500,227,0,0
19,L,1700,-1500,228,-1,0
19,L,1700,-1500,229,0,0
19,L,1700,-1500,230,0,0
19,L,1700,-1500,231,0,0
19,L,1700,-1500,232,-1,0
19,L,1700,-1500,233,0,0
19,L,1700,-1500,234,0,0
19,L,1700,-1500,235,-1,0
19,L,1700,-1500,236,0,0
19,L,1700,-1500,237,0,0
19,L,1700,-1500,238,-1,0
19,L,1700,-1500,239,-1,0
19,L,1700,-1500,240,0,0
19,L,1700,-1500,241,-1,0
19,L,1700,-1500,242,0,0
19,L,1700,-1500,243,-1,0
19,L,1700,-1500,244,0,0
19,L,1700,-1500,245,-2,0
19,L,1700,-1500,246,-1,0
19,L,1700,-1500,247,0,0
19,L,1700,-1500,248,-1,0
19,L,1700,-1500,249,-1,0
19,L,1700,-1500,250,-1,0
19,L,1700,-1500,251,-1,0
19,L,1700,-1500,252,-1,0
19,L,1700,-1500,253,-1,0
19,L,1700,-1500,254,-1,0
19,L,1700,-1500,255,-1,0
19,L,1700,-1500,256,-1,0
19,L,1700,-1500,257,-1,0
19,L,1700,-1500,258,-1,0
19,L,1700,-1500,259,-1,0
19,L,1700,-1500,260,-1,0
19,L,1700,-1500,261,-2,0
19,L,1700,-1500,262,-1,0
19,L,1700,-1500,263,-1,0
19,L,1700,-1500,264,-1,0
19,L,1700,-1500,265,-2,0
19,L,1700,-1500,266,-1,0
19,L,1700,-1500,267,-1,0
19,L,1700,-1500,268,-2,0
19,L,1700,-1500,269,-1,0
19,L,1700,-1500,270,-1,0
19,L,1700,-1500,271,-1,0
19,L,1700,-1500,272,-2,0
19,L,1700,-1500,273,-1,0
19,L,1700,-1500,274,-2,0
19,L,1700,-1500,275,-1,0
19,L,1700,-1500,276,-1,0
19,L,1700,-1500,277,-2,0
19,L,1700,-1500,278,-1,0
19,L,1700,-1500,279,-2,0
19,L,1700,-1500,280,-1,0
19,L,1700,-1500,281,-1,0
19,L,1700,-1500,282,-2,0
19,L,1700,-1500,283,-1,0
19,L,1700,-1500,284,-1,0
19,L,1700,-1500,285,-2,0
19,L,1700,-1500,286,-1,0
19,L,1700,-1500,287,-3,0
19,L,1700,-1500,288,-1,0
19,L,1700,-1500,289,-1,0
19,L,1700,-1500,290,-2,0
19,L,1700,-1500,291,-1,0
19,L,1700,-1500,292,-2,0
19,L,1700,-1500,293,-2,0
19,L,1700,-1500,294,-1,0
19,L,1700,-1500,295,-2,0
19,L,1700,-1500,296,-1,0
19,L,1700,-1500,297,-2,0
19,L,1700,-1500,298,-2,0
19,L,1700,-1500,299,-1,0
19,L,1700,-1500,300,-2,0
19,L,1700,-1500,301,-2,0
19,L,1700,-1500,302,-2,0
19,L,1700,-1500,303,-1,0
19,L,1700,-1500,304,-1,0
19,L,1700,-1500,305,-2,0
19,L,1700,-1500,306,-2,0
19,L,1700,-1500,307,-2,0
19,L,1700,-1500,308,-1,0
19,L,1700,-1500,309,-1,0
19,L,1700,-1500,310,-3,0
19,L,1700,-1500,311,-1,0
19,L,1700,-1500,312,-2,0
19,L,1700,-1500,313,-2,0
19,L,1700,-1500,314,-2,0
19,L,1700,-1500,315,-1,0
19,L,1700,-1500,316,-2,0
19,L,1700,-1500,317,-2,0
19,L,1700,-1500,318,-1,0
19,L,1700,-1500,319,-3,0
19,L,1700,-1500,320,-1,0
19,L,1700,-1500,321,-2,0
19,L,1700,-1500,322,-2,0
19,L,1700,-1500,323,-2,0
19,L,1700,-1500,324,-1,0
19,L,1700,-1500,325,-2,0
19,L,1700,-1500,326,-2,0
19,L,1700,-1500,327,-1,0
19,L,1700,-1500,328,-3,0
19,L,1700,-1500,329,-1,0
19,L,1700,-1500,330,-2,0
19,L,1700,-1500,331,-2,0
19,L,1700,-1500,332,-2,0
19,L,1700,-1500,333,-1,0
19,L,1700,-1500,334,-3,0
19,L,1700,-1500,335,-1,0
19,L,1700,-1500,336,-2,0
19,L,1700,-1500,337,-2,0
19,L,1700,-1500,338,-1,0
19,L,1700,-1500,339,-3,0
19,L,1700,-1500,340,-1,0
19,L,1700,-1500,341,-3,0
19,L,1700,-1500,342,-1,0
19,L,1700,-1500,343,-2,0
19,L,1700,-1500,344,-2,0
19,L,1700,-1500,345,-2,0
19,L,1700,-1500,346,-2,0
19,L,1700,-1500,347,-2,0
19,L,1700,-1500,348,-1,0
19,L,1700,-1500,349,-3,0
19,L,1700,-1500,350,-1,0
19,L,1700,-1500,351,-3,0
19,L,1700,-1500,352,-1,0
19,L,1700,-1500,353,-2,0
19,L,1700,-1500,354,-2,0
19,L,1700,-1500,355,-1,0
19,L,1700,-1500,356,-3,0
19,L,1700,-1500,357,-1,0
19,L,1700,-1500,358,-3,0
19,L,1700,-1500,359,-1,0
19,L,1700,-1500,360,-2,0
19,L,1700,-1500,361,-2,0
19,L,1700,-1500,362,-2,0
19,L,1700,-1500,363,-2,0
19,L,1700,-1500,364,-2,0
19,L,1700,-1500,365,-2,0
19,L,1700,-1500,366,-2,0
19,L,1700,-1500,367,-2,0
19,L,1700,-1500,368,-2,0
19,L,1700,-1500,369,-2,0
19,L,1700,-1500,370,-2,0
19,L,1700,-1500,371,-2,0
19,L,1700,-1500,372,-2,0
19,L,1700,-1500,373,-2,0
19,L,1700,-1500,374,-2,0
19,L,1700,-1500,375,-1,0
19,L,1700,-1500,376,-3,0
19,L,1700,-1500,377,-1,0
19,L,1700,-1500,378,-3,0
19,L,1700,-1500,379,-1,0
19,L,1700,-1500,380,-3,0
19,L,1700,-1500,381,-1,0
19,L,1700,-1500,382,-2,0
19,L,1700,-1500,383,-2,0
19,L,1700,-1500,384,-2,0
19,L,1700,-1500,385,-2,0
19,L,1700,-1500,386,-2,0
19,L,1700,-1500,387,-2,0
19,L,1700,-1500,388,-2,0
19,L,1700,-1500,389,-2,0
19,L,1700,-1500,390,-2,0
19,L,1700,-1500,391,-2,0
19,L,1700,-1500,392,-2,0
19,L,1700,-1500,393,-2,0
19,L,1700,-1500,394,-2,0
19,L,1700,-1500,395,-2,0
19,L,1700,-1500,396,-2,0
19,L,1700,-1500,397,-2,0
19,L,1700,-1500,398,-2,0
19,L,1700,-1500,399,-2,0
19,L,1700,-1500,400,-2,0
19,L,1700,-1500,401,-2,0
19,L,1700,-1500,402,-1,0
19,L,1700,-1500,403,-3,0
19,L,1700,-1500,404,-1,0
19,L,1700,-1500,405,-2,0
19,L,1700,-1500,406,-2,0
19,L,1700,-1500,407,-2,0
19,L,1700,-1500,408,-1,0
19,L,1700,-1500,409,-1,0
19,L,1700,-1500,410,-2,0
19,L,1700,-1500,411,-1,0
19,L,1700,-1500,412,-1,0
19,L,1700,-1500,413,-2,0
19,L,1700,-1500,414,-1,0
19,L,1700,-1500,415,-1,0
19,L,1700,-1500,416,-2,0
19,L,1700,-1500,417,-1,0
19,L,1700,-1500,418,0,0
19,L,1700,-1500,419,-1,0
19,L,1700,-1500,420,-2,0
19,L,1700,-1500,421,0,0
19,L,1700,-1500,422,-1,0
19,L,1700,-1500,423,0,0
19,L,1700,-1500,424,-1,0
19,L,1700,-1500,425,0,0
19,L,1700,-1500,426,-2,0
19,L,1700,-1500,427,0,0
19,L,1700,-1500,428,-1,0
19,L,1700,-1500,429,0,0
19,L,1700,-1500,430,0,0
19,L,1700,-1500,431,-1,0
19,L,1700,-1500,432,0,0
19,L,1700,-1500,433,0,0
19,L,1700,-1500,434,0,0
19,L,1700,-1500,435,0,0
19,L,1700,-1500,436,0,0
19,L,1700,-1500,437,0,0
19,L,1700,-1500,438,0,0
19,L,1700,-1500,439,0,0
19,L,1700,-1500,440,0,0
19,L,1700,-1500,441,0,0
19,L,1700,-1500,442,0,0
19,L,1700,-1500,443,0,0
19,L,1700,-1500,444,0,0
19,L,1700,-1500,445,0,0
19,L,1700,-1500,446,0,0
19,L,1700,-1500,447,0,0
19,L,1700,-1500,448,0,0
19,L,1700,-1500,449,0,0
19,L,1700,-1500,450,0,0
19,L,1700,-1500,451,0,0
19,L,1700,-1500,452,0,0
19,L,1700,-1500,453,0,0
19,L,1700,-1500,454,0,0
19,L,1700,-1500,455,0,0
19,L,1700,-1500,456,0,0
19,L,1700,-1500,457,0,0
19,L,1700,-1500,458,0,0
19,L,1700,-1500,459,0,0
19,L,1700,-1500,460,0,0
19,L,1700,-1500,461,0,0
19,L,1700,-1500,462,0,0
19,L,1700,-1500,463,0,0
19,L,1700,-1500,464,0,0
19,L,1700,-1500,465,0,0
19,L,1700,-1500,466,0,0
19,L,1700,-1500,467,0,0
19,L,1700,-1500,468,0,0
19,L,1700,-1500,469,0,0
19,L,1700,-1500,470,0,0
19,L,1700,-1500,471,0,0
19,L,1700,-1500,472,0,0
19,L,1700,-1500,473,0,0
19,L,1700,-1500,474,0,0
19,L,1700,-1500,475,0,0
19,L,1700,-1500,476,0,0
19,L,1700,-1500,477,0,0
19,L,1700,-1500,478,0,0
19,L,1700,-1500,479,0,0
19,L,1700,-1500,480,0,0
19,L,1700,-1500,481,0,0
19,L,1700,-1500,482,0,0
19,L,1700,-1500,483,0,0
19,L,1700,-1500,484,0,0
19,L,1700,-1500,485,0,0
19,L,1700,-1500,486,0,0
19,L,1700,-1500,487,0,0
19,L,1700,-1500,488,0,0
19,L,1700,-1500,489,0,0
19,L,1700,-1500,490,0,0
19,L,1700,-1500,491,0,0
19,L,1700,-1500,492,0,0
19,L,1700,-1500,493,0,0
19,L,1700,-1500,494,0,0
19,L,1700,-1500,495,0,0
19,L,1700,-1500,496,0,0
19,L,1700,-1500,497,0,0
19,L,1700,-1500,498,0,0
19,L,1700,-1500,499,0,0
20,L,1500,-1500,0,0,0
20,L,1500,-1500,1,0,0
20,L,1500,-1500,2,0,0
20,L,1500,-1500,3,0,0
20,L,1500,-1500,4,0,0
20,L,1500,-1500,5,1,0
20,L,1500,-1500,6,0,0
20,L,1500,-1500,7,0,0
20,L,1500,-1500,8,1,0
20,L,1500,-1500,9,0,0
20,L,1500,-1500,10,0,0
20,L,1500,-1500,11,1,0
20,L,1500,-1500,12,1,0
20,L,1500,-1500,13,0,0
20,L,1500,-1500,14,1,0
20,L,1500,-1500,15,0,0
20,L,1500,-1500,16,1,0
20,L,1500,-1500,17,0,0
20,L,1500,-1500,18,2,0
20,L,1500,-1500,19,0,0
20,L,1500,-1500,20,1,0
20,L,1500,-1500,21,1,0
20,L,1500,-1500,22,0,0
20,L,1500,-1500,23,2,0
20,L,1500,-1500,24,0,0
20,L,1500,-1500,25,1,0
20,L,1500,-1500,26,0,0
20,L,1500,-1500,27,1,0
20,L,1500,-1500,28,2,0
20,L,1500,-1500,29,1,0
20,L,1500,-1500,30,0,0
20,L,1500,-1500,31,1,0
20,L,1500,-1500,32,2,0
20,L,1500,-1500,33,0,0
20,L,1500,-1500,34,1,0
20,L,1500,-1500,35,1,0
20,L,1500,-1500,36,2,0
20,L,1500,-1500,37,1,0
20,L,1500,-1500,38,1,0
20,L,1500,-1500,39,1,0
20,L,1500,-1500,40,1,0
20,L,1500,-1500,41,1,0
20,L,1500,-1500,42,1,0
20,L,1500,-1500,43,2,0
20,L,1500,-1500,44,1,0
20,L,1500,-1500,45,1,0
20,L,1500,-1500,46,0,0
20,L,1500,-1500,47,2,0
20,L,1500,-1500,48,1,0
20,L,1500,-1500,49,1,0
20,L,1500,-1500,50,2,0
20,L,1500,-1500,51,1,0
20,L,1500,-1500,52,1,0
20,L,1500,-1500,53,2,0
20,L,1500,-1500,54,1,0
20,L,1500,-1500,55,1,0
20,L,1500,-1500,56,2,0
20,L,1500,-1500,57,1,0
20,L,1500,-1500,58,1,0
20,L,1500,-1500,59,2,0
20,L,1500,-1500,60,1,0
20,L,1500,-1500,61,1,0
20,L,1500,-1500,62,2,0
20,L,1500,-1500,63,1,0
20,L,1500,-1500,64,1,0
20,L,1500,-1500,65,2,0
20,L,1500,-1500,66,1,0
20,L,1500,-1500,67,2,0
20,L,1500,-1500,68,2,0
20,L,1500,-1500,69,1,0
20,L,1500,-1500,70,2,0
20,L,1500,-1500,71,1,0
20,L,1500,-1500,72,1,0
20,L,1500,-1500,73,2,0
20,L,1500,-1500,74,1,0
20,L,1500,-1500,75,2,0
20,L,1500,-1500,76,2,0
20,L,1500,-1500,77,1,0
20,L,1500,-1500,78,2,0
20,L,1500,-1500,79,1,0
20,L,1500,-1500,80,1,0
20,L,1500,-1500,81,2,0
20,L,1500,-1500,82,2,0
20,L,1500,-1500,83,2,0
20,L,1500,-1500,84,1,0
20,L,1500,-1500,85,1,0
20,L,1500,-1500,86,2,0
20,L,1500,-1500,87,1,0
20,L,1500,-1500,88,3,0
20,L,1500,-1500,89,1,0
20,L,1500,-1500,90,1,0
20,L,1500,-1500,91,2,0
20,L,1500,-1500,92,2,0
20,L,1500,-1500,93,2,0
20,L,1500,-1500,94,1,0
20,L,1500,-1500,95,2,0
20,L,1500,-1500,96,2,0
20,L,1500,-1500,97,1,0
20,L,1500,-1500,98,2,0
20,L,1500,-1500,99,1,0
20,L,1500,-1500,100,3,0
20,L,1500,-1500,101,1,0
20,L,1500,-1500,102,1,0
20,L,1500,-1500,103,3,0
20,L,1500,-1500,104,1,0
20,L,1500,-1500,105,2,0
20,L,1500,-1500,106,1,0
20,L,1500,-1500,107,3,0
20,L,1500,-1500,108,1,0
20,L,1500,-1500,109,1,0
20,L,1500,-1500,110,2,0
20,L,1500,-1500,111,2,0
20,L,1500,-1500,112,2,0
20,L,1500,-1500,113,1,0
20,L,1500,-1500,114,3,0
20,L,1500,-1500,115,1,0
20,L,1500,-1500,116,2,0
20,L,1500,-1500,117,2,0
20,L,1500,-1500,118,1,0
20,L,1500,-1500,119,2,0
20,L,1500,-1500,120,2,0
20,L,1500,-1500,121,2,0
20,L,1500,-1500,122,1,0
20,L,1500,-1500,123,3,0
20,L,1500,-1500,124,1,0
20,L,1500,-1500,125,2,0
20,L,1500,-1500,126,2,0
20,L,1500,-1500,127,1,0
20,L,1500,-1500,128,3,0
20,L,1500,-1500,129,1,0
20,L,1500,-1500,130,2,0
20,L,1500,-1500,131,2,0
20,L,1500,-1500,132,2,0
20,L,1500,-1500,133,1,0
20,L,1500,-1500,134,2,0
20,L,1500,-1500,135,2,0
20,L,1500,-1500,136,1,0
20,L,1500,-1500,137,3,0
20,L,1500,-1500,138,1,0
20,L,1500,-1500,139,2,0
20,L,1500,-1500,140,2,0
20,L,1500,-1500,141,2,0
20,L,1500,-1500,142,2,0
20,L,1500,-1500,143,2,0
20,L,1500,-1500,144,1,0
20,L,1500,-1500,145,3,0
20,L,1500,-1500,146,1,0
20,L,1500,-1500,147,2,0
20,L,1500,-1500,148,2,0
20,L,1500,-1500,149,2,0
20,L,1500,-1500,150,2,0
20,L,1500,-1500,151,1,0
20,L,1500,-1500,152,3,0
20,L,1500,-1500,153,1,0
20,L,1500,-1500,154,2,0
20,L,1500,-1500,155,2,0
20,L,1500,-1500,156,2,0
20,L,1500,-1500,157,2,0
20,L,1500,-1500,158,2,0
20,L,1500,-1500,159,1,0
20,L,1500,-1500,160,3,0
20,L,1500,-1500,161,1,0
20,L,1500,-1500,162,2,0
20,L,1500,-1500,163,2,0
20,L,1500,-1500,164,2,0
20,L,1500,-1500,165,2,0
20,L,1500,-1500,166,1,0
20,L,1500,-1500,167,3,0
20,L,1500,-1500,168,1,0
20,L,1500,-1500,169,3,0
20,L,1500,-1500,170,1,0
20,L,1500,-1500,171,3,0
20,L,1500,-1500,172,1,0
20,L,1500,-1500,173,2,0
20,L,1500,-1500,174,2,0
20,L,1500,-1500,175,2,0
20,L,1500,-1500,176,2,0
20,L,1500,-1500,177,2,0
20,L,1500,-1500,178,1,0
20,L,1500,-1500,179,3,0
20,L,1500,-1500,180,1,0
20,L,1500,-1500,181,3,0
20,L,1500,-1500,182,1,0
20,L,1500,-1500,183,3,0
20,L,1500,-1500,184,1,0
20,L,1500,-1500,185,2,0
20,L,1500,-1500,186,2,0
20,L,1500,-1500,187,2,0
20,L,1500,-1500,188,2,0
20,L,1500,-1500,189,2,0
20,L,1500,-1500,190,2,0
20,L,1500,-1500,191,1,0
20,L,1500,-1500,192,3,0
20,L,1500,-1500,193,1,0
20,L,1500,-1500,194,3,0
20,L,1500,-1500,195,1,0
20,L,1500,-1500,196,3,0
20,L,1500,-1500,197,1,0
20,L,1500,-1500,198,3,0
20,L,1500,-1500,199,1,0
20,L,1500,-1500,200,2,0
20,L,1500,-1500,201,2,0
20,L,1500,-1500,202,2,0
20,L,1500,-1500,203,1,0
20,L,1500,-1500,204,2,0
20,L,1500,-1500,205,1,0
20,L,1500,-1500,206,1,0
20,L,1500,-1500,207,1,0
20,L,1500,-1500,208,0,0
20,L,1500,-1500,209,1,0
20,L,1500,-1500,210,1,0
20,L,1500,-1500,211,0,0
20,L,1500,-1500,212,0,0
20,L,1500,-1500,213,-1,0
20,L,1500,-1500,214,-1,0
20,L,1500,-1500,215,0,0
20,L,1500,-1500,216,0,0
20,L,1500,-1500,217,-1,0
20,L,1500,-1500,218,0,0
20,L,1500,-1500,219,-1,0
20,L,1500,-1500,220,0,0
20,L,1500,-1500,221,-1,0
20,L,1500,-1500,222,-1,0
20,L,1500,-1500,223,0,0
20,L,1500,-1500,224,-1,0
20,L,1500,-1500,225,-1,0
20,L,1500,-1500,226,0,0
20,L,1500,-1500,227,-1,0
20,L,1500,-1500,228,-1,0
20,L,1500,-1500,229,-1,0
20,L,1500,-1500,230,-1,0
20,L,1500,-1500,231,0,0
20,L,1500,-1500,232,-2,0
20,L,1500,-1500,233,0,0
20,L,1500,-1500,234,-1,0
20,L,1500,-1500,235,-1,0
20,L,1500,-1500,236,-2,0
20,L,1500,-1500,237,0,0
20,L,1500,-1500,238,-1,0
20,L,1500,-1500,239,-1,0
20,L,1500,-1500,240,-2,0
20,L,1500,-1500,241,-1,0
20,L,1500,-1500,242,-1,0
20,L,1500,-1500,243,-1,0
20,L,1500,-1500,244,-2,0
20,L,1500,-1500,245,0,0
20,L,1500,-1500,246,-1,0
20,L,1500,-1500,247,-2,0
20,L,1500,-1500,248,-1,0
20,L,1500,-1500,249,-1,0
20,L,1500,-1500,250,-2,0
20,L,1500,-1500,251,-1,0
20,L,1500,-1500,252,-1,0
20,L,1500,-1500,253,-2,0
20,L,1500,-1500,254,-1,0
20,L,1500,-1500,255,-1,0
20,L,1500,-1500,256,-2,0
20,L,1500,-1500,257,-1,0
20,L,1500,-1500,258,-2,0
20,L,1500,-1500,259,-1,0
20,L,1500,-1500,260,-2,0
20,L,1500,-1500,261,-1,0
20,L,1500,-1500,262,-2,0
20,L,1500,-1500,263,-1,0
20,L,1500,-1500,264,-2,0
20,L,1500,-1500,265,-1,0
20,L,1500,-1500,266,-1,0
20,L,1500,-1500,267,-2,0
20,L,1500,-1500,268,-1,0
20,L,1500,-1500,269,-2,0
20,L,1500,-1500,270,-2,0
20,L,1500,-1500,271,-1,0
20,L,1500,-1500,272,-2,0
20,L,1500,-1500,273,-1,0
20,L,1500,-1500,274,-2,0
20,L,1500,-1500,275,-2,0
20,L,1500,-1500,276,-1,0
20,L,1500,-1500,277,-2,0
20,L,1500,-1500,278,-1,0
20,L,1500,-1500,279,-2,0
20,L,1500,-1500,280,-2,0
20,L,1500,-1500,281,-1,0
20,L,1500,-1500,282,-2,0
20,L,1500,-1500,283,-2,0
20,L,1500,-1500,284,-2,0
20,L,1500,-1500,285,-1,0
20,L,1500,-1500,286,-1,0
20,L,1500,-1500,287,-2,0
20,L,1500,-1500,288,-2,0
20,L,1500,-1500,289,-2,0
20,L,1500,-1500,290,-1,0
20,L,1500,-1500,291,-3,0
20,L,1500,-1500,292,-1,0
20,L,1500,-1500,293,-1,0
20,L,1500,-1500,294,-2,0
20,L,1500,-1500,295,-2,0
20,L,1500,-1500,296,-2,0
20,L,1500,-1500,297,-1,0
20,L,1500,-1500,298,-3,0
20,L,1500,-1500,299,-1,0
20,L,1500,-1500,300,-2,0
20,L,1500,-1500,301,-2,0
20,L,1500,-1500,302,-1,0
20,L,1500,-1500,303,-3,0
20,L,1500,-1500,304,-1,0
20,L,1500,-1500,305,-2,0
20,L,1500,-1500,306,-2,0
20,L,1500,-1500,307,-2,0
20,L,1500,-1500,308,-1,0
20,L,1500,-1500,309,-3,0
20,L,1500,-1500,310,-1,0
20,L,1500,-1500,311,-2,0
20,L,1500,-1500,312,-2,0
20,L,1500,-1500,313,-1,0
20,L,1500,-1500,314,-3,0
20,L,1500,-1500,315,-1,0
20,L,1500,-1500,316,-2,0
20,L,1500,-1500,317,-2,0
20,L,1500,-1500,318,-2,0
20,L,1500,-1500,319,-2,0
20,L,1500,-1500,320,-2,0
20,L,1500,-1500,321,-1,0
20,L,1500,-1500,322,-3,0
20,L,1500,-1500,323,-1,0
20,L,1500,-1500,324,-2,0
20,L,1500,-1500,325,-2,0
20,L,1500,-1500,326,-2,0
20,L,1500,-1500,327,-2,0
20,L,1500,-1500,328,-1,0
20,L,1500,-1500,329,-3,0
20,L,1500,-1500,330,-1,0
20,L,1500,-1500,331,-3,0
20,L,1500,-1500,332,-1,0
20,L,1500,-1500,333,-2,0
20,L,1500,-1500,334,-2,0
20,L,1500,-1500,335,-2,0
20,L,1500,-1500,336,-2,0
20,L,1500,-1500,337,-2,0
20,L,1500,-1500,338,-2,0
20,L,1500,-1500,339,-2,0
20,L,1500,-1500,340,-2,0
20,L,1500,-1500,341,-2,0
20,L,1500,-1500,342,-1,0
20,L,1500,-1500,343,-3,0
20,L,1500,-1500,344,-1,0
20,L,1500,-1500,345,-3,0
20,L,1500,-1500,346,-1,0
20,L,1500,-1500,347,-3,0
20,L,1500,-1500,348,-1,0
20,L,1500,-1500,349,-2,0
20,L,1500,-1500,350,-2,0
20,L,1500,-1500,351,-2,0
20,L,1500,-1500,352,-2,0
20,L,1500,-1500,353,-2,0
20,L,1500,-1500,354,-2,0
20,L,1500,-1500,355,-2,0
20,L,1500,-1500,356,-2,0
20,L,1500,-1500,357,-2,0
20,L,1500,-1500,358,-2,0
20,L,1500,-1500,359,-2,0
20,L,1500,-1500,360,-2,0
20,L,1500,-1500,361,-1,0
20,L,1500,-1500,362,-3,0
20,L,1500,-1500,363,-1,0
20,L,1500,-1500,364,-3,0
20,L,1500,-1500,365,-1,0
20,L,1500,-1500,366,-3,0
20,L,1500,-1500,367,-1,0
20,L,1500,-1500,368,-3,0
20,L,1500,-1500,369,-1,0
20,L,1500,-1500,370,-3,0
20,L,1500,-1500,371,-1,0
20,L,1500,-1500,372,-3,0
20,L,1500,-1500,373,-1,0
20,L,1500,-1500,374,-3,0
20,L,1500,-1500,375,-1,0
20,L,1500,-1500,376,-3,0
20,L,1500,-1500,377,-1,0
20,L,1500,-1500,378,-3,0
20,L,1500,-1500,379,-2,0
20,L,1500,-1500,380,-2,0
20,L,1500,-1500,381,-2,0
20,L,1500,-1500,382,-2,0
20,L,1500,-1500,383,-1,0
20,L,1500,-1500,384,-3,0
20,L,1500,-1500,385,-1,0
20,L,1500,-1500,386,-3,0
20,L,1500,-1500,387,-1,0
20,L,1500,-1500,388,-3,0
20,L,1500,-1500,389,-1,0
20,L,1500,-1500,390,-3,0
20,L,1500,-1500,391,-2,0
20,L,1500,-1500,392,-2,0
20,L,1500,-1500,393,-2,0
20,L,1500,-1500,394,-2,0
20,L,1500,-1500,395,-2,0
20,L,1500,-1500,396,-2,0
20,L,1500,-1500,397,-2,0
20,L,1500,-1500,398,-2,0
20,L,1500,-1500,399,-3,0
20,L,1500,-1500,400,-1,0
20,L,1500,-1500,401,-3,0
20,L,1500,-1500,402,-1,0
20,L,1500,-1500,403,-3,0
20,L,1500,-1500,404,-1,0
20,L,1500,-1500,405,-1,0
20,L,1500,-1500,406,-3,0
20,L,1500,-1500,407,-1,0
20,L,1500,-1500,408,-2,0
20,L,1500,-1500,409,-1,0
20,L,1500,-1500,410,-1,0
20,L,1500,-1500,411,-2,0
20,L,1500,-1500,412,-2,0
20,L,1500,-1500,413,-1,0
20,L,1500,-1500,414,-1,0
20,L,1500,-1500,415,-1,0
20,L,1500,-1500,416,-1,0
20,L,1500,-1500,417,-2,0
20,L,1500,-1500,418,-1,0
20,L,1500,-1500,419,-1,0
20,L,1500,-1500,420,-1,0
20,L,1500,-1500,421,-1,0
20,L,1500,-1500,422,-1,0
20,L,1500,-1500,423,0,0
20,L,1500,-1500,424,-1,0
20,L,1500,-1500,425,0,0
20,L,1500,-1500,426,-2,0
20,L,1500,-1500,427,0,0
20,L,1500,-1500,428,-1,0
20,L,1500,-1500,429,0,0
20,L,1500,-1500,430,0,0
20,L,1500,-1500,431,0,0
20,L,1500,-1500,432,0,0
20,L,1500,-1500,433,-1,0
20,L,1500,-1500,434,0,0
20,L,1500,-1500,435,0,0
20,L,1500,-1500,436,0,0
20,L,1500,-1500,437,0,0
20,L,1500,-1500,438,0,0
20,L,1500,-1500,439,0,0
20,L,1500,-1500,440,0,0
20,L,1500,-1500,441,0,0
20,L,1500,-1500,442,0,0
20,L,1500,-1500,443,0,0
20,L,1500,-1500,444,0,0
20,L,1500,-1500,445,0,0
20,L,1500,-1500,446,0,0
20,L,1500,-1500,447,0,0
20,L,1500,-1500,448,0,0
20,L,1500,-1500,449,0,0
20,L,1500,-1500,450,0,0
20,L,1500,-1500,451,0,0
20,L,1500,-1500,452,0,0
20,L,1500,-1500,453,0,0
20,L,1500,-1500,454,0,0
20,L,1500,-1500,455,0,0
20,L,1500,-1500,456,0,0
20,L,1500,-1500,457,0,0
20,L,1500,-1500,458,0,0
20,L,1500,-1500,459,0,0
20,L,1500,-1500,460,0,0
20,L,1500,-1500,461,0,0
20,L,1500,-1500,462,0,0
20,L,1500,-1500,463,0,0
20,L,1500,-1500,464,0,0
20,L,1500,-1500,465,0,0
20,L,1500,-1500,466,0,0
20,L,1500,-1500,467,0,0
20,L,1500,-1500,468,0,0
20,L,1500,-1500,469,0,0
20,L,1500,-1500,470,0,0
20,L,1500,-1500,471,0,0
20,L,1500,-1500,472,0,0
20,L,1500,-1500,473,0,0
20,L,1500,-1500,474,0,0
20,L,1500,-1500,475,0,0
20,L,1500,-1500,476,0,0
20,L,1500,-1500,477,0,0
20,L,1500,-1500,478,0,0
20,L,1500,-1500,479,0,0
20,L,1500,-1500,480,0,0
20,L,1500,-1500,481,0,0
20,L,1500,-1500,482,0,0
20,L,1500,-1500,483,0,0
20,L,1500,-1500,484,0,0
20,L,1500,-1500,485,0,0
20,L,1500,-1500,486,0,0
20,L,1500,-1500,487,0,0
20,L,1500,-1500,488,0,0
20,L,1500,-1500,489,0,0
20,L,1500,-1500,490,0,0
20,L,1500,-1500,491,0,0
20,L,1500,-1500,492,0,0
20,L,1500,-1500,493,0,0
20,L,1500,-1500,494,0,0
20,L,1500,-1500,495,0,0
20,L,1500,-1500,496,0,0
20,L,1500,-1500,497,0,0
20,L,1500,-1500,498,0,0
20,L,1500,-1500,499,0,0
21,L,-1420,-1420,0,0,0
21,L,-1420,-1420,1,0,0
21,L,-1420,-1420,2,0,0
21,L,-1420,-1420,3,0,0
21,L,-1420,-1420,4,0,0
21,L,-1420,-1420,5,0,0
21,L,-1420,-1420,6,0,0
21,L,-1420,-1420,7,0,0
21,L,-1420,-1420,8,0,0
21,L,-1420,-1420,9,0,0
21,L,-1420,-1420,10,0,0
21,L,-1420,-1420,11,0,0
21,L,-1420,-1420,12,0,0
21,L,-1420,-1420,13,0,0
21,L,-1420,-1420,14,0,0
21,L,-1420,-1420,15,0,0
21,L,-1420,-1420,16,0,0
21,L,-1420,-1420,17,0,0
21,L,-1420,-1420,18,0,0
21,L,-1420,-1420,19,0,0
21,L,-1420,-1420,20,0,0
21,L,-1420,-1420,21,0,0
21,L,-1420,-1420,22,0,0
21,L,-1420,-1420,23,0,0
21,L,-1420,-1420,24,0,0
21,L,-1420,-1420,25,0,0
21,L,-1420,-1420,26,0,0
21,L,-1420,-1420,27,0,0
21,L,-1420,-1420,28,0,0
21,L,-1420,-1420,29,0,0
21,L,-1420,-1420,30,0,0
21,L,-1420,-1420,31,0,0
21,L,-1420,-1420,32,0,0
21,L,-1420,-1420,33,0,0
21,L,-1420,-1420,34,0,0
21,L,-1420,-1420,35,0,0
21,L,-1420,-1420,36,0,0
21,L,-1420,-1420,37,0,0
21,L,-1420,-1420,38,0,0
21,L,-1420,-1420,39,0,0
21,L,-1420,-1420,40,0,0
21,L,-1420,-1420,41,0,0
21,L,-1420,-1420,42,0,0
21,L,-1420,-1420,43,0,0
21,L,-1420,-1420,44,0,0
21,L,-1420,-1420,45,0,0
21,L,-1420,-1420,46,0,0
21,L,-1420,-1420,47,0,0
21,L,-1420,-1420,48,0,0
21,L,-1420,-1420,49,0,0
21,L,-1420,-1420,50,0,0
21,L,-1420,-1420,51,0,0
21,L,-1420,-1420,52,0,0
21,L,-1420,-1420,53,0,0
21,L,-1420,-1420,54,0,0
21,L,-1420,-1420,55,0,0
21,L,-1420,-1420,56,0,0
21,L,-1420,-1420,57,0,0
21,L,-1420,-1420,58,0,0
21,L,-1420,-1420,59,0,0
21,L,-1420,-1420,60,0,0
21,L,-1420,-1420,61,0,0
21,L,-1420,-1420,62,0,0
21,L,-1420,-1420,63,0,0
21,L,-1420,-1420,64,0,0
21,L,-1420,-1420,65,0,0
21,L,-1420,-1420,66,0,0
21,L,-1420,-1420,67,0,0
21,L,-1420,-1420,68,0,0
21,L,-1420,-1420,69,0,0
21,L,-1420,-1420,70,-1,0
21,L,-1420,-1420,71,0,0
21,L,-1420,-1420,72,0,0
21,L,-1420,-1420,73,-1,0
21,L,-1420,-1420,74,0,0
21,L,-1420,-1420,75,0,0
21,L,-1420,-1420,76,0,0
21,L,-1420,-1420,77,-1,0
21,L,-1420,-1420,78,0,0
21,L,-1420,-1420,79,0,0
21,L,-1420,-1420,80,-1,0
21,L,-1420,-1420,81,0,0
21,L,-1420,-1420,82,-1,0
21,L,-1420,-1420,83,0,0
21,L,-1420,-1420,84,-1,0
21,L,-1420,-1420,85,0,0
21,L,-1420,-1420,86,0,0
21,L,-1420,-1420,87,0,0
21,L,-1420,-1420,88,0,0
21,L,-1420,-1420,89,0,0
21,L,-1420,-1420,90,-1,0
21,L,-1420,-1420,91,0,0
21,L,-1420,-1420,92,0,0
21,L,-1420,-1420,93,0,0
21,L,-1420,-1420,94,0,0
21,L,-1420,-1420,95,0,0
21,L,-1420,-1420,96,0,0
21,L,-1420,-1420,97,-1,0
21,L,-1420,-1420,98,0,0
21,L,-1420,-1420,99,0,0
21,L,-1420,-1420,100,0,0
21,L,-1420,-1420,101,-1,0
21,L,-1420,-1420,102,-1,0
21,L,-1420,-1420,103,0,0
21,L,-1420,-1420,104,0,0
21,L,-1420,-1420,105,-1,0
21,L,-1420,-1420,106,0,0
21,L,-1420,-1420,107,0,0
21,L,-1420,-1420,108,-1,0
21,L,-1420,-1420,109,0,0
21,L,-1420,-1420,110,0,0
21,L,-1420,-1420,111,-1,0
21,L,-1420,-1420,112,-1,0
21,L,-1420,-1420,113,0,0
21,L,-1420,-1420,114,0,0
21,L,-1420,-1420,115,0,0
21,L,-1420,-1420,116,0,0
21,L,-1420,-1420,117,-1,0
21,L,-1420,-1420,118,0,0
21,L,-1420,-1420,119,0,0
21,L,-1420,-1420,120,0,0
21,L,-1420,-1420,121,0,0
21,L,-1420,-1420,122,0,0
21,L,-1420,-1420,123,0,0
21,L,-1420,-1420,124,-1,0
21,L,-1420,-1420,125,0,0
21,L,-1420,-1420,126,0,0
21,L,-1420,-1420,127,0,0
21,L,-1420,-1420,128,0,0
21,L,-1420,-1420,129,0,0
21,L,-1420,-1420,130,-1,0
21,L,-1420,-1420,131,-1,0
21,L,-1420,-1420,132,0,0
21,L,-1420,-1420,133,0,0
21,L,-1420,-1420,134,-1,0
21,L,-1420,-1420,135,0,0
21,L,-1420,-1420,136,0,0
21,L,-1420,-1420,137,0,0
21,L,-1420,-1420,138,-1,0
21,L,-1420,-1420,139,0,0
21,L,-1420,-1420,140,0,0
21,L,-1420,-1420,141,0,0
21,L,-1420,-1420,142,0,0
21,L,-1420,-1420,143,0,0
21,L,-1420,-1420,144,0,0
21,L,-1420,-1420,145,0,0
21,L,-1420,-1420,146,0,0
21,L,-1420,-1420,147,0,0
21,L,-1420,-1420,148,0,0
21,L,-1420,-1420,149,0,0
21,L,-1420,-1420,150,0,0
21,L,-1420,-1420,151,0,0
21,L,-1420,-1420,152,0,0
21,L,-1420,-1420,153,0,0
21,L,-1420,-1420,154,0,0
21,L,-1420,-1420,155,0,0
21,L,-1420,-1420,156,0,0
21,L,-1420,-1420,157,0,0
21,L,-1420,-1420,158,0,0
21,L,-1420,-1420,159,0,0
21,L,-1420,-1420,160,0,0
21,L,-1420,-1420,161,0,0
21,L,-1420,-1420,162,0,0
21,L,-1420,-1420,163,0,0
21,L,-1420,-1420,164,0,0
21,L,-1420,-1420,165,0,0
21,L,-1420,-1420,166,0,0
21,L,-1420,-1420,167,0,0
21,L,-1420,-1420,168,0,0
21,L,-1420,-1420,169,0,0
21,L,-1420,-1420,170,0,0
21,L,-1420,-1420,171,0,0
21,L,-1420,-1420,172,0,0
21,L,-1420,-1420,173,0,0
21,L,-1420,-1420,174,0,0
21,L,-1420,-1420,175,0,0
21,L,-1420,-1420,176,0,0
21,L,-1420,-1420,177,0,0
21,L,-1420,-1420,178,0,0
21,L,-1420,-1420,179,0,0
21,L,-1420,-1420,180,0,0
21,L,-1420,-1420,181,0,0
21,L,-1420,-1420,182,0,0
21,L,-1420,-1420,183,0,0
21,L,-1420,-1420,184,0,0
21,L,-1420,-1420,185,0,0
21,L,-1420,-1420,186,0,0
21,L,-1420,-1420,187,0,0
21,L,-1420,-1420,188,0,0
21,L,-1420,-1420,189,0,0
21,L,-1420,-1420,190,0,0
21,L,-1420,-1420,191,0,0
21,L,-1420,-1420,192,0,0
21,L,-1420,-1420,193,0,0
21,L,-1420,-1420,194,0,0
21,L,-1420,-1420,195,0,0
21,L,-1420,-1420,196,0,0
21,L,-1420,-1420,197,0,0
21,L,-1420,-1420,198,0,0
21,L,-1420,-1420,199,0,0
21,L,-1420,-1420,200,0,0
21,L,-1420,-1420,201,0,0
21,L,-1420,-1420,202,0,0
21,L,-1420,-1420,203,0,0
21,L,-1420,-1420,204,0,0
21,L,-1420,-1420,205,0,0
21,L,-1420,-1420,206,0,0
21,L,-1420,-1420,207,0,0
21,L,-1420,-1420,208,0,0
21,L,-1420,-1420,209,0,0
21,L,-1420,-1420,210,0,0
21,L,-1420,-1420,211,0,0
21,L,-1420,-1420,212,0,0
21,L,-1420,-1420,213,0,0
21,L,-1420,-1420,214,0,0
21,L,-1420,-1420,215,0,0
21,L,-1420,-1420,216,0,0
21,L,-1420,-1420,217,0,0
21,L,-1420,-1420,218,0,0
21,L,-1420,-1420,219,0,0
21,L,-1420,-1420,220,0,0
21,L,-1420,-1420,221,0,0
21,L,-1420,-1420,222,0,0
21,L,-1420,-1420,223,0,0
21,L,-1420,-1420,224,0,0
21,L,-1420,-1420,225,0,0
21,L,-1420,-1420,226,0,0
21,L,-1420,-1420,227,0,0
21,L,-1420,-1420,228,0,0
21,L,-1420,-1420,229,0,0
21,L,-1420,-1420,230,0,0
21,L,-1420,-1420,231,0,0
21,L,-1420,-1420,232,0,0
21,L,-1420,-1420,233,0,0
21,L,-1420,-1420,234,0,0
21,L,-1420,-1420,235,0,0
21,L,-1420,-1420,236,0,0
21,L,-1420,-1420,237,0,0
21,L,-1420,-1420,238,0,0
21,L,-1420,-1420,239,0,0
21,L,-1420,-1420,240,0,0
21,L,-1420,-1420,241,0,0
21,L,-1420,-1420,242,0,0
21,L,-1420,-1420,243,0,0
21,L,-1420,-1420,244,0,0
21,L,-1420,-1420,245,0,0
21,L,-1420,-1420,246,0,0
21,L,-1420,-1420,247,0,0
21,L,-1420,-1420,248,0,0
21,L,-1420,-1420,249,0,0
21,L,-1420,-1420,250,0,0
21,L,-1420,-1420,251,0,0
21,L,-1420,-1420,252,0,0
21,L,-1420,-1420,253,0,0
21,L,-1420,-1420,254,0,0
21,L,-1420,-1420,255,0,0
21,L,-1420,-1420,256,0,0
21,L,-1420,-1420,257,0,0
21,L,-1420,-1420,258,0,0
21,L,-1420,-1420,259,0,0
21,L,-1420,-1420,260,0,0
21,L,-1420,-1420,261,0,0
21,L,-1420,-1420,262,0,0
21,L,-1420,-1420,263,0,0
21,L,-1420,-1420,264,0,0
21,L,-1420,-1420,265,0,0
21,L,-1420,-1420,266,0,0
21,L,-1420,-1420,267,0,0
21,L,-1420,-1420,268,0,0
21,L,-1420,-1420,269,0,0
21,L,-1420,-1420,270,0,0
21,L,-1420,-1420,271,0,0
21,L,-1420,-1420,272,0,0
21,L,-1420,-1420,273,0,0
21,L,-1420,-1420,274,0,0
21,L,-1420,-1420,275,0,0
21,L,-1420,-1420,276,0,0
21,L,-1420,-1420,277,0,0
21,L,-1420,-1420,278,0,0
21,L,-1420,-1420,279,0,0
21,L,-1420,-1420,280,0,0
21,L,-1420,-1420,281,0,0
21,L,-1420,-1420,282,0,0
21,L,-1420,-1420,283,0,0
21,L,-1420,-1420,284,0,0
21,L,-1420,-1420,285,0,0
21,L,-1420,-1420,286,0,0
21,L,-1420,-1420,287,0,0
21,L,-1420,-1420,288,0,0
21,L,-1420,-1420,289,0,0
21,L,-1420,-1420,290,0,0
21,L,-1420,-1420,291,0,0
21,L,-1420,-1420,292,0,0
21,L,-1420,-1420,293,0,0
21,L,-1420,-1420,294,0,0
21,L,-1420,-1420,295,0,0
21,L,-1420,-1420,296,0,0
21,L,-1420,-1420,297,0,0
21,L,-1420,-1420,298,0,0
21,L,-1420,-1420,299,0,0
21,L,-1420,-1420,300,0,0
21,L,-1420,-1420,301,0,0
21,L,-1420,-1420,302,0,0
21,L,-1420,-1420,303,0,0
21,L,-1420,-1420,304,0,0
21,L,-1420,-1420,305,0,0
21,L,-1420,-1420,306,0,0
21,L,-1420,-1420,307,0,0
21,L,-1420,-1420,308,0,0
21,L,-1420,-1420,309,0,0
21,L,-1420,-1420,310,0,0
21,L,-1420,-1420,311,0,0
21,L,-1420,-1420,312,0,0
21,L,-1420,-1420,313,0,0
21,L,-1420,-1420,314,0,0
21,L,-1420,-1420,315,0,0
21,L,-1420,-1420,316,0,0
21,L,-1420,-1420,317,0,0
21,L,-1420,-1420,318,0,0
21,L,-1420,-1420,319,0,0
21,L,-1420,-1420,320,0,0
21,L,-1420,-1420,321,0,0
21,L,-1420,-1420,322,0,0
21,L,-1420,-1420,323,0,0
21,L,-1420,-1420,324,0,0
21,L,-1420,-1420,325,0,0
21,L,-1420,-1420,326,0,0
21,L,-1420,-1420,327,0,0
21,L,-1420,-1420,328,0,0
21,L,-1420,-1420,329,0,0
21,L,-1420,-1420,330,0,0
21,L,-1420,-1420,331,0,0
21,L,-1420,-1420,332,0,0
21,L,-1420,-1420,333,0,0
21,L,-1420,-1420,334,0,0
21,L,-1420,-1420,335,0,0
21,L,-1420,-1420,336,0,0
21,L,-1420,-1420,337,0,0
21,L,-1420,-1420,338,0,0
21,L,-1420,-1420,339,0,0
21,L,-1420,-1420,340,0,0
21,L,-1420,-1420,341,0,0
21,L,-1420,-1420,342,0,0
21,L,-1420,-1420,343,0,0
21,L,-1420,-1420,344,0,0
21,L,-1420,-1420,345,0,0
21,L,-1420,-1420,346,0,0
21,L,-1420,-1420,347,0,0
21,L,-1420,-1420,348,0,0
21,L,-1420,-1420,349,0,0
21,L,-1420,-1420,350,0,0
21,L,-1420,-1420,351,0,0
21,L,-1420,-1420,352,0,0
21,L,-1420,-1420,353,0,0
21,L,-1420,-1420,354,0,0
21,L,-1420,-1420,355,0,0
21,L,-1420,-1420,356,0,0
21,L,-1420,-1420,357,0,0
21,L,-1420,-1420,358,0,0
21,L,-1420,-1420,359,0,0
21,L,-1420,-1420,360,0,0
21,L,-1420,-1420,361,0,0
21,L,-1420,-1420,362,0,0
21,L,-1420,-1420,363,0,0
21,L,-1420,-1420,364,0,0
21,L,-1420,-1420,365,0,0
21,L,-1420,-1420,366,0,0
21,L,-1420,-1420,367,0,0
21,L,-1420,-1420,368,0,0
21,L,-1420,-1420,369,0,0
21,L,-1420,-1420,370,0,0
21,L,-1420,-1420,371,0,0
21,L,-1420,-1420,372,0,0
21,L,-1420,-1420,373,0,0
21,L,-1420,-1420,374,0,0
21,L,-1420,-1420,375,0,0
21,L,-1420,-1420,376,0,0
21,L,-1420,-1420,377,0,0
21,L,-1420,-1420,378,0,0
21,L,-1420,-1420,379,0,0
21,L,-1420,-1420,380,0,0
21,L,-1420,-1420,381,0,0
21,L,-1420,-1420,382,0,0
21,L,-1420,-1420,383,0,0
21,L,-1420,-1420,384,0,0
21,L,-1420,-1420,385,0,0
21,L,-1420,-1420,386,0,0
21,L,-1420,-1420,387,0,0
21,L,-1420,-1420,388,0,0
21,L,-1420,-1420,389,0,0
21,L,-1420,-1420,390,0,0
21,L,-1420,-1420,391,0,0
21,L,-1420,-1420,392,0,0
21,L,-1420,-1420,393,0,0
21,L,-1420,-1420,394,0,0
21,L,-1420,-1420,395,0,0
21,L,-1420,-1420,396,0,0
21,L,-1420,-1420,397,0,0
21,L,-1420,-1420,398,0,0
21,L,-1420,-1420,399,0,0
21,L,-1420,-1420,400,0,0
21,L,-1420,-1420,401,0,0
21,L,-1420,-1420,402,0,0
21,L,-1420,-1420,403,0,0
21,L,-1420,-1420,404,0,0
21,L,-1420,-1420,405,0,0
21,L,-1420,-1420,406,0,0
21,L,-1420,-1420,407,0,0
21,L,-1420,-1420,408,0,0
21,L,-1420,-1420,409,0,0
21,L,-1420,-1420,410,0,0
21,L,-1420,-1420,411,0,0
21,L,-1420,-1420,412,0,0
21,L,-1420,-1420,413,0,0
21,L,-1420,-1420,414,0,0
21,L,-1420,-1420,415,1,0
21,L,-1420,-1420,416,0,0
21,L,-1420,-1420,417,0,0
21,L,-1420,-1420,418,0,0
21,L,-1420,-1420,419,0,0
21,L,-1420,-1420,420,0,0
21,L,-1420,-1420,421,0,0
21,L,-1420,-1420,422,0,0
21,L,-1420,-1420,423,0,0
21,L,-1420,-1420,424,0,0
21,L,-1420,-1420,425,0,0
21,L,-1420,-1420,426,0,0
21,L,-1420,-1420,427,0,0
21,L,-1420,-1420,428,0,0
21,L,-1420,-1420,429,0,0
21,L,-1420,-1420,430,0,0
21,L,-1420,-1420,431,0,0
21,L,-1420,-1420,432,0,0
21,L,-1420,-1420,433,0,0
21,L,-1420,-1420,434,0,0
21,L,-1420,-1420,435,0,0
21,L,-1420,-1420,436,0,0
21,L,-1420,-1420,437,0,0
21,L,-1420,-1420,438,0,0
21,L,-1420,-1420,439,0,0
21,L,-1420,-1420,440,0,0
21,L,-1420,-1420,441,0,0
21,L,-1420,-1420,442,0,0
21,L,-1420,-1420,443,0,0
21,L,-1420,-1420,444,0,0
21,L,-1420,-1420,445,0,0
21,L,-1420,-1420,446,0,0
21,L,-1420,-1420,447,0,0
21,L,-1420,-1420,448,0,0
21,L,-1420,-1420,449,0,0
21,L,-1420,-1420,450,0,0
21,L,-1420,-1420,451,0,0
21,L,-1420,-1420,452,0,0
21,L,-1420,-1420,453,0,0
21,L,-1420,-1420,454,0,0
21,L,-1420,-1420,455,0,0
21,L,-1420,-1420,456,0,0
21,L,-1420,-1420,457,0,0
21,L,-1420,-1420,458,0,0
21,L,-1420,-1420,459,0,0
21,L,-1420,-1420,460,0,0
21,L,-1420,-1420,461,0,0
21,L,-1420,-1420,462,0,0
21,L,-1420,-1420,463,0,0
21,L,-1420,-1420,464,0,0
21,L,-1420,-1420,465,0,0
21,L,-1420,-1420,466,0,0
21,L,-1420,-1420,467,0,0
21,L,-1420,-1420,468,0,0
21,L,-1420,-1420,469,0,0
21,L,-1420,-1420,470,0,0
21,L,-1420,-1420,471,0,0
21,L,-1420,-1420,472,0,0
21,L,-1420,-1420,473,0,0
21,L,-1420,-1420,474,0,0
21,L,-1420,-1420,475,0,0
21,L,-1420,-1420,476,0,0
21,L,-1420,-1420,477,0,0
21,L,-1420,-1420,478,0,0
21,L,-1420,-1420,479,0,0
21,L,-1420,-1420,480,0,0
21,L,-1420,-1420,481,0,0
21,L,-1420,-1420,482,0,0
21,L,-1420,-1420,483,0,0
21,L,-1420,-1420,484,0,0
21,L,-1420,-1420,485,0,0
21,L,-1420,-1420,486,0,0
21,L,-1420,-1420,487,0,0
21,L,-1420,-1420,488,0,0
21,L,-1420,-1420,489,0,0
21,L,-1420,-1420,490,0,0
21,L,-1420,-1420,491,0,0
21,L,-1420,-1420,492,0,0
21,L,-1420,-1420,493,0,0
21,L,-1420,-1420,494,0,0
21,L,-1420,-1420,495,0,0
21,L,-1420,-1420,496,0,0
21,L,-1420,-1420,497,0,0
21,L,-1420,-1420,498,0,0
21,L,-1420,-1420,499,0,0
22,L,-1440,-1440,0,0,0
22,L,-1440,-1440,1,0,0
22,L,-1440,-1440,2,0,0
22,L,-1440,-1440,3,0,0
22,L,-1440,-1440,4,0,0
22,L,-1440,-1440,5,0,0
22,L,-1440,-1440,6,0,0
22,L,-1440,-1440,7,0,0
22,L,-1440,-1440,8,0,0
22,L,-1440,-1440,9,0,0
22,L,-1440,-1440,10,0,0
22,L,-1440,-1440,11,0,0
22,L,-1440,-1440,12,0,0
22,L,-1440,-1440,13,0,0
22,L,-1440,-1440,14,0,0
22,L,-1440,-1440,15,0,0
22,L,-1440,-1440,16,0,0
22,L,-1440,-1440,17,0,0
22,L,-1440,-1440,18,0,0
22,L,-1440,-1440,19,0,0
22,L,-1440,-1440,20,0,0
22,L,-1440,-1440,21,0,0
22,L,-1440,-1440,22,0,0
22,L,-1440,-1440,23,0,0
22,L,-1440,-1440,24,0,0
22,L,-1440,-1440,25,0,0
22,L,-1440,-1440,26,0,0
22,L,-1440,-1440,27,0,0
22,L,-1440,-1440,28,0,0
22,L,-1440,-1440,29,0,0
22,L,-1440,-1440,30,0,0
22,L,-1440,-1440,31,0,0
22,L,-1440,-1440,32,0,0
22,L,-1440,-1440,33,0,0
22,L,-1440,-1440,34,0,0
22,L,-1440,-1440,35,0,0
22,L,-1440,-1440,36,0,0
22,L,-1440,-1440,37,0,0
22,L,-1440,-1440,38,0,0
22,L,-1440,-1440,39,0,0
22,L,-1440,-1440,40,0,0
22,L,-1440,-1440,41,0,0
22,L,-1440,-1440,42,0,0
22,L,-1440,-1440,43,0,0
22,L,-1440,-1440,44,0,0
22,L,-1440,-1440,45,0,0
22,L,-1440,-1440,46,0,0
22,L,-1440,-1440,47,0,0
22,L,-1440,-1440,48,0,0
22,L,-1440,-1440,49,0,0
22,L,-1440,-1440,50,0,0
22,L,-1440,-1440,51,0,0
22,L,-1440,-1440,52,0,0
22,L,-1440,-1440,53,0,0
22,L,-1440,-1440,54,0,0
22,L,-1440,-1440,55,0,0
22,L,-1440,-1440,56,0,0
22,L,-1440,-1440,57,0,0
22,L,-1440,-1440,58,0,0
22,L,-1440,-1440,59,0,0
22,L,-1440,-1440,60,0,0
22,L,-1440,-1440,61,0,0
22,L,-1440,-1440,62,0,0
22,L,-1440,-1440,63,0,0
22,L,-1440,-1440,64,0,0
22,L,-1440,-1440,65,0,0
22,L,-1440,-1440,66,0,0
22,L,-1440,-1440,67,0,0
22,L,-1440,-1440,68,0,0
22,L,-1440,-1440,69,0,0
22,L,-1440,-1440,70,0,0
22,L,-1440,-1440,71,0,0
22,L,-1440,-1440,72,0,0
22,L,-1440,-1440,73,0,0
22,L,-1440,-1440,74,0,0
22,L,-1440,-1440,75,0,0
22,L,-1440,-1440,76,0,0
22,L,-1440,-1440,77,0,0
22,L,-1440,-1440,78,0,0
22,L,-1440,-1440,79,0,0
22,L,-1440,-1440,80,0,0
22,L,-1440,-1440,81,0,0
22,L,-1440,-1440,82,0,0
22,L,-1440,-1440,83,0,0
22,L,-1440,-1440,84,0,0
22,L,-1440,-1440,85,0,0
22,L,-1440,-1440,86,0,0
22,L,-1440,-1440,87,0,0
22,L,-1440,-1440,88,0,0
22,L,-1440,-1440,89,0,0
22,L,-1440,-1440,90,0,0
22,L,-1440,-1440,91,0,0
22,L,-1440,-1440,92,0,0
22,L,-1440,-1440,93,0,0
22,L,-1440,-1440,94,0,0
22,L,-1440,-1440,95,0,0
22,L,-1440,-1440,96,0,0
22,L,-1440,-1440,97,0,0
22,L,-1440,-1440,98,0,0
22,L,-1440,-1440,99,0,0
22,L,-1440,-1440,100,0,0
22,L,-1440,-1440,101,0,0
22,L,-1440,-1440,102,0,0
22,L,-1440,-1440,103,0,0
22,L,-1440,-1440,104,0,0
22,L,-1440,-1440,105,0,0
22,L,-1440,-1440,106,0,0
22,L,-1440,-1440,107,0,0
22,L,-1440,-1440,108,0,0
22,L,-1440,-1440,109,0,0
22,L,-1440,-1440,110,0,0
22,L,-1440,-1440,111,0,0
22,L,-1440,-1440,112,0,0
22,L,-1440,-1440,113,0,0
22,L,-1440,-1440,114,0,0
22,L,-1440,-1440,115,0,0
22,L,-1440,-1440,116,0,0
22,L,-1440,-1440,117,0,0
22,L,-1440,-1440,118,0,0
22,L,-1440,-1440,119,0,0
22,L,-1440,-1440,120,0,0
22,L,-1440,-1440,121,0,0
22,L,-1440,-1440,122,0,0
22,L,-1440,-1440,123,0,0
22,L,-1440,-1440,124,0,0
22,L,-1440,-1440,125,0,0
22,L,-1440,-1440,126,0,0
22,L,-1440,-1440,127,0,0
22,L,-1440,-1440,128,0,0
22,L,-1440,-1440,129,0,0
22,L,-1440,-1440,130,0,0
22,L,-1440,-1440,131,0,0
22,L,-1440,-1440,132,0,0
22,L,-1440,-1440,133,0,0
22,L,-1440,-1440,134,0,0
22,L,-1440,-1440,135,0,0
22,L,-1440,-1440,136,0,0
22,L,-1440,-1440,137,0,0
22,L,-1440,-1440,138,0,0
22,L,-1440,-1440,139,0,0
22,L,-1440,-1440,140,0,0
22,L,-1440,-1440,141,0,0
22,L,-1440,-1440,142,0,0
22,L,-1440,-1440,143,0,0
22,L,-1440,-1440,144,0,0
22,L,-1440,-1440,145,0,0
22,L,-1440,-1440,146,0,0
22,L,-1440,-1440,147,0,0
22,L,-1440,-1440,148,0,0
22,L,-1440,-1440,149,0,0
22,L,-1440,-1440,150,0,0
22,L,-1440,-1440,151,0,0
22,L,-1440,-1440,152,0,0
22,L,-1440,-1440,153,0,0
22,L,-1440,-1440,154,0,0
22,L,-1440,-1440,155,0,0
22,L,-1440,-1440,156,0,0
22,L,-1440,-1440,157,0,0
22,L,-1440,-1440,158,0,0
22,L,-1440,-1440,159,0,0
22,L,-1440,-1440,160,0,0
22,L,-1440,-1440,161,0,0
22,L,-1440,-1440,162,0,0
22,L,-1440,-1440,163,0,0
22,L,-1440,-1440,164,0,0
22,L,-1440,-1440,165,0,0
22,L,-1440,-1440,166,0,0
22,L,-1440,-1440,167,0,0
22,L,-1440,-1440,168,0,0
22,L,-1440,-1440,169,0,0
22,L,-1440,-1440,170,0,0
22,L,-1440,-1440,171,0,0
22,L,-1440,-1440,172,0,0
22,L,-1440,-1440,173,0,0
22,L,-1440,-1440,174,0,0
22,L,-1440,-1440,175,0,0
22,L,-1440,-1440,176,0,0
22,L,-1440,-1440,177,0,0
22,L,-1440,-1440,178,0,0
22,L,-1440,-1440,179,0,0
22,L,-1440,-1440,180,0,0
22,L,-1440,-1440,181,0,0
22,L,-1440,-1440,182,0,0
22,L,-1440,-1440,183,0,0
22,L,-1440,-1440,184,0,0
22,L,-1440,-1440,185,0,0
22,L,-1440,-1440,186,0,0
22,L,-1440,-1440,187,0,0
22,L,-1440,-1440,188,0,0
22,L,-1440,-1440,189,0,0
22,L,-1440,-1440,190,0,0
22,L,-1440,-1440,191,0,0
22,L,-1440,-1440,192,0,0
22,L,-1440,-1440,193,0,0
22,L,-1440,-1440,194,0,0
22,L,-1440,-1440,195,0,0
22,L,-1440,-1440,196,0,0
22,L,-1440,-1440,197,0,0
22,L,-1440,-1440,198,0,0
22,L,-1440,-1440,199,0,0
22,L,-1440,-1440,200,0,0
22,L,-1440,-1440,201,0,0
22,L,-1440,-1440,202,0,0
22,L,-1440,-1440,203,0,0
22,L,-1440,-1440,204,0,0
22,L,-1440,-1440,205,0,0
22,L,-1440,-1440,206,0,0
22,L,-1440,-1440,207,0,0
22,L,-1440,-1440,208,0,0
22,L,-1440,-1440,209,0,0
22,L,-1440,-1440,210,0,0
22,L,-1440,-1440,211,0,0
22,L,-1440,-1440,212,0,0
22,L,-1440,-1440,213,0,0
22,L,-1440,-1440,214,0,0
22,L,-1440,-1440,215,0,0
22,L,-1440,-1440,216,0,0
22,L,-1440,-1440,217,0,0
22,L,-1440,-1440,218,0,0
22,L,-1440,-1440,219,0,0
22,L,-1440,-1440,220,0,0
22,L,-1440,-1440,221,0,0
22,L,-1440,-1440,222,0,0
22,L,-1440,-1440,223,0,0
22,L,-1440,-1440,224,0,0
22,L,-1440,-1440,225,0,0
22,L,-1440,-1440,226,0,0
22,L,-1440,-1440,227,0,0
22,L,-1440,-1440,228,0,0
22,L,-1440,-1440,229,0,0
22,L,-1440,-1440,230,0,0
22,L,-1440,-1440,231,0,0
22,L,-1440,-1440,232,0,0
22,L,-1440,-1440,233,0,0
22,L,-1440,-1440,234,0,0
22,L,-1440,-1440,235,0,0
22,L,-1440,-1440,236,0,0
22,L,-1440,-1440,237,0,0
22,L,-1440,-1440,238,0,0
22,L,-1440,-1440,239,0,0
22,L,-1440,-1440,240,0,0
22,L,-1440,-1440,241,0,0
22,L,-1440,-1440,242,0,0
22,L,-1440,-1440,243,0,0
22,L,-1440,-1440,244,0,0
22,L,-1440,-1440,245,0,0
22,L,-1440,-1440,246,0,0
22,L,-1440,-1440,247,0,0
22,L,-1440,-1440,248,0,0
22,L,-1440,-1440,249,0,0
22,L,-1440,-1440,250,0,0
22,L,-1440,-1440,251,0,0
22,L,-1440,-1440,252,0,0
22,L,-1440,-1440,253,0,0
22,L,-1440,-1440,254,0,0
22,L,-1440,-1440,255,0,0
22,L,-1440,-1440,256,0,0
22,L,-1440,-1440,257,0,0
22,L,-1440,-1440,258,0,0
22,L,-1440,-1440,259,0,0
22,L,-1440,-1440,260,0,0
22,L,-1440,-1440,261,0,0
22,L,-1440,-1440,262,0,0
22,L,-1440,-1440,263,0,0
22,L,-1440,-1440,264,0,0
22,L,-1440,-1440,265,0,0
22,L,-1440,-1440,266,0,0
22,L,-1440,-1440,267,0,0
22,L,-1440,-1440,268,0,0
22,L,-1440,-1440,269,0,0
22,L,-1440,-1440,270,0,0
22,L,-1440,-1440,271,0,0
22,L,-1440,-1440,272,0,0
22,L,-1440,-1440,273,0,0
22,L,-1440,-1440,274,0,0
22,L,-1440,-1440,275,0,0
22,L,-1440,-1440,276,0,0
22,L,-1440,-1440,277,0,0
22,L,-1440,-1440,278,0,0
22,L,-1440,-1440,279,0,0
22,L,-1440,-1440,280,0,0
22,L,-1440,-1440,281,0,0
22,L,-1440,-1440,282,0,0
22,L,-1440,-1440,283,0,0
22,L,-1440,-1440,284,0,0
22,L,-1440,-1440,285,0,0
22,L,-1440,-1440,286,0,0
22,L,-1440,-1440,287,0,0
22,L,-1440,-1440,288,0,0
22,L,-1440,-1440,289,0,0
22,L,-1440,-1440,290,0,0
22,L,-1440,-1440,291,0,0
22,L,-1440,-1440,292,0,0
22,L,-1440,-1440,293,0,0
22,L,-1440,-1440,294,0,0
22,L,-1440,-1440,295,0,0
22,L,-1440,-1440,296,0,0
22,L,-1440,-1440,297,0,0
22,L,-1440,-1440,298,0,0
22,L,-1440,-1440,299,0,0
22,L,-1440,-1440,300,0,0
22,L,-1440,-1440,301,0,0
22,L,-1440,-1440,302,0,0
22,L,-1440,-1440,303,0,0
22,L,-1440,-1440,304,0,0
22,L,-1440,-1440,305,0,0
22,L,-1440,-1440,306,0,0
22,L,-1440,-1440,307,0,0
22,L,-1440,-1440,308,0,0
22,L,-1440,-1440,309,0,0
22,L,-1440,-1440,310,0,0
22,L,-1440,-1440,311,0,0
22,L,-1440,-1440,312,0,0
22,L,-1440,-1440,313,0,0
22,L,-1440,-1440,314,0,0
22,L,-1440,-1440,315,0,0
22,L,-1440,-1440,316,0,0
22,L,-1440,-1440,317,0,0
22,L,-1440,-1440,318,0,0
22,L,-1440,-1440,319,0,0
22,L,-1440,-1440,320,0,0
22,L,-1440,-1440,321,0,0
22,L,-1440,-1440,322,0,0
22,L,-1440,-1440,323,0,0
22,L,-1440,-1440,324,0,0
22,L,-1440,-1440,325,0,0
22,L,-1440,-1440,326,0,0
22,L,-1440,-1440,327,0,0
22,L,-1440,-1440,328,0,0
22,L,-1440,-1440,329,0,0
22,L,-1440,-1440,330,0,0
22,L,-1440,-1440,331,0,0
22,L,-1440,-1440,332,0,0
22,L,-1440,-1440,333,0,0
22,L,-1440,-1440,334,0,0
22,L,-1440,-1440,335,0,0
22,L,-1440,-1440,336,0,0
22,L,-1440,-1440,337,0,0
22,L,-1440,-1440,338,0,0
22,L,-1440,-1440,339,0,0
22,L,-1440,-1440,340,0,0
22,L,-1440,-1440,341,0,0
22,L,-1440,-1440,342,0,0
22,L,-1440,-1440,343,0,0
22,L,-1440,-1440,344,0,0
22,L,-1440,-1440,345,0,0
22,L,-1440,-1440,346,0,0
22,L,-1440,-1440,347,0,0
22,L,-1440,-1440,348,0,0
22,L,-1440,-1440,349,0,0
22,L,-1440,-1440,350,0,0
22,L,-1440,-1440,351,0,0
22,L,-1440,-1440,352,0,0
22,L,-1440,-1440,353,0,0
22,L,-1440,-1440,354,0,0
22,L,-1440,-1440,355,0,0
22,L,-1440,-1440,356,0,0
22,L,-1440,-1440,357,0,0
22,L,-1440,-1440,358,0,0
22,L,-1440,-1440,359,0,0
22,L,-1440,-1440,360,0,0
22,L,-1440,-1440,361,0,0
22,L,-1440,-1440,362,0,0
22,L,-1440,-1440,363,0,0
22,L,-1440,-1440,364,0,0
22,L,-1440,-1440,365,0,0
22,L,-1440,-1440,366,0,0
22,L,-1440,-1440,367,0,0
22,L,-1440,-1440,368,0,0
22,L,-1440,-1440,369,0,0
22,L,-1440,-1440,370,0,0
22,L,-1440,-1440,371,0,0
22,L,-1440,-1440,372,0,0
22,L,-1440,-1440,373,0,0
22,L,-1440,-1440,374,0,0
22,L,-1440,-1440,375,0,0
22,L,-1440,-1440,376,0,0
22,L,-1440,-1440,377,0,0
22,L,-1440,-1440,378,0,0
22,L,-1440,-1440,379,0,0
22,L,-1440,-1440,380,0,0
22,L,-1440,-1440,381,0,0
22,L,-1440,-1440,382,0,0
22,L,-1440,-1440,383,0,0
22,L,-1440,-1440,384,0,0
22,L,-1440,-1440,385,0,0
22,L,-1440,-1440,386,0,0
22,L,-1440,-1440,387,0,0
22,L,-1440,-1440,388,0,0
22,L,-1440,-1440,389,0,0
22,L,-1440,-1440,390,0,0
22,L,-1440,-1440,391,0,0
22,L,-1440,-1440,392,0,0
22,L,-1440,-1440,393,0,0
22,L,-1440,-1440,394,0,0
22,L,-1440,-1440,395,0,0
22,L,-1440,-1440,396,0,0
22,L,-1440,-1440,397,0,0
22,L,-1440,-1440,398,0,0
22,L,-1440,-1440,399,0,0
22,L,-1440,-1440,400,0,0
22,L,-1440,-1440,401,0,0
22,L,-1440,-1440,402,0,0
22,L,-1440,-1440,403,0,0
22,L,-1440,-1440,404,0,0
22,L,-1440,-1440,405,0,0
22,L,-1440,-1440,406,0,0
22,L,-1440,-1440,407,0,0
22,L,-1440,-1440,408,0,0
22,L,-1440,-1440,409,0,0
22,L,-1440,-1440,410,0,0
22,L,-1440,-1440,411,0,0
22,L,-1440,-1440,412,0,0
22,L,-1440,-1440,413,0,0
22,L,-1440,-1440,414,0,0
22,L,-1440,-1440,415,0,0
22,L,-1440,-1440,416,0,0
22,L,-1440,-1440,417,0,0
22,L,-1440,-1440,418,0,0
22,L,-1440,-1440,419,0,0
22,L,-1440,-1440,420,0,0
22,L,-1440,-1440,421,0,0
22,L,-1440,-1440,422,0,0
22,L,-1440,-1440,423,0,0
22,L,-1440,-1440,424,0,0
22,L,-1440,-1440,425,0,0
22,L,-1440,-1440,426,0,0
22,L,-1440,-1440,427,0,0
22,L,-1440,-1440,428,0,0
22,L,-1440,-1440,429,0,0
22,L,-1440,-1440,430,0,0
22,L,-1440,-1440,431,0,0
22,L,-1440,-1440,432,0,0
22,L,-1440,-1440,433,0,0
22,L,-1440,-1440,434,0,0
22,L,-1440,-1440,435,0,0
22,L,-1440,-1440,436,0,0
22,L,-1440,-1440,437,0,0
22,L,-1440,-1440,438,0,0
22,L,-1440,-1440,439,0,0
22,L,-1440,-1440,440,0,0
22,L,-1440,-1440,441,0,0
22,L,-1440,-1440,442,0,0
22,L,-1440,-1440,443,0,0
22,L,-1440,-1440,444,0,0
22,L,-1440,-1440,445,0,0
22,L,-1440,-1440,446,0,0
22,L,-1440,-1440,447,0,0
22,L,-1440,-1440,448,0,0
22,L,-1440,-1440,449,0,0
22,L,-1440,-1440,450,0,0
22,L,-1440,-1440,451,0,0
22,L,-1440,-1440,452,0,0
22,L,-1440,-1440,453,0,0
22,L,-1440,-1440,454,0,0
22,L,-1440,-1440,455,0,0
22,L,-1440,-1440,456,0,0
22,L,-1440,-1440,457,0,0
22,L,-1440,-1440,458,0,0
22,L,-1440,-1440,459,0,0
22,L,-1440,-1440,460,0,0
22,L,-1440,-1440,461,0,0
22,L,-1440,-1440,462,0,0
22,L,-1440,-1440,463,0,0
22,L,-1440,-1440,464,0,0
22,L,-1440,-1440,465,0,0
22,L,-1440,-1440,466,0,0
22,L,-1440,-1440,467,0,0
22,L,-1440,-1440,468,0,0
22,L,-1440,-1440,469,0,0
22,L,-1440,-1440,470,0,0
22,L,-1440,-1440,471,0,0
22,L,-1440,-1440,472,0,0
22,L,-1440,-1440,473,0,0
22,L,-1440,-1440,474,0,0
22,L,-1440,-1440,475,0,0
22,L,-1440,-1440,476,0,0
22,L,-1440,-1440,477,0,0
22,L,-1440,-1440,478,0,0
22,L,-1440,-1440,479,0,0
22,L,-1440,-1440,480,0,0
22,L,-1440,-1440,481,0,0
22,L,-1440,-1440,482,0,0
22,L,-1440,-1440,483,0,0
22,L,-1440,-1440,484,0,0
22,L,-1440,-1440,485,0,0
22,L,-1440,-1440,486,0,0
22,L,-1440,-1440,487,0,0
22,L,-1440,-1440,488,0,0
22,L,-1440,-1440,489,0,0
22,L,-1440,-1440,490,0,0
22,L,-1440,-1440,491,0,0
22,L,-1440,-1440,492,0,0
22,L,-1440,-1440,493,0,0
22,L,-1440,-1440,494,0,0
22,L,-1440,-1440,495,0,0
22,L,-1440,-1440,496,0,0
22,L,-1440,-1440,497,0,0
22,L,-1440,-1440,498,0,0
22,L,-1440,-1440,499,0,0
23,L,-1460,-1460,0,0,0
23,L,-1460,-1460,1,0,0
23,L,-1460,-1460,2,0,0
23,L,-1460,-1460,3,0,0
23,L,-1460,-1460,4,0,0
23,L,-1460,-1460,5,0,0
23,L,-1460,-1460,6,0,0
23,L,-1460,-1460,7,0,0
23,L,-1460,-1460,8,0,0
23,L,-1460,-1460,9,0,0
23,L,-1460,-1460,10,0,0
23,L,-1460,-1460,11,0,0
23,L,-1460,-1460,12,0,0
23,L,-1460,-1460,13,0,0
23,L,-1460,-1460,14,0,0
23,L,-1460,-1460,15,0,0
23,L,-1460,-1460,16,0,0
23,L,-1460,-1460,17,0,0
23,L,-1460,-1460,18,0,0
23,L,-1460,-1460,19,0,0
23,L,-1460,-1460,20,0,0
23,L,-1460,-1460,21,0,0
23,L,-1460,-1460,22,0,0
23,L,-1460,-1460,23,0,0
23,L,-1460,-1460,24,0,0
23,L,-1460,-1460,25,0,0
23,L,-1460,-1460,26,0,0
23,L,-1460,-1460,27,0,0
23,L,-1460,-1460,28,0,0
23,L,-1460,-1460,29,0,0
23,L,-1460,-1460,30,0,0
23,L,-1460,-1460,31,0,0
23,L,-1460,-1460,32,0,0
23,L,-1460,-1460,33,0,0
23,L,-1460,-1460,34,0,0
23,L,-1460,-1460,35,0,0
23,L,-1460,-1460,36,0,0
23,L,-1460,-1460,37,0,0
23,L,-1460,-1460,38,0,0
23,L,-1460,-1460,39,0,0
23,L,-1460,-1460,40,0,0
23,L,-1460,-1460,41,0,0
23,L,-1460,-1460,42,0,0
23,L,-1460,-1460,43,0,0
23,L,-1460,-1460,44,0,0
23,L,-1460,-1460,45,0,0
23,L,-1460,-1460,46,0,0
23,L,-1460,-1460,47,0,0
23,L,-1460,-1460,48,0,0
23,L,-1460,-1460,49,0,0
23,L,-1460,-1460,50,0,0
23,L,-1460,-1460,51,0,0
23,L,-1460,-1460,52,0,0
23,L,-1460,-1460,53,0,0
23,L,-1460,-1460,54,0,0
23,L,-1460,-1460,55,0,0
23,L,-1460,-1460,56,0,0
23,L,-1460,-1460,57,0,0
23,L,-1460,-1460,58,0,0
23,L,-1460,-1460,59,0,0
23,L,-1460,-1460,60,0,0
23,L,-1460,-1460,61,0,0
23,L,-1460,-1460,62,0,0
23,L,-1460,-1460,63,0,0
23,L,-1460,-1460,64,0,0
23,L,-1460,-1460,65,0,0
23,L,-1460,-1460,66,0,0
23,L,-1460,-1460,67,0,0
23,L,-1460,-1460,68,0,0
23,L,-1460,-1460,69,0,0
23,L,-1460,-1460,70,0,0
23,L,-1460,-1460,71,0,0
23,L,-1460,-1460,72,0,0
23,L,-1460,-1460,73,0,0
23,L,-1460,-1460,74,0,0
23,L,-1460,-1460,75,0,0
23,L,-1460,-1460,76,0,0
23,L,-1460,-1460,77,0,0
23,L,-1460,-1460,78,0,0
23,L,-1460,-1460,79,0,0
23,L,-1460,-1460,80,0,0
23,L,-1460,-1460,81,0,0
23,L,-1460,-1460,82,0,0
23,L,-1460,-1460,83,0,0
23,L,-1460,-1460,84,0,0
23,L,-1460,-1460,85,0,0
23,L,-1460,-1460,86,0,0
23,L,-1460,-1460,87,0,0
23,L,-1460,-1460,88,0,0
23,L,-1460,-1460,89,0,0
23,L,-1460,-1460,90,0,0
23,L,-1460,-1460,91,0,0
23,L,-1460,-1460,92,0,0
23,L,-1460,-1460,93,0,0
23,L,-1460,-1460,94,0,0
23,L,-1460,-1460,95,0,0
23,L,-1460,-1460,96,0,0
23,L,-1460,-1460,97,0,0
23,L,-1460,-1460,98,0,0
23,L,-1460,-1460,99,0,0
23,L,-1460,-1460,100,0,0
23,L,-1460,-1460,101,0,0
23,L,-1460,-1460,102,0,0
23,L,-1460,-1460,103,0,0
23,L,-1460,-1460,104,0,0
23,L,-1460,-1460,105,0,0
23,L,-1460,-1460,106,0,0
23,L,-1460,-1460,107,0,0
23,L,-1460,-1460,108,0,0
23,L,-1460,-1460,109,0,0
23,L,-1460,-1460,110,0,0
23,L,-1460,-1460,111,0,0
23,L,-1460,-1460,112,0,0
23,L,-1460,-1460,113,0,0
23,L,-1460,-1460,114,0,0
23,L,-1460,-1460,115,0,0
23,L,-1460,-1460,116,0,0
23,L,-1460,-1460,117,0,0
23,L,-1460,-1460,118,0,0
23,L,-1460,-1460,119,0,0
23,L,-1460,-1460,120,0,0
23,L,-1460,-1460,121,0,0
23,L,-1460,-1460,122,0,0
23,L,-1460,-1460,123,0,0
23,L,-1460,-1460,124,0,0
23,L,-1460,-1460,125,0,0
23,L,-1460,-1460,126,0,0
23,L,-1460,-1460,127,0,0
23,L,-1460,-1460,128,0,0
23,L,-1460,-1460,129,0,0
23,L,-1460,-1460,130,0,0
23,L,-1460,-1460,131,0,0
23,L,-1460,-1460,132,0,0
23,L,-1460,-1460,133,0,0
23,L,-1460,-1460,134,0,0
23,L,-1460,-1460,135,0,0
23,L,-1460,-1460,136,0,0
23,L,-1460,-1460,137,0,0
23,L,-1460,-1460,138,0,0
23,L,-1460,-1460,139,0,0
23,L,-1460,-1460,140,0,0
23,L,-1460,-1460,141,0,0
23,L,-1460,-1460,142,0,0
23,L,-1460,-1460,143,0,0
23,L,-1460,-1460,144,0,0
23,L,-1460,-1460,145,0,0
23,L,-1460,-1460,146,0,0
23,L,-1460,-1460,147,0,0
23,L,-1460,-1460,148,0,0
23,L,-1460,-1460,149,0,0
23,L,-1460,-1460,150,0,0
23,L,-1460,-1460,151,0,0
23,L,-1460,-1460,152,0,0
23,L,-1460,-1460,153,0,0
23,L,-1460,-1460,154,0,0
23,L,-1460,-1460,155,0,0
23,L,-1460,-1460,156,0,0
23,L,-1460,-1460,157,0,0
23,L,-1460,-1460,158,0,0
23,L,-1460,-1460,159,0,0
23,L,-1460,-1460,160,0,0
23,L,-1460,-1460,161,0,0
23,L,-1460,-1460,162,0,0
23,L,-1460,-1460,163,0,0
23,L,-1460,-1460,164,0,0
23,L,-1460,-1460,165,0,0
23,L,-1460,-1460,166,0,0
23,L,-1460,-1460,167,0,0
23,L,-1460,-1460,168,0,0
23,L,-1460,-1460,169,0,0
23,L,-1460,-1460,170,0,0
23,L,-1460,-1460,171,0,0
23,L,-1460,-1460,172,0,0
23,L,-1460,-1460,173,0,0
23,L,-1460,-1460,174,0,0
23,L,-1460,-1460,175,0,0
23,L,-1460,-1460,176,0,0
23,L,-1460,-1460,177,0,0
23,L,-1460,-1460,178,0,0
23,L,-1460,-1460,179,0,0
23,L,-1460,-1460,180,0,0
23,L,-1460,-1460,181,0,0
23,L,-1460,-1460,182,0,0
23,L,-1460,-1460,183,0,0
23,L,-1460,-1460,184,0,0
23,L,-1460,-1460,185,0,0
23,L,-1460,-1460,186,0,0
23,L,-1460,-1460,187,0,0
23,L,-1460,-1460,188,0,0
23,L,-1460,-1460,189,0,0
23,L,-1460,-1460,190,0,0
23,L,-1460,-1460,191,0,0
23,L,-1460,-1460,192,0,0
23,L,-1460,-1460,193,0,0
23,L,-1460,-1460,194,0,0
23,L,-1460,-1460,195,0,0
23,L,-1460,-1460,196,0,0
23,L,-1460,-1460,197,0,0
23,L,-1460,-1460,198,0,0
23,L,-1460,-1460,199,0,0
23,L,-1460,-1460,200,0,0
23,L,-1460,-1460,201,0,0
23,L,-1460,-1460,202,0,0
23,L,-1460,-1460,203,0,0
23,L,-1460,-1460,204,0,0
23,L,-1460,-1460,205,0,0
23,L,-1460,-1460,206,0,0
23,L,-1460,-1460,207,0,0
23,L,-1460,-1460,208,0,0
23,L,-1460,-1460,209,0,0
23,L,-1460,-1460,210,0,0
23,L,-1460,-1460,211,0,0
23,L,-1460,-1460,212,0,0
23,L,-1460,-1460,213,0,0
23,L,-1460,-1460,214,0,0
23,L,-1460,-1460,215,0,0
23,L,-1460,-1460,216,0,0
23,L,-1460,-1460,217,0,0
23,L,-1460,-1460,218,0,0
23,L,-1460,-1460,219,0,0
23,L,-1460,-1460,220,0,0
23,L,-1460,-1460,221,0,0
23,L,-1460,-1460,222,0,0
23,L,-1460,-1460,223,0,0
23,L,-1460,-1460,224,0,0
23,L,-1460,-1460,225,0,0
23,L,-1460,-1460,226,0,0
23,L,-1460,-1460,227,0,0
23,L,-1460,-1460,228,0,0
23,L,-1460,-1460,229,0,0
23,L,-1460,-1460,230,0,0
23,L,-1460,-1460,231,0,0
23,L,-1460,-1460,232,0,0
23,L,-1460,-1460,233,0,0
23,L,-1460,-1460,234,0,0
23,L,-1460,-1460,235,0,0
23,L,-1460,-1460,236,0,0
23,L,-1460,-1460,237,0,0
23,L,-1460,-1460,238,0,0
23,L,-1460,-1460,239,0,0
23,L,-1460,-1460,240,0,0
23,L,-1460,-1460,241,0,0
23,L,-1460,-1460,242,0,0
23,L,-1460,-1460,243,0,0
23,L,-1460,-1460,244,0,0
23,L,-1460,-1460,245,0,0
23,L,-1460,-1460,246,0,0
23,L,-1460,-1460,247,0,0
23,L,-1460,-1460,248,0,0
23,L,-1460,-1460,249,0,0
23,L,-1460,-1460,250,0,0
23,L,-1460,-1460,251,0,0
23,L,-1460,-1460,252,0,0
23,L,-1460,-1460,253,0,0
23,L,-1460,-1460,254,0,0
23,L,-1460,-1460,255,0,0
23,L,-1460,-1460,256,0,0
23,L,-1460,-1460,257,0,0
23,L,-1460,-1460,258,0,0
23,L,-1460,-1460,259,0,0
23,L,-1460,-1460,260,0,0
23,L,-1460,-1460,261,0,0
23,L,-1460,-1460,262,0,0
23,L,-1460,-1460,263,0,0
23,L,-1460,-1460,264,0,0
23,L,-1460,-1460,265,0,0
23,L,-1460,-1460,266,0,0
23,L,-1460,-1460,267,0,0
23,L,-1460,-1460,268,0,0
23,L,-1460,-1460,269,0,0
23,L,-1460,-1460,270,0,0
23,L,-1460,-1460,271,0,0
23,L,-1460,-1460,272,0,0
23,L,-1460,-1460,273,0,0
23,L,-1460,-1460,274,0,0
23,L,-1460,-1460,275,0,0
23,L,-1460,-1460,276,0,0
23,L,-1460,-1460,277,0,0
23,L,-1460,-1460,278,0,0
23,L,-1460,-1460,279,0,0
23,L,-1460,-1460,280,0,0
23,L,-1460,-1460,281,0,0
23,L,-1460,-1460,282,0,0
23,L,-1460,-1460,283,0,0
23,L,-1460,-1460,284,0,0
23,L,-1460,-1460,285,0,0
23,L,-1460,-1460,286,0,0
23,L,-1460,-1460,287,0,0
23,L,-1460,-1460,288,0,0
23,L,-1460,-1460,289,0,0
23,L,-1460,-1460,290,0,0
23,L,-1460,-1460,291,0,0
23,L,-1460,-1460,292,0,0
23,L,-1460,-1460,293,0,0
23,L,-1460,-1460,294,0,0
23,L,-1460,-1460,295,0,0
23,L,-1460,-1460,296,0,0
23,L,-1460,-1460,297,0,0
23,L,-1460,-1460,298,0,0
23,L,-1460,-1460,299,0,0
23,L,-1460,-1460,300,0,0
23,L,-1460,-1460,301,0,0
23,L,-1460,-1460,302,0,0
23,L,-1460,-1460,303,0,0
23,L,-1460,-1460,304,0,0
23,L,-1460,-1460,305,0,0
23,L,-1460,-1460,306,0,0
23,L,-1460,-1460,307,0,0
23,L,-1460,-1460,308,0,0
23,L,-1460,-1460,309,0,0
23,L,-1460,-1460,310,0,0
23,L,-1460,-1460,311,0,0
23,L,-1460,-1460,312,0,0
23,L,-1460,-1460,313,0,0
23,L,-1460,-1460,314,0,0
23,L,-1460,-1460,315,0,0
23,L,-1460,-1460,316,0,0
23,L,-1460,-1460,317,0,0
23,L,-1460,-1460,318,0,0
23,L,-1460,-1460,319,0,0
23,L,-1460,-1460,320,0,0
23,L,-1460,-1460,321,0,0
23,L,-1460,-1460,322,0,0
23,L,-1460,-1460,323,0,0
23,L,-1460,-1460,324,0,0
23,L,-1460,-1460,325,0,0
23,L,-1460,-1460,326,0,0
23,L,-1460,-1460,327,0,0
23,L,-1460,-1460,328,0,0
23,L,-1460,-1460,329,0,0
23,L,-1460,-1460,330,0,0
23,L,-1460,-1460,331,0,0
23,L,-1460,-1460,332,0,0
23,L,-1460,-1460,333,0,0
23,L,-1460,-1460,334,0,0
23,L,-1460,-1460,335,0,0
23,L,-1460,-1460,336,0,0
23,L,-1460,-1460,337,0,0
23,L,-1460,-1460,338,0,0
23,L,-1460,-1460,339,0,0
23,L,-1460,-1460,340,0,0
23,L,-1460,-1460,341,0,0
23,L,-1460,-1460,342,0,0
23,L,-1460,-1460,343,0,0
23,L,-1460,-1460,344,0,0
23,L,-1460,-1460,345,0,0
23,L,-1460,-1460,346,0,0
23,L,-1460,-1460,347,0,0
23,L,-1460,-1460,348,0,0
23,L,-1460,-1460,349,0,0
23,L,-1460,-1460,350,0,0
23,L,-1460,-1460,351,0,0
23,L,-1460,-1460,352,0,0
23,L,-1460,-1460,353,0,0
23,L,-1460,-1460,354,0,0
23,L,-1460,-1460,355,0,0
23,L,-1460,-1460,356,0,0
23,L,-1460,-1460,357,0,0
23,L,-1460,-1460,358,0,0
23,L,-1460,-1460,359,0,0
23,L,-1460,-1460,360,0,0
23,L,-1460,-1460,361,0,0
23,L,-1460,-1460,362,0,0
23,L,-1460,-1460,363,0,0
23,L,-1460,-1460,364,0,0
23,L,-1460,-1460,365,0,0
23,L,-1460,-1460,366,0,0
23,L,-1460,-1460,367,0,0
23,L,-1460,-1460,368,0,0
23,L,-1460,-1460,369,0,0
23,L,-1460,-1460,370,0,0
23,L,-1460,-1460,371,0,0
23,L,-1460,-1460,372,0,0
23,L,-1460,-1460,373,0,0
23,L,-1460,-1460,374,0,0
23,L,-1460,-1460,375,0,0
23,L,-1460,-1460,376,0,0
23,L,-1460,-1460,377,0,0
23,L,-1460,-1460,378,0,0
23,L,-1460,-1460,379,0,0
23,L,-1460,-1460,380,0,0
23,L,-1460,-1460,381,0,0
23,L,-1460,-1460,382,0,0
23,L,-1460,-1460,383,0,0
23,L,-1460,-1460,384,0,0
23,L,-1460,-1460,385,0,0
23,L,-1460,-1460,386,0,0
23,L,-1460,-1460,387,0,0
23,L,-1460,-1460,388,0,0
23,L,-1460,-1460,389,0,0
23,L,-1460,-1460,390,0,0
23,L,-1460,-1460,391,0,0
23,L,-1460,-1460,392,0,0
23,L,-1460,-1460,393,0,0
23,L,-1460,-1460,394,0,0
23,L,-1460,-1460,395,0,0
23,L,-1460,-1460,396,0,0
23,L,-1460,-1460,397,0,0
23,L,-1460,-1460,398,0,0
23,L,-1460,-1460,399,0,0
23,L,-1460,-1460,400,0,0
23,L,-1460,-1460,401,0,0
23,L,-1460,-1460,402,0,0
23,L,-1460,-1460,403,0,0
23,L,-1460,-1460,404,0,0
23,L,-1460,-1460,405,0,0
23,L,-1460,-1460,406,0,0
23,L,-1460,-1460,407,0,0
23,L,-1460,-1460,408,0,0
23,L,-1460,-1460,409,0,0
23,L,-1460,-1460,410,0,0
23,L,-1460,-1460,411,0,0
23,L,-1460,-1460,412,0,0
23,L,-1460,-1460,413,0,0
23,L,-1460,-1460,414,0,0
23,L,-1460,-1460,415,0,0
23,L,-1460,-1460,416,0,0
23,L,-1460,-1460,417,0,0
23,L,-1460,-1460,418,0,0
23,L,-1460,-1460,419,0,0
23,L,-1460,-1460,420,0,0
23,L,-1460,-1460,421,0,0
23,L,-1460,-1460,422,0,0
23,L,-1460,-1460,423,0,0
23,L,-1460,-1460,424,0,0
23,L,-1460,-1460,425,0,0
23,L,-1460,-1460,426,0,0
23,L,-1460,-1460,427,0,0
23,L,-1460,-1460,428,0,0
23,L,-1460,-1460,429,0,0
23,L,-1460,-1460,430,0,0
23,L,-1460,-1460,431,0,0
23,L,-1460,-1460,432,0,0
23,L,-1460,-1460,433,0,0
23,L,-1460,-1460,434,0,0
23,L,-1460,-1460,435,0,0
23,L,-1460,-1460,436,0,0
23,L,-1460,-1460,437,0,0
23,L,-1460,-1460,438,0,0
23,L,-1460,-1460,439,0,0
23,L,-1460,-1460,440,0,0
23,L,-1460,-1460,441,0,0
23,L,-1460,-1460,442,0,0
23,L,-1460,-1460,443,0,0
23,L,-1460,-1460,444,0,0
23,L,-1460,-1460,445,0,0
23,L,-1460,-1460,446,0,0
23,L,-1460,-1460,447,0,0
23,L,-1460,-1460,448,0,0
23,L,-1460,-1460,449,0,0
23,L,-1460,-1460,450,0,0
23,L,-1460,-1460,451,0,0
23,L,-1460,-1460,452,0,0
23,L,-1460,-1460,453,0,0
23,L,-1460,-1460,454,0,0
23,L,-1460,-1460,455,0,0
23,L,-1460,-1460,456,0,0
23,L,-1460,-1460,457,0,0
23,L,-1460,-1460,458,0,0
23,L,-1460,-1460,459,0,0
23,L,-1460,-1460,460,0,0
23,L,-1460,-1460,461,0,0
23,L,-1460,-1460,462,0,0
23,L,-1460,-1460,463,0,0
23,L,-1460,-1460,464,0,0
23,L,-1460,-1460,465,0,0
23,L,-1460,-1460,466,0,0
23,L,-1460,-1460,467,0,0
23,L,-1460,-1460,468,0,0
23,L,-1460,-1460,469,0,0
23,L,-1460,-1460,470,0,0
23,L,-1460,-1460,471,0,0
23,L,-1460,-1460,472,0,0
23,L,-1460,-1460,473,0,0
23,L,-1460,-1460,474,0,0
23,L,-1460,-1460,475,0,0
23,L,-1460,-1460,476,0,0
23,L,-1460,-1460,477,0,0
23,L,-1460,-1460,478,0,0
23,L,-1460,-1460,479,0,0
23,L,-1460,-1460,480,0,0
23,L,-1460,-1460,481,0,0
23,L,-1460,-1460,482,0,0
23,L,-1460,-1460,483,0,0
23,L,-1460,-1460,484,0,0
23,L,-1460,-1460,485,0,0
23,L,-1460,-1460,486,0,0
23,L,-1460,-1460,487,0,0
23,L,-1460,-1460,488,0,0
23,L,-1460,-1460,489,0,0
23,L,-1460,-1460,490,0,0
23,L,-1460,-1460,491,0,0
23,L,-1460,-1460,492,0,0
23,L,-1460,-1460,493,0,0
23,L,-1460,-1460,494,0,0
23,L,-1460,-1460,495,0,0
23,L,-1460,-1460,496,0,0
23,L,-1460,-1460,497,0,0
23,L,-1460,-1460,498,0,0
23,L,-1460,-1460,499,0,0
24,L,-1480,-1480,0,0,0
24,L,-1480,-1480,1,0,0
24,L,-1480,-1480,2,0,0
24,L,-1480,-1480,3,0,0
24,L,-1480,-1480,4,0,0
24,L,-1480,-1480,5,0,0
24,L,-1480,-1480,6,0,0
24,L,-1480,-1480,7,0,0
24,L,-1480,-1480,8,0,0
24,L,-1480,-1480,9,0,0
24,L,-1480,-1480,10,0,0
24,L,-1480,-1480,11,0,0
24,L,-1480,-1480,12,0,0
24,L,-1480,-1480,13,0,0
24,L,-1480,-1480,14,0,0
24,L,-1480,-1480,15,0,0
24,L,-1480,-1480,16,0,0
24,L,-1480,-1480,17,0,0
24,L,-1480,-1480,18,0,0
24,L,-1480,-1480,19,0,0
24,L,-1480,-1480,20,0,0
24,L,-1480,-1480,21,0,0
24,L,-1480,-1480,22,-1,0
24,L,-1480,-1480,23,0,0
24,L,-1480,-1480,24,0,0
24,L,-1480,-1480,25,0,0
24,L,-1480,-1480,26,0,0
24,L,-1480,-1480,27,0,0
24,L,-1480,-1480,28,0,0
24,L,-1480,-1480,29,0,0
24,L,-1480,-1480,30,0,0
24,L,-1480,-1480,31,0,0
24,L,-1480,-1480,32,0,0
24,L,-1480,-1480,33,0,0
24,L,-1480,-1480,34,0,0
24,L,-1480,-1480,35,0,0
24,L,-1480,-1480,36,0,0
24,L,-1480,-1480,37,0,0
24,L,-1480,-1480,38,0,0
24,L,-1480,-1480,39,0,0
24,L,-1480,-1480,40,0,0
24,L,-1480,-1480,41,0,0
24,L,-1480,-1480,42,0,0
24,L,-1480,-1480,43,0,0
24,L,-1480,-1480,44,0,0
24,L,-1480,-1480,45,0,0
24,L,-1480,-1480,46,0,0
24,L,-1480,-1480,47,0,0
24,L,-1480,-1480,48,0,0
24,L,-1480,-1480,49,0,0
24,L,-1480,-1480,50,0,0
24,L,-1480,-1480,51,0,0
24,L,-1480,-1480,52,0,0
24,L,-1480,-1480,53,0,0
24,L,-1480,-1480,54,0,0
24,L,-1480,-1480,55,0,0
24,L,-1480,-1480,56,0,0
24,L,-1480,-1480,57,0,0
24,L,-1480,-1480,58,0,0
24,L,-1480,-1480,59,0,0
24,L,-1480,-1480,60,0,0
24,L,-1480,-1480,61,0,0
24,L,-1480,-1480,62,0,0
24,L,-1480,-1480,63,0,0
24,L,-1480,-1480,64,0,0
24,L,-1480,-1480,65,0,0
24,L,-1480,-1480,66,0,0
24,L,-1480,-1480,67,0,0
24,L,-1480,-1480,68,0,0
24,L,-1480,-1480,69,0,0
24,L,-1480,-1480,70,0,0
24,L,-1480,-1480,71,0,0
24,L,-1480,-1480,72,0,0
24,L,-1480,-1480,73,0,0
24,L,-1480,-1480,74,0,0
24,L,-1480,-1480,75,0,0
24,L,-1480,-1480,76,0,0
24,L,-1480,-1480,77,0,0
24,L,-1480,-1480,78,0,0
24,L,-1480,-1480,79,0,0
24,L,-1480,-1480,80,0,0
24,L,-1480,-1480,81,0,0
24,L,-1480,-1480,82,0,0
24,L,-1480,-1480,83,0,0
24,L,-1480,-1480,84,0,0
24,L,-1480,-1480,85,0,0
24,L,-1480,-1480,86,0,0
24,L,-1480,-1480,87,0,0
24,L,-1480,-1480,88,0,0
24,L,-1480,-1480,89,0,0
24,L,-1480,-1480,90,0,0
24,L,-1480,-1480,91,0,0
24,L,-1480,-1480,92,0,0
24,L,-1480,-1480,93,0,0
24,L,-1480,-1480,94,0,0
24,L,-1480,-1480,95,0,0
24,L,-1480,-1480,96,0,0
24,L,-1480,-1480,97,0,0
24,L,-1480,-1480,98,0,0
24,L,-1480,-1480,99,0,0
24,L,-1480,-1480,100,0,0
24,L,-1480,-1480,101,0,0
24,L,-1480,-1480,102,0,0
24,L,-1480,-1480,103,0,0
24,L,-1480,-1480,104,0,0
24,L,-1480,-1480,105,0,0
24,L,-1480,-1480,106,0,0
24,L,-1480,-1480,107,0,0
24,L,-1480,-1480,108,0,0
24,L,-1480,-1480,109,0,0
24,L,-1480,-1480,110,0,0
24,L,-1480,-1480,111,0,0
24,L,-1480,-1480,112,0,0
24,L,-1480,-1480,113,0,0
24,L,-1480,-1480,114,0,0
24,L,-1480,-1480,115,0,0
24,L,-1480,-1480,116,0,0
24,L,-1480,-1480,117,0,0
24,L,-1480,-1480,118,0,0
24,L,-1480,-1480,119,0,0
24,L,-1480,-1480,120,0,0
24,L,-1480,-1480,121,0,0
24,L,-1480,-1480,122,0,0
24,L,-1480,-1480,123,0,0
24,L,-1480,-1480,124,0,0
24,L,-1480,-1480,125,0,0
24,L,-1480,-1480,126,0,0
24,L,-1480,-1480,127,0,0
24,L,-1480,-1480,128,0,0
24,L,-1480,-1480,129,0,0
24,L,-1480,-1480,130,0,0
24,L,-1480,-1480,131,0,0
24,L,-1480,-1480,132,0,0
24,L,-1480,-1480,133,0,0
24,L,-1480,-1480,134,0,0
24,L,-1480,-1480,135,0,0
24,L,-1480,-1480,136,0,0
24,L,-1480,-1480,137,0,0
24,L,-1480,-1480,138,0,0
24,L,-1480,-1480,139,0,0
24,L,-1480,-1480,140,0,0
24,L,-1480,-1480,141,0,0
24,L,-1480,-1480,142,0,0
24,L,-1480,-1480,143,0,0
24,L,-1480,-1480,144,0,0
24,L,-1480,-1480,145,0,0
24,L,-1480,-1480,146,0,0
24,L,-1480,-1480,147,0,0
24,L,-1480,-1480,148,0,0
24,L,-1480,-1480,149,0,0
24,L,-1480,-1480,150,0,0
24,L,-1480,-1480,151,0,0
24,L,-1480,-1480,152,0,0
24,L,-1480,-1480,153,0,0
24,L,-1480,-1480,154,0,0
24,L,-1480,-1480,155,0,0
24,L,-1480,-1480,156,0,0
24,L,-1480,-1480,157,0,0
24,L,-1480,-1480,158,0,0
24,L,-1480,-1480,159,0,0
24,L,-1480,-1480,160,0,0
24,L,-1480,-1480,161,0,0
24,L,-1480,-1480,162,0,0
24,L,-1480,-1480,163,0,0
24,L,-1480,-1480,164,0,0
24,L,-1480,-1480,165,0,0
24,L,-1480,-1480,166,0,0
24,L,-1480,-1480,167,0,0
24,L,-1480,-1480,168,0,0
24,L,-1480,-1480,169,0,0
24,L,-1480,-1480,170,0,0
24,L,-1480,-1480,171,0,0
24,L,-1480,-1480,172,0,0
24,L,-1480,-1480,173,0,0
24,L,-1480,-1480,174,0,0
24,L,-1480,-1480,175,0,0
24,L,-1480,-1480,176,0,0
24,L,-1480,-1480,177,0,0
24,L,-1480,-1480,178,0,0
24,L,-1480,-1480,179,0,0
24,L,-1480,-1480,180,0,0
24,L,-1480,-1480,181,0,0
24,L,-1480,-1480,182,0,0
24,L,-1480,-1480,183,0,0
24,L,-1480,-1480,184,0,0
24,L,-1480,-1480,185,0,0
24,L,-1480,-1480,186,0,0
24,L,-1480,-1480,187,0,0
24,L,-1480,-1480,188,0,0
24,L,-1480,-1480,189,0,0
24,L,-1480,-1480,190,0,0
24,L,-1480,-1480,191,0,0
24,L,-1480,-1480,192,0,0
24,L,-1480,-1480,193,0,0
24,L,-1480,-1480,194,0,0
24,L,-1480,-1480,195,0,0
24,L,-1480,-1480,196,0,0
24,L,-1480,-1480,197,0,0
24,L,-1480,-1480,198,0,0
24,L,-1480,-1480,199,0,0
24,L,-1480,-1480,200,0,0
24,L,-1480,-1480,201,0,0
24,L,-1480,-1480,202,0,0
24,L,-1480,-1480,203,0,0
24,L,-1480,-1480,204,0,0
24,L,-1480,-1480,205,0,0
24,L,-1480,-1480,206,0,0
24,L,-1480,-1480,207,0,0
24,L,-1480,-1480,208,0,0
24,L,-1480,-1480,209,0,0
24,L,-1480,-1480,210,0,0
24,L,-1480,-1480,211,0,0
24,L,-1480,-1480,212,0,0
24,L,-1480,-1480,213,0,0
24,L,-1480,-1480,214,0,0
24,L,-1480,-1480,215,0,0
24,L,-1480,-1480,216,0,0
24,L,-1480,-1480,217,0,0
24,L,-1480,-1480,218,0,0
24,L,-1480,-1480,219,0,0
24,L,-1480,-1480,220,0,0
24,L,-1480,-1480,221,0,0
24,L,-1480,-1480,222,0,0
24,L,-1480,-1480,223,0,0
24,L,-1480,-1480,224,0,0
24,L,-1480,-1480,225,0,0
24,L,-1480,-1480,226,0,0
24,L,-1480,-1480,227,0,0
24,L,-1480,-1480,228,0,0
24,L,-1480,-1480,229,0,0
24,L,-1480,-1480,230,0,0
24,L,-1480,-1480,231,0,0
24,L,-1480,-1480,232,0,0
24,L,-1480,-1480,233,0,0
24,L,-1480,-1480,234,0,0
24,L,-1480,-1480,235,0,0
24,L,-1480,-1480,236,0,0
24,L,-1480,-1480,237,0,0
24,L,-1480,-1480,238,0,0
24,L,-1480,-1480,239,0,0
24,L,-1480,-1480,240,0,0
24,L,-1480,-1480,241,0,0
24,L,-1480,-1480,242,0,0
24,L,-1480,-1480,243,0,0
24,L,-1480,-1480,244,0,0
24,L,-1480,-1480,245,0,0
24,L,-1480,-1480,246,0,0
24,L,-1480,-1480,247,0,0
24,L,-1480,-1480,248,0,0
24,L,-1480,-1480,249,0,0
24,L,-1480,-1480,250,0,0
24,L,-1480,-1480,251,0,0
24,L,-1480,-1480,252,0,0
24,L,-1480,-1480,253,0,0
24,L,-1480,-1480,254,0,0
24,L,-1480,-1480,255,0,0
24,L,-1480,-1480,256,0,0
24,L,-1480,-1480,257,0,0
24,L,-1480,-1480,258,0,0
24,L,-1480,-1480,259,0,0
24,L,-1480,-1480,260,0,0
24,L,-1480,-1480,261,0,0
24,L,-1480,-1480,262,0,0
24,L,-1480,-1480,263,0,0
24,L,-1480,-1480,264,0,0
24,L,-1480,-1480,265,0,0
24,L,-1480,-1480,266,0,0
24,L,-1480,-1480,267,0,0
24,L,-1480,-1480,268,0,0
24,L,-1480,-1480,269,0,0
24,L,-1480,-1480,270,0,0
24,L,-1480,-1480,271,0,0
24,L,-1480,-1480,272,0,0
24,L,-1480,-1480,273,0,0
24,L,-1480,-1480,274,0,0
24,L,-1480,-1480,275,0,0
24,L,-1480,-1480,276,0,0
24,L,-1480,-1480,277,0,0
24,L,-1480,-1480,278,0,0
24,L,-1480,-1480,279,0,0
24,L,-1480,-1480,280,0,0
24,L,-1480,-1480,281,0,0
24,L,-1480,-1480,282,0,0
24,L,-1480,-1480,283,0,0
24,L,-1480,-1480,284,0,0
24,L,-1480,-1480,285,0,0
24,L,-1480,-1480,286,0,0
24,L,-1480,-1480,287,0,0
24,L,-1480,-1480,288,0,0
24,L,-1480,-1480,289,0,0
24,L,-1480,-1480,290,0,0
24,L,-1480,-1480,291,0,0
24,L,-1480,-1480,292,0,0
24,L,-1480,-1480,293,0,0
24,L,-1480,-1480,294,0,0
24,L,-1480,-1480,295,0,0
24,L,-1480,-1480,296,0,0
24,L,-1480,-1480,297,0,0
24,L,-1480,-1480,298,0,0
24,L,-1480,-1480,299,0,0
24,L,-1480,-1480,300,0,0
24,L,-1480,-1480,301,0,0
24,L,-1480,-1480,302,0,0
24,L,-1480,-1480,303,0,0
24,L,-1480,-1480,304,0,0
24,L,-1480,-1480,305,0,0
24,L,-1480,-1480,306,0,0
24,L,-1480,-1480,307,0,0
24,L,-1480,-1480,308,0,0
24,L,-1480,-1480,309,0,0
24,L,-1480,-1480,310,0,0
24,L,-1480,-1480,311,0,0
24,L,-1480,-1480,312,0,0
24,L,-1480,-1480,313,0,0
24,L,-1480,-1480,314,0,0
24,L,-1480,-1480,315,0,0
24,L,-1480,-1480,316,0,0
24,L,-1480,-1480,317,0,0
24,L,-1480,-1480,318,0,0
24,L,-1480,-1480,319,0,0
24,L,-1480,-1480,320,0,0
24,L,-1480,-1480,321,0,0
24,L,-1480,-1480,322,0,0
24,L,-1480,-1480,323,0,0
24,L,-1480,-1480,324,0,0
24,L,-1480,-1480,325,0,0
24,L,-1480,-1480,326,0,0
24,L,-1480,-1480,327,0,0
24,L,-1480,-1480,328,0,0
24,L,-1480,-1480,329,0,0
24,L,-1480,-1480,330,0,0
24,L,-1480,-1480,331,0,0
24,L,-1480,-1480,332,0,0
24,L,-1480,-1480,333,0,0
24,L,-1480,-1480,334,0,0
24,L,-1480,-1480,335,0,0
24,L,-1480,-1480,336,0,0
24,L,-1480,-1480,337,0,0
24,L,-1480,-1480,338,0,0
24,L,-1480,-1480,339,0,0
24,L,-1480,-1480,340,0,0
24,L,-1480,-1480,341,0,0
24,L,-1480,-1480,342,0,0
24,L,-1480,-1480,343,0,0
24,L,-1480,-1480,344,0,0
24,L,-1480,-1480,345,0,0
24,L,-1480,-1480,346,0,0
24,L,-1480,-1480,347,0,0
24,L,-1480,-1480,348,0,0
24,L,-1480,-1480,349,0,0
24,L,-1480,-1480,350,0,0
24,L,-1480,-1480,351,0,0
24,L,-1480,-1480,352,0,0
24,L,-1480,-1480,353,0,0
24,L,-1480,-1480,354,0,0
24,L,-1480,-1480,355,0,0
24,L,-1480,-1480,356,0,0
24,L,-1480,-1480,357,0,0
24,L,-1480,-1480,358,0,0
24,L,-1480,-1480,359,0,0
24,L,-1480,-1480,360,0,0
24,L,-1480,-1480,361,0,0
24,L,-1480,-1480,362,0,0
24,L,-1480,-1480,363,0,0
24,L,-1480,-1480,364,0,0
24,L,-1480,-1480,365,0,0
24,L,-1480,-1480,366,0,0
24,L,-1480,-1480,367,0,0
24,L,-1480,-1480,368,0,0
24,L,-1480,-1480,369,0,0
24,L,-1480,-1480,370,0,0
24,L,-1480,-1480,371,0,0
24,L,-1480,-1480,372,0,0
24,L,-1480,-1480,373,0,0
24,L,-1480,-1480,374,0,0
24,L,-1480,-1480,375,0,0
24,L,-1480,-1480,376,0,0
24,L,-1480,-1480,377,0,0
24,L,-1480,-1480,378,0,0
24,L,-1480,-1480,379,0,0
24,L,-1480,-1480,380,0,0
24,L,-1480,-1480,381,0,0
24,L,-1480,-1480,382,0,0
24,L,-1480,-1480,383,0,0
24,L,-1480,-1480,384,0,0
24,L,-1480,-1480,385,0,0
24,L,-1480,-1480,386,0,0
24,L,-1480,-1480,387,0,0
24,L,-1480,-1480,388,0,0
24,L,-1480,-1480,389,0,0
24,L,-1480,-1480,390,0,0
24,L,-1480,-1480,391,0,0
24,L,-1480,-1480,392,0,0
24,L,-1480,-1480,393,0,0
24,L,-1480,-1480,394,0,0
24,L,-1480,-1480,395,0,0
24,L,-1480,-1480,396,0,0
24,L,-1480,-1480,397,0,0
24,L,-1480,-1480,398,0,0
24,L,-1480,-1480,399,0,0
24,L,-1480,-1480,400,0,0
24,L,-1480,-1480,401,0,0
24,L,-1480,-1480,402,0,0
24,L,-1480,-1480,403,1,0
24,L,-1480,-1480,404,0,0
24,L,-1480,-1480,405,0,0
24,L,-1480,-1480,406,0,0
24,L,-1480,-1480,407,0,0
24,L,-1480,-1480,408,0,0
24,L,-1480,-1480,409,0,0
24,L,-1480,-1480,410,0,0
24,L,-1480,-1480,411,0,0
24,L,-1480,-1480,412,0,0
24,L,-1480,-1480,413,0,0
24,L,-1480,-1480,414,0,0
24,L,-1480,-1480,415,0,0
24,L,-1480,-1480,416,0,0
24,L,-1480,-1480,417,0,0
24,L,-1480,-1480,418,0,0
24,L,-1480,-1480,419,0,0
24,L,-1480,-1480,420,0,0
24,L,-1480,-1480,421,0,0
24,L,-1480,-1480,422,0,0
24,L,-1480,-1480,423,0,0
24,L,-1480,-1480,424,0,0
24,L,-1480,-1480,425,0,0
24,L,-1480,-1480,426,0,0
24,L,-1480,-1480,427,0,0
24,L,-1480,-1480,428,0,0
24,L,-1480,-1480,429,0,0
24,L,-1480,-1480,430,0,0
24,L,-1480,-1480,431,0,0
24,L,-1480,-1480,432,0,0
24,L,-1480,-1480,433,0,0
24,L,-1480,-1480,434,0,0
24,L,-1480,-1480,435,0,0
24,L,-1480,-1480,436,0,0
24,L,-1480,-1480,437,0,0
24,L,-1480,-1480,438,0,0
24,L,-1480,-1480,439,0,0
24,L,-1480,-1480,440,0,0
24,L,-1480,-1480,441,0,0
24,L,-1480,-1480,442,0,0
24,L,-1480,-1480,443,0,0
24,L,-1480,-1480,444,0,0
24,L,-1480,-1480,445,0,0
24,L,-1480,-1480,446,0,0
24,L,-1480,-1480,447,0,0
24,L,-1480,-1480,448,0,0
24,L,-1480,-1480,449,0,0
24,L,-1480,-1480,450,0,0
24,L,-1480,-1480,451,0,0
24,L,-1480,-1480,452,0,0
24,L,-1480,-1480,453,0,0
24,L,-1480,-1480,454,0,0
24,L,-1480,-1480,455,0,0
24,L,-1480,-1480,456,0,0
24,L,-1480,-1480,457,0,0
24,L,-1480,-1480,458,0,0
24,L,-1480,-1480,459,0,0
24,L,-1480,-1480,460,0,0
24,L,-1480,-1480,461,0,0
24,L,-1480,-1480,462,0,0
24,L,-1480,-1480,463,0,0
24,L,-1480,-1480,464,0,0
24,L,-1480,-1480,465,0,0
24,L,-1480,-1480,466,0,0
24,L,-1480,-1480,467,0,0
24,L,-1480,-1480,468,0,0
24,L,-1480,-1480,469,0,0
24,L,-1480,-1480,470,0,0
24,L,-1480,-1480,471,0,0
24,L,-1480,-1480,472,0,0
24,L,-1480,-1480,473,0,0
24,L,-1480,-1480,474,0,0
24,L,-1480,-1480,475,0,0
24,L,-1480,-1480,476,0,0
24,L,-1480,-1480,477,0,0
24,L,-1480,-1480,478,0,0
24,L,-1480,-1480,479,0,0
24,L,-1480,-1480,480,0,0
24,L,-1480,-1480,481,0,0
24,L,-1480,-1480,482,0,0
24,L,-1480,-1480,483,0,0
24,L,-1480,-1480,484,0,0
24,L,-1480,-1480,485,0,0
24,L,-1480,-1480,486,0,0
24,L,-1480,-1480,487,0,0
24,L,-1480,-1480,488,0,0
24,L,-1480,-1480,489,0,0
24,L,-1480,-1480,490,0,0
24,L,-1480,-1480,491,0,0
24,L,-1480,-1480,492,0,0
24,L,-1480,-1480,493,0,0
24,L,-1480,-1480,494,0,0
24,L,-1480,-1480,495,0,0
24,L,-1480,-1480,496,0,0
24,L,-1480,-1480,497,0,0
24,L,-1480,-1480,498,0,0
24,L,-1480,-1480,499,0,0
25,L,-1500,-1500,0,0,0
25,L,-1500,-1500,1,0,0
25,L,-1500,-1500,2,0,0
25,L,-1500,-1500,3,0,0
25,L,-1500,-1500,4,0,0
25,L,-1500,-1500,5,0,0
25,L,-1500,-1500,6,0,0
25,L,-1500,-1500,7,0,0
25,L,-1500,-1500,8,0,0
25,L,-1500,-1500,9,0,0
25,L,-1500,-1500,10,-1,0
25,L,-1500,-1500,11,0,0
25,L,-1500,-1500,12,0,0
25,L,-1500,-1500,13,0,0
25,L,-1500,-1500,14,0,0
25,L,-1500,-1500,15,0,0
25,L,-1500,-1500,16,-1,0
25,L,-1500,-1500,17,0,0
25,L,-1500,-1500,18,-1,0
25,L,-1500,-1500,19,0,0
25,L,-1500,-1500,20,0,0
25,L,-1500,-1500,21,-1,0
25,L,-1500,-1500,22,0,0
25,L,-1500,-1500,23,-1,0
25,L,-1500,-1500,24,0,0
25,L,-1500,-1500,25,-2,0
25,L,-1500,-1500,26,0,0
25,L,-1500,-1500,27,-1,0
25,L,-1500,-1500,28,-1,0
25,L,-1500,-1500,29,0,0
25,L,-1500,-1500,30,-2,0
25,L,-1500,-1500,31,-1,0
25,L,-1500,-1500,32,0,0
25,L,-1500,-1500,33,-1,0
25,L,-1500,-1500,34,-2,0
25,L,-1500,-1500,35,-1,0
25,L,-1500,-1500,36,0,0
25,L,-1500,-1500,37,-1,0
25,L,-1500,-1500,38,-2,0
25,L,-1500,-1500,39,-1,0
25,L,-1500,-1500,40,-1,0
25,L,-1500,-1500,41,-1,0
25,L,-1500,-1500,42,-1,0
25,L,-1500,-1500,43,-1,0
25,L,-1500,-1500,44,-1,0
25,L,-1500,-1500,45,-2,0
25,L,-1500,-1500,46,-1,0
25,L,-1500,-1500,47,-1,0
25,L,-1500,-1500,48,-2,0
25,L,-1500,-1500,49,-1,0
25,L,-1500,-1500,50,-1,0
25,L,-1500,-1500,51,-2,0
25,L,-1500,-1500,52,-1,0
25,L,-1500,-1500,53,-1,0
25,L,-1500,-1500,54,-2,0
25,L,-1500,-1500,55,-1,0
25,L,-1500,-1500,56,-1,0
25,L,-1500,-1500,57,-2,0
25,L,-1500,-1500,58,-1,0
25,L,-1500,-1500,59,-1,0
25,L,-1500,-1500,60,-2,0
25,L,-1500,-1500,61,-1,0
25,L,-1500,-1500,62,-1,0
25,L,-1500,-1500,63,-2,0
25,L,-1500,-1500,64,-1,0
25,L,-1500,-1500,65,-1,0
25,L,-1500,-1500,66,-2,0
25,L,-1500,-1500,67,-2,0
25,L,-1500,-1500,68,-2,0
25,L,-1500,-1500,69,-1,0
25,L,-1500,-1500,70,-1,0
25,L,-1500,-1500,71,-2,0
25,L,-1500,-1500,72,-1,0
25,L,-1500,-1500,73,-2,0
25,L,-1500,-1500,74,-2,0
25,L,-1500,-1500,75,-1,0
25,L,-1500,-1500,76,-2,0
25,L,-1500,-1500,77,-1,0
25,L,-1500,-1500,78,-2,0
25,L,-1500,-1500,79,-2,0
25,L,-1500,-1500,80,-1,0
25,L,-1500,-1500,81,-2,0
25,L,-1500,-1500,82,-2,0
25,L,-1500,-1500,83,-2,0
25,L,-1500,-1500,84,-1,0
25,L,-1500,-1500,85,-1,0
25,L,-1500,-1500,86,-2,0
25,L,-1500,-1500,87,-2,0
25,L,-1500,-1500,88,-2,0
25,L,-1500,-1500,89,-1,0
25,L,-1500,-1500,90,-2,0
25,L,-1500,-1500,91,-2,0
25,L,-1500,-1500,92,-1,0
25,L,-1500,-1500,93,-2,0
25,L,-1500,-1500,94,-2,0
25,L,-1500,-1500,95,-2,0
25,L,-1500,-1500,96,-1,0
25,L,-1500,-1500,97,-2,0
25,L,-1500,-1500,98,-2,0
25,L,-1500,-1500,99,-1,0
25,L,-1500,-1500,100,-3,0
25,L,-1500,-1500,101,-1,0
25,L,-1500,-1500,102,-2,0
25,L,-1500,-1500,103,-2,0
25,L,-1500,-1500,104,-2,0
25,L,-1500,-1500,105,-1,0
25,L,-1500,-1500,106,-2,0
25,L,-1500,-1500,107,-2,0
25,L,-1500,-1500,108,-1,0
25,L,-1500,-1500,109,-3,0
25,L,-1500,-1500,110,-1,0
25,L,-1500,-1500,111,-2,0
25,L,-1500,-1500,112,-2,0
25,L,-1500,-1500,113,-2,0
25,L,-1500,-1500,114,-1,0
25,L,-1500,-1500,115,-3,0
25,L,-1500,-1500,116,-1,0
25,L,-1500,-1500,117,-2,0
25,L,-1500,-1500,118,-2,0
25,L,-1500,-1500,119,-1,0
25,L,-1500,-1500,120,-3,0
25,L,-1500,-1500,121,-1,0
25,L,-1500,-1500,122,-2,0
25,L,-1500,-1500,123,-2,0
25,L,-1500,-1500,124,-2,0
25,L,-1500,-1500,125,-1,0
25,L,-1500,-1500,126,-3,0
25,L,-1500,-1500,127,-1,0
25,L,-1500,-1500,128,-3,0
25,L,-1500,-1500,129,-1,0
25,L,-1500,-1500,130,-2,0
25,L,-1500,-1500,131,-2,0
25,L,-1500,-1500,132,-1,0
25,L,-1500,-1500,133,-3,0
25,L,-1500,-1500,134,-1,0
25,L,-1500,-1500,135,-3,0
25,L,-1500,-1500,136,-1,0
25,L,-1500,-1500,137,-2,0
25,L,-1500,-1500,138,-2,0
25,L,-1500,-1500,139,-2,0
25,L,-1500,-1500,140,-2,0
25,L,-1500,-1500,141,-2,0
25,L,-1500,-1500,142,-1,0
25,L,-1500,-1500,143,-3,0
25,L,-1500,-1500,144,-1,0
25,L,-1500,-1500,145,-3,0
25,L,-1500,-1500,146,-1,0
25,L,-1500,-1500,147,-2,0
25,L,-1500,-1500,148,-2,0
25,L,-1500,-1500,149,-2,0
25,L,-1500,-1500,150,-2,0
25,L,-1500,-1500,151,-2,0
25,L,-1500,-1500,152,-2,0
25,L,-1500,-1500,153,-2,0
25,L,-1500,-1500,154,-2,0
25,L,-1500,-1500,155,-1,0
25,L,-1500,-1500,156,-3,0
25,L,-1500,-1500,157,-1,0
25,L,-1500,-1500,158,-3,0
25,L,-1500,-1500,159,-1,0
25,L,-1500,-1500,160,-2,0
25,L,-1500,-1500,161,-2,0
25,L,-1500,-1500,162,-2,0
25,L,-1500,-1500,163,-2,0
25,L,-1500,-1500,164,-2,0
25,L,-1500,-1500,165,-2,0
25,L,-1500,-1500,166,-2,0
25,L,-1500,-1500,167,-2,0
25,L,-1500,-1500,168,-2,0
25,L,-1500,-1500,169,-2,0
25,L,-1500,-1500,170,-2,0
25,L,-1500,-1500,171,-2,0
25,L,-1500,-1500,172,-2,0
25,L,-1500,-1500,173,-2,0
25,L,-1500,-1500,174,-2,0
25,L,-1500,-1500,175,-2,0
25,L,-1500,-1500,176,-2,0
25,L,-1500,-1500,177,-2,0
25,L,-1500,-1500,178,-2,0
25,L,-1500,-1500,179,-2,0
25,L,-1500,-1500,180,-2,0
25,L,-1500,-1500,181,-1,0
25,L,-1500,-1500,182,-3,0
25,L,-1500,-1500,183,-1,0
25,L,-1500,-1500,184,-3,0
25,L,-1500,-1500,185,-1,0
25,L,-1500,-1500,186,-3,0
25,L,-1500,-1500,187,-1,0
25,L,-1500,-1500,188,-3,0
25,L,-1500,-1500,189,-1,0
25,L,-1500,-1500,190,-3,0
25,L,-1500,-1500,191,-1,0
25,L,-1500,-1500,192,-3,0
25,L,-1500,-1500,193,-1,0
25,L,-1500,-1500,194,-3,0
25,L,-1500,-1500,195,-1,0
25,L,-1500,-1500,196,-3,0
25,L,-1500,-1500,197,-1,0
25,L,-1500,-1500,198,-3,0
25,L,-1500,-1500,199,-1,0
25,L,-1500,-1500,200,-3,0
25,L,-1500,-1500,201,-1,0
25,L,-1500,-1500,202,-3,0
25,L,-1500,-1500,203,-1,0
25,L,-1500,-1500,204,-3,0
25,L,-1500,-1500,205,-1,0
25,L,-1500,-1500,206,-2,0
25,L,-1500,-1500,207,-2,0
25,L,-1500,-1500,208,-2,0
25,L,-1500,-1500,209,-2,0
25,L,-1500,-1500,210,-2,0
25,L,-1500,-1500,211,-2,0
25,L,-1500,-1500,212,-2,0
25,L,-1500,-1500,213,-2,0
25,L,-1500,-1500,214,-2,0
25,L,-1500,-1500,215,-2,0
25,L,-1500,-1500,216,-2,0
25,L,-1500,-1500,217,-2,0
25,L,-1500,-1500,218,-3,0
25,L,-1500,-1500,219,-1,0
25,L,-1500,-1500,220,-3,0
25,L,-1500,-1500,221,-1,0
25,L,-1500,-1500,222,-3,0
25,L,-1500,-1500,223,-1,0
25,L,-1500,-1500,224,-3,0
25,L,-1500,-1500,225,-1,0
25,L,-1500,-1500,226,-3,0
25,L,-1500,-1500,227,-1,0
25,L,-1500,-1500,228,-2,0
25,L,-1500,-1500,229,-2,0
25,L,-1500,-1500,230,-2,0
25,L,-1500,-1500,231,-2,0
25,L,-1500,-1500,232,-2,0
25,L,-1500,-1500,233,-2,0
25,L,-1500,-1500,234,-2,0
25,L,-1500,-1500,235,-2,0
25,L,-1500,-1500,236,-2,0
25,L,-1500,-1500,237,-2,0
25,L,-1500,-1500,238,-3,0
25,L,-1500,-1500,239,-1,0
25,L,-1500,-1500,240,-3,0
25,L,-1500,-1500,241,-1,0
25,L,-1500,-1500,242,-3,0
25,L,-1500,-1500,243,-1,0
25,L,-1500,-1500,244,-3,0
25,L,-1500,-1500,245,-1,0
25,L,-1500,-1500,246,-3,0
25,L,-1500,-1500,247,-1,0
25,L,-1500,-1500,248,-3,0
25,L,-1500,-1500,249,-1,0
25,L,-1500,-1500,250,-3,0
25,L,-1500,-1500,251,-1,0
25,L,-1500,-1500,252,-3,0
25,L,-1500,-1500,253,-1,0
25,L,-1500,-1500,254,-3,0
25,L,-1500,-1500,255,-1,0
25,L,-1500,-1500,256,-3,0
25,L,-1500,-1500,257,-1,0
25,L,-1500,-1500,258,-3,0
25,L,-1500,-1500,259,-1,0
25,L,-1500,-1500,260,-3,0
25,L,-1500,-1500,261,-1,0
25,L,-1500,-1500,262,-3,0
25,L,-1500,-1500,263,-1,0
25,L,-1500,-1500,264,-3,0
25,L,-1500,-1500,265,-2,0
25,L,-1500,-1500,266,-2,0
25,L,-1500,-1500,267,-2,0
25,L,-1500,-1500,268,-2,0
25,L,-1500,-1500,269,-2,0
25,L,-1500,-1500,270,-2,0
25,L,-1500,-1500,271,-1,0
25,L,-1500,-1500,272,-3,0
25,L,-1500,-1500,273,-2,0
25,L,-1500,-1500,274,-2,0
25,L,-1500,-1500,275,-2,0
25,L,-1500,-1500,276,-2,0
25,L,-1500,-1500,277,-2,0
25,L,-1500,-1500,278,-2,0
25,L,-1500,-1500,279,-2,0
25,L,-1500,-1500,280,-2,0
25,L,-1500,-1500,281,-2,0
25,L,-1500,-1500,282,-2,0
25,L,-1500,-1500,283,-2,0
25,L,-1500,-1500,284,-2,0
25,L,-1500,-1500,285,-2,0
25,L,-1500,-1500,286,-2,0
25,L,-1500,-1500,287,-2,0
25,L,-1500,-1500,288,-2,0
25,L,-1500,-1500,289,-2,0
25,L,-1500,-1500,290,-2,0
25,L,-1500,-1500,291,-2,0
25,L,-1500,-1500,292,-2,0
25,L,-1500,-1500,293,-2,0
25,L,-1500,-1500,294,-2,0
25,L,-1500,-1500,295,-2,0
25,L,-1500,-1500,296,-2,0
25,L,-1500,-1500,297,-2,0
25,L,-1500,-1500,298,-2,0
25,L,-1500,-1500,299,-2,0
25,L,-1500,-1500,300,-2,0
25,L,-1500,-1500,301,-2,0
25,L,-1500,-1500,302,-2,0
25,L,-1500,-1500,303,-2,0
25,L,-1500,-1500,304,-2,0
25,L,-1500,-1500,305,-2,0
25,L,-1500,-1500,306,-2,0
25,L,-1500,-1500,307,-2,0
25,L,-1500,-1500,308,-2,0
25,L,-1500,-1500,309,-2,0
25,L,-1500,-1500,310,-2,0
25,L,-1500,-1500,311,-2,0
25,L,-1500,-1500,312,-2,0
25,L,-1500,-1500,313,-2,0
25,L,-1500,-1500,314,-2,0
25,L,-1500,-1500,315,-2,0
25,L,-1500,-1500,316,-2,0
25,L,-1500,-1500,317,-2,0
25,L,-1500,-1500,318,-3,0
25,L,-1500,-1500,319,-1,0
25,L,-1500,-1500,320,-3,0
25,L,-1500,-1500,321,-1,0
25,L,-1500,-1500,322,-3,0
25,L,-1500,-1500,323,-1,0
25,L,-1500,-1500,324,-3,0
25,L,-1500,-1500,325,-1,0
25,L,-1500,-1500,326,-3,0
25,L,-1500,-1500,327,-1,0
25,L,-1500,-1500,328,-3,0
25,L,-1500,-1500,329,-2,0
25,L,-1500,-1500,330,-2,0
25,L,-1500,-1500,331,-2,0
25,L,-1500,-1500,332,-2,0
25,L,-1500,-1500,333,-1,0
25,L,-1500,-1500,334,-3,0
25,L,-1500,-1500,335,-2,0
25,L,-1500,-1500,336,-2,0
25,L,-1500,-1500,337,-1,0
25,L,-1500,-1500,338,-3,0
25,L,-1500,-1500,339,-2,0
25,L,-1500,-1500,340,-2,0
25,L,-1500,-1500,341,-2,0
25,L,-1500,-1500,342,-2,0
25,L,-1500,-1500,343,-2,0
25,L,-1500,-1500,344,-2,0
25,L,-1500,-1500,345,-2,0
25,L,-1500,-1500,346,-2,0
25,L,-1500,-1500,347,-2,0
25,L,-1500,-1500,348,-2,0
25,L,-1500,-1500,349,-3,0
25,L,-1500,-1500,350,-1,0
25,L,-1500,-1500,351,-3,0
25,L,-1500,-1500,352,-1,0
25,L,-1500,-1500,353,-3,0
25,L,-1500,-1500,354,-1,0
25,L,-1500,-1500,355,-3,0
25,L,-1500,-1500,356,-1,0
25,L,-1500,-1500,357,-3,0
25,L,-1500,-1500,358,-1,0
25,L,-1500,-1500,359,-3,0
25,L,-1500,-1500,360,-1,0
25,L,-1500,-1500,361,-3,0
25,L,-1500,-1500,362,-1,0
25,L,-1500,-1500,363,-3,0
25,L,-1500,-1500,364,-1,0
25,L,-1500,-1500,365,-3,0
25,L,-1500,-1500,366,-1,0
25,L,-1500,-1500,367,-3,0
25,L,-1500,-1500,368,-1,0
25,L,-1500,-1500,369,-3,0
25,L,-1500,-1500,370,-2,0
25,L,-1500,-1500,371,-2,0
25,L,-1500,-1500,372,-2,0
25,L,-1500,-1500,373,-2,0
25,L,-1500,-1500,374,-2,0
25,L,-1500,-1500,375,-2,0
25,L,-1500,-1500,376,-2,0
25,L,-1500,-1500,377,-2,0
25,L,-1500,-1500,378,-2,0
25,L,-1500,-1500,379,-2,0
25,L,-1500,-1500,380,-2,0
25,L,-1500,-1500,381,-2,0
25,L,-1500,-1500,382,-2,0
25,L,-1500,-1500,383,-2,0
25,L,-1500,-1500,384,-2,0
25,L,-1500,-1500,385,-2,0
25,L,-1500,-1500,386,-2,0
25,L,-1500,-1500,387,-2,0
25,L,-1500,-1500,388,-2,0
25,L,-1500,-1500,389,-2,0
25,L,-1500,-1500,390,-2,0
25,L,-1500,-1500,391,-2,0
25,L,-1500,-1500,392,-2,0
25,L,-1500,-1500,393,-3,0
25,L,-1500,-1500,394,-1,0
25,L,-1500,-1500,395,-3,0
25,L,-1500,-1500,396,-1,0
25,L,-1500,-1500,397,-3,0
25,L,-1500,-1500,398,-1,0
25,L,-1500,-1500,399,-3,0
25,L,-1500,-1500,400,-1,0
25,L,-1500,-1500,401,-3,0
25,L,-1500,-1500,402,-1,0
25,L,-1500,-1500,403,-2,0
25,L,-1500,-1500,404,-2,0
25,L,-1500,-1500,405,-2,0
25,L,-1500,-1500,406,-1,0
25,L,-1500,-1500,407,-3,0
25,L,-1500,-1500,408,-1,0
25,L,-1500,-1500,409,-1,0
25,L,-1500,-1500,410,-2,0
25,L,-1500,-1500,411,-1,0
25,L,-1500,-1500,412,-1,0
25,L,-1500,-1500,413,-2,0
25,L,-1500,-1500,414,-1,0
25,L,-1500,-1500,415,-1,0
25,L,-1500,-1500,416,-2,0
25,L,-1500,-1500,417,-1,0
25,L,-1500,-1500,418,-1,0
25,L,-1500,-1500,419,0,0
25,L,-1500,-1500,420,-2,0
25,L,-1500,-1500,421,-1,0
25,L,-1500,-1500,422,0,0
25,L,-1500,-1500,423,-1,0
25,L,-1500,-1500,424,0,0
25,L,-1500,-1500,425,-2,0
25,L,-1500,-1500,426,0,0
25,L,-1500,-1500,427,-1,0
25,L,-1500,-1500,428,0,0
25,L,-1500,-1500,429,-1,0
25,L,-1500,-1500,430,0,0
25,L,-1500,-1500,431,0,0
25,L,-1500,-1500,432,-1,0
25,L,-1500,-1500,433,0,0
25,L,-1500,-1500,434,-1,0
25,L,-1500,-1500,435,0,0
25,L,-1500,-1500,436,0,0
25,L,-1500,-1500,437,0,0
25,L,-1500,-1500,438,0,0
25,L,-1500,-1500,439,0,0
25,L,-1500,-1500,440,0,0
25,L,-1500,-1500,441,1,0
25,L,-1500,-1500,442,0,0
25,L,-1500,-1500,443,0,0
25,L,-1500,-1500,444,0,0
25,L,-1500,-1500,445,0,0
25,L,-1500,-1500,446,0,0
25,L,-1500,-1500,447,0,0
25,L,-1500,-1500,448,0,0
25,L,-1500,-1500,449,0,0
25,L,-1500,-1500,450,0,0
25,L,-1500,-1500,451,0,0
25,L,-1500,-1500,452,0,0
25,L,-1500,-1500,453,0,0
25,L,-1500,-1500,454,0,0
25,L,-1500,-1500,455,0,0
25,L,-1500,-1500,456,0,0
25,L,-1500,-1500,457,0,0
25,L,-1500,-1500,458,0,0
25,L,-1500,-1500,459,0,0
25,L,-1500,-1500,460,0,0
25,L,-1500,-1500,461,0,0
25,L,-1500,-1500,462,0,0
25,L,-1500,-1500,463,0,0
25,L,-1500,-1500,464,0,0
25,L,-1500,-1500,465,0,0
25,L,-1500,-1500,466,0,0
25,L,-1500,-1500,467,0,0
25,L,-1500,-1500,468,0,0
25,L,-1500,-1500,469,0,0
25,L,-1500,-1500,470,0,0
25,L,-1500,-1500,471,0,0
25,L,-1500,-1500,472,0,0
25,L,-1500,-1500,473,0,0
25,L,-1500,-1500,474,0,0
25,L,-1500,-1500,475,0,0
25,L,-1500,-1500,476,0,0
25,L,-1500,-1500,477,0,0
25,L,-1500,-1500,478,0,0
25,L,-1500,-1500,479,0,0
25,L,-1500,-1500,480,0,0
25,L,-1500,-1500,481,0,0
25,L,-1500,-1500,482,0,0
25,L,-1500,-1500,483,0,0
25,L,-1500,-1500,484,0,0
25,L,-1500,-1500,485,0,0
25,L,-1500,-1500,486,0,0
25,L,-1500,-1500,487,0,0
25,L,-1500,-1500,488,0,0
25,L,-1500,-1500,489,0,0
25,L,-1500,-1500,490,0,0
25,L,-1500,-1500,491,0,0
25,L,-1500,-1500,492,0,0
25,L,-1500,-1500,493,0,0
25,L,-1500,-1500,494,0,0
25,L,-1500,-1500,495,0,0
25,L,-1500,-1500,496,0,0
25,L,-1500,-1500,497,0,0
25,L,-1500,-1500,498,0,0
25,L,-1500,-1500,499,0,0
26,L,-1520,-1520,0,0,0
26,L,-1520,-1520,1,-1,0
26,L,-1520,-1520,2,0,0
26,L,-1520,-1520,3,0,0
26,L,-1520,-1520,4,-1,0
26,L,-1520,-1520,5,0,0
26,L,-1520,-1520,6,0,0
26,L,-1520,-1520,7,0,0
26,L,-1520,-1520,8,-1,0
26,L,-1520,-1520,9,0,0
26,L,-1520,-1520,10,0,0
26,L,-1520,-1520,11,-1,0
26,L,-1520,-1520,12,0,0
26,L,-1520,-1520,13,-1,0
26,L,-1520,-1520,14,-1,0
26,L,-1520,-1520,15,-1,0
26,L,-1520,-1520,16,0,0
26,L,-1520,-1520,17,-1,0
26,L,-1520,-1520,18,-1,0
26,L,-1520,-1520,19,-1,0
26,L,-1520,-1520,20,-1,0
26,L,-1520,-1520,21,-1,0
26,L,-1520,-1520,22,-1,0
26,L,-1520,-1520,23,-1,0
26,L,-1520,-1520,24,-1,0
26,L,-1520,-1520,25,-1,0
26,L,-1520,-1520,26,-2,0
26,L,-1520,-1520,27,-1,0
26,L,-1520,-1520,28,-1,0
26,L,-1520,-1520,29,-2,0
26,L,-1520,-1520,30,-1,0
26,L,-1520,-1520,31,-1,0
26,L,-1520,-1520,32,-2,0
26,L,-1520,-1520,33,-1,0
26,L,-1520,-1520,34,-1,0
26,L,-1520,-1520,35,-2,0
26,L,-1520,-1520,36,-1,0
26,L,-1520,-1520,37,-2,0
26,L,-1520,-1520,38,-2,0
26,L,-1520,-1520,39,-1,0
26,L,-1520,-1520,40,-2,0
26,L,-1520,-1520,41,-1,0
26,L,-1520,-1520,42,-3,0
26,L,-1520,-1520,43,-1,0
26,L,-1520,-1520,44,-1,0
26,L,-1520,-1520,45,-2,0
26,L,-1520,-1520,46,-2,0
26,L,-1520,-1520,47,-2,0
26,L,-1520,-1520,48,-1,0
26,L,-1520,-1520,49,-3,0
26,L,-1520,-1520,50,-1,0
26,L,-1520,-1520,51,-1,0
26,L,-1520,-1520,52,-3,0
26,L,-1520,-1520,53,-1,0
26,L,-1520,-1520,54,-2,0
26,L,-1520,-1520,55,-2,0
26,L,-1520,-1520,56,-2,0
26,L,-1520,-1520,57,-2,0
26,L,-1520,-1520,58,-2,0
26,L,-1520,-1520,59,-2,0
26,L,-1520,-1520,60,-2,0
26,L,-1520,-1520,61,-2,0
26,L,-1520,-1520,62,-2,0
26,L,-1520,-1520,63,-2,0
26,L,-1520,-1520,64,-2,0
26,L,-1520,-1520,65,-2,0
26,L,-1520,-1520,66,-2,0
26,L,-1520,-1520,67,-2,0
26,L,-1520,-1520,68,-2,0
26,L,-1520,-1520,69,-2,0
26,L,-1520,-1520,70,-2,0
26,L,-1520,-1520,71,-2,0
26,L,-1520,-1520,72,-2,0
26,L,-1520,-1520,73,-2,0
26,L,-1520,-1520,74,-3,0
26,L,-1520,-1520,75,-1,0
26,L,-1520,-1520,76,-3,0
26,L,-1520,-1520,77,-2,0
26,L,-1520,-1520,78,-2,0
26,L,-1520,-1520,79,-2,0
26,L,-1520,-1520,80,-2,0
26,L,-1520,-1520,81,-3,0
26,L,-1520,-1520,82,-2,0
26,L,-1520,-1520,83,-2,0
26,L,-1520,-1520,84,-2,0
26,L,-1520,-1520,85,-3,0
26,L,-1520,-1520,86,-1,0
26,L,-1520,-1520,87,-3,0
26,L,-1520,-1520,88,-2,0
26,L,-1520,-1520,89,-2,0
26,L,-1520,-1520,90,-3,0
26,L,-1520,-1520,91,-2,0
26,L,-1520,-1520,92,-2,0
26,L,-1520,-1520,93,-2,0
26,L,-1520,-1520,94,-3,0
26,L,-1520,-1520,95,-1,0
26,L,-1520,-1520,96,-3,0
26,L,-1520,-1520,97,-3,0
26,L,-1520,-1520,98,-1,0
26,L,-1520,-1520,99,-3,0
26,L,-1520,-1520,100,-2,0
26,L,-1520,-1520,101,-3,0
26,L,-1520,-1520,102,-2,0
26,L,-1520,-1520,103,-2,0
26,L,-1520,-1520,104,-3,0
26,L,-1520,-1520,105,-2,0
26,L,-1520,-1520,106,-2,0
26,L,-1520,-1520,107,-2,0
26,L,-1520,-1520,108,-3,0
26,L,-1520,-1520,109,-2,0
26,L,-1520,-1520,110,-2,0
26,L,-1520,-1520,111,-3,0
26,L,-1520,-1520,112,-2,0
26,L,-1520,-1520,113,-3,0
26,L,-1520,-1520,114,-2,0
26,L,-1520,-1520,115,-2,0
26,L,-1520,-1520,116,-3,0
26,L,-1520,-1520,117,-2,0
26,L,-1520,-1520,118,-3,0
26,L,-1520,-1520,119,-2,0
26,L,-1520,-1520,120,-2,0
26,L,-1520,-1520,121,-3,0
26,L,-1520,-1520,122,-2,0
26,L,-1520,-1520,123,-3,0
26,L,-1520,-1520,124,-2,0
26,L,-1520,-1520,125,-2,0
26,L,-1520,-1520,126,-3,0
26,L,-1520,-1520,127,-2,0
26,L,-1520,-1520,128,-3,0
26,L,-1520,-1520,129,-2,0
26,L,-1520,-1520,130,-2,0
26,L,-1520,-1520,131,-3,0
26,L,-1520,-1520,132,-2,0
26,L,-1520,-1520,133,-3,0
26,L,-1520,-1520,134,-2,0
26,L,-1520,-1520,135,-2,0
26,L,-1520,-1520,136,-3,0
26,L,-1520,-1520,137,-2,0
26,L,-1520,-1520,138,-3,0
26,L,-1520,-1520,139,-3,0
26,L,-1520,-1520,140,-2,0
26,L,-1520,-1520,141,-3,0
26,L,-1520,-1520,142,-2,0
26,L,-1520,-1520,143,-2,0
26,L,-1520,-1520,144,-3,0
26,L,-1520,-1520,145,-2,0
26,L,-1520,-1520,146,-3,0
26,L,-1520,-1520,147,-3,0
26,L,-1520,-1520,148,-2,0
26,L,-1520,-1520,149,-2,0
26,L,-1520,-1520,150,-2,0
26,L,-1520,-1520,151,-3,0
26,L,-1520,-1520,152,-3,0
26,L,-1520,-1520,153,-2,0
26,L,-1520,-1520,154,-3,0
26,L,-1520,-1520,155,-2,0
26,L,-1520,-1520,156,-2,0
26,L,-1520,-1520,157,-3,0
26,L,-1520,-1520,158,-2,0
26,L,-1520,-1520,159,-3,0
26,L,-1520,-1520,160,-3,0
26,L,-1520,-1520,161,-2,0
26,L,-1520,-1520,162,-3,0
26,L,-1520,-1520,163,-3,0
26,L,-1520,-1520,164,-2,0
26,L,-1520,-1520,165,-2,0
26,L,-1520,-1520,166,-2,0
26,L,-1520,-1520,167,-3,0
26,L,-1520,-1520,168,-3,0
26,L,-1520,-1520,169,-2,0
26,L,-1520,-1520,170,-3,0
26,L,-1520,-1520,171,-3,0
26,L,-1520,-1520,172,-2,0
26,L,-1520,-1520,173,-3,0
26,L,-1520,-1520,174,-2,0
26,L,-1520,-1520,175,-2,0
26,L,-1520,-1520,176,-3,0
26,L,-1520,-1520,177,-2,0
26,L,-1520,-1520,178,-3,0
26,L,-1520,-1520,179,-3,0
26,L,-1520,-1520,180,-2,0
26,L,-1520,-1520,181,-3,0
26,L,-1520,-1520,182,-3,0
26,L,-1520,-1520,183,-2,0
26,L,-1520,-1520,184,-3,0
26,L,-1520,-1520,185,-2,0
26,L,-1520,-1520,186,-2,0
26,L,-1520,-1520,187,-3,0
26,L,-1520,-1520,188,-2,0
26,L,-1520,-1520,189,-3,0
26,L,-1520,-1520,190,-3,0
26,L,-1520,-1520,191,-2,0
26,L,-1520,-1520,192,-3,0
26,L,-1520,-1520,193,-3,0
26,L,-1520,-1520,194,-2,0
26,L,-1520,-1520,195,-3,0
26,L,-1520,-1520,196,-2,0
26,L,-1520,-1520,197,-3,0
26,L,-1520,-1520,198,-2,0
26,L,-1520,-1520,199,-2,0
26,L,-1520,-1520,200,-3,0
26,L,-1520,-1520,201,-3,0
26,L,-1520,-1520,202,-2,0
26,L,-1520,-1520,203,-3,0
26,L,-1520,-1520,204,-3,0
26,L,-1520,-1520,205,-2,0
26,L,-1520,-1520,206,-3,0
26,L,-1520,-1520,207,-3,0
26,L,-1520,-1520,208,-2,0
26,L,-1520,-1520,209,-3,0
26,L,-1520,-1520,210,-2,0
26,L,-1520,-1520,211,-2,0
26,L,-1520,-1520,212,-3,0
26,L,-1520,-1520,213,-2,0
26,L,-1520,-1520,214,-3,0
26,L,-1520,-1520,215,-3,0
26,L,-1520,-1520,216,-2,0
26,L,-1520,-1520,217,-3,0
26,L,-1520,-1520,218,-3,0
26,L,-1520,-1520,219,-2,0
26,L,-1520,-1520,220,-3,0
26,L,-1520,-1520,221,-3,0
26,L,-1520,-1520,222,-2,0
26,L,-1520,-1520,223,-3,0
26,L,-1520,-1520,224,-2,0
26,L,-1520,-1520,225,-2,0
26,L,-1520,-1520,226,-3,0
26,L,-1520,-1520,227,-3,0
26,L,-1520,-1520,228,-2,0
26,L,-1520,-1520,229,-3,0
26,L,-1520,-1520,230,-2,0
26,L,-1520,-1520,231,-3,0
26,L,-1520,-1520,232,-3,0
26,L,-1520,-1520,233,-2,0
26,L,-1520,-1520,234,-3,0
26,L,-1520,-1520,235,-3,0
26,L,-1520,-1520,236,-2,0
26,L,-1520,-1520,237,-3,0
26,L,-1520,-1520,238,-3,0
26,L,-1520,-1520,239,-2,0
26,L,-1520,-1520,240,-3,0
26,L,-1520,-1520,241,-2,0
26,L,-1520,-1520,242,-2,0
26,L,-1520,-1520,243,-3,0
26,L,-1520,-1520,244,-3,0
26,L,-1520,-1520,245,-2,0
26,L,-1520,-1520,246,-3,0
26,L,-1520,-1520,247,-2,0
26,L,-1520,-1520,248,-3,0
26,L,-1520,-1520,249,-3,0
26,L,-1520,-1520,250,-2,0
26,L,-1520,-1520,251,-3,0
26,L,-1520,-1520,252,-3,0
26,L,-1520,-1520,253,-2,0
26,L,-1520,-1520,254,-3,0
26,L,-1520,-1520,255,-3,0
26,L,-1520,-1520,256,-2,0
26,L,-1520,-1520,257,-3,0
26,L,-1520,-1520,258,-2,0
26,L,-1520,-1520,259,-3,0
26,L,-1520,-1520,260,-3,0
26,L,-1520,-1520,261,-2,0
26,L,-1520,-1520,262,-3,0
26,L,-1520,-1520,263,-2,0
26,L,-1520,-1520,264,-3,0
26,L,-1520,-1520,265,-2,0
26,L,-1520,-1520,266,-3,0
26,L,-1520,-1520,267,-2,0
26,L,-1520,-1520,268,-3,0
26,L,-1520,-1520,269,-3,0
26,L,-1520,-1520,270,-2,0
26,L,-1520,-1520,271,-3,0
26,L,-1520,-1520,272,-3,0
26,L,-1520,-1520,273,-2,0
26,L,-1520,-1520,274,-3,0
26,L,-1520,-1520,275,-3,0
26,L,-1520,-1520,276,-2,0
26,L,-1520,-1520,277,-3,0
26,L,-1520,-1520,278,-3,0
26,L,-1520,-1520,279,-2,0
26,L,-1520,-1520,280,-3,0
26,L,-1520,-1520,281,-2,0
26,L,-1520,-1520,282,-3,0
26,L,-1520,-1520,283,-2,0
26,L,-1520,-1520,284,-2,0
26,L,-1520,-1520,285,-3,0
26,L,-1520,-1520,286,-3,0
26,L,-1520,-1520,287,-2,0
26,L,-1520,-1520,288,-3,0
26,L,-1520,-1520,289,-3,0
26,L,-1520,-1520,290,-2,0
26,L,-1520,-1520,291,-3,0
26,L,-1520,-1520,292,-3,0
26,L,-1520,-1520,293,-2,0
26,L,-1520,-1520,294,-3,0
26,L,-1520,-1520,295,-3,0
26,L,-1520,-1520,296,-2,0
26,L,-1520,-1520,297,-3,0
26,L,-1520,-1520,298,-3,0
26,L,-1520,-1520,299,-2,0
26,L,-1520,-1520,300,-2,0
26,L,-1520,-1520,301,-3,0
26,L,-1520,-1520,302,-2,0
26,L,-1520,-1520,303,-3,0
26,L,-1520,-1520,304,-2,0
26,L,-1520,-1520,305,-3,0
26,L,-1520,-1520,306,-3,0
26,L,-1520,-1520,307,-2,0
26,L,-1520,-1520,308,-3,0
26,L,-1520,-1520,309,-3,0
26,L,-1520,-1520,310,-2,0
26,L,-1520,-1520,311,-3,0
26,L,-1520,-1520,312,-3,0
26,L,-1520,-1520,313,-2,0
26,L,-1520,-1520,314,-3,0
26,L,-1520,-1520,315,-3,0
26,L,-1520,-1520,316,-2,0
26,L,-1520,-1520,317,-3,0
26,L,-1520,-1520,318,-2,0
26,L,-1520,-1520,319,-3,0
26,L,-1520,-1520,320,-2,0
26,L,-1520,-1520,321,-2,0
26,L,-1520,-1520,322,-3,0
26,L,-1520,-1520,323,-3,0
26,L,-1520,-1520,324,-2,0
26,L,-1520,-1520,325,-3,0
26,L,-1520,-1520,326,-3,0
26,L,-1520,-1520,327,-2,0
26,L,-1520,-1520,328,-3,0
26,L,-1520,-1520,329,-3,0
26,L,-1520,-1520,330,-2,0
26,L,-1520,-1520,331,-3,0
26,L,-1520,-1520,332,-3,0
26,L,-1520,-1520,333,-2,0
26,L,-1520,-1520,334,-3,0
26,L,-1520,-1520,335,-2,0
26,L,-1520,-1520,336,-3,0
26,L,-1520,-1520,337,-2,0
26,L,-1520,-1520,338,-2,0
26,L,-1520,-1520,339,-3,0
26,L,-1520,-1520,340,-3,0
26,L,-1520,-1520,341,-2,0
26,L,-1520,-1520,342,-3,0
26,L,-1520,-1520,343,-3,0
26,L,-1520,-1520,344,-2,0
26,L,-1520,-1520,345,-3,0
26,L,-1520,-1520,346,-3,0
26,L,-1520,-1520,347,-2,0
26,L,-1520,-1520,348,-3,0
26,L,-1520,-1520,349,-3,0
26,L,-1520,-1520,350,-2,0
26,L,-1520,-1520,351,-3,0
26,L,-1520,-1520,352,-2,0
26,L,-1520,-1520,353,-3,0
26,L,-1520,-1520,354,-2,0
26,L,-1520,-1520,355,-2,0
26,L,-1520,-1520,356,-3,0
26,L,-1520,-1520,357,-3,0
26,L,-1520,-1520,358,-2,0
26,L,-1520,-1520,359,-3,0
26,L,-1520,-1520,360,-3,0
26,L,-1520,-1520,361,-2,0
26,L,-1520,-1520,362,-3,0
26,L,-1520,-1520,363,-3,0
26,L,-1520,-1520,364,-2,0
26,L,-1520,-1520,365,-3,0
26,L,-1520,-1520,366,-3,0
26,L,-1520,-1520,367,-2,0
26,L,-1520,-1520,368,-2,0
26,L,-1520,-1520,369,-2,0
26,L,-1520,-1520,370,-3,0
26,L,-1520,-1520,371,-3,0
26,L,-1520,-1520,372,-2,0
26,L,-1520,-1520,373,-3,0
26,L,-1520,-1520,374,-3,0
26,L,-1520,-1520,375,-2,0
26,L,-1520,-1520,376,-3,0
26,L,-1520,-1520,377,-3,0
26,L,-1520,-1520,378,-2,0
26,L,-1520,-1520,379,-3,0
26,L,-1520,-1520,380,-2,0
26,L,-1520,-1520,381,-3,0
26,L,-1520,-1520,382,-2,0
26,L,-1520,-1520,383,-2,0
26,L,-1520,-1520,384,-3,0
26,L,-1520,-1520,385,-3,0
26,L,-1520,-1520,386,-2,0
26,L,-1520,-1520,387,-3,0
26,L,-1520,-1520,388,-3,0
26,L,-1520,-1520,389,-2,0
26,L,-1520,-1520,390,-3,0
26,L,-1520,-1520,391,-3,0
26,L,-1520,-1520,392,-2,0
26,L,-1520,-1520,393,-3,0
26,L,-1520,-1520,394,-2,0
26,L,-1520,-1520,395,-2,0
26,L,-1520,-1520,396,-3,0
26,L,-1520,-1520,397,-2,0
26,L,-1520,-1520,398,-3,0
26,L,-1520,-1520,399,-3,0
26,L,-1520,-1520,400,-2,0
26,L,-1520,-1520,401,-3,0
26,L,-1520,-1520,402,-3,0
26,L,-1520,-1520,403,-2,0
26,L,-1520,-1520,404,-2,0
26,L,-1520,-1520,405,-2,0
26,L,-1520,-1520,406,-3,0
26,L,-1520,-1520,407,-1,0
26,L,-1520,-1520,408,-3,0
26,L,-1520,-1520,409,-2,0
26,L,-1520,-1520,410,-2,0
26,L,-1520,-1520,411,-2,0
26,L,-1520,-1520,412,-2,0
26,L,-1520,-1520,413,-1,0
26,L,-1520,-1520,414,-3,0
26,L,-1520,-1520,415,-1,0
26,L,-1520,-1520,416,-2,0
26,L,-1520,-1520,417,-1,0
26,L,-1520,-1520,418,-2,0
26,L,-1520,-1520,419,-2,0
26,L,-1520,-1520,420,-1,0
26,L,-1520,-1520,421,-2,0
26,L,-1520,-1520,422,-1,0
26,L,-1520,-1520,423,-1,0
26,L,-1520,-1520,424,-1,0
26,L,-1520,-1520,425,-1,0
26,L,-1520,-1520,426,-1,0
26,L,-1520,-1520,427,-1,0
26,L,-1520,-1520,428,-1,0
26,L,-1520,-1520,429,-1,0
26,L,-1520,-1520,430,-1,0
26,L,-1520,-1520,431,0,0
26,L,-1520,-1520,432,-1,0
26,L,-1520,-1520,433,0,0
26,L,-1520,-1520,434,-2,0
26,L,-1520,-1520,435,0,0
26,L,-1520,-1520,436,0,0
26,L,-1520,-1520,437,-1,0
26,L,-1520,-1520,438,0,0
26,L,-1520,-1520,439,0,0
26,L,-1520,-1520,440,-1,0
26,L,-1520,-1520,441,0,0
26,L,-1520,-1520,442,0,0
26,L,-1520,-1520,443,0,0
26,L,-1520,-1520,444,0,0
26,L,-1520,-1520,445,0,0
26,L,-1520,-1520,446,-1,0
26,L,-1520,-1520,447,-1,0
26,L,-1520,-1520,448,0,0
26,L,-1520,-1520,449,0,0
26,L,-1520,-1520,450,0,0
26,L,-1520,-1520,451,0,0
26,L,-1520,-1520,452,0,0
26,L,-1520,-1520,453,0,0
26,L,-1520,-1520,454,0,0
26,L,-1520,-1520,455,0,0
26,L,-1520,-1520,456,0,0
26,L,-1520,-1520,457,0,0
26,L,-1520,-1520,458,0,0
26,L,-1520,-1520,459,0,0
26,L,-1520,-1520,460,0,0
26,L,-1520,-1520,461,0,0
26,L,-1520,-1520,462,0,0
26,L,-1520,-1520,463,0,0
26,L,-1520,-1520,464,0,0
26,L,-1520,-1520,465,0,0
26,L,-1520,-1520,466,0,0
26,L,-1520,-1520,467,0,0
26,L,-1520,-1520,468,0,0
26,L,-1520,-1520,469,0,0
26,L,-1520,-1520,470,0,0
26,L,-1520,-1520,471,0,0
26,L,-1520,-1520,472,0,0
26,L,-1520,-1520,473,0,0
26,L,-1520,-1520,474,0,0
26,L,-1520,-1520,475,0,0
26,L,-1520,-1520,476,0,0
26,L,-1520,-1520,477,0,0
26,L,-1520,-1520,478,0,0
26,L,-1520,-1520,479,0,0
26,L,-1520,-1520,480,0,0
26,L,-1520,-1520,481,0,0
26,L,-1520,-1520,482,0,0
26,L,-1520,-1520,483,0,0
26,L,-1520,-1520,484,0,0
26,L,-1520,-1520,485,0,0
26,L,-1520,-1520,486,0,0
26,L,-1520,-1520,487,0,0
26,L,-1520,-1520,488,0,0
26,L,-1520,-1520,489,0,0
26,L,-1520,-1520,490,0,0
26,L,-1520,-1520,491,0,0
26,L,-1520,-1520,492,0,0
26,L,-1520,-1520,493,0,0
26,L,-1520,-1520,494,0,0
26,L,-1520,-1520,495,0,0
26,L,-1520,-1520,496,0,0
26,L,-1520,-1520,497,0,0
26,L,-1520,-1520,498,0,0
26,L,-1520,-1520,499,0,0
27,L,-1800,-1420,0,0,0
27,L,-1800,-1420,1,0,0
27,L,-1800,-1420,2,0,0
27,L,-1800,-1420,3,-1,0
27,L,-1800,-1420,4,-1,0
27,L,-1800,-1420,5,-3,0
27,L,-1800,-1420,6,-2,0
27,L,-1800,-1420,7,-3,0
27,L,-1800,-1420,8,-3,0
27,L,-1800,-1420,9,-4,0
27,L,-1800,-1420,10,-4,0
27,L,-1800,-1420,11,-4,0
27,L,-1800,-1420,12,-4,0
27,L,-1800,-1420,13,-5,0
27,L,-1800,-1420,14,-4,0
27,L,-1800,-1420,15,-6,0
27,L,-1800,-1420,16,-5,0
27,L,-1800,-1420,17,-5,0
27,L,-1800,-1420,18,-6,0
27,L,-1800,-1420,19,-6,0
27,L,-1800,-1420,20,-6,0
27,L,-1800,-1420,21,-6,0
27,L,-1800,-1420,22,-6,0
27,L,-1800,-1420,23,-6,0
27,L,-1800,-1420,24,-7,0
27,L,-1800,-1420,25,-7,0
27,L,-1800,-1420,26,-6,0
27,L,-1800,-1420,27,-7,0
27,L,-1800,-1420,28,-7,0
27,L,-1800,-1420,29,-8,0
27,L,-1800,-1420,30,-6,0
27,L,-1800,-1420,31,-7,0
27,L,-1800,-1420,32,-8,0
27,L,-1800,-1420,33,-7,0
27,L,-1800,-1420,34,-8,0
27,L,-1800,-1420,35,-7,0
27,L,-1800,-1420,36,-7,0
27,L,-1800,-1420,37,-8,0
27,L,-1800,-1420,38,-8,0
27,L,-1800,-1420,39,-8,0
27,L,-1800,-1420,40,-7,0
27,L,-1800,-1420,41,-8,0
27,L,-1800,-1420,42,-8,0
27,L,-1800,-1420,43,-8,0
27,L,-1800,-1420,44,-8,0
27,L,-1800,-1420,45,-8,0
27,L,-1800,-1420,46,-8,0
27,L,-1800,-1420,47,-8,0
27,L,-1800,-1420,48,-9,0
27,L,-1800,-1420,49,-8,0
27,L,-1800,-1420,50,-8,0
27,L,-1800,-1420,51,-8,0
27,L,-1800,-1420,52,-9,0
27,L,-1800,-1420,53,-8,0
27,L,-1800,-1420,54,-9,0
27,L,-1800,-1420,55,-8,0
27,L,-1800,-1420,56,-9,0
27,L,-1800,-1420,57,-8,0
27,L,-1800,-1420,58,-8,0
27,L,-1800,-1420,59,-9,0
27,L,-1800,-1420,60,-8,0
27,L,-1800,-1420,61,-10,0
27,L,-1800,-1420,62,-8,0
27,L,-1800,-1420,63,-9,0
27,L,-1800,-1420,64,-8,0
27,L,-1800,-1420,65,-9,0
27,L,-1800,-1420,66,-8,0
27,L,-1800,-1420,67,-10,0
27,L,-1800,-1420,68,-8,0
27,L,-1800,-1420,69,-9,0
27,L,-1800,-1420,70,-9,0
27,L,-1800,-1420,71,-8,0
27,L,-1800,-1420,72,-10,0
27,L,-1800,-1420,73,-8,0
27,L,-1800,-1420,74,-9,0
27,L,-1800,-1420,75,-9,0
27,L,-1800,-1420,76,-8,0
27,L,-1800,-1420,77,-10,0
27,L,-1800,-1420,78,-9,0
27,L,-1800,-1420,79,-8,0
27,L,-1800,-1420,80,-9,0
27,L,-1800,-1420,81,-10,0
27,L,-1800,-1420,82,-9,0
27,L,-1800,-1420,83,-8,0
27,L,-1800,-1420,84,-9,0
27,L,-1800,-1420,85,-10,0
27,L,-1800,-1420,86,-9,0
27,L,-1800,-1420,87,-9,0
27,L,-1800,-1420,88,-8,0
27,L,-1800,-1420,89,-10,0
27,L,-1800,-1420,90,-9,0
27,L,-1800,-1420,91,-9,0
27,L,-1800,-1420,92,-9,0
27,L,-1800,-1420,93,-9,0
27,L,-1800,-1420,94,-9,0
27,L,-1800,-1420,95,-9,0
27,L,-1800,-1420,96,-10,0
27,L,-1800,-1420,97,-9,0
27,L,-1800,-1420,98,-9,0
27,L,-1800,-1420,99,-10,0
27,L,-1800,-1420,100,-9,0
27,L,-1800,-1420,101,-9,0
27,L,-1800,-1420,102,-9,0
27,L,-1800,-1420,103,-9,0
27,L,-1800,-1420,104,-9,0
27,L,-1800,-1420,105,-9,0
27,L,-1800,-1420,106,-10,0
27,L,-1800,-1420,107,-9,0
27,L,-1800,-1420,108,-9,0
27,L,-1800,-1420,109,-10,0
27,L,-1800,-1420,110,-9,0
27,L,-1800,-1420,111,-9,0
27,L,-1800,-1420,112,-10,0
27,L,-1800,-1420,113,-9,0
27,L,-1800,-1420,114,-9,0
27,L,-1800,-1420,115,-10,0
27,L,-1800,-1420,116,-9,0
27,L,-1800,-1420,117,-9,0
27,L,-1800,-1420,118,-10,0
27,L,-1800,-1420,119,-9,0
27,L,-1800,-1420,120,-9,0
27,L,-1800,-1420,121,-10,0
27,L,-1800,-1420,122,-9,0
27,L,-1800,-1420,123,-9,0
27,L,-1800,-1420,124,-10,0
27,L,-1800,-1420,125,-9,0
27,L,-1800,-1420,126,-9,0
27,L,-1800,-1420,127,-10,0
27,L,-1800,-1420,128,-9,0
27,L,-1800,-1420,129,-9,0
27,L,-1800,-1420,130,-10,0
27,L,-1800,-1420,131,-9,0
27,L,-1800,-1420,132,-9,0
27,L,-1800,-1420,133,-10,0
27,L,-1800,-1420,134,-9,0
27,L,-1800,-1420,135,-9,0
27,L,-1800,-1420,136,-10,0
27,L,-1800,-1420,137,-9,0
27,L,-1800,-1420,138,-9,0
27,L,-1800,-1420,139,-10,0
27,L,-1800,-1420,140,-9,0
27,L,-1800,-1420,141,-10,0
27,L,-1800,-1420,142,-9,0
27,L,-1800,-1420,143,-10,0
27,L,-1800,-1420,144,-9,0
27,L,-1800,-1420,145,-10,0
27,L,-1800,-1420,146,-9,0
27,L,-1800,-1420,147,-10,0
27,L,-1800,-1420,148,-9,0
27,L,-1800,-1420,149,-9,0
27,L,-1800,-1420,150,-10,0
27,L,-1800,-1420,151,-9,0
27,L,-1800,-1420,152,-9,0
27,L,-1800,-1420,153,-10,0
27,L,-1800,-1420,154,-9,0
27,L,-1800,-1420,155,-9,0
27,L,-1800,-1420,156,-10,0
27,L,-1800,-1420,157,-9,0
27,L,-1800,-1420,158,-9,0
27,L,-1800,-1420,159,-10,0
27,L,-1800,-1420,160,-10,0
27,L,-1800,-1420,161,-10,0
27,L,-1800,-1420,162,-9,0
27,L,-1800,-1420,163,-9,0
27,L,-1800,-1420,164,-10,0
27,L,-1800,-1420,165,-9,0
27,L,-1800,-1420,166,-9,0
27,L,-1800,-1420,167,-10,0
27,L,-1800,-1420,168,-9,0
27,L,-1800,-1420,169,-9,0
27,L,-1800,-1420,170,-10,0
27,L,-1800,-1420,171,-9,0
27,L,-1800,-1420,172,-9,0
27,L,-1800,-1420,173,-10,0
27,L,-1800,-1420,174,-10,0
27,L,-1800,-1420,175,-10,0
27,L,-1800,-1420,176,-9,0
27,L,-1800,-1420,177,-9,0
27,L,-1800,-1420,178,-10,0
27,L,-1800,-1420,179,-9,0
27,L,-1800,-1420,180,-9,0
27,L,-1800,-1420,181,-10,0
27,L,-1800,-1420,182,-9,0
27,L,-1800,-1420,183,-9,0
27,L,-1800,-1420,184,-10,0
27,L,-1800,-1420,185,-9,0
27,L,-1800,-1420,186,-10,0
27,L,-1800,-1420,187,-10,0
27,L,-1800,-1420,188,-9,0
27,L,-1800,-1420,189,-10,0
27,L,-1800,-1420,190,-9,0
27,L,-1800,-1420,191,-9,0
27,L,-1800,-1420,192,-10,0
27,L,-1800,-1420,193,-9,0
27,L,-1800,-1420,194,-9,0
27,L,-1800,-1420,195,-10,0
27,L,-1800,-1420,196,-9,0
27,L,-1800,-1420,197,-10,0
27,L,-1800,-1420,198,-9,0
27,L,-1800,-1420,199,-10,0
27,L,-1800,-1420,200,-9,0
27,L,-1800,-1420,201,-10,0
27,L,-1800,-1420,202,-9,0
27,L,-1800,-1420,203,-9,0
27,L,-1800,-1420,204,-9,0
27,L,-1800,-1420,205,-9,0
27,L,-1800,-1420,206,-9,0
27,L,-1800,-1420,207,-10,0
27,L,-1800,-1420,208,-8,0
27,L,-1800,-1420,209,-9,0
27,L,-1800,-1420,210,-8,0
27,L,-1800,-1420,211,-9,0
27,L,-1800,-1420,212,-9,0
27,L,-1800,-1420,213,-9,0
27,L,-1800,-1420,214,-8,0
27,L,-1800,-1420,215,-8,0
27,L,-1800,-1420,216,-8,0
27,L,-1800,-1420,217,-9,0
27,L,-1800,-1420,218,-8,0
27,L,-1800,-1420,219,-8,0
27,L,-1800,-1420,220,-8,0
27,L,-1800,-1420,221,-8,0
27,L,-1800,-1420,222,-8,0
27,L,-1800,-1420,223,-7,0
27,L,-1800,-1420,224,-8,0
27,L,-1800,-1420,225,-8,0
27,L,-1800,-1420,226,-7,0
27,L,-1800,-1420,227,-7,0
27,L,-1800,-1420,228,-8,0
27,L,-1800,-1420,229,-7,0
27,L,-1800,-1420,230,-8,0
27,L,-1800,-1420,231,-7,0
27,L,-1800,-1420,232,-6,0
27,L,-1800,-1420,233,-8,0
27,L,-1800,-1420,234,-7,0
27,L,-1800,-1420,235,-7,0
27,L,-1800,-1420,236,-7,0
27,L,-1800,-1420,237,-7,0
27,L,-1800,-1420,238,-7,0
27,L,-1800,-1420,239,-6,0
27,L,-1800,-1420,240,-7,0
27,L,-1800,-1420,241,-7,0
27,L,-1800,-1420,242,-6,0
27,L,-1800,-1420,243,-6,0
27,L,-1800,-1420,244,-7,0
27,L,-1800,-1420,245,-6,0
27,L,-1800,-1420,246,-7,0
27,L,-1800,-1420,247,-6,0
27,L,-1800,-1420,248,-6,0
27,L,-1800,-1420,249,-6,0
27,L,-1800,-1420,250,-6,0
27,L,-1800,-1420,251,-6,0
27,L,-1800,-1420,252,-6,0
27,L,-1800,-1420,253,-6,0
27,L,-1800,-1420,254,-6,0
27,L,-1800,-1420,255,-5,0
27,L,-1800,-1420,256,-7,0
27,L,-1800,-1420,257,-5,0
27,L,-1800,-1420,258,-6,0
27,L,-1800,-1420,259,-5,0
27,L,-1800,-1420,260,-5,0
27,L,-1800,-1420,261,-6,0
27,L,-1800,-1420,262,-6,0
27,L,-1800,-1420,263,-5,0
27,L,-1800,-1420,264,-6,0
27,L,-1800,-1420,265,-5,0
27,L,-1800,-1420,266,-5,0
27,L,-1800,-1420,267,-5,0
27,L,-1800,-1420,268,-5,0
27,L,-1800,-1420,269,-5,0
27,L,-1800,-1420,270,-6,0
27,L,-1800,-1420,271,-5,0
27,L,-1800,-1420,272,-4,0
27,L,-1800,-1420,273,-5,0
27,L,-1800,-1420,274,-5,0
27,L,-1800,-1420,275,-5,0
27,L,-1800,-1420,276,-5,0
27,L,-1800,-1420,277,-4,0
27,L,-1800,-1420,278,-5,0
27,L,-1800,-1420,279,-4,0
27,L,-1800,-1420,280,-5,0
27,L,-1800,-1420,281,-5,0
27,L,-1800,-1420,282,-4,0
27,L,-1800,-1420,283,-5,0
27,L,-1800,-1420,284,-4,0
27,L,-1800,-1420,285,-4,0
27,L,-1800,-1420,286,-4,0
27,L,-1800,-1420,287,-5,0
27,L,-1800,-1420,288,-4,0
27,L,-1800,-1420,289,-4,0
27,L,-1800,-1420,290,-4,0
27,L,-1800,-1420,291,-4,0
27,L,-1800,-1420,292,-4,0
27,L,-1800,-1420,293,-4,0
27,L,-1800,-1420,294,-4,0
27,L,-1800,-1420,295,-4,0
27,L,-1800,-1420,296,-4,0
27,L,-1800,-1420,297,-4,0
27,L,-1800,-1420,298,-4,0
27,L,-1800,-1420,299,-4,0
27,L,-1800,-1420,300,-3,0
27,L,-1800,-1420,301,-4,0
27,L,-1800,-1420,302,-4,0
27,L,-1800,-1420,303,-4,0
27,L,-1800,-1420,304,-4,0
27,L,-1800,-1420,305,-3,0
27,L,-1800,-1420,306,-4,0
27,L,-1800,-1420,307,-3,0
27,L,-1800,-1420,308,-3,0
27,L,-1800,-1420,309,-4,0
27,L,-1800,-1420,310,-3,0
27,L,-1800,-1420,311,-4,0
27,L,-1800,-1420,312,-3,0
27,L,-1800,-1420,313,-4,0
27,L,-1800,-1420,314,-2,0
27,L,-1800,-1420,315,-4,0
27,L,-1800,-1420,316,-3,0
27,L,-1800,-1420,317,-3,0
27,L,-1800,-1420,318,-4,0
27,L,-1800,-1420,319,-2,0
27,L,-1800,-1420,320,-4,0
27,L,-1800,-1420,321,-3,0
27,L,-1800,-1420,322,-3,0
27,L,-1800,-1420,323,-2,0
27,L,-1800,-1420,324,-3,0
27,L,-1800,-1420,325,-4,0
27,L,-1800,-1420,326,-3,0
27,L,-1800,-1420,327,-2,0
27,L,-1800,-1420,328,-3,0
27,L,-1800,-1420,329,-3,0
27,L,-1800,-1420,330,-2,0
27,L,-1800,-1420,331,-3,0
27,L,-1800,-1420,332,-3,0
27,L,-1800,-1420,333,-3,0
27,L,-1800,-1420,334,-2,0
27,L,-1800,-1420,335,-3,0
27,L,-1800,-1420,336,-2,0
27,L,-1800,-1420,337,-3,0
27,L,-1800,-1420,338,-3,0
27,L,-1800,-1420,339,-2,0
27,L,-1800,-1420,340,-3,0
27,L,-1800,-1420,341,-3,0
27,L,-1800,-1420,342,-2,0
27,L,-1800,-1420,343,-2,0
27,L,-1800,-1420,344,-2,0
27,L,-1800,-1420,345,-3,0
27,L,-1800,-1420,346,-3,0
27,L,-1800,-1420,347,-1,0
27,L,-1800,-1420,348,-3,0
27,L,-1800,-1420,349,-2,0
27,L,-1800,-1420,350,-3,0
27,L,-1800,-1420,351,-2,0
27,L,-1800,-1420,352,-2,0
27,L,-1800,-1420,353,-3,0
27,L,-1800,-1420,354,-1,0
27,L,-1800,-1420,355,-3,0
27,L,-1800,-1420,356,-2,0
27,L,-1800,-1420,357,-2,0
27,L,-1800,-1420,358,-2,0
27,L,-1800,-1420,359,-2,0
27,L,-1800,-1420,360,-2,0
27,L,-1800,-1420,361,-2,0
27,L,-1800,-1420,362,-2,0
27,L,-1800,-1420,363,-2,0
27,L,-1800,-1420,364,-2,0
27,L,-1800,-1420,365,-2,0
27,L,-1800,-1420,366,-1,0
27,L,-1800,-1420,367,-3,0
27,L,-1800,-1420,368,-1,0
27,L,-1800,-1420,369,-3,0
27,L,-1800,-1420,370,-1,0
27,L,-1800,-1420,371,-2,0
27,L,-1800,-1420,372,-2,0
27,L,-1800,-1420,373,-1,0
27,L,-1800,-1420,374,-2,0
27,L,-1800,-1420,375,-2,0
27,L,-1800,-1420,376,-2,0
27,L,-1800,-1420,377,-1,0
27,L,-1800,-1420,378,-2,0
27,L,-1800,-1420,379,-2,0
27,L,-1800,-1420,380,-1,0
27,L,-1800,-1420,381,-2,0
27,L,-1800,-1420,382,-1,0
27,L,-1800,-1420,383,-3,0
27,L,-1800,-1420,384,-1,0
27,L,-1800,-1420,385,-1,0
27,L,-1800,-1420,386,-2,0
27,L,-1800,-1420,387,-1,0
27,L,-1800,-1420,388,-2,0
27,L,-1800,-1420,389,-2,0
27,L,-1800,-1420,390,-1,0
27,L,-1800,-1420,391,-2,0
27,L,-1800,-1420,392,-1,0
27,L,-1800,-1420,393,-1,0
27,L,-1800,-1420,394,-2,0
27,L,-1800,-1420,395,-1,0
27,L,-1800,-1420,396,-1,0
27,L,-1800,-1420,397,-2,0
27,L,-1800,-1420,398,-1,0
27,L,-1800,-1420,399,-2,0
27,L,-1800,-1420,400,-1,0
27,L,-1800,-1420,401,-1,0
27,L,-1800,-1420,402,-2,0
27,L,-1800,-1420,403,-1,0
27,L,-1800,-1420,404,-1,0
27,L,-1800,-1420,405,-1,0
27,L,-1800,-1420,406,-2,0
27,L,-1800,-1420,407,-1,0
27,L,-1800,-1420,408,0,0
27,L,-1800,-1420,409,-1,0
27,L,-1800,-1420,410,-1,0
27,L,-1800,-1420,411,-1,0
27,L,-1800,-1420,412,-1,0
27,L,-1800,-1420,413,0,0
27,L,-1800,-1420,414,-1,0
27,L,-1800,-1420,415,0,0
27,L,-1800,-1420,416,-1,0
27,L,-1800,-1420,417,-1,0
27,L,-1800,-1420,418,0,0
27,L,-1800,-1420,419,0,0
27,L,-1800,-1420,420,0,0
27,L,-1800,-1420,421,0,0
27,L,-1800,-1420,422,-1,0
27,L,-1800,-1420,423,0,0
27,L,-1800,-1420,424,0,0
27,L,-1800,-1420,425,0,0
27,L,-1800,-1420,426,0,0
27,L,-1800,-1420,427,0,0
27,L,-1800,-1420,428,0,0
27,L,-1800,-1420,429,0,0
27,L,-1800,-1420,430,0,0
27,L,-1800,-1420,431,0,0
27,L,-1800,-1420,432,0,0
27,L,-1800,-1420,433,0,0
27,L,-1800,-1420,434,0,0
27,L,-1800,-1420,435,0,0
27,L,-1800,-1420,436,0,0
27,L,-1800,-1420,437,0,0
27,L,-1800,-1420,438,0,0
27,L,-1800,-1420,439,0,0
27,L,-1800,-1420,440,0,0
27,L,-1800,-1420,441,0,0
27,L,-1800,-1420,442,0,0
27,L,-1800,-1420,443,0,0
27,L,-1800,-1420,444,0,0
27,L,-1800,-1420,445,0,0
27,L,-1800,-1420,446,0,0
27,L,-1800,-1420,447,0,0
27,L,-1800,-1420,448,0,0
27,L,-1800,-1420,449,0,0
27,L,-1800,-1420,450,0,0
27,L,-1800,-1420,451,0,0
27,L,-1800,-1420,452,0,0
27,L,-1800,-1420,453,0,0
27,L,-1800,-1420,454,0,0
27,L,-1800,-1420,455,0,0
27,L,-1800,-1420,456,0,0
27,L,-1800,-1420,457,0,0
27,L,-1800,-1420,458,0,0
27,L,-1800,-1420,459,0,0
27,L,-1800,-1420,460,0,0
27,L,-1800,-1420,461,0,0
27,L,-1800,-1420,462,0,0
27,L,-1800,-1420,463,0,0
27,L,-1800,-1420,464,0,0
27,L,-1800,-1420,465,0,0
27,L,-1800,-1420,466,0,0
27,L,-1800,-1420,467,0,0
27,L,-1800,-1420,468,0,0
27,L,-1800,-1420,469,0,0
27,L,-1800,-1420,470,0,0
27,L,-1800,-1420,471,0,0
27,L,-1800,-1420,472,0,0
27,L,-1800,-1420,473,0,0
27,L,-1800,-1420,474,0,0
27,L,-1800,-1420,475,0,0
27,L,-1800,-1420,476,0,0
27,L,-1800,-1420,477,0,0
27,L,-1800,-1420,478,0,0
27,L,-1800,-1420,479,0,0
27,L,-1800,-1420,480,0,0
27,L,-1800,-1420,481,0,0
27,L,-1800,-1420,482,0,0
27,L,-1800,-1420,483,0,0
27,L,-1800,-1420,484,0,0
27,L,-1800,-1420,485,0,0
27,L,-1800,-1420,486,0,0
27,L,-1800,-1420,487,0,0
27,L,-1800,-1420,488,0,0
27,L,-1800,-1420,489,0,0
27,L,-1800,-1420,490,0,0
27,L,-1800,-1420,491,0,0
27,L,-1800,-1420,492,0,0
27,L,-1800,-1420,493,0,0
27,L,-1800,-1420,494,0,0
27,L,-1800,-1420,495,0,0
27,L,-1800,-1420,496,0,0
27,L,-1800,-1420,497,0,0
27,L,-1800,-1420,498,0,0
27,L,-1800,-1420,499,0,0
28,L,-1800,-1440,0,0,0
28,L,-1800,-1440,1,0,0
28,L,-1800,-1440,2,-1,0
28,L,-1800,-1440,3,-1,0
28,L,-1800,-1440,4,-2,0
28,L,-1800,-1440,5,-2,0
28,L,-1800,-1440,6,-3,0
28,L,-1800,-1440,7,-3,0
28,L,-1800,-1440,8,-4,0
28,L,-1800,-1440,9,-3,0
28,L,-1800,-1440,10,-4,0
28,L,-1800,-1440,11,-5,0
28,L,-1800,-1440,12,-4,0
28,L,-1800,-1440,13,-5,0
28,L,-1800,-1440,14,-4,0
28,L,-1800,-1440,15,-6,0
28,L,-1800,-1440,16,-5,0
28,L,-1800,-1440,17,-5,0
28,L,-1800,-1440,18,-7,0
28,L,-1800,-1440,19,-5,0
28,L,-1800,-1440,20,-6,0
28,L,-1800,-1440,21,-6,0
28,L,-1800,-1440,22,-7,0
28,L,-1800,-1440,23,-6,0
28,L,-1800,-1440,24,-6,0
28,L,-1800,-1440,25,-7,0
28,L,-1800,-1440,26,-7,0
28,L,-1800,-1440,27,-7,0
28,L,-1800,-1440,28,-7,0
28,L,-1800,-1440,29,-7,0
28,L,-1800,-1440,30,-7,0
28,L,-1800,-1440,31,-7,0
28,L,-1800,-1440,32,-7,0
28,L,-1800,-1440,33,-8,0
28,L,-1800,-1440,34,-7,0
28,L,-1800,-1440,35,-8,0
28,L,-1800,-1440,36,-8,0
28,L,-1800,-1440,37,-7,0
28,L,-1800,-1440,38,-8,0
28,L,-1800,-1440,39,-7,0
28,L,-1800,-1440,40,-8,0
28,L,-1800,-1440,41,-8,0
28,L,-1800,-1440,42,-8,0
28,L,-1800,-1440,43,-8,0
28,L,-1800,-1440,44,-8,0
28,L,-1800,-1440,45,-8,0
28,L,-1800,-1440,46,-8,0
28,L,-1800,-1440,47,-8,0
28,L,-1800,-1440,48,-8,0
28,L,-1800,-1440,49,-9,0
28,L,-1800,-1440,50,-9,0
28,L,-1800,-1440,51,-8,0
28,L,-1800,-1440,52,-8,0
28,L,-1800,-1440,53,-8,0
28,L,-1800,-1440,54,-9,0
28,L,-1800,-1440,55,-8,0
28,L,-1800,-1440,56,-9,0
28,L,-1800,-1440,57,-8,0
28,L,-1800,-1440,58,-8,0
28,L,-1800,-1440,59,-10,0
28,L,-1800,-1440,60,-8,0
28,L,-1800,-1440,61,-9,0
28,L,-1800,-1440,62,-8,0
28,L,-1800,-1440,63,-9,0
28,L,-1800,-1440,64,-8,0
28,L,-1800,-1440,65,-10,0
28,L,-1800,-1440,66,-8,0
28,L,-1800,-1440,67,-9,0
28,L,-1800,-1440,68,-8,0
28,L,-1800,-1440,69,-9,0
28,L,-1800,-1440,70,-10,0
28,L,-1800,-1440,71,-8,0
28,L,-1800,-1440,72,-9,0
28,L,-1800,-1440,73,-9,0
28,L,-1800,-1440,74,-8,0
28,L,-1800,-1440,75,-10,0
28,L,-1800,-1440,76,-9,0
28,L,-1800,-1440,77,-8,0
28,L,-1800,-1440,78,-9,0
28,L,-1800,-1440,79,-10,0
28,L,-1800,-1440,80,-9,0
28,L,-1800,-1440,81,-8,0
28,L,-1800,-1440,82,-9,0
28,L,-1800,-1440,83,-10,0
28,L,-1800,-1440,84,-9,0
28,L,-1800,-1440,85,-9,0
28,L,-1800,-1440,86,-8,0
28,L,-1800,-1440,87,-10,0
28,L,-1800,-1440,88,-9,0
28,L,-1800,-1440,89,-9,0
28,L,-1800,-1440,90,-10,0
28,L,-1800,-1440,91,-8,0
28,L,-1800,-1440,92,-9,0
28,L,-1800,-1440,93,-9,0
28,L,-1800,-1440,94,-10,0
28,L,-1800,-1440,95,-9,0
28,L,-1800,-1440,96,-9,0
28,L,-1800,-1440,97,-9,0
28,L,-1800,-1440,98,-10,0
28,L,-1800,-1440,99,-8,0
28,L,-1800,-1440,100,-9,0
28,L,-1800,-1440,101,-10,0
28,L,-1800,-1440,102,-9,0
28,L,-1800,-1440,103,-9,0
28,L,-1800,-1440,104,-10,0
28,L,-1800,-1440,105,-9,0
28,L,-1800,-1440,106,-9,0
28,L,-1800,-1440,107,-10,0
28,L,-1800,-1440,108,-9,0
28,L,-1800,-1440,109,-9,0
28,L,-1800,-1440,110,-10,0
28,L,-1800,-1440,111,-9,0
28,L,-1800,-1440,112,-9,0
28,L,-1800,-1440,113,-10,0
28,L,-1800,-1440,114,-9,0
28,L,-1800,-1440,115,-9,0
28,L,-1800,-1440,116,-10,0
28,L,-1800,-1440,117,-9,0
28,L,-1800,-1440,118,-9,0
28,L,-1800,-1440,119,-10,0
28,L,-1800,-1440,120,-9,0
28,L,-1800,-1440,121,-9,0
28,L,-1800,-1440,122,-10,0
28,L,-1800,-1440,123,-9,0
28,L,-1800,-1440,124,-9,0
28,L,-1800,-1440,125,-10,0
28,L,-1800,-1440,126,-9,0
28,L,-1800,-1440,127,-9,0
28,L,-1800,-1440,128,-10,0
28,L,-1800,-1440,129,-9,0
28,L,-1800,-1440,130,-9,0
28,L,-1800,-1440,131,-10,0
28,L,-1800,-1440,132,-9,0
28,L,-1800,-1440,133,-10,0
28,L,-1800,-1440,134,-9,0
28,L,-1800,-1440,135,-10,0
28,L,-1800,-1440,136,-9,0
28,L,-1800,-1440,137,-10,0
28,L,-1800,-1440,138,-9,0
28,L,-1800,-1440,139,-10,0
28,L,-1800,-1440,140,-9,0
28,L,-1800,-1440,141,-9,0
28,L,-1800,-1440,142,-10,0
28,L,-1800,-1440,143,-9,0
28,L,-1800,-1440,144,-9,0
28,L,-1800,-1440,145,-10,0
28,L,-1800,-1440,146,-10,0
28,L,-1800,-1440,147,-9,0
28,L,-1800,-1440,148,-10,0
28,L,-1800,-1440,149,-9,0
28,L,-1800,-1440,150,-10,0
28,L,-1800,-1440,151,-9,0
28,L,-1800,-1440,152,-9,0
28,L,-1800,-1440,153,-10,0
28,L,-1800,-1440,154,-9,0
28,L,-1800,-1440,155,-10,0
28,L,-1800,-1440,156,-9,0
28,L,-1800,-1440,157,-10,0
28,L,-1800,-1440,158,-10,0
28,L,-1800,-1440,159,-9,0
28,L,-1800,-1440,160,-9,0
28,L,-1800,-1440,161,-10,0
28,L,-1800,-1440,162,-9,0
28,L,-1800,-1440,163,-9,0
28,L,-1800,-1440,164,-10,0
28,L,-1800,-1440,165,-9,0
28,L,-1800,-1440,166,-10,0
28,L,-1800,-1440,167,-10,0
28,L,-1800,-1440,168,-9,0
28,L,-1800,-1440,169,-10,0
28,L,-1800,-1440,170,-9,0
28,L,-1800,-1440,171,-9,0
28,L,-1800,-1440,172,-10,0
28,L,-1800,-1440,173,-9,0
28,L,-1800,-1440,174,-10,0
28,L,-1800,-1440,175,-9,0
28,L,-1800,-1440,176,-10,0
28,L,-1800,-1440,177,-10,0
28,L,-1800,-1440,178,-9,0
28,L,-1800,-1440,179,-9,0
28,L,-1800,-1440,180,-10,0
28,L,-1800,-1440,181,-9,0
28,L,-1800,-1440,182,-10,0
28,L,-1800,-1440,183,-9,0
28,L,-1800,-1440,184,-10,0
28,L,-1800,-1440,185,-9,0
28,L,-1800,-1440,186,-10,0
28,L,-1800,-1440,187,-9,0
28,L,-1800,-1440,188,-10,0
28,L,-1800,-1440,189,-9,0
28,L,-1800,-1440,190,-9,0
28,L,-1800,-1440,191,-10,0
28,L,-1800,-1440,192,-9,0
28,L,-1800,-1440,193,-10,0
28,L,-1800,-1440,194,-10,0
28,L,-1800,-1440,195,-9,0
28,L,-1800,-1440,196,-10,0
28,L,-1800,-1440,197,-9,0
28,L,-1800,-1440,198,-9,0
28,L,-1800,-1440,199,-10,0
28,L,-1800,-1440,200,-9,0
28,L,-1800,-1440,201,-10,0
28,L,-1800,-1440,202,-10,0
28,L,-1800,-1440,203,-9,0
28,L,-1800,-1440,204,-9,0
28,L,-1800,-1440,205,-9,0
28,L,-1800,-1440,206,-9,0
28,L,-1800,-1440,207,-9,0
28,L,-1800,-1440,208,-10,0
28,L,-1800,-1440,209,-8,0
28,L,-1800,-1440,210,-9,0
28,L,-1800,-1440,211,-9,0
28,L,-1800,-1440,212,-8,0
28,L,-1800,-1440,213,-9,0
28,L,-1800,-1440,214,-9,0
28,L,-1800,-1440,215,-8,0
28,L,-1800,-1440,216,-8,0
28,L,-1800,-1440,217,-9,0
28,L,-1800,-1440,218,-8,0
28,L,-1800,-1440,219,-8,0
28,L,-1800,-1440,220,-8,0
28,L,-1800,-1440,221,-8,0
28,L,-1800,-1440,222,-8,0
28,L,-1800,-1440,223,-8,0
28,L,-1800,-1440,224,-8,0
28,L,-1800,-1440,225,-7,0
28,L,-1800,-1440,226,-8,0
28,L,-1800,-1440,227,-8,0
28,L,-1800,-1440,228,-7,0
28,L,-1800,-1440,229,-7,0
28,L,-1800,-1440,230,-8,0
28,L,-1800,-1440,231,-7,0
28,L,-1800,-1440,232,-8,0
28,L,-1800,-1440,233,-7,0
28,L,-1800,-1440,234,-7,0
28,L,-1800,-1440,235,-7,0
28,L,-1800,-1440,236,-7,0
28,L,-1800,-1440,237,-7,0
28,L,-1800,-1440,238,-6,0
28,L,-1800,-1440,239,-7,0
28,L,-1800,-1440,240,-8,0
28,L,-1800,-1440,241,-6,0
28,L,-1800,-1440,242,-7,0
28,L,-1800,-1440,243,-6,0
28,L,-1800,-1440,244,-6,0
28,L,-1800,-1440,245,-7,0
28,L,-1800,-1440,246,-7,0
28,L,-1800,-1440,247,-6,0
28,L,-1800,-1440,248,-7,0
28,L,-1800,-1440,249,-5,0
28,L,-1800,-1440,250,-7,0
28,L,-1800,-1440,251,-6,0
28,L,-1800,-1440,252,-6,0
28,L,-1800,-1440,253,-6,0
28,L,-1800,-1440,254,-6,0
28,L,-1800,-1440,255,-6,0
28,L,-1800,-1440,256,-6,0
28,L,-1800,-1440,257,-5,0
28,L,-1800,-1440,258,-6,0
28,L,-1800,-1440,259,-6,0
28,L,-1800,-1440,260,-6,0
28,L,-1800,-1440,261,-5,0
28,L,-1800,-1440,262,-6,0
28,L,-1800,-1440,263,-6,0
28,L,-1800,-1440,264,-5,0
28,L,-1800,-1440,265,-6,0
28,L,-1800,-1440,266,-5,0
28,L,-1800,-1440,267,-5,0
28,L,-1800,-1440,268,-5,0
28,L,-1800,-1440,269,-6,0
28,L,-1800,-1440,270,-4,0
28,L,-1800,-1440,271,-5,0
28,L,-1800,-1440,272,-6,0
28,L,-1800,-1440,273,-5,0
28,L,-1800,-1440,274,-5,0
28,L,-1800,-1440,275,-4,0
28,L,-1800,-1440,276,-6,0
28,L,-1800,-1440,277,-5,0
28,L,-1800,-1440,278,-4,0
28,L,-1800,-1440,279,-5,0
28,L,-1800,-1440,280,-4,0
28,L,-1800,-1440,281,-6,0
28,L,-1800,-1440,282,-4,0
28,L,-1800,-1440,283,-5,0
28,L,-1800,-1440,284,-4,0
28,L,-1800,-1440,285,-4,0
28,L,-1800,-1440,286,-5,0
28,L,-1800,-1440,287,-4,0
28,L,-1800,-1440,288,-5,0
28,L,-1800,-1440,289,-5,0
28,L,-1800,-1440,290,-4,0
28,L,-1800,-1440,291,-4,0
28,L,-1800,-1440,292,-4,0
28,L,-1800,-1440,293,-4,0
28,L,-1800,-1440,294,-5,0
28,L,-1800,-1440,295,-4,0
28,L,-1800,-1440,296,-4,0
28,L,-1800,-1440,297,-4,0
28,L,-1800,-1440,298,-4,0
28,L,-1800,-1440,299,-4,0
28,L,-1800,-1440,300,-4,0
28,L,-1800,-1440,301,-4,0
28,L,-1800,-1440,302,-4,0
28,L,-1800,-1440,303,-3,0
28,L,-1800,-1440,304,-4,0
28,L,-1800,-1440,305,-4,0
28,L,-1800,-1440,306,-4,0
28,L,-1800,-1440,307,-3,0
28,L,-1800,-1440,308,-4,0
28,L,-1800,-1440,309,-3,0
28,L,-1800,-1440,310,-4,0
28,L,-1800,-1440,311,-4,0
28,L,-1800,-1440,312,-3,0
28,L,-1800,-1440,313,-4,0
28,L,-1800,-1440,314,-3,0
28,L,-1800,-1440,315,-4,0
28,L,-1800,-1440,316,-2,0
28,L,-1800,-1440,317,-4,0
28,L,-1800,-1440,318,-3,0
28,L,-1800,-1440,319,-4,0
28,L,-1800,-1440,320,-3,0
28,L,-1800,-1440,321,-4,0
28,L,-1800,-1440,322,-2,0
28,L,-1800,-1440,323,-4,0
28,L,-1800,-1440,324,-3,0
28,L,-1800,-1440,325,-3,0
28,L,-1800,-1440,326,-4,0
28,L,-1800,-1440,327,-2,0
28,L,-1800,-1440,328,-3,0
28,L,-1800,-1440,329,-3,0
28,L,-1800,-1440,330,-4,0
28,L,-1800,-1440,331,-2,0
28,L,-1800,-1440,332,-3,0
28,L,-1800,-1440,333,-3,0
28,L,-1800,-1440,334,-3,0
28,L,-1800,-1440,335,-3,0
28,L,-1800,-1440,336,-3,0
28,L,-1800,-1440,337,-3,0
28,L,-1800,-1440,338,-2,0
28,L,-1800,-1440,339,-3,0
28,L,-1800,-1440,340,-3,0
28,L,-1800,-1440,341,-2,0
28,L,-1800,-1440,342,-3,0
28,L,-1800,-1440,343,-3,0
28,L,-1800,-1440,344,-2,0
28,L,-1800,-1440,345,-3,0
28,L,-1800,-1440,346,-3,0
28,L,-1800,-1440,347,-2,0
28,L,-1800,-1440,348,-3,0
28,L,-1800,-1440,349,-3,0
28,L,-1800,-1440,350,-2,0
28,L,-1800,-1440,351,-3,0
28,L,-1800,-1440,352,-2,0
28,L,-1800,-1440,353,-2,0
28,L,-1800,-1440,354,-3,0
28,L,-1800,-1440,355,-2,0
28,L,-1800,-1440,356,-3,0
28,L,-1800,-1440,357,-2,0
28,L,-1800,-1440,358,-2,0
28,L,-1800,-1440,359,-3,0
28,L,-1800,-1440,360,-2,0
28,L,-1800,-1440,361,-2,0
28,L,-1800,-1440,362,-2,0
28,L,-1800,-1440,363,-3,0
28,L,-1800,-1440,364,-1,0
28,L,-1800,-1440,365,-3,0
28,L,-1800,-1440,366,-2,0
28,L,-1800,-1440,367,-2,0
28,L,-1800,-1440,368,-3,0
28,L,-1800,-1440,369,-2,0
28,L,-1800,-1440,370,-2,0
28,L,-1800,-1440,371,-2,0
28,L,-1800,-1440,372,-2,0
28,L,-1800,-1440,373,-2,0
28,L,-1800,-1440,374,-2,0
28,L,-1800,-1440,375,-2,0
28,L,-1800,-1440,376,-2,0
28,L,-1800,-1440,377,-2,0
28,L,-1800,-1440,378,-2,0
28,L,-1800,-1440,379,-2,0
28,L,-1800,-1440,380,-2,0
28,L,-1800,-1440,381,-2,0
28,L,-1800,-1440,382,-2,0
28,L,-1800,-1440,383,-2,0
28,L,-1800,-1440,384,-2,0
28,L,-1800,-1440,385,-1,0
28,L,-1800,-1440,386,-3,0
28,L,-1800,-1440,387,-1,0
28,L,-1800,-1440,388,-2,0
28,L,-1800,-1440,389,-2,0
28,L,-1800,-1440,390,-1,0
28,L,-1800,-1440,391,-3,0
28,L,-1800,-1440,392,-1,0
28,L,-1800,-1440,393,-2,0
28,L,-1800,-1440,394,-2,0
28,L,-1800,-1440,395,-2,0
28,L,-1800,-1440,396,-1,0
28,L,-1800,-1440,397,-2,0
28,L,-1800,-1440,398,-2,0
28,L,-1800,-1440,399,-1,0
28,L,-1800,-1440,400,-2,0
28,L,-1800,-1440,401,-1,0
28,L,-1800,-1440,402,-3,0
28,L,-1800,-1440,403,-1,0
28,L,-1800,-1440,404,-1,0
28,L,-1800,-1440,405,-2,0
28,L,-1800,-1440,406,-1,0
28,L,-1800,-1440,407,-1,0
28,L,-1800,-1440,408,-2,0
28,L,-1800,-1440,409,-1,0
28,L,-1800,-1440,410,-1,0
28,L,-1800,-1440,411,-1,0
28,L,-1800,-1440,412,-1,0
28,L,-1800,-1440,413,-1,0
28,L,-1800,-1440,414,-1,0
28,L,-1800,-1440,415,0,0
28,L,-1800,-1440,416,-2,0
28,L,-1800,-1440,417,0,0
28,L,-1800,-1440,418,-1,0
28,L,-1800,-1440,419,0,0
28,L,-1800,-1440,420,-1,0
28,L,-1800,-1440,421,0,0
28,L,-1800,-1440,422,-2,0
28,L,-1800,-1440,423,0,0
28,L,-1800,-1440,424,0,0
28,L,-1800,-1440,425,-1,0
28,L,-1800,-1440,426,0,0
28,L,-1800,-1440,427,0,0
28,L,-1800,-1440,428,0,0
28,L,-1800,-1440,429,-1,0
28,L,-1800,-1440,430,0,0
28,L,-1800,-1440,431,0,0
28,L,-1800,-1440,432,0,0
28,L,-1800,-1440,433,-1,0
28,L,-1800,-1440,434,0,0
28,L,-1800,-1440,435,-1,0
28,L,-1800,-1440,436,0,0
28,L,-1800,-1440,437,0,0
28,L,-1800,-1440,438,0,0
28,L,-1800,-1440,439,1,0
28,L,-1800,-1440,440,0,0
28,L,-1800,-1440,441,0,0
28,L,-1800,-1440,442,0,0
28,L,-1800,-1440,443,0,0
28,L,-1800,-1440,444,0,0
28,L,-1800,-1440,445,0,0
28,L,-1800,-1440,446,0,0
28,L,-1800,-1440,447,0,0
28,L,-1800,-1440,448,0,0
28,L,-1800,-1440,449,0,0
28,L,-1800,-1440,450,0,0
28,L,-1800,-1440,451,0,0
28,L,-1800,-1440,452,0,0
28,L,-1800,-1440,453,0,0
28,L,-1800,-1440,454,0,0
28,L,-1800,-1440,455,0,0
28,L,-1800,-1440,456,0,0
28,L,-1800,-1440,457,0,0
28,L,-1800,-1440,458,0,0
28,L,-1800,-1440,459,0,0
28,L,-1800,-1440,460,0,0
28,L,-1800,-1440,461,0,0
28,L,-1800,-1440,462,0,0
28,L,-1800,-1440,463,0,0
28,L,-1800,-1440,464,0,0
28,L,-1800,-1440,465,0,0
28,L,-1800,-1440,466,0,0
28,L,-1800,-1440,467,0,0
28,L,-1800,-1440,468,0,0
28,L,-1800,-1440,469,0,0
28,L,-1800,-1440,470,0,0
28,L,-1800,-1440,471,0,0
28,L,-1800,-1440,472,0,0
28,L,-1800,-1440,473,0,0
28,L,-1800,-1440,474,0,0
28,L,-1800,-1440,475,0,0
28,L,-1800,-1440,476,0,0
28,L,-1800,-1440,477,0,0
28,L,-1800,-1440,478,0,0
28,L,-1800,-1440,479,0,0
28,L,-1800,-1440,480,0,0
28,L,-1800,-1440,481,0,0
28,L,-1800,-1440,482,0,0
28,L,-1800,-1440,483,0,0
28,L,-1800,-1440,484,0,0
28,L,-1800,-1440,485,0,0
28,L,-1800,-1440,486,0,0
28,L,-1800,-1440,487,0,0
28,L,-1800,-1440,488,0,0
28,L,-1800,-1440,489,0,0
28,L,-1800,-1440,490,0,0
28,L,-1800,-1440,491,0,0
28,L,-1800,-1440,492,0,0
28,L,-1800,-1440,493,0,0
28,L,-1800,-1440,494,0,0
28,L,-1800,-1440,495,0,0
28,L,-1800,-1440,496,0,0
28,L,-1800,-1440,497,0,0
28,L,-1800,-1440,498,0,0
28,L,-1800,-1440,499,0,0
29,L,-1800,-1460,0,0,0
29,L,-1800,-1460,1,0,0
29,L,-1800,-1460,2,0,0
29,L,-1800,-1460,3,-1,0
29,L,-1800,-1460,4,-1,0
29,L,-1800,-1460,5,-2,0
29,L,-1800,-1460,6,-2,0
29,L,-1800,-1460,7,-3,0
29,L,-1800,-1460,8,-3,0
29,L,-1800,-1460,9,-3,0
29,L,-1800,-1460,10,-4,0
29,L,-1800,-1460,11,-4,0
29,L,-1800,-1460,12,-4,0
29,L,-1800,-1460,13,-6,0
29,L,-1800,-1460,14,-4,0
29,L,-1800,-1460,15,-5,0
29,L,-1800,-1460,16,-5,0
29,L,-1800,-1460,17,-6,0
29,L,-1800,-1460,18,-5,0
29,L,-1800,-1460,19,-6,0
29,L,-1800,-1460,20,-6,0
29,L,-1800,-1460,21,-6,0
29,L,-1800,-1460,22,-6,0
29,L,-1800,-1460,23,-7,0
29,L,-1800,-1460,24,-6,0
29,L,-1800,-1460,25,-7,0
29,L,-1800,-1460,26,-7,0
29,L,-1800,-1460,27,-6,0
29,L,-1800,-1460,28,-7,0
29,L,-1800,-1460,29,-7,0
29,L,-1800,-1460,30,-7,0
29,L,-1800,-1460,31,-7,0
29,L,-1800,-1460,32,-7,0
29,L,-1800,-1460,33,-8,0
29,L,-1800,-1460,34,-7,0
29,L,-1800,-1460,35,-8,0
29,L,-1800,-1460,36,-8,0
29,L,-1800,-1460,37,-7,0
29,L,-1800,-1460,38,-8,0
29,L,-1800,-1460,39,-7,0
29,L,-1800,-1460,40,-8,0
29,L,-1800,-1460,41,-8,0
29,L,-1800,-1460,42,-8,0
29,L,-1800,-1460,43,-8,0
29,L,-1800,-1460,44,-8,0
29,L,-1800,-1460,45,-8,0
29,L,-1800,-1460,46,-8,0
29,L,-1800,-1460,47,-8,0
29,L,-1800,-1460,48,-9,0
29,L,-1800,-1460,49,-9,0
29,L,-1800,-1460,50,-8,0
29,L,-1800,-1460,51,-8,0
29,L,-1800,-1460,52,-8,0
29,L,-1800,-1460,53,-9,0
29,L,-1800,-1460,54,-8,0
29,L,-1800,-1460,55,-8,0
29,L,-1800,-1460,56,-9,0
29,L,-1800,-1460,57,-8,0
29,L,-1800,-1460,58,-9,0
29,L,-1800,-1460,59,-9,0
29,L,-1800,-1460,60,-9,0
29,L,-1800,-1460,61,-8,0
29,L,-1800,-1460,62,-9,0
29,L,-1800,-1460,63,-8,0
29,L,-1800,-1460,64,-10,0
29,L,-1800,-1460,65,-8,0
29,L,-1800,-1460,66,-9,0
29,L,-1800,-1460,67,-8,0
29,L,-1800,-1460,68,-9,0
29,L,-1800,-1460,69,-10,0
29,L,-1800,-1460,70,-8,0
29,L,-1800,-1460,71,-9,0
29,L,-1800,-1460,72,-9,0
29,L,-1800,-1460,73,-9,0
29,L,-1800,-1460,74,-9,0
29,L,-1800,-1460,75,-9,0
29,L,-1800,-1460,76,-8,0
29,L,-1800,-1460,77,-9,0
29,L,-1800,-1460,78,-10,0
29,L,-1800,-1460,79,-9,0
29,L,-1800,-1460,80,-9,0
29,L,-1800,-1460,81,-8,0
29,L,-1800,-1460,82,-10,0
29,L,-1800,-1460,83,-9,0
29,L,-1800,-1460,84,-9,0
29,L,-1800,-1460,85,-9,0
29,L,-1800,-1460,86,-9,0
29,L,-1800,-1460,87,-9,0
29,L,-1800,-1460,88,-9,0
29,L,-1800,-1460,89,-10,0
29,L,-1800,-1460,90,-9,0
29,L,-1800,-1460,91,-9,0
29,L,-1800,-1460,92,-9,0
29,L,-1800,-1460,93,-9,0
29,L,-1800,-1460,94,-9,0
29,L,-1800,-1460,95,-9,0
29,L,-1800,-1460,96,-10,0
29,L,-1800,-1460,97,-9,0
29,L,-1800,-1460,98,-9,0
29,L,-1800,-1460,99,-10,0
29,L,-1800,-1460,100,-9,0
29,L,-1800,-1460,101,-9,0
29,L,-1800,-1460,102,-10,0
29,L,-1800,-1460,103,-9,0
29,L,-1800,-1460,104,-9,0
29,L,-1800,-1460,105,-10,0
29,L,-1800,-1460,106,-9,0
29,L,-1800,-1460,107,-9,0
29,L,-1800,-1460,108,-10,0
29,L,-1800,-1460,109,-9,0
29,L,-1800,-1460,110,-9,0
29,L,-1800,-1460,111,-9,0
29,L,-1800,-1460,112,-10,0
29,L,-1800,-1460,113,-9,0
29,L,-1800,-1460,114,-10,0
29,L,-1800,-1460,115,-9,0
29,L,-1800,-1460,116,-9,0
29,L,-1800,-1460,117,-10,0
29,L,-1800,-1460,118,-9,0
29,L,-1800,-1460,119,-9,0
29,L,-1800,-1460,120,-10,0
29,L,-1800,-1460,121,-9,0
29,L,-1800,-1460,122,-9,0
29,L,-1800,-1460,123,-10,0
29,L,-1800,-1460,124,-9,0
29,L,-1800,-1460,125,-9,0
29,L,-1800,-1460,126,-10,0
29,L,-1800,-1460,127,-10,0
29,L,-1800,-1460,128,-9,0
29,L,-1800,-1460,129,-10,0
29,L,-1800,-1460,130,-9,0
29,L,-1800,-1460,131,-10,0
29,L,-1800,-1460,132,-9,0
29,L,-1800,-1460,133,-9,0
29,L,-1800,-1460,134,-10,0
29,L,-1800,-1460,135,-9,0
29,L,-1800,-1460,136,-10,0
29,L,-1800,-1460,137,-9,0
29,L,-1800,-1460,138,-9,0
29,L,-1800,-1460,139,-10,0
29,L,-1800,-1460,140,-10,0
29,L,-1800,-1460,141,-9,0
29,L,-1800,-1460,142,-10,0
29,L,-1800,-1460,143,-9,0
29,L,-1800,-1460,144,-9,0
29,L,-1800,-1460,145,-10,0
29,L,-1800,-1460,146,-10,0
29,L,-1800,-1460,147,-9,0
29,L,-1800,-1460,148,-10,0
29,L,-1800,-1460,149,-9,0
29,L,-1800,-1460,150,-10,0
29,L,-1800,-1460,151,-9,0
29,L,-1800,-1460,152,-9,0
29,L,-1800,-1460,153,-10,0
29,L,-1800,-1460,154,-10,0
29,L,-1800,-1460,155,-10,0
29,L,-1800,-1460,156,-9,0
29,L,-1800,-1460,157,-9,0
29,L,-1800,-1460,158,-10,0
29,L,-1800,-1460,159,-9,0
29,L,-1800,-1460,160,-9,0
29,L,-1800,-1460,161,-10,0
29,L,-1800,-1460,162,-10,0
29,L,-1800,-1460,163,-10,0
29,L,-1800,-1460,164,-9,0
29,L,-1800,-1460,165,-9,0
29,L,-1800,-1460,166,-10,0
29,L,-1800,-1460,167,-9,0
29,L,-1800,-1460,168,-10,0
29,L,-1800,-1460,169,-10,0
29,L,-1800,-1460,170,-9,0
29,L,-1800,-1460,171,-10,0
29,L,-1800,-1460,172,-9,0
29,L,-1800,-1460,173,-9,0
29,L,-1800,-1460,174,-10,0
29,L,-1800,-1460,175,-9,0
29,L,-1800,-1460,176,-10,0
29,L,-1800,-1460,177,-10,0
29,L,-1800,-1460,178,-9,0
29,L,-1800,-1460,179,-10,0
29,L,-1800,-1460,180,-9,0
29,L,-1800,-1460,181,-9,0
29,L,-1800,-1460,182,-10,0
29,L,-1800,-1460,183,-10,0
29,L,-1800,-1460,184,-10,0
29,L,-1800,-1460,185,-9,0
29,L,-1800,-1460,186,-9,0
29,L,-1800,-1460,187,-10,0
29,L,-1800,-1460,188,-9,0
29,L,-1800,-1460,189,-9,0
29,L,-1800,-1460,190,-11,0
29,L,-1800,-1460,191,-9,0
29,L,-1800,-1460,192,-10,0
29,L,-1800,-1460,193,-9,0
29,L,-1800,-1460,194,-9,0
29,L,-1800,-1460,195,-10,0
29,L,-1800,-1460,196,-10,0
29,L,-1800,-1460,197,-9,0
29,L,-1800,-1460,198,-10,0
29,L,-1800,-1460,199,-9,0
29,L,-1800,-1460,200,-10,0
29,L,-1800,-1460,201,-9,0
29,L,-1800,-1460,202,-9,0
29,L,-1800,-1460,203,-10,0
29,L,-1800,-1460,204,-9,0
29,L,-1800,-1460,205,-9,0
29,L,-1800,-1460,206,-10,0
29,L,-1800,-1460,207,-9,0
29,L,-1800,-1460,208,-9,0
29,L,-1800,-1460,209,-8,0
29,L,-1800,-1460,210,-10,0
29,L,-1800,-1460,211,-8,0
29,L,-1800,-1460,212,-9,0
29,L,-1800,-1460,213,-8,0
29,L,-1800,-1460,214,-9,0
29,L,-1800,-1460,215,-8,0
29,L,-1800,-1460,216,-9,0
29,L,-1800,-1460,217,-9,0
29,L,-1800,-1460,218,-8,0
29,L,-1800,-1460,219,-8,0
29,L,-1800,-1460,220,-8,0
29,L,-1800,-1460,221,-8,0
29,L,-1800,-1460,222,-8,0
29,L,-1800,-1460,223,-8,0
29,L,-1800,-1460,224,-8,0
29,L,-1800,-1460,225,-8,0
29,L,-1800,-1460,226,-8,0
29,L,-1800,-1460,227,-6,0
29,L,-1800,-1460,228,-8,0
29,L,-1800,-1460,229,-8,0
29,L,-1800,-1460,230,-7,0
29,L,-1800,-1460,231,-8,0
29,L,-1800,-1460,232,-7,0
29,L,-1800,-1460,233,-8,0
29,L,-1800,-1460,234,-6,0
29,L,-1800,-1460,235,-7,0
29,L,-1800,-1460,236,-8,0
29,L,-1800,-1460,237,-7,0
29,L,-1800,-1460,238,-6,0
29,L,-1800,-1460,239,-7,0
29,L,-1800,-1460,240,-7,0
29,L,-1800,-1460,241,-7,0
29,L,-1800,-1460,242,-7,0
29,L,-1800,-1460,243,-7,0
29,L,-1800,-1460,244,-6,0
29,L,-1800,-1460,245,-7,0
29,L,-1800,-1460,246,-6,0
29,L,-1800,-1460,247,-6,0
29,L,-1800,-1460,248,-7,0
29,L,-1800,-1460,249,-6,0
29,L,-1800,-1460,250,-6,0
29,L,-1800,-1460,251,-7,0
29,L,-1800,-1460,252,-6,0
29,L,-1800,-1460,253,-6,0
29,L,-1800,-1460,254,-6,0
29,L,-1800,-1460,255,-6,0
29,L,-1800,-1460,256,-6,0
29,L,-1800,-1460,257,-6,0
29,L,-1800,-1460,258,-5,0
29,L,-1800,-1460,259,-7,0
29,L,-1800,-1460,260,-5,0
29,L,-1800,-1460,261,-6,0
29,L,-1800,-1460,262,-6,0
29,L,-1800,-1460,263,-5,0
29,L,-1800,-1460,264,-6,0
29,L,-1800,-1460,265,-5,0
29,L,-1800,-1460,266,-5,0
29,L,-1800,-1460,267,-6,0
29,L,-1800,-1460,268,-5,0
29,L,-1800,-1460,269,-5,0
29,L,-1800,-1460,270,-6,0
29,L,-1800,-1460,271,-5,0
29,L,-1800,-1460,272,-5,0
29,L,-1800,-1460,273,-6,0
29,L,-1800,-1460,274,-5,0
29,L,-1800,-1460,275,-5,0
29,L,-1800,-1460,276,-5,0
29,L,-1800,-1460,277,-5,0
29,L,-1800,-1460,278,-5,0
29,L,-1800,-1460,279,-4,0
29,L,-1800,-1460,280,-5,0
29,L,-1800,-1460,281,-5,0
29,L,-1800,-1460,282,-5,0
29,L,-1800,-1460,283,-5,0
29,L,-1800,-1460,284,-4,0
29,L,-1800,-1460,285,-5,0
29,L,-1800,-1460,286,-4,0
29,L,-1800,-1460,287,-5,0
29,L,-1800,-1460,288,-5,0
29,L,-1800,-1460,289,-4,0
29,L,-1800,-1460,290,-5,0
29,L,-1800,-1460,291,-4,0
29,L,-1800,-1460,292,-4,0
29,L,-1800,-1460,293,-5,0
29,L,-1800,-1460,294,-4,0
29,L,-1800,-1460,295,-4,0
29,L,-1800,-1460,296,-4,0
29,L,-1800,-1460,297,-4,0
29,L,-1800,-1460,298,-4,0
29,L,-1800,-1460,299,-5,0
29,L,-1800,-1460,300,-4,0
29,L,-1800,-1460,301,-4,0
29,L,-1800,-1460,302,-4,0
29,L,-1800,-1460,303,-4,0
29,L,-1800,-1460,304,-4,0
29,L,-1800,-1460,305,-4,0
29,L,-1800,-1460,306,-4,0
29,L,-1800,-1460,307,-3,0
29,L,-1800,-1460,308,-4,0
29,L,-1800,-1460,309,-4,0
29,L,-1800,-1460,310,-4,0
29,L,-1800,-1460,311,-4,0
29,L,-1800,-1460,312,-3,0
29,L,-1800,-1460,313,-4,0
29,L,-1800,-1460,314,-4,0
29,L,-1800,-1460,315,-4,0
29,L,-1800,-1460,316,-3,0
29,L,-1800,-1460,317,-4,0
29,L,-1800,-1460,318,-4,0
29,L,-1800,-1460,319,-2,0
29,L,-1800,-1460,320,-4,0
29,L,-1800,-1460,321,-3,0
29,L,-1800,-1460,322,-4,0
29,L,-1800,-1460,323,-3,0
29,L,-1800,-1460,324,-4,0
29,L,-1800,-1460,325,-3,0
29,L,-1800,-1460,326,-3,0
29,L,-1800,-1460,327,-3,0
29,L,-1800,-1460,328,-4,0
29,L,-1800,-1460,329,-3,0
29,L,-1800,-1460,330,-4,0
29,L,-1800,-1460,331,-2,0
29,L,-1800,-1460,332,-3,0
29,L,-1800,-1460,333,-4,0
29,L,-1800,-1460,334,-3,0
29,L,-1800,-1460,335,-2,0
29,L,-1800,-1460,336,-4,0
29,L,-1800,-1460,337,-3,0
29,L,-1800,-1460,338,-3,0
29,L,-1800,-1460,339,-2,0
29,L,-1800,-1460,340,-4,0
29,L,-1800,-1460,341,-3,0
29,L,-1800,-1460,342,-3,0
29,L,-1800,-1460,343,-2,0
29,L,-1800,-1460,344,-3,0
29,L,-1800,-1460,345,-3,0
29,L,-1800,-1460,346,-3,0
29,L,-1800,-1460,347,-3,0
29,L,-1800,-1460,348,-3,0
29,L,-1800,-1460,349,-3,0
29,L,-1800,-1460,350,-2,0
29,L,-1800,-1460,351,-3,0
29,L,-1800,-1460,352,-3,0
29,L,-1800,-1460,353,-2,0
29,L,-1800,-1460,354,-3,0
29,L,-1800,-1460,355,-3,0
29,L,-1800,-1460,356,-2,0
29,L,-1800,-1460,357,-3,0
29,L,-1800,-1460,358,-3,0
29,L,-1800,-1460,359,-2,0
29,L,-1800,-1460,360,-3,0
29,L,-1800,-1460,361,-2,0
29,L,-1800,-1460,362,-2,0
29,L,-1800,-1460,363,-3,0
29,L,-1800,-1460,364,-2,0
29,L,-1800,-1460,365,-3,0
29,L,-1800,-1460,366,-3,0
29,L,-1800,-1460,367,-2,0
29,L,-1800,-1460,368,-2,0
29,L,-1800,-1460,369,-2,0
29,L,-1800,-1460,370,-3,0
29,L,-1800,-1460,371,-2,0
29,L,-1800,-1460,372,-2,0
29,L,-1800,-1460,373,-3,0
29,L,-1800,-1460,374,-2,0
29,L,-1800,-1460,375,-3,0
29,L,-1800,-1460,376,-1,0
29,L,-1800,-1460,377,-3,0
29,L,-1800,-1460,378,-2,0
29,L,-1800,-1460,379,-2,0
29,L,-1800,-1460,380,-3,0
29,L,-1800,-1460,381,-2,0
29,L,-1800,-1460,382,-2,0
29,L,-1800,-1460,383,-2,0
29,L,-1800,-1460,384,-3,0
29,L,-1800,-1460,385,-1,0
29,L,-1800,-1460,386,-3,0
29,L,-1800,-1460,387,-1,0
29,L,-1800,-1460,388,-3,0
29,L,-1800,-1460,389,-2,0
29,L,-1800,-1460,390,-2,0
29,L,-1800,-1460,391,-2,0
29,L,-1800,-1460,392,-2,0
29,L,-1800,-1460,393,-3,0
29,L,-1800,-1460,394,-1,0
29,L,-1800,-1460,395,-3,0
29,L,-1800,-1460,396,-1,0
29,L,-1800,-1460,397,-3,0
29,L,-1800,-1460,398,-1,0
29,L,-1800,-1460,399,-3,0
29,L,-1800,-1460,400,-1,0
29,L,-1800,-1460,401,-3,0
29,L,-1800,-1460,402,-1,0
29,L,-1800,-1460,403,-2,0
29,L,-1800,-1460,404,-2,0
29,L,-1800,-1460,405,-1,0
29,L,-1800,-1460,406,-2,0
29,L,-1800,-1460,407,-2,0
29,L,-1800,-1460,408,-1,0
29,L,-1800,-1460,409,-2,0
29,L,-1800,-1460,410,-1,0
29,L,-1800,-1460,411,-2,0
29,L,-1800,-1460,412,-1,0
29,L,-1800,-1460,413,-1,0
29,L,-1800,-1460,414,0,0
29,L,-1800,-1460,415,-2,0
29,L,-1800,-1460,416,-1,0
29,L,-1800,-1460,417,-1,0
29,L,-1800,-1460,418,-1,0
29,L,-1800,-1460,419,-1,0
29,L,-1800,-1460,420,-1,0
29,L,-1800,-1460,421,-1,0
29,L,-1800,-1460,422,0,0
29,L,-1800,-1460,423,-2,0
29,L,-1800,-1460,424,0,0
29,L,-1800,-1460,425,-1,0
29,L,-1800,-1460,426,0,0
29,L,-1800,-1460,427,0,0
29,L,-1800,-1460,428,-1,0
29,L,-1800,-1460,429,0,0
29,L,-1800,-1460,430,0,0
29,L,-1800,-1460,431,0,0
29,L,-1800,-1460,432,0,0
29,L,-1800,-1460,433,-1,0
29,L,-1800,-1460,434,0,0
29,L,-1800,-1460,435,0,0
29,L,-1800,-1460,436,0,0
29,L,-1800,-1460,437,0,0
29,L,-1800,-1460,438,0,0
29,L,-1800,-1460,439,0,0
29,L,-1800,-1460,440,0,0
29,L,-1800,-1460,441,0,0
29,L,-1800,-1460,442,0,0
29,L,-1800,-1460,443,0,0
29,L,-1800,-1460,444,0,0
29,L,-1800,-1460,445,0,0
29,L,-1800,-1460,446,0,0
29,L,-1800,-1460,447,0,0
29,L,-1800,-1460,448,0,0
29,L,-1800,-1460,449,0,0
29,L,-1800,-1460,450,0,0
29,L,-1800,-1460,451,0,0
29,L,-1800,-1460,452,0,0
29,L,-1800,-1460,453,0,0
29,L,-1800,-1460,454,0,0
29,L,-1800,-1460,455,0,0
29,L,-1800,-1460,456,0,0
29,L,-1800,-1460,457,0,0
29,L,-1800,-1460,458,0,0
29,L,-1800,-1460,459,0,0
29,L,-1800,-1460,460,0,0
29,L,-1800,-1460,461,0,0
29,L,-1800,-1460,462,0,0
29,L,-1800,-1460,463,0,0
29,L,-1800,-1460,464,0,0
29,L,-1800,-1460,465,0,0
29,L,-1800,-1460,466,0,0
29,L,-1800,-1460,467,0,0
29,L,-1800,-1460,468,0,0
29,L,-1800,-1460,469,0,0
29,L,-1800,-1460,470,0,0
29,L,-1800,-1460,471,0,0
29,L,-1800,-1460,472,0,0
29,L,-1800,-1460,473,0,0
29,L,-1800,-1460,474,0,0
29,L,-1800,-1460,475,0,0
29,L,-1800,-1460,476,0,0
29,L,-1800,-1460,477,0,0
29,L,-1800,-1460,478,0,0
29,L,-1800,-1460,479,0,0
29,L,-1800,-1460,480,0,0
29,L,-1800,-1460,481,0,0
29,L,-1800,-1460,482,0,0
29,L,-1800,-1460,483,0,0
29,L,-1800,-1460,484,0,0
29,L,-1800,-1460,485,0,0
29,L,-1800,-1460,486,0,0
29,L,-1800,-1460,487,0,0
29,L,-1800,-1460,488,0,0
29,L,-1800,-1460,489,0,0
29,L,-1800,-1460,490,0,0
29,L,-1800,-1460,491,0,0
29,L,-1800,-1460,492,0,0
29,L,-1800,-1460,493,0,0
29,L,-1800,-1460,494,0,0
29,L,-1800,-1460,495,0,0
29,L,-1800,-1460,496,0,0
29,L,-1800,-1460,497,0,0
29,L,-1800,-1460,498,0,0
29,L,-1800,-1460,499,0,0
30,L,-1800,-1480,0,0,0
30,L,-1800,-1480,1,0,0
30,L,-1800,-1480,2,-1,0
30,L,-1800,-1480,3,-1,0
30,L,-1800,-1480,4,-1,0
30,L,-1800,-1480,5,-2,0
30,L,-1800,-1480,6,-2,0
30,L,-1800,-1480,7,-3,0
30,L,-1800,-1480,8,-4,0
30,L,-1800,-1480,9,-3,0
30,L,-1800,-1480,10,-4,0
30,L,-1800,-1480,11,-4,0
30,L,-1800,-1480,12,-5,0
30,L,-1800,-1480,13,-4,0
30,L,-1800,-1480,14,-5,0
30,L,-1800,-1480,15,-6,0
30,L,-1800,-1480,16,-5,0
30,L,-1800,-1480,17,-5,0
30,L,-1800,-1480,18,-6,0
30,L,-1800,-1480,19,-6,0
30,L,-1800,-1480,20,-6,0
30,L,-1800,-1480,21,-6,0
30,L,-1800,-1480,22,-6,0
30,L,-1800,-1480,23,-7,0
30,L,-1800,-1480,24,-6,0
30,L,-1800,-1480,25,-7,0
30,L,-1800,-1480,26,-6,0
30,L,-1800,-1480,27,-8,0
30,L,-1800,-1480,28,-7,0
30,L,-1800,-1480,29,-7,0
30,L,-1800,-1480,30,-7,0
30,L,-1800,-1480,31,-7,0
30,L,-1800,-1480,32,-8,0
30,L,-1800,-1480,33,-7,0
30,L,-1800,-1480,34,-8,0
30,L,-1800,-1480,35,-7,0
30,L,-1800,-1480,36,-8,0
30,L,-1800,-1480,37,-8,0
30,L,-1800,-1480,38,-8,0
30,L,-1800,-1480,39,-7,0
30,L,-1800,-1480,40,-8,0
30,L,-1800,-1480,41,-8,0
30,L,-1800,-1480,42,-8,0
30,L,-1800,-1480,43,-8,0
30,L,-1800,-1480,44,-8,0
30,L,-1800,-1480,45,-9,0
30,L,-1800,-1480,46,-8,0
30,L,-1800,-1480,47,-8,0
30,L,-1800,-1480,48,-8,0
30,L,-1800,-1480,49,-9,0
30,L,-1800,-1480,50,-8,0
30,L,-1800,-1480,51,-8,0
30,L,-1800,-1480,52,-8,0
30,L,-1800,-1480,53,-9,0
30,L,-1800,-1480,54,-8,0
30,L,-1800,-1480,55,-10,0
30,L,-1800,-1480,56,-8,0
30,L,-1800,-1480,57,-9,0
30,L,-1800,-1480,58,-8,0
30,L,-1800,-1480,59,-9,0
30,L,-1800,-1480,60,-8,0
30,L,-1800,-1480,61,-9,0
30,L,-1800,-1480,62,-9,0
30,L,-1800,-1480,63,-9,0
30,L,-1800,-1480,64,-8,0
30,L,-1800,-1480,65,-9,0
30,L,-1800,-1480,66,-9,0
30,L,-1800,-1480,67,-9,0
30,L,-1800,-1480,68,-9,0
30,L,-1800,-1480,69,-9,0
30,L,-1800,-1480,70,-8,0
30,L,-1800,-1480,71,-10,0
30,L,-1800,-1480,72,-9,0
30,L,-1800,-1480,73,-8,0
30,L,-1800,-1480,74,-9,0
30,L,-1800,-1480,75,-10,0
30,L,-1800,-1480,76,-9,0
30,L,-1800,-1480,77,-8,0
30,L,-1800,-1480,78,-10,0
30,L,-1800,-1480,79,-9,0
30,L,-1800,-1480,80,-9,0
30,L,-1800,-1480,81,-9,0
30,L,-1800,-1480,82,-9,0
30,L,-1800,-1480,83,-9,0
30,L,-1800,-1480,84,-9,0
30,L,-1800,-1480,85,-9,0
30,L,-1800,-1480,86,-10,0
30,L,-1800,-1480,87,-9,0
30,L,-1800,-1480,88,-9,0
30,L,-1800,-1480,89,-10,0
30,L,-1800,-1480,90,-9,0
30,L,-1800,-1480,91,-9,0
30,L,-1800,-1480,92,-10,0
30,L,-1800,-1480,93,-9,0
30,L,-1800,-1480,94,-8,0
30,L,-1800,-1480,95,-10,0
30,L,-1800,-1480,96,-9,0
30,L,-1800,-1480,97,-9,0
30,L,-1800,-1480,98,-9,0
30,L,-1800,-1480,99,-10,0
30,L,-1800,-1480,100,-9,0
30,L,-1800,-1480,101,-10,0
30,L,-1800,-1480,102,-9,0
30,L,-1800,-1480,103,-9,0
30,L,-1800,-1480,104,-9,0
30,L,-1800,-1480,105,-10,0
30,L,-1800,-1480,106,-10,0
30,L,-1800,-1480,107,-9,0
30,L,-1800,-1480,108,-9,0
30,L,-1800,-1480,109,-10,0
30,L,-1800,-1480,110,-10,0
30,L,-1800,-1480,111,-9,0
30,L,-1800,-1480,112,-9,0
30,L,-1800,-1480,113,-10,0
30,L,-1800,-1480,114,-9,0
30,L,-1800,-1480,115,-9,0
30,L,-1800,-1480,116,-10,0
30,L,-1800,-1480,117,-9,0
30,L,-1800,-1480,118,-9,0
30,L,-1800,-1480,119,-10,0
30,L,-1800,-1480,120,-10,0
30,L,-1800,-1480,121,-10,0
30,L,-1800,-1480,122,-9,0
30,L,-1800,-1480,123,-9,0
30,L,-1800,-1480,124,-10,0
30,L,-1800,-1480,125,-9,0
30,L,-1800,-1480,126,-9,0
30,L,-1800,-1480,127,-10,0
30,L,-1800,-1480,128,-9,0
30,L,-1800,-1480,129,-10,0
30,L,-1800,-1480,130,-10,0
30,L,-1800,-1480,131,-9,0
30,L,-1800,-1480,132,-10,0
30,L,-1800,-1480,133,-9,0
30,L,-1800,-1480,134,-10,0
30,L,-1800,-1480,135,-10,0
30,L,-1800,-1480,136,-9,0
30,L,-1800,-1480,137,-10,0
30,L,-1800,-1480,138,-9,0
30,L,-1800,-1480,139,-9,0
30,L,-1800,-1480,140,-10,0
30,L,-1800,-1480,141,-10,0
30,L,-1800,-1480,142,-9,0
30,L,-1800,-1480,143,-10,0
30,L,-1800,-1480,144,-9,0
30,L,-1800,-1480,145,-10,0
30,L,-1800,-1480,146,-9,0
30,L,-1800,-1480,147,-10,0
30,L,-1800,-1480,148,-10,0
30,L,-1800,-1480,149,-9,0
30,L,-1800,-1480,150,-10,0
30,L,-1800,-1480,151,-9,0
30,L,-1800,-1480,152,-10,0
30,L,-1800,-1480,153,-10,0
30,L,-1800,-1480,154,-9,0
30,L,-1800,-1480,155,-10,0
30,L,-1800,-1480,156,-9,0
30,L,-1800,-1480,157,-10,0
30,L,-1800,-1480,158,-10,0
30,L,-1800,-1480,159,-9,0
30,L,-1800,-1480,160,-10,0
30,L,-1800,-1480,161,-9,0
30,L,-1800,-1480,162,-10,0
30,L,-1800,-1480,163,-10,0
30,L,-1800,-1480,164,-9,0
30,L,-1800,-1480,165,-10,0
30,L,-1800,-1480,166,-9,0
30,L,-1800,-1480,167,-9,0
30,L,-1800,-1480,168,-10,0
30,L,-1800,-1480,169,-10,0
30,L,-1800,-1480,170,-10,0
30,L,-1800,-1480,171,-9,0
30,L,-1800,-1480,172,-9,0
30,L,-1800,-1480,173,-10,0
30,L,-1800,-1480,174,-10,0
30,L,-1800,-1480,175,-10,0
30,L,-1800,-1480,176,-9,0
30,L,-1800,-1480,177,-9,0
30,L,-1800,-1480,178,-10,0
30,L,-1800,-1480,179,-10,0
30,L,-1800,-1480,180,-10,0
30,L,-1800,-1480,181,-9,0
30,L,-1800,-1480,182,-9,0
30,L,-1800,-1480,183,-10,0
30,L,-1800,-1480,184,-10,0
30,L,-1800,-1480,185,-10,0
30,L,-1800,-1480,186,-9,0
30,L,-1800,-1480,187,-9,0
30,L,-1800,-1480,188,-10,0
30,L,-1800,-1480,189,-10,0
30,L,-1800,-1480,190,-10,0
30,L,-1800,-1480,191,-9,0
30,L,-1800,-1480,192,-9,0
30,L,-1800,-1480,193,-10,0
30,L,-1800,-1480,194,-10,0
30,L,-1800,-1480,195,-10,0
30,L,-1800,-1480,196,-9,0
30,L,-1800,-1480,197,-9,0
30,L,-1800,-1480,198,-10,0
30,L,-1800,-1480,199,-10,0
30,L,-1800,-1480,200,-10,0
30,L,-1800,-1480,201,-9,0
30,L,-1800,-1480,202,-9,0
30,L,-1800,-1480,203,-10,0
30,L,-1800,-1480,204,-9,0
30,L,-1800,-1480,205,-9,0
30,L,-1800,-1480,206,-10,0
30,L,-1800,-1480,207,-9,0
30,L,-1800,-1480,208,-9,0
30,L,-1800,-1480,209,-8,0
30,L,-1800,-1480,210,-10,0
30,L,-1800,-1480,211,-9,0
30,L,-1800,-1480,212,-8,0
30,L,-1800,-1480,213,-9,0
30,L,-1800,-1480,214,-8,0
30,L,-1800,-1480,215,-9,0
30,L,-1800,-1480,216,-9,0
30,L,-1800,-1480,217,-8,0
30,L,-1800,-1480,218,-9,0
30,L,-1800,-1480,219,-8,0
30,L,-1800,-1480,220,-8,0
30,L,-1800,-1480,221,-8,0
30,L,-1800,-1480,222,-8,0
30,L,-1800,-1480,223,-8,0
30,L,-1800,-1480,224,-8,0
30,L,-1800,-1480,225,-8,0
30,L,-1800,-1480,226,-8,0
30,L,-1800,-1480,227,-7,0
30,L,-1800,-1480,228,-8,0
30,L,-1800,-1480,229,-8,0
30,L,-1800,-1480,230,-7,0
30,L,-1800,-1480,231,-7,0
30,L,-1800,-1480,232,-8,0
30,L,-1800,-1480,233,-7,0
30,L,-1800,-1480,234,-8,0
30,L,-1800,-1480,235,-7,0
30,L,-1800,-1480,236,-7,0
30,L,-1800,-1480,237,-7,0
30,L,-1800,-1480,238,-7,0
30,L,-1800,-1480,239,-7,0
30,L,-1800,-1480,240,-7,0
30,L,-1800,-1480,241,-7,0
30,L,-1800,-1480,242,-7,0
30,L,-1800,-1480,243,-7,0
30,L,-1800,-1480,244,-6,0
30,L,-1800,-1480,245,-7,0
30,L,-1800,-1480,246,-7,0
30,L,-1800,-1480,247,-6,0
30,L,-1800,-1480,248,-7,0
30,L,-1800,-1480,249,-7,0
30,L,-1800,-1480,250,-5,0
30,L,-1800,-1480,251,-7,0
30,L,-1800,-1480,252,-6,0
30,L,-1800,-1480,253,-7,0
30,L,-1800,-1480,254,-5,0
30,L,-1800,-1480,255,-7,0
30,L,-1800,-1480,256,-6,0
30,L,-1800,-1480,257,-6,0
30,L,-1800,-1480,258,-5,0
30,L,-1800,-1480,259,-7,0
30,L,-1800,-1480,260,-5,0
30,L,-1800,-1480,261,-7,0
30,L,-1800,-1480,262,-5,0
30,L,-1800,-1480,263,-6,0
30,L,-1800,-1480,264,-6,0
30,L,-1800,-1480,265,-6,0
30,L,-1800,-1480,266,-5,0
30,L,-1800,-1480,267,-5,0
30,L,-1800,-1480,268,-6,0
30,L,-1800,-1480,269,-5,0
30,L,-1800,-1480,270,-6,0
30,L,-1800,-1480,271,-6,0
30,L,-1800,-1480,272,-5,0
30,L,-1800,-1480,273,-5,0
30,L,-1800,-1480,274,-5,0
30,L,-1800,-1480,275,-5,0
30,L,-1800,-1480,276,-5,0
30,L,-1800,-1480,277,-6,0
30,L,-1800,-1480,278,-5,0
30,L,-1800,-1480,279,-5,0
30,L,-1800,-1480,280,-5,0
30,L,-1800,-1480,281,-5,0
30,L,-1800,-1480,282,-5,0
30,L,-1800,-1480,283,-5,0
30,L,-1800,-1480,284,-4,0
30,L,-1800,-1480,285,-6,0
30,L,-1800,-1480,286,-4,0
30,L,-1800,-1480,287,-5,0
30,L,-1800,-1480,288,-5,0
30,L,-1800,-1480,289,-4,0
30,L,-1800,-1480,290,-5,0
30,L,-1800,-1480,291,-5,0
30,L,-1800,-1480,292,-4,0
30,L,-1800,-1480,293,-5,0
30,L,-1800,-1480,294,-4,0
30,L,-1800,-1480,295,-4,0
30,L,-1800,-1480,296,-5,0
30,L,-1800,-1480,297,-4,0
30,L,-1800,-1480,298,-4,0
30,L,-1800,-1480,299,-5,0
30,L,-1800,-1480,300,-5,0
30,L,-1800,-1480,301,-4,0
30,L,-1800,-1480,302,-4,0
30,L,-1800,-1480,303,-4,0
30,L,-1800,-1480,304,-4,0
30,L,-1800,-1480,305,-4,0
30,L,-1800,-1480,306,-5,0
30,L,-1800,-1480,307,-4,0
30,L,-1800,-1480,308,-4,0
30,L,-1800,-1480,309,-4,0
30,L,-1800,-1480,310,-4,0
30,L,-1800,-1480,311,-3,0
30,L,-1800,-1480,312,-4,0
30,L,-1800,-1480,313,-4,0
30,L,-1800,-1480,314,-4,0
30,L,-1800,-1480,315,-4,0
30,L,-1800,-1480,316,-4,0
30,L,-1800,-1480,317,-4,0
30,L,-1800,-1480,318,-3,0
30,L,-1800,-1480,319,-4,0
30,L,-1800,-1480,320,-3,0
30,L,-1800,-1480,321,-4,0
30,L,-1800,-1480,322,-4,0
30,L,-1800,-1480,323,-3,0
30,L,-1800,-1480,324,-4,0
30,L,-1800,-1480,325,-4,0
30,L,-1800,-1480,326,-3,0
30,L,-1800,-1480,327,-4,0
30,L,-1800,-1480,328,-3,0
30,L,-1800,-1480,329,-3,0
30,L,-1800,-1480,330,-4,0
30,L,-1800,-1480,331,-3,0
30,L,-1800,-1480,332,-4,0
30,L,-1800,-1480,333,-3,0
30,L,-1800,-1480,334,-4,0
30,L,-1800,-1480,335,-2,0
30,L,-1800,-1480,336,-4,0
30,L,-1800,-1480,337,-3,0
30,L,-1800,-1480,338,-4,0
30,L,-1800,-1480,339,-3,0
30,L,-1800,-1480,340,-3,0
30,L,-1800,-1480,341,-3,0
30,L,-1800,-1480,342,-3,0
30,L,-1800,-1480,343,-4,0
30,L,-1800,-1480,344,-3,0
30,L,-1800,-1480,345,-2,0
30,L,-1800,-1480,346,-4,0
30,L,-1800,-1480,347,-3,0
30,L,-1800,-1480,348,-3,0
30,L,-1800,-1480,349,-3,0
30,L,-1800,-1480,350,-3,0
30,L,-1800,-1480,351,-3,0
30,L,-1800,-1480,352,-3,0
30,L,-1800,-1480,353,-2,0
30,L,-1800,-1480,354,-3,0
30,L,-1800,-1480,355,-4,0
30,L,-1800,-1480,356,-3,0
30,L,-1800,-1480,357,-2,0
30,L,-1800,-1480,358,-3,0
30,L,-1800,-1480,359,-3,0
30,L,-1800,-1480,360,-3,0
30,L,-1800,-1480,361,-3,0
30,L,-1800,-1480,362,-3,0
30,L,-1800,-1480,363,-3,0
30,L,-1800,-1480,364,-2,0
30,L,-1800,-1480,365,-3,0
30,L,-1800,-1480,366,-3,0
30,L,-1800,-1480,367,-2,0
30,L,-1800,-1480,368,-3,0
30,L,-1800,-1480,369,-3,0
30,L,-1800,-1480,370,-2,0
30,L,-1800,-1480,371,-3,0
30,L,-1800,-1480,372,-3,0
30,L,-1800,-1480,373,-2,0
30,L,-1800,-1480,374,-3,0
30,L,-1800,-1480,375,-2,0
30,L,-1800,-1480,376,-3,0
30,L,-1800,-1480,377,-2,0
30,L,-1800,-1480,378,-3,0
30,L,-1800,-1480,379,-2,0
30,L,-1800,-1480,380,-3,0
30,L,-1800,-1480,381,-2,0
30,L,-1800,-1480,382,-3,0
30,L,-1800,-1480,383,-3,0
30,L,-1800,-1480,384,-2,0
30,L,-1800,-1480,385,-2,0
30,L,-1800,-1480,386,-2,0
30,L,-1800,-1480,387,-3,0
30,L,-1800,-1480,388,-3,0
30,L,-1800,-1480,389,-2,0
30,L,-1800,-1480,390,-2,0
30,L,-1800,-1480,391,-2,0
30,L,-1800,-1480,392,-3,0
30,L,-1800,-1480,393,-3,0
30,L,-1800,-1480,394,-2,0
30,L,-1800,-1480,395,-2,0
30,L,-1800,-1480,396,-2,0
30,L,-1800,-1480,397,-3,0
30,L,-1800,-1480,398,-2,0
30,L,-1800,-1480,399,-2,0
30,L,-1800,-1480,400,-3,0
30,L,-1800,-1480,401,-2,0
30,L,-1800,-1480,402,-2,0
30,L,-1800,-1480,403,-2,0
30,L,-1800,-1480,404,-2,0
30,L,-1800,-1480,405,-2,0
30,L,-1800,-1480,406,-2,0
30,L,-1800,-1480,407,-2,0
30,L,-1800,-1480,408,-2,0
30,L,-1800,-1480,409,-1,0
30,L,-1800,-1480,410,-3,0
30,L,-1800,-1480,411,-1,0
30,L,-1800,-1480,412,-1,0
30,L,-1800,-1480,413,-2,0
30,L,-1800,-1480,414,-2,0
30,L,-1800,-1480,415,-1,0
30,L,-1800,-1480,416,-2,0
30,L,-1800,-1480,417,-1,0
30,L,-1800,-1480,418,-2,0
30,L,-1800,-1480,419,-1,0
30,L,-1800,-1480,420,0,0
30,L,-1800,-1480,421,-1,0
30,L,-1800,-1480,422,-2,0
30,L,-1800,-1480,423,-1,0
30,L,-1800,-1480,424,-1,0
30,L,-1800,-1480,425,0,0
30,L,-1800,-1480,426,-2,0
30,L,-1800,-1480,427,0,0
30,L,-1800,-1480,428,-1,0
30,L,-1800,-1480,429,0,0
30,L,-1800,-1480,430,-1,0
30,L,-1800,-1480,431,0,0
30,L,-1800,-1480,432,-1,0
30,L,-1800,-1480,433,-1,0
30,L,-1800,-1480,434,0,0
30,L,-1800,-1480,435,-1,0
30,L,-1800,-1480,436,0,0
30,L,-1800,-1480,437,0,0
30,L,-1800,-1480,438,0,0
30,L,-1800,-1480,439,0,0
30,L,-1800,-1480,440,0,0
30,L,-1800,-1480,441,0,0
30,L,-1800,-1480,442,0,0
30,L,-1800,-1480,443,0,0
30,L,-1800,-1480,444,0,0
30,L,-1800,-1480,445,0,0
30,L,-1800,-1480,446,0,0
30,L,-1800,-1480,447,0,0
30,L,-1800,-1480,448,0,0
30,L,-1800,-1480,449,1,0
30,L,-1800,-1480,450,0,0
30,L,-1800,-1480,451,0,0
30,L,-1800,-1480,452,0,0
30,L,-1800,-1480,453,0,0
30,L,-1800,-1480,454,0,0
30,L,-1800,-1480,455,0,0
30,L,-1800,-1480,456,0,0
30,L,-1800,-1480,457,0,0
30,L,-1800,-1480,458,0,0
30,L,-1800,-1480,459,0,0
30,L,-1800,-1480,460,0,0
30,L,-1800,-1480,461,0,0
30,L,-1800,-1480,462,0,0
30,L,-1800,-1480,463,0,0
30,L,-1800,-1480,464,0,0
30,L,-1800,-1480,465,0,0
30,L,-1800,-1480,466,0,0
30,L,-1800,-1480,467,0,0
30,L,-1800,-1480,468,0,0
30,L,-1800,-1480,469,0,0
30,L,-1800,-1480,470,0,0
30,L,-1800,-1480,471,0,0
30,L,-1800,-1480,472,0,0
30,L,-1800,-1480,473,0,0
30,L,-1800,-1480,474,0,0
30,L,-1800,-1480,475,0,0
30,L,-1800,-1480,476,0,0
30,L,-1800,-1480,477,0,0
30,L,-1800,-1480,478,0,0
30,L,-1800,-1480,479,0,0
30,L,-1800,-1480,480,0,0
30,L,-1800,-1480,481,0,0
30,L,-1800,-1480,482,0,0
30,L,-1800,-1480,483,0,0
30,L,-1800,-1480,484,0,0
30,L,-1800,-1480,485,0,0
30,L,-1800,-1480,486,0,0
30,L,-1800,-1480,487,0,0
30,L,-1800,-1480,488,0,0
30,L,-1800,-1480,489,0,0
30,L,-1800,-1480,490,0,0
30,L,-1800,-1480,491,0,0
30,L,-1800,-1480,492,0,0
30,L,-1800,-1480,493,0,0
30,L,-1800,-1480,494,0,0
30,L,-1800,-1480,495,0,0
30,L,-1800,-1480,496,0,0
30,L,-1800,-1480,497,0,0
30,L,-1800,-1480,498,0,0
30,L,-1800,-1480,499,0,0
31,L,-1800,-1500,0,0,0
31,L,-1800,-1500,1,0,0
31,L,-1800,-1500,2,-1,0
31,L,-1800,-1500,3,-1,0
31,L,-1800,-1500,4,-2,0
31,L,-1800,-1500,5,-1,0
31,L,-1800,-1500,6,-3,0
31,L,-1800,-1500,7,-2,0
31,L,-1800,-1500,8,-4,0
31,L,-1800,-1500,9,-3,0
31,L,-1800,-1500,10,-4,0
31,L,-1800,-1500,11,-4,0
31,L,-1800,-1500,12,-5,0
31,L,-1800,-1500,13,-5,0
31,L,-1800,-1500,14,-5,0
31,L,-1800,-1500,15,-5,0
31,L,-1800,-1500,16,-5,0
31,L,-1800,-1500,17,-6,0
31,L,-1800,-1500,18,-5,0
31,L,-1800,-1500,19,-7,0
31,L,-1800,-1500,20,-5,0
31,L,-1800,-1500,21,-7,0
31,L,-1800,-1500,22,-6,0
31,L,-1800,-1500,23,-6,0
31,L,-1800,-1500,24,-6,0
31,L,-1800,-1500,25,-7,0
31,L,-1800,-1500,26,-8,0
31,L,-1800,-1500,27,-7,0
31,L,-1800,-1500,28,-6,0
31,L,-1800,-1500,29,-7,0
31,L,-1800,-1500,30,-8,0
31,L,-1800,-1500,31,-7,0
31,L,-1800,-1500,32,-7,0
31,L,-1800,-1500,33,-7,0
31,L,-1800,-1500,34,-8,0
31,L,-1800,-1500,35,-8,0
31,L,-1800,-1500,36,-7,0
31,L,-1800,-1500,37,-8,0
31,L,-1800,-1500,38,-8,0
31,L,-1800,-1500,39,-8,0
31,L,-1800,-1500,40,-8,0
31,L,-1800,-1500,41,-8,0
31,L,-1800,-1500,42,-8,0
31,L,-1800,-1500,43,-8,0
31,L,-1800,-1500,44,-8,0
31,L,-1800,-1500,45,-8,0
31,L,-1800,-1500,46,-8,0
31,L,-1800,-1500,47,-8,0
31,L,-1800,-1500,48,-9,0
31,L,-1800,-1500,49,-8,0
31,L,-1800,-1500,50,-8,0
31,L,-1800,-1500,51,-8,0
31,L,-1800,-1500,52,-9,0
31,L,-1800,-1500,53,-9,0
31,L,-1800,-1500,54,-8,0
31,L,-1800,-1500,55,-9,0
31,L,-1800,-1500,56,-8,0
31,L,-1800,-1500,57,-9,0
31,L,-1800,-1500,58,-8,0
31,L,-1800,-1500,59,-9,0
31,L,-1800,-1500,60,-9,0
31,L,-1800,-1500,61,-9,0
31,L,-1800,-1500,62,-8,0
31,L,-1800,-1500,63,-9,0
31,L,-1800,-1500,64,-8,0
31,L,-1800,-1500,65,-10,0
31,L,-1800,-1500,66,-8,0
31,L,-1800,-1500,67,-9,0
31,L,-1800,-1500,68,-9,0
31,L,-1800,-1500,69,-9,0
31,L,-1800,-1500,70,-9,0
31,L,-1800,-1500,71,-9,0
31,L,-1800,-1500,72,-8,0
31,L,-1800,-1500,73,-9,0
31,L,-1800,-1500,74,-10,0
31,L,-1800,-1500,75,-9,0
31,L,-1800,-1500,76,-9,0
31,L,-1800,-1500,77,-8,0
31,L,-1800,-1500,78,-10,0
31,L,-1800,-1500,79,-9,0
31,L,-1800,-1500,80,-9,0
31,L,-1800,-1500,81,-9,0
31,L,-1800,-1500,82,-9,0
31,L,-1800,-1500,83,-9,0
31,L,-1800,-1500,84,-9,0
31,L,-1800,-1500,85,-10,0
31,L,-1800,-1500,86,-9,0
31,L,-1800,-1500,87,-9,0
31,L,-1800,-1500,88,-9,0
31,L,-1800,-1500,89,-9,0
31,L,-1800,-1500,90,-9,0
31,L,-1800,-1500,91,-9,0
31,L,-1800,-1500,92,-10,0
31,L,-1800,-1500,93,-9,0
31,L,-1800,-1500,94,-9,0
31,L,-1800,-1500,95,-10,0
31,L,-1800,-1500,96,-9,0
31,L,-1800,-1500,97,-9,0
31,L,-1800,-1500,98,-10,0
31,L,-1800,-1500,99,-9,0
31,L,-1800,-1500,100,-9,0
31,L,-1800,-1500,101,-10,0
31,L,-1800,-1500,102,-9,0
31,L,-1800,-1500,103,-9,0
31,L,-1800,-1500,104,-10,0
31,L,-1800,-1500,105,-9,0
31,L,-1800,-1500,106,-9,0
31,L,-1800,-1500,107,-10,0
31,L,-1800,-1500,108,-9,0
31,L,-1800,-1500,109,-9,0
31,L,-1800,-1500,110,-10,0
31,L,-1800,-1500,111,-9,0
31,L,-1800,-1500,112,-9,0
31,L,-1800,-1500,113,-10,0
31,L,-1800,-1500,114,-9,0
31,L,-1800,-1500,115,-9,0
31,L,-1800,-1500,116,-10,0
31,L,-1800,-1500,117,-10,0
31,L,-1800,-1500,118,-10,0
31,L,-1800,-1500,119,-9,0
31,L,-1800,-1500,120,-9,0
31,L,-1800,-1500,121,-10,0
31,L,-1800,-1500,122,-9,0
31,L,-1800,-1500,123,-9,0
31,L,-1800,-1500,124,-10,0
31,L,-1800,-1500,125,-9,0
31,L,-1800,-1500,126,-10,0
31,L,-1800,-1500,127,-10,0
31,L,-1800,-1500,128,-9,0
31,L,-1800,-1500,129,-10,0
31,L,-1800,-1500,130,-9,0
31,L,-1800,-1500,131,-9,0
31,L,-1800,-1500,132,-10,0
31,L,-1800,-1500,133,-9,0
31,L,-1800,-1500,134,-9,0
31,L,-1800,-1500,135,-11,0
31,L,-1800,-1500,136,-9,0
31,L,-1800,-1500,137,-10,0
31,L,-1800,-1500,138,-9,0
31,L,-1800,-1500,139,-9,0
31,L,-1800,-1500,140,-10,0
31,L,-1800,-1500,141,-10,0
31,L,-1800,-1500,142,-10,0
31,L,-1800,-1500,143,-9,0
31,L,-1800,-1500,144,-9,0
31,L,-1800,-1500,145,-10,0
31,L,-1800,-1500,146,-9,0
31,L,-1800,-1500,147,-10,0
31,L,-1800,-1500,148,-10,0
31,L,-1800,-1500,149,-9,0
31,L,-1800,-1500,150,-10,0
31,L,-1800,-1500,151,-9,0
31,L,-1800,-1500,152,-9,0
31,L,-1800,-1500,153,-10,0
31,L,-1800,-1500,154,-10,0
31,L,-1800,-1500,155,-10,0
31,L,-1800,-1500,156,-9,0
31,L,-1800,-1500,157,-9,0
31,L,-1800,-1500,158,-10,0
31,L,-1800,-1500,159,-10,0
31,L,-1800,-1500,160,-10,0
31,L,-1800,-1500,161,-9,0
31,L,-1800,-1500,162,-9,0
31,L,-1800,-1500,163,-10,0
31,L,-1800,-1500,164,-9,0
31,L,-1800,-1500,165,-10,0
31,L,-1800,-1500,166,-10,0
31,L,-1800,-1500,167,-9,0
31,L,-1800,-1500,168,-10,0
31,L,-1800,-1500,169,-9,0
31,L,-1800,-1500,170,-10,0
31,L,-1800,-1500,171,-9,0
31,L,-1800,-1500,172,-10,0
31,L,-1800,-1500,173,-10,0
31,L,-1800,-1500,174,-9,0
31,L,-1800,-1500,175,-9,0
31,L,-1800,-1500,176,-10,0
31,L,-1800,-1500,177,-10,0
31,L,-1800,-1500,178,-10,0
31,L,-1800,-1500,179,-9,0
31,L,-1800,-1500,180,-9,0
31,L,-1800,-1500,181,-10,0
31,L,-1800,-1500,182,-10,0
31,L,-1800,-1500,183,-10,0
31,L,-1800,-1500,184,-9,0
31,L,-1800,-1500,185,-9,0
31,L,-1800,-1500,186,-10,0
31,L,-1800,-1500,187,-9,0
31,L,-1800,-1500,188,-10,0
31,L,-1800,-1500,189,-10,0
31,L,-1800,-1500,190,-9,0
31,L,-1800,-1500,191,-10,0
31,L,-1800,-1500,192,-9,0
31,L,-1800,-1500,193,-10,0
31,L,-1800,-1500,194,-10,0
31,L,-1800,-1500,195,-9,0
31,L,-1800,-1500,196,-10,0
31,L,-1800,-1500,197,-9,0
31,L,-1800,-1500,198,-9,0
31,L,-1800,-1500,199,-11,0
31,L,-1800,-1500,200,-9,0
31,L,-1800,-1500,201,-10,0
31,L,-1800,-1500,202,-9,0
31,L,-1800,-1500,203,-9,0
31,L,-1800,-1500,204,-10,0
31,L,-1800,-1500,205,-9,0
31,L,-1800,-1500,206,-9,0
31,L,-1800,-1500,207,-9,0
31,L,-1800,-1500,208,-9,0
31,L,-1800,-1500,209,-9,0
31,L,-1800,-1500,210,-9,0
31,L,-1800,-1500,211,-9,0
31,L,-1800,-1500,212,-9,0
31,L,-1800,-1500,213,-8,0
31,L,-1800,-1500,214,-9,0
31,L,-1800,-1500,215,-8,0
31,L,-1800,-1500,216,-9,0
31,L,-1800,-1500,217,-8,0
31,L,-1800,-1500,218,-8,0
31,L,-1800,-1500,219,-8,0
31,L,-1800,-1500,220,-9,0
31,L,-1800,-1500,221,-9,0
31,L,-1800,-1500,222,-7,0
31,L,-1800,-1500,223,-9,0
31,L,-1800,-1500,224,-7,0
31,L,-1800,-1500,225,-8,0
31,L,-1800,-1500,226,-8,0
31,L,-1800,-1500,227,-7,0
31,L,-1800,-1500,228,-8,0
31,L,-1800,-1500,229,-8,0
31,L,-1800,-1500,230,-7,0
31,L,-1800,-1500,231,-8,0
31,L,-1800,-1500,232,-7,0
31,L,-1800,-1500,233,-8,0
31,L,-1800,-1500,234,-7,0
31,L,-1800,-1500,235,-7,0
31,L,-1800,-1500,236,-7,0
31,L,-1800,-1500,237,-8,0
31,L,-1800,-1500,238,-7,0
31,L,-1800,-1500,239,-6,0
31,L,-1800,-1500,240,-7,0
31,L,-1800,-1500,241,-8,0
31,L,-1800,-1500,242,-7,0
31,L,-1800,-1500,243,-6,0
31,L,-1800,-1500,244,-7,0
31,L,-1800,-1500,245,-7,0
31,L,-1800,-1500,246,-6,0
31,L,-1800,-1500,247,-7,0
31,L,-1800,-1500,248,-7,0
31,L,-1800,-1500,249,-6,0
31,L,-1800,-1500,250,-6,0
31,L,-1800,-1500,251,-6,0
31,L,-1800,-1500,252,-7,0
31,L,-1800,-1500,253,-7,0
31,L,-1800,-1500,254,-5,0
31,L,-1800,-1500,255,-7,0
31,L,-1800,-1500,256,-6,0
31,L,-1800,-1500,257,-6,0
31,L,-1800,-1500,258,-6,0
31,L,-1800,-1500,259,-6,0
31,L,-1800,-1500,260,-6,0
31,L,-1800,-1500,261,-6,0
31,L,-1800,-1500,262,-5,0
31,L,-1800,-1500,263,-7,0
31,L,-1800,-1500,264,-5,0
31,L,-1800,-1500,265,-6,0
31,L,-1800,-1500,266,-6,0
31,L,-1800,-1500,267,-5,0
31,L,-1800,-1500,268,-6,0
31,L,-1800,-1500,269,-5,0
31,L,-1800,-1500,270,-5,0
31,L,-1800,-1500,271,-6,0
31,L,-1800,-1500,272,-6,0
31,L,-1800,-1500,273,-5,0
31,L,-1800,-1500,274,-6,0
31,L,-1800,-1500,275,-5,0
31,L,-1800,-1500,276,-5,0
31,L,-1800,-1500,277,-5,0
31,L,-1800,-1500,278,-5,0
31,L,-1800,-1500,279,-5,0
31,L,-1800,-1500,280,-6,0
31,L,-1800,-1500,281,-5,0
31,L,-1800,-1500,282,-5,0
31,L,-1800,-1500,283,-5,0
31,L,-1800,-1500,284,-5,0
31,L,-1800,-1500,285,-5,0
31,L,-1800,-1500,286,-4,0
31,L,-1800,-1500,287,-5,0
31,L,-1800,-1500,288,-5,0
31,L,-1800,-1500,289,-5,0
31,L,-1800,-1500,290,-5,0
31,L,-1800,-1500,291,-4,0
31,L,-1800,-1500,292,-5,0
31,L,-1800,-1500,293,-4,0
31,L,-1800,-1500,294,-6,0
31,L,-1800,-1500,295,-4,0
31,L,-1800,-1500,296,-4,0
31,L,-1800,-1500,297,-5,0
31,L,-1800,-1500,298,-4,0
31,L,-1800,-1500,299,-5,0
31,L,-1800,-1500,300,-4,0
31,L,-1800,-1500,301,-4,0
31,L,-1800,-1500,302,-5,0
31,L,-1800,-1500,303,-5,0
31,L,-1800,-1500,304,-4,0
31,L,-1800,-1500,305,-4,0
31,L,-1800,-1500,306,-4,0
31,L,-1800,-1500,307,-4,0
31,L,-1800,-1500,308,-4,0
31,L,-1800,-1500,309,-5,0
31,L,-1800,-1500,310,-4,0
31,L,-1800,-1500,311,-4,0
31,L,-1800,-1500,312,-4,0
31,L,-1800,-1500,313,-4,0
31,L,-1800,-1500,314,-4,0
31,L,-1800,-1500,315,-4,0
31,L,-1800,-1500,316,-4,0
31,L,-1800,-1500,317,-4,0
31,L,-1800,-1500,318,-3,0
31,L,-1800,-1500,319,-4,0
31,L,-1800,-1500,320,-4,0
31,L,-1800,-1500,321,-4,0
31,L,-1800,-1500,322,-4,0
31,L,-1800,-1500,323,-4,0
31,L,-1800,-1500,324,-3,0
31,L,-1800,-1500,325,-4,0
31,L,-1800,-1500,326,-3,0
31,L,-1800,-1500,327,-4,0
31,L,-1800,-1500,328,-4,0
31,L,-1800,-1500,329,-3,0
31,L,-1800,-1500,330,-4,0
31,L,-1800,-1500,331,-4,0
31,L,-1800,-1500,332,-3,0
31,L,-1800,-1500,333,-4,0
31,L,-1800,-1500,334,-3,0
31,L,-1800,-1500,335,-3,0
31,L,-1800,-1500,336,-4,0
31,L,-1800,-1500,337,-4,0
31,L,-1800,-1500,338,-3,0
31,L,-1800,-1500,339,-4,0
31,L,-1800,-1500,340,-3,0
31,L,-1800,-1500,341,-3,0
31,L,-1800,-1500,342,-3,0
31,L,-1800,-1500,343,-4,0
31,L,-1800,-1500,344,-3,0
31,L,-1800,-1500,345,-4,0
31,L,-1800,-1500,346,-3,0
31,L,-1800,-1500,347,-3,0
31,L,-1800,-1500,348,-3,0
31,L,-1800,-1500,349,-3,0
31,L,-1800,-1500,350,-4,0
31,L,-1800,-1500,351,-3,0
31,L,-1800,-1500,352,-2,0
31,L,-1800,-1500,353,-4,0
31,L,-1800,-1500,354,-3,0
31,L,-1800,-1500,355,-3,0
31,L,-1800,-1500,356,-3,0
31,L,-1800,-1500,357,-3,0
31,L,-1800,-1500,358,-3,0
31,L,-1800,-1500,359,-4,0
31,L,-1800,-1500,360,-3,0
31,L,-1800,-1500,361,-2,0
31,L,-1800,-1500,362,-3,0
31,L,-1800,-1500,363,-4,0
31,L,-1800,-1500,364,-3,0
31,L,-1800,-1500,365,-2,0
31,L,-1800,-1500,366,-3,0
31,L,-1800,-1500,367,-3,0
31,L,-1800,-1500,368,-3,0
31,L,-1800,-1500,369,-3,0
31,L,-1800,-1500,370,-3,0
31,L,-1800,-1500,371,-3,0
31,L,-1800,-1500,372,-2,0
31,L,-1800,-1500,373,-3,0
31,L,-1800,-1500,374,-3,0
31,L,-1800,-1500,375,-3,0
31,L,-1800,-1500,376,-3,0
31,L,-1800,-1500,377,-3,0
31,L,-1800,-1500,378,-3,0
31,L,-1800,-1500,379,-2,0
31,L,-1800,-1500,380,-3,0
31,L,-1800,-1500,381,-3,0
31,L,-1800,-1500,382,-2,0
31,L,-1800,-1500,383,-3,0
31,L,-1800,-1500,384,-3,0
31,L,-1800,-1500,385,-2,0
31,L,-1800,-1500,386,-3,0
31,L,-1800,-1500,387,-3,0
31,L,-1800,-1500,388,-2,0
31,L,-1800,-1500,389,-3,0
31,L,-1800,-1500,390,-3,0
31,L,-1800,-1500,391,-3,0
31,L,-1800,-1500,392,-2,0
31,L,-1800,-1500,393,-3,0
31,L,-1800,-1500,394,-2,0
31,L,-1800,-1500,395,-3,0
31,L,-1800,-1500,396,-3,0
31,L,-1800,-1500,397,-2,0
31,L,-1800,-1500,398,-3,0
31,L,-1800,-1500,399,-3,0
31,L,-1800,-1500,400,-2,0
31,L,-1800,-1500,401,-3,0
31,L,-1800,-1500,402,-3,0
31,L,-1800,-1500,403,-2,0
31,L,-1800,-1500,404,-2,0
31,L,-1800,-1500,405,-2,0
31,L,-1800,-1500,406,-3,0
31,L,-1800,-1500,407,-2,0
31,L,-1800,-1500,408,-2,0
31,L,-1800,-1500,409,-2,0
31,L,-1800,-1500,410,-2,0
31,L,-1800,-1500,411,-2,0
31,L,-1800,-1500,412,-2,0
31,L,-1800,-1500,413,-2,0
31,L,-1800,-1500,414,-2,0
31,L,-1800,-1500,415,-1,0
31,L,-1800,-1500,416,-2,0
31,L,-1800,-1500,417,-2,0
31,L,-1800,-1500,418,-2,0
31,L,-1800,-1500,419,-1,0
31,L,-1800,-1500,420,-1,0
31,L,-1800,-1500,421,-2,0
31,L,-1800,-1500,422,-1,0
31,L,-1800,-1500,423,-1,0
31,L,-1800,-1500,424,-2,0
31,L,-1800,-1500,425,-1,0
31,L,-1800,-1500,426,0,0
31,L,-1800,-1500,427,-1,0
31,L,-1800,-1500,428,-2,0
31,L,-1800,-1500,429,-1,0
31,L,-1800,-1500,430,0,0
31,L,-1800,-1500,431,-1,0
31,L,-1800,-1500,432,-1,0
31,L,-1800,-1500,433,-1,0
31,L,-1800,-1500,434,0,0
31,L,-1800,-1500,435,-1,0
31,L,-1800,-1500,436,0,0
31,L,-1800,-1500,437,-1,0
31,L,-1800,-1500,438,0,0
31,L,-1800,-1500,439,-2,0
31,L,-1800,-1500,440,0,0
31,L,-1800,-1500,441,0,0
31,L,-1800,-1500,442,-1,0
31,L,-1800,-1500,443,0,0
31,L,-1800,-1500,444,0,0
31,L,-1800,-1500,445,0,0
31,L,-1800,-1500,446,0,0
31,L,-1800,-1500,447,1,0
31,L,-1800,-1500,448,0,0
31,L,-1800,-1500,449,0,0
31,L,-1800,-1500,450,0,0
31,L,-1800,-1500,451,0,0
31,L,-1800,-1500,452,0,0
31,L,-1800,-1500,453,1,0
31,L,-1800,-1500,454,0,0
31,L,-1800,-1500,455,1,0
31,L,-1800,-1500,456,0,0
31,L,-1800,-1500,457,0,0
31,L,-1800,-1500,458,0,0
31,L,-1800,-1500,459,0,0
31,L,-1800,-1500,460,0,0
31,L,-1800,-1500,461,0,0
31,L,-1800,-1500,462,0,0
31,L,-1800,-1500,463,0,0
31,L,-1800,-1500,464,0,0
31,L,-1800,-1500,465,0,0
31,L,-1800,-1500,466,0,0
31,L,-1800,-1500,467,0,0
31,L,-1800,-1500,468,0,0
31,L,-1800,-1500,469,0,0
31,L,-1800,-1500,470,0,0
31,L,-1800,-1500,471,0,0
31,L,-1800,-1500,472,0,0
31,L,-1800,-1500,473,0,0
31,L,-1800,-1500,474,0,0
31,L,-1800,-1500,475,0,0
31,L,-1800,-1500,476,0,0
31,L,-1800,-1500,477,0,0
31,L,-1800,-1500,478,0,0
31,L,-1800,-1500,479,0,0
31,L,-1800,-1500,480,0,0
31,L,-1800,-1500,481,0,0
31,L,-1800,-1500,482,0,0
31,L,-1800,-1500,483,0,0
31,L,-1800,-1500,484,0,0
31,L,-1800,-1500,485,0,0
31,L,-1800,-1500,486,0,0
31,L,-1800,-1500,487,0,0
31,L,-1800,-1500,488,0,0
31,L,-1800,-1500,489,0,0
31,L,-1800,-1500,490,0,0
31,L,-1800,-1500,491,0,0
31,L,-1800,-1500,492,0,0
31,L,-1800,-1500,493,0,0
31,L,-1800,-1500,494,0,0
31,L,-1800,-1500,495,0,0
31,L,-1800,-1500,496,0,0
31,L,-1800,-1500,497,0,0
31,L,-1800,-1500,498,0,0
31,L,-1800,-1500,499,0,0
32,L,-1500,-1600,0,0,0
32,L,-1500,-1600,1,0,0
32,L,-1500,-1600,2,0,0
32,L,-1500,-1600,3,0,0
32,L,-1500,-1600,4,-1,0
32,L,-1500,-1600,5,0,0
32,L,-1500,-1600,6,-1,0
32,L,-1500,-1600,7,0,0
32,L,-1500,-1600,8,0,0
32,L,-1500,-1600,9,0,0
32,L,-1500,-1600,10,0,0
32,L,-1500,-1600,11,-1,0
32,L,-1500,-1600,12,0,0
32,L,-1500,-1600,13,0,0
32,L,-1500,-1600,14,0,0
32,L,-1500,-1600,15,0,0
32,L,-1500,-1600,16,0,0
32,L,-1500,-1600,17,-1,0
32,L,-1500,-1600,18,0,0
32,L,-1500,-1600,19,0,0
32,L,-1500,-1600,20,0,0
32,L,-1500,-1600,21,-2,0
32,L,-1500,-1600,22,0,0
32,L,-1500,-1600,23,-1,0
32,L,-1500,-1600,24,0,0
32,L,-1500,-1600,25,0,0
32,L,-1500,-1600,26,-1,0
32,L,-1500,-1600,27,-1,0
32,L,-1500,-1600,28,-1,0
32,L,-1500,-1600,29,-1,0
32,L,-1500,-1600,30,0,0
32,L,-1500,-1600,31,-1,0
32,L,-1500,-1600,32,-1,0
32,L,-1500,-1600,33,-1,0
32,L,-1500,-1600,34,-1,0
32,L,-1500,-1600,35,-1,0
32,L,-1500,-1600,36,-2,0
32,L,-1500,-1600,37,0,0
32,L,-1500,-1600,38,-1,0
32,L,-1500,-1600,39,-1,0
32,L,-1500,-1600,40,-2,0
32,L,-1500,-1600,41,-1,0
32,L,-1500,-1600,42,-1,0
32,L,-1500,-1600,43,-2,0
32,L,-1500,-1600,44,-1,0
32,L,-1500,-1600,45,-1,0
32,L,-1500,-1600,46,0,0
32,L,-1500,-1600,47,-2,0
32,L,-1500,-1600,48,-1,0
32,L,-1500,-1600,49,-1,0
32,L,-1500,-1600,50,-2,0
32,L,-1500,-1600,51,-1,0
32,L,-1500,-1600,52,-1,0
32,L,-1500,-1600,53,-2,0
32,L,-1500,-1600,54,-1,0
32,L,-1500,-1600,55,-1,0
32,L,-1500,-1600,56,-2,0
32,L,-1500,-1600,57,-2,0
32,L,-1500,-1600,58,-2,0
32,L,-1500,-1600,59,-1,0
32,L,-1500,-1600,60,-1,0
32,L,-1500,-1600,61,-2,0
32,L,-1500,-1600,62,-1,0
32,L,-1500,-1600,63,-1,0
32,L,-1500,-1600,64,-2,0
32,L,-1500,-1600,65,-2,0
32,L,-1500,-1600,66,-2,0
32,L,-1500,-1600,67,-1,0
32,L,-1500,-1600,68,-1,0
32,L,-1500,-1600,69,-2,0
32,L,-1500,-1600,70,-2,0
32,L,-1500,-1600,71,-2,0
32,L,-1500,-1600,72,-1,0
32,L,-1500,-1600,73,-1,0
32,L,-1500,-1600,74,-2,0
32,L,-1500,-1600,75,-2,0
32,L,-1500,-1600,76,-2,0
32,L,-1500,-1600,77,-1,0
32,L,-1500,-1600,78,-2,0
32,L,-1500,-1600,79,-2,0
32,L,-1500,-1600,80,-1,0
32,L,-1500,-1600,81,-2,0
32,L,-1500,-1600,82,-2,0
32,L,-1500,-1600,83,-2,0
32,L,-1500,-1600,84,-1,0
32,L,-1500,-1600,85,-2,0
32,L,-1500,-1600,86,-2,0
32,L,-1500,-1600,87,-1,0
32,L,-1500,-1600,88,-2,0
32,L,-1500,-1600,89,-2,0
32,L,-1500,-1600,90,-2,0
32,L,-1500,-1600,91,-1,0
32,L,-1500,-1600,92,-3,0
32,L,-1500,-1600,93,-1,0
32,L,-1500,-1600,94,-2,0
32,L,-1500,-1600,95,-2,0
32,L,-1500,-1600,96,-1,0
32,L,-1500,-1600,97,-3,0
32,L,-1500,-1600,98,-1,0
32,L,-1500,-1600,99,-2,0
32,L,-1500,-1600,100,-2,0
32,L,-1500,-1600,101,-2,0
32,L,-1500,-1600,102,-2,0
32,L,-1500,-1600,103,-2,0
32,L,-1500,-1600,104,-1,0
32,L,-1500,-1600,105,-3,0
32,L,-1500,-1600,106,-1,0
32,L,-1500,-1600,107,-2,0
32,L,-1500,-1600,108,-2,0
32,L,-1500,-1600,109,-1,0
32,L,-1500,-1600,110,-3,0
32,L,-1500,-1600,111,-1,0
32,L,-1500,-1600,112,-3,0
32,L,-1500,-1600,113,-1,0
32,L,-1500,-1600,114,-2,0
32,L,-1500,-1600,115,-2,0
32,L,-1500,-1600,116,-2,0
32,L,-1500,-1600,117,-2,0
32,L,-1500,-1600,118,-2,0
32,L,-1500,-1600,119,-2,0
32,L,-1500,-1600,120,-2,0
32,L,-1500,-1600,121,-2,0
32,L,-1500,-1600,122,-2,0
32,L,-1500,-1600,123,-2,0
32,L,-1500,-1600,124,-2,0
32,L,-1500,-1600,125,-1,0
32,L,-1500,-1600,126,-3,0
32,L,-1500,-1600,127,-1,0
32,L,-1500,-1600,128,-3,0
32,L,-1500,-1600,129,-1,0
32,L,-1500,-1600,130,-2,0
32,L,-1500,-1600,131,-2,0
32,L,-1500,-1600,132,-3,0
32,L,-1500,-1600,133,-1,0
32,L,-1500,-1600,134,-2,0
32,L,-1500,-1600,135,-2,0
32,L,-1500,-1600,136,-2,0
32,L,-1500,-1600,137,-2,0
32,L,-1500,-1600,138,-2,0
32,L,-1500,-1600,139,-2,0
32,L,-1500,-1600,140,-3,0
32,L,-1500,-1600,141,-1,0
32,L,-1500,-1600,142,-3,0
32,L,-1500,-1600,143,-1,0
32,L,-1500,-1600,144,-3,0
32,L,-1500,-1600,145,-1,0
32,L,-1500,-1600,146,-3,0
32,L,-1500,-1600,147,-1,0
32,L,-1500,-1600,148,-3,0
32,L,-1500,-1600,149,-1,0
32,L,-1500,-1600,150,-3,0
32,L,-1500,-1600,151,-1,0
32,L,-1500,-1600,152,-3,0
32,L,-1500,-1600,153,-1,0
32,L,-1500,-1600,154,-3,0
32,L,-1500,-1600,155,-1,0
32,L,-1500,-1600,156,-3,0
32,L,-1500,-1600,157,-1,0
32,L,-1500,-1600,158,-3,0
32,L,-1500,-1600,159,-2,0
32,L,-1500,-1600,160,-2,0
32,L,-1500,-1600,161,-2,0
32,L,-1500,-1600,162,-2,0
32,L,-1500,-1600,163,-2,0
32,L,-1500,-1600,164,-2,0
32,L,-1500,-1600,165,-2,0
32,L,-1500,-1600,166,-2,0
32,L,-1500,-1600,167,-2,0
32,L,-1500,-1600,168,-2,0
32,L,-1500,-1600,169,-2,0
32,L,-1500,-1600,170,-2,0
32,L,-1500,-1600,171,-2,0
32,L,-1500,-1600,172,-2,0
32,L,-1500,-1600,173,-2,0
32,L,-1500,-1600,174,-3,0
32,L,-1500,-1600,175,-1,0
32,L,-1500,-1600,176,-3,0
32,L,-1500,-1600,177,-1,0
32,L,-1500,-1600,178,-3,0
32,L,-1500,-1600,179,-2,0
32,L,-1500,-1600,180,-2,0
32,L,-1500,-1600,181,-2,0
32,L,-1500,-1600,182,-2,0
32,L,-1500,-1600,183,-3,0
32,L,-1500,-1600,184,-1,0
32,L,-1500,-1600,185,-3,0
32,L,-1500,-1600,186,-1,0
32,L,-1500,-1600,187,-3,0
32,L,-1500,-1600,188,-2,0
32,L,-1500,-1600,189,-2,0
32,L,-1500,-1600,190,-2,0
32,L,-1500,-1600,191,-2,0
32,L,-1500,-1600,192,-2,0
32,L,-1500,-1600,193,-2,0
32,L,-1500,-1600,194,-2,0
32,L,-1500,-1600,195,-2,0
32,L,-1500,-1600,196,-2,0
32,L,-1500,-1600,197,-3,0
32,L,-1500,-1600,198,-1,0
32,L,-1500,-1600,199,-3,0
32,L,-1500,-1600,200,-2,0
32,L,-1500,-1600,201,-2,0
32,L,-1500,-1600,202,-2,0
32,L,-1500,-1600,203,-2,0
32,L,-1500,-1600,204,-3,0
32,L,-1500,-1600,205,-2,0
32,L,-1500,-1600,206,-3,0
32,L,-1500,-1600,207,-2,0
32,L,-1500,-1600,208,-2,0
32,L,-1500,-1600,209,-3,0
32,L,-1500,-1600,210,-2,0
32,L,-1500,-1600,211,-3,0
32,L,-1500,-1600,212,-3,0
32,L,-1500,-1600,213,-3,0
32,L,-1500,-1600,214,-3,0
32,L,-1500,-1600,215,-3,0
32,L,-1500,-1600,216,-3,0
32,L,-1500,-1600,217,-3,0
32,L,-1500,-1600,218,-3,0
32,L,-1500,-1600,219,-3,0
32,L,-1500,-1600,220,-4,0
32,L,-1500,-1600,221,-3,0
32,L,-1500,-1600,222,-3,0
32,L,-1500,-1600,223,-3,0
32,L,-1500,-1600,224,-4,0
32,L,-1500,-1600,225,-3,0
32,L,-1500,-1600,226,-3,0
32,L,-1500,-1600,227,-4,0
32,L,-1500,-1600,228,-3,0
32,L,-1500,-1600,229,-3,0
32,L,-1500,-1600,230,-4,0
32,L,-1500,-1600,231,-4,0
32,L,-1500,-1600,232,-3,0
32,L,-1500,-1600,233,-4,0
32,L,-1500,-1600,234,-4,0
32,L,-1500,-1600,235,-3,0
32,L,-1500,-1600,236,-4,0
32,L,-1500,-1600,237,-4,0
32,L,-1500,-1600,238,-4,0
32,L,-1500,-1600,239,-3,0
32,L,-1500,-1600,240,-3,0
32,L,-1500,-1600,241,-4,0
32,L,-1500,-1600,242,-4,0
32,L,-1500,-1600,243,-4,0
32,L,-1500,-1600,244,-4,0
32,L,-1500,-1600,245,-4,0
32,L,-1500,-1600,246,-4,0
32,L,-1500,-1600,247,-4,0
32,L,-1500,-1600,248,-4,0
32,L,-1500,-1600,249,-3,0
32,L,-1500,-1600,250,-4,0
32,L,-1500,-1600,251,-4,0
32,L,-1500,-1600,252,-4,0
32,L,-1500,-1600,253,-4,0
32,L,-1500,-1600,254,-4,0
32,L,-1500,-1600,255,-4,0
32,L,-1500,-1600,256,-4,0
32,L,-1500,-1600,257,-4,0
32,L,-1500,-1600,258,-4,0
32,L,-1500,-1600,259,-4,0
32,L,-1500,-1600,260,-4,0
32,L,-1500,-1600,261,-5,0
32,L,-1500,-1600,262,-4,0
32,L,-1500,-1600,263,-4,0
32,L,-1500,-1600,264,-4,0
32,L,-1500,-1600,265,-4,0
32,L,-1500,-1600,266,-4,0
32,L,-1500,-1600,267,-4,0
32,L,-1500,-1600,268,-4,0
32,L,-1500,-1600,269,-5,0
32,L,-1500,-1600,270,-4,0
32,L,-1500,-1600,271,-5,0
32,L,-1500,-1600,272,-4,0
32,L,-1500,-1600,273,-4,0
32,L,-1500,-1600,274,-4,0
32,L,-1500,-1600,275,-4,0
32,L,-1500,-1600,276,-5,0
32,L,-1500,-1600,277,-4,0
32,L,-1500,-1600,278,-4,0
32,L,-1500,-1600,279,-4,0
32,L,-1500,-1600,280,-4,0
32,L,-1500,-1600,281,-5,0
32,L,-1500,-1600,282,-4,0
32,L,-1500,-1600,283,-4,0
32,L,-1500,-1600,284,-4,0
32,L,-1500,-1600,285,-5,0
32,L,-1500,-1600,286,-5,0
32,L,-1500,-1600,287,-4,0
32,L,-1500,-1600,288,-4,0
32,L,-1500,-1600,289,-4,0
32,L,-1500,-1600,290,-5,0
32,L,-1500,-1600,291,-4,0
32,L,-1500,-1600,292,-4,0
32,L,-1500,-1600,293,-4,0
32,L,-1500,-1600,294,-5,0
32,L,-1500,-1600,295,-4,0
32,L,-1500,-1600,296,-5,0
32,L,-1500,-1600,297,-5,0
32,L,-1500,-1600,298,-4,0
32,L,-1500,-1600,299,-4,0
32,L,-1500,-1600,300,-5,0
32,L,-1500,-1600,301,-4,0
32,L,-1500,-1600,302,-4,0
32,L,-1500,-1600,303,-4,0
32,L,-1500,-1600,304,-5,0
32,L,-1500,-1600,305,-4,0
32,L,-1500,-1600,306,-5,0
32,L,-1500,-1600,307,-5,0
32,L,-1500,-1600,308,-4,0
32,L,-1500,-1600,309,-4,0
32,L,-1500,-1600,310,-5,0
32,L,-1500,-1600,311,-4,0
32,L,-1500,-1600,312,-4,0
32,L,-1500,-1600,313,-5,0
32,L,-1500,-1600,314,-4,0
32,L,-1500,-1600,315,-5,0
32,L,-1500,-1600,316,-5,0
32,L,-1500,-1600,317,-4,0
32,L,-1500,-1600,318,-4,0
32,L,-1500,-1600,319,-5,0
32,L,-1500,-1600,320,-4,0
32,L,-1500,-1600,321,-4,0
32,L,-1500,-1600,322,-5,0
32,L,-1500,-1600,323,-4,0
32,L,-1500,-1600,324,-5,0
32,L,-1500,-1600,325,-5,0
32,L,-1500,-1600,326,-4,0
32,L,-1500,-1600,327,-5,0
32,L,-1500,-1600,328,-4,0
32,L,-1500,-1600,329,-5,0
32,L,-1500,-1600,330,-4,0
32,L,-1500,-1600,331,-4,0
32,L,-1500,-1600,332,-5,0
32,L,-1500,-1600,333,-5,0
32,L,-1500,-1600,334,-4,0
32,L,-1500,-1600,335,-5,0
32,L,-1500,-1600,336,-4,0
32,L,-1500,-1600,337,-4,0
32,L,-1500,-1600,338,-5,0
32,L,-1500,-1600,339,-4,0
32,L,-1500,-1600,340,-5,0
32,L,-1500,-1600,341,-5,0
32,L,-1500,-1600,342,-4,0
32,L,-1500,-1600,343,-5,0
32,L,-1500,-1600,344,-4,0
32,L,-1500,-1600,345,-5,0
32,L,-1500,-1600,346,-4,0
32,L,-1500,-1600,347,-5,0
32,L,-1500,-1600,348,-5,0
32,L,-1500,-1600,349,-4,0
32,L,-1500,-1600,350,-5,0
32,L,-1500,-1600,351,-4,0
32,L,-1500,-1600,352,-4,0
32,L,-1500,-1600,353,-5,0
32,L,-1500,-1600,354,-4,0
32,L,-1500,-1600,355,-5,0
32,L,-1500,-1600,356,-5,0
32,L,-1500,-1600,357,-4,0
32,L,-1500,-1600,358,-5,0
32,L,-1500,-1600,359,-4,0
32,L,-1500,-1600,360,-5,0
32,L,-1500,-1600,361,-4,0
32,L,-1500,-1600,362,-5,0
32,L,-1500,-1600,363,-5,0
32,L,-1500,-1600,364,-4,0
32,L,-1500,-1600,365,-5,0
32,L,-1500,-1600,366,-4,0
32,L,-1500,-1600,367,-5,0
32,L,-1500,-1600,368,-4,0
32,L,-1500,-1600,369,-4,0
32,L,-1500,-1600,370,-6,0
32,L,-1500,-1600,371,-4,0
32,L,-1500,-1600,372,-5,0
32,L,-1500,-1600,373,-4,0
32,L,-1500,-1600,374,-4,0
32,L,-1500,-1600,375,-5,0
32,L,-1500,-1600,376,-4,0
32,L,-1500,-1600,377,-6,0
32,L,-1500,-1600,378,-4,0
32,L,-1500,-1600,379,-4,0
32,L,-1500,-1600,380,-5,0
32,L,-1500,-1600,381,-4,0
32,L,-1500,-1600,382,-5,0
32,L,-1500,-1600,383,-4,0
32,L,-1500,-1600,384,-5,0
32,L,-1500,-1600,385,-5,0
32,L,-1500,-1600,386,-4,0
32,L,-1500,-1600,387,-5,0
32,L,-1500,-1600,388,-4,0
32,L,-1500,-1600,389,-5,0
32,L,-1500,-1600,390,-4,0
32,L,-1500,-1600,391,-5,0
32,L,-1500,-1600,392,-5,0
32,L,-1500,-1600,393,-4,0
32,L,-1500,-1600,394,-5,0
32,L,-1500,-1600,395,-4,0
32,L,-1500,-1600,396,-5,0
32,L,-1500,-1600,397,-4,0
32,L,-1500,-1600,398,-5,0
32,L,-1500,-1600,399,-5,0
32,L,-1500,-1600,400,-4,0
32,L,-1500,-1600,401,-5,0
32,L,-1500,-1600,402,-4,0
32,L,-1500,-1600,403,-4,0
32,L,-1500,-1600,404,-5,0
32,L,-1500,-1600,405,-4,0
32,L,-1500,-1600,406,-4,0
32,L,-1500,-1600,407,-4,0
32,L,-1500,-1600,408,-4,0
32,L,-1500,-1600,409,-4,0
32,L,-1500,-1600,410,-4,0
32,L,-1500,-1600,411,-4,0
32,L,-1500,-1600,412,-3,0
32,L,-1500,-1600,413,-4,0
32,L,-1500,-1600,414,-4,0
32,L,-1500,-1600,415,-4,0
32,L,-1500,-1600,416,-3,0
32,L,-1500,-1600,417,-4,0
32,L,-1500,-1600,418,-2,0
32,L,-1500,-1600,419,-4,0
32,L,-1500,-1600,420,-3,0
32,L,-1500,-1600,421,-3,0
32,L,-1500,-1600,422,-4,0
32,L,-1500,-1600,423,-2,0
32,L,-1500,-1600,424,-3,0
32,L,-1500,-1600,425,-3,0
32,L,-1500,-1600,426,-3,0
32,L,-1500,-1600,427,-2,0
32,L,-1500,-1600,428,-4,0
32,L,-1500,-1600,429,-2,0
32,L,-1500,-1600,430,-2,0
32,L,-1500,-1600,431,-3,0
32,L,-1500,-1600,432,-2,0
32,L,-1500,-1600,433,-3,0
32,L,-1500,-1600,434,-2,0
32,L,-1500,-1600,435,-2,0
32,L,-1500,-1600,436,-3,0
32,L,-1500,-1600,437,-1,0
32,L,-1500,-1600,438,-3,0
32,L,-1500,-1600,439,-1,0
32,L,-1500,-1600,440,-3,0
32,L,-1500,-1600,441,-1,0
32,L,-1500,-1600,442,-2,0
32,L,-1500,-1600,443,-2,0
32,L,-1500,-1600,444,-1,0
32,L,-1500,-1600,445,-3,0
32,L,-1500,-1600,446,-1,0
32,L,-1500,-1600,447,-2,0
32,L,-1500,-1600,448,-1,0
32,L,-1500,-1600,449,-1,0
32,L,-1500,-1600,450,-2,0
32,L,-1500,-1600,451,-1,0
32,L,-1500,-1600,452,-1,0
32,L,-1500,-1600,453,-2,0
32,L,-1500,-1600,454,-1,0
32,L,-1500,-1600,455,-1,0
32,L,-1500,-1600,456,0,0
32,L,-1500,-1600,457,-2,0
32,L,-1500,-1600,458,-1,0
32,L,-1500,-1600,459,0,0
32,L,-1500,-1600,460,-1,0
32,L,-1500,-1600,461,-1,0
32,L,-1500,-1600,462,-1,0
32,L,-1500,-1600,463,-1,0
32,L,-1500,-1600,464,0,0
32,L,-1500,-1600,465,-1,0
32,L,-1500,-1600,466,0,0
32,L,-1500,-1600,467,0,0
32,L,-1500,-1600,468,-2,0
32,L,-1500,-1600,469,0,0
32,L,-1500,-1600,470,0,0
32,L,-1500,-1600,471,0,0
32,L,-1500,-1600,472,0,0
32,L,-1500,-1600,473,0,0
32,L,-1500,-1600,474,0,0
32,L,-1500,-1600,475,0,0
32,L,-1500,-1600,476,0,0
32,L,-1500,-1600,477,0,0
32,L,-1500,-1600,478,0,0
32,L,-1500,-1600,479,0,0
32,L,-1500,-1600,480,0,0
32,L,-1500,-1600,481,0,0
32,L,-1500,-1600,482,0,0
32,L,-1500,-1600,483,0,0
32,L,-1500,-1600,484,0,0
32,L,-1500,-1600,485,0,0
32,L,-1500,-1600,486,0,0
32,L,-1500,-1600,487,0,0
32,L,-1500,-1600,488,0,0
32,L,-1500,-1600,489,0,0
32,L,-1500,-1600,490,0,0
32,L,-1500,-1600,491,0,0
32,L,-1500,-1600,492,0,0
32,L,-1500,-1600,493,0,0
32,L,-1500,-1600,494,0,0
32,L,-1500,-1600,495,0,0
32,L,-1500,-1600,496,0,0
32,L,-1500,-1600,497,0,0
32,L,-1500,-1600,498,0,0
32,L,-1500,-1600,499,0,0
33,L,-1500,-1700,0,0,0
33,L,-1500,-1700,1,0,0
33,L,-1500,-1700,2,0,0
33,L,-1500,-1700,3,0,0
33,L,-1500,-1700,4,0,0
33,L,-1500,-1700,5,0,0
33,L,-1500,-1700,6,0,0
33,L,-1500,-1700,7,0,0
33,L,-1500,-1700,8,0,0
33,L,-1500,-1700,9,-1,0
33,L,-1500,-1700,10,0,0
33,L,-1500,-1700,11,0,0
33,L,-1500,-1700,12,0,0
33,L,-1500,-1700,13,-1,0
33,L,-1500,-1700,14,0,0
33,L,-1500,-1700,15,-1,0
33,L,-1500,-1700,16,-1,0
33,L,-1500,-1700,17,0,0
33,L,-1500,-1700,18,-1,0
33,L,-1500,-1700,19,-1,0
33,L,-1500,-1700,20,0,0
33,L,-1500,-1700,21,-1,0
33,L,-1500,-1700,22,-1,0
33,L,-1500,-1700,23,-1,0
33,L,-1500,-1700,24,0,0
33,L,-1500,-1700,25,-1,0
33,L,-1500,-1700,26,-2,0
33,L,-1500,-1700,27,0,0
33,L,-1500,-1700,28,-1,0
33,L,-1500,-1700,29,-1,0
33,L,-1500,-1700,30,-2,0
33,L,-1500,-1700,31,-1,0
33,L,-1500,-1700,32,0,0
33,L,-1500,-1700,33,-1,0
33,L,-1500,-1700,34,-2,0
33,L,-1500,-1700,35,-1,0
33,L,-1500,-1700,36,-1,0
33,L,-1500,-1700,37,-2,0
33,L,-1500,-1700,38,-1,0
33,L,-1500,-1700,39,-1,0
33,L,-1500,-1700,40,-1,0
33,L,-1500,-1700,41,-2,0
33,L,-1500,-1700,42,-1,0
33,L,-1500,-1700,43,-1,0
33,L,-1500,-1700,44,-2,0
33,L,-1500,-1700,45,-1,0
33,L,-1500,-1700,46,-2,0
33,L,-1500,-1700,47,-1,0
33,L,-1500,-1700,48,-1,0
33,L,-1500,-1700,49,-2,0
33,L,-1500,-1700,50,-1,0
33,L,-1500,-1700,51,-1,0
33,L,-1500,-1700,52,-2,0
33,L,-1500,-1700,53,-1,0
33,L,-1500,-1700,54,-2,0
33,L,-1500,-1700,55,-2,0
33,L,-1500,-1700,56,-1,0
33,L,-1500,-1700,57,-2,0
33,L,-1500,-1700,58,-1,0
33,L,-1500,-1700,59,-1,0
33,L,-1500,-1700,60,-2,0
33,L,-1500,-1700,61,-2,0
33,L,-1500,-1700,62,-2,0
33,L,-1500,-1700,63,-1,0
33,L,-1500,-1700,64,-1,0
33,L,-1500,-1700,65,-2,0
33,L,-1500,-1700,66,-2,0
33,L,-1500,-1700,67,-2,0
33,L,-1500,-1700,68,-1,0
33,L,-1500,-1700,69,-2,0
33,L,-1500,-1700,70,-2,0
33,L,-1500,-1700,71,-1,0
33,L,-1500,-1700,72,-2,0
33,L,-1500,-1700,73,-2,0
33,L,-1500,-1700,74,-2,0
33,L,-1500,-1700,75,-1,0
33,L,-1500,-1700,76,-2,0
33,L,-1500,-1700,77,-2,0
33,L,-1500,-1700,78,-1,0
33,L,-1500,-1700,79,-2,0
33,L,-1500,-1700,80,-2,0
33,L,-1500,-1700,81,-2,0
33,L,-1500,-1700,82,-1,0
33,L,-1500,-1700,83,-3,0
33,L,-1500,-1700,84,-1,0
33,L,-1500,-1700,85,-1,0
33,L,-1500,-1700,86,-3,0
33,L,-1500,-1700,87,-1,0
33,L,-1500,-1700,88,-2,0
33,L,-1500,-1700,89,-2,0
33,L,-1500,-1700,90,-2,0
33,L,-1500,-1700,91,-2,0
33,L,-1500,-1700,92,-2,0
33,L,-1500,-1700,93,-1,0
33,L,-1500,-1700,94,-3,0
33,L,-1500,-1700,95,-1,0
33,L,-1500,-1700,96,-2,0
33,L,-1500,-1700,97,-2,0
33,L,-1500,-1700,98,-2,0
33,L,-1500,-1700,99,-2,0
33,L,-1500,-1700,100,-1,0
33,L,-1500,-1700,101,-3,0
33,L,-1500,-1700,102,-1,0
33,L,-1500,-1700,103,-2,0
33,L,-1500,-1700,104,-2,0
33,L,-1500,-1700,105,-2,0
33,L,-1500,-1700,106,-2,0
33,L,-1500,-1700,107,-2,0
33,L,-1500,-1700,108,-2,0
33,L,-1500,-1700,109,-2,0
33,L,-1500,-1700,110,-1,0
33,L,-1500,-1700,111,-3,0
33,L,-1500,-1700,112,-1,0
33,L,-1500,-1700,113,-3,0
33,L,-1500,-1700,114,-1,0
33,L,-1500,-1700,115,-3,0
33,L,-1500,-1700,116,-1,0
33,L,-1500,-1700,117,-3,0
33,L,-1500,-1700,118,-1,0
33,L,-1500,-1700,119,-2,0
33,L,-1500,-1700,120,-2,0
33,L,-1500,-1700,121,-3,0
33,L,-1500,-1700,122,-1,0
33,L,-1500,-1700,123,-2,0
33,L,-1500,-1700,124,-2,0
33,L,-1500,-1700,125,-2,0
33,L,-1500,-1700,126,-2,0
33,L,-1500,-1700,127,-2,0
33,L,-1500,-1700,128,-2,0
33,L,-1500,-1700,129,-2,0
33,L,-1500,-1700,130,-2,0
33,L,-1500,-1700,131,-2,0
33,L,-1500,-1700,132,-2,0
33,L,-1500,-1700,133,-2,0
33,L,-1500,-1700,134,-2,0
33,L,-1500,-1700,135,-2,0
33,L,-1500,-1700,136,-2,0
33,L,-1500,-1700,137,-2,0
33,L,-1500,-1700,138,-2,0
33,L,-1500,-1700,139,-2,0
33,L,-1500,-1700,140,-2,0
33,L,-1500,-1700,141,-2,0
33,L,-1500,-1700,142,-2,0
33,L,-1500,-1700,143,-3,0
33,L,-1500,-1700,144,-1,0
33,L,-1500,-1700,145,-3,0
33,L,-1500,-1700,146,-1,0
33,L,-1500,-1700,147,-3,0
33,L,-1500,-1700,148,-2,0
33,L,-1500,-1700,149,-2,0
33,L,-1500,-1700,150,-2,0
33,L,-1500,-1700,151,-2,0
33,L,-1500,-1700,152,-2,0
33,L,-1500,-1700,153,-2,0
33,L,-1500,-1700,154,-2,0
33,L,-1500,-1700,155,-2,0
33,L,-1500,-1700,156,-2,0
33,L,-1500,-1700,157,-2,0
33,L,-1500,-1700,158,-2,0
33,L,-1500,-1700,159,-2,0
33,L,-1500,-1700,160,-2,0
33,L,-1500,-1700,161,-2,0
33,L,-1500,-1700,162,-2,0
33,L,-1500,-1700,163,-3,0
33,L,-1500,-1700,164,-1,0
33,L,-1500,-1700,165,-3,0
33,L,-1500,-1700,166,-1,0
33,L,-1500,-1700,167,-3,0
33,L,-1500,-1700,168,-1,0
33,L,-1500,-1700,169,-3,0
33,L,-1500,-1700,170,-2,0
33,L,-1500,-1700,171,-2,0
33,L,-1500,-1700,172,-2,0
33,L,-1500,-1700,173,-2,0
33,L,-1500,-1700,174,-2,0
33,L,-1500,-1700,175,-2,0
33,L,-1500,-1700,176,-3,0
33,L,-1500,-1700,177,-1,0
33,L,-1500,-1700,178,-3,0
33,L,-1500,-1700,179,-1,0
33,L,-1500,-1700,180,-3,0
33,L,-1500,-1700,181,-2,0
33,L,-1500,-1700,182,-2,0
33,L,-1500,-1700,183,-2,0
33,L,-1500,-1700,184,-2,0
33,L,-1500,-1700,185,-2,0
33,L,-1500,-1700,186,-3,0
33,L,-1500,-1700,187,-1,0
33,L,-1500,-1700,188,-3,0
33,L,-1500,-1700,189,-1,0
33,L,-1500,-1700,190,-3,0
33,L,-1500,-1700,191,-1,0
33,L,-1500,-1700,192,-3,0
33,L,-1500,-1700,193,-2,0
33,L,-1500,-1700,194,-2,0
33,L,-1500,-1700,195,-3,0
33,L,-1500,-1700,196,-1,0
33,L,-1500,-1700,197,-3,0
33,L,-1500,-1700,198,-1,0
33,L,-1500,-1700,199,-3,0
33,L,-1500,-1700,200,-2,0
33,L,-1500,-1700,201,-2,0
33,L,-1500,-1700,202,-2,0
33,L,-1500,-1700,203,-3,0
33,L,-1500,-1700,204,-3,0
33,L,-1500,-1700,205,-2,0
33,L,-1500,-1700,206,-3,0
33,L,-1500,-1700,207,-4,0
33,L,-1500,-1700,208,-3,0
33,L,-1500,-1700,209,-4,0
33,L,-1500,-1700,210,-4,0
33,L,-1500,-1700,211,-3,0
33,L,-1500,-1700,212,-4,0
33,L,-1500,-1700,213,-4,0
33,L,-1500,-1700,214,-5,0
33,L,-1500,-1700,215,-4,0
33,L,-1500,-1700,216,-4,0
33,L,-1500,-1700,217,-5,0
33,L,-1500,-1700,218,-4,0
33,L,-1500,-1700,219,-5,0
33,L,-1500,-1700,220,-4,0
33,L,-1500,-1700,221,-6,0
33,L,-1500,-1700,222,-5,0
33,L,-1500,-1700,223,-4,0
33,L,-1500,-1700,224,-5,0
33,L,-1500,-1700,225,-6,0
33,L,-1500,-1700,226,-5,0
33,L,-1500,-1700,227,-5,0
33,L,-1500,-1700,228,-6,0
33,L,-1500,-1700,229,-5,0
33,L,-1500,-1700,230,-5,0
33,L,-1500,-1700,231,-6,0
33,L,-1500,-1700,232,-5,0
33,L,-1500,-1700,233,-6,0
33,L,-1500,-1700,234,-6,0
33,L,-1500,-1700,235,-5,0
33,L,-1500,-1700,236,-6,0
33,L,-1500,-1700,237,-5,0
33,L,-1500,-1700,238,-7,0
33,L,-1500,-1700,239,-5,0
33,L,-1500,-1700,240,-6,0
33,L,-1500,-1700,241,-6,0
33,L,-1500,-1700,242,-6,0
33,L,-1500,-1700,243,-6,0
33,L,-1500,-1700,244,-6,0
33,L,-1500,-1700,245,-6,0
33,L,-1500,-1700,246,-6,0
33,L,-1500,-1700,247,-6,0
33,L,-1500,-1700,248,-6,0
33,L,-1500,-1700,249,-6,0
33,L,-1500,-1700,250,-7,0
33,L,-1500,-1700,251,-6,0
33,L,-1500,-1700,252,-6,0
33,L,-1500,-1700,253,-6,0
33,L,-1500,-1700,254,-7,0
33,L,-1500,-1700,255,-5,0
33,L,-1500,-1700,256,-7,0
33,L,-1500,-1700,257,-7,0
33,L,-1500,-1700,258,-6,0
33,L,-1500,-1700,259,-6,0
33,L,-1500,-1700,260,-6,0
33,L,-1500,-1700,261,-7,0
33,L,-1500,-1700,262,-7,0
33,L,-1500,-1700,263,-6,0
33,L,-1500,-1700,264,-6,0
33,L,-1500,-1700,265,-6,0
33,L,-1500,-1700,266,-7,0
33,L,-1500,-1700,267,-7,0
33,L,-1500,-1700,268,-6,0
33,L,-1500,-1700,269,-7,0
33,L,-1500,-1700,270,-7,0
33,L,-1500,-1700,271,-6,0
33,L,-1500,-1700,272,-6,0
33,L,-1500,-1700,273,-7,0
33,L,-1500,-1700,274,-6,0
33,L,-1500,-1700,275,-7,0
33,L,-1500,-1700,276,-7,0
33,L,-1500,-1700,277,-6,0
33,L,-1500,-1700,278,-7,0
33,L,-1500,-1700,279,-6,0
33,L,-1500,-1700,280,-7,0
33,L,-1500,-1700,281,-7,0
33,L,-1500,-1700,282,-7,0
33,L,-1500,-1700,283,-6,0
33,L,-1500,-1700,284,-7,0
33,L,-1500,-1700,285,-7,0
33,L,-1500,-1700,286,-6,0
33,L,-1500,-1700,287,-7,0
33,L,-1500,-1700,288,-7,0
33,L,-1500,-1700,289,-7,0
33,L,-1500,-1700,290,-7,0
33,L,-1500,-1700,291,-7,0
33,L,-1500,-1700,292,-6,0
33,L,-1500,-1700,293,-7,0
33,L,-1500,-1700,294,-7,0
33,L,-1500,-1700,295,-6,0
33,L,-1500,-1700,296,-7,0
33,L,-1500,-1700,297,-7,0
33,L,-1500,-1700,298,-7,0
33,L,-1500,-1700,299,-7,0
33,L,-1500,-1700,300,-7,0
33,L,-1500,-1700,301,-7,0
33,L,-1500,-1700,302,-6,0
33,L,-1500,-1700,303,-7,0
33,L,-1500,-1700,304,-7,0
33,L,-1500,-1700,305,-6,0
33,L,-1500,-1700,306,-7,0
33,L,-1500,-1700,307,-8,0
33,L,-1500,-1700,308,-7,0
33,L,-1500,-1700,309,-6,0
33,L,-1500,-1700,310,-7,0
33,L,-1500,-1700,311,-7,0
33,L,-1500,-1700,312,-7,0
33,L,-1500,-1700,313,-7,0
33,L,-1500,-1700,314,-7,0
33,L,-1500,-1700,315,-7,0
33,L,-1500,-1700,316,-6,0
33,L,-1500,-1700,317,-7,0
33,L,-1500,-1700,318,-7,0
33,L,-1500,-1700,319,-7,0
33,L,-1500,-1700,320,-7,0
33,L,-1500,-1700,321,-7,0
33,L,-1500,-1700,322,-7,0
33,L,-1500,-1700,323,-7,0
33,L,-1500,-1700,324,-7,0
33,L,-1500,-1700,325,-7,0
33,L,-1500,-1700,326,-7,0
33,L,-1500,-1700,327,-6,0
33,L,-1500,-1700,328,-7,0
33,L,-1500,-1700,329,-8,0
33,L,-1500,-1700,330,-7,0
33,L,-1500,-1700,331,-6,0
33,L,-1500,-1700,332,-7,0
33,L,-1500,-1700,333,-7,0
33,L,-1500,-1700,334,-8,0
33,L,-1500,-1700,335,-6,0
33,L,-1500,-1700,336,-7,0
33,L,-1500,-1700,337,-7,0
33,L,-1500,-1700,338,-7,0
33,L,-1500,-1700,339,-7,0
33,L,-1500,-1700,340,-7,0
33,L,-1500,-1700,341,-7,0
33,L,-1500,-1700,342,-6,0
33,L,-1500,-1700,343,-7,0
33,L,-1500,-1700,344,-8,0
33,L,-1500,-1700,345,-7,0
33,L,-1500,-1700,346,-6,0
33,L,-1500,-1700,347,-7,0
33,L,-1500,-1700,348,-8,0
33,L,-1500,-1700,349,-7,0
33,L,-1500,-1700,350,-6,0
33,L,-1500,-1700,351,-7,0
33,L,-1500,-1700,352,-7,0
33,L,-1500,-1700,353,-8,0
33,L,-1500,-1700,354,-6,0
33,L,-1500,-1700,355,-7,0
33,L,-1500,-1700,356,-7,0
33,L,-1500,-1700,357,-7,0
33,L,-1500,-1700,358,-7,0
33,L,-1500,-1700,359,-7,0
33,L,-1500,-1700,360,-7,0
33,L,-1500,-1700,361,-7,0
33,L,-1500,-1700,362,-7,0
33,L,-1500,-1700,363,-7,0
33,L,-1500,-1700,364,-7,0
33,L,-1500,-1700,365,-7,0
33,L,-1500,-1700,366,-7,0
33,L,-1500,-1700,367,-7,0
33,L,-1500,-1700,368,-7,0
33,L,-1500,-1700,369,-6,0
33,L,-1500,-1700,370,-7,0
33,L,-1500,-1700,371,-8,0
33,L,-1500,-1700,372,-7,0
33,L,-1500,-1700,373,-6,0
33,L,-1500,-1700,374,-7,0
33,L,-1500,-1700,375,-8,0
33,L,-1500,-1700,376,-7,0
33,L,-1500,-1700,377,-6,0
33,L,-1500,-1700,378,-7,0
33,L,-1500,-1700,379,-8,0
33,L,-1500,-1700,380,-7,0
33,L,-1500,-1700,381,-6,0
33,L,-1500,-1700,382,-7,0
33,L,-1500,-1700,383,-8,0
33,L,-1500,-1700,384,-7,0
33,L,-1500,-1700,385,-6,0
33,L,-1500,-1700,386,-7,0
33,L,-1500,-1700,387,-7,0
33,L,-1500,-1700,388,-8,0
33,L,-1500,-1700,389,-6,0
33,L,-1500,-1700,390,-7,0
33,L,-1500,-1700,391,-7,0
33,L,-1500,-1700,392,-8,0
33,L,-1500,-1700,393,-6,0
33,L,-1500,-1700,394,-7,0
33,L,-1500,-1700,395,-7,0
33,L,-1500,-1700,396,-7,0
33,L,-1500,-1700,397,-7,0
33,L,-1500,-1700,398,-7,0
33,L,-1500,-1700,399,-7,0
33,L,-1500,-1700,400,-7,0
33,L,-1500,-1700,401,-7,0
33,L,-1500,-1700,402,-7,0
33,L,-1500,-1700,403,-7,0
33,L,-1500,-1700,404,-6,0
33,L,-1500,-1700,405,-7,0
33,L,-1500,-1700,406,-7,0
33,L,-1500,-1700,407,-6,0
33,L,-1500,-1700,408,-7,0
33,L,-1500,-1700,409,-5,0
33,L,-1500,-1700,410,-7,0
33,L,-1500,-1700,411,-6,0
33,L,-1500,-1700,412,-6,0
33,L,-1500,-1700,413,-6,0
33,L,-1500,-1700,414,-6,0
33,L,-1500,-1700,415,-5,0
33,L,-1500,-1700,416,-6,0
33,L,-1500,-1700,417,-6,0
33,L,-1500,-1700,418,-6,0
33,L,-1500,-1700,419,-5,0
33,L,-1500,-1700,420,-5,0
33,L,-1500,-1700,421,-6,0
33,L,-1500,-1700,422,-5,0
33,L,-1500,-1700,423,-5,0
33,L,-1500,-1700,424,-5,0
33,L,-1500,-1700,425,-5,0
33,L,-1500,-1700,426,-5,0
33,L,-1500,-1700,427,-5,0
33,L,-1500,-1700,428,-4,0
33,L,-1500,-1700,429,-6,0
33,L,-1500,-1700,430,-4,0
33,L,-1500,-1700,431,-5,0
33,L,-1500,-1700,432,-4,0
33,L,-1500,-1700,433,-4,0
33,L,-1500,-1700,434,-4,0
33,L,-1500,-1700,435,-5,0
33,L,-1500,-1700,436,-4,0
33,L,-1500,-1700,437,-4,0
33,L,-1500,-1700,438,-4,0
33,L,-1500,-1700,439,-4,0
33,L,-1500,-1700,440,-4,0
33,L,-1500,-1700,441,-4,0
33,L,-1500,-1700,442,-3,0
33,L,-1500,-1700,443,-4,0
33,L,-1500,-1700,444,-4,0
33,L,-1500,-1700,445,-4,0
33,L,-1500,-1700,446,-3,0
33,L,-1500,-1700,447,-4,0
33,L,-1500,-1700,448,-2,0
33,L,-1500,-1700,449,-4,0
33,L,-1500,-1700,450,-3,0
33,L,-1500,-1700,451,-3,0
33,L,-1500,-1700,452,-4,0
33,L,-1500,-1700,453,-2,0
33,L,-1500,-1700,454,-3,0
33,L,-1500,-1700,455,-3,0
33,L,-1500,-1700,456,-3,0
33,L,-1500,-1700,457,-2,0
33,L,-1500,-1700,458,-4,0
33,L,-1500,-1700,459,-2,0
33,L,-1500,-1700,460,-2,0
33,L,-1500,-1700,461,-3,0
33,L,-1500,-1700,462,-2,0
33,L,-1500,-1700,463,-3,0
33,L,-1500,-1700,464,-3,0
33,L,-1500,-1700,465,-1,0
33,L,-1500,-1700,466,-3,0
33,L,-1500,-1700,467,-2,0
33,L,-1500,-1700,468,-2,0
33,L,-1500,-1700,469,-2,0
33,L,-1500,-1700,470,-2,0
33,L,-1500,-1700,471,-2,0
33,L,-1500,-1700,472,-2,0
33,L,-1500,-1700,473,-1,0
33,L,-1500,-1700,474,-3,0
33,L,-1500,-1700,475,-1,0
33,L,-1500,-1700,476,-1,0
33,L,-1500,-1700,477,-2,0
33,L,-1500,-1700,478,-2,0
33,L,-1500,-1700,479,-2,0
33,L,-1500,-1700,480,-1,0
33,L,-1500,-1700,481,-1,0
33,L,-1500,-1700,482,-2,0
33,L,-1500,-1700,483,-1,0
33,L,-1500,-1700,484,0,0
33,L,-1500,-1700,485,-2,0
33,L,-1500,-1700,486,-1,0
33,L,-1500,-1700,487,-1,0
33,L,-1500,-1700,488,-1,0
33,L,-1500,-1700,489,0,0
33,L,-1500,-1700,490,-2,0
33,L,-1500,-1700,491,-1,0
33,L,-1500,-1700,492,0,0
33,L,-1500,-1700,493,-1,0
33,L,-1500,-1700,494,-1,0
33,L,-1500,-1700,495,-1,0
33,L,-1500,-1700,496,0,0
33,L,-1500,-1700,497,-1,0
33,L,-1500,-1700,498,0,0
33,L,-1500,-1700,499,0,0
34,L,-1600,-1800,0,0,0
34,L,-1600,-1800,1,0,0
34,L,-1600,-1800,2,0,0
34,L,-1600,-1800,3,0,0
34,L,-1600,-1800,4,-1,0
34,L,-1600,-1800,5,0,0
34,L,-1600,-1800,6,-1,0
34,L,-1600,-1800,7,-2,0
34,L,-1600,-1800,8,0,0
34,L,-1600,-1800,9,-2,0
34,L,-1600,-1800,10,-1,0
34,L,-1600,-1800,11,-2,0
34,L,-1600,-1800,12,-1,0
34,L,-1600,-1800,13,-2,0
34,L,-1600,-1800,14,-1,0
34,L,-1600,-1800,15,-3,0
34,L,-1600,-1800,16,-1,0
34,L,-1600,-1800,17,-3,0
34,L,-1600,-1800,18,-1,0
34,L,-1600,-1800,19,-3,0
34,L,-1600,-1800,20,-2,0
34,L,-1600,-1800,21,-3,0
34,L,-1600,-1800,22,-2,0
34,L,-1600,-1800,23,-2,0
34,L,-1600,-1800,24,-3,0
34,L,-1600,-1800,25,-2,0
34,L,-1600,-1800,26,-3,0
34,L,-1600,-1800,27,-3,0
34,L,-1600,-1800,28,-2,0
34,L,-1600,-1800,29,-3,0
34,L,-1600,-1800,30,-4,0
34,L,-1600,-1800,31,-3,0
34,L,-1600,-1800,32,-2,0
34,L,-1600,-1800,33,-3,0
34,L,-1600,-1800,34,-3,0
34,L,-1600,-1800,35,-4,0
34,L,-1600,-1800,36,-2,0
34,L,-1600,-1800,37,-4,0
34,L,-1600,-1800,38,-3,0
34,L,-1600,-1800,39,-4,0
34,L,-1600,-1800,40,-3,0
34,L,-1600,-1800,41,-3,0
34,L,-1600,-1800,42,-3,0
34,L,-1600,-1800,43,-4,0
34,L,-1600,-1800,44,-3,0
34,L,-1600,-1800,45,-4,0
34,L,-1600,-1800,46,-3,0
34,L,-1600,-1800,47,-4,0
34,L,-1600,-1800,48,-4,0
34,L,-1600,-1800,49,-3,0
34,L,-1600,-1800,50,-3,0
34,L,-1600,-1800,51,-4,0
34,L,-1600,-1800,52,-4,0
34,L,-1600,-1800,53,-3,0
34,L,-1600,-1800,54,-4,0
34,L,-1600,-1800,55,-4,0
34,L,-1600,-1800,56,-4,0
34,L,-1600,-1800,57,-3,0
34,L,-1600,-1800,58,-4,0
34,L,-1600,-1800,59,-4,0
34,L,-1600,-1800,60,-4,0
34,L,-1600,-1800,61,-4,0
34,L,-1600,-1800,62,-4,0
34,L,-1600,-1800,63,-4,0
34,L,-1600,-1800,64,-4,0
34,L,-1600,-1800,65,-4,0
34,L,-1600,-1800,66,-4,0
34,L,-1600,-1800,67,-4,0
34,L,-1600,-1800,68,-4,0
34,L,-1600,-1800,69,-3,0
34,L,-1600,-1800,70,-4,0
34,L,-1600,-1800,71,-4,0
34,L,-1600,-1800,72,-4,0
34,L,-1600,-1800,73,-5,0
34,L,-1600,-1800,74,-4,0
34,L,-1600,-1800,75,-4,0
34,L,-1600,-1800,76,-4,0
34,L,-1600,-1800,77,-4,0
34,L,-1600,-1800,78,-4,0
34,L,-1600,-1800,79,-4,0
34,L,-1600,-1800,80,-4,0
34,L,-1600,-1800,81,-4,0
34,L,-1600,-1800,82,-4,0
34,L,-1600,-1800,83,-5,0
34,L,-1600,-1800,84,-4,0
34,L,-1600,-1800,85,-4,0
34,L,-1600,-1800,86,-4,0
34,L,-1600,-1800,87,-4,0
34,L,-1600,-1800,88,-4,0
34,L,-1600,-1800,89,-5,0
34,L,-1600,-1800,90,-4,0
34,L,-1600,-1800,91,-4,0
34,L,-1600,-1800,92,-4,0
34,L,-1600,-1800,93,-4,0
34,L,-1600,-1800,94,-5,0
34,L,-1600,-1800,95,-5,0
34,L,-1600,-1800,96,-4,0
34,L,-1600,-1800,97,-4,0
34,L,-1600,-1800,98,-4,0
34,L,-1600,-1800,99,-5,0
34,L,-1600,-1800,100,-4,0
34,L,-1600,-1800,101,-4,0
34,L,-1600,-1800,102,-4,0
34,L,-1600,-1800,103,-4,0
34,L,-1600,-1800,104,-5,0
34,L,-1600,-1800,105,-4,0
34,L,-1600,-1800,106,-4,0
34,L,-1600,-1800,107,-5,0
34,L,-1600,-1800,108,-5,0
34,L,-1600,-1800,109,-4,0
34,L,-1600,-1800,110,-4,0
34,L,-1600,-1800,111,-5,0
34,L,-1600,-1800,112,-4,0
34,L,-1600,-1800,113,-4,0
34,L,-1600,-1800,114,-4,0
34,L,-1600,-1800,115,-5,0
34,L,-1600,-1800,116,-4,0
34,L,-1600,-1800,117,-5,0
34,L,-1600,-1800,118,-5,0
34,L,-1600,-1800,119,-4,0
34,L,-1600,-1800,120,-4,0
34,L,-1600,-1800,121,-4,0
34,L,-1600,-1800,122,-5,0
34,L,-1600,-1800,123,-4,0
34,L,-1600,-1800,124,-4,0
34,L,-1600,-1800,125,-5,0
34,L,-1600,-1800,126,-4,0
34,L,-1600,-1800,127,-5,0
34,L,-1600,-1800,128,-5,0
34,L,-1600,-1800,129,-4,0
34,L,-1600,-1800,130,-4,0
34,L,-1600,-1800,131,-5,0
34,L,-1600,-1800,132,-4,0
34,L,-1600,-1800,133,-4,0
34,L,-1600,-1800,134,-5,0
34,L,-1600,-1800,135,-4,0
34,L,-1600,-1800,136,-5,0
34,L,-1600,-1800,137,-5,0
34,L,-1600,-1800,138,-4,0
34,L,-1600,-1800,139,-4,0
34,L,-1600,-1800,140,-5,0
34,L,-1600,-1800,141,-4,0
34,L,-1600,-1800,142,-4,0
34,L,-1600,-1800,143,-5,0
34,L,-1600,-1800,144,-4,0
34,L,-1600,-1800,145,-5,0
34,L,-1600,-1800,146,-5,0
34,L,-1600,-1800,147,-4,0
34,L,-1600,-1800,148,-5,0
34,L,-1600,-1800,149,-4,0
34,L,-1600,-1800,150,-4,0
34,L,-1600,-1800,151,-5,0
34,L,-1600,-1800,152,-4,0
34,L,-1600,-1800,153,-4,0
34,L,-1600,-1800,154,-5,0
34,L,-1600,-1800,155,-5,0
34,L,-1600,-1800,156,-4,0
34,L,-1600,-1800,157,-5,0
34,L,-1600,-1800,158,-4,0
34,L,-1600,-1800,159,-5,0
34,L,-1600,-1800,160,-4,0
34,L,-1600,-1800,161,-4,0
34,L,-1600,-1800,162,-5,0
34,L,-1600,-1800,163,-5,0
34,L,-1600,-1800,164,-4,0
34,L,-1600,-1800,165,-5,0
34,L,-1600,-1800,166,-4,0
34,L,-1600,-1800,167,-5,0
34,L,-1600,-1800,168,-4,0
34,L,-1600,-1800,169,-4,0
34,L,-1600,-1800,170,-5,0
34,L,-1600,-1800,171,-5,0
34,L,-1600,-1800,172,-4,0
34,L,-1600,-1800,173,-5,0
34,L,-1600,-1800,174,-4,0
34,L,-1600,-1800,175,-4,0
34,L,-1600,-1800,176,-5,0
34,L,-1600,-1800,177,-4,0
34,L,-1600,-1800,178,-5,0
34,L,-1600,-1800,179,-5,0
34,L,-1600,-1800,180,-4,0
34,L,-1600,-1800,181,-5,0
34,L,-1600,-1800,182,-4,0
34,L,-1600,-1800,183,-4,0
34,L,-1600,-1800,184,-5,0
34,L,-1600,-1800,185,-4,0
34,L,-1600,-1800,186,-5,0
34,L,-1600,-1800,187,-5,0
34,L,-1600,-1800,188,-4,0
34,L,-1600,-1800,189,-4,0
34,L,-1600,-1800,190,-5,0
34,L,-1600,-1800,191,-4,0
34,L,-1600,-1800,192,-5,0
34,L,-1600,-1800,193,-4,0
34,L,-1600,-1800,194,-5,0
34,L,-1600,-1800,195,-5,0
34,L,-1600,-1800,196,-4,0
34,L,-1600,-1800,197,-5,0
34,L,-1600,-1800,198,-4,0
34,L,-1600,-1800,199,-4,0
34,L,-1600,-1800,200,-5,0
34,L,-1600,-1800,201,-4,0
34,L,-1600,-1800,202,-5,0
34,L,-1600,-1800,203,-6,0
34,L,-1600,-1800,204,-4,0
34,L,-1600,-1800,205,-6,0
34,L,-1600,-1800,206,-6,0
34,L,-1600,-1800,207,-5,0
34,L,-1600,-1800,208,-6,0
34,L,-1600,-1800,209,-6,0
34,L,-1600,-1800,210,-7,0
34,L,-1600,-1800,211,-6,0
34,L,-1600,-1800,212,-7,0
34,L,-1600,-1800,213,-7,0
34,L,-1600,-1800,214,-6,0
34,L,-1600,-1800,215,-7,0
34,L,-1600,-1800,216,-7,0
34,L,-1600,-1800,217,-7,0
34,L,-1600,-1800,218,-8,0
34,L,-1600,-1800,219,-6,0
34,L,-1600,-1800,220,-8,0
34,L,-1600,-1800,221,-7,0
34,L,-1600,-1800,222,-8,0
34,L,-1600,-1800,223,-8,0
34,L,-1600,-1800,224,-7,0
34,L,-1600,-1800,225,-8,0
34,L,-1600,-1800,226,-8,0
34,L,-1600,-1800,227,-8,0
34,L,-1600,-1800,228,-7,0
34,L,-1600,-1800,229,-9,0
34,L,-1600,-1800,230,-8,0
34,L,-1600,-1800,231,-8,0
34,L,-1600,-1800,232,-8,0
34,L,-1600,-1800,233,-8,0
34,L,-1600,-1800,234,-8,0
34,L,-1600,-1800,235,-8,0
34,L,-1600,-1800,236,-8,0
34,L,-1600,-1800,237,-9,0
34,L,-1600,-1800,238,-8,0
34,L,-1600,-1800,239,-8,0
34,L,-1600,-1800,240,-9,0
34,L,-1600,-1800,241,-8,0
34,L,-1600,-1800,242,-9,0
34,L,-1600,-1800,243,-9,0
34,L,-1600,-1800,244,-8,0
34,L,-1600,-1800,245,-9,0
34,L,-1600,-1800,246,-8,0
34,L,-1600,-1800,247,-9,0
34,L,-1600,-1800,248,-8,0
34,L,-1600,-1800,249,-10,0
34,L,-1600,-1800,250,-8,0
34,L,-1600,-1800,251,-9,0
34,L,-1600,-1800,252,-9,0
34,L,-1600,-1800,253,-8,0
34,L,-1600,-1800,254,-10,0
34,L,-1600,-1800,255,-9,0
34,L,-1600,-1800,256,-8,0
34,L,-1600,-1800,257,-9,0
34,L,-1600,-1800,258,-9,0
34,L,-1600,-1800,259,-9,0
34,L,-1600,-1800,260,-9,0
34,L,-1600,-1800,261,-9,0
34,L,-1600,-1800,262,-9,0
34,L,-1600,-1800,263,-9,0
34,L,-1600,-1800,264,-9,0
34,L,-1600,-1800,265,-9,0
34,L,-1600,-1800,266,-10,0
34,L,-1600,-1800,267,-8,0
34,L,-1600,-1800,268,-9,0
34,L,-1600,-1800,269,-9,0
34,L,-1600,-1800,270,-10,0
34,L,-1600,-1800,271,-9,0
34,L,-1600,-1800,272,-9,0
34,L,-1600,-1800,273,-9,0
34,L,-1600,-1800,274,-10,0
34,L,-1600,-1800,275,-8,0
34,L,-1600,-1800,276,-9,0
34,L,-1600,-1800,277,-10,0
34,L,-1600,-1800,278,-9,0
34,L,-1600,-1800,279,-9,0
34,L,-1600,-1800,280,-10,0
34,L,-1600,-1800,281,-9,0
34,L,-1600,-1800,282,-9,0
34,L,-1600,-1800,283,-10,0
34,L,-1600,-1800,284,-9,0
34,L,-1600,-1800,285,-9,0
34,L,-1600,-1800,286,-10,0
34,L,-1600,-1800,287,-9,0
34,L,-1600,-1800,288,-9,0
34,L,-1600,-1800,289,-10,0
34,L,-1600,-1800,290,-9,0
34,L,-1600,-1800,291,-9,0
34,L,-1600,-1800,292,-10,0
34,L,-1600,-1800,293,-9,0
34,L,-1600,-1800,294,-9,0
34,L,-1600,-1800,295,-10,0
34,L,-1600,-1800,296,-9,0
34,L,-1600,-1800,297,-9,0
34,L,-1600,-1800,298,-10,0
34,L,-1600,-1800,299,-9,0
34,L,-1600,-1800,300,-9,0
34,L,-1600,-1800,301,-10,0
34,L,-1600,-1800,302,-9,0
34,L,-1600,-1800,303,-10,0
34,L,-1600,-1800,304,-10,0
34,L,-1600,-1800,305,-9,0
34,L,-1600,-1800,306,-10,0
34,L,-1600,-1800,307,-9,0
34,L,-1600,-1800,308,-9,0
34,L,-1600,-1800,309,-10,0
34,L,-1600,-1800,310,-9,0
34,L,-1600,-1800,311,-9,0
34,L,-1600,-1800,312,-10,0
34,L,-1600,-1800,313,-10,0
34,L,-1600,-1800,314,-9,0
34,L,-1600,-1800,315,-10,0
34,L,-1600,-1800,316,-9,0
34,L,-1600,-1800,317,-10,0
34,L,-1600,-1800,318,-9,0
34,L,-1600,-1800,319,-9,0
34,L,-1600,-1800,320,-10,0
34,L,-1600,-1800,321,-9,0
34,L,-1600,-1800,322,-11,0
34,L,-1600,-1800,323,-9,0
34,L,-1600,-1800,324,-9,0
34,L,-1600,-1800,325,-10,0
34,L,-1600,-1800,326,-9,0
34,L,-1600,-1800,327,-9,0
34,L,-1600,-1800,328,-10,0
34,L,-1600,-1800,329,-9,0
34,L,-1600,-1800,330,-11,0
34,L,-1600,-1800,331,-9,0
34,L,-1600,-1800,332,-9,0
34,L,-1600,-1800,333,-10,0
34,L,-1600,-1800,334,-9,0
34,L,-1600,-1800,335,-10,0
34,L,-1600,-1800,336,-10,0
34,L,-1600,-1800,337,-9,0
34,L,-1600,-1800,338,-10,0
34,L,-1600,-1800,339,-9,0
34,L,-1600,-1800,340,-9,0
34,L,-1600,-1800,341,-10,0
34,L,-1600,-1800,342,-9,0
34,L,-1600,-1800,343,-11,0
34,L,-1600,-1800,344,-9,0
34,L,-1600,-1800,345,-9,0
34,L,-1600,-1800,346,-10,0
34,L,-1600,-1800,347,-9,0
34,L,-1600,-1800,348,-10,0
34,L,-1600,-1800,349,-10,0
34,L,-1600,-1800,350,-9,0
34,L,-1600,-1800,351,-10,0
34,L,-1600,-1800,352,-9,0
34,L,-1600,-1800,353,-9,0
34,L,-1600,-1800,354,-10,0
34,L,-1600,-1800,355,-10,0
34,L,-1600,-1800,356,-10,0
34,L,-1600,-1800,357,-9,0
34,L,-1600,-1800,358,-9,0
34,L,-1600,-1800,359,-10,0
34,L,-1600,-1800,360,-9,0
34,L,-1600,-1800,361,-10,0
34,L,-1600,-1800,362,-10,0
34,L,-1600,-1800,363,-9,0
34,L,-1600,-1800,364,-10,0
34,L,-1600,-1800,365,-9,0
34,L,-1600,-1800,366,-9,0
34,L,-1600,-1800,367,-11,0
34,L,-1600,-1800,368,-9,0
34,L,-1600,-1800,369,-10,0
34,L,-1600,-1800,370,-9,0
34,L,-1600,-1800,371,-9,0
34,L,-1600,-1800,372,-10,0
34,L,-1600,-1800,373,-10,0
34,L,-1600,-1800,374,-9,0
34,L,-1600,-1800,375,-10,0
34,L,-1600,-1800,376,-9,0
34,L,-1600,-1800,377,-10,0
34,L,-1600,-1800,378,-9,0
34,L,-1600,-1800,379,-10,0
34,L,-1600,-1800,380,-10,0
34,L,-1600,-1800,381,-9,0
34,L,-1600,-1800,382,-10,0
34,L,-1600,-1800,383,-9,0
34,L,-1600,-1800,384,-9,0
34,L,-1600,-1800,385,-10,0
34,L,-1600,-1800,386,-10,0
34,L,-1600,-1800,387,-10,0
34,L,-1600,-1800,388,-9,0
34,L,-1600,-1800,389,-9,0
34,L,-1600,-1800,390,-10,0
34,L,-1600,-1800,391,-10,0
34,L,-1600,-1800,392,-10,0
34,L,-1600,-1800,393,-9,0
34,L,-1600,-1800,394,-9,0
34,L,-1600,-1800,395,-10,0
34,L,-1600,-1800,396,-10,0
34,L,-1600,-1800,397,-10,0
34,L,-1600,-1800,398,-9,0
34,L,-1600,-1800,399,-9,0
34,L,-1600,-1800,400,-10,0
34,L,-1600,-1800,401,-9,0
34,L,-1600,-1800,402,-10,0
34,L,-1600,-1800,403,-10,0
34,L,-1600,-1800,404,-9,0
34,L,-1600,-1800,405,-9,0
34,L,-1600,-1800,406,-9,0
34,L,-1600,-1800,407,-9,0
34,L,-1600,-1800,408,-9,0
34,L,-1600,-1800,409,-9,0
34,L,-1600,-1800,410,-9,0
34,L,-1600,-1800,411,-8,0
34,L,-1600,-1800,412,-9,0
34,L,-1600,-1800,413,-8,0
34,L,-1600,-1800,414,-8,0
34,L,-1600,-1800,415,-9,0
34,L,-1600,-1800,416,-8,0
34,L,-1600,-1800,417,-8,0
34,L,-1600,-1800,418,-8,0
34,L,-1600,-1800,419,-8,0
34,L,-1600,-1800,420,-8,0
34,L,-1600,-1800,421,-7,0
34,L,-1600,-1800,422,-8,0
34,L,-1600,-1800,423,-8,0
34,L,-1600,-1800,424,-7,0
34,L,-1600,-1800,425,-8,0
34,L,-1600,-1800,426,-6,0
34,L,-1600,-1800,427,-8,0
34,L,-1600,-1800,428,-7,0
34,L,-1600,-1800,429,-7,0
34,L,-1600,-1800,430,-6,0
34,L,-1600,-1800,431,-7,0
34,L,-1600,-1800,432,-8,0
34,L,-1600,-1800,433,-6,0
34,L,-1600,-1800,434,-7,0
34,L,-1600,-1800,435,-6,0
34,L,-1600,-1800,436,-6,0
34,L,-1600,-1800,437,-7,0
34,L,-1600,-1800,438,-6,0
34,L,-1600,-1800,439,-6,0
34,L,-1600,-1800,440,-7,0
34,L,-1600,-1800,441,-5,0
34,L,-1600,-1800,442,-6,0
34,L,-1600,-1800,443,-6,0
34,L,-1600,-1800,444,-5,0
34,L,-1600,-1800,445,-7,0
34,L,-1600,-1800,446,-5,0
34,L,-1600,-1800,447,-6,0
34,L,-1600,-1800,448,-5,0
34,L,-1600,-1800,449,-5,0
34,L,-1600,-1800,450,-6,0
34,L,-1600,-1800,451,-5,0
34,L,-1600,-1800,452,-5,0
34,L,-1600,-1800,453,-5,0
34,L,-1600,-1800,454,-5,0
34,L,-1600,-1800,455,-5,0
34,L,-1600,-1800,456,-5,0
34,L,-1600,-1800,457,-4,0
34,L,-1600,-1800,458,-6,0
34,L,-1600,-1800,459,-4,0
34,L,-1600,-1800,460,-4,0
34,L,-1600,-1800,461,-5,0
34,L,-1600,-1800,462,-4,0
34,L,-1600,-1800,463,-4,0
34,L,-1600,-1800,464,-5,0
34,L,-1600,-1800,465,-4,0
34,L,-1600,-1800,466,-4,0
34,L,-1600,-1800,467,-4,0
34,L,-1600,-1800,468,-4,0
34,L,-1600,-1800,469,-4,0
34,L,-1600,-1800,470,-4,0
34,L,-1600,-1800,471,-3,0
34,L,-1600,-1800,472,-4,0
34,L,-1600,-1800,473,-4,0
34,L,-1600,-1800,474,-4,0
34,L,-1600,-1800,475,-3,0
34,L,-1600,-1800,476,-4,0
34,L,-1600,-1800,477,-3,0
34,L,-1600,-1800,478,-3,0
34,L,-1600,-1800,479,-3,0
34,L,-1600,-1800,480,-4,0
34,L,-1600,-1800,481,-3,0
34,L,-1600,-1800,482,-2,0
34,L,-1600,-1800,483,-3,0
34,L,-1600,-1800,484,-4,0
34,L,-1600,-1800,485,-3,0
34,L,-1600,-1800,486,-2,0
34,L,-1600,-1800,487,-3,0
34,L,-1600,-1800,488,-3,0
34,L,-1600,-1800,489,-2,0
34,L,-1600,-1800,490,-3,0
34,L,-1600,-1800,491,-2,0
34,L,-1600,-1800,492,-2,0
34,L,-1600,-1800,493,-3,0
34,L,-1600,-1800,494,-2,0
34,L,-1600,-1800,495,-3,0
34,L,-1600,-1800,496,-1,0
34,L,-1600,-1800,497,-3,0
34,L,-1600,-1800,498,-1,0
34,L,-1600,-1800,499,-3,0
35,L,-1700,-1500,0,0,0
35,L,-1700,-1500,1,0,0
35,L,-1700,-1500,2,0,0
35,L,-1700,-1500,3,-1,0
35,L,-1700,-1500,4,0,0
35,L,-1700,-1500,5,-2,0
35,L,-1700,-1500,6,-1,0
35,L,-1700,-1500,7,-2,0
35,L,-1700,-1500,8,-2,0
35,L,-1700,-1500,9,-3,0
35,L,-1700,-1500,10,-2,0
35,L,-1700,-1500,11,-3,0
35,L,-1700,-1500,12,-3,0
35,L,-1700,-1500,13,-2,0
35,L,-1700,-1500,14,-3,0
35,L,-1700,-1500,15,-4,0
35,L,-1700,-1500,16,-4,0
35,L,-1700,-1500,17,-3,0
35,L,-1700,-1500,18,-4,0
35,L,-1700,-1500,19,-4,0
35,L,-1700,-1500,20,-4,0
35,L,-1700,-1500,21,-4,0
35,L,-1700,-1500,22,-4,0
35,L,-1700,-1500,23,-4,0
35,L,-1700,-1500,24,-5,0
35,L,-1700,-1500,25,-4,0
35,L,-1700,-1500,26,-5,0
35,L,-1700,-1500,27,-4,0
35,L,-1700,-1500,28,-6,0
35,L,-1700,-1500,29,-4,0
35,L,-1700,-1500,30,-5,0
35,L,-1700,-1500,31,-5,0
35,L,-1700,-1500,32,-5,0
35,L,-1700,-1500,33,-5,0
35,L,-1700,-1500,34,-5,0
35,L,-1700,-1500,35,-5,0
35,L,-1700,-1500,36,-6,0
35,L,-1700,-1500,37,-5,0
35,L,-1700,-1500,38,-5,0
35,L,-1700,-1500,39,-6,0
35,L,-1700,-1500,40,-5,0
35,L,-1700,-1500,41,-6,0
35,L,-1700,-1500,42,-6,0
35,L,-1700,-1500,43,-5,0
35,L,-1700,-1500,44,-6,0
35,L,-1700,-1500,45,-6,0
35,L,-1700,-1500,46,-6,0
35,L,-1700,-1500,47,-5,0
35,L,-1700,-1500,48,-6,0
35,L,-1700,-1500,49,-6,0
35,L,-1700,-1500,50,-5,0
35,L,-1700,-1500,51,-7,0
35,L,-1700,-1500,52,-5,0
35,L,-1700,-1500,53,-7,0
35,L,-1700,-1500,54,-5,0
35,L,-1700,-1500,55,-7,0
35,L,-1700,-1500,56,-5,0
35,L,-1700,-1500,57,-7,0
35,L,-1700,-1500,58,-6,0
35,L,-1700,-1500,59,-6,0
35,L,-1700,-1500,60,-7,0
35,L,-1700,-1500,61,-6,0
35,L,-1700,-1500,62,-6,0
35,L,-1700,-1500,63,-6,0
35,L,-1700,-1500,64,-6,0
35,L,-1700,-1500,65,-6,0
35,L,-1700,-1500,66,-7,0
35,L,-1700,-1500,67,-7,0
35,L,-1700,-1500,68,-6,0
35,L,-1700,-1500,69,-6,0
35,L,-1700,-1500,70,-6,0
35,L,-1700,-1500,71,-7,0
35,L,-1700,-1500,72,-6,0
35,L,-1700,-1500,73,-6,0
35,L,-1700,-1500,74,-7,0
35,L,-1700,-1500,75,-6,0
35,L,-1700,-1500,76,-7,0
35,L,-1700,-1500,77,-7,0
35,L,-1700,-1500,78,-6,0
35,L,-1700,-1500,79,-7,0
35,L,-1700,-1500,80,-6,0
35,L,-1700,-1500,81,-6,0
35,L,-1700,-1500,82,-7,0
35,L,-1700,-1500,83,-6,0
35,L,-1700,-1500,84,-7,0
35,L,-1700,-1500,85,-7,0
35,L,-1700,-1500,86,-6,0
35,L,-1700,-1500,87,-7,0
35,L,-1700,-1500,88,-7,0
35,L,-1700,-1500,89,-6,0
35,L,-1700,-1500,90,-7,0
35,L,-1700,-1500,91,-7,0
35,L,-1700,-1500,92,-6,0
35,L,-1700,-1500,93,-7,0
35,L,-1700,-1500,94,-7,0
35,L,-1700,-1500,95,-6,0
35,L,-1700,-1500,96,-7,0
35,L,-1700,-1500,97,-7,0
35,L,-1700,-1500,98,-6,0
35,L,-1700,-1500,99,-7,0
35,L,-1700,-1500,100,-7,0
35,L,-1700,-1500,101,-6,0
35,L,-1700,-1500,102,-7,0
35,L,-1700,-1500,103,-7,0
35,L,-1700,-1500,104,-6,0
35,L,-1700,-1500,105,-7,0
35,L,-1700,-1500,106,-7,0
35,L,-1700,-1500,107,-6,0
35,L,-1700,-1500,108,-7,0
35,L,-1700,-1500,109,-7,0
35,L,-1700,-1500,110,-7,0
35,L,-1700,-1500,111,-7,0
35,L,-1700,-1500,112,-7,0
35,L,-1700,-1500,113,-7,0
35,L,-1700,-1500,114,-6,0
35,L,-1700,-1500,115,-7,0
35,L,-1700,-1500,116,-7,0
35,L,-1700,-1500,117,-6,0
35,L,-1700,-1500,118,-7,0
35,L,-1700,-1500,119,-7,0
35,L,-1700,-1500,120,-8,0
35,L,-1700,-1500,121,-6,0
35,L,-1700,-1500,122,-7,0
35,L,-1700,-1500,123,-7,0
35,L,-1700,-1500,124,-6,0
35,L,-1700,-1500,125,-7,0
35,L,-1700,-1500,126,-7,0
35,L,-1700,-1500,127,-7,0
35,L,-1700,-1500,128,-6,0
35,L,-1700,-1500,129,-7,0
35,L,-1700,-1500,130,-7,0
35,L,-1700,-1500,131,-6,0
35,L,-1700,-1500,132,-8,0
35,L,-1700,-1500,133,-7,0
35,L,-1700,-1500,134,-7,0
35,L,-1700,-1500,135,-6,0
35,L,-1700,-1500,136,-7,0
35,L,-1700,-1500,137,-7,0
35,L,-1700,-1500,138,-7,0
35,L,-1700,-1500,139,-7,0
35,L,-1700,-1500,140,-7,0
35,L,-1700,-1500,141,-7,0
35,L,-1700,-1500,142,-6,0
35,L,-1700,-1500,143,-7,0
35,L,-1700,-1500,144,-8,0
35,L,-1700,-1500,145,-7,0
35,L,-1700,-1500,146,-6,0
35,L,-1700,-1500,147,-7,0
35,L,-1700,-1500,148,-8,0
35,L,-1700,-1500,149,-7,0
35,L,-1700,-1500,150,-6,0
35,L,-1700,-1500,151,-7,0
35,L,-1700,-1500,152,-7,0
35,L,-1700,-1500,153,-8,0
35,L,-1700,-1500,154,-6,0
35,L,-1700,-1500,155,-7,0
35,L,-1700,-1500,156,-7,0
35,L,-1700,-1500,157,-8,0
35,L,-1700,-1500,158,-6,0
35,L,-1700,-1500,159,-7,0
35,L,-1700,-1500,160,-7,0
35,L,-1700,-1500,161,-7,0
35,L,-1700,-1500,162,-7,0
35,L,-1700,-1500,163,-7,0
35,L,-1700,-1500,164,-7,0
35,L,-1700,-1500,165,-8,0
35,L,-1700,-1500,166,-6,0
35,L,-1700,-1500,167,-7,0
35,L,-1700,-1500,168,-7,0
35,L,-1700,-1500,169,-8,0
35,L,-1700,-1500,170,-6,0
35,L,-1700,-1500,171,-7,0
35,L,-1700,-1500,172,-7,0
35,L,-1700,-1500,173,-8,0
35,L,-1700,-1500,174,-6,0
35,L,-1700,-1500,175,-7,0
35,L,-1700,-1500,176,-8,0
35,L,-1700,-1500,177,-7,0
35,L,-1700,-1500,178,-6,0
35,L,-1700,-1500,179,-7,0
35,L,-1700,-1500,180,-8,0
35,L,-1700,-1500,181,-7,0
35,L,-1700,-1500,182,-6,0
35,L,-1700,-1500,183,-8,0
35,L,-1700,-1500,184,-7,0
35,L,-1700,-1500,185,-7,0
35,L,-1700,-1500,186,-6,0
35,L,-1700,-1500,187,-8,0
35,L,-1700,-1500,188,-7,0
35,L,-1700,-1500,189,-7,0
35,L,-1700,-1500,190,-7,0
35,L,-1700,-1500,191,-7,0
35,L,-1700,-1500,192,-7,0
35,L,-1700,-1500,193,-7,0
35,L,-1700,-1500,194,-7,0
35,L,-1700,-1500,195,-7,0
35,L,-1700,-1500,196,-7,0
35,L,-1700,-1500,197,-7,0
35,L,-1700,-1500,198,-8,0
35,L,-1700,-1500,199,-6,0
35,L,-1700,-1500,200,-7,0
35,L,-1700,-1500,201,-8,0
35,L,-1700,-1500,202,-7,0
35,L,-1700,-1500,203,-6,0
35,L,-1700,-1500,204,-7,0
35,L,-1700,-1500,205,-7,0
35,L,-1700,-1500,206,-7,0
35,L,-1700,-1500,207,-6,0
35,L,-1700,-1500,208,-7,0
35,L,-1700,-1500,209,-7,0
35,L,-1700,-1500,210,-6,0
35,L,-1700,-1500,211,-7,0
35,L,-1700,-1500,212,-6,0
35,L,-1700,-1500,213,-7,0
35,L,-1700,-1500,214,-6,0
35,L,-1700,-1500,215,-6,0
35,L,-1700,-1500,216,-7,0
35,L,-1700,-1500,217,-6,0
35,L,-1700,-1500,218,-6,0
35,L,-1700,-1500,219,-6,0
35,L,-1700,-1500,220,-6,0
35,L,-1700,-1500,221,-6,0
35,L,-1700,-1500,222,-6,0
35,L,-1700,-1500,223,-6,0
35,L,-1700,-1500,224,-6,0
35,L,-1700,-1500,225,-6,0
35,L,-1700,-1500,226,-6,0
35,L,-1700,-1500,227,-5,0
35,L,-1700,-1500,228,-6,0
35,L,-1700,-1500,229,-6,0
35,L,-1700,-1500,230,-5,0
35,L,-1700,-1500,231,-6,0
35,L,-1700,-1500,232,-5,0
35,L,-1700,-1500,233,-5,0
35,L,-1700,-1500,234,-6,0
35,L,-1700,-1500,235,-5,0
35,L,-1700,-1500,236,-6,0
35,L,-1700,-1500,237,-5,0
35,L,-1700,-1500,238,-5,0
35,L,-1700,-1500,239,-5,0
35,L,-1700,-1500,240,-6,0
35,L,-1700,-1500,241,-5,0
35,L,-1700,-1500,242,-5,0
35,L,-1700,-1500,243,-4,0
35,L,-1700,-1500,244,-6,0
35,L,-1700,-1500,245,-5,0
35,L,-1700,-1500,246,-5,0
35,L,-1700,-1500,247,-4,0
35,L,-1700,-1500,248,-6,0
35,L,-1700,-1500,249,-4,0
35,L,-1700,-1500,250,-5,0
35,L,-1700,-1500,251,-5,0
35,L,-1700,-1500,252,-4,0
35,L,-1700,-1500,253,-5,0
35,L,-1700,-1500,254,-5,0
35,L,-1700,-1500,255,-5,0
35,L,-1700,-1500,256,-4,0
35,L,-1700,-1500,257,-5,0
35,L,-1700,-1500,258,-4,0
35,L,-1700,-1500,259,-4,0
35,L,-1700,-1500,260,-5,0
35,L,-1700,-1500,261,-5,0
35,L,-1700,-1500,262,-4,0
35,L,-1700,-1500,263,-4,0
35,L,-1700,-1500,264,-5,0
35,L,-1700,-1500,265,-4,0
35,L,-1700,-1500,266,-4,0
35,L,-1700,-1500,267,-4,0
35,L,-1700,-1500,268,-4,0
35,L,-1700,-1500,269,-4,0
35,L,-1700,-1500,270,-4,0
35,L,-1700,-1500,271,-5,0
35,L,-1700,-1500,272,-4,0
35,L,-1700,-1500,273,-4,0
35,L,-1700,-1500,274,-4,0
35,L,-1700,-1500,275,-4,0
35,L,-1700,-1500,276,-4,0
35,L,-1700,-1500,277,-4,0
35,L,-1700,-1500,278,-4,0
35,L,-1700,-1500,279,-4,0
35,L,-1700,-1500,280,-3,0
35,L,-1700,-1500,281,-4,0
35,L,-1700,-1500,282,-4,0
35,L,-1700,-1500,283,-4,0
35,L,-1700,-1500,284,-4,0
35,L,-1700,-1500,285,-3,0
35,L,-1700,-1500,286,-4,0
35,L,-1700,-1500,287,-4,0
35,L,-1700,-1500,288,-4,0
35,L,-1700,-1500,289,-3,0
35,L,-1700,-1500,290,-3,0
35,L,-1700,-1500,291,-4,0
35,L,-1700,-1500,292,-4,0
35,L,-1700,-1500,293,-3,0
35,L,-1700,-1500,294,-4,0
35,L,-1700,-1500,295,-3,0
35,L,-1700,-1500,296,-4,0
35,L,-1700,-1500,297,-4,0
35,L,-1700,-1500,298,-2,0
35,L,-1700,-1500,299,-4,0
35,L,-1700,-1500,300,-3,0
35,L,-1700,-1500,301,-4,0
35,L,-1700,-1500,302,-3,0
35,L,-1700,-1500,303,-4,0
35,L,-1700,-1500,304,-3,0
35,L,-1700,-1500,305,-3,0
35,L,-1700,-1500,306,-3,0
35,L,-1700,-1500,307,-4,0
35,L,-1700,-1500,308,-3,0
35,L,-1700,-1500,309,-3,0
35,L,-1700,-1500,310,-3,0
35,L,-1700,-1500,311,-3,0
35,L,-1700,-1500,312,-4,0
35,L,-1700,-1500,313,-3,0
35,L,-1700,-1500,314,-3,0
35,L,-1700,-1500,315,-3,0
35,L,-1700,-1500,316,-3,0
35,L,-1700,-1500,317,-3,0
35,L,-1700,-1500,318,-4,0
35,L,-1700,-1500,319,-2,0
35,L,-1700,-1500,320,-3,0
35,L,-1700,-1500,321,-4,0
35,L,-1700,-1500,322,-3,0
35,L,-1700,-1500,323,-2,0
35,L,-1700,-1500,324,-3,0
35,L,-1700,-1500,325,-4,0
35,L,-1700,-1500,326,-3,0
35,L,-1700,-1500,327,-2,0
35,L,-1700,-1500,328,-3,0
35,L,-1700,-1500,329,-3,0
35,L,-1700,-1500,330,-4,0
35,L,-1700,-1500,331,-2,0
35,L,-1700,-1500,332,-3,0
35,L,-1700,-1500,333,-3,0
35,L,-1700,-1500,334,-2,0
35,L,-1700,-1500,335,-3,0
35,L,-1700,-1500,336,-3,0
35,L,-1700,-1500,337,-3,0
35,L,-1700,-1500,338,-3,0
35,L,-1700,-1500,339,-3,0
35,L,-1700,-1500,340,-3,0
35,L,-1700,-1500,341,-2,0
35,L,-1700,-1500,342,-3,0
35,L,-1700,-1500,343,-3,0
35,L,-1700,-1500,344,-2,0
35,L,-1700,-1500,345,-3,0
35,L,-1700,-1500,346,-3,0
35,L,-1700,-1500,347,-2,0
35,L,-1700,-1500,348,-3,0
35,L,-1700,-1500,349,-3,0
35,L,-1700,-1500,350,-2,0
35,L,-1700,-1500,351,-3,0
35,L,-1700,-1500,352,-3,0
35,L,-1700,-1500,353,-2,0
35,L,-1700,-1500,354,-3,0
35,L,-1700,-1500,355,-3,0
35,L,-1700,-1500,356,-2,0
35,L,-1700,-1500,357,-3,0
35,L,-1700,-1500,358,-3,0
35,L,-1700,-1500,359,-2,0
35,L,-1700,-1500,360,-3,0
35,L,-1700,-1500,361,-3,0
35,L,-1700,-1500,362,-2,0
35,L,-1700,-1500,363,-3,0
35,L,-1700,-1500,364,-3,0
35,L,-1700,-1500,365,-2,0
35,L,-1700,-1500,366,-3,0
35,L,-1700,-1500,367,-2,0
35,L,-1700,-1500,368,-2,0
35,L,-1700,-1500,369,-3,0
35,L,-1700,-1500,370,-2,0
35,L,-1700,-1500,371,-3,0
35,L,-1700,-1500,372,-3,0
35,L,-1700,-1500,373,-2,0
35,L,-1700,-1500,374,-3,0
35,L,-1700,-1500,375,-3,0
35,L,-1700,-1500,376,-2,0
35,L,-1700,-1500,377,-3,0
35,L,-1700,-1500,378,-2,0
35,L,-1700,-1500,379,-2,0
35,L,-1700,-1500,380,-3,0
35,L,-1700,-1500,381,-2,0
35,L,-1700,-1500,382,-3,0
35,L,-1700,-1500,383,-2,0
35,L,-1700,-1500,384,-3,0
35,L,-1700,-1500,385,-2,0
35,L,-1700,-1500,386,-2,0
35,L,-1700,-1500,387,-3,0
35,L,-1700,-1500,388,-3,0
35,L,-1700,-1500,389,-2,0
35,L,-1700,-1500,390,-2,0
35,L,-1700,-1500,391,-2,0
35,L,-1700,-1500,392,-3,0
35,L,-1700,-1500,393,-3,0
35,L,-1700,-1500,394,-2,0
35,L,-1700,-1500,395,-3,0
35,L,-1700,-1500,396,-2,0
35,L,-1700,-1500,397,-2,0
35,L,-1700,-1500,398,-3,0
35,L,-1700,-1500,399,-2,0
35,L,-1700,-1500,400,-3,0
35,L,-1700,-1500,401,-1,0
35,L,-1700,-1500,402,-3,0
35,L,-1700,-1500,403,-3,0
35,L,-1700,-1500,404,-1,0
35,L,-1700,-1500,405,-3,0
35,L,-1700,-1500,406,-2,0
35,L,-1700,-1500,407,-2,0
35,L,-1700,-1500,408,-1,0
35,L,-1700,-1500,409,-3,0
35,L,-1700,-1500,410,-1,0
35,L,-1700,-1500,411,-2,0
35,L,-1700,-1500,412,-2,0
35,L,-1700,-1500,413,-1,0
35,L,-1700,-1500,414,-2,0
35,L,-1700,-1500,415,-1,0
35,L,-1700,-1500,416,-2,0
35,L,-1700,-1500,417,-2,0
35,L,-1700,-1500,418,-1,0
35,L,-1700,-1500,419,-2,0
35,L,-1700,-1500,420,-1,0
35,L,-1700,-1500,421,-1,0
35,L,-1700,-1500,422,-1,0
35,L,-1700,-1500,423,-1,0
35,L,-1700,-1500,424,-1,0
35,L,-1700,-1500,425,-1,0
35,L,-1700,-1500,426,-2,0
35,L,-1700,-1500,427,0,0
35,L,-1700,-1500,428,-1,0
35,L,-1700,-1500,429,-1,0
35,L,-1700,-1500,430,0,0
35,L,-1700,-1500,431,-1,0
35,L,-1700,-1500,432,-1,0
35,L,-1700,-1500,433,-1,0
35,L,-1700,-1500,434,0,0
35,L,-1700,-1500,435,0,0
35,L,-1700,-1500,436,-1,0
35,L,-1700,-1500,437,0,0
35,L,-1700,-1500,438,0,0
35,L,-1700,-1500,439,0,0
35,L,-1700,-1500,440,0,0
35,L,-1700,-1500,441,0,0
35,L,-1700,-1500,442,0,0
35,L,-1700,-1500,443,0,0
35,L,-1700,-1500,444,0,0
35,L,-1700,-1500,445,0,0
35,L,-1700,-1500,446,0,0
35,L,-1700,-1500,447,0,0
35,L,-1700,-1500,448,0,0
35,L,-1700,-1500,449,0,0
35,L,-1700,-1500,450,0,0
35,L,-1700,-1500,451,0,0
35,L,-1700,-1500,452,1,0
35,L,-1700,-1500,453,0,0
35,L,-1700,-1500,454,0,0
35,L,-1700,-1500,455,0,0
35,L,-1700,-1500,456,0,0
35,L,-1700,-1500,457,0,0
35,L,-1700,-1500,458,0,0
35,L,-1700,-1500,459,0,0
35,L,-1700,-1500,460,0,0
35,L,-1700,-1500,461,1,0
35,L,-1700,-1500,462,0,0
35,L,-1700,-1500,463,0,0
35,L,-1700,-1500,464,0,0
35,L,-1700,-1500,465,0,0
35,L,-1700,-1500,466,0,0
35,L,-1700,-1500,467,0,0
35,L,-1700,-1500,468,0,0
35,L,-1700,-1500,469,0,0
35,L,-1700,-1500,470,0,0
35,L,-1700,-1500,471,0,0
35,L,-1700,-1500,472,0,0
35,L,-1700,-1500,473,0,0
35,L,-1700,-1500,474,0,0
35,L,-1700,-1500,475,0,0
35,L,-1700,-1500,476,0,0
35,L,-1700,-1500,477,0,0
35,L,-1700,-1500,478,0,0
35,L,-1700,-1500,479,0,0
35,L,-1700,-1500,480,0,0
35,L,-1700,-1500,481,0,0
35,L,-1700,-1500,482,0,0
35,L,-1700,-1500,483,0,0
35,L,-1700,-1500,484,0,0
35,L,-1700,-1500,485,0,0
35,L,-1700,-1500,486,0,0
35,L,-1700,-1500,487,0,0
35,L,-1700,-1500,488,0,0
35,L,-1700,-1500,489,0,0
35,L,-1700,-1500,490,0,0
35,L,-1700,-1500,491,0,0
35,L,-1700,-1500,492,0,0
35,L,-1700,-1500,493,0,0
35,L,-1700,-1500,494,0,0
35,L,-1700,-1500,495,0,0
35,L,-1700,-1500,496,0,0
35,L,-1700,-1500,497,0,0
35,L,-1700,-1500,498,0,0
35,L,-1700,-1500,499,0,0
36,L,-1700,-1600,0,0,0
36,L,-1700,-1600,1,0,0
36,L,-1700,-1600,2,-1,0
36,L,-1700,-1600,3,0,0
36,L,-1700,-1600,4,-1,0
36,L,-1700,-1600,5,-1,0
36,L,-1700,-1600,6,-2,0
36,L,-1700,-1600,7,-1,0
36,L,-1700,-1600,8,-2,0
36,L,-1700,-1600,9,-2,0
36,L,-1700,-1600,10,-3,0
36,L,-1700,-1600,11,-3,0
36,L,-1700,-1600,12,-2,0
36,L,-1700,-1600,13,-4,0
36,L,-1700,-1600,14,-3,0
36,L,-1700,-1600,15,-3,0
36,L,-1700,-1600,16,-4,0
36,L,-1700,-1600,17,-4,0
36,L,-1700,-1600,18,-4,0
36,L,-1700,-1600,19,-3,0
36,L,-1700,-1600,20,-4,0
36,L,-1700,-1600,21,-4,0
36,L,-1700,-1600,22,-5,0
36,L,-1700,-1600,23,-4,0
36,L,-1700,-1600,24,-4,0
36,L,-1700,-1600,25,-5,0
36,L,-1700,-1600,26,-4,0
36,L,-1700,-1600,27,-5,0
36,L,-1700,-1600,28,-5,0
36,L,-1700,-1600,29,-5,0
36,L,-1700,-1600,30,-5,0
36,L,-1700,-1600,31,-5,0
36,L,-1700,-1600,32,-4,0
36,L,-1700,-1600,33,-6,0
36,L,-1700,-1600,34,-5,0
36,L,-1700,-1600,35,-5,0
36,L,-1700,-1600,36,-6,0
36,L,-1700,-1600,37,-5,0
36,L,-1700,-1600,38,-5,0
36,L,-1700,-1600,39,-6,0
36,L,-1700,-1600,40,-5,0
36,L,-1700,-1600,41,-6,0
36,L,-1700,-1600,42,-6,0
36,L,-1700,-1600,43,-5,0
36,L,-1700,-1600,44,-6,0
36,L,-1700,-1600,45,-6,0
36,L,-1700,-1600,46,-6,0
36,L,-1700,-1600,47,-5,0
36,L,-1700,-1600,48,-7,0
36,L,-1700,-1600,49,-5,0
36,L,-1700,-1600,50,-7,0
36,L,-1700,-1600,51,-5,0
36,L,-1700,-1600,52,-7,0
36,L,-1700,-1600,53,-5,0
36,L,-1700,-1600,54,-7,0
36,L,-1700,-1600,55,-5,0
36,L,-1700,-1600,56,-7,0
36,L,-1700,-1600,57,-5,0
36,L,-1700,-1600,58,-7,0
36,L,-1700,-1600,59,-6,0
36,L,-1700,-1600,60,-6,0
36,L,-1700,-1600,61,-6,0
36,L,-1700,-1600,62,-7,0
36,L,-1700,-1600,63,-6,0
36,L,-1700,-1600,64,-6,0
36,L,-1700,-1600,65,-7,0
36,L,-1700,-1600,66,-6,0
36,L,-1700,-1600,67,-7,0
36,L,-1700,-1600,68,-5,0
36,L,-1700,-1600,69,-7,0
36,L,-1700,-1600,70,-7,0
36,L,-1700,-1600,71,-6,0
36,L,-1700,-1600,72,-7,0
36,L,-1700,-1600,73,-6,0
36,L,-1700,-1600,74,-6,0
36,L,-1700,-1600,75,-7,0
36,L,-1700,-1600,76,-6,0
36,L,-1700,-1600,77,-7,0
36,L,-1700,-1600,78,-7,0
36,L,-1700,-1600,79,-6,0
36,L,-1700,-1600,80,-7,0
36,L,-1700,-1600,81,-7,0
36,L,-1700,-1600,82,-6,0
36,L,-1700,-1600,83,-7,0
36,L,-1700,-1600,84,-7,0
36,L,-1700,-1600,85,-6,0
36,L,-1700,-1600,86,-7,0
36,L,-1700,-1600,87,-7,0
36,L,-1700,-1600,88,-6,0
36,L,-1700,-1600,89,-7,0
36,L,-1700,-1600,90,-6,0
36,L,-1700,-1600,91,-7,0
36,L,-1700,-1600,92,-7,0
36,L,-1700,-1600,93,-7,0
36,L,-1700,-1600,94,-6,0
36,L,-1700,-1600,95,-7,0
36,L,-1700,-1600,96,-7,0
36,L,-1700,-1600,97,-6,0
36,L,-1700,-1600,98,-7,0
36,L,-1700,-1600,99,-7,0
36,L,-1700,-1600,100,-6,0
36,L,-1700,-1600,101,-7,0
36,L,-1700,-1600,102,-7,0
36,L,-1700,-1600,103,-7,0
36,L,-1700,-1600,104,-7,0
36,L,-1700,-1600,105,-7,0
36,L,-1700,-1600,106,-7,0
36,L,-1700,-1600,107,-6,0
36,L,-1700,-1600,108,-7,0
36,L,-1700,-1600,109,-7,0
36,L,-1700,-1600,110,-6,0
36,L,-1700,-1600,111,-7,0
36,L,-1700,-1600,112,-8,0
36,L,-1700,-1600,113,-7,0
36,L,-1700,-1600,114,-6,0
36,L,-1700,-1600,115,-7,0
36,L,-1700,-1600,116,-7,0
36,L,-1700,-1600,117,-6,0
36,L,-1700,-1600,118,-7,0
36,L,-1700,-1600,119,-8,0
36,L,-1700,-1600,120,-7,0
36,L,-1700,-1600,121,-6,0
36,L,-1700,-1600,122,-7,0
36,L,-1700,-1600,123,-7,0
36,L,-1700,-1600,124,-7,0
36,L,-1700,-1600,125,-7,0
36,L,-1700,-1600,126,-7,0
36,L,-1700,-1600,127,-7,0
36,L,-1700,-1600,128,-6,0
36,L,-1700,-1600,129,-7,0
36,L,-1700,-1600,130,-7,0
36,L,-1700,-1600,131,-8,0
36,L,-1700,-1600,132,-6,0
36,L,-1700,-1600,133,-7,0
36,L,-1700,-1600,134,-7,0
36,L,-1700,-1600,135,-6,0
36,L,-1700,-1600,136,-8,0
36,L,-1700,-1600,137,-7,0
36,L,-1700,-1600,138,-7,0
36,L,-1700,-1600,139,-6,0
36,L,-1700,-1600,140,-7,0
36,L,-1700,-1600,141,-8,0
36,L,-1700,-1600,142,-7,0
36,L,-1700,-1600,143,-6,0
36,L,-1700,-1600,144,-7,0
36,L,-1700,-1600,145,-7,0
36,L,-1700,-1600,146,-7,0
36,L,-1700,-1600,147,-7,0
36,L,-1700,-1600,148,-7,0
36,L,-1700,-1600,149,-7,0
36,L,-1700,-1600,150,-7,0
36,L,-1700,-1600,151,-7,0
36,L,-1700,-1600,152,-7,0
36,L,-1700,-1600,153,-7,0
36,L,-1700,-1600,154,-6,0
36,L,-1700,-1600,155,-8,0
36,L,-1700,-1600,156,-7,0
36,L,-1700,-1600,157,-7,0
36,L,-1700,-1600,158,-6,0
36,L,-1700,-1600,159,-7,0
36,L,-1700,-1600,160,-8,0
36,L,-1700,-1600,161,-7,0
36,L,-1700,-1600,162,-6,0
36,L,-1700,-1600,163,-7,0
36,L,-1700,-1600,164,-8,0
36,L,-1700,-1600,165,-7,0
36,L,-1700,-1600,166,-6,0
36,L,-1700,-1600,167,-7,0
36,L,-1700,-1600,168,-8,0
36,L,-1700,-1600,169,-7,0
36,L,-1700,-1600,170,-6,0
36,L,-1700,-1600,171,-7,0
36,L,-1700,-1600,172,-7,0
36,L,-1700,-1600,173,-7,0
36,L,-1700,-1600,174,-7,0
36,L,-1700,-1600,175,-7,0
36,L,-1700,-1600,176,-7,0
36,L,-1700,-1600,177,-7,0
36,L,-1700,-1600,178,-7,0
36,L,-1700,-1600,179,-7,0
36,L,-1700,-1600,180,-7,0
36,L,-1700,-1600,181,-7,0
36,L,-1700,-1600,182,-7,0
36,L,-1700,-1600,183,-7,0
36,L,-1700,-1600,184,-7,0
36,L,-1700,-1600,185,-7,0
36,L,-1700,-1600,186,-7,0
36,L,-1700,-1600,187,-7,0
36,L,-1700,-1600,188,-7,0
36,L,-1700,-1600,189,-7,0
36,L,-1700,-1600,190,-7,0
36,L,-1700,-1600,191,-7,0
36,L,-1700,-1600,192,-7,0
36,L,-1700,-1600,193,-7,0
36,L,-1700,-1600,194,-7,0
36,L,-1700,-1600,195,-7,0
36,L,-1700,-1600,196,-7,0
36,L,-1700,-1600,197,-6,0
36,L,-1700,-1600,198,-8,0
36,L,-1700,-1600,199,-7,0
36,L,-1700,-1600,200,-7,0
36,L,-1700,-1600,201,-7,0
36,L,-1700,-1600,202,-7,0
36,L,-1700,-1600,203,-7,0
36,L,-1700,-1600,204,-7,0
36,L,-1700,-1600,205,-6,0
36,L,-1700,-1600,206,-7,0
36,L,-1700,-1600,207,-7,0
36,L,-1700,-1600,208,-6,0
36,L,-1700,-1600,209,-7,0
36,L,-1700,-1600,210,-7,0
36,L,-1700,-1600,211,-6,0
36,L,-1700,-1600,212,-7,0
36,L,-1700,-1600,213,-7,0
36,L,-1700,-1600,214,-6,0
36,L,-1700,-1600,215,-7,0
36,L,-1700,-1600,216,-6,0
36,L,-1700,-1600,217,-6,0
36,L,-1700,-1600,218,-7,0
36,L,-1700,-1600,219,-6,0
36,L,-1700,-1600,220,-7,0
36,L,-1700,-1600,221,-5,0
36,L,-1700,-1600,222,-7,0
36,L,-1700,-1600,223,-6,0
36,L,-1700,-1600,224,-6,0
36,L,-1700,-1600,225,-7,0
36,L,-1700,-1600,226,-5,0
36,L,-1700,-1600,227,-7,0
36,L,-1700,-1600,228,-6,0
36,L,-1700,-1600,229,-6,0
36,L,-1700,-1600,230,-5,0
36,L,-1700,-1600,231,-7,0
36,L,-1700,-1600,232,-5,0
36,L,-1700,-1600,233,-7,0
36,L,-1700,-1600,234,-5,0
36,L,-1700,-1600,235,-7,0
36,L,-1700,-1600,236,-5,0
36,L,-1700,-1600,237,-5,0
36,L,-1700,-1600,238,-7,0
36,L,-1700,-1600,239,-5,0
36,L,-1700,-1600,240,-6,0
36,L,-1700,-1600,241,-6,0
36,L,-1700,-1600,242,-6,0
36,L,-1700,-1600,243,-5,0
36,L,-1700,-1600,244,-5,0
36,L,-1700,-1600,245,-6,0
36,L,-1700,-1600,246,-6,0
36,L,-1700,-1600,247,-6,0
36,L,-1700,-1600,248,-5,0
36,L,-1700,-1600,249,-5,0
36,L,-1700,-1600,250,-6,0
36,L,-1700,-1600,251,-6,0
36,L,-1700,-1600,252,-6,0
36,L,-1700,-1600,253,-5,0
36,L,-1700,-1600,254,-5,0
36,L,-1700,-1600,255,-6,0
36,L,-1700,-1600,256,-5,0
36,L,-1700,-1600,257,-5,0
36,L,-1700,-1600,258,-6,0
36,L,-1700,-1600,259,-5,0
36,L,-1700,-1600,260,-5,0
36,L,-1700,-1600,261,-6,0
36,L,-1700,-1600,262,-5,0
36,L,-1700,-1600,263,-5,0
36,L,-1700,-1600,264,-6,0
36,L,-1700,-1600,265,-5,0
36,L,-1700,-1600,266,-5,0
36,L,-1700,-1600,267,-6,0
36,L,-1700,-1600,268,-5,0
36,L,-1700,-1600,269,-5,0
36,L,-1700,-1600,270,-5,0
36,L,-1700,-1600,271,-5,0
36,L,-1700,-1600,272,-5,0
36,L,-1700,-1600,273,-6,0
36,L,-1700,-1600,274,-5,0
36,L,-1700,-1600,275,-5,0
36,L,-1700,-1600,276,-5,0
36,L,-1700,-1600,277,-6,0
36,L,-1700,-1600,278,-4,0
36,L,-1700,-1600,279,-5,0
36,L,-1700,-1600,280,-5,0
36,L,-1700,-1600,281,-6,0
36,L,-1700,-1600,282,-5,0
36,L,-1700,-1600,283,-5,0
36,L,-1700,-1600,284,-5,0
36,L,-1700,-1600,285,-5,0
36,L,-1700,-1600,286,-5,0
36,L,-1700,-1600,287,-5,0
36,L,-1700,-1600,288,-5,0
36,L,-1700,-1600,289,-5,0
36,L,-1700,-1600,290,-5,0
36,L,-1700,-1600,291,-5,0
36,L,-1700,-1600,292,-5,0
36,L,-1700,-1600,293,-5,0
36,L,-1700,-1600,294,-5,0
36,L,-1700,-1600,295,-5,0
36,L,-1700,-1600,296,-4,0
36,L,-1700,-1600,297,-6,0
36,L,-1700,-1600,298,-5,0
36,L,-1700,-1600,299,-4,0
36,L,-1700,-1600,300,-5,0
36,L,-1700,-1600,301,-6,0
36,L,-1700,-1600,302,-5,0
36,L,-1700,-1600,303,-4,0
36,L,-1700,-1600,304,-5,0
36,L,-1700,-1600,305,-5,0
36,L,-1700,-1600,306,-5,0
36,L,-1700,-1600,307,-5,0
36,L,-1700,-1600,308,-4,0
36,L,-1700,-1600,309,-5,0
36,L,-1700,-1600,310,-6,0
36,L,-1700,-1600,311,-4,0
36,L,-1700,-1600,312,-5,0
36,L,-1700,-1600,313,-5,0
36,L,-1700,-1600,314,-4,0
36,L,-1700,-1600,315,-6,0
36,L,-1700,-1600,316,-5,0
36,L,-1700,-1600,317,-4,0
36,L,-1700,-1600,318,-5,0
36,L,-1700,-1600,319,-5,0
36,L,-1700,-1600,320,-5,0
36,L,-1700,-1600,321,-5,0
36,L,-1700,-1600,322,-4,0
36,L,-1700,-1600,323,-5,0
36,L,-1700,-1600,324,-4,0
36,L,-1700,-1600,325,-6,0
36,L,-1700,-1600,326,-4,0
36,L,-1700,-1600,327,-4,0
36,L,-1700,-1600,328,-5,0
36,L,-1700,-1600,329,-4,0
36,L,-1700,-1600,330,-6,0
36,L,-1700,-1600,331,-4,0
36,L,-1700,-1600,332,-5,0
36,L,-1700,-1600,333,-5,0
36,L,-1700,-1600,334,-4,0
36,L,-1700,-1600,335,-5,0
36,L,-1700,-1600,336,-5,0
36,L,-1700,-1600,337,-5,0
36,L,-1700,-1600,338,-4,0
36,L,-1700,-1600,339,-5,0
36,L,-1700,-1600,340,-4,0
36,L,-1700,-1600,341,-6,0
36,L,-1700,-1600,342,-4,0
36,L,-1700,-1600,343,-5,0
36,L,-1700,-1600,344,-4,0
36,L,-1700,-1600,345,-5,0
36,L,-1700,-1600,346,-5,0
36,L,-1700,-1600,347,-5,0
36,L,-1700,-1600,348,-5,0
36,L,-1700,-1600,349,-4,0
36,L,-1700,-1600,350,-5,0
36,L,-1700,-1600,351,-4,0
36,L,-1700,-1600,352,-5,0
36,L,-1700,-1600,353,-5,0
36,L,-1700,-1600,354,-5,0
36,L,-1700,-1600,355,-4,0
36,L,-1700,-1600,356,-5,0
36,L,-1700,-1600,357,-4,0
36,L,-1700,-1600,358,-6,0
36,L,-1700,-1600,359,-4,0
36,L,-1700,-1600,360,-5,0
36,L,-1700,-1600,361,-4,0
36,L,-1700,-1600,362,-5,0
36,L,-1700,-1600,363,-4,0
36,L,-1700,-1600,364,-5,0
36,L,-1700,-1600,365,-5,0
36,L,-1700,-1600,366,-5,0
36,L,-1700,-1600,367,-4,0
36,L,-1700,-1600,368,-5,0
36,L,-1700,-1600,369,-4,0
36,L,-1700,-1600,370,-5,0
36,L,-1700,-1600,371,-5,0
36,L,-1700,-1600,372,-4,0
36,L,-1700,-1600,373,-5,0
36,L,-1700,-1600,374,-4,0
36,L,-1700,-1600,375,-5,0
36,L,-1700,-1600,376,-5,0
36,L,-1700,-1600,377,-5,0
36,L,-1700,-1600,378,-4,0
36,L,-1700,-1600,379,-5,0
36,L,-1700,-1600,380,-4,0
36,L,-1700,-1600,381,-5,0
36,L,-1700,-1600,382,-4,0
36,L,-1700,-1600,383,-5,0
36,L,-1700,-1600,384,-5,0
36,L,-1700,-1600,385,-5,0
36,L,-1700,-1600,386,-4,0
36,L,-1700,-1600,387,-5,0
36,L,-1700,-1600,388,-4,0
36,L,-1700,-1600,389,-4,0
36,L,-1700,-1600,390,-6,0
36,L,-1700,-1600,391,-4,0
36,L,-1700,-1600,392,-5,0
36,L,-1700,-1600,393,-4,0
36,L,-1700,-1600,394,-5,0
36,L,-1700,-1600,395,-4,0
36,L,-1700,-1600,396,-5,0
36,L,-1700,-1600,397,-5,0
36,L,-1700,-1600,398,-4,0
36,L,-1700,-1600,399,-5,0
36,L,-1700,-1600,400,-4,0
36,L,-1700,-1600,401,-5,0
36,L,-1700,-1600,402,-4,0
36,L,-1700,-1600,403,-5,0
36,L,-1700,-1600,404,-5,0
36,L,-1700,-1600,405,-4,0
36,L,-1700,-1600,406,-4,0
36,L,-1700,-1600,407,-4,0
36,L,-1700,-1600,408,-4,0
36,L,-1700,-1600,409,-4,0
36,L,-1700,-1600,410,-4,0
36,L,-1700,-1600,411,-4,0
36,L,-1700,-1600,412,-4,0
36,L,-1700,-1600,413,-4,0
36,L,-1700,-1600,414,-3,0
36,L,-1700,-1600,415,-3,0
36,L,-1700,-1600,416,-4,0
36,L,-1700,-1600,417,-3,0
36,L,-1700,-1600,418,-4,0
36,L,-1700,-1600,419,-3,0
36,L,-1700,-1600,420,-4,0
36,L,-1700,-1600,421,-2,0
36,L,-1700,-1600,422,-3,0
36,L,-1700,-1600,423,-4,0
36,L,-1700,-1600,424,-3,0
36,L,-1700,-1600,425,-2,0
36,L,-1700,-1600,426,-3,0
36,L,-1700,-1600,427,-3,0
36,L,-1700,-1600,428,-2,0
36,L,-1700,-1600,429,-3,0
36,L,-1700,-1600,430,-3,0
36,L,-1700,-1600,431,-2,0
36,L,-1700,-1600,432,-3,0
36,L,-1700,-1600,433,-3,0
36,L,-1700,-1600,434,-2,0
36,L,-1700,-1600,435,-2,0
36,L,-1700,-1600,436,-2,0
36,L,-1700,-1600,437,-2,0
36,L,-1700,-1600,438,-2,0
36,L,-1700,-1600,439,-2,0
36,L,-1700,-1600,440,-2,0
36,L,-1700,-1600,441,-2,0
36,L,-1700,-1600,442,-2,0
36,L,-1700,-1600,443,-2,0
36,L,-1700,-1600,444,-1,0
36,L,-1700,-1600,445,-3,0
36,L,-1700,-1600,446,-1,0
36,L,-1700,-1600,447,-1,0
36,L,-1700,-1600,448,-2,0
36,L,-1700,-1600,449,-1,0
36,L,-1700,-1600,450,-1,0
36,L,-1700,-1600,451,-2,0
36,L,-1700,-1600,452,-1,0
36,L,-1700,-1600,453,-1,0
36,L,-1700,-1600,454,-2,0
36,L,-1700,-1600,455,-1,0
36,L,-1700,-1600,456,-1,0
36,L,-1700,-1600,457,-1,0
36,L,-1700,-1600,458,-1,0
36,L,-1700,-1600,459,-1,0
36,L,-1700,-1600,460,-1,0
36,L,-1700,-1600,461,0,0
36,L,-1700,-1600,462,-2,0
36,L,-1700,-1600,463,0,0
36,L,-1700,-1600,464,-1,0
36,L,-1700,-1600,465,0,0
36,L,-1700,-1600,466,-1,0
36,L,-1700,-1600,467,0,0
36,L,-1700,-1600,468,0,0
36,L,-1700,-1600,469,0,0
36,L,-1700,-1600,470,-1,0
36,L,-1700,-1600,471,-1,0
36,L,-1700,-1600,472,0,0
36,L,-1700,-1600,473,0,0
36,L,-1700,-1600,474,0,0
36,L,-1700,-1600,475,-1,0
36,L,-1700,-1600,476,0,0
36,L,-1700,-1600,477,0,0
36,L,-1700,-1600,478,0,0
36,L,-1700,-1600,479,0,0
36,L,-1700,-1600,480,0,0
36,L,-1700,-1600,481,0,0
36,L,-1700,-1600,482,0,0
36,L,-1700,-1600,483,0,0
36,L,-1700,-1600,484,0,0
36,L,-1700,-1600,485,0,0
36,L,-1700,-1600,486,0,0
36,L,-1700,-1600,487,0,0
36,L,-1700,-1600,488,0,0
36,L,-1700,-1600,489,0,0
36,L,-1700,-1600,490,0,0
36,L,-1700,-1600,491,0,0
36,L,-1700,-1600,492,0,0
36,L,-1700,-1600,493,0,0
36,L,-1700,-1600,494,0,0
36,L,-1700,-1600,495,0,0
36,L,-1700,-1600,496,0,0
36,L,-1700,-1600,497,0,0
36,L,-1700,-1600,498,0,0
36,L,-1700,-1600,499,0,0
37,L,-2000,-1500,0,0,0
37,L,-2000,-1500,1,0,0
37,L,-2000,-1500,2,0,0
37,L,-2000,-1500,3,-3,0
37,L,-2000,-1500,4,-2,0
37,L,-2000,-1500,5,-4,0
37,L,-2000,-1500,6,-4,0
37,L,-2000,-1500,7,-6,0
37,L,-2000,-1500,8,-5,0
37,L,-2000,-1500,9,-7,0
37,L,-2000,-1500,10,-6,0
37,L,-2000,-1500,11,-8,0
37,L,-2000,-1500,12,-8,0
37,L,-2000,-1500,13,-8,0
37,L,-2000,-1500,14,-8,0
37,L,-2000,-1500,15,-10,0
37,L,-2000,-1500,16,-9,0
37,L,-2000,-1500,17,-9,0
37,L,-2000,-1500,18,-10,0
37,L,-2000,-1500,19,-10,0
37,L,-2000,-1500,20,-10,0
37,L,-2000,-1500,21,-10,0
37,L,-2000,-1500,22,-11,0
37,L,-2000,-1500,23,-11,0
37,L,-2000,-1500,24,-12,0
37,L,-2000,-1500,25,-10,0
37,L,-2000,-1500,26,-12,0
37,L,-2000,-1500,27,-11,0
37,L,-2000,-1500,28,-12,0
37,L,-2000,-1500,29,-12,0
37,L,-2000,-1500,30,-12,0
37,L,-2000,-1500,31,-12,0
37,L,-2000,-1500,32,-12,0
37,L,-2000,-1500,33,-12,0
37,L,-2000,-1500,34,-13,0
37,L,-2000,-1500,35,-12,0
37,L,-2000,-1500,36,-12,0
37,L,-2000,-1500,37,-14,0
37,L,-2000,-1500,38,-13,0
37,L,-2000,-1500,39,-12,0
37,L,-2000,-1500,40,-13,0
37,L,-2000,-1500,41,-14,0
37,L,-2000,-1500,42,-12,0
37,L,-2000,-1500,43,-13,0
37,L,-2000,-1500,44,-14,0
37,L,-2000,-1500,45,-13,0
37,L,-2000,-1500,46,-13,0
37,L,-2000,-1500,47,-13,0
37,L,-2000,-1500,48,-14,0
37,L,-2000,-1500,49,-14,0
37,L,-2000,-1500,50,-14,0
37,L,-2000,-1500,51,-13,0
37,L,-2000,-1500,52,-13,0
37,L,-2000,-1500,53,-14,0
37,L,-2000,-1500,54,-14,0
37,L,-2000,-1500,55,-14,0
37,L,-2000,-1500,56,-13,0
37,L,-2000,-1500,57,-15,0
37,L,-2000,-1500,58,-13,0
37,L,-2000,-1500,59,-14,0
37,L,-2000,-1500,60,-14,0
37,L,-2000,-1500,61,-14,0
37,L,-2000,-1500,62,-14,0
37,L,-2000,-1500,63,-14,0
37,L,-2000,-1500,64,-14,0
37,L,-2000,-1500,65,-14,0
37,L,-2000,-1500,66,-14,0
37,L,-2000,-1500,67,-15,0
37,L,-2000,-1500,68,-13,0
37,L,-2000,-1500,69,-15,0
37,L,-2000,-1500,70,-14,0
37,L,-2000,-1500,71,-14,0
37,L,-2000,-1500,72,-14,0
37,L,-2000,-1500,73,-14,0
37,L,-2000,-1500,74,-14,0
37,L,-2000,-1500,75,-15,0
37,L,-2000,-1500,76,-14,0
37,L,-2000,-1500,77,-14,0
37,L,-2000,-1500,78,-15,0
37,L,-2000,-1500,79,-14,0
37,L,-2000,-1500,80,-14,0
37,L,-2000,-1500,81,-14,0
37,L,-2000,-1500,82,-15,0
37,L,-2000,-1500,83,-14,0
37,L,-2000,-1500,84,-14,0
37,L,-2000,-1500,85,-15,0
37,L,-2000,-1500,86,-14,0
37,L,-2000,-1500,87,-15,0
37,L,-2000,-1500,88,-14,0
37,L,-2000,-1500,89,-15,0
37,L,-2000,-1500,90,-14,0
37,L,-2000,-1500,91,-14,0
37,L,-2000,-1500,92,-15,0
37,L,-2000,-1500,93,-15,0
37,L,-2000,-1500,94,-13,0
37,L,-2000,-1500,95,-15,0
37,L,-2000,-1500,96,-14,0
37,L,-2000,-1500,97,-15,0
37,L,-2000,-1500,98,-15,0
37,L,-2000,-1500,99,-14,0
37,L,-2000,-1500,100,-15,0
37,L,-2000,-1500,101,-14,0
37,L,-2000,-1500,102,-14,0
37,L,-2000,-1500,103,-15,0
37,L,-2000,-1500,104,-14,0
37,L,-2000,-1500,105,-15,0
37,L,-2000,-1500,106,-15,0
37,L,-2000,-1500,107,-14,0
37,L,-2000,-1500,108,-15,0
37,L,-2000,-1500,109,-14,0
37,L,-2000,-1500,110,-15,0
37,L,-2000,-1500,111,-14,0
37,L,-2000,-1500,112,-14,0
37,L,-2000,-1500,113,-15,0
37,L,-2000,-1500,114,-15,0
37,L,-2000,-1500,115,-14,0
37,L,-2000,-1500,116,-15,0
37,L,-2000,-1500,117,-15,0
37,L,-2000,-1500,118,-14,0
37,L,-2000,-1500,119,-15,0
37,L,-2000,-1500,120,-15,0
37,L,-2000,-1500,121,-14,0
37,L,-2000,-1500,122,-15,0
37,L,-2000,-1500,123,-15,0
37,L,-2000,-1500,124,-14,0
37,L,-2000,-1500,125,-15,0
37,L,-2000,-1500,126,-14,0
37,L,-2000,-1500,127,-15,0
37,L,-2000,-1500,128,-15,0
37,L,-2000,-1500,129,-14,0
37,L,-2000,-1500,130,-14,0
37,L,-2000,-1500,131,-16,0
37,L,-2000,-1500,132,-14,0
37,L,-2000,-1500,133,-14,0
37,L,-2000,-1500,134,-15,0
37,L,-2000,-1500,135,-15,0
37,L,-2000,-1500,136,-14,0
37,L,-2000,-1500,137,-15,0
37,L,-2000,-1500,138,-15,0
37,L,-2000,-1500,139,-14,0
37,L,-2000,-1500,140,-15,0
37,L,-2000,-1500,141,-15,0
37,L,-2000,-1500,142,-14,0
37,L,-2000,-1500,143,-15,0
37,L,-2000,-1500,144,-15,0
37,L,-2000,-1500,145,-14,0
37,L,-2000,-1500,146,-15,0
37,L,-2000,-1500,147,-15,0
37,L,-2000,-1500,148,-14,0
37,L,-2000,-1500,149,-15,0
37,L,-2000,-1500,150,-16,0
37,L,-2000,-1500,151,-13,0
37,L,-2000,-1500,152,-16,0
37,L,-2000,-1500,153,-14,0
37,L,-2000,-1500,154,-14,0
37,L,-2000,-1500,155,-16,0
37,L,-2000,-1500,156,-14,0
37,L,-2000,-1500,157,-15,0
37,L,-2000,-1500,158,-15,0
37,L,-2000,-1500,159,-15,0
37,L,-2000,-1500,160,-14,0
37,L,-2000,-1500,161,-15,0
37,L,-2000,-1500,162,-15,0
37,L,-2000,-1500,163,-14,0
37,L,-2000,-1500,164,-15,0
37,L,-2000,-1500,165,-15,0
37,L,-2000,-1500,166,-14,0
37,L,-2000,-1500,167,-15,0
37,L,-2000,-1500,168,-15,0
37,L,-2000,-1500,169,-14,0
37,L,-2000,-1500,170,-15,0
37,L,-2000,-1500,171,-15,0
37,L,-2000,-1500,172,-14,0
37,L,-2000,-1500,173,-15,0
37,L,-2000,-1500,174,-15,0
37,L,-2000,-1500,175,-14,0
37,L,-2000,-1500,176,-15,0
37,L,-2000,-1500,177,-15,0
37,L,-2000,-1500,178,-14,0
37,L,-2000,-1500,179,-15,0
37,L,-2000,-1500,180,-15,0
37,L,-2000,-1500,181,-15,0
37,L,-2000,-1500,182,-15,0
37,L,-2000,-1500,183,-15,0
37,L,-2000,-1500,184,-14,0
37,L,-2000,-1500,185,-15,0
37,L,-2000,-1500,186,-15,0
37,L,-2000,-1500,187,-14,0
37,L,-2000,-1500,188,-15,0
37,L,-2000,-1500,189,-15,0
37,L,-2000,-1500,190,-15,0
37,L,-2000,-1500,191,-14,0
37,L,-2000,-1500,192,-15,0
37,L,-2000,-1500,193,-15,0
37,L,-2000,-1500,194,-14,0
37,L,-2000,-1500,195,-15,0
37,L,-2000,-1500,196,-15,0
37,L,-2000,-1500,197,-14,0
37,L,-2000,-1500,198,-15,0
37,L,-2000,-1500,199,-15,0
37,L,-2000,-1500,200,-14,0
37,L,-2000,-1500,201,-15,0
37,L,-2000,-1500,202,-15,0
37,L,-2000,-1500,203,-14,0
37,L,-2000,-1500,204,-15,0
37,L,-2000,-1500,205,-15,0
37,L,-2000,-1500,206,-14,0
37,L,-2000,-1500,207,-14,0
37,L,-2000,-1500,208,-14,0
37,L,-2000,-1500,209,-14,0
37,L,-2000,-1500,210,-13,0
37,L,-2000,-1500,211,-15,0
37,L,-2000,-1500,212,-13,0
37,L,-2000,-1500,213,-13,0
37,L,-2000,-1500,214,-14,0
37,L,-2000,-1500,215,-13,0
37,L,-2000,-1500,216,-13,0
37,L,-2000,-1500,217,-14,0
37,L,-2000,-1500,218,-13,0
37,L,-2000,-1500,219,-12,0
37,L,-2000,-1500,220,-13,0
37,L,-2000,-1500,221,-13,0
37,L,-2000,-1500,222,-13,0
37,L,-2000,-1500,223,-12,0
37,L,-2000,-1500,224,-13,0
37,L,-2000,-1500,225,-12,0
37,L,-2000,-1500,226,-12,0
37,L,-2000,-1500,227,-13,0
37,L,-2000,-1500,228,-11,0
37,L,-2000,-1500,229,-13,0
37,L,-2000,-1500,230,-12,0
37,L,-2000,-1500,231,-11,0
37,L,-2000,-1500,232,-12,0
37,L,-2000,-1500,233,-12,0
37,L,-2000,-1500,234,-12,0
37,L,-2000,-1500,235,-11,0
37,L,-2000,-1500,236,-12,0
37,L,-2000,-1500,237,-10,0
37,L,-2000,-1500,238,-12,0
37,L,-2000,-1500,239,-11,0
37,L,-2000,-1500,240,-11,0
37,L,-2000,-1500,241,-11,0
37,L,-2000,-1500,242,-11,0
37,L,-2000,-1500,243,-11,0
37,L,-2000,-1500,244,-11,0
37,L,-2000,-1500,245,-10,0
37,L,-2000,-1500,246,-11,0
37,L,-2000,-1500,247,-11,0
37,L,-2000,-1500,248,-9,0
37,L,-2000,-1500,249,-11,0
37,L,-2000,-1500,250,-10,0
37,L,-2000,-1500,251,-10,0
37,L,-2000,-1500,252,-10,0
37,L,-2000,-1500,253,-11,0
37,L,-2000,-1500,254,-9,0
37,L,-2000,-1500,255,-10,0
37,L,-2000,-1500,256,-10,0
37,L,-2000,-1500,257,-10,0
37,L,-2000,-1500,258,-9,0
37,L,-2000,-1500,259,-10,0
37,L,-2000,-1500,260,-9,0
37,L,-2000,-1500,261,-10,0
37,L,-2000,-1500,262,-9,0
37,L,-2000,-1500,263,-10,0
37,L,-2000,-1500,264,-9,0
37,L,-2000,-1500,265,-8,0
37,L,-2000,-1500,266,-10,0
37,L,-2000,-1500,267,-9,0
37,L,-2000,-1500,268,-9,0
37,L,-2000,-1500,269,-8,0
37,L,-2000,-1500,270,-10,0
37,L,-2000,-1500,271,-8,0
37,L,-2000,-1500,272,-9,0
37,L,-2000,-1500,273,-8,0
37,L,-2000,-1500,274,-9,0
37,L,-2000,-1500,275,-8,0
37,L,-2000,-1500,276,-8,0
37,L,-2000,-1500,277,-8,0
37,L,-2000,-1500,278,-9,0
37,L,-2000,-1500,279,-8,0
37,L,-2000,-1500,280,-9,0
37,L,-2000,-1500,281,-7,0
37,L,-2000,-1500,282,-8,0
37,L,-2000,-1500,283,-8,0
37,L,-2000,-1500,284,-8,0
37,L,-2000,-1500,285,-7,0
37,L,-2000,-1500,286,-8,0
37,L,-2000,-1500,287,-8,0
37,L,-2000,-1500,288,-7,0
37,L,-2000,-1500,289,-8,0
37,L,-2000,-1500,290,-8,0
37,L,-2000,-1500,291,-7,0
37,L,-2000,-1500,292,-8,0
37,L,-2000,-1500,293,-6,0
37,L,-2000,-1500,294,-8,0
37,L,-2000,-1500,295,-7,0
37,L,-2000,-1500,296,-7,0
37,L,-2000,-1500,297,-8,0
37,L,-2000,-1500,298,-6,0
37,L,-2000,-1500,299,-7,0
37,L,-2000,-1500,300,-7,0
37,L,-2000,-1500,301,-7,0
37,L,-2000,-1500,302,-7,0
37,L,-2000,-1500,303,-7,0
37,L,-2000,-1500,304,-6,0
37,L,-2000,-1500,305,-7,0
37,L,-2000,-1500,306,-6,0
37,L,-2000,-1500,307,-7,0
37,L,-2000,-1500,308,-6,0
37,L,-2000,-1500,309,-7,0
37,L,-2000,-1500,310,-6,0
37,L,-2000,-1500,311,-6,0
37,L,-2000,-1500,312,-6,0
37,L,-2000,-1500,313,-7,0
37,L,-2000,-1500,314,-6,0
37,L,-2000,-1500,315,-6,0
37,L,-2000,-1500,316,-6,0
37,L,-2000,-1500,317,-6,0
37,L,-2000,-1500,318,-6,0
37,L,-2000,-1500,319,-6,0
37,L,-2000,-1500,320,-5,0
37,L,-2000,-1500,321,-7,0
37,L,-2000,-1500,322,-5,0
37,L,-2000,-1500,323,-6,0
37,L,-2000,-1500,324,-6,0
37,L,-2000,-1500,325,-6,0
37,L,-2000,-1500,326,-5,0
37,L,-2000,-1500,327,-5,0
37,L,-2000,-1500,328,-6,0
37,L,-2000,-1500,329,-5,0
37,L,-2000,-1500,330,-6,0
37,L,-2000,-1500,331,-5,0
37,L,-2000,-1500,332,-5,0
37,L,-2000,-1500,333,-6,0
37,L,-2000,-1500,334,-5,0
37,L,-2000,-1500,335,-5,0
37,L,-2000,-1500,336,-5,0
37,L,-2000,-1500,337,-6,0
37,L,-2000,-1500,338,-5,0
37,L,-2000,-1500,339,-5,0
37,L,-2000,-1500,340,-4,0
37,L,-2000,-1500,341,-6,0
37,L,-2000,-1500,342,-5,0
37,L,-2000,-1500,343,-4,0
37,L,-2000,-1500,344,-5,0
37,L,-2000,-1500,345,-5,0
37,L,-2000,-1500,346,-5,0
37,L,-2000,-1500,347,-5,0
37,L,-2000,-1500,348,-4,0
37,L,-2000,-1500,349,-5,0
37,L,-2000,-1500,350,-4,0
37,L,-2000,-1500,351,-5,0
37,L,-2000,-1500,352,-5,0
37,L,-2000,-1500,353,-4,0
37,L,-2000,-1500,354,-5,0
37,L,-2000,-1500,355,-4,0
37,L,-2000,-1500,356,-4,0
37,L,-2000,-1500,357,-5,0
37,L,-2000,-1500,358,-4,0
37,L,-2000,-1500,359,-5,0
37,L,-2000,-1500,360,-4,0
37,L,-2000,-1500,361,-5,0
37,L,-2000,-1500,362,-4,0
37,L,-2000,-1500,363,-4,0
37,L,-2000,-1500,364,-4,0
37,L,-2000,-1500,365,-4,0
37,L,-2000,-1500,366,-4,0
37,L,-2000,-1500,367,-5,0
37,L,-2000,-1500,368,-4,0
37,L,-2000,-1500,369,-4,0
37,L,-2000,-1500,370,-4,0
37,L,-2000,-1500,371,-4,0
37,L,-2000,-1500,372,-4,0
37,L,-2000,-1500,373,-3,0
37,L,-2000,-1500,374,-4,0
37,L,-2000,-1500,375,-4,0
37,L,-2000,-1500,376,-4,0
37,L,-2000,-1500,377,-4,0
37,L,-2000,-1500,378,-4,0
37,L,-2000,-1500,379,-4,0
37,L,-2000,-1500,380,-3,0
37,L,-2000,-1500,381,-4,0
37,L,-2000,-1500,382,-3,0
37,L,-2000,-1500,383,-4,0
37,L,-2000,-1500,384,-4,0
37,L,-2000,-1500,385,-3,0
37,L,-2000,-1500,386,-4,0
37,L,-2000,-1500,387,-4,0
37,L,-2000,-1500,388,-3,0
37,L,-2000,-1500,389,-4,0
37,L,-2000,-1500,390,-4,0
37,L,-2000,-1500,391,-3,0
37,L,-2000,-1500,392,-3,0
37,L,-2000,-1500,393,-4,0
37,L,-2000,-1500,394,-3,0
37,L,-2000,-1500,395,-4,0
37,L,-2000,-1500,396,-3,0
37,L,-2000,-1500,397,-4,0
37,L,-2000,-1500,398,-2,0
37,L,-2000,-1500,399,-4,0
37,L,-2000,-1500,400,-3,0
37,L,-2000,-1500,401,-4,0
37,L,-2000,-1500,402,-3,0
37,L,-2000,-1500,403,-4,0
37,L,-2000,-1500,404,-2,0
37,L,-2000,-1500,405,-3,0
37,L,-2000,-1500,406,-4,0
37,L,-2000,-1500,407,-3,0
37,L,-2000,-1500,408,-2,0
37,L,-2000,-1500,409,-3,0
37,L,-2000,-1500,410,-3,0
37,L,-2000,-1500,411,-2,0
37,L,-2000,-1500,412,-3,0
37,L,-2000,-1500,413,-3,0
37,L,-2000,-1500,414,-2,0
37,L,-2000,-1500,415,-3,0
37,L,-2000,-1500,416,-2,0
37,L,-2000,-1500,417,-2,0
37,L,-2000,-1500,418,-3,0
37,L,-2000,-1500,419,-2,0
37,L,-2000,-1500,420,-2,0
37,L,-2000,-1500,421,-2,0
37,L,-2000,-1500,422,-2,0
37,L,-2000,-1500,423,-2,0
37,L,-2000,-1500,424,-2,0
37,L,-2000,-1500,425,-2,0
37,L,-2000,-1500,426,-2,0
37,L,-2000,-1500,427,-1,0
37,L,-2000,-1500,428,-2,0
37,L,-2000,-1500,429,-2,0
37,L,-2000,-1500,430,-1,0
37,L,-2000,-1500,431,-2,0
37,L,-2000,-1500,432,-1,0
37,L,-2000,-1500,433,-1,0
37,L,-2000,-1500,434,-2,0
37,L,-2000,-1500,435,-1,0
37,L,-2000,-1500,436,-1,0
37,L,-2000,-1500,437,-2,0
37,L,-2000,-1500,438,-1,0
37,L,-2000,-1500,439,-1,0
37,L,-2000,-1500,440,0,0
37,L,-2000,-1500,441,-2,0
37,L,-2000,-1500,442,-1,0
37,L,-2000,-1500,443,0,0
37,L,-2000,-1500,444,-1,0
37,L,-2000,-1500,445,-2,0
37,L,-2000,-1500,446,0,0
37,L,-2000,-1500,447,-1,0
37,L,-2000,-1500,448,0,0
37,L,-2000,-1500,449,-1,0
37,L,-2000,-1500,450,0,0
37,L,-2000,-1500,451,0,0
37,L,-2000,-1500,452,-1,0
37,L,-2000,-1500,453,0,0
37,L,-2000,-1500,454,-1,0
37,L,-2000,-1500,455,0,0
37,L,-2000,-1500,456,0,0
37,L,-2000,-1500,457,0,0
37,L,-2000,-1500,458,0,0
37,L,-2000,-1500,459,0,0
37,L,-2000,-1500,460,0,0
37,L,-2000,-1500,461,0,0
37,L,-2000,-1500,462,0,0
37,L,-2000,-1500,463,0,0
37,L,-2000,-1500,464,0,0
37,L,-2000,-1500,465,0,0
37,L,-2000,-1500,466,0,0
37,L,-2000,-1500,467,0,0
37,L,-2000,-1500,468,0,0
37,L,-2000,-1500,469,0,0
37,L,-2000,-1500,470,0,0
37,L,-2000,-1500,471,0,0
37,L,-2000,-1500,472,0,0
37,L,-2000,-1500,473,0,0
37,L,-2000,-1500,474,0,0
37,L,-2000,-1500,475,0,0
37,L,-2000,-1500,476,0,0
37,L,-2000,-1500,477,0,0
37,L,-2000,-1500,478,0,0
37,L,-2000,-1500,479,0,0
37,L,-2000,-1500,480,0,0
37,L,-2000,-1500,481,0,0
37,L,-2000,-1500,482,0,0
37,L,-2000,-1500,483,0,0
37,L,-2000,-1500,484,0,0
37,L,-2000,-1500,485,0,0
37,L,-2000,-1500,486,0,0
37,L,-2000,-1500,487,0,0
37,L,-2000,-1500,488,0,0
37,L,-2000,-1500,489,0,0
37,L,-2000,-1500,490,0,0
37,L,-2000,-1500,491,0,0
37,L,-2000,-1500,492,0,0
37,L,-2000,-1500,493,0,0
37,L,-2000,-1500,494,0,0
37,L,-2000,-1500,495,0,0
37,L,-2000,-1500,496,0,0
37,L,-2000,-1500,497,0,0
37,L,-2000,-1500,498,0,0
37,L,-2000,-1500,499,0,0
38,L,-1600,1600,0,0,0
38,L,-1600,1600,1,0,0
38,L,-1600,1600,2,0,0
38,L,-1600,1600,3,0,0
38,L,-1600,1600,4,-1,0
38,L,-1600,1600,5,0,0
38,L,-1600,1600,6,-1,0
38,L,-1600,1600,7,-2,0
38,L,-1600,1600,8,-1,0
38,L,-1600,1600,9,0,0
38,L,-1600,1600,10,-2,0
38,L,-1600,1600,11,-2,0
38,L,-1600,1600,12,-1,0
38,L,-1600,1600,13,-2,0
38,L,-1600,1600,14,-1,0
38,L,-1600,1600,15,-3,0
38,L,-1600,1600,16,-1,0
38,L,-1600,1600,17,-3,0
38,L,-1600,1600,18,-1,0
38,L,-1600,1600,19,-3,0
38,L,-1600,1600,20,-2,0
38,L,-1600,1600,21,-2,0
38,L,-1600,1600,22,-2,0
38,L,-1600,1600,23,-3,0
38,L,-1600,1600,24,-3,0
38,L,-1600,1600,25,-2,0
38,L,-1600,1600,26,-3,0
38,L,-1600,1600,27,-3,0
38,L,-1600,1600,28,-2,0
38,L,-1600,1600,29,-3,0
38,L,-1600,1600,30,-3,0
38,L,-1600,1600,31,-3,0
38,L,-1600,1600,32,-3,0
38,L,-1600,1600,33,-3,0
38,L,-1600,1600,34,-3,0
38,L,-1600,1600,35,-3,0
38,L,-1600,1600,36,-3,0
38,L,-1600,1600,37,-3,0
38,L,-1600,1600,38,-4,0
38,L,-1600,1600,39,-3,0
38,L,-1600,1600,40,-3,0
38,L,-1600,1600,41,-3,0
38,L,-1600,1600,42,-4,0
38,L,-1600,1600,43,-3,0
38,L,-1600,1600,44,-4,0
38,L,-1600,1600,45,-3,0
38,L,-1600,1600,46,-4,0
38,L,-1600,1600,47,-3,0
38,L,-1600,1600,48,-3,0
38,L,-1600,1600,49,-4,0
38,L,-1600,1600,50,-3,0
38,L,-1600,1600,51,-4,0
38,L,-1600,1600,52,-4,0
38,L,-1600,1600,53,-4,0
38,L,-1600,1600,54,-3,0
38,L,-1600,1600,55,-4,0
38,L,-1600,1600,56,-4,0
38,L,-1600,1600,57,-4,0
38,L,-1600,1600,58,-4,0
38,L,-1600,1600,59,-3,0
38,L,-1600,1600,60,-3,0
38,L,-1600,1600,61,-4,0
38,L,-1600,1600,62,-4,0
38,L,-1600,1600,63,-4,0
38,L,-1600,1600,64,-4,0
38,L,-1600,1600,65,-4,0
38,L,-1600,1600,66,-4,0
38,L,-1600,1600,67,-4,0
38,L,-1600,1600,68,-4,0
38,L,-1600,1600,69,-4,0
38,L,-1600,1600,70,-4,0
38,L,-1600,1600,71,-4,0
38,L,-1600,1600,72,-4,0
38,L,-1600,1600,73,-4,0
38,L,-1600,1600,74,-4,0
38,L,-1600,1600,75,-4,0
38,L,-1600,1600,76,-4,0
38,L,-1600,1600,77,-4,0
38,L,-1600,1600,78,-4,0
38,L,-1600,1600,79,-4,0
38,L,-1600,1600,80,-4,0
38,L,-1600,1600,81,-4,0
38,L,-1600,1600,82,-5,0
38,L,-1600,1600,83,-4,0
38,L,-1600,1600,84,-4,0
38,L,-1600,1600,85,-5,0
38,L,-1600,1600,86,-4,0
38,L,-1600,1600,87,-4,0
38,L,-1600,1600,88,-4,0
38,L,-1600,1600,89,-4,0
38,L,-1600,1600,90,-5,0
38,L,-1600,1600,91,-4,0
38,L,-1600,1600,92,-4,0
38,L,-1600,1600,93,-4,0
38,L,-1600,1600,94,-4,0
38,L,-1600,1600,95,-5,0
38,L,-1600,1600,96,-4,0
38,L,-1600,1600,97,-4,0
38,L,-1600,1600,98,-4,0
38,L,-1600,1600,99,-5,0
38,L,-1600,1600,100,-5,0
38,L,-1600,1600,101,-4,0
38,L,-1600,1600,102,-4,0
38,L,-1600,1600,103,-4,0
38,L,-1600,1600,104,-4,0
38,L,-1600,1600,105,-5,0
38,L,-1600,1600,106,-4,0
38,L,-1600,1600,107,-4,0
38,L,-1600,1600,108,-5,0
38,L,-1600,1600,109,-4,0
38,L,-1600,1600,110,-4,0
38,L,-1600,1600,111,-5,0
38,L,-1600,1600,112,-5,0
38,L,-1600,1600,113,-4,0
38,L,-1600,1600,114,-4,0
38,L,-1600,1600,115,-5,0
38,L,-1600,1600,116,-4,0
38,L,-1600,1600,117,-4,0
38,L,-1600,1600,118,-4,0
38,L,-1600,1600,119,-5,0
38,L,-1600,1600,120,-4,0
38,L,-1600,1600,121,-5,0
38,L,-1600,1600,122,-5,0
38,L,-1600,1600,123,-4,0
38,L,-1600,1600,124,-4,0
38,L,-1600,1600,125,-5,0
38,L,-1600,1600,126,-4,0
38,L,-1600,1600,127,-4,0
38,L,-1600,1600,128,-5,0
38,L,-1600,1600,129,-4,0
38,L,-1600,1600,130,-5,0
38,L,-1600,1600,131,-5,0
38,L,-1600,1600,132,-4,0
38,L,-1600,1600,133,-4,0
38,L,-1600,1600,134,-5,0
38,L,-1600,1600,135,-4,0
38,L,-1600,1600,136,-4,0
38,L,-1600,1600,137,-5,0
38,L,-1600,1600,138,-4,0
38,L,-1600,1600,139,-5,0
38,L,-1600,1600,140,-5,0
38,L,-1600,1600,141,-4,0
38,L,-1600,1600,142,-5,0
38,L,-1600,1600,143,-4,0
38,L,-1600,1600,144,-4,0
38,L,-1600,1600,145,-5,0
38,L,-1600,1600,146,-4,0
38,L,-1600,1600,147,-4,0
38,L,-1600,1600,148,-6,0
38,L,-1600,1600,149,-4,0
38,L,-1600,1600,150,-4,0
38,L,-1600,1600,151,-5,0
38,L,-1600,1600,152,-4,0
38,L,-1600,1600,153,-5,0
38,L,-1600,1600,154,-4,0
38,L,-1600,1600,155,-4,0
38,L,-1600,1600,156,-5,0
38,L,-1600,1600,157,-5,0
38,L,-1600,1600,158,-4,0
38,L,-1600,1600,159,-5,0
38,L,-1600,1600,160,-4,0
38,L,-1600,1600,161,-5,0
38,L,-1600,1600,162,-4,0
38,L,-1600,1600,163,-5,0
38,L,-1600,1600,164,-5,0
38,L,-1600,1600,165,-4,0
38,L,-1600,1600,166,-4,0
38,L,-1600,1600,167,-5,0
38,L,-1600,1600,168,-4,0
38,L,-1600,1600,169,-5,0
38,L,-1600,1600,170,-4,0
38,L,-1600,1600,171,-5,0
38,L,-1600,1600,172,-5,0
38,L,-1600,1600,173,-4,0
38,L,-1600,1600,174,-4,0
38,L,-1600,1600,175,-5,0
38,L,-1600,1600,176,-4,0
38,L,-1600,1600,177,-5,0
38,L,-1600,1600,178,-4,0
38,L,-1600,1600,179,-5,0
38,L,-1600,1600,180,-5,0
38,L,-1600,1600,181,-4,0
38,L,-1600,1600,182,-5,0
38,L,-1600,1600,183,-4,0
38,L,-1600,1600,184,-4,0
38,L,-1600,1600,185,-5,0
38,L,-1600,1600,186,-4,0
38,L,-1600,1600,187,-5,0
38,L,-1600,1600,188,-5,0
38,L,-1600,1600,189,-4,0
38,L,-1600,1600,190,-5,0
38,L,-1600,1600,191,-4,0
38,L,-1600,1600,192,-5,0
38,L,-1600,1600,193,-4,0
38,L,-1600,1600,194,-4,0
38,L,-1600,1600,195,-6,0
38,L,-1600,1600,196,-4,0
38,L,-1600,1600,197,-5,0
38,L,-1600,1600,198,-4,0
38,L,-1600,1600,199,-4,0
38,L,-1600,1600,200,-5,0
38,L,-1600,1600,201,-4,0
38,L,-1600,1600,202,-4,0
38,L,-1600,1600,203,-4,0
38,L,-1600,1600,204,-3,0
38,L,-1600,1600,205,-3,0
38,L,-1600,1600,206,-2,0
38,L,-1600,1600,207,-2,0
38,L,-1600,1600,208,-1,0
38,L,-1600,1600,209,-1,0
38,L,-1600,1600,210,0,0
38,L,-1600,1600,211,-1,0
38,L,-1600,1600,212,0,0
38,L,-1600,1600,213,1,0
38,L,-1600,1600,214,0,0
38,L,-1600,1600,215,1,0
38,L,-1600,1600,216,0,0
38,L,-1600,1600,217,1,0
38,L,-1600,1600,218,2,0
38,L,-1600,1600,219,1,0
38,L,-1600,1600,220,1,0
38,L,-1600,1600,221,1,0
38,L,-1600,1600,222,2,0
38,L,-1600,1600,223,1,0
38,L,-1600,1600,224,2,0
38,L,-1600,1600,225,1,0
38,L,-1600,1600,226,2,0
38,L,-1600,1600,227,2,0
38,L,-1600,1600,228,1,0
38,L,-1600,1600,229,3,0
38,L,-1600,1600,230,1,0
38,L,-1600,1600,231,3,0
38,L,-1600,1600,232,1,0
38,L,-1600,1600,233,3,0
38,L,-1600,1600,234,3,0
38,L,-1600,1600,235,1,0
38,L,-1600,1600,236,3,0
38,L,-1600,1600,237,2,0
38,L,-1600,1600,238,3,0
38,L,-1600,1600,239,3,0
38,L,-1600,1600,240,2,0
38,L,-1600,1600,241,3,0
38,L,-1600,1600,242,3,0
38,L,-1600,1600,243,2,0
38,L,-1600,1600,244,3,0
38,L,-1600,1600,245,3,0
38,L,-1600,1600,246,2,0
38,L,-1600,1600,247,3,0
38,L,-1600,1600,248,3,0
38,L,-1600,1600,249,3,0
38,L,-1600,1600,250,3,0
38,L,-1600,1600,251,3,0
38,L,-1600,1600,252,3,0
38,L,-1600,1600,253,3,0
38,L,-1600,1600,254,3,0
38,L,-1600,1600,255,3,0
38,L,-1600,1600,256,4,0
38,L,-1600,1600,257,3,0
38,L,-1600,1600,258,4,0
38,L,-1600,1600,259,2,0
38,L,-1600,1600,260,3,0
38,L,-1600,1600,261,4,0
38,L,-1600,1600,262,3,0
38,L,-1600,1600,263,4,0
38,L,-1600,1600,264,3,0
38,L,-1600,1600,265,3,0
38,L,-1600,1600,266,4,0
38,L,-1600,1600,267,3,0
38,L,-1600,1600,268,4,0
38,L,-1600,1600,269,3,0
38,L,-1600,1600,270,4,0
38,L,-1600,1600,271,4,0
38,L,-1600,1600,272,2,0
38,L,-1600,1600,273,4,0
38,L,-1600,1600,274,4,0
38,L,-1600,1600,275,3,0
38,L,-1600,1600,276,4,0
38,L,-1600,1600,277,4,0
38,L,-1600,1600,278,4,0
38,L,-1600,1600,279,3,0
38,L,-1600,1600,280,4,0
38,L,-1600,1600,281,4,0
38,L,-1600,1600,282,4,0
38,L,-1600,1600,283,3,0
38,L,-1600,1600,284,3,0
38,L,-1600,1600,285,4,0
38,L,-1600,1600,286,4,0
38,L,-1600,1600,287,4,0
38,L,-1600,1600,288,4,0
38,L,-1600,1600,289,3,0
38,L,-1600,1600,290,4,0
38,L,-1600,1600,291,4,0
38,L,-1600,1600,292,4,0
38,L,-1600,1600,293,4,0
38,L,-1600,1600,294,4,0
38,L,-1600,1600,295,4,0
38,L,-1600,1600,296,4,0
38,L,-1600,1600,297,4,0
38,L,-1600,1600,298,4,0
38,L,-1600,1600,299,4,0
38,L,-1600,1600,300,4,0
38,L,-1600,1600,301,4,0
38,L,-1600,1600,302,4,0
38,L,-1600,1600,303,4,0
38,L,-1600,1600,304,4,0
38,L,-1600,1600,305,4,0
38,L,-1600,1600,306,4,0
38,L,-1600,1600,307,3,0
38,L,-1600,1600,308,4,0
38,L,-1600,1600,309,4,0
38,L,-1600,1600,310,5,0
38,L,-1600,1600,311,4,0
38,L,-1600,1600,312,4,0
38,L,-1600,1600,313,4,0
38,L,-1600,1600,314,4,0
38,L,-1600,1600,315,4,0
38,L,-1600,1600,316,4,0
38,L,-1600,1600,317,4,0
38,L,-1600,1600,318,4,0
38,L,-1600,1600,319,4,0
38,L,-1600,1600,320,4,0
38,L,-1600,1600,321,4,0
38,L,-1600,1600,322,4,0
38,L,-1600,1600,323,4,0
38,L,-1600,1600,324,4,0
38,L,-1600,1600,325,5,0
38,L,-1600,1600,326,4,0
38,L,-1600,1600,327,4,0
38,L,-1600,1600,328,4,0
38,L,-1600,1600,329,4,0
38,L,-1600,1600,330,4,0
38,L,-1600,1600,331,4,0
38,L,-1600,1600,332,4,0
38,L,-1600,1600,333,5,0
38,L,-1600,1600,334,4,0
38,L,-1600,1600,335,5,0
38,L,-1600,1600,336,4,0
38,L,-1600,1600,337,4,0
38,L,-1600,1600,338,4,0
38,L,-1600,1600,339,4,0
38,L,-1600,1600,340,4,0
38,L,-1600,1600,341,5,0
38,L,-1600,1600,342,4,0
38,L,-1600,1600,343,4,0
38,L,-1600,1600,344,4,0
38,L,-1600,1600,345,4,0
38,L,-1600,1600,346,5,0
38,L,-1600,1600,347,4,0
38,L,-1600,1600,348,4,0
38,L,-1600,1600,349,4,0
38,L,-1600,1600,350,4,0
38,L,-1600,1600,351,5,0
38,L,-1600,1600,352,4,0
38,L,-1600,1600,353,5,0
38,L,-1600,1600,354,4,0
38,L,-1600,1600,355,4,0
38,L,-1600,1600,356,4,0
38,L,-1600,1600,357,5,0
38,L,-1600,1600,358,4,0
38,L,-1600,1600,359,4,0
38,L,-1600,1600,360,4,0
38,L,-1600,1600,361,4,0
38,L,-1600,1600,362,5,0
38,L,-1600,1600,363,4,0
38,L,-1600,1600,364,4,0
38,L,-1600,1600,365,4,0
38,L,-1600,1600,366,5,0
38,L,-1600,1600,367,5,0
38,L,-1600,1600,368,4,0
38,L,-1600,1600,369,4,0
38,L,-1600,1600,370,4,0
38,L,-1600,1600,371,5,0
38,L,-1600,1600,372,4,0
38,L,-1600,1600,373,4,0
38,L,-1600,1600,374,4,0
38,L,-1600,1600,375,5,0
38,L,-1600,1600,376,4,0
38,L,-1600,1600,377,4,0
38,L,-1600,1600,378,5,0
38,L,-1600,1600,379,5,0
38,L,-1600,1600,380,4,0
38,L,-1600,1600,381,4,0
38,L,-1600,1600,382,4,0
38,L,-1600,1600,383,5,0
38,L,-1600,1600,384,4,0
38,L,-1600,1600,385,4,0
38,L,-1600,1600,386,4,0
38,L,-1600,1600,387,5,0
38,L,-1600,1600,388,4,0
38,L,-1600,1600,389,4,0
38,L,-1600,1600,390,4,0
38,L,-1600,1600,391,5,0
38,L,-1600,1600,392,5,0
38,L,-1600,1600,393,4,0
38,L,-1600,1600,394,4,0
38,L,-1600,1600,395,5,0
38,L,-1600,1600,396,4,0
38,L,-1600,1600,397,4,0
38,L,-1600,1600,398,4,0
38,L,-1600,1600,399,5,0
38,L,-1600,1600,400,4,0
38,L,-1600,1600,401,4,0
38,L,-1600,1600,402,4,0
38,L,-1600,1600,403,5,0
38,L,-1600,1600,404,4,0
38,L,-1600,1600,405,4,0
38,L,-1600,1600,406,4,0
38,L,-1600,1600,407,5,0
38,L,-1600,1600,408,3,0
38,L,-1600,1600,409,3,0
38,L,-1600,1600,410,4,0
38,L,-1600,1600,411,4,0
38,L,-1600,1600,412,3,0
38,L,-1600,1600,413,4,0
38,L,-1600,1600,414,3,0
38,L,-1600,1600,415,4,0
38,L,-1600,1600,416,2,0
38,L,-1600,1600,417,4,0
38,L,-1600,1600,418,3,0
38,L,-1600,1600,419,3,0
38,L,-1600,1600,420,4,0
38,L,-1600,1600,421,2,0
38,L,-1600,1600,422,3,0
38,L,-1600,1600,423,3,0
38,L,-1600,1600,424,2,0
38,L,-1600,1600,425,3,0
38,L,-1600,1600,426,3,0
38,L,-1600,1600,427,2,0
38,L,-1600,1600,428,3,0
38,L,-1600,1600,429,2,0
38,L,-1600,1600,430,2,0
38,L,-1600,1600,431,3,0
38,L,-1600,1600,432,2,0
38,L,-1600,1600,433,2,0
38,L,-1600,1600,434,2,0
38,L,-1600,1600,435,2,0
38,L,-1600,1600,436,2,0
38,L,-1600,1600,437,2,0
38,L,-1600,1600,438,2,0
38,L,-1600,1600,439,2,0
38,L,-1600,1600,440,1,0
38,L,-1600,1600,441,2,0
38,L,-1600,1600,442,2,0
38,L,-1600,1600,443,1,0
38,L,-1600,1600,444,2,0
38,L,-1600,1600,445,1,0
38,L,-1600,1600,446,1,0
38,L,-1600,1600,447,2,0
38,L,-1600,1600,448,1,0
38,L,-1600,1600,449,1,0
38,L,-1600,1600,450,2,0
38,L,-1600,1600,451,1,0
38,L,-1600,1600,452,0,0
38,L,-1600,1600,453,1,0
38,L,-1600,1600,454,2,0
38,L,-1600,1600,455,0,0
38,L,-1600,1600,456,1,0
38,L,-1600,1600,457,1,0
38,L,-1600,1600,458,0,0
38,L,-1600,1600,459,2,0
38,L,-1600,1600,460,0,0
38,L,-1600,1600,461,1,0
38,L,-1600,1600,462,0,0
38,L,-1600,1600,463,1,0
38,L,-1600,1600,464,0,0
38,L,-1600,1600,465,0,0
38,L,-1600,1600,466,0,0
38,L,-1600,1600,467,1,0
38,L,-1600,1600,468,0,0
38,L,-1600,1600,469,0,0
38,L,-1600,1600,470,0,0
38,L,-1600,1600,471,0,0
38,L,-1600,1600,472,0,0
38,L,-1600,1600,473,0,0
38,L,-1600,1600,474,0,0
38,L,-1600,1600,475,0,0
38,L,-1600,1600,476,0,0
38,L,-1600,1600,477,0,0
38,L,-1600,1600,478,0,0
38,L,-1600,1600,479,0,0
38,L,-1600,1600,480,0,0
38,L,-1600,1600,481,0,0
38,L,-1600,1600,482,0,0
38,L,-1600,1600,483,0,0
38,L,-1600,1600,484,0,0
38,L,-1600,1600,485,0,0
38,L,-1600,1600,486,0,0
38,L,-1600,1600,487,0,0
38,L,-1600,1600,488,0,0
38,L,-1600,1600,489,0,0
38,L,-1600,1600,490,0,0
38,L,-1600,1600,491,0,0
38,L,-1600,1600,492,0,0
38,L,-1600,1600,493,0,0
38,L,-1600,1600,494,0,0
38,L,-1600,1600,495,0,0
38,L,-1600,1600,496,0,0
38,L,-1600,1600,497,0,0
38,L,-1600,1600,498,0,0
38,L,-1600,1600,499,0,0
39,L,-1700,1500,0,0,0
39,L,-1700,1500,1,0,0
39,L,-1700,1500,2,-1,0
39,L,-1700,1500,3,0,0
39,L,-1700,1500,4,-1,0
39,L,-1700,1500,5,-1,0
39,L,-1700,1500,6,-2,0
39,L,-1700,1500,7,-1,0
39,L,-1700,1500,8,-3,0
39,L,-1700,1500,9,-1,0
39,L,-1700,1500,10,-3,0
39,L,-1700,1500,11,-2,0
39,L,-1700,1500,12,-3,0
39,L,-1700,1500,13,-3,0
39,L,-1700,1500,14,-3,0
39,L,-1700,1500,15,-3,0
39,L,-1700,1500,16,-3,0
39,L,-1700,1500,17,-4,0
39,L,-1700,1500,18,-4,0
39,L,-1700,1500,19,-3,0
39,L,-1700,1500,20,-4,0
39,L,-1700,1500,21,-4,0
39,L,-1700,1500,22,-4,0
39,L,-1700,1500,23,-4,0
39,L,-1700,1500,24,-4,0
39,L,-1700,1500,25,-4,0
39,L,-1700,1500,26,-5,0
39,L,-1700,1500,27,-4,0
39,L,-1700,1500,28,-5,0
39,L,-1700,1500,29,-4,0
39,L,-1700,1500,30,-6,0
39,L,-1700,1500,31,-4,0
39,L,-1700,1500,32,-5,0
39,L,-1700,1500,33,-5,0
39,L,-1700,1500,34,-4,0
39,L,-1700,1500,35,-6,0
39,L,-1700,1500,36,-5,0
39,L,-1700,1500,37,-5,0
39,L,-1700,1500,38,-6,0
39,L,-1700,1500,39,-5,0
39,L,-1700,1500,40,-5,0
39,L,-1700,1500,41,-5,0
39,L,-1700,1500,42,-6,0
39,L,-1700,1500,43,-5,0
39,L,-1700,1500,44,-6,0
39,L,-1700,1500,45,-5,0
39,L,-1700,1500,46,-5,0
39,L,-1700,1500,47,-6,0
39,L,-1700,1500,48,-6,0
39,L,-1700,1500,49,-6,0
39,L,-1700,1500,50,-5,0
39,L,-1700,1500,51,-6,0
39,L,-1700,1500,52,-6,0
39,L,-1700,1500,53,-6,0
39,L,-1700,1500,54,-6,0
39,L,-1700,1500,55,-5,0
39,L,-1700,1500,56,-7,0
39,L,-1700,1500,57,-5,0
39,L,-1700,1500,58,-7,0
39,L,-1700,1500,59,-5,0
39,L,-1700,1500,60,-7,0
39,L,-1700,1500,61,-5,0
39,L,-1700,1500,62,-7,0
39,L,-1700,1500,63,-6,0
39,L,-1700,1500,64,-6,0
39,L,-1700,1500,65,-6,0
39,L,-1700,1500,66,-6,0
39,L,-1700,1500,67,-7,0
39,L,-1700,1500,68,-6,0
39,L,-1700,1500,69,-6,0
39,L,-1700,1500,70,-6,0
39,L,-1700,1500,71,-7,0
39,L,-1700,1500,72,-5,0
39,L,-1700,1500,73,-7,0
39,L,-1700,1500,74,-7,0
39,L,-1700,1500,75,-6,0
39,L,-1700,1500,76,-7,0
39,L,-1700,1500,77,-5,0
39,L,-1700,1500,78,-7,0
39,L,-1700,1500,79,-7,0
39,L,-1700,1500,80,-6,0
39,L,-1700,1500,81,-7,0
39,L,-1700,1500,82,-6,0
39,L,-1700,1500,83,-6,0
39,L,-1700,1500,84,-7,0
39,L,-1700,1500,85,-6,0
39,L,-1700,1500,86,-7,0
39,L,-1700,1500,87,-7,0
39,L,-1700,1500,88,-6,0
39,L,-1700,1500,89,-7,0
39,L,-1700,1500,90,-6,0
39,L,-1700,1500,91,-7,0
39,L,-1700,1500,92,-6,0
39,L,-1700,1500,93,-6,0
39,L,-1700,1500,94,-7,0
39,L,-1700,1500,95,-7,0
39,L,-1700,1500,96,-6,0
39,L,-1700,1500,97,-7,0
39,L,-1700,1500,98,-7,0
39,L,-1700,1500,99,-6,0
39,L,-1700,1500,100,-7,0
39,L,-1700,1500,101,-7,0
39,L,-1700,1500,102,-6,0
39,L,-1700,1500,103,-7,0
39,L,-1700,1500,104,-7,0
39,L,-1700,1500,105,-6,0
39,L,-1700,1500,106,-7,0
39,L,-1700,1500,107,-7,0
39,L,-1700,1500,108,-6,0
39,L,-1700,1500,109,-7,0
39,L,-1700,1500,110,-7,0
39,L,-1700,1500,111,-6,0
39,L,-1700,1500,112,-7,0
39,L,-1700,1500,113,-7,0
39,L,-1700,1500,114,-7,0
39,L,-1700,1500,115,-7,0
39,L,-1700,1500,116,-7,0
39,L,-1700,1500,117,-7,0
39,L,-1700,1500,118,-6,0
39,L,-1700,1500,119,-7,0
39,L,-1700,1500,120,-7,0
39,L,-1700,1500,121,-6,0
39,L,-1700,1500,122,-7,0
39,L,-1700,1500,123,-7,0
39,L,-1700,1500,124,-7,0
39,L,-1700,1500,125,-6,0
39,L,-1700,1500,126,-7,0
39,L,-1700,1500,127,-7,0
39,L,-1700,1500,128,-7,0
39,L,-1700,1500,129,-7,0
39,L,-1700,1500,130,-7,0
39,L,-1700,1500,131,-6,0
39,L,-1700,1500,132,-7,0
39,L,-1700,1500,133,-7,0
39,L,-1700,1500,134,-6,0
39,L,-1700,1500,135,-7,0
39,L,-1700,1500,136,-8,0
39,L,-1700,1500,137,-7,0
39,L,-1700,1500,138,-6,0
39,L,-1700,1500,139,-7,0
39,L,-1700,1500,140,-7,0
39,L,-1700,1500,141,-6,0
39,L,-1700,1500,142,-7,0
39,L,-1700,1500,143,-7,0
39,L,-1700,1500,144,-7,0
39,L,-1700,1500,145,-7,0
39,L,-1700,1500,146,-7,0
39,L,-1700,1500,147,-7,0
39,L,-1700,1500,148,-6,0
39,L,-1700,1500,149,-7,0
39,L,-1700,1500,150,-7,0
39,L,-1700,1500,151,-7,0
39,L,-1700,1500,152,-7,0
39,L,-1700,1500,153,-7,0
39,L,-1700,1500,154,-7,0
39,L,-1700,1500,155,-6,0
39,L,-1700,1500,156,-7,0
39,L,-1700,1500,157,-7,0
39,L,-1700,1500,158,-7,0
39,L,-1700,1500,159,-7,0
39,L,-1700,1500,160,-7,0
39,L,-1700,1500,161,-7,0
39,L,-1700,1500,162,-6,0
39,L,-1700,1500,163,-7,0
39,L,-1700,1500,164,-7,0
39,L,-1700,1500,165,-7,0
39,L,-1700,1500,166,-7,0
39,L,-1700,1500,167,-7,0
39,L,-1700,1500,168,-7,0
39,L,-1700,1500,169,-6,0
39,L,-1700,1500,170,-8,0
39,L,-1700,1500,171,-7,0
39,L,-1700,1500,172,-7,0
39,L,-1700,1500,173,-6,0
39,L,-1700,1500,174,-7,0
39,L,-1700,1500,175,-7,0
39,L,-1700,1500,176,-7,0
39,L,-1700,1500,177,-7,0
39,L,-1700,1500,178,-7,0
39,L,-1700,1500,179,-7,0
39,L,-1700,1500,180,-6,0
39,L,-1700,1500,181,-8,0
39,L,-1700,1500,182,-7,0
39,L,-1700,1500,183,-7,0
39,L,-1700,1500,184,-6,0
39,L,-1700,1500,185,-7,0
39,L,-1700,1500,186,-7,0
39,L,-1700,1500,187,-7,0
39,L,-1700,1500,188,-7,0
39,L,-1700,1500,189,-7,0
39,L,-1700,1500,190,-7,0
39,L,-1700,1500,191,-7,0
39,L,-1700,1500,192,-7,0
39,L,-1700,1500,193,-7,0
39,L,-1700,1500,194,-7,0
39,L,-1700,1500,195,-6,0
39,L,-1700,1500,196,-7,0
39,L,-1700,1500,197,-8,0
39,L,-1700,1500,198,-7,0
39,L,-1700,1500,199,-6,0
39,L,-1700,1500,200,-7,0
39,L,-1700,1500,201,-7,0
39,L,-1700,1500,202,-6,0
39,L,-1700,1500,203,-7,0
39,L,-1700,1500,204,-5,0
39,L,-1700,1500,205,-6,0
39,L,-1700,1500,206,-4,0
39,L,-1700,1500,207,-5,0
39,L,-1700,1500,208,-4,0
39,L,-1700,1500,209,-3,0
39,L,-1700,1500,210,-4,0
39,L,-1700,1500,211,-2,0
39,L,-1700,1500,212,-3,0
39,L,-1700,1500,213,-3,0
39,L,-1700,1500,214,-2,0
39,L,-1700,1500,215,-3,0
39,L,-1700,1500,216,-1,0
39,L,-1700,1500,217,-2,0
39,L,-1700,1500,218,-1,0
39,L,-1700,1500,219,-1,0
39,L,-1700,1500,220,-2,0
39,L,-1700,1500,221,-1,0
39,L,-1700,1500,222,0,0
39,L,-1700,1500,223,0,0
39,L,-1700,1500,224,-1,0
39,L,-1700,1500,225,0,0
39,L,-1700,1500,226,0,0
39,L,-1700,1500,227,1,0
39,L,-1700,1500,228,0,0
39,L,-1700,1500,229,0,0
39,L,-1700,1500,230,0,0
39,L,-1700,1500,231,1,0
39,L,-1700,1500,232,0,0
39,L,-1700,1500,233,1,0
39,L,-1700,1500,234,1,0
39,L,-1700,1500,235,1,0
39,L,-1700,1500,236,0,0
39,L,-1700,1500,237,1,0
39,L,-1700,1500,238,0,0
39,L,-1700,1500,239,2,0
39,L,-1700,1500,240,0,0
39,L,-1700,1500,241,1,0
39,L,-1700,1500,242,1,0
39,L,-1700,1500,243,0,0
39,L,-1700,1500,244,2,0
39,L,-1700,1500,245,1,0
39,L,-1700,1500,246,1,0
39,L,-1700,1500,247,0,0
39,L,-1700,1500,248,2,0
39,L,-1700,1500,249,1,0
39,L,-1700,1500,250,0,0
39,L,-1700,1500,251,1,0
39,L,-1700,1500,252,2,0
39,L,-1700,1500,253,1,0
39,L,-1700,1500,254,1,0
39,L,-1700,1500,255,0,0
39,L,-1700,1500,256,2,0
39,L,-1700,1500,257,1,0
39,L,-1700,1500,258,1,0
39,L,-1700,1500,259,2,0
39,L,-1700,1500,260,1,0
39,L,-1700,1500,261,1,0
39,L,-1700,1500,262,1,0
39,L,-1700,1500,263,1,0
39,L,-1700,1500,264,1,0
39,L,-1700,1500,265,1,0
39,L,-1700,1500,266,2,0
39,L,-1700,1500,267,1,0
39,L,-1700,1500,268,1,0
39,L,-1700,1500,269,2,0
39,L,-1700,1500,270,1,0
39,L,-1700,1500,271,1,0
39,L,-1700,1500,272,2,0
39,L,-1700,1500,273,1,0
39,L,-1700,1500,274,1,0
39,L,-1700,1500,275,2,0
39,L,-1700,1500,276,1,0
39,L,-1700,1500,277,2,0
39,L,-1700,1500,278,1,0
39,L,-1700,1500,279,1,0
39,L,-1700,1500,280,3,0
39,L,-1700,1500,281,1,0
39,L,-1700,1500,282,1,0
39,L,-1700,1500,283,2,0
39,L,-1700,1500,284,1,0
39,L,-1700,1500,285,1,0
39,L,-1700,1500,286,2,0
39,L,-1700,1500,287,1,0
39,L,-1700,1500,288,2,0
39,L,-1700,1500,289,2,0
39,L,-1700,1500,290,1,0
39,L,-1700,1500,291,2,0
39,L,-1700,1500,292,1,0
39,L,-1700,1500,293,1,0
39,L,-1700,1500,294,2,0
39,L,-1700,1500,295,2,0
39,L,-1700,1500,296,2,0
39,L,-1700,1500,297,1,0
39,L,-1700,1500,298,1,0
39,L,-1700,1500,299,3,0
39,L,-1700,1500,300,1,0
39,L,-1700,1500,301,2,0
39,L,-1700,1500,302,1,0
39,L,-1700,1500,303,2,0
39,L,-1700,1500,304,2,0
39,L,-1700,1500,305,1,0
39,L,-1700,1500,306,2,0
39,L,-1700,1500,307,2,0
39,L,-1700,1500,308,2,0
39,L,-1700,1500,309,1,0
39,L,-1700,1500,310,2,0
39,L,-1700,1500,311,2,0
39,L,-1700,1500,312,1,0
39,L,-1700,1500,313,2,0
39,L,-1700,1500,314,2,0
39,L,-1700,1500,315,2,0
39,L,-1700,1500,316,1,0
39,L,-1700,1500,317,1,0
39,L,-1700,1500,318,3,0
39,L,-1700,1500,319,1,0
39,L,-1700,1500,320,2,0
39,L,-1700,1500,321,2,0
39,L,-1700,1500,322,2,0
39,L,-1700,1500,323,1,0
39,L,-1700,1500,324,2,0
39,L,-1700,1500,325,2,0
39,L,-1700,1500,326,1,0
39,L,-1700,1500,327,3,0
39,L,-1700,1500,328,1,0
39,L,-1700,1500,329,2,0
39,L,-1700,1500,330,2,0
39,L,-1700,1500,331,2,0
39,L,-1700,1500,332,1,0
39,L,-1700,1500,333,3,0
39,L,-1700,1500,334,1,0
39,L,-1700,1500,335,2,0
39,L,-1700,1500,336,2,0
39,L,-1700,1500,337,1,0
39,L,-1700,1500,338,3,0
39,L,-1700,1500,339,1,0
39,L,-1700,1500,340,2,0
39,L,-1700,1500,341,2,0
39,L,-1700,1500,342,2,0
39,L,-1700,1500,343,2,0
39,L,-1700,1500,344,2,0
39,L,-1700,1500,345,1,0
39,L,-1700,1500,346,3,0
39,L,-1700,1500,347,1,0
39,L,-1700,1500,348,2,0
39,L,-1700,1500,349,2,0
39,L,-1700,1500,350,1,0
39,L,-1700,1500,351,3,0
39,L,-1700,1500,352,1,0
39,L,-1700,1500,353,3,0
39,L,-1700,1500,354,1,0
39,L,-1700,1500,355,2,0
39,L,-1700,1500,356,2,0
39,L,-1700,1500,357,2,0
39,L,-1700,1500,358,2,0
39,L,-1700,1500,359,2,0
39,L,-1700,1500,360,2,0
39,L,-1700,1500,361,2,0
39,L,-1700,1500,362,1,0
39,L,-1700,1500,363,3,0
39,L,-1700,1500,364,1,0
39,L,-1700,1500,365,3,0
39,L,-1700,1500,366,1,0
39,L,-1700,1500,367,2,0
39,L,-1700,1500,368,2,0
39,L,-1700,1500,369,2,0
39,L,-1700,1500,370,2,0
39,L,-1700,1500,371,2,0
39,L,-1700,1500,372,2,0
39,L,-1700,1500,373,1,0
39,L,-1700,1500,374,3,0
39,L,-1700,1500,375,1,0
39,L,-1700,1500,376,3,0
39,L,-1700,1500,377,1,0
39,L,-1700,1500,378,3,0
39,L,-1700,1500,379,1,0
39,L,-1700,1500,380,3,0
39,L,-1700,1500,381,1,0
39,L,-1700,1500,382,3,0
39,L,-1700,1500,383,1,0
39,L,-1700,1500,384,3,0
39,L,-1700,1500,385,1,0
39,L,-1700,1500,386,2,0
39,L,-1700,1500,387,2,0
39,L,-1700,1500,388,2,0
39,L,-1700,1500,389,2,0
39,L,-1700,1500,390,2,0
39,L,-1700,1500,391,2,0
39,L,-1700,1500,392,2,0
39,L,-1700,1500,393,2,0
39,L,-1700,1500,394,2,0
39,L,-1700,1500,395,2,0
39,L,-1700,1500,396,2,0
39,L,-1700,1500,397,2,0
39,L,-1700,1500,398,2,0
39,L,-1700,1500,399,2,0
39,L,-1700,1500,400,2,0
39,L,-1700,1500,401,2,0
39,L,-1700,1500,402,2,0
39,L,-1700,1500,403,2,0
39,L,-1700,1500,404,2,0
39,L,-1700,1500,405,1,0
39,L,-1700,1500,406,3,0
39,L,-1700,1500,407,1,0
39,L,-1700,1500,408,1,0
39,L,-1700,1500,409,2,0
39,L,-1700,1500,410,1,0
39,L,-1700,1500,411,1,0
39,L,-1700,1500,412,2,0
39,L,-1700,1500,413,1,0
39,L,-1700,1500,414,1,0
39,L,-1700,1500,415,2,0
39,L,-1700,1500,416,1,0
39,L,-1700,1500,417,1,0
39,L,-1700,1500,418,1,0
39,L,-1700,1500,419,1,0
39,L,-1700,1500,420,1,0
39,L,-1700,1500,421,0,0
39,L,-1700,1500,422,1,0
39,L,-1700,1500,423,1,0
39,L,-1700,1500,424,1,0
39,L,-1700,1500,425,1,0
39,L,-1700,1500,426,0,0
39,L,-1700,1500,427,0,0
39,L,-1700,1500,428,1,0
39,L,-1700,1500,429,0,0
39,L,-1700,1500,430,0,0
39,L,-1700,1500,431,1,0
39,L,-1700,1500,432,0,0
39,L,-1700,1500,433,0,0
39,L,-1700,1500,434,0,0
39,L,-1700,1500,435,0,0
39,L,-1700,1500,436,0,0
39,L,-1700,1500,437,0,0
39,L,-1700,1500,438,-1,0
39,L,-1700,1500,439,0,0
39,L,-1700,1500,440,0,0
39,L,-1700,1500,441,0,0
39,L,-1700,1500,442,0,0
39,L,-1700,1500,443,0,0
39,L,-1700,1500,444,0,0
39,L,-1700,1500,445,-1,0
39,L,-1700,1500,446,0,0
39,L,-1700,1500,447,0,0
39,L,-1700,1500,448,0,0
39,L,-1700,1500,449,0,0
39,L,-1700,1500,450,0,0
39,L,-1700,1500,451,0,0
39,L,-1700,1500,452,-1,0
39,L,-1700,1500,453,0,0
39,L,-1700,1500,454,0,0
39,L,-1700,1500,455,0,0
39,L,-1700,1500,456,0,0
39,L,-1700,1500,457,0,0
39,L,-1700,1500,458,0,0
39,L,-1700,1500,459,0,0
39,L,-1700,1500,460,0,0
39,L,-1700,1500,461,0,0
39,L,-1700,1500,462,0,0
39,L,-1700,1500,463,0,0
39,L,-1700,1500,464,0,0
39,L,-1700,1500,465,0,0
39,L,-1700,1500,466,0,0
39,L,-1700,1500,467,0,0
39,L,-1700,1500,468,0,0
39,L,-1700,1500,469,0,0
39,L,-1700,1500,470,0,0
39,L,-1700,1500,471,0,0
39,L,-1700,1500,472,0,0
39,L,-1700,1500,473,0,0
39,L,-1700,1500,474,0,0
39,L,-1700,1500,475,0,0
39,L,-1700,1500,476,0,0
39,L,-1700,1500,477,0,0
39,L,-1700,1500,478,0,0
39,L,-1700,1500,479,0,0
39,L,-1700,1500,480,0,0
39,L,-1700,1500,481,0,0
39,L,-1700,1500,482,0,0
39,L,-1700,1500,483,0,0
39,L,-1700,1500,484,0,0
39,L,-1700,1500,485,0,0
39,L,-1700,1500,486,0,0
39,L,-1700,1500,487,0,0
39,L,-1700,1500,488,0,0
39,L,-1700,1500,489,0,0
39,L,-1700,1500,490,0,0
39,L,-1700,1500,491,0,0
39,L,-1700,1500,492,0,0
39,L,-1700,1500,493,0,0
39,L,-1700,1500,494,0,0
39,L,-1700,1500,495,0,0
39,L,-1700,1500,496,0,0
39,L,-1700,1500,497,0,0
39,L,-1700,1500,498,0,0
39,L,-1700,1500,499,0,0
40,L,-1500,1500,0,0,0
40,L,-1500,1500,1,0,0
40,L,-1500,1500,2,0,0
40,L,-1500,1500,3,0,0
40,L,-1500,1500,4,0,0
40,L,-1500,1500,5,0,0
40,L,-1500,1500,6,0,0
40,L,-1500,1500,7,0,0
40,L,-1500,1500,8,0,0
40,L,-1500,1500,9,-1,0
40,L,-1500,1500,10,0,0
40,L,-1500,1500,11,-1,0
40,L,-1500,1500,12,0,0
40,L,-1500,1500,13,0,0
40,L,-1500,1500,14,0,0
40,L,-1500,1500,15,0,0
40,L,-1500,1500,16,0,0
40,L,-1500,1500,17,-1,0
40,L,-1500,1500,18,0,0
40,L,-1500,1500,19,0,0
40,L,-1500,1500,20,0,0
40,L,-1500,1500,21,-1,0
40,L,-1500,1500,22,0,0
40,L,-1500,1500,23,-2,0
40,L,-1500,1500,24,0,0
40,L,-1500,1500,25,-1,0
40,L,-1500,1500,26,0,0
40,L,-1500,1500,27,-1,0
40,L,-1500,1500,28,-1,0
40,L,-1500,1500,29,-1,0
40,L,-1500,1500,30,-1,0
40,L,-1500,1500,31,0,0
40,L,-1500,1500,32,-1,0
40,L,-1500,1500,33,-1,0
40,L,-1500,1500,34,-1,0
40,L,-1500,1500,35,-1,0
40,L,-1500,1500,36,-1,0
40,L,-1500,1500,37,0,0
40,L,-1500,1500,38,-2,0
40,L,-1500,1500,39,-1,0
40,L,-1500,1500,40,0,0
40,L,-1500,1500,41,-1,0
40,L,-1500,1500,42,-2,0
40,L,-1500,1500,43,-1,0
40,L,-1500,1500,44,-1,0
40,L,-1500,1500,45,-1,0
40,L,-1500,1500,46,-1,0
40,L,-1500,1500,47,-1,0
40,L,-1500,1500,48,-2,0
40,L,-1500,1500,49,-1,0
40,L,-1500,1500,50,-1,0
40,L,-1500,1500,51,-1,0
40,L,-1500,1500,52,-2,0
40,L,-1500,1500,53,-1,0
40,L,-1500,1500,54,-1,0
40,L,-1500,1500,55,-2,0
40,L,-1500,1500,56,-1,0
40,L,-1500,1500,57,-1,0
40,L,-1500,1500,58,-2,0
40,L,-1500,1500,59,-1,0
40,L,-1500,1500,60,-1,0
40,L,-1500,1500,61,-2,0
40,L,-1500,1500,62,-1,0
40,L,-1500,1500,63,-2,0
40,L,-1500,1500,64,-1,0
40,L,-1500,1500,65,-2,0
40,L,-1500,1500,66,-2,0
40,L,-1500,1500,67,-1,0
40,L,-1500,1500,68,-1,0
40,L,-1500,1500,69,-2,0
40,L,-1500,1500,70,-1,0
40,L,-1500,1500,71,-1,0
40,L,-1500,1500,72,-2,0
40,L,-1500,1500,73,-2,0
40,L,-1500,1500,74,-2,0
40,L,-1500,1500,75,-1,0
40,L,-1500,1500,76,-1,0
40,L,-1500,1500,77,-2,0
40,L,-1500,1500,78,-2,0
40,L,-1500,1500,79,-2,0
40,L,-1500,1500,80,-1,0
40,L,-1500,1500,81,-1,0
40,L,-1500,1500,82,-2,0
40,L,-1500,1500,83,-2,0
40,L,-1500,1500,84,-2,0
40,L,-1500,1500,85,-1,0
40,L,-1500,1500,86,-2,0
40,L,-1500,1500,87,-2,0
40,L,-1500,1500,88,-1,0
40,L,-1500,1500,89,-2,0
40,L,-1500,1500,90,-2,0
40,L,-1500,1500,91,-2,0
40,L,-1500,1500,92,-1,0
40,L,-1500,1500,93,-2,0
40,L,-1500,1500,94,-2,0
40,L,-1500,1500,95,-1,0
40,L,-1500,1500,96,-2,0
40,L,-1500,1500,97,-2,0
40,L,-1500,1500,98,-2,0
40,L,-1500,1500,99,-1,0
40,L,-1500,1500,100,-2,0
40,L,-1500,1500,101,-2,0
40,L,-1500,1500,102,-1,0
40,L,-1500,1500,103,-3,0
40,L,-1500,1500,104,-1,0
40,L,-1500,1500,105,-2,0
40,L,-1500,1500,106,-2,0
40,L,-1500,1500,107,-2,0
40,L,-1500,1500,108,-1,0
40,L,-1500,1500,109,-3,0
40,L,-1500,1500,110,-1,0
40,L,-1500,1500,111,-2,0
40,L,-1500,1500,112,-2,0
40,L,-1500,1500,113,-2,0
40,L,-1500,1500,114,-2,0
40,L,-1500,1500,115,-1,0
40,L,-1500,1500,116,-2,0
40,L,-1500,1500,117,-2,0
40,L,-1500,1500,118,-2,0
40,L,-1500,1500,119,-2,0
40,L,-1500,1500,120,-2,0
40,L,-1500,1500,121,-2,0
40,L,-1500,1500,122,-2,0
40,L,-1500,1500,123,-1,0
40,L,-1500,1500,124,-3,0
40,L,-1500,1500,125,-1,0
40,L,-1500,1500,126,-2,0
40,L,-1500,1500,127,-2,0
40,L,-1500,1500,128,-2,0
40,L,-1500,1500,129,-2,0
40,L,-1500,1500,130,-1,0
40,L,-1500,1500,131,-3,0
40,L,-1500,1500,132,-1,0
40,L,-1500,1500,133,-3,0
40,L,-1500,1500,134,-1,0
40,L,-1500,1500,135,-3,0
40,L,-1500,1500,136,-1,0
40,L,-1500,1500,137,-2,0
40,L,-1500,1500,138,-2,0
40,L,-1500,1500,139,-2,0
40,L,-1500,1500,140,-2,0
40,L,-1500,1500,141,-2,0
40,L,-1500,1500,142,-2,0
40,L,-1500,1500,143,-2,0
40,L,-1500,1500,144,-2,0
40,L,-1500,1500,145,-2,0
40,L,-1500,1500,146,-2,0
40,L,-1500,1500,147,-2,0
40,L,-1500,1500,148,-2,0
40,L,-1500,1500,149,-2,0
40,L,-1500,1500,150,-1,0
40,L,-1500,1500,151,-3,0
40,L,-1500,1500,152,-1,0
40,L,-1500,1500,153,-3,0
40,L,-1500,1500,154,-1,0
40,L,-1500,1500,155,-3,0
40,L,-1500,1500,156,-1,0
40,L,-1500,1500,157,-3,0
40,L,-1500,1500,158,-2,0
40,L,-1500,1500,159,-2,0
40,L,-1500,1500,160,-1,0
40,L,-1500,1500,161,-3,0
40,L,-1500,1500,162,-2,0
40,L,-1500,1500,163,-2,0
40,L,-1500,1500,164,-2,0
40,L,-1500,1500,165,-2,0
40,L,-1500,1500,166,-2,0
40,L,-1500,1500,167,-2,0
40,L,-1500,1500,168,-2,0
40,L,-1500,1500,169,-2,0
40,L,-1500,1500,170,-2,0
40,L,-1500,1500,171,-2,0
40,L,-1500,1500,172,-2,0
40,L,-1500,1500,173,-2,0
40,L,-1500,1500,174,-2,0
40,L,-1500,1500,175,-2,0
40,L,-1500,1500,176,-2,0
40,L,-1500,1500,177,-2,0
40,L,-1500,1500,178,-2,0
40,L,-1500,1500,179,-2,0
40,L,-1500,1500,180,-2,0
40,L,-1500,1500,181,-2,0
40,L,-1500,1500,182,-2,0
40,L,-1500,1500,183,-2,0
40,L,-1500,1500,184,-2,0
40,L,-1500,1500,185,-2,0
40,L,-1500,1500,186,-2,0
40,L,-1500,1500,187,-3,0
40,L,-1500,1500,188,-1,0
40,L,-1500,1500,189,-3,0
40,L,-1500,1500,190,-1,0
40,L,-1500,1500,191,-3,0
40,L,-1500,1500,192,-1,0
40,L,-1500,1500,193,-3,0
40,L,-1500,1500,194,-1,0
40,L,-1500,1500,195,-3,0
40,L,-1500,1500,196,-2,0
40,L,-1500,1500,197,-2,0
40,L,-1500,1500,198,-2,0
40,L,-1500,1500,199,-2,0
40,L,-1500,1500,200,-3,0
40,L,-1500,1500,201,-1,0
40,L,-1500,1500,202,-3,0
40,L,-1500,1500,203,-1,0
40,L,-1500,1500,204,-1,0
40,L,-1500,1500,205,-2,0
40,L,-1500,1500,206,-1,0
40,L,-1500,1500,207,-1,0
40,L,-1500,1500,208,0,0
40,L,-1500,1500,209,-1,0
40,L,-1500,1500,210,-1,0
40,L,-1500,1500,211,0,0
40,L,-1500,1500,212,0,0
40,L,-1500,1500,213,0,0
40,L,-1500,1500,214,1,0
40,L,-1500,1500,215,1,0
40,L,-1500,1500,216,0,0
40,L,-1500,1500,217,0,0
40,L,-1500,1500,218,1,0
40,L,-1500,1500,219,0,0
40,L,-1500,1500,220,1,0
40,L,-1500,1500,221,0,0
40,L,-1500,1500,222,1,0
40,L,-1500,1500,223,1,0
40,L,-1500,1500,224,0,0
40,L,-1500,1500,225,1,0
40,L,-1500,1500,226,0,0
40,L,-1500,1500,227,1,0
40,L,-1500,1500,228,1,0
40,L,-1500,1500,229,1,0
40,L,-1500,1500,230,1,0
40,L,-1500,1500,231,0,0
40,L,-1500,1500,232,1,0
40,L,-1500,1500,233,1,0
40,L,-1500,1500,234,1,0
40,L,-1500,1500,235,1,0
40,L,-1500,1500,236,0,0
40,L,-1500,1500,237,1,0
40,L,-1500,1500,238,2,0
40,L,-1500,1500,239,1,0
40,L,-1500,1500,240,0,0
40,L,-1500,1500,241,1,0
40,L,-1500,1500,242,2,0
40,L,-1500,1500,243,1,0
40,L,-1500,1500,244,1,0
40,L,-1500,1500,245,1,0
40,L,-1500,1500,246,1,0
40,L,-1500,1500,247,1,0
40,L,-1500,1500,248,1,0
40,L,-1500,1500,249,2,0
40,L,-1500,1500,250,1,0
40,L,-1500,1500,251,1,0
40,L,-1500,1500,252,2,0
40,L,-1500,1500,253,1,0
40,L,-1500,1500,254,1,0
40,L,-1500,1500,255,1,0
40,L,-1500,1500,256,1,0
40,L,-1500,1500,257,1,0
40,L,-1500,1500,258,1,0
40,L,-1500,1500,259,2,0
40,L,-1500,1500,260,1,0
40,L,-1500,1500,261,1,0
40,L,-1500,1500,262,2,0
40,L,-1500,1500,263,1,0
40,L,-1500,1500,264,2,0
40,L,-1500,1500,265,1,0
40,L,-1500,1500,266,2,0
40,L,-1500,1500,267,1,0
40,L,-1500,1500,268,2,0
40,L,-1500,1500,269,1,0
40,L,-1500,1500,270,2,0
40,L,-1500,1500,271,1,0
40,L,-1500,1500,272,1,0
40,L,-1500,1500,273,2,0
40,L,-1500,1500,274,1,0
40,L,-1500,1500,275,2,0
40,L,-1500,1500,276,2,0
40,L,-1500,1500,277,1,0
40,L,-1500,1500,278,2,0
40,L,-1500,1500,279,1,0
40,L,-1500,1500,280,2,0
40,L,-1500,1500,281,2,0
40,L,-1500,1500,282,1,0
40,L,-1500,1500,283,2,0
40,L,-1500,1500,284,1,0
40,L,-1500,1500,285,1,0
40,L,-1500,1500,286,2,0
40,L,-1500,1500,287,2,0
40,L,-1500,1500,288,2,0
40,L,-1500,1500,289,1,0
40,L,-1500,1500,290,1,0
40,L,-1500,1500,291,3,0
40,L,-1500,1500,292,1,0
40,L,-1500,1500,293,2,0
40,L,-1500,1500,294,1,0
40,L,-1500,1500,295,3,0
40,L,-1500,1500,296,1,0
40,L,-1500,1500,297,1,0
40,L,-1500,1500,298,3,0
40,L,-1500,1500,299,1,0
40,L,-1500,1500,300,2,0
40,L,-1500,1500,301,1,0
40,L,-1500,1500,302,3,0
40,L,-1500,1500,303,1,0
40,L,-1500,1500,304,1,0
40,L,-1500,1500,305,3,0
40,L,-1500,1500,306,1,0
40,L,-1500,1500,307,2,0
40,L,-1500,1500,308,2,0
40,L,-1500,1500,309,2,0
40,L,-1500,1500,310,1,0
40,L,-1500,1500,311,2,0
40,L,-1500,1500,312,2,0
40,L,-1500,1500,313,1,0
40,L,-1500,1500,314,2,0
40,L,-1500,1500,315,2,0
40,L,-1500,1500,316,2,0
40,L,-1500,1500,317,2,0
40,L,-1500,1500,318,2,0
40,L,-1500,1500,319,1,0
40,L,-1500,1500,320,2,0
40,L,-1500,1500,321,2,0
40,L,-1500,1500,322,2,0
40,L,-1500,1500,323,2,0
40,L,-1500,1500,324,1,0
40,L,-1500,1500,325,2,0
40,L,-1500,1500,326,2,0
40,L,-1500,1500,327,2,0
40,L,-1500,1500,328,2,0
40,L,-1500,1500,329,2,0
40,L,-1500,1500,330,2,0
40,L,-1500,1500,331,2,0
40,L,-1500,1500,332,1,0
40,L,-1500,1500,333,3,0
40,L,-1500,1500,334,1,0
40,L,-1500,1500,335,2,0
40,L,-1500,1500,336,2,0
40,L,-1500,1500,337,1,0
40,L,-1500,1500,338,3,0
40,L,-1500,1500,339,1,0
40,L,-1500,1500,340,2,0
40,L,-1500,1500,341,2,0
40,L,-1500,1500,342,2,0
40,L,-1500,1500,343,2,0
40,L,-1500,1500,344,2,0
40,L,-1500,1500,345,2,0
40,L,-1500,1500,346,2,0
40,L,-1500,1500,347,1,0
40,L,-1500,1500,348,3,0
40,L,-1500,1500,349,1,0
40,L,-1500,1500,350,3,0
40,L,-1500,1500,351,1,0
40,L,-1500,1500,352,2,0
40,L,-1500,1500,353,2,0
40,L,-1500,1500,354,2,0
40,L,-1500,1500,355,2,0
40,L,-1500,1500,356,1,0
40,L,-1500,1500,357,3,0
40,L,-1500,1500,358,1,0
40,L,-1500,1500,359,3,0
40,L,-1500,1500,360,1,0
40,L,-1500,1500,361,2,0
40,L,-1500,1500,362,2,0
40,L,-1500,1500,363,2,0
40,L,-1500,1500,364,2,0
40,L,-1500,1500,365,2,0
40,L,-1500,1500,366,2,0
40,L,-1500,1500,367,2,0
40,L,-1500,1500,368,2,0
40,L,-1500,1500,369,2,0
40,L,-1500,1500,370,2,0
40,L,-1500,1500,371,2,0
40,L,-1500,1500,372,2,0
40,L,-1500,1500,373,2,0
40,L,-1500,1500,374,2,0
40,L,-1500,1500,375,2,0
40,L,-1500,1500,376,2,0
40,L,-1500,1500,377,2,0
40,L,-1500,1500,378,2,0
40,L,-1500,1500,379,2,0
40,L,-1500,1500,380,2,0
40,L,-1500,1500,381,2,0
40,L,-1500,1500,382,1,0
40,L,-1500,1500,383,3,0
40,L,-1500,1500,384,1,0
40,L,-1500,1500,385,3,0
40,L,-1500,1500,386,1,0
40,L,-1500,1500,387,3,0
40,L,-1500,1500,388,1,0
40,L,-1500,1500,389,3,0
40,L,-1500,1500,390,1,0
40,L,-1500,1500,391,3,0
40,L,-1500,1500,392,1,0
40,L,-1500,1500,393,3,0
40,L,-1500,1500,394,1,0
40,L,-1500,1500,395,3,0
40,L,-1500,1500,396,2,0
40,L,-1500,1500,397,2,0
40,L,-1500,1500,398,2,0
40,L,-1500,1500,399,2,0
40,L,-1500,1500,400,2,0
40,L,-1500,1500,401,2,0
40,L,-1500,1500,402,2,0
40,L,-1500,1500,403,2,0
40,L,-1500,1500,404,1,0
40,L,-1500,1500,405,3,0
40,L,-1500,1500,406,1,0
40,L,-1500,1500,407,1,0
40,L,-1500,1500,408,2,0
40,L,-1500,1500,409,2,0
40,L,-1500,1500,410,2,0
40,L,-1500,1500,411,1,0
40,L,-1500,1500,412,1,0
40,L,-1500,1500,413,2,0
40,L,-1500,1500,414,1,0
40,L,-1500,1500,415,1,0
40,L,-1500,1500,416,1,0
40,L,-1500,1500,417,1,0
40,L,-1500,1500,418,1,0
40,L,-1500,1500,419,1,0
40,L,-1500,1500,420,1,0
40,L,-1500,1500,421,1,0
40,L,-1500,1500,422,1,0
40,L,-1500,1500,423,0,0
40,L,-1500,1500,424,1,0
40,L,-1500,1500,425,0,0
40,L,-1500,1500,426,2,0
40,L,-1500,1500,427,0,0
40,L,-1500,1500,428,1,0
40,L,-1500,1500,429,0,0
40,L,-1500,1500,430,0,0
40,L,-1500,1500,431,0,0
40,L,-1500,1500,432,1,0
40,L,-1500,1500,433,0,0
40,L,-1500,1500,434,1,0
40,L,-1500,1500,435,1,0
40,L,-1500,1500,436,0,0
40,L,-1500,1500,437,0,0
40,L,-1500,1500,438,0,0
40,L,-1500,1500,439,1,0
40,L,-1500,1500,440,0,0
40,L,-1500,1500,441,0,0
40,L,-1500,1500,442,-1,0
40,L,-1500,1500,443,0,0
40,L,-1500,1500,444,0,0
40,L,-1500,1500,445,0,0
40,L,-1500,1500,446,0,0
40,L,-1500,1500,447,0,0
40,L,-1500,1500,448,0,0
40,L,-1500,1500,449,0,0
40,L,-1500,1500,450,0,0
40,L,-1500,1500,451,0,0
40,L,-1500,1500,452,0,0
40,L,-1500,1500,453,0,0
40,L,-1500,1500,454,0,0
40,L,-1500,1500,455,0,0
40,L,-1500,1500,456,0,0
40,L,-1500,1500,457,0,0
40,L,-1500,1500,458,0,0
40,L,-1500,1500,459,0,0
40,L,-1500,1500,460,0,0
40,L,-1500,1500,461,0,0
40,L,-1500,1500,462,0,0
40,L,-1500,1500,463,0,0
40,L,-1500,1500,464,0,0
40,L,-1500,1500,465,0,0
40,L,-1500,1500,466,0,0
40,L,-1500,1500,467,0,0
40,L,-1500,1500,468,0,0
40,L,-1500,1500,469,0,0
40,L,-1500,1500,470,0,0
40,L,-1500,1500,471,0,0
40,L,-1500,1500,472,0,0
40,L,-1500,1500,473,0,0
40,L,-1500,1500,474,0,0
40,L,-1500,1500,475,0,0
40,L,-1500,1500,476,0,0
40,L,-1500,1500,477,0,0
40,L,-1500,1500,478,0,0
40,L,-1500,1500,479,0,0
40,L,-1500,1500,480,0,0
40,L,-1500,1500,481,0,0
40,L,-1500,1500,482,0,0
40,L,-1500,1500,483,0,0
40,L,-1500,1500,484,0,0
40,L,-1500,1500,485,0,0
40,L,-1500,1500,486,0,0
40,L,-1500,1500,487,0,0
40,L,-1500,1500,488,0,0
40,L,-1500,1500,489,0,0
40,L,-1500,1500,490,0,0
40,L,-1500,1500,491,0,0
40,L,-1500,1500,492,0,0
40,L,-1500,1500,493,0,0
40,L,-1500,1500,494,0,0
40,L,-1500,1500,495,0,0
40,L,-1500,1500,496,0,0
40,L,-1500,1500,497,0,0
40,L,-1500,1500,498,0,0
40,L,-1500,1500,499,0,0
41,R,1420,1420,0,0,0
41,R,1420,1420,1,0,0
41,R,1420,1420,2,0,0
41,R,1420,1420,3,0,0
41,R,1420,1420,4,0,0
41,R,1420,1420,5,0,0
41,R,1420,1420,6,0,0
41,R,1420,1420,7,0,0
41,R,1420,1420,8,0,0
41,R,1420,1420,9,0,1
41,R,1420,1420,10,0,0
41,R,1420,1420,11,0,0
41,R,1420,1420,12,0,0
41,R,1420,1420,13,0,0
41,R,1420,1420,14,0,0
41,R,1420,1420,15,0,0
41,R,1420,1420,16,0,0
41,R,1420,1420,17,0,0
41,R,1420,1420,18,0,0
41,R,1420,1420,19,0,0
41,R,1420,1420,20,0,0
41,R,1420,1420,21,0,0
41,R,1420,1420,22,0,0
41,R,1420,1420,23,0,0
41,R,1420,1420,24,0,0
41,R,1420,1420,25,0,0
41,R,1420,1420,26,0,0
41,R,1420,1420,27,0,0
41,R,1420,1420,28,0,0
41,R,1420,1420,29,0,0
41,R,1420,1420,30,0,0
41,R,1420,1420,31,0,0
41,R,1420,1420,32,0,0
41,R,1420,1420,33,0,0
41,R,1420,1420,34,0,0
41,R,1420,1420,35,0,0
41,R,1420,1420,36,0,0
41,R,1420,1420,37,0,0
41,R,1420,1420,38,0,0
41,R,1420,1420,39,0,0
41,R,1420,1420,40,0,0
41,R,1420,1420,41,0,0
41,R,1420,1420,42,0,0
41,R,1420,1420,43,0,0
41,R,1420,1420,44,0,0
41,R,1420,1420,45,0,0
41,R,1420,1420,46,0,0
41,R,1420,1420,47,0,0
41,R,1420,1420,48,0,0
41,R,1420,1420,49,0,0
41,R,1420,1420,50,0,0
41,R,1420,1420,51,0,0
41,R,1420,1420,52,0,0
41,R,1420,1420,53,0,0
41,R,1420,1420,54,0,0
41,R,1420,1420,55,0,0
41,R,1420,1420,56,0,0
41,R,1420,1420,57,0,0
41,R,1420,1420,58,0,0
41,R,1420,1420,59,0,0
41,R,1420,1420,60,0,0
41,R,1420,1420,61,0,0
41,R,1420,1420,62,0,0
41,R,1420,1420,63,0,0
41,R,1420,1420,64,0,0
41,R,1420,1420,65,0,0
41,R,1420,1420,66,0,0
41,R,1420,1420,67,0,0
41,R,1420,1420,68,0,0
41,R,1420,1420,69,0,0
41,R,1420,1420,70,0,0
41,R,1420,1420,71,0,0
41,R,1420,1420,72,0,0
41,R,1420,1420,73,0,0
41,R,1420,1420,74,0,0
41,R,1420,1420,75,0,0
41,R,1420,1420,76,0,0
41,R,1420,1420,77,0,0
41,R,1420,1420,78,0,0
41,R,1420,1420,79,0,0
41,R,1420,1420,80,0,0
41,R,1420,1420,81,0,0
41,R,1420,1420,82,0,0
41,R,1420,1420,83,0,0
41,R,1420,1420,84,0,0
41,R,1420,1420,85,0,0
41,R,1420,1420,86,0,0
41,R,1420,1420,87,0,0
41,R,1420,1420,88,0,0
41,R,1420,1420,89,0,0
41,R,1420,1420,90,0,0
41,R,1420,1420,91,0,0
41,R,1420,1420,92,0,0
41,R,1420,1420,93,0,0
41,R,1420,1420,94,0,0
41,R,1420,1420,95,0,0
41,R,1420,1420,96,0,0
41,R,1420,1420,97,0,0
41,R,1420,1420,98,0,0
41,R,1420,1420,99,0,0
41,R,1420,1420,100,0,0
41,R,1420,1420,101,0,0
41,R,1420,1420,102,0,0
41,R,1420,1420,103,0,0
41,R,1420,1420,104,0,0
41,R,1420,1420,105,0,0
41,R,1420,1420,106,0,0
41,R,1420,1420,107,0,0
41,R,1420,1420,108,0,0
41,R,1420,1420,109,0,0
41,R,1420,1420,110,0,0
41,R,1420,1420,111,0,0
41,R,1420,1420,112,0,0
41,R,1420,1420,113,0,0
41,R,1420,1420,114,0,0
41,R,1420,1420,115,0,0
41,R,1420,1420,116,0,0
41,R,1420,1420,117,0,0
41,R,1420,1420,118,0,0
41,R,1420,1420,119,0,0
41,R,1420,1420,120,0,0
41,R,1420,1420,121,0,0
41,R,1420,1420,122,0,0
41,R,1420,1420,123,0,0
41,R,1420,1420,124,0,0
41,R,1420,1420,125,0,0
41,R,1420,1420,126,0,0
41,R,1420,1420,127,0,0
41,R,1420,1420,128,0,0
41,R,1420,1420,129,0,0
41,R,1420,1420,130,0,0
41,R,1420,1420,131,0,0
41,R,1420,1420,132,0,0
41,R,1420,1420,133,0,0
41,R,1420,1420,134,0,0
41,R,1420,1420,135,0,0
41,R,1420,1420,136,0,0
41,R,1420,1420,137,0,0
41,R,1420,1420,138,0,0
41,R,1420,1420,139,0,0
41,R,1420,1420,140,0,0
41,R,1420,1420,141,0,0
41,R,1420,1420,142,0,0
41,R,1420,1420,143,0,0
41,R,1420,1420,144,0,0
41,R,1420,1420,145,0,0
41,R,1420,1420,146,0,0
41,R,1420,1420,147,0,0
41,R,1420,1420,148,0,0
41,R,1420,1420,149,0,0
41,R,1420,1420,150,0,0
41,R,1420,1420,151,0,0
41,R,1420,1420,152,0,0
41,R,1420,1420,153,0,0
41,R,1420,1420,154,0,0
41,R,1420,1420,155,0,0
41,R,1420,1420,156,0,0
41,R,1420,1420,157,0,0
41,R,1420,1420,158,0,0
41,R,1420,1420,159,0,0
41,R,1420,1420,160,0,0
41,R,1420,1420,161,0,0
41,R,1420,1420,162,0,0
41,R,1420,1420,163,0,0
41,R,1420,1420,164,0,0
41,R,1420,1420,165,0,0
41,R,1420,1420,166,0,0
41,R,1420,1420,167,0,0
41,R,1420,1420,168,0,0
41,R,1420,1420,169,0,0
41,R,1420,1420,170,0,0
41,R,1420,1420,171,0,0
41,R,1420,1420,172,0,0
41,R,1420,1420,173,0,0
41,R,1420,1420,174,0,0
41,R,1420,1420,175,0,0
41,R,1420,1420,176,0,0
41,R,1420,1420,177,0,0
41,R,1420,1420,178,0,0
41,R,1420,1420,179,0,0
41,R,1420,1420,180,0,0
41,R,1420,1420,181,0,0
41,R,1420,1420,182,0,0
41,R,1420,1420,183,0,0
41,R,1420,1420,184,0,0
41,R,1420,1420,185,0,0
41,R,1420,1420,186,0,0
41,R,1420,1420,187,0,0
41,R,1420,1420,188,0,0
41,R,1420,1420,189,0,0
41,R,1420,1420,190,0,0
41,R,1420,1420,191,0,0
41,R,1420,1420,192,0,0
41,R,1420,1420,193,0,0
41,R,1420,1420,194,0,0
41,R,1420,1420,195,0,0
41,R,1420,1420,196,0,0
41,R,1420,1420,197,0,0
41,R,1420,1420,198,0,0
41,R,1420,1420,199,0,0
41,R,1420,1420,200,0,0
41,R,1420,1420,201,0,0
41,R,1420,1420,202,0,0
41,R,1420,1420,203,0,0
41,R,1420,1420,204,0,0
41,R,1420,1420,205,0,0
41,R,1420,1420,206,0,0
41,R,1420,1420,207,0,0
41,R,1420,1420,208,0,0
41,R,1420,1420,209,0,0
41,R,1420,1420,210,0,0
41,R,1420,1420,211,0,0
41,R,1420,1420,212,0,0
41,R,1420,1420,213,0,0
41,R,1420,1420,214,0,0
41,R,1420,1420,215,0,0
41,R,1420,1420,216,0,0
41,R,1420,1420,217,0,0
41,R,1420,1420,218,0,0
41,R,1420,1420,219,0,0
41,R,1420,1420,220,0,0
41,R,1420,1420,221,0,0
41,R,1420,1420,222,0,0
41,R,1420,1420,223,0,0
41,R,1420,1420,224,0,0
41,R,1420,1420,225,0,0
41,R,1420,1420,226,0,0
41,R,1420,1420,227,0,0
41,R,1420,1420,228,0,0
41,R,1420,1420,229,0,0
41,R,1420,1420,230,0,0
41,R,1420,1420,231,0,0
41,R,1420,1420,232,0,0
41,R,1420,1420,233,0,0
41,R,1420,1420,234,0,0
41,R,1420,1420,235,0,0
41,R,1420,1420,236,0,0
41,R,1420,1420,237,0,0
41,R,1420,1420,238,0,0
41,R,1420,1420,239,0,0
41,R,1420,1420,240,0,0
41,R,1420,1420,241,0,0
41,R,1420,1420,242,0,0
41,R,1420,1420,243,0,0
41,R,1420,1420,244,0,0
41,R,1420,1420,245,0,0
41,R,1420,1420,246,0,0
41,R,1420,1420,247,0,0
41,R,1420,1420,248,0,0
41,R,1420,1420,249,0,0
41,R,1420,1420,250,0,0
41,R,1420,1420,251,0,0
41,R,1420,1420,252,0,0
41,R,1420,1420,253,0,0
41,R,1420,1420,254,0,0
41,R,1420,1420,255,0,0
41,R,1420,1420,256,0,0
41,R,1420,1420,257,0,0
41,R,1420,1420,258,0,0
41,R,1420,1420,259,0,0
41,R,1420,1420,260,0,0
41,R,1420,1420,261,0,0
41,R,1420,1420,262,0,0
41,R,1420,1420,263,0,0
41,R,1420,1420,264,0,0
41,R,1420,1420,265,0,0
41,R,1420,1420,266,0,0
41,R,1420,1420,267,0,0
41,R,1420,1420,268,0,0
41,R,1420,1420,269,0,0
41,R,1420,1420,270,0,0
41,R,1420,1420,271,0,0
41,R,1420,1420,272,0,0
41,R,1420,1420,273,0,0
41,R,1420,1420,274,0,0
41,R,1420,1420,275,0,0
41,R,1420,1420,276,0,0
41,R,1420,1420,277,0,0
41,R,1420,1420,278,0,0
41,R,1420,1420,279,0,0
41,R,1420,1420,280,0,0
41,R,1420,1420,281,0,0
41,R,1420,1420,282,0,0
41,R,1420,1420,283,0,0
41,R,1420,1420,284,0,0
41,R,1420,1420,285,0,0
41,R,1420,1420,286,0,0
41,R,1420,1420,287,0,0
41,R,1420,1420,288,0,0
41,R,1420,1420,289,0,0
41,R,1420,1420,290,0,0
41,R,1420,1420,291,0,0
41,R,1420,1420,292,0,0
41,R,1420,1420,293,0,0
41,R,1420,1420,294,0,0
41,R,1420,1420,295,0,0
41,R,1420,1420,296,0,0
41,R,1420,1420,297,0,0
41,R,1420,1420,298,0,0
41,R,1420,1420,299,0,0
41,R,1420,1420,300,0,0
41,R,1420,1420,301,0,0
41,R,1420,1420,302,0,0
41,R,1420,1420,303,0,0
41,R,1420,1420,304,0,0
41,R,1420,1420,305,0,0
41,R,1420,1420,306,0,0
41,R,1420,1420,307,0,0
41,R,1420,1420,308,0,0
41,R,1420,1420,309,0,0
41,R,1420,1420,310,0,0
41,R,1420,1420,311,0,0
41,R,1420,1420,312,0,0
41,R,1420,1420,313,0,0
41,R,1420,1420,314,0,0
41,R,1420,1420,315,0,0
41,R,1420,1420,316,0,0
41,R,1420,1420,317,0,0
41,R,1420,1420,318,0,0
41,R,1420,1420,319,0,0
41,R,1420,1420,320,0,0
41,R,1420,1420,321,0,0
41,R,1420,1420,322,0,0
41,R,1420,1420,323,0,0
41,R,1420,1420,324,0,0
41,R,1420,1420,325,0,0
41,R,1420,1420,326,0,0
41,R,1420,1420,327,0,0
41,R,1420,1420,328,0,0
41,R,1420,1420,329,0,0
41,R,1420,1420,330,0,0
41,R,1420,1420,331,0,0
41,R,1420,1420,332,0,0
41,R,1420,1420,333,0,0
41,R,1420,1420,334,0,0
41,R,1420,1420,335,0,0
41,R,1420,1420,336,0,0
41,R,1420,1420,337,0,0
41,R,1420,1420,338,0,0
41,R,1420,1420,339,0,0
41,R,1420,1420,340,0,0
41,R,1420,1420,341,0,0
41,R,1420,1420,342,0,0
41,R,1420,1420,343,0,0
41,R,1420,1420,344,0,0
41,R,1420,1420,345,0,0
41,R,1420,1420,346,0,0
41,R,1420,1420,347,0,0
41,R,1420,1420,348,0,0
41,R,1420,1420,349,0,0
41,R,1420,1420,350,0,0
41,R,1420,1420,351,0,0
41,R,1420,1420,352,0,0
41,R,1420,1420,353,0,0
41,R,1420,1420,354,0,0
41,R,1420,1420,355,0,0
41,R,1420,1420,356,0,0
41,R,1420,1420,357,0,0
41,R,1420,1420,358,0,0
41,R,1420,1420,359,0,0
41,R,1420,1420,360,0,0
41,R,1420,1420,361,0,0
41,R,1420,1420,362,0,0
41,R,1420,1420,363,0,0
41,R,1420,1420,364,0,0
41,R,1420,1420,365,0,0
41,R,1420,1420,366,0,0
41,R,1420,1420,367,0,0
41,R,1420,1420,368,0,0
41,R,1420,1420,369,0,0
41,R,1420,1420,370,0,0
41,R,1420,1420,371,0,0
41,R,1420,1420,372,0,0
41,R,1420,1420,373,0,0
41,R,1420,1420,374,0,0
41,R,1420,1420,375,0,0
41,R,1420,1420,376,0,0
41,R,1420,1420,377,0,0
41,R,1420,1420,378,0,0
41,R,1420,1420,379,0,0
41,R,1420,1420,380,0,0
41,R,1420,1420,381,0,0
41,R,1420,1420,382,0,0
41,R,1420,1420,383,0,0
41,R,1420,1420,384,0,0
41,R,1420,1420,385,0,0
41,R,1420,1420,386,0,0
41,R,1420,1420,387,0,0
41,R,1420,1420,388,0,0
41,R,1420,1420,389,0,0
41,R,1420,1420,390,0,0
41,R,1420,1420,391,0,0
41,R,1420,1420,392,0,0
41,R,1420,1420,393,0,0
41,R,1420,1420,394,0,0
41,R,1420,1420,395,0,0
41,R,1420,1420,396,0,0
41,R,1420,1420,397,0,0
41,R,1420,1420,398,0,0
41,R,1420,1420,399,0,0
41,R,1420,1420,400,0,0
41,R,1420,1420,401,0,0
41,R,1420,1420,402,0,0
41,R,1420,1420,403,0,0
41,R,1420,1420,404,0,0
41,R,1420,1420,405,0,0
41,R,1420,1420,406,0,0
41,R,1420,1420,407,0,0
41,R,1420,1420,408,0,0
41,R,1420,1420,409,0,0
41,R,1420,1420,410,0,0
41,R,1420,1420,411,0,0
41,R,1420,1420,412,0,0
41,R,1420,1420,413,0,0
41,R,1420,1420,414,0,0
41,R,1420,1420,415,0,0
41,R,1420,1420,416,0,0
41,R,1420,1420,417,0,0
41,R,1420,1420,418,0,0
41,R,1420,1420,419,0,0
41,R,1420,1420,420,0,0
41,R,1420,1420,421,0,0
41,R,1420,1420,422,0,0
41,R,1420,1420,423,0,0
41,R,1420,1420,424,0,0
41,R,1420,1420,425,0,0
41,R,1420,1420,426,0,0
41,R,1420,1420,427,0,0
41,R,1420,1420,428,0,0
41,R,1420,1420,429,0,0
41,R,1420,1420,430,0,0
41,R,1420,1420,431,0,0
41,R,1420,1420,432,0,0
41,R,1420,1420,433,0,0
41,R,1420,1420,434,0,0
41,R,1420,1420,435,0,0
41,R,1420,1420,436,0,0
41,R,1420,1420,437,0,0
41,R,1420,1420,438,0,0
41,R,1420,1420,439,0,0
41,R,1420,1420,440,0,0
41,R,1420,1420,441,0,0
41,R,1420,1420,442,0,0
41,R,1420,1420,443,0,0
41,R,1420,1420,444,0,0
41,R,1420,1420,445,0,0
41,R,1420,1420,446,0,0
41,R,1420,1420,447,0,0
41,R,1420,1420,448,0,0
41,R,1420,1420,449,0,0
41,R,1420,1420,450,0,0
41,R,1420,1420,451,0,0
41,R,1420,1420,452,0,0
41,R,1420,1420,453,0,0
41,R,1420,1420,454,0,0
41,R,1420,1420,455,0,0
41,R,1420,1420,456,0,0
41,R,1420,1420,457,0,0
41,R,1420,1420,458,0,0
41,R,1420,1420,459,0,0
41,R,1420,1420,460,0,0
41,R,1420,1420,461,0,0
41,R,1420,1420,462,0,0
41,R,1420,1420,463,0,0
41,R,1420,1420,464,0,0
41,R,1420,1420,465,0,0
41,R,1420,1420,466,0,0
41,R,1420,1420,467,0,0
41,R,1420,1420,468,0,0
41,R,1420,1420,469,0,0
41,R,1420,1420,470,0,0
41,R,1420,1420,471,0,0
41,R,1420,1420,472,0,0
41,R,1420,1420,473,0,0
41,R,1420,1420,474,0,0
41,R,1420,1420,475,0,0
41,R,1420,1420,476,0,0
41,R,1420,1420,477,0,0
41,R,1420,1420,478,0,0
41,R,1420,1420,479,0,0
41,R,1420,1420,480,0,0
41,R,1420,1420,481,0,0
41,R,1420,1420,482,0,0
41,R,1420,1420,483,0,0
41,R,1420,1420,484,0,0
41,R,1420,1420,485,0,0
41,R,1420,1420,486,0,0
41,R,1420,1420,487,0,0
41,R,1420,1420,488,0,0
41,R,1420,1420,489,0,0
41,R,1420,1420,490,0,0
41,R,1420,1420,491,0,0
41,R,1420,1420,492,0,0
41,R,1420,1420,493,0,0
41,R,1420,1420,494,0,0
41,R,1420,1420,495,0,0
41,R,1420,1420,496,0,0
41,R,1420,1420,497,0,0
41,R,1420,1420,498,0,0
41,R,1420,1420,499,0,0
42,R,1440,1440,0,0,0
42,R,1440,1440,1,0,0
42,R,1440,1440,2,0,0
42,R,1440,1440,3,0,0
42,R,1440,1440,4,0,0
42,R,1440,1440,5,0,0
42,R,1440,1440,6,0,0
42,R,1440,1440,7,0,0
42,R,1440,1440,8,0,1
42,R,1440,1440,9,0,0
42,R,1440,1440,10,0,0
42,R,1440,1440,11,0,0
42,R,1440,1440,12,0,0
42,R,1440,1440,13,0,0
42,R,1440,1440,14,0,0
42,R,1440,1440,15,0,0
42,R,1440,1440,16,0,0
42,R,1440,1440,17,0,0
42,R,1440,1440,18,0,0
42,R,1440,1440,19,0,0
42,R,1440,1440,20,0,0
42,R,1440,1440,21,0,0
42,R,1440,1440,22,0,0
42,R,1440,1440,23,0,0
42,R,1440,1440,24,0,0
42,R,1440,1440,25,0,0
42,R,1440,1440,26,0,0
42,R,1440,1440,27,0,0
42,R,1440,1440,28,0,0
42,R,1440,1440,29,0,0
42,R,1440,1440,30,0,0
42,R,1440,1440,31,0,0
42,R,1440,1440,32,0,0
42,R,1440,1440,33,0,0
42,R,1440,1440,34,0,0
42,R,1440,1440,35,0,0
42,R,1440,1440,36,0,0
42,R,1440,1440,37,0,0
42,R,1440,1440,38,0,0
42,R,1440,1440,39,0,0
42,R,1440,1440,40,0,0
42,R,1440,1440,41,0,0
42,R,1440,1440,42,0,0
42,R,1440,1440,43,0,0
42,R,1440,1440,44,0,0
42,R,1440,1440,45,0,0
42,R,1440,1440,46,0,0
42,R,1440,1440,47,0,0
42,R,1440,1440,48,0,0
42,R,1440,1440,49,0,0
42,R,1440,1440,50,0,0
42,R,1440,1440,51,0,0
42,R,1440,1440,52,0,0
42,R,1440,1440,53,0,0
42,R,1440,1440,54,0,0
42,R,1440,1440,55,0,0
42,R,1440,1440,56,0,0
42,R,1440,1440,57,0,0
42,R,1440,1440,58,0,0
42,R,1440,1440,59,0,0
42,R,1440,1440,60,0,0
42,R,1440,1440,61,0,0
42,R,1440,1440,62,0,0
42,R,1440,1440,63,0,0
42,R,1440,1440,64,0,0
42,R,1440,1440,65,0,0
42,R,1440,1440,66,0,0
42,R,1440,1440,67,0,0
42,R,1440,1440,68,0,0
42,R,1440,1440,69,0,0
42,R,1440,1440,70,0,0
42,R,1440,1440,71,0,0
42,R,1440,1440,72,0,0
42,R,1440,1440,73,0,0
42,R,1440,1440,74,0,0
42,R,1440,1440,75,0,0
42,R,1440,1440,76,0,0
42,R,1440,1440,77,0,0
42,R,1440,1440,78,0,0
42,R,1440,1440,79,0,0
42,R,1440,1440,80,0,0
42,R,1440,1440,81,0,0
42,R,1440,1440,82,0,0
42,R,1440,1440,83,0,0
42,R,1440,1440,84,0,0
42,R,1440,1440,85,0,0
42,R,1440,1440,86,0,0
42,R,1440,1440,87,0,0
42,R,1440,1440,88,0,0
42,R,1440,1440,89,0,0
42,R,1440,1440,90,0,0
42,R,1440,1440,91,0,0
42,R,1440,1440,92,0,0
42,R,1440,1440,93,0,0
42,R,1440,1440,94,0,0
42,R,1440,1440,95,0,0
42,R,1440,1440,96,0,0
42,R,1440,1440,97,0,0
42,R,1440,1440,98,0,0
42,R,1440,1440,99,0,0
42,R,1440,1440,100,0,0
42,R,1440,1440,101,0,0
42,R,1440,1440,102,0,0
42,R,1440,1440,103,0,0
42,R,1440,1440,104,0,0
42,R,1440,1440,105,0,0
42,R,1440,1440,106,0,0
42,R,1440,1440,107,0,0
42,R,1440,1440,108,0,0
42,R,1440,1440,109,0,0
42,R,1440,1440,110,0,0
42,R,1440,1440,111,0,0
42,R,1440,1440,112,0,0
42,R,1440,1440,113,0,0
42,R,1440,1440,114,0,0
42,R,1440,1440,115,0,0
42,R,1440,1440,116,0,0
42,R,1440,1440,117,0,0
42,R,1440,1440,118,0,0
42,R,1440,1440,119,0,0
42,R,1440,1440,120,0,0
42,R,1440,1440,121,0,0
42,R,1440,1440,122,0,0
42,R,1440,1440,123,0,0
42,R,1440,1440,124,0,0
42,R,1440,1440,125,0,0
42,R,1440,1440,126,0,0
42,R,1440,1440,127,0,0
42,R,1440,1440,128,0,0
42,R,1440,1440,129,0,0
42,R,1440,1440,130,0,0
42,R,1440,1440,131,0,0
42,R,1440,1440,132,0,0
42,R,1440,1440,133,0,0
42,R,1440,1440,134,0,0
42,R,1440,1440,135,0,0
42,R,1440,1440,136,0,0
42,R,1440,1440,137,0,0
42,R,1440,1440,138,0,0
42,R,1440,1440,139,0,0
42,R,1440,1440,140,0,0
42,R,1440,1440,141,0,0
42,R,1440,1440,142,0,0
42,R,1440,1440,143,0,0
42,R,1440,1440,144,0,0
42,R,1440,1440,145,0,0
42,R,1440,1440,146,0,0
42,R,1440,1440,147,0,0
42,R,1440,1440,148,0,0
42,R,1440,1440,149,0,0
42,R,1440,1440,150,0,0
42,R,1440,1440,151,0,0
42,R,1440,1440,152,0,0
42,R,1440,1440,153,0,0
42,R,1440,1440,154,0,0
42,R,1440,1440,155,0,0
42,R,1440,1440,156,0,0
42,R,1440,1440,157,0,0
42,R,1440,1440,158,0,0
42,R,1440,1440,159,0,0
42,R,1440,1440,160,0,0
42,R,1440,1440,161,0,0
42,R,1440,1440,162,0,0
42,R,1440,1440,163,0,0
42,R,1440,1440,164,0,0
42,R,1440,1440,165,0,0
42,R,1440,1440,166,0,0
42,R,1440,1440,167,0,0
42,R,1440,1440,168,0,0
42,R,1440,1440,169,0,0
42,R,1440,1440,170,0,0
42,R,1440,1440,171,0,0
42,R,1440,1440,172,0,0
42,R,1440,1440,173,0,0
42,R,1440,1440,174,0,0
42,R,1440,1440,175,0,0
42,R,1440,1440,176,0,0
42,R,1440,1440,177,0,0
42,R,1440,1440,178,0,0
42,R,1440,1440,179,0,0
42,R,1440,1440,180,0,0
42,R,1440,1440,181,0,0
42,R,1440,1440,182,0,0
42,R,1440,1440,183,0,0
42,R,1440,1440,184,0,0
42,R,1440,1440,185,0,0
42,R,1440,1440,186,0,0
42,R,1440,1440,187,0,0
42,R,1440,1440,188,0,0
42,R,1440,1440,189,0,0
42,R,1440,1440,190,0,0
42,R,1440,1440,191,0,0
42,R,1440,1440,192,0,0
42,R,1440,1440,193,0,0
42,R,1440,1440,194,0,0
42,R,1440,1440,195,0,0
42,R,1440,1440,196,0,0
42,R,1440,1440,197,0,0
42,R,1440,1440,198,0,0
42,R,1440,1440,199,0,0
42,R,1440,1440,200,0,0
42,R,1440,1440,201,0,0
42,R,1440,1440,202,0,0
42,R,1440,1440,203,0,0
42,R,1440,1440,204,0,0
42,R,1440,1440,205,0,0
42,R,1440,1440,206,0,0
42,R,1440,1440,207,0,0
42,R,1440,1440,208,0,0
42,R,1440,1440,209,0,0
42,R,1440,1440,210,0,0
42,R,1440,1440,211,0,0
42,R,1440,1440,212,0,0
42,R,1440,1440,213,0,0
42,R,1440,1440,214,0,0
42,R,1440,1440,215,0,0
42,R,1440,1440,216,0,0
42,R,1440,1440,217,0,0
42,R,1440,1440,218,0,0
42,R,1440,1440,219,0,0
42,R,1440,1440,220,0,0
42,R,1440,1440,221,0,0
42,R,1440,1440,222,0,0
42,R,1440,1440,223,0,0
42,R,1440,1440,224,0,0
42,R,1440,1440,225,0,0
42,R,1440,1440,226,0,0
42,R,1440,1440,227,0,0
42,R,1440,1440,228,0,0
42,R,1440,1440,229,0,0
42,R,1440,1440,230,0,0
42,R,1440,1440,231,0,0
42,R,1440,1440,232,0,0
42,R,1440,1440,233,0,0
42,R,1440,1440,234,0,0
42,R,1440,1440,235,0,0
42,R,1440,1440,236,0,0
42,R,1440,1440,237,0,0
42,R,1440,1440,238,0,0
42,R,1440,1440,239,0,0
42,R,1440,1440,240,0,0
42,R,1440,1440,241,0,0
42,R,1440,1440,242,0,0
42,R,1440,1440,243,0,0
42,R,1440,1440,244,0,0
42,R,1440,1440,245,0,0
42,R,1440,1440,246,0,0
42,R,1440,1440,247,0,0
42,R,1440,1440,248,0,0
42,R,1440,1440,249,0,0
42,R,1440,1440,250,0,0
42,R,1440,1440,251,0,0
42,R,1440,1440,252,0,0
42,R,1440,1440,253,0,0
42,R,1440,1440,254,0,0
42,R,1440,1440,255,0,0
42,R,1440,1440,256,0,0
42,R,1440,1440,257,0,0
42,R,1440,1440,258,0,0
42,R,1440,1440,259,0,0
42,R,1440,1440,260,0,0
42,R,1440,1440,261,0,0
42,R,1440,1440,262,0,0
42,R,1440,1440,263,0,0
42,R,1440,1440,264,0,0
42,R,1440,1440,265,0,0
42,R,1440,1440,266,0,0
42,R,1440,1440,267,0,0
42,R,1440,1440,268,0,0
42,R,1440,1440,269,0,0
42,R,1440,1440,270,0,0
42,R,1440,1440,271,0,0
42,R,1440,1440,272,0,0
42,R,1440,1440,273,0,0
42,R,1440,1440,274,0,0
42,R,1440,1440,275,0,0
42,R,1440,1440,276,0,0
42,R,1440,1440,277,0,0
42,R,1440,1440,278,0,0
42,R,1440,1440,279,0,0
42,R,1440,1440,280,0,0
42,R,1440,1440,281,0,0
42,R,1440,1440,282,0,0
42,R,1440,1440,283,0,0
42,R,1440,1440,284,0,0
42,R,1440,1440,285,0,0
42,R,1440,1440,286,0,0
42,R,1440,1440,287,0,0
42,R,1440,1440,288,0,0
42,R,1440,1440,289,0,0
42,R,1440,1440,290,0,0
42,R,1440,1440,291,0,0
42,R,1440,1440,292,0,0
42,R,1440,1440,293,0,0
42,R,1440,1440,294,0,0
42,R,1440,1440,295,0,0
42,R,1440,1440,296,0,0
42,R,1440,1440,297,0,0
42,R,1440,1440,298,0,0
42,R,1440,1440,299,0,0
42,R,1440,1440,300,0,0
42,R,1440,1440,301,0,0
42,R,1440,1440,302,0,0
42,R,1440,1440,303,0,0
42,R,1440,1440,304,0,0
42,R,1440,1440,305,0,0
42,R,1440,1440,306,0,0
42,R,1440,1440,307,0,0
42,R,1440,1440,308,0,0
42,R,1440,1440,309,0,0
42,R,1440,1440,310,0,0
42,R,1440,1440,311,0,0
42,R,1440,1440,312,0,0
42,R,1440,1440,313,0,0
42,R,1440,1440,314,0,0
42,R,1440,1440,315,0,0
42,R,1440,1440,316,0,0
42,R,1440,1440,317,0,0
42,R,1440,1440,318,0,0
42,R,1440,1440,319,0,0
42,R,1440,1440,320,0,0
42,R,1440,1440,321,0,0
42,R,1440,1440,322,0,0
42,R,1440,1440,323,0,0
42,R,1440,1440,324,0,0
42,R,1440,1440,325,0,0
42,R,1440,1440,326,0,0
42,R,1440,1440,327,0,0
42,R,1440,1440,328,0,0
42,R,1440,1440,329,0,0
42,R,1440,1440,330,0,0
42,R,1440,1440,331,0,0
42,R,1440,1440,332,0,0
42,R,1440,1440,333,0,0
42,R,1440,1440,334,0,0
42,R,1440,1440,335,0,0
42,R,1440,1440,336,0,0
42,R,1440,1440,337,0,0
42,R,1440,1440,338,0,0
42,R,1440,1440,339,0,0
42,R,1440,1440,340,0,0
42,R,1440,1440,341,0,0
42,R,1440,1440,342,0,0
42,R,1440,1440,343,0,0
42,R,1440,1440,344,0,0
42,R,1440,1440,345,0,0
42,R,1440,1440,346,0,0
42,R,1440,1440,347,0,0
42,R,1440,1440,348,0,0
42,R,1440,1440,349,0,0
42,R,1440,1440,350,0,0
42,R,1440,1440,351,0,0
42,R,1440,1440,352,0,0
42,R,1440,1440,353,0,0
42,R,1440,1440,354,0,0
42,R,1440,1440,355,0,0
42,R,1440,1440,356,0,0
42,R,1440,1440,357,0,0
42,R,1440,1440,358,0,0
42,R,1440,1440,359,0,0
42,R,1440,1440,360,0,0
42,R,1440,1440,361,0,0
42,R,1440,1440,362,0,0
42,R,1440,1440,363,0,0
42,R,1440,1440,364,0,0
42,R,1440,1440,365,0,0
42,R,1440,1440,366,0,0
42,R,1440,1440,367,0,0
42,R,1440,1440,368,0,0
42,R,1440,1440,369,0,0
42,R,1440,1440,370,0,0
42,R,1440,1440,371,0,0
42,R,1440,1440,372,0,0
42,R,1440,1440,373,0,0
42,R,1440,1440,374,0,0
42,R,1440,1440,375,0,0
42,R,1440,1440,376,0,0
42,R,1440,1440,377,0,0
42,R,1440,1440,378,0,0
42,R,1440,1440,379,0,0
42,R,1440,1440,380,0,0
42,R,1440,1440,381,0,0
42,R,1440,1440,382,0,0
42,R,1440,1440,383,0,0
42,R,1440,1440,384,0,0
42,R,1440,1440,385,0,0
42,R,1440,1440,386,0,0
42,R,1440,1440,387,0,0
42,R,1440,1440,388,0,0
42,R,1440,1440,389,0,0
42,R,1440,1440,390,0,0
42,R,1440,1440,391,0,0
42,R,1440,1440,392,0,0
42,R,1440,1440,393,0,0
42,R,1440,1440,394,0,0
42,R,1440,1440,395,0,0
42,R,1440,1440,396,0,0
42,R,1440,1440,397,0,0
42,R,1440,1440,398,0,0
42,R,1440,1440,399,0,0
42,R,1440,1440,400,0,0
42,R,1440,1440,401,0,0
42,R,1440,1440,402,0,0
42,R,1440,1440,403,0,0
42,R,1440,1440,404,0,0
42,R,1440,1440,405,0,0
42,R,1440,1440,406,0,0
42,R,1440,1440,407,0,0
42,R,1440,1440,408,0,0
42,R,1440,1440,409,0,0
42,R,1440,1440,410,0,0
42,R,1440,1440,411,0,0
42,R,1440,1440,412,0,0
42,R,1440,1440,413,0,0
42,R,1440,1440,414,0,0
42,R,1440,1440,415,0,0
42,R,1440,1440,416,0,0
42,R,1440,1440,417,0,0
42,R,1440,1440,418,0,0
42,R,1440,1440,419,0,0
42,R,1440,1440,420,0,0
42,R,1440,1440,421,0,0
42,R,1440,1440,422,0,0
42,R,1440,1440,423,0,0
42,R,1440,1440,424,0,0
42,R,1440,1440,425,0,0
42,R,1440,1440,426,0,0
42,R,1440,1440,427,0,0
42,R,1440,1440,428,0,0
42,R,1440,1440,429,0,0
42,R,1440,1440,430,0,0
42,R,1440,1440,431,0,0
42,R,1440,1440,432,0,0
42,R,1440,1440,433,0,0
42,R,1440,1440,434,0,0
42,R,1440,1440,435,0,0
42,R,1440,1440,436,0,0
42,R,1440,1440,437,0,0
42,R,1440,1440,438,0,0
42,R,1440,1440,439,0,0
42,R,1440,1440,440,0,0
42,R,1440,1440,441,0,0
42,R,1440,1440,442,0,0
42,R,1440,1440,443,0,0
42,R,1440,1440,444,0,0
42,R,1440,1440,445,0,0
42,R,1440,1440,446,0,0
42,R,1440,1440,447,0,0
42,R,1440,1440,448,0,0
42,R,1440,1440,449,0,0
42,R,1440,1440,450,0,0
42,R,1440,1440,451,0,0
42,R,1440,1440,452,0,0
42,R,1440,1440,453,0,0
42,R,1440,1440,454,0,0
42,R,1440,1440,455,0,0
42,R,1440,1440,456,0,0
42,R,1440,1440,457,0,0
42,R,1440,1440,458,0,0
42,R,1440,1440,459,0,0
42,R,1440,1440,460,0,0
42,R,1440,1440,461,0,0
42,R,1440,1440,462,0,0
42,R,1440,1440,463,0,0
42,R,1440,1440,464,0,0
42,R,1440,1440,465,0,0
42,R,1440,1440,466,0,0
42,R,1440,1440,467,0,0
42,R,1440,1440,468,0,0
42,R,1440,1440,469,0,0
42,R,1440,1440,470,0,0
42,R,1440,1440,471,0,0
42,R,1440,1440,472,0,0
42,R,1440,1440,473,0,0
42,R,1440,1440,474,0,0
42,R,1440,1440,475,0,0
42,R,1440,1440,476,0,0
42,R,1440,1440,477,0,0
42,R,1440,1440,478,0,0
42,R,1440,1440,479,0,0
42,R,1440,1440,480,0,0
42,R,1440,1440,481,0,0
42,R,1440,1440,482,0,0
42,R,1440,1440,483,0,0
42,R,1440,1440,484,0,0
42,R,1440,1440,485,0,0
42,R,1440,1440,486,0,0
42,R,1440,1440,487,0,0
42,R,1440,1440,488,0,0
42,R,1440,1440,489,0,0
42,R,1440,1440,490,0,0
42,R,1440,1440,491,0,0
42,R,1440,1440,492,0,0
42,R,1440,1440,493,0,0
42,R,1440,1440,494,0,0
42,R,1440,1440,495,0,0
42,R,1440,1440,496,0,0
42,R,1440,1440,497,0,0
42,R,1440,1440,498,0,0
42,R,1440,1440,499,0,0
43,R,1460,1460,0,0,0
43,R,1460,1460,1,0,0
43,R,1460,1460,2,0,0
43,R,1460,1460,3,0,0
43,R,1460,1460,4,0,0
43,R,1460,1460,5,0,0
43,R,1460,1460,6,0,0
43,R,1460,1460,7,0,0
43,R,1460,1460,8,0,0
43,R,1460,1460,9,0,0
43,R,1460,1460,10,0,0
43,R,1460,1460,11,0,0
43,R,1460,1460,12,0,0
43,R,1460,1460,13,0,0
43,R,1460,1460,14,0,0
43,R,1460,1460,15,0,0
43,R,1460,1460,16,0,0
43,R,1460,1460,17,0,0
43,R,1460,1460,18,0,0
43,R,1460,1460,19,0,0
43,R,1460,1460,20,0,0
43,R,1460,1460,21,0,0
43,R,1460,1460,22,0,0
43,R,1460,1460,23,0,0
43,R,1460,1460,24,0,0
43,R,1460,1460,25,0,0
43,R,1460,1460,26,0,0
43,R,1460,1460,27,0,0
43,R,1460,1460,28,0,0
43,R,1460,1460,29,0,0
43,R,1460,1460,30,0,0
43,R,1460,1460,31,0,0
43,R,1460,1460,32,0,0
43,R,1460,1460,33,0,0
43,R,1460,1460,34,0,0
43,R,1460,1460,35,0,0
43,R,1460,1460,36,0,0
43,R,1460,1460,37,0,0
43,R,1460,1460,38,0,0
43,R,1460,1460,39,0,0
43,R,1460,1460,40,0,0
43,R,1460,1460,41,0,0
43,R,1460,1460,42,0,0
43,R,1460,1460,43,0,0
43,R,1460,1460,44,0,0
43,R,1460,1460,45,0,0
43,R,1460,1460,46,0,0
43,R,1460,1460,47,0,0
43,R,1460,1460,48,0,0
43,R,1460,1460,49,0,0
43,R,1460,1460,50,0,0
43,R,1460,1460,51,0,0
43,R,1460,1460,52,0,0
43,R,1460,1460,53,0,0
43,R,1460,1460,54,0,0
43,R,1460,1460,55,0,0
43,R,1460,1460,56,0,0
43,R,1460,1460,57,0,0
43,R,1460,1460,58,0,0
43,R,1460,1460,59,0,0
43,R,1460,1460,60,0,0
43,R,1460,1460,61,0,0
43,R,1460,1460,62,0,0
43,R,1460,1460,63,0,0
43,R,1460,1460,64,0,0
43,R,1460,1460,65,0,0
43,R,1460,1460,66,0,0
43,R,1460,1460,67,0,0
43,R,1460,1460,68,0,0
43,R,1460,1460,69,0,0
43,R,1460,1460,70,0,0
43,R,1460,1460,71,0,0
43,R,1460,1460,72,0,0
43,R,1460,1460,73,0,0
43,R,1460,1460,74,0,0
43,R,1460,1460,75,0,0
43,R,1460,1460,76,0,0
43,R,1460,1460,77,0,0
43,R,1460,1460,78,0,0
43,R,1460,1460,79,0,0
43,R,1460,1460,80,0,0
43,R,1460,1460,81,0,0
43,R,1460,1460,82,0,0
43,R,1460,1460,83,0,0
43,R,1460,1460,84,0,0
43,R,1460,1460,85,0,0
43,R,1460,1460,86,0,0
43,R,1460,1460,87,0,0
43,R,1460,1460,88,0,0
43,R,1460,1460,89,0,0
43,R,1460,1460,90,0,0
43,R,1460,1460,91,0,0
43,R,1460,1460,92,0,0
43,R,1460,1460,93,0,0
43,R,1460,1460,94,0,0
43,R,1460,1460,95,0,0
43,R,1460,1460,96,0,0
43,R,1460,1460,97,0,0
43,R,1460,1460,98,0,0
43,R,1460,1460,99,0,0
43,R,1460,1460,100,0,0
43,R,1460,1460,101,0,0
43,R,1460,1460,102,0,0
43,R,1460,1460,103,0,0
43,R,1460,1460,104,0,0
43,R,1460,1460,105,0,0
43,R,1460,1460,106,0,0
43,R,1460,1460,107,0,0
43,R,1460,1460,108,0,0
43,R,1460,1460,109,0,0
43,R,1460,1460,110,0,0
43,R,1460,1460,111,0,0
43,R,1460,1460,112,0,0
43,R,1460,1460,113,0,0
43,R,1460,1460,114,0,0
43,R,1460,1460,115,0,0
43,R,1460,1460,116,0,0
43,R,1460,1460,117,0,0
43,R,1460,1460,118,0,0
43,R,1460,1460,119,0,0
43,R,1460,1460,120,0,0
43,R,1460,1460,121,0,0
43,R,1460,1460,122,0,0
43,R,1460,1460,123,0,0
43,R,1460,1460,124,0,0
43,R,1460,1460,125,0,0
43,R,1460,1460,126,0,0
43,R,1460,1460,127,0,0
43,R,1460,1460,128,0,0
43,R,1460,1460,129,0,0
43,R,1460,1460,130,0,0
43,R,1460,1460,131,0,0
43,R,1460,1460,132,0,0
43,R,1460,1460,133,0,0
43,R,1460,1460,134,0,0
43,R,1460,1460,135,0,0
43,R,1460,1460,136,0,0
43,R,1460,1460,137,0,0
43,R,1460,1460,138,0,0
43,R,1460,1460,139,0,0
43,R,1460,1460,140,0,0
43,R,1460,1460,141,0,0
43,R,1460,1460,142,0,0
43,R,1460,1460,143,0,0
43,R,1460,1460,144,0,0
43,R,1460,1460,145,0,0
43,R,1460,1460,146,0,0
43,R,1460,1460,147,0,0
43,R,1460,1460,148,0,0
43,R,1460,1460,149,0,0
43,R,1460,1460,150,0,0
43,R,1460,1460,151,0,0
43,R,1460,1460,152,0,0
43,R,1460,1460,153,0,0
43,R,1460,1460,154,0,0
43,R,1460,1460,155,0,0
43,R,1460,1460,156,0,0
43,R,1460,1460,157,0,0
43,R,1460,1460,158,0,0
43,R,1460,1460,159,0,0
43,R,1460,1460,160,0,0
43,R,1460,1460,161,0,0
43,R,1460,1460,162,0,0
43,R,1460,1460,163,0,0
43,R,1460,1460,164,0,0
43,R,1460,1460,165,0,0
43,R,1460,1460,166,0,0
43,R,1460,1460,167,0,0
43,R,1460,1460,168,0,0
43,R,1460,1460,169,0,0
43,R,1460,1460,170,0,0
43,R,1460,1460,171,0,0
43,R,1460,1460,172,0,0
43,R,1460,1460,173,0,0
43,R,1460,1460,174,0,0
43,R,1460,1460,175,0,0
43,R,1460,1460,176,0,0
43,R,1460,1460,177,0,0
43,R,1460,1460,178,0,0
43,R,1460,1460,179,0,0
43,R,1460,1460,180,0,0
43,R,1460,1460,181,0,0
43,R,1460,1460,182,0,0
43,R,1460,1460,183,0,0
43,R,1460,1460,184,0,0
43,R,1460,1460,185,0,0
43,R,1460,1460,186,0,0
43,R,1460,1460,187,0,0
43,R,1460,1460,188,0,0
43,R,1460,1460,189,0,0
43,R,1460,1460,190,0,0
43,R,1460,1460,191,0,0
43,R,1460,1460,192,0,0
43,R,1460,1460,193,0,0
43,R,1460,1460,194,0,0
43,R,1460,1460,195,0,0
43,R,1460,1460,196,0,0
43,R,1460,1460,197,0,0
43,R,1460,1460,198,0,0
43,R,1460,1460,199,0,0
43,R,1460,1460,200,0,0
43,R,1460,1460,201,0,0
43,R,1460,1460,202,0,0
43,R,1460,1460,203,0,0
43,R,1460,1460,204,0,0
43,R,1460,1460,205,0,0
43,R,1460,1460,206,0,0
43,R,1460,1460,207,0,0
43,R,1460,1460,208,0,0
43,R,1460,1460,209,0,0
43,R,1460,1460,210,0,0
43,R,1460,1460,211,0,0
43,R,1460,1460,212,0,0
43,R,1460,1460,213,0,0
43,R,1460,1460,214,0,0
43,R,1460,1460,215,0,0
43,R,1460,1460,216,0,0
43,R,1460,1460,217,0,0
43,R,1460,1460,218,0,0
43,R,1460,1460,219,0,0
43,R,1460,1460,220,0,0
43,R,1460,1460,221,0,0
43,R,1460,1460,222,0,0
43,R,1460,1460,223,0,0
43,R,1460,1460,224,0,0
43,R,1460,1460,225,0,0
43,R,1460,1460,226,0,0
43,R,1460,1460,227,0,0
43,R,1460,1460,228,0,0
43,R,1460,1460,229,0,0
43,R,1460,1460,230,0,0
43,R,1460,1460,231,0,0
43,R,1460,1460,232,0,0
43,R,1460,1460,233,0,0
43,R,1460,1460,234,0,0
43,R,1460,1460,235,0,0
43,R,1460,1460,236,0,0
43,R,1460,1460,237,0,0
43,R,1460,1460,238,0,0
43,R,1460,1460,239,0,0
43,R,1460,1460,240,0,0
43,R,1460,1460,241,0,0
43,R,1460,1460,242,0,0
43,R,1460,1460,243,0,0
43,R,1460,1460,244,0,0
43,R,1460,1460,245,0,0
43,R,1460,1460,246,0,0
43,R,1460,1460,247,0,0
43,R,1460,1460,248,0,0
43,R,1460,1460,249,0,0
43,R,1460,1460,250,0,0
43,R,1460,1460,251,0,0
43,R,1460,1460,252,0,0
43,R,1460,1460,253,0,0
43,R,1460,1460,254,0,0
43,R,1460,1460,255,0,0
43,R,1460,1460,256,0,0
43,R,1460,1460,257,0,0
43,R,1460,1460,258,0,0
43,R,1460,1460,259,0,0
43,R,1460,1460,260,0,0
43,R,1460,1460,261,0,0
43,R,1460,1460,262,0,0
43,R,1460,1460,263,0,0
43,R,1460,1460,264,0,0
43,R,1460,1460,265,0,0
43,R,1460,1460,266,0,0
43,R,1460,1460,267,0,0
43,R,1460,1460,268,0,0
43,R,1460,1460,269,0,0
43,R,1460,1460,270,0,0
43,R,1460,1460,271,0,0
43,R,1460,1460,272,0,0
43,R,1460,1460,273,0,0
43,R,1460,1460,274,0,0
43,R,1460,1460,275,0,0
43,R,1460,1460,276,0,0
43,R,1460,1460,277,0,0
43,R,1460,1460,278,0,0
43,R,1460,1460,279,0,0
43,R,1460,1460,280,0,0
43,R,1460,1460,281,0,0
43,R,1460,1460,282,0,0
43,R,1460,1460,283,0,0
43,R,1460,1460,284,0,0
43,R,1460,1460,285,0,0
43,R,1460,1460,286,0,0
43,R,1460,1460,287,0,0
43,R,1460,1460,288,0,0
43,R,1460,1460,289,0,0
43,R,1460,1460,290,0,0
43,R,1460,1460,291,0,0
43,R,1460,1460,292,0,0
43,R,1460,1460,293,0,0
43,R,1460,1460,294,0,0
43,R,1460,1460,295,0,0
43,R,1460,1460,296,0,0
43,R,1460,1460,297,0,0
43,R,1460,1460,298,0,0
43,R,1460,1460,299,0,0
43,R,1460,1460,300,0,0
43,R,1460,1460,301,0,0
43,R,1460,1460,302,0,0
43,R,1460,1460,303,0,0
43,R,1460,1460,304,0,0
43,R,1460,1460,305,0,0
43,R,1460,1460,306,0,0
43,R,1460,1460,307,0,0
43,R,1460,1460,308,0,0
43,R,1460,1460,309,0,0
43,R,1460,1460,310,0,0
43,R,1460,1460,311,0,0
43,R,1460,1460,312,0,0
43,R,1460,1460,313,0,0
43,R,1460,1460,314,0,0
43,R,1460,1460,315,0,0
43,R,1460,1460,316,0,0
43,R,1460,1460,317,0,0
43,R,1460,1460,318,0,0
43,R,1460,1460,319,0,0
43,R,1460,1460,320,0,0
43,R,1460,1460,321,0,0
43,R,1460,1460,322,0,0
43,R,1460,1460,323,0,0
43,R,1460,1460,324,0,0
43,R,1460,1460,325,0,0
43,R,1460,1460,326,0,0
43,R,1460,1460,327,0,0
43,R,1460,1460,328,0,0
43,R,1460,1460,329,0,0
43,R,1460,1460,330,0,0
43,R,1460,1460,331,0,0
43,R,1460,1460,332,0,0
43,R,1460,1460,333,0,0
43,R,1460,1460,334,0,0
43,R,1460,1460,335,0,0
43,R,1460,1460,336,0,0
43,R,1460,1460,337,0,0
43,R,1460,1460,338,0,0
43,R,1460,1460,339,0,0
43,R,1460,1460,340,0,0
43,R,1460,1460,341,0,0
43,R,1460,1460,342,0,0
43,R,1460,1460,343,0,0
43,R,1460,1460,344,0,0
43,R,1460,1460,345,0,0
43,R,1460,1460,346,0,0
43,R,1460,1460,347,0,0
43,R,1460,1460,348,0,0
43,R,1460,1460,349,0,0
43,R,1460,1460,350,0,0
43,R,1460,1460,351,0,0
43,R,1460,1460,352,0,0
43,R,1460,1460,353,0,0
43,R,1460,1460,354,0,0
43,R,1460,1460,355,0,0
43,R,1460,1460,356,0,0
43,R,1460,1460,357,0,0
43,R,1460,1460,358,0,0
43,R,1460,1460,359,0,0
43,R,1460,1460,360,0,0
43,R,1460,1460,361,0,0
43,R,1460,1460,362,0,0
43,R,1460,1460,363,0,0
43,R,1460,1460,364,0,0
43,R,1460,1460,365,0,0
43,R,1460,1460,366,0,0
43,R,1460,1460,367,0,0
43,R,1460,1460,368,0,0
43,R,1460,1460,369,0,0
43,R,1460,1460,370,0,0
43,R,1460,1460,371,0,0
43,R,1460,1460,372,0,0
43,R,1460,1460,373,0,0
43,R,1460,1460,374,0,0
43,R,1460,1460,375,0,0
43,R,1460,1460,376,0,0
43,R,1460,1460,377,0,0
43,R,1460,1460,378,0,0
43,R,1460,1460,379,0,0
43,R,1460,1460,380,0,0
43,R,1460,1460,381,0,0
43,R,1460,1460,382,0,0
43,R,1460,1460,383,0,0
43,R,1460,1460,384,0,0
43,R,1460,1460,385,0,0
43,R,1460,1460,386,0,0
43,R,1460,1460,387,0,0
43,R,1460,1460,388,0,0
43,R,1460,1460,389,0,0
43,R,1460,1460,390,0,0
43,R,1460,1460,391,0,0
43,R,1460,1460,392,0,0
43,R,1460,1460,393,0,0
43,R,1460,1460,394,0,0
43,R,1460,1460,395,0,0
43,R,1460,1460,396,0,0
43,R,1460,1460,397,0,0
43,R,1460,1460,398,0,0
43,R,1460,1460,399,0,0
43,R,1460,1460,400,0,0
43,R,1460,1460,401,0,0
43,R,1460,1460,402,0,0
43,R,1460,1460,403,0,0
43,R,1460,1460,404,0,0
43,R,1460,1460,405,0,0
43,R,1460,1460,406,0,0
43,R,1460,1460,407,0,0
43,R,1460,1460,408,0,0
43,R,1460,1460,409,0,0
43,R,1460,1460,410,0,0
43,R,1460,1460,411,0,0
43,R,1460,1460,412,0,0
43,R,1460,1460,413,0,0
43,R,1460,1460,414,0,0
43,R,1460,1460,415,0,0
43,R,1460,1460,416,0,0
43,R,1460,1460,417,0,0
43,R,1460,1460,418,0,0
43,R,1460,1460,419,0,0
43,R,1460,1460,420,0,0
43,R,1460,1460,421,0,0
43,R,1460,1460,422,0,0
43,R,1460,1460,423,0,0
43,R,1460,1460,424,0,0
43,R,1460,1460,425,0,0
43,R,1460,1460,426,0,0
43,R,1460,1460,427,0,0
43,R,1460,1460,428,0,0
43,R,1460,1460,429,0,0
43,R,1460,1460,430,0,0
43,R,1460,1460,431,0,0
43,R,1460,1460,432,0,0
43,R,1460,1460,433,0,0
43,R,1460,1460,434,0,0
43,R,1460,1460,435,0,0
43,R,1460,1460,436,0,0
43,R,1460,1460,437,0,0
43,R,1460,1460,438,0,0
43,R,1460,1460,439,0,0
43,R,1460,1460,440,0,0
43,R,1460,1460,441,0,0
43,R,1460,1460,442,0,0
43,R,1460,1460,443,0,0
43,R,1460,1460,444,0,0
43,R,1460,1460,445,0,0
43,R,1460,1460,446,0,0
43,R,1460,1460,447,0,0
43,R,1460,1460,448,0,0
43,R,1460,1460,449,0,0
43,R,1460,1460,450,0,0
43,R,1460,1460,451,0,0
43,R,1460,1460,452,0,0
43,R,1460,1460,453,0,0
43,R,1460,1460,454,0,0
43,R,1460,1460,455,0,0
43,R,1460,1460,456,0,0
43,R,1460,1460,457,0,0
43,R,1460,1460,458,0,0
43,R,1460,1460,459,0,0
43,R,1460,1460,460,0,0
43,R,1460,1460,461,0,0
43,R,1460,1460,462,0,0
43,R,1460,1460,463,0,0
43,R,1460,1460,464,0,0
43,R,1460,1460,465,0,0
43,R,1460,1460,466,0,0
43,R,1460,1460,467,0,0
43,R,1460,1460,468,0,0
43,R,1460,1460,469,0,0
43,R,1460,1460,470,0,0
43,R,1460,1460,471,0,0
43,R,1460,1460,472,0,0
43,R,1460,1460,473,0,0
43,R,1460,1460,474,0,0
43,R,1460,1460,475,0,0
43,R,1460,1460,476,0,0
43,R,1460,1460,477,0,0
43,R,1460,1460,478,0,0
43,R,1460,1460,479,0,0
43,R,1460,1460,480,0,0
43,R,1460,1460,481,0,0
43,R,1460,1460,482,0,0
43,R,1460,1460,483,0,0
43,R,1460,1460,484,0,0
43,R,1460,1460,485,0,0
43,R,1460,1460,486,0,0
43,R,1460,1460,487,0,0
43,R,1460,1460,488,0,0
43,R,1460,1460,489,0,0
43,R,1460,1460,490,0,0
43,R,1460,1460,491,0,0
43,R,1460,1460,492,0,0
43,R,1460,1460,493,0,0
43,R,1460,1460,494,0,0
43,R,1460,1460,495,0,0
43,R,1460,1460,496,0,0
43,R,1460,1460,497,0,0
43,R,1460,1460,498,0,0
43,R,1460,1460,499,0,0
44,R,1480,1480,0,0,0
44,R,1480,1480,1,0,0
44,R,1480,1480,2,0,0
44,R,1480,1480,3,0,0
44,R,1480,1480,4,0,0
44,R,1480,1480,5,0,0
44,R,1480,1480,6,0,0
44,R,1480,1480,7,0,0
44,R,1480,1480,8,0,0
44,R,1480,1480,9,0,1
44,R,1480,1480,10,0,0
44,R,1480,1480,11,0,0
44,R,1480,1480,12,0,0
44,R,1480,1480,13,0,0
44,R,1480,1480,14,0,0
44,R,1480,1480,15,0,0
44,R,1480,1480,16,0,0
44,R,1480,1480,17,0,0
44,R,1480,1480,18,0,0
44,R,1480,1480,19,0,0
44,R,1480,1480,20,0,0
44,R,1480,1480,21,0,0
44,R,1480,1480,22,0,0
44,R,1480,1480,23,0,0
44,R,1480,1480,24,0,0
44,R,1480,1480,25,0,0
44,R,1480,1480,26,0,0
44,R,1480,1480,27,0,0
44,R,1480,1480,28,0,0
44,R,1480,1480,29,0,0
44,R,1480,1480,30,0,0
44,R,1480,1480,31,0,0
44,R,1480,1480,32,0,0
44,R,1480,1480,33,0,0
44,R,1480,1480,34,0,0
44,R,1480,1480,35,0,0
44,R,1480,1480,36,0,0
44,R,1480,1480,37,0,0
44,R,1480,1480,38,0,0
44,R,1480,1480,39,0,0
44,R,1480,1480,40,0,0
44,R,1480,1480,41,0,0
44,R,1480,1480,42,0,0
44,R,1480,1480,43,0,0
44,R,1480,1480,44,0,0
44,R,1480,1480,45,0,0
44,R,1480,1480,46,0,0
44,R,1480,1480,47,0,0
44,R,1480,1480,48,0,0
44,R,1480,1480,49,0,0
44,R,1480,1480,50,0,0
44,R,1480,1480,51,0,0
44,R,1480,1480,52,0,0
44,R,1480,1480,53,0,0
44,R,1480,1480,54,0,0
44,R,1480,1480,55,0,0
44,R,1480,1480,56,0,0
44,R,1480,1480,57,0,0
44,R,1480,1480,58,0,0
44,R,1480,1480,59,0,0
44,R,1480,1480,60,0,0
44,R,1480,1480,61,0,0
44,R,1480,1480,62,0,0
44,R,1480,1480,63,0,0
44,R,1480,1480,64,0,0
44,R,1480,1480,65,0,0
44,R,1480,1480,66,0,0
44,R,1480,1480,67,0,0
44,R,1480,1480,68,0,0
44,R,1480,1480,69,0,0
44,R,1480,1480,70,0,0
44,R,1480,1480,71,0,0
44,R,1480,1480,72,0,0
44,R,1480,1480,73,0,0
44,R,1480,1480,74,0,0
44,R,1480,1480,75,0,0
44,R,1480,1480,76,0,0
44,R,1480,1480,77,0,0
44,R,1480,1480,78,0,0
44,R,1480,1480,79,0,0
44,R,1480,1480,80,0,0
44,R,1480,1480,81,0,0
44,R,1480,1480,82,0,0
44,R,1480,1480,83,0,0
44,R,1480,1480,84,0,0
44,R,1480,1480,85,0,0
44,R,1480,1480,86,0,0
44,R,1480,1480,87,0,0
44,R,1480,1480,88,0,0
44,R,1480,1480,89,0,0
44,R,1480,1480,90,0,0
44,R,1480,1480,91,0,0
44,R,1480,1480,92,0,0
44,R,1480,1480,93,0,0
44,R,1480,1480,94,0,0
44,R,1480,1480,95,0,0
44,R,1480,1480,96,0,0
44,R,1480,1480,97,0,0
44,R,1480,1480,98,0,0
44,R,1480,1480,99,0,0
44,R,1480,1480,100,0,0
44,R,1480,1480,101,0,0
44,R,1480,1480,102,0,0
44,R,1480,1480,103,0,0
44,R,1480,1480,104,0,0
44,R,1480,1480,105,0,0
44,R,1480,1480,106,0,0
44,R,1480,1480,107,0,0
44,R,1480,1480,108,0,0
44,R,1480,1480,109,0,0
44,R,1480,1480,110,0,0
44,R,1480,1480,111,0,0
44,R,1480,1480,112,0,0
44,R,1480,1480,113,0,0
44,R,1480,1480,114,0,0
44,R,1480,1480,115,0,0
44,R,1480,1480,116,0,0
44,R,1480,1480,117,0,0
44,R,1480,1480,118,0,0
44,R,1480,1480,119,0,0
44,R,1480,1480,120,0,0
44,R,1480,1480,121,0,0
44,R,1480,1480,122,0,0
44,R,1480,1480,123,0,0
44,R,1480,1480,124,0,0
44,R,1480,1480,125,0,0
44,R,1480,1480,126,0,0
44,R,1480,1480,127,0,0
44,R,1480,1480,128,0,0
44,R,1480,1480,129,0,0
44,R,1480,1480,130,0,0
44,R,1480,1480,131,0,0
44,R,1480,1480,132,0,0
44,R,1480,1480,133,0,0
44,R,1480,1480,134,0,0
44,R,1480,1480,135,0,0
44,R,1480,1480,136,0,0
44,R,1480,1480,137,0,0
44,R,1480,1480,138,0,0
44,R,1480,1480,139,0,0
44,R,1480,1480,140,0,0
44,R,1480,1480,141,0,0
44,R,1480,1480,142,0,0
44,R,1480,1480,143,0,0
44,R,1480,1480,144,0,0
44,R,1480,1480,145,0,0
44,R,1480,1480,146,0,0
44,R,1480,1480,147,0,0
44,R,1480,1480,148,0,0
44,R,1480,1480,149,0,0
44,R,1480,1480,150,0,0
44,R,1480,1480,151,0,0
44,R,1480,1480,152,0,0
44,R,1480,1480,153,0,0
44,R,1480,1480,154,0,0
44,R,1480,1480,155,0,0
44,R,1480,1480,156,0,0
44,R,1480,1480,157,0,0
44,R,1480,1480,158,0,0
44,R,1480,1480,159,0,0
44,R,1480,1480,160,0,0
44,R,1480,1480,161,0,0
44,R,1480,1480,162,0,0
44,R,1480,1480,163,0,0
44,R,1480,1480,164,0,0
44,R,1480,1480,165,0,0
44,R,1480,1480,166,0,0
44,R,1480,1480,167,0,0
44,R,1480,1480,168,0,0
44,R,1480,1480,169,0,0
44,R,1480,1480,170,0,0
44,R,1480,1480,171,0,0
44,R,1480,1480,172,0,0
44,R,1480,1480,173,0,0
44,R,1480,1480,174,0,0
44,R,1480,1480,175,0,0
44,R,1480,1480,176,0,0
44,R,1480,1480,177,0,0
44,R,1480,1480,178,0,0
44,R,1480,1480,179,0,0
44,R,1480,1480,180,0,0
44,R,1480,1480,181,0,0
44,R,1480,1480,182,0,0
44,R,1480,1480,183,0,0
44,R,1480,1480,184,0,0
44,R,1480,1480,185,0,0
44,R,1480,1480,186,0,0
44,R,1480,1480,187,0,0
44,R,1480,1480,188,0,0
44,R,1480,1480,189,0,0
44,R,1480,1480,190,0,0
44,R,1480,1480,191,0,0
44,R,1480,1480,192,0,0
44,R,1480,1480,193,0,0
44,R,1480,1480,194,0,0
44,R,1480,1480,195,0,0
44,R,1480,1480,196,0,0
44,R,1480,1480,197,0,0
44,R,1480,1480,198,0,0
44,R,1480,1480,199,0,0
44,R,1480,1480,200,0,0
44,R,1480,1480,201,0,0
44,R,1480,1480,202,0,0
44,R,1480,1480,203,0,0
44,R,1480,1480,204,0,0
44,R,1480,1480,205,0,0
44,R,1480,1480,206,0,0
44,R,1480,1480,207,0,0
44,R,1480,1480,208,0,0
44,R,1480,1480,209,0,0
44,R,1480,1480,210,0,0
44,R,1480,1480,211,0,0
44,R,1480,1480,212,0,0
44,R,1480,1480,213,0,0
44,R,1480,1480,214,0,0
44,R,1480,1480,215,0,0
44,R,1480,1480,216,0,0
44,R,1480,1480,217,0,0
44,R,1480,1480,218,0,0
44,R,1480,1480,219,0,0
44,R,1480,1480,220,0,0
44,R,1480,1480,221,0,0
44,R,1480,1480,222,0,0
44,R,1480,1480,223,0,0
44,R,1480,1480,224,0,0
44,R,1480,1480,225,0,0
44,R,1480,1480,226,0,0
44,R,1480,1480,227,0,0
44,R,1480,1480,228,0,0
44,R,1480,1480,229,0,0
44,R,1480,1480,230,0,0
44,R,1480,1480,231,0,0
44,R,1480,1480,232,0,0
44,R,1480,1480,233,0,0
44,R,1480,1480,234,0,0
44,R,1480,1480,235,0,0
44,R,1480,1480,236,0,0
44,R,1480,1480,237,0,0
44,R,1480,1480,238,0,0
44,R,1480,1480,239,0,0
44,R,1480,1480,240,0,0
44,R,1480,1480,241,0,0
44,R,1480,1480,242,0,0
44,R,1480,1480,243,0,0
44,R,1480,1480,244,0,0
44,R,1480,1480,245,0,0
44,R,1480,1480,246,0,0
44,R,1480,1480,247,0,0
44,R,1480,1480,248,0,0
44,R,1480,1480,249,0,0
44,R,1480,1480,250,0,0
44,R,1480,1480,251,0,0
44,R,1480,1480,252,0,0
44,R,1480,1480,253,0,0
44,R,1480,1480,254,0,0
44,R,1480,1480,255,0,0
44,R,1480,1480,256,0,0
44,R,1480,1480,257,0,0
44,R,1480,1480,258,0,0
44,R,1480,1480,259,0,0
44,R,1480,1480,260,0,0
44,R,1480,1480,261,0,0
44,R,1480,1480,262,0,0
44,R,1480,1480,263,0,0
44,R,1480,1480,264,0,0
44,R,1480,1480,265,0,0
44,R,1480,1480,266,0,0
44,R,1480,1480,267,0,0
44,R,1480,1480,268,0,0
44,R,1480,1480,269,0,0
44,R,1480,1480,270,0,0
44,R,1480,1480,271,0,0
44,R,1480,1480,272,0,0
44,R,1480,1480,273,0,0
44,R,1480,1480,274,0,0
44,R,1480,1480,275,0,0
44,R,1480,1480,276,0,0
44,R,1480,1480,277,0,0
44,R,1480,1480,278,0,0
44,R,1480,1480,279,0,0
44,R,1480,1480,280,0,0
44,R,1480,1480,281,0,0
44,R,1480,1480,282,0,0
44,R,1480,1480,283,0,0
44,R,1480,1480,284,0,0
44,R,1480,1480,285,0,0
44,R,1480,1480,286,0,0
44,R,1480,1480,287,0,0
44,R,1480,1480,288,0,0
44,R,1480,1480,289,0,0
44,R,1480,1480,290,0,0
44,R,1480,1480,291,0,0
44,R,1480,1480,292,0,0
44,R,1480,1480,293,0,0
44,R,1480,1480,294,0,0
44,R,1480,1480,295,0,0
44,R,1480,1480,296,0,0
44,R,1480,1480,297,0,0
44,R,1480,1480,298,0,0
44,R,1480,1480,299,0,0
44,R,1480,1480,300,0,0
44,R,1480,1480,301,0,0
44,R,1480,1480,302,0,0
44,R,1480,1480,303,0,0
44,R,1480,1480,304,0,0
44,R,1480,1480,305,0,0
44,R,1480,1480,306,0,0
44,R,1480,1480,307,0,0
44,R,1480,1480,308,0,0
44,R,1480,1480,309,0,0
44,R,1480,1480,310,0,0
44,R,1480,1480,311,0,0
44,R,1480,1480,312,0,0
44,R,1480,1480,313,0,0
44,R,1480,1480,314,0,0
44,R,1480,1480,315,0,0
44,R,1480,1480,316,0,0
44,R,1480,1480,317,0,0
44,R,1480,1480,318,0,0
44,R,1480,1480,319,0,0
44,R,1480,1480,320,0,0
44,R,1480,1480,321,0,0
44,R,1480,1480,322,0,0
44,R,1480,1480,323,0,0
44,R,1480,1480,324,0,0
44,R,1480,1480,325,0,0
44,R,1480,1480,326,0,0
44,R,1480,1480,327,0,0
44,R,1480,1480,328,0,0
44,R,1480,1480,329,0,0
44,R,1480,1480,330,0,0
44,R,1480,1480,331,0,0
44,R,1480,1480,332,0,0
44,R,1480,1480,333,0,0
44,R,1480,1480,334,0,0
44,R,1480,1480,335,0,0
44,R,1480,1480,336,0,0
44,R,1480,1480,337,0,0
44,R,1480,1480,338,0,0
44,R,1480,1480,339,0,0
44,R,1480,1480,340,0,0
44,R,1480,1480,341,0,0
44,R,1480,1480,342,0,0
44,R,1480,1480,343,0,0
44,R,1480,1480,344,0,0
44,R,1480,1480,345,0,0
44,R,1480,1480,346,0,0
44,R,1480,1480,347,0,0
44,R,1480,1480,348,0,0
44,R,1480,1480,349,0,0
44,R,1480,1480,350,0,0
44,R,1480,1480,351,0,0
44,R,1480,1480,352,0,0
44,R,1480,1480,353,0,0
44,R,1480,1480,354,0,0
44,R,1480,1480,355,0,0
44,R,1480,1480,356,0,0
44,R,1480,1480,357,0,0
44,R,1480,1480,358,0,0
44,R,1480,1480,359,0,0
44,R,1480,1480,360,0,0
44,R,1480,1480,361,0,0
44,R,1480,1480,362,0,0
44,R,1480,1480,363,0,0
44,R,1480,1480,364,0,0
44,R,1480,1480,365,0,0
44,R,1480,1480,366,0,0
44,R,1480,1480,367,0,0
44,R,1480,1480,368,0,0
44,R,1480,1480,369,0,0
44,R,1480,1480,370,0,0
44,R,1480,1480,371,0,0
44,R,1480,1480,372,0,0
44,R,1480,1480,373,0,0
44,R,1480,1480,374,0,0
44,R,1480,1480,375,0,0
44,R,1480,1480,376,0,0
44,R,1480,1480,377,0,0
44,R,1480,1480,378,0,0
44,R,1480,1480,379,0,0
44,R,1480,1480,380,0,0
44,R,1480,1480,381,0,0
44,R,1480,1480,382,0,0
44,R,1480,1480,383,0,0
44,R,1480,1480,384,0,0
44,R,1480,1480,385,0,0
44,R,1480,1480,386,0,0
44,R,1480,1480,387,0,0
44,R,1480,1480,388,0,0
44,R,1480,1480,389,0,0
44,R,1480,1480,390,0,0
44,R,1480,1480,391,0,0
44,R,1480,1480,392,0,0
44,R,1480,1480,393,0,0
44,R,1480,1480,394,0,0
44,R,1480,1480,395,0,0
44,R,1480,1480,396,0,0
44,R,1480,1480,397,0,0
44,R,1480,1480,398,0,0
44,R,1480,1480,399,0,0
44,R,1480,1480,400,0,0
44,R,1480,1480,401,0,0
44,R,1480,1480,402,0,0
44,R,1480,1480,403,0,0
44,R,1480,1480,404,0,0
44,R,1480,1480,405,0,0
44,R,1480,1480,406,0,0
44,R,1480,1480,407,0,0
44,R,1480,1480,408,0,0
44,R,1480,1480,409,0,0
44,R,1480,1480,410,0,0
44,R,1480,1480,411,0,0
44,R,1480,1480,412,0,0
44,R,1480,1480,413,0,0
44,R,1480,1480,414,0,0
44,R,1480,1480,415,0,0
44,R,1480,1480,416,0,0
44,R,1480,1480,417,0,0
44,R,1480,1480,418,0,0
44,R,1480,1480,419,0,0
44,R,1480,1480,420,0,0
44,R,1480,1480,421,0,0
44,R,1480,1480,422,0,0
44,R,1480,1480,423,0,0
44,R,1480,1480,424,0,0
44,R,1480,1480,425,0,0
44,R,1480,1480,426,0,0
44,R,1480,1480,427,0,0
44,R,1480,1480,428,0,0
44,R,1480,1480,429,0,0
44,R,1480,1480,430,0,0
44,R,1480,1480,431,0,0
44,R,1480,1480,432,0,0
44,R,1480,1480,433,0,0
44,R,1480,1480,434,0,0
44,R,1480,1480,435,0,0
44,R,1480,1480,436,0,0
44,R,1480,1480,437,0,0
44,R,1480,1480,438,0,0
44,R,1480,1480,439,0,0
44,R,1480,1480,440,0,0
44,R,1480,1480,441,0,0
44,R,1480,1480,442,0,0
44,R,1480,1480,443,0,0
44,R,1480,1480,444,0,0
44,R,1480,1480,445,0,0
44,R,1480,1480,446,0,0
44,R,1480,1480,447,0,0
44,R,1480,1480,448,0,0
44,R,1480,1480,449,0,0
44,R,1480,1480,450,0,0
44,R,1480,1480,451,0,0
44,R,1480,1480,452,0,0
44,R,1480,1480,453,0,0
44,R,1480,1480,454,0,0
44,R,1480,1480,455,0,0
44,R,1480,1480,456,0,0
44,R,1480,1480,457,0,0
44,R,1480,1480,458,0,0
44,R,1480,1480,459,0,0
44,R,1480,1480,460,0,0
44,R,1480,1480,461,0,0
44,R,1480,1480,462,0,0
44,R,1480,1480,463,0,0
44,R,1480,1480,464,0,0
44,R,1480,1480,465,0,0
44,R,1480,1480,466,0,0
44,R,1480,1480,467,0,0
44,R,1480,1480,468,0,0
44,R,1480,1480,469,0,0
44,R,1480,1480,470,0,0
44,R,1480,1480,471,0,0
44,R,1480,1480,472,0,0
44,R,1480,1480,473,0,0
44,R,1480,1480,474,0,0
44,R,1480,1480,475,0,0
44,R,1480,1480,476,0,0
44,R,1480,1480,477,0,0
44,R,1480,1480,478,0,0
44,R,1480,1480,479,0,0
44,R,1480,1480,480,0,0
44,R,1480,1480,481,0,0
44,R,1480,1480,482,0,0
44,R,1480,1480,483,0,0
44,R,1480,1480,484,0,0
44,R,1480,1480,485,0,0
44,R,1480,1480,486,0,0
44,R,1480,1480,487,0,0
44,R,1480,1480,488,0,0
44,R,1480,1480,489,0,0
44,R,1480,1480,490,0,0
44,R,1480,1480,491,0,0
44,R,1480,1480,492,0,0
44,R,1480,1480,493,0,0
44,R,1480,1480,494,0,0
44,R,1480,1480,495,0,0
44,R,1480,1480,496,0,0
44,R,1480,1480,497,0,0
44,R,1480,1480,498,0,0
44,R,1480,1480,499,0,0
45,R,1500,1500,0,0,0
45,R,1500,1500,1,0,0
45,R,1500,1500,2,0,0
45,R,1500,1500,3,0,0
45,R,1500,1500,4,0,0
45,R,1500,1500,5,0,0
45,R,1500,1500,6,0,0
45,R,1500,1500,7,0,0
45,R,1500,1500,8,0,1
45,R,1500,1500,9,0,0
45,R,1500,1500,10,0,0
45,R,1500,1500,11,0,0
45,R,1500,1500,12,0,0
45,R,1500,1500,13,0,0
45,R,1500,1500,14,0,1
45,R,1500,1500,15,0,0
45,R,1500,1500,16,0,0
45,R,1500,1500,17,0,1
45,R,1500,1500,18,0,1
45,R,1500,1500,19,0,0
45,R,1500,1500,20,0,1
45,R,1500,1500,21,0,0
45,R,1500,1500,22,0,1
45,R,1500,1500,23,0,1
45,R,1500,1500,24,0,1
45,R,1500,1500,25,0,1
45,R,1500,1500,26,0,0
45,R,1500,1500,27,0,1
45,R,1500,1500,28,0,1
45,R,1500,1500,29,0,1
45,R,1500,1500,30,0,1
45,R,1500,1500,31,0,1
45,R,1500,1500,32,0,1
45,R,1500,1500,33,0,1
45,R,1500,1500,34,0,1
45,R,1500,1500,35,0,1
45,R,1500,1500,36,0,2
45,R,1500,1500,37,0,1
45,R,1500,1500,38,0,1
45,R,1500,1500,39,0,1
45,R,1500,1500,40,0,2
45,R,1500,1500,41,0,1
45,R,1500,1500,42,0,1
45,R,1500,1500,43,0,1
45,R,1500,1500,44,0,1
45,R,1500,1500,45,0,2
45,R,1500,1500,46,0,1
45,R,1500,1500,47,0,1
45,R,1500,1500,48,0,2
45,R,1500,1500,49,0,2
45,R,1500,1500,50,0,1
45,R,1500,1500,51,0,2
45,R,1500,1500,52,0,1
45,R,1500,1500,53,0,1
45,R,1500,1500,54,0,2
45,R,1500,1500,55,0,1
45,R,1500,1500,56,0,2
45,R,1500,1500,57,0,2
45,R,1500,1500,58,0,1
45,R,1500,1500,59,0,2
45,R,1500,1500,60,0,1
45,R,1500,1500,61,0,2
45,R,1500,1500,62,0,2
45,R,1500,1500,63,0,1
45,R,1500,1500,64,0,2
45,R,1500,1500,65,0,2
45,R,1500,1500,66,0,2
45,R,1500,1500,67,0,1
45,R,1500,1500,68,0,2
45,R,1500,1500,69,0,2
45,R,1500,1500,70,0,1
45,R,1500,1500,71,0,3
45,R,1500,1500,72,0,1
45,R,1500,1500,73,0,2
45,R,1500,1500,74,0,1
45,R,1500,1500,75,0,3
45,R,1500,1500,76,0,1
45,R,1500,1500,77,0,2
45,R,1500,1500,78,0,2
45,R,1500,1500,79,0,2
45,R,1500,1500,80,0,2
45,R,1500,1500,81,0,1
45,R,1500,1500,82,0,3
45,R,1500,1500,83,0,1
45,R,1500,1500,84,0,3
45,R,1500,1500,85,0,1
45,R,1500,1500,86,0,3
45,R,1500,1500,87,0,1
45,R,1500,1500,88,0,3
45,R,1500,1500,89,0,1
45,R,1500,1500,90,0,3
45,R,1500,1500,91,0,1
45,R,1500,1500,92,0,3
45,R,1500,1500,93,0,1
45,R,1500,1500,94,0,3
45,R,1500,1500,95,0,2
45,R,1500,1500,96,0,2
45,R,1500,1500,97,0,2
45,R,1500,1500,98,0,2
45,R,1500,1500,99,0,2
45,R,1500,1500,100,0,2
45,R,1500,1500,101,0,3
45,R,1500,1500,102,0,1
45,R,1500,1500,103,0,3
45,R,1500,1500,104,0,2
45,R,1500,1500,105,0,2
45,R,1500,1500,106,0,2
45,R,1500,1500,107,0,3
45,R,1500,1500,108,0,1
45,R,1500,1500,109,0,3
45,R,1500,1500,110,0,2
45,R,1500,1500,111,0,2
45,R,1500,1500,112,0,3
45,R,1500,1500,113,0,2
45,R,1500,1500,114,0,2
45,R,1500,1500,115,0,2
45,R,1500,1500,116,0,3
45,R,1500,1500,117,0,1
45,R,1500,1500,118,0,3
45,R,1500,1500,119,0,2
45,R,1500,1500,120,0,2
45,R,1500,1500,121,0,3
45,R,1500,1500,122,0,2
45,R,1500,1500,123,0,3
45,R,1500,1500,124,0,1
45,R,1500,1500,125,0,3
45,R,1500,1500,126,0,2
45,R,1500,1500,127,0,2
45,R,1500,1500,128,0,3
45,R,1500,1500,129,0,2
45,R,1500,1500,130,0,3
45,R,1500,1500,131,0,2
45,R,1500,1500,132,0,2
45,R,1500,1500,133,0,3
45,R,1500,1500,134,0,2
45,R,1500,1500,135,0,3
45,R,1500,1500,136,0,2
45,R,1500,1500,137,0,2
45,R,1500,1500,138,0,3
45,R,1500,1500,139,0,2
45,R,1500,1500,140,0,3
45,R,1500,1500,141,0,2
45,R,1500,1500,142,0,2
45,R,1500,1500,143,0,3
45,R,1500,1500,144,0,2
45,R,1500,1500,145,0,3
45,R,1500,1500,146,0,2
45,R,1500,1500,147,0,2
45,R,1500,1500,148,0,3
45,R,1500,1500,149,0,2
45,R,1500,1500,150,0,3
45,R,1500,1500,151,0,3
45,R,1500,1500,152,0,2
45,R,1500,1500,153,0,2
45,R,1500,1500,154,0,2
45,R,1500,1500,155,0,3
45,R,1500,1500,156,0,3
45,R,1500,1500,157,0,2
45,R,1500,1500,158,0,3
45,R,1500,1500,159,0,2
45,R,1500,1500,160,0,2
45,R,1500,1500,161,0,3
45,R,1500,1500,162,0,2
45,R,1500,1500,163,0,3
45,R,1500,1500,164,0,3
45,R,1500,1500,165,0,2
45,R,1500,1500,166,0,3
45,R,1500,1500,167,0,2
45,R,1500,1500,168,0,3
45,R,1500,1500,169,0,2
45,R,1500,1500,170,0,2
45,R,1500,1500,171,0,3
45,R,1500,1500,172,0,3
45,R,1500,1500,173,0,2
45,R,1500,1500,174,0,3
45,R,1500,1500,175,0,2
45,R,1500,1500,176,0,3
45,R,1500,1500,177,0,3
45,R,1500,1500,178,0,2
45,R,1500,1500,179,0,2
45,R,1500,1500,180,0,3
45,R,1500,1500,181,0,2
45,R,1500,1500,182,0,3
45,R,1500,1500,183,0,3
45,R,1500,1500,184,0,2
45,R,1500,1500,185,0,3
45,R,1500,1500,186,0,3
45,R,1500,1500,187,0,2
45,R,1500,1500,188,0,3
45,R,1500,1500,189,0,2
45,R,1500,1500,190,0,3
45,R,1500,1500,191,0,3
45,R,1500,1500,192,0,2
45,R,1500,1500,193,0,2
45,R,1500,1500,194,0,3
45,R,1500,1500,195,0,2
45,R,1500,1500,196,0,3
45,R,1500,1500,197,0,3
45,R,1500,1500,198,0,2
45,R,1500,1500,199,0,3
45,R,1500,1500,200,0,3
45,R,1500,1500,201,0,2
45,R,1500,1500,202,0,3
45,R,1500,1500,203,0,2
45,R,1500,1500,204,0,3
45,R,1500,1500,205,0,3
45,R,1500,1500,206,0,2
45,R,1500,1500,207,0,2
45,R,1500,1500,208,0,3
45,R,1500,1500,209,0,3
45,R,1500,1500,210,0,2
45,R,1500,1500,211,0,3
45,R,1500,1500,212,0,2
45,R,1500,1500,213,0,3
45,R,1500,1500,214,0,3
45,R,1500,1500,215,0,2
45,R,1500,1500,216,0,3
45,R,1500,1500,217,0,3
45,R,1500,1500,218,0,2
45,R,1500,1500,219,0,3
45,R,1500,1500,220,0,3
45,R,1500,1500,221,0,2
45,R,1500,1500,222,0,3
45,R,1500,1500,223,0,2
45,R,1500,1500,224,0,3
45,R,1500,1500,225,0,3
45,R,1500,1500,226,0,2
45,R,1500,1500,227,0,3
45,R,1500,1500,228,0,3
45,R,1500,1500,229,0,2
45,R,1500,1500,230,0,3
45,R,1500,1500,231,0,3
45,R,1500,1500,232,0,2
45,R,1500,1500,233,0,3
45,R,1500,1500,234,0,3
45,R,1500,1500,235,0,2
45,R,1500,1500,236,0,3
45,R,1500,1500,237,0,3
45,R,1500,1500,238,0,2
45,R,1500,1500,239,0,2
45,R,1500,1500,240,0,3
45,R,1500,1500,241,0,3
45,R,1500,1500,242,0,2
45,R,1500,1500,243,0,3
45,R,1500,1500,244,0,3
45,R,1500,1500,245,0,2
45,R,1500,1500,246,0,3
45,R,1500,1500,247,0,3
45,R,1500,1500,248,0,2
45,R,1500,1500,249,0,4
45,R,1500,1500,250,0,2
45,R,1500,1500,251,0,2
45,R,1500,1500,252,0,3
45,R,1500,1500,253,0,3
45,R,1500,1500,254,0,3
45,R,1500,1500,255,0,2
45,R,1500,1500,256,0,3
45,R,1500,1500,257,0,2
45,R,1500,1500,258,0,4
45,R,1500,1500,259,0,2
45,R,1500,1500,260,0,3
45,R,1500,1500,261,0,3
45,R,1500,1500,262,0,2
45,R,1500,1500,263,0,3
45,R,1500,1500,264,0,3
45,R,1500,1500,265,0,2
45,R,1500,1500,266,0,3
45,R,1500,1500,267,0,3
45,R,1500,1500,268,0,2
45,R,1500,1500,269,0,3
45,R,1500,1500,270,0,3
45,R,1500,1500,271,0,3
45,R,1500,1500,272,0,2
45,R,1500,1500,273,0,3
45,R,1500,1500,274,0,3
45,R,1500,1500,275,0,2
45,R,1500,1500,276,0,3
45,R,1500,1500,277,0,3
45,R,1500,1500,278,0,2
45,R,1500,1500,279,0,3
45,R,1500,1500,280,0,3
45,R,1500,1500,281,0,2
45,R,1500,1500,282,0,3
45,R,1500,1500,283,0,3
45,R,1500,1500,284,0,3
45,R,1500,1500,285,0,2
45,R,1500,1500,286,0,3
45,R,1500,1500,287,0,3
45,R,1500,1500,288,0,2
45,R,1500,1500,289,0,3
45,R,1500,1500,290,0,3
45,R,1500,1500,291,0,3
45,R,1500,1500,292,0,3
45,R,1500,1500,293,0,2
45,R,1500,1500,294,0,3
45,R,1500,1500,295,0,3
45,R,1500,1500,296,0,3
45,R,1500,1500,297,0,2
45,R,1500,1500,298,0,3
45,R,1500,1500,299,0,3
45,R,1500,1500,300,0,2
45,R,1500,1500,301,0,3
45,R,1500,1500,302,0,3
45,R,1500,1500,303,0,2
45,R,1500,1500,304,0,3
45,R,1500,1500,305,0,3
45,R,1500,1500,306,0,2
45,R,1500,1500,307,0,3
45,R,1500,1500,308,0,3
45,R,1500,1500,309,0,3
45,R,1500,1500,310,0,3
45,R,1500,1500,311,0,3
45,R,1500,1500,312,0,2
45,R,1500,1500,313,0,3
45,R,1500,1500,314,0,3
45,R,1500,1500,315,0,3
45,R,1500,1500,316,0,2
45,R,1500,1500,317,0,3
45,R,1500,1500,318,0,3
45,R,1500,1500,319,0,2
45,R,1500,1500,320,0,3
45,R,1500,1500,321,0,3
45,R,1500,1500,322,0,2
45,R,1500,1500,323,0,3
45,R,1500,1500,324,0,3
45,R,1500,1500,325,0,3
45,R,1500,1500,326,0,3
45,R,1500,1500,327,0,3
45,R,1500,1500,328,0,2
45,R,1500,1500,329,0,3
45,R,1500,1500,330,0,3
45,R,1500,1500,331,0,3
45,R,1500,1500,332,0,2
45,R,1500,1500,333,0,3
45,R,1500,1500,334,0,3
45,R,1500,1500,335,0,2
45,R,1500,1500,336,0,3
45,R,1500,1500,337,0,3
45,R,1500,1500,338,0,3
45,R,1500,1500,339,0,3
45,R,1500,1500,340,0,3
45,R,1500,1500,341,0,3
45,R,1500,1500,342,0,2
45,R,1500,1500,343,0,3
45,R,1500,1500,344,0,3
45,R,1500,1500,345,0,2
45,R,1500,1500,346,0,3
45,R,1500,1500,347,0,3
45,R,1500,1500,348,0,3
45,R,1500,1500,349,0,3
45,R,1500,1500,350,0,3
45,R,1500,1500,351,0,2
45,R,1500,1500,352,0,3
45,R,1500,1500,353,0,3
45,R,1500,1500,354,0,3
45,R,1500,1500,355,0,2
45,R,1500,1500,356,0,3
45,R,1500,1500,357,0,3
45,R,1500,1500,358,0,3
45,R,1500,1500,359,0,3
45,R,1500,1500,360,0,3
45,R,1500,1500,361,0,2
45,R,1500,1500,362,0,3
45,R,1500,1500,363,0,3
45,R,1500,1500,364,0,3
45,R,1500,1500,365,0,2
45,R,1500,1500,366,0,3
45,R,1500,1500,367,0,3
45,R,1500,1500,368,0,3
45,R,1500,1500,369,0,3
45,R,1500,1500,370,0,3
45,R,1500,1500,371,0,2
45,R,1500,1500,372,0,3
45,R,1500,1500,373,0,3
45,R,1500,1500,374,0,3
45,R,1500,1500,375,0,2
45,R,1500,1500,376,0,3
45,R,1500,1500,377,0,3
45,R,1500,1500,378,0,3
45,R,1500,1500,379,0,3
45,R,1500,1500,380,0,3
45,R,1500,1500,381,0,2
45,R,1500,1500,382,0,3
45,R,1500,1500,383,0,3
45,R,1500,1500,384,0,3
45,R,1500,1500,385,0,2
45,R,1500,1500,386,0,3
45,R,1500,1500,387,0,3
45,R,1500,1500,388,0,3
45,R,1500,1500,389,0,2
45,R,1500,1500,390,0,4
45,R,1500,1500,391,0,2
45,R,1500,1500,392,0,3
45,R,1500,1500,393,0,3
45,R,1500,1500,394,0,3
45,R,1500,1500,395,0,2
45,R,1500,1500,396,0,3
45,R,1500,1500,397,0,3
45,R,1500,1500,398,0,2
45,R,1500,1500,399,0,3
45,R,1500,1500,400,0,4
45,R,1500,1500,401,0,2
45,R,1500,1500,402,0,3
45,R,1500,1500,403,0,3
45,R,1500,1500,404,0,2
45,R,1500,1500,405,0,3
45,R,1500,1500,406,0,3
45,R,1500,1500,407,0,1
45,R,1500,1500,408,0,3
45,R,1500,1500,409,0,3
45,R,1500,1500,410,0,2
45,R,1500,1500,411,0,2
45,R,1500,1500,412,0,2
45,R,1500,1500,413,0,2
45,R,1500,1500,414,0,2
45,R,1500,1500,415,0,2
45,R,1500,1500,416,0,2
45,R,1500,1500,417,0,2
45,R,1500,1500,418,0,2
45,R,1500,1500,419,0,2
45,R,1500,1500,420,0,1
45,R,1500,1500,421,0,2
45,R,1500,1500,422,0,2
45,R,1500,1500,423,0,1
45,R,1500,1500,424,0,2
45,R,1500,1500,425,0,1
45,R,1500,1500,426,0,1
45,R,1500,1500,427,0,2
45,R,1500,1500,428,0,1
45,R,1500,1500,429,0,1
45,R,1500,1500,430,0,2
45,R,1500,1500,431,0,1
45,R,1500,1500,432,0,1
45,R,1500,1500,433,0,0
45,R,1500,1500,434,0,2
45,R,1500,1500,435,0,1
45,R,1500,1500,436,0,0
45,R,1500,1500,437,0,1
45,R,1500,1500,438,0,2
45,R,1500,1500,439,0,0
45,R,1500,1500,440,0,1
45,R,1500,1500,441,0,0
45,R,1500,1500,442,0,1
45,R,1500,1500,443,0,1
45,R,1500,1500,444,0,1
45,R,1500,1500,445,0,0
45,R,1500,1500,446,0,1
45,R,1500,1500,447,0,0
45,R,1500,1500,448,0,0
45,R,1500,1500,449,0,0
45,R,1500,1500,450,0,0
45,R,1500,1500,451,0,0
45,R,1500,1500,452,0,0
45,R,1500,1500,453,0,0
45,R,1500,1500,454,0,0
45,R,1500,1500,455,0,0
45,R,1500,1500,456,0,0
45,R,1500,1500,457,0,0
45,R,1500,1500,458,0,0
45,R,1500,1500,459,0,-1
45,R,1500,1500,460,0,0
45,R,1500,1500,461,0,0
45,R,1500,1500,462,0,0
45,R,1500,1500,463,0,-1
45,R,1500,1500,464,0,0
45,R,1500,1500,465,0,0
45,R,1500,1500,466,0,0
45,R,1500,1500,467,0,0
45,R,1500,1500,468,0,0
45,R,1500,1500,469,0,0
45,R,1500,1500,470,0,0
45,R,1500,1500,471,0,0
45,R,1500,1500,472,0,0
45,R,1500,1500,473,0,0
45,R,1500,1500,474,0,0
45,R,1500,1500,475,0,0
45,R,1500,1500,476,0,0
45,R,1500,1500,477,0,0
45,R,1500,1500,478,0,0
45,R,1500,1500,479,0,0
45,R,1500,1500,480,0,0
45,R,1500,1500,481,0,0
45,R,1500,1500,482,0,0
45,R,1500,1500,483,0,0
45,R,1500,1500,484,0,0
45,R,1500,1500,485,0,0
45,R,1500,1500,486,0,0
45,R,1500,1500,487,0,0
45,R,1500,1500,488,0,0
45,R,1500,1500,489,0,0
45,R,1500,1500,490,0,0
45,R,1500,1500,491,0,0
45,R,1500,1500,492,0,0
45,R,1500,1500,493,0,0
45,R,1500,1500,494,0,0
45,R,1500,1500,495,0,0
45,R,1500,1500,496,0,0
45,R,1500,1500,497,0,0
45,R,1500,1500,498,0,0
45,R,1500,1500,499,0,0
46,R,1520,1520,0,0,0
46,R,1520,1520,1,0,0
46,R,1520,1520,2,0,0
46,R,1520,1520,3,0,1
46,R,1520,1520,4,0,0
46,R,1520,1520,5,0,0
46,R,1520,1520,6,0,0
46,R,1520,1520,7,0,1
46,R,1520,1520,8,0,0
46,R,1520,1520,9,0,0
46,R,1520,1520,10,0,0
46,R,1520,1520,11,0,1
46,R,1520,1520,12,0,0
46,R,1520,1520,13,0,0
46,R,1520,1520,14,0,1
46,R,1520,1520,15,0,1
46,R,1520,1520,16,0,1
46,R,1520,1520,17,0,0
46,R,1520,1520,18,0,1
46,R,1520,1520,19,0,0
46,R,1520,1520,20,0,2
46,R,1520,1520,21,0,1
46,R,1520,1520,22,0,1
46,R,1520,1520,23,0,0
46,R,1520,1520,24,0,2
46,R,1520,1520,25,0,1
46,R,1520,1520,26,0,1
46,R,1520,1520,27,0,2
46,R,1520,1520,28,0,1
46,R,1520,1520,29,0,1
46,R,1520,1520,30,0,2
46,R,1520,1520,31,0,1
46,R,1520,1520,32,0,1
46,R,1520,1520,33,0,2
46,R,1520,1520,34,0,1
46,R,1520,1520,35,0,2
46,R,1520,1520,36,0,2
46,R,1520,1520,37,0,1
46,R,1520,1520,38,0,2
46,R,1520,1520,39,0,1
46,R,1520,1520,40,0,3
46,R,1520,1520,41,0,1
46,R,1520,1520,42,0,2
46,R,1520,1520,43,0,2
46,R,1520,1520,44,0,2
46,R,1520,1520,45,0,2
46,R,1520,1520,46,0,1
46,R,1520,1520,47,0,3
46,R,1520,1520,48,0,1
46,R,1520,1520,49,0,3
46,R,1520,1520,50,0,1
46,R,1520,1520,51,0,3
46,R,1520,1520,52,0,2
46,R,1520,1520,53,0,2
46,R,1520,1520,54,0,2
46,R,1520,1520,55,0,2
46,R,1520,1520,56,0,3
46,R,1520,1520,57,0,2
46,R,1520,1520,58,0,2
46,R,1520,1520,59,0,2
46,R,1520,1520,60,0,3
46,R,1520,1520,61,0,1
46,R,1520,1520,62,0,3
46,R,1520,1520,63,0,3
46,R,1520,1520,64,0,2
46,R,1520,1520,65,0,2
46,R,1520,1520,66,0,2
46,R,1520,1520,67,0,3
46,R,1520,1520,68,0,3
46,R,1520,1520,69,0,2
46,R,1520,1520,70,0,2
46,R,1520,1520,71,0,2
46,R,1520,1520,72,0,3
46,R,1520,1520,73,0,3
46,R,1520,1520,74,0,2
46,R,1520,1520,75,0,3
46,R,1520,1520,76,0,2
46,R,1520,1520,77,0,3
46,R,1520,1520,78,0,2
46,R,1520,1520,79,0,2
46,R,1520,1520,80,0,2
46,R,1520,1520,81,0,3
46,R,1520,1520,82,0,2
46,R,1520,1520,83,0,3
46,R,1520,1520,84,0,3
46,R,1520,1520,85,0,2
46,R,1520,1520,86,0,3
46,R,1520,1520,87,0,3
46,R,1520,1520,88,0,2
46,R,1520,1520,89,0,3
46,R,1520,1520,90,0,3
46,R,1520,1520,91,0,2
46,R,1520,1520,92,0,3
46,R,1520,1520,93,0,3
46,R,1520,1520,94,0,2
46,R,1520,1520,95,0,3
46,R,1520,1520,96,0,3
46,R,1520,1520,97,0,2
46,R,1520,1520,98,0,3
46,R,1520,1520,99,0,4
46,R,1520,1520,100,0,2
46,R,1520,1520,101,0,3
46,R,1520,1520,102,0,3
46,R,1520,1520,103,0,3
46,R,1520,1520,104,0,2
46,R,1520,1520,105,0,3
46,R,1520,1520,106,0,3
46,R,1520,1520,107,0,2
46,R,1520,1520,108,0,3
46,R,1520,1520,109,0,4
46,R,1520,1520,110,0,2
46,R,1520,1520,111,0,3
46,R,1520,1520,112,0,3
46,R,1520,1520,113,0,3
46,R,1520,1520,114,0,2
46,R,1520,1520,115,0,3
46,R,1520,1520,116,0,4
46,R,1520,1520,117,0,2
46,R,1520,1520,118,0,3
46,R,1520,1520,119,0,3
46,R,1520,1520,120,0,3
46,R,1520,1520,121,0,3
46,R,1520,1520,122,0,3
46,R,1520,1520,123,0,3
46,R,1520,1520,124,0,3
46,R,1520,1520,125,0,2
46,R,1520,1520,126,0,3
46,R,1520,1520,127,0,4
46,R,1520,1520,128,0,2
46,R,1520,1520,129,0,3
46,R,1520,1520,130,0,3
46,R,1520,1520,131,0,3
46,R,1520,1520,132,0,3
46,R,1520,1520,133,0,3
46,R,1520,1520,134,0,3
46,R,1520,1520,135,0,3
46,R,1520,1520,136,0,3
46,R,1520,1520,137,0,3
46,R,1520,1520,138,0,3
46,R,1520,1520,139,0,3
46,R,1520,1520,140,0,3
46,R,1520,1520,141,0,3
46,R,1520,1520,142,0,3
46,R,1520,1520,143,0,3
46,R,1520,1520,144,0,3
46,R,1520,1520,145,0,3
46,R,1520,1520,146,0,3
46,R,1520,1520,147,0,3
46,R,1520,1520,148,0,3
46,R,1520,1520,149,0,3
46,R,1520,1520,150,0,3
46,R,1520,1520,151,0,3
46,R,1520,1520,152,0,3
46,R,1520,1520,153,0,3
46,R,1520,1520,154,0,3
46,R,1520,1520,155,0,3
46,R,1520,1520,156,0,3
46,R,1520,1520,157,0,3
46,R,1520,1520,158,0,3
46,R,1520,1520,159,0,4
46,R,1520,1520,160,0,3
46,R,1520,1520,161,0,2
46,R,1520,1520,162,0,3
46,R,1520,1520,163,0,4
46,R,1520,1520,164,0,3
46,R,1520,1520,165,0,2
46,R,1520,1520,166,0,3
46,R,1520,1520,167,0,4
46,R,1520,1520,168,0,3
46,R,1520,1520,169,0,3
46,R,1520,1520,170,0,3
46,R,1520,1520,171,0,3
46,R,1520,1520,172,0,3
46,R,1520,1520,173,0,3
46,R,1520,1520,174,0,3
46,R,1520,1520,175,0,3
46,R,1520,1520,176,0,3
46,R,1520,1520,177,0,3
46,R,1520,1520,178,0,3
46,R,1520,1520,179,0,3
46,R,1520,1520,180,0,4
46,R,1520,1520,181,0,3
46,R,1520,1520,182,0,2
46,R,1520,1520,183,0,4
46,R,1520,1520,184,0,3
46,R,1520,1520,185,0,3
46,R,1520,1520,186,0,3
46,R,1520,1520,187,0,3
46,R,1520,1520,188,0,3
46,R,1520,1520,189,0,3
46,R,1520,1520,190,0,3
46,R,1520,1520,191,0,3
46,R,1520,1520,192,0,3
46,R,1520,1520,193,0,4
46,R,1520,1520,194,0,3
46,R,1520,1520,195,0,2
46,R,1520,1520,196,0,4
46,R,1520,1520,197,0,3
46,R,1520,1520,198,0,3
46,R,1520,1520,199,0,3
46,R,1520,1520,200,0,3
46,R,1520,1520,201,0,3
46,R,1520,1520,202,0,4
46,R,1520,1520,203,0,3
46,R,1520,1520,204,0,2
46,R,1520,1520,205,0,4
46,R,1520,1520,206,0,3
46,R,1520,1520,207,0,3
46,R,1520,1520,208,0,3
46,R,1520,1520,209,0,3
46,R,1520,1520,210,0,3
46,R,1520,1520,211,0,4
46,R,1520,1520,212,0,3
46,R,1520,1520,213,0,2
46,R,1520,1520,214,0,4
46,R,1520,1520,215,0,3
46,R,1520,1520,216,0,3
46,R,1520,1520,217,0,3
46,R,1520,1520,218,0,3
46,R,1520,1520,219,0,3
46,R,1520,1520,220,0,4
46,R,1520,1520,221,0,3
46,R,1520,1520,222,0,3
46,R,1520,1520,223,0,3
46,R,1520,1520,224,0,3
46,R,1520,1520,225,0,4
46,R,1520,1520,226,0,3
46,R,1520,1520,227,0,2
46,R,1520,1520,228,0,4
46,R,1520,1520,229,0,3
46,R,1520,1520,230,0,3
46,R,1520,1520,231,0,3
46,R,1520,1520,232,0,3
46,R,1520,1520,233,0,3
46,R,1520,1520,234,0,4
46,R,1520,1520,235,0,3
46,R,1520,1520,236,0,2
46,R,1520,1520,237,0,4
46,R,1520,1520,238,0,3
46,R,1520,1520,239,0,3
46,R,1520,1520,240,0,3
46,R,1520,1520,241,0,3
46,R,1520,1520,242,0,4
46,R,1520,1520,243,0,3
46,R,1520,1520,244,0,3
46,R,1520,1520,245,0,3
46,R,1520,1520,246,0,3
46,R,1520,1520,247,0,3
46,R,1520,1520,248,0,4
46,R,1520,1520,249,0,3
46,R,1520,1520,250,0,3
46,R,1520,1520,251,0,3
46,R,1520,1520,252,0,3
46,R,1520,1520,253,0,4
46,R,1520,1520,254,0,3
46,R,1520,1520,255,0,2
46,R,1520,1520,256,0,4
46,R,1520,1520,257,0,3
46,R,1520,1520,258,0,4
46,R,1520,1520,259,0,3
46,R,1520,1520,260,0,2
46,R,1520,1520,261,0,4
46,R,1520,1520,262,0,3
46,R,1520,1520,263,0,3
46,R,1520,1520,264,0,3
46,R,1520,1520,265,0,3
46,R,1520,1520,266,0,3
46,R,1520,1520,267,0,4
46,R,1520,1520,268,0,3
46,R,1520,1520,269,0,3
46,R,1520,1520,270,0,3
46,R,1520,1520,271,0,3
46,R,1520,1520,272,0,4
46,R,1520,1520,273,0,3
46,R,1520,1520,274,0,2
46,R,1520,1520,275,0,4
46,R,1520,1520,276,0,3
46,R,1520,1520,277,0,3
46,R,1520,1520,278,0,3
46,R,1520,1520,279,0,3
46,R,1520,1520,280,0,4
46,R,1520,1520,281,0,3
46,R,1520,1520,282,0,3
46,R,1520,1520,283,0,3
46,R,1520,1520,284,0,3
46,R,1520,1520,285,0,3
46,R,1520,1520,286,0,4
46,R,1520,1520,287,0,3
46,R,1520,1520,288,0,3
46,R,1520,1520,289,0,3
46,R,1520,1520,290,0,3
46,R,1520,1520,291,0,4
46,R,1520,1520,292,0,3
46,R,1520,1520,293,0,2
46,R,1520,1520,294,0,4
46,R,1520,1520,295,0,3
46,R,1520,1520,296,0,3
46,R,1520,1520,297,0,3
46,R,1520,1520,298,0,3
46,R,1520,1520,299,0,3
46,R,1520,1520,300,0,4
46,R,1520,1520,301,0,3
46,R,1520,1520,302,0,3
46,R,1520,1520,303,0,3
46,R,1520,1520,304,0,3
46,R,1520,1520,305,0,4
46,R,1520,1520,306,0,3
46,R,1520,1520,307,0,3
46,R,1520,1520,308,0,3
46,R,1520,1520,309,0,3
46,R,1520,1520,310,0,4
46,R,1520,1520,311,0,3
46,R,1520,1520,312,0,2
46,R,1520,1520,313,0,4
46,R,1520,1520,314,0,3
46,R,1520,1520,315,0,3
46,R,1520,1520,316,0,4
46,R,1520,1520,317,0,2
46,R,1520,1520,318,0,4
46,R,1520,1520,319,0,3
46,R,1520,1520,320,0,3
46,R,1520,1520,321,0,3
46,R,1520,1520,322,0,3
46,R,1520,1520,323,0,3
46,R,1520,1520,324,0,4
46,R,1520,1520,325,0,3
46,R,1520,1520,326,0,3
46,R,1520,1520,327,0,3
46,R,1520,1520,328,0,3
46,R,1520,1520,329,0,4
46,R,1520,1520,330,0,3
46,R,1520,1520,331,0,3
46,R,1520,1520,332,0,3
46,R,1520,1520,333,0,3
46,R,1520,1520,334,0,4
46,R,1520,1520,335,0,3
46,R,1520,1520,336,0,3
46,R,1520,1520,337,0,3
46,R,1520,1520,338,0,3
46,R,1520,1520,339,0,4
46,R,1520,1520,340,0,3
46,R,1520,1520,341,0,3
46,R,1520,1520,342,0,3
46,R,1520,1520,343,0,3
46,R,1520,1520,344,0,4
46,R,1520,1520,345,0,3
46,R,1520,1520,346,0,3
46,R,1520,1520,347,0,3
46,R,1520,1520,348,0,3
46,R,1520,1520,349,0,4
46,R,1520,1520,350,0,3
46,R,1520,1520,351,0,3
46,R,1520,1520,352,0,3
46,R,1520,1520,353,0,3
46,R,1520,1520,354,0,4
46,R,1520,1520,355,0,3
46,R,1520,1520,356,0,3
46,R,1520,1520,357,0,3
46,R,1520,1520,358,0,3
46,R,1520,1520,359,0,4
46,R,1520,1520,360,0,3
46,R,1520,1520,361,0,3
46,R,1520,1520,362,0,3
46,R,1520,1520,363,0,3
46,R,1520,1520,364,0,4
46,R,1520,1520,365,0,3
46,R,1520,1520,366,0,3
46,R,1520,1520,367,0,3
46,R,1520,1520,368,0,3
46,R,1520,1520,369,0,4
46,R,1520,1520,370,0,3
46,R,1520,1520,371,0,3
46,R,1520,1520,372,0,3
46,R,1520,1520,373,0,3
46,R,1520,1520,374,0,4
46,R,1520,1520,375,0,3
46,R,1520,1520,376,0,3
46,R,1520,1520,377,0,3
46,R,1520,1520,378,0,3
46,R,1520,1520,379,0,4
46,R,1520,1520,380,0,3
46,R,1520,1520,381,0,3
46,R,1520,1520,382,0,3
46,R,1520,1520,383,0,4
46,R,1520,1520,384,0,3
46,R,1520,1520,385,0,3
46,R,1520,1520,386,0,3
46,R,1520,1520,387,0,3
46,R,1520,1520,388,0,4
46,R,1520,1520,389,0,3
46,R,1520,1520,390,0,3
46,R,1520,1520,391,0,4
46,R,1520,1520,392,0,2
46,R,1520,1520,393,0,4
46,R,1520,1520,394,0,3
46,R,1520,1520,395,0,4
46,R,1520,1520,396,0,3
46,R,1520,1520,397,0,3
46,R,1520,1520,398,0,3
46,R,1520,1520,399,0,3
46,R,1520,1520,400,0,4
46,R,1520,1520,401,0,3
46,R,1520,1520,402,0,3
46,R,1520,1520,403,0,3
46,R,1520,1520,404,0,3
46,R,1520,1520,405,0,3
46,R,1520,1520,406,0,3
46,R,1520,1520,407,0,3
46,R,1520,1520,408,0,3
46,R,1520,1520,409,0,2
46,R,1520,1520,410,0,3
46,R,1520,1520,411,0,3
46,R,1520,1520,412,0,2
46,R,1520,1520,413,0,2
46,R,1520,1520,414,0,3
46,R,1520,1520,415,0,2
46,R,1520,1520,416,0,3
46,R,1520,1520,417,0,2
46,R,1520,1520,418,0,2
46,R,1520,1520,419,0,2
46,R,1520,1520,420,0,2
46,R,1520,1520,421,0,3
46,R,1520,1520,422,0,1
46,R,1520,1520,423,0,2
46,R,1520,1520,424,0,2
46,R,1520,1520,425,0,2
46,R,1520,1520,426,0,2
46,R,1520,1520,427,0,1
46,R,1520,1520,428,0,2
46,R,1520,1520,429,0,2
46,R,1520,1520,430,0,1
46,R,1520,1520,431,0,2
46,R,1520,1520,432,0,1
46,R,1520,1520,433,0,2
46,R,1520,1520,434,0,1
46,R,1520,1520,435,0,1
46,R,1520,1520,436,0,2
46,R,1520,1520,437,0,1
46,R,1520,1520,438,0,1
46,R,1520,1520,439,0,1
46,R,1520,1520,440,0,1
46,R,1520,1520,441,0,1
46,R,1520,1520,442,0,1
46,R,1520,1520,443,0,0
46,R,1520,1520,444,0,1
46,R,1520,1520,445,0,1
46,R,1520,1520,446,0,1
46,R,1520,1520,447,0,0
46,R,1520,1520,448,0,1
46,R,1520,1520,449,0,0
46,R,1520,1520,450,0,2
46,R,1520,1520,451,0,0
46,R,1520,1520,452,0,1
46,R,1520,1520,453,0,0
46,R,1520,1520,454,0,0
46,R,1520,1520,455,0,0
46,R,1520,1520,456,0,0
46,R,1520,1520,457,0,0
46,R,1520,1520,458,0,0
46,R,1520,1520,459,0,1
46,R,1520,1520,460,0,0
46,R,1520,1520,461,0,0
46,R,1520,1520,462,0,0
46,R,1520,1520,463,0,0
46,R,1520,1520,464,0,0
46,R,1520,1520,465,0,0
46,R,1520,1520,466,0,0
46,R,1520,1520,467,0,0
46,R,1520,1520,468,0,0
46,R,1520,1520,469,0,0
46,R,1520,1520,470,0,0
46,R,1520,1520,471,0,0
46,R,1520,1520,472,0,0
46,R,1520,1520,473,0,0
46,R,1520,1520,474,0,0
46,R,1520,1520,475,0,0
46,R,1520,1520,476,0,0
46,R,1520,1520,477,0,0
46,R,1520,1520,478,0,0
46,R,1520,1520,479,0,0
46,R,1520,1520,480,0,0
46,R,1520,1520,481,0,0
46,R,1520,1520,482,0,0
46,R,1520,1520,483,0,0
46,R,1520,1520,484,0,0
46,R,1520,1520,485,0,0
46,R,1520,1520,486,0,0
46,R,1520,1520,487,0,0
46,R,1520,1520,488,0,0
46,R,1520,1520,489,0,0
46,R,1520,1520,490,0,0
46,R,1520,1520,491,0,0
46,R,1520,1520,492,0,0
46,R,1520,1520,493,0,0
46,R,1520,1520,494,0,0
46,R,1520,1520,495,0,0
46,R,1520,1520,496,0,0
46,R,1520,1520,497,0,0
46,R,1520,1520,498,0,0
46,R,1520,1520,499,0,0
47,R,1800,1420,0,0,0
47,R,1800,1420,1,0,0
47,R,1800,1420,2,0,0
47,R,1800,1420,3,0,2
47,R,1800,1420,4,0,1
47,R,1800,1420,5,0,3
47,R,1800,1420,6,0,2
47,R,1800,1420,7,0,3
47,R,1800,1420,8,0,3
47,R,1800,1420,9,0,4
47,R,1800,1420,10,0,4
47,R,1800,1420,11,0,4
47,R,1800,1420,12,0,4
47,R,1800,1420,13,0,5
47,R,1800,1420,14,0,4
47,R,1800,1420,15,0,5
47,R,1800,1420,16,0,6
47,R,1800,1420,17,0,5
47,R,1800,1420,18,0,5
47,R,1800,1420,19,0,7
47,R,1800,1420,20,0,5
47,R,1800,1420,21,0,7
47,R,1800,1420,22,0,5
47,R,1800,1420,23,0,7
47,R,1800,1420,24,0,7
47,R,1800,1420,25,0,6
47,R,1800,1420,26,0,7
47,R,1800,1420,27,0,7
47,R,1800,1420,28,0,7
47,R,1800,1420,29,0,7
47,R,1800,1420,30,0,7
47,R,1800,1420,31,0,8
47,R,1800,1420,32,0,7
47,R,1800,1420,33,0,8
47,R,1800,1420,34,0,7
47,R,1800,1420,35,0,7
47,R,1800,1420,36,0,8
47,R,1800,1420,37,0,8
47,R,1800,1420,38,0,8
47,R,1800,1420,39,0,8
47,R,1800,1420,40,0,8
47,R,1800,1420,41,0,8
47,R,1800,1420,42,0,8
47,R,1800,1420,43,0,8
47,R,1800,1420,44,0,9
47,R,1800,1420,45,0,8
47,R,1800,1420,46,0,9
47,R,1800,1420,47,0,8
47,R,1800,1420,48,0,9
47,R,1800,1420,49,0,8
47,R,1800,1420,50,0,8
47,R,1800,1420,51,0,9
47,R,1800,1420,52,0,8
47,R,1800,1420,53,0,9
47,R,1800,1420,54,0,9
47,R,1800,1420,55,0,9
47,R,1800,1420,56,0,8
47,R,1800,1420,57,0,9
47,R,1800,1420,58,0,9
47,R,1800,1420,59,0,9
47,R,1800,1420,60,0,9
47,R,1800,1420,61,0,9
47,R,1800,1420,62,0,9
47,R,1800,1420,63,0,9
47,R,1800,1420,64,0,9
47,R,1800,1420,65,0,9
47,R,1800,1420,66,0,9
47,R,1800,1420,67,0,9
47,R,1800,1420,68,0,9
47,R,1800,1420,69,0,9
47,R,1800,1420,70,0,10
47,R,1800,1420,71,0,9
47,R,1800,1420,72,0,9
47,R,1800,1420,73,0,9
47,R,1800,1420,74,0,10
47,R,1800,1420,75,0,9
47,R,1800,1420,76,0,9
47,R,1800,1420,77,0,10
47,R,1800,1420,78,0,9
47,R,1800,1420,79,0,9
47,R,1800,1420,80,0,10
47,R,1800,1420,81,0,9
47,R,1800,1420,82,0,9
47,R,1800,1420,83,0,10
47,R,1800,1420,84,0,9
47,R,1800,1420,85,0,10
47,R,1800,1420,86,0,9
47,R,1800,1420,87,0,9
47,R,1800,1420,88,0,10
47,R,1800,1420,89,0,9
47,R,1800,1420,90,0,9
47,R,1800,1420,91,0,11
47,R,1800,1420,92,0,9
47,R,1800,1420,93,0,9
47,R,1800,1420,94,0,10
47,R,1800,1420,95,0,9
47,R,1800,1420,96,0,10
47,R,1800,1420,97,0,9
47,R,1800,1420,98,0,10
47,R,1800,1420,99,0,10
47,R,1800,1420,100,0,9
47,R,1800,1420,101,0,10
47,R,1800,1420,102,0,10
47,R,1800,1420,103,0,9
47,R,1800,1420,104,0,10
47,R,1800,1420,105,0,9
47,R,1800,1420,106,0,11
47,R,1800,1420,107,0,9
47,R,1800,1420,108,0,10
47,R,1800,1420,109,0,9
47,R,1800,1420,110,0,10
47,R,1800,1420,111,0,10
47,R,1800,1420,112,0,9
47,R,1800,1420,113,0,10
47,R,1800,1420,114,0,10
47,R,1800,1420,115,0,10
47,R,1800,1420,116,0,9
47,R,1800,1420,117,0,10
47,R,1800,1420,118,0,10
47,R,1800,1420,119,0,10
47,R,1800,1420,120,0,10
47,R,1800,1420,121,0,9
47,R,1800,1420,122,0,10
47,R,1800,1420,123,0,10
47,R,1800,1420,124,0,10
47,R,1800,1420,125,0,10
47,R,1800,1420,126,0,10
47,R,1800,1420,127,0,9
47,R,1800,1420,128,0,10
47,R,1800,1420,129,0,10
47,R,1800,1420,130,0,9
47,R,1800,1420,131,0,11
47,R,1800,1420,132,0,9
47,R,1800,1420,133,0,11
47,R,1800,1420,134,0,9
47,R,1800,1420,135,0,10
47,R,1800,1420,136,0,10
47,R,1800,1420,137,0,10
47,R,1800,1420,138,0,9
47,R,1800,1420,139,0,11
47,R,1800,1420,140,0,9
47,R,1800,1420,141,0,10
47,R,1800,1420,142,0,10
47,R,1800,1420,143,0,10
47,R,1800,1420,144,0,10
47,R,1800,1420,145,0,10
47,R,1800,1420,146,0,10
47,R,1800,1420,147,0,9
47,R,1800,1420,148,0,11
47,R,1800,1420,149,0,9
47,R,1800,1420,150,0,11
47,R,1800,1420,151,0,9
47,R,1800,1420,152,0,10
47,R,1800,1420,153,0,10
47,R,1800,1420,154,0,10
47,R,1800,1420,155,0,10
47,R,1800,1420,156,0,10
47,R,1800,1420,157,0,10
47,R,1800,1420,158,0,10
47,R,1800,1420,159,0,10
47,R,1800,1420,160,0,10
47,R,1800,1420,161,0,10
47,R,1800,1420,162,0,10
47,R,1800,1420,163,0,10
47,R,1800,1420,164,0,10
47,R,1800,1420,165,0,10
47,R,1800,1420,166,0,10
47,R,1800,1420,167,0,9
47,R,1800,1420,168,0,11
47,R,1800,1420,169,0,9
47,R,1800,1420,170,0,11
47,R,1800,1420,171,0,9
47,R,1800,1420,172,0,11
47,R,1800,1420,173,0,9
47,R,1800,1420,174,0,11
47,R,1800,1420,175,0,9
47,R,1800,1420,176,0,10
47,R,1800,1420,177,0,10
47,R,1800,1420,178,0,11
47,R,1800,1420,179,0,9
47,R,1800,1420,180,0,10
47,R,1800,1420,181,0,10
47,R,1800,1420,182,0,11
47,R,1800,1420,183,0,9
47,R,1800,1420,184,0,11
47,R,1800,1420,185,0,9
47,R,1800,1420,186,0,11
47,R,1800,1420,187,0,9
47,R,1800,1420,188,0,11
47,R,1800,1420,189,0,9
47,R,1800,1420,190,0,11
47,R,1800,1420,191,0,9
47,R,1800,1420,192,0,11
47,R,1800,1420,193,0,9
47,R,1800,1420,194,0,11
47,R,1800,1420,195,0,9
47,R,1800,1420,196,0,11
47,R,1800,1420,197,0,9
47,R,1800,1420,198,0,11
47,R,1800,1420,199,0,9
47,R,1800,1420,200,0,11
47,R,1800,1420,201,0,9
47,R,1800,1420,202,0,11
47,R,1800,1420,203,0,9
47,R,1800,1420,204,0,10
47,R,1800,1420,205,0,10
47,R,1800,1420,206,0,9
47,R,1800,1420,207,0,10
47,R,1800,1420,208,0,9
47,R,1800,1420,209,0,9
47,R,1800,1420,210,0,10
47,R,1800,1420,211,0,9
47,R,1800,1420,212,0,9
47,R,1800,1420,213,0,9
47,R,1800,1420,214,0,10
47,R,1800,1420,215,0,8
47,R,1800,1420,216,0,9
47,R,1800,1420,217,0,9
47,R,1800,1420,218,0,9
47,R,1800,1420,219,0,8
47,R,1800,1420,220,0,9
47,R,1800,1420,221,0,8
47,R,1800,1420,222,0,8
47,R,1800,1420,223,0,9
47,R,1800,1420,224,0,8
47,R,1800,1420,225,0,8
47,R,1800,1420,226,0,8
47,R,1800,1420,227,0,8
47,R,1800,1420,228,0,8
47,R,1800,1420,229,0,8
47,R,1800,1420,230,0,8
47,R,1800,1420,231,0,8
47,R,1800,1420,232,0,8
47,R,1800,1420,233,0,7
47,R,1800,1420,234,0,8
47,R,1800,1420,235,0,8
47,R,1800,1420,236,0,7
47,R,1800,1420,237,0,8
47,R,1800,1420,238,0,7
47,R,1800,1420,239,0,7
47,R,1800,1420,240,0,7
47,R,1800,1420,241,0,8
47,R,1800,1420,242,0,7
47,R,1800,1420,243,0,7
47,R,1800,1420,244,0,7
47,R,1800,1420,245,0,7
47,R,1800,1420,246,0,7
47,R,1800,1420,247,0,6
47,R,1800,1420,248,0,7
47,R,1800,1420,249,0,7
47,R,1800,1420,250,0,6
47,R,1800,1420,251,0,7
47,R,1800,1420,252,0,7
47,R,1800,1420,253,0,6
47,R,1800,1420,254,0,7
47,R,1800,1420,255,0,6
47,R,1800,1420,256,0,6
47,R,1800,1420,257,0,7
47,R,1800,1420,258,0,6
47,R,1800,1420,259,0,6
47,R,1800,1420,260,0,6
47,R,1800,1420,261,0,6
47,R,1800,1420,262,0,6
47,R,1800,1420,263,0,6
47,R,1800,1420,264,0,6
47,R,1800,1420,265,0,6
47,R,1800,1420,266,0,5
47,R,1800,1420,267,0,6
47,R,1800,1420,268,0,6
47,R,1800,1420,269,0,5
47,R,1800,1420,270,0,6
47,R,1800,1420,271,0,6
47,R,1800,1420,272,0,5
47,R,1800,1420,273,0,6
47,R,1800,1420,274,0,5
47,R,1800,1420,275,0,6
47,R,1800,1420,276,0,5
47,R,1800,1420,277,0,5
47,R,1800,1420,278,0,6
47,R,1800,1420,279,0,5
47,R,1800,1420,280,0,5
47,R,1800,1420,281,0,4
47,R,1800,1420,282,0,6
47,R,1800,1420,283,0,5
47,R,1800,1420,284,0,5
47,R,1800,1420,285,0,4
47,R,1800,1420,286,0,6
47,R,1800,1420,287,0,5
47,R,1800,1420,288,0,4
47,R,1800,1420,289,0,5
47,R,1800,1420,290,0,4
47,R,1800,1420,291,0,5
47,R,1800,1420,292,0,5
47,R,1800,1420,293,0,5
47,R,1800,1420,294,0,4
47,R,1800,1420,295,0,5
47,R,1800,1420,296,0,4
47,R,1800,1420,297,0,4
47,R,1800,1420,298,0,5
47,R,1800,1420,299,0,4
47,R,1800,1420,300,0,5
47,R,1800,1420,301,0,4
47,R,1800,1420,302,0,4
47,R,1800,1420,303,0,5
47,R,1800,1420,304,0,4
47,R,1800,1420,305,0,4
47,R,1800,1420,306,0,4
47,R,1800,1420,307,0,4
47,R,1800,1420,308,0,4
47,R,1800,1420,309,0,4
47,R,1800,1420,310,0,4
47,R,1800,1420,311,0,4
47,R,1800,1420,312,0,4
47,R,1800,1420,313,0,4
47,R,1800,1420,314,0,4
47,R,1800,1420,315,0,4
47,R,1800,1420,316,0,4
47,R,1800,1420,317,0,3
47,R,1800,1420,318,0,4
47,R,1800,1420,319,0,4
47,R,1800,1420,320,0,3
47,R,1800,1420,321,0,3
47,R,1800,1420,322,0,4
47,R,1800,1420,323,0,4
47,R,1800,1420,324,0,3
47,R,1800,1420,325,0,4
47,R,1800,1420,326,0,4
47,R,1800,1420,327,0,3
47,R,1800,1420,328,0,4
47,R,1800,1420,329,0,3
47,R,1800,1420,330,0,3
47,R,1800,1420,331,0,3
47,R,1800,1420,332,0,4
47,R,1800,1420,333,0,3
47,R,1800,1420,334,0,4
47,R,1800,1420,335,0,3
47,R,1800,1420,336,0,3
47,R,1800,1420,337,0,3
47,R,1800,1420,338,0,4
47,R,1800,1420,339,0,3
47,R,1800,1420,340,0,3
47,R,1800,1420,341,0,3
47,R,1800,1420,342,0,3
47,R,1800,1420,343,0,3
47,R,1800,1420,344,0,3
47,R,1800,1420,345,0,3
47,R,1800,1420,346,0,3
47,R,1800,1420,347,0,3
47,R,1800,1420,348,0,3
47,R,1800,1420,349,0,3
47,R,1800,1420,350,0,3
47,R,1800,1420,351,0,3
47,R,1800,1420,352,0,2
47,R,1800,1420,353,0,3
47,R,1800,1420,354,0,4
47,R,1800,1420,355,0,2
47,R,1800,1420,356,0,3
47,R,1800,1420,357,0,3
47,R,1800,1420,358,0,3
47,R,1800,1420,359,0,2
47,R,1800,1420,360,0,3
47,R,1800,1420,361,0,3
47,R,1800,1420,362,0,2
47,R,1800,1420,363,0,3
47,R,1800,1420,364,0,3
47,R,1800,1420,365,0,2
47,R,1800,1420,366,0,3
47,R,1800,1420,367,0,2
47,R,1800,1420,368,0,3
47,R,1800,1420,369,0,3
47,R,1800,1420,370,0,2
47,R,1800,1420,371,0,2
47,R,1800,1420,372,0,3
47,R,1800,1420,373,0,2
47,R,1800,1420,374,0,3
47,R,1800,1420,375,0,3
47,R,1800,1420,376,0,2
47,R,1800,1420,377,0,2
47,R,1800,1420,378,0,2
47,R,1800,1420,379,0,3
47,R,1800,1420,380,0,2
47,R,1800,1420,381,0,3
47,R,1800,1420,382,0,2
47,R,1800,1420,383,0,2
47,R,1800,1420,384,0,3
47,R,1800,1420,385,0,2
47,R,1800,1420,386,0,2
47,R,1800,1420,387,0,3
47,R,1800,1420,388,0,2
47,R,1800,1420,389,0,2
47,R,1800,1420,390,0,2
47,R,1800,1420,391,0,3
47,R,1800,1420,392,0,1
47,R,1800,1420,393,0,3
47,R,1800,1420,394,0,2
47,R,1800,1420,395,0,2
47,R,1800,1420,396,0,2
47,R,1800,1420,397,0,2
47,R,1800,1420,398,0,3
47,R,1800,1420,399,0,1
47,R,1800,1420,400,0,3
47,R,1800,1420,401,0,2
47,R,1800,1420,402,0,2
47,R,1800,1420,403,0,2
47,R,1800,1420,404,0,2
47,R,1800,1420,405,0,1
47,R,1800,1420,406,0,2
47,R,1800,1420,407,0,2
47,R,1800,1420,408,0,2
47,R,1800,1420,409,0,2
47,R,1800,1420,410,0,1
47,R,1800,1420,411,0,2
47,R,1800,1420,412,0,1
47,R,1800,1420,413,0,1
47,R,1800,1420,414,0,2
47,R,1800,1420,415,0,1
47,R,1800,1420,416,0,1
47,R,1800,1420,417,0,2
47,R,1800,1420,418,0,1
47,R,1800,1420,419,0,1
47,R,1800,1420,420,0,1
47,R,1800,1420,421,0,1
47,R,1800,1420,422,0,1
47,R,1800,1420,423,0,1
47,R,1800,1420,424,0,0
47,R,1800,1420,425,0,2
47,R,1800,1420,426,0,0
47,R,1800,1420,427,0,1
47,R,1800,1420,428,0,0
47,R,1800,1420,429,0,1
47,R,1800,1420,430,0,1
47,R,1800,1420,431,0,1
47,R,1800,1420,432,0,0
47,R,1800,1420,433,0,1
47,R,1800,1420,434,0,0
47,R,1800,1420,435,0,0
47,R,1800,1420,436,0,0
47,R,1800,1420,437,0,0
47,R,1800,1420,438,0,0
47,R,1800,1420,439,0,0
47,R,1800,1420,440,0,0
47,R,1800,1420,441,0,0
47,R,1800,1420,442,0,0
47,R,1800,1420,443,0,0
47,R,1800,1420,444,0,0
47,R,1800,1420,445,0,0
47,R,1800,1420,446,0,0
47,R,1800,1420,447,0,0
47,R,1800,1420,448,0,0
47,R,1800,1420,449,0,0
47,R,1800,1420,450,0,0
47,R,1800,1420,451,0,0
47,R,1800,1420,452,0,0
47,R,1800,1420,453,0,0
47,R,1800,1420,454,0,0
47,R,1800,1420,455,0,0
47,R,1800,1420,456,0,0
47,R,1800,1420,457,0,0
47,R,1800,1420,458,0,0
47,R,1800,1420,459,0,0
47,R,1800,1420,460,0,0
47,R,1800,1420,461,0,0
47,R,1800,1420,462,0,0
47,R,1800,1420,463,0,0
47,R,1800,1420,464,0,0
47,R,1800,1420,465,0,0
47,R,1800,1420,466,0,0
47,R,1800,1420,467,0,0
47,R,1800,1420,468,0,0
47,R,1800,1420,469,0,0
47,R,1800,1420,470,0,0
47,R,1800,1420,471,0,0
47,R,1800,1420,472,0,0
47,R,1800,1420,473,0,0
47,R,1800,1420,474,0,0
47,R,1800,1420,475,0,0
47,R,1800,1420,476,0,0
47,R,1800,1420,477,0,0
47,R,1800,1420,478,0,0
47,R,1800,1420,479,0,0
47,R,1800,1420,480,0,0
47,R,1800,1420,481,0,0
47,R,1800,1420,482,0,0
47,R,1800,1420,483,0,0
47,R,1800,1420,484,0,0
47,R,1800,1420,485,0,0
47,R,1800,1420,486,0,0
47,R,1800,1420,487,0,0
47,R,1800,1420,488,0,0
47,R,1800,1420,489,0,0
47,R,1800,1420,490,0,0
47,R,1800,1420,491,0,0
47,R,1800,1420,492,0,0
47,R,1800,1420,493,0,0
47,R,1800,1420,494,0,0
47,R,1800,1420,495,0,0
47,R,1800,1420,496,0,0
47,R,1800,1420,497,0,0
47,R,1800,1420,498,0,0
47,R,1800,1420,499,0,0
48,R,1800,1440,0,0,0
48,R,1800,1440,1,0,1
48,R,1800,1440,2,0,0
48,R,1800,1440,3,0,2
48,R,1800,1440,4,0,1
48,R,1800,1440,5,0,3
48,R,1800,1440,6,0,2
48,R,1800,1440,7,0,3
48,R,1800,1440,8,0,4
48,R,1800,1440,9,0,3
48,R,1800,1440,10,0,4
48,R,1800,1440,11,0,4
48,R,1800,1440,12,0,5
48,R,1800,1440,13,0,4
48,R,1800,1440,14,0,5
48,R,1800,1440,15,0,5
48,R,1800,1440,16,0,6
48,R,1800,1440,17,0,5
48,R,1800,1440,18,0,6
48,R,1800,1440,19,0,5
48,R,1800,1440,20,0,7
48,R,1800,1440,21,0,6
48,R,1800,1440,22,0,6
48,R,1800,1440,23,0,6
48,R,1800,1440,24,0,7
48,R,1800,1440,25,0,7
48,R,1800,1440,26,0,7
48,R,1800,1440,27,0,7
48,R,1800,1440,28,0,7
48,R,1800,1440,29,0,7
48,R,1800,1440,30,0,7
48,R,1800,1440,31,0,7
48,R,1800,1440,32,0,8
48,R,1800,1440,33,0,7
48,R,1800,1440,34,0,8
48,R,1800,1440,35,0,8
48,R,1800,1440,36,0,8
48,R,1800,1440,37,0,8
48,R,1800,1440,38,0,8
48,R,1800,1440,39,0,8
48,R,1800,1440,40,0,8
48,R,1800,1440,41,0,8
48,R,1800,1440,42,0,8
48,R,1800,1440,43,0,8
48,R,1800,1440,44,0,8
48,R,1800,1440,45,0,9
48,R,1800,1440,46,0,8
48,R,1800,1440,47,0,8
48,R,1800,1440,48,0,9
48,R,1800,1440,49,0,9
48,R,1800,1440,50,0,9
48,R,1800,1440,51,0,8
48,R,1800,1440,52,0,8
48,R,1800,1440,53,0,9
48,R,1800,1440,54,0,9
48,R,1800,1440,55,0,9
48,R,1800,1440,56,0,9
48,R,1800,1440,57,0,9
48,R,1800,1440,58,0,8
48,R,1800,1440,59,0,10
48,R,1800,1440,60,0,9
48,R,1800,1440,61,0,9
48,R,1800,1440,62,0,8
48,R,1800,1440,63,0,10
48,R,1800,1440,64,0,9
48,R,1800,1440,65,0,9
48,R,1800,1440,66,0,9
48,R,1800,1440,67,0,9
48,R,1800,1440,68,0,9
48,R,1800,1440,69,0,9
48,R,1800,1440,70,0,10
48,R,1800,1440,71,0,9
48,R,1800,1440,72,0,9
48,R,1800,1440,73,0,10
48,R,1800,1440,74,0,9
48,R,1800,1440,75,0,9
48,R,1800,1440,76,0,10
48,R,1800,1440,77,0,9
48,R,1800,1440,78,0,9
48,R,1800,1440,79,0,10
48,R,1800,1440,80,0,9
48,R,1800,1440,81,0,10
48,R,1800,1440,82,0,10
48,R,1800,1440,83,0,9
48,R,1800,1440,84,0,9
48,R,1800,1440,85,0,10
48,R,1800,1440,86,0,9
48,R,1800,1440,87,0,10
48,R,1800,1440,88,0,9
48,R,1800,1440,89,0,10
48,R,1800,1440,90,0,10
48,R,1800,1440,91,0,9
48,R,1800,1440,92,0,10
48,R,1800,1440,93,0,9
48,R,1800,1440,94,0,10
48,R,1800,1440,95,0,10
48,R,1800,1440,96,0,9
48,R,1800,1440,97,0,10
48,R,1800,1440,98,0,10
48,R,1800,1440,99,0,10
48,R,1800,1440,100,0,9
48,R,1800,1440,101,0,10
48,R,1800,1440,102,0,10
48,R,1800,1440,103,0,9
48,R,1800,1440,104,0,10
48,R,1800,1440,105,0,10
48,R,1800,1440,106,0,10
48,R,1800,1440,107,0,9
48,R,1800,1440,108,0,10
48,R,1800,1440,109,0,10
48,R,1800,1440,110,0,10
48,R,1800,1440,111,0,10
48,R,1800,1440,112,0,9
48,R,1800,1440,113,0,10
48,R,1800,1440,114,0,10
48,R,1800,1440,115,0,10
48,R,1800,1440,116,0,10
48,R,1800,1440,117,0,10
48,R,1800,1440,118,0,9
48,R,1800,1440,119,0,11
48,R,1800,1440,120,0,9
48,R,1800,1440,121,0,10
48,R,1800,1440,122,0,10
48,R,1800,1440,123,0,10
48,R,1800,1440,124,0,10
48,R,1800,1440,125,0,9
48,R,1800,1440,126,0,11
48,R,1800,1440,127,0,9
48,R,1800,1440,128,0,11
48,R,1800,1440,129,0,9
48,R,1800,1440,130,0,10
48,R,1800,1440,131,0,10
48,R,1800,1440,132,0,10
48,R,1800,1440,133,0,10
48,R,1800,1440,134,0,10
48,R,1800,1440,135,0,10
48,R,1800,1440,136,0,10
48,R,1800,1440,137,0,10
48,R,1800,1440,138,0,10
48,R,1800,1440,139,0,9
48,R,1800,1440,140,0,11
48,R,1800,1440,141,0,9
48,R,1800,1440,142,0,11
48,R,1800,1440,143,0,9
48,R,1800,1440,144,0,11
48,R,1800,1440,145,0,9
48,R,1800,1440,146,0,11
48,R,1800,1440,147,0,9
48,R,1800,1440,148,0,11
48,R,1800,1440,149,0,9
48,R,1800,1440,150,0,11
48,R,1800,1440,151,0,9
48,R,1800,1440,152,0,11
48,R,1800,1440,153,0,9
48,R,1800,1440,154,0,11
48,R,1800,1440,155,0,10
48,R,1800,1440,156,0,10
48,R,1800,1440,157,0,10
48,R,1800,1440,158,0,10
48,R,1800,1440,159,0,10
48,R,1800,1440,160,0,10
48,R,1800,1440,161,0,10
48,R,1800,1440,162,0,10
48,R,1800,1440,163,0,10
48,R,1800,1440,164,0,10
48,R,1800,1440,165,0,10
48,R,1800,1440,166,0,10
48,R,1800,1440,167,0,10
48,R,1800,1440,168,0,10
48,R,1800,1440,169,0,10
48,R,1800,1440,170,0,11
48,R,1800,1440,171,0,9
48,R,1800,1440,172,0,11
48,R,1800,1440,173,0,9
48,R,1800,1440,174,0,11
48,R,1800,1440,175,0,9
48,R,1800,1440,176,0,11
48,R,1800,1440,177,0,10
48,R,1800,1440,178,0,10
48,R,1800,1440,179,0,10
48,R,1800,1440,180,0,10
48,R,1800,1440,181,0,10
48,R,1800,1440,182,0,10
48,R,1800,1440,183,0,11
48,R,1800,1440,184,0,9
48,R,1800,1440,185,0,11
48,R,1800,1440,186,0,9
48,R,1800,1440,187,0,11
48,R,1800,1440,188,0,10
48,R,1800,1440,189,0,10
48,R,1800,1440,190,0,10
48,R,1800,1440,191,0,10
48,R,1800,1440,192,0,10
48,R,1800,1440,193,0,11
48,R,1800,1440,194,0,9
48,R,1800,1440,195,0,11
48,R,1800,1440,196,0,9
48,R,1800,1440,197,0,11
48,R,1800,1440,198,0,10
48,R,1800,1440,199,0,10
48,R,1800,1440,200,0,10
48,R,1800,1440,201,0,10
48,R,1800,1440,202,0,10
48,R,1800,1440,203,0,10
48,R,1800,1440,204,0,10
48,R,1800,1440,205,0,10
48,R,1800,1440,206,0,9
48,R,1800,1440,207,0,11
48,R,1800,1440,208,0,9
48,R,1800,1440,209,0,10
48,R,1800,1440,210,0,9
48,R,1800,1440,211,0,9
48,R,1800,1440,212,0,10
48,R,1800,1440,213,0,9
48,R,1800,1440,214,0,9
48,R,1800,1440,215,0,9
48,R,1800,1440,216,0,9
48,R,1800,1440,217,0,9
48,R,1800,1440,218,0,9
48,R,1800,1440,219,0,8
48,R,1800,1440,220,0,10
48,R,1800,1440,221,0,8
48,R,1800,1440,222,0,9
48,R,1800,1440,223,0,8
48,R,1800,1440,224,0,8
48,R,1800,1440,225,0,9
48,R,1800,1440,226,0,8
48,R,1800,1440,227,0,8
48,R,1800,1440,228,0,9
48,R,1800,1440,229,0,8
48,R,1800,1440,230,0,8
48,R,1800,1440,231,0,8
48,R,1800,1440,232,0,8
48,R,1800,1440,233,0,8
48,R,1800,1440,234,0,7
48,R,1800,1440,235,0,8
48,R,1800,1440,236,0,8
48,R,1800,1440,237,0,8
48,R,1800,1440,238,0,7
48,R,1800,1440,239,0,8
48,R,1800,1440,240,0,7
48,R,1800,1440,241,0,8
48,R,1800,1440,242,0,7
48,R,1800,1440,243,0,7
48,R,1800,1440,244,0,8
48,R,1800,1440,245,0,7
48,R,1800,1440,246,0,7
48,R,1800,1440,247,0,6
48,R,1800,1440,248,0,7
48,R,1800,1440,249,0,8
48,R,1800,1440,250,0,7
48,R,1800,1440,251,0,6
48,R,1800,1440,252,0,7
48,R,1800,1440,253,0,7
48,R,1800,1440,254,0,6
48,R,1800,1440,255,0,7
48,R,1800,1440,256,0,7
48,R,1800,1440,257,0,6
48,R,1800,1440,258,0,7
48,R,1800,1440,259,0,5
48,R,1800,1440,260,0,7
48,R,1800,1440,261,0,6
48,R,1800,1440,262,0,6
48,R,1800,1440,263,0,7
48,R,1800,1440,264,0,6
48,R,1800,1440,265,0,6
48,R,1800,1440,266,0,6
48,R,1800,1440,267,0,6
48,R,1800,1440,268,0,6
48,R,1800,1440,269,0,6
48,R,1800,1440,270,0,6
48,R,1800,1440,271,0,6
48,R,1800,1440,272,0,5
48,R,1800,1440,273,0,6
48,R,1800,1440,274,0,6
48,R,1800,1440,275,0,5
48,R,1800,1440,276,0,6
48,R,1800,1440,277,0,5
48,R,1800,1440,278,0,6
48,R,1800,1440,279,0,6
48,R,1800,1440,280,0,5
48,R,1800,1440,281,0,5
48,R,1800,1440,282,0,6
48,R,1800,1440,283,0,5
48,R,1800,1440,284,0,5
48,R,1800,1440,285,0,5
48,R,1800,1440,286,0,5
48,R,1800,1440,287,0,5
48,R,1800,1440,288,0,6
48,R,1800,1440,289,0,5
48,R,1800,1440,290,0,4
48,R,1800,1440,291,0,5
48,R,1800,1440,292,0,6
48,R,1800,1440,293,0,5
48,R,1800,1440,294,0,4
48,R,1800,1440,295,0,5
48,R,1800,1440,296,0,5
48,R,1800,1440,297,0,5
48,R,1800,1440,298,0,4
48,R,1800,1440,299,0,5
48,R,1800,1440,300,0,4
48,R,1800,1440,301,0,5
48,R,1800,1440,302,0,4
48,R,1800,1440,303,0,5
48,R,1800,1440,304,0,5
48,R,1800,1440,305,0,5
48,R,1800,1440,306,0,4
48,R,1800,1440,307,0,4
48,R,1800,1440,308,0,4
48,R,1800,1440,309,0,4
48,R,1800,1440,310,0,5
48,R,1800,1440,311,0,4
48,R,1800,1440,312,0,4
48,R,1800,1440,313,0,4
48,R,1800,1440,314,0,4
48,R,1800,1440,315,0,5
48,R,1800,1440,316,0,4
48,R,1800,1440,317,0,4
48,R,1800,1440,318,0,4
48,R,1800,1440,319,0,4
48,R,1800,1440,320,0,4
48,R,1800,1440,321,0,4
48,R,1800,1440,322,0,4
48,R,1800,1440,323,0,4
48,R,1800,1440,324,0,4
48,R,1800,1440,325,0,3
48,R,1800,1440,326,0,4
48,R,1800,1440,327,0,4
48,R,1800,1440,328,0,4
48,R,1800,1440,329,0,4
48,R,1800,1440,330,0,3
48,R,1800,1440,331,0,4
48,R,1800,1440,332,0,4
48,R,1800,1440,333,0,4
48,R,1800,1440,334,0,3
48,R,1800,1440,335,0,4
48,R,1800,1440,336,0,3
48,R,1800,1440,337,0,4
48,R,1800,1440,338,0,3
48,R,1800,1440,339,0,4
48,R,1800,1440,340,0,3
48,R,1800,1440,341,0,4
48,R,1800,1440,342,0,3
48,R,1800,1440,343,0,4
48,R,1800,1440,344,0,3
48,R,1800,1440,345,0,3
48,R,1800,1440,346,0,4
48,R,1800,1440,347,0,3
48,R,1800,1440,348,0,4
48,R,1800,1440,349,0,3
48,R,1800,1440,350,0,2
48,R,1800,1440,351,0,4
48,R,1800,1440,352,0,3
48,R,1800,1440,353,0,4
48,R,1800,1440,354,0,3
48,R,1800,1440,355,0,2
48,R,1800,1440,356,0,4
48,R,1800,1440,357,0,3
48,R,1800,1440,358,0,3
48,R,1800,1440,359,0,3
48,R,1800,1440,360,0,3
48,R,1800,1440,361,0,3
48,R,1800,1440,362,0,3
48,R,1800,1440,363,0,3
48,R,1800,1440,364,0,3
48,R,1800,1440,365,0,3
48,R,1800,1440,366,0,3
48,R,1800,1440,367,0,3
48,R,1800,1440,368,0,3
48,R,1800,1440,369,0,3
48,R,1800,1440,370,0,3
48,R,1800,1440,371,0,2
48,R,1800,1440,372,0,3
48,R,1800,1440,373,0,3
48,R,1800,1440,374,0,3
48,R,1800,1440,375,0,3
48,R,1800,1440,376,0,3
48,R,1800,1440,377,0,2
48,R,1800,1440,378,0,3
48,R,1800,1440,379,0,3
48,R,1800,1440,380,0,2
48,R,1800,1440,381,0,3
48,R,1800,1440,382,0,3
48,R,1800,1440,383,0,3
48,R,1800,1440,384,0,2
48,R,1800,1440,385,0,3
48,R,1800,1440,386,0,2
48,R,1800,1440,387,0,2
48,R,1800,1440,388,0,3
48,R,1800,1440,389,0,2
48,R,1800,1440,390,0,3
48,R,1800,1440,391,0,3
48,R,1800,1440,392,0,2
48,R,1800,1440,393,0,3
48,R,1800,1440,394,0,2
48,R,1800,1440,395,0,2
48,R,1800,1440,396,0,3
48,R,1800,1440,397,0,2
48,R,1800,1440,398,0,3
48,R,1800,1440,399,0,3
48,R,1800,1440,400,0,2
48,R,1800,1440,401,0,2
48,R,1800,1440,402,0,2
48,R,1800,1440,403,0,3
48,R,1800,1440,404,0,2
48,R,1800,1440,405,0,2
48,R,1800,1440,406,0,2
48,R,1800,1440,407,0,2
48,R,1800,1440,408,0,2
48,R,1800,1440,409,0,2
48,R,1800,1440,410,0,2
48,R,1800,1440,411,0,2
48,R,1800,1440,412,0,1
48,R,1800,1440,413,0,2
48,R,1800,1440,414,0,2
48,R,1800,1440,415,0,1
48,R,1800,1440,416,0,2
48,R,1800,1440,417,0,1
48,R,1800,1440,418,0,2
48,R,1800,1440,419,0,1
48,R,1800,1440,420,0,1
48,R,1800,1440,421,0,2
48,R,1800,1440,422,0,1
48,R,1800,1440,423,0,1
48,R,1800,1440,424,0,1
48,R,1800,1440,425,0,1
48,R,1800,1440,426,0,1
48,R,1800,1440,427,0,1
48,R,1800,1440,428,0,1
48,R,1800,1440,429,0,1
48,R,1800,1440,430,0,1
48,R,1800,1440,431,0,0
48,R,1800,1440,432,0,1
48,R,1800,1440,433,0,0
48,R,1800,1440,434,0,1
48,R,1800,1440,435,0,0
48,R,1800,1440,436,0,1
48,R,1800,1440,437,0,0
48,R,1800,1440,438,0,1
48,R,1800,1440,439,0,0
48,R,1800,1440,440,0,0
48,R,1800,1440,441,0,0
48,R,1800,1440,442,0,0
48,R,1800,1440,443,0,0
48,R,1800,1440,444,0,0
48,R,1800,1440,445,0,0
48,R,1800,1440,446,0,0
48,R,1800,1440,447,0,0
48,R,1800,1440,448,0,0
48,R,1800,1440,449,0,0
48,R,1800,1440,450,0,0
48,R,1800,1440,451,0,0
48,R,1800,1440,452,0,0
48,R,1800,1440,453,0,0
48,R,1800,1440,454,0,0
48,R,1800,1440,455,0,0
48,R,1800,1440,456,0,0
48,R,1800,1440,457,0,0
48,R,1800,1440,458,0,0
48,R,1800,1440,459,0,0
48,R,1800,1440,460,0,0
48,R,1800,1440,461,0,0
48,R,1800,1440,462,0,0
48,R,1800,1440,463,0,0
48,R,1800,1440,464,0,0
48,R,1800,1440,465,0,0
48,R,1800,1440,466,0,0
48,R,1800,1440,467,0,0
48,R,1800,1440,468,0,0
48,R,1800,1440,469,0,0
48,R,1800,1440,470,0,0
48,R,1800,1440,471,0,0
48,R,1800,1440,472,0,0
48,R,1800,1440,473,0,0
48,R,1800,1440,474,0,0
48,R,1800,1440,475,0,0
48,R,1800,1440,476,0,0
48,R,1800,1440,477,0,0
48,R,1800,1440,478,0,0
48,R,1800,1440,479,0,0
48,R,1800,1440,480,0,0
48,R,1800,1440,481,0,0
48,R,1800,1440,482,0,0
48,R,1800,1440,483,0,0
48,R,1800,1440,484,0,0
48,R,1800,1440,485,0,0
48,R,1800,1440,486,0,0
48,R,1800,1440,487,0,0
48,R,1800,1440,488,0,0
48,R,1800,1440,489,0,0
48,R,1800,1440,490,0,0
48,R,1800,1440,491,0,0
48,R,1800,1440,492,0,0
48,R,1800,1440,493,0,0
48,R,1800,1440,494,0,0
48,R,1800,1440,495,0,0
48,R,1800,1440,496,0,0
48,R,1800,1440,497,0,0
48,R,1800,1440,498,0,0
48,R,1800,1440,499,0,0
49,R,1800,1460,0,0,0
49,R,1800,1460,1,0,0
49,R,1800,1460,2,0,0
49,R,1800,1460,3,0,1
49,R,1800,1460,4,0,1
49,R,1800,1460,5,0,2
49,R,1800,1460,6,0,2
49,R,1800,1460,7,0,3
49,R,1800,1460,8,0,3
49,R,1800,1460,9,0,3
49,R,1800,1460,10,0,4
49,R,1800,1460,11,0,3
49,R,1800,1460,12,0,5
49,R,1800,1460,13,0,4
49,R,1800,1460,14,0,5
49,R,1800,1460,15,0,4
49,R,1800,1460,16,0,5
49,R,1800,1460,17,0,6
49,R,1800,1460,18,0,5
49,R,1800,1460,19,0,6
49,R,1800,1460,20,0,6
49,R,1800,1460,21,0,6
49,R,1800,1460,22,0,6
49,R,1800,1460,23,0,7
49,R,1800,1460,24,0,6
49,R,1800,1460,25,0,7
49,R,1800,1460,26,0,7
49,R,1800,1460,27,0,6
49,R,1800,1460,28,0,7
49,R,1800,1460,29,0,8
49,R,1800,1460,30,0,7
49,R,1800,1460,31,0,7
49,R,1800,1460,32,0,7
49,R,1800,1460,33,0,8
49,R,1800,1460,34,0,7
49,R,1800,1460,35,0,8
49,R,1800,1460,36,0,8
49,R,1800,1460,37,0,8
49,R,1800,1460,38,0,8
49,R,1800,1460,39,0,8
49,R,1800,1460,40,0,8
49,R,1800,1460,41,0,8
49,R,1800,1460,42,0,8
49,R,1800,1460,43,0,8
49,R,1800,1460,44,0,9
49,R,1800,1460,45,0,8
49,R,1800,1460,46,0,8
49,R,1800,1460,47,0,9
49,R,1800,1460,48,0,9
49,R,1800,1460,49,0,8
49,R,1800,1460,50,0,9
49,R,1800,1460,51,0,8
49,R,1800,1460,52,0,9
49,R,1800,1460,53,0,9
49,R,1800,1460,54,0,9
49,R,1800,1460,55,0,9
49,R,1800,1460,56,0,9
49,R,1800,1460,57,0,8
49,R,1800,1460,58,0,10
49,R,1800,1460,59,0,9
49,R,1800,1460,60,0,9
49,R,1800,1460,61,0,9
49,R,1800,1460,62,0,9
49,R,1800,1460,63,0,9
49,R,1800,1460,64,0,9
49,R,1800,1460,65,0,10
49,R,1800,1460,66,0,9
49,R,1800,1460,67,0,9
49,R,1800,1460,68,0,9
49,R,1800,1460,69,0,10
49,R,1800,1460,70,0,9
49,R,1800,1460,71,0,10
49,R,1800,1460,72,0,9
49,R,1800,1460,73,0,9
49,R,1800,1460,74,0,10
49,R,1800,1460,75,0,9
49,R,1800,1460,76,0,9
49,R,1800,1460,77,0,10
49,R,1800,1460,78,0,9
49,R,1800,1460,79,0,10
49,R,1800,1460,80,0,10
49,R,1800,1460,81,0,9
49,R,1800,1460,82,0,10
49,R,1800,1460,83,0,9
49,R,1800,1460,84,0,10
49,R,1800,1460,85,0,10
49,R,1800,1460,86,0,9
49,R,1800,1460,87,0,10
49,R,1800,1460,88,0,9
49,R,1800,1460,89,0,10
49,R,1800,1460,90,0,10
49,R,1800,1460,91,0,9
49,R,1800,1460,92,0,11
49,R,1800,1460,93,0,9
49,R,1800,1460,94,0,10
49,R,1800,1460,95,0,10
49,R,1800,1460,96,0,10
49,R,1800,1460,97,0,9
49,R,1800,1460,98,0,10
49,R,1800,1460,99,0,10
49,R,1800,1460,100,0,9
49,R,1800,1460,101,0,11
49,R,1800,1460,102,0,9
49,R,1800,1460,103,0,10
49,R,1800,1460,104,0,10
49,R,1800,1460,105,0,10
49,R,1800,1460,106,0,10
49,R,1800,1460,107,0,10
49,R,1800,1460,108,0,10
49,R,1800,1460,109,0,10
49,R,1800,1460,110,0,9
49,R,1800,1460,111,0,11
49,R,1800,1460,112,0,9
49,R,1800,1460,113,0,10
49,R,1800,1460,114,0,10
49,R,1800,1460,115,0,10
49,R,1800,1460,116,0,10
49,R,1800,1460,117,0,10
49,R,1800,1460,118,0,10
49,R,1800,1460,119,0,10
49,R,1800,1460,120,0,10
49,R,1800,1460,121,0,10
49,R,1800,1460,122,0,10
49,R,1800,1460,123,0,10
49,R,1800,1460,124,0,10
49,R,1800,1460,125,0,11
49,R,1800,1460,126,0,9
49,R,1800,1460,127,0,11
49,R,1800,1460,128,0,9
49,R,1800,1460,129,0,11
49,R,1800,1460,130,0,9
49,R,1800,1460,131,0,11
49,R,1800,1460,132,0,10
49,R,1800,1460,133,0,10
49,R,1800,1460,134,0,10
49,R,1800,1460,135,0,10
49,R,1800,1460,136,0,10
49,R,1800,1460,137,0,10
49,R,1800,1460,138,0,10
49,R,1800,1460,139,0,11
49,R,1800,1460,140,0,9
49,R,1800,1460,141,0,11
49,R,1800,1460,142,0,9
49,R,1800,1460,143,0,11
49,R,1800,1460,144,0,10
49,R,1800,1460,145,0,10
49,R,1800,1460,146,0,10
49,R,1800,1460,147,0,10
49,R,1800,1460,148,0,11
49,R,1800,1460,149,0,9
49,R,1800,1460,150,0,11
49,R,1800,1460,151,0,10
49,R,1800,1460,152,0,10
49,R,1800,1460,153,0,10
49,R,1800,1460,154,0,11
49,R,1800,1460,155,0,9
49,R,1800,1460,156,0,11
49,R,1800,1460,157,0,10
49,R,1800,1460,158,0,10
49,R,1800,1460,159,0,10
49,R,1800,1460,160,0,10
49,R,1800,1460,161,0,11
49,R,1800,1460,162,0,10
49,R,1800,1460,163,0,10
49,R,1800,1460,164,0,10
49,R,1800,1460,165,0,11
49,R,1800,1460,166,0,9
49,R,1800,1460,167,0,11
49,R,1800,1460,168,0,10
49,R,1800,1460,169,0,10
49,R,1800,1460,170,0,10
49,R,1800,1460,171,0,10
49,R,1800,1460,172,0,11
49,R,1800,1460,173,0,10
49,R,1800,1460,174,0,10
49,R,1800,1460,175,0,10
49,R,1800,1460,176,0,11
49,R,1800,1460,177,0,9
49,R,1800,1460,178,0,11
49,R,1800,1460,179,0,10
49,R,1800,1460,180,0,10
49,R,1800,1460,181,0,10
49,R,1800,1460,182,0,10
49,R,1800,1460,183,0,11
49,R,1800,1460,184,0,10
49,R,1800,1460,185,0,10
49,R,1800,1460,186,0,10
49,R,1800,1460,187,0,10
49,R,1800,1460,188,0,10
49,R,1800,1460,189,0,11
49,R,1800,1460,190,0,10
49,R,1800,1460,191,0,10
49,R,1800,1460,192,0,10
49,R,1800,1460,193,0,10
49,R,1800,1460,194,0,11
49,R,1800,1460,195,0,10
49,R,1800,1460,196,0,10
49,R,1800,1460,197,0,10
49,R,1800,1460,198,0,11
49,R,1800,1460,199,0,9
49,R,1800,1460,200,0,11
49,R,1800,1460,201,0,10
49,R,1800,1460,202,0,10
49,R,1800,1460,203,0,10
49,R,1800,1460,204,0,10
49,R,1800,1460,205,0,10
49,R,1800,1460,206,0,10
49,R,1800,1460,207,0,9
49,R,1800,1460,208,0,10
49,R,1800,1460,209,0,10
49,R,1800,1460,210,0,10
49,R,1800,1460,211,0,9
49,R,1800,1460,212,0,9
49,R,1800,1460,213,0,10
49,R,1800,1460,214,0,9
49,R,1800,1460,215,0,9
49,R,1800,1460,216,0,9
49,R,1800,1460,217,0,10
49,R,1800,1460,218,0,8
49,R,1800,1460,219,0,9
49,R,1800,1460,220,0,9
49,R,1800,1460,221,0,9
49,R,1800,1460,222,0,9
49,R,1800,1460,223,0,8
49,R,1800,1460,224,0,9
49,R,1800,1460,225,0,8
49,R,1800,1460,226,0,9
49,R,1800,1460,227,0,8
49,R,1800,1460,228,0,9
49,R,1800,1460,229,0,8
49,R,1800,1460,230,0,8
49,R,1800,1460,231,0,8
49,R,1800,1460,232,0,9
49,R,1800,1460,233,0,7
49,R,1800,1460,234,0,8
49,R,1800,1460,235,0,8
49,R,1800,1460,236,0,8
49,R,1800,1460,237,0,8
49,R,1800,1460,238,0,8
49,R,1800,1460,239,0,7
49,R,1800,1460,240,0,8
49,R,1800,1460,241,0,7
49,R,1800,1460,242,0,8
49,R,1800,1460,243,0,7
49,R,1800,1460,244,0,8
49,R,1800,1460,245,0,7
49,R,1800,1460,246,0,8
49,R,1800,1460,247,0,6
49,R,1800,1460,248,0,8
49,R,1800,1460,249,0,7
49,R,1800,1460,250,0,7
49,R,1800,1460,251,0,7
49,R,1800,1460,252,0,7
49,R,1800,1460,253,0,7
49,R,1800,1460,254,0,7
49,R,1800,1460,255,0,7
49,R,1800,1460,256,0,6
49,R,1800,1460,257,0,7
49,R,1800,1460,258,0,7
49,R,1800,1460,259,0,6
49,R,1800,1460,260,0,7
49,R,1800,1460,261,0,6
49,R,1800,1460,262,0,7
49,R,1800,1460,263,0,7
49,R,1800,1460,264,0,6
49,R,1800,1460,265,0,6
49,R,1800,1460,266,0,6
49,R,1800,1460,267,0,7
49,R,1800,1460,268,0,6
49,R,1800,1460,269,0,6
49,R,1800,1460,270,0,6
49,R,1800,1460,271,0,6
49,R,1800,1460,272,0,6
49,R,1800,1460,273,0,6
49,R,1800,1460,274,0,6
49,R,1800,1460,275,0,6
49,R,1800,1460,276,0,6
49,R,1800,1460,277,0,6
49,R,1800,1460,278,0,5
49,R,1800,1460,279,0,6
49,R,1800,1460,280,0,6
49,R,1800,1460,281,0,6
49,R,1800,1460,282,0,5
49,R,1800,1460,283,0,5
49,R,1800,1460,284,0,6
49,R,1800,1460,285,0,6
49,R,1800,1460,286,0,5
49,R,1800,1460,287,0,6
49,R,1800,1460,288,0,5
49,R,1800,1460,289,0,5
49,R,1800,1460,290,0,6
49,R,1800,1460,291,0,5
49,R,1800,1460,292,0,5
49,R,1800,1460,293,0,5
49,R,1800,1460,294,0,5
49,R,1800,1460,295,0,5
49,R,1800,1460,296,0,5
49,R,1800,1460,297,0,6
49,R,1800,1460,298,0,4
49,R,1800,1460,299,0,5
49,R,1800,1460,300,0,5
49,R,1800,1460,301,0,5
49,R,1800,1460,302,0,5
49,R,1800,1460,303,0,5
49,R,1800,1460,304,0,4
49,R,1800,1460,305,0,5
49,R,1800,1460,306,0,5
49,R,1800,1460,307,0,5
49,R,1800,1460,308,0,4
49,R,1800,1460,309,0,5
49,R,1800,1460,310,0,4
49,R,1800,1460,311,0,5
49,R,1800,1460,312,0,5
49,R,1800,1460,313,0,4
49,R,1800,1460,314,0,5
49,R,1800,1460,315,0,4
49,R,1800,1460,316,0,4
49,R,1800,1460,317,0,5
49,R,1800,1460,318,0,4
49,R,1800,1460,319,0,4
49,R,1800,1460,320,0,4
49,R,1800,1460,321,0,5
49,R,1800,1460,322,0,4
49,R,1800,1460,323,0,4
49,R,1800,1460,324,0,5
49,R,1800,1460,325,0,4
49,R,1800,1460,326,0,4
49,R,1800,1460,327,0,4
49,R,1800,1460,328,0,4
49,R,1800,1460,329,0,4
49,R,1800,1460,330,0,4
49,R,1800,1460,331,0,4
49,R,1800,1460,332,0,4
49,R,1800,1460,333,0,4
49,R,1800,1460,334,0,4
49,R,1800,1460,335,0,3
49,R,1800,1460,336,0,4
49,R,1800,1460,337,0,4
49,R,1800,1460,338,0,3
49,R,1800,1460,339,0,4
49,R,1800,1460,340,0,4
49,R,1800,1460,341,0,4
49,R,1800,1460,342,0,3
49,R,1800,1460,343,0,4
49,R,1800,1460,344,0,4
49,R,1800,1460,345,0,4
49,R,1800,1460,346,0,3
49,R,1800,1460,347,0,4
49,R,1800,1460,348,0,3
49,R,1800,1460,349,0,3
49,R,1800,1460,350,0,4
49,R,1800,1460,351,0,3
49,R,1800,1460,352,0,4
49,R,1800,1460,353,0,4
49,R,1800,1460,354,0,3
49,R,1800,1460,355,0,4
49,R,1800,1460,356,0,2
49,R,1800,1460,357,0,4
49,R,1800,1460,358,0,3
49,R,1800,1460,359,0,4
49,R,1800,1460,360,0,3
49,R,1800,1460,361,0,3
49,R,1800,1460,362,0,3
49,R,1800,1460,363,0,3
49,R,1800,1460,364,0,4
49,R,1800,1460,365,0,3
49,R,1800,1460,366,0,3
49,R,1800,1460,367,0,3
49,R,1800,1460,368,0,3
49,R,1800,1460,369,0,4
49,R,1800,1460,370,0,3
49,R,1800,1460,371,0,2
49,R,1800,1460,372,0,4
49,R,1800,1460,373,0,3
49,R,1800,1460,374,0,3
49,R,1800,1460,375,0,3
49,R,1800,1460,376,0,3
49,R,1800,1460,377,0,3
49,R,1800,1460,378,0,3
49,R,1800,1460,379,0,3
49,R,1800,1460,380,0,3
49,R,1800,1460,381,0,3
49,R,1800,1460,382,0,3
49,R,1800,1460,383,0,2
49,R,1800,1460,384,0,3
49,R,1800,1460,385,0,3
49,R,1800,1460,386,0,3
49,R,1800,1460,387,0,3
49,R,1800,1460,388,0,3
49,R,1800,1460,389,0,3
49,R,1800,1460,390,0,2
49,R,1800,1460,391,0,3
49,R,1800,1460,392,0,3
49,R,1800,1460,393,0,2
49,R,1800,1460,394,0,3
49,R,1800,1460,395,0,3
49,R,1800,1460,396,0,2
49,R,1800,1460,397,0,3
49,R,1800,1460,398,0,4
49,R,1800,1460,399,0,2
49,R,1800,1460,400,0,2
49,R,1800,1460,401,0,4
49,R,1800,1460,402,0,2
49,R,1800,1460,403,0,2
49,R,1800,1460,404,0,3
49,R,1800,1460,405,0,2
49,R,1800,1460,406,0,3
49,R,1800,1460,407,0,2
49,R,1800,1460,408,0,2
49,R,1800,1460,409,0,3
49,R,1800,1460,410,0,1
49,R,1800,1460,411,0,3
49,R,1800,1460,412,0,1
49,R,1800,1460,413,0,3
49,R,1800,1460,414,0,1
49,R,1800,1460,415,0,3
49,R,1800,1460,416,0,1
49,R,1800,1460,417,0,2
49,R,1800,1460,418,0,2
49,R,1800,1460,419,0,1
49,R,1800,1460,420,0,2
49,R,1800,1460,421,0,1
49,R,1800,1460,422,0,2
49,R,1800,1460,423,0,1
49,R,1800,1460,424,0,1
49,R,1800,1460,425,0,2
49,R,1800,1460,426,0,1
49,R,1800,1460,427,0,1
49,R,1800,1460,428,0,1
49,R,1800,1460,429,0,2
49,R,1800,1460,430,0,1
49,R,1800,1460,431,0,0
49,R,1800,1460,432,0,1
49,R,1800,1460,433,0,1
49,R,1800,1460,434,0,1
49,R,1800,1460,435,0,1
49,R,1800,1460,436,0,1
49,R,1800,1460,437,0,0
49,R,1800,1460,438,0,1
49,R,1800,1460,439,0,1
49,R,1800,1460,440,0,0
49,R,1800,1460,441,0,1
49,R,1800,1460,442,0,0
49,R,1800,1460,443,0,0
49,R,1800,1460,444,0,0
49,R,1800,1460,445,0,0
49,R,1800,1460,446,0,0
49,R,1800,1460,447,0,0
49,R,1800,1460,448,0,0
49,R,1800,1460,449,0,0
49,R,1800,1460,450,0,0
49,R,1800,1460,451,0,0
49,R,1800,1460,452,0,0
49,R,1800,1460,453,0,0
49,R,1800,1460,454,0,0
49,R,1800,1460,455,0,0
49,R,1800,1460,456,0,0
49,R,1800,1460,457,0,0
49,R,1800,1460,458,0,0
49,R,1800,1460,459,0,0
49,R,1800,1460,460,0,0
49,R,1800,1460,461,0,0
49,R,1800,1460,462,0,0
49,R,1800,1460,463,0,0
49,R,1800,1460,464,0,0
49,R,1800,1460,465,0,0
49,R,1800,1460,466,0,0
49,R,1800,1460,467,0,0
49,R,1800,1460,468,0,0
49,R,1800,1460,469,0,0
49,R,1800,1460,470,0,0
49,R,1800,1460,471,0,0
49,R,1800,1460,472,0,0
49,R,1800,1460,473,0,0
49,R,1800,1460,474,0,0
49,R,1800,1460,475,0,0
49,R,1800,1460,476,0,0
49,R,1800,1460,477,0,0
49,R,1800,1460,478,0,0
49,R,1800,1460,479,0,0
49,R,1800,1460,480,0,0
49,R,1800,1460,481,0,0
49,R,1800,1460,482,0,0
49,R,1800,1460,483,0,0
49,R,1800,1460,484,0,0
49,R,1800,1460,485,0,0
49,R,1800,1460,486,0,0
49,R,1800,1460,487,0,0
49,R,1800,1460,488,0,0
49,R,1800,1460,489,0,0
49,R,1800,1460,490,0,0
49,R,1800,1460,491,0,0
49,R,1800,1460,492,0,0
49,R,1800,1460,493,0,0
49,R,1800,1460,494,0,0
49,R,1800,1460,495,0,0
49,R,1800,1460,496,0,0
49,R,1800,1460,497,0,0
49,R,1800,1460,498,0,0
49,R,1800,1460,499,0,0
50,R,1800,1480,0,0,0
50,R,1800,1480,1,0,0
50,R,1800,1480,2,0,1
50,R,1800,1480,3,0,1
50,R,1800,1480,4,0,2
50,R,1800,1480,5,0,1
50,R,1800,1480,6,0,3
50,R,1800,1480,7,0,3
50,R,1800,1480,8,0,2
50,R,1800,1480,9,0,4
50,R,1800,1480,10,0,4
50,R,1800,1480,11,0,4
50,R,1800,1480,12,0,4
50,R,1800,1480,13,0,4
50,R,1800,1480,14,0,5
50,R,1800,1480,15,0,6
50,R,1800,1480,16,0,4
50,R,1800,1480,17,0,6
50,R,1800,1480,18,0,6
50,R,1800,1480,19,0,5
50,R,1800,1480,20,0,7
50,R,1800,1480,21,0,5
50,R,1800,1480,22,0,7
50,R,1800,1480,23,0,7
50,R,1800,1480,24,0,6
50,R,1800,1480,25,0,7
50,R,1800,1480,26,0,7
50,R,1800,1480,27,0,6
50,R,1800,1480,28,0,7
50,R,1800,1480,29,0,8
50,R,1800,1480,30,0,7
50,R,1800,1480,31,0,8
50,R,1800,1480,32,0,7
50,R,1800,1480,33,0,7
50,R,1800,1480,34,0,8
50,R,1800,1480,35,0,8
50,R,1800,1480,36,0,8
50,R,1800,1480,37,0,8
50,R,1800,1480,38,0,8
50,R,1800,1480,39,0,8
50,R,1800,1480,40,0,8
50,R,1800,1480,41,0,8
50,R,1800,1480,42,0,8
50,R,1800,1480,43,0,8
50,R,1800,1480,44,0,9
50,R,1800,1480,45,0,9
50,R,1800,1480,46,0,8
50,R,1800,1480,47,0,9
50,R,1800,1480,48,0,8
50,R,1800,1480,49,0,9
50,R,1800,1480,50,0,8
50,R,1800,1480,51,0,9
50,R,1800,1480,52,0,9
50,R,1800,1480,53,0,9
50,R,1800,1480,54,0,9
50,R,1800,1480,55,0,8
50,R,1800,1480,56,0,10
50,R,1800,1480,57,0,9
50,R,1800,1480,58,0,9
50,R,1800,1480,59,0,8
50,R,1800,1480,60,0,10
50,R,1800,1480,61,0,9
50,R,1800,1480,62,0,9
50,R,1800,1480,63,0,9
50,R,1800,1480,64,0,10
50,R,1800,1480,65,0,8
50,R,1800,1480,66,0,10
50,R,1800,1480,67,0,9
50,R,1800,1480,68,0,9
50,R,1800,1480,69,0,10
50,R,1800,1480,70,0,9
50,R,1800,1480,71,0,9
50,R,1800,1480,72,0,10
50,R,1800,1480,73,0,10
50,R,1800,1480,74,0,9
50,R,1800,1480,75,0,10
50,R,1800,1480,76,0,9
50,R,1800,1480,77,0,9
50,R,1800,1480,78,0,10
50,R,1800,1480,79,0,10
50,R,1800,1480,80,0,9
50,R,1800,1480,81,0,10
50,R,1800,1480,82,0,9
50,R,1800,1480,83,0,10
50,R,1800,1480,84,0,10
50,R,1800,1480,85,0,10
50,R,1800,1480,86,0,9
50,R,1800,1480,87,0,10
50,R,1800,1480,88,0,10
50,R,1800,1480,89,0,9
50,R,1800,1480,90,0,11
50,R,1800,1480,91,0,9
50,R,1800,1480,92,0,10
50,R,1800,1480,93,0,10
50,R,1800,1480,94,0,10
50,R,1800,1480,95,0,9
50,R,1800,1480,96,0,10
50,R,1800,1480,97,0,10
50,R,1800,1480,98,0,10
50,R,1800,1480,99,0,10
50,R,1800,1480,100,0,10
50,R,1800,1480,101,0,10
50,R,1800,1480,102,0,9
50,R,1800,1480,103,0,11
50,R,1800,1480,104,0,9
50,R,1800,1480,105,0,11
50,R,1800,1480,106,0,9
50,R,1800,1480,107,0,11
50,R,1800,1480,108,0,9
50,R,1800,1480,109,0,11
50,R,1800,1480,110,0,9
50,R,1800,1480,111,0,11
50,R,1800,1480,112,0,9
50,R,1800,1480,113,0,10
50,R,1800,1480,114,0,10
50,R,1800,1480,115,0,10
50,R,1800,1480,116,0,10
50,R,1800,1480,117,0,11
50,R,1800,1480,118,0,9
50,R,1800,1480,119,0,11
50,R,1800,1480,120,0,9
50,R,1800,1480,121,0,11
50,R,1800,1480,122,0,9
50,R,1800,1480,123,0,11
50,R,1800,1480,124,0,9
50,R,1800,1480,125,0,11
50,R,1800,1480,126,0,10
50,R,1800,1480,127,0,10
50,R,1800,1480,128,0,10
50,R,1800,1480,129,0,10
50,R,1800,1480,130,0,11
50,R,1800,1480,131,0,9
50,R,1800,1480,132,0,11
50,R,1800,1480,133,0,9
50,R,1800,1480,134,0,11
50,R,1800,1480,135,0,10
50,R,1800,1480,136,0,10
50,R,1800,1480,137,0,10
50,R,1800,1480,138,0,11
50,R,1800,1480,139,0,9
50,R,1800,1480,140,0,11
50,R,1800,1480,141,0,9
50,R,1800,1480,142,0,11
50,R,1800,1480,143,0,10
50,R,1800,1480,144,0,10
50,R,1800,1480,145,0,10
50,R,1800,1480,146,0,10
50,R,1800,1480,147,0,11
50,R,1800,1480,148,0,9
50,R,1800,1480,149,0,11
50,R,1800,1480,150,0,10
50,R,1800,1480,151,0,10
50,R,1800,1480,152,0,10
50,R,1800,1480,153,0,10
50,R,1800,1480,154,0,10
50,R,1800,1480,155,0,11
50,R,1800,1480,156,0,9
50,R,1800,1480,157,0,11
50,R,1800,1480,158,0,10
50,R,1800,1480,159,0,10
50,R,1800,1480,160,0,10
50,R,1800,1480,161,0,10
50,R,1800,1480,162,0,11
50,R,1800,1480,163,0,10
50,R,1800,1480,164,0,10
50,R,1800,1480,165,0,10
50,R,1800,1480,166,0,11
50,R,1800,1480,167,0,9
50,R,1800,1480,168,0,11
50,R,1800,1480,169,0,10
50,R,1800,1480,170,0,10
50,R,1800,1480,171,0,10
50,R,1800,1480,172,0,10
50,R,1800,1480,173,0,11
50,R,1800,1480,174,0,10
50,R,1800,1480,175,0,10
50,R,1800,1480,176,0,10
50,R,1800,1480,177,0,11
50,R,1800,1480,178,0,9
50,R,1800,1480,179,0,11
50,R,1800,1480,180,0,10
50,R,1800,1480,181,0,10
50,R,1800,1480,182,0,10
50,R,1800,1480,183,0,10
50,R,1800,1480,184,0,11
50,R,1800,1480,185,0,10
50,R,1800,1480,186,0,10
50,R,1800,1480,187,0,10
50,R,1800,1480,188,0,11
50,R,1800,1480,189,0,9
50,R,1800,1480,190,0,11
50,R,1800,1480,191,0,10
50,R,1800,1480,192,0,10
50,R,1800,1480,193,0,10
50,R,1800,1480,194,0,10
50,R,1800,1480,195,0,11
50,R,1800,1480,196,0,10
50,R,1800,1480,197,0,10
50,R,1800,1480,198,0,10
50,R,1800,1480,199,0,11
50,R,1800,1480,200,0,10
50,R,1800,1480,201,0,10
50,R,1800,1480,202,0,10
50,R,1800,1480,203,0,10
50,R,1800,1480,204,0,10
50,R,1800,1480,205,0,10
50,R,1800,1480,206,0,10
50,R,1800,1480,207,0,10
50,R,1800,1480,208,0,9
50,R,1800,1480,209,0,10
50,R,1800,1480,210,0,10
50,R,1800,1480,211,0,9
50,R,1800,1480,212,0,10
50,R,1800,1480,213,0,9
50,R,1800,1480,214,0,9
50,R,1800,1480,215,0,10
50,R,1800,1480,216,0,8
50,R,1800,1480,217,0,9
50,R,1800,1480,218,0,10
50,R,1800,1480,219,0,9
50,R,1800,1480,220,0,8
50,R,1800,1480,221,0,9
50,R,1800,1480,222,0,9
50,R,1800,1480,223,0,9
50,R,1800,1480,224,0,9
50,R,1800,1480,225,0,8
50,R,1800,1480,226,0,9
50,R,1800,1480,227,0,8
50,R,1800,1480,228,0,8
50,R,1800,1480,229,0,9
50,R,1800,1480,230,0,8
50,R,1800,1480,231,0,9
50,R,1800,1480,232,0,8
50,R,1800,1480,233,0,8
50,R,1800,1480,234,0,8
50,R,1800,1480,235,0,8
50,R,1800,1480,236,0,8
50,R,1800,1480,237,0,8
50,R,1800,1480,238,0,8
50,R,1800,1480,239,0,7
50,R,1800,1480,240,0,8
50,R,1800,1480,241,0,8
50,R,1800,1480,242,0,7
50,R,1800,1480,243,0,8
50,R,1800,1480,244,0,7
50,R,1800,1480,245,0,8
50,R,1800,1480,246,0,7
50,R,1800,1480,247,0,8
50,R,1800,1480,248,0,6
50,R,1800,1480,249,0,8
50,R,1800,1480,250,0,7
50,R,1800,1480,251,0,7
50,R,1800,1480,252,0,7
50,R,1800,1480,253,0,7
50,R,1800,1480,254,0,7
50,R,1800,1480,255,0,7
50,R,1800,1480,256,0,7
50,R,1800,1480,257,0,7
50,R,1800,1480,258,0,7
50,R,1800,1480,259,0,7
50,R,1800,1480,260,0,6
50,R,1800,1480,261,0,7
50,R,1800,1480,262,0,6
50,R,1800,1480,263,0,7
50,R,1800,1480,264,0,6
50,R,1800,1480,265,0,6
50,R,1800,1480,266,0,7
50,R,1800,1480,267,0,7
50,R,1800,1480,268,0,6
50,R,1800,1480,269,0,6
50,R,1800,1480,270,0,6
50,R,1800,1480,271,0,7
50,R,1800,1480,272,0,5
50,R,1800,1480,273,0,7
50,R,1800,1480,274,0,5
50,R,1800,1480,275,0,7
50,R,1800,1480,276,0,5
50,R,1800,1480,277,0,7
50,R,1800,1480,278,0,5
50,R,1800,1480,279,0,6
50,R,1800,1480,280,0,6
50,R,1800,1480,281,0,6
50,R,1800,1480,282,0,5
50,R,1800,1480,283,0,6
50,R,1800,1480,284,0,6
50,R,1800,1480,285,0,5
50,R,1800,1480,286,0,6
50,R,1800,1480,287,0,5
50,R,1800,1480,288,0,5
50,R,1800,1480,289,0,6
50,R,1800,1480,290,0,5
50,R,1800,1480,291,0,6
50,R,1800,1480,292,0,5
50,R,1800,1480,293,0,5
50,R,1800,1480,294,0,5
50,R,1800,1480,295,0,6
50,R,1800,1480,296,0,5
50,R,1800,1480,297,0,5
50,R,1800,1480,298,0,5
50,R,1800,1480,299,0,5
50,R,1800,1480,300,0,5
50,R,1800,1480,301,0,5
50,R,1800,1480,302,0,5
50,R,1800,1480,303,0,5
50,R,1800,1480,304,0,5
50,R,1800,1480,305,0,4
50,R,1800,1480,306,0,5
50,R,1800,1480,307,0,5
50,R,1800,1480,308,0,5
50,R,1800,1480,309,0,5
50,R,1800,1480,310,0,4
50,R,1800,1480,311,0,5
50,R,1800,1480,312,0,4
50,R,1800,1480,313,0,5
50,R,1800,1480,314,0,5
50,R,1800,1480,315,0,4
50,R,1800,1480,316,0,5
50,R,1800,1480,317,0,4
50,R,1800,1480,318,0,4
50,R,1800,1480,319,0,4
50,R,1800,1480,320,0,5
50,R,1800,1480,321,0,4
50,R,1800,1480,322,0,5
50,R,1800,1480,323,0,4
50,R,1800,1480,324,0,4
50,R,1800,1480,325,0,5
50,R,1800,1480,326,0,4
50,R,1800,1480,327,0,4
50,R,1800,1480,328,0,4
50,R,1800,1480,329,0,5
50,R,1800,1480,330,0,4
50,R,1800,1480,331,0,4
50,R,1800,1480,332,0,4
50,R,1800,1480,333,0,4
50,R,1800,1480,334,0,4
50,R,1800,1480,335,0,4
50,R,1800,1480,336,0,4
50,R,1800,1480,337,0,4
50,R,1800,1480,338,0,4
50,R,1800,1480,339,0,4
50,R,1800,1480,340,0,4
50,R,1800,1480,341,0,4
50,R,1800,1480,342,0,3
50,R,1800,1480,343,0,4
50,R,1800,1480,344,0,4
50,R,1800,1480,345,0,4
50,R,1800,1480,346,0,3
50,R,1800,1480,347,0,4
50,R,1800,1480,348,0,3
50,R,1800,1480,349,0,4
50,R,1800,1480,350,0,4
50,R,1800,1480,351,0,4
50,R,1800,1480,352,0,3
50,R,1800,1480,353,0,4
50,R,1800,1480,354,0,4
50,R,1800,1480,355,0,4
50,R,1800,1480,356,0,3
50,R,1800,1480,357,0,4
50,R,1800,1480,358,0,3
50,R,1800,1480,359,0,3
50,R,1800,1480,360,0,4
50,R,1800,1480,361,0,3
50,R,1800,1480,362,0,4
50,R,1800,1480,363,0,4
50,R,1800,1480,364,0,3
50,R,1800,1480,365,0,3
50,R,1800,1480,366,0,3
50,R,1800,1480,367,0,4
50,R,1800,1480,368,0,3
50,R,1800,1480,369,0,4
50,R,1800,1480,370,0,3
50,R,1800,1480,371,0,3
50,R,1800,1480,372,0,3
50,R,1800,1480,373,0,4
50,R,1800,1480,374,0,3
50,R,1800,1480,375,0,3
50,R,1800,1480,376,0,4
50,R,1800,1480,377,0,2
50,R,1800,1480,378,0,4
50,R,1800,1480,379,0,3
50,R,1800,1480,380,0,4
50,R,1800,1480,381,0,3
50,R,1800,1480,382,0,2
50,R,1800,1480,383,0,4
50,R,1800,1480,384,0,3
50,R,1800,1480,385,0,3
50,R,1800,1480,386,0,3
50,R,1800,1480,387,0,3
50,R,1800,1480,388,0,3
50,R,1800,1480,389,0,4
50,R,1800,1480,390,0,3
50,R,1800,1480,391,0,2
50,R,1800,1480,392,0,3
50,R,1800,1480,393,0,4
50,R,1800,1480,394,0,3
50,R,1800,1480,395,0,2
50,R,1800,1480,396,0,3
50,R,1800,1480,397,0,4
50,R,1800,1480,398,0,3
50,R,1800,1480,399,0,2
50,R,1800,1480,400,0,3
50,R,1800,1480,401,0,4
50,R,1800,1480,402,0,2
50,R,1800,1480,403,0,3
50,R,1800,1480,404,0,3
50,R,1800,1480,405,0,3
50,R,1800,1480,406,0,2
50,R,1800,1480,407,0,3
50,R,1800,1480,408,0,2
50,R,1800,1480,409,0,2
50,R,1800,1480,410,0,3
50,R,1800,1480,411,0,2
50,R,1800,1480,412,0,3
50,R,1800,1480,413,0,2
50,R,1800,1480,414,0,2
50,R,1800,1480,415,0,2
50,R,1800,1480,416,0,2
50,R,1800,1480,417,0,2
50,R,1800,1480,418,0,2
50,R,1800,1480,419,0,1
50,R,1800,1480,420,0,3
50,R,1800,1480,421,0,1
50,R,1800,1480,422,0,2
50,R,1800,1480,423,0,2
50,R,1800,1480,424,0,1
50,R,1800,1480,425,0,2
50,R,1800,1480,426,0,1
50,R,1800,1480,427,0,2
50,R,1800,1480,428,0,1
50,R,1800,1480,429,0,1
50,R,1800,1480,430,0,2
50,R,1800,1480,431,0,1
50,R,1800,1480,432,0,1
50,R,1800,1480,433,0,1
50,R,1800,1480,434,0,1
50,R,1800,1480,435,0,1
50,R,1800,1480,436,0,1
50,R,1800,1480,437,0,1
50,R,1800,1480,438,0,1
50,R,1800,1480,439,0,1
50,R,1800,1480,440,0,0
50,R,1800,1480,441,0,1
50,R,1800,1480,442,0,1
50,R,1800,1480,443,0,1
50,R,1800,1480,444,0,1
50,R,1800,1480,445,0,0
50,R,1800,1480,446,0,0
50,R,1800,1480,447,0,1
50,R,1800,1480,448,0,0
50,R,1800,1480,449,0,0
50,R,1800,1480,450,0,0
50,R,1800,1480,451,0,0
50,R,1800,1480,452,0,0
50,R,1800,1480,453,0,0
50,R,1800,1480,454,0,0
50,R,1800,1480,455,0,0
50,R,1800,1480,456,0,0
50,R,1800,1480,457,0,0
50,R,1800,1480,458,0,-1
50,R,1800,1480,459,0,0
50,R,1800,1480,460,0,0
50,R,1800,1480,461,0,0
50,R,1800,1480,462,0,0
50,R,1800,1480,463,0,0
50,R,1800,1480,464,0,0
50,R,1800,1480,465,0,0
50,R,1800,1480,466,0,-1
50,R,1800,1480,467,0,0
50,R,1800,1480,468,0,0
50,R,1800,1480,469,0,0
50,R,1800,1480,470,0,0
50,R,1800,1480,471,0,-1
50,R,1800,1480,472,0,0
50,R,1800,1480,473,0,0
50,R,1800,1480,474,0,0
50,R,1800,1480,475,0,1
50,R,1800,1480,476,0,0
50,R,1800,1480,477,0,0
50,R,1800,1480,478,0,0
50,R,1800,1480,479,0,0
50,R,1800,1480,480,0,0
50,R,1800,1480,481,0,0
50,R,1800,1480,482,0,0
50,R,1800,1480,483,0,0
50,R,1800,1480,484,0,0
50,R,1800,1480,485,0,0
50,R,1800,1480,486,0,0
50,R,1800,1480,487,0,0
50,R,1800,1480,488,0,0
50,R,1800,1480,489,0,0
50,R,1800,1480,490,0,0
50,R,1800,1480,491,0,0
50,R,1800,1480,492,0,0
50,R,1800,1480,493,0,0
50,R,1800,1480,494,0,0
50,R,1800,1480,495,0,0
50,R,1800,1480,496,0,0
50,R,1800,1480,497,0,0
50,R,1800,1480,498,0,0
50,R,1800,1480,499,0,0
51,R,1800,1500,0,0,0
51,R,1800,1500,1,0,0
51,R,1800,1500,2,0,0
51,R,1800,1500,3,0,1
51,R,1800,1500,4,0,1
51,R,1800,1500,5,0,2
51,R,1800,1500,6,0,2
51,R,1800,1500,7,0,3
51,R,1800,1500,8,0,3
51,R,1800,1500,9,0,3
51,R,1800,1500,10,0,3
51,R,1800,1500,11,0,4
51,R,1800,1500,12,0,5
51,R,1800,1500,13,0,4
51,R,1800,1500,14,0,5
51,R,1800,1500,15,0,5
51,R,1800,1500,16,0,5
51,R,1800,1500,17,0,6
51,R,1800,1500,18,0,5
51,R,1800,1500,19,0,6
51,R,1800,1500,20,0,6
51,R,1800,1500,21,0,6
51,R,1800,1500,22,0,6
51,R,1800,1500,23,0,7
51,R,1800,1500,24,0,6
51,R,1800,1500,25,0,7
51,R,1800,1500,26,0,7
51,R,1800,1500,27,0,7
51,R,1800,1500,28,0,7
51,R,1800,1500,29,0,7
51,R,1800,1500,30,0,7
51,R,1800,1500,31,0,8
51,R,1800,1500,32,0,7
51,R,1800,1500,33,0,7
51,R,1800,1500,34,0,8
51,R,1800,1500,35,0,8
51,R,1800,1500,36,0,8
51,R,1800,1500,37,0,8
51,R,1800,1500,38,0,8
51,R,1800,1500,39,0,8
51,R,1800,1500,40,0,8
51,R,1800,1500,41,0,8
51,R,1800,1500,42,0,8
51,R,1800,1500,43,0,8
51,R,1800,1500,44,0,9
51,R,1800,1500,45,0,9
51,R,1800,1500,46,0,8
51,R,1800,1500,47,0,9
51,R,1800,1500,48,0,8
51,R,1800,1500,49,0,9
51,R,1800,1500,50,0,8
51,R,1800,1500,51,0,10
51,R,1800,1500,52,0,8
51,R,1800,1500,53,0,9
51,R,1800,1500,54,0,9
51,R,1800,1500,55,0,9
51,R,1800,1500,56,0,9
51,R,1800,1500,57,0,9
51,R,1800,1500,58,0,9
51,R,1800,1500,59,0,9
51,R,1800,1500,60,0,9
51,R,1800,1500,61,0,9
51,R,1800,1500,62,0,9
51,R,1800,1500,63,0,10
51,R,1800,1500,64,0,9
51,R,1800,1500,65,0,9
51,R,1800,1500,66,0,9
51,R,1800,1500,67,0,10
51,R,1800,1500,68,0,9
51,R,1800,1500,69,0,9
51,R,1800,1500,70,0,10
51,R,1800,1500,71,0,9
51,R,1800,1500,72,0,10
51,R,1800,1500,73,0,9
51,R,1800,1500,74,0,9
51,R,1800,1500,75,0,10
51,R,1800,1500,76,0,9
51,R,1800,1500,77,0,10
51,R,1800,1500,78,0,10
51,R,1800,1500,79,0,9
51,R,1800,1500,80,0,10
51,R,1800,1500,81,0,9
51,R,1800,1500,82,0,10
51,R,1800,1500,83,0,10
51,R,1800,1500,84,0,9
51,R,1800,1500,85,0,10
51,R,1800,1500,86,0,9
51,R,1800,1500,87,0,10
51,R,1800,1500,88,0,10
51,R,1800,1500,89,0,10
51,R,1800,1500,90,0,10
51,R,1800,1500,91,0,9
51,R,1800,1500,92,0,10
51,R,1800,1500,93,0,10
51,R,1800,1500,94,0,10
51,R,1800,1500,95,0,9
51,R,1800,1500,96,0,10
51,R,1800,1500,97,0,10
51,R,1800,1500,98,0,10
51,R,1800,1500,99,0,10
51,R,1800,1500,100,0,9
51,R,1800,1500,101,0,11
51,R,1800,1500,102,0,9
51,R,1800,1500,103,0,10
51,R,1800,1500,104,0,10
51,R,1800,1500,105,0,10
51,R,1800,1500,106,0,10
51,R,1800,1500,107,0,10
51,R,1800,1500,108,0,10
51,R,1800,1500,109,0,10
51,R,1800,1500,110,0,9
51,R,1800,1500,111,0,11
51,R,1800,1500,112,0,9
51,R,1800,1500,113,0,10
51,R,1800,1500,114,0,10
51,R,1800,1500,115,0,10
51,R,1800,1500,116,0,10
51,R,1800,1500,117,0,10
51,R,1800,1500,118,0,10
51,R,1800,1500,119,0,10
51,R,1800,1500,120,0,10
51,R,1800,1500,121,0,10
51,R,1800,1500,122,0,10
51,R,1800,1500,123,0,10
51,R,1800,1500,124,0,10
51,R,1800,1500,125,0,10
51,R,1800,1500,126,0,10
51,R,1800,1500,127,0,10
51,R,1800,1500,128,0,10
51,R,1800,1500,129,0,10
51,R,1800,1500,130,0,10
51,R,1800,1500,131,0,10
51,R,1800,1500,132,0,10
51,R,1800,1500,133,0,10
51,R,1800,1500,134,0,10
51,R,1800,1500,135,0,11
51,R,1800,1500,136,0,9
51,R,1800,1500,137,0,11
51,R,1800,1500,138,0,10
51,R,1800,1500,139,0,10
51,R,1800,1500,140,0,10
51,R,1800,1500,141,0,10
51,R,1800,1500,142,0,10
51,R,1800,1500,143,0,10
51,R,1800,1500,144,0,10
51,R,1800,1500,145,0,10
51,R,1800,1500,146,0,10
51,R,1800,1500,147,0,11
51,R,1800,1500,148,0,9
51,R,1800,1500,149,0,11
51,R,1800,1500,150,0,9
51,R,1800,1500,151,0,11
51,R,1800,1500,152,0,10
51,R,1800,1500,153,0,10
51,R,1800,1500,154,0,10
51,R,1800,1500,155,0,10
51,R,1800,1500,156,0,11
51,R,1800,1500,157,0,9
51,R,1800,1500,158,0,11
51,R,1800,1500,159,0,10
51,R,1800,1500,160,0,10
51,R,1800,1500,161,0,10
51,R,1800,1500,162,0,10
51,R,1800,1500,163,0,10
51,R,1800,1500,164,0,11
51,R,1800,1500,165,0,9
51,R,1800,1500,166,0,11
51,R,1800,1500,167,0,10
51,R,1800,1500,168,0,10
51,R,1800,1500,169,0,11
51,R,1800,1500,170,0,9
51,R,1800,1500,171,0,11
51,R,1800,1500,172,0,10
51,R,1800,1500,173,0,10
51,R,1800,1500,174,0,10
51,R,1800,1500,175,0,11
51,R,1800,1500,176,0,9
51,R,1800,1500,177,0,11
51,R,1800,1500,178,0,10
51,R,1800,1500,179,0,10
51,R,1800,1500,180,0,10
51,R,1800,1500,181,0,10
51,R,1800,1500,182,0,11
51,R,1800,1500,183,0,10
51,R,1800,1500,184,0,10
51,R,1800,1500,185,0,10
51,R,1800,1500,186,0,11
51,R,1800,1500,187,0,9
51,R,1800,1500,188,0,11
51,R,1800,1500,189,0,10
51,R,1800,1500,190,0,10
51,R,1800,1500,191,0,11
51,R,1800,1500,192,0,10
51,R,1800,1500,193,0,10
51,R,1800,1500,194,0,10
51,R,1800,1500,195,0,11
51,R,1800,1500,196,0,10
51,R,1800,1500,197,0,10
51,R,1800,1500,198,0,10
51,R,1800,1500,199,0,10
51,R,1800,1500,200,0,11
51,R,1800,1500,201,0,10
51,R,1800,1500,202,0,10
51,R,1800,1500,203,0,10
51,R,1800,1500,204,0,10
51,R,1800,1500,205,0,10
51,R,1800,1500,206,0,10
51,R,1800,1500,207,0,10
51,R,1800,1500,208,0,10
51,R,1800,1500,209,0,9
51,R,1800,1500,210,0,10
51,R,1800,1500,211,0,9
51,R,1800,1500,212,0,10
51,R,1800,1500,213,0,9
51,R,1800,1500,214,0,9
51,R,1800,1500,215,0,9
51,R,1800,1500,216,0,10
51,R,1800,1500,217,0,9
51,R,1800,1500,218,0,9
51,R,1800,1500,219,0,9
51,R,1800,1500,220,0,9
51,R,1800,1500,221,0,9
51,R,1800,1500,222,0,9
51,R,1800,1500,223,0,8
51,R,1800,1500,224,0,9
51,R,1800,1500,225,0,8
51,R,1800,1500,226,0,9
51,R,1800,1500,227,0,9
51,R,1800,1500,228,0,8
51,R,1800,1500,229,0,9
51,R,1800,1500,230,0,8
51,R,1800,1500,231,0,8
51,R,1800,1500,232,0,8
51,R,1800,1500,233,0,8
51,R,1800,1500,234,0,8
51,R,1800,1500,235,0,8
51,R,1800,1500,236,0,8
51,R,1800,1500,237,0,8
51,R,1800,1500,238,0,8
51,R,1800,1500,239,0,8
51,R,1800,1500,240,0,8
51,R,1800,1500,241,0,8
51,R,1800,1500,242,0,7
51,R,1800,1500,243,0,8
51,R,1800,1500,244,0,7
51,R,1800,1500,245,0,7
51,R,1800,1500,246,0,8
51,R,1800,1500,247,0,7
51,R,1800,1500,248,0,8
51,R,1800,1500,249,0,7
51,R,1800,1500,250,0,7
51,R,1800,1500,251,0,7
51,R,1800,1500,252,0,7
51,R,1800,1500,253,0,8
51,R,1800,1500,254,0,6
51,R,1800,1500,255,0,7
51,R,1800,1500,256,0,7
51,R,1800,1500,257,0,7
51,R,1800,1500,258,0,6
51,R,1800,1500,259,0,7
51,R,1800,1500,260,0,7
51,R,1800,1500,261,0,6
51,R,1800,1500,262,0,7
51,R,1800,1500,263,0,7
51,R,1800,1500,264,0,6
51,R,1800,1500,265,0,7
51,R,1800,1500,266,0,6
51,R,1800,1500,267,0,6
51,R,1800,1500,268,0,7
51,R,1800,1500,269,0,6
51,R,1800,1500,270,0,7
51,R,1800,1500,271,0,6
51,R,1800,1500,272,0,6
51,R,1800,1500,273,0,6
51,R,1800,1500,274,0,6
51,R,1800,1500,275,0,6
51,R,1800,1500,276,0,6
51,R,1800,1500,277,0,6
51,R,1800,1500,278,0,6
51,R,1800,1500,279,0,5
51,R,1800,1500,280,0,7
51,R,1800,1500,281,0,5
51,R,1800,1500,282,0,6
51,R,1800,1500,283,0,6
51,R,1800,1500,284,0,6
51,R,1800,1500,285,0,5
51,R,1800,1500,286,0,5
51,R,1800,1500,287,0,6
51,R,1800,1500,288,0,6
51,R,1800,1500,289,0,5
51,R,1800,1500,290,0,6
51,R,1800,1500,291,0,5
51,R,1800,1500,292,0,6
51,R,1800,1500,293,0,5
51,R,1800,1500,294,0,5
51,R,1800,1500,295,0,5
51,R,1800,1500,296,0,6
51,R,1800,1500,297,0,5
51,R,1800,1500,298,0,5
51,R,1800,1500,299,0,5
51,R,1800,1500,300,0,5
51,R,1800,1500,301,0,5
51,R,1800,1500,302,0,5
51,R,1800,1500,303,0,5
51,R,1800,1500,304,0,5
51,R,1800,1500,305,0,5
51,R,1800,1500,306,0,5
51,R,1800,1500,307,0,5
51,R,1800,1500,308,0,5
51,R,1800,1500,309,0,5
51,R,1800,1500,310,0,4
51,R,1800,1500,311,0,5
51,R,1800,1500,312,0,5
51,R,1800,1500,313,0,5
51,R,1800,1500,314,0,4
51,R,1800,1500,315,0,5
51,R,1800,1500,316,0,4
51,R,1800,1500,317,0,5
51,R,1800,1500,318,0,5
51,R,1800,1500,319,0,5
51,R,1800,1500,320,0,4
51,R,1800,1500,321,0,4
51,R,1800,1500,322,0,5
51,R,1800,1500,323,0,4
51,R,1800,1500,324,0,5
51,R,1800,1500,325,0,4
51,R,1800,1500,326,0,5
51,R,1800,1500,327,0,4
51,R,1800,1500,328,0,5
51,R,1800,1500,329,0,4
51,R,1800,1500,330,0,4
51,R,1800,1500,331,0,4
51,R,1800,1500,332,0,5
51,R,1800,1500,333,0,4
51,R,1800,1500,334,0,4
51,R,1800,1500,335,0,4
51,R,1800,1500,336,0,4
51,R,1800,1500,337,0,4
51,R,1800,1500,338,0,5
51,R,1800,1500,339,0,4
51,R,1800,1500,340,0,4
51,R,1800,1500,341,0,4
51,R,1800,1500,342,0,4
51,R,1800,1500,343,0,4
51,R,1800,1500,344,0,4
51,R,1800,1500,345,0,4
51,R,1800,1500,346,0,4
51,R,1800,1500,347,0,4
51,R,1800,1500,348,0,4
51,R,1800,1500,349,0,4
51,R,1800,1500,350,0,4
51,R,1800,1500,351,0,4
51,R,1800,1500,352,0,4
51,R,1800,1500,353,0,3
51,R,1800,1500,354,0,4
51,R,1800,1500,355,0,4
51,R,1800,1500,356,0,4
51,R,1800,1500,357,0,4
51,R,1800,1500,358,0,4
51,R,1800,1500,359,0,4
51,R,1800,1500,360,0,3
51,R,1800,1500,361,0,4
51,R,1800,1500,362,0,4
51,R,1800,1500,363,0,4
51,R,1800,1500,364,0,4
51,R,1800,1500,365,0,3
51,R,1800,1500,366,0,4
51,R,1800,1500,367,0,4
51,R,1800,1500,368,0,3
51,R,1800,1500,369,0,4
51,R,1800,1500,370,0,3
51,R,1800,1500,371,0,4
51,R,1800,1500,372,0,4
51,R,1800,1500,373,0,3
51,R,1800,1500,374,0,4
51,R,1800,1500,375,0,4
51,R,1800,1500,376,0,3
51,R,1800,1500,377,0,4
51,R,1800,1500,378,0,3
51,R,1800,1500,379,0,4
51,R,1800,1500,380,0,3
51,R,1800,1500,381,0,4
51,R,1800,1500,382,0,3
51,R,1800,1500,383,0,4
51,R,1800,1500,384,0,4
51,R,1800,1500,385,0,3
51,R,1800,1500,386,0,4
51,R,1800,1500,387,0,3
51,R,1800,1500,388,0,3
51,R,1800,1500,389,0,4
51,R,1800,1500,390,0,3
51,R,1800,1500,391,0,4
51,R,1800,1500,392,0,3
51,R,1800,1500,393,0,4
51,R,1800,1500,394,0,3
51,R,1800,1500,395,0,3
51,R,1800,1500,396,0,4
51,R,1800,1500,397,0,3
51,R,1800,1500,398,0,4
51,R,1800,1500,399,0,3
51,R,1800,1500,400,0,3
51,R,1800,1500,401,0,3
51,R,1800,1500,402,0,4
51,R,1800,1500,403,0,3
51,R,1800,1500,404,0,3
51,R,1800,1500,405,0,3
51,R,1800,1500,406,0,3
51,R,1800,1500,407,0,3
51,R,1800,1500,408,0,3
51,R,1800,1500,409,0,3
51,R,1800,1500,410,0,3
51,R,1800,1500,411,0,3
51,R,1800,1500,412,0,3
51,R,1800,1500,413,0,2
51,R,1800,1500,414,0,3
51,R,1800,1500,415,0,2
51,R,1800,1500,416,0,2
51,R,1800,1500,417,0,3
51,R,1800,1500,418,0,2
51,R,1800,1500,419,0,3
51,R,1800,1500,420,0,1
51,R,1800,1500,421,0,3
51,R,1800,1500,422,0,2
51,R,1800,1500,423,0,2
51,R,1800,1500,424,0,2
51,R,1800,1500,425,0,2
51,R,1800,1500,426,0,1
51,R,1800,1500,427,0,3
51,R,1800,1500,428,0,1
51,R,1800,1500,429,0,2
51,R,1800,1500,430,0,2
51,R,1800,1500,431,0,2
51,R,1800,1500,432,0,1
51,R,1800,1500,433,0,1
51,R,1800,1500,434,0,2
51,R,1800,1500,435,0,1
51,R,1800,1500,436,0,1
51,R,1800,1500,437,0,2
51,R,1800,1500,438,0,1
51,R,1800,1500,439,0,1
51,R,1800,1500,440,0,1
51,R,1800,1500,441,0,2
51,R,1800,1500,442,0,0
51,R,1800,1500,443,0,1
51,R,1800,1500,444,0,2
51,R,1800,1500,445,0,0
51,R,1800,1500,446,0,1
51,R,1800,1500,447,0,1
51,R,1800,1500,448,0,0
51,R,1800,1500,449,0,1
51,R,1800,1500,450,0,1
51,R,1800,1500,451,0,1
51,R,1800,1500,452,0,0
51,R,1800,1500,453,0,1
51,R,1800,1500,454,0,0
51,R,1800,1500,455,0,0
51,R,1800,1500,456,0,1
51,R,1800,1500,457,0,0
51,R,1800,1500,458,0,1
51,R,1800,1500,459,0,0
51,R,1800,1500,460,0,0
51,R,1800,1500,461,0,0
51,R,1800,1500,462,0,0
51,R,1800,1500,463,0,0
51,R,1800,1500,464,0,0
51,R,1800,1500,465,0,0
51,R,1800,1500,466,0,0
51,R,1800,1500,467,0,-1
51,R,1800,1500,468,0,0
51,R,1800,1500,469,0,0
51,R,1800,1500,470,0,0
51,R,1800,1500,471,0,0
51,R,1800,1500,472,0,0
51,R,1800,1500,473,0,0
51,R,1800,1500,474,0,0
51,R,1800,1500,475,0,0
51,R,1800,1500,476,0,0
51,R,1800,1500,477,0,0
51,R,1800,1500,478,0,0
51,R,1800,1500,479,0,0
51,R,1800,1500,480,0,0
51,R,1800,1500,481,0,0
51,R,1800,1500,482,0,0
51,R,1800,1500,483,0,0
51,R,1800,1500,484,0,0
51,R,1800,1500,485,0,0
51,R,1800,1500,486,0,0
51,R,1800,1500,487,0,0
51,R,1800,1500,488,0,0
51,R,1800,1500,489,0,0
51,R,1800,1500,490,0,0
51,R,1800,1500,491,0,0
51,R,1800,1500,492,0,0
51,R,1800,1500,493,0,0
51,R,1800,1500,494,0,0
51,R,1800,1500,495,0,0
51,R,1800,1500,496,0,0
51,R,1800,1500,497,0,0
51,R,1800,1500,498,0,0
51,R,1800,1500,499,0,0
52,R,1500,1600,0,0,0
52,R,1500,1600,1,0,0
52,R,1500,1600,2,0,0
52,R,1500,1600,3,0,0
52,R,1500,1600,4,0,0
52,R,1500,1600,5,0,0
52,R,1500,1600,6,0,1
52,R,1500,1600,7,0,0
52,R,1500,1600,8,0,0
52,R,1500,1600,9,0,0
52,R,1500,1600,10,0,1
52,R,1500,1600,11,0,0
52,R,1500,1600,12,0,0
52,R,1500,1600,13,0,0
52,R,1500,1600,14,0,1
52,R,1500,1600,15,0,0
52,R,1500,1600,16,0,0
52,R,1500,1600,17,0,1
52,R,1500,1600,18,0,1
52,R,1500,1600,19,0,1
52,R,1500,1600,20,0,0
52,R,1500,1600,21,0,1
52,R,1500,1600,22,0,1
52,R,1500,1600,23,0,1
52,R,1500,1600,24,0,1
52,R,1500,1600,25,0,1
52,R,1500,1600,26,0,0
52,R,1500,1600,27,0,2
52,R,1500,1600,28,0,1
52,R,1500,1600,29,0,1
52,R,1500,1600,30,0,1
52,R,1500,1600,31,0,2
52,R,1500,1600,32,0,1
52,R,1500,1600,33,0,1
52,R,1500,1600,34,0,2
52,R,1500,1600,35,0,1
52,R,1500,1600,36,0,1
52,R,1500,1600,37,0,2
52,R,1500,1600,38,0,1
52,R,1500,1600,39,0,2
52,R,1500,1600,40,0,1
52,R,1500,1600,41,0,1
52,R,1500,1600,42,0,2
52,R,1500,1600,43,0,1
52,R,1500,1600,44,0,2
52,R,1500,1600,45,0,2
52,R,1500,1600,46,0,1
52,R,1500,1600,47,0,2
52,R,1500,1600,48,0,2
52,R,1500,1600,49,0,2
52,R,1500,1600,50,0,1
52,R,1500,1600,51,0,2
52,R,1500,1600,52,0,2
52,R,1500,1600,53,0,1
52,R,1500,1600,54,0,3
52,R,1500,1600,55,0,1
52,R,1500,1600,56,0,2
52,R,1500,1600,57,0,2
52,R,1500,1600,58,0,2
52,R,1500,1600,59,0,2
52,R,1500,1600,60,0,2
52,R,1500,1600,61,0,2
52,R,1500,1600,62,0,2
52,R,1500,1600,63,0,2
52,R,1500,1600,64,0,2
52,R,1500,1600,65,0,2
52,R,1500,1600,66,0,2
52,R,1500,1600,67,0,2
52,R,1500,1600,68,0,2
52,R,1500,1600,69,0,2
52,R,1500,1600,70,0,3
52,R,1500,1600,71,0,1
52,R,1500,1600,72,0,3
52,R,1500,1600,73,0,2
52,R,1500,1600,74,0,2
52,R,1500,1600,75,0,2
52,R,1500,1600,76,0,2
52,R,1500,1600,77,0,3
52,R,1500,1600,78,0,2
52,R,1500,1600,79,0,3
52,R,1500,1600,80,0,1
52,R,1500,1600,81,0,3
52,R,1500,1600,82,0,2
52,R,1500,1600,83,0,2
52,R,1500,1600,84,0,3
52,R,1500,1600,85,0,2
52,R,1500,1600,86,0,3
52,R,1500,1600,87,0,1
52,R,1500,1600,88,0,3
52,R,1500,1600,89,0,3
52,R,1500,1600,90,0,2
52,R,1500,1600,91,0,2
52,R,1500,1600,92,0,2
52,R,1500,1600,93,0,3
52,R,1500,1600,94,0,2
52,R,1500,1600,95,0,3
52,R,1500,1600,96,0,2
52,R,1500,1600,97,0,2
52,R,1500,1600,98,0,3
52,R,1500,1600,99,0,3
52,R,1500,1600,100,0,2
52,R,1500,1600,101,0,3
52,R,1500,1600,102,0,2
52,R,1500,1600,103,0,2
52,R,1500,1600,104,0,3
52,R,1500,1600,105,0,2
52,R,1500,1600,106,0,3
52,R,1500,1600,107,0,2
52,R,1500,1600,108,0,2
52,R,1500,1600,109,0,3
52,R,1500,1600,110,0,2
52,R,1500,1600,111,0,3
52,R,1500,1600,112,0,3
52,R,1500,1600,113,0,2
52,R,1500,1600,114,0,3
52,R,1500,1600,115,0,2
52,R,1500,1600,116,0,3
52,R,1500,1600,117,0,3
52,R,1500,1600,118,0,2
52,R,1500,1600,119,0,2
52,R,1500,1600,120,0,3
52,R,1500,1600,121,0,2
52,R,1500,1600,122,0,3
52,R,1500,1600,123,0,3
52,R,1500,1600,124,0,2
52,R,1500,1600,125,0,3
52,R,1500,1600,126,0,2
52,R,1500,1600,127,0,3
52,R,1500,1600,128,0,3
52,R,1500,1600,129,0,2
52,R,1500,1600,130,0,2
52,R,1500,1600,131,0,3
52,R,1500,1600,132,0,2
52,R,1500,1600,133,0,3
52,R,1500,1600,134,0,3
52,R,1500,1600,135,0,2
52,R,1500,1600,136,0,3
52,R,1500,1600,137,0,3
52,R,1500,1600,138,0,2
52,R,1500,1600,139,0,3
52,R,1500,1600,140,0,3
52,R,1500,1600,141,0,2
52,R,1500,1600,142,0,3
52,R,1500,1600,143,0,3
52,R,1500,1600,144,0,2
52,R,1500,1600,145,0,3
52,R,1500,1600,146,0,3
52,R,1500,1600,147,0,2
52,R,1500,1600,148,0,3
52,R,1500,1600,149,0,3
52,R,1500,1600,150,0,2
52,R,1500,1600,151,0,3
52,R,1500,1600,152,0,3
52,R,1500,1600,153,0,2
52,R,1500,1600,154,0,3
52,R,1500,1600,155,0,3
52,R,1500,1600,156,0,2
52,R,1500,1600,157,0,3
52,R,1500,1600,158,0,3
52,R,1500,1600,159,0,2
52,R,1500,1600,160,0,3
52,R,1500,1600,161,0,3
52,R,1500,1600,162,0,2
52,R,1500,1600,163,0,3
52,R,1500,1600,164,0,3
52,R,1500,1600,165,0,2
52,R,1500,1600,166,0,3
52,R,1500,1600,167,0,3
52,R,1500,1600,168,0,2
52,R,1500,1600,169,0,3
52,R,1500,1600,170,0,3
52,R,1500,1600,171,0,2
52,R,1500,1600,172,0,3
52,R,1500,1600,173,0,3
52,R,1500,1600,174,0,2
52,R,1500,1600,175,0,3
52,R,1500,1600,176,0,3
52,R,1500,1600,177,0,2
52,R,1500,1600,178,0,3
52,R,1500,1600,179,0,3
52,R,1500,1600,180,0,3
52,R,1500,1600,181,0,2
52,R,1500,1600,182,0,4
52,R,1500,1600,183,0,2
52,R,1500,1600,184,0,3
52,R,1500,1600,185,0,3
52,R,1500,1600,186,0,2
52,R,1500,1600,187,0,3
52,R,1500,1600,188,0,3
52,R,1500,1600,189,0,3
52,R,1500,1600,190,0,2
52,R,1500,1600,191,0,3
52,R,1500,1600,192,0,3
52,R,1500,1600,193,0,2
52,R,1500,1600,194,0,3
52,R,1500,1600,195,0,3
52,R,1500,1600,196,0,2
52,R,1500,1600,197,0,3
52,R,1500,1600,198,0,3
52,R,1500,1600,199,0,3
52,R,1500,1600,200,0,3
52,R,1500,1600,201,0,3
52,R,1500,1600,202,0,2
52,R,1500,1600,203,0,3
52,R,1500,1600,204,0,3
52,R,1500,1600,205,0,3
52,R,1500,1600,206,0,3
52,R,1500,1600,207,0,3
52,R,1500,1600,208,0,3
52,R,1500,1600,209,0,4
52,R,1500,1600,210,0,3
52,R,1500,1600,211,0,3
52,R,1500,1600,212,0,3
52,R,1500,1600,213,0,4
52,R,1500,1600,214,0,3
52,R,1500,1600,215,0,4
52,R,1500,1600,216,0,4
52,R,1500,1600,217,0,3
52,R,1500,1600,218,0,4
52,R,1500,1600,219,0,3
52,R,1500,1600,220,0,4
52,R,1500,1600,221,0,3
52,R,1500,1600,222,0,4
52,R,1500,1600,223,0,4
52,R,1500,1600,224,0,4
52,R,1500,1600,225,0,4
52,R,1500,1600,226,0,4
52,R,1500,1600,227,0,4
52,R,1500,1600,228,0,4
52,R,1500,1600,229,0,4
52,R,1500,1600,230,0,4
52,R,1500,1600,231,0,4
52,R,1500,1600,232,0,4
52,R,1500,1600,233,0,4
52,R,1500,1600,234,0,4
52,R,1500,1600,235,0,4
52,R,1500,1600,236,0,4
52,R,1500,1600,237,0,5
52,R,1500,1600,238,0,4
52,R,1500,1600,239,0,4
52,R,1500,1600,240,0,5
52,R,1500,1600,241,0,4
52,R,1500,1600,242,0,4
52,R,1500,1600,243,0,5
52,R,1500,1600,244,0,4
52,R,1500,1600,245,0,4
52,R,1500,1600,246,0,5
52,R,1500,1600,247,0,4
52,R,1500,1600,248,0,4
52,R,1500,1600,249,0,5
52,R,1500,1600,250,0,5
52,R,1500,1600,251,0,4
52,R,1500,1600,252,0,5
52,R,1500,1600,253,0,4
52,R,1500,1600,254,0,4
52,R,1500,1600,255,0,5
52,R,1500,1600,256,0,4
52,R,1500,1600,257,0,5
52,R,1500,1600,258,0,5
52,R,1500,1600,259,0,5
52,R,1500,1600,260,0,4
52,R,1500,1600,261,0,4
52,R,1500,1600,262,0,5
52,R,1500,1600,263,0,5
52,R,1500,1600,264,0,5
52,R,1500,1600,265,0,5
52,R,1500,1600,266,0,4
52,R,1500,1600,267,0,4
52,R,1500,1600,268,0,5
52,R,1500,1600,269,0,5
52,R,1500,1600,270,0,5
52,R,1500,1600,271,0,5
52,R,1500,1600,272,0,4
52,R,1500,1600,273,0,5
52,R,1500,1600,274,0,4
52,R,1500,1600,275,0,6
52,R,1500,1600,276,0,5
52,R,1500,1600,277,0,4
52,R,1500,1600,278,0,5
52,R,1500,1600,279,0,4
52,R,1500,1600,280,0,6
52,R,1500,1600,281,0,5
52,R,1500,1600,282,0,4
52,R,1500,1600,283,0,5
52,R,1500,1600,284,0,5
52,R,1500,1600,285,0,5
52,R,1500,1600,286,0,5
52,R,1500,1600,287,0,4
52,R,1500,1600,288,0,5
52,R,1500,1600,289,0,5
52,R,1500,1600,290,0,5
52,R,1500,1600,291,0,5
52,R,1500,1600,292,0,4
52,R,1500,1600,293,0,5
52,R,1500,1600,294,0,6
52,R,1500,1600,295,0,5
52,R,1500,1600,296,0,4
52,R,1500,1600,297,0,5
52,R,1500,1600,298,0,5
52,R,1500,1600,299,0,5
52,R,1500,1600,300,0,5
52,R,1500,1600,301,0,5
52,R,1500,1600,302,0,5
52,R,1500,1600,303,0,5
52,R,1500,1600,304,0,5
52,R,1500,1600,305,0,4
52,R,1500,1600,306,0,5
52,R,1500,1600,307,0,6
52,R,1500,1600,308,0,5
52,R,1500,1600,309,0,4
52,R,1500,1600,310,0,5
52,R,1500,1600,311,0,6
52,R,1500,1600,312,0,5
52,R,1500,1600,313,0,4
52,R,1500,1600,314,0,5
52,R,1500,1600,315,0,5
52,R,1500,1600,316,0,5
52,R,1500,1600,317,0,5
52,R,1500,1600,318,0,5
52,R,1500,1600,319,0,5
52,R,1500,1600,320,0,6
52,R,1500,1600,321,0,4
52,R,1500,1600,322,0,5
52,R,1500,1600,323,0,6
52,R,1500,1600,324,0,5
52,R,1500,1600,325,0,4
52,R,1500,1600,326,0,5
52,R,1500,1600,327,0,6
52,R,1500,1600,328,0,5
52,R,1500,1600,329,0,5
52,R,1500,1600,330,0,4
52,R,1500,1600,331,0,6
52,R,1500,1600,332,0,5
52,R,1500,1600,333,0,5
52,R,1500,1600,334,0,5
52,R,1500,1600,335,0,5
52,R,1500,1600,336,0,5
52,R,1500,1600,337,0,5
52,R,1500,1600,338,0,6
52,R,1500,1600,339,0,5
52,R,1500,1600,340,0,4
52,R,1500,1600,341,0,5
52,R,1500,1600,342,0,6
52,R,1500,1600,343,0,5
52,R,1500,1600,344,0,5
52,R,1500,1600,345,0,5
52,R,1500,1600,346,0,5
52,R,1500,1600,347,0,5
52,R,1500,1600,348,0,5
52,R,1500,1600,349,0,6
52,R,1500,1600,350,0,5
52,R,1500,1600,351,0,4
52,R,1500,1600,352,0,5
52,R,1500,1600,353,0,6
52,R,1500,1600,354,0,5
52,R,1500,1600,355,0,5
52,R,1500,1600,356,0,5
52,R,1500,1600,357,0,6
52,R,1500,1600,358,0,4
52,R,1500,1600,359,0,5
52,R,1500,1600,360,0,6
52,R,1500,1600,361,0,5
52,R,1500,1600,362,0,5
52,R,1500,1600,363,0,5
52,R,1500,1600,364,0,6
52,R,1500,1600,365,0,4
52,R,1500,1600,366,0,5
52,R,1500,1600,367,0,6
52,R,1500,1600,368,0,5
52,R,1500,1600,369,0,5
52,R,1500,1600,370,0,5
52,R,1500,1600,371,0,6
52,R,1500,1600,372,0,4
52,R,1500,1600,373,0,6
52,R,1500,1600,374,0,5
52,R,1500,1600,375,0,5
52,R,1500,1600,376,0,5
52,R,1500,1600,377,0,6
52,R,1500,1600,378,0,5
52,R,1500,1600,379,0,5
52,R,1500,1600,380,0,5
52,R,1500,1600,381,0,5
52,R,1500,1600,382,0,5
52,R,1500,1600,383,0,5
52,R,1500,1600,384,0,6
52,R,1500,1600,385,0,5
52,R,1500,1600,386,0,5
52,R,1500,1600,387,0,5
52,R,1500,1600,388,0,6
52,R,1500,1600,389,0,5
52,R,1500,1600,390,0,5
52,R,1500,1600,391,0,5
52,R,1500,1600,392,0,5
52,R,1500,1600,393,0,5
52,R,1500,1600,394,0,6
52,R,1500,1600,395,0,5
52,R,1500,1600,396,0,5
52,R,1500,1600,397,0,5
52,R,1500,1600,398,0,6
52,R,1500,1600,399,0,5
52,R,1500,1600,400,0,5
52,R,1500,1600,401,0,5
52,R,1500,1600,402,0,5
52,R,1500,1600,403,0,5
52,R,1500,1600,404,0,5
52,R,1500,1600,405,0,5
52,R,1500,1600,406,0,5
52,R,1500,1600,407,0,5
52,R,1500,1600,408,0,4
52,R,1500,1600,409,0,5
52,R,1500,1600,410,0,5
52,R,1500,1600,411,0,4
52,R,1500,1600,412,0,5
52,R,1500,1600,413,0,4
52,R,1500,1600,414,0,4
52,R,1500,1600,415,0,4
52,R,1500,1600,416,0,4
52,R,1500,1600,417,0,4
52,R,1500,1600,418,0,4
52,R,1500,1600,419,0,4
52,R,1500,1600,420,0,4
52,R,1500,1600,421,0,4
52,R,1500,1600,422,0,4
52,R,1500,1600,423,0,4
52,R,1500,1600,424,0,3
52,R,1500,1600,425,0,4
52,R,1500,1600,426,0,3
52,R,1500,1600,427,0,3
52,R,1500,1600,428,0,4
52,R,1500,1600,429,0,3
52,R,1500,1600,430,0,4
52,R,1500,1600,431,0,3
52,R,1500,1600,432,0,2
52,R,1500,1600,433,0,3
52,R,1500,1600,434,0,4
52,R,1500,1600,435,0,3
52,R,1500,1600,436,0,2
52,R,1500,1600,437,0,3
52,R,1500,1600,438,0,3
52,R,1500,1600,439,0,2
52,R,1500,1600,440,0,3
52,R,1500,1600,441,0,3
52,R,1500,1600,442,0,2
52,R,1500,1600,443,0,3
52,R,1500,1600,444,0,2
52,R,1500,1600,445,0,2
52,R,1500,1600,446,0,3
52,R,1500,1600,447,0,2
52,R,1500,1600,448,0,2
52,R,1500,1600,449,0,2
52,R,1500,1600,450,0,2
52,R,1500,1600,451,0,2
52,R,1500,1600,452,0,2
52,R,1500,1600,453,0,2
52,R,1500,1600,454,0,2
52,R,1500,1600,455,0,1
52,R,1500,1600,456,0,2
52,R,1500,1600,457,0,2
52,R,1500,1600,458,0,1
52,R,1500,1600,459,0,2
52,R,1500,1600,460,0,1
52,R,1500,1600,461,0,1
52,R,1500,1600,462,0,2
52,R,1500,1600,463,0,1
52,R,1500,1600,464,0,1
52,R,1500,1600,465,0,2
52,R,1500,1600,466,0,1
52,R,1500,1600,467,0,1
52,R,1500,1600,468,0,1
52,R,1500,1600,469,0,1
52,R,1500,1600,470,0,1
52,R,1500,1600,471,0,1
52,R,1500,1600,472,0,0
52,R,1500,1600,473,0,2
52,R,1500,1600,474,0,0
52,R,1500,1600,475,0,1
52,R,1500,1600,476,0,0
52,R,1500,1600,477,0,1
52,R,1500,1600,478,0,0
52,R,1500,1600,479,0,0
52,R,1500,1600,480,0,1
52,R,1500,1600,481,0,1
52,R,1500,1600,482,0,0
52,R,1500,1600,483,0,0
52,R,1500,1600,484,0,0
52,R,1500,1600,485,0,0
52,R,1500,1600,486,0,1
52,R,1500,1600,487,0,0
52,R,1500,1600,488,0,0
52,R,1500,1600,489,0,0
52,R,1500,1600,490,0,0
52,R,1500,1600,491,0,0
52,R,1500,1600,492,0,0
52,R,1500,1600,493,0,0
52,R,1500,1600,494,0,0
52,R,1500,1600,495,0,0
52,R,1500,1600,496,0,0
52,R,1500,1600,497,0,0
52,R,1500,1600,498,0,0
52,R,1500,1600,499,0,0
53,R,1500,1700,0,0,0
53,R,1500,1700,1,0,0
53,R,1500,1700,2,0,0
53,R,1500,1700,3,0,0
53,R,1500,1700,4,0,0
53,R,1500,1700,5,0,0
53,R,1500,1700,6,0,0
53,R,1500,1700,7,0,0
53,R,1500,1700,8,0,0
53,R,1500,1700,9,0,0
53,R,1500,1700,10,0,1
53,R,1500,1700,11,0,0
53,R,1500,1700,12,0,0
53,R,1500,1700,13,0,1
53,R,1500,1700,14,0,1
53,R,1500,1700,15,0,0
53,R,1500,1700,16,0,1
53,R,1500,1700,17,0,0
53,R,1500,1700,18,0,1
53,R,1500,1700,19,0,1
53,R,1500,1700,20,0,1
53,R,1500,1700,21,0,1
53,R,1500,1700,22,0,0
53,R,1500,1700,23,0,1
53,R,1500,1700,24,0,2
53,R,1500,1700,25,0,1
53,R,1500,1700,26,0,1
53,R,1500,1700,27,0,1
53,R,1500,1700,28,0,1
53,R,1500,1700,29,0,1
53,R,1500,1700,30,0,1
53,R,1500,1700,31,0,2
53,R,1500,1700,32,0,1
53,R,1500,1700,33,0,1
53,R,1500,1700,34,0,2
53,R,1500,1700,35,0,1
53,R,1500,1700,36,0,2
53,R,1500,1700,37,0,2
53,R,1500,1700,38,0,1
53,R,1500,1700,39,0,1
53,R,1500,1700,40,0,2
53,R,1500,1700,41,0,1
53,R,1500,1700,42,0,2
53,R,1500,1700,43,0,2
53,R,1500,1700,44,0,2
53,R,1500,1700,45,0,1
53,R,1500,1700,46,0,2
53,R,1500,1700,47,0,2
53,R,1500,1700,48,0,1
53,R,1500,1700,49,0,2
53,R,1500,1700,50,0,2
53,R,1500,1700,51,0,2
53,R,1500,1700,52,0,1
53,R,1500,1700,53,0,3
53,R,1500,1700,54,0,1
53,R,1500,1700,55,0,2
53,R,1500,1700,56,0,2
53,R,1500,1700,57,0,2
53,R,1500,1700,58,0,2
53,R,1500,1700,59,0,2
53,R,1500,1700,60,0,2
53,R,1500,1700,61,0,2
53,R,1500,1700,62,0,2
53,R,1500,1700,63,0,2
53,R,1500,1700,64,0,2
53,R,1500,1700,65,0,2
53,R,1500,1700,66,0,2
53,R,1500,1700,67,0,3
53,R,1500,1700,68,0,1
53,R,1500,1700,69,0,3
53,R,1500,1700,70,0,2
53,R,1500,1700,71,0,2
53,R,1500,1700,72,0,2
53,R,1500,1700,73,0,2
53,R,1500,1700,74,0,2
53,R,1500,1700,75,0,3
53,R,1500,1700,76,0,2
53,R,1500,1700,77,0,2
53,R,1500,1700,78,0,2
53,R,1500,1700,79,0,2
53,R,1500,1700,80,0,3
53,R,1500,1700,81,0,2
53,R,1500,1700,82,0,3
53,R,1500,1700,83,0,1
53,R,1500,1700,84,0,3
53,R,1500,1700,85,0,3
53,R,1500,1700,86,0,2
53,R,1500,1700,87,0,2
53,R,1500,1700,88,0,2
53,R,1500,1700,89,0,3
53,R,1500,1700,90,0,2
53,R,1500,1700,91,0,2
53,R,1500,1700,92,0,3
53,R,1500,1700,93,0,2
53,R,1500,1700,94,0,3
53,R,1500,1700,95,0,2
53,R,1500,1700,96,0,2
53,R,1500,1700,97,0,3
53,R,1500,1700,98,0,2
53,R,1500,1700,99,0,3
53,R,1500,1700,100,0,2
53,R,1500,1700,101,0,3
53,R,1500,1700,102,0,3
53,R,1500,1700,103,0,1
53,R,1500,1700,104,0,3
53,R,1500,1700,105,0,3
53,R,1500,1700,106,0,2
53,R,1500,1700,107,0,3
53,R,1500,1700,108,0,2
53,R,1500,1700,109,0,3
53,R,1500,1700,110,0,2
53,R,1500,1700,111,0,2
53,R,1500,1700,112,0,3
53,R,1500,1700,113,0,3
53,R,1500,1700,114,0,2
53,R,1500,1700,115,0,3
53,R,1500,1700,116,0,2
53,R,1500,1700,117,0,3
53,R,1500,1700,118,0,3
53,R,1500,1700,119,0,2
53,R,1500,1700,120,0,3
53,R,1500,1700,121,0,3
53,R,1500,1700,122,0,2
53,R,1500,1700,123,0,2
53,R,1500,1700,124,0,3
53,R,1500,1700,125,0,2
53,R,1500,1700,126,0,3
53,R,1500,1700,127,0,3
53,R,1500,1700,128,0,2
53,R,1500,1700,129,0,3
53,R,1500,1700,130,0,3
53,R,1500,1700,131,0,2
53,R,1500,1700,132,0,3
53,R,1500,1700,133,0,2
53,R,1500,1700,134,0,3
53,R,1500,1700,135,0,3
53,R,1500,1700,136,0,2
53,R,1500,1700,137,0,3
53,R,1500,1700,138,0,3
53,R,1500,1700,139,0,2
53,R,1500,1700,140,0,3
53,R,1500,1700,141,0,3
53,R,1500,1700,142,0,2
53,R,1500,1700,143,0,3
53,R,1500,1700,144,0,3
53,R,1500,1700,145,0,2
53,R,1500,1700,146,0,3
53,R,1500,1700,147,0,3
53,R,1500,1700,148,0,2
53,R,1500,1700,149,0,3
53,R,1500,1700,150,0,3
53,R,1500,1700,151,0,2
53,R,1500,1700,152,0,3
53,R,1500,1700,153,0,3
53,R,1500,1700,154,0,2
53,R,1500,1700,155,0,3
53,R,1500,1700,156,0,3
53,R,1500,1700,157,0,3
53,R,1500,1700,158,0,2
53,R,1500,1700,159,0,3
53,R,1500,1700,160,0,3
53,R,1500,1700,161,0,2
53,R,1500,1700,162,0,3
53,R,1500,1700,163,0,3
53,R,1500,1700,164,0,2
53,R,1500,1700,165,0,3
53,R,1500,1700,166,0,3
53,R,1500,1700,167,0,2
53,R,1500,1700,168,0,3
53,R,1500,1700,169,0,3
53,R,1500,1700,170,0,3
53,R,1500,1700,171,0,2
53,R,1500,1700,172,0,4
53,R,1500,1700,173,0,2
53,R,1500,1700,174,0,3
53,R,1500,1700,175,0,3
53,R,1500,1700,176,0,2
53,R,1500,1700,177,0,3
53,R,1500,1700,178,0,3
53,R,1500,1700,179,0,3
53,R,1500,1700,180,0,2
53,R,1500,1700,181,0,3
53,R,1500,1700,182,0,3
53,R,1500,1700,183,0,2
53,R,1500,1700,184,0,3
53,R,1500,1700,185,0,4
53,R,1500,1700,186,0,2
53,R,1500,1700,187,0,3
53,R,1500,1700,188,0,3
53,R,1500,1700,189,0,3
53,R,1500,1700,190,0,2
53,R,1500,1700,191,0,3
53,R,1500,1700,192,0,3
53,R,1500,1700,193,0,2
53,R,1500,1700,194,0,3
53,R,1500,1700,195,0,3
53,R,1500,1700,196,0,2
53,R,1500,1700,197,0,3
53,R,1500,1700,198,0,4
53,R,1500,1700,199,0,2
53,R,1500,1700,200,0,3
53,R,1500,1700,201,0,3
53,R,1500,1700,202,0,3
53,R,1500,1700,203,0,3
53,R,1500,1700,204,0,3
53,R,1500,1700,205,0,3
53,R,1500,1700,206,0,4
53,R,1500,1700,207,0,4
53,R,1500,1700,208,0,4
53,R,1500,1700,209,0,4
53,R,1500,1700,210,0,4
53,R,1500,1700,211,0,4
53,R,1500,1700,212,0,4
53,R,1500,1700,213,0,5
53,R,1500,1700,214,0,4
53,R,1500,1700,215,0,6
53,R,1500,1700,216,0,4
53,R,1500,1700,217,0,5
53,R,1500,1700,218,0,5
53,R,1500,1700,219,0,5
53,R,1500,1700,220,0,6
53,R,1500,1700,221,0,4
53,R,1500,1700,222,0,6
53,R,1500,1700,223,0,5
53,R,1500,1700,224,0,6
53,R,1500,1700,225,0,5
53,R,1500,1700,226,0,6
53,R,1500,1700,227,0,5
53,R,1500,1700,228,0,6
53,R,1500,1700,229,0,6
53,R,1500,1700,230,0,6
53,R,1500,1700,231,0,5
53,R,1500,1700,232,0,7
53,R,1500,1700,233,0,5
53,R,1500,1700,234,0,6
53,R,1500,1700,235,0,6
53,R,1500,1700,236,0,7
53,R,1500,1700,237,0,6
53,R,1500,1700,238,0,6
53,R,1500,1700,239,0,6
53,R,1500,1700,240,0,7
53,R,1500,1700,241,0,5
53,R,1500,1700,242,0,7
53,R,1500,1700,243,0,7
53,R,1500,1700,244,0,6
53,R,1500,1700,245,0,7
53,R,1500,1700,246,0,5
53,R,1500,1700,247,0,7
53,R,1500,1700,248,0,7
53,R,1500,1700,249,0,6
53,R,1500,1700,250,0,7
53,R,1500,1700,251,0,7
53,R,1500,1700,252,0,6
53,R,1500,1700,253,0,7
53,R,1500,1700,254,0,7
53,R,1500,1700,255,0,6
53,R,1500,1700,256,0,7
53,R,1500,1700,257,0,7
53,R,1500,1700,258,0,7
53,R,1500,1700,259,0,6
53,R,1500,1700,260,0,8
53,R,1500,1700,261,0,6
53,R,1500,1700,262,0,7
53,R,1500,1700,263,0,7
53,R,1500,1700,264,0,7
53,R,1500,1700,265,0,7
53,R,1500,1700,266,0,7
53,R,1500,1700,267,0,7
53,R,1500,1700,268,0,7
53,R,1500,1700,269,0,7
53,R,1500,1700,270,0,7
53,R,1500,1700,271,0,7
53,R,1500,1700,272,0,7
53,R,1500,1700,273,0,7
53,R,1500,1700,274,0,7
53,R,1500,1700,275,0,7
53,R,1500,1700,276,0,8
53,R,1500,1700,277,0,7
53,R,1500,1700,278,0,7
53,R,1500,1700,279,0,7
53,R,1500,1700,280,0,7
53,R,1500,1700,281,0,8
53,R,1500,1700,282,0,7
53,R,1500,1700,283,0,7
53,R,1500,1700,284,0,7
53,R,1500,1700,285,0,7
53,R,1500,1700,286,0,8
53,R,1500,1700,287,0,7
53,R,1500,1700,288,0,7
53,R,1500,1700,289,0,7
53,R,1500,1700,290,0,8
53,R,1500,1700,291,0,7
53,R,1500,1700,292,0,8
53,R,1500,1700,293,0,7
53,R,1500,1700,294,0,7
53,R,1500,1700,295,0,7
53,R,1500,1700,296,0,8
53,R,1500,1700,297,0,7
53,R,1500,1700,298,0,8
53,R,1500,1700,299,0,7
53,R,1500,1700,300,0,8
53,R,1500,1700,301,0,7
53,R,1500,1700,302,0,7
53,R,1500,1700,303,0,8
53,R,1500,1700,304,0,7
53,R,1500,1700,305,0,8
53,R,1500,1700,306,0,7
53,R,1500,1700,307,0,8
53,R,1500,1700,308,0,7
53,R,1500,1700,309,0,7
53,R,1500,1700,310,0,8
53,R,1500,1700,311,0,7
53,R,1500,1700,312,0,8
53,R,1500,1700,313,0,8
53,R,1500,1700,314,0,7
53,R,1500,1700,315,0,7
53,R,1500,1700,316,0,7
53,R,1500,1700,317,0,8
53,R,1500,1700,318,0,8
53,R,1500,1700,319,0,7
53,R,1500,1700,320,0,8
53,R,1500,1700,321,0,8
53,R,1500,1700,322,0,7
53,R,1500,1700,323,0,7
53,R,1500,1700,324,0,8
53,R,1500,1700,325,0,7
53,R,1500,1700,326,0,8
53,R,1500,1700,327,0,7
53,R,1500,1700,328,0,8
53,R,1500,1700,329,0,8
53,R,1500,1700,330,0,8
53,R,1500,1700,331,0,7
53,R,1500,1700,332,0,7
53,R,1500,1700,333,0,8
53,R,1500,1700,334,0,7
53,R,1500,1700,335,0,8
53,R,1500,1700,336,0,7
53,R,1500,1700,337,0,8
53,R,1500,1700,338,0,8
53,R,1500,1700,339,0,7
53,R,1500,1700,340,0,8
53,R,1500,1700,341,0,8
53,R,1500,1700,342,0,7
53,R,1500,1700,343,0,7
53,R,1500,1700,344,0,8
53,R,1500,1700,345,0,8
53,R,1500,1700,346,0,7
53,R,1500,1700,347,0,8
53,R,1500,1700,348,0,8
53,R,1500,1700,349,0,7
53,R,1500,1700,350,0,8
53,R,1500,1700,351,0,7
53,R,1500,1700,352,0,8
53,R,1500,1700,353,0,7
53,R,1500,1700,354,0,8
53,R,1500,1700,355,0,8
53,R,1500,1700,356,0,7
53,R,1500,1700,357,0,8
53,R,1500,1700,358,0,8
53,R,1500,1700,359,0,7
53,R,1500,1700,360,0,8
53,R,1500,1700,361,0,8
53,R,1500,1700,362,0,7
53,R,1500,1700,363,0,7
53,R,1500,1700,364,0,8
53,R,1500,1700,365,0,8
53,R,1500,1700,366,0,7
53,R,1500,1700,367,0,8
53,R,1500,1700,368,0,8
53,R,1500,1700,369,0,7
53,R,1500,1700,370,0,8
53,R,1500,1700,371,0,8
53,R,1500,1700,372,0,7
53,R,1500,1700,373,0,7
53,R,1500,1700,374,0,8
53,R,1500,1700,375,0,8
53,R,1500,1700,376,0,7
53,R,1500,1700,377,0,8
53,R,1500,1700,378,0,8
53,R,1500,1700,379,0,7
53,R,1500,1700,380,0,8
53,R,1500,1700,381,0,7
53,R,1500,1700,382,0,8
53,R,1500,1700,383,0,7
53,R,1500,1700,384,0,8
53,R,1500,1700,385,0,7
53,R,1500,1700,386,0,8
53,R,1500,1700,387,0,8
53,R,1500,1700,388,0,8
53,R,1500,1700,389,0,7
53,R,1500,1700,390,0,8
53,R,1500,1700,391,0,8
53,R,1500,1700,392,0,7
53,R,1500,1700,393,0,7
53,R,1500,1700,394,0,8
53,R,1500,1700,395,0,8
53,R,1500,1700,396,0,7
53,R,1500,1700,397,0,8
53,R,1500,1700,398,0,8
53,R,1500,1700,399,0,8
53,R,1500,1700,400,0,7
53,R,1500,1700,401,0,8
53,R,1500,1700,402,0,7
53,R,1500,1700,403,0,7
53,R,1500,1700,404,0,8
53,R,1500,1700,405,0,7
53,R,1500,1700,406,0,8
53,R,1500,1700,407,0,7
53,R,1500,1700,408,0,6
53,R,1500,1700,409,0,7
53,R,1500,1700,410,0,7
53,R,1500,1700,411,0,7
53,R,1500,1700,412,0,6
53,R,1500,1700,413,0,7
53,R,1500,1700,414,0,6
53,R,1500,1700,415,0,7
53,R,1500,1700,416,0,6
53,R,1500,1700,417,0,6
53,R,1500,1700,418,0,7
53,R,1500,1700,419,0,6
53,R,1500,1700,420,0,6
53,R,1500,1700,421,0,6
53,R,1500,1700,422,0,6
53,R,1500,1700,423,0,5
53,R,1500,1700,424,0,6
53,R,1500,1700,425,0,6
53,R,1500,1700,426,0,5
53,R,1500,1700,427,0,6
53,R,1500,1700,428,0,5
53,R,1500,1700,429,0,5
53,R,1500,1700,430,0,6
53,R,1500,1700,431,0,5
53,R,1500,1700,432,0,5
53,R,1500,1700,433,0,5
53,R,1500,1700,434,0,5
53,R,1500,1700,435,0,5
53,R,1500,1700,436,0,4
53,R,1500,1700,437,0,5
53,R,1500,1700,438,0,5
53,R,1500,1700,439,0,5
53,R,1500,1700,440,0,4
53,R,1500,1700,441,0,5
53,R,1500,1700,442,0,4
53,R,1500,1700,443,0,4
53,R,1500,1700,444,0,4
53,R,1500,1700,445,0,4
53,R,1500,1700,446,0,4
53,R,1500,1700,447,0,5
53,R,1500,1700,448,0,3
53,R,1500,1700,449,0,4
53,R,1500,1700,450,0,4
53,R,1500,1700,451,0,4
53,R,1500,1700,452,0,4
53,R,1500,1700,453,0,4
53,R,1500,1700,454,0,3
53,R,1500,1700,455,0,4
53,R,1500,1700,456,0,3
53,R,1500,1700,457,0,3
53,R,1500,1700,458,0,4
53,R,1500,1700,459,0,3
53,R,1500,1700,460,0,3
53,R,1500,1700,461,0,3
53,R,1500,1700,462,0,3
53,R,1500,1700,463,0,3
53,R,1500,1700,464,0,3
53,R,1500,1700,465,0,3
53,R,1500,1700,466,0,3
53,R,1500,1700,467,0,3
53,R,1500,1700,468,0,2
53,R,1500,1700,469,0,3
53,R,1500,1700,470,0,3
53,R,1500,1700,471,0,2
53,R,1500,1700,472,0,2
53,R,1500,1700,473,0,3
53,R,1500,1700,474,0,2
53,R,1500,1700,475,0,3
53,R,1500,1700,476,0,2
53,R,1500,1700,477,0,2
53,R,1500,1700,478,0,2
53,R,1500,1700,479,0,2
53,R,1500,1700,480,0,2
53,R,1500,1700,481,0,2
53,R,1500,1700,482,0,2
53,R,1500,1700,483,0,2
53,R,1500,1700,484,0,1
53,R,1500,1700,485,0,3
53,R,1500,1700,486,0,1
53,R,1500,1700,487,0,2
53,R,1500,1700,488,0,1
53,R,1500,1700,489,0,2
53,R,1500,1700,490,0,2
53,R,1500,1700,491,0,1
53,R,1500,1700,492,0,1
53,R,1500,1700,493,0,2
53,R,1500,1700,494,0,1
53,R,1500,1700,495,0,1
53,R,1500,1700,496,0,2
53,R,1500,1700,497,0,0
53,R,1500,1700,498,0,1
53,R,1500,1700,499,0,2
54,R,1600,1800,0,0,0
54,R,1600,1800,1,0,0
54,R,1600,1800,2,0,0
54,R,1600,1800,3,0,1
54,R,1600,1800,4,0,0
54,R,1600,1800,5,0,1
54,R,1600,1800,6,0,1
54,R,1600,1800,7,0,1
54,R,1600,1800,8,0,1
54,R,1600,1800,9,0,1
54,R,1600,1800,10,0,2
54,R,1600,1800,11,0,2
54,R,1600,1800,12,0,2
54,R,1600,1800,13,0,1
54,R,1600,1800,14,0,3
54,R,1600,1800,15,0,1
54,R,1600,1800,16,0,3
54,R,1600,1800,17,0,2
54,R,1600,1800,18,0,2
54,R,1600,1800,19,0,2
54,R,1600,1800,20,0,3
54,R,1600,1800,21,0,3
54,R,1600,1800,22,0,2
54,R,1600,1800,23,0,3
54,R,1600,1800,24,0,3
54,R,1600,1800,25,0,2
54,R,1600,1800,26,0,3
54,R,1600,1800,27,0,3
54,R,1600,1800,28,0,3
54,R,1600,1800,29,0,3
54,R,1600,1800,30,0,3
54,R,1600,1800,31,0,4
54,R,1600,1800,32,0,3
54,R,1600,1800,33,0,3
54,R,1600,1800,34,0,3
54,R,1600,1800,35,0,4
54,R,1600,1800,36,0,3
54,R,1600,1800,37,0,4
54,R,1600,1800,38,0,3
54,R,1600,1800,39,0,4
54,R,1600,1800,40,0,3
54,R,1600,1800,41,0,4
54,R,1600,1800,42,0,3
54,R,1600,1800,43,0,4
54,R,1600,1800,44,0,4
54,R,1600,1800,45,0,4
54,R,1600,1800,46,0,4
54,R,1600,1800,47,0,3
54,R,1600,1800,48,0,4
54,R,1600,1800,49,0,4
54,R,1600,1800,50,0,4
54,R,1600,1800,51,0,4
54,R,1600,1800,52,0,4
54,R,1600,1800,53,0,4
54,R,1600,1800,54,0,4
54,R,1600,1800,55,0,4
54,R,1600,1800,56,0,5
54,R,1600,1800,57,0,4
54,R,1600,1800,58,0,4
54,R,1600,1800,59,0,4
54,R,1600,1800,60,0,4
54,R,1600,1800,61,0,5
54,R,1600,1800,62,0,4
54,R,1600,1800,63,0,5
54,R,1600,1800,64,0,4
54,R,1600,1800,65,0,4
54,R,1600,1800,66,0,5
54,R,1600,1800,67,0,4
54,R,1600,1800,68,0,4
54,R,1600,1800,69,0,5
54,R,1600,1800,70,0,4
54,R,1600,1800,71,0,4
54,R,1600,1800,72,0,5
54,R,1600,1800,73,0,5
54,R,1600,1800,74,0,4
54,R,1600,1800,75,0,5
54,R,1600,1800,76,0,4
54,R,1600,1800,77,0,5
54,R,1600,1800,78,0,4
54,R,1600,1800,79,0,5
54,R,1600,1800,80,0,5
54,R,1600,1800,81,0,5
54,R,1600,1800,82,0,4
54,R,1600,1800,83,0,5
54,R,1600,1800,84,0,4
54,R,1600,1800,85,0,5
54,R,1600,1800,86,0,5
54,R,1600,1800,87,0,5
54,R,1600,1800,88,0,4
54,R,1600,1800,89,0,5
54,R,1600,1800,90,0,5
54,R,1600,1800,91,0,5
54,R,1600,1800,92,0,5
54,R,1600,1800,93,0,4
54,R,1600,1800,94,0,5
54,R,1600,1800,95,0,4
54,R,1600,1800,96,0,6
54,R,1600,1800,97,0,5
54,R,1600,1800,98,0,4
54,R,1600,1800,99,0,5
54,R,1600,1800,100,0,5
54,R,1600,1800,101,0,5
54,R,1600,1800,102,0,5
54,R,1600,1800,103,0,4
54,R,1600,1800,104,0,5
54,R,1600,1800,105,0,6
54,R,1600,1800,106,0,5
54,R,1600,1800,107,0,4
54,R,1600,1800,108,0,5
54,R,1600,1800,109,0,5
54,R,1600,1800,110,0,5
54,R,1600,1800,111,0,5
54,R,1600,1800,112,0,5
54,R,1600,1800,113,0,5
54,R,1600,1800,114,0,5
54,R,1600,1800,115,0,5
54,R,1600,1800,116,0,5
54,R,1600,1800,117,0,5
54,R,1600,1800,118,0,5
54,R,1600,1800,119,0,5
54,R,1600,1800,120,0,4
54,R,1600,1800,121,0,5
54,R,1600,1800,122,0,6
54,R,1600,1800,123,0,5
54,R,1600,1800,124,0,4
54,R,1600,1800,125,0,5
54,R,1600,1800,126,0,6
54,R,1600,1800,127,0,5
54,R,1600,1800,128,0,4
54,R,1600,1800,129,0,5
54,R,1600,1800,130,0,6
54,R,1600,1800,131,0,5
54,R,1600,1800,132,0,5
54,R,1600,1800,133,0,4
54,R,1600,1800,134,0,6
54,R,1600,1800,135,0,5
54,R,1600,1800,136,0,5
54,R,1600,1800,137,0,5
54,R,1600,1800,138,0,5
54,R,1600,1800,139,0,5
54,R,1600,1800,140,0,5
54,R,1600,1800,141,0,5
54,R,1600,1800,142,0,5
54,R,1600,1800,143,0,5
54,R,1600,1800,144,0,5
54,R,1600,1800,145,0,5
54,R,1600,1800,146,0,5
54,R,1600,1800,147,0,5
54,R,1600,1800,148,0,5
54,R,1600,1800,149,0,6
54,R,1600,1800,150,0,5
54,R,1600,1800,151,0,5
54,R,1600,1800,152,0,4
54,R,1600,1800,153,0,6
54,R,1600,1800,154,0,5
54,R,1600,1800,155,0,5
54,R,1600,1800,156,0,5
54,R,1600,1800,157,0,5
54,R,1600,1800,158,0,5
54,R,1600,1800,159,0,5
54,R,1600,1800,160,0,6
54,R,1600,1800,161,0,5
54,R,1600,1800,162,0,4
54,R,1600,1800,163,0,5
54,R,1600,1800,164,0,6
54,R,1600,1800,165,0,5
54,R,1600,1800,166,0,5
54,R,1600,1800,167,0,5
54,R,1600,1800,168,0,5
54,R,1600,1800,169,0,5
54,R,1600,1800,170,0,5
54,R,1600,1800,171,0,6
54,R,1600,1800,172,0,5
54,R,1600,1800,173,0,5
54,R,1600,1800,174,0,5
54,R,1600,1800,175,0,5
54,R,1600,1800,176,0,5
54,R,1600,1800,177,0,5
54,R,1600,1800,178,0,6
54,R,1600,1800,179,0,5
54,R,1600,1800,180,0,4
54,R,1600,1800,181,0,5
54,R,1600,1800,182,0,6
54,R,1600,1800,183,0,5
54,R,1600,1800,184,0,5
54,R,1600,1800,185,0,5
54,R,1600,1800,186,0,6
54,R,1600,1800,187,0,4
54,R,1600,1800,188,0,5
54,R,1600,1800,189,0,6
54,R,1600,1800,190,0,5
54,R,1600,1800,191,0,5
54,R,1600,1800,192,0,5
54,R,1600,1800,193,0,6
54,R,1600,1800,194,0,4
54,R,1600,1800,195,0,5
54,R,1600,1800,196,0,6
54,R,1600,1800,197,0,5
54,R,1600,1800,198,0,5
54,R,1600,1800,199,0,5
54,R,1600,1800,200,0,6
54,R,1600,1800,201,0,4
54,R,1600,1800,202,0,6
54,R,1600,1800,203,0,6
54,R,1600,1800,204,0,5
54,R,1600,1800,205,0,6
54,R,1600,1800,206,0,6
54,R,1600,1800,207,0,6
54,R,1600,1800,208,0,6
54,R,1600,1800,209,0,7
54,R,1600,1800,210,0,7
54,R,1600,1800,211,0,6
54,R,1600,1800,212,0,7
54,R,1600,1800,213,0,8
54,R,1600,1800,214,0,7
54,R,1600,1800,215,0,7
54,R,1600,1800,216,0,7
54,R,1600,1800,217,0,7
54,R,1600,1800,218,0,8
54,R,1600,1800,219,0,8
54,R,1600,1800,220,0,8
54,R,1600,1800,221,0,8
54,R,1600,1800,222,0,7
54,R,1600,1800,223,0,8
54,R,1600,1800,224,0,8
54,R,1600,1800,225,0,9
54,R,1600,1800,226,0,8
54,R,1600,1800,227,0,8
54,R,1600,1800,228,0,8
54,R,1600,1800,229,0,8
54,R,1600,1800,230,0,9
54,R,1600,1800,231,0,8
54,R,1600,1800,232,0,9
54,R,1600,1800,233,0,9
54,R,1600,1800,234,0,8
54,R,1600,1800,235,0,9
54,R,1600,1800,236,0,8
54,R,1600,1800,237,0,9
54,R,1600,1800,238,0,9
54,R,1600,1800,239,0,9
54,R,1600,1800,240,0,9
54,R,1600,1800,241,0,9
54,R,1600,1800,242,0,9
54,R,1600,1800,243,0,9
54,R,1600,1800,244,0,9
54,R,1600,1800,245,0,9
54,R,1600,1800,246,0,9
54,R,1600,1800,247,0,10
54,R,1600,1800,248,0,8
54,R,1600,1800,249,0,10
54,R,1600,1800,250,0,9
54,R,1600,1800,251,0,9
54,R,1600,1800,252,0,9
54,R,1600,1800,253,0,10
54,R,1600,1800,254,0,9
54,R,1600,1800,255,0,10
54,R,1600,1800,256,0,10
54,R,1600,1800,257,0,9
54,R,1600,1800,258,0,9
54,R,1600,1800,259,0,10
54,R,1600,1800,260,0,9
54,R,1600,1800,261,0,10
54,R,1600,1800,262,0,9
54,R,1600,1800,263,0,10
54,R,1600,1800,264,0,10
54,R,1600,1800,265,0,9
54,R,1600,1800,266,0,10
54,R,1600,1800,267,0,9
54,R,1600,1800,268,0,10
54,R,1600,1800,269,0,10
54,R,1600,1800,270,0,9
54,R,1600,1800,271,0,10
54,R,1600,1800,272,0,10
54,R,1600,1800,273,0,10
54,R,1600,1800,274,0,9
54,R,1600,1800,275,0,10
54,R,1600,1800,276,0,10
54,R,1600,1800,277,0,10
54,R,1600,1800,278,0,10
54,R,1600,1800,279,0,9
54,R,1600,1800,280,0,11
54,R,1600,1800,281,0,9
54,R,1600,1800,282,0,10
54,R,1600,1800,283,0,10
54,R,1600,1800,284,0,10
54,R,1600,1800,285,0,10
54,R,1600,1800,286,0,10
54,R,1600,1800,287,0,10
54,R,1600,1800,288,0,10
54,R,1600,1800,289,0,9
54,R,1600,1800,290,0,11
54,R,1600,1800,291,0,9
54,R,1600,1800,292,0,11
54,R,1600,1800,293,0,9
54,R,1600,1800,294,0,11
54,R,1600,1800,295,0,9
54,R,1600,1800,296,0,11
54,R,1600,1800,297,0,9
54,R,1600,1800,298,0,11
54,R,1600,1800,299,0,9
54,R,1600,1800,300,0,11
54,R,1600,1800,301,0,9
54,R,1600,1800,302,0,11
54,R,1600,1800,303,0,10
54,R,1600,1800,304,0,10
54,R,1600,1800,305,0,10
54,R,1600,1800,306,0,10
54,R,1600,1800,307,0,10
54,R,1600,1800,308,0,10
54,R,1600,1800,309,0,10
54,R,1600,1800,310,0,11
54,R,1600,1800,311,0,9
54,R,1600,1800,312,0,11
54,R,1600,1800,313,0,9
54,R,1600,1800,314,0,11
54,R,1600,1800,315,0,10
54,R,1600,1800,316,0,10
54,R,1600,1800,317,0,10
54,R,1600,1800,318,0,10
54,R,1600,1800,319,0,11
54,R,1600,1800,320,0,9
54,R,1600,1800,321,0,11
54,R,1600,1800,322,0,10
54,R,1600,1800,323,0,10
54,R,1600,1800,324,0,10
54,R,1600,1800,325,0,10
54,R,1600,1800,326,0,10
54,R,1600,1800,327,0,11
54,R,1600,1800,328,0,9
54,R,1600,1800,329,0,11
54,R,1600,1800,330,0,10
54,R,1600,1800,331,0,10
54,R,1600,1800,332,0,11
54,R,1600,1800,333,0,9
54,R,1600,1800,334,0,11
54,R,1600,1800,335,0,10
54,R,1600,1800,336,0,10
54,R,1600,1800,337,0,10
54,R,1600,1800,338,0,11
54,R,1600,1800,339,0,9
54,R,1600,1800,340,0,11
54,R,1600,1800,341,0,10
54,R,1600,1800,342,0,10
54,R,1600,1800,343,0,10
54,R,1600,1800,344,0,10
54,R,1600,1800,345,0,11
54,R,1600,1800,346,0,10
54,R,1600,1800,347,0,10
54,R,1600,1800,348,0,10
54,R,1600,1800,349,0,11
54,R,1600,1800,350,0,9
54,R,1600,1800,351,0,11
54,R,1600,1800,352,0,10
54,R,1600,1800,353,0,10
54,R,1600,1800,354,0,11
54,R,1600,1800,355,0,10
54,R,1600,1800,356,0,10
54,R,1600,1800,357,0,10
54,R,1600,1800,358,0,11
54,R,1600,1800,359,0,9
54,R,1600,1800,360,0,11
54,R,1600,1800,361,0,10
54,R,1600,1800,362,0,10
54,R,1600,1800,363,0,11
54,R,1600,1800,364,0,10
54,R,1600,1800,365,0,10
54,R,1600,1800,366,0,10
54,R,1600,1800,367,0,11
54,R,1600,1800,368,0,9
54,R,1600,1800,369,0,11
54,R,1600,1800,370,0,10
54,R,1600,1800,371,0,10
54,R,1600,1800,372,0,11
54,R,1600,1800,373,0,10
54,R,1600,1800,374,0,10
54,R,1600,1800,375,0,10
54,R,1600,1800,376,0,11
54,R,1600,1800,377,0,9
54,R,1600,1800,378,0,11
54,R,1600,1800,379,0,10
54,R,1600,1800,380,0,10
54,R,1600,1800,381,0,11
54,R,1600,1800,382,0,10
54,R,1600,1800,383,0,11
54,R,1600,1800,384,0,9
54,R,1600,1800,385,0,11
54,R,1600,1800,386,0,10
54,R,1600,1800,387,0,10
54,R,1600,1800,388,0,11
54,R,1600,1800,389,0,10
54,R,1600,1800,390,0,10
54,R,1600,1800,391,0,10
54,R,1600,1800,392,0,11
54,R,1600,1800,393,0,10
54,R,1600,1800,394,0,10
54,R,1600,1800,395,0,11
54,R,1600,1800,396,0,10
54,R,1600,1800,397,0,10
54,R,1600,1800,398,0,10
54,R,1600,1800,399,0,11
54,R,1600,1800,400,0,10
54,R,1600,1800,401,0,10
54,R,1600,1800,402,0,11
54,R,1600,1800,403,0,9
54,R,1600,1800,404,0,11
54,R,1600,1800,405,0,9
54,R,1600,1800,406,0,10
54,R,1600,1800,407,0,10
54,R,1600,1800,408,0,9
54,R,1600,1800,409,0,10
54,R,1600,1800,410,0,9
54,R,1600,1800,411,0,10
54,R,1600,1800,412,0,9
54,R,1600,1800,413,0,9
54,R,1600,1800,414,0,9
54,R,1600,1800,415,0,9
54,R,1600,1800,416,0,9
54,R,1600,1800,417,0,9
54,R,1600,1800,418,0,8
54,R,1600,1800,419,0,9
54,R,1600,1800,420,0,8
54,R,1600,1800,421,0,9
54,R,1600,1800,422,0,9
54,R,1600,1800,423,0,8
54,R,1600,1800,424,0,8
54,R,1600,1800,425,0,8
54,R,1600,1800,426,0,8
54,R,1600,1800,427,0,8
54,R,1600,1800,428,0,7
54,R,1600,1800,429,0,8
54,R,1600,1800,430,0,7
54,R,1600,1800,431,0,8
54,R,1600,1800,432,0,7
54,R,1600,1800,433,0,8
54,R,1600,1800,434,0,7
54,R,1600,1800,435,0,8
54,R,1600,1800,436,0,6
54,R,1600,1800,437,0,7
54,R,1600,1800,438,0,8
54,R,1600,1800,439,0,6
54,R,1600,1800,440,0,7
54,R,1600,1800,441,0,7
54,R,1600,1800,442,0,7
54,R,1600,1800,443,0,6
54,R,1600,1800,444,0,7
54,R,1600,1800,445,0,5
54,R,1600,1800,446,0,7
54,R,1600,1800,447,0,6
54,R,1600,1800,448,0,6
54,R,1600,1800,449,0,7
54,R,1600,1800,450,0,5
54,R,1600,1800,451,0,6
54,R,1600,1800,452,0,6
54,R,1600,1800,453,0,5
54,R,1600,1800,454,0,7
54,R,1600,1800,455,0,5
54,R,1600,1800,456,0,6
54,R,1600,1800,457,0,5
54,R,1600,1800,458,0,5
54,R,1600,1800,459,0,6
54,R,1600,1800,460,0,5
54,R,1600,1800,461,0,5
54,R,1600,1800,462,0,5
54,R,1600,1800,463,0,5
54,R,1600,1800,464,0,5
54,R,1600,1800,465,0,5
54,R,1600,1800,466,0,4
54,R,1600,1800,467,0,5
54,R,1600,1800,468,0,5
54,R,1600,1800,469,0,4
54,R,1600,1800,470,0,5
54,R,1600,1800,471,0,4
54,R,1600,1800,472,0,4
54,R,1600,1800,473,0,5
54,R,1600,1800,474,0,4
54,R,1600,1800,475,0,4
54,R,1600,1800,476,0,4
54,R,1600,1800,477,0,4
54,R,1600,1800,478,0,4
54,R,1600,1800,479,0,4
54,R,1600,1800,480,0,3
54,R,1600,1800,481,0,4
54,R,1600,1800,482,0,4
54,R,1600,1800,483,0,4
54,R,1600,1800,484,0,3
54,R,1600,1800,485,0,3
54,R,1600,1800,486,0,3
54,R,1600,1800,487,0,4
54,R,1600,1800,488,0,3
54,R,1600,1800,489,0,4
54,R,1600,1800,490,0,3
54,R,1600,1800,491,0,2
54,R,1600,1800,492,0,3
54,R,1600,1800,493,0,4
54,R,1600,1800,494,0,3
54,R,1600,1800,495,0,2
54,R,1600,1800,496,0,3
54,R,1600,1800,497,0,3
54,R,1600,1800,498,0,2
54,R,1600,1800,499,0,3
55,R,1700,1500,0,0,0
55,R,1700,1500,1,0,0
55,R,1700,1500,2,0,1
55,R,1700,1500,3,0,1
55,R,1700,1500,4,0,1
55,R,1700,1500,5,0,1
55,R,1700,1500,6,0,2
55,R,1700,1500,7,0,2
55,R,1700,1500,8,0,2
55,R,1700,1500,9,0,2
55,R,1700,1500,10,0,3
55,R,1700,1500,11,0,3
55,R,1700,1500,12,0,2
55,R,1700,1500,13,0,4
55,R,1700,1500,14,0,3
55,R,1700,1500,15,0,4
55,R,1700,1500,16,0,3
55,R,1700,1500,17,0,4
55,R,1700,1500,18,0,4
55,R,1700,1500,19,0,4
55,R,1700,1500,20,0,4
55,R,1700,1500,21,0,5
55,R,1700,1500,22,0,4
55,R,1700,1500,23,0,4
55,R,1700,1500,24,0,5
55,R,1700,1500,25,0,4
55,R,1700,1500,26,0,6
55,R,1700,1500,27,0,5
55,R,1700,1500,28,0,4
55,R,1700,1500,29,0,5
55,R,1700,1500,30,0,6
55,R,1700,1500,31,0,5
55,R,1700,1500,32,0,5
55,R,1700,1500,33,0,6
55,R,1700,1500,34,0,5
55,R,1700,1500,35,0,5
55,R,1700,1500,36,0,6
55,R,1700,1500,37,0,6
55,R,1700,1500,38,0,6
55,R,1700,1500,39,0,5
55,R,1700,1500,40,0,6
55,R,1700,1500,41,0,6
55,R,1700,1500,42,0,6
55,R,1700,1500,43,0,6
55,R,1700,1500,44,0,6
55,R,1700,1500,45,0,6
55,R,1700,1500,46,0,6
55,R,1700,1500,47,0,6
55,R,1700,1500,48,0,7
55,R,1700,1500,49,0,6
55,R,1700,1500,50,0,6
55,R,1700,1500,51,0,6
55,R,1700,1500,52,0,7
55,R,1700,1500,53,0,6
55,R,1700,1500,54,0,6
55,R,1700,1500,55,0,7
55,R,1700,1500,56,0,6
55,R,1700,1500,57,0,7
55,R,1700,1500,58,0,7
55,R,1700,1500,59,0,6
55,R,1700,1500,60,0,7
55,R,1700,1500,61,0,6
55,R,1700,1500,62,0,7
55,R,1700,1500,63,0,7
55,R,1700,1500,64,0,7
55,R,1700,1500,65,0,6
55,R,1700,1500,66,0,7
55,R,1700,1500,67,0,7
55,R,1700,1500,68,0,6
55,R,1700,1500,69,0,7
55,R,1700,1500,70,0,8
55,R,1700,1500,71,0,6
55,R,1700,1500,72,0,7
55,R,1700,1500,73,0,7
55,R,1700,1500,74,0,7
55,R,1700,1500,75,0,7
55,R,1700,1500,76,0,7
55,R,1700,1500,77,0,7
55,R,1700,1500,78,0,7
55,R,1700,1500,79,0,7
55,R,1700,1500,80,0,7
55,R,1700,1500,81,0,7
55,R,1700,1500,82,0,8
55,R,1700,1500,83,0,7
55,R,1700,1500,84,0,6
55,R,1700,1500,85,0,8
55,R,1700,1500,86,0,7
55,R,1700,1500,87,0,7
55,R,1700,1500,88,0,7
55,R,1700,1500,89,0,7
55,R,1700,1500,90,0,8
55,R,1700,1500,91,0,7
55,R,1700,1500,92,0,7
55,R,1700,1500,93,0,7
55,R,1700,1500,94,0,7
55,R,1700,1500,95,0,8
55,R,1700,1500,96,0,7
55,R,1700,1500,97,0,8
55,R,1700,1500,98,0,7
55,R,1700,1500,99,0,7
55,R,1700,1500,100,0,7
55,R,1700,1500,101,0,8
55,R,1700,1500,102,0,7
55,R,1700,1500,103,0,8
55,R,1700,1500,104,0,7
55,R,1700,1500,105,0,7
55,R,1700,1500,106,0,7
55,R,1700,1500,107,0,8
55,R,1700,1500,108,0,7
55,R,1700,1500,109,0,8
55,R,1700,1500,110,0,7
55,R,1700,1500,111,0,8
55,R,1700,1500,112,0,7
55,R,1700,1500,113,0,7
55,R,1700,1500,114,0,8
55,R,1700,1500,115,0,7
55,R,1700,1500,116,0,8
55,R,1700,1500,117,0,7
55,R,1700,1500,118,0,8
55,R,1700,1500,119,0,7
55,R,1700,1500,120,0,7
55,R,1700,1500,121,0,8
55,R,1700,1500,122,0,7
55,R,1700,1500,123,0,8
55,R,1700,1500,124,0,8
55,R,1700,1500,125,0,7
55,R,1700,1500,126,0,8
55,R,1700,1500,127,0,7
55,R,1700,1500,128,0,8
55,R,1700,1500,129,0,7
55,R,1700,1500,130,0,8
55,R,1700,1500,131,0,7
55,R,1700,1500,132,0,8
55,R,1700,1500,133,0,8
55,R,1700,1500,134,0,7
55,R,1700,1500,135,0,8
55,R,1700,1500,136,0,7
55,R,1700,1500,137,0,8
55,R,1700,1500,138,0,7
55,R,1700,1500,139,0,8
55,R,1700,1500,140,0,7
55,R,1700,1500,141,0,8
55,R,1700,1500,142,0,8
55,R,1700,1500,143,0,8
55,R,1700,1500,144,0,7
55,R,1700,1500,145,0,8
55,R,1700,1500,146,0,7
55,R,1700,1500,147,0,8
55,R,1700,1500,148,0,7
55,R,1700,1500,149,0,8
55,R,1700,1500,150,0,8
55,R,1700,1500,151,0,7
55,R,1700,1500,152,0,8
55,R,1700,1500,153,0,8
55,R,1700,1500,154,0,7
55,R,1700,1500,155,0,8
55,R,1700,1500,156,0,8
55,R,1700,1500,157,0,7
55,R,1700,1500,158,0,8
55,R,1700,1500,159,0,7
55,R,1700,1500,160,0,8
55,R,1700,1500,161,0,8
55,R,1700,1500,162,0,7
55,R,1700,1500,163,0,8
55,R,1700,1500,164,0,8
55,R,1700,1500,165,0,8
55,R,1700,1500,166,0,7
55,R,1700,1500,167,0,8
55,R,1700,1500,168,0,7
55,R,1700,1500,169,0,8
55,R,1700,1500,170,0,7
55,R,1700,1500,171,0,8
55,R,1700,1500,172,0,8
55,R,1700,1500,173,0,7
55,R,1700,1500,174,0,8
55,R,1700,1500,175,0,8
55,R,1700,1500,176,0,8
55,R,1700,1500,177,0,7
55,R,1700,1500,178,0,8
55,R,1700,1500,179,0,8
55,R,1700,1500,180,0,7
55,R,1700,1500,181,0,7
55,R,1700,1500,182,0,8
55,R,1700,1500,183,0,8
55,R,1700,1500,184,0,8
55,R,1700,1500,185,0,7
55,R,1700,1500,186,0,8
55,R,1700,1500,187,0,8
55,R,1700,1500,188,0,7
55,R,1700,1500,189,0,8
55,R,1700,1500,190,0,8
55,R,1700,1500,191,0,7
55,R,1700,1500,192,0,7
55,R,1700,1500,193,0,8
55,R,1700,1500,194,0,8
55,R,1700,1500,195,0,8
55,R,1700,1500,196,0,7
55,R,1700,1500,197,0,8
55,R,1700,1500,198,0,8
55,R,1700,1500,199,0,7
55,R,1700,1500,200,0,8
55,R,1700,1500,201,0,8
55,R,1700,1500,202,0,7
55,R,1700,1500,203,0,7
55,R,1700,1500,204,0,8
55,R,1700,1500,205,0,8
55,R,1700,1500,206,0,7
55,R,1700,1500,207,0,7
55,R,1700,1500,208,0,8
55,R,1700,1500,209,0,6
55,R,1700,1500,210,0,8
55,R,1700,1500,211,0,7
55,R,1700,1500,212,0,7
55,R,1700,1500,213,0,7
55,R,1700,1500,214,0,7
55,R,1700,1500,215,0,7
55,R,1700,1500,216,0,7
55,R,1700,1500,217,0,6
55,R,1700,1500,218,0,7
55,R,1700,1500,219,0,7
55,R,1700,1500,220,0,6
55,R,1700,1500,221,0,7
55,R,1700,1500,222,0,7
55,R,1700,1500,223,0,6
55,R,1700,1500,224,0,7
55,R,1700,1500,225,0,6
55,R,1700,1500,226,0,7
55,R,1700,1500,227,0,6
55,R,1700,1500,228,0,6
55,R,1700,1500,229,0,7
55,R,1700,1500,230,0,5
55,R,1700,1500,231,0,7
55,R,1700,1500,232,0,6
55,R,1700,1500,233,0,6
55,R,1700,1500,234,0,6
55,R,1700,1500,235,0,6
55,R,1700,1500,236,0,6
55,R,1700,1500,237,0,6
55,R,1700,1500,238,0,6
55,R,1700,1500,239,0,6
55,R,1700,1500,240,0,5
55,R,1700,1500,241,0,7
55,R,1700,1500,242,0,5
55,R,1700,1500,243,0,6
55,R,1700,1500,244,0,5
55,R,1700,1500,245,0,6
55,R,1700,1500,246,0,6
55,R,1700,1500,247,0,5
55,R,1700,1500,248,0,6
55,R,1700,1500,249,0,5
55,R,1700,1500,250,0,5
55,R,1700,1500,251,0,6
55,R,1700,1500,252,0,5
55,R,1700,1500,253,0,5
55,R,1700,1500,254,0,6
55,R,1700,1500,255,0,5
55,R,1700,1500,256,0,5
55,R,1700,1500,257,0,6
55,R,1700,1500,258,0,5
55,R,1700,1500,259,0,5
55,R,1700,1500,260,0,5
55,R,1700,1500,261,0,5
55,R,1700,1500,262,0,5
55,R,1700,1500,263,0,5
55,R,1700,1500,264,0,5
55,R,1700,1500,265,0,6
55,R,1700,1500,266,0,4
55,R,1700,1500,267,0,5
55,R,1700,1500,268,0,5
55,R,1700,1500,269,0,5
55,R,1700,1500,270,0,5
55,R,1700,1500,271,0,4
55,R,1700,1500,272,0,5
55,R,1700,1500,273,0,5
55,R,1700,1500,274,0,5
55,R,1700,1500,275,0,5
55,R,1700,1500,276,0,4
55,R,1700,1500,277,0,5
55,R,1700,1500,278,0,4
55,R,1700,1500,279,0,5
55,R,1700,1500,280,0,5
55,R,1700,1500,281,0,4
55,R,1700,1500,282,0,5
55,R,1700,1500,283,0,4
55,R,1700,1500,284,0,5
55,R,1700,1500,285,0,4
55,R,1700,1500,286,0,4
55,R,1700,1500,287,0,5
55,R,1700,1500,288,0,4
55,R,1700,1500,289,0,5
55,R,1700,1500,290,0,4
55,R,1700,1500,291,0,5
55,R,1700,1500,292,0,4
55,R,1700,1500,293,0,4
55,R,1700,1500,294,0,4
55,R,1700,1500,295,0,4
55,R,1700,1500,296,0,5
55,R,1700,1500,297,0,4
55,R,1700,1500,298,0,4
55,R,1700,1500,299,0,4
55,R,1700,1500,300,0,4
55,R,1700,1500,301,0,4
55,R,1700,1500,302,0,4
55,R,1700,1500,303,0,5
55,R,1700,1500,304,0,4
55,R,1700,1500,305,0,4
55,R,1700,1500,306,0,4
55,R,1700,1500,307,0,4
55,R,1700,1500,308,0,4
55,R,1700,1500,309,0,4
55,R,1700,1500,310,0,4
55,R,1700,1500,311,0,4
55,R,1700,1500,312,0,4
55,R,1700,1500,313,0,4
55,R,1700,1500,314,0,4
55,R,1700,1500,315,0,3
55,R,1700,1500,316,0,4
55,R,1700,1500,317,0,4
55,R,1700,1500,318,0,4
55,R,1700,1500,319,0,4
55,R,1700,1500,320,0,4
55,R,1700,1500,321,0,4
55,R,1700,1500,322,0,3
55,R,1700,1500,323,0,4
55,R,1700,1500,324,0,4
55,R,1700,1500,325,0,4
55,R,1700,1500,326,0,4
55,R,1700,1500,327,0,4
55,R,1700,1500,328,0,3
55,R,1700,1500,329,0,4
55,R,1700,1500,330,0,4
55,R,1700,1500,331,0,3
55,R,1700,1500,332,0,4
55,R,1700,1500,333,0,3
55,R,1700,1500,334,0,4
55,R,1700,1500,335,0,4
55,R,1700,1500,336,0,3
55,R,1700,1500,337,0,4
55,R,1700,1500,338,0,4
55,R,1700,1500,339,0,4
55,R,1700,1500,340,0,3
55,R,1700,1500,341,0,4
55,R,1700,1500,342,0,3
55,R,1700,1500,343,0,3
55,R,1700,1500,344,0,4
55,R,1700,1500,345,0,4
55,R,1700,1500,346,0,3
55,R,1700,1500,347,0,4
55,R,1700,1500,348,0,3
55,R,1700,1500,349,0,4
55,R,1700,1500,350,0,3
55,R,1700,1500,351,0,4
55,R,1700,1500,352,0,3
55,R,1700,1500,353,0,4
55,R,1700,1500,354,0,3
55,R,1700,1500,355,0,4
55,R,1700,1500,356,0,3
55,R,1700,1500,357,0,3
55,R,1700,1500,358,0,4
55,R,1700,1500,359,0,3
55,R,1700,1500,360,0,3
55,R,1700,1500,361,0,4
55,R,1700,1500,362,0,4
55,R,1700,1500,363,0,3
55,R,1700,1500,364,0,3
55,R,1700,1500,365,0,3
55,R,1700,1500,366,0,4
55,R,1700,1500,367,0,3
55,R,1700,1500,368,0,4
55,R,1700,1500,369,0,3
55,R,1700,1500,370,0,3
55,R,1700,1500,371,0,3
55,R,1700,1500,372,0,4
55,R,1700,1500,373,0,3
55,R,1700,1500,374,0,4
55,R,1700,1500,375,0,3
55,R,1700,1500,376,0,3
55,R,1700,1500,377,0,3
55,R,1700,1500,378,0,4
55,R,1700,1500,379,0,3
55,R,1700,1500,380,0,3
55,R,1700,1500,381,0,4
55,R,1700,1500,382,0,2
55,R,1700,1500,383,0,4
55,R,1700,1500,384,0,3
55,R,1700,1500,385,0,4
55,R,1700,1500,386,0,3
55,R,1700,1500,387,0,3
55,R,1700,1500,388,0,3
55,R,1700,1500,389,0,3
55,R,1700,1500,390,0,4
55,R,1700,1500,391,0,3
55,R,1700,1500,392,0,3
55,R,1700,1500,393,0,3
55,R,1700,1500,394,0,3
55,R,1700,1500,395,0,4
55,R,1700,1500,396,0,3
55,R,1700,1500,397,0,3
55,R,1700,1500,398,0,3
55,R,1700,1500,399,0,3
55,R,1700,1500,400,0,4
55,R,1700,1500,401,0,3
55,R,1700,1500,402,0,2
55,R,1700,1500,403,0,4
55,R,1700,1500,404,0,3
55,R,1700,1500,405,0,3
55,R,1700,1500,406,0,2
55,R,1700,1500,407,0,3
55,R,1700,1500,408,0,3
55,R,1700,1500,409,0,2
55,R,1700,1500,410,0,3
55,R,1700,1500,411,0,3
55,R,1700,1500,412,0,2
55,R,1700,1500,413,0,3
55,R,1700,1500,414,0,2
55,R,1700,1500,415,0,2
55,R,1700,1500,416,0,3
55,R,1700,1500,417,0,2
55,R,1700,1500,418,0,2
55,R,1700,1500,419,0,2
55,R,1700,1500,420,0,3
55,R,1700,1500,421,0,1
55,R,1700,1500,422,0,2
55,R,1700,1500,423,0,2
55,R,1700,1500,424,0,2
55,R,1700,1500,425,0,1
55,R,1700,1500,426,0,2
55,R,1700,1500,427,0,2
55,R,1700,1500,428,0,1
55,R,1700,1500,429,0,2
55,R,1700,1500,430,0,1
55,R,1700,1500,431,0,1
55,R,1700,1500,432,0,2
55,R,1700,1500,433,0,1
55,R,1700,1500,434,0,1
55,R,1700,1500,435,0,2
55,R,1700,1500,436,0,1
55,R,1700,1500,437,0,1
55,R,1700,1500,438,0,1
55,R,1700,1500,439,0,1
55,R,1700,1500,440,0,1
55,R,1700,1500,441,0,1
55,R,1700,1500,442,0,0
55,R,1700,1500,443,0,2
55,R,1700,1500,444,0,1
55,R,1700,1500,445,0,0
55,R,1700,1500,446,0,1
55,R,1700,1500,447,0,0
55,R,1700,1500,448,0,0
55,R,1700,1500,449,0,1
55,R,1700,1500,450,0,1
55,R,1700,1500,451,0,0
55,R,1700,1500,452,0,0
55,R,1700,1500,453,0,0
55,R,1700,1500,454,0,0
55,R,1700,1500,455,0,0
55,R,1700,1500,456,0,0
55,R,1700,1500,457,0,0
55,R,1700,1500,458,0,0
55,R,1700,1500,459,0,0
55,R,1700,1500,460,0,0
55,R,1700,1500,461,0,0
55,R,1700,1500,462,0,0
55,R,1700,1500,463,0,0
55,R,1700,1500,464,0,0
55,R,1700,1500,465,0,0
55,R,1700,1500,466,0,0
55,R,1700,1500,467,0,0
55,R,1700,1500,468,0,0
55,R,1700,1500,469,0,0
55,R,1700,1500,470,0,0
55,R,1700,1500,471,0,0
55,R,1700,1500,472,0,0
55,R,1700,1500,473,0,0
55,R,1700,1500,474,0,0
55,R,1700,1500,475,0,0
55,R,1700,1500,476,0,0
55,R,1700,1500,477,0,0
55,R,1700,1500,478,0,0
55,R,1700,1500,479,0,0
55,R,1700,1500,480,0,0
55,R,1700,1500,481,0,0
55,R,1700,1500,482,0,0
55,R,1700,1500,483,0,0
55,R,1700,1500,484,0,0
55,R,1700,1500,485,0,0
55,R,1700,1500,486,0,0
55,R,1700,1500,487,0,0
55,R,1700,1500,488,0,0
55,R,1700,1500,489,0,0
55,R,1700,1500,490,0,0
55,R,1700,1500,491,0,0
55,R,1700,1500,492,0,0
55,R,1700,1500,493,0,0
55,R,1700,1500,494,0,0
55,R,1700,1500,495,0,0
55,R,1700,1500,496,0,0
55,R,1700,1500,497,0,0
55,R,1700,1500,498,0,0
55,R,1700,1500,499,0,0
56,R,1700,1600,0,0,0
56,R,1700,1600,1,0,0
56,R,1700,1600,2,0,1
56,R,1700,1600,3,0,0
56,R,1700,1600,4,0,1
56,R,1700,1600,5,0,2
56,R,1700,1600,6,0,1
56,R,1700,1600,7,0,2
56,R,1700,1600,8,0,2
56,R,1700,1600,9,0,3
56,R,1700,1600,10,0,2
56,R,1700,1600,11,0,3
56,R,1700,1600,12,0,3
56,R,1700,1600,13,0,3
56,R,1700,1600,14,0,3
56,R,1700,1600,15,0,4
56,R,1700,1600,16,0,3
56,R,1700,1600,17,0,4
56,R,1700,1600,18,0,4
56,R,1700,1600,19,0,4
56,R,1700,1600,20,0,4
56,R,1700,1600,21,0,4
56,R,1700,1600,22,0,5
56,R,1700,1600,23,0,4
56,R,1700,1600,24,0,5
56,R,1700,1600,25,0,5
56,R,1700,1600,26,0,5
56,R,1700,1600,27,0,4
56,R,1700,1600,28,0,5
56,R,1700,1600,29,0,5
56,R,1700,1600,30,0,6
56,R,1700,1600,31,0,5
56,R,1700,1600,32,0,5
56,R,1700,1600,33,0,6
56,R,1700,1600,34,0,5
56,R,1700,1600,35,0,5
56,R,1700,1600,36,0,6
56,R,1700,1600,37,0,5
56,R,1700,1600,38,0,7
56,R,1700,1600,39,0,5
56,R,1700,1600,40,0,6
56,R,1700,1600,41,0,6
56,R,1700,1600,42,0,6
56,R,1700,1600,43,0,5
56,R,1700,1600,44,0,7
56,R,1700,1600,45,0,6
56,R,1700,1600,46,0,6
56,R,1700,1600,47,0,6
56,R,1700,1600,48,0,6
56,R,1700,1600,49,0,6
56,R,1700,1600,50,0,7
56,R,1700,1600,51,0,6
56,R,1700,1600,52,0,6
56,R,1700,1600,53,0,7
56,R,1700,1600,54,0,6
56,R,1700,1600,55,0,7
56,R,1700,1600,56,0,6
56,R,1700,1600,57,0,6
56,R,1700,1600,58,0,7
56,R,1700,1600,59,0,6
56,R,1700,1600,60,0,7
56,R,1700,1600,61,0,7
56,R,1700,1600,62,0,6
56,R,1700,1600,63,0,7
56,R,1700,1600,64,0,7
56,R,1700,1600,65,0,7
56,R,1700,1600,66,0,6
56,R,1700,1600,67,0,8
56,R,1700,1600,68,0,6
56,R,1700,1600,69,0,7
56,R,1700,1600,70,0,7
56,R,1700,1600,71,0,7
56,R,1700,1600,72,0,6
56,R,1700,1600,73,0,8
56,R,1700,1600,74,0,7
56,R,1700,1600,75,0,7
56,R,1700,1600,76,0,6
56,R,1700,1600,77,0,7
56,R,1700,1600,78,0,8
56,R,1700,1600,79,0,7
56,R,1700,1600,80,0,6
56,R,1700,1600,81,0,8
56,R,1700,1600,82,0,7
56,R,1700,1600,83,0,7
56,R,1700,1600,84,0,7
56,R,1700,1600,85,0,7
56,R,1700,1600,86,0,7
56,R,1700,1600,87,0,8
56,R,1700,1600,88,0,7
56,R,1700,1600,89,0,7
56,R,1700,1600,90,0,7
56,R,1700,1600,91,0,7
56,R,1700,1600,92,0,8
56,R,1700,1600,93,0,7
56,R,1700,1600,94,0,7
56,R,1700,1600,95,0,7
56,R,1700,1600,96,0,7
56,R,1700,1600,97,0,8
56,R,1700,1600,98,0,7
56,R,1700,1600,99,0,8
56,R,1700,1600,100,0,6
56,R,1700,1600,101,0,8
56,R,1700,1600,102,0,7
56,R,1700,1600,103,0,8
56,R,1700,1600,104,0,7
56,R,1700,1600,105,0,7
56,R,1700,1600,106,0,7
56,R,1700,1600,107,0,8
56,R,1700,1600,108,0,7
56,R,1700,1600,109,0,8
56,R,1700,1600,110,0,7
56,R,1700,1600,111,0,8
56,R,1700,1600,112,0,7
56,R,1700,1600,113,0,7
56,R,1700,1600,114,0,8
56,R,1700,1600,115,0,7
56,R,1700,1600,116,0,8
56,R,1700,1600,117,0,7
56,R,1700,1600,118,0,8
56,R,1700,1600,119,0,7
56,R,1700,1600,120,0,7
56,R,1700,1600,121,0,8
56,R,1700,1600,122,0,7
56,R,1700,1600,123,0,8
56,R,1700,1600,124,0,8
56,R,1700,1600,125,0,7
56,R,1700,1600,126,0,7
56,R,1700,1600,127,0,8
56,R,1700,1600,128,0,7
56,R,1700,1600,129,0,8
56,R,1700,1600,130,0,7
56,R,1700,1600,131,0,8
56,R,1700,1600,132,0,8
56,R,1700,1600,133,0,7
56,R,1700,1600,134,0,8
56,R,1700,1600,135,0,7
56,R,1700,1600,136,0,7
56,R,1700,1600,137,0,8
56,R,1700,1600,138,0,7
56,R,1700,1600,139,0,8
56,R,1700,1600,140,0,8
56,R,1700,1600,141,0,7
56,R,1700,1600,142,0,8
56,R,1700,1600,143,0,8
56,R,1700,1600,144,0,7
56,R,1700,1600,145,0,7
56,R,1700,1600,146,0,8
56,R,1700,1600,147,0,8
56,R,1700,1600,148,0,7
56,R,1700,1600,149,0,8
56,R,1700,1600,150,0,8
56,R,1700,1600,151,0,8
56,R,1700,1600,152,0,7
56,R,1700,1600,153,0,8
56,R,1700,1600,154,0,7
56,R,1700,1600,155,0,7
56,R,1700,1600,156,0,8
56,R,1700,1600,157,0,8
56,R,1700,1600,158,0,7
56,R,1700,1600,159,0,8
56,R,1700,1600,160,0,8
56,R,1700,1600,161,0,8
56,R,1700,1600,162,0,7
56,R,1700,1600,163,0,8
56,R,1700,1600,164,0,8
56,R,1700,1600,165,0,7
56,R,1700,1600,166,0,8
56,R,1700,1600,167,0,7
56,R,1700,1600,168,0,8
56,R,1700,1600,169,0,8
56,R,1700,1600,170,0,7
56,R,1700,1600,171,0,8
56,R,1700,1600,172,0,8
56,R,1700,1600,173,0,8
56,R,1700,1600,174,0,7
56,R,1700,1600,175,0,8
56,R,1700,1600,176,0,8
56,R,1700,1600,177,0,7
56,R,1700,1600,178,0,8
56,R,1700,1600,179,0,7
56,R,1700,1600,180,0,8
56,R,1700,1600,181,0,8
56,R,1700,1600,182,0,7
56,R,1700,1600,183,0,8
56,R,1700,1600,184,0,8
56,R,1700,1600,185,0,8
56,R,1700,1600,186,0,8
56,R,1700,1600,187,0,7
56,R,1700,1600,188,0,8
56,R,1700,1600,189,0,8
56,R,1700,1600,190,0,7
56,R,1700,1600,191,0,8
56,R,1700,1600,192,0,7
56,R,1700,1600,193,0,8
56,R,1700,1600,194,0,8
56,R,1700,1600,195,0,8
56,R,1700,1600,196,0,7
56,R,1700,1600,197,0,8
56,R,1700,1600,198,0,8
56,R,1700,1600,199,0,8
56,R,1700,1600,200,0,7
56,R,1700,1600,201,0,8
56,R,1700,1600,202,0,8
56,R,1700,1600,203,0,7
56,R,1700,1600,204,0,8
56,R,1700,1600,205,0,7
56,R,1700,1600,206,0,8
56,R,1700,1600,207,0,7
56,R,1700,1600,208,0,8
56,R,1700,1600,209,0,7
56,R,1700,1600,210,0,8
56,R,1700,1600,211,0,6
56,R,1700,1600,212,0,8
56,R,1700,1600,213,0,7
56,R,1700,1600,214,0,8
56,R,1700,1600,215,0,7
56,R,1700,1600,216,0,6
56,R,1700,1600,217,0,8
56,R,1700,1600,218,0,7
56,R,1700,1600,219,0,7
56,R,1700,1600,220,0,7
56,R,1700,1600,221,0,7
56,R,1700,1600,222,0,7
56,R,1700,1600,223,0,7
56,R,1700,1600,224,0,6
56,R,1700,1600,225,0,7
56,R,1700,1600,226,0,8
56,R,1700,1600,227,0,6
56,R,1700,1600,228,0,7
56,R,1700,1600,229,0,7
56,R,1700,1600,230,0,6
56,R,1700,1600,231,0,7
56,R,1700,1600,232,0,7
56,R,1700,1600,233,0,6
56,R,1700,1600,234,0,7
56,R,1700,1600,235,0,6
56,R,1700,1600,236,0,6
56,R,1700,1600,237,0,7
56,R,1700,1600,238,0,7
56,R,1700,1600,239,0,6
56,R,1700,1600,240,0,7
56,R,1700,1600,241,0,6
56,R,1700,1600,242,0,6
56,R,1700,1600,243,0,7
56,R,1700,1600,244,0,6
56,R,1700,1600,245,0,7
56,R,1700,1600,246,0,5
56,R,1700,1600,247,0,7
56,R,1700,1600,248,0,6
56,R,1700,1600,249,0,6
56,R,1700,1600,250,0,7
56,R,1700,1600,251,0,6
56,R,1700,1600,252,0,6
56,R,1700,1600,253,0,6
56,R,1700,1600,254,0,7
56,R,1700,1600,255,0,5
56,R,1700,1600,256,0,7
56,R,1700,1600,257,0,5
56,R,1700,1600,258,0,7
56,R,1700,1600,259,0,6
56,R,1700,1600,260,0,6
56,R,1700,1600,261,0,6
56,R,1700,1600,262,0,6
56,R,1700,1600,263,0,6
56,R,1700,1600,264,0,6
56,R,1700,1600,265,0,6
56,R,1700,1600,266,0,6
56,R,1700,1600,267,0,5
56,R,1700,1600,268,0,7
56,R,1700,1600,269,0,5
56,R,1700,1600,270,0,7
56,R,1700,1600,271,0,5
56,R,1700,1600,272,0,6
56,R,1700,1600,273,0,6
56,R,1700,1600,274,0,6
56,R,1700,1600,275,0,6
56,R,1700,1600,276,0,6
56,R,1700,1600,277,0,5
56,R,1700,1600,278,0,6
56,R,1700,1600,279,0,6
56,R,1700,1600,280,0,5
56,R,1700,1600,281,0,7
56,R,1700,1600,282,0,5
56,R,1700,1600,283,0,6
56,R,1700,1600,284,0,5
56,R,1700,1600,285,0,6
56,R,1700,1600,286,0,6
56,R,1700,1600,287,0,5
56,R,1700,1600,288,0,6
56,R,1700,1600,289,0,6
56,R,1700,1600,290,0,6
56,R,1700,1600,291,0,5
56,R,1700,1600,292,0,6
56,R,1700,1600,293,0,6
56,R,1700,1600,294,0,5
56,R,1700,1600,295,0,6
56,R,1700,1600,296,0,5
56,R,1700,1600,297,0,6
56,R,1700,1600,298,0,6
56,R,1700,1600,299,0,5
56,R,1700,1600,300,0,6
56,R,1700,1600,301,0,5
56,R,1700,1600,302,0,5
56,R,1700,1600,303,0,6
56,R,1700,1600,304,0,6
56,R,1700,1600,305,0,5
56,R,1700,1600,306,0,6
56,R,1700,1600,307,0,5
56,R,1700,1600,308,0,6
56,R,1700,1600,309,0,5
56,R,1700,1600,310,0,6
56,R,1700,1600,311,0,6
56,R,1700,1600,312,0,5
56,R,1700,1600,313,0,5
56,R,1700,1600,314,0,6
56,R,1700,1600,315,0,5
56,R,1700,1600,316,0,6
56,R,1700,1600,317,0,5
56,R,1700,1600,318,0,5
56,R,1700,1600,319,0,6
56,R,1700,1600,320,0,6
56,R,1700,1600,321,0,5
56,R,1700,1600,322,0,6
56,R,1700,1600,323,0,5
56,R,1700,1600,324,0,6
56,R,1700,1600,325,0,5
56,R,1700,1600,326,0,5
56,R,1700,1600,327,0,6
56,R,1700,1600,328,0,5
56,R,1700,1600,329,0,5
56,R,1700,1600,330,0,6
56,R,1700,1600,331,0,5
56,R,1700,1600,332,0,6
56,R,1700,1600,333,0,6
56,R,1700,1600,334,0,5
56,R,1700,1600,335,0,5
56,R,1700,1600,336,0,6
56,R,1700,1600,337,0,5
56,R,1700,1600,338,0,6
56,R,1700,1600,339,0,5
56,R,1700,1600,340,0,5
56,R,1700,1600,341,0,6
56,R,1700,1600,342,0,5
56,R,1700,1600,343,0,5
56,R,1700,1600,344,0,6
56,R,1700,1600,345,0,5
56,R,1700,1600,346,0,5
56,R,1700,1600,347,0,6
56,R,1700,1600,348,0,5
56,R,1700,1600,349,0,5
56,R,1700,1600,350,0,6
56,R,1700,1600,351,0,5
56,R,1700,1600,352,0,5
56,R,1700,1600,353,0,6
56,R,1700,1600,354,0,5
56,R,1700,1600,355,0,6
56,R,1700,1600,356,0,6
56,R,1700,1600,357,0,5
56,R,1700,1600,358,0,5
56,R,1700,1600,359,0,6
56,R,1700,1600,360,0,5
56,R,1700,1600,361,0,5
56,R,1700,1600,362,0,6
56,R,1700,1600,363,0,5
56,R,1700,1600,364,0,5
56,R,1700,1600,365,0,6
56,R,1700,1600,366,0,5
56,R,1700,1600,367,0,5
56,R,1700,1600,368,0,6
56,R,1700,1600,369,0,5
56,R,1700,1600,370,0,5
56,R,1700,1600,371,0,6
56,R,1700,1600,372,0,5
56,R,1700,1600,373,0,5
56,R,1700,1600,374,0,6
56,R,1700,1600,375,0,5
56,R,1700,1600,376,0,5
56,R,1700,1600,377,0,6
56,R,1700,1600,378,0,5
56,R,1700,1600,379,0,5
56,R,1700,1600,380,0,6
56,R,1700,1600,381,0,5
56,R,1700,1600,382,0,5
56,R,1700,1600,383,0,6
56,R,1700,1600,384,0,5
56,R,1700,1600,385,0,5
56,R,1700,1600,386,0,6
56,R,1700,1600,387,0,5
56,R,1700,1600,388,0,5
56,R,1700,1600,389,0,6
56,R,1700,1600,390,0,5
56,R,1700,1600,391,0,5
56,R,1700,1600,392,0,6
56,R,1700,1600,393,0,5
56,R,1700,1600,394,0,5
56,R,1700,1600,395,0,6
56,R,1700,1600,396,0,5
56,R,1700,1600,397,0,5
56,R,1700,1600,398,0,6
56,R,1700,1600,399,0,5
56,R,1700,1600,400,0,5
56,R,1700,1600,401,0,6
56,R,1700,1600,402,0,4
56,R,1700,1600,403,0,6
56,R,1700,1600,404,0,5
56,R,1700,1600,405,0,5
56,R,1700,1600,406,0,5
56,R,1700,1600,407,0,4
56,R,1700,1600,408,0,6
56,R,1700,1600,409,0,4
56,R,1700,1600,410,0,5
56,R,1700,1600,411,0,4
56,R,1700,1600,412,0,5
56,R,1700,1600,413,0,4
56,R,1700,1600,414,0,5
56,R,1700,1600,415,0,4
56,R,1700,1600,416,0,5
56,R,1700,1600,417,0,4
56,R,1700,1600,418,0,4
56,R,1700,1600,419,0,4
56,R,1700,1600,420,0,4
56,R,1700,1600,421,0,4
56,R,1700,1600,422,0,4
56,R,1700,1600,423,0,3
56,R,1700,1600,424,0,4
56,R,1700,1600,425,0,3
56,R,1700,1600,426,0,4
56,R,1700,1600,427,0,3
56,R,1700,1600,428,0,4
56,R,1700,1600,429,0,4
56,R,1700,1600,430,0,3
56,R,1700,1600,431,0,3
56,R,1700,1600,432,0,3
56,R,1700,1600,433,0,3
56,R,1700,1600,434,0,3
56,R,1700,1600,435,0,3
56,R,1700,1600,436,0,3
56,R,1700,1600,437,0,3
56,R,1700,1600,438,0,3
56,R,1700,1600,439,0,2
56,R,1700,1600,440,0,3
56,R,1700,1600,441,0,3
56,R,1700,1600,442,0,2
56,R,1700,1600,443,0,3
56,R,1700,1600,444,0,2
56,R,1700,1600,445,0,3
56,R,1700,1600,446,0,2
56,R,1700,1600,447,0,2
56,R,1700,1600,448,0,3
56,R,1700,1600,449,0,1
56,R,1700,1600,450,0,3
56,R,1700,1600,451,0,1
56,R,1700,1600,452,0,3
56,R,1700,1600,453,0,1
56,R,1700,1600,454,0,3
56,R,1700,1600,455,0,1
56,R,1700,1600,456,0,2
56,R,1700,1600,457,0,1
56,R,1700,1600,458,0,2
56,R,1700,1600,459,0,2
56,R,1700,1600,460,0,1
56,R,1700,1600,461,0,2
56,R,1700,1600,462,0,1
56,R,1700,1600,463,0,1
56,R,1700,1600,464,0,2
56,R,1700,1600,465,0,1
56,R,1700,1600,466,0,1
56,R,1700,1600,467,0,2
56,R,1700,1600,468,0,1
56,R,1700,1600,469,0,1
56,R,1700,1600,470,0,0
56,R,1700,1600,471,0,2
56,R,1700,1600,472,0,1
56,R,1700,1600,473,0,0
56,R,1700,1600,474,0,1
56,R,1700,1600,475,0,0
56,R,1700,1600,476,0,1
56,R,1700,1600,477,0,1
56,R,1700,1600,478,0,0
56,R,1700,1600,479,0,1
56,R,1700,1600,480,0,0
56,R,1700,1600,481,0,1
56,R,1700,1600,482,0,0
56,R,1700,1600,483,0,0
56,R,1700,1600,484,0,1
56,R,1700,1600,485,0,1
56,R,1700,1600,486,0,0
56,R,1700,1600,487,0,0
56,R,1700,1600,488,0,0
56,R,1700,1600,489,0,0
56,R,1700,1600,490,0,0
56,R,1700,1600,491,0,0
56,R,1700,1600,492,0,0
56,R,1700,1600,493,0,0
56,R,1700,1600,494,0,0
56,R,1700,1600,495,0,0
56,R,1700,1600,496,0,0
56,R,1700,1600,497,0,-1
56,R,1700,1600,498,0,0
56,R,1700,1600,499,0,0
57,R,2000,1500,0,0,0
57,R,2000,1500,1,0,0
57,R,2000,1500,2,0,1
57,R,2000,1500,3,0,2
57,R,2000,1500,4,0,3
57,R,2000,1500,5,0,4
57,R,2000,1500,6,0,4
57,R,2000,1500,7,0,5
57,R,2000,1500,8,0,5
57,R,2000,1500,9,0,6
57,R,2000,1500,10,0,7
57,R,2000,1500,11,0,7
57,R,2000,1500,12,0,7
57,R,2000,1500,13,0,8
57,R,2000,1500,14,0,9
57,R,2000,1500,15,0,9
57,R,2000,1500,16,0,9
57,R,2000,1500,17,0,9
57,R,2000,1500,18,0,9
57,R,2000,1500,19,0,10
57,R,2000,1500,20,0,10
57,R,2000,1500,21,0,10
57,R,2000,1500,22,0,11
57,R,2000,1500,23,0,11
57,R,2000,1500,24,0,11
57,R,2000,1500,25,0,11
57,R,2000,1500,26,0,11
57,R,2000,1500,27,0,12
57,R,2000,1500,28,0,12
57,R,2000,1500,29,0,11
57,R,2000,1500,30,0,12
57,R,2000,1500,31,0,12
57,R,2000,1500,32,0,13
57,R,2000,1500,33,0,12
57,R,2000,1500,34,0,13
57,R,2000,1500,35,0,12
57,R,2000,1500,36,0,12
57,R,2000,1500,37,0,13
57,R,2000,1500,38,0,14
57,R,2000,1500,39,0,13
57,R,2000,1500,40,0,12
57,R,2000,1500,41,0,13
57,R,2000,1500,42,0,14
57,R,2000,1500,43,0,13
57,R,2000,1500,44,0,13
57,R,2000,1500,45,0,14
57,R,2000,1500,46,0,14
57,R,2000,1500,47,0,13
57,R,2000,1500,48,0,14
57,R,2000,1500,49,0,14
57,R,2000,1500,50,0,14
57,R,2000,1500,51,0,13
57,R,2000,1500,52,0,15
57,R,2000,1500,53,0,13
57,R,2000,1500,54,0,15
57,R,2000,1500,55,0,13
57,R,2000,1500,56,0,15
57,R,2000,1500,57,0,14
57,R,2000,1500,58,0,14
57,R,2000,1500,59,0,14
57,R,2000,1500,60,0,15
57,R,2000,1500,61,0,14
57,R,2000,1500,62,0,14
57,R,2000,1500,63,0,15
57,R,2000,1500,64,0,15
57,R,2000,1500,65,0,14
57,R,2000,1500,66,0,15
57,R,2000,1500,67,0,14
57,R,2000,1500,68,0,14
57,R,2000,1500,69,0,15
57,R,2000,1500,70,0,15
57,R,2000,1500,71,0,14
57,R,2000,1500,72,0,16
57,R,2000,1500,73,0,14
57,R,2000,1500,74,0,15
57,R,2000,1500,75,0,15
57,R,2000,1500,76,0,15
57,R,2000,1500,77,0,14
57,R,2000,1500,78,0,15
57,R,2000,1500,79,0,15
57,R,2000,1500,80,0,15
57,R,2000,1500,81,0,15
57,R,2000,1500,82,0,15
57,R,2000,1500,83,0,15
57,R,2000,1500,84,0,15
57,R,2000,1500,85,0,15
57,R,2000,1500,86,0,15
57,R,2000,1500,87,0,15
57,R,2000,1500,88,0,15
57,R,2000,1500,89,0,15
57,R,2000,1500,90,0,15
57,R,2000,1500,91,0,16
57,R,2000,1500,92,0,15
57,R,2000,1500,93,0,15
57,R,2000,1500,94,0,15
57,R,2000,1500,95,0,15
57,R,2000,1500,96,0,16
57,R,2000,1500,97,0,15
57,R,2000,1500,98,0,15
57,R,2000,1500,99,0,15
57,R,2000,1500,100,0,15
57,R,2000,1500,101,0,16
57,R,2000,1500,102,0,15
57,R,2000,1500,103,0,15
57,R,2000,1500,104,0,15
57,R,2000,1500,105,0,16
57,R,2000,1500,106,0,15
57,R,2000,1500,107,0,16
57,R,2000,1500,108,0,15
57,R,2000,1500,109,0,15
57,R,2000,1500,110,0,15
57,R,2000,1500,111,0,16
57,R,2000,1500,112,0,15
57,R,2000,1500,113,0,16
57,R,2000,1500,114,0,15
57,R,2000,1500,115,0,15
57,R,2000,1500,116,0,15
57,R,2000,1500,117,0,16
57,R,2000,1500,118,0,15
57,R,2000,1500,119,0,16
57,R,2000,1500,120,0,15
57,R,2000,1500,121,0,16
57,R,2000,1500,122,0,15
57,R,2000,1500,123,0,15
57,R,2000,1500,124,0,16
57,R,2000,1500,125,0,15
57,R,2000,1500,126,0,16
57,R,2000,1500,127,0,16
57,R,2000,1500,128,0,15
57,R,2000,1500,129,0,15
57,R,2000,1500,130,0,15
57,R,2000,1500,131,0,16
57,R,2000,1500,132,0,15
57,R,2000,1500,133,0,16
57,R,2000,1500,134,0,16
57,R,2000,1500,135,0,15
57,R,2000,1500,136,0,16
57,R,2000,1500,137,0,15
57,R,2000,1500,138,0,15
57,R,2000,1500,139,0,16
57,R,2000,1500,140,0,16
57,R,2000,1500,141,0,15
57,R,2000,1500,142,0,16
57,R,2000,1500,143,0,15
57,R,2000,1500,144,0,16
57,R,2000,1500,145,0,15
57,R,2000,1500,146,0,16
57,R,2000,1500,147,0,16
57,R,2000,1500,148,0,15
57,R,2000,1500,149,0,15
57,R,2000,1500,150,0,16
57,R,2000,1500,151,0,16
57,R,2000,1500,152,0,15
57,R,2000,1500,153,0,16
57,R,2000,1500,154,0,15
57,R,2000,1500,155,0,15
57,R,2000,1500,156,0,16
57,R,2000,1500,157,0,16
57,R,2000,1500,158,0,15
57,R,2000,1500,159,0,16
57,R,2000,1500,160,0,16
57,R,2000,1500,161,0,15
57,R,2000,1500,162,0,16
57,R,2000,1500,163,0,15
57,R,2000,1500,164,0,16
57,R,2000,1500,165,0,15
57,R,2000,1500,166,0,16
57,R,2000,1500,167,0,16
57,R,2000,1500,168,0,15
57,R,2000,1500,169,0,16
57,R,2000,1500,170,0,16
57,R,2000,1500,171,0,16
57,R,2000,1500,172,0,15
57,R,2000,1500,173,0,16
57,R,2000,1500,174,0,15
57,R,2000,1500,175,0,16
57,R,2000,1500,176,0,15
57,R,2000,1500,177,0,16
57,R,2000,1500,178,0,16
57,R,2000,1500,179,0,15
57,R,2000,1500,180,0,16
57,R,2000,1500,181,0,16
57,R,2000,1500,182,0,16
57,R,2000,1500,183,0,15
57,R,2000,1500,184,0,16
57,R,2000,1500,185,0,16
57,R,2000,1500,186,0,15
57,R,2000,1500,187,0,16
57,R,2000,1500,188,0,15
57,R,2000,1500,189,0,16
57,R,2000,1500,190,0,16
57,R,2000,1500,191,0,15
57,R,2000,1500,192,0,16
57,R,2000,1500,193,0,16
57,R,2000,1500,194,0,16
57,R,2000,1500,195,0,15
57,R,2000,1500,196,0,16
57,R,2000,1500,197,0,15
57,R,2000,1500,198,0,16
57,R,2000,1500,199,0,15
57,R,2000,1500,200,0,16
57,R,2000,1500,201,0,16
57,R,2000,1500,202,0,15
57,R,2000,1500,203,0,16
57,R,2000,1500,204,0,16
57,R,2000,1500,205,0,15
57,R,2000,1500,206,0,15
57,R,2000,1500,207,0,15
57,R,2000,1500,208,0,15
57,R,2000,1500,209,0,15
57,R,2000,1500,210,0,15
57,R,2000,1500,211,0,14
57,R,2000,1500,212,0,15
57,R,2000,1500,213,0,14
57,R,2000,1500,214,0,15
57,R,2000,1500,215,0,14
57,R,2000,1500,216,0,14
57,R,2000,1500,217,0,15
57,R,2000,1500,218,0,13
57,R,2000,1500,219,0,15
57,R,2000,1500,220,0,13
57,R,2000,1500,221,0,14
57,R,2000,1500,222,0,14
57,R,2000,1500,223,0,13
57,R,2000,1500,224,0,14
57,R,2000,1500,225,0,13
57,R,2000,1500,226,0,13
57,R,2000,1500,227,0,14
57,R,2000,1500,228,0,13
57,R,2000,1500,229,0,13
57,R,2000,1500,230,0,13
57,R,2000,1500,231,0,13
57,R,2000,1500,232,0,13
57,R,2000,1500,233,0,12
57,R,2000,1500,234,0,13
57,R,2000,1500,235,0,12
57,R,2000,1500,236,0,13
57,R,2000,1500,237,0,12
57,R,2000,1500,238,0,13
57,R,2000,1500,239,0,12
57,R,2000,1500,240,0,12
57,R,2000,1500,241,0,12
57,R,2000,1500,242,0,12
57,R,2000,1500,243,0,12
57,R,2000,1500,244,0,12
57,R,2000,1500,245,0,11
57,R,2000,1500,246,0,12
57,R,2000,1500,247,0,11
57,R,2000,1500,248,0,12
57,R,2000,1500,249,0,11
57,R,2000,1500,250,0,12
57,R,2000,1500,251,0,11
57,R,2000,1500,252,0,11
57,R,2000,1500,253,0,11
57,R,2000,1500,254,0,11
57,R,2000,1500,255,0,12
57,R,2000,1500,256,0,10
57,R,2000,1500,257,0,11
57,R,2000,1500,258,0,11
57,R,2000,1500,259,0,11
57,R,2000,1500,260,0,10
57,R,2000,1500,261,0,11
57,R,2000,1500,262,0,10
57,R,2000,1500,263,0,10
57,R,2000,1500,264,0,11
57,R,2000,1500,265,0,10
57,R,2000,1500,266,0,11
57,R,2000,1500,267,0,9
57,R,2000,1500,268,0,11
57,R,2000,1500,269,0,9
57,R,2000,1500,270,0,11
57,R,2000,1500,271,0,9
57,R,2000,1500,272,0,10
57,R,2000,1500,273,0,9
57,R,2000,1500,274,0,10
57,R,2000,1500,275,0,10
57,R,2000,1500,276,0,9
57,R,2000,1500,277,0,10
57,R,2000,1500,278,0,9
57,R,2000,1500,279,0,9
57,R,2000,1500,280,0,10
57,R,2000,1500,281,0,9
57,R,2000,1500,282,0,9
57,R,2000,1500,283,0,9
57,R,2000,1500,284,0,9
57,R,2000,1500,285,0,9
57,R,2000,1500,286,0,9
57,R,2000,1500,287,0,9
57,R,2000,1500,288,0,9
57,R,2000,1500,289,0,9
57,R,2000,1500,290,0,8
57,R,2000,1500,291,0,9
57,R,2000,1500,292,0,8
57,R,2000,1500,293,0,8
57,R,2000,1500,294,0,9
57,R,2000,1500,295,0,9
57,R,2000,1500,296,0,8
57,R,2000,1500,297,0,8
57,R,2000,1500,298,0,8
57,R,2000,1500,299,0,9
57,R,2000,1500,300,0,8
57,R,2000,1500,301,0,8
57,R,2000,1500,302,0,8
57,R,2000,1500,303,0,7
57,R,2000,1500,304,0,8
57,R,2000,1500,305,0,8
57,R,2000,1500,306,0,8
57,R,2000,1500,307,0,8
57,R,2000,1500,308,0,7
57,R,2000,1500,309,0,7
57,R,2000,1500,310,0,8
57,R,2000,1500,311,0,7
57,R,2000,1500,312,0,8
57,R,2000,1500,313,0,8
57,R,2000,1500,314,0,7
57,R,2000,1500,315,0,7
57,R,2000,1500,316,0,7
57,R,2000,1500,317,0,7
57,R,2000,1500,318,0,8
57,R,2000,1500,319,0,7
57,R,2000,1500,320,0,6
57,R,2000,1500,321,0,7
57,R,2000,1500,322,0,8
57,R,2000,1500,323,0,6
57,R,2000,1500,324,0,7
57,R,2000,1500,325,0,7
57,R,2000,1500,326,0,7
57,R,2000,1500,327,0,6
57,R,2000,1500,328,0,7
57,R,2000,1500,329,0,6
57,R,2000,1500,330,0,7
57,R,2000,1500,331,0,7
57,R,2000,1500,332,0,6
57,R,2000,1500,333,0,6
57,R,2000,1500,334,0,7
57,R,2000,1500,335,0,6
57,R,2000,1500,336,0,6
57,R,2000,1500,337,0,6
57,R,2000,1500,338,0,7
57,R,2000,1500,339,0,5
57,R,2000,1500,340,0,7
57,R,2000,1500,341,0,5
57,R,2000,1500,342,0,7
57,R,2000,1500,343,0,5
57,R,2000,1500,344,0,7
57,R,2000,1500,345,0,5
57,R,2000,1500,346,0,7
57,R,2000,1500,347,0,5
57,R,2000,1500,348,0,6
57,R,2000,1500,349,0,6
57,R,2000,1500,350,0,6
57,R,2000,1500,351,0,5
57,R,2000,1500,352,0,6
57,R,2000,1500,353,0,6
57,R,2000,1500,354,0,5
57,R,2000,1500,355,0,6
57,R,2000,1500,356,0,5
57,R,2000,1500,357,0,5
57,R,2000,1500,358,0,6
57,R,2000,1500,359,0,5
57,R,2000,1500,360,0,5
57,R,2000,1500,361,0,6
57,R,2000,1500,362,0,5
57,R,2000,1500,363,0,5
57,R,2000,1500,364,0,6
57,R,2000,1500,365,0,5
57,R,2000,1500,366,0,5
57,R,2000,1500,367,0,5
57,R,2000,1500,368,0,6
57,R,2000,1500,369,0,4
57,R,2000,1500,370,0,5
57,R,2000,1500,371,0,6
57,R,2000,1500,372,0,5
57,R,2000,1500,373,0,4
57,R,2000,1500,374,0,5
57,R,2000,1500,375,0,5
57,R,2000,1500,376,0,5
57,R,2000,1500,377,0,5
57,R,2000,1500,378,0,4
57,R,2000,1500,379,0,5
57,R,2000,1500,380,0,5
57,R,2000,1500,381,0,5
57,R,2000,1500,382,0,5
57,R,2000,1500,383,0,4
57,R,2000,1500,384,0,5
57,R,2000,1500,385,0,4
57,R,2000,1500,386,0,5
57,R,2000,1500,387,0,5
57,R,2000,1500,388,0,4
57,R,2000,1500,389,0,5
57,R,2000,1500,390,0,4
57,R,2000,1500,391,0,4
57,R,2000,1500,392,0,5
57,R,2000,1500,393,0,4
57,R,2000,1500,394,0,4
57,R,2000,1500,395,0,5
57,R,2000,1500,396,0,4
57,R,2000,1500,397,0,5
57,R,2000,1500,398,0,4
57,R,2000,1500,399,0,4
57,R,2000,1500,400,0,5
57,R,2000,1500,401,0,4
57,R,2000,1500,402,0,4
57,R,2000,1500,403,0,4
57,R,2000,1500,404,0,4
57,R,2000,1500,405,0,4
57,R,2000,1500,406,0,4
57,R,2000,1500,407,0,4
57,R,2000,1500,408,0,4
57,R,2000,1500,409,0,3
57,R,2000,1500,410,0,4
57,R,2000,1500,411,0,4
57,R,2000,1500,412,0,3
57,R,2000,1500,413,0,3
57,R,2000,1500,414,0,3
57,R,2000,1500,415,0,4
57,R,2000,1500,416,0,3
57,R,2000,1500,417,0,3
57,R,2000,1500,418,0,3
57,R,2000,1500,419,0,3
57,R,2000,1500,420,0,4
57,R,2000,1500,421,0,3
57,R,2000,1500,422,0,2
57,R,2000,1500,423,0,3
57,R,2000,1500,424,0,3
57,R,2000,1500,425,0,3
57,R,2000,1500,426,0,2
57,R,2000,1500,427,0,3
57,R,2000,1500,428,0,2
57,R,2000,1500,429,0,3
57,R,2000,1500,430,0,3
57,R,2000,1500,431,0,2
57,R,2000,1500,432,0,2
57,R,2000,1500,433,0,2
57,R,2000,1500,434,0,3
57,R,2000,1500,435,0,1
57,R,2000,1500,436,0,3
57,R,2000,1500,437,0,1
57,R,2000,1500,438,0,3
57,R,2000,1500,439,0,1
57,R,2000,1500,440,0,2
57,R,2000,1500,441,0,2
57,R,2000,1500,442,0,2
57,R,2000,1500,443,0,1
57,R,2000,1500,444,0,2
57,R,2000,1500,445,0,2
57,R,2000,1500,446,0,1
57,R,2000,1500,447,0,2
57,R,2000,1500,448,0,1
57,R,2000,1500,449,0,1
57,R,2000,1500,450,0,2
57,R,2000,1500,451,0,1
57,R,2000,1500,452,0,1
57,R,2000,1500,453,0,1
57,R,2000,1500,454,0,1
57,R,2000,1500,455,0,1
57,R,2000,1500,456,0,1
57,R,2000,1500,457,0,2
57,R,2000,1500,458,0,0
57,R,2000,1500,459,0,1
57,R,2000,1500,460,0,1
57,R,2000,1500,461,0,0
57,R,2000,1500,462,0,1
57,R,2000,1500,463,0,1
57,R,2000,1500,464,0,1
57,R,2000,1500,465,0,0
57,R,2000,1500,466,0,1
57,R,2000,1500,467,0,0
57,R,2000,1500,468,0,1
57,R,2000,1500,469,0,0
57,R,2000,1500,470,0,1
57,R,2000,1500,471,0,0
57,R,2000,1500,472,0,0
57,R,2000,1500,473,0,0
57,R,2000,1500,474,0,0
57,R,2000,1500,475,0,0
57,R,2000,1500,476,0,0
57,R,2000,1500,477,0,0
57,R,2000,1500,478,0,0
57,R,2000,1500,479,0,0
57,R,2000,1500,480,0,0
57,R,2000,1500,481,0,-1
57,R,2000,1500,482,0,0
57,R,2000,1500,483,0,0
57,R,2000,1500,484,0,0
57,R,2000,1500,485,0,0
57,R,2000,1500,486,0,0
57,R,2000,1500,487,0,0
57,R,2000,1500,488,0,0
57,R,2000,1500,489,0,0
57,R,2000,1500,490,0,0
57,R,2000,1500,491,0,0
57,R,2000,1500,492,0,0
57,R,2000,1500,493,0,0
57,R,2000,1500,494,0,0
57,R,2000,1500,495,0,0
57,R,2000,1500,496,0,0
57,R,2000,1500,497,0,0
57,R,2000,1500,498,0,0
57,R,2000,1500,499,0,0
58,R,1600,-1600,0,0,0
58,R,1600,-1600,1,0,0
58,R,1600,-1600,2,0,0
58,R,1600,-1600,3,0,1
58,R,1600,-1600,4,0,0
58,R,1600,-1600,5,0,1
58,R,1600,-1600,6,0,0
58,R,1600,-1600,7,0,1
58,R,1600,-1600,8,0,1
58,R,1600,-1600,9,0,1
58,R,1600,-1600,10,0,1
58,R,1600,-1600,11,0,1
58,R,1600,-1600,12,0,2
58,R,1600,-1600,13,0,2
58,R,1600,-1600,14,0,2
58,R,1600,-1600,15,0,1
58,R,1600,-1600,16,0,2
58,R,1600,-1600,17,0,2
58,R,1600,-1600,18,0,3
58,R,1600,-1600,19,0,2
58,R,1600,-1600,20,0,2
58,R,1600,-1600,21,0,2
58,R,1600,-1600,22,0,3
58,R,1600,-1600,23,0,3
58,R,1600,-1600,24,0,2
58,R,1600,-1600,25,0,3
58,R,1600,-1600,26,0,3
58,R,1600,-1600,27,0,2
58,R,1600,-1600,28,0,3
58,R,1600,-1600,29,0,4
58,R,1600,-1600,30,0,2
58,R,1600,-1600,31,0,3
58,R,1600,-1600,32,0,3
58,R,1600,-1600,33,0,4
58,R,1600,-1600,34,0,3
58,R,1600,-1600,35,0,4
58,R,1600,-1600,36,0,2
58,R,1600,-1600,37,0,4
58,R,1600,-1600,38,0,3
58,R,1600,-1600,39,0,4
58,R,1600,-1600,40,0,4
58,R,1600,-1600,41,0,3
58,R,1600,-1600,42,0,4
58,R,1600,-1600,43,0,3
58,R,1600,-1600,44,0,4
58,R,1600,-1600,45,0,3
58,R,1600,-1600,46,0,4
58,R,1600,-1600,47,0,4
58,R,1600,-1600,48,0,4
58,R,1600,-1600,49,0,4
58,R,1600,-1600,50,0,4
58,R,1600,-1600,51,0,4
58,R,1600,-1600,52,0,4
58,R,1600,-1600,53,0,4
58,R,1600,-1600,54,0,4
58,R,1600,-1600,55,0,4
58,R,1600,-1600,56,0,4
58,R,1600,-1600,57,0,4
58,R,1600,-1600,58,0,4
58,R,1600,-1600,59,0,4
58,R,1600,-1600,60,0,4
58,R,1600,-1600,61,0,5
58,R,1600,-1600,62,0,4
58,R,1600,-1600,63,0,4
58,R,1600,-1600,64,0,5
58,R,1600,-1600,65,0,4
58,R,1600,-1600,66,0,5
58,R,1600,-1600,67,0,4
58,R,1600,-1600,68,0,4
58,R,1600,-1600,69,0,4
58,R,1600,-1600,70,0,5
58,R,1600,-1600,71,0,4
58,R,1600,-1600,72,0,4
58,R,1600,-1600,73,0,5
58,R,1600,-1600,74,0,5
58,R,1600,-1600,75,0,5
58,R,1600,-1600,76,0,4
58,R,1600,-1600,77,0,4
58,R,1600,-1600,78,0,5
58,R,1600,-1600,79,0,4
58,R,1600,-1600,80,0,5
58,R,1600,-1600,81,0,5
58,R,1600,-1600,82,0,5
58,R,1600,-1600,83,0,4
58,R,1600,-1600,84,0,4
58,R,1600,-1600,85,0,5
58,R,1600,-1600,86,0,5
58,R,1600,-1600,87,0,5
58,R,1600,-1600,88,0,5
58,R,1600,-1600,89,0,4
58,R,1600,-1600,90,0,5
58,R,1600,-1600,91,0,4
58,R,1600,-1600,92,0,5
58,R,1600,-1600,93,0,5
58,R,1600,-1600,94,0,5
58,R,1600,-1600,95,0,4
58,R,1600,-1600,96,0,5
58,R,1600,-1600,97,0,5
58,R,1600,-1600,98,0,5
58,R,1600,-1600,99,0,5
58,R,1600,-1600,100,0,5
58,R,1600,-1600,101,0,4
58,R,1600,-1600,102,0,6
58,R,1600,-1600,103,0,5
58,R,1600,-1600,104,0,4
58,R,1600,-1600,105,0,5
58,R,1600,-1600,106,0,5
58,R,1600,-1600,107,0,5
58,R,1600,-1600,108,0,5
58,R,1600,-1600,109,0,5
58,R,1600,-1600,110,0,4
58,R,1600,-1600,111,0,6
58,R,1600,-1600,112,0,5
58,R,1600,-1600,113,0,4
58,R,1600,-1600,114,0,5
58,R,1600,-1600,115,0,6
58,R,1600,-1600,116,0,5
58,R,1600,-1600,117,0,4
58,R,1600,-1600,118,0,5
58,R,1600,-1600,119,0,5
58,R,1600,-1600,120,0,5
58,R,1600,-1600,121,0,5
58,R,1600,-1600,122,0,5
58,R,1600,-1600,123,0,5
58,R,1600,-1600,124,0,6
58,R,1600,-1600,125,0,4
58,R,1600,-1600,126,0,5
58,R,1600,-1600,127,0,5
58,R,1600,-1600,128,0,6
58,R,1600,-1600,129,0,4
58,R,1600,-1600,130,0,5
58,R,1600,-1600,131,0,6
58,R,1600,-1600,132,0,5
58,R,1600,-1600,133,0,4
58,R,1600,-1600,134,0,5
58,R,1600,-1600,135,0,6
58,R,1600,-1600,136,0,5
58,R,1600,-1600,137,0,4
58,R,1600,-1600,138,0,5
58,R,1600,-1600,139,0,6
58,R,1600,-1600,140,0,5
58,R,1600,-1600,141,0,5
58,R,1600,-1600,142,0,5
58,R,1600,-1600,143,0,5
58,R,1600,-1600,144,0,5
58,R,1600,-1600,145,0,5
58,R,1600,-1600,146,0,5
58,R,1600,-1600,147,0,5
58,R,1600,-1600,148,0,5
58,R,1600,-1600,149,0,5
58,R,1600,-1600,150,0,6
58,R,1600,-1600,151,0,5
58,R,1600,-1600,152,0,4
58,R,1600,-1600,153,0,5
58,R,1600,-1600,154,0,6
58,R,1600,-1600,155,0,5
58,R,1600,-1600,156,0,5
58,R,1600,-1600,157,0,5
58,R,1600,-1600,158,0,5
58,R,1600,-1600,159,0,5
58,R,1600,-1600,160,0,5
58,R,1600,-1600,161,0,6
58,R,1600,-1600,162,0,5
58,R,1600,-1600,163,0,4
58,R,1600,-1600,164,0,5
58,R,1600,-1600,165,0,6
58,R,1600,-1600,166,0,5
58,R,1600,-1600,167,0,5
58,R,1600,-1600,168,0,5
58,R,1600,-1600,169,0,6
58,R,1600,-1600,170,0,4
58,R,1600,-1600,171,0,5
58,R,1600,-1600,172,0,6
58,R,1600,-1600,173,0,5
58,R,1600,-1600,174,0,5
58,R,1600,-1600,175,0,5
58,R,1600,-1600,176,0,5
58,R,1600,-1600,177,0,5
58,R,1600,-1600,178,0,5
58,R,1600,-1600,179,0,6
58,R,1600,-1600,180,0,5
58,R,1600,-1600,181,0,4
58,R,1600,-1600,182,0,5
58,R,1600,-1600,183,0,6
58,R,1600,-1600,184,0,5
58,R,1600,-1600,185,0,5
58,R,1600,-1600,186,0,5
58,R,1600,-1600,187,0,5
58,R,1600,-1600,188,0,5
58,R,1600,-1600,189,0,5
58,R,1600,-1600,190,0,6
58,R,1600,-1600,191,0,5
58,R,1600,-1600,192,0,5
58,R,1600,-1600,193,0,5
58,R,1600,-1600,194,0,5
58,R,1600,-1600,195,0,5
58,R,1600,-1600,196,0,5
58,R,1600,-1600,197,0,6
58,R,1600,-1600,198,0,5
58,R,1600,-1600,199,0,5
58,R,1600,-1600,200,0,5
58,R,1600,-1600,201,0,5
58,R,1600,-1600,202,0,5
58,R,1600,-1600,203,0,4
58,R,1600,-1600,204,0,4
58,R,1600,-1600,205,0,3
58,R,1600,-1600,206,0,2
58,R,1600,-1600,207,0,3
58,R,1600,-1600,208,0,2
58,R,1600,-1600,209,0,2
58,R,1600,-1600,210,0,0
58,R,1600,-1600,211,0,1
58,R,1600,-1600,212,0,0
58,R,1600,-1600,213,0,0
58,R,1600,-1600,214,0,0
58,R,1600,-1600,215,0,0
58,R,1600,-1600,216,0,0
58,R,1600,-1600,217,0,-1
58,R,1600,-1600,218,0,0
58,R,1600,-1600,219,0,-2
58,R,1600,-1600,220,0,-1
58,R,1600,-1600,221,0,-1
58,R,1600,-1600,222,0,-1
58,R,1600,-1600,223,0,-2
58,R,1600,-1600,224,0,-1
58,R,1600,-1600,225,0,-3
58,R,1600,-1600,226,0,-1
58,R,1600,-1600,227,0,-2
58,R,1600,-1600,228,0,-2
58,R,1600,-1600,229,0,-2
58,R,1600,-1600,230,0,-2
58,R,1600,-1600,231,0,-3
58,R,1600,-1600,232,0,-2
58,R,1600,-1600,233,0,-3
58,R,1600,-1600,234,0,-2
58,R,1600,-1600,235,0,-2
58,R,1600,-1600,236,0,-3
58,R,1600,-1600,237,0,-3
58,R,1600,-1600,238,0,-2
58,R,1600,-1600,239,0,-4
58,R,1600,-1600,240,0,-3
58,R,1600,-1600,241,0,-2
58,R,1600,-1600,242,0,-3
58,R,1600,-1600,243,0,-3
58,R,1600,-1600,244,0,-4
58,R,1600,-1600,245,0,-2
58,R,1600,-1600,246,0,-3
58,R,1600,-1600,247,0,-4
58,R,1600,-1600,248,0,-3
58,R,1600,-1600,249,0,-4
58,R,1600,-1600,250,0,-3
58,R,1600,-1600,251,0,-3
58,R,1600,-1600,252,0,-4
58,R,1600,-1600,253,0,-3
58,R,1600,-1600,254,0,-4
58,R,1600,-1600,255,0,-4
58,R,1600,-1600,256,0,-3
58,R,1600,-1600,257,0,-4
58,R,1600,-1600,258,0,-4
58,R,1600,-1600,259,0,-4
58,R,1600,-1600,260,0,-3
58,R,1600,-1600,261,0,-4
58,R,1600,-1600,262,0,-4
58,R,1600,-1600,263,0,-4
58,R,1600,-1600,264,0,-3
58,R,1600,-1600,265,0,-4
58,R,1600,-1600,266,0,-4
58,R,1600,-1600,267,0,-4
58,R,1600,-1600,268,0,-4
58,R,1600,-1600,269,0,-4
58,R,1600,-1600,270,0,-4
58,R,1600,-1600,271,0,-4
58,R,1600,-1600,272,0,-5
58,R,1600,-1600,273,0,-4
58,R,1600,-1600,274,0,-4
58,R,1600,-1600,275,0,-4
58,R,1600,-1600,276,0,-5
58,R,1600,-1600,277,0,-4
58,R,1600,-1600,278,0,-4
58,R,1600,-1600,279,0,-4
58,R,1600,-1600,280,0,-5
58,R,1600,-1600,281,0,-4
58,R,1600,-1600,282,0,-4
58,R,1600,-1600,283,0,-4
58,R,1600,-1600,284,0,-4
58,R,1600,-1600,285,0,-5
58,R,1600,-1600,286,0,-4
58,R,1600,-1600,287,0,-5
58,R,1600,-1600,288,0,-5
58,R,1600,-1600,289,0,-4
58,R,1600,-1600,290,0,-4
58,R,1600,-1600,291,0,-5
58,R,1600,-1600,292,0,-4
58,R,1600,-1600,293,0,-5
58,R,1600,-1600,294,0,-4
58,R,1600,-1600,295,0,-5
58,R,1600,-1600,296,0,-5
58,R,1600,-1600,297,0,-4
58,R,1600,-1600,298,0,-5
58,R,1600,-1600,299,0,-4
58,R,1600,-1600,300,0,-5
58,R,1600,-1600,301,0,-4
58,R,1600,-1600,302,0,-5
58,R,1600,-1600,303,0,-5
58,R,1600,-1600,304,0,-5
58,R,1600,-1600,305,0,-4
58,R,1600,-1600,306,0,-5
58,R,1600,-1600,307,0,-4
58,R,1600,-1600,308,0,-5
58,R,1600,-1600,309,0,-5
58,R,1600,-1600,310,0,-5
58,R,1600,-1600,311,0,-4
58,R,1600,-1600,312,0,-5
58,R,1600,-1600,313,0,-5
58,R,1600,-1600,314,0,-5
58,R,1600,-1600,315,0,-5
58,R,1600,-1600,316,0,-4
58,R,1600,-1600,317,0,-5
58,R,1600,-1600,318,0,-5
58,R,1600,-1600,319,0,-5
58,R,1600,-1600,320,0,-5
58,R,1600,-1600,321,0,-4
58,R,1600,-1600,322,0,-5
58,R,1600,-1600,323,0,-5
58,R,1600,-1600,324,0,-5
58,R,1600,-1600,325,0,-5
58,R,1600,-1600,326,0,-4
58,R,1600,-1600,327,0,-5
58,R,1600,-1600,328,0,-5
58,R,1600,-1600,329,0,-5
58,R,1600,-1600,330,0,-5
58,R,1600,-1600,331,0,-5
58,R,1600,-1600,332,0,-5
58,R,1600,-1600,333,0,-5
58,R,1600,-1600,334,0,-5
58,R,1600,-1600,335,0,-4
58,R,1600,-1600,336,0,-5
58,R,1600,-1600,337,0,-6
58,R,1600,-1600,338,0,-4
58,R,1600,-1600,339,0,-5
58,R,1600,-1600,340,0,-5
58,R,1600,-1600,341,0,-5
58,R,1600,-1600,342,0,-5
58,R,1600,-1600,343,0,-5
58,R,1600,-1600,344,0,-5
58,R,1600,-1600,345,0,-5
58,R,1600,-1600,346,0,-5
58,R,1600,-1600,347,0,-5
58,R,1600,-1600,348,0,-5
58,R,1600,-1600,349,0,-5
58,R,1600,-1600,350,0,-5
58,R,1600,-1600,351,0,-5
58,R,1600,-1600,352,0,-5
58,R,1600,-1600,353,0,-5
58,R,1600,-1600,354,0,-5
58,R,1600,-1600,355,0,-5
58,R,1600,-1600,356,0,-5
58,R,1600,-1600,357,0,-5
58,R,1600,-1600,358,0,-5
58,R,1600,-1600,359,0,-5
58,R,1600,-1600,360,0,-5
58,R,1600,-1600,361,0,-5
58,R,1600,-1600,362,0,-5
58,R,1600,-1600,363,0,-5
58,R,1600,-1600,364,0,-5
58,R,1600,-1600,365,0,-6
58,R,1600,-1600,366,0,-5
58,R,1600,-1600,367,0,-4
58,R,1600,-1600,368,0,-5
58,R,1600,-1600,369,0,-6
58,R,1600,-1600,370,0,-5
58,R,1600,-1600,371,0,-4
58,R,1600,-1600,372,0,-6
58,R,1600,-1600,373,0,-5
58,R,1600,-1600,374,0,-5
58,R,1600,-1600,375,0,-5
58,R,1600,-1600,376,0,-5
58,R,1600,-1600,377,0,-5
58,R,1600,-1600,378,0,-5
58,R,1600,-1600,379,0,-5
58,R,1600,-1600,380,0,-5
58,R,1600,-1600,381,0,-5
58,R,1600,-1600,382,0,-5
58,R,1600,-1600,383,0,-5
58,R,1600,-1600,384,0,-6
58,R,1600,-1600,385,0,-5
58,R,1600,-1600,386,0,-4
58,R,1600,-1600,387,0,-6
58,R,1600,-1600,388,0,-5
58,R,1600,-1600,389,0,-5
58,R,1600,-1600,390,0,-5
58,R,1600,-1600,391,0,-5
58,R,1600,-1600,392,0,-5
58,R,1600,-1600,393,0,-5
58,R,1600,-1600,394,0,-5
58,R,1600,-1600,395,0,-6
58,R,1600,-1600,396,0,-5
58,R,1600,-1600,397,0,-4
58,R,1600,-1600,398,0,-5
58,R,1600,-1600,399,0,-6
58,R,1600,-1600,400,0,-5
58,R,1600,-1600,401,0,-4
58,R,1600,-1600,402,0,-6
58,R,1600,-1600,403,0,-5
58,R,1600,-1600,404,0,-5
58,R,1600,-1600,405,0,-4
58,R,1600,-1600,406,0,-5
58,R,1600,-1600,407,0,-4
58,R,1600,-1600,408,0,-5
58,R,1600,-1600,409,0,-5
58,R,1600,-1600,410,0,-4
58,R,1600,-1600,411,0,-4
58,R,1600,-1600,412,0,-5
58,R,1600,-1600,413,0,-4
58,R,1600,-1600,414,0,-4
58,R,1600,-1600,415,0,-4
58,R,1600,-1600,416,0,-4
58,R,1600,-1600,417,0,-4
58,R,1600,-1600,418,0,-4
58,R,1600,-1600,419,0,-3
58,R,1600,-1600,420,0,-4
58,R,1600,-1600,421,0,-4
58,R,1600,-1600,422,0,-3
58,R,1600,-1600,423,0,-4
58,R,1600,-1600,424,0,-3
58,R,1600,-1600,425,0,-3
58,R,1600,-1600,426,0,-4
58,R,1600,-1600,427,0,-3
58,R,1600,-1600,428,0,-3
58,R,1600,-1600,429,0,-3
58,R,1600,-1600,430,0,-3
58,R,1600,-1600,431,0,-3
58,R,1600,-1600,432,0,-3
58,R,1600,-1600,433,0,-3
58,R,1600,-1600,434,0,-3
58,R,1600,-1600,435,0,-3
58,R,1600,-1600,436,0,-2
58,R,1600,-1600,437,0,-3
58,R,1600,-1600,438,0,-3
58,R,1600,-1600,439,0,-2
58,R,1600,-1600,440,0,-2
58,R,1600,-1600,441,0,-2
58,R,1600,-1600,442,0,-3
58,R,1600,-1600,443,0,-2
58,R,1600,-1600,444,0,-2
58,R,1600,-1600,445,0,-3
58,R,1600,-1600,446,0,-1
58,R,1600,-1600,447,0,-3
58,R,1600,-1600,448,0,-1
58,R,1600,-1600,449,0,-2
58,R,1600,-1600,450,0,-2
58,R,1600,-1600,451,0,-2
58,R,1600,-1600,452,0,-2
58,R,1600,-1600,453,0,-1
58,R,1600,-1600,454,0,-2
58,R,1600,-1600,455,0,-1
58,R,1600,-1600,456,0,-2
58,R,1600,-1600,457,0,-1
58,R,1600,-1600,458,0,-1
58,R,1600,-1600,459,0,-2
58,R,1600,-1600,460,0,-1
58,R,1600,-1600,461,0,-1
58,R,1600,-1600,462,0,-1
58,R,1600,-1600,463,0,-2
58,R,1600,-1600,464,0,0
58,R,1600,-1600,465,0,-1
58,R,1600,-1600,466,0,-1
58,R,1600,-1600,467,0,-1
58,R,1600,-1600,468,0,-1
58,R,1600,-1600,469,0,-1
58,R,1600,-1600,470,0,0
58,R,1600,-1600,471,0,-1
58,R,1600,-1600,472,0,-1
58,R,1600,-1600,473,0,-1
58,R,1600,-1600,474,0,0
58,R,1600,-1600,475,0,0
58,R,1600,-1600,476,0,-1
58,R,1600,-1600,477,0,0
58,R,1600,-1600,478,0,0
58,R,1600,-1600,479,0,0
58,R,1600,-1600,480,0,0
58,R,1600,-1600,481,0,-1
58,R,1600,-1600,482,0,0
58,R,1600,-1600,483,0,0
58,R,1600,-1600,484,0,0
58,R,1600,-1600,485,0,0
58,R,1600,-1600,486,0,0
58,R,1600,-1600,487,0,0
58,R,1600,-1600,488,0,0
58,R,1600,-1600,489,0,0
58,R,1600,-1600,490,0,0
58,R,1600,-1600,491,0,0
58,R,1600,-1600,492,0,0
58,R,1600,-1600,493,0,0
58,R,1600,-1600,494,0,0
58,R,1600,-1600,495,0,0
58,R,1600,-1600,496,0,0
58,R,1600,-1600,497,0,0
58,R,1600,-1600,498,0,0
58,R,1600,-1600,499,0,0
59,R,1700,-1500,0,0,0
59,R,1700,-1500,1,0,0
59,R,1700,-1500,2,0,0
59,R,1700,-1500,3,0,1
59,R,1700,-1500,4,0,0
59,R,1700,-1500,5,0,1
59,R,1700,-1500,6,0,3
59,R,1700,-1500,7,0,1
59,R,1700,-1500,8,0,2
59,R,1700,-1500,9,0,2
59,R,1700,-1500,10,0,3
59,R,1700,-1500,11,0,3
59,R,1700,-1500,12,0,2
59,R,1700,-1500,13,0,4
59,R,1700,-1500,14,0,3
59,R,1700,-1500,15,0,4
59,R,1700,-1500,16,0,3
59,R,1700,-1500,17,0,4
59,R,1700,-1500,18,0,4
59,R,1700,-1500,19,0,4
59,R,1700,-1500,20,0,4
59,R,1700,-1500,21,0,4
59,R,1700,-1500,22,0,4
59,R,1700,-1500,23,0,5
59,R,1700,-1500,24,0,4
59,R,1700,-1500,25,0,4
59,R,1700,-1500,26,0,5
59,R,1700,-1500,27,0,5
59,R,1700,-1500,28,0,5
59,R,1700,-1500,29,0,5
59,R,1700,-1500,30,0,5
59,R,1700,-1500,31,0,5
59,R,1700,-1500,32,0,6
59,R,1700,-1500,33,0,5
59,R,1700,-1500,34,0,5
59,R,1700,-1500,35,0,6
59,R,1700,-1500,36,0,5
59,R,1700,-1500,37,0,6
59,R,1700,-1500,38,0,5
59,R,1700,-1500,39,0,6
59,R,1700,-1500,40,0,6
59,R,1700,-1500,41,0,6
59,R,1700,-1500,42,0,6
59,R,1700,-1500,43,0,5
59,R,1700,-1500,44,0,7
59,R,1700,-1500,45,0,5
59,R,1700,-1500,46,0,7
59,R,1700,-1500,47,0,5
59,R,1700,-1500,48,0,7
59,R,1700,-1500,49,0,6
59,R,1700,-1500,50,0,6
59,R,1700,-1500,51,0,7
59,R,1700,-1500,52,0,6
59,R,1700,-1500,53,0,6
59,R,1700,-1500,54,0,7
59,R,1700,-1500,55,0,6
59,R,1700,-1500,56,0,7
59,R,1700,-1500,57,0,6
59,R,1700,-1500,58,0,7
59,R,1700,-1500,59,0,6
59,R,1700,-1500,60,0,7
59,R,1700,-1500,61,0,7
59,R,1700,-1500,62,0,6
59,R,1700,-1500,63,0,7
59,R,1700,-1500,64,0,7
59,R,1700,-1500,65,0,6
59,R,1700,-1500,66,0,7
59,R,1700,-1500,67,0,7
59,R,1700,-1500,68,0,7
59,R,1700,-1500,69,0,6
59,R,1700,-1500,70,0,7
59,R,1700,-1500,71,0,7
59,R,1700,-1500,72,0,7
59,R,1700,-1500,73,0,7
59,R,1700,-1500,74,0,7
59,R,1700,-1500,75,0,7
59,R,1700,-1500,76,0,6
59,R,1700,-1500,77,0,8
59,R,1700,-1500,78,0,7
59,R,1700,-1500,79,0,7
59,R,1700,-1500,80,0,6
59,R,1700,-1500,81,0,8
59,R,1700,-1500,82,0,7
59,R,1700,-1500,83,0,7
59,R,1700,-1500,84,0,7
59,R,1700,-1500,85,0,7
59,R,1700,-1500,86,0,7
59,R,1700,-1500,87,0,8
59,R,1700,-1500,88,0,7
59,R,1700,-1500,89,0,7
59,R,1700,-1500,90,0,7
59,R,1700,-1500,91,0,7
59,R,1700,-1500,92,0,8
59,R,1700,-1500,93,0,7
59,R,1700,-1500,94,0,7
59,R,1700,-1500,95,0,7
59,R,1700,-1500,96,0,7
59,R,1700,-1500,97,0,8
59,R,1700,-1500,98,0,7
59,R,1700,-1500,99,0,7
59,R,1700,-1500,100,0,7
59,R,1700,-1500,101,0,8
59,R,1700,-1500,102,0,7
59,R,1700,-1500,103,0,8
59,R,1700,-1500,104,0,7
59,R,1700,-1500,105,0,7
59,R,1700,-1500,106,0,7
59,R,1700,-1500,107,0,8
59,R,1700,-1500,108,0,7
59,R,1700,-1500,109,0,8
59,R,1700,-1500,110,0,7
59,R,1700,-1500,111,0,7
59,R,1700,-1500,112,0,7
59,R,1700,-1500,113,0,8
59,R,1700,-1500,114,0,7
59,R,1700,-1500,115,0,8
59,R,1700,-1500,116,0,8
59,R,1700,-1500,117,0,7
59,R,1700,-1500,118,0,7
59,R,1700,-1500,119,0,7
59,R,1700,-1500,120,0,8
59,R,1700,-1500,121,0,7
59,R,1700,-1500,122,0,8
59,R,1700,-1500,123,0,8
59,R,1700,-1500,124,0,7
59,R,1700,-1500,125,0,8
59,R,1700,-1500,126,0,7
59,R,1700,-1500,127,0,7
59,R,1700,-1500,128,0,8
59,R,1700,-1500,129,0,7
59,R,1700,-1500,130,0,8
59,R,1700,-1500,131,0,7
59,R,1700,-1500,132,0,8
59,R,1700,-1500,133,0,7
59,R,1700,-1500,134,0,7
59,R,1700,-1500,135,0,8
59,R,1700,-1500,136,0,7
59,R,1700,-1500,137,0,8
59,R,1700,-1500,138,0,8
59,R,1700,-1500,139,0,7
59,R,1700,-1500,140,0,8
59,R,1700,-1500,141,0,7
59,R,1700,-1500,142,0,7
59,R,1700,-1500,143,0,8
59,R,1700,-1500,144,0,7
59,R,1700,-1500,145,0,8
59,R,1700,-1500,146,0,8
59,R,1700,-1500,147,0,7
59,R,1700,-1500,148,0,8
59,R,1700,-1500,149,0,7
59,R,1700,-1500,150,0,7
59,R,1700,-1500,151,0,8
59,R,1700,-1500,152,0,8
59,R,1700,-1500,153,0,7
59,R,1700,-1500,154,0,8
59,R,1700,-1500,155,0,8
59,R,1700,-1500,156,0,7
59,R,1700,-1500,157,0,8
59,R,1700,-1500,158,0,7
59,R,1700,-1500,159,0,7
59,R,1700,-1500,160,0,8
59,R,1700,-1500,161,0,7
59,R,1700,-1500,162,0,8
59,R,1700,-1500,163,0,8
59,R,1700,-1500,164,0,8
59,R,1700,-1500,165,0,7
59,R,1700,-1500,166,0,8
59,R,1700,-1500,167,0,7
59,R,1700,-1500,168,0,7
59,R,1700,-1500,169,0,8
59,R,1700,-1500,170,0,8
59,R,1700,-1500,171,0,7
59,R,1700,-1500,172,0,8
59,R,1700,-1500,173,0,8
59,R,1700,-1500,174,0,7
59,R,1700,-1500,175,0,8
59,R,1700,-1500,176,0,7
59,R,1700,-1500,177,0,8
59,R,1700,-1500,178,0,7
59,R,1700,-1500,179,0,8
59,R,1700,-1500,180,0,8
59,R,1700,-1500,181,0,7
59,R,1700,-1500,182,0,8
59,R,1700,-1500,183,0,8
59,R,1700,-1500,184,0,7
59,R,1700,-1500,185,0,8
59,R,1700,-1500,186,0,7
59,R,1700,-1500,187,0,8
59,R,1700,-1500,188,0,7
59,R,1700,-1500,189,0,8
59,R,1700,-1500,190,0,7
59,R,1700,-1500,191,0,8
59,R,1700,-1500,192,0,8
59,R,1700,-1500,193,0,8
59,R,1700,-1500,194,0,7
59,R,1700,-1500,195,0,8
59,R,1700,-1500,196,0,7
59,R,1700,-1500,197,0,8
59,R,1700,-1500,198,0,7
59,R,1700,-1500,199,0,8
59,R,1700,-1500,200,0,8
59,R,1700,-1500,201,0,7
59,R,1700,-1500,202,0,8
59,R,1700,-1500,203,0,6
59,R,1700,-1500,204,0,7
59,R,1700,-1500,205,0,6
59,R,1700,-1500,206,0,5
59,R,1700,-1500,207,0,5
59,R,1700,-1500,208,0,5
59,R,1700,-1500,209,0,5
59,R,1700,-1500,210,0,4
59,R,1700,-1500,211,0,3
59,R,1700,-1500,212,0,3
59,R,1700,-1500,213,0,3
59,R,1700,-1500,214,0,4
59,R,1700,-1500,215,0,2
59,R,1700,-1500,216,0,2
59,R,1700,-1500,217,0,3
59,R,1700,-1500,218,0,1
59,R,1700,-1500,219,0,2
59,R,1700,-1500,220,0,2
59,R,1700,-1500,221,0,0
59,R,1700,-1500,222,0,1
59,R,1700,-1500,223,0,2
59,R,1700,-1500,224,0,0
59,R,1700,-1500,225,0,1
59,R,1700,-1500,226,0,0
59,R,1700,-1500,227,0,0
59,R,1700,-1500,228,0,0
59,R,1700,-1500,229,0,0
59,R,1700,-1500,230,0,-1
59,R,1700,-1500,231,0,0
59,R,1700,-1500,232,0,-1
59,R,1700,-1500,233,0,-1
59,R,1700,-1500,234,0,0
59,R,1700,-1500,235,0,-1
59,R,1700,-1500,236,0,0
59,R,1700,-1500,237,0,0
59,R,1700,-1500,238,0,-1
59,R,1700,-1500,239,0,-1
59,R,1700,-1500,240,0,-1
59,R,1700,-1500,241,0,-1
59,R,1700,-1500,242,0,0
59,R,1700,-1500,243,0,-1
59,R,1700,-1500,244,0,-1
59,R,1700,-1500,245,0,-1
59,R,1700,-1500,246,0,-1
59,R,1700,-1500,247,0,-1
59,R,1700,-1500,248,0,-1
59,R,1700,-1500,249,0,-1
59,R,1700,-1500,250,0,-1
59,R,1700,-1500,251,0,-1
59,R,1700,-1500,252,0,-2
59,R,1700,-1500,253,0,-1
59,R,1700,-1500,254,0,-1
59,R,1700,-1500,255,0,-1
59,R,1700,-1500,256,0,-2
59,R,1700,-1500,257,0,-1
59,R,1700,-1500,258,0,-1
59,R,1700,-1500,259,0,-2
59,R,1700,-1500,260,0,-1
59,R,1700,-1500,261,0,-2
59,R,1700,-1500,262,0,-1
59,R,1700,-1500,263,0,-1
59,R,1700,-1500,264,0,-2
59,R,1700,-1500,265,0,-1
59,R,1700,-1500,266,0,-2
59,R,1700,-1500,267,0,-2
59,R,1700,-1500,268,0,-1
59,R,1700,-1500,269,0,-2
59,R,1700,-1500,270,0,-1
59,R,1700,-1500,271,0,-2
59,R,1700,-1500,272,0,-2
59,R,1700,-1500,273,0,-1
59,R,1700,-1500,274,0,-2
59,R,1700,-1500,275,0,-2
59,R,1700,-1500,276,0,-2
59,R,1700,-1500,277,0,-1
59,R,1700,-1500,278,0,-2
59,R,1700,-1500,279,0,-2
59,R,1700,-1500,280,0,-2
59,R,1700,-1500,281,0,-2
59,R,1700,-1500,282,0,-1
59,R,1700,-1500,283,0,-2
59,R,1700,-1500,284,0,-2
59,R,1700,-1500,285,0,-2
59,R,1700,-1500,286,0,-2
59,R,1700,-1500,287,0,-2
59,R,1700,-1500,288,0,-2
59,R,1700,-1500,289,0,-2
59,R,1700,-1500,290,0,-2
59,R,1700,-1500,291,0,-2
59,R,1700,-1500,292,0,-2
59,R,1700,-1500,293,0,-2
59,R,1700,-1500,294,0,-2
59,R,1700,-1500,295,0,-2
59,R,1700,-1500,296,0,-2
59,R,1700,-1500,297,0,-2
59,R,1700,-1500,298,0,-2
59,R,1700,-1500,299,0,-3
59,R,1700,-1500,300,0,-1
59,R,1700,-1500,301,0,-3
59,R,1700,-1500,302,0,-2
59,R,1700,-1500,303,0,-2
59,R,1700,-1500,304,0,-2
59,R,1700,-1500,305,0,-2
59,R,1700,-1500,306,0,-3
59,R,1700,-1500,307,0,-1
59,R,1700,-1500,308,0,-3
59,R,1700,-1500,309,0,-2
59,R,1700,-1500,310,0,-2
59,R,1700,-1500,311,0,-2
59,R,1700,-1500,312,0,-3
59,R,1700,-1500,313,0,-2
59,R,1700,-1500,314,0,-2
59,R,1700,-1500,315,0,-2
59,R,1700,-1500,316,0,-2
59,R,1700,-1500,317,0,-3
59,R,1700,-1500,318,0,-2
59,R,1700,-1500,319,0,-3
59,R,1700,-1500,320,0,-2
59,R,1700,-1500,321,0,-2
59,R,1700,-1500,322,0,-3
59,R,1700,-1500,323,0,-1
59,R,1700,-1500,324,0,-3
59,R,1700,-1500,325,0,-2
59,R,1700,-1500,326,0,-3
59,R,1700,-1500,327,0,-2
59,R,1700,-1500,328,0,-2
59,R,1700,-1500,329,0,-3
59,R,1700,-1500,330,0,-2
59,R,1700,-1500,331,0,-3
59,R,1700,-1500,332,0,-2
59,R,1700,-1500,333,0,-2
59,R,1700,-1500,334,0,-3
59,R,1700,-1500,335,0,-2
59,R,1700,-1500,336,0,-3
59,R,1700,-1500,337,0,-2
59,R,1700,-1500,338,0,-2
59,R,1700,-1500,339,0,-3
59,R,1700,-1500,340,0,-2
59,R,1700,-1500,341,0,-3
59,R,1700,-1500,342,0,-2
59,R,1700,-1500,343,0,-2
59,R,1700,-1500,344,0,-3
59,R,1700,-1500,345,0,-2
59,R,1700,-1500,346,0,-3
59,R,1700,-1500,347,0,-2
59,R,1700,-1500,348,0,-2
59,R,1700,-1500,349,0,-3
59,R,1700,-1500,350,0,-2
59,R,1700,-1500,351,0,-3
59,R,1700,-1500,352,0,-3
59,R,1700,-1500,353,0,-2
59,R,1700,-1500,354,0,-3
59,R,1700,-1500,355,0,-2
59,R,1700,-1500,356,0,-2
59,R,1700,-1500,357,0,-3
59,R,1700,-1500,358,0,-2
59,R,1700,-1500,359,0,-3
59,R,1700,-1500,360,0,-3
59,R,1700,-1500,361,0,-2
59,R,1700,-1500,362,0,-3
59,R,1700,-1500,363,0,-2
59,R,1700,-1500,364,0,-2
59,R,1700,-1500,365,0,-3
59,R,1700,-1500,366,0,-2
59,R,1700,-1500,367,0,-3
59,R,1700,-1500,368,0,-3
59,R,1700,-1500,369,0,-2
59,R,1700,-1500,370,0,-3
59,R,1700,-1500,371,0,-2
59,R,1700,-1500,372,0,-2
59,R,1700,-1500,373,0,-3
59,R,1700,-1500,374,0,-3
59,R,1700,-1500,375,0,-2
59,R,1700,-1500,376,0,-3
59,R,1700,-1500,377,0,-2
59,R,1700,-1500,378,0,-3
59,R,1700,-1500,379,0,-3
59,R,1700,-1500,380,0,-2
59,R,1700,-1500,381,0,-3
59,R,1700,-1500,382,0,-3
59,R,1700,-1500,383,0,-2
59,R,1700,-1500,384,0,-3
59,R,1700,-1500,385,0,-2
59,R,1700,-1500,386,0,-2
59,R,1700,-1500,387,0,-3
59,R,1700,-1500,388,0,-3
59,R,1700,-1500,389,0,-2
59,R,1700,-1500,390,0,-3
59,R,1700,-1500,391,0,-3
59,R,1700,-1500,392,0,-2
59,R,1700,-1500,393,0,-3
59,R,1700,-1500,394,0,-2
59,R,1700,-1500,395,0,-3
59,R,1700,-1500,396,0,-3
59,R,1700,-1500,397,0,-2
59,R,1700,-1500,398,0,-3
59,R,1700,-1500,399,0,-3
59,R,1700,-1500,400,0,-2
59,R,1700,-1500,401,0,-3
59,R,1700,-1500,402,0,-3
59,R,1700,-1500,403,0,-2
59,R,1700,-1500,404,0,-3
59,R,1700,-1500,405,0,-2
59,R,1700,-1500,406,0,-2
59,R,1700,-1500,407,0,-3
59,R,1700,-1500,408,0,-1
59,R,1700,-1500,409,0,-3
59,R,1700,-1500,410,0,-2
59,R,1700,-1500,411,0,-2
59,R,1700,-1500,412,0,-2
59,R,1700,-1500,413,0,-2
59,R,1700,-1500,414,0,-2
59,R,1700,-1500,415,0,-2
59,R,1700,-1500,416,0,-1
59,R,1700,-1500,417,0,-3
59,R,1700,-1500,418,0,-1
59,R,1700,-1500,419,0,-1
59,R,1700,-1500,420,0,-2
59,R,1700,-1500,421,0,-1
59,R,1700,-1500,422,0,-2
59,R,1700,-1500,423,0,-1
59,R,1700,-1500,424,0,-1
59,R,1700,-1500,425,0,-2
59,R,1700,-1500,426,0,-1
59,R,1700,-1500,427,0,-1
59,R,1700,-1500,428,0,-1
59,R,1700,-1500,429,0,-2
59,R,1700,-1500,430,0,-1
59,R,1700,-1500,431,0,0
59,R,1700,-1500,432,0,-1
59,R,1700,-1500,433,0,-2
59,R,1700,-1500,434,0,0
59,R,1700,-1500,435,0,-1
59,R,1700,-1500,436,0,0
59,R,1700,-1500,437,0,-1
59,R,1700,-1500,438,0,-1
59,R,1700,-1500,439,0,-1
59,R,1700,-1500,440,0,0
59,R,1700,-1500,441,0,0
59,R,1700,-1500,442,0,0
59,R,1700,-1500,443,0,-1
59,R,1700,-1500,444,0,0
59,R,1700,-1500,445,0,0
59,R,1700,-1500,446,0,0
59,R,1700,-1500,447,0,0
59,R,1700,-1500,448,0,0
59,R,1700,-1500,449,0,0
59,R,1700,-1500,450,0,0
59,R,1700,-1500,451,0,0
59,R,1700,-1500,452,0,0
59,R,1700,-1500,453,0,0
59,R,1700,-1500,454,0,0
59,R,1700,-1500,455,0,0
59,R,1700,-1500,456,0,0
59,R,1700,-1500,457,0,0
59,R,1700,-1500,458,0,0
59,R,1700,-1500,459,0,0
59,R,1700,-1500,460,0,0
59,R,1700,-1500,461,0,0
59,R,1700,-1500,462,0,0
59,R,1700,-1500,463,0,0
59,R,1700,-1500,464,0,0
59,R,1700,-1500,465,0,0
59,R,1700,-1500,466,0,0
59,R,1700,-1500,467,0,0
59,R,1700,-1500,468,0,0
59,R,1700,-1500,469,0,0
59,R,1700,-1500,470,0,0
59,R,1700,-1500,471,0,0
59,R,1700,-1500,472,0,0
59,R,1700,-1500,473,0,0
59,R,1700,-1500,474,0,0
59,R,1700,-1500,475,0,0
59,R,1700,-1500,476,0,0
59,R,1700,-1500,477,0,0
59,R,1700,-1500,478,0,0
59,R,1700,-1500,479,0,0
59,R,1700,-1500,480,0,0
59,R,1700,-1500,481,0,0
59,R,1700,-1500,482,0,0
59,R,1700,-1500,483,0,0
59,R,1700,-1500,484,0,0
59,R,1700,-1500,485,0,0
59,R,1700,-1500,486,0,0
59,R,1700,-1500,487,0,0
59,R,1700,-1500,488,0,0
59,R,1700,-1500,489,0,0
59,R,1700,-1500,490,0,0
59,R,1700,-1500,491,0,0
59,R,1700,-1500,492,0,0
59,R,1700,-1500,493,0,0
59,R,1700,-1500,494,0,0
59,R,1700,-1500,495,0,0
59,R,1700,-1500,496,0,0
59,R,1700,-1500,497,0,0
59,R,1700,-1500,498,0,0
59,R,1700,-1500,499,0,0
60,R,1500,-1500,0,0,0
60,R,1500,-1500,1,0,1
60,R,1500,-1500,2,0,0
60,R,1500,-1500,3,0,0
60,R,1500,-1500,4,0,0
60,R,1500,-1500,5,0,1
60,R,1500,-1500,6,0,0
60,R,1500,-1500,7,0,1
60,R,1500,-1500,8,0,1
60,R,1500,-1500,9,0,0
60,R,1500,-1500,10,0,1
60,R,1500,-1500,11,0,0
60,R,1500,-1500,12,0,2
60,R,1500,-1500,13,0,1
60,R,1500,-1500,14,0,0
60,R,1500,-1500,15,0,1
60,R,1500,-1500,16,0,2
60,R,1500,-1500,17,0,1
60,R,1500,-1500,18,0,0
60,R,1500,-1500,19,0,1
60,R,1500,-1500,20,0,2
60,R,1500,-1500,21,0,1
60,R,1500,-1500,22,0,1
60,R,1500,-1500,23,0,1
60,R,1500,-1500,24,0,1
60,R,1500,-1500,25,0,1
60,R,1500,-1500,26,0,1
60,R,1500,-1500,27,0,2
60,R,1500,-1500,28,0,1
60,R,1500,-1500,29,0,1
60,R,1500,-1500,30,0,2
60,R,1500,-1500,31,0,1
60,R,1500,-1500,32,0,1
60,R,1500,-1500,33,0,2
60,R,1500,-1500,34,0,1
60,R,1500,-1500,35,0,1
60,R,1500,-1500,36,0,2
60,R,1500,-1500,37,0,1
60,R,1500,-1500,38,0,2
60,R,1500,-1500,39,0,2
60,R,1500,-1500,40,0,1
60,R,1500,-1500,41,0,2
60,R,1500,-1500,42,0,1
60,R,1500,-1500,43,0,2
60,R,1500,-1500,44,0,2
60,R,1500,-1500,45,0,1
60,R,1500,-1500,46,0,2
60,R,1500,-1500,47,0,2
60,R,1500,-1500,48,0,2
60,R,1500,-1500,49,0,1
60,R,1500,-1500,50,0,2
60,R,1500,-1500,51,0,2
60,R,1500,-1500,52,0,1
60,R,1500,-1500,53,0,3
60,R,1500,-1500,54,0,1
60,R,1500,-1500,55,0,2
60,R,1500,-1500,56,0,2
60,R,1500,-1500,57,0,2
60,R,1500,-1500,58,0,2
60,R,1500,-1500,59,0,2
60,R,1500,-1500,60,0,2
60,R,1500,-1500,61,0,2
60,R,1500,-1500,62,0,2
60,R,1500,-1500,63,0,2
60,R,1500,-1500,64,0,2
60,R,1500,-1500,65,0,2
60,R,1500,-1500,66,0,2
60,R,1500,-1500,67,0,2
60,R,1500,-1500,68,0,2
60,R,1500,-1500,69,0,3
60,R,1500,-1500,70,0,1
60,R,1500,-1500,71,0,3
60,R,1500,-1500,72,0,1
60,R,1500,-1500,73,0,3
60,R,1500,-1500,74,0,2
60,R,1500,-1500,75,0,2
60,R,1500,-1500,76,0,2
60,R,1500,-1500,77,0,2
60,R,1500,-1500,78,0,3
60,R,1500,-1500,79,0,2
60,R,1500,-1500,80,0,2
60,R,1500,-1500,81,0,2
60,R,1500,-1500,82,0,3
60,R,1500,-1500,83,0,1
60,R,1500,-1500,84,0,3
60,R,1500,-1500,85,0,2
60,R,1500,-1500,86,0,2
60,R,1500,-1500,87,0,3
60,R,1500,-1500,88,0,2
60,R,1500,-1500,89,0,2
60,R,1500,-1500,90,0,2
60,R,1500,-1500,91,0,3
60,R,1500,-1500,92,0,2
60,R,1500,-1500,93,0,2
60,R,1500,-1500,94,0,3
60,R,1500,-1500,95,0,2
60,R,1500,-1500,96,0,3
60,R,1500,-1500,97,0,1
60,R,1500,-1500,98,0,3
60,R,1500,-1500,99,0,3
60,R,1500,-1500,100,0,2
60,R,1500,-1500,101,0,2
60,R,1500,-1500,102,0,2
60,R,1500,-1500,103,0,3
60,R,1500,-1500,104,0,2
60,R,1500,-1500,105,0,3
60,R,1500,-1500,106,0,2
60,R,1500,-1500,107,0,2
60,R,1500,-1500,108,0,3
60,R,1500,-1500,109,0,3
60,R,1500,-1500,110,0,2
60,R,1500,-1500,111,0,3
60,R,1500,-1500,112,0,1
60,R,1500,-1500,113,0,3
60,R,1500,-1500,114,0,3
60,R,1500,-1500,115,0,2
60,R,1500,-1500,116,0,3
60,R,1500,-1500,117,0,2
60,R,1500,-1500,118,0,2
60,R,1500,-1500,119,0,3
60,R,1500,-1500,120,0,2
60,R,1500,-1500,121,0,3
60,R,1500,-1500,122,0,3
60,R,1500,-1500,123,0,2
60,R,1500,-1500,124,0,3
60,R,1500,-1500,125,0,2
60,R,1500,-1500,126,0,2
60,R,1500,-1500,127,0,3
60,R,1500,-1500,128,0,2
60,R,1500,-1500,129,0,3
60,R,1500,-1500,130,0,3
60,R,1500,-1500,131,0,2
60,R,1500,-1500,132,0,3
60,R,1500,-1500,133,0,2
60,R,1500,-1500,134,0,3
60,R,1500,-1500,135,0,3
60,R,1500,-1500,136,0,2
60,R,1500,-1500,137,0,2
60,R,1500,-1500,138,0,3
60,R,1500,-1500,139,0,2
60,R,1500,-1500,140,0,3
60,R,1500,-1500,141,0,3
60,R,1500,-1500,142,0,2
60,R,1500,-1500,143,0,3
60,R,1500,-1500,144,0,3
60,R,1500,-1500,145,0,2
60,R,1500,-1500,146,0,3
60,R,1500,-1500,147,0,3
60,R,1500,-1500,148,0,2
60,R,1500,-1500,149,0,3
60,R,1500,-1500,150,0,2
60,R,1500,-1500,151,0,3
60,R,1500,-1500,152,0,3
60,R,1500,-1500,153,0,2
60,R,1500,-1500,154,0,3
60,R,1500,-1500,155,0,3
60,R,1500,-1500,156,0,2
60,R,1500,-1500,157,0,2
60,R,1500,-1500,158,0,4
60,R,1500,-1500,159,0,2
60,R,1500,-1500,160,0,2
60,R,1500,-1500,161,0,4
60,R,1500,-1500,162,0,2
60,R,1500,-1500,163,0,2
60,R,1500,-1500,164,0,3
60,R,1500,-1500,165,0,3
60,R,1500,-1500,166,0,2
60,R,1500,-1500,167,0,3
60,R,1500,-1500,168,0,3
60,R,1500,-1500,169,0,2
60,R,1500,-1500,170,0,3
60,R,1500,-1500,171,0,3
60,R,1500,-1500,172,0,2
60,R,1500,-1500,173,0,3
60,R,1500,-1500,174,0,3
60,R,1500,-1500,175,0,2
60,R,1500,-1500,176,0,4
60,R,1500,-1500,177,0,2
60,R,1500,-1500,178,0,3
60,R,1500,-1500,179,0,3
60,R,1500,-1500,180,0,2
60,R,1500,-1500,181,0,3
60,R,1500,-1500,182,0,3
60,R,1500,-1500,183,0,2
60,R,1500,-1500,184,0,3
60,R,1500,-1500,185,0,3
60,R,1500,-1500,186,0,2
60,R,1500,-1500,187,0,3
60,R,1500,-1500,188,0,3
60,R,1500,-1500,189,0,3
60,R,1500,-1500,190,0,2
60,R,1500,-1500,191,0,3
60,R,1500,-1500,192,0,3
60,R,1500,-1500,193,0,2
60,R,1500,-1500,194,0,3
60,R,1500,-1500,195,0,3
60,R,1500,-1500,196,0,2
60,R,1500,-1500,197,0,3
60,R,1500,-1500,198,0,3
60,R,1500,-1500,199,0,2
60,R,1500,-1500,200,0,3
60,R,1500,-1500,201,0,3
60,R,1500,-1500,202,0,2
60,R,1500,-1500,203,0,3
60,R,1500,-1500,204,0,2
60,R,1500,-1500,205,0,2
60,R,1500,-1500,206,0,1
60,R,1500,-1500,207,0,2
60,R,1500,-1500,208,0,1
60,R,1500,-1500,209,0,1
60,R,1500,-1500,210,0,0
60,R,1500,-1500,211,0,1
60,R,1500,-1500,212,0,1
60,R,1500,-1500,213,0,0
60,R,1500,-1500,214,0,1
60,R,1500,-1500,215,0,0
60,R,1500,-1500,216,0,0
60,R,1500,-1500,217,0,0
60,R,1500,-1500,218,0,-1
60,R,1500,-1500,219,0,0
60,R,1500,-1500,220,0,0
60,R,1500,-1500,221,0,0
60,R,1500,-1500,222,0,-1
60,R,1500,-1500,223,0,0
60,R,1500,-1500,224,0,-1
60,R,1500,-1500,225,0,0
60,R,1500,-1500,226,0,0
60,R,1500,-1500,227,0,-1
60,R,1500,-1500,228,0,0
60,R,1500,-1500,229,0,0
60,R,1500,-1500,230,0,-1
60,R,1500,-1500,231,0,0
60,R,1500,-1500,232,0,-1
60,R,1500,-1500,233,0,-1
60,R,1500,-1500,234,0,-1
60,R,1500,-1500,235,0,0
60,R,1500,-1500,236,0,-1
60,R,1500,-1500,237,0,-1
60,R,1500,-1500,238,0,-1
60,R,1500,-1500,239,0,-1
60,R,1500,-1500,240,0,-1
60,R,1500,-1500,241,0,-1
60,R,1500,-1500,242,0,-1
60,R,1500,-1500,243,0,-1
60,R,1500,-1500,244,0,-1
60,R,1500,-1500,245,0,-2
60,R,1500,-1500,246,0,-1
60,R,1500,-1500,247,0,-1
60,R,1500,-1500,248,0,-2
60,R,1500,-1500,249,0,-1
60,R,1500,-1500,250,0,-1
60,R,1500,-1500,251,0,-2
60,R,1500,-1500,252,0,-1
60,R,1500,-1500,253,0,-1
60,R,1500,-1500,254,0,-2
60,R,1500,-1500,255,0,-1
60,R,1500,-1500,256,0,-1
60,R,1500,-1500,257,0,-2
60,R,1500,-1500,258,0,-1
60,R,1500,-1500,259,0,-2
60,R,1500,-1500,260,0,-2
60,R,1500,-1500,261,0,-1
60,R,1500,-1500,262,0,-2
60,R,1500,-1500,263,0,-1
60,R,1500,-1500,264,0,-2
60,R,1500,-1500,265,0,-2
60,R,1500,-1500,266,0,-1
60,R,1500,-1500,267,0,-2
60,R,1500,-1500,268,0,-2
60,R,1500,-1500,269,0,-2
60,R,1500,-1500,270,0,-1
60,R,1500,-1500,271,0,-3
60,R,1500,-1500,272,0,-1
60,R,1500,-1500,273,0,-2
60,R,1500,-1500,274,0,-2
60,R,1500,-1500,275,0,-1
60,R,1500,-1500,276,0,-3
60,R,1500,-1500,277,0,-1
60,R,1500,-1500,278,0,-2
60,R,1500,-1500,279,0,-2
60,R,1500,-1500,280,0,-2
60,R,1500,-1500,281,0,-2
60,R,1500,-1500,282,0,-2
60,R,1500,-1500,283,0,-2
60,R,1500,-1500,284,0,-2
60,R,1500,-1500,285,0,-2
60,R,1500,-1500,286,0,-2
60,R,1500,-1500,287,0,-2
60,R,1500,-1500,288,0,-2
60,R,1500,-1500,289,0,-2
60,R,1500,-1500,290,0,-2
60,R,1500,-1500,291,0,-2
60,R,1500,-1500,292,0,-3
60,R,1500,-1500,293,0,-1
60,R,1500,-1500,294,0,-3
60,R,1500,-1500,295,0,-2
60,R,1500,-1500,296,0,-2
60,R,1500,-1500,297,0,-2
60,R,1500,-1500,298,0,-2
60,R,1500,-1500,299,0,-3
60,R,1500,-1500,300,0,-1
60,R,1500,-1500,301,0,-3
60,R,1500,-1500,302,0,-2
60,R,1500,-1500,303,0,-2
60,R,1500,-1500,304,0,-2
60,R,1500,-1500,305,0,-3
60,R,1500,-1500,306,0,-2
60,R,1500,-1500,307,0,-2
60,R,1500,-1500,308,0,-2
60,R,1500,-1500,309,0,-2
60,R,1500,-1500,310,0,-3
60,R,1500,-1500,311,0,-2
60,R,1500,-1500,312,0,-2
60,R,1500,-1500,313,0,-2
60,R,1500,-1500,314,0,-3
60,R,1500,-1500,315,0,-2
60,R,1500,-1500,316,0,-2
60,R,1500,-1500,317,0,-3
60,R,1500,-1500,318,0,-2
60,R,1500,-1500,319,0,-3
60,R,1500,-1500,320,0,-2
60,R,1500,-1500,321,0,-2
60,R,1500,-1500,322,0,-3
60,R,1500,-1500,323,0,-2
60,R,1500,-1500,324,0,-2
60,R,1500,-1500,325,0,-2
60,R,1500,-1500,326,0,-3
60,R,1500,-1500,327,0,-3
60,R,1500,-1500,328,0,-1
60,R,1500,-1500,329,0,-3
60,R,1500,-1500,330,0,-2
60,R,1500,-1500,331,0,-3
60,R,1500,-1500,332,0,-3
60,R,1500,-1500,333,0,-2
60,R,1500,-1500,334,0,-2
60,R,1500,-1500,335,0,-3
60,R,1500,-1500,336,0,-2
60,R,1500,-1500,337,0,-3
60,R,1500,-1500,338,0,-2
60,R,1500,-1500,339,0,-3
60,R,1500,-1500,340,0,-2
60,R,1500,-1500,341,0,-2
60,R,1500,-1500,342,0,-3
60,R,1500,-1500,343,0,-2
60,R,1500,-1500,344,0,-3
60,R,1500,-1500,345,0,-3
60,R,1500,-1500,346,0,-1
60,R,1500,-1500,347,0,-3
60,R,1500,-1500,348,0,-3
60,R,1500,-1500,349,0,-2
60,R,1500,-1500,350,0,-3
60,R,1500,-1500,351,0,-2
60,R,1500,-1500,352,0,-3
60,R,1500,-1500,353,0,-3
60,R,1500,-1500,354,0,-2
60,R,1500,-1500,355,0,-2
60,R,1500,-1500,356,0,-3
60,R,1500,-1500,357,0,-2
60,R,1500,-1500,358,0,-3
60,R,1500,-1500,359,0,-2
60,R,1500,-1500,360,0,-3
60,R,1500,-1500,361,0,-3
60,R,1500,-1500,362,0,-2
60,R,1500,-1500,363,0,-3
60,R,1500,-1500,364,0,-2
60,R,1500,-1500,365,0,-2
60,R,1500,-1500,366,0,-3
60,R,1500,-1500,367,0,-3
60,R,1500,-1500,368,0,-2
60,R,1500,-1500,369,0,-3
60,R,1500,-1500,370,0,-2
60,R,1500,-1500,371,0,-3
60,R,1500,-1500,372,0,-3
60,R,1500,-1500,373,0,-2
60,R,1500,-1500,374,0,-3
60,R,1500,-1500,375,0,-2
60,R,1500,-1500,376,0,-3
60,R,1500,-1500,377,0,-3
60,R,1500,-1500,378,0,-2
60,R,1500,-1500,379,0,-2
60,R,1500,-1500,380,0,-3
60,R,1500,-1500,381,0,-3
60,R,1500,-1500,382,0,-2
60,R,1500,-1500,383,0,-3
60,R,1500,-1500,384,0,-2
60,R,1500,-1500,385,0,-3
60,R,1500,-1500,386,0,-3
60,R,1500,-1500,387,0,-2
60,R,1500,-1500,388,0,-3
60,R,1500,-1500,389,0,-3
60,R,1500,-1500,390,0,-2
60,R,1500,-1500,391,0,-3
60,R,1500,-1500,392,0,-3
60,R,1500,-1500,393,0,-2
60,R,1500,-1500,394,0,-3
60,R,1500,-1500,395,0,-2
60,R,1500,-1500,396,0,-3
60,R,1500,-1500,397,0,-3
60,R,1500,-1500,398,0,-2
60,R,1500,-1500,399,0,-2
60,R,1500,-1500,400,0,-4
60,R,1500,-1500,401,0,-2
60,R,1500,-1500,402,0,-2
60,R,1500,-1500,403,0,-3
60,R,1500,-1500,404,0,-2
60,R,1500,-1500,405,0,-3
60,R,1500,-1500,406,0,-3
60,R,1500,-1500,407,0,-1
60,R,1500,-1500,408,0,-3
60,R,1500,-1500,409,0,-2
60,R,1500,-1500,410,0,-2
60,R,1500,-1500,411,0,-2
60,R,1500,-1500,412,0,-2
60,R,1500,-1500,413,0,-2
60,R,1500,-1500,414,0,-2
60,R,1500,-1500,415,0,-1
60,R,1500,-1500,416,0,-3
60,R,1500,-1500,417,0,-1
60,R,1500,-1500,418,0,-2
60,R,1500,-1500,419,0,-2
60,R,1500,-1500,420,0,-1
60,R,1500,-1500,421,0,-2
60,R,1500,-1500,422,0,-1
60,R,1500,-1500,423,0,-1
60,R,1500,-1500,424,0,-2
60,R,1500,-1500,425,0,-1
60,R,1500,-1500,426,0,-1
60,R,1500,-1500,427,0,-2
60,R,1500,-1500,428,0,-1
60,R,1500,-1500,429,0,0
60,R,1500,-1500,430,0,-1
60,R,1500,-1500,431,0,-2
60,R,1500,-1500,432,0,-1
60,R,1500,-1500,433,0,0
60,R,1500,-1500,434,0,-1
60,R,1500,-1500,435,0,-1
60,R,1500,-1500,436,0,-1
60,R,1500,-1500,437,0,0
60,R,1500,-1500,438,0,-1
60,R,1500,-1500,439,0,0
60,R,1500,-1500,440,0,0
60,R,1500,-1500,441,0,-1
60,R,1500,-1500,442,0,0
60,R,1500,-1500,443,0,0
60,R,1500,-1500,444,0,-1
60,R,1500,-1500,445,0,0
60,R,1500,-1500,446,0,-1
60,R,1500,-1500,447,0,0
60,R,1500,-1500,448,0,0
60,R,1500,-1500,449,0,0
60,R,1500,-1500,450,0,0
60,R,1500,-1500,451,0,0
60,R,1500,-1500,452,0,0
60,R,1500,-1500,453,0,0
60,R,1500,-1500,454,0,0
60,R,1500,-1500,455,0,0
60,R,1500,-1500,456,0,0
60,R,1500,-1500,457,0,0
60,R,1500,-1500,458,0,0
60,R,1500,-1500,459,0,0
60,R,1500,-1500,460,0,0
60,R,1500,-1500,461,0,0
60,R,1500,-1500,462,0,0
60,R,1500,-1500,463,0,0
60,R,1500,-1500,464,0,0
60,R,1500,-1500,465,0,0
60,R,1500,-1500,466,0,0
60,R,1500,-1500,467,0,0
60,R,1500,-1500,468,0,0
60,R,1500,-1500,469,0,0
60,R,1500,-1500,470,0,0
60,R,1500,-1500,471,0,0
60,R,1500,-1500,472,0,0
60,R,1500,-1500,473,0,0
60,R,1500,-1500,474,0,0
60,R,1500,-1500,475,0,0
60,R,1500,-1500,476,0,0
60,R,1500,-1500,477,0,0
60,R,1500,-1500,478,0,0
60,R,1500,-1500,479,0,0
60,R,1500,-1500,480,0,0
60,R,1500,-1500,481,0,0
60,R,1500,-1500,482,0,0
60,R,1500,-1500,483,0,0
60,R,1500,-1500,484,0,0
60,R,1500,-1500,485,0,0
60,R,1500,-1500,486,0,0
60,R,1500,-1500,487,0,0
60,R,1500,-1500,488,0,0
60,R,1500,-1500,489,0,0
60,R,1500,-1500,490,0,0
60,R,1500,-1500,491,0,0
60,R,1500,-1500,492,0,0
60,R,1500,-1500,493,0,0
60,R,1500,-1500,494,0,0
60,R,1500,-1500,495,0,0
60,R,1500,-1500,496,0,0
60,R,1500,-1500,497,0,0
60,R,1500,-1500,498,0,0
60,R,1500,-1500,499,0,0
61,R,-1420,-1420,0,0,0
61,R,-1420,-1420,1,0,0
61,R,-1420,-1420,2,0,0
61,R,-1420,-1420,3,0,0
61,R,-1420,-1420,4,0,0
61,R,-1420,-1420,5,0,0
61,R,-1420,-1420,6,0,0
61,R,-1420,-1420,7,0,0
61,R,-1420,-1420,8,0,0
61,R,-1420,-1420,9,0,0
61,R,-1420,-1420,10,0,0
61,R,-1420,-1420,11,0,0
61,R,-1420,-1420,12,0,0
61,R,-1420,-1420,13,0,0
61,R,-1420,-1420,14,0,0
61,R,-1420,-1420,15,0,0
61,R,-1420,-1420,16,0,0
61,R,-1420,-1420,17,0,0
61,R,-1420,-1420,18,0,0
61,R,-1420,-1420,19,0,0
61,R,-1420,-1420,20,0,0
61,R,-1420,-1420,21,0,0
61,R,-1420,-1420,22,0,0
61,R,-1420,-1420,23,0,0
61,R,-1420,-1420,24,0,0
61,R,-1420,-1420,25,0,0
61,R,-1420,-1420,26,0,0
61,R,-1420,-1420,27,0,0
61,R,-1420,-1420,28,0,0
61,R,-1420,-1420,29,0,0
61,R,-1420,-1420,30,0,0
61,R,-1420,-1420,31,0,0
61,R,-1420,-1420,32,0,0
61,R,-1420,-1420,33,0,0
61,R,-1420,-1420,34,0,0
61,R,-1420,-1420,35,0,0
61,R,-1420,-1420,36,0,0
61,R,-1420,-1420,37,0,0
61,R,-1420,-1420,38,0,0
61,R,-1420,-1420,39,0,0
61,R,-1420,-1420,40,0,0
61,R,-1420,-1420,41,0,0
61,R,-1420,-1420,42,0,0
61,R,-1420,-1420,43,0,0
61,R,-1420,-1420,44,0,0
61,R,-1420,-1420,45,0,0
61,R,-1420,-1420,46,0,0
61,R,-1420,-1420,47,0,0
61,R,-1420,-1420,48,0,0
61,R,-1420,-1420,49,0,0
61,R,-1420,-1420,50,0,0
61,R,-1420,-1420,51,0,0
61,R,-1420,-1420,52,0,0
61,R,-1420,-1420,53,0,0
61,R,-1420,-1420,54,0,0
61,R,-1420,-1420,55,0,0
61,R,-1420,-1420,56,0,0
61,R,-1420,-1420,57,0,0
61,R,-1420,-1420,58,0,0
61,R,-1420,-1420,59,0,0
61,R,-1420,-1420,60,0,0
61,R,-1420,-1420,61,0,0
61,R,-1420,-1420,62,0,0
61,R,-1420,-1420,63,0,0
61,R,-1420,-1420,64,0,0
61,R,-1420,-1420,65,0,0
61,R,-1420,-1420,66,0,0
61,R,-1420,-1420,67,0,0
61,R,-1420,-1420,68,0,0
61,R,-1420,-1420,69,0,0
61,R,-1420,-1420,70,0,0
61,R,-1420,-1420,71,0,0
61,R,-1420,-1420,72,0,0
61,R,-1420,-1420,73,0,0
61,R,-1420,-1420,74,0,0
61,R,-1420,-1420,75,0,0
61,R,-1420,-1420,76,0,0
61,R,-1420,-1420,77,0,0
61,R,-1420,-1420,78,0,0
61,R,-1420,-1420,79,0,0
61,R,-1420,-1420,80,0,0
61,R,-1420,-1420,81,0,0
61,R,-1420,-1420,82,0,0
61,R,-1420,-1420,83,0,0
61,R,-1420,-1420,84,0,0
61,R,-1420,-1420,85,0,0
61,R,-1420,-1420,86,0,0
61,R,-1420,-1420,87,0,0
61,R,-1420,-1420,88,0,0
61,R,-1420,-1420,89,0,0
61,R,-1420,-1420,90,0,0
61,R,-1420,-1420,91,0,0
61,R,-1420,-1420,92,0,0
61,R,-1420,-1420,93,0,0
61,R,-1420,-1420,94,0,0
61,R,-1420,-1420,95,0,0
61,R,-1420,-1420,96,0,0
61,R,-1420,-1420,97,0,0
61,R,-1420,-1420,98,0,0
61,R,-1420,-1420,99,0,0
61,R,-1420,-1420,100,0,0
61,R,-1420,-1420,101,0,0
61,R,-1420,-1420,102,0,0
61,R,-1420,-1420,103,0,0
61,R,-1420,-1420,104,0,0
61,R,-1420,-1420,105,0,0
61,R,-1420,-1420,106,0,0
61,R,-1420,-1420,107,0,0
61,R,-1420,-1420,108,0,0
61,R,-1420,-1420,109,0,0
61,R,-1420,-1420,110,0,0
61,R,-1420,-1420,111,0,0
61,R,-1420,-1420,112,0,0
61,R,-1420,-1420,113,0,0
61,R,-1420,-1420,114,0,0
61,R,-1420,-1420,115,0,0
61,R,-1420,-1420,116,0,0
61,R,-1420,-1420,117,0,0
61,R,-1420,-1420,118,0,0
61,R,-1420,-1420,119,0,0
61,R,-1420,-1420,120,0,0
61,R,-1420,-1420,121,0,0
61,R,-1420,-1420,122,0,0
61,R,-1420,-1420,123,0,0
61,R,-1420,-1420,124,0,0
61,R,-1420,-1420,125,0,0
61,R,-1420,-1420,126,0,0
61,R,-1420,-1420,127,0,0
61,R,-1420,-1420,128,0,0
61,R,-1420,-1420,129,0,0
61,R,-1420,-1420,130,0,0
61,R,-1420,-1420,131,0,0
61,R,-1420,-1420,132,0,0
61,R,-1420,-1420,133,0,0
61,R,-1420,-1420,134,0,0
61,R,-1420,-1420,135,0,0
61,R,-1420,-1420,136,0,0
61,R,-1420,-1420,137,0,0
61,R,-1420,-1420,138,0,0
61,R,-1420,-1420,139,0,0
61,R,-1420,-1420,140,0,0
61,R,-1420,-1420,141,0,0
61,R,-1420,-1420,142,0,0
61,R,-1420,-1420,143,0,0
61,R,-1420,-1420,144,0,0
61,R,-1420,-1420,145,0,0
61,R,-1420,-1420,146,0,0
61,R,-1420,-1420,147,0,0
61,R,-1420,-1420,148,0,0
61,R,-1420,-1420,149,0,0
61,R,-1420,-1420,150,0,0
61,R,-1420,-1420,151,0,0
61,R,-1420,-1420,152,0,0
61,R,-1420,-1420,153,0,0
61,R,-1420,-1420,154,0,0
61,R,-1420,-1420,155,0,0
61,R,-1420,-1420,156,0,0
61,R,-1420,-1420,157,0,0
61,R,-1420,-1420,158,0,0
61,R,-1420,-1420,159,0,0
61,R,-1420,-1420,160,0,0
61,R,-1420,-1420,161,0,0
61,R,-1420,-1420,162,0,0
61,R,-1420,-1420,163,0,0
61,R,-1420,-1420,164,0,0
61,R,-1420,-1420,165,0,0
61,R,-1420,-1420,166,0,0
61,R,-1420,-1420,167,0,0
61,R,-1420,-1420,168,0,0
61,R,-1420,-1420,169,0,0
61,R,-1420,-1420,170,0,0
61,R,-1420,-1420,171,0,0
61,R,-1420,-1420,172,0,0
61,R,-1420,-1420,173,0,0
61,R,-1420,-1420,174,0,0
61,R,-1420,-1420,175,0,0
61,R,-1420,-1420,176,0,0
61,R,-1420,-1420,177,0,0
61,R,-1420,-1420,178,0,0
61,R,-1420,-1420,179,0,0
61,R,-1420,-1420,180,0,0
61,R,-1420,-1420,181,0,0
61,R,-1420,-1420,182,0,0
61,R,-1420,-1420,183,0,0
61,R,-1420,-1420,184,0,0
61,R,-1420,-1420,185,0,0
61,R,-1420,-1420,186,0,0
61,R,-1420,-1420,187,0,0
61,R,-1420,-1420,188,0,0
61,R,-1420,-1420,189,0,0
61,R,-1420,-1420,190,0,0
61,R,-1420,-1420,191,0,0
61,R,-1420,-1420,192,0,0
61,R,-1420,-1420,193,0,0
61,R,-1420,-1420,194,0,0
61,R,-1420,-1420,195,0,0
61,R,-1420,-1420,196,0,0
61,R,-1420,-1420,197,0,0
61,R,-1420,-1420,198,0,0
61,R,-1420,-1420,199,0,0
61,R,-1420,-1420,200,0,0
61,R,-1420,-1420,201,0,0
61,R,-1420,-1420,202,0,0
61,R,-1420,-1420,203,0,0
61,R,-1420,-1420,204,0,0
61,R,-1420,-1420,205,0,0
61,R,-1420,-1420,206,0,0
61,R,-1420,-1420,207,0,0
61,R,-1420,-1420,208,0,0
61,R,-1420,-1420,209,0,0
61,R,-1420,-1420,210,0,0
61,R,-1420,-1420,211,0,0
61,R,-1420,-1420,212,0,0
61,R,-1420,-1420,213,0,0
61,R,-1420,-1420,214,0,0
61,R,-1420,-1420,215,0,0
61,R,-1420,-1420,216,0,0
61,R,-1420,-1420,217,0,0
61,R,-1420,-1420,218,0,0
61,R,-1420,-1420,219,0,0
61,R,-1420,-1420,220,0,0
61,R,-1420,-1420,221,0,0
61,R,-1420,-1420,222,0,0
61,R,-1420,-1420,223,0,0
61,R,-1420,-1420,224,0,0
61,R,-1420,-1420,225,0,0
61,R,-1420,-1420,226,0,0
61,R,-1420,-1420,227,0,0
61,R,-1420,-1420,228,0,0
61,R,-1420,-1420,229,0,0
61,R,-1420,-1420,230,0,0
61,R,-1420,-1420,231,0,0
61,R,-1420,-1420,232,0,0
61,R,-1420,-1420,233,0,0
61,R,-1420,-1420,234,0,0
61,R,-1420,-1420,235,0,0
61,R,-1420,-1420,236,0,0
61,R,-1420,-1420,237,0,0
61,R,-1420,-1420,238,0,0
61,R,-1420,-1420,239,0,0
61,R,-1420,-1420,240,0,0
61,R,-1420,-1420,241,0,0
61,R,-1420,-1420,242,0,0
61,R,-1420,-1420,243,0,0
61,R,-1420,-1420,244,0,0
61,R,-1420,-1420,245,0,0
61,R,-1420,-1420,246,0,0
61,R,-1420,-1420,247,0,0
61,R,-1420,-1420,248,0,0
61,R,-1420,-1420,249,0,0
61,R,-1420,-1420,250,0,0
61,R,-1420,-1420,251,0,0
61,R,-1420,-1420,252,0,0
61,R,-1420,-1420,253,0,0
61,R,-1420,-1420,254,0,0
61,R,-1420,-1420,255,0,0
61,R,-1420,-1420,256,0,0
61,R,-1420,-1420,257,0,0
61,R,-1420,-1420,258,0,0
61,R,-1420,-1420,259,0,0
61,R,-1420,-1420,260,0,0
61,R,-1420,-1420,261,0,0
61,R,-1420,-1420,262,0,0
61,R,-1420,-1420,263,0,0
61,R,-1420,-1420,264,0,0
61,R,-1420,-1420,265,0,0
61,R,-1420,-1420,266,0,0
61,R,-1420,-1420,267,0,0
61,R,-1420,-1420,268,0,0
61,R,-1420,-1420,269,0,0
61,R,-1420,-1420,270,0,0
61,R,-1420,-1420,271,0,0
61,R,-1420,-1420,272,0,0
61,R,-1420,-1420,273,0,0
61,R,-1420,-1420,274,0,0
61,R,-1420,-1420,275,0,0
61,R,-1420,-1420,276,0,0
61,R,-1420,-1420,277,0,0
61,R,-1420,-1420,278,0,0
61,R,-1420,-1420,279,0,0
61,R,-1420,-1420,280,0,0
61,R,-1420,-1420,281,0,0
61,R,-1420,-1420,282,0,0
61,R,-1420,-1420,283,0,0
61,R,-1420,-1420,284,0,0
61,R,-1420,-1420,285,0,0
61,R,-1420,-1420,286,0,0
61,R,-1420,-1420,287,0,0
61,R,-1420,-1420,288,0,0
61,R,-1420,-1420,289,0,0
61,R,-1420,-1420,290,0,0
61,R,-1420,-1420,291,0,0
61,R,-1420,-1420,292,0,0
61,R,-1420,-1420,293,0,0
61,R,-1420,-1420,294,0,0
61,R,-1420,-1420,295,0,0
61,R,-1420,-1420,296,0,0
61,R,-1420,-1420,297,0,0
61,R,-1420,-1420,298,0,0
61,R,-1420,-1420,299,0,0
61,R,-1420,-1420,300,0,0
61,R,-1420,-1420,301,0,0
61,R,-1420,-1420,302,0,0
61,R,-1420,-1420,303,0,0
61,R,-1420,-1420,304,0,0
61,R,-1420,-1420,305,0,0
61,R,-1420,-1420,306,0,0
61,R,-1420,-1420,307,0,0
61,R,-1420,-1420,308,0,0
61,R,-1420,-1420,309,0,0
61,R,-1420,-1420,310,0,0
61,R,-1420,-1420,311,0,0
61,R,-1420,-1420,312,0,0
61,R,-1420,-1420,313,0,0
61,R,-1420,-1420,314,0,0
61,R,-1420,-1420,315,0,0
61,R,-1420,-1420,316,0,0
61,R,-1420,-1420,317,0,0
61,R,-1420,-1420,318,0,0
61,R,-1420,-1420,319,0,0
61,R,-1420,-1420,320,0,0
61,R,-1420,-1420,321,0,0
61,R,-1420,-1420,322,0,0
61,R,-1420,-1420,323,0,0
61,R,-1420,-1420,324,0,0
61,R,-1420,-1420,325,0,0
61,R,-1420,-1420,326,0,0
61,R,-1420,-1420,327,0,0
61,R,-1420,-1420,328,0,0
61,R,-1420,-1420,329,0,0
61,R,-1420,-1420,330,0,0
61,R,-1420,-1420,331,0,0
61,R,-1420,-1420,332,0,0
61,R,-1420,-1420,333,0,0
61,R,-1420,-1420,334,0,0
61,R,-1420,-1420,335,0,0
61,R,-1420,-1420,336,0,0
61,R,-1420,-1420,337,0,0
61,R,-1420,-1420,338,0,0
61,R,-1420,-1420,339,0,0
61,R,-1420,-1420,340,0,0
61,R,-1420,-1420,341,0,0
61,R,-1420,-1420,342,0,0
61,R,-1420,-1420,343,0,0
61,R,-1420,-1420,344,0,0
61,R,-1420,-1420,345,0,0
61,R,-1420,-1420,346,0,0
61,R,-1420,-1420,347,0,0
61,R,-1420,-1420,348,0,0
61,R,-1420,-1420,349,0,0
61,R,-1420,-1420,350,0,0
61,R,-1420,-1420,351,0,0
61,R,-1420,-1420,352,0,0
61,R,-1420,-1420,353,0,0
61,R,-1420,-1420,354,0,0
61,R,-1420,-1420,355,0,0
61,R,-1420,-1420,356,0,0
61,R,-1420,-1420,357,0,0
61,R,-1420,-1420,358,0,0
61,R,-1420,-1420,359,0,0
61,R,-1420,-1420,360,0,0
61,R,-1420,-1420,361,0,0
61,R,-1420,-1420,362,0,0
61,R,-1420,-1420,363,0,0
61,R,-1420,-1420,364,0,0
61,R,-1420,-1420,365,0,0
61,R,-1420,-1420,366,0,0
61,R,-1420,-1420,367,0,0
61,R,-1420,-1420,368,0,0
61,R,-1420,-1420,369,0,0
61,R,-1420,-1420,370,0,0
61,R,-1420,-1420,371,0,0
61,R,-1420,-1420,372,0,0
61,R,-1420,-1420,373,0,0
61,R,-1420,-1420,374,0,0
61,R,-1420,-1420,375,0,0
61,R,-1420,-1420,376,0,0
61,R,-1420,-1420,377,0,0
61,R,-1420,-1420,378,0,0
61,R,-1420,-1420,379,0,0
61,R,-1420,-1420,380,0,0
61,R,-1420,-1420,381,0,0
61,R,-1420,-1420,382,0,0
61,R,-1420,-1420,383,0,0
61,R,-1420,-1420,384,0,0
61,R,-1420,-1420,385,0,0
61,R,-1420,-1420,386,0,0
61,R,-1420,-1420,387,0,0
61,R,-1420,-1420,388,0,0
61,R,-1420,-1420,389,0,0
61,R,-1420,-1420,390,0,0
61,R,-1420,-1420,391,0,0
61,R,-1420,-1420,392,0,0
61,R,-1420,-1420,393,0,0
61,R,-1420,-1420,394,0,0
61,R,-1420,-1420,395,0,0
61,R,-1420,-1420,396,0,0
61,R,-1420,-1420,397,0,0
61,R,-1420,-1420,398,0,0
61,R,-1420,-1420,399,0,0
61,R,-1420,-1420,400,0,0
61,R,-1420,-1420,401,0,0
61,R,-1420,-1420,402,0,0
61,R,-1420,-1420,403,0,0
61,R,-1420,-1420,404,0,0
61,R,-1420,-1420,405,0,0
61,R,-1420,-1420,406,0,0
61,R,-1420,-1420,407,0,0
61,R,-1420,-1420,408,0,0
61,R,-1420,-1420,409,0,0
61,R,-1420,-1420,410,0,0
61,R,-1420,-1420,411,0,0
61,R,-1420,-1420,412,0,0
61,R,-1420,-1420,413,0,0
61,R,-1420,-1420,414,0,0
61,R,-1420,-1420,415,0,0
61,R,-1420,-1420,416,0,0
61,R,-1420,-1420,417,0,0
61,R,-1420,-1420,418,0,0
61,R,-1420,-1420,419,0,0
61,R,-1420,-1420,420,0,0
61,R,-1420,-1420,421,0,0
61,R,-1420,-1420,422,0,0
61,R,-1420,-1420,423,0,0
61,R,-1420,-1420,424,0,0
61,R,-1420,-1420,425,0,0
61,R,-1420,-1420,426,0,0
61,R,-1420,-1420,427,0,0
61,R,-1420,-1420,428,0,0
61,R,-1420,-1420,429,0,0
61,R,-1420,-1420,430,0,0
61,R,-1420,-1420,431,0,0
61,R,-1420,-1420,432,0,0
61,R,-1420,-1420,433,0,0
61,R,-1420,-1420,434,0,0
61,R,-1420,-1420,435,0,0
61,R,-1420,-1420,436,0,0
61,R,-1420,-1420,437,0,0
61,R,-1420,-1420,438,0,0
61,R,-1420,-1420,439,0,0
61,R,-1420,-1420,440,0,0
61,R,-1420,-1420,441,0,0
61,R,-1420,-1420,442,0,0
61,R,-1420,-1420,443,0,0
61,R,-1420,-1420,444,0,0
61,R,-1420,-1420,445,0,0
61,R,-1420,-1420,446,0,0
61,R,-1420,-1420,447,0,0
61,R,-1420,-1420,448,0,0
61,R,-1420,-1420,449,0,0
61,R,-1420,-1420,450,0,0
61,R,-1420,-1420,451,0,0
61,R,-1420,-1420,452,0,0
61,R,-1420,-1420,453,0,0
61,R,-1420,-1420,454,0,0
61,R,-1420,-1420,455,0,0
61,R,-1420,-1420,456,0,0
61,R,-1420,-1420,457,0,0
61,R,-1420,-1420,458,0,0
61,R,-1420,-1420,459,0,0
61,R,-1420,-1420,460,0,0
61,R,-1420,-1420,461,0,0
61,R,-1420,-1420,462,0,0
61,R,-1420,-1420,463,0,0
61,R,-1420,-1420,464,0,0
61,R,-1420,-1420,465,0,0
61,R,-1420,-1420,466,0,0
61,R,-1420,-1420,467,0,0
61,R,-1420,-1420,468,0,0
61,R,-1420,-1420,469,0,0
61,R,-1420,-1420,470,0,0
61,R,-1420,-1420,471,0,0
61,R,-1420,-1420,472,0,0
61,R,-1420,-1420,473,0,0
61,R,-1420,-1420,474,0,0
61,R,-1420,-1420,475,0,0
61,R,-1420,-1420,476,0,0
61,R,-1420,-1420,477,0,0
61,R,-1420,-1420,478,0,0
61,R,-1420,-1420,479,0,0
61,R,-1420,-1420,480,0,0
61,R,-1420,-1420,481,0,0
61,R,-1420,-1420,482,0,0
61,R,-1420,-1420,483,0,0
61,R,-1420,-1420,484,0,0
61,R,-1420,-1420,485,0,0
61,R,-1420,-1420,486,0,0
61,R,-1420,-1420,487,0,0
61,R,-1420,-1420,488,0,0
61,R,-1420,-1420,489,0,0
61,R,-1420,-1420,490,0,0
61,R,-1420,-1420,491,0,0
61,R,-1420,-1420,492,0,0
61,R,-1420,-1420,493,0,0
61,R,-1420,-1420,494,0,0
61,R,-1420,-1420,495,0,0
61,R,-1420,-1420,496,0,0
61,R,-1420,-1420,497,0,0
61,R,-1420,-1420,498,0,0
61,R,-1420,-1420,499,0,0
62,R,-1440,-1440,0,0,0
62,R,-1440,-1440,1,0,0
62,R,-1440,-1440,2,0,0
62,R,-1440,-1440,3,0,0
62,R,-1440,-1440,4,0,0
62,R,-1440,-1440,5,0,0
62,R,-1440,-1440,6,0,0
62,R,-1440,-1440,7,0,0
62,R,-1440,-1440,8,0,0
62,R,-1440,-1440,9,0,0
62,R,-1440,-1440,10,0,0
62,R,-1440,-1440,11,0,0
62,R,-1440,-1440,12,0,0
62,R,-1440,-1440,13,0,0
62,R,-1440,-1440,14,0,0
62,R,-1440,-1440,15,0,0
62,R,-1440,-1440,16,0,0
62,R,-1440,-1440,17,0,0
62,R,-1440,-1440,18,0,0
62,R,-1440,-1440,19,0,0
62,R,-1440,-1440,20,0,0
62,R,-1440,-1440,21,0,0
62,R,-1440,-1440,22,0,0
62,R,-1440,-1440,23,0,0
62,R,-1440,-1440,24,0,0
62,R,-1440,-1440,25,0,0
62,R,-1440,-1440,26,0,0
62,R,-1440,-1440,27,0,0
62,R,-1440,-1440,28,0,0
62,R,-1440,-1440,29,0,0
62,R,-1440,-1440,30,0,0
62,R,-1440,-1440,31,0,0
62,R,-1440,-1440,32,0,0
62,R,-1440,-1440,33,0,0
62,R,-1440,-1440,34,0,0
62,R,-1440,-1440,35,0,0
62,R,-1440,-1440,36,0,0
62,R,-1440,-1440,37,0,0
62,R,-1440,-1440,38,0,0
62,R,-1440,-1440,39,0,0
62,R,-1440,-1440,40,0,0
62,R,-1440,-1440,41,0,0
62,R,-1440,-1440,42,0,0
62,R,-1440,-1440,43,0,0
62,R,-1440,-1440,44,0,0
62,R,-1440,-1440,45,0,0
62,R,-1440,-1440,46,0,0
62,R,-1440,-1440,47,0,0
62,R,-1440,-1440,48,0,0
62,R,-1440,-1440,49,0,0
62,R,-1440,-1440,50,0,0
62,R,-1440,-1440,51,0,0
62,R,-1440,-1440,52,0,0
62,R,-1440,-1440,53,0,0
62,R,-1440,-1440,54,0,0
62,R,-1440,-1440,55,0,0
62,R,-1440,-1440,56,0,0
62,R,-1440,-1440,57,0,0
62,R,-1440,-1440,58,0,0
62,R,-1440,-1440,59,0,0
62,R,-1440,-1440,60,0,0
62,R,-1440,-1440,61,0,0
62,R,-1440,-1440,62,0,0
62,R,-1440,-1440,63,0,0
62,R,-1440,-1440,64,0,0
62,R,-1440,-1440,65,0,0
62,R,-1440,-1440,66,0,0
62,R,-1440,-1440,67,0,0
62,R,-1440,-1440,68,0,0
62,R,-1440,-1440,69,0,0
62,R,-1440,-1440,70,0,0
62,R,-1440,-1440,71,0,0
62,R,-1440,-1440,72,0,0
62,R,-1440,-1440,73,0,0
62,R,-1440,-1440,74,0,0
62,R,-1440,-1440,75,0,0
62,R,-1440,-1440,76,0,0
62,R,-1440,-1440,77,0,0
62,R,-1440,-1440,78,0,0
62,R,-1440,-1440,79,0,0
62,R,-1440,-1440,80,0,0
62,R,-1440,-1440,81,0,0
62,R,-1440,-1440,82,0,0
62,R,-1440,-1440,83,0,0
62,R,-1440,-1440,84,0,0
62,R,-1440,-1440,85,0,0
62,R,-1440,-1440,86,0,0
62,R,-1440,-1440,87,0,0
62,R,-1440,-1440,88,0,0
62,R,-1440,-1440,89,0,0
62,R,-1440,-1440,90,0,0
62,R,-1440,-1440,91,0,0
62,R,-1440,-1440,92,0,0
62,R,-1440,-1440,93,0,0
62,R,-1440,-1440,94,0,0
62,R,-1440,-1440,95,0,0
62,R,-1440,-1440,96,0,0
62,R,-1440,-1440,97,0,0
62,R,-1440,-1440,98,0,0
62,R,-1440,-1440,99,0,0
62,R,-1440,-1440,100,0,0
62,R,-1440,-1440,101,0,0
62,R,-1440,-1440,102,0,0
62,R,-1440,-1440,103,0,0
62,R,-1440,-1440,104,0,0
62,R,-1440,-1440,105,0,0
62,R,-1440,-1440,106,0,0
62,R,-1440,-1440,107,0,0
62,R,-1440,-1440,108,0,0
62,R,-1440,-1440,109,0,0
62,R,-1440,-1440,110,0,0
62,R,-1440,-1440,111,0,0
62,R,-1440,-1440,112,0,0
62,R,-1440,-1440,113,0,0
62,R,-1440,-1440,114,0,0
62,R,-1440,-1440,115,0,0
62,R,-1440,-1440,116,0,0
62,R,-1440,-1440,117,0,0
62,R,-1440,-1440,118,0,0
62,R,-1440,-1440,119,0,0
62,R,-1440,-1440,120,0,0
62,R,-1440,-1440,121,0,0
62,R,-1440,-1440,122,0,0
62,R,-1440,-1440,123,0,0
62,R,-1440,-1440,124,0,0
62,R,-1440,-1440,125,0,0
62,R,-1440,-1440,126,0,0
62,R,-1440,-1440,127,0,0
62,R,-1440,-1440,128,0,0
62,R,-1440,-1440,129,0,0
62,R,-1440,-1440,130,0,0
62,R,-1440,-1440,131,0,0
62,R,-1440,-1440,132,0,0
62,R,-1440,-1440,133,0,0
62,R,-1440,-1440,134,0,0
62,R,-1440,-1440,135,0,0
62,R,-1440,-1440,136,0,0
62,R,-1440,-1440,137,0,0
62,R,-1440,-1440,138,0,0
62,R,-1440,-1440,139,0,0
62,R,-1440,-1440,140,0,0
62,R,-1440,-1440,141,0,0
62,R,-1440,-1440,142,0,0
62,R,-1440,-1440,143,0,0
62,R,-1440,-1440,144,0,0
62,R,-1440,-1440,145,0,0
62,R,-1440,-1440,146,0,0
62,R,-1440,-1440,147,0,0
62,R,-1440,-1440,148,0,0
62,R,-1440,-1440,149,0,0
62,R,-1440,-1440,150,0,0
62,R,-1440,-1440,151,0,0
62,R,-1440,-1440,152,0,0
62,R,-1440,-1440,153,0,0
62,R,-1440,-1440,154,0,0
62,R,-1440,-1440,155,0,0
62,R,-1440,-1440,156,0,0
62,R,-1440,-1440,157,0,0
62,R,-1440,-1440,158,0,0
62,R,-1440,-1440,159,0,0
62,R,-1440,-1440,160,0,0
62,R,-1440,-1440,161,0,0
62,R,-1440,-1440,162,0,0
62,R,-1440,-1440,163,0,0
62,R,-1440,-1440,164,0,0
62,R,-1440,-1440,165,0,0
62,R,-1440,-1440,166,0,0
62,R,-1440,-1440,167,0,0
62,R,-1440,-1440,168,0,0
62,R,-1440,-1440,169,0,0
62,R,-1440,-1440,170,0,0
62,R,-1440,-1440,171,0,0
62,R,-1440,-1440,172,0,0
62,R,-1440,-1440,173,0,0
62,R,-1440,-1440,174,0,0
62,R,-1440,-1440,175,0,0
62,R,-1440,-1440,176,0,0
62,R,-1440,-1440,177,0,0
62,R,-1440,-1440,178,0,0
62,R,-1440,-1440,179,0,0
62,R,-1440,-1440,180,0,0
62,R,-1440,-1440,181,0,0
62,R,-1440,-1440,182,0,0
62,R,-1440,-1440,183,0,0
62,R,-1440,-1440,184,0,0
62,R,-1440,-1440,185,0,0
62,R,-1440,-1440,186,0,0
62,R,-1440,-1440,187,0,0
62,R,-1440,-1440,188,0,0
62,R,-1440,-1440,189,0,0
62,R,-1440,-1440,190,0,0
62,R,-1440,-1440,191,0,0
62,R,-1440,-1440,192,0,0
62,R,-1440,-1440,193,0,0
62,R,-1440,-1440,194,0,0
62,R,-1440,-1440,195,0,0
62,R,-1440,-1440,196,0,0
62,R,-1440,-1440,197,0,0
62,R,-1440,-1440,198,0,0
62,R,-1440,-1440,199,0,0
62,R,-1440,-1440,200,0,0
62,R,-1440,-1440,201,0,0
62,R,-1440,-1440,202,0,0
62,R,-1440,-1440,203,0,0
62,R,-1440,-1440,204,0,0
62,R,-1440,-1440,205,0,0
62,R,-1440,-1440,206,0,0
62,R,-1440,-1440,207,0,0
62,R,-1440,-1440,208,0,0
62,R,-1440,-1440,209,0,0
62,R,-1440,-1440,210,0,0
62,R,-1440,-1440,211,0,0
62,R,-1440,-1440,212,0,0
62,R,-1440,-1440,213,0,0
62,R,-1440,-1440,214,0,0
62,R,-1440,-1440,215,0,0
62,R,-1440,-1440,216,0,0
62,R,-1440,-1440,217,0,0
62,R,-1440,-1440,218,0,0
62,R,-1440,-1440,219,0,0
62,R,-1440,-1440,220,0,0
62,R,-1440,-1440,221,0,0
62,R,-1440,-1440,222,0,0
62,R,-1440,-1440,223,0,0
62,R,-1440,-1440,224,0,0
62,R,-1440,-1440,225,0,0
62,R,-1440,-1440,226,0,0
62,R,-1440,-1440,227,0,0
62,R,-1440,-1440,228,0,0
62,R,-1440,-1440,229,0,0
62,R,-1440,-1440,230,0,0
62,R,-1440,-1440,231,0,0
62,R,-1440,-1440,232,0,0
62,R,-1440,-1440,233,0,0
62,R,-1440,-1440,234,0,0
62,R,-1440,-1440,235,0,0
62,R,-1440,-1440,236,0,0
62,R,-1440,-1440,237,0,0
62,R,-1440,-1440,238,0,0
62,R,-1440,-1440,239,0,0
62,R,-1440,-1440,240,0,0
62,R,-1440,-1440,241,0,0
62,R,-1440,-1440,242,0,0
62,R,-1440,-1440,243,0,0
62,R,-1440,-1440,244,0,0
62,R,-1440,-1440,245,0,0
62,R,-1440,-1440,246,0,0
62,R,-1440,-1440,247,0,0
62,R,-1440,-1440,248,0,0
62,R,-1440,-1440,249,0,0
62,R,-1440,-1440,250,0,0
62,R,-1440,-1440,251,0,0
62,R,-1440,-1440,252,0,0
62,R,-1440,-1440,253,0,0
62,R,-1440,-1440,254,0,0
62,R,-1440,-1440,255,0,0
62,R,-1440,-1440,256,0,0
62,R,-1440,-1440,257,0,0
62,R,-1440,-1440,258,0,0
62,R,-1440,-1440,259,0,0
62,R,-1440,-1440,260,0,0
62,R,-1440,-1440,261,0,0
62,R,-1440,-1440,262,0,0
62,R,-1440,-1440,263,0,0
62,R,-1440,-1440,264,0,0
62,R,-1440,-1440,265,0,0
62,R,-1440,-1440,266,0,0
62,R,-1440,-1440,267,0,0
62,R,-1440,-1440,268,0,0
62,R,-1440,-1440,269,0,0
62,R,-1440,-1440,270,0,0
62,R,-1440,-1440,271,0,0
62,R,-1440,-1440,272,0,0
62,R,-1440,-1440,273,0,0
62,R,-1440,-1440,274,0,0
62,R,-1440,-1440,275,0,0
62,R,-1440,-1440,276,0,0
62,R,-1440,-1440,277,0,0
62,R,-1440,-1440,278,0,0
62,R,-1440,-1440,279,0,0
62,R,-1440,-1440,280,0,0
62,R,-1440,-1440,281,0,0
62,R,-1440,-1440,282,0,0
62,R,-1440,-1440,283,0,0
62,R,-1440,-1440,284,0,0
62,R,-1440,-1440,285,0,0
62,R,-1440,-1440,286,0,0
62,R,-1440,-1440,287,0,0
62,R,-1440,-1440,288,0,0
62,R,-1440,-1440,289,0,0
62,R,-1440,-1440,290,0,0
62,R,-1440,-1440,291,0,0
62,R,-1440,-1440,292,0,0
62,R,-1440,-1440,293,0,0
62,R,-1440,-1440,294,0,0
62,R,-1440,-1440,295,0,0
62,R,-1440,-1440,296,0,0
62,R,-1440,-1440,297,0,0
62,R,-1440,-1440,298,0,0
62,R,-1440,-1440,299,0,0
62,R,-1440,-1440,300,0,0
62,R,-1440,-1440,301,0,0
62,R,-1440,-1440,302,0,0
62,R,-1440,-1440,303,0,0
62,R,-1440,-1440,304,0,0
62,R,-1440,-1440,305,0,0
62,R,-1440,-1440,306,0,0
62,R,-1440,-1440,307,0,0
62,R,-1440,-1440,308,0,0
62,R,-1440,-1440,309,0,0
62,R,-1440,-1440,310,0,0
62,R,-1440,-1440,311,0,0
62,R,-1440,-1440,312,0,0
62,R,-1440,-1440,313,0,0
62,R,-1440,-1440,314,0,0
62,R,-1440,-1440,315,0,0
62,R,-1440,-1440,316,0,0
62,R,-1440,-1440,317,0,0
62,R,-1440,-1440,318,0,0
62,R,-1440,-1440,319,0,0
62,R,-1440,-1440,320,0,0
62,R,-1440,-1440,321,0,0
62,R,-1440,-1440,322,0,0
62,R,-1440,-1440,323,0,0
62,R,-1440,-1440,324,0,0
62,R,-1440,-1440,325,0,0
62,R,-1440,-1440,326,0,0
62,R,-1440,-1440,327,0,0
62,R,-1440,-1440,328,0,0
62,R,-1440,-1440,329,0,0
62,R,-1440,-1440,330,0,0
62,R,-1440,-1440,331,0,0
62,R,-1440,-1440,332,0,0
62,R,-1440,-1440,333,0,0
62,R,-1440,-1440,334,0,0
62,R,-1440,-1440,335,0,0
62,R,-1440,-1440,336,0,0
62,R,-1440,-1440,337,0,0
62,R,-1440,-1440,338,0,0
62,R,-1440,-1440,339,0,0
62,R,-1440,-1440,340,0,0
62,R,-1440,-1440,341,0,0
62,R,-1440,-1440,342,0,0
62,R,-1440,-1440,343,0,0
62,R,-1440,-1440,344,0,0
62,R,-1440,-1440,345,0,0
62,R,-1440,-1440,346,0,0
62,R,-1440,-1440,347,0,0
62,R,-1440,-1440,348,0,0
62,R,-1440,-1440,349,0,0
62,R,-1440,-1440,350,0,0
62,R,-1440,-1440,351,0,0
62,R,-1440,-1440,352,0,0
62,R,-1440,-1440,353,0,0
62,R,-1440,-1440,354,0,0
62,R,-1440,-1440,355,0,0
62,R,-1440,-1440,356,0,0
62,R,-1440,-1440,357,0,0
62,R,-1440,-1440,358,0,0
62,R,-1440,-1440,359,0,0
62,R,-1440,-1440,360,0,0
62,R,-1440,-1440,361,0,0
62,R,-1440,-1440,362,0,0
62,R,-1440,-1440,363,0,0
62,R,-1440,-1440,364,0,0
62,R,-1440,-1440,365,0,0
62,R,-1440,-1440,366,0,0
62,R,-1440,-1440,367,0,0
62,R,-1440,-1440,368,0,0
62,R,-1440,-1440,369,0,0
62,R,-1440,-1440,370,0,0
62,R,-1440,-1440,371,0,0
62,R,-1440,-1440,372,0,0
62,R,-1440,-1440,373,0,0
62,R,-1440,-1440,374,0,0
62,R,-1440,-1440,375,0,0
62,R,-1440,-1440,376,0,0
62,R,-1440,-1440,377,0,0
62,R,-1440,-1440,378,0,0
62,R,-1440,-1440,379,0,0
62,R,-1440,-1440,380,0,0
62,R,-1440,-1440,381,0,0
62,R,-1440,-1440,382,0,0
62,R,-1440,-1440,383,0,0
62,R,-1440,-1440,384,0,0
62,R,-1440,-1440,385,0,0
62,R,-1440,-1440,386,0,0
62,R,-1440,-1440,387,0,0
62,R,-1440,-1440,388,0,0
62,R,-1440,-1440,389,0,0
62,R,-1440,-1440,390,0,0
62,R,-1440,-1440,391,0,0
62,R,-1440,-1440,392,0,0
62,R,-1440,-1440,393,0,0
62,R,-1440,-1440,394,0,0
62,R,-1440,-1440,395,0,0
62,R,-1440,-1440,396,0,0
62,R,-1440,-1440,397,0,0
62,R,-1440,-1440,398,0,0
62,R,-1440,-1440,399,0,0
62,R,-1440,-1440,400,0,0
62,R,-1440,-1440,401,0,0
62,R,-1440,-1440,402,0,0
62,R,-1440,-1440,403,0,0
62,R,-1440,-1440,404,0,0
62,R,-1440,-1440,405,0,0
62,R,-1440,-1440,406,0,0
62,R,-1440,-1440,407,0,0
62,R,-1440,-1440,408,0,0
62,R,-1440,-1440,409,0,0
62,R,-1440,-1440,410,0,0
62,R,-1440,-1440,411,0,0
62,R,-1440,-1440,412,0,0
62,R,-1440,-1440,413,0,0
62,R,-1440,-1440,414,0,0
62,R,-1440,-1440,415,0,0
62,R,-1440,-1440,416,0,0
62,R,-1440,-1440,417,0,0
62,R,-1440,-1440,418,0,0
62,R,-1440,-1440,419,0,0
62,R,-1440,-1440,420,0,0
62,R,-1440,-1440,421,0,0
62,R,-1440,-1440,422,0,0
62,R,-1440,-1440,423,0,0
62,R,-1440,-1440,424,0,0
62,R,-1440,-1440,425,0,0
62,R,-1440,-1440,426,0,0
62,R,-1440,-1440,427,0,0
62,R,-1440,-1440,428,0,0
62,R,-1440,-1440,429,0,0
62,R,-1440,-1440,430,0,0
62,R,-1440,-1440,431,0,0
62,R,-1440,-1440,432,0,0
62,R,-1440,-1440,433,0,0
62,R,-1440,-1440,434,0,0
62,R,-1440,-1440,435,0,0
62,R,-1440,-1440,436,0,0
62,R,-1440,-1440,437,0,0
62,R,-1440,-1440,438,0,0
62,R,-1440,-1440,439,0,0
62,R,-1440,-1440,440,0,0
62,R,-1440,-1440,441,0,0
62,R,-1440,-1440,442,0,0
62,R,-1440,-1440,443,0,0
62,R,-1440,-1440,444,0,0
62,R,-1440,-1440,445,0,0
62,R,-1440,-1440,446,0,0
62,R,-1440,-1440,447,0,0
62,R,-1440,-1440,448,0,0
62,R,-1440,-1440,449,0,0
62,R,-1440,-1440,450,0,0
62,R,-1440,-1440,451,0,0
62,R,-1440,-1440,452,0,0
62,R,-1440,-1440,453,0,0
62,R,-1440,-1440,454,0,0
62,R,-1440,-1440,455,0,0
62,R,-1440,-1440,456,0,0
62,R,-1440,-1440,457,0,0
62,R,-1440,-1440,458,0,0
62,R,-1440,-1440,459,0,0
62,R,-1440,-1440,460,0,0
62,R,-1440,-1440,461,0,0
62,R,-1440,-1440,462,0,0
62,R,-1440,-1440,463,0,0
62,R,-1440,-1440,464,0,0
62,R,-1440,-1440,465,0,0
62,R,-1440,-1440,466,0,0
62,R,-1440,-1440,467,0,0
62,R,-1440,-1440,468,0,0
62,R,-1440,-1440,469,0,0
62,R,-1440,-1440,470,0,0
62,R,-1440,-1440,471,0,0
62,R,-1440,-1440,472,0,0
62,R,-1440,-1440,473,0,0
62,R,-1440,-1440,474,0,0
62,R,-1440,-1440,475,0,0
62,R,-1440,-1440,476,0,0
62,R,-1440,-1440,477,0,0
62,R,-1440,-1440,478,0,0
62,R,-1440,-1440,479,0,0
62,R,-1440,-1440,480,0,0
62,R,-1440,-1440,481,0,0
62,R,-1440,-1440,482,0,0
62,R,-1440,-1440,483,0,0
62,R,-1440,-1440,484,0,0
62,R,-1440,-1440,485,0,0
62,R,-1440,-1440,486,0,0
62,R,-1440,-1440,487,0,0
62,R,-1440,-1440,488,0,0
62,R,-1440,-1440,489,0,0
62,R,-1440,-1440,490,0,0
62,R,-1440,-1440,491,0,0
62,R,-1440,-1440,492,0,0
62,R,-1440,-1440,493,0,0
62,R,-1440,-1440,494,0,0
62,R,-1440,-1440,495,0,0
62,R,-1440,-1440,496,0,0
62,R,-1440,-1440,497,0,0
62,R,-1440,-1440,498,0,0
62,R,-1440,-1440,499,0,0
63,R,-1460,-1460,0,0,0
63,R,-1460,-1460,1,0,0
63,R,-1460,-1460,2,0,0
63,R,-1460,-1460,3,0,0
63,R,-1460,-1460,4,0,0
63,R,-1460,-1460,5,0,0
63,R,-1460,-1460,6,0,0
63,R,-1460,-1460,7,0,0
63,R,-1460,-1460,8,0,0
63,R,-1460,-1460,9,0,0
63,R,-1460,-1460,10,0,0
63,R,-1460,-1460,11,0,0
63,R,-1460,-1460,12,0,0
63,R,-1460,-1460,13,0,0
63,R,-1460,-1460,14,0,0
63,R,-1460,-1460,15,0,0
63,R,-1460,-1460,16,0,0
63,R,-1460,-1460,17,0,0
63,R,-1460,-1460,18,0,0
63,R,-1460,-1460,19,0,0
63,R,-1460,-1460,20,0,0
63,R,-1460,-1460,21,0,0
63,R,-1460,-1460,22,0,0
63,R,-1460,-1460,23,0,0
63,R,-1460,-1460,24,0,0
63,R,-1460,-1460,25,0,0
63,R,-1460,-1460,26,0,0
63,R,-1460,-1460,27,0,0
63,R,-1460,-1460,28,0,0
63,R,-1460,-1460,29,0,-1
63,R,-1460,-1460,30,0,0
63,R,-1460,-1460,31,0,0
63,R,-1460,-1460,32,0,0
63,R,-1460,-1460,33,0,0
63,R,-1460,-1460,34,0,0
63,R,-1460,-1460,35,0,0
63,R,-1460,-1460,36,0,0
63,R,-1460,-1460,37,0,0
63,R,-1460,-1460,38,0,0
63,R,-1460,-1460,39,0,0
63,R,-1460,-1460,40,0,-1
63,R,-1460,-1460,41,0,0
63,R,-1460,-1460,42,0,0
63,R,-1460,-1460,43,0,0
63,R,-1460,-1460,44,0,-1
63,R,-1460,-1460,45,0,0
63,R,-1460,-1460,46,0,-1
63,R,-1460,-1460,47,0,0
63,R,-1460,-1460,48,0,0
63,R,-1460,-1460,49,0,-1
63,R,-1460,-1460,50,0,0
63,R,-1460,-1460,51,0,-1
63,R,-1460,-1460,52,0,-1
63,R,-1460,-1460,53,0,-1
63,R,-1460,-1460,54,0,0
63,R,-1460,-1460,55,0,-1
63,R,-1460,-1460,56,0,0
63,R,-1460,-1460,57,0,-1
63,R,-1460,-1460,58,0,-1
63,R,-1460,-1460,59,0,-1
63,R,-1460,-1460,60,0,0
63,R,-1460,-1460,61,0,-1
63,R,-1460,-1460,62,0,-1
63,R,-1460,-1460,63,0,0
63,R,-1460,-1460,64,0,-2
63,R,-1460,-1460,65,0,0
63,R,-1460,-1460,66,0,-1
63,R,-1460,-1460,67,0,0
63,R,-1460,-1460,68,0,-1
63,R,-1460,-1460,69,0,-1
63,R,-1460,-1460,70,0,-1
63,R,-1460,-1460,71,0,-1
63,R,-1460,-1460,72,0,-1
63,R,-1460,-1460,73,0,-1
63,R,-1460,-1460,74,0,-1
63,R,-1460,-1460,75,0,-1
63,R,-1460,-1460,76,0,0
63,R,-1460,-1460,77,0,-1
63,R,-1460,-1460,78,0,-2
63,R,-1460,-1460,79,0,-1
63,R,-1460,-1460,80,0,0
63,R,-1460,-1460,81,0,-2
63,R,-1460,-1460,82,0,-1
63,R,-1460,-1460,83,0,-1
63,R,-1460,-1460,84,0,-1
63,R,-1460,-1460,85,0,-1
63,R,-1460,-1460,86,0,-1
63,R,-1460,-1460,87,0,-1
63,R,-1460,-1460,88,0,-1
63,R,-1460,-1460,89,0,-2
63,R,-1460,-1460,90,0,-1
63,R,-1460,-1460,91,0,0
63,R,-1460,-1460,92,0,-2
63,R,-1460,-1460,93,0,-1
63,R,-1460,-1460,94,0,-1
63,R,-1460,-1460,95,0,-1
63,R,-1460,-1460,96,0,-2
63,R,-1460,-1460,97,0,-1
63,R,-1460,-1460,98,0,-1
63,R,-1460,-1460,99,0,-2
63,R,-1460,-1460,100,0,-1
63,R,-1460,-1460,101,0,0
63,R,-1460,-1460,102,0,-2
63,R,-1460,-1460,103,0,-2
63,R,-1460,-1460,104,0,0
63,R,-1460,-1460,105,0,-2
63,R,-1460,-1460,106,0,-1
63,R,-1460,-1460,107,0,-1
63,R,-1460,-1460,108,0,-2
63,R,-1460,-1460,109,0,-1
63,R,-1460,-1460,110,0,-1
63,R,-1460,-1460,111,0,-2
63,R,-1460,-1460,112,0,-1
63,R,-1460,-1460,113,0,-1
63,R,-1460,-1460,114,0,-2
63,R,-1460,-1460,115,0,-1
63,R,-1460,-1460,116,0,-1
63,R,-1460,-1460,117,0,-2
63,R,-1460,-1460,118,0,-2
63,R,-1460,-1460,119,0,-1
63,R,-1460,-1460,120,0,-2
63,R,-1460,-1460,121,0,-1
63,R,-1460,-1460,122,0,-1
63,R,-1460,-1460,123,0,-2
63,R,-1460,-1460,124,0,-1
63,R,-1460,-1460,125,0,-1
63,R,-1460,-1460,126,0,-2
63,R,-1460,-1460,127,0,-1
63,R,-1460,-1460,128,0,-2
63,R,-1460,-1460,129,0,-1
63,R,-1460,-1460,130,0,-1
63,R,-1460,-1460,131,0,-2
63,R,-1460,-1460,132,0,-2
63,R,-1460,-1460,133,0,-1
63,R,-1460,-1460,134,0,-2
63,R,-1460,-1460,135,0,-1
63,R,-1460,-1460,136,0,-2
63,R,-1460,-1460,137,0,-1
63,R,-1460,-1460,138,0,-1
63,R,-1460,-1460,139,0,-2
63,R,-1460,-1460,140,0,-2
63,R,-1460,-1460,141,0,-1
63,R,-1460,-1460,142,0,-2
63,R,-1460,-1460,143,0,-1
63,R,-1460,-1460,144,0,-2
63,R,-1460,-1460,145,0,-2
63,R,-1460,-1460,146,0,-1
63,R,-1460,-1460,147,0,-2
63,R,-1460,-1460,148,0,-1
63,R,-1460,-1460,149,0,-1
63,R,-1460,-1460,150,0,-2
63,R,-1460,-1460,151,0,-1
63,R,-1460,-1460,152,0,-2
63,R,-1460,-1460,153,0,-2
63,R,-1460,-1460,154,0,-1
63,R,-1460,-1460,155,0,-2
63,R,-1460,-1460,156,0,-1
63,R,-1460,-1460,157,0,-2
63,R,-1460,-1460,158,0,-2
63,R,-1460,-1460,159,0,-1
63,R,-1460,-1460,160,0,-2
63,R,-1460,-1460,161,0,-1
63,R,-1460,-1460,162,0,-2
63,R,-1460,-1460,163,0,-2
63,R,-1460,-1460,164,0,-1
63,R,-1460,-1460,165,0,-2
63,R,-1460,-1460,166,0,-1
63,R,-1460,-1460,167,0,-2
63,R,-1460,-1460,168,0,-2
63,R,-1460,-1460,169,0,-1
63,R,-1460,-1460,170,0,-2
63,R,-1460,-1460,171,0,-1
63,R,-1460,-1460,172,0,-2
63,R,-1460,-1460,173,0,-2
63,R,-1460,-1460,174,0,-1
63,R,-1460,-1460,175,0,-2
63,R,-1460,-1460,176,0,-2
63,R,-1460,-1460,177,0,-2
63,R,-1460,-1460,178,0,-1
63,R,-1460,-1460,179,0,-2
63,R,-1460,-1460,180,0,-2
63,R,-1460,-1460,181,0,-1
63,R,-1460,-1460,182,0,-2
63,R,-1460,-1460,183,0,-1
63,R,-1460,-1460,184,0,-2
63,R,-1460,-1460,185,0,-2
63,R,-1460,-1460,186,0,-1
63,R,-1460,-1460,187,0,-2
63,R,-1460,-1460,188,0,-2
63,R,-1460,-1460,189,0,-2
63,R,-1460,-1460,190,0,-1
63,R,-1460,-1460,191,0,-2
63,R,-1460,-1460,192,0,-2
63,R,-1460,-1460,193,0,-1
63,R,-1460,-1460,194,0,-2
63,R,-1460,-1460,195,0,-1
63,R,-1460,-1460,196,0,-3
63,R,-1460,-1460,197,0,-1
63,R,-1460,-1460,198,0,-2
63,R,-1460,-1460,199,0,-2
63,R,-1460,-1460,200,0,-1
63,R,-1460,-1460,201,0,-2
63,R,-1460,-1460,202,0,-2
63,R,-1460,-1460,203,0,-2
63,R,-1460,-1460,204,0,-1
63,R,-1460,-1460,205,0,-2
63,R,-1460,-1460,206,0,-2
63,R,-1460,-1460,207,0,-1
63,R,-1460,-1460,208,0,-2
63,R,-1460,-1460,209,0,-2
63,R,-1460,-1460,210,0,-2
63,R,-1460,-1460,211,0,-1
63,R,-1460,-1460,212,0,-3
63,R,-1460,-1460,213,0,-1
63,R,-1460,-1460,214,0,-2
63,R,-1460,-1460,215,0,-2
63,R,-1460,-1460,216,0,-1
63,R,-1460,-1460,217,0,-2
63,R,-1460,-1460,218,0,-2
63,R,-1460,-1460,219,0,-2
63,R,-1460,-1460,220,0,-1
63,R,-1460,-1460,221,0,-3
63,R,-1460,-1460,222,0,-1
63,R,-1460,-1460,223,0,-2
63,R,-1460,-1460,224,0,-2
63,R,-1460,-1460,225,0,-1
63,R,-1460,-1460,226,0,-2
63,R,-1460,-1460,227,0,-2
63,R,-1460,-1460,228,0,-2
63,R,-1460,-1460,229,0,-1
63,R,-1460,-1460,230,0,-3
63,R,-1460,-1460,231,0,-1
63,R,-1460,-1460,232,0,-2
63,R,-1460,-1460,233,0,-2
63,R,-1460,-1460,234,0,-1
63,R,-1460,-1460,235,0,-2
63,R,-1460,-1460,236,0,-2
63,R,-1460,-1460,237,0,-2
63,R,-1460,-1460,238,0,-1
63,R,-1460,-1460,239,0,-3
63,R,-1460,-1460,240,0,-1
63,R,-1460,-1460,241,0,-2
63,R,-1460,-1460,242,0,-2
63,R,-1460,-1460,243,0,-1
63,R,-1460,-1460,244,0,-3
63,R,-1460,-1460,245,0,-1
63,R,-1460,-1460,246,0,-2
63,R,-1460,-1460,247,0,-2
63,R,-1460,-1460,248,0,-2
63,R,-1460,-1460,249,0,-1
63,R,-1460,-1460,250,0,-3
63,R,-1460,-1460,251,0,-1
63,R,-1460,-1460,252,0,-2
63,R,-1460,-1460,253,0,-2
63,R,-1460,-1460,254,0,-2
63,R,-1460,-1460,255,0,-2
63,R,-1460,-1460,256,0,-1
63,R,-1460,-1460,257,0,-2
63,R,-1460,-1460,258,0,-2
63,R,-1460,-1460,259,0,-2
63,R,-1460,-1460,260,0,-1
63,R,-1460,-1460,261,0,-3
63,R,-1460,-1460,262,0,-1
63,R,-1460,-1460,263,0,-3
63,R,-1460,-1460,264,0,-1
63,R,-1460,-1460,265,0,-2
63,R,-1460,-1460,266,0,-2
63,R,-1460,-1460,267,0,-2
63,R,-1460,-1460,268,0,-2
63,R,-1460,-1460,269,0,-1
63,R,-1460,-1460,270,0,-2
63,R,-1460,-1460,271,0,-2
63,R,-1460,-1460,272,0,-2
63,R,-1460,-1460,273,0,-1
63,R,-1460,-1460,274,0,-3
63,R,-1460,-1460,275,0,-1
63,R,-1460,-1460,276,0,-3
63,R,-1460,-1460,277,0,-1
63,R,-1460,-1460,278,0,-2
63,R,-1460,-1460,279,0,-2
63,R,-1460,-1460,280,0,-2
63,R,-1460,-1460,281,0,-2
63,R,-1460,-1460,282,0,-1
63,R,-1460,-1460,283,0,-2
63,R,-1460,-1460,284,0,-2
63,R,-1460,-1460,285,0,-2
63,R,-1460,-1460,286,0,-2
63,R,-1460,-1460,287,0,-2
63,R,-1460,-1460,288,0,-1
63,R,-1460,-1460,289,0,-3
63,R,-1460,-1460,290,0,-1
63,R,-1460,-1460,291,0,-2
63,R,-1460,-1460,292,0,-2
63,R,-1460,-1460,293,0,-2
63,R,-1460,-1460,294,0,-2
63,R,-1460,-1460,295,0,-2
63,R,-1460,-1460,296,0,-2
63,R,-1460,-1460,297,0,-1
63,R,-1460,-1460,298,0,-2
63,R,-1460,-1460,299,0,-2
63,R,-1460,-1460,300,0,-2
63,R,-1460,-1460,301,0,-2
63,R,-1460,-1460,302,0,-2
63,R,-1460,-1460,303,0,-1
63,R,-1460,-1460,304,0,-3
63,R,-1460,-1460,305,0,-1
63,R,-1460,-1460,306,0,-2
63,R,-1460,-1460,307,0,-2
63,R,-1460,-1460,308,0,-2
63,R,-1460,-1460,309,0,-2
63,R,-1460,-1460,310,0,-2
63,R,-1460,-1460,311,0,-2
63,R,-1460,-1460,312,0,-1
63,R,-1460,-1460,313,0,-3
63,R,-1460,-1460,314,0,-1
63,R,-1460,-1460,315,0,-2
63,R,-1460,-1460,316,0,-2
63,R,-1460,-1460,317,0,-2
63,R,-1460,-1460,318,0,-1
63,R,-1460,-1460,319,0,-3
63,R,-1460,-1460,320,0,-1
63,R,-1460,-1460,321,0,-3
63,R,-1460,-1460,322,0,-1
63,R,-1460,-1460,323,0,-2
63,R,-1460,-1460,324,0,-2
63,R,-1460,-1460,325,0,-2
63,R,-1460,-1460,326,0,-2
63,R,-1460,-1460,327,0,-1
63,R,-1460,-1460,328,0,-3
63,R,-1460,-1460,329,0,-1
63,R,-1460,-1460,330,0,-2
63,R,-1460,-1460,331,0,-2
63,R,-1460,-1460,332,0,-2
63,R,-1460,-1460,333,0,-1
63,R,-1460,-1460,334,0,-3
63,R,-1460,-1460,335,0,-1
63,R,-1460,-1460,336,0,-3
63,R,-1460,-1460,337,0,-1
63,R,-1460,-1460,338,0,-2
63,R,-1460,-1460,339,0,-2
63,R,-1460,-1460,340,0,-2
63,R,-1460,-1460,341,0,-2
63,R,-1460,-1460,342,0,-2
63,R,-1460,-1460,343,0,-2
63,R,-1460,-1460,344,0,-1
63,R,-1460,-1460,345,0,-3
63,R,-1460,-1460,346,0,-1
63,R,-1460,-1460,347,0,-2
63,R,-1460,-1460,348,0,-2
63,R,-1460,-1460,349,0,-2
63,R,-1460,-1460,350,0,-2
63,R,-1460,-1460,351,0,-2
63,R,-1460,-1460,352,0,-1
63,R,-1460,-1460,353,0,-3
63,R,-1460,-1460,354,0,-1
63,R,-1460,-1460,355,0,-3
63,R,-1460,-1460,356,0,-1
63,R,-1460,-1460,357,0,-2
63,R,-1460,-1460,358,0,-2
63,R,-1460,-1460,359,0,-2
63,R,-1460,-1460,360,0,-2
63,R,-1460,-1460,361,0,-2
63,R,-1460,-1460,362,0,-2
63,R,-1460,-1460,363,0,-1
63,R,-1460,-1460,364,0,-2
63,R,-1460,-1460,365,0,-2
63,R,-1460,-1460,366,0,-2
63,R,-1460,-1460,367,0,-2
63,R,-1460,-1460,368,0,-2
63,R,-1460,-1460,369,0,-2
63,R,-1460,-1460,370,0,-2
63,R,-1460,-1460,371,0,-1
63,R,-1460,-1460,372,0,-3
63,R,-1460,-1460,373,0,-1
63,R,-1460,-1460,374,0,-2
63,R,-1460,-1460,375,0,-2
63,R,-1460,-1460,376,0,-2
63,R,-1460,-1460,377,0,-2
63,R,-1460,-1460,378,0,-2
63,R,-1460,-1460,379,0,-2
63,R,-1460,-1460,380,0,-1
63,R,-1460,-1460,381,0,-3
63,R,-1460,-1460,382,0,-1
63,R,-1460,-1460,383,0,-2
63,R,-1460,-1460,384,0,-2
63,R,-1460,-1460,385,0,-2
63,R,-1460,-1460,386,0,-2
63,R,-1460,-1460,387,0,-2
63,R,-1460,-1460,388,0,-1
63,R,-1460,-1460,389,0,-3
63,R,-1460,-1460,390,0,-1
63,R,-1460,-1460,391,0,-3
63,R,-1460,-1460,392,0,-1
63,R,-1460,-1460,393,0,-3
63,R,-1460,-1460,394,0,-1
63,R,-1460,-1460,395,0,-2
63,R,-1460,-1460,396,0,-2
63,R,-1460,-1460,397,0,-2
63,R,-1460,-1460,398,0,-2
63,R,-1460,-1460,399,0,-1
63,R,-1460,-1460,400,0,-3
63,R,-1460,-1460,401,0,-1
63,R,-1460,-1460,402,0,-2
63,R,-1460,-1460,403,0,-2
63,R,-1460,-1460,404,0,-2
63,R,-1460,-1460,405,0,-1
63,R,-1460,-1460,406,0,-2
63,R,-1460,-1460,407,0,-2
63,R,-1460,-1460,408,0,-1
63,R,-1460,-1460,409,0,-2
63,R,-1460,-1460,410,0,-1
63,R,-1460,-1460,411,0,-1
63,R,-1460,-1460,412,0,-2
63,R,-1460,-1460,413,0,-1
63,R,-1460,-1460,414,0,-1
63,R,-1460,-1460,415,0,-1
63,R,-1460,-1460,416,0,-1
63,R,-1460,-1460,417,0,-1
63,R,-1460,-1460,418,0,-1
63,R,-1460,-1460,419,0,-1
63,R,-1460,-1460,420,0,-1
63,R,-1460,-1460,421,0,-1
63,R,-1460,-1460,422,0,0
63,R,-1460,-1460,423,0,-1
63,R,-1460,-1460,424,0,-1
63,R,-1460,-1460,425,0,-1
63,R,-1460,-1460,426,0,0
63,R,-1460,-1460,427,0,-1
63,R,-1460,-1460,428,0,0
63,R,-1460,-1460,429,0,0
63,R,-1460,-1460,430,0,-1
63,R,-1460,-1460,431,0,0
63,R,-1460,-1460,432,0,0
63,R,-1460,-1460,433,0,0
63,R,-1460,-1460,434,0,0
63,R,-1460,-1460,435,0,1
63,R,-1460,-1460,436,0,0
63,R,-1460,-1460,437,0,0
63,R,-1460,-1460,438,0,0
63,R,-1460,-1460,439,0,0
63,R,-1460,-1460,440,0,0
63,R,-1460,-1460,441,0,0
63,R,-1460,-1460,442,0,1
63,R,-1460,-1460,443,0,0
63,R,-1460,-1460,444,0,0
63,R,-1460,-1460,445,0,0
63,R,-1460,-1460,446,0,0
63,R,-1460,-1460,447,0,0
63,R,-1460,-1460,448,0,0
63,R,-1460,-1460,449,0,0
63,R,-1460,-1460,450,0,0
63,R,-1460,-1460,451,0,0
63,R,-1460,-1460,452,0,0
63,R,-1460,-1460,453,0,0
63,R,-1460,-1460,454,0,0
63,R,-1460,-1460,455,0,0
63,R,-1460,-1460,456,0,0
63,R,-1460,-1460,457,0,0
63,R,-1460,-1460,458,0,0
63,R,-1460,-1460,459,0,0
63,R,-1460,-1460,460,0,0
63,R,-1460,-1460,461,0,0
63,R,-1460,-1460,462,0,0
63,R,-1460,-1460,463,0,0
63,R,-1460,-1460,464,0,0
63,R,-1460,-1460,465,0,0
63,R,-1460,-1460,466,0,0
63,R,-1460,-1460,467,0,0
63,R,-1460,-1460,468,0,0
63,R,-1460,-1460,469,0,0
63,R,-1460,-1460,470,0,0
63,R,-1460,-1460,471,0,0
63,R,-1460,-1460,472,0,0
63,R,-1460,-1460,473,0,0
63,R,-1460,-1460,474,0,0
63,R,-1460,-1460,475,0,0
63,R,-1460,-1460,476,0,0
63,R,-1460,-1460,477,0,0
63,R,-1460,-1460,478,0,0
63,R,-1460,-1460,479,0,0
63,R,-1460,-1460,480,0,0
63,R,-1460,-1460,481,0,0
63,R,-1460,-1460,482,0,0
63,R,-1460,-1460,483,0,0
63,R,-1460,-1460,484,0,0
63,R,-1460,-1460,485,0,0
63,R,-1460,-1460,486,0,0
63,R,-1460,-1460,487,0,0
63,R,-1460,-1460,488,0,0
63,R,-1460,-1460,489,0,0
63,R,-1460,-1460,490,0,0
63,R,-1460,-1460,491,0,0
63,R,-1460,-1460,492,0,0
63,R,-1460,-1460,493,0,0
63,R,-1460,-1460,494,0,0
63,R,-1460,-1460,495,0,0
63,R,-1460,-1460,496,0,0
63,R,-1460,-1460,497,0,0
63,R,-1460,-1460,498,0,0
63,R,-1460,-1460,499,0,0
64,R,-1480,-1480,0,0,0
64,R,-1480,-1480,1,0,0
64,R,-1480,-1480,2,0,0
64,R,-1480,-1480,3,0,0
64,R,-1480,-1480,4,0,0
64,R,-1480,-1480,5,0,0
64,R,-1480,-1480,6,0,0
64,R,-1480,-1480,7,0,0
64,R,-1480,-1480,8,0,0
64,R,-1480,-1480,9,0,-1
64,R,-1480,-1480,10,0,0
64,R,-1480,-1480,11,0,0
64,R,-1480,-1480,12,0,0
64,R,-1480,-1480,13,0,0
64,R,-1480,-1480,14,0,0
64,R,-1480,-1480,15,0,0
64,R,-1480,-1480,16,0,0
64,R,-1480,-1480,17,0,0
64,R,-1480,-1480,18,0,0
64,R,-1480,-1480,19,0,0
64,R,-1480,-1480,20,0,0
64,R,-1480,-1480,21,0,0
64,R,-1480,-1480,22,0,0
64,R,-1480,-1480,23,0,0
64,R,-1480,-1480,24,0,0
64,R,-1480,-1480,25,0,0
64,R,-1480,-1480,26,0,0
64,R,-1480,-1480,27,0,0
64,R,-1480,-1480,28,0,0
64,R,-1480,-1480,29,0,0
64,R,-1480,-1480,30,0,0
64,R,-1480,-1480,31,0,0
64,R,-1480,-1480,32,0,0
64,R,-1480,-1480,33,0,0
64,R,-1480,-1480,34,0,0
64,R,-1480,-1480,35,0,0
64,R,-1480,-1480,36,0,0
64,R,-1480,-1480,37,0,0
64,R,-1480,-1480,38,0,0
64,R,-1480,-1480,39,0,0
64,R,-1480,-1480,40,0,0
64,R,-1480,-1480,41,0,0
64,R,-1480,-1480,42,0,0
64,R,-1480,-1480,43,0,0
64,R,-1480,-1480,44,0,0
64,R,-1480,-1480,45,0,0
64,R,-1480,-1480,46,0,0
64,R,-1480,-1480,47,0,0
64,R,-1480,-1480,48,0,0
64,R,-1480,-1480,49,0,0
64,R,-1480,-1480,50,0,0
64,R,-1480,-1480,51,0,0
64,R,-1480,-1480,52,0,0
64,R,-1480,-1480,53,0,0
64,R,-1480,-1480,54,0,0
64,R,-1480,-1480,55,0,0
64,R,-1480,-1480,56,0,0
64,R,-1480,-1480,57,0,0
64,R,-1480,-1480,58,0,0
64,R,-1480,-1480,59,0,0
64,R,-1480,-1480,60,0,0
64,R,-1480,-1480,61,0,0
64,R,-1480,-1480,62,0,0
64,R,-1480,-1480,63,0,0
64,R,-1480,-1480,64,0,0
64,R,-1480,-1480,65,0,0
64,R,-1480,-1480,66,0,0
64,R,-1480,-1480,67,0,0
64,R,-1480,-1480,68,0,0
64,R,-1480,-1480,69,0,0
64,R,-1480,-1480,70,0,0
64,R,-1480,-1480,71,0,0
64,R,-1480,-1480,72,0,0
64,R,-1480,-1480,73,0,0
64,R,-1480,-1480,74,0,0
64,R,-1480,-1480,75,0,0
64,R,-1480,-1480,76,0,0
64,R,-1480,-1480,77,0,0
64,R,-1480,-1480,78,0,0
64,R,-1480,-1480,79,0,0
64,R,-1480,-1480,80,0,0
64,R,-1480,-1480,81,0,0
64,R,-1480,-1480,82,0,0
64,R,-1480,-1480,83,0,0
64,R,-1480,-1480,84,0,0
64,R,-1480,-1480,85,0,0
64,R,-1480,-1480,86,0,0
64,R,-1480,-1480,87,0,0
64,R,-1480,-1480,88,0,0
64,R,-1480,-1480,89,0,0
64,R,-1480,-1480,90,0,0
64,R,-1480,-1480,91,0,0
64,R,-1480,-1480,92,0,0
64,R,-1480,-1480,93,0,0
64,R,-1480,-1480,94,0,0
64,R,-1480,-1480,95,0,0
64,R,-1480,-1480,96,0,0
64,R,-1480,-1480,97,0,0
64,R,-1480,-1480,98,0,0
64,R,-1480,-1480,99,0,0
64,R,-1480,-1480,100,0,0
64,R,-1480,-1480,101,0,0
64,R,-1480,-1480,102,0,0
64,R,-1480,-1480,103,0,0
64,R,-1480,-1480,104,0,0
64,R,-1480,-1480,105,0,0
64,R,-1480,-1480,106,0,0
64,R,-1480,-1480,107,0,0
64,R,-1480,-1480,108,0,0
64,R,-1480,-1480,109,0,0
64,R,-1480,-1480,110,0,0
64,R,-1480,-1480,111,0,0
64,R,-1480,-1480,112,0,0
64,R,-1480,-1480,113,0,0
64,R,-1480,-1480,114,0,0
64,R,-1480,-1480,115,0,0
64,R,-1480,-1480,116,0,0
64,R,-1480,-1480,117,0,0
64,R,-1480,-1480,118,0,0
64,R,-1480,-1480,119,0,0
64,R,-1480,-1480,120,0,0
64,R,-1480,-1480,121,0,0
64,R,-1480,-1480,122,0,0
64,R,-1480,-1480,123,0,0
64,R,-1480,-1480,124,0,0
64,R,-1480,-1480,125,0,0
64,R,-1480,-1480,126,0,0
64,R,-1480,-1480,127,0,0
64,R,-1480,-1480,128,0,0
64,R,-1480,-1480,129,0,0
64,R,-1480,-1480,130,0,0
64,R,-1480,-1480,131,0,0
64,R,-1480,-1480,132,0,0
64,R,-1480,-1480,133,0,0
64,R,-1480,-1480,134,0,0
64,R,-1480,-1480,135,0,0
64,R,-1480,-1480,136,0,0
64,R,-1480,-1480,137,0,0
64,R,-1480,-1480,138,0,0
64,R,-1480,-1480,139,0,0
64,R,-1480,-1480,140,0,0
64,R,-1480,-1480,141,0,0
64,R,-1480,-1480,142,0,0
64,R,-1480,-1480,143,0,0
64,R,-1480,-1480,144,0,0
64,R,-1480,-1480,145,0,0
64,R,-1480,-1480,146,0,0
64,R,-1480,-1480,147,0,0
64,R,-1480,-1480,148,0,0
64,R,-1480,-1480,149,0,0
64,R,-1480,-1480,150,0,0
64,R,-1480,-1480,151,0,0
64,R,-1480,-1480,152,0,0
64,R,-1480,-1480,153,0,0
64,R,-1480,-1480,154,0,0
64,R,-1480,-1480,155,0,0
64,R,-1480,-1480,156,0,0
64,R,-1480,-1480,157,0,0
64,R,-1480,-1480,158,0,0
64,R,-1480,-1480,159,0,0
64,R,-1480,-1480,160,0,0
64,R,-1480,-1480,161,0,0
64,R,-1480,-1480,162,0,0
64,R,-1480,-1480,163,0,0
64,R,-1480,-1480,164,0,0
64,R,-1480,-1480,165,0,0
64,R,-1480,-1480,166,0,0
64,R,-1480,-1480,167,0,0
64,R,-1480,-1480,168,0,0
64,R,-1480,-1480,169,0,0
64,R,-1480,-1480,170,0,0
64,R,-1480,-1480,171,0,0
64,R,-1480,-1480,172,0,0
64,R,-1480,-1480,173,0,0
64,R,-1480,-1480,174,0,0
64,R,-1480,-1480,175,0,0
64,R,-1480,-1480,176,0,0
64,R,-1480,-1480,177,0,0
64,R,-1480,-1480,178,0,0
64,R,-1480,-1480,179,0,0
64,R,-1480,-1480,180,0,0
64,R,-1480,-1480,181,0,0
64,R,-1480,-1480,182,0,0
64,R,-1480,-1480,183,0,0
64,R,-1480,-1480,184,0,0
64,R,-1480,-1480,185,0,0
64,R,-1480,-1480,186,0,0
64,R,-1480,-1480,187,0,0
64,R,-1480,-1480,188,0,0
64,R,-1480,-1480,189,0,0
64,R,-1480,-1480,190,0,0
64,R,-1480,-1480,191,0,0
64,R,-1480,-1480,192,0,0
64,R,-1480,-1480,193,0,0
64,R,-1480,-1480,194,0,0
64,R,-1480,-1480,195,0,0
64,R,-1480,-1480,196,0,0
64,R,-1480,-1480,197,0,0
64,R,-1480,-1480,198,0,0
64,R,-1480,-1480,199,0,0
64,R,-1480,-1480,200,0,0
64,R,-1480,-1480,201,0,0
64,R,-1480,-1480,202,0,0
64,R,-1480,-1480,203,0,0
64,R,-1480,-1480,204,0,0
64,R,-1480,-1480,205,0,0
64,R,-1480,-1480,206,0,0
64,R,-1480,-1480,207,0,0
64,R,-1480,-1480,208,0,0
64,R,-1480,-1480,209,0,0
64,R,-1480,-1480,210,0,0
64,R,-1480,-1480,211,0,0
64,R,-1480,-1480,212,0,0
64,R,-1480,-1480,213,0,0
64,R,-1480,-1480,214,0,0
64,R,-1480,-1480,215,0,0
64,R,-1480,-1480,216,0,0
64,R,-1480,-1480,217,0,0
64,R,-1480,-1480,218,0,0
64,R,-1480,-1480,219,0,0
64,R,-1480,-1480,220,0,0
64,R,-1480,-1480,221,0,0
64,R,-1480,-1480,222,0,0
64,R,-1480,-1480,223,0,0
64,R,-1480,-1480,224,0,0
64,R,-1480,-1480,225,0,0
64,R,-1480,-1480,226,0,0
64,R,-1480,-1480,227,0,0
64,R,-1480,-1480,228,0,0
64,R,-1480,-1480,229,0,0
64,R,-1480,-1480,230,0,0
64,R,-1480,-1480,231,0,0
64,R,-1480,-1480,232,0,0
64,R,-1480,-1480,233,0,0
64,R,-1480,-1480,234,0,0
64,R,-1480,-1480,235,0,0
64,R,-1480,-1480,236,0,0
64,R,-1480,-1480,237,0,0
64,R,-1480,-1480,238,0,0
64,R,-1480,-1480,239,0,0
64,R,-1480,-1480,240,0,0
64,R,-1480,-1480,241,0,0
64,R,-1480,-1480,242,0,0
64,R,-1480,-1480,243,0,0
64,R,-1480,-1480,244,0,0
64,R,-1480,-1480,245,0,0
64,R,-1480,-1480,246,0,0
64,R,-1480,-1480,247,0,0
64,R,-1480,-1480,248,0,0
64,R,-1480,-1480,249,0,0
64,R,-1480,-1480,250,0,0
64,R,-1480,-1480,251,0,0
64,R,-1480,-1480,252,0,0
64,R,-1480,-1480,253,0,0
64,R,-1480,-1480,254,0,0
64,R,-1480,-1480,255,0,0
64,R,-1480,-1480,256,0,0
64,R,-1480,-1480,257,0,0
64,R,-1480,-1480,258,0,0
64,R,-1480,-1480,259,0,0
64,R,-1480,-1480,260,0,0
64,R,-1480,-1480,261,0,0
64,R,-1480,-1480,262,0,0
64,R,-1480,-1480,263,0,0
64,R,-1480,-1480,264,0,0
64,R,-1480,-1480,265,0,0
64,R,-1480,-1480,266,0,0
64,R,-1480,-1480,267,0,0
64,R,-1480,-1480,268,0,0
64,R,-1480,-1480,269,0,0
64,R,-1480,-1480,270,0,0
64,R,-1480,-1480,271,0,0
64,R,-1480,-1480,272,0,0
64,R,-1480,-1480,273,0,0
64,R,-1480,-1480,274,0,0
64,R,-1480,-1480,275,0,0
64,R,-1480,-1480,276,0,0
64,R,-1480,-1480,277,0,0
64,R,-1480,-1480,278,0,0
64,R,-1480,-1480,279,0,0
64,R,-1480,-1480,280,0,0
64,R,-1480,-1480,281,0,0
64,R,-1480,-1480,282,0,0
64,R,-1480,-1480,283,0,0
64,R,-1480,-1480,284,0,0
64,R,-1480,-1480,285,0,0
64,R,-1480,-1480,286,0,0
64,R,-1480,-1480,287,0,0
64,R,-1480,-1480,288,0,0
64,R,-1480,-1480,289,0,0
64,R,-1480,-1480,290,0,0
64,R,-1480,-1480,291,0,0
64,R,-1480,-1480,292,0,0
64,R,-1480,-1480,293,0,0
64,R,-1480,-1480,294,0,0
64,R,-1480,-1480,295,0,0
64,R,-1480,-1480,296,0,0
64,R,-1480,-1480,297,0,0
64,R,-1480,-1480,298,0,0
64,R,-1480,-1480,299,0,0
64,R,-1480,-1480,300,0,0
64,R,-1480,-1480,301,0,0
64,R,-1480,-1480,302,0,0
64,R,-1480,-1480,303,0,0
64,R,-1480,-1480,304,0,0
64,R,-1480,-1480,305,0,0
64,R,-1480,-1480,306,0,0
64,R,-1480,-1480,307,0,0
64,R,-1480,-1480,308,0,0
64,R,-1480,-1480,309,0,0
64,R,-1480,-1480,310,0,0
64,R,-1480,-1480,311,0,0
64,R,-1480,-1480,312,0,0
64,R,-1480,-1480,313,0,0
64,R,-1480,-1480,314,0,0
64,R,-1480,-1480,315,0,0
64,R,-1480,-1480,316,0,0
64,R,-1480,-1480,317,0,0
64,R,-1480,-1480,318,0,0
64,R,-1480,-1480,319,0,0
64,R,-1480,-1480,320,0,0
64,R,-1480,-1480,321,0,0
64,R,-1480,-1480,322,0,0
64,R,-1480,-1480,323,0,0
64,R,-1480,-1480,324,0,0
64,R,-1480,-1480,325,0,0
64,R,-1480,-1480,326,0,0
64,R,-1480,-1480,327,0,0
64,R,-1480,-1480,328,0,0
64,R,-1480,-1480,329,0,0
64,R,-1480,-1480,330,0,0
64,R,-1480,-1480,331,0,0
64,R,-1480,-1480,332,0,0
64,R,-1480,-1480,333,0,0
64,R,-1480,-1480,334,0,0
64,R,-1480,-1480,335,0,0
64,R,-1480,-1480,336,0,0
64,R,-1480,-1480,337,0,0
64,R,-1480,-1480,338,0,0
64,R,-1480,-1480,339,0,0
64,R,-1480,-1480,340,0,0
64,R,-1480,-1480,341,0,0
64,R,-1480,-1480,342,0,0
64,R,-1480,-1480,343,0,0
64,R,-1480,-1480,344,0,0
64,R,-1480,-1480,345,0,0
64,R,-1480,-1480,346,0,0
64,R,-1480,-1480,347,0,0
64,R,-1480,-1480,348,0,0
64,R,-1480,-1480,349,0,0
64,R,-1480,-1480,350,0,0
64,R,-1480,-1480,351,0,0
64,R,-1480,-1480,352,0,0
64,R,-1480,-1480,353,0,0
64,R,-1480,-1480,354,0,0
64,R,-1480,-1480,355,0,0
64,R,-1480,-1480,356,0,0
64,R,-1480,-1480,357,0,0
64,R,-1480,-1480,358,0,0
64,R,-1480,-1480,359,0,0
64,R,-1480,-1480,360,0,0
64,R,-1480,-1480,361,0,0
64,R,-1480,-1480,362,0,0
64,R,-1480,-1480,363,0,0
64,R,-1480,-1480,364,0,0
64,R,-1480,-1480,365,0,0
64,R,-1480,-1480,366,0,0
64,R,-1480,-1480,367,0,0
64,R,-1480,-1480,368,0,0
64,R,-1480,-1480,369,0,0
64,R,-1480,-1480,370,0,0
64,R,-1480,-1480,371,0,0
64,R,-1480,-1480,372,0,0
64,R,-1480,-1480,373,0,0
64,R,-1480,-1480,374,0,0
64,R,-1480,-1480,375,0,0
64,R,-1480,-1480,376,0,0
64,R,-1480,-1480,377,0,0
64,R,-1480,-1480,378,0,0
64,R,-1480,-1480,379,0,0
64,R,-1480,-1480,380,0,0
64,R,-1480,-1480,381,0,0
64,R,-1480,-1480,382,0,0
64,R,-1480,-1480,383,0,0
64,R,-1480,-1480,384,0,0
64,R,-1480,-1480,385,0,0
64,R,-1480,-1480,386,0,0
64,R,-1480,-1480,387,0,0
64,R,-1480,-1480,388,0,0
64,R,-1480,-1480,389,0,0
64,R,-1480,-1480,390,0,0
64,R,-1480,-1480,391,0,0
64,R,-1480,-1480,392,0,0
64,R,-1480,-1480,393,0,0
64,R,-1480,-1480,394,0,0
64,R,-1480,-1480,395,0,0
64,R,-1480,-1480,396,0,0
64,R,-1480,-1480,397,0,0
64,R,-1480,-1480,398,0,0
64,R,-1480,-1480,399,0,0
64,R,-1480,-1480,400,0,0
64,R,-1480,-1480,401,0,0
64,R,-1480,-1480,402,0,0
64,R,-1480,-1480,403,0,0
64,R,-1480,-1480,404,0,0
64,R,-1480,-1480,405,0,0
64,R,-1480,-1480,406,0,0
64,R,-1480,-1480,407,0,0
64,R,-1480,-1480,408,0,1
64,R,-1480,-1480,409,0,0
64,R,-1480,-1480,410,0,0
64,R,-1480,-1480,411,0,0
64,R,-1480,-1480,412,0,0
64,R,-1480,-1480,413,0,0
64,R,-1480,-1480,414,0,0
64,R,-1480,-1480,415,0,0
64,R,-1480,-1480,416,0,0
64,R,-1480,-1480,417,0,0
64,R,-1480,-1480,418,0,0
64,R,-1480,-1480,419,0,0
64,R,-1480,-1480,420,0,0
64,R,-1480,-1480,421,0,0
64,R,-1480,-1480,422,0,0
64,R,-1480,-1480,423,0,0
64,R,-1480,-1480,424,0,0
64,R,-1480,-1480,425,0,0
64,R,-1480,-1480,426,0,0
64,R,-1480,-1480,427,0,0
64,R,-1480,-1480,428,0,0
64,R,-1480,-1480,429,0,0
64,R,-1480,-1480,430,0,0
64,R,-1480,-1480,431,0,0
64,R,-1480,-1480,432,0,0
64,R,-1480,-1480,433,0,0
64,R,-1480,-1480,434,0,0
64,R,-1480,-1480,435,0,0
64,R,-1480,-1480,436,0,0
64,R,-1480,-1480,437,0,0
64,R,-1480,-1480,438,0,0
64,R,-1480,-1480,439,0,0
64,R,-1480,-1480,440,0,0
64,R,-1480,-1480,441,0,0
64,R,-1480,-1480,442,0,0
64,R,-1480,-1480,443,0,0
64,R,-1480,-1480,444,0,0
64,R,-1480,-1480,445,0,0
64,R,-1480,-1480,446,0,0
64,R,-1480,-1480,447,0,0
64,R,-1480,-1480,448,0,0
64,R,-1480,-1480,449,0,0
64,R,-1480,-1480,450,0,0
64,R,-1480,-1480,451,0,0
64,R,-1480,-1480,452,0,0
64,R,-1480,-1480,453,0,0
64,R,-1480,-1480,454,0,0
64,R,-1480,-1480,455,0,0
64,R,-1480,-1480,456,0,0
64,R,-1480,-1480,457,0,0
64,R,-1480,-1480,458,0,0
64,R,-1480,-1480,459,0,0
64,R,-1480,-1480,460,0,0
64,R,-1480,-1480,461,0,0
64,R,-1480,-1480,462,0,0
64,R,-1480,-1480,463,0,0
64,R,-1480,-1480,464,0,0
64,R,-1480,-1480,465,0,0
64,R,-1480,-1480,466,0,0
64,R,-1480,-1480,467,0,0
64,R,-1480,-1480,468,0,0
64,R,-1480,-1480,469,0,0
64,R,-1480,-1480,470,0,0
64,R,-1480,-1480,471,0,0
64,R,-1480,-1480,472,0,0
64,R,-1480,-1480,473,0,0
64,R,-1480,-1480,474,0,0
64,R,-1480,-1480,475,0,0
64,R,-1480,-1480,476,0,0
64,R,-1480,-1480,477,0,0
64,R,-1480,-1480,478,0,0
64,R,-1480,-1480,479,0,0
64,R,-1480,-1480,480,0,0
64,R,-1480,-1480,481,0,0
64,R,-1480,-1480,482,0,0
64,R,-1480,-1480,483,0,0
64,R,-1480,-1480,484,0,0
64,R,-1480,-1480,485,0,0
64,R,-1480,-1480,486,0,0
64,R,-1480,-1480,487,0,0
64,R,-1480,-1480,488,0,0
64,R,-1480,-1480,489,0,0
64,R,-1480,-1480,490,0,0
64,R,-1480,-1480,491,0,0
64,R,-1480,-1480,492,0,0
64,R,-1480,-1480,493,0,0
64,R,-1480,-1480,494,0,0
64,R,-1480,-1480,495,0,0
64,R,-1480,-1480,496,0,0
64,R,-1480,-1480,497,0,0
64,R,-1480,-1480,498,0,0
64,R,-1480,-1480,499,0,0
65,R,-1500,-1500,0,0,0
65,R,-1500,-1500,1,0,0
65,R,-1500,-1500,2,0,0
65,R,-1500,-1500,3,0,0
65,R,-1500,-1500,4,0,0
65,R,-1500,-1500,5,0,0
65,R,-1500,-1500,6,0,0
65,R,-1500,-1500,7,0,-1
65,R,-1500,-1500,8,0,0
65,R,-1500,-1500,9,0,0
65,R,-1500,-1500,10,0,0
65,R,-1500,-1500,11,0,0
65,R,-1500,-1500,12,0,0
65,R,-1500,-1500,13,0,0
65,R,-1500,-1500,14,0,0
65,R,-1500,-1500,15,0,0
65,R,-1500,-1500,16,0,0
65,R,-1500,-1500,17,0,0
65,R,-1500,-1500,18,0,0
65,R,-1500,-1500,19,0,0
65,R,-1500,-1500,20,0,0
65,R,-1500,-1500,21,0,0
65,R,-1500,-1500,22,0,0
65,R,-1500,-1500,23,0,0
65,R,-1500,-1500,24,0,0
65,R,-1500,-1500,25,0,0
65,R,-1500,-1500,26,0,0
65,R,-1500,-1500,27,0,0
65,R,-1500,-1500,28,0,0
65,R,-1500,-1500,29,0,0
65,R,-1500,-1500,30,0,0
65,R,-1500,-1500,31,0,0
65,R,-1500,-1500,32,0,0
65,R,-1500,-1500,33,0,0
65,R,-1500,-1500,34,0,0
65,R,-1500,-1500,35,0,0
65,R,-1500,-1500,36,0,0
65,R,-1500,-1500,37,0,0
65,R,-1500,-1500,38,0,0
65,R,-1500,-1500,39,0,0
65,R,-1500,-1500,40,0,0
65,R,-1500,-1500,41,0,0
65,R,-1500,-1500,42,0,0
65,R,-1500,-1500,43,0,0
65,R,-1500,-1500,44,0,0
65,R,-1500,-1500,45,0,0
65,R,-1500,-1500,46,0,0
65,R,-1500,-1500,47,0,0
65,R,-1500,-1500,48,0,0
65,R,-1500,-1500,49,0,0
65,R,-1500,-1500,50,0,0
65,R,-1500,-1500,51,0,0
65,R,-1500,-1500,52,0,0
65,R,-1500,-1500,53,0,0
65,R,-1500,-1500,54,0,0
65,R,-1500,-1500,55,0,0
65,R,-1500,-1500,56,0,0
65,R,-1500,-1500,57,0,0
65,R,-1500,-1500,58,0,0
65,R,-1500,-1500,59,0,0
65,R,-1500,-1500,60,0,0
65,R,-1500,-1500,61,0,0
65,R,-1500,-1500,62,0,0
65,R,-1500,-1500,63,0,0
65,R,-1500,-1500,64,0,0
65,R,-1500,-1500,65,0,0
65,R,-1500,-1500,66,0,0
65,R,-1500,-1500,67,0,0
65,R,-1500,-1500,68,0,0
65,R,-1500,-1500,69,0,0
65,R,-1500,-1500,70,0,0
65,R,-1500,-1500,71,0,0
65,R,-1500,-1500,72,0,0
65,R,-1500,-1500,73,0,0
65,R,-1500,-1500,74,0,0
65,R,-1500,-1500,75,0,0
65,R,-1500,-1500,76,0,0
65,R,-1500,-1500,77,0,0
65,R,-1500,-1500,78,0,0
65,R,-1500,-1500,79,0,0
65,R,-1500,-1500,80,0,0
65,R,-1500,-1500,81,0,0
65,R,-1500,-1500,82,0,0
65,R,-1500,-1500,83,0,0
65,R,-1500,-1500,84,0,0
65,R,-1500,-1500,85,0,0
65,R,-1500,-1500,86,0,0
65,R,-1500,-1500,87,0,0
65,R,-1500,-1500,88,0,0
65,R,-1500,-1500,89,0,0
65,R,-1500,-1500,90,0,0
65,R,-1500,-1500,91,0,0
65,R,-1500,-1500,92,0,0
65,R,-1500,-1500,93,0,0
65,R,-1500,-1500,94,0,0
65,R,-1500,-1500,95,0,0
65,R,-1500,-1500,96,0,0
65,R,-1500,-1500,97,0,0
65,R,-1500,-1500,98,0,0
65,R,-1500,-1500,99,0,0
65,R,-1500,-1500,100,0,0
65,R,-1500,-1500,101,0,0
65,R,-1500,-1500,102,0,0
65,R,-1500,-1500,103,0,0
65,R,-1500,-1500,104,0,0
65,R,-1500,-1500,105,0,0
65,R,-1500,-1500,106,0,0
65,R,-1500,-1500,107,0,0
65,R,-1500,-1500,108,0,0
65,R,-1500,-1500,109,0,0
65,R,-1500,-1500,110,0,0
65,R,-1500,-1500,111,0,0
65,R,-1500,-1500,112,0,0
65,R,-1500,-1500,113,0,0
65,R,-1500,-1500,114,0,0
65,R,-1500,-1500,115,0,0
65,R,-1500,-1500,116,0,0
65,R,-1500,-1500,117,0,0
65,R,-1500,-1500,118,0,0
65,R,-1500,-1500,119,0,0
65,R,-1500,-1500,120,0,0
65,R,-1500,-1500,121,0,0
65,R,-1500,-1500,122,0,0
65,R,-1500,-1500,123,0,0
65,R,-1500,-1500,124,0,0
65,R,-1500,-1500,125,0,0
65,R,-1500,-1500,126,0,0
65,R,-1500,-1500,127,0,0
65,R,-1500,-1500,128,0,0
65,R,-1500,-1500,129,0,0
65,R,-1500,-1500,130,0,0
65,R,-1500,-1500,131,0,0
65,R,-1500,-1500,132,0,0
65,R,-1500,-1500,133,0,0
65,R,-1500,-1500,134,0,0
65,R,-1500,-1500,135,0,0
65,R,-1500,-1500,136,0,0
65,R,-1500,-1500,137,0,0
65,R,-1500,-1500,138,0,0
65,R,-1500,-1500,139,0,0
65,R,-1500,-1500,140,0,0
65,R,-1500,-1500,141,0,0
65,R,-1500,-1500,142,0,0
65,R,-1500,-1500,143,0,0
65,R,-1500,-1500,144,0,0
65,R,-1500,-1500,145,0,0
65,R,-1500,-1500,146,0,0
65,R,-1500,-1500,147,0,0
65,R,-1500,-1500,148,0,0
65,R,-1500,-1500,149,0,0
65,R,-1500,-1500,150,0,0
65,R,-1500,-1500,151,0,0
65,R,-1500,-1500,152,0,0
65,R,-1500,-1500,153,0,0
65,R,-1500,-1500,154,0,0
65,R,-1500,-1500,155,0,0
65,R,-1500,-1500,156,0,0
65,R,-1500,-1500,157,0,0
65,R,-1500,-1500,158,0,0
65,R,-1500,-1500,159,0,0
65,R,-1500,-1500,160,0,0
65,R,-1500,-1500,161,0,0
65,R,-1500,-1500,162,0,0
65,R,-1500,-1500,163,0,0
65,R,-1500,-1500,164,0,0
65,R,-1500,-1500,165,0,0
65,R,-1500,-1500,166,0,0
65,R,-1500,-1500,167,0,0
65,R,-1500,-1500,168,0,0
65,R,-1500,-1500,169,0,0
65,R,-1500,-1500,170,0,0
65,R,-1500,-1500,171,0,0
65,R,-1500,-1500,172,0,0
65,R,-1500,-1500,173,0,0
65,R,-1500,-1500,174,0,0
65,R,-1500,-1500,175,0,0
65,R,-1500,-1500,176,0,0
65,R,-1500,-1500,177,0,0
65,R,-1500,-1500,178,0,0
65,R,-1500,-1500,179,0,0
65,R,-1500,-1500,180,0,0
65,R,-1500,-1500,181,0,0
65,R,-1500,-1500,182,0,0
65,R,-1500,-1500,183,0,0
65,R,-1500,-1500,184,0,0
65,R,-1500,-1500,185,0,0
65,R,-1500,-1500,186,0,0
65,R,-1500,-1500,187,0,0
65,R,-1500,-1500,188,0,0
65,R,-1500,-1500,189,0,0
65,R,-1500,-1500,190,0,0
65,R,-1500,-1500,191,0,0
65,R,-1500,-1500,192,0,0
65,R,-1500,-1500,193,0,0
65,R,-1500,-1500,194,0,0
65,R,-1500,-1500,195,0,0
65,R,-1500,-1500,196,0,0
65,R,-1500,-1500,197,0,0
65,R,-1500,-1500,198,0,0
65,R,-1500,-1500,199,0,0
65,R,-1500,-1500,200,0,0
65,R,-1500,-1500,201,0,0
65,R,-1500,-1500,202,0,0
65,R,-1500,-1500,203,0,0
65,R,-1500,-1500,204,0,0
65,R,-1500,-1500,205,0,0
65,R,-1500,-1500,206,0,0
65,R,-1500,-1500,207,0,0
65,R,-1500,-1500,208,0,0
65,R,-1500,-1500,209,0,0
65,R,-1500,-1500,210,0,0
65,R,-1500,-1500,211,0,0
65,R,-1500,-1500,212,0,0
65,R,-1500,-1500,213,0,0
65,R,-1500,-1500,214,0,0
65,R,-1500,-1500,215,0,0
65,R,-1500,-1500,216,0,0
65,R,-1500,-1500,217,0,0
65,R,-1500,-1500,218,0,0
65,R,-1500,-1500,219,0,0
65,R,-1500,-1500,220,0,0
65,R,-1500,-1500,221,0,0
65,R,-1500,-1500,222,0,0
65,R,-1500,-1500,223,0,0
65,R,-1500,-1500,224,0,0
65,R,-1500,-1500,225,0,0
65,R,-1500,-1500,226,0,0
65,R,-1500,-1500,227,0,0
65,R,-1500,-1500,228,0,0
65,R,-1500,-1500,229,0,0
65,R,-1500,-1500,230,0,0
65,R,-1500,-1500,231,0,0
65,R,-1500,-1500,232,0,0
65,R,-1500,-1500,233,0,0
65,R,-1500,-1500,234,0,0
65,R,-1500,-1500,235,0,0
65,R,-1500,-1500,236,0,0
65,R,-1500,-1500,237,0,0
65,R,-1500,-1500,238,0,0
65,R,-1500,-1500,239,0,0
65,R,-1500,-1500,240,0,0
65,R,-1500,-1500,241,0,0
65,R,-1500,-1500,242,0,0
65,R,-1500,-1500,243,0,0
65,R,-1500,-1500,244,0,0
65,R,-1500,-1500,245,0,0
65,R,-1500,-1500,246,0,0
65,R,-1500,-1500,247,0,0
65,R,-1500,-1500,248,0,0
65,R,-1500,-1500,249,0,0
65,R,-1500,-1500,250,0,0
65,R,-1500,-1500,251,0,0
65,R,-1500,-1500,252,0,0
65,R,-1500,-1500,253,0,0
65,R,-1500,-1500,254,0,0
65,R,-1500,-1500,255,0,0
65,R,-1500,-1500,256,0,0
65,R,-1500,-1500,257,0,0
65,R,-1500,-1500,258,0,0
65,R,-1500,-1500,259,0,0
65,R,-1500,-1500,260,0,0
65,R,-1500,-1500,261,0,0
65,R,-1500,-1500,262,0,0
65,R,-1500,-1500,263,0,0
65,R,-1500,-1500,264,0,0
65,R,-1500,-1500,265,0,0
65,R,-1500,-1500,266,0,0
65,R,-1500,-1500,267,0,0
65,R,-1500,-1500,268,0,0
65,R,-1500,-1500,269,0,0
65,R,-1500,-1500,270,0,0
65,R,-1500,-1500,271,0,0
65,R,-1500,-1500,272,0,0
65,R,-1500,-1500,273,0,0
65,R,-1500,-1500,274,0,0
65,R,-1500,-1500,275,0,0
65,R,-1500,-1500,276,0,0
65,R,-1500,-1500,277,0,0
65,R,-1500,-1500,278,0,0
65,R,-1500,-1500,279,0,0
65,R,-1500,-1500,280,0,0
65,R,-1500,-1500,281,0,0
65,R,-1500,-1500,282,0,0
65,R,-1500,-1500,283,0,0
65,R,-1500,-1500,284,0,0
65,R,-1500,-1500,285,0,0
65,R,-1500,-1500,286,0,0
65,R,-1500,-1500,287,0,0
65,R,-1500,-1500,288,0,0
65,R,-1500,-1500,289,0,0
65,R,-1500,-1500,290,0,0
65,R,-1500,-1500,291,0,0
65,R,-1500,-1500,292,0,0
65,R,-1500,-1500,293,0,0
65,R,-1500,-1500,294,0,0
65,R,-1500,-1500,295,0,0
65,R,-1500,-1500,296,0,0
65,R,-1500,-1500,297,0,0
65,R,-1500,-1500,298,0,0
65,R,-1500,-1500,299,0,0
65,R,-1500,-1500,300,0,0
65,R,-1500,-1500,301,0,0
65,R,-1500,-1500,302,0,0
65,R,-1500,-1500,303,0,0
65,R,-1500,-1500,304,0,0
65,R,-1500,-1500,305,0,0
65,R,-1500,-1500,306,0,0
65,R,-1500,-1500,307,0,0
65,R,-1500,-1500,308,0,0
65,R,-1500,-1500,309,0,0
65,R,-1500,-1500,310,0,0
65,R,-1500,-1500,311,0,0
65,R,-1500,-1500,312,0,0
65,R,-1500,-1500,313,0,0
65,R,-1500,-1500,314,0,0
65,R,-1500,-1500,315,0,0
65,R,-1500,-1500,316,0,0
65,R,-1500,-1500,317,0,0
65,R,-1500,-1500,318,0,0
65,R,-1500,-1500,319,0,0
65,R,-1500,-1500,320,0,0
65,R,-1500,-1500,321,0,0
65,R,-1500,-1500,322,0,0
65,R,-1500,-1500,323,0,0
65,R,-1500,-1500,324,0,0
65,R,-1500,-1500,325,0,0
65,R,-1500,-1500,326,0,0
65,R,-1500,-1500,327,0,0
65,R,-1500,-1500,328,0,0
65,R,-1500,-1500,329,0,0
65,R,-1500,-1500,330,0,0
65,R,-1500,-1500,331,0,0
65,R,-1500,-1500,332,0,0
65,R,-1500,-1500,333,0,0
65,R,-1500,-1500,334,0,0
65,R,-1500,-1500,335,0,0
65,R,-1500,-1500,336,0,0
65,R,-1500,-1500,337,0,0
65,R,-1500,-1500,338,0,0
65,R,-1500,-1500,339,0,0
65,R,-1500,-1500,340,0,0
65,R,-1500,-1500,341,0,0
65,R,-1500,-1500,342,0,0
65,R,-1500,-1500,343,0,0
65,R,-1500,-1500,344,0,0
65,R,-1500,-1500,345,0,0
65,R,-1500,-1500,346,0,0
65,R,-1500,-1500,347,0,0
65,R,-1500,-1500,348,0,0
65,R,-1500,-1500,349,0,0
65,R,-1500,-1500,350,0,0
65,R,-1500,-1500,351,0,0
65,R,-1500,-1500,352,0,0
65,R,-1500,-1500,353,0,0
65,R,-1500,-1500,354,0,0
65,R,-1500,-1500,355,0,0
65,R,-1500,-1500,356,0,0
65,R,-1500,-1500,357,0,0
65,R,-1500,-1500,358,0,0
65,R,-1500,-1500,359,0,0
65,R,-1500,-1500,360,0,0
65,R,-1500,-1500,361,0,0
65,R,-1500,-1500,362,0,0
65,R,-1500,-1500,363,0,0
65,R,-1500,-1500,364,0,0
65,R,-1500,-1500,365,0,0
65,R,-1500,-1500,366,0,0
65,R,-1500,-1500,367,0,0
65,R,-1500,-1500,368,0,0
65,R,-1500,-1500,369,0,0
65,R,-1500,-1500,370,0,0
65,R,-1500,-1500,371,0,0
65,R,-1500,-1500,372,0,0
65,R,-1500,-1500,373,0,0
65,R,-1500,-1500,374,0,0
65,R,-1500,-1500,375,0,0
65,R,-1500,-1500,376,0,0
65,R,-1500,-1500,377,0,0
65,R,-1500,-1500,378,0,0
65,R,-1500,-1500,379,0,0
65,R,-1500,-1500,380,0,0
65,R,-1500,-1500,381,0,0
65,R,-1500,-1500,382,0,0
65,R,-1500,-1500,383,0,0
65,R,-1500,-1500,384,0,0
65,R,-1500,-1500,385,0,0
65,R,-1500,-1500,386,0,0
65,R,-1500,-1500,387,0,0
65,R,-1500,-1500,388,0,0
65,R,-1500,-1500,389,0,0
65,R,-1500,-1500,390,0,0
65,R,-1500,-1500,391,0,0
65,R,-1500,-1500,392,0,0
65,R,-1500,-1500,393,0,0
65,R,-1500,-1500,394,0,0
65,R,-1500,-1500,395,0,0
65,R,-1500,-1500,396,0,0
65,R,-1500,-1500,397,0,0
65,R,-1500,-1500,398,0,0
65,R,-1500,-1500,399,0,0
65,R,-1500,-1500,400,0,0
65,R,-1500,-1500,401,0,0
65,R,-1500,-1500,402,0,0
65,R,-1500,-1500,403,0,0
65,R,-1500,-1500,404,0,0
65,R,-1500,-1500,405,0,0
65,R,-1500,-1500,406,0,0
65,R,-1500,-1500,407,0,0
65,R,-1500,-1500,408,0,0
65,R,-1500,-1500,409,0,0
65,R,-1500,-1500,410,0,0
65,R,-1500,-1500,411,0,1
65,R,-1500,-1500,412,0,0
65,R,-1500,-1500,413,0,0
65,R,-1500,-1500,414,0,0
65,R,-1500,-1500,415,0,0
65,R,-1500,-1500,416,0,0
65,R,-1500,-1500,417,0,0
65,R,-1500,-1500,418,0,0
65,R,-1500,-1500,419,0,0
65,R,-1500,-1500,420,0,0
65,R,-1500,-1500,421,0,0
65,R,-1500,-1500,422,0,0
65,R,-1500,-1500,423,0,0
65,R,-1500,-1500,424,0,0
65,R,-1500,-1500,425,0,0
65,R,-1500,-1500,426,0,0
65,R,-1500,-1500,427,0,0
65,R,-1500,-1500,428,0,0
65,R,-1500,-1500,429,0,0
65,R,-1500,-1500,430,0,0
65,R,-1500,-1500,431,0,0
65,R,-1500,-1500,432,0,0
65,R,-1500,-1500,433,0,0
65,R,-1500,-1500,434,0,0
65,R,-1500,-1500,435,0,0
65,R,-1500,-1500,436,0,0
65,R,-1500,-1500,437,0,0
65,R,-1500,-1500,438,0,0
65,R,-1500,-1500,439,0,0
65,R,-1500,-1500,440,0,0
65,R,-1500,-1500,441,0,0
65,R,-1500,-1500,442,0,0
65,R,-1500,-1500,443,0,0
65,R,-1500,-1500,444,0,0
65,R,-1500,-1500,445,0,0
65,R,-1500,-1500,446,0,0
65,R,-1500,-1500,447,0,0
65,R,-1500,-1500,448,0,0
65,R,-1500,-1500,449,0,0
65,R,-1500,-1500,450,0,0
65,R,-1500,-1500,451,0,0
65,R,-1500,-1500,452,0,0
65,R,-1500,-1500,453,0,0
65,R,-1500,-1500,454,0,0
65,R,-1500,-1500,455,0,0
65,R,-1500,-1500,456,0,0
65,R,-1500,-1500,457,0,0
65,R,-1500,-1500,458,0,0
65,R,-1500,-1500,459,0,0
65,R,-1500,-1500,460,0,0
65,R,-1500,-1500,461,0,0
65,R,-1500,-1500,462,0,0
65,R,-1500,-1500,463,0,0
65,R,-1500,-1500,464,0,0
65,R,-1500,-1500,465,0,0
65,R,-1500,-1500,466,0,0
65,R,-1500,-1500,467,0,0
65,R,-1500,-1500,468,0,0
65,R,-1500,-1500,469,0,0
65,R,-1500,-1500,470,0,0
65,R,-1500,-1500,471,0,0
65,R,-1500,-1500,472,0,0
65,R,-1500,-1500,473,0,0
65,R,-1500,-1500,474,0,0
65,R,-1500,-1500,475,0,0
65,R,-1500,-1500,476,0,0
65,R,-1500,-1500,477,0,0
65,R,-1500,-1500,478,0,0
65,R,-1500,-1500,479,0,0
65,R,-1500,-1500,480,0,0
65,R,-1500,-1500,481,0,0
65,R,-1500,-1500,482,0,0
65,R,-1500,-1500,483,0,0
65,R,-1500,-1500,484,0,0
65,R,-1500,-1500,485,0,0
65,R,-1500,-1500,486,0,0
65,R,-1500,-1500,487,0,0
65,R,-1500,-1500,488,0,0
65,R,-1500,-1500,489,0,0
65,R,-1500,-1500,490,0,0
65,R,-1500,-1500,491,0,0
65,R,-1500,-1500,492,0,0
65,R,-1500,-1500,493,0,0
65,R,-1500,-1500,494,0,0
65,R,-1500,-1500,495,0,0
65,R,-1500,-1500,496,0,0
65,R,-1500,-1500,497,0,0
65,R,-1500,-1500,498,0,0
65,R,-1500,-1500,499,0,0
66,R,-1520,-1520,0,0,0
66,R,-1520,-1520,1,0,0
66,R,-1520,-1520,2,0,0
66,R,-1520,-1520,3,0,0
66,R,-1520,-1520,4,0,0
66,R,-1520,-1520,5,0,0
66,R,-1520,-1520,6,0,0
66,R,-1520,-1520,7,0,-1
66,R,-1520,-1520,8,0,0
66,R,-1520,-1520,9,0,0
66,R,-1520,-1520,10,0,0
66,R,-1520,-1520,11,0,0
66,R,-1520,-1520,12,0,-1
66,R,-1520,-1520,13,0,0
66,R,-1520,-1520,14,0,-1
66,R,-1520,-1520,15,0,0
66,R,-1520,-1520,16,0,-1
66,R,-1520,-1520,17,0,0
66,R,-1520,-1520,18,0,-1
66,R,-1520,-1520,19,0,0
66,R,-1520,-1520,20,0,-1
66,R,-1520,-1520,21,0,-2
66,R,-1520,-1520,22,0,0
66,R,-1520,-1520,23,0,-1
66,R,-1520,-1520,24,0,-1
66,R,-1520,-1520,25,0,-1
66,R,-1520,-1520,26,0,-1
66,R,-1520,-1520,27,0,-1
66,R,-1520,-1520,28,0,-2
66,R,-1520,-1520,29,0,-1
66,R,-1520,-1520,30,0,-1
66,R,-1520,-1520,31,0,-2
66,R,-1520,-1520,32,0,-1
66,R,-1520,-1520,33,0,-1
66,R,-1520,-1520,34,0,-2
66,R,-1520,-1520,35,0,-2
66,R,-1520,-1520,36,0,-1
66,R,-1520,-1520,37,0,-2
66,R,-1520,-1520,38,0,-1
66,R,-1520,-1520,39,0,-1
66,R,-1520,-1520,40,0,-2
66,R,-1520,-1520,41,0,-2
66,R,-1520,-1520,42,0,-2
66,R,-1520,-1520,43,0,-1
66,R,-1520,-1520,44,0,-2
66,R,-1520,-1520,45,0,-2
66,R,-1520,-1520,46,0,-1
66,R,-1520,-1520,47,0,-3
66,R,-1520,-1520,48,0,-1
66,R,-1520,-1520,49,0,-2
66,R,-1520,-1520,50,0,-2
66,R,-1520,-1520,51,0,-2
66,R,-1520,-1520,52,0,-2
66,R,-1520,-1520,53,0,-2
66,R,-1520,-1520,54,0,-2
66,R,-1520,-1520,55,0,-2
66,R,-1520,-1520,56,0,-2
66,R,-1520,-1520,57,0,-3
66,R,-1520,-1520,58,0,-1
66,R,-1520,-1520,59,0,-3
66,R,-1520,-1520,60,0,-2
66,R,-1520,-1520,61,0,-2
66,R,-1520,-1520,62,0,-3
66,R,-1520,-1520,63,0,-1
66,R,-1520,-1520,64,0,-3
66,R,-1520,-1520,65,0,-2
66,R,-1520,-1520,66,0,-2
66,R,-1520,-1520,67,0,-2
66,R,-1520,-1520,68,0,-3
66,R,-1520,-1520,69,0,-3
66,R,-1520,-1520,70,0,-1
66,R,-1520,-1520,71,0,-3
66,R,-1520,-1520,72,0,-2
66,R,-1520,-1520,73,0,-3
66,R,-1520,-1520,74,0,-2
66,R,-1520,-1520,75,0,-2
66,R,-1520,-1520,76,0,-3
66,R,-1520,-1520,77,0,-2
66,R,-1520,-1520,78,0,-3
66,R,-1520,-1520,79,0,-3
66,R,-1520,-1520,80,0,-1
66,R,-1520,-1520,81,0,-3
66,R,-1520,-1520,82,0,-3
66,R,-1520,-1520,83,0,-2
66,R,-1520,-1520,84,0,-3
66,R,-1520,-1520,85,0,-2
66,R,-1520,-1520,86,0,-3
66,R,-1520,-1520,87,0,-3
66,R,-1520,-1520,88,0,-2
66,R,-1520,-1520,89,0,-2
66,R,-1520,-1520,90,0,-3
66,R,-1520,-1520,91,0,-2
66,R,-1520,-1520,92,0,-3
66,R,-1520,-1520,93,0,-3
66,R,-1520,-1520,94,0,-2
66,R,-1520,-1520,95,0,-3
66,R,-1520,-1520,96,0,-2
66,R,-1520,-1520,97,0,-3
66,R,-1520,-1520,98,0,-3
66,R,-1520,-1520,99,0,-2
66,R,-1520,-1520,100,0,-3
66,R,-1520,-1520,101,0,-3
66,R,-1520,-1520,102,0,-2
66,R,-1520,-1520,103,0,-3
66,R,-1520,-1520,104,0,-3
66,R,-1520,-1520,105,0,-3
66,R,-1520,-1520,106,0,-2
66,R,-1520,-1520,107,0,-3
66,R,-1520,-1520,108,0,-3
66,R,-1520,-1520,109,0,-2
66,R,-1520,-1520,110,0,-4
66,R,-1520,-1520,111,0,-2
66,R,-1520,-1520,112,0,-3
66,R,-1520,-1520,113,0,-3
66,R,-1520,-1520,114,0,-3
66,R,-1520,-1520,115,0,-2
66,R,-1520,-1520,116,0,-3
66,R,-1520,-1520,117,0,-3
66,R,-1520,-1520,118,0,-2
66,R,-1520,-1520,119,0,-3
66,R,-1520,-1520,120,0,-3
66,R,-1520,-1520,121,0,-3
66,R,-1520,-1520,122,0,-3
66,R,-1520,-1520,123,0,-3
66,R,-1520,-1520,124,0,-3
66,R,-1520,-1520,125,0,-2
66,R,-1520,-1520,126,0,-3
66,R,-1520,-1520,127,0,-3
66,R,-1520,-1520,128,0,-3
66,R,-1520,-1520,129,0,-3
66,R,-1520,-1520,130,0,-3
66,R,-1520,-1520,131,0,-3
66,R,-1520,-1520,132,0,-3
66,R,-1520,-1520,133,0,-2
66,R,-1520,-1520,134,0,-4
66,R,-1520,-1520,135,0,-3
66,R,-1520,-1520,136,0,-2
66,R,-1520,-1520,137,0,-3
66,R,-1520,-1520,138,0,-3
66,R,-1520,-1520,139,0,-3
66,R,-1520,-1520,140,0,-3
66,R,-1520,-1520,141,0,-3
66,R,-1520,-1520,142,0,-3
66,R,-1520,-1520,143,0,-3
66,R,-1520,-1520,144,0,-3
66,R,-1520,-1520,145,0,-3
66,R,-1520,-1520,146,0,-3
66,R,-1520,-1520,147,0,-3
66,R,-1520,-1520,148,0,-3
66,R,-1520,-1520,149,0,-3
66,R,-1520,-1520,150,0,-3
66,R,-1520,-1520,151,0,-3
66,R,-1520,-1520,152,0,-3
66,R,-1520,-1520,153,0,-3
66,R,-1520,-1520,154,0,-3
66,R,-1520,-1520,155,0,-3
66,R,-1520,-1520,156,0,-3
66,R,-1520,-1520,157,0,-3
66,R,-1520,-1520,158,0,-3
66,R,-1520,-1520,159,0,-4
66,R,-1520,-1520,160,0,-2
66,R,-1520,-1520,161,0,-3
66,R,-1520,-1520,162,0,-4
66,R,-1520,-1520,163,0,-3
66,R,-1520,-1520,164,0,-2
66,R,-1520,-1520,165,0,-3
66,R,-1520,-1520,166,0,-4
66,R,-1520,-1520,167,0,-3
66,R,-1520,-1520,168,0,-3
66,R,-1520,-1520,169,0,-3
66,R,-1520,-1520,170,0,-3
66,R,-1520,-1520,171,0,-3
66,R,-1520,-1520,172,0,-3
66,R,-1520,-1520,173,0,-3
66,R,-1520,-1520,174,0,-3
66,R,-1520,-1520,175,0,-4
66,R,-1520,-1520,176,0,-3
66,R,-1520,-1520,177,0,-2
66,R,-1520,-1520,178,0,-3
66,R,-1520,-1520,179,0,-4
66,R,-1520,-1520,180,0,-3
66,R,-1520,-1520,181,0,-3
66,R,-1520,-1520,182,0,-3
66,R,-1520,-1520,183,0,-3
66,R,-1520,-1520,184,0,-3
66,R,-1520,-1520,185,0,-3
66,R,-1520,-1520,186,0,-3
66,R,-1520,-1520,187,0,-3
66,R,-1520,-1520,188,0,-4
66,R,-1520,-1520,189,0,-3
66,R,-1520,-1520,190,0,-3
66,R,-1520,-1520,191,0,-3
66,R,-1520,-1520,192,0,-3
66,R,-1520,-1520,193,0,-3
66,R,-1520,-1520,194,0,-4
66,R,-1520,-1520,195,0,-2
66,R,-1520,-1520,196,0,-3
66,R,-1520,-1520,197,0,-4
66,R,-1520,-1520,198,0,-3
66,R,-1520,-1520,199,0,-3
66,R,-1520,-1520,200,0,-3
66,R,-1520,-1520,201,0,-3
66,R,-1520,-1520,202,0,-3
66,R,-1520,-1520,203,0,-4
66,R,-1520,-1520,204,0,-2
66,R,-1520,-1520,205,0,-4
66,R,-1520,-1520,206,0,-3
66,R,-1520,-1520,207,0,-3
66,R,-1520,-1520,208,0,-3
66,R,-1520,-1520,209,0,-3
66,R,-1520,-1520,210,0,-3
66,R,-1520,-1520,211,0,-4
66,R,-1520,-1520,212,0,-3
66,R,-1520,-1520,213,0,-3
66,R,-1520,-1520,214,0,-3
66,R,-1520,-1520,215,0,-3
66,R,-1520,-1520,216,0,-4
66,R,-1520,-1520,217,0,-3
66,R,-1520,-1520,218,0,-3
66,R,-1520,-1520,219,0,-3
66,R,-1520,-1520,220,0,-3
66,R,-1520,-1520,221,0,-3
66,R,-1520,-1520,222,0,-4
66,R,-1520,-1520,223,0,-3
66,R,-1520,-1520,224,0,-3
66,R,-1520,-1520,225,0,-3
66,R,-1520,-1520,226,0,-3
66,R,-1520,-1520,227,0,-4
66,R,-1520,-1520,228,0,-3
66,R,-1520,-1520,229,0,-3
66,R,-1520,-1520,230,0,-3
66,R,-1520,-1520,231,0,-3
66,R,-1520,-1520,232,0,-4
66,R,-1520,-1520,233,0,-2
66,R,-1520,-1520,234,0,-4
66,R,-1520,-1520,235,0,-3
66,R,-1520,-1520,236,0,-3
66,R,-1520,-1520,237,0,-3
66,R,-1520,-1520,238,0,-3
66,R,-1520,-1520,239,0,-3
66,R,-1520,-1520,240,0,-4
66,R,-1520,-1520,241,0,-3
66,R,-1520,-1520,242,0,-3
66,R,-1520,-1520,243,0,-3
66,R,-1520,-1520,244,0,-3
66,R,-1520,-1520,245,0,-4
66,R,-1520,-1520,246,0,-3
66,R,-1520,-1520,247,0,-3
66,R,-1520,-1520,248,0,-3
66,R,-1520,-1520,249,0,-3
66,R,-1520,-1520,250,0,-4
66,R,-1520,-1520,251,0,-3
66,R,-1520,-1520,252,0,-3
66,R,-1520,-1520,253,0,-3
66,R,-1520,-1520,254,0,-3
66,R,-1520,-1520,255,0,-4
66,R,-1520,-1520,256,0,-3
66,R,-1520,-1520,257,0,-3
66,R,-1520,-1520,258,0,-3
66,R,-1520,-1520,259,0,-3
66,R,-1520,-1520,260,0,-4
66,R,-1520,-1520,261,0,-3
66,R,-1520,-1520,262,0,-3
66,R,-1520,-1520,263,0,-3
66,R,-1520,-1520,264,0,-3
66,R,-1520,-1520,265,0,-4
66,R,-1520,-1520,266,0,-3
66,R,-1520,-1520,267,0,-4
66,R,-1520,-1520,268,0,-2
66,R,-1520,-1520,269,0,-3
66,R,-1520,-1520,270,0,-4
66,R,-1520,-1520,271,0,-3
66,R,-1520,-1520,272,0,-4
66,R,-1520,-1520,273,0,-2
66,R,-1520,-1520,274,0,-4
66,R,-1520,-1520,275,0,-3
66,R,-1520,-1520,276,0,-3
66,R,-1520,-1520,277,0,-4
66,R,-1520,-1520,278,0,-3
66,R,-1520,-1520,279,0,-3
66,R,-1520,-1520,280,0,-3
66,R,-1520,-1520,281,0,-4
66,R,-1520,-1520,282,0,-3
66,R,-1520,-1520,283,0,-3
66,R,-1520,-1520,284,0,-3
66,R,-1520,-1520,285,0,-3
66,R,-1520,-1520,286,0,-4
66,R,-1520,-1520,287,0,-3
66,R,-1520,-1520,288,0,-4
66,R,-1520,-1520,289,0,-2
66,R,-1520,-1520,290,0,-3
66,R,-1520,-1520,291,0,-4
66,R,-1520,-1520,292,0,-3
66,R,-1520,-1520,293,0,-4
66,R,-1520,-1520,294,0,-3
66,R,-1520,-1520,295,0,-3
66,R,-1520,-1520,296,0,-3
66,R,-1520,-1520,297,0,-4
66,R,-1520,-1520,298,0,-3
66,R,-1520,-1520,299,0,-3
66,R,-1520,-1520,300,0,-3
66,R,-1520,-1520,301,0,-3
66,R,-1520,-1520,302,0,-4
66,R,-1520,-1520,303,0,-3
66,R,-1520,-1520,304,0,-4
66,R,-1520,-1520,305,0,-2
66,R,-1520,-1520,306,0,-4
66,R,-1520,-1520,307,0,-3
66,R,-1520,-1520,308,0,-4
66,R,-1520,-1520,309,0,-3
66,R,-1520,-1520,310,0,-3
66,R,-1520,-1520,311,0,-3
66,R,-1520,-1520,312,0,-3
66,R,-1520,-1520,313,0,-4
66,R,-1520,-1520,314,0,-3
66,R,-1520,-1520,315,0,-4
66,R,-1520,-1520,316,0,-2
66,R,-1520,-1520,317,0,-4
66,R,-1520,-1520,318,0,-3
66,R,-1520,-1520,319,0,-3
66,R,-1520,-1520,320,0,-4
66,R,-1520,-1520,321,0,-3
66,R,-1520,-1520,322,0,-3
66,R,-1520,-1520,323,0,-3
66,R,-1520,-1520,324,0,-4
66,R,-1520,-1520,325,0,-3
66,R,-1520,-1520,326,0,-3
66,R,-1520,-1520,327,0,-3
66,R,-1520,-1520,328,0,-4
66,R,-1520,-1520,329,0,-3
66,R,-1520,-1520,330,0,-3
66,R,-1520,-1520,331,0,-4
66,R,-1520,-1520,332,0,-3
66,R,-1520,-1520,333,0,-3
66,R,-1520,-1520,334,0,-3
66,R,-1520,-1520,335,0,-4
66,R,-1520,-1520,336,0,-3
66,R,-1520,-1520,337,0,-3
66,R,-1520,-1520,338,0,-3
66,R,-1520,-1520,339,0,-3
66,R,-1520,-1520,340,0,-4
66,R,-1520,-1520,341,0,-3
66,R,-1520,-1520,342,0,-4
66,R,-1520,-1520,343,0,-2
66,R,-1520,-1520,344,0,-4
66,R,-1520,-1520,345,0,-3
66,R,-1520,-1520,346,0,-3
66,R,-1520,-1520,347,0,-4
66,R,-1520,-1520,348,0,-3
66,R,-1520,-1520,349,0,-3
66,R,-1520,-1520,350,0,-3
66,R,-1520,-1520,351,0,-4
66,R,-1520,-1520,352,0,-3
66,R,-1520,-1520,353,0,-3
66,R,-1520,-1520,354,0,-3
66,R,-1520,-1520,355,0,-3
66,R,-1520,-1520,356,0,-4
66,R,-1520,-1520,357,0,-3
66,R,-1520,-1520,358,0,-4
66,R,-1520,-1520,359,0,-3
66,R,-1520,-1520,360,0,-3
66,R,-1520,-1520,361,0,-3
66,R,-1520,-1520,362,0,-4
66,R,-1520,-1520,363,0,-3
66,R,-1520,-1520,364,0,-3
66,R,-1520,-1520,365,0,-3
66,R,-1520,-1520,366,0,-3
66,R,-1520,-1520,367,0,-4
66,R,-1520,-1520,368,0,-3
66,R,-1520,-1520,369,0,-4
66,R,-1520,-1520,370,0,-3
66,R,-1520,-1520,371,0,-3
66,R,-1520,-1520,372,0,-3
66,R,-1520,-1520,373,0,-4
66,R,-1520,-1520,374,0,-3
66,R,-1520,-1520,375,0,-3
66,R,-1520,-1520,376,0,-3
66,R,-1520,-1520,377,0,-3
66,R,-1520,-1520,378,0,-4
66,R,-1520,-1520,379,0,-3
66,R,-1520,-1520,380,0,-4
66,R,-1520,-1520,381,0,-3
66,R,-1520,-1520,382,0,-3
66,R,-1520,-1520,383,0,-3
66,R,-1520,-1520,384,0,-4
66,R,-1520,-1520,385,0,-3
66,R,-1520,-1520,386,0,-4
66,R,-1520,-1520,387,0,-2
66,R,-1520,-1520,388,0,-4
66,R,-1520,-1520,389,0,-3
66,R,-1520,-1520,390,0,-4
66,R,-1520,-1520,391,0,-3
66,R,-1520,-1520,392,0,-3
66,R,-1520,-1520,393,0,-3
66,R,-1520,-1520,394,0,-3
66,R,-1520,-1520,395,0,-4
66,R,-1520,-1520,396,0,-3
66,R,-1520,-1520,397,0,-4
66,R,-1520,-1520,398,0,-3
66,R,-1520,-1520,399,0,-3
66,R,-1520,-1520,400,0,-3
66,R,-1520,-1520,401,0,-4
66,R,-1520,-1520,402,0,-3
66,R,-1520,-1520,403,0,-3
66,R,-1520,-1520,404,0,-3
66,R,-1520,-1520,405,0,-3
66,R,-1520,-1520,406,0,-3
66,R,-1520,-1520,407,0,-3
66,R,-1520,-1520,408,0,-3
66,R,-1520,-1520,409,0,-3
66,R,-1520,-1520,410,0,-3
66,R,-1520,-1520,411,0,-2
66,R,-1520,-1520,412,0,-3
66,R,-1520,-1520,413,0,-3
66,R,-1520,-1520,414,0,-1
66,R,-1520,-1520,415,0,-3
66,R,-1520,-1520,416,0,-2
66,R,-1520,-1520,417,0,-3
66,R,-1520,-1520,418,0,-2
66,R,-1520,-1520,419,0,-2
66,R,-1520,-1520,420,0,-3
66,R,-1520,-1520,421,0,-1
66,R,-1520,-1520,422,0,-3
66,R,-1520,-1520,423,0,-1
66,R,-1520,-1520,424,0,-3
66,R,-1520,-1520,425,0,-1
66,R,-1520,-1520,426,0,-2
66,R,-1520,-1520,427,0,-2
66,R,-1520,-1520,428,0,-1
66,R,-1520,-1520,429,0,-2
66,R,-1520,-1520,430,0,-1
66,R,-1520,-1520,431,0,-2
66,R,-1520,-1520,432,0,-2
66,R,-1520,-1520,433,0,-1
66,R,-1520,-1520,434,0,-2
66,R,-1520,-1520,435,0,-1
66,R,-1520,-1520,436,0,-1
66,R,-1520,-1520,437,0,-1
66,R,-1520,-1520,438,0,-1
66,R,-1520,-1520,439,0,-1
66,R,-1520,-1520,440,0,-1
66,R,-1520,-1520,441,0,-2
66,R,-1520,-1520,442,0,0
66,R,-1520,-1520,443,0,-1
66,R,-1520,-1520,444,0,-1
66,R,-1520,-1520,445,0,-1
66,R,-1520,-1520,446,0,-1
66,R,-1520,-1520,447,0,-1
66,R,-1520,-1520,448,0,0
66,R,-1520,-1520,449,0,-1
66,R,-1520,-1520,450,0,0
66,R,-1520,-1520,451,0,-1
66,R,-1520,-1520,452,0,-1
66,R,-1520,-1520,453,0,0
66,R,-1520,-1520,454,0,0
66,R,-1520,-1520,455,0,-1
66,R,-1520,-1520,456,0,0
66,R,-1520,-1520,457,0,0
66,R,-1520,-1520,458,0,0
66,R,-1520,-1520,459,0,0
66,R,-1520,-1520,460,0,0
66,R,-1520,-1520,461,0,0
66,R,-1520,-1520,462,0,0
66,R,-1520,-1520,463,0,0
66,R,-1520,-1520,464,0,0
66,R,-1520,-1520,465,0,0
66,R,-1520,-1520,466,0,0
66,R,-1520,-1520,467,0,0
66,R,-1520,-1520,468,0,0
66,R,-1520,-1520,469,0,0
66,R,-1520,-1520,470,0,0
66,R,-1520,-1520,471,0,0
66,R,-1520,-1520,472,0,0
66,R,-1520,-1520,473,0,0
66,R,-1520,-1520,474,0,0
66,R,-1520,-1520,475,0,0
66,R,-1520,-1520,476,0,0
66,R,-1520,-1520,477,0,0
66,R,-1520,-1520,478,0,0
66,R,-1520,-1520,479,0,0
66,R,-1520,-1520,480,0,0
66,R,-1520,-1520,481,0,0
66,R,-1520,-1520,482,0,0
66,R,-1520,-1520,483,0,0
66,R,-1520,-1520,484,0,0
66,R,-1520,-1520,485,0,0
66,R,-1520,-1520,486,0,0
66,R,-1520,-1520,487,0,0
66,R,-1520,-1520,488,0,0
66,R,-1520,-1520,489,0,0
66,R,-1520,-1520,490,0,0
66,R,-1520,-1520,491,0,0
66,R,-1520,-1520,492,0,0
66,R,-1520,-1520,493,0,0
66,R,-1520,-1520,494,0,0
66,R,-1520,-1520,495,0,0
66,R,-1520,-1520,496,0,0
66,R,-1520,-1520,497,0,0
66,R,-1520,-1520,498,0,0
66,R,-1520,-1520,499,0,0
67,R,-1800,-1420,0,0,0
67,R,-1800,-1420,1,0,0
67,R,-1800,-1420,2,0,-1
67,R,-1800,-1420,3,0,0
67,R,-1800,-1420,4,0,-2
67,R,-1800,-1420,5,0,-1
67,R,-1800,-1420,6,0,-3
67,R,-1800,-1420,7,0,-2
67,R,-1800,-1420,8,0,-3
67,R,-1800,-1420,9,0,-4
67,R,-1800,-1420,10,0,-3
67,R,-1800,-1420,11,0,-4
67,R,-1800,-1420,12,0,-4
67,R,-1800,-1420,13,0,-5
67,R,-1800,-1420,14,0,-4
67,R,-1800,-1420,15,0,-5
67,R,-1800,-1420,16,0,-6
67,R,-1800,-1420,17,0,-5
67,R,-1800,-1420,18,0,-5
67,R,-1800,-1420,19,0,-6
67,R,-1800,-1420,20,0,-5
67,R,-1800,-1420,21,0,-7
67,R,-1800,-1420,22,0,-6
67,R,-1800,-1420,23,0,-7
67,R,-1800,-1420,24,0,-6
67,R,-1800,-1420,25,0,-6
67,R,-1800,-1420,26,0,-7
67,R,-1800,-1420,27,0,-7
67,R,-1800,-1420,28,0,-7
67,R,-1800,-1420,29,0,-7
67,R,-1800,-1420,30,0,-8
67,R,-1800,-1420,31,0,-7
67,R,-1800,-1420,32,0,-8
67,R,-1800,-1420,33,0,-7
67,R,-1800,-1420,34,0,-7
67,R,-1800,-1420,35,0,-8
67,R,-1800,-1420,36,0,-8
67,R,-1800,-1420,37,0,-8
67,R,-1800,-1420,38,0,-8
67,R,-1800,-1420,39,0,-8
67,R,-1800,-1420,40,0,-8
67,R,-1800,-1420,41,0,-8
67,R,-1800,-1420,42,0,-8
67,R,-1800,-1420,43,0,-9
67,R,-1800,-1420,44,0,-8
67,R,-1800,-1420,45,0,-9
67,R,-1800,-1420,46,0,-8
67,R,-1800,-1420,47,0,-9
67,R,-1800,-1420,48,0,-8
67,R,-1800,-1420,49,0,-9
67,R,-1800,-1420,50,0,-8
67,R,-1800,-1420,51,0,-9
67,R,-1800,-1420,52,0,-9
67,R,-1800,-1420,53,0,-9
67,R,-1800,-1420,54,0,-8
67,R,-1800,-1420,55,0,-9
67,R,-1800,-1420,56,0,-10
67,R,-1800,-1420,57,0,-9
67,R,-1800,-1420,58,0,-8
67,R,-1800,-1420,59,0,-9
67,R,-1800,-1420,60,0,-10
67,R,-1800,-1420,61,0,-9
67,R,-1800,-1420,62,0,-9
67,R,-1800,-1420,63,0,-10
67,R,-1800,-1420,64,0,-9
67,R,-1800,-1420,65,0,-9
67,R,-1800,-1420,66,0,-9
67,R,-1800,-1420,67,0,-10
67,R,-1800,-1420,68,0,-9
67,R,-1800,-1420,69,0,-10
67,R,-1800,-1420,70,0,-9
67,R,-1800,-1420,71,0,-9
67,R,-1800,-1420,72,0,-10
67,R,-1800,-1420,73,0,-9
67,R,-1800,-1420,74,0,-10
67,R,-1800,-1420,75,0,-9
67,R,-1800,-1420,76,0,-10
67,R,-1800,-1420,77,0,-10
67,R,-1800,-1420,78,0,-9
67,R,-1800,-1420,79,0,-10
67,R,-1800,-1420,80,0,-10
67,R,-1800,-1420,81,0,-9
67,R,-1800,-1420,82,0,-10
67,R,-1800,-1420,83,0,-9
67,R,-1800,-1420,84,0,-11
67,R,-1800,-1420,85,0,-9
67,R,-1800,-1420,86,0,-10
67,R,-1800,-1420,87,0,-10
67,R,-1800,-1420,88,0,-9
67,R,-1800,-1420,89,0,-10
67,R,-1800,-1420,90,0,-10
67,R,-1800,-1420,91,0,-10
67,R,-1800,-1420,92,0,-10
67,R,-1800,-1420,93,0,-10
67,R,-1800,-1420,94,0,-9
67,R,-1800,-1420,95,0,-11
67,R,-1800,-1420,96,0,-9
67,R,-1800,-1420,97,0,-11
67,R,-1800,-1420,98,0,-9
67,R,-1800,-1420,99,0,-11
67,R,-1800,-1420,100,0,-9
67,R,-1800,-1420,101,0,-11
67,R,-1800,-1420,102,0,-9
67,R,-1800,-1420,103,0,-11
67,R,-1800,-1420,104,0,-9
67,R,-1800,-1420,105,0,-11
67,R,-1800,-1420,106,0,-9
67,R,-1800,-1420,107,0,-11
67,R,-1800,-1420,108,0,-9
67,R,-1800,-1420,109,0,-11
67,R,-1800,-1420,110,0,-10
67,R,-1800,-1420,111,0,-10
67,R,-1800,-1420,112,0,-10
67,R,-1800,-1420,113,0,-10
67,R,-1800,-1420,114,0,-10
67,R,-1800,-1420,115,0,-11
67,R,-1800,-1420,116,0,-10
67,R,-1800,-1420,117,0,-10
67,R,-1800,-1420,118,0,-10
67,R,-1800,-1420,119,0,-10
67,R,-1800,-1420,120,0,-11
67,R,-1800,-1420,121,0,-9
67,R,-1800,-1420,122,0,-11
67,R,-1800,-1420,123,0,-10
67,R,-1800,-1420,124,0,-10
67,R,-1800,-1420,125,0,-10
67,R,-1800,-1420,126,0,-11
67,R,-1800,-1420,127,0,-10
67,R,-1800,-1420,128,0,-10
67,R,-1800,-1420,129,0,-11
67,R,-1800,-1420,130,0,-10
67,R,-1800,-1420,131,0,-10
67,R,-1800,-1420,132,0,-10
67,R,-1800,-1420,133,0,-11
67,R,-1800,-1420,134,0,-10
67,R,-1800,-1420,135,0,-10
67,R,-1800,-1420,136,0,-11
67,R,-1800,-1420,137,0,-9
67,R,-1800,-1420,138,0,-11
67,R,-1800,-1420,139,0,-10
67,R,-1800,-1420,140,0,-11
67,R,-1800,-1420,141,0,-10
67,R,-1800,-1420,142,0,-10
67,R,-1800,-1420,143,0,-11
67,R,-1800,-1420,144,0,-10
67,R,-1800,-1420,145,0,-10
67,R,-1800,-1420,146,0,-10
67,R,-1800,-1420,147,0,-11
67,R,-1800,-1420,148,0,-11
67,R,-1800,-1420,149,0,-9
67,R,-1800,-1420,150,0,-11
67,R,-1800,-1420,151,0,-10
67,R,-1800,-1420,152,0,-11
67,R,-1800,-1420,153,0,-10
67,R,-1800,-1420,154,0,-10
67,R,-1800,-1420,155,0,-11
67,R,-1800,-1420,156,0,-10
67,R,-1800,-1420,157,0,-11
67,R,-1800,-1420,158,0,-10
67,R,-1800,-1420,159,0,-10
67,R,-1800,-1420,160,0,-11
67,R,-1800,-1420,161,0,-10
67,R,-1800,-1420,162,0,-11
67,R,-1800,-1420,163,0,-10
67,R,-1800,-1420,164,0,-10
67,R,-1800,-1420,165,0,-11
67,R,-1800,-1420,166,0,-10
67,R,-1800,-1420,167,0,-11
67,R,-1800,-1420,168,0,-10
67,R,-1800,-1420,169,0,-10
67,R,-1800,-1420,170,0,-11
67,R,-1800,-1420,171,0,-10
67,R,-1800,-1420,172,0,-11
67,R,-1800,-1420,173,0,-10
67,R,-1800,-1420,174,0,-10
67,R,-1800,-1420,175,0,-11
67,R,-1800,-1420,176,0,-10
67,R,-1800,-1420,177,0,-11
67,R,-1800,-1420,178,0,-10
67,R,-1800,-1420,179,0,-10
67,R,-1800,-1420,180,0,-11
67,R,-1800,-1420,181,0,-10
67,R,-1800,-1420,182,0,-11
67,R,-1800,-1420,183,0,-11
67,R,-1800,-1420,184,0,-9
67,R,-1800,-1420,185,0,-11
67,R,-1800,-1420,186,0,-10
67,R,-1800,-1420,187,0,-11
67,R,-1800,-1420,188,0,-11
67,R,-1800,-1420,189,0,-10
67,R,-1800,-1420,190,0,-10
67,R,-1800,-1420,191,0,-11
67,R,-1800,-1420,192,0,-10
67,R,-1800,-1420,193,0,-11
67,R,-1800,-1420,194,0,-10
67,R,-1800,-1420,195,0,-11
67,R,-1800,-1420,196,0,-10
67,R,-1800,-1420,197,0,-10
67,R,-1800,-1420,198,0,-11
67,R,-1800,-1420,199,0,-10
67,R,-1800,-1420,200,0,-11
67,R,-1800,-1420,201,0,-11
67,R,-1800,-1420,202,0,-10
67,R,-1800,-1420,203,0,-10
67,R,-1800,-1420,204,0,-10
67,R,-1800,-1420,205,0,-11
67,R,-1800,-1420,206,0,-10
67,R,-1800,-1420,207,0,-10
67,R,-1800,-1420,208,0,-9
67,R,-1800,-1420,209,0,-11
67,R,-1800,-1420,210,0,-9
67,R,-1800,-1420,211,0,-10
67,R,-1800,-1420,212,0,-9
67,R,-1800,-1420,213,0,-10
67,R,-1800,-1420,214,0,-10
67,R,-1800,-1420,215,0,-9
67,R,-1800,-1420,216,0,-10
67,R,-1800,-1420,217,0,-9
67,R,-1800,-1420,218,0,-9
67,R,-1800,-1420,219,0,-9
67,R,-1800,-1420,220,0,-9
67,R,-1800,-1420,221,0,-9
67,R,-1800,-1420,222,0,-9
67,R,-1800,-1420,223,0,-9
67,R,-1800,-1420,224,0,-9
67,R,-1800,-1420,225,0,-9
67,R,-1800,-1420,226,0,-8
67,R,-1800,-1420,227,0,-8
67,R,-1800,-1420,228,0,-9
67,R,-1800,-1420,229,0,-9
67,R,-1800,-1420,230,0,-8
67,R,-1800,-1420,231,0,-9
67,R,-1800,-1420,232,0,-8
67,R,-1800,-1420,233,0,-8
67,R,-1800,-1420,234,0,-8
67,R,-1800,-1420,235,0,-8
67,R,-1800,-1420,236,0,-8
67,R,-1800,-1420,237,0,-8
67,R,-1800,-1420,238,0,-8
67,R,-1800,-1420,239,0,-8
67,R,-1800,-1420,240,0,-8
67,R,-1800,-1420,241,0,-7
67,R,-1800,-1420,242,0,-8
67,R,-1800,-1420,243,0,-7
67,R,-1800,-1420,244,0,-8
67,R,-1800,-1420,245,0,-7
67,R,-1800,-1420,246,0,-8
67,R,-1800,-1420,247,0,-7
67,R,-1800,-1420,248,0,-8
67,R,-1800,-1420,249,0,-6
67,R,-1800,-1420,250,0,-8
67,R,-1800,-1420,251,0,-7
67,R,-1800,-1420,252,0,-7
67,R,-1800,-1420,253,0,-7
67,R,-1800,-1420,254,0,-7
67,R,-1800,-1420,255,0,-7
67,R,-1800,-1420,256,0,-7
67,R,-1800,-1420,257,0,-7
67,R,-1800,-1420,258,0,-6
67,R,-1800,-1420,259,0,-7
67,R,-1800,-1420,260,0,-7
67,R,-1800,-1420,261,0,-6
67,R,-1800,-1420,262,0,-7
67,R,-1800,-1420,263,0,-6
67,R,-1800,-1420,264,0,-7
67,R,-1800,-1420,265,0,-6
67,R,-1800,-1420,266,0,-6
67,R,-1800,-1420,267,0,-7
67,R,-1800,-1420,268,0,-6
67,R,-1800,-1420,269,0,-6
67,R,-1800,-1420,270,0,-6
67,R,-1800,-1420,271,0,-7
67,R,-1800,-1420,272,0,-5
67,R,-1800,-1420,273,0,-7
67,R,-1800,-1420,274,0,-5
67,R,-1800,-1420,275,0,-6
67,R,-1800,-1420,276,0,-6
67,R,-1800,-1420,277,0,-6
67,R,-1800,-1420,278,0,-5
67,R,-1800,-1420,279,0,-6
67,R,-1800,-1420,280,0,-6
67,R,-1800,-1420,281,0,-5
67,R,-1800,-1420,282,0,-6
67,R,-1800,-1420,283,0,-5
67,R,-1800,-1420,284,0,-6
67,R,-1800,-1420,285,0,-6
67,R,-1800,-1420,286,0,-4
67,R,-1800,-1420,287,0,-6
67,R,-1800,-1420,288,0,-6
67,R,-1800,-1420,289,0,-4
67,R,-1800,-1420,290,0,-6
67,R,-1800,-1420,291,0,-5
67,R,-1800,-1420,292,0,-5
67,R,-1800,-1420,293,0,-5
67,R,-1800,-1420,294,0,-6
67,R,-1800,-1420,295,0,-4
67,R,-1800,-1420,296,0,-5
67,R,-1800,-1420,297,0,-5
67,R,-1800,-1420,298,0,-5
67,R,-1800,-1420,299,0,-5
67,R,-1800,-1420,300,0,-5
67,R,-1800,-1420,301,0,-4
67,R,-1800,-1420,302,0,-5
67,R,-1800,-1420,303,0,-5
67,R,-1800,-1420,304,0,-5
67,R,-1800,-1420,305,0,-4
67,R,-1800,-1420,306,0,-5
67,R,-1800,-1420,307,0,-4
67,R,-1800,-1420,308,0,-5
67,R,-1800,-1420,309,0,-4
67,R,-1800,-1420,310,0,-5
67,R,-1800,-1420,311,0,-4
67,R,-1800,-1420,312,0,-5
67,R,-1800,-1420,313,0,-4
67,R,-1800,-1420,314,0,-4
67,R,-1800,-1420,315,0,-5
67,R,-1800,-1420,316,0,-4
67,R,-1800,-1420,317,0,-4
67,R,-1800,-1420,318,0,-4
67,R,-1800,-1420,319,0,-4
67,R,-1800,-1420,320,0,-4
67,R,-1800,-1420,321,0,-4
67,R,-1800,-1420,322,0,-4
67,R,-1800,-1420,323,0,-4
67,R,-1800,-1420,324,0,-4
67,R,-1800,-1420,325,0,-4
67,R,-1800,-1420,326,0,-4
67,R,-1800,-1420,327,0,-4
67,R,-1800,-1420,328,0,-4
67,R,-1800,-1420,329,0,-4
67,R,-1800,-1420,330,0,-4
67,R,-1800,-1420,331,0,-3
67,R,-1800,-1420,332,0,-4
67,R,-1800,-1420,333,0,-4
67,R,-1800,-1420,334,0,-4
67,R,-1800,-1420,335,0,-3
67,R,-1800,-1420,336,0,-4
67,R,-1800,-1420,337,0,-3
67,R,-1800,-1420,338,0,-4
67,R,-1800,-1420,339,0,-3
67,R,-1800,-1420,340,0,-4
67,R,-1800,-1420,341,0,-4
67,R,-1800,-1420,342,0,-3
67,R,-1800,-1420,343,0,-4
67,R,-1800,-1420,344,0,-2
67,R,-1800,-1420,345,0,-4
67,R,-1800,-1420,346,0,-3
67,R,-1800,-1420,347,0,-4
67,R,-1800,-1420,348,0,-3
67,R,-1800,-1420,349,0,-4
67,R,-1800,-1420,350,0,-2
67,R,-1800,-1420,351,0,-3
67,R,-1800,-1420,352,0,-3
67,R,-1800,-1420,353,0,-3
67,R,-1800,-1420,354,0,-4
67,R,-1800,-1420,355,0,-2
67,R,-1800,-1420,356,0,-3
67,R,-1800,-1420,357,0,-4
67,R,-1800,-1420,358,0,-3
67,R,-1800,-1420,359,0,-3
67,R,-1800,-1420,360,0,-2
67,R,-1800,-1420,361,0,-4
67,R,-1800,-1420,362,0,-3
67,R,-1800,-1420,363,0,-3
67,R,-1800,-1420,364,0,-2
67,R,-1800,-1420,365,0,-4
67,R,-1800,-1420,366,0,-3
67,R,-1800,-1420,367,0,-2
67,R,-1800,-1420,368,0,-3
67,R,-1800,-1420,369,0,-3
67,R,-1800,-1420,370,0,-3
67,R,-1800,-1420,371,0,-2
67,R,-1800,-1420,372,0,-4
67,R,-1800,-1420,373,0,-2
67,R,-1800,-1420,374,0,-3
67,R,-1800,-1420,375,0,-3
67,R,-1800,-1420,376,0,-3
67,R,-1800,-1420,377,0,-2
67,R,-1800,-1420,378,0,-3
67,R,-1800,-1420,379,0,-3
67,R,-1800,-1420,380,0,-2
67,R,-1800,-1420,381,0,-3
67,R,-1800,-1420,382,0,-2
67,R,-1800,-1420,383,0,-2
67,R,-1800,-1420,384,0,-3
67,R,-1800,-1420,385,0,-3
67,R,-1800,-1420,386,0,-2
67,R,-1800,-1420,387,0,-3
67,R,-1800,-1420,388,0,-2
67,R,-1800,-1420,389,0,-3
67,R,-1800,-1420,390,0,-2
67,R,-1800,-1420,391,0,-2
67,R,-1800,-1420,392,0,-3
67,R,-1800,-1420,393,0,-2
67,R,-1800,-1420,394,0,-3
67,R,-1800,-1420,395,0,-2
67,R,-1800,-1420,396,0,-2
67,R,-1800,-1420,397,0,-3
67,R,-1800,-1420,398,0,-2
67,R,-1800,-1420,399,0,-2
67,R,-1800,-1420,400,0,-2
67,R,-1800,-1420,401,0,-3
67,R,-1800,-1420,402,0,-2
67,R,-1800,-1420,403,0,-2
67,R,-1800,-1420,404,0,-2
67,R,-1800,-1420,405,0,-2
67,R,-1800,-1420,406,0,-2
67,R,-1800,-1420,407,0,-2
67,R,-1800,-1420,408,0,-2
67,R,-1800,-1420,409,0,-2
67,R,-1800,-1420,410,0,-1
67,R,-1800,-1420,411,0,-2
67,R,-1800,-1420,412,0,-1
67,R,-1800,-1420,413,0,-2
67,R,-1800,-1420,414,0,-2
67,R,-1800,-1420,415,0,-1
67,R,-1800,-1420,416,0,-2
67,R,-1800,-1420,417,0,-1
67,R,-1800,-1420,418,0,-1
67,R,-1800,-1420,419,0,-1
67,R,-1800,-1420,420,0,-1
67,R,-1800,-1420,421,0,-1
67,R,-1800,-1420,422,0,-1
67,R,-1800,-1420,423,0,-2
67,R,-1800,-1420,424,0,-1
67,R,-1800,-1420,425,0,0
67,R,-1800,-1420,426,0,-1
67,R,-1800,-1420,427,0,-1
67,R,-1800,-1420,428,0,-1
67,R,-1800,-1420,429,0,0
67,R,-1800,-1420,430,0,-1
67,R,-1800,-1420,431,0,0
67,R,-1800,-1420,432,0,-1
67,R,-1800,-1420,433,0,0
67,R,-1800,-1420,434,0,-1
67,R,-1800,-1420,435,0,0
67,R,-1800,-1420,436,0,-1
67,R,-1800,-1420,437,0,0
67,R,-1800,-1420,438,0,0
67,R,-1800,-1420,439,0,0
67,R,-1800,-1420,440,0,0
67,R,-1800,-1420,441,0,0
67,R,-1800,-1420,442,0,0
67,R,-1800,-1420,443,0,0
67,R,-1800,-1420,444,0,0
67,R,-1800,-1420,445,0,0
67,R,-1800,-1420,446,0,0
67,R,-1800,-1420,447,0,0
67,R,-1800,-1420,448,0,0
67,R,-1800,-1420,449,0,0
67,R,-1800,-1420,450,0,0
67,R,-1800,-1420,451,0,0
67,R,-1800,-1420,452,0,0
67,R,-1800,-1420,453,0,0
67,R,-1800,-1420,454,0,0
67,R,-1800,-1420,455,0,0
67,R,-1800,-1420,456,0,0
67,R,-1800,-1420,457,0,0
67,R,-1800,-1420,458,0,0
67,R,-1800,-1420,459,0,0
67,R,-1800,-1420,460,0,0
67,R,-1800,-1420,461,0,0
67,R,-1800,-1420,462,0,0
67,R,-1800,-1420,463,0,0
67,R,-1800,-1420,464,0,0
67,R,-1800,-1420,465,0,0
67,R,-1800,-1420,466,0,0
67,R,-1800,-1420,467,0,0
67,R,-1800,-1420,468,0,0
67,R,-1800,-1420,469,0,0
67,R,-1800,-1420,470,0,0
67,R,-1800,-1420,471,0,0
67,R,-1800,-1420,472,0,0
67,R,-1800,-1420,473,0,0
67,R,-1800,-1420,474,0,0
67,R,-1800,-1420,475,0,0
67,R,-1800,-1420,476,0,0
67,R,-1800,-1420,477,0,0
67,R,-1800,-1420,478,0,0
67,R,-1800,-1420,479,0,0
67,R,-1800,-1420,480,0,0
67,R,-1800,-1420,481,0,0
67,R,-1800,-1420,482,0,0
67,R,-1800,-1420,483,0,0
67,R,-1800,-1420,484,0,0
67,R,-1800,-1420,485,0,0
67,R,-1800,-1420,486,0,0
67,R,-1800,-1420,487,0,0
67,R,-1800,-1420,488,0,0
67,R,-1800,-1420,489,0,0
67,R,-1800,-1420,490,0,0
67,R,-1800,-1420,491,0,0
67,R,-1800,-1420,492,0,0
67,R,-1800,-1420,493,0,0
67,R,-1800,-1420,494,0,0
67,R,-1800,-1420,495,0,0
67,R,-1800,-1420,496,0,0
67,R,-1800,-1420,497,0,0
67,R,-1800,-1420,498,0,0
67,R,-1800,-1420,499,0,0
68,R,-1800,-1440,0,0,0
68,R,-1800,-1440,1,0,0
68,R,-1800,-1440,2,0,0
68,R,-1800,-1440,3,0,-1
68,R,-1800,-1440,4,0,-1
68,R,-1800,-1440,5,0,-2
68,R,-1800,-1440,6,0,-2
68,R,-1800,-1440,7,0,-3
68,R,-1800,-1440,8,0,-3
68,R,-1800,-1440,9,0,-3
68,R,-1800,-1440,10,0,-3
68,R,-1800,-1440,11,0,-4
68,R,-1800,-1440,12,0,-4
68,R,-1800,-1440,13,0,-5
68,R,-1800,-1440,14,0,-5
68,R,-1800,-1440,15,0,-5
68,R,-1800,-1440,16,0,-5
68,R,-1800,-1440,17,0,-5
68,R,-1800,-1440,18,0,-6
68,R,-1800,-1440,19,0,-5
68,R,-1800,-1440,20,0,-6
68,R,-1800,-1440,21,0,-6
68,R,-1800,-1440,22,0,-7
68,R,-1800,-1440,23,0,-6
68,R,-1800,-1440,24,0,-6
68,R,-1800,-1440,25,0,-7
68,R,-1800,-1440,26,0,-7
68,R,-1800,-1440,27,0,-7
68,R,-1800,-1440,28,0,-7
68,R,-1800,-1440,29,0,-7
68,R,-1800,-1440,30,0,-8
68,R,-1800,-1440,31,0,-6
68,R,-1800,-1440,32,0,-8
68,R,-1800,-1440,33,0,-7
68,R,-1800,-1440,34,0,-8
68,R,-1800,-1440,35,0,-8
68,R,-1800,-1440,36,0,-8
68,R,-1800,-1440,37,0,-8
68,R,-1800,-1440,38,0,-8
68,R,-1800,-1440,39,0,-8
68,R,-1800,-1440,40,0,-8
68,R,-1800,-1440,41,0,-8
68,R,-1800,-1440,42,0,-9
68,R,-1800,-1440,43,0,-8
68,R,-1800,-1440,44,0,-8
68,R,-1800,-1440,45,0,-9
68,R,-1800,-1440,46,0,-9
68,R,-1800,-1440,47,0,-8
68,R,-1800,-1440,48,0,-9
68,R,-1800,-1440,49,0,-8
68,R,-1800,-1440,50,0,-9
68,R,-1800,-1440,51,0,-9
68,R,-1800,-1440,52,0,-9
68,R,-1800,-1440,53,0,-9
68,R,-1800,-1440,54,0,-8
68,R,-1800,-1440,55,0,-9
68,R,-1800,-1440,56,0,-10
68,R,-1800,-1440,57,0,-9
68,R,-1800,-1440,58,0,-8
68,R,-1800,-1440,59,0,-10
68,R,-1800,-1440,60,0,-9
68,R,-1800,-1440,61,0,-9
68,R,-1800,-1440,62,0,-9
68,R,-1800,-1440,63,0,-10
68,R,-1800,-1440,64,0,-9
68,R,-1800,-1440,65,0,-9
68,R,-1800,-1440,66,0,-10
68,R,-1800,-1440,67,0,-9
68,R,-1800,-1440,68,0,-9
68,R,-1800,-1440,69,0,-10
68,R,-1800,-1440,70,0,-9
68,R,-1800,-1440,71,0,-10
68,R,-1800,-1440,72,0,-10
68,R,-1800,-1440,73,0,-9
68,R,-1800,-1440,74,0,-10
68,R,-1800,-1440,75,0,-9
68,R,-1800,-1440,76,0,-10
68,R,-1800,-1440,77,0,-10
68,R,-1800,-1440,78,0,-9
68,R,-1800,-1440,79,0,-10
68,R,-1800,-1440,80,0,-9
68,R,-1800,-1440,81,0,-11
68,R,-1800,-1440,82,0,-9
68,R,-1800,-1440,83,0,-10
68,R,-1800,-1440,84,0,-10
68,R,-1800,-1440,85,0,-9
68,R,-1800,-1440,86,0,-11
68,R,-1800,-1440,87,0,-9
68,R,-1800,-1440,88,0,-10
68,R,-1800,-1440,89,0,-10
68,R,-1800,-1440,90,0,-10
68,R,-1800,-1440,91,0,-10
68,R,-1800,-1440,92,0,-10
68,R,-1800,-1440,93,0,-10
68,R,-1800,-1440,94,0,-10
68,R,-1800,-1440,95,0,-9
68,R,-1800,-1440,96,0,-11
68,R,-1800,-1440,97,0,-10
68,R,-1800,-1440,98,0,-10
68,R,-1800,-1440,99,0,-10
68,R,-1800,-1440,100,0,-10
68,R,-1800,-1440,101,0,-10
68,R,-1800,-1440,102,0,-10
68,R,-1800,-1440,103,0,-10
68,R,-1800,-1440,104,0,-10
68,R,-1800,-1440,105,0,-10
68,R,-1800,-1440,106,0,-11
68,R,-1800,-1440,107,0,-9
68,R,-1800,-1440,108,0,-11
68,R,-1800,-1440,109,0,-10
68,R,-1800,-1440,110,0,-10
68,R,-1800,-1440,111,0,-10
68,R,-1800,-1440,112,0,-10
68,R,-1800,-1440,113,0,-11
68,R,-1800,-1440,114,0,-10
68,R,-1800,-1440,115,0,-10
68,R,-1800,-1440,116,0,-10
68,R,-1800,-1440,117,0,-11
68,R,-1800,-1440,118,0,-9
68,R,-1800,-1440,119,0,-11
68,R,-1800,-1440,120,0,-10
68,R,-1800,-1440,121,0,-10
68,R,-1800,-1440,122,0,-11
68,R,-1800,-1440,123,0,-10
68,R,-1800,-1440,124,0,-10
68,R,-1800,-1440,125,0,-10
68,R,-1800,-1440,126,0,-11
68,R,-1800,-1440,127,0,-10
68,R,-1800,-1440,128,0,-10
68,R,-1800,-1440,129,0,-11
68,R,-1800,-1440,130,0,-10
68,R,-1800,-1440,131,0,-10
68,R,-1800,-1440,132,0,-11
68,R,-1800,-1440,133,0,-10
68,R,-1800,-1440,134,0,-10
68,R,-1800,-1440,135,0,-10
68,R,-1800,-1440,136,0,-11
68,R,-1800,-1440,137,0,-10
68,R,-1800,-1440,138,0,-11
68,R,-1800,-1440,139,0,-10
68,R,-1800,-1440,140,0,-10
68,R,-1800,-1440,141,0,-11
68,R,-1800,-1440,142,0,-10
68,R,-1800,-1440,143,0,-11
68,R,-1800,-1440,144,0,-10
68,R,-1800,-1440,145,0,-10
68,R,-1800,-1440,146,0,-11
68,R,-1800,-1440,147,0,-10
68,R,-1800,-1440,148,0,-11
68,R,-1800,-1440,149,0,-10
68,R,-1800,-1440,150,0,-10
68,R,-1800,-1440,151,0,-11
68,R,-1800,-1440,152,0,-10
68,R,-1800,-1440,153,0,-11
68,R,-1800,-1440,154,0,-10
68,R,-1800,-1440,155,0,-10
68,R,-1800,-1440,156,0,-11
68,R,-1800,-1440,157,0,-10
68,R,-1800,-1440,158,0,-11
68,R,-1800,-1440,159,0,-10
68,R,-1800,-1440,160,0,-10
68,R,-1800,-1440,161,0,-11
68,R,-1800,-1440,162,0,-10
68,R,-1800,-1440,163,0,-11
68,R,-1800,-1440,164,0,-10
68,R,-1800,-1440,165,0,-10
68,R,-1800,-1440,166,0,-11
68,R,-1800,-1440,167,0,-10
68,R,-1800,-1440,168,0,-11
68,R,-1800,-1440,169,0,-11
68,R,-1800,-1440,170,0,-10
68,R,-1800,-1440,171,0,-10
68,R,-1800,-1440,172,0,-10
68,R,-1800,-1440,173,0,-11
68,R,-1800,-1440,174,0,-11
68,R,-1800,-1440,175,0,-10
68,R,-1800,-1440,176,0,-11
68,R,-1800,-1440,177,0,-10
68,R,-1800,-1440,178,0,-10
68,R,-1800,-1440,179,0,-11
68,R,-1800,-1440,180,0,-10
68,R,-1800,-1440,181,0,-11
68,R,-1800,-1440,182,0,-11
68,R,-1800,-1440,183,0,-10
68,R,-1800,-1440,184,0,-10
68,R,-1800,-1440,185,0,-11
68,R,-1800,-1440,186,0,-10
68,R,-1800,-1440,187,0,-11
68,R,-1800,-1440,188,0,-10
68,R,-1800,-1440,189,0,-11
68,R,-1800,-1440,190,0,-10
68,R,-1800,-1440,191,0,-10
68,R,-1800,-1440,192,0,-11
68,R,-1800,-1440,193,0,-10
68,R,-1800,-1440,194,0,-11
68,R,-1800,-1440,195,0,-11
68,R,-1800,-1440,196,0,-10
68,R,-1800,-1440,197,0,-11
68,R,-1800,-1440,198,0,-10
68,R,-1800,-1440,199,0,-10
68,R,-1800,-1440,200,0,-11
68,R,-1800,-1440,201,0,-10
68,R,-1800,-1440,202,0,-11
68,R,-1800,-1440,203,0,-10
68,R,-1800,-1440,204,0,-10
68,R,-1800,-1440,205,0,-11
68,R,-1800,-1440,206,0,-9
68,R,-1800,-1440,207,0,-11
68,R,-1800,-1440,208,0,-10
68,R,-1800,-1440,209,0,-10
68,R,-1800,-1440,210,0,-9
68,R,-1800,-1440,211,0,-11
68,R,-1800,-1440,212,0,-9
68,R,-1800,-1440,213,0,-9
68,R,-1800,-1440,214,0,-10
68,R,-1800,-1440,215,0,-9
68,R,-1800,-1440,216,0,-10
68,R,-1800,-1440,217,0,-10
68,R,-1800,-1440,218,0,-9
68,R,-1800,-1440,219,0,-9
68,R,-1800,-1440,220,0,-9
68,R,-1800,-1440,221,0,-9
68,R,-1800,-1440,222,0,-9
68,R,-1800,-1440,223,0,-9
68,R,-1800,-1440,224,0,-9
68,R,-1800,-1440,225,0,-9
68,R,-1800,-1440,226,0,-8
68,R,-1800,-1440,227,0,-9
68,R,-1800,-1440,228,0,-9
68,R,-1800,-1440,229,0,-9
68,R,-1800,-1440,230,0,-8
68,R,-1800,-1440,231,0,-9
68,R,-1800,-1440,232,0,-8
68,R,-1800,-1440,233,0,-8
68,R,-1800,-1440,234,0,-8
68,R,-1800,-1440,235,0,-8
68,R,-1800,-1440,236,0,-8
68,R,-1800,-1440,237,0,-9
68,R,-1800,-1440,238,0,-8
68,R,-1800,-1440,239,0,-8
68,R,-1800,-1440,240,0,-7
68,R,-1800,-1440,241,0,-8
68,R,-1800,-1440,242,0,-8
68,R,-1800,-1440,243,0,-8
68,R,-1800,-1440,244,0,-8
68,R,-1800,-1440,245,0,-7
68,R,-1800,-1440,246,0,-8
68,R,-1800,-1440,247,0,-8
68,R,-1800,-1440,248,0,-7
68,R,-1800,-1440,249,0,-7
68,R,-1800,-1440,250,0,-7
68,R,-1800,-1440,251,0,-8
68,R,-1800,-1440,252,0,-7
68,R,-1800,-1440,253,0,-7
68,R,-1800,-1440,254,0,-7
68,R,-1800,-1440,255,0,-7
68,R,-1800,-1440,256,0,-7
68,R,-1800,-1440,257,0,-7
68,R,-1800,-1440,258,0,-7
68,R,-1800,-1440,259,0,-7
68,R,-1800,-1440,260,0,-7
68,R,-1800,-1440,261,0,-6
68,R,-1800,-1440,262,0,-7
68,R,-1800,-1440,263,0,-7
68,R,-1800,-1440,264,0,-6
68,R,-1800,-1440,265,0,-7
68,R,-1800,-1440,266,0,-7
68,R,-1800,-1440,267,0,-5
68,R,-1800,-1440,268,0,-7
68,R,-1800,-1440,269,0,-6
68,R,-1800,-1440,270,0,-7
68,R,-1800,-1440,271,0,-6
68,R,-1800,-1440,272,0,-6
68,R,-1800,-1440,273,0,-7
68,R,-1800,-1440,274,0,-5
68,R,-1800,-1440,275,0,-7
68,R,-1800,-1440,276,0,-5
68,R,-1800,-1440,277,0,-7
68,R,-1800,-1440,278,0,-5
68,R,-1800,-1440,279,0,-6
68,R,-1800,-1440,280,0,-6
68,R,-1800,-1440,281,0,-6
68,R,-1800,-1440,282,0,-6
68,R,-1800,-1440,283,0,-5
68,R,-1800,-1440,284,0,-6
68,R,-1800,-1440,285,0,-5
68,R,-1800,-1440,286,0,-6
68,R,-1800,-1440,287,0,-6
68,R,-1800,-1440,288,0,-5
68,R,-1800,-1440,289,0,-6
68,R,-1800,-1440,290,0,-5
68,R,-1800,-1440,291,0,-5
68,R,-1800,-1440,292,0,-6
68,R,-1800,-1440,293,0,-5
68,R,-1800,-1440,294,0,-5
68,R,-1800,-1440,295,0,-5
68,R,-1800,-1440,296,0,-5
68,R,-1800,-1440,297,0,-5
68,R,-1800,-1440,298,0,-5
68,R,-1800,-1440,299,0,-6
68,R,-1800,-1440,300,0,-5
68,R,-1800,-1440,301,0,-4
68,R,-1800,-1440,302,0,-5
68,R,-1800,-1440,303,0,-5
68,R,-1800,-1440,304,0,-5
68,R,-1800,-1440,305,0,-5
68,R,-1800,-1440,306,0,-4
68,R,-1800,-1440,307,0,-5
68,R,-1800,-1440,308,0,-5
68,R,-1800,-1440,309,0,-5
68,R,-1800,-1440,310,0,-5
68,R,-1800,-1440,311,0,-4
68,R,-1800,-1440,312,0,-4
68,R,-1800,-1440,313,0,-5
68,R,-1800,-1440,314,0,-4
68,R,-1800,-1440,315,0,-5
68,R,-1800,-1440,316,0,-5
68,R,-1800,-1440,317,0,-4
68,R,-1800,-1440,318,0,-4
68,R,-1800,-1440,319,0,-5
68,R,-1800,-1440,320,0,-4
68,R,-1800,-1440,321,0,-4
68,R,-1800,-1440,322,0,-4
68,R,-1800,-1440,323,0,-4
68,R,-1800,-1440,324,0,-4
68,R,-1800,-1440,325,0,-5
68,R,-1800,-1440,326,0,-4
68,R,-1800,-1440,327,0,-4
68,R,-1800,-1440,328,0,-4
68,R,-1800,-1440,329,0,-4
68,R,-1800,-1440,330,0,-4
68,R,-1800,-1440,331,0,-4
68,R,-1800,-1440,332,0,-4
68,R,-1800,-1440,333,0,-4
68,R,-1800,-1440,334,0,-4
68,R,-1800,-1440,335,0,-3
68,R,-1800,-1440,336,0,-4
68,R,-1800,-1440,337,0,-4
68,R,-1800,-1440,338,0,-4
68,R,-1800,-1440,339,0,-4
68,R,-1800,-1440,340,0,-4
68,R,-1800,-1440,341,0,-3
68,R,-1800,-1440,342,0,-4
68,R,-1800,-1440,343,0,-4
68,R,-1800,-1440,344,0,-3
68,R,-1800,-1440,345,0,-3
68,R,-1800,-1440,346,0,-4
68,R,-1800,-1440,347,0,-3
68,R,-1800,-1440,348,0,-4
68,R,-1800,-1440,349,0,-4
68,R,-1800,-1440,350,0,-3
68,R,-1800,-1440,351,0,-4
68,R,-1800,-1440,352,0,-3
68,R,-1800,-1440,353,0,-3
68,R,-1800,-1440,354,0,-3
68,R,-1800,-1440,355,0,-4
68,R,-1800,-1440,356,0,-4
68,R,-1800,-1440,357,0,-3
68,R,-1800,-1440,358,0,-3
68,R,-1800,-1440,359,0,-3
68,R,-1800,-1440,360,0,-3
68,R,-1800,-1440,361,0,-4
68,R,-1800,-1440,362,0,-3
68,R,-1800,-1440,363,0,-3
68,R,-1800,-1440,364,0,-3
68,R,-1800,-1440,365,0,-3
68,R,-1800,-1440,366,0,-3
68,R,-1800,-1440,367,0,-4
68,R,-1800,-1440,368,0,-2
68,R,-1800,-1440,369,0,-3
68,R,-1800,-1440,370,0,-4
68,R,-1800,-1440,371,0,-3
68,R,-1800,-1440,372,0,-2
68,R,-1800,-1440,373,0,-3
68,R,-1800,-1440,374,0,-3
68,R,-1800,-1440,375,0,-3
68,R,-1800,-1440,376,0,-3
68,R,-1800,-1440,377,0,-3
68,R,-1800,-1440,378,0,-3
68,R,-1800,-1440,379,0,-3
68,R,-1800,-1440,380,0,-2
68,R,-1800,-1440,381,0,-3
68,R,-1800,-1440,382,0,-3
68,R,-1800,-1440,383,0,-3
68,R,-1800,-1440,384,0,-3
68,R,-1800,-1440,385,0,-3
68,R,-1800,-1440,386,0,-2
68,R,-1800,-1440,387,0,-3
68,R,-1800,-1440,388,0,-3
68,R,-1800,-1440,389,0,-2
68,R,-1800,-1440,390,0,-3
68,R,-1800,-1440,391,0,-3
68,R,-1800,-1440,392,0,-2
68,R,-1800,-1440,393,0,-3
68,R,-1800,-1440,394,0,-2
68,R,-1800,-1440,395,0,-2
68,R,-1800,-1440,396,0,-3
68,R,-1800,-1440,397,0,-3
68,R,-1800,-1440,398,0,-2
68,R,-1800,-1440,399,0,-3
68,R,-1800,-1440,400,0,-2
68,R,-1800,-1440,401,0,-3
68,R,-1800,-1440,402,0,-3
68,R,-1800,-1440,403,0,-1
68,R,-1800,-1440,404,0,-3
68,R,-1800,-1440,405,0,-2
68,R,-1800,-1440,406,0,-2
68,R,-1800,-1440,407,0,-2
68,R,-1800,-1440,408,0,-3
68,R,-1800,-1440,409,0,-1
68,R,-1800,-1440,410,0,-3
68,R,-1800,-1440,411,0,-1
68,R,-1800,-1440,412,0,-3
68,R,-1800,-1440,413,0,-1
68,R,-1800,-1440,414,0,-2
68,R,-1800,-1440,415,0,-1
68,R,-1800,-1440,416,0,-2
68,R,-1800,-1440,417,0,-2
68,R,-1800,-1440,418,0,-1
68,R,-1800,-1440,419,0,-2
68,R,-1800,-1440,420,0,-1
68,R,-1800,-1440,421,0,-1
68,R,-1800,-1440,422,0,-2
68,R,-1800,-1440,423,0,-1
68,R,-1800,-1440,424,0,-1
68,R,-1800,-1440,425,0,-2
68,R,-1800,-1440,426,0,-1
68,R,-1800,-1440,427,0,-1
68,R,-1800,-1440,428,0,-1
68,R,-1800,-1440,429,0,-1
68,R,-1800,-1440,430,0,-1
68,R,-1800,-1440,431,0,0
68,R,-1800,-1440,432,0,-1
68,R,-1800,-1440,433,0,-1
68,R,-1800,-1440,434,0,-1
68,R,-1800,-1440,435,0,0
68,R,-1800,-1440,436,0,-1
68,R,-1800,-1440,437,0,0
68,R,-1800,-1440,438,0,0
68,R,-1800,-1440,439,0,-1
68,R,-1800,-1440,440,0,0
68,R,-1800,-1440,441,0,0
68,R,-1800,-1440,442,0,-1
68,R,-1800,-1440,443,0,0
68,R,-1800,-1440,444,0,-1
68,R,-1800,-1440,445,0,0
68,R,-1800,-1440,446,0,0
68,R,-1800,-1440,447,0,0
68,R,-1800,-1440,448,0,0
68,R,-1800,-1440,449,0,0
68,R,-1800,-1440,450,0,0
68,R,-1800,-1440,451,0,0
68,R,-1800,-1440,452,0,0
68,R,-1800,-1440,453,0,0
68,R,-1800,-1440,454,0,0
68,R,-1800,-1440,455,0,0
68,R,-1800,-1440,456,0,0
68,R,-1800,-1440,457,0,0
68,R,-1800,-1440,458,0,0
68,R,-1800,-1440,459,0,0
68,R,-1800,-1440,460,0,0
68,R,-1800,-1440,461,0,0
68,R,-1800,-1440,462,0,0
68,R,-1800,-1440,463,0,0
68,R,-1800,-1440,464,0,0
68,R,-1800,-1440,465,0,0
68,R,-1800,-1440,466,0,0
68,R,-1800,-1440,467,0,0
68,R,-1800,-1440,468,0,0
68,R,-1800,-1440,469,0,0
68,R,-1800,-1440,470,0,0
68,R,-1800,-1440,471,0,0
68,R,-1800,-1440,472,0,0
68,R,-1800,-1440,473,0,0
68,R,-1800,-1440,474,0,0
68,R,-1800,-1440,475,0,0
68,R,-1800,-1440,476,0,0
68,R,-1800,-1440,477,0,0
68,R,-1800,-1440,478,0,0
68,R,-1800,-1440,479,0,0
68,R,-1800,-1440,480,0,0
68,R,-1800,-1440,481,0,0
68,R,-1800,-1440,482,0,0
68,R,-1800,-1440,483,0,0
68,R,-1800,-1440,484,0,0
68,R,-1800,-1440,485,0,0
68,R,-1800,-1440,486,0,0
68,R,-1800,-1440,487,0,0
68,R,-1800,-1440,488,0,0
68,R,-1800,-1440,489,0,0
68,R,-1800,-1440,490,0,0
68,R,-1800,-1440,491,0,0
68,R,-1800,-1440,492,0,0
68,R,-1800,-1440,493,0,0
68,R,-1800,-1440,494,0,0
68,R,-1800,-1440,495,0,0
68,R,-1800,-1440,496,0,0
68,R,-1800,-1440,497,0,0
68,R,-1800,-1440,498,0,0
68,R,-1800,-1440,499,0,0
69,R,-1800,-1460,0,0,0
69,R,-1800,-1460,1,0,0
69,R,-1800,-1460,2,0,0
69,R,-1800,-1460,3,0,-1
69,R,-1800,-1460,4,0,-2
69,R,-1800,-1460,5,0,-2
69,R,-1800,-1460,6,0,-2
69,R,-1800,-1460,7,0,-3
69,R,-1800,-1460,8,0,-3
69,R,-1800,-1460,9,0,-4
69,R,-1800,-1460,10,0,-3
69,R,-1800,-1460,11,0,-4
69,R,-1800,-1460,12,0,-5
69,R,-1800,-1460,13,0,-4
69,R,-1800,-1460,14,0,-5
69,R,-1800,-1460,15,0,-5
69,R,-1800,-1460,16,0,-5
69,R,-1800,-1460,17,0,-5
69,R,-1800,-1460,18,0,-6
69,R,-1800,-1460,19,0,-6
69,R,-1800,-1460,20,0,-6
69,R,-1800,-1460,21,0,-6
69,R,-1800,-1460,22,0,-7
69,R,-1800,-1460,23,0,-5
69,R,-1800,-1460,24,0,-7
69,R,-1800,-1460,25,0,-7
69,R,-1800,-1460,26,0,-7
69,R,-1800,-1460,27,0,-7
69,R,-1800,-1460,28,0,-7
69,R,-1800,-1460,29,0,-7
69,R,-1800,-1460,30,0,-7
69,R,-1800,-1460,31,0,-8
69,R,-1800,-1460,32,0,-7
69,R,-1800,-1460,33,0,-8
69,R,-1800,-1460,34,0,-8
69,R,-1800,-1460,35,0,-8
69,R,-1800,-1460,36,0,-8
69,R,-1800,-1460,37,0,-8
69,R,-1800,-1460,38,0,-8
69,R,-1800,-1460,39,0,-8
69,R,-1800,-1460,40,0,-8
69,R,-1800,-1460,41,0,-8
69,R,-1800,-1460,42,0,-8
69,R,-1800,-1460,43,0,-8
69,R,-1800,-1460,44,0,-9
69,R,-1800,-1460,45,0,-9
69,R,-1800,-1460,46,0,-8
69,R,-1800,-1460,47,0,-9
69,R,-1800,-1460,48,0,-9
69,R,-1800,-1460,49,0,-8
69,R,-1800,-1460,50,0,-9
69,R,-1800,-1460,51,0,-9
69,R,-1800,-1460,52,0,-9
69,R,-1800,-1460,53,0,-9
69,R,-1800,-1460,54,0,-9
69,R,-1800,-1460,55,0,-9
69,R,-1800,-1460,56,0,-9
69,R,-1800,-1460,57,0,-9
69,R,-1800,-1460,58,0,-9
69,R,-1800,-1460,59,0,-10
69,R,-1800,-1460,60,0,-9
69,R,-1800,-1460,61,0,-9
69,R,-1800,-1460,62,0,-9
69,R,-1800,-1460,63,0,-10
69,R,-1800,-1460,64,0,-9
69,R,-1800,-1460,65,0,-10
69,R,-1800,-1460,66,0,-9
69,R,-1800,-1460,67,0,-9
69,R,-1800,-1460,68,0,-10
69,R,-1800,-1460,69,0,-9
69,R,-1800,-1460,70,0,-9
69,R,-1800,-1460,71,0,-10
69,R,-1800,-1460,72,0,-10
69,R,-1800,-1460,73,0,-10
69,R,-1800,-1460,74,0,-9
69,R,-1800,-1460,75,0,-10
69,R,-1800,-1460,76,0,-10
69,R,-1800,-1460,77,0,-9
69,R,-1800,-1460,78,0,-10
69,R,-1800,-1460,79,0,-9
69,R,-1800,-1460,80,0,-11
69,R,-1800,-1460,81,0,-9
69,R,-1800,-1460,82,0,-10
69,R,-1800,-1460,83,0,-10
69,R,-1800,-1460,84,0,-10
69,R,-1800,-1460,85,0,-10
69,R,-1800,-1460,86,0,-9
69,R,-1800,-1460,87,0,-11
69,R,-1800,-1460,88,0,-9
69,R,-1800,-1460,89,0,-10
69,R,-1800,-1460,90,0,-10
69,R,-1800,-1460,91,0,-10
69,R,-1800,-1460,92,0,-10
69,R,-1800,-1460,93,0,-10
69,R,-1800,-1460,94,0,-10
69,R,-1800,-1460,95,0,-10
69,R,-1800,-1460,96,0,-10
69,R,-1800,-1460,97,0,-10
69,R,-1800,-1460,98,0,-10
69,R,-1800,-1460,99,0,-10
69,R,-1800,-1460,100,0,-10
69,R,-1800,-1460,101,0,-11
69,R,-1800,-1460,102,0,-9
69,R,-1800,-1460,103,0,-11
69,R,-1800,-1460,104,0,-10
69,R,-1800,-1460,105,0,-10
69,R,-1800,-1460,106,0,-10
69,R,-1800,-1460,107,0,-10
69,R,-1800,-1460,108,0,-11
69,R,-1800,-1460,109,0,-9
69,R,-1800,-1460,110,0,-11
69,R,-1800,-1460,111,0,-10
69,R,-1800,-1460,112,0,-10
69,R,-1800,-1460,113,0,-10
69,R,-1800,-1460,114,0,-11
69,R,-1800,-1460,115,0,-10
69,R,-1800,-1460,116,0,-10
69,R,-1800,-1460,117,0,-10
69,R,-1800,-1460,118,0,-10
69,R,-1800,-1460,119,0,-11
69,R,-1800,-1460,120,0,-10
69,R,-1800,-1460,121,0,-10
69,R,-1800,-1460,122,0,-10
69,R,-1800,-1460,123,0,-11
69,R,-1800,-1460,124,0,-10
69,R,-1800,-1460,125,0,-10
69,R,-1800,-1460,126,0,-11
69,R,-1800,-1460,127,0,-10
69,R,-1800,-1460,128,0,-10
69,R,-1800,-1460,129,0,-10
69,R,-1800,-1460,130,0,-11
69,R,-1800,-1460,131,0,-10
69,R,-1800,-1460,132,0,-10
69,R,-1800,-1460,133,0,-11
69,R,-1800,-1460,134,0,-10
69,R,-1800,-1460,135,0,-11
69,R,-1800,-1460,136,0,-10
69,R,-1800,-1460,137,0,-10
69,R,-1800,-1460,138,0,-11
69,R,-1800,-1460,139,0,-10
69,R,-1800,-1460,140,0,-10
69,R,-1800,-1460,141,0,-10
69,R,-1800,-1460,142,0,-11
69,R,-1800,-1460,143,0,-11
69,R,-1800,-1460,144,0,-9
69,R,-1800,-1460,145,0,-11
69,R,-1800,-1460,146,0,-10
69,R,-1800,-1460,147,0,-11
69,R,-1800,-1460,148,0,-11
69,R,-1800,-1460,149,0,-9
69,R,-1800,-1460,150,0,-11
69,R,-1800,-1460,151,0,-10
69,R,-1800,-1460,152,0,-11
69,R,-1800,-1460,153,0,-10
69,R,-1800,-1460,154,0,-10
69,R,-1800,-1460,155,0,-11
69,R,-1800,-1460,156,0,-10
69,R,-1800,-1460,157,0,-11
69,R,-1800,-1460,158,0,-10
69,R,-1800,-1460,159,0,-11
69,R,-1800,-1460,160,0,-10
69,R,-1800,-1460,161,0,-10
69,R,-1800,-1460,162,0,-11
69,R,-1800,-1460,163,0,-11
69,R,-1800,-1460,164,0,-10
69,R,-1800,-1460,165,0,-10
69,R,-1800,-1460,166,0,-10
69,R,-1800,-1460,167,0,-11
69,R,-1800,-1460,168,0,-11
69,R,-1800,-1460,169,0,-10
69,R,-1800,-1460,170,0,-10
69,R,-1800,-1460,171,0,-11
69,R,-1800,-1460,172,0,-10
69,R,-1800,-1460,173,0,-11
69,R,-1800,-1460,174,0,-10
69,R,-1800,-1460,175,0,-11
69,R,-1800,-1460,176,0,-10
69,R,-1800,-1460,177,0,-10
69,R,-1800,-1460,178,0,-11
69,R,-1800,-1460,179,0,-10
69,R,-1800,-1460,180,0,-11
69,R,-1800,-1460,181,0,-11
69,R,-1800,-1460,182,0,-9
69,R,-1800,-1460,183,0,-11
69,R,-1800,-1460,184,0,-11
69,R,-1800,-1460,185,0,-10
69,R,-1800,-1460,186,0,-11
69,R,-1800,-1460,187,0,-10
69,R,-1800,-1460,188,0,-11
69,R,-1800,-1460,189,0,-10
69,R,-1800,-1460,190,0,-10
69,R,-1800,-1460,191,0,-11
69,R,-1800,-1460,192,0,-11
69,R,-1800,-1460,193,0,-10
69,R,-1800,-1460,194,0,-11
69,R,-1800,-1460,195,0,-10
69,R,-1800,-1460,196,0,-11
69,R,-1800,-1460,197,0,-10
69,R,-1800,-1460,198,0,-10
69,R,-1800,-1460,199,0,-11
69,R,-1800,-1460,200,0,-10
69,R,-1800,-1460,201,0,-11
69,R,-1800,-1460,202,0,-11
69,R,-1800,-1460,203,0,-10
69,R,-1800,-1460,204,0,-10
69,R,-1800,-1460,205,0,-10
69,R,-1800,-1460,206,0,-11
69,R,-1800,-1460,207,0,-9
69,R,-1800,-1460,208,0,-11
69,R,-1800,-1460,209,0,-10
69,R,-1800,-1460,210,0,-10
69,R,-1800,-1460,211,0,-9
69,R,-1800,-1460,212,0,-10
69,R,-1800,-1460,213,0,-9
69,R,-1800,-1460,214,0,-11
69,R,-1800,-1460,215,0,-9
69,R,-1800,-1460,216,0,-9
69,R,-1800,-1460,217,0,-10
69,R,-1800,-1460,218,0,-9
69,R,-1800,-1460,219,0,-9
69,R,-1800,-1460,220,0,-10
69,R,-1800,-1460,221,0,-9
69,R,-1800,-1460,222,0,-8
69,R,-1800,-1460,223,0,-10
69,R,-1800,-1460,224,0,-9
69,R,-1800,-1460,225,0,-9
69,R,-1800,-1460,226,0,-8
69,R,-1800,-1460,227,0,-9
69,R,-1800,-1460,228,0,-9
69,R,-1800,-1460,229,0,-9
69,R,-1800,-1460,230,0,-8
69,R,-1800,-1460,231,0,-8
69,R,-1800,-1460,232,0,-9
69,R,-1800,-1460,233,0,-8
69,R,-1800,-1460,234,0,-8
69,R,-1800,-1460,235,0,-9
69,R,-1800,-1460,236,0,-8
69,R,-1800,-1460,237,0,-8
69,R,-1800,-1460,238,0,-8
69,R,-1800,-1460,239,0,-8
69,R,-1800,-1460,240,0,-8
69,R,-1800,-1460,241,0,-8
69,R,-1800,-1460,242,0,-7
69,R,-1800,-1460,243,0,-8
69,R,-1800,-1460,244,0,-8
69,R,-1800,-1460,245,0,-8
69,R,-1800,-1460,246,0,-8
69,R,-1800,-1460,247,0,-7
69,R,-1800,-1460,248,0,-8
69,R,-1800,-1460,249,0,-7
69,R,-1800,-1460,250,0,-7
69,R,-1800,-1460,251,0,-8
69,R,-1800,-1460,252,0,-7
69,R,-1800,-1460,253,0,-7
69,R,-1800,-1460,254,0,-8
69,R,-1800,-1460,255,0,-6
69,R,-1800,-1460,256,0,-7
69,R,-1800,-1460,257,0,-8
69,R,-1800,-1460,258,0,-7
69,R,-1800,-1460,259,0,-6
69,R,-1800,-1460,260,0,-7
69,R,-1800,-1460,261,0,-7
69,R,-1800,-1460,262,0,-7
69,R,-1800,-1460,263,0,-6
69,R,-1800,-1460,264,0,-7
69,R,-1800,-1460,265,0,-7
69,R,-1800,-1460,266,0,-6
69,R,-1800,-1460,267,0,-7
69,R,-1800,-1460,268,0,-6
69,R,-1800,-1460,269,0,-7
69,R,-1800,-1460,270,0,-6
69,R,-1800,-1460,271,0,-6
69,R,-1800,-1460,272,0,-7
69,R,-1800,-1460,273,0,-6
69,R,-1800,-1460,274,0,-6
69,R,-1800,-1460,275,0,-6
69,R,-1800,-1460,276,0,-7
69,R,-1800,-1460,277,0,-5
69,R,-1800,-1460,278,0,-7
69,R,-1800,-1460,279,0,-5
69,R,-1800,-1460,280,0,-6
69,R,-1800,-1460,281,0,-6
69,R,-1800,-1460,282,0,-6
69,R,-1800,-1460,283,0,-5
69,R,-1800,-1460,284,0,-7
69,R,-1800,-1460,285,0,-5
69,R,-1800,-1460,286,0,-6
69,R,-1800,-1460,287,0,-6
69,R,-1800,-1460,288,0,-5
69,R,-1800,-1460,289,0,-6
69,R,-1800,-1460,290,0,-5
69,R,-1800,-1460,291,0,-5
69,R,-1800,-1460,292,0,-6
69,R,-1800,-1460,293,0,-5
69,R,-1800,-1460,294,0,-6
69,R,-1800,-1460,295,0,-5
69,R,-1800,-1460,296,0,-5
69,R,-1800,-1460,297,0,-5
69,R,-1800,-1460,298,0,-6
69,R,-1800,-1460,299,0,-5
69,R,-1800,-1460,300,0,-4
69,R,-1800,-1460,301,0,-6
69,R,-1800,-1460,302,0,-5
69,R,-1800,-1460,303,0,-5
69,R,-1800,-1460,304,0,-5
69,R,-1800,-1460,305,0,-4
69,R,-1800,-1460,306,0,-6
69,R,-1800,-1460,307,0,-4
69,R,-1800,-1460,308,0,-5
69,R,-1800,-1460,309,0,-5
69,R,-1800,-1460,310,0,-4
69,R,-1800,-1460,311,0,-6
69,R,-1800,-1460,312,0,-4
69,R,-1800,-1460,313,0,-5
69,R,-1800,-1460,314,0,-4
69,R,-1800,-1460,315,0,-4
69,R,-1800,-1460,316,0,-5
69,R,-1800,-1460,317,0,-5
69,R,-1800,-1460,318,0,-4
69,R,-1800,-1460,319,0,-5
69,R,-1800,-1460,320,0,-4
69,R,-1800,-1460,321,0,-5
69,R,-1800,-1460,322,0,-4
69,R,-1800,-1460,323,0,-4
69,R,-1800,-1460,324,0,-4
69,R,-1800,-1460,325,0,-4
69,R,-1800,-1460,326,0,-5
69,R,-1800,-1460,327,0,-4
69,R,-1800,-1460,328,0,-4
69,R,-1800,-1460,329,0,-4
69,R,-1800,-1460,330,0,-4
69,R,-1800,-1460,331,0,-4
69,R,-1800,-1460,332,0,-4
69,R,-1800,-1460,333,0,-4
69,R,-1800,-1460,334,0,-4
69,R,-1800,-1460,335,0,-4
69,R,-1800,-1460,336,0,-4
69,R,-1800,-1460,337,0,-4
69,R,-1800,-1460,338,0,-4
69,R,-1800,-1460,339,0,-4
69,R,-1800,-1460,340,0,-4
69,R,-1800,-1460,341,0,-4
69,R,-1800,-1460,342,0,-4
69,R,-1800,-1460,343,0,-3
69,R,-1800,-1460,344,0,-4
69,R,-1800,-1460,345,0,-4
69,R,-1800,-1460,346,0,-4
69,R,-1800,-1460,347,0,-3
69,R,-1800,-1460,348,0,-4
69,R,-1800,-1460,349,0,-4
69,R,-1800,-1460,350,0,-3
69,R,-1800,-1460,351,0,-4
69,R,-1800,-1460,352,0,-3
69,R,-1800,-1460,353,0,-3
69,R,-1800,-1460,354,0,-4
69,R,-1800,-1460,355,0,-4
69,R,-1800,-1460,356,0,-3
69,R,-1800,-1460,357,0,-4
69,R,-1800,-1460,358,0,-3
69,R,-1800,-1460,359,0,-3
69,R,-1800,-1460,360,0,-4
69,R,-1800,-1460,361,0,-3
69,R,-1800,-1460,362,0,-4
69,R,-1800,-1460,363,0,-3
69,R,-1800,-1460,364,0,-4
69,R,-1800,-1460,365,0,-3
69,R,-1800,-1460,366,0,-3
69,R,-1800,-1460,367,0,-3
69,R,-1800,-1460,368,0,-4
69,R,-1800,-1460,369,0,-3
69,R,-1800,-1460,370,0,-3
69,R,-1800,-1460,371,0,-3
69,R,-1800,-1460,372,0,-3
69,R,-1800,-1460,373,0,-3
69,R,-1800,-1460,374,0,-4
69,R,-1800,-1460,375,0,-2
69,R,-1800,-1460,376,0,-3
69,R,-1800,-1460,377,0,-4
69,R,-1800,-1460,378,0,-3
69,R,-1800,-1460,379,0,-3
69,R,-1800,-1460,380,0,-3
69,R,-1800,-1460,381,0,-3
69,R,-1800,-1460,382,0,-3
69,R,-1800,-1460,383,0,-4
69,R,-1800,-1460,384,0,-2
69,R,-1800,-1460,385,0,-3
69,R,-1800,-1460,386,0,-3
69,R,-1800,-1460,387,0,-3
69,R,-1800,-1460,388,0,-3
69,R,-1800,-1460,389,0,-3
69,R,-1800,-1460,390,0,-3
69,R,-1800,-1460,391,0,-3
69,R,-1800,-1460,392,0,-3
69,R,-1800,-1460,393,0,-3
69,R,-1800,-1460,394,0,-3
69,R,-1800,-1460,395,0,-2
69,R,-1800,-1460,396,0,-3
69,R,-1800,-1460,397,0,-3
69,R,-1800,-1460,398,0,-3
69,R,-1800,-1460,399,0,-3
69,R,-1800,-1460,400,0,-3
69,R,-1800,-1460,401,0,-3
69,R,-1800,-1460,402,0,-2
69,R,-1800,-1460,403,0,-3
69,R,-1800,-1460,404,0,-2
69,R,-1800,-1460,405,0,-2
69,R,-1800,-1460,406,0,-3
69,R,-1800,-1460,407,0,-3
69,R,-1800,-1460,408,0,-2
69,R,-1800,-1460,409,0,-3
69,R,-1800,-1460,410,0,-1
69,R,-1800,-1460,411,0,-3
69,R,-1800,-1460,412,0,-2
69,R,-1800,-1460,413,0,-2
69,R,-1800,-1460,414,0,-2
69,R,-1800,-1460,415,0,-2
69,R,-1800,-1460,416,0,-2
69,R,-1800,-1460,417,0,-2
69,R,-1800,-1460,418,0,-1
69,R,-1800,-1460,419,0,-3
69,R,-1800,-1460,420,0,-1
69,R,-1800,-1460,421,0,-2
69,R,-1800,-1460,422,0,-1
69,R,-1800,-1460,423,0,-1
69,R,-1800,-1460,424,0,-2
69,R,-1800,-1460,425,0,-2
69,R,-1800,-1460,426,0,-1
69,R,-1800,-1460,427,0,-1
69,R,-1800,-1460,428,0,-2
69,R,-1800,-1460,429,0,0
69,R,-1800,-1460,430,0,-2
69,R,-1800,-1460,431,0,-1
69,R,-1800,-1460,432,0,-1
69,R,-1800,-1460,433,0,-1
69,R,-1800,-1460,434,0,-1
69,R,-1800,-1460,435,0,-1
69,R,-1800,-1460,436,0,-1
69,R,-1800,-1460,437,0,0
69,R,-1800,-1460,438,0,-1
69,R,-1800,-1460,439,0,-1
69,R,-1800,-1460,440,0,-1
69,R,-1800,-1460,441,0,0
69,R,-1800,-1460,442,0,-1
69,R,-1800,-1460,443,0,0
69,R,-1800,-1460,444,0,0
69,R,-1800,-1460,445,0,0
69,R,-1800,-1460,446,0,0
69,R,-1800,-1460,447,0,0
69,R,-1800,-1460,448,0,0
69,R,-1800,-1460,449,0,0
69,R,-1800,-1460,450,0,0
69,R,-1800,-1460,451,0,0
69,R,-1800,-1460,452,0,0
69,R,-1800,-1460,453,0,0
69,R,-1800,-1460,454,0,0
69,R,-1800,-1460,455,0,0
69,R,-1800,-1460,456,0,0
69,R,-1800,-1460,457,0,0
69,R,-1800,-1460,458,0,0
69,R,-1800,-1460,459,0,0
69,R,-1800,-1460,460,0,0
69,R,-1800,-1460,461,0,0
69,R,-1800,-1460,462,0,0
69,R,-1800,-1460,463,0,0
69,R,-1800,-1460,464,0,0
69,R,-1800,-1460,465,0,0
69,R,-1800,-1460,466,0,0
69,R,-1800,-1460,467,0,0
69,R,-1800,-1460,468,0,0
69,R,-1800,-1460,469,0,0
69,R,-1800,-1460,470,0,0
69,R,-1800,-1460,471,0,0
69,R,-1800,-1460,472,0,0
69,R,-1800,-1460,473,0,0
69,R,-1800,-1460,474,0,0
69,R,-1800,-1460,475,0,0
69,R,-1800,-1460,476,0,0
69,R,-1800,-1460,477,0,0
69,R,-1800,-1460,478,0,0
69,R,-1800,-1460,479,0,0
69,R,-1800,-1460,480,0,0
69,R,-1800,-1460,481,0,0
69,R,-1800,-1460,482,0,0
69,R,-1800,-1460,483,0,0
69,R,-1800,-1460,484,0,0
69,R,-1800,-1460,485,0,0
69,R,-1800,-1460,486,0,0
69,R,-1800,-1460,487,0,0
69,R,-1800,-1460,488,0,0
69,R,-1800,-1460,489,0,0
69,R,-1800,-1460,490,0,0
69,R,-1800,-1460,491,0,0
69,R,-1800,-1460,492,0,0
69,R,-1800,-1460,493,0,0
69,R,-1800,-1460,494,0,0
69,R,-1800,-1460,495,0,0
69,R,-1800,-1460,496,0,0
69,R,-1800,-1460,497,0,0
69,R,-1800,-1460,498,0,0
69,R,-1800,-1460,499,0,0
70,R,-1800,-1480,0,0,0
70,R,-1800,-1480,1,0,0
70,R,-1800,-1480,2,0,-1
70,R,-1800,-1480,3,0,-1
70,R,-1800,-1480,4,0,-2
70,R,-1800,-1480,5,0,-2
70,R,-1800,-1480,6,0,-2
70,R,-1800,-1480,7,0,-3
70,R,-1800,-1480,8,0,-3
70,R,-1800,-1480,9,0,-3
70,R,-1800,-1480,10,0,-4
70,R,-1800,-1480,11,0,-4
70,R,-1800,-1480,12,0,-4
70,R,-1800,-1480,13,0,-5
70,R,-1800,-1480,14,0,-5
70,R,-1800,-1480,15,0,-5
70,R,-1800,-1480,16,0,-5
70,R,-1800,-1480,17,0,-6
70,R,-1800,-1480,18,0,-5
70,R,-1800,-1480,19,0,-6
70,R,-1800,-1480,20,0,-6
70,R,-1800,-1480,21,0,-6
70,R,-1800,-1480,22,0,-6
70,R,-1800,-1480,23,0,-7
70,R,-1800,-1480,24,0,-6
70,R,-1800,-1480,25,0,-7
70,R,-1800,-1480,26,0,-7
70,R,-1800,-1480,27,0,-7
70,R,-1800,-1480,28,0,-7
70,R,-1800,-1480,29,0,-7
70,R,-1800,-1480,30,0,-8
70,R,-1800,-1480,31,0,-7
70,R,-1800,-1480,32,0,-8
70,R,-1800,-1480,33,0,-8
70,R,-1800,-1480,34,0,-7
70,R,-1800,-1480,35,0,-8
70,R,-1800,-1480,36,0,-8
70,R,-1800,-1480,37,0,-8
70,R,-1800,-1480,38,0,-8
70,R,-1800,-1480,39,0,-8
70,R,-1800,-1480,40,0,-9
70,R,-1800,-1480,41,0,-8
70,R,-1800,-1480,42,0,-8
70,R,-1800,-1480,43,0,-8
70,R,-1800,-1480,44,0,-9
70,R,-1800,-1480,45,0,-8
70,R,-1800,-1480,46,0,-9
70,R,-1800,-1480,47,0,-9
70,R,-1800,-1480,48,0,-9
70,R,-1800,-1480,49,0,-8
70,R,-1800,-1480,50,0,-9
70,R,-1800,-1480,51,0,-8
70,R,-1800,-1480,52,0,-10
70,R,-1800,-1480,53,0,-9
70,R,-1800,-1480,54,0,-9
70,R,-1800,-1480,55,0,-8
70,R,-1800,-1480,56,0,-10
70,R,-1800,-1480,57,0,-9
70,R,-1800,-1480,58,0,-9
70,R,-1800,-1480,59,0,-9
70,R,-1800,-1480,60,0,-10
70,R,-1800,-1480,61,0,-9
70,R,-1800,-1480,62,0,-9
70,R,-1800,-1480,63,0,-10
70,R,-1800,-1480,64,0,-9
70,R,-1800,-1480,65,0,-9
70,R,-1800,-1480,66,0,-10
70,R,-1800,-1480,67,0,-9
70,R,-1800,-1480,68,0,-9
70,R,-1800,-1480,69,0,-10
70,R,-1800,-1480,70,0,-9
70,R,-1800,-1480,71,0,-10
70,R,-1800,-1480,72,0,-10
70,R,-1800,-1480,73,0,-9
70,R,-1800,-1480,74,0,-10
70,R,-1800,-1480,75,0,-9
70,R,-1800,-1480,76,0,-11
70,R,-1800,-1480,77,0,-9
70,R,-1800,-1480,78,0,-10
70,R,-1800,-1480,79,0,-10
70,R,-1800,-1480,80,0,-9
70,R,-1800,-1480,81,0,-10
70,R,-1800,-1480,82,0,-10
70,R,-1800,-1480,83,0,-10
70,R,-1800,-1480,84,0,-9
70,R,-1800,-1480,85,0,-11
70,R,-1800,-1480,86,0,-9
70,R,-1800,-1480,87,0,-10
70,R,-1800,-1480,88,0,-10
70,R,-1800,-1480,89,0,-10
70,R,-1800,-1480,90,0,-10
70,R,-1800,-1480,91,0,-10
70,R,-1800,-1480,92,0,-10
70,R,-1800,-1480,93,0,-10
70,R,-1800,-1480,94,0,-10
70,R,-1800,-1480,95,0,-10
70,R,-1800,-1480,96,0,-10
70,R,-1800,-1480,97,0,-10
70,R,-1800,-1480,98,0,-10
70,R,-1800,-1480,99,0,-10
70,R,-1800,-1480,100,0,-10
70,R,-1800,-1480,101,0,-11
70,R,-1800,-1480,102,0,-9
70,R,-1800,-1480,103,0,-11
70,R,-1800,-1480,104,0,-9
70,R,-1800,-1480,105,0,-11
70,R,-1800,-1480,106,0,-10
70,R,-1800,-1480,107,0,-10
70,R,-1800,-1480,108,0,-10
70,R,-1800,-1480,109,0,-11
70,R,-1800,-1480,110,0,-9
70,R,-1800,-1480,111,0,-11
70,R,-1800,-1480,112,0,-10
70,R,-1800,-1480,113,0,-10
70,R,-1800,-1480,114,0,-11
70,R,-1800,-1480,115,0,-9
70,R,-1800,-1480,116,0,-11
70,R,-1800,-1480,117,0,-10
70,R,-1800,-1480,118,0,-10
70,R,-1800,-1480,119,0,-10
70,R,-1800,-1480,120,0,-11
70,R,-1800,-1480,121,0,-10
70,R,-1800,-1480,122,0,-10
70,R,-1800,-1480,123,0,-11
70,R,-1800,-1480,124,0,-10
70,R,-1800,-1480,125,0,-10
70,R,-1800,-1480,126,0,-10
70,R,-1800,-1480,127,0,-11
70,R,-1800,-1480,128,0,-10
70,R,-1800,-1480,129,0,-10
70,R,-1800,-1480,130,0,-11
70,R,-1800,-1480,131,0,-9
70,R,-1800,-1480,132,0,-11
70,R,-1800,-1480,133,0,-10
70,R,-1800,-1480,134,0,-11
70,R,-1800,-1480,135,0,-10
70,R,-1800,-1480,136,0,-10
70,R,-1800,-1480,137,0,-11
70,R,-1800,-1480,138,0,-10
70,R,-1800,-1480,139,0,-11
70,R,-1800,-1480,140,0,-10
70,R,-1800,-1480,141,0,-10
70,R,-1800,-1480,142,0,-11
70,R,-1800,-1480,143,0,-10
70,R,-1800,-1480,144,0,-10
70,R,-1800,-1480,145,0,-11
70,R,-1800,-1480,146,0,-10
70,R,-1800,-1480,147,0,-11
70,R,-1800,-1480,148,0,-10
70,R,-1800,-1480,149,0,-10
70,R,-1800,-1480,150,0,-10
70,R,-1800,-1480,151,0,-11
70,R,-1800,-1480,152,0,-11
70,R,-1800,-1480,153,0,-10
70,R,-1800,-1480,154,0,-10
70,R,-1800,-1480,155,0,-10
70,R,-1800,-1480,156,0,-11
70,R,-1800,-1480,157,0,-11
70,R,-1800,-1480,158,0,-10
70,R,-1800,-1480,159,0,-11
70,R,-1800,-1480,160,0,-10
70,R,-1800,-1480,161,0,-10
70,R,-1800,-1480,162,0,-11
70,R,-1800,-1480,163,0,-10
70,R,-1800,-1480,164,0,-11
70,R,-1800,-1480,165,0,-10
70,R,-1800,-1480,166,0,-10
70,R,-1800,-1480,167,0,-11
70,R,-1800,-1480,168,0,-10
70,R,-1800,-1480,169,0,-11
70,R,-1800,-1480,170,0,-11
70,R,-1800,-1480,171,0,-10
70,R,-1800,-1480,172,0,-11
70,R,-1800,-1480,173,0,-10
70,R,-1800,-1480,174,0,-10
70,R,-1800,-1480,175,0,-11
70,R,-1800,-1480,176,0,-10
70,R,-1800,-1480,177,0,-11
70,R,-1800,-1480,178,0,-11
70,R,-1800,-1480,179,0,-10
70,R,-1800,-1480,180,0,-10
70,R,-1800,-1480,181,0,-11
70,R,-1800,-1480,182,0,-10
70,R,-1800,-1480,183,0,-11
70,R,-1800,-1480,184,0,-10
70,R,-1800,-1480,185,0,-11
70,R,-1800,-1480,186,0,-10
70,R,-1800,-1480,187,0,-10
70,R,-1800,-1480,188,0,-11
70,R,-1800,-1480,189,0,-11
70,R,-1800,-1480,190,0,-10
70,R,-1800,-1480,191,0,-11
70,R,-1800,-1480,192,0,-10
70,R,-1800,-1480,193,0,-11
70,R,-1800,-1480,194,0,-10
70,R,-1800,-1480,195,0,-11
70,R,-1800,-1480,196,0,-10
70,R,-1800,-1480,197,0,-11
70,R,-1800,-1480,198,0,-10
70,R,-1800,-1480,199,0,-11
70,R,-1800,-1480,200,0,-10
70,R,-1800,-1480,201,0,-11
70,R,-1800,-1480,202,0,-11
70,R,-1800,-1480,203,0,-9
70,R,-1800,-1480,204,0,-11
70,R,-1800,-1480,205,0,-10
70,R,-1800,-1480,206,0,-11
70,R,-1800,-1480,207,0,-9
70,R,-1800,-1480,208,0,-11
70,R,-1800,-1480,209,0,-9
70,R,-1800,-1480,210,0,-10
70,R,-1800,-1480,211,0,-10
70,R,-1800,-1480,212,0,-10
70,R,-1800,-1480,213,0,-9
70,R,-1800,-1480,214,0,-10
70,R,-1800,-1480,215,0,-10
70,R,-1800,-1480,216,0,-9
70,R,-1800,-1480,217,0,-10
70,R,-1800,-1480,218,0,-9
70,R,-1800,-1480,219,0,-9
70,R,-1800,-1480,220,0,-9
70,R,-1800,-1480,221,0,-10
70,R,-1800,-1480,222,0,-8
70,R,-1800,-1480,223,0,-9
70,R,-1800,-1480,224,0,-10
70,R,-1800,-1480,225,0,-8
70,R,-1800,-1480,226,0,-9
70,R,-1800,-1480,227,0,-9
70,R,-1800,-1480,228,0,-8
70,R,-1800,-1480,229,0,-9
70,R,-1800,-1480,230,0,-9
70,R,-1800,-1480,231,0,-8
70,R,-1800,-1480,232,0,-9
70,R,-1800,-1480,233,0,-8
70,R,-1800,-1480,234,0,-8
70,R,-1800,-1480,235,0,-8
70,R,-1800,-1480,236,0,-9
70,R,-1800,-1480,237,0,-8
70,R,-1800,-1480,238,0,-8
70,R,-1800,-1480,239,0,-8
70,R,-1800,-1480,240,0,-8
70,R,-1800,-1480,241,0,-8
70,R,-1800,-1480,242,0,-8
70,R,-1800,-1480,243,0,-8
70,R,-1800,-1480,244,0,-7
70,R,-1800,-1480,245,0,-8
70,R,-1800,-1480,246,0,-8
70,R,-1800,-1480,247,0,-8
70,R,-1800,-1480,248,0,-7
70,R,-1800,-1480,249,0,-8
70,R,-1800,-1480,250,0,-7
70,R,-1800,-1480,251,0,-7
70,R,-1800,-1480,252,0,-7
70,R,-1800,-1480,253,0,-8
70,R,-1800,-1480,254,0,-7
70,R,-1800,-1480,255,0,-8
70,R,-1800,-1480,256,0,-6
70,R,-1800,-1480,257,0,-7
70,R,-1800,-1480,258,0,-8
70,R,-1800,-1480,259,0,-7
70,R,-1800,-1480,260,0,-6
70,R,-1800,-1480,261,0,-7
70,R,-1800,-1480,262,0,-7
70,R,-1800,-1480,263,0,-6
70,R,-1800,-1480,264,0,-7
70,R,-1800,-1480,265,0,-7
70,R,-1800,-1480,266,0,-7
70,R,-1800,-1480,267,0,-6
70,R,-1800,-1480,268,0,-7
70,R,-1800,-1480,269,0,-6
70,R,-1800,-1480,270,0,-7
70,R,-1800,-1480,271,0,-6
70,R,-1800,-1480,272,0,-6
70,R,-1800,-1480,273,0,-7
70,R,-1800,-1480,274,0,-6
70,R,-1800,-1480,275,0,-6
70,R,-1800,-1480,276,0,-6
70,R,-1800,-1480,277,0,-6
70,R,-1800,-1480,278,0,-6
70,R,-1800,-1480,279,0,-6
70,R,-1800,-1480,280,0,-6
70,R,-1800,-1480,281,0,-6
70,R,-1800,-1480,282,0,-6
70,R,-1800,-1480,283,0,-6
70,R,-1800,-1480,284,0,-5
70,R,-1800,-1480,285,0,-7
70,R,-1800,-1480,286,0,-5
70,R,-1800,-1480,287,0,-6
70,R,-1800,-1480,288,0,-6
70,R,-1800,-1480,289,0,-5
70,R,-1800,-1480,290,0,-6
70,R,-1800,-1480,291,0,-5
70,R,-1800,-1480,292,0,-5
70,R,-1800,-1480,293,0,-6
70,R,-1800,-1480,294,0,-5
70,R,-1800,-1480,295,0,-6
70,R,-1800,-1480,296,0,-5
70,R,-1800,-1480,297,0,-6
70,R,-1800,-1480,298,0,-5
70,R,-1800,-1480,299,0,-5
70,R,-1800,-1480,300,0,-5
70,R,-1800,-1480,301,0,-5
70,R,-1800,-1480,302,0,-6
70,R,-1800,-1480,303,0,-5
70,R,-1800,-1480,304,0,-5
70,R,-1800,-1480,305,0,-5
70,R,-1800,-1480,306,0,-5
70,R,-1800,-1480,307,0,-5
70,R,-1800,-1480,308,0,-5
70,R,-1800,-1480,309,0,-5
70,R,-1800,-1480,310,0,-5
70,R,-1800,-1480,311,0,-5
70,R,-1800,-1480,312,0,-4
70,R,-1800,-1480,313,0,-5
70,R,-1800,-1480,314,0,-5
70,R,-1800,-1480,315,0,-5
70,R,-1800,-1480,316,0,-4
70,R,-1800,-1480,317,0,-5
70,R,-1800,-1480,318,0,-4
70,R,-1800,-1480,319,0,-5
70,R,-1800,-1480,320,0,-5
70,R,-1800,-1480,321,0,-5
70,R,-1800,-1480,322,0,-4
70,R,-1800,-1480,323,0,-4
70,R,-1800,-1480,324,0,-5
70,R,-1800,-1480,325,0,-4
70,R,-1800,-1480,326,0,-4
70,R,-1800,-1480,327,0,-5
70,R,-1800,-1480,328,0,-4
70,R,-1800,-1480,329,0,-4
70,R,-1800,-1480,330,0,-5
70,R,-1800,-1480,331,0,-5
70,R,-1800,-1480,332,0,-4
70,R,-1800,-1480,333,0,-4
70,R,-1800,-1480,334,0,-4
70,R,-1800,-1480,335,0,-4
70,R,-1800,-1480,336,0,-4
70,R,-1800,-1480,337,0,-5
70,R,-1800,-1480,338,0,-4
70,R,-1800,-1480,339,0,-4
70,R,-1800,-1480,340,0,-4
70,R,-1800,-1480,341,0,-4
70,R,-1800,-1480,342,0,-4
70,R,-1800,-1480,343,0,-4
70,R,-1800,-1480,344,0,-4
70,R,-1800,-1480,345,0,-4
70,R,-1800,-1480,346,0,-4
70,R,-1800,-1480,347,0,-4
70,R,-1800,-1480,348,0,-4
70,R,-1800,-1480,349,0,-3
70,R,-1800,-1480,350,0,-4
70,R,-1800,-1480,351,0,-4
70,R,-1800,-1480,352,0,-4
70,R,-1800,-1480,353,0,-4
70,R,-1800,-1480,354,0,-4
70,R,-1800,-1480,355,0,-3
70,R,-1800,-1480,356,0,-4
70,R,-1800,-1480,357,0,-4
70,R,-1800,-1480,358,0,-3
70,R,-1800,-1480,359,0,-4
70,R,-1800,-1480,360,0,-4
70,R,-1800,-1480,361,0,-3
70,R,-1800,-1480,362,0,-4
70,R,-1800,-1480,363,0,-4
70,R,-1800,-1480,364,0,-4
70,R,-1800,-1480,365,0,-3
70,R,-1800,-1480,366,0,-4
70,R,-1800,-1480,367,0,-3
70,R,-1800,-1480,368,0,-4
70,R,-1800,-1480,369,0,-3
70,R,-1800,-1480,370,0,-3
70,R,-1800,-1480,371,0,-4
70,R,-1800,-1480,372,0,-4
70,R,-1800,-1480,373,0,-3
70,R,-1800,-1480,374,0,-4
70,R,-1800,-1480,375,0,-3
70,R,-1800,-1480,376,0,-3
70,R,-1800,-1480,377,0,-4
70,R,-1800,-1480,378,0,-3
70,R,-1800,-1480,379,0,-4
70,R,-1800,-1480,380,0,-3
70,R,-1800,-1480,381,0,-4
70,R,-1800,-1480,382,0,-3
70,R,-1800,-1480,383,0,-3
70,R,-1800,-1480,384,0,-3
70,R,-1800,-1480,385,0,-4
70,R,-1800,-1480,386,0,-3
70,R,-1800,-1480,387,0,-4
70,R,-1800,-1480,388,0,-2
70,R,-1800,-1480,389,0,-4
70,R,-1800,-1480,390,0,-3
70,R,-1800,-1480,391,0,-3
70,R,-1800,-1480,392,0,-4
70,R,-1800,-1480,393,0,-3
70,R,-1800,-1480,394,0,-3
70,R,-1800,-1480,395,0,-3
70,R,-1800,-1480,396,0,-3
70,R,-1800,-1480,397,0,-4
70,R,-1800,-1480,398,0,-2
70,R,-1800,-1480,399,0,-4
70,R,-1800,-1480,400,0,-3
70,R,-1800,-1480,401,0,-3
70,R,-1800,-1480,402,0,-3
70,R,-1800,-1480,403,0,-3
70,R,-1800,-1480,404,0,-3
70,R,-1800,-1480,405,0,-3
70,R,-1800,-1480,406,0,-2
70,R,-1800,-1480,407,0,-3
70,R,-1800,-1480,408,0,-3
70,R,-1800,-1480,409,0,-2
70,R,-1800,-1480,410,0,-3
70,R,-1800,-1480,411,0,-3
70,R,-1800,-1480,412,0,-2
70,R,-1800,-1480,413,0,-3
70,R,-1800,-1480,414,0,-2
70,R,-1800,-1480,415,0,-2
70,R,-1800,-1480,416,0,-3
70,R,-1800,-1480,417,0,-1
70,R,-1800,-1480,418,0,-3
70,R,-1800,-1480,419,0,-1
70,R,-1800,-1480,420,0,-3
70,R,-1800,-1480,421,0,-1
70,R,-1800,-1480,422,0,-3
70,R,-1800,-1480,423,0,-1
70,R,-1800,-1480,424,0,-2
70,R,-1800,-1480,425,0,-2
70,R,-1800,-1480,426,0,-1
70,R,-1800,-1480,427,0,-2
70,R,-1800,-1480,428,0,-1
70,R,-1800,-1480,429,0,-2
70,R,-1800,-1480,430,0,-2
70,R,-1800,-1480,431,0,-1
70,R,-1800,-1480,432,0,-1
70,R,-1800,-1480,433,0,-2
70,R,-1800,-1480,434,0,0
70,R,-1800,-1480,435,0,-2
70,R,-1800,-1480,436,0,-1
70,R,-1800,-1480,437,0,-1
70,R,-1800,-1480,438,0,-1
70,R,-1800,-1480,439,0,-2
70,R,-1800,-1480,440,0,0
70,R,-1800,-1480,441,0,-1
70,R,-1800,-1480,442,0,-1
70,R,-1800,-1480,443,0,-1
70,R,-1800,-1480,444,0,-1
70,R,-1800,-1480,445,0,0
70,R,-1800,-1480,446,0,-1
70,R,-1800,-1480,447,0,0
70,R,-1800,-1480,448,0,-1
70,R,-1800,-1480,449,0,0
70,R,-1800,-1480,450,0,0
70,R,-1800,-1480,451,0,0
70,R,-1800,-1480,452,0,-1
70,R,-1800,-1480,453,0,0
70,R,-1800,-1480,454,0,0
70,R,-1800,-1480,455,0,0
70,R,-1800,-1480,456,0,0
70,R,-1800,-1480,457,0,0
70,R,-1800,-1480,458,0,0
70,R,-1800,-1480,459,0,0
70,R,-1800,-1480,460,0,0
70,R,-1800,-1480,461,0,0
70,R,-1800,-1480,462,0,0
70,R,-1800,-1480,463,0,0
70,R,-1800,-1480,464,0,0
70,R,-1800,-1480,465,0,0
70,R,-1800,-1480,466,0,0
70,R,-1800,-1480,467,0,0
70,R,-1800,-1480,468,0,0
70,R,-1800,-1480,469,0,0
70,R,-1800,-1480,470,0,0
70,R,-1800,-1480,471,0,0
70,R,-1800,-1480,472,0,0
70,R,-1800,-1480,473,0,0
70,R,-1800,-1480,474,0,0
70,R,-1800,-1480,475,0,0
70,R,-1800,-1480,476,0,0
70,R,-1800,-1480,477,0,0
70,R,-1800,-1480,478,0,0
70,R,-1800,-1480,479,0,0
70,R,-1800,-1480,480,0,0
70,R,-1800,-1480,481,0,0
70,R,-1800,-1480,482,0,0
70,R,-1800,-1480,483,0,0
70,R,-1800,-1480,484,0,0
70,R,-1800,-1480,485,0,0
70,R,-1800,-1480,486,0,0
70,R,-1800,-1480,487,0,0
70,R,-1800,-1480,488,0,0
70,R,-1800,-1480,489,0,0
70,R,-1800,-1480,490,0,0
70,R,-1800,-1480,491,0,0
70,R,-1800,-1480,492,0,0
70,R,-1800,-1480,493,0,0
70,R,-1800,-1480,494,0,0
70,R,-1800,-1480,495,0,0
70,R,-1800,-1480,496,0,0
70,R,-1800,-1480,497,0,0
70,R,-1800,-1480,498,0,0
70,R,-1800,-1480,499,0,0
71,R,-1800,-1500,0,0,0
71,R,-1800,-1500,1,0,0
71,R,-1800,-1500,2,0,0
71,R,-1800,-1500,3,0,-1
71,R,-1800,-1500,4,0,-1
71,R,-1800,-1500,5,0,-3
71,R,-1800,-1500,6,0,-2
71,R,-1800,-1500,7,0,-3
71,R,-1800,-1500,8,0,-3
71,R,-1800,-1500,9,0,-4
71,R,-1800,-1500,10,0,-3
71,R,-1800,-1500,11,0,-5
71,R,-1800,-1500,12,0,-4
71,R,-1800,-1500,13,0,-4
71,R,-1800,-1500,14,0,-5
71,R,-1800,-1500,15,0,-5
71,R,-1800,-1500,16,0,-6
71,R,-1800,-1500,17,0,-5
71,R,-1800,-1500,18,0,-5
71,R,-1800,-1500,19,0,-6
71,R,-1800,-1500,20,0,-6
71,R,-1800,-1500,21,0,-7
71,R,-1800,-1500,22,0,-6
71,R,-1800,-1500,23,0,-6
71,R,-1800,-1500,24,0,-7
71,R,-1800,-1500,25,0,-6
71,R,-1800,-1500,26,0,-7
71,R,-1800,-1500,27,0,-8
71,R,-1800,-1500,28,0,-7
71,R,-1800,-1500,29,0,-7
71,R,-1800,-1500,30,0,-7
71,R,-1800,-1500,31,0,-7
71,R,-1800,-1500,32,0,-8
71,R,-1800,-1500,33,0,-8
71,R,-1800,-1500,34,0,-8
71,R,-1800,-1500,35,0,-8
71,R,-1800,-1500,36,0,-7
71,R,-1800,-1500,37,0,-8
71,R,-1800,-1500,38,0,-9
71,R,-1800,-1500,39,0,-8
71,R,-1800,-1500,40,0,-8
71,R,-1800,-1500,41,0,-8
71,R,-1800,-1500,42,0,-8
71,R,-1800,-1500,43,0,-8
71,R,-1800,-1500,44,0,-9
71,R,-1800,-1500,45,0,-9
71,R,-1800,-1500,46,0,-9
71,R,-1800,-1500,47,0,-8
71,R,-1800,-1500,48,0,-9
71,R,-1800,-1500,49,0,-8
71,R,-1800,-1500,50,0,-9
71,R,-1800,-1500,51,0,-9
71,R,-1800,-1500,52,0,-9
71,R,-1800,-1500,53,0,-9
71,R,-1800,-1500,54,0,-9
71,R,-1800,-1500,55,0,-9
71,R,-1800,-1500,56,0,-9
71,R,-1800,-1500,57,0,-9
71,R,-1800,-1500,58,0,-9
71,R,-1800,-1500,59,0,-10
71,R,-1800,-1500,60,0,-9
71,R,-1800,-1500,61,0,-9
71,R,-1800,-1500,62,0,-9
71,R,-1800,-1500,63,0,-10
71,R,-1800,-1500,64,0,-9
71,R,-1800,-1500,65,0,-10
71,R,-1800,-1500,66,0,-9
71,R,-1800,-1500,67,0,-9
71,R,-1800,-1500,68,0,-10
71,R,-1800,-1500,69,0,-9
71,R,-1800,-1500,70,0,-9
71,R,-1800,-1500,71,0,-10
71,R,-1800,-1500,72,0,-9
71,R,-1800,-1500,73,0,-11
71,R,-1800,-1500,74,0,-9
71,R,-1800,-1500,75,0,-9
71,R,-1800,-1500,76,0,-10
71,R,-1800,-1500,77,0,-10
71,R,-1800,-1500,78,0,-10
71,R,-1800,-1500,79,0,-9
71,R,-1800,-1500,80,0,-10
71,R,-1800,-1500,81,0,-10
71,R,-1800,-1500,82,0,-10
71,R,-1800,-1500,83,0,-10
71,R,-1800,-1500,84,0,-9
71,R,-1800,-1500,85,0,-10
71,R,-1800,-1500,86,0,-10
71,R,-1800,-1500,87,0,-10
71,R,-1800,-1500,88,0,-10
71,R,-1800,-1500,89,0,-10
71,R,-1800,-1500,90,0,-10
71,R,-1800,-1500,91,0,-10
71,R,-1800,-1500,92,0,-9
71,R,-1800,-1500,93,0,-11
71,R,-1800,-1500,94,0,-9
71,R,-1800,-1500,95,0,-11
71,R,-1800,-1500,96,0,-10
71,R,-1800,-1500,97,0,-10
71,R,-1800,-1500,98,0,-9
71,R,-1800,-1500,99,0,-11
71,R,-1800,-1500,100,0,-10
71,R,-1800,-1500,101,0,-10
71,R,-1800,-1500,102,0,-10
71,R,-1800,-1500,103,0,-10
71,R,-1800,-1500,104,0,-10
71,R,-1800,-1500,105,0,-11
71,R,-1800,-1500,106,0,-9
71,R,-1800,-1500,107,0,-11
71,R,-1800,-1500,108,0,-10
71,R,-1800,-1500,109,0,-10
71,R,-1800,-1500,110,0,-11
71,R,-1800,-1500,111,0,-9
71,R,-1800,-1500,112,0,-11
71,R,-1800,-1500,113,0,-10
71,R,-1800,-1500,114,0,-10
71,R,-1800,-1500,115,0,-10
71,R,-1800,-1500,116,0,-11
71,R,-1800,-1500,117,0,-10
71,R,-1800,-1500,118,0,-10
71,R,-1800,-1500,119,0,-11
71,R,-1800,-1500,120,0,-9
71,R,-1800,-1500,121,0,-11
71,R,-1800,-1500,122,0,-10
71,R,-1800,-1500,123,0,-11
71,R,-1800,-1500,124,0,-10
71,R,-1800,-1500,125,0,-10
71,R,-1800,-1500,126,0,-11
71,R,-1800,-1500,127,0,-9
71,R,-1800,-1500,128,0,-11
71,R,-1800,-1500,129,0,-11
71,R,-1800,-1500,130,0,-10
71,R,-1800,-1500,131,0,-10
71,R,-1800,-1500,132,0,-10
71,R,-1800,-1500,133,0,-11
71,R,-1800,-1500,134,0,-10
71,R,-1800,-1500,135,0,-11
71,R,-1800,-1500,136,0,-10
71,R,-1800,-1500,137,0,-10
71,R,-1800,-1500,138,0,-11
71,R,-1800,-1500,139,0,-10
71,R,-1800,-1500,140,0,-11
71,R,-1800,-1500,141,0,-10
71,R,-1800,-1500,142,0,-10
71,R,-1800,-1500,143,0,-11
71,R,-1800,-1500,144,0,-10
71,R,-1800,-1500,145,0,-11
71,R,-1800,-1500,146,0,-10
71,R,-1800,-1500,147,0,-10
71,R,-1800,-1500,148,0,-11
71,R,-1800,-1500,149,0,-10
71,R,-1800,-1500,150,0,-11
71,R,-1800,-1500,151,0,-10
71,R,-1800,-1500,152,0,-10
71,R,-1800,-1500,153,0,-11
71,R,-1800,-1500,154,0,-10
71,R,-1800,-1500,155,0,-11
71,R,-1800,-1500,156,0,-11
71,R,-1800,-1500,157,0,-9
71,R,-1800,-1500,158,0,-11
71,R,-1800,-1500,159,0,-11
71,R,-1800,-1500,160,0,-10
71,R,-1800,-1500,161,0,-11
71,R,-1800,-1500,162,0,-10
71,R,-1800,-1500,163,0,-11
71,R,-1800,-1500,164,0,-10
71,R,-1800,-1500,165,0,-10
71,R,-1800,-1500,166,0,-11
71,R,-1800,-1500,167,0,-10
71,R,-1800,-1500,168,0,-11
71,R,-1800,-1500,169,0,-11
71,R,-1800,-1500,170,0,-10
71,R,-1800,-1500,171,0,-11
71,R,-1800,-1500,172,0,-10
71,R,-1800,-1500,173,0,-10
71,R,-1800,-1500,174,0,-11
71,R,-1800,-1500,175,0,-10
71,R,-1800,-1500,176,0,-11
71,R,-1800,-1500,177,0,-11
71,R,-1800,-1500,178,0,-10
71,R,-1800,-1500,179,0,-11
71,R,-1800,-1500,180,0,-10
71,R,-1800,-1500,181,0,-10
71,R,-1800,-1500,182,0,-11
71,R,-1800,-1500,183,0,-10
71,R,-1800,-1500,184,0,-11
71,R,-1800,-1500,185,0,-11
71,R,-1800,-1500,186,0,-10
71,R,-1800,-1500,187,0,-11
71,R,-1800,-1500,188,0,-10
71,R,-1800,-1500,189,0,-10
71,R,-1800,-1500,190,0,-12
71,R,-1800,-1500,191,0,-10
71,R,-1800,-1500,192,0,-10
71,R,-1800,-1500,193,0,-11
71,R,-1800,-1500,194,0,-10
71,R,-1800,-1500,195,0,-11
71,R,-1800,-1500,196,0,-11
71,R,-1800,-1500,197,0,-10
71,R,-1800,-1500,198,0,-11
71,R,-1800,-1500,199,0,-10
71,R,-1800,-1500,200,0,-10
71,R,-1800,-1500,201,0,-11
71,R,-1800,-1500,202,0,-10
71,R,-1800,-1500,203,0,-11
71,R,-1800,-1500,204,0,-11
71,R,-1800,-1500,205,0,-9
71,R,-1800,-1500,206,0,-11
71,R,-1800,-1500,207,0,-9
71,R,-1800,-1500,208,0,-11
71,R,-1800,-1500,209,0,-9
71,R,-1800,-1500,210,0,-11
71,R,-1800,-1500,211,0,-9
71,R,-1800,-1500,212,0,-10
71,R,-1800,-1500,213,0,-10
71,R,-1800,-1500,214,0,-9
71,R,-1800,-1500,215,0,-10
71,R,-1800,-1500,216,0,-9
71,R,-1800,-1500,217,0,-10
71,R,-1800,-1500,218,0,-10
71,R,-1800,-1500,219,0,-8
71,R,-1800,-1500,220,0,-10
71,R,-1800,-1500,221,0,-9
71,R,-1800,-1500,222,0,-9
71,R,-1800,-1500,223,0,-9
71,R,-1800,-1500,224,0,-9
71,R,-1800,-1500,225,0,-9
71,R,-1800,-1500,226,0,-9
71,R,-1800,-1500,227,0,-8
71,R,-1800,-1500,228,0,-9
71,R,-1800,-1500,229,0,-9
71,R,-1800,-1500,230,0,-9
71,R,-1800,-1500,231,0,-8
71,R,-1800,-1500,232,0,-9
71,R,-1800,-1500,233,0,-8
71,R,-1800,-1500,234,0,-8
71,R,-1800,-1500,235,0,-9
71,R,-1800,-1500,236,0,-8
71,R,-1800,-1500,237,0,-8
71,R,-1800,-1500,238,0,-8
71,R,-1800,-1500,239,0,-8
71,R,-1800,-1500,240,0,-8
71,R,-1800,-1500,241,0,-8
71,R,-1800,-1500,242,0,-8
71,R,-1800,-1500,243,0,-8
71,R,-1800,-1500,244,0,-8
71,R,-1800,-1500,245,0,-8
71,R,-1800,-1500,246,0,-7
71,R,-1800,-1500,247,0,-8
71,R,-1800,-1500,248,0,-8
71,R,-1800,-1500,249,0,-8
71,R,-1800,-1500,250,0,-7
71,R,-1800,-1500,251,0,-8
71,R,-1800,-1500,252,0,-7
71,R,-1800,-1500,253,0,-7
71,R,-1800,-1500,254,0,-7
71,R,-1800,-1500,255,0,-8
71,R,-1800,-1500,256,0,-7
71,R,-1800,-1500,257,0,-7
71,R,-1800,-1500,258,0,-7
71,R,-1800,-1500,259,0,-7
71,R,-1800,-1500,260,0,-7
71,R,-1800,-1500,261,0,-7
71,R,-1800,-1500,262,0,-7
71,R,-1800,-1500,263,0,-7
71,R,-1800,-1500,264,0,-7
71,R,-1800,-1500,265,0,-6
71,R,-1800,-1500,266,0,-7
71,R,-1800,-1500,267,0,-7
71,R,-1800,-1500,268,0,-6
71,R,-1800,-1500,269,0,-7
71,R,-1800,-1500,270,0,-7
71,R,-1800,-1500,271,0,-6
71,R,-1800,-1500,272,0,-7
71,R,-1800,-1500,273,0,-6
71,R,-1800,-1500,274,0,-6
71,R,-1800,-1500,275,0,-7
71,R,-1800,-1500,276,0,-6
71,R,-1800,-1500,277,0,-6
71,R,-1800,-1500,278,0,-6
71,R,-1800,-1500,279,0,-7
71,R,-1800,-1500,280,0,-6
71,R,-1800,-1500,281,0,-6
71,R,-1800,-1500,282,0,-6
71,R,-1800,-1500,283,0,-6
71,R,-1800,-1500,284,0,-6
71,R,-1800,-1500,285,0,-6
71,R,-1800,-1500,286,0,-6
71,R,-1800,-1500,287,0,-6
71,R,-1800,-1500,288,0,-5
71,R,-1800,-1500,289,0,-6
71,R,-1800,-1500,290,0,-6
71,R,-1800,-1500,291,0,-6
71,R,-1800,-1500,292,0,-5
71,R,-1800,-1500,293,0,-6
71,R,-1800,-1500,294,0,-6
71,R,-1800,-1500,295,0,-5
71,R,-1800,-1500,296,0,-6
71,R,-1800,-1500,297,0,-5
71,R,-1800,-1500,298,0,-6
71,R,-1800,-1500,299,0,-5
71,R,-1800,-1500,300,0,-5
71,R,-1800,-1500,301,0,-6
71,R,-1800,-1500,302,0,-5
71,R,-1800,-1500,303,0,-5
71,R,-1800,-1500,304,0,-6
71,R,-1800,-1500,305,0,-5
71,R,-1800,-1500,306,0,-5
71,R,-1800,-1500,307,0,-5
71,R,-1800,-1500,308,0,-6
71,R,-1800,-1500,309,0,-5
71,R,-1800,-1500,310,0,-5
71,R,-1800,-1500,311,0,-5
71,R,-1800,-1500,312,0,-5
71,R,-1800,-1500,313,0,-5
71,R,-1800,-1500,314,0,-5
71,R,-1800,-1500,315,0,-5
71,R,-1800,-1500,316,0,-5
71,R,-1800,-1500,317,0,-5
71,R,-1800,-1500,318,0,-5
71,R,-1800,-1500,319,0,-4
71,R,-1800,-1500,320,0,-6
71,R,-1800,-1500,321,0,-4
71,R,-1800,-1500,322,0,-5
71,R,-1800,-1500,323,0,-4
71,R,-1800,-1500,324,0,-5
71,R,-1800,-1500,325,0,-5
71,R,-1800,-1500,326,0,-5
71,R,-1800,-1500,327,0,-5
71,R,-1800,-1500,328,0,-4
71,R,-1800,-1500,329,0,-4
71,R,-1800,-1500,330,0,-5
71,R,-1800,-1500,331,0,-5
71,R,-1800,-1500,332,0,-5
71,R,-1800,-1500,333,0,-4
71,R,-1800,-1500,334,0,-4
71,R,-1800,-1500,335,0,-5
71,R,-1800,-1500,336,0,-4
71,R,-1800,-1500,337,0,-4
71,R,-1800,-1500,338,0,-5
71,R,-1800,-1500,339,0,-4
71,R,-1800,-1500,340,0,-4
71,R,-1800,-1500,341,0,-5
71,R,-1800,-1500,342,0,-5
71,R,-1800,-1500,343,0,-4
71,R,-1800,-1500,344,0,-4
71,R,-1800,-1500,345,0,-4
71,R,-1800,-1500,346,0,-4
71,R,-1800,-1500,347,0,-5
71,R,-1800,-1500,348,0,-4
71,R,-1800,-1500,349,0,-4
71,R,-1800,-1500,350,0,-4
71,R,-1800,-1500,351,0,-4
71,R,-1800,-1500,352,0,-4
71,R,-1800,-1500,353,0,-4
71,R,-1800,-1500,354,0,-4
71,R,-1800,-1500,355,0,-4
71,R,-1800,-1500,356,0,-4
71,R,-1800,-1500,357,0,-4
71,R,-1800,-1500,358,0,-4
71,R,-1800,-1500,359,0,-4
71,R,-1800,-1500,360,0,-4
71,R,-1800,-1500,361,0,-4
71,R,-1800,-1500,362,0,-4
71,R,-1800,-1500,363,0,-4
71,R,-1800,-1500,364,0,-4
71,R,-1800,-1500,365,0,-4
71,R,-1800,-1500,366,0,-4
71,R,-1800,-1500,367,0,-4
71,R,-1800,-1500,368,0,-4
71,R,-1800,-1500,369,0,-4
71,R,-1800,-1500,370,0,-3
71,R,-1800,-1500,371,0,-4
71,R,-1800,-1500,372,0,-4
71,R,-1800,-1500,373,0,-4
71,R,-1800,-1500,374,0,-3
71,R,-1800,-1500,375,0,-4
71,R,-1800,-1500,376,0,-4
71,R,-1800,-1500,377,0,-3
71,R,-1800,-1500,378,0,-4
71,R,-1800,-1500,379,0,-3
71,R,-1800,-1500,380,0,-4
71,R,-1800,-1500,381,0,-4
71,R,-1800,-1500,382,0,-4
71,R,-1800,-1500,383,0,-3
71,R,-1800,-1500,384,0,-4
71,R,-1800,-1500,385,0,-4
71,R,-1800,-1500,386,0,-3
71,R,-1800,-1500,387,0,-3
71,R,-1800,-1500,388,0,-4
71,R,-1800,-1500,389,0,-3
71,R,-1800,-1500,390,0,-4
71,R,-1800,-1500,391,0,-4
71,R,-1800,-1500,392,0,-3
71,R,-1800,-1500,393,0,-4
71,R,-1800,-1500,394,0,-4
71,R,-1800,-1500,395,0,-3
71,R,-1800,-1500,396,0,-3
71,R,-1800,-1500,397,0,-3
71,R,-1800,-1500,398,0,-4
71,R,-1800,-1500,399,0,-4
71,R,-1800,-1500,400,0,-3
71,R,-1800,-1500,401,0,-4
71,R,-1800,-1500,402,0,-3
71,R,-1800,-1500,403,0,-3
71,R,-1800,-1500,404,0,-3
71,R,-1800,-1500,405,0,-4
71,R,-1800,-1500,406,0,-3
71,R,-1800,-1500,407,0,-2
71,R,-1800,-1500,408,0,-3
71,R,-1800,-1500,409,0,-4
71,R,-1800,-1500,410,0,-3
71,R,-1800,-1500,411,0,-2
71,R,-1800,-1500,412,0,-3
71,R,-1800,-1500,413,0,-3
71,R,-1800,-1500,414,0,-2
71,R,-1800,-1500,415,0,-3
71,R,-1800,-1500,416,0,-2
71,R,-1800,-1500,417,0,-2
71,R,-1800,-1500,418,0,-3
71,R,-1800,-1500,419,0,-2
71,R,-1800,-1500,420,0,-3
71,R,-1800,-1500,421,0,-1
71,R,-1800,-1500,422,0,-3
71,R,-1800,-1500,423,0,-2
71,R,-1800,-1500,424,0,-2
71,R,-1800,-1500,425,0,-2
71,R,-1800,-1500,426,0,-2
71,R,-1800,-1500,427,0,-1
71,R,-1800,-1500,428,0,-2
71,R,-1800,-1500,429,0,-2
71,R,-1800,-1500,430,0,-2
71,R,-1800,-1500,431,0,-1
71,R,-1800,-1500,432,0,-1
71,R,-1800,-1500,433,0,-2
71,R,-1800,-1500,434,0,-1
71,R,-1800,-1500,435,0,-2
71,R,-1800,-1500,436,0,-2
71,R,-1800,-1500,437,0,0
71,R,-1800,-1500,438,0,-2
71,R,-1800,-1500,439,0,-1
71,R,-1800,-1500,440,0,-1
71,R,-1800,-1500,441,0,-1
71,R,-1800,-1500,442,0,-2
71,R,-1800,-1500,443,0,-1
71,R,-1800,-1500,444,0,0
71,R,-1800,-1500,445,0,-1
71,R,-1800,-1500,446,0,-1
71,R,-1800,-1500,447,0,-1
71,R,-1800,-1500,448,0,0
71,R,-1800,-1500,449,0,-1
71,R,-1800,-1500,450,0,0
71,R,-1800,-1500,451,0,-1
71,R,-1800,-1500,452,0,-1
71,R,-1800,-1500,453,0,0
71,R,-1800,-1500,454,0,-1
71,R,-1800,-1500,455,0,0
71,R,-1800,-1500,456,0,0
71,R,-1800,-1500,457,0,0
71,R,-1800,-1500,458,0,-1
71,R,-1800,-1500,459,0,0
71,R,-1800,-1500,460,0,0
71,R,-1800,-1500,461,0,0
71,R,-1800,-1500,462,0,0
71,R,-1800,-1500,463,0,0
71,R,-1800,-1500,464,0,0
71,R,-1800,-1500,465,0,0
71,R,-1800,-1500,466,0,0
71,R,-1800,-1500,467,0,0
71,R,-1800,-1500,468,0,0
71,R,-1800,-1500,469,0,0
71,R,-1800,-1500,470,0,0
71,R,-1800,-1500,471,0,0
71,R,-1800,-1500,472,0,0
71,R,-1800,-1500,473,0,0
71,R,-1800,-1500,474,0,0
71,R,-1800,-1500,475,0,0
71,R,-1800,-1500,476,0,0
71,R,-1800,-1500,477,0,0
71,R,-1800,-1500,478,0,0
71,R,-1800,-1500,479,0,0
71,R,-1800,-1500,480,0,0
71,R,-1800,-1500,481,0,0
71,R,-1800,-1500,482,0,0
71,R,-1800,-1500,483,0,0
71,R,-1800,-1500,484,0,0
71,R,-1800,-1500,485,0,0
71,R,-1800,-1500,486,0,0
71,R,-1800,-1500,487,0,0
71,R,-1800,-1500,488,0,0
71,R,-1800,-1500,489,0,0
71,R,-1800,-1500,490,0,0
71,R,-1800,-1500,491,0,0
71,R,-1800,-1500,492,0,0
71,R,-1800,-1500,493,0,0
71,R,-1800,-1500,494,0,0
71,R,-1800,-1500,495,0,0
71,R,-1800,-1500,496,0,0
71,R,-1800,-1500,497,0,0
71,R,-1800,-1500,498,0,0
71,R,-1800,-1500,499,0,0
72,R,-1500,-1600,0,0,0
72,R,-1500,-1600,1,0,0
72,R,-1500,-1600,2,0,0
72,R,-1500,-1600,3,0,0
72,R,-1500,-1600,4,0,0
72,R,-1500,-1600,5,0,0
72,R,-1500,-1600,6,0,-1
72,R,-1500,-1600,7,0,0
72,R,-1500,-1600,8,0,-1
72,R,-1500,-1600,9,0,-1
72,R,-1500,-1600,10,0,-1
72,R,-1500,-1600,11,0,0
72,R,-1500,-1600,12,0,-1
72,R,-1500,-1600,13,0,-1
72,R,-1500,-1600,14,0,-1
72,R,-1500,-1600,15,0,-1
72,R,-1500,-1600,16,0,0
72,R,-1500,-1600,17,0,-1
72,R,-1500,-1600,18,0,-2
72,R,-1500,-1600,19,0,-1
72,R,-1500,-1600,20,0,0
72,R,-1500,-1600,21,0,-2
72,R,-1500,-1600,22,0,-1
72,R,-1500,-1600,23,0,-1
72,R,-1500,-1600,24,0,-1
72,R,-1500,-1600,25,0,-2
72,R,-1500,-1600,26,0,-1
72,R,-1500,-1600,27,0,-1
72,R,-1500,-1600,28,0,-2
72,R,-1500,-1600,29,0,-1
72,R,-1500,-1600,30,0,-1
72,R,-1500,-1600,31,0,-2
72,R,-1500,-1600,32,0,-1
72,R,-1500,-1600,33,0,-1
72,R,-1500,-1600,34,0,-2
72,R,-1500,-1600,35,0,-1
72,R,-1500,-1600,36,0,-2
72,R,-1500,-1600,37,0,-2
72,R,-1500,-1600,38,0,-1
72,R,-1500,-1600,39,0,-2
72,R,-1500,-1600,40,0,-1
72,R,-1500,-1600,41,0,-3
72,R,-1500,-1600,42,0,-1
72,R,-1500,-1600,43,0,-2
72,R,-1500,-1600,44,0,-2
72,R,-1500,-1600,45,0,-1
72,R,-1500,-1600,46,0,-2
72,R,-1500,-1600,47,0,-2
72,R,-1500,-1600,48,0,-2
72,R,-1500,-1600,49,0,-1
72,R,-1500,-1600,50,0,-3
72,R,-1500,-1600,51,0,-1
72,R,-1500,-1600,52,0,-2
72,R,-1500,-1600,53,0,-2
72,R,-1500,-1600,54,0,-2
72,R,-1500,-1600,55,0,-2
72,R,-1500,-1600,56,0,-2
72,R,-1500,-1600,57,0,-2
72,R,-1500,-1600,58,0,-2
72,R,-1500,-1600,59,0,-2
72,R,-1500,-1600,60,0,-2
72,R,-1500,-1600,61,0,-2
72,R,-1500,-1600,62,0,-2
72,R,-1500,-1600,63,0,-2
72,R,-1500,-1600,64,0,-3
72,R,-1500,-1600,65,0,-1
72,R,-1500,-1600,66,0,-3
72,R,-1500,-1600,67,0,-2
72,R,-1500,-1600,68,0,-2
72,R,-1500,-1600,69,0,-2
72,R,-1500,-1600,70,0,-3
72,R,-1500,-1600,71,0,-1
72,R,-1500,-1600,72,0,-3
72,R,-1500,-1600,73,0,-2
72,R,-1500,-1600,74,0,-2
72,R,-1500,-1600,75,0,-3
72,R,-1500,-1600,76,0,-1
72,R,-1500,-1600,77,0,-3
72,R,-1500,-1600,78,0,-2
72,R,-1500,-1600,79,0,-3
72,R,-1500,-1600,80,0,-2
72,R,-1500,-1600,81,0,-2
72,R,-1500,-1600,82,0,-3
72,R,-1500,-1600,83,0,-2
72,R,-1500,-1600,84,0,-2
72,R,-1500,-1600,85,0,-3
72,R,-1500,-1600,86,0,-2
72,R,-1500,-1600,87,0,-3
72,R,-1500,-1600,88,0,-2
72,R,-1500,-1600,89,0,-2
72,R,-1500,-1600,90,0,-2
72,R,-1500,-1600,91,0,-3
72,R,-1500,-1600,92,0,-3
72,R,-1500,-1600,93,0,-1
72,R,-1500,-1600,94,0,-3
72,R,-1500,-1600,95,0,-2
72,R,-1500,-1600,96,0,-3
72,R,-1500,-1600,97,0,-3
72,R,-1500,-1600,98,0,-2
72,R,-1500,-1600,99,0,-3
72,R,-1500,-1600,100,0,-2
72,R,-1500,-1600,101,0,-2
72,R,-1500,-1600,102,0,-3
72,R,-1500,-1600,103,0,-2
72,R,-1500,-1600,104,0,-3
72,R,-1500,-1600,105,0,-3
72,R,-1500,-1600,106,0,-2
72,R,-1500,-1600,107,0,-3
72,R,-1500,-1600,108,0,-2
72,R,-1500,-1600,109,0,-2
72,R,-1500,-1600,110,0,-3
72,R,-1500,-1600,111,0,-2
72,R,-1500,-1600,112,0,-3
72,R,-1500,-1600,113,0,-3
72,R,-1500,-1600,114,0,-2
72,R,-1500,-1600,115,0,-3
72,R,-1500,-1600,116,0,-3
72,R,-1500,-1600,117,0,-2
72,R,-1500,-1600,118,0,-3
72,R,-1500,-1600,119,0,-3
72,R,-1500,-1600,120,0,-2
72,R,-1500,-1600,121,0,-3
72,R,-1500,-1600,122,0,-2
72,R,-1500,-1600,123,0,-3
72,R,-1500,-1600,124,0,-3
72,R,-1500,-1600,125,0,-2
72,R,-1500,-1600,126,0,-2
72,R,-1500,-1600,127,0,-3
72,R,-1500,-1600,128,0,-3
72,R,-1500,-1600,129,0,-2
72,R,-1500,-1600,130,0,-3
72,R,-1500,-1600,131,0,-3
72,R,-1500,-1600,132,0,-2
72,R,-1500,-1600,133,0,-3
72,R,-1500,-1600,134,0,-3
72,R,-1500,-1600,135,0,-2
72,R,-1500,-1600,136,0,-3
72,R,-1500,-1600,137,0,-3
72,R,-1500,-1600,138,0,-2
72,R,-1500,-1600,139,0,-4
72,R,-1500,-1600,140,0,-2
72,R,-1500,-1600,141,0,-3
72,R,-1500,-1600,142,0,-3
72,R,-1500,-1600,143,0,-2
72,R,-1500,-1600,144,0,-3
72,R,-1500,-1600,145,0,-3
72,R,-1500,-1600,146,0,-3
72,R,-1500,-1600,147,0,-2
72,R,-1500,-1600,148,0,-3
72,R,-1500,-1600,149,0,-3
72,R,-1500,-1600,150,0,-2
72,R,-1500,-1600,151,0,-3
72,R,-1500,-1600,152,0,-3
72,R,-1500,-1600,153,0,-2
72,R,-1500,-1600,154,0,-3
72,R,-1500,-1600,155,0,-3
72,R,-1500,-1600,156,0,-3
72,R,-1500,-1600,157,0,-2
72,R,-1500,-1600,158,0,-3
72,R,-1500,-1600,159,0,-3
72,R,-1500,-1600,160,0,-3
72,R,-1500,-1600,161,0,-3
72,R,-1500,-1600,162,0,-3
72,R,-1500,-1600,163,0,-2
72,R,-1500,-1600,164,0,-3
72,R,-1500,-1600,165,0,-3
72,R,-1500,-1600,166,0,-2
72,R,-1500,-1600,167,0,-3
72,R,-1500,-1600,168,0,-3
72,R,-1500,-1600,169,0,-3
72,R,-1500,-1600,170,0,-2
72,R,-1500,-1600,171,0,-3
72,R,-1500,-1600,172,0,-3
72,R,-1500,-1600,173,0,-3
72,R,-1500,-1600,174,0,-3
72,R,-1500,-1600,175,0,-3
72,R,-1500,-1600,176,0,-2
72,R,-1500,-1600,177,0,-3
72,R,-1500,-1600,178,0,-3
72,R,-1500,-1600,179,0,-2
72,R,-1500,-1600,180,0,-3
72,R,-1500,-1600,181,0,-3
72,R,-1500,-1600,182,0,-3
72,R,-1500,-1600,183,0,-3
72,R,-1500,-1600,184,0,-3
72,R,-1500,-1600,185,0,-3
72,R,-1500,-1600,186,0,-2
72,R,-1500,-1600,187,0,-3
72,R,-1500,-1600,188,0,-3
72,R,-1500,-1600,189,0,-2
72,R,-1500,-1600,190,0,-3
72,R,-1500,-1600,191,0,-3
72,R,-1500,-1600,192,0,-3
72,R,-1500,-1600,193,0,-2
72,R,-1500,-1600,194,0,-4
72,R,-1500,-1600,195,0,-3
72,R,-1500,-1600,196,0,-2
72,R,-1500,-1600,197,0,-3
72,R,-1500,-1600,198,0,-3
72,R,-1500,-1600,199,0,-3
72,R,-1500,-1600,200,0,-2
72,R,-1500,-1600,201,0,-3
72,R,-1500,-1600,202,0,-3
72,R,-1500,-1600,203,0,-3
72,R,-1500,-1600,204,0,-3
72,R,-1500,-1600,205,0,-3
72,R,-1500,-1600,206,0,-4
72,R,-1500,-1600,207,0,-2
72,R,-1500,-1600,208,0,-3
72,R,-1500,-1600,209,0,-4
72,R,-1500,-1600,210,0,-3
72,R,-1500,-1600,211,0,-4
72,R,-1500,-1600,212,0,-3
72,R,-1500,-1600,213,0,-3
72,R,-1500,-1600,214,0,-4
72,R,-1500,-1600,215,0,-3
72,R,-1500,-1600,216,0,-4
72,R,-1500,-1600,217,0,-4
72,R,-1500,-1600,218,0,-4
72,R,-1500,-1600,219,0,-3
72,R,-1500,-1600,220,0,-4
72,R,-1500,-1600,221,0,-4
72,R,-1500,-1600,222,0,-4
72,R,-1500,-1600,223,0,-4
72,R,-1500,-1600,224,0,-4
72,R,-1500,-1600,225,0,-4
72,R,-1500,-1600,226,0,-4
72,R,-1500,-1600,227,0,-4
72,R,-1500,-1600,228,0,-4
72,R,-1500,-1600,229,0,-4
72,R,-1500,-1600,230,0,-4
72,R,-1500,-1600,231,0,-4
72,R,-1500,-1600,232,0,-4
72,R,-1500,-1600,233,0,-4
72,R,-1500,-1600,234,0,-4
72,R,-1500,-1600,235,0,-5
72,R,-1500,-1600,236,0,-4
72,R,-1500,-1600,237,0,-4
72,R,-1500,-1600,238,0,-4
72,R,-1500,-1600,239,0,-4
72,R,-1500,-1600,240,0,-5
72,R,-1500,-1600,241,0,-4
72,R,-1500,-1600,242,0,-5
72,R,-1500,-1600,243,0,-4
72,R,-1500,-1600,244,0,-5
72,R,-1500,-1600,245,0,-4
72,R,-1500,-1600,246,0,-5
72,R,-1500,-1600,247,0,-4
72,R,-1500,-1600,248,0,-4
72,R,-1500,-1600,249,0,-5
72,R,-1500,-1600,250,0,-4
72,R,-1500,-1600,251,0,-5
72,R,-1500,-1600,252,0,-5
72,R,-1500,-1600,253,0,-5
72,R,-1500,-1600,254,0,-4
72,R,-1500,-1600,255,0,-4
72,R,-1500,-1600,256,0,-5
72,R,-1500,-1600,257,0,-5
72,R,-1500,-1600,258,0,-5
72,R,-1500,-1600,259,0,-4
72,R,-1500,-1600,260,0,-5
72,R,-1500,-1600,261,0,-4
72,R,-1500,-1600,262,0,-5
72,R,-1500,-1600,263,0,-5
72,R,-1500,-1600,264,0,-5
72,R,-1500,-1600,265,0,-5
72,R,-1500,-1600,266,0,-4
72,R,-1500,-1600,267,0,-5
72,R,-1500,-1600,268,0,-5
72,R,-1500,-1600,269,0,-5
72,R,-1500,-1600,270,0,-5
72,R,-1500,-1600,271,0,-4
72,R,-1500,-1600,272,0,-5
72,R,-1500,-1600,273,0,-5
72,R,-1500,-1600,274,0,-5
72,R,-1500,-1600,275,0,-5
72,R,-1500,-1600,276,0,-4
72,R,-1500,-1600,277,0,-5
72,R,-1500,-1600,278,0,-6
72,R,-1500,-1600,279,0,-4
72,R,-1500,-1600,280,0,-5
72,R,-1500,-1600,281,0,-5
72,R,-1500,-1600,282,0,-5
72,R,-1500,-1600,283,0,-5
72,R,-1500,-1600,284,0,-5
72,R,-1500,-1600,285,0,-5
72,R,-1500,-1600,286,0,-5
72,R,-1500,-1600,287,0,-5
72,R,-1500,-1600,288,0,-5
72,R,-1500,-1600,289,0,-4
72,R,-1500,-1600,290,0,-5
72,R,-1500,-1600,291,0,-6
72,R,-1500,-1600,292,0,-5
72,R,-1500,-1600,293,0,-4
72,R,-1500,-1600,294,0,-5
72,R,-1500,-1600,295,0,-6
72,R,-1500,-1600,296,0,-5
72,R,-1500,-1600,297,0,-4
72,R,-1500,-1600,298,0,-6
72,R,-1500,-1600,299,0,-5
72,R,-1500,-1600,300,0,-5
72,R,-1500,-1600,301,0,-5
72,R,-1500,-1600,302,0,-5
72,R,-1500,-1600,303,0,-5
72,R,-1500,-1600,304,0,-5
72,R,-1500,-1600,305,0,-5
72,R,-1500,-1600,306,0,-5
72,R,-1500,-1600,307,0,-5
72,R,-1500,-1600,308,0,-5
72,R,-1500,-1600,309,0,-5
72,R,-1500,-1600,310,0,-6
72,R,-1500,-1600,311,0,-5
72,R,-1500,-1600,312,0,-4
72,R,-1500,-1600,313,0,-5
72,R,-1500,-1600,314,0,-6
72,R,-1500,-1600,315,0,-5
72,R,-1500,-1600,316,0,-5
72,R,-1500,-1600,317,0,-5
72,R,-1500,-1600,318,0,-5
72,R,-1500,-1600,319,0,-5
72,R,-1500,-1600,320,0,-5
72,R,-1500,-1600,321,0,-6
72,R,-1500,-1600,322,0,-5
72,R,-1500,-1600,323,0,-4
72,R,-1500,-1600,324,0,-6
72,R,-1500,-1600,325,0,-5
72,R,-1500,-1600,326,0,-5
72,R,-1500,-1600,327,0,-5
72,R,-1500,-1600,328,0,-6
72,R,-1500,-1600,329,0,-5
72,R,-1500,-1600,330,0,-4
72,R,-1500,-1600,331,0,-6
72,R,-1500,-1600,332,0,-5
72,R,-1500,-1600,333,0,-5
72,R,-1500,-1600,334,0,-5
72,R,-1500,-1600,335,0,-6
72,R,-1500,-1600,336,0,-5
72,R,-1500,-1600,337,0,-4
72,R,-1500,-1600,338,0,-6
72,R,-1500,-1600,339,0,-5
72,R,-1500,-1600,340,0,-5
72,R,-1500,-1600,341,0,-5
72,R,-1500,-1600,342,0,-6
72,R,-1500,-1600,343,0,-5
72,R,-1500,-1600,344,0,-4
72,R,-1500,-1600,345,0,-6
72,R,-1500,-1600,346,0,-5
72,R,-1500,-1600,347,0,-5
72,R,-1500,-1600,348,0,-5
72,R,-1500,-1600,349,0,-6
72,R,-1500,-1600,350,0,-5
72,R,-1500,-1600,351,0,-4
72,R,-1500,-1600,352,0,-6
72,R,-1500,-1600,353,0,-5
72,R,-1500,-1600,354,0,-5
72,R,-1500,-1600,355,0,-5
72,R,-1500,-1600,356,0,-6
72,R,-1500,-1600,357,0,-5
72,R,-1500,-1600,358,0,-5
72,R,-1500,-1600,359,0,-5
72,R,-1500,-1600,360,0,-5
72,R,-1500,-1600,361,0,-5
72,R,-1500,-1600,362,0,-5
72,R,-1500,-1600,363,0,-6
72,R,-1500,-1600,364,0,-5
72,R,-1500,-1600,365,0,-5
72,R,-1500,-1600,366,0,-6
72,R,-1500,-1600,367,0,-5
72,R,-1500,-1600,368,0,-4
72,R,-1500,-1600,369,0,-6
72,R,-1500,-1600,370,0,-5
72,R,-1500,-1600,371,0,-5
72,R,-1500,-1600,372,0,-5
72,R,-1500,-1600,373,0,-6
72,R,-1500,-1600,374,0,-5
72,R,-1500,-1600,375,0,-5
72,R,-1500,-1600,376,0,-6
72,R,-1500,-1600,377,0,-5
72,R,-1500,-1600,378,0,-4
72,R,-1500,-1600,379,0,-6
72,R,-1500,-1600,380,0,-5
72,R,-1500,-1600,381,0,-5
72,R,-1500,-1600,382,0,-5
72,R,-1500,-1600,383,0,-6
72,R,-1500,-1600,384,0,-5
72,R,-1500,-1600,385,0,-5
72,R,-1500,-1600,386,0,-5
72,R,-1500,-1600,387,0,-6
72,R,-1500,-1600,388,0,-5
72,R,-1500,-1600,389,0,-5
72,R,-1500,-1600,390,0,-5
72,R,-1500,-1600,391,0,-5
72,R,-1500,-1600,392,0,-5
72,R,-1500,-1600,393,0,-6
72,R,-1500,-1600,394,0,-5
72,R,-1500,-1600,395,0,-5
72,R,-1500,-1600,396,0,-5
72,R,-1500,-1600,397,0,-5
72,R,-1500,-1600,398,0,-5
72,R,-1500,-1600,399,0,-5
72,R,-1500,-1600,400,0,-6
72,R,-1500,-1600,401,0,-5
72,R,-1500,-1600,402,0,-5
72,R,-1500,-1600,403,0,-6
72,R,-1500,-1600,404,0,-4
72,R,-1500,-1600,405,0,-5
72,R,-1500,-1600,406,0,-5
72,R,-1500,-1600,407,0,-5
72,R,-1500,-1600,408,0,-5
72,R,-1500,-1600,409,0,-4
72,R,-1500,-1600,410,0,-5
72,R,-1500,-1600,411,0,-4
72,R,-1500,-1600,412,0,-4
72,R,-1500,-1600,413,0,-5
72,R,-1500,-1600,414,0,-4
72,R,-1500,-1600,415,0,-4
72,R,-1500,-1600,416,0,-4
72,R,-1500,-1600,417,0,-4
72,R,-1500,-1600,418,0,-4
72,R,-1500,-1600,419,0,-4
72,R,-1500,-1600,420,0,-4
72,R,-1500,-1600,421,0,-4
72,R,-1500,-1600,422,0,-3
72,R,-1500,-1600,423,0,-4
72,R,-1500,-1600,424,0,-4
72,R,-1500,-1600,425,0,-3
72,R,-1500,-1600,426,0,-4
72,R,-1500,-1600,427,0,-3
72,R,-1500,-1600,428,0,-3
72,R,-1500,-1600,429,0,-3
72,R,-1500,-1600,430,0,-4
72,R,-1500,-1600,431,0,-3
72,R,-1500,-1600,432,0,-3
72,R,-1500,-1600,433,0,-3
72,R,-1500,-1600,434,0,-3
72,R,-1500,-1600,435,0,-3
72,R,-1500,-1600,436,0,-3
72,R,-1500,-1600,437,0,-2
72,R,-1500,-1600,438,0,-3
72,R,-1500,-1600,439,0,-3
72,R,-1500,-1600,440,0,-2
72,R,-1500,-1600,441,0,-3
72,R,-1500,-1600,442,0,-2
72,R,-1500,-1600,443,0,-3
72,R,-1500,-1600,444,0,-2
72,R,-1500,-1600,445,0,-2
72,R,-1500,-1600,446,0,-3
72,R,-1500,-1600,447,0,-1
72,R,-1500,-1600,448,0,-3
72,R,-1500,-1600,449,0,-1
72,R,-1500,-1600,450,0,-3
72,R,-1500,-1600,451,0,-1
72,R,-1500,-1600,452,0,-3
72,R,-1500,-1600,453,0,-1
72,R,-1500,-1600,454,0,-2
72,R,-1500,-1600,455,0,-2
72,R,-1500,-1600,456,0,-1
72,R,-1500,-1600,457,0,-2
72,R,-1500,-1600,458,0,-1
72,R,-1500,-1600,459,0,-2
72,R,-1500,-1600,460,0,-2
72,R,-1500,-1600,461,0,-1
72,R,-1500,-1600,462,0,-2
72,R,-1500,-1600,463,0,-1
72,R,-1500,-1600,464,0,-1
72,R,-1500,-1600,465,0,-2
72,R,-1500,-1600,466,0,-1
72,R,-1500,-1600,467,0,0
72,R,-1500,-1600,468,0,-1
72,R,-1500,-1600,469,0,-2
72,R,-1500,-1600,470,0,-1
72,R,-1500,-1600,471,0,0
72,R,-1500,-1600,472,0,-1
72,R,-1500,-1600,473,0,-1
72,R,-1500,-1600,474,0,-1
72,R,-1500,-1600,475,0,0
72,R,-1500,-1600,476,0,-1
72,R,-1500,-1600,477,0,0
72,R,-1500,-1600,478,0,-1
72,R,-1500,-1600,479,0,0
72,R,-1500,-1600,480,0,-1
72,R,-1500,-1600,481,0,-1
72,R,-1500,-1600,482,0,0
72,R,-1500,-1600,483,0,0
72,R,-1500,-1600,484,0,0
72,R,-1500,-1600,485,0,-1
72,R,-1500,-1600,486,0,0
72,R,-1500,-1600,487,0,0
72,R,-1500,-1600,488,0,0
72,R,-1500,-1600,489,0,0
72,R,-1500,-1600,490,0,0
72,R,-1500,-1600,491,0,0
72,R,-1500,-1600,492,0,0
72,R,-1500,-1600,493,0,0
72,R,-1500,-1600,494,0,0
72,R,-1500,-1600,495,0,0
72,R,-1500,-1600,496,0,0
72,R,-1500,-1600,497,0,0
72,R,-1500,-1600,498,0,0
72,R,-1500,-1600,499,0,0
73,R,-1500,-1700,0,0,0
73,R,-1500,-1700,1,0,0
73,R,-1500,-1700,2,0,0
73,R,-1500,-1700,3,0,0
73,R,-1500,-1700,4,0,0
73,R,-1500,-1700,5,0,0
73,R,-1500,-1700,6,0,0
73,R,-1500,-1700,7,0,0
73,R,-1500,-1700,8,0,-1
73,R,-1500,-1700,9,0,0
73,R,-1500,-1700,10,0,-1
73,R,-1500,-1700,11,0,0
73,R,-1500,-1700,12,0,-1
73,R,-1500,-1700,13,0,-1
73,R,-1500,-1700,14,0,0
73,R,-1500,-1700,15,0,-1
73,R,-1500,-1700,16,0,-1
73,R,-1500,-1700,17,0,-1
73,R,-1500,-1700,18,0,-1
73,R,-1500,-1700,19,0,0
73,R,-1500,-1700,20,0,-2
73,R,-1500,-1700,21,0,-1
73,R,-1500,-1700,22,0,-1
73,R,-1500,-1700,23,0,-1
73,R,-1500,-1700,24,0,-1
73,R,-1500,-1700,25,0,-1
73,R,-1500,-1700,26,0,-1
73,R,-1500,-1700,27,0,-1
73,R,-1500,-1700,28,0,-2
73,R,-1500,-1700,29,0,-1
73,R,-1500,-1700,30,0,-1
73,R,-1500,-1700,31,0,-2
73,R,-1500,-1700,32,0,-1
73,R,-1500,-1700,33,0,-1
73,R,-1500,-1700,34,0,-2
73,R,-1500,-1700,35,0,-1
73,R,-1500,-1700,36,0,-2
73,R,-1500,-1700,37,0,-2
73,R,-1500,-1700,38,0,-1
73,R,-1500,-1700,39,0,-2
73,R,-1500,-1700,40,0,-1
73,R,-1500,-1700,41,0,-2
73,R,-1500,-1700,42,0,-2
73,R,-1500,-1700,43,0,-1
73,R,-1500,-1700,44,0,-2
73,R,-1500,-1700,45,0,-1
73,R,-1500,-1700,46,0,-3
73,R,-1500,-1700,47,0,-1
73,R,-1500,-1700,48,0,-2
73,R,-1500,-1700,49,0,-2
73,R,-1500,-1700,50,0,-2
73,R,-1500,-1700,51,0,-2
73,R,-1500,-1700,52,0,-1
73,R,-1500,-1700,53,0,-3
73,R,-1500,-1700,54,0,-1
73,R,-1500,-1700,55,0,-2
73,R,-1500,-1700,56,0,-2
73,R,-1500,-1700,57,0,-2
73,R,-1500,-1700,58,0,-2
73,R,-1500,-1700,59,0,-2
73,R,-1500,-1700,60,0,-2
73,R,-1500,-1700,61,0,-2
73,R,-1500,-1700,62,0,-2
73,R,-1500,-1700,63,0,-3
73,R,-1500,-1700,64,0,-1
73,R,-1500,-1700,65,0,-3
73,R,-1500,-1700,66,0,-1
73,R,-1500,-1700,67,0,-3
73,R,-1500,-1700,68,0,-2
73,R,-1500,-1700,69,0,-2
73,R,-1500,-1700,70,0,-2
73,R,-1500,-1700,71,0,-2
73,R,-1500,-1700,72,0,-3
73,R,-1500,-1700,73,0,-2
73,R,-1500,-1700,74,0,-2
73,R,-1500,-1700,75,0,-2
73,R,-1500,-1700,76,0,-3
73,R,-1500,-1700,77,0,-2
73,R,-1500,-1700,78,0,-2
73,R,-1500,-1700,79,0,-3
73,R,-1500,-1700,80,0,-1
73,R,-1500,-1700,81,0,-3
73,R,-1500,-1700,82,0,-2
73,R,-1500,-1700,83,0,-3
73,R,-1500,-1700,84,0,-2
73,R,-1500,-1700,85,0,-2
73,R,-1500,-1700,86,0,-3
73,R,-1500,-1700,87,0,-2
73,R,-1500,-1700,88,0,-2
73,R,-1500,-1700,89,0,-2
73,R,-1500,-1700,90,0,-3
73,R,-1500,-1700,91,0,-3
73,R,-1500,-1700,92,0,-2
73,R,-1500,-1700,93,0,-2
73,R,-1500,-1700,94,0,-3
73,R,-1500,-1700,95,0,-2
73,R,-1500,-1700,96,0,-3
73,R,-1500,-1700,97,0,-2
73,R,-1500,-1700,98,0,-3
73,R,-1500,-1700,99,0,-2
73,R,-1500,-1700,100,0,-2
73,R,-1500,-1700,101,0,-3
73,R,-1500,-1700,102,0,-2
73,R,-1500,-1700,103,0,-3
73,R,-1500,-1700,104,0,-3
73,R,-1500,-1700,105,0,-2
73,R,-1500,-1700,106,0,-2
73,R,-1500,-1700,107,0,-3
73,R,-1500,-1700,108,0,-2
73,R,-1500,-1700,109,0,-3
73,R,-1500,-1700,110,0,-2
73,R,-1500,-1700,111,0,-3
73,R,-1500,-1700,112,0,-3
73,R,-1500,-1700,113,0,-2
73,R,-1500,-1700,114,0,-3
73,R,-1500,-1700,115,0,-2
73,R,-1500,-1700,116,0,-2
73,R,-1500,-1700,117,0,-3
73,R,-1500,-1700,118,0,-3
73,R,-1500,-1700,119,0,-2
73,R,-1500,-1700,120,0,-3
73,R,-1500,-1700,121,0,-3
73,R,-1500,-1700,122,0,-2
73,R,-1500,-1700,123,0,-3
73,R,-1500,-1700,124,0,-2
73,R,-1500,-1700,125,0,-3
73,R,-1500,-1700,126,0,-3
73,R,-1500,-1700,127,0,-2
73,R,-1500,-1700,128,0,-3
73,R,-1500,-1700,129,0,-3
73,R,-1500,-1700,130,0,-2
73,R,-1500,-1700,131,0,-3
73,R,-1500,-1700,132,0,-3
73,R,-1500,-1700,133,0,-2
73,R,-1500,-1700,134,0,-3
73,R,-1500,-1700,135,0,-3
73,R,-1500,-1700,136,0,-2
73,R,-1500,-1700,137,0,-3
73,R,-1500,-1700,138,0,-3
73,R,-1500,-1700,139,0,-2
73,R,-1500,-1700,140,0,-3
73,R,-1500,-1700,141,0,-3
73,R,-1500,-1700,142,0,-2
73,R,-1500,-1700,143,0,-3
73,R,-1500,-1700,144,0,-3
73,R,-1500,-1700,145,0,-3
73,R,-1500,-1700,146,0,-2
73,R,-1500,-1700,147,0,-3
73,R,-1500,-1700,148,0,-3
73,R,-1500,-1700,149,0,-2
73,R,-1500,-1700,150,0,-4
73,R,-1500,-1700,151,0,-3
73,R,-1500,-1700,152,0,-2
73,R,-1500,-1700,153,0,-3
73,R,-1500,-1700,154,0,-3
73,R,-1500,-1700,155,0,-2
73,R,-1500,-1700,156,0,-3
73,R,-1500,-1700,157,0,-3
73,R,-1500,-1700,158,0,-2
73,R,-1500,-1700,159,0,-3
73,R,-1500,-1700,160,0,-3
73,R,-1500,-1700,161,0,-3
73,R,-1500,-1700,162,0,-2
73,R,-1500,-1700,163,0,-4
73,R,-1500,-1700,164,0,-3
73,R,-1500,-1700,165,0,-2
73,R,-1500,-1700,166,0,-3
73,R,-1500,-1700,167,0,-3
73,R,-1500,-1700,168,0,-2
73,R,-1500,-1700,169,0,-3
73,R,-1500,-1700,170,0,-3
73,R,-1500,-1700,171,0,-3
73,R,-1500,-1700,172,0,-2
73,R,-1500,-1700,173,0,-4
73,R,-1500,-1700,174,0,-3
73,R,-1500,-1700,175,0,-2
73,R,-1500,-1700,176,0,-3
73,R,-1500,-1700,177,0,-3
73,R,-1500,-1700,178,0,-2
73,R,-1500,-1700,179,0,-3
73,R,-1500,-1700,180,0,-3
73,R,-1500,-1700,181,0,-3
73,R,-1500,-1700,182,0,-3
73,R,-1500,-1700,183,0,-3
73,R,-1500,-1700,184,0,-3
73,R,-1500,-1700,185,0,-2
73,R,-1500,-1700,186,0,-3
73,R,-1500,-1700,187,0,-3
73,R,-1500,-1700,188,0,-3
73,R,-1500,-1700,189,0,-2
73,R,-1500,-1700,190,0,-4
73,R,-1500,-1700,191,0,-2
73,R,-1500,-1700,192,0,-3
73,R,-1500,-1700,193,0,-3
73,R,-1500,-1700,194,0,-3
73,R,-1500,-1700,195,0,-2
73,R,-1500,-1700,196,0,-3
73,R,-1500,-1700,197,0,-3
73,R,-1500,-1700,198,0,-3
73,R,-1500,-1700,199,0,-3
73,R,-1500,-1700,200,0,-3
73,R,-1500,-1700,201,0,-3
73,R,-1500,-1700,202,0,-2
73,R,-1500,-1700,203,0,-4
73,R,-1500,-1700,204,0,-3
73,R,-1500,-1700,205,0,-4
73,R,-1500,-1700,206,0,-4
73,R,-1500,-1700,207,0,-3
73,R,-1500,-1700,208,0,-4
73,R,-1500,-1700,209,0,-5
73,R,-1500,-1700,210,0,-4
73,R,-1500,-1700,211,0,-4
73,R,-1500,-1700,212,0,-4
73,R,-1500,-1700,213,0,-5
73,R,-1500,-1700,214,0,-4
73,R,-1500,-1700,215,0,-6
73,R,-1500,-1700,216,0,-5
73,R,-1500,-1700,217,0,-4
73,R,-1500,-1700,218,0,-5
73,R,-1500,-1700,219,0,-6
73,R,-1500,-1700,220,0,-5
73,R,-1500,-1700,221,0,-5
73,R,-1500,-1700,222,0,-6
73,R,-1500,-1700,223,0,-5
73,R,-1500,-1700,224,0,-5
73,R,-1500,-1700,225,0,-6
73,R,-1500,-1700,226,0,-5
73,R,-1500,-1700,227,0,-7
73,R,-1500,-1700,228,0,-5
73,R,-1500,-1700,229,0,-6
73,R,-1500,-1700,230,0,-6
73,R,-1500,-1700,231,0,-6
73,R,-1500,-1700,232,0,-6
73,R,-1500,-1700,233,0,-6
73,R,-1500,-1700,234,0,-6
73,R,-1500,-1700,235,0,-6
73,R,-1500,-1700,236,0,-6
73,R,-1500,-1700,237,0,-7
73,R,-1500,-1700,238,0,-5
73,R,-1500,-1700,239,0,-7
73,R,-1500,-1700,240,0,-6
73,R,-1500,-1700,241,0,-7
73,R,-1500,-1700,242,0,-6
73,R,-1500,-1700,243,0,-6
73,R,-1500,-1700,244,0,-7
73,R,-1500,-1700,245,0,-7
73,R,-1500,-1700,246,0,-6
73,R,-1500,-1700,247,0,-7
73,R,-1500,-1700,248,0,-6
73,R,-1500,-1700,249,0,-7
73,R,-1500,-1700,250,0,-7
73,R,-1500,-1700,251,0,-6
73,R,-1500,-1700,252,0,-7
73,R,-1500,-1700,253,0,-7
73,R,-1500,-1700,254,0,-7
73,R,-1500,-1700,255,0,-7
73,R,-1500,-1700,256,0,-7
73,R,-1500,-1700,257,0,-7
73,R,-1500,-1700,258,0,-6
73,R,-1500,-1700,259,0,-7
73,R,-1500,-1700,260,0,-7
73,R,-1500,-1700,261,0,-7
73,R,-1500,-1700,262,0,-7
73,R,-1500,-1700,263,0,-7
73,R,-1500,-1700,264,0,-7
73,R,-1500,-1700,265,0,-7
73,R,-1500,-1700,266,0,-7
73,R,-1500,-1700,267,0,-7
73,R,-1500,-1700,268,0,-8
73,R,-1500,-1700,269,0,-7
73,R,-1500,-1700,270,0,-6
73,R,-1500,-1700,271,0,-7
73,R,-1500,-1700,272,0,-8
73,R,-1500,-1700,273,0,-7
73,R,-1500,-1700,274,0,-8
73,R,-1500,-1700,275,0,-6
73,R,-1500,-1700,276,0,-7
73,R,-1500,-1700,277,0,-8
73,R,-1500,-1700,278,0,-7
73,R,-1500,-1700,279,0,-8
73,R,-1500,-1700,280,0,-6
73,R,-1500,-1700,281,0,-8
73,R,-1500,-1700,282,0,-7
73,R,-1500,-1700,283,0,-8
73,R,-1500,-1700,284,0,-7
73,R,-1500,-1700,285,0,-7
73,R,-1500,-1700,286,0,-7
73,R,-1500,-1700,287,0,-8
73,R,-1500,-1700,288,0,-7
73,R,-1500,-1700,289,0,-8
73,R,-1500,-1700,290,0,-7
73,R,-1500,-1700,291,0,-8
73,R,-1500,-1700,292,0,-7
73,R,-1500,-1700,293,0,-7
73,R,-1500,-1700,294,0,-7
73,R,-1500,-1700,295,0,-8
73,R,-1500,-1700,296,0,-8
73,R,-1500,-1700,297,0,-7
73,R,-1500,-1700,298,0,-8
73,R,-1500,-1700,299,0,-7
73,R,-1500,-1700,300,0,-7
73,R,-1500,-1700,301,0,-8
73,R,-1500,-1700,302,0,-7
73,R,-1500,-1700,303,0,-8
73,R,-1500,-1700,304,0,-7
73,R,-1500,-1700,305,0,-8
73,R,-1500,-1700,306,0,-7
73,R,-1500,-1700,307,0,-8
73,R,-1500,-1700,308,0,-7
73,R,-1500,-1700,309,0,-8
73,R,-1500,-1700,310,0,-7
73,R,-1500,-1700,311,0,-8
73,R,-1500,-1700,312,0,-8
73,R,-1500,-1700,313,0,-7
73,R,-1500,-1700,314,0,-8
73,R,-1500,-1700,315,0,-7
73,R,-1500,-1700,316,0,-8
73,R,-1500,-1700,317,0,-7
73,R,-1500,-1700,318,0,-8
73,R,-1500,-1700,319,0,-7
73,R,-1500,-1700,320,0,-8
73,R,-1500,-1700,321,0,-8
73,R,-1500,-1700,322,0,-7
73,R,-1500,-1700,323,0,-8
73,R,-1500,-1700,324,0,-8
73,R,-1500,-1700,325,0,-7
73,R,-1500,-1700,326,0,-8
73,R,-1500,-1700,327,0,-7
73,R,-1500,-1700,328,0,-8
73,R,-1500,-1700,329,0,-7
73,R,-1500,-1700,330,0,-8
73,R,-1500,-1700,331,0,-8
73,R,-1500,-1700,332,0,-8
73,R,-1500,-1700,333,0,-7
73,R,-1500,-1700,334,0,-8
73,R,-1500,-1700,335,0,-8
73,R,-1500,-1700,336,0,-7
73,R,-1500,-1700,337,0,-8
73,R,-1500,-1700,338,0,-7
73,R,-1500,-1700,339,0,-8
73,R,-1500,-1700,340,0,-8
73,R,-1500,-1700,341,0,-7
73,R,-1500,-1700,342,0,-8
73,R,-1500,-1700,343,0,-8
73,R,-1500,-1700,344,0,-8
73,R,-1500,-1700,345,0,-7
73,R,-1500,-1700,346,0,-8
73,R,-1500,-1700,347,0,-8
73,R,-1500,-1700,348,0,-8
73,R,-1500,-1700,349,0,-8
73,R,-1500,-1700,350,0,-7
73,R,-1500,-1700,351,0,-8
73,R,-1500,-1700,352,0,-7
73,R,-1500,-1700,353,0,-8
73,R,-1500,-1700,354,0,-8
73,R,-1500,-1700,355,0,-7
73,R,-1500,-1700,356,0,-8
73,R,-1500,-1700,357,0,-8
73,R,-1500,-1700,358,0,-8
73,R,-1500,-1700,359,0,-8
73,R,-1500,-1700,360,0,-8
73,R,-1500,-1700,361,0,-7
73,R,-1500,-1700,362,0,-8
73,R,-1500,-1700,363,0,-8
73,R,-1500,-1700,364,0,-8
73,R,-1500,-1700,365,0,-7
73,R,-1500,-1700,366,0,-8
73,R,-1500,-1700,367,0,-8
73,R,-1500,-1700,368,0,-7
73,R,-1500,-1700,369,0,-8
73,R,-1500,-1700,370,0,-8
73,R,-1500,-1700,371,0,-7
73,R,-1500,-1700,372,0,-8
73,R,-1500,-1700,373,0,-8
73,R,-1500,-1700,374,0,-8
73,R,-1500,-1700,375,0,-8
73,R,-1500,-1700,376,0,-8
73,R,-1500,-1700,377,0,-8
73,R,-1500,-1700,378,0,-7
73,R,-1500,-1700,379,0,-8
73,R,-1500,-1700,380,0,-8
73,R,-1500,-1700,381,0,-8
73,R,-1500,-1700,382,0,-8
73,R,-1500,-1700,383,0,-7
73,R,-1500,-1700,384,0,-8
73,R,-1500,-1700,385,0,-8
73,R,-1500,-1700,386,0,-7
73,R,-1500,-1700,387,0,-8
73,R,-1500,-1700,388,0,-8
73,R,-1500,-1700,389,0,-8
73,R,-1500,-1700,390,0,-8
73,R,-1500,-1700,391,0,-7
73,R,-1500,-1700,392,0,-8
73,R,-1500,-1700,393,0,-8
73,R,-1500,-1700,394,0,-8
73,R,-1500,-1700,395,0,-8
73,R,-1500,-1700,396,0,-8
73,R,-1500,-1700,397,0,-8
73,R,-1500,-1700,398,0,-8
73,R,-1500,-1700,399,0,-7
73,R,-1500,-1700,400,0,-8
73,R,-1500,-1700,401,0,-8
73,R,-1500,-1700,402,0,-8
73,R,-1500,-1700,403,0,-7
73,R,-1500,-1700,404,0,-8
73,R,-1500,-1700,405,0,-7
73,R,-1500,-1700,406,0,-7
73,R,-1500,-1700,407,0,-8
73,R,-1500,-1700,408,0,-7
73,R,-1500,-1700,409,0,-7
73,R,-1500,-1700,410,0,-7
73,R,-1500,-1700,411,0,-7
73,R,-1500,-1700,412,0,-7
73,R,-1500,-1700,413,0,-6
73,R,-1500,-1700,414,0,-7
73,R,-1500,-1700,415,0,-7
73,R,-1500,-1700,416,0,-6
73,R,-1500,-1700,417,0,-7
73,R,-1500,-1700,418,0,-7
73,R,-1500,-1700,419,0,-5
73,R,-1500,-1700,420,0,-7
73,R,-1500,-1700,421,0,-6
73,R,-1500,-1700,422,0,-6
73,R,-1500,-1700,423,0,-6
73,R,-1500,-1700,424,0,-6
73,R,-1500,-1700,425,0,-5
73,R,-1500,-1700,426,0,-7
73,R,-1500,-1700,427,0,-5
73,R,-1500,-1700,428,0,-6
73,R,-1500,-1700,429,0,-5
73,R,-1500,-1700,430,0,-5
73,R,-1500,-1700,431,0,-6
73,R,-1500,-1700,432,0,-5
73,R,-1500,-1700,433,0,-5
73,R,-1500,-1700,434,0,-6
73,R,-1500,-1700,435,0,-5
73,R,-1500,-1700,436,0,-5
73,R,-1500,-1700,437,0,-4
73,R,-1500,-1700,438,0,-5
73,R,-1500,-1700,439,0,-5
73,R,-1500,-1700,440,0,-5
73,R,-1500,-1700,441,0,-5
73,R,-1500,-1700,442,0,-4
73,R,-1500,-1700,443,0,-4
73,R,-1500,-1700,444,0,-5
73,R,-1500,-1700,445,0,-4
73,R,-1500,-1700,446,0,-5
73,R,-1500,-1700,447,0,-4
73,R,-1500,-1700,448,0,-4
73,R,-1500,-1700,449,0,-4
73,R,-1500,-1700,450,0,-5
73,R,-1500,-1700,451,0,-3
73,R,-1500,-1700,452,0,-4
73,R,-1500,-1700,453,0,-4
73,R,-1500,-1700,454,0,-4
73,R,-1500,-1700,455,0,-3
73,R,-1500,-1700,456,0,-4
73,R,-1500,-1700,457,0,-3
73,R,-1500,-1700,458,0,-4
73,R,-1500,-1700,459,0,-4
73,R,-1500,-1700,460,0,-3
73,R,-1500,-1700,461,0,-3
73,R,-1500,-1700,462,0,-3
73,R,-1500,-1700,463,0,-3
73,R,-1500,-1700,464,0,-4
73,R,-1500,-1700,465,0,-3
73,R,-1500,-1700,466,0,-3
73,R,-1500,-1700,467,0,-2
73,R,-1500,-1700,468,0,-4
73,R,-1500,-1700,469,0,-3
73,R,-1500,-1700,470,0,-2
73,R,-1500,-1700,471,0,-3
73,R,-1500,-1700,472,0,-3
73,R,-1500,-1700,473,0,-2
73,R,-1500,-1700,474,0,-2
73,R,-1500,-1700,475,0,-3
73,R,-1500,-1700,476,0,-2
73,R,-1500,-1700,477,0,-3
73,R,-1500,-1700,478,0,-1
73,R,-1500,-1700,479,0,-3
73,R,-1500,-1700,480,0,-2
73,R,-1500,-1700,481,0,-2
73,R,-1500,-1700,482,0,-2
73,R,-1500,-1700,483,0,-2
73,R,-1500,-1700,484,0,-2
73,R,-1500,-1700,485,0,-2
73,R,-1500,-1700,486,0,-2
73,R,-1500,-1700,487,0,-2
73,R,-1500,-1700,488,0,-1
73,R,-1500,-1700,489,0,-2
73,R,-1500,-1700,490,0,-2
73,R,-1500,-1700,491,0,-1
73,R,-1500,-1700,492,0,-2
73,R,-1500,-1700,493,0,-1
73,R,-1500,-1700,494,0,-1
73,R,-1500,-1700,495,0,-2
73,R,-1500,-1700,496,0,-1
73,R,-1500,-1700,497,0,-1
73,R,-1500,-1700,498,0,-2
73,R,-1500,-1700,499,0,-1
74,R,-1600,-1800,0,0,0
74,R,-1600,-1800,1,0,0
74,R,-1600,-1800,2,0,0
74,R,-1600,-1800,3,0,0
74,R,-1600,-1800,4,0,0
74,R,-1600,-1800,5,0,-1
74,R,-1600,-1800,6,0,-1
74,R,-1600,-1800,7,0,-1
74,R,-1600,-1800,8,0,-1
74,R,-1600,-1800,9,0,0
74,R,-1600,-1800,10,0,-2
74,R,-1600,-1800,11,0,-1
74,R,-1600,-1800,12,0,-1
74,R,-1600,-1800,13,0,-3
74,R,-1600,-1800,14,0,-1
74,R,-1600,-1800,15,0,-2
74,R,-1600,-1800,16,0,-2
74,R,-1600,-1800,17,0,-2
74,R,-1600,-1800,18,0,-2
74,R,-1600,-1800,19,0,-2
74,R,-1600,-1800,20,0,-2
74,R,-1600,-1800,21,0,-3
74,R,-1600,-1800,22,0,-2
74,R,-1600,-1800,23,0,-3
74,R,-1600,-1800,24,0,-3
74,R,-1600,-1800,25,0,-2
74,R,-1600,-1800,26,0,-3
74,R,-1600,-1800,27,0,-3
74,R,-1600,-1800,28,0,-2
74,R,-1600,-1800,29,0,-3
74,R,-1600,-1800,30,0,-4
74,R,-1600,-1800,31,0,-3
74,R,-1600,-1800,32,0,-3
74,R,-1600,-1800,33,0,-3
74,R,-1600,-1800,34,0,-3
74,R,-1600,-1800,35,0,-3
74,R,-1600,-1800,36,0,-4
74,R,-1600,-1800,37,0,-3
74,R,-1600,-1800,38,0,-3
74,R,-1600,-1800,39,0,-4
74,R,-1600,-1800,40,0,-3
74,R,-1600,-1800,41,0,-4
74,R,-1600,-1800,42,0,-4
74,R,-1600,-1800,43,0,-3
74,R,-1600,-1800,44,0,-4
74,R,-1600,-1800,45,0,-4
74,R,-1600,-1800,46,0,-4
74,R,-1600,-1800,47,0,-3
74,R,-1600,-1800,48,0,-4
74,R,-1600,-1800,49,0,-4
74,R,-1600,-1800,50,0,-3
74,R,-1600,-1800,51,0,-4
74,R,-1600,-1800,52,0,-4
74,R,-1600,-1800,53,0,-4
74,R,-1600,-1800,54,0,-4
74,R,-1600,-1800,55,0,-4
74,R,-1600,-1800,56,0,-4
74,R,-1600,-1800,57,0,-4
74,R,-1600,-1800,58,0,-5
74,R,-1600,-1800,59,0,-4
74,R,-1600,-1800,60,0,-4
74,R,-1600,-1800,61,0,-4
74,R,-1600,-1800,62,0,-5
74,R,-1600,-1800,63,0,-4
74,R,-1600,-1800,64,0,-4
74,R,-1600,-1800,65,0,-4
74,R,-1600,-1800,66,0,-5
74,R,-1600,-1800,67,0,-4
74,R,-1600,-1800,68,0,-4
74,R,-1600,-1800,69,0,-4
74,R,-1600,-1800,70,0,-5
74,R,-1600,-1800,71,0,-4
74,R,-1600,-1800,72,0,-5
74,R,-1600,-1800,73,0,-5
74,R,-1600,-1800,74,0,-4
74,R,-1600,-1800,75,0,-4
74,R,-1600,-1800,76,0,-5
74,R,-1600,-1800,77,0,-4
74,R,-1600,-1800,78,0,-4
74,R,-1600,-1800,79,0,-5
74,R,-1600,-1800,80,0,-5
74,R,-1600,-1800,81,0,-4
74,R,-1600,-1800,82,0,-5
74,R,-1600,-1800,83,0,-5
74,R,-1600,-1800,84,0,-4
74,R,-1600,-1800,85,0,-4
74,R,-1600,-1800,86,0,-5
74,R,-1600,-1800,87,0,-5
74,R,-1600,-1800,88,0,-5
74,R,-1600,-1800,89,0,-4
74,R,-1600,-1800,90,0,-5
74,R,-1600,-1800,91,0,-4
74,R,-1600,-1800,92,0,-5
74,R,-1600,-1800,93,0,-5
74,R,-1600,-1800,94,0,-5
74,R,-1600,-1800,95,0,-5
74,R,-1600,-1800,96,0,-4
74,R,-1600,-1800,97,0,-5
74,R,-1600,-1800,98,0,-5
74,R,-1600,-1800,99,0,-5
74,R,-1600,-1800,100,0,-4
74,R,-1600,-1800,101,0,-5
74,R,-1600,-1800,102,0,-5
74,R,-1600,-1800,103,0,-5
74,R,-1600,-1800,104,0,-5
74,R,-1600,-1800,105,0,-5
74,R,-1600,-1800,106,0,-4
74,R,-1600,-1800,107,0,-5
74,R,-1600,-1800,108,0,-5
74,R,-1600,-1800,109,0,-5
74,R,-1600,-1800,110,0,-5
74,R,-1600,-1800,111,0,-4
74,R,-1600,-1800,112,0,-5
74,R,-1600,-1800,113,0,-6
74,R,-1600,-1800,114,0,-4
74,R,-1600,-1800,115,0,-5
74,R,-1600,-1800,116,0,-5
74,R,-1600,-1800,117,0,-5
74,R,-1600,-1800,118,0,-5
74,R,-1600,-1800,119,0,-5
74,R,-1600,-1800,120,0,-5
74,R,-1600,-1800,121,0,-5
74,R,-1600,-1800,122,0,-5
74,R,-1600,-1800,123,0,-5
74,R,-1600,-1800,124,0,-5
74,R,-1600,-1800,125,0,-5
74,R,-1600,-1800,126,0,-5
74,R,-1600,-1800,127,0,-5
74,R,-1600,-1800,128,0,-5
74,R,-1600,-1800,129,0,-5
74,R,-1600,-1800,130,0,-5
74,R,-1600,-1800,131,0,-5
74,R,-1600,-1800,132,0,-5
74,R,-1600,-1800,133,0,-5
74,R,-1600,-1800,134,0,-5
74,R,-1600,-1800,135,0,-5
74,R,-1600,-1800,136,0,-5
74,R,-1600,-1800,137,0,-6
74,R,-1600,-1800,138,0,-5
74,R,-1600,-1800,139,0,-4
74,R,-1600,-1800,140,0,-5
74,R,-1600,-1800,141,0,-6
74,R,-1600,-1800,142,0,-5
74,R,-1600,-1800,143,0,-4
74,R,-1600,-1800,144,0,-6
74,R,-1600,-1800,145,0,-5
74,R,-1600,-1800,146,0,-5
74,R,-1600,-1800,147,0,-5
74,R,-1600,-1800,148,0,-6
74,R,-1600,-1800,149,0,-5
74,R,-1600,-1800,150,0,-4
74,R,-1600,-1800,151,0,-5
74,R,-1600,-1800,152,0,-6
74,R,-1600,-1800,153,0,-5
74,R,-1600,-1800,154,0,-5
74,R,-1600,-1800,155,0,-5
74,R,-1600,-1800,156,0,-5
74,R,-1600,-1800,157,0,-5
74,R,-1600,-1800,158,0,-5
74,R,-1600,-1800,159,0,-6
74,R,-1600,-1800,160,0,-5
74,R,-1600,-1800,161,0,-4
74,R,-1600,-1800,162,0,-6
74,R,-1600,-1800,163,0,-5
74,R,-1600,-1800,164,0,-5
74,R,-1600,-1800,165,0,-5
74,R,-1600,-1800,166,0,-6
74,R,-1600,-1800,167,0,-5
74,R,-1600,-1800,168,0,-5
74,R,-1600,-1800,169,0,-5
74,R,-1600,-1800,170,0,-5
74,R,-1600,-1800,171,0,-5
74,R,-1600,-1800,172,0,-5
74,R,-1600,-1800,173,0,-6
74,R,-1600,-1800,174,0,-5
74,R,-1600,-1800,175,0,-5
74,R,-1600,-1800,176,0,-6
74,R,-1600,-1800,177,0,-5
74,R,-1600,-1800,178,0,-4
74,R,-1600,-1800,179,0,-6
74,R,-1600,-1800,180,0,-5
74,R,-1600,-1800,181,0,-5
74,R,-1600,-1800,182,0,-5
74,R,-1600,-1800,183,0,-6
74,R,-1600,-1800,184,0,-5
74,R,-1600,-1800,185,0,-5
74,R,-1600,-1800,186,0,-6
74,R,-1600,-1800,187,0,-5
74,R,-1600,-1800,188,0,-4
74,R,-1600,-1800,189,0,-6
74,R,-1600,-1800,190,0,-5
74,R,-1600,-1800,191,0,-5
74,R,-1600,-1800,192,0,-5
74,R,-1600,-1800,193,0,-6
74,R,-1600,-1800,194,0,-5
74,R,-1600,-1800,195,0,-5
74,R,-1600,-1800,196,0,-6
74,R,-1600,-1800,197,0,-5
74,R,-1600,-1800,198,0,-5
74,R,-1600,-1800,199,0,-5
74,R,-1600,-1800,200,0,-6
74,R,-1600,-1800,201,0,-4
74,R,-1600,-1800,202,0,-6
74,R,-1600,-1800,203,0,-6
74,R,-1600,-1800,204,0,-5
74,R,-1600,-1800,205,0,-7
74,R,-1600,-1800,206,0,-5
74,R,-1600,-1800,207,0,-7
74,R,-1600,-1800,208,0,-6
74,R,-1600,-1800,209,0,-7
74,R,-1600,-1800,210,0,-7
74,R,-1600,-1800,211,0,-7
74,R,-1600,-1800,212,0,-6
74,R,-1600,-1800,213,0,-7
74,R,-1600,-1800,214,0,-8
74,R,-1600,-1800,215,0,-7
74,R,-1600,-1800,216,0,-8
74,R,-1600,-1800,217,0,-7
74,R,-1600,-1800,218,0,-8
74,R,-1600,-1800,219,0,-7
74,R,-1600,-1800,220,0,-8
74,R,-1600,-1800,221,0,-8
74,R,-1600,-1800,222,0,-8
74,R,-1600,-1800,223,0,-8
74,R,-1600,-1800,224,0,-8
74,R,-1600,-1800,225,0,-8
74,R,-1600,-1800,226,0,-9
74,R,-1600,-1800,227,0,-8
74,R,-1600,-1800,228,0,-9
74,R,-1600,-1800,229,0,-8
74,R,-1600,-1800,230,0,-9
74,R,-1600,-1800,231,0,-8
74,R,-1600,-1800,232,0,-9
74,R,-1600,-1800,233,0,-8
74,R,-1600,-1800,234,0,-10
74,R,-1600,-1800,235,0,-8
74,R,-1600,-1800,236,0,-9
74,R,-1600,-1800,237,0,-9
74,R,-1600,-1800,238,0,-9
74,R,-1600,-1800,239,0,-9
74,R,-1600,-1800,240,0,-9
74,R,-1600,-1800,241,0,-9
74,R,-1600,-1800,242,0,-9
74,R,-1600,-1800,243,0,-9
74,R,-1600,-1800,244,0,-9
74,R,-1600,-1800,245,0,-10
74,R,-1600,-1800,246,0,-9
74,R,-1600,-1800,247,0,-9
74,R,-1600,-1800,248,0,-10
74,R,-1600,-1800,249,0,-9
74,R,-1600,-1800,250,0,-9
74,R,-1600,-1800,251,0,-10
74,R,-1600,-1800,252,0,-9
74,R,-1600,-1800,253,0,-10
74,R,-1600,-1800,254,0,-10
74,R,-1600,-1800,255,0,-9
74,R,-1600,-1800,256,0,-9
74,R,-1600,-1800,257,0,-10
74,R,-1600,-1800,258,0,-9
74,R,-1600,-1800,259,0,-11
74,R,-1600,-1800,260,0,-9
74,R,-1600,-1800,261,0,-10
74,R,-1600,-1800,262,0,-10
74,R,-1600,-1800,263,0,-9
74,R,-1600,-1800,264,0,-10
74,R,-1600,-1800,265,0,-9
74,R,-1600,-1800,266,0,-11
74,R,-1600,-1800,267,0,-9
74,R,-1600,-1800,268,0,-10
74,R,-1600,-1800,269,0,-10
74,R,-1600,-1800,270,0,-10
74,R,-1600,-1800,271,0,-10
74,R,-1600,-1800,272,0,-10
74,R,-1600,-1800,273,0,-10
74,R,-1600,-1800,274,0,-9
74,R,-1600,-1800,275,0,-11
74,R,-1600,-1800,276,0,-9
74,R,-1600,-1800,277,0,-11
74,R,-1600,-1800,278,0,-9
74,R,-1600,-1800,279,0,-11
74,R,-1600,-1800,280,0,-9
74,R,-1600,-1800,281,0,-11
74,R,-1600,-1800,282,0,-9
74,R,-1600,-1800,283,0,-11
74,R,-1600,-1800,284,0,-10
74,R,-1600,-1800,285,0,-10
74,R,-1600,-1800,286,0,-10
74,R,-1600,-1800,287,0,-10
74,R,-1600,-1800,288,0,-10
74,R,-1600,-1800,289,0,-10
74,R,-1600,-1800,290,0,-11
74,R,-1600,-1800,291,0,-9
74,R,-1600,-1800,292,0,-11
74,R,-1600,-1800,293,0,-10
74,R,-1600,-1800,294,0,-10
74,R,-1600,-1800,295,0,-10
74,R,-1600,-1800,296,0,-11
74,R,-1600,-1800,297,0,-10
74,R,-1600,-1800,298,0,-10
74,R,-1600,-1800,299,0,-11
74,R,-1600,-1800,300,0,-9
74,R,-1600,-1800,301,0,-11
74,R,-1600,-1800,302,0,-10
74,R,-1600,-1800,303,0,-10
74,R,-1600,-1800,304,0,-10
74,R,-1600,-1800,305,0,-11
74,R,-1600,-1800,306,0,-10
74,R,-1600,-1800,307,0,-10
74,R,-1600,-1800,308,0,-11
74,R,-1600,-1800,309,0,-10
74,R,-1600,-1800,310,0,-10
74,R,-1600,-1800,311,0,-11
74,R,-1600,-1800,312,0,-10
74,R,-1600,-1800,313,0,-11
74,R,-1600,-1800,314,0,-9
74,R,-1600,-1800,315,0,-11
74,R,-1600,-1800,316,0,-10
74,R,-1600,-1800,317,0,-11
74,R,-1600,-1800,318,0,-10
74,R,-1600,-1800,319,0,-10
74,R,-1600,-1800,320,0,-11
74,R,-1600,-1800,321,0,-10
74,R,-1600,-1800,322,0,-11
74,R,-1600,-1800,323,0,-10
74,R,-1600,-1800,324,0,-10
74,R,-1600,-1800,325,0,-11
74,R,-1600,-1800,326,0,-10
74,R,-1600,-1800,327,0,-11
74,R,-1600,-1800,328,0,-11
74,R,-1600,-1800,329,0,-10
74,R,-1600,-1800,330,0,-10
74,R,-1600,-1800,331,0,-10
74,R,-1600,-1800,332,0,-11
74,R,-1600,-1800,333,0,-11
74,R,-1600,-1800,334,0,-10
74,R,-1600,-1800,335,0,-11
74,R,-1600,-1800,336,0,-10
74,R,-1600,-1800,337,0,-10
74,R,-1600,-1800,338,0,-11
74,R,-1600,-1800,339,0,-10
74,R,-1600,-1800,340,0,-11
74,R,-1600,-1800,341,0,-11
74,R,-1600,-1800,342,0,-10
74,R,-1600,-1800,343,0,-10
74,R,-1600,-1800,344,0,-11
74,R,-1600,-1800,345,0,-10
74,R,-1600,-1800,346,0,-11
74,R,-1600,-1800,347,0,-10
74,R,-1600,-1800,348,0,-11
74,R,-1600,-1800,349,0,-10
74,R,-1600,-1800,350,0,-11
74,R,-1600,-1800,351,0,-10
74,R,-1600,-1800,352,0,-11
74,R,-1600,-1800,353,0,-10
74,R,-1600,-1800,354,0,-11
74,R,-1600,-1800,355,0,-10
74,R,-1600,-1800,356,0,-11
74,R,-1600,-1800,357,0,-11
74,R,-1600,-1800,358,0,-10
74,R,-1600,-1800,359,0,-11
74,R,-1600,-1800,360,0,-10
74,R,-1600,-1800,361,0,-10
74,R,-1600,-1800,362,0,-11
74,R,-1600,-1800,363,0,-10
74,R,-1600,-1800,364,0,-11
74,R,-1600,-1800,365,0,-11
74,R,-1600,-1800,366,0,-10
74,R,-1600,-1800,367,0,-11
74,R,-1600,-1800,368,0,-10
74,R,-1600,-1800,369,0,-10
74,R,-1600,-1800,370,0,-12
74,R,-1600,-1800,371,0,-10
74,R,-1600,-1800,372,0,-10
74,R,-1600,-1800,373,0,-11
74,R,-1600,-1800,374,0,-10
74,R,-1600,-1800,375,0,-11
74,R,-1600,-1800,376,0,-11
74,R,-1600,-1800,377,0,-10
74,R,-1600,-1800,378,0,-11
74,R,-1600,-1800,379,0,-11
74,R,-1600,-1800,380,0,-10
74,R,-1600,-1800,381,0,-11
74,R,-1600,-1800,382,0,-10
74,R,-1600,-1800,383,0,-10
74,R,-1600,-1800,384,0,-11
74,R,-1600,-1800,385,0,-11
74,R,-1600,-1800,386,0,-10
74,R,-1600,-1800,387,0,-11
74,R,-1600,-1800,388,0,-10
74,R,-1600,-1800,389,0,-11
74,R,-1600,-1800,390,0,-11
74,R,-1600,-1800,391,0,-10
74,R,-1600,-1800,392,0,-11
74,R,-1600,-1800,393,0,-11
74,R,-1600,-1800,394,0,-10
74,R,-1600,-1800,395,0,-11
74,R,-1600,-1800,396,0,-10
74,R,-1600,-1800,397,0,-10
74,R,-1600,-1800,398,0,-11
74,R,-1600,-1800,399,0,-11
74,R,-1600,-1800,400,0,-10
74,R,-1600,-1800,401,0,-11
74,R,-1600,-1800,402,0,-10
74,R,-1600,-1800,403,0,-11
74,R,-1600,-1800,404,0,-10
74,R,-1600,-1800,405,0,-10
74,R,-1600,-1800,406,0,-11
74,R,-1600,-1800,407,0,-9
74,R,-1600,-1800,408,0,-10
74,R,-1600,-1800,409,0,-10
74,R,-1600,-1800,410,0,-9
74,R,-1600,-1800,411,0,-10
74,R,-1600,-1800,412,0,-9
74,R,-1600,-1800,413,0,-10
74,R,-1600,-1800,414,0,-10
74,R,-1600,-1800,415,0,-8
74,R,-1600,-1800,416,0,-10
74,R,-1600,-1800,417,0,-9
74,R,-1600,-1800,418,0,-9
74,R,-1600,-1800,419,0,-8
74,R,-1600,-1800,420,0,-9
74,R,-1600,-1800,421,0,-9
74,R,-1600,-1800,422,0,-9
74,R,-1600,-1800,423,0,-8
74,R,-1600,-1800,424,0,-8
74,R,-1600,-1800,425,0,-9
74,R,-1600,-1800,426,0,-8
74,R,-1600,-1800,427,0,-8
74,R,-1600,-1800,428,0,-8
74,R,-1600,-1800,429,0,-8
74,R,-1600,-1800,430,0,-8
74,R,-1600,-1800,431,0,-7
74,R,-1600,-1800,432,0,-8
74,R,-1600,-1800,433,0,-8
74,R,-1600,-1800,434,0,-7
74,R,-1600,-1800,435,0,-7
74,R,-1600,-1800,436,0,-8
74,R,-1600,-1800,437,0,-7
74,R,-1600,-1800,438,0,-7
74,R,-1600,-1800,439,0,-8
74,R,-1600,-1800,440,0,-6
74,R,-1600,-1800,441,0,-7
74,R,-1600,-1800,442,0,-7
74,R,-1600,-1800,443,0,-7
74,R,-1600,-1800,444,0,-6
74,R,-1600,-1800,445,0,-7
74,R,-1600,-1800,446,0,-7
74,R,-1600,-1800,447,0,-6
74,R,-1600,-1800,448,0,-7
74,R,-1600,-1800,449,0,-5
74,R,-1600,-1800,450,0,-7
74,R,-1600,-1800,451,0,-6
74,R,-1600,-1800,452,0,-6
74,R,-1600,-1800,453,0,-6
74,R,-1600,-1800,454,0,-6
74,R,-1600,-1800,455,0,-5
74,R,-1600,-1800,456,0,-7
74,R,-1600,-1800,457,0,-5
74,R,-1600,-1800,458,0,-5
74,R,-1600,-1800,459,0,-6
74,R,-1600,-1800,460,0,-5
74,R,-1600,-1800,461,0,-6
74,R,-1600,-1800,462,0,-5
74,R,-1600,-1800,463,0,-5
74,R,-1600,-1800,464,0,-5
74,R,-1600,-1800,465,0,-6
74,R,-1600,-1800,466,0,-5
74,R,-1600,-1800,467,0,-4
74,R,-1600,-1800,468,0,-5
74,R,-1600,-1800,469,0,-5
74,R,-1600,-1800,470,0,-5
74,R,-1600,-1800,471,0,-4
74,R,-1600,-1800,472,0,-5
74,R,-1600,-1800,473,0,-4
74,R,-1600,-1800,474,0,-4
74,R,-1600,-1800,475,0,-5
74,R,-1600,-1800,476,0,-4
74,R,-1600,-1800,477,0,-4
74,R,-1600,-1800,478,0,-5
74,R,-1600,-1800,479,0,-4
74,R,-1600,-1800,480,0,-4
74,R,-1600,-1800,481,0,-4
74,R,-1600,-1800,482,0,-4
74,R,-1600,-1800,483,0,-3
74,R,-1600,-1800,484,0,-4
74,R,-1600,-1800,485,0,-4
74,R,-1600,-1800,486,0,-3
74,R,-1600,-1800,487,0,-4
74,R,-1600,-1800,488,0,-4
74,R,-1600,-1800,489,0,-3
74,R,-1600,-1800,490,0,-4
74,R,-1600,-1800,491,0,-3
74,R,-1600,-1800,492,0,-3
74,R,-1600,-1800,493,0,-3
74,R,-1600,-1800,494,0,-3
74,R,-1600,-1800,495,0,-4
74,R,-1600,-1800,496,0,-2
74,R,-1600,-1800,497,0,-3
74,R,-1600,-1800,498,0,-3
74,R,-1600,-1800,499,0,-3
75,R,-1700,-1500,0,0,0
75,R,-1700,-1500,1,0,0
75,R,-1700,-1500,2,0,-1
75,R,-1700,-1500,3,0,0
75,R,-1700,-1500,4,0,-1
75,R,-1700,-1500,5,0,-1
75,R,-1700,-1500,6,0,-2
75,R,-1700,-1500,7,0,-2
75,R,-1700,-1500,8,0,-2
75,R,-1700,-1500,9,0,-2
75,R,-1700,-1500,10,0,-3
75,R,-1700,-1500,11,0,-3
75,R,-1700,-1500,12,0,-2
75,R,-1700,-1500,13,0,-3
75,R,-1700,-1500,14,0,-4
75,R,-1700,-1500,15,0,-3
75,R,-1700,-1500,16,0,-4
75,R,-1700,-1500,17,0,-3
75,R,-1700,-1500,18,0,-4
75,R,-1700,-1500,19,0,-4
75,R,-1700,-1500,20,0,-4
75,R,-1700,-1500,21,0,-4
75,R,-1700,-1500,22,0,-5
75,R,-1700,-1500,23,0,-4
75,R,-1700,-1500,24,0,-5
75,R,-1700,-1500,25,0,-4
75,R,-1700,-1500,26,0,-5
75,R,-1700,-1500,27,0,-5
75,R,-1700,-1500,28,0,-5
75,R,-1700,-1500,29,0,-5
75,R,-1700,-1500,30,0,-4
75,R,-1700,-1500,31,0,-6
75,R,-1700,-1500,32,0,-5
75,R,-1700,-1500,33,0,-5
75,R,-1700,-1500,34,0,-6
75,R,-1700,-1500,35,0,-6
75,R,-1700,-1500,36,0,-5
75,R,-1700,-1500,37,0,-6
75,R,-1700,-1500,38,0,-5
75,R,-1700,-1500,39,0,-6
75,R,-1700,-1500,40,0,-6
75,R,-1700,-1500,41,0,-6
75,R,-1700,-1500,42,0,-6
75,R,-1700,-1500,43,0,-5
75,R,-1700,-1500,44,0,-7
75,R,-1700,-1500,45,0,-5
75,R,-1700,-1500,46,0,-7
75,R,-1700,-1500,47,0,-6
75,R,-1700,-1500,48,0,-6
75,R,-1700,-1500,49,0,-7
75,R,-1700,-1500,50,0,-5
75,R,-1700,-1500,51,0,-7
75,R,-1700,-1500,52,0,-6
75,R,-1700,-1500,53,0,-7
75,R,-1700,-1500,54,0,-6
75,R,-1700,-1500,55,0,-6
75,R,-1700,-1500,56,0,-7
75,R,-1700,-1500,57,0,-6
75,R,-1700,-1500,58,0,-7
75,R,-1700,-1500,59,0,-7
75,R,-1700,-1500,60,0,-6
75,R,-1700,-1500,61,0,-7
75,R,-1700,-1500,62,0,-7
75,R,-1700,-1500,63,0,-6
75,R,-1700,-1500,64,0,-7
75,R,-1700,-1500,65,0,-7
75,R,-1700,-1500,66,0,-6
75,R,-1700,-1500,67,0,-7
75,R,-1700,-1500,68,0,-8
75,R,-1700,-1500,69,0,-6
75,R,-1700,-1500,70,0,-7
75,R,-1700,-1500,71,0,-7
75,R,-1700,-1500,72,0,-7
75,R,-1700,-1500,73,0,-6
75,R,-1700,-1500,74,0,-7
75,R,-1700,-1500,75,0,-8
75,R,-1700,-1500,76,0,-7
75,R,-1700,-1500,77,0,-7
75,R,-1700,-1500,78,0,-6
75,R,-1700,-1500,79,0,-8
75,R,-1700,-1500,80,0,-7
75,R,-1700,-1500,81,0,-7
75,R,-1700,-1500,82,0,-7
75,R,-1700,-1500,83,0,-7
75,R,-1700,-1500,84,0,-7
75,R,-1700,-1500,85,0,-8
75,R,-1700,-1500,86,0,-6
75,R,-1700,-1500,87,0,-8
75,R,-1700,-1500,88,0,-7
75,R,-1700,-1500,89,0,-8
75,R,-1700,-1500,90,0,-7
75,R,-1700,-1500,91,0,-7
75,R,-1700,-1500,92,0,-7
75,R,-1700,-1500,93,0,-7
75,R,-1700,-1500,94,0,-8
75,R,-1700,-1500,95,0,-7
75,R,-1700,-1500,96,0,-8
75,R,-1700,-1500,97,0,-6
75,R,-1700,-1500,98,0,-8
75,R,-1700,-1500,99,0,-7
75,R,-1700,-1500,100,0,-8
75,R,-1700,-1500,101,0,-7
75,R,-1700,-1500,102,0,-8
75,R,-1700,-1500,103,0,-7
75,R,-1700,-1500,104,0,-7
75,R,-1700,-1500,105,0,-7
75,R,-1700,-1500,106,0,-8
75,R,-1700,-1500,107,0,-8
75,R,-1700,-1500,108,0,-7
75,R,-1700,-1500,109,0,-8
75,R,-1700,-1500,110,0,-7
75,R,-1700,-1500,111,0,-7
75,R,-1700,-1500,112,0,-7
75,R,-1700,-1500,113,0,-8
75,R,-1700,-1500,114,0,-8
75,R,-1700,-1500,115,0,-7
75,R,-1700,-1500,116,0,-8
75,R,-1700,-1500,117,0,-8
75,R,-1700,-1500,118,0,-7
75,R,-1700,-1500,119,0,-7
75,R,-1700,-1500,120,0,-8
75,R,-1700,-1500,121,0,-7
75,R,-1700,-1500,122,0,-8
75,R,-1700,-1500,123,0,-8
75,R,-1700,-1500,124,0,-7
75,R,-1700,-1500,125,0,-8
75,R,-1700,-1500,126,0,-8
75,R,-1700,-1500,127,0,-7
75,R,-1700,-1500,128,0,-7
75,R,-1700,-1500,129,0,-8
75,R,-1700,-1500,130,0,-7
75,R,-1700,-1500,131,0,-8
75,R,-1700,-1500,132,0,-8
75,R,-1700,-1500,133,0,-8
75,R,-1700,-1500,134,0,-7
75,R,-1700,-1500,135,0,-8
75,R,-1700,-1500,136,0,-8
75,R,-1700,-1500,137,0,-7
75,R,-1700,-1500,138,0,-7
75,R,-1700,-1500,139,0,-8
75,R,-1700,-1500,140,0,-7
75,R,-1700,-1500,141,0,-8
75,R,-1700,-1500,142,0,-8
75,R,-1700,-1500,143,0,-8
75,R,-1700,-1500,144,0,-8
75,R,-1700,-1500,145,0,-7
75,R,-1700,-1500,146,0,-8
75,R,-1700,-1500,147,0,-8
75,R,-1700,-1500,148,0,-8
75,R,-1700,-1500,149,0,-7
75,R,-1700,-1500,150,0,-8
75,R,-1700,-1500,151,0,-7
75,R,-1700,-1500,152,0,-8
75,R,-1700,-1500,153,0,-8
75,R,-1700,-1500,154,0,-7
75,R,-1700,-1500,155,0,-8
75,R,-1700,-1500,156,0,-8
75,R,-1700,-1500,157,0,-8
75,R,-1700,-1500,158,0,-8
75,R,-1700,-1500,159,0,-8
75,R,-1700,-1500,160,0,-7
75,R,-1700,-1500,161,0,-8
75,R,-1700,-1500,162,0,-8
75,R,-1700,-1500,163,0,-8
75,R,-1700,-1500,164,0,-7
75,R,-1700,-1500,165,0,-8
75,R,-1700,-1500,166,0,-7
75,R,-1700,-1500,167,0,-8
75,R,-1700,-1500,168,0,-8
75,R,-1700,-1500,169,0,-8
75,R,-1700,-1500,170,0,-7
75,R,-1700,-1500,171,0,-8
75,R,-1700,-1500,172,0,-8
75,R,-1700,-1500,173,0,-8
75,R,-1700,-1500,174,0,-8
75,R,-1700,-1500,175,0,-8
75,R,-1700,-1500,176,0,-7
75,R,-1700,-1500,177,0,-8
75,R,-1700,-1500,178,0,-8
75,R,-1700,-1500,179,0,-8
75,R,-1700,-1500,180,0,-8
75,R,-1700,-1500,181,0,-8
75,R,-1700,-1500,182,0,-7
75,R,-1700,-1500,183,0,-8
75,R,-1700,-1500,184,0,-7
75,R,-1700,-1500,185,0,-8
75,R,-1700,-1500,186,0,-8
75,R,-1700,-1500,187,0,-8
75,R,-1700,-1500,188,0,-8
75,R,-1700,-1500,189,0,-8
75,R,-1700,-1500,190,0,-8
75,R,-1700,-1500,191,0,-7
75,R,-1700,-1500,192,0,-8
75,R,-1700,-1500,193,0,-8
75,R,-1700,-1500,194,0,-8
75,R,-1700,-1500,195,0,-8
75,R,-1700,-1500,196,0,-8
75,R,-1700,-1500,197,0,-8
75,R,-1700,-1500,198,0,-7
75,R,-1700,-1500,199,0,-8
75,R,-1700,-1500,200,0,-8
75,R,-1700,-1500,201,0,-8
75,R,-1700,-1500,202,0,-8
75,R,-1700,-1500,203,0,-8
75,R,-1700,-1500,204,0,-7
75,R,-1700,-1500,205,0,-7
75,R,-1700,-1500,206,0,-8
75,R,-1700,-1500,207,0,-7
75,R,-1700,-1500,208,0,-8
75,R,-1700,-1500,209,0,-8
75,R,-1700,-1500,210,0,-7
75,R,-1700,-1500,211,0,-8
75,R,-1700,-1500,212,0,-6
75,R,-1700,-1500,213,0,-7
75,R,-1700,-1500,214,0,-8
75,R,-1700,-1500,215,0,-7
75,R,-1700,-1500,216,0,-7
75,R,-1700,-1500,217,0,-7
75,R,-1700,-1500,218,0,-7
75,R,-1700,-1500,219,0,-7
75,R,-1700,-1500,220,0,-7
75,R,-1700,-1500,221,0,-6
75,R,-1700,-1500,222,0,-8
75,R,-1700,-1500,223,0,-7
75,R,-1700,-1500,224,0,-6
75,R,-1700,-1500,225,0,-7
75,R,-1700,-1500,226,0,-6
75,R,-1700,-1500,227,0,-7
75,R,-1700,-1500,228,0,-7
75,R,-1700,-1500,229,0,-6
75,R,-1700,-1500,230,0,-6
75,R,-1700,-1500,231,0,-7
75,R,-1700,-1500,232,0,-6
75,R,-1700,-1500,233,0,-7
75,R,-1700,-1500,234,0,-6
75,R,-1700,-1500,235,0,-6
75,R,-1700,-1500,236,0,-6
75,R,-1700,-1500,237,0,-6
75,R,-1700,-1500,238,0,-7
75,R,-1700,-1500,239,0,-5
75,R,-1700,-1500,240,0,-7
75,R,-1700,-1500,241,0,-5
75,R,-1700,-1500,242,0,-7
75,R,-1700,-1500,243,0,-5
75,R,-1700,-1500,244,0,-7
75,R,-1700,-1500,245,0,-5
75,R,-1700,-1500,246,0,-6
75,R,-1700,-1500,247,0,-6
75,R,-1700,-1500,248,0,-5
75,R,-1700,-1500,249,0,-6
75,R,-1700,-1500,250,0,-6
75,R,-1700,-1500,251,0,-6
75,R,-1700,-1500,252,0,-5
75,R,-1700,-1500,253,0,-6
75,R,-1700,-1500,254,0,-5
75,R,-1700,-1500,255,0,-5
75,R,-1700,-1500,256,0,-6
75,R,-1700,-1500,257,0,-6
75,R,-1700,-1500,258,0,-5
75,R,-1700,-1500,259,0,-6
75,R,-1700,-1500,260,0,-5
75,R,-1700,-1500,261,0,-5
75,R,-1700,-1500,262,0,-5
75,R,-1700,-1500,263,0,-6
75,R,-1700,-1500,264,0,-4
75,R,-1700,-1500,265,0,-6
75,R,-1700,-1500,266,0,-5
75,R,-1700,-1500,267,0,-5
75,R,-1700,-1500,268,0,-5
75,R,-1700,-1500,269,0,-6
75,R,-1700,-1500,270,0,-4
75,R,-1700,-1500,271,0,-5
75,R,-1700,-1500,272,0,-5
75,R,-1700,-1500,273,0,-5
75,R,-1700,-1500,274,0,-5
75,R,-1700,-1500,275,0,-5
75,R,-1700,-1500,276,0,-5
75,R,-1700,-1500,277,0,-5
75,R,-1700,-1500,278,0,-5
75,R,-1700,-1500,279,0,-4
75,R,-1700,-1500,280,0,-5
75,R,-1700,-1500,281,0,-4
75,R,-1700,-1500,282,0,-5
75,R,-1700,-1500,283,0,-5
75,R,-1700,-1500,284,0,-5
75,R,-1700,-1500,285,0,-4
75,R,-1700,-1500,286,0,-5
75,R,-1700,-1500,287,0,-4
75,R,-1700,-1500,288,0,-5
75,R,-1700,-1500,289,0,-4
75,R,-1700,-1500,290,0,-5
75,R,-1700,-1500,291,0,-5
75,R,-1700,-1500,292,0,-4
75,R,-1700,-1500,293,0,-4
75,R,-1700,-1500,294,0,-5
75,R,-1700,-1500,295,0,-4
75,R,-1700,-1500,296,0,-4
75,R,-1700,-1500,297,0,-4
75,R,-1700,-1500,298,0,-5
75,R,-1700,-1500,299,0,-4
75,R,-1700,-1500,300,0,-4
75,R,-1700,-1500,301,0,-5
75,R,-1700,-1500,302,0,-4
75,R,-1700,-1500,303,0,-4
75,R,-1700,-1500,304,0,-5
75,R,-1700,-1500,305,0,-4
75,R,-1700,-1500,306,0,-4
75,R,-1700,-1500,307,0,-4
75,R,-1700,-1500,308,0,-4
75,R,-1700,-1500,309,0,-4
75,R,-1700,-1500,310,0,-4
75,R,-1700,-1500,311,0,-4
75,R,-1700,-1500,312,0,-4
75,R,-1700,-1500,313,0,-4
75,R,-1700,-1500,314,0,-4
75,R,-1700,-1500,315,0,-4
75,R,-1700,-1500,316,0,-4
75,R,-1700,-1500,317,0,-4
75,R,-1700,-1500,318,0,-4
75,R,-1700,-1500,319,0,-4
75,R,-1700,-1500,320,0,-4
75,R,-1700,-1500,321,0,-4
75,R,-1700,-1500,322,0,-4
75,R,-1700,-1500,323,0,-4
75,R,-1700,-1500,324,0,-3
75,R,-1700,-1500,325,0,-4
75,R,-1700,-1500,326,0,-4
75,R,-1700,-1500,327,0,-4
75,R,-1700,-1500,328,0,-3
75,R,-1700,-1500,329,0,-4
75,R,-1700,-1500,330,0,-4
75,R,-1700,-1500,331,0,-3
75,R,-1700,-1500,332,0,-4
75,R,-1700,-1500,333,0,-4
75,R,-1700,-1500,334,0,-4
75,R,-1700,-1500,335,0,-4
75,R,-1700,-1500,336,0,-3
75,R,-1700,-1500,337,0,-4
75,R,-1700,-1500,338,0,-4
75,R,-1700,-1500,339,0,-3
75,R,-1700,-1500,340,0,-4
75,R,-1700,-1500,341,0,-3
75,R,-1700,-1500,342,0,-4
75,R,-1700,-1500,343,0,-3
75,R,-1700,-1500,344,0,-4
75,R,-1700,-1500,345,0,-4
75,R,-1700,-1500,346,0,-3
75,R,-1700,-1500,347,0,-4
75,R,-1700,-1500,348,0,-3
75,R,-1700,-1500,349,0,-3
75,R,-1700,-1500,350,0,-4
75,R,-1700,-1500,351,0,-3
75,R,-1700,-1500,352,0,-4
75,R,-1700,-1500,353,0,-4
75,R,-1700,-1500,354,0,-3
75,R,-1700,-1500,355,0,-4
75,R,-1700,-1500,356,0,-3
75,R,-1700,-1500,357,0,-3
75,R,-1700,-1500,358,0,-3
75,R,-1700,-1500,359,0,-4
75,R,-1700,-1500,360,0,-4
75,R,-1700,-1500,361,0,-3
75,R,-1700,-1500,362,0,-4
75,R,-1700,-1500,363,0,-3
75,R,-1700,-1500,364,0,-3
75,R,-1700,-1500,365,0,-3
75,R,-1700,-1500,366,0,-4
75,R,-1700,-1500,367,0,-3
75,R,-1700,-1500,368,0,-4
75,R,-1700,-1500,369,0,-3
75,R,-1700,-1500,370,0,-3
75,R,-1700,-1500,371,0,-3
75,R,-1700,-1500,372,0,-4
75,R,-1700,-1500,373,0,-4
75,R,-1700,-1500,374,0,-3
75,R,-1700,-1500,375,0,-3
75,R,-1700,-1500,376,0,-3
75,R,-1700,-1500,377,0,-3
75,R,-1700,-1500,378,0,-4
75,R,-1700,-1500,379,0,-3
75,R,-1700,-1500,380,0,-4
75,R,-1700,-1500,381,0,-3
75,R,-1700,-1500,382,0,-3
75,R,-1700,-1500,383,0,-3
75,R,-1700,-1500,384,0,-4
75,R,-1700,-1500,385,0,-3
75,R,-1700,-1500,386,0,-3
75,R,-1700,-1500,387,0,-3
75,R,-1700,-1500,388,0,-3
75,R,-1700,-1500,389,0,-4
75,R,-1700,-1500,390,0,-3
75,R,-1700,-1500,391,0,-3
75,R,-1700,-1500,392,0,-3
75,R,-1700,-1500,393,0,-3
75,R,-1700,-1500,394,0,-4
75,R,-1700,-1500,395,0,-3
75,R,-1700,-1500,396,0,-3
75,R,-1700,-1500,397,0,-3
75,R,-1700,-1500,398,0,-3
75,R,-1700,-1500,399,0,-4
75,R,-1700,-1500,400,0,-3
75,R,-1700,-1500,401,0,-3
75,R,-1700,-1500,402,0,-3
75,R,-1700,-1500,403,0,-3
75,R,-1700,-1500,404,0,-3
75,R,-1700,-1500,405,0,-3
75,R,-1700,-1500,406,0,-3
75,R,-1700,-1500,407,0,-3
75,R,-1700,-1500,408,0,-3
75,R,-1700,-1500,409,0,-2
75,R,-1700,-1500,410,0,-3
75,R,-1700,-1500,411,0,-2
75,R,-1700,-1500,412,0,-2
75,R,-1700,-1500,413,0,-3
75,R,-1700,-1500,414,0,-2
75,R,-1700,-1500,415,0,-3
75,R,-1700,-1500,416,0,-2
75,R,-1700,-1500,417,0,-2
75,R,-1700,-1500,418,0,-2
75,R,-1700,-1500,419,0,-2
75,R,-1700,-1500,420,0,-2
75,R,-1700,-1500,421,0,-2
75,R,-1700,-1500,422,0,-2
75,R,-1700,-1500,423,0,-2
75,R,-1700,-1500,424,0,-2
75,R,-1700,-1500,425,0,-2
75,R,-1700,-1500,426,0,-1
75,R,-1700,-1500,427,0,-2
75,R,-1700,-1500,428,0,-1
75,R,-1700,-1500,429,0,-2
75,R,-1700,-1500,430,0,-1
75,R,-1700,-1500,431,0,-1
75,R,-1700,-1500,432,0,-2
75,R,-1700,-1500,433,0,-2
75,R,-1700,-1500,434,0,-1
75,R,-1700,-1500,435,0,-1
75,R,-1700,-1500,436,0,-1
75,R,-1700,-1500,437,0,-1
75,R,-1700,-1500,438,0,-1
75,R,-1700,-1500,439,0,-1
75,R,-1700,-1500,440,0,-1
75,R,-1700,-1500,441,0,-1
75,R,-1700,-1500,442,0,0
75,R,-1700,-1500,443,0,-1
75,R,-1700,-1500,444,0,-1
75,R,-1700,-1500,445,0,-1
75,R,-1700,-1500,446,0,-1
75,R,-1700,-1500,447,0,0
75,R,-1700,-1500,448,0,0
75,R,-1700,-1500,449,0,-1
75,R,-1700,-1500,450,0,0
75,R,-1700,-1500,451,0,0
75,R,-1700,-1500,452,0,-1
75,R,-1700,-1500,453,0,0
75,R,-1700,-1500,454,0,0
75,R,-1700,-1500,455,0,-1
75,R,-1700,-1500,456,0,0
75,R,-1700,-1500,457,0,0
75,R,-1700,-1500,458,0,0
75,R,-1700,-1500,459,0,0
75,R,-1700,-1500,460,0,0
75,R,-1700,-1500,461,0,0
75,R,-1700,-1500,462,0,0
75,R,-1700,-1500,463,0,0
75,R,-1700,-1500,464,0,0
75,R,-1700,-1500,465,0,0
75,R,-1700,-1500,466,0,0
75,R,-1700,-1500,467,0,0
75,R,-1700,-1500,468,0,0
75,R,-1700,-1500,469,0,0
75,R,-1700,-1500,470,0,0
75,R,-1700,-1500,471,0,0
75,R,-1700,-1500,472,0,0
75,R,-1700,-1500,473,0,0
75,R,-1700,-1500,474,0,0
75,R,-1700,-1500,475,0,0
75,R,-1700,-1500,476,0,0
75,R,-1700,-1500,477,0,0
75,R,-1700,-1500,478,0,0
75,R,-1700,-1500,479,0,0
75,R,-1700,-1500,480,0,0
75,R,-1700,-1500,481,0,0
75,R,-1700,-1500,482,0,0
75,R,-1700,-1500,483,0,0
75,R,-1700,-1500,484,0,0
75,R,-1700,-1500,485,0,0
75,R,-1700,-1500,486,0,0
75,R,-1700,-1500,487,0,0
75,R,-1700,-1500,488,0,0
75,R,-1700,-1500,489,0,0
75,R,-1700,-1500,490,0,0
75,R,-1700,-1500,491,0,0
75,R,-1700,-1500,492,0,0
75,R,-1700,-1500,493,0,0
75,R,-1700,-1500,494,0,0
75,R,-1700,-1500,495,0,0
75,R,-1700,-1500,496,0,0
75,R,-1700,-1500,497,0,0
75,R,-1700,-1500,498,0,0
75,R,-1700,-1500,499,0,0
76,R,-1700,-1600,0,0,0
76,R,-1700,-1600,1,0,0
76,R,-1700,-1600,2,0,0
76,R,-1700,-1600,3,0,-1
76,R,-1700,-1600,4,0,-1
76,R,-1700,-1600,5,0,-1
76,R,-1700,-1600,6,0,-2
76,R,-1700,-1600,7,0,-2
76,R,-1700,-1600,8,0,-2
76,R,-1700,-1600,9,0,-2
76,R,-1700,-1600,10,0,-2
76,R,-1700,-1600,11,0,-3
76,R,-1700,-1600,12,0,-3
76,R,-1700,-1600,13,0,-3
76,R,-1700,-1600,14,0,-3
76,R,-1700,-1600,15,0,-4
76,R,-1700,-1600,16,0,-4
76,R,-1700,-1600,17,0,-3
76,R,-1700,-1600,18,0,-4
76,R,-1700,-1600,19,0,-4
76,R,-1700,-1600,20,0,-4
76,R,-1700,-1600,21,0,-5
76,R,-1700,-1600,22,0,-4
76,R,-1700,-1600,23,0,-4
76,R,-1700,-1600,24,0,-5
76,R,-1700,-1600,25,0,-5
76,R,-1700,-1600,26,0,-5
76,R,-1700,-1600,27,0,-5
76,R,-1700,-1600,28,0,-4
76,R,-1700,-1600,29,0,-5
76,R,-1700,-1600,30,0,-6
76,R,-1700,-1600,31,0,-5
76,R,-1700,-1600,32,0,-5
76,R,-1700,-1600,33,0,-6
76,R,-1700,-1600,34,0,-5
76,R,-1700,-1600,35,0,-6
76,R,-1700,-1600,36,0,-5
76,R,-1700,-1600,37,0,-6
76,R,-1700,-1600,38,0,-6
76,R,-1700,-1600,39,0,-5
76,R,-1700,-1600,40,0,-7
76,R,-1700,-1600,41,0,-5
76,R,-1700,-1600,42,0,-7
76,R,-1700,-1600,43,0,-5
76,R,-1700,-1600,44,0,-7
76,R,-1700,-1600,45,0,-5
76,R,-1700,-1600,46,0,-7
76,R,-1700,-1600,47,0,-6
76,R,-1700,-1600,48,0,-6
76,R,-1700,-1600,49,0,-6
76,R,-1700,-1600,50,0,-7
76,R,-1700,-1600,51,0,-6
76,R,-1700,-1600,52,0,-6
76,R,-1700,-1600,53,0,-7
76,R,-1700,-1600,54,0,-6
76,R,-1700,-1600,55,0,-7
76,R,-1700,-1600,56,0,-7
76,R,-1700,-1600,57,0,-6
76,R,-1700,-1600,58,0,-7
76,R,-1700,-1600,59,0,-7
76,R,-1700,-1600,60,0,-6
76,R,-1700,-1600,61,0,-7
76,R,-1700,-1600,62,0,-7
76,R,-1700,-1600,63,0,-6
76,R,-1700,-1600,64,0,-7
76,R,-1700,-1600,65,0,-7
76,R,-1700,-1600,66,0,-7
76,R,-1700,-1600,67,0,-7
76,R,-1700,-1600,68,0,-7
76,R,-1700,-1600,69,0,-7
76,R,-1700,-1600,70,0,-7
76,R,-1700,-1600,71,0,-6
76,R,-1700,-1600,72,0,-8
76,R,-1700,-1600,73,0,-7
76,R,-1700,-1600,74,0,-7
76,R,-1700,-1600,75,0,-7
76,R,-1700,-1600,76,0,-7
76,R,-1700,-1600,77,0,-7
76,R,-1700,-1600,78,0,-7
76,R,-1700,-1600,79,0,-7
76,R,-1700,-1600,80,0,-7
76,R,-1700,-1600,81,0,-8
76,R,-1700,-1600,82,0,-7
76,R,-1700,-1600,83,0,-7
76,R,-1700,-1600,84,0,-7
76,R,-1700,-1600,85,0,-7
76,R,-1700,-1600,86,0,-8
76,R,-1700,-1600,87,0,-7
76,R,-1700,-1600,88,0,-8
76,R,-1700,-1600,89,0,-6
76,R,-1700,-1600,90,0,-8
76,R,-1700,-1600,91,0,-7
76,R,-1700,-1600,92,0,-8
76,R,-1700,-1600,93,0,-7
76,R,-1700,-1600,94,0,-8
76,R,-1700,-1600,95,0,-6
76,R,-1700,-1600,96,0,-8
76,R,-1700,-1600,97,0,-7
76,R,-1700,-1600,98,0,-8
76,R,-1700,-1600,99,0,-7
76,R,-1700,-1600,100,0,-8
76,R,-1700,-1600,101,0,-7
76,R,-1700,-1600,102,0,-7
76,R,-1700,-1600,103,0,-8
76,R,-1700,-1600,104,0,-7
76,R,-1700,-1600,105,0,-8
76,R,-1700,-1600,106,0,-8
76,R,-1700,-1600,107,0,-7
76,R,-1700,-1600,108,0,-8
76,R,-1700,-1600,109,0,-7
76,R,-1700,-1600,110,0,-7
76,R,-1700,-1600,111,0,-8
76,R,-1700,-1600,112,0,-7
76,R,-1700,-1600,113,0,-8
76,R,-1700,-1600,114,0,-8
76,R,-1700,-1600,115,0,-7
76,R,-1700,-1600,116,0,-8
76,R,-1700,-1600,117,0,-7
76,R,-1700,-1600,118,0,-8
76,R,-1700,-1600,119,0,-7
76,R,-1700,-1600,120,0,-8
76,R,-1700,-1600,121,0,-7
76,R,-1700,-1600,122,0,-8
76,R,-1700,-1600,123,0,-8
76,R,-1700,-1600,124,0,-7
76,R,-1700,-1600,125,0,-8
76,R,-1700,-1600,126,0,-8
76,R,-1700,-1600,127,0,-7
76,R,-1700,-1600,128,0,-8
76,R,-1700,-1600,129,0,-7
76,R,-1700,-1600,130,0,-8
76,R,-1700,-1600,131,0,-7
76,R,-1700,-1600,132,0,-8
76,R,-1700,-1600,133,0,-8
76,R,-1700,-1600,134,0,-8
76,R,-1700,-1600,135,0,-7
76,R,-1700,-1600,136,0,-8
76,R,-1700,-1600,137,0,-8
76,R,-1700,-1600,138,0,-7
76,R,-1700,-1600,139,0,-8
76,R,-1700,-1600,140,0,-7
76,R,-1700,-1600,141,0,-8
76,R,-1700,-1600,142,0,-8
76,R,-1700,-1600,143,0,-7
76,R,-1700,-1600,144,0,-8
76,R,-1700,-1600,145,0,-8
76,R,-1700,-1600,146,0,-8
76,R,-1700,-1600,147,0,-8
76,R,-1700,-1600,148,0,-7
76,R,-1700,-1600,149,0,-8
76,R,-1700,-1600,150,0,-8
76,R,-1700,-1600,151,0,-7
76,R,-1700,-1600,152,0,-8
76,R,-1700,-1600,153,0,-7
76,R,-1700,-1600,154,0,-8
76,R,-1700,-1600,155,0,-8
76,R,-1700,-1600,156,0,-7
76,R,-1700,-1600,157,0,-8
76,R,-1700,-1600,158,0,-8
76,R,-1700,-1600,159,0,-8
76,R,-1700,-1600,160,0,-8
76,R,-1700,-1600,161,0,-8
76,R,-1700,-1600,162,0,-7
76,R,-1700,-1600,163,0,-8
76,R,-1700,-1600,164,0,-8
76,R,-1700,-1600,165,0,-7
76,R,-1700,-1600,166,0,-8
76,R,-1700,-1600,167,0,-8
76,R,-1700,-1600,168,0,-7
76,R,-1700,-1600,169,0,-8
76,R,-1700,-1600,170,0,-8
76,R,-1700,-1600,171,0,-7
76,R,-1700,-1600,172,0,-8
76,R,-1700,-1600,173,0,-8
76,R,-1700,-1600,174,0,-8
76,R,-1700,-1600,175,0,-8
76,R,-1700,-1600,176,0,-8
76,R,-1700,-1600,177,0,-8
76,R,-1700,-1600,178,0,-7
76,R,-1700,-1600,179,0,-8
76,R,-1700,-1600,180,0,-8
76,R,-1700,-1600,181,0,-8
76,R,-1700,-1600,182,0,-8
76,R,-1700,-1600,183,0,-7
76,R,-1700,-1600,184,0,-8
76,R,-1700,-1600,185,0,-8
76,R,-1700,-1600,186,0,-7
76,R,-1700,-1600,187,0,-8
76,R,-1700,-1600,188,0,-8
76,R,-1700,-1600,189,0,-8
76,R,-1700,-1600,190,0,-8
76,R,-1700,-1600,191,0,-7
76,R,-1700,-1600,192,0,-8
76,R,-1700,-1600,193,0,-8
76,R,-1700,-1600,194,0,-8
76,R,-1700,-1600,195,0,-8
76,R,-1700,-1600,196,0,-8
76,R,-1700,-1600,197,0,-8
76,R,-1700,-1600,198,0,-7
76,R,-1700,-1600,199,0,-8
76,R,-1700,-1600,200,0,-8
76,R,-1700,-1600,201,0,-8
76,R,-1700,-1600,202,0,-8
76,R,-1700,-1600,203,0,-8
76,R,-1700,-1600,204,0,-7
76,R,-1700,-1600,205,0,-8
76,R,-1700,-1600,206,0,-7
76,R,-1700,-1600,207,0,-8
76,R,-1700,-1600,208,0,-8
76,R,-1700,-1600,209,0,-7
76,R,-1700,-1600,210,0,-8
76,R,-1700,-1600,211,0,-7
76,R,-1700,-1600,212,0,-8
76,R,-1700,-1600,213,0,-7
76,R,-1700,-1600,214,0,-7
76,R,-1700,-1600,215,0,-7
76,R,-1700,-1600,216,0,-8
76,R,-1700,-1600,217,0,-7
76,R,-1700,-1600,218,0,-8
76,R,-1700,-1600,219,0,-6
76,R,-1700,-1600,220,0,-7
76,R,-1700,-1600,221,0,-8
76,R,-1700,-1600,222,0,-7
76,R,-1700,-1600,223,0,-7
76,R,-1700,-1600,224,0,-7
76,R,-1700,-1600,225,0,-7
76,R,-1700,-1600,226,0,-7
76,R,-1700,-1600,227,0,-7
76,R,-1700,-1600,228,0,-7
76,R,-1700,-1600,229,0,-7
76,R,-1700,-1600,230,0,-7
76,R,-1700,-1600,231,0,-6
76,R,-1700,-1600,232,0,-7
76,R,-1700,-1600,233,0,-7
76,R,-1700,-1600,234,0,-7
76,R,-1700,-1600,235,0,-6
76,R,-1700,-1600,236,0,-8
76,R,-1700,-1600,237,0,-6
76,R,-1700,-1600,238,0,-7
76,R,-1700,-1600,239,0,-7
76,R,-1700,-1600,240,0,-6
76,R,-1700,-1600,241,0,-6
76,R,-1700,-1600,242,0,-7
76,R,-1700,-1600,243,0,-7
76,R,-1700,-1600,244,0,-6
76,R,-1700,-1600,245,0,-7
76,R,-1700,-1600,246,0,-6
76,R,-1700,-1600,247,0,-7
76,R,-1700,-1600,248,0,-7
76,R,-1700,-1600,249,0,-6
76,R,-1700,-1600,250,0,-7
76,R,-1700,-1600,251,0,-6
76,R,-1700,-1600,252,0,-6
76,R,-1700,-1600,253,0,-7
76,R,-1700,-1600,254,0,-6
76,R,-1700,-1600,255,0,-6
76,R,-1700,-1600,256,0,-6
76,R,-1700,-1600,257,0,-7
76,R,-1700,-1600,258,0,-6
76,R,-1700,-1600,259,0,-6
76,R,-1700,-1600,260,0,-7
76,R,-1700,-1600,261,0,-6
76,R,-1700,-1600,262,0,-6
76,R,-1700,-1600,263,0,-6
76,R,-1700,-1600,264,0,-7
76,R,-1700,-1600,265,0,-6
76,R,-1700,-1600,266,0,-6
76,R,-1700,-1600,267,0,-6
76,R,-1700,-1600,268,0,-6
76,R,-1700,-1600,269,0,-7
76,R,-1700,-1600,270,0,-5
76,R,-1700,-1600,271,0,-7
76,R,-1700,-1600,272,0,-5
76,R,-1700,-1600,273,0,-7
76,R,-1700,-1600,274,0,-5
76,R,-1700,-1600,275,0,-7
76,R,-1700,-1600,276,0,-5
76,R,-1700,-1600,277,0,-7
76,R,-1700,-1600,278,0,-5
76,R,-1700,-1600,279,0,-7
76,R,-1700,-1600,280,0,-5
76,R,-1700,-1600,281,0,-7
76,R,-1700,-1600,282,0,-5
76,R,-1700,-1600,283,0,-6
76,R,-1700,-1600,284,0,-6
76,R,-1700,-1600,285,0,-6
76,R,-1700,-1600,286,0,-6
76,R,-1700,-1600,287,0,-6
76,R,-1700,-1600,288,0,-6
76,R,-1700,-1600,289,0,-5
76,R,-1700,-1600,290,0,-6
76,R,-1700,-1600,291,0,-6
76,R,-1700,-1600,292,0,-6
76,R,-1700,-1600,293,0,-6
76,R,-1700,-1600,294,0,-6
76,R,-1700,-1600,295,0,-5
76,R,-1700,-1600,296,0,-7
76,R,-1700,-1600,297,0,-5
76,R,-1700,-1600,298,0,-6
76,R,-1700,-1600,299,0,-6
76,R,-1700,-1600,300,0,-5
76,R,-1700,-1600,301,0,-6
76,R,-1700,-1600,302,0,-6
76,R,-1700,-1600,303,0,-6
76,R,-1700,-1600,304,0,-5
76,R,-1700,-1600,305,0,-6
76,R,-1700,-1600,306,0,-6
76,R,-1700,-1600,307,0,-5
76,R,-1700,-1600,308,0,-6
76,R,-1700,-1600,309,0,-6
76,R,-1700,-1600,310,0,-6
76,R,-1700,-1600,311,0,-5
76,R,-1700,-1600,312,0,-6
76,R,-1700,-1600,313,0,-6
76,R,-1700,-1600,314,0,-5
76,R,-1700,-1600,315,0,-6
76,R,-1700,-1600,316,0,-5
76,R,-1700,-1600,317,0,-6
76,R,-1700,-1600,318,0,-6
76,R,-1700,-1600,319,0,-5
76,R,-1700,-1600,320,0,-6
76,R,-1700,-1600,321,0,-5
76,R,-1700,-1600,322,0,-6
76,R,-1700,-1600,323,0,-6
76,R,-1700,-1600,324,0,-5
76,R,-1700,-1600,325,0,-6
76,R,-1700,-1600,326,0,-5
76,R,-1700,-1600,327,0,-6
76,R,-1700,-1600,328,0,-6
76,R,-1700,-1600,329,0,-5
76,R,-1700,-1600,330,0,-6
76,R,-1700,-1600,331,0,-5
76,R,-1700,-1600,332,0,-6
76,R,-1700,-1600,333,0,-5
76,R,-1700,-1600,334,0,-6
76,R,-1700,-1600,335,0,-6
76,R,-1700,-1600,336,0,-5
76,R,-1700,-1600,337,0,-5
76,R,-1700,-1600,338,0,-6
76,R,-1700,-1600,339,0,-5
76,R,-1700,-1600,340,0,-6
76,R,-1700,-1600,341,0,-5
76,R,-1700,-1600,342,0,-5
76,R,-1700,-1600,343,0,-6
76,R,-1700,-1600,344,0,-6
76,R,-1700,-1600,345,0,-5
76,R,-1700,-1600,346,0,-6
76,R,-1700,-1600,347,0,-5
76,R,-1700,-1600,348,0,-5
76,R,-1700,-1600,349,0,-6
76,R,-1700,-1600,350,0,-5
76,R,-1700,-1600,351,0,-6
76,R,-1700,-1600,352,0,-5
76,R,-1700,-1600,353,0,-5
76,R,-1700,-1600,354,0,-6
76,R,-1700,-1600,355,0,-6
76,R,-1700,-1600,356,0,-5
76,R,-1700,-1600,357,0,-6
76,R,-1700,-1600,358,0,-5
76,R,-1700,-1600,359,0,-5
76,R,-1700,-1600,360,0,-6
76,R,-1700,-1600,361,0,-5
76,R,-1700,-1600,362,0,-5
76,R,-1700,-1600,363,0,-6
76,R,-1700,-1600,364,0,-5
76,R,-1700,-1600,365,0,-6
76,R,-1700,-1600,366,0,-5
76,R,-1700,-1600,367,0,-5
76,R,-1700,-1600,368,0,-6
76,R,-1700,-1600,369,0,-5
76,R,-1700,-1600,370,0,-5
76,R,-1700,-1600,371,0,-6
76,R,-1700,-1600,372,0,-6
76,R,-1700,-1600,373,0,-5
76,R,-1700,-1600,374,0,-6
76,R,-1700,-1600,375,0,-5
76,R,-1700,-1600,376,0,-5
76,R,-1700,-1600,377,0,-6
76,R,-1700,-1600,378,0,-5
76,R,-1700,-1600,379,0,-5
76,R,-1700,-1600,380,0,-6
76,R,-1700,-1600,381,0,-5
76,R,-1700,-1600,382,0,-5
76,R,-1700,-1600,383,0,-6
76,R,-1700,-1600,384,0,-5
76,R,-1700,-1600,385,0,-5
76,R,-1700,-1600,386,0,-6
76,R,-1700,-1600,387,0,-5
76,R,-1700,-1600,388,0,-5
76,R,-1700,-1600,389,0,-6
76,R,-1700,-1600,390,0,-5
76,R,-1700,-1600,391,0,-6
76,R,-1700,-1600,392,0,-5
76,R,-1700,-1600,393,0,-5
76,R,-1700,-1600,394,0,-6
76,R,-1700,-1600,395,0,-5
76,R,-1700,-1600,396,0,-5
76,R,-1700,-1600,397,0,-6
76,R,-1700,-1600,398,0,-5
76,R,-1700,-1600,399,0,-5
76,R,-1700,-1600,400,0,-6
76,R,-1700,-1600,401,0,-6
76,R,-1700,-1600,402,0,-4
76,R,-1700,-1600,403,0,-6
76,R,-1700,-1600,404,0,-5
76,R,-1700,-1600,405,0,-5
76,R,-1700,-1600,406,0,-5
76,R,-1700,-1600,407,0,-6
76,R,-1700,-1600,408,0,-4
76,R,-1700,-1600,409,0,-5
76,R,-1700,-1600,410,0,-4
76,R,-1700,-1600,411,0,-5
76,R,-1700,-1600,412,0,-5
76,R,-1700,-1600,413,0,-5
76,R,-1700,-1600,414,0,-4
76,R,-1700,-1600,415,0,-5
76,R,-1700,-1600,416,0,-4
76,R,-1700,-1600,417,0,-4
76,R,-1700,-1600,418,0,-4
76,R,-1700,-1600,419,0,-4
76,R,-1700,-1600,420,0,-4
76,R,-1700,-1600,421,0,-4
76,R,-1700,-1600,422,0,-4
76,R,-1700,-1600,423,0,-4
76,R,-1700,-1600,424,0,-4
76,R,-1700,-1600,425,0,-4
76,R,-1700,-1600,426,0,-3
76,R,-1700,-1600,427,0,-4
76,R,-1700,-1600,428,0,-3
76,R,-1700,-1600,429,0,-4
76,R,-1700,-1600,430,0,-3
76,R,-1700,-1600,431,0,-3
76,R,-1700,-1600,432,0,-4
76,R,-1700,-1600,433,0,-3
76,R,-1700,-1600,434,0,-3
76,R,-1700,-1600,435,0,-3
76,R,-1700,-1600,436,0,-3
76,R,-1700,-1600,437,0,-3
76,R,-1700,-1600,438,0,-3
76,R,-1700,-1600,439,0,-2
76,R,-1700,-1600,440,0,-4
76,R,-1700,-1600,441,0,-2
76,R,-1700,-1600,442,0,-3
76,R,-1700,-1600,443,0,-3
76,R,-1700,-1600,444,0,-2
76,R,-1700,-1600,445,0,-2
76,R,-1700,-1600,446,0,-3
76,R,-1700,-1600,447,0,-2
76,R,-1700,-1600,448,0,-3
76,R,-1700,-1600,449,0,-2
76,R,-1700,-1600,450,0,-2
76,R,-1700,-1600,451,0,-2
76,R,-1700,-1600,452,0,-2
76,R,-1700,-1600,453,0,-2
76,R,-1700,-1600,454,0,-2
76,R,-1700,-1600,455,0,-2
76,R,-1700,-1600,456,0,-2
76,R,-1700,-1600,457,0,-2
76,R,-1700,-1600,458,0,-2
76,R,-1700,-1600,459,0,-1
76,R,-1700,-1600,460,0,-2
76,R,-1700,-1600,461,0,-1
76,R,-1700,-1600,462,0,-2
76,R,-1700,-1600,463,0,-2
76,R,-1700,-1600,464,0,-1
76,R,-1700,-1600,465,0,-2
76,R,-1700,-1600,466,0,-1
76,R,-1700,-1600,467,0,-1
76,R,-1700,-1600,468,0,-2
76,R,-1700,-1600,469,0,-1
76,R,-1700,-1600,470,0,0
76,R,-1700,-1600,471,0,-2
76,R,-1700,-1600,472,0,-1
76,R,-1700,-1600,473,0,-1
76,R,-1700,-1600,474,0,-1
76,R,-1700,-1600,475,0,-1
76,R,-1700,-1600,476,0,-1
76,R,-1700,-1600,477,0,-1
76,R,-1700,-1600,478,0,0
76,R,-1700,-1600,479,0,-1
76,R,-1700,-1600,480,0,0
76,R,-1700,-1600,481,0,-1
76,R,-1700,-1600,482,0,-1
76,R,-1700,-1600,483,0,0
76,R,-1700,-1600,484,0,0
76,R,-1700,-1600,485,0,0
76,R,-1700,-1600,486,0,-1
76,R,-1700,-1600,487,0,0
76,R,-1700,-1600,488,0,0
76,R,-1700,-1600,489,0,0
76,R,-1700,-1600,490,0,0
76,R,-1700,-1600,491,0,-1
76,R,-1700,-1600,492,0,0
76,R,-1700,-1600,493,0,0
76,R,-1700,-1600,494,0,0
76,R,-1700,-1600,495,0,0
76,R,-1700,-1600,496,0,0
76,R,-1700,-1600,497,0,0
76,R,-1700,-1600,498,0,0
76,R,-1700,-1600,499,0,0
77,R,-2000,-1500,0,0,0
77,R,-2000,-1500,1,0,0
77,R,-2000,-1500,2,0,0
77,R,-2000,-1500,3,0,-2
77,R,-2000,-1500,4,0,-2
77,R,-2000,-1500,5,0,-3
77,R,-2000,-1500,6,0,-4
77,R,-2000,-1500,7,0,-4
77,R,-2000,-1500,8,0,-5
77,R,-2000,-1500,9,0,-6
77,R,-2000,-1500,10,0,-6
77,R,-2000,-1500,11,0,-7
77,R,-2000,-1500,12,0,-7
77,R,-2000,-1500,13,0,-7
77,R,-2000,-1500,14,0,-8
77,R,-2000,-1500,15,0,-9
77,R,-2000,-1500,16,0,-8
77,R,-2000,-1500,17,0,-9
77,R,-2000,-1500,18,0,-9
77,R,-2000,-1500,19,0,-10
77,R,-2000,-1500,20,0,-10
77,R,-2000,-1500,21,0,-10
77,R,-2000,-1500,22,0,-10
77,R,-2000,-1500,23,0,-11
77,R,-2000,-1500,24,0,-11
77,R,-2000,-1500,25,0,-11
77,R,-2000,-1500,26,0,-11
77,R,-2000,-1500,27,0,-11
77,R,-2000,-1500,28,0,-12
77,R,-2000,-1500,29,0,-12
77,R,-2000,-1500,30,0,-12
77,R,-2000,-1500,31,0,-12
77,R,-2000,-1500,32,0,-12
77,R,-2000,-1500,33,0,-12
77,R,-2000,-1500,34,0,-13
77,R,-2000,-1500,35,0,-13
77,R,-2000,-1500,36,0,-13
77,R,-2000,-1500,37,0,-13
77,R,-2000,-1500,38,0,-12
77,R,-2000,-1500,39,0,-14
77,R,-2000,-1500,40,0,-13
77,R,-2000,-1500,41,0,-13
77,R,-2000,-1500,42,0,-14
77,R,-2000,-1500,43,0,-13
77,R,-2000,-1500,44,0,-13
77,R,-2000,-1500,45,0,-14
77,R,-2000,-1500,46,0,-14
77,R,-2000,-1500,47,0,-13
77,R,-2000,-1500,48,0,-15
77,R,-2000,-1500,49,0,-13
77,R,-2000,-1500,50,0,-14
77,R,-2000,-1500,51,0,-14
77,R,-2000,-1500,52,0,-15
77,R,-2000,-1500,53,0,-13
77,R,-2000,-1500,54,0,-15
77,R,-2000,-1500,55,0,-15
77,R,-2000,-1500,56,0,-13
77,R,-2000,-1500,57,0,-15
77,R,-2000,-1500,58,0,-14
77,R,-2000,-1500,59,0,-15
77,R,-2000,-1500,60,0,-15
77,R,-2000,-1500,61,0,-14
77,R,-2000,-1500,62,0,-15
77,R,-2000,-1500,63,0,-15
77,R,-2000,-1500,64,0,-14
77,R,-2000,-1500,65,0,-15
77,R,-2000,-1500,66,0,-15
77,R,-2000,-1500,67,0,-15
77,R,-2000,-1500,68,0,-14
77,R,-2000,-1500,69,0,-16
77,R,-2000,-1500,70,0,-15
77,R,-2000,-1500,71,0,-14
77,R,-2000,-1500,72,0,-15
77,R,-2000,-1500,73,0,-16
77,R,-2000,-1500,74,0,-15
77,R,-2000,-1500,75,0,-15
77,R,-2000,-1500,76,0,-15
77,R,-2000,-1500,77,0,-15
77,R,-2000,-1500,78,0,-15
77,R,-2000,-1500,79,0,-16
77,R,-2000,-1500,80,0,-15
77,R,-2000,-1500,81,0,-15
77,R,-2000,-1500,82,0,-15
77,R,-2000,-1500,83,0,-16
77,R,-2000,-1500,84,0,-15
77,R,-2000,-1500,85,0,-15
77,R,-2000,-1500,86,0,-15
77,R,-2000,-1500,87,0,-16
77,R,-2000,-1500,88,0,-15
77,R,-2000,-1500,89,0,-16
77,R,-2000,-1500,90,0,-16
77,R,-2000,-1500,91,0,-15
77,R,-2000,-1500,92,0,-15
77,R,-2000,-1500,93,0,-16
77,R,-2000,-1500,94,0,-15
77,R,-2000,-1500,95,0,-16
77,R,-2000,-1500,96,0,-15
77,R,-2000,-1500,97,0,-16
77,R,-2000,-1500,98,0,-16
77,R,-2000,-1500,99,0,-15
77,R,-2000,-1500,100,0,-16
77,R,-2000,-1500,101,0,-16
77,R,-2000,-1500,102,0,-15
77,R,-2000,-1500,103,0,-17
77,R,-2000,-1500,104,0,-14
77,R,-2000,-1500,105,0,-16
77,R,-2000,-1500,106,0,-16
77,R,-2000,-1500,107,0,-15
77,R,-2000,-1500,108,0,-16
77,R,-2000,-1500,109,0,-16
77,R,-2000,-1500,110,0,-16
77,R,-2000,-1500,111,0,-16
77,R,-2000,-1500,112,0,-16
77,R,-2000,-1500,113,0,-15
77,R,-2000,-1500,114,0,-16
77,R,-2000,-1500,115,0,-16
77,R,-2000,-1500,116,0,-16
77,R,-2000,-1500,117,0,-16
77,R,-2000,-1500,118,0,-16
77,R,-2000,-1500,119,0,-15
77,R,-2000,-1500,120,0,-16
77,R,-2000,-1500,121,0,-16
77,R,-2000,-1500,122,0,-16
77,R,-2000,-1500,123,0,-16
77,R,-2000,-1500,124,0,-15
77,R,-2000,-1500,125,0,-16
77,R,-2000,-1500,126,0,-16
77,R,-2000,-1500,127,0,-16
77,R,-2000,-1500,128,0,-16
77,R,-2000,-1500,129,0,-16
77,R,-2000,-1500,130,0,-16
77,R,-2000,-1500,131,0,-16
77,R,-2000,-1500,132,0,-16
77,R,-2000,-1500,133,0,-16
77,R,-2000,-1500,134,0,-16
77,R,-2000,-1500,135,0,-16
77,R,-2000,-1500,136,0,-15
77,R,-2000,-1500,137,0,-16
77,R,-2000,-1500,138,0,-17
77,R,-2000,-1500,139,0,-15
77,R,-2000,-1500,140,0,-17
77,R,-2000,-1500,141,0,-15
77,R,-2000,-1500,142,0,-16
77,R,-2000,-1500,143,0,-16
77,R,-2000,-1500,144,0,-16
77,R,-2000,-1500,145,0,-16
77,R,-2000,-1500,146,0,-17
77,R,-2000,-1500,147,0,-15
77,R,-2000,-1500,148,0,-17
77,R,-2000,-1500,149,0,-16
77,R,-2000,-1500,150,0,-16
77,R,-2000,-1500,151,0,-16
77,R,-2000,-1500,152,0,-16
77,R,-2000,-1500,153,0,-16
77,R,-2000,-1500,154,0,-16
77,R,-2000,-1500,155,0,-16
77,R,-2000,-1500,156,0,-16
77,R,-2000,-1500,157,0,-16
77,R,-2000,-1500,158,0,-16
77,R,-2000,-1500,159,0,-16
77,R,-2000,-1500,160,0,-16
77,R,-2000,-1500,161,0,-16
77,R,-2000,-1500,162,0,-17
77,R,-2000,-1500,163,0,-16
77,R,-2000,-1500,164,0,-17
77,R,-2000,-1500,165,0,-15
77,R,-2000,-1500,166,0,-16
77,R,-2000,-1500,167,0,-16
77,R,-2000,-1500,168,0,-17
77,R,-2000,-1500,169,0,-16
77,R,-2000,-1500,170,0,-16
77,R,-2000,-1500,171,0,-16
77,R,-2000,-1500,172,0,-16
77,R,-2000,-1500,173,0,-16
77,R,-2000,-1500,174,0,-16
77,R,-2000,-1500,175,0,-16
77,R,-2000,-1500,176,0,-16
77,R,-2000,-1500,177,0,-16
77,R,-2000,-1500,178,0,-17
77,R,-2000,-1500,179,0,-16
77,R,-2000,-1500,180,0,-16
77,R,-2000,-1500,181,0,-16
77,R,-2000,-1500,182,0,-16
77,R,-2000,-1500,183,0,-16
77,R,-2000,-1500,184,0,-16
77,R,-2000,-1500,185,0,-16
77,R,-2000,-1500,186,0,-16
77,R,-2000,-1500,187,0,-16
77,R,-2000,-1500,188,0,-16
77,R,-2000,-1500,189,0,-17
77,R,-2000,-1500,190,0,-16
77,R,-2000,-1500,191,0,-16
77,R,-2000,-1500,192,0,-16
77,R,-2000,-1500,193,0,-16
77,R,-2000,-1500,194,0,-17
77,R,-2000,-1500,195,0,-16
77,R,-2000,-1500,196,0,-16
77,R,-2000,-1500,197,0,-16
77,R,-2000,-1500,198,0,-17
77,R,-2000,-1500,199,0,-16
77,R,-2000,-1500,200,0,-16
77,R,-2000,-1500,201,0,-16
77,R,-2000,-1500,202,0,-16
77,R,-2000,-1500,203,0,-16
77,R,-2000,-1500,204,0,-16
77,R,-2000,-1500,205,0,-16
77,R,-2000,-1500,206,0,-15
77,R,-2000,-1500,207,0,-16
77,R,-2000,-1500,208,0,-15
77,R,-2000,-1500,209,0,-15
77,R,-2000,-1500,210,0,-16
77,R,-2000,-1500,211,0,-15
77,R,-2000,-1500,212,0,-16
77,R,-2000,-1500,213,0,-14
77,R,-2000,-1500,214,0,-15
77,R,-2000,-1500,215,0,-15
77,R,-2000,-1500,216,0,-15
77,R,-2000,-1500,217,0,-14
77,R,-2000,-1500,218,0,-15
77,R,-2000,-1500,219,0,-14
77,R,-2000,-1500,220,0,-15
77,R,-2000,-1500,221,0,-15
77,R,-2000,-1500,222,0,-13
77,R,-2000,-1500,223,0,-15
77,R,-2000,-1500,224,0,-13
77,R,-2000,-1500,225,0,-15
77,R,-2000,-1500,226,0,-13
77,R,-2000,-1500,227,0,-15
77,R,-2000,-1500,228,0,-13
77,R,-2000,-1500,229,0,-13
77,R,-2000,-1500,230,0,-14
77,R,-2000,-1500,231,0,-13
77,R,-2000,-1500,232,0,-14
77,R,-2000,-1500,233,0,-13
77,R,-2000,-1500,234,0,-13
77,R,-2000,-1500,235,0,-13
77,R,-2000,-1500,236,0,-14
77,R,-2000,-1500,237,0,-13
77,R,-2000,-1500,238,0,-12
77,R,-2000,-1500,239,0,-13
77,R,-2000,-1500,240,0,-13
77,R,-2000,-1500,241,0,-13
77,R,-2000,-1500,242,0,-12
77,R,-2000,-1500,243,0,-13
77,R,-2000,-1500,244,0,-12
77,R,-2000,-1500,245,0,-12
77,R,-2000,-1500,246,0,-12
77,R,-2000,-1500,247,0,-12
77,R,-2000,-1500,248,0,-12
77,R,-2000,-1500,249,0,-12
77,R,-2000,-1500,250,0,-12
77,R,-2000,-1500,251,0,-12
77,R,-2000,-1500,252,0,-12
77,R,-2000,-1500,253,0,-12
77,R,-2000,-1500,254,0,-12
77,R,-2000,-1500,255,0,-11
77,R,-2000,-1500,256,0,-12
77,R,-2000,-1500,257,0,-11
77,R,-2000,-1500,258,0,-11
77,R,-2000,-1500,259,0,-11
77,R,-2000,-1500,260,0,-12
77,R,-2000,-1500,261,0,-11
77,R,-2000,-1500,262,0,-11
77,R,-2000,-1500,263,0,-11
77,R,-2000,-1500,264,0,-11
77,R,-2000,-1500,265,0,-11
77,R,-2000,-1500,266,0,-10
77,R,-2000,-1500,267,0,-11
77,R,-2000,-1500,268,0,-11
77,R,-2000,-1500,269,0,-10
77,R,-2000,-1500,270,0,-11
77,R,-2000,-1500,271,0,-11
77,R,-2000,-1500,272,0,-9
77,R,-2000,-1500,273,0,-11
77,R,-2000,-1500,274,0,-10
77,R,-2000,-1500,275,0,-11
77,R,-2000,-1500,276,0,-9
77,R,-2000,-1500,277,0,-11
77,R,-2000,-1500,278,0,-9
77,R,-2000,-1500,279,0,-11
77,R,-2000,-1500,280,0,-9
77,R,-2000,-1500,281,0,-10
77,R,-2000,-1500,282,0,-10
77,R,-2000,-1500,283,0,-10
77,R,-2000,-1500,284,0,-9
77,R,-2000,-1500,285,0,-10
77,R,-2000,-1500,286,0,-10
77,R,-2000,-1500,287,0,-8
77,R,-2000,-1500,288,0,-10
77,R,-2000,-1500,289,0,-9
77,R,-2000,-1500,290,0,-9
77,R,-2000,-1500,291,0,-9
77,R,-2000,-1500,292,0,-10
77,R,-2000,-1500,293,0,-9
77,R,-2000,-1500,294,0,-9
77,R,-2000,-1500,295,0,-9
77,R,-2000,-1500,296,0,-9
77,R,-2000,-1500,297,0,-9
77,R,-2000,-1500,298,0,-8
77,R,-2000,-1500,299,0,-9
77,R,-2000,-1500,300,0,-8
77,R,-2000,-1500,301,0,-9
77,R,-2000,-1500,302,0,-9
77,R,-2000,-1500,303,0,-8
77,R,-2000,-1500,304,0,-9
77,R,-2000,-1500,305,0,-8
77,R,-2000,-1500,306,0,-8
77,R,-2000,-1500,307,0,-8
77,R,-2000,-1500,308,0,-9
77,R,-2000,-1500,309,0,-8
77,R,-2000,-1500,310,0,-8
77,R,-2000,-1500,311,0,-8
77,R,-2000,-1500,312,0,-8
77,R,-2000,-1500,313,0,-8
77,R,-2000,-1500,314,0,-8
77,R,-2000,-1500,315,0,-8
77,R,-2000,-1500,316,0,-8
77,R,-2000,-1500,317,0,-7
77,R,-2000,-1500,318,0,-8
77,R,-2000,-1500,319,0,-8
77,R,-2000,-1500,320,0,-8
77,R,-2000,-1500,321,0,-7
77,R,-2000,-1500,322,0,-8
77,R,-2000,-1500,323,0,-7
77,R,-2000,-1500,324,0,-7
77,R,-2000,-1500,325,0,-8
77,R,-2000,-1500,326,0,-7
77,R,-2000,-1500,327,0,-8
77,R,-2000,-1500,328,0,-7
77,R,-2000,-1500,329,0,-7
77,R,-2000,-1500,330,0,-7
77,R,-2000,-1500,331,0,-7
77,R,-2000,-1500,332,0,-7
77,R,-2000,-1500,333,0,-8
77,R,-2000,-1500,334,0,-6
77,R,-2000,-1500,335,0,-7
77,R,-2000,-1500,336,0,-7
77,R,-2000,-1500,337,0,-7
77,R,-2000,-1500,338,0,-6
77,R,-2000,-1500,339,0,-7
77,R,-2000,-1500,340,0,-7
77,R,-2000,-1500,341,0,-6
77,R,-2000,-1500,342,0,-7
77,R,-2000,-1500,343,0,-7
77,R,-2000,-1500,344,0,-6
77,R,-2000,-1500,345,0,-7
77,R,-2000,-1500,346,0,-6
77,R,-2000,-1500,347,0,-7
77,R,-2000,-1500,348,0,-6
77,R,-2000,-1500,349,0,-6
77,R,-2000,-1500,350,0,-7
77,R,-2000,-1500,351,0,-6
77,R,-2000,-1500,352,0,-6
77,R,-2000,-1500,353,0,-6
77,R,-2000,-1500,354,0,-7
77,R,-2000,-1500,355,0,-5
77,R,-2000,-1500,356,0,-7
77,R,-2000,-1500,357,0,-6
77,R,-2000,-1500,358,0,-6
77,R,-2000,-1500,359,0,-6
77,R,-2000,-1500,360,0,-6
77,R,-2000,-1500,361,0,-5
77,R,-2000,-1500,362,0,-6
77,R,-2000,-1500,363,0,-6
77,R,-2000,-1500,364,0,-6
77,R,-2000,-1500,365,0,-5
77,R,-2000,-1500,366,0,-7
77,R,-2000,-1500,367,0,-5
77,R,-2000,-1500,368,0,-6
77,R,-2000,-1500,369,0,-6
77,R,-2000,-1500,370,0,-5
77,R,-2000,-1500,371,0,-6
77,R,-2000,-1500,372,0,-5
77,R,-2000,-1500,373,0,-6
77,R,-2000,-1500,374,0,-5
77,R,-2000,-1500,375,0,-5
77,R,-2000,-1500,376,0,-6
77,R,-2000,-1500,377,0,-5
77,R,-2000,-1500,378,0,-5
77,R,-2000,-1500,379,0,-6
77,R,-2000,-1500,380,0,-5
77,R,-2000,-1500,381,0,-5
77,R,-2000,-1500,382,0,-6
77,R,-2000,-1500,383,0,-5
77,R,-2000,-1500,384,0,-5
77,R,-2000,-1500,385,0,-5
77,R,-2000,-1500,386,0,-6
77,R,-2000,-1500,387,0,-5
77,R,-2000,-1500,388,0,-4
77,R,-2000,-1500,389,0,-5
77,R,-2000,-1500,390,0,-6
77,R,-2000,-1500,391,0,-5
77,R,-2000,-1500,392,0,-4
77,R,-2000,-1500,393,0,-5
77,R,-2000,-1500,394,0,-5
77,R,-2000,-1500,395,0,-5
77,R,-2000,-1500,396,0,-5
77,R,-2000,-1500,397,0,-4
77,R,-2000,-1500,398,0,-5
77,R,-2000,-1500,399,0,-5
77,R,-2000,-1500,400,0,-5
77,R,-2000,-1500,401,0,-5
77,R,-2000,-1500,402,0,-4
77,R,-2000,-1500,403,0,-5
77,R,-2000,-1500,404,0,-4
77,R,-2000,-1500,405,0,-4
77,R,-2000,-1500,406,0,-5
77,R,-2000,-1500,407,0,-5
77,R,-2000,-1500,408,0,-4
77,R,-2000,-1500,409,0,-4
77,R,-2000,-1500,410,0,-4
77,R,-2000,-1500,411,0,-4
77,R,-2000,-1500,412,0,-4
77,R,-2000,-1500,413,0,-4
77,R,-2000,-1500,414,0,-4
77,R,-2000,-1500,415,0,-3
77,R,-2000,-1500,416,0,-4
77,R,-2000,-1500,417,0,-3
77,R,-2000,-1500,418,0,-4
77,R,-2000,-1500,419,0,-3
77,R,-2000,-1500,420,0,-4
77,R,-2000,-1500,421,0,-4
77,R,-2000,-1500,422,0,-3
77,R,-2000,-1500,423,0,-3
77,R,-2000,-1500,424,0,-3
77,R,-2000,-1500,425,0,-3
77,R,-2000,-1500,426,0,-4
77,R,-2000,-1500,427,0,-3
77,R,-2000,-1500,428,0,-2
77,R,-2000,-1500,429,0,-3
77,R,-2000,-1500,430,0,-3
77,R,-2000,-1500,431,0,-3
77,R,-2000,-1500,432,0,-2
77,R,-2000,-1500,433,0,-3
77,R,-2000,-1500,434,0,-3
77,R,-2000,-1500,435,0,-2
77,R,-2000,-1500,436,0,-3
77,R,-2000,-1500,437,0,-2
77,R,-2000,-1500,438,0,-3
77,R,-2000,-1500,439,0,-2
77,R,-2000,-1500,440,0,-2
77,R,-2000,-1500,441,0,-3
77,R,-2000,-1500,442,0,-1
77,R,-2000,-1500,443,0,-3
77,R,-2000,-1500,444,0,-1
77,R,-2000,-1500,445,0,-3
77,R,-2000,-1500,446,0,-1
77,R,-2000,-1500,447,0,-2
77,R,-2000,-1500,448,0,-2
77,R,-2000,-1500,449,0,-1
77,R,-2000,-1500,450,0,-2
77,R,-2000,-1500,451,0,-2
77,R,-2000,-1500,452,0,-2
77,R,-2000,-1500,453,0,-1
77,R,-2000,-1500,454,0,-1
77,R,-2000,-1500,455,0,-2
77,R,-2000,-1500,456,0,-1
77,R,-2000,-1500,457,0,-2
77,R,-2000,-1500,458,0,-1
77,R,-2000,-1500,459,0,-1
77,R,-2000,-1500,460,0,-1
77,R,-2000,-1500,461,0,-1
77,R,-2000,-1500,462,0,-1
77,R,-2000,-1500,463,0,-1
77,R,-2000,-1500,464,0,-1
77,R,-2000,-1500,465,0,-1
77,R,-2000,-1500,466,0,-1
77,R,-2000,-1500,467,0,-1
77,R,-2000,-1500,468,0,0
77,R,-2000,-1500,469,0,-1
77,R,-2000,-1500,470,0,-1
77,R,-2000,-1500,471,0,-1
77,R,-2000,-1500,472,0,0
77,R,-2000,-1500,473,0,-1
77,R,-2000,-1500,474,0,0
77,R,-2000,-1500,475,0,-1
77,R,-2000,-1500,476,0,0
77,R,-2000,-1500,477,0,-1
77,R,-2000,-1500,478,0,0
77,R,-2000,-1500,479,0,0
77,R,-2000,-1500,480,0,-1
77,R,-2000,-1500,481,0,0
77,R,-2000,-1500,482,0,0
77,R,-2000,-1500,483,0,0
77,R,-2000,-1500,484,0,0
77,R,-2000,-1500,485,0,0
77,R,-2000,-1500,486,0,1
77,R,-2000,-1500,487,0,0
77,R,-2000,-1500,488,0,0
77,R,-2000,-1500,489,0,0
77,R,-2000,-1500,490,0,0
77,R,-2000,-1500,491,0,0
77,R,-2000,-1500,492,0,0
77,R,-2000,-1500,493,0,0
77,R,-2000,-1500,494,0,0
77,R,-2000,-1500,495,0,0
77,R,-2000,-1500,496,0,0
77,R,-2000,-1500,497,0,0
77,R,-2000,-1500,498,0,0
77,R,-2000,-1500,499,0,0
78,R,-1600,1600,0,0,0
78,R,-1600,1600,1,0,0
78,R,-1600,1600,2,0,-1
78,R,-1600,1600,3,0,0
78,R,-1600,1600,4,0,-1
78,R,-1600,1600,5,0,0
78,R,-1600,1600,6,0,-1
78,R,-1600,1600,7,0,-1
78,R,-1600,1600,8,0,-1
78,R,-1600,1600,9,0,-1
78,R,-1600,1600,10,0,-2
78,R,-1600,1600,11,0,-2
78,R,-1600,1600,12,0,-1
78,R,-1600,1600,13,0,-2
78,R,-1600,1600,14,0,-1
78,R,-1600,1600,15,0,-3
78,R,-1600,1600,16,0,-1
78,R,-1600,1600,17,0,-3
78,R,-1600,1600,18,0,-2
78,R,-1600,1600,19,0,-2
78,R,-1600,1600,20,0,-3
78,R,-1600,1600,21,0,-2
78,R,-1600,1600,22,0,-3
78,R,-1600,1600,23,0,-2
78,R,-1600,1600,24,0,-3
78,R,-1600,1600,25,0,-3
78,R,-1600,1600,26,0,-3
78,R,-1600,1600,27,0,-2
78,R,-1600,1600,28,0,-4
78,R,-1600,1600,29,0,-3
78,R,-1600,1600,30,0,-2
78,R,-1600,1600,31,0,-3
78,R,-1600,1600,32,0,-4
78,R,-1600,1600,33,0,-3
78,R,-1600,1600,34,0,-4
78,R,-1600,1600,35,0,-3
78,R,-1600,1600,36,0,-3
78,R,-1600,1600,37,0,-3
78,R,-1600,1600,38,0,-4
78,R,-1600,1600,39,0,-4
78,R,-1600,1600,40,0,-3
78,R,-1600,1600,41,0,-4
78,R,-1600,1600,42,0,-4
78,R,-1600,1600,43,0,-3
78,R,-1600,1600,44,0,-4
78,R,-1600,1600,45,0,-4
78,R,-1600,1600,46,0,-3
78,R,-1600,1600,47,0,-4
78,R,-1600,1600,48,0,-4
78,R,-1600,1600,49,0,-4
78,R,-1600,1600,50,0,-4
78,R,-1600,1600,51,0,-4
78,R,-1600,1600,52,0,-4
78,R,-1600,1600,53,0,-4
78,R,-1600,1600,54,0,-4
78,R,-1600,1600,55,0,-4
78,R,-1600,1600,56,0,-4
78,R,-1600,1600,57,0,-4
78,R,-1600,1600,58,0,-5
78,R,-1600,1600,59,0,-4
78,R,-1600,1600,60,0,-4
78,R,-1600,1600,61,0,-5
78,R,-1600,1600,62,0,-4
78,R,-1600,1600,63,0,-4
78,R,-1600,1600,64,0,-4
78,R,-1600,1600,65,0,-5
78,R,-1600,1600,66,0,-4
78,R,-1600,1600,67,0,-4
78,R,-1600,1600,68,0,-4
78,R,-1600,1600,69,0,-5
78,R,-1600,1600,70,0,-4
78,R,-1600,1600,71,0,-5
78,R,-1600,1600,72,0,-5
78,R,-1600,1600,73,0,-4
78,R,-1600,1600,74,0,-5
78,R,-1600,1600,75,0,-4
78,R,-1600,1600,76,0,-4
78,R,-1600,1600,77,0,-5
78,R,-1600,1600,78,0,-4
78,R,-1600,1600,79,0,-5
78,R,-1600,1600,80,0,-5
78,R,-1600,1600,81,0,-5
78,R,-1600,1600,82,0,-4
78,R,-1600,1600,83,0,-4
78,R,-1600,1600,84,0,-5
78,R,-1600,1600,85,0,-5
78,R,-1600,1600,86,0,-5
78,R,-1600,1600,87,0,-4
78,R,-1600,1600,88,0,-5
78,R,-1600,1600,89,0,-4
78,R,-1600,1600,90,0,-5
78,R,-1600,1600,91,0,-5
78,R,-1600,1600,92,0,-5
78,R,-1600,1600,93,0,-5
78,R,-1600,1600,94,0,-4
78,R,-1600,1600,95,0,-5
78,R,-1600,1600,96,0,-5
78,R,-1600,1600,97,0,-5
78,R,-1600,1600,98,0,-5
78,R,-1600,1600,99,0,-4
78,R,-1600,1600,100,0,-5
78,R,-1600,1600,101,0,-5
78,R,-1600,1600,102,0,-5
78,R,-1600,1600,103,0,-5
78,R,-1600,1600,104,0,-4
78,R,-1600,1600,105,0,-5
78,R,-1600,1600,106,0,-5
78,R,-1600,1600,107,0,-5
78,R,-1600,1600,108,0,-5
78,R,-1600,1600,109,0,-5
78,R,-1600,1600,110,0,-5
78,R,-1600,1600,111,0,-5
78,R,-1600,1600,112,0,-5
78,R,-1600,1600,113,0,-4
78,R,-1600,1600,114,0,-6
78,R,-1600,1600,115,0,-5
78,R,-1600,1600,116,0,-5
78,R,-1600,1600,117,0,-4
78,R,-1600,1600,118,0,-6
78,R,-1600,1600,119,0,-5
78,R,-1600,1600,120,0,-5
78,R,-1600,1600,121,0,-4
78,R,-1600,1600,122,0,-6
78,R,-1600,1600,123,0,-5
78,R,-1600,1600,124,0,-5
78,R,-1600,1600,125,0,-4
78,R,-1600,1600,126,0,-6
78,R,-1600,1600,127,0,-5
78,R,-1600,1600,128,0,-5
78,R,-1600,1600,129,0,-5
78,R,-1600,1600,130,0,-5
78,R,-1600,1600,131,0,-5
78,R,-1600,1600,132,0,-5
78,R,-1600,1600,133,0,-5
78,R,-1600,1600,134,0,-6
78,R,-1600,1600,135,0,-5
78,R,-1600,1600,136,0,-4
78,R,-1600,1600,137,0,-6
78,R,-1600,1600,138,0,-5
78,R,-1600,1600,139,0,-5
78,R,-1600,1600,140,0,-5
78,R,-1600,1600,141,0,-5
78,R,-1600,1600,142,0,-5
78,R,-1600,1600,143,0,-5
78,R,-1600,1600,144,0,-5
78,R,-1600,1600,145,0,-6
78,R,-1600,1600,146,0,-5
78,R,-1600,1600,147,0,-5
78,R,-1600,1600,148,0,-5
78,R,-1600,1600,149,0,-5
78,R,-1600,1600,150,0,-5
78,R,-1600,1600,151,0,-5
78,R,-1600,1600,152,0,-6
78,R,-1600,1600,153,0,-5
78,R,-1600,1600,154,0,-5
78,R,-1600,1600,155,0,-5
78,R,-1600,1600,156,0,-6
78,R,-1600,1600,157,0,-4
78,R,-1600,1600,158,0,-6
78,R,-1600,1600,159,0,-5
78,R,-1600,1600,160,0,-5
78,R,-1600,1600,161,0,-5
78,R,-1600,1600,162,0,-6
78,R,-1600,1600,163,0,-5
78,R,-1600,1600,164,0,-5
78,R,-1600,1600,165,0,-5
78,R,-1600,1600,166,0,-5
78,R,-1600,1600,167,0,-5
78,R,-1600,1600,168,0,-6
78,R,-1600,1600,169,0,-5
78,R,-1600,1600,170,0,-5
78,R,-1600,1600,171,0,-5
78,R,-1600,1600,172,0,-6
78,R,-1600,1600,173,0,-5
78,R,-1600,1600,174,0,-5
78,R,-1600,1600,175,0,-6
78,R,-1600,1600,176,0,-5
78,R,-1600,1600,177,0,-4
78,R,-1600,1600,178,0,-6
78,R,-1600,1600,179,0,-5
78,R,-1600,1600,180,0,-5
78,R,-1600,1600,181,0,-5
78,R,-1600,1600,182,0,-6
78,R,-1600,1600,183,0,-5
78,R,-1600,1600,184,0,-5
78,R,-1600,1600,185,0,-6
78,R,-1600,1600,186,0,-5
78,R,-1600,1600,187,0,-5
78,R,-1600,1600,188,0,-6
78,R,-1600,1600,189,0,-5
78,R,-1600,1600,190,0,-4
78,R,-1600,1600,191,0,-6
78,R,-1600,1600,192,0,-5
78,R,-1600,1600,193,0,-5
78,R,-1600,1600,194,0,-6
78,R,-1600,1600,195,0,-5
78,R,-1600,1600,196,0,-5
78,R,-1600,1600,197,0,-5
78,R,-1600,1600,198,0,-6
78,R,-1600,1600,199,0,-5
78,R,-1600,1600,200,0,-5
78,R,-1600,1600,201,0,-6
78,R,-1600,1600,202,0,-5
78,R,-1600,1600,203,0,-4
78,R,-1600,1600,204,0,-4
78,R,-1600,1600,205,0,-3
78,R,-1600,1600,206,0,-3
78,R,-1600,1600,207,0,-2
78,R,-1600,1600,208,0,-3
78,R,-1600,1600,209,0,-1
78,R,-1600,1600,210,0,-2
78,R,-1600,1600,211,0,-1
78,R,-1600,1600,212,0,-1
78,R,-1600,1600,213,0,0
78,R,-1600,1600,214,0,0
78,R,-1600,1600,215,0,0
78,R,-1600,1600,216,0,0
78,R,-1600,1600,217,0,0
78,R,-1600,1600,218,0,1
78,R,-1600,1600,219,0,0
78,R,-1600,1600,220,0,1
78,R,-1600,1600,221,0,1
78,R,-1600,1600,222,0,1
78,R,-1600,1600,223,0,0
78,R,-1600,1600,224,0,1
78,R,-1600,1600,225,0,2
78,R,-1600,1600,226,0,1
78,R,-1600,1600,227,0,2
78,R,-1600,1600,228,0,2
78,R,-1600,1600,229,0,1
78,R,-1600,1600,230,0,3
78,R,-1600,1600,231,0,1
78,R,-1600,1600,232,0,3
78,R,-1600,1600,233,0,1
78,R,-1600,1600,234,0,3
78,R,-1600,1600,235,0,2
78,R,-1600,1600,236,0,2
78,R,-1600,1600,237,0,3
78,R,-1600,1600,238,0,2
78,R,-1600,1600,239,0,3
78,R,-1600,1600,240,0,3
78,R,-1600,1600,241,0,2
78,R,-1600,1600,242,0,3
78,R,-1600,1600,243,0,3
78,R,-1600,1600,244,0,2
78,R,-1600,1600,245,0,4
78,R,-1600,1600,246,0,3
78,R,-1600,1600,247,0,3
78,R,-1600,1600,248,0,3
78,R,-1600,1600,249,0,3
78,R,-1600,1600,250,0,3
78,R,-1600,1600,251,0,4
78,R,-1600,1600,252,0,3
78,R,-1600,1600,253,0,3
78,R,-1600,1600,254,0,3
78,R,-1600,1600,255,0,4
78,R,-1600,1600,256,0,3
78,R,-1600,1600,257,0,4
78,R,-1600,1600,258,0,4
78,R,-1600,1600,259,0,3
78,R,-1600,1600,260,0,4
78,R,-1600,1600,261,0,4
78,R,-1600,1600,262,0,3
78,R,-1600,1600,263,0,4
78,R,-1600,1600,264,0,3
78,R,-1600,1600,265,0,4
78,R,-1600,1600,266,0,4
78,R,-1600,1600,267,0,4
78,R,-1600,1600,268,0,4
78,R,-1600,1600,269,0,4
78,R,-1600,1600,270,0,4
78,R,-1600,1600,271,0,4
78,R,-1600,1600,272,0,4
78,R,-1600,1600,273,0,4
78,R,-1600,1600,274,0,4
78,R,-1600,1600,275,0,4
78,R,-1600,1600,276,0,4
78,R,-1600,1600,277,0,4
78,R,-1600,1600,278,0,4
78,R,-1600,1600,279,0,5
78,R,-1600,1600,280,0,4
78,R,-1600,1600,281,0,4
78,R,-1600,1600,282,0,5
78,R,-1600,1600,283,0,4
78,R,-1600,1600,284,0,4
78,R,-1600,1600,285,0,4
78,R,-1600,1600,286,0,5
78,R,-1600,1600,287,0,4
78,R,-1600,1600,288,0,4
78,R,-1600,1600,289,0,4
78,R,-1600,1600,290,0,5
78,R,-1600,1600,291,0,4
78,R,-1600,1600,292,0,4
78,R,-1600,1600,293,0,5
78,R,-1600,1600,294,0,5
78,R,-1600,1600,295,0,4
78,R,-1600,1600,296,0,5
78,R,-1600,1600,297,0,4
78,R,-1600,1600,298,0,4
78,R,-1600,1600,299,0,5
78,R,-1600,1600,300,0,4
78,R,-1600,1600,301,0,5
78,R,-1600,1600,302,0,5
78,R,-1600,1600,303,0,4
78,R,-1600,1600,304,0,5
78,R,-1600,1600,305,0,4
78,R,-1600,1600,306,0,5
78,R,-1600,1600,307,0,4
78,R,-1600,1600,308,0,5
78,R,-1600,1600,309,0,5
78,R,-1600,1600,310,0,4
78,R,-1600,1600,311,0,5
78,R,-1600,1600,312,0,4
78,R,-1600,1600,313,0,5
78,R,-1600,1600,314,0,5
78,R,-1600,1600,315,0,5
78,R,-1600,1600,316,0,4
78,R,-1600,1600,317,0,5
78,R,-1600,1600,318,0,4
78,R,-1600,1600,319,0,5
78,R,-1600,1600,320,0,5
78,R,-1600,1600,321,0,5
78,R,-1600,1600,322,0,5
78,R,-1600,1600,323,0,4
78,R,-1600,1600,324,0,5
78,R,-1600,1600,325,0,4
78,R,-1600,1600,326,0,5
78,R,-1600,1600,327,0,5
78,R,-1600,1600,328,0,5
78,R,-1600,1600,329,0,4
78,R,-1600,1600,330,0,5
78,R,-1600,1600,331,0,5
78,R,-1600,1600,332,0,5
78,R,-1600,1600,333,0,5
78,R,-1600,1600,334,0,4
78,R,-1600,1600,335,0,5
78,R,-1600,1600,336,0,5
78,R,-1600,1600,337,0,5
78,R,-1600,1600,338,0,5
78,R,-1600,1600,339,0,4
78,R,-1600,1600,340,0,5
78,R,-1600,1600,341,0,5
78,R,-1600,1600,342,0,5
78,R,-1600,1600,343,0,5
78,R,-1600,1600,344,0,4
78,R,-1600,1600,345,0,5
78,R,-1600,1600,346,0,5
78,R,-1600,1600,347,0,5
78,R,-1600,1600,348,0,5
78,R,-1600,1600,349,0,4
78,R,-1600,1600,350,0,5
78,R,-1600,1600,351,0,5
78,R,-1600,1600,352,0,5
78,R,-1600,1600,353,0,5
78,R,-1600,1600,354,0,5
78,R,-1600,1600,355,0,4
78,R,-1600,1600,356,0,6
78,R,-1600,1600,357,0,5
78,R,-1600,1600,358,0,4
78,R,-1600,1600,359,0,5
78,R,-1600,1600,360,0,5
78,R,-1600,1600,361,0,5
78,R,-1600,1600,362,0,5
78,R,-1600,1600,363,0,4
78,R,-1600,1600,364,0,5
78,R,-1600,1600,365,0,6
78,R,-1600,1600,366,0,4
78,R,-1600,1600,367,0,5
78,R,-1600,1600,368,0,5
78,R,-1600,1600,369,0,5
78,R,-1600,1600,370,0,5
78,R,-1600,1600,371,0,5
78,R,-1600,1600,372,0,4
78,R,-1600,1600,373,0,5
78,R,-1600,1600,374,0,6
78,R,-1600,1600,375,0,5
78,R,-1600,1600,376,0,4
78,R,-1600,1600,377,0,5
78,R,-1600,1600,378,0,5
78,R,-1600,1600,379,0,5
78,R,-1600,1600,380,0,5
78,R,-1600,1600,381,0,5
78,R,-1600,1600,382,0,4
78,R,-1600,1600,383,0,6
78,R,-1600,1600,384,0,5
78,R,-1600,1600,385,0,4
78,R,-1600,1600,386,0,5
78,R,-1600,1600,387,0,5
78,R,-1600,1600,388,0,5
78,R,-1600,1600,389,0,5
78,R,-1600,1600,390,0,5
78,R,-1600,1600,391,0,5
78,R,-1600,1600,392,0,5
78,R,-1600,1600,393,0,5
78,R,-1600,1600,394,0,5
78,R,-1600,1600,395,0,4
78,R,-1600,1600,396,0,6
78,R,-1600,1600,397,0,5
78,R,-1600,1600,398,0,4
78,R,-1600,1600,399,0,5
78,R,-1600,1600,400,0,6
78,R,-1600,1600,401,0,5
78,R,-1600,1600,402,0,4
78,R,-1600,1600,403,0,5
78,R,-1600,1600,404,0,5
78,R,-1600,1600,405,0,5
78,R,-1600,1600,406,0,4
78,R,-1600,1600,407,0,5
78,R,-1600,1600,408,0,4
78,R,-1600,1600,409,0,4
78,R,-1600,1600,410,0,5
78,R,-1600,1600,411,0,4
78,R,-1600,1600,412,0,4
78,R,-1600,1600,413,0,4
78,R,-1600,1600,414,0,4
78,R,-1600,1600,415,0,4
78,R,-1600,1600,416,0,4
78,R,-1600,1600,417,0,4
78,R,-1600,1600,418,0,3
78,R,-1600,1600,419,0,4
78,R,-1600,1600,420,0,4
78,R,-1600,1600,421,0,4
78,R,-1600,1600,422,0,3
78,R,-1600,1600,423,0,3
78,R,-1600,1600,424,0,3
78,R,-1600,1600,425,0,4
78,R,-1600,1600,426,0,3
78,R,-1600,1600,427,0,3
78,R,-1600,1600,428,0,3
78,R,-1600,1600,429,0,3
78,R,-1600,1600,430,0,3
78,R,-1600,1600,431,0,3
78,R,-1600,1600,432,0,2
78,R,-1600,1600,433,0,3
78,R,-1600,1600,434,0,3
78,R,-1600,1600,435,0,3
78,R,-1600,1600,436,0,2
78,R,-1600,1600,437,0,3
78,R,-1600,1600,438,0,2
78,R,-1600,1600,439,0,3
78,R,-1600,1600,440,0,2
78,R,-1600,1600,441,0,2
78,R,-1600,1600,442,0,2
78,R,-1600,1600,443,0,2
78,R,-1600,1600,444,0,3
78,R,-1600,1600,445,0,1
78,R,-1600,1600,446,0,3
78,R,-1600,1600,447,0,1
78,R,-1600,1600,448,0,2
78,R,-1600,1600,449,0,2
78,R,-1600,1600,450,0,1
78,R,-1600,1600,451,0,3
78,R,-1600,1600,452,0,1
78,R,-1600,1600,453,0,2
78,R,-1600,1600,454,0,1
78,R,-1600,1600,455,0,1
78,R,-1600,1600,456,0,2
78,R,-1600,1600,457,0,1
78,R,-1600,1600,458,0,1
78,R,-1600,1600,459,0,2
78,R,-1600,1600,460,0,1
78,R,-1600,1600,461,0,1
78,R,-1600,1600,462,0,1
78,R,-1600,1600,463,0,1
78,R,-1600,1600,464,0,1
78,R,-1600,1600,465,0,0
78,R,-1600,1600,466,0,1
78,R,-1600,1600,467,0,1
78,R,-1600,1600,468,0,1
78,R,-1600,1600,469,0,0
78,R,-1600,1600,470,0,1
78,R,-1600,1600,471,0,0
78,R,-1600,1600,472,0,1
78,R,-1600,1600,473,0,0
78,R,-1600,1600,474,0,1
78,R,-1600,1600,475,0,1
78,R,-1600,1600,476,0,0
78,R,-1600,1600,477,0,0
78,R,-1600,1600,478,0,0
78,R,-1600,1600,479,0,0
78,R,-1600,1600,480,0,0
78,R,-1600,1600,481,0,0
78,R,-1600,1600,482,0,0
78,R,-1600,1600,483,0,0
78,R,-1600,1600,484,0,0
78,R,-1600,1600,485,0,0
78,R,-1600,1600,486,0,0
78,R,-1600,1600,487,0,0
78,R,-1600,1600,488,0,0
78,R,-1600,1600,489,0,0
78,R,-1600,1600,490,0,0
78,R,-1600,1600,491,0,0
78,R,-1600,1600,492,0,-1
78,R,-1600,1600,493,0,0
78,R,-1600,1600,494,0,0
78,R,-1600,1600,495,0,0
78,R,-1600,1600,496,0,0
78,R,-1600,1600,497,0,0
78,R,-1600,1600,498,0,0
78,R,-1600,1600,499,0,0
79,R,-1700,1500,0,0,0
79,R,-1700,1500,1,0,0
79,R,-1700,1500,2,0,-1
79,R,-1700,1500,3,0,0
79,R,-1700,1500,4,0,-1
79,R,-1700,1500,5,0,-1
79,R,-1700,1500,6,0,-1
79,R,-1700,1500,7,0,-2
79,R,-1700,1500,8,0,-2
79,R,-1700,1500,9,0,-2
79,R,-1700,1500,10,0,-2
79,R,-1700,1500,11,0,-2
79,R,-1700,1500,12,0,-4
79,R,-1700,1500,13,0,-3
79,R,-1700,1500,14,0,-2
79,R,-1700,1500,15,0,-3
79,R,-1700,1500,16,0,-4
79,R,-1700,1500,17,0,-4
79,R,-1700,1500,18,0,-3
79,R,-1700,1500,19,0,-4
79,R,-1700,1500,20,0,-4
79,R,-1700,1500,21,0,-4
79,R,-1700,1500,22,0,-4
79,R,-1700,1500,23,0,-5
79,R,-1700,1500,24,0,-4
79,R,-1700,1500,25,0,-4
79,R,-1700,1500,26,0,-5
79,R,-1700,1500,27,0,-5
79,R,-1700,1500,28,0,-5
79,R,-1700,1500,29,0,-5
79,R,-1700,1500,30,0,-4
79,R,-1700,1500,31,0,-6
79,R,-1700,1500,32,0,-5
79,R,-1700,1500,33,0,-5
79,R,-1700,1500,34,0,-5
79,R,-1700,1500,35,0,-6
79,R,-1700,1500,36,0,-5
79,R,-1700,1500,37,0,-6
79,R,-1700,1500,38,0,-6
79,R,-1700,1500,39,0,-5
79,R,-1700,1500,40,0,-6
79,R,-1700,1500,41,0,-5
79,R,-1700,1500,42,0,-7
79,R,-1700,1500,43,0,-5
79,R,-1700,1500,44,0,-7
79,R,-1700,1500,45,0,-5
79,R,-1700,1500,46,0,-7
79,R,-1700,1500,47,0,-5
79,R,-1700,1500,48,0,-7
79,R,-1700,1500,49,0,-5
79,R,-1700,1500,50,0,-7
79,R,-1700,1500,51,0,-6
79,R,-1700,1500,52,0,-7
79,R,-1700,1500,53,0,-6
79,R,-1700,1500,54,0,-6
79,R,-1700,1500,55,0,-7
79,R,-1700,1500,56,0,-6
79,R,-1700,1500,57,0,-7
79,R,-1700,1500,58,0,-6
79,R,-1700,1500,59,0,-6
79,R,-1700,1500,60,0,-7
79,R,-1700,1500,61,0,-7
79,R,-1700,1500,62,0,-6
79,R,-1700,1500,63,0,-7
79,R,-1700,1500,64,0,-7
79,R,-1700,1500,65,0,-6
79,R,-1700,1500,66,0,-7
79,R,-1700,1500,67,0,-7
79,R,-1700,1500,68,0,-6
79,R,-1700,1500,69,0,-8
79,R,-1700,1500,70,0,-7
79,R,-1700,1500,71,0,-6
79,R,-1700,1500,72,0,-7
79,R,-1700,1500,73,0,-7
79,R,-1700,1500,74,0,-7
79,R,-1700,1500,75,0,-7
79,R,-1700,1500,76,0,-7
79,R,-1700,1500,77,0,-7
79,R,-1700,1500,78,0,-7
79,R,-1700,1500,79,0,-6
79,R,-1700,1500,80,0,-8
79,R,-1700,1500,81,0,-7
79,R,-1700,1500,82,0,-7
79,R,-1700,1500,83,0,-7
79,R,-1700,1500,84,0,-7
79,R,-1700,1500,85,0,-7
79,R,-1700,1500,86,0,-8
79,R,-1700,1500,87,0,-6
79,R,-1700,1500,88,0,-7
79,R,-1700,1500,89,0,-8
79,R,-1700,1500,90,0,-7
79,R,-1700,1500,91,0,-8
79,R,-1700,1500,92,0,-6
79,R,-1700,1500,93,0,-7
79,R,-1700,1500,94,0,-8
79,R,-1700,1500,95,0,-8
79,R,-1700,1500,96,0,-7
79,R,-1700,1500,97,0,-7
79,R,-1700,1500,98,0,-7
79,R,-1700,1500,99,0,-7
79,R,-1700,1500,100,0,-8
79,R,-1700,1500,101,0,-7
79,R,-1700,1500,102,0,-8
79,R,-1700,1500,103,0,-7
79,R,-1700,1500,104,0,-7
79,R,-1700,1500,105,0,-7
79,R,-1700,1500,106,0,-8
79,R,-1700,1500,107,0,-8
79,R,-1700,1500,108,0,-7
79,R,-1700,1500,109,0,-8
79,R,-1700,1500,110,0,-7
79,R,-1700,1500,111,0,-7
79,R,-1700,1500,112,0,-7
79,R,-1700,1500,113,0,-8
79,R,-1700,1500,114,0,-8
79,R,-1700,1500,115,0,-7
79,R,-1700,1500,116,0,-8
79,R,-1700,1500,117,0,-7
79,R,-1700,1500,118,0,-8
79,R,-1700,1500,119,0,-7
79,R,-1700,1500,120,0,-7
79,R,-1700,1500,121,0,-8
79,R,-1700,1500,122,0,-8
79,R,-1700,1500,123,0,-7
79,R,-1700,1500,124,0,-8
79,R,-1700,1500,125,0,-8
79,R,-1700,1500,126,0,-7
79,R,-1700,1500,127,0,-7
79,R,-1700,1500,128,0,-8
79,R,-1700,1500,129,0,-7
79,R,-1700,1500,130,0,-8
79,R,-1700,1500,131,0,-8
79,R,-1700,1500,132,0,-8
79,R,-1700,1500,133,0,-7
79,R,-1700,1500,134,0,-8
79,R,-1700,1500,135,0,-7
79,R,-1700,1500,136,0,-8
79,R,-1700,1500,137,0,-7
79,R,-1700,1500,138,0,-8
79,R,-1700,1500,139,0,-7
79,R,-1700,1500,140,0,-8
79,R,-1700,1500,141,0,-8
79,R,-1700,1500,142,0,-8
79,R,-1700,1500,143,0,-8
79,R,-1700,1500,144,0,-7
79,R,-1700,1500,145,0,-8
79,R,-1700,1500,146,0,-8
79,R,-1700,1500,147,0,-7
79,R,-1700,1500,148,0,-8
79,R,-1700,1500,149,0,-7
79,R,-1700,1500,150,0,-8
79,R,-1700,1500,151,0,-7
79,R,-1700,1500,152,0,-8
79,R,-1700,1500,153,0,-8
79,R,-1700,1500,154,0,-8
79,R,-1700,1500,155,0,-8
79,R,-1700,1500,156,0,-7
79,R,-1700,1500,157,0,-8
79,R,-1700,1500,158,0,-8
79,R,-1700,1500,159,0,-8
79,R,-1700,1500,160,0,-7
79,R,-1700,1500,161,0,-8
79,R,-1700,1500,162,0,-7
79,R,-1700,1500,163,0,-8
79,R,-1700,1500,164,0,-8
79,R,-1700,1500,165,0,-7
79,R,-1700,1500,166,0,-8
79,R,-1700,1500,167,0,-8
79,R,-1700,1500,168,0,-8
79,R,-1700,1500,169,0,-8
79,R,-1700,1500,170,0,-7
79,R,-1700,1500,171,0,-8
79,R,-1700,1500,172,0,-8
79,R,-1700,1500,173,0,-8
79,R,-1700,1500,174,0,-7
79,R,-1700,1500,175,0,-8
79,R,-1700,1500,176,0,-8
79,R,-1700,1500,177,0,-7
79,R,-1700,1500,178,0,-8
79,R,-1700,1500,179,0,-8
79,R,-1700,1500,180,0,-8
79,R,-1700,1500,181,0,-7
79,R,-1700,1500,182,0,-8
79,R,-1700,1500,183,0,-8
79,R,-1700,1500,184,0,-8
79,R,-1700,1500,185,0,-8
79,R,-1700,1500,186,0,-8
79,R,-1700,1500,187,0,-7
79,R,-1700,1500,188,0,-8
79,R,-1700,1500,189,0,-8
79,R,-1700,1500,190,0,-8
79,R,-1700,1500,191,0,-7
79,R,-1700,1500,192,0,-8
79,R,-1700,1500,193,0,-8
79,R,-1700,1500,194,0,-7
79,R,-1700,1500,195,0,-8
79,R,-1700,1500,196,0,-8
79,R,-1700,1500,197,0,-8
79,R,-1700,1500,198,0,-7
79,R,-1700,1500,199,0,-8
79,R,-1700,1500,200,0,-8
79,R,-1700,1500,201,0,-8
79,R,-1700,1500,202,0,-8
79,R,-1700,1500,203,0,-7
79,R,-1700,1500,204,0,-6
79,R,-1700,1500,205,0,-6
79,R,-1700,1500,206,0,-5
79,R,-1700,1500,207,0,-6
79,R,-1700,1500,208,0,-5
79,R,-1700,1500,209,0,-4
79,R,-1700,1500,210,0,-5
79,R,-1700,1500,211,0,-4
79,R,-1700,1500,212,0,-3
79,R,-1700,1500,213,0,-3
79,R,-1700,1500,214,0,-3
79,R,-1700,1500,215,0,-3
79,R,-1700,1500,216,0,-3
79,R,-1700,1500,217,0,-1
79,R,-1700,1500,218,0,-3
79,R,-1700,1500,219,0,-1
79,R,-1700,1500,220,0,-2
79,R,-1700,1500,221,0,-1
79,R,-1700,1500,222,0,-1
79,R,-1700,1500,223,0,-1
79,R,-1700,1500,224,0,-1
79,R,-1700,1500,225,0,-1
79,R,-1700,1500,226,0,0
79,R,-1700,1500,227,0,0
79,R,-1700,1500,228,0,0
79,R,-1700,1500,229,0,0
79,R,-1700,1500,230,0,0
79,R,-1700,1500,231,0,0
79,R,-1700,1500,232,0,1
79,R,-1700,1500,233,0,1
79,R,-1700,1500,234,0,0
79,R,-1700,1500,235,0,1
79,R,-1700,1500,236,0,1
79,R,-1700,1500,237,0,0
79,R,-1700,1500,238,0,1
79,R,-1700,1500,239,0,1
79,R,-1700,1500,240,0,1
79,R,-1700,1500,241,0,1
79,R,-1700,1500,242,0,0
79,R,-1700,1500,243,0,2
79,R,-1700,1500,244,0,1
79,R,-1700,1500,245,0,0
79,R,-1700,1500,246,0,1
79,R,-1700,1500,247,0,2
79,R,-1700,1500,248,0,1
79,R,-1700,1500,249,0,1
79,R,-1700,1500,250,0,1
79,R,-1700,1500,251,0,2
79,R,-1700,1500,252,0,0
79,R,-1700,1500,253,0,2
79,R,-1700,1500,254,0,1
79,R,-1700,1500,255,0,1
79,R,-1700,1500,256,0,2
79,R,-1700,1500,257,0,2
79,R,-1700,1500,258,0,1
79,R,-1700,1500,259,0,1
79,R,-1700,1500,260,0,2
79,R,-1700,1500,261,0,1
79,R,-1700,1500,262,0,2
79,R,-1700,1500,263,0,1
79,R,-1700,1500,264,0,1
79,R,-1700,1500,265,0,2
79,R,-1700,1500,266,0,2
79,R,-1700,1500,267,0,2
79,R,-1700,1500,268,0,1
79,R,-1700,1500,269,0,1
79,R,-1700,1500,270,0,3
79,R,-1700,1500,271,0,1
79,R,-1700,1500,272,0,2
79,R,-1700,1500,273,0,1
79,R,-1700,1500,274,0,2
79,R,-1700,1500,275,0,2
79,R,-1700,1500,276,0,2
79,R,-1700,1500,277,0,2
79,R,-1700,1500,278,0,1
79,R,-1700,1500,279,0,3
79,R,-1700,1500,280,0,1
79,R,-1700,1500,281,0,2
79,R,-1700,1500,282,0,2
79,R,-1700,1500,283,0,2
79,R,-1700,1500,284,0,2
79,R,-1700,1500,285,0,2
79,R,-1700,1500,286,0,2
79,R,-1700,1500,287,0,2
79,R,-1700,1500,288,0,1
79,R,-1700,1500,289,0,3
79,R,-1700,1500,290,0,1
79,R,-1700,1500,291,0,3
79,R,-1700,1500,292,0,1
79,R,-1700,1500,293,0,3
79,R,-1700,1500,294,0,2
79,R,-1700,1500,295,0,2
79,R,-1700,1500,296,0,2
79,R,-1700,1500,297,0,2
79,R,-1700,1500,298,0,2
79,R,-1700,1500,299,0,2
79,R,-1700,1500,300,0,2
79,R,-1700,1500,301,0,3
79,R,-1700,1500,302,0,1
79,R,-1700,1500,303,0,3
79,R,-1700,1500,304,0,2
79,R,-1700,1500,305,0,2
79,R,-1700,1500,306,0,3
79,R,-1700,1500,307,0,1
79,R,-1700,1500,308,0,3
79,R,-1700,1500,309,0,2
79,R,-1700,1500,310,0,2
79,R,-1700,1500,311,0,2
79,R,-1700,1500,312,0,3
79,R,-1700,1500,313,0,2
79,R,-1700,1500,314,0,2
79,R,-1700,1500,315,0,3
79,R,-1700,1500,316,0,2
79,R,-1700,1500,317,0,2
79,R,-1700,1500,318,0,2
79,R,-1700,1500,319,0,3
79,R,-1700,1500,320,0,2
79,R,-1700,1500,321,0,2
79,R,-1700,1500,322,0,3
79,R,-1700,1500,323,0,2
79,R,-1700,1500,324,0,3
79,R,-1700,1500,325,0,1
79,R,-1700,1500,326,0,3
79,R,-1700,1500,327,0,3
79,R,-1700,1500,328,0,2
79,R,-1700,1500,329,0,2
79,R,-1700,1500,330,0,2
79,R,-1700,1500,331,0,3
79,R,-1700,1500,332,0,2
79,R,-1700,1500,333,0,2
79,R,-1700,1500,334,0,3
79,R,-1700,1500,335,0,2
79,R,-1700,1500,336,0,3
79,R,-1700,1500,337,0,2
79,R,-1700,1500,338,0,2
79,R,-1700,1500,339,0,3
79,R,-1700,1500,340,0,2
79,R,-1700,1500,341,0,3
79,R,-1700,1500,342,0,3
79,R,-1700,1500,343,0,2
79,R,-1700,1500,344,0,2
79,R,-1700,1500,345,0,2
79,R,-1700,1500,346,0,3
79,R,-1700,1500,347,0,3
79,R,-1700,1500,348,0,2
79,R,-1700,1500,349,0,3
79,R,-1700,1500,350,0,2
79,R,-1700,1500,351,0,2
79,R,-1700,1500,352,0,3
79,R,-1700,1500,353,0,2
79,R,-1700,1500,354,0,3
79,R,-1700,1500,355,0,2
79,R,-1700,1500,356,0,3
79,R,-1700,1500,357,0,3
79,R,-1700,1500,358,0,2
79,R,-1700,1500,359,0,2
79,R,-1700,1500,360,0,3
79,R,-1700,1500,361,0,2
79,R,-1700,1500,362,0,3
79,R,-1700,1500,363,0,3
79,R,-1700,1500,364,0,2
79,R,-1700,1500,365,0,3
79,R,-1700,1500,366,0,2
79,R,-1700,1500,367,0,3
79,R,-1700,1500,368,0,2
79,R,-1700,1500,369,0,3
79,R,-1700,1500,370,0,2
79,R,-1700,1500,371,0,3
79,R,-1700,1500,372,0,2
79,R,-1700,1500,373,0,3
79,R,-1700,1500,374,0,3
79,R,-1700,1500,375,0,2
79,R,-1700,1500,376,0,3
79,R,-1700,1500,377,0,3
79,R,-1700,1500,378,0,2
79,R,-1700,1500,379,0,3
79,R,-1700,1500,380,0,2
79,R,-1700,1500,381,0,3
79,R,-1700,1500,382,0,2
79,R,-1700,1500,383,0,3
79,R,-1700,1500,384,0,2
79,R,-1700,1500,385,0,3
79,R,-1700,1500,386,0,2
79,R,-1700,1500,387,0,3
79,R,-1700,1500,388,0,3
79,R,-1700,1500,389,0,2
79,R,-1700,1500,390,0,3
79,R,-1700,1500,391,0,3
79,R,-1700,1500,392,0,2
79,R,-1700,1500,393,0,3
79,R,-1700,1500,394,0,3
79,R,-1700,1500,395,0,2
79,R,-1700,1500,396,0,3
79,R,-1700,1500,397,0,3
79,R,-1700,1500,398,0,2
79,R,-1700,1500,399,0,3
79,R,-1700,1500,400,0,2
79,R,-1700,1500,401,0,3
79,R,-1700,1500,402,0,3
79,R,-1700,1500,403,0,2
79,R,-1700,1500,404,0,2
79,R,-1700,1500,405,0,3
79,R,-1700,1500,406,0,2
79,R,-1700,1500,407,0,3
79,R,-1700,1500,408,0,1
79,R,-1700,1500,409,0,3
79,R,-1700,1500,410,0,2
79,R,-1700,1500,411,0,2
79,R,-1700,1500,412,0,2
79,R,-1700,1500,413,0,2
79,R,-1700,1500,414,0,2
79,R,-1700,1500,415,0,2
79,R,-1700,1500,416,0,1
79,R,-1700,1500,417,0,2
79,R,-1700,1500,418,0,2
79,R,-1700,1500,419,0,1
79,R,-1700,1500,420,0,2
79,R,-1700,1500,421,0,1
79,R,-1700,1500,422,0,2
79,R,-1700,1500,423,0,1
79,R,-1700,1500,424,0,1
79,R,-1700,1500,425,0,2
79,R,-1700,1500,426,0,1
79,R,-1700,1500,427,0,1
79,R,-1700,1500,428,0,1
79,R,-1700,1500,429,0,1
79,R,-1700,1500,430,0,1
79,R,-1700,1500,431,0,1
79,R,-1700,1500,432,0,1
79,R,-1700,1500,433,0,1
79,R,-1700,1500,434,0,1
79,R,-1700,1500,435,0,0
79,R,-1700,1500,436,0,1
79,R,-1700,1500,437,0,0
79,R,-1700,1500,438,0,1
79,R,-1700,1500,439,0,1
79,R,-1700,1500,440,0,0
79,R,-1700,1500,441,0,1
79,R,-1700,1500,442,0,0
79,R,-1700,1500,443,0,0
79,R,-1700,1500,444,0,0
79,R,-1700,1500,445,0,0
79,R,-1700,1500,446,0,0
79,R,-1700,1500,447,0,0
79,R,-1700,1500,448,0,0
79,R,-1700,1500,449,0,0
79,R,-1700,1500,450,0,0
79,R,-1700,1500,451,0,0
79,R,-1700,1500,452,0,0
79,R,-1700,1500,453,0,0
79,R,-1700,1500,454,0,0
79,R,-1700,1500,455,0,0
79,R,-1700,1500,456,0,0
79,R,-1700,1500,457,0,0
79,R,-1700,1500,458,0,0
79,R,-1700,1500,459,0,0
79,R,-1700,1500,460,0,0
79,R,-1700,1500,461,0,0
79,R,-1700,1500,462,0,0
79,R,-1700,1500,463,0,0
79,R,-1700,1500,464,0,0
79,R,-1700,1500,465,0,0
79,R,-1700,1500,466,0,0
79,R,-1700,1500,467,0,0
79,R,-1700,1500,468,0,0
79,R,-1700,1500,469,0,0
79,R,-1700,1500,470,0,0
79,R,-1700,1500,471,0,0
79,R,-1700,1500,472,0,0
79,R,-1700,1500,473,0,0
79,R,-1700,1500,474,0,0
79,R,-1700,1500,475,0,0
79,R,-1700,1500,476,0,0
79,R,-1700,1500,477,0,0
79,R,-1700,1500,478,0,0
79,R,-1700,1500,479,0,0
79,R,-1700,1500,480,0,0
79,R,-1700,1500,481,0,0
79,R,-1700,1500,482,0,0
79,R,-1700,1500,483,0,0
79,R,-1700,1500,484,0,0
79,R,-1700,1500,485,0,0
79,R,-1700,1500,486,0,0
79,R,-1700,1500,487,0,0
79,R,-1700,1500,488,0,0
79,R,-1700,1500,489,0,0
79,R,-1700,1500,490,0,0
79,R,-1700,1500,491,0,0
79,R,-1700,1500,492,0,0
79,R,-1700,1500,493,0,0
79,R,-1700,1500,494,0,0
79,R,-1700,1500,495,0,0
79,R,-1700,1500,496,0,0
79,R,-1700,1500,497,0,0
79,R,-1700,1500,498,0,0
79,R,-1700,1500,499,0,0
80,R,-1500,1500,0,0,0
80,R,-1500,1500,1,0,0
80,R,-1500,1500,2,0,0
80,R,-1500,1500,3,0,0
80,R,-1500,1500,4,0,0
80,R,-1500,1500,5,0,0
80,R,-1500,1500,6,0,-1
80,R,-1500,1500,7,0,0
80,R,-1500,1500,8,0,-1
80,R,-1500,1500,9,0,0
80,R,-1500,1500,10,0,-1
80,R,-1500,1500,11,0,-1
80,R,-1500,1500,12,0,0
80,R,-1500,1500,13,0,-1
80,R,-1500,1500,14,0,-1
80,R,-1500,1500,15,0,-1
80,R,-1500,1500,16,0,-1
80,R,-1500,1500,17,0,0
80,R,-1500,1500,18,0,-1
80,R,-1500,1500,19,0,-2
80,R,-1500,1500,20,0,-1
80,R,-1500,1500,21,0,0
80,R,-1500,1500,22,0,-2
80,R,-1500,1500,23,0,-1
80,R,-1500,1500,24,0,-1
80,R,-1500,1500,25,0,-1
80,R,-1500,1500,26,0,-2
80,R,-1500,1500,27,0,-1
80,R,-1500,1500,28,0,-1
80,R,-1500,1500,29,0,-2
80,R,-1500,1500,30,0,-1
80,R,-1500,1500,31,0,-1
80,R,-1500,1500,32,0,-2
80,R,-1500,1500,33,0,-1
80,R,-1500,1500,34,0,-1
80,R,-1500,1500,35,0,-2
80,R,-1500,1500,36,0,-1
80,R,-1500,1500,37,0,-2
80,R,-1500,1500,38,0,-1
80,R,-1500,1500,39,0,-2
80,R,-1500,1500,40,0,-2
80,R,-1500,1500,41,0,-1
80,R,-1500,1500,42,0,-2
80,R,-1500,1500,43,0,-2
80,R,-1500,1500,44,0,-1
80,R,-1500,1500,45,0,-2
80,R,-1500,1500,46,0,-1
80,R,-1500,1500,47,0,-2
80,R,-1500,1500,48,0,-2
80,R,-1500,1500,49,0,-2
80,R,-1500,1500,50,0,-2
80,R,-1500,1500,51,0,-1
80,R,-1500,1500,52,0,-2
80,R,-1500,1500,53,0,-2
80,R,-1500,1500,54,0,-2
80,R,-1500,1500,55,0,-2
80,R,-1500,1500,56,0,-2
80,R,-1500,1500,57,0,-1
80,R,-1500,1500,58,0,-3
80,R,-1500,1500,59,0,-1
80,R,-1500,1500,60,0,-3
80,R,-1500,1500,61,0,-1
80,R,-1500,1500,62,0,-3
80,R,-1500,1500,63,0,-1
80,R,-1500,1500,64,0,-3
80,R,-1500,1500,65,0,-1
80,R,-1500,1500,66,0,-3
80,R,-1500,1500,67,0,-1
80,R,-1500,1500,68,0,-3
80,R,-1500,1500,69,0,-2
80,R,-1500,1500,70,0,-2
80,R,-1500,1500,71,0,-2
80,R,-1500,1500,72,0,-2
80,R,-1500,1500,73,0,-2
80,R,-1500,1500,74,0,-3
80,R,-1500,1500,75,0,-2
80,R,-1500,1500,76,0,-2
80,R,-1500,1500,77,0,-2
80,R,-1500,1500,78,0,-2
80,R,-1500,1500,79,0,-3
80,R,-1500,1500,80,0,-2
80,R,-1500,1500,81,0,-2
80,R,-1500,1500,82,0,-2
80,R,-1500,1500,83,0,-3
80,R,-1500,1500,84,0,-2
80,R,-1500,1500,85,0,-2
80,R,-1500,1500,86,0,-3
80,R,-1500,1500,87,0,-1
80,R,-1500,1500,88,0,-3
80,R,-1500,1500,89,0,-2
80,R,-1500,1500,90,0,-3
80,R,-1500,1500,91,0,-2
80,R,-1500,1500,92,0,-2
80,R,-1500,1500,93,0,-3
80,R,-1500,1500,94,0,-2
80,R,-1500,1500,95,0,-3
80,R,-1500,1500,96,0,-2
80,R,-1500,1500,97,0,-2
80,R,-1500,1500,98,0,-3
80,R,-1500,1500,99,0,-2
80,R,-1500,1500,100,0,-2
80,R,-1500,1500,101,0,-2
80,R,-1500,1500,102,0,-3
80,R,-1500,1500,103,0,-3
80,R,-1500,1500,104,0,-2
80,R,-1500,1500,105,0,-3
80,R,-1500,1500,106,0,-2
80,R,-1500,1500,107,0,-2
80,R,-1500,1500,108,0,-3
80,R,-1500,1500,109,0,-2
80,R,-1500,1500,110,0,-3
80,R,-1500,1500,111,0,-2
80,R,-1500,1500,112,0,-2
80,R,-1500,1500,113,0,-3
80,R,-1500,1500,114,0,-2
80,R,-1500,1500,115,0,-3
80,R,-1500,1500,116,0,-3
80,R,-1500,1500,117,0,-2
80,R,-1500,1500,118,0,-3
80,R,-1500,1500,119,0,-2
80,R,-1500,1500,120,0,-2
80,R,-1500,1500,121,0,-3
80,R,-1500,1500,122,0,-2
80,R,-1500,1500,123,0,-3
80,R,-1500,1500,124,0,-3
80,R,-1500,1500,125,0,-2
80,R,-1500,1500,126,0,-3
80,R,-1500,1500,127,0,-2
80,R,-1500,1500,128,0,-3
80,R,-1500,1500,129,0,-3
80,R,-1500,1500,130,0,-2
80,R,-1500,1500,131,0,-2
80,R,-1500,1500,132,0,-3
80,R,-1500,1500,133,0,-2
80,R,-1500,1500,134,0,-3
80,R,-1500,1500,135,0,-3
80,R,-1500,1500,136,0,-2
80,R,-1500,1500,137,0,-3
80,R,-1500,1500,138,0,-3
80,R,-1500,1500,139,0,-2
80,R,-1500,1500,140,0,-3
80,R,-1500,1500,141,0,-3
80,R,-1500,1500,142,0,-2
80,R,-1500,1500,143,0,-3
80,R,-1500,1500,144,0,-3
80,R,-1500,1500,145,0,-2
80,R,-1500,1500,146,0,-3
80,R,-1500,1500,147,0,-3
80,R,-1500,1500,148,0,-2
80,R,-1500,1500,149,0,-3
80,R,-1500,1500,150,0,-2
80,R,-1500,1500,151,0,-2
80,R,-1500,1500,152,0,-4
80,R,-1500,1500,153,0,-2
80,R,-1500,1500,154,0,-2
80,R,-1500,1500,155,0,-4
80,R,-1500,1500,156,0,-2
80,R,-1500,1500,157,0,-2
80,R,-1500,1500,158,0,-3
80,R,-1500,1500,159,0,-3
80,R,-1500,1500,160,0,-2
80,R,-1500,1500,161,0,-3
80,R,-1500,1500,162,0,-3
80,R,-1500,1500,163,0,-2
80,R,-1500,1500,164,0,-3
80,R,-1500,1500,165,0,-3
80,R,-1500,1500,166,0,-2
80,R,-1500,1500,167,0,-3
80,R,-1500,1500,168,0,-3
80,R,-1500,1500,169,0,-2
80,R,-1500,1500,170,0,-4
80,R,-1500,1500,171,0,-2
80,R,-1500,1500,172,0,-2
80,R,-1500,1500,173,0,-4
80,R,-1500,1500,174,0,-2
80,R,-1500,1500,175,0,-2
80,R,-1500,1500,176,0,-4
80,R,-1500,1500,177,0,-2
80,R,-1500,1500,178,0,-3
80,R,-1500,1500,179,0,-3
80,R,-1500,1500,180,0,-3
80,R,-1500,1500,181,0,-2
80,R,-1500,1500,182,0,-3
80,R,-1500,1500,183,0,-3
80,R,-1500,1500,184,0,-2
80,R,-1500,1500,185,0,-3
80,R,-1500,1500,186,0,-3
80,R,-1500,1500,187,0,-2
80,R,-1500,1500,188,0,-3
80,R,-1500,1500,189,0,-3
80,R,-1500,1500,190,0,-2
80,R,-1500,1500,191,0,-3
80,R,-1500,1500,192,0,-3
80,R,-1500,1500,193,0,-2
80,R,-1500,1500,194,0,-3
80,R,-1500,1500,195,0,-3
80,R,-1500,1500,196,0,-3
80,R,-1500,1500,197,0,-2
80,R,-1500,1500,198,0,-3
80,R,-1500,1500,199,0,-3
80,R,-1500,1500,200,0,-2
80,R,-1500,1500,201,0,-4
80,R,-1500,1500,202,0,-2
80,R,-1500,1500,203,0,-2
80,R,-1500,1500,204,0,-2
80,R,-1500,1500,205,0,-2
80,R,-1500,1500,206,0,-1
80,R,-1500,1500,207,0,-2
80,R,-1500,1500,208,0,-1
80,R,-1500,1500,209,0,-1
80,R,-1500,1500,210,0,0
80,R,-1500,1500,211,0,-1
80,R,-1500,1500,212,0,-1
80,R,-1500,1500,213,0,0
80,R,-1500,1500,214,0,0
80,R,-1500,1500,215,0,0
80,R,-1500,1500,216,0,0
80,R,-1500,1500,217,0,0
80,R,-1500,1500,218,0,0
80,R,-1500,1500,219,0,0
80,R,-1500,1500,220,0,0
80,R,-1500,1500,221,0,0
80,R,-1500,1500,222,0,0
80,R,-1500,1500,223,0,1
80,R,-1500,1500,224,0,0
80,R,-1500,1500,225,0,0
80,R,-1500,1500,226,0,0
80,R,-1500,1500,227,0,1
80,R,-1500,1500,228,0,0
80,R,-1500,1500,229,0,1
80,R,-1500,1500,230,0,0
80,R,-1500,1500,231,0,0
80,R,-1500,1500,232,0,1
80,R,-1500,1500,233,0,0
80,R,-1500,1500,234,0,1
80,R,-1500,1500,235,0,1
80,R,-1500,1500,236,0,1
80,R,-1500,1500,237,0,0
80,R,-1500,1500,238,0,1
80,R,-1500,1500,239,0,2
80,R,-1500,1500,240,0,1
80,R,-1500,1500,241,0,0
80,R,-1500,1500,242,0,1
80,R,-1500,1500,243,0,2
80,R,-1500,1500,244,0,1
80,R,-1500,1500,245,0,1
80,R,-1500,1500,246,0,1
80,R,-1500,1500,247,0,2
80,R,-1500,1500,248,0,1
80,R,-1500,1500,249,0,1
80,R,-1500,1500,250,0,1
80,R,-1500,1500,251,0,1
80,R,-1500,1500,252,0,1
80,R,-1500,1500,253,0,2
80,R,-1500,1500,254,0,1
80,R,-1500,1500,255,0,2
80,R,-1500,1500,256,0,1
80,R,-1500,1500,257,0,2
80,R,-1500,1500,258,0,1
80,R,-1500,1500,259,0,2
80,R,-1500,1500,260,0,1
80,R,-1500,1500,261,0,2
80,R,-1500,1500,262,0,1
80,R,-1500,1500,263,0,2
80,R,-1500,1500,264,0,2
80,R,-1500,1500,265,0,1
80,R,-1500,1500,266,0,2
80,R,-1500,1500,267,0,2
80,R,-1500,1500,268,0,2
80,R,-1500,1500,269,0,1
80,R,-1500,1500,270,0,2
80,R,-1500,1500,271,0,2
80,R,-1500,1500,272,0,1
80,R,-1500,1500,273,0,3
80,R,-1500,1500,274,0,1
80,R,-1500,1500,275,0,2
80,R,-1500,1500,276,0,2
80,R,-1500,1500,277,0,2
80,R,-1500,1500,278,0,2
80,R,-1500,1500,279,0,2
80,R,-1500,1500,280,0,1
80,R,-1500,1500,281,0,2
80,R,-1500,1500,282,0,2
80,R,-1500,1500,283,0,2
80,R,-1500,1500,284,0,2
80,R,-1500,1500,285,0,2
80,R,-1500,1500,286,0,2
80,R,-1500,1500,287,0,2
80,R,-1500,1500,288,0,2
80,R,-1500,1500,289,0,2
80,R,-1500,1500,290,0,2
80,R,-1500,1500,291,0,2
80,R,-1500,1500,292,0,2
80,R,-1500,1500,293,0,3
80,R,-1500,1500,294,0,2
80,R,-1500,1500,295,0,2
80,R,-1500,1500,296,0,2
80,R,-1500,1500,297,0,2
80,R,-1500,1500,298,0,2
80,R,-1500,1500,299,0,3
80,R,-1500,1500,300,0,1
80,R,-1500,1500,301,0,3
80,R,-1500,1500,302,0,1
80,R,-1500,1500,303,0,3
80,R,-1500,1500,304,0,2
80,R,-1500,1500,305,0,2
80,R,-1500,1500,306,0,3
80,R,-1500,1500,307,0,2
80,R,-1500,1500,308,0,2
80,R,-1500,1500,309,0,2
80,R,-1500,1500,310,0,3
80,R,-1500,1500,311,0,2
80,R,-1500,1500,312,0,2
80,R,-1500,1500,313,0,3
80,R,-1500,1500,314,0,2
80,R,-1500,1500,315,0,2
80,R,-1500,1500,316,0,2
80,R,-1500,1500,317,0,3
80,R,-1500,1500,318,0,2
80,R,-1500,1500,319,0,2
80,R,-1500,1500,320,0,3
80,R,-1500,1500,321,0,2
80,R,-1500,1500,322,0,2
80,R,-1500,1500,323,0,2
80,R,-1500,1500,324,0,3
80,R,-1500,1500,325,0,2
80,R,-1500,1500,326,0,3
80,R,-1500,1500,327,0,2
80,R,-1500,1500,328,0,2
80,R,-1500,1500,329,0,3
80,R,-1500,1500,330,0,2
80,R,-1500,1500,331,0,2
80,R,-1500,1500,332,0,3
80,R,-1500,1500,333,0,2
80,R,-1500,1500,334,0,3
80,R,-1500,1500,335,0,3
80,R,-1500,1500,336,0,2
80,R,-1500,1500,337,0,3
80,R,-1500,1500,338,0,1
80,R,-1500,1500,339,0,3
80,R,-1500,1500,340,0,3
80,R,-1500,1500,341,0,2
80,R,-1500,1500,342,0,3
80,R,-1500,1500,343,0,2
80,R,-1500,1500,344,0,2
80,R,-1500,1500,345,0,3
80,R,-1500,1500,346,0,2
80,R,-1500,1500,347,0,3
80,R,-1500,1500,348,0,2
80,R,-1500,1500,349,0,3
80,R,-1500,1500,350,0,3
80,R,-1500,1500,351,0,2
80,R,-1500,1500,352,0,2
80,R,-1500,1500,353,0,3
80,R,-1500,1500,354,0,2
80,R,-1500,1500,355,0,3
80,R,-1500,1500,356,0,3
80,R,-1500,1500,357,0,2
80,R,-1500,1500,358,0,3
80,R,-1500,1500,359,0,2
80,R,-1500,1500,360,0,2
80,R,-1500,1500,361,0,3
80,R,-1500,1500,362,0,2
80,R,-1500,1500,363,0,3
80,R,-1500,1500,364,0,3
80,R,-1500,1500,365,0,2
80,R,-1500,1500,366,0,3
80,R,-1500,1500,367,0,3
80,R,-1500,1500,368,0,2
80,R,-1500,1500,369,0,3
80,R,-1500,1500,370,0,2
80,R,-1500,1500,371,0,3
80,R,-1500,1500,372,0,3
80,R,-1500,1500,373,0,2
80,R,-1500,1500,374,0,2
80,R,-1500,1500,375,0,3
80,R,-1500,1500,376,0,2
80,R,-1500,1500,377,0,3
80,R,-1500,1500,378,0,3
80,R,-1500,1500,379,0,2
80,R,-1500,1500,380,0,3
80,R,-1500,1500,381,0,3
80,R,-1500,1500,382,0,2
80,R,-1500,1500,383,0,3
80,R,-1500,1500,384,0,3
80,R,-1500,1500,385,0,2
80,R,-1500,1500,386,0,3
80,R,-1500,1500,387,0,3
80,R,-1500,1500,388,0,2
80,R,-1500,1500,389,0,3
80,R,-1500,1500,390,0,3
80,R,-1500,1500,391,0,2
80,R,-1500,1500,392,0,3
80,R,-1500,1500,393,0,3
80,R,-1500,1500,394,0,2
80,R,-1500,1500,395,0,3
80,R,-1500,1500,396,0,3
80,R,-1500,1500,397,0,2
80,R,-1500,1500,398,0,3
80,R,-1500,1500,399,0,3
80,R,-1500,1500,400,0,2
80,R,-1500,1500,401,0,3
80,R,-1500,1500,402,0,3
80,R,-1500,1500,403,0,2
80,R,-1500,1500,404,0,3
80,R,-1500,1500,405,0,1
80,R,-1500,1500,406,0,3
80,R,-1500,1500,407,0,2
80,R,-1500,1500,408,0,2
80,R,-1500,1500,409,0,3
80,R,-1500,1500,410,0,2
80,R,-1500,1500,411,0,2
80,R,-1500,1500,412,0,2
80,R,-1500,1500,413,0,2
80,R,-1500,1500,414,0,2
80,R,-1500,1500,415,0,2
80,R,-1500,1500,416,0,1
80,R,-1500,1500,417,0,2
80,R,-1500,1500,418,0,2
80,R,-1500,1500,419,0,1
80,R,-1500,1500,420,0,2
80,R,-1500,1500,421,0,1
80,R,-1500,1500,422,0,1
80,R,-1500,1500,423,0,2
80,R,-1500,1500,424,0,1
80,R,-1500,1500,425,0,1
80,R,-1500,1500,426,0,2
80,R,-1500,1500,427,0,1
80,R,-1500,1500,428,0,1
80,R,-1500,1500,429,0,2
80,R,-1500,1500,430,0,1
80,R,-1500,1500,431,0,0
80,R,-1500,1500,432,0,1
80,R,-1500,1500,433,0,1
80,R,-1500,1500,434,0,1
80,R,-1500,1500,435,0,1
80,R,-1500,1500,436,0,0
80,R,-1500,1500,437,0,1
80,R,-1500,1500,438,0,0
80,R,-1500,1500,439,0,0
80,R,-1500,1500,440,0,1
80,R,-1500,1500,441,0,1
80,R,-1500,1500,442,0,0
80,R,-1500,1500,443,0,0
80,R,-1500,1500,444,0,0
80,R,-1500,1500,445,0,1
80,R,-1500,1500,446,0,0
80,R,-1500,1500,447,0,0
80,R,-1500,1500,448,0,0
80,R,-1500,1500,449,0,0
80,R,-1500,1500,450,0,1
80,R,-1500,1500,451,0,0
80,R,-1500,1500,452,0,0
80,R,-1500,1500,453,0,0
80,R,-1500,1500,454,0,0
80,R,-1500,1500,455,0,0
80,R,-1500,1500,456,0,0
80,R,-1500,1500,457,0,0
80,R,-1500,1500,458,0,0
80,R,-1500,1500,459,0,0
80,R,-1500,1500,460,0,0
80,R,-1500,1500,461,0,0
80,R,-1500,1500,462,0,0
80,R,-1500,1500,463,0,0
80,R,-1500,1500,464,0,0
80,R,-1500,1500,465,0,0
80,R,-1500,1500,466,0,0
80,R,-1500,1500,467,0,0
80,R,-1500,1500,468,0,0
80,R,-1500,1500,469,0,0
80,R,-1500,1500,470,0,0
80,R,-1500,1500,471,0,0
80,R,-1500,1500,472,0,0
80,R,-1500,1500,473,0,0
80,R,-1500,1500,474,0,0
80,R,-1500,1500,475,0,0
80,R,-1500,1500,476,0,0
80,R,-1500,1500,477,0,0
80,R,-1500,1500,478,0,0
80,R,-1500,1500,479,0,0
80,R,-1500,1500,480,0,0
80,R,-1500,1500,481,0,0
80,R,-1500,1500,482,0,0
80,R,-1500,1500,483,0,0
80,R,-1500,1500,484,0,0
80,R,-1500,1500,485,0,0
80,R,-1500,1500,486,0,0
80,R,-1500,1500,487,0,0
80,R,-1500,1500,488,0,0
80,R,-1500,1500,489,0,0
80,R,-1500,1500,490,0,0
80,R,-1500,1500,491,0,0
80,R,-1500,1500,492,0,0
80,R,-1500,1500,493,0,0
80,R,-1500,1500,494,0,0
80,R,-1500,1500,495,0,0
80,R,-1500,1500,496,0,0
80,R,-1500,1500,497,0,0
80,R,-1500,1500,498,0,0
80,R,-1500,1500,499,0,0
