step,side,pwm,k,enc_l,enc_r
1,L,1300,0,0,0
1,L,1300,1,0,0
1,L,1300,2,0,0
1,L,1300,3,0,0
1,L,1300,4,0,0
1,L,1300,5,0,0
1,L,1300,6,0,0
1,L,1300,7,0,0
1,L,1300,8,0,0
1,L,1300,9,0,0
1,L,1300,10,0,0
1,L,1300,11,0,0
1,L,1300,12,0,0
1,L,1300,13,0,0
1,L,1300,14,0,0
1,L,1300,15,0,0
1,L,1300,16,0,0
1,L,1300,17,0,0
1,L,1300,18,0,0
1,L,1300,19,0,0
1,L,1300,20,0,0
1,L,1300,21,0,0
1,L,1300,22,0,0
1,L,1300,23,0,0
1,L,1300,24,0,0
1,L,1300,25,0,0
1,L,1300,26,0,0
1,L,1300,27,0,0
1,L,1300,28,0,0
1,L,1300,29,0,0
1,L,1300,30,0,0
1,L,1300,31,0,0
1,L,1300,32,0,0
1,L,1300,33,0,0
1,L,1300,34,0,0
1,L,1300,35,0,0
1,L,1300,36,0,0
1,L,1300,37,0,0
1,L,1300,38,0,0
1,L,1300,39,0,0
1,L,1300,40,0,0
1,L,1300,41,0,0
1,L,1300,42,0,0
1,L,1300,43,0,0
1,L,1300,44,0,0
1,L,1300,45,0,0
1,L,1300,46,0,0
1,L,1300,47,0,0
1,L,1300,48,0,0
1,L,1300,49,0,0
1,L,1300,50,0,0
1,L,1300,51,0,0
1,L,1300,52,0,0
1,L,1300,53,0,0
1,L,1300,54,0,0
1,L,1300,55,0,0
1,L,1300,56,0,0
1,L,1300,57,0,0
1,L,1300,58,0,0
1,L,1300,59,0,0
1,L,1300,60,0,0
1,L,1300,61,0,0
1,L,1300,62,0,0
1,L,1300,63,0,0
1,L,1300,64,0,0
1,L,1300,65,0,0
1,L,1300,66,0,0
1,L,1300,67,0,0
1,L,1300,68,0,0
1,L,1300,69,0,0
1,L,1300,70,0,0
1,L,1300,71,0,0
1,L,1300,72,0,0
1,L,1300,73,0,0
1,L,1300,74,0,0
1,L,1300,75,0,0
1,L,1300,76,0,0
1,L,1300,77,0,0
1,L,1300,78,0,0
1,L,1300,79,0,0
1,L,1300,80,0,0
1,L,1300,81,0,0
1,L,1300,82,0,0
1,L,1300,83,0,0
1,L,1300,84,0,0
1,L,1300,85,0,0
1,L,1300,86,0,0
1,L,1300,87,0,0
1,L,1300,88,0,0
1,L,1300,89,0,0
1,L,1300,90,0,0
1,L,1300,91,0,0
1,L,1300,92,0,0
1,L,1300,93,0,0
1,L,1300,94,0,0
1,L,1300,95,0,0
1,L,1300,96,0,0
1,L,1300,97,0,0
1,L,1300,98,0,0
1,L,1300,99,0,0
1,L,1300,100,0,0
1,L,1300,101,0,0
1,L,1300,102,0,0
1,L,1300,103,0,0
1,L,1300,104,0,0
1,L,1300,105,0,0
1,L,1300,106,0,0
1,L,1300,107,0,0
1,L,1300,108,0,0
1,L,1300,109,0,0
1,L,1300,110,0,0
1,L,1300,111,0,0
1,L,1300,112,0,0
1,L,1300,113,0,0
1,L,1300,114,0,0
1,L,1300,115,0,0
1,L,1300,116,0,0
1,L,1300,117,0,0
1,L,1300,118,0,0
1,L,1300,119,0,0
1,L,1300,120,0,0
1,L,1300,121,0,0
1,L,1300,122,0,0
1,L,1300,123,0,0
1,L,1300,124,0,0
1,L,1300,125,0,0
1,L,1300,126,0,0
1,L,1300,127,0,0
1,L,1300,128,0,0
1,L,1300,129,0,0
1,L,1300,130,0,0
1,L,1300,131,0,0
1,L,1300,132,0,0
1,L,1300,133,0,0
1,L,1300,134,0,0
1,L,1300,135,0,0
1,L,1300,136,0,0
1,L,1300,137,0,0
1,L,1300,138,0,0
1,L,1300,139,0,0
1,L,1300,140,0,0
1,L,1300,141,0,0
1,L,1300,142,0,0
1,L,1300,143,0,0
1,L,1300,144,0,0
1,L,1300,145,0,0
1,L,1300,146,0,0
1,L,1300,147,0,0
1,L,1300,148,0,0
1,L,1300,149,0,0
1,L,1300,150,0,0
1,L,1300,151,0,0
1,L,1300,152,0,0
1,L,1300,153,0,0
1,L,1300,154,0,0
1,L,1300,155,0,0
1,L,1300,156,0,0
1,L,1300,157,0,0
1,L,1300,158,0,0
1,L,1300,159,0,0
1,L,1300,160,0,0
1,L,1300,161,0,0
1,L,1300,162,0,0
1,L,1300,163,0,0
1,L,1300,164,0,0
1,L,1300,165,0,0
1,L,1300,166,0,0
1,L,1300,167,0,0
1,L,1300,168,0,0
1,L,1300,169,0,0
1,L,1300,170,0,0
1,L,1300,171,0,0
1,L,1300,172,0,0
1,L,1300,173,0,0
1,L,1300,174,0,0
1,L,1300,175,0,0
1,L,1300,176,0,0
1,L,1300,177,0,0
1,L,1300,178,0,0
1,L,1300,179,0,0
1,L,1300,180,0,0
1,L,1300,181,0,0
1,L,1300,182,0,0
1,L,1300,183,0,0
1,L,1300,184,0,0
1,L,1300,185,0,0
1,L,1300,186,0,0
1,L,1300,187,0,0
1,L,1300,188,0,0
1,L,1300,189,0,0
1,L,1300,190,0,0
1,L,1300,191,0,0
1,L,1300,192,0,0
1,L,1300,193,0,0
1,L,1300,194,0,0
1,L,1300,195,0,0
1,L,1300,196,0,0
1,L,1300,197,0,0
1,L,1300,198,0,0
1,L,1300,199,0,0
1,L,1300,200,0,0
1,L,1300,201,0,0
1,L,1300,202,0,0
1,L,1300,203,0,0
1,L,1300,204,0,0
1,L,1300,205,0,0
1,L,1300,206,0,0
1,L,1300,207,0,0
1,L,1300,208,0,0
1,L,1300,209,0,0
1,L,1300,210,0,0
1,L,1300,211,0,0
1,L,1300,212,0,0
1,L,1300,213,0,0
1,L,1300,214,0,0
1,L,1300,215,0,0
1,L,1300,216,0,0
1,L,1300,217,0,0
1,L,1300,218,0,0
1,L,1300,219,0,0
1,L,1300,220,0,0
1,L,1300,221,0,0
1,L,1300,222,0,0
1,L,1300,223,0,0
1,L,1300,224,0,0
1,L,1300,225,0,0
1,L,1300,226,0,0
1,L,1300,227,0,0
1,L,1300,228,0,0
1,L,1300,229,0,0
1,L,1300,230,0,0
1,L,1300,231,0,0
1,L,1300,232,0,0
1,L,1300,233,0,0
1,L,1300,234,0,0
1,L,1300,235,0,0
1,L,1300,236,0,0
1,L,1300,237,0,0
1,L,1300,238,0,0
1,L,1300,239,0,0
1,L,1300,240,0,0
1,L,1300,241,0,0
1,L,1300,242,0,0
1,L,1300,243,0,0
1,L,1300,244,0,0
1,L,1300,245,0,0
1,L,1300,246,0,0
1,L,1300,247,0,0
1,L,1300,248,0,0
1,L,1300,249,0,0
1,L,1300,250,0,0
1,L,1300,251,0,0
1,L,1300,252,0,0
1,L,1300,253,0,0
1,L,1300,254,0,0
1,L,1300,255,0,0
1,L,1300,256,0,0
1,L,1300,257,0,0
1,L,1300,258,0,0
1,L,1300,259,0,0
1,L,1300,260,0,0
1,L,1300,261,0,0
1,L,1300,262,0,0
1,L,1300,263,0,0
1,L,1300,264,0,0
1,L,1300,265,0,0
1,L,1300,266,0,0
1,L,1300,267,0,0
1,L,1300,268,0,0
1,L,1300,269,0,0
1,L,1300,270,0,0
1,L,1300,271,0,0
1,L,1300,272,0,0
1,L,1300,273,0,0
1,L,1300,274,0,0
1,L,1300,275,0,0
1,L,1300,276,0,0
1,L,1300,277,0,0
1,L,1300,278,0,0
1,L,1300,279,0,0
1,L,1300,280,0,0
1,L,1300,281,0,0
1,L,1300,282,0,0
1,L,1300,283,0,0
1,L,1300,284,0,0
1,L,1300,285,0,0
1,L,1300,286,0,0
1,L,1300,287,0,0
1,L,1300,288,0,0
1,L,1300,289,0,0
1,L,1300,290,0,0
1,L,1300,291,0,0
1,L,1300,292,0,0
1,L,1300,293,0,0
1,L,1300,294,0,0
1,L,1300,295,0,0
1,L,1300,296,0,0
1,L,1300,297,0,0
1,L,1300,298,0,0
1,L,1300,299,0,0
2,L,1350,0,0,0
2,L,1350,1,0,0
2,L,1350,2,0,0
2,L,1350,3,0,0
2,L,1350,4,0,0
2,L,1350,5,0,0
2,L,1350,6,0,0
2,L,1350,7,0,0
2,L,1350,8,0,0
2,L,1350,9,0,0
2,L,1350,10,0,0
2,L,1350,11,0,0
2,L,1350,12,0,0
2,L,1350,13,0,0
2,L,1350,14,0,0
2,L,1350,15,0,0
2,L,1350,16,0,0
2,L,1350,17,0,0
2,L,1350,18,0,0
2,L,1350,19,0,0
2,L,1350,20,0,0
2,L,1350,21,0,0
2,L,1350,22,0,0
2,L,1350,23,0,0
2,L,1350,24,0,0
2,L,1350,25,0,0
2,L,1350,26,0,0
2,L,1350,27,0,0
2,L,1350,28,0,0
2,L,1350,29,0,0
2,L,1350,30,0,0
2,L,1350,31,0,0
2,L,1350,32,0,0
2,L,1350,33,0,0
2,L,1350,34,0,0
2,L,1350,35,0,0
2,L,1350,36,0,0
2,L,1350,37,0,0
2,L,1350,38,0,0
2,L,1350,39,0,0
2,L,1350,40,0,0
2,L,1350,41,0,0
2,L,1350,42,0,0
2,L,1350,43,0,0
2,L,1350,44,0,0
2,L,1350,45,0,0
2,L,1350,46,0,0
2,L,1350,47,0,0
2,L,1350,48,0,0
2,L,1350,49,0,0
2,L,1350,50,0,0
2,L,1350,51,0,0
2,L,1350,52,0,0
2,L,1350,53,0,0
2,L,1350,54,0,0
2,L,1350,55,0,0
2,L,1350,56,0,0
2,L,1350,57,0,0
2,L,1350,58,0,0
2,L,1350,59,0,0
2,L,1350,60,0,0
2,L,1350,61,0,0
2,L,1350,62,0,0
2,L,1350,63,0,0
2,L,1350,64,0,0
2,L,1350,65,0,0
2,L,1350,66,0,0
2,L,1350,67,0,0
2,L,1350,68,0,0
2,L,1350,69,0,0
2,L,1350,70,0,0
2,L,1350,71,0,0
2,L,1350,72,0,0
2,L,1350,73,0,0
2,L,1350,74,0,0
2,L,1350,75,0,0
2,L,1350,76,0,0
2,L,1350,77,0,0
2,L,1350,78,0,0
2,L,1350,79,0,0
2,L,1350,80,0,0
2,L,1350,81,0,0
2,L,1350,82,0,0
2,L,1350,83,0,0
2,L,1350,84,0,0
2,L,1350,85,0,0
2,L,1350,86,0,0
2,L,1350,87,0,0
2,L,1350,88,0,0
2,L,1350,89,0,0
2,L,1350,90,0,0
2,L,1350,91,0,0
2,L,1350,92,0,0
2,L,1350,93,0,0
2,L,1350,94,0,0
2,L,1350,95,0,0
2,L,1350,96,0,0
2,L,1350,97,0,0
2,L,1350,98,0,0
2,L,1350,99,0,0
2,L,1350,100,0,0
2,L,1350,101,0,0
2,L,1350,102,0,0
2,L,1350,103,0,0
2,L,1350,104,0,0
2,L,1350,105,0,0
2,L,1350,106,0,0
2,L,1350,107,0,0
2,L,1350,108,0,0
2,L,1350,109,0,0
2,L,1350,110,0,0
2,L,1350,111,0,0
2,L,1350,112,0,0
2,L,1350,113,0,0
2,L,1350,114,0,0
2,L,1350,115,0,0
2,L,1350,116,0,0
2,L,1350,117,0,0
2,L,1350,118,0,0
2,L,1350,119,0,0
2,L,1350,120,0,0
2,L,1350,121,0,0
2,L,1350,122,0,0
2,L,1350,123,0,0
2,L,1350,124,0,0
2,L,1350,125,0,0
2,L,1350,126,0,0
2,L,1350,127,0,0
2,L,1350,128,0,0
2,L,1350,129,0,0
2,L,1350,130,0,0
2,L,1350,131,0,0
2,L,1350,132,0,0
2,L,1350,133,0,0
2,L,1350,134,0,0
2,L,1350,135,0,0
2,L,1350,136,0,0
2,L,1350,137,0,0
2,L,1350,138,0,0
2,L,1350,139,0,0
2,L,1350,140,0,0
2,L,1350,141,0,0
2,L,1350,142,0,0
2,L,1350,143,0,0
2,L,1350,144,0,0
2,L,1350,145,0,0
2,L,1350,146,0,0
2,L,1350,147,0,0
2,L,1350,148,0,0
2,L,1350,149,0,0
2,L,1350,150,0,0
2,L,1350,151,0,0
2,L,1350,152,0,0
2,L,1350,153,0,0
2,L,1350,154,0,0
2,L,1350,155,0,0
2,L,1350,156,0,0
2,L,1350,157,0,0
2,L,1350,158,0,0
2,L,1350,159,0,0
2,L,1350,160,0,0
2,L,1350,161,0,0
2,L,1350,162,0,0
2,L,1350,163,0,0
2,L,1350,164,0,0
2,L,1350,165,0,0
2,L,1350,166,0,0
2,L,1350,167,0,0
2,L,1350,168,0,0
2,L,1350,169,0,0
2,L,1350,170,0,0
2,L,1350,171,0,0
2,L,1350,172,0,0
2,L,1350,173,0,0
2,L,1350,174,0,0
2,L,1350,175,0,0
2,L,1350,176,0,0
2,L,1350,177,0,0
2,L,1350,178,0,0
2,L,1350,179,0,0
2,L,1350,180,0,0
2,L,1350,181,0,0
2,L,1350,182,0,0
2,L,1350,183,0,0
2,L,1350,184,0,0
2,L,1350,185,0,0
2,L,1350,186,0,0
2,L,1350,187,0,0
2,L,1350,188,0,0
2,L,1350,189,0,0
2,L,1350,190,0,0
2,L,1350,191,0,0
2,L,1350,192,0,0
2,L,1350,193,0,0
2,L,1350,194,0,0
2,L,1350,195,0,0
2,L,1350,196,0,0
2,L,1350,197,0,0
2,L,1350,198,0,0
2,L,1350,199,0,0
2,L,1350,200,0,0
2,L,1350,201,0,0
2,L,1350,202,0,0
2,L,1350,203,0,0
2,L,1350,204,0,0
2,L,1350,205,0,0
2,L,1350,206,0,0
2,L,1350,207,0,0
2,L,1350,208,0,0
2,L,1350,209,0,0
2,L,1350,210,0,0
2,L,1350,211,0,0
2,L,1350,212,0,0
2,L,1350,213,0,0
2,L,1350,214,0,0
2,L,1350,215,0,0
2,L,1350,216,0,0
2,L,1350,217,0,0
2,L,1350,218,0,0
2,L,1350,219,0,0
2,L,1350,220,0,0
2,L,1350,221,0,0
2,L,1350,222,0,0
2,L,1350,223,0,0
2,L,1350,224,0,0
2,L,1350,225,0,0
2,L,1350,226,0,0
2,L,1350,227,0,0
2,L,1350,228,0,0
2,L,1350,229,0,0
2,L,1350,230,0,0
2,L,1350,231,0,0
2,L,1350,232,0,0
2,L,1350,233,0,0
2,L,1350,234,0,0
2,L,1350,235,0,0
2,L,1350,236,0,0
2,L,1350,237,0,0
2,L,1350,238,0,0
2,L,1350,239,0,0
2,L,1350,240,0,0
2,L,1350,241,0,0
2,L,1350,242,0,0
2,L,1350,243,0,0
2,L,1350,244,0,0
2,L,1350,245,0,0
2,L,1350,246,0,0
2,L,1350,247,0,0
2,L,1350,248,0,0
2,L,1350,249,0,0
2,L,1350,250,0,0
2,L,1350,251,0,0
2,L,1350,252,0,0
2,L,1350,253,0,0
2,L,1350,254,0,0
2,L,1350,255,0,0
2,L,1350,256,0,0
2,L,1350,257,0,0
2,L,1350,258,0,0
2,L,1350,259,0,0
2,L,1350,260,0,0
2,L,1350,261,0,0
2,L,1350,262,0,0
2,L,1350,263,0,0
2,L,1350,264,0,0
2,L,1350,265,0,0
2,L,1350,266,0,0
2,L,1350,267,0,0
2,L,1350,268,0,0
2,L,1350,269,0,0
2,L,1350,270,0,0
2,L,1350,271,0,0
2,L,1350,272,0,0
2,L,1350,273,0,0
2,L,1350,274,0,0
2,L,1350,275,0,0
2,L,1350,276,0,0
2,L,1350,277,0,0
2,L,1350,278,0,0
2,L,1350,279,0,0
2,L,1350,280,0,0
2,L,1350,281,0,0
2,L,1350,282,0,0
2,L,1350,283,0,0
2,L,1350,284,0,0
2,L,1350,285,0,0
2,L,1350,286,0,0
2,L,1350,287,0,0
2,L,1350,288,0,0
2,L,1350,289,0,0
2,L,1350,290,0,0
2,L,1350,291,0,0
2,L,1350,292,0,0
2,L,1350,293,0,0
2,L,1350,294,0,0
2,L,1350,295,0,0
2,L,1350,296,0,0
2,L,1350,297,0,0
2,L,1350,298,0,0
2,L,1350,299,0,0
3,L,1400,0,0,0
3,L,1400,1,0,0
3,L,1400,2,0,0
3,L,1400,3,0,0
3,L,1400,4,0,0
3,L,1400,5,0,0
3,L,1400,6,0,0
3,L,1400,7,0,0
3,L,1400,8,0,0
3,L,1400,9,0,0
3,L,1400,10,0,0
3,L,1400,11,0,0
3,L,1400,12,0,0
3,L,1400,13,0,0
3,L,1400,14,0,0
3,L,1400,15,0,0
3,L,1400,16,0,0
3,L,1400,17,0,0
3,L,1400,18,0,0
3,L,1400,19,0,0
3,L,1400,20,0,0
3,L,1400,21,0,0
3,L,1400,22,0,0
3,L,1400,23,0,0
3,L,1400,24,0,0
3,L,1400,25,0,0
3,L,1400,26,0,0
3,L,1400,27,0,0
3,L,1400,28,0,0
3,L,1400,29,0,0
3,L,1400,30,0,0
3,L,1400,31,0,0
3,L,1400,32,0,0
3,L,1400,33,0,0
3,L,1400,34,0,0
3,L,1400,35,0,0
3,L,1400,36,0,0
3,L,1400,37,0,0
3,L,1400,38,0,0
3,L,1400,39,0,0
3,L,1400,40,0,0
3,L,1400,41,0,0
3,L,1400,42,0,0
3,L,1400,43,0,0
3,L,1400,44,0,0
3,L,1400,45,0,0
3,L,1400,46,0,0
3,L,1400,47,0,0
3,L,1400,48,0,0
3,L,1400,49,0,0
3,L,1400,50,0,0
3,L,1400,51,0,0
3,L,1400,52,0,0
3,L,1400,53,0,0
3,L,1400,54,0,0
3,L,1400,55,0,0
3,L,1400,56,0,0
3,L,1400,57,0,0
3,L,1400,58,0,0
3,L,1400,59,0,0
3,L,1400,60,0,0
3,L,1400,61,0,0
3,L,1400,62,0,0
3,L,1400,63,0,0
3,L,1400,64,0,0
3,L,1400,65,0,0
3,L,1400,66,0,0
3,L,1400,67,0,0
3,L,1400,68,0,0
3,L,1400,69,0,0
3,L,1400,70,0,0
3,L,1400,71,0,0
3,L,1400,72,0,0
3,L,1400,73,0,0
3,L,1400,74,0,0
3,L,1400,75,0,0
3,L,1400,76,0,0
3,L,1400,77,0,0
3,L,1400,78,0,0
3,L,1400,79,0,0
3,L,1400,80,0,0
3,L,1400,81,0,0
3,L,1400,82,0,0
3,L,1400,83,0,0
3,L,1400,84,0,0
3,L,1400,85,0,0
3,L,1400,86,0,0
3,L,1400,87,0,0
3,L,1400,88,0,0
3,L,1400,89,0,0
3,L,1400,90,0,0
3,L,1400,91,0,0
3,L,1400,92,0,0
3,L,1400,93,0,0
3,L,1400,94,0,0
3,L,1400,95,0,0
3,L,1400,96,0,0
3,L,1400,97,0,0
3,L,1400,98,0,0
3,L,1400,99,0,0
3,L,1400,100,0,0
3,L,1400,101,0,0
3,L,1400,102,0,0
3,L,1400,103,0,0
3,L,1400,104,0,0
3,L,1400,105,0,0
3,L,1400,106,0,0
3,L,1400,107,0,0
3,L,1400,108,0,0
3,L,1400,109,0,0
3,L,1400,110,0,0
3,L,1400,111,0,0
3,L,1400,112,0,0
3,L,1400,113,0,0
3,L,1400,114,0,0
3,L,1400,115,0,0
3,L,1400,116,0,0
3,L,1400,117,0,0
3,L,1400,118,0,0
3,L,1400,119,0,0
3,L,1400,120,0,0
3,L,1400,121,0,0
3,L,1400,122,0,0
3,L,1400,123,0,0
3,L,1400,124,0,0
3,L,1400,125,0,0
3,L,1400,126,0,0
3,L,1400,127,0,0
3,L,1400,128,0,0
3,L,1400,129,0,0
3,L,1400,130,0,0
3,L,1400,131,0,0
3,L,1400,132,0,0
3,L,1400,133,0,0
3,L,1400,134,0,0
3,L,1400,135,0,0
3,L,1400,136,0,0
3,L,1400,137,0,0
3,L,1400,138,0,0
3,L,1400,139,0,0
3,L,1400,140,0,0
3,L,1400,141,0,0
3,L,1400,142,0,0
3,L,1400,143,0,0
3,L,1400,144,0,0
3,L,1400,145,0,0
3,L,1400,146,0,0
3,L,1400,147,0,0
3,L,1400,148,0,0
3,L,1400,149,0,0
3,L,1400,150,0,0
3,L,1400,151,0,0
3,L,1400,152,0,0
3,L,1400,153,0,0
3,L,1400,154,0,0
3,L,1400,155,0,0
3,L,1400,156,0,0
3,L,1400,157,0,0
3,L,1400,158,0,0
3,L,1400,159,0,0
3,L,1400,160,0,0
3,L,1400,161,0,0
3,L,1400,162,0,0
3,L,1400,163,0,0
3,L,1400,164,0,0
3,L,1400,165,0,0
3,L,1400,166,0,0
3,L,1400,167,0,0
3,L,1400,168,0,0
3,L,1400,169,0,0
3,L,1400,170,0,0
3,L,1400,171,0,0
3,L,1400,172,0,0
3,L,1400,173,0,0
3,L,1400,174,0,0
3,L,1400,175,0,0
3,L,1400,176,0,0
3,L,1400,177,0,0
3,L,1400,178,0,0
3,L,1400,179,0,0
3,L,1400,180,0,0
3,L,1400,181,0,0
3,L,1400,182,0,0
3,L,1400,183,0,0
3,L,1400,184,0,0
3,L,1400,185,0,0
3,L,1400,186,0,0
3,L,1400,187,0,0
3,L,1400,188,0,0
3,L,1400,189,0,0
3,L,1400,190,0,0
3,L,1400,191,0,0
3,L,1400,192,0,0
3,L,1400,193,0,0
3,L,1400,194,0,0
3,L,1400,195,0,0
3,L,1400,196,0,0
3,L,1400,197,0,0
3,L,1400,198,0,0
3,L,1400,199,0,0
3,L,1400,200,0,0
3,L,1400,201,0,0
3,L,1400,202,0,0
3,L,1400,203,0,0
3,L,1400,204,0,0
3,L,1400,205,0,0
3,L,1400,206,0,0
3,L,1400,207,0,0
3,L,1400,208,0,0
3,L,1400,209,0,0
3,L,1400,210,0,0
3,L,1400,211,0,0
3,L,1400,212,0,0
3,L,1400,213,0,0
3,L,1400,214,0,0
3,L,1400,215,0,0
3,L,1400,216,0,0
3,L,1400,217,0,0
3,L,1400,218,0,0
3,L,1400,219,0,0
3,L,1400,220,0,0
3,L,1400,221,0,0
3,L,1400,222,0,0
3,L,1400,223,0,0
3,L,1400,224,0,0
3,L,1400,225,0,0
3,L,1400,226,0,0
3,L,1400,227,0,0
3,L,1400,228,0,0
3,L,1400,229,0,0
3,L,1400,230,0,0
3,L,1400,231,0,0
3,L,1400,232,0,0
3,L,1400,233,0,0
3,L,1400,234,0,0
3,L,1400,235,0,0
3,L,1400,236,0,0
3,L,1400,237,0,0
3,L,1400,238,0,0
3,L,1400,239,0,0
3,L,1400,240,0,0
3,L,1400,241,0,0
3,L,1400,242,0,0
3,L,1400,243,0,0
3,L,1400,244,0,0
3,L,1400,245,0,0
3,L,1400,246,0,0
3,L,1400,247,0,0
3,L,1400,248,0,0
3,L,1400,249,0,0
3,L,1400,250,0,0
3,L,1400,251,0,0
3,L,1400,252,0,0
3,L,1400,253,0,0
3,L,1400,254,0,0
3,L,1400,255,0,0
3,L,1400,256,0,0
3,L,1400,257,0,0
3,L,1400,258,0,0
3,L,1400,259,0,0
3,L,1400,260,0,0
3,L,1400,261,0,0
3,L,1400,262,0,0
3,L,1400,263,0,0
3,L,1400,264,0,0
3,L,1400,265,0,0
3,L,1400,266,0,0
3,L,1400,267,0,0
3,L,1400,268,0,0
3,L,1400,269,0,0
3,L,1400,270,0,0
3,L,1400,271,0,0
3,L,1400,272,0,0
3,L,1400,273,0,0
3,L,1400,274,0,0
3,L,1400,275,0,0
3,L,1400,276,0,0
3,L,1400,277,0,0
3,L,1400,278,0,0
3,L,1400,279,0,0
3,L,1400,280,0,0
3,L,1400,281,0,0
3,L,1400,282,0,0
3,L,1400,283,0,0
3,L,1400,284,0,0
3,L,1400,285,0,0
3,L,1400,286,0,0
3,L,1400,287,0,0
3,L,1400,288,0,0
3,L,1400,289,0,0
3,L,1400,290,0,0
3,L,1400,291,0,0
3,L,1400,292,0,0
3,L,1400,293,0,0
3,L,1400,294,0,0
3,L,1400,295,0,0
3,L,1400,296,0,0
3,L,1400,297,0,0
3,L,1400,298,0,0
3,L,1400,299,0,0
4,L,1450,0,0,0
4,L,1450,1,0,0
4,L,1450,2,0,0
4,L,1450,3,0,0
4,L,1450,4,0,0
4,L,1450,5,0,0
4,L,1450,6,0,0
4,L,1450,7,0,0
4,L,1450,8,0,0
4,L,1450,9,0,0
4,L,1450,10,0,0
4,L,1450,11,0,0
4,L,1450,12,0,0
4,L,1450,13,0,0
4,L,1450,14,0,0
4,L,1450,15,0,0
4,L,1450,16,0,0
4,L,1450,17,0,0
4,L,1450,18,0,0
4,L,1450,19,0,0
4,L,1450,20,0,0
4,L,1450,21,0,0
4,L,1450,22,0,0
4,L,1450,23,0,0
4,L,1450,24,0,0
4,L,1450,25,0,0
4,L,1450,26,0,0
4,L,1450,27,0,0
4,L,1450,28,0,0
4,L,1450,29,0,0
4,L,1450,30,0,0
4,L,1450,31,0,0
4,L,1450,32,0,0
4,L,1450,33,0,0
4,L,1450,34,0,0
4,L,1450,35,0,0
4,L,1450,36,0,0
4,L,1450,37,0,0
4,L,1450,38,0,0
4,L,1450,39,0,0
4,L,1450,40,0,0
4,L,1450,41,0,0
4,L,1450,42,0,0
4,L,1450,43,0,0
4,L,1450,44,0,0
4,L,1450,45,0,0
4,L,1450,46,0,0
4,L,1450,47,0,0
4,L,1450,48,0,0
4,L,1450,49,0,0
4,L,1450,50,0,0
4,L,1450,51,0,0
4,L,1450,52,0,0
4,L,1450,53,0,0
4,L,1450,54,0,0
4,L,1450,55,0,0
4,L,1450,56,0,0
4,L,1450,57,0,0
4,L,1450,58,0,0
4,L,1450,59,0,0
4,L,1450,60,0,0
4,L,1450,61,0,0
4,L,1450,62,0,0
4,L,1450,63,0,0
4,L,1450,64,0,0
4,L,1450,65,0,0
4,L,1450,66,0,0
4,L,1450,67,0,0
4,L,1450,68,0,0
4,L,1450,69,0,0
4,L,1450,70,0,0
4,L,1450,71,0,0
4,L,1450,72,0,0
4,L,1450,73,0,0
4,L,1450,74,0,0
4,L,1450,75,0,0
4,L,1450,76,0,0
4,L,1450,77,0,0
4,L,1450,78,0,0
4,L,1450,79,0,0
4,L,1450,80,0,0
4,L,1450,81,0,0
4,L,1450,82,0,0
4,L,1450,83,0,0
4,L,1450,84,0,0
4,L,1450,85,0,0
4,L,1450,86,0,0
4,L,1450,87,0,0
4,L,1450,88,0,0
4,L,1450,89,0,0
4,L,1450,90,0,0
4,L,1450,91,0,0
4,L,1450,92,0,0
4,L,1450,93,0,0
4,L,1450,94,0,0
4,L,1450,95,0,0
4,L,1450,96,0,0
4,L,1450,97,0,0
4,L,1450,98,0,0
4,L,1450,99,0,0
4,L,1450,100,0,0
4,L,1450,101,0,0
4,L,1450,102,0,0
4,L,1450,103,0,0
4,L,1450,104,0,0
4,L,1450,105,0,0
4,L,1450,106,0,0
4,L,1450,107,0,0
4,L,1450,108,0,0
4,L,1450,109,0,0
4,L,1450,110,0,0
4,L,1450,111,0,0
4,L,1450,112,0,0
4,L,1450,113,0,0
4,L,1450,114,0,0
4,L,1450,115,0,0
4,L,1450,116,0,0
4,L,1450,117,0,0
4,L,1450,118,0,0
4,L,1450,119,0,0
4,L,1450,120,0,0
4,L,1450,121,0,0
4,L,1450,122,0,0
4,L,1450,123,0,0
4,L,1450,124,0,0
4,L,1450,125,0,0
4,L,1450,126,0,0
4,L,1450,127,0,0
4,L,1450,128,0,0
4,L,1450,129,0,0
4,L,1450,130,0,0
4,L,1450,131,0,0
4,L,1450,132,0,0
4,L,1450,133,0,0
4,L,1450,134,0,0
4,L,1450,135,0,0
4,L,1450,136,0,0
4,L,1450,137,0,0
4,L,1450,138,0,0
4,L,1450,139,0,0
4,L,1450,140,0,0
4,L,1450,141,0,0
4,L,1450,142,0,0
4,L,1450,143,0,0
4,L,1450,144,0,0
4,L,1450,145,0,0
4,L,1450,146,0,0
4,L,1450,147,0,0
4,L,1450,148,0,0
4,L,1450,149,0,0
4,L,1450,150,0,0
4,L,1450,151,0,0
4,L,1450,152,0,0
4,L,1450,153,0,0
4,L,1450,154,0,0
4,L,1450,155,0,0
4,L,1450,156,0,0
4,L,1450,157,0,0
4,L,1450,158,0,0
4,L,1450,159,0,0
4,L,1450,160,0,0
4,L,1450,161,0,0
4,L,1450,162,0,0
4,L,1450,163,0,0
4,L,1450,164,0,0
4,L,1450,165,0,0
4,L,1450,166,0,0
4,L,1450,167,0,0
4,L,1450,168,0,0
4,L,1450,169,0,0
4,L,1450,170,0,0
4,L,1450,171,0,0
4,L,1450,172,0,0
4,L,1450,173,0,0
4,L,1450,174,0,0
4,L,1450,175,0,0
4,L,1450,176,0,0
4,L,1450,177,0,0
4,L,1450,178,0,0
4,L,1450,179,0,0
4,L,1450,180,0,0
4,L,1450,181,0,0
4,L,1450,182,0,0
4,L,1450,183,0,0
4,L,1450,184,0,0
4,L,1450,185,0,0
4,L,1450,186,0,0
4,L,1450,187,0,0
4,L,1450,188,0,0
4,L,1450,189,0,0
4,L,1450,190,0,0
4,L,1450,191,0,0
4,L,1450,192,0,0
4,L,1450,193,0,0
4,L,1450,194,0,0
4,L,1450,195,0,0
4,L,1450,196,0,0
4,L,1450,197,0,0
4,L,1450,198,0,0
4,L,1450,199,0,0
4,L,1450,200,0,0
4,L,1450,201,0,0
4,L,1450,202,0,0
4,L,1450,203,0,0
4,L,1450,204,0,0
4,L,1450,205,0,0
4,L,1450,206,0,0
4,L,1450,207,0,0
4,L,1450,208,0,0
4,L,1450,209,0,0
4,L,1450,210,0,0
4,L,1450,211,0,0
4,L,1450,212,0,0
4,L,1450,213,0,0
4,L,1450,214,0,0
4,L,1450,215,0,0
4,L,1450,216,0,0
4,L,1450,217,0,0
4,L,1450,218,0,0
4,L,1450,219,0,0
4,L,1450,220,0,0
4,L,1450,221,0,0
4,L,1450,222,0,0
4,L,1450,223,0,0
4,L,1450,224,0,0
4,L,1450,225,0,0
4,L,1450,226,0,0
4,L,1450,227,0,0
4,L,1450,228,0,0
4,L,1450,229,0,0
4,L,1450,230,0,0
4,L,1450,231,0,0
4,L,1450,232,0,0
4,L,1450,233,0,0
4,L,1450,234,0,0
4,L,1450,235,0,0
4,L,1450,236,0,0
4,L,1450,237,0,0
4,L,1450,238,0,0
4,L,1450,239,0,0
4,L,1450,240,0,0
4,L,1450,241,0,0
4,L,1450,242,0,0
4,L,1450,243,0,0
4,L,1450,244,0,0
4,L,1450,245,0,0
4,L,1450,246,0,0
4,L,1450,247,0,0
4,L,1450,248,0,0
4,L,1450,249,0,0
4,L,1450,250,0,0
4,L,1450,251,0,0
4,L,1450,252,0,0
4,L,1450,253,0,0
4,L,1450,254,0,0
4,L,1450,255,0,0
4,L,1450,256,0,0
4,L,1450,257,0,0
4,L,1450,258,0,0
4,L,1450,259,0,0
4,L,1450,260,0,0
4,L,1450,261,0,0
4,L,1450,262,0,0
4,L,1450,263,0,0
4,L,1450,264,0,0
4,L,1450,265,0,0
4,L,1450,266,0,0
4,L,1450,267,0,0
4,L,1450,268,0,0
4,L,1450,269,0,0
4,L,1450,270,0,0
4,L,1450,271,0,0
4,L,1450,272,0,0
4,L,1450,273,0,0
4,L,1450,274,0,0
4,L,1450,275,0,0
4,L,1450,276,0,0
4,L,1450,277,0,0
4,L,1450,278,0,0
4,L,1450,279,0,0
4,L,1450,280,0,0
4,L,1450,281,0,0
4,L,1450,282,0,0
4,L,1450,283,0,0
4,L,1450,284,0,0
4,L,1450,285,0,0
4,L,1450,286,0,0
4,L,1450,287,0,0
4,L,1450,288,0,0
4,L,1450,289,0,0
4,L,1450,290,0,0
4,L,1450,291,0,0
4,L,1450,292,0,0
4,L,1450,293,0,0
4,L,1450,294,0,0
4,L,1450,295,0,0
4,L,1450,296,0,0
4,L,1450,297,0,0
4,L,1450,298,0,0
4,L,1450,299,0,0
5,L,1500,0,0,0
5,L,1500,1,0,0
5,L,1500,2,0,0
5,L,1500,3,0,0
5,L,1500,4,0,0
5,L,1500,5,0,0
5,L,1500,6,0,0
5,L,1500,7,0,0
5,L,1500,8,0,0
5,L,1500,9,1,0
5,L,1500,10,1,0
5,L,1500,11,0,0
5,L,1500,12,0,0
5,L,1500,13,1,0
5,L,1500,14,0,0
5,L,1500,15,0,0
5,L,1500,16,1,0
5,L,1500,17,0,0
5,L,1500,18,2,0
5,L,1500,19,0,0
5,L,1500,20,1,0
5,L,1500,21,0,0
5,L,1500,22,1,0
5,L,1500,23,0,0
5,L,1500,24,2,0
5,L,1500,25,0,0
5,L,1500,26,1,0
5,L,1500,27,1,0
5,L,1500,28,0,0
5,L,1500,29,2,0
5,L,1500,30,1,0
5,L,1500,31,0,0
5,L,1500,32,1,0
5,L,1500,33,2,0
5,L,1500,34,1,0
5,L,1500,35,1,0
5,L,1500,36,0,0
5,L,1500,37,2,0
5,L,1500,38,1,0
5,L,1500,39,1,0
5,L,1500,40,2,0
5,L,1500,41,1,0
5,L,1500,42,1,0
5,L,1500,43,1,0
5,L,1500,44,1,0
5,L,1500,45,1,0
5,L,1500,46,1,0
5,L,1500,47,2,0
5,L,1500,48,1,0
5,L,1500,49,1,0
5,L,1500,50,2,0
5,L,1500,51,1,0
5,L,1500,52,1,0
5,L,1500,53,2,0
5,L,1500,54,1,0
5,L,1500,55,2,0
5,L,1500,56,1,0
5,L,1500,57,2,0
5,L,1500,58,2,0
5,L,1500,59,1,0
5,L,1500,60,1,0
5,L,1500,61,2,0
5,L,1500,62,1,0
5,L,1500,63,1,0
5,L,1500,64,2,0
5,L,1500,65,1,0
5,L,1500,66,2,0
5,L,1500,67,2,0
5,L,1500,68,1,0
5,L,1500,69,2,0
5,L,1500,70,1,0
5,L,1500,71,2,0
5,L,1500,72,2,0
5,L,1500,73,1,0
5,L,1500,74,2,0
5,L,1500,75,1,0
5,L,1500,76,2,0
5,L,1500,77,2,0
5,L,1500,78,1,0
5,L,1500,79,2,0
5,L,1500,80,1,0
5,L,1500,81,3,0
5,L,1500,82,1,0
5,L,1500,83,1,0
5,L,1500,84,3,0
5,L,1500,85,1,0
5,L,1500,86,2,0
5,L,1500,87,1,0
5,L,1500,88,3,0
5,L,1500,89,1,0
5,L,1500,90,1,0
5,L,1500,91,2,0
5,L,1500,92,2,0
5,L,1500,93,2,0
5,L,1500,94,2,0
5,L,1500,95,2,0
5,L,1500,96,1,0
5,L,1500,97,2,0
5,L,1500,98,2,0
5,L,1500,99,1,0
5,L,1500,100,3,0
5,L,1500,101,1,0
5,L,1500,102,2,0
5,L,1500,103,2,0
5,L,1500,104,2,0
5,L,1500,105,1,0
5,L,1500,106,3,0
5,L,1500,107,1,0
5,L,1500,108,2,0
5,L,1500,109,2,0
5,L,1500,110,1,0
5,L,1500,111,3,0
5,L,1500,112,1,0
5,L,1500,113,2,0
5,L,1500,114,2,0
5,L,1500,115,2,0
5,L,1500,116,2,0
5,L,1500,117,2,0
5,L,1500,118,1,0
5,L,1500,119,3,0
5,L,1500,120,1,0
5,L,1500,121,2,0
5,L,1500,122,2,0
5,L,1500,123,2,0
5,L,1500,124,2,0
5,L,1500,125,1,0
5,L,1500,126,3,0
5,L,1500,127,1,0
5,L,1500,128,3,0
5,L,1500,129,1,0
5,L,1500,130,3,0
5,L,1500,131,1,0
5,L,1500,132,2,0
5,L,1500,133,2,0
5,L,1500,134,2,0
5,L,1500,135,2,0
5,L,1500,136,2,0
5,L,1500,137,2,0
5,L,1500,138,2,0
5,L,1500,139,2,0
5,L,1500,140,2,0
5,L,1500,141,2,0
5,L,1500,142,2,0
5,L,1500,143,2,0
5,L,1500,144,2,0
5,L,1500,145,2,0
5,L,1500,146,2,0
5,L,1500,147,2,0
5,L,1500,148,2,0
5,L,1500,149,2,0
5,L,1500,150,2,0
5,L,1500,151,2,0
5,L,1500,152,2,0
5,L,1500,153,2,0
5,L,1500,154,2,0
5,L,1500,155,2,0
5,L,1500,156,2,0
5,L,1500,157,2,0
5,L,1500,158,2,0
5,L,1500,159,2,0
5,L,1500,160,2,0
5,L,1500,161,2,0
5,L,1500,162,2,0
5,L,1500,163,2,0
5,L,1500,164,2,0
5,L,1500,165,2,0
5,L,1500,166,2,0
5,L,1500,167,2,0
5,L,1500,168,3,0
5,L,1500,169,1,0
5,L,1500,170,3,0
5,L,1500,171,1,0
5,L,1500,172,3,0
5,L,1500,173,2,0
5,L,1500,174,2,0
5,L,1500,175,2,0
5,L,1500,176,2,0
5,L,1500,177,3,0
5,L,1500,178,1,0
5,L,1500,179,3,0
5,L,1500,180,1,0
5,L,1500,181,3,0
5,L,1500,182,1,0
5,L,1500,183,3,0
5,L,1500,184,2,0
5,L,1500,185,2,0
5,L,1500,186,2,0
5,L,1500,187,2,0
5,L,1500,188,2,0
5,L,1500,189,2,0
5,L,1500,190,2,0
5,L,1500,191,3,0
5,L,1500,192,1,0
5,L,1500,193,3,0
5,L,1500,194,1,0
5,L,1500,195,3,0
5,L,1500,196,2,0
5,L,1500,197,2,0
5,L,1500,198,3,0
5,L,1500,199,1,0
5,L,1500,200,3,0
5,L,1500,201,1,0
5,L,1500,202,3,0
5,L,1500,203,1,0
5,L,1500,204,3,0
5,L,1500,205,1,0
5,L,1500,206,3,0
5,L,1500,207,1,0
5,L,1500,208,1,0
5,L,1500,209,2,0
5,L,1500,210,2,0
5,L,1500,211,2,0
5,L,1500,212,1,0
5,L,1500,213,1,0
5,L,1500,214,2,0
5,L,1500,215,1,0
5,L,1500,216,1,0
5,L,1500,217,2,0
5,L,1500,218,1,0
5,L,1500,219,1,0
5,L,1500,220,1,0
5,L,1500,221,1,0
5,L,1500,222,1,0
5,L,1500,223,1,0
5,L,1500,224,1,0
5,L,1500,225,1,0
5,L,1500,226,1,0
5,L,1500,227,0,0
5,L,1500,228,1,0
5,L,1500,229,0,0
5,L,1500,230,1,0
5,L,1500,231,1,0
5,L,1500,232,0,0
5,L,1500,233,0,0
5,L,1500,234,1,0
5,L,1500,235,0,0
5,L,1500,236,0,0
5,L,1500,237,0,0
5,L,1500,238,0,0
5,L,1500,239,0,0
5,L,1500,240,0,0
5,L,1500,241,0,0
5,L,1500,242,0,0
5,L,1500,243,0,0
5,L,1500,244,0,0
5,L,1500,245,0,0
5,L,1500,246,0,0
5,L,1500,247,0,0
5,L,1500,248,0,0
5,L,1500,249,0,0
5,L,1500,250,0,0
5,L,1500,251,0,0
5,L,1500,252,0,0
5,L,1500,253,0,0
5,L,1500,254,0,0
5,L,1500,255,0,0
5,L,1500,256,0,0
5,L,1500,257,0,0
5,L,1500,258,0,0
5,L,1500,259,0,0
5,L,1500,260,0,0
5,L,1500,261,0,0
5,L,1500,262,0,0
5,L,1500,263,0,0
5,L,1500,264,0,0
5,L,1500,265,0,0
5,L,1500,266,0,0
5,L,1500,267,0,0
5,L,1500,268,0,0
5,L,1500,269,0,0
5,L,1500,270,0,0
5,L,1500,271,0,0
5,L,1500,272,0,0
5,L,1500,273,0,0
5,L,1500,274,0,0
5,L,1500,275,0,0
5,L,1500,276,0,0
5,L,1500,277,0,0
5,L,1500,278,0,0
5,L,1500,279,0,0
5,L,1500,280,0,0
5,L,1500,281,0,0
5,L,1500,282,0,0
5,L,1500,283,0,0
5,L,1500,284,0,0
5,L,1500,285,0,0
5,L,1500,286,0,0
5,L,1500,287,0,0
5,L,1500,288,0,0
5,L,1500,289,0,0
5,L,1500,290,0,0
5,L,1500,291,0,0
5,L,1500,292,0,0
5,L,1500,293,0,0
5,L,1500,294,0,0
5,L,1500,295,0,0
5,L,1500,296,0,0
5,L,1500,297,0,0
5,L,1500,298,0,0
5,L,1500,299,0,0
6,L,1550,0,0,0
6,L,1550,1,0,0
6,L,1550,2,0,0
6,L,1550,3,0,0
6,L,1550,4,0,0
6,L,1550,5,0,0
6,L,1550,6,1,0
6,L,1550,7,0,0
6,L,1550,8,0,0
6,L,1550,9,2,0
6,L,1550,10,0,0
6,L,1550,11,1,0
6,L,1550,12,1,0
6,L,1550,13,0,0
6,L,1550,14,2,0
6,L,1550,15,1,0
6,L,1550,16,1,0
6,L,1550,17,1,0
6,L,1550,18,1,0
6,L,1550,19,1,0
6,L,1550,20,2,0
6,L,1550,21,1,0
6,L,1550,22,1,0
6,L,1550,23,2,0
6,L,1550,24,2,0
6,L,1550,25,1,0
6,L,1550,26,2,0
6,L,1550,27,1,0
6,L,1550,28,2,0
6,L,1550,29,2,0
6,L,1550,30,1,0
6,L,1550,31,3,0
6,L,1550,32,1,0
6,L,1550,33,2,0
6,L,1550,34,2,0
6,L,1550,35,2,0
6,L,1550,36,2,0
6,L,1550,37,2,0
6,L,1550,38,2,0
6,L,1550,39,2,0
6,L,1550,40,2,0
6,L,1550,41,2,0
6,L,1550,42,2,0
6,L,1550,43,3,0
6,L,1550,44,1,0
6,L,1550,45,3,0
6,L,1550,46,3,0
6,L,1550,47,1,0
6,L,1550,48,3,0
6,L,1550,49,2,0
6,L,1550,50,3,0
6,L,1550,51,2,0
6,L,1550,52,2,0
6,L,1550,53,3,0
6,L,1550,54,2,0
6,L,1550,55,3,0
6,L,1550,56,3,0
6,L,1550,57,2,0
6,L,1550,58,3,0
6,L,1550,59,2,0
6,L,1550,60,2,0
6,L,1550,61,3,0
6,L,1550,62,2,0
6,L,1550,63,3,0
6,L,1550,64,3,0
6,L,1550,65,2,0
6,L,1550,66,3,0
6,L,1550,67,3,0
6,L,1550,68,3,0
6,L,1550,69,2,0
6,L,1550,70,4,0
6,L,1550,71,3,0
6,L,1550,72,2,0
6,L,1550,73,3,0
6,L,1550,74,3,0
6,L,1550,75,2,0
6,L,1550,76,3,0
6,L,1550,77,3,0
6,L,1550,78,2,0
6,L,1550,79,3,0
6,L,1550,80,4,0
6,L,1550,81,3,0
6,L,1550,82,2,0
6,L,1550,83,3,0
6,L,1550,84,3,0
6,L,1550,85,3,0
6,L,1550,86,3,0
6,L,1550,87,3,0
6,L,1550,88,3,0
6,L,1550,89,3,0
6,L,1550,90,3,0
6,L,1550,91,3,0
6,L,1550,92,3,0
6,L,1550,93,2,0
6,L,1550,94,4,0
6,L,1550,95,3,0
6,L,1550,96,3,0
6,L,1550,97,3,0
6,L,1550,98,3,0
6,L,1550,99,3,0
6,L,1550,100,4,0
6,L,1550,101,3,0
6,L,1550,102,2,0
6,L,1550,103,3,0
6,L,1550,104,4,0
6,L,1550,105,3,0
6,L,1550,106,3,0
6,L,1550,107,3,0
6,L,1550,108,3,0
6,L,1550,109,3,0
6,L,1550,110,4,0
6,L,1550,111,2,0
6,L,1550,112,4,0
6,L,1550,113,3,0
6,L,1550,114,3,0
6,L,1550,115,4,0
6,L,1550,116,2,0
6,L,1550,117,4,0
6,L,1550,118,3,0
6,L,1550,119,3,0
6,L,1550,120,4,0
6,L,1550,121,2,0
6,L,1550,122,4,0
6,L,1550,123,3,0
6,L,1550,124,3,0
6,L,1550,125,4,0
6,L,1550,126,2,0
6,L,1550,127,4,0
6,L,1550,128,3,0
6,L,1550,129,4,0
6,L,1550,130,3,0
6,L,1550,131,3,0
6,L,1550,132,3,0
6,L,1550,133,3,0
6,L,1550,134,4,0
6,L,1550,135,3,0
6,L,1550,136,4,0
6,L,1550,137,2,0
6,L,1550,138,4,0
6,L,1550,139,3,0
6,L,1550,140,4,0
6,L,1550,141,3,0
6,L,1550,142,4,0
6,L,1550,143,2,0
6,L,1550,144,4,0
6,L,1550,145,3,0
6,L,1550,146,4,0
6,L,1550,147,3,0
6,L,1550,148,4,0
6,L,1550,149,2,0
6,L,1550,150,4,0
6,L,1550,151,3,0
6,L,1550,152,4,0
6,L,1550,153,3,0
6,L,1550,154,4,0
6,L,1550,155,3,0
6,L,1550,156,3,0
6,L,1550,157,3,0
6,L,1550,158,4,0
6,L,1550,159,3,0
6,L,1550,160,4,0
6,L,1550,161,3,0
6,L,1550,162,3,0
6,L,1550,163,4,0
6,L,1550,164,3,0
6,L,1550,165,4,0
6,L,1550,166,3,0
6,L,1550,167,4,0
6,L,1550,168,3,0
6,L,1550,169,3,0
6,L,1550,170,3,0
6,L,1550,171,4,0
6,L,1550,172,3,0
6,L,1550,173,4,0
6,L,1550,174,3,0
6,L,1550,175,3,0
6,L,1550,176,4,0
6,L,1550,177,3,0
6,L,1550,178,4,0
6,L,1550,179,3,0
6,L,1550,180,4,0
6,L,1550,181,4,0
6,L,1550,182,2,0
6,L,1550,183,4,0
6,L,1550,184,3,0
6,L,1550,185,4,0
6,L,1550,186,3,0
6,L,1550,187,4,0
6,L,1550,188,3,0
6,L,1550,189,3,0
6,L,1550,190,4,0
6,L,1550,191,3,0
6,L,1550,192,4,0
6,L,1550,193,3,0
6,L,1550,194,4,0
6,L,1550,195,4,0
6,L,1550,196,2,0
6,L,1550,197,4,0
6,L,1550,198,3,0
6,L,1550,199,4,0
6,L,1550,200,3,0
6,L,1550,201,4,0
6,L,1550,202,3,0
6,L,1550,203,3,0
6,L,1550,204,4,0
6,L,1550,205,3,0
6,L,1550,206,3,0
6,L,1550,207,4,0
6,L,1550,208,2,0
6,L,1550,209,3,0
6,L,1550,210,3,0
6,L,1550,211,2,0
6,L,1550,212,3,0
6,L,1550,213,3,0
6,L,1550,214,2,0
6,L,1550,215,3,0
6,L,1550,216,3,0
6,L,1550,217,2,0
6,L,1550,218,3,0
6,L,1550,219,2,0
6,L,1550,220,2,0
6,L,1550,221,3,0
6,L,1550,222,2,0
6,L,1550,223,2,0
6,L,1550,224,2,0
6,L,1550,225,2,0
6,L,1550,226,2,0
6,L,1550,227,2,0
6,L,1550,228,2,0
6,L,1550,229,2,0
6,L,1550,230,1,0
6,L,1550,231,2,0
6,L,1550,232,2,0
6,L,1550,233,1,0
6,L,1550,234,2,0
6,L,1550,235,1,0
6,L,1550,236,1,0
6,L,1550,237,2,0
6,L,1550,238,1,0
6,L,1550,239,1,0
6,L,1550,240,2,0
6,L,1550,241,1,0
6,L,1550,242,1,0
6,L,1550,243,2,0
6,L,1550,244,0,0
6,L,1550,245,1,0
6,L,1550,246,1,0
6,L,1550,247,1,0
6,L,1550,248,1,0
6,L,1550,249,1,0
6,L,1550,250,0,0
6,L,1550,251,1,0
6,L,1550,252,0,0
6,L,1550,253,1,0
6,L,1550,254,1,0
6,L,1550,255,0,0
6,L,1550,256,0,0
6,L,1550,257,1,0
6,L,1550,258,0,0
6,L,1550,259,0,0
6,L,1550,260,0,0
6,L,1550,261,1,0
6,L,1550,262,0,0
6,L,1550,263,0,0
6,L,1550,264,0,0
6,L,1550,265,1,0
6,L,1550,266,1,0
6,L,1550,267,0,0
6,L,1550,268,0,0
6,L,1550,269,0,0
6,L,1550,270,0,0
6,L,1550,271,0,0
6,L,1550,272,0,0
6,L,1550,273,0,0
6,L,1550,274,0,0
6,L,1550,275,0,0
6,L,1550,276,0,0
6,L,1550,277,0,0
6,L,1550,278,0,0
6,L,1550,279,0,0
6,L,1550,280,0,0
6,L,1550,281,0,0
6,L,1550,282,0,0
6,L,1550,283,0,0
6,L,1550,284,0,0
6,L,1550,285,0,0
6,L,1550,286,0,0
6,L,1550,287,0,0
6,L,1550,288,0,0
6,L,1550,289,0,0
6,L,1550,290,0,0
6,L,1550,291,0,0
6,L,1550,292,0,0
6,L,1550,293,0,0
6,L,1550,294,0,0
6,L,1550,295,0,0
6,L,1550,296,0,0
6,L,1550,297,0,0
6,L,1550,298,0,0
6,L,1550,299,0,0
7,L,1600,0,0,0
7,L,1600,1,0,0
7,L,1600,2,0,0
7,L,1600,3,0,0
7,L,1600,4,1,0
7,L,1600,5,0,0
7,L,1600,6,0,0
7,L,1600,7,1,0
7,L,1600,8,0,0
7,L,1600,9,2,0
7,L,1600,10,1,0
7,L,1600,11,1,0
7,L,1600,12,2,0
7,L,1600,13,1,0
7,L,1600,14,1,0
7,L,1600,15,2,0
7,L,1600,16,1,0
7,L,1600,17,2,0
7,L,1600,18,2,0
7,L,1600,19,1,0
7,L,1600,20,3,0
7,L,1600,21,1,0
7,L,1600,22,3,0
7,L,1600,23,2,0
7,L,1600,24,2,0
7,L,1600,25,3,0
7,L,1600,26,2,0
7,L,1600,27,3,0
7,L,1600,28,2,0
7,L,1600,29,2,0
7,L,1600,30,3,0
7,L,1600,31,3,0
7,L,1600,32,3,0
7,L,1600,33,3,0
7,L,1600,34,3,0
7,L,1600,35,2,0
7,L,1600,36,3,0
7,L,1600,37,3,0
7,L,1600,38,3,0
7,L,1600,39,3,0
7,L,1600,40,3,0
7,L,1600,41,4,0
7,L,1600,42,3,0
7,L,1600,43,3,0
7,L,1600,44,3,0
7,L,1600,45,3,0
7,L,1600,46,4,0
7,L,1600,47,3,0
7,L,1600,48,4,0
7,L,1600,49,3,0
7,L,1600,50,3,0
7,L,1600,51,4,0
7,L,1600,52,3,0
7,L,1600,53,4,0
7,L,1600,54,4,0
7,L,1600,55,3,0
7,L,1600,56,4,0
7,L,1600,57,4,0
7,L,1600,58,4,0
7,L,1600,59,3,0
7,L,1600,60,3,0
7,L,1600,61,4,0
7,L,1600,62,4,0
7,L,1600,63,4,0
7,L,1600,64,3,0
7,L,1600,65,4,0
7,L,1600,66,4,0
7,L,1600,67,4,0
7,L,1600,68,4,0
7,L,1600,69,4,0
7,L,1600,70,4,0
7,L,1600,71,4,0
7,L,1600,72,4,0
7,L,1600,73,4,0
7,L,1600,74,4,0
7,L,1600,75,4,0
7,L,1600,76,4,0
7,L,1600,77,4,0
7,L,1600,78,4,0
7,L,1600,79,4,0
7,L,1600,80,4,0
7,L,1600,81,4,0
7,L,1600,82,4,0
7,L,1600,83,4,0
7,L,1600,84,4,0
7,L,1600,85,4,0
7,L,1600,86,4,0
7,L,1600,87,5,0
7,L,1600,88,4,0
7,L,1600,89,4,0
7,L,1600,90,4,0
7,L,1600,91,4,0
7,L,1600,92,5,0
7,L,1600,93,4,0
7,L,1600,94,5,0
7,L,1600,95,4,0
7,L,1600,96,4,0
7,L,1600,97,4,0
7,L,1600,98,5,0
7,L,1600,99,4,0
7,L,1600,100,4,0
7,L,1600,101,4,0
7,L,1600,102,4,0
7,L,1600,103,5,0
7,L,1600,104,4,0
7,L,1600,105,4,0
7,L,1600,106,4,0
7,L,1600,107,5,0
7,L,1600,108,5,0
7,L,1600,109,4,0
7,L,1600,110,4,0
7,L,1600,111,5,0
7,L,1600,112,4,0
7,L,1600,113,4,0
7,L,1600,114,5,0
7,L,1600,115,4,0
7,L,1600,116,4,0
7,L,1600,117,4,0
7,L,1600,118,6,0
7,L,1600,119,4,0
7,L,1600,120,4,0
7,L,1600,121,5,0
7,L,1600,122,4,0
7,L,1600,123,4,0
7,L,1600,124,5,0
7,L,1600,125,4,0
7,L,1600,126,4,0
7,L,1600,127,6,0
7,L,1600,128,4,0
7,L,1600,129,4,0
7,L,1600,130,5,0
7,L,1600,131,4,0
7,L,1600,132,5,0
7,L,1600,133,4,0
7,L,1600,134,4,0
7,L,1600,135,5,0
7,L,1600,136,5,0
7,L,1600,137,4,0
7,L,1600,138,5,0
7,L,1600,139,4,0
7,L,1600,140,4,0
7,L,1600,141,5,0
7,L,1600,142,4,0
7,L,1600,143,5,0
7,L,1600,144,5,0
7,L,1600,145,4,0
7,L,1600,146,5,0
7,L,1600,147,4,0
7,L,1600,148,4,0
7,L,1600,149,5,0
7,L,1600,150,4,0
7,L,1600,151,6,0
7,L,1600,152,4,0
7,L,1600,153,4,0
7,L,1600,154,5,0
7,L,1600,155,4,0
7,L,1600,156,5,0
7,L,1600,157,4,0
7,L,1600,158,5,0
7,L,1600,159,5,0
7,L,1600,160,4,0
7,L,1600,161,5,0
7,L,1600,162,4,0
7,L,1600,163,5,0
7,L,1600,164,4,0
7,L,1600,165,5,0
7,L,1600,166,5,0
7,L,1600,167,4,0
7,L,1600,168,5,0
7,L,1600,169,4,0
7,L,1600,170,5,0
7,L,1600,171,4,0
7,L,1600,172,5,0
7,L,1600,173,5,0
7,L,1600,174,4,0
7,L,1600,175,5,0
7,L,1600,176,4,0
7,L,1600,177,5,0
7,L,1600,178,4,0
7,L,1600,179,6,0
7,L,1600,180,4,0
7,L,1600,181,5,0
7,L,1600,182,4,0
7,L,1600,183,4,0
7,L,1600,184,5,0
7,L,1600,185,4,0
7,L,1600,186,6,0
7,L,1600,187,4,0
7,L,1600,188,5,0
7,L,1600,189,4,0
7,L,1600,190,5,0
7,L,1600,191,4,0
7,L,1600,192,6,0
7,L,1600,193,4,0
7,L,1600,194,5,0
7,L,1600,195,4,0
7,L,1600,196,4,0
7,L,1600,197,5,0
7,L,1600,198,5,0
7,L,1600,199,5,0
7,L,1600,200,4,0
7,L,1600,201,5,0
7,L,1600,202,4,0
7,L,1600,203,5,0
7,L,1600,204,4,0
7,L,1600,205,4,0
7,L,1600,206,5,0
7,L,1600,207,5,0
7,L,1600,208,4,0
7,L,1600,209,4,0
7,L,1600,210,4,0
7,L,1600,211,4,0
7,L,1600,212,4,0
7,L,1600,213,3,0
7,L,1600,214,3,0
7,L,1600,215,4,0
7,L,1600,216,4,0
7,L,1600,217,4,0
7,L,1600,218,3,0
7,L,1600,219,4,0
7,L,1600,220,3,0
7,L,1600,221,4,0
7,L,1600,222,2,0
7,L,1600,223,4,0
7,L,1600,224,3,0
7,L,1600,225,3,0
7,L,1600,226,3,0
7,L,1600,227,3,0
7,L,1600,228,3,0
7,L,1600,229,3,0
7,L,1600,230,2,0
7,L,1600,231,3,0
7,L,1600,232,3,0
7,L,1600,233,2,0
7,L,1600,234,3,0
7,L,1600,235,3,0
7,L,1600,236,2,0
7,L,1600,237,2,0
7,L,1600,238,2,0
7,L,1600,239,3,0
7,L,1600,240,2,0
7,L,1600,241,2,0
7,L,1600,242,3,0
7,L,1600,243,1,0
7,L,1600,244,2,0
7,L,1600,245,2,0
7,L,1600,246,2,0
7,L,1600,247,2,0
7,L,1600,248,1,0
7,L,1600,249,2,0
7,L,1600,250,2,0
7,L,1600,251,2,0
7,L,1600,252,1,0
7,L,1600,253,1,0
7,L,1600,254,2,0
7,L,1600,255,1,0
7,L,1600,256,1,0
7,L,1600,257,2,0
7,L,1600,258,1,0
7,L,1600,259,1,0
7,L,1600,260,2,0
7,L,1600,261,1,0
7,L,1600,262,0,0
7,L,1600,263,1,0
7,L,1600,264,2,0
7,L,1600,265,0,0
7,L,1600,266,1,0
7,L,1600,267,1,0
7,L,1600,268,0,0
7,L,1600,269,2,0
7,L,1600,270,0,0
7,L,1600,271,1,0
7,L,1600,272,0,0
7,L,1600,273,0,0
7,L,1600,274,1,0
7,L,1600,275,0,0
7,L,1600,276,0,0
7,L,1600,277,0,0
7,L,1600,278,0,0
7,L,1600,279,0,0
7,L,1600,280,0,0
7,L,1600,281,0,0
7,L,1600,282,0,0
7,L,1600,283,0,0
7,L,1600,284,0,0
7,L,1600,285,0,0
7,L,1600,286,0,0
7,L,1600,287,0,0
7,L,1600,288,0,0
7,L,1600,289,0,0
7,L,1600,290,0,0
7,L,1600,291,0,0
7,L,1600,292,0,0
7,L,1600,293,0,0
7,L,1600,294,0,0
7,L,1600,295,0,0
7,L,1600,296,0,0
7,L,1600,297,0,0
7,L,1600,298,0,0
7,L,1600,299,0,0
8,L,1700,0,0,0
8,L,1700,1,0,0
8,L,1700,2,0,0
8,L,1700,3,2,0
8,L,1700,4,0,0
8,L,1700,5,1,0
8,L,1700,6,1,0
8,L,1700,7,2,0
8,L,1700,8,2,0
8,L,1700,9,2,0
8,L,1700,10,2,0
8,L,1700,11,3,0
8,L,1700,12,3,0
8,L,1700,13,2,0
8,L,1700,14,3,0
8,L,1700,15,3,0
8,L,1700,16,4,0
8,L,1700,17,2,0
8,L,1700,18,4,0
8,L,1700,19,4,0
8,L,1700,20,3,0
8,L,1700,21,4,0
8,L,1700,22,4,0
8,L,1700,23,4,0
8,L,1700,24,4,0
8,L,1700,25,5,0
8,L,1700,26,4,0
8,L,1700,27,4,0
8,L,1700,28,6,0
8,L,1700,29,4,0
8,L,1700,30,5,0
8,L,1700,31,4,0
8,L,1700,32,5,0
8,L,1700,33,5,0
8,L,1700,34,5,0
8,L,1700,35,5,0
8,L,1700,36,5,0
8,L,1700,37,6,0
8,L,1700,38,5,0
8,L,1700,39,5,0
8,L,1700,40,6,0
8,L,1700,41,5,0
8,L,1700,42,5,0
8,L,1700,43,6,0
8,L,1700,44,6,0
8,L,1700,45,6,0
8,L,1700,46,5,0
8,L,1700,47,5,0
8,L,1700,48,7,0
8,L,1700,49,5,0
8,L,1700,50,6,0
8,L,1700,51,6,0
8,L,1700,52,6,0
8,L,1700,53,6,0
8,L,1700,54,6,0
8,L,1700,55,6,0
8,L,1700,56,6,0
8,L,1700,57,6,0
8,L,1700,58,7,0
8,L,1700,59,5,0
8,L,1700,60,7,0
8,L,1700,61,6,0
8,L,1700,62,6,0
8,L,1700,63,7,0
8,L,1700,64,5,0
8,L,1700,65,7,0
8,L,1700,66,6,0
8,L,1700,67,7,0
8,L,1700,68,7,0
8,L,1700,69,5,0
8,L,1700,70,7,0
8,L,1700,71,6,0
8,L,1700,72,7,0
8,L,1700,73,7,0
8,L,1700,74,6,0
8,L,1700,75,7,0
8,L,1700,76,6,0
8,L,1700,77,6,0
8,L,1700,78,7,0
8,L,1700,79,7,0
8,L,1700,80,6,0
8,L,1700,81,7,0
8,L,1700,82,7,0
8,L,1700,83,6,0
8,L,1700,84,7,0
8,L,1700,85,7,0
8,L,1700,86,6,0
8,L,1700,87,8,0
8,L,1700,88,7,0
8,L,1700,89,6,0
8,L,1700,90,7,0
8,L,1700,91,7,0
8,L,1700,92,6,0
8,L,1700,93,7,0
8,L,1700,94,7,0
8,L,1700,95,6,0
8,L,1700,96,7,0
8,L,1700,97,8,0
8,L,1700,98,7,0
8,L,1700,99,6,0
8,L,1700,100,7,0
8,L,1700,101,7,0
8,L,1700,102,7,0
8,L,1700,103,7,0
8,L,1700,104,7,0
8,L,1700,105,7,0
8,L,1700,106,6,0
8,L,1700,107,7,0
8,L,1700,108,8,0
8,L,1700,109,7,0
8,L,1700,110,6,0
8,L,1700,111,7,0
8,L,1700,112,8,0
8,L,1700,113,7,0
8,L,1700,114,6,0
8,L,1700,115,7,0
8,L,1700,116,7,0
8,L,1700,117,8,0
8,L,1700,118,6,0
8,L,1700,119,7,0
8,L,1700,120,8,0
8,L,1700,121,7,0
8,L,1700,122,6,0
8,L,1700,123,7,0
8,L,1700,124,8,0
8,L,1700,125,7,0
8,L,1700,126,6,0
8,L,1700,127,8,0
8,L,1700,128,7,0
8,L,1700,129,7,0
8,L,1700,130,7,0
8,L,1700,131,7,0
8,L,1700,132,7,0
8,L,1700,133,7,0
8,L,1700,134,8,0
8,L,1700,135,6,0
8,L,1700,136,7,0
8,L,1700,137,8,0
8,L,1700,138,7,0
8,L,1700,139,7,0
8,L,1700,140,7,0
8,L,1700,141,7,0
8,L,1700,142,7,0
8,L,1700,143,8,0
8,L,1700,144,6,0
8,L,1700,145,8,0
8,L,1700,146,7,0
8,L,1700,147,7,0
8,L,1700,148,7,0
8,L,1700,149,7,0
8,L,1700,150,7,0
8,L,1700,151,8,0
8,L,1700,152,7,0
8,L,1700,153,6,0
8,L,1700,154,8,0
8,L,1700,155,7,0
8,L,1700,156,7,0
8,L,1700,157,8,0
8,L,1700,158,6,0
8,L,1700,159,8,0
8,L,1700,160,7,0
8,L,1700,161,7,0
8,L,1700,162,8,0
8,L,1700,163,6,0
8,L,1700,164,7,0
8,L,1700,165,8,0
8,L,1700,166,7,0
8,L,1700,167,7,0
8,L,1700,168,7,0
8,L,1700,169,7,0
8,L,1700,170,8,0
8,L,1700,171,7,0
8,L,1700,172,7,0
8,L,1700,173,7,0
8,L,1700,174,7,0
8,L,1700,175,8,0
8,L,1700,176,7,0
8,L,1700,177,7,0
8,L,1700,178,7,0
8,L,1700,179,7,0
8,L,1700,180,8,0
8,L,1700,181,7,0
8,L,1700,182,7,0
8,L,1700,183,7,0
8,L,1700,184,7,0
8,L,1700,185,8,0
8,L,1700,186,7,0
8,L,1700,187,8,0
8,L,1700,188,6,0
8,L,1700,189,7,0
8,L,1700,190,8,0
8,L,1700,191,7,0
8,L,1700,192,8,0
8,L,1700,193,6,0
8,L,1700,194,8,0
8,L,1700,195,7,0
8,L,1700,196,7,0
8,L,1700,197,8,0
8,L,1700,198,6,0
8,L,1700,199,8,0
8,L,1700,200,7,0
8,L,1700,201,7,0
8,L,1700,202,7,0
8,L,1700,203,7,0
8,L,1700,204,7,0
8,L,1700,205,7,0
8,L,1700,206,7,0
8,L,1700,207,6,0
8,L,1700,208,7,0
8,L,1700,209,6,0
8,L,1700,210,7,0
8,L,1700,211,7,0
8,L,1700,212,6,0
8,L,1700,213,7,0
8,L,1700,214,5,0
8,L,1700,215,7,0
8,L,1700,216,5,0
8,L,1700,217,7,0
8,L,1700,218,5,0
8,L,1700,219,7,0
8,L,1700,220,5,0
8,L,1700,221,6,0
8,L,1700,222,5,0
8,L,1700,223,5,0
8,L,1700,224,6,0
8,L,1700,225,5,0
8,L,1700,226,6,0
8,L,1700,227,5,0
8,L,1700,228,5,0
8,L,1700,229,5,0
8,L,1700,230,6,0
8,L,1700,231,4,0
8,L,1700,232,5,0
8,L,1700,233,5,0
8,L,1700,234,4,0
8,L,1700,235,6,0
8,L,1700,236,4,0
8,L,1700,237,5,0
8,L,1700,238,4,0
8,L,1700,239,4,0
8,L,1700,240,5,0
8,L,1700,241,4,0
8,L,1700,242,4,0
8,L,1700,243,4,0
8,L,1700,244,4,0
8,L,1700,245,4,0
8,L,1700,246,4,0
8,L,1700,247,4,0
8,L,1700,248,4,0
8,L,1700,249,4,0
8,L,1700,250,3,0
8,L,1700,251,4,0
8,L,1700,252,4,0
8,L,1700,253,3,0
8,L,1700,254,4,0
8,L,1700,255,2,0
8,L,1700,256,4,0
8,L,1700,257,3,0
8,L,1700,258,4,0
8,L,1700,259,3,0
8,L,1700,260,2,0
8,L,1700,261,4,0
8,L,1700,262,3,0
8,L,1700,263,3,0
8,L,1700,264,2,0
8,L,1700,265,3,0
8,L,1700,266,3,0
8,L,1700,267,2,0
8,L,1700,268,3,0
8,L,1700,269,3,0
8,L,1700,270,2,0
8,L,1700,271,3,0
8,L,1700,272,1,0
8,L,1700,273,3,0
8,L,1700,274,3,0
8,L,1700,275,1,0
8,L,1700,276,3,0
8,L,1700,277,1,0
8,L,1700,278,3,0
8,L,1700,279,1,0
8,L,1700,280,3,0
8,L,1700,281,1,0
8,L,1700,282,2,0
8,L,1700,283,2,0
8,L,1700,284,1,0
8,L,1700,285,2,0
8,L,1700,286,1,0
8,L,1700,287,2,0
8,L,1700,288,2,0
8,L,1700,289,1,0
8,L,1700,290,2,0
8,L,1700,291,1,0
8,L,1700,292,1,0
8,L,1700,293,1,0
8,L,1700,294,1,0
8,L,1700,295,1,0
8,L,1700,296,1,0
8,L,1700,297,2,0
8,L,1700,298,1,0
8,L,1700,299,0,0
9,L,1800,0,0,0
9,L,1800,1,0,0
9,L,1800,2,0,0
9,L,1800,3,1,0
9,L,1800,4,1,0
9,L,1800,5,2,0
9,L,1800,6,2,0
9,L,1800,7,3,0
9,L,1800,8,3,0
9,L,1800,9,4,0
9,L,1800,10,2,0
9,L,1800,11,4,0
9,L,1800,12,4,0
9,L,1800,13,5,0
9,L,1800,14,5,0
9,L,1800,15,4,0
9,L,1800,16,5,0
9,L,1800,17,5,0
9,L,1800,18,6,0
9,L,1800,19,5,0
9,L,1800,20,5,0
9,L,1800,21,7,0
9,L,1800,22,5,0
9,L,1800,23,7,0
9,L,1800,24,6,0
9,L,1800,25,6,0
9,L,1800,26,7,0
9,L,1800,27,6,0
9,L,1800,28,7,0
9,L,1800,29,7,0
9,L,1800,30,7,0
9,L,1800,31,7,0
9,L,1800,32,7,0
9,L,1800,33,7,0
9,L,1800,34,8,0
9,L,1800,35,7,0
9,L,1800,36,7,0
9,L,1800,37,8,0
9,L,1800,38,8,0
9,L,1800,39,7,0
9,L,1800,40,8,0
9,L,1800,41,8,0
9,L,1800,42,8,0
9,L,1800,43,8,0
9,L,1800,44,8,0
9,L,1800,45,8,0
9,L,1800,46,8,0
9,L,1800,47,8,0
9,L,1800,48,8,0
9,L,1800,49,9,0
9,L,1800,50,8,0
9,L,1800,51,8,0
9,L,1800,52,9,0
9,L,1800,53,9,0
9,L,1800,54,8,0
9,L,1800,55,9,0
9,L,1800,56,8,0
9,L,1800,57,9,0
9,L,1800,58,8,0
9,L,1800,59,9,0
9,L,1800,60,9,0
9,L,1800,61,9,0
9,L,1800,62,8,0
9,L,1800,63,9,0
9,L,1800,64,9,0
9,L,1800,65,9,0
9,L,1800,66,9,0
9,L,1800,67,9,0
9,L,1800,68,8,0
9,L,1800,69,10,0
9,L,1800,70,9,0
9,L,1800,71,8,0
9,L,1800,72,10,0
9,L,1800,73,9,0
9,L,1800,74,9,0
9,L,1800,75,9,0
9,L,1800,76,10,0
9,L,1800,77,9,0
9,L,1800,78,9,0
9,L,1800,79,9,0
9,L,1800,80,10,0
9,L,1800,81,8,0
9,L,1800,82,9,0
9,L,1800,83,10,0
9,L,1800,84,9,0
9,L,1800,85,9,0
9,L,1800,86,10,0
9,L,1800,87,9,0
9,L,1800,88,9,0
9,L,1800,89,10,0
9,L,1800,90,9,0
9,L,1800,91,10,0
9,L,1800,92,9,0
9,L,1800,93,9,0
9,L,1800,94,10,0
9,L,1800,95,10,0
9,L,1800,96,9,0
9,L,1800,97,10,0
9,L,1800,98,9,0
9,L,1800,99,9,0
9,L,1800,100,10,0
9,L,1800,101,9,0
9,L,1800,102,10,0
9,L,1800,103,10,0
9,L,1800,104,9,0
9,L,1800,105,10,0
9,L,1800,106,9,0
9,L,1800,107,10,0
9,L,1800,108,10,0
9,L,1800,109,9,0
9,L,1800,110,10,0
9,L,1800,111,9,0
9,L,1800,112,10,0
9,L,1800,113,10,0
9,L,1800,114,9,0
9,L,1800,115,10,0
9,L,1800,116,9,0
9,L,1800,117,10,0
9,L,1800,118,10,0
9,L,1800,119,9,0
9,L,1800,120,10,0
9,L,1800,121,10,0
9,L,1800,122,10,0
9,L,1800,123,9,0
9,L,1800,124,11,0
9,L,1800,125,9,0
9,L,1800,126,9,0
9,L,1800,127,11,0
9,L,1800,128,9,0
9,L,1800,129,10,0
9,L,1800,130,9,0
9,L,1800,131,11,0
9,L,1800,132,9,0
9,L,1800,133,10,0
9,L,1800,134,10,0
9,L,1800,135,9,0
9,L,1800,136,11,0
9,L,1800,137,9,0
9,L,1800,138,10,0
9,L,1800,139,10,0
9,L,1800,140,10,0
9,L,1800,141,10,0
9,L,1800,142,10,0
9,L,1800,143,9,0
9,L,1800,144,9,0
9,L,1800,145,11,0
9,L,1800,146,9,0
9,L,1800,147,11,0
9,L,1800,148,9,0
9,L,1800,149,10,0
9,L,1800,150,10,0
9,L,1800,151,10,0
9,L,1800,152,10,0
9,L,1800,153,10,0
9,L,1800,154,9,0
9,L,1800,155,11,0
9,L,1800,156,9,0
9,L,1800,157,11,0
9,L,1800,158,9,0
9,L,1800,159,10,0
9,L,1800,160,10,0
9,L,1800,161,9,0
9,L,1800,162,11,0
9,L,1800,163,9,0
9,L,1800,164,11,0
9,L,1800,165,9,0
9,L,1800,166,10,0
9,L,1800,167,10,0
9,L,1800,168,10,0
9,L,1800,169,10,0
9,L,1800,170,10,0
9,L,1800,171,10,0
9,L,1800,172,10,0
9,L,1800,173,10,0
9,L,1800,174,10,0
9,L,1800,175,10,0
9,L,1800,176,10,0
9,L,1800,177,9,0
9,L,1800,178,11,0
9,L,1800,179,9,0
9,L,1800,180,11,0
9,L,1800,181,9,0
9,L,1800,182,11,0
9,L,1800,183,9,0
9,L,1800,184,10,0
9,L,1800,185,10,0
9,L,1800,186,10,0
9,L,1800,187,10,0
9,L,1800,188,10,0
9,L,1800,189,10,0
9,L,1800,190,10,0
9,L,1800,191,10,0
9,L,1800,192,9,0
9,L,1800,193,11,0
9,L,1800,194,9,0
9,L,1800,195,11,0
9,L,1800,196,9,0
9,L,1800,197,11,0
9,L,1800,198,9,0
9,L,1800,199,11,0
9,L,1800,200,9,0
9,L,1800,201,10,0
9,L,1800,202,10,0
9,L,1800,203,10,0
9,L,1800,204,9,0
9,L,1800,205,10,0
9,L,1800,206,9,0
9,L,1800,207,9,0
9,L,1800,208,10,0
9,L,1800,209,9,0
9,L,1800,210,9,0
9,L,1800,211,9,0
9,L,1800,212,9,0
9,L,1800,213,9,0
9,L,1800,214,9,0
9,L,1800,215,8,0
9,L,1800,216,9,0
9,L,1800,217,8,0
9,L,1800,218,8,0
9,L,1800,219,9,0
9,L,1800,220,8,0
9,L,1800,221,8,0
9,L,1800,222,8,0
9,L,1800,223,8,0
9,L,1800,224,7,0
9,L,1800,225,8,0
9,L,1800,226,8,0
9,L,1800,227,7,0
9,L,1800,228,8,0
9,L,1800,229,8,0
9,L,1800,230,7,0
9,L,1800,231,8,0
9,L,1800,232,6,0
9,L,1800,233,7,0
9,L,1800,234,7,0
9,L,1800,235,7,0
9,L,1800,236,7,0
9,L,1800,237,7,0
9,L,1800,238,7,0
9,L,1800,239,6,0
9,L,1800,240,6,0
9,L,1800,241,6,0
9,L,1800,242,7,0
9,L,1800,243,7,0
9,L,1800,244,5,0
9,L,1800,245,7,0
9,L,1800,246,6,0
9,L,1800,247,6,0
9,L,1800,248,5,0
9,L,1800,249,7,0
9,L,1800,250,5,0
9,L,1800,251,5,0
9,L,1800,252,6,0
9,L,1800,253,6,0
9,L,1800,254,5,0
9,L,1800,255,6,0
9,L,1800,256,5,0
9,L,1800,257,5,0
9,L,1800,258,5,0
9,L,1800,259,5,0
9,L,1800,260,5,0
9,L,1800,261,5,0
9,L,1800,262,5,0
9,L,1800,263,5,0
9,L,1800,264,4,0
9,L,1800,265,5,0
9,L,1800,266,4,0
9,L,1800,267,5,0
9,L,1800,268,5,0
9,L,1800,269,4,0
9,L,1800,270,4,0
9,L,1800,271,4,0
9,L,1800,272,5,0
9,L,1800,273,4,0
9,L,1800,274,4,0
9,L,1800,275,4,0
9,L,1800,276,4,0
9,L,1800,277,3,0
9,L,1800,278,4,0
9,L,1800,279,4,0
9,L,1800,280,4,0
9,L,1800,281,3,0
9,L,1800,282,3,0
9,L,1800,283,4,0
9,L,1800,284,3,0
9,L,1800,285,4,0
9,L,1800,286,3,0
9,L,1800,287,3,0
9,L,1800,288,3,0
9,L,1800,289,3,0
9,L,1800,290,4,0
9,L,1800,291,3,0
9,L,1800,292,2,0
9,L,1800,293,3,0
9,L,1800,294,3,0
9,L,1800,295,2,0
9,L,1800,296,3,0
9,L,1800,297,3,0
9,L,1800,298,2,0
9,L,1800,299,3,0
10,L,2000,0,0,0
10,L,2000,1,1,0
10,L,2000,2,0,0
10,L,2000,3,2,0
10,L,2000,4,2,0
10,L,2000,5,4,0
10,L,2000,6,4,0
10,L,2000,7,4,0
10,L,2000,8,5,0
10,L,2000,9,6,0
10,L,2000,10,6,0
10,L,2000,11,7,0
10,L,2000,12,7,0
10,L,2000,13,8,0
10,L,2000,14,8,0
10,L,2000,15,8,0
10,L,2000,16,8,0
10,L,2000,17,9,0
10,L,2000,18,9,0
10,L,2000,19,10,0
10,L,2000,20,9,0
10,L,2000,21,10,0
10,L,2000,22,10,0
10,L,2000,23,11,0
10,L,2000,24,10,0
10,L,2000,25,11,0
10,L,2000,26,11,0
10,L,2000,27,12,0
10,L,2000,28,10,0
10,L,2000,29,12,0
10,L,2000,30,12,0
10,L,2000,31,11,0
10,L,2000,32,12,0
10,L,2000,33,12,0
10,L,2000,34,13,0
10,L,2000,35,12,0
10,L,2000,36,12,0
10,L,2000,37,13,0
10,L,2000,38,13,0
10,L,2000,39,12,0
10,L,2000,40,13,0
10,L,2000,41,13,0
10,L,2000,42,13,0
10,L,2000,43,13,0
10,L,2000,44,13,0
10,L,2000,45,13,0
10,L,2000,46,14,0
10,L,2000,47,13,0
10,L,2000,48,14,0
10,L,2000,49,13,0
10,L,2000,50,14,0
10,L,2000,51,14,0
10,L,2000,52,13,0
10,L,2000,53,14,0
10,L,2000,54,14,0
10,L,2000,55,13,0
10,L,2000,56,15,0
10,L,2000,57,14,0
10,L,2000,58,14,0
10,L,2000,59,13,0
10,L,2000,60,15,0
10,L,2000,61,15,0
10,L,2000,62,13,0
10,L,2000,63,15,0
10,L,2000,64,14,0
10,L,2000,65,14,0
10,L,2000,66,14,0
10,L,2000,67,15,0
10,L,2000,68,15,0
10,L,2000,69,14,0
10,L,2000,70,15,0
10,L,2000,71,13,0
10,L,2000,72,15,0
10,L,2000,73,15,0
10,L,2000,74,14,0
10,L,2000,75,15,0
10,L,2000,76,15,0
10,L,2000,77,14,0
10,L,2000,78,15,0
10,L,2000,79,15,0
10,L,2000,80,14,0
10,L,2000,81,15,0
10,L,2000,82,15,0
10,L,2000,83,15,0
10,L,2000,84,15,0
10,L,2000,85,15,0
10,L,2000,86,15,0
10,L,2000,87,14,0
10,L,2000,88,15,0
10,L,2000,89,15,0
10,L,2000,90,15,0
10,L,2000,91,15,0
10,L,2000,92,15,0
10,L,2000,93,15,0
10,L,2000,94,15,0
10,L,2000,95,15,0
10,L,2000,96,15,0
10,L,2000,97,15,0
10,L,2000,98,15,0
10,L,2000,99,15,0
10,L,2000,100,15,0
10,L,2000,101,15,0
10,L,2000,102,16,0
10,L,2000,103,14,0
10,L,2000,104,16,0
10,L,2000,105,15,0
10,L,2000,106,15,0
10,L,2000,107,15,0
10,L,2000,108,15,0
10,L,2000,109,15,0
10,L,2000,110,16,0
10,L,2000,111,15,0
10,L,2000,112,16,0
10,L,2000,113,14,0
10,L,2000,114,16,0
10,L,2000,115,15,0
10,L,2000,116,15,0
10,L,2000,117,16,0
10,L,2000,118,14,0
10,L,2000,119,16,0
10,L,2000,120,15,0
10,L,2000,121,16,0
10,L,2000,122,15,0
10,L,2000,123,16,0
10,L,2000,124,14,0
10,L,2000,125,16,0
10,L,2000,126,15,0
10,L,2000,127,16,0
10,L,2000,128,15,0
10,L,2000,129,16,0
10,L,2000,130,14,0
10,L,2000,131,16,0
10,L,2000,132,15,0
10,L,2000,133,16,0
10,L,2000,134,15,0
10,L,2000,135,16,0
10,L,2000,136,16,0
10,L,2000,137,14,0
10,L,2000,138,16,0
10,L,2000,139,15,0
10,L,2000,140,16,0
10,L,2000,141,15,0
10,L,2000,142,16,0
10,L,2000,143,15,0
10,L,2000,144,15,0
10,L,2000,145,15,0
10,L,2000,146,16,0
10,L,2000,147,16,0
10,L,2000,148,15,0
10,L,2000,149,16,0
10,L,2000,150,14,0
10,L,2000,151,16,0
10,L,2000,152,16,0
10,L,2000,153,15,0
10,L,2000,154,16,0
10,L,2000,155,15,0
10,L,2000,156,16,0
10,L,2000,157,15,0
10,L,2000,158,15,0
10,L,2000,159,16,0
10,L,2000,160,15,0
10,L,2000,161,16,0
10,L,2000,162,15,0
10,L,2000,163,16,0
10,L,2000,164,15,0
10,L,2000,165,15,0
10,L,2000,166,16,0
10,L,2000,167,15,0
10,L,2000,168,16,0
10,L,2000,169,16,0
10,L,2000,170,15,0
10,L,2000,171,16,0
10,L,2000,172,14,0
10,L,2000,173,16,0
10,L,2000,174,16,0
10,L,2000,175,15,0
10,L,2000,176,16,0
10,L,2000,177,15,0
10,L,2000,178,16,0
10,L,2000,179,15,0
10,L,2000,180,15,0
10,L,2000,181,16,0
10,L,2000,182,15,0
10,L,2000,183,16,0
10,L,2000,184,16,0
10,L,2000,185,15,0
10,L,2000,186,16,0
10,L,2000,187,15,0
10,L,2000,188,15,0
10,L,2000,189,16,0
10,L,2000,190,15,0
10,L,2000,191,16,0
10,L,2000,192,16,0
10,L,2000,193,15,0
10,L,2000,194,16,0
10,L,2000,195,15,0
10,L,2000,196,15,0
10,L,2000,197,16,0
10,L,2000,198,16,0
10,L,2000,199,15,0
10,L,2000,200,16,0
10,L,2000,201,15,0
10,L,2000,202,16,0
10,L,2000,203,15,0
10,L,2000,204,15,0
10,L,2000,205,15,0
10,L,2000,206,15,0
10,L,2000,207,14,0
10,L,2000,208,15,0
10,L,2000,209,15,0
10,L,2000,210,14,0
10,L,2000,211,15,0
10,L,2000,212,15,0
10,L,2000,213,13,0
10,L,2000,214,15,0
10,L,2000,215,13,0
10,L,2000,216,14,0
10,L,2000,217,14,0
10,L,2000,218,13,0
10,L,2000,219,14,0
10,L,2000,220,13,0
10,L,2000,221,13,0
10,L,2000,222,14,0
10,L,2000,223,13,0
10,L,2000,224,12,0
10,L,2000,225,13,0
10,L,2000,226,13,0
10,L,2000,227,13,0
10,L,2000,228,13,0
10,L,2000,229,12,0
10,L,2000,230,12,0
10,L,2000,231,12,0
10,L,2000,232,12,0
10,L,2000,233,12,0
10,L,2000,234,12,0
10,L,2000,235,12,0
10,L,2000,236,12,0
10,L,2000,237,11,0
10,L,2000,238,12,0
10,L,2000,239,12,0
10,L,2000,240,10,0
10,L,2000,241,11,0
10,L,2000,242,12,0
10,L,2000,243,11,0
10,L,2000,244,10,0
10,L,2000,245,11,0
10,L,2000,246,11,0
10,L,2000,247,10,0
10,L,2000,248,11,0
10,L,2000,249,11,0
10,L,2000,250,10,0
10,L,2000,251,10,0
10,L,2000,252,10,0
10,L,2000,253,10,0
10,L,2000,254,10,0
10,L,2000,255,10,0
10,L,2000,256,9,0
10,L,2000,257,11,0
10,L,2000,258,9,0
10,L,2000,259,9,0
10,L,2000,260,10,0
10,L,2000,261,9,0
10,L,2000,262,9,0
10,L,2000,263,8,0
10,L,2000,264,10,0
10,L,2000,265,9,0
10,L,2000,266,8,0
10,L,2000,267,9,0
10,L,2000,268,8,0
10,L,2000,269,10,0
10,L,2000,270,8,0
10,L,2000,271,8,0
10,L,2000,272,9,0
10,L,2000,273,8,0
10,L,2000,274,8,0
10,L,2000,275,8,0
10,L,2000,276,8,0
10,L,2000,277,8,0
10,L,2000,278,7,0
10,L,2000,279,8,0
10,L,2000,280,8,0
10,L,2000,281,7,0
10,L,2000,282,7,0
10,L,2000,283,8,0
10,L,2000,284,7,0
10,L,2000,285,7,0
10,L,2000,286,8,0
10,L,2000,287,6,0
10,L,2000,288,7,0
10,L,2000,289,7,0
10,L,2000,290,7,0
10,L,2000,291,6,0
10,L,2000,292,7,0
10,L,2000,293,7,0
10,L,2000,294,6,0
10,L,2000,295,7,0
10,L,2000,296,6,0
10,L,2000,297,6,0
10,L,2000,298,6,0
10,L,2000,299,7,0
11,L,2200,0,0,0
11,L,2200,1,1,0
11,L,2200,2,2,0
11,L,2200,3,2,0
11,L,2200,4,4,0
11,L,2200,5,6,0
11,L,2200,6,5,0
11,L,2200,7,8,0
11,L,2200,8,7,0
11,L,2200,9,9,0
11,L,2200,10,9,0
11,L,2200,11,10,0
11,L,2200,12,10,0
11,L,2200,13,11,0
11,L,2200,14,12,0
11,L,2200,15,12,0
11,L,2200,16,12,0
11,L,2200,17,13,0
11,L,2200,18,14,0
11,L,2200,19,13,0
11,L,2200,20,15,0
11,L,2200,21,13,0
11,L,2200,22,15,0
11,L,2200,23,15,0
11,L,2200,24,15,0
11,L,2200,25,15,0
11,L,2200,26,16,0
11,L,2200,27,16,0
11,L,2200,28,16,0
11,L,2200,29,16,0
11,L,2200,30,17,0
11,L,2200,31,16,0
11,L,2200,32,18,0
11,L,2200,33,16,0
11,L,2200,34,17,0
11,L,2200,35,17,0
11,L,2200,36,18,0
11,L,2200,37,17,0
11,L,2200,38,18,0
11,L,2200,39,18,0
11,L,2200,40,17,0
11,L,2200,41,19,0
11,L,2200,42,17,0
11,L,2200,43,19,0
11,L,2200,44,19,0
11,L,2200,45,17,0
11,L,2200,46,20,0
11,L,2200,47,18,0
11,L,2200,48,18,0
11,L,2200,49,20,0
11,L,2200,50,19,0
11,L,2200,51,18,0
11,L,2200,52,19,0
11,L,2200,53,19,0
11,L,2200,54,20,0
11,L,2200,55,18,0
11,L,2200,56,20,0
11,L,2200,57,19,0
11,L,2200,58,20,0
11,L,2200,59,19,0
11,L,2200,60,20,0
11,L,2200,61,19,0
11,L,2200,62,19,0
11,L,2200,63,20,0
11,L,2200,64,20,0
11,L,2200,65,20,0
11,L,2200,66,20,0
11,L,2200,67,19,0
11,L,2200,68,20,0
11,L,2200,69,20,0
11,L,2200,70,20,0
11,L,2200,71,20,0
11,L,2200,72,20,0
11,L,2200,73,20,0
11,L,2200,74,20,0
11,L,2200,75,20,0
11,L,2200,76,20,0
11,L,2200,77,20,0
11,L,2200,78,21,0
11,L,2200,79,20,0
11,L,2200,80,20,0
11,L,2200,81,20,0
11,L,2200,82,21,0
11,L,2200,83,21,0
11,L,2200,84,20,0
11,L,2200,85,20,0
11,L,2200,86,21,0
11,L,2200,87,20,0
11,L,2200,88,20,0
11,L,2200,89,21,0
11,L,2200,90,20,0
11,L,2200,91,21,0
11,L,2200,92,21,0
11,L,2200,93,20,0
11,L,2200,94,21,0
11,L,2200,95,20,0
11,L,2200,96,21,0
11,L,2200,97,20,0
11,L,2200,98,21,0
11,L,2200,99,21,0
11,L,2200,100,21,0
11,L,2200,101,20,0
11,L,2200,102,21,0
11,L,2200,103,21,0
11,L,2200,104,21,0
11,L,2200,105,21,0
11,L,2200,106,20,0
11,L,2200,107,21,0
11,L,2200,108,20,0
11,L,2200,109,22,0
11,L,2200,110,21,0
11,L,2200,111,20,0
11,L,2200,112,21,0
11,L,2200,113,20,0
11,L,2200,114,22,0
11,L,2200,115,21,0
11,L,2200,116,20,0
11,L,2200,117,21,0
11,L,2200,118,22,0
11,L,2200,119,20,0
11,L,2200,120,21,0
11,L,2200,121,21,0
11,L,2200,122,21,0
11,L,2200,123,21,0
11,L,2200,124,21,0
11,L,2200,125,20,0
11,L,2200,126,21,0
11,L,2200,127,22,0
11,L,2200,128,21,0
11,L,2200,129,20,0
11,L,2200,130,21,0
11,L,2200,131,22,0
11,L,2200,132,20,0
11,L,2200,133,21,0
11,L,2200,134,21,0
11,L,2200,135,22,0
11,L,2200,136,21,0
11,L,2200,137,20,0
11,L,2200,138,21,0
11,L,2200,139,22,0
11,L,2200,140,21,0
11,L,2200,141,20,0
11,L,2200,142,21,0
11,L,2200,143,22,0
11,L,2200,144,21,0
11,L,2200,145,21,0
11,L,2200,146,21,0
11,L,2200,147,21,0
11,L,2200,148,21,0
11,L,2200,149,21,0
11,L,2200,150,22,0
11,L,2200,151,21,0
11,L,2200,152,20,0
11,L,2200,153,21,0
11,L,2200,154,22,0
11,L,2200,155,21,0
11,L,2200,156,21,0
11,L,2200,157,21,0
11,L,2200,158,21,0
11,L,2200,159,21,0
11,L,2200,160,21,0
11,L,2200,161,22,0
11,L,2200,162,21,0
11,L,2200,163,21,0
11,L,2200,164,22,0
11,L,2200,165,21,0
11,L,2200,166,20,0
11,L,2200,167,21,0
11,L,2200,168,22,0
11,L,2200,169,21,0
11,L,2200,170,21,0
11,L,2200,171,22,0
11,L,2200,172,21,0
11,L,2200,173,21,0
11,L,2200,174,21,0
11,L,2200,175,21,0
11,L,2200,176,21,0
11,L,2200,177,21,0
11,L,2200,178,22,0
11,L,2200,179,21,0
11,L,2200,180,21,0
11,L,2200,181,22,0
11,L,2200,182,21,0
11,L,2200,183,21,0
11,L,2200,184,21,0
11,L,2200,185,21,0
11,L,2200,186,21,0
11,L,2200,187,21,0
11,L,2200,188,23,0
11,L,2200,189,20,0
11,L,2200,190,21,0
11,L,2200,191,22,0
11,L,2200,192,21,0
11,L,2200,193,21,0
11,L,2200,194,21,0
11,L,2200,195,22,0
11,L,2200,196,20,0
11,L,2200,197,22,0
11,L,2200,198,21,0
11,L,2200,199,21,0
11,L,2200,200,21,0
11,L,2200,201,22,0
11,L,2200,202,21,0
11,L,2200,203,20,0
11,L,2200,204,21,0
11,L,2200,205,21,0
11,L,2200,206,21,0
11,L,2200,207,20,0
11,L,2200,208,20,0
11,L,2200,209,20,0
11,L,2200,210,20,0
11,L,2200,211,20,0
11,L,2200,212,20,0
11,L,2200,213,20,0
11,L,2200,214,18,0
11,L,2200,215,20,0
11,L,2200,216,19,0
11,L,2200,217,20,0
11,L,2200,218,19,0
11,L,2200,219,18,0
11,L,2200,220,19,0
11,L,2200,221,19,0
11,L,2200,222,18,0
11,L,2200,223,18,0
11,L,2200,224,18,0
11,L,2200,225,18,0
11,L,2200,226,18,0
11,L,2200,227,18,0
11,L,2200,228,17,0
11,L,2200,229,19,0
11,L,2200,230,17,0
11,L,2200,231,17,0
11,L,2200,232,18,0
11,L,2200,233,16,0
11,L,2200,234,17,0
11,L,2200,235,17,0
11,L,2200,236,16,0
11,L,2200,237,18,0
11,L,2200,238,16,0
11,L,2200,239,16,0
11,L,2200,240,16,0
11,L,2200,241,16,0
11,L,2200,242,17,0
11,L,2200,243,15,0
11,L,2200,244,16,0
11,L,2200,245,16,0
11,L,2200,246,15,0
11,L,2200,247,15,0
11,L,2200,248,16,0
11,L,2200,249,15,0
11,L,2200,250,15,0
11,L,2200,251,15,0
11,L,2200,252,14,0
11,L,2200,253,16,0
11,L,2200,254,14,0
11,L,2200,255,14,0
11,L,2200,256,15,0
11,L,2200,257,14,0
11,L,2200,258,14,0
11,L,2200,259,14,0
11,L,2200,260,14,0
11,L,2200,261,14,0
11,L,2200,262,14,0
11,L,2200,263,13,0
11,L,2200,264,13,0
11,L,2200,265,14,0
11,L,2200,266,13,0
11,L,2200,267,13,0
11,L,2200,268,14,0
11,L,2200,269,13,0
11,L,2200,270,12,0
11,L,2200,271,13,0
11,L,2200,272,12,0
11,L,2200,273,14,0
11,L,2200,274,12,0
11,L,2200,275,12,0
11,L,2200,276,13,0
11,L,2200,277,12,0
11,L,2200,278,12,0
11,L,2200,279,11,0
11,L,2200,280,12,0
11,L,2200,281,12,0
11,L,2200,282,12,0
11,L,2200,283,11,0
11,L,2200,284,11,0
11,L,2200,285,12,0
11,L,2200,286,11,0
11,L,2200,287,11,0
11,L,2200,288,12,0
11,L,2200,289,10,0
11,L,2200,290,11,0
11,L,2200,291,11,0
11,L,2200,292,10,0
11,L,2200,293,11,0
11,L,2200,294,11,0
11,L,2200,295,10,0
11,L,2200,296,10,0
11,L,2200,297,10,0
11,L,2200,298,10,0
11,L,2200,299,10,0
12,L,2400,0,0,0
12,L,2400,1,1,0
12,L,2400,2,2,0
12,L,2400,3,4,0
12,L,2400,4,6,0
12,L,2400,5,7,0
12,L,2400,6,8,0
12,L,2400,7,9,0
12,L,2400,8,10,0
12,L,2400,9,11,0
12,L,2400,10,12,0
12,L,2400,11,14,0
12,L,2400,12,13,0
12,L,2400,13,15,0
12,L,2400,14,15,0
12,L,2400,15,15,0
12,L,2400,16,17,0
12,L,2400,17,17,0
12,L,2400,18,17,0
12,L,2400,19,17,0
12,L,2400,20,19,0
12,L,2400,21,19,0
12,L,2400,22,18,0
12,L,2400,23,19,0
12,L,2400,24,20,0
12,L,2400,25,19,0
12,L,2400,26,21,0
12,L,2400,27,20,0
12,L,2400,28,21,0
12,L,2400,29,21,0
12,L,2400,30,21,0
12,L,2400,31,21,0
12,L,2400,32,22,0
12,L,2400,33,22,0
12,L,2400,34,22,0
12,L,2400,35,22,0
12,L,2400,36,23,0
12,L,2400,37,22,0
12,L,2400,38,23,0
12,L,2400,39,23,0
12,L,2400,40,23,0
12,L,2400,41,23,0
12,L,2400,42,23,0
12,L,2400,43,24,0
12,L,2400,44,23,0
12,L,2400,45,24,0
12,L,2400,46,24,0
12,L,2400,47,24,0
12,L,2400,48,24,0
12,L,2400,49,24,0
12,L,2400,50,24,0
12,L,2400,51,25,0
12,L,2400,52,24,0
12,L,2400,53,24,0
12,L,2400,54,25,0
12,L,2400,55,26,0
12,L,2400,56,24,0
12,L,2400,57,24,0
12,L,2400,58,25,0
12,L,2400,59,25,0
12,L,2400,60,24,0
12,L,2400,61,26,0
12,L,2400,62,25,0
12,L,2400,63,25,0
12,L,2400,64,25,0
12,L,2400,65,26,0
12,L,2400,66,24,0
12,L,2400,67,27,0
12,L,2400,68,25,0
12,L,2400,69,25,0
12,L,2400,70,26,0
12,L,2400,71,25,0
12,L,2400,72,25,0
12,L,2400,73,26,0
12,L,2400,74,26,0
12,L,2400,75,26,0
12,L,2400,76,25,0
12,L,2400,77,26,0
12,L,2400,78,26,0
12,L,2400,79,25,0
12,L,2400,80,27,0
12,L,2400,81,25,0
12,L,2400,82,26,0
12,L,2400,83,26,0
12,L,2400,84,26,0
12,L,2400,85,26,0
12,L,2400,86,26,0
12,L,2400,87,26,0
12,L,2400,88,26,0
12,L,2400,89,26,0
12,L,2400,90,27,0
12,L,2400,91,25,0
12,L,2400,92,27,0
12,L,2400,93,26,0
12,L,2400,94,26,0
12,L,2400,95,27,0
12,L,2400,96,26,0
12,L,2400,97,27,0
12,L,2400,98,25,0
12,L,2400,99,27,0
12,L,2400,100,26,0
12,L,2400,101,26,0
12,L,2400,102,27,0
12,L,2400,103,26,0
12,L,2400,104,26,0
12,L,2400,105,27,0
12,L,2400,106,26,0
12,L,2400,107,27,0
12,L,2400,108,26,0
12,L,2400,109,27,0
12,L,2400,110,27,0
12,L,2400,111,26,0
12,L,2400,112,27,0
12,L,2400,113,25,0
12,L,2400,114,27,0
12,L,2400,115,27,0
12,L,2400,116,28,0
12,L,2400,117,25,0
12,L,2400,118,27,0
12,L,2400,119,26,0
12,L,2400,120,27,0
12,L,2400,121,27,0
12,L,2400,122,26,0
12,L,2400,123,27,0
12,L,2400,124,25,0
12,L,2400,125,28,0
12,L,2400,126,26,0
12,L,2400,127,27,0
12,L,2400,128,26,0
12,L,2400,129,27,0
12,L,2400,130,27,0
12,L,2400,131,26,0
12,L,2400,132,27,0
12,L,2400,133,26,0
12,L,2400,134,27,0
12,L,2400,135,27,0
12,L,2400,136,26,0
12,L,2400,137,27,0
12,L,2400,138,27,0
12,L,2400,139,27,0
12,L,2400,140,26,0
12,L,2400,141,27,0
12,L,2400,142,27,0
12,L,2400,143,26,0
12,L,2400,144,27,0
12,L,2400,145,27,0
12,L,2400,146,26,0
12,L,2400,147,27,0
12,L,2400,148,27,0
12,L,2400,149,26,0
12,L,2400,150,27,0
12,L,2400,151,28,0
12,L,2400,152,27,0
12,L,2400,153,26,0
12,L,2400,154,27,0
12,L,2400,155,27,0
12,L,2400,156,26,0
12,L,2400,157,27,0
12,L,2400,158,27,0
12,L,2400,159,27,0
12,L,2400,160,27,0
12,L,2400,161,27,0
12,L,2400,162,27,0
12,L,2400,163,26,0
12,L,2400,164,27,0
12,L,2400,165,27,0
12,L,2400,166,26,0
12,L,2400,167,27,0
12,L,2400,168,27,0
12,L,2400,169,27,0
12,L,2400,170,26,0
12,L,2400,171,27,0
12,L,2400,172,27,0
12,L,2400,173,27,0
12,L,2400,174,26,0
12,L,2400,175,28,0
12,L,2400,176,27,0
12,L,2400,177,28,0
12,L,2400,178,25,0
12,L,2400,179,27,0
12,L,2400,180,27,0
12,L,2400,181,27,0
12,L,2400,182,27,0
12,L,2400,183,27,0
12,L,2400,184,26,0
12,L,2400,185,27,0
12,L,2400,186,28,0
12,L,2400,187,27,0
12,L,2400,188,26,0
12,L,2400,189,27,0
12,L,2400,190,27,0
12,L,2400,191,27,0
12,L,2400,192,27,0
12,L,2400,193,27,0
12,L,2400,194,27,0
12,L,2400,195,26,0
12,L,2400,196,27,0
12,L,2400,197,28,0
12,L,2400,198,27,0
12,L,2400,199,26,0
12,L,2400,200,27,0
12,L,2400,201,27,0
12,L,2400,202,27,0
12,L,2400,203,26,0
12,L,2400,204,27,0
12,L,2400,205,26,0
12,L,2400,206,26,0
12,L,2400,207,26,0
12,L,2400,208,26,0
12,L,2400,209,25,0
12,L,2400,210,26,0
12,L,2400,211,26,0
12,L,2400,212,24,0
12,L,2400,213,25,0
12,L,2400,214,26,0
12,L,2400,215,25,0
12,L,2400,216,24,0
12,L,2400,217,24,0
12,L,2400,218,25,0
12,L,2400,219,24,0
12,L,2400,220,24,0
12,L,2400,221,24,0
12,L,2400,222,23,0
12,L,2400,223,24,0
12,L,2400,224,24,0
12,L,2400,225,23,0
12,L,2400,226,23,0
12,L,2400,227,23,0
12,L,2400,228,23,0
12,L,2400,229,23,0
12,L,2400,230,22,0
12,L,2400,231,23,0
12,L,2400,232,22,0
12,L,2400,233,22,0
12,L,2400,234,23,0
12,L,2400,235,21,0
12,L,2400,236,21,0
12,L,2400,237,23,0
12,L,2400,238,21,0
12,L,2400,239,21,0
12,L,2400,240,22,0
12,L,2400,241,20,0
12,L,2400,242,21,0
12,L,2400,243,22,0
12,L,2400,244,20,0
12,L,2400,245,21,0
12,L,2400,246,20,0
12,L,2400,247,20,0
12,L,2400,248,20,0
12,L,2400,249,20,0
12,L,2400,250,20,0
12,L,2400,251,20,0
12,L,2400,252,20,0
12,L,2400,253,20,0
12,L,2400,254,19,0
12,L,2400,255,19,0
12,L,2400,256,19,0
12,L,2400,257,19,0
12,L,2400,258,19,0
12,L,2400,259,19,0
12,L,2400,260,18,0
12,L,2400,261,19,0
12,L,2400,262,18,0
12,L,2400,263,19,0
12,L,2400,264,18,0
12,L,2400,265,18,0
12,L,2400,266,17,0
12,L,2400,267,19,0
12,L,2400,268,17,0
12,L,2400,269,18,0
12,L,2400,270,17,0
12,L,2400,271,17,0
12,L,2400,272,18,0
12,L,2400,273,17,0
12,L,2400,274,16,0
12,L,2400,275,17,0
12,L,2400,276,17,0
12,L,2400,277,17,0
12,L,2400,278,16,0
12,L,2400,279,17,0
12,L,2400,280,16,0
12,L,2400,281,16,0
12,L,2400,282,16,0
12,L,2400,283,16,0
12,L,2400,284,15,0
12,L,2400,285,16,0
12,L,2400,286,16,0
12,L,2400,287,15,0
12,L,2400,288,15,0
12,L,2400,289,15,0
12,L,2400,290,16,0
12,L,2400,291,15,0
12,L,2400,292,14,0
12,L,2400,293,15,0
12,L,2400,294,15,0
12,L,2400,295,14,0
12,L,2400,296,15,0
12,L,2400,297,14,0
12,L,2400,298,14,0
12,L,2400,299,15,0
13,L,2800,0,0,0
13,L,2800,1,0,0
13,L,2800,2,2,0
13,L,2800,3,4,0
13,L,2800,4,6,0
13,L,2800,5,9,0
13,L,2800,6,10,0
13,L,2800,7,12,0
13,L,2800,8,14,0
13,L,2800,9,15,0
13,L,2800,10,16,0
13,L,2800,11,19,0
13,L,2800,12,19,0
13,L,2800,13,20,0
13,L,2800,14,21,0
13,L,2800,15,21,0
13,L,2800,16,23,0
13,L,2800,17,24,0
13,L,2800,18,24,0
13,L,2800,19,25,0
13,L,2800,20,26,0
13,L,2800,21,25,0
13,L,2800,22,27,0
13,L,2800,23,28,0
13,L,2800,24,27,0
13,L,2800,25,29,0
13,L,2800,26,28,0
13,L,2800,27,29,0
13,L,2800,28,29,0
13,L,2800,29,30,0
13,L,2800,30,30,0
13,L,2800,31,31,0
13,L,2800,32,31,0
13,L,2800,33,31,0
13,L,2800,34,31,0
13,L,2800,35,32,0
13,L,2800,36,32,0
13,L,2800,37,32,0
13,L,2800,38,32,0
13,L,2800,39,33,0
13,L,2800,40,33,0
13,L,2800,41,33,0
13,L,2800,42,32,0
13,L,2800,43,35,0
13,L,2800,44,32,0
13,L,2800,45,34,0
13,L,2800,46,34,0
13,L,2800,47,33,0
13,L,2800,48,33,0
13,L,2800,49,35,0
13,L,2800,50,35,0
13,L,2800,51,34,0
13,L,2800,52,35,0
13,L,2800,53,35,0
13,L,2800,54,34,0
13,L,2800,55,35,0
13,L,2800,56,35,0
13,L,2800,57,36,0
13,L,2800,58,34,0
13,L,2800,59,36,0
13,L,2800,60,35,0
13,L,2800,61,35,0
13,L,2800,62,37,0
13,L,2800,63,35,0
13,L,2800,64,36,0
13,L,2800,65,36,0
13,L,2800,66,36,0
13,L,2800,67,36,0
13,L,2800,68,36,0
13,L,2800,69,36,0
13,L,2800,70,37,0
13,L,2800,71,36,0
13,L,2800,72,36,0
13,L,2800,73,36,0
13,L,2800,74,37,0
13,L,2800,75,36,0
13,L,2800,76,36,0
13,L,2800,77,38,0
13,L,2800,78,36,0
13,L,2800,79,37,0
13,L,2800,80,36,0
13,L,2800,81,37,0
13,L,2800,82,36,0
13,L,2800,83,38,0
13,L,2800,84,36,0
13,L,2800,85,37,0
13,L,2800,86,37,0
13,L,2800,87,37,0
13,L,2800,88,37,0
13,L,2800,89,37,0
13,L,2800,90,36,0
13,L,2800,91,37,0
13,L,2800,92,38,0
13,L,2800,93,37,0
13,L,2800,94,37,0
13,L,2800,95,37,0
13,L,2800,96,37,0
13,L,2800,97,37,0
13,L,2800,98,37,0
13,L,2800,99,38,0
13,L,2800,100,37,0
13,L,2800,101,37,0
13,L,2800,102,37,0
13,L,2800,103,37,0
13,L,2800,104,38,0
13,L,2800,105,36,0
13,L,2800,106,38,0
13,L,2800,107,37,0
13,L,2800,108,37,0
13,L,2800,109,38,0
13,L,2800,110,37,0
13,L,2800,111,37,0
13,L,2800,112,38,0
13,L,2800,113,37,0
13,L,2800,114,37,0
13,L,2800,115,38,0
13,L,2800,116,37,0
13,L,2800,117,37,0
13,L,2800,118,38,0
13,L,2800,119,37,0
13,L,2800,120,37,0
13,L,2800,121,38,0
13,L,2800,122,37,0
13,L,2800,123,38,0
13,L,2800,124,37,0
13,L,2800,125,37,0
13,L,2800,126,38,0
13,L,2800,127,37,0
13,L,2800,128,38,0
13,L,2800,129,38,0
13,L,2800,130,37,0
13,L,2800,131,37,0
13,L,2800,132,38,0
13,L,2800,133,37,0
13,L,2800,134,37,0
13,L,2800,135,38,0
13,L,2800,136,37,0
13,L,2800,137,37,0
13,L,2800,138,38,0
13,L,2800,139,37,0
13,L,2800,140,37,0
13,L,2800,141,38,0
13,L,2800,142,37,0
13,L,2800,143,38,0
13,L,2800,144,38,0
13,L,2800,145,37,0
13,L,2800,146,38,0
13,L,2800,147,37,0
13,L,2800,148,37,0
13,L,2800,149,38,0
13,L,2800,150,37,0
13,L,2800,151,37,0
13,L,2800,152,38,0
13,L,2800,153,37,0
13,L,2800,154,38,0
13,L,2800,155,38,0
13,L,2800,156,37,0
13,L,2800,157,38,0
13,L,2800,158,37,0
13,L,2800,159,37,0
13,L,2800,160,38,0
13,L,2800,161,37,0
13,L,2800,162,37,0
13,L,2800,163,38,0
13,L,2800,164,37,0
13,L,2800,165,39,0
13,L,2800,166,36,0
13,L,2800,167,38,0
13,L,2800,168,38,0
13,L,2800,169,37,0
13,L,2800,170,37,0
13,L,2800,171,38,0
13,L,2800,172,37,0
13,L,2800,173,37,0
13,L,2800,174,38,0
13,L,2800,175,38,0
13,L,2800,176,37,0
13,L,2800,177,38,0
13,L,2800,178,37,0
13,L,2800,179,38,0
13,L,2800,180,37,0
13,L,2800,181,37,0
13,L,2800,182,38,0
13,L,2800,183,37,0
13,L,2800,184,37,0
13,L,2800,185,38,0
13,L,2800,186,38,0
13,L,2800,187,38,0
13,L,2800,188,37,0
13,L,2800,189,37,0
13,L,2800,190,38,0
13,L,2800,191,37,0
13,L,2800,192,37,0
13,L,2800,193,38,0
13,L,2800,194,38,0
13,L,2800,195,38,0
13,L,2800,196,37,0
13,L,2800,197,37,0
13,L,2800,198,38,0
13,L,2800,199,37,0
13,L,2800,200,37,0
13,L,2800,201,38,0
13,L,2800,202,37,0
13,L,2800,203,37,0
13,L,2800,204,38,0
13,L,2800,205,36,0
13,L,2800,206,36,0
13,L,2800,207,37,0
13,L,2800,208,36,0
13,L,2800,209,36,0
13,L,2800,210,36,0
13,L,2800,211,35,0
13,L,2800,212,36,0
13,L,2800,213,35,0
13,L,2800,214,35,0
13,L,2800,215,35,0
13,L,2800,216,35,0
13,L,2800,217,34,0
13,L,2800,218,35,0
13,L,2800,219,33,0
13,L,2800,220,35,0
13,L,2800,221,33,0
13,L,2800,222,34,0
13,L,2800,223,33,0
13,L,2800,224,34,0
13,L,2800,225,33,0
13,L,2800,226,34,0
13,L,2800,227,32,0
13,L,2800,228,32,0
13,L,2800,229,33,0
13,L,2800,230,33,0
13,L,2800,231,32,0
13,L,2800,232,32,0
13,L,2800,233,32,0
13,L,2800,234,31,0
13,L,2800,235,31,0
13,L,2800,236,32,0
13,L,2800,237,31,0
13,L,2800,238,31,0
13,L,2800,239,30,0
13,L,2800,240,31,0
13,L,2800,241,31,0
13,L,2800,242,30,0
13,L,2800,243,31,0
13,L,2800,244,29,0
13,L,2800,245,30,0
13,L,2800,246,30,0
13,L,2800,247,30,0
13,L,2800,248,29,0
13,L,2800,249,29,0
13,L,2800,250,30,0
13,L,2800,251,28,0
13,L,2800,252,29,0
13,L,2800,253,28,0
13,L,2800,254,29,0
13,L,2800,255,28,0
13,L,2800,256,28,0
13,L,2800,257,28,0
13,L,2800,258,28,0
13,L,2800,259,28,0
13,L,2800,260,27,0
13,L,2800,261,28,0
13,L,2800,262,27,0
13,L,2800,263,28,0
13,L,2800,264,26,0
13,L,2800,265,27,0
13,L,2800,266,27,0
13,L,2800,267,26,0
13,L,2800,268,26,0
13,L,2800,269,26,0
13,L,2800,270,27,0
13,L,2800,271,25,0
13,L,2800,272,26,0
13,L,2800,273,26,0
13,L,2800,274,26,0
13,L,2800,275,25,0
13,L,2800,276,25,0
13,L,2800,277,24,0
13,L,2800,278,26,0
13,L,2800,279,25,0
13,L,2800,280,24,0
13,L,2800,281,24,0
13,L,2800,282,25,0
13,L,2800,283,24,0
13,L,2800,284,24,0
13,L,2800,285,24,0
13,L,2800,286,23,0
13,L,2800,287,25,0
13,L,2800,288,23,0
13,L,2800,289,23,0
13,L,2800,290,23,0
13,L,2800,291,23,0
13,L,2800,292,23,0
13,L,2800,293,23,0
13,L,2800,294,22,0
13,L,2800,295,23,0
13,L,2800,296,22,0
13,L,2800,297,22,0
13,L,2800,298,23,0
13,L,2800,299,21,0
14,L,-1300,0,0,0
14,L,-1300,1,0,0
14,L,-1300,2,0,0
14,L,-1300,3,0,0
14,L,-1300,4,0,0
14,L,-1300,5,0,0
14,L,-1300,6,0,0
14,L,-1300,7,0,0
14,L,-1300,8,0,0
14,L,-1300,9,0,0
14,L,-1300,10,0,0
14,L,-1300,11,0,0
14,L,-1300,12,-1,0
14,L,-1300,13,0,0
14,L,-1300,14,0,0
14,L,-1300,15,0,0
14,L,-1300,16,0,0
14,L,-1300,17,0,0
14,L,-1300,18,0,0
14,L,-1300,19,0,0
14,L,-1300,20,0,0
14,L,-1300,21,0,0
14,L,-1300,22,0,0
14,L,-1300,23,0,0
14,L,-1300,24,0,0
14,L,-1300,25,0,0
14,L,-1300,26,0,0
14,L,-1300,27,0,0
14,L,-1300,28,0,0
14,L,-1300,29,0,0
14,L,-1300,30,0,0
14,L,-1300,31,0,0
14,L,-1300,32,0,0
14,L,-1300,33,0,0
14,L,-1300,34,0,0
14,L,-1300,35,0,0
14,L,-1300,36,0,0
14,L,-1300,37,0,0
14,L,-1300,38,0,0
14,L,-1300,39,0,0
14,L,-1300,40,0,0
14,L,-1300,41,0,0
14,L,-1300,42,0,0
14,L,-1300,43,0,0
14,L,-1300,44,0,0
14,L,-1300,45,0,0
14,L,-1300,46,0,0
14,L,-1300,47,0,0
14,L,-1300,48,0,0
14,L,-1300,49,0,0
14,L,-1300,50,0,0
14,L,-1300,51,0,0
14,L,-1300,52,0,0
14,L,-1300,53,0,0
14,L,-1300,54,0,0
14,L,-1300,55,0,0
14,L,-1300,56,0,0
14,L,-1300,57,0,0
14,L,-1300,58,0,0
14,L,-1300,59,0,0
14,L,-1300,60,0,0
14,L,-1300,61,0,0
14,L,-1300,62,0,0
14,L,-1300,63,0,0
14,L,-1300,64,0,0
14,L,-1300,65,0,0
14,L,-1300,66,0,0
14,L,-1300,67,0,0
14,L,-1300,68,0,0
14,L,-1300,69,0,0
14,L,-1300,70,0,0
14,L,-1300,71,0,0
14,L,-1300,72,0,0
14,L,-1300,73,0,0
14,L,-1300,74,0,0
14,L,-1300,75,0,0
14,L,-1300,76,0,0
14,L,-1300,77,0,0
14,L,-1300,78,0,0
14,L,-1300,79,0,0
14,L,-1300,80,0,0
14,L,-1300,81,0,0
14,L,-1300,82,0,0
14,L,-1300,83,0,0
14,L,-1300,84,0,0
14,L,-1300,85,0,0
14,L,-1300,86,0,0
14,L,-1300,87,0,0
14,L,-1300,88,0,0
14,L,-1300,89,0,0
14,L,-1300,90,0,0
14,L,-1300,91,0,0
14,L,-1300,92,0,0
14,L,-1300,93,0,0
14,L,-1300,94,0,0
14,L,-1300,95,0,0
14,L,-1300,96,0,0
14,L,-1300,97,0,0
14,L,-1300,98,0,0
14,L,-1300,99,0,0
14,L,-1300,100,0,0
14,L,-1300,101,0,0
14,L,-1300,102,0,0
14,L,-1300,103,0,0
14,L,-1300,104,0,0
14,L,-1300,105,0,0
14,L,-1300,106,0,0
14,L,-1300,107,0,0
14,L,-1300,108,0,0
14,L,-1300,109,0,0
14,L,-1300,110,0,0
14,L,-1300,111,0,0
14,L,-1300,112,0,0
14,L,-1300,113,0,0
14,L,-1300,114,0,0
14,L,-1300,115,0,0
14,L,-1300,116,0,0
14,L,-1300,117,0,0
14,L,-1300,118,0,0
14,L,-1300,119,0,0
14,L,-1300,120,0,0
14,L,-1300,121,0,0
14,L,-1300,122,0,0
14,L,-1300,123,0,0
14,L,-1300,124,0,0
14,L,-1300,125,0,0
14,L,-1300,126,0,0
14,L,-1300,127,0,0
14,L,-1300,128,0,0
14,L,-1300,129,0,0
14,L,-1300,130,0,0
14,L,-1300,131,0,0
14,L,-1300,132,0,0
14,L,-1300,133,0,0
14,L,-1300,134,0,0
14,L,-1300,135,0,0
14,L,-1300,136,0,0
14,L,-1300,137,0,0
14,L,-1300,138,0,0
14,L,-1300,139,0,0
14,L,-1300,140,0,0
14,L,-1300,141,0,0
14,L,-1300,142,0,0
14,L,-1300,143,0,0
14,L,-1300,144,0,0
14,L,-1300,145,0,0
14,L,-1300,146,0,0
14,L,-1300,147,0,0
14,L,-1300,148,0,0
14,L,-1300,149,0,0
14,L,-1300,150,0,0
14,L,-1300,151,0,0
14,L,-1300,152,0,0
14,L,-1300,153,0,0
14,L,-1300,154,0,0
14,L,-1300,155,0,0
14,L,-1300,156,0,0
14,L,-1300,157,0,0
14,L,-1300,158,0,0
14,L,-1300,159,0,0
14,L,-1300,160,0,0
14,L,-1300,161,0,0
14,L,-1300,162,0,0
14,L,-1300,163,0,0
14,L,-1300,164,0,0
14,L,-1300,165,0,0
14,L,-1300,166,0,0
14,L,-1300,167,0,0
14,L,-1300,168,0,0
14,L,-1300,169,0,0
14,L,-1300,170,0,0
14,L,-1300,171,0,0
14,L,-1300,172,0,0
14,L,-1300,173,0,0
14,L,-1300,174,0,0
14,L,-1300,175,0,0
14,L,-1300,176,0,0
14,L,-1300,177,0,0
14,L,-1300,178,0,0
14,L,-1300,179,0,0
14,L,-1300,180,0,0
14,L,-1300,181,0,0
14,L,-1300,182,0,0
14,L,-1300,183,0,0
14,L,-1300,184,0,0
14,L,-1300,185,0,0
14,L,-1300,186,0,0
14,L,-1300,187,0,0
14,L,-1300,188,0,0
14,L,-1300,189,0,0
14,L,-1300,190,0,0
14,L,-1300,191,0,0
14,L,-1300,192,0,0
14,L,-1300,193,0,0
14,L,-1300,194,0,0
14,L,-1300,195,0,0
14,L,-1300,196,0,0
14,L,-1300,197,0,0
14,L,-1300,198,0,0
14,L,-1300,199,0,0
14,L,-1300,200,0,0
14,L,-1300,201,0,0
14,L,-1300,202,0,0
14,L,-1300,203,0,0
14,L,-1300,204,0,0
14,L,-1300,205,0,0
14,L,-1300,206,0,0
14,L,-1300,207,0,0
14,L,-1300,208,0,0
14,L,-1300,209,0,0
14,L,-1300,210,0,0
14,L,-1300,211,0,0
14,L,-1300,212,0,0
14,L,-1300,213,0,0
14,L,-1300,214,0,0
14,L,-1300,215,0,0
14,L,-1300,216,0,0
14,L,-1300,217,0,0
14,L,-1300,218,0,0
14,L,-1300,219,0,0
14,L,-1300,220,0,0
14,L,-1300,221,0,0
14,L,-1300,222,0,0
14,L,-1300,223,0,0
14,L,-1300,224,0,0
14,L,-1300,225,0,0
14,L,-1300,226,0,0
14,L,-1300,227,0,0
14,L,-1300,228,0,0
14,L,-1300,229,0,0
14,L,-1300,230,0,0
14,L,-1300,231,0,0
14,L,-1300,232,0,0
14,L,-1300,233,0,0
14,L,-1300,234,0,0
14,L,-1300,235,0,0
14,L,-1300,236,0,0
14,L,-1300,237,0,0
14,L,-1300,238,0,0
14,L,-1300,239,0,0
14,L,-1300,240,0,0
14,L,-1300,241,0,0
14,L,-1300,242,0,0
14,L,-1300,243,0,0
14,L,-1300,244,0,0
14,L,-1300,245,0,0
14,L,-1300,246,0,0
14,L,-1300,247,0,0
14,L,-1300,248,0,0
14,L,-1300,249,0,0
14,L,-1300,250,0,0
14,L,-1300,251,0,0
14,L,-1300,252,0,0
14,L,-1300,253,0,0
14,L,-1300,254,0,0
14,L,-1300,255,0,0
14,L,-1300,256,0,0
14,L,-1300,257,0,0
14,L,-1300,258,0,0
14,L,-1300,259,0,0
14,L,-1300,260,0,0
14,L,-1300,261,0,0
14,L,-1300,262,0,0
14,L,-1300,263,0,0
14,L,-1300,264,0,0
14,L,-1300,265,0,0
14,L,-1300,266,0,0
14,L,-1300,267,0,0
14,L,-1300,268,0,0
14,L,-1300,269,0,0
14,L,-1300,270,0,0
14,L,-1300,271,0,0
14,L,-1300,272,0,0
14,L,-1300,273,0,0
14,L,-1300,274,0,0
14,L,-1300,275,0,0
14,L,-1300,276,0,0
14,L,-1300,277,0,0
14,L,-1300,278,0,0
14,L,-1300,279,0,0
14,L,-1300,280,0,0
14,L,-1300,281,0,0
14,L,-1300,282,0,0
14,L,-1300,283,0,0
14,L,-1300,284,0,0
14,L,-1300,285,0,0
14,L,-1300,286,0,0
14,L,-1300,287,0,0
14,L,-1300,288,0,0
14,L,-1300,289,0,0
14,L,-1300,290,0,0
14,L,-1300,291,0,0
14,L,-1300,292,0,0
14,L,-1300,293,0,0
14,L,-1300,294,0,0
14,L,-1300,295,0,0
14,L,-1300,296,0,0
14,L,-1300,297,0,0
14,L,-1300,298,0,0
14,L,-1300,299,0,0
15,L,-1350,0,0,0
15,L,-1350,1,0,0
15,L,-1350,2,0,0
15,L,-1350,3,0,0
15,L,-1350,4,0,0
15,L,-1350,5,0,0
15,L,-1350,6,0,0
15,L,-1350,7,0,0
15,L,-1350,8,0,0
15,L,-1350,9,0,0
15,L,-1350,10,0,0
15,L,-1350,11,0,0
15,L,-1350,12,0,0
15,L,-1350,13,0,0
15,L,-1350,14,0,0
15,L,-1350,15,0,0
15,L,-1350,16,0,0
15,L,-1350,17,0,0
15,L,-1350,18,0,0
15,L,-1350,19,0,0
15,L,-1350,20,0,0
15,L,-1350,21,0,0
15,L,-1350,22,0,0
15,L,-1350,23,0,0
15,L,-1350,24,0,0
15,L,-1350,25,0,0
15,L,-1350,26,0,0
15,L,-1350,27,0,0
15,L,-1350,28,0,0
15,L,-1350,29,0,0
15,L,-1350,30,0,0
15,L,-1350,31,0,0
15,L,-1350,32,0,0
15,L,-1350,33,0,0
15,L,-1350,34,0,0
15,L,-1350,35,0,0
15,L,-1350,36,0,0
15,L,-1350,37,0,0
15,L,-1350,38,0,0
15,L,-1350,39,0,0
15,L,-1350,40,0,0
15,L,-1350,41,0,0
15,L,-1350,42,0,0
15,L,-1350,43,0,0
15,L,-1350,44,0,0
15,L,-1350,45,0,0
15,L,-1350,46,0,0
15,L,-1350,47,0,0
15,L,-1350,48,0,0
15,L,-1350,49,0,0
15,L,-1350,50,0,0
15,L,-1350,51,0,0
15,L,-1350,52,0,0
15,L,-1350,53,0,0
15,L,-1350,54,0,0
15,L,-1350,55,0,0
15,L,-1350,56,0,0
15,L,-1350,57,0,0
15,L,-1350,58,0,0
15,L,-1350,59,0,0
15,L,-1350,60,0,0
15,L,-1350,61,0,0
15,L,-1350,62,0,0
15,L,-1350,63,0,0
15,L,-1350,64,0,0
15,L,-1350,65,0,0
15,L,-1350,66,0,0
15,L,-1350,67,0,0
15,L,-1350,68,0,0
15,L,-1350,69,0,0
15,L,-1350,70,0,0
15,L,-1350,71,0,0
15,L,-1350,72,0,0
15,L,-1350,73,0,0
15,L,-1350,74,0,0
15,L,-1350,75,0,0
15,L,-1350,76,0,0
15,L,-1350,77,0,0
15,L,-1350,78,0,0
15,L,-1350,79,0,0
15,L,-1350,80,0,0
15,L,-1350,81,0,0
15,L,-1350,82,0,0
15,L,-1350,83,0,0
15,L,-1350,84,0,0
15,L,-1350,85,0,0
15,L,-1350,86,0,0
15,L,-1350,87,0,0
15,L,-1350,88,0,0
15,L,-1350,89,0,0
15,L,-1350,90,0,0
15,L,-1350,91,0,0
15,L,-1350,92,0,0
15,L,-1350,93,0,0
15,L,-1350,94,0,0
15,L,-1350,95,0,0
15,L,-1350,96,0,0
15,L,-1350,97,0,0
15,L,-1350,98,0,0
15,L,-1350,99,0,0
15,L,-1350,100,0,0
15,L,-1350,101,0,0
15,L,-1350,102,0,0
15,L,-1350,103,0,0
15,L,-1350,104,0,0
15,L,-1350,105,0,0
15,L,-1350,106,0,0
15,L,-1350,107,0,0
15,L,-1350,108,0,0
15,L,-1350,109,0,0
15,L,-1350,110,0,0
15,L,-1350,111,0,0
15,L,-1350,112,0,0
15,L,-1350,113,0,0
15,L,-1350,114,0,0
15,L,-1350,115,0,0
15,L,-1350,116,0,0
15,L,-1350,117,0,0
15,L,-1350,118,0,0
15,L,-1350,119,0,0
15,L,-1350,120,0,0
15,L,-1350,121,0,0
15,L,-1350,122,0,0
15,L,-1350,123,0,0
15,L,-1350,124,0,0
15,L,-1350,125,0,0
15,L,-1350,126,0,0
15,L,-1350,127,0,0
15,L,-1350,128,0,0
15,L,-1350,129,0,0
15,L,-1350,130,0,0
15,L,-1350,131,0,0
15,L,-1350,132,0,0
15,L,-1350,133,0,0
15,L,-1350,134,0,0
15,L,-1350,135,0,0
15,L,-1350,136,0,0
15,L,-1350,137,0,0
15,L,-1350,138,0,0
15,L,-1350,139,0,0
15,L,-1350,140,0,0
15,L,-1350,141,0,0
15,L,-1350,142,0,0
15,L,-1350,143,0,0
15,L,-1350,144,0,0
15,L,-1350,145,0,0
15,L,-1350,146,0,0
15,L,-1350,147,0,0
15,L,-1350,148,0,0
15,L,-1350,149,0,0
15,L,-1350,150,0,0
15,L,-1350,151,0,0
15,L,-1350,152,0,0
15,L,-1350,153,0,0
15,L,-1350,154,0,0
15,L,-1350,155,0,0
15,L,-1350,156,0,0
15,L,-1350,157,0,0
15,L,-1350,158,0,0
15,L,-1350,159,0,0
15,L,-1350,160,0,0
15,L,-1350,161,0,0
15,L,-1350,162,0,0
15,L,-1350,163,0,0
15,L,-1350,164,0,0
15,L,-1350,165,0,0
15,L,-1350,166,0,0
15,L,-1350,167,0,0
15,L,-1350,168,0,0
15,L,-1350,169,0,0
15,L,-1350,170,0,0
15,L,-1350,171,0,0
15,L,-1350,172,0,0
15,L,-1350,173,0,0
15,L,-1350,174,0,0
15,L,-1350,175,0,0
15,L,-1350,176,0,0
15,L,-1350,177,0,0
15,L,-1350,178,0,0
15,L,-1350,179,0,0
15,L,-1350,180,0,0
15,L,-1350,181,0,0
15,L,-1350,182,0,0
15,L,-1350,183,0,0
15,L,-1350,184,0,0
15,L,-1350,185,0,0
15,L,-1350,186,0,0
15,L,-1350,187,0,0
15,L,-1350,188,0,0
15,L,-1350,189,0,0
15,L,-1350,190,0,0
15,L,-1350,191,0,0
15,L,-1350,192,0,0
15,L,-1350,193,0,0
15,L,-1350,194,0,0
15,L,-1350,195,0,0
15,L,-1350,196,0,0
15,L,-1350,197,0,0
15,L,-1350,198,0,0
15,L,-1350,199,0,0
15,L,-1350,200,0,0
15,L,-1350,201,0,0
15,L,-1350,202,0,0
15,L,-1350,203,0,0
15,L,-1350,204,0,0
15,L,-1350,205,0,0
15,L,-1350,206,0,0
15,L,-1350,207,0,0
15,L,-1350,208,0,0
15,L,-1350,209,0,0
15,L,-1350,210,0,0
15,L,-1350,211,0,0
15,L,-1350,212,0,0
15,L,-1350,213,0,0
15,L,-1350,214,0,0
15,L,-1350,215,0,0
15,L,-1350,216,0,0
15,L,-1350,217,0,0
15,L,-1350,218,0,0
15,L,-1350,219,0,0
15,L,-1350,220,0,0
15,L,-1350,221,0,0
15,L,-1350,222,0,0
15,L,-1350,223,0,0
15,L,-1350,224,0,0
15,L,-1350,225,0,0
15,L,-1350,226,0,0
15,L,-1350,227,0,0
15,L,-1350,228,0,0
15,L,-1350,229,0,0
15,L,-1350,230,0,0
15,L,-1350,231,0,0
15,L,-1350,232,0,0
15,L,-1350,233,0,0
15,L,-1350,234,0,0
15,L,-1350,235,0,0
15,L,-1350,236,0,0
15,L,-1350,237,0,0
15,L,-1350,238,0,0
15,L,-1350,239,0,0
15,L,-1350,240,0,0
15,L,-1350,241,0,0
15,L,-1350,242,0,0
15,L,-1350,243,0,0
15,L,-1350,244,0,0
15,L,-1350,245,0,0
15,L,-1350,246,0,0
15,L,-1350,247,0,0
15,L,-1350,248,0,0
15,L,-1350,249,0,0
15,L,-1350,250,0,0
15,L,-1350,251,0,0
15,L,-1350,252,0,0
15,L,-1350,253,0,0
15,L,-1350,254,0,0
15,L,-1350,255,0,0
15,L,-1350,256,0,0
15,L,-1350,257,0,0
15,L,-1350,258,0,0
15,L,-1350,259,0,0
15,L,-1350,260,0,0
15,L,-1350,261,0,0
15,L,-1350,262,0,0
15,L,-1350,263,0,0
15,L,-1350,264,0,0
15,L,-1350,265,0,0
15,L,-1350,266,0,0
15,L,-1350,267,0,0
15,L,-1350,268,0,0
15,L,-1350,269,0,0
15,L,-1350,270,0,0
15,L,-1350,271,0,0
15,L,-1350,272,0,0
15,L,-1350,273,0,0
15,L,-1350,274,0,0
15,L,-1350,275,0,0
15,L,-1350,276,0,0
15,L,-1350,277,0,0
15,L,-1350,278,0,0
15,L,-1350,279,0,0
15,L,-1350,280,0,0
15,L,-1350,281,0,0
15,L,-1350,282,0,0
15,L,-1350,283,0,0
15,L,-1350,284,0,0
15,L,-1350,285,0,0
15,L,-1350,286,0,0
15,L,-1350,287,0,0
15,L,-1350,288,0,0
15,L,-1350,289,0,0
15,L,-1350,290,0,0
15,L,-1350,291,0,0
15,L,-1350,292,0,0
15,L,-1350,293,0,0
15,L,-1350,294,0,0
15,L,-1350,295,0,0
15,L,-1350,296,0,0
15,L,-1350,297,0,0
15,L,-1350,298,0,0
15,L,-1350,299,0,0
16,L,-1400,0,0,0
16,L,-1400,1,0,0
16,L,-1400,2,0,0
16,L,-1400,3,0,0
16,L,-1400,4,0,0
16,L,-1400,5,0,0
16,L,-1400,6,0,0
16,L,-1400,7,0,0
16,L,-1400,8,0,0
16,L,-1400,9,0,0
16,L,-1400,10,0,0
16,L,-1400,11,0,0
16,L,-1400,12,0,0
16,L,-1400,13,0,0
16,L,-1400,14,0,0
16,L,-1400,15,0,0
16,L,-1400,16,0,0
16,L,-1400,17,0,0
16,L,-1400,18,0,0
16,L,-1400,19,0,0
16,L,-1400,20,0,0
16,L,-1400,21,0,0
16,L,-1400,22,0,0
16,L,-1400,23,0,0
16,L,-1400,24,0,0
16,L,-1400,25,0,0
16,L,-1400,26,0,0
16,L,-1400,27,0,0
16,L,-1400,28,0,0
16,L,-1400,29,0,0
16,L,-1400,30,0,0
16,L,-1400,31,0,0
16,L,-1400,32,0,0
16,L,-1400,33,0,0
16,L,-1400,34,0,0
16,L,-1400,35,0,0
16,L,-1400,36,0,0
16,L,-1400,37,0,0
16,L,-1400,38,0,0
16,L,-1400,39,0,0
16,L,-1400,40,0,0
16,L,-1400,41,0,0
16,L,-1400,42,0,0
16,L,-1400,43,0,0
16,L,-1400,44,0,0
16,L,-1400,45,0,0
16,L,-1400,46,0,0
16,L,-1400,47,0,0
16,L,-1400,48,0,0
16,L,-1400,49,0,0
16,L,-1400,50,0,0
16,L,-1400,51,0,0
16,L,-1400,52,0,0
16,L,-1400,53,0,0
16,L,-1400,54,0,0
16,L,-1400,55,0,0
16,L,-1400,56,0,0
16,L,-1400,57,0,0
16,L,-1400,58,0,0
16,L,-1400,59,0,0
16,L,-1400,60,0,0
16,L,-1400,61,0,0
16,L,-1400,62,0,0
16,L,-1400,63,0,0
16,L,-1400,64,0,0
16,L,-1400,65,0,0
16,L,-1400,66,0,0
16,L,-1400,67,0,0
16,L,-1400,68,0,0
16,L,-1400,69,0,0
16,L,-1400,70,0,0
16,L,-1400,71,0,0
16,L,-1400,72,0,0
16,L,-1400,73,0,0
16,L,-1400,74,0,0
16,L,-1400,75,0,0
16,L,-1400,76,0,0
16,L,-1400,77,0,0
16,L,-1400,78,0,0
16,L,-1400,79,0,0
16,L,-1400,80,0,0
16,L,-1400,81,0,0
16,L,-1400,82,0,0
16,L,-1400,83,0,0
16,L,-1400,84,0,0
16,L,-1400,85,0,0
16,L,-1400,86,0,0
16,L,-1400,87,0,0
16,L,-1400,88,0,0
16,L,-1400,89,0,0
16,L,-1400,90,0,0
16,L,-1400,91,0,0
16,L,-1400,92,0,0
16,L,-1400,93,0,0
16,L,-1400,94,0,0
16,L,-1400,95,0,0
16,L,-1400,96,0,0
16,L,-1400,97,0,0
16,L,-1400,98,0,0
16,L,-1400,99,0,0
16,L,-1400,100,0,0
16,L,-1400,101,0,0
16,L,-1400,102,0,0
16,L,-1400,103,0,0
16,L,-1400,104,0,0
16,L,-1400,105,0,0
16,L,-1400,106,0,0
16,L,-1400,107,0,0
16,L,-1400,108,0,0
16,L,-1400,109,0,0
16,L,-1400,110,0,0
16,L,-1400,111,0,0
16,L,-1400,112,0,0
16,L,-1400,113,0,0
16,L,-1400,114,0,0
16,L,-1400,115,0,0
16,L,-1400,116,0,0
16,L,-1400,117,0,0
16,L,-1400,118,0,0
16,L,-1400,119,0,0
16,L,-1400,120,0,0
16,L,-1400,121,0,0
16,L,-1400,122,0,0
16,L,-1400,123,0,0
16,L,-1400,124,0,0
16,L,-1400,125,0,0
16,L,-1400,126,0,0
16,L,-1400,127,0,0
16,L,-1400,128,0,0
16,L,-1400,129,0,0
16,L,-1400,130,0,0
16,L,-1400,131,0,0
16,L,-1400,132,0,0
16,L,-1400,133,0,0
16,L,-1400,134,0,0
16,L,-1400,135,0,0
16,L,-1400,136,0,0
16,L,-1400,137,0,0
16,L,-1400,138,0,0
16,L,-1400,139,0,0
16,L,-1400,140,0,0
16,L,-1400,141,0,0
16,L,-1400,142,0,0
16,L,-1400,143,0,0
16,L,-1400,144,0,0
16,L,-1400,145,0,0
16,L,-1400,146,0,0
16,L,-1400,147,0,0
16,L,-1400,148,0,0
16,L,-1400,149,0,0
16,L,-1400,150,0,0
16,L,-1400,151,0,0
16,L,-1400,152,0,0
16,L,-1400,153,0,0
16,L,-1400,154,0,0
16,L,-1400,155,0,0
16,L,-1400,156,0,0
16,L,-1400,157,0,0
16,L,-1400,158,0,0
16,L,-1400,159,0,0
16,L,-1400,160,0,0
16,L,-1400,161,0,0
16,L,-1400,162,0,0
16,L,-1400,163,0,0
16,L,-1400,164,0,0
16,L,-1400,165,0,0
16,L,-1400,166,0,0
16,L,-1400,167,0,0
16,L,-1400,168,0,0
16,L,-1400,169,0,0
16,L,-1400,170,0,0
16,L,-1400,171,0,0
16,L,-1400,172,0,0
16,L,-1400,173,0,0
16,L,-1400,174,0,0
16,L,-1400,175,0,0
16,L,-1400,176,0,0
16,L,-1400,177,0,0
16,L,-1400,178,0,0
16,L,-1400,179,0,0
16,L,-1400,180,0,0
16,L,-1400,181,0,0
16,L,-1400,182,0,0
16,L,-1400,183,0,0
16,L,-1400,184,0,0
16,L,-1400,185,0,0
16,L,-1400,186,0,0
16,L,-1400,187,0,0
16,L,-1400,188,0,0
16,L,-1400,189,0,0
16,L,-1400,190,0,0
16,L,-1400,191,0,0
16,L,-1400,192,0,0
16,L,-1400,193,0,0
16,L,-1400,194,0,0
16,L,-1400,195,0,0
16,L,-1400,196,0,0
16,L,-1400,197,0,0
16,L,-1400,198,0,0
16,L,-1400,199,0,0
16,L,-1400,200,0,0
16,L,-1400,201,0,0
16,L,-1400,202,0,0
16,L,-1400,203,0,0
16,L,-1400,204,0,0
16,L,-1400,205,0,0
16,L,-1400,206,0,0
16,L,-1400,207,0,0
16,L,-1400,208,0,0
16,L,-1400,209,0,0
16,L,-1400,210,0,0
16,L,-1400,211,0,0
16,L,-1400,212,0,0
16,L,-1400,213,0,0
16,L,-1400,214,0,0
16,L,-1400,215,0,0
16,L,-1400,216,0,0
16,L,-1400,217,0,0
16,L,-1400,218,0,0
16,L,-1400,219,0,0
16,L,-1400,220,0,0
16,L,-1400,221,0,0
16,L,-1400,222,0,0
16,L,-1400,223,0,0
16,L,-1400,224,0,0
16,L,-1400,225,0,0
16,L,-1400,226,0,0
16,L,-1400,227,0,0
16,L,-1400,228,0,0
16,L,-1400,229,0,0
16,L,-1400,230,0,0
16,L,-1400,231,0,0
16,L,-1400,232,0,0
16,L,-1400,233,0,0
16,L,-1400,234,0,0
16,L,-1400,235,0,0
16,L,-1400,236,0,0
16,L,-1400,237,0,0
16,L,-1400,238,0,0
16,L,-1400,239,0,0
16,L,-1400,240,0,0
16,L,-1400,241,0,0
16,L,-1400,242,0,0
16,L,-1400,243,0,0
16,L,-1400,244,0,0
16,L,-1400,245,0,0
16,L,-1400,246,0,0
16,L,-1400,247,0,0
16,L,-1400,248,0,0
16,L,-1400,249,0,0
16,L,-1400,250,0,0
16,L,-1400,251,0,0
16,L,-1400,252,0,0
16,L,-1400,253,0,0
16,L,-1400,254,0,0
16,L,-1400,255,0,0
16,L,-1400,256,0,0
16,L,-1400,257,0,0
16,L,-1400,258,0,0
16,L,-1400,259,0,0
16,L,-1400,260,0,0
16,L,-1400,261,0,0
16,L,-1400,262,0,0
16,L,-1400,263,0,0
16,L,-1400,264,0,0
16,L,-1400,265,0,0
16,L,-1400,266,0,0
16,L,-1400,267,0,0
16,L,-1400,268,0,0
16,L,-1400,269,0,0
16,L,-1400,270,0,0
16,L,-1400,271,0,0
16,L,-1400,272,0,0
16,L,-1400,273,0,0
16,L,-1400,274,0,0
16,L,-1400,275,0,0
16,L,-1400,276,0,0
16,L,-1400,277,0,0
16,L,-1400,278,0,0
16,L,-1400,279,0,0
16,L,-1400,280,0,0
16,L,-1400,281,0,0
16,L,-1400,282,0,0
16,L,-1400,283,0,0
16,L,-1400,284,0,0
16,L,-1400,285,0,0
16,L,-1400,286,0,0
16,L,-1400,287,0,0
16,L,-1400,288,0,0
16,L,-1400,289,0,0
16,L,-1400,290,0,0
16,L,-1400,291,0,0
16,L,-1400,292,0,0
16,L,-1400,293,0,0
16,L,-1400,294,0,0
16,L,-1400,295,0,0
16,L,-1400,296,0,0
16,L,-1400,297,0,0
16,L,-1400,298,0,0
16,L,-1400,299,0,0
17,L,-1450,0,0,0
17,L,-1450,1,0,0
17,L,-1450,2,0,0
17,L,-1450,3,0,0
17,L,-1450,4,0,0
17,L,-1450,5,0,0
17,L,-1450,6,0,0
17,L,-1450,7,0,0
17,L,-1450,8,-1,0
17,L,-1450,9,0,0
17,L,-1450,10,0,0
17,L,-1450,11,0,0
17,L,-1450,12,0,0
17,L,-1450,13,0,0
17,L,-1450,14,0,0
17,L,-1450,15,0,0
17,L,-1450,16,0,0
17,L,-1450,17,0,0
17,L,-1450,18,-1,0
17,L,-1450,19,0,0
17,L,-1450,20,0,0
17,L,-1450,21,0,0
17,L,-1450,22,-1,0
17,L,-1450,23,0,0
17,L,-1450,24,0,0
17,L,-1450,25,0,0
17,L,-1450,26,0,0
17,L,-1450,27,0,0
17,L,-1450,28,0,0
17,L,-1450,29,0,0
17,L,-1450,30,0,0
17,L,-1450,31,0,0
17,L,-1450,32,0,0
17,L,-1450,33,0,0
17,L,-1450,34,0,0
17,L,-1450,35,0,0
17,L,-1450,36,0,0
17,L,-1450,37,0,0
17,L,-1450,38,0,0
17,L,-1450,39,0,0
17,L,-1450,40,0,0
17,L,-1450,41,0,0
17,L,-1450,42,0,0
17,L,-1450,43,0,0
17,L,-1450,44,0,0
17,L,-1450,45,0,0
17,L,-1450,46,0,0
17,L,-1450,47,0,0
17,L,-1450,48,0,0
17,L,-1450,49,0,0
17,L,-1450,50,0,0
17,L,-1450,51,0,0
17,L,-1450,52,0,0
17,L,-1450,53,0,0
17,L,-1450,54,0,0
17,L,-1450,55,0,0
17,L,-1450,56,0,0
17,L,-1450,57,0,0
17,L,-1450,58,0,0
17,L,-1450,59,0,0
17,L,-1450,60,0,0
17,L,-1450,61,0,0
17,L,-1450,62,0,0
17,L,-1450,63,0,0
17,L,-1450,64,0,0
17,L,-1450,65,0,0
17,L,-1450,66,0,0
17,L,-1450,67,0,0
17,L,-1450,68,0,0
17,L,-1450,69,0,0
17,L,-1450,70,0,0
17,L,-1450,71,0,0
17,L,-1450,72,0,0
17,L,-1450,73,0,0
17,L,-1450,74,0,0
17,L,-1450,75,0,0
17,L,-1450,76,0,0
17,L,-1450,77,0,0
17,L,-1450,78,0,0
17,L,-1450,79,0,0
17,L,-1450,80,0,0
17,L,-1450,81,0,0
17,L,-1450,82,0,0
17,L,-1450,83,0,0
17,L,-1450,84,0,0
17,L,-1450,85,0,0
17,L,-1450,86,0,0
17,L,-1450,87,0,0
17,L,-1450,88,0,0
17,L,-1450,89,0,0
17,L,-1450,90,0,0
17,L,-1450,91,0,0
17,L,-1450,92,0,0
17,L,-1450,93,0,0
17,L,-1450,94,0,0
17,L,-1450,95,0,0
17,L,-1450,96,0,0
17,L,-1450,97,0,0
17,L,-1450,98,0,0
17,L,-1450,99,0,0
17,L,-1450,100,0,0
17,L,-1450,101,0,0
17,L,-1450,102,0,0
17,L,-1450,103,0,0
17,L,-1450,104,0,0
17,L,-1450,105,0,0
17,L,-1450,106,0,0
17,L,-1450,107,0,0
17,L,-1450,108,0,0
17,L,-1450,109,0,0
17,L,-1450,110,0,0
17,L,-1450,111,0,0
17,L,-1450,112,0,0
17,L,-1450,113,0,0
17,L,-1450,114,0,0
17,L,-1450,115,0,0
17,L,-1450,116,0,0
17,L,-1450,117,0,0
17,L,-1450,118,0,0
17,L,-1450,119,0,0
17,L,-1450,120,0,0
17,L,-1450,121,0,0
17,L,-1450,122,0,0
17,L,-1450,123,0,0
17,L,-1450,124,0,0
17,L,-1450,125,0,0
17,L,-1450,126,0,0
17,L,-1450,127,0,0
17,L,-1450,128,0,0
17,L,-1450,129,0,0
17,L,-1450,130,0,0
17,L,-1450,131,0,0
17,L,-1450,132,0,0
17,L,-1450,133,0,0
17,L,-1450,134,0,0
17,L,-1450,135,0,0
17,L,-1450,136,0,0
17,L,-1450,137,0,0
17,L,-1450,138,0,0
17,L,-1450,139,0,0
17,L,-1450,140,0,0
17,L,-1450,141,0,0
17,L,-1450,142,0,0
17,L,-1450,143,0,0
17,L,-1450,144,0,0
17,L,-1450,145,0,0
17,L,-1450,146,0,0
17,L,-1450,147,0,0
17,L,-1450,148,0,0
17,L,-1450,149,0,0
17,L,-1450,150,0,0
17,L,-1450,151,0,0
17,L,-1450,152,0,0
17,L,-1450,153,0,0
17,L,-1450,154,0,0
17,L,-1450,155,0,0
17,L,-1450,156,0,0
17,L,-1450,157,0,0
17,L,-1450,158,0,0
17,L,-1450,159,0,0
17,L,-1450,160,0,0
17,L,-1450,161,0,0
17,L,-1450,162,0,0
17,L,-1450,163,0,0
17,L,-1450,164,0,0
17,L,-1450,165,0,0
17,L,-1450,166,0,0
17,L,-1450,167,0,0
17,L,-1450,168,0,0
17,L,-1450,169,0,0
17,L,-1450,170,0,0
17,L,-1450,171,0,0
17,L,-1450,172,0,0
17,L,-1450,173,0,0
17,L,-1450,174,0,0
17,L,-1450,175,0,0
17,L,-1450,176,0,0
17,L,-1450,177,0,0
17,L,-1450,178,0,0
17,L,-1450,179,0,0
17,L,-1450,180,0,0
17,L,-1450,181,0,0
17,L,-1450,182,0,0
17,L,-1450,183,0,0
17,L,-1450,184,0,0
17,L,-1450,185,0,0
17,L,-1450,186,0,0
17,L,-1450,187,0,0
17,L,-1450,188,0,0
17,L,-1450,189,0,0
17,L,-1450,190,0,0
17,L,-1450,191,0,0
17,L,-1450,192,0,0
17,L,-1450,193,0,0
17,L,-1450,194,0,0
17,L,-1450,195,0,0
17,L,-1450,196,0,0
17,L,-1450,197,0,0
17,L,-1450,198,0,0
17,L,-1450,199,0,0
17,L,-1450,200,0,0
17,L,-1450,201,0,0
17,L,-1450,202,0,0
17,L,-1450,203,0,0
17,L,-1450,204,0,0
17,L,-1450,205,0,0
17,L,-1450,206,1,0
17,L,-1450,207,0,0
17,L,-1450,208,0,0
17,L,-1450,209,0,0
17,L,-1450,210,0,0
17,L,-1450,211,0,0
17,L,-1450,212,0,0
17,L,-1450,213,0,0
17,L,-1450,214,0,0
17,L,-1450,215,0,0
17,L,-1450,216,0,0
17,L,-1450,217,0,0
17,L,-1450,218,0,0
17,L,-1450,219,0,0
17,L,-1450,220,0,0
17,L,-1450,221,0,0
17,L,-1450,222,0,0
17,L,-1450,223,0,0
17,L,-1450,224,0,0
17,L,-1450,225,0,0
17,L,-1450,226,0,0
17,L,-1450,227,0,0
17,L,-1450,228,0,0
17,L,-1450,229,0,0
17,L,-1450,230,0,0
17,L,-1450,231,0,0
17,L,-1450,232,0,0
17,L,-1450,233,0,0
17,L,-1450,234,0,0
17,L,-1450,235,0,0
17,L,-1450,236,0,0
17,L,-1450,237,0,0
17,L,-1450,238,0,0
17,L,-1450,239,0,0
17,L,-1450,240,0,0
17,L,-1450,241,0,0
17,L,-1450,242,0,0
17,L,-1450,243,0,0
17,L,-1450,244,0,0
17,L,-1450,245,0,0
17,L,-1450,246,0,0
17,L,-1450,247,0,0
17,L,-1450,248,0,0
17,L,-1450,249,0,0
17,L,-1450,250,0,0
17,L,-1450,251,0,0
17,L,-1450,252,0,0
17,L,-1450,253,0,0
17,L,-1450,254,0,0
17,L,-1450,255,0,0
17,L,-1450,256,0,0
17,L,-1450,257,0,0
17,L,-1450,258,0,0
17,L,-1450,259,0,0
17,L,-1450,260,0,0
17,L,-1450,261,0,0
17,L,-1450,262,0,0
17,L,-1450,263,0,0
17,L,-1450,264,0,0
17,L,-1450,265,0,0
17,L,-1450,266,0,0
17,L,-1450,267,0,0
17,L,-1450,268,0,0
17,L,-1450,269,0,0
17,L,-1450,270,0,0
17,L,-1450,271,0,0
17,L,-1450,272,0,0
17,L,-1450,273,0,0
17,L,-1450,274,0,0
17,L,-1450,275,0,0
17,L,-1450,276,0,0
17,L,-1450,277,0,0
17,L,-1450,278,0,0
17,L,-1450,279,0,0
17,L,-1450,280,0,0
17,L,-1450,281,0,0
17,L,-1450,282,0,0
17,L,-1450,283,0,0
17,L,-1450,284,0,0
17,L,-1450,285,0,0
17,L,-1450,286,0,0
17,L,-1450,287,0,0
17,L,-1450,288,0,0
17,L,-1450,289,0,0
17,L,-1450,290,0,0
17,L,-1450,291,0,0
17,L,-1450,292,0,0
17,L,-1450,293,0,0
17,L,-1450,294,0,0
17,L,-1450,295,0,0
17,L,-1450,296,0,0
17,L,-1450,297,0,0
17,L,-1450,298,0,0
17,L,-1450,299,0,0
18,L,-1500,0,0,0
18,L,-1500,1,0,0
18,L,-1500,2,0,0
18,L,-1500,3,0,0
18,L,-1500,4,-1,0
18,L,-1500,5,0,0
18,L,-1500,6,0,0
18,L,-1500,7,0,0
18,L,-1500,8,0,0
18,L,-1500,9,0,0
18,L,-1500,10,0,0
18,L,-1500,11,-1,0
18,L,-1500,12,0,0
18,L,-1500,13,0,0
18,L,-1500,14,0,0
18,L,-1500,15,-1,0
18,L,-1500,16,0,0
18,L,-1500,17,0,0
18,L,-1500,18,-2,0
18,L,-1500,19,0,0
18,L,-1500,20,-1,0
18,L,-1500,21,0,0
18,L,-1500,22,-1,0
18,L,-1500,23,0,0
18,L,-1500,24,-2,0
18,L,-1500,25,0,0
18,L,-1500,26,-1,0
18,L,-1500,27,0,0
18,L,-1500,28,-1,0
18,L,-1500,29,-2,0
18,L,-1500,30,0,0
18,L,-1500,31,-1,0
18,L,-1500,32,-1,0
18,L,-1500,33,-1,0
18,L,-1500,34,-1,0
18,L,-1500,35,-1,0
18,L,-1500,36,-1,0
18,L,-1500,37,-2,0
18,L,-1500,38,-1,0
18,L,-1500,39,0,0
18,L,-1500,40,-1,0
18,L,-1500,41,-2,0
18,L,-1500,42,-1,0
18,L,-1500,43,-1,0
18,L,-1500,44,-2,0
18,L,-1500,45,-1,0
18,L,-1500,46,-1,0
18,L,-1500,47,-1,0
18,L,-1500,48,-2,0
18,L,-1500,49,-1,0
18,L,-1500,50,-1,0
18,L,-1500,51,-2,0
18,L,-1500,52,-1,0
18,L,-1500,53,-2,0
18,L,-1500,54,-1,0
18,L,-1500,55,-1,0
18,L,-1500,56,-2,0
18,L,-1500,57,-1,0
18,L,-1500,58,-1,0
18,L,-1500,59,-2,0
18,L,-1500,60,-1,0
18,L,-1500,61,-1,0
18,L,-1500,62,-2,0
18,L,-1500,63,-1,0
18,L,-1500,64,-2,0
18,L,-1500,65,-2,0
18,L,-1500,66,-1,0
18,L,-1500,67,-2,0
18,L,-1500,68,-1,0
18,L,-1500,69,-2,0
18,L,-1500,70,-2,0
18,L,-1500,71,-1,0
18,L,-1500,72,-2,0
18,L,-1500,73,-1,0
18,L,-1500,74,-2,0
18,L,-1500,75,-2,0
18,L,-1500,76,-1,0
18,L,-1500,77,-2,0
18,L,-1500,78,-2,0
18,L,-1500,79,-2,0
18,L,-1500,80,-1,0
18,L,-1500,81,-2,0
18,L,-1500,82,-2,0
18,L,-1500,83,-1,0
18,L,-1500,84,-2,0
18,L,-1500,85,-2,0
18,L,-1500,86,-2,0
18,L,-1500,87,-1,0
18,L,-1500,88,-2,0
18,L,-1500,89,-2,0
18,L,-1500,90,-1,0
18,L,-1500,91,-3,0
18,L,-1500,92,-1,0
18,L,-1500,93,-2,0
18,L,-1500,94,-2,0
18,L,-1500,95,-2,0
18,L,-1500,96,-1,0
18,L,-1500,97,-3,0
18,L,-1500,98,-1,0
18,L,-1500,99,-3,0
18,L,-1500,100,-1,0
18,L,-1500,101,-2,0
18,L,-1500,102,-2,0
18,L,-1500,103,-1,0
18,L,-1500,104,-3,0
18,L,-1500,105,-1,0
18,L,-1500,106,-3,0
18,L,-1500,107,-1,0
18,L,-1500,108,-2,0
18,L,-1500,109,-2,0
18,L,-1500,110,-2,0
18,L,-1500,111,-2,0
18,L,-1500,112,-2,0
18,L,-1500,113,-2,0
18,L,-1500,114,-2,0
18,L,-1500,115,-2,0
18,L,-1500,116,-2,0
18,L,-1500,117,-2,0
18,L,-1500,118,-2,0
18,L,-1500,119,-2,0
18,L,-1500,120,-2,0
18,L,-1500,121,-2,0
18,L,-1500,122,-2,0
18,L,-1500,123,-2,0
18,L,-1500,124,-2,0
18,L,-1500,125,-2,0
18,L,-1500,126,-2,0
18,L,-1500,127,-2,0
18,L,-1500,128,-2,0
18,L,-1500,129,-2,0
18,L,-1500,130,-2,0
18,L,-1500,131,-2,0
18,L,-1500,132,-2,0
18,L,-1500,133,-2,0
18,L,-1500,134,-2,0
18,L,-1500,135,-2,0
18,L,-1500,136,-2,0
18,L,-1500,137,-2,0
18,L,-1500,138,-2,0
18,L,-1500,139,-2,0
18,L,-1500,140,-3,0
18,L,-1500,141,-1,0
18,L,-1500,142,-3,0
18,L,-1500,143,-2,0
18,L,-1500,144,-2,0
18,L,-1500,145,-2,0
18,L,-1500,146,-2,0
18,L,-1500,147,-3,0
18,L,-1500,148,-1,0
18,L,-1500,149,-3,0
18,L,-1500,150,-2,0
18,L,-1500,151,-2,0
18,L,-1500,152,-2,0
18,L,-1500,153,-2,0
18,L,-1500,154,-2,0
18,L,-1500,155,-2,0
18,L,-1500,156,-2,0
18,L,-1500,157,-2,0
18,L,-1500,158,-2,0
18,L,-1500,159,-3,0
18,L,-1500,160,-2,0
18,L,-1500,161,-2,0
18,L,-1500,162,-2,0
18,L,-1500,163,-2,0
18,L,-1500,164,-3,0
18,L,-1500,165,-1,0
18,L,-1500,166,-3,0
18,L,-1500,167,-2,0
18,L,-1500,168,-2,0
18,L,-1500,169,-2,0
18,L,-1500,170,-3,0
18,L,-1500,171,-1,0
18,L,-1500,172,-3,0
18,L,-1500,173,-2,0
18,L,-1500,174,-2,0
18,L,-1500,175,-3,0
18,L,-1500,176,-1,0
18,L,-1500,177,-3,0
18,L,-1500,178,-2,0
18,L,-1500,179,-2,0
18,L,-1500,180,-2,0
18,L,-1500,181,-2,0
18,L,-1500,182,-2,0
18,L,-1500,183,-3,0
18,L,-1500,184,-2,0
18,L,-1500,185,-2,0
18,L,-1500,186,-3,0
18,L,-1500,187,-1,0
18,L,-1500,188,-3,0
18,L,-1500,189,-2,0
18,L,-1500,190,-2,0
18,L,-1500,191,-2,0
18,L,-1500,192,-3,0
18,L,-1500,193,-1,0
18,L,-1500,194,-3,0
18,L,-1500,195,-2,0
18,L,-1500,196,-2,0
18,L,-1500,197,-3,0
18,L,-1500,198,-2,0
18,L,-1500,199,-2,0
18,L,-1500,200,-2,0
18,L,-1500,201,-2,0
18,L,-1500,202,-2,0
18,L,-1500,203,-3,0
18,L,-1500,204,-1,0
18,L,-1500,205,-3,0
18,L,-1500,206,-1,0
18,L,-1500,207,-2,0
18,L,-1500,208,-2,0
18,L,-1500,209,-2,0
18,L,-1500,210,-1,0
18,L,-1500,211,-2,0
18,L,-1500,212,-2,0
18,L,-1500,213,-1,0
18,L,-1500,214,-2,0
18,L,-1500,215,-1,0
18,L,-1500,216,-1,0
18,L,-1500,217,-2,0
18,L,-1500,218,-1,0
18,L,-1500,219,-1,0
18,L,-1500,220,-1,0
18,L,-1500,221,-1,0
18,L,-1500,222,-1,0
18,L,-1500,223,-1,0
18,L,-1500,224,-1,0
18,L,-1500,225,-1,0
18,L,-1500,226,-1,0
18,L,-1500,227,0,0
18,L,-1500,228,-1,0
18,L,-1500,229,0,0
18,L,-1500,230,-2,0
18,L,-1500,231,0,0
18,L,-1500,232,-1,0
18,L,-1500,233,0,0
18,L,-1500,234,0,0
18,L,-1500,235,-1,0
18,L,-1500,236,0,0
18,L,-1500,237,-1,0
18,L,-1500,238,-1,0
18,L,-1500,239,0,0
18,L,-1500,240,0,0
18,L,-1500,241,0,0
18,L,-1500,242,0,0
18,L,-1500,243,0,0
18,L,-1500,244,0,0
18,L,-1500,245,0,0
18,L,-1500,246,0,0
18,L,-1500,247,0,0
18,L,-1500,248,0,0
18,L,-1500,249,1,0
18,L,-1500,250,0,0
18,L,-1500,251,1,0
18,L,-1500,252,0,0
18,L,-1500,253,0,0
18,L,-1500,254,0,0
18,L,-1500,255,0,0
18,L,-1500,256,0,0
18,L,-1500,257,0,0
18,L,-1500,258,0,0
18,L,-1500,259,0,0
18,L,-1500,260,0,0
18,L,-1500,261,0,0
18,L,-1500,262,0,0
18,L,-1500,263,0,0
18,L,-1500,264,0,0
18,L,-1500,265,0,0
18,L,-1500,266,0,0
18,L,-1500,267,0,0
18,L,-1500,268,0,0
18,L,-1500,269,0,0
18,L,-1500,270,0,0
18,L,-1500,271,0,0
18,L,-1500,272,0,0
18,L,-1500,273,0,0
18,L,-1500,274,0,0
18,L,-1500,275,0,0
18,L,-1500,276,0,0
18,L,-1500,277,0,0
18,L,-1500,278,0,0
18,L,-1500,279,0,0
18,L,-1500,280,0,0
18,L,-1500,281,0,0
18,L,-1500,282,0,0
18,L,-1500,283,0,0
18,L,-1500,284,0,0
18,L,-1500,285,0,0
18,L,-1500,286,0,0
18,L,-1500,287,0,0
18,L,-1500,288,0,0
18,L,-1500,289,0,0
18,L,-1500,290,0,0
18,L,-1500,291,0,0
18,L,-1500,292,0,0
18,L,-1500,293,0,0
18,L,-1500,294,0,0
18,L,-1500,295,0,0
18,L,-1500,296,0,0
18,L,-1500,297,0,0
18,L,-1500,298,0,0
18,L,-1500,299,0,0
19,L,-1550,0,0,0
19,L,-1550,1,0,0
19,L,-1550,2,0,0
19,L,-1550,3,-1,0
19,L,-1550,4,-1,0
19,L,-1550,5,0,0
19,L,-1550,6,0,0
19,L,-1550,7,-1,0
19,L,-1550,8,0,0
19,L,-1550,9,0,0
19,L,-1550,10,-1,0
19,L,-1550,11,0,0
19,L,-1550,12,-1,0
19,L,-1550,13,-1,0
19,L,-1550,14,-1,0
19,L,-1550,15,-1,0
19,L,-1550,16,-1,0
19,L,-1550,17,-1,0
19,L,-1550,18,-1,0
19,L,-1550,19,-1,0
19,L,-1550,20,-2,0
19,L,-1550,21,-1,0
19,L,-1550,22,-1,0
19,L,-1550,23,-2,0
19,L,-1550,24,-1,0
19,L,-1550,25,-2,0
19,L,-1550,26,-2,0
19,L,-1550,27,-1,0
19,L,-1550,28,-2,0
19,L,-1550,29,-2,0
19,L,-1550,30,-2,0
19,L,-1550,31,-1,0
19,L,-1550,32,-2,0
19,L,-1550,33,-2,0
19,L,-1550,34,-2,0
19,L,-1550,35,-2,0
19,L,-1550,36,-2,0
19,L,-1550,37,-2,0
19,L,-1550,38,-2,0
19,L,-1550,39,-2,0
19,L,-1550,40,-3,0
19,L,-1550,41,-1,0
19,L,-1550,42,-3,0
19,L,-1550,43,-2,0
19,L,-1550,44,-2,0
19,L,-1550,45,-2,0
19,L,-1550,46,-3,0
19,L,-1550,47,-3,0
19,L,-1550,48,-2,0
19,L,-1550,49,-2,0
19,L,-1550,50,-2,0
19,L,-1550,51,-3,0
19,L,-1550,52,-3,0
19,L,-1550,53,-2,0
19,L,-1550,54,-2,0
19,L,-1550,55,-3,0
19,L,-1550,56,-2,0
19,L,-1550,57,-3,0
19,L,-1550,58,-2,0
19,L,-1550,59,-3,0
19,L,-1550,60,-3,0
19,L,-1550,61,-2,0
19,L,-1550,62,-3,0
19,L,-1550,63,-3,0
19,L,-1550,64,-2,0
19,L,-1550,65,-3,0
19,L,-1550,66,-3,0
19,L,-1550,67,-3,0
19,L,-1550,68,-3,0
19,L,-1550,69,-2,0
19,L,-1550,70,-3,0
19,L,-1550,71,-3,0
19,L,-1550,72,-3,0
19,L,-1550,73,-3,0
19,L,-1550,74,-2,0
19,L,-1550,75,-3,0
19,L,-1550,76,-3,0
19,L,-1550,77,-3,0
19,L,-1550,78,-3,0
19,L,-1550,79,-3,0
19,L,-1550,80,-3,0
19,L,-1550,81,-3,0
19,L,-1550,82,-3,0
19,L,-1550,83,-3,0
19,L,-1550,84,-3,0
19,L,-1550,85,-2,0
19,L,-1550,86,-3,0
19,L,-1550,87,-4,0
19,L,-1550,88,-3,0
19,L,-1550,89,-2,0
19,L,-1550,90,-3,0
19,L,-1550,91,-4,0
19,L,-1550,92,-3,0
19,L,-1550,93,-3,0
19,L,-1550,94,-3,0
19,L,-1550,95,-3,0
19,L,-1550,96,-3,0
19,L,-1550,97,-3,0
19,L,-1550,98,-3,0
19,L,-1550,99,-3,0
19,L,-1550,100,-3,0
19,L,-1550,101,-4,0
19,L,-1550,102,-2,0
19,L,-1550,103,-3,0
19,L,-1550,104,-4,0
19,L,-1550,105,-3,0
19,L,-1550,106,-3,0
19,L,-1550,107,-3,0
19,L,-1550,108,-3,0
19,L,-1550,109,-4,0
19,L,-1550,110,-3,0
19,L,-1550,111,-2,0
19,L,-1550,112,-4,0
19,L,-1550,113,-3,0
19,L,-1550,114,-3,0
19,L,-1550,115,-4,0
19,L,-1550,116,-2,0
19,L,-1550,117,-4,0
19,L,-1550,118,-3,0
19,L,-1550,119,-4,0
19,L,-1550,120,-3,0
19,L,-1550,121,-3,0
19,L,-1550,122,-3,0
19,L,-1550,123,-3,0
19,L,-1550,124,-4,0
19,L,-1550,125,-3,0
19,L,-1550,126,-3,0
19,L,-1550,127,-3,0
19,L,-1550,128,-3,0
19,L,-1550,129,-4,0
19,L,-1550,130,-3,0
19,L,-1550,131,-3,0
19,L,-1550,132,-3,0
19,L,-1550,133,-4,0
19,L,-1550,134,-3,0
19,L,-1550,135,-3,0
19,L,-1550,136,-4,0
19,L,-1550,137,-3,0
19,L,-1550,138,-3,0
19,L,-1550,139,-3,0
19,L,-1550,140,-4,0
19,L,-1550,141,-3,0
19,L,-1550,142,-3,0
19,L,-1550,143,-3,0
19,L,-1550,144,-4,0
19,L,-1550,145,-3,0
19,L,-1550,146,-4,0
19,L,-1550,147,-3,0
19,L,-1550,148,-3,0
19,L,-1550,149,-3,0
19,L,-1550,150,-4,0
19,L,-1550,151,-3,0
19,L,-1550,152,-4,0
19,L,-1550,153,-3,0
19,L,-1550,154,-2,0
19,L,-1550,155,-4,0
19,L,-1550,156,-3,0
19,L,-1550,157,-4,0
19,L,-1550,158,-3,0
19,L,-1550,159,-4,0
19,L,-1550,160,-3,0
19,L,-1550,161,-3,0
19,L,-1550,162,-3,0
19,L,-1550,163,-4,0
19,L,-1550,164,-3,0
19,L,-1550,165,-4,0
19,L,-1550,166,-2,0
19,L,-1550,167,-4,0
19,L,-1550,168,-3,0
19,L,-1550,169,-4,0
19,L,-1550,170,-3,0
19,L,-1550,171,-4,0
19,L,-1550,172,-3,0
19,L,-1550,173,-3,0
19,L,-1550,174,-3,0
19,L,-1550,175,-4,0
19,L,-1550,176,-3,0
19,L,-1550,177,-4,0
19,L,-1550,178,-2,0
19,L,-1550,179,-4,0
19,L,-1550,180,-3,0
19,L,-1550,181,-4,0
19,L,-1550,182,-3,0
19,L,-1550,183,-4,0
19,L,-1550,184,-2,0
19,L,-1550,185,-4,0
19,L,-1550,186,-3,0
19,L,-1550,187,-4,0
19,L,-1550,188,-3,0
19,L,-1550,189,-4,0
19,L,-1550,190,-3,0
19,L,-1550,191,-3,0
19,L,-1550,192,-3,0
19,L,-1550,193,-4,0
19,L,-1550,194,-3,0
19,L,-1550,195,-4,0
19,L,-1550,196,-2,0
19,L,-1550,197,-4,0
19,L,-1550,198,-3,0
19,L,-1550,199,-4,0
19,L,-1550,200,-3,0
19,L,-1550,201,-4,0
19,L,-1550,202,-2,0
19,L,-1550,203,-4,0
19,L,-1550,204,-3,0
19,L,-1550,205,-3,0
19,L,-1550,206,-3,0
19,L,-1550,207,-3,0
19,L,-1550,208,-3,0
19,L,-1550,209,-3,0
19,L,-1550,210,-2,0
19,L,-1550,211,-3,0
19,L,-1550,212,-3,0
19,L,-1550,213,-2,0
19,L,-1550,214,-3,0
19,L,-1550,215,-2,0
19,L,-1550,216,-2,0
19,L,-1550,217,-3,0
19,L,-1550,218,-2,0
19,L,-1550,219,-2,0
19,L,-1550,220,-2,0
19,L,-1550,221,-3,0
19,L,-1550,222,-1,0
19,L,-1550,223,-3,0
19,L,-1550,224,-1,0
19,L,-1550,225,-2,0
19,L,-1550,226,-2,0
19,L,-1550,227,-2,0
19,L,-1550,228,-1,0
19,L,-1550,229,-1,0
19,L,-1550,230,-2,0
19,L,-1550,231,-1,0
19,L,-1550,232,-2,0
19,L,-1550,233,-2,0
19,L,-1550,234,-1,0
19,L,-1550,235,-1,0
19,L,-1550,236,-1,0
19,L,-1550,237,-1,0
19,L,-1550,238,-1,0
19,L,-1550,239,-2,0
19,L,-1550,240,-1,0
19,L,-1550,241,0,0
19,L,-1550,242,-1,0
19,L,-1550,243,-1,0
19,L,-1550,244,-1,0
19,L,-1550,245,-1,0
19,L,-1550,246,0,0
19,L,-1550,247,-1,0
19,L,-1550,248,0,0
19,L,-1550,249,-1,0
19,L,-1550,250,-1,0
19,L,-1550,251,0,0
19,L,-1550,252,0,0
19,L,-1550,253,0,0
19,L,-1550,254,-1,0
19,L,-1550,255,0,0
19,L,-1550,256,0,0
19,L,-1550,257,0,0
19,L,-1550,258,0,0
19,L,-1550,259,0,0
19,L,-1550,260,0,0
19,L,-1550,261,0,0
19,L,-1550,262,0,0
19,L,-1550,263,0,0
19,L,-1550,264,0,0
19,L,-1550,265,0,0
19,L,-1550,266,0,0
19,L,-1550,267,0,0
19,L,-1550,268,0,0
19,L,-1550,269,0,0
19,L,-1550,270,0,0
19,L,-1550,271,0,0
19,L,-1550,272,0,0
19,L,-1550,273,0,0
19,L,-1550,274,0,0
19,L,-1550,275,0,0
19,L,-1550,276,0,0
19,L,-1550,277,0,0
19,L,-1550,278,0,0
19,L,-1550,279,0,0
19,L,-1550,280,0,0
19,L,-1550,281,0,0
19,L,-1550,282,0,0
19,L,-1550,283,0,0
19,L,-1550,284,0,0
19,L,-1550,285,0,0
19,L,-1550,286,0,0
19,L,-1550,287,0,0
19,L,-1550,288,0,0
19,L,-1550,289,0,0
19,L,-1550,290,0,0
19,L,-1550,291,0,0
19,L,-1550,292,0,0
19,L,-1550,293,0,0
19,L,-1550,294,0,0
19,L,-1550,295,0,0
19,L,-1550,296,0,0
19,L,-1550,297,0,0
19,L,-1550,298,0,0
19,L,-1550,299,0,0
20,L,-1600,0,0,0
20,L,-1600,1,0,0
20,L,-1600,2,0,0
20,L,-1600,3,0,0
20,L,-1600,4,-1,0
20,L,-1600,5,0,0
20,L,-1600,6,-2,0
20,L,-1600,7,0,0
20,L,-1600,8,-1,0
20,L,-1600,9,-1,0
20,L,-1600,10,-2,0
20,L,-1600,11,-1,0
20,L,-1600,12,-2,0
20,L,-1600,13,-2,0
20,L,-1600,14,-1,0
20,L,-1600,15,-2,0
20,L,-1600,16,-2,0
20,L,-1600,17,-2,0
20,L,-1600,18,-2,0
20,L,-1600,19,-2,0
20,L,-1600,20,-2,0
20,L,-1600,21,-3,0
20,L,-1600,22,-2,0
20,L,-1600,23,-2,0
20,L,-1600,24,-3,0
20,L,-1600,25,-2,0
20,L,-1600,26,-3,0
20,L,-1600,27,-3,0
20,L,-1600,28,-2,0
20,L,-1600,29,-3,0
20,L,-1600,30,-3,0
20,L,-1600,31,-2,0
20,L,-1600,32,-3,0
20,L,-1600,33,-4,0
20,L,-1600,34,-3,0
20,L,-1600,35,-2,0
20,L,-1600,36,-3,0
20,L,-1600,37,-4,0
20,L,-1600,38,-3,0
20,L,-1600,39,-3,0
20,L,-1600,40,-3,0
20,L,-1600,41,-4,0
20,L,-1600,42,-3,0
20,L,-1600,43,-3,0
20,L,-1600,44,-4,0
20,L,-1600,45,-3,0
20,L,-1600,46,-3,0
20,L,-1600,47,-4,0
20,L,-1600,48,-3,0
20,L,-1600,49,-4,0
20,L,-1600,50,-4,0
20,L,-1600,51,-3,0
20,L,-1600,52,-4,0
20,L,-1600,53,-4,0
20,L,-1600,54,-3,0
20,L,-1600,55,-3,0
20,L,-1600,56,-4,0
20,L,-1600,57,-4,0
20,L,-1600,58,-4,0
20,L,-1600,59,-3,0
20,L,-1600,60,-4,0
20,L,-1600,61,-4,0
20,L,-1600,62,-4,0
20,L,-1600,63,-4,0
20,L,-1600,64,-4,0
20,L,-1600,65,-4,0
20,L,-1600,66,-4,0
20,L,-1600,67,-3,0
20,L,-1600,68,-4,0
20,L,-1600,69,-4,0
20,L,-1600,70,-4,0
20,L,-1600,71,-4,0
20,L,-1600,72,-4,0
20,L,-1600,73,-4,0
20,L,-1600,74,-4,0
20,L,-1600,75,-4,0
20,L,-1600,76,-5,0
20,L,-1600,77,-4,0
20,L,-1600,78,-4,0
20,L,-1600,79,-4,0
20,L,-1600,80,-4,0
20,L,-1600,81,-4,0
20,L,-1600,82,-4,0
20,L,-1600,83,-4,0
20,L,-1600,84,-4,0
20,L,-1600,85,-4,0
20,L,-1600,86,-4,0
20,L,-1600,87,-5,0
20,L,-1600,88,-4,0
20,L,-1600,89,-4,0
20,L,-1600,90,-4,0
20,L,-1600,91,-4,0
20,L,-1600,92,-4,0
20,L,-1600,93,-5,0
20,L,-1600,94,-5,0
20,L,-1600,95,-4,0
20,L,-1600,96,-4,0
20,L,-1600,97,-4,0
20,L,-1600,98,-5,0
20,L,-1600,99,-4,0
20,L,-1600,100,-4,0
20,L,-1600,101,-4,0
20,L,-1600,102,-5,0
20,L,-1600,103,-4,0
20,L,-1600,104,-4,0
20,L,-1600,105,-5,0
20,L,-1600,106,-5,0
20,L,-1600,107,-4,0
20,L,-1600,108,-4,0
20,L,-1600,109,-5,0
20,L,-1600,110,-4,0
20,L,-1600,111,-4,0
20,L,-1600,112,-4,0
20,L,-1600,113,-5,0
20,L,-1600,114,-4,0
20,L,-1600,115,-4,0
20,L,-1600,116,-5,0
20,L,-1600,117,-5,0
20,L,-1600,118,-4,0
20,L,-1600,119,-5,0
20,L,-1600,120,-4,0
20,L,-1600,121,-4,0
20,L,-1600,122,-5,0
20,L,-1600,123,-4,0
20,L,-1600,124,-5,0
20,L,-1600,125,-5,0
20,L,-1600,126,-4,0
20,L,-1600,127,-5,0
20,L,-1600,128,-4,0
20,L,-1600,129,-4,0
20,L,-1600,130,-5,0
20,L,-1600,131,-4,0
20,L,-1600,132,-4,0
20,L,-1600,133,-6,0
20,L,-1600,134,-4,0
20,L,-1600,135,-4,0
20,L,-1600,136,-5,0
20,L,-1600,137,-4,0
20,L,-1600,138,-5,0
20,L,-1600,139,-4,0
20,L,-1600,140,-5,0
20,L,-1600,141,-5,0
20,L,-1600,142,-4,0
20,L,-1600,143,-5,0
20,L,-1600,144,-4,0
20,L,-1600,145,-5,0
20,L,-1600,146,-4,0
20,L,-1600,147,-5,0
20,L,-1600,148,-5,0
20,L,-1600,149,-4,0
20,L,-1600,150,-5,0
20,L,-1600,151,-4,0
20,L,-1600,152,-5,0
20,L,-1600,153,-4,0
20,L,-1600,154,-5,0
20,L,-1600,155,-5,0
20,L,-1600,156,-4,0
20,L,-1600,157,-5,0
20,L,-1600,158,-4,0
20,L,-1600,159,-5,0
20,L,-1600,160,-4,0
20,L,-1600,161,-5,0
20,L,-1600,162,-5,0
20,L,-1600,163,-4,0
20,L,-1600,164,-5,0
20,L,-1600,165,-4,0
20,L,-1600,166,-5,0
20,L,-1600,167,-4,0
20,L,-1600,168,-6,0
20,L,-1600,169,-4,0
20,L,-1600,170,-4,0
20,L,-1600,171,-5,0
20,L,-1600,172,-4,0
20,L,-1600,173,-5,0
20,L,-1600,174,-5,0
20,L,-1600,175,-5,0
20,L,-1600,176,-4,0
20,L,-1600,177,-5,0
20,L,-1600,178,-4,0
20,L,-1600,179,-5,0
20,L,-1600,180,-4,0
20,L,-1600,181,-5,0
20,L,-1600,182,-5,0
20,L,-1600,183,-5,0
20,L,-1600,184,-4,0
20,L,-1600,185,-5,0
20,L,-1600,186,-4,0
20,L,-1600,187,-5,0
20,L,-1600,188,-5,0
20,L,-1600,189,-4,0
20,L,-1600,190,-5,0
20,L,-1600,191,-4,0
20,L,-1600,192,-5,0
20,L,-1600,193,-4,0
20,L,-1600,194,-6,0
20,L,-1600,195,-4,0
20,L,-1600,196,-5,0
20,L,-1600,197,-4,0
20,L,-1600,198,-5,0
20,L,-1600,199,-4,0
20,L,-1600,200,-5,0
20,L,-1600,201,-5,0
20,L,-1600,202,-4,0
20,L,-1600,203,-5,0
20,L,-1600,204,-4,0
20,L,-1600,205,-4,0
20,L,-1600,206,-5,0
20,L,-1600,207,-4,0
20,L,-1600,208,-4,0
20,L,-1600,209,-4,0
20,L,-1600,210,-4,0
20,L,-1600,211,-4,0
20,L,-1600,212,-4,0
20,L,-1600,213,-3,0
20,L,-1600,214,-4,0
20,L,-1600,215,-4,0
20,L,-1600,216,-4,0
20,L,-1600,217,-3,0
20,L,-1600,218,-4,0
20,L,-1600,219,-2,0
20,L,-1600,220,-4,0
20,L,-1600,221,-3,0
20,L,-1600,222,-4,0
20,L,-1600,223,-3,0
20,L,-1600,224,-2,0
20,L,-1600,225,-3,0
20,L,-1600,226,-4,0
20,L,-1600,227,-3,0
20,L,-1600,228,-2,0
20,L,-1600,229,-3,0
20,L,-1600,230,-3,0
20,L,-1600,231,-2,0
20,L,-1600,232,-3,0
20,L,-1600,233,-3,0
20,L,-1600,234,-2,0
20,L,-1600,235,-2,0
20,L,-1600,236,-2,0
20,L,-1600,237,-3,0
20,L,-1600,238,-1,0
20,L,-1600,239,-3,0
20,L,-1600,240,-1,0
20,L,-1600,241,-3,0
20,L,-1600,242,-1,0
20,L,-1600,243,-3,0
20,L,-1600,244,-1,0
20,L,-1600,245,-2,0
20,L,-1600,246,-2,0
20,L,-1600,247,-2,0
20,L,-1600,248,-1,0
20,L,-1600,249,-1,0
20,L,-1600,250,-2,0
20,L,-1600,251,-1,0
20,L,-1600,252,-2,0
20,L,-1600,253,-2,0
20,L,-1600,254,0,0
20,L,-1600,255,-2,0
20,L,-1600,256,-1,0
20,L,-1600,257,-1,0
20,L,-1600,258,-1,0
20,L,-1600,259,-2,0
20,L,-1600,260,0,0
20,L,-1600,261,-1,0
20,L,-1600,262,-1,0
20,L,-1600,263,0,0
20,L,-1600,264,-2,0
20,L,-1600,265,0,0
20,L,-1600,266,-1,0
20,L,-1600,267,0,0
20,L,-1600,268,-1,0
20,L,-1600,269,0,0
20,L,-1600,270,0,0
20,L,-1600,271,0,0
20,L,-1600,272,-1,0
20,L,-1600,273,0,0
20,L,-1600,274,0,0
20,L,-1600,275,0,0
20,L,-1600,276,0,0
20,L,-1600,277,0,0
20,L,-1600,278,0,0
20,L,-1600,279,0,0
20,L,-1600,280,0,0
20,L,-1600,281,0,0
20,L,-1600,282,0,0
20,L,-1600,283,0,0
20,L,-1600,284,0,0
20,L,-1600,285,0,0
20,L,-1600,286,0,0
20,L,-1600,287,0,0
20,L,-1600,288,0,0
20,L,-1600,289,0,0
20,L,-1600,290,0,0
20,L,-1600,291,0,0
20,L,-1600,292,0,0
20,L,-1600,293,0,0
20,L,-1600,294,0,0
20,L,-1600,295,0,0
20,L,-1600,296,0,0
20,L,-1600,297,0,0
20,L,-1600,298,0,0
20,L,-1600,299,0,0
21,L,-1700,0,0,0
21,L,-1700,1,0,0
21,L,-1700,2,-1,0
21,L,-1700,3,0,0
21,L,-1700,4,-1,0
21,L,-1700,5,-1,0
21,L,-1700,6,-2,0
21,L,-1700,7,-2,0
21,L,-1700,8,-2,0
21,L,-1700,9,-2,0
21,L,-1700,10,-3,0
21,L,-1700,11,-2,0
21,L,-1700,12,-3,0
21,L,-1700,13,-3,0
21,L,-1700,14,-3,0
21,L,-1700,15,-3,0
21,L,-1700,16,-3,0
21,L,-1700,17,-4,0
21,L,-1700,18,-4,0
21,L,-1700,19,-3,0
21,L,-1700,20,-4,0
21,L,-1700,21,-4,0
21,L,-1700,22,-4,0
21,L,-1700,23,-4,0
21,L,-1700,24,-5,0
21,L,-1700,25,-4,0
21,L,-1700,26,-4,0
21,L,-1700,27,-6,0
21,L,-1700,28,-4,0
21,L,-1700,29,-5,0
21,L,-1700,30,-4,0
21,L,-1700,31,-5,0
21,L,-1700,32,-6,0
21,L,-1700,33,-5,0
21,L,-1700,34,-4,0
21,L,-1700,35,-6,0
21,L,-1700,36,-5,0
21,L,-1700,37,-5,0
21,L,-1700,38,-5,0
21,L,-1700,39,-6,0
21,L,-1700,40,-5,0
21,L,-1700,41,-6,0
21,L,-1700,42,-6,0
21,L,-1700,43,-5,0
21,L,-1700,44,-6,0
21,L,-1700,45,-5,0
21,L,-1700,46,-6,0
21,L,-1700,47,-6,0
21,L,-1700,48,-5,0
21,L,-1700,49,-7,0
21,L,-1700,50,-5,0
21,L,-1700,51,-7,0
21,L,-1700,52,-5,0
21,L,-1700,53,-6,0
21,L,-1700,54,-6,0
21,L,-1700,55,-6,0
21,L,-1700,56,-6,0
21,L,-1700,57,-7,0
21,L,-1700,58,-5,0
21,L,-1700,59,-7,0
21,L,-1700,60,-6,0
21,L,-1700,61,-6,0
21,L,-1700,62,-7,0
21,L,-1700,63,-5,0
21,L,-1700,64,-7,0
21,L,-1700,65,-6,0
21,L,-1700,66,-7,0
21,L,-1700,67,-5,0
21,L,-1700,68,-7,0
21,L,-1700,69,-7,0
21,L,-1700,70,-6,0
21,L,-1700,71,-7,0
21,L,-1700,72,-6,0
21,L,-1700,73,-6,0
21,L,-1700,74,-7,0
21,L,-1700,75,-6,0
21,L,-1700,76,-7,0
21,L,-1700,77,-6,0
21,L,-1700,78,-7,0
21,L,-1700,79,-6,0
21,L,-1700,80,-7,0
21,L,-1700,81,-6,0
21,L,-1700,82,-7,0
21,L,-1700,83,-6,0
21,L,-1700,84,-7,0
21,L,-1700,85,-7,0
21,L,-1700,86,-6,0
21,L,-1700,87,-7,0
21,L,-1700,88,-7,0
21,L,-1700,89,-6,0
21,L,-1700,90,-7,0
21,L,-1700,91,-7,0
21,L,-1700,92,-6,0
21,L,-1700,93,-7,0
21,L,-1700,94,-7,0
21,L,-1700,95,-6,0
21,L,-1700,96,-7,0
21,L,-1700,97,-7,0
21,L,-1700,98,-7,0
21,L,-1700,99,-7,0
21,L,-1700,100,-7,0
21,L,-1700,101,-7,0
21,L,-1700,102,-6,0
21,L,-1700,103,-7,0
21,L,-1700,104,-7,0
21,L,-1700,105,-7,0
21,L,-1700,106,-7,0
21,L,-1700,107,-7,0
21,L,-1700,108,-7,0
21,L,-1700,109,-6,0
21,L,-1700,110,-7,0
21,L,-1700,111,-7,0
21,L,-1700,112,-7,0
21,L,-1700,113,-7,0
21,L,-1700,114,-7,0
21,L,-1700,115,-7,0
21,L,-1700,116,-6,0
21,L,-1700,117,-7,0
21,L,-1700,118,-7,0
21,L,-1700,119,-7,0
21,L,-1700,120,-7,0
21,L,-1700,121,-7,0
21,L,-1700,122,-7,0
21,L,-1700,123,-7,0
21,L,-1700,124,-7,0
21,L,-1700,125,-7,0
21,L,-1700,126,-7,0
21,L,-1700,127,-6,0
21,L,-1700,128,-7,0
21,L,-1700,129,-8,0
21,L,-1700,130,-7,0
21,L,-1700,131,-6,0
21,L,-1700,132,-8,0
21,L,-1700,133,-7,0
21,L,-1700,134,-7,0
21,L,-1700,135,-7,0
21,L,-1700,136,-7,0
21,L,-1700,137,-7,0
21,L,-1700,138,-7,0
21,L,-1700,139,-6,0
21,L,-1700,140,-8,0
21,L,-1700,141,-7,0
21,L,-1700,142,-7,0
21,L,-1700,143,-7,0
21,L,-1700,144,-7,0
21,L,-1700,145,-7,0
21,L,-1700,146,-7,0
21,L,-1700,147,-7,0
21,L,-1700,148,-7,0
21,L,-1700,149,-7,0
21,L,-1700,150,-7,0
21,L,-1700,151,-8,0
21,L,-1700,152,-6,0
21,L,-1700,153,-7,0
21,L,-1700,154,-8,0
21,L,-1700,155,-7,0
21,L,-1700,156,-7,0
21,L,-1700,157,-7,0
21,L,-1700,158,-7,0
21,L,-1700,159,-7,0
21,L,-1700,160,-7,0
21,L,-1700,161,-7,0
21,L,-1700,162,-7,0
21,L,-1700,163,-7,0
21,L,-1700,164,-8,0
21,L,-1700,165,-6,0
21,L,-1700,166,-7,0
21,L,-1700,167,-8,0
21,L,-1700,168,-7,0
21,L,-1700,169,-7,0
21,L,-1700,170,-7,0
21,L,-1700,171,-7,0
21,L,-1700,172,-7,0
21,L,-1700,173,-8,0
21,L,-1700,174,-6,0
21,L,-1700,175,-8,0
21,L,-1700,176,-7,0
21,L,-1700,177,-7,0
21,L,-1700,178,-7,0
21,L,-1700,179,-7,0
21,L,-1700,180,-7,0
21,L,-1700,181,-8,0
21,L,-1700,182,-7,0
21,L,-1700,183,-6,0
21,L,-1700,184,-8,0
21,L,-1700,185,-7,0
21,L,-1700,186,-7,0
21,L,-1700,187,-8,0
21,L,-1700,188,-6,0
21,L,-1700,189,-7,0
21,L,-1700,190,-8,0
21,L,-1700,191,-7,0
21,L,-1700,192,-7,0
21,L,-1700,193,-7,0
21,L,-1700,194,-7,0
21,L,-1700,195,-7,0
21,L,-1700,196,-8,0
21,L,-1700,197,-6,0
21,L,-1700,198,-8,0
21,L,-1700,199,-7,0
21,L,-1700,200,-7,0
21,L,-1700,201,-8,0
21,L,-1700,202,-6,0
21,L,-1700,203,-7,0
21,L,-1700,204,-7,0
21,L,-1700,205,-7,0
21,L,-1700,206,-7,0
21,L,-1700,207,-6,0
21,L,-1700,208,-6,0
21,L,-1700,209,-7,0
21,L,-1700,210,-7,0
21,L,-1700,211,-6,0
21,L,-1700,212,-6,0
21,L,-1700,213,-6,0
21,L,-1700,214,-7,0
21,L,-1700,215,-5,0
21,L,-1700,216,-6,0
21,L,-1700,217,-6,0
21,L,-1700,218,-6,0
21,L,-1700,219,-5,0
21,L,-1700,220,-6,0
21,L,-1700,221,-6,0
21,L,-1700,222,-5,0
21,L,-1700,223,-6,0
21,L,-1700,224,-5,0
21,L,-1700,225,-4,0
21,L,-1700,226,-6,0
21,L,-1700,227,-5,0
21,L,-1700,228,-5,0
21,L,-1700,229,-5,0
21,L,-1700,230,-4,0
21,L,-1700,231,-6,0
21,L,-1700,232,-4,0
21,L,-1700,233,-5,0
21,L,-1700,234,-4,0
21,L,-1700,235,-4,0
21,L,-1700,236,-5,0
21,L,-1700,237,-4,0
21,L,-1700,238,-4,0
21,L,-1700,239,-4,0
21,L,-1700,240,-4,0
21,L,-1700,241,-4,0
21,L,-1700,242,-4,0
21,L,-1700,243,-4,0
21,L,-1700,244,-4,0
21,L,-1700,245,-4,0
21,L,-1700,246,-4,0
21,L,-1700,247,-3,0
21,L,-1700,248,-4,0
21,L,-1700,249,-4,0
21,L,-1700,250,-3,0
21,L,-1700,251,-3,0
21,L,-1700,252,-3,0
21,L,-1700,253,-3,0
21,L,-1700,254,-4,0
21,L,-1700,255,-3,0
21,L,-1700,256,-2,0
21,L,-1700,257,-3,0
21,L,-1700,258,-4,0
21,L,-1700,259,-3,0
21,L,-1700,260,-2,0
21,L,-1700,261,-3,0
21,L,-1700,262,-3,0
21,L,-1700,263,-2,0
21,L,-1700,264,-3,0
21,L,-1700,265,-2,0
21,L,-1700,266,-2,0
21,L,-1700,267,-3,0
21,L,-1700,268,-2,0
21,L,-1700,269,-2,0
21,L,-1700,270,-2,0
21,L,-1700,271,-2,0
21,L,-1700,272,-2,0
21,L,-1700,273,-2,0
21,L,-1700,274,-2,0
21,L,-1700,275,-2,0
21,L,-1700,276,-2,0
21,L,-1700,277,-2,0
21,L,-1700,278,-1,0
21,L,-1700,279,-1,0
21,L,-1700,280,-3,0
21,L,-1700,281,-1,0
21,L,-1700,282,-2,0
21,L,-1700,283,-1,0
21,L,-1700,284,-1,0
21,L,-1700,285,-2,0
21,L,-1700,286,-1,0
21,L,-1700,287,-1,0
21,L,-1700,288,-1,0
21,L,-1700,289,-1,0
21,L,-1700,290,-1,0
21,L,-1700,291,-1,0
21,L,-1700,292,0,0
21,L,-1700,293,-2,0
21,L,-1700,294,-1,0
21,L,-1700,295,0,0
21,L,-1700,296,-1,0
21,L,-1700,297,0,0
21,L,-1700,298,-2,0
21,L,-1700,299,0,0
22,L,-1800,0,0,0
22,L,-1800,1,0,0
22,L,-1800,2,-1,0
22,L,-1800,3,0,0
22,L,-1800,4,-2,0
22,L,-1800,5,-2,0
22,L,-1800,6,-2,0
22,L,-1800,7,-3,0
22,L,-1800,8,-3,0
22,L,-1800,9,-3,0
22,L,-1800,10,-4,0
22,L,-1800,11,-4,0
22,L,-1800,12,-4,0
22,L,-1800,13,-5,0
22,L,-1800,14,-4,0
22,L,-1800,15,-5,0
22,L,-1800,16,-5,0
22,L,-1800,17,-5,0
22,L,-1800,18,-5,0
22,L,-1800,19,-6,0
22,L,-1800,20,-6,0
22,L,-1800,21,-6,0
22,L,-1800,22,-6,0
22,L,-1800,23,-7,0
22,L,-1800,24,-5,0
22,L,-1800,25,-7,0
22,L,-1800,26,-7,0
22,L,-1800,27,-6,0
22,L,-1800,28,-7,0
22,L,-1800,29,-7,0
22,L,-1800,30,-8,0
22,L,-1800,31,-6,0
22,L,-1800,32,-7,0
22,L,-1800,33,-8,0
22,L,-1800,34,-8,0
22,L,-1800,35,-7,0
22,L,-1800,36,-8,0
22,L,-1800,37,-6,0
22,L,-1800,38,-8,0
22,L,-1800,39,-8,0
22,L,-1800,40,-8,0
22,L,-1800,41,-8,0
22,L,-1800,42,-8,0
22,L,-1800,43,-8,0
22,L,-1800,44,-8,0
22,L,-1800,45,-8,0
22,L,-1800,46,-8,0
22,L,-1800,47,-8,0
22,L,-1800,48,-8,0
22,L,-1800,49,-9,0
22,L,-1800,50,-9,0
22,L,-1800,51,-8,0
22,L,-1800,52,-8,0
22,L,-1800,53,-9,0
22,L,-1800,54,-8,0
22,L,-1800,55,-9,0
22,L,-1800,56,-8,0
22,L,-1800,57,-10,0
22,L,-1800,58,-8,0
22,L,-1800,59,-9,0
22,L,-1800,60,-8,0
22,L,-1800,61,-9,0
22,L,-1800,62,-9,0
22,L,-1800,63,-9,0
22,L,-1800,64,-9,0
22,L,-1800,65,-9,0
22,L,-1800,66,-8,0
22,L,-1800,67,-10,0
22,L,-1800,68,-8,0
22,L,-1800,69,-9,0
22,L,-1800,70,-9,0
22,L,-1800,71,-10,0
22,L,-1800,72,-9,0
22,L,-1800,73,-8,0
22,L,-1800,74,-9,0
22,L,-1800,75,-10,0
22,L,-1800,76,-9,0
22,L,-1800,77,-9,0
22,L,-1800,78,-10,0
22,L,-1800,79,-9,0
22,L,-1800,80,-9,0
22,L,-1800,81,-10,0
22,L,-1800,82,-9,0
22,L,-1800,83,-8,0
22,L,-1800,84,-10,0
22,L,-1800,85,-10,0
22,L,-1800,86,-9,0
22,L,-1800,87,-9,0
22,L,-1800,88,-9,0
22,L,-1800,89,-10,0
22,L,-1800,90,-9,0
22,L,-1800,91,-10,0
22,L,-1800,92,-9,0
22,L,-1800,93,-10,0
22,L,-1800,94,-9,0
22,L,-1800,95,-9,0
22,L,-1800,96,-10,0
22,L,-1800,97,-9,0
22,L,-1800,98,-9,0
22,L,-1800,99,-10,0
22,L,-1800,100,-10,0
22,L,-1800,101,-9,0
22,L,-1800,102,-10,0
22,L,-1800,103,-9,0
22,L,-1800,104,-10,0
22,L,-1800,105,-9,0
22,L,-1800,106,-9,0
22,L,-1800,107,-10,0
22,L,-1800,108,-10,0
22,L,-1800,109,-10,0
22,L,-1800,110,-9,0
22,L,-1800,111,-9,0
22,L,-1800,112,-10,0
22,L,-1800,113,-10,0
22,L,-1800,114,-10,0
22,L,-1800,115,-9,0
22,L,-1800,116,-9,0
22,L,-1800,117,-10,0
22,L,-1800,118,-10,0
22,L,-1800,119,-10,0
22,L,-1800,120,-9,0
22,L,-1800,121,-9,0
22,L,-1800,122,-11,0
22,L,-1800,123,-9,0
22,L,-1800,124,-10,0
22,L,-1800,125,-9,0
22,L,-1800,126,-11,0
22,L,-1800,127,-9,0
22,L,-1800,128,-9,0
22,L,-1800,129,-10,0
22,L,-1800,130,-9,0
22,L,-1800,131,-11,0
22,L,-1800,132,-9,0
22,L,-1800,133,-9,0
22,L,-1800,134,-10,0
22,L,-1800,135,-10,0
22,L,-1800,136,-10,0
22,L,-1800,137,-9,0
22,L,-1800,138,-10,0
22,L,-1800,139,-10,0
22,L,-1800,140,-9,0
22,L,-1800,141,-10,0
22,L,-1800,142,-10,0
22,L,-1800,143,-10,0
22,L,-1800,144,-9,0
22,L,-1800,145,-10,0
22,L,-1800,146,-10,0
22,L,-1800,147,-9,0
22,L,-1800,148,-10,0
22,L,-1800,149,-10,0
22,L,-1800,150,-10,0
22,L,-1800,151,-9,0
22,L,-1800,152,-9,0
22,L,-1800,153,-11,0
22,L,-1800,154,-9,0
22,L,-1800,155,-10,0
22,L,-1800,156,-10,0
22,L,-1800,157,-10,0
22,L,-1800,158,-9,0
22,L,-1800,159,-10,0
22,L,-1800,160,-10,0
22,L,-1800,161,-9,0
22,L,-1800,162,-10,0
22,L,-1800,163,-10,0
22,L,-1800,164,-10,0
22,L,-1800,165,-9,0
22,L,-1800,166,-10,0
22,L,-1800,167,-10,0
22,L,-1800,168,-9,0
22,L,-1800,169,-10,0
22,L,-1800,170,-10,0
22,L,-1800,171,-10,0
22,L,-1800,172,-9,0
22,L,-1800,173,-10,0
22,L,-1800,174,-10,0
22,L,-1800,175,-9,0
22,L,-1800,176,-10,0
22,L,-1800,177,-10,0
22,L,-1800,178,-10,0
22,L,-1800,179,-9,0
22,L,-1800,180,-10,0
22,L,-1800,181,-10,0
22,L,-1800,182,-9,0
22,L,-1800,183,-10,0
22,L,-1800,184,-10,0
22,L,-1800,185,-10,0
22,L,-1800,186,-10,0
22,L,-1800,187,-10,0
22,L,-1800,188,-9,0
22,L,-1800,189,-10,0
22,L,-1800,190,-10,0
22,L,-1800,191,-9,0
22,L,-1800,192,-10,0
22,L,-1800,193,-10,0
22,L,-1800,194,-10,0
22,L,-1800,195,-9,0
22,L,-1800,196,-10,0
22,L,-1800,197,-10,0
22,L,-1800,198,-9,0
22,L,-1800,199,-11,0
22,L,-1800,200,-9,0
22,L,-1800,201,-10,0
22,L,-1800,202,-9,0
22,L,-1800,203,-10,0
22,L,-1800,204,-10,0
22,L,-1800,205,-9,0
22,L,-1800,206,-9,0
22,L,-1800,207,-9,0
22,L,-1800,208,-9,0
22,L,-1800,209,-9,0
22,L,-1800,210,-10,0
22,L,-1800,211,-8,0
22,L,-1800,212,-9,0
22,L,-1800,213,-8,0
22,L,-1800,214,-9,0
22,L,-1800,215,-8,0
22,L,-1800,216,-8,0
22,L,-1800,217,-9,0
22,L,-1800,218,-8,0
22,L,-1800,219,-9,0
22,L,-1800,220,-8,0
22,L,-1800,221,-7,0
22,L,-1800,222,-7,0
22,L,-1800,223,-8,0
22,L,-1800,224,-8,0
22,L,-1800,225,-8,0
22,L,-1800,226,-7,0
22,L,-1800,227,-8,0
22,L,-1800,228,-7,0
22,L,-1800,229,-8,0
22,L,-1800,230,-6,0
22,L,-1800,231,-7,0
22,L,-1800,232,-8,0
22,L,-1800,233,-7,0
22,L,-1800,234,-6,0
22,L,-1800,235,-7,0
22,L,-1800,236,-7,0
22,L,-1800,237,-6,0
22,L,-1800,238,-7,0
22,L,-1800,239,-5,0
22,L,-1800,240,-7,0
22,L,-1800,241,-7,0
22,L,-1800,242,-5,0
22,L,-1800,243,-7,0
22,L,-1800,244,-5,0
22,L,-1800,245,-7,0
22,L,-1800,246,-5,0
22,L,-1800,247,-6,0
22,L,-1800,248,-6,0
22,L,-1800,249,-5,0
22,L,-1800,250,-6,0
22,L,-1800,251,-5,0
22,L,-1800,252,-6,0
22,L,-1800,253,-5,0
22,L,-1800,254,-5,0
22,L,-1800,255,-5,0
22,L,-1800,256,-6,0
22,L,-1800,257,-5,0
22,L,-1800,258,-4,0
22,L,-1800,259,-5,0
22,L,-1800,260,-6,0
22,L,-1800,261,-4,0
22,L,-1800,262,-5,0
22,L,-1800,263,-4,0
22,L,-1800,264,-5,0
22,L,-1800,265,-4,0
22,L,-1800,266,-4,0
22,L,-1800,267,-5,0
22,L,-1800,268,-4,0
22,L,-1800,269,-5,0
22,L,-1800,270,-4,0
22,L,-1800,271,-4,0
22,L,-1800,272,-4,0
22,L,-1800,273,-4,0
22,L,-1800,274,-3,0
22,L,-1800,275,-3,0
22,L,-1800,276,-4,0
22,L,-1800,277,-4,0
22,L,-1800,278,-3,0
22,L,-1800,279,-4,0
22,L,-1800,280,-4,0
22,L,-1800,281,-3,0
22,L,-1800,282,-4,0
22,L,-1800,283,-2,0
22,L,-1800,284,-4,0
22,L,-1800,285,-3,0
22,L,-1800,286,-3,0
22,L,-1800,287,-2,0
22,L,-1800,288,-4,0
22,L,-1800,289,-3,0
22,L,-1800,290,-3,0
22,L,-1800,291,-2,0
22,L,-1800,292,-3,0
22,L,-1800,293,-3,0
22,L,-1800,294,-2,0
22,L,-1800,295,-3,0
22,L,-1800,296,-2,0
22,L,-1800,297,-2,0
22,L,-1800,298,-3,0
22,L,-1800,299,-2,0
23,L,-2000,0,0,0
23,L,-2000,1,0,0
23,L,-2000,2,0,0
23,L,-2000,3,-2,0
23,L,-2000,4,-3,0
23,L,-2000,5,-3,0
23,L,-2000,6,-4,0
23,L,-2000,7,-4,0
23,L,-2000,8,-6,0
23,L,-2000,9,-5,0
23,L,-2000,10,-7,0
23,L,-2000,11,-6,0
23,L,-2000,12,-8,0
23,L,-2000,13,-7,0
23,L,-2000,14,-8,0
23,L,-2000,15,-8,0
23,L,-2000,16,-9,0
23,L,-2000,17,-8,0
23,L,-2000,18,-10,0
23,L,-2000,19,-9,0
23,L,-2000,20,-10,0
23,L,-2000,21,-10,0
23,L,-2000,22,-11,0
23,L,-2000,23,-9,0
23,L,-2000,24,-11,0
23,L,-2000,25,-11,0
23,L,-2000,26,-11,0
23,L,-2000,27,-11,0
23,L,-2000,28,-11,0
23,L,-2000,29,-12,0
23,L,-2000,30,-12,0
23,L,-2000,31,-11,0
23,L,-2000,32,-12,0
23,L,-2000,33,-12,0
23,L,-2000,34,-12,0
23,L,-2000,35,-13,0
23,L,-2000,36,-12,0
23,L,-2000,37,-12,0
23,L,-2000,38,-13,0
23,L,-2000,39,-12,0
23,L,-2000,40,-13,0
23,L,-2000,41,-12,0
23,L,-2000,42,-14,0
23,L,-2000,43,-13,0
23,L,-2000,44,-12,0
23,L,-2000,45,-13,0
23,L,-2000,46,-14,0
23,L,-2000,47,-13,0
23,L,-2000,48,-13,0
23,L,-2000,49,-14,0
23,L,-2000,50,-13,0
23,L,-2000,51,-13,0
23,L,-2000,52,-14,0
23,L,-2000,53,-14,0
23,L,-2000,54,-14,0
23,L,-2000,55,-13,0
23,L,-2000,56,-13,0
23,L,-2000,57,-15,0
23,L,-2000,58,-13,0
23,L,-2000,59,-14,0
23,L,-2000,60,-14,0
23,L,-2000,61,-14,0
23,L,-2000,62,-14,0
23,L,-2000,63,-14,0
23,L,-2000,64,-14,0
23,L,-2000,65,-14,0
23,L,-2000,66,-14,0
23,L,-2000,67,-15,0
23,L,-2000,68,-13,0
23,L,-2000,69,-15,0
23,L,-2000,70,-15,0
23,L,-2000,71,-13,0
23,L,-2000,72,-15,0
23,L,-2000,73,-14,0
23,L,-2000,74,-15,0
23,L,-2000,75,-14,0
23,L,-2000,76,-14,0
23,L,-2000,77,-15,0
23,L,-2000,78,-14,0
23,L,-2000,79,-15,0
23,L,-2000,80,-14,0
23,L,-2000,81,-15,0
23,L,-2000,82,-14,0
23,L,-2000,83,-14,0
23,L,-2000,84,-15,0
23,L,-2000,85,-15,0
23,L,-2000,86,-14,0
23,L,-2000,87,-15,0
23,L,-2000,88,-15,0
23,L,-2000,89,-14,0
23,L,-2000,90,-15,0
23,L,-2000,91,-15,0
23,L,-2000,92,-14,0
23,L,-2000,93,-15,0
23,L,-2000,94,-15,0
23,L,-2000,95,-14,0
23,L,-2000,96,-15,0
23,L,-2000,97,-15,0
23,L,-2000,98,-14,0
23,L,-2000,99,-15,0
23,L,-2000,100,-15,0
23,L,-2000,101,-15,0
23,L,-2000,102,-15,0
23,L,-2000,103,-15,0
23,L,-2000,104,-15,0
23,L,-2000,105,-14,0
23,L,-2000,106,-15,0
23,L,-2000,107,-15,0
23,L,-2000,108,-14,0
23,L,-2000,109,-15,0
23,L,-2000,110,-15,0
23,L,-2000,111,-15,0
23,L,-2000,112,-15,0
23,L,-2000,113,-15,0
23,L,-2000,114,-15,0
23,L,-2000,115,-14,0
23,L,-2000,116,-15,0
23,L,-2000,117,-16,0
23,L,-2000,118,-15,0
23,L,-2000,119,-14,0
23,L,-2000,120,-15,0
23,L,-2000,121,-15,0
23,L,-2000,122,-14,0
23,L,-2000,123,-15,0
23,L,-2000,124,-16,0
23,L,-2000,125,-15,0
23,L,-2000,126,-14,0
23,L,-2000,127,-15,0
23,L,-2000,128,-15,0
23,L,-2000,129,-15,0
23,L,-2000,130,-15,0
23,L,-2000,131,-15,0
23,L,-2000,132,-15,0
23,L,-2000,133,-15,0
23,L,-2000,134,-15,0
23,L,-2000,135,-15,0
23,L,-2000,136,-15,0
23,L,-2000,137,-14,0
23,L,-2000,138,-15,0
23,L,-2000,139,-16,0
23,L,-2000,140,-15,0
23,L,-2000,141,-14,0
23,L,-2000,142,-15,0
23,L,-2000,143,-15,0
23,L,-2000,144,-16,0
23,L,-2000,145,-14,0
23,L,-2000,146,-15,0
23,L,-2000,147,-15,0
23,L,-2000,148,-15,0
23,L,-2000,149,-15,0
23,L,-2000,150,-15,0
23,L,-2000,151,-15,0
23,L,-2000,152,-15,0
23,L,-2000,153,-15,0
23,L,-2000,154,-15,0
23,L,-2000,155,-15,0
23,L,-2000,156,-15,0
23,L,-2000,157,-15,0
23,L,-2000,158,-15,0
23,L,-2000,159,-15,0
23,L,-2000,160,-14,0
23,L,-2000,161,-16,0
23,L,-2000,162,-15,0
23,L,-2000,163,-15,0
23,L,-2000,164,-15,0
23,L,-2000,165,-15,0
23,L,-2000,166,-15,0
23,L,-2000,167,-15,0
23,L,-2000,168,-15,0
23,L,-2000,169,-15,0
23,L,-2000,170,-15,0
23,L,-2000,171,-15,0
23,L,-2000,172,-14,0
23,L,-2000,173,-16,0
23,L,-2000,174,-15,0
23,L,-2000,175,-16,0
23,L,-2000,176,-15,0
23,L,-2000,177,-14,0
23,L,-2000,178,-15,0
23,L,-2000,179,-16,0
23,L,-2000,180,-15,0
23,L,-2000,181,-14,0
23,L,-2000,182,-16,0
23,L,-2000,183,-15,0
23,L,-2000,184,-15,0
23,L,-2000,185,-15,0
23,L,-2000,186,-15,0
23,L,-2000,187,-15,0
23,L,-2000,188,-15,0
23,L,-2000,189,-16,0
23,L,-2000,190,-14,0
23,L,-2000,191,-15,0
23,L,-2000,192,-16,0
23,L,-2000,193,-15,0
23,L,-2000,194,-14,0
23,L,-2000,195,-16,0
23,L,-2000,196,-15,0
23,L,-2000,197,-15,0
23,L,-2000,198,-15,0
23,L,-2000,199,-15,0
23,L,-2000,200,-15,0
23,L,-2000,201,-15,0
23,L,-2000,202,-15,0
23,L,-2000,203,-15,0
23,L,-2000,204,-15,0
23,L,-2000,205,-14,0
23,L,-2000,206,-15,0
23,L,-2000,207,-14,0
23,L,-2000,208,-14,0
23,L,-2000,209,-14,0
23,L,-2000,210,-14,0
23,L,-2000,211,-14,0
23,L,-2000,212,-14,0
23,L,-2000,213,-14,0
23,L,-2000,214,-13,0
23,L,-2000,215,-13,0
23,L,-2000,216,-14,0
23,L,-2000,217,-13,0
23,L,-2000,218,-13,0
23,L,-2000,219,-12,0
23,L,-2000,220,-14,0
23,L,-2000,221,-12,0
23,L,-2000,222,-13,0
23,L,-2000,223,-12,0
23,L,-2000,224,-13,0
23,L,-2000,225,-12,0
23,L,-2000,226,-12,0
23,L,-2000,227,-12,0
23,L,-2000,228,-12,0
23,L,-2000,229,-12,0
23,L,-2000,230,-12,0
23,L,-2000,231,-11,0
23,L,-2000,232,-12,0
23,L,-2000,233,-11,0
23,L,-2000,234,-12,0
23,L,-2000,235,-10,0
23,L,-2000,236,-12,0
23,L,-2000,237,-11,0
23,L,-2000,238,-11,0
23,L,-2000,239,-10,0
23,L,-2000,240,-11,0
23,L,-2000,241,-11,0
23,L,-2000,242,-10,0
23,L,-2000,243,-11,0
23,L,-2000,244,-9,0
23,L,-2000,245,-11,0
23,L,-2000,246,-10,0
23,L,-2000,247,-10,0
23,L,-2000,248,-9,0
23,L,-2000,249,-11,0
23,L,-2000,250,-9,0
23,L,-2000,251,-10,0
23,L,-2000,252,-9,0
23,L,-2000,253,-9,0
23,L,-2000,254,-10,0
23,L,-2000,255,-9,0
23,L,-2000,256,-9,0
23,L,-2000,257,-9,0
23,L,-2000,258,-9,0
23,L,-2000,259,-9,0
23,L,-2000,260,-9,0
23,L,-2000,261,-8,0
23,L,-2000,262,-8,0
23,L,-2000,263,-10,0
23,L,-2000,264,-8,0
23,L,-2000,265,-8,0
23,L,-2000,266,-8,0
23,L,-2000,267,-8,0
23,L,-2000,268,-8,0
23,L,-2000,269,-8,0
23,L,-2000,270,-8,0
23,L,-2000,271,-8,0
23,L,-2000,272,-8,0
23,L,-2000,273,-7,0
23,L,-2000,274,-7,0
23,L,-2000,275,-8,0
23,L,-2000,276,-7,0
23,L,-2000,277,-8,0
23,L,-2000,278,-7,0
23,L,-2000,279,-6,0
23,L,-2000,280,-8,0
23,L,-2000,281,-7,0
23,L,-2000,282,-7,0
23,L,-2000,283,-6,0
23,L,-2000,284,-7,0
23,L,-2000,285,-7,0
23,L,-2000,286,-6,0
23,L,-2000,287,-7,0
23,L,-2000,288,-6,0
23,L,-2000,289,-6,0
23,L,-2000,290,-7,0
23,L,-2000,291,-5,0
23,L,-2000,292,-7,0
23,L,-2000,293,-5,0
23,L,-2000,294,-7,0
23,L,-2000,295,-5,0
23,L,-2000,296,-6,0
23,L,-2000,297,-6,0
23,L,-2000,298,-5,0
23,L,-2000,299,-6,0
24,L,-2200,0,0,0
24,L,-2200,1,0,0
24,L,-2200,2,-1,0
24,L,-2200,3,-2,0
24,L,-2200,4,-4,0
24,L,-2200,5,-4,0
24,L,-2200,6,-6,0
24,L,-2200,7,-7,0
24,L,-2200,8,-7,0
24,L,-2200,9,-8,0
24,L,-2200,10,-10,0
24,L,-2200,11,-9,0
24,L,-2200,12,-11,0
24,L,-2200,13,-10,0
24,L,-2200,14,-12,0
24,L,-2200,15,-12,0
24,L,-2200,16,-12,0
24,L,-2200,17,-12,0
24,L,-2200,18,-14,0
24,L,-2200,19,-13,0
24,L,-2200,20,-15,0
24,L,-2200,21,-13,0
24,L,-2200,22,-15,0
24,L,-2200,23,-14,0
24,L,-2200,24,-15,0
24,L,-2200,25,-16,0
24,L,-2200,26,-15,0
24,L,-2200,27,-16,0
24,L,-2200,28,-16,0
24,L,-2200,29,-16,0
24,L,-2200,30,-16,0
24,L,-2200,31,-17,0
24,L,-2200,32,-16,0
24,L,-2200,33,-17,0
24,L,-2200,34,-16,0
24,L,-2200,35,-18,0
24,L,-2200,36,-18,0
24,L,-2200,37,-16,0
24,L,-2200,38,-18,0
24,L,-2200,39,-17,0
24,L,-2200,40,-18,0
24,L,-2200,41,-18,0
24,L,-2200,42,-17,0
24,L,-2200,43,-19,0
24,L,-2200,44,-17,0
24,L,-2200,45,-19,0
24,L,-2200,46,-18,0
24,L,-2200,47,-18,0
24,L,-2200,48,-19,0
24,L,-2200,49,-18,0
24,L,-2200,50,-19,0
24,L,-2200,51,-19,0
24,L,-2200,52,-18,0
24,L,-2200,53,-19,0
24,L,-2200,54,-19,0
24,L,-2200,55,-18,0
24,L,-2200,56,-19,0
24,L,-2200,57,-20,0
24,L,-2200,58,-19,0
24,L,-2200,59,-18,0
24,L,-2200,60,-20,0
24,L,-2200,61,-19,0
24,L,-2200,62,-19,0
24,L,-2200,63,-20,0
24,L,-2200,64,-19,0
24,L,-2200,65,-19,0
24,L,-2200,66,-19,0
24,L,-2200,67,-20,0
24,L,-2200,68,-20,0
24,L,-2200,69,-19,0
24,L,-2200,70,-20,0
24,L,-2200,71,-20,0
24,L,-2200,72,-18,0
24,L,-2200,73,-20,0
24,L,-2200,74,-20,0
24,L,-2200,75,-20,0
24,L,-2200,76,-20,0
24,L,-2200,77,-19,0
24,L,-2200,78,-20,0
24,L,-2200,79,-20,0
24,L,-2200,80,-20,0
24,L,-2200,81,-20,0
24,L,-2200,82,-20,0
24,L,-2200,83,-20,0
24,L,-2200,84,-20,0
24,L,-2200,85,-20,0
24,L,-2200,86,-20,0
24,L,-2200,87,-20,0
24,L,-2200,88,-20,0
24,L,-2200,89,-20,0
24,L,-2200,90,-20,0
24,L,-2200,91,-20,0
24,L,-2200,92,-20,0
24,L,-2200,93,-20,0
24,L,-2200,94,-20,0
24,L,-2200,95,-21,0
24,L,-2200,96,-20,0
24,L,-2200,97,-20,0
24,L,-2200,98,-20,0
24,L,-2200,99,-20,0
24,L,-2200,100,-20,0
24,L,-2200,101,-21,0
24,L,-2200,102,-21,0
24,L,-2200,103,-20,0
24,L,-2200,104,-20,0
24,L,-2200,105,-20,0
24,L,-2200,106,-20,0
24,L,-2200,107,-21,0
24,L,-2200,108,-20,0
24,L,-2200,109,-20,0
24,L,-2200,110,-20,0
24,L,-2200,111,-21,0
24,L,-2200,112,-20,0
24,L,-2200,113,-20,0
24,L,-2200,114,-21,0
24,L,-2200,115,-21,0
24,L,-2200,116,-20,0
24,L,-2200,117,-20,0
24,L,-2200,118,-21,0
24,L,-2200,119,-20,0
24,L,-2200,120,-20,0
24,L,-2200,121,-21,0
24,L,-2200,122,-20,0
24,L,-2200,123,-20,0
24,L,-2200,124,-21,0
24,L,-2200,125,-21,0
24,L,-2200,126,-20,0
24,L,-2200,127,-21,0
24,L,-2200,128,-20,0
24,L,-2200,129,-20,0
24,L,-2200,130,-21,0
24,L,-2200,131,-20,0
24,L,-2200,132,-21,0
24,L,-2200,133,-21,0
24,L,-2200,134,-20,0
24,L,-2200,135,-21,0
24,L,-2200,136,-20,0
24,L,-2200,137,-21,0
24,L,-2200,138,-20,0
24,L,-2200,139,-20,0
24,L,-2200,140,-22,0
24,L,-2200,141,-20,0
24,L,-2200,142,-21,0
24,L,-2200,143,-20,0
24,L,-2200,144,-20,0
24,L,-2200,145,-21,0
24,L,-2200,146,-20,0
24,L,-2200,147,-22,0
24,L,-2200,148,-20,0
24,L,-2200,149,-21,0
24,L,-2200,150,-20,0
24,L,-2200,151,-21,0
24,L,-2200,152,-20,0
24,L,-2200,153,-21,0
24,L,-2200,154,-21,0
24,L,-2200,155,-20,0
24,L,-2200,156,-21,0
24,L,-2200,157,-20,0
24,L,-2200,158,-21,0
24,L,-2200,159,-20,0
24,L,-2200,160,-22,0
24,L,-2200,161,-20,0
24,L,-2200,162,-21,0
24,L,-2200,163,-20,0
24,L,-2200,164,-21,0
24,L,-2200,165,-20,0
24,L,-2200,166,-21,0
24,L,-2200,167,-21,0
24,L,-2200,168,-21,0
24,L,-2200,169,-20,0
24,L,-2200,170,-20,0
24,L,-2200,171,-21,0
24,L,-2200,172,-21,0
24,L,-2200,173,-21,0
24,L,-2200,174,-20,0
24,L,-2200,175,-21,0
24,L,-2200,176,-20,0
24,L,-2200,177,-21,0
24,L,-2200,178,-20,0
24,L,-2200,179,-22,0
24,L,-2200,180,-20,0
24,L,-2200,181,-21,0
24,L,-2200,182,-20,0
24,L,-2200,183,-21,0
24,L,-2200,184,-20,0
24,L,-2200,185,-21,0
24,L,-2200,186,-21,0
24,L,-2200,187,-21,0
24,L,-2200,188,-20,0
24,L,-2200,189,-21,0
24,L,-2200,190,-20,0
24,L,-2200,191,-21,0
24,L,-2200,192,-21,0
24,L,-2200,193,-21,0
24,L,-2200,194,-20,0
24,L,-2200,195,-21,0
24,L,-2200,196,-20,0
24,L,-2200,197,-21,0
24,L,-2200,198,-21,0
24,L,-2200,199,-21,0
24,L,-2200,200,-20,0
24,L,-2200,201,-21,0
24,L,-2200,202,-20,0
24,L,-2200,203,-21,0
24,L,-2200,204,-20,0
24,L,-2200,205,-21,0
24,L,-2200,206,-20,0
24,L,-2200,207,-20,0
24,L,-2200,208,-19,0
24,L,-2200,209,-19,0
24,L,-2200,210,-20,0
24,L,-2200,211,-19,0
24,L,-2200,212,-19,0
24,L,-2200,213,-20,0
24,L,-2200,214,-18,0
24,L,-2200,215,-19,0
24,L,-2200,216,-19,0
24,L,-2200,217,-18,0
24,L,-2200,218,-19,0
24,L,-2200,219,-19,0
24,L,-2200,220,-17,0
24,L,-2200,221,-18,0
24,L,-2200,222,-18,0
24,L,-2200,223,-17,0
24,L,-2200,224,-18,0
24,L,-2200,225,-17,0
24,L,-2200,226,-18,0
24,L,-2200,227,-17,0
24,L,-2200,228,-17,0
24,L,-2200,229,-17,0
24,L,-2200,230,-16,0
24,L,-2200,231,-18,0
24,L,-2200,232,-16,0
24,L,-2200,233,-17,0
24,L,-2200,234,-16,0
24,L,-2200,235,-16,0
24,L,-2200,236,-16,0
24,L,-2200,237,-16,0
24,L,-2200,238,-16,0
24,L,-2200,239,-15,0
24,L,-2200,240,-16,0
24,L,-2200,241,-15,0
24,L,-2200,242,-15,0
24,L,-2200,243,-15,0
24,L,-2200,244,-16,0
24,L,-2200,245,-15,0
24,L,-2200,246,-14,0
24,L,-2200,247,-15,0
24,L,-2200,248,-15,0
24,L,-2200,249,-14,0
24,L,-2200,250,-15,0
24,L,-2200,251,-14,0
24,L,-2200,252,-14,0
24,L,-2200,253,-14,0
24,L,-2200,254,-14,0
24,L,-2200,255,-13,0
24,L,-2200,256,-14,0
24,L,-2200,257,-14,0
24,L,-2200,258,-14,0
24,L,-2200,259,-13,0
24,L,-2200,260,-12,0
24,L,-2200,261,-13,0
24,L,-2200,262,-14,0
24,L,-2200,263,-13,0
24,L,-2200,264,-12,0
24,L,-2200,265,-13,0
24,L,-2200,266,-12,0
24,L,-2200,267,-13,0
24,L,-2200,268,-13,0
24,L,-2200,269,-12,0
24,L,-2200,270,-12,0
24,L,-2200,271,-12,0
24,L,-2200,272,-12,0
24,L,-2200,273,-12,0
24,L,-2200,274,-11,0
24,L,-2200,275,-11,0
24,L,-2200,276,-12,0
24,L,-2200,277,-11,0
24,L,-2200,278,-12,0
24,L,-2200,279,-11,0
24,L,-2200,280,-12,0
24,L,-2200,281,-10,0
24,L,-2200,282,-11,0
24,L,-2200,283,-11,0
24,L,-2200,284,-10,0
24,L,-2200,285,-11,0
24,L,-2200,286,-11,0
24,L,-2200,287,-10,0
24,L,-2200,288,-10,0
24,L,-2200,289,-10,0
24,L,-2200,290,-11,0
24,L,-2200,291,-9,0
24,L,-2200,292,-11,0
24,L,-2200,293,-9,0
24,L,-2200,294,-10,0
24,L,-2200,295,-9,0
24,L,-2200,296,-11,0
24,L,-2200,297,-9,0
24,L,-2200,298,-9,0
24,L,-2200,299,-9,0
25,L,-2400,0,0,0
25,L,-2400,1,0,0
25,L,-2400,2,-2,0
25,L,-2400,3,-4,0
25,L,-2400,4,-5,0
25,L,-2400,5,-7,0
25,L,-2400,6,-7,0
25,L,-2400,7,-9,0
25,L,-2400,8,-10,0
25,L,-2400,9,-11,0
25,L,-2400,10,-12,0
25,L,-2400,11,-13,0
25,L,-2400,12,-14,0
25,L,-2400,13,-14,0
25,L,-2400,14,-15,0
25,L,-2400,15,-15,0
25,L,-2400,16,-17,0
25,L,-2400,17,-17,0
25,L,-2400,18,-16,0
25,L,-2400,19,-18,0
25,L,-2400,20,-18,0
25,L,-2400,21,-18,0
25,L,-2400,22,-19,0
25,L,-2400,23,-19,0
25,L,-2400,24,-19,0
25,L,-2400,25,-20,0
25,L,-2400,26,-20,0
25,L,-2400,27,-20,0
25,L,-2400,28,-20,0
25,L,-2400,29,-21,0
25,L,-2400,30,-21,0
25,L,-2400,31,-21,0
25,L,-2400,32,-21,0
25,L,-2400,33,-22,0
25,L,-2400,34,-22,0
25,L,-2400,35,-21,0
25,L,-2400,36,-23,0
25,L,-2400,37,-22,0
25,L,-2400,38,-22,0
25,L,-2400,39,-23,0
25,L,-2400,40,-22,0
25,L,-2400,41,-23,0
25,L,-2400,42,-23,0
25,L,-2400,43,-23,0
25,L,-2400,44,-23,0
25,L,-2400,45,-23,0
25,L,-2400,46,-24,0
25,L,-2400,47,-23,0
25,L,-2400,48,-24,0
25,L,-2400,49,-23,0
25,L,-2400,50,-23,0
25,L,-2400,51,-24,0
25,L,-2400,52,-24,0
25,L,-2400,53,-24,0
25,L,-2400,54,-24,0
25,L,-2400,55,-24,0
25,L,-2400,56,-24,0
25,L,-2400,57,-24,0
25,L,-2400,58,-24,0
25,L,-2400,59,-26,0
25,L,-2400,60,-24,0
25,L,-2400,61,-24,0
25,L,-2400,62,-25,0
25,L,-2400,63,-24,0
25,L,-2400,64,-25,0
25,L,-2400,65,-24,0
25,L,-2400,66,-26,0
25,L,-2400,67,-24,0
25,L,-2400,68,-25,0
25,L,-2400,69,-24,0
25,L,-2400,70,-25,0
25,L,-2400,71,-26,0
25,L,-2400,72,-25,0
25,L,-2400,73,-24,0
25,L,-2400,74,-25,0
25,L,-2400,75,-26,0
25,L,-2400,76,-25,0
25,L,-2400,77,-25,0
25,L,-2400,78,-26,0
25,L,-2400,79,-25,0
25,L,-2400,80,-25,0
25,L,-2400,81,-25,0
25,L,-2400,82,-26,0
25,L,-2400,83,-24,0
25,L,-2400,84,-26,0
25,L,-2400,85,-26,0
25,L,-2400,86,-25,0
25,L,-2400,87,-26,0
25,L,-2400,88,-25,0
25,L,-2400,89,-25,0
25,L,-2400,90,-26,0
25,L,-2400,91,-26,0
25,L,-2400,92,-25,0
25,L,-2400,93,-26,0
25,L,-2400,94,-25,0
25,L,-2400,95,-26,0
25,L,-2400,96,-26,0
25,L,-2400,97,-26,0
25,L,-2400,98,-25,0
25,L,-2400,99,-26,0
25,L,-2400,100,-26,0
25,L,-2400,101,-25,0
25,L,-2400,102,-26,0
25,L,-2400,103,-26,0
25,L,-2400,104,-26,0
25,L,-2400,105,-25,0
25,L,-2400,106,-27,0
25,L,-2400,107,-25,0
25,L,-2400,108,-27,0
25,L,-2400,109,-25,0
25,L,-2400,110,-26,0
25,L,-2400,111,-26,0
25,L,-2400,112,-25,0
25,L,-2400,113,-27,0
25,L,-2400,114,-25,0
25,L,-2400,115,-27,0
25,L,-2400,116,-25,0
25,L,-2400,117,-27,0
25,L,-2400,118,-25,0
25,L,-2400,119,-27,0
25,L,-2400,120,-25,0
25,L,-2400,121,-27,0
25,L,-2400,122,-25,0
25,L,-2400,123,-27,0
25,L,-2400,124,-25,0
25,L,-2400,125,-27,0
25,L,-2400,126,-25,0
25,L,-2400,127,-27,0
25,L,-2400,128,-25,0
25,L,-2400,129,-27,0
25,L,-2400,130,-26,0
25,L,-2400,131,-26,0
25,L,-2400,132,-26,0
25,L,-2400,133,-26,0
25,L,-2400,134,-26,0
25,L,-2400,135,-26,0
25,L,-2400,136,-27,0
25,L,-2400,137,-25,0
25,L,-2400,138,-27,0
25,L,-2400,139,-26,0
25,L,-2400,140,-26,0
25,L,-2400,141,-26,0
25,L,-2400,142,-26,0
25,L,-2400,143,-26,0
25,L,-2400,144,-27,0
25,L,-2400,145,-26,0
25,L,-2400,146,-26,0
25,L,-2400,147,-27,0
25,L,-2400,148,-25,0
25,L,-2400,149,-27,0
25,L,-2400,150,-26,0
25,L,-2400,151,-26,0
25,L,-2400,152,-26,0
25,L,-2400,153,-27,0
25,L,-2400,154,-25,0
25,L,-2400,155,-27,0
25,L,-2400,156,-26,0
25,L,-2400,157,-26,0
25,L,-2400,158,-27,0
25,L,-2400,159,-26,0
25,L,-2400,160,-26,0
25,L,-2400,161,-26,0
25,L,-2400,162,-27,0
25,L,-2400,163,-26,0
25,L,-2400,164,-26,0
25,L,-2400,165,-27,0
25,L,-2400,166,-25,0
25,L,-2400,167,-27,0
25,L,-2400,168,-26,0
25,L,-2400,169,-27,0
25,L,-2400,170,-25,0
25,L,-2400,171,-27,0
25,L,-2400,172,-27,0
25,L,-2400,173,-25,0
25,L,-2400,174,-27,0
25,L,-2400,175,-26,0
25,L,-2400,176,-26,0
25,L,-2400,177,-26,0
25,L,-2400,178,-27,0
25,L,-2400,179,-27,0
25,L,-2400,180,-25,0
25,L,-2400,181,-27,0
25,L,-2400,182,-26,0
25,L,-2400,183,-27,0
25,L,-2400,184,-25,0
25,L,-2400,185,-27,0
25,L,-2400,186,-27,0
25,L,-2400,187,-26,0
25,L,-2400,188,-26,0
25,L,-2400,189,-26,0
25,L,-2400,190,-27,0
25,L,-2400,191,-26,0
25,L,-2400,192,-26,0
25,L,-2400,193,-27,0
25,L,-2400,194,-26,0
25,L,-2400,195,-27,0
25,L,-2400,196,-25,0
25,L,-2400,197,-27,0
25,L,-2400,198,-27,0
25,L,-2400,199,-26,0
25,L,-2400,200,-27,0
25,L,-2400,201,-25,0
25,L,-2400,202,-27,0
25,L,-2400,203,-25,0
25,L,-2400,204,-27,0
25,L,-2400,205,-25,0
25,L,-2400,206,-26,0
25,L,-2400,207,-25,0
25,L,-2400,208,-25,0
25,L,-2400,209,-26,0
25,L,-2400,210,-24,0
25,L,-2400,211,-25,0
25,L,-2400,212,-24,0
25,L,-2400,213,-25,0
25,L,-2400,214,-24,0
25,L,-2400,215,-24,0
25,L,-2400,216,-24,0
25,L,-2400,217,-24,0
25,L,-2400,218,-24,0
25,L,-2400,219,-23,0
25,L,-2400,220,-24,0
25,L,-2400,221,-23,0
25,L,-2400,222,-23,0
25,L,-2400,223,-23,0
25,L,-2400,224,-23,0
25,L,-2400,225,-23,0
25,L,-2400,226,-22,0
25,L,-2400,227,-23,0
25,L,-2400,228,-21,0
25,L,-2400,229,-23,0
25,L,-2400,230,-21,0
25,L,-2400,231,-23,0
25,L,-2400,232,-21,0
25,L,-2400,233,-22,0
25,L,-2400,234,-21,0
25,L,-2400,235,-21,0
25,L,-2400,236,-21,0
25,L,-2400,237,-21,0
25,L,-2400,238,-21,0
25,L,-2400,239,-20,0
25,L,-2400,240,-21,0
25,L,-2400,241,-20,0
25,L,-2400,242,-20,0
25,L,-2400,243,-20,0
25,L,-2400,244,-20,0
25,L,-2400,245,-20,0
25,L,-2400,246,-20,0
25,L,-2400,247,-20,0
25,L,-2400,248,-19,0
25,L,-2400,249,-20,0
25,L,-2400,250,-19,0
25,L,-2400,251,-18,0
25,L,-2400,252,-19,0
25,L,-2400,253,-20,0
25,L,-2400,254,-18,0
25,L,-2400,255,-18,0
25,L,-2400,256,-19,0
25,L,-2400,257,-18,0
25,L,-2400,258,-19,0
25,L,-2400,259,-17,0
25,L,-2400,260,-19,0
25,L,-2400,261,-17,0
25,L,-2400,262,-18,0
25,L,-2400,263,-17,0
25,L,-2400,264,-17,0
25,L,-2400,265,-18,0
25,L,-2400,266,-17,0
25,L,-2400,267,-17,0
25,L,-2400,268,-17,0
25,L,-2400,269,-17,0
25,L,-2400,270,-17,0
25,L,-2400,271,-16,0
25,L,-2400,272,-16,0
25,L,-2400,273,-16,0
25,L,-2400,274,-17,0
25,L,-2400,275,-16,0
25,L,-2400,276,-16,0
25,L,-2400,277,-15,0
25,L,-2400,278,-16,0
25,L,-2400,279,-16,0
25,L,-2400,280,-15,0
25,L,-2400,281,-16,0
25,L,-2400,282,-15,0
25,L,-2400,283,-15,0
25,L,-2400,284,-15,0
25,L,-2400,285,-15,0
25,L,-2400,286,-14,0
25,L,-2400,287,-15,0
25,L,-2400,288,-15,0
25,L,-2400,289,-14,0
25,L,-2400,290,-14,0
25,L,-2400,291,-14,0
25,L,-2400,292,-14,0
25,L,-2400,293,-14,0
25,L,-2400,294,-14,0
25,L,-2400,295,-14,0
25,L,-2400,296,-14,0
25,L,-2400,297,-13,0
25,L,-2400,298,-13,0
25,L,-2400,299,-14,0
26,L,-2800,0,0,0
26,L,-2800,1,-1,0
26,L,-2800,2,-1,0
26,L,-2800,3,-4,0
26,L,-2800,4,-7,0
26,L,-2800,5,-8,0
26,L,-2800,6,-9,0
26,L,-2800,7,-12,0
26,L,-2800,8,-14,0
26,L,-2800,9,-14,0
26,L,-2800,10,-16,0
26,L,-2800,11,-17,0
26,L,-2800,12,-18,0
26,L,-2800,13,-20,0
26,L,-2800,14,-20,0
26,L,-2800,15,-21,0
26,L,-2800,16,-23,0
26,L,-2800,17,-23,0
26,L,-2800,18,-23,0
26,L,-2800,19,-25,0
26,L,-2800,20,-25,0
26,L,-2800,21,-25,0
26,L,-2800,22,-26,0
26,L,-2800,23,-26,0
26,L,-2800,24,-27,0
26,L,-2800,25,-28,0
26,L,-2800,26,-28,0
26,L,-2800,27,-29,0
26,L,-2800,28,-28,0
26,L,-2800,29,-30,0
26,L,-2800,30,-29,0
26,L,-2800,31,-30,0
26,L,-2800,32,-30,0
26,L,-2800,33,-31,0
26,L,-2800,34,-30,0
26,L,-2800,35,-31,0
26,L,-2800,36,-31,0
26,L,-2800,37,-32,0
26,L,-2800,38,-31,0
26,L,-2800,39,-31,0
26,L,-2800,40,-32,0
26,L,-2800,41,-32,0
26,L,-2800,42,-34,0
26,L,-2800,43,-32,0
26,L,-2800,44,-32,0
26,L,-2800,45,-33,0
26,L,-2800,46,-33,0
26,L,-2800,47,-34,0
26,L,-2800,48,-33,0
26,L,-2800,49,-33,0
26,L,-2800,50,-34,0
26,L,-2800,51,-34,0
26,L,-2800,52,-34,0
26,L,-2800,53,-33,0
26,L,-2800,54,-35,0
26,L,-2800,55,-34,0
26,L,-2800,56,-34,0
26,L,-2800,57,-36,0
26,L,-2800,58,-33,0
26,L,-2800,59,-35,0
26,L,-2800,60,-34,0
26,L,-2800,61,-35,0
26,L,-2800,62,-35,0
26,L,-2800,63,-35,0
26,L,-2800,64,-35,0
26,L,-2800,65,-35,0
26,L,-2800,66,-35,0
26,L,-2800,67,-36,0
26,L,-2800,68,-34,0
26,L,-2800,69,-36,0
26,L,-2800,70,-35,0
26,L,-2800,71,-36,0
26,L,-2800,72,-35,0
26,L,-2800,73,-36,0
26,L,-2800,74,-36,0
26,L,-2800,75,-35,0
26,L,-2800,76,-36,0
26,L,-2800,77,-35,0
26,L,-2800,78,-36,0
26,L,-2800,79,-36,0
26,L,-2800,80,-36,0
26,L,-2800,81,-36,0
26,L,-2800,82,-36,0
26,L,-2800,83,-36,0
26,L,-2800,84,-36,0
26,L,-2800,85,-36,0
26,L,-2800,86,-36,0
26,L,-2800,87,-36,0
26,L,-2800,88,-36,0
26,L,-2800,89,-36,0
26,L,-2800,90,-36,0
26,L,-2800,91,-36,0
26,L,-2800,92,-36,0
26,L,-2800,93,-36,0
26,L,-2800,94,-36,0
26,L,-2800,95,-38,0
26,L,-2800,96,-36,0
26,L,-2800,97,-36,0
26,L,-2800,98,-36,0
26,L,-2800,99,-36,0
26,L,-2800,100,-37,0
26,L,-2800,101,-36,0
26,L,-2800,102,-36,0
26,L,-2800,103,-36,0
26,L,-2800,104,-36,0
26,L,-2800,105,-37,0
26,L,-2800,106,-36,0
26,L,-2800,107,-37,0
26,L,-2800,108,-37,0
26,L,-2800,109,-36,0
26,L,-2800,110,-36,0
26,L,-2800,111,-37,0
26,L,-2800,112,-36,0
26,L,-2800,113,-37,0
26,L,-2800,114,-36,0
26,L,-2800,115,-37,0
26,L,-2800,116,-37,0
26,L,-2800,117,-36,0
26,L,-2800,118,-38,0
26,L,-2800,119,-35,0
26,L,-2800,120,-37,0
26,L,-2800,121,-37,0
26,L,-2800,122,-37,0
26,L,-2800,123,-36,0
26,L,-2800,124,-37,0
26,L,-2800,125,-37,0
26,L,-2800,126,-36,0
26,L,-2800,127,-38,0
26,L,-2800,128,-36,0
26,L,-2800,129,-37,0
26,L,-2800,130,-37,0
26,L,-2800,131,-36,0
26,L,-2800,132,-38,0
26,L,-2800,133,-37,0
26,L,-2800,134,-36,0
26,L,-2800,135,-37,0
26,L,-2800,136,-37,0
26,L,-2800,137,-37,0
26,L,-2800,138,-37,0
26,L,-2800,139,-36,0
26,L,-2800,140,-37,0
26,L,-2800,141,-38,0
26,L,-2800,142,-36,0
26,L,-2800,143,-37,0
26,L,-2800,144,-37,0
26,L,-2800,145,-38,0
26,L,-2800,146,-36,0
26,L,-2800,147,-37,0
26,L,-2800,148,-37,0
26,L,-2800,149,-38,0
26,L,-2800,150,-36,0
26,L,-2800,151,-37,0
26,L,-2800,152,-37,0
26,L,-2800,153,-38,0
26,L,-2800,154,-37,0
26,L,-2800,155,-36,0
26,L,-2800,156,-37,0
26,L,-2800,157,-38,0
26,L,-2800,158,-37,0
26,L,-2800,159,-36,0
26,L,-2800,160,-37,0
26,L,-2800,161,-38,0
26,L,-2800,162,-37,0
26,L,-2800,163,-37,0
26,L,-2800,164,-37,0
26,L,-2800,165,-37,0
26,L,-2800,166,-37,0
26,L,-2800,167,-37,0
26,L,-2800,168,-38,0
26,L,-2800,169,-37,0
26,L,-2800,170,-37,0
26,L,-2800,171,-37,0
26,L,-2800,172,-37,0
26,L,-2800,173,-37,0
26,L,-2800,174,-37,0
26,L,-2800,175,-38,0
26,L,-2800,176,-37,0
26,L,-2800,177,-37,0
26,L,-2800,178,-37,0
26,L,-2800,179,-38,0
26,L,-2800,180,-36,0
26,L,-2800,181,-37,0
26,L,-2800,182,-38,0
26,L,-2800,183,-37,0
26,L,-2800,184,-37,0
26,L,-2800,185,-38,0
26,L,-2800,186,-37,0
26,L,-2800,187,-37,0
26,L,-2800,188,-37,0
26,L,-2800,189,-37,0
26,L,-2800,190,-37,0
26,L,-2800,191,-37,0
26,L,-2800,192,-38,0
26,L,-2800,193,-37,0
26,L,-2800,194,-37,0
26,L,-2800,195,-38,0
26,L,-2800,196,-37,0
26,L,-2800,197,-37,0
26,L,-2800,198,-37,0
26,L,-2800,199,-38,0
26,L,-2800,200,-37,0
26,L,-2800,201,-38,0
26,L,-2800,202,-36,0
26,L,-2800,203,-37,0
26,L,-2800,204,-36,0
26,L,-2800,205,-36,0
26,L,-2800,206,-37,0
26,L,-2800,207,-37,0
26,L,-2800,208,-35,0
26,L,-2800,209,-36,0
26,L,-2800,210,-36,0
26,L,-2800,211,-35,0
26,L,-2800,212,-36,0
26,L,-2800,213,-35,0
26,L,-2800,214,-34,0
26,L,-2800,215,-35,0
26,L,-2800,216,-35,0
26,L,-2800,217,-33,0
26,L,-2800,218,-35,0
26,L,-2800,219,-33,0
26,L,-2800,220,-35,0
26,L,-2800,221,-33,0
26,L,-2800,222,-33,0
26,L,-2800,223,-34,0
26,L,-2800,224,-32,0
26,L,-2800,225,-33,0
26,L,-2800,226,-33,0
26,L,-2800,227,-32,0
26,L,-2800,228,-32,0
26,L,-2800,229,-33,0
26,L,-2800,230,-32,0
26,L,-2800,231,-32,0
26,L,-2800,232,-31,0
26,L,-2800,233,-32,0
26,L,-2800,234,-31,0
26,L,-2800,235,-31,0
26,L,-2800,236,-32,0
26,L,-2800,237,-30,0
26,L,-2800,238,-31,0
26,L,-2800,239,-30,0
26,L,-2800,240,-31,0
26,L,-2800,241,-30,0
26,L,-2800,242,-29,0
26,L,-2800,243,-31,0
26,L,-2800,244,-29,0
26,L,-2800,245,-29,0
26,L,-2800,246,-30,0
26,L,-2800,247,-28,0
26,L,-2800,248,-29,0
26,L,-2800,249,-29,0
26,L,-2800,250,-28,0
26,L,-2800,251,-29,0
26,L,-2800,252,-29,0
26,L,-2800,253,-28,0
26,L,-2800,254,-28,0
26,L,-2800,255,-27,0
26,L,-2800,256,-27,0
26,L,-2800,257,-28,0
26,L,-2800,258,-27,0
26,L,-2800,259,-28,0
26,L,-2800,260,-27,0
26,L,-2800,261,-26,0
26,L,-2800,262,-27,0
26,L,-2800,263,-27,0
26,L,-2800,264,-26,0
26,L,-2800,265,-26,0
26,L,-2800,266,-26,0
26,L,-2800,267,-26,0
26,L,-2800,268,-26,0
26,L,-2800,269,-26,0
26,L,-2800,270,-25,0
26,L,-2800,271,-25,0
26,L,-2800,272,-26,0
26,L,-2800,273,-25,0
26,L,-2800,274,-24,0
26,L,-2800,275,-25,0
26,L,-2800,276,-24,0
26,L,-2800,277,-25,0
26,L,-2800,278,-25,0
26,L,-2800,279,-24,0
26,L,-2800,280,-24,0
26,L,-2800,281,-24,0
26,L,-2800,282,-23,0
26,L,-2800,283,-23,0
26,L,-2800,284,-24,0
26,L,-2800,285,-23,0
26,L,-2800,286,-23,0
26,L,-2800,287,-24,0
26,L,-2800,288,-22,0
26,L,-2800,289,-23,0
26,L,-2800,290,-23,0
26,L,-2800,291,-22,0
26,L,-2800,292,-22,0
26,L,-2800,293,-22,0
26,L,-2800,294,-22,0
26,L,-2800,295,-22,0
26,L,-2800,296,-22,0
26,L,-2800,297,-21,0
26,L,-2800,298,-21,0
26,L,-2800,299,-22,0
27,R,1300,0,0,0
27,R,1300,1,0,0
27,R,1300,2,0,0
27,R,1300,3,0,0
27,R,1300,4,0,0
27,R,1300,5,0,0
27,R,1300,6,0,0
27,R,1300,7,0,0
27,R,1300,8,0,0
27,R,1300,9,0,0
27,R,1300,10,0,0
27,R,1300,11,0,0
27,R,1300,12,0,0
27,R,1300,13,0,0
27,R,1300,14,0,0
27,R,1300,15,0,0
27,R,1300,16,0,0
27,R,1300,17,0,0
27,R,1300,18,0,0
27,R,1300,19,0,0
27,R,1300,20,0,0
27,R,1300,21,0,0
27,R,1300,22,0,0
27,R,1300,23,0,0
27,R,1300,24,0,0
27,R,1300,25,0,0
27,R,1300,26,0,0
27,R,1300,27,0,0
27,R,1300,28,0,0
27,R,1300,29,0,0
27,R,1300,30,0,0
27,R,1300,31,0,0
27,R,1300,32,0,0
27,R,1300,33,0,0
27,R,1300,34,0,0
27,R,1300,35,0,0
27,R,1300,36,0,0
27,R,1300,37,0,0
27,R,1300,38,0,0
27,R,1300,39,0,0
27,R,1300,40,0,0
27,R,1300,41,0,0
27,R,1300,42,0,0
27,R,1300,43,0,0
27,R,1300,44,0,0
27,R,1300,45,0,0
27,R,1300,46,0,0
27,R,1300,47,0,0
27,R,1300,48,0,0
27,R,1300,49,0,0
27,R,1300,50,0,0
27,R,1300,51,0,0
27,R,1300,52,0,0
27,R,1300,53,0,0
27,R,1300,54,0,0
27,R,1300,55,0,0
27,R,1300,56,0,0
27,R,1300,57,0,0
27,R,1300,58,0,0
27,R,1300,59,0,0
27,R,1300,60,0,0
27,R,1300,61,0,0
27,R,1300,62,0,0
27,R,1300,63,0,0
27,R,1300,64,0,0
27,R,1300,65,0,0
27,R,1300,66,0,0
27,R,1300,67,0,0
27,R,1300,68,0,0
27,R,1300,69,0,0
27,R,1300,70,0,0
27,R,1300,71,0,0
27,R,1300,72,0,0
27,R,1300,73,0,0
27,R,1300,74,0,0
27,R,1300,75,0,0
27,R,1300,76,0,0
27,R,1300,77,0,0
27,R,1300,78,0,0
27,R,1300,79,0,0
27,R,1300,80,0,0
27,R,1300,81,0,0
27,R,1300,82,0,0
27,R,1300,83,0,0
27,R,1300,84,0,0
27,R,1300,85,0,0
27,R,1300,86,0,0
27,R,1300,87,0,0
27,R,1300,88,0,0
27,R,1300,89,0,0
27,R,1300,90,0,0
27,R,1300,91,0,0
27,R,1300,92,0,0
27,R,1300,93,0,0
27,R,1300,94,0,0
27,R,1300,95,0,0
27,R,1300,96,0,0
27,R,1300,97,0,0
27,R,1300,98,0,0
27,R,1300,99,0,0
27,R,1300,100,0,0
27,R,1300,101,0,0
27,R,1300,102,0,0
27,R,1300,103,0,0
27,R,1300,104,0,0
27,R,1300,105,0,0
27,R,1300,106,0,0
27,R,1300,107,0,0
27,R,1300,108,0,0
27,R,1300,109,0,0
27,R,1300,110,0,0
27,R,1300,111,0,0
27,R,1300,112,0,0
27,R,1300,113,0,0
27,R,1300,114,0,0
27,R,1300,115,0,0
27,R,1300,116,0,0
27,R,1300,117,0,0
27,R,1300,118,0,0
27,R,1300,119,0,0
27,R,1300,120,0,0
27,R,1300,121,0,0
27,R,1300,122,0,0
27,R,1300,123,0,0
27,R,1300,124,0,0
27,R,1300,125,0,0
27,R,1300,126,0,0
27,R,1300,127,0,0
27,R,1300,128,0,0
27,R,1300,129,0,0
27,R,1300,130,0,0
27,R,1300,131,0,0
27,R,1300,132,0,0
27,R,1300,133,0,0
27,R,1300,134,0,0
27,R,1300,135,0,0
27,R,1300,136,0,0
27,R,1300,137,0,0
27,R,1300,138,0,0
27,R,1300,139,0,0
27,R,1300,140,0,0
27,R,1300,141,0,0
27,R,1300,142,0,0
27,R,1300,143,0,0
27,R,1300,144,0,0
27,R,1300,145,0,0
27,R,1300,146,0,0
27,R,1300,147,0,0
27,R,1300,148,0,0
27,R,1300,149,0,0
27,R,1300,150,0,0
27,R,1300,151,0,0
27,R,1300,152,0,0
27,R,1300,153,0,0
27,R,1300,154,0,0
27,R,1300,155,0,0
27,R,1300,156,0,0
27,R,1300,157,0,0
27,R,1300,158,0,0
27,R,1300,159,0,0
27,R,1300,160,0,0
27,R,1300,161,0,0
27,R,1300,162,0,0
27,R,1300,163,0,0
27,R,1300,164,0,0
27,R,1300,165,0,0
27,R,1300,166,0,0
27,R,1300,167,0,0
27,R,1300,168,0,0
27,R,1300,169,0,0
27,R,1300,170,0,0
27,R,1300,171,0,0
27,R,1300,172,0,0
27,R,1300,173,0,0
27,R,1300,174,0,0
27,R,1300,175,0,0
27,R,1300,176,0,0
27,R,1300,177,0,0
27,R,1300,178,0,0
27,R,1300,179,0,0
27,R,1300,180,0,0
27,R,1300,181,0,0
27,R,1300,182,0,0
27,R,1300,183,0,0
27,R,1300,184,0,0
27,R,1300,185,0,0
27,R,1300,186,0,0
27,R,1300,187,0,0
27,R,1300,188,0,0
27,R,1300,189,0,0
27,R,1300,190,0,0
27,R,1300,191,0,0
27,R,1300,192,0,0
27,R,1300,193,0,0
27,R,1300,194,0,0
27,R,1300,195,0,0
27,R,1300,196,0,0
27,R,1300,197,0,0
27,R,1300,198,0,0
27,R,1300,199,0,0
27,R,1300,200,0,0
27,R,1300,201,0,0
27,R,1300,202,0,0
27,R,1300,203,0,0
27,R,1300,204,0,0
27,R,1300,205,0,0
27,R,1300,206,0,0
27,R,1300,207,0,0
27,R,1300,208,0,0
27,R,1300,209,0,0
27,R,1300,210,0,0
27,R,1300,211,0,0
27,R,1300,212,0,0
27,R,1300,213,0,0
27,R,1300,214,0,0
27,R,1300,215,0,0
27,R,1300,216,0,0
27,R,1300,217,0,0
27,R,1300,218,0,0
27,R,1300,219,0,0
27,R,1300,220,0,0
27,R,1300,221,0,0
27,R,1300,222,0,0
27,R,1300,223,0,0
27,R,1300,224,0,0
27,R,1300,225,0,0
27,R,1300,226,0,0
27,R,1300,227,0,0
27,R,1300,228,0,0
27,R,1300,229,0,0
27,R,1300,230,0,0
27,R,1300,231,0,0
27,R,1300,232,0,0
27,R,1300,233,0,0
27,R,1300,234,0,0
27,R,1300,235,0,0
27,R,1300,236,0,0
27,R,1300,237,0,0
27,R,1300,238,0,0
27,R,1300,239,0,0
27,R,1300,240,0,0
27,R,1300,241,0,0
27,R,1300,242,0,0
27,R,1300,243,0,0
27,R,1300,244,0,0
27,R,1300,245,0,0
27,R,1300,246,0,0
27,R,1300,247,0,0
27,R,1300,248,0,0
27,R,1300,249,0,0
27,R,1300,250,0,0
27,R,1300,251,0,0
27,R,1300,252,0,0
27,R,1300,253,0,0
27,R,1300,254,0,0
27,R,1300,255,0,0
27,R,1300,256,0,0
27,R,1300,257,0,0
27,R,1300,258,0,0
27,R,1300,259,0,0
27,R,1300,260,0,0
27,R,1300,261,0,0
27,R,1300,262,0,0
27,R,1300,263,0,0
27,R,1300,264,0,0
27,R,1300,265,0,0
27,R,1300,266,0,0
27,R,1300,267,0,0
27,R,1300,268,0,0
27,R,1300,269,0,0
27,R,1300,270,0,0
27,R,1300,271,0,0
27,R,1300,272,0,0
27,R,1300,273,0,0
27,R,1300,274,0,0
27,R,1300,275,0,0
27,R,1300,276,0,0
27,R,1300,277,0,0
27,R,1300,278,0,0
27,R,1300,279,0,0
27,R,1300,280,0,0
27,R,1300,281,0,0
27,R,1300,282,0,0
27,R,1300,283,0,0
27,R,1300,284,0,0
27,R,1300,285,0,0
27,R,1300,286,0,0
27,R,1300,287,0,0
27,R,1300,288,0,0
27,R,1300,289,0,0
27,R,1300,290,0,0
27,R,1300,291,0,0
27,R,1300,292,0,0
27,R,1300,293,0,0
27,R,1300,294,0,0
27,R,1300,295,0,0
27,R,1300,296,0,0
27,R,1300,297,0,0
27,R,1300,298,0,0
27,R,1300,299,0,0
28,R,1350,0,0,0
28,R,1350,1,0,0
28,R,1350,2,0,0
28,R,1350,3,0,0
28,R,1350,4,0,0
28,R,1350,5,0,0
28,R,1350,6,0,0
28,R,1350,7,0,0
28,R,1350,8,0,0
28,R,1350,9,0,0
28,R,1350,10,0,0
28,R,1350,11,0,0
28,R,1350,12,0,0
28,R,1350,13,0,0
28,R,1350,14,0,0
28,R,1350,15,0,0
28,R,1350,16,0,0
28,R,1350,17,0,0
28,R,1350,18,0,0
28,R,1350,19,0,0
28,R,1350,20,0,0
28,R,1350,21,0,0
28,R,1350,22,0,0
28,R,1350,23,0,0
28,R,1350,24,0,0
28,R,1350,25,0,0
28,R,1350,26,0,0
28,R,1350,27,0,0
28,R,1350,28,0,0
28,R,1350,29,0,0
28,R,1350,30,0,0
28,R,1350,31,0,0
28,R,1350,32,0,0
28,R,1350,33,0,0
28,R,1350,34,0,0
28,R,1350,35,0,0
28,R,1350,36,0,0
28,R,1350,37,0,0
28,R,1350,38,0,0
28,R,1350,39,0,0
28,R,1350,40,0,0
28,R,1350,41,0,0
28,R,1350,42,0,0
28,R,1350,43,0,0
28,R,1350,44,0,0
28,R,1350,45,0,0
28,R,1350,46,0,0
28,R,1350,47,0,0
28,R,1350,48,0,0
28,R,1350,49,0,0
28,R,1350,50,0,0
28,R,1350,51,0,0
28,R,1350,52,0,0
28,R,1350,53,0,0
28,R,1350,54,0,0
28,R,1350,55,0,0
28,R,1350,56,0,0
28,R,1350,57,0,0
28,R,1350,58,0,0
28,R,1350,59,0,0
28,R,1350,60,0,0
28,R,1350,61,0,0
28,R,1350,62,0,0
28,R,1350,63,0,0
28,R,1350,64,0,0
28,R,1350,65,0,0
28,R,1350,66,0,0
28,R,1350,67,0,0
28,R,1350,68,0,0
28,R,1350,69,0,0
28,R,1350,70,0,0
28,R,1350,71,0,0
28,R,1350,72,0,0
28,R,1350,73,0,0
28,R,1350,74,0,0
28,R,1350,75,0,0
28,R,1350,76,0,0
28,R,1350,77,0,0
28,R,1350,78,0,0
28,R,1350,79,0,0
28,R,1350,80,0,0
28,R,1350,81,0,0
28,R,1350,82,0,0
28,R,1350,83,0,0
28,R,1350,84,0,0
28,R,1350,85,0,0
28,R,1350,86,0,0
28,R,1350,87,0,0
28,R,1350,88,0,0
28,R,1350,89,0,0
28,R,1350,90,0,0
28,R,1350,91,0,0
28,R,1350,92,0,0
28,R,1350,93,0,0
28,R,1350,94,0,0
28,R,1350,95,0,0
28,R,1350,96,0,0
28,R,1350,97,0,0
28,R,1350,98,0,0
28,R,1350,99,0,0
28,R,1350,100,0,0
28,R,1350,101,0,0
28,R,1350,102,0,0
28,R,1350,103,0,0
28,R,1350,104,0,0
28,R,1350,105,0,0
28,R,1350,106,0,0
28,R,1350,107,0,0
28,R,1350,108,0,0
28,R,1350,109,0,0
28,R,1350,110,0,0
28,R,1350,111,0,0
28,R,1350,112,0,0
28,R,1350,113,0,0
28,R,1350,114,0,0
28,R,1350,115,0,0
28,R,1350,116,0,0
28,R,1350,117,0,0
28,R,1350,118,0,0
28,R,1350,119,0,0
28,R,1350,120,0,0
28,R,1350,121,0,0
28,R,1350,122,0,0
28,R,1350,123,0,0
28,R,1350,124,0,0
28,R,1350,125,0,0
28,R,1350,126,0,0
28,R,1350,127,0,0
28,R,1350,128,0,0
28,R,1350,129,0,0
28,R,1350,130,0,0
28,R,1350,131,0,0
28,R,1350,132,0,0
28,R,1350,133,0,0
28,R,1350,134,0,0
28,R,1350,135,0,0
28,R,1350,136,0,0
28,R,1350,137,0,0
28,R,1350,138,0,0
28,R,1350,139,0,0
28,R,1350,140,0,0
28,R,1350,141,0,0
28,R,1350,142,0,0
28,R,1350,143,0,0
28,R,1350,144,0,0
28,R,1350,145,0,0
28,R,1350,146,0,0
28,R,1350,147,0,0
28,R,1350,148,0,0
28,R,1350,149,0,0
28,R,1350,150,0,0
28,R,1350,151,0,0
28,R,1350,152,0,0
28,R,1350,153,0,0
28,R,1350,154,0,0
28,R,1350,155,0,0
28,R,1350,156,0,0
28,R,1350,157,0,0
28,R,1350,158,0,0
28,R,1350,159,0,0
28,R,1350,160,0,0
28,R,1350,161,0,0
28,R,1350,162,0,0
28,R,1350,163,0,0
28,R,1350,164,0,0
28,R,1350,165,0,0
28,R,1350,166,0,0
28,R,1350,167,0,0
28,R,1350,168,0,0
28,R,1350,169,0,0
28,R,1350,170,0,0
28,R,1350,171,0,0
28,R,1350,172,0,0
28,R,1350,173,0,0
28,R,1350,174,0,0
28,R,1350,175,0,0
28,R,1350,176,0,0
28,R,1350,177,0,0
28,R,1350,178,0,0
28,R,1350,179,0,0
28,R,1350,180,0,0
28,R,1350,181,0,0
28,R,1350,182,0,0
28,R,1350,183,0,0
28,R,1350,184,0,0
28,R,1350,185,0,0
28,R,1350,186,0,0
28,R,1350,187,0,0
28,R,1350,188,0,0
28,R,1350,189,0,0
28,R,1350,190,0,0
28,R,1350,191,0,0
28,R,1350,192,0,0
28,R,1350,193,0,0
28,R,1350,194,0,0
28,R,1350,195,0,0
28,R,1350,196,0,0
28,R,1350,197,0,0
28,R,1350,198,0,0
28,R,1350,199,0,0
28,R,1350,200,0,0
28,R,1350,201,0,0
28,R,1350,202,0,0
28,R,1350,203,0,0
28,R,1350,204,0,0
28,R,1350,205,0,0
28,R,1350,206,0,0
28,R,1350,207,0,0
28,R,1350,208,0,0
28,R,1350,209,0,0
28,R,1350,210,0,0
28,R,1350,211,0,0
28,R,1350,212,0,0
28,R,1350,213,0,0
28,R,1350,214,0,0
28,R,1350,215,0,0
28,R,1350,216,0,0
28,R,1350,217,0,0
28,R,1350,218,0,0
28,R,1350,219,0,0
28,R,1350,220,0,0
28,R,1350,221,0,0
28,R,1350,222,0,0
28,R,1350,223,0,0
28,R,1350,224,0,0
28,R,1350,225,0,0
28,R,1350,226,0,0
28,R,1350,227,0,0
28,R,1350,228,0,0
28,R,1350,229,0,0
28,R,1350,230,0,0
28,R,1350,231,0,0
28,R,1350,232,0,0
28,R,1350,233,0,0
28,R,1350,234,0,0
28,R,1350,235,0,0
28,R,1350,236,0,0
28,R,1350,237,0,0
28,R,1350,238,0,0
28,R,1350,239,0,0
28,R,1350,240,0,0
28,R,1350,241,0,0
28,R,1350,242,0,0
28,R,1350,243,0,0
28,R,1350,244,0,0
28,R,1350,245,0,0
28,R,1350,246,0,0
28,R,1350,247,0,0
28,R,1350,248,0,0
28,R,1350,249,0,0
28,R,1350,250,0,0
28,R,1350,251,0,0
28,R,1350,252,0,0
28,R,1350,253,0,0
28,R,1350,254,0,0
28,R,1350,255,0,0
28,R,1350,256,0,0
28,R,1350,257,0,0
28,R,1350,258,0,0
28,R,1350,259,0,0
28,R,1350,260,0,0
28,R,1350,261,0,0
28,R,1350,262,0,0
28,R,1350,263,0,0
28,R,1350,264,0,0
28,R,1350,265,0,0
28,R,1350,266,0,0
28,R,1350,267,0,0
28,R,1350,268,0,0
28,R,1350,269,0,0
28,R,1350,270,0,0
28,R,1350,271,0,0
28,R,1350,272,0,0
28,R,1350,273,0,0
28,R,1350,274,0,0
28,R,1350,275,0,0
28,R,1350,276,0,0
28,R,1350,277,0,0
28,R,1350,278,0,0
28,R,1350,279,0,0
28,R,1350,280,0,0
28,R,1350,281,0,0
28,R,1350,282,0,0
28,R,1350,283,0,0
28,R,1350,284,0,0
28,R,1350,285,0,0
28,R,1350,286,0,0
28,R,1350,287,0,0
28,R,1350,288,0,0
28,R,1350,289,0,0
28,R,1350,290,0,0
28,R,1350,291,0,0
28,R,1350,292,0,0
28,R,1350,293,0,0
28,R,1350,294,0,0
28,R,1350,295,0,0
28,R,1350,296,0,0
28,R,1350,297,0,0
28,R,1350,298,0,0
28,R,1350,299,0,0
29,R,1400,0,0,0
29,R,1400,1,0,0
29,R,1400,2,0,0
29,R,1400,3,0,0
29,R,1400,4,0,0
29,R,1400,5,0,0
29,R,1400,6,0,0
29,R,1400,7,0,0
29,R,1400,8,0,0
29,R,1400,9,0,0
29,R,1400,10,0,0
29,R,1400,11,0,0
29,R,1400,12,0,0
29,R,1400,13,0,0
29,R,1400,14,0,0
29,R,1400,15,0,0
29,R,1400,16,0,0
29,R,1400,17,0,0
29,R,1400,18,0,0
29,R,1400,19,0,0
29,R,1400,20,0,0
29,R,1400,21,0,0
29,R,1400,22,0,0
29,R,1400,23,0,0
29,R,1400,24,0,0
29,R,1400,25,0,0
29,R,1400,26,0,0
29,R,1400,27,0,0
29,R,1400,28,0,0
29,R,1400,29,0,0
29,R,1400,30,0,0
29,R,1400,31,0,0
29,R,1400,32,0,0
29,R,1400,33,0,0
29,R,1400,34,0,0
29,R,1400,35,0,0
29,R,1400,36,0,0
29,R,1400,37,0,0
29,R,1400,38,0,0
29,R,1400,39,0,0
29,R,1400,40,0,0
29,R,1400,41,0,0
29,R,1400,42,0,0
29,R,1400,43,0,0
29,R,1400,44,0,0
29,R,1400,45,0,0
29,R,1400,46,0,0
29,R,1400,47,0,0
29,R,1400,48,0,0
29,R,1400,49,0,0
29,R,1400,50,0,0
29,R,1400,51,0,0
29,R,1400,52,0,0
29,R,1400,53,0,0
29,R,1400,54,0,0
29,R,1400,55,0,0
29,R,1400,56,0,0
29,R,1400,57,0,0
29,R,1400,58,0,0
29,R,1400,59,0,0
29,R,1400,60,0,0
29,R,1400,61,0,0
29,R,1400,62,0,0
29,R,1400,63,0,0
29,R,1400,64,0,0
29,R,1400,65,0,0
29,R,1400,66,0,0
29,R,1400,67,0,0
29,R,1400,68,0,0
29,R,1400,69,0,0
29,R,1400,70,0,0
29,R,1400,71,0,0
29,R,1400,72,0,0
29,R,1400,73,0,0
29,R,1400,74,0,0
29,R,1400,75,0,0
29,R,1400,76,0,0
29,R,1400,77,0,0
29,R,1400,78,0,0
29,R,1400,79,0,0
29,R,1400,80,0,0
29,R,1400,81,0,0
29,R,1400,82,0,0
29,R,1400,83,0,0
29,R,1400,84,0,0
29,R,1400,85,0,0
29,R,1400,86,0,0
29,R,1400,87,0,0
29,R,1400,88,0,0
29,R,1400,89,0,0
29,R,1400,90,0,0
29,R,1400,91,0,0
29,R,1400,92,0,0
29,R,1400,93,0,0
29,R,1400,94,0,0
29,R,1400,95,0,0
29,R,1400,96,0,0
29,R,1400,97,0,0
29,R,1400,98,0,0
29,R,1400,99,0,0
29,R,1400,100,0,0
29,R,1400,101,0,0
29,R,1400,102,0,0
29,R,1400,103,0,0
29,R,1400,104,0,0
29,R,1400,105,0,0
29,R,1400,106,0,0
29,R,1400,107,0,0
29,R,1400,108,0,0
29,R,1400,109,0,0
29,R,1400,110,0,0
29,R,1400,111,0,0
29,R,1400,112,0,0
29,R,1400,113,0,0
29,R,1400,114,0,0
29,R,1400,115,0,0
29,R,1400,116,0,0
29,R,1400,117,0,0
29,R,1400,118,0,0
29,R,1400,119,0,0
29,R,1400,120,0,0
29,R,1400,121,0,0
29,R,1400,122,0,0
29,R,1400,123,0,0
29,R,1400,124,0,0
29,R,1400,125,0,0
29,R,1400,126,0,0
29,R,1400,127,0,0
29,R,1400,128,0,0
29,R,1400,129,0,0
29,R,1400,130,0,0
29,R,1400,131,0,0
29,R,1400,132,0,0
29,R,1400,133,0,0
29,R,1400,134,0,0
29,R,1400,135,0,0
29,R,1400,136,0,0
29,R,1400,137,0,0
29,R,1400,138,0,0
29,R,1400,139,0,0
29,R,1400,140,0,0
29,R,1400,141,0,0
29,R,1400,142,0,0
29,R,1400,143,0,0
29,R,1400,144,0,0
29,R,1400,145,0,0
29,R,1400,146,0,0
29,R,1400,147,0,0
29,R,1400,148,0,0
29,R,1400,149,0,0
29,R,1400,150,0,0
29,R,1400,151,0,0
29,R,1400,152,0,0
29,R,1400,153,0,0
29,R,1400,154,0,0
29,R,1400,155,0,0
29,R,1400,156,0,0
29,R,1400,157,0,0
29,R,1400,158,0,0
29,R,1400,159,0,0
29,R,1400,160,0,0
29,R,1400,161,0,0
29,R,1400,162,0,0
29,R,1400,163,0,0
29,R,1400,164,0,0
29,R,1400,165,0,0
29,R,1400,166,0,0
29,R,1400,167,0,0
29,R,1400,168,0,0
29,R,1400,169,0,0
29,R,1400,170,0,0
29,R,1400,171,0,0
29,R,1400,172,0,0
29,R,1400,173,0,0
29,R,1400,174,0,0
29,R,1400,175,0,0
29,R,1400,176,0,0
29,R,1400,177,0,0
29,R,1400,178,0,0
29,R,1400,179,0,0
29,R,1400,180,0,0
29,R,1400,181,0,0
29,R,1400,182,0,0
29,R,1400,183,0,0
29,R,1400,184,0,0
29,R,1400,185,0,0
29,R,1400,186,0,0
29,R,1400,187,0,0
29,R,1400,188,0,0
29,R,1400,189,0,0
29,R,1400,190,0,0
29,R,1400,191,0,0
29,R,1400,192,0,0
29,R,1400,193,0,0
29,R,1400,194,0,0
29,R,1400,195,0,0
29,R,1400,196,0,0
29,R,1400,197,0,0
29,R,1400,198,0,0
29,R,1400,199,0,0
29,R,1400,200,0,0
29,R,1400,201,0,0
29,R,1400,202,0,0
29,R,1400,203,0,0
29,R,1400,204,0,0
29,R,1400,205,0,0
29,R,1400,206,0,0
29,R,1400,207,0,0
29,R,1400,208,0,0
29,R,1400,209,0,0
29,R,1400,210,0,0
29,R,1400,211,0,0
29,R,1400,212,0,0
29,R,1400,213,0,0
29,R,1400,214,0,0
29,R,1400,215,0,0
29,R,1400,216,0,0
29,R,1400,217,0,0
29,R,1400,218,0,0
29,R,1400,219,0,0
29,R,1400,220,0,0
29,R,1400,221,0,0
29,R,1400,222,0,0
29,R,1400,223,0,0
29,R,1400,224,0,0
29,R,1400,225,0,0
29,R,1400,226,0,0
29,R,1400,227,0,0
29,R,1400,228,0,0
29,R,1400,229,0,0
29,R,1400,230,0,0
29,R,1400,231,0,0
29,R,1400,232,0,0
29,R,1400,233,0,0
29,R,1400,234,0,0
29,R,1400,235,0,0
29,R,1400,236,0,0
29,R,1400,237,0,0
29,R,1400,238,0,0
29,R,1400,239,0,0
29,R,1400,240,0,0
29,R,1400,241,0,0
29,R,1400,242,0,0
29,R,1400,243,0,0
29,R,1400,244,0,0
29,R,1400,245,0,0
29,R,1400,246,0,0
29,R,1400,247,0,0
29,R,1400,248,0,0
29,R,1400,249,0,0
29,R,1400,250,0,0
29,R,1400,251,0,0
29,R,1400,252,0,0
29,R,1400,253,0,0
29,R,1400,254,0,0
29,R,1400,255,0,0
29,R,1400,256,0,0
29,R,1400,257,0,0
29,R,1400,258,0,0
29,R,1400,259,0,0
29,R,1400,260,0,0
29,R,1400,261,0,0
29,R,1400,262,0,0
29,R,1400,263,0,0
29,R,1400,264,0,0
29,R,1400,265,0,0
29,R,1400,266,0,0
29,R,1400,267,0,0
29,R,1400,268,0,0
29,R,1400,269,0,0
29,R,1400,270,0,0
29,R,1400,271,0,0
29,R,1400,272,0,0
29,R,1400,273,0,0
29,R,1400,274,0,0
29,R,1400,275,0,0
29,R,1400,276,0,0
29,R,1400,277,0,0
29,R,1400,278,0,0
29,R,1400,279,0,0
29,R,1400,280,0,0
29,R,1400,281,0,0
29,R,1400,282,0,0
29,R,1400,283,0,0
29,R,1400,284,0,0
29,R,1400,285,0,0
29,R,1400,286,0,0
29,R,1400,287,0,0
29,R,1400,288,0,0
29,R,1400,289,0,0
29,R,1400,290,0,0
29,R,1400,291,0,0
29,R,1400,292,0,0
29,R,1400,293,0,0
29,R,1400,294,0,0
29,R,1400,295,0,0
29,R,1400,296,0,0
29,R,1400,297,0,0
29,R,1400,298,0,0
29,R,1400,299,0,0
30,R,1450,0,0,0
30,R,1450,1,0,0
30,R,1450,2,0,0
30,R,1450,3,0,0
30,R,1450,4,0,0
30,R,1450,5,0,0
30,R,1450,6,0,0
30,R,1450,7,0,0
30,R,1450,8,0,0
30,R,1450,9,0,0
30,R,1450,10,0,1
30,R,1450,11,0,0
30,R,1450,12,0,0
30,R,1450,13,0,0
30,R,1450,14,0,0
30,R,1450,15,0,0
30,R,1450,16,0,1
30,R,1450,17,0,0
30,R,1450,18,0,0
30,R,1450,19,0,0
30,R,1450,20,0,0
30,R,1450,21,0,0
30,R,1450,22,0,0
30,R,1450,23,0,0
30,R,1450,24,0,0
30,R,1450,25,0,0
30,R,1450,26,0,0
30,R,1450,27,0,0
30,R,1450,28,0,0
30,R,1450,29,0,0
30,R,1450,30,0,0
30,R,1450,31,0,0
30,R,1450,32,0,0
30,R,1450,33,0,0
30,R,1450,34,0,0
30,R,1450,35,0,0
30,R,1450,36,0,0
30,R,1450,37,0,0
30,R,1450,38,0,0
30,R,1450,39,0,0
30,R,1450,40,0,0
30,R,1450,41,0,0
30,R,1450,42,0,0
30,R,1450,43,0,0
30,R,1450,44,0,0
30,R,1450,45,0,0
30,R,1450,46,0,0
30,R,1450,47,0,0
30,R,1450,48,0,0
30,R,1450,49,0,0
30,R,1450,50,0,0
30,R,1450,51,0,0
30,R,1450,52,0,0
30,R,1450,53,0,0
30,R,1450,54,0,0
30,R,1450,55,0,0
30,R,1450,56,0,0
30,R,1450,57,0,0
30,R,1450,58,0,0
30,R,1450,59,0,0
30,R,1450,60,0,0
30,R,1450,61,0,0
30,R,1450,62,0,0
30,R,1450,63,0,0
30,R,1450,64,0,0
30,R,1450,65,0,0
30,R,1450,66,0,0
30,R,1450,67,0,0
30,R,1450,68,0,0
30,R,1450,69,0,0
30,R,1450,70,0,0
30,R,1450,71,0,0
30,R,1450,72,0,0
30,R,1450,73,0,0
30,R,1450,74,0,0
30,R,1450,75,0,0
30,R,1450,76,0,0
30,R,1450,77,0,0
30,R,1450,78,0,0
30,R,1450,79,0,0
30,R,1450,80,0,0
30,R,1450,81,0,0
30,R,1450,82,0,0
30,R,1450,83,0,0
30,R,1450,84,0,0
30,R,1450,85,0,0
30,R,1450,86,0,0
30,R,1450,87,0,0
30,R,1450,88,0,0
30,R,1450,89,0,0
30,R,1450,90,0,0
30,R,1450,91,0,0
30,R,1450,92,0,0
30,R,1450,93,0,0
30,R,1450,94,0,0
30,R,1450,95,0,0
30,R,1450,96,0,0
30,R,1450,97,0,0
30,R,1450,98,0,0
30,R,1450,99,0,0
30,R,1450,100,0,0
30,R,1450,101,0,0
30,R,1450,102,0,0
30,R,1450,103,0,0
30,R,1450,104,0,0
30,R,1450,105,0,0
30,R,1450,106,0,0
30,R,1450,107,0,0
30,R,1450,108,0,0
30,R,1450,109,0,0
30,R,1450,110,0,0
30,R,1450,111,0,0
30,R,1450,112,0,0
30,R,1450,113,0,0
30,R,1450,114,0,0
30,R,1450,115,0,0
30,R,1450,116,0,0
30,R,1450,117,0,0
30,R,1450,118,0,0
30,R,1450,119,0,0
30,R,1450,120,0,0
30,R,1450,121,0,0
30,R,1450,122,0,0
30,R,1450,123,0,0
30,R,1450,124,0,0
30,R,1450,125,0,0
30,R,1450,126,0,0
30,R,1450,127,0,0
30,R,1450,128,0,0
30,R,1450,129,0,0
30,R,1450,130,0,0
30,R,1450,131,0,0
30,R,1450,132,0,0
30,R,1450,133,0,0
30,R,1450,134,0,0
30,R,1450,135,0,0
30,R,1450,136,0,0
30,R,1450,137,0,0
30,R,1450,138,0,0
30,R,1450,139,0,0
30,R,1450,140,0,0
30,R,1450,141,0,0
30,R,1450,142,0,0
30,R,1450,143,0,0
30,R,1450,144,0,0
30,R,1450,145,0,0
30,R,1450,146,0,0
30,R,1450,147,0,0
30,R,1450,148,0,0
30,R,1450,149,0,0
30,R,1450,150,0,0
30,R,1450,151,0,0
30,R,1450,152,0,0
30,R,1450,153,0,0
30,R,1450,154,0,0
30,R,1450,155,0,0
30,R,1450,156,0,0
30,R,1450,157,0,0
30,R,1450,158,0,0
30,R,1450,159,0,0
30,R,1450,160,0,0
30,R,1450,161,0,0
30,R,1450,162,0,0
30,R,1450,163,0,0
30,R,1450,164,0,0
30,R,1450,165,0,0
30,R,1450,166,0,0
30,R,1450,167,0,0
30,R,1450,168,0,0
30,R,1450,169,0,0
30,R,1450,170,0,0
30,R,1450,171,0,0
30,R,1450,172,0,0
30,R,1450,173,0,0
30,R,1450,174,0,0
30,R,1450,175,0,0
30,R,1450,176,0,0
30,R,1450,177,0,0
30,R,1450,178,0,0
30,R,1450,179,0,0
30,R,1450,180,0,0
30,R,1450,181,0,0
30,R,1450,182,0,0
30,R,1450,183,0,0
30,R,1450,184,0,0
30,R,1450,185,0,0
30,R,1450,186,0,0
30,R,1450,187,0,0
30,R,1450,188,0,0
30,R,1450,189,0,0
30,R,1450,190,0,0
30,R,1450,191,0,0
30,R,1450,192,0,0
30,R,1450,193,0,0
30,R,1450,194,0,0
30,R,1450,195,0,0
30,R,1450,196,0,0
30,R,1450,197,0,0
30,R,1450,198,0,0
30,R,1450,199,0,0
30,R,1450,200,0,0
30,R,1450,201,0,0
30,R,1450,202,0,0
30,R,1450,203,0,0
30,R,1450,204,0,0
30,R,1450,205,0,0
30,R,1450,206,0,0
30,R,1450,207,0,0
30,R,1450,208,0,0
30,R,1450,209,0,0
30,R,1450,210,0,0
30,R,1450,211,0,0
30,R,1450,212,0,0
30,R,1450,213,0,0
30,R,1450,214,0,0
30,R,1450,215,0,0
30,R,1450,216,0,0
30,R,1450,217,0,0
30,R,1450,218,0,0
30,R,1450,219,0,0
30,R,1450,220,0,0
30,R,1450,221,0,0
30,R,1450,222,0,0
30,R,1450,223,0,0
30,R,1450,224,0,0
30,R,1450,225,0,0
30,R,1450,226,0,0
30,R,1450,227,0,0
30,R,1450,228,0,0
30,R,1450,229,0,0
30,R,1450,230,0,0
30,R,1450,231,0,0
30,R,1450,232,0,0
30,R,1450,233,0,0
30,R,1450,234,0,0
30,R,1450,235,0,0
30,R,1450,236,0,0
30,R,1450,237,0,0
30,R,1450,238,0,0
30,R,1450,239,0,0
30,R,1450,240,0,0
30,R,1450,241,0,0
30,R,1450,242,0,0
30,R,1450,243,0,0
30,R,1450,244,0,0
30,R,1450,245,0,0
30,R,1450,246,0,0
30,R,1450,247,0,0
30,R,1450,248,0,0
30,R,1450,249,0,0
30,R,1450,250,0,0
30,R,1450,251,0,0
30,R,1450,252,0,0
30,R,1450,253,0,0
30,R,1450,254,0,0
30,R,1450,255,0,0
30,R,1450,256,0,0
30,R,1450,257,0,-1
30,R,1450,258,0,0
30,R,1450,259,0,0
30,R,1450,260,0,0
30,R,1450,261,0,0
30,R,1450,262,0,0
30,R,1450,263,0,0
30,R,1450,264,0,0
30,R,1450,265,0,0
30,R,1450,266,0,0
30,R,1450,267,0,0
30,R,1450,268,0,0
30,R,1450,269,0,0
30,R,1450,270,0,0
30,R,1450,271,0,0
30,R,1450,272,0,0
30,R,1450,273,0,0
30,R,1450,274,0,0
30,R,1450,275,0,0
30,R,1450,276,0,0
30,R,1450,277,0,0
30,R,1450,278,0,0
30,R,1450,279,0,0
30,R,1450,280,0,0
30,R,1450,281,0,0
30,R,1450,282,0,0
30,R,1450,283,0,0
30,R,1450,284,0,0
30,R,1450,285,0,0
30,R,1450,286,0,0
30,R,1450,287,0,0
30,R,1450,288,0,0
30,R,1450,289,0,0
30,R,1450,290,0,0
30,R,1450,291,0,0
30,R,1450,292,0,0
30,R,1450,293,0,0
30,R,1450,294,0,0
30,R,1450,295,0,0
30,R,1450,296,0,0
30,R,1450,297,0,0
30,R,1450,298,0,0
30,R,1450,299,0,0
31,R,1500,0,0,0
31,R,1500,1,0,0
31,R,1500,2,0,0
31,R,1500,3,0,1
31,R,1500,4,0,0
31,R,1500,5,0,0
31,R,1500,6,0,0
31,R,1500,7,0,0
31,R,1500,8,0,0
31,R,1500,9,0,1
31,R,1500,10,0,0
31,R,1500,11,0,0
31,R,1500,12,0,0
31,R,1500,13,0,0
31,R,1500,14,0,0
31,R,1500,15,0,1
31,R,1500,16,0,0
31,R,1500,17,0,0
31,R,1500,18,0,1
31,R,1500,19,0,1
31,R,1500,20,0,1
31,R,1500,21,0,0
31,R,1500,22,0,1
31,R,1500,23,0,0
31,R,1500,24,0,1
31,R,1500,25,0,1
31,R,1500,26,0,1
31,R,1500,27,0,0
31,R,1500,28,0,1
31,R,1500,29,0,2
31,R,1500,30,0,1
31,R,1500,31,0,0
31,R,1500,32,0,1
31,R,1500,33,0,2
31,R,1500,34,0,1
31,R,1500,35,0,1
31,R,1500,36,0,1
31,R,1500,37,0,2
31,R,1500,38,0,1
31,R,1500,39,0,1
31,R,1500,40,0,2
31,R,1500,41,0,0
31,R,1500,42,0,2
31,R,1500,43,0,2
31,R,1500,44,0,1
31,R,1500,45,0,1
31,R,1500,46,0,2
31,R,1500,47,0,1
31,R,1500,48,0,2
31,R,1500,49,0,1
31,R,1500,50,0,1
31,R,1500,51,0,2
31,R,1500,52,0,2
31,R,1500,53,0,1
31,R,1500,54,0,2
31,R,1500,55,0,1
31,R,1500,56,0,3
31,R,1500,57,0,1
31,R,1500,58,0,2
31,R,1500,59,0,1
31,R,1500,60,0,2
31,R,1500,61,0,2
31,R,1500,62,0,2
31,R,1500,63,0,2
31,R,1500,64,0,1
31,R,1500,65,0,3
31,R,1500,66,0,1
31,R,1500,67,0,2
31,R,1500,68,0,2
31,R,1500,69,0,2
31,R,1500,70,0,2
31,R,1500,71,0,2
31,R,1500,72,0,2
31,R,1500,73,0,2
31,R,1500,74,0,2
31,R,1500,75,0,2
31,R,1500,76,0,2
31,R,1500,77,0,2
31,R,1500,78,0,2
31,R,1500,79,0,2
31,R,1500,80,0,2
31,R,1500,81,0,2
31,R,1500,82,0,2
31,R,1500,83,0,3
31,R,1500,84,0,1
31,R,1500,85,0,3
31,R,1500,86,0,2
31,R,1500,87,0,2
31,R,1500,88,0,2
31,R,1500,89,0,2
31,R,1500,90,0,3
31,R,1500,91,0,2
31,R,1500,92,0,2
31,R,1500,93,0,2
31,R,1500,94,0,3
31,R,1500,95,0,1
31,R,1500,96,0,3
31,R,1500,97,0,2
31,R,1500,98,0,2
31,R,1500,99,0,3
31,R,1500,100,0,2
31,R,1500,101,0,2
31,R,1500,102,0,2
31,R,1500,103,0,3
31,R,1500,104,0,2
31,R,1500,105,0,2
31,R,1500,106,0,3
31,R,1500,107,0,2
31,R,1500,108,0,3
31,R,1500,109,0,2
31,R,1500,110,0,2
31,R,1500,111,0,3
31,R,1500,112,0,2
31,R,1500,113,0,3
31,R,1500,114,0,2
31,R,1500,115,0,2
31,R,1500,116,0,3
31,R,1500,117,0,2
31,R,1500,118,0,3
31,R,1500,119,0,2
31,R,1500,120,0,2
31,R,1500,121,0,3
31,R,1500,122,0,2
31,R,1500,123,0,3
31,R,1500,124,0,3
31,R,1500,125,0,2
31,R,1500,126,0,3
31,R,1500,127,0,2
31,R,1500,128,0,3
31,R,1500,129,0,2
31,R,1500,130,0,2
31,R,1500,131,0,3
31,R,1500,132,0,3
31,R,1500,133,0,2
31,R,1500,134,0,3
31,R,1500,135,0,2
31,R,1500,136,0,3
31,R,1500,137,0,3
31,R,1500,138,0,2
31,R,1500,139,0,2
31,R,1500,140,0,4
31,R,1500,141,0,2
31,R,1500,142,0,2
31,R,1500,143,0,3
31,R,1500,144,0,2
31,R,1500,145,0,3
31,R,1500,146,0,3
31,R,1500,147,0,2
31,R,1500,148,0,3
31,R,1500,149,0,3
31,R,1500,150,0,2
31,R,1500,151,0,3
31,R,1500,152,0,3
31,R,1500,153,0,2
31,R,1500,154,0,3
31,R,1500,155,0,3
31,R,1500,156,0,2
31,R,1500,157,0,3
31,R,1500,158,0,3
31,R,1500,159,0,2
31,R,1500,160,0,3
31,R,1500,161,0,3
31,R,1500,162,0,2
31,R,1500,163,0,3
31,R,1500,164,0,3
31,R,1500,165,0,2
31,R,1500,166,0,3
31,R,1500,167,0,3
31,R,1500,168,0,2
31,R,1500,169,0,3
31,R,1500,170,0,3
31,R,1500,171,0,3
31,R,1500,172,0,2
31,R,1500,173,0,4
31,R,1500,174,0,2
31,R,1500,175,0,3
31,R,1500,176,0,3
31,R,1500,177,0,2
31,R,1500,178,0,3
31,R,1500,179,0,3
31,R,1500,180,0,3
31,R,1500,181,0,2
31,R,1500,182,0,3
31,R,1500,183,0,3
31,R,1500,184,0,2
31,R,1500,185,0,3
31,R,1500,186,0,3
31,R,1500,187,0,3
31,R,1500,188,0,2
31,R,1500,189,0,4
31,R,1500,190,0,2
31,R,1500,191,0,3
31,R,1500,192,0,3
31,R,1500,193,0,3
31,R,1500,194,0,2
31,R,1500,195,0,3
31,R,1500,196,0,3
31,R,1500,197,0,2
31,R,1500,198,0,3
31,R,1500,199,0,3
31,R,1500,200,0,3
31,R,1500,201,0,3
31,R,1500,202,0,3
31,R,1500,203,0,2
31,R,1500,204,0,3
31,R,1500,205,0,3
31,R,1500,206,0,2
31,R,1500,207,0,2
31,R,1500,208,0,3
31,R,1500,209,0,2
31,R,1500,210,0,3
31,R,1500,211,0,1
31,R,1500,212,0,3
31,R,1500,213,0,1
31,R,1500,214,0,3
31,R,1500,215,0,1
31,R,1500,216,0,3
31,R,1500,217,0,1
31,R,1500,218,0,3
31,R,1500,219,0,1
31,R,1500,220,0,2
31,R,1500,221,0,1
31,R,1500,222,0,2
31,R,1500,223,0,2
31,R,1500,224,0,1
31,R,1500,225,0,2
31,R,1500,226,0,1
31,R,1500,227,0,1
31,R,1500,228,0,2
31,R,1500,229,0,1
31,R,1500,230,0,1
31,R,1500,231,0,1
31,R,1500,232,0,2
31,R,1500,233,0,0
31,R,1500,234,0,1
31,R,1500,235,0,2
31,R,1500,236,0,0
31,R,1500,237,0,1
31,R,1500,238,0,1
31,R,1500,239,0,0
31,R,1500,240,0,1
31,R,1500,241,0,1
31,R,1500,242,0,1
31,R,1500,243,0,0
31,R,1500,244,0,0
31,R,1500,245,0,1
31,R,1500,246,0,0
31,R,1500,247,0,0
31,R,1500,248,0,0
31,R,1500,249,0,0
31,R,1500,250,0,0
31,R,1500,251,0,0
31,R,1500,252,0,0
31,R,1500,253,0,0
31,R,1500,254,0,0
31,R,1500,255,0,0
31,R,1500,256,0,0
31,R,1500,257,0,0
31,R,1500,258,0,0
31,R,1500,259,0,0
31,R,1500,260,0,0
31,R,1500,261,0,0
31,R,1500,262,0,0
31,R,1500,263,0,0
31,R,1500,264,0,0
31,R,1500,265,0,0
31,R,1500,266,0,0
31,R,1500,267,0,0
31,R,1500,268,0,0
31,R,1500,269,0,0
31,R,1500,270,0,0
31,R,1500,271,0,0
31,R,1500,272,0,0
31,R,1500,273,0,0
31,R,1500,274,0,0
31,R,1500,275,0,0
31,R,1500,276,0,0
31,R,1500,277,0,0
31,R,1500,278,0,0
31,R,1500,279,0,0
31,R,1500,280,0,0
31,R,1500,281,0,0
31,R,1500,282,0,0
31,R,1500,283,0,0
31,R,1500,284,0,0
31,R,1500,285,0,0
31,R,1500,286,0,0
31,R,1500,287,0,0
31,R,1500,288,0,0
31,R,1500,289,0,0
31,R,1500,290,0,0
31,R,1500,291,0,0
31,R,1500,292,0,0
31,R,1500,293,0,0
31,R,1500,294,0,0
31,R,1500,295,0,0
31,R,1500,296,0,0
31,R,1500,297,0,0
31,R,1500,298,0,0
31,R,1500,299,0,0
32,R,1550,0,0,0
32,R,1550,1,0,0
32,R,1550,2,0,0
32,R,1550,3,0,0
32,R,1550,4,0,1
32,R,1550,5,0,0
32,R,1550,6,0,1
32,R,1550,7,0,0
32,R,1550,8,0,1
32,R,1550,9,0,1
32,R,1550,10,0,0
32,R,1550,11,0,2
32,R,1550,12,0,1
32,R,1550,13,0,1
32,R,1550,14,0,1
32,R,1550,15,0,2
32,R,1550,16,0,1
32,R,1550,17,0,1
32,R,1550,18,0,2
32,R,1550,19,0,1
32,R,1550,20,0,2
32,R,1550,21,0,1
32,R,1550,22,0,2
32,R,1550,23,0,2
32,R,1550,24,0,1
32,R,1550,25,0,3
32,R,1550,26,0,1
32,R,1550,27,0,3
32,R,1550,28,0,1
32,R,1550,29,0,3
32,R,1550,30,0,1
32,R,1550,31,0,3
32,R,1550,32,0,1
32,R,1550,33,0,3
32,R,1550,34,0,2
32,R,1550,35,0,2
32,R,1550,36,0,3
32,R,1550,37,0,2
32,R,1550,38,0,3
32,R,1550,39,0,2
32,R,1550,40,0,2
32,R,1550,41,0,3
32,R,1550,42,0,2
32,R,1550,43,0,3
32,R,1550,44,0,3
32,R,1550,45,0,2
32,R,1550,46,0,3
32,R,1550,47,0,3
32,R,1550,48,0,2
32,R,1550,49,0,3
32,R,1550,50,0,3
32,R,1550,51,0,3
32,R,1550,52,0,3
32,R,1550,53,0,3
32,R,1550,54,0,3
32,R,1550,55,0,2
32,R,1550,56,0,3
32,R,1550,57,0,4
32,R,1550,58,0,2
32,R,1550,59,0,3
32,R,1550,60,0,3
32,R,1550,61,0,4
32,R,1550,62,0,3
32,R,1550,63,0,2
32,R,1550,64,0,4
32,R,1550,65,0,3
32,R,1550,66,0,3
32,R,1550,67,0,3
32,R,1550,68,0,3
32,R,1550,69,0,4
32,R,1550,70,0,3
32,R,1550,71,0,3
32,R,1550,72,0,4
32,R,1550,73,0,3
32,R,1550,74,0,3
32,R,1550,75,0,3
32,R,1550,76,0,4
32,R,1550,77,0,3
32,R,1550,78,0,4
32,R,1550,79,0,3
32,R,1550,80,0,3
32,R,1550,81,0,4
32,R,1550,82,0,3
32,R,1550,83,0,4
32,R,1550,84,0,3
32,R,1550,85,0,4
32,R,1550,86,0,3
32,R,1550,87,0,3
32,R,1550,88,0,4
32,R,1550,89,0,3
32,R,1550,90,0,4
32,R,1550,91,0,4
32,R,1550,92,0,3
32,R,1550,93,0,4
32,R,1550,94,0,3
32,R,1550,95,0,4
32,R,1550,96,0,3
32,R,1550,97,0,4
32,R,1550,98,0,3
32,R,1550,99,0,4
32,R,1550,100,0,4
32,R,1550,101,0,4
32,R,1550,102,0,4
32,R,1550,103,0,3
32,R,1550,104,0,4
32,R,1550,105,0,3
32,R,1550,106,0,4
32,R,1550,107,0,3
32,R,1550,108,0,4
32,R,1550,109,0,4
32,R,1550,110,0,4
32,R,1550,111,0,3
32,R,1550,112,0,4
32,R,1550,113,0,4
32,R,1550,114,0,4
32,R,1550,115,0,4
32,R,1550,116,0,4
32,R,1550,117,0,3
32,R,1550,118,0,4
32,R,1550,119,0,4
32,R,1550,120,0,4
32,R,1550,121,0,3
32,R,1550,122,0,4
32,R,1550,123,0,4
32,R,1550,124,0,4
32,R,1550,125,0,4
32,R,1550,126,0,3
32,R,1550,127,0,4
32,R,1550,128,0,4
32,R,1550,129,0,4
32,R,1550,130,0,4
32,R,1550,131,0,4
32,R,1550,132,0,4
32,R,1550,133,0,4
32,R,1550,134,0,3
32,R,1550,135,0,4
32,R,1550,136,0,4
32,R,1550,137,0,4
32,R,1550,138,0,4
32,R,1550,139,0,4
32,R,1550,140,0,4
32,R,1550,141,0,4
32,R,1550,142,0,4
32,R,1550,143,0,4
32,R,1550,144,0,4
32,R,1550,145,0,4
32,R,1550,146,0,4
32,R,1550,147,0,4
32,R,1550,148,0,4
32,R,1550,149,0,4
32,R,1550,150,0,4
32,R,1550,151,0,4
32,R,1550,152,0,4
32,R,1550,153,0,4
32,R,1550,154,0,4
32,R,1550,155,0,4
32,R,1550,156,0,4
32,R,1550,157,0,4
32,R,1550,158,0,4
32,R,1550,159,0,4
32,R,1550,160,0,4
32,R,1550,161,0,3
32,R,1550,162,0,4
32,R,1550,163,0,4
32,R,1550,164,0,4
32,R,1550,165,0,5
32,R,1550,166,0,4
32,R,1550,167,0,4
32,R,1550,168,0,4
32,R,1550,169,0,4
32,R,1550,170,0,4
32,R,1550,171,0,4
32,R,1550,172,0,4
32,R,1550,173,0,4
32,R,1550,174,0,4
32,R,1550,175,0,4
32,R,1550,176,0,4
32,R,1550,177,0,4
32,R,1550,178,0,4
32,R,1550,179,0,4
32,R,1550,180,0,4
32,R,1550,181,0,4
32,R,1550,182,0,4
32,R,1550,183,0,4
32,R,1550,184,0,4
32,R,1550,185,0,4
32,R,1550,186,0,4
32,R,1550,187,0,4
32,R,1550,188,0,4
32,R,1550,189,0,4
32,R,1550,190,0,4
32,R,1550,191,0,5
32,R,1550,192,0,4
32,R,1550,193,0,4
32,R,1550,194,0,4
32,R,1550,195,0,4
32,R,1550,196,0,4
32,R,1550,197,0,4
32,R,1550,198,0,4
32,R,1550,199,0,4
32,R,1550,200,0,4
32,R,1550,201,0,4
32,R,1550,202,0,4
32,R,1550,203,0,4
32,R,1550,204,0,4
32,R,1550,205,0,4
32,R,1550,206,0,4
32,R,1550,207,0,4
32,R,1550,208,0,3
32,R,1550,209,0,4
32,R,1550,210,0,4
32,R,1550,211,0,3
32,R,1550,212,0,4
32,R,1550,213,0,3
32,R,1550,214,0,3
32,R,1550,215,0,3
32,R,1550,216,0,4
32,R,1550,217,0,3
32,R,1550,218,0,2
32,R,1550,219,0,4
32,R,1550,220,0,3
32,R,1550,221,0,3
32,R,1550,222,0,2
32,R,1550,223,0,3
32,R,1550,224,0,3
32,R,1550,225,0,2
32,R,1550,226,0,3
32,R,1550,227,0,3
32,R,1550,228,0,2
32,R,1550,229,0,3
32,R,1550,230,0,2
32,R,1550,231,0,2
32,R,1550,232,0,3
32,R,1550,233,0,1
32,R,1550,234,0,3
32,R,1550,235,0,2
32,R,1550,236,0,2
32,R,1550,237,0,2
32,R,1550,238,0,2
32,R,1550,239,0,2
32,R,1550,240,0,2
32,R,1550,241,0,1
32,R,1550,242,0,2
32,R,1550,243,0,2
32,R,1550,244,0,1
32,R,1550,245,0,2
32,R,1550,246,0,1
32,R,1550,247,0,1
32,R,1550,248,0,2
32,R,1550,249,0,1
32,R,1550,250,0,1
32,R,1550,251,0,2
32,R,1550,252,0,1
32,R,1550,253,0,1
32,R,1550,254,0,2
32,R,1550,255,0,1
32,R,1550,256,0,0
32,R,1550,257,0,1
32,R,1550,258,0,2
32,R,1550,259,0,0
32,R,1550,260,0,1
32,R,1550,261,0,1
32,R,1550,262,0,0
32,R,1550,263,0,1
32,R,1550,264,0,1
32,R,1550,265,0,0
32,R,1550,266,0,1
32,R,1550,267,0,0
32,R,1550,268,0,0
32,R,1550,269,0,1
32,R,1550,270,0,0
32,R,1550,271,0,0
32,R,1550,272,0,0
32,R,1550,273,0,0
32,R,1550,274,0,0
32,R,1550,275,0,0
32,R,1550,276,0,0
32,R,1550,277,0,0
32,R,1550,278,0,0
32,R,1550,279,0,0
32,R,1550,280,0,0
32,R,1550,281,0,0
32,R,1550,282,0,-1
32,R,1550,283,0,0
32,R,1550,284,0,0
32,R,1550,285,0,0
32,R,1550,286,0,0
32,R,1550,287,0,0
32,R,1550,288,0,0
32,R,1550,289,0,0
32,R,1550,290,0,0
32,R,1550,291,0,0
32,R,1550,292,0,0
32,R,1550,293,0,0
32,R,1550,294,0,0
32,R,1550,295,0,0
32,R,1550,296,0,0
32,R,1550,297,0,0
32,R,1550,298,0,0
32,R,1550,299,0,0
33,R,1600,0,0,0
33,R,1600,1,0,0
33,R,1600,2,0,1
33,R,1600,3,0,0
33,R,1600,4,0,0
33,R,1600,5,0,1
33,R,1600,6,0,1
33,R,1600,7,0,1
33,R,1600,8,0,0
33,R,1600,9,0,2
33,R,1600,10,0,1
33,R,1600,11,0,1
33,R,1600,12,0,2
33,R,1600,13,0,2
33,R,1600,14,0,1
33,R,1600,15,0,2
33,R,1600,16,0,2
33,R,1600,17,0,2
33,R,1600,18,0,2
33,R,1600,19,0,3
33,R,1600,20,0,1
33,R,1600,21,0,3
33,R,1600,22,0,3
33,R,1600,23,0,2
33,R,1600,24,0,3
33,R,1600,25,0,2
33,R,1600,26,0,3
33,R,1600,27,0,3
33,R,1600,28,0,3
33,R,1600,29,0,2
33,R,1600,30,0,3
33,R,1600,31,0,4
33,R,1600,32,0,3
33,R,1600,33,0,2
33,R,1600,34,0,4
33,R,1600,35,0,3
33,R,1600,36,0,4
33,R,1600,37,0,3
33,R,1600,38,0,3
33,R,1600,39,0,3
33,R,1600,40,0,4
33,R,1600,41,0,3
33,R,1600,42,0,4
33,R,1600,43,0,4
33,R,1600,44,0,3
33,R,1600,45,0,4
33,R,1600,46,0,4
33,R,1600,47,0,3
33,R,1600,48,0,4
33,R,1600,49,0,4
33,R,1600,50,0,4
33,R,1600,51,0,4
33,R,1600,52,0,3
33,R,1600,53,0,4
33,R,1600,54,0,4
33,R,1600,55,0,4
33,R,1600,56,0,4
33,R,1600,57,0,4
33,R,1600,58,0,4
33,R,1600,59,0,5
33,R,1600,60,0,4
33,R,1600,61,0,4
33,R,1600,62,0,5
33,R,1600,63,0,4
33,R,1600,64,0,4
33,R,1600,65,0,4
33,R,1600,66,0,5
33,R,1600,67,0,4
33,R,1600,68,0,4
33,R,1600,69,0,4
33,R,1600,70,0,5
33,R,1600,71,0,4
33,R,1600,72,0,4
33,R,1600,73,0,5
33,R,1600,74,0,4
33,R,1600,75,0,5
33,R,1600,76,0,4
33,R,1600,77,0,5
33,R,1600,78,0,4
33,R,1600,79,0,5
33,R,1600,80,0,4
33,R,1600,81,0,5
33,R,1600,82,0,5
33,R,1600,83,0,4
33,R,1600,84,0,5
33,R,1600,85,0,4
33,R,1600,86,0,5
33,R,1600,87,0,4
33,R,1600,88,0,5
33,R,1600,89,0,5
33,R,1600,90,0,5
33,R,1600,91,0,4
33,R,1600,92,0,5
33,R,1600,93,0,4
33,R,1600,94,0,5
33,R,1600,95,0,5
33,R,1600,96,0,5
33,R,1600,97,0,4
33,R,1600,98,0,5
33,R,1600,99,0,5
33,R,1600,100,0,5
33,R,1600,101,0,5
33,R,1600,102,0,4
33,R,1600,103,0,5
33,R,1600,104,0,5
33,R,1600,105,0,5
33,R,1600,106,0,5
33,R,1600,107,0,4
33,R,1600,108,0,5
33,R,1600,109,0,6
33,R,1600,110,0,5
33,R,1600,111,0,4
33,R,1600,112,0,5
33,R,1600,113,0,5
33,R,1600,114,0,5
33,R,1600,115,0,5
33,R,1600,116,0,5
33,R,1600,117,0,4
33,R,1600,118,0,6
33,R,1600,119,0,5
33,R,1600,120,0,5
33,R,1600,121,0,4
33,R,1600,122,0,6
33,R,1600,123,0,5
33,R,1600,124,0,4
33,R,1600,125,0,5
33,R,1600,126,0,6
33,R,1600,127,0,5
33,R,1600,128,0,4
33,R,1600,129,0,5
33,R,1600,130,0,6
33,R,1600,131,0,5
33,R,1600,132,0,4
33,R,1600,133,0,5
33,R,1600,134,0,6
33,R,1600,135,0,5
33,R,1600,136,0,5
33,R,1600,137,0,5
33,R,1600,138,0,5
33,R,1600,139,0,5
33,R,1600,140,0,5
33,R,1600,141,0,5
33,R,1600,142,0,5
33,R,1600,143,0,5
33,R,1600,144,0,5
33,R,1600,145,0,6
33,R,1600,146,0,5
33,R,1600,147,0,4
33,R,1600,148,0,5
33,R,1600,149,0,6
33,R,1600,150,0,5
33,R,1600,151,0,5
33,R,1600,152,0,5
33,R,1600,153,0,5
33,R,1600,154,0,5
33,R,1600,155,0,5
33,R,1600,156,0,6
33,R,1600,157,0,5
33,R,1600,158,0,4
33,R,1600,159,0,6
33,R,1600,160,0,5
33,R,1600,161,0,5
33,R,1600,162,0,5
33,R,1600,163,0,6
33,R,1600,164,0,5
33,R,1600,165,0,4
33,R,1600,166,0,6
33,R,1600,167,0,5
33,R,1600,168,0,5
33,R,1600,169,0,5
33,R,1600,170,0,6
33,R,1600,171,0,5
33,R,1600,172,0,5
33,R,1600,173,0,5
33,R,1600,174,0,5
33,R,1600,175,0,5
33,R,1600,176,0,5
33,R,1600,177,0,6
33,R,1600,178,0,5
33,R,1600,179,0,5
33,R,1600,180,0,6
33,R,1600,181,0,5
33,R,1600,182,0,5
33,R,1600,183,0,5
33,R,1600,184,0,5
33,R,1600,185,0,5
33,R,1600,186,0,5
33,R,1600,187,0,6
33,R,1600,188,0,5
33,R,1600,189,0,5
33,R,1600,190,0,6
33,R,1600,191,0,5
33,R,1600,192,0,5
33,R,1600,193,0,5
33,R,1600,194,0,6
33,R,1600,195,0,5
33,R,1600,196,0,5
33,R,1600,197,0,6
33,R,1600,198,0,4
33,R,1600,199,0,5
33,R,1600,200,0,6
33,R,1600,201,0,5
33,R,1600,202,0,5
33,R,1600,203,0,6
33,R,1600,204,0,5
33,R,1600,205,0,4
33,R,1600,206,0,5
33,R,1600,207,0,5
33,R,1600,208,0,5
33,R,1600,209,0,5
33,R,1600,210,0,4
33,R,1600,211,0,5
33,R,1600,212,0,4
33,R,1600,213,0,5
33,R,1600,214,0,4
33,R,1600,215,0,5
33,R,1600,216,0,4
33,R,1600,217,0,4
33,R,1600,218,0,4
33,R,1600,219,0,4
33,R,1600,220,0,4
33,R,1600,221,0,4
33,R,1600,222,0,4
33,R,1600,223,0,4
33,R,1600,224,0,3
33,R,1600,225,0,4
33,R,1600,226,0,3
33,R,1600,227,0,4
33,R,1600,228,0,3
33,R,1600,229,0,4
33,R,1600,230,0,3
33,R,1600,231,0,4
33,R,1600,232,0,2
33,R,1600,233,0,4
33,R,1600,234,0,3
33,R,1600,235,0,3
33,R,1600,236,0,3
33,R,1600,237,0,3
33,R,1600,238,0,3
33,R,1600,239,0,3
33,R,1600,240,0,2
33,R,1600,241,0,3
33,R,1600,242,0,3
33,R,1600,243,0,2
33,R,1600,244,0,3
33,R,1600,245,0,3
33,R,1600,246,0,2
33,R,1600,247,0,2
33,R,1600,248,0,2
33,R,1600,249,0,3
33,R,1600,250,0,2
33,R,1600,251,0,2
33,R,1600,252,0,2
33,R,1600,253,0,2
33,R,1600,254,0,2
33,R,1600,255,0,2
33,R,1600,256,0,2
33,R,1600,257,0,2
33,R,1600,258,0,2
33,R,1600,259,0,2
33,R,1600,260,0,1
33,R,1600,261,0,2
33,R,1600,262,0,1
33,R,1600,263,0,2
33,R,1600,264,0,2
33,R,1600,265,0,1
33,R,1600,266,0,1
33,R,1600,267,0,2
33,R,1600,268,0,1
33,R,1600,269,0,1
33,R,1600,270,0,1
33,R,1600,271,0,1
33,R,1600,272,0,1
33,R,1600,273,0,2
33,R,1600,274,0,1
33,R,1600,275,0,0
33,R,1600,276,0,1
33,R,1600,277,0,1
33,R,1600,278,0,1
33,R,1600,279,0,1
33,R,1600,280,0,0
33,R,1600,281,0,1
33,R,1600,282,0,0
33,R,1600,283,0,1
33,R,1600,284,0,1
33,R,1600,285,0,0
33,R,1600,286,0,0
33,R,1600,287,0,1
33,R,1600,288,0,0
33,R,1600,289,0,0
33,R,1600,290,0,0
33,R,1600,291,0,0
33,R,1600,292,0,0
33,R,1600,293,0,0
33,R,1600,294,0,0
33,R,1600,295,0,0
33,R,1600,296,0,0
33,R,1600,297,0,0
33,R,1600,298,0,0
33,R,1600,299,0,0
34,R,1700,0,0,0
34,R,1700,1,0,0
34,R,1700,2,0,0
34,R,1700,3,0,1
34,R,1700,4,0,1
34,R,1700,5,0,1
34,R,1700,6,0,2
34,R,1700,7,0,2
34,R,1700,8,0,1
34,R,1700,9,0,3
34,R,1700,10,0,2
34,R,1700,11,0,3
34,R,1700,12,0,3
34,R,1700,13,0,2
34,R,1700,14,0,4
34,R,1700,15,0,3
34,R,1700,16,0,4
34,R,1700,17,0,3
34,R,1700,18,0,4
34,R,1700,19,0,4
34,R,1700,20,0,4
34,R,1700,21,0,4
34,R,1700,22,0,4
34,R,1700,23,0,4
34,R,1700,24,0,5
34,R,1700,25,0,4
34,R,1700,26,0,5
34,R,1700,27,0,4
34,R,1700,28,0,5
34,R,1700,29,0,5
34,R,1700,30,0,5
34,R,1700,31,0,5
34,R,1700,32,0,6
34,R,1700,33,0,5
34,R,1700,34,0,5
34,R,1700,35,0,5
34,R,1700,36,0,6
34,R,1700,37,0,5
34,R,1700,38,0,6
34,R,1700,39,0,5
34,R,1700,40,0,6
34,R,1700,41,0,6
34,R,1700,42,0,5
34,R,1700,43,0,7
34,R,1700,44,0,5
34,R,1700,45,0,7
34,R,1700,46,0,5
34,R,1700,47,0,7
34,R,1700,48,0,5
34,R,1700,49,0,7
34,R,1700,50,0,5
34,R,1700,51,0,7
34,R,1700,52,0,6
34,R,1700,53,0,6
34,R,1700,54,0,7
34,R,1700,55,0,6
34,R,1700,56,0,7
34,R,1700,57,0,5
34,R,1700,58,0,7
34,R,1700,59,0,7
34,R,1700,60,0,6
34,R,1700,61,0,7
34,R,1700,62,0,6
34,R,1700,63,0,7
34,R,1700,64,0,7
34,R,1700,65,0,6
34,R,1700,66,0,7
34,R,1700,67,0,7
34,R,1700,68,0,6
34,R,1700,69,0,7
34,R,1700,70,0,7
34,R,1700,71,0,7
34,R,1700,72,0,6
34,R,1700,73,0,7
34,R,1700,74,0,7
34,R,1700,75,0,7
34,R,1700,76,0,7
34,R,1700,77,0,7
34,R,1700,78,0,7
34,R,1700,79,0,6
34,R,1700,80,0,8
34,R,1700,81,0,7
34,R,1700,82,0,7
34,R,1700,83,0,6
34,R,1700,84,0,8
34,R,1700,85,0,7
34,R,1700,86,0,7
34,R,1700,87,0,7
34,R,1700,88,0,7
34,R,1700,89,0,7
34,R,1700,90,0,7
34,R,1700,91,0,7
34,R,1700,92,0,7
34,R,1700,93,0,8
34,R,1700,94,0,7
34,R,1700,95,0,7
34,R,1700,96,0,7
34,R,1700,97,0,7
34,R,1700,98,0,8
34,R,1700,99,0,7
34,R,1700,100,0,8
34,R,1700,101,0,7
34,R,1700,102,0,7
34,R,1700,103,0,7
34,R,1700,104,0,7
34,R,1700,105,0,8
34,R,1700,106,0,7
34,R,1700,107,0,8
34,R,1700,108,0,7
34,R,1700,109,0,7
34,R,1700,110,0,7
34,R,1700,111,0,8
34,R,1700,112,0,8
34,R,1700,113,0,7
34,R,1700,114,0,7
34,R,1700,115,0,7
34,R,1700,116,0,8
34,R,1700,117,0,7
34,R,1700,118,0,8
34,R,1700,119,0,7
34,R,1700,120,0,8
34,R,1700,121,0,7
34,R,1700,122,0,7
34,R,1700,123,0,8
34,R,1700,124,0,7
34,R,1700,125,0,8
34,R,1700,126,0,8
34,R,1700,127,0,7
34,R,1700,128,0,8
34,R,1700,129,0,7
34,R,1700,130,0,7
34,R,1700,131,0,8
34,R,1700,132,0,7
34,R,1700,133,0,8
34,R,1700,134,0,8
34,R,1700,135,0,7
34,R,1700,136,0,8
34,R,1700,137,0,7
34,R,1700,138,0,8
34,R,1700,139,0,7
34,R,1700,140,0,8
34,R,1700,141,0,8
34,R,1700,142,0,7
34,R,1700,143,0,8
34,R,1700,144,0,8
34,R,1700,145,0,7
34,R,1700,146,0,8
34,R,1700,147,0,7
34,R,1700,148,0,7
34,R,1700,149,0,8
34,R,1700,150,0,8
34,R,1700,151,0,7
34,R,1700,152,0,8
34,R,1700,153,0,8
34,R,1700,154,0,8
34,R,1700,155,0,7
34,R,1700,156,0,8
34,R,1700,157,0,8
34,R,1700,158,0,7
34,R,1700,159,0,8
34,R,1700,160,0,7
34,R,1700,161,0,8
34,R,1700,162,0,8
34,R,1700,163,0,7
34,R,1700,164,0,8
34,R,1700,165,0,8
34,R,1700,166,0,8
34,R,1700,167,0,7
34,R,1700,168,0,8
34,R,1700,169,0,8
34,R,1700,170,0,7
34,R,1700,171,0,8
34,R,1700,172,0,7
34,R,1700,173,0,8
34,R,1700,174,0,8
34,R,1700,175,0,8
34,R,1700,176,0,8
34,R,1700,177,0,7
34,R,1700,178,0,8
34,R,1700,179,0,8
34,R,1700,180,0,8
34,R,1700,181,0,7
34,R,1700,182,0,8
34,R,1700,183,0,8
34,R,1700,184,0,8
34,R,1700,185,0,7
34,R,1700,186,0,8
34,R,1700,187,0,7
34,R,1700,188,0,8
34,R,1700,189,0,8
34,R,1700,190,0,8
34,R,1700,191,0,8
34,R,1700,192,0,7
34,R,1700,193,0,8
34,R,1700,194,0,8
34,R,1700,195,0,8
34,R,1700,196,0,8
34,R,1700,197,0,8
34,R,1700,198,0,7
34,R,1700,199,0,8
34,R,1700,200,0,8
34,R,1700,201,0,8
34,R,1700,202,0,7
34,R,1700,203,0,8
34,R,1700,204,0,7
34,R,1700,205,0,8
34,R,1700,206,0,7
34,R,1700,207,0,8
34,R,1700,208,0,7
34,R,1700,209,0,6
34,R,1700,210,0,8
34,R,1700,211,0,7
34,R,1700,212,0,7
34,R,1700,213,0,6
34,R,1700,214,0,7
34,R,1700,215,0,7
34,R,1700,216,0,6
34,R,1700,217,0,7
34,R,1700,218,0,6
34,R,1700,219,0,6
34,R,1700,220,0,7
34,R,1700,221,0,6
34,R,1700,222,0,6
34,R,1700,223,0,6
34,R,1700,224,0,6
34,R,1700,225,0,6
34,R,1700,226,0,6
34,R,1700,227,0,5
34,R,1700,228,0,6
34,R,1700,229,0,6
34,R,1700,230,0,5
34,R,1700,231,0,6
34,R,1700,232,0,5
34,R,1700,233,0,5
34,R,1700,234,0,6
34,R,1700,235,0,5
34,R,1700,236,0,4
34,R,1700,237,0,6
34,R,1700,238,0,5
34,R,1700,239,0,5
34,R,1700,240,0,4
34,R,1700,241,0,5
34,R,1700,242,0,4
34,R,1700,243,0,5
34,R,1700,244,0,5
34,R,1700,245,0,4
34,R,1700,246,0,5
34,R,1700,247,0,4
34,R,1700,248,0,4
34,R,1700,249,0,4
34,R,1700,250,0,4
34,R,1700,251,0,4
34,R,1700,252,0,4
34,R,1700,253,0,4
34,R,1700,254,0,4
34,R,1700,255,0,4
34,R,1700,256,0,4
34,R,1700,257,0,3
34,R,1700,258,0,4
34,R,1700,259,0,3
34,R,1700,260,0,3
34,R,1700,261,0,4
34,R,1700,262,0,3
34,R,1700,263,0,4
34,R,1700,264,0,3
34,R,1700,265,0,3
34,R,1700,266,0,3
34,R,1700,267,0,3
34,R,1700,268,0,3
34,R,1700,269,0,3
34,R,1700,270,0,2
34,R,1700,271,0,4
34,R,1700,272,0,2
34,R,1700,273,0,3
34,R,1700,274,0,3
34,R,1700,275,0,2
34,R,1700,276,0,2
34,R,1700,277,0,3
34,R,1700,278,0,2
34,R,1700,279,0,3
34,R,1700,280,0,1
34,R,1700,281,0,3
34,R,1700,282,0,2
34,R,1700,283,0,2
34,R,1700,284,0,2
34,R,1700,285,0,2
34,R,1700,286,0,2
34,R,1700,287,0,2
34,R,1700,288,0,1
34,R,1700,289,0,3
34,R,1700,290,0,1
34,R,1700,291,0,2
34,R,1700,292,0,1
34,R,1700,293,0,2
34,R,1700,294,0,2
34,R,1700,295,0,1
34,R,1700,296,0,1
34,R,1700,297,0,2
34,R,1700,298,0,1
34,R,1700,299,0,1
35,R,1800,0,0,0
35,R,1800,1,0,0
35,R,1800,2,0,1
35,R,1800,3,0,1
35,R,1800,4,0,1
35,R,1800,5,0,2
35,R,1800,6,0,2
35,R,1800,7,0,3
35,R,1800,8,0,4
35,R,1800,9,0,3
35,R,1800,10,0,3
35,R,1800,11,0,4
35,R,1800,12,0,5
35,R,1800,13,0,4
35,R,1800,14,0,5
35,R,1800,15,0,5
35,R,1800,16,0,5
35,R,1800,17,0,5
35,R,1800,18,0,5
35,R,1800,19,0,6
35,R,1800,20,0,6
35,R,1800,21,0,6
35,R,1800,22,0,6
35,R,1800,23,0,7
35,R,1800,24,0,6
35,R,1800,25,0,7
35,R,1800,26,0,7
35,R,1800,27,0,6
35,R,1800,28,0,7
35,R,1800,29,0,8
35,R,1800,30,0,7
35,R,1800,31,0,7
35,R,1800,32,0,7
35,R,1800,33,0,8
35,R,1800,34,0,7
35,R,1800,35,0,8
35,R,1800,36,0,8
35,R,1800,37,0,8
35,R,1800,38,0,8
35,R,1800,39,0,8
35,R,1800,40,0,8
35,R,1800,41,0,8
35,R,1800,42,0,8
35,R,1800,43,0,8
35,R,1800,44,0,9
35,R,1800,45,0,8
35,R,1800,46,0,8
35,R,1800,47,0,9
35,R,1800,48,0,9
35,R,1800,49,0,9
35,R,1800,50,0,8
35,R,1800,51,0,9
35,R,1800,52,0,8
35,R,1800,53,0,9
35,R,1800,54,0,9
35,R,1800,55,0,9
35,R,1800,56,0,9
35,R,1800,57,0,9
35,R,1800,58,0,9
35,R,1800,59,0,9
35,R,1800,60,0,9
35,R,1800,61,0,9
35,R,1800,62,0,10
35,R,1800,63,0,8
35,R,1800,64,0,9
35,R,1800,65,0,10
35,R,1800,66,0,9
35,R,1800,67,0,9
35,R,1800,68,0,10
35,R,1800,69,0,9
35,R,1800,70,0,9
35,R,1800,71,0,10
35,R,1800,72,0,9
35,R,1800,73,0,10
35,R,1800,74,0,10
35,R,1800,75,0,9
35,R,1800,76,0,10
35,R,1800,77,0,9
35,R,1800,78,0,9
35,R,1800,79,0,10
35,R,1800,80,0,10
35,R,1800,81,0,10
35,R,1800,82,0,9
35,R,1800,83,0,10
35,R,1800,84,0,10
35,R,1800,85,0,9
35,R,1800,86,0,10
35,R,1800,87,0,10
35,R,1800,88,0,10
35,R,1800,89,0,9
35,R,1800,90,0,10
35,R,1800,91,0,10
35,R,1800,92,0,10
35,R,1800,93,0,10
35,R,1800,94,0,9
35,R,1800,95,0,11
35,R,1800,96,0,9
35,R,1800,97,0,11
35,R,1800,98,0,9
35,R,1800,99,0,10
35,R,1800,100,0,10
35,R,1800,101,0,11
35,R,1800,102,0,9
35,R,1800,103,0,10
35,R,1800,104,0,10
35,R,1800,105,0,11
35,R,1800,106,0,9
35,R,1800,107,0,10
35,R,1800,108,0,10
35,R,1800,109,0,11
35,R,1800,110,0,9
35,R,1800,111,0,11
35,R,1800,112,0,10
35,R,1800,113,0,10
35,R,1800,114,0,10
35,R,1800,115,0,10
35,R,1800,116,0,10
35,R,1800,117,0,10
35,R,1800,118,0,11
35,R,1800,119,0,10
35,R,1800,120,0,10
35,R,1800,121,0,10
35,R,1800,122,0,10
35,R,1800,123,0,10
35,R,1800,124,0,11
35,R,1800,125,0,9
35,R,1800,126,0,11
35,R,1800,127,0,10
35,R,1800,128,0,10
35,R,1800,129,0,11
35,R,1800,130,0,10
35,R,1800,131,0,10
35,R,1800,132,0,10
35,R,1800,133,0,11
35,R,1800,134,0,9
35,R,1800,135,0,11
35,R,1800,136,0,11
35,R,1800,137,0,9
35,R,1800,138,0,11
35,R,1800,139,0,10
35,R,1800,140,0,11
35,R,1800,141,0,9
35,R,1800,142,0,11
35,R,1800,143,0,10
35,R,1800,144,0,10
35,R,1800,145,0,11
35,R,1800,146,0,10
35,R,1800,147,0,11
35,R,1800,148,0,9
35,R,1800,149,0,11
35,R,1800,150,0,10
35,R,1800,151,0,10
35,R,1800,152,0,11
35,R,1800,153,0,10
35,R,1800,154,0,11
35,R,1800,155,0,10
35,R,1800,156,0,10
35,R,1800,157,0,11
35,R,1800,158,0,10
35,R,1800,159,0,10
35,R,1800,160,0,10
35,R,1800,161,0,11
35,R,1800,162,0,10
35,R,1800,163,0,10
35,R,1800,164,0,11
35,R,1800,165,0,10
35,R,1800,166,0,11
35,R,1800,167,0,9
35,R,1800,168,0,11
35,R,1800,169,0,11
35,R,1800,170,0,10
35,R,1800,171,0,10
35,R,1800,172,0,10
35,R,1800,173,0,11
35,R,1800,174,0,10
35,R,1800,175,0,10
35,R,1800,176,0,11
35,R,1800,177,0,10
35,R,1800,178,0,11
35,R,1800,179,0,10
35,R,1800,180,0,10
35,R,1800,181,0,11
35,R,1800,182,0,10
35,R,1800,183,0,11
35,R,1800,184,0,9
35,R,1800,185,0,11
35,R,1800,186,0,11
35,R,1800,187,0,10
35,R,1800,188,0,10
35,R,1800,189,0,10
35,R,1800,190,0,11
35,R,1800,191,0,10
35,R,1800,192,0,11
35,R,1800,193,0,10
35,R,1800,194,0,10
35,R,1800,195,0,11
35,R,1800,196,0,10
35,R,1800,197,0,10
35,R,1800,198,0,11
35,R,1800,199,0,10
35,R,1800,200,0,11
35,R,1800,201,0,10
35,R,1800,202,0,10
35,R,1800,203,0,11
35,R,1800,204,0,9
35,R,1800,205,0,11
35,R,1800,206,0,9
35,R,1800,207,0,10
35,R,1800,208,0,10
35,R,1800,209,0,9
35,R,1800,210,0,10
35,R,1800,211,0,9
35,R,1800,212,0,9
35,R,1800,213,0,10
35,R,1800,214,0,9
35,R,1800,215,0,9
35,R,1800,216,0,9
35,R,1800,217,0,9
35,R,1800,218,0,9
35,R,1800,219,0,8
35,R,1800,220,0,9
35,R,1800,221,0,8
35,R,1800,222,0,9
35,R,1800,223,0,8
35,R,1800,224,0,9
35,R,1800,225,0,8
35,R,1800,226,0,8
35,R,1800,227,0,8
35,R,1800,228,0,8
35,R,1800,229,0,8
35,R,1800,230,0,7
35,R,1800,231,0,7
35,R,1800,232,0,8
35,R,1800,233,0,8
35,R,1800,234,0,7
35,R,1800,235,0,8
35,R,1800,236,0,7
35,R,1800,237,0,7
35,R,1800,238,0,7
35,R,1800,239,0,7
35,R,1800,240,0,7
35,R,1800,241,0,7
35,R,1800,242,0,7
35,R,1800,243,0,7
35,R,1800,244,0,6
35,R,1800,245,0,6
35,R,1800,246,0,7
35,R,1800,247,0,6
35,R,1800,248,0,7
35,R,1800,249,0,6
35,R,1800,250,0,6
35,R,1800,251,0,6
35,R,1800,252,0,6
35,R,1800,253,0,6
35,R,1800,254,0,6
35,R,1800,255,0,6
35,R,1800,256,0,6
35,R,1800,257,0,5
35,R,1800,258,0,6
35,R,1800,259,0,5
35,R,1800,260,0,6
35,R,1800,261,0,6
35,R,1800,262,0,4
35,R,1800,263,0,6
35,R,1800,264,0,5
35,R,1800,265,0,5
35,R,1800,266,0,5
35,R,1800,267,0,5
35,R,1800,268,0,5
35,R,1800,269,0,5
35,R,1800,270,0,4
35,R,1800,271,0,5
35,R,1800,272,0,4
35,R,1800,273,0,5
35,R,1800,274,0,5
35,R,1800,275,0,4
35,R,1800,276,0,5
35,R,1800,277,0,4
35,R,1800,278,0,4
35,R,1800,279,0,4
35,R,1800,280,0,4
35,R,1800,281,0,4
35,R,1800,282,0,4
35,R,1800,283,0,4
35,R,1800,284,0,4
35,R,1800,285,0,4
35,R,1800,286,0,3
35,R,1800,287,0,4
35,R,1800,288,0,4
35,R,1800,289,0,3
35,R,1800,290,0,3
35,R,1800,291,0,4
35,R,1800,292,0,3
35,R,1800,293,0,4
35,R,1800,294,0,3
35,R,1800,295,0,3
35,R,1800,296,0,3
35,R,1800,297,0,3
35,R,1800,298,0,3
35,R,1800,299,0,3
36,R,2000,0,0,0
36,R,2000,1,0,0
36,R,2000,2,0,0
36,R,2000,3,0,2
36,R,2000,4,0,2
36,R,2000,5,0,3
36,R,2000,6,0,4
36,R,2000,7,0,5
36,R,2000,8,0,5
36,R,2000,9,0,5
36,R,2000,10,0,7
36,R,2000,11,0,6
36,R,2000,12,0,7
36,R,2000,13,0,8
36,R,2000,14,0,7
36,R,2000,15,0,8
36,R,2000,16,0,9
36,R,2000,17,0,9
36,R,2000,18,0,9
36,R,2000,19,0,10
36,R,2000,20,0,10
36,R,2000,21,0,9
36,R,2000,22,0,11
36,R,2000,23,0,10
36,R,2000,24,0,11
36,R,2000,25,0,11
36,R,2000,26,0,10
36,R,2000,27,0,11
36,R,2000,28,0,12
36,R,2000,29,0,12
36,R,2000,30,0,11
36,R,2000,31,0,12
36,R,2000,32,0,12
36,R,2000,33,0,12
36,R,2000,34,0,12
36,R,2000,35,0,13
36,R,2000,36,0,12
36,R,2000,37,0,12
36,R,2000,38,0,13
36,R,2000,39,0,13
36,R,2000,40,0,13
36,R,2000,41,0,13
36,R,2000,42,0,13
36,R,2000,43,0,13
36,R,2000,44,0,14
36,R,2000,45,0,13
36,R,2000,46,0,13
36,R,2000,47,0,14
36,R,2000,48,0,13
36,R,2000,49,0,14
36,R,2000,50,0,13
36,R,2000,51,0,15
36,R,2000,52,0,13
36,R,2000,53,0,14
36,R,2000,54,0,14
36,R,2000,55,0,14
36,R,2000,56,0,14
36,R,2000,57,0,14
36,R,2000,58,0,14
36,R,2000,59,0,15
36,R,2000,60,0,14
36,R,2000,61,0,14
36,R,2000,62,0,14
36,R,2000,63,0,15
36,R,2000,64,0,15
36,R,2000,65,0,14
36,R,2000,66,0,15
36,R,2000,67,0,14
36,R,2000,68,0,14
36,R,2000,69,0,16
36,R,2000,70,0,14
36,R,2000,71,0,14
36,R,2000,72,0,16
36,R,2000,73,0,14
36,R,2000,74,0,15
36,R,2000,75,0,15
36,R,2000,76,0,15
36,R,2000,77,0,14
36,R,2000,78,0,15
36,R,2000,79,0,16
36,R,2000,80,0,15
36,R,2000,81,0,14
36,R,2000,82,0,15
36,R,2000,83,0,16
36,R,2000,84,0,15
36,R,2000,85,0,15
36,R,2000,86,0,15
36,R,2000,87,0,15
36,R,2000,88,0,15
36,R,2000,89,0,16
36,R,2000,90,0,14
36,R,2000,91,0,16
36,R,2000,92,0,15
36,R,2000,93,0,16
36,R,2000,94,0,15
36,R,2000,95,0,15
36,R,2000,96,0,15
36,R,2000,97,0,15
36,R,2000,98,0,16
36,R,2000,99,0,15
36,R,2000,100,0,16
36,R,2000,101,0,15
36,R,2000,102,0,15
36,R,2000,103,0,16
36,R,2000,104,0,15
36,R,2000,105,0,16
36,R,2000,106,0,16
36,R,2000,107,0,15
36,R,2000,108,0,15
36,R,2000,109,0,15
36,R,2000,110,0,16
36,R,2000,111,0,15
36,R,2000,112,0,16
36,R,2000,113,0,16
36,R,2000,114,0,15
36,R,2000,115,0,16
36,R,2000,116,0,16
36,R,2000,117,0,15
36,R,2000,118,0,15
36,R,2000,119,0,16
36,R,2000,120,0,15
36,R,2000,121,0,16
36,R,2000,122,0,16
36,R,2000,123,0,16
36,R,2000,124,0,15
36,R,2000,125,0,16
36,R,2000,126,0,16
36,R,2000,127,0,15
36,R,2000,128,0,15
36,R,2000,129,0,16
36,R,2000,130,0,16
36,R,2000,131,0,16
36,R,2000,132,0,15
36,R,2000,133,0,16
36,R,2000,134,0,16
36,R,2000,135,0,16
36,R,2000,136,0,15
36,R,2000,137,0,16
36,R,2000,138,0,16
36,R,2000,139,0,15
36,R,2000,140,0,16
36,R,2000,141,0,15
36,R,2000,142,0,16
36,R,2000,143,0,16
36,R,2000,144,0,16
36,R,2000,145,0,15
36,R,2000,146,0,16
36,R,2000,147,0,16
36,R,2000,148,0,16
36,R,2000,149,0,16
36,R,2000,150,0,16
36,R,2000,151,0,15
36,R,2000,152,0,16
36,R,2000,153,0,16
36,R,2000,154,0,16
36,R,2000,155,0,15
36,R,2000,156,0,16
36,R,2000,157,0,15
36,R,2000,158,0,16
36,R,2000,159,0,16
36,R,2000,160,0,16
36,R,2000,161,0,16
36,R,2000,162,0,15
36,R,2000,163,0,16
36,R,2000,164,0,16
36,R,2000,165,0,16
36,R,2000,166,0,16
36,R,2000,167,0,16
36,R,2000,168,0,16
36,R,2000,169,0,16
36,R,2000,170,0,15
36,R,2000,171,0,16
36,R,2000,172,0,16
36,R,2000,173,0,16
36,R,2000,174,0,16
36,R,2000,175,0,16
36,R,2000,176,0,15
36,R,2000,177,0,16
36,R,2000,178,0,16
36,R,2000,179,0,16
36,R,2000,180,0,15
36,R,2000,181,0,16
36,R,2000,182,0,16
36,R,2000,183,0,16
36,R,2000,184,0,16
36,R,2000,185,0,16
36,R,2000,186,0,16
36,R,2000,187,0,16
36,R,2000,188,0,16
36,R,2000,189,0,15
36,R,2000,190,0,16
36,R,2000,191,0,16
36,R,2000,192,0,16
36,R,2000,193,0,16
36,R,2000,194,0,16
36,R,2000,195,0,16
36,R,2000,196,0,16
36,R,2000,197,0,16
36,R,2000,198,0,16
36,R,2000,199,0,16
36,R,2000,200,0,16
36,R,2000,201,0,16
36,R,2000,202,0,16
36,R,2000,203,0,15
36,R,2000,204,0,16
36,R,2000,205,0,15
36,R,2000,206,0,15
36,R,2000,207,0,15
36,R,2000,208,0,16
36,R,2000,209,0,15
36,R,2000,210,0,14
36,R,2000,211,0,15
36,R,2000,212,0,15
36,R,2000,213,0,14
36,R,2000,214,0,15
36,R,2000,215,0,14
36,R,2000,216,0,14
36,R,2000,217,0,14
36,R,2000,218,0,14
36,R,2000,219,0,14
36,R,2000,220,0,14
36,R,2000,221,0,13
36,R,2000,222,0,14
36,R,2000,223,0,13
36,R,2000,224,0,13
36,R,2000,225,0,14
36,R,2000,226,0,13
36,R,2000,227,0,13
36,R,2000,228,0,13
36,R,2000,229,0,13
36,R,2000,230,0,12
36,R,2000,231,0,13
36,R,2000,232,0,12
36,R,2000,233,0,12
36,R,2000,234,0,13
36,R,2000,235,0,12
36,R,2000,236,0,12
36,R,2000,237,0,12
36,R,2000,238,0,12
36,R,2000,239,0,11
36,R,2000,240,0,12
36,R,2000,241,0,12
36,R,2000,242,0,11
36,R,2000,243,0,11
36,R,2000,244,0,11
36,R,2000,245,0,12
36,R,2000,246,0,11
36,R,2000,247,0,11
36,R,2000,248,0,10
36,R,2000,249,0,11
36,R,2000,250,0,11
36,R,2000,251,0,10
36,R,2000,252,0,11
36,R,2000,253,0,11
36,R,2000,254,0,10
36,R,2000,255,0,10
36,R,2000,256,0,10
36,R,2000,257,0,10
36,R,2000,258,0,10
36,R,2000,259,0,10
36,R,2000,260,0,9
36,R,2000,261,0,10
36,R,2000,262,0,10
36,R,2000,263,0,9
36,R,2000,264,0,10
36,R,2000,265,0,9
36,R,2000,266,0,9
36,R,2000,267,0,9
36,R,2000,268,0,10
36,R,2000,269,0,8
36,R,2000,270,0,9
36,R,2000,271,0,9
36,R,2000,272,0,9
36,R,2000,273,0,8
36,R,2000,274,0,9
36,R,2000,275,0,8
36,R,2000,276,0,8
36,R,2000,277,0,9
36,R,2000,278,0,8
36,R,2000,279,0,8
36,R,2000,280,0,8
36,R,2000,281,0,8
36,R,2000,282,0,7
36,R,2000,283,0,8
36,R,2000,284,0,8
36,R,2000,285,0,8
36,R,2000,286,0,8
36,R,2000,287,0,7
36,R,2000,288,0,7
36,R,2000,289,0,7
36,R,2000,290,0,7
36,R,2000,291,0,8
36,R,2000,292,0,7
36,R,2000,293,0,6
36,R,2000,294,0,7
36,R,2000,295,0,8
36,R,2000,296,0,6
36,R,2000,297,0,7
36,R,2000,298,0,7
36,R,2000,299,0,5
37,R,2200,0,0,0
37,R,2200,1,0,0
37,R,2200,2,0,2
37,R,2200,3,0,3
37,R,2200,4,0,4
37,R,2200,5,0,5
37,R,2200,6,0,6
37,R,2200,7,0,6
37,R,2200,8,0,8
37,R,2200,9,0,8
37,R,2200,10,0,10
37,R,2200,11,0,9
37,R,2200,12,0,11
37,R,2200,13,0,11
37,R,2200,14,0,11
37,R,2200,15,0,12
37,R,2200,16,0,12
37,R,2200,17,0,14
37,R,2200,18,0,13
37,R,2200,19,0,13
37,R,2200,20,0,14
37,R,2200,21,0,14
37,R,2200,22,0,15
37,R,2200,23,0,15
37,R,2200,24,0,15
37,R,2200,25,0,15
37,R,2200,26,0,16
37,R,2200,27,0,16
37,R,2200,28,0,16
37,R,2200,29,0,16
37,R,2200,30,0,17
37,R,2200,31,0,17
37,R,2200,32,0,17
37,R,2200,33,0,16
37,R,2200,34,0,17
37,R,2200,35,0,19
37,R,2200,36,0,16
37,R,2200,37,0,18
37,R,2200,38,0,18
37,R,2200,39,0,18
37,R,2200,40,0,18
37,R,2200,41,0,18
37,R,2200,42,0,18
37,R,2200,43,0,19
37,R,2200,44,0,18
37,R,2200,45,0,19
37,R,2200,46,0,18
37,R,2200,47,0,19
37,R,2200,48,0,19
37,R,2200,49,0,19
37,R,2200,50,0,19
37,R,2200,51,0,19
37,R,2200,52,0,19
37,R,2200,53,0,20
37,R,2200,54,0,19
37,R,2200,55,0,20
37,R,2200,56,0,19
37,R,2200,57,0,19
37,R,2200,58,0,20
37,R,2200,59,0,20
37,R,2200,60,0,19
37,R,2200,61,0,20
37,R,2200,62,0,20
37,R,2200,63,0,20
37,R,2200,64,0,20
37,R,2200,65,0,20
37,R,2200,66,0,20
37,R,2200,67,0,20
37,R,2200,68,0,20
37,R,2200,69,0,21
37,R,2200,70,0,20
37,R,2200,71,0,20
37,R,2200,72,0,20
37,R,2200,73,0,21
37,R,2200,74,0,20
37,R,2200,75,0,21
37,R,2200,76,0,20
37,R,2200,77,0,21
37,R,2200,78,0,20
37,R,2200,79,0,20
37,R,2200,80,0,21
37,R,2200,81,0,21
37,R,2200,82,0,21
37,R,2200,83,0,20
37,R,2200,84,0,21
37,R,2200,85,0,20
37,R,2200,86,0,21
37,R,2200,87,0,21
37,R,2200,88,0,21
37,R,2200,89,0,21
37,R,2200,90,0,20
37,R,2200,91,0,21
37,R,2200,92,0,21
37,R,2200,93,0,21
37,R,2200,94,0,21
37,R,2200,95,0,21
37,R,2200,96,0,22
37,R,2200,97,0,20
37,R,2200,98,0,21
37,R,2200,99,0,21
37,R,2200,100,0,20
37,R,2200,101,0,22
37,R,2200,102,0,21
37,R,2200,103,0,21
37,R,2200,104,0,21
37,R,2200,105,0,22
37,R,2200,106,0,20
37,R,2200,107,0,21
37,R,2200,108,0,22
37,R,2200,109,0,21
37,R,2200,110,0,21
37,R,2200,111,0,22
37,R,2200,112,0,21
37,R,2200,113,0,21
37,R,2200,114,0,21
37,R,2200,115,0,21
37,R,2200,116,0,21
37,R,2200,117,0,22
37,R,2200,118,0,21
37,R,2200,119,0,21
37,R,2200,120,0,21
37,R,2200,121,0,22
37,R,2200,122,0,21
37,R,2200,123,0,22
37,R,2200,124,0,21
37,R,2200,125,0,21
37,R,2200,126,0,22
37,R,2200,127,0,22
37,R,2200,128,0,21
37,R,2200,129,0,21
37,R,2200,130,0,22
37,R,2200,131,0,21
37,R,2200,132,0,22
37,R,2200,133,0,21
37,R,2200,134,0,21
37,R,2200,135,0,22
37,R,2200,136,0,21
37,R,2200,137,0,22
37,R,2200,138,0,22
37,R,2200,139,0,21
37,R,2200,140,0,22
37,R,2200,141,0,21
37,R,2200,142,0,21
37,R,2200,143,0,22
37,R,2200,144,0,22
37,R,2200,145,0,21
37,R,2200,146,0,22
37,R,2200,147,0,21
37,R,2200,148,0,22
37,R,2200,149,0,21
37,R,2200,150,0,22
37,R,2200,151,0,22
37,R,2200,152,0,21
37,R,2200,153,0,22
37,R,2200,154,0,21
37,R,2200,155,0,22
37,R,2200,156,0,22
37,R,2200,157,0,21
37,R,2200,158,0,22
37,R,2200,159,0,21
37,R,2200,160,0,22
37,R,2200,161,0,22
37,R,2200,162,0,21
37,R,2200,163,0,22
37,R,2200,164,0,21
37,R,2200,165,0,22
37,R,2200,166,0,22
37,R,2200,167,0,21
37,R,2200,168,0,22
37,R,2200,169,0,21
37,R,2200,170,0,22
37,R,2200,171,0,22
37,R,2200,172,0,21
37,R,2200,173,0,22
37,R,2200,174,0,22
37,R,2200,175,0,22
37,R,2200,176,0,21
37,R,2200,177,0,22
37,R,2200,178,0,22
37,R,2200,179,0,21
37,R,2200,180,0,22
37,R,2200,181,0,22
37,R,2200,182,0,21
37,R,2200,183,0,22
37,R,2200,184,0,21
37,R,2200,185,0,23
37,R,2200,186,0,21
37,R,2200,187,0,22
37,R,2200,188,0,21
37,R,2200,189,0,23
37,R,2200,190,0,21
37,R,2200,191,0,22
37,R,2200,192,0,22
37,R,2200,193,0,21
37,R,2200,194,0,22
37,R,2200,195,0,22
37,R,2200,196,0,22
37,R,2200,197,0,21
37,R,2200,198,0,22
37,R,2200,199,0,22
37,R,2200,200,0,21
37,R,2200,201,0,23
37,R,2200,202,0,21
37,R,2200,203,0,21
37,R,2200,204,0,22
37,R,2200,205,0,21
37,R,2200,206,0,20
37,R,2200,207,0,22
37,R,2200,208,0,21
37,R,2200,209,0,20
37,R,2200,210,0,20
37,R,2200,211,0,21
37,R,2200,212,0,20
37,R,2200,213,0,20
37,R,2200,214,0,20
37,R,2200,215,0,20
37,R,2200,216,0,20
37,R,2200,217,0,19
37,R,2200,218,0,21
37,R,2200,219,0,19
37,R,2200,220,0,19
37,R,2200,221,0,18
37,R,2200,222,0,20
37,R,2200,223,0,19
37,R,2200,224,0,18
37,R,2200,225,0,19
37,R,2200,226,0,19
37,R,2200,227,0,18
37,R,2200,228,0,18
37,R,2200,229,0,18
37,R,2200,230,0,18
37,R,2200,231,0,18
37,R,2200,232,0,18
37,R,2200,233,0,17
37,R,2200,234,0,18
37,R,2200,235,0,17
37,R,2200,236,0,17
37,R,2200,237,0,18
37,R,2200,238,0,17
37,R,2200,239,0,17
37,R,2200,240,0,16
37,R,2200,241,0,17
37,R,2200,242,0,17
37,R,2200,243,0,17
37,R,2200,244,0,16
37,R,2200,245,0,16
37,R,2200,246,0,16
37,R,2200,247,0,16
37,R,2200,248,0,16
37,R,2200,249,0,16
37,R,2200,250,0,16
37,R,2200,251,0,15
37,R,2200,252,0,16
37,R,2200,253,0,15
37,R,2200,254,0,15
37,R,2200,255,0,15
37,R,2200,256,0,15
37,R,2200,257,0,15
37,R,2200,258,0,15
37,R,2200,259,0,15
37,R,2200,260,0,14
37,R,2200,261,0,14
37,R,2200,262,0,15
37,R,2200,263,0,14
37,R,2200,264,0,14
37,R,2200,265,0,14
37,R,2200,266,0,15
37,R,2200,267,0,13
37,R,2200,268,0,14
37,R,2200,269,0,13
37,R,2200,270,0,14
37,R,2200,271,0,14
37,R,2200,272,0,13
37,R,2200,273,0,13
37,R,2200,274,0,13
37,R,2200,275,0,13
37,R,2200,276,0,13
37,R,2200,277,0,12
37,R,2200,278,0,14
37,R,2200,279,0,13
37,R,2200,280,0,12
37,R,2200,281,0,12
37,R,2200,282,0,12
37,R,2200,283,0,12
37,R,2200,284,0,12
37,R,2200,285,0,12
37,R,2200,286,0,12
37,R,2200,287,0,12
37,R,2200,288,0,12
37,R,2200,289,0,12
37,R,2200,290,0,11
37,R,2200,291,0,11
37,R,2200,292,0,11
37,R,2200,293,0,11
37,R,2200,294,0,12
37,R,2200,295,0,11
37,R,2200,296,0,10
37,R,2200,297,0,11
37,R,2200,298,0,11
37,R,2200,299,0,10
38,R,2400,0,0,0
38,R,2400,1,0,0
38,R,2400,2,0,2
38,R,2400,3,0,4
38,R,2400,4,0,5
38,R,2400,5,0,7
38,R,2400,6,0,8
38,R,2400,7,0,8
38,R,2400,8,0,11
38,R,2400,9,0,11
38,R,2400,10,0,12
38,R,2400,11,0,13
38,R,2400,12,0,13
38,R,2400,13,0,14
38,R,2400,14,0,15
38,R,2400,15,0,15
38,R,2400,16,0,16
38,R,2400,17,0,18
38,R,2400,18,0,17
38,R,2400,19,0,17
38,R,2400,20,0,18
38,R,2400,21,0,18
38,R,2400,22,0,19
38,R,2400,23,0,20
38,R,2400,24,0,19
38,R,2400,25,0,20
38,R,2400,26,0,20
38,R,2400,27,0,21
38,R,2400,28,0,20
38,R,2400,29,0,21
38,R,2400,30,0,21
38,R,2400,31,0,22
38,R,2400,32,0,21
38,R,2400,33,0,23
38,R,2400,34,0,21
38,R,2400,35,0,23
38,R,2400,36,0,22
38,R,2400,37,0,23
38,R,2400,38,0,23
38,R,2400,39,0,23
38,R,2400,40,0,23
38,R,2400,41,0,23
38,R,2400,42,0,24
38,R,2400,43,0,23
38,R,2400,44,0,24
38,R,2400,45,0,24
38,R,2400,46,0,24
38,R,2400,47,0,24
38,R,2400,48,0,25
38,R,2400,49,0,24
38,R,2400,50,0,24
38,R,2400,51,0,25
38,R,2400,52,0,25
38,R,2400,53,0,25
38,R,2400,54,0,24
38,R,2400,55,0,25
38,R,2400,56,0,25
38,R,2400,57,0,25
38,R,2400,58,0,25
38,R,2400,59,0,25
38,R,2400,60,0,26
38,R,2400,61,0,25
38,R,2400,62,0,25
38,R,2400,63,0,26
38,R,2400,64,0,25
38,R,2400,65,0,26
38,R,2400,66,0,26
38,R,2400,67,0,25
38,R,2400,68,0,26
38,R,2400,69,0,26
38,R,2400,70,0,26
38,R,2400,71,0,26
38,R,2400,72,0,26
38,R,2400,73,0,26
38,R,2400,74,0,26
38,R,2400,75,0,26
38,R,2400,76,0,27
38,R,2400,77,0,25
38,R,2400,78,0,27
38,R,2400,79,0,26
38,R,2400,80,0,26
38,R,2400,81,0,27
38,R,2400,82,0,26
38,R,2400,83,0,27
38,R,2400,84,0,27
38,R,2400,85,0,25
38,R,2400,86,0,27
38,R,2400,87,0,26
38,R,2400,88,0,27
38,R,2400,89,0,27
38,R,2400,90,0,26
38,R,2400,91,0,27
38,R,2400,92,0,27
38,R,2400,93,0,26
38,R,2400,94,0,27
38,R,2400,95,0,27
38,R,2400,96,0,26
38,R,2400,97,0,27
38,R,2400,98,0,27
38,R,2400,99,0,27
38,R,2400,100,0,27
38,R,2400,101,0,27
38,R,2400,102,0,27
38,R,2400,103,0,26
38,R,2400,104,0,27
38,R,2400,105,0,28
38,R,2400,106,0,26
38,R,2400,107,0,27
38,R,2400,108,0,27
38,R,2400,109,0,27
38,R,2400,110,0,27
38,R,2400,111,0,27
38,R,2400,112,0,27
38,R,2400,113,0,28
38,R,2400,114,0,27
38,R,2400,115,0,26
38,R,2400,116,0,27
38,R,2400,117,0,28
38,R,2400,118,0,27
38,R,2400,119,0,27
38,R,2400,120,0,27
38,R,2400,121,0,27
38,R,2400,122,0,27
38,R,2400,123,0,27
38,R,2400,124,0,27
38,R,2400,125,0,27
38,R,2400,126,0,28
38,R,2400,127,0,27
38,R,2400,128,0,27
38,R,2400,129,0,27
38,R,2400,130,0,27
38,R,2400,131,0,27
38,R,2400,132,0,27
38,R,2400,133,0,27
38,R,2400,134,0,27
38,R,2400,135,0,28
38,R,2400,136,0,27
38,R,2400,137,0,27
38,R,2400,138,0,27
38,R,2400,139,0,27
38,R,2400,140,0,27
38,R,2400,141,0,28
38,R,2400,142,0,26
38,R,2400,143,0,28
38,R,2400,144,0,27
38,R,2400,145,0,28
38,R,2400,146,0,26
38,R,2400,147,0,27
38,R,2400,148,0,27
38,R,2400,149,0,28
38,R,2400,150,0,27
38,R,2400,151,0,27
38,R,2400,152,0,27
38,R,2400,153,0,27
38,R,2400,154,0,28
38,R,2400,155,0,27
38,R,2400,156,0,26
38,R,2400,157,0,28
38,R,2400,158,0,27
38,R,2400,159,0,27
38,R,2400,160,0,27
38,R,2400,161,0,27
38,R,2400,162,0,28
38,R,2400,163,0,27
38,R,2400,164,0,27
38,R,2400,165,0,27
38,R,2400,166,0,27
38,R,2400,167,0,27
38,R,2400,168,0,28
38,R,2400,169,0,27
38,R,2400,170,0,27
38,R,2400,171,0,27
38,R,2400,172,0,28
38,R,2400,173,0,27
38,R,2400,174,0,27
38,R,2400,175,0,27
38,R,2400,176,0,27
38,R,2400,177,0,28
38,R,2400,178,0,27
38,R,2400,179,0,27
38,R,2400,180,0,28
38,R,2400,181,0,26
38,R,2400,182,0,28
38,R,2400,183,0,27
38,R,2400,184,0,27
38,R,2400,185,0,28
38,R,2400,186,0,26
38,R,2400,187,0,28
38,R,2400,188,0,27
38,R,2400,189,0,27
38,R,2400,190,0,28
38,R,2400,191,0,26
38,R,2400,192,0,28
38,R,2400,193,0,27
38,R,2400,194,0,27
38,R,2400,195,0,28
38,R,2400,196,0,26
38,R,2400,197,0,28
38,R,2400,198,0,27
38,R,2400,199,0,28
38,R,2400,200,0,27
38,R,2400,201,0,26
38,R,2400,202,0,27
38,R,2400,203,0,28
38,R,2400,204,0,26
38,R,2400,205,0,27
38,R,2400,206,0,27
38,R,2400,207,0,25
38,R,2400,208,0,27
38,R,2400,209,0,26
38,R,2400,210,0,26
38,R,2400,211,0,25
38,R,2400,212,0,26
38,R,2400,213,0,26
38,R,2400,214,0,25
38,R,2400,215,0,25
38,R,2400,216,0,25
38,R,2400,217,0,25
38,R,2400,218,0,25
38,R,2400,219,0,25
38,R,2400,220,0,24
38,R,2400,221,0,25
38,R,2400,222,0,24
38,R,2400,223,0,24
38,R,2400,224,0,24
38,R,2400,225,0,24
38,R,2400,226,0,24
38,R,2400,227,0,23
38,R,2400,228,0,23
38,R,2400,229,0,23
38,R,2400,230,0,24
38,R,2400,231,0,23
38,R,2400,232,0,23
38,R,2400,233,0,22
38,R,2400,234,0,23
38,R,2400,235,0,23
38,R,2400,236,0,22
38,R,2400,237,0,22
38,R,2400,238,0,22
38,R,2400,239,0,23
38,R,2400,240,0,21
38,R,2400,241,0,22
38,R,2400,242,0,21
38,R,2400,243,0,22
38,R,2400,244,0,22
38,R,2400,245,0,20
38,R,2400,246,0,21
38,R,2400,247,0,22
38,R,2400,248,0,21
38,R,2400,249,0,20
38,R,2400,250,0,21
38,R,2400,251,0,20
38,R,2400,252,0,20
38,R,2400,253,0,20
38,R,2400,254,0,20
38,R,2400,255,0,21
38,R,2400,256,0,19
38,R,2400,257,0,20
38,R,2400,258,0,20
38,R,2400,259,0,19
38,R,2400,260,0,20
38,R,2400,261,0,19
38,R,2400,262,0,19
38,R,2400,263,0,19
38,R,2400,264,0,19
38,R,2400,265,0,19
38,R,2400,266,0,18
38,R,2400,267,0,20
38,R,2400,268,0,18
38,R,2400,269,0,18
38,R,2400,270,0,18
38,R,2400,271,0,18
38,R,2400,272,0,18
38,R,2400,273,0,18
38,R,2400,274,0,18
38,R,2400,275,0,17
38,R,2400,276,0,18
38,R,2400,277,0,18
38,R,2400,278,0,16
38,R,2400,279,0,17
38,R,2400,280,0,18
38,R,2400,281,0,17
38,R,2400,282,0,16
38,R,2400,283,0,17
38,R,2400,284,0,17
38,R,2400,285,0,17
38,R,2400,286,0,16
38,R,2400,287,0,17
38,R,2400,288,0,16
38,R,2400,289,0,16
38,R,2400,290,0,16
38,R,2400,291,0,15
38,R,2400,292,0,16
38,R,2400,293,0,16
38,R,2400,294,0,15
38,R,2400,295,0,15
38,R,2400,296,0,16
38,R,2400,297,0,15
38,R,2400,298,0,16
38,R,2400,299,0,14
39,R,2800,0,0,0
39,R,2800,1,0,0
39,R,2800,2,0,2
39,R,2800,3,0,4
39,R,2800,4,0,7
39,R,2800,5,0,8
39,R,2800,6,0,10
39,R,2800,7,0,11
39,R,2800,8,0,14
39,R,2800,9,0,14
39,R,2800,10,0,17
39,R,2800,11,0,17
39,R,2800,12,0,18
39,R,2800,13,0,19
39,R,2800,14,0,20
39,R,2800,15,0,22
39,R,2800,16,0,22
39,R,2800,17,0,24
39,R,2800,18,0,23
39,R,2800,19,0,25
39,R,2800,20,0,25
39,R,2800,21,0,26
39,R,2800,22,0,26
39,R,2800,23,0,27
39,R,2800,24,0,28
39,R,2800,25,0,28
39,R,2800,26,0,28
39,R,2800,27,0,29
39,R,2800,28,0,29
39,R,2800,29,0,30
39,R,2800,30,0,29
39,R,2800,31,0,31
39,R,2800,32,0,31
39,R,2800,33,0,31
39,R,2800,34,0,31
39,R,2800,35,0,32
39,R,2800,36,0,32
39,R,2800,37,0,32
39,R,2800,38,0,32
39,R,2800,39,0,32
39,R,2800,40,0,33
39,R,2800,41,0,33
39,R,2800,42,0,33
39,R,2800,43,0,33
39,R,2800,44,0,34
39,R,2800,45,0,33
39,R,2800,46,0,33
39,R,2800,47,0,35
39,R,2800,48,0,33
39,R,2800,49,0,34
39,R,2800,50,0,34
39,R,2800,51,0,35
39,R,2800,52,0,33
39,R,2800,53,0,35
39,R,2800,54,0,35
39,R,2800,55,0,34
39,R,2800,56,0,35
39,R,2800,57,0,35
39,R,2800,58,0,34
39,R,2800,59,0,36
39,R,2800,60,0,35
39,R,2800,61,0,35
39,R,2800,62,0,34
39,R,2800,63,0,36
39,R,2800,64,0,35
39,R,2800,65,0,36
39,R,2800,66,0,36
39,R,2800,67,0,35
39,R,2800,68,0,36
39,R,2800,69,0,36
39,R,2800,70,0,36
39,R,2800,71,0,37
39,R,2800,72,0,34
39,R,2800,73,0,37
39,R,2800,74,0,36
39,R,2800,75,0,36
39,R,2800,76,0,37
39,R,2800,77,0,36
39,R,2800,78,0,36
39,R,2800,79,0,37
39,R,2800,80,0,36
39,R,2800,81,0,37
39,R,2800,82,0,37
39,R,2800,83,0,37
39,R,2800,84,0,36
39,R,2800,85,0,37
39,R,2800,86,0,37
39,R,2800,87,0,37
39,R,2800,88,0,37
39,R,2800,89,0,37
39,R,2800,90,0,37
39,R,2800,91,0,38
39,R,2800,92,0,36
39,R,2800,93,0,37
39,R,2800,94,0,38
39,R,2800,95,0,37
39,R,2800,96,0,37
39,R,2800,97,0,37
39,R,2800,98,0,38
39,R,2800,99,0,37
39,R,2800,100,0,37
39,R,2800,101,0,38
39,R,2800,102,0,37
39,R,2800,103,0,37
39,R,2800,104,0,38
39,R,2800,105,0,37
39,R,2800,106,0,38
39,R,2800,107,0,37
39,R,2800,108,0,37
39,R,2800,109,0,38
39,R,2800,110,0,37
39,R,2800,111,0,37
39,R,2800,112,0,38
39,R,2800,113,0,37
39,R,2800,114,0,38
39,R,2800,115,0,37
39,R,2800,116,0,38
39,R,2800,117,0,37
39,R,2800,118,0,38
39,R,2800,119,0,37
39,R,2800,120,0,38
39,R,2800,121,0,37
39,R,2800,122,0,37
39,R,2800,123,0,39
39,R,2800,124,0,37
39,R,2800,125,0,38
39,R,2800,126,0,37
39,R,2800,127,0,37
39,R,2800,128,0,38
39,R,2800,129,0,38
39,R,2800,130,0,37
39,R,2800,131,0,38
39,R,2800,132,0,39
39,R,2800,133,0,36
39,R,2800,134,0,38
39,R,2800,135,0,37
39,R,2800,136,0,38
39,R,2800,137,0,37
39,R,2800,138,0,38
39,R,2800,139,0,37
39,R,2800,140,0,38
39,R,2800,141,0,38
39,R,2800,142,0,37
39,R,2800,143,0,39
39,R,2800,144,0,37
39,R,2800,145,0,38
39,R,2800,146,0,37
39,R,2800,147,0,38
39,R,2800,148,0,38
39,R,2800,149,0,37
39,R,2800,150,0,38
39,R,2800,151,0,37
39,R,2800,152,0,38
39,R,2800,153,0,38
39,R,2800,154,0,37
39,R,2800,155,0,39
39,R,2800,156,0,37
39,R,2800,157,0,38
39,R,2800,158,0,37
39,R,2800,159,0,38
39,R,2800,160,0,38
39,R,2800,161,0,38
39,R,2800,162,0,38
39,R,2800,163,0,37
39,R,2800,164,0,38
39,R,2800,165,0,37
39,R,2800,166,0,38
39,R,2800,167,0,38
39,R,2800,168,0,37
39,R,2800,169,1,39
39,R,2800,170,-1,37
39,R,2800,171,0,38
39,R,2800,172,0,37
39,R,2800,173,0,38
39,R,2800,174,0,38
39,R,2800,175,0,37
39,R,2800,176,0,39
39,R,2800,177,0,37
39,R,2800,178,0,38
39,R,2800,179,0,38
39,R,2800,180,0,37
39,R,2800,181,0,38
39,R,2800,182,0,38
39,R,2800,183,0,38
39,R,2800,184,0,37
39,R,2800,185,0,39
39,R,2800,186,0,37
39,R,2800,187,0,38
39,R,2800,188,0,37
39,R,2800,189,0,39
39,R,2800,190,0,37
39,R,2800,191,0,38
39,R,2800,192,0,38
39,R,2800,193,0,39
39,R,2800,194,0,37
39,R,2800,195,0,37
39,R,2800,196,0,38
39,R,2800,197,0,38
39,R,2800,198,0,38
39,R,2800,199,0,37
39,R,2800,200,0,38
39,R,2800,201,0,38
39,R,2800,202,0,37
39,R,2800,203,0,38
39,R,2800,204,0,37
39,R,2800,205,0,37
39,R,2800,206,0,37
39,R,2800,207,0,37
39,R,2800,208,0,36
39,R,2800,209,0,37
39,R,2800,210,0,36
39,R,2800,211,0,36
39,R,2800,212,0,36
39,R,2800,213,0,36
39,R,2800,214,0,35
39,R,2800,215,0,36
39,R,2800,216,0,35
39,R,2800,217,0,35
39,R,2800,218,0,35
39,R,2800,219,0,35
39,R,2800,220,0,34
39,R,2800,221,0,35
39,R,2800,222,0,33
39,R,2800,223,0,35
39,R,2800,224,0,34
39,R,2800,225,0,34
39,R,2800,226,0,33
39,R,2800,227,0,34
39,R,2800,228,0,33
39,R,2800,229,0,33
39,R,2800,230,0,34
39,R,2800,231,0,33
39,R,2800,232,0,32
39,R,2800,233,0,33
39,R,2800,234,0,32
39,R,2800,235,0,32
39,R,2800,236,0,32
39,R,2800,237,0,32
39,R,2800,238,0,31
39,R,2800,239,0,33
39,R,2800,240,0,31
39,R,2800,241,0,32
39,R,2800,242,0,31
39,R,2800,243,0,30
39,R,2800,244,0,31
39,R,2800,245,0,32
39,R,2800,246,0,30
39,R,2800,247,0,30
39,R,2800,248,0,31
39,R,2800,249,0,30
39,R,2800,250,0,30
39,R,2800,251,0,30
39,R,2800,252,0,30
39,R,2800,253,0,29
39,R,2800,254,0,30
39,R,2800,255,0,29
39,R,2800,256,0,29
39,R,2800,257,0,29
39,R,2800,258,0,28
39,R,2800,259,0,29
39,R,2800,260,0,29
39,R,2800,261,0,28
39,R,2800,262,0,29
39,R,2800,263,0,28
39,R,2800,264,0,28
39,R,2800,265,0,28
39,R,2800,266,0,27
39,R,2800,267,0,28
39,R,2800,268,0,27
39,R,2800,269,0,27
39,R,2800,270,0,28
39,R,2800,271,0,27
39,R,2800,272,0,27
39,R,2800,273,0,26
39,R,2800,274,0,27
39,R,2800,275,0,27
39,R,2800,276,0,26
39,R,2800,277,0,26
39,R,2800,278,0,26
39,R,2800,279,0,26
39,R,2800,280,0,26
39,R,2800,281,0,26
39,R,2800,282,0,25
39,R,2800,283,0,25
39,R,2800,284,0,26
39,R,2800,285,0,25
39,R,2800,286,0,25
39,R,2800,287,0,24
39,R,2800,288,0,26
39,R,2800,289,0,24
39,R,2800,290,0,25
39,R,2800,291,0,24
39,R,2800,292,0,24
39,R,2800,293,0,24
39,R,2800,294,0,24
39,R,2800,295,0,24
39,R,2800,296,0,24
39,R,2800,297,0,23
39,R,2800,298,0,24
39,R,2800,299,0,23
40,R,-1300,0,0,0
40,R,-1300,1,0,0
40,R,-1300,2,0,0
40,R,-1300,3,0,0
40,R,-1300,4,0,0
40,R,-1300,5,0,0
40,R,-1300,6,0,0
40,R,-1300,7,0,0
40,R,-1300,8,0,0
40,R,-1300,9,0,0
40,R,-1300,10,0,0
40,R,-1300,11,0,0
40,R,-1300,12,0,0
40,R,-1300,13,0,0
40,R,-1300,14,0,0
40,R,-1300,15,0,0
40,R,-1300,16,0,0
40,R,-1300,17,0,0
40,R,-1300,18,0,0
40,R,-1300,19,0,0
40,R,-1300,20,0,0
40,R,-1300,21,0,0
40,R,-1300,22,0,0
40,R,-1300,23,0,0
40,R,-1300,24,0,0
40,R,-1300,25,0,0
40,R,-1300,26,0,0
40,R,-1300,27,0,0
40,R,-1300,28,0,0
40,R,-1300,29,0,0
40,R,-1300,30,0,0
40,R,-1300,31,0,0
40,R,-1300,32,0,0
40,R,-1300,33,0,0
40,R,-1300,34,0,0
40,R,-1300,35,0,0
40,R,-1300,36,0,0
40,R,-1300,37,0,0
40,R,-1300,38,0,0
40,R,-1300,39,0,0
40,R,-1300,40,0,0
40,R,-1300,41,0,0
40,R,-1300,42,0,0
40,R,-1300,43,0,0
40,R,-1300,44,0,0
40,R,-1300,45,0,0
40,R,-1300,46,0,0
40,R,-1300,47,0,0
40,R,-1300,48,0,0
40,R,-1300,49,0,0
40,R,-1300,50,0,0
40,R,-1300,51,0,0
40,R,-1300,52,0,0
40,R,-1300,53,0,0
40,R,-1300,54,0,0
40,R,-1300,55,0,0
40,R,-1300,56,0,0
40,R,-1300,57,0,0
40,R,-1300,58,0,0
40,R,-1300,59,0,0
40,R,-1300,60,0,0
40,R,-1300,61,0,0
40,R,-1300,62,0,0
40,R,-1300,63,0,0
40,R,-1300,64,0,0
40,R,-1300,65,0,0
40,R,-1300,66,0,0
40,R,-1300,67,0,0
40,R,-1300,68,0,0
40,R,-1300,69,0,0
40,R,-1300,70,0,0
40,R,-1300,71,0,0
40,R,-1300,72,0,0
40,R,-1300,73,0,0
40,R,-1300,74,0,0
40,R,-1300,75,0,0
40,R,-1300,76,0,0
40,R,-1300,77,0,0
40,R,-1300,78,0,0
40,R,-1300,79,0,0
40,R,-1300,80,0,0
40,R,-1300,81,0,0
40,R,-1300,82,0,0
40,R,-1300,83,0,0
40,R,-1300,84,0,0
40,R,-1300,85,0,0
40,R,-1300,86,0,0
40,R,-1300,87,0,0
40,R,-1300,88,0,0
40,R,-1300,89,0,0
40,R,-1300,90,0,0
40,R,-1300,91,0,0
40,R,-1300,92,0,0
40,R,-1300,93,0,0
40,R,-1300,94,0,0
40,R,-1300,95,0,0
40,R,-1300,96,0,0
40,R,-1300,97,0,0
40,R,-1300,98,0,0
40,R,-1300,99,0,0
40,R,-1300,100,0,0
40,R,-1300,101,0,0
40,R,-1300,102,0,0
40,R,-1300,103,0,0
40,R,-1300,104,0,0
40,R,-1300,105,0,0
40,R,-1300,106,0,0
40,R,-1300,107,0,0
40,R,-1300,108,0,0
40,R,-1300,109,0,0
40,R,-1300,110,0,0
40,R,-1300,111,0,0
40,R,-1300,112,0,0
40,R,-1300,113,0,0
40,R,-1300,114,0,0
40,R,-1300,115,0,0
40,R,-1300,116,0,0
40,R,-1300,117,0,0
40,R,-1300,118,0,0
40,R,-1300,119,0,0
40,R,-1300,120,0,0
40,R,-1300,121,0,0
40,R,-1300,122,0,0
40,R,-1300,123,0,0
40,R,-1300,124,0,0
40,R,-1300,125,0,0
40,R,-1300,126,0,0
40,R,-1300,127,0,0
40,R,-1300,128,0,0
40,R,-1300,129,0,0
40,R,-1300,130,0,0
40,R,-1300,131,0,0
40,R,-1300,132,0,0
40,R,-1300,133,0,0
40,R,-1300,134,0,0
40,R,-1300,135,0,0
40,R,-1300,136,0,0
40,R,-1300,137,0,0
40,R,-1300,138,0,0
40,R,-1300,139,0,0
40,R,-1300,140,0,0
40,R,-1300,141,0,0
40,R,-1300,142,0,0
40,R,-1300,143,0,0
40,R,-1300,144,0,0
40,R,-1300,145,0,0
40,R,-1300,146,0,0
40,R,-1300,147,0,0
40,R,-1300,148,0,0
40,R,-1300,149,0,0
40,R,-1300,150,0,0
40,R,-1300,151,0,0
40,R,-1300,152,0,0
40,R,-1300,153,0,0
40,R,-1300,154,0,0
40,R,-1300,155,0,0
40,R,-1300,156,0,0
40,R,-1300,157,0,0
40,R,-1300,158,0,0
40,R,-1300,159,0,0
40,R,-1300,160,0,0
40,R,-1300,161,0,0
40,R,-1300,162,0,0
40,R,-1300,163,0,0
40,R,-1300,164,0,0
40,R,-1300,165,0,0
40,R,-1300,166,0,0
40,R,-1300,167,0,0
40,R,-1300,168,0,0
40,R,-1300,169,0,0
40,R,-1300,170,0,0
40,R,-1300,171,0,0
40,R,-1300,172,0,0
40,R,-1300,173,0,0
40,R,-1300,174,0,0
40,R,-1300,175,0,0
40,R,-1300,176,0,0
40,R,-1300,177,0,0
40,R,-1300,178,0,0
40,R,-1300,179,0,0
40,R,-1300,180,0,0
40,R,-1300,181,0,0
40,R,-1300,182,0,0
40,R,-1300,183,0,0
40,R,-1300,184,0,0
40,R,-1300,185,0,0
40,R,-1300,186,0,0
40,R,-1300,187,0,0
40,R,-1300,188,0,0
40,R,-1300,189,0,0
40,R,-1300,190,0,0
40,R,-1300,191,0,0
40,R,-1300,192,0,0
40,R,-1300,193,0,0
40,R,-1300,194,0,0
40,R,-1300,195,0,0
40,R,-1300,196,0,0
40,R,-1300,197,0,0
40,R,-1300,198,0,0
40,R,-1300,199,0,0
40,R,-1300,200,0,0
40,R,-1300,201,0,0
40,R,-1300,202,0,0
40,R,-1300,203,0,0
40,R,-1300,204,0,0
40,R,-1300,205,0,0
40,R,-1300,206,0,0
40,R,-1300,207,0,0
40,R,-1300,208,0,0
40,R,-1300,209,0,0
40,R,-1300,210,0,0
40,R,-1300,211,0,0
40,R,-1300,212,0,0
40,R,-1300,213,0,0
40,R,-1300,214,0,0
40,R,-1300,215,0,0
40,R,-1300,216,0,0
40,R,-1300,217,0,0
40,R,-1300,218,0,0
40,R,-1300,219,0,0
40,R,-1300,220,0,0
40,R,-1300,221,0,0
40,R,-1300,222,0,0
40,R,-1300,223,0,0
40,R,-1300,224,0,0
40,R,-1300,225,0,0
40,R,-1300,226,0,0
40,R,-1300,227,0,0
40,R,-1300,228,0,0
40,R,-1300,229,0,0
40,R,-1300,230,0,0
40,R,-1300,231,0,0
40,R,-1300,232,0,0
40,R,-1300,233,0,0
40,R,-1300,234,0,0
40,R,-1300,235,0,0
40,R,-1300,236,0,0
40,R,-1300,237,0,0
40,R,-1300,238,0,0
40,R,-1300,239,0,0
40,R,-1300,240,0,0
40,R,-1300,241,0,0
40,R,-1300,242,0,0
40,R,-1300,243,0,0
40,R,-1300,244,0,0
40,R,-1300,245,0,0
40,R,-1300,246,0,0
40,R,-1300,247,0,0
40,R,-1300,248,0,0
40,R,-1300,249,0,0
40,R,-1300,250,0,0
40,R,-1300,251,0,0
40,R,-1300,252,0,0
40,R,-1300,253,0,0
40,R,-1300,254,0,0
40,R,-1300,255,0,0
40,R,-1300,256,0,0
40,R,-1300,257,0,0
40,R,-1300,258,0,0
40,R,-1300,259,0,0
40,R,-1300,260,0,0
40,R,-1300,261,0,0
40,R,-1300,262,0,0
40,R,-1300,263,0,0
40,R,-1300,264,0,0
40,R,-1300,265,0,0
40,R,-1300,266,0,0
40,R,-1300,267,0,0
40,R,-1300,268,0,0
40,R,-1300,269,0,0
40,R,-1300,270,0,0
40,R,-1300,271,0,0
40,R,-1300,272,0,0
40,R,-1300,273,0,0
40,R,-1300,274,0,0
40,R,-1300,275,0,0
40,R,-1300,276,0,0
40,R,-1300,277,0,0
40,R,-1300,278,0,0
40,R,-1300,279,0,0
40,R,-1300,280,0,0
40,R,-1300,281,0,0
40,R,-1300,282,0,0
40,R,-1300,283,0,0
40,R,-1300,284,0,0
40,R,-1300,285,0,0
40,R,-1300,286,0,0
40,R,-1300,287,0,0
40,R,-1300,288,0,0
40,R,-1300,289,0,0
40,R,-1300,290,0,0
40,R,-1300,291,0,0
40,R,-1300,292,0,0
40,R,-1300,293,0,0
40,R,-1300,294,0,0
40,R,-1300,295,0,0
40,R,-1300,296,0,0
40,R,-1300,297,0,0
40,R,-1300,298,0,0
40,R,-1300,299,0,0
41,R,-1350,0,0,0
41,R,-1350,1,0,0
41,R,-1350,2,0,0
41,R,-1350,3,0,0
41,R,-1350,4,0,0
41,R,-1350,5,0,0
41,R,-1350,6,0,0
41,R,-1350,7,0,0
41,R,-1350,8,0,0
41,R,-1350,9,0,0
41,R,-1350,10,0,0
41,R,-1350,11,0,0
41,R,-1350,12,0,0
41,R,-1350,13,0,0
41,R,-1350,14,0,0
41,R,-1350,15,0,0
41,R,-1350,16,0,0
41,R,-1350,17,0,0
41,R,-1350,18,0,0
41,R,-1350,19,0,0
41,R,-1350,20,0,0
41,R,-1350,21,0,0
41,R,-1350,22,0,0
41,R,-1350,23,0,0
41,R,-1350,24,0,0
41,R,-1350,25,0,0
41,R,-1350,26,0,0
41,R,-1350,27,0,0
41,R,-1350,28,0,0
41,R,-1350,29,0,0
41,R,-1350,30,0,0
41,R,-1350,31,0,0
41,R,-1350,32,0,0
41,R,-1350,33,0,0
41,R,-1350,34,0,0
41,R,-1350,35,0,0
41,R,-1350,36,0,0
41,R,-1350,37,0,0
41,R,-1350,38,0,0
41,R,-1350,39,0,0
41,R,-1350,40,0,0
41,R,-1350,41,0,0
41,R,-1350,42,0,0
41,R,-1350,43,0,0
41,R,-1350,44,0,0
41,R,-1350,45,0,0
41,R,-1350,46,0,0
41,R,-1350,47,0,0
41,R,-1350,48,0,0
41,R,-1350,49,0,0
41,R,-1350,50,0,0
41,R,-1350,51,0,0
41,R,-1350,52,0,0
41,R,-1350,53,0,0
41,R,-1350,54,0,0
41,R,-1350,55,0,0
41,R,-1350,56,0,0
41,R,-1350,57,0,0
41,R,-1350,58,0,0
41,R,-1350,59,0,0
41,R,-1350,60,0,0
41,R,-1350,61,0,0
41,R,-1350,62,0,0
41,R,-1350,63,0,0
41,R,-1350,64,0,0
41,R,-1350,65,0,0
41,R,-1350,66,0,0
41,R,-1350,67,0,0
41,R,-1350,68,0,0
41,R,-1350,69,0,0
41,R,-1350,70,0,0
41,R,-1350,71,0,0
41,R,-1350,72,0,0
41,R,-1350,73,0,0
41,R,-1350,74,0,0
41,R,-1350,75,0,0
41,R,-1350,76,0,0
41,R,-1350,77,0,0
41,R,-1350,78,0,0
41,R,-1350,79,0,0
41,R,-1350,80,0,0
41,R,-1350,81,0,0
41,R,-1350,82,0,0
41,R,-1350,83,0,0
41,R,-1350,84,0,0
41,R,-1350,85,0,0
41,R,-1350,86,0,0
41,R,-1350,87,0,0
41,R,-1350,88,0,0
41,R,-1350,89,0,0
41,R,-1350,90,0,0
41,R,-1350,91,0,0
41,R,-1350,92,0,0
41,R,-1350,93,0,0
41,R,-1350,94,0,0
41,R,-1350,95,0,0
41,R,-1350,96,0,0
41,R,-1350,97,0,0
41,R,-1350,98,0,0
41,R,-1350,99,0,0
41,R,-1350,100,0,0
41,R,-1350,101,0,0
41,R,-1350,102,0,0
41,R,-1350,103,0,0
41,R,-1350,104,0,0
41,R,-1350,105,0,0
41,R,-1350,106,0,0
41,R,-1350,107,0,0
41,R,-1350,108,0,0
41,R,-1350,109,0,0
41,R,-1350,110,0,0
41,R,-1350,111,0,0
41,R,-1350,112,0,0
41,R,-1350,113,0,0
41,R,-1350,114,0,0
41,R,-1350,115,0,0
41,R,-1350,116,0,0
41,R,-1350,117,0,0
41,R,-1350,118,0,0
41,R,-1350,119,0,0
41,R,-1350,120,0,0
41,R,-1350,121,0,0
41,R,-1350,122,0,0
41,R,-1350,123,0,0
41,R,-1350,124,0,0
41,R,-1350,125,0,0
41,R,-1350,126,0,0
41,R,-1350,127,0,0
41,R,-1350,128,0,0
41,R,-1350,129,0,0
41,R,-1350,130,0,0
41,R,-1350,131,0,0
41,R,-1350,132,0,0
41,R,-1350,133,0,0
41,R,-1350,134,0,0
41,R,-1350,135,0,0
41,R,-1350,136,0,0
41,R,-1350,137,0,0
41,R,-1350,138,0,0
41,R,-1350,139,0,0
41,R,-1350,140,0,0
41,R,-1350,141,0,0
41,R,-1350,142,0,0
41,R,-1350,143,0,0
41,R,-1350,144,0,0
41,R,-1350,145,0,0
41,R,-1350,146,0,0
41,R,-1350,147,0,0
41,R,-1350,148,0,0
41,R,-1350,149,0,0
41,R,-1350,150,0,0
41,R,-1350,151,0,0
41,R,-1350,152,0,0
41,R,-1350,153,0,0
41,R,-1350,154,0,0
41,R,-1350,155,0,0
41,R,-1350,156,0,0
41,R,-1350,157,0,0
41,R,-1350,158,0,0
41,R,-1350,159,0,0
41,R,-1350,160,0,0
41,R,-1350,161,0,0
41,R,-1350,162,0,0
41,R,-1350,163,0,0
41,R,-1350,164,0,0
41,R,-1350,165,0,0
41,R,-1350,166,0,0
41,R,-1350,167,0,0
41,R,-1350,168,0,0
41,R,-1350,169,0,0
41,R,-1350,170,0,0
41,R,-1350,171,0,0
41,R,-1350,172,0,0
41,R,-1350,173,0,0
41,R,-1350,174,0,0
41,R,-1350,175,0,0
41,R,-1350,176,0,0
41,R,-1350,177,0,0
41,R,-1350,178,0,0
41,R,-1350,179,0,0
41,R,-1350,180,0,0
41,R,-1350,181,0,0
41,R,-1350,182,0,0
41,R,-1350,183,0,0
41,R,-1350,184,0,0
41,R,-1350,185,0,0
41,R,-1350,186,0,0
41,R,-1350,187,0,0
41,R,-1350,188,0,0
41,R,-1350,189,0,0
41,R,-1350,190,0,0
41,R,-1350,191,0,0
41,R,-1350,192,0,0
41,R,-1350,193,0,0
41,R,-1350,194,0,0
41,R,-1350,195,0,0
41,R,-1350,196,0,0
41,R,-1350,197,0,0
41,R,-1350,198,0,0
41,R,-1350,199,0,0
41,R,-1350,200,0,0
41,R,-1350,201,0,0
41,R,-1350,202,0,0
41,R,-1350,203,0,0
41,R,-1350,204,0,0
41,R,-1350,205,0,0
41,R,-1350,206,0,0
41,R,-1350,207,0,0
41,R,-1350,208,0,0
41,R,-1350,209,0,0
41,R,-1350,210,0,0
41,R,-1350,211,0,0
41,R,-1350,212,0,0
41,R,-1350,213,0,0
41,R,-1350,214,0,0
41,R,-1350,215,0,0
41,R,-1350,216,0,0
41,R,-1350,217,0,0
41,R,-1350,218,0,0
41,R,-1350,219,0,0
41,R,-1350,220,0,0
41,R,-1350,221,0,0
41,R,-1350,222,0,0
41,R,-1350,223,0,0
41,R,-1350,224,0,0
41,R,-1350,225,0,0
41,R,-1350,226,0,0
41,R,-1350,227,0,0
41,R,-1350,228,0,0
41,R,-1350,229,0,0
41,R,-1350,230,0,0
41,R,-1350,231,0,0
41,R,-1350,232,0,0
41,R,-1350,233,0,0
41,R,-1350,234,0,0
41,R,-1350,235,0,0
41,R,-1350,236,0,0
41,R,-1350,237,0,0
41,R,-1350,238,0,0
41,R,-1350,239,0,0
41,R,-1350,240,0,0
41,R,-1350,241,0,0
41,R,-1350,242,0,0
41,R,-1350,243,0,0
41,R,-1350,244,0,0
41,R,-1350,245,0,0
41,R,-1350,246,0,0
41,R,-1350,247,0,0
41,R,-1350,248,0,0
41,R,-1350,249,0,0
41,R,-1350,250,0,0
41,R,-1350,251,0,0
41,R,-1350,252,0,0
41,R,-1350,253,0,0
41,R,-1350,254,0,0
41,R,-1350,255,0,0
41,R,-1350,256,0,0
41,R,-1350,257,0,0
41,R,-1350,258,0,0
41,R,-1350,259,0,0
41,R,-1350,260,0,0
41,R,-1350,261,0,0
41,R,-1350,262,0,0
41,R,-1350,263,0,0
41,R,-1350,264,0,0
41,R,-1350,265,0,0
41,R,-1350,266,0,0
41,R,-1350,267,0,0
41,R,-1350,268,0,0
41,R,-1350,269,0,0
41,R,-1350,270,0,0
41,R,-1350,271,0,0
41,R,-1350,272,0,0
41,R,-1350,273,0,0
41,R,-1350,274,0,0
41,R,-1350,275,0,0
41,R,-1350,276,0,0
41,R,-1350,277,0,0
41,R,-1350,278,0,0
41,R,-1350,279,0,0
41,R,-1350,280,0,0
41,R,-1350,281,0,0
41,R,-1350,282,0,0
41,R,-1350,283,0,0
41,R,-1350,284,0,0
41,R,-1350,285,0,0
41,R,-1350,286,0,0
41,R,-1350,287,0,0
41,R,-1350,288,0,0
41,R,-1350,289,0,0
41,R,-1350,290,0,0
41,R,-1350,291,0,0
41,R,-1350,292,0,0
41,R,-1350,293,0,0
41,R,-1350,294,0,0
41,R,-1350,295,0,0
41,R,-1350,296,0,0
41,R,-1350,297,0,0
41,R,-1350,298,0,0
41,R,-1350,299,0,0
42,R,-1400,0,0,0
42,R,-1400,1,0,0
42,R,-1400,2,0,0
42,R,-1400,3,0,0
42,R,-1400,4,0,0
42,R,-1400,5,0,0
42,R,-1400,6,0,0
42,R,-1400,7,0,0
42,R,-1400,8,0,0
42,R,-1400,9,0,0
42,R,-1400,10,0,0
42,R,-1400,11,0,0
42,R,-1400,12,0,0
42,R,-1400,13,0,0
42,R,-1400,14,0,0
42,R,-1400,15,0,0
42,R,-1400,16,0,0
42,R,-1400,17,0,0
42,R,-1400,18,0,0
42,R,-1400,19,0,0
42,R,-1400,20,0,0
42,R,-1400,21,0,0
42,R,-1400,22,0,0
42,R,-1400,23,0,0
42,R,-1400,24,0,0
42,R,-1400,25,0,0
42,R,-1400,26,0,0
42,R,-1400,27,0,0
42,R,-1400,28,0,0
42,R,-1400,29,0,0
42,R,-1400,30,0,0
42,R,-1400,31,0,0
42,R,-1400,32,0,0
42,R,-1400,33,0,0
42,R,-1400,34,0,0
42,R,-1400,35,0,0
42,R,-1400,36,0,0
42,R,-1400,37,0,0
42,R,-1400,38,0,0
42,R,-1400,39,0,0
42,R,-1400,40,0,0
42,R,-1400,41,0,0
42,R,-1400,42,0,0
42,R,-1400,43,0,0
42,R,-1400,44,0,0
42,R,-1400,45,0,0
42,R,-1400,46,0,0
42,R,-1400,47,0,0
42,R,-1400,48,0,0
42,R,-1400,49,0,0
42,R,-1400,50,0,0
42,R,-1400,51,0,0
42,R,-1400,52,0,0
42,R,-1400,53,0,0
42,R,-1400,54,0,0
42,R,-1400,55,0,0
42,R,-1400,56,0,0
42,R,-1400,57,0,0
42,R,-1400,58,0,0
42,R,-1400,59,0,0
42,R,-1400,60,0,0
42,R,-1400,61,0,0
42,R,-1400,62,0,0
42,R,-1400,63,0,0
42,R,-1400,64,0,0
42,R,-1400,65,0,0
42,R,-1400,66,0,0
42,R,-1400,67,0,0
42,R,-1400,68,0,0
42,R,-1400,69,0,0
42,R,-1400,70,0,0
42,R,-1400,71,0,0
42,R,-1400,72,0,0
42,R,-1400,73,0,0
42,R,-1400,74,0,0
42,R,-1400,75,0,0
42,R,-1400,76,0,0
42,R,-1400,77,0,0
42,R,-1400,78,0,0
42,R,-1400,79,0,0
42,R,-1400,80,0,0
42,R,-1400,81,0,0
42,R,-1400,82,0,0
42,R,-1400,83,0,0
42,R,-1400,84,0,0
42,R,-1400,85,0,0
42,R,-1400,86,0,0
42,R,-1400,87,0,0
42,R,-1400,88,0,0
42,R,-1400,89,0,0
42,R,-1400,90,0,0
42,R,-1400,91,0,0
42,R,-1400,92,0,0
42,R,-1400,93,0,0
42,R,-1400,94,0,0
42,R,-1400,95,0,0
42,R,-1400,96,0,0
42,R,-1400,97,0,0
42,R,-1400,98,0,0
42,R,-1400,99,0,0
42,R,-1400,100,0,0
42,R,-1400,101,0,0
42,R,-1400,102,0,0
42,R,-1400,103,0,0
42,R,-1400,104,0,0
42,R,-1400,105,0,0
42,R,-1400,106,0,0
42,R,-1400,107,0,0
42,R,-1400,108,0,0
42,R,-1400,109,0,0
42,R,-1400,110,0,0
42,R,-1400,111,0,0
42,R,-1400,112,0,0
42,R,-1400,113,0,0
42,R,-1400,114,0,0
42,R,-1400,115,0,0
42,R,-1400,116,0,0
42,R,-1400,117,0,0
42,R,-1400,118,0,0
42,R,-1400,119,0,0
42,R,-1400,120,0,0
42,R,-1400,121,0,0
42,R,-1400,122,0,0
42,R,-1400,123,0,0
42,R,-1400,124,0,0
42,R,-1400,125,0,0
42,R,-1400,126,0,0
42,R,-1400,127,0,0
42,R,-1400,128,0,0
42,R,-1400,129,0,0
42,R,-1400,130,0,0
42,R,-1400,131,0,0
42,R,-1400,132,0,0
42,R,-1400,133,0,0
42,R,-1400,134,0,0
42,R,-1400,135,0,0
42,R,-1400,136,0,0
42,R,-1400,137,0,0
42,R,-1400,138,0,0
42,R,-1400,139,0,0
42,R,-1400,140,0,0
42,R,-1400,141,0,0
42,R,-1400,142,0,0
42,R,-1400,143,0,0
42,R,-1400,144,0,0
42,R,-1400,145,0,0
42,R,-1400,146,0,0
42,R,-1400,147,0,0
42,R,-1400,148,0,0
42,R,-1400,149,0,0
42,R,-1400,150,0,0
42,R,-1400,151,0,0
42,R,-1400,152,0,0
42,R,-1400,153,0,0
42,R,-1400,154,0,0
42,R,-1400,155,0,0
42,R,-1400,156,0,0
42,R,-1400,157,0,0
42,R,-1400,158,0,0
42,R,-1400,159,0,0
42,R,-1400,160,0,0
42,R,-1400,161,0,0
42,R,-1400,162,0,0
42,R,-1400,163,0,0
42,R,-1400,164,0,0
42,R,-1400,165,0,0
42,R,-1400,166,0,0
42,R,-1400,167,0,0
42,R,-1400,168,0,0
42,R,-1400,169,0,0
42,R,-1400,170,0,0
42,R,-1400,171,0,0
42,R,-1400,172,0,0
42,R,-1400,173,0,0
42,R,-1400,174,0,0
42,R,-1400,175,0,0
42,R,-1400,176,0,0
42,R,-1400,177,0,0
42,R,-1400,178,0,0
42,R,-1400,179,0,0
42,R,-1400,180,0,0
42,R,-1400,181,0,0
42,R,-1400,182,0,0
42,R,-1400,183,0,0
42,R,-1400,184,0,0
42,R,-1400,185,0,0
42,R,-1400,186,0,0
42,R,-1400,187,0,0
42,R,-1400,188,0,0
42,R,-1400,189,0,0
42,R,-1400,190,0,0
42,R,-1400,191,0,0
42,R,-1400,192,0,0
42,R,-1400,193,0,0
42,R,-1400,194,0,0
42,R,-1400,195,0,0
42,R,-1400,196,0,0
42,R,-1400,197,0,0
42,R,-1400,198,0,0
42,R,-1400,199,0,0
42,R,-1400,200,0,0
42,R,-1400,201,0,0
42,R,-1400,202,0,0
42,R,-1400,203,0,0
42,R,-1400,204,0,0
42,R,-1400,205,0,0
42,R,-1400,206,0,0
42,R,-1400,207,0,0
42,R,-1400,208,0,0
42,R,-1400,209,0,0
42,R,-1400,210,0,0
42,R,-1400,211,0,0
42,R,-1400,212,0,0
42,R,-1400,213,0,0
42,R,-1400,214,0,0
42,R,-1400,215,0,0
42,R,-1400,216,0,0
42,R,-1400,217,0,0
42,R,-1400,218,0,0
42,R,-1400,219,0,0
42,R,-1400,220,0,0
42,R,-1400,221,0,0
42,R,-1400,222,0,0
42,R,-1400,223,0,0
42,R,-1400,224,0,0
42,R,-1400,225,0,0
42,R,-1400,226,0,0
42,R,-1400,227,0,0
42,R,-1400,228,0,0
42,R,-1400,229,0,0
42,R,-1400,230,0,0
42,R,-1400,231,0,0
42,R,-1400,232,0,0
42,R,-1400,233,0,0
42,R,-1400,234,0,0
42,R,-1400,235,0,0
42,R,-1400,236,0,0
42,R,-1400,237,0,0
42,R,-1400,238,0,0
42,R,-1400,239,0,0
42,R,-1400,240,0,0
42,R,-1400,241,0,0
42,R,-1400,242,0,0
42,R,-1400,243,0,0
42,R,-1400,244,0,0
42,R,-1400,245,0,0
42,R,-1400,246,0,0
42,R,-1400,247,0,0
42,R,-1400,248,0,0
42,R,-1400,249,0,0
42,R,-1400,250,0,0
42,R,-1400,251,0,0
42,R,-1400,252,0,0
42,R,-1400,253,0,0
42,R,-1400,254,0,0
42,R,-1400,255,0,0
42,R,-1400,256,0,0
42,R,-1400,257,0,0
42,R,-1400,258,0,0
42,R,-1400,259,0,0
42,R,-1400,260,0,0
42,R,-1400,261,0,0
42,R,-1400,262,0,0
42,R,-1400,263,0,0
42,R,-1400,264,0,0
42,R,-1400,265,0,0
42,R,-1400,266,0,0
42,R,-1400,267,0,0
42,R,-1400,268,0,0
42,R,-1400,269,0,0
42,R,-1400,270,0,0
42,R,-1400,271,0,0
42,R,-1400,272,0,0
42,R,-1400,273,0,0
42,R,-1400,274,0,0
42,R,-1400,275,0,0
42,R,-1400,276,0,0
42,R,-1400,277,0,0
42,R,-1400,278,0,0
42,R,-1400,279,0,0
42,R,-1400,280,0,0
42,R,-1400,281,0,0
42,R,-1400,282,0,0
42,R,-1400,283,0,0
42,R,-1400,284,0,0
42,R,-1400,285,0,0
42,R,-1400,286,0,0
42,R,-1400,287,0,0
42,R,-1400,288,0,0
42,R,-1400,289,0,0
42,R,-1400,290,0,0
42,R,-1400,291,0,0
42,R,-1400,292,0,0
42,R,-1400,293,0,0
42,R,-1400,294,0,0
42,R,-1400,295,0,0
42,R,-1400,296,0,0
42,R,-1400,297,0,0
42,R,-1400,298,0,0
42,R,-1400,299,0,0
43,R,-1450,0,0,0
43,R,-1450,1,0,0
43,R,-1450,2,0,0
43,R,-1450,3,0,0
43,R,-1450,4,0,0
43,R,-1450,5,0,0
43,R,-1450,6,0,0
43,R,-1450,7,0,0
43,R,-1450,8,0,0
43,R,-1450,9,0,0
43,R,-1450,10,0,0
43,R,-1450,11,0,0
43,R,-1450,12,0,0
43,R,-1450,13,0,0
43,R,-1450,14,0,0
43,R,-1450,15,0,0
43,R,-1450,16,0,0
43,R,-1450,17,0,0
43,R,-1450,18,0,0
43,R,-1450,19,0,0
43,R,-1450,20,0,0
43,R,-1450,21,0,0
43,R,-1450,22,0,0
43,R,-1450,23,0,0
43,R,-1450,24,0,0
43,R,-1450,25,0,0
43,R,-1450,26,0,0
43,R,-1450,27,0,0
43,R,-1450,28,0,0
43,R,-1450,29,0,0
43,R,-1450,30,0,0
43,R,-1450,31,0,0
43,R,-1450,32,0,0
43,R,-1450,33,0,0
43,R,-1450,34,0,0
43,R,-1450,35,0,0
43,R,-1450,36,0,0
43,R,-1450,37,0,0
43,R,-1450,38,0,0
43,R,-1450,39,0,0
43,R,-1450,40,0,0
43,R,-1450,41,0,0
43,R,-1450,42,0,0
43,R,-1450,43,0,0
43,R,-1450,44,0,0
43,R,-1450,45,0,0
43,R,-1450,46,0,0
43,R,-1450,47,0,0
43,R,-1450,48,0,0
43,R,-1450,49,0,0
43,R,-1450,50,0,0
43,R,-1450,51,0,0
43,R,-1450,52,0,0
43,R,-1450,53,0,0
43,R,-1450,54,0,0
43,R,-1450,55,0,0
43,R,-1450,56,0,0
43,R,-1450,57,0,0
43,R,-1450,58,0,0
43,R,-1450,59,0,0
43,R,-1450,60,0,0
43,R,-1450,61,0,0
43,R,-1450,62,0,0
43,R,-1450,63,0,0
43,R,-1450,64,0,0
43,R,-1450,65,0,0
43,R,-1450,66,0,0
43,R,-1450,67,0,0
43,R,-1450,68,0,0
43,R,-1450,69,0,0
43,R,-1450,70,0,0
43,R,-1450,71,0,0
43,R,-1450,72,0,0
43,R,-1450,73,0,0
43,R,-1450,74,0,0
43,R,-1450,75,0,0
43,R,-1450,76,0,0
43,R,-1450,77,0,0
43,R,-1450,78,0,0
43,R,-1450,79,0,0
43,R,-1450,80,0,0
43,R,-1450,81,0,0
43,R,-1450,82,0,0
43,R,-1450,83,0,0
43,R,-1450,84,0,0
43,R,-1450,85,0,0
43,R,-1450,86,0,0
43,R,-1450,87,0,0
43,R,-1450,88,0,0
43,R,-1450,89,0,0
43,R,-1450,90,0,0
43,R,-1450,91,0,0
43,R,-1450,92,0,0
43,R,-1450,93,0,0
43,R,-1450,94,0,0
43,R,-1450,95,0,0
43,R,-1450,96,0,0
43,R,-1450,97,0,0
43,R,-1450,98,0,0
43,R,-1450,99,0,0
43,R,-1450,100,0,0
43,R,-1450,101,0,0
43,R,-1450,102,0,0
43,R,-1450,103,0,0
43,R,-1450,104,0,0
43,R,-1450,105,0,0
43,R,-1450,106,0,0
43,R,-1450,107,0,0
43,R,-1450,108,0,0
43,R,-1450,109,0,0
43,R,-1450,110,0,0
43,R,-1450,111,0,0
43,R,-1450,112,0,0
43,R,-1450,113,0,0
43,R,-1450,114,0,0
43,R,-1450,115,0,0
43,R,-1450,116,0,0
43,R,-1450,117,0,0
43,R,-1450,118,0,0
43,R,-1450,119,0,0
43,R,-1450,120,0,0
43,R,-1450,121,0,0
43,R,-1450,122,0,0
43,R,-1450,123,0,0
43,R,-1450,124,0,0
43,R,-1450,125,0,0
43,R,-1450,126,0,0
43,R,-1450,127,0,0
43,R,-1450,128,0,0
43,R,-1450,129,0,0
43,R,-1450,130,0,0
43,R,-1450,131,0,0
43,R,-1450,132,0,0
43,R,-1450,133,0,0
43,R,-1450,134,0,0
43,R,-1450,135,0,0
43,R,-1450,136,0,0
43,R,-1450,137,0,0
43,R,-1450,138,0,0
43,R,-1450,139,0,0
43,R,-1450,140,0,0
43,R,-1450,141,0,0
43,R,-1450,142,0,0
43,R,-1450,143,0,0
43,R,-1450,144,0,0
43,R,-1450,145,0,0
43,R,-1450,146,0,0
43,R,-1450,147,0,0
43,R,-1450,148,0,0
43,R,-1450,149,0,0
43,R,-1450,150,0,0
43,R,-1450,151,0,0
43,R,-1450,152,0,0
43,R,-1450,153,0,0
43,R,-1450,154,0,0
43,R,-1450,155,0,0
43,R,-1450,156,0,0
43,R,-1450,157,0,0
43,R,-1450,158,0,0
43,R,-1450,159,0,0
43,R,-1450,160,0,0
43,R,-1450,161,0,0
43,R,-1450,162,0,0
43,R,-1450,163,0,0
43,R,-1450,164,0,0
43,R,-1450,165,0,0
43,R,-1450,166,0,0
43,R,-1450,167,0,0
43,R,-1450,168,0,0
43,R,-1450,169,0,0
43,R,-1450,170,0,0
43,R,-1450,171,0,0
43,R,-1450,172,0,0
43,R,-1450,173,0,0
43,R,-1450,174,0,0
43,R,-1450,175,0,0
43,R,-1450,176,0,0
43,R,-1450,177,0,0
43,R,-1450,178,0,0
43,R,-1450,179,0,0
43,R,-1450,180,0,0
43,R,-1450,181,0,0
43,R,-1450,182,0,0
43,R,-1450,183,0,0
43,R,-1450,184,0,0
43,R,-1450,185,0,0
43,R,-1450,186,0,0
43,R,-1450,187,0,0
43,R,-1450,188,0,0
43,R,-1450,189,0,0
43,R,-1450,190,0,0
43,R,-1450,191,0,0
43,R,-1450,192,0,0
43,R,-1450,193,0,0
43,R,-1450,194,0,0
43,R,-1450,195,0,0
43,R,-1450,196,0,0
43,R,-1450,197,0,0
43,R,-1450,198,0,0
43,R,-1450,199,0,0
43,R,-1450,200,0,0
43,R,-1450,201,0,0
43,R,-1450,202,0,0
43,R,-1450,203,0,0
43,R,-1450,204,0,0
43,R,-1450,205,0,0
43,R,-1450,206,0,0
43,R,-1450,207,0,0
43,R,-1450,208,0,0
43,R,-1450,209,0,0
43,R,-1450,210,0,0
43,R,-1450,211,0,0
43,R,-1450,212,0,0
43,R,-1450,213,0,0
43,R,-1450,214,0,0
43,R,-1450,215,0,0
43,R,-1450,216,0,0
43,R,-1450,217,0,0
43,R,-1450,218,0,0
43,R,-1450,219,0,0
43,R,-1450,220,0,0
43,R,-1450,221,0,0
43,R,-1450,222,0,0
43,R,-1450,223,0,0
43,R,-1450,224,0,0
43,R,-1450,225,0,0
43,R,-1450,226,0,0
43,R,-1450,227,0,0
43,R,-1450,228,0,0
43,R,-1450,229,0,0
43,R,-1450,230,0,0
43,R,-1450,231,0,0
43,R,-1450,232,0,0
43,R,-1450,233,0,0
43,R,-1450,234,0,0
43,R,-1450,235,0,0
43,R,-1450,236,0,0
43,R,-1450,237,0,0
43,R,-1450,238,0,0
43,R,-1450,239,0,0
43,R,-1450,240,0,0
43,R,-1450,241,0,0
43,R,-1450,242,0,0
43,R,-1450,243,0,0
43,R,-1450,244,0,0
43,R,-1450,245,0,0
43,R,-1450,246,0,0
43,R,-1450,247,0,0
43,R,-1450,248,0,0
43,R,-1450,249,0,0
43,R,-1450,250,0,0
43,R,-1450,251,0,0
43,R,-1450,252,0,0
43,R,-1450,253,0,0
43,R,-1450,254,0,0
43,R,-1450,255,0,0
43,R,-1450,256,0,0
43,R,-1450,257,0,0
43,R,-1450,258,0,0
43,R,-1450,259,0,0
43,R,-1450,260,0,0
43,R,-1450,261,0,0
43,R,-1450,262,0,0
43,R,-1450,263,0,0
43,R,-1450,264,0,0
43,R,-1450,265,0,0
43,R,-1450,266,0,0
43,R,-1450,267,0,0
43,R,-1450,268,0,0
43,R,-1450,269,0,0
43,R,-1450,270,0,0
43,R,-1450,271,0,0
43,R,-1450,272,0,0
43,R,-1450,273,0,0
43,R,-1450,274,0,0
43,R,-1450,275,0,0
43,R,-1450,276,0,0
43,R,-1450,277,0,0
43,R,-1450,278,0,0
43,R,-1450,279,0,0
43,R,-1450,280,0,0
43,R,-1450,281,0,0
43,R,-1450,282,0,0
43,R,-1450,283,0,0
43,R,-1450,284,0,0
43,R,-1450,285,0,0
43,R,-1450,286,0,0
43,R,-1450,287,0,0
43,R,-1450,288,0,0
43,R,-1450,289,0,0
43,R,-1450,290,0,0
43,R,-1450,291,0,0
43,R,-1450,292,0,0
43,R,-1450,293,0,0
43,R,-1450,294,0,0
43,R,-1450,295,0,0
43,R,-1450,296,0,0
43,R,-1450,297,0,0
43,R,-1450,298,0,0
43,R,-1450,299,0,0
44,R,-1500,0,0,0
44,R,-1500,1,0,0
44,R,-1500,2,0,0
44,R,-1500,3,0,0
44,R,-1500,4,0,-1
44,R,-1500,5,0,0
44,R,-1500,6,0,0
44,R,-1500,7,0,0
44,R,-1500,8,0,0
44,R,-1500,9,0,-1
44,R,-1500,10,0,0
44,R,-1500,11,0,0
44,R,-1500,12,0,-1
44,R,-1500,13,0,0
44,R,-1500,14,0,0
44,R,-1500,15,0,-1
44,R,-1500,16,0,0
44,R,-1500,17,0,0
44,R,-1500,18,0,-1
44,R,-1500,19,0,0
44,R,-1500,20,0,-1
44,R,-1500,21,0,-1
44,R,-1500,22,0,-1
44,R,-1500,23,0,0
44,R,-1500,24,0,-1
44,R,-1500,25,0,-1
44,R,-1500,26,0,-1
44,R,-1500,27,0,-1
44,R,-1500,28,0,-1
44,R,-1500,29,0,-1
44,R,-1500,30,0,-1
44,R,-1500,31,0,-1
44,R,-1500,32,0,-1
44,R,-1500,33,0,-2
44,R,-1500,34,0,-1
44,R,-1500,35,0,-1
44,R,-1500,36,0,-1
44,R,-1500,37,0,-2
44,R,-1500,38,0,0
44,R,-1500,39,0,-2
44,R,-1500,40,0,-1
44,R,-1500,41,0,-1
44,R,-1500,42,0,-2
44,R,-1500,43,0,-2
44,R,-1500,44,0,-1
44,R,-1500,45,0,-2
44,R,-1500,46,0,-1
44,R,-1500,47,0,-1
44,R,-1500,48,0,-2
44,R,-1500,49,0,-1
44,R,-1500,50,0,-3
44,R,-1500,51,0,-1
44,R,-1500,52,0,-2
44,R,-1500,53,0,-2
44,R,-1500,54,0,-1
44,R,-1500,55,0,-2
44,R,-1500,56,0,-1
44,R,-1500,57,0,-3
44,R,-1500,58,0,-1
44,R,-1500,59,0,-2
44,R,-1500,60,0,-2
44,R,-1500,61,0,-1
44,R,-1500,62,0,-3
44,R,-1500,63,0,-1
44,R,-1500,64,0,-2
44,R,-1500,65,0,-2
44,R,-1500,66,0,-2
44,R,-1500,67,0,-2
44,R,-1500,68,0,-2
44,R,-1500,69,0,-1
44,R,-1500,70,0,-3
44,R,-1500,71,0,-1
44,R,-1500,72,0,-3
44,R,-1500,73,0,-1
44,R,-1500,74,0,-3
44,R,-1500,75,0,-1
44,R,-1500,76,0,-3
44,R,-1500,77,0,-2
44,R,-1500,78,0,-2
44,R,-1500,79,0,-2
44,R,-1500,80,0,-2
44,R,-1500,81,0,-2
44,R,-1500,82,0,-2
44,R,-1500,83,0,-2
44,R,-1500,84,0,-3
44,R,-1500,85,0,-2
44,R,-1500,86,0,-2
44,R,-1500,87,0,-2
44,R,-1500,88,0,-2
44,R,-1500,89,0,-3
44,R,-1500,90,0,-1
44,R,-1500,91,0,-3
44,R,-1500,92,0,-2
44,R,-1500,93,0,-2
44,R,-1500,94,0,-2
44,R,-1500,95,0,-3
44,R,-1500,96,0,-2
44,R,-1500,97,0,-2
44,R,-1500,98,0,-3
44,R,-1500,99,0,-2
44,R,-1500,100,0,-2
44,R,-1500,101,0,-2
44,R,-1500,102,0,-3
44,R,-1500,103,0,-2
44,R,-1500,104,0,-2
44,R,-1500,105,0,-3
44,R,-1500,106,0,-2
44,R,-1500,107,0,-2
44,R,-1500,108,0,-2
44,R,-1500,109,0,-3
44,R,-1500,110,0,-3
44,R,-1500,111,0,-1
44,R,-1500,112,0,-3
44,R,-1500,113,0,-2
44,R,-1500,114,0,-3
44,R,-1500,115,0,-3
44,R,-1500,116,0,-1
44,R,-1500,117,0,-3
44,R,-1500,118,0,-2
44,R,-1500,119,0,-3
44,R,-1500,120,0,-3
44,R,-1500,121,0,-2
44,R,-1500,122,0,-2
44,R,-1500,123,0,-3
44,R,-1500,124,0,-2
44,R,-1500,125,0,-3
44,R,-1500,126,0,-2
44,R,-1500,127,0,-3
44,R,-1500,128,0,-2
44,R,-1500,129,0,-2
44,R,-1500,130,0,-3
44,R,-1500,131,0,-3
44,R,-1500,132,0,-2
44,R,-1500,133,0,-3
44,R,-1500,134,0,-2
44,R,-1500,135,0,-3
44,R,-1500,136,0,-3
44,R,-1500,137,0,-2
44,R,-1500,138,0,-3
44,R,-1500,139,0,-2
44,R,-1500,140,0,-2
44,R,-1500,141,0,-3
44,R,-1500,142,0,-3
44,R,-1500,143,0,-2
44,R,-1500,144,0,-3
44,R,-1500,145,0,-2
44,R,-1500,146,0,-3
44,R,-1500,147,0,-3
44,R,-1500,148,0,-2
44,R,-1500,149,0,-3
44,R,-1500,150,0,-3
44,R,-1500,151,0,-2
44,R,-1500,152,0,-3
44,R,-1500,153,0,-3
44,R,-1500,154,0,-2
44,R,-1500,155,0,-3
44,R,-1500,156,0,-3
44,R,-1500,157,0,-2
44,R,-1500,158,0,-3
44,R,-1500,159,0,-3
44,R,-1500,160,0,-2
44,R,-1500,161,0,-3
44,R,-1500,162,0,-2
44,R,-1500,163,0,-3
44,R,-1500,164,0,-3
44,R,-1500,165,0,-2
44,R,-1500,166,0,-3
44,R,-1500,167,0,-3
44,R,-1500,168,0,-2
44,R,-1500,169,0,-3
44,R,-1500,170,0,-3
44,R,-1500,171,0,-3
44,R,-1500,172,0,-2
44,R,-1500,173,0,-3
44,R,-1500,174,0,-3
44,R,-1500,175,0,-2
44,R,-1500,176,0,-3
44,R,-1500,177,0,-3
44,R,-1500,178,0,-2
44,R,-1500,179,0,-3
44,R,-1500,180,0,-3
44,R,-1500,181,0,-2
44,R,-1500,182,0,-3
44,R,-1500,183,0,-3
44,R,-1500,184,0,-2
44,R,-1500,185,0,-3
44,R,-1500,186,0,-3
44,R,-1500,187,0,-2
44,R,-1500,188,0,-3
44,R,-1500,189,0,-3
44,R,-1500,190,0,-2
44,R,-1500,191,0,-3
44,R,-1500,192,0,-3
44,R,-1500,193,0,-2
44,R,-1500,194,0,-3
44,R,-1500,195,0,-3
44,R,-1500,196,0,-3
44,R,-1500,197,0,-2
44,R,-1500,198,0,-4
44,R,-1500,199,0,-2
44,R,-1500,200,0,-3
44,R,-1500,201,0,-3
44,R,-1500,202,0,-3
44,R,-1500,203,0,-2
44,R,-1500,204,0,-3
44,R,-1500,205,0,-2
44,R,-1500,206,0,-2
44,R,-1500,207,0,-3
44,R,-1500,208,0,-2
44,R,-1500,209,0,-2
44,R,-1500,210,0,-2
44,R,-1500,211,0,-3
44,R,-1500,212,0,-2
44,R,-1500,213,0,-2
44,R,-1500,214,0,-2
44,R,-1500,215,0,-2
44,R,-1500,216,0,-1
44,R,-1500,217,0,-3
44,R,-1500,218,0,-1
44,R,-1500,219,0,-2
44,R,-1500,220,0,-1
44,R,-1500,221,0,-2
44,R,-1500,222,0,-2
44,R,-1500,223,0,-1
44,R,-1500,224,0,-2
44,R,-1500,225,0,-1
44,R,-1500,226,0,-1
44,R,-1500,227,0,-2
44,R,-1500,228,0,-1
44,R,-1500,229,0,-1
44,R,-1500,230,0,-1
44,R,-1500,231,0,-1
44,R,-1500,232,0,-1
44,R,-1500,233,0,-1
44,R,-1500,234,0,-1
44,R,-1500,235,0,-1
44,R,-1500,236,0,-1
44,R,-1500,237,0,0
44,R,-1500,238,0,-1
44,R,-1500,239,0,-1
44,R,-1500,240,0,0
44,R,-1500,241,0,-1
44,R,-1500,242,0,0
44,R,-1500,243,0,-1
44,R,-1500,244,0,0
44,R,-1500,245,0,0
44,R,-1500,246,0,0
44,R,-1500,247,0,-1
44,R,-1500,248,0,0
44,R,-1500,249,0,0
44,R,-1500,250,0,0
44,R,-1500,251,0,0
44,R,-1500,252,0,0
44,R,-1500,253,0,0
44,R,-1500,254,0,0
44,R,-1500,255,0,0
44,R,-1500,256,0,0
44,R,-1500,257,0,0
44,R,-1500,258,0,0
44,R,-1500,259,0,0
44,R,-1500,260,0,0
44,R,-1500,261,0,0
44,R,-1500,262,0,0
44,R,-1500,263,0,0
44,R,-1500,264,0,0
44,R,-1500,265,0,0
44,R,-1500,266,0,0
44,R,-1500,267,0,0
44,R,-1500,268,0,0
44,R,-1500,269,0,0
44,R,-1500,270,0,0
44,R,-1500,271,0,0
44,R,-1500,272,0,0
44,R,-1500,273,0,0
44,R,-1500,274,0,0
44,R,-1500,275,0,0
44,R,-1500,276,0,0
44,R,-1500,277,0,0
44,R,-1500,278,0,0
44,R,-1500,279,0,0
44,R,-1500,280,0,0
44,R,-1500,281,0,0
44,R,-1500,282,0,0
44,R,-1500,283,0,0
44,R,-1500,284,0,0
44,R,-1500,285,0,0
44,R,-1500,286,0,0
44,R,-1500,287,0,0
44,R,-1500,288,0,0
44,R,-1500,289,0,0
44,R,-1500,290,0,0
44,R,-1500,291,0,0
44,R,-1500,292,0,0
44,R,-1500,293,0,0
44,R,-1500,294,0,0
44,R,-1500,295,0,0
44,R,-1500,296,0,0
44,R,-1500,297,0,0
44,R,-1500,298,0,0
44,R,-1500,299,0,0
45,R,-1550,0,0,0
45,R,-1550,1,0,0
45,R,-1550,2,0,-1
45,R,-1550,3,0,0
45,R,-1550,4,0,0
45,R,-1550,5,0,-1
45,R,-1550,6,0,0
45,R,-1550,7,0,-1
45,R,-1550,8,0,0
45,R,-1550,9,0,-1
45,R,-1550,10,0,-1
45,R,-1550,11,0,-1
45,R,-1550,12,0,-1
45,R,-1550,13,0,0
45,R,-1550,14,0,-2
45,R,-1550,15,0,-1
45,R,-1550,16,0,-1
45,R,-1550,17,0,-2
45,R,-1550,18,0,-2
45,R,-1550,19,0,-1
45,R,-1550,20,0,-2
45,R,-1550,21,0,-1
45,R,-1550,22,0,-2
45,R,-1550,23,0,-2
45,R,-1550,24,0,-1
45,R,-1550,25,0,-2
45,R,-1550,26,0,-2
45,R,-1550,27,0,-2
45,R,-1550,28,0,-2
45,R,-1550,29,0,-2
45,R,-1550,30,0,-2
45,R,-1550,31,0,-3
45,R,-1550,32,0,-2
45,R,-1550,33,0,-2
45,R,-1550,34,0,-2
45,R,-1550,35,0,-2
45,R,-1550,36,0,-3
45,R,-1550,37,0,-2
45,R,-1550,38,0,-3
45,R,-1550,39,0,-3
45,R,-1550,40,0,-2
45,R,-1550,41,0,-3
45,R,-1550,42,0,-2
45,R,-1550,43,0,-2
45,R,-1550,44,0,-3
45,R,-1550,45,0,-3
45,R,-1550,46,0,-2
45,R,-1550,47,0,-3
45,R,-1550,48,0,-3
45,R,-1550,49,0,-3
45,R,-1550,50,0,-3
45,R,-1550,51,0,-3
45,R,-1550,52,0,-2
45,R,-1550,53,0,-3
45,R,-1550,54,0,-3
45,R,-1550,55,0,-4
45,R,-1550,56,0,-2
45,R,-1550,57,0,-3
45,R,-1550,58,0,-3
45,R,-1550,59,0,-4
45,R,-1550,60,0,-2
45,R,-1550,61,0,-3
45,R,-1550,62,0,-4
45,R,-1550,63,0,-3
45,R,-1550,64,0,-3
45,R,-1550,65,0,-3
45,R,-1550,66,0,-3
45,R,-1550,67,0,-4
45,R,-1550,68,0,-3
45,R,-1550,69,0,-3
45,R,-1550,70,0,-3
45,R,-1550,71,0,-3
45,R,-1550,72,0,-4
45,R,-1550,73,0,-3
45,R,-1550,74,0,-4
45,R,-1550,75,0,-3
45,R,-1550,76,0,-3
45,R,-1550,77,0,-3
45,R,-1550,78,0,-4
45,R,-1550,79,0,-3
45,R,-1550,80,0,-4
45,R,-1550,81,0,-3
45,R,-1550,82,0,-3
45,R,-1550,83,0,-4
45,R,-1550,84,0,-3
45,R,-1550,85,0,-4
45,R,-1550,86,0,-4
45,R,-1550,87,0,-3
45,R,-1550,88,0,-4
45,R,-1550,89,0,-3
45,R,-1550,90,0,-3
45,R,-1550,91,0,-4
45,R,-1550,92,0,-3
45,R,-1550,93,0,-4
45,R,-1550,94,0,-4
45,R,-1550,95,0,-4
45,R,-1550,96,0,-3
45,R,-1550,97,0,-4
45,R,-1550,98,0,-4
45,R,-1550,99,0,-3
45,R,-1550,100,0,-3
45,R,-1550,101,0,-4
45,R,-1550,102,0,-4
45,R,-1550,103,0,-3
45,R,-1550,104,0,-4
45,R,-1550,105,0,-4
45,R,-1550,106,0,-4
45,R,-1550,107,0,-4
45,R,-1550,108,0,-3
45,R,-1550,109,0,-4
45,R,-1550,110,0,-4
45,R,-1550,111,0,-4
45,R,-1550,112,0,-4
45,R,-1550,113,0,-3
45,R,-1550,114,0,-4
45,R,-1550,115,0,-3
45,R,-1550,116,0,-4
45,R,-1550,117,0,-4
45,R,-1550,118,0,-4
45,R,-1550,119,0,-3
45,R,-1550,120,0,-4
45,R,-1550,121,0,-4
45,R,-1550,122,0,-4
45,R,-1550,123,0,-4
45,R,-1550,124,0,-4
45,R,-1550,125,0,-4
45,R,-1550,126,0,-4
45,R,-1550,127,0,-4
45,R,-1550,128,0,-4
45,R,-1550,129,0,-3
45,R,-1550,130,0,-4
45,R,-1550,131,0,-4
45,R,-1550,132,0,-4
45,R,-1550,133,0,-4
45,R,-1550,134,0,-4
45,R,-1550,135,0,-4
45,R,-1550,136,0,-4
45,R,-1550,137,0,-4
45,R,-1550,138,0,-4
45,R,-1550,139,0,-4
45,R,-1550,140,0,-4
45,R,-1550,141,0,-4
45,R,-1550,142,0,-4
45,R,-1550,143,0,-4
45,R,-1550,144,0,-3
45,R,-1550,145,0,-4
45,R,-1550,146,0,-4
45,R,-1550,147,0,-4
45,R,-1550,148,0,-4
45,R,-1550,149,0,-4
45,R,-1550,150,0,-4
45,R,-1550,151,0,-4
45,R,-1550,152,0,-4
45,R,-1550,153,0,-4
45,R,-1550,154,0,-4
45,R,-1550,155,0,-4
45,R,-1550,156,0,-4
45,R,-1550,157,0,-4
45,R,-1550,158,0,-4
45,R,-1550,159,0,-4
45,R,-1550,160,0,-4
45,R,-1550,161,0,-4
45,R,-1550,162,0,-4
45,R,-1550,163,0,-4
45,R,-1550,164,0,-4
45,R,-1550,165,0,-4
45,R,-1550,166,0,-4
45,R,-1550,167,0,-4
45,R,-1550,168,0,-4
45,R,-1550,169,0,-4
45,R,-1550,170,0,-4
45,R,-1550,171,0,-4
45,R,-1550,172,0,-4
45,R,-1550,173,0,-4
45,R,-1550,174,0,-5
45,R,-1550,175,0,-4
45,R,-1550,176,0,-4
45,R,-1550,177,0,-4
45,R,-1550,178,0,-4
45,R,-1550,179,0,-4
45,R,-1550,180,0,-4
45,R,-1550,181,0,-4
45,R,-1550,182,0,-4
45,R,-1550,183,0,-4
45,R,-1550,184,0,-4
45,R,-1550,185,0,-4
45,R,-1550,186,0,-4
45,R,-1550,187,0,-4
45,R,-1550,188,0,-4
45,R,-1550,189,0,-4
45,R,-1550,190,0,-4
45,R,-1550,191,0,-4
45,R,-1550,192,0,-5
45,R,-1550,193,0,-4
45,R,-1550,194,0,-4
45,R,-1550,195,0,-4
45,R,-1550,196,0,-4
45,R,-1550,197,0,-4
45,R,-1550,198,0,-4
45,R,-1550,199,0,-4
45,R,-1550,200,0,-4
45,R,-1550,201,0,-4
45,R,-1550,202,0,-4
45,R,-1550,203,0,-4
45,R,-1550,204,0,-4
45,R,-1550,205,0,-4
45,R,-1550,206,0,-4
45,R,-1550,207,0,-3
45,R,-1550,208,0,-4
45,R,-1550,209,0,-3
45,R,-1550,210,0,-4
45,R,-1550,211,0,-3
45,R,-1550,212,0,-3
45,R,-1550,213,0,-4
45,R,-1550,214,0,-3
45,R,-1550,215,0,-3
45,R,-1550,216,0,-3
45,R,-1550,217,0,-3
45,R,-1550,218,0,-3
45,R,-1550,219,0,-3
45,R,-1550,220,0,-2
45,R,-1550,221,0,-4
45,R,-1550,222,0,-2
45,R,-1550,223,0,-3
45,R,-1550,224,0,-3
45,R,-1550,225,0,-2
45,R,-1550,226,0,-2
45,R,-1550,227,0,-3
45,R,-1550,228,0,-2
45,R,-1550,229,0,-3
45,R,-1550,230,0,-2
45,R,-1550,231,0,-2
45,R,-1550,232,0,-2
45,R,-1550,233,0,-2
45,R,-1550,234,0,-2
45,R,-1550,235,0,-2
45,R,-1550,236,0,-2
45,R,-1550,237,0,-2
45,R,-1550,238,0,-1
45,R,-1550,239,0,-2
45,R,-1550,240,0,-1
45,R,-1550,241,0,-3
45,R,-1550,242,0,-1
45,R,-1550,243,0,-1
45,R,-1550,244,0,-2
45,R,-1550,245,0,-1
45,R,-1550,246,0,-1
45,R,-1550,247,0,-2
45,R,-1550,248,0,-1
45,R,-1550,249,0,-1
45,R,-1550,250,0,-1
45,R,-1550,251,0,-1
45,R,-1550,252,0,-1
45,R,-1550,253,0,-1
45,R,-1550,254,0,-1
45,R,-1550,255,0,-1
45,R,-1550,256,0,-1
45,R,-1550,257,0,0
45,R,-1550,258,0,-1
45,R,-1550,259,0,-1
45,R,-1550,260,0,-1
45,R,-1550,261,0,0
45,R,-1550,262,0,0
45,R,-1550,263,0,-1
45,R,-1550,264,0,0
45,R,-1550,265,0,0
45,R,-1550,266,0,0
45,R,-1550,267,0,0
45,R,-1550,268,0,-1
45,R,-1550,269,0,0
45,R,-1550,270,0,0
45,R,-1550,271,0,0
45,R,-1550,272,0,0
45,R,-1550,273,0,0
45,R,-1550,274,0,0
45,R,-1550,275,0,-1
45,R,-1550,276,0,0
45,R,-1550,277,0,0
45,R,-1550,278,0,0
45,R,-1550,279,0,0
45,R,-1550,280,0,0
45,R,-1550,281,0,0
45,R,-1550,282,0,0
45,R,-1550,283,0,0
45,R,-1550,284,0,0
45,R,-1550,285,0,0
45,R,-1550,286,0,0
45,R,-1550,287,0,0
45,R,-1550,288,0,0
45,R,-1550,289,0,0
45,R,-1550,290,0,0
45,R,-1550,291,0,0
45,R,-1550,292,0,0
45,R,-1550,293,0,0
45,R,-1550,294,0,0
45,R,-1550,295,0,0
45,R,-1550,296,0,0
45,R,-1550,297,0,0
45,R,-1550,298,0,0
45,R,-1550,299,0,0
46,R,-1600,0,0,0
46,R,-1600,1,0,0
46,R,-1600,2,0,0
46,R,-1600,3,0,-1
46,R,-1600,4,0,0
46,R,-1600,5,0,-1
46,R,-1600,6,0,0
46,R,-1600,7,0,-1
46,R,-1600,8,0,0
46,R,-1600,9,0,-2
46,R,-1600,10,0,-1
46,R,-1600,11,0,-1
46,R,-1600,12,0,-2
46,R,-1600,13,0,-1
46,R,-1600,14,0,-1
46,R,-1600,15,0,-3
46,R,-1600,16,0,-1
46,R,-1600,17,0,-2
46,R,-1600,18,0,-2
46,R,-1600,19,0,-3
46,R,-1600,20,0,-2
46,R,-1600,21,0,-2
46,R,-1600,22,0,-3
46,R,-1600,23,0,-2
46,R,-1600,24,0,-3
46,R,-1600,25,0,-2
46,R,-1600,26,0,-3
46,R,-1600,27,0,-3
46,R,-1600,28,0,-3
46,R,-1600,29,0,-2
46,R,-1600,30,0,-3
46,R,-1600,31,0,-4
46,R,-1600,32,0,-3
46,R,-1600,33,0,-3
46,R,-1600,34,0,-3
46,R,-1600,35,0,-3
46,R,-1600,36,0,-4
46,R,-1600,37,0,-3
46,R,-1600,38,0,-4
46,R,-1600,39,0,-3
46,R,-1600,40,0,-3
46,R,-1600,41,0,-4
46,R,-1600,42,0,-4
46,R,-1600,43,0,-3
46,R,-1600,44,0,-4
46,R,-1600,45,0,-4
46,R,-1600,46,0,-4
46,R,-1600,47,0,-4
46,R,-1600,48,0,-3
46,R,-1600,49,0,-4
46,R,-1600,50,0,-4
46,R,-1600,51,0,-4
46,R,-1600,52,0,-4
46,R,-1600,53,0,-4
46,R,-1600,54,0,-4
46,R,-1600,55,0,-4
46,R,-1600,56,0,-4
46,R,-1600,57,0,-4
46,R,-1600,58,0,-5
46,R,-1600,59,0,-4
46,R,-1600,60,0,-4
46,R,-1600,61,0,-4
46,R,-1600,62,0,-4
46,R,-1600,63,0,-4
46,R,-1600,64,0,-5
46,R,-1600,65,0,-4
46,R,-1600,66,0,-4
46,R,-1600,67,0,-5
46,R,-1600,68,0,-5
46,R,-1600,69,0,-4
46,R,-1600,70,0,-4
46,R,-1600,71,0,-5
46,R,-1600,72,0,-4
46,R,-1600,73,0,-4
46,R,-1600,74,0,-5
46,R,-1600,75,0,-4
46,R,-1600,76,0,-5
46,R,-1600,77,0,-5
46,R,-1600,78,0,-4
46,R,-1600,79,0,-5
46,R,-1600,80,0,-4
46,R,-1600,81,0,-5
46,R,-1600,82,0,-5
46,R,-1600,83,0,-5
46,R,-1600,84,0,-4
46,R,-1600,85,0,-5
46,R,-1600,86,0,-4
46,R,-1600,87,0,-5
46,R,-1600,88,0,-5
46,R,-1600,89,0,-5
46,R,-1600,90,0,-4
46,R,-1600,91,0,-5
46,R,-1600,92,0,-5
46,R,-1600,93,0,-4
46,R,-1600,94,0,-6
46,R,-1600,95,0,-4
46,R,-1600,96,0,-5
46,R,-1600,97,0,-5
46,R,-1600,98,0,-5
46,R,-1600,99,0,-5
46,R,-1600,100,0,-5
46,R,-1600,101,0,-4
46,R,-1600,102,0,-5
46,R,-1600,103,0,-5
46,R,-1600,104,0,-5
46,R,-1600,105,0,-5
46,R,-1600,106,0,-5
46,R,-1600,107,0,-5
46,R,-1600,108,0,-5
46,R,-1600,109,0,-5
46,R,-1600,110,0,-5
46,R,-1600,111,0,-5
46,R,-1600,112,0,-5
46,R,-1600,113,0,-5
46,R,-1600,114,0,-4
46,R,-1600,115,0,-6
46,R,-1600,116,0,-5
46,R,-1600,117,0,-5
46,R,-1600,118,0,-5
46,R,-1600,119,0,-5
46,R,-1600,120,0,-5
46,R,-1600,121,0,-5
46,R,-1600,122,0,-5
46,R,-1600,123,0,-5
46,R,-1600,124,0,-5
46,R,-1600,125,0,-5
46,R,-1600,126,0,-5
46,R,-1600,127,0,-6
46,R,-1600,128,0,-5
46,R,-1600,129,0,-4
46,R,-1600,130,0,-5
46,R,-1600,131,0,-6
46,R,-1600,132,0,-5
46,R,-1600,133,0,-5
46,R,-1600,134,0,-5
46,R,-1600,135,0,-5
46,R,-1600,136,0,-5
46,R,-1600,137,0,-5
46,R,-1600,138,0,-6
46,R,-1600,139,0,-5
46,R,-1600,140,0,-5
46,R,-1600,141,0,-5
46,R,-1600,142,0,-6
46,R,-1600,143,0,-4
46,R,-1600,144,0,-6
46,R,-1600,145,0,-5
46,R,-1600,146,0,-5
46,R,-1600,147,0,-5
46,R,-1600,148,0,-6
46,R,-1600,149,0,-5
46,R,-1600,150,0,-5
46,R,-1600,151,0,-5
46,R,-1600,152,0,-6
46,R,-1600,153,0,-4
46,R,-1600,154,0,-6
46,R,-1600,155,0,-5
46,R,-1600,156,0,-5
46,R,-1600,157,0,-5
46,R,-1600,158,0,-6
46,R,-1600,159,0,-5
46,R,-1600,160,0,-5
46,R,-1600,161,0,-6
46,R,-1600,162,0,-5
46,R,-1600,163,0,-5
46,R,-1600,164,0,-5
46,R,-1600,165,0,-6
46,R,-1600,166,0,-4
46,R,-1600,167,0,-6
46,R,-1600,168,0,-6
46,R,-1600,169,0,-4
46,R,-1600,170,0,-6
46,R,-1600,171,0,-5
46,R,-1600,172,0,-5
46,R,-1600,173,0,-5
46,R,-1600,174,0,-6
46,R,-1600,175,0,-5
46,R,-1600,176,0,-5
46,R,-1600,177,0,-6
46,R,-1600,178,0,-5
46,R,-1600,179,0,-5
46,R,-1600,180,0,-6
46,R,-1600,181,0,-5
46,R,-1600,182,0,-5
46,R,-1600,183,0,-6
46,R,-1600,184,0,-5
46,R,-1600,185,0,-5
46,R,-1600,186,0,-6
46,R,-1600,187,0,-5
46,R,-1600,188,0,-5
46,R,-1600,189,0,-5
46,R,-1600,190,0,-6
46,R,-1600,191,0,-5
46,R,-1600,192,0,-5
46,R,-1600,193,0,-6
46,R,-1600,194,0,-5
46,R,-1600,195,0,-5
46,R,-1600,196,0,-6
46,R,-1600,197,0,-5
46,R,-1600,198,0,-5
46,R,-1600,199,0,-6
46,R,-1600,200,0,-5
46,R,-1600,201,0,-5
46,R,-1600,202,0,-6
46,R,-1600,203,0,-4
46,R,-1600,204,0,-6
46,R,-1600,205,0,-5
46,R,-1600,206,0,-5
46,R,-1600,207,0,-4
46,R,-1600,208,0,-5
46,R,-1600,209,0,-5
46,R,-1600,210,0,-5
46,R,-1600,211,0,-5
46,R,-1600,212,0,-4
46,R,-1600,213,0,-4
46,R,-1600,214,0,-5
46,R,-1600,215,0,-4
46,R,-1600,216,0,-4
46,R,-1600,217,0,-5
46,R,-1600,218,0,-4
46,R,-1600,219,0,-4
46,R,-1600,220,0,-4
46,R,-1600,221,0,-4
46,R,-1600,222,0,-4
46,R,-1600,223,0,-3
46,R,-1600,224,0,-4
46,R,-1600,225,0,-4
46,R,-1600,226,0,-3
46,R,-1600,227,0,-4
46,R,-1600,228,0,-4
46,R,-1600,229,0,-3
46,R,-1600,230,0,-4
46,R,-1600,231,0,-3
46,R,-1600,232,0,-3
46,R,-1600,233,0,-3
46,R,-1600,234,0,-3
46,R,-1600,235,0,-4
46,R,-1600,236,0,-2
46,R,-1600,237,0,-3
46,R,-1600,238,0,-3
46,R,-1600,239,0,-3
46,R,-1600,240,0,-2
46,R,-1600,241,0,-3
46,R,-1600,242,0,-3
46,R,-1600,243,0,-2
46,R,-1600,244,0,-3
46,R,-1600,245,0,-2
46,R,-1600,246,0,-3
46,R,-1600,247,0,-2
46,R,-1600,248,0,-2
46,R,-1600,249,0,-3
46,R,-1600,250,0,-1
46,R,-1600,251,0,-3
46,R,-1600,252,0,-2
46,R,-1600,253,0,-2
46,R,-1600,254,0,-2
46,R,-1600,255,0,-2
46,R,-1600,256,0,-1
46,R,-1600,257,0,-3
46,R,-1600,258,0,-1
46,R,-1600,259,0,-1
46,R,-1600,260,0,-2
46,R,-1600,261,0,-1
46,R,-1600,262,0,-2
46,R,-1600,263,0,-2
46,R,-1600,264,0,-1
46,R,-1600,265,0,-2
46,R,-1600,266,0,-1
46,R,-1600,267,0,-1
46,R,-1600,268,0,-1
46,R,-1600,269,0,-2
46,R,-1600,270,0,0
46,R,-1600,271,0,-1
46,R,-1600,272,0,-2
46,R,-1600,273,0,-1
46,R,-1600,274,0,0
46,R,-1600,275,0,-1
46,R,-1600,276,0,0
46,R,-1600,277,0,-1
46,R,-1600,278,0,-1
46,R,-1600,279,0,-1
46,R,-1600,280,0,0
46,R,-1600,281,0,0
46,R,-1600,282,0,-1
46,R,-1600,283,0,0
46,R,-1600,284,0,-1
46,R,-1600,285,0,0
46,R,-1600,286,0,-1
46,R,-1600,287,0,0
46,R,-1600,288,0,0
46,R,-1600,289,0,0
46,R,-1600,290,0,0
46,R,-1600,291,0,0
46,R,-1600,292,0,1
46,R,-1600,293,0,0
46,R,-1600,294,0,0
46,R,-1600,295,0,0
46,R,-1600,296,0,0
46,R,-1600,297,0,0
46,R,-1600,298,0,0
46,R,-1600,299,0,0
47,R,-1700,0,0,0
47,R,-1700,1,0,0
47,R,-1700,2,0,-1
47,R,-1700,3,0,0
47,R,-1700,4,0,-2
47,R,-1700,5,0,-1
47,R,-1700,6,0,-1
47,R,-1700,7,0,-2
47,R,-1700,8,0,-1
47,R,-1700,9,0,-3
47,R,-1700,10,0,-2
47,R,-1700,11,0,-3
47,R,-1700,12,0,-3
47,R,-1700,13,0,-3
47,R,-1700,14,0,-3
47,R,-1700,15,0,-3
47,R,-1700,16,0,-4
47,R,-1700,17,0,-4
47,R,-1700,18,0,-4
47,R,-1700,19,0,-3
47,R,-1700,20,0,-5
47,R,-1700,21,0,-4
47,R,-1700,22,0,-4
47,R,-1700,23,0,-4
47,R,-1700,24,0,-5
47,R,-1700,25,0,-4
47,R,-1700,26,0,-6
47,R,-1700,27,0,-4
47,R,-1700,28,0,-5
47,R,-1700,29,0,-5
47,R,-1700,30,0,-6
47,R,-1700,31,0,-5
47,R,-1700,32,0,-5
47,R,-1700,33,0,-6
47,R,-1700,34,0,-5
47,R,-1700,35,0,-5
47,R,-1700,36,0,-6
47,R,-1700,37,0,-5
47,R,-1700,38,0,-7
47,R,-1700,39,0,-5
47,R,-1700,40,0,-6
47,R,-1700,41,0,-6
47,R,-1700,42,0,-6
47,R,-1700,43,0,-6
47,R,-1700,44,0,-6
47,R,-1700,45,0,-6
47,R,-1700,46,0,-7
47,R,-1700,47,0,-5
47,R,-1700,48,0,-7
47,R,-1700,49,0,-6
47,R,-1700,50,0,-7
47,R,-1700,51,0,-6
47,R,-1700,52,0,-6
47,R,-1700,53,0,-7
47,R,-1700,54,0,-6
47,R,-1700,55,0,-7
47,R,-1700,56,0,-6
47,R,-1700,57,0,-7
47,R,-1700,58,0,-7
47,R,-1700,59,0,-6
47,R,-1700,60,0,-7
47,R,-1700,61,0,-7
47,R,-1700,62,0,-7
47,R,-1700,63,0,-6
47,R,-1700,64,0,-7
47,R,-1700,65,0,-7
47,R,-1700,66,0,-7
47,R,-1700,67,0,-6
47,R,-1700,68,0,-8
47,R,-1700,69,0,-7
47,R,-1700,70,0,-6
47,R,-1700,71,0,-7
47,R,-1700,72,0,-8
47,R,-1700,73,0,-7
47,R,-1700,74,0,-6
47,R,-1700,75,0,-7
47,R,-1700,76,0,-8
47,R,-1700,77,0,-7
47,R,-1700,78,0,-7
47,R,-1700,79,0,-7
47,R,-1700,80,0,-7
47,R,-1700,81,0,-8
47,R,-1700,82,0,-7
47,R,-1700,83,0,-8
47,R,-1700,84,0,-7
47,R,-1700,85,0,-7
47,R,-1700,86,0,-7
47,R,-1700,87,0,-8
47,R,-1700,88,0,-7
47,R,-1700,89,0,-8
47,R,-1700,90,0,-7
47,R,-1700,91,0,-7
47,R,-1700,92,0,-7
47,R,-1700,93,0,-8
47,R,-1700,94,0,-7
47,R,-1700,95,0,-8
47,R,-1700,96,0,-7
47,R,-1700,97,0,-8
47,R,-1700,98,0,-7
47,R,-1700,99,0,-7
47,R,-1700,100,0,-8
47,R,-1700,101,0,-8
47,R,-1700,102,0,-7
47,R,-1700,103,0,-8
47,R,-1700,104,0,-7
47,R,-1700,105,0,-7
47,R,-1700,106,0,-8
47,R,-1700,107,0,-8
47,R,-1700,108,0,-7
47,R,-1700,109,0,-8
47,R,-1700,110,0,-8
47,R,-1700,111,0,-7
47,R,-1700,112,0,-8
47,R,-1700,113,0,-8
47,R,-1700,114,0,-7
47,R,-1700,115,0,-7
47,R,-1700,116,0,-8
47,R,-1700,117,0,-8
47,R,-1700,118,0,-7
47,R,-1700,119,0,-8
47,R,-1700,120,0,-8
47,R,-1700,121,0,-8
47,R,-1700,122,0,-7
47,R,-1700,123,0,-8
47,R,-1700,124,0,-8
47,R,-1700,125,0,-8
47,R,-1700,126,0,-7
47,R,-1700,127,0,-8
47,R,-1700,128,0,-7
47,R,-1700,129,0,-8
47,R,-1700,130,0,-8
47,R,-1700,131,0,-8
47,R,-1700,132,0,-7
47,R,-1700,133,0,-8
47,R,-1700,134,0,-8
47,R,-1700,135,0,-8
47,R,-1700,136,0,-8
47,R,-1700,137,0,-8
47,R,-1700,138,0,-7
47,R,-1700,139,0,-8
47,R,-1700,140,0,-8
47,R,-1700,141,0,-8
47,R,-1700,142,0,-8
47,R,-1700,143,0,-8
47,R,-1700,144,0,-7
47,R,-1700,145,0,-8
47,R,-1700,146,0,-8
47,R,-1700,147,0,-8
47,R,-1700,148,0,-7
47,R,-1700,149,0,-8
47,R,-1700,150,0,-8
47,R,-1700,151,0,-8
47,R,-1700,152,0,-8
47,R,-1700,153,0,-8
47,R,-1700,154,0,-7
47,R,-1700,155,0,-8
47,R,-1700,156,0,-8
47,R,-1700,157,0,-8
47,R,-1700,158,0,-8
47,R,-1700,159,0,-8
47,R,-1700,160,0,-8
47,R,-1700,161,0,-8
47,R,-1700,162,0,-8
47,R,-1700,163,0,-8
47,R,-1700,164,0,-8
47,R,-1700,165,0,-7
47,R,-1700,166,0,-8
47,R,-1700,167,0,-8
47,R,-1700,168,0,-8
47,R,-1700,169,0,-8
47,R,-1700,170,0,-8
47,R,-1700,171,0,-8
47,R,-1700,172,0,-8
47,R,-1700,173,0,-8
47,R,-1700,174,0,-8
47,R,-1700,175,0,-8
47,R,-1700,176,0,-8
47,R,-1700,177,0,-8
47,R,-1700,178,0,-7
47,R,-1700,179,0,-9
47,R,-1700,180,0,-7
47,R,-1700,181,0,-8
47,R,-1700,182,0,-8
47,R,-1700,183,0,-8
47,R,-1700,184,0,-8
47,R,-1700,185,0,-8
47,R,-1700,186,0,-8
47,R,-1700,187,0,-8
47,R,-1700,188,0,-8
47,R,-1700,189,0,-8
47,R,-1700,190,0,-8
47,R,-1700,191,0,-8
47,R,-1700,192,0,-8
47,R,-1700,193,0,-7
47,R,-1700,194,0,-8
47,R,-1700,195,0,-8
47,R,-1700,196,0,-8
47,R,-1700,197,0,-8
47,R,-1700,198,0,-8
47,R,-1700,199,0,-8
47,R,-1700,200,0,-8
47,R,-1700,201,0,-8
47,R,-1700,202,0,-8
47,R,-1700,203,0,-8
47,R,-1700,204,0,-8
47,R,-1700,205,0,-7
47,R,-1700,206,0,-8
47,R,-1700,207,0,-8
47,R,-1700,208,0,-7
47,R,-1700,209,0,-7
47,R,-1700,210,0,-7
47,R,-1700,211,0,-7
47,R,-1700,212,0,-7
47,R,-1700,213,0,-7
47,R,-1700,214,0,-7
47,R,-1700,215,0,-7
47,R,-1700,216,0,-7
47,R,-1700,217,0,-6
47,R,-1700,218,0,-7
47,R,-1700,219,0,-7
47,R,-1700,220,0,-5
47,R,-1700,221,0,-7
47,R,-1700,222,0,-6
47,R,-1700,223,0,-6
47,R,-1700,224,0,-6
47,R,-1700,225,0,-6
47,R,-1700,226,0,-6
47,R,-1700,227,0,-6
47,R,-1700,228,0,-6
47,R,-1700,229,0,-6
47,R,-1700,230,0,-5
47,R,-1700,231,0,-6
47,R,-1700,232,0,-5
47,R,-1700,233,0,-5
47,R,-1700,234,0,-6
47,R,-1700,235,0,-5
47,R,-1700,236,0,-5
47,R,-1700,237,0,-5
47,R,-1700,238,0,-6
47,R,-1700,239,0,-5
47,R,-1700,240,0,-4
47,R,-1700,241,0,-5
47,R,-1700,242,0,-5
47,R,-1700,243,0,-5
47,R,-1700,244,0,-4
47,R,-1700,245,0,-5
47,R,-1700,246,0,-4
47,R,-1700,247,0,-4
47,R,-1700,248,0,-4
47,R,-1700,249,0,-5
47,R,-1700,250,0,-4
47,R,-1700,251,0,-4
47,R,-1700,252,0,-4
47,R,-1700,253,0,-4
47,R,-1700,254,0,-4
47,R,-1700,255,0,-4
47,R,-1700,256,0,-4
47,R,-1700,257,0,-3
47,R,-1700,258,0,-4
47,R,-1700,259,0,-4
47,R,-1700,260,0,-3
47,R,-1700,261,0,-4
47,R,-1700,262,0,-3
47,R,-1700,263,0,-3
47,R,-1700,264,0,-3
47,R,-1700,265,0,-4
47,R,-1700,266,0,-3
47,R,-1700,267,0,-3
47,R,-1700,268,0,-3
47,R,-1700,269,0,-3
47,R,-1700,270,0,-3
47,R,-1700,271,0,-3
47,R,-1700,272,0,-2
47,R,-1700,273,0,-3
47,R,-1700,274,0,-3
47,R,-1700,275,0,-2
47,R,-1700,276,0,-3
47,R,-1700,277,0,-2
47,R,-1700,278,0,-3
47,R,-1700,279,0,-2
47,R,-1700,280,0,-2
47,R,-1700,281,0,-3
47,R,-1700,282,0,-1
47,R,-1700,283,0,-3
47,R,-1700,284,0,-1
47,R,-1700,285,0,-3
47,R,-1700,286,0,-1
47,R,-1700,287,0,-3
47,R,-1700,288,0,-1
47,R,-1700,289,0,-2
47,R,-1700,290,0,-2
47,R,-1700,291,0,-1
47,R,-1700,292,0,-2
47,R,-1700,293,0,-1
47,R,-1700,294,0,-2
47,R,-1700,295,0,-2
47,R,-1700,296,0,-1
47,R,-1700,297,0,-1
47,R,-1700,298,0,-2
47,R,-1700,299,0,0
48,R,-1800,0,0,0
48,R,-1800,1,0,0
48,R,-1800,2,0,-1
48,R,-1800,3,0,-1
48,R,-1800,4,0,-1
48,R,-1800,5,0,-3
48,R,-1800,6,0,-2
48,R,-1800,7,0,-3
48,R,-1800,8,0,-3
48,R,-1800,9,0,-4
48,R,-1800,10,0,-4
48,R,-1800,11,0,-4
48,R,-1800,12,0,-4
48,R,-1800,13,0,-5
48,R,-1800,14,0,-4
48,R,-1800,15,0,-5
48,R,-1800,16,0,-6
48,R,-1800,17,0,-5
48,R,-1800,18,0,-7
48,R,-1800,19,0,-5
48,R,-1800,20,0,-7
48,R,-1800,21,0,-5
48,R,-1800,22,0,-7
48,R,-1800,23,0,-6
48,R,-1800,24,0,-7
48,R,-1800,25,0,-8
48,R,-1800,26,0,-7
48,R,-1800,27,0,-6
48,R,-1800,28,0,-7
48,R,-1800,29,0,-8
48,R,-1800,30,0,-8
48,R,-1800,31,0,-7
48,R,-1800,32,0,-8
48,R,-1800,33,0,-8
48,R,-1800,34,0,-8
48,R,-1800,35,0,-8
48,R,-1800,36,0,-8
48,R,-1800,37,0,-8
48,R,-1800,38,0,-8
48,R,-1800,39,0,-8
48,R,-1800,40,0,-9
48,R,-1800,41,0,-8
48,R,-1800,42,0,-8
48,R,-1800,43,0,-9
48,R,-1800,44,0,-8
48,R,-1800,45,0,-9
48,R,-1800,46,0,-9
48,R,-1800,47,0,-9
48,R,-1800,48,0,-8
48,R,-1800,49,0,-9
48,R,-1800,50,0,-10
48,R,-1800,51,0,-9
48,R,-1800,52,0,-8
48,R,-1800,53,0,-10
48,R,-1800,54,0,-9
48,R,-1800,55,0,-9
48,R,-1800,56,0,-9
48,R,-1800,57,0,-10
48,R,-1800,58,0,-9
48,R,-1800,59,0,-9
48,R,-1800,60,0,-10
48,R,-1800,61,0,-9
48,R,-1800,62,0,-10
48,R,-1800,63,0,-10
48,R,-1800,64,0,-9
48,R,-1800,65,0,-10
48,R,-1800,66,0,-9
48,R,-1800,67,0,-10
48,R,-1800,68,0,-10
48,R,-1800,69,0,-9
48,R,-1800,70,0,-10
48,R,-1800,71,0,-10
48,R,-1800,72,0,-10
48,R,-1800,73,0,-9
48,R,-1800,74,0,-11
48,R,-1800,75,0,-9
48,R,-1800,76,0,-10
48,R,-1800,77,0,-10
48,R,-1800,78,0,-10
48,R,-1800,79,0,-10
48,R,-1800,80,0,-10
48,R,-1800,81,0,-10
48,R,-1800,82,0,-10
48,R,-1800,83,0,-10
48,R,-1800,84,0,-10
48,R,-1800,85,0,-10
48,R,-1800,86,0,-11
48,R,-1800,87,0,-9
48,R,-1800,88,0,-11
48,R,-1800,89,0,-10
48,R,-1800,90,0,-10
48,R,-1800,91,0,-10
48,R,-1800,92,0,-11
48,R,-1800,93,0,-10
48,R,-1800,94,0,-10
48,R,-1800,95,0,-10
48,R,-1800,96,0,-10
48,R,-1800,97,0,-11
48,R,-1800,98,0,-10
48,R,-1800,99,0,-10
48,R,-1800,100,0,-11
48,R,-1800,101,0,-10
48,R,-1800,102,0,-11
48,R,-1800,103,0,-10
48,R,-1800,104,0,-10
48,R,-1800,105,0,-10
48,R,-1800,106,0,-11
48,R,-1800,107,0,-11
48,R,-1800,108,0,-9
48,R,-1800,109,0,-11
48,R,-1800,110,0,-11
48,R,-1800,111,0,-10
48,R,-1800,112,0,-11
48,R,-1800,113,0,-10
48,R,-1800,114,0,-11
48,R,-1800,115,0,-10
48,R,-1800,116,0,-10
48,R,-1800,117,0,-11
48,R,-1800,118,0,-10
48,R,-1800,119,0,-11
48,R,-1800,120,0,-11
48,R,-1800,121,0,-10
48,R,-1800,122,0,-11
48,R,-1800,123,0,-10
48,R,-1800,124,0,-10
48,R,-1800,125,0,-11
48,R,-1800,126,0,-11
48,R,-1800,127,0,-10
48,R,-1800,128,0,-11
48,R,-1800,129,0,-10
48,R,-1800,130,0,-11
48,R,-1800,131,0,-11
48,R,-1800,132,0,-10
48,R,-1800,133,0,-11
48,R,-1800,134,0,-11
48,R,-1800,135,0,-10
48,R,-1800,136,0,-11
48,R,-1800,137,0,-11
48,R,-1800,138,0,-10
48,R,-1800,139,0,-11
48,R,-1800,140,0,-11
48,R,-1800,141,0,-10
48,R,-1800,142,0,-11
48,R,-1800,143,0,-11
48,R,-1800,144,0,-10
48,R,-1800,145,0,-11
48,R,-1800,146,0,-11
48,R,-1800,147,0,-10
48,R,-1800,148,0,-11
48,R,-1800,149,0,-11
48,R,-1800,150,0,-10
48,R,-1800,151,0,-11
48,R,-1800,152,0,-11
48,R,-1800,153,0,-10
48,R,-1800,154,0,-11
48,R,-1800,155,0,-11
48,R,-1800,156,0,-10
48,R,-1800,157,0,-11
48,R,-1800,158,0,-11
48,R,-1800,159,0,-10
48,R,-1800,160,0,-11
48,R,-1800,161,0,-11
48,R,-1800,162,0,-10
48,R,-1800,163,0,-11
48,R,-1800,164,0,-11
48,R,-1800,165,0,-10
48,R,-1800,166,0,-11
48,R,-1800,167,0,-11
48,R,-1800,168,0,-11
48,R,-1800,169,0,-10
48,R,-1800,170,0,-11
48,R,-1800,171,0,-11
48,R,-1800,172,0,-10
48,R,-1800,173,0,-12
48,R,-1800,174,0,-10
48,R,-1800,175,0,-11
48,R,-1800,176,0,-11
48,R,-1800,177,0,-11
48,R,-1800,178,0,-10
48,R,-1800,179,0,-11
48,R,-1800,180,0,-11
48,R,-1800,181,0,-10
48,R,-1800,182,0,-11
48,R,-1800,183,0,-11
48,R,-1800,184,0,-11
48,R,-1800,185,0,-10
48,R,-1800,186,0,-11
48,R,-1800,187,0,-11
48,R,-1800,188,0,-10
48,R,-1800,189,0,-12
48,R,-1800,190,0,-10
48,R,-1800,191,0,-11
48,R,-1800,192,0,-11
48,R,-1800,193,0,-11
48,R,-1800,194,0,-10
48,R,-1800,195,0,-11
48,R,-1800,196,0,-11
48,R,-1800,197,0,-11
48,R,-1800,198,0,-10
48,R,-1800,199,0,-11
48,R,-1800,200,0,-11
48,R,-1800,201,0,-11
48,R,-1800,202,0,-11
48,R,-1800,203,0,-10
48,R,-1800,204,0,-10
48,R,-1800,205,0,-11
48,R,-1800,206,0,-10
48,R,-1800,207,0,-11
48,R,-1800,208,0,-10
48,R,-1800,209,0,-10
48,R,-1800,210,0,-9
48,R,-1800,211,0,-10
48,R,-1800,212,0,-10
48,R,-1800,213,0,-10
48,R,-1800,214,0,-9
48,R,-1800,215,0,-9
48,R,-1800,216,0,-10
48,R,-1800,217,0,-9
48,R,-1800,218,0,-9
48,R,-1800,219,0,-10
48,R,-1800,220,0,-8
48,R,-1800,221,0,-9
48,R,-1800,222,0,-9
48,R,-1800,223,0,-9
48,R,-1800,224,0,-9
48,R,-1800,225,0,-8
48,R,-1800,226,0,-8
48,R,-1800,227,0,-9
48,R,-1800,228,0,-8
48,R,-1800,229,0,-8
48,R,-1800,230,0,-8
48,R,-1800,231,0,-8
48,R,-1800,232,0,-8
48,R,-1800,233,0,-8
48,R,-1800,234,0,-8
48,R,-1800,235,0,-8
48,R,-1800,236,0,-7
48,R,-1800,237,0,-8
48,R,-1800,238,0,-7
48,R,-1800,239,0,-7
48,R,-1800,240,0,-7
48,R,-1800,241,0,-8
48,R,-1800,242,0,-7
48,R,-1800,243,0,-7
48,R,-1800,244,0,-7
48,R,-1800,245,0,-7
48,R,-1800,246,0,-7
48,R,-1800,247,0,-6
48,R,-1800,248,0,-7
48,R,-1800,249,0,-7
48,R,-1800,250,0,-6
48,R,-1800,251,0,-6
48,R,-1800,252,0,-6
48,R,-1800,253,0,-7
48,R,-1800,254,0,-6
48,R,-1800,255,0,-6
48,R,-1800,256,0,-6
48,R,-1800,257,0,-6
48,R,-1800,258,0,-6
48,R,-1800,259,0,-6
48,R,-1800,260,0,-5
48,R,-1800,261,0,-6
48,R,-1800,262,0,-5
48,R,-1800,263,0,-6
48,R,-1800,264,0,-5
48,R,-1800,265,0,-5
48,R,-1800,266,0,-6
48,R,-1800,267,0,-5
48,R,-1800,268,0,-5
48,R,-1800,269,0,-5
48,R,-1800,270,0,-6
48,R,-1800,271,0,-4
48,R,-1800,272,0,-5
48,R,-1800,273,0,-4
48,R,-1800,274,0,-5
48,R,-1800,275,0,-5
48,R,-1800,276,0,-5
48,R,-1800,277,0,-4
48,R,-1800,278,0,-5
48,R,-1800,279,0,-4
48,R,-1800,280,0,-4
48,R,-1800,281,0,-4
48,R,-1800,282,0,-4
48,R,-1800,283,0,-4
48,R,-1800,284,0,-4
48,R,-1800,285,0,-4
48,R,-1800,286,0,-4
48,R,-1800,287,0,-4
48,R,-1800,288,0,-4
48,R,-1800,289,0,-4
48,R,-1800,290,0,-4
48,R,-1800,291,0,-3
48,R,-1800,292,0,-4
48,R,-1800,293,0,-3
48,R,-1800,294,0,-3
48,R,-1800,295,0,-3
48,R,-1800,296,0,-4
48,R,-1800,297,0,-3
48,R,-1800,298,0,-4
48,R,-1800,299,0,-2
49,R,-2000,0,0,0
49,R,-2000,1,0,0
49,R,-2000,2,0,-2
49,R,-2000,3,0,-1
49,R,-2000,4,0,-3
49,R,-2000,5,0,-2
49,R,-2000,6,0,-4
49,R,-2000,7,0,-5
49,R,-2000,8,0,-5
49,R,-2000,9,0,-6
49,R,-2000,10,0,-6
49,R,-2000,11,0,-7
49,R,-2000,12,0,-7
49,R,-2000,13,0,-8
49,R,-2000,14,0,-8
49,R,-2000,15,0,-8
49,R,-2000,16,0,-10
49,R,-2000,17,0,-9
49,R,-2000,18,0,-9
49,R,-2000,19,0,-10
49,R,-2000,20,0,-10
49,R,-2000,21,0,-10
49,R,-2000,22,0,-11
49,R,-2000,23,0,-10
49,R,-2000,24,0,-12
49,R,-2000,25,0,-11
49,R,-2000,26,0,-12
49,R,-2000,27,0,-11
49,R,-2000,28,0,-12
49,R,-2000,29,0,-12
49,R,-2000,30,0,-12
49,R,-2000,31,0,-13
49,R,-2000,32,0,-12
49,R,-2000,33,0,-12
49,R,-2000,34,0,-13
49,R,-2000,35,0,-13
49,R,-2000,36,0,-13
49,R,-2000,37,0,-13
49,R,-2000,38,0,-13
49,R,-2000,39,0,-13
49,R,-2000,40,0,-14
49,R,-2000,41,0,-13
49,R,-2000,42,0,-14
49,R,-2000,43,0,-14
49,R,-2000,44,0,-13
49,R,-2000,45,0,-14
49,R,-2000,46,0,-14
49,R,-2000,47,0,-15
49,R,-2000,48,0,-13
49,R,-2000,49,0,-15
49,R,-2000,50,0,-14
49,R,-2000,51,0,-14
49,R,-2000,52,0,-15
49,R,-2000,53,0,-14
49,R,-2000,54,0,-15
49,R,-2000,55,0,-14
49,R,-2000,56,0,-15
49,R,-2000,57,0,-15
49,R,-2000,58,0,-15
49,R,-2000,59,0,-14
49,R,-2000,60,0,-15
49,R,-2000,61,0,-15
49,R,-2000,62,0,-15
49,R,-2000,63,0,-14
49,R,-2000,64,0,-16
49,R,-2000,65,0,-15
49,R,-2000,66,0,-15
49,R,-2000,67,0,-15
49,R,-2000,68,0,-15
49,R,-2000,69,0,-16
49,R,-2000,70,0,-15
49,R,-2000,71,0,-15
49,R,-2000,72,0,-15
49,R,-2000,73,0,-15
49,R,-2000,74,0,-16
49,R,-2000,75,0,-15
49,R,-2000,76,0,-16
49,R,-2000,77,0,-16
49,R,-2000,78,0,-15
49,R,-2000,79,0,-15
49,R,-2000,80,0,-16
49,R,-2000,81,0,-15
49,R,-2000,82,0,-16
49,R,-2000,83,0,-16
49,R,-2000,84,0,-15
49,R,-2000,85,0,-16
49,R,-2000,86,0,-16
49,R,-2000,87,0,-16
49,R,-2000,88,0,-15
49,R,-2000,89,0,-16
49,R,-2000,90,0,-15
49,R,-2000,91,0,-16
49,R,-2000,92,0,-16
49,R,-2000,93,0,-16
49,R,-2000,94,0,-16
49,R,-2000,95,0,-15
49,R,-2000,96,0,-16
49,R,-2000,97,0,-16
49,R,-2000,98,0,-16
49,R,-2000,99,0,-16
49,R,-2000,100,0,-16
49,R,-2000,101,0,-16
49,R,-2000,102,0,-16
49,R,-2000,103,0,-16
49,R,-2000,104,0,-16
49,R,-2000,105,0,-16
49,R,-2000,106,0,-16
49,R,-2000,107,0,-16
49,R,-2000,108,0,-16
49,R,-2000,109,0,-16
49,R,-2000,110,0,-16
49,R,-2000,111,0,-16
49,R,-2000,112,0,-16
49,R,-2000,113,0,-17
49,R,-2000,114,0,-16
49,R,-2000,115,0,-16
49,R,-2000,116,0,-16
49,R,-2000,117,0,-16
49,R,-2000,118,0,-16
49,R,-2000,119,0,-16
49,R,-2000,120,0,-17
49,R,-2000,121,0,-16
49,R,-2000,122,0,-16
49,R,-2000,123,0,-16
49,R,-2000,124,0,-17
49,R,-2000,125,0,-16
49,R,-2000,126,0,-16
49,R,-2000,127,0,-16
49,R,-2000,128,0,-16
49,R,-2000,129,0,-17
49,R,-2000,130,0,-16
49,R,-2000,131,0,-16
49,R,-2000,132,0,-16
49,R,-2000,133,0,-16
49,R,-2000,134,0,-16
49,R,-2000,135,0,-16
49,R,-2000,136,0,-17
49,R,-2000,137,0,-16
49,R,-2000,138,0,-17
49,R,-2000,139,0,-16
49,R,-2000,140,0,-17
49,R,-2000,141,0,-16
49,R,-2000,142,0,-16
49,R,-2000,143,0,-17
49,R,-2000,144,0,-16
49,R,-2000,145,0,-16
49,R,-2000,146,0,-16
49,R,-2000,147,0,-16
49,R,-2000,148,0,-17
49,R,-2000,149,0,-16
49,R,-2000,150,0,-16
49,R,-2000,151,0,-17
49,R,-2000,152,0,-16
49,R,-2000,153,0,-17
49,R,-2000,154,0,-16
49,R,-2000,155,0,-17
49,R,-2000,156,0,-16
49,R,-2000,157,0,-16
49,R,-2000,158,0,-16
49,R,-2000,159,0,-17
49,R,-2000,160,0,-16
49,R,-2000,161,0,-17
49,R,-2000,162,0,-16
49,R,-2000,163,0,-17
49,R,-2000,164,0,-16
49,R,-2000,165,0,-16
49,R,-2000,166,0,-17
49,R,-2000,167,0,-16
49,R,-2000,168,0,-16
49,R,-2000,169,0,-16
49,R,-2000,170,0,-17
49,R,-2000,171,0,-16
49,R,-2000,172,0,-17
49,R,-2000,173,0,-17
49,R,-2000,174,0,-16
49,R,-2000,175,0,-16
49,R,-2000,176,0,-17
49,R,-2000,177,0,-16
49,R,-2000,178,0,-16
49,R,-2000,179,0,-17
49,R,-2000,180,0,-16
49,R,-2000,181,0,-16
49,R,-2000,182,0,-17
49,R,-2000,183,0,-17
49,R,-2000,184,0,-16
49,R,-2000,185,0,-17
49,R,-2000,186,0,-16
49,R,-2000,187,0,-16
49,R,-2000,188,0,-16
49,R,-2000,189,0,-17
49,R,-2000,190,0,-16
49,R,-2000,191,0,-17
49,R,-2000,192,0,-17
49,R,-2000,193,0,-16
49,R,-2000,194,0,-16
49,R,-2000,195,0,-17
49,R,-2000,196,0,-16
49,R,-2000,197,0,-16
49,R,-2000,198,0,-17
49,R,-2000,199,0,-16
49,R,-2000,200,0,-17
49,R,-2000,201,0,-16
49,R,-2000,202,0,-17
49,R,-2000,203,0,-16
49,R,-2000,204,0,-16
49,R,-2000,205,0,-16
49,R,-2000,206,0,-16
49,R,-2000,207,0,-16
49,R,-2000,208,0,-15
49,R,-2000,209,0,-15
49,R,-2000,210,0,-15
49,R,-2000,211,0,-16
49,R,-2000,212,0,-15
49,R,-2000,213,0,-15
49,R,-2000,214,0,-15
49,R,-2000,215,0,-15
49,R,-2000,216,0,-15
49,R,-2000,217,0,-14
49,R,-2000,218,0,-15
49,R,-2000,219,0,-14
49,R,-2000,220,0,-14
49,R,-2000,221,0,-15
49,R,-2000,222,0,-13
49,R,-2000,223,0,-15
49,R,-2000,224,0,-13
49,R,-2000,225,0,-14
49,R,-2000,226,0,-13
49,R,-2000,227,0,-14
49,R,-2000,228,0,-13
49,R,-2000,229,0,-14
49,R,-2000,230,0,-12
49,R,-2000,231,0,-14
49,R,-2000,232,0,-13
49,R,-2000,233,0,-13
49,R,-2000,234,0,-12
49,R,-2000,235,0,-13
49,R,-2000,236,0,-12
49,R,-2000,237,0,-13
49,R,-2000,238,0,-12
49,R,-2000,239,0,-13
49,R,-2000,240,0,-12
49,R,-2000,241,0,-12
49,R,-2000,242,0,-12
49,R,-2000,243,0,-12
49,R,-2000,244,0,-11
49,R,-2000,245,0,-12
49,R,-2000,246,0,-11
49,R,-2000,247,0,-11
49,R,-2000,248,0,-12
49,R,-2000,249,0,-11
49,R,-2000,250,0,-12
49,R,-2000,251,0,-10
49,R,-2000,252,0,-11
49,R,-2000,253,0,-12
49,R,-2000,254,0,-10
49,R,-2000,255,0,-10
49,R,-2000,256,0,-11
49,R,-2000,257,0,-10
49,R,-2000,258,0,-11
49,R,-2000,259,0,-10
49,R,-2000,260,0,-10
49,R,-2000,261,0,-11
49,R,-2000,262,0,-9
49,R,-2000,263,0,-11
49,R,-2000,264,0,-9
49,R,-2000,265,0,-10
49,R,-2000,266,0,-10
49,R,-2000,267,0,-9
49,R,-2000,268,0,-10
49,R,-2000,269,0,-9
49,R,-2000,270,0,-9
49,R,-2000,271,0,-9
49,R,-2000,272,0,-9
49,R,-2000,273,0,-9
49,R,-2000,274,0,-9
49,R,-2000,275,0,-9
49,R,-2000,276,0,-9
49,R,-2000,277,0,-8
49,R,-2000,278,0,-9
49,R,-2000,279,0,-8
49,R,-2000,280,0,-8
49,R,-2000,281,0,-9
49,R,-2000,282,0,-8
49,R,-2000,283,0,-8
49,R,-2000,284,0,-8
49,R,-2000,285,0,-8
49,R,-2000,286,0,-8
49,R,-2000,287,0,-8
49,R,-2000,288,0,-8
49,R,-2000,289,0,-7
49,R,-2000,290,0,-8
49,R,-2000,291,0,-8
49,R,-2000,292,0,-7
49,R,-2000,293,0,-7
49,R,-2000,294,0,-7
49,R,-2000,295,0,-7
49,R,-2000,296,0,-8
49,R,-2000,297,0,-7
49,R,-2000,298,0,-6
49,R,-2000,299,0,-7
50,R,-2200,0,0,0
50,R,-2200,1,0,0
50,R,-2200,2,0,-1
50,R,-2200,3,0,-1
50,R,-2200,4,0,-4
50,R,-2200,5,0,-4
50,R,-2200,6,0,-6
50,R,-2200,7,0,-6
50,R,-2200,8,0,-8
50,R,-2200,9,0,-8
50,R,-2200,10,0,-8
50,R,-2200,11,0,-10
50,R,-2200,12,0,-10
50,R,-2200,13,0,-11
50,R,-2200,14,0,-12
50,R,-2200,15,0,-12
50,R,-2200,16,0,-12
50,R,-2200,17,0,-13
50,R,-2200,18,0,-13
50,R,-2200,19,0,-14
50,R,-2200,20,0,-14
50,R,-2200,21,0,-15
50,R,-2200,22,0,-15
50,R,-2200,23,0,-14
50,R,-2200,24,0,-15
50,R,-2200,25,0,-16
50,R,-2200,26,0,-16
50,R,-2200,27,0,-16
50,R,-2200,28,0,-17
50,R,-2200,29,0,-16
50,R,-2200,30,0,-18
50,R,-2200,31,0,-17
50,R,-2200,32,0,-17
50,R,-2200,33,0,-18
50,R,-2200,34,0,-17
50,R,-2200,35,0,-18
50,R,-2200,36,0,-18
50,R,-2200,37,0,-18
50,R,-2200,38,0,-18
50,R,-2200,39,0,-18
50,R,-2200,40,0,-19
50,R,-2200,41,0,-18
50,R,-2200,42,0,-19
50,R,-2200,43,0,-19
50,R,-2200,44,0,-19
50,R,-2200,45,0,-19
50,R,-2200,46,0,-19
50,R,-2200,47,0,-19
50,R,-2200,48,0,-20
50,R,-2200,49,0,-19
50,R,-2200,50,0,-20
50,R,-2200,51,0,-20
50,R,-2200,52,0,-20
50,R,-2200,53,0,-19
50,R,-2200,54,0,-20
50,R,-2200,55,0,-20
50,R,-2200,56,0,-20
50,R,-2200,57,0,-20
50,R,-2200,58,0,-20
50,R,-2200,59,0,-21
50,R,-2200,60,0,-20
50,R,-2200,61,0,-20
50,R,-2200,62,0,-20
50,R,-2200,63,0,-21
50,R,-2200,64,0,-20
50,R,-2200,65,0,-21
50,R,-2200,66,0,-21
50,R,-2200,67,0,-20
50,R,-2200,68,0,-21
50,R,-2200,69,0,-20
50,R,-2200,70,0,-21
50,R,-2200,71,0,-22
50,R,-2200,72,0,-20
50,R,-2200,73,0,-21
50,R,-2200,74,0,-21
50,R,-2200,75,0,-21
50,R,-2200,76,0,-21
50,R,-2200,77,0,-21
50,R,-2200,78,0,-21
50,R,-2200,79,0,-22
50,R,-2200,80,0,-21
50,R,-2200,81,0,-20
50,R,-2200,82,0,-22
50,R,-2200,83,0,-21
50,R,-2200,84,0,-21
50,R,-2200,85,0,-22
50,R,-2200,86,0,-21
50,R,-2200,87,0,-21
50,R,-2200,88,0,-22
50,R,-2200,89,0,-21
50,R,-2200,90,0,-22
50,R,-2200,91,0,-21
50,R,-2200,92,0,-22
50,R,-2200,93,0,-21
50,R,-2200,94,0,-22
50,R,-2200,95,0,-21
50,R,-2200,96,0,-22
50,R,-2200,97,0,-22
50,R,-2200,98,0,-21
50,R,-2200,99,0,-22
50,R,-2200,100,0,-21
50,R,-2200,101,0,-22
50,R,-2200,102,0,-22
50,R,-2200,103,0,-21
50,R,-2200,104,0,-22
50,R,-2200,105,0,-21
50,R,-2200,106,0,-23
50,R,-2200,107,0,-21
50,R,-2200,108,0,-22
50,R,-2200,109,0,-22
50,R,-2200,110,0,-22
50,R,-2200,111,0,-22
50,R,-2200,112,0,-22
50,R,-2200,113,0,-21
50,R,-2200,114,0,-22
50,R,-2200,115,0,-22
50,R,-2200,116,0,-21
50,R,-2200,117,0,-23
50,R,-2200,118,0,-21
50,R,-2200,119,0,-22
50,R,-2200,120,0,-22
50,R,-2200,121,0,-22
50,R,-2200,122,0,-22
50,R,-2200,123,0,-22
50,R,-2200,124,0,-22
50,R,-2200,125,0,-21
50,R,-2200,126,0,-23
50,R,-2200,127,0,-21
50,R,-2200,128,0,-23
50,R,-2200,129,0,-21
50,R,-2200,130,0,-23
50,R,-2200,131,0,-21
50,R,-2200,132,0,-23
50,R,-2200,133,0,-21
50,R,-2200,134,0,-23
50,R,-2200,135,0,-21
50,R,-2200,136,0,-23
50,R,-2200,137,0,-21
50,R,-2200,138,0,-23
50,R,-2200,139,0,-22
50,R,-2200,140,0,-22
50,R,-2200,141,0,-22
50,R,-2200,142,0,-22
50,R,-2200,143,0,-22
50,R,-2200,144,0,-22
50,R,-2200,145,0,-22
50,R,-2200,146,0,-22
50,R,-2200,147,0,-23
50,R,-2200,148,0,-21
50,R,-2200,149,0,-23
50,R,-2200,150,0,-22
50,R,-2200,151,0,-22
50,R,-2200,152,0,-22
50,R,-2200,153,0,-22
50,R,-2200,154,0,-22
50,R,-2200,155,0,-23
50,R,-2200,156,0,-22
50,R,-2200,157,0,-22
50,R,-2200,158,0,-22
50,R,-2200,159,0,-22
50,R,-2200,160,0,-23
50,R,-2200,161,0,-21
50,R,-2200,162,0,-23
50,R,-2200,163,0,-22
50,R,-2200,164,0,-22
50,R,-2200,165,0,-22
50,R,-2200,166,0,-23
50,R,-2200,167,0,-22
50,R,-2200,168,0,-22
50,R,-2200,169,0,-22
50,R,-2200,170,0,-22
50,R,-2200,171,0,-23
50,R,-2200,172,0,-22
50,R,-2200,173,0,-23
50,R,-2200,174,0,-21
50,R,-2200,175,0,-23
50,R,-2200,176,0,-22
50,R,-2200,177,0,-22
50,R,-2200,178,0,-23
50,R,-2200,179,0,-21
50,R,-2200,180,0,-23
50,R,-2200,181,0,-22
50,R,-2200,182,0,-23
50,R,-2200,183,0,-22
50,R,-2200,184,0,-22
50,R,-2200,185,0,-23
50,R,-2200,186,0,-21
50,R,-2200,187,0,-23
50,R,-2200,188,0,-22
50,R,-2200,189,0,-23
50,R,-2200,190,0,-21
50,R,-2200,191,0,-23
50,R,-2200,192,0,-23
50,R,-2200,193,0,-21
50,R,-2200,194,0,-23
50,R,-2200,195,0,-22
50,R,-2200,196,0,-23
50,R,-2200,197,0,-22
50,R,-2200,198,0,-22
50,R,-2200,199,0,-23
50,R,-2200,200,0,-21
50,R,-2200,201,0,-23
50,R,-2200,202,0,-22
50,R,-2200,203,0,-22
50,R,-2200,204,0,-22
50,R,-2200,205,0,-22
50,R,-2200,206,0,-21
50,R,-2200,207,0,-21
50,R,-2200,208,0,-22
50,R,-2200,209,0,-21
50,R,-2200,210,0,-21
50,R,-2200,211,0,-21
50,R,-2200,212,0,-21
50,R,-2200,213,0,-20
50,R,-2200,214,0,-21
50,R,-2200,215,0,-20
50,R,-2200,216,0,-20
50,R,-2200,217,0,-20
50,R,-2200,218,0,-20
50,R,-2200,219,0,-20
50,R,-2200,220,0,-20
50,R,-2200,221,0,-20
50,R,-2200,222,0,-19
50,R,-2200,223,0,-20
50,R,-2200,224,0,-18
50,R,-2200,225,0,-20
50,R,-2200,226,0,-19
50,R,-2200,227,0,-19
50,R,-2200,228,0,-18
50,R,-2200,229,0,-19
50,R,-2200,230,0,-19
50,R,-2200,231,0,-17
50,R,-2200,232,0,-19
50,R,-2200,233,0,-18
50,R,-2200,234,0,-19
50,R,-2200,235,0,-17
50,R,-2200,236,0,-18
50,R,-2200,237,0,-17
50,R,-2200,238,0,-17
50,R,-2200,239,0,-18
50,R,-2200,240,0,-17
50,R,-2200,241,0,-17
50,R,-2200,242,0,-18
50,R,-2200,243,0,-16
50,R,-2200,244,0,-17
50,R,-2200,245,0,-16
50,R,-2200,246,0,-17
50,R,-2200,247,0,-17
50,R,-2200,248,0,-16
50,R,-2200,249,0,-16
50,R,-2200,250,0,-16
50,R,-2200,251,0,-16
50,R,-2200,252,0,-16
50,R,-2200,253,0,-16
50,R,-2200,254,0,-15
50,R,-2200,255,0,-16
50,R,-2200,256,0,-15
50,R,-2200,257,0,-16
50,R,-2200,258,0,-15
50,R,-2200,259,0,-15
50,R,-2200,260,0,-15
50,R,-2200,261,0,-15
50,R,-2200,262,0,-15
50,R,-2200,263,0,-14
50,R,-2200,264,0,-15
50,R,-2200,265,0,-14
50,R,-2200,266,0,-14
50,R,-2200,267,0,-15
50,R,-2200,268,0,-13
50,R,-2200,269,0,-15
50,R,-2200,270,0,-13
50,R,-2200,271,0,-15
50,R,-2200,272,0,-13
50,R,-2200,273,0,-13
50,R,-2200,274,0,-14
50,R,-2200,275,0,-13
50,R,-2200,276,0,-13
50,R,-2200,277,0,-14
50,R,-2200,278,0,-13
50,R,-2200,279,0,-12
50,R,-2200,280,0,-13
50,R,-2200,281,0,-13
50,R,-2200,282,0,-13
50,R,-2200,283,0,-13
50,R,-2200,284,0,-12
50,R,-2200,285,0,-12
50,R,-2200,286,0,-12
50,R,-2200,287,0,-12
50,R,-2200,288,0,-12
50,R,-2200,289,0,-12
50,R,-2200,290,0,-12
50,R,-2200,291,0,-12
50,R,-2200,292,0,-12
50,R,-2200,293,0,-11
50,R,-2200,294,0,-12
50,R,-2200,295,0,-12
50,R,-2200,296,0,-10
50,R,-2200,297,0,-11
50,R,-2200,298,0,-12
50,R,-2200,299,0,-11
51,R,-2400,0,0,0
51,R,-2400,1,0,-1
51,R,-2400,2,0,-2
51,R,-2400,3,0,-3
51,R,-2400,4,0,-6
51,R,-2400,5,0,-6
51,R,-2400,6,0,-7
51,R,-2400,7,0,-10
51,R,-2400,8,0,-9
51,R,-2400,9,0,-12
51,R,-2400,10,0,-12
51,R,-2400,11,0,-12
51,R,-2400,12,0,-14
51,R,-2400,13,0,-14
51,R,-2400,14,0,-16
51,R,-2400,15,0,-16
51,R,-2400,16,0,-16
51,R,-2400,17,0,-17
51,R,-2400,18,0,-18
51,R,-2400,19,0,-17
51,R,-2400,20,0,-19
51,R,-2400,21,0,-18
51,R,-2400,22,0,-19
51,R,-2400,23,0,-20
51,R,-2400,24,0,-20
51,R,-2400,25,0,-20
51,R,-2400,26,0,-21
51,R,-2400,27,0,-21
51,R,-2400,28,0,-21
51,R,-2400,29,0,-21
51,R,-2400,30,0,-22
51,R,-2400,31,0,-23
51,R,-2400,32,0,-22
51,R,-2400,33,0,-22
51,R,-2400,34,0,-23
51,R,-2400,35,0,-22
51,R,-2400,36,0,-23
51,R,-2400,37,0,-23
51,R,-2400,38,0,-24
51,R,-2400,39,0,-24
51,R,-2400,40,0,-23
51,R,-2400,41,0,-24
51,R,-2400,42,0,-24
51,R,-2400,43,0,-24
51,R,-2400,44,0,-25
51,R,-2400,45,0,-24
51,R,-2400,46,0,-24
51,R,-2400,47,0,-25
51,R,-2400,48,0,-25
51,R,-2400,49,0,-25
51,R,-2400,50,0,-25
51,R,-2400,51,0,-25
51,R,-2400,52,0,-25
51,R,-2400,53,0,-25
51,R,-2400,54,0,-25
51,R,-2400,55,0,-26
51,R,-2400,56,0,-26
51,R,-2400,57,0,-25
51,R,-2400,58,0,-26
51,R,-2400,59,0,-25
51,R,-2400,60,0,-26
51,R,-2400,61,0,-26
51,R,-2400,62,0,-26
51,R,-2400,63,0,-26
51,R,-2400,64,0,-26
51,R,-2400,65,0,-26
51,R,-2400,66,0,-27
51,R,-2400,67,0,-25
51,R,-2400,68,0,-27
51,R,-2400,69,0,-26
51,R,-2400,70,0,-27
51,R,-2400,71,0,-26
51,R,-2400,72,0,-26
51,R,-2400,73,0,-27
51,R,-2400,74,0,-27
51,R,-2400,75,0,-26
51,R,-2400,76,0,-27
51,R,-2400,77,0,-27
51,R,-2400,78,0,-26
51,R,-2400,79,0,-28
51,R,-2400,80,0,-27
51,R,-2400,81,0,-26
51,R,-2400,82,0,-27
51,R,-2400,83,0,-28
51,R,-2400,84,0,-27
51,R,-2400,85,0,-26
51,R,-2400,86,0,-27
51,R,-2400,87,0,-28
51,R,-2400,88,0,-27
51,R,-2400,89,0,-28
51,R,-2400,90,0,-27
51,R,-2400,91,0,-27
51,R,-2400,92,0,-28
51,R,-2400,93,0,-27
51,R,-2400,94,0,-27
51,R,-2400,95,0,-28
51,R,-2400,96,0,-27
51,R,-2400,97,0,-27
51,R,-2400,98,0,-28
51,R,-2400,99,0,-27
51,R,-2400,100,0,-28
51,R,-2400,101,0,-28
51,R,-2400,102,0,-27
51,R,-2400,103,0,-28
51,R,-2400,104,0,-28
51,R,-2400,105,0,-27
51,R,-2400,106,0,-27
51,R,-2400,107,0,-28
51,R,-2400,108,0,-28
51,R,-2400,109,0,-27
51,R,-2400,110,0,-28
51,R,-2400,111,0,-28
51,R,-2400,112,0,-28
51,R,-2400,113,0,-28
51,R,-2400,114,0,-28
51,R,-2400,115,0,-27
51,R,-2400,116,0,-28
51,R,-2400,117,0,-28
51,R,-2400,118,0,-28
51,R,-2400,119,0,-28
51,R,-2400,120,0,-27
51,R,-2400,121,0,-28
51,R,-2400,122,0,-28
51,R,-2400,123,0,-28
51,R,-2400,124,0,-27
51,R,-2400,125,0,-29
51,R,-2400,126,0,-27
51,R,-2400,127,0,-28
51,R,-2400,128,0,-28
51,R,-2400,129,0,-28
51,R,-2400,130,0,-28
51,R,-2400,131,0,-28
51,R,-2400,132,0,-28
51,R,-2400,133,0,-28
51,R,-2400,134,0,-28
51,R,-2400,135,0,-28
51,R,-2400,136,0,-28
51,R,-2400,137,0,-28
51,R,-2400,138,0,-28
51,R,-2400,139,0,-28
51,R,-2400,140,0,-28
51,R,-2400,141,0,-28
51,R,-2400,142,0,-28
51,R,-2400,143,0,-28
51,R,-2400,144,0,-28
51,R,-2400,145,0,-28
51,R,-2400,146,0,-28
51,R,-2400,147,0,-28
51,R,-2400,148,0,-28
51,R,-2400,149,0,-28
51,R,-2400,150,0,-28
51,R,-2400,151,0,-28
51,R,-2400,152,0,-28
51,R,-2400,153,0,-30
51,R,-2400,154,0,-26
51,R,-2400,155,0,-29
51,R,-2400,156,0,-27
51,R,-2400,157,0,-28
51,R,-2400,158,0,-29
51,R,-2400,159,0,-28
51,R,-2400,160,0,-28
51,R,-2400,161,0,-28
51,R,-2400,162,0,-28
51,R,-2400,163,0,-28
51,R,-2400,164,0,-28
51,R,-2400,165,0,-28
51,R,-2400,166,0,-28
51,R,-2400,167,0,-28
51,R,-2400,168,0,-28
51,R,-2400,169,0,-28
51,R,-2400,170,0,-28
51,R,-2400,171,0,-29
51,R,-2400,172,0,-28
51,R,-2400,173,0,-28
51,R,-2400,174,0,-28
51,R,-2400,175,0,-28
51,R,-2400,176,0,-28
51,R,-2400,177,0,-28
51,R,-2400,178,0,-28
51,R,-2400,179,0,-28
51,R,-2400,180,0,-28
51,R,-2400,181,0,-28
51,R,-2400,182,0,-28
51,R,-2400,183,0,-28
51,R,-2400,184,0,-28
51,R,-2400,185,0,-28
51,R,-2400,186,0,-28
51,R,-2400,187,0,-28
51,R,-2400,188,0,-28
51,R,-2400,189,0,-28
51,R,-2400,190,0,-28
51,R,-2400,191,0,-28
51,R,-2400,192,0,-28
51,R,-2400,193,0,-28
51,R,-2400,194,0,-28
51,R,-2400,195,0,-28
51,R,-2400,196,0,-28
51,R,-2400,197,0,-29
51,R,-2400,198,0,-27
51,R,-2400,199,0,-29
51,R,-2400,200,0,-28
51,R,-2400,201,0,-28
51,R,-2400,202,0,-28
51,R,-2400,203,0,-27
51,R,-2400,204,0,-28
51,R,-2400,205,0,-27
51,R,-2400,206,0,-27
51,R,-2400,207,0,-27
51,R,-2400,208,0,-28
51,R,-2400,209,0,-27
51,R,-2400,210,0,-26
51,R,-2400,211,0,-27
51,R,-2400,212,0,-26
51,R,-2400,213,0,-26
51,R,-2400,214,0,-27
51,R,-2400,215,0,-25
51,R,-2400,216,0,-26
51,R,-2400,217,0,-26
51,R,-2400,218,0,-25
51,R,-2400,219,0,-26
51,R,-2400,220,0,-25
51,R,-2400,221,0,-25
51,R,-2400,222,0,-25
51,R,-2400,223,0,-25
51,R,-2400,224,0,-24
51,R,-2400,225,0,-25
51,R,-2400,226,0,-24
51,R,-2400,227,0,-24
51,R,-2400,228,0,-24
51,R,-2400,229,0,-24
51,R,-2400,230,0,-24
51,R,-2400,231,0,-24
51,R,-2400,232,0,-23
51,R,-2400,233,0,-24
51,R,-2400,234,0,-23
51,R,-2400,235,0,-23
51,R,-2400,236,0,-23
51,R,-2400,237,0,-23
51,R,-2400,238,0,-23
51,R,-2400,239,0,-22
51,R,-2400,240,0,-23
51,R,-2400,241,0,-22
51,R,-2400,242,0,-23
51,R,-2400,243,0,-21
51,R,-2400,244,0,-23
51,R,-2400,245,0,-21
51,R,-2400,246,0,-22
51,R,-2400,247,0,-21
51,R,-2400,248,0,-22
51,R,-2400,249,0,-21
51,R,-2400,250,0,-21
51,R,-2400,251,0,-21
51,R,-2400,252,0,-21
51,R,-2400,253,0,-21
51,R,-2400,254,0,-21
51,R,-2400,255,0,-20
51,R,-2400,256,0,-20
51,R,-2400,257,0,-21
51,R,-2400,258,0,-20
51,R,-2400,259,0,-20
51,R,-2400,260,0,-20
51,R,-2400,261,0,-19
51,R,-2400,262,0,-20
51,R,-2400,263,0,-20
51,R,-2400,264,0,-19
51,R,-2400,265,0,-20
51,R,-2400,266,0,-19
51,R,-2400,267,0,-18
51,R,-2400,268,0,-20
51,R,-2400,269,0,-19
51,R,-2400,270,0,-18
51,R,-2400,271,0,-19
51,R,-2400,272,0,-18
51,R,-2400,273,0,-18
51,R,-2400,274,0,-19
51,R,-2400,275,0,-18
51,R,-2400,276,0,-18
51,R,-2400,277,0,-17
51,R,-2400,278,0,-19
51,R,-2400,279,0,-17
51,R,-2400,280,0,-17
51,R,-2400,281,0,-18
51,R,-2400,282,0,-17
51,R,-2400,283,0,-17
51,R,-2400,284,0,-18
51,R,-2400,285,0,-16
51,R,-2400,286,0,-17
51,R,-2400,287,0,-17
51,R,-2400,288,0,-16
51,R,-2400,289,0,-17
51,R,-2400,290,0,-16
51,R,-2400,291,0,-17
51,R,-2400,292,0,-16
51,R,-2400,293,0,-16
51,R,-2400,294,0,-16
51,R,-2400,295,0,-16
51,R,-2400,296,0,-15
51,R,-2400,297,0,-16
51,R,-2400,298,0,-15
51,R,-2400,299,0,-15
52,R,-2800,0,0,0
52,R,-2800,1,0,-1
52,R,-2800,2,0,-2
52,R,-2800,3,0,-6
52,R,-2800,4,0,-6
52,R,-2800,5,0,-9
52,R,-2800,6,0,-11
52,R,-2800,7,0,-12
52,R,-2800,8,0,-15
52,R,-2800,9,0,-15
52,R,-2800,10,0,-18
52,R,-2800,11,0,-17
52,R,-2800,12,0,-19
52,R,-2800,13,0,-20
52,R,-2800,14,0,-22
52,R,-2800,15,0,-22
52,R,-2800,16,0,-23
52,R,-2800,17,0,-24
52,R,-2800,18,0,-25
52,R,-2800,19,0,-25
52,R,-2800,20,0,-26
52,R,-2800,21,0,-26
52,R,-2800,22,0,-27
52,R,-2800,23,0,-28
52,R,-2800,24,0,-28
52,R,-2800,25,0,-29
52,R,-2800,26,0,-29
52,R,-2800,27,0,-30
52,R,-2800,28,0,-29
52,R,-2800,29,0,-31
52,R,-2800,30,0,-30
52,R,-2800,31,0,-31
52,R,-2800,32,0,-31
52,R,-2800,33,0,-32
52,R,-2800,34,0,-32
52,R,-2800,35,0,-32
52,R,-2800,36,0,-32
52,R,-2800,37,0,-32
52,R,-2800,38,0,-33
52,R,-2800,39,0,-34
52,R,-2800,40,0,-33
52,R,-2800,41,0,-32
52,R,-2800,42,0,-34
52,R,-2800,43,0,-34
52,R,-2800,44,0,-33
52,R,-2800,45,0,-34
52,R,-2800,46,0,-34
52,R,-2800,47,0,-35
52,R,-2800,48,0,-34
52,R,-2800,49,0,-34
52,R,-2800,50,0,-35
52,R,-2800,51,0,-35
52,R,-2800,52,0,-34
52,R,-2800,53,0,-36
52,R,-2800,54,0,-35
52,R,-2800,55,0,-35
52,R,-2800,56,0,-35
52,R,-2800,57,0,-35
52,R,-2800,58,0,-36
52,R,-2800,59,0,-36
52,R,-2800,60,0,-35
52,R,-2800,61,0,-36
52,R,-2800,62,0,-36
52,R,-2800,63,0,-36
52,R,-2800,64,0,-35
52,R,-2800,65,0,-36
52,R,-2800,66,0,-36
52,R,-2800,67,0,-36
52,R,-2800,68,0,-36
52,R,-2800,69,0,-36
52,R,-2800,70,0,-36
52,R,-2800,71,0,-38
52,R,-2800,72,0,-35
52,R,-2800,73,0,-36
52,R,-2800,74,0,-36
52,R,-2800,75,0,-36
52,R,-2800,76,0,-37
52,R,-2800,77,0,-36
52,R,-2800,78,0,-36
52,R,-2800,79,0,-37
52,R,-2800,80,0,-36
52,R,-2800,81,0,-37
52,R,-2800,82,0,-37
52,R,-2800,83,0,-36
52,R,-2800,84,0,-37
52,R,-2800,85,0,-36
52,R,-2800,86,0,-37
52,R,-2800,87,0,-36
52,R,-2800,88,0,-38
52,R,-2800,89,0,-36
52,R,-2800,90,0,-37
52,R,-2800,91,0,-37
52,R,-2800,92,0,-37
52,R,-2800,93,0,-37
52,R,-2800,94,0,-37
52,R,-2800,95,0,-36
52,R,-2800,96,0,-37
52,R,-2800,97,0,-38
52,R,-2800,98,0,-36
52,R,-2800,99,0,-37
52,R,-2800,100,0,-37
52,R,-2800,101,0,-38
52,R,-2800,102,0,-37
52,R,-2800,103,0,-37
52,R,-2800,104,0,-37
52,R,-2800,105,0,-37
52,R,-2800,106,0,-37
52,R,-2800,107,0,-37
52,R,-2800,108,0,-38
52,R,-2800,109,0,-37
52,R,-2800,110,0,-37
52,R,-2800,111,0,-38
52,R,-2800,112,0,-37
52,R,-2800,113,0,-37
52,R,-2800,114,0,-38
52,R,-2800,115,0,-37
52,R,-2800,116,0,-37
52,R,-2800,117,0,-38
52,R,-2800,118,0,-37
52,R,-2800,119,0,-37
52,R,-2800,120,0,-38
52,R,-2800,121,0,-37
52,R,-2800,122,0,-38
52,R,-2800,123,0,-38
52,R,-2800,124,0,-36
52,R,-2800,125,0,-38
52,R,-2800,126,0,-38
52,R,-2800,127,0,-37
52,R,-2800,128,0,-38
52,R,-2800,129,0,-37
52,R,-2800,130,0,-38
52,R,-2800,131,0,-37
52,R,-2800,132,0,-39
52,R,-2800,133,0,-37
52,R,-2800,134,0,-37
52,R,-2800,135,0,-38
52,R,-2800,136,0,-37
52,R,-2800,137,0,-38
52,R,-2800,138,0,-38
52,R,-2800,139,0,-37
52,R,-2800,140,0,-38
52,R,-2800,141,0,-38
52,R,-2800,142,0,-37
52,R,-2800,143,0,-38
52,R,-2800,144,0,-38
52,R,-2800,145,0,-38
52,R,-2800,146,0,-37
52,R,-2800,147,0,-38
52,R,-2800,148,0,-38
52,R,-2800,149,0,-37
52,R,-2800,150,0,-39
52,R,-2800,151,0,-37
52,R,-2800,152,0,-38
52,R,-2800,153,0,-38
52,R,-2800,154,0,-38
52,R,-2800,155,0,-38
52,R,-2800,156,0,-38
52,R,-2800,157,0,-37
52,R,-2800,158,0,-39
52,R,-2800,159,0,-37
52,R,-2800,160,0,-39
52,R,-2800,161,0,-37
52,R,-2800,162,0,-39
52,R,-2800,163,0,-37
52,R,-2800,164,0,-39
52,R,-2800,165,0,-37
52,R,-2800,166,0,-38
52,R,-2800,167,0,-38
52,R,-2800,168,0,-39
52,R,-2800,169,0,-37
52,R,-2800,170,0,-39
52,R,-2800,171,0,-37
52,R,-2800,172,1,-39
52,R,-2800,173,-1,-37
52,R,-2800,174,0,-39
52,R,-2800,175,0,-38
52,R,-2800,176,0,-38
52,R,-2800,177,0,-38
52,R,-2800,178,0,-39
52,R,-2800,179,0,-38
52,R,-2800,180,0,-38
52,R,-2800,181,0,-38
52,R,-2800,182,0,-38
52,R,-2800,183,0,-39
52,R,-2800,184,0,-38
52,R,-2800,185,0,-38
52,R,-2800,186,0,-38
52,R,-2800,187,0,-39
52,R,-2800,188,0,-38
52,R,-2800,189,0,-38
52,R,-2800,190,0,-39
52,R,-2800,191,0,-38
52,R,-2800,192,0,-39
52,R,-2800,193,0,-39
52,R,-2800,194,0,-37
52,R,-2800,195,0,-39
52,R,-2800,196,0,-38
52,R,-2800,197,0,-39
52,R,-2800,198,0,-38
52,R,-2800,199,0,-38
52,R,-2800,200,0,-39
52,R,-2800,201,0,-38
52,R,-2800,202,0,-39
52,R,-2800,203,0,-38
52,R,-2800,204,0,-38
52,R,-2800,205,0,-37
52,R,-2800,206,0,-38
52,R,-2800,207,0,-37
52,R,-2800,208,0,-37
52,R,-2800,209,0,-36
52,R,-2800,210,0,-38
52,R,-2800,211,0,-37
52,R,-2800,212,0,-36
52,R,-2800,213,0,-37
52,R,-2800,214,0,-36
52,R,-2800,215,0,-36
52,R,-2800,216,0,-36
52,R,-2800,217,0,-35
52,R,-2800,218,0,-36
52,R,-2800,219,0,-36
52,R,-2800,220,0,-35
52,R,-2800,221,0,-35
52,R,-2800,222,0,-34
52,R,-2800,223,0,-36
52,R,-2800,224,0,-34
52,R,-2800,225,0,-34
52,R,-2800,226,0,-35
52,R,-2800,227,0,-33
52,R,-2800,228,0,-35
52,R,-2800,229,0,-33
52,R,-2800,230,0,-34
52,R,-2800,231,0,-33
52,R,-2800,232,0,-33
52,R,-2800,233,0,-33
52,R,-2800,234,0,-34
52,R,-2800,235,0,-32
52,R,-2800,236,0,-33
52,R,-2800,237,0,-32
52,R,-2800,238,0,-32
52,R,-2800,239,0,-32
52,R,-2800,240,0,-32
52,R,-2800,241,0,-32
52,R,-2800,242,0,-32
52,R,-2800,243,0,-32
52,R,-2800,244,0,-31
52,R,-2800,245,0,-32
52,R,-2800,246,0,-30
52,R,-2800,247,0,-31
52,R,-2800,248,0,-31
52,R,-2800,249,0,-31
52,R,-2800,250,0,-30
52,R,-2800,251,0,-31
52,R,-2800,252,0,-30
52,R,-2800,253,0,-30
52,R,-2800,254,0,-31
52,R,-2800,255,0,-29
52,R,-2800,256,0,-29
52,R,-2800,257,0,-29
52,R,-2800,258,0,-30
52,R,-2800,259,0,-29
52,R,-2800,260,0,-29
52,R,-2800,261,0,-28
52,R,-2800,262,0,-29
52,R,-2800,263,0,-29
52,R,-2800,264,0,-28
52,R,-2800,265,0,-29
52,R,-2800,266,0,-28
52,R,-2800,267,0,-28
52,R,-2800,268,0,-27
52,R,-2800,269,0,-28
52,R,-2800,270,0,-28
52,R,-2800,271,0,-27
52,R,-2800,272,0,-27
52,R,-2800,273,0,-27
52,R,-2800,274,0,-27
52,R,-2800,275,0,-27
52,R,-2800,276,0,-27
52,R,-2800,277,0,-27
52,R,-2800,278,0,-26
52,R,-2800,279,0,-26
52,R,-2800,280,0,-26
52,R,-2800,281,0,-26
52,R,-2800,282,0,-26
52,R,-2800,283,0,-26
52,R,-2800,284,0,-25
52,R,-2800,285,0,-26
52,R,-2800,286,0,-25
52,R,-2800,287,0,-25
52,R,-2800,288,0,-26
52,R,-2800,289,0,-25
52,R,-2800,290,0,-24
52,R,-2800,291,0,-25
52,R,-2800,292,0,-24
52,R,-2800,293,0,-25
52,R,-2800,294,0,-24
52,R,-2800,295,0,-25
52,R,-2800,296,0,-23
52,R,-2800,297,0,-24
52,R,-2800,298,0,-24
52,R,-2800,299,0,-23
