step,side,pwm1,pwm2,k,enc_l,enc_r
1,L,2000,0,0,0,0
1,L,2000,0,1,0,0
1,L,2000,0,2,1,0
1,L,2000,0,3,2,0
1,L,2000,0,4,3,0
1,L,2000,0,5,3,0
1,L,2000,0,6,4,0
1,L,2000,0,7,5,0
1,L,2000,0,8,5,0
1,L,2000,0,9,5,0
1,L,2000,0,10,6,0
1,L,2000,0,11,7,0
1,L,2000,0,12,7,0
1,L,2000,0,13,8,0
1,L,2000,0,14,6,0
1,L,2000,0,15,8,0
1,L,2000,0,16,9,0
1,L,2000,0,17,9,0
1,L,2000,0,18,9,0
1,L,2000,0,19,8,0
1,L,2000,0,20,9,0
1,L,2000,0,21,10,0
1,L,2000,0,22,10,0
1,L,2000,0,23,10,0
1,L,2000,0,24,10,0
1,L,2000,0,25,10,0
1,L,2000,0,26,10,0
1,L,2000,0,27,11,0
1,L,2000,0,28,11,0
1,L,2000,0,29,11,0
1,L,2000,0,30,11,0
1,L,2000,0,31,11,0
1,L,2000,0,32,12,0
1,L,2000,0,33,11,0
1,L,2000,0,34,12,0
1,L,2000,0,35,12,0
1,L,2000,0,36,12,0
1,L,2000,0,37,12,0
1,L,2000,0,38,12,0
1,L,2000,0,39,12,0
1,L,2000,0,40,12,0
1,L,2000,0,41,13,0
1,L,2000,0,42,12,0
1,L,2000,0,43,12,0
1,L,2000,0,44,13,0
1,L,2000,0,45,12,0
1,L,2000,0,46,14,0
1,L,2000,0,47,12,0
1,L,2000,0,48,13,0
1,L,2000,0,49,13,0
1,L,2000,0,50,14,0
1,L,2000,0,51,12,0
1,L,2000,0,52,13,0
1,L,2000,0,53,13,0
1,L,2000,0,54,14,0
1,L,2000,0,55,13,0
1,L,2000,0,56,13,0
1,L,2000,0,57,14,0
1,L,2000,0,58,13,0
1,L,2000,0,59,14,0
1,L,2000,0,60,13,0
1,L,2000,0,61,14,0
1,L,2000,0,62,14,0
1,L,2000,0,63,13,0
1,L,2000,0,64,14,0
1,L,2000,0,65,14,0
1,L,2000,0,66,13,0
1,L,2000,0,67,15,0
1,L,2000,0,68,13,0
1,L,2000,0,69,14,0
1,L,2000,0,70,14,0
1,L,2000,0,71,14,0
1,L,2000,0,72,14,0
1,L,2000,0,73,14,0
1,L,2000,0,74,14,0
1,L,2000,0,75,15,0
1,L,2000,0,76,13,0
1,L,2000,0,77,15,0
1,L,2000,0,78,14,0
1,L,2000,0,79,14,0
1,L,2000,0,80,15,0
1,L,2000,0,81,13,0
1,L,2000,0,82,15,0
1,L,2000,0,83,14,0
1,L,2000,0,84,15,0
1,L,2000,0,85,13,0
1,L,2000,0,86,15,0
1,L,2000,0,87,15,0
1,L,2000,0,88,14,0
1,L,2000,0,89,14,0
1,L,2000,0,90,14,0
1,L,2000,0,91,15,0
1,L,2000,0,92,15,0
1,L,2000,0,93,14,0
1,L,2000,0,94,14,0
1,L,2000,0,95,14,0
1,L,2000,0,96,15,0
1,L,2000,0,97,15,0
1,L,2000,0,98,14,0
1,L,2000,0,99,15,0
1,L,2000,0,100,15,0
1,L,2000,0,101,14,0
1,L,2000,0,102,15,0
1,L,2000,0,103,15,0
1,L,2000,0,104,13,0
1,L,2000,0,105,16,0
1,L,2000,0,106,14,0
1,L,2000,0,107,14,0
1,L,2000,0,108,16,0
1,L,2000,0,109,14,0
1,L,2000,0,110,14,0
1,L,2000,0,111,16,0
1,L,2000,0,112,14,0
1,L,2000,0,113,14,0
1,L,2000,0,114,16,0
1,L,2000,0,115,14,0
1,L,2000,0,116,15,0
1,L,2000,0,117,15,0
1,L,2000,0,118,15,0
1,L,2000,0,119,14,0
1,L,2000,0,120,15,0
1,L,2000,0,121,15,0
1,L,2000,0,122,14,0
1,L,2000,0,123,15,0
1,L,2000,0,124,15,0
1,L,2000,0,125,14,0
1,L,2000,0,126,15,0
1,L,2000,0,127,15,0
1,L,2000,0,128,15,0
1,L,2000,0,129,15,0
1,L,2000,0,130,15,0
1,L,2000,0,131,15,0
1,L,2000,0,132,14,0
1,L,2000,0,133,15,0
1,L,2000,0,134,15,0
1,L,2000,0,135,15,0
1,L,2000,0,136,15,0
1,L,2000,0,137,15,0
1,L,2000,0,138,15,0
1,L,2000,0,139,14,0
1,L,2000,0,140,15,0
1,L,2000,0,141,15,0
1,L,2000,0,142,15,0
1,L,2000,0,143,14,0
1,L,2000,0,144,16,0
1,L,2000,0,145,15,0
1,L,2000,0,146,14,0
1,L,2000,0,147,15,0
1,L,2000,0,148,15,0
1,L,2000,0,149,16,0
1,L,2000,0,150,14,0
1,L,2000,0,151,15,0
1,L,2000,0,152,15,0
1,L,2000,0,153,16,0
1,L,2000,0,154,14,0
1,L,2000,0,155,15,0
1,L,2000,0,156,15,0
1,L,2000,0,157,15,0
1,L,2000,0,158,15,0
1,L,2000,0,159,15,0
1,L,2000,0,160,15,0
1,L,2000,0,161,15,0
1,L,2000,0,162,15,0
1,L,2000,0,163,15,0
1,L,2000,0,164,15,0
1,L,2000,0,165,16,0
1,L,2000,0,166,14,0
1,L,2000,0,167,15,0
1,L,2000,0,168,15,0
1,L,2000,0,169,15,0
1,L,2000,0,170,15,0
1,L,2000,0,171,15,0
1,L,2000,0,172,16,0
1,L,2000,0,173,15,0
1,L,2000,0,174,14,0
1,L,2000,0,175,15,0
1,L,2000,0,176,16,0
1,L,2000,0,177,15,0
1,L,2000,0,178,15,0
1,L,2000,0,179,15,0
1,L,2000,0,180,15,0
1,L,2000,0,181,15,0
1,L,2000,0,182,16,0
1,L,2000,0,183,14,0
1,L,2000,0,184,15,0
1,L,2000,0,185,16,0
1,L,2000,0,186,15,0
1,L,2000,0,187,15,0
1,L,2000,0,188,15,0
1,L,2000,0,189,15,0
1,L,2000,0,190,15,0
1,L,2000,0,191,16,0
1,L,2000,0,192,14,0
1,L,2000,0,193,15,0
1,L,2000,0,194,16,0
1,L,2000,0,195,15,0
1,L,2000,0,196,14,0
1,L,2000,0,197,16,0
1,L,2000,0,198,15,0
1,L,2000,0,199,15,0
1,L,2000,0,200,16,0
1,L,2000,0,201,14,0
1,L,2000,0,202,15,0
1,L,2000,0,203,15,0
1,L,2000,0,204,14,0
1,L,2000,0,205,15,0
1,L,2000,0,206,15,0
1,L,2000,0,207,14,0
1,L,2000,0,208,15,0
1,L,2000,0,209,13,0
1,L,2000,0,210,14,0
1,L,2000,0,211,14,0
1,L,2000,0,212,14,0
1,L,2000,0,213,13,0
1,L,2000,0,214,14,0
1,L,2000,0,215,14,0
1,L,2000,0,216,12,0
1,L,2000,0,217,13,0
1,L,2000,0,218,14,0
1,L,2000,0,219,13,0
1,L,2000,0,220,12,0
1,L,2000,0,221,13,0
1,L,2000,0,222,12,0
1,L,2000,0,223,13,0
1,L,2000,0,224,13,0
1,L,2000,0,225,12,0
1,L,2000,0,226,12,0
1,L,2000,0,227,12,0
1,L,2000,0,228,12,0
1,L,2000,0,229,11,0
1,L,2000,0,230,11,0
1,L,2000,0,231,12,0
1,L,2000,0,232,11,0
1,L,2000,0,233,12,0
1,L,2000,0,234,11,0
1,L,2000,0,235,12,0
1,L,2000,0,236,10,0
1,L,2000,0,237,11,0
1,L,2000,0,238,11,0
1,L,2000,0,239,10,0
1,L,2000,0,240,11,0
1,L,2000,0,241,11,0
1,L,2000,0,242,10,0
1,L,2000,0,243,10,0
1,L,2000,0,244,10,0
1,L,2000,0,245,11,0
1,L,2000,0,246,9,0
1,L,2000,0,247,10,0
1,L,2000,0,248,10,0
1,L,2000,0,249,10,0
1,L,2000,0,250,9,0
1,L,2000,0,251,9,0
1,L,2000,0,252,10,0
1,L,2000,0,253,9,0
1,L,2000,0,254,9,0
1,L,2000,0,255,10,0
1,L,2000,0,256,9,0
1,L,2000,0,257,8,0
1,L,2000,0,258,9,0
1,L,2000,0,259,8,0
1,L,2000,0,260,10,0
1,L,2000,0,261,8,0
1,L,2000,0,262,8,0
1,L,2000,0,263,9,0
1,L,2000,0,264,8,0
1,L,2000,0,265,8,0
1,L,2000,0,266,8,0
1,L,2000,0,267,8,0
1,L,2000,0,268,8,0
1,L,2000,0,269,8,0
1,L,2000,0,270,7,0
1,L,2000,0,271,8,0
1,L,2000,0,272,8,0
1,L,2000,0,273,6,0
1,L,2000,0,274,8,0
1,L,2000,0,275,7,0
1,L,2000,0,276,8,0
1,L,2000,0,277,7,0
1,L,2000,0,278,6,0
1,L,2000,0,279,7,0
1,L,2000,0,280,7,0
1,L,2000,0,281,6,0
1,L,2000,0,282,7,0
1,L,2000,0,283,7,0
1,L,2000,0,284,6,0
1,L,2000,0,285,7,0
1,L,2000,0,286,6,0
1,L,2000,0,287,6,0
1,L,2000,0,288,7,0
1,L,2000,0,289,5,0
1,L,2000,0,290,7,0
1,L,2000,0,291,5,0
1,L,2000,0,292,7,0
1,L,2000,0,293,5,0
1,L,2000,0,294,5,0
1,L,2000,0,295,6,0
1,L,2000,0,296,5,0
1,L,2000,0,297,6,0
1,L,2000,0,298,6,0
1,L,2000,0,299,4,0
1,L,2000,0,300,5,0
1,L,2000,0,301,6,0
1,L,2000,0,302,5,0
1,L,2000,0,303,5,0
1,L,2000,0,304,4,0
1,L,2000,0,305,6,0
1,L,2000,0,306,5,0
1,L,2000,0,307,4,0
1,L,2000,0,308,4,0
1,L,2000,0,309,5,0
1,L,2000,0,310,4,0
1,L,2000,0,311,4,0
1,L,2000,0,312,5,0
1,L,2000,0,313,5,0
1,L,2000,0,314,4,0
1,L,2000,0,315,4,0
1,L,2000,0,316,4,0
1,L,2000,0,317,4,0
1,L,2000,0,318,4,0
1,L,2000,0,319,3,0
1,L,2000,0,320,3,0
1,L,2000,0,321,4,0
1,L,2000,0,322,4,0
1,L,2000,0,323,3,0
1,L,2000,0,324,4,0
1,L,2000,0,325,3,0
1,L,2000,0,326,4,0
1,L,2000,0,327,2,0
1,L,2000,0,328,4,0
1,L,2000,0,329,3,0
1,L,2000,0,330,3,0
1,L,2000,0,331,3,0
1,L,2000,0,332,3,0
1,L,2000,0,333,3,0
1,L,2000,0,334,3,0
1,L,2000,0,335,2,0
1,L,2000,0,336,3,0
1,L,2000,0,337,3,0
1,L,2000,0,338,2,0
1,L,2000,0,339,2,0
1,L,2000,0,340,2,0
1,L,2000,0,341,3,0
1,L,2000,0,342,3,0
1,L,2000,0,343,1,0
1,L,2000,0,344,3,0
1,L,2000,0,345,2,0
1,L,2000,0,346,2,0
1,L,2000,0,347,2,0
1,L,2000,0,348,2,0
1,L,2000,0,349,1,0
1,L,2000,0,350,3,0
1,L,2000,0,351,1,0
1,L,2000,0,352,1,0
1,L,2000,0,353,2,0
1,L,2000,0,354,2,0
1,L,2000,0,355,2,0
1,L,2000,0,356,1,0
1,L,2000,0,357,1,0
1,L,2000,0,358,2,0
1,L,2000,0,359,1,0
1,L,2000,0,360,1,0
1,L,2000,0,361,1,0
1,L,2000,0,362,1,0
1,L,2000,0,363,1,0
1,L,2000,0,364,1,0
1,L,2000,0,365,1,0
1,L,2000,0,366,1,0
1,L,2000,0,367,1,0
1,L,2000,0,368,0,0
1,L,2000,0,369,1,0
1,L,2000,0,370,0,0
1,L,2000,0,371,2,0
1,L,2000,0,372,0,0
1,L,2000,0,373,1,0
1,L,2000,0,374,0,0
1,L,2000,0,375,0,0
1,L,2000,0,376,1,0
1,L,2000,0,377,0,0
1,L,2000,0,378,0,0
1,L,2000,0,379,0,0
1,L,2000,0,380,0,0
1,L,2000,0,381,0,0
1,L,2000,0,382,0,0
1,L,2000,0,383,0,0
1,L,2000,0,384,0,0
1,L,2000,0,385,-1,0
1,L,2000,0,386,0,0
1,L,2000,0,387,0,0
1,L,2000,0,388,0,0
1,L,2000,0,389,0,0
1,L,2000,0,390,0,0
1,L,2000,0,391,0,0
1,L,2000,0,392,0,0
1,L,2000,0,393,0,0
1,L,2000,0,394,0,0
1,L,2000,0,395,0,0
1,L,2000,0,396,0,0
1,L,2000,0,397,0,0
1,L,2000,0,398,0,0
1,L,2000,0,399,0,0
1,L,2000,0,400,0,0
1,L,2000,0,401,0,0
1,L,2000,0,402,0,0
1,L,2000,0,403,0,0
1,L,2000,0,404,0,0
1,L,2000,0,405,0,0
1,L,2000,0,406,0,0
1,L,2000,0,407,0,0
1,L,2000,0,408,0,0
1,L,2000,0,409,0,0
1,L,2000,0,410,0,0
1,L,2000,0,411,0,0
1,L,2000,0,412,0,0
1,L,2000,0,413,0,0
1,L,2000,0,414,0,0
1,L,2000,0,415,0,0
1,L,2000,0,416,0,0
1,L,2000,0,417,0,0
1,L,2000,0,418,0,0
1,L,2000,0,419,0,0
1,L,2000,0,420,0,0
1,L,2000,0,421,0,0
1,L,2000,0,422,0,0
1,L,2000,0,423,0,0
1,L,2000,0,424,0,0
1,L,2000,0,425,0,0
1,L,2000,0,426,0,0
1,L,2000,0,427,0,0
1,L,2000,0,428,0,0
1,L,2000,0,429,0,0
1,L,2000,0,430,0,0
1,L,2000,0,431,0,0
1,L,2000,0,432,0,0
1,L,2000,0,433,0,0
1,L,2000,0,434,0,0
1,L,2000,0,435,0,0
1,L,2000,0,436,0,0
1,L,2000,0,437,0,0
1,L,2000,0,438,0,0
1,L,2000,0,439,0,0
1,L,2000,0,440,0,0
1,L,2000,0,441,0,0
1,L,2000,0,442,0,0
1,L,2000,0,443,0,0
1,L,2000,0,444,0,0
1,L,2000,0,445,0,0
1,L,2000,0,446,0,0
1,L,2000,0,447,0,0
1,L,2000,0,448,0,0
1,L,2000,0,449,0,0
1,L,2000,0,450,0,0
1,L,2000,0,451,0,0
1,L,2000,0,452,0,0
1,L,2000,0,453,0,0
1,L,2000,0,454,0,0
1,L,2000,0,455,0,0
1,L,2000,0,456,0,0
1,L,2000,0,457,0,0
1,L,2000,0,458,0,0
1,L,2000,0,459,0,0
1,L,2000,0,460,0,0
1,L,2000,0,461,0,0
1,L,2000,0,462,0,0
1,L,2000,0,463,0,0
1,L,2000,0,464,0,0
1,L,2000,0,465,0,0
1,L,2000,0,466,0,0
1,L,2000,0,467,0,0
1,L,2000,0,468,0,0
1,L,2000,0,469,0,0
1,L,2000,0,470,0,0
1,L,2000,0,471,0,0
1,L,2000,0,472,0,0
1,L,2000,0,473,0,0
1,L,2000,0,474,0,0
1,L,2000,0,475,0,0
1,L,2000,0,476,0,0
1,L,2000,0,477,0,0
1,L,2000,0,478,0,0
1,L,2000,0,479,0,0
1,L,2000,0,480,0,0
1,L,2000,0,481,0,0
1,L,2000,0,482,0,0
1,L,2000,0,483,0,0
1,L,2000,0,484,0,0
1,L,2000,0,485,0,0
1,L,2000,0,486,0,0
1,L,2000,0,487,0,0
1,L,2000,0,488,0,0
1,L,2000,0,489,0,0
1,L,2000,0,490,0,0
1,L,2000,0,491,0,0
1,L,2000,0,492,0,0
1,L,2000,0,493,0,0
1,L,2000,0,494,0,0
1,L,2000,0,495,0,0
1,L,2000,0,496,0,0
1,L,2000,0,497,0,0
1,L,2000,0,498,0,0
1,L,2000,0,499,0,0
2,L,2000,-1500,0,0,0
2,L,2000,-1500,1,0,0
2,L,2000,-1500,2,1,0
2,L,2000,-1500,3,2,0
2,L,2000,-1500,4,2,0
2,L,2000,-1500,5,3,0
2,L,2000,-1500,6,5,0
2,L,2000,-1500,7,4,0
2,L,2000,-1500,8,6,0
2,L,2000,-1500,9,5,0
2,L,2000,-1500,10,7,0
2,L,2000,-1500,11,6,0
2,L,2000,-1500,12,8,0
2,L,2000,-1500,13,7,0
2,L,2000,-1500,14,8,0
2,L,2000,-1500,15,9,0
2,L,2000,-1500,16,8,0
2,L,2000,-1500,17,9,0
2,L,2000,-1500,18,9,0
2,L,2000,-1500,19,9,0
2,L,2000,-1500,20,11,0
2,L,2000,-1500,21,9,0
2,L,2000,-1500,22,10,0
2,L,2000,-1500,23,11,0
2,L,2000,-1500,24,10,0
2,L,2000,-1500,25,10,0
2,L,2000,-1500,26,11,0
2,L,2000,-1500,27,12,0
2,L,2000,-1500,28,11,0
2,L,2000,-1500,29,11,0
2,L,2000,-1500,30,11,0
2,L,2000,-1500,31,12,0
2,L,2000,-1500,32,12,0
2,L,2000,-1500,33,12,0
2,L,2000,-1500,34,12,0
2,L,2000,-1500,35,12,0
2,L,2000,-1500,36,12,0
2,L,2000,-1500,37,12,0
2,L,2000,-1500,38,13,0
2,L,2000,-1500,39,13,0
2,L,2000,-1500,40,12,0
2,L,2000,-1500,41,13,0
2,L,2000,-1500,42,12,0
2,L,2000,-1500,43,13,0
2,L,2000,-1500,44,14,0
2,L,2000,-1500,45,13,0
2,L,2000,-1500,46,12,0
2,L,2000,-1500,47,13,0
2,L,2000,-1500,48,14,0
2,L,2000,-1500,49,13,0
2,L,2000,-1500,50,13,0
2,L,2000,-1500,51,14,0
2,L,2000,-1500,52,13,0
2,L,2000,-1500,53,13,0
2,L,2000,-1500,54,14,0
2,L,2000,-1500,55,14,0
2,L,2000,-1500,56,14,0
2,L,2000,-1500,57,13,0
2,L,2000,-1500,58,14,0
2,L,2000,-1500,59,14,0
2,L,2000,-1500,60,13,0
2,L,2000,-1500,61,15,0
2,L,2000,-1500,62,13,0
2,L,2000,-1500,63,14,0
2,L,2000,-1500,64,14,0
2,L,2000,-1500,65,15,0
2,L,2000,-1500,66,13,0
2,L,2000,-1500,67,15,0
2,L,2000,-1500,68,13,0
2,L,2000,-1500,69,15,0
2,L,2000,-1500,70,14,0
2,L,2000,-1500,71,14,0
2,L,2000,-1500,72,15,0
2,L,2000,-1500,73,14,0
2,L,2000,-1500,74,14,0
2,L,2000,-1500,75,14,0
2,L,2000,-1500,76,15,0
2,L,2000,-1500,77,15,0
2,L,2000,-1500,78,13,0
2,L,2000,-1500,79,15,0
2,L,2000,-1500,80,14,0
2,L,2000,-1500,81,15,0
2,L,2000,-1500,82,15,0
2,L,2000,-1500,83,14,0
2,L,2000,-1500,84,15,0
2,L,2000,-1500,85,14,0
2,L,2000,-1500,86,15,0
2,L,2000,-1500,87,14,0
2,L,2000,-1500,88,15,0
2,L,2000,-1500,89,15,0
2,L,2000,-1500,90,14,0
2,L,2000,-1500,91,14,0
2,L,2000,-1500,92,15,0
2,L,2000,-1500,93,15,0
2,L,2000,-1500,94,14,0
2,L,2000,-1500,95,15,0
2,L,2000,-1500,96,15,0
2,L,2000,-1500,97,15,0
2,L,2000,-1500,98,15,0
2,L,2000,-1500,99,14,0
2,L,2000,-1500,100,15,0
2,L,2000,-1500,101,15,0
2,L,2000,-1500,102,15,0
2,L,2000,-1500,103,15,0
2,L,2000,-1500,104,14,0
2,L,2000,-1500,105,15,0
2,L,2000,-1500,106,15,0
2,L,2000,-1500,107,15,0
2,L,2000,-1500,108,14,0
2,L,2000,-1500,109,16,0
2,L,2000,-1500,110,15,0
2,L,2000,-1500,111,14,0
2,L,2000,-1500,112,15,0
2,L,2000,-1500,113,15,0
2,L,2000,-1500,114,14,0
2,L,2000,-1500,115,16,0
2,L,2000,-1500,116,15,0
2,L,2000,-1500,117,15,0
2,L,2000,-1500,118,14,0
2,L,2000,-1500,119,15,0
2,L,2000,-1500,120,15,0
2,L,2000,-1500,121,16,0
2,L,2000,-1500,122,14,0
2,L,2000,-1500,123,15,0
2,L,2000,-1500,124,15,0
2,L,2000,-1500,125,16,0
2,L,2000,-1500,126,14,0
2,L,2000,-1500,127,15,0
2,L,2000,-1500,128,15,0
2,L,2000,-1500,129,15,0
2,L,2000,-1500,130,15,0
2,L,2000,-1500,131,15,0
2,L,2000,-1500,132,15,0
2,L,2000,-1500,133,15,0
2,L,2000,-1500,134,15,0
2,L,2000,-1500,135,15,0
2,L,2000,-1500,136,15,0
2,L,2000,-1500,137,16,0
2,L,2000,-1500,138,14,0
2,L,2000,-1500,139,15,0
2,L,2000,-1500,140,16,0
2,L,2000,-1500,141,15,0
2,L,2000,-1500,142,14,0
2,L,2000,-1500,143,16,0
2,L,2000,-1500,144,15,0
2,L,2000,-1500,145,15,0
2,L,2000,-1500,146,15,0
2,L,2000,-1500,147,15,0
2,L,2000,-1500,148,15,0
2,L,2000,-1500,149,15,0
2,L,2000,-1500,150,16,0
2,L,2000,-1500,151,14,0
2,L,2000,-1500,152,15,0
2,L,2000,-1500,153,16,0
2,L,2000,-1500,154,15,0
2,L,2000,-1500,155,15,0
2,L,2000,-1500,156,15,0
2,L,2000,-1500,157,15,0
2,L,2000,-1500,158,16,0
2,L,2000,-1500,159,15,0
2,L,2000,-1500,160,15,0
2,L,2000,-1500,161,15,0
2,L,2000,-1500,162,15,0
2,L,2000,-1500,163,16,0
2,L,2000,-1500,164,15,0
2,L,2000,-1500,165,14,0
2,L,2000,-1500,166,16,0
2,L,2000,-1500,167,15,0
2,L,2000,-1500,168,15,0
2,L,2000,-1500,169,16,0
2,L,2000,-1500,170,14,0
2,L,2000,-1500,171,16,0
2,L,2000,-1500,172,15,0
2,L,2000,-1500,173,15,0
2,L,2000,-1500,174,16,0
2,L,2000,-1500,175,14,0
2,L,2000,-1500,176,16,0
2,L,2000,-1500,177,15,0
2,L,2000,-1500,178,15,0
2,L,2000,-1500,179,16,0
2,L,2000,-1500,180,15,0
2,L,2000,-1500,181,15,0
2,L,2000,-1500,182,15,0
2,L,2000,-1500,183,16,0
2,L,2000,-1500,184,15,0
2,L,2000,-1500,185,15,0
2,L,2000,-1500,186,15,0
2,L,2000,-1500,187,15,0
2,L,2000,-1500,188,16,0
2,L,2000,-1500,189,15,0
2,L,2000,-1500,190,16,0
2,L,2000,-1500,191,14,0
2,L,2000,-1500,192,16,0
2,L,2000,-1500,193,15,0
2,L,2000,-1500,194,16,0
2,L,2000,-1500,195,15,0
2,L,2000,-1500,196,14,0
2,L,2000,-1500,197,16,0
2,L,2000,-1500,198,16,0
2,L,2000,-1500,199,15,0
2,L,2000,-1500,200,15,0
2,L,2000,-1500,201,14,0
2,L,2000,-1500,202,15,0
2,L,2000,-1500,203,13,0
2,L,2000,-1500,204,13,0
2,L,2000,-1500,205,11,0
2,L,2000,-1500,206,12,0
2,L,2000,-1500,207,11,0
2,L,2000,-1500,208,9,0
2,L,2000,-1500,209,10,0
2,L,2000,-1500,210,8,0
2,L,2000,-1500,211,9,0
2,L,2000,-1500,212,7,0
2,L,2000,-1500,213,8,0
2,L,2000,-1500,214,6,0
2,L,2000,-1500,215,7,0
2,L,2000,-1500,216,5,0
2,L,2000,-1500,217,6,0
2,L,2000,-1500,218,5,0
2,L,2000,-1500,219,5,0
2,L,2000,-1500,220,4,0
2,L,2000,-1500,221,4,0
2,L,2000,-1500,222,4,0
2,L,2000,-1500,223,3,0
2,L,2000,-1500,224,4,0
2,L,2000,-1500,225,3,0
2,L,2000,-1500,226,2,0
2,L,2000,-1500,227,3,0
2,L,2000,-1500,228,2,0
2,L,2000,-1500,229,2,0
2,L,2000,-1500,230,2,0
2,L,2000,-1500,231,2,0
2,L,2000,-1500,232,1,0
2,L,2000,-1500,233,1,0
2,L,2000,-1500,234,1,0
2,L,2000,-1500,235,1,0
2,L,2000,-1500,236,1,0
2,L,2000,-1500,237,0,0
2,L,2000,-1500,238,0,0
2,L,2000,-1500,239,0,0
2,L,2000,-1500,240,0,0
2,L,2000,-1500,241,0,0
2,L,2000,-1500,242,0,0
2,L,2000,-1500,243,0,0
2,L,2000,-1500,244,-1,0
2,L,2000,-1500,245,0,0
2,L,2000,-1500,246,0,0
2,L,2000,-1500,247,-1,0
2,L,2000,-1500,248,0,0
2,L,2000,-1500,249,-1,0
2,L,2000,-1500,250,-1,0
2,L,2000,-1500,251,0,0
2,L,2000,-1500,252,-1,0
2,L,2000,-1500,253,0,0
2,L,2000,-1500,254,-1,0
2,L,2000,-1500,255,-1,0
2,L,2000,-1500,256,-1,0
2,L,2000,-1500,257,-1,0
2,L,2000,-1500,258,-1,0
2,L,2000,-1500,259,-1,0
2,L,2000,-1500,260,-1,0
2,L,2000,-1500,261,-1,0
2,L,2000,-1500,262,-1,0
2,L,2000,-1500,263,0,0
2,L,2000,-1500,264,-2,0
2,L,2000,-1500,265,-1,0
2,L,2000,-1500,266,-1,0
2,L,2000,-1500,267,-1,0
2,L,2000,-1500,268,-1,0
2,L,2000,-1500,269,-1,0
2,L,2000,-1500,270,-1,0
2,L,2000,-1500,271,-2,0
2,L,2000,-1500,272,-1,0
2,L,2000,-1500,273,-1,0
2,L,2000,-1500,274,-2,0
2,L,2000,-1500,275,-1,0
2,L,2000,-1500,276,-1,0
2,L,2000,-1500,277,-1,0
2,L,2000,-1500,278,-2,0
2,L,2000,-1500,279,-1,0
2,L,2000,-1500,280,-1,0
2,L,2000,-1500,281,-2,0
2,L,2000,-1500,282,-1,0
2,L,2000,-1500,283,-2,0
2,L,2000,-1500,284,-1,0
2,L,2000,-1500,285,-1,0
2,L,2000,-1500,286,-2,0
2,L,2000,-1500,287,-1,0
2,L,2000,-1500,288,-1,0
2,L,2000,-1500,289,-2,0
2,L,2000,-1500,290,-1,0
2,L,2000,-1500,291,-2,0
2,L,2000,-1500,292,-2,0
2,L,2000,-1500,293,-1,0
2,L,2000,-1500,294,-2,0
2,L,2000,-1500,295,-1,0
2,L,2000,-1500,296,-1,0
2,L,2000,-1500,297,-2,0
2,L,2000,-1500,298,-2,0
2,L,2000,-1500,299,-2,0
2,L,2000,-1500,300,-1,0
2,L,2000,-1500,301,-1,0
2,L,2000,-1500,302,-2,0
2,L,2000,-1500,303,-2,0
2,L,2000,-1500,304,-2,0
2,L,2000,-1500,305,-1,0
2,L,2000,-1500,306,-1,0
2,L,2000,-1500,307,-2,0
2,L,2000,-1500,308,-2,0
2,L,2000,-1500,309,-2,0
2,L,2000,-1500,310,-1,0
2,L,2000,-1500,311,-2,0
2,L,2000,-1500,312,-2,0
2,L,2000,-1500,313,-1,0
2,L,2000,-1500,314,-2,0
2,L,2000,-1500,315,-2,0
2,L,2000,-1500,316,-2,0
2,L,2000,-1500,317,-1,0
2,L,2000,-1500,318,-2,0
2,L,2000,-1500,319,-2,0
2,L,2000,-1500,320,-2,0
2,L,2000,-1500,321,-2,0
2,L,2000,-1500,322,-1,0
2,L,2000,-1500,323,-2,0
2,L,2000,-1500,324,-2,0
2,L,2000,-1500,325,-2,0
2,L,2000,-1500,326,-2,0
2,L,2000,-1500,327,-2,0
2,L,2000,-1500,328,-1,0
2,L,2000,-1500,329,-2,0
2,L,2000,-1500,330,-2,0
2,L,2000,-1500,331,-1,0
2,L,2000,-1500,332,-2,0
2,L,2000,-1500,333,-2,0
2,L,2000,-1500,334,-2,0
2,L,2000,-1500,335,-2,0
2,L,2000,-1500,336,-2,0
2,L,2000,-1500,337,-2,0
2,L,2000,-1500,338,-2,0
2,L,2000,-1500,339,-1,0
2,L,2000,-1500,340,-3,0
2,L,2000,-1500,341,-1,0
2,L,2000,-1500,342,-2,0
2,L,2000,-1500,343,-2,0
2,L,2000,-1500,344,-2,0
2,L,2000,-1500,345,-2,0
2,L,2000,-1500,346,-2,0
2,L,2000,-1500,347,-2,0
2,L,2000,-1500,348,-1,0
2,L,2000,-1500,349,-3,0
2,L,2000,-1500,350,-1,0
2,L,2000,-1500,351,-2,0
2,L,2000,-1500,352,-2,0
2,L,2000,-1500,353,-2,0
2,L,2000,-1500,354,-2,0
2,L,2000,-1500,355,-2,0
2,L,2000,-1500,356,-2,0
2,L,2000,-1500,357,-2,0
2,L,2000,-1500,358,-2,0
2,L,2000,-1500,359,-2,0
2,L,2000,-1500,360,-2,0
2,L,2000,-1500,361,-2,0
2,L,2000,-1500,362,-2,0
2,L,2000,-1500,363,-2,0
2,L,2000,-1500,364,-1,0
2,L,2000,-1500,365,-3,0
2,L,2000,-1500,366,-2,0
2,L,2000,-1500,367,-2,0
2,L,2000,-1500,368,-1,0
2,L,2000,-1500,369,-3,0
2,L,2000,-1500,370,-2,0
2,L,2000,-1500,371,-2,0
2,L,2000,-1500,372,-2,0
2,L,2000,-1500,373,-2,0
2,L,2000,-1500,374,-1,0
2,L,2000,-1500,375,-3,0
2,L,2000,-1500,376,-1,0
2,L,2000,-1500,377,-3,0
2,L,2000,-1500,378,-1,0
2,L,2000,-1500,379,-3,0
2,L,2000,-1500,380,-1,0
2,L,2000,-1500,381,-3,0
2,L,2000,-1500,382,-1,0
2,L,2000,-1500,383,-3,0
2,L,2000,-1500,384,-1,0
2,L,2000,-1500,385,-3,0
2,L,2000,-1500,386,-1,0
2,L,2000,-1500,387,-3,0
2,L,2000,-1500,388,-2,0
2,L,2000,-1500,389,-2,0
2,L,2000,-1500,390,-2,0
2,L,2000,-1500,391,-2,0
2,L,2000,-1500,392,-2,0
2,L,2000,-1500,393,-2,0
2,L,2000,-1500,394,-2,0
2,L,2000,-1500,395,-2,0
2,L,2000,-1500,396,-2,0
2,L,2000,-1500,397,-2,0
2,L,2000,-1500,398,-2,0
2,L,2000,-1500,399,-2,0
2,L,2000,-1500,400,-2,0
2,L,2000,-1500,401,-2,0
2,L,2000,-1500,402,-2,0
2,L,2000,-1500,403,-2,0
2,L,2000,-1500,404,-2,0
2,L,2000,-1500,405,-2,0
2,L,2000,-1500,406,-1,0
2,L,2000,-1500,407,-2,0
2,L,2000,-1500,408,-2,0
2,L,2000,-1500,409,-1,0
2,L,2000,-1500,410,-2,0
2,L,2000,-1500,411,-1,0
2,L,2000,-1500,412,-1,0
2,L,2000,-1500,413,-2,0
2,L,2000,-1500,414,-1,0
2,L,2000,-1500,415,-1,0
2,L,2000,-1500,416,-2,0
2,L,2000,-1500,417,-1,0
2,L,2000,-1500,418,-1,0
2,L,2000,-1500,419,0,0
2,L,2000,-1500,420,-2,0
2,L,2000,-1500,421,-1,0
2,L,2000,-1500,422,0,0
2,L,2000,-1500,423,-1,0
2,L,2000,-1500,424,0,0
2,L,2000,-1500,425,-2,0
2,L,2000,-1500,426,0,0
2,L,2000,-1500,427,-1,0
2,L,2000,-1500,428,0,0
2,L,2000,-1500,429,0,0
2,L,2000,-1500,430,-1,0
2,L,2000,-1500,431,0,0
2,L,2000,-1500,432,0,0
2,L,2000,-1500,433,0,0
2,L,2000,-1500,434,0,0
2,L,2000,-1500,435,0,0
2,L,2000,-1500,436,0,0
2,L,2000,-1500,437,0,0
2,L,2000,-1500,438,0,0
2,L,2000,-1500,439,0,0
2,L,2000,-1500,440,0,0
2,L,2000,-1500,441,0,0
2,L,2000,-1500,442,0,0
2,L,2000,-1500,443,0,0
2,L,2000,-1500,444,1,0
2,L,2000,-1500,445,0,0
2,L,2000,-1500,446,0,0
2,L,2000,-1500,447,0,0
2,L,2000,-1500,448,0,0
2,L,2000,-1500,449,0,0
2,L,2000,-1500,450,0,0
2,L,2000,-1500,451,0,0
2,L,2000,-1500,452,0,0
2,L,2000,-1500,453,0,0
2,L,2000,-1500,454,0,0
2,L,2000,-1500,455,0,0
2,L,2000,-1500,456,0,0
2,L,2000,-1500,457,0,0
2,L,2000,-1500,458,0,0
2,L,2000,-1500,459,0,0
2,L,2000,-1500,460,0,0
2,L,2000,-1500,461,0,0
2,L,2000,-1500,462,0,0
2,L,2000,-1500,463,0,0
2,L,2000,-1500,464,0,0
2,L,2000,-1500,465,0,0
2,L,2000,-1500,466,0,0
2,L,2000,-1500,467,0,0
2,L,2000,-1500,468,0,0
2,L,2000,-1500,469,0,0
2,L,2000,-1500,470,0,0
2,L,2000,-1500,471,0,0
2,L,2000,-1500,472,0,0
2,L,2000,-1500,473,0,0
2,L,2000,-1500,474,0,0
2,L,2000,-1500,475,0,0
2,L,2000,-1500,476,0,0
2,L,2000,-1500,477,0,0
2,L,2000,-1500,478,0,0
2,L,2000,-1500,479,0,0
2,L,2000,-1500,480,0,0
2,L,2000,-1500,481,0,0
2,L,2000,-1500,482,0,0
2,L,2000,-1500,483,0,0
2,L,2000,-1500,484,0,0
2,L,2000,-1500,485,0,0
2,L,2000,-1500,486,0,0
2,L,2000,-1500,487,0,0
2,L,2000,-1500,488,0,0
2,L,2000,-1500,489,0,0
2,L,2000,-1500,490,0,0
2,L,2000,-1500,491,0,0
2,L,2000,-1500,492,0,0
2,L,2000,-1500,493,0,0
2,L,2000,-1500,494,0,0
2,L,2000,-1500,495,0,0
2,L,2000,-1500,496,0,0
2,L,2000,-1500,497,0,0
2,L,2000,-1500,498,0,0
2,L,2000,-1500,499,0,0
3,L,2000,-1700,0,0,0
3,L,2000,-1700,1,1,0
3,L,2000,-1700,2,1,0
3,L,2000,-1700,3,2,0
3,L,2000,-1700,4,3,0
3,L,2000,-1700,5,2,0
3,L,2000,-1700,6,4,0
3,L,2000,-1700,7,6,0
3,L,2000,-1700,8,5,0
3,L,2000,-1700,9,5,0
3,L,2000,-1700,10,7,0
3,L,2000,-1700,11,6,0
3,L,2000,-1700,12,7,0
3,L,2000,-1700,13,7,0
3,L,2000,-1700,14,8,0
3,L,2000,-1700,15,8,0
3,L,2000,-1700,16,9,0
3,L,2000,-1700,17,8,0
3,L,2000,-1700,18,10,0
3,L,2000,-1700,19,9,0
3,L,2000,-1700,20,9,0
3,L,2000,-1700,21,10,0
3,L,2000,-1700,22,10,0
3,L,2000,-1700,23,10,0
3,L,2000,-1700,24,10,0
3,L,2000,-1700,25,11,0
3,L,2000,-1700,26,11,0
3,L,2000,-1700,27,10,0
3,L,2000,-1700,28,12,0
3,L,2000,-1700,29,11,0
3,L,2000,-1700,30,12,0
3,L,2000,-1700,31,11,0
3,L,2000,-1700,32,12,0
3,L,2000,-1700,33,12,0
3,L,2000,-1700,34,12,0
3,L,2000,-1700,35,12,0
3,L,2000,-1700,36,12,0
3,L,2000,-1700,37,12,0
3,L,2000,-1700,38,13,0
3,L,2000,-1700,39,12,0
3,L,2000,-1700,40,13,0
3,L,2000,-1700,41,12,0
3,L,2000,-1700,42,13,0
3,L,2000,-1700,43,13,0
3,L,2000,-1700,44,13,0
3,L,2000,-1700,45,13,0
3,L,2000,-1700,46,13,0
3,L,2000,-1700,47,13,0
3,L,2000,-1700,48,13,0
3,L,2000,-1700,49,13,0
3,L,2000,-1700,50,14,0
3,L,2000,-1700,51,13,0
3,L,2000,-1700,52,14,0
3,L,2000,-1700,53,14,0
3,L,2000,-1700,54,13,0
3,L,2000,-1700,55,14,0
3,L,2000,-1700,56,13,0
3,L,2000,-1700,57,14,0
3,L,2000,-1700,58,14,0
3,L,2000,-1700,59,13,0
3,L,2000,-1700,60,15,0
3,L,2000,-1700,61,13,0
3,L,2000,-1700,62,15,0
3,L,2000,-1700,63,13,0
3,L,2000,-1700,64,15,0
3,L,2000,-1700,65,13,0
3,L,2000,-1700,66,15,0
3,L,2000,-1700,67,13,0
3,L,2000,-1700,68,15,0
3,L,2000,-1700,69,15,0
3,L,2000,-1700,70,13,0
3,L,2000,-1700,71,15,0
3,L,2000,-1700,72,14,0
3,L,2000,-1700,73,14,0
3,L,2000,-1700,74,14,0
3,L,2000,-1700,75,15,0
3,L,2000,-1700,76,15,0
3,L,2000,-1700,77,14,0
3,L,2000,-1700,78,15,0
3,L,2000,-1700,79,13,0
3,L,2000,-1700,80,15,0
3,L,2000,-1700,81,15,0
3,L,2000,-1700,82,14,0
3,L,2000,-1700,83,15,0
3,L,2000,-1700,84,15,0
3,L,2000,-1700,85,14,0
3,L,2000,-1700,86,15,0
3,L,2000,-1700,87,15,0
3,L,2000,-1700,88,14,0
3,L,2000,-1700,89,15,0
3,L,2000,-1700,90,15,0
3,L,2000,-1700,91,14,0
3,L,2000,-1700,92,15,0
3,L,2000,-1700,93,15,0
3,L,2000,-1700,94,14,0
3,L,2000,-1700,95,15,0
3,L,2000,-1700,96,15,0
3,L,2000,-1700,97,14,0
3,L,2000,-1700,98,15,0
3,L,2000,-1700,99,15,0
3,L,2000,-1700,100,14,0
3,L,2000,-1700,101,16,0
3,L,2000,-1700,102,14,0
3,L,2000,-1700,103,15,0
3,L,2000,-1700,104,15,0
3,L,2000,-1700,105,15,0
3,L,2000,-1700,106,15,0
3,L,2000,-1700,107,14,0
3,L,2000,-1700,108,15,0
3,L,2000,-1700,109,15,0
3,L,2000,-1700,110,15,0
3,L,2000,-1700,111,15,0
3,L,2000,-1700,112,15,0
3,L,2000,-1700,113,15,0
3,L,2000,-1700,114,15,0
3,L,2000,-1700,115,15,0
3,L,2000,-1700,116,15,0
3,L,2000,-1700,117,15,0
3,L,2000,-1700,118,14,0
3,L,2000,-1700,119,15,0
3,L,2000,-1700,120,16,0
3,L,2000,-1700,121,15,0
3,L,2000,-1700,122,14,0
3,L,2000,-1700,123,16,0
3,L,2000,-1700,124,15,0
3,L,2000,-1700,125,15,0
3,L,2000,-1700,126,14,0
3,L,2000,-1700,127,16,0
3,L,2000,-1700,128,15,0
3,L,2000,-1700,129,15,0
3,L,2000,-1700,130,14,0
3,L,2000,-1700,131,16,0
3,L,2000,-1700,132,15,0
3,L,2000,-1700,133,15,0
3,L,2000,-1700,134,15,0
3,L,2000,-1700,135,15,0
3,L,2000,-1700,136,15,0
3,L,2000,-1700,137,16,0
3,L,2000,-1700,138,15,0
3,L,2000,-1700,139,14,0
3,L,2000,-1700,140,16,0
3,L,2000,-1700,141,15,0
3,L,2000,-1700,142,15,0
3,L,2000,-1700,143,16,0
3,L,2000,-1700,144,14,0
3,L,2000,-1700,145,15,0
3,L,2000,-1700,146,16,0
3,L,2000,-1700,147,15,0
3,L,2000,-1700,148,15,0
3,L,2000,-1700,149,15,0
3,L,2000,-1700,150,15,0
3,L,2000,-1700,151,16,0
3,L,2000,-1700,152,15,0
3,L,2000,-1700,153,14,0
3,L,2000,-1700,154,16,0
3,L,2000,-1700,155,15,0
3,L,2000,-1700,156,15,0
3,L,2000,-1700,157,16,0
3,L,2000,-1700,158,14,0
3,L,2000,-1700,159,16,0
3,L,2000,-1700,160,15,0
3,L,2000,-1700,161,16,0
3,L,2000,-1700,162,15,0
3,L,2000,-1700,163,15,0
3,L,2000,-1700,164,15,0
3,L,2000,-1700,165,15,0
3,L,2000,-1700,166,16,0
3,L,2000,-1700,167,15,0
3,L,2000,-1700,168,15,0
3,L,2000,-1700,169,15,0
3,L,2000,-1700,170,16,0
3,L,2000,-1700,171,15,0
3,L,2000,-1700,172,15,0
3,L,2000,-1700,173,16,0
3,L,2000,-1700,174,14,0
3,L,2000,-1700,175,16,0
3,L,2000,-1700,176,15,0
3,L,2000,-1700,177,16,0
3,L,2000,-1700,178,15,0
3,L,2000,-1700,179,15,0
3,L,2000,-1700,180,15,0
3,L,2000,-1700,181,16,0
3,L,2000,-1700,182,15,0
3,L,2000,-1700,183,15,0
3,L,2000,-1700,184,16,0
3,L,2000,-1700,185,14,0
3,L,2000,-1700,186,16,0
3,L,2000,-1700,187,15,0
3,L,2000,-1700,188,16,0
3,L,2000,-1700,189,15,0
3,L,2000,-1700,190,16,0
3,L,2000,-1700,191,14,0
3,L,2000,-1700,192,16,0
3,L,2000,-1700,193,15,0
3,L,2000,-1700,194,16,0
3,L,2000,-1700,195,15,0
3,L,2000,-1700,196,16,0
3,L,2000,-1700,197,14,0
3,L,2000,-1700,198,16,0
3,L,2000,-1700,199,15,0
3,L,2000,-1700,200,16,0
3,L,2000,-1700,201,15,0
3,L,2000,-1700,202,13,0
3,L,2000,-1700,203,12,0
3,L,2000,-1700,204,12,0
3,L,2000,-1700,205,11,0
3,L,2000,-1700,206,9,0
3,L,2000,-1700,207,8,0
3,L,2000,-1700,208,7,0
3,L,2000,-1700,209,6,0
3,L,2000,-1700,210,6,0
3,L,2000,-1700,211,5,0
3,L,2000,-1700,212,4,0
3,L,2000,-1700,213,4,0
3,L,2000,-1700,214,3,0
3,L,2000,-1700,215,2,0
3,L,2000,-1700,216,2,0
3,L,2000,-1700,217,1,0
3,L,2000,-1700,218,0,0
3,L,2000,-1700,219,0,0
3,L,2000,-1700,220,0,0
3,L,2000,-1700,221,0,0
3,L,2000,-1700,222,-1,0
3,L,2000,-1700,223,-2,0
3,L,2000,-1700,224,-1,0
3,L,2000,-1700,225,-1,0
3,L,2000,-1700,226,-3,0
3,L,2000,-1700,227,-2,0
3,L,2000,-1700,228,-2,0
3,L,2000,-1700,229,-3,0
3,L,2000,-1700,230,-2,0
3,L,2000,-1700,231,-3,0
3,L,2000,-1700,232,-4,0
3,L,2000,-1700,233,-3,0
3,L,2000,-1700,234,-4,0
3,L,2000,-1700,235,-3,0
3,L,2000,-1700,236,-3,0
3,L,2000,-1700,237,-4,0
3,L,2000,-1700,238,-4,0
3,L,2000,-1700,239,-4,0
3,L,2000,-1700,240,-4,0
3,L,2000,-1700,241,-4,0
3,L,2000,-1700,242,-4,0
3,L,2000,-1700,243,-4,0
3,L,2000,-1700,244,-5,0
3,L,2000,-1700,245,-5,0
3,L,2000,-1700,246,-5,0
3,L,2000,-1700,247,-4,0
3,L,2000,-1700,248,-5,0
3,L,2000,-1700,249,-4,0
3,L,2000,-1700,250,-6,0
3,L,2000,-1700,251,-4,0
3,L,2000,-1700,252,-5,0
3,L,2000,-1700,253,-5,0
3,L,2000,-1700,254,-6,0
3,L,2000,-1700,255,-5,0
3,L,2000,-1700,256,-5,0
3,L,2000,-1700,257,-6,0
3,L,2000,-1700,258,-5,0
3,L,2000,-1700,259,-5,0
3,L,2000,-1700,260,-6,0
3,L,2000,-1700,261,-5,0
3,L,2000,-1700,262,-5,0
3,L,2000,-1700,263,-6,0
3,L,2000,-1700,264,-5,0
3,L,2000,-1700,265,-7,0
3,L,2000,-1700,266,-5,0
3,L,2000,-1700,267,-5,0
3,L,2000,-1700,268,-6,0
3,L,2000,-1700,269,-6,0
3,L,2000,-1700,270,-6,0
3,L,2000,-1700,271,-6,0
3,L,2000,-1700,272,-6,0
3,L,2000,-1700,273,-5,0
3,L,2000,-1700,274,-7,0
3,L,2000,-1700,275,-5,0
3,L,2000,-1700,276,-6,0
3,L,2000,-1700,277,-6,0
3,L,2000,-1700,278,-7,0
3,L,2000,-1700,279,-5,0
3,L,2000,-1700,280,-7,0
3,L,2000,-1700,281,-5,0
3,L,2000,-1700,282,-7,0
3,L,2000,-1700,283,-5,0
3,L,2000,-1700,284,-7,0
3,L,2000,-1700,285,-6,0
3,L,2000,-1700,286,-6,0
3,L,2000,-1700,287,-6,0
3,L,2000,-1700,288,-7,0
3,L,2000,-1700,289,-5,0
3,L,2000,-1700,290,-7,0
3,L,2000,-1700,291,-7,0
3,L,2000,-1700,292,-6,0
3,L,2000,-1700,293,-6,0
3,L,2000,-1700,294,-6,0
3,L,2000,-1700,295,-7,0
3,L,2000,-1700,296,-6,0
3,L,2000,-1700,297,-6,0
3,L,2000,-1700,298,-7,0
3,L,2000,-1700,299,-6,0
3,L,2000,-1700,300,-7,0
3,L,2000,-1700,301,-6,0
3,L,2000,-1700,302,-6,0
3,L,2000,-1700,303,-7,0
3,L,2000,-1700,304,-6,0
3,L,2000,-1700,305,-7,0
3,L,2000,-1700,306,-7,0
3,L,2000,-1700,307,-6,0
3,L,2000,-1700,308,-6,0
3,L,2000,-1700,309,-6,0
3,L,2000,-1700,310,-7,0
3,L,2000,-1700,311,-7,0
3,L,2000,-1700,312,-6,0
3,L,2000,-1700,313,-7,0
3,L,2000,-1700,314,-7,0
3,L,2000,-1700,315,-6,0
3,L,2000,-1700,316,-7,0
3,L,2000,-1700,317,-6,0
3,L,2000,-1700,318,-6,0
3,L,2000,-1700,319,-7,0
3,L,2000,-1700,320,-7,0
3,L,2000,-1700,321,-6,0
3,L,2000,-1700,322,-7,0
3,L,2000,-1700,323,-6,0
3,L,2000,-1700,324,-7,0
3,L,2000,-1700,325,-7,0
3,L,2000,-1700,326,-6,0
3,L,2000,-1700,327,-7,0
3,L,2000,-1700,328,-7,0
3,L,2000,-1700,329,-6,0
3,L,2000,-1700,330,-7,0
3,L,2000,-1700,331,-7,0
3,L,2000,-1700,332,-6,0
3,L,2000,-1700,333,-7,0
3,L,2000,-1700,334,-7,0
3,L,2000,-1700,335,-6,0
3,L,2000,-1700,336,-7,0
3,L,2000,-1700,337,-7,0
3,L,2000,-1700,338,-6,0
3,L,2000,-1700,339,-7,0
3,L,2000,-1700,340,-7,0
3,L,2000,-1700,341,-6,0
3,L,2000,-1700,342,-7,0
3,L,2000,-1700,343,-7,0
3,L,2000,-1700,344,-6,0
3,L,2000,-1700,345,-7,0
3,L,2000,-1700,346,-7,0
3,L,2000,-1700,347,-7,0
3,L,2000,-1700,348,-6,0
3,L,2000,-1700,349,-7,0
3,L,2000,-1700,350,-6,0
3,L,2000,-1700,351,-7,0
3,L,2000,-1700,352,-8,0
3,L,2000,-1700,353,-6,0
3,L,2000,-1700,354,-7,0
3,L,2000,-1700,355,-7,0
3,L,2000,-1700,356,-7,0
3,L,2000,-1700,357,-6,0
3,L,2000,-1700,358,-7,0
3,L,2000,-1700,359,-7,0
3,L,2000,-1700,360,-6,0
3,L,2000,-1700,361,-7,0
3,L,2000,-1700,362,-7,0
3,L,2000,-1700,363,-6,0
3,L,2000,-1700,364,-7,0
3,L,2000,-1700,365,-7,0
3,L,2000,-1700,366,-7,0
3,L,2000,-1700,367,-7,0
3,L,2000,-1700,368,-7,0
3,L,2000,-1700,369,-7,0
3,L,2000,-1700,370,-6,0
3,L,2000,-1700,371,-7,0
3,L,2000,-1700,372,-7,0
3,L,2000,-1700,373,-6,0
3,L,2000,-1700,374,-7,0
3,L,2000,-1700,375,-7,0
3,L,2000,-1700,376,-6,0
3,L,2000,-1700,377,-7,0
3,L,2000,-1700,378,-8,0
3,L,2000,-1700,379,-7,0
3,L,2000,-1700,380,-6,0
3,L,2000,-1700,381,-7,0
3,L,2000,-1700,382,-7,0
3,L,2000,-1700,383,-6,0
3,L,2000,-1700,384,-7,0
3,L,2000,-1700,385,-7,0
3,L,2000,-1700,386,-7,0
3,L,2000,-1700,387,-7,0
3,L,2000,-1700,388,-7,0
3,L,2000,-1700,389,-7,0
3,L,2000,-1700,390,-6,0
3,L,2000,-1700,391,-7,0
3,L,2000,-1700,392,-7,0
3,L,2000,-1700,393,-7,0
3,L,2000,-1700,394,-7,0
3,L,2000,-1700,395,-7,0
3,L,2000,-1700,396,-7,0
3,L,2000,-1700,397,-6,0
3,L,2000,-1700,398,-7,0
3,L,2000,-1700,399,-7,0
3,L,2000,-1700,400,-6,0
3,L,2000,-1700,401,-7,0
3,L,2000,-1700,402,-7,0
3,L,2000,-1700,403,-7,0
3,L,2000,-1700,404,-6,0
3,L,2000,-1700,405,-7,0
3,L,2000,-1700,406,-6,0
3,L,2000,-1700,407,-7,0
3,L,2000,-1700,408,-5,0
3,L,2000,-1700,409,-7,0
3,L,2000,-1700,410,-6,0
3,L,2000,-1700,411,-6,0
3,L,2000,-1700,412,-6,0
3,L,2000,-1700,413,-6,0
3,L,2000,-1700,414,-5,0
3,L,2000,-1700,415,-6,0
3,L,2000,-1700,416,-5,0
3,L,2000,-1700,417,-6,0
3,L,2000,-1700,418,-6,0
3,L,2000,-1700,419,-5,0
3,L,2000,-1700,420,-5,0
3,L,2000,-1700,421,-5,0
3,L,2000,-1700,422,-5,0
3,L,2000,-1700,423,-5,0
3,L,2000,-1700,424,-5,0
3,L,2000,-1700,425,-5,0
3,L,2000,-1700,426,-5,0
3,L,2000,-1700,427,-4,0
3,L,2000,-1700,428,-5,0
3,L,2000,-1700,429,-4,0
3,L,2000,-1700,430,-5,0
3,L,2000,-1700,431,-5,0
3,L,2000,-1700,432,-4,0
3,L,2000,-1700,433,-4,0
3,L,2000,-1700,434,-4,0
3,L,2000,-1700,435,-4,0
3,L,2000,-1700,436,-4,0
3,L,2000,-1700,437,-4,0
3,L,2000,-1700,438,-4,0
3,L,2000,-1700,439,-4,0
3,L,2000,-1700,440,-4,0
3,L,2000,-1700,441,-4,0
3,L,2000,-1700,442,-4,0
3,L,2000,-1700,443,-2,0
3,L,2000,-1700,444,-4,0
3,L,2000,-1700,445,-3,0
3,L,2000,-1700,446,-4,0
3,L,2000,-1700,447,-3,0
3,L,2000,-1700,448,-4,0
3,L,2000,-1700,449,-2,0
3,L,2000,-1700,450,-3,0
3,L,2000,-1700,451,-4,0
3,L,2000,-1700,452,-3,0
3,L,2000,-1700,453,-2,0
3,L,2000,-1700,454,-3,0
3,L,2000,-1700,455,-3,0
3,L,2000,-1700,456,-2,0
3,L,2000,-1700,457,-3,0
3,L,2000,-1700,458,-3,0
3,L,2000,-1700,459,-2,0
3,L,2000,-1700,460,-3,0
3,L,2000,-1700,461,-3,0
3,L,2000,-1700,462,-1,0
3,L,2000,-1700,463,-3,0
3,L,2000,-1700,464,-2,0
3,L,2000,-1700,465,-2,0
3,L,2000,-1700,466,-2,0
3,L,2000,-1700,467,-2,0
3,L,2000,-1700,468,-2,0
3,L,2000,-1700,469,-2,0
3,L,2000,-1700,470,-2,0
3,L,2000,-1700,471,-2,0
3,L,2000,-1700,472,-1,0
3,L,2000,-1700,473,-2,0
3,L,2000,-1700,474,-2,0
3,L,2000,-1700,475,-1,0
3,L,2000,-1700,476,-2,0
3,L,2000,-1700,477,-1,0
3,L,2000,-1700,478,-1,0
3,L,2000,-1700,479,-2,0
3,L,2000,-1700,480,-1,0
3,L,2000,-1700,481,-1,0
3,L,2000,-1700,482,-2,0
3,L,2000,-1700,483,-1,0
3,L,2000,-1700,484,-1,0
3,L,2000,-1700,485,0,0
3,L,2000,-1700,486,-2,0
3,L,2000,-1700,487,0,0
3,L,2000,-1700,488,-1,0
3,L,2000,-1700,489,-1,0
3,L,2000,-1700,490,0,0
3,L,2000,-1700,491,-2,0
3,L,2000,-1700,492,0,0
3,L,2000,-1700,493,-1,0
3,L,2000,-1700,494,0,0
3,L,2000,-1700,495,0,0
3,L,2000,-1700,496,-1,0
3,L,2000,-1700,497,0,0
3,L,2000,-1700,498,0,0
3,L,2000,-1700,499,-1,0
4,L,2000,-2000,0,0,0
4,L,2000,-2000,1,1,0
4,L,2000,-2000,2,1,0
4,L,2000,-2000,3,2,0
4,L,2000,-2000,4,3,0
4,L,2000,-2000,5,4,0
4,L,2000,-2000,6,4,0
4,L,2000,-2000,7,5,0
4,L,2000,-2000,8,6,0
4,L,2000,-2000,9,5,0
4,L,2000,-2000,10,7,0
4,L,2000,-2000,11,6,0
4,L,2000,-2000,12,7,0
4,L,2000,-2000,13,8,0
4,L,2000,-2000,14,8,0
4,L,2000,-2000,15,8,0
4,L,2000,-2000,16,9,0
4,L,2000,-2000,17,8,0
4,L,2000,-2000,18,10,0
4,L,2000,-2000,19,9,0
4,L,2000,-2000,20,9,0
4,L,2000,-2000,21,11,0
4,L,2000,-2000,22,9,0
4,L,2000,-2000,23,11,0
4,L,2000,-2000,24,11,0
4,L,2000,-2000,25,10,0
4,L,2000,-2000,26,11,0
4,L,2000,-2000,27,11,0
4,L,2000,-2000,28,12,0
4,L,2000,-2000,29,11,0
4,L,2000,-2000,30,11,0
4,L,2000,-2000,31,12,0
4,L,2000,-2000,32,12,0
4,L,2000,-2000,33,12,0
4,L,2000,-2000,34,12,0
4,L,2000,-2000,35,12,0
4,L,2000,-2000,36,12,0
4,L,2000,-2000,37,12,0
4,L,2000,-2000,38,14,0
4,L,2000,-2000,39,12,0
4,L,2000,-2000,40,13,0
4,L,2000,-2000,41,12,0
4,L,2000,-2000,42,13,0
4,L,2000,-2000,43,13,0
4,L,2000,-2000,44,13,0
4,L,2000,-2000,45,13,0
4,L,2000,-2000,46,13,0
4,L,2000,-2000,47,14,0
4,L,2000,-2000,48,13,0
4,L,2000,-2000,49,13,0
4,L,2000,-2000,50,14,0
4,L,2000,-2000,51,13,0
4,L,2000,-2000,52,13,0
4,L,2000,-2000,53,14,0
4,L,2000,-2000,54,14,0
4,L,2000,-2000,55,14,0
4,L,2000,-2000,56,13,0
4,L,2000,-2000,57,15,0
4,L,2000,-2000,58,13,0
4,L,2000,-2000,59,14,0
4,L,2000,-2000,60,14,0
4,L,2000,-2000,61,15,0
4,L,2000,-2000,62,13,0
4,L,2000,-2000,63,14,0
4,L,2000,-2000,64,14,0
4,L,2000,-2000,65,14,0
4,L,2000,-2000,66,14,0
4,L,2000,-2000,67,15,0
4,L,2000,-2000,68,13,0
4,L,2000,-2000,69,15,0
4,L,2000,-2000,70,14,0
4,L,2000,-2000,71,15,0
4,L,2000,-2000,72,14,0
4,L,2000,-2000,73,14,0
4,L,2000,-2000,74,15,0
4,L,2000,-2000,75,14,0
4,L,2000,-2000,76,15,0
4,L,2000,-2000,77,15,0
4,L,2000,-2000,78,14,0
4,L,2000,-2000,79,14,0
4,L,2000,-2000,80,14,0
4,L,2000,-2000,81,15,0
4,L,2000,-2000,82,15,0
4,L,2000,-2000,83,14,0
4,L,2000,-2000,84,15,0
4,L,2000,-2000,85,15,0
4,L,2000,-2000,86,14,0
4,L,2000,-2000,87,15,0
4,L,2000,-2000,88,15,0
4,L,2000,-2000,89,14,0
4,L,2000,-2000,90,15,0
4,L,2000,-2000,91,15,0
4,L,2000,-2000,92,15,0
4,L,2000,-2000,93,15,0
4,L,2000,-2000,94,15,0
4,L,2000,-2000,95,15,0
4,L,2000,-2000,96,14,0
4,L,2000,-2000,97,15,0
4,L,2000,-2000,98,15,0
4,L,2000,-2000,99,15,0
4,L,2000,-2000,100,15,0
4,L,2000,-2000,101,15,0
4,L,2000,-2000,102,15,0
4,L,2000,-2000,103,14,0
4,L,2000,-2000,104,15,0
4,L,2000,-2000,105,15,0
4,L,2000,-2000,106,16,0
4,L,2000,-2000,107,14,0
4,L,2000,-2000,108,15,0
4,L,2000,-2000,109,15,0
4,L,2000,-2000,110,15,0
4,L,2000,-2000,111,15,0
4,L,2000,-2000,112,15,0
4,L,2000,-2000,113,15,0
4,L,2000,-2000,114,15,0
4,L,2000,-2000,115,15,0
4,L,2000,-2000,116,15,0
4,L,2000,-2000,117,15,0
4,L,2000,-2000,118,15,0
4,L,2000,-2000,119,15,0
4,L,2000,-2000,120,15,0
4,L,2000,-2000,121,15,0
4,L,2000,-2000,122,16,0
4,L,2000,-2000,123,14,0
4,L,2000,-2000,124,15,0
4,L,2000,-2000,125,16,0
4,L,2000,-2000,126,15,0
4,L,2000,-2000,127,14,0
4,L,2000,-2000,128,16,0
4,L,2000,-2000,129,15,0
4,L,2000,-2000,130,15,0
4,L,2000,-2000,131,16,0
4,L,2000,-2000,132,14,0
4,L,2000,-2000,133,16,0
4,L,2000,-2000,134,15,0
4,L,2000,-2000,135,15,0
4,L,2000,-2000,136,15,0
4,L,2000,-2000,137,15,0
4,L,2000,-2000,138,15,0
4,L,2000,-2000,139,16,0
4,L,2000,-2000,140,15,0
4,L,2000,-2000,141,15,0
4,L,2000,-2000,142,15,0
4,L,2000,-2000,143,15,0
4,L,2000,-2000,144,16,0
4,L,2000,-2000,145,15,0
4,L,2000,-2000,146,16,0
4,L,2000,-2000,147,14,0
4,L,2000,-2000,148,15,0
4,L,2000,-2000,149,16,0
4,L,2000,-2000,150,15,0
4,L,2000,-2000,151,15,0
4,L,2000,-2000,152,15,0
4,L,2000,-2000,153,16,0
4,L,2000,-2000,154,15,0
4,L,2000,-2000,155,15,0
4,L,2000,-2000,156,16,0
4,L,2000,-2000,157,15,0
4,L,2000,-2000,158,15,0
4,L,2000,-2000,159,15,0
4,L,2000,-2000,160,16,0
4,L,2000,-2000,161,15,0
4,L,2000,-2000,162,15,0
4,L,2000,-2000,163,15,0
4,L,2000,-2000,164,16,0
4,L,2000,-2000,165,15,0
4,L,2000,-2000,166,16,0
4,L,2000,-2000,167,15,0
4,L,2000,-2000,168,15,0
4,L,2000,-2000,169,15,0
4,L,2000,-2000,170,15,0
4,L,2000,-2000,171,16,0
4,L,2000,-2000,172,15,0
4,L,2000,-2000,173,16,0
4,L,2000,-2000,174,15,0
4,L,2000,-2000,175,15,0
4,L,2000,-2000,176,15,0
4,L,2000,-2000,177,16,0
4,L,2000,-2000,178,15,0
4,L,2000,-2000,179,16,0
4,L,2000,-2000,180,14,0
4,L,2000,-2000,181,16,0
4,L,2000,-2000,182,15,0
4,L,2000,-2000,183,16,0
4,L,2000,-2000,184,15,0
4,L,2000,-2000,185,16,0
4,L,2000,-2000,186,14,0
4,L,2000,-2000,187,16,0
4,L,2000,-2000,188,15,0
4,L,2000,-2000,189,16,0
4,L,2000,-2000,190,15,0
4,L,2000,-2000,191,16,0
4,L,2000,-2000,192,14,0
4,L,2000,-2000,193,16,0
4,L,2000,-2000,194,15,0
4,L,2000,-2000,195,16,0
4,L,2000,-2000,196,15,0
4,L,2000,-2000,197,16,0
4,L,2000,-2000,198,14,0
4,L,2000,-2000,199,16,0
4,L,2000,-2000,200,15,0
4,L,2000,-2000,201,15,0
4,L,2000,-2000,202,13,0
4,L,2000,-2000,203,12,0
4,L,2000,-2000,204,9,0
4,L,2000,-2000,205,8,0
4,L,2000,-2000,206,7,0
4,L,2000,-2000,207,5,0
4,L,2000,-2000,208,4,0
4,L,2000,-2000,209,2,0
4,L,2000,-2000,210,1,0
4,L,2000,-2000,211,0,0
4,L,2000,-2000,212,-1,0
4,L,2000,-2000,213,-3,0
4,L,2000,-2000,214,-3,0
4,L,2000,-2000,215,-4,0
4,L,2000,-2000,216,-5,0
4,L,2000,-2000,217,-5,0
4,L,2000,-2000,218,-6,0
4,L,2000,-2000,219,-6,0
4,L,2000,-2000,220,-7,0
4,L,2000,-2000,221,-7,0
4,L,2000,-2000,222,-8,0
4,L,2000,-2000,223,-8,0
4,L,2000,-2000,224,-8,0
4,L,2000,-2000,225,-9,0
4,L,2000,-2000,226,-9,0
4,L,2000,-2000,227,-10,0
4,L,2000,-2000,228,-9,0
4,L,2000,-2000,229,-9,0
4,L,2000,-2000,230,-11,0
4,L,2000,-2000,231,-10,0
4,L,2000,-2000,232,-10,0
4,L,2000,-2000,233,-11,0
4,L,2000,-2000,234,-10,0
4,L,2000,-2000,235,-12,0
4,L,2000,-2000,236,-11,0
4,L,2000,-2000,237,-11,0
4,L,2000,-2000,238,-12,0
4,L,2000,-2000,239,-12,0
4,L,2000,-2000,240,-11,0
4,L,2000,-2000,241,-12,0
4,L,2000,-2000,242,-12,0
4,L,2000,-2000,243,-12,0
4,L,2000,-2000,244,-13,0
4,L,2000,-2000,245,-12,0
4,L,2000,-2000,246,-12,0
4,L,2000,-2000,247,-12,0
4,L,2000,-2000,248,-13,0
4,L,2000,-2000,249,-12,0
4,L,2000,-2000,250,-13,0
4,L,2000,-2000,251,-13,0
4,L,2000,-2000,252,-13,0
4,L,2000,-2000,253,-13,0
4,L,2000,-2000,254,-13,0
4,L,2000,-2000,255,-13,0
4,L,2000,-2000,256,-13,0
4,L,2000,-2000,257,-13,0
4,L,2000,-2000,258,-13,0
4,L,2000,-2000,259,-14,0
4,L,2000,-2000,260,-13,0
4,L,2000,-2000,261,-13,0
4,L,2000,-2000,262,-14,0
4,L,2000,-2000,263,-14,0
4,L,2000,-2000,264,-14,0
4,L,2000,-2000,265,-13,0
4,L,2000,-2000,266,-13,0
4,L,2000,-2000,267,-14,0
4,L,2000,-2000,268,-14,0
4,L,2000,-2000,269,-14,0
4,L,2000,-2000,270,-13,0
4,L,2000,-2000,271,-15,0
4,L,2000,-2000,272,-13,0
4,L,2000,-2000,273,-14,0
4,L,2000,-2000,274,-14,0
4,L,2000,-2000,275,-14,0
4,L,2000,-2000,276,-14,0
4,L,2000,-2000,277,-13,0
4,L,2000,-2000,278,-15,0
4,L,2000,-2000,279,-14,0
4,L,2000,-2000,280,-14,0
4,L,2000,-2000,281,-14,0
4,L,2000,-2000,282,-14,0
4,L,2000,-2000,283,-15,0
4,L,2000,-2000,284,-13,0
4,L,2000,-2000,285,-15,0
4,L,2000,-2000,286,-14,0
4,L,2000,-2000,287,-14,0
4,L,2000,-2000,288,-14,0
4,L,2000,-2000,289,-15,0
4,L,2000,-2000,290,-14,0
4,L,2000,-2000,291,-14,0
4,L,2000,-2000,292,-15,0
4,L,2000,-2000,293,-14,0
4,L,2000,-2000,294,-15,0
4,L,2000,-2000,295,-13,0
4,L,2000,-2000,296,-15,0
4,L,2000,-2000,297,-15,0
4,L,2000,-2000,298,-14,0
4,L,2000,-2000,299,-14,0
4,L,2000,-2000,300,-15,0
4,L,2000,-2000,301,-14,0
4,L,2000,-2000,302,-15,0
4,L,2000,-2000,303,-14,0
4,L,2000,-2000,304,-15,0
4,L,2000,-2000,305,-15,0
4,L,2000,-2000,306,-14,0
4,L,2000,-2000,307,-14,0
4,L,2000,-2000,308,-15,0
4,L,2000,-2000,309,-14,0
4,L,2000,-2000,310,-15,0
4,L,2000,-2000,311,-14,0
4,L,2000,-2000,312,-15,0
4,L,2000,-2000,313,-15,0
4,L,2000,-2000,314,-14,0
4,L,2000,-2000,315,-15,0
4,L,2000,-2000,316,-15,0
4,L,2000,-2000,317,-14,0
4,L,2000,-2000,318,-15,0
4,L,2000,-2000,319,-15,0
4,L,2000,-2000,320,-14,0
4,L,2000,-2000,321,-15,0
4,L,2000,-2000,322,-15,0
4,L,2000,-2000,323,-14,0
4,L,2000,-2000,324,-15,0
4,L,2000,-2000,325,-15,0
4,L,2000,-2000,326,-14,0
4,L,2000,-2000,327,-15,0
4,L,2000,-2000,328,-15,0
4,L,2000,-2000,329,-15,0
4,L,2000,-2000,330,-15,0
4,L,2000,-2000,331,-15,0
4,L,2000,-2000,332,-15,0
4,L,2000,-2000,333,-14,0
4,L,2000,-2000,334,-15,0
4,L,2000,-2000,335,-15,0
4,L,2000,-2000,336,-14,0
4,L,2000,-2000,337,-15,0
4,L,2000,-2000,338,-15,0
4,L,2000,-2000,339,-15,0
4,L,2000,-2000,340,-14,0
4,L,2000,-2000,341,-15,0
4,L,2000,-2000,342,-16,0
4,L,2000,-2000,343,-14,0
4,L,2000,-2000,344,-15,0
4,L,2000,-2000,345,-15,0
4,L,2000,-2000,346,-14,0
4,L,2000,-2000,347,-15,0
4,L,2000,-2000,348,-15,0
4,L,2000,-2000,349,-15,0
4,L,2000,-2000,350,-15,0
4,L,2000,-2000,351,-15,0
4,L,2000,-2000,352,-15,0
4,L,2000,-2000,353,-14,0
4,L,2000,-2000,354,-15,0
4,L,2000,-2000,355,-15,0
4,L,2000,-2000,356,-15,0
4,L,2000,-2000,357,-15,0
4,L,2000,-2000,358,-15,0
4,L,2000,-2000,359,-15,0
4,L,2000,-2000,360,-14,0
4,L,2000,-2000,361,-15,0
4,L,2000,-2000,362,-15,0
4,L,2000,-2000,363,-15,0
4,L,2000,-2000,364,-14,0
4,L,2000,-2000,365,-16,0
4,L,2000,-2000,366,-15,0
4,L,2000,-2000,367,-14,0
4,L,2000,-2000,368,-15,0
4,L,2000,-2000,369,-15,0
4,L,2000,-2000,370,-14,0
4,L,2000,-2000,371,-15,0
4,L,2000,-2000,372,-15,0
4,L,2000,-2000,373,-15,0
4,L,2000,-2000,374,-15,0
4,L,2000,-2000,375,-15,0
4,L,2000,-2000,376,-15,0
4,L,2000,-2000,377,-14,0
4,L,2000,-2000,378,-15,0
4,L,2000,-2000,379,-15,0
4,L,2000,-2000,380,-15,0
4,L,2000,-2000,381,-15,0
4,L,2000,-2000,382,-15,0
4,L,2000,-2000,383,-15,0
4,L,2000,-2000,384,-14,0
4,L,2000,-2000,385,-15,0
4,L,2000,-2000,386,-15,0
4,L,2000,-2000,387,-15,0
4,L,2000,-2000,388,-15,0
4,L,2000,-2000,389,-15,0
4,L,2000,-2000,390,-15,0
4,L,2000,-2000,391,-14,0
4,L,2000,-2000,392,-15,0
4,L,2000,-2000,393,-15,0
4,L,2000,-2000,394,-15,0
4,L,2000,-2000,395,-15,0
4,L,2000,-2000,396,-15,0
4,L,2000,-2000,397,-15,0
4,L,2000,-2000,398,-14,0
4,L,2000,-2000,399,-15,0
4,L,2000,-2000,400,-15,0
4,L,2000,-2000,401,-15,0
4,L,2000,-2000,402,-15,0
4,L,2000,-2000,403,-14,0
4,L,2000,-2000,404,-14,0
4,L,2000,-2000,405,-15,0
4,L,2000,-2000,406,-14,0
4,L,2000,-2000,407,-14,0
4,L,2000,-2000,408,-15,0
4,L,2000,-2000,409,-13,0
4,L,2000,-2000,410,-14,0
4,L,2000,-2000,411,-14,0
4,L,2000,-2000,412,-13,0
4,L,2000,-2000,413,-14,0
4,L,2000,-2000,414,-13,0
4,L,2000,-2000,415,-13,0
4,L,2000,-2000,416,-12,0
4,L,2000,-2000,417,-14,0
4,L,2000,-2000,418,-13,0
4,L,2000,-2000,419,-12,0
4,L,2000,-2000,420,-12,0
4,L,2000,-2000,421,-13,0
4,L,2000,-2000,422,-12,0
4,L,2000,-2000,423,-12,0
4,L,2000,-2000,424,-12,0
4,L,2000,-2000,425,-12,0
4,L,2000,-2000,426,-12,0
4,L,2000,-2000,427,-12,0
4,L,2000,-2000,428,-12,0
4,L,2000,-2000,429,-12,0
4,L,2000,-2000,430,-11,0
4,L,2000,-2000,431,-12,0
4,L,2000,-2000,432,-11,0
4,L,2000,-2000,433,-10,0
4,L,2000,-2000,434,-11,0
4,L,2000,-2000,435,-12,0
4,L,2000,-2000,436,-11,0
4,L,2000,-2000,437,-10,0
4,L,2000,-2000,438,-11,0
4,L,2000,-2000,439,-10,0
4,L,2000,-2000,440,-10,0
4,L,2000,-2000,441,-11,0
4,L,2000,-2000,442,-10,0
4,L,2000,-2000,443,-10,0
4,L,2000,-2000,444,-10,0
4,L,2000,-2000,445,-10,0
4,L,2000,-2000,446,-9,0
4,L,2000,-2000,447,-10,0
4,L,2000,-2000,448,-10,0
4,L,2000,-2000,449,-9,0
4,L,2000,-2000,450,-10,0
4,L,2000,-2000,451,-9,0
4,L,2000,-2000,452,-9,0
4,L,2000,-2000,453,-9,0
4,L,2000,-2000,454,-9,0
4,L,2000,-2000,455,-9,0
4,L,2000,-2000,456,-9,0
4,L,2000,-2000,457,-8,0
4,L,2000,-2000,458,-9,0
4,L,2000,-2000,459,-9,0
4,L,2000,-2000,460,-8,0
4,L,2000,-2000,461,-8,0
4,L,2000,-2000,462,-8,0
4,L,2000,-2000,463,-9,0
4,L,2000,-2000,464,-8,0
4,L,2000,-2000,465,-7,0
4,L,2000,-2000,466,-8,0
4,L,2000,-2000,467,-8,0
4,L,2000,-2000,468,-8,0
4,L,2000,-2000,469,-7,0
4,L,2000,-2000,470,-7,0
4,L,2000,-2000,471,-8,0
4,L,2000,-2000,472,-7,0
4,L,2000,-2000,473,-7,0
4,L,2000,-2000,474,-8,0
4,L,2000,-2000,475,-6,0
4,L,2000,-2000,476,-7,0
4,L,2000,-2000,477,-7,0
4,L,2000,-2000,478,-6,0
4,L,2000,-2000,479,-7,0
4,L,2000,-2000,480,-7,0
4,L,2000,-2000,481,-6,0
4,L,2000,-2000,482,-7,0
4,L,2000,-2000,483,-7,0
4,L,2000,-2000,484,-5,0
4,L,2000,-2000,485,-7,0
4,L,2000,-2000,486,-5,0
4,L,2000,-2000,487,-7,0
4,L,2000,-2000,488,-5,0
4,L,2000,-2000,489,-7,0
4,L,2000,-2000,490,-5,0
4,L,2000,-2000,491,-5,0
4,L,2000,-2000,492,-6,0
4,L,2000,-2000,493,-6,0
4,L,2000,-2000,494,-5,0
4,L,2000,-2000,495,-5,0
4,L,2000,-2000,496,-5,0
4,L,2000,-2000,497,-6,0
4,L,2000,-2000,498,-5,0
4,L,2000,-2000,499,-5,0
5,L,2000,-2800,0,0,0
5,L,2000,-2800,1,0,0
5,L,2000,-2800,2,1,0
5,L,2000,-2800,3,2,0
5,L,2000,-2800,4,3,0
5,L,2000,-2800,5,3,0
5,L,2000,-2800,6,4,0
5,L,2000,-2800,7,5,0
5,L,2000,-2800,8,6,0
5,L,2000,-2800,9,5,0
5,L,2000,-2800,10,7,0
5,L,2000,-2800,11,6,0
5,L,2000,-2800,12,7,0
5,L,2000,-2800,13,8,0
5,L,2000,-2800,14,8,0
5,L,2000,-2800,15,8,0
5,L,2000,-2800,16,8,0
5,L,2000,-2800,17,9,0
5,L,2000,-2800,18,9,0
5,L,2000,-2800,19,10,0
5,L,2000,-2800,20,9,0
5,L,2000,-2800,21,10,0
5,L,2000,-2800,22,10,0
5,L,2000,-2800,23,10,0
5,L,2000,-2800,24,10,0
5,L,2000,-2800,25,11,0
5,L,2000,-2800,26,11,0
5,L,2000,-2800,27,11,0
5,L,2000,-2800,28,11,0
5,L,2000,-2800,29,12,0
5,L,2000,-2800,30,11,0
5,L,2000,-2800,31,12,0
5,L,2000,-2800,32,12,0
5,L,2000,-2800,33,12,0
5,L,2000,-2800,34,12,0
5,L,2000,-2800,35,12,0
5,L,2000,-2800,36,12,0
5,L,2000,-2800,37,12,0
5,L,2000,-2800,38,13,0
5,L,2000,-2800,39,12,0
5,L,2000,-2800,40,14,0
5,L,2000,-2800,41,12,0
5,L,2000,-2800,42,13,0
5,L,2000,-2800,43,13,0
5,L,2000,-2800,44,12,0
5,L,2000,-2800,45,14,0
5,L,2000,-2800,46,13,0
5,L,2000,-2800,47,13,0
5,L,2000,-2800,48,14,0
5,L,2000,-2800,49,13,0
5,L,2000,-2800,50,13,0
5,L,2000,-2800,51,14,0
5,L,2000,-2800,52,13,0
5,L,2000,-2800,53,15,0
5,L,2000,-2800,54,13,0
5,L,2000,-2800,55,13,0
5,L,2000,-2800,56,15,0
5,L,2000,-2800,57,13,0
5,L,2000,-2800,58,14,0
5,L,2000,-2800,59,14,0
5,L,2000,-2800,60,14,0
5,L,2000,-2800,61,14,0
5,L,2000,-2800,62,14,0
5,L,2000,-2800,63,14,0
5,L,2000,-2800,64,15,0
5,L,2000,-2800,65,13,0
5,L,2000,-2800,66,15,0
5,L,2000,-2800,67,14,0
5,L,2000,-2800,68,14,0
5,L,2000,-2800,69,15,0
5,L,2000,-2800,70,14,0
5,L,2000,-2800,71,14,0
5,L,2000,-2800,72,14,0
5,L,2000,-2800,73,15,0
5,L,2000,-2800,74,15,0
5,L,2000,-2800,75,14,0
5,L,2000,-2800,76,15,0
5,L,2000,-2800,77,14,0
5,L,2000,-2800,78,14,0
5,L,2000,-2800,79,15,0
5,L,2000,-2800,80,14,0
5,L,2000,-2800,81,15,0
5,L,2000,-2800,82,15,0
5,L,2000,-2800,83,14,0
5,L,2000,-2800,84,15,0
5,L,2000,-2800,85,15,0
5,L,2000,-2800,86,14,0
5,L,2000,-2800,87,15,0
5,L,2000,-2800,88,15,0
5,L,2000,-2800,89,15,0
5,L,2000,-2800,90,15,0
5,L,2000,-2800,91,15,0
5,L,2000,-2800,92,15,0
5,L,2000,-2800,93,14,0
5,L,2000,-2800,94,15,0
5,L,2000,-2800,95,15,0
5,L,2000,-2800,96,14,0
5,L,2000,-2800,97,15,0
5,L,2000,-2800,98,16,0
5,L,2000,-2800,99,15,0
5,L,2000,-2800,100,14,0
5,L,2000,-2800,101,15,0
5,L,2000,-2800,102,15,0
5,L,2000,-2800,103,16,0
5,L,2000,-2800,104,14,0
5,L,2000,-2800,105,15,0
5,L,2000,-2800,106,15,0
5,L,2000,-2800,107,16,0
5,L,2000,-2800,108,14,0
5,L,2000,-2800,109,15,0
5,L,2000,-2800,110,16,0
5,L,2000,-2800,111,15,0
5,L,2000,-2800,112,14,0
5,L,2000,-2800,113,15,0
5,L,2000,-2800,114,16,0
5,L,2000,-2800,115,15,0
5,L,2000,-2800,116,15,0
5,L,2000,-2800,117,15,0
5,L,2000,-2800,118,15,0
5,L,2000,-2800,119,16,0
5,L,2000,-2800,120,15,0
5,L,2000,-2800,121,15,0
5,L,2000,-2800,122,15,0
5,L,2000,-2800,123,15,0
5,L,2000,-2800,124,16,0
5,L,2000,-2800,125,15,0
5,L,2000,-2800,126,14,0
5,L,2000,-2800,127,16,0
5,L,2000,-2800,128,15,0
5,L,2000,-2800,129,16,0
5,L,2000,-2800,130,15,0
5,L,2000,-2800,131,15,0
5,L,2000,-2800,132,15,0
5,L,2000,-2800,133,15,0
5,L,2000,-2800,134,16,0
5,L,2000,-2800,135,15,0
5,L,2000,-2800,136,16,0
5,L,2000,-2800,137,15,0
5,L,2000,-2800,138,15,0
5,L,2000,-2800,139,15,0
5,L,2000,-2800,140,16,0
5,L,2000,-2800,141,15,0
5,L,2000,-2800,142,16,0
5,L,2000,-2800,143,14,0
5,L,2000,-2800,144,16,0
5,L,2000,-2800,145,15,0
5,L,2000,-2800,146,16,0
5,L,2000,-2800,147,15,0
5,L,2000,-2800,148,16,0
5,L,2000,-2800,149,14,0
5,L,2000,-2800,150,16,0
5,L,2000,-2800,151,15,0
5,L,2000,-2800,152,16,0
5,L,2000,-2800,153,15,0
5,L,2000,-2800,154,16,0
5,L,2000,-2800,155,14,0
5,L,2000,-2800,156,16,0
5,L,2000,-2800,157,15,0
5,L,2000,-2800,158,16,0
5,L,2000,-2800,159,15,0
5,L,2000,-2800,160,16,0
5,L,2000,-2800,161,15,0
5,L,2000,-2800,162,15,0
5,L,2000,-2800,163,16,0
5,L,2000,-2800,164,15,0
5,L,2000,-2800,165,16,0
5,L,2000,-2800,166,15,0
5,L,2000,-2800,167,16,0
5,L,2000,-2800,168,14,0
5,L,2000,-2800,169,16,0
5,L,2000,-2800,170,15,0
5,L,2000,-2800,171,16,0
5,L,2000,-2800,172,15,0
5,L,2000,-2800,173,16,0
5,L,2000,-2800,174,15,0
5,L,2000,-2800,175,15,0
5,L,2000,-2800,176,16,0
5,L,2000,-2800,177,15,0
5,L,2000,-2800,178,16,0
5,L,2000,-2800,179,15,0
5,L,2000,-2800,180,16,0
5,L,2000,-2800,181,14,0
5,L,2000,-2800,182,16,0
5,L,2000,-2800,183,15,0
5,L,2000,-2800,184,16,0
5,L,2000,-2800,185,15,0
5,L,2000,-2800,186,16,0
5,L,2000,-2800,187,16,0
5,L,2000,-2800,188,14,0
5,L,2000,-2800,189,16,0
5,L,2000,-2800,190,15,0
5,L,2000,-2800,191,16,0
5,L,2000,-2800,192,15,0
5,L,2000,-2800,193,16,0
5,L,2000,-2800,194,15,0
5,L,2000,-2800,195,15,0
5,L,2000,-2800,196,16,0
5,L,2000,-2800,197,15,0
5,L,2000,-2800,198,16,0
5,L,2000,-2800,199,15,0
5,L,2000,-2800,200,16,0
5,L,2000,-2800,201,14,0
5,L,2000,-2800,202,12,0
5,L,2000,-2800,203,8,0
5,L,2000,-2800,204,7,0
5,L,2000,-2800,205,4,0
5,L,2000,-2800,206,1,0
5,L,2000,-2800,207,-1,0
5,L,2000,-2800,208,-3,0
5,L,2000,-2800,209,-5,0
5,L,2000,-2800,210,-7,0
5,L,2000,-2800,211,-9,0
5,L,2000,-2800,212,-11,0
5,L,2000,-2800,213,-13,0
5,L,2000,-2800,214,-13,0
5,L,2000,-2800,215,-16,0
5,L,2000,-2800,216,-18,0
5,L,2000,-2800,217,-17,0
5,L,2000,-2800,218,-20,0
5,L,2000,-2800,219,-20,0
5,L,2000,-2800,220,-21,0
5,L,2000,-2800,221,-22,0
5,L,2000,-2800,222,-22,0
5,L,2000,-2800,223,-24,0
5,L,2000,-2800,224,-24,0
5,L,2000,-2800,225,-26,0
5,L,2000,-2800,226,-25,0
5,L,2000,-2800,227,-26,0
5,L,2000,-2800,228,-26,0
5,L,2000,-2800,229,-28,0
5,L,2000,-2800,230,-27,0
5,L,2000,-2800,231,-28,0
5,L,2000,-2800,232,-28,0
5,L,2000,-2800,233,-29,0
5,L,2000,-2800,234,-29,0
5,L,2000,-2800,235,-30,0
5,L,2000,-2800,236,-29,0
5,L,2000,-2800,237,-30,0
5,L,2000,-2800,238,-30,0
5,L,2000,-2800,239,-31,0
5,L,2000,-2800,240,-30,0
5,L,2000,-2800,241,-32,0
5,L,2000,-2800,242,-31,0
5,L,2000,-2800,243,-31,0
5,L,2000,-2800,244,-32,0
5,L,2000,-2800,245,-32,0
5,L,2000,-2800,246,-32,0
5,L,2000,-2800,247,-33,0
5,L,2000,-2800,248,-32,0
5,L,2000,-2800,249,-32,0
5,L,2000,-2800,250,-33,0
5,L,2000,-2800,251,-33,0
5,L,2000,-2800,252,-33,0
5,L,2000,-2800,253,-34,0
5,L,2000,-2800,254,-33,0
5,L,2000,-2800,255,-34,0
5,L,2000,-2800,256,-33,0
5,L,2000,-2800,257,-34,0
5,L,2000,-2800,258,-34,0
5,L,2000,-2800,259,-35,0
5,L,2000,-2800,260,-33,0
5,L,2000,-2800,261,-34,0
5,L,2000,-2800,262,-34,0
5,L,2000,-2800,263,-35,0
5,L,2000,-2800,264,-35,0
5,L,2000,-2800,265,-34,0
5,L,2000,-2800,266,-35,0
5,L,2000,-2800,267,-35,0
5,L,2000,-2800,268,-34,0
5,L,2000,-2800,269,-35,0
5,L,2000,-2800,270,-35,0
5,L,2000,-2800,271,-36,0
5,L,2000,-2800,272,-34,0
5,L,2000,-2800,273,-36,0
5,L,2000,-2800,274,-35,0
5,L,2000,-2800,275,-36,0
5,L,2000,-2800,276,-35,0
5,L,2000,-2800,277,-36,0
5,L,2000,-2800,278,-34,0
5,L,2000,-2800,279,-36,0
5,L,2000,-2800,280,-36,0
5,L,2000,-2800,281,-36,0
5,L,2000,-2800,282,-35,0
5,L,2000,-2800,283,-36,0
5,L,2000,-2800,284,-36,0
5,L,2000,-2800,285,-36,0
5,L,2000,-2800,286,-36,0
5,L,2000,-2800,287,-36,0
5,L,2000,-2800,288,-36,0
5,L,2000,-2800,289,-36,0
5,L,2000,-2800,290,-36,0
5,L,2000,-2800,291,-36,0
5,L,2000,-2800,292,-36,0
5,L,2000,-2800,293,-36,0
5,L,2000,-2800,294,-36,0
5,L,2000,-2800,295,-37,0
5,L,2000,-2800,296,-35,0
5,L,2000,-2800,297,-37,0
5,L,2000,-2800,298,-36,0
5,L,2000,-2800,299,-36,0
5,L,2000,-2800,300,-36,0
5,L,2000,-2800,301,-38,0
5,L,2000,-2800,302,-36,0
5,L,2000,-2800,303,-36,0
5,L,2000,-2800,304,-37,0
5,L,2000,-2800,305,-36,0
5,L,2000,-2800,306,-36,0
5,L,2000,-2800,307,-37,0
5,L,2000,-2800,308,-36,0
5,L,2000,-2800,309,-36,0
5,L,2000,-2800,310,-37,0
5,L,2000,-2800,311,-37,0
5,L,2000,-2800,312,-36,0
5,L,2000,-2800,313,-37,0
5,L,2000,-2800,314,-36,0
5,L,2000,-2800,315,-37,0
5,L,2000,-2800,316,-36,0
5,L,2000,-2800,317,-38,0
5,L,2000,-2800,318,-36,0
5,L,2000,-2800,319,-37,0
5,L,2000,-2800,320,-37,0
5,L,2000,-2800,321,-36,0
5,L,2000,-2800,322,-36,0
5,L,2000,-2800,323,-38,0
5,L,2000,-2800,324,-36,0
5,L,2000,-2800,325,-37,0
5,L,2000,-2800,326,-37,0
5,L,2000,-2800,327,-36,0
5,L,2000,-2800,328,-37,0
5,L,2000,-2800,329,-37,0
5,L,2000,-2800,330,-37,0
5,L,2000,-2800,331,-36,0
5,L,2000,-2800,332,-37,0
5,L,2000,-2800,333,-37,0
5,L,2000,-2800,334,-37,0
5,L,2000,-2800,335,-37,0
5,L,2000,-2800,336,-36,0
5,L,2000,-2800,337,-37,0
5,L,2000,-2800,338,-37,0
5,L,2000,-2800,339,-37,0
5,L,2000,-2800,340,-37,0
5,L,2000,-2800,341,-36,0
5,L,2000,-2800,342,-37,0
5,L,2000,-2800,343,-38,0
5,L,2000,-2800,344,-36,0
5,L,2000,-2800,345,-37,0
5,L,2000,-2800,346,-37,0
5,L,2000,-2800,347,-36,0
5,L,2000,-2800,348,-38,0
5,L,2000,-2800,349,-37,0
5,L,2000,-2800,350,-36,0
5,L,2000,-2800,351,-37,0
5,L,2000,-2800,352,-38,0
5,L,2000,-2800,353,-36,0
5,L,2000,-2800,354,-37,0
5,L,2000,-2800,355,-37,0
5,L,2000,-2800,356,-36,0
5,L,2000,-2800,357,-38,0
5,L,2000,-2800,358,-37,0
5,L,2000,-2800,359,-36,0
5,L,2000,-2800,360,-37,0
5,L,2000,-2800,361,-38,0
5,L,2000,-2800,362,-36,0
5,L,2000,-2800,363,-37,0
5,L,2000,-2800,364,-37,0
5,L,2000,-2800,365,-38,0
5,L,2000,-2800,366,-36,0
5,L,2000,-2800,367,-37,0
5,L,2000,-2800,368,-37,0
5,L,2000,-2800,369,-37,0
5,L,2000,-2800,370,-37,0
5,L,2000,-2800,371,-37,0
5,L,2000,-2800,372,-37,0
5,L,2000,-2800,373,-36,0
5,L,2000,-2800,374,-38,0
5,L,2000,-2800,375,-37,0
5,L,2000,-2800,376,-37,0
5,L,2000,-2800,377,-36,0
5,L,2000,-2800,378,-38,0
5,L,2000,-2800,379,-37,0
5,L,2000,-2800,380,-36,0
5,L,2000,-2800,381,-39,0
5,L,2000,-2800,382,-36,0
5,L,2000,-2800,383,-37,0
5,L,2000,-2800,384,-36,0
5,L,2000,-2800,385,-37,0
5,L,2000,-2800,386,-38,0
5,L,2000,-2800,387,-36,0
5,L,2000,-2800,388,-37,0
5,L,2000,-2800,389,-37,0
5,L,2000,-2800,390,-38,0
5,L,2000,-2800,391,-36,0
5,L,2000,-2800,392,-37,0
5,L,2000,-2800,393,-37,0
5,L,2000,-2800,394,-38,0
5,L,2000,-2800,395,-36,0
5,L,2000,-2800,396,-37,0
5,L,2000,-2800,397,-37,0
5,L,2000,-2800,398,-38,0
5,L,2000,-2800,399,-36,0
5,L,2000,-2800,400,-37,0
5,L,2000,-2800,401,-37,0
5,L,2000,-2800,402,-37,0
5,L,2000,-2800,403,-37,0
5,L,2000,-2800,404,-36,0
5,L,2000,-2800,405,-36,0
5,L,2000,-2800,406,-36,0
5,L,2000,-2800,407,-36,0
5,L,2000,-2800,408,-34,0
5,L,2000,-2800,409,-36,0
5,L,2000,-2800,410,-35,0
5,L,2000,-2800,411,-35,0
5,L,2000,-2800,412,-35,0
5,L,2000,-2800,413,-34,0
5,L,2000,-2800,414,-35,0
5,L,2000,-2800,415,-34,0
5,L,2000,-2800,416,-34,0
5,L,2000,-2800,417,-34,0
5,L,2000,-2800,418,-34,0
5,L,2000,-2800,419,-33,0
5,L,2000,-2800,420,-33,0
5,L,2000,-2800,421,-33,0
5,L,2000,-2800,422,-33,0
5,L,2000,-2800,423,-33,0
5,L,2000,-2800,424,-32,0
5,L,2000,-2800,425,-32,0
5,L,2000,-2800,426,-32,0
5,L,2000,-2800,427,-32,0
5,L,2000,-2800,428,-32,0
5,L,2000,-2800,429,-32,0
5,L,2000,-2800,430,-31,0
5,L,2000,-2800,431,-31,0
5,L,2000,-2800,432,-31,0
5,L,2000,-2800,433,-31,0
5,L,2000,-2800,434,-31,0
5,L,2000,-2800,435,-30,0
5,L,2000,-2800,436,-31,0
5,L,2000,-2800,437,-29,0
5,L,2000,-2800,438,-31,0
5,L,2000,-2800,439,-29,0
5,L,2000,-2800,440,-30,0
5,L,2000,-2800,441,-29,0
5,L,2000,-2800,442,-31,0
5,L,2000,-2800,443,-28,0
5,L,2000,-2800,444,-29,0
5,L,2000,-2800,445,-28,0
5,L,2000,-2800,446,-29,0
5,L,2000,-2800,447,-28,0
5,L,2000,-2800,448,-28,0
5,L,2000,-2800,449,-28,0
5,L,2000,-2800,450,-28,0
5,L,2000,-2800,451,-28,0
5,L,2000,-2800,452,-28,0
5,L,2000,-2800,453,-27,0
5,L,2000,-2800,454,-27,0
5,L,2000,-2800,455,-28,0
5,L,2000,-2800,456,-26,0
5,L,2000,-2800,457,-27,0
5,L,2000,-2800,458,-27,0
5,L,2000,-2800,459,-26,0
5,L,2000,-2800,460,-26,0
5,L,2000,-2800,461,-26,0
5,L,2000,-2800,462,-26,0
5,L,2000,-2800,463,-25,0
5,L,2000,-2800,464,-27,0
5,L,2000,-2800,465,-25,0
5,L,2000,-2800,466,-25,0
5,L,2000,-2800,467,-25,0
5,L,2000,-2800,468,-25,0
5,L,2000,-2800,469,-25,0
5,L,2000,-2800,470,-24,0
5,L,2000,-2800,471,-25,0
5,L,2000,-2800,472,-24,0
5,L,2000,-2800,473,-24,0
5,L,2000,-2800,474,-24,0
5,L,2000,-2800,475,-24,0
5,L,2000,-2800,476,-24,0
5,L,2000,-2800,477,-23,0
5,L,2000,-2800,478,-24,0
5,L,2000,-2800,479,-24,0
5,L,2000,-2800,480,-23,0
5,L,2000,-2800,481,-22,0
5,L,2000,-2800,482,-23,0
5,L,2000,-2800,483,-23,0
5,L,2000,-2800,484,-22,0
5,L,2000,-2800,485,-23,0
5,L,2000,-2800,486,-22,0
5,L,2000,-2800,487,-22,0
5,L,2000,-2800,488,-22,0
5,L,2000,-2800,489,-22,0
5,L,2000,-2800,490,-21,0
5,L,2000,-2800,491,-22,0
5,L,2000,-2800,492,-21,0
5,L,2000,-2800,493,-21,0
5,L,2000,-2800,494,-22,0
5,L,2000,-2800,495,-21,0
5,L,2000,-2800,496,-20,0
5,L,2000,-2800,497,-21,0
5,L,2000,-2800,498,-20,0
5,L,2000,-2800,499,-20,0
6,L,2000,1600,0,0,0
6,L,2000,1600,1,0,0
6,L,2000,1600,2,1,0
6,L,2000,1600,3,1,0
6,L,2000,1600,4,3,0
6,L,2000,1600,5,3,0
6,L,2000,1600,6,4,0
6,L,2000,1600,7,5,0
6,L,2000,1600,8,4,0
6,L,2000,1600,9,5,0
6,L,2000,1600,10,7,0
6,L,2000,1600,11,6,0
6,L,2000,1600,12,6,0
6,L,2000,1600,13,8,0
6,L,2000,1600,14,8,0
6,L,2000,1600,15,8,0
6,L,2000,1600,16,8,0
6,L,2000,1600,17,8,0
6,L,2000,1600,18,9,0
6,L,2000,1600,19,10,0
6,L,2000,1600,20,9,0
6,L,2000,1600,21,9,0
6,L,2000,1600,22,10,0
6,L,2000,1600,23,10,0
6,L,2000,1600,24,11,0
6,L,2000,1600,25,11,0
6,L,2000,1600,26,10,0
6,L,2000,1600,27,11,0
6,L,2000,1600,28,11,0
6,L,2000,1600,29,12,0
6,L,2000,1600,30,10,0
6,L,2000,1600,31,12,0
6,L,2000,1600,32,12,0
6,L,2000,1600,33,12,0
6,L,2000,1600,34,12,0
6,L,2000,1600,35,12,0
6,L,2000,1600,36,12,0
6,L,2000,1600,37,12,0
6,L,2000,1600,38,13,0
6,L,2000,1600,39,13,0
6,L,2000,1600,40,12,0
6,L,2000,1600,41,13,0
6,L,2000,1600,42,13,0
6,L,2000,1600,43,12,0
6,L,2000,1600,44,14,0
6,L,2000,1600,45,13,0
6,L,2000,1600,46,13,0
6,L,2000,1600,47,14,0
6,L,2000,1600,48,13,0
6,L,2000,1600,49,13,0
6,L,2000,1600,50,14,0
6,L,2000,1600,51,13,0
6,L,2000,1600,52,13,0
6,L,2000,1600,53,14,0
6,L,2000,1600,54,14,0
6,L,2000,1600,55,14,0
6,L,2000,1600,56,13,0
6,L,2000,1600,57,14,0
6,L,2000,1600,58,14,0
6,L,2000,1600,59,14,0
6,L,2000,1600,60,14,0
6,L,2000,1600,61,14,0
6,L,2000,1600,62,14,0
6,L,2000,1600,63,15,0
6,L,2000,1600,64,13,0
6,L,2000,1600,65,15,0
6,L,2000,1600,66,14,0
6,L,2000,1600,67,14,0
6,L,2000,1600,68,14,0
6,L,2000,1600,69,15,0
6,L,2000,1600,70,15,0
6,L,2000,1600,71,14,0
6,L,2000,1600,72,14,0
6,L,2000,1600,73,14,0
6,L,2000,1600,74,15,0
6,L,2000,1600,75,15,0
6,L,2000,1600,76,14,0
6,L,2000,1600,77,15,0
6,L,2000,1600,78,15,0
6,L,2000,1600,79,14,0
6,L,2000,1600,80,15,0
6,L,2000,1600,81,15,0
6,L,2000,1600,82,14,0
6,L,2000,1600,83,15,0
6,L,2000,1600,84,15,0
6,L,2000,1600,85,14,0
6,L,2000,1600,86,15,0
6,L,2000,1600,87,16,0
6,L,2000,1600,88,15,0
6,L,2000,1600,89,14,0
6,L,2000,1600,90,15,0
6,L,2000,1600,91,15,0
6,L,2000,1600,92,15,0
6,L,2000,1600,93,15,0
6,L,2000,1600,94,15,0
6,L,2000,1600,95,15,0
6,L,2000,1600,96,14,0
6,L,2000,1600,97,16,0
6,L,2000,1600,98,15,0
6,L,2000,1600,99,15,0
6,L,2000,1600,100,15,0
6,L,2000,1600,101,15,0
6,L,2000,1600,102,15,0
6,L,2000,1600,103,15,0
6,L,2000,1600,104,16,0
6,L,2000,1600,105,14,0
6,L,2000,1600,106,15,0
6,L,2000,1600,107,16,0
6,L,2000,1600,108,15,0
6,L,2000,1600,109,15,0
6,L,2000,1600,110,15,0
6,L,2000,1600,111,15,0
6,L,2000,1600,112,16,0
6,L,2000,1600,113,15,0
6,L,2000,1600,114,14,0
6,L,2000,1600,115,16,0
6,L,2000,1600,116,15,0
6,L,2000,1600,117,16,0
6,L,2000,1600,118,15,0
6,L,2000,1600,119,15,0
6,L,2000,1600,120,15,0
6,L,2000,1600,121,15,0
6,L,2000,1600,122,16,0
6,L,2000,1600,123,15,0
6,L,2000,1600,124,16,0
6,L,2000,1600,125,14,0
6,L,2000,1600,126,16,0
6,L,2000,1600,127,15,0
6,L,2000,1600,128,16,0
6,L,2000,1600,129,15,0
6,L,2000,1600,130,16,0
6,L,2000,1600,131,14,0
6,L,2000,1600,132,16,0
6,L,2000,1600,133,15,0
6,L,2000,1600,134,16,0
6,L,2000,1600,135,15,0
6,L,2000,1600,136,16,0
6,L,2000,1600,137,14,0
6,L,2000,1600,138,16,0
6,L,2000,1600,139,15,0
6,L,2000,1600,140,16,0
6,L,2000,1600,141,16,0
6,L,2000,1600,142,15,0
6,L,2000,1600,143,15,0
6,L,2000,1600,144,15,0
6,L,2000,1600,145,16,0
6,L,2000,1600,146,15,0
6,L,2000,1600,147,16,0
6,L,2000,1600,148,16,0
6,L,2000,1600,149,15,0
6,L,2000,1600,150,15,0
6,L,2000,1600,151,15,0
6,L,2000,1600,152,16,0
6,L,2000,1600,153,15,0
6,L,2000,1600,154,16,0
6,L,2000,1600,155,15,0
6,L,2000,1600,156,16,0
6,L,2000,1600,157,15,0
6,L,2000,1600,158,15,0
6,L,2000,1600,159,16,0
6,L,2000,1600,160,15,0
6,L,2000,1600,161,16,0
6,L,2000,1600,162,15,0
6,L,2000,1600,163,16,0
6,L,2000,1600,164,16,0
6,L,2000,1600,165,14,0
6,L,2000,1600,166,16,0
6,L,2000,1600,167,16,0
6,L,2000,1600,168,15,0
6,L,2000,1600,169,16,0
6,L,2000,1600,170,15,0
6,L,2000,1600,171,16,0
6,L,2000,1600,172,16,0
6,L,2000,1600,173,14,0
6,L,2000,1600,174,16,0
6,L,2000,1600,175,16,0
6,L,2000,1600,176,15,0
6,L,2000,1600,177,16,0
6,L,2000,1600,178,16,0
6,L,2000,1600,179,15,0
6,L,2000,1600,180,16,0
6,L,2000,1600,181,15,0
6,L,2000,1600,182,15,0
6,L,2000,1600,183,16,0
6,L,2000,1600,184,15,0
6,L,2000,1600,185,16,0
6,L,2000,1600,186,16,0
6,L,2000,1600,187,15,0
6,L,2000,1600,188,16,0
6,L,2000,1600,189,15,0
6,L,2000,1600,190,15,0
6,L,2000,1600,191,16,0
6,L,2000,1600,192,15,0
6,L,2000,1600,193,16,0
6,L,2000,1600,194,16,0
6,L,2000,1600,195,15,0
6,L,2000,1600,196,16,0
6,L,2000,1600,197,15,0
6,L,2000,1600,198,15,0
6,L,2000,1600,199,16,0
6,L,2000,1600,200,16,0
6,L,2000,1600,201,15,0
6,L,2000,1600,202,16,0
6,L,2000,1600,203,15,0
6,L,2000,1600,204,15,0
6,L,2000,1600,205,15,0
6,L,2000,1600,206,15,0
6,L,2000,1600,207,15,0
6,L,2000,1600,208,14,0
6,L,2000,1600,209,16,0
6,L,2000,1600,210,14,0
6,L,2000,1600,211,14,0
6,L,2000,1600,212,15,0
6,L,2000,1600,213,15,0
6,L,2000,1600,214,13,0
6,L,2000,1600,215,15,0
6,L,2000,1600,216,14,0
6,L,2000,1600,217,14,0
6,L,2000,1600,218,14,0
6,L,2000,1600,219,14,0
6,L,2000,1600,220,13,0
6,L,2000,1600,221,14,0
6,L,2000,1600,222,14,0
6,L,2000,1600,223,13,0
6,L,2000,1600,224,14,0
6,L,2000,1600,225,13,0
6,L,2000,1600,226,13,0
6,L,2000,1600,227,13,0
6,L,2000,1600,228,13,0
6,L,2000,1600,229,13,0
6,L,2000,1600,230,13,0
6,L,2000,1600,231,12,0
6,L,2000,1600,232,14,0
6,L,2000,1600,233,12,0
6,L,2000,1600,234,13,0
6,L,2000,1600,235,12,0
6,L,2000,1600,236,12,0
6,L,2000,1600,237,12,0
6,L,2000,1600,238,13,0
6,L,2000,1600,239,12,0
6,L,2000,1600,240,12,0
6,L,2000,1600,241,12,0
6,L,2000,1600,242,12,0
6,L,2000,1600,243,12,0
6,L,2000,1600,244,11,0
6,L,2000,1600,245,12,0
6,L,2000,1600,246,12,0
6,L,2000,1600,247,12,0
6,L,2000,1600,248,11,0
6,L,2000,1600,249,12,0
6,L,2000,1600,250,10,0
6,L,2000,1600,251,12,0
6,L,2000,1600,252,11,0
6,L,2000,1600,253,11,0
6,L,2000,1600,254,12,0
6,L,2000,1600,255,10,0
6,L,2000,1600,256,11,0
6,L,2000,1600,257,11,0
6,L,2000,1600,258,10,0
6,L,2000,1600,259,11,0
6,L,2000,1600,260,11,0
6,L,2000,1600,261,10,0
6,L,2000,1600,262,11,0
6,L,2000,1600,263,11,0
6,L,2000,1600,264,10,0
6,L,2000,1600,265,10,0
6,L,2000,1600,266,10,0
6,L,2000,1600,267,11,0
6,L,2000,1600,268,9,0
6,L,2000,1600,269,11,0
6,L,2000,1600,270,10,0
6,L,2000,1600,271,10,0
6,L,2000,1600,272,9,0
6,L,2000,1600,273,10,0
6,L,2000,1600,274,10,0
6,L,2000,1600,275,10,0
6,L,2000,1600,276,9,0
6,L,2000,1600,277,9,0
6,L,2000,1600,278,10,0
6,L,2000,1600,279,9,0
6,L,2000,1600,280,10,0
6,L,2000,1600,281,9,0
6,L,2000,1600,282,9,0
6,L,2000,1600,283,9,0
6,L,2000,1600,284,10,0
6,L,2000,1600,285,9,0
6,L,2000,1600,286,9,0
6,L,2000,1600,287,8,0
6,L,2000,1600,288,10,0
6,L,2000,1600,289,9,0
6,L,2000,1600,290,8,0
6,L,2000,1600,291,9,0
6,L,2000,1600,292,8,0
6,L,2000,1600,293,10,0
6,L,2000,1600,294,8,0
6,L,2000,1600,295,9,0
6,L,2000,1600,296,8,0
6,L,2000,1600,297,8,0
6,L,2000,1600,298,8,0
6,L,2000,1600,299,9,0
6,L,2000,1600,300,8,0
6,L,2000,1600,301,8,0
6,L,2000,1600,302,8,0
6,L,2000,1600,303,8,0
6,L,2000,1600,304,8,0
6,L,2000,1600,305,8,0
6,L,2000,1600,306,8,0
6,L,2000,1600,307,8,0
6,L,2000,1600,308,8,0
6,L,2000,1600,309,8,0
6,L,2000,1600,310,8,0
6,L,2000,1600,311,8,0
6,L,2000,1600,312,7,0
6,L,2000,1600,313,8,0
6,L,2000,1600,314,8,0
6,L,2000,1600,315,7,0
6,L,2000,1600,316,8,0
6,L,2000,1600,317,7,0
6,L,2000,1600,318,7,0
6,L,2000,1600,319,8,0
6,L,2000,1600,320,7,0
6,L,2000,1600,321,7,0
6,L,2000,1600,322,8,0
6,L,2000,1600,323,7,0
6,L,2000,1600,324,7,0
6,L,2000,1600,325,7,0
6,L,2000,1600,326,7,0
6,L,2000,1600,327,7,0
6,L,2000,1600,328,7,0
6,L,2000,1600,329,7,0
6,L,2000,1600,330,7,0
6,L,2000,1600,331,8,0
6,L,2000,1600,332,6,0
6,L,2000,1600,333,7,0
6,L,2000,1600,334,7,0
6,L,2000,1600,335,6,0
6,L,2000,1600,336,7,0
6,L,2000,1600,337,7,0
6,L,2000,1600,338,6,0
6,L,2000,1600,339,7,0
6,L,2000,1600,340,6,0
6,L,2000,1600,341,6,0
6,L,2000,1600,342,7,0
6,L,2000,1600,343,6,0
6,L,2000,1600,344,7,0
6,L,2000,1600,345,7,0
6,L,2000,1600,346,6,0
6,L,2000,1600,347,6,0
6,L,2000,1600,348,6,0
6,L,2000,1600,349,7,0
6,L,2000,1600,350,6,0
6,L,2000,1600,351,6,0
6,L,2000,1600,352,7,0
6,L,2000,1600,353,5,0
6,L,2000,1600,354,7,0
6,L,2000,1600,355,6,0
6,L,2000,1600,356,6,0
6,L,2000,1600,357,6,0
6,L,2000,1600,358,6,0
6,L,2000,1600,359,6,0
6,L,2000,1600,360,6,0
6,L,2000,1600,361,6,0
6,L,2000,1600,362,6,0
6,L,2000,1600,363,6,0
6,L,2000,1600,364,6,0
6,L,2000,1600,365,5,0
6,L,2000,1600,366,7,0
6,L,2000,1600,367,5,0
6,L,2000,1600,368,6,0
6,L,2000,1600,369,6,0
6,L,2000,1600,370,5,0
6,L,2000,1600,371,7,0
6,L,2000,1600,372,5,0
6,L,2000,1600,373,6,0
6,L,2000,1600,374,5,0
6,L,2000,1600,375,6,0
6,L,2000,1600,376,6,0
6,L,2000,1600,377,5,0
6,L,2000,1600,378,6,0
6,L,2000,1600,379,5,0
6,L,2000,1600,380,6,0
6,L,2000,1600,381,6,0
6,L,2000,1600,382,5,0
6,L,2000,1600,383,6,0
6,L,2000,1600,384,5,0
6,L,2000,1600,385,5,0
6,L,2000,1600,386,6,0
6,L,2000,1600,387,5,0
6,L,2000,1600,388,6,0
6,L,2000,1600,389,5,0
6,L,2000,1600,390,6,0
6,L,2000,1600,391,5,0
6,L,2000,1600,392,6,0
6,L,2000,1600,393,5,0
6,L,2000,1600,394,5,0
6,L,2000,1600,395,6,0
6,L,2000,1600,396,5,0
6,L,2000,1600,397,6,0
6,L,2000,1600,398,5,0
6,L,2000,1600,399,4,0
6,L,2000,1600,400,6,0
6,L,2000,1600,401,5,0
6,L,2000,1600,402,5,0
6,L,2000,1600,403,5,0
6,L,2000,1600,404,6,0
6,L,2000,1600,405,5,0
6,L,2000,1600,406,4,0
6,L,2000,1600,407,5,0
6,L,2000,1600,408,4,0
6,L,2000,1600,409,6,0
6,L,2000,1600,410,4,0
6,L,2000,1600,411,4,0
6,L,2000,1600,412,5,0
6,L,2000,1600,413,4,0
6,L,2000,1600,414,4,0
6,L,2000,1600,415,5,0
6,L,2000,1600,416,4,0
6,L,2000,1600,417,4,0
6,L,2000,1600,418,4,0
6,L,2000,1600,419,4,0
6,L,2000,1600,420,4,0
6,L,2000,1600,421,3,0
6,L,2000,1600,422,4,0
6,L,2000,1600,423,4,0
6,L,2000,1600,424,4,0
6,L,2000,1600,425,3,0
6,L,2000,1600,426,4,0
6,L,2000,1600,427,4,0
6,L,2000,1600,428,2,0
6,L,2000,1600,429,4,0
6,L,2000,1600,430,3,0
6,L,2000,1600,431,3,0
6,L,2000,1600,432,4,0
6,L,2000,1600,433,2,0
6,L,2000,1600,434,3,0
6,L,2000,1600,435,3,0
6,L,2000,1600,436,3,0
6,L,2000,1600,437,3,0
6,L,2000,1600,438,3,0
6,L,2000,1600,439,3,0
6,L,2000,1600,440,2,0
6,L,2000,1600,441,3,0
6,L,2000,1600,442,2,0
6,L,2000,1600,443,2,0
6,L,2000,1600,444,3,0
6,L,2000,1600,445,2,0
6,L,2000,1600,446,2,0
6,L,2000,1600,447,2,0
6,L,2000,1600,448,3,0
6,L,2000,1600,449,1,0
6,L,2000,1600,450,3,0
6,L,2000,1600,451,1,0
6,L,2000,1600,452,3,0
6,L,2000,1600,453,1,0
6,L,2000,1600,454,2,0
6,L,2000,1600,455,2,0
6,L,2000,1600,456,2,0
6,L,2000,1600,457,1,0
6,L,2000,1600,458,1,0
6,L,2000,1600,459,2,0
6,L,2000,1600,460,2,0
6,L,2000,1600,461,1,0
6,L,2000,1600,462,2,0
6,L,2000,1600,463,1,0
6,L,2000,1600,464,1,0
6,L,2000,1600,465,2,0
6,L,2000,1600,466,0,0
6,L,2000,1600,467,1,0
6,L,2000,1600,468,2,0
6,L,2000,1600,469,1,0
6,L,2000,1600,470,0,0
6,L,2000,1600,471,1,0
6,L,2000,1600,472,2,0
6,L,2000,1600,473,0,0
6,L,2000,1600,474,1,0
6,L,2000,1600,475,0,0
6,L,2000,1600,476,1,0
6,L,2000,1600,477,0,0
6,L,2000,1600,478,0,0
6,L,2000,1600,479,1,0
6,L,2000,1600,480,1,0
6,L,2000,1600,481,0,0
6,L,2000,1600,482,0,0
6,L,2000,1600,483,0,0
6,L,2000,1600,484,0,0
6,L,2000,1600,485,1,0
6,L,2000,1600,486,0,0
6,L,2000,1600,487,0,0
6,L,2000,1600,488,0,0
6,L,2000,1600,489,0,0
6,L,2000,1600,490,0,0
6,L,2000,1600,491,0,0
6,L,2000,1600,492,0,0
6,L,2000,1600,493,0,0
6,L,2000,1600,494,0,0
6,L,2000,1600,495,0,0
6,L,2000,1600,496,0,0
6,L,2000,1600,497,0,0
6,L,2000,1600,498,0,0
6,L,2000,1600,499,0,0
7,L,2800,0,0,0,0
7,L,2800,0,1,1,0
7,L,2800,0,2,3,0
7,L,2800,0,3,5,0
7,L,2800,0,4,8,0
7,L,2800,0,5,10,0
7,L,2800,0,6,10,0
7,L,2800,0,7,14,0
7,L,2800,0,8,14,0
7,L,2800,0,9,16,0
7,L,2800,0,10,17,0
7,L,2800,0,11,19,0
7,L,2800,0,12,19,0
7,L,2800,0,13,21,0
7,L,2800,0,14,22,0
7,L,2800,0,15,22,0
7,L,2800,0,16,23,0
7,L,2800,0,17,24,0
7,L,2800,0,18,25,0
7,L,2800,0,19,26,0
7,L,2800,0,20,25,0
7,L,2800,0,21,27,0
7,L,2800,0,22,26,0
7,L,2800,0,23,28,0
7,L,2800,0,24,27,0
7,L,2800,0,25,29,0
7,L,2800,0,26,28,0
7,L,2800,0,27,30,0
7,L,2800,0,28,29,0
7,L,2800,0,29,31,0
7,L,2800,0,30,29,0
7,L,2800,0,31,31,0
7,L,2800,0,32,30,0
7,L,2800,0,33,32,0
7,L,2800,0,34,31,0
7,L,2800,0,35,32,0
7,L,2800,0,36,32,0
7,L,2800,0,37,32,0
7,L,2800,0,38,32,0
7,L,2800,0,39,32,0
7,L,2800,0,40,33,0
7,L,2800,0,41,33,0
7,L,2800,0,42,33,0
7,L,2800,0,43,33,0
7,L,2800,0,44,33,0
7,L,2800,0,45,34,0
7,L,2800,0,46,33,0
7,L,2800,0,47,35,0
7,L,2800,0,48,33,0
7,L,2800,0,49,35,0
7,L,2800,0,50,33,0
7,L,2800,0,51,36,0
7,L,2800,0,52,33,0
7,L,2800,0,53,35,0
7,L,2800,0,54,34,0
7,L,2800,0,55,35,0
7,L,2800,0,56,35,0
7,L,2800,0,57,35,0
7,L,2800,0,58,34,0
7,L,2800,0,59,35,0
7,L,2800,0,60,35,0
7,L,2800,0,61,35,0
7,L,2800,0,62,35,0
7,L,2800,0,63,35,0
7,L,2800,0,64,36,0
7,L,2800,0,65,35,0
7,L,2800,0,66,36,0
7,L,2800,0,67,35,0
7,L,2800,0,68,35,0
7,L,2800,0,69,36,0
7,L,2800,0,70,35,0
7,L,2800,0,71,36,0
7,L,2800,0,72,36,0
7,L,2800,0,73,36,0
7,L,2800,0,74,35,0
7,L,2800,0,75,36,0
7,L,2800,0,76,36,0
7,L,2800,0,77,36,0
7,L,2800,0,78,36,0
7,L,2800,0,79,36,0
7,L,2800,0,80,36,0
7,L,2800,0,81,35,0
7,L,2800,0,82,36,0
7,L,2800,0,83,36,0
7,L,2800,0,84,37,0
7,L,2800,0,85,36,0
7,L,2800,0,86,36,0
7,L,2800,0,87,36,0
7,L,2800,0,88,36,0
7,L,2800,0,89,36,0
7,L,2800,0,90,36,0
7,L,2800,0,91,36,0
7,L,2800,0,92,37,0
7,L,2800,0,93,36,0
7,L,2800,0,94,36,0
7,L,2800,0,95,36,0
7,L,2800,0,96,36,0
7,L,2800,0,97,37,0
7,L,2800,0,98,36,0
7,L,2800,0,99,36,0
7,L,2800,0,100,36,0
7,L,2800,0,101,38,0
7,L,2800,0,102,36,0
7,L,2800,0,103,36,0
7,L,2800,0,104,37,0
7,L,2800,0,105,36,0
7,L,2800,0,106,36,0
7,L,2800,0,107,36,0
7,L,2800,0,108,37,0
7,L,2800,0,109,36,0
7,L,2800,0,110,37,0
7,L,2800,0,111,37,0
7,L,2800,0,112,37,0
7,L,2800,0,113,35,0
7,L,2800,0,114,37,0
7,L,2800,0,115,36,0
7,L,2800,0,116,36,0
7,L,2800,0,117,37,0
7,L,2800,0,118,37,0
7,L,2800,0,119,37,0
7,L,2800,0,120,36,0
7,L,2800,0,121,37,0
7,L,2800,0,122,36,0
7,L,2800,0,123,37,0
7,L,2800,0,124,36,0
7,L,2800,0,125,38,0
7,L,2800,0,126,36,0
7,L,2800,0,127,37,0
7,L,2800,0,128,36,0
7,L,2800,0,129,36,0
7,L,2800,0,130,37,0
7,L,2800,0,131,37,0
7,L,2800,0,132,37,0
7,L,2800,0,133,37,0
7,L,2800,0,134,36,0
7,L,2800,0,135,37,0
7,L,2800,0,136,36,0
7,L,2800,0,137,38,0
7,L,2800,0,138,36,0
7,L,2800,0,139,37,0
7,L,2800,0,140,36,0
7,L,2800,0,141,37,0
7,L,2800,0,142,36,0
7,L,2800,0,143,38,0
7,L,2800,0,144,36,0
7,L,2800,0,145,37,0
7,L,2800,0,146,36,0
7,L,2800,0,147,37,0
7,L,2800,0,148,36,0
7,L,2800,0,149,38,0
7,L,2800,0,150,36,0
7,L,2800,0,151,37,0
7,L,2800,0,152,36,0
7,L,2800,0,153,37,0
7,L,2800,0,154,37,0
7,L,2800,0,155,37,0
7,L,2800,0,156,37,0
7,L,2800,0,157,36,0
7,L,2800,0,158,37,0
7,L,2800,0,159,36,0
7,L,2800,0,160,38,0
7,L,2800,0,161,37,0
7,L,2800,0,162,36,0
7,L,2800,0,163,37,0
7,L,2800,0,164,36,0
7,L,2800,0,165,38,0
7,L,2800,0,166,36,0
7,L,2800,0,167,37,0
7,L,2800,0,168,37,0
7,L,2800,0,169,36,0
7,L,2800,0,170,38,0
7,L,2800,0,171,36,0
7,L,2800,0,172,37,0
7,L,2800,0,173,37,0
7,L,2800,0,174,36,0
7,L,2800,0,175,38,0
7,L,2800,0,176,36,0
7,L,2800,0,177,37,0
7,L,2800,0,178,36,0
7,L,2800,0,179,37,0
7,L,2800,0,180,38,0
7,L,2800,0,181,36,0
7,L,2800,0,182,37,0
7,L,2800,0,183,36,0
7,L,2800,0,184,37,0
7,L,2800,0,185,37,0
7,L,2800,0,186,37,0
7,L,2800,0,187,37,0
7,L,2800,0,188,36,0
7,L,2800,0,189,36,0
7,L,2800,0,190,38,0
7,L,2800,0,191,37,0
7,L,2800,0,192,37,0
7,L,2800,0,193,36,0
7,L,2800,0,194,37,0
7,L,2800,0,195,37,0
7,L,2800,0,196,37,0
7,L,2800,0,197,37,0
7,L,2800,0,198,37,0
7,L,2800,0,199,36,0
7,L,2800,0,200,38,0
7,L,2800,0,201,36,0
7,L,2800,0,202,37,0
7,L,2800,0,203,36,0
7,L,2800,0,204,36,0
7,L,2800,0,205,36,0
7,L,2800,0,206,36,0
7,L,2800,0,207,36,0
7,L,2800,0,208,35,0
7,L,2800,0,209,36,0
7,L,2800,0,210,34,0
7,L,2800,0,211,35,0
7,L,2800,0,212,35,0
7,L,2800,0,213,34,0
7,L,2800,0,214,35,0
7,L,2800,0,215,34,0
7,L,2800,0,216,34,0
7,L,2800,0,217,33,0
7,L,2800,0,218,34,0
7,L,2800,0,219,34,0
7,L,2800,0,220,33,0
7,L,2800,0,221,33,0
7,L,2800,0,222,33,0
7,L,2800,0,223,32,0
7,L,2800,0,224,33,0
7,L,2800,0,225,32,0
7,L,2800,0,226,32,0
7,L,2800,0,227,32,0
7,L,2800,0,228,32,0
7,L,2800,0,229,32,0
7,L,2800,0,230,31,0
7,L,2800,0,231,32,0
7,L,2800,0,232,31,0
7,L,2800,0,233,30,0
7,L,2800,0,234,32,0
7,L,2800,0,235,30,0
7,L,2800,0,236,30,0
7,L,2800,0,237,31,0
7,L,2800,0,238,29,0
7,L,2800,0,239,31,0
7,L,2800,0,240,29,0
7,L,2800,0,241,30,0
7,L,2800,0,242,29,0
7,L,2800,0,243,29,0
7,L,2800,0,244,30,0
7,L,2800,0,245,29,0
7,L,2800,0,246,28,0
7,L,2800,0,247,29,0
7,L,2800,0,248,28,0
7,L,2800,0,249,28,0
7,L,2800,0,250,28,0
7,L,2800,0,251,28,0
7,L,2800,0,252,28,0
7,L,2800,0,253,28,0
7,L,2800,0,254,27,0
7,L,2800,0,255,28,0
7,L,2800,0,256,27,0
7,L,2800,0,257,27,0
7,L,2800,0,258,26,0
7,L,2800,0,259,27,0
7,L,2800,0,260,26,0
7,L,2800,0,261,27,0
7,L,2800,0,262,27,0
7,L,2800,0,263,25,0
7,L,2800,0,264,26,0
7,L,2800,0,265,26,0
7,L,2800,0,266,25,0
7,L,2800,0,267,26,0
7,L,2800,0,268,25,0
7,L,2800,0,269,25,0
7,L,2800,0,270,24,0
7,L,2800,0,271,26,0
7,L,2800,0,272,24,0
7,L,2800,0,273,25,0
7,L,2800,0,274,24,0
7,L,2800,0,275,24,0
7,L,2800,0,276,24,0
7,L,2800,0,277,24,0
7,L,2800,0,278,24,0
7,L,2800,0,279,23,0
7,L,2800,0,280,24,0
7,L,2800,0,281,23,0
7,L,2800,0,282,23,0
7,L,2800,0,283,23,0
7,L,2800,0,284,23,0
7,L,2800,0,285,22,0
7,L,2800,0,286,23,0
7,L,2800,0,287,23,0
7,L,2800,0,288,22,0
7,L,2800,0,289,22,0
7,L,2800,0,290,22,0
7,L,2800,0,291,22,0
7,L,2800,0,292,21,0
7,L,2800,0,293,21,0
7,L,2800,0,294,23,0
7,L,2800,0,295,21,0
7,L,2800,0,296,21,0
7,L,2800,0,297,21,0
7,L,2800,0,298,21,0
7,L,2800,0,299,21,0
7,L,2800,0,300,20,0
7,L,2800,0,301,20,0
7,L,2800,0,302,22,0
7,L,2800,0,303,20,0
7,L,2800,0,304,20,0
7,L,2800,0,305,20,0
7,L,2800,0,306,20,0
7,L,2800,0,307,19,0
7,L,2800,0,308,19,0
7,L,2800,0,309,20,0
7,L,2800,0,310,19,0
7,L,2800,0,311,20,0
7,L,2800,0,312,19,0
7,L,2800,0,313,18,0
7,L,2800,0,314,19,0
7,L,2800,0,315,19,0
7,L,2800,0,316,18,0
7,L,2800,0,317,19,0
7,L,2800,0,318,17,0
7,L,2800,0,319,19,0
7,L,2800,0,320,17,0
7,L,2800,0,321,19,0
7,L,2800,0,322,17,0
7,L,2800,0,323,18,0
7,L,2800,0,324,17,0
7,L,2800,0,325,17,0
7,L,2800,0,326,18,0
7,L,2800,0,327,17,0
7,L,2800,0,328,17,0
7,L,2800,0,329,16,0
7,L,2800,0,330,18,0
7,L,2800,0,331,16,0
7,L,2800,0,332,17,0
7,L,2800,0,333,16,0
7,L,2800,0,334,16,0
7,L,2800,0,335,16,0
7,L,2800,0,336,16,0
7,L,2800,0,337,16,0
7,L,2800,0,338,16,0
7,L,2800,0,339,16,0
7,L,2800,0,340,15,0
7,L,2800,0,341,16,0
7,L,2800,0,342,15,0
7,L,2800,0,343,15,0
7,L,2800,0,344,15,0
7,L,2800,0,345,15,0
7,L,2800,0,346,15,0
7,L,2800,0,347,14,0
7,L,2800,0,348,16,0
7,L,2800,0,349,14,0
7,L,2800,0,350,14,0
7,L,2800,0,351,15,0
7,L,2800,0,352,13,0
7,L,2800,0,353,15,0
7,L,2800,0,354,13,0
7,L,2800,0,355,15,0
7,L,2800,0,356,13,0
7,L,2800,0,357,14,0
7,L,2800,0,358,13,0
7,L,2800,0,359,13,0
7,L,2800,0,360,14,0
7,L,2800,0,361,13,0
7,L,2800,0,362,13,0
7,L,2800,0,363,13,0
7,L,2800,0,364,13,0
7,L,2800,0,365,13,0
7,L,2800,0,366,13,0
7,L,2800,0,367,12,0
7,L,2800,0,368,12,0
7,L,2800,0,369,13,0
7,L,2800,0,370,12,0
7,L,2800,0,371,12,0
7,L,2800,0,372,12,0
7,L,2800,0,373,12,0
7,L,2800,0,374,12,0
7,L,2800,0,375,12,0
7,L,2800,0,376,11,0
7,L,2800,0,377,12,0
7,L,2800,0,378,12,0
7,L,2800,0,379,11,0
7,L,2800,0,380,10,0
7,L,2800,0,381,12,0
7,L,2800,0,382,11,0
7,L,2800,0,383,11,0
7,L,2800,0,384,10,0
7,L,2800,0,385,11,0
7,L,2800,0,386,11,0
7,L,2800,0,387,10,0
7,L,2800,0,388,11,0
7,L,2800,0,389,11,0
7,L,2800,0,390,10,0
7,L,2800,0,391,10,0
7,L,2800,0,392,10,0
7,L,2800,0,393,10,0
7,L,2800,0,394,10,0
7,L,2800,0,395,10,0
7,L,2800,0,396,9,0
7,L,2800,0,397,10,0
7,L,2800,0,398,10,0
7,L,2800,0,399,9,0
7,L,2800,0,400,10,0
7,L,2800,0,401,9,0
7,L,2800,0,402,8,0
7,L,2800,0,403,9,0
7,L,2800,0,404,10,0
7,L,2800,0,405,9,0
7,L,2800,0,406,8,0
7,L,2800,0,407,9,0
7,L,2800,0,408,8,0
7,L,2800,0,409,9,0
7,L,2800,0,410,9,0
7,L,2800,0,411,8,0
7,L,2800,0,412,8,0
7,L,2800,0,413,8,0
7,L,2800,0,414,8,0
7,L,2800,0,415,8,0
7,L,2800,0,416,8,0
7,L,2800,0,417,8,0
7,L,2800,0,418,8,0
7,L,2800,0,419,7,0
7,L,2800,0,420,7,0
7,L,2800,0,421,8,0
7,L,2800,0,422,7,0
7,L,2800,0,423,8,0
7,L,2800,0,424,7,0
7,L,2800,0,425,7,0
7,L,2800,0,426,7,0
7,L,2800,0,427,7,0
7,L,2800,0,428,7,0
7,L,2800,0,429,7,0
7,L,2800,0,430,6,0
7,L,2800,0,431,7,0
7,L,2800,0,432,6,0
7,L,2800,0,433,7,0
7,L,2800,0,434,7,0
7,L,2800,0,435,6,0
7,L,2800,0,436,6,0
7,L,2800,0,437,6,0
7,L,2800,0,438,6,0
7,L,2800,0,439,6,0
7,L,2800,0,440,6,0
7,L,2800,0,441,6,0
7,L,2800,0,442,6,0
7,L,2800,0,443,5,0
7,L,2800,0,444,7,0
7,L,2800,0,445,5,0
7,L,2800,0,446,5,0
7,L,2800,0,447,6,0
7,L,2800,0,448,5,0
7,L,2800,0,449,5,0
7,L,2800,0,450,6,0
7,L,2800,0,451,4,0
7,L,2800,0,452,5,0
7,L,2800,0,453,5,0
7,L,2800,0,454,5,0
7,L,2800,0,455,5,0
7,L,2800,0,456,5,0
7,L,2800,0,457,4,0
7,L,2800,0,458,5,0
7,L,2800,0,459,4,0
7,L,2800,0,460,4,0
7,L,2800,0,461,6,0
7,L,2800,0,462,4,0
7,L,2800,0,463,4,0
7,L,2800,0,464,4,0
7,L,2800,0,465,4,0
7,L,2800,0,466,4,0
7,L,2800,0,467,4,0
7,L,2800,0,468,4,0
7,L,2800,0,469,4,0
7,L,2800,0,470,4,0
7,L,2800,0,471,4,0
7,L,2800,0,472,2,0
7,L,2800,0,473,4,0
7,L,2800,0,474,4,0
7,L,2800,0,475,3,0
7,L,2800,0,476,4,0
7,L,2800,0,477,3,0
7,L,2800,0,478,3,0
7,L,2800,0,479,3,0
7,L,2800,0,480,3,0
7,L,2800,0,481,4,0
7,L,2800,0,482,3,0
7,L,2800,0,483,2,0
7,L,2800,0,484,3,0
7,L,2800,0,485,3,0
7,L,2800,0,486,2,0
7,L,2800,0,487,3,0
7,L,2800,0,488,3,0
7,L,2800,0,489,2,0
7,L,2800,0,490,3,0
7,L,2800,0,491,3,0
7,L,2800,0,492,1,0
7,L,2800,0,493,3,0
7,L,2800,0,494,2,0
7,L,2800,0,495,3,0
7,L,2800,0,496,1,0
7,L,2800,0,497,3,0
7,L,2800,0,498,1,0
7,L,2800,0,499,3,0
8,L,2800,-1500,0,0,0
8,L,2800,-1500,1,0,0
8,L,2800,-1500,2,3,0
8,L,2800,-1500,3,5,0
8,L,2800,-1500,4,8,0
8,L,2800,-1500,5,9,0
8,L,2800,-1500,6,11,0
8,L,2800,-1500,7,13,0
8,L,2800,-1500,8,14,0
8,L,2800,-1500,9,16,0
8,L,2800,-1500,10,17,0
8,L,2800,-1500,11,19,0
8,L,2800,-1500,12,18,0
8,L,2800,-1500,13,22,0
8,L,2800,-1500,14,21,0
8,L,2800,-1500,15,21,0
8,L,2800,-1500,16,24,0
8,L,2800,-1500,17,24,0
8,L,2800,-1500,18,24,0
8,L,2800,-1500,19,26,0
8,L,2800,-1500,20,25,0
8,L,2800,-1500,21,27,0
8,L,2800,-1500,22,26,0
8,L,2800,-1500,23,27,0
8,L,2800,-1500,24,28,0
8,L,2800,-1500,25,29,0
8,L,2800,-1500,26,28,0
8,L,2800,-1500,27,30,0
8,L,2800,-1500,28,29,0
8,L,2800,-1500,29,30,0
8,L,2800,-1500,30,30,0
8,L,2800,-1500,31,31,0
8,L,2800,-1500,32,30,0
8,L,2800,-1500,33,32,0
8,L,2800,-1500,34,31,0
8,L,2800,-1500,35,32,0
8,L,2800,-1500,36,32,0
8,L,2800,-1500,37,32,0
8,L,2800,-1500,38,32,0
8,L,2800,-1500,39,32,0
8,L,2800,-1500,40,33,0
8,L,2800,-1500,41,34,0
8,L,2800,-1500,42,33,0
8,L,2800,-1500,43,33,0
8,L,2800,-1500,44,34,0
8,L,2800,-1500,45,33,0
8,L,2800,-1500,46,35,0
8,L,2800,-1500,47,33,0
8,L,2800,-1500,48,34,0
8,L,2800,-1500,49,34,0
8,L,2800,-1500,50,35,0
8,L,2800,-1500,51,34,0
8,L,2800,-1500,52,35,0
8,L,2800,-1500,53,34,0
8,L,2800,-1500,54,35,0
8,L,2800,-1500,55,35,0
8,L,2800,-1500,56,35,0
8,L,2800,-1500,57,34,0
8,L,2800,-1500,58,36,0
8,L,2800,-1500,59,35,0
8,L,2800,-1500,60,35,0
8,L,2800,-1500,61,36,0
8,L,2800,-1500,62,34,0
8,L,2800,-1500,63,36,0
8,L,2800,-1500,64,36,0
8,L,2800,-1500,65,35,0
8,L,2800,-1500,66,36,0
8,L,2800,-1500,67,35,0
8,L,2800,-1500,68,36,0
8,L,2800,-1500,69,36,0
8,L,2800,-1500,70,36,0
8,L,2800,-1500,71,37,0
8,L,2800,-1500,72,35,0
8,L,2800,-1500,73,36,0
8,L,2800,-1500,74,36,0
8,L,2800,-1500,75,36,0
8,L,2800,-1500,76,36,0
8,L,2800,-1500,77,36,0
8,L,2800,-1500,78,36,0
8,L,2800,-1500,79,36,0
8,L,2800,-1500,80,36,0
8,L,2800,-1500,81,37,0
8,L,2800,-1500,82,36,0
8,L,2800,-1500,83,36,0
8,L,2800,-1500,84,36,0
8,L,2800,-1500,85,36,0
8,L,2800,-1500,86,37,0
8,L,2800,-1500,87,36,0
8,L,2800,-1500,88,37,0
8,L,2800,-1500,89,37,0
8,L,2800,-1500,90,36,0
8,L,2800,-1500,91,36,0
8,L,2800,-1500,92,37,0
8,L,2800,-1500,93,36,0
8,L,2800,-1500,94,37,0
8,L,2800,-1500,95,36,0
8,L,2800,-1500,96,36,0
8,L,2800,-1500,97,37,0
8,L,2800,-1500,98,37,0
8,L,2800,-1500,99,37,0
8,L,2800,-1500,100,36,0
8,L,2800,-1500,101,36,0
8,L,2800,-1500,102,37,0
8,L,2800,-1500,103,37,0
8,L,2800,-1500,104,37,0
8,L,2800,-1500,105,36,0
8,L,2800,-1500,106,37,0
8,L,2800,-1500,107,36,0
8,L,2800,-1500,108,37,0
8,L,2800,-1500,109,37,0
8,L,2800,-1500,110,37,0
8,L,2800,-1500,111,37,0
8,L,2800,-1500,112,36,0
8,L,2800,-1500,113,37,0
8,L,2800,-1500,114,36,0
8,L,2800,-1500,115,38,0
8,L,2800,-1500,116,36,0
8,L,2800,-1500,117,37,0
8,L,2800,-1500,118,37,0
8,L,2800,-1500,119,36,0
8,L,2800,-1500,120,37,0
8,L,2800,-1500,121,37,0
8,L,2800,-1500,122,37,0
8,L,2800,-1500,123,36,0
8,L,2800,-1500,124,37,0
8,L,2800,-1500,125,37,0
8,L,2800,-1500,126,37,0
8,L,2800,-1500,127,37,0
8,L,2800,-1500,128,36,0
8,L,2800,-1500,129,37,0
8,L,2800,-1500,130,37,0
8,L,2800,-1500,131,37,0
8,L,2800,-1500,132,37,0
8,L,2800,-1500,133,36,0
8,L,2800,-1500,134,37,0
8,L,2800,-1500,135,37,0
8,L,2800,-1500,136,37,0
8,L,2800,-1500,137,37,0
8,L,2800,-1500,138,36,0
8,L,2800,-1500,139,37,0
8,L,2800,-1500,140,38,0
8,L,2800,-1500,141,36,0
8,L,2800,-1500,142,37,0
8,L,2800,-1500,143,37,0
8,L,2800,-1500,144,37,0
8,L,2800,-1500,145,37,0
8,L,2800,-1500,146,37,0
8,L,2800,-1500,147,36,0
8,L,2800,-1500,148,37,0
8,L,2800,-1500,149,38,0
8,L,2800,-1500,150,36,0
8,L,2800,-1500,151,37,0
8,L,2800,-1500,152,37,0
8,L,2800,-1500,153,36,0
8,L,2800,-1500,154,38,0
8,L,2800,-1500,155,37,0
8,L,2800,-1500,156,36,0
8,L,2800,-1500,157,37,0
8,L,2800,-1500,158,37,0
8,L,2800,-1500,159,37,0
8,L,2800,-1500,160,37,0
8,L,2800,-1500,161,37,0
8,L,2800,-1500,162,37,0
8,L,2800,-1500,163,37,0
8,L,2800,-1500,164,37,0
8,L,2800,-1500,165,37,0
8,L,2800,-1500,166,36,0
8,L,2800,-1500,167,38,0
8,L,2800,-1500,168,37,0
8,L,2800,-1500,169,36,0
8,L,2800,-1500,170,37,0
8,L,2800,-1500,171,38,0
8,L,2800,-1500,172,37,0
8,L,2800,-1500,173,36,0
8,L,2800,-1500,174,37,0
8,L,2800,-1500,175,37,0
8,L,2800,-1500,176,37,0
8,L,2800,-1500,177,37,0
8,L,2800,-1500,178,37,0
8,L,2800,-1500,179,37,0
8,L,2800,-1500,180,37,0
8,L,2800,-1500,181,37,0
8,L,2800,-1500,182,37,0
8,L,2800,-1500,183,36,0
8,L,2800,-1500,184,38,0
8,L,2800,-1500,185,37,0
8,L,2800,-1500,186,37,0
8,L,2800,-1500,187,36,0
8,L,2800,-1500,188,38,0
8,L,2800,-1500,189,37,0
8,L,2800,-1500,190,37,0
8,L,2800,-1500,191,36,0
8,L,2800,-1500,192,38,0
8,L,2800,-1500,193,37,0
8,L,2800,-1500,194,36,0
8,L,2800,-1500,195,37,0
8,L,2800,-1500,196,38,0
8,L,2800,-1500,197,36,0
8,L,2800,-1500,198,37,0
8,L,2800,-1500,199,37,0
8,L,2800,-1500,200,37,0
8,L,2800,-1500,201,37,0
8,L,2800,-1500,202,34,0
8,L,2800,-1500,203,34,0
8,L,2800,-1500,204,32,0
8,L,2800,-1500,205,30,0
8,L,2800,-1500,206,29,0
8,L,2800,-1500,207,27,0
8,L,2800,-1500,208,27,0
8,L,2800,-1500,209,24,0
8,L,2800,-1500,210,24,0
8,L,2800,-1500,211,23,0
8,L,2800,-1500,212,21,0
8,L,2800,-1500,213,20,0
8,L,2800,-1500,214,19,0
8,L,2800,-1500,215,18,0
8,L,2800,-1500,216,18,0
8,L,2800,-1500,217,16,0
8,L,2800,-1500,218,14,0
8,L,2800,-1500,219,15,0
8,L,2800,-1500,220,13,0
8,L,2800,-1500,221,13,0
8,L,2800,-1500,222,12,0
8,L,2800,-1500,223,11,0
8,L,2800,-1500,224,11,0
8,L,2800,-1500,225,9,0
8,L,2800,-1500,226,10,0
8,L,2800,-1500,227,9,0
8,L,2800,-1500,228,8,0
8,L,2800,-1500,229,7,0
8,L,2800,-1500,230,8,0
8,L,2800,-1500,231,6,0
8,L,2800,-1500,232,7,0
8,L,2800,-1500,233,5,0
8,L,2800,-1500,234,6,0
8,L,2800,-1500,235,5,0
8,L,2800,-1500,236,4,0
8,L,2800,-1500,237,4,0
8,L,2800,-1500,238,4,0
8,L,2800,-1500,239,4,0
8,L,2800,-1500,240,4,0
8,L,2800,-1500,241,3,0
8,L,2800,-1500,242,3,0
8,L,2800,-1500,243,2,0
8,L,2800,-1500,244,3,0
8,L,2800,-1500,245,2,0
8,L,2800,-1500,246,2,0
8,L,2800,-1500,247,1,0
8,L,2800,-1500,248,1,0
8,L,2800,-1500,249,2,0
8,L,2800,-1500,250,1,0
8,L,2800,-1500,251,1,0
8,L,2800,-1500,252,0,0
8,L,2800,-1500,253,2,0
8,L,2800,-1500,254,0,0
8,L,2800,-1500,255,0,0
8,L,2800,-1500,256,0,0
8,L,2800,-1500,257,0,0
8,L,2800,-1500,258,0,0
8,L,2800,-1500,259,0,0
8,L,2800,-1500,260,0,0
8,L,2800,-1500,261,0,0
8,L,2800,-1500,262,-1,0
8,L,2800,-1500,263,-1,0
8,L,2800,-1500,264,0,0
8,L,2800,-1500,265,0,0
8,L,2800,-1500,266,0,0
8,L,2800,-1500,267,-1,0
8,L,2800,-1500,268,0,0
8,L,2800,-1500,269,0,0
8,L,2800,-1500,270,-1,0
8,L,2800,-1500,271,0,0
8,L,2800,-1500,272,-2,0
8,L,2800,-1500,273,0,0
8,L,2800,-1500,274,-1,0
8,L,2800,-1500,275,0,0
8,L,2800,-1500,276,-1,0
8,L,2800,-1500,277,-1,0
8,L,2800,-1500,278,-1,0
8,L,2800,-1500,279,0,0
8,L,2800,-1500,280,-1,0
8,L,2800,-1500,281,-1,0
8,L,2800,-1500,282,-1,0
8,L,2800,-1500,283,-1,0
8,L,2800,-1500,284,-1,0
8,L,2800,-1500,285,-1,0
8,L,2800,-1500,286,-2,0
8,L,2800,-1500,287,0,0
8,L,2800,-1500,288,-1,0
8,L,2800,-1500,289,-1,0
8,L,2800,-1500,290,-2,0
8,L,2800,-1500,291,-1,0
8,L,2800,-1500,292,-1,0
8,L,2800,-1500,293,-2,0
8,L,2800,-1500,294,-1,0
8,L,2800,-1500,295,-1,0
8,L,2800,-1500,296,-1,0
8,L,2800,-1500,297,-2,0
8,L,2800,-1500,298,-1,0
8,L,2800,-1500,299,-1,0
8,L,2800,-1500,300,-2,0
8,L,2800,-1500,301,-1,0
8,L,2800,-1500,302,-2,0
8,L,2800,-1500,303,-1,0
8,L,2800,-1500,304,-1,0
8,L,2800,-1500,305,-2,0
8,L,2800,-1500,306,-1,0
8,L,2800,-1500,307,-1,0
8,L,2800,-1500,308,-2,0
8,L,2800,-1500,309,-1,0
8,L,2800,-1500,310,-2,0
8,L,2800,-1500,311,-2,0
8,L,2800,-1500,312,-1,0
8,L,2800,-1500,313,-2,0
8,L,2800,-1500,314,-1,0
8,L,2800,-1500,315,-1,0
8,L,2800,-1500,316,-2,0
8,L,2800,-1500,317,-2,0
8,L,2800,-1500,318,-2,0
8,L,2800,-1500,319,-1,0
8,L,2800,-1500,320,-1,0
8,L,2800,-1500,321,-2,0
8,L,2800,-1500,322,-2,0
8,L,2800,-1500,323,-2,0
8,L,2800,-1500,324,-1,0
8,L,2800,-1500,325,-2,0
8,L,2800,-1500,326,-2,0
8,L,2800,-1500,327,-1,0
8,L,2800,-1500,328,-2,0
8,L,2800,-1500,329,-2,0
8,L,2800,-1500,330,-2,0
8,L,2800,-1500,331,-1,0
8,L,2800,-1500,332,-3,0
8,L,2800,-1500,333,-1,0
8,L,2800,-1500,334,-1,0
8,L,2800,-1500,335,-3,0
8,L,2800,-1500,336,-1,0
8,L,2800,-1500,337,-2,0
8,L,2800,-1500,338,-2,0
8,L,2800,-1500,339,-2,0
8,L,2800,-1500,340,-1,0
8,L,2800,-1500,341,-3,0
8,L,2800,-1500,342,-1,0
8,L,2800,-1500,343,-2,0
8,L,2800,-1500,344,-2,0
8,L,2800,-1500,345,-1,0
8,L,2800,-1500,346,-3,0
8,L,2800,-1500,347,-1,0
8,L,2800,-1500,348,-2,0
8,L,2800,-1500,349,-2,0
8,L,2800,-1500,350,-2,0
8,L,2800,-1500,351,-2,0
8,L,2800,-1500,352,-2,0
8,L,2800,-1500,353,-2,0
8,L,2800,-1500,354,-2,0
8,L,2800,-1500,355,-2,0
8,L,2800,-1500,356,-2,0
8,L,2800,-1500,357,-1,0
8,L,2800,-1500,358,-3,0
8,L,2800,-1500,359,-1,0
8,L,2800,-1500,360,-3,0
8,L,2800,-1500,361,-1,0
8,L,2800,-1500,362,-2,0
8,L,2800,-1500,363,-2,0
8,L,2800,-1500,364,-2,0
8,L,2800,-1500,365,-2,0
8,L,2800,-1500,366,-2,0
8,L,2800,-1500,367,-2,0
8,L,2800,-1500,368,-2,0
8,L,2800,-1500,369,-2,0
8,L,2800,-1500,370,-2,0
8,L,2800,-1500,371,-2,0
8,L,2800,-1500,372,-2,0
8,L,2800,-1500,373,-2,0
8,L,2800,-1500,374,-2,0
8,L,2800,-1500,375,-2,0
8,L,2800,-1500,376,-2,0
8,L,2800,-1500,377,-2,0
8,L,2800,-1500,378,-2,0
8,L,2800,-1500,379,-2,0
8,L,2800,-1500,380,-2,0
8,L,2800,-1500,381,-2,0
8,L,2800,-1500,382,-2,0
8,L,2800,-1500,383,-2,0
8,L,2800,-1500,384,-2,0
8,L,2800,-1500,385,-2,0
8,L,2800,-1500,386,-2,0
8,L,2800,-1500,387,-2,0
8,L,2800,-1500,388,-2,0
8,L,2800,-1500,389,-2,0
8,L,2800,-1500,390,-3,0
8,L,2800,-1500,391,-1,0
8,L,2800,-1500,392,-3,0
8,L,2800,-1500,393,-1,0
8,L,2800,-1500,394,-3,0
8,L,2800,-1500,395,-1,0
8,L,2800,-1500,396,-3,0
8,L,2800,-1500,397,-2,0
8,L,2800,-1500,398,-2,0
8,L,2800,-1500,399,-2,0
8,L,2800,-1500,400,-2,0
8,L,2800,-1500,401,-2,0
8,L,2800,-1500,402,-2,0
8,L,2800,-1500,403,-2,0
8,L,2800,-1500,404,-2,0
8,L,2800,-1500,405,-1,0
8,L,2800,-1500,406,-3,0
8,L,2800,-1500,407,-1,0
8,L,2800,-1500,408,-1,0
8,L,2800,-1500,409,-2,0
8,L,2800,-1500,410,-2,0
8,L,2800,-1500,411,-1,0
8,L,2800,-1500,412,-2,0
8,L,2800,-1500,413,-1,0
8,L,2800,-1500,414,-2,0
8,L,2800,-1500,415,-1,0
8,L,2800,-1500,416,-1,0
8,L,2800,-1500,417,0,0
8,L,2800,-1500,418,-2,0
8,L,2800,-1500,419,-1,0
8,L,2800,-1500,420,-1,0
8,L,2800,-1500,421,0,0
8,L,2800,-1500,422,-2,0
8,L,2800,-1500,423,-1,0
8,L,2800,-1500,424,0,0
8,L,2800,-1500,425,0,0
8,L,2800,-1500,426,-1,0
8,L,2800,-1500,427,0,0
8,L,2800,-1500,428,-2,0
8,L,2800,-1500,429,0,0
8,L,2800,-1500,430,0,0
8,L,2800,-1500,431,-1,0
8,L,2800,-1500,432,0,0
8,L,2800,-1500,433,0,0
8,L,2800,-1500,434,-1,0
8,L,2800,-1500,435,0,0
8,L,2800,-1500,436,0,0
8,L,2800,-1500,437,0,0
8,L,2800,-1500,438,0,0
8,L,2800,-1500,439,0,0
8,L,2800,-1500,440,0,0
8,L,2800,-1500,441,0,0
8,L,2800,-1500,442,0,0
8,L,2800,-1500,443,0,0
8,L,2800,-1500,444,0,0
8,L,2800,-1500,445,0,0
8,L,2800,-1500,446,0,0
8,L,2800,-1500,447,0,0
8,L,2800,-1500,448,0,0
8,L,2800,-1500,449,0,0
8,L,2800,-1500,450,0,0
8,L,2800,-1500,451,0,0
8,L,2800,-1500,452,0,0
8,L,2800,-1500,453,0,0
8,L,2800,-1500,454,0,0
8,L,2800,-1500,455,0,0
8,L,2800,-1500,456,0,0
8,L,2800,-1500,457,0,0
8,L,2800,-1500,458,0,0
8,L,2800,-1500,459,0,0
8,L,2800,-1500,460,0,0
8,L,2800,-1500,461,0,0
8,L,2800,-1500,462,0,0
8,L,2800,-1500,463,0,0
8,L,2800,-1500,464,0,0
8,L,2800,-1500,465,0,0
8,L,2800,-1500,466,0,0
8,L,2800,-1500,467,0,0
8,L,2800,-1500,468,0,0
8,L,2800,-1500,469,0,0
8,L,2800,-1500,470,0,0
8,L,2800,-1500,471,0,0
8,L,2800,-1500,472,0,0
8,L,2800,-1500,473,0,0
8,L,2800,-1500,474,0,0
8,L,2800,-1500,475,0,0
8,L,2800,-1500,476,0,0
8,L,2800,-1500,477,0,0
8,L,2800,-1500,478,0,0
8,L,2800,-1500,479,0,0
8,L,2800,-1500,480,0,0
8,L,2800,-1500,481,0,0
8,L,2800,-1500,482,0,0
8,L,2800,-1500,483,0,0
8,L,2800,-1500,484,0,0
8,L,2800,-1500,485,0,0
8,L,2800,-1500,486,0,0
8,L,2800,-1500,487,0,0
8,L,2800,-1500,488,0,0
8,L,2800,-1500,489,0,0
8,L,2800,-1500,490,0,0
8,L,2800,-1500,491,0,0
8,L,2800,-1500,492,0,0
8,L,2800,-1500,493,0,0
8,L,2800,-1500,494,0,0
8,L,2800,-1500,495,0,0
8,L,2800,-1500,496,0,0
8,L,2800,-1500,497,0,0
8,L,2800,-1500,498,0,0
8,L,2800,-1500,499,0,0
9,L,2800,-1700,0,0,0
9,L,2800,-1700,1,1,0
9,L,2800,-1700,2,3,0
9,L,2800,-1700,3,5,0
9,L,2800,-1700,4,8,0
9,L,2800,-1700,5,8,0
9,L,2800,-1700,6,11,0
9,L,2800,-1700,7,13,0
9,L,2800,-1700,8,15,0
9,L,2800,-1700,9,14,0
9,L,2800,-1700,10,18,0
9,L,2800,-1700,11,18,0
9,L,2800,-1700,12,19,0
9,L,2800,-1700,13,21,0
9,L,2800,-1700,14,22,0
9,L,2800,-1700,15,22,0
9,L,2800,-1700,16,23,0
9,L,2800,-1700,17,24,0
9,L,2800,-1700,18,24,0
9,L,2800,-1700,19,25,0
9,L,2800,-1700,20,27,0
9,L,2800,-1700,21,25,0
9,L,2800,-1700,22,28,0
9,L,2800,-1700,23,27,0
9,L,2800,-1700,24,28,0
9,L,2800,-1700,25,28,0
9,L,2800,-1700,26,29,0
9,L,2800,-1700,27,30,0
9,L,2800,-1700,28,29,0
9,L,2800,-1700,29,30,0
9,L,2800,-1700,30,30,0
9,L,2800,-1700,31,31,0
9,L,2800,-1700,32,31,0
9,L,2800,-1700,33,31,0
9,L,2800,-1700,34,32,0
9,L,2800,-1700,35,32,0
9,L,2800,-1700,36,31,0
9,L,2800,-1700,37,33,0
9,L,2800,-1700,38,32,0
9,L,2800,-1700,39,33,0
9,L,2800,-1700,40,33,0
9,L,2800,-1700,41,33,0
9,L,2800,-1700,42,33,0
9,L,2800,-1700,43,34,0
9,L,2800,-1700,44,33,0
9,L,2800,-1700,45,35,0
9,L,2800,-1700,46,33,0
9,L,2800,-1700,47,35,0
9,L,2800,-1700,48,34,0
9,L,2800,-1700,49,34,0
9,L,2800,-1700,50,34,0
9,L,2800,-1700,51,35,0
9,L,2800,-1700,52,35,0
9,L,2800,-1700,53,35,0
9,L,2800,-1700,54,35,0
9,L,2800,-1700,55,35,0
9,L,2800,-1700,56,35,0
9,L,2800,-1700,57,36,0
9,L,2800,-1700,58,34,0
9,L,2800,-1700,59,36,0
9,L,2800,-1700,60,35,0
9,L,2800,-1700,61,36,0
9,L,2800,-1700,62,36,0
9,L,2800,-1700,63,36,0
9,L,2800,-1700,64,35,0
9,L,2800,-1700,65,36,0
9,L,2800,-1700,66,36,0
9,L,2800,-1700,67,36,0
9,L,2800,-1700,68,36,0
9,L,2800,-1700,69,36,0
9,L,2800,-1700,70,36,0
9,L,2800,-1700,71,36,0
9,L,2800,-1700,72,36,0
9,L,2800,-1700,73,37,0
9,L,2800,-1700,74,36,0
9,L,2800,-1700,75,36,0
9,L,2800,-1700,76,36,0
9,L,2800,-1700,77,36,0
9,L,2800,-1700,78,37,0
9,L,2800,-1700,79,36,0
9,L,2800,-1700,80,36,0
9,L,2800,-1700,81,36,0
9,L,2800,-1700,82,38,0
9,L,2800,-1700,83,36,0
9,L,2800,-1700,84,37,0
9,L,2800,-1700,85,36,0
9,L,2800,-1700,86,36,0
9,L,2800,-1700,87,37,0
9,L,2800,-1700,88,36,0
9,L,2800,-1700,89,38,0
9,L,2800,-1700,90,36,0
9,L,2800,-1700,91,37,0
9,L,2800,-1700,92,36,0
9,L,2800,-1700,93,37,0
9,L,2800,-1700,94,36,0
9,L,2800,-1700,95,38,0
9,L,2800,-1700,96,37,0
9,L,2800,-1700,97,36,0
9,L,2800,-1700,98,36,0
9,L,2800,-1700,99,37,0
9,L,2800,-1700,100,37,0
9,L,2800,-1700,101,37,0
9,L,2800,-1700,102,37,0
9,L,2800,-1700,103,36,0
9,L,2800,-1700,104,37,0
9,L,2800,-1700,105,37,0
9,L,2800,-1700,106,37,0
9,L,2800,-1700,107,37,0
9,L,2800,-1700,108,36,0
9,L,2800,-1700,109,37,0
9,L,2800,-1700,110,37,0
9,L,2800,-1700,111,37,0
9,L,2800,-1700,112,37,0
9,L,2800,-1700,113,36,0
9,L,2800,-1700,114,37,0
9,L,2800,-1700,115,38,0
9,L,2800,-1700,116,36,0
9,L,2800,-1700,117,37,0
9,L,2800,-1700,118,37,0
9,L,2800,-1700,119,36,0
9,L,2800,-1700,120,38,0
9,L,2800,-1700,121,37,0
9,L,2800,-1700,122,36,0
9,L,2800,-1700,123,37,0
9,L,2800,-1700,124,38,0
9,L,2800,-1700,125,36,0
9,L,2800,-1700,126,37,0
9,L,2800,-1700,127,37,0
9,L,2800,-1700,128,37,0
9,L,2800,-1700,129,37,0
9,L,2800,-1700,130,37,0
9,L,2800,-1700,131,37,0
9,L,2800,-1700,132,37,0
9,L,2800,-1700,133,37,0
9,L,2800,-1700,134,37,0
9,L,2800,-1700,135,37,0
9,L,2800,-1700,136,36,0
9,L,2800,-1700,137,38,0
9,L,2800,-1700,138,37,0
9,L,2800,-1700,139,37,0
9,L,2800,-1700,140,36,0
9,L,2800,-1700,141,38,0
9,L,2800,-1700,142,37,0
9,L,2800,-1700,143,37,0
9,L,2800,-1700,144,36,0
9,L,2800,-1700,145,38,0
9,L,2800,-1700,146,37,0
9,L,2800,-1700,147,37,0
9,L,2800,-1700,148,36,0
9,L,2800,-1700,149,38,0
9,L,2800,-1700,150,37,0
9,L,2800,-1700,151,37,0
9,L,2800,-1700,152,37,0
9,L,2800,-1700,153,37,0
9,L,2800,-1700,154,37,0
9,L,2800,-1700,155,37,0
9,L,2800,-1700,156,37,0
9,L,2800,-1700,157,37,0
9,L,2800,-1700,158,36,0
9,L,2800,-1700,159,37,0
9,L,2800,-1700,160,38,0
9,L,2800,-1700,161,37,0
9,L,2800,-1700,162,36,0
9,L,2800,-1700,163,37,0
9,L,2800,-1700,164,38,0
9,L,2800,-1700,165,37,0
9,L,2800,-1700,166,37,0
9,L,2800,-1700,167,37,0
9,L,2800,-1700,168,37,0
9,L,2800,-1700,169,37,0
9,L,2800,-1700,170,37,0
9,L,2800,-1700,171,38,0
9,L,2800,-1700,172,37,0
9,L,2800,-1700,173,36,0
9,L,2800,-1700,174,37,0
9,L,2800,-1700,175,38,0
9,L,2800,-1700,176,37,0
9,L,2800,-1700,177,37,0
9,L,2800,-1700,178,37,0
9,L,2800,-1700,179,37,0
9,L,2800,-1700,180,37,0
9,L,2800,-1700,181,37,0
9,L,2800,-1700,182,38,0
9,L,2800,-1700,183,37,0
9,L,2800,-1700,184,36,0
9,L,2800,-1700,185,37,0
9,L,2800,-1700,186,38,0
9,L,2800,-1700,187,37,0
9,L,2800,-1700,188,37,0
9,L,2800,-1700,189,38,0
9,L,2800,-1700,190,37,0
9,L,2800,-1700,191,36,0
9,L,2800,-1700,192,37,0
9,L,2800,-1700,193,38,0
9,L,2800,-1700,194,37,0
9,L,2800,-1700,195,37,0
9,L,2800,-1700,196,38,0
9,L,2800,-1700,197,36,0
9,L,2800,-1700,198,37,0
9,L,2800,-1700,199,37,0
9,L,2800,-1700,200,38,0
9,L,2800,-1700,201,36,0
9,L,2800,-1700,202,35,0
9,L,2800,-1700,203,33,0
9,L,2800,-1700,204,30,0
9,L,2800,-1700,205,30,0
9,L,2800,-1700,206,27,0
9,L,2800,-1700,207,26,0
9,L,2800,-1700,208,24,0
9,L,2800,-1700,209,23,0
9,L,2800,-1700,210,21,0
9,L,2800,-1700,211,20,0
9,L,2800,-1700,212,18,0
9,L,2800,-1700,213,17,0
9,L,2800,-1700,214,15,0
9,L,2800,-1700,215,14,0
9,L,2800,-1700,216,13,0
9,L,2800,-1700,217,12,0
9,L,2800,-1700,218,11,0
9,L,2800,-1700,219,9,0
9,L,2800,-1700,220,9,0
9,L,2800,-1700,221,6,0
9,L,2800,-1700,222,7,0
9,L,2800,-1700,223,7,0
9,L,2800,-1700,224,4,0
9,L,2800,-1700,225,5,0
9,L,2800,-1700,226,3,0
9,L,2800,-1700,227,4,0
9,L,2800,-1700,228,1,0
9,L,2800,-1700,229,3,0
9,L,2800,-1700,230,1,0
9,L,2800,-1700,231,0,0
9,L,2800,-1700,232,0,0
9,L,2800,-1700,233,0,0
9,L,2800,-1700,234,0,0
9,L,2800,-1700,235,-1,0
9,L,2800,-1700,236,-2,0
9,L,2800,-1700,237,-2,0
9,L,2800,-1700,238,-2,0
9,L,2800,-1700,239,-2,0
9,L,2800,-1700,240,-2,0
9,L,2800,-1700,241,-2,0
9,L,2800,-1700,242,-3,0
9,L,2800,-1700,243,-4,0
9,L,2800,-1700,244,-3,0
9,L,2800,-1700,245,-2,0
9,L,2800,-1700,246,-4,0
9,L,2800,-1700,247,-4,0
9,L,2800,-1700,248,-3,0
9,L,2800,-1700,249,-4,0
9,L,2800,-1700,250,-4,0
9,L,2800,-1700,251,-4,0
9,L,2800,-1700,252,-4,0
9,L,2800,-1700,253,-4,0
9,L,2800,-1700,254,-5,0
9,L,2800,-1700,255,-4,0
9,L,2800,-1700,256,-5,0
9,L,2800,-1700,257,-5,0
9,L,2800,-1700,258,-4,0
9,L,2800,-1700,259,-5,0
9,L,2800,-1700,260,-5,0
9,L,2800,-1700,261,-5,0
9,L,2800,-1700,262,-5,0
9,L,2800,-1700,263,-5,0
9,L,2800,-1700,264,-5,0
9,L,2800,-1700,265,-6,0
9,L,2800,-1700,266,-5,0
9,L,2800,-1700,267,-5,0
9,L,2800,-1700,268,-6,0
9,L,2800,-1700,269,-5,0
9,L,2800,-1700,270,-6,0
9,L,2800,-1700,271,-6,0
9,L,2800,-1700,272,-5,0
9,L,2800,-1700,273,-6,0
9,L,2800,-1700,274,-5,0
9,L,2800,-1700,275,-6,0
9,L,2800,-1700,276,-6,0
9,L,2800,-1700,277,-6,0
9,L,2800,-1700,278,-6,0
9,L,2800,-1700,279,-6,0
9,L,2800,-1700,280,-6,0
9,L,2800,-1700,281,-5,0
9,L,2800,-1700,282,-7,0
9,L,2800,-1700,283,-6,0
9,L,2800,-1700,284,-6,0
9,L,2800,-1700,285,-6,0
9,L,2800,-1700,286,-6,0
9,L,2800,-1700,287,-7,0
9,L,2800,-1700,288,-6,0
9,L,2800,-1700,289,-6,0
9,L,2800,-1700,290,-6,0
9,L,2800,-1700,291,-7,0
9,L,2800,-1700,292,-6,0
9,L,2800,-1700,293,-6,0
9,L,2800,-1700,294,-7,0
9,L,2800,-1700,295,-6,0
9,L,2800,-1700,296,-7,0
9,L,2800,-1700,297,-6,0
9,L,2800,-1700,298,-6,0
9,L,2800,-1700,299,-7,0
9,L,2800,-1700,300,-6,0
9,L,2800,-1700,301,-7,0
9,L,2800,-1700,302,-7,0
9,L,2800,-1700,303,-6,0
9,L,2800,-1700,304,-7,0
9,L,2800,-1700,305,-7,0
9,L,2800,-1700,306,-6,0
9,L,2800,-1700,307,-7,0
9,L,2800,-1700,308,-7,0
9,L,2800,-1700,309,-6,0
9,L,2800,-1700,310,-7,0
9,L,2800,-1700,311,-7,0
9,L,2800,-1700,312,-6,0
9,L,2800,-1700,313,-7,0
9,L,2800,-1700,314,-7,0
9,L,2800,-1700,315,-6,0
9,L,2800,-1700,316,-7,0
9,L,2800,-1700,317,-7,0
9,L,2800,-1700,318,-6,0
9,L,2800,-1700,319,-7,0
9,L,2800,-1700,320,-7,0
9,L,2800,-1700,321,-7,0
9,L,2800,-1700,322,-7,0
9,L,2800,-1700,323,-7,0
9,L,2800,-1700,324,-7,0
9,L,2800,-1700,325,-6,0
9,L,2800,-1700,326,-7,0
9,L,2800,-1700,327,-7,0
9,L,2800,-1700,328,-6,0
9,L,2800,-1700,329,-7,0
9,L,2800,-1700,330,-8,0
9,L,2800,-1700,331,-7,0
9,L,2800,-1700,332,-6,0
9,L,2800,-1700,333,-7,0
9,L,2800,-1700,334,-7,0
9,L,2800,-1700,335,-7,0
9,L,2800,-1700,336,-7,0
9,L,2800,-1700,337,-7,0
9,L,2800,-1700,338,-7,0
9,L,2800,-1700,339,-7,0
9,L,2800,-1700,340,-7,0
9,L,2800,-1700,341,-7,0
9,L,2800,-1700,342,-7,0
9,L,2800,-1700,343,-6,0
9,L,2800,-1700,344,-7,0
9,L,2800,-1700,345,-8,0
9,L,2800,-1700,346,-7,0
9,L,2800,-1700,347,-6,0
9,L,2800,-1700,348,-7,0
9,L,2800,-1700,349,-8,0
9,L,2800,-1700,350,-7,0
9,L,2800,-1700,351,-6,0
9,L,2800,-1700,352,-7,0
9,L,2800,-1700,353,-8,0
9,L,2800,-1700,354,-7,0
9,L,2800,-1700,355,-6,0
9,L,2800,-1700,356,-7,0
9,L,2800,-1700,357,-8,0
9,L,2800,-1700,358,-7,0
9,L,2800,-1700,359,-6,0
9,L,2800,-1700,360,-7,0
9,L,2800,-1700,361,-8,0
9,L,2800,-1700,362,-7,0
9,L,2800,-1700,363,-6,0
9,L,2800,-1700,364,-8,0
9,L,2800,-1700,365,-7,0
9,L,2800,-1700,366,-7,0
9,L,2800,-1700,367,-6,0
9,L,2800,-1700,368,-8,0
9,L,2800,-1700,369,-7,0
9,L,2800,-1700,370,-7,0
9,L,2800,-1700,371,-7,0
9,L,2800,-1700,372,-7,0
9,L,2800,-1700,373,-7,0
9,L,2800,-1700,374,-7,0
9,L,2800,-1700,375,-7,0
9,L,2800,-1700,376,-7,0
9,L,2800,-1700,377,-7,0
9,L,2800,-1700,378,-7,0
9,L,2800,-1700,379,-8,0
9,L,2800,-1700,380,-6,0
9,L,2800,-1700,381,-7,0
9,L,2800,-1700,382,-8,0
9,L,2800,-1700,383,-7,0
9,L,2800,-1700,384,-6,0
9,L,2800,-1700,385,-8,0
9,L,2800,-1700,386,-7,0
9,L,2800,-1700,387,-7,0
9,L,2800,-1700,388,-7,0
9,L,2800,-1700,389,-7,0
9,L,2800,-1700,390,-7,0
9,L,2800,-1700,391,-7,0
9,L,2800,-1700,392,-8,0
9,L,2800,-1700,393,-6,0
9,L,2800,-1700,394,-7,0
9,L,2800,-1700,395,-8,0
9,L,2800,-1700,396,-7,0
9,L,2800,-1700,397,-6,0
9,L,2800,-1700,398,-8,0
9,L,2800,-1700,399,-7,0
9,L,2800,-1700,400,-7,0
9,L,2800,-1700,401,-8,0
9,L,2800,-1700,402,-6,0
9,L,2800,-1700,403,-7,0
9,L,2800,-1700,404,-7,0
9,L,2800,-1700,405,-6,0
9,L,2800,-1700,406,-7,0
9,L,2800,-1700,407,-7,0
9,L,2800,-1700,408,-6,0
9,L,2800,-1700,409,-7,0
9,L,2800,-1700,410,-5,0
9,L,2800,-1700,411,-7,0
9,L,2800,-1700,412,-6,0
9,L,2800,-1700,413,-6,0
9,L,2800,-1700,414,-6,0
9,L,2800,-1700,415,-6,0
9,L,2800,-1700,416,-5,0
9,L,2800,-1700,417,-7,0
9,L,2800,-1700,418,-5,0
9,L,2800,-1700,419,-6,0
9,L,2800,-1700,420,-5,0
9,L,2800,-1700,421,-5,0
9,L,2800,-1700,422,-6,0
9,L,2800,-1700,423,-5,0
9,L,2800,-1700,424,-5,0
9,L,2800,-1700,425,-6,0
9,L,2800,-1700,426,-5,0
9,L,2800,-1700,427,-4,0
9,L,2800,-1700,428,-5,0
9,L,2800,-1700,429,-5,0
9,L,2800,-1700,430,-5,0
9,L,2800,-1700,431,-5,0
9,L,2800,-1700,432,-4,0
9,L,2800,-1700,433,-5,0
9,L,2800,-1700,434,-4,0
9,L,2800,-1700,435,-4,0
9,L,2800,-1700,436,-4,0
9,L,2800,-1700,437,-5,0
9,L,2800,-1700,438,-4,0
9,L,2800,-1700,439,-5,0
9,L,2800,-1700,440,-4,0
9,L,2800,-1700,441,-4,0
9,L,2800,-1700,442,-4,0
9,L,2800,-1700,443,-3,0
9,L,2800,-1700,444,-4,0
9,L,2800,-1700,445,-3,0
9,L,2800,-1700,446,-4,0
9,L,2800,-1700,447,-4,0
9,L,2800,-1700,448,-3,0
9,L,2800,-1700,449,-4,0
9,L,2800,-1700,450,-3,0
9,L,2800,-1700,451,-3,0
9,L,2800,-1700,452,-3,0
9,L,2800,-1700,453,-3,0
9,L,2800,-1700,454,-4,0
9,L,2800,-1700,455,-3,0
9,L,2800,-1700,456,-2,0
9,L,2800,-1700,457,-3,0
9,L,2800,-1700,458,-4,0
9,L,2800,-1700,459,-3,0
9,L,2800,-1700,460,-2,0
9,L,2800,-1700,461,-3,0
9,L,2800,-1700,462,-3,0
9,L,2800,-1700,463,-1,0
9,L,2800,-1700,464,-3,0
9,L,2800,-1700,465,-2,0
9,L,2800,-1700,466,-3,0
9,L,2800,-1700,467,-2,0
9,L,2800,-1700,468,-2,0
9,L,2800,-1700,469,-3,0
9,L,2800,-1700,470,-1,0
9,L,2800,-1700,471,-3,0
9,L,2800,-1700,472,-1,0
9,L,2800,-1700,473,-3,0
9,L,2800,-1700,474,-1,0
9,L,2800,-1700,475,-3,0
9,L,2800,-1700,476,-1,0
9,L,2800,-1700,477,-1,0
9,L,2800,-1700,478,-3,0
9,L,2800,-1700,479,-1,0
9,L,2800,-1700,480,-2,0
9,L,2800,-1700,481,-1,0
9,L,2800,-1700,482,-1,0
9,L,2800,-1700,483,-2,0
9,L,2800,-1700,484,-1,0
9,L,2800,-1700,485,-1,0
9,L,2800,-1700,486,-2,0
9,L,2800,-1700,487,-1,0
9,L,2800,-1700,488,0,0
9,L,2800,-1700,489,-1,0
9,L,2800,-1700,490,-2,0
9,L,2800,-1700,491,-1,0
9,L,2800,-1700,492,0,0
9,L,2800,-1700,493,-1,0
9,L,2800,-1700,494,-1,0
9,L,2800,-1700,495,-1,0
9,L,2800,-1700,496,-1,0
9,L,2800,-1700,497,0,0
9,L,2800,-1700,498,0,0
9,L,2800,-1700,499,-1,0
10,L,2800,-2000,0,0,0
10,L,2800,-2000,1,0,0
10,L,2800,-2000,2,2,0
10,L,2800,-2000,3,6,0
10,L,2800,-2000,4,8,0
10,L,2800,-2000,5,8,0
10,L,2800,-2000,6,12,0
10,L,2800,-2000,7,12,0
10,L,2800,-2000,8,14,0
10,L,2800,-2000,9,16,0
10,L,2800,-2000,10,16,0
10,L,2800,-2000,11,19,0
10,L,2800,-2000,12,20,0
10,L,2800,-2000,13,20,0
10,L,2800,-2000,14,21,0
10,L,2800,-2000,15,23,0
10,L,2800,-2000,16,23,0
10,L,2800,-2000,17,24,0
10,L,2800,-2000,18,25,0
10,L,2800,-2000,19,24,0
10,L,2800,-2000,20,27,0
10,L,2800,-2000,21,26,0
10,L,2800,-2000,22,27,0
10,L,2800,-2000,23,28,0
10,L,2800,-2000,24,28,0
10,L,2800,-2000,25,28,0
10,L,2800,-2000,26,29,0
10,L,2800,-2000,27,29,0
10,L,2800,-2000,28,30,0
10,L,2800,-2000,29,30,0
10,L,2800,-2000,30,30,0
10,L,2800,-2000,31,31,0
10,L,2800,-2000,32,32,0
10,L,2800,-2000,33,30,0
10,L,2800,-2000,34,32,0
10,L,2800,-2000,35,32,0
10,L,2800,-2000,36,32,0
10,L,2800,-2000,37,32,0
10,L,2800,-2000,38,33,0
10,L,2800,-2000,39,33,0
10,L,2800,-2000,40,33,0
10,L,2800,-2000,41,33,0
10,L,2800,-2000,42,34,0
10,L,2800,-2000,43,33,0
10,L,2800,-2000,44,33,0
10,L,2800,-2000,45,35,0
10,L,2800,-2000,46,33,0
10,L,2800,-2000,47,35,0
10,L,2800,-2000,48,35,0
10,L,2800,-2000,49,34,0
10,L,2800,-2000,50,35,0
10,L,2800,-2000,51,34,0
10,L,2800,-2000,52,35,0
10,L,2800,-2000,53,35,0
10,L,2800,-2000,54,35,0
10,L,2800,-2000,55,36,0
10,L,2800,-2000,56,34,0
10,L,2800,-2000,57,35,0
10,L,2800,-2000,58,36,0
10,L,2800,-2000,59,35,0
10,L,2800,-2000,60,36,0
10,L,2800,-2000,61,36,0
10,L,2800,-2000,62,35,0
10,L,2800,-2000,63,35,0
10,L,2800,-2000,64,36,0
10,L,2800,-2000,65,36,0
10,L,2800,-2000,66,36,0
10,L,2800,-2000,67,36,0
10,L,2800,-2000,68,36,0
10,L,2800,-2000,69,36,0
10,L,2800,-2000,70,36,0
10,L,2800,-2000,71,37,0
10,L,2800,-2000,72,36,0
10,L,2800,-2000,73,37,0
10,L,2800,-2000,74,36,0
10,L,2800,-2000,75,36,0
10,L,2800,-2000,76,36,0
10,L,2800,-2000,77,37,0
10,L,2800,-2000,78,36,0
10,L,2800,-2000,79,36,0
10,L,2800,-2000,80,37,0
10,L,2800,-2000,81,36,0
10,L,2800,-2000,82,37,0
10,L,2800,-2000,83,37,0
10,L,2800,-2000,84,36,0
10,L,2800,-2000,85,37,0
10,L,2800,-2000,86,36,0
10,L,2800,-2000,87,37,0
10,L,2800,-2000,88,36,0
10,L,2800,-2000,89,37,0
10,L,2800,-2000,90,37,0
10,L,2800,-2000,91,37,0
10,L,2800,-2000,92,36,0
10,L,2800,-2000,93,37,0
10,L,2800,-2000,94,37,0
10,L,2800,-2000,95,37,0
10,L,2800,-2000,96,36,0
10,L,2800,-2000,97,37,0
10,L,2800,-2000,98,37,0
10,L,2800,-2000,99,37,0
10,L,2800,-2000,100,37,0
10,L,2800,-2000,101,37,0
10,L,2800,-2000,102,36,0
10,L,2800,-2000,103,37,0
10,L,2800,-2000,104,38,0
10,L,2800,-2000,105,36,0
10,L,2800,-2000,106,37,0
10,L,2800,-2000,107,37,0
10,L,2800,-2000,108,36,0
10,L,2800,-2000,109,38,0
10,L,2800,-2000,110,37,0
10,L,2800,-2000,111,36,0
10,L,2800,-2000,112,37,0
10,L,2800,-2000,113,38,0
10,L,2800,-2000,114,37,0
10,L,2800,-2000,115,36,0
10,L,2800,-2000,116,39,0
10,L,2800,-2000,117,36,0
10,L,2800,-2000,118,37,0
10,L,2800,-2000,119,36,0
10,L,2800,-2000,120,37,0
10,L,2800,-2000,121,38,0
10,L,2800,-2000,122,37,0
10,L,2800,-2000,123,36,0
10,L,2800,-2000,124,37,0
10,L,2800,-2000,125,38,0
10,L,2800,-2000,126,37,0
10,L,2800,-2000,127,37,0
10,L,2800,-2000,128,36,0
10,L,2800,-2000,129,38,0
10,L,2800,-2000,130,37,0
10,L,2800,-2000,131,37,0
10,L,2800,-2000,132,37,0
10,L,2800,-2000,133,37,0
10,L,2800,-2000,134,37,0
10,L,2800,-2000,135,37,0
10,L,2800,-2000,136,38,0
10,L,2800,-2000,137,37,0
10,L,2800,-2000,138,36,0
10,L,2800,-2000,139,37,0
10,L,2800,-2000,140,38,0
10,L,2800,-2000,141,37,0
10,L,2800,-2000,142,37,0
10,L,2800,-2000,143,37,0
10,L,2800,-2000,144,38,0
10,L,2800,-2000,145,36,0
10,L,2800,-2000,146,37,0
10,L,2800,-2000,147,38,0
10,L,2800,-2000,148,37,0
10,L,2800,-2000,149,37,0
10,L,2800,-2000,150,38,0
10,L,2800,-2000,151,36,0
10,L,2800,-2000,152,37,0
10,L,2800,-2000,153,37,0
10,L,2800,-2000,154,38,0
10,L,2800,-2000,155,37,0
10,L,2800,-2000,156,37,0
10,L,2800,-2000,157,37,0
10,L,2800,-2000,158,37,0
10,L,2800,-2000,159,37,0
10,L,2800,-2000,160,37,0
10,L,2800,-2000,161,38,0
10,L,2800,-2000,162,37,0
10,L,2800,-2000,163,37,0
10,L,2800,-2000,164,38,0
10,L,2800,-2000,165,37,0
10,L,2800,-2000,166,37,0
10,L,2800,-2000,167,37,0
10,L,2800,-2000,168,37,0
10,L,2800,-2000,169,37,0
10,L,2800,-2000,170,37,0
10,L,2800,-2000,171,38,0
10,L,2800,-2000,172,37,0
10,L,2800,-2000,173,37,0
10,L,2800,-2000,174,38,0
10,L,2800,-2000,175,37,0
10,L,2800,-2000,176,37,0
10,L,2800,-2000,177,38,0
10,L,2800,-2000,178,36,0
10,L,2800,-2000,179,37,0
10,L,2800,-2000,180,37,0
10,L,2800,-2000,181,38,0
10,L,2800,-2000,182,37,0
10,L,2800,-2000,183,37,0
10,L,2800,-2000,184,38,0
10,L,2800,-2000,185,37,0
10,L,2800,-2000,186,37,0
10,L,2800,-2000,187,38,0
10,L,2800,-2000,188,37,0
10,L,2800,-2000,189,36,0
10,L,2800,-2000,190,38,0
10,L,2800,-2000,191,37,0
10,L,2800,-2000,192,37,0
10,L,2800,-2000,193,37,0
10,L,2800,-2000,194,38,0
10,L,2800,-2000,195,37,0
10,L,2800,-2000,196,37,0
10,L,2800,-2000,197,38,0
10,L,2800,-2000,198,37,0
10,L,2800,-2000,199,37,0
10,L,2800,-2000,200,37,0
10,L,2800,-2000,201,37,0
10,L,2800,-2000,202,33,0
10,L,2800,-2000,203,32,0
10,L,2800,-2000,204,31,0
10,L,2800,-2000,205,27,0
10,L,2800,-2000,206,25,0
10,L,2800,-2000,207,24,0
10,L,2800,-2000,208,21,0
10,L,2800,-2000,209,20,0
10,L,2800,-2000,210,17,0
10,L,2800,-2000,211,15,0
10,L,2800,-2000,212,15,0
10,L,2800,-2000,213,12,0
10,L,2800,-2000,214,9,0
10,L,2800,-2000,215,9,0
10,L,2800,-2000,216,7,0
10,L,2800,-2000,217,5,0
10,L,2800,-2000,218,4,0
10,L,2800,-2000,219,3,0
10,L,2800,-2000,220,2,0
10,L,2800,-2000,221,0,0
10,L,2800,-2000,222,-1,0
10,L,2800,-2000,223,-2,0
10,L,2800,-2000,224,-3,0
10,L,2800,-2000,225,-4,0
10,L,2800,-2000,226,-4,0
10,L,2800,-2000,227,-5,0
10,L,2800,-2000,228,-6,0
10,L,2800,-2000,229,-6,0
10,L,2800,-2000,230,-7,0
10,L,2800,-2000,231,-7,0
10,L,2800,-2000,232,-8,0
10,L,2800,-2000,233,-8,0
10,L,2800,-2000,234,-8,0
10,L,2800,-2000,235,-9,0
10,L,2800,-2000,236,-9,0
10,L,2800,-2000,237,-9,0
10,L,2800,-2000,238,-10,0
10,L,2800,-2000,239,-9,0
10,L,2800,-2000,240,-11,0
10,L,2800,-2000,241,-10,0
10,L,2800,-2000,242,-10,0
10,L,2800,-2000,243,-11,0
10,L,2800,-2000,244,-12,0
10,L,2800,-2000,245,-10,0
10,L,2800,-2000,246,-12,0
10,L,2800,-2000,247,-11,0
10,L,2800,-2000,248,-12,0
10,L,2800,-2000,249,-12,0
10,L,2800,-2000,250,-12,0
10,L,2800,-2000,251,-12,0
10,L,2800,-2000,252,-12,0
10,L,2800,-2000,253,-12,0
10,L,2800,-2000,254,-13,0
10,L,2800,-2000,255,-12,0
10,L,2800,-2000,256,-13,0
10,L,2800,-2000,257,-13,0
10,L,2800,-2000,258,-13,0
10,L,2800,-2000,259,-12,0
10,L,2800,-2000,260,-13,0
10,L,2800,-2000,261,-14,0
10,L,2800,-2000,262,-13,0
10,L,2800,-2000,263,-13,0
10,L,2800,-2000,264,-14,0
10,L,2800,-2000,265,-13,0
10,L,2800,-2000,266,-13,0
10,L,2800,-2000,267,-14,0
10,L,2800,-2000,268,-14,0
10,L,2800,-2000,269,-13,0
10,L,2800,-2000,270,-14,0
10,L,2800,-2000,271,-13,0
10,L,2800,-2000,272,-15,0
10,L,2800,-2000,273,-13,0
10,L,2800,-2000,274,-15,0
10,L,2800,-2000,275,-13,0
10,L,2800,-2000,276,-15,0
10,L,2800,-2000,277,-13,0
10,L,2800,-2000,278,-15,0
10,L,2800,-2000,279,-13,0
10,L,2800,-2000,280,-15,0
10,L,2800,-2000,281,-14,0
10,L,2800,-2000,282,-14,0
10,L,2800,-2000,283,-15,0
10,L,2800,-2000,284,-14,0
10,L,2800,-2000,285,-14,0
10,L,2800,-2000,286,-15,0
10,L,2800,-2000,287,-14,0
10,L,2800,-2000,288,-15,0
10,L,2800,-2000,289,-14,0
10,L,2800,-2000,290,-15,0
10,L,2800,-2000,291,-14,0
10,L,2800,-2000,292,-15,0
10,L,2800,-2000,293,-14,0
10,L,2800,-2000,294,-15,0
10,L,2800,-2000,295,-14,0
10,L,2800,-2000,296,-15,0
10,L,2800,-2000,297,-14,0
10,L,2800,-2000,298,-15,0
10,L,2800,-2000,299,-16,0
10,L,2800,-2000,300,-13,0
10,L,2800,-2000,301,-16,0
10,L,2800,-2000,302,-15,0
10,L,2800,-2000,303,-14,0
10,L,2800,-2000,304,-15,0
10,L,2800,-2000,305,-15,0
10,L,2800,-2000,306,-15,0
10,L,2800,-2000,307,-14,0
10,L,2800,-2000,308,-15,0
10,L,2800,-2000,309,-15,0
10,L,2800,-2000,310,-15,0
10,L,2800,-2000,311,-15,0
10,L,2800,-2000,312,-15,0
10,L,2800,-2000,313,-15,0
10,L,2800,-2000,314,-14,0
10,L,2800,-2000,315,-15,0
10,L,2800,-2000,316,-15,0
10,L,2800,-2000,317,-15,0
10,L,2800,-2000,318,-15,0
10,L,2800,-2000,319,-15,0
10,L,2800,-2000,320,-15,0
10,L,2800,-2000,321,-15,0
10,L,2800,-2000,322,-15,0
10,L,2800,-2000,323,-15,0
10,L,2800,-2000,324,-15,0
10,L,2800,-2000,325,-15,0
10,L,2800,-2000,326,-15,0
10,L,2800,-2000,327,-15,0
10,L,2800,-2000,328,-15,0
10,L,2800,-2000,329,-15,0
10,L,2800,-2000,330,-15,0
10,L,2800,-2000,331,-15,0
10,L,2800,-2000,332,-15,0
10,L,2800,-2000,333,-15,0
10,L,2800,-2000,334,-15,0
10,L,2800,-2000,335,-15,0
10,L,2800,-2000,336,-15,0
10,L,2800,-2000,337,-16,0
10,L,2800,-2000,338,-14,0
10,L,2800,-2000,339,-15,0
10,L,2800,-2000,340,-16,0
10,L,2800,-2000,341,-15,0
10,L,2800,-2000,342,-14,0
10,L,2800,-2000,343,-16,0
10,L,2800,-2000,344,-15,0
10,L,2800,-2000,345,-15,0
10,L,2800,-2000,346,-15,0
10,L,2800,-2000,347,-15,0
10,L,2800,-2000,348,-15,0
10,L,2800,-2000,349,-15,0
10,L,2800,-2000,350,-16,0
10,L,2800,-2000,351,-14,0
10,L,2800,-2000,352,-15,0
10,L,2800,-2000,353,-16,0
10,L,2800,-2000,354,-15,0
10,L,2800,-2000,355,-15,0
10,L,2800,-2000,356,-15,0
10,L,2800,-2000,357,-15,0
10,L,2800,-2000,358,-15,0
10,L,2800,-2000,359,-16,0
10,L,2800,-2000,360,-16,0
10,L,2800,-2000,361,-14,0
10,L,2800,-2000,362,-15,0
10,L,2800,-2000,363,-15,0
10,L,2800,-2000,364,-16,0
10,L,2800,-2000,365,-14,0
10,L,2800,-2000,366,-16,0
10,L,2800,-2000,367,-15,0
10,L,2800,-2000,368,-15,0
10,L,2800,-2000,369,-16,0
10,L,2800,-2000,370,-14,0
10,L,2800,-2000,371,-15,0
10,L,2800,-2000,372,-16,0
10,L,2800,-2000,373,-15,0
10,L,2800,-2000,374,-16,0
10,L,2800,-2000,375,-14,0
10,L,2800,-2000,376,-15,0
10,L,2800,-2000,377,-16,0
10,L,2800,-2000,378,-15,0
10,L,2800,-2000,379,-16,0
10,L,2800,-2000,380,-14,0
10,L,2800,-2000,381,-16,0
10,L,2800,-2000,382,-15,0
10,L,2800,-2000,383,-15,0
10,L,2800,-2000,384,-16,0
10,L,2800,-2000,385,-14,0
10,L,2800,-2000,386,-16,0
10,L,2800,-2000,387,-15,0
10,L,2800,-2000,388,-15,0
10,L,2800,-2000,389,-16,0
10,L,2800,-2000,390,-14,0
10,L,2800,-2000,391,-16,0
10,L,2800,-2000,392,-15,0
10,L,2800,-2000,393,-16,0
10,L,2800,-2000,394,-15,0
10,L,2800,-2000,395,-15,0
10,L,2800,-2000,396,-15,0
10,L,2800,-2000,397,-15,0
10,L,2800,-2000,398,-16,0
10,L,2800,-2000,399,-15,0
10,L,2800,-2000,400,-15,0
10,L,2800,-2000,401,-15,0
10,L,2800,-2000,402,-15,0
10,L,2800,-2000,403,-16,0
10,L,2800,-2000,404,-14,0
10,L,2800,-2000,405,-15,0
10,L,2800,-2000,406,-15,0
10,L,2800,-2000,407,-14,0
10,L,2800,-2000,408,-14,0
10,L,2800,-2000,409,-15,0
10,L,2800,-2000,410,-14,0
10,L,2800,-2000,411,-14,0
10,L,2800,-2000,412,-13,0
10,L,2800,-2000,413,-15,0
10,L,2800,-2000,414,-13,0
10,L,2800,-2000,415,-13,0
10,L,2800,-2000,416,-14,0
10,L,2800,-2000,417,-13,0
10,L,2800,-2000,418,-13,0
10,L,2800,-2000,419,-14,0
10,L,2800,-2000,420,-13,0
10,L,2800,-2000,421,-13,0
10,L,2800,-2000,422,-12,0
10,L,2800,-2000,423,-13,0
10,L,2800,-2000,424,-13,0
10,L,2800,-2000,425,-12,0
10,L,2800,-2000,426,-12,0
10,L,2800,-2000,427,-13,0
10,L,2800,-2000,428,-12,0
10,L,2800,-2000,429,-12,0
10,L,2800,-2000,430,-12,0
10,L,2800,-2000,431,-11,0
10,L,2800,-2000,432,-12,0
10,L,2800,-2000,433,-12,0
10,L,2800,-2000,434,-11,0
10,L,2800,-2000,435,-11,0
10,L,2800,-2000,436,-11,0
10,L,2800,-2000,437,-12,0
10,L,2800,-2000,438,-11,0
10,L,2800,-2000,439,-10,0
10,L,2800,-2000,440,-11,0
10,L,2800,-2000,441,-12,0
10,L,2800,-2000,442,-11,0
10,L,2800,-2000,443,-10,0
10,L,2800,-2000,444,-10,0
10,L,2800,-2000,445,-10,0
10,L,2800,-2000,446,-11,0
10,L,2800,-2000,447,-10,0
10,L,2800,-2000,448,-10,0
10,L,2800,-2000,449,-10,0
10,L,2800,-2000,450,-10,0
10,L,2800,-2000,451,-9,0
10,L,2800,-2000,452,-11,0
10,L,2800,-2000,453,-9,0
10,L,2800,-2000,454,-10,0
10,L,2800,-2000,455,-9,0
10,L,2800,-2000,456,-9,0
10,L,2800,-2000,457,-10,0
10,L,2800,-2000,458,-9,0
10,L,2800,-2000,459,-9,0
10,L,2800,-2000,460,-8,0
10,L,2800,-2000,461,-10,0
10,L,2800,-2000,462,-8,0
10,L,2800,-2000,463,-9,0
10,L,2800,-2000,464,-8,0
10,L,2800,-2000,465,-9,0
10,L,2800,-2000,466,-8,0
10,L,2800,-2000,467,-8,0
10,L,2800,-2000,468,-9,0
10,L,2800,-2000,469,-8,0
10,L,2800,-2000,470,-9,0
10,L,2800,-2000,471,-8,0
10,L,2800,-2000,472,-7,0
10,L,2800,-2000,473,-7,0
10,L,2800,-2000,474,-8,0
10,L,2800,-2000,475,-8,0
10,L,2800,-2000,476,-8,0
10,L,2800,-2000,477,-7,0
10,L,2800,-2000,478,-8,0
10,L,2800,-2000,479,-7,0
10,L,2800,-2000,480,-7,0
10,L,2800,-2000,481,-7,0
10,L,2800,-2000,482,-8,0
10,L,2800,-2000,483,-7,0
10,L,2800,-2000,484,-7,0
10,L,2800,-2000,485,-6,0
10,L,2800,-2000,486,-7,0
10,L,2800,-2000,487,-7,0
10,L,2800,-2000,488,-6,0
10,L,2800,-2000,489,-7,0
10,L,2800,-2000,490,-6,0
10,L,2800,-2000,491,-6,0
10,L,2800,-2000,492,-7,0
10,L,2800,-2000,493,-5,0
10,L,2800,-2000,494,-7,0
10,L,2800,-2000,495,-6,0
10,L,2800,-2000,496,-6,0
10,L,2800,-2000,497,-6,0
10,L,2800,-2000,498,-6,0
10,L,2800,-2000,499,-5,0
11,L,2800,-2800,0,0,0
11,L,2800,-2800,1,0,0
11,L,2800,-2800,2,4,0
11,L,2800,-2800,3,5,0
11,L,2800,-2800,4,7,0
11,L,2800,-2800,5,9,0
11,L,2800,-2800,6,11,0
11,L,2800,-2800,7,13,0
11,L,2800,-2800,8,14,0
11,L,2800,-2800,9,16,0
11,L,2800,-2800,10,17,0
11,L,2800,-2800,11,18,0
11,L,2800,-2800,12,19,0
11,L,2800,-2800,13,20,0
11,L,2800,-2800,14,22,0
11,L,2800,-2800,15,22,0
11,L,2800,-2800,16,23,0
11,L,2800,-2800,17,24,0
11,L,2800,-2800,18,24,0
11,L,2800,-2800,19,25,0
11,L,2800,-2800,20,26,0
11,L,2800,-2800,21,26,0
11,L,2800,-2800,22,27,0
11,L,2800,-2800,23,28,0
11,L,2800,-2800,24,28,0
11,L,2800,-2800,25,28,0
11,L,2800,-2800,26,29,0
11,L,2800,-2800,27,30,0
11,L,2800,-2800,28,29,0
11,L,2800,-2800,29,30,0
11,L,2800,-2800,30,30,0
11,L,2800,-2800,31,31,0
11,L,2800,-2800,32,31,0
11,L,2800,-2800,33,31,0
11,L,2800,-2800,34,32,0
11,L,2800,-2800,35,32,0
11,L,2800,-2800,36,32,0
11,L,2800,-2800,37,32,0
11,L,2800,-2800,38,33,0
11,L,2800,-2800,39,33,0
11,L,2800,-2800,40,33,0
11,L,2800,-2800,41,33,0
11,L,2800,-2800,42,34,0
11,L,2800,-2800,43,33,0
11,L,2800,-2800,44,33,0
11,L,2800,-2800,45,35,0
11,L,2800,-2800,46,34,0
11,L,2800,-2800,47,34,0
11,L,2800,-2800,48,35,0
11,L,2800,-2800,49,34,0
11,L,2800,-2800,50,35,0
11,L,2800,-2800,51,35,0
11,L,2800,-2800,52,34,0
11,L,2800,-2800,53,35,0
11,L,2800,-2800,54,35,0
11,L,2800,-2800,55,36,0
11,L,2800,-2800,56,34,0
11,L,2800,-2800,57,36,0
11,L,2800,-2800,58,35,0
11,L,2800,-2800,59,36,0
11,L,2800,-2800,60,36,0
11,L,2800,-2800,61,35,0
11,L,2800,-2800,62,36,0
11,L,2800,-2800,63,36,0
11,L,2800,-2800,64,36,0
11,L,2800,-2800,65,36,0
11,L,2800,-2800,66,36,0
11,L,2800,-2800,67,36,0
11,L,2800,-2800,68,36,0
11,L,2800,-2800,69,36,0
11,L,2800,-2800,70,37,0
11,L,2800,-2800,71,35,0
11,L,2800,-2800,72,36,0
11,L,2800,-2800,73,37,0
11,L,2800,-2800,74,36,0
11,L,2800,-2800,75,36,0
11,L,2800,-2800,76,36,0
11,L,2800,-2800,77,37,0
11,L,2800,-2800,78,36,0
11,L,2800,-2800,79,36,0
11,L,2800,-2800,80,37,0
11,L,2800,-2800,81,37,0
11,L,2800,-2800,82,37,0
11,L,2800,-2800,83,36,0
11,L,2800,-2800,84,37,0
11,L,2800,-2800,85,36,0
11,L,2800,-2800,86,37,0
11,L,2800,-2800,87,37,0
11,L,2800,-2800,88,37,0
11,L,2800,-2800,89,36,0
11,L,2800,-2800,90,37,0
11,L,2800,-2800,91,36,0
11,L,2800,-2800,92,38,0
11,L,2800,-2800,93,36,0
11,L,2800,-2800,94,37,0
11,L,2800,-2800,95,37,0
11,L,2800,-2800,96,37,0
11,L,2800,-2800,97,37,0
11,L,2800,-2800,98,37,0
11,L,2800,-2800,99,36,0
11,L,2800,-2800,100,37,0
11,L,2800,-2800,101,38,0
11,L,2800,-2800,102,36,0
11,L,2800,-2800,103,37,0
11,L,2800,-2800,104,37,0
11,L,2800,-2800,105,37,0
11,L,2800,-2800,106,37,0
11,L,2800,-2800,107,37,0
11,L,2800,-2800,108,37,0
11,L,2800,-2800,109,37,0
11,L,2800,-2800,110,37,0
11,L,2800,-2800,111,37,0
11,L,2800,-2800,112,37,0
11,L,2800,-2800,113,38,0
11,L,2800,-2800,114,37,0
11,L,2800,-2800,115,36,0
11,L,2800,-2800,116,37,0
11,L,2800,-2800,117,38,0
11,L,2800,-2800,118,36,0
11,L,2800,-2800,119,38,0
11,L,2800,-2800,120,36,0
11,L,2800,-2800,121,38,0
11,L,2800,-2800,122,37,0
11,L,2800,-2800,123,37,0
11,L,2800,-2800,124,37,0
11,L,2800,-2800,125,37,0
11,L,2800,-2800,126,37,0
11,L,2800,-2800,127,37,0
11,L,2800,-2800,128,38,0
11,L,2800,-2800,129,37,0
11,L,2800,-2800,130,37,0
11,L,2800,-2800,131,38,0
11,L,2800,-2800,132,36,0
11,L,2800,-2800,133,37,0
11,L,2800,-2800,134,37,0
11,L,2800,-2800,135,38,0
11,L,2800,-2800,136,37,0
11,L,2800,-2800,137,37,0
11,L,2800,-2800,138,37,0
11,L,2800,-2800,139,37,0
11,L,2800,-2800,140,37,0
11,L,2800,-2800,141,37,0
11,L,2800,-2800,142,38,0
11,L,2800,-2800,143,37,0
11,L,2800,-2800,144,37,0
11,L,2800,-2800,145,37,0
11,L,2800,-2800,146,37,0
11,L,2800,-2800,147,37,0
11,L,2800,-2800,148,37,0
11,L,2800,-2800,149,38,0
11,L,2800,-2800,150,37,0
11,L,2800,-2800,151,37,0
11,L,2800,-2800,152,38,0
11,L,2800,-2800,153,37,0
11,L,2800,-2800,154,37,0
11,L,2800,-2800,155,38,0
11,L,2800,-2800,156,36,0
11,L,2800,-2800,157,37,0
11,L,2800,-2800,158,37,0
11,L,2800,-2800,159,38,0
11,L,2800,-2800,160,37,0
11,L,2800,-2800,161,37,0
11,L,2800,-2800,162,38,0
11,L,2800,-2800,163,37,0
11,L,2800,-2800,164,37,0
11,L,2800,-2800,165,38,0
11,L,2800,-2800,166,37,0
11,L,2800,-2800,167,37,0
11,L,2800,-2800,168,38,0
11,L,2800,-2800,169,37,0
11,L,2800,-2800,170,37,0
11,L,2800,-2800,171,37,0
11,L,2800,-2800,172,38,0
11,L,2800,-2800,173,37,0
11,L,2800,-2800,174,37,0
11,L,2800,-2800,175,37,0
11,L,2800,-2800,176,37,0
11,L,2800,-2800,177,37,0
11,L,2800,-2800,178,38,0
11,L,2800,-2800,179,37,0
11,L,2800,-2800,180,37,0
11,L,2800,-2800,181,38,0
11,L,2800,-2800,182,37,0
11,L,2800,-2800,183,37,0
11,L,2800,-2800,184,38,0
11,L,2800,-2800,185,37,0
11,L,2800,-2800,186,37,0
11,L,2800,-2800,187,38,0
11,L,2800,-2800,188,37,0
11,L,2800,-2800,189,37,0
11,L,2800,-2800,190,38,0
11,L,2800,-2800,191,37,0
11,L,2800,-2800,192,39,0
11,L,2800,-2800,193,36,0
11,L,2800,-2800,194,37,0
11,L,2800,-2800,195,37,0
11,L,2800,-2800,196,38,0
11,L,2800,-2800,197,37,0
11,L,2800,-2800,198,37,0
11,L,2800,-2800,199,38,0
11,L,2800,-2800,200,37,0
11,L,2800,-2800,201,36,0
11,L,2800,-2800,202,34,0
11,L,2800,-2800,203,31,0
11,L,2800,-2800,204,27,0
11,L,2800,-2800,205,25,0
11,L,2800,-2800,206,22,0
11,L,2800,-2800,207,19,0
11,L,2800,-2800,208,16,0
11,L,2800,-2800,209,14,0
11,L,2800,-2800,210,11,0
11,L,2800,-2800,211,8,0
11,L,2800,-2800,212,4,0
11,L,2800,-2800,213,3,0
11,L,2800,-2800,214,0,0
11,L,2800,-2800,215,-2,0
11,L,2800,-2800,216,-4,0
11,L,2800,-2800,217,-7,0
11,L,2800,-2800,218,-8,0
11,L,2800,-2800,219,-10,0
11,L,2800,-2800,220,-12,0
11,L,2800,-2800,221,-14,0
11,L,2800,-2800,222,-15,0
11,L,2800,-2800,223,-17,0
11,L,2800,-2800,224,-17,0
11,L,2800,-2800,225,-19,0
11,L,2800,-2800,226,-20,0
11,L,2800,-2800,227,-21,0
11,L,2800,-2800,228,-21,0
11,L,2800,-2800,229,-23,0
11,L,2800,-2800,230,-23,0
11,L,2800,-2800,231,-24,0
11,L,2800,-2800,232,-25,0
11,L,2800,-2800,233,-25,0
11,L,2800,-2800,234,-27,0
11,L,2800,-2800,235,-26,0
11,L,2800,-2800,236,-27,0
11,L,2800,-2800,237,-28,0
11,L,2800,-2800,238,-28,0
11,L,2800,-2800,239,-29,0
11,L,2800,-2800,240,-29,0
11,L,2800,-2800,241,-29,0
11,L,2800,-2800,242,-30,0
11,L,2800,-2800,243,-30,0
11,L,2800,-2800,244,-31,0
11,L,2800,-2800,245,-30,0
11,L,2800,-2800,246,-31,0
11,L,2800,-2800,247,-31,0
11,L,2800,-2800,248,-32,0
11,L,2800,-2800,249,-32,0
11,L,2800,-2800,250,-32,0
11,L,2800,-2800,251,-32,0
11,L,2800,-2800,252,-33,0
11,L,2800,-2800,253,-33,0
11,L,2800,-2800,254,-32,0
11,L,2800,-2800,255,-33,0
11,L,2800,-2800,256,-33,0
11,L,2800,-2800,257,-33,0
11,L,2800,-2800,258,-35,0
11,L,2800,-2800,259,-33,0
11,L,2800,-2800,260,-34,0
11,L,2800,-2800,261,-34,0
11,L,2800,-2800,262,-34,0
11,L,2800,-2800,263,-34,0
11,L,2800,-2800,264,-35,0
11,L,2800,-2800,265,-34,0
11,L,2800,-2800,266,-35,0
11,L,2800,-2800,267,-35,0
11,L,2800,-2800,268,-34,0
11,L,2800,-2800,269,-35,0
11,L,2800,-2800,270,-36,0
11,L,2800,-2800,271,-35,0
11,L,2800,-2800,272,-35,0
11,L,2800,-2800,273,-35,0
11,L,2800,-2800,274,-36,0
11,L,2800,-2800,275,-35,0
11,L,2800,-2800,276,-36,0
11,L,2800,-2800,277,-35,0
11,L,2800,-2800,278,-36,0
11,L,2800,-2800,279,-36,0
11,L,2800,-2800,280,-36,0
11,L,2800,-2800,281,-36,0
11,L,2800,-2800,282,-36,0
11,L,2800,-2800,283,-36,0
11,L,2800,-2800,284,-36,0
11,L,2800,-2800,285,-36,0
11,L,2800,-2800,286,-36,0
11,L,2800,-2800,287,-36,0
11,L,2800,-2800,288,-37,0
11,L,2800,-2800,289,-36,0
11,L,2800,-2800,290,-36,0
11,L,2800,-2800,291,-37,0
11,L,2800,-2800,292,-36,0
11,L,2800,-2800,293,-36,0
11,L,2800,-2800,294,-38,0
11,L,2800,-2800,295,-36,0
11,L,2800,-2800,296,-37,0
11,L,2800,-2800,297,-36,0
11,L,2800,-2800,298,-37,0
11,L,2800,-2800,299,-36,0
11,L,2800,-2800,300,-38,0
11,L,2800,-2800,301,-36,0
11,L,2800,-2800,302,-37,0
11,L,2800,-2800,303,-37,0
11,L,2800,-2800,304,-36,0
11,L,2800,-2800,305,-38,0
11,L,2800,-2800,306,-37,0
11,L,2800,-2800,307,-37,0
11,L,2800,-2800,308,-36,0
11,L,2800,-2800,309,-38,0
11,L,2800,-2800,310,-37,0
11,L,2800,-2800,311,-37,0
11,L,2800,-2800,312,-36,0
11,L,2800,-2800,313,-38,0
11,L,2800,-2800,314,-38,0
11,L,2800,-2800,315,-36,0
11,L,2800,-2800,316,-38,0
11,L,2800,-2800,317,-37,0
11,L,2800,-2800,318,-36,0
11,L,2800,-2800,319,-37,0
11,L,2800,-2800,320,-38,0
11,L,2800,-2800,321,-37,0
11,L,2800,-2800,322,-37,0
11,L,2800,-2800,323,-38,0
11,L,2800,-2800,324,-37,0
11,L,2800,-2800,325,-37,0
11,L,2800,-2800,326,-38,0
11,L,2800,-2800,327,-37,0
11,L,2800,-2800,328,-37,0
11,L,2800,-2800,329,-38,0
11,L,2800,-2800,330,-37,0
11,L,2800,-2800,331,-37,0
11,L,2800,-2800,332,-38,0
11,L,2800,-2800,333,-37,0
11,L,2800,-2800,334,-37,0
11,L,2800,-2800,335,-38,0
11,L,2800,-2800,336,-37,0
11,L,2800,-2800,337,-37,0
11,L,2800,-2800,338,-38,0
11,L,2800,-2800,339,-37,0
11,L,2800,-2800,340,-37,0
11,L,2800,-2800,341,-38,0
11,L,2800,-2800,342,-37,0
11,L,2800,-2800,343,-38,0
11,L,2800,-2800,344,-37,0
11,L,2800,-2800,345,-37,0
11,L,2800,-2800,346,-39,0
11,L,2800,-2800,347,-37,0
11,L,2800,-2800,348,-37,0
11,L,2800,-2800,349,-38,0
11,L,2800,-2800,350,-37,0
11,L,2800,-2800,351,-37,0
11,L,2800,-2800,352,-38,0
11,L,2800,-2800,353,-38,0
11,L,2800,-2800,354,-38,0
11,L,2800,-2800,355,-37,0
11,L,2800,-2800,356,-37,0
11,L,2800,-2800,357,-38,0
11,L,2800,-2800,358,-37,0
11,L,2800,-2800,359,-37,0
11,L,2800,-2800,360,-38,0
11,L,2800,-2800,361,-38,0
11,L,2800,-2800,362,-38,0
11,L,2800,-2800,363,-37,0
11,L,2800,-2800,364,-37,0
11,L,2800,-2800,365,-38,0
11,L,2800,-2800,366,-37,0
11,L,2800,-2800,367,-38,0
11,L,2800,-2800,368,-38,0
11,L,2800,-2800,369,-37,0
11,L,2800,-2800,370,-38,0
11,L,2800,-2800,371,-37,0
11,L,2800,-2800,372,-38,0
11,L,2800,-2800,373,-38,0
11,L,2800,-2800,374,-37,0
11,L,2800,-2800,375,-39,0
11,L,2800,-2800,376,-36,0
11,L,2800,-2800,377,-38,0
11,L,2800,-2800,378,-38,0
11,L,2800,-2800,379,-37,0
11,L,2800,-2800,380,-38,0
11,L,2800,-2800,381,-37,0
11,L,2800,-2800,382,-38,0
11,L,2800,-2800,383,-38,0
11,L,2800,-2800,384,-37,0
11,L,2800,-2800,385,-38,0
11,L,2800,-2800,386,-37,0
11,L,2800,-2800,387,-38,0
11,L,2800,-2800,388,-38,0
11,L,2800,-2800,389,-37,0
11,L,2800,-2800,390,-38,0
11,L,2800,-2800,391,-37,0
11,L,2800,-2800,392,-37,0
11,L,2800,-2800,393,-39,0
11,L,2800,-2800,394,-37,0
11,L,2800,-2800,395,-38,0
11,L,2800,-2800,396,-37,0
11,L,2800,-2800,397,-38,0
11,L,2800,-2800,398,-38,0
11,L,2800,-2800,399,-37,0
11,L,2800,-2800,400,-38,0
11,L,2800,-2800,401,-37,0
11,L,2800,-2800,402,-37,0
11,L,2800,-2800,403,-38,0
11,L,2800,-2800,404,-37,0
11,L,2800,-2800,405,-36,0
11,L,2800,-2800,406,-37,0
11,L,2800,-2800,407,-36,0
11,L,2800,-2800,408,-36,0
11,L,2800,-2800,409,-36,0
11,L,2800,-2800,410,-36,0
11,L,2800,-2800,411,-36,0
11,L,2800,-2800,412,-36,0
11,L,2800,-2800,413,-35,0
11,L,2800,-2800,414,-36,0
11,L,2800,-2800,415,-35,0
11,L,2800,-2800,416,-34,0
11,L,2800,-2800,417,-35,0
11,L,2800,-2800,418,-34,0
11,L,2800,-2800,419,-34,0
11,L,2800,-2800,420,-35,0
11,L,2800,-2800,421,-33,0
11,L,2800,-2800,422,-34,0
11,L,2800,-2800,423,-34,0
11,L,2800,-2800,424,-33,0
11,L,2800,-2800,425,-33,0
11,L,2800,-2800,426,-33,0
11,L,2800,-2800,427,-33,0
11,L,2800,-2800,428,-32,0
11,L,2800,-2800,429,-33,0
11,L,2800,-2800,430,-32,0
11,L,2800,-2800,431,-32,0
11,L,2800,-2800,432,-32,0
11,L,2800,-2800,433,-32,0
11,L,2800,-2800,434,-32,0
11,L,2800,-2800,435,-31,0
11,L,2800,-2800,436,-32,0
11,L,2800,-2800,437,-31,0
11,L,2800,-2800,438,-30,0
11,L,2800,-2800,439,-31,0
11,L,2800,-2800,440,-31,0
11,L,2800,-2800,441,-30,0
11,L,2800,-2800,442,-31,0
11,L,2800,-2800,443,-29,0
11,L,2800,-2800,444,-31,0
11,L,2800,-2800,445,-29,0
11,L,2800,-2800,446,-30,0
11,L,2800,-2800,447,-29,0
11,L,2800,-2800,448,-29,0
11,L,2800,-2800,449,-30,0
11,L,2800,-2800,450,-29,0
11,L,2800,-2800,451,-28,0
11,L,2800,-2800,452,-29,0
11,L,2800,-2800,453,-28,0
11,L,2800,-2800,454,-29,0
11,L,2800,-2800,455,-28,0
11,L,2800,-2800,456,-29,0
11,L,2800,-2800,457,-27,0
11,L,2800,-2800,458,-27,0
11,L,2800,-2800,459,-28,0
11,L,2800,-2800,460,-27,0
11,L,2800,-2800,461,-28,0
11,L,2800,-2800,462,-27,0
11,L,2800,-2800,463,-26,0
11,L,2800,-2800,464,-27,0
11,L,2800,-2800,465,-27,0
11,L,2800,-2800,466,-26,0
11,L,2800,-2800,467,-27,0
11,L,2800,-2800,468,-26,0
11,L,2800,-2800,469,-26,0
11,L,2800,-2800,470,-25,0
11,L,2800,-2800,471,-27,0
11,L,2800,-2800,472,-25,0
11,L,2800,-2800,473,-26,0
11,L,2800,-2800,474,-25,0
11,L,2800,-2800,475,-24,0
11,L,2800,-2800,476,-25,0
11,L,2800,-2800,477,-26,0
11,L,2800,-2800,478,-24,0
11,L,2800,-2800,479,-25,0
11,L,2800,-2800,480,-24,0
11,L,2800,-2800,481,-24,0
11,L,2800,-2800,482,-24,0
11,L,2800,-2800,483,-24,0
11,L,2800,-2800,484,-24,0
11,L,2800,-2800,485,-24,0
11,L,2800,-2800,486,-23,0
11,L,2800,-2800,487,-23,0
11,L,2800,-2800,488,-23,0
11,L,2800,-2800,489,-23,0
11,L,2800,-2800,490,-23,0
11,L,2800,-2800,491,-23,0
11,L,2800,-2800,492,-22,0
11,L,2800,-2800,493,-23,0
11,L,2800,-2800,494,-22,0
11,L,2800,-2800,495,-23,0
11,L,2800,-2800,496,-21,0
11,L,2800,-2800,497,-23,0
11,L,2800,-2800,498,-21,0
11,L,2800,-2800,499,-22,0
12,L,2800,1800,0,0,0
12,L,2800,1800,1,1,0
12,L,2800,1800,2,3,0
12,L,2800,1800,3,5,0
12,L,2800,1800,4,7,0
12,L,2800,1800,5,9,0
12,L,2800,1800,6,12,0
12,L,2800,1800,7,12,0
12,L,2800,1800,8,15,0
12,L,2800,1800,9,16,0
12,L,2800,1800,10,17,0
12,L,2800,1800,11,18,0
12,L,2800,1800,12,20,0
12,L,2800,1800,13,21,0
12,L,2800,1800,14,21,0
12,L,2800,1800,15,23,0
12,L,2800,1800,16,23,0
12,L,2800,1800,17,24,0
12,L,2800,1800,18,25,0
12,L,2800,1800,19,25,0
12,L,2800,1800,20,26,0
12,L,2800,1800,21,26,0
12,L,2800,1800,22,28,0
12,L,2800,1800,23,27,0
12,L,2800,1800,24,29,0
12,L,2800,1800,25,28,0
12,L,2800,1800,26,30,0
12,L,2800,1800,27,29,0
12,L,2800,1800,28,30,0
12,L,2800,1800,29,30,0
12,L,2800,1800,30,31,0
12,L,2800,1800,31,30,0
12,L,2800,1800,32,32,0
12,L,2800,1800,33,31,0
12,L,2800,1800,34,32,0
12,L,2800,1800,35,32,0
12,L,2800,1800,36,33,0
12,L,2800,1800,37,32,0
12,L,2800,1800,38,33,0
12,L,2800,1800,39,33,0
12,L,2800,1800,40,33,0
12,L,2800,1800,41,33,0
12,L,2800,1800,42,34,0
12,L,2800,1800,43,34,0
12,L,2800,1800,44,34,0
12,L,2800,1800,45,34,0
12,L,2800,1800,46,34,0
12,L,2800,1800,47,34,0
12,L,2800,1800,48,35,0
12,L,2800,1800,49,35,0
12,L,2800,1800,50,34,0
12,L,2800,1800,51,35,0
12,L,2800,1800,52,36,0
12,L,2800,1800,53,35,0
12,L,2800,1800,54,35,0
12,L,2800,1800,55,35,0
12,L,2800,1800,56,35,0
12,L,2800,1800,57,36,0
12,L,2800,1800,58,36,0
12,L,2800,1800,59,35,0
12,L,2800,1800,60,36,0
12,L,2800,1800,61,36,0
12,L,2800,1800,62,36,0
12,L,2800,1800,63,36,0
12,L,2800,1800,64,36,0
12,L,2800,1800,65,36,0
12,L,2800,1800,66,36,0
12,L,2800,1800,67,36,0
12,L,2800,1800,68,36,0
12,L,2800,1800,69,36,0
12,L,2800,1800,70,37,0
12,L,2800,1800,71,36,0
12,L,2800,1800,72,36,0
12,L,2800,1800,73,36,0
12,L,2800,1800,74,37,0
12,L,2800,1800,75,36,0
12,L,2800,1800,76,36,0
12,L,2800,1800,77,37,0
12,L,2800,1800,78,37,0
12,L,2800,1800,79,38,0
12,L,2800,1800,80,35,0
12,L,2800,1800,81,37,0
12,L,2800,1800,82,36,0
12,L,2800,1800,83,37,0
12,L,2800,1800,84,37,0
12,L,2800,1800,85,37,0
12,L,2800,1800,86,36,0
12,L,2800,1800,87,37,0
12,L,2800,1800,88,37,0
12,L,2800,1800,89,37,0
12,L,2800,1800,90,37,0
12,L,2800,1800,91,37,0
12,L,2800,1800,92,36,0
12,L,2800,1800,93,38,0
12,L,2800,1800,94,37,0
12,L,2800,1800,95,36,0
12,L,2800,1800,96,37,0
12,L,2800,1800,97,38,0
12,L,2800,1800,98,37,0
12,L,2800,1800,99,37,0
12,L,2800,1800,100,37,0
12,L,2800,1800,101,37,0
12,L,2800,1800,102,37,0
12,L,2800,1800,103,37,0
12,L,2800,1800,104,38,0
12,L,2800,1800,105,37,0
12,L,2800,1800,106,36,0
12,L,2800,1800,107,37,0
12,L,2800,1800,108,38,0
12,L,2800,1800,109,37,0
12,L,2800,1800,110,37,0
12,L,2800,1800,111,38,0
12,L,2800,1800,112,37,0
12,L,2800,1800,113,37,0
12,L,2800,1800,114,37,0
12,L,2800,1800,115,37,0
12,L,2800,1800,116,37,0
12,L,2800,1800,117,37,0
12,L,2800,1800,118,38,0
12,L,2800,1800,119,37,0
12,L,2800,1800,120,37,0
12,L,2800,1800,121,38,0
12,L,2800,1800,122,37,0
12,L,2800,1800,123,37,0
12,L,2800,1800,124,38,0
12,L,2800,1800,125,37,0
12,L,2800,1800,126,37,0
12,L,2800,1800,127,37,0
12,L,2800,1800,128,38,0
12,L,2800,1800,129,37,0
12,L,2800,1800,130,38,0
12,L,2800,1800,131,37,0
12,L,2800,1800,132,37,0
12,L,2800,1800,133,37,0
12,L,2800,1800,134,37,0
12,L,2800,1800,135,38,0
12,L,2800,1800,136,37,0
12,L,2800,1800,137,38,0
12,L,2800,1800,138,37,0
12,L,2800,1800,139,37,0
12,L,2800,1800,140,38,0
12,L,2800,1800,141,37,0
12,L,2800,1800,142,37,0
12,L,2800,1800,143,38,0
12,L,2800,1800,144,37,0
12,L,2800,1800,145,38,0
12,L,2800,1800,146,37,0
12,L,2800,1800,147,37,0
12,L,2800,1800,148,37,0
12,L,2800,1800,149,38,0
12,L,2800,1800,150,37,0
12,L,2800,1800,151,38,0
12,L,2800,1800,152,37,0
12,L,2800,1800,153,37,0
12,L,2800,1800,154,38,0
12,L,2800,1800,155,37,0
12,L,2800,1800,156,37,0
12,L,2800,1800,157,38,0
12,L,2800,1800,158,37,0
12,L,2800,1800,159,37,0
12,L,2800,1800,160,38,0
12,L,2800,1800,161,37,0
12,L,2800,1800,162,37,0
12,L,2800,1800,163,38,0
12,L,2800,1800,164,37,0
12,L,2800,1800,165,38,0
12,L,2800,1800,166,38,0
12,L,2800,1800,167,37,0
12,L,2800,1800,168,38,0
12,L,2800,1800,169,37,0
12,L,2800,1800,170,37,0
12,L,2800,1800,171,38,0
12,L,2800,1800,172,37,0
12,L,2800,1800,173,37,0
12,L,2800,1800,174,38,0
12,L,2800,1800,175,37,0
12,L,2800,1800,176,37,0
12,L,2800,1800,177,38,0
12,L,2800,1800,178,38,0
12,L,2800,1800,179,38,0
12,L,2800,1800,180,37,0
12,L,2800,1800,181,37,0
12,L,2800,1800,182,38,0
12,L,2800,1800,183,37,0
12,L,2800,1800,184,37,0
12,L,2800,1800,185,38,0
12,L,2800,1800,186,37,0
12,L,2800,1800,187,37,0
12,L,2800,1800,188,38,0
12,L,2800,1800,189,37,0
12,L,2800,1800,190,38,0
12,L,2800,1800,191,38,0
12,L,2800,1800,192,37,0
12,L,2800,1800,193,38,0
12,L,2800,1800,194,37,0
12,L,2800,1800,195,37,0
12,L,2800,1800,196,38,0
12,L,2800,1800,197,37,0
12,L,2800,1800,198,37,0
12,L,2800,1800,199,38,0
12,L,2800,1800,200,37,0
12,L,2800,1800,201,39,0
12,L,2800,1800,202,36,0
12,L,2800,1800,203,37,0
12,L,2800,1800,204,37,0
12,L,2800,1800,205,37,0
12,L,2800,1800,206,37,0
12,L,2800,1800,207,36,0
12,L,2800,1800,208,36,0
12,L,2800,1800,209,36,0
12,L,2800,1800,210,36,0
12,L,2800,1800,211,36,0
12,L,2800,1800,212,35,0
12,L,2800,1800,213,35,0
12,L,2800,1800,214,35,0
12,L,2800,1800,215,35,0
12,L,2800,1800,216,35,0
12,L,2800,1800,217,34,0
12,L,2800,1800,218,35,0
12,L,2800,1800,219,34,0
12,L,2800,1800,220,35,0
12,L,2800,1800,221,33,0
12,L,2800,1800,222,35,0
12,L,2800,1800,223,33,0
12,L,2800,1800,224,34,0
12,L,2800,1800,225,33,0
12,L,2800,1800,226,33,0
12,L,2800,1800,227,33,0
12,L,2800,1800,228,33,0
12,L,2800,1800,229,33,0
12,L,2800,1800,230,32,0
12,L,2800,1800,231,32,0
12,L,2800,1800,232,33,0
12,L,2800,1800,233,32,0
12,L,2800,1800,234,32,0
12,L,2800,1800,235,32,0
12,L,2800,1800,236,31,0
12,L,2800,1800,237,32,0
12,L,2800,1800,238,31,0
12,L,2800,1800,239,32,0
12,L,2800,1800,240,30,0
12,L,2800,1800,241,31,0
12,L,2800,1800,242,31,0
12,L,2800,1800,243,30,0
12,L,2800,1800,244,31,0
12,L,2800,1800,245,29,0
12,L,2800,1800,246,31,0
12,L,2800,1800,247,31,0
12,L,2800,1800,248,29,0
12,L,2800,1800,249,30,0
12,L,2800,1800,250,29,0
12,L,2800,1800,251,30,0
12,L,2800,1800,252,30,0
12,L,2800,1800,253,28,0
12,L,2800,1800,254,29,0
12,L,2800,1800,255,29,0
12,L,2800,1800,256,28,0
12,L,2800,1800,257,30,0
12,L,2800,1800,258,28,0
12,L,2800,1800,259,28,0
12,L,2800,1800,260,28,0
12,L,2800,1800,261,29,0
12,L,2800,1800,262,28,0
12,L,2800,1800,263,27,0
12,L,2800,1800,264,28,0
12,L,2800,1800,265,27,0
12,L,2800,1800,266,27,0
12,L,2800,1800,267,27,0
12,L,2800,1800,268,28,0
12,L,2800,1800,269,27,0
12,L,2800,1800,270,26,0
12,L,2800,1800,271,27,0
12,L,2800,1800,272,27,0
12,L,2800,1800,273,26,0
12,L,2800,1800,274,27,0
12,L,2800,1800,275,25,0
12,L,2800,1800,276,27,0
12,L,2800,1800,277,25,0
12,L,2800,1800,278,26,0
12,L,2800,1800,279,26,0
12,L,2800,1800,280,26,0
12,L,2800,1800,281,25,0
12,L,2800,1800,282,25,0
12,L,2800,1800,283,26,0
12,L,2800,1800,284,24,0
12,L,2800,1800,285,25,0
12,L,2800,1800,286,25,0
12,L,2800,1800,287,24,0
12,L,2800,1800,288,26,0
12,L,2800,1800,289,24,0
12,L,2800,1800,290,24,0
12,L,2800,1800,291,24,0
12,L,2800,1800,292,25,0
12,L,2800,1800,293,23,0
12,L,2800,1800,294,24,0
12,L,2800,1800,295,24,0
12,L,2800,1800,296,24,0
12,L,2800,1800,297,23,0
12,L,2800,1800,298,23,0
12,L,2800,1800,299,24,0
12,L,2800,1800,300,23,0
12,L,2800,1800,301,23,0
12,L,2800,1800,302,23,0
12,L,2800,1800,303,23,0
12,L,2800,1800,304,23,0
12,L,2800,1800,305,23,0
12,L,2800,1800,306,22,0
12,L,2800,1800,307,22,0
12,L,2800,1800,308,22,0
12,L,2800,1800,309,23,0
12,L,2800,1800,310,21,0
12,L,2800,1800,311,23,0
12,L,2800,1800,312,21,0
12,L,2800,1800,313,22,0
12,L,2800,1800,314,21,0
12,L,2800,1800,315,22,0
12,L,2800,1800,316,22,0
12,L,2800,1800,317,21,0
12,L,2800,1800,318,20,0
12,L,2800,1800,319,22,0
12,L,2800,1800,320,21,0
12,L,2800,1800,321,21,0
12,L,2800,1800,322,20,0
12,L,2800,1800,323,22,0
12,L,2800,1800,324,20,0
12,L,2800,1800,325,20,0
12,L,2800,1800,326,21,0
12,L,2800,1800,327,20,0
12,L,2800,1800,328,20,0
12,L,2800,1800,329,20,0
12,L,2800,1800,330,20,0
12,L,2800,1800,331,20,0
12,L,2800,1800,332,20,0
12,L,2800,1800,333,20,0
12,L,2800,1800,334,19,0
12,L,2800,1800,335,20,0
12,L,2800,1800,336,19,0
12,L,2800,1800,337,19,0
12,L,2800,1800,338,19,0
12,L,2800,1800,339,20,0
12,L,2800,1800,340,19,0
12,L,2800,1800,341,18,0
12,L,2800,1800,342,19,0
12,L,2800,1800,343,19,0
12,L,2800,1800,344,18,0
12,L,2800,1800,345,19,0
12,L,2800,1800,346,19,0
12,L,2800,1800,347,18,0
12,L,2800,1800,348,18,0
12,L,2800,1800,349,18,0
12,L,2800,1800,350,19,0
12,L,2800,1800,351,17,0
12,L,2800,1800,352,19,0
12,L,2800,1800,353,17,0
12,L,2800,1800,354,18,0
12,L,2800,1800,355,18,0
12,L,2800,1800,356,18,0
12,L,2800,1800,357,17,0
12,L,2800,1800,358,17,0
12,L,2800,1800,359,18,0
12,L,2800,1800,360,17,0
12,L,2800,1800,361,17,0
12,L,2800,1800,362,18,0
12,L,2800,1800,363,17,0
12,L,2800,1800,364,16,0
12,L,2800,1800,365,17,0
12,L,2800,1800,366,17,0
12,L,2800,1800,367,17,0
12,L,2800,1800,368,16,0
12,L,2800,1800,369,17,0
12,L,2800,1800,370,16,0
12,L,2800,1800,371,16,0
12,L,2800,1800,372,17,0
12,L,2800,1800,373,16,0
12,L,2800,1800,374,16,0
12,L,2800,1800,375,16,0
12,L,2800,1800,376,16,0
12,L,2800,1800,377,16,0
12,L,2800,1800,378,16,0
12,L,2800,1800,379,15,0
12,L,2800,1800,380,16,0
12,L,2800,1800,381,16,0
12,L,2800,1800,382,16,0
12,L,2800,1800,383,15,0
12,L,2800,1800,384,16,0
12,L,2800,1800,385,14,0
12,L,2800,1800,386,16,0
12,L,2800,1800,387,15,0
12,L,2800,1800,388,15,0
12,L,2800,1800,389,15,0
12,L,2800,1800,390,15,0
12,L,2800,1800,391,15,0
12,L,2800,1800,392,15,0
12,L,2800,1800,393,14,0
12,L,2800,1800,394,15,0
12,L,2800,1800,395,15,0
12,L,2800,1800,396,14,0
12,L,2800,1800,397,15,0
12,L,2800,1800,398,14,0
12,L,2800,1800,399,14,0
12,L,2800,1800,400,15,0
12,L,2800,1800,401,13,0
12,L,2800,1800,402,15,0
12,L,2800,1800,403,14,0
12,L,2800,1800,404,14,0
12,L,2800,1800,405,13,0
12,L,2800,1800,406,15,0
12,L,2800,1800,407,13,0
12,L,2800,1800,408,13,0
12,L,2800,1800,409,14,0
12,L,2800,1800,410,13,0
12,L,2800,1800,411,13,0
12,L,2800,1800,412,13,0
12,L,2800,1800,413,13,0
12,L,2800,1800,414,13,0
12,L,2800,1800,415,12,0
12,L,2800,1800,416,13,0
12,L,2800,1800,417,13,0
12,L,2800,1800,418,13,0
12,L,2800,1800,419,12,0
12,L,2800,1800,420,12,0
12,L,2800,1800,421,12,0
12,L,2800,1800,422,12,0
12,L,2800,1800,423,12,0
12,L,2800,1800,424,12,0
12,L,2800,1800,425,12,0
12,L,2800,1800,426,12,0
12,L,2800,1800,427,11,0
12,L,2800,1800,428,11,0
12,L,2800,1800,429,12,0
12,L,2800,1800,430,11,0
12,L,2800,1800,431,11,0
12,L,2800,1800,432,12,0
12,L,2800,1800,433,10,0
12,L,2800,1800,434,11,0
12,L,2800,1800,435,11,0
12,L,2800,1800,436,11,0
12,L,2800,1800,437,10,0
12,L,2800,1800,438,11,0
12,L,2800,1800,439,10,0
12,L,2800,1800,440,11,0
12,L,2800,1800,441,10,0
12,L,2800,1800,442,10,0
12,L,2800,1800,443,10,0
12,L,2800,1800,444,10,0
12,L,2800,1800,445,11,0
12,L,2800,1800,446,9,0
12,L,2800,1800,447,9,0
12,L,2800,1800,448,11,0
12,L,2800,1800,449,9,0
12,L,2800,1800,450,10,0
12,L,2800,1800,451,9,0
12,L,2800,1800,452,9,0
12,L,2800,1800,453,9,0
12,L,2800,1800,454,9,0
12,L,2800,1800,455,9,0
12,L,2800,1800,456,9,0
12,L,2800,1800,457,9,0
12,L,2800,1800,458,9,0
12,L,2800,1800,459,9,0
12,L,2800,1800,460,8,0
12,L,2800,1800,461,8,0
12,L,2800,1800,462,9,0
12,L,2800,1800,463,8,0
12,L,2800,1800,464,8,0
12,L,2800,1800,465,9,0
12,L,2800,1800,466,8,0
12,L,2800,1800,467,8,0
12,L,2800,1800,468,8,0
12,L,2800,1800,469,7,0
12,L,2800,1800,470,8,0
12,L,2800,1800,471,8,0
12,L,2800,1800,472,8,0
12,L,2800,1800,473,7,0
12,L,2800,1800,474,8,0
12,L,2800,1800,475,7,0
12,L,2800,1800,476,8,0
12,L,2800,1800,477,6,0
12,L,2800,1800,478,7,0
12,L,2800,1800,479,8,0
12,L,2800,1800,480,7,0
12,L,2800,1800,481,6,0
12,L,2800,1800,482,7,0
12,L,2800,1800,483,7,0
12,L,2800,1800,484,6,0
12,L,2800,1800,485,7,0
12,L,2800,1800,486,7,0
12,L,2800,1800,487,6,0
12,L,2800,1800,488,7,0
12,L,2800,1800,489,5,0
12,L,2800,1800,490,7,0
12,L,2800,1800,491,6,0
12,L,2800,1800,492,6,0
12,L,2800,1800,493,6,0
12,L,2800,1800,494,6,0
12,L,2800,1800,495,5,0
12,L,2800,1800,496,7,0
12,L,2800,1800,497,5,0
12,L,2800,1800,498,6,0
12,L,2800,1800,499,5,0
13,L,-2000,0,0,0,0
13,L,-2000,0,1,0,0
13,L,-2000,0,2,-2,0
13,L,-2000,0,3,-2,0
13,L,-2000,0,4,-3,0
13,L,-2000,0,5,-4,0
13,L,-2000,0,6,-4,0
13,L,-2000,0,7,-5,0
13,L,-2000,0,8,-6,0
13,L,-2000,0,9,-6,0
13,L,-2000,0,10,-7,0
13,L,-2000,0,11,-7,0
13,L,-2000,0,12,-7,0
13,L,-2000,0,13,-8,0
13,L,-2000,0,14,-8,0
13,L,-2000,0,15,-9,0
13,L,-2000,0,16,-9,0
13,L,-2000,0,17,-9,0
13,L,-2000,0,18,-10,0
13,L,-2000,0,19,-9,0
13,L,-2000,0,20,-10,0
13,L,-2000,0,21,-10,0
13,L,-2000,0,22,-11,0
13,L,-2000,0,23,-10,0
13,L,-2000,0,24,-11,0
13,L,-2000,0,25,-12,0
13,L,-2000,0,26,-11,0
13,L,-2000,0,27,-11,0
13,L,-2000,0,28,-11,0
13,L,-2000,0,29,-12,0
13,L,-2000,0,30,-12,0
13,L,-2000,0,31,-12,0
13,L,-2000,0,32,-12,0
13,L,-2000,0,33,-12,0
13,L,-2000,0,34,-13,0
13,L,-2000,0,35,-13,0
13,L,-2000,0,36,-13,0
13,L,-2000,0,37,-12,0
13,L,-2000,0,38,-12,0
13,L,-2000,0,39,-13,0
13,L,-2000,0,40,-14,0
13,L,-2000,0,41,-12,0
13,L,-2000,0,42,-13,0
13,L,-2000,0,43,-13,0
13,L,-2000,0,44,-14,0
13,L,-2000,0,45,-13,0
13,L,-2000,0,46,-13,0
13,L,-2000,0,47,-14,0
13,L,-2000,0,48,-13,0
13,L,-2000,0,49,-14,0
13,L,-2000,0,50,-14,0
13,L,-2000,0,51,-13,0
13,L,-2000,0,52,-14,0
13,L,-2000,0,53,-14,0
13,L,-2000,0,54,-14,0
13,L,-2000,0,55,-14,0
13,L,-2000,0,56,-14,0
13,L,-2000,0,57,-14,0
13,L,-2000,0,58,-14,0
13,L,-2000,0,59,-14,0
13,L,-2000,0,60,-14,0
13,L,-2000,0,61,-14,0
13,L,-2000,0,62,-15,0
13,L,-2000,0,63,-13,0
13,L,-2000,0,64,-15,0
13,L,-2000,0,65,-15,0
13,L,-2000,0,66,-13,0
13,L,-2000,0,67,-15,0
13,L,-2000,0,68,-14,0
13,L,-2000,0,69,-15,0
13,L,-2000,0,70,-14,0
13,L,-2000,0,71,-14,0
13,L,-2000,0,72,-15,0
13,L,-2000,0,73,-14,0
13,L,-2000,0,74,-15,0
13,L,-2000,0,75,-15,0
13,L,-2000,0,76,-14,0
13,L,-2000,0,77,-15,0
13,L,-2000,0,78,-15,0
13,L,-2000,0,79,-14,0
13,L,-2000,0,80,-15,0
13,L,-2000,0,81,-15,0
13,L,-2000,0,82,-14,0
13,L,-2000,0,83,-15,0
13,L,-2000,0,84,-15,0
13,L,-2000,0,85,-14,0
13,L,-2000,0,86,-15,0
13,L,-2000,0,87,-15,0
13,L,-2000,0,88,-14,0
13,L,-2000,0,89,-15,0
13,L,-2000,0,90,-15,0
13,L,-2000,0,91,-14,0
13,L,-2000,0,92,-15,0
13,L,-2000,0,93,-15,0
13,L,-2000,0,94,-15,0
13,L,-2000,0,95,-15,0
13,L,-2000,0,96,-15,0
13,L,-2000,0,97,-15,0
13,L,-2000,0,98,-14,0
13,L,-2000,0,99,-15,0
13,L,-2000,0,100,-15,0
13,L,-2000,0,101,-16,0
13,L,-2000,0,102,-14,0
13,L,-2000,0,103,-15,0
13,L,-2000,0,104,-15,0
13,L,-2000,0,105,-15,0
13,L,-2000,0,106,-15,0
13,L,-2000,0,107,-15,0
13,L,-2000,0,108,-15,0
13,L,-2000,0,109,-15,0
13,L,-2000,0,110,-15,0
13,L,-2000,0,111,-15,0
13,L,-2000,0,112,-15,0
13,L,-2000,0,113,-15,0
13,L,-2000,0,114,-15,0
13,L,-2000,0,115,-15,0
13,L,-2000,0,116,-15,0
13,L,-2000,0,117,-15,0
13,L,-2000,0,118,-15,0
13,L,-2000,0,119,-15,0
13,L,-2000,0,120,-15,0
13,L,-2000,0,121,-16,0
13,L,-2000,0,122,-14,0
13,L,-2000,0,123,-15,0
13,L,-2000,0,124,-16,0
13,L,-2000,0,125,-15,0
13,L,-2000,0,126,-14,0
13,L,-2000,0,127,-16,0
13,L,-2000,0,128,-15,0
13,L,-2000,0,129,-15,0
13,L,-2000,0,130,-16,0
13,L,-2000,0,131,-14,0
13,L,-2000,0,132,-16,0
13,L,-2000,0,133,-15,0
13,L,-2000,0,134,-15,0
13,L,-2000,0,135,-15,0
13,L,-2000,0,136,-15,0
13,L,-2000,0,137,-15,0
13,L,-2000,0,138,-16,0
13,L,-2000,0,139,-15,0
13,L,-2000,0,140,-15,0
13,L,-2000,0,141,-15,0
13,L,-2000,0,142,-15,0
13,L,-2000,0,143,-16,0
13,L,-2000,0,144,-15,0
13,L,-2000,0,145,-15,0
13,L,-2000,0,146,-15,0
13,L,-2000,0,147,-15,0
13,L,-2000,0,148,-16,0
13,L,-2000,0,149,-15,0
13,L,-2000,0,150,-14,0
13,L,-2000,0,151,-16,0
13,L,-2000,0,152,-15,0
13,L,-2000,0,153,-15,0
13,L,-2000,0,154,-16,0
13,L,-2000,0,155,-14,0
13,L,-2000,0,156,-16,0
13,L,-2000,0,157,-15,0
13,L,-2000,0,158,-16,0
13,L,-2000,0,159,-15,0
13,L,-2000,0,160,-14,0
13,L,-2000,0,161,-16,0
13,L,-2000,0,162,-15,0
13,L,-2000,0,163,-15,0
13,L,-2000,0,164,-15,0
13,L,-2000,0,165,-15,0
13,L,-2000,0,166,-16,0
13,L,-2000,0,167,-15,0
13,L,-2000,0,168,-15,0
13,L,-2000,0,169,-15,0
13,L,-2000,0,170,-15,0
13,L,-2000,0,171,-15,0
13,L,-2000,0,172,-16,0
13,L,-2000,0,173,-15,0
13,L,-2000,0,174,-15,0
13,L,-2000,0,175,-15,0
13,L,-2000,0,176,-15,0
13,L,-2000,0,177,-16,0
13,L,-2000,0,178,-15,0
13,L,-2000,0,179,-15,0
13,L,-2000,0,180,-15,0
13,L,-2000,0,181,-15,0
13,L,-2000,0,182,-16,0
13,L,-2000,0,183,-15,0
13,L,-2000,0,184,-15,0
13,L,-2000,0,185,-15,0
13,L,-2000,0,186,-15,0
13,L,-2000,0,187,-16,0
13,L,-2000,0,188,-15,0
13,L,-2000,0,189,-15,0
13,L,-2000,0,190,-15,0
13,L,-2000,0,191,-15,0
13,L,-2000,0,192,-16,0
13,L,-2000,0,193,-15,0
13,L,-2000,0,194,-15,0
13,L,-2000,0,195,-15,0
13,L,-2000,0,196,-15,0
13,L,-2000,0,197,-16,0
13,L,-2000,0,198,-15,0
13,L,-2000,0,199,-15,0
13,L,-2000,0,200,-15,0
13,L,-2000,0,201,-15,0
13,L,-2000,0,202,-16,0
13,L,-2000,0,203,-15,0
13,L,-2000,0,204,-14,0
13,L,-2000,0,205,-15,0
13,L,-2000,0,206,-15,0
13,L,-2000,0,207,-14,0
13,L,-2000,0,208,-15,0
13,L,-2000,0,209,-14,0
13,L,-2000,0,210,-14,0
13,L,-2000,0,211,-14,0
13,L,-2000,0,212,-14,0
13,L,-2000,0,213,-13,0
13,L,-2000,0,214,-15,0
13,L,-2000,0,215,-13,0
13,L,-2000,0,216,-14,0
13,L,-2000,0,217,-13,0
13,L,-2000,0,218,-13,0
13,L,-2000,0,219,-14,0
13,L,-2000,0,220,-13,0
13,L,-2000,0,221,-12,0
13,L,-2000,0,222,-13,0
13,L,-2000,0,223,-13,0
13,L,-2000,0,224,-13,0
13,L,-2000,0,225,-12,0
13,L,-2000,0,226,-13,0
13,L,-2000,0,227,-12,0
13,L,-2000,0,228,-12,0
13,L,-2000,0,229,-12,0
13,L,-2000,0,230,-12,0
13,L,-2000,0,231,-12,0
13,L,-2000,0,232,-12,0
13,L,-2000,0,233,-12,0
13,L,-2000,0,234,-11,0
13,L,-2000,0,235,-12,0
13,L,-2000,0,236,-11,0
13,L,-2000,0,237,-11,0
13,L,-2000,0,238,-11,0
13,L,-2000,0,239,-12,0
13,L,-2000,0,240,-11,0
13,L,-2000,0,241,-10,0
13,L,-2000,0,242,-11,0
13,L,-2000,0,243,-11,0
13,L,-2000,0,244,-10,0
13,L,-2000,0,245,-11,0
13,L,-2000,0,246,-11,0
13,L,-2000,0,247,-9,0
13,L,-2000,0,248,-11,0
13,L,-2000,0,249,-10,0
13,L,-2000,0,250,-10,0
13,L,-2000,0,251,-10,0
13,L,-2000,0,252,-10,0
13,L,-2000,0,253,-9,0
13,L,-2000,0,254,-10,0
13,L,-2000,0,255,-9,0
13,L,-2000,0,256,-10,0
13,L,-2000,0,257,-9,0
13,L,-2000,0,258,-9,0
13,L,-2000,0,259,-9,0
13,L,-2000,0,260,-9,0
13,L,-2000,0,261,-10,0
13,L,-2000,0,262,-8,0
13,L,-2000,0,263,-9,0
13,L,-2000,0,264,-9,0
13,L,-2000,0,265,-8,0
13,L,-2000,0,266,-8,0
13,L,-2000,0,267,-9,0
13,L,-2000,0,268,-9,0
13,L,-2000,0,269,-8,0
13,L,-2000,0,270,-8,0
13,L,-2000,0,271,-8,0
13,L,-2000,0,272,-8,0
13,L,-2000,0,273,-8,0
13,L,-2000,0,274,-8,0
13,L,-2000,0,275,-8,0
13,L,-2000,0,276,-6,0
13,L,-2000,0,277,-8,0
13,L,-2000,0,278,-8,0
13,L,-2000,0,279,-7,0
13,L,-2000,0,280,-8,0
13,L,-2000,0,281,-7,0
13,L,-2000,0,282,-6,0
13,L,-2000,0,283,-8,0
13,L,-2000,0,284,-7,0
13,L,-2000,0,285,-7,0
13,L,-2000,0,286,-6,0
13,L,-2000,0,287,-7,0
13,L,-2000,0,288,-7,0
13,L,-2000,0,289,-6,0
13,L,-2000,0,290,-7,0
13,L,-2000,0,291,-6,0
13,L,-2000,0,292,-6,0
13,L,-2000,0,293,-7,0
13,L,-2000,0,294,-6,0
13,L,-2000,0,295,-6,0
13,L,-2000,0,296,-6,0
13,L,-2000,0,297,-6,0
13,L,-2000,0,298,-5,0
13,L,-2000,0,299,-7,0
13,L,-2000,0,300,-5,0
13,L,-2000,0,301,-5,0
13,L,-2000,0,302,-6,0
13,L,-2000,0,303,-5,0
13,L,-2000,0,304,-5,0
13,L,-2000,0,305,-6,0
13,L,-2000,0,306,-5,0
13,L,-2000,0,307,-5,0
13,L,-2000,0,308,-6,0
13,L,-2000,0,309,-5,0
13,L,-2000,0,310,-4,0
13,L,-2000,0,311,-5,0
13,L,-2000,0,312,-5,0
13,L,-2000,0,313,-5,0
13,L,-2000,0,314,-5,0
13,L,-2000,0,315,-4,0
13,L,-2000,0,316,-4,0
13,L,-2000,0,317,-5,0
13,L,-2000,0,318,-4,0
13,L,-2000,0,319,-4,0
13,L,-2000,0,320,-5,0
13,L,-2000,0,321,-4,0
13,L,-2000,0,322,-4,0
13,L,-2000,0,323,-5,0
13,L,-2000,0,324,-3,0
13,L,-2000,0,325,-4,0
13,L,-2000,0,326,-3,0
13,L,-2000,0,327,-4,0
13,L,-2000,0,328,-4,0
13,L,-2000,0,329,-4,0
13,L,-2000,0,330,-3,0
13,L,-2000,0,331,-4,0
13,L,-2000,0,332,-4,0
13,L,-2000,0,333,-3,0
13,L,-2000,0,334,-3,0
13,L,-2000,0,335,-3,0
13,L,-2000,0,336,-3,0
13,L,-2000,0,337,-4,0
13,L,-2000,0,338,-3,0
13,L,-2000,0,339,-2,0
13,L,-2000,0,340,-3,0
13,L,-2000,0,341,-4,0
13,L,-2000,0,342,-3,0
13,L,-2000,0,343,-2,0
13,L,-2000,0,344,-3,0
13,L,-2000,0,345,-3,0
13,L,-2000,0,346,-2,0
13,L,-2000,0,347,-3,0
13,L,-2000,0,348,-1,0
13,L,-2000,0,349,-3,0
13,L,-2000,0,350,-3,0
13,L,-2000,0,351,-2,0
13,L,-2000,0,352,-2,0
13,L,-2000,0,353,-2,0
13,L,-2000,0,354,-2,0
13,L,-2000,0,355,-2,0
13,L,-2000,0,356,-2,0
13,L,-2000,0,357,-2,0
13,L,-2000,0,358,-2,0
13,L,-2000,0,359,-2,0
13,L,-2000,0,360,-2,0
13,L,-2000,0,361,-1,0
13,L,-2000,0,362,-2,0
13,L,-2000,0,363,-2,0
13,L,-2000,0,364,-1,0
13,L,-2000,0,365,-2,0
13,L,-2000,0,366,-1,0
13,L,-2000,0,367,-1,0
13,L,-2000,0,368,-2,0
13,L,-2000,0,369,-1,0
13,L,-2000,0,370,-1,0
13,L,-2000,0,371,-2,0
13,L,-2000,0,372,-1,0
13,L,-2000,0,373,0,0
13,L,-2000,0,374,-1,0
13,L,-2000,0,375,-2,0
13,L,-2000,0,376,0,0
13,L,-2000,0,377,-1,0
13,L,-2000,0,378,-1,0
13,L,-2000,0,379,0,0
13,L,-2000,0,380,-2,0
13,L,-2000,0,381,0,0
13,L,-2000,0,382,0,0
13,L,-2000,0,383,-1,0
13,L,-2000,0,384,0,0
13,L,-2000,0,385,0,0
13,L,-2000,0,386,-1,0
13,L,-2000,0,387,0,0
13,L,-2000,0,388,0,0
13,L,-2000,0,389,0,0
13,L,-2000,0,390,-1,0
13,L,-2000,0,391,-1,0
13,L,-2000,0,392,0,0
13,L,-2000,0,393,0,0
13,L,-2000,0,394,0,0
13,L,-2000,0,395,0,0
13,L,-2000,0,396,0,0
13,L,-2000,0,397,0,0
13,L,-2000,0,398,0,0
13,L,-2000,0,399,0,0
13,L,-2000,0,400,0,0
13,L,-2000,0,401,0,0
13,L,-2000,0,402,0,0
13,L,-2000,0,403,0,0
13,L,-2000,0,404,0,0
13,L,-2000,0,405,0,0
13,L,-2000,0,406,0,0
13,L,-2000,0,407,0,0
13,L,-2000,0,408,0,0
13,L,-2000,0,409,0,0
13,L,-2000,0,410,0,0
13,L,-2000,0,411,0,0
13,L,-2000,0,412,0,0
13,L,-2000,0,413,0,0
13,L,-2000,0,414,0,0
13,L,-2000,0,415,0,0
13,L,-2000,0,416,0,0
13,L,-2000,0,417,0,0
13,L,-2000,0,418,0,0
13,L,-2000,0,419,0,0
13,L,-2000,0,420,0,0
13,L,-2000,0,421,0,0
13,L,-2000,0,422,0,0
13,L,-2000,0,423,0,0
13,L,-2000,0,424,0,0
13,L,-2000,0,425,0,0
13,L,-2000,0,426,0,0
13,L,-2000,0,427,0,0
13,L,-2000,0,428,0,0
13,L,-2000,0,429,0,0
13,L,-2000,0,430,0,0
13,L,-2000,0,431,0,0
13,L,-2000,0,432,0,0
13,L,-2000,0,433,0,0
13,L,-2000,0,434,0,0
13,L,-2000,0,435,0,0
13,L,-2000,0,436,0,0
13,L,-2000,0,437,0,0
13,L,-2000,0,438,0,0
13,L,-2000,0,439,0,0
13,L,-2000,0,440,0,0
13,L,-2000,0,441,0,0
13,L,-2000,0,442,0,0
13,L,-2000,0,443,0,0
13,L,-2000,0,444,0,0
13,L,-2000,0,445,0,0
13,L,-2000,0,446,0,0
13,L,-2000,0,447,0,0
13,L,-2000,0,448,0,0
13,L,-2000,0,449,0,0
13,L,-2000,0,450,0,0
13,L,-2000,0,451,0,0
13,L,-2000,0,452,0,0
13,L,-2000,0,453,0,0
13,L,-2000,0,454,0,0
13,L,-2000,0,455,0,0
13,L,-2000,0,456,0,0
13,L,-2000,0,457,0,0
13,L,-2000,0,458,0,0
13,L,-2000,0,459,0,0
13,L,-2000,0,460,0,0
13,L,-2000,0,461,0,0
13,L,-2000,0,462,0,0
13,L,-2000,0,463,0,0
13,L,-2000,0,464,0,0
13,L,-2000,0,465,0,0
13,L,-2000,0,466,0,0
13,L,-2000,0,467,0,0
13,L,-2000,0,468,0,0
13,L,-2000,0,469,0,0
13,L,-2000,0,470,0,0
13,L,-2000,0,471,0,0
13,L,-2000,0,472,0,0
13,L,-2000,0,473,0,0
13,L,-2000,0,474,0,0
13,L,-2000,0,475,0,0
13,L,-2000,0,476,0,0
13,L,-2000,0,477,0,0
13,L,-2000,0,478,0,0
13,L,-2000,0,479,0,0
13,L,-2000,0,480,0,0
13,L,-2000,0,481,0,0
13,L,-2000,0,482,0,0
13,L,-2000,0,483,0,0
13,L,-2000,0,484,0,0
13,L,-2000,0,485,0,0
13,L,-2000,0,486,0,0
13,L,-2000,0,487,0,0
13,L,-2000,0,488,0,0
13,L,-2000,0,489,0,0
13,L,-2000,0,490,0,0
13,L,-2000,0,491,0,0
13,L,-2000,0,492,0,0
13,L,-2000,0,493,0,0
13,L,-2000,0,494,0,0
13,L,-2000,0,495,0,0
13,L,-2000,0,496,0,0
13,L,-2000,0,497,0,0
13,L,-2000,0,498,0,0
13,L,-2000,0,499,0,0
14,L,-2000,1500,0,0,0
14,L,-2000,1500,1,0,0
14,L,-2000,1500,2,-1,0
14,L,-2000,1500,3,-3,0
14,L,-2000,1500,4,-2,0
14,L,-2000,1500,5,-4,0
14,L,-2000,1500,6,-4,0
14,L,-2000,1500,7,-5,0
14,L,-2000,1500,8,-6,0
14,L,-2000,1500,9,-5,0
14,L,-2000,1500,10,-7,0
14,L,-2000,1500,11,-7,0
14,L,-2000,1500,12,-8,0
14,L,-2000,1500,13,-7,0
14,L,-2000,1500,14,-9,0
14,L,-2000,1500,15,-8,0
14,L,-2000,1500,16,-9,0
14,L,-2000,1500,17,-8,0
14,L,-2000,1500,18,-10,0
14,L,-2000,1500,19,-10,0
14,L,-2000,1500,20,-9,0
14,L,-2000,1500,21,-11,0
14,L,-2000,1500,22,-11,0
14,L,-2000,1500,23,-10,0
14,L,-2000,1500,24,-11,0
14,L,-2000,1500,25,-11,0
14,L,-2000,1500,26,-11,0
14,L,-2000,1500,27,-11,0
14,L,-2000,1500,28,-12,0
14,L,-2000,1500,29,-12,0
14,L,-2000,1500,30,-11,0
14,L,-2000,1500,31,-12,0
14,L,-2000,1500,32,-12,0
14,L,-2000,1500,33,-12,0
14,L,-2000,1500,34,-13,0
14,L,-2000,1500,35,-12,0
14,L,-2000,1500,36,-13,0
14,L,-2000,1500,37,-13,0
14,L,-2000,1500,38,-13,0
14,L,-2000,1500,39,-12,0
14,L,-2000,1500,40,-13,0
14,L,-2000,1500,41,-14,0
14,L,-2000,1500,42,-13,0
14,L,-2000,1500,43,-13,0
14,L,-2000,1500,44,-13,0
14,L,-2000,1500,45,-13,0
14,L,-2000,1500,46,-14,0
14,L,-2000,1500,47,-13,0
14,L,-2000,1500,48,-14,0
14,L,-2000,1500,49,-13,0
14,L,-2000,1500,50,-15,0
14,L,-2000,1500,51,-13,0
14,L,-2000,1500,52,-14,0
14,L,-2000,1500,53,-13,0
14,L,-2000,1500,54,-14,0
14,L,-2000,1500,55,-14,0
14,L,-2000,1500,56,-14,0
14,L,-2000,1500,57,-14,0
14,L,-2000,1500,58,-14,0
14,L,-2000,1500,59,-14,0
14,L,-2000,1500,60,-14,0
14,L,-2000,1500,61,-14,0
14,L,-2000,1500,62,-14,0
14,L,-2000,1500,63,-14,0
14,L,-2000,1500,64,-15,0
14,L,-2000,1500,65,-13,0
14,L,-2000,1500,66,-15,0
14,L,-2000,1500,67,-14,0
14,L,-2000,1500,68,-14,0
14,L,-2000,1500,69,-14,0
14,L,-2000,1500,70,-15,0
14,L,-2000,1500,71,-14,0
14,L,-2000,1500,72,-14,0
14,L,-2000,1500,73,-15,0
14,L,-2000,1500,74,-14,0
14,L,-2000,1500,75,-15,0
14,L,-2000,1500,76,-14,0
14,L,-2000,1500,77,-14,0
14,L,-2000,1500,78,-15,0
14,L,-2000,1500,79,-14,0
14,L,-2000,1500,80,-15,0
14,L,-2000,1500,81,-15,0
14,L,-2000,1500,82,-14,0
14,L,-2000,1500,83,-15,0
14,L,-2000,1500,84,-15,0
14,L,-2000,1500,85,-14,0
14,L,-2000,1500,86,-15,0
14,L,-2000,1500,87,-15,0
14,L,-2000,1500,88,-14,0
14,L,-2000,1500,89,-15,0
14,L,-2000,1500,90,-15,0
14,L,-2000,1500,91,-14,0
14,L,-2000,1500,92,-15,0
14,L,-2000,1500,93,-15,0
14,L,-2000,1500,94,-14,0
14,L,-2000,1500,95,-16,0
14,L,-2000,1500,96,-14,0
14,L,-2000,1500,97,-16,0
14,L,-2000,1500,98,-14,0
14,L,-2000,1500,99,-15,0
14,L,-2000,1500,100,-15,0
14,L,-2000,1500,101,-14,0
14,L,-2000,1500,102,-15,0
14,L,-2000,1500,103,-16,0
14,L,-2000,1500,104,-15,0
14,L,-2000,1500,105,-14,0
14,L,-2000,1500,106,-15,0
14,L,-2000,1500,107,-15,0
14,L,-2000,1500,108,-15,0
14,L,-2000,1500,109,-15,0
14,L,-2000,1500,110,-15,0
14,L,-2000,1500,111,-16,0
14,L,-2000,1500,112,-14,0
14,L,-2000,1500,113,-15,0
14,L,-2000,1500,114,-15,0
14,L,-2000,1500,115,-15,0
14,L,-2000,1500,116,-15,0
14,L,-2000,1500,117,-15,0
14,L,-2000,1500,118,-15,0
14,L,-2000,1500,119,-15,0
14,L,-2000,1500,120,-16,0
14,L,-2000,1500,121,-14,0
14,L,-2000,1500,122,-15,0
14,L,-2000,1500,123,-16,0
14,L,-2000,1500,124,-15,0
14,L,-2000,1500,125,-14,0
14,L,-2000,1500,126,-16,0
14,L,-2000,1500,127,-15,0
14,L,-2000,1500,128,-15,0
14,L,-2000,1500,129,-15,0
14,L,-2000,1500,130,-15,0
14,L,-2000,1500,131,-15,0
14,L,-2000,1500,132,-16,0
14,L,-2000,1500,133,-15,0
14,L,-2000,1500,134,-14,0
14,L,-2000,1500,135,-16,0
14,L,-2000,1500,136,-15,0
14,L,-2000,1500,137,-15,0
14,L,-2000,1500,138,-15,0
14,L,-2000,1500,139,-15,0
14,L,-2000,1500,140,-15,0
14,L,-2000,1500,141,-16,0
14,L,-2000,1500,142,-15,0
14,L,-2000,1500,143,-14,0
14,L,-2000,1500,144,-16,0
14,L,-2000,1500,145,-15,0
14,L,-2000,1500,146,-15,0
14,L,-2000,1500,147,-16,0
14,L,-2000,1500,148,-14,0
14,L,-2000,1500,149,-16,0
14,L,-2000,1500,150,-15,0
14,L,-2000,1500,151,-15,0
14,L,-2000,1500,152,-15,0
14,L,-2000,1500,153,-15,0
14,L,-2000,1500,154,-15,0
14,L,-2000,1500,155,-16,0
14,L,-2000,1500,156,-15,0
14,L,-2000,1500,157,-15,0
14,L,-2000,1500,158,-15,0
14,L,-2000,1500,159,-15,0
14,L,-2000,1500,160,-16,0
14,L,-2000,1500,161,-15,0
14,L,-2000,1500,162,-14,0
14,L,-2000,1500,163,-16,0
14,L,-2000,1500,164,-15,0
14,L,-2000,1500,165,-15,0
14,L,-2000,1500,166,-16,0
14,L,-2000,1500,167,-14,0
14,L,-2000,1500,168,-16,0
14,L,-2000,1500,169,-15,0
14,L,-2000,1500,170,-15,0
14,L,-2000,1500,171,-16,0
14,L,-2000,1500,172,-15,0
14,L,-2000,1500,173,-14,0
14,L,-2000,1500,174,-16,0
14,L,-2000,1500,175,-15,0
14,L,-2000,1500,176,-16,0
14,L,-2000,1500,177,-14,0
14,L,-2000,1500,178,-15,0
14,L,-2000,1500,179,-16,0
14,L,-2000,1500,180,-15,0
14,L,-2000,1500,181,-15,0
14,L,-2000,1500,182,-15,0
14,L,-2000,1500,183,-15,0
14,L,-2000,1500,184,-16,0
14,L,-2000,1500,185,-15,0
14,L,-2000,1500,186,-14,0
14,L,-2000,1500,187,-16,0
14,L,-2000,1500,188,-15,0
14,L,-2000,1500,189,-15,0
14,L,-2000,1500,190,-16,0
14,L,-2000,1500,191,-14,0
14,L,-2000,1500,192,-16,0
14,L,-2000,1500,193,-15,0
14,L,-2000,1500,194,-15,0
14,L,-2000,1500,195,-16,0
14,L,-2000,1500,196,-14,0
14,L,-2000,1500,197,-16,0
14,L,-2000,1500,198,-15,0
14,L,-2000,1500,199,-16,0
14,L,-2000,1500,200,-15,0
14,L,-2000,1500,201,-14,0
14,L,-2000,1500,202,-15,0
14,L,-2000,1500,203,-13,0
14,L,-2000,1500,204,-12,0
14,L,-2000,1500,205,-12,0
14,L,-2000,1500,206,-11,0
14,L,-2000,1500,207,-11,0
14,L,-2000,1500,208,-9,0
14,L,-2000,1500,209,-9,0
14,L,-2000,1500,210,-8,0
14,L,-2000,1500,211,-8,0
14,L,-2000,1500,212,-8,0
14,L,-2000,1500,213,-7,0
14,L,-2000,1500,214,-7,0
14,L,-2000,1500,215,-5,0
14,L,-2000,1500,216,-6,0
14,L,-2000,1500,217,-5,0
14,L,-2000,1500,218,-5,0
14,L,-2000,1500,219,-5,0
14,L,-2000,1500,220,-4,0
14,L,-2000,1500,221,-3,0
14,L,-2000,1500,222,-4,0
14,L,-2000,1500,223,-3,0
14,L,-2000,1500,224,-4,0
14,L,-2000,1500,225,-2,0
14,L,-2000,1500,226,-3,0
14,L,-2000,1500,227,-1,0
14,L,-2000,1500,228,-3,0
14,L,-2000,1500,229,-1,0
14,L,-2000,1500,230,-2,0
14,L,-2000,1500,231,-1,0
14,L,-2000,1500,232,-1,0
14,L,-2000,1500,233,-2,0
14,L,-2000,1500,234,0,0
14,L,-2000,1500,235,-1,0
14,L,-2000,1500,236,0,0
14,L,-2000,1500,237,0,0
14,L,-2000,1500,238,-1,0
14,L,-2000,1500,239,0,0
14,L,-2000,1500,240,1,0
14,L,-2000,1500,241,0,0
14,L,-2000,1500,242,0,0
14,L,-2000,1500,243,0,0
14,L,-2000,1500,244,0,0
14,L,-2000,1500,245,1,0
14,L,-2000,1500,246,0,0
14,L,-2000,1500,247,0,0
14,L,-2000,1500,248,2,0
14,L,-2000,1500,249,0,0
14,L,-2000,1500,250,1,0
14,L,-2000,1500,251,0,0
14,L,-2000,1500,252,1,0
14,L,-2000,1500,253,0,0
14,L,-2000,1500,254,2,0
14,L,-2000,1500,255,0,0
14,L,-2000,1500,256,1,0
14,L,-2000,1500,257,1,0
14,L,-2000,1500,258,0,0
14,L,-2000,1500,259,2,0
14,L,-2000,1500,260,1,0
14,L,-2000,1500,261,0,0
14,L,-2000,1500,262,1,0
14,L,-2000,1500,263,1,0
14,L,-2000,1500,264,1,0
14,L,-2000,1500,265,1,0
14,L,-2000,1500,266,1,0
14,L,-2000,1500,267,2,0
14,L,-2000,1500,268,1,0
14,L,-2000,1500,269,1,0
14,L,-2000,1500,270,1,0
14,L,-2000,1500,271,1,0
14,L,-2000,1500,272,1,0
14,L,-2000,1500,273,1,0
14,L,-2000,1500,274,2,0
14,L,-2000,1500,275,1,0
14,L,-2000,1500,276,1,0
14,L,-2000,1500,277,1,0
14,L,-2000,1500,278,1,0
14,L,-2000,1500,279,1,0
14,L,-2000,1500,280,2,0
14,L,-2000,1500,281,1,0
14,L,-2000,1500,282,1,0
14,L,-2000,1500,283,1,0
14,L,-2000,1500,284,2,0
14,L,-2000,1500,285,2,0
14,L,-2000,1500,286,1,0
14,L,-2000,1500,287,2,0
14,L,-2000,1500,288,1,0
14,L,-2000,1500,289,2,0
14,L,-2000,1500,290,1,0
14,L,-2000,1500,291,1,0
14,L,-2000,1500,292,2,0
14,L,-2000,1500,293,1,0
14,L,-2000,1500,294,1,0
14,L,-2000,1500,295,2,0
14,L,-2000,1500,296,2,0
14,L,-2000,1500,297,2,0
14,L,-2000,1500,298,1,0
14,L,-2000,1500,299,1,0
14,L,-2000,1500,300,2,0
14,L,-2000,1500,301,1,0
14,L,-2000,1500,302,3,0
14,L,-2000,1500,303,1,0
14,L,-2000,1500,304,1,0
14,L,-2000,1500,305,2,0
14,L,-2000,1500,306,2,0
14,L,-2000,1500,307,2,0
14,L,-2000,1500,308,1,0
14,L,-2000,1500,309,1,0
14,L,-2000,1500,310,2,0
14,L,-2000,1500,311,2,0
14,L,-2000,1500,312,2,0
14,L,-2000,1500,313,1,0
14,L,-2000,1500,314,2,0
14,L,-2000,1500,315,2,0
14,L,-2000,1500,316,1,0
14,L,-2000,1500,317,2,0
14,L,-2000,1500,318,2,0
14,L,-2000,1500,319,2,0
14,L,-2000,1500,320,1,0
14,L,-2000,1500,321,2,0
14,L,-2000,1500,322,2,0
14,L,-2000,1500,323,1,0
14,L,-2000,1500,324,3,0
14,L,-2000,1500,325,1,0
14,L,-2000,1500,326,2,0
14,L,-2000,1500,327,2,0
14,L,-2000,1500,328,2,0
14,L,-2000,1500,329,1,0
14,L,-2000,1500,330,3,0
14,L,-2000,1500,331,1,0
14,L,-2000,1500,332,2,0
14,L,-2000,1500,333,2,0
14,L,-2000,1500,334,1,0
14,L,-2000,1500,335,3,0
14,L,-2000,1500,336,1,0
14,L,-2000,1500,337,2,0
14,L,-2000,1500,338,2,0
14,L,-2000,1500,339,2,0
14,L,-2000,1500,340,2,0
14,L,-2000,1500,341,2,0
14,L,-2000,1500,342,1,0
14,L,-2000,1500,343,3,0
14,L,-2000,1500,344,1,0
14,L,-2000,1500,345,3,0
14,L,-2000,1500,346,1,0
14,L,-2000,1500,347,3,0
14,L,-2000,1500,348,1,0
14,L,-2000,1500,349,2,0
14,L,-2000,1500,350,2,0
14,L,-2000,1500,351,2,0
14,L,-2000,1500,352,2,0
14,L,-2000,1500,353,1,0
14,L,-2000,1500,354,3,0
14,L,-2000,1500,355,1,0
14,L,-2000,1500,356,3,0
14,L,-2000,1500,357,1,0
14,L,-2000,1500,358,3,0
14,L,-2000,1500,359,1,0
14,L,-2000,1500,360,2,0
14,L,-2000,1500,361,2,0
14,L,-2000,1500,362,2,0
14,L,-2000,1500,363,2,0
14,L,-2000,1500,364,2,0
14,L,-2000,1500,365,2,0
14,L,-2000,1500,366,2,0
14,L,-2000,1500,367,2,0
14,L,-2000,1500,368,2,0
14,L,-2000,1500,369,2,0
14,L,-2000,1500,370,2,0
14,L,-2000,1500,371,2,0
14,L,-2000,1500,372,2,0
14,L,-2000,1500,373,2,0
14,L,-2000,1500,374,2,0
14,L,-2000,1500,375,2,0
14,L,-2000,1500,376,2,0
14,L,-2000,1500,377,2,0
14,L,-2000,1500,378,2,0
14,L,-2000,1500,379,2,0
14,L,-2000,1500,380,2,0
14,L,-2000,1500,381,2,0
14,L,-2000,1500,382,2,0
14,L,-2000,1500,383,2,0
14,L,-2000,1500,384,3,0
14,L,-2000,1500,385,1,0
14,L,-2000,1500,386,3,0
14,L,-2000,1500,387,1,0
14,L,-2000,1500,388,3,0
14,L,-2000,1500,389,1,0
14,L,-2000,1500,390,3,0
14,L,-2000,1500,391,2,0
14,L,-2000,1500,392,2,0
14,L,-2000,1500,393,2,0
14,L,-2000,1500,394,2,0
14,L,-2000,1500,395,2,0
14,L,-2000,1500,396,2,0
14,L,-2000,1500,397,3,0
14,L,-2000,1500,398,1,0
14,L,-2000,1500,399,3,0
14,L,-2000,1500,400,1,0
14,L,-2000,1500,401,3,0
14,L,-2000,1500,402,1,0
14,L,-2000,1500,403,3,0
14,L,-2000,1500,404,1,0
14,L,-2000,1500,405,2,0
14,L,-2000,1500,406,2,0
14,L,-2000,1500,407,1,0
14,L,-2000,1500,408,2,0
14,L,-2000,1500,409,1,0
14,L,-2000,1500,410,2,0
14,L,-2000,1500,411,2,0
14,L,-2000,1500,412,1,0
14,L,-2000,1500,413,2,0
14,L,-2000,1500,414,1,0
14,L,-2000,1500,415,1,0
14,L,-2000,1500,416,1,0
14,L,-2000,1500,417,1,0
14,L,-2000,1500,418,1,0
14,L,-2000,1500,419,1,0
14,L,-2000,1500,420,2,0
14,L,-2000,1500,421,0,0
14,L,-2000,1500,422,1,0
14,L,-2000,1500,423,1,0
14,L,-2000,1500,424,0,0
14,L,-2000,1500,425,2,0
14,L,-2000,1500,426,0,0
14,L,-2000,1500,427,1,0
14,L,-2000,1500,428,0,0
14,L,-2000,1500,429,1,0
14,L,-2000,1500,430,0,0
14,L,-2000,1500,431,0,0
14,L,-2000,1500,432,1,0
14,L,-2000,1500,433,1,0
14,L,-2000,1500,434,0,0
14,L,-2000,1500,435,0,0
14,L,-2000,1500,436,0,0
14,L,-2000,1500,437,0,0
14,L,-2000,1500,438,0,0
14,L,-2000,1500,439,0,0
14,L,-2000,1500,440,0,0
14,L,-2000,1500,441,0,0
14,L,-2000,1500,442,0,0
14,L,-2000,1500,443,0,0
14,L,-2000,1500,444,0,0
14,L,-2000,1500,445,0,0
14,L,-2000,1500,446,-1,0
14,L,-2000,1500,447,0,0
14,L,-2000,1500,448,0,0
14,L,-2000,1500,449,0,0
14,L,-2000,1500,450,0,0
14,L,-2000,1500,451,0,0
14,L,-2000,1500,452,0,0
14,L,-2000,1500,453,0,0
14,L,-2000,1500,454,0,0
14,L,-2000,1500,455,0,0
14,L,-2000,1500,456,0,0
14,L,-2000,1500,457,0,0
14,L,-2000,1500,458,0,0
14,L,-2000,1500,459,0,0
14,L,-2000,1500,460,0,0
14,L,-2000,1500,461,0,0
14,L,-2000,1500,462,0,0
14,L,-2000,1500,463,0,0
14,L,-2000,1500,464,0,0
14,L,-2000,1500,465,0,0
14,L,-2000,1500,466,0,0
14,L,-2000,1500,467,0,0
14,L,-2000,1500,468,0,0
14,L,-2000,1500,469,0,0
14,L,-2000,1500,470,0,0
14,L,-2000,1500,471,0,0
14,L,-2000,1500,472,0,0
14,L,-2000,1500,473,0,0
14,L,-2000,1500,474,0,0
14,L,-2000,1500,475,0,0
14,L,-2000,1500,476,0,0
14,L,-2000,1500,477,0,0
14,L,-2000,1500,478,0,0
14,L,-2000,1500,479,0,0
14,L,-2000,1500,480,0,0
14,L,-2000,1500,481,0,0
14,L,-2000,1500,482,0,0
14,L,-2000,1500,483,0,0
14,L,-2000,1500,484,0,0
14,L,-2000,1500,485,0,0
14,L,-2000,1500,486,0,0
14,L,-2000,1500,487,0,0
14,L,-2000,1500,488,0,0
14,L,-2000,1500,489,0,0
14,L,-2000,1500,490,0,0
14,L,-2000,1500,491,0,0
14,L,-2000,1500,492,0,0
14,L,-2000,1500,493,0,0
14,L,-2000,1500,494,0,0
14,L,-2000,1500,495,0,0
14,L,-2000,1500,496,0,0
14,L,-2000,1500,497,0,0
14,L,-2000,1500,498,0,0
14,L,-2000,1500,499,0,0
15,L,-2000,1700,0,0,0
15,L,-2000,1700,1,-1,0
15,L,-2000,1700,2,0,0
15,L,-2000,1700,3,-2,0
15,L,-2000,1700,4,-3,0
15,L,-2000,1700,5,-3,0
15,L,-2000,1700,6,-4,0
15,L,-2000,1700,7,-5,0
15,L,-2000,1700,8,-5,0
15,L,-2000,1700,9,-6,0
15,L,-2000,1700,10,-6,0
15,L,-2000,1700,11,-6,0
15,L,-2000,1700,12,-8,0
15,L,-2000,1700,13,-6,0
15,L,-2000,1700,14,-8,0
15,L,-2000,1700,15,-9,0
15,L,-2000,1700,16,-9,0
15,L,-2000,1700,17,-8,0
15,L,-2000,1700,18,-9,0
15,L,-2000,1700,19,-10,0
15,L,-2000,1700,20,-10,0
15,L,-2000,1700,21,-9,0
15,L,-2000,1700,22,-11,0
15,L,-2000,1700,23,-11,0
15,L,-2000,1700,24,-10,0
15,L,-2000,1700,25,-11,0
15,L,-2000,1700,26,-11,0
15,L,-2000,1700,27,-11,0
15,L,-2000,1700,28,-11,0
15,L,-2000,1700,29,-12,0
15,L,-2000,1700,30,-11,0
15,L,-2000,1700,31,-12,0
15,L,-2000,1700,32,-12,0
15,L,-2000,1700,33,-12,0
15,L,-2000,1700,34,-12,0
15,L,-2000,1700,35,-13,0
15,L,-2000,1700,36,-12,0
15,L,-2000,1700,37,-12,0
15,L,-2000,1700,38,-14,0
15,L,-2000,1700,39,-12,0
15,L,-2000,1700,40,-13,0
15,L,-2000,1700,41,-13,0
15,L,-2000,1700,42,-13,0
15,L,-2000,1700,43,-13,0
15,L,-2000,1700,44,-13,0
15,L,-2000,1700,45,-13,0
15,L,-2000,1700,46,-14,0
15,L,-2000,1700,47,-13,0
15,L,-2000,1700,48,-13,0
15,L,-2000,1700,49,-14,0
15,L,-2000,1700,50,-13,0
15,L,-2000,1700,51,-14,0
15,L,-2000,1700,52,-14,0
15,L,-2000,1700,53,-13,0
15,L,-2000,1700,54,-14,0
15,L,-2000,1700,55,-14,0
15,L,-2000,1700,56,-14,0
15,L,-2000,1700,57,-14,0
15,L,-2000,1700,58,-14,0
15,L,-2000,1700,59,-14,0
15,L,-2000,1700,60,-14,0
15,L,-2000,1700,61,-14,0
15,L,-2000,1700,62,-14,0
15,L,-2000,1700,63,-14,0
15,L,-2000,1700,64,-14,0
15,L,-2000,1700,65,-14,0
15,L,-2000,1700,66,-15,0
15,L,-2000,1700,67,-14,0
15,L,-2000,1700,68,-14,0
15,L,-2000,1700,69,-15,0
15,L,-2000,1700,70,-14,0
15,L,-2000,1700,71,-14,0
15,L,-2000,1700,72,-14,0
15,L,-2000,1700,73,-15,0
15,L,-2000,1700,74,-15,0
15,L,-2000,1700,75,-14,0
15,L,-2000,1700,76,-15,0
15,L,-2000,1700,77,-14,0
15,L,-2000,1700,78,-14,0
15,L,-2000,1700,79,-15,0
15,L,-2000,1700,80,-14,0
15,L,-2000,1700,81,-15,0
15,L,-2000,1700,82,-15,0
15,L,-2000,1700,83,-14,0
15,L,-2000,1700,84,-15,0
15,L,-2000,1700,85,-15,0
15,L,-2000,1700,86,-14,0
15,L,-2000,1700,87,-15,0
15,L,-2000,1700,88,-15,0
15,L,-2000,1700,89,-15,0
15,L,-2000,1700,90,-14,0
15,L,-2000,1700,91,-15,0
15,L,-2000,1700,92,-15,0
15,L,-2000,1700,93,-15,0
15,L,-2000,1700,94,-15,0
15,L,-2000,1700,95,-15,0
15,L,-2000,1700,96,-14,0
15,L,-2000,1700,97,-15,0
15,L,-2000,1700,98,-15,0
15,L,-2000,1700,99,-14,0
15,L,-2000,1700,100,-15,0
15,L,-2000,1700,101,-16,0
15,L,-2000,1700,102,-15,0
15,L,-2000,1700,103,-14,0
15,L,-2000,1700,104,-15,0
15,L,-2000,1700,105,-15,0
15,L,-2000,1700,106,-15,0
15,L,-2000,1700,107,-15,0
15,L,-2000,1700,108,-15,0
15,L,-2000,1700,109,-15,0
15,L,-2000,1700,110,-14,0
15,L,-2000,1700,111,-16,0
15,L,-2000,1700,112,-15,0
15,L,-2000,1700,113,-15,0
15,L,-2000,1700,114,-14,0
15,L,-2000,1700,115,-16,0
15,L,-2000,1700,116,-15,0
15,L,-2000,1700,117,-15,0
15,L,-2000,1700,118,-14,0
15,L,-2000,1700,119,-16,0
15,L,-2000,1700,120,-15,0
15,L,-2000,1700,121,-15,0
15,L,-2000,1700,122,-14,0
15,L,-2000,1700,123,-16,0
15,L,-2000,1700,124,-15,0
15,L,-2000,1700,125,-15,0
15,L,-2000,1700,126,-15,0
15,L,-2000,1700,127,-15,0
15,L,-2000,1700,128,-15,0
15,L,-2000,1700,129,-15,0
15,L,-2000,1700,130,-16,0
15,L,-2000,1700,131,-14,0
15,L,-2000,1700,132,-15,0
15,L,-2000,1700,133,-16,0
15,L,-2000,1700,134,-15,0
15,L,-2000,1700,135,-14,0
15,L,-2000,1700,136,-16,0
15,L,-2000,1700,137,-15,0
15,L,-2000,1700,138,-15,0
15,L,-2000,1700,139,-15,0
15,L,-2000,1700,140,-15,0
15,L,-2000,1700,141,-15,0
15,L,-2000,1700,142,-16,0
15,L,-2000,1700,143,-15,0
15,L,-2000,1700,144,-14,0
15,L,-2000,1700,145,-16,0
15,L,-2000,1700,146,-15,0
15,L,-2000,1700,147,-15,0
15,L,-2000,1700,148,-15,0
15,L,-2000,1700,149,-15,0
15,L,-2000,1700,150,-15,0
15,L,-2000,1700,151,-16,0
15,L,-2000,1700,152,-15,0
15,L,-2000,1700,153,-14,0
15,L,-2000,1700,154,-16,0
15,L,-2000,1700,155,-15,0
15,L,-2000,1700,156,-15,0
15,L,-2000,1700,157,-16,0
15,L,-2000,1700,158,-14,0
15,L,-2000,1700,159,-15,0
15,L,-2000,1700,160,-16,0
15,L,-2000,1700,161,-15,0
15,L,-2000,1700,162,-15,0
15,L,-2000,1700,163,-15,0
15,L,-2000,1700,164,-15,0
15,L,-2000,1700,165,-16,0
15,L,-2000,1700,166,-15,0
15,L,-2000,1700,167,-14,0
15,L,-2000,1700,168,-16,0
15,L,-2000,1700,169,-15,0
15,L,-2000,1700,170,-15,0
15,L,-2000,1700,171,-16,0
15,L,-2000,1700,172,-14,0
15,L,-2000,1700,173,-15,0
15,L,-2000,1700,174,-16,0
15,L,-2000,1700,175,-15,0
15,L,-2000,1700,176,-15,0
15,L,-2000,1700,177,-15,0
15,L,-2000,1700,178,-15,0
15,L,-2000,1700,179,-16,0
15,L,-2000,1700,180,-15,0
15,L,-2000,1700,181,-14,0
15,L,-2000,1700,182,-16,0
15,L,-2000,1700,183,-15,0
15,L,-2000,1700,184,-15,0
15,L,-2000,1700,185,-16,0
15,L,-2000,1700,186,-14,0
15,L,-2000,1700,187,-15,0
15,L,-2000,1700,188,-16,0
15,L,-2000,1700,189,-15,0
15,L,-2000,1700,190,-16,0
15,L,-2000,1700,191,-14,0
15,L,-2000,1700,192,-16,0
15,L,-2000,1700,193,-15,0
15,L,-2000,1700,194,-15,0
15,L,-2000,1700,195,-16,0
15,L,-2000,1700,196,-14,0
15,L,-2000,1700,197,-16,0
15,L,-2000,1700,198,-15,0
15,L,-2000,1700,199,-15,0
15,L,-2000,1700,200,-16,0
15,L,-2000,1700,201,-14,0
15,L,-2000,1700,202,-14,0
15,L,-2000,1700,203,-12,0
15,L,-2000,1700,204,-12,0
15,L,-2000,1700,205,-9,0
15,L,-2000,1700,206,-9,0
15,L,-2000,1700,207,-8,0
15,L,-2000,1700,208,-8,0
15,L,-2000,1700,209,-7,0
15,L,-2000,1700,210,-5,0
15,L,-2000,1700,211,-4,0
15,L,-2000,1700,212,-4,0
15,L,-2000,1700,213,-4,0
15,L,-2000,1700,214,-3,0
15,L,-2000,1700,215,-2,0
15,L,-2000,1700,216,-2,0
15,L,-2000,1700,217,0,0
15,L,-2000,1700,218,-1,0
15,L,-2000,1700,219,0,0
15,L,-2000,1700,220,0,0
15,L,-2000,1700,221,1,0
15,L,-2000,1700,222,1,0
15,L,-2000,1700,223,1,0
15,L,-2000,1700,224,2,0
15,L,-2000,1700,225,1,0
15,L,-2000,1700,226,2,0
15,L,-2000,1700,227,2,0
15,L,-2000,1700,228,3,0
15,L,-2000,1700,229,2,0
15,L,-2000,1700,230,3,0
15,L,-2000,1700,231,3,0
15,L,-2000,1700,232,3,0
15,L,-2000,1700,233,2,0
15,L,-2000,1700,234,4,0
15,L,-2000,1700,235,3,0
15,L,-2000,1700,236,4,0
15,L,-2000,1700,237,4,0
15,L,-2000,1700,238,4,0
15,L,-2000,1700,239,4,0
15,L,-2000,1700,240,4,0
15,L,-2000,1700,241,4,0
15,L,-2000,1700,242,4,0
15,L,-2000,1700,243,4,0
15,L,-2000,1700,244,5,0
15,L,-2000,1700,245,4,0
15,L,-2000,1700,246,5,0
15,L,-2000,1700,247,5,0
15,L,-2000,1700,248,5,0
15,L,-2000,1700,249,4,0
15,L,-2000,1700,250,5,0
15,L,-2000,1700,251,6,0
15,L,-2000,1700,252,4,0
15,L,-2000,1700,253,5,0
15,L,-2000,1700,254,5,0
15,L,-2000,1700,255,6,0
15,L,-2000,1700,256,5,0
15,L,-2000,1700,257,5,0
15,L,-2000,1700,258,6,0
15,L,-2000,1700,259,5,0
15,L,-2000,1700,260,6,0
15,L,-2000,1700,261,6,0
15,L,-2000,1700,262,5,0
15,L,-2000,1700,263,6,0
15,L,-2000,1700,264,5,0
15,L,-2000,1700,265,7,0
15,L,-2000,1700,266,5,0
15,L,-2000,1700,267,7,0
15,L,-2000,1700,268,5,0
15,L,-2000,1700,269,6,0
15,L,-2000,1700,270,6,0
15,L,-2000,1700,271,6,0
15,L,-2000,1700,272,6,0
15,L,-2000,1700,273,6,0
15,L,-2000,1700,274,6,0
15,L,-2000,1700,275,7,0
15,L,-2000,1700,276,5,0
15,L,-2000,1700,277,7,0
15,L,-2000,1700,278,6,0
15,L,-2000,1700,279,6,0
15,L,-2000,1700,280,6,0
15,L,-2000,1700,281,7,0
15,L,-2000,1700,282,7,0
15,L,-2000,1700,283,5,0
15,L,-2000,1700,284,7,0
15,L,-2000,1700,285,6,0
15,L,-2000,1700,286,7,0
15,L,-2000,1700,287,7,0
15,L,-2000,1700,288,6,0
15,L,-2000,1700,289,7,0
15,L,-2000,1700,290,6,0
15,L,-2000,1700,291,6,0
15,L,-2000,1700,292,7,0
15,L,-2000,1700,293,7,0
15,L,-2000,1700,294,6,0
15,L,-2000,1700,295,7,0
15,L,-2000,1700,296,6,0
15,L,-2000,1700,297,7,0
15,L,-2000,1700,298,7,0
15,L,-2000,1700,299,6,0
15,L,-2000,1700,300,7,0
15,L,-2000,1700,301,7,0
15,L,-2000,1700,302,7,0
15,L,-2000,1700,303,6,0
15,L,-2000,1700,304,8,0
15,L,-2000,1700,305,7,0
15,L,-2000,1700,306,6,0
15,L,-2000,1700,307,7,0
15,L,-2000,1700,308,7,0
15,L,-2000,1700,309,6,0
15,L,-2000,1700,310,7,0
15,L,-2000,1700,311,7,0
15,L,-2000,1700,312,7,0
15,L,-2000,1700,313,7,0
15,L,-2000,1700,314,7,0
15,L,-2000,1700,315,7,0
15,L,-2000,1700,316,6,0
15,L,-2000,1700,317,8,0
15,L,-2000,1700,318,7,0
15,L,-2000,1700,319,7,0
15,L,-2000,1700,320,7,0
15,L,-2000,1700,321,7,0
15,L,-2000,1700,322,7,0
15,L,-2000,1700,323,7,0
15,L,-2000,1700,324,6,0
15,L,-2000,1700,325,8,0
15,L,-2000,1700,326,7,0
15,L,-2000,1700,327,7,0
15,L,-2000,1700,328,7,0
15,L,-2000,1700,329,7,0
15,L,-2000,1700,330,7,0
15,L,-2000,1700,331,7,0
15,L,-2000,1700,332,8,0
15,L,-2000,1700,333,6,0
15,L,-2000,1700,334,7,0
15,L,-2000,1700,335,8,0
15,L,-2000,1700,336,7,0
15,L,-2000,1700,337,7,0
15,L,-2000,1700,338,7,0
15,L,-2000,1700,339,7,0
15,L,-2000,1700,340,7,0
15,L,-2000,1700,341,8,0
15,L,-2000,1700,342,6,0
15,L,-2000,1700,343,7,0
15,L,-2000,1700,344,8,0
15,L,-2000,1700,345,7,0
15,L,-2000,1700,346,8,0
15,L,-2000,1700,347,6,0
15,L,-2000,1700,348,7,0
15,L,-2000,1700,349,8,0
15,L,-2000,1700,350,7,0
15,L,-2000,1700,351,8,0
15,L,-2000,1700,352,6,0
15,L,-2000,1700,353,7,0
15,L,-2000,1700,354,8,0
15,L,-2000,1700,355,7,0
15,L,-2000,1700,356,8,0
15,L,-2000,1700,357,6,0
15,L,-2000,1700,358,8,0
15,L,-2000,1700,359,7,0
15,L,-2000,1700,360,7,0
15,L,-2000,1700,361,8,0
15,L,-2000,1700,362,6,0
15,L,-2000,1700,363,8,0
15,L,-2000,1700,364,7,0
15,L,-2000,1700,365,8,0
15,L,-2000,1700,366,7,0
15,L,-2000,1700,367,7,0
15,L,-2000,1700,368,7,0
15,L,-2000,1700,369,7,0
15,L,-2000,1700,370,8,0
15,L,-2000,1700,371,7,0
15,L,-2000,1700,372,8,0
15,L,-2000,1700,373,6,0
15,L,-2000,1700,374,8,0
15,L,-2000,1700,375,7,0
15,L,-2000,1700,376,8,0
15,L,-2000,1700,377,7,0
15,L,-2000,1700,378,7,0
15,L,-2000,1700,379,7,0
15,L,-2000,1700,380,8,0
15,L,-2000,1700,381,7,0
15,L,-2000,1700,382,8,0
15,L,-2000,1700,383,7,0
15,L,-2000,1700,384,7,0
15,L,-2000,1700,385,7,0
15,L,-2000,1700,386,7,0
15,L,-2000,1700,387,8,0
15,L,-2000,1700,388,7,0
15,L,-2000,1700,389,8,0
15,L,-2000,1700,390,6,0
15,L,-2000,1700,391,8,0
15,L,-2000,1700,392,7,0
15,L,-2000,1700,393,8,0
15,L,-2000,1700,394,7,0
15,L,-2000,1700,395,8,0
15,L,-2000,1700,396,6,0
15,L,-2000,1700,397,8,0
15,L,-2000,1700,398,7,0
15,L,-2000,1700,399,8,0
15,L,-2000,1700,400,7,0
15,L,-2000,1700,401,8,0
15,L,-2000,1700,402,6,0
15,L,-2000,1700,403,7,0
15,L,-2000,1700,404,8,0
15,L,-2000,1700,405,7,0
15,L,-2000,1700,406,6,0
15,L,-2000,1700,407,7,0
15,L,-2000,1700,408,7,0
15,L,-2000,1700,409,6,0
15,L,-2000,1700,410,7,0
15,L,-2000,1700,411,7,0
15,L,-2000,1700,412,6,0
15,L,-2000,1700,413,7,0
15,L,-2000,1700,414,5,0
15,L,-2000,1700,415,7,0
15,L,-2000,1700,416,5,0
15,L,-2000,1700,417,7,0
15,L,-2000,1700,418,5,0
15,L,-2000,1700,419,7,0
15,L,-2000,1700,420,5,0
15,L,-2000,1700,421,6,0
15,L,-2000,1700,422,5,0
15,L,-2000,1700,423,6,0
15,L,-2000,1700,424,6,0
15,L,-2000,1700,425,5,0
15,L,-2000,1700,426,6,0
15,L,-2000,1700,427,5,0
15,L,-2000,1700,428,5,0
15,L,-2000,1700,429,4,0
15,L,-2000,1700,430,6,0
15,L,-2000,1700,431,5,0
15,L,-2000,1700,432,5,0
15,L,-2000,1700,433,4,0
15,L,-2000,1700,434,5,0
15,L,-2000,1700,435,5,0
15,L,-2000,1700,436,5,0
15,L,-2000,1700,437,4,0
15,L,-2000,1700,438,4,0
15,L,-2000,1700,439,5,0
15,L,-2000,1700,440,4,0
15,L,-2000,1700,441,4,0
15,L,-2000,1700,442,4,0
15,L,-2000,1700,443,4,0
15,L,-2000,1700,444,4,0
15,L,-2000,1700,445,4,0
15,L,-2000,1700,446,4,0
15,L,-2000,1700,447,4,0
15,L,-2000,1700,448,4,0
15,L,-2000,1700,449,4,0
15,L,-2000,1700,450,3,0
15,L,-2000,1700,451,4,0
15,L,-2000,1700,452,3,0
15,L,-2000,1700,453,4,0
15,L,-2000,1700,454,3,0
15,L,-2000,1700,455,3,0
15,L,-2000,1700,456,3,0
15,L,-2000,1700,457,4,0
15,L,-2000,1700,458,3,0
15,L,-2000,1700,459,3,0
15,L,-2000,1700,460,3,0
15,L,-2000,1700,461,3,0
15,L,-2000,1700,462,3,0
15,L,-2000,1700,463,2,0
15,L,-2000,1700,464,3,0
15,L,-2000,1700,465,3,0
15,L,-2000,1700,466,2,0
15,L,-2000,1700,467,3,0
15,L,-2000,1700,468,3,0
15,L,-2000,1700,469,1,0
15,L,-2000,1700,470,3,0
15,L,-2000,1700,471,2,0
15,L,-2000,1700,472,3,0
15,L,-2000,1700,473,1,0
15,L,-2000,1700,474,3,0
15,L,-2000,1700,475,2,0
15,L,-2000,1700,476,2,0
15,L,-2000,1700,477,2,0
15,L,-2000,1700,478,2,0
15,L,-2000,1700,479,1,0
15,L,-2000,1700,480,2,0
15,L,-2000,1700,481,2,0
15,L,-2000,1700,482,2,0
15,L,-2000,1700,483,1,0
15,L,-2000,1700,484,1,0
15,L,-2000,1700,485,2,0
15,L,-2000,1700,486,1,0
15,L,-2000,1700,487,2,0
15,L,-2000,1700,488,1,0
15,L,-2000,1700,489,1,0
15,L,-2000,1700,490,1,0
15,L,-2000,1700,491,2,0
15,L,-2000,1700,492,1,0
15,L,-2000,1700,493,1,0
15,L,-2000,1700,494,1,0
15,L,-2000,1700,495,1,0
15,L,-2000,1700,496,1,0
15,L,-2000,1700,497,0,0
15,L,-2000,1700,498,1,0
15,L,-2000,1700,499,1,0
16,L,-2000,2000,0,0,0
16,L,-2000,2000,1,-1,0
16,L,-2000,2000,2,0,0
16,L,-2000,2000,3,-3,0
16,L,-2000,2000,4,-3,0
16,L,-2000,2000,5,-3,0
16,L,-2000,2000,6,-4,0
16,L,-2000,2000,7,-5,0
16,L,-2000,2000,8,-5,0
16,L,-2000,2000,9,-5,0
16,L,-2000,2000,10,-7,0
16,L,-2000,2000,11,-7,0
16,L,-2000,2000,12,-7,0
16,L,-2000,2000,13,-7,0
16,L,-2000,2000,14,-8,0
16,L,-2000,2000,15,-8,0
16,L,-2000,2000,16,-9,0
16,L,-2000,2000,17,-9,0
16,L,-2000,2000,18,-9,0
16,L,-2000,2000,19,-9,0
16,L,-2000,2000,20,-11,0
16,L,-2000,2000,21,-9,0
16,L,-2000,2000,22,-11,0
16,L,-2000,2000,23,-10,0
16,L,-2000,2000,24,-10,0
16,L,-2000,2000,25,-12,0
16,L,-2000,2000,26,-11,0
16,L,-2000,2000,27,-10,0
16,L,-2000,2000,28,-12,0
16,L,-2000,2000,29,-11,0
16,L,-2000,2000,30,-12,0
16,L,-2000,2000,31,-12,0
16,L,-2000,2000,32,-12,0
16,L,-2000,2000,33,-12,0
16,L,-2000,2000,34,-12,0
16,L,-2000,2000,35,-12,0
16,L,-2000,2000,36,-12,0
16,L,-2000,2000,37,-13,0
16,L,-2000,2000,38,-12,0
16,L,-2000,2000,39,-13,0
16,L,-2000,2000,40,-13,0
16,L,-2000,2000,41,-13,0
16,L,-2000,2000,42,-12,0
16,L,-2000,2000,43,-13,0
16,L,-2000,2000,44,-14,0
16,L,-2000,2000,45,-13,0
16,L,-2000,2000,46,-13,0
16,L,-2000,2000,47,-14,0
16,L,-2000,2000,48,-13,0
16,L,-2000,2000,49,-13,0
16,L,-2000,2000,50,-14,0
16,L,-2000,2000,51,-13,0
16,L,-2000,2000,52,-13,0
16,L,-2000,2000,53,-15,0
16,L,-2000,2000,54,-13,0
16,L,-2000,2000,55,-14,0
16,L,-2000,2000,56,-14,0
16,L,-2000,2000,57,-14,0
16,L,-2000,2000,58,-13,0
16,L,-2000,2000,59,-15,0
16,L,-2000,2000,60,-13,0
16,L,-2000,2000,61,-15,0
16,L,-2000,2000,62,-13,0
16,L,-2000,2000,63,-15,0
16,L,-2000,2000,64,-14,0
16,L,-2000,2000,65,-14,0
16,L,-2000,2000,66,-14,0
16,L,-2000,2000,67,-14,0
16,L,-2000,2000,68,-14,0
16,L,-2000,2000,69,-15,0
16,L,-2000,2000,70,-14,0
16,L,-2000,2000,71,-14,0
16,L,-2000,2000,72,-15,0
16,L,-2000,2000,73,-14,0
16,L,-2000,2000,74,-15,0
16,L,-2000,2000,75,-14,0
16,L,-2000,2000,76,-14,0
16,L,-2000,2000,77,-15,0
16,L,-2000,2000,78,-14,0
16,L,-2000,2000,79,-15,0
16,L,-2000,2000,80,-15,0
16,L,-2000,2000,81,-14,0
16,L,-2000,2000,82,-15,0
16,L,-2000,2000,83,-14,0
16,L,-2000,2000,84,-14,0
16,L,-2000,2000,85,-15,0
16,L,-2000,2000,86,-14,0
16,L,-2000,2000,87,-15,0
16,L,-2000,2000,88,-15,0
16,L,-2000,2000,89,-14,0
16,L,-2000,2000,90,-15,0
16,L,-2000,2000,91,-15,0
16,L,-2000,2000,92,-15,0
16,L,-2000,2000,93,-15,0
16,L,-2000,2000,94,-15,0
16,L,-2000,2000,95,-15,0
16,L,-2000,2000,96,-14,0
16,L,-2000,2000,97,-15,0
16,L,-2000,2000,98,-15,0
16,L,-2000,2000,99,-14,0
16,L,-2000,2000,100,-15,0
16,L,-2000,2000,101,-15,0
16,L,-2000,2000,102,-15,0
16,L,-2000,2000,103,-15,0
16,L,-2000,2000,104,-15,0
16,L,-2000,2000,105,-15,0
16,L,-2000,2000,106,-14,0
16,L,-2000,2000,107,-15,0
16,L,-2000,2000,108,-15,0
16,L,-2000,2000,109,-15,0
16,L,-2000,2000,110,-15,0
16,L,-2000,2000,111,-15,0
16,L,-2000,2000,112,-15,0
16,L,-2000,2000,113,-14,0
16,L,-2000,2000,114,-16,0
16,L,-2000,2000,115,-15,0
16,L,-2000,2000,116,-15,0
16,L,-2000,2000,117,-15,0
16,L,-2000,2000,118,-15,0
16,L,-2000,2000,119,-15,0
16,L,-2000,2000,120,-15,0
16,L,-2000,2000,121,-14,0
16,L,-2000,2000,122,-15,0
16,L,-2000,2000,123,-16,0
16,L,-2000,2000,124,-15,0
16,L,-2000,2000,125,-14,0
16,L,-2000,2000,126,-16,0
16,L,-2000,2000,127,-15,0
16,L,-2000,2000,128,-15,0
16,L,-2000,2000,129,-15,0
16,L,-2000,2000,130,-15,0
16,L,-2000,2000,131,-15,0
16,L,-2000,2000,132,-15,0
16,L,-2000,2000,133,-15,0
16,L,-2000,2000,134,-15,0
16,L,-2000,2000,135,-15,0
16,L,-2000,2000,136,-15,0
16,L,-2000,2000,137,-16,0
16,L,-2000,2000,138,-14,0
16,L,-2000,2000,139,-15,0
16,L,-2000,2000,140,-16,0
16,L,-2000,2000,141,-15,0
16,L,-2000,2000,142,-14,0
16,L,-2000,2000,143,-16,0
16,L,-2000,2000,144,-15,0
16,L,-2000,2000,145,-15,0
16,L,-2000,2000,146,-16,0
16,L,-2000,2000,147,-14,0
16,L,-2000,2000,148,-15,0
16,L,-2000,2000,149,-16,0
16,L,-2000,2000,150,-15,0
16,L,-2000,2000,151,-14,0
16,L,-2000,2000,152,-16,0
16,L,-2000,2000,153,-15,0
16,L,-2000,2000,154,-15,0
16,L,-2000,2000,155,-15,0
16,L,-2000,2000,156,-15,0
16,L,-2000,2000,157,-15,0
16,L,-2000,2000,158,-16,0
16,L,-2000,2000,159,-15,0
16,L,-2000,2000,160,-14,0
16,L,-2000,2000,161,-16,0
16,L,-2000,2000,162,-15,0
16,L,-2000,2000,163,-15,0
16,L,-2000,2000,164,-15,0
16,L,-2000,2000,165,-15,0
16,L,-2000,2000,166,-15,0
16,L,-2000,2000,167,-16,0
16,L,-2000,2000,168,-15,0
16,L,-2000,2000,169,-14,0
16,L,-2000,2000,170,-16,0
16,L,-2000,2000,171,-15,0
16,L,-2000,2000,172,-15,0
16,L,-2000,2000,173,-15,0
16,L,-2000,2000,174,-15,0
16,L,-2000,2000,175,-15,0
16,L,-2000,2000,176,-16,0
16,L,-2000,2000,177,-15,0
16,L,-2000,2000,178,-14,0
16,L,-2000,2000,179,-16,0
16,L,-2000,2000,180,-15,0
16,L,-2000,2000,181,-15,0
16,L,-2000,2000,182,-15,0
16,L,-2000,2000,183,-15,0
16,L,-2000,2000,184,-15,0
16,L,-2000,2000,185,-16,0
16,L,-2000,2000,186,-15,0
16,L,-2000,2000,187,-15,0
16,L,-2000,2000,188,-15,0
16,L,-2000,2000,189,-15,0
16,L,-2000,2000,190,-15,0
16,L,-2000,2000,191,-16,0
16,L,-2000,2000,192,-14,0
16,L,-2000,2000,193,-16,0
16,L,-2000,2000,194,-15,0
16,L,-2000,2000,195,-15,0
16,L,-2000,2000,196,-16,0
16,L,-2000,2000,197,-14,0
16,L,-2000,2000,198,-15,0
16,L,-2000,2000,199,-16,0
16,L,-2000,2000,200,-15,0
16,L,-2000,2000,201,-14,0
16,L,-2000,2000,202,-14,0
16,L,-2000,2000,203,-10,0
16,L,-2000,2000,204,-10,0
16,L,-2000,2000,205,-8,0
16,L,-2000,2000,206,-6,0
16,L,-2000,2000,207,-5,0
16,L,-2000,2000,208,-3,0
16,L,-2000,2000,209,-3,0
16,L,-2000,2000,210,-1,0
16,L,-2000,2000,211,1,0
16,L,-2000,2000,212,0,0
16,L,-2000,2000,213,3,0
16,L,-2000,2000,214,2,0
16,L,-2000,2000,215,4,0
16,L,-2000,2000,216,4,0
16,L,-2000,2000,217,4,0
16,L,-2000,2000,218,6,0
16,L,-2000,2000,219,6,0
16,L,-2000,2000,220,6,0
16,L,-2000,2000,221,7,0
16,L,-2000,2000,222,7,0
16,L,-2000,2000,223,8,0
16,L,-2000,2000,224,8,0
16,L,-2000,2000,225,8,0
16,L,-2000,2000,226,8,0
16,L,-2000,2000,227,10,0
16,L,-2000,2000,228,9,0
16,L,-2000,2000,229,9,0
16,L,-2000,2000,230,11,0
16,L,-2000,2000,231,9,0
16,L,-2000,2000,232,11,0
16,L,-2000,2000,233,11,0
16,L,-2000,2000,234,10,0
16,L,-2000,2000,235,11,0
16,L,-2000,2000,236,11,0
16,L,-2000,2000,237,12,0
16,L,-2000,2000,238,12,0
16,L,-2000,2000,239,10,0
16,L,-2000,2000,240,12,0
16,L,-2000,2000,241,12,0
16,L,-2000,2000,242,12,0
16,L,-2000,2000,243,12,0
16,L,-2000,2000,244,13,0
16,L,-2000,2000,245,13,0
16,L,-2000,2000,246,12,0
16,L,-2000,2000,247,13,0
16,L,-2000,2000,248,13,0
16,L,-2000,2000,249,12,0
16,L,-2000,2000,250,14,0
16,L,-2000,2000,251,13,0
16,L,-2000,2000,252,13,0
16,L,-2000,2000,253,13,0
16,L,-2000,2000,254,14,0
16,L,-2000,2000,255,13,0
16,L,-2000,2000,256,14,0
16,L,-2000,2000,257,13,0
16,L,-2000,2000,258,13,0
16,L,-2000,2000,259,14,0
16,L,-2000,2000,260,14,0
16,L,-2000,2000,261,14,0
16,L,-2000,2000,262,14,0
16,L,-2000,2000,263,14,0
16,L,-2000,2000,264,14,0
16,L,-2000,2000,265,15,0
16,L,-2000,2000,266,13,0
16,L,-2000,2000,267,14,0
16,L,-2000,2000,268,14,0
16,L,-2000,2000,269,15,0
16,L,-2000,2000,270,14,0
16,L,-2000,2000,271,14,0
16,L,-2000,2000,272,15,0
16,L,-2000,2000,273,14,0
16,L,-2000,2000,274,15,0
16,L,-2000,2000,275,15,0
16,L,-2000,2000,276,14,0
16,L,-2000,2000,277,15,0
16,L,-2000,2000,278,14,0
16,L,-2000,2000,279,15,0
16,L,-2000,2000,280,15,0
16,L,-2000,2000,281,15,0
16,L,-2000,2000,282,14,0
16,L,-2000,2000,283,15,0
16,L,-2000,2000,284,15,0
16,L,-2000,2000,285,14,0
16,L,-2000,2000,286,15,0
16,L,-2000,2000,287,15,0
16,L,-2000,2000,288,15,0
16,L,-2000,2000,289,15,0
16,L,-2000,2000,290,15,0
16,L,-2000,2000,291,15,0
16,L,-2000,2000,292,15,0
16,L,-2000,2000,293,15,0
16,L,-2000,2000,294,15,0
16,L,-2000,2000,295,15,0
16,L,-2000,2000,296,16,0
16,L,-2000,2000,297,14,0
16,L,-2000,2000,298,16,0
16,L,-2000,2000,299,15,0
16,L,-2000,2000,300,15,0
16,L,-2000,2000,301,15,0
16,L,-2000,2000,302,15,0
16,L,-2000,2000,303,15,0
16,L,-2000,2000,304,16,0
16,L,-2000,2000,305,15,0
16,L,-2000,2000,306,16,0
16,L,-2000,2000,307,14,0
16,L,-2000,2000,308,16,0
16,L,-2000,2000,309,15,0
16,L,-2000,2000,310,15,0
16,L,-2000,2000,311,16,0
16,L,-2000,2000,312,15,0
16,L,-2000,2000,313,15,0
16,L,-2000,2000,314,15,0
16,L,-2000,2000,315,16,0
16,L,-2000,2000,316,16,0
16,L,-2000,2000,317,15,0
16,L,-2000,2000,318,16,0
16,L,-2000,2000,319,14,0
16,L,-2000,2000,320,16,0
16,L,-2000,2000,321,15,0
16,L,-2000,2000,322,16,0
16,L,-2000,2000,323,16,0
16,L,-2000,2000,324,15,0
16,L,-2000,2000,325,15,0
16,L,-2000,2000,326,16,0
16,L,-2000,2000,327,15,0
16,L,-2000,2000,328,15,0
16,L,-2000,2000,329,16,0
16,L,-2000,2000,330,16,0
16,L,-2000,2000,331,15,0
16,L,-2000,2000,332,16,0
16,L,-2000,2000,333,15,0
16,L,-2000,2000,334,15,0
16,L,-2000,2000,335,16,0
16,L,-2000,2000,336,15,0
16,L,-2000,2000,337,16,0
16,L,-2000,2000,338,16,0
16,L,-2000,2000,339,15,0
16,L,-2000,2000,340,16,0
16,L,-2000,2000,341,16,0
16,L,-2000,2000,342,14,0
16,L,-2000,2000,343,16,0
16,L,-2000,2000,344,16,0
16,L,-2000,2000,345,15,0
16,L,-2000,2000,346,16,0
16,L,-2000,2000,347,16,0
16,L,-2000,2000,348,15,0
16,L,-2000,2000,349,16,0
16,L,-2000,2000,350,15,0
16,L,-2000,2000,351,16,0
16,L,-2000,2000,352,15,0
16,L,-2000,2000,353,16,0
16,L,-2000,2000,354,15,0
16,L,-2000,2000,355,16,0
16,L,-2000,2000,356,16,0
16,L,-2000,2000,357,16,0
16,L,-2000,2000,358,15,0
16,L,-2000,2000,359,16,0
16,L,-2000,2000,360,16,0
16,L,-2000,2000,361,15,0
16,L,-2000,2000,362,15,0
16,L,-2000,2000,363,16,0
16,L,-2000,2000,364,16,0
16,L,-2000,2000,365,15,0
16,L,-2000,2000,366,16,0
16,L,-2000,2000,367,16,0
16,L,-2000,2000,368,16,0
16,L,-2000,2000,369,15,0
16,L,-2000,2000,370,16,0
16,L,-2000,2000,371,16,0
16,L,-2000,2000,372,15,0
16,L,-2000,2000,373,15,0
16,L,-2000,2000,374,16,0
16,L,-2000,2000,375,16,0
16,L,-2000,2000,376,15,0
16,L,-2000,2000,377,16,0
16,L,-2000,2000,378,16,0
16,L,-2000,2000,379,16,0
16,L,-2000,2000,380,15,0
16,L,-2000,2000,381,16,0
16,L,-2000,2000,382,16,0
16,L,-2000,2000,383,16,0
16,L,-2000,2000,384,15,0
16,L,-2000,2000,385,15,0
16,L,-2000,2000,386,16,0
16,L,-2000,2000,387,16,0
16,L,-2000,2000,388,16,0
16,L,-2000,2000,389,15,0
16,L,-2000,2000,390,16,0
16,L,-2000,2000,391,16,0
16,L,-2000,2000,392,15,0
16,L,-2000,2000,393,16,0
16,L,-2000,2000,394,16,0
16,L,-2000,2000,395,16,0
16,L,-2000,2000,396,16,0
16,L,-2000,2000,397,15,0
16,L,-2000,2000,398,15,0
16,L,-2000,2000,399,16,0
16,L,-2000,2000,400,16,0
16,L,-2000,2000,401,15,0
16,L,-2000,2000,402,16,0
16,L,-2000,2000,403,16,0
16,L,-2000,2000,404,15,0
16,L,-2000,2000,405,15,0
16,L,-2000,2000,406,15,0
16,L,-2000,2000,407,15,0
16,L,-2000,2000,408,15,0
16,L,-2000,2000,409,14,0
16,L,-2000,2000,410,15,0
16,L,-2000,2000,411,15,0
16,L,-2000,2000,412,14,0
16,L,-2000,2000,413,14,0
16,L,-2000,2000,414,14,0
16,L,-2000,2000,415,15,0
16,L,-2000,2000,416,13,0
16,L,-2000,2000,417,14,0
16,L,-2000,2000,418,14,0
16,L,-2000,2000,419,14,0
16,L,-2000,2000,420,13,0
16,L,-2000,2000,421,13,0
16,L,-2000,2000,422,14,0
16,L,-2000,2000,423,13,0
16,L,-2000,2000,424,13,0
16,L,-2000,2000,425,12,0
16,L,-2000,2000,426,14,0
16,L,-2000,2000,427,13,0
16,L,-2000,2000,428,12,0
16,L,-2000,2000,429,12,0
16,L,-2000,2000,430,13,0
16,L,-2000,2000,431,12,0
16,L,-2000,2000,432,12,0
16,L,-2000,2000,433,12,0
16,L,-2000,2000,434,12,0
16,L,-2000,2000,435,12,0
16,L,-2000,2000,436,12,0
16,L,-2000,2000,437,12,0
16,L,-2000,2000,438,12,0
16,L,-2000,2000,439,11,0
16,L,-2000,2000,440,12,0
16,L,-2000,2000,441,11,0
16,L,-2000,2000,442,12,0
16,L,-2000,2000,443,10,0
16,L,-2000,2000,444,11,0
16,L,-2000,2000,445,11,0
16,L,-2000,2000,446,11,0
16,L,-2000,2000,447,11,0
16,L,-2000,2000,448,11,0
16,L,-2000,2000,449,10,0
16,L,-2000,2000,450,10,0
16,L,-2000,2000,451,11,0
16,L,-2000,2000,452,10,0
16,L,-2000,2000,453,10,0
16,L,-2000,2000,454,10,0
16,L,-2000,2000,455,11,0
16,L,-2000,2000,456,9,0
16,L,-2000,2000,457,10,0
16,L,-2000,2000,458,10,0
16,L,-2000,2000,459,10,0
16,L,-2000,2000,460,9,0
16,L,-2000,2000,461,9,0
16,L,-2000,2000,462,10,0
16,L,-2000,2000,463,9,0
16,L,-2000,2000,464,9,0
16,L,-2000,2000,465,10,0
16,L,-2000,2000,466,9,0
16,L,-2000,2000,467,8,0
16,L,-2000,2000,468,9,0
16,L,-2000,2000,469,9,0
16,L,-2000,2000,470,9,0
16,L,-2000,2000,471,8,0
16,L,-2000,2000,472,9,0
16,L,-2000,2000,473,8,0
16,L,-2000,2000,474,8,0
16,L,-2000,2000,475,9,0
16,L,-2000,2000,476,8,0
16,L,-2000,2000,477,8,0
16,L,-2000,2000,478,8,0
16,L,-2000,2000,479,8,0
16,L,-2000,2000,480,7,0
16,L,-2000,2000,481,8,0
16,L,-2000,2000,482,8,0
16,L,-2000,2000,483,8,0
16,L,-2000,2000,484,7,0
16,L,-2000,2000,485,8,0
16,L,-2000,2000,486,6,0
16,L,-2000,2000,487,8,0
16,L,-2000,2000,488,7,0
16,L,-2000,2000,489,7,0
16,L,-2000,2000,490,8,0
16,L,-2000,2000,491,6,0
16,L,-2000,2000,492,7,0
16,L,-2000,2000,493,7,0
16,L,-2000,2000,494,6,0
16,L,-2000,2000,495,7,0
16,L,-2000,2000,496,7,0
16,L,-2000,2000,497,6,0
16,L,-2000,2000,498,7,0
16,L,-2000,2000,499,5,0
17,L,-2000,2800,0,0,0
17,L,-2000,2800,1,0,0
17,L,-2000,2800,2,-2,0
17,L,-2000,2800,3,-2,0
17,L,-2000,2800,4,-3,0
17,L,-2000,2800,5,-3,0
17,L,-2000,2800,6,-4,0
17,L,-2000,2800,7,-5,0
17,L,-2000,2800,8,-5,0
17,L,-2000,2800,9,-6,0
17,L,-2000,2800,10,-6,0
17,L,-2000,2800,11,-7,0
17,L,-2000,2800,12,-7,0
17,L,-2000,2800,13,-8,0
17,L,-2000,2800,14,-7,0
17,L,-2000,2800,15,-9,0
17,L,-2000,2800,16,-8,0
17,L,-2000,2800,17,-9,0
17,L,-2000,2800,18,-9,0
17,L,-2000,2800,19,-10,0
17,L,-2000,2800,20,-9,0
17,L,-2000,2800,21,-10,0
17,L,-2000,2800,22,-10,0
17,L,-2000,2800,23,-11,0
17,L,-2000,2800,24,-10,0
17,L,-2000,2800,25,-11,0
17,L,-2000,2800,26,-11,0
17,L,-2000,2800,27,-12,0
17,L,-2000,2800,28,-10,0
17,L,-2000,2800,29,-12,0
17,L,-2000,2800,30,-12,0
17,L,-2000,2800,31,-11,0
17,L,-2000,2800,32,-12,0
17,L,-2000,2800,33,-12,0
17,L,-2000,2800,34,-13,0
17,L,-2000,2800,35,-12,0
17,L,-2000,2800,36,-12,0
17,L,-2000,2800,37,-12,0
17,L,-2000,2800,38,-13,0
17,L,-2000,2800,39,-13,0
17,L,-2000,2800,40,-13,0
17,L,-2000,2800,41,-12,0
17,L,-2000,2800,42,-13,0
17,L,-2000,2800,43,-14,0
17,L,-2000,2800,44,-13,0
17,L,-2000,2800,45,-12,0
17,L,-2000,2800,46,-14,0
17,L,-2000,2800,47,-13,0
17,L,-2000,2800,48,-13,0
17,L,-2000,2800,49,-14,0
17,L,-2000,2800,50,-14,0
17,L,-2000,2800,51,-13,0
17,L,-2000,2800,52,-14,0
17,L,-2000,2800,53,-13,0
17,L,-2000,2800,54,-14,0
17,L,-2000,2800,55,-14,0
17,L,-2000,2800,56,-13,0
17,L,-2000,2800,57,-14,0
17,L,-2000,2800,58,-14,0
17,L,-2000,2800,59,-14,0
17,L,-2000,2800,60,-14,0
17,L,-2000,2800,61,-14,0
17,L,-2000,2800,62,-14,0
17,L,-2000,2800,63,-14,0
17,L,-2000,2800,64,-14,0
17,L,-2000,2800,65,-14,0
17,L,-2000,2800,66,-14,0
17,L,-2000,2800,67,-15,0
17,L,-2000,2800,68,-13,0
17,L,-2000,2800,69,-15,0
17,L,-2000,2800,70,-15,0
17,L,-2000,2800,71,-14,0
17,L,-2000,2800,72,-14,0
17,L,-2000,2800,73,-14,0
17,L,-2000,2800,74,-15,0
17,L,-2000,2800,75,-15,0
17,L,-2000,2800,76,-14,0
17,L,-2000,2800,77,-14,0
17,L,-2000,2800,78,-14,0
17,L,-2000,2800,79,-15,0
17,L,-2000,2800,80,-15,0
17,L,-2000,2800,81,-14,0
17,L,-2000,2800,82,-15,0
17,L,-2000,2800,83,-15,0
17,L,-2000,2800,84,-14,0
17,L,-2000,2800,85,-15,0
17,L,-2000,2800,86,-15,0
17,L,-2000,2800,87,-14,0
17,L,-2000,2800,88,-15,0
17,L,-2000,2800,89,-15,0
17,L,-2000,2800,90,-14,0
17,L,-2000,2800,91,-15,0
17,L,-2000,2800,92,-15,0
17,L,-2000,2800,93,-14,0
17,L,-2000,2800,94,-15,0
17,L,-2000,2800,95,-15,0
17,L,-2000,2800,96,-14,0
17,L,-2000,2800,97,-15,0
17,L,-2000,2800,98,-15,0
17,L,-2000,2800,99,-15,0
17,L,-2000,2800,100,-15,0
17,L,-2000,2800,101,-15,0
17,L,-2000,2800,102,-15,0
17,L,-2000,2800,103,-14,0
17,L,-2000,2800,104,-15,0
17,L,-2000,2800,105,-15,0
17,L,-2000,2800,106,-15,0
17,L,-2000,2800,107,-15,0
17,L,-2000,2800,108,-15,0
17,L,-2000,2800,109,-15,0
17,L,-2000,2800,110,-14,0
17,L,-2000,2800,111,-15,0
17,L,-2000,2800,112,-16,0
17,L,-2000,2800,113,-15,0
17,L,-2000,2800,114,-14,0
17,L,-2000,2800,115,-15,0
17,L,-2000,2800,116,-16,0
17,L,-2000,2800,117,-15,0
17,L,-2000,2800,118,-14,0
17,L,-2000,2800,119,-15,0
17,L,-2000,2800,120,-16,0
17,L,-2000,2800,121,-15,0
17,L,-2000,2800,122,-14,0
17,L,-2000,2800,123,-15,0
17,L,-2000,2800,124,-16,0
17,L,-2000,2800,125,-15,0
17,L,-2000,2800,126,-14,0
17,L,-2000,2800,127,-15,0
17,L,-2000,2800,128,-16,0
17,L,-2000,2800,129,-15,0
17,L,-2000,2800,130,-14,0
17,L,-2000,2800,131,-15,0
17,L,-2000,2800,132,-16,0
17,L,-2000,2800,133,-15,0
17,L,-2000,2800,134,-14,0
17,L,-2000,2800,135,-16,0
17,L,-2000,2800,136,-15,0
17,L,-2000,2800,137,-15,0
17,L,-2000,2800,138,-15,0
17,L,-2000,2800,139,-15,0
17,L,-2000,2800,140,-15,0
17,L,-2000,2800,141,-15,0
17,L,-2000,2800,142,-16,0
17,L,-2000,2800,143,-14,0
17,L,-2000,2800,144,-15,0
17,L,-2000,2800,145,-16,0
17,L,-2000,2800,146,-15,0
17,L,-2000,2800,147,-14,0
17,L,-2000,2800,148,-16,0
17,L,-2000,2800,149,-15,0
17,L,-2000,2800,150,-15,0
17,L,-2000,2800,151,-16,0
17,L,-2000,2800,152,-14,0
17,L,-2000,2800,153,-15,0
17,L,-2000,2800,154,-15,0
17,L,-2000,2800,155,-16,0
17,L,-2000,2800,156,-14,0
17,L,-2000,2800,157,-15,0
17,L,-2000,2800,158,-16,0
17,L,-2000,2800,159,-15,0
17,L,-2000,2800,160,-14,0
17,L,-2000,2800,161,-16,0
17,L,-2000,2800,162,-15,0
17,L,-2000,2800,163,-15,0
17,L,-2000,2800,164,-16,0
17,L,-2000,2800,165,-14,0
17,L,-2000,2800,166,-15,0
17,L,-2000,2800,167,-16,0
17,L,-2000,2800,168,-15,0
17,L,-2000,2800,169,-14,0
17,L,-2000,2800,170,-16,0
17,L,-2000,2800,171,-15,0
17,L,-2000,2800,172,-15,0
17,L,-2000,2800,173,-15,0
17,L,-2000,2800,174,-15,0
17,L,-2000,2800,175,-15,0
17,L,-2000,2800,176,-16,0
17,L,-2000,2800,177,-15,0
17,L,-2000,2800,178,-14,0
17,L,-2000,2800,179,-16,0
17,L,-2000,2800,180,-15,0
17,L,-2000,2800,181,-15,0
17,L,-2000,2800,182,-15,0
17,L,-2000,2800,183,-15,0
17,L,-2000,2800,184,-15,0
17,L,-2000,2800,185,-16,0
17,L,-2000,2800,186,-15,0
17,L,-2000,2800,187,-14,0
17,L,-2000,2800,188,-16,0
17,L,-2000,2800,189,-15,0
17,L,-2000,2800,190,-15,0
17,L,-2000,2800,191,-16,0
17,L,-2000,2800,192,-14,0
17,L,-2000,2800,193,-15,0
17,L,-2000,2800,194,-16,0
17,L,-2000,2800,195,-15,0
17,L,-2000,2800,196,-15,0
17,L,-2000,2800,197,-15,0
17,L,-2000,2800,198,-15,0
17,L,-2000,2800,199,-16,0
17,L,-2000,2800,200,-15,0
17,L,-2000,2800,201,-14,0
17,L,-2000,2800,202,-11,0
17,L,-2000,2800,203,-9,0
17,L,-2000,2800,204,-6,0
17,L,-2000,2800,205,-4,0
17,L,-2000,2800,206,0,0
17,L,-2000,2800,207,2,0
17,L,-2000,2800,208,4,0
17,L,-2000,2800,209,6,0
17,L,-2000,2800,210,9,0
17,L,-2000,2800,211,10,0
17,L,-2000,2800,212,13,0
17,L,-2000,2800,213,13,0
17,L,-2000,2800,214,15,0
17,L,-2000,2800,215,16,0
17,L,-2000,2800,216,19,0
17,L,-2000,2800,217,19,0
17,L,-2000,2800,218,20,0
17,L,-2000,2800,219,21,0
17,L,-2000,2800,220,21,0
17,L,-2000,2800,221,24,0
17,L,-2000,2800,222,23,0
17,L,-2000,2800,223,25,0
17,L,-2000,2800,224,24,0
17,L,-2000,2800,225,27,0
17,L,-2000,2800,226,25,0
17,L,-2000,2800,227,27,0
17,L,-2000,2800,228,28,0
17,L,-2000,2800,229,28,0
17,L,-2000,2800,230,28,0
17,L,-2000,2800,231,29,0
17,L,-2000,2800,232,29,0
17,L,-2000,2800,233,30,0
17,L,-2000,2800,234,29,0
17,L,-2000,2800,235,31,0
17,L,-2000,2800,236,31,0
17,L,-2000,2800,237,30,0
17,L,-2000,2800,238,31,0
17,L,-2000,2800,239,32,0
17,L,-2000,2800,240,32,0
17,L,-2000,2800,241,33,0
17,L,-2000,2800,242,32,0
17,L,-2000,2800,243,32,0
17,L,-2000,2800,244,34,0
17,L,-2000,2800,245,33,0
17,L,-2000,2800,246,33,0
17,L,-2000,2800,247,33,0
17,L,-2000,2800,248,34,0
17,L,-2000,2800,249,33,0
17,L,-2000,2800,250,35,0
17,L,-2000,2800,251,33,0
17,L,-2000,2800,252,35,0
17,L,-2000,2800,253,35,0
17,L,-2000,2800,254,34,0
17,L,-2000,2800,255,35,0
17,L,-2000,2800,256,35,0
17,L,-2000,2800,257,34,0
17,L,-2000,2800,258,35,0
17,L,-2000,2800,259,36,0
17,L,-2000,2800,260,35,0
17,L,-2000,2800,261,35,0
17,L,-2000,2800,262,35,0
17,L,-2000,2800,263,36,0
17,L,-2000,2800,264,35,0
17,L,-2000,2800,265,36,0
17,L,-2000,2800,266,36,0
17,L,-2000,2800,267,36,0
17,L,-2000,2800,268,36,0
17,L,-2000,2800,269,36,0
17,L,-2000,2800,270,35,0
17,L,-2000,2800,271,36,0
17,L,-2000,2800,272,37,0
17,L,-2000,2800,273,37,0
17,L,-2000,2800,274,35,0
17,L,-2000,2800,275,36,0
17,L,-2000,2800,276,36,0
17,L,-2000,2800,277,36,0
17,L,-2000,2800,278,37,0
17,L,-2000,2800,279,36,0
17,L,-2000,2800,280,36,0
17,L,-2000,2800,281,37,0
17,L,-2000,2800,282,37,0
17,L,-2000,2800,283,36,0
17,L,-2000,2800,284,37,0
17,L,-2000,2800,285,36,0
17,L,-2000,2800,286,37,0
17,L,-2000,2800,287,36,0
17,L,-2000,2800,288,37,0
17,L,-2000,2800,289,37,0
17,L,-2000,2800,290,36,0
17,L,-2000,2800,291,37,0
17,L,-2000,2800,292,37,0
17,L,-2000,2800,293,36,0
17,L,-2000,2800,294,38,0
17,L,-2000,2800,295,36,0
17,L,-2000,2800,296,37,0
17,L,-2000,2800,297,37,0
17,L,-2000,2800,298,36,0
17,L,-2000,2800,299,38,0
17,L,-2000,2800,300,37,0
17,L,-2000,2800,301,36,0
17,L,-2000,2800,302,37,0
17,L,-2000,2800,303,38,0
17,L,-2000,2800,304,36,0
17,L,-2000,2800,305,37,0
17,L,-2000,2800,306,37,0
17,L,-2000,2800,307,37,0
17,L,-2000,2800,308,37,0
17,L,-2000,2800,309,37,0
17,L,-2000,2800,310,37,0
17,L,-2000,2800,311,38,0
17,L,-2000,2800,312,36,0
17,L,-2000,2800,313,37,0
17,L,-2000,2800,314,37,0
17,L,-2000,2800,315,38,0
17,L,-2000,2800,316,37,0
17,L,-2000,2800,317,37,0
17,L,-2000,2800,318,37,0
17,L,-2000,2800,319,37,0
17,L,-2000,2800,320,37,0
17,L,-2000,2800,321,37,0
17,L,-2000,2800,322,38,0
17,L,-2000,2800,323,37,0
17,L,-2000,2800,324,37,0
17,L,-2000,2800,325,37,0
17,L,-2000,2800,326,37,0
17,L,-2000,2800,327,37,0
17,L,-2000,2800,328,37,0
17,L,-2000,2800,329,38,0
17,L,-2000,2800,330,37,0
17,L,-2000,2800,331,37,0
17,L,-2000,2800,332,37,0
17,L,-2000,2800,333,37,0
17,L,-2000,2800,334,38,0
17,L,-2000,2800,335,36,0
17,L,-2000,2800,336,38,0
17,L,-2000,2800,337,37,0
17,L,-2000,2800,338,37,0
17,L,-2000,2800,339,38,0
17,L,-2000,2800,340,37,0
17,L,-2000,2800,341,37,0
17,L,-2000,2800,342,38,0
17,L,-2000,2800,343,37,0
17,L,-2000,2800,344,37,0
17,L,-2000,2800,345,37,0
17,L,-2000,2800,346,37,0
17,L,-2000,2800,347,37,0
17,L,-2000,2800,348,37,0
17,L,-2000,2800,349,38,0
17,L,-2000,2800,350,37,0
17,L,-2000,2800,351,37,0
17,L,-2000,2800,352,38,0
17,L,-2000,2800,353,37,0
17,L,-2000,2800,354,37,0
17,L,-2000,2800,355,38,0
17,L,-2000,2800,356,37,0
17,L,-2000,2800,357,37,0
17,L,-2000,2800,358,38,0
17,L,-2000,2800,359,37,0
17,L,-2000,2800,360,37,0
17,L,-2000,2800,361,38,0
17,L,-2000,2800,362,37,0
17,L,-2000,2800,363,37,0
17,L,-2000,2800,364,38,0
17,L,-2000,2800,365,37,0
17,L,-2000,2800,366,37,0
17,L,-2000,2800,367,38,0
17,L,-2000,2800,368,37,0
17,L,-2000,2800,369,37,0
17,L,-2000,2800,370,38,0
17,L,-2000,2800,371,37,0
17,L,-2000,2800,372,37,0
17,L,-2000,2800,373,37,0
17,L,-2000,2800,374,38,0
17,L,-2000,2800,375,37,0
17,L,-2000,2800,376,37,0
17,L,-2000,2800,377,38,0
17,L,-2000,2800,378,36,0
17,L,-2000,2800,379,37,0
17,L,-2000,2800,380,38,0
17,L,-2000,2800,381,37,0
17,L,-2000,2800,382,38,0
17,L,-2000,2800,383,37,0
17,L,-2000,2800,384,37,0
17,L,-2000,2800,385,37,0
17,L,-2000,2800,386,38,0
17,L,-2000,2800,387,37,0
17,L,-2000,2800,388,37,0
17,L,-2000,2800,389,38,0
17,L,-2000,2800,390,37,0
17,L,-2000,2800,391,37,0
17,L,-2000,2800,392,38,0
17,L,-2000,2800,393,37,0
17,L,-2000,2800,394,38,0
17,L,-2000,2800,395,38,0
17,L,-2000,2800,396,36,0
17,L,-2000,2800,397,38,0
17,L,-2000,2800,398,37,0
17,L,-2000,2800,399,37,0
17,L,-2000,2800,400,38,0
17,L,-2000,2800,401,37,0
17,L,-2000,2800,402,37,0
17,L,-2000,2800,403,37,0
17,L,-2000,2800,404,36,0
17,L,-2000,2800,405,38,0
17,L,-2000,2800,406,36,0
17,L,-2000,2800,407,36,0
17,L,-2000,2800,408,36,0
17,L,-2000,2800,409,36,0
17,L,-2000,2800,410,35,0
17,L,-2000,2800,411,35,0
17,L,-2000,2800,412,36,0
17,L,-2000,2800,413,35,0
17,L,-2000,2800,414,35,0
17,L,-2000,2800,415,34,0
17,L,-2000,2800,416,35,0
17,L,-2000,2800,417,35,0
17,L,-2000,2800,418,33,0
17,L,-2000,2800,419,35,0
17,L,-2000,2800,420,33,0
17,L,-2000,2800,421,33,0
17,L,-2000,2800,422,35,0
17,L,-2000,2800,423,32,0
17,L,-2000,2800,424,33,0
17,L,-2000,2800,425,34,0
17,L,-2000,2800,426,33,0
17,L,-2000,2800,427,32,0
17,L,-2000,2800,428,32,0
17,L,-2000,2800,429,33,0
17,L,-2000,2800,430,32,0
17,L,-2000,2800,431,32,0
17,L,-2000,2800,432,32,0
17,L,-2000,2800,433,31,0
17,L,-2000,2800,434,32,0
17,L,-2000,2800,435,31,0
17,L,-2000,2800,436,32,0
17,L,-2000,2800,437,30,0
17,L,-2000,2800,438,31,0
17,L,-2000,2800,439,29,0
17,L,-2000,2800,440,32,0
17,L,-2000,2800,441,30,0
17,L,-2000,2800,442,30,0
17,L,-2000,2800,443,31,0
17,L,-2000,2800,444,29,0
17,L,-2000,2800,445,30,0
17,L,-2000,2800,446,29,0
17,L,-2000,2800,447,29,0
17,L,-2000,2800,448,30,0
17,L,-2000,2800,449,29,0
17,L,-2000,2800,450,28,0
17,L,-2000,2800,451,29,0
17,L,-2000,2800,452,28,0
17,L,-2000,2800,453,29,0
17,L,-2000,2800,454,28,0
17,L,-2000,2800,455,29,0
17,L,-2000,2800,456,28,0
17,L,-2000,2800,457,27,0
17,L,-2000,2800,458,27,0
17,L,-2000,2800,459,28,0
17,L,-2000,2800,460,27,0
17,L,-2000,2800,461,27,0
17,L,-2000,2800,462,28,0
17,L,-2000,2800,463,26,0
17,L,-2000,2800,464,27,0
17,L,-2000,2800,465,27,0
17,L,-2000,2800,466,25,0
17,L,-2000,2800,467,27,0
17,L,-2000,2800,468,26,0
17,L,-2000,2800,469,26,0
17,L,-2000,2800,470,25,0
17,L,-2000,2800,471,26,0
17,L,-2000,2800,472,26,0
17,L,-2000,2800,473,25,0
17,L,-2000,2800,474,26,0
17,L,-2000,2800,475,25,0
17,L,-2000,2800,476,24,0
17,L,-2000,2800,477,25,0
17,L,-2000,2800,478,24,0
17,L,-2000,2800,479,25,0
17,L,-2000,2800,480,25,0
17,L,-2000,2800,481,24,0
17,L,-2000,2800,482,24,0
17,L,-2000,2800,483,24,0
17,L,-2000,2800,484,24,0
17,L,-2000,2800,485,22,0
17,L,-2000,2800,486,24,0
17,L,-2000,2800,487,23,0
17,L,-2000,2800,488,24,0
17,L,-2000,2800,489,23,0
17,L,-2000,2800,490,22,0
17,L,-2000,2800,491,23,0
17,L,-2000,2800,492,23,0
17,L,-2000,2800,493,22,0
17,L,-2000,2800,494,23,0
17,L,-2000,2800,495,21,0
17,L,-2000,2800,496,23,0
17,L,-2000,2800,497,22,0
17,L,-2000,2800,498,22,0
17,L,-2000,2800,499,21,0
18,L,-2000,-1600,0,0,0
18,L,-2000,-1600,1,0,0
18,L,-2000,-1600,2,-1,0
18,L,-2000,-1600,3,-1,0
18,L,-2000,-1600,4,-3,0
18,L,-2000,-1600,5,-4,0
18,L,-2000,-1600,6,-4,0
18,L,-2000,-1600,7,-5,0
18,L,-2000,-1600,8,-6,0
18,L,-2000,-1600,9,-5,0
18,L,-2000,-1600,10,-7,0
18,L,-2000,-1600,11,-6,0
18,L,-2000,-1600,12,-8,0
18,L,-2000,-1600,13,-7,0
18,L,-2000,-1600,14,-9,0
18,L,-2000,-1600,15,-8,0
18,L,-2000,-1600,16,-9,0
18,L,-2000,-1600,17,-9,0
18,L,-2000,-1600,18,-9,0
18,L,-2000,-1600,19,-9,0
18,L,-2000,-1600,20,-11,0
18,L,-2000,-1600,21,-9,0
18,L,-2000,-1600,22,-11,0
18,L,-2000,-1600,23,-11,0
18,L,-2000,-1600,24,-10,0
18,L,-2000,-1600,25,-11,0
18,L,-2000,-1600,26,-11,0
18,L,-2000,-1600,27,-12,0
18,L,-2000,-1600,28,-11,0
18,L,-2000,-1600,29,-11,0
18,L,-2000,-1600,30,-12,0
18,L,-2000,-1600,31,-12,0
18,L,-2000,-1600,32,-12,0
18,L,-2000,-1600,33,-12,0
18,L,-2000,-1600,34,-13,0
18,L,-2000,-1600,35,-13,0
18,L,-2000,-1600,36,-12,0
18,L,-2000,-1600,37,-12,0
18,L,-2000,-1600,38,-13,0
18,L,-2000,-1600,39,-13,0
18,L,-2000,-1600,40,-12,0
18,L,-2000,-1600,41,-14,0
18,L,-2000,-1600,42,-13,0
18,L,-2000,-1600,43,-13,0
18,L,-2000,-1600,44,-13,0
18,L,-2000,-1600,45,-14,0
18,L,-2000,-1600,46,-13,0
18,L,-2000,-1600,47,-13,0
18,L,-2000,-1600,48,-14,0
18,L,-2000,-1600,49,-13,0
18,L,-2000,-1600,50,-14,0
18,L,-2000,-1600,51,-13,0
18,L,-2000,-1600,52,-15,0
18,L,-2000,-1600,53,-13,0
18,L,-2000,-1600,54,-14,0
18,L,-2000,-1600,55,-14,0
18,L,-2000,-1600,56,-13,0
18,L,-2000,-1600,57,-15,0
18,L,-2000,-1600,58,-13,0
18,L,-2000,-1600,59,-15,0
18,L,-2000,-1600,60,-13,0
18,L,-2000,-1600,61,-15,0
18,L,-2000,-1600,62,-14,0
18,L,-2000,-1600,63,-14,0
18,L,-2000,-1600,64,-15,0
18,L,-2000,-1600,65,-14,0
18,L,-2000,-1600,66,-14,0
18,L,-2000,-1600,67,-14,0
18,L,-2000,-1600,68,-15,0
18,L,-2000,-1600,69,-15,0
18,L,-2000,-1600,70,-14,0
18,L,-2000,-1600,71,-14,0
18,L,-2000,-1600,72,-14,0
18,L,-2000,-1600,73,-15,0
18,L,-2000,-1600,74,-15,0
18,L,-2000,-1600,75,-14,0
18,L,-2000,-1600,76,-15,0
18,L,-2000,-1600,77,-15,0
18,L,-2000,-1600,78,-14,0
18,L,-2000,-1600,79,-15,0
18,L,-2000,-1600,80,-15,0
18,L,-2000,-1600,81,-14,0
18,L,-2000,-1600,82,-15,0
18,L,-2000,-1600,83,-15,0
18,L,-2000,-1600,84,-14,0
18,L,-2000,-1600,85,-15,0
18,L,-2000,-1600,86,-15,0
18,L,-2000,-1600,87,-15,0
18,L,-2000,-1600,88,-15,0
18,L,-2000,-1600,89,-15,0
18,L,-2000,-1600,90,-15,0
18,L,-2000,-1600,91,-14,0
18,L,-2000,-1600,92,-15,0
18,L,-2000,-1600,93,-15,0
18,L,-2000,-1600,94,-15,0
18,L,-2000,-1600,95,-15,0
18,L,-2000,-1600,96,-15,0
18,L,-2000,-1600,97,-15,0
18,L,-2000,-1600,98,-15,0
18,L,-2000,-1600,99,-15,0
18,L,-2000,-1600,100,-15,0
18,L,-2000,-1600,101,-15,0
18,L,-2000,-1600,102,-15,0
18,L,-2000,-1600,103,-15,0
18,L,-2000,-1600,104,-15,0
18,L,-2000,-1600,105,-15,0
18,L,-2000,-1600,106,-16,0
18,L,-2000,-1600,107,-14,0
18,L,-2000,-1600,108,-15,0
18,L,-2000,-1600,109,-15,0
18,L,-2000,-1600,110,-16,0
18,L,-2000,-1600,111,-14,0
18,L,-2000,-1600,112,-16,0
18,L,-2000,-1600,113,-15,0
18,L,-2000,-1600,114,-15,0
18,L,-2000,-1600,115,-15,0
18,L,-2000,-1600,116,-15,0
18,L,-2000,-1600,117,-15,0
18,L,-2000,-1600,118,-15,0
18,L,-2000,-1600,119,-16,0
18,L,-2000,-1600,120,-14,0
18,L,-2000,-1600,121,-16,0
18,L,-2000,-1600,122,-15,0
18,L,-2000,-1600,123,-15,0
18,L,-2000,-1600,124,-15,0
18,L,-2000,-1600,125,-15,0
18,L,-2000,-1600,126,-15,0
18,L,-2000,-1600,127,-16,0
18,L,-2000,-1600,128,-15,0
18,L,-2000,-1600,129,-15,0
18,L,-2000,-1600,130,-15,0
18,L,-2000,-1600,131,-15,0
18,L,-2000,-1600,132,-16,0
18,L,-2000,-1600,133,-15,0
18,L,-2000,-1600,134,-14,0
18,L,-2000,-1600,135,-16,0
18,L,-2000,-1600,136,-15,0
18,L,-2000,-1600,137,-15,0
18,L,-2000,-1600,138,-16,0
18,L,-2000,-1600,139,-14,0
18,L,-2000,-1600,140,-16,0
18,L,-2000,-1600,141,-15,0
18,L,-2000,-1600,142,-15,0
18,L,-2000,-1600,143,-16,0
18,L,-2000,-1600,144,-14,0
18,L,-2000,-1600,145,-15,0
18,L,-2000,-1600,146,-16,0
18,L,-2000,-1600,147,-15,0
18,L,-2000,-1600,148,-15,0
18,L,-2000,-1600,149,-15,0
18,L,-2000,-1600,150,-16,0
18,L,-2000,-1600,151,-15,0
18,L,-2000,-1600,152,-15,0
18,L,-2000,-1600,153,-16,0
18,L,-2000,-1600,154,-14,0
18,L,-2000,-1600,155,-16,0
18,L,-2000,-1600,156,-15,0
18,L,-2000,-1600,157,-15,0
18,L,-2000,-1600,158,-16,0
18,L,-2000,-1600,159,-14,0
18,L,-2000,-1600,160,-16,0
18,L,-2000,-1600,161,-15,0
18,L,-2000,-1600,162,-15,0
18,L,-2000,-1600,163,-16,0
18,L,-2000,-1600,164,-14,0
18,L,-2000,-1600,165,-16,0
18,L,-2000,-1600,166,-15,0
18,L,-2000,-1600,167,-16,0
18,L,-2000,-1600,168,-15,0
18,L,-2000,-1600,169,-15,0
18,L,-2000,-1600,170,-15,0
18,L,-2000,-1600,171,-15,0
18,L,-2000,-1600,172,-16,0
18,L,-2000,-1600,173,-15,0
18,L,-2000,-1600,174,-15,0
18,L,-2000,-1600,175,-15,0
18,L,-2000,-1600,176,-16,0
18,L,-2000,-1600,177,-15,0
18,L,-2000,-1600,178,-15,0
18,L,-2000,-1600,179,-16,0
18,L,-2000,-1600,180,-14,0
18,L,-2000,-1600,181,-16,0
18,L,-2000,-1600,182,-15,0
18,L,-2000,-1600,183,-16,0
18,L,-2000,-1600,184,-15,0
18,L,-2000,-1600,185,-16,0
18,L,-2000,-1600,186,-14,0
18,L,-2000,-1600,187,-16,0
18,L,-2000,-1600,188,-15,0
18,L,-2000,-1600,189,-15,0
18,L,-2000,-1600,190,-16,0
18,L,-2000,-1600,191,-14,0
18,L,-2000,-1600,192,-16,0
18,L,-2000,-1600,193,-15,0
18,L,-2000,-1600,194,-16,0
18,L,-2000,-1600,195,-15,0
18,L,-2000,-1600,196,-16,0
18,L,-2000,-1600,197,-14,0
18,L,-2000,-1600,198,-16,0
18,L,-2000,-1600,199,-15,0
18,L,-2000,-1600,200,-15,0
18,L,-2000,-1600,201,-16,0
18,L,-2000,-1600,202,-14,0
18,L,-2000,-1600,203,-16,0
18,L,-2000,-1600,204,-15,0
18,L,-2000,-1600,205,-15,0
18,L,-2000,-1600,206,-14,0
18,L,-2000,-1600,207,-15,0
18,L,-2000,-1600,208,-15,0
18,L,-2000,-1600,209,-14,0
18,L,-2000,-1600,210,-15,0
18,L,-2000,-1600,211,-14,0
18,L,-2000,-1600,212,-14,0
18,L,-2000,-1600,213,-15,0
18,L,-2000,-1600,214,-13,0
18,L,-2000,-1600,215,-15,0
18,L,-2000,-1600,216,-13,0
18,L,-2000,-1600,217,-15,0
18,L,-2000,-1600,218,-13,0
18,L,-2000,-1600,219,-13,0
18,L,-2000,-1600,220,-14,0
18,L,-2000,-1600,221,-14,0
18,L,-2000,-1600,222,-13,0
18,L,-2000,-1600,223,-14,0
18,L,-2000,-1600,224,-12,0
18,L,-2000,-1600,225,-13,0
18,L,-2000,-1600,226,-14,0
18,L,-2000,-1600,227,-13,0
18,L,-2000,-1600,228,-12,0
18,L,-2000,-1600,229,-13,0
18,L,-2000,-1600,230,-14,0
18,L,-2000,-1600,231,-12,0
18,L,-2000,-1600,232,-13,0
18,L,-2000,-1600,233,-12,0
18,L,-2000,-1600,234,-12,0
18,L,-2000,-1600,235,-12,0
18,L,-2000,-1600,236,-13,0
18,L,-2000,-1600,237,-12,0
18,L,-2000,-1600,238,-12,0
18,L,-2000,-1600,239,-12,0
18,L,-2000,-1600,240,-12,0
18,L,-2000,-1600,241,-12,0
18,L,-2000,-1600,242,-12,0
18,L,-2000,-1600,243,-11,0
18,L,-2000,-1600,244,-12,0
18,L,-2000,-1600,245,-12,0
18,L,-2000,-1600,246,-11,0
18,L,-2000,-1600,247,-12,0
18,L,-2000,-1600,248,-12,0
18,L,-2000,-1600,249,-10,0
18,L,-2000,-1600,250,-12,0
18,L,-2000,-1600,251,-11,0
18,L,-2000,-1600,252,-11,0
18,L,-2000,-1600,253,-11,0
18,L,-2000,-1600,254,-11,0
18,L,-2000,-1600,255,-11,0
18,L,-2000,-1600,256,-11,0
18,L,-2000,-1600,257,-10,0
18,L,-2000,-1600,258,-11,0
18,L,-2000,-1600,259,-11,0
18,L,-2000,-1600,260,-10,0
18,L,-2000,-1600,261,-11,0
18,L,-2000,-1600,262,-11,0
18,L,-2000,-1600,263,-9,0
18,L,-2000,-1600,264,-11,0
18,L,-2000,-1600,265,-10,0
18,L,-2000,-1600,266,-10,0
18,L,-2000,-1600,267,-10,0
18,L,-2000,-1600,268,-11,0
18,L,-2000,-1600,269,-9,0
18,L,-2000,-1600,270,-10,0
18,L,-2000,-1600,271,-10,0
18,L,-2000,-1600,272,-10,0
18,L,-2000,-1600,273,-10,0
18,L,-2000,-1600,274,-10,0
18,L,-2000,-1600,275,-9,0
18,L,-2000,-1600,276,-9,0
18,L,-2000,-1600,277,-10,0
18,L,-2000,-1600,278,-10,0
18,L,-2000,-1600,279,-9,0
18,L,-2000,-1600,280,-9,0
18,L,-2000,-1600,281,-9,0
18,L,-2000,-1600,282,-10,0
18,L,-2000,-1600,283,-9,0
18,L,-2000,-1600,284,-9,0
18,L,-2000,-1600,285,-9,0
18,L,-2000,-1600,286,-9,0
18,L,-2000,-1600,287,-9,0
18,L,-2000,-1600,288,-9,0
18,L,-2000,-1600,289,-9,0
18,L,-2000,-1600,290,-8,0
18,L,-2000,-1600,291,-10,0
18,L,-2000,-1600,292,-8,0
18,L,-2000,-1600,293,-9,0
18,L,-2000,-1600,294,-8,0
18,L,-2000,-1600,295,-9,0
18,L,-2000,-1600,296,-8,0
18,L,-2000,-1600,297,-9,0
18,L,-2000,-1600,298,-9,0
18,L,-2000,-1600,299,-8,0
18,L,-2000,-1600,300,-8,0
18,L,-2000,-1600,301,-8,0
18,L,-2000,-1600,302,-9,0
18,L,-2000,-1600,303,-8,0
18,L,-2000,-1600,304,-8,0
18,L,-2000,-1600,305,-8,0
18,L,-2000,-1600,306,-8,0
18,L,-2000,-1600,307,-8,0
18,L,-2000,-1600,308,-8,0
18,L,-2000,-1600,309,-8,0
18,L,-2000,-1600,310,-7,0
18,L,-2000,-1600,311,-8,0
18,L,-2000,-1600,312,-8,0
18,L,-2000,-1600,313,-8,0
18,L,-2000,-1600,314,-8,0
18,L,-2000,-1600,315,-7,0
18,L,-2000,-1600,316,-7,0
18,L,-2000,-1600,317,-8,0
18,L,-2000,-1600,318,-7,0
18,L,-2000,-1600,319,-8,0
18,L,-2000,-1600,320,-7,0
18,L,-2000,-1600,321,-8,0
18,L,-2000,-1600,322,-7,0
18,L,-2000,-1600,323,-7,0
18,L,-2000,-1600,324,-7,0
18,L,-2000,-1600,325,-8,0
18,L,-2000,-1600,326,-7,0
18,L,-2000,-1600,327,-7,0
18,L,-2000,-1600,328,-7,0
18,L,-2000,-1600,329,-7,0
18,L,-2000,-1600,330,-7,0
18,L,-2000,-1600,331,-7,0
18,L,-2000,-1600,332,-7,0
18,L,-2000,-1600,333,-7,0
18,L,-2000,-1600,334,-7,0
18,L,-2000,-1600,335,-6,0
18,L,-2000,-1600,336,-7,0
18,L,-2000,-1600,337,-7,0
18,L,-2000,-1600,338,-7,0
18,L,-2000,-1600,339,-7,0
18,L,-2000,-1600,340,-6,0
18,L,-2000,-1600,341,-7,0
18,L,-2000,-1600,342,-6,0
18,L,-2000,-1600,343,-7,0
18,L,-2000,-1600,344,-6,0
18,L,-2000,-1600,345,-7,0
18,L,-2000,-1600,346,-7,0
18,L,-2000,-1600,347,-6,0
18,L,-2000,-1600,348,-7,0
18,L,-2000,-1600,349,-5,0
18,L,-2000,-1600,350,-7,0
18,L,-2000,-1600,351,-7,0
18,L,-2000,-1600,352,-6,0
18,L,-2000,-1600,353,-6,0
18,L,-2000,-1600,354,-6,0
18,L,-2000,-1600,355,-7,0
18,L,-2000,-1600,356,-5,0
18,L,-2000,-1600,357,-7,0
18,L,-2000,-1600,358,-6,0
18,L,-2000,-1600,359,-6,0
18,L,-2000,-1600,360,-6,0
18,L,-2000,-1600,361,-6,0
18,L,-2000,-1600,362,-6,0
18,L,-2000,-1600,363,-6,0
18,L,-2000,-1600,364,-6,0
18,L,-2000,-1600,365,-6,0
18,L,-2000,-1600,366,-6,0
18,L,-2000,-1600,367,-6,0
18,L,-2000,-1600,368,-5,0
18,L,-2000,-1600,369,-7,0
18,L,-2000,-1600,370,-5,0
18,L,-2000,-1600,371,-6,0
18,L,-2000,-1600,372,-6,0
18,L,-2000,-1600,373,-6,0
18,L,-2000,-1600,374,-5,0
18,L,-2000,-1600,375,-7,0
18,L,-2000,-1600,376,-5,0
18,L,-2000,-1600,377,-5,0
18,L,-2000,-1600,378,-6,0
18,L,-2000,-1600,379,-6,0
18,L,-2000,-1600,380,-6,0
18,L,-2000,-1600,381,-5,0
18,L,-2000,-1600,382,-6,0
18,L,-2000,-1600,383,-5,0
18,L,-2000,-1600,384,-6,0
18,L,-2000,-1600,385,-6,0
18,L,-2000,-1600,386,-5,0
18,L,-2000,-1600,387,-5,0
18,L,-2000,-1600,388,-6,0
18,L,-2000,-1600,389,-5,0
18,L,-2000,-1600,390,-6,0
18,L,-2000,-1600,391,-5,0
18,L,-2000,-1600,392,-6,0
18,L,-2000,-1600,393,-5,0
18,L,-2000,-1600,394,-6,0
18,L,-2000,-1600,395,-5,0
18,L,-2000,-1600,396,-5,0
18,L,-2000,-1600,397,-6,0
18,L,-2000,-1600,398,-5,0
18,L,-2000,-1600,399,-6,0
18,L,-2000,-1600,400,-5,0
18,L,-2000,-1600,401,-5,0
18,L,-2000,-1600,402,-4,0
18,L,-2000,-1600,403,-6,0
18,L,-2000,-1600,404,-5,0
18,L,-2000,-1600,405,-5,0
18,L,-2000,-1600,406,-5,0
18,L,-2000,-1600,407,-5,0
18,L,-2000,-1600,408,-5,0
18,L,-2000,-1600,409,-4,0
18,L,-2000,-1600,410,-5,0
18,L,-2000,-1600,411,-4,0
18,L,-2000,-1600,412,-4,0
18,L,-2000,-1600,413,-5,0
18,L,-2000,-1600,414,-5,0
18,L,-2000,-1600,415,-4,0
18,L,-2000,-1600,416,-4,0
18,L,-2000,-1600,417,-4,0
18,L,-2000,-1600,418,-4,0
18,L,-2000,-1600,419,-4,0
18,L,-2000,-1600,420,-4,0
18,L,-2000,-1600,421,-4,0
18,L,-2000,-1600,422,-4,0
18,L,-2000,-1600,423,-4,0
18,L,-2000,-1600,424,-3,0
18,L,-2000,-1600,425,-3,0
18,L,-2000,-1600,426,-4,0
18,L,-2000,-1600,427,-3,0
18,L,-2000,-1600,428,-4,0
18,L,-2000,-1600,429,-3,0
18,L,-2000,-1600,430,-4,0
18,L,-2000,-1600,431,-2,0
18,L,-2000,-1600,432,-4,0
18,L,-2000,-1600,433,-3,0
18,L,-2000,-1600,434,-3,0
18,L,-2000,-1600,435,-2,0
18,L,-2000,-1600,436,-3,0
18,L,-2000,-1600,437,-4,0
18,L,-2000,-1600,438,-2,0
18,L,-2000,-1600,439,-3,0
18,L,-2000,-1600,440,-3,0
18,L,-2000,-1600,441,-2,0
18,L,-2000,-1600,442,-2,0
18,L,-2000,-1600,443,-3,0
18,L,-2000,-1600,444,-2,0
18,L,-2000,-1600,445,-3,0
18,L,-2000,-1600,446,-2,0
18,L,-2000,-1600,447,-2,0
18,L,-2000,-1600,448,-3,0
18,L,-2000,-1600,449,-1,0
18,L,-2000,-1600,450,-3,0
18,L,-2000,-1600,451,-1,0
18,L,-2000,-1600,452,-3,0
18,L,-2000,-1600,453,-1,0
18,L,-2000,-1600,454,-1,0
18,L,-2000,-1600,455,-3,0
18,L,-2000,-1600,456,-1,0
18,L,-2000,-1600,457,-2,0
18,L,-2000,-1600,458,-1,0
18,L,-2000,-1600,459,-2,0
18,L,-2000,-1600,460,-2,0
18,L,-2000,-1600,461,-1,0
18,L,-2000,-1600,462,-2,0
18,L,-2000,-1600,463,-1,0
18,L,-2000,-1600,464,-1,0
18,L,-2000,-1600,465,-1,0
18,L,-2000,-1600,466,-1,0
18,L,-2000,-1600,467,-1,0
18,L,-2000,-1600,468,-1,0
18,L,-2000,-1600,469,-1,0
18,L,-2000,-1600,470,-1,0
18,L,-2000,-1600,471,-1,0
18,L,-2000,-1600,472,-1,0
18,L,-2000,-1600,473,0,0
18,L,-2000,-1600,474,-2,0
18,L,-2000,-1600,475,0,0
18,L,-2000,-1600,476,-1,0
18,L,-2000,-1600,477,0,0
18,L,-2000,-1600,478,0,0
18,L,-2000,-1600,479,-1,0
18,L,-2000,-1600,480,0,0
18,L,-2000,-1600,481,0,0
18,L,-2000,-1600,482,-1,0
18,L,-2000,-1600,483,-1,0
18,L,-2000,-1600,484,0,0
18,L,-2000,-1600,485,0,0
18,L,-2000,-1600,486,0,0
18,L,-2000,-1600,487,0,0
18,L,-2000,-1600,488,-1,0
18,L,-2000,-1600,489,0,0
18,L,-2000,-1600,490,0,0
18,L,-2000,-1600,491,0,0
18,L,-2000,-1600,492,0,0
18,L,-2000,-1600,493,0,0
18,L,-2000,-1600,494,0,0
18,L,-2000,-1600,495,0,0
18,L,-2000,-1600,496,0,0
18,L,-2000,-1600,497,0,0
18,L,-2000,-1600,498,0,0
18,L,-2000,-1600,499,0,0
19,L,-2800,0,0,0,0
19,L,-2800,0,1,0,0
19,L,-2800,0,2,-3,0
19,L,-2800,0,3,-5,0
19,L,-2800,0,4,-7,0
19,L,-2800,0,5,-8,0
19,L,-2800,0,6,-10,0
19,L,-2800,0,7,-12,0
19,L,-2800,0,8,-14,0
19,L,-2800,0,9,-14,0
19,L,-2800,0,10,-16,0
19,L,-2800,0,11,-18,0
19,L,-2800,0,12,-19,0
19,L,-2800,0,13,-19,0
19,L,-2800,0,14,-21,0
19,L,-2800,0,15,-22,0
19,L,-2800,0,16,-22,0
19,L,-2800,0,17,-23,0
19,L,-2800,0,18,-24,0
19,L,-2800,0,19,-24,0
19,L,-2800,0,20,-26,0
19,L,-2800,0,21,-25,0
19,L,-2800,0,22,-27,0
19,L,-2800,0,23,-26,0
19,L,-2800,0,24,-28,0
19,L,-2800,0,25,-28,0
19,L,-2800,0,26,-28,0
19,L,-2800,0,27,-28,0
19,L,-2800,0,28,-30,0
19,L,-2800,0,29,-29,0
19,L,-2800,0,30,-29,0
19,L,-2800,0,31,-31,0
19,L,-2800,0,32,-31,0
19,L,-2800,0,33,-30,0
19,L,-2800,0,34,-31,0
19,L,-2800,0,35,-32,0
19,L,-2800,0,36,-31,0
19,L,-2800,0,37,-32,0
19,L,-2800,0,38,-32,0
19,L,-2800,0,39,-32,0
19,L,-2800,0,40,-32,0
19,L,-2800,0,41,-33,0
19,L,-2800,0,42,-32,0
19,L,-2800,0,43,-33,0
19,L,-2800,0,44,-34,0
19,L,-2800,0,45,-33,0
19,L,-2800,0,46,-33,0
19,L,-2800,0,47,-34,0
19,L,-2800,0,48,-33,0
19,L,-2800,0,49,-34,0
19,L,-2800,0,50,-34,0
19,L,-2800,0,51,-34,0
19,L,-2800,0,52,-34,0
19,L,-2800,0,53,-35,0
19,L,-2800,0,54,-34,0
19,L,-2800,0,55,-35,0
19,L,-2800,0,56,-34,0
19,L,-2800,0,57,-34,0
19,L,-2800,0,58,-36,0
19,L,-2800,0,59,-35,0
19,L,-2800,0,60,-34,0
19,L,-2800,0,61,-35,0
19,L,-2800,0,62,-36,0
19,L,-2800,0,63,-35,0
19,L,-2800,0,64,-35,0
19,L,-2800,0,65,-35,0
19,L,-2800,0,66,-36,0
19,L,-2800,0,67,-35,0
19,L,-2800,0,68,-36,0
19,L,-2800,0,69,-36,0
19,L,-2800,0,70,-35,0
19,L,-2800,0,71,-36,0
19,L,-2800,0,72,-36,0
19,L,-2800,0,73,-36,0
19,L,-2800,0,74,-36,0
19,L,-2800,0,75,-36,0
19,L,-2800,0,76,-36,0
19,L,-2800,0,77,-36,0
19,L,-2800,0,78,-36,0
19,L,-2800,0,79,-36,0
19,L,-2800,0,80,-36,0
19,L,-2800,0,81,-36,0
19,L,-2800,0,82,-37,0
19,L,-2800,0,83,-36,0
19,L,-2800,0,84,-36,0
19,L,-2800,0,85,-36,0
19,L,-2800,0,86,-37,0
19,L,-2800,0,87,-36,0
19,L,-2800,0,88,-37,0
19,L,-2800,0,89,-37,0
19,L,-2800,0,90,-36,0
19,L,-2800,0,91,-37,0
19,L,-2800,0,92,-36,0
19,L,-2800,0,93,-36,0
19,L,-2800,0,94,-37,0
19,L,-2800,0,95,-36,0
19,L,-2800,0,96,-38,0
19,L,-2800,0,97,-36,0
19,L,-2800,0,98,-37,0
19,L,-2800,0,99,-37,0
19,L,-2800,0,100,-36,0
19,L,-2800,0,101,-38,0
19,L,-2800,0,102,-36,0
19,L,-2800,0,103,-37,0
19,L,-2800,0,104,-37,0
19,L,-2800,0,105,-38,0
19,L,-2800,0,106,-36,0
19,L,-2800,0,107,-37,0
19,L,-2800,0,108,-36,0
19,L,-2800,0,109,-37,0
19,L,-2800,0,110,-38,0
19,L,-2800,0,111,-37,0
19,L,-2800,0,112,-36,0
19,L,-2800,0,113,-37,0
19,L,-2800,0,114,-38,0
19,L,-2800,0,115,-36,0
19,L,-2800,0,116,-37,0
19,L,-2800,0,117,-37,0
19,L,-2800,0,118,-38,0
19,L,-2800,0,119,-37,0
19,L,-2800,0,120,-36,0
19,L,-2800,0,121,-37,0
19,L,-2800,0,122,-38,0
19,L,-2800,0,123,-37,0
19,L,-2800,0,124,-37,0
19,L,-2800,0,125,-37,0
19,L,-2800,0,126,-37,0
19,L,-2800,0,127,-37,0
19,L,-2800,0,128,-37,0
19,L,-2800,0,129,-38,0
19,L,-2800,0,130,-37,0
19,L,-2800,0,131,-37,0
19,L,-2800,0,132,-37,0
19,L,-2800,0,133,-37,0
19,L,-2800,0,134,-37,0
19,L,-2800,0,135,-37,0
19,L,-2800,0,136,-38,0
19,L,-2800,0,137,-37,0
19,L,-2800,0,138,-37,0
19,L,-2800,0,139,-38,0
19,L,-2800,0,140,-37,0
19,L,-2800,0,141,-37,0
19,L,-2800,0,142,-38,0
19,L,-2800,0,143,-37,0
19,L,-2800,0,144,-37,0
19,L,-2800,0,145,-38,0
19,L,-2800,0,146,-37,0
19,L,-2800,0,147,-37,0
19,L,-2800,0,148,-38,0
19,L,-2800,0,149,-37,0
19,L,-2800,0,150,-37,0
19,L,-2800,0,151,-37,0
19,L,-2800,0,152,-38,0
19,L,-2800,0,153,-37,0
19,L,-2800,0,154,-37,0
19,L,-2800,0,155,-38,0
19,L,-2800,0,156,-37,0
19,L,-2800,0,157,-37,0
19,L,-2800,0,158,-38,0
19,L,-2800,0,159,-36,0
19,L,-2800,0,160,-38,0
19,L,-2800,0,161,-38,0
19,L,-2800,0,162,-37,0
19,L,-2800,0,163,-37,0
19,L,-2800,0,164,-38,0
19,L,-2800,0,165,-37,0
19,L,-2800,0,166,-38,0
19,L,-2800,0,167,-37,0
19,L,-2800,0,168,-36,0
19,L,-2800,0,169,-39,0
19,L,-2800,0,170,-37,0
19,L,-2800,0,171,-37,0
19,L,-2800,0,172,-38,0
19,L,-2800,0,173,-37,0
19,L,-2800,0,174,-37,0
19,L,-2800,0,175,-38,0
19,L,-2800,0,176,-37,0
19,L,-2800,0,177,-37,0
19,L,-2800,0,178,-38,0
19,L,-2800,0,179,-37,0
19,L,-2800,0,180,-37,0
19,L,-2800,0,181,-38,0
19,L,-2800,0,182,-38,0
19,L,-2800,0,183,-37,0
19,L,-2800,0,184,-38,0
19,L,-2800,0,185,-37,0
19,L,-2800,0,186,-37,0
19,L,-2800,0,187,-38,0
19,L,-2800,0,188,-37,0
19,L,-2800,0,189,-38,0
19,L,-2800,0,190,-37,0
19,L,-2800,0,191,-37,0
19,L,-2800,0,192,-38,0
19,L,-2800,0,193,-37,0
19,L,-2800,0,194,-37,0
19,L,-2800,0,195,-38,0
19,L,-2800,0,196,-37,0
19,L,-2800,0,197,-37,0
19,L,-2800,0,198,-38,0
19,L,-2800,0,199,-37,0
19,L,-2800,0,200,-37,0
19,L,-2800,0,201,-38,0
19,L,-2800,0,202,-37,0
19,L,-2800,0,203,-37,0
19,L,-2800,0,204,-36,0
19,L,-2800,0,205,-37,0
19,L,-2800,0,206,-37,0
19,L,-2800,0,207,-36,0
19,L,-2800,0,208,-36,0
19,L,-2800,0,209,-36,0
19,L,-2800,0,210,-35,0
19,L,-2800,0,211,-35,0
19,L,-2800,0,212,-36,0
19,L,-2800,0,213,-35,0
19,L,-2800,0,214,-35,0
19,L,-2800,0,215,-34,0
19,L,-2800,0,216,-35,0
19,L,-2800,0,217,-35,0
19,L,-2800,0,218,-33,0
19,L,-2800,0,219,-35,0
19,L,-2800,0,220,-33,0
19,L,-2800,0,221,-34,0
19,L,-2800,0,222,-34,0
19,L,-2800,0,223,-33,0
19,L,-2800,0,224,-33,0
19,L,-2800,0,225,-33,0
19,L,-2800,0,226,-33,0
19,L,-2800,0,227,-33,0
19,L,-2800,0,228,-31,0
19,L,-2800,0,229,-33,0
19,L,-2800,0,230,-32,0
19,L,-2800,0,231,-32,0
19,L,-2800,0,232,-32,0
19,L,-2800,0,233,-31,0
19,L,-2800,0,234,-32,0
19,L,-2800,0,235,-31,0
19,L,-2800,0,236,-31,0
19,L,-2800,0,237,-31,0
19,L,-2800,0,238,-31,0
19,L,-2800,0,239,-31,0
19,L,-2800,0,240,-29,0
19,L,-2800,0,241,-31,0
19,L,-2800,0,242,-30,0
19,L,-2800,0,243,-30,0
19,L,-2800,0,244,-29,0
19,L,-2800,0,245,-30,0
19,L,-2800,0,246,-30,0
19,L,-2800,0,247,-29,0
19,L,-2800,0,248,-28,0
19,L,-2800,0,249,-30,0
19,L,-2800,0,250,-29,0
19,L,-2800,0,251,-28,0
19,L,-2800,0,252,-29,0
19,L,-2800,0,253,-28,0
19,L,-2800,0,254,-28,0
19,L,-2800,0,255,-28,0
19,L,-2800,0,256,-28,0
19,L,-2800,0,257,-28,0
19,L,-2800,0,258,-27,0
19,L,-2800,0,259,-28,0
19,L,-2800,0,260,-27,0
19,L,-2800,0,261,-27,0
19,L,-2800,0,262,-27,0
19,L,-2800,0,263,-27,0
19,L,-2800,0,264,-26,0
19,L,-2800,0,265,-26,0
19,L,-2800,0,266,-27,0
19,L,-2800,0,267,-26,0
19,L,-2800,0,268,-26,0
19,L,-2800,0,269,-25,0
19,L,-2800,0,270,-27,0
19,L,-2800,0,271,-25,0
19,L,-2800,0,272,-25,0
19,L,-2800,0,273,-26,0
19,L,-2800,0,274,-25,0
19,L,-2800,0,275,-24,0
19,L,-2800,0,276,-25,0
19,L,-2800,0,277,-25,0
19,L,-2800,0,278,-25,0
19,L,-2800,0,279,-24,0
19,L,-2800,0,280,-24,0
19,L,-2800,0,281,-24,0
19,L,-2800,0,282,-24,0
19,L,-2800,0,283,-24,0
19,L,-2800,0,284,-24,0
19,L,-2800,0,285,-22,0
19,L,-2800,0,286,-24,0
19,L,-2800,0,287,-23,0
19,L,-2800,0,288,-24,0
19,L,-2800,0,289,-22,0
19,L,-2800,0,290,-23,0
19,L,-2800,0,291,-23,0
19,L,-2800,0,292,-23,0
19,L,-2800,0,293,-21,0
19,L,-2800,0,294,-23,0
19,L,-2800,0,295,-22,0
19,L,-2800,0,296,-22,0
19,L,-2800,0,297,-21,0
19,L,-2800,0,298,-23,0
19,L,-2800,0,299,-21,0
19,L,-2800,0,300,-21,0
19,L,-2800,0,301,-22,0
19,L,-2800,0,302,-21,0
19,L,-2800,0,303,-20,0
19,L,-2800,0,304,-21,0
19,L,-2800,0,305,-21,0
19,L,-2800,0,306,-21,0
19,L,-2800,0,307,-20,0
19,L,-2800,0,308,-21,0
19,L,-2800,0,309,-20,0
19,L,-2800,0,310,-20,0
19,L,-2800,0,311,-20,0
19,L,-2800,0,312,-20,0
19,L,-2800,0,313,-20,0
19,L,-2800,0,314,-19,0
19,L,-2800,0,315,-20,0
19,L,-2800,0,316,-18,0
19,L,-2800,0,317,-20,0
19,L,-2800,0,318,-19,0
19,L,-2800,0,319,-19,0
19,L,-2800,0,320,-18,0
19,L,-2800,0,321,-19,0
19,L,-2800,0,322,-19,0
19,L,-2800,0,323,-18,0
19,L,-2800,0,324,-19,0
19,L,-2800,0,325,-17,0
19,L,-2800,0,326,-19,0
19,L,-2800,0,327,-17,0
19,L,-2800,0,328,-19,0
19,L,-2800,0,329,-17,0
19,L,-2800,0,330,-18,0
19,L,-2800,0,331,-17,0
19,L,-2800,0,332,-17,0
19,L,-2800,0,333,-18,0
19,L,-2800,0,334,-17,0
19,L,-2800,0,335,-16,0
19,L,-2800,0,336,-17,0
19,L,-2800,0,337,-17,0
19,L,-2800,0,338,-17,0
19,L,-2800,0,339,-16,0
19,L,-2800,0,340,-16,0
19,L,-2800,0,341,-17,0
19,L,-2800,0,342,-16,0
19,L,-2800,0,343,-16,0
19,L,-2800,0,344,-16,0
19,L,-2800,0,345,-15,0
19,L,-2800,0,346,-16,0
19,L,-2800,0,347,-16,0
19,L,-2800,0,348,-14,0
19,L,-2800,0,349,-16,0
19,L,-2800,0,350,-15,0
19,L,-2800,0,351,-15,0
19,L,-2800,0,352,-15,0
19,L,-2800,0,353,-15,0
19,L,-2800,0,354,-15,0
19,L,-2800,0,355,-15,0
19,L,-2800,0,356,-13,0
19,L,-2800,0,357,-15,0
19,L,-2800,0,358,-14,0
19,L,-2800,0,359,-15,0
19,L,-2800,0,360,-13,0
19,L,-2800,0,361,-15,0
19,L,-2800,0,362,-13,0
19,L,-2800,0,363,-14,0
19,L,-2800,0,364,-14,0
19,L,-2800,0,365,-13,0
19,L,-2800,0,366,-14,0
19,L,-2800,0,367,-13,0
19,L,-2800,0,368,-13,0
19,L,-2800,0,369,-13,0
19,L,-2800,0,370,-13,0
19,L,-2800,0,371,-13,0
19,L,-2800,0,372,-12,0
19,L,-2800,0,373,-14,0
19,L,-2800,0,374,-12,0
19,L,-2800,0,375,-13,0
19,L,-2800,0,376,-12,0
19,L,-2800,0,377,-12,0
19,L,-2800,0,378,-12,0
19,L,-2800,0,379,-12,0
19,L,-2800,0,380,-12,0
19,L,-2800,0,381,-12,0
19,L,-2800,0,382,-12,0
19,L,-2800,0,383,-12,0
19,L,-2800,0,384,-12,0
19,L,-2800,0,385,-11,0
19,L,-2800,0,386,-11,0
19,L,-2800,0,387,-11,0
19,L,-2800,0,388,-11,0
19,L,-2800,0,389,-12,0
19,L,-2800,0,390,-11,0
19,L,-2800,0,391,-10,0
19,L,-2800,0,392,-11,0
19,L,-2800,0,393,-11,0
19,L,-2800,0,394,-10,0
19,L,-2800,0,395,-11,0
19,L,-2800,0,396,-11,0
19,L,-2800,0,397,-10,0
19,L,-2800,0,398,-10,0
19,L,-2800,0,399,-10,0
19,L,-2800,0,400,-10,0
19,L,-2800,0,401,-10,0
19,L,-2800,0,402,-10,0
19,L,-2800,0,403,-9,0
19,L,-2800,0,404,-11,0
19,L,-2800,0,405,-9,0
19,L,-2800,0,406,-9,0
19,L,-2800,0,407,-10,0
19,L,-2800,0,408,-9,0
19,L,-2800,0,409,-9,0
19,L,-2800,0,410,-10,0
19,L,-2800,0,411,-9,0
19,L,-2800,0,412,-8,0
19,L,-2800,0,413,-9,0
19,L,-2800,0,414,-9,0
19,L,-2800,0,415,-9,0
19,L,-2800,0,416,-8,0
19,L,-2800,0,417,-9,0
19,L,-2800,0,418,-8,0
19,L,-2800,0,419,-8,0
19,L,-2800,0,420,-8,0
19,L,-2800,0,421,-9,0
19,L,-2800,0,422,-7,0
19,L,-2800,0,423,-8,0
19,L,-2800,0,424,-8,0
19,L,-2800,0,425,-8,0
19,L,-2800,0,426,-8,0
19,L,-2800,0,427,-8,0
19,L,-2800,0,428,-7,0
19,L,-2800,0,429,-8,0
19,L,-2800,0,430,-7,0
19,L,-2800,0,431,-7,0
19,L,-2800,0,432,-7,0
19,L,-2800,0,433,-8,0
19,L,-2800,0,434,-7,0
19,L,-2800,0,435,-6,0
19,L,-2800,0,436,-7,0
19,L,-2800,0,437,-8,0
19,L,-2800,0,438,-6,0
19,L,-2800,0,439,-7,0
19,L,-2800,0,440,-6,0
19,L,-2800,0,441,-6,0
19,L,-2800,0,442,-7,0
19,L,-2800,0,443,-7,0
19,L,-2800,0,444,-6,0
19,L,-2800,0,445,-6,0
19,L,-2800,0,446,-6,0
19,L,-2800,0,447,-6,0
19,L,-2800,0,448,-6,0
19,L,-2800,0,449,-6,0
19,L,-2800,0,450,-5,0
19,L,-2800,0,451,-7,0
19,L,-2800,0,452,-5,0
19,L,-2800,0,453,-5,0
19,L,-2800,0,454,-6,0
19,L,-2800,0,455,-5,0
19,L,-2800,0,456,-5,0
19,L,-2800,0,457,-6,0
19,L,-2800,0,458,-5,0
19,L,-2800,0,459,-5,0
19,L,-2800,0,460,-6,0
19,L,-2800,0,461,-4,0
19,L,-2800,0,462,-5,0
19,L,-2800,0,463,-5,0
19,L,-2800,0,464,-4,0
19,L,-2800,0,465,-6,0
19,L,-2800,0,466,-4,0
19,L,-2800,0,467,-5,0
19,L,-2800,0,468,-4,0
19,L,-2800,0,469,-4,0
19,L,-2800,0,470,-4,0
19,L,-2800,0,471,-5,0
19,L,-2800,0,472,-4,0
19,L,-2800,0,473,-4,0
19,L,-2800,0,474,-4,0
19,L,-2800,0,475,-4,0
19,L,-2800,0,476,-4,0
19,L,-2800,0,477,-4,0
19,L,-2800,0,478,-3,0
19,L,-2800,0,479,-4,0
19,L,-2800,0,480,-4,0
19,L,-2800,0,481,-4,0
19,L,-2800,0,482,-3,0
19,L,-2800,0,483,-4,0
19,L,-2800,0,484,-3,0
19,L,-2800,0,485,-3,0
19,L,-2800,0,486,-3,0
19,L,-2800,0,487,-4,0
19,L,-2800,0,488,-3,0
19,L,-2800,0,489,-3,0
19,L,-2800,0,490,-3,0
19,L,-2800,0,491,-3,0
19,L,-2800,0,492,-3,0
19,L,-2800,0,493,-2,0
19,L,-2800,0,494,-3,0
19,L,-2800,0,495,-3,0
19,L,-2800,0,496,-2,0
19,L,-2800,0,497,-3,0
19,L,-2800,0,498,-3,0
19,L,-2800,0,499,-2,0
20,L,-2800,1500,0,0,0
20,L,-2800,1500,1,-2,0
20,L,-2800,1500,2,-2,0
20,L,-2800,1500,3,-4,0
20,L,-2800,1500,4,-7,0
20,L,-2800,1500,5,-9,0
20,L,-2800,1500,6,-10,0
20,L,-2800,1500,7,-12,0
20,L,-2800,1500,8,-13,0
20,L,-2800,1500,9,-15,0
20,L,-2800,1500,10,-16,0
20,L,-2800,1500,11,-17,0
20,L,-2800,1500,12,-19,0
20,L,-2800,1500,13,-20,0
20,L,-2800,1500,14,-20,0
20,L,-2800,1500,15,-21,0
20,L,-2800,1500,16,-23,0
20,L,-2800,1500,17,-22,0
20,L,-2800,1500,18,-24,0
20,L,-2800,1500,19,-25,0
20,L,-2800,1500,20,-25,0
20,L,-2800,1500,21,-26,0
20,L,-2800,1500,22,-26,0
20,L,-2800,1500,23,-27,0
20,L,-2800,1500,24,-27,0
20,L,-2800,1500,25,-28,0
20,L,-2800,1500,26,-28,0
20,L,-2800,1500,27,-29,0
20,L,-2800,1500,28,-29,0
20,L,-2800,1500,29,-29,0
20,L,-2800,1500,30,-31,0
20,L,-2800,1500,31,-29,0
20,L,-2800,1500,32,-31,0
20,L,-2800,1500,33,-30,0
20,L,-2800,1500,34,-31,0
20,L,-2800,1500,35,-32,0
20,L,-2800,1500,36,-32,0
20,L,-2800,1500,37,-31,0
20,L,-2800,1500,38,-32,0
20,L,-2800,1500,39,-33,0
20,L,-2800,1500,40,-32,0
20,L,-2800,1500,41,-32,0
20,L,-2800,1500,42,-33,0
20,L,-2800,1500,43,-33,0
20,L,-2800,1500,44,-33,0
20,L,-2800,1500,45,-33,0
20,L,-2800,1500,46,-34,0
20,L,-2800,1500,47,-34,0
20,L,-2800,1500,48,-33,0
20,L,-2800,1500,49,-35,0
20,L,-2800,1500,50,-33,0
20,L,-2800,1500,51,-35,0
20,L,-2800,1500,52,-33,0
20,L,-2800,1500,53,-35,0
20,L,-2800,1500,54,-35,0
20,L,-2800,1500,55,-34,0
20,L,-2800,1500,56,-35,0
20,L,-2800,1500,57,-35,0
20,L,-2800,1500,58,-34,0
20,L,-2800,1500,59,-35,0
20,L,-2800,1500,60,-36,0
20,L,-2800,1500,61,-35,0
20,L,-2800,1500,62,-35,0
20,L,-2800,1500,63,-35,0
20,L,-2800,1500,64,-36,0
20,L,-2800,1500,65,-35,0
20,L,-2800,1500,66,-36,0
20,L,-2800,1500,67,-36,0
20,L,-2800,1500,68,-35,0
20,L,-2800,1500,69,-36,0
20,L,-2800,1500,70,-36,0
20,L,-2800,1500,71,-36,0
20,L,-2800,1500,72,-36,0
20,L,-2800,1500,73,-36,0
20,L,-2800,1500,74,-36,0
20,L,-2800,1500,75,-36,0
20,L,-2800,1500,76,-36,0
20,L,-2800,1500,77,-36,0
20,L,-2800,1500,78,-37,0
20,L,-2800,1500,79,-36,0
20,L,-2800,1500,80,-36,0
20,L,-2800,1500,81,-36,0
20,L,-2800,1500,82,-37,0
20,L,-2800,1500,83,-36,0
20,L,-2800,1500,84,-36,0
20,L,-2800,1500,85,-37,0
20,L,-2800,1500,86,-37,0
20,L,-2800,1500,87,-36,0
20,L,-2800,1500,88,-37,0
20,L,-2800,1500,89,-36,0
20,L,-2800,1500,90,-37,0
20,L,-2800,1500,91,-36,0
20,L,-2800,1500,92,-37,0
20,L,-2800,1500,93,-37,0
20,L,-2800,1500,94,-37,0
20,L,-2800,1500,95,-36,0
20,L,-2800,1500,96,-37,0
20,L,-2800,1500,97,-36,0
20,L,-2800,1500,98,-38,0
20,L,-2800,1500,99,-37,0
20,L,-2800,1500,100,-36,0
20,L,-2800,1500,101,-37,0
20,L,-2800,1500,102,-38,0
20,L,-2800,1500,103,-36,0
20,L,-2800,1500,104,-37,0
20,L,-2800,1500,105,-37,0
20,L,-2800,1500,106,-37,0
20,L,-2800,1500,107,-37,0
20,L,-2800,1500,108,-37,0
20,L,-2800,1500,109,-37,0
20,L,-2800,1500,110,-38,0
20,L,-2800,1500,111,-36,0
20,L,-2800,1500,112,-37,0
20,L,-2800,1500,113,-37,0
20,L,-2800,1500,114,-38,0
20,L,-2800,1500,115,-37,0
20,L,-2800,1500,116,-36,0
20,L,-2800,1500,117,-37,0
20,L,-2800,1500,118,-38,0
20,L,-2800,1500,119,-37,0
20,L,-2800,1500,120,-37,0
20,L,-2800,1500,121,-38,0
20,L,-2800,1500,122,-37,0
20,L,-2800,1500,123,-36,0
20,L,-2800,1500,124,-37,0
20,L,-2800,1500,125,-38,0
20,L,-2800,1500,126,-37,0
20,L,-2800,1500,127,-37,0
20,L,-2800,1500,128,-38,0
20,L,-2800,1500,129,-37,0
20,L,-2800,1500,130,-37,0
20,L,-2800,1500,131,-38,0
20,L,-2800,1500,132,-37,0
20,L,-2800,1500,133,-37,0
20,L,-2800,1500,134,-38,0
20,L,-2800,1500,135,-37,0
20,L,-2800,1500,136,-37,0
20,L,-2800,1500,137,-37,0
20,L,-2800,1500,138,-38,0
20,L,-2800,1500,139,-37,0
20,L,-2800,1500,140,-38,0
20,L,-2800,1500,141,-37,0
20,L,-2800,1500,142,-36,0
20,L,-2800,1500,143,-38,0
20,L,-2800,1500,144,-37,0
20,L,-2800,1500,145,-37,0
20,L,-2800,1500,146,-38,0
20,L,-2800,1500,147,-38,0
20,L,-2800,1500,148,-37,0
20,L,-2800,1500,149,-37,0
20,L,-2800,1500,150,-38,0
20,L,-2800,1500,151,-37,0
20,L,-2800,1500,152,-38,0
20,L,-2800,1500,153,-37,0
20,L,-2800,1500,154,-37,0
20,L,-2800,1500,155,-38,0
20,L,-2800,1500,156,-37,0
20,L,-2800,1500,157,-37,0
20,L,-2800,1500,158,-38,0
20,L,-2800,1500,159,-37,0
20,L,-2800,1500,160,-37,0
20,L,-2800,1500,161,-38,0
20,L,-2800,1500,162,-37,0
20,L,-2800,1500,163,-37,0
20,L,-2800,1500,164,-38,0
20,L,-2800,1500,165,-37,0
20,L,-2800,1500,166,-37,0
20,L,-2800,1500,167,-38,0
20,L,-2800,1500,168,-37,0
20,L,-2800,1500,169,-37,0
20,L,-2800,1500,170,-38,0
20,L,-2800,1500,171,-38,0
20,L,-2800,1500,172,-36,0
20,L,-2800,1500,173,-38,0
20,L,-2800,1500,174,-37,0
20,L,-2800,1500,175,-37,0
20,L,-2800,1500,176,-38,0
20,L,-2800,1500,177,-37,0
20,L,-2800,1500,178,-37,0
20,L,-2800,1500,179,-38,0
20,L,-2800,1500,180,-37,0
20,L,-2800,1500,181,-38,0
20,L,-2800,1500,182,-38,0
20,L,-2800,1500,183,-37,0
20,L,-2800,1500,184,-38,0
20,L,-2800,1500,185,-37,0
20,L,-2800,1500,186,-37,0
20,L,-2800,1500,187,-38,0
20,L,-2800,1500,188,-37,0
20,L,-2800,1500,189,-37,0
20,L,-2800,1500,190,-38,0
20,L,-2800,1500,191,-37,0
20,L,-2800,1500,192,-37,0
20,L,-2800,1500,193,-38,0
20,L,-2800,1500,194,-37,0
20,L,-2800,1500,195,-38,0
20,L,-2800,1500,196,-37,0
20,L,-2800,1500,197,-37,0
20,L,-2800,1500,198,-38,0
20,L,-2800,1500,199,-38,0
20,L,-2800,1500,200,-37,0
20,L,-2800,1500,201,-36,0
20,L,-2800,1500,202,-35,0
20,L,-2800,1500,203,-35,0
20,L,-2800,1500,204,-31,0
20,L,-2800,1500,205,-30,0
20,L,-2800,1500,206,-29,0
20,L,-2800,1500,207,-28,0
20,L,-2800,1500,208,-26,0
20,L,-2800,1500,209,-25,0
20,L,-2800,1500,210,-24,0
20,L,-2800,1500,211,-21,0
20,L,-2800,1500,212,-22,0
20,L,-2800,1500,213,-20,0
20,L,-2800,1500,214,-18,0
20,L,-2800,1500,215,-19,0
20,L,-2800,1500,216,-16,0
20,L,-2800,1500,217,-16,0
20,L,-2800,1500,218,-15,0
20,L,-2800,1500,219,-14,0
20,L,-2800,1500,220,-12,0
20,L,-2800,1500,221,-14,0
20,L,-2800,1500,222,-10,0
20,L,-2800,1500,223,-12,0
20,L,-2800,1500,224,-10,0
20,L,-2800,1500,225,-9,0
20,L,-2800,1500,226,-9,0
20,L,-2800,1500,227,-8,0
20,L,-2800,1500,228,-8,0
20,L,-2800,1500,229,-8,0
20,L,-2800,1500,230,-7,0
20,L,-2800,1500,231,-6,0
20,L,-2800,1500,232,-6,0
20,L,-2800,1500,233,-5,0
20,L,-2800,1500,234,-6,0
20,L,-2800,1500,235,-4,0
20,L,-2800,1500,236,-4,0
20,L,-2800,1500,237,-5,0
20,L,-2800,1500,238,-3,0
20,L,-2800,1500,239,-4,0
20,L,-2800,1500,240,-2,0
20,L,-2800,1500,241,-3,0
20,L,-2800,1500,242,-3,0
20,L,-2800,1500,243,-2,0
20,L,-2800,1500,244,-3,0
20,L,-2800,1500,245,-1,0
20,L,-2800,1500,246,-2,0
20,L,-2800,1500,247,-1,0
20,L,-2800,1500,248,-1,0
20,L,-2800,1500,249,-2,0
20,L,-2800,1500,250,-1,0
20,L,-2800,1500,251,0,0
20,L,-2800,1500,252,-1,0
20,L,-2800,1500,253,0,0
20,L,-2800,1500,254,0,0
20,L,-2800,1500,255,0,0
20,L,-2800,1500,256,0,0
20,L,-2800,1500,257,0,0
20,L,-2800,1500,258,1,0
20,L,-2800,1500,259,0,0
20,L,-2800,1500,260,1,0
20,L,-2800,1500,261,0,0
20,L,-2800,1500,262,2,0
20,L,-2800,1500,263,0,0
20,L,-2800,1500,264,0,0
20,L,-2800,1500,265,1,0
20,L,-2800,1500,266,1,0
20,L,-2800,1500,267,0,0
20,L,-2800,1500,268,2,0
20,L,-2800,1500,269,0,0
20,L,-2800,1500,270,1,0
20,L,-2800,1500,271,1,0
20,L,-2800,1500,272,1,0
20,L,-2800,1500,273,1,0
20,L,-2800,1500,274,1,0
20,L,-2800,1500,275,1,0
20,L,-2800,1500,276,1,0
20,L,-2800,1500,277,1,0
20,L,-2800,1500,278,1,0
20,L,-2800,1500,279,1,0
20,L,-2800,1500,280,2,0
20,L,-2800,1500,281,1,0
20,L,-2800,1500,282,1,0
20,L,-2800,1500,283,1,0
20,L,-2800,1500,284,1,0
20,L,-2800,1500,285,1,0
20,L,-2800,1500,286,1,0
20,L,-2800,1500,287,2,0
20,L,-2800,1500,288,1,0
20,L,-2800,1500,289,1,0
20,L,-2800,1500,290,2,0
20,L,-2800,1500,291,1,0
20,L,-2800,1500,292,1,0
20,L,-2800,1500,293,2,0
20,L,-2800,1500,294,1,0
20,L,-2800,1500,295,2,0
20,L,-2800,1500,296,1,0
20,L,-2800,1500,297,2,0
20,L,-2800,1500,298,2,0
20,L,-2800,1500,299,1,0
20,L,-2800,1500,300,1,0
20,L,-2800,1500,301,2,0
20,L,-2800,1500,302,1,0
20,L,-2800,1500,303,1,0
20,L,-2800,1500,304,2,0
20,L,-2800,1500,305,2,0
20,L,-2800,1500,306,2,0
20,L,-2800,1500,307,1,0
20,L,-2800,1500,308,1,0
20,L,-2800,1500,309,3,0
20,L,-2800,1500,310,1,0
20,L,-2800,1500,311,2,0
20,L,-2800,1500,312,1,0
20,L,-2800,1500,313,2,0
20,L,-2800,1500,314,2,0
20,L,-2800,1500,315,1,0
20,L,-2800,1500,316,2,0
20,L,-2800,1500,317,2,0
20,L,-2800,1500,318,2,0
20,L,-2800,1500,319,1,0
20,L,-2800,1500,320,3,0
20,L,-2800,1500,321,1,0
20,L,-2800,1500,322,1,0
20,L,-2800,1500,323,3,0
20,L,-2800,1500,324,1,0
20,L,-2800,1500,325,2,0
20,L,-2800,1500,326,2,0
20,L,-2800,1500,327,2,0
20,L,-2800,1500,328,1,0
20,L,-2800,1500,329,3,0
20,L,-2800,1500,330,1,0
20,L,-2800,1500,331,2,0
20,L,-2800,1500,332,2,0
20,L,-2800,1500,333,2,0
20,L,-2800,1500,334,2,0
20,L,-2800,1500,335,1,0
20,L,-2800,1500,336,3,0
20,L,-2800,1500,337,1,0
20,L,-2800,1500,338,3,0
20,L,-2800,1500,339,1,0
20,L,-2800,1500,340,2,0
20,L,-2800,1500,341,2,0
20,L,-2800,1500,342,2,0
20,L,-2800,1500,343,2,0
20,L,-2800,1500,344,2,0
20,L,-2800,1500,345,2,0
20,L,-2800,1500,346,2,0
20,L,-2800,1500,347,2,0
20,L,-2800,1500,348,2,0
20,L,-2800,1500,349,2,0
20,L,-2800,1500,350,2,0
20,L,-2800,1500,351,2,0
20,L,-2800,1500,352,2,0
20,L,-2800,1500,353,2,0
20,L,-2800,1500,354,2,0
20,L,-2800,1500,355,2,0
20,L,-2800,1500,356,2,0
20,L,-2800,1500,357,2,0
20,L,-2800,1500,358,2,0
20,L,-2800,1500,359,2,0
20,L,-2800,1500,360,2,0
20,L,-2800,1500,361,2,0
20,L,-2800,1500,362,2,0
20,L,-2800,1500,363,2,0
20,L,-2800,1500,364,3,0
20,L,-2800,1500,365,1,0
20,L,-2800,1500,366,3,0
20,L,-2800,1500,367,1,0
20,L,-2800,1500,368,3,0
20,L,-2800,1500,369,1,0
20,L,-2800,1500,370,3,0
20,L,-2800,1500,371,2,0
20,L,-2800,1500,372,2,0
20,L,-2800,1500,373,2,0
20,L,-2800,1500,374,2,0
20,L,-2800,1500,375,3,0
20,L,-2800,1500,376,1,0
20,L,-2800,1500,377,3,0
20,L,-2800,1500,378,1,0
20,L,-2800,1500,379,3,0
20,L,-2800,1500,380,2,0
20,L,-2800,1500,381,2,0
20,L,-2800,1500,382,2,0
20,L,-2800,1500,383,2,0
20,L,-2800,1500,384,2,0
20,L,-2800,1500,385,3,0
20,L,-2800,1500,386,1,0
20,L,-2800,1500,387,3,0
20,L,-2800,1500,388,2,0
20,L,-2800,1500,389,2,0
20,L,-2800,1500,390,3,0
20,L,-2800,1500,391,1,0
20,L,-2800,1500,392,3,0
20,L,-2800,1500,393,2,0
20,L,-2800,1500,394,2,0
20,L,-2800,1500,395,2,0
20,L,-2800,1500,396,2,0
20,L,-2800,1500,397,2,0
20,L,-2800,1500,398,3,0
20,L,-2800,1500,399,1,0
20,L,-2800,1500,400,3,0
20,L,-2800,1500,401,2,0
20,L,-2800,1500,402,2,0
20,L,-2800,1500,403,2,0
20,L,-2800,1500,404,2,0
20,L,-2800,1500,405,2,0
20,L,-2800,1500,406,2,0
20,L,-2800,1500,407,1,0
20,L,-2800,1500,408,3,0
20,L,-2800,1500,409,1,0
20,L,-2800,1500,410,2,0
20,L,-2800,1500,411,1,0
20,L,-2800,1500,412,1,0
20,L,-2800,1500,413,2,0
20,L,-2800,1500,414,1,0
20,L,-2800,1500,415,2,0
20,L,-2800,1500,416,1,0
20,L,-2800,1500,417,1,0
20,L,-2800,1500,418,1,0
20,L,-2800,1500,419,2,0
20,L,-2800,1500,420,1,0
20,L,-2800,1500,421,1,0
20,L,-2800,1500,422,1,0
20,L,-2800,1500,423,1,0
20,L,-2800,1500,424,1,0
20,L,-2800,1500,425,0,0
20,L,-2800,1500,426,1,0
20,L,-2800,1500,427,1,0
20,L,-2800,1500,428,1,0
20,L,-2800,1500,429,0,0
20,L,-2800,1500,430,1,0
20,L,-2800,1500,431,0,0
20,L,-2800,1500,432,1,0
20,L,-2800,1500,433,0,0
20,L,-2800,1500,434,0,0
20,L,-2800,1500,435,0,0
20,L,-2800,1500,436,0,0
20,L,-2800,1500,437,0,0
20,L,-2800,1500,438,0,0
20,L,-2800,1500,439,0,0
20,L,-2800,1500,440,0,0
20,L,-2800,1500,441,0,0
20,L,-2800,1500,442,0,0
20,L,-2800,1500,443,0,0
20,L,-2800,1500,444,-1,0
20,L,-2800,1500,445,0,0
20,L,-2800,1500,446,0,0
20,L,-2800,1500,447,0,0
20,L,-2800,1500,448,0,0
20,L,-2800,1500,449,0,0
20,L,-2800,1500,450,-1,0
20,L,-2800,1500,451,0,0
20,L,-2800,1500,452,0,0
20,L,-2800,1500,453,0,0
20,L,-2800,1500,454,0,0
20,L,-2800,1500,455,0,0
20,L,-2800,1500,456,0,0
20,L,-2800,1500,457,0,0
20,L,-2800,1500,458,0,0
20,L,-2800,1500,459,0,0
20,L,-2800,1500,460,0,0
20,L,-2800,1500,461,0,0
20,L,-2800,1500,462,0,0
20,L,-2800,1500,463,0,0
20,L,-2800,1500,464,0,0
20,L,-2800,1500,465,0,0
20,L,-2800,1500,466,0,0
20,L,-2800,1500,467,0,0
20,L,-2800,1500,468,0,0
20,L,-2800,1500,469,0,0
20,L,-2800,1500,470,0,0
20,L,-2800,1500,471,0,0
20,L,-2800,1500,472,0,0
20,L,-2800,1500,473,0,0
20,L,-2800,1500,474,0,0
20,L,-2800,1500,475,0,0
20,L,-2800,1500,476,0,0
20,L,-2800,1500,477,0,0
20,L,-2800,1500,478,0,0
20,L,-2800,1500,479,0,0
20,L,-2800,1500,480,0,0
20,L,-2800,1500,481,0,0
20,L,-2800,1500,482,0,0
20,L,-2800,1500,483,0,0
20,L,-2800,1500,484,0,0
20,L,-2800,1500,485,0,0
20,L,-2800,1500,486,0,0
20,L,-2800,1500,487,0,0
20,L,-2800,1500,488,0,0
20,L,-2800,1500,489,0,0
20,L,-2800,1500,490,0,0
20,L,-2800,1500,491,0,0
20,L,-2800,1500,492,0,0
20,L,-2800,1500,493,0,0
20,L,-2800,1500,494,0,0
20,L,-2800,1500,495,0,0
20,L,-2800,1500,496,0,0
20,L,-2800,1500,497,0,0
20,L,-2800,1500,498,0,0
20,L,-2800,1500,499,0,0
21,L,-2800,1700,0,0,0
21,L,-2800,1700,1,0,0
21,L,-2800,1700,2,-3,0
21,L,-2800,1700,3,-5,0
21,L,-2800,1700,4,-7,0
21,L,-2800,1700,5,-8,0
21,L,-2800,1700,6,-11,0
21,L,-2800,1700,7,-12,0
21,L,-2800,1700,8,-13,0
21,L,-2800,1700,9,-15,0
21,L,-2800,1700,10,-17,0
21,L,-2800,1700,11,-17,0
21,L,-2800,1700,12,-19,0
21,L,-2800,1700,13,-19,0
21,L,-2800,1700,14,-21,0
21,L,-2800,1700,15,-21,0
21,L,-2800,1700,16,-23,0
21,L,-2800,1700,17,-23,0
21,L,-2800,1700,18,-24,0
21,L,-2800,1700,19,-24,0
21,L,-2800,1700,20,-26,0
21,L,-2800,1700,21,-26,0
21,L,-2800,1700,22,-26,0
21,L,-2800,1700,23,-27,0
21,L,-2800,1700,24,-27,0
21,L,-2800,1700,25,-28,0
21,L,-2800,1700,26,-29,0
21,L,-2800,1700,27,-28,0
21,L,-2800,1700,28,-29,0
21,L,-2800,1700,29,-30,0
21,L,-2800,1700,30,-30,0
21,L,-2800,1700,31,-30,0
21,L,-2800,1700,32,-30,0
21,L,-2800,1700,33,-31,0
21,L,-2800,1700,34,-32,0
21,L,-2800,1700,35,-31,0
21,L,-2800,1700,36,-32,0
21,L,-2800,1700,37,-32,0
21,L,-2800,1700,38,-32,0
21,L,-2800,1700,39,-32,0
21,L,-2800,1700,40,-32,0
21,L,-2800,1700,41,-33,0
21,L,-2800,1700,42,-33,0
21,L,-2800,1700,43,-32,0
21,L,-2800,1700,44,-34,0
21,L,-2800,1700,45,-33,0
21,L,-2800,1700,46,-34,0
21,L,-2800,1700,47,-34,0
21,L,-2800,1700,48,-33,0
21,L,-2800,1700,49,-35,0
21,L,-2800,1700,50,-33,0
21,L,-2800,1700,51,-35,0
21,L,-2800,1700,52,-34,0
21,L,-2800,1700,53,-34,0
21,L,-2800,1700,54,-36,0
21,L,-2800,1700,55,-34,0
21,L,-2800,1700,56,-35,0
21,L,-2800,1700,57,-35,0
21,L,-2800,1700,58,-35,0
21,L,-2800,1700,59,-34,0
21,L,-2800,1700,60,-36,0
21,L,-2800,1700,61,-35,0
21,L,-2800,1700,62,-36,0
21,L,-2800,1700,63,-35,0
21,L,-2800,1700,64,-37,0
21,L,-2800,1700,65,-34,0
21,L,-2800,1700,66,-35,0
21,L,-2800,1700,67,-36,0
21,L,-2800,1700,68,-36,0
21,L,-2800,1700,69,-36,0
21,L,-2800,1700,70,-35,0
21,L,-2800,1700,71,-36,0
21,L,-2800,1700,72,-36,0
21,L,-2800,1700,73,-36,0
21,L,-2800,1700,74,-36,0
21,L,-2800,1700,75,-37,0
21,L,-2800,1700,76,-36,0
21,L,-2800,1700,77,-36,0
21,L,-2800,1700,78,-36,0
21,L,-2800,1700,79,-36,0
21,L,-2800,1700,80,-36,0
21,L,-2800,1700,81,-38,0
21,L,-2800,1700,82,-36,0
21,L,-2800,1700,83,-36,0
21,L,-2800,1700,84,-37,0
21,L,-2800,1700,85,-36,0
21,L,-2800,1700,86,-37,0
21,L,-2800,1700,87,-36,0
21,L,-2800,1700,88,-37,0
21,L,-2800,1700,89,-37,0
21,L,-2800,1700,90,-37,0
21,L,-2800,1700,91,-36,0
21,L,-2800,1700,92,-37,0
21,L,-2800,1700,93,-36,0
21,L,-2800,1700,94,-38,0
21,L,-2800,1700,95,-36,0
21,L,-2800,1700,96,-37,0
21,L,-2800,1700,97,-37,0
21,L,-2800,1700,98,-36,0
21,L,-2800,1700,99,-38,0
21,L,-2800,1700,100,-37,0
21,L,-2800,1700,101,-36,0
21,L,-2800,1700,102,-37,0
21,L,-2800,1700,103,-38,0
21,L,-2800,1700,104,-37,0
21,L,-2800,1700,105,-36,0
21,L,-2800,1700,106,-37,0
21,L,-2800,1700,107,-38,0
21,L,-2800,1700,108,-37,0
21,L,-2800,1700,109,-37,0
21,L,-2800,1700,110,-36,0
21,L,-2800,1700,111,-38,0
21,L,-2800,1700,112,-37,0
21,L,-2800,1700,113,-37,0
21,L,-2800,1700,114,-38,0
21,L,-2800,1700,115,-36,0
21,L,-2800,1700,116,-37,0
21,L,-2800,1700,117,-37,0
21,L,-2800,1700,118,-38,0
21,L,-2800,1700,119,-37,0
21,L,-2800,1700,120,-37,0
21,L,-2800,1700,121,-38,0
21,L,-2800,1700,122,-37,0
21,L,-2800,1700,123,-37,0
21,L,-2800,1700,124,-38,0
21,L,-2800,1700,125,-37,0
21,L,-2800,1700,126,-37,0
21,L,-2800,1700,127,-37,0
21,L,-2800,1700,128,-37,0
21,L,-2800,1700,129,-37,0
21,L,-2800,1700,130,-37,0
21,L,-2800,1700,131,-38,0
21,L,-2800,1700,132,-38,0
21,L,-2800,1700,133,-37,0
21,L,-2800,1700,134,-37,0
21,L,-2800,1700,135,-37,0
21,L,-2800,1700,136,-37,0
21,L,-2800,1700,137,-38,0
21,L,-2800,1700,138,-38,0
21,L,-2800,1700,139,-36,0
21,L,-2800,1700,140,-38,0
21,L,-2800,1700,141,-37,0
21,L,-2800,1700,142,-37,0
21,L,-2800,1700,143,-38,0
21,L,-2800,1700,144,-38,0
21,L,-2800,1700,145,-36,0
21,L,-2800,1700,146,-38,0
21,L,-2800,1700,147,-37,0
21,L,-2800,1700,148,-38,0
21,L,-2800,1700,149,-37,0
21,L,-2800,1700,150,-38,0
21,L,-2800,1700,151,-38,0
21,L,-2800,1700,152,-37,0
21,L,-2800,1700,153,-37,0
21,L,-2800,1700,154,-38,0
21,L,-2800,1700,155,-37,0
21,L,-2800,1700,156,-37,0
21,L,-2800,1700,157,-38,0
21,L,-2800,1700,158,-37,0
21,L,-2800,1700,159,-37,0
21,L,-2800,1700,160,-38,0
21,L,-2800,1700,161,-37,0
21,L,-2800,1700,162,-37,0
21,L,-2800,1700,163,-38,0
21,L,-2800,1700,164,-37,0
21,L,-2800,1700,165,-37,0
21,L,-2800,1700,166,-38,0
21,L,-2800,1700,167,-37,0
21,L,-2800,1700,168,-38,0
21,L,-2800,1700,169,-37,0
21,L,-2800,1700,170,-38,0
21,L,-2800,1700,171,-37,0
21,L,-2800,1700,172,-38,0
21,L,-2800,1700,173,-37,0
21,L,-2800,1700,174,-38,0
21,L,-2800,1700,175,-37,0
21,L,-2800,1700,176,-37,0
21,L,-2800,1700,177,-38,0
21,L,-2800,1700,178,-37,0
21,L,-2800,1700,179,-37,0
21,L,-2800,1700,180,-39,0
21,L,-2800,1700,181,-36,0
21,L,-2800,1700,182,-38,0
21,L,-2800,1700,183,-38,0
21,L,-2800,1700,184,-37,0
21,L,-2800,1700,185,-38,0
21,L,-2800,1700,186,-38,0
21,L,-2800,1700,187,-36,0
21,L,-2800,1700,188,-38,0
21,L,-2800,1700,189,-37,0
21,L,-2800,1700,190,-37,0
21,L,-2800,1700,191,-38,0
21,L,-2800,1700,192,-38,0
21,L,-2800,1700,193,-37,0
21,L,-2800,1700,194,-38,0
21,L,-2800,1700,195,-37,0
21,L,-2800,1700,196,-38,0
21,L,-2800,1700,197,-37,0
21,L,-2800,1700,198,-37,0
21,L,-2800,1700,199,-38,0
21,L,-2800,1700,200,-37,0
21,L,-2800,1700,201,-37,0
21,L,-2800,1700,202,-35,0
21,L,-2800,1700,203,-33,0
21,L,-2800,1700,204,-31,0
21,L,-2800,1700,205,-29,0
21,L,-2800,1700,206,-28,0
21,L,-2800,1700,207,-26,0
21,L,-2800,1700,208,-24,0
21,L,-2800,1700,209,-22,0
21,L,-2800,1700,210,-22,0
21,L,-2800,1700,211,-19,0
21,L,-2800,1700,212,-18,0
21,L,-2800,1700,213,-17,0
21,L,-2800,1700,214,-15,0
21,L,-2800,1700,215,-15,0
21,L,-2800,1700,216,-12,0
21,L,-2800,1700,217,-12,0
21,L,-2800,1700,218,-10,0
21,L,-2800,1700,219,-10,0
21,L,-2800,1700,220,-8,0
21,L,-2800,1700,221,-8,0
21,L,-2800,1700,222,-6,0
21,L,-2800,1700,223,-6,0
21,L,-2800,1700,224,-5,0
21,L,-2800,1700,225,-4,0
21,L,-2800,1700,226,-3,0
21,L,-2800,1700,227,-3,0
21,L,-2800,1700,228,-2,0
21,L,-2800,1700,229,-1,0
21,L,-2800,1700,230,-2,0
21,L,-2800,1700,231,0,0
21,L,-2800,1700,232,0,0
21,L,-2800,1700,233,0,0
21,L,-2800,1700,234,0,0
21,L,-2800,1700,235,2,0
21,L,-2800,1700,236,1,0
21,L,-2800,1700,237,1,0
21,L,-2800,1700,238,2,0
21,L,-2800,1700,239,2,0
21,L,-2800,1700,240,2,0
21,L,-2800,1700,241,2,0
21,L,-2800,1700,242,3,0
21,L,-2800,1700,243,3,0
21,L,-2800,1700,244,4,0
21,L,-2800,1700,245,2,0
21,L,-2800,1700,246,4,0
21,L,-2800,1700,247,3,0
21,L,-2800,1700,248,4,0
21,L,-2800,1700,249,4,0
21,L,-2800,1700,250,4,0
21,L,-2800,1700,251,4,0
21,L,-2800,1700,252,4,0
21,L,-2800,1700,253,4,0
21,L,-2800,1700,254,5,0
21,L,-2800,1700,255,4,0
21,L,-2800,1700,256,5,0
21,L,-2800,1700,257,5,0
21,L,-2800,1700,258,5,0
21,L,-2800,1700,259,4,0
21,L,-2800,1700,260,5,0
21,L,-2800,1700,261,6,0
21,L,-2800,1700,262,5,0
21,L,-2800,1700,263,5,0
21,L,-2800,1700,264,5,0
21,L,-2800,1700,265,6,0
21,L,-2800,1700,266,5,0
21,L,-2800,1700,267,6,0
21,L,-2800,1700,268,5,0
21,L,-2800,1700,269,5,0
21,L,-2800,1700,270,6,0
21,L,-2800,1700,271,6,0
21,L,-2800,1700,272,6,0
21,L,-2800,1700,273,6,0
21,L,-2800,1700,274,6,0
21,L,-2800,1700,275,5,0
21,L,-2800,1700,276,7,0
21,L,-2800,1700,277,5,0
21,L,-2800,1700,278,7,0
21,L,-2800,1700,279,5,0
21,L,-2800,1700,280,7,0
21,L,-2800,1700,281,6,0
21,L,-2800,1700,282,6,0
21,L,-2800,1700,283,6,0
21,L,-2800,1700,284,7,0
21,L,-2800,1700,285,6,0
21,L,-2800,1700,286,6,0
21,L,-2800,1700,287,7,0
21,L,-2800,1700,288,6,0
21,L,-2800,1700,289,7,0
21,L,-2800,1700,290,7,0
21,L,-2800,1700,291,6,0
21,L,-2800,1700,292,6,0
21,L,-2800,1700,293,7,0
21,L,-2800,1700,294,6,0
21,L,-2800,1700,295,7,0
21,L,-2800,1700,296,6,0
21,L,-2800,1700,297,7,0
21,L,-2800,1700,298,7,0
21,L,-2800,1700,299,7,0
21,L,-2800,1700,300,7,0
21,L,-2800,1700,301,7,0
21,L,-2800,1700,302,7,0
21,L,-2800,1700,303,6,0
21,L,-2800,1700,304,7,0
21,L,-2800,1700,305,7,0
21,L,-2800,1700,306,6,0
21,L,-2800,1700,307,7,0
21,L,-2800,1700,308,8,0
21,L,-2800,1700,309,7,0
21,L,-2800,1700,310,6,0
21,L,-2800,1700,311,7,0
21,L,-2800,1700,312,7,0
21,L,-2800,1700,313,7,0
21,L,-2800,1700,314,7,0
21,L,-2800,1700,315,7,0
21,L,-2800,1700,316,7,0
21,L,-2800,1700,317,7,0
21,L,-2800,1700,318,7,0
21,L,-2800,1700,319,7,0
21,L,-2800,1700,320,8,0
21,L,-2800,1700,321,7,0
21,L,-2800,1700,322,6,0
21,L,-2800,1700,323,7,0
21,L,-2800,1700,324,8,0
21,L,-2800,1700,325,7,0
21,L,-2800,1700,326,7,0
21,L,-2800,1700,327,7,0
21,L,-2800,1700,328,7,0
21,L,-2800,1700,329,7,0
21,L,-2800,1700,330,8,0
21,L,-2800,1700,331,6,0
21,L,-2800,1700,332,8,0
21,L,-2800,1700,333,7,0
21,L,-2800,1700,334,7,0
21,L,-2800,1700,335,8,0
21,L,-2800,1700,336,6,0
21,L,-2800,1700,337,8,0
21,L,-2800,1700,338,7,0
21,L,-2800,1700,339,8,0
21,L,-2800,1700,340,7,0
21,L,-2800,1700,341,7,0
21,L,-2800,1700,342,7,0
21,L,-2800,1700,343,7,0
21,L,-2800,1700,344,8,0
21,L,-2800,1700,345,7,0
21,L,-2800,1700,346,8,0
21,L,-2800,1700,347,6,0
21,L,-2800,1700,348,8,0
21,L,-2800,1700,349,7,0
21,L,-2800,1700,350,8,0
21,L,-2800,1700,351,7,0
21,L,-2800,1700,352,8,0
21,L,-2800,1700,353,6,0
21,L,-2800,1700,354,8,0
21,L,-2800,1700,355,7,0
21,L,-2800,1700,356,8,0
21,L,-2800,1700,357,7,0
21,L,-2800,1700,358,8,0
21,L,-2800,1700,359,6,0
21,L,-2800,1700,360,8,0
21,L,-2800,1700,361,7,0
21,L,-2800,1700,362,8,0
21,L,-2800,1700,363,7,0
21,L,-2800,1700,364,8,0
21,L,-2800,1700,365,6,0
21,L,-2800,1700,366,8,0
21,L,-2800,1700,367,7,0
21,L,-2800,1700,368,8,0
21,L,-2800,1700,369,8,0
21,L,-2800,1700,370,7,0
21,L,-2800,1700,371,7,0
21,L,-2800,1700,372,7,0
21,L,-2800,1700,373,8,0
21,L,-2800,1700,374,7,0
21,L,-2800,1700,375,8,0
21,L,-2800,1700,376,7,0
21,L,-2800,1700,377,8,0
21,L,-2800,1700,378,6,0
21,L,-2800,1700,379,8,0
21,L,-2800,1700,380,7,0
21,L,-2800,1700,381,8,0
21,L,-2800,1700,382,8,0
21,L,-2800,1700,383,7,0
21,L,-2800,1700,384,8,0
21,L,-2800,1700,385,6,0
21,L,-2800,1700,386,8,0
21,L,-2800,1700,387,7,0
21,L,-2800,1700,388,8,0
21,L,-2800,1700,389,8,0
21,L,-2800,1700,390,7,0
21,L,-2800,1700,391,8,0
21,L,-2800,1700,392,7,0
21,L,-2800,1700,393,7,0
21,L,-2800,1700,394,7,0
21,L,-2800,1700,395,8,0
21,L,-2800,1700,396,8,0
21,L,-2800,1700,397,7,0
21,L,-2800,1700,398,8,0
21,L,-2800,1700,399,7,0
21,L,-2800,1700,400,7,0
21,L,-2800,1700,401,8,0
21,L,-2800,1700,402,7,0
21,L,-2800,1700,403,8,0
21,L,-2800,1700,404,7,0
21,L,-2800,1700,405,6,0
21,L,-2800,1700,406,7,0
21,L,-2800,1700,407,8,0
21,L,-2800,1700,408,7,0
21,L,-2800,1700,409,6,0
21,L,-2800,1700,410,7,0
21,L,-2800,1700,411,7,0
21,L,-2800,1700,412,6,0
21,L,-2800,1700,413,7,0
21,L,-2800,1700,414,6,0
21,L,-2800,1700,415,6,0
21,L,-2800,1700,416,7,0
21,L,-2800,1700,417,6,0
21,L,-2800,1700,418,6,0
21,L,-2800,1700,419,6,0
21,L,-2800,1700,420,6,0
21,L,-2800,1700,421,5,0
21,L,-2800,1700,422,7,0
21,L,-2800,1700,423,5,0
21,L,-2800,1700,424,5,0
21,L,-2800,1700,425,7,0
21,L,-2800,1700,426,5,0
21,L,-2800,1700,427,6,0
21,L,-2800,1700,428,5,0
21,L,-2800,1700,429,5,0
21,L,-2800,1700,430,5,0
21,L,-2800,1700,431,5,0
21,L,-2800,1700,432,5,0
21,L,-2800,1700,433,5,0
21,L,-2800,1700,434,6,0
21,L,-2800,1700,435,4,0
21,L,-2800,1700,436,5,0
21,L,-2800,1700,437,4,0
21,L,-2800,1700,438,5,0
21,L,-2800,1700,439,4,0
21,L,-2800,1700,440,5,0
21,L,-2800,1700,441,5,0
21,L,-2800,1700,442,4,0
21,L,-2800,1700,443,5,0
21,L,-2800,1700,444,4,0
21,L,-2800,1700,445,4,0
21,L,-2800,1700,446,4,0
21,L,-2800,1700,447,4,0
21,L,-2800,1700,448,4,0
21,L,-2800,1700,449,4,0
21,L,-2800,1700,450,4,0
21,L,-2800,1700,451,4,0
21,L,-2800,1700,452,3,0
21,L,-2800,1700,453,4,0
21,L,-2800,1700,454,4,0
21,L,-2800,1700,455,3,0
21,L,-2800,1700,456,3,0
21,L,-2800,1700,457,4,0
21,L,-2800,1700,458,3,0
21,L,-2800,1700,459,3,0
21,L,-2800,1700,460,4,0
21,L,-2800,1700,461,2,0
21,L,-2800,1700,462,4,0
21,L,-2800,1700,463,3,0
21,L,-2800,1700,464,3,0
21,L,-2800,1700,465,2,0
21,L,-2800,1700,466,3,0
21,L,-2800,1700,467,4,0
21,L,-2800,1700,468,2,0
21,L,-2800,1700,469,3,0
21,L,-2800,1700,470,2,0
21,L,-2800,1700,471,3,0
21,L,-2800,1700,472,2,0
21,L,-2800,1700,473,3,0
21,L,-2800,1700,474,2,0
21,L,-2800,1700,475,2,0
21,L,-2800,1700,476,2,0
21,L,-2800,1700,477,3,0
21,L,-2800,1700,478,2,0
21,L,-2800,1700,479,2,0
21,L,-2800,1700,480,2,0
21,L,-2800,1700,481,2,0
21,L,-2800,1700,482,2,0
21,L,-2800,1700,483,2,0
21,L,-2800,1700,484,1,0
21,L,-2800,1700,485,3,0
21,L,-2800,1700,486,1,0
21,L,-2800,1700,487,2,0
21,L,-2800,1700,488,1,0
21,L,-2800,1700,489,2,0
21,L,-2800,1700,490,2,0
21,L,-2800,1700,491,1,0
21,L,-2800,1700,492,2,0
21,L,-2800,1700,493,1,0
21,L,-2800,1700,494,1,0
21,L,-2800,1700,495,2,0
21,L,-2800,1700,496,0,0
21,L,-2800,1700,497,1,0
21,L,-2800,1700,498,1,0
21,L,-2800,1700,499,2,0
22,L,-2800,2000,0,0,0
22,L,-2800,2000,1,0,0
22,L,-2800,2000,2,-3,0
22,L,-2800,2000,3,-4,0
22,L,-2800,2000,4,-7,0
22,L,-2800,2000,5,-9,0
22,L,-2800,2000,6,-10,0
22,L,-2800,2000,7,-12,0
22,L,-2800,2000,8,-14,0
22,L,-2800,2000,9,-14,0
22,L,-2800,2000,10,-16,0
22,L,-2800,2000,11,-18,0
22,L,-2800,2000,12,-18,0
22,L,-2800,2000,13,-20,0
22,L,-2800,2000,14,-20,0
22,L,-2800,2000,15,-22,0
22,L,-2800,2000,16,-23,0
22,L,-2800,2000,17,-22,0
22,L,-2800,2000,18,-24,0
22,L,-2800,2000,19,-25,0
22,L,-2800,2000,20,-26,0
22,L,-2800,2000,21,-25,0
22,L,-2800,2000,22,-27,0
22,L,-2800,2000,23,-26,0
22,L,-2800,2000,24,-28,0
22,L,-2800,2000,25,-28,0
22,L,-2800,2000,26,-28,0
22,L,-2800,2000,27,-28,0
22,L,-2800,2000,28,-30,0
22,L,-2800,2000,29,-29,0
22,L,-2800,2000,30,-31,0
22,L,-2800,2000,31,-30,0
22,L,-2800,2000,32,-31,0
22,L,-2800,2000,33,-30,0
22,L,-2800,2000,34,-31,0
22,L,-2800,2000,35,-32,0
22,L,-2800,2000,36,-31,0
22,L,-2800,2000,37,-32,0
22,L,-2800,2000,38,-32,0
22,L,-2800,2000,39,-33,0
22,L,-2800,2000,40,-32,0
22,L,-2800,2000,41,-33,0
22,L,-2800,2000,42,-33,0
22,L,-2800,2000,43,-33,0
22,L,-2800,2000,44,-33,0
22,L,-2800,2000,45,-34,0
22,L,-2800,2000,46,-33,0
22,L,-2800,2000,47,-34,0
22,L,-2800,2000,48,-34,0
22,L,-2800,2000,49,-34,0
22,L,-2800,2000,50,-34,0
22,L,-2800,2000,51,-35,0
22,L,-2800,2000,52,-34,0
22,L,-2800,2000,53,-34,0
22,L,-2800,2000,54,-35,0
22,L,-2800,2000,55,-35,0
22,L,-2800,2000,56,-35,0
22,L,-2800,2000,57,-35,0
22,L,-2800,2000,58,-34,0
22,L,-2800,2000,59,-35,0
22,L,-2800,2000,60,-36,0
22,L,-2800,2000,61,-35,0
22,L,-2800,2000,62,-36,0
22,L,-2800,2000,63,-34,0
22,L,-2800,2000,64,-36,0
22,L,-2800,2000,65,-36,0
22,L,-2800,2000,66,-35,0
22,L,-2800,2000,67,-36,0
22,L,-2800,2000,68,-36,0
22,L,-2800,2000,69,-36,0
22,L,-2800,2000,70,-36,0
22,L,-2800,2000,71,-36,0
22,L,-2800,2000,72,-36,0
22,L,-2800,2000,73,-36,0
22,L,-2800,2000,74,-36,0
22,L,-2800,2000,75,-36,0
22,L,-2800,2000,76,-36,0
22,L,-2800,2000,77,-37,0
22,L,-2800,2000,78,-36,0
22,L,-2800,2000,79,-36,0
22,L,-2800,2000,80,-36,0
22,L,-2800,2000,81,-36,0
22,L,-2800,2000,82,-38,0
22,L,-2800,2000,83,-36,0
22,L,-2800,2000,84,-37,0
22,L,-2800,2000,85,-36,0
22,L,-2800,2000,86,-36,0
22,L,-2800,2000,87,-37,0
22,L,-2800,2000,88,-37,0
22,L,-2800,2000,89,-37,0
22,L,-2800,2000,90,-36,0
22,L,-2800,2000,91,-37,0
22,L,-2800,2000,92,-37,0
22,L,-2800,2000,93,-36,0
22,L,-2800,2000,94,-38,0
22,L,-2800,2000,95,-36,0
22,L,-2800,2000,96,-37,0
22,L,-2800,2000,97,-37,0
22,L,-2800,2000,98,-36,0
22,L,-2800,2000,99,-38,0
22,L,-2800,2000,100,-37,0
22,L,-2800,2000,101,-37,0
22,L,-2800,2000,102,-36,0
22,L,-2800,2000,103,-38,0
22,L,-2800,2000,104,-37,0
22,L,-2800,2000,105,-37,0
22,L,-2800,2000,106,-36,0
22,L,-2800,2000,107,-38,0
22,L,-2800,2000,108,-37,0
22,L,-2800,2000,109,-37,0
22,L,-2800,2000,110,-37,0
22,L,-2800,2000,111,-37,0
22,L,-2800,2000,112,-37,0
22,L,-2800,2000,113,-37,0
22,L,-2800,2000,114,-38,0
22,L,-2800,2000,115,-37,0
22,L,-2800,2000,116,-37,0
22,L,-2800,2000,117,-38,0
22,L,-2800,2000,118,-37,0
22,L,-2800,2000,119,-37,0
22,L,-2800,2000,120,-37,0
22,L,-2800,2000,121,-38,0
22,L,-2800,2000,122,-36,0
22,L,-2800,2000,123,-37,0
22,L,-2800,2000,124,-38,0
22,L,-2800,2000,125,-37,0
22,L,-2800,2000,126,-37,0
22,L,-2800,2000,127,-38,0
22,L,-2800,2000,128,-37,0
22,L,-2800,2000,129,-37,0
22,L,-2800,2000,130,-38,0
22,L,-2800,2000,131,-37,0
22,L,-2800,2000,132,-37,0
22,L,-2800,2000,133,-38,0
22,L,-2800,2000,134,-37,0
22,L,-2800,2000,135,-37,0
22,L,-2800,2000,136,-38,0
22,L,-2800,2000,137,-37,0
22,L,-2800,2000,138,-39,0
22,L,-2800,2000,139,-36,0
22,L,-2800,2000,140,-37,0
22,L,-2800,2000,141,-37,0
22,L,-2800,2000,142,-38,0
22,L,-2800,2000,143,-37,0
22,L,-2800,2000,144,-37,0
22,L,-2800,2000,145,-38,0
22,L,-2800,2000,146,-37,0
22,L,-2800,2000,147,-38,0
22,L,-2800,2000,148,-37,0
22,L,-2800,2000,149,-36,0
22,L,-2800,2000,150,-38,0
22,L,-2800,2000,151,-38,0
22,L,-2800,2000,152,-37,0
22,L,-2800,2000,153,-38,0
22,L,-2800,2000,154,-37,0
22,L,-2800,2000,155,-37,0
22,L,-2800,2000,156,-38,0
22,L,-2800,2000,157,-37,0
22,L,-2800,2000,158,-37,0
22,L,-2800,2000,159,-38,0
22,L,-2800,2000,160,-38,0
22,L,-2800,2000,161,-37,0
22,L,-2800,2000,162,-38,0
22,L,-2800,2000,163,-37,0
22,L,-2800,2000,164,-38,0
22,L,-2800,2000,165,-37,0
22,L,-2800,2000,166,-37,0
22,L,-2800,2000,167,-38,0
22,L,-2800,2000,168,-37,0
22,L,-2800,2000,169,-37,0
22,L,-2800,2000,170,-38,0
22,L,-2800,2000,171,-37,0
22,L,-2800,2000,172,-38,0
22,L,-2800,2000,173,-38,0
22,L,-2800,2000,174,-37,0
22,L,-2800,2000,175,-38,0
22,L,-2800,2000,176,-37,0
22,L,-2800,2000,177,-37,0
22,L,-2800,2000,178,-38,0
22,L,-2800,2000,179,-37,0
22,L,-2800,2000,180,-38,0
22,L,-2800,2000,181,-38,0
22,L,-2800,2000,182,-37,0
22,L,-2800,2000,183,-38,0
22,L,-2800,2000,184,-37,0
22,L,-2800,2000,185,-37,0
22,L,-2800,2000,186,-38,0
22,L,-2800,2000,187,-37,0
22,L,-2800,2000,188,-38,0
22,L,-2800,2000,189,-38,0
22,L,-2800,2000,190,-37,0
22,L,-2800,2000,191,-38,0
22,L,-2800,2000,192,-37,0
22,L,-2800,2000,193,-37,0
22,L,-2800,2000,194,-38,0
22,L,-2800,2000,195,-37,0
22,L,-2800,2000,196,-38,0
22,L,-2800,2000,197,-38,0
22,L,-2800,2000,198,-37,0
22,L,-2800,2000,199,-39,0
22,L,-2800,2000,200,-36,0
22,L,-2800,2000,201,-37,0
22,L,-2800,2000,202,-34,0
22,L,-2800,2000,203,-32,0
22,L,-2800,2000,204,-30,0
22,L,-2800,2000,205,-28,0
22,L,-2800,2000,206,-26,0
22,L,-2800,2000,207,-23,0
22,L,-2800,2000,208,-22,0
22,L,-2800,2000,209,-19,0
22,L,-2800,2000,210,-17,0
22,L,-2800,2000,211,-16,0
22,L,-2800,2000,212,-13,0
22,L,-2800,2000,213,-12,0
22,L,-2800,2000,214,-11,0
22,L,-2800,2000,215,-8,0
22,L,-2800,2000,216,-7,0
22,L,-2800,2000,217,-6,0
22,L,-2800,2000,218,-4,0
22,L,-2800,2000,219,-3,0
22,L,-2800,2000,220,-1,0
22,L,-2800,2000,221,0,0
22,L,-2800,2000,222,0,0
22,L,-2800,2000,223,2,0
22,L,-2800,2000,224,2,0
22,L,-2800,2000,225,4,0
22,L,-2800,2000,226,4,0
22,L,-2800,2000,227,4,0
22,L,-2800,2000,228,5,0
22,L,-2800,2000,229,6,0
22,L,-2800,2000,230,6,0
22,L,-2800,2000,231,7,0
22,L,-2800,2000,232,8,0
22,L,-2800,2000,233,8,0
22,L,-2800,2000,234,8,0
22,L,-2800,2000,235,8,0
22,L,-2800,2000,236,9,0
22,L,-2800,2000,237,9,0
22,L,-2800,2000,238,10,0
22,L,-2800,2000,239,10,0
22,L,-2800,2000,240,10,0
22,L,-2800,2000,241,10,0
22,L,-2800,2000,242,11,0
22,L,-2800,2000,243,11,0
22,L,-2800,2000,244,10,0
22,L,-2800,2000,245,12,0
22,L,-2800,2000,246,11,0
22,L,-2800,2000,247,12,0
22,L,-2800,2000,248,12,0
22,L,-2800,2000,249,12,0
22,L,-2800,2000,250,12,0
22,L,-2800,2000,251,12,0
22,L,-2800,2000,252,13,0
22,L,-2800,2000,253,12,0
22,L,-2800,2000,254,14,0
22,L,-2800,2000,255,12,0
22,L,-2800,2000,256,13,0
22,L,-2800,2000,257,13,0
22,L,-2800,2000,258,14,0
22,L,-2800,2000,259,13,0
22,L,-2800,2000,260,13,0
22,L,-2800,2000,261,14,0
22,L,-2800,2000,262,13,0
22,L,-2800,2000,263,14,0
22,L,-2800,2000,264,14,0
22,L,-2800,2000,265,13,0
22,L,-2800,2000,266,14,0
22,L,-2800,2000,267,14,0
22,L,-2800,2000,268,14,0
22,L,-2800,2000,269,14,0
22,L,-2800,2000,270,15,0
22,L,-2800,2000,271,14,0
22,L,-2800,2000,272,14,0
22,L,-2800,2000,273,15,0
22,L,-2800,2000,274,14,0
22,L,-2800,2000,275,14,0
22,L,-2800,2000,276,15,0
22,L,-2800,2000,277,14,0
22,L,-2800,2000,278,15,0
22,L,-2800,2000,279,14,0
22,L,-2800,2000,280,15,0
22,L,-2800,2000,281,15,0
22,L,-2800,2000,282,15,0
22,L,-2800,2000,283,15,0
22,L,-2800,2000,284,15,0
22,L,-2800,2000,285,15,0
22,L,-2800,2000,286,14,0
22,L,-2800,2000,287,15,0
22,L,-2800,2000,288,16,0
22,L,-2800,2000,289,15,0
22,L,-2800,2000,290,14,0
22,L,-2800,2000,291,16,0
22,L,-2800,2000,292,15,0
22,L,-2800,2000,293,15,0
22,L,-2800,2000,294,16,0
22,L,-2800,2000,295,14,0
22,L,-2800,2000,296,16,0
22,L,-2800,2000,297,15,0
22,L,-2800,2000,298,15,0
22,L,-2800,2000,299,16,0
22,L,-2800,2000,300,15,0
22,L,-2800,2000,301,15,0
22,L,-2800,2000,302,16,0
22,L,-2800,2000,303,15,0
22,L,-2800,2000,304,16,0
22,L,-2800,2000,305,15,0
22,L,-2800,2000,306,16,0
22,L,-2800,2000,307,15,0
22,L,-2800,2000,308,15,0
22,L,-2800,2000,309,16,0
22,L,-2800,2000,310,15,0
22,L,-2800,2000,311,16,0
22,L,-2800,2000,312,16,0
22,L,-2800,2000,313,15,0
22,L,-2800,2000,314,16,0
22,L,-2800,2000,315,16,0
22,L,-2800,2000,316,14,0
22,L,-2800,2000,317,16,0
22,L,-2800,2000,318,16,0
22,L,-2800,2000,319,15,0
22,L,-2800,2000,320,16,0
22,L,-2800,2000,321,16,0
22,L,-2800,2000,322,16,0
22,L,-2800,2000,323,15,0
22,L,-2800,2000,324,16,0
22,L,-2800,2000,325,16,0
22,L,-2800,2000,326,16,0
22,L,-2800,2000,327,15,0
22,L,-2800,2000,328,15,0
22,L,-2800,2000,329,16,0
22,L,-2800,2000,330,16,0
22,L,-2800,2000,331,16,0
22,L,-2800,2000,332,15,0
22,L,-2800,2000,333,16,0
22,L,-2800,2000,334,16,0
22,L,-2800,2000,335,16,0
22,L,-2800,2000,336,16,0
22,L,-2800,2000,337,16,0
22,L,-2800,2000,338,15,0
22,L,-2800,2000,339,16,0
22,L,-2800,2000,340,16,0
22,L,-2800,2000,341,16,0
22,L,-2800,2000,342,16,0
22,L,-2800,2000,343,16,0
22,L,-2800,2000,344,15,0
22,L,-2800,2000,345,16,0
22,L,-2800,2000,346,15,0
22,L,-2800,2000,347,16,0
22,L,-2800,2000,348,16,0
22,L,-2800,2000,349,16,0
22,L,-2800,2000,350,16,0
22,L,-2800,2000,351,16,0
22,L,-2800,2000,352,16,0
22,L,-2800,2000,353,16,0
22,L,-2800,2000,354,15,0
22,L,-2800,2000,355,16,0
22,L,-2800,2000,356,16,0
22,L,-2800,2000,357,16,0
22,L,-2800,2000,358,16,0
22,L,-2800,2000,359,16,0
22,L,-2800,2000,360,16,0
22,L,-2800,2000,361,16,0
22,L,-2800,2000,362,16,0
22,L,-2800,2000,363,15,0
22,L,-2800,2000,364,17,0
22,L,-2800,2000,365,16,0
22,L,-2800,2000,366,16,0
22,L,-2800,2000,367,16,0
22,L,-2800,2000,368,15,0
22,L,-2800,2000,369,16,0
22,L,-2800,2000,370,16,0
22,L,-2800,2000,371,16,0
22,L,-2800,2000,372,16,0
22,L,-2800,2000,373,16,0
22,L,-2800,2000,374,16,0
22,L,-2800,2000,375,16,0
22,L,-2800,2000,376,16,0
22,L,-2800,2000,377,16,0
22,L,-2800,2000,378,16,0
22,L,-2800,2000,379,16,0
22,L,-2800,2000,380,16,0
22,L,-2800,2000,381,16,0
22,L,-2800,2000,382,16,0
22,L,-2800,2000,383,16,0
22,L,-2800,2000,384,16,0
22,L,-2800,2000,385,16,0
22,L,-2800,2000,386,16,0
22,L,-2800,2000,387,16,0
22,L,-2800,2000,388,16,0
22,L,-2800,2000,389,16,0
22,L,-2800,2000,390,16,0
22,L,-2800,2000,391,15,0
22,L,-2800,2000,392,17,0
22,L,-2800,2000,393,15,0
22,L,-2800,2000,394,16,0
22,L,-2800,2000,395,16,0
22,L,-2800,2000,396,16,0
22,L,-2800,2000,397,16,0
22,L,-2800,2000,398,16,0
22,L,-2800,2000,399,16,0
22,L,-2800,2000,400,16,0
22,L,-2800,2000,401,15,0
22,L,-2800,2000,402,16,0
22,L,-2800,2000,403,16,0
22,L,-2800,2000,404,16,0
22,L,-2800,2000,405,15,0
22,L,-2800,2000,406,16,0
22,L,-2800,2000,407,15,0
22,L,-2800,2000,408,15,0
22,L,-2800,2000,409,15,0
22,L,-2800,2000,410,15,0
22,L,-2800,2000,411,15,0
22,L,-2800,2000,412,14,0
22,L,-2800,2000,413,15,0
22,L,-2800,2000,414,15,0
22,L,-2800,2000,415,13,0
22,L,-2800,2000,416,15,0
22,L,-2800,2000,417,14,0
22,L,-2800,2000,418,14,0
22,L,-2800,2000,419,14,0
22,L,-2800,2000,420,14,0
22,L,-2800,2000,421,13,0
22,L,-2800,2000,422,14,0
22,L,-2800,2000,423,14,0
22,L,-2800,2000,424,13,0
22,L,-2800,2000,425,14,0
22,L,-2800,2000,426,13,0
22,L,-2800,2000,427,12,0
22,L,-2800,2000,428,13,0
22,L,-2800,2000,429,14,0
22,L,-2800,2000,430,12,0
22,L,-2800,2000,431,13,0
22,L,-2800,2000,432,12,0
22,L,-2800,2000,433,13,0
22,L,-2800,2000,434,12,0
22,L,-2800,2000,435,12,0
22,L,-2800,2000,436,12,0
22,L,-2800,2000,437,13,0
22,L,-2800,2000,438,12,0
22,L,-2800,2000,439,11,0
22,L,-2800,2000,440,12,0
22,L,-2800,2000,441,12,0
22,L,-2800,2000,442,12,0
22,L,-2800,2000,443,12,0
22,L,-2800,2000,444,11,0
22,L,-2800,2000,445,11,0
22,L,-2800,2000,446,12,0
22,L,-2800,2000,447,10,0
22,L,-2800,2000,448,11,0
22,L,-2800,2000,449,12,0
22,L,-2800,2000,450,11,0
22,L,-2800,2000,451,10,0
22,L,-2800,2000,452,11,0
22,L,-2800,2000,453,11,0
22,L,-2800,2000,454,10,0
22,L,-2800,2000,455,10,0
22,L,-2800,2000,456,10,0
22,L,-2800,2000,457,11,0
22,L,-2800,2000,458,10,0
22,L,-2800,2000,459,10,0
22,L,-2800,2000,460,9,0
22,L,-2800,2000,461,11,0
22,L,-2800,2000,462,9,0
22,L,-2800,2000,463,10,0
22,L,-2800,2000,464,10,0
22,L,-2800,2000,465,10,0
22,L,-2800,2000,466,9,0
22,L,-2800,2000,467,9,0
22,L,-2800,2000,468,10,0
22,L,-2800,2000,469,8,0
22,L,-2800,2000,470,9,0
22,L,-2800,2000,471,9,0
22,L,-2800,2000,472,10,0
22,L,-2800,2000,473,8,0
22,L,-2800,2000,474,9,0
22,L,-2800,2000,475,8,0
22,L,-2800,2000,476,9,0
22,L,-2800,2000,477,8,0
22,L,-2800,2000,478,9,0
22,L,-2800,2000,479,9,0
22,L,-2800,2000,480,8,0
22,L,-2800,2000,481,8,0
22,L,-2800,2000,482,8,0
22,L,-2800,2000,483,8,0
22,L,-2800,2000,484,8,0
22,L,-2800,2000,485,8,0
22,L,-2800,2000,486,7,0
22,L,-2800,2000,487,7,0
22,L,-2800,2000,488,8,0
22,L,-2800,2000,489,8,0
22,L,-2800,2000,490,7,0
22,L,-2800,2000,491,8,0
22,L,-2800,2000,492,7,0
22,L,-2800,2000,493,7,0
22,L,-2800,2000,494,7,0
22,L,-2800,2000,495,7,0
22,L,-2800,2000,496,7,0
22,L,-2800,2000,497,6,0
22,L,-2800,2000,498,7,0
22,L,-2800,2000,499,7,0
23,L,-2800,2800,0,0,0
23,L,-2800,2800,1,-1,0
23,L,-2800,2800,2,-3,0
23,L,-2800,2800,3,-4,0
23,L,-2800,2800,4,-8,0
23,L,-2800,2800,5,-8,0
23,L,-2800,2800,6,-11,0
23,L,-2800,2800,7,-12,0
23,L,-2800,2800,8,-13,0
23,L,-2800,2800,9,-15,0
23,L,-2800,2800,10,-16,0
23,L,-2800,2800,11,-17,0
23,L,-2800,2800,12,-19,0
23,L,-2800,2800,13,-19,0
23,L,-2800,2800,14,-21,0
23,L,-2800,2800,15,-21,0
23,L,-2800,2800,16,-23,0
23,L,-2800,2800,17,-22,0
23,L,-2800,2800,18,-24,0
23,L,-2800,2800,19,-25,0
23,L,-2800,2800,20,-25,0
23,L,-2800,2800,21,-26,0
23,L,-2800,2800,22,-26,0
23,L,-2800,2800,23,-28,0
23,L,-2800,2800,24,-26,0
23,L,-2800,2800,25,-28,0
23,L,-2800,2800,26,-29,0
23,L,-2800,2800,27,-29,0
23,L,-2800,2800,28,-29,0
23,L,-2800,2800,29,-29,0
23,L,-2800,2800,30,-30,0
23,L,-2800,2800,31,-30,0
23,L,-2800,2800,32,-31,0
23,L,-2800,2800,33,-31,0
23,L,-2800,2800,34,-31,0
23,L,-2800,2800,35,-31,0
23,L,-2800,2800,36,-32,0
23,L,-2800,2800,37,-32,0
23,L,-2800,2800,38,-32,0
23,L,-2800,2800,39,-32,0
23,L,-2800,2800,40,-33,0
23,L,-2800,2800,41,-33,0
23,L,-2800,2800,42,-33,0
23,L,-2800,2800,43,-33,0
23,L,-2800,2800,44,-34,0
23,L,-2800,2800,45,-33,0
23,L,-2800,2800,46,-33,0
23,L,-2800,2800,47,-34,0
23,L,-2800,2800,48,-34,0
23,L,-2800,2800,49,-34,0
23,L,-2800,2800,50,-34,0
23,L,-2800,2800,51,-35,0
23,L,-2800,2800,52,-35,0
23,L,-2800,2800,53,-33,0
23,L,-2800,2800,54,-35,0
23,L,-2800,2800,55,-35,0
23,L,-2800,2800,56,-35,0
23,L,-2800,2800,57,-35,0
23,L,-2800,2800,58,-35,0
23,L,-2800,2800,59,-36,0
23,L,-2800,2800,60,-34,0
23,L,-2800,2800,61,-36,0
23,L,-2800,2800,62,-35,0
23,L,-2800,2800,63,-36,0
23,L,-2800,2800,64,-35,0
23,L,-2800,2800,65,-36,0
23,L,-2800,2800,66,-36,0
23,L,-2800,2800,67,-36,0
23,L,-2800,2800,68,-36,0
23,L,-2800,2800,69,-36,0
23,L,-2800,2800,70,-36,0
23,L,-2800,2800,71,-36,0
23,L,-2800,2800,72,-36,0
23,L,-2800,2800,73,-36,0
23,L,-2800,2800,74,-36,0
23,L,-2800,2800,75,-36,0
23,L,-2800,2800,76,-36,0
23,L,-2800,2800,77,-37,0
23,L,-2800,2800,78,-36,0
23,L,-2800,2800,79,-36,0
23,L,-2800,2800,80,-37,0
23,L,-2800,2800,81,-36,0
23,L,-2800,2800,82,-36,0
23,L,-2800,2800,83,-38,0
23,L,-2800,2800,84,-37,0
23,L,-2800,2800,85,-36,0
23,L,-2800,2800,86,-36,0
23,L,-2800,2800,87,-37,0
23,L,-2800,2800,88,-36,0
23,L,-2800,2800,89,-38,0
23,L,-2800,2800,90,-37,0
23,L,-2800,2800,91,-36,0
23,L,-2800,2800,92,-37,0
23,L,-2800,2800,93,-37,0
23,L,-2800,2800,94,-37,0
23,L,-2800,2800,95,-37,0
23,L,-2800,2800,96,-37,0
23,L,-2800,2800,97,-37,0
23,L,-2800,2800,98,-37,0
23,L,-2800,2800,99,-37,0
23,L,-2800,2800,100,-37,0
23,L,-2800,2800,101,-36,0
23,L,-2800,2800,102,-38,0
23,L,-2800,2800,103,-37,0
23,L,-2800,2800,104,-37,0
23,L,-2800,2800,105,-38,0
23,L,-2800,2800,106,-37,0
23,L,-2800,2800,107,-36,0
23,L,-2800,2800,108,-37,0
23,L,-2800,2800,109,-38,0
23,L,-2800,2800,110,-37,0
23,L,-2800,2800,111,-37,0
23,L,-2800,2800,112,-38,0
23,L,-2800,2800,113,-37,0
23,L,-2800,2800,114,-37,0
23,L,-2800,2800,115,-38,0
23,L,-2800,2800,116,-37,0
23,L,-2800,2800,117,-37,0
23,L,-2800,2800,118,-37,0
23,L,-2800,2800,119,-37,0
23,L,-2800,2800,120,-38,0
23,L,-2800,2800,121,-37,0
23,L,-2800,2800,122,-37,0
23,L,-2800,2800,123,-38,0
23,L,-2800,2800,124,-37,0
23,L,-2800,2800,125,-37,0
23,L,-2800,2800,126,-37,0
23,L,-2800,2800,127,-38,0
23,L,-2800,2800,128,-37,0
23,L,-2800,2800,129,-38,0
23,L,-2800,2800,130,-37,0
23,L,-2800,2800,131,-38,0
23,L,-2800,2800,132,-37,0
23,L,-2800,2800,133,-38,0
23,L,-2800,2800,134,-37,0
23,L,-2800,2800,135,-37,0
23,L,-2800,2800,136,-38,0
23,L,-2800,2800,137,-37,0
23,L,-2800,2800,138,-37,0
23,L,-2800,2800,139,-38,0
23,L,-2800,2800,140,-37,0
23,L,-2800,2800,141,-37,0
23,L,-2800,2800,142,-38,0
23,L,-2800,2800,143,-37,0
23,L,-2800,2800,144,-38,0
23,L,-2800,2800,145,-38,0
23,L,-2800,2800,146,-37,0
23,L,-2800,2800,147,-38,0
23,L,-2800,2800,148,-37,0
23,L,-2800,2800,149,-37,0
23,L,-2800,2800,150,-38,0
23,L,-2800,2800,151,-37,0
23,L,-2800,2800,152,-37,0
23,L,-2800,2800,153,-38,0
23,L,-2800,2800,154,-37,0
23,L,-2800,2800,155,-37,0
23,L,-2800,2800,156,-38,0
23,L,-2800,2800,157,-37,0
23,L,-2800,2800,158,-38,0
23,L,-2800,2800,159,-38,0
23,L,-2800,2800,160,-37,0
23,L,-2800,2800,161,-38,0
23,L,-2800,2800,162,-37,0
23,L,-2800,2800,163,-37,0
23,L,-2800,2800,164,-38,0
23,L,-2800,2800,165,-37,0
23,L,-2800,2800,166,-38,0
23,L,-2800,2800,167,-38,0
23,L,-2800,2800,168,-37,0
23,L,-2800,2800,169,-38,0
23,L,-2800,2800,170,-37,0
23,L,-2800,2800,171,-37,0
23,L,-2800,2800,172,-38,0
23,L,-2800,2800,173,-37,0
23,L,-2800,2800,174,-37,0
23,L,-2800,2800,175,-39,0
23,L,-2800,2800,176,-37,0
23,L,-2800,2800,177,-38,0
23,L,-2800,2800,178,-37,0
23,L,-2800,2800,179,-37,0
23,L,-2800,2800,180,-38,0
23,L,-2800,2800,181,-37,0
23,L,-2800,2800,182,-38,0
23,L,-2800,2800,183,-38,0
23,L,-2800,2800,184,-37,0
23,L,-2800,2800,185,-38,0
23,L,-2800,2800,186,-37,0
23,L,-2800,2800,187,-37,0
23,L,-2800,2800,188,-38,0
23,L,-2800,2800,189,-37,0
23,L,-2800,2800,190,-38,0
23,L,-2800,2800,191,-37,0
23,L,-2800,2800,192,-37,0
23,L,-2800,2800,193,-38,0
23,L,-2800,2800,194,-38,0
23,L,-2800,2800,195,-37,0
23,L,-2800,2800,196,-38,0
23,L,-2800,2800,197,-37,0
23,L,-2800,2800,198,-37,0
23,L,-2800,2800,199,-38,0
23,L,-2800,2800,200,-38,0
23,L,-2800,2800,201,-36,0
23,L,-2800,2800,202,-34,0
23,L,-2800,2800,203,-30,0
23,L,-2800,2800,204,-28,0
23,L,-2800,2800,205,-26,0
23,L,-2800,2800,206,-22,0
23,L,-2800,2800,207,-19,0
23,L,-2800,2800,208,-16,0
23,L,-2800,2800,209,-14,0
23,L,-2800,2800,210,-11,0
23,L,-2800,2800,211,-8,0
23,L,-2800,2800,212,-6,0
23,L,-2800,2800,213,-2,0
23,L,-2800,2800,214,0,0
23,L,-2800,2800,215,3,0
23,L,-2800,2800,216,5,0
23,L,-2800,2800,217,7,0
23,L,-2800,2800,218,10,0
23,L,-2800,2800,219,11,0
23,L,-2800,2800,220,12,0
23,L,-2800,2800,221,14,0
23,L,-2800,2800,222,16,0
23,L,-2800,2800,223,17,0
23,L,-2800,2800,224,19,0
23,L,-2800,2800,225,19,0
23,L,-2800,2800,226,21,0
23,L,-2800,2800,227,22,0
23,L,-2800,2800,228,22,0
23,L,-2800,2800,229,23,0
23,L,-2800,2800,230,24,0
23,L,-2800,2800,231,25,0
23,L,-2800,2800,232,26,0
23,L,-2800,2800,233,26,0
23,L,-2800,2800,234,27,0
23,L,-2800,2800,235,28,0
23,L,-2800,2800,236,28,0
23,L,-2800,2800,237,28,0
23,L,-2800,2800,238,29,0
23,L,-2800,2800,239,30,0
23,L,-2800,2800,240,29,0
23,L,-2800,2800,241,31,0
23,L,-2800,2800,242,30,0
23,L,-2800,2800,243,31,0
23,L,-2800,2800,244,31,0
23,L,-2800,2800,245,32,0
23,L,-2800,2800,246,32,0
23,L,-2800,2800,247,32,0
23,L,-2800,2800,248,33,0
23,L,-2800,2800,249,32,0
23,L,-2800,2800,250,33,0
23,L,-2800,2800,251,34,0
23,L,-2800,2800,252,33,0
23,L,-2800,2800,253,33,0
23,L,-2800,2800,254,34,0
23,L,-2800,2800,255,34,0
23,L,-2800,2800,256,34,0
23,L,-2800,2800,257,33,0
23,L,-2800,2800,258,35,0
23,L,-2800,2800,259,34,0
23,L,-2800,2800,260,35,0
23,L,-2800,2800,261,35,0
23,L,-2800,2800,262,34,0
23,L,-2800,2800,263,35,0
23,L,-2800,2800,264,36,0
23,L,-2800,2800,265,35,0
23,L,-2800,2800,266,35,0
23,L,-2800,2800,267,37,0
23,L,-2800,2800,268,34,0
23,L,-2800,2800,269,35,0
23,L,-2800,2800,270,36,0
23,L,-2800,2800,271,36,0
23,L,-2800,2800,272,36,0
23,L,-2800,2800,273,35,0
23,L,-2800,2800,274,36,0
23,L,-2800,2800,275,36,0
23,L,-2800,2800,276,36,0
23,L,-2800,2800,277,36,0
23,L,-2800,2800,278,36,0
23,L,-2800,2800,279,36,0
23,L,-2800,2800,280,37,0
23,L,-2800,2800,281,36,0
23,L,-2800,2800,282,36,0
23,L,-2800,2800,283,36,0
23,L,-2800,2800,284,36,0
23,L,-2800,2800,285,37,0
23,L,-2800,2800,286,36,0
23,L,-2800,2800,287,37,0
23,L,-2800,2800,288,37,0
23,L,-2800,2800,289,36,0
23,L,-2800,2800,290,37,0
23,L,-2800,2800,291,36,0
23,L,-2800,2800,292,37,0
23,L,-2800,2800,293,37,0
23,L,-2800,2800,294,37,0
23,L,-2800,2800,295,37,0
23,L,-2800,2800,296,36,0
23,L,-2800,2800,297,37,0
23,L,-2800,2800,298,38,0
23,L,-2800,2800,299,36,0
23,L,-2800,2800,300,37,0
23,L,-2800,2800,301,37,0
23,L,-2800,2800,302,37,0
23,L,-2800,2800,303,37,0
23,L,-2800,2800,304,37,0
23,L,-2800,2800,305,37,0
23,L,-2800,2800,306,37,0
23,L,-2800,2800,307,37,0
23,L,-2800,2800,308,37,0
23,L,-2800,2800,309,37,0
23,L,-2800,2800,310,38,0
23,L,-2800,2800,311,37,0
23,L,-2800,2800,312,36,0
23,L,-2800,2800,313,37,0
23,L,-2800,2800,314,38,0
23,L,-2800,2800,315,37,0
23,L,-2800,2800,316,37,0
23,L,-2800,2800,317,38,0
23,L,-2800,2800,318,37,0
23,L,-2800,2800,319,37,0
23,L,-2800,2800,320,37,0
23,L,-2800,2800,321,37,0
23,L,-2800,2800,322,37,0
23,L,-2800,2800,323,37,0
23,L,-2800,2800,324,38,0
23,L,-2800,2800,325,37,0
23,L,-2800,2800,326,37,0
23,L,-2800,2800,327,38,0
23,L,-2800,2800,328,38,0
23,L,-2800,2800,329,36,0
23,L,-2800,2800,330,38,0
23,L,-2800,2800,331,37,0
23,L,-2800,2800,332,37,0
23,L,-2800,2800,333,38,0
23,L,-2800,2800,334,37,0
23,L,-2800,2800,335,37,0
23,L,-2800,2800,336,38,0
23,L,-2800,2800,337,37,0
23,L,-2800,2800,338,37,0
23,L,-2800,2800,339,38,0
23,L,-2800,2800,340,37,0
23,L,-2800,2800,341,37,0
23,L,-2800,2800,342,38,0
23,L,-2800,2800,343,37,0
23,L,-2800,2800,344,37,0
23,L,-2800,2800,345,38,0
23,L,-2800,2800,346,37,0
23,L,-2800,2800,347,36,0
23,L,-2800,2800,348,39,0
23,L,-2800,2800,349,37,0
23,L,-2800,2800,350,37,0
23,L,-2800,2800,351,38,0
23,L,-2800,2800,352,37,0
23,L,-2800,2800,353,37,0
23,L,-2800,2800,354,38,0
23,L,-2800,2800,355,37,0
23,L,-2800,2800,356,38,0
23,L,-2800,2800,357,38,0
23,L,-2800,2800,358,37,0
23,L,-2800,2800,359,38,0
23,L,-2800,2800,360,37,0
23,L,-2800,2800,361,37,0
23,L,-2800,2800,362,38,0
23,L,-2800,2800,363,37,0
23,L,-2800,2800,364,37,0
23,L,-2800,2800,365,38,0
23,L,-2800,2800,366,37,0
23,L,-2800,2800,367,37,0
23,L,-2800,2800,368,38,0
23,L,-2800,2800,369,38,0
23,L,-2800,2800,370,38,0
23,L,-2800,2800,371,37,0
23,L,-2800,2800,372,37,0
23,L,-2800,2800,373,38,0
23,L,-2800,2800,374,37,0
23,L,-2800,2800,375,37,0
23,L,-2800,2800,376,38,0
23,L,-2800,2800,377,37,0
23,L,-2800,2800,378,38,0
23,L,-2800,2800,379,38,0
23,L,-2800,2800,380,37,0
23,L,-2800,2800,381,38,0
23,L,-2800,2800,382,37,0
23,L,-2800,2800,383,37,0
23,L,-2800,2800,384,38,0
23,L,-2800,2800,385,37,0
23,L,-2800,2800,386,37,0
23,L,-2800,2800,387,38,0
23,L,-2800,2800,388,38,0
23,L,-2800,2800,389,39,0
23,L,-2800,2800,390,36,0
23,L,-2800,2800,391,37,0
23,L,-2800,2800,392,38,0
23,L,-2800,2800,393,37,0
23,L,-2800,2800,394,37,0
23,L,-2800,2800,395,38,0
23,L,-2800,2800,396,37,0
23,L,-2800,2800,397,38,0
23,L,-2800,2800,398,38,0
23,L,-2800,2800,399,37,0
23,L,-2800,2800,400,38,0
23,L,-2800,2800,401,37,0
23,L,-2800,2800,402,37,0
23,L,-2800,2800,403,38,0
23,L,-2800,2800,404,37,0
23,L,-2800,2800,405,36,0
23,L,-2800,2800,406,36,0
23,L,-2800,2800,407,37,0
23,L,-2800,2800,408,36,0
23,L,-2800,2800,409,36,0
23,L,-2800,2800,410,36,0
23,L,-2800,2800,411,35,0
23,L,-2800,2800,412,36,0
23,L,-2800,2800,413,35,0
23,L,-2800,2800,414,36,0
23,L,-2800,2800,415,34,0
23,L,-2800,2800,416,35,0
23,L,-2800,2800,417,35,0
23,L,-2800,2800,418,34,0
23,L,-2800,2800,419,35,0
23,L,-2800,2800,420,33,0
23,L,-2800,2800,421,35,0
23,L,-2800,2800,422,33,0
23,L,-2800,2800,423,34,0
23,L,-2800,2800,424,33,0
23,L,-2800,2800,425,33,0
23,L,-2800,2800,426,34,0
23,L,-2800,2800,427,32,0
23,L,-2800,2800,428,33,0
23,L,-2800,2800,429,32,0
23,L,-2800,2800,430,33,0
23,L,-2800,2800,431,32,0
23,L,-2800,2800,432,32,0
23,L,-2800,2800,433,32,0
23,L,-2800,2800,434,31,0
23,L,-2800,2800,435,32,0
23,L,-2800,2800,436,32,0
23,L,-2800,2800,437,31,0
23,L,-2800,2800,438,31,0
23,L,-2800,2800,439,31,0
23,L,-2800,2800,440,31,0
23,L,-2800,2800,441,30,0
23,L,-2800,2800,442,30,0
23,L,-2800,2800,443,31,0
23,L,-2800,2800,444,30,0
23,L,-2800,2800,445,30,0
23,L,-2800,2800,446,30,0
23,L,-2800,2800,447,30,0
23,L,-2800,2800,448,29,0
23,L,-2800,2800,449,29,0
23,L,-2800,2800,450,31,0
23,L,-2800,2800,451,28,0
23,L,-2800,2800,452,28,0
23,L,-2800,2800,453,29,0
23,L,-2800,2800,454,28,0
23,L,-2800,2800,455,29,0
23,L,-2800,2800,456,29,0
23,L,-2800,2800,457,28,0
23,L,-2800,2800,458,27,0
23,L,-2800,2800,459,27,0
23,L,-2800,2800,460,27,0
23,L,-2800,2800,461,28,0
23,L,-2800,2800,462,27,0
23,L,-2800,2800,463,28,0
23,L,-2800,2800,464,27,0
23,L,-2800,2800,465,26,0
23,L,-2800,2800,466,27,0
23,L,-2800,2800,467,27,0
23,L,-2800,2800,468,26,0
23,L,-2800,2800,469,26,0
23,L,-2800,2800,470,26,0
23,L,-2800,2800,471,26,0
23,L,-2800,2800,472,26,0
23,L,-2800,2800,473,26,0
23,L,-2800,2800,474,25,0
23,L,-2800,2800,475,26,0
23,L,-2800,2800,476,25,0
23,L,-2800,2800,477,25,0
23,L,-2800,2800,478,25,0
23,L,-2800,2800,479,25,0
23,L,-2800,2800,480,25,0
23,L,-2800,2800,481,24,0
23,L,-2800,2800,482,25,0
23,L,-2800,2800,483,24,0
23,L,-2800,2800,484,24,0
23,L,-2800,2800,485,24,0
23,L,-2800,2800,486,24,0
23,L,-2800,2800,487,24,0
23,L,-2800,2800,488,24,0
23,L,-2800,2800,489,23,0
23,L,-2800,2800,490,23,0
23,L,-2800,2800,491,23,0
23,L,-2800,2800,492,23,0
23,L,-2800,2800,493,23,0
23,L,-2800,2800,494,23,0
23,L,-2800,2800,495,22,0
23,L,-2800,2800,496,23,0
23,L,-2800,2800,497,22,0
23,L,-2800,2800,498,23,0
23,L,-2800,2800,499,22,0
24,L,-2800,-1800,0,0,0
24,L,-2800,-1800,1,0,0
24,L,-2800,-1800,2,-2,0
24,L,-2800,-1800,3,-5,0
24,L,-2800,-1800,4,-7,0
24,L,-2800,-1800,5,-8,0
24,L,-2800,-1800,6,-11,0
24,L,-2800,-1800,7,-12,0
24,L,-2800,-1800,8,-13,0
24,L,-2800,-1800,9,-15,0
24,L,-2800,-1800,10,-16,0
24,L,-2800,-1800,11,-18,0
24,L,-2800,-1800,12,-18,0
24,L,-2800,-1800,13,-20,0
24,L,-2800,-1800,14,-21,0
24,L,-2800,-1800,15,-21,0
24,L,-2800,-1800,16,-23,0
24,L,-2800,-1800,17,-23,0
24,L,-2800,-1800,18,-24,0
24,L,-2800,-1800,19,-24,0
24,L,-2800,-1800,20,-25,0
24,L,-2800,-1800,21,-27,0
24,L,-2800,-1800,22,-25,0
24,L,-2800,-1800,23,-28,0
24,L,-2800,-1800,24,-27,0
24,L,-2800,-1800,25,-28,0
24,L,-2800,-1800,26,-29,0
24,L,-2800,-1800,27,-28,0
24,L,-2800,-1800,28,-30,0
24,L,-2800,-1800,29,-29,0
24,L,-2800,-1800,30,-31,0
24,L,-2800,-1800,31,-29,0
24,L,-2800,-1800,32,-31,0
24,L,-2800,-1800,33,-31,0
24,L,-2800,-1800,34,-31,0
24,L,-2800,-1800,35,-32,0
24,L,-2800,-1800,36,-32,0
24,L,-2800,-1800,37,-31,0
24,L,-2800,-1800,38,-33,0
24,L,-2800,-1800,39,-32,0
24,L,-2800,-1800,40,-33,0
24,L,-2800,-1800,41,-33,0
24,L,-2800,-1800,42,-33,0
24,L,-2800,-1800,43,-33,0
24,L,-2800,-1800,44,-34,0
24,L,-2800,-1800,45,-33,0
24,L,-2800,-1800,46,-33,0
24,L,-2800,-1800,47,-35,0
24,L,-2800,-1800,48,-33,0
24,L,-2800,-1800,49,-35,0
24,L,-2800,-1800,50,-34,0
24,L,-2800,-1800,51,-34,0
24,L,-2800,-1800,52,-35,0
24,L,-2800,-1800,53,-34,0
24,L,-2800,-1800,54,-35,0
24,L,-2800,-1800,55,-35,0
24,L,-2800,-1800,56,-35,0
24,L,-2800,-1800,57,-35,0
24,L,-2800,-1800,58,-35,0
24,L,-2800,-1800,59,-36,0
24,L,-2800,-1800,60,-35,0
24,L,-2800,-1800,61,-36,0
24,L,-2800,-1800,62,-34,0
24,L,-2800,-1800,63,-36,0
24,L,-2800,-1800,64,-36,0
24,L,-2800,-1800,65,-35,0
24,L,-2800,-1800,66,-37,0
24,L,-2800,-1800,67,-35,0
24,L,-2800,-1800,68,-36,0
24,L,-2800,-1800,69,-36,0
24,L,-2800,-1800,70,-36,0
24,L,-2800,-1800,71,-36,0
24,L,-2800,-1800,72,-37,0
24,L,-2800,-1800,73,-36,0
24,L,-2800,-1800,74,-36,0
24,L,-2800,-1800,75,-36,0
24,L,-2800,-1800,76,-37,0
24,L,-2800,-1800,77,-37,0
24,L,-2800,-1800,78,-36,0
24,L,-2800,-1800,79,-37,0
24,L,-2800,-1800,80,-36,0
24,L,-2800,-1800,81,-36,0
24,L,-2800,-1800,82,-37,0
24,L,-2800,-1800,83,-37,0
24,L,-2800,-1800,84,-37,0
24,L,-2800,-1800,85,-37,0
24,L,-2800,-1800,86,-36,0
24,L,-2800,-1800,87,-39,0
24,L,-2800,-1800,88,-35,0
24,L,-2800,-1800,89,-37,0
24,L,-2800,-1800,90,-37,0
24,L,-2800,-1800,91,-37,0
24,L,-2800,-1800,92,-37,0
24,L,-2800,-1800,93,-37,0
24,L,-2800,-1800,94,-37,0
24,L,-2800,-1800,95,-37,0
24,L,-2800,-1800,96,-38,0
24,L,-2800,-1800,97,-37,0
24,L,-2800,-1800,98,-36,0
24,L,-2800,-1800,99,-37,0
24,L,-2800,-1800,100,-38,0
24,L,-2800,-1800,101,-37,0
24,L,-2800,-1800,102,-37,0
24,L,-2800,-1800,103,-38,0
24,L,-2800,-1800,104,-37,0
24,L,-2800,-1800,105,-37,0
24,L,-2800,-1800,106,-38,0
24,L,-2800,-1800,107,-37,0
24,L,-2800,-1800,108,-37,0
24,L,-2800,-1800,109,-38,0
24,L,-2800,-1800,110,-37,0
24,L,-2800,-1800,111,-37,0
24,L,-2800,-1800,112,-38,0
24,L,-2800,-1800,113,-37,0
24,L,-2800,-1800,114,-37,0
24,L,-2800,-1800,115,-38,0
24,L,-2800,-1800,116,-37,0
24,L,-2800,-1800,117,-37,0
24,L,-2800,-1800,118,-38,0
24,L,-2800,-1800,119,-37,0
24,L,-2800,-1800,120,-38,0
24,L,-2800,-1800,121,-37,0
24,L,-2800,-1800,122,-38,0
24,L,-2800,-1800,123,-38,0
24,L,-2800,-1800,124,-37,0
24,L,-2800,-1800,125,-37,0
24,L,-2800,-1800,126,-39,0
24,L,-2800,-1800,127,-36,0
24,L,-2800,-1800,128,-39,0
24,L,-2800,-1800,129,-37,0
24,L,-2800,-1800,130,-37,0
24,L,-2800,-1800,131,-38,0
24,L,-2800,-1800,132,-38,0
24,L,-2800,-1800,133,-37,0
24,L,-2800,-1800,134,-38,0
24,L,-2800,-1800,135,-37,0
24,L,-2800,-1800,136,-38,0
24,L,-2800,-1800,137,-38,0
24,L,-2800,-1800,138,-38,0
24,L,-2800,-1800,139,-37,0
24,L,-2800,-1800,140,-37,0
24,L,-2800,-1800,141,-38,0
24,L,-2800,-1800,142,-38,0
24,L,-2800,-1800,143,-38,0
24,L,-2800,-1800,144,-37,0
24,L,-2800,-1800,145,-37,0
24,L,-2800,-1800,146,-39,0
24,L,-2800,-1800,147,-37,0
24,L,-2800,-1800,148,-39,0
24,L,-2800,-1800,149,-36,0
24,L,-2800,-1800,150,-39,0
24,L,-2800,-1800,151,-37,0
24,L,-2800,-1800,152,-37,0
24,L,-2800,-1800,153,-38,0
24,L,-2800,-1800,154,-38,0
24,L,-2800,-1800,155,-38,0
24,L,-2800,-1800,156,-37,0
24,L,-2800,-1800,157,-38,0
24,L,-2800,-1800,158,-38,0
24,L,-2800,-1800,159,-37,0
24,L,-2800,-1800,160,-38,0
24,L,-2800,-1800,161,-38,0
24,L,-2800,-1800,162,-38,0
24,L,-2800,-1800,163,-37,0
24,L,-2800,-1800,164,-38,0
24,L,-2800,-1800,165,-38,0
24,L,-2800,-1800,166,-37,0
24,L,-2800,-1800,167,-38,0
24,L,-2800,-1800,168,-38,0
24,L,-2800,-1800,169,-38,0
24,L,-2800,-1800,170,-37,0
24,L,-2800,-1800,171,-38,0
24,L,-2800,-1800,172,-38,0
24,L,-2800,-1800,173,-37,0
24,L,-2800,-1800,174,-39,0
24,L,-2800,-1800,175,-37,0
24,L,-2800,-1800,176,-38,0
24,L,-2800,-1800,177,-37,0
24,L,-2800,-1800,178,-39,0
24,L,-2800,-1800,179,-37,0
24,L,-2800,-1800,180,-38,0
24,L,-2800,-1800,181,-38,0
24,L,-2800,-1800,182,-37,0
24,L,-2800,-1800,183,-38,0
24,L,-2800,-1800,184,-38,0
24,L,-2800,-1800,185,-38,0
24,L,-2800,-1800,186,-38,0
24,L,-2800,-1800,187,-38,0
24,L,-2800,-1800,188,-37,0
24,L,-2800,-1800,189,-37,0
24,L,-2800,-1800,190,-38,0
24,L,-2800,-1800,191,-38,0
24,L,-2800,-1800,192,-38,0
24,L,-2800,-1800,193,-38,0
24,L,-2800,-1800,194,-38,0
24,L,-2800,-1800,195,-37,0
24,L,-2800,-1800,196,-38,0
24,L,-2800,-1800,197,-38,0
24,L,-2800,-1800,198,-37,0
24,L,-2800,-1800,199,-38,0
24,L,-2800,-1800,200,-38,0
24,L,-2800,-1800,201,-38,0
24,L,-2800,-1800,202,-37,0
24,L,-2800,-1800,203,-37,0
24,L,-2800,-1800,204,-38,0
24,L,-2800,-1800,205,-37,0
24,L,-2800,-1800,206,-36,0
24,L,-2800,-1800,207,-37,0
24,L,-2800,-1800,208,-36,0
24,L,-2800,-1800,209,-38,0
24,L,-2800,-1800,210,-35,0
24,L,-2800,-1800,211,-35,0
24,L,-2800,-1800,212,-36,0
24,L,-2800,-1800,213,-36,0
24,L,-2800,-1800,214,-36,0
24,L,-2800,-1800,215,-35,0
24,L,-2800,-1800,216,-36,0
24,L,-2800,-1800,217,-35,0
24,L,-2800,-1800,218,-34,0
24,L,-2800,-1800,219,-35,0
24,L,-2800,-1800,220,-35,0
24,L,-2800,-1800,221,-33,0
24,L,-2800,-1800,222,-35,0
24,L,-2800,-1800,223,-34,0
24,L,-2800,-1800,224,-34,0
24,L,-2800,-1800,225,-33,0
24,L,-2800,-1800,226,-34,0
24,L,-2800,-1800,227,-34,0
24,L,-2800,-1800,228,-33,0
24,L,-2800,-1800,229,-32,0
24,L,-2800,-1800,230,-34,0
24,L,-2800,-1800,231,-33,0
24,L,-2800,-1800,232,-32,0
24,L,-2800,-1800,233,-32,0
24,L,-2800,-1800,234,-33,0
24,L,-2800,-1800,235,-32,0
24,L,-2800,-1800,236,-32,0
24,L,-2800,-1800,237,-32,0
24,L,-2800,-1800,238,-32,0
24,L,-2800,-1800,239,-31,0
24,L,-2800,-1800,240,-32,0
24,L,-2800,-1800,241,-31,0
24,L,-2800,-1800,242,-31,0
24,L,-2800,-1800,243,-31,0
24,L,-2800,-1800,244,-31,0
24,L,-2800,-1800,245,-31,0
24,L,-2800,-1800,246,-30,0
24,L,-2800,-1800,247,-30,0
24,L,-2800,-1800,248,-30,0
24,L,-2800,-1800,249,-31,0
24,L,-2800,-1800,250,-29,0
24,L,-2800,-1800,251,-31,0
24,L,-2800,-1800,252,-29,0
24,L,-2800,-1800,253,-30,0
24,L,-2800,-1800,254,-29,0
24,L,-2800,-1800,255,-29,0
24,L,-2800,-1800,256,-29,0
24,L,-2800,-1800,257,-29,0
24,L,-2800,-1800,258,-29,0
24,L,-2800,-1800,259,-28,0
24,L,-2800,-1800,260,-29,0
24,L,-2800,-1800,261,-28,0
24,L,-2800,-1800,262,-28,0
24,L,-2800,-1800,263,-29,0
24,L,-2800,-1800,264,-29,0
24,L,-2800,-1800,265,-27,0
24,L,-2800,-1800,266,-28,0
24,L,-2800,-1800,267,-27,0
24,L,-2800,-1800,268,-28,0
24,L,-2800,-1800,269,-27,0
24,L,-2800,-1800,270,-28,0
24,L,-2800,-1800,271,-27,0
24,L,-2800,-1800,272,-26,0
24,L,-2800,-1800,273,-28,0
24,L,-2800,-1800,274,-27,0
24,L,-2800,-1800,275,-25,0
24,L,-2800,-1800,276,-27,0
24,L,-2800,-1800,277,-27,0
24,L,-2800,-1800,278,-26,0
24,L,-2800,-1800,279,-26,0
24,L,-2800,-1800,280,-26,0
24,L,-2800,-1800,281,-26,0
24,L,-2800,-1800,282,-25,0
24,L,-2800,-1800,283,-26,0
24,L,-2800,-1800,284,-26,0
24,L,-2800,-1800,285,-25,0
24,L,-2800,-1800,286,-26,0
24,L,-2800,-1800,287,-24,0
24,L,-2800,-1800,288,-25,0
24,L,-2800,-1800,289,-25,0
24,L,-2800,-1800,290,-24,0
24,L,-2800,-1800,291,-26,0
24,L,-2800,-1800,292,-24,0
24,L,-2800,-1800,293,-24,0
24,L,-2800,-1800,294,-25,0
24,L,-2800,-1800,295,-24,0
24,L,-2800,-1800,296,-24,0
24,L,-2800,-1800,297,-24,0
24,L,-2800,-1800,298,-23,0
24,L,-2800,-1800,299,-24,0
24,L,-2800,-1800,300,-24,0
24,L,-2800,-1800,301,-23,0
24,L,-2800,-1800,302,-23,0
24,L,-2800,-1800,303,-23,0
24,L,-2800,-1800,304,-24,0
24,L,-2800,-1800,305,-23,0
24,L,-2800,-1800,306,-22,0
24,L,-2800,-1800,307,-23,0
24,L,-2800,-1800,308,-23,0
24,L,-2800,-1800,309,-22,0
24,L,-2800,-1800,310,-23,0
24,L,-2800,-1800,311,-23,0
24,L,-2800,-1800,312,-21,0
24,L,-2800,-1800,313,-23,0
24,L,-2800,-1800,314,-22,0
24,L,-2800,-1800,315,-22,0
24,L,-2800,-1800,316,-21,0
24,L,-2800,-1800,317,-22,0
24,L,-2800,-1800,318,-22,0
24,L,-2800,-1800,319,-21,0
24,L,-2800,-1800,320,-22,0
24,L,-2800,-1800,321,-21,0
24,L,-2800,-1800,322,-21,0
24,L,-2800,-1800,323,-21,0
24,L,-2800,-1800,324,-21,0
24,L,-2800,-1800,325,-21,0
24,L,-2800,-1800,326,-20,0
24,L,-2800,-1800,327,-21,0
24,L,-2800,-1800,328,-20,0
24,L,-2800,-1800,329,-22,0
24,L,-2800,-1800,330,-20,0
24,L,-2800,-1800,331,-21,0
24,L,-2800,-1800,332,-19,0
24,L,-2800,-1800,333,-20,0
24,L,-2800,-1800,334,-20,0
24,L,-2800,-1800,335,-20,0
24,L,-2800,-1800,336,-20,0
24,L,-2800,-1800,337,-20,0
24,L,-2800,-1800,338,-19,0
24,L,-2800,-1800,339,-19,0
24,L,-2800,-1800,340,-20,0
24,L,-2800,-1800,341,-19,0
24,L,-2800,-1800,342,-20,0
24,L,-2800,-1800,343,-19,0
24,L,-2800,-1800,344,-18,0
24,L,-2800,-1800,345,-19,0
24,L,-2800,-1800,346,-19,0
24,L,-2800,-1800,347,-19,0
24,L,-2800,-1800,348,-18,0
24,L,-2800,-1800,349,-19,0
24,L,-2800,-1800,350,-18,0
24,L,-2800,-1800,351,-19,0
24,L,-2800,-1800,352,-18,0
24,L,-2800,-1800,353,-18,0
24,L,-2800,-1800,354,-19,0
24,L,-2800,-1800,355,-17,0
24,L,-2800,-1800,356,-18,0
24,L,-2800,-1800,357,-18,0
24,L,-2800,-1800,358,-17,0
24,L,-2800,-1800,359,-19,0
24,L,-2800,-1800,360,-17,0
24,L,-2800,-1800,361,-18,0
24,L,-2800,-1800,362,-17,0
24,L,-2800,-1800,363,-17,0
24,L,-2800,-1800,364,-18,0
24,L,-2800,-1800,365,-16,0
24,L,-2800,-1800,366,-17,0
24,L,-2800,-1800,367,-17,0
24,L,-2800,-1800,368,-18,0
24,L,-2800,-1800,369,-16,0
24,L,-2800,-1800,370,-17,0
24,L,-2800,-1800,371,-16,0
24,L,-2800,-1800,372,-17,0
24,L,-2800,-1800,373,-16,0
24,L,-2800,-1800,374,-17,0
24,L,-2800,-1800,375,-17,0
24,L,-2800,-1800,376,-16,0
24,L,-2800,-1800,377,-16,0
24,L,-2800,-1800,378,-16,0
24,L,-2800,-1800,379,-16,0
24,L,-2800,-1800,380,-16,0
24,L,-2800,-1800,381,-16,0
24,L,-2800,-1800,382,-16,0
24,L,-2800,-1800,383,-16,0
24,L,-2800,-1800,384,-14,0
24,L,-2800,-1800,385,-16,0
24,L,-2800,-1800,386,-16,0
24,L,-2800,-1800,387,-15,0
24,L,-2800,-1800,388,-16,0
24,L,-2800,-1800,389,-15,0
24,L,-2800,-1800,390,-16,0
24,L,-2800,-1800,391,-14,0
24,L,-2800,-1800,392,-16,0
24,L,-2800,-1800,393,-15,0
24,L,-2800,-1800,394,-15,0
24,L,-2800,-1800,395,-14,0
24,L,-2800,-1800,396,-15,0
24,L,-2800,-1800,397,-15,0
24,L,-2800,-1800,398,-14,0
24,L,-2800,-1800,399,-15,0
24,L,-2800,-1800,400,-15,0
24,L,-2800,-1800,401,-14,0
24,L,-2800,-1800,402,-15,0
24,L,-2800,-1800,403,-14,0
24,L,-2800,-1800,404,-14,0
24,L,-2800,-1800,405,-14,0
24,L,-2800,-1800,406,-14,0
24,L,-2800,-1800,407,-13,0
24,L,-2800,-1800,408,-15,0
24,L,-2800,-1800,409,-13,0
24,L,-2800,-1800,410,-14,0
24,L,-2800,-1800,411,-13,0
24,L,-2800,-1800,412,-13,0
24,L,-2800,-1800,413,-14,0
24,L,-2800,-1800,414,-13,0
24,L,-2800,-1800,415,-12,0
24,L,-2800,-1800,416,-13,0
24,L,-2800,-1800,417,-13,0
24,L,-2800,-1800,418,-13,0
24,L,-2800,-1800,419,-13,0
24,L,-2800,-1800,420,-12,0
24,L,-2800,-1800,421,-12,0
24,L,-2800,-1800,422,-12,0
24,L,-2800,-1800,423,-12,0
24,L,-2800,-1800,424,-13,0
24,L,-2800,-1800,425,-11,0
24,L,-2800,-1800,426,-12,0
24,L,-2800,-1800,427,-12,0
24,L,-2800,-1800,428,-12,0
24,L,-2800,-1800,429,-12,0
24,L,-2800,-1800,430,-11,0
24,L,-2800,-1800,431,-12,0
24,L,-2800,-1800,432,-10,0
24,L,-2800,-1800,433,-11,0
24,L,-2800,-1800,434,-12,0
24,L,-2800,-1800,435,-11,0
24,L,-2800,-1800,436,-10,0
24,L,-2800,-1800,437,-11,0
24,L,-2800,-1800,438,-11,0
24,L,-2800,-1800,439,-10,0
24,L,-2800,-1800,440,-11,0
24,L,-2800,-1800,441,-11,0
24,L,-2800,-1800,442,-10,0
24,L,-2800,-1800,443,-10,0
24,L,-2800,-1800,444,-10,0
24,L,-2800,-1800,445,-10,0
24,L,-2800,-1800,446,-10,0
24,L,-2800,-1800,447,-10,0
24,L,-2800,-1800,448,-10,0
24,L,-2800,-1800,449,-10,0
24,L,-2800,-1800,450,-9,0
24,L,-2800,-1800,451,-9,0
24,L,-2800,-1800,452,-10,0
24,L,-2800,-1800,453,-10,0
24,L,-2800,-1800,454,-8,0
24,L,-2800,-1800,455,-10,0
24,L,-2800,-1800,456,-9,0
24,L,-2800,-1800,457,-9,0
24,L,-2800,-1800,458,-8,0
24,L,-2800,-1800,459,-10,0
24,L,-2800,-1800,460,-8,0
24,L,-2800,-1800,461,-9,0
24,L,-2800,-1800,462,-8,0
24,L,-2800,-1800,463,-9,0
24,L,-2800,-1800,464,-8,0
24,L,-2800,-1800,465,-8,0
24,L,-2800,-1800,466,-8,0
24,L,-2800,-1800,467,-8,0
24,L,-2800,-1800,468,-8,0
24,L,-2800,-1800,469,-8,0
24,L,-2800,-1800,470,-8,0
24,L,-2800,-1800,471,-8,0
24,L,-2800,-1800,472,-8,0
24,L,-2800,-1800,473,-8,0
24,L,-2800,-1800,474,-7,0
24,L,-2800,-1800,475,-8,0
24,L,-2800,-1800,476,-7,0
24,L,-2800,-1800,477,-8,0
24,L,-2800,-1800,478,-6,0
24,L,-2800,-1800,479,-8,0
24,L,-2800,-1800,480,-7,0
24,L,-2800,-1800,481,-7,0
24,L,-2800,-1800,482,-6,0
24,L,-2800,-1800,483,-7,0
24,L,-2800,-1800,484,-7,0
24,L,-2800,-1800,485,-7,0
24,L,-2800,-1800,486,-6,0
24,L,-2800,-1800,487,-7,0
24,L,-2800,-1800,488,-6,0
24,L,-2800,-1800,489,-7,0
24,L,-2800,-1800,490,-6,0
24,L,-2800,-1800,491,-6,0
24,L,-2800,-1800,492,-7,0
24,L,-2800,-1800,493,-6,0
24,L,-2800,-1800,494,-6,0
24,L,-2800,-1800,495,-5,0
24,L,-2800,-1800,496,-7,0
24,L,-2800,-1800,497,-5,0
24,L,-2800,-1800,498,-6,0
24,L,-2800,-1800,499,-6,0
25,R,2000,0,0,0,0
25,R,2000,0,1,0,0
25,R,2000,0,2,0,1
25,R,2000,0,3,0,2
25,R,2000,0,4,0,2
25,R,2000,0,5,0,4
25,R,2000,0,6,0,4
25,R,2000,0,7,0,4
25,R,2000,0,8,0,6
25,R,2000,0,9,0,5
25,R,2000,0,10,0,6
25,R,2000,0,11,0,6
25,R,2000,0,12,0,7
25,R,2000,0,13,0,8
25,R,2000,0,14,0,7
25,R,2000,0,15,0,8
25,R,2000,0,16,0,8
25,R,2000,0,17,0,9
25,R,2000,0,18,0,9
25,R,2000,0,19,0,8
25,R,2000,0,20,0,9
25,R,2000,0,21,0,11
25,R,2000,0,22,0,9
25,R,2000,0,23,0,10
25,R,2000,0,24,0,10
25,R,2000,0,25,0,11
25,R,2000,0,26,0,11
25,R,2000,0,27,0,10
25,R,2000,0,28,0,11
25,R,2000,0,29,0,12
25,R,2000,0,30,0,11
25,R,2000,0,31,0,11
25,R,2000,0,32,0,11
25,R,2000,0,33,0,12
25,R,2000,0,34,0,12
25,R,2000,0,35,0,12
25,R,2000,0,36,0,12
25,R,2000,0,37,0,12
25,R,2000,0,38,0,12
25,R,2000,0,39,0,12
25,R,2000,0,40,0,13
25,R,2000,0,41,0,13
25,R,2000,0,42,0,12
25,R,2000,0,43,0,13
25,R,2000,0,44,0,12
25,R,2000,0,45,0,13
25,R,2000,0,46,0,14
25,R,2000,0,47,0,13
25,R,2000,0,48,0,12
25,R,2000,0,49,0,14
25,R,2000,0,50,0,13
25,R,2000,0,51,0,13
25,R,2000,0,52,0,14
25,R,2000,0,53,0,13
25,R,2000,0,54,0,13
25,R,2000,0,55,0,14
25,R,2000,0,56,0,14
25,R,2000,0,57,0,13
25,R,2000,0,58,0,14
25,R,2000,0,59,0,14
25,R,2000,0,60,0,14
25,R,2000,0,61,0,13
25,R,2000,0,62,0,15
25,R,2000,0,63,0,13
25,R,2000,0,64,0,14
25,R,2000,0,65,0,14
25,R,2000,0,66,0,14
25,R,2000,0,67,0,14
25,R,2000,0,68,0,15
25,R,2000,0,69,0,13
25,R,2000,0,70,0,15
25,R,2000,0,71,0,14
25,R,2000,0,72,0,14
25,R,2000,0,73,0,14
25,R,2000,0,74,0,15
25,R,2000,0,75,0,14
25,R,2000,0,76,0,14
25,R,2000,0,77,0,15
25,R,2000,0,78,0,14
25,R,2000,0,79,0,15
25,R,2000,0,80,0,14
25,R,2000,0,81,0,14
25,R,2000,0,82,0,15
25,R,2000,0,83,0,14
25,R,2000,0,84,0,15
25,R,2000,0,85,0,15
25,R,2000,0,86,0,14
25,R,2000,0,87,0,15
25,R,2000,0,88,0,15
25,R,2000,0,89,0,14
25,R,2000,0,90,0,15
25,R,2000,0,91,0,15
25,R,2000,0,92,0,14
25,R,2000,0,93,0,15
25,R,2000,0,94,0,15
25,R,2000,0,95,0,14
25,R,2000,0,96,0,15
25,R,2000,0,97,0,15
25,R,2000,0,98,0,15
25,R,2000,0,99,0,15
25,R,2000,0,100,0,15
25,R,2000,0,101,0,15
25,R,2000,0,102,0,14
25,R,2000,0,103,0,15
25,R,2000,0,104,0,15
25,R,2000,0,105,0,15
25,R,2000,0,106,0,15
25,R,2000,0,107,0,15
25,R,2000,0,108,0,15
25,R,2000,0,109,0,14
25,R,2000,0,110,0,15
25,R,2000,0,111,0,16
25,R,2000,0,112,0,15
25,R,2000,0,113,0,14
25,R,2000,0,114,0,15
25,R,2000,0,115,0,16
25,R,2000,0,116,0,15
25,R,2000,0,117,0,14
25,R,2000,0,118,0,16
25,R,2000,0,119,0,15
25,R,2000,0,120,0,15
25,R,2000,0,121,0,15
25,R,2000,0,122,0,15
25,R,2000,0,123,0,15
25,R,2000,0,124,0,15
25,R,2000,0,125,0,16
25,R,2000,0,126,0,14
25,R,2000,0,127,0,15
25,R,2000,0,128,0,16
25,R,2000,0,129,0,15
25,R,2000,0,130,0,15
25,R,2000,0,131,0,15
25,R,2000,0,132,0,15
25,R,2000,0,133,0,16
25,R,2000,0,134,0,15
25,R,2000,0,135,0,15
25,R,2000,0,136,0,15
25,R,2000,0,137,0,15
25,R,2000,0,138,0,16
25,R,2000,0,139,0,15
25,R,2000,0,140,0,15
25,R,2000,0,141,0,15
25,R,2000,0,142,0,15
25,R,2000,0,143,0,16
25,R,2000,0,144,0,15
25,R,2000,0,145,0,15
25,R,2000,0,146,0,15
25,R,2000,0,147,0,15
25,R,2000,0,148,0,16
25,R,2000,0,149,0,15
25,R,2000,0,150,0,15
25,R,2000,0,151,0,16
25,R,2000,0,152,0,14
25,R,2000,0,153,0,16
25,R,2000,0,154,0,15
25,R,2000,0,155,0,15
25,R,2000,0,156,0,15
25,R,2000,0,157,0,16
25,R,2000,0,158,0,15
25,R,2000,0,159,0,16
25,R,2000,0,160,0,15
25,R,2000,0,161,0,15
25,R,2000,0,162,0,15
25,R,2000,0,163,0,16
25,R,2000,0,164,0,15
25,R,2000,0,165,0,16
25,R,2000,0,166,0,15
25,R,2000,0,167,0,15
25,R,2000,0,168,0,15
25,R,2000,0,169,0,15
25,R,2000,0,170,0,16
25,R,2000,0,171,0,15
25,R,2000,0,172,0,16
25,R,2000,0,173,0,14
25,R,2000,0,174,0,16
25,R,2000,0,175,0,15
25,R,2000,0,176,0,16
25,R,2000,0,177,0,15
25,R,2000,0,178,0,15
25,R,2000,0,179,0,15
25,R,2000,0,180,0,16
25,R,2000,0,181,0,15
25,R,2000,0,182,0,16
25,R,2000,0,183,0,15
25,R,2000,0,184,0,15
25,R,2000,0,185,0,15
25,R,2000,0,186,0,16
25,R,2000,0,187,0,15
25,R,2000,0,188,0,16
25,R,2000,0,189,0,15
25,R,2000,0,190,0,15
25,R,2000,0,191,0,16
25,R,2000,0,192,0,15
25,R,2000,0,193,0,15
25,R,2000,0,194,0,16
25,R,2000,0,195,0,15
25,R,2000,0,196,0,16
25,R,2000,0,197,0,15
25,R,2000,0,198,0,15
25,R,2000,0,199,0,16
25,R,2000,0,200,0,15
25,R,2000,0,201,0,16
25,R,2000,0,202,0,15
25,R,2000,0,203,0,14
25,R,2000,0,204,0,15
25,R,2000,0,205,0,16
25,R,2000,0,206,0,14
25,R,2000,0,207,0,15
25,R,2000,0,208,0,15
25,R,2000,0,209,0,13
25,R,2000,0,210,0,15
25,R,2000,0,211,0,14
25,R,2000,0,212,0,14
25,R,2000,0,213,0,14
25,R,2000,0,214,0,14
25,R,2000,0,215,0,13
25,R,2000,0,216,0,14
25,R,2000,0,217,0,13
25,R,2000,0,218,0,13
25,R,2000,0,219,0,14
25,R,2000,0,220,0,13
25,R,2000,0,221,0,13
25,R,2000,0,222,0,12
25,R,2000,0,223,0,13
25,R,2000,0,224,0,13
25,R,2000,0,225,0,13
25,R,2000,0,226,0,12
25,R,2000,0,227,0,12
25,R,2000,0,228,0,12
25,R,2000,0,229,0,12
25,R,2000,0,230,0,12
25,R,2000,0,231,0,12
25,R,2000,0,232,0,12
25,R,2000,0,233,0,12
25,R,2000,0,234,0,11
25,R,2000,0,235,0,11
25,R,2000,0,236,0,11
25,R,2000,0,237,0,12
25,R,2000,0,238,0,11
25,R,2000,0,239,0,11
25,R,2000,0,240,0,11
25,R,2000,0,241,0,10
25,R,2000,0,242,0,11
25,R,2000,0,243,0,11
25,R,2000,0,244,0,10
25,R,2000,0,245,0,11
25,R,2000,0,246,0,10
25,R,2000,0,247,0,10
25,R,2000,0,248,0,10
25,R,2000,0,249,0,10
25,R,2000,0,250,0,10
25,R,2000,0,251,0,10
25,R,2000,0,252,0,9
25,R,2000,0,253,0,10
25,R,2000,0,254,0,10
25,R,2000,0,255,0,9
25,R,2000,0,256,0,9
25,R,2000,0,257,0,10
25,R,2000,0,258,0,8
25,R,2000,0,259,0,9
25,R,2000,0,260,0,9
25,R,2000,0,261,0,9
25,R,2000,0,262,0,9
25,R,2000,0,263,0,8
25,R,2000,0,264,0,9
25,R,2000,0,265,0,8
25,R,2000,0,266,0,8
25,R,2000,0,267,0,9
25,R,2000,0,268,0,8
25,R,2000,0,269,0,8
25,R,2000,0,270,0,8
25,R,2000,0,271,0,8
25,R,2000,0,272,0,8
25,R,2000,0,273,0,8
25,R,2000,0,274,0,7
25,R,2000,0,275,0,8
25,R,2000,0,276,0,7
25,R,2000,0,277,0,8
25,R,2000,0,278,0,7
25,R,2000,0,279,0,7
25,R,2000,0,280,0,7
25,R,2000,0,281,0,7
25,R,2000,0,282,0,8
25,R,2000,0,283,0,6
25,R,2000,0,284,0,7
25,R,2000,0,285,0,7
25,R,2000,0,286,0,7
25,R,2000,0,287,0,6
25,R,2000,0,288,0,6
25,R,2000,0,289,0,6
25,R,2000,0,290,0,7
25,R,2000,0,291,0,6
25,R,2000,0,292,0,6
25,R,2000,0,293,0,7
25,R,2000,0,294,0,5
25,R,2000,0,295,0,7
25,R,2000,0,296,0,5
25,R,2000,0,297,0,6
25,R,2000,0,298,0,6
25,R,2000,0,299,0,5
25,R,2000,0,300,0,6
25,R,2000,0,301,0,5
25,R,2000,0,302,0,5
25,R,2000,0,303,0,6
25,R,2000,0,304,0,5
25,R,2000,0,305,0,5
25,R,2000,0,306,0,6
25,R,2000,0,307,0,5
25,R,2000,0,308,0,4
25,R,2000,0,309,0,5
25,R,2000,0,310,0,5
25,R,2000,0,311,0,5
25,R,2000,0,312,0,5
25,R,2000,0,313,0,4
25,R,2000,0,314,0,4
25,R,2000,0,315,0,5
25,R,2000,0,316,0,4
25,R,2000,0,317,0,4
25,R,2000,0,318,0,5
25,R,2000,0,319,0,4
25,R,2000,0,320,0,4
25,R,2000,0,321,0,5
25,R,2000,0,322,0,4
25,R,2000,0,323,0,3
25,R,2000,0,324,0,4
25,R,2000,0,325,0,4
25,R,2000,0,326,0,3
25,R,2000,0,327,0,4
25,R,2000,0,328,0,4
25,R,2000,0,329,0,3
25,R,2000,0,330,0,4
25,R,2000,0,331,0,4
25,R,2000,0,332,0,3
25,R,2000,0,333,0,3
25,R,2000,0,334,0,3
25,R,2000,0,335,0,3
25,R,2000,0,336,0,4
25,R,2000,0,337,0,3
25,R,2000,0,338,0,2
25,R,2000,0,339,0,3
25,R,2000,0,340,0,3
25,R,2000,0,341,0,3
25,R,2000,0,342,0,3
25,R,2000,0,343,0,3
25,R,2000,0,344,0,2
25,R,2000,0,345,0,3
25,R,2000,0,346,0,2
25,R,2000,0,347,0,2
25,R,2000,0,348,0,3
25,R,2000,0,349,0,2
25,R,2000,0,350,0,2
25,R,2000,0,351,0,3
25,R,2000,0,352,0,2
25,R,2000,0,353,0,2
25,R,2000,0,354,0,2
25,R,2000,0,355,0,2
25,R,2000,0,356,0,2
25,R,2000,0,357,0,2
25,R,2000,0,358,0,2
25,R,2000,0,359,0,2
25,R,2000,0,360,0,1
25,R,2000,0,361,0,2
25,R,2000,0,362,0,2
25,R,2000,0,363,0,1
25,R,2000,0,364,0,2
25,R,2000,0,365,0,1
25,R,2000,0,366,0,1
25,R,2000,0,367,0,2
25,R,2000,0,368,0,1
25,R,2000,0,369,0,2
25,R,2000,0,370,0,1
25,R,2000,0,371,0,1
25,R,2000,0,372,0,1
25,R,2000,0,373,0,1
25,R,2000,0,374,0,1
25,R,2000,0,375,0,1
25,R,2000,0,376,0,1
25,R,2000,0,377,0,1
25,R,2000,0,378,0,1
25,R,2000,0,379,0,1
25,R,2000,0,380,0,0
25,R,2000,0,381,0,1
25,R,2000,0,382,0,0
25,R,2000,0,383,0,1
25,R,2000,0,384,0,1
25,R,2000,0,385,0,0
25,R,2000,0,386,0,1
25,R,2000,0,387,0,0
25,R,2000,0,388,0,0
25,R,2000,0,389,0,0
25,R,2000,0,390,0,1
25,R,2000,0,391,0,0
25,R,2000,0,392,0,0
25,R,2000,0,393,0,0
25,R,2000,0,394,0,0
25,R,2000,0,395,0,0
25,R,2000,0,396,0,0
25,R,2000,0,397,0,0
25,R,2000,0,398,0,0
25,R,2000,0,399,0,0
25,R,2000,0,400,0,0
25,R,2000,0,401,0,0
25,R,2000,0,402,0,0
25,R,2000,0,403,0,0
25,R,2000,0,404,0,0
25,R,2000,0,405,0,0
25,R,2000,0,406,0,0
25,R,2000,0,407,0,0
25,R,2000,0,408,0,0
25,R,2000,0,409,0,0
25,R,2000,0,410,0,0
25,R,2000,0,411,0,0
25,R,2000,0,412,0,0
25,R,2000,0,413,0,0
25,R,2000,0,414,0,0
25,R,2000,0,415,0,0
25,R,2000,0,416,0,0
25,R,2000,0,417,0,0
25,R,2000,0,418,0,0
25,R,2000,0,419,0,0
25,R,2000,0,420,0,0
25,R,2000,0,421,0,0
25,R,2000,0,422,0,0
25,R,2000,0,423,0,0
25,R,2000,0,424,0,0
25,R,2000,0,425,0,0
25,R,2000,0,426,0,0
25,R,2000,0,427,0,0
25,R,2000,0,428,0,0
25,R,2000,0,429,0,0
25,R,2000,0,430,0,0
25,R,2000,0,431,0,0
25,R,2000,0,432,0,0
25,R,2000,0,433,0,0
25,R,2000,0,434,0,0
25,R,2000,0,435,0,0
25,R,2000,0,436,0,0
25,R,2000,0,437,0,0
25,R,2000,0,438,0,0
25,R,2000,0,439,0,0
25,R,2000,0,440,0,0
25,R,2000,0,441,0,0
25,R,2000,0,442,0,0
25,R,2000,0,443,0,0
25,R,2000,0,444,0,0
25,R,2000,0,445,0,0
25,R,2000,0,446,0,0
25,R,2000,0,447,0,0
25,R,2000,0,448,0,0
25,R,2000,0,449,0,0
25,R,2000,0,450,0,0
25,R,2000,0,451,0,0
25,R,2000,0,452,0,0
25,R,2000,0,453,0,0
25,R,2000,0,454,0,0
25,R,2000,0,455,0,0
25,R,2000,0,456,0,0
25,R,2000,0,457,0,0
25,R,2000,0,458,0,0
25,R,2000,0,459,0,0
25,R,2000,0,460,0,0
25,R,2000,0,461,0,0
25,R,2000,0,462,0,0
25,R,2000,0,463,0,0
25,R,2000,0,464,0,0
25,R,2000,0,465,0,0
25,R,2000,0,466,0,0
25,R,2000,0,467,0,0
25,R,2000,0,468,0,0
25,R,2000,0,469,0,0
25,R,2000,0,470,0,0
25,R,2000,0,471,0,0
25,R,2000,0,472,0,0
25,R,2000,0,473,0,0
25,R,2000,0,474,0,0
25,R,2000,0,475,0,0
25,R,2000,0,476,0,0
25,R,2000,0,477,0,0
25,R,2000,0,478,0,0
25,R,2000,0,479,0,0
25,R,2000,0,480,0,0
25,R,2000,0,481,0,0
25,R,2000,0,482,0,0
25,R,2000,0,483,0,0
25,R,2000,0,484,0,0
25,R,2000,0,485,0,0
25,R,2000,0,486,0,0
25,R,2000,0,487,0,0
25,R,2000,0,488,0,0
25,R,2000,0,489,0,0
25,R,2000,0,490,0,0
25,R,2000,0,491,0,0
25,R,2000,0,492,0,0
25,R,2000,0,493,0,0
25,R,2000,0,494,0,0
25,R,2000,0,495,0,0
25,R,2000,0,496,0,0
25,R,2000,0,497,0,0
25,R,2000,0,498,0,0
25,R,2000,0,499,0,0
26,R,2000,-1500,0,0,0
26,R,2000,-1500,1,0,0
26,R,2000,-1500,2,0,2
26,R,2000,-1500,3,0,2
26,R,2000,-1500,4,0,3
26,R,2000,-1500,5,0,4
26,R,2000,-1500,6,0,4
26,R,2000,-1500,7,0,4
26,R,2000,-1500,8,0,6
26,R,2000,-1500,9,0,6
26,R,2000,-1500,10,0,6
26,R,2000,-1500,11,0,7
26,R,2000,-1500,12,0,7
26,R,2000,-1500,13,0,8
26,R,2000,-1500,14,0,8
26,R,2000,-1500,15,0,8
26,R,2000,-1500,16,0,9
26,R,2000,-1500,17,0,8
26,R,2000,-1500,18,0,10
26,R,2000,-1500,19,0,9
26,R,2000,-1500,20,0,10
26,R,2000,-1500,21,0,10
26,R,2000,-1500,22,0,10
26,R,2000,-1500,23,0,11
26,R,2000,-1500,24,0,11
26,R,2000,-1500,25,0,10
26,R,2000,-1500,26,0,11
26,R,2000,-1500,27,0,11
26,R,2000,-1500,28,0,12
26,R,2000,-1500,29,0,11
26,R,2000,-1500,30,0,12
26,R,2000,-1500,31,0,12
26,R,2000,-1500,32,0,12
26,R,2000,-1500,33,0,12
26,R,2000,-1500,34,0,12
26,R,2000,-1500,35,0,13
26,R,2000,-1500,36,0,12
26,R,2000,-1500,37,0,12
26,R,2000,-1500,38,0,13
26,R,2000,-1500,39,0,12
26,R,2000,-1500,40,0,13
26,R,2000,-1500,41,0,14
26,R,2000,-1500,42,0,12
26,R,2000,-1500,43,0,13
26,R,2000,-1500,44,0,14
26,R,2000,-1500,45,0,13
26,R,2000,-1500,46,0,13
26,R,2000,-1500,47,0,14
26,R,2000,-1500,48,0,13
26,R,2000,-1500,49,0,13
26,R,2000,-1500,50,0,14
26,R,2000,-1500,51,0,14
26,R,2000,-1500,52,0,14
26,R,2000,-1500,53,0,13
26,R,2000,-1500,54,0,14
26,R,2000,-1500,55,0,14
26,R,2000,-1500,56,0,14
26,R,2000,-1500,57,0,14
26,R,2000,-1500,58,0,14
26,R,2000,-1500,59,0,14
26,R,2000,-1500,60,0,14
26,R,2000,-1500,61,0,14
26,R,2000,-1500,62,0,15
26,R,2000,-1500,63,0,14
26,R,2000,-1500,64,0,14
26,R,2000,-1500,65,0,14
26,R,2000,-1500,66,0,15
26,R,2000,-1500,67,0,14
26,R,2000,-1500,68,0,15
26,R,2000,-1500,69,0,14
26,R,2000,-1500,70,0,14
26,R,2000,-1500,71,0,15
26,R,2000,-1500,72,0,15
26,R,2000,-1500,73,0,14
26,R,2000,-1500,74,0,15
26,R,2000,-1500,75,0,15
26,R,2000,-1500,76,0,14
26,R,2000,-1500,77,0,15
26,R,2000,-1500,78,0,15
26,R,2000,-1500,79,0,14
26,R,2000,-1500,80,0,15
26,R,2000,-1500,81,0,15
26,R,2000,-1500,82,0,15
26,R,2000,-1500,83,0,15
26,R,2000,-1500,84,0,15
26,R,2000,-1500,85,0,15
26,R,2000,-1500,86,0,14
26,R,2000,-1500,87,0,15
26,R,2000,-1500,88,0,16
26,R,2000,-1500,89,0,14
26,R,2000,-1500,90,0,15
26,R,2000,-1500,91,0,15
26,R,2000,-1500,92,0,16
26,R,2000,-1500,93,0,15
26,R,2000,-1500,94,0,14
26,R,2000,-1500,95,0,15
26,R,2000,-1500,96,0,16
26,R,2000,-1500,97,0,15
26,R,2000,-1500,98,0,15
26,R,2000,-1500,99,0,15
26,R,2000,-1500,100,0,15
26,R,2000,-1500,101,0,16
26,R,2000,-1500,102,0,15
26,R,2000,-1500,103,0,15
26,R,2000,-1500,104,0,15
26,R,2000,-1500,105,0,15
26,R,2000,-1500,106,0,16
26,R,2000,-1500,107,0,15
26,R,2000,-1500,108,0,15
26,R,2000,-1500,109,0,15
26,R,2000,-1500,110,0,15
26,R,2000,-1500,111,0,16
26,R,2000,-1500,112,0,15
26,R,2000,-1500,113,0,15
26,R,2000,-1500,114,0,15
26,R,2000,-1500,115,0,16
26,R,2000,-1500,116,0,16
26,R,2000,-1500,117,0,15
26,R,2000,-1500,118,0,15
26,R,2000,-1500,119,0,16
26,R,2000,-1500,120,0,15
26,R,2000,-1500,121,0,15
26,R,2000,-1500,122,0,16
26,R,2000,-1500,123,0,15
26,R,2000,-1500,124,0,16
26,R,2000,-1500,125,0,15
26,R,2000,-1500,126,0,16
26,R,2000,-1500,127,0,14
26,R,2000,-1500,128,0,16
26,R,2000,-1500,129,0,16
26,R,2000,-1500,130,0,15
26,R,2000,-1500,131,0,16
26,R,2000,-1500,132,0,15
26,R,2000,-1500,133,0,16
26,R,2000,-1500,134,0,15
26,R,2000,-1500,135,0,15
26,R,2000,-1500,136,0,16
26,R,2000,-1500,137,0,15
26,R,2000,-1500,138,0,16
26,R,2000,-1500,139,0,16
26,R,2000,-1500,140,0,15
26,R,2000,-1500,141,0,15
26,R,2000,-1500,142,0,16
26,R,2000,-1500,143,0,15
26,R,2000,-1500,144,0,16
26,R,2000,-1500,145,0,15
26,R,2000,-1500,146,0,16
26,R,2000,-1500,147,0,16
26,R,2000,-1500,148,0,15
26,R,2000,-1500,149,0,16
26,R,2000,-1500,150,0,15
26,R,2000,-1500,151,0,15
26,R,2000,-1500,152,0,16
26,R,2000,-1500,153,0,15
26,R,2000,-1500,154,0,16
26,R,2000,-1500,155,0,16
26,R,2000,-1500,156,0,15
26,R,2000,-1500,157,0,16
26,R,2000,-1500,158,0,15
26,R,2000,-1500,159,0,16
26,R,2000,-1500,160,0,15
26,R,2000,-1500,161,0,16
26,R,2000,-1500,162,0,15
26,R,2000,-1500,163,0,16
26,R,2000,-1500,164,0,16
26,R,2000,-1500,165,0,15
26,R,2000,-1500,166,0,16
26,R,2000,-1500,167,0,15
26,R,2000,-1500,168,0,15
26,R,2000,-1500,169,0,16
26,R,2000,-1500,170,0,16
26,R,2000,-1500,171,0,15
26,R,2000,-1500,172,0,16
26,R,2000,-1500,173,0,16
26,R,2000,-1500,174,0,15
26,R,2000,-1500,175,0,16
26,R,2000,-1500,176,0,15
26,R,2000,-1500,177,0,17
26,R,2000,-1500,178,0,14
26,R,2000,-1500,179,0,16
26,R,2000,-1500,180,0,16
26,R,2000,-1500,181,0,15
26,R,2000,-1500,182,0,16
26,R,2000,-1500,183,0,16
26,R,2000,-1500,184,0,15
26,R,2000,-1500,185,0,16
26,R,2000,-1500,186,0,15
26,R,2000,-1500,187,0,15
26,R,2000,-1500,188,0,16
26,R,2000,-1500,189,0,16
26,R,2000,-1500,190,0,15
26,R,2000,-1500,191,0,16
26,R,2000,-1500,192,0,16
26,R,2000,-1500,193,0,16
26,R,2000,-1500,194,0,15
26,R,2000,-1500,195,0,16
26,R,2000,-1500,196,0,15
26,R,2000,-1500,197,0,15
26,R,2000,-1500,198,0,16
26,R,2000,-1500,199,0,16
26,R,2000,-1500,200,0,16
26,R,2000,-1500,201,0,15
26,R,2000,-1500,202,0,15
26,R,2000,-1500,203,0,13
26,R,2000,-1500,204,0,13
26,R,2000,-1500,205,0,12
26,R,2000,-1500,206,0,12
26,R,2000,-1500,207,0,11
26,R,2000,-1500,208,0,10
26,R,2000,-1500,209,0,10
26,R,2000,-1500,210,0,8
26,R,2000,-1500,211,0,9
26,R,2000,-1500,212,0,8
26,R,2000,-1500,213,0,7
26,R,2000,-1500,214,0,8
26,R,2000,-1500,215,0,6
26,R,2000,-1500,216,0,6
26,R,2000,-1500,217,0,6
26,R,2000,-1500,218,0,5
26,R,2000,-1500,219,0,5
26,R,2000,-1500,220,0,4
26,R,2000,-1500,221,0,5
26,R,2000,-1500,222,0,4
26,R,2000,-1500,223,0,3
26,R,2000,-1500,224,0,4
26,R,2000,-1500,225,0,3
26,R,2000,-1500,226,0,2
26,R,2000,-1500,227,0,3
26,R,2000,-1500,228,0,3
26,R,2000,-1500,229,0,1
26,R,2000,-1500,230,0,3
26,R,2000,-1500,231,0,1
26,R,2000,-1500,232,0,1
26,R,2000,-1500,233,0,2
26,R,2000,-1500,234,0,1
26,R,2000,-1500,235,0,0
26,R,2000,-1500,236,0,1
26,R,2000,-1500,237,0,0
26,R,2000,-1500,238,0,1
26,R,2000,-1500,239,0,0
26,R,2000,-1500,240,0,0
26,R,2000,-1500,241,0,-1
26,R,2000,-1500,242,0,0
26,R,2000,-1500,243,0,0
26,R,2000,-1500,244,0,-1
26,R,2000,-1500,245,0,0
26,R,2000,-1500,246,0,0
26,R,2000,-1500,247,0,-1
26,R,2000,-1500,248,0,-1
26,R,2000,-1500,249,0,-1
26,R,2000,-1500,250,0,-1
26,R,2000,-1500,251,0,0
26,R,2000,-1500,252,0,-1
26,R,2000,-1500,253,0,-2
26,R,2000,-1500,254,0,0
26,R,2000,-1500,255,0,-1
26,R,2000,-1500,256,0,-1
26,R,2000,-1500,257,0,-2
26,R,2000,-1500,258,0,-1
26,R,2000,-1500,259,0,-1
26,R,2000,-1500,260,0,-1
26,R,2000,-1500,261,0,-2
26,R,2000,-1500,262,0,0
26,R,2000,-1500,263,0,-2
26,R,2000,-1500,264,0,-1
26,R,2000,-1500,265,0,-1
26,R,2000,-1500,266,0,-2
26,R,2000,-1500,267,0,-1
26,R,2000,-1500,268,0,-1
26,R,2000,-1500,269,0,-2
26,R,2000,-1500,270,0,-2
26,R,2000,-1500,271,0,-1
26,R,2000,-1500,272,0,-2
26,R,2000,-1500,273,0,-1
26,R,2000,-1500,274,0,-2
26,R,2000,-1500,275,0,-1
26,R,2000,-1500,276,0,-2
26,R,2000,-1500,277,0,-2
26,R,2000,-1500,278,0,-1
26,R,2000,-1500,279,0,-2
26,R,2000,-1500,280,0,-2
26,R,2000,-1500,281,0,-1
26,R,2000,-1500,282,0,-2
26,R,2000,-1500,283,0,-2
26,R,2000,-1500,284,0,-2
26,R,2000,-1500,285,0,-1
26,R,2000,-1500,286,0,-2
26,R,2000,-1500,287,0,-2
26,R,2000,-1500,288,0,-2
26,R,2000,-1500,289,0,-2
26,R,2000,-1500,290,0,-2
26,R,2000,-1500,291,0,-2
26,R,2000,-1500,292,0,-1
26,R,2000,-1500,293,0,-3
26,R,2000,-1500,294,0,-1
26,R,2000,-1500,295,0,-3
26,R,2000,-1500,296,0,-1
26,R,2000,-1500,297,0,-3
26,R,2000,-1500,298,0,-1
26,R,2000,-1500,299,0,-3
26,R,2000,-1500,300,0,-1
26,R,2000,-1500,301,0,-3
26,R,2000,-1500,302,0,-1
26,R,2000,-1500,303,0,-3
26,R,2000,-1500,304,0,-2
26,R,2000,-1500,305,0,-2
26,R,2000,-1500,306,0,-2
26,R,2000,-1500,307,0,-2
26,R,2000,-1500,308,0,-2
26,R,2000,-1500,309,0,-2
26,R,2000,-1500,310,0,-3
26,R,2000,-1500,311,0,-1
26,R,2000,-1500,312,0,-3
26,R,2000,-1500,313,0,-2
26,R,2000,-1500,314,0,-2
26,R,2000,-1500,315,0,-2
26,R,2000,-1500,316,0,-3
26,R,2000,-1500,317,0,-2
26,R,2000,-1500,318,0,-2
26,R,2000,-1500,319,0,-3
26,R,2000,-1500,320,0,-2
26,R,2000,-1500,321,0,-2
26,R,2000,-1500,322,0,-2
26,R,2000,-1500,323,0,-3
26,R,2000,-1500,324,0,-2
26,R,2000,-1500,325,0,-2
26,R,2000,-1500,326,0,-3
26,R,2000,-1500,327,0,-1
26,R,2000,-1500,328,0,-3
26,R,2000,-1500,329,0,-2
26,R,2000,-1500,330,0,-3
26,R,2000,-1500,331,0,-2
26,R,2000,-1500,332,0,-2
26,R,2000,-1500,333,0,-3
26,R,2000,-1500,334,0,-2
26,R,2000,-1500,335,0,-3
26,R,2000,-1500,336,0,-2
26,R,2000,-1500,337,0,-2
26,R,2000,-1500,338,0,-3
26,R,2000,-1500,339,0,-2
26,R,2000,-1500,340,0,-3
26,R,2000,-1500,341,0,-2
26,R,2000,-1500,342,0,-2
26,R,2000,-1500,343,0,-3
26,R,2000,-1500,344,0,-2
26,R,2000,-1500,345,0,-3
26,R,2000,-1500,346,0,-2
26,R,2000,-1500,347,0,-2
26,R,2000,-1500,348,0,-3
26,R,2000,-1500,349,0,-2
26,R,2000,-1500,350,0,-3
26,R,2000,-1500,351,0,-3
26,R,2000,-1500,352,0,-2
26,R,2000,-1500,353,0,-2
26,R,2000,-1500,354,0,-3
26,R,2000,-1500,355,0,-2
26,R,2000,-1500,356,0,-3
26,R,2000,-1500,357,0,-2
26,R,2000,-1500,358,0,-3
26,R,2000,-1500,359,0,-2
26,R,2000,-1500,360,0,-3
26,R,2000,-1500,361,0,-2
26,R,2000,-1500,362,0,-3
26,R,2000,-1500,363,0,-2
26,R,2000,-1500,364,0,-3
26,R,2000,-1500,365,0,-2
26,R,2000,-1500,366,0,-3
26,R,2000,-1500,367,0,-3
26,R,2000,-1500,368,0,-2
26,R,2000,-1500,369,0,-3
26,R,2000,-1500,370,0,-2
26,R,2000,-1500,371,0,-2
26,R,2000,-1500,372,0,-3
26,R,2000,-1500,373,0,-3
26,R,2000,-1500,374,0,-2
26,R,2000,-1500,375,0,-3
26,R,2000,-1500,376,0,-2
26,R,2000,-1500,377,0,-3
26,R,2000,-1500,378,0,-3
26,R,2000,-1500,379,0,-2
26,R,2000,-1500,380,0,-3
26,R,2000,-1500,381,0,-2
26,R,2000,-1500,382,0,-2
26,R,2000,-1500,383,0,-3
26,R,2000,-1500,384,0,-3
26,R,2000,-1500,385,0,-2
26,R,2000,-1500,386,0,-3
26,R,2000,-1500,387,0,-2
26,R,2000,-1500,388,0,-3
26,R,2000,-1500,389,0,-3
26,R,2000,-1500,390,0,-2
26,R,2000,-1500,391,0,-3
26,R,2000,-1500,392,0,-3
26,R,2000,-1500,393,0,-2
26,R,2000,-1500,394,0,-3
26,R,2000,-1500,395,0,-3
26,R,2000,-1500,396,0,-2
26,R,2000,-1500,397,0,-3
26,R,2000,-1500,398,0,-2
26,R,2000,-1500,399,0,-2
26,R,2000,-1500,400,0,-4
26,R,2000,-1500,401,0,-2
26,R,2000,-1500,402,0,-2
26,R,2000,-1500,403,0,-3
26,R,2000,-1500,404,0,-2
26,R,2000,-1500,405,0,-3
26,R,2000,-1500,406,0,-2
26,R,2000,-1500,407,0,-2
26,R,2000,-1500,408,0,-3
26,R,2000,-1500,409,0,-1
26,R,2000,-1500,410,0,-3
26,R,2000,-1500,411,0,-1
26,R,2000,-1500,412,0,-3
26,R,2000,-1500,413,0,-1
26,R,2000,-1500,414,0,-2
26,R,2000,-1500,415,0,-2
26,R,2000,-1500,416,0,-1
26,R,2000,-1500,417,0,-2
26,R,2000,-1500,418,0,-2
26,R,2000,-1500,419,0,-2
26,R,2000,-1500,420,0,-1
26,R,2000,-1500,421,0,-1
26,R,2000,-1500,422,0,-2
26,R,2000,-1500,423,0,-1
26,R,2000,-1500,424,0,-1
26,R,2000,-1500,425,0,-2
26,R,2000,-1500,426,0,-1
26,R,2000,-1500,427,0,-1
26,R,2000,-1500,428,0,-1
26,R,2000,-1500,429,0,-1
26,R,2000,-1500,430,0,-1
26,R,2000,-1500,431,0,-1
26,R,2000,-1500,432,0,-1
26,R,2000,-1500,433,0,-1
26,R,2000,-1500,434,0,0
26,R,2000,-1500,435,0,-1
26,R,2000,-1500,436,0,0
26,R,2000,-1500,437,0,-1
26,R,2000,-1500,438,0,-1
26,R,2000,-1500,439,0,-1
26,R,2000,-1500,440,0,0
26,R,2000,-1500,441,0,-1
26,R,2000,-1500,442,0,0
26,R,2000,-1500,443,0,0
26,R,2000,-1500,444,0,0
26,R,2000,-1500,445,0,-1
26,R,2000,-1500,446,0,0
26,R,2000,-1500,447,0,0
26,R,2000,-1500,448,0,0
26,R,2000,-1500,449,0,0
26,R,2000,-1500,450,0,0
26,R,2000,-1500,451,0,0
26,R,2000,-1500,452,0,0
26,R,2000,-1500,453,0,0
26,R,2000,-1500,454,0,0
26,R,2000,-1500,455,0,0
26,R,2000,-1500,456,0,0
26,R,2000,-1500,457,0,0
26,R,2000,-1500,458,0,0
26,R,2000,-1500,459,0,0
26,R,2000,-1500,460,0,0
26,R,2000,-1500,461,0,0
26,R,2000,-1500,462,0,0
26,R,2000,-1500,463,0,0
26,R,2000,-1500,464,0,0
26,R,2000,-1500,465,0,0
26,R,2000,-1500,466,0,0
26,R,2000,-1500,467,0,0
26,R,2000,-1500,468,0,0
26,R,2000,-1500,469,0,0
26,R,2000,-1500,470,0,0
26,R,2000,-1500,471,0,0
26,R,2000,-1500,472,0,0
26,R,2000,-1500,473,0,0
26,R,2000,-1500,474,0,0
26,R,2000,-1500,475,0,0
26,R,2000,-1500,476,0,0
26,R,2000,-1500,477,0,0
26,R,2000,-1500,478,0,0
26,R,2000,-1500,479,0,0
26,R,2000,-1500,480,0,0
26,R,2000,-1500,481,0,0
26,R,2000,-1500,482,0,0
26,R,2000,-1500,483,0,0
26,R,2000,-1500,484,0,0
26,R,2000,-1500,485,0,0
26,R,2000,-1500,486,0,0
26,R,2000,-1500,487,0,0
26,R,2000,-1500,488,0,0
26,R,2000,-1500,489,0,0
26,R,2000,-1500,490,0,0
26,R,2000,-1500,491,0,0
26,R,2000,-1500,492,0,0
26,R,2000,-1500,493,0,0
26,R,2000,-1500,494,0,0
26,R,2000,-1500,495,0,0
26,R,2000,-1500,496,0,0
26,R,2000,-1500,497,0,0
26,R,2000,-1500,498,0,0
26,R,2000,-1500,499,0,0
27,R,2000,-1700,0,0,0
27,R,2000,-1700,1,0,0
27,R,2000,-1700,2,0,1
27,R,2000,-1700,3,0,2
27,R,2000,-1700,4,0,3
27,R,2000,-1700,5,0,3
27,R,2000,-1700,6,0,4
27,R,2000,-1700,7,0,5
27,R,2000,-1700,8,0,6
27,R,2000,-1700,9,0,5
27,R,2000,-1700,10,0,7
27,R,2000,-1700,11,0,6
27,R,2000,-1700,12,0,7
27,R,2000,-1700,13,0,8
27,R,2000,-1700,14,0,8
27,R,2000,-1700,15,0,8
27,R,2000,-1700,16,0,9
27,R,2000,-1700,17,0,9
27,R,2000,-1700,18,0,9
27,R,2000,-1700,19,0,9
27,R,2000,-1700,20,0,10
27,R,2000,-1700,21,0,10
27,R,2000,-1700,22,0,11
27,R,2000,-1700,23,0,10
27,R,2000,-1700,24,0,11
27,R,2000,-1700,25,0,11
27,R,2000,-1700,26,0,10
27,R,2000,-1700,27,0,12
27,R,2000,-1700,28,0,11
27,R,2000,-1700,29,0,12
27,R,2000,-1700,30,0,12
27,R,2000,-1700,31,0,12
27,R,2000,-1700,32,0,12
27,R,2000,-1700,33,0,12
27,R,2000,-1700,34,0,12
27,R,2000,-1700,35,0,12
27,R,2000,-1700,36,0,12
27,R,2000,-1700,37,0,13
27,R,2000,-1700,38,0,13
27,R,2000,-1700,39,0,13
27,R,2000,-1700,40,0,13
27,R,2000,-1700,41,0,12
27,R,2000,-1700,42,0,13
27,R,2000,-1700,43,0,14
27,R,2000,-1700,44,0,13
27,R,2000,-1700,45,0,13
27,R,2000,-1700,46,0,14
27,R,2000,-1700,47,0,13
27,R,2000,-1700,48,0,13
27,R,2000,-1700,49,0,15
27,R,2000,-1700,50,0,13
27,R,2000,-1700,51,0,14
27,R,2000,-1700,52,0,14
27,R,2000,-1700,53,0,14
27,R,2000,-1700,54,0,13
27,R,2000,-1700,55,0,15
27,R,2000,-1700,56,0,13
27,R,2000,-1700,57,0,15
27,R,2000,-1700,58,0,13
27,R,2000,-1700,59,0,15
27,R,2000,-1700,60,0,14
27,R,2000,-1700,61,0,14
27,R,2000,-1700,62,0,14
27,R,2000,-1700,63,0,15
27,R,2000,-1700,64,0,14
27,R,2000,-1700,65,0,15
27,R,2000,-1700,66,0,14
27,R,2000,-1700,67,0,14
27,R,2000,-1700,68,0,15
27,R,2000,-1700,69,0,15
27,R,2000,-1700,70,0,14
27,R,2000,-1700,71,0,15
27,R,2000,-1700,72,0,15
27,R,2000,-1700,73,0,14
27,R,2000,-1700,74,0,15
27,R,2000,-1700,75,0,15
27,R,2000,-1700,76,0,14
27,R,2000,-1700,77,0,15
27,R,2000,-1700,78,0,16
27,R,2000,-1700,79,0,14
27,R,2000,-1700,80,0,15
27,R,2000,-1700,81,0,15
27,R,2000,-1700,82,0,15
27,R,2000,-1700,83,0,14
27,R,2000,-1700,84,0,15
27,R,2000,-1700,85,0,16
27,R,2000,-1700,86,0,15
27,R,2000,-1700,87,0,14
27,R,2000,-1700,88,0,15
27,R,2000,-1700,89,0,16
27,R,2000,-1700,90,0,15
27,R,2000,-1700,91,0,15
27,R,2000,-1700,92,0,15
27,R,2000,-1700,93,0,15
27,R,2000,-1700,94,0,15
27,R,2000,-1700,95,0,16
27,R,2000,-1700,96,0,14
27,R,2000,-1700,97,0,16
27,R,2000,-1700,98,0,15
27,R,2000,-1700,99,0,15
27,R,2000,-1700,100,0,16
27,R,2000,-1700,101,0,14
27,R,2000,-1700,102,0,16
27,R,2000,-1700,103,0,15
27,R,2000,-1700,104,0,16
27,R,2000,-1700,105,0,15
27,R,2000,-1700,106,0,15
27,R,2000,-1700,107,0,15
27,R,2000,-1700,108,0,15
27,R,2000,-1700,109,0,16
27,R,2000,-1700,110,0,16
27,R,2000,-1700,111,0,15
27,R,2000,-1700,112,0,15
27,R,2000,-1700,113,0,15
27,R,2000,-1700,114,0,16
27,R,2000,-1700,115,0,15
27,R,2000,-1700,116,0,16
27,R,2000,-1700,117,0,15
27,R,2000,-1700,118,0,16
27,R,2000,-1700,119,0,15
27,R,2000,-1700,120,0,15
27,R,2000,-1700,121,0,16
27,R,2000,-1700,122,0,15
27,R,2000,-1700,123,0,16
27,R,2000,-1700,124,0,15
27,R,2000,-1700,125,0,16
27,R,2000,-1700,126,0,15
27,R,2000,-1700,127,0,15
27,R,2000,-1700,128,0,16
27,R,2000,-1700,129,0,15
27,R,2000,-1700,130,0,16
27,R,2000,-1700,131,0,16
27,R,2000,-1700,132,0,15
27,R,2000,-1700,133,0,16
27,R,2000,-1700,134,0,15
27,R,2000,-1700,135,0,15
27,R,2000,-1700,136,0,16
27,R,2000,-1700,137,0,16
27,R,2000,-1700,138,0,15
27,R,2000,-1700,139,0,16
27,R,2000,-1700,140,0,15
27,R,2000,-1700,141,0,16
27,R,2000,-1700,142,0,16
27,R,2000,-1700,143,0,15
27,R,2000,-1700,144,0,15
27,R,2000,-1700,145,0,16
27,R,2000,-1700,146,0,15
27,R,2000,-1700,147,0,16
27,R,2000,-1700,148,0,16
27,R,2000,-1700,149,0,15
27,R,2000,-1700,150,0,16
27,R,2000,-1700,151,0,16
27,R,2000,-1700,152,0,15
27,R,2000,-1700,153,0,15
27,R,2000,-1700,154,0,16
27,R,2000,-1700,155,0,16
27,R,2000,-1700,156,0,15
27,R,2000,-1700,157,0,16
27,R,2000,-1700,158,0,16
27,R,2000,-1700,159,0,16
27,R,2000,-1700,160,0,15
27,R,2000,-1700,161,0,16
27,R,2000,-1700,162,0,15
27,R,2000,-1700,163,0,15
27,R,2000,-1700,164,0,16
27,R,2000,-1700,165,0,16
27,R,2000,-1700,166,0,15
27,R,2000,-1700,167,0,16
27,R,2000,-1700,168,0,16
27,R,2000,-1700,169,0,16
27,R,2000,-1700,170,0,15
27,R,2000,-1700,171,0,16
27,R,2000,-1700,172,0,15
27,R,2000,-1700,173,0,16
27,R,2000,-1700,174,0,15
27,R,2000,-1700,175,0,16
27,R,2000,-1700,176,0,16
27,R,2000,-1700,177,0,15
27,R,2000,-1700,178,0,16
27,R,2000,-1700,179,0,16
27,R,2000,-1700,180,0,15
27,R,2000,-1700,181,0,16
27,R,2000,-1700,182,0,16
27,R,2000,-1700,183,0,15
27,R,2000,-1700,184,0,15
27,R,2000,-1700,185,0,16
27,R,2000,-1700,186,0,16
27,R,2000,-1700,187,0,15
27,R,2000,-1700,188,0,16
27,R,2000,-1700,189,0,16
27,R,2000,-1700,190,0,16
27,R,2000,-1700,191,0,15
27,R,2000,-1700,192,0,16
27,R,2000,-1700,193,0,16
27,R,2000,-1700,194,0,15
27,R,2000,-1700,195,0,15
27,R,2000,-1700,196,0,16
27,R,2000,-1700,197,0,16
27,R,2000,-1700,198,0,15
27,R,2000,-1700,199,0,16
27,R,2000,-1700,200,0,16
27,R,2000,-1700,201,0,16
27,R,2000,-1700,202,0,13
27,R,2000,-1700,203,0,13
27,R,2000,-1700,204,0,12
27,R,2000,-1700,205,0,11
27,R,2000,-1700,206,0,10
27,R,2000,-1700,207,0,9
27,R,2000,-1700,208,0,8
27,R,2000,-1700,209,0,7
27,R,2000,-1700,210,0,6
27,R,2000,-1700,211,0,5
27,R,2000,-1700,212,0,5
27,R,2000,-1700,213,0,4
27,R,2000,-1700,214,0,3
27,R,2000,-1700,215,0,3
27,R,2000,-1700,216,0,2
27,R,2000,-1700,217,0,2
27,R,2000,-1700,218,0,0
27,R,2000,-1700,219,0,1
27,R,2000,-1700,220,0,0
27,R,2000,-1700,221,0,0
27,R,2000,-1700,222,0,-1
27,R,2000,-1700,223,0,-1
27,R,2000,-1700,224,0,-1
27,R,2000,-1700,225,0,-2
27,R,2000,-1700,226,0,-1
27,R,2000,-1700,227,0,-2
27,R,2000,-1700,228,0,-2
27,R,2000,-1700,229,0,-3
27,R,2000,-1700,230,0,-2
27,R,2000,-1700,231,0,-3
27,R,2000,-1700,232,0,-3
27,R,2000,-1700,233,0,-3
27,R,2000,-1700,234,0,-3
27,R,2000,-1700,235,0,-4
27,R,2000,-1700,236,0,-3
27,R,2000,-1700,237,0,-4
27,R,2000,-1700,238,0,-4
27,R,2000,-1700,239,0,-4
27,R,2000,-1700,240,0,-4
27,R,2000,-1700,241,0,-4
27,R,2000,-1700,242,0,-4
27,R,2000,-1700,243,0,-5
27,R,2000,-1700,244,0,-5
27,R,2000,-1700,245,0,-5
27,R,2000,-1700,246,0,-4
27,R,2000,-1700,247,0,-5
27,R,2000,-1700,248,0,-5
27,R,2000,-1700,249,0,-5
27,R,2000,-1700,250,0,-5
27,R,2000,-1700,251,0,-5
27,R,2000,-1700,252,0,-5
27,R,2000,-1700,253,0,-6
27,R,2000,-1700,254,0,-5
27,R,2000,-1700,255,0,-5
27,R,2000,-1700,256,0,-6
27,R,2000,-1700,257,0,-5
27,R,2000,-1700,258,0,-6
27,R,2000,-1700,259,0,-6
27,R,2000,-1700,260,0,-5
27,R,2000,-1700,261,0,-7
27,R,2000,-1700,262,0,-5
27,R,2000,-1700,263,0,-6
27,R,2000,-1700,264,0,-6
27,R,2000,-1700,265,0,-6
27,R,2000,-1700,266,0,-6
27,R,2000,-1700,267,0,-6
27,R,2000,-1700,268,0,-6
27,R,2000,-1700,269,0,-7
27,R,2000,-1700,270,0,-6
27,R,2000,-1700,271,0,-6
27,R,2000,-1700,272,0,-6
27,R,2000,-1700,273,0,-6
27,R,2000,-1700,274,0,-7
27,R,2000,-1700,275,0,-6
27,R,2000,-1700,276,0,-7
27,R,2000,-1700,277,0,-6
27,R,2000,-1700,278,0,-6
27,R,2000,-1700,279,0,-7
27,R,2000,-1700,280,0,-6
27,R,2000,-1700,281,0,-7
27,R,2000,-1700,282,0,-7
27,R,2000,-1700,283,0,-6
27,R,2000,-1700,284,0,-7
27,R,2000,-1700,285,0,-7
27,R,2000,-1700,286,0,-6
27,R,2000,-1700,287,0,-7
27,R,2000,-1700,288,0,-7
27,R,2000,-1700,289,0,-7
27,R,2000,-1700,290,0,-6
27,R,2000,-1700,291,0,-8
27,R,2000,-1700,292,0,-7
27,R,2000,-1700,293,0,-6
27,R,2000,-1700,294,0,-7
27,R,2000,-1700,295,0,-7
27,R,2000,-1700,296,0,-7
27,R,2000,-1700,297,0,-7
27,R,2000,-1700,298,0,-7
27,R,2000,-1700,299,0,-7
27,R,2000,-1700,300,0,-6
27,R,2000,-1700,301,0,-7
27,R,2000,-1700,302,0,-8
27,R,2000,-1700,303,0,-7
27,R,2000,-1700,304,0,-7
27,R,2000,-1700,305,0,-7
27,R,2000,-1700,306,0,-7
27,R,2000,-1700,307,0,-7
27,R,2000,-1700,308,0,-7
27,R,2000,-1700,309,0,-7
27,R,2000,-1700,310,0,-7
27,R,2000,-1700,311,0,-8
27,R,2000,-1700,312,0,-7
27,R,2000,-1700,313,0,-7
27,R,2000,-1700,314,0,-7
27,R,2000,-1700,315,0,-7
27,R,2000,-1700,316,0,-8
27,R,2000,-1700,317,0,-7
27,R,2000,-1700,318,0,-7
27,R,2000,-1700,319,0,-7
27,R,2000,-1700,320,0,-7
27,R,2000,-1700,321,0,-8
27,R,2000,-1700,322,0,-8
27,R,2000,-1700,323,0,-7
27,R,2000,-1700,324,0,-7
27,R,2000,-1700,325,0,-7
27,R,2000,-1700,326,0,-7
27,R,2000,-1700,327,0,-8
27,R,2000,-1700,328,0,-7
27,R,2000,-1700,329,0,-8
27,R,2000,-1700,330,0,-7
27,R,2000,-1700,331,0,-7
27,R,2000,-1700,332,0,-7
27,R,2000,-1700,333,0,-8
27,R,2000,-1700,334,0,-8
27,R,2000,-1700,335,0,-7
27,R,2000,-1700,336,0,-8
27,R,2000,-1700,337,0,-7
27,R,2000,-1700,338,0,-7
27,R,2000,-1700,339,0,-7
27,R,2000,-1700,340,0,-8
27,R,2000,-1700,341,0,-8
27,R,2000,-1700,342,0,-7
27,R,2000,-1700,343,0,-8
27,R,2000,-1700,344,0,-7
27,R,2000,-1700,345,0,-7
27,R,2000,-1700,346,0,-8
27,R,2000,-1700,347,0,-7
27,R,2000,-1700,348,0,-8
27,R,2000,-1700,349,0,-8
27,R,2000,-1700,350,0,-7
27,R,2000,-1700,351,0,-8
27,R,2000,-1700,352,0,-7
27,R,2000,-1700,353,0,-7
27,R,2000,-1700,354,0,-8
27,R,2000,-1700,355,0,-7
27,R,2000,-1700,356,0,-8
27,R,2000,-1700,357,0,-8
27,R,2000,-1700,358,0,-7
27,R,2000,-1700,359,0,-8
27,R,2000,-1700,360,0,-8
27,R,2000,-1700,361,0,-7
27,R,2000,-1700,362,0,-8
27,R,2000,-1700,363,0,-7
27,R,2000,-1700,364,0,-8
27,R,2000,-1700,365,0,-7
27,R,2000,-1700,366,0,-8
27,R,2000,-1700,367,0,-8
27,R,2000,-1700,368,0,-7
27,R,2000,-1700,369,0,-8
27,R,2000,-1700,370,0,-8
27,R,2000,-1700,371,0,-7
27,R,2000,-1700,372,0,-8
27,R,2000,-1700,373,0,-7
27,R,2000,-1700,374,0,-8
27,R,2000,-1700,375,0,-7
27,R,2000,-1700,376,0,-8
27,R,2000,-1700,377,0,-8
27,R,2000,-1700,378,0,-8
27,R,2000,-1700,379,0,-7
27,R,2000,-1700,380,0,-8
27,R,2000,-1700,381,0,-8
27,R,2000,-1700,382,0,-7
27,R,2000,-1700,383,0,-8
27,R,2000,-1700,384,0,-7
27,R,2000,-1700,385,0,-8
27,R,2000,-1700,386,0,-8
27,R,2000,-1700,387,0,-7
27,R,2000,-1700,388,0,-8
27,R,2000,-1700,389,0,-8
27,R,2000,-1700,390,0,-8
27,R,2000,-1700,391,0,-8
27,R,2000,-1700,392,0,-7
27,R,2000,-1700,393,0,-8
27,R,2000,-1700,394,0,-8
27,R,2000,-1700,395,0,-7
27,R,2000,-1700,396,0,-8
27,R,2000,-1700,397,0,-8
27,R,2000,-1700,398,0,-7
27,R,2000,-1700,399,0,-8
27,R,2000,-1700,400,0,-8
27,R,2000,-1700,401,0,-7
27,R,2000,-1700,402,0,-8
27,R,2000,-1700,403,0,-8
27,R,2000,-1700,404,0,-7
27,R,2000,-1700,405,0,-8
27,R,2000,-1700,406,0,-7
27,R,2000,-1700,407,0,-7
27,R,2000,-1700,408,0,-7
27,R,2000,-1700,409,0,-7
27,R,2000,-1700,410,0,-7
27,R,2000,-1700,411,0,-7
27,R,2000,-1700,412,0,-7
27,R,2000,-1700,413,0,-6
27,R,2000,-1700,414,0,-7
27,R,2000,-1700,415,0,-7
27,R,2000,-1700,416,0,-6
27,R,2000,-1700,417,0,-6
27,R,2000,-1700,418,0,-7
27,R,2000,-1700,419,0,-5
27,R,2000,-1700,420,0,-7
27,R,2000,-1700,421,0,-6
27,R,2000,-1700,422,0,-6
27,R,2000,-1700,423,0,-6
27,R,2000,-1700,424,0,-6
27,R,2000,-1700,425,0,-5
27,R,2000,-1700,426,0,-6
27,R,2000,-1700,427,0,-6
27,R,2000,-1700,428,0,-5
27,R,2000,-1700,429,0,-6
27,R,2000,-1700,430,0,-5
27,R,2000,-1700,431,0,-5
27,R,2000,-1700,432,0,-6
27,R,2000,-1700,433,0,-5
27,R,2000,-1700,434,0,-5
27,R,2000,-1700,435,0,-5
27,R,2000,-1700,436,0,-5
27,R,2000,-1700,437,0,-5
27,R,2000,-1700,438,0,-4
27,R,2000,-1700,439,0,-5
27,R,2000,-1700,440,0,-5
27,R,2000,-1700,441,0,-5
27,R,2000,-1700,442,0,-4
27,R,2000,-1700,443,0,-5
27,R,2000,-1700,444,0,-4
27,R,2000,-1700,445,0,-4
27,R,2000,-1700,446,0,-4
27,R,2000,-1700,447,0,-4
27,R,2000,-1700,448,0,-4
27,R,2000,-1700,449,0,-5
27,R,2000,-1700,450,0,-4
27,R,2000,-1700,451,0,-3
27,R,2000,-1700,452,0,-4
27,R,2000,-1700,453,0,-4
27,R,2000,-1700,454,0,-4
27,R,2000,-1700,455,0,-4
27,R,2000,-1700,456,0,-3
27,R,2000,-1700,457,0,-4
27,R,2000,-1700,458,0,-3
27,R,2000,-1700,459,0,-3
27,R,2000,-1700,460,0,-3
27,R,2000,-1700,461,0,-4
27,R,2000,-1700,462,0,-3
27,R,2000,-1700,463,0,-3
27,R,2000,-1700,464,0,-3
27,R,2000,-1700,465,0,-3
27,R,2000,-1700,466,0,-3
27,R,2000,-1700,467,0,-3
27,R,2000,-1700,468,0,-2
27,R,2000,-1700,469,0,-4
27,R,2000,-1700,470,0,-2
27,R,2000,-1700,471,0,-2
27,R,2000,-1700,472,0,-3
27,R,2000,-1700,473,0,-3
27,R,2000,-1700,474,0,-2
27,R,2000,-1700,475,0,-3
27,R,2000,-1700,476,0,-2
27,R,2000,-1700,477,0,-2
27,R,2000,-1700,478,0,-2
27,R,2000,-1700,479,0,-3
27,R,2000,-1700,480,0,-1
27,R,2000,-1700,481,0,-3
27,R,2000,-1700,482,0,-1
27,R,2000,-1700,483,0,-3
27,R,2000,-1700,484,0,-1
27,R,2000,-1700,485,0,-2
27,R,2000,-1700,486,0,-2
27,R,2000,-1700,487,0,-2
27,R,2000,-1700,488,0,-1
27,R,2000,-1700,489,0,-1
27,R,2000,-1700,490,0,-2
27,R,2000,-1700,491,0,-1
27,R,2000,-1700,492,0,-2
27,R,2000,-1700,493,0,-1
27,R,2000,-1700,494,0,-1
27,R,2000,-1700,495,0,-2
27,R,2000,-1700,496,0,-1
27,R,2000,-1700,497,0,-1
27,R,2000,-1700,498,0,-1
27,R,2000,-1700,499,0,-2
28,R,2000,-2000,0,0,0
28,R,2000,-2000,1,0,0
28,R,2000,-2000,2,0,1
28,R,2000,-2000,3,0,2
28,R,2000,-2000,4,0,2
28,R,2000,-2000,5,0,3
28,R,2000,-2000,6,0,4
28,R,2000,-2000,7,0,5
28,R,2000,-2000,8,0,5
28,R,2000,-2000,9,0,6
28,R,2000,-2000,10,0,6
28,R,2000,-2000,11,0,7
28,R,2000,-2000,12,0,7
28,R,2000,-2000,13,0,8
28,R,2000,-2000,14,0,7
28,R,2000,-2000,15,0,9
28,R,2000,-2000,16,0,8
28,R,2000,-2000,17,0,9
28,R,2000,-2000,18,0,9
28,R,2000,-2000,19,0,10
28,R,2000,-2000,20,0,9
28,R,2000,-2000,21,0,10
28,R,2000,-2000,22,0,10
28,R,2000,-2000,23,0,11
28,R,2000,-2000,24,0,11
28,R,2000,-2000,25,0,10
28,R,2000,-2000,26,0,11
28,R,2000,-2000,27,0,12
28,R,2000,-2000,28,0,11
28,R,2000,-2000,29,0,11
28,R,2000,-2000,30,0,12
28,R,2000,-2000,31,0,11
28,R,2000,-2000,32,0,12
28,R,2000,-2000,33,0,12
28,R,2000,-2000,34,0,13
28,R,2000,-2000,35,0,12
28,R,2000,-2000,36,0,13
28,R,2000,-2000,37,0,12
28,R,2000,-2000,38,0,13
28,R,2000,-2000,39,0,12
28,R,2000,-2000,40,0,13
28,R,2000,-2000,41,0,13
28,R,2000,-2000,42,0,14
28,R,2000,-2000,43,0,12
28,R,2000,-2000,44,0,13
28,R,2000,-2000,45,0,14
28,R,2000,-2000,46,0,13
28,R,2000,-2000,47,0,13
28,R,2000,-2000,48,0,14
28,R,2000,-2000,49,0,14
28,R,2000,-2000,50,0,14
28,R,2000,-2000,51,0,13
28,R,2000,-2000,52,0,14
28,R,2000,-2000,53,0,14
28,R,2000,-2000,54,0,13
28,R,2000,-2000,55,0,15
28,R,2000,-2000,56,0,13
28,R,2000,-2000,57,0,15
28,R,2000,-2000,58,0,13
28,R,2000,-2000,59,0,15
28,R,2000,-2000,60,0,14
28,R,2000,-2000,61,0,14
28,R,2000,-2000,62,0,14
28,R,2000,-2000,63,0,14
28,R,2000,-2000,64,0,15
28,R,2000,-2000,65,0,14
28,R,2000,-2000,66,0,15
28,R,2000,-2000,67,0,14
28,R,2000,-2000,68,0,15
28,R,2000,-2000,69,0,14
28,R,2000,-2000,70,0,14
28,R,2000,-2000,71,0,15
28,R,2000,-2000,72,0,15
28,R,2000,-2000,73,0,14
28,R,2000,-2000,74,0,15
28,R,2000,-2000,75,0,15
28,R,2000,-2000,76,0,15
28,R,2000,-2000,77,0,14
28,R,2000,-2000,78,0,15
28,R,2000,-2000,79,0,15
28,R,2000,-2000,80,0,15
28,R,2000,-2000,81,0,15
28,R,2000,-2000,82,0,15
28,R,2000,-2000,83,0,14
28,R,2000,-2000,84,0,15
28,R,2000,-2000,85,0,15
28,R,2000,-2000,86,0,15
28,R,2000,-2000,87,0,15
28,R,2000,-2000,88,0,15
28,R,2000,-2000,89,0,15
28,R,2000,-2000,90,0,15
28,R,2000,-2000,91,0,15
28,R,2000,-2000,92,0,15
28,R,2000,-2000,93,0,16
28,R,2000,-2000,94,0,15
28,R,2000,-2000,95,0,14
28,R,2000,-2000,96,0,16
28,R,2000,-2000,97,0,15
28,R,2000,-2000,98,0,15
28,R,2000,-2000,99,0,16
28,R,2000,-2000,100,0,14
28,R,2000,-2000,101,0,16
28,R,2000,-2000,102,0,15
28,R,2000,-2000,103,0,15
28,R,2000,-2000,104,0,16
28,R,2000,-2000,105,0,14
28,R,2000,-2000,106,0,16
28,R,2000,-2000,107,0,15
28,R,2000,-2000,108,0,16
28,R,2000,-2000,109,0,15
28,R,2000,-2000,110,0,15
28,R,2000,-2000,111,0,15
28,R,2000,-2000,112,0,16
28,R,2000,-2000,113,0,15
28,R,2000,-2000,114,0,16
28,R,2000,-2000,115,0,15
28,R,2000,-2000,116,0,15
28,R,2000,-2000,117,0,15
28,R,2000,-2000,118,0,16
28,R,2000,-2000,119,0,15
28,R,2000,-2000,120,0,16
28,R,2000,-2000,121,0,16
28,R,2000,-2000,122,0,15
28,R,2000,-2000,123,0,15
28,R,2000,-2000,124,0,15
28,R,2000,-2000,125,0,16
28,R,2000,-2000,126,0,15
28,R,2000,-2000,127,0,16
28,R,2000,-2000,128,0,16
28,R,2000,-2000,129,0,15
28,R,2000,-2000,130,0,16
28,R,2000,-2000,131,0,15
28,R,2000,-2000,132,0,15
28,R,2000,-2000,133,0,16
28,R,2000,-2000,134,0,15
28,R,2000,-2000,135,0,16
28,R,2000,-2000,136,0,16
28,R,2000,-2000,137,0,15
28,R,2000,-2000,138,0,16
28,R,2000,-2000,139,0,15
28,R,2000,-2000,140,0,15
28,R,2000,-2000,141,0,16
28,R,2000,-2000,142,0,16
28,R,2000,-2000,143,0,15
28,R,2000,-2000,144,0,16
28,R,2000,-2000,145,0,16
28,R,2000,-2000,146,0,15
28,R,2000,-2000,147,0,15
28,R,2000,-2000,148,0,16
28,R,2000,-2000,149,0,15
28,R,2000,-2000,150,0,16
28,R,2000,-2000,151,0,16
28,R,2000,-2000,152,0,15
28,R,2000,-2000,153,0,16
28,R,2000,-2000,154,0,16
28,R,2000,-2000,155,0,15
28,R,2000,-2000,156,0,16
28,R,2000,-2000,157,0,15
28,R,2000,-2000,158,0,15
28,R,2000,-2000,159,0,16
28,R,2000,-2000,160,0,16
28,R,2000,-2000,161,0,15
28,R,2000,-2000,162,0,16
28,R,2000,-2000,163,0,16
28,R,2000,-2000,164,0,16
28,R,2000,-2000,165,0,15
28,R,2000,-2000,166,0,16
28,R,2000,-2000,167,0,15
28,R,2000,-2000,168,0,16
28,R,2000,-2000,169,0,15
28,R,2000,-2000,170,0,16
28,R,2000,-2000,171,0,16
28,R,2000,-2000,172,0,15
28,R,2000,-2000,173,0,16
28,R,2000,-2000,174,0,16
28,R,2000,-2000,175,0,15
28,R,2000,-2000,176,0,16
28,R,2000,-2000,177,0,16
28,R,2000,-2000,178,0,15
28,R,2000,-2000,179,0,16
28,R,2000,-2000,180,0,15
28,R,2000,-2000,181,0,16
28,R,2000,-2000,182,0,16
28,R,2000,-2000,183,0,15
28,R,2000,-2000,184,0,16
28,R,2000,-2000,185,0,16
28,R,2000,-2000,186,0,15
28,R,2000,-2000,187,0,16
28,R,2000,-2000,188,0,16
28,R,2000,-2000,189,0,15
28,R,2000,-2000,190,0,15
28,R,2000,-2000,191,0,16
28,R,2000,-2000,192,0,16
28,R,2000,-2000,193,0,16
28,R,2000,-2000,194,0,15
28,R,2000,-2000,195,0,16
28,R,2000,-2000,196,0,16
28,R,2000,-2000,197,0,16
28,R,2000,-2000,198,0,15
28,R,2000,-2000,199,0,16
28,R,2000,-2000,200,0,15
28,R,2000,-2000,201,0,15
28,R,2000,-2000,202,0,14
28,R,2000,-2000,203,0,12
28,R,2000,-2000,204,0,10
28,R,2000,-2000,205,0,8
28,R,2000,-2000,206,0,7
28,R,2000,-2000,207,0,6
28,R,2000,-2000,208,0,4
28,R,2000,-2000,209,0,3
28,R,2000,-2000,210,0,2
28,R,2000,-2000,211,0,0
28,R,2000,-2000,212,0,0
28,R,2000,-2000,213,0,-2
28,R,2000,-2000,214,0,-2
28,R,2000,-2000,215,0,-3
28,R,2000,-2000,216,0,-3
28,R,2000,-2000,217,0,-5
28,R,2000,-2000,218,0,-4
28,R,2000,-2000,219,0,-6
28,R,2000,-2000,220,0,-6
28,R,2000,-2000,221,0,-7
28,R,2000,-2000,222,0,-7
28,R,2000,-2000,223,0,-7
28,R,2000,-2000,224,0,-8
28,R,2000,-2000,225,0,-8
28,R,2000,-2000,226,0,-10
28,R,2000,-2000,227,0,-8
28,R,2000,-2000,228,0,-9
28,R,2000,-2000,229,0,-10
28,R,2000,-2000,230,0,-10
28,R,2000,-2000,231,0,-10
28,R,2000,-2000,232,0,-10
28,R,2000,-2000,233,0,-11
28,R,2000,-2000,234,0,-11
28,R,2000,-2000,235,0,-10
28,R,2000,-2000,236,0,-12
28,R,2000,-2000,237,0,-11
28,R,2000,-2000,238,0,-12
28,R,2000,-2000,239,0,-12
28,R,2000,-2000,240,0,-12
28,R,2000,-2000,241,0,-12
28,R,2000,-2000,242,0,-12
28,R,2000,-2000,243,0,-12
28,R,2000,-2000,244,0,-13
28,R,2000,-2000,245,0,-12
28,R,2000,-2000,246,0,-13
28,R,2000,-2000,247,0,-13
28,R,2000,-2000,248,0,-13
28,R,2000,-2000,249,0,-13
28,R,2000,-2000,250,0,-13
28,R,2000,-2000,251,0,-13
28,R,2000,-2000,252,0,-14
28,R,2000,-2000,253,0,-13
28,R,2000,-2000,254,0,-14
28,R,2000,-2000,255,0,-13
28,R,2000,-2000,256,0,-14
28,R,2000,-2000,257,0,-14
28,R,2000,-2000,258,0,-13
28,R,2000,-2000,259,0,-14
28,R,2000,-2000,260,0,-14
28,R,2000,-2000,261,0,-14
28,R,2000,-2000,262,0,-14
28,R,2000,-2000,263,0,-15
28,R,2000,-2000,264,0,-14
28,R,2000,-2000,265,0,-14
28,R,2000,-2000,266,0,-15
28,R,2000,-2000,267,0,-14
28,R,2000,-2000,268,0,-15
28,R,2000,-2000,269,0,-14
28,R,2000,-2000,270,0,-14
28,R,2000,-2000,271,0,-15
28,R,2000,-2000,272,0,-15
28,R,2000,-2000,273,0,-14
28,R,2000,-2000,274,0,-15
28,R,2000,-2000,275,0,-15
28,R,2000,-2000,276,0,-15
28,R,2000,-2000,277,0,-15
28,R,2000,-2000,278,0,-15
28,R,2000,-2000,279,0,-14
28,R,2000,-2000,280,0,-15
28,R,2000,-2000,281,0,-16
28,R,2000,-2000,282,0,-15
28,R,2000,-2000,283,0,-15
28,R,2000,-2000,284,0,-14
28,R,2000,-2000,285,0,-16
28,R,2000,-2000,286,0,-15
28,R,2000,-2000,287,0,-15
28,R,2000,-2000,288,0,-15
28,R,2000,-2000,289,0,-15
28,R,2000,-2000,290,0,-16
28,R,2000,-2000,291,0,-15
28,R,2000,-2000,292,0,-16
28,R,2000,-2000,293,0,-15
28,R,2000,-2000,294,0,-15
28,R,2000,-2000,295,0,-15
28,R,2000,-2000,296,0,-16
28,R,2000,-2000,297,0,-15
28,R,2000,-2000,298,0,-16
28,R,2000,-2000,299,0,-15
28,R,2000,-2000,300,0,-16
28,R,2000,-2000,301,0,-15
28,R,2000,-2000,302,0,-15
28,R,2000,-2000,303,0,-16
28,R,2000,-2000,304,0,-16
28,R,2000,-2000,305,0,-16
28,R,2000,-2000,306,0,-15
28,R,2000,-2000,307,0,-16
28,R,2000,-2000,308,0,-15
28,R,2000,-2000,309,0,-16
28,R,2000,-2000,310,0,-15
28,R,2000,-2000,311,0,-16
28,R,2000,-2000,312,0,-16
28,R,2000,-2000,313,0,-15
28,R,2000,-2000,314,0,-16
28,R,2000,-2000,315,0,-16
28,R,2000,-2000,316,0,-16
28,R,2000,-2000,317,0,-16
28,R,2000,-2000,318,0,-15
28,R,2000,-2000,319,0,-16
28,R,2000,-2000,320,0,-16
28,R,2000,-2000,321,0,-16
28,R,2000,-2000,322,0,-16
28,R,2000,-2000,323,0,-16
28,R,2000,-2000,324,0,-15
28,R,2000,-2000,325,0,-16
28,R,2000,-2000,326,0,-16
28,R,2000,-2000,327,0,-15
28,R,2000,-2000,328,0,-17
28,R,2000,-2000,329,0,-15
28,R,2000,-2000,330,0,-16
28,R,2000,-2000,331,0,-16
28,R,2000,-2000,332,0,-16
28,R,2000,-2000,333,0,-16
28,R,2000,-2000,334,0,-16
28,R,2000,-2000,335,0,-16
28,R,2000,-2000,336,0,-15
28,R,2000,-2000,337,0,-16
28,R,2000,-2000,338,0,-16
28,R,2000,-2000,339,0,-16
28,R,2000,-2000,340,0,-16
28,R,2000,-2000,341,0,-16
28,R,2000,-2000,342,0,-16
28,R,2000,-2000,343,0,-17
28,R,2000,-2000,344,0,-15
28,R,2000,-2000,345,0,-16
28,R,2000,-2000,346,0,-16
28,R,2000,-2000,347,0,-16
28,R,2000,-2000,348,0,-16
28,R,2000,-2000,349,0,-16
28,R,2000,-2000,350,0,-16
28,R,2000,-2000,351,0,-16
28,R,2000,-2000,352,0,-16
28,R,2000,-2000,353,0,-16
28,R,2000,-2000,354,0,-16
28,R,2000,-2000,355,0,-16
28,R,2000,-2000,356,0,-16
28,R,2000,-2000,357,0,-16
28,R,2000,-2000,358,0,-17
28,R,2000,-2000,359,0,-16
28,R,2000,-2000,360,0,-16
28,R,2000,-2000,361,0,-16
28,R,2000,-2000,362,0,-16
28,R,2000,-2000,363,0,-16
28,R,2000,-2000,364,0,-16
28,R,2000,-2000,365,0,-16
28,R,2000,-2000,366,0,-16
28,R,2000,-2000,367,0,-16
28,R,2000,-2000,368,0,-16
28,R,2000,-2000,369,0,-16
28,R,2000,-2000,370,0,-17
28,R,2000,-2000,371,0,-15
28,R,2000,-2000,372,0,-17
28,R,2000,-2000,373,0,-16
28,R,2000,-2000,374,0,-16
28,R,2000,-2000,375,0,-16
28,R,2000,-2000,376,0,-17
28,R,2000,-2000,377,0,-16
28,R,2000,-2000,378,0,-16
28,R,2000,-2000,379,0,-16
28,R,2000,-2000,380,0,-16
28,R,2000,-2000,381,0,-16
28,R,2000,-2000,382,0,-16
28,R,2000,-2000,383,0,-16
28,R,2000,-2000,384,0,-16
28,R,2000,-2000,385,0,-17
28,R,2000,-2000,386,0,-16
28,R,2000,-2000,387,0,-16
28,R,2000,-2000,388,0,-16
28,R,2000,-2000,389,0,-16
28,R,2000,-2000,390,0,-16
28,R,2000,-2000,391,0,-16
28,R,2000,-2000,392,0,-16
28,R,2000,-2000,393,0,-16
28,R,2000,-2000,394,0,-17
28,R,2000,-2000,395,0,-16
28,R,2000,-2000,396,0,-16
28,R,2000,-2000,397,0,-16
28,R,2000,-2000,398,0,-16
28,R,2000,-2000,399,0,-16
28,R,2000,-2000,400,0,-17
28,R,2000,-2000,401,0,-16
28,R,2000,-2000,402,0,-16
28,R,2000,-2000,403,0,-15
28,R,2000,-2000,404,0,-17
28,R,2000,-2000,405,0,-15
28,R,2000,-2000,406,0,-15
28,R,2000,-2000,407,0,-16
28,R,2000,-2000,408,0,-15
28,R,2000,-2000,409,0,-16
28,R,2000,-2000,410,0,-14
28,R,2000,-2000,411,0,-15
28,R,2000,-2000,412,0,-15
28,R,2000,-2000,413,0,-15
28,R,2000,-2000,414,0,-14
28,R,2000,-2000,415,0,-15
28,R,2000,-2000,416,0,-14
28,R,2000,-2000,417,0,-15
28,R,2000,-2000,418,0,-14
28,R,2000,-2000,419,0,-14
28,R,2000,-2000,420,0,-13
28,R,2000,-2000,421,0,-14
28,R,2000,-2000,422,0,-14
28,R,2000,-2000,423,0,-14
28,R,2000,-2000,424,0,-13
28,R,2000,-2000,425,0,-13
28,R,2000,-2000,426,0,-14
28,R,2000,-2000,427,0,-13
28,R,2000,-2000,428,0,-12
28,R,2000,-2000,429,0,-13
28,R,2000,-2000,430,0,-14
28,R,2000,-2000,431,0,-12
28,R,2000,-2000,432,0,-13
28,R,2000,-2000,433,0,-12
28,R,2000,-2000,434,0,-12
28,R,2000,-2000,435,0,-13
28,R,2000,-2000,436,0,-12
28,R,2000,-2000,437,0,-12
28,R,2000,-2000,438,0,-12
28,R,2000,-2000,439,0,-12
28,R,2000,-2000,440,0,-11
28,R,2000,-2000,441,0,-12
28,R,2000,-2000,442,0,-12
28,R,2000,-2000,443,0,-11
28,R,2000,-2000,444,0,-12
28,R,2000,-2000,445,0,-11
28,R,2000,-2000,446,0,-11
28,R,2000,-2000,447,0,-11
28,R,2000,-2000,448,0,-11
28,R,2000,-2000,449,0,-11
28,R,2000,-2000,450,0,-10
28,R,2000,-2000,451,0,-11
28,R,2000,-2000,452,0,-11
28,R,2000,-2000,453,0,-10
28,R,2000,-2000,454,0,-11
28,R,2000,-2000,455,0,-9
28,R,2000,-2000,456,0,-11
28,R,2000,-2000,457,0,-10
28,R,2000,-2000,458,0,-10
28,R,2000,-2000,459,0,-9
28,R,2000,-2000,460,0,-11
28,R,2000,-2000,461,0,-9
28,R,2000,-2000,462,0,-10
28,R,2000,-2000,463,0,-9
28,R,2000,-2000,464,0,-9
28,R,2000,-2000,465,0,-11
28,R,2000,-2000,466,0,-8
28,R,2000,-2000,467,0,-9
28,R,2000,-2000,468,0,-9
28,R,2000,-2000,469,0,-10
28,R,2000,-2000,470,0,-8
28,R,2000,-2000,471,0,-9
28,R,2000,-2000,472,0,-8
28,R,2000,-2000,473,0,-9
28,R,2000,-2000,474,0,-8
28,R,2000,-2000,475,0,-9
28,R,2000,-2000,476,0,-9
28,R,2000,-2000,477,0,-8
28,R,2000,-2000,478,0,-8
28,R,2000,-2000,479,0,-8
28,R,2000,-2000,480,0,-8
28,R,2000,-2000,481,0,-8
28,R,2000,-2000,482,0,-8
28,R,2000,-2000,483,0,-7
28,R,2000,-2000,484,0,-8
28,R,2000,-2000,485,0,-7
28,R,2000,-2000,486,0,-7
28,R,2000,-2000,487,0,-8
28,R,2000,-2000,488,0,-8
28,R,2000,-2000,489,0,-7
28,R,2000,-2000,490,0,-7
28,R,2000,-2000,491,0,-7
28,R,2000,-2000,492,0,-7
28,R,2000,-2000,493,0,-7
28,R,2000,-2000,494,0,-6
28,R,2000,-2000,495,0,-7
28,R,2000,-2000,496,0,-7
28,R,2000,-2000,497,0,-6
28,R,2000,-2000,498,0,-7
28,R,2000,-2000,499,0,-7
29,R,2000,-2800,0,0,0
29,R,2000,-2800,1,0,0
29,R,2000,-2800,2,0,1
29,R,2000,-2800,3,0,2
29,R,2000,-2800,4,0,2
29,R,2000,-2800,5,0,4
29,R,2000,-2800,6,0,4
29,R,2000,-2800,7,0,5
29,R,2000,-2800,8,0,5
29,R,2000,-2800,9,0,6
29,R,2000,-2800,10,0,7
29,R,2000,-2800,11,0,6
29,R,2000,-2800,12,0,7
29,R,2000,-2800,13,0,8
29,R,2000,-2800,14,0,8
29,R,2000,-2800,15,0,8
29,R,2000,-2800,16,0,9
29,R,2000,-2800,17,0,9
29,R,2000,-2800,18,0,9
29,R,2000,-2800,19,0,10
29,R,2000,-2800,20,0,10
29,R,2000,-2800,21,0,9
29,R,2000,-2800,22,0,11
29,R,2000,-2800,23,0,11
29,R,2000,-2800,24,0,10
29,R,2000,-2800,25,0,11
29,R,2000,-2800,26,0,12
29,R,2000,-2800,27,0,11
29,R,2000,-2800,28,0,11
29,R,2000,-2800,29,0,11
29,R,2000,-2800,30,0,12
29,R,2000,-2800,31,0,12
29,R,2000,-2800,32,0,12
29,R,2000,-2800,33,0,12
29,R,2000,-2800,34,0,13
29,R,2000,-2800,35,0,13
29,R,2000,-2800,36,0,12
29,R,2000,-2800,37,0,13
29,R,2000,-2800,38,0,12
29,R,2000,-2800,39,0,13
29,R,2000,-2800,40,0,13
29,R,2000,-2800,41,0,14
29,R,2000,-2800,42,0,12
29,R,2000,-2800,43,0,13
29,R,2000,-2800,44,0,14
29,R,2000,-2800,45,0,13
29,R,2000,-2800,46,0,14
29,R,2000,-2800,47,0,14
29,R,2000,-2800,48,0,13
29,R,2000,-2800,49,0,14
29,R,2000,-2800,50,0,13
29,R,2000,-2800,51,0,15
29,R,2000,-2800,52,0,13
29,R,2000,-2800,53,0,14
29,R,2000,-2800,54,0,14
29,R,2000,-2800,55,0,14
29,R,2000,-2800,56,0,14
29,R,2000,-2800,57,0,14
29,R,2000,-2800,58,0,14
29,R,2000,-2800,59,0,15
29,R,2000,-2800,60,0,14
29,R,2000,-2800,61,0,14
29,R,2000,-2800,62,0,14
29,R,2000,-2800,63,0,15
29,R,2000,-2800,64,0,14
29,R,2000,-2800,65,0,14
29,R,2000,-2800,66,0,15
29,R,2000,-2800,67,0,14
29,R,2000,-2800,68,0,15
29,R,2000,-2800,69,0,15
29,R,2000,-2800,70,0,14
29,R,2000,-2800,71,0,15
29,R,2000,-2800,72,0,15
29,R,2000,-2800,73,0,14
29,R,2000,-2800,74,0,15
29,R,2000,-2800,75,0,15
29,R,2000,-2800,76,0,15
29,R,2000,-2800,77,0,14
29,R,2000,-2800,78,0,16
29,R,2000,-2800,79,0,14
29,R,2000,-2800,80,0,15
29,R,2000,-2800,81,0,15
29,R,2000,-2800,82,0,15
29,R,2000,-2800,83,0,15
29,R,2000,-2800,84,0,15
29,R,2000,-2800,85,0,15
29,R,2000,-2800,86,0,16
29,R,2000,-2800,87,0,15
29,R,2000,-2800,88,0,14
29,R,2000,-2800,89,0,15
29,R,2000,-2800,90,0,16
29,R,2000,-2800,91,0,15
29,R,2000,-2800,92,0,15
29,R,2000,-2800,93,0,15
29,R,2000,-2800,94,0,15
29,R,2000,-2800,95,0,16
29,R,2000,-2800,96,0,15
29,R,2000,-2800,97,0,15
29,R,2000,-2800,98,0,15
29,R,2000,-2800,99,0,15
29,R,2000,-2800,100,0,16
29,R,2000,-2800,101,0,15
29,R,2000,-2800,102,0,16
29,R,2000,-2800,103,0,15
29,R,2000,-2800,104,0,15
29,R,2000,-2800,105,0,15
29,R,2000,-2800,106,0,16
29,R,2000,-2800,107,0,16
29,R,2000,-2800,108,0,15
29,R,2000,-2800,109,0,15
29,R,2000,-2800,110,0,15
29,R,2000,-2800,111,0,16
29,R,2000,-2800,112,0,16
29,R,2000,-2800,113,0,15
29,R,2000,-2800,114,0,15
29,R,2000,-2800,115,0,16
29,R,2000,-2800,116,0,15
29,R,2000,-2800,117,0,15
29,R,2000,-2800,118,0,16
29,R,2000,-2800,119,0,15
29,R,2000,-2800,120,0,16
29,R,2000,-2800,121,0,16
29,R,2000,-2800,122,0,15
29,R,2000,-2800,123,0,16
29,R,2000,-2800,124,0,15
29,R,2000,-2800,125,0,15
29,R,2000,-2800,126,0,16
29,R,2000,-2800,127,0,16
29,R,2000,-2800,128,0,15
29,R,2000,-2800,129,0,16
29,R,2000,-2800,130,0,16
29,R,2000,-2800,131,0,15
29,R,2000,-2800,132,0,16
29,R,2000,-2800,133,0,15
29,R,2000,-2800,134,0,16
29,R,2000,-2800,135,0,15
29,R,2000,-2800,136,0,16
29,R,2000,-2800,137,0,15
29,R,2000,-2800,138,0,16
29,R,2000,-2800,139,0,16
29,R,2000,-2800,140,0,16
29,R,2000,-2800,141,0,15
29,R,2000,-2800,142,0,16
29,R,2000,-2800,143,0,15
29,R,2000,-2800,144,0,16
29,R,2000,-2800,145,0,15
29,R,2000,-2800,146,0,16
29,R,2000,-2800,147,0,16
29,R,2000,-2800,148,0,15
29,R,2000,-2800,149,0,16
29,R,2000,-2800,150,0,16
29,R,2000,-2800,151,0,16
29,R,2000,-2800,152,0,15
29,R,2000,-2800,153,0,16
29,R,2000,-2800,154,0,15
29,R,2000,-2800,155,0,16
29,R,2000,-2800,156,0,15
29,R,2000,-2800,157,0,16
29,R,2000,-2800,158,0,16
29,R,2000,-2800,159,0,16
29,R,2000,-2800,160,0,15
29,R,2000,-2800,161,0,16
29,R,2000,-2800,162,0,16
29,R,2000,-2800,163,0,16
29,R,2000,-2800,164,0,15
29,R,2000,-2800,165,0,16
29,R,2000,-2800,166,0,16
29,R,2000,-2800,167,0,15
29,R,2000,-2800,168,0,16
29,R,2000,-2800,169,0,15
29,R,2000,-2800,170,0,16
29,R,2000,-2800,171,0,16
29,R,2000,-2800,172,0,15
29,R,2000,-2800,173,0,17
29,R,2000,-2800,174,0,15
29,R,2000,-2800,175,0,16
29,R,2000,-2800,176,0,16
29,R,2000,-2800,177,0,15
29,R,2000,-2800,178,0,16
29,R,2000,-2800,179,0,16
29,R,2000,-2800,180,0,15
29,R,2000,-2800,181,0,16
29,R,2000,-2800,182,0,15
29,R,2000,-2800,183,0,16
29,R,2000,-2800,184,0,16
29,R,2000,-2800,185,0,16
29,R,2000,-2800,186,0,15
29,R,2000,-2800,187,0,16
29,R,2000,-2800,188,0,16
29,R,2000,-2800,189,0,16
29,R,2000,-2800,190,0,16
29,R,2000,-2800,191,0,15
29,R,2000,-2800,192,0,16
29,R,2000,-2800,193,0,16
29,R,2000,-2800,194,0,15
29,R,2000,-2800,195,0,16
29,R,2000,-2800,196,0,15
29,R,2000,-2800,197,0,16
29,R,2000,-2800,198,0,16
29,R,2000,-2800,199,0,16
29,R,2000,-2800,200,0,16
29,R,2000,-2800,201,0,15
29,R,2000,-2800,202,0,12
29,R,2000,-2800,203,0,9
29,R,2000,-2800,204,0,7
29,R,2000,-2800,205,0,4
29,R,2000,-2800,206,0,1
29,R,2000,-2800,207,0,-1
29,R,2000,-2800,208,0,-3
29,R,2000,-2800,209,0,-5
29,R,2000,-2800,210,0,-8
29,R,2000,-2800,211,0,-9
29,R,2000,-2800,212,0,-11
29,R,2000,-2800,213,0,-13
29,R,2000,-2800,214,0,-15
29,R,2000,-2800,215,0,-16
29,R,2000,-2800,216,0,-16
29,R,2000,-2800,217,0,-19
29,R,2000,-2800,218,0,-19
29,R,2000,-2800,219,0,-20
29,R,2000,-2800,220,0,-22
29,R,2000,-2800,221,0,-22
29,R,2000,-2800,222,0,-23
29,R,2000,-2800,223,0,-23
29,R,2000,-2800,224,0,-25
29,R,2000,-2800,225,0,-26
29,R,2000,-2800,226,0,-25
29,R,2000,-2800,227,0,-27
29,R,2000,-2800,228,0,-26
29,R,2000,-2800,229,0,-27
29,R,2000,-2800,230,0,-28
29,R,2000,-2800,231,0,-29
29,R,2000,-2800,232,0,-29
29,R,2000,-2800,233,0,-29
29,R,2000,-2800,234,0,-30
29,R,2000,-2800,235,0,-30
29,R,2000,-2800,236,0,-30
29,R,2000,-2800,237,0,-30
29,R,2000,-2800,238,0,-31
29,R,2000,-2800,239,0,-31
29,R,2000,-2800,240,0,-31
29,R,2000,-2800,241,0,-32
29,R,2000,-2800,242,0,-32
29,R,2000,-2800,243,0,-32
29,R,2000,-2800,244,0,-32
29,R,2000,-2800,245,0,-33
29,R,2000,-2800,246,0,-33
29,R,2000,-2800,247,0,-33
29,R,2000,-2800,248,0,-33
29,R,2000,-2800,249,0,-33
29,R,2000,-2800,250,0,-33
29,R,2000,-2800,251,0,-34
29,R,2000,-2800,252,0,-33
29,R,2000,-2800,253,0,-34
29,R,2000,-2800,254,0,-34
29,R,2000,-2800,255,0,-34
29,R,2000,-2800,256,0,-34
29,R,2000,-2800,257,0,-34
29,R,2000,-2800,258,0,-34
29,R,2000,-2800,259,0,-35
29,R,2000,-2800,260,0,-34
29,R,2000,-2800,261,0,-34
29,R,2000,-2800,262,0,-35
29,R,2000,-2800,263,0,-35
29,R,2000,-2800,264,0,-34
29,R,2000,-2800,265,0,-36
29,R,2000,-2800,266,0,-35
29,R,2000,-2800,267,0,-34
29,R,2000,-2800,268,0,-35
29,R,2000,-2800,269,0,-35
29,R,2000,-2800,270,0,-36
29,R,2000,-2800,271,0,-34
29,R,2000,-2800,272,0,-35
29,R,2000,-2800,273,0,-36
29,R,2000,-2800,274,0,-35
29,R,2000,-2800,275,0,-36
29,R,2000,-2800,276,0,-34
29,R,2000,-2800,277,0,-36
29,R,2000,-2800,278,0,-35
29,R,2000,-2800,279,0,-36
29,R,2000,-2800,280,0,-35
29,R,2000,-2800,281,0,-36
29,R,2000,-2800,282,0,-35
29,R,2000,-2800,283,0,-35
29,R,2000,-2800,284,0,-36
29,R,2000,-2800,285,0,-35
29,R,2000,-2800,286,0,-36
29,R,2000,-2800,287,0,-36
29,R,2000,-2800,288,0,-36
29,R,2000,-2800,289,0,-35
29,R,2000,-2800,290,0,-36
29,R,2000,-2800,291,0,-36
29,R,2000,-2800,292,0,-35
29,R,2000,-2800,293,0,-36
29,R,2000,-2800,294,0,-36
29,R,2000,-2800,295,0,-37
29,R,2000,-2800,296,0,-34
29,R,2000,-2800,297,0,-36
29,R,2000,-2800,298,0,-35
29,R,2000,-2800,299,0,-36
29,R,2000,-2800,300,0,-36
29,R,2000,-2800,301,0,-36
29,R,2000,-2800,302,0,-36
29,R,2000,-2800,303,0,-36
29,R,2000,-2800,304,0,-35
29,R,2000,-2800,305,0,-36
29,R,2000,-2800,306,0,-36
29,R,2000,-2800,307,0,-36
29,R,2000,-2800,308,0,-36
29,R,2000,-2800,309,0,-36
29,R,2000,-2800,310,0,-36
29,R,2000,-2800,311,0,-36
29,R,2000,-2800,312,0,-36
29,R,2000,-2800,313,0,-35
29,R,2000,-2800,314,0,-36
29,R,2000,-2800,315,0,-36
29,R,2000,-2800,316,0,-36
29,R,2000,-2800,317,0,-36
29,R,2000,-2800,318,0,-36
29,R,2000,-2800,319,0,-36
29,R,2000,-2800,320,0,-36
29,R,2000,-2800,321,0,-36
29,R,2000,-2800,322,0,-36
29,R,2000,-2800,323,0,-36
29,R,2000,-2800,324,0,-36
29,R,2000,-2800,325,0,-36
29,R,2000,-2800,326,0,-36
29,R,2000,-2800,327,0,-36
29,R,2000,-2800,328,0,-36
29,R,2000,-2800,329,0,-36
29,R,2000,-2800,330,0,-36
29,R,2000,-2800,331,0,-36
29,R,2000,-2800,332,0,-36
29,R,2000,-2800,333,0,-36
29,R,2000,-2800,334,0,-37
29,R,2000,-2800,335,0,-36
29,R,2000,-2800,336,0,-35
29,R,2000,-2800,337,0,-37
29,R,2000,-2800,338,0,-36
29,R,2000,-2800,339,0,-36
29,R,2000,-2800,340,0,-36
29,R,2000,-2800,341,0,-36
29,R,2000,-2800,342,0,-36
29,R,2000,-2800,343,0,-36
29,R,2000,-2800,344,0,-36
29,R,2000,-2800,345,0,-36
29,R,2000,-2800,346,0,-36
29,R,2000,-2800,347,0,-36
29,R,2000,-2800,348,0,-36
29,R,2000,-2800,349,0,-36
29,R,2000,-2800,350,0,-36
29,R,2000,-2800,351,0,-37
29,R,2000,-2800,352,0,-36
29,R,2000,-2800,353,0,-36
29,R,2000,-2800,354,0,-36
29,R,2000,-2800,355,0,-36
29,R,2000,-2800,356,0,-37
29,R,2000,-2800,357,0,-35
29,R,2000,-2800,358,0,-36
29,R,2000,-2800,359,0,-36
29,R,2000,-2800,360,0,-36
29,R,2000,-2800,361,0,-36
29,R,2000,-2800,362,0,-37
29,R,2000,-2800,363,0,-36
29,R,2000,-2800,364,0,-36
29,R,2000,-2800,365,0,-36
29,R,2000,-2800,366,0,-37
29,R,2000,-2800,367,0,-36
29,R,2000,-2800,368,0,-37
29,R,2000,-2800,369,0,-36
29,R,2000,-2800,370,0,-36
29,R,2000,-2800,371,0,-37
29,R,2000,-2800,372,0,-36
29,R,2000,-2800,373,0,-36
29,R,2000,-2800,374,0,-36
29,R,2000,-2800,375,0,-37
29,R,2000,-2800,376,0,-36
29,R,2000,-2800,377,0,-36
29,R,2000,-2800,378,0,-37
29,R,2000,-2800,379,0,-37
29,R,2000,-2800,380,0,-36
29,R,2000,-2800,381,0,-36
29,R,2000,-2800,382,0,-36
29,R,2000,-2800,383,0,-37
29,R,2000,-2800,384,0,-36
29,R,2000,-2800,385,0,-36
29,R,2000,-2800,386,0,-37
29,R,2000,-2800,387,0,-36
29,R,2000,-2800,388,0,-36
29,R,2000,-2800,389,0,-37
29,R,2000,-2800,390,0,-37
29,R,2000,-2800,391,0,-36
29,R,2000,-2800,392,0,-36
29,R,2000,-2800,393,0,-37
29,R,2000,-2800,394,0,-36
29,R,2000,-2800,395,0,-36
29,R,2000,-2800,396,0,-37
29,R,2000,-2800,397,0,-36
29,R,2000,-2800,398,0,-37
29,R,2000,-2800,399,0,-37
29,R,2000,-2800,400,0,-36
29,R,2000,-2800,401,0,-37
29,R,2000,-2800,402,0,-36
29,R,2000,-2800,403,0,-36
29,R,2000,-2800,404,0,-35
29,R,2000,-2800,405,0,-36
29,R,2000,-2800,406,0,-36
29,R,2000,-2800,407,0,-35
29,R,2000,-2800,408,0,-34
29,R,2000,-2800,409,0,-36
29,R,2000,-2800,410,0,-34
29,R,2000,-2800,411,0,-34
29,R,2000,-2800,412,0,-35
29,R,2000,-2800,413,0,-33
29,R,2000,-2800,414,0,-35
29,R,2000,-2800,415,0,-33
29,R,2000,-2800,416,0,-34
29,R,2000,-2800,417,0,-34
29,R,2000,-2800,418,0,-32
29,R,2000,-2800,419,0,-33
29,R,2000,-2800,420,0,-33
29,R,2000,-2800,421,0,-33
29,R,2000,-2800,422,0,-32
29,R,2000,-2800,423,0,-32
29,R,2000,-2800,424,0,-33
29,R,2000,-2800,425,0,-31
29,R,2000,-2800,426,0,-32
29,R,2000,-2800,427,0,-32
29,R,2000,-2800,428,0,-31
29,R,2000,-2800,429,0,-31
29,R,2000,-2800,430,0,-31
29,R,2000,-2800,431,0,-31
29,R,2000,-2800,432,0,-30
29,R,2000,-2800,433,0,-31
29,R,2000,-2800,434,0,-30
29,R,2000,-2800,435,0,-30
29,R,2000,-2800,436,0,-30
29,R,2000,-2800,437,0,-30
29,R,2000,-2800,438,0,-29
29,R,2000,-2800,439,0,-30
29,R,2000,-2800,440,0,-29
29,R,2000,-2800,441,0,-29
29,R,2000,-2800,442,0,-29
29,R,2000,-2800,443,0,-29
29,R,2000,-2800,444,0,-28
29,R,2000,-2800,445,0,-29
29,R,2000,-2800,446,0,-28
29,R,2000,-2800,447,0,-28
29,R,2000,-2800,448,0,-28
29,R,2000,-2800,449,0,-28
29,R,2000,-2800,450,0,-27
29,R,2000,-2800,451,0,-28
29,R,2000,-2800,452,0,-27
29,R,2000,-2800,453,0,-27
29,R,2000,-2800,454,0,-27
29,R,2000,-2800,455,0,-27
29,R,2000,-2800,456,0,-26
29,R,2000,-2800,457,0,-27
29,R,2000,-2800,458,0,-26
29,R,2000,-2800,459,0,-26
29,R,2000,-2800,460,0,-27
29,R,2000,-2800,461,0,-25
29,R,2000,-2800,462,0,-26
29,R,2000,-2800,463,0,-26
29,R,2000,-2800,464,0,-24
29,R,2000,-2800,465,0,-26
29,R,2000,-2800,466,0,-25
29,R,2000,-2800,467,0,-25
29,R,2000,-2800,468,0,-24
29,R,2000,-2800,469,0,-25
29,R,2000,-2800,470,0,-25
29,R,2000,-2800,471,0,-24
29,R,2000,-2800,472,0,-24
29,R,2000,-2800,473,0,-24
29,R,2000,-2800,474,0,-24
29,R,2000,-2800,475,0,-24
29,R,2000,-2800,476,0,-23
29,R,2000,-2800,477,0,-24
29,R,2000,-2800,478,0,-23
29,R,2000,-2800,479,0,-23
29,R,2000,-2800,480,0,-23
29,R,2000,-2800,481,0,-23
29,R,2000,-2800,482,0,-23
29,R,2000,-2800,483,0,-22
29,R,2000,-2800,484,0,-22
29,R,2000,-2800,485,0,-23
29,R,2000,-2800,486,0,-22
29,R,2000,-2800,487,0,-22
29,R,2000,-2800,488,0,-21
29,R,2000,-2800,489,0,-23
29,R,2000,-2800,490,0,-21
29,R,2000,-2800,491,0,-21
29,R,2000,-2800,492,0,-22
29,R,2000,-2800,493,0,-21
29,R,2000,-2800,494,0,-20
29,R,2000,-2800,495,0,-21
29,R,2000,-2800,496,0,-21
29,R,2000,-2800,497,0,-21
29,R,2000,-2800,498,0,-20
29,R,2000,-2800,499,0,-21
30,R,2000,1600,0,0,0
30,R,2000,1600,1,0,0
30,R,2000,1600,2,0,2
30,R,2000,1600,3,0,1
30,R,2000,1600,4,0,3
30,R,2000,1600,5,0,3
30,R,2000,1600,6,0,4
30,R,2000,1600,7,0,5
30,R,2000,1600,8,0,5
30,R,2000,1600,9,0,6
30,R,2000,1600,10,0,6
30,R,2000,1600,11,0,7
30,R,2000,1600,12,0,7
30,R,2000,1600,13,0,8
30,R,2000,1600,14,0,8
30,R,2000,1600,15,0,8
30,R,2000,1600,16,0,9
30,R,2000,1600,17,0,9
30,R,2000,1600,18,0,9
30,R,2000,1600,19,0,10
30,R,2000,1600,20,0,10
30,R,2000,1600,21,0,10
30,R,2000,1600,22,0,10
30,R,2000,1600,23,0,11
30,R,2000,1600,24,0,11
30,R,2000,1600,25,0,10
30,R,2000,1600,26,0,12
30,R,2000,1600,27,0,11
30,R,2000,1600,28,0,12
30,R,2000,1600,29,0,11
30,R,2000,1600,30,0,12
30,R,2000,1600,31,0,12
30,R,2000,1600,32,0,12
30,R,2000,1600,33,0,13
30,R,2000,1600,34,0,12
30,R,2000,1600,35,0,12
30,R,2000,1600,36,0,13
30,R,2000,1600,37,0,12
30,R,2000,1600,38,0,14
30,R,2000,1600,39,0,13
30,R,2000,1600,40,0,12
30,R,2000,1600,41,0,13
30,R,2000,1600,42,0,14
30,R,2000,1600,43,0,13
30,R,2000,1600,44,0,13
30,R,2000,1600,45,0,14
30,R,2000,1600,46,0,14
30,R,2000,1600,47,0,13
30,R,2000,1600,48,0,14
30,R,2000,1600,49,0,13
30,R,2000,1600,50,0,15
30,R,2000,1600,51,0,13
30,R,2000,1600,52,0,15
30,R,2000,1600,53,0,13
30,R,2000,1600,54,0,15
30,R,2000,1600,55,0,13
30,R,2000,1600,56,0,15
30,R,2000,1600,57,0,14
30,R,2000,1600,58,0,14
30,R,2000,1600,59,0,15
30,R,2000,1600,60,0,14
30,R,2000,1600,61,0,15
30,R,2000,1600,62,0,14
30,R,2000,1600,63,0,14
30,R,2000,1600,64,0,15
30,R,2000,1600,65,0,14
30,R,2000,1600,66,0,15
30,R,2000,1600,67,0,15
30,R,2000,1600,68,0,14
30,R,2000,1600,69,0,15
30,R,2000,1600,70,0,15
30,R,2000,1600,71,0,15
30,R,2000,1600,72,0,15
30,R,2000,1600,73,0,15
30,R,2000,1600,74,0,15
30,R,2000,1600,75,0,14
30,R,2000,1600,76,0,15
30,R,2000,1600,77,0,16
30,R,2000,1600,78,0,14
30,R,2000,1600,79,0,15
30,R,2000,1600,80,0,15
30,R,2000,1600,81,0,16
30,R,2000,1600,82,0,15
30,R,2000,1600,83,0,14
30,R,2000,1600,84,0,16
30,R,2000,1600,85,0,15
30,R,2000,1600,86,0,16
30,R,2000,1600,87,0,15
30,R,2000,1600,88,0,14
30,R,2000,1600,89,0,16
30,R,2000,1600,90,0,15
30,R,2000,1600,91,0,16
30,R,2000,1600,92,0,15
30,R,2000,1600,93,0,15
30,R,2000,1600,94,0,15
30,R,2000,1600,95,0,16
30,R,2000,1600,96,0,15
30,R,2000,1600,97,0,16
30,R,2000,1600,98,0,15
30,R,2000,1600,99,0,15
30,R,2000,1600,100,0,15
30,R,2000,1600,101,0,16
30,R,2000,1600,102,0,15
30,R,2000,1600,103,0,16
30,R,2000,1600,104,0,16
30,R,2000,1600,105,0,15
30,R,2000,1600,106,0,15
30,R,2000,1600,107,0,15
30,R,2000,1600,108,0,16
30,R,2000,1600,109,0,15
30,R,2000,1600,110,0,15
30,R,2000,1600,111,0,16
30,R,2000,1600,112,0,15
30,R,2000,1600,113,0,16
30,R,2000,1600,114,0,15
30,R,2000,1600,115,0,16
30,R,2000,1600,116,0,15
30,R,2000,1600,117,0,16
30,R,2000,1600,118,0,15
30,R,2000,1600,119,0,16
30,R,2000,1600,120,0,16
30,R,2000,1600,121,0,16
30,R,2000,1600,122,0,16
30,R,2000,1600,123,0,15
30,R,2000,1600,124,0,15
30,R,2000,1600,125,0,16
30,R,2000,1600,126,0,15
30,R,2000,1600,127,0,16
30,R,2000,1600,128,0,16
30,R,2000,1600,129,0,15
30,R,2000,1600,130,0,16
30,R,2000,1600,131,0,16
30,R,2000,1600,132,0,16
30,R,2000,1600,133,0,15
30,R,2000,1600,134,0,16
30,R,2000,1600,135,0,16
30,R,2000,1600,136,0,15
30,R,2000,1600,137,0,16
30,R,2000,1600,138,0,15
30,R,2000,1600,139,0,16
30,R,2000,1600,140,0,16
30,R,2000,1600,141,0,16
30,R,2000,1600,142,0,15
30,R,2000,1600,143,0,16
30,R,2000,1600,144,0,16
30,R,2000,1600,145,0,16
30,R,2000,1600,146,0,16
30,R,2000,1600,147,0,16
30,R,2000,1600,148,0,15
30,R,2000,1600,149,0,16
30,R,2000,1600,150,0,16
30,R,2000,1600,151,0,15
30,R,2000,1600,152,0,16
30,R,2000,1600,153,0,16
30,R,2000,1600,154,0,15
30,R,2000,1600,155,0,16
30,R,2000,1600,156,0,16
30,R,2000,1600,157,0,16
30,R,2000,1600,158,0,16
30,R,2000,1600,159,0,15
30,R,2000,1600,160,0,16
30,R,2000,1600,161,0,16
30,R,2000,1600,162,0,16
30,R,2000,1600,163,0,16
30,R,2000,1600,164,0,16
30,R,2000,1600,165,0,16
30,R,2000,1600,166,0,16
30,R,2000,1600,167,0,15
30,R,2000,1600,168,0,16
30,R,2000,1600,169,0,16
30,R,2000,1600,170,0,16
30,R,2000,1600,171,0,15
30,R,2000,1600,172,0,16
30,R,2000,1600,173,0,16
30,R,2000,1600,174,0,16
30,R,2000,1600,175,0,15
30,R,2000,1600,176,0,16
30,R,2000,1600,177,0,16
30,R,2000,1600,178,0,16
30,R,2000,1600,179,0,16
30,R,2000,1600,180,0,16
30,R,2000,1600,181,0,16
30,R,2000,1600,182,0,15
30,R,2000,1600,183,0,17
30,R,2000,1600,184,0,15
30,R,2000,1600,185,0,16
30,R,2000,1600,186,0,16
30,R,2000,1600,187,0,16
30,R,2000,1600,188,0,16
30,R,2000,1600,189,0,16
30,R,2000,1600,190,0,15
30,R,2000,1600,191,0,16
30,R,2000,1600,192,0,16
30,R,2000,1600,193,0,16
30,R,2000,1600,194,0,16
30,R,2000,1600,195,0,15
30,R,2000,1600,196,0,16
30,R,2000,1600,197,0,16
30,R,2000,1600,198,0,16
30,R,2000,1600,199,0,15
30,R,2000,1600,200,0,16
30,R,2000,1600,201,0,16
30,R,2000,1600,202,0,16
30,R,2000,1600,203,0,16
30,R,2000,1600,204,0,15
30,R,2000,1600,205,0,16
30,R,2000,1600,206,0,15
30,R,2000,1600,207,0,15
30,R,2000,1600,208,0,15
30,R,2000,1600,209,0,15
30,R,2000,1600,210,0,15
30,R,2000,1600,211,0,15
30,R,2000,1600,212,0,15
30,R,2000,1600,213,0,15
30,R,2000,1600,214,0,15
30,R,2000,1600,215,0,14
30,R,2000,1600,216,0,15
30,R,2000,1600,217,0,13
30,R,2000,1600,218,0,15
30,R,2000,1600,219,0,14
30,R,2000,1600,220,0,14
30,R,2000,1600,221,0,15
30,R,2000,1600,222,0,13
30,R,2000,1600,223,0,14
30,R,2000,1600,224,0,14
30,R,2000,1600,225,0,13
30,R,2000,1600,226,0,15
30,R,2000,1600,227,0,13
30,R,2000,1600,228,0,14
30,R,2000,1600,229,0,13
30,R,2000,1600,230,0,13
30,R,2000,1600,231,0,14
30,R,2000,1600,232,0,13
30,R,2000,1600,233,0,12
30,R,2000,1600,234,0,13
30,R,2000,1600,235,0,14
30,R,2000,1600,236,0,13
30,R,2000,1600,237,0,12
30,R,2000,1600,238,0,13
30,R,2000,1600,239,0,12
30,R,2000,1600,240,0,13
30,R,2000,1600,241,0,13
30,R,2000,1600,242,0,12
30,R,2000,1600,243,0,13
30,R,2000,1600,244,0,12
30,R,2000,1600,245,0,12
30,R,2000,1600,246,0,12
30,R,2000,1600,247,0,12
30,R,2000,1600,248,0,12
30,R,2000,1600,249,0,12
30,R,2000,1600,250,0,12
30,R,2000,1600,251,0,12
30,R,2000,1600,252,0,11
30,R,2000,1600,253,0,12
30,R,2000,1600,254,0,11
30,R,2000,1600,255,0,12
30,R,2000,1600,256,0,11
30,R,2000,1600,257,0,11
30,R,2000,1600,258,0,12
30,R,2000,1600,259,0,11
30,R,2000,1600,260,0,11
30,R,2000,1600,261,0,11
30,R,2000,1600,262,0,11
30,R,2000,1600,263,0,11
30,R,2000,1600,264,0,11
30,R,2000,1600,265,0,11
30,R,2000,1600,266,0,11
30,R,2000,1600,267,0,10
30,R,2000,1600,268,0,11
30,R,2000,1600,269,0,11
30,R,2000,1600,270,0,10
30,R,2000,1600,271,0,10
30,R,2000,1600,272,0,11
30,R,2000,1600,273,0,10
30,R,2000,1600,274,0,11
30,R,2000,1600,275,0,9
30,R,2000,1600,276,0,11
30,R,2000,1600,277,0,9
30,R,2000,1600,278,0,11
30,R,2000,1600,279,0,9
30,R,2000,1600,280,0,11
30,R,2000,1600,281,0,9
30,R,2000,1600,282,0,10
30,R,2000,1600,283,0,10
30,R,2000,1600,284,0,10
30,R,2000,1600,285,0,9
30,R,2000,1600,286,0,9
30,R,2000,1600,287,0,10
30,R,2000,1600,288,0,9
30,R,2000,1600,289,0,10
30,R,2000,1600,290,0,9
30,R,2000,1600,291,0,9
30,R,2000,1600,292,0,9
30,R,2000,1600,293,0,10
30,R,2000,1600,294,0,9
30,R,2000,1600,295,0,9
30,R,2000,1600,296,0,9
30,R,2000,1600,297,0,9
30,R,2000,1600,298,0,9
30,R,2000,1600,299,0,8
30,R,2000,1600,300,0,9
30,R,2000,1600,301,0,9
30,R,2000,1600,302,0,9
30,R,2000,1600,303,0,9
30,R,2000,1600,304,0,8
30,R,2000,1600,305,0,9
30,R,2000,1600,306,0,8
30,R,2000,1600,307,0,8
30,R,2000,1600,308,0,9
30,R,2000,1600,309,0,8
30,R,2000,1600,310,0,9
30,R,2000,1600,311,0,8
30,R,2000,1600,312,0,8
30,R,2000,1600,313,0,8
30,R,2000,1600,314,0,9
30,R,2000,1600,315,0,8
30,R,2000,1600,316,0,8
30,R,2000,1600,317,0,8
30,R,2000,1600,318,0,8
30,R,2000,1600,319,0,8
30,R,2000,1600,320,0,8
30,R,2000,1600,321,0,7
30,R,2000,1600,322,0,8
30,R,2000,1600,323,0,8
30,R,2000,1600,324,0,7
30,R,2000,1600,325,0,8
30,R,2000,1600,326,0,8
30,R,2000,1600,327,0,7
30,R,2000,1600,328,0,8
30,R,2000,1600,329,0,7
30,R,2000,1600,330,0,8
30,R,2000,1600,331,0,8
30,R,2000,1600,332,0,7
30,R,2000,1600,333,0,8
30,R,2000,1600,334,0,7
30,R,2000,1600,335,0,7
30,R,2000,1600,336,0,7
30,R,2000,1600,337,0,8
30,R,2000,1600,338,0,7
30,R,2000,1600,339,0,8
30,R,2000,1600,340,0,6
30,R,2000,1600,341,0,8
30,R,2000,1600,342,0,7
30,R,2000,1600,343,0,7
30,R,2000,1600,344,0,7
30,R,2000,1600,345,0,7
30,R,2000,1600,346,0,7
30,R,2000,1600,347,0,7
30,R,2000,1600,348,0,7
30,R,2000,1600,349,0,7
30,R,2000,1600,350,0,7
30,R,2000,1600,351,0,7
30,R,2000,1600,352,0,6
30,R,2000,1600,353,0,7
30,R,2000,1600,354,0,8
30,R,2000,1600,355,0,6
30,R,2000,1600,356,0,7
30,R,2000,1600,357,0,7
30,R,2000,1600,358,0,6
30,R,2000,1600,359,0,7
30,R,2000,1600,360,0,7
30,R,2000,1600,361,0,6
30,R,2000,1600,362,0,7
30,R,2000,1600,363,0,7
30,R,2000,1600,364,0,6
30,R,2000,1600,365,0,6
30,R,2000,1600,366,0,8
30,R,2000,1600,367,0,5
30,R,2000,1600,368,0,7
30,R,2000,1600,369,0,7
30,R,2000,1600,370,0,6
30,R,2000,1600,371,0,7
30,R,2000,1600,372,0,6
30,R,2000,1600,373,0,6
30,R,2000,1600,374,0,7
30,R,2000,1600,375,0,6
30,R,2000,1600,376,0,7
30,R,2000,1600,377,0,5
30,R,2000,1600,378,0,7
30,R,2000,1600,379,0,6
30,R,2000,1600,380,0,6
30,R,2000,1600,381,0,7
30,R,2000,1600,382,0,6
30,R,2000,1600,383,0,6
30,R,2000,1600,384,0,6
30,R,2000,1600,385,0,7
30,R,2000,1600,386,0,5
30,R,2000,1600,387,0,7
30,R,2000,1600,388,0,6
30,R,2000,1600,389,0,6
30,R,2000,1600,390,0,6
30,R,2000,1600,391,0,6
30,R,2000,1600,392,0,7
30,R,2000,1600,393,0,5
30,R,2000,1600,394,0,7
30,R,2000,1600,395,0,5
30,R,2000,1600,396,0,7
30,R,2000,1600,397,0,5
30,R,2000,1600,398,0,7
30,R,2000,1600,399,0,6
30,R,2000,1600,400,0,6
30,R,2000,1600,401,0,5
30,R,2000,1600,402,0,6
30,R,2000,1600,403,0,6
30,R,2000,1600,404,0,6
30,R,2000,1600,405,0,6
30,R,2000,1600,406,0,5
30,R,2000,1600,407,0,6
30,R,2000,1600,408,0,5
30,R,2000,1600,409,0,5
30,R,2000,1600,410,0,6
30,R,2000,1600,411,0,5
30,R,2000,1600,412,0,5
30,R,2000,1600,413,0,5
30,R,2000,1600,414,0,5
30,R,2000,1600,415,0,5
30,R,2000,1600,416,0,4
30,R,2000,1600,417,0,5
30,R,2000,1600,418,0,5
30,R,2000,1600,419,0,5
30,R,2000,1600,420,0,4
30,R,2000,1600,421,0,5
30,R,2000,1600,422,0,4
30,R,2000,1600,423,0,4
30,R,2000,1600,424,0,4
30,R,2000,1600,425,0,4
30,R,2000,1600,426,0,5
30,R,2000,1600,427,0,4
30,R,2000,1600,428,0,4
30,R,2000,1600,429,0,3
30,R,2000,1600,430,0,4
30,R,2000,1600,431,0,4
30,R,2000,1600,432,0,4
30,R,2000,1600,433,0,4
30,R,2000,1600,434,0,3
30,R,2000,1600,435,0,4
30,R,2000,1600,436,0,3
30,R,2000,1600,437,0,3
30,R,2000,1600,438,0,4
30,R,2000,1600,439,0,3
30,R,2000,1600,440,0,3
30,R,2000,1600,441,0,3
30,R,2000,1600,442,0,3
30,R,2000,1600,443,0,3
30,R,2000,1600,444,0,3
30,R,2000,1600,445,0,3
30,R,2000,1600,446,0,3
30,R,2000,1600,447,0,3
30,R,2000,1600,448,0,2
30,R,2000,1600,449,0,3
30,R,2000,1600,450,0,3
30,R,2000,1600,451,0,2
30,R,2000,1600,452,0,2
30,R,2000,1600,453,0,3
30,R,2000,1600,454,0,2
30,R,2000,1600,455,0,3
30,R,2000,1600,456,0,1
30,R,2000,1600,457,0,3
30,R,2000,1600,458,0,1
30,R,2000,1600,459,0,3
30,R,2000,1600,460,0,1
30,R,2000,1600,461,0,3
30,R,2000,1600,462,0,1
30,R,2000,1600,463,0,3
30,R,2000,1600,464,0,1
30,R,2000,1600,465,0,2
30,R,2000,1600,466,0,1
30,R,2000,1600,467,0,2
30,R,2000,1600,468,0,2
30,R,2000,1600,469,0,1
30,R,2000,1600,470,0,1
30,R,2000,1600,471,0,2
30,R,2000,1600,472,0,1
30,R,2000,1600,473,0,1
30,R,2000,1600,474,0,2
30,R,2000,1600,475,0,0
30,R,2000,1600,476,0,1
30,R,2000,1600,477,0,2
30,R,2000,1600,478,0,1
30,R,2000,1600,479,0,0
30,R,2000,1600,480,0,1
30,R,2000,1600,481,0,1
30,R,2000,1600,482,0,1
30,R,2000,1600,483,0,1
30,R,2000,1600,484,0,0
30,R,2000,1600,485,0,0
30,R,2000,1600,486,0,1
30,R,2000,1600,487,0,0
30,R,2000,1600,488,0,0
30,R,2000,1600,489,0,0
30,R,2000,1600,490,0,0
30,R,2000,1600,491,0,0
30,R,2000,1600,492,0,0
30,R,2000,1600,493,0,0
30,R,2000,1600,494,0,0
30,R,2000,1600,495,0,0
30,R,2000,1600,496,0,0
30,R,2000,1600,497,0,0
30,R,2000,1600,498,0,0
30,R,2000,1600,499,0,0
31,R,2800,0,0,0,0
31,R,2800,0,1,0,2
31,R,2800,0,2,0,2
31,R,2800,0,3,0,5
31,R,2800,0,4,0,7
31,R,2800,0,5,0,9
31,R,2800,0,6,0,10
31,R,2800,0,7,0,12
31,R,2800,0,8,0,14
31,R,2800,0,9,0,15
31,R,2800,0,10,0,16
31,R,2800,0,11,0,17
31,R,2800,0,12,0,19
31,R,2800,0,13,0,19
31,R,2800,0,14,0,21
31,R,2800,0,15,0,21
31,R,2800,0,16,0,22
31,R,2800,0,17,0,24
31,R,2800,0,18,0,24
31,R,2800,0,19,0,24
31,R,2800,0,20,0,25
31,R,2800,0,21,0,26
31,R,2800,0,22,0,26
31,R,2800,0,23,0,28
31,R,2800,0,24,0,27
31,R,2800,0,25,0,27
31,R,2800,0,26,0,29
31,R,2800,0,27,0,28
31,R,2800,0,28,0,29
31,R,2800,0,29,0,29
31,R,2800,0,30,0,30
31,R,2800,0,31,0,30
31,R,2800,0,32,0,30
31,R,2800,0,33,0,31
31,R,2800,0,34,0,31
31,R,2800,0,35,0,31
31,R,2800,0,36,0,31
31,R,2800,0,37,0,32
31,R,2800,0,38,0,32
31,R,2800,0,39,0,32
31,R,2800,0,40,0,33
31,R,2800,0,41,0,32
31,R,2800,0,42,0,33
31,R,2800,0,43,0,33
31,R,2800,0,44,0,33
31,R,2800,0,45,0,32
31,R,2800,0,46,0,33
31,R,2800,0,47,0,34
31,R,2800,0,48,0,33
31,R,2800,0,49,0,33
31,R,2800,0,50,0,34
31,R,2800,0,51,0,33
31,R,2800,0,52,0,34
31,R,2800,0,53,0,34
31,R,2800,0,54,0,33
31,R,2800,0,55,0,35
31,R,2800,0,56,0,33
31,R,2800,0,57,0,35
31,R,2800,0,58,0,34
31,R,2800,0,59,0,34
31,R,2800,0,60,0,35
31,R,2800,0,61,0,34
31,R,2800,0,62,0,35
31,R,2800,0,63,0,33
31,R,2800,0,64,0,35
31,R,2800,0,65,0,35
31,R,2800,0,66,0,34
31,R,2800,0,67,0,35
31,R,2800,0,68,0,35
31,R,2800,0,69,0,34
31,R,2800,0,70,0,35
31,R,2800,0,71,0,35
31,R,2800,0,72,0,35
31,R,2800,0,73,0,35
31,R,2800,0,74,0,35
31,R,2800,0,75,0,35
31,R,2800,0,76,0,35
31,R,2800,0,77,0,35
31,R,2800,0,78,0,35
31,R,2800,0,79,0,35
31,R,2800,0,80,0,35
31,R,2800,0,81,0,35
31,R,2800,0,82,0,35
31,R,2800,0,83,0,36
31,R,2800,0,84,0,36
31,R,2800,0,85,0,34
31,R,2800,0,86,0,35
31,R,2800,0,87,0,35
31,R,2800,0,88,0,36
31,R,2800,0,89,0,35
31,R,2800,0,90,0,35
31,R,2800,0,91,0,35
31,R,2800,0,92,0,36
31,R,2800,0,93,0,35
31,R,2800,0,94,0,36
31,R,2800,0,95,0,35
31,R,2800,0,96,0,35
31,R,2800,0,97,0,35
31,R,2800,0,98,0,36
31,R,2800,0,99,0,35
31,R,2800,0,100,0,36
31,R,2800,0,101,0,35
31,R,2800,0,102,0,36
31,R,2800,0,103,0,35
31,R,2800,0,104,0,35
31,R,2800,0,105,0,36
31,R,2800,0,106,0,35
31,R,2800,0,107,0,36
31,R,2800,0,108,0,35
31,R,2800,0,109,0,36
31,R,2800,0,110,0,35
31,R,2800,0,111,0,35
31,R,2800,0,112,0,36
31,R,2800,0,113,0,36
31,R,2800,0,114,0,35
31,R,2800,0,115,0,36
31,R,2800,0,116,0,36
31,R,2800,0,117,0,35
31,R,2800,0,118,0,36
31,R,2800,0,119,0,35
31,R,2800,0,120,0,35
31,R,2800,0,121,0,36
31,R,2800,0,122,0,35
31,R,2800,0,123,0,36
31,R,2800,0,124,0,36
31,R,2800,0,125,0,36
31,R,2800,0,126,0,35
31,R,2800,0,127,0,36
31,R,2800,0,128,0,35
31,R,2800,0,129,0,36
31,R,2800,0,130,0,35
31,R,2800,0,131,0,36
31,R,2800,0,132,0,36
31,R,2800,0,133,0,36
31,R,2800,0,134,0,36
31,R,2800,0,135,0,36
31,R,2800,0,136,0,36
31,R,2800,0,137,0,36
31,R,2800,0,138,0,36
31,R,2800,0,139,0,36
31,R,2800,0,140,0,36
31,R,2800,0,141,0,36
31,R,2800,0,142,0,36
31,R,2800,0,143,0,37
31,R,2800,0,144,0,36
31,R,2800,0,145,0,38
31,R,2800,0,146,0,35
31,R,2800,0,147,0,37
31,R,2800,0,148,0,36
31,R,2800,0,149,0,36
31,R,2800,0,150,0,36
31,R,2800,0,151,0,37
31,R,2800,0,152,0,36
31,R,2800,0,153,0,38
31,R,2800,0,154,0,36
31,R,2800,0,155,0,36
31,R,2800,0,156,0,37
31,R,2800,0,157,0,36
31,R,2800,0,158,0,37
31,R,2800,0,159,0,37
31,R,2800,0,160,0,36
31,R,2800,0,161,0,37
31,R,2800,0,162,0,37
31,R,2800,0,163,0,36
31,R,2800,0,164,0,37
31,R,2800,0,165,0,37
31,R,2800,0,166,0,36
31,R,2800,0,167,0,37
31,R,2800,0,168,0,37
31,R,2800,0,169,0,37
31,R,2800,0,170,0,36
31,R,2800,0,171,0,38
31,R,2800,0,172,0,36
31,R,2800,0,173,0,37
31,R,2800,0,174,0,37
31,R,2800,0,175,0,36
31,R,2800,0,176,0,38
31,R,2800,0,177,0,37
31,R,2800,0,178,0,36
31,R,2800,0,179,0,37
31,R,2800,0,180,0,37
31,R,2800,0,181,0,37
31,R,2800,0,182,0,37
31,R,2800,0,183,0,37
31,R,2800,0,184,0,37
31,R,2800,0,185,0,37
31,R,2800,0,186,0,37
31,R,2800,0,187,0,37
31,R,2800,0,188,0,37
31,R,2800,0,189,0,38
31,R,2800,0,190,0,36
31,R,2800,0,191,0,37
31,R,2800,0,192,0,37
31,R,2800,0,193,0,38
31,R,2800,0,194,0,36
31,R,2800,0,195,0,38
31,R,2800,0,196,0,37
31,R,2800,0,197,0,37
31,R,2800,0,198,0,37
31,R,2800,0,199,0,37
31,R,2800,0,200,0,38
31,R,2800,0,201,0,37
31,R,2800,0,202,0,36
31,R,2800,0,203,0,37
31,R,2800,0,204,0,37
31,R,2800,0,205,0,36
31,R,2800,0,206,0,37
31,R,2800,0,207,0,35
31,R,2800,0,208,0,36
31,R,2800,0,209,0,35
31,R,2800,0,210,0,35
31,R,2800,0,211,0,35
31,R,2800,0,212,0,36
31,R,2800,0,213,0,35
31,R,2800,0,214,0,34
31,R,2800,0,215,0,35
31,R,2800,0,216,0,33
31,R,2800,0,217,0,35
31,R,2800,0,218,0,33
31,R,2800,0,219,0,34
31,R,2800,0,220,0,33
31,R,2800,0,221,0,34
31,R,2800,0,222,0,33
31,R,2800,0,223,0,33
31,R,2800,0,224,0,33
31,R,2800,0,225,0,33
31,R,2800,0,226,0,32
31,R,2800,0,227,0,32
31,R,2800,0,228,0,33
31,R,2800,0,229,0,32
31,R,2800,0,230,0,31
31,R,2800,0,231,0,31
31,R,2800,0,232,0,32
31,R,2800,0,233,0,31
31,R,2800,0,234,0,31
31,R,2800,0,235,0,31
31,R,2800,0,236,0,31
31,R,2800,0,237,0,31
31,R,2800,0,238,0,29
31,R,2800,0,239,0,31
31,R,2800,0,240,0,30
31,R,2800,0,241,0,30
31,R,2800,0,242,0,29
31,R,2800,0,243,0,30
31,R,2800,0,244,0,29
31,R,2800,0,245,0,30
31,R,2800,0,246,0,29
31,R,2800,0,247,0,29
31,R,2800,0,248,0,28
31,R,2800,0,249,0,29
31,R,2800,0,250,0,28
31,R,2800,0,251,0,28
31,R,2800,0,252,0,28
31,R,2800,0,253,0,28
31,R,2800,0,254,0,28
31,R,2800,0,255,0,28
31,R,2800,0,256,0,27
31,R,2800,0,257,0,28
31,R,2800,0,258,0,27
31,R,2800,0,259,0,26
31,R,2800,0,260,0,27
31,R,2800,0,261,0,27
31,R,2800,0,262,0,26
31,R,2800,0,263,0,27
31,R,2800,0,264,0,25
31,R,2800,0,265,0,27
31,R,2800,0,266,0,25
31,R,2800,0,267,0,27
31,R,2800,0,268,0,25
31,R,2800,0,269,0,25
31,R,2800,0,270,0,26
31,R,2800,0,271,0,24
31,R,2800,0,272,0,25
31,R,2800,0,273,0,26
31,R,2800,0,274,0,24
31,R,2800,0,275,0,25
31,R,2800,0,276,0,24
31,R,2800,0,277,0,24
31,R,2800,0,278,0,24
31,R,2800,0,279,0,24
31,R,2800,0,280,0,24
31,R,2800,0,281,0,23
31,R,2800,0,282,0,24
31,R,2800,0,283,0,23
31,R,2800,0,284,0,23
31,R,2800,0,285,0,23
31,R,2800,0,286,0,24
31,R,2800,0,287,0,22
31,R,2800,0,288,0,23
31,R,2800,0,289,0,22
31,R,2800,0,290,0,22
31,R,2800,0,291,0,23
31,R,2800,0,292,0,21
31,R,2800,0,293,0,23
31,R,2800,0,294,0,21
31,R,2800,0,295,0,22
31,R,2800,0,296,0,21
31,R,2800,0,297,0,22
31,R,2800,0,298,0,21
31,R,2800,0,299,0,21
31,R,2800,0,300,0,21
31,R,2800,0,301,0,20
31,R,2800,0,302,0,22
31,R,2800,0,303,0,20
31,R,2800,0,304,0,21
31,R,2800,0,305,0,20
31,R,2800,0,306,0,20
31,R,2800,0,307,0,20
31,R,2800,0,308,0,20
31,R,2800,0,309,0,19
31,R,2800,0,310,0,20
31,R,2800,0,311,0,19
31,R,2800,0,312,0,19
31,R,2800,0,313,0,19
31,R,2800,0,314,0,20
31,R,2800,0,315,0,19
31,R,2800,0,316,0,18
31,R,2800,0,317,0,19
31,R,2800,0,318,0,19
31,R,2800,0,319,0,18
31,R,2800,0,320,0,19
31,R,2800,0,321,0,17
31,R,2800,0,322,0,19
31,R,2800,0,323,0,17
31,R,2800,0,324,0,18
31,R,2800,0,325,0,18
31,R,2800,0,326,0,18
31,R,2800,0,327,0,17
31,R,2800,0,328,0,17
31,R,2800,0,329,0,17
31,R,2800,0,330,0,18
31,R,2800,0,331,0,16
31,R,2800,0,332,0,17
31,R,2800,0,333,0,17
31,R,2800,0,334,0,16
31,R,2800,0,335,0,17
31,R,2800,0,336,0,16
31,R,2800,0,337,0,17
31,R,2800,0,338,0,16
31,R,2800,0,339,0,16
31,R,2800,0,340,0,15
31,R,2800,0,341,0,16
31,R,2800,0,342,0,16
31,R,2800,0,343,0,15
31,R,2800,0,344,0,15
31,R,2800,0,345,0,16
31,R,2800,0,346,0,15
31,R,2800,0,347,0,15
31,R,2800,0,348,0,15
31,R,2800,0,349,0,15
31,R,2800,0,350,0,15
31,R,2800,0,351,0,14
31,R,2800,0,352,0,14
31,R,2800,0,353,0,15
31,R,2800,0,354,0,14
31,R,2800,0,355,0,15
31,R,2800,0,356,0,13
31,R,2800,0,357,0,15
31,R,2800,0,358,0,13
31,R,2800,0,359,0,14
31,R,2800,0,360,0,13
31,R,2800,0,361,0,14
31,R,2800,0,362,0,14
31,R,2800,0,363,0,13
31,R,2800,0,364,0,13
31,R,2800,0,365,0,13
31,R,2800,0,366,0,13
31,R,2800,0,367,0,13
31,R,2800,0,368,0,12
31,R,2800,0,369,0,14
31,R,2800,0,370,0,12
31,R,2800,0,371,0,13
31,R,2800,0,372,0,12
31,R,2800,0,373,0,12
31,R,2800,0,374,0,12
31,R,2800,0,375,0,12
31,R,2800,0,376,0,12
31,R,2800,0,377,0,12
31,R,2800,0,378,0,11
31,R,2800,0,379,0,12
31,R,2800,0,380,0,12
31,R,2800,0,381,0,11
31,R,2800,0,382,0,11
31,R,2800,0,383,0,11
31,R,2800,0,384,0,12
31,R,2800,0,385,0,11
31,R,2800,0,386,0,10
31,R,2800,0,387,0,11
31,R,2800,0,388,0,11
31,R,2800,0,389,0,10
31,R,2800,0,390,0,11
31,R,2800,0,391,0,11
31,R,2800,0,392,0,10
31,R,2800,0,393,0,10
31,R,2800,0,394,0,10
31,R,2800,0,395,0,10
31,R,2800,0,396,0,10
31,R,2800,0,397,0,10
31,R,2800,0,398,0,9
31,R,2800,0,399,0,10
31,R,2800,0,400,0,10
31,R,2800,0,401,0,9
31,R,2800,0,402,0,10
31,R,2800,0,403,0,9
31,R,2800,0,404,0,9
31,R,2800,0,405,0,9
31,R,2800,0,406,0,10
31,R,2800,0,407,0,8
31,R,2800,0,408,0,9
31,R,2800,0,409,0,8
31,R,2800,0,410,0,10
31,R,2800,0,411,0,8
31,R,2800,0,412,0,9
31,R,2800,0,413,0,8
31,R,2800,0,414,0,8
31,R,2800,0,415,0,8
31,R,2800,0,416,0,8
31,R,2800,0,417,0,8
31,R,2800,0,418,0,8
31,R,2800,0,419,0,8
31,R,2800,0,420,0,8
31,R,2800,0,421,0,8
31,R,2800,0,422,0,8
31,R,2800,0,423,0,7
31,R,2800,0,424,0,8
31,R,2800,0,425,0,7
31,R,2800,0,426,0,7
31,R,2800,0,427,0,7
31,R,2800,0,428,0,8
31,R,2800,0,429,0,7
31,R,2800,0,430,0,6
31,R,2800,0,431,0,7
31,R,2800,0,432,0,7
31,R,2800,0,433,0,7
31,R,2800,0,434,0,6
31,R,2800,0,435,0,7
31,R,2800,0,436,0,6
31,R,2800,0,437,0,7
31,R,2800,0,438,0,6
31,R,2800,0,439,0,6
31,R,2800,0,440,0,7
31,R,2800,0,441,0,6
31,R,2800,0,442,0,6
31,R,2800,0,443,0,6
31,R,2800,0,444,0,6
31,R,2800,0,445,0,6
31,R,2800,0,446,0,6
31,R,2800,0,447,0,5
31,R,2800,0,448,0,6
31,R,2800,0,449,0,6
31,R,2800,0,450,0,5
31,R,2800,0,451,0,5
31,R,2800,0,452,0,6
31,R,2800,0,453,0,5
31,R,2800,0,454,0,5
31,R,2800,0,455,0,5
31,R,2800,0,456,0,5
31,R,2800,0,457,0,5
31,R,2800,0,458,0,5
31,R,2800,0,459,0,5
31,R,2800,0,460,0,5
31,R,2800,0,461,0,4
31,R,2800,0,462,0,5
31,R,2800,0,463,0,4
31,R,2800,0,464,0,5
31,R,2800,0,465,0,4
31,R,2800,0,466,0,5
31,R,2800,0,467,0,4
31,R,2800,0,468,0,4
31,R,2800,0,469,0,4
31,R,2800,0,470,0,4
31,R,2800,0,471,0,5
31,R,2800,0,472,0,3
31,R,2800,0,473,0,4
31,R,2800,0,474,0,4
31,R,2800,0,475,0,4
31,R,2800,0,476,0,4
31,R,2800,0,477,0,3
31,R,2800,0,478,0,3
31,R,2800,0,479,0,4
31,R,2800,0,480,0,4
31,R,2800,0,481,0,3
31,R,2800,0,482,0,3
31,R,2800,0,483,0,4
31,R,2800,0,484,0,3
31,R,2800,0,485,0,3
31,R,2800,0,486,0,3
31,R,2800,0,487,0,3
31,R,2800,0,488,0,3
31,R,2800,0,489,0,3
31,R,2800,0,490,0,3
31,R,2800,0,491,0,3
31,R,2800,0,492,0,2
31,R,2800,0,493,0,3
31,R,2800,0,494,0,3
31,R,2800,0,495,0,2
31,R,2800,0,496,0,3
31,R,2800,0,497,0,2
31,R,2800,0,498,0,2
31,R,2800,0,499,0,3
32,R,2800,-1500,0,0,0
32,R,2800,-1500,1,0,1
32,R,2800,-1500,2,0,2
32,R,2800,-1500,3,0,6
32,R,2800,-1500,4,0,7
32,R,2800,-1500,5,0,9
32,R,2800,-1500,6,0,10
32,R,2800,-1500,7,0,12
32,R,2800,-1500,8,0,15
32,R,2800,-1500,9,0,15
32,R,2800,-1500,10,0,16
32,R,2800,-1500,11,0,17
32,R,2800,-1500,12,0,19
32,R,2800,-1500,13,0,20
32,R,2800,-1500,14,0,21
32,R,2800,-1500,15,0,21
32,R,2800,-1500,16,0,23
32,R,2800,-1500,17,0,23
32,R,2800,-1500,18,0,24
32,R,2800,-1500,19,0,25
32,R,2800,-1500,20,0,25
32,R,2800,-1500,21,0,26
32,R,2800,-1500,22,0,26
32,R,2800,-1500,23,0,27
32,R,2800,-1500,24,0,28
32,R,2800,-1500,25,0,28
32,R,2800,-1500,26,0,28
32,R,2800,-1500,27,0,29
32,R,2800,-1500,28,0,30
32,R,2800,-1500,29,0,29
32,R,2800,-1500,30,0,30
32,R,2800,-1500,31,0,30
32,R,2800,-1500,32,0,31
32,R,2800,-1500,33,0,30
32,R,2800,-1500,34,0,32
32,R,2800,-1500,35,0,31
32,R,2800,-1500,36,0,32
32,R,2800,-1500,37,0,32
32,R,2800,-1500,38,0,32
32,R,2800,-1500,39,0,32
32,R,2800,-1500,40,0,33
32,R,2800,-1500,41,0,32
32,R,2800,-1500,42,0,33
32,R,2800,-1500,43,0,34
32,R,2800,-1500,44,0,32
32,R,2800,-1500,45,0,33
32,R,2800,-1500,46,0,34
32,R,2800,-1500,47,0,33
32,R,2800,-1500,48,0,33
32,R,2800,-1500,49,0,34
32,R,2800,-1500,50,0,34
32,R,2800,-1500,51,0,34
32,R,2800,-1500,52,0,33
32,R,2800,-1500,53,0,35
32,R,2800,-1500,54,0,34
32,R,2800,-1500,55,0,34
32,R,2800,-1500,56,0,34
32,R,2800,-1500,57,0,35
32,R,2800,-1500,58,0,34
32,R,2800,-1500,59,0,34
32,R,2800,-1500,60,0,35
32,R,2800,-1500,61,0,34
32,R,2800,-1500,62,0,35
32,R,2800,-1500,63,0,35
32,R,2800,-1500,64,0,34
32,R,2800,-1500,65,0,35
32,R,2800,-1500,66,0,35
32,R,2800,-1500,67,0,35
32,R,2800,-1500,68,0,35
32,R,2800,-1500,69,0,35
32,R,2800,-1500,70,0,36
32,R,2800,-1500,71,0,35
32,R,2800,-1500,72,0,35
32,R,2800,-1500,73,0,35
32,R,2800,-1500,74,0,36
32,R,2800,-1500,75,0,35
32,R,2800,-1500,76,0,36
32,R,2800,-1500,77,0,36
32,R,2800,-1500,78,0,36
32,R,2800,-1500,79,0,35
32,R,2800,-1500,80,0,36
32,R,2800,-1500,81,0,36
32,R,2800,-1500,82,0,36
32,R,2800,-1500,83,0,36
32,R,2800,-1500,84,0,36
32,R,2800,-1500,85,0,36
32,R,2800,-1500,86,0,36
32,R,2800,-1500,87,0,36
32,R,2800,-1500,88,0,36
32,R,2800,-1500,89,0,36
32,R,2800,-1500,90,0,36
32,R,2800,-1500,91,0,37
32,R,2800,-1500,92,0,36
32,R,2800,-1500,93,0,36
32,R,2800,-1500,94,0,36
32,R,2800,-1500,95,0,36
32,R,2800,-1500,96,0,37
32,R,2800,-1500,97,0,36
32,R,2800,-1500,98,0,36
32,R,2800,-1500,99,0,37
32,R,2800,-1500,100,0,37
32,R,2800,-1500,101,0,36
32,R,2800,-1500,102,0,37
32,R,2800,-1500,103,0,36
32,R,2800,-1500,104,0,38
32,R,2800,-1500,105,0,35
32,R,2800,-1500,106,0,36
32,R,2800,-1500,107,0,37
32,R,2800,-1500,108,0,37
32,R,2800,-1500,109,0,36
32,R,2800,-1500,110,0,37
32,R,2800,-1500,111,0,36
32,R,2800,-1500,112,0,37
32,R,2800,-1500,113,0,37
32,R,2800,-1500,114,0,37
32,R,2800,-1500,115,0,36
32,R,2800,-1500,116,0,37
32,R,2800,-1500,117,0,36
32,R,2800,-1500,118,0,37
32,R,2800,-1500,119,0,37
32,R,2800,-1500,120,0,37
32,R,2800,-1500,121,0,36
32,R,2800,-1500,122,0,37
32,R,2800,-1500,123,0,37
32,R,2800,-1500,124,0,36
32,R,2800,-1500,125,0,37
32,R,2800,-1500,126,0,37
32,R,2800,-1500,127,0,37
32,R,2800,-1500,128,0,36
32,R,2800,-1500,129,0,37
32,R,2800,-1500,130,0,37
32,R,2800,-1500,131,0,37
32,R,2800,-1500,132,0,37
32,R,2800,-1500,133,0,36
32,R,2800,-1500,134,0,37
32,R,2800,-1500,135,0,37
32,R,2800,-1500,136,0,37
32,R,2800,-1500,137,0,37
32,R,2800,-1500,138,0,37
32,R,2800,-1500,139,0,36
32,R,2800,-1500,140,0,38
32,R,2800,-1500,141,0,37
32,R,2800,-1500,142,0,36
32,R,2800,-1500,143,0,37
32,R,2800,-1500,144,0,37
32,R,2800,-1500,145,0,37
32,R,2800,-1500,146,0,37
32,R,2800,-1500,147,0,37
32,R,2800,-1500,148,0,37
32,R,2800,-1500,149,0,37
32,R,2800,-1500,150,0,37
32,R,2800,-1500,151,0,36
32,R,2800,-1500,152,0,37
32,R,2800,-1500,153,0,38
32,R,2800,-1500,154,0,37
32,R,2800,-1500,155,0,36
32,R,2800,-1500,156,0,37
32,R,2800,-1500,157,0,37
32,R,2800,-1500,158,0,37
32,R,2800,-1500,159,0,37
32,R,2800,-1500,160,0,37
32,R,2800,-1500,161,0,37
32,R,2800,-1500,162,0,37
32,R,2800,-1500,163,0,37
32,R,2800,-1500,164,0,37
32,R,2800,-1500,165,0,38
32,R,2800,-1500,166,0,36
32,R,2800,-1500,167,0,37
32,R,2800,-1500,168,0,37
32,R,2800,-1500,169,0,37
32,R,2800,-1500,170,0,37
32,R,2800,-1500,171,0,37
32,R,2800,-1500,172,0,37
32,R,2800,-1500,173,0,37
32,R,2800,-1500,174,0,37
32,R,2800,-1500,175,0,37
32,R,2800,-1500,176,0,37
32,R,2800,-1500,177,0,36
32,R,2800,-1500,178,0,38
32,R,2800,-1500,179,0,37
32,R,2800,-1500,180,0,37
32,R,2800,-1500,181,0,36
32,R,2800,-1500,182,0,38
32,R,2800,-1500,183,0,37
32,R,2800,-1500,184,0,37
32,R,2800,-1500,185,0,37
32,R,2800,-1500,186,0,37
32,R,2800,-1500,187,0,37
32,R,2800,-1500,188,0,37
32,R,2800,-1500,189,0,37
32,R,2800,-1500,190,0,37
32,R,2800,-1500,191,0,37
32,R,2800,-1500,192,0,37
32,R,2800,-1500,193,0,37
32,R,2800,-1500,194,0,38
32,R,2800,-1500,195,0,36
32,R,2800,-1500,196,0,37
32,R,2800,-1500,197,0,38
32,R,2800,-1500,198,0,37
32,R,2800,-1500,199,0,37
32,R,2800,-1500,200,0,37
32,R,2800,-1500,201,0,37
32,R,2800,-1500,202,0,34
32,R,2800,-1500,203,0,34
32,R,2800,-1500,204,0,32
32,R,2800,-1500,205,0,30
32,R,2800,-1500,206,0,30
32,R,2800,-1500,207,0,27
32,R,2800,-1500,208,0,26
32,R,2800,-1500,209,0,25
32,R,2800,-1500,210,0,24
32,R,2800,-1500,211,0,22
32,R,2800,-1500,212,0,21
32,R,2800,-1500,213,0,20
32,R,2800,-1500,214,0,20
32,R,2800,-1500,215,0,17
32,R,2800,-1500,216,0,18
32,R,2800,-1500,217,0,15
32,R,2800,-1500,218,0,15
32,R,2800,-1500,219,0,15
32,R,2800,-1500,220,0,13
32,R,2800,-1500,221,0,12
32,R,2800,-1500,222,0,12
32,R,2800,-1500,223,0,11
32,R,2800,-1500,224,0,11
32,R,2800,-1500,225,0,9
32,R,2800,-1500,226,0,10
32,R,2800,-1500,227,0,8
32,R,2800,-1500,228,0,8
32,R,2800,-1500,229,0,7
32,R,2800,-1500,230,0,7
32,R,2800,-1500,231,0,7
32,R,2800,-1500,232,0,6
32,R,2800,-1500,233,0,6
32,R,2800,-1500,234,0,5
32,R,2800,-1500,235,0,4
32,R,2800,-1500,236,0,5
32,R,2800,-1500,237,0,4
32,R,2800,-1500,238,0,3
32,R,2800,-1500,239,0,4
32,R,2800,-1500,240,0,3
32,R,2800,-1500,241,0,3
32,R,2800,-1500,242,0,2
32,R,2800,-1500,243,0,3
32,R,2800,-1500,244,0,2
32,R,2800,-1500,245,0,2
32,R,2800,-1500,246,0,1
32,R,2800,-1500,247,0,2
32,R,2800,-1500,248,0,1
32,R,2800,-1500,249,0,1
32,R,2800,-1500,250,0,1
32,R,2800,-1500,251,0,0
32,R,2800,-1500,252,0,0
32,R,2800,-1500,253,0,1
32,R,2800,-1500,254,0,0
32,R,2800,-1500,255,0,0
32,R,2800,-1500,256,0,0
32,R,2800,-1500,257,0,-1
32,R,2800,-1500,258,0,0
32,R,2800,-1500,259,0,0
32,R,2800,-1500,260,0,0
32,R,2800,-1500,261,0,-1
32,R,2800,-1500,262,0,0
32,R,2800,-1500,263,0,0
32,R,2800,-1500,264,0,-1
32,R,2800,-1500,265,0,0
32,R,2800,-1500,266,0,-1
32,R,2800,-1500,267,0,-1
32,R,2800,-1500,268,0,-1
32,R,2800,-1500,269,0,0
32,R,2800,-1500,270,0,-1
32,R,2800,-1500,271,0,-1
32,R,2800,-1500,272,0,-1
32,R,2800,-1500,273,0,-1
32,R,2800,-1500,274,0,-1
32,R,2800,-1500,275,0,-1
32,R,2800,-1500,276,0,-1
32,R,2800,-1500,277,0,-1
32,R,2800,-1500,278,0,-1
32,R,2800,-1500,279,0,-2
32,R,2800,-1500,280,0,-1
32,R,2800,-1500,281,0,-1
32,R,2800,-1500,282,0,-1
32,R,2800,-1500,283,0,-2
32,R,2800,-1500,284,0,-1
32,R,2800,-1500,285,0,-2
32,R,2800,-1500,286,0,-1
32,R,2800,-1500,287,0,-1
32,R,2800,-1500,288,0,-2
32,R,2800,-1500,289,0,-1
32,R,2800,-1500,290,0,-1
32,R,2800,-1500,291,0,-2
32,R,2800,-1500,292,0,-1
32,R,2800,-1500,293,0,-3
32,R,2800,-1500,294,0,-1
32,R,2800,-1500,295,0,-1
32,R,2800,-1500,296,0,-2
32,R,2800,-1500,297,0,-1
32,R,2800,-1500,298,0,-3
32,R,2800,-1500,299,0,-1
32,R,2800,-1500,300,0,-2
32,R,2800,-1500,301,0,-2
32,R,2800,-1500,302,0,-1
32,R,2800,-1500,303,0,-2
32,R,2800,-1500,304,0,-2
32,R,2800,-1500,305,0,-2
32,R,2800,-1500,306,0,-2
32,R,2800,-1500,307,0,-2
32,R,2800,-1500,308,0,-1
32,R,2800,-1500,309,0,-3
32,R,2800,-1500,310,0,-1
32,R,2800,-1500,311,0,-3
32,R,2800,-1500,312,0,-1
32,R,2800,-1500,313,0,-3
32,R,2800,-1500,314,0,-1
32,R,2800,-1500,315,0,-3
32,R,2800,-1500,316,0,-1
32,R,2800,-1500,317,0,-3
32,R,2800,-1500,318,0,-1
32,R,2800,-1500,319,0,-3
32,R,2800,-1500,320,0,-2
32,R,2800,-1500,321,0,-2
32,R,2800,-1500,322,0,-2
32,R,2800,-1500,323,0,-2
32,R,2800,-1500,324,0,-2
32,R,2800,-1500,325,0,-3
32,R,2800,-1500,326,0,-2
32,R,2800,-1500,327,0,-2
32,R,2800,-1500,328,0,-2
32,R,2800,-1500,329,0,-2
32,R,2800,-1500,330,0,-3
32,R,2800,-1500,331,0,-2
32,R,2800,-1500,332,0,-2
32,R,2800,-1500,333,0,-2
32,R,2800,-1500,334,0,-3
32,R,2800,-1500,335,0,-2
32,R,2800,-1500,336,0,-2
32,R,2800,-1500,337,0,-3
32,R,2800,-1500,338,0,-2
32,R,2800,-1500,339,0,-3
32,R,2800,-1500,340,0,-2
32,R,2800,-1500,341,0,-2
32,R,2800,-1500,342,0,-3
32,R,2800,-1500,343,0,-2
32,R,2800,-1500,344,0,-3
32,R,2800,-1500,345,0,-2
32,R,2800,-1500,346,0,-2
32,R,2800,-1500,347,0,-3
32,R,2800,-1500,348,0,-2
32,R,2800,-1500,349,0,-3
32,R,2800,-1500,350,0,-2
32,R,2800,-1500,351,0,-2
32,R,2800,-1500,352,0,-3
32,R,2800,-1500,353,0,-2
32,R,2800,-1500,354,0,-3
32,R,2800,-1500,355,0,-3
32,R,2800,-1500,356,0,-2
32,R,2800,-1500,357,0,-3
32,R,2800,-1500,358,0,-2
32,R,2800,-1500,359,0,-2
32,R,2800,-1500,360,0,-3
32,R,2800,-1500,361,0,-3
32,R,2800,-1500,362,0,-2
32,R,2800,-1500,363,0,-3
32,R,2800,-1500,364,0,-2
32,R,2800,-1500,365,0,-3
32,R,2800,-1500,366,0,-3
32,R,2800,-1500,367,0,-2
32,R,2800,-1500,368,0,-3
32,R,2800,-1500,369,0,-3
32,R,2800,-1500,370,0,-2
32,R,2800,-1500,371,0,-3
32,R,2800,-1500,372,0,-2
32,R,2800,-1500,373,0,-3
32,R,2800,-1500,374,0,-3
32,R,2800,-1500,375,0,-2
32,R,2800,-1500,376,0,-2
32,R,2800,-1500,377,0,-3
32,R,2800,-1500,378,0,-3
32,R,2800,-1500,379,0,-2
32,R,2800,-1500,380,0,-3
32,R,2800,-1500,381,0,-3
32,R,2800,-1500,382,0,-2
32,R,2800,-1500,383,0,-3
32,R,2800,-1500,384,0,-3
32,R,2800,-1500,385,0,-2
32,R,2800,-1500,386,0,-3
32,R,2800,-1500,387,0,-3
32,R,2800,-1500,388,0,-3
32,R,2800,-1500,389,0,-3
32,R,2800,-1500,390,0,-2
32,R,2800,-1500,391,0,-2
32,R,2800,-1500,392,0,-4
32,R,2800,-1500,393,0,-2
32,R,2800,-1500,394,0,-3
32,R,2800,-1500,395,0,-3
32,R,2800,-1500,396,0,-3
32,R,2800,-1500,397,0,-2
32,R,2800,-1500,398,0,-3
32,R,2800,-1500,399,0,-3
32,R,2800,-1500,400,0,-2
32,R,2800,-1500,401,0,-3
32,R,2800,-1500,402,0,-3
32,R,2800,-1500,403,0,-2
32,R,2800,-1500,404,0,-3
32,R,2800,-1500,405,0,-3
32,R,2800,-1500,406,0,-1
32,R,2800,-1500,407,0,-3
32,R,2800,-1500,408,0,-2
32,R,2800,-1500,409,0,-3
32,R,2800,-1500,410,0,-1
32,R,2800,-1500,411,0,-3
32,R,2800,-1500,412,0,-2
32,R,2800,-1500,413,0,-2
32,R,2800,-1500,414,0,-2
32,R,2800,-1500,415,0,-2
32,R,2800,-1500,416,0,-1
32,R,2800,-1500,417,0,-2
32,R,2800,-1500,418,0,-2
32,R,2800,-1500,419,0,-2
32,R,2800,-1500,420,0,-1
32,R,2800,-1500,421,0,-2
32,R,2800,-1500,422,0,-1
32,R,2800,-1500,423,0,-1
32,R,2800,-1500,424,0,-2
32,R,2800,-1500,425,0,-2
32,R,2800,-1500,426,0,-1
32,R,2800,-1500,427,0,-1
32,R,2800,-1500,428,0,-1
32,R,2800,-1500,429,0,-1
32,R,2800,-1500,430,0,-1
32,R,2800,-1500,431,0,-2
32,R,2800,-1500,432,0,-1
32,R,2800,-1500,433,0,0
32,R,2800,-1500,434,0,-1
32,R,2800,-1500,435,0,-1
32,R,2800,-1500,436,0,-1
32,R,2800,-1500,437,0,0
32,R,2800,-1500,438,0,-1
32,R,2800,-1500,439,0,0
32,R,2800,-1500,440,0,-1
32,R,2800,-1500,441,0,0
32,R,2800,-1500,442,0,-1
32,R,2800,-1500,443,0,-1
32,R,2800,-1500,444,0,0
32,R,2800,-1500,445,0,0
32,R,2800,-1500,446,0,0
32,R,2800,-1500,447,0,0
32,R,2800,-1500,448,0,-1
32,R,2800,-1500,449,0,0
32,R,2800,-1500,450,0,0
32,R,2800,-1500,451,0,0
32,R,2800,-1500,452,0,0
32,R,2800,-1500,453,0,0
32,R,2800,-1500,454,0,0
32,R,2800,-1500,455,0,0
32,R,2800,-1500,456,0,0
32,R,2800,-1500,457,0,0
32,R,2800,-1500,458,0,0
32,R,2800,-1500,459,0,0
32,R,2800,-1500,460,0,0
32,R,2800,-1500,461,0,0
32,R,2800,-1500,462,0,0
32,R,2800,-1500,463,0,0
32,R,2800,-1500,464,0,0
32,R,2800,-1500,465,0,0
32,R,2800,-1500,466,0,0
32,R,2800,-1500,467,0,0
32,R,2800,-1500,468,0,0
32,R,2800,-1500,469,0,0
32,R,2800,-1500,470,0,0
32,R,2800,-1500,471,0,0
32,R,2800,-1500,472,0,0
32,R,2800,-1500,473,0,0
32,R,2800,-1500,474,0,0
32,R,2800,-1500,475,0,0
32,R,2800,-1500,476,0,0
32,R,2800,-1500,477,0,0
32,R,2800,-1500,478,0,0
32,R,2800,-1500,479,0,0
32,R,2800,-1500,480,0,0
32,R,2800,-1500,481,0,0
32,R,2800,-1500,482,0,0
32,R,2800,-1500,483,0,0
32,R,2800,-1500,484,0,0
32,R,2800,-1500,485,0,0
32,R,2800,-1500,486,0,0
32,R,2800,-1500,487,0,0
32,R,2800,-1500,488,0,0
32,R,2800,-1500,489,0,0
32,R,2800,-1500,490,0,0
32,R,2800,-1500,491,0,0
32,R,2800,-1500,492,0,0
32,R,2800,-1500,493,0,0
32,R,2800,-1500,494,0,0
32,R,2800,-1500,495,0,0
32,R,2800,-1500,496,0,0
32,R,2800,-1500,497,0,0
32,R,2800,-1500,498,0,0
32,R,2800,-1500,499,0,0
33,R,2800,-1700,0,0,0
33,R,2800,-1700,1,0,1
33,R,2800,-1700,2,0,3
33,R,2800,-1700,3,0,4
33,R,2800,-1700,4,0,8
33,R,2800,-1700,5,0,8
33,R,2800,-1700,6,0,10
33,R,2800,-1700,7,0,12
33,R,2800,-1700,8,0,14
33,R,2800,-1700,9,0,14
33,R,2800,-1700,10,0,17
33,R,2800,-1700,11,0,17
33,R,2800,-1700,12,0,18
33,R,2800,-1700,13,0,20
33,R,2800,-1700,14,0,21
33,R,2800,-1700,15,0,21
33,R,2800,-1700,16,0,23
33,R,2800,-1700,17,0,22
33,R,2800,-1700,18,0,24
33,R,2800,-1700,19,0,25
33,R,2800,-1700,20,0,26
33,R,2800,-1700,21,0,26
33,R,2800,-1700,22,0,26
33,R,2800,-1700,23,0,28
33,R,2800,-1700,24,0,27
33,R,2800,-1700,25,0,28
33,R,2800,-1700,26,0,29
33,R,2800,-1700,27,0,28
33,R,2800,-1700,28,0,29
33,R,2800,-1700,29,0,30
33,R,2800,-1700,30,0,30
33,R,2800,-1700,31,0,30
33,R,2800,-1700,32,0,30
33,R,2800,-1700,33,0,31
33,R,2800,-1700,34,0,32
33,R,2800,-1700,35,0,31
33,R,2800,-1700,36,0,32
33,R,2800,-1700,37,0,32
33,R,2800,-1700,38,0,32
33,R,2800,-1700,39,0,33
33,R,2800,-1700,40,0,32
33,R,2800,-1700,41,0,32
33,R,2800,-1700,42,0,33
33,R,2800,-1700,43,0,33
33,R,2800,-1700,44,0,33
33,R,2800,-1700,45,0,33
33,R,2800,-1700,46,0,33
33,R,2800,-1700,47,0,34
33,R,2800,-1700,48,0,33
33,R,2800,-1700,49,0,33
33,R,2800,-1700,50,0,35
33,R,2800,-1700,51,0,33
33,R,2800,-1700,52,0,34
33,R,2800,-1700,53,0,34
33,R,2800,-1700,54,0,34
33,R,2800,-1700,55,0,34
33,R,2800,-1700,56,0,34
33,R,2800,-1700,57,0,34
33,R,2800,-1700,58,0,35
33,R,2800,-1700,59,0,34
33,R,2800,-1700,60,0,34
33,R,2800,-1700,61,0,35
33,R,2800,-1700,62,0,34
33,R,2800,-1700,63,0,35
33,R,2800,-1700,64,0,35
33,R,2800,-1700,65,0,36
33,R,2800,-1700,66,0,33
33,R,2800,-1700,67,0,36
33,R,2800,-1700,68,0,35
33,R,2800,-1700,69,0,34
33,R,2800,-1700,70,0,36
33,R,2800,-1700,71,0,35
33,R,2800,-1700,72,0,36
33,R,2800,-1700,73,0,35
33,R,2800,-1700,74,0,36
33,R,2800,-1700,75,0,35
33,R,2800,-1700,76,0,35
33,R,2800,-1700,77,0,36
33,R,2800,-1700,78,0,36
33,R,2800,-1700,79,0,36
33,R,2800,-1700,80,0,36
33,R,2800,-1700,81,0,35
33,R,2800,-1700,82,0,36
33,R,2800,-1700,83,0,36
33,R,2800,-1700,84,0,37
33,R,2800,-1700,85,0,36
33,R,2800,-1700,86,0,36
33,R,2800,-1700,87,0,36
33,R,2800,-1700,88,0,36
33,R,2800,-1700,89,0,36
33,R,2800,-1700,90,0,37
33,R,2800,-1700,91,0,36
33,R,2800,-1700,92,0,37
33,R,2800,-1700,93,0,36
33,R,2800,-1700,94,0,37
33,R,2800,-1700,95,0,36
33,R,2800,-1700,96,0,36
33,R,2800,-1700,97,0,37
33,R,2800,-1700,98,0,36
33,R,2800,-1700,99,0,37
33,R,2800,-1700,100,0,37
33,R,2800,-1700,101,0,37
33,R,2800,-1700,102,0,36
33,R,2800,-1700,103,0,36
33,R,2800,-1700,104,0,37
33,R,2800,-1700,105,0,37
33,R,2800,-1700,106,0,37
33,R,2800,-1700,107,0,37
33,R,2800,-1700,108,0,36
33,R,2800,-1700,109,0,37
33,R,2800,-1700,110,0,37
33,R,2800,-1700,111,0,37
33,R,2800,-1700,112,0,37
33,R,2800,-1700,113,0,36
33,R,2800,-1700,114,0,37
33,R,2800,-1700,115,0,37
33,R,2800,-1700,116,0,37
33,R,2800,-1700,117,0,37
33,R,2800,-1700,118,0,37
33,R,2800,-1700,119,0,37
33,R,2800,-1700,120,0,37
33,R,2800,-1700,121,0,37
33,R,2800,-1700,122,0,37
33,R,2800,-1700,123,0,36
33,R,2800,-1700,124,0,38
33,R,2800,-1700,125,0,37
33,R,2800,-1700,126,0,38
33,R,2800,-1700,127,0,36
33,R,2800,-1700,128,0,37
33,R,2800,-1700,129,0,37
33,R,2800,-1700,130,0,37
33,R,2800,-1700,131,0,37
33,R,2800,-1700,132,0,37
33,R,2800,-1700,133,0,37
33,R,2800,-1700,134,0,37
33,R,2800,-1700,135,0,38
33,R,2800,-1700,136,0,37
33,R,2800,-1700,137,0,36
33,R,2800,-1700,138,0,37
33,R,2800,-1700,139,0,38
33,R,2800,-1700,140,0,37
33,R,2800,-1700,141,0,37
33,R,2800,-1700,142,0,37
33,R,2800,-1700,143,0,37
33,R,2800,-1700,144,0,37
33,R,2800,-1700,145,0,37
33,R,2800,-1700,146,0,38
33,R,2800,-1700,147,0,37
33,R,2800,-1700,148,0,37
33,R,2800,-1700,149,0,37
33,R,2800,-1700,150,0,37
33,R,2800,-1700,151,0,37
33,R,2800,-1700,152,0,37
33,R,2800,-1700,153,0,38
33,R,2800,-1700,154,0,37
33,R,2800,-1700,155,0,37
33,R,2800,-1700,156,0,37
33,R,2800,-1700,157,0,38
33,R,2800,-1700,158,0,37
33,R,2800,-1700,159,0,37
33,R,2800,-1700,160,0,37
33,R,2800,-1700,161,0,37
33,R,2800,-1700,162,0,37
33,R,2800,-1700,163,0,38
33,R,2800,-1700,164,0,37
33,R,2800,-1700,165,0,37
33,R,2800,-1700,166,0,38
33,R,2800,-1700,167,0,37
33,R,2800,-1700,168,0,37
33,R,2800,-1700,169,0,37
33,R,2800,-1700,170,0,37
33,R,2800,-1700,171,0,37
33,R,2800,-1700,172,0,38
33,R,2800,-1700,173,0,37
33,R,2800,-1700,174,0,37
33,R,2800,-1700,175,0,37
33,R,2800,-1700,176,0,38
33,R,2800,-1700,177,0,37
33,R,2800,-1700,178,0,37
33,R,2800,-1700,179,0,38
33,R,2800,-1700,180,0,37
33,R,2800,-1700,181,0,37
33,R,2800,-1700,182,0,38
33,R,2800,-1700,183,0,37
33,R,2800,-1700,184,0,37
33,R,2800,-1700,185,0,38
33,R,2800,-1700,186,0,37
33,R,2800,-1700,187,0,38
33,R,2800,-1700,188,0,36
33,R,2800,-1700,189,0,38
33,R,2800,-1700,190,0,37
33,R,2800,-1700,191,0,37
33,R,2800,-1700,192,0,38
33,R,2800,-1700,193,0,36
33,R,2800,-1700,194,0,38
33,R,2800,-1700,195,0,37
33,R,2800,-1700,196,0,37
33,R,2800,-1700,197,0,38
33,R,2800,-1700,198,0,37
33,R,2800,-1700,199,0,37
33,R,2800,-1700,200,0,38
33,R,2800,-1700,201,0,37
33,R,2800,-1700,202,0,34
33,R,2800,-1700,203,0,34
33,R,2800,-1700,204,0,30
33,R,2800,-1700,205,0,30
33,R,2800,-1700,206,0,28
33,R,2800,-1700,207,0,26
33,R,2800,-1700,208,0,24
33,R,2800,-1700,209,0,23
33,R,2800,-1700,210,0,21
33,R,2800,-1700,211,0,20
33,R,2800,-1700,212,0,19
33,R,2800,-1700,213,0,17
33,R,2800,-1700,214,0,16
33,R,2800,-1700,215,0,14
33,R,2800,-1700,216,0,13
33,R,2800,-1700,217,0,12
33,R,2800,-1700,218,0,12
33,R,2800,-1700,219,0,9
33,R,2800,-1700,220,0,9
33,R,2800,-1700,221,0,8
33,R,2800,-1700,222,0,7
33,R,2800,-1700,223,0,6
33,R,2800,-1700,224,0,5
33,R,2800,-1700,225,0,5
33,R,2800,-1700,226,0,3
33,R,2800,-1700,227,0,4
33,R,2800,-1700,228,0,2
33,R,2800,-1700,229,0,2
33,R,2800,-1700,230,0,1
33,R,2800,-1700,231,0,1
33,R,2800,-1700,232,0,0
33,R,2800,-1700,233,0,0
33,R,2800,-1700,234,0,-1
33,R,2800,-1700,235,0,-1
33,R,2800,-1700,236,0,-1
33,R,2800,-1700,237,0,-2
33,R,2800,-1700,238,0,-1
33,R,2800,-1700,239,0,-3
33,R,2800,-1700,240,0,-1
33,R,2800,-1700,241,0,-3
33,R,2800,-1700,242,0,-3
33,R,2800,-1700,243,0,-2
33,R,2800,-1700,244,0,-4
33,R,2800,-1700,245,0,-3
33,R,2800,-1700,246,0,-4
33,R,2800,-1700,247,0,-4
33,R,2800,-1700,248,0,-4
33,R,2800,-1700,249,0,-3
33,R,2800,-1700,250,0,-5
33,R,2800,-1700,251,0,-4
33,R,2800,-1700,252,0,-4
33,R,2800,-1700,253,0,-4
33,R,2800,-1700,254,0,-5
33,R,2800,-1700,255,0,-4
33,R,2800,-1700,256,0,-5
33,R,2800,-1700,257,0,-6
33,R,2800,-1700,258,0,-5
33,R,2800,-1700,259,0,-4
33,R,2800,-1700,260,0,-6
33,R,2800,-1700,261,0,-5
33,R,2800,-1700,262,0,-5
33,R,2800,-1700,263,0,-6
33,R,2800,-1700,264,0,-5
33,R,2800,-1700,265,0,-6
33,R,2800,-1700,266,0,-6
33,R,2800,-1700,267,0,-5
33,R,2800,-1700,268,0,-6
33,R,2800,-1700,269,0,-6
33,R,2800,-1700,270,0,-6
33,R,2800,-1700,271,0,-6
33,R,2800,-1700,272,0,-6
33,R,2800,-1700,273,0,-6
33,R,2800,-1700,274,0,-6
33,R,2800,-1700,275,0,-6
33,R,2800,-1700,276,0,-7
33,R,2800,-1700,277,0,-6
33,R,2800,-1700,278,0,-7
33,R,2800,-1700,279,0,-6
33,R,2800,-1700,280,0,-6
33,R,2800,-1700,281,0,-7
33,R,2800,-1700,282,0,-6
33,R,2800,-1700,283,0,-7
33,R,2800,-1700,284,0,-7
33,R,2800,-1700,285,0,-6
33,R,2800,-1700,286,0,-7
33,R,2800,-1700,287,0,-7
33,R,2800,-1700,288,0,-6
33,R,2800,-1700,289,0,-7
33,R,2800,-1700,290,0,-7
33,R,2800,-1700,291,0,-7
33,R,2800,-1700,292,0,-6
33,R,2800,-1700,293,0,-8
33,R,2800,-1700,294,0,-7
33,R,2800,-1700,295,0,-6
33,R,2800,-1700,296,0,-7
33,R,2800,-1700,297,0,-7
33,R,2800,-1700,298,0,-8
33,R,2800,-1700,299,0,-6
33,R,2800,-1700,300,0,-7
33,R,2800,-1700,301,0,-8
33,R,2800,-1700,302,0,-7
33,R,2800,-1700,303,0,-7
33,R,2800,-1700,304,0,-7
33,R,2800,-1700,305,0,-7
33,R,2800,-1700,306,0,-8
33,R,2800,-1700,307,0,-7
33,R,2800,-1700,308,0,-7
33,R,2800,-1700,309,0,-8
33,R,2800,-1700,310,0,-6
33,R,2800,-1700,311,0,-8
33,R,2800,-1700,312,0,-8
33,R,2800,-1700,313,0,-7
33,R,2800,-1700,314,0,-8
33,R,2800,-1700,315,0,-6
33,R,2800,-1700,316,0,-8
33,R,2800,-1700,317,0,-7
33,R,2800,-1700,318,0,-8
33,R,2800,-1700,319,0,-8
33,R,2800,-1700,320,0,-7
33,R,2800,-1700,321,0,-8
33,R,2800,-1700,322,0,-7
33,R,2800,-1700,323,0,-7
33,R,2800,-1700,324,0,-8
33,R,2800,-1700,325,0,-7
33,R,2800,-1700,326,0,-8
33,R,2800,-1700,327,0,-8
33,R,2800,-1700,328,0,-8
33,R,2800,-1700,329,0,-7
33,R,2800,-1700,330,0,-8
33,R,2800,-1700,331,0,-8
33,R,2800,-1700,332,0,-7
33,R,2800,-1700,333,0,-7
33,R,2800,-1700,334,0,-8
33,R,2800,-1700,335,0,-8
33,R,2800,-1700,336,0,-7
33,R,2800,-1700,337,0,-8
33,R,2800,-1700,338,0,-8
33,R,2800,-1700,339,0,-8
33,R,2800,-1700,340,0,-7
33,R,2800,-1700,341,0,-8
33,R,2800,-1700,342,0,-8
33,R,2800,-1700,343,0,-8
33,R,2800,-1700,344,0,-7
33,R,2800,-1700,345,0,-8
33,R,2800,-1700,346,0,-8
33,R,2800,-1700,347,0,-7
33,R,2800,-1700,348,0,-8
33,R,2800,-1700,349,0,-8
33,R,2800,-1700,350,0,-7
33,R,2800,-1700,351,0,-8
33,R,2800,-1700,352,0,-8
33,R,2800,-1700,353,0,-8
33,R,2800,-1700,354,0,-8
33,R,2800,-1700,355,0,-8
33,R,2800,-1700,356,0,-8
33,R,2800,-1700,357,0,-8
33,R,2800,-1700,358,0,-8
33,R,2800,-1700,359,0,-7
33,R,2800,-1700,360,0,-8
33,R,2800,-1700,361,0,-8
33,R,2800,-1700,362,0,-8
33,R,2800,-1700,363,0,-8
33,R,2800,-1700,364,0,-8
33,R,2800,-1700,365,0,-8
33,R,2800,-1700,366,0,-7
33,R,2800,-1700,367,0,-8
33,R,2800,-1700,368,0,-8
33,R,2800,-1700,369,0,-8
33,R,2800,-1700,370,0,-8
33,R,2800,-1700,371,0,-8
33,R,2800,-1700,372,0,-8
33,R,2800,-1700,373,0,-7
33,R,2800,-1700,374,0,-8
33,R,2800,-1700,375,0,-8
33,R,2800,-1700,376,0,-8
33,R,2800,-1700,377,0,-8
33,R,2800,-1700,378,0,-8
33,R,2800,-1700,379,0,-8
33,R,2800,-1700,380,0,-8
33,R,2800,-1700,381,0,-8
33,R,2800,-1700,382,0,-8
33,R,2800,-1700,383,0,-8
33,R,2800,-1700,384,0,-8
33,R,2800,-1700,385,0,-8
33,R,2800,-1700,386,0,-8
33,R,2800,-1700,387,0,-8
33,R,2800,-1700,388,0,-8
33,R,2800,-1700,389,0,-8
33,R,2800,-1700,390,0,-8
33,R,2800,-1700,391,0,-8
33,R,2800,-1700,392,0,-8
33,R,2800,-1700,393,0,-8
33,R,2800,-1700,394,0,-8
33,R,2800,-1700,395,0,-8
33,R,2800,-1700,396,0,-8
33,R,2800,-1700,397,0,-8
33,R,2800,-1700,398,0,-8
33,R,2800,-1700,399,0,-8
33,R,2800,-1700,400,0,-8
33,R,2800,-1700,401,0,-8
33,R,2800,-1700,402,0,-8
33,R,2800,-1700,403,0,-8
33,R,2800,-1700,404,0,-7
33,R,2800,-1700,405,0,-8
33,R,2800,-1700,406,0,-8
33,R,2800,-1700,407,0,-8
33,R,2800,-1700,408,0,-7
33,R,2800,-1700,409,0,-7
33,R,2800,-1700,410,0,-7
33,R,2800,-1700,411,0,-7
33,R,2800,-1700,412,0,-8
33,R,2800,-1700,413,0,-7
33,R,2800,-1700,414,0,-6
33,R,2800,-1700,415,0,-7
33,R,2800,-1700,416,0,-7
33,R,2800,-1700,417,0,-6
33,R,2800,-1700,418,0,-7
33,R,2800,-1700,419,0,-7
33,R,2800,-1700,420,0,-6
33,R,2800,-1700,421,0,-7
33,R,2800,-1700,422,0,-6
33,R,2800,-1700,423,0,-6
33,R,2800,-1700,424,0,-6
33,R,2800,-1700,425,0,-6
33,R,2800,-1700,426,0,-6
33,R,2800,-1700,427,0,-6
33,R,2800,-1700,428,0,-5
33,R,2800,-1700,429,0,-6
33,R,2800,-1700,430,0,-6
33,R,2800,-1700,431,0,-6
33,R,2800,-1700,432,0,-5
33,R,2800,-1700,433,0,-5
33,R,2800,-1700,434,0,-6
33,R,2800,-1700,435,0,-5
33,R,2800,-1700,436,0,-5
33,R,2800,-1700,437,0,-6
33,R,2800,-1700,438,0,-5
33,R,2800,-1700,439,0,-4
33,R,2800,-1700,440,0,-5
33,R,2800,-1700,441,0,-5
33,R,2800,-1700,442,0,-5
33,R,2800,-1700,443,0,-5
33,R,2800,-1700,444,0,-4
33,R,2800,-1700,445,0,-5
33,R,2800,-1700,446,0,-4
33,R,2800,-1700,447,0,-5
33,R,2800,-1700,448,0,-4
33,R,2800,-1700,449,0,-5
33,R,2800,-1700,450,0,-4
33,R,2800,-1700,451,0,-4
33,R,2800,-1700,452,0,-4
33,R,2800,-1700,453,0,-4
33,R,2800,-1700,454,0,-4
33,R,2800,-1700,455,0,-4
33,R,2800,-1700,456,0,-4
33,R,2800,-1700,457,0,-3
33,R,2800,-1700,458,0,-4
33,R,2800,-1700,459,0,-3
33,R,2800,-1700,460,0,-4
33,R,2800,-1700,461,0,-3
33,R,2800,-1700,462,0,-4
33,R,2800,-1700,463,0,-3
33,R,2800,-1700,464,0,-4
33,R,2800,-1700,465,0,-3
33,R,2800,-1700,466,0,-3
33,R,2800,-1700,467,0,-3
33,R,2800,-1700,468,0,-3
33,R,2800,-1700,469,0,-3
33,R,2800,-1700,470,0,-3
33,R,2800,-1700,471,0,-3
33,R,2800,-1700,472,0,-3
33,R,2800,-1700,473,0,-2
33,R,2800,-1700,474,0,-3
33,R,2800,-1700,475,0,-3
33,R,2800,-1700,476,0,-2
33,R,2800,-1700,477,0,-3
33,R,2800,-1700,478,0,-2
33,R,2800,-1700,479,0,-2
33,R,2800,-1700,480,0,-3
33,R,2800,-1700,481,0,-2
33,R,2800,-1700,482,0,-2
33,R,2800,-1700,483,0,-2
33,R,2800,-1700,484,0,-3
33,R,2800,-1700,485,0,-1
33,R,2800,-1700,486,0,-3
33,R,2800,-1700,487,0,-1
33,R,2800,-1700,488,0,-2
33,R,2800,-1700,489,0,-2
33,R,2800,-1700,490,0,-2
33,R,2800,-1700,491,0,-1
33,R,2800,-1700,492,0,-2
33,R,2800,-1700,493,0,-2
33,R,2800,-1700,494,0,-1
33,R,2800,-1700,495,0,-2
33,R,2800,-1700,496,0,-1
33,R,2800,-1700,497,0,-1
33,R,2800,-1700,498,0,-2
33,R,2800,-1700,499,0,-1
34,R,2800,-2000,0,0,0
34,R,2800,-2000,1,0,0
34,R,2800,-2000,2,0,2
34,R,2800,-2000,3,0,5
34,R,2800,-2000,4,0,6
34,R,2800,-2000,5,0,9
34,R,2800,-2000,6,0,10
34,R,2800,-2000,7,0,12
34,R,2800,-2000,8,0,13
34,R,2800,-2000,9,0,15
34,R,2800,-2000,10,0,16
34,R,2800,-2000,11,0,17
34,R,2800,-2000,12,0,19
34,R,2800,-2000,13,0,20
34,R,2800,-2000,14,0,20
34,R,2800,-2000,15,0,21
34,R,2800,-2000,16,0,23
34,R,2800,-2000,17,0,23
34,R,2800,-2000,18,0,24
34,R,2800,-2000,19,0,25
34,R,2800,-2000,20,0,25
34,R,2800,-2000,21,0,26
34,R,2800,-2000,22,0,26
34,R,2800,-2000,23,0,28
34,R,2800,-2000,24,0,28
34,R,2800,-2000,25,0,27
34,R,2800,-2000,26,0,29
34,R,2800,-2000,27,0,28
34,R,2800,-2000,28,0,29
34,R,2800,-2000,29,0,30
34,R,2800,-2000,30,0,30
34,R,2800,-2000,31,0,30
34,R,2800,-2000,32,0,31
34,R,2800,-2000,33,0,31
34,R,2800,-2000,34,0,31
34,R,2800,-2000,35,0,32
34,R,2800,-2000,36,0,32
34,R,2800,-2000,37,0,32
34,R,2800,-2000,38,0,32
34,R,2800,-2000,39,0,32
34,R,2800,-2000,40,0,32
34,R,2800,-2000,41,0,33
34,R,2800,-2000,42,0,33
34,R,2800,-2000,43,0,33
34,R,2800,-2000,44,0,33
34,R,2800,-2000,45,0,33
34,R,2800,-2000,46,0,34
34,R,2800,-2000,47,0,33
34,R,2800,-2000,48,0,34
34,R,2800,-2000,49,0,34
34,R,2800,-2000,50,0,33
34,R,2800,-2000,51,0,34
34,R,2800,-2000,52,0,34
34,R,2800,-2000,53,0,34
34,R,2800,-2000,54,0,34
34,R,2800,-2000,55,0,35
34,R,2800,-2000,56,0,34
34,R,2800,-2000,57,0,34
34,R,2800,-2000,58,0,35
34,R,2800,-2000,59,0,34
34,R,2800,-2000,60,0,35
34,R,2800,-2000,61,0,35
34,R,2800,-2000,62,0,35
34,R,2800,-2000,63,0,35
34,R,2800,-2000,64,0,35
34,R,2800,-2000,65,0,36
34,R,2800,-2000,66,0,35
34,R,2800,-2000,67,0,35
34,R,2800,-2000,68,0,36
34,R,2800,-2000,69,0,35
34,R,2800,-2000,70,0,36
34,R,2800,-2000,71,0,36
34,R,2800,-2000,72,0,36
34,R,2800,-2000,73,0,35
34,R,2800,-2000,74,0,36
34,R,2800,-2000,75,0,36
34,R,2800,-2000,76,0,36
34,R,2800,-2000,77,0,37
34,R,2800,-2000,78,0,36
34,R,2800,-2000,79,0,36
34,R,2800,-2000,80,0,36
34,R,2800,-2000,81,0,36
34,R,2800,-2000,82,0,37
34,R,2800,-2000,83,0,37
34,R,2800,-2000,84,0,36
34,R,2800,-2000,85,0,38
34,R,2800,-2000,86,0,35
34,R,2800,-2000,87,0,37
34,R,2800,-2000,88,0,36
34,R,2800,-2000,89,0,37
34,R,2800,-2000,90,0,37
34,R,2800,-2000,91,0,37
34,R,2800,-2000,92,0,36
34,R,2800,-2000,93,0,37
34,R,2800,-2000,94,0,36
34,R,2800,-2000,95,0,38
34,R,2800,-2000,96,0,37
34,R,2800,-2000,97,0,36
34,R,2800,-2000,98,0,37
34,R,2800,-2000,99,0,37
34,R,2800,-2000,100,0,37
34,R,2800,-2000,101,0,37
34,R,2800,-2000,102,0,37
34,R,2800,-2000,103,0,37
34,R,2800,-2000,104,0,37
34,R,2800,-2000,105,0,37
34,R,2800,-2000,106,0,37
34,R,2800,-2000,107,0,38
34,R,2800,-2000,108,0,37
34,R,2800,-2000,109,0,37
34,R,2800,-2000,110,0,37
34,R,2800,-2000,111,0,38
34,R,2800,-2000,112,0,36
34,R,2800,-2000,113,0,37
34,R,2800,-2000,114,0,38
34,R,2800,-2000,115,0,37
34,R,2800,-2000,116,0,37
34,R,2800,-2000,117,0,38
34,R,2800,-2000,118,0,37
34,R,2800,-2000,119,0,37
34,R,2800,-2000,120,0,37
34,R,2800,-2000,121,0,38
34,R,2800,-2000,122,0,36
34,R,2800,-2000,123,0,37
34,R,2800,-2000,124,0,37
34,R,2800,-2000,125,0,37
34,R,2800,-2000,126,0,37
34,R,2800,-2000,127,0,38
34,R,2800,-2000,128,0,37
34,R,2800,-2000,129,0,37
34,R,2800,-2000,130,0,38
34,R,2800,-2000,131,0,37
34,R,2800,-2000,132,0,37
34,R,2800,-2000,133,0,38
34,R,2800,-2000,134,0,37
34,R,2800,-2000,135,0,37
34,R,2800,-2000,136,0,38
34,R,2800,-2000,137,0,37
34,R,2800,-2000,138,0,37
34,R,2800,-2000,139,0,38
34,R,2800,-2000,140,0,37
34,R,2800,-2000,141,0,37
34,R,2800,-2000,142,0,38
34,R,2800,-2000,143,0,37
34,R,2800,-2000,144,0,37
34,R,2800,-2000,145,0,38
34,R,2800,-2000,146,0,38
34,R,2800,-2000,147,0,36
34,R,2800,-2000,148,0,38
34,R,2800,-2000,149,0,37
34,R,2800,-2000,150,0,38
34,R,2800,-2000,151,0,38
34,R,2800,-2000,152,0,37
34,R,2800,-2000,153,0,37
34,R,2800,-2000,154,0,38
34,R,2800,-2000,155,0,37
34,R,2800,-2000,156,0,38
34,R,2800,-2000,157,0,37
34,R,2800,-2000,158,0,37
34,R,2800,-2000,159,0,38
34,R,2800,-2000,160,0,37
34,R,2800,-2000,161,0,37
34,R,2800,-2000,162,0,38
34,R,2800,-2000,163,0,37
34,R,2800,-2000,164,0,38
34,R,2800,-2000,165,0,38
34,R,2800,-2000,166,0,37
34,R,2800,-2000,167,0,37
34,R,2800,-2000,168,0,38
34,R,2800,-2000,169,0,37
34,R,2800,-2000,170,0,38
34,R,2800,-2000,171,0,37
34,R,2800,-2000,172,0,37
34,R,2800,-2000,173,0,38
34,R,2800,-2000,174,0,37
34,R,2800,-2000,175,0,38
34,R,2800,-2000,176,0,37
34,R,2800,-2000,177,0,38
34,R,2800,-2000,178,0,37
34,R,2800,-2000,179,0,38
34,R,2800,-2000,180,0,37
34,R,2800,-2000,181,0,38
34,R,2800,-2000,182,0,37
34,R,2800,-2000,183,0,37
34,R,2800,-2000,184,0,38
34,R,2800,-2000,185,0,37
34,R,2800,-2000,186,0,37
34,R,2800,-2000,187,0,38
34,R,2800,-2000,188,0,37
34,R,2800,-2000,189,0,37
34,R,2800,-2000,190,0,38
34,R,2800,-2000,191,0,38
34,R,2800,-2000,192,0,38
34,R,2800,-2000,193,0,37
34,R,2800,-2000,194,0,37
34,R,2800,-2000,195,0,38
34,R,2800,-2000,196,0,37
34,R,2800,-2000,197,0,37
34,R,2800,-2000,198,0,38
34,R,2800,-2000,199,0,37
34,R,2800,-2000,200,0,37
34,R,2800,-2000,201,0,38
34,R,2800,-2000,202,0,34
34,R,2800,-2000,203,0,32
34,R,2800,-2000,204,0,31
34,R,2800,-2000,205,0,27
34,R,2800,-2000,206,0,26
34,R,2800,-2000,207,0,24
34,R,2800,-2000,208,0,22
34,R,2800,-2000,209,0,19
34,R,2800,-2000,210,0,18
34,R,2800,-2000,211,0,16
34,R,2800,-2000,212,0,14
34,R,2800,-2000,213,0,13
34,R,2800,-2000,214,0,10
34,R,2800,-2000,215,0,9
34,R,2800,-2000,216,0,7
34,R,2800,-2000,217,0,7
34,R,2800,-2000,218,0,4
34,R,2800,-2000,219,0,3
34,R,2800,-2000,220,0,1
34,R,2800,-2000,221,0,1
34,R,2800,-2000,222,0,0
34,R,2800,-2000,223,0,-1
34,R,2800,-2000,224,0,-3
34,R,2800,-2000,225,0,-3
34,R,2800,-2000,226,0,-4
34,R,2800,-2000,227,0,-5
34,R,2800,-2000,228,0,-5
34,R,2800,-2000,229,0,-5
34,R,2800,-2000,230,0,-7
34,R,2800,-2000,231,0,-7
34,R,2800,-2000,232,0,-8
34,R,2800,-2000,233,0,-8
34,R,2800,-2000,234,0,-8
34,R,2800,-2000,235,0,-9
34,R,2800,-2000,236,0,-8
34,R,2800,-2000,237,0,-10
34,R,2800,-2000,238,0,-10
34,R,2800,-2000,239,0,-10
34,R,2800,-2000,240,0,-10
34,R,2800,-2000,241,0,-11
34,R,2800,-2000,242,0,-10
34,R,2800,-2000,243,0,-11
34,R,2800,-2000,244,0,-12
34,R,2800,-2000,245,0,-12
34,R,2800,-2000,246,0,-11
34,R,2800,-2000,247,0,-12
34,R,2800,-2000,248,0,-12
34,R,2800,-2000,249,0,-13
34,R,2800,-2000,250,0,-12
34,R,2800,-2000,251,0,-12
34,R,2800,-2000,252,0,-13
34,R,2800,-2000,253,0,-13
34,R,2800,-2000,254,0,-13
34,R,2800,-2000,255,0,-13
34,R,2800,-2000,256,0,-13
34,R,2800,-2000,257,0,-14
34,R,2800,-2000,258,0,-13
34,R,2800,-2000,259,0,-14
34,R,2800,-2000,260,0,-13
34,R,2800,-2000,261,0,-14
34,R,2800,-2000,262,0,-14
34,R,2800,-2000,263,0,-14
34,R,2800,-2000,264,0,-14
34,R,2800,-2000,265,0,-14
34,R,2800,-2000,266,0,-14
34,R,2800,-2000,267,0,-14
34,R,2800,-2000,268,0,-15
34,R,2800,-2000,269,0,-15
34,R,2800,-2000,270,0,-14
34,R,2800,-2000,271,0,-14
34,R,2800,-2000,272,0,-15
34,R,2800,-2000,273,0,-14
34,R,2800,-2000,274,0,-15
34,R,2800,-2000,275,0,-15
34,R,2800,-2000,276,0,-15
34,R,2800,-2000,277,0,-15
34,R,2800,-2000,278,0,-15
34,R,2800,-2000,279,0,-14
34,R,2800,-2000,280,0,-15
34,R,2800,-2000,281,0,-16
34,R,2800,-2000,282,0,-15
34,R,2800,-2000,283,0,-15
34,R,2800,-2000,284,0,-15
34,R,2800,-2000,285,0,-15
34,R,2800,-2000,286,0,-15
34,R,2800,-2000,287,0,-16
34,R,2800,-2000,288,0,-15
34,R,2800,-2000,289,0,-15
34,R,2800,-2000,290,0,-15
34,R,2800,-2000,291,0,-16
34,R,2800,-2000,292,0,-16
34,R,2800,-2000,293,0,-15
34,R,2800,-2000,294,0,-16
34,R,2800,-2000,295,0,-15
34,R,2800,-2000,296,0,-15
34,R,2800,-2000,297,0,-16
34,R,2800,-2000,298,0,-15
34,R,2800,-2000,299,0,-16
34,R,2800,-2000,300,0,-16
34,R,2800,-2000,301,0,-16
34,R,2800,-2000,302,0,-15
34,R,2800,-2000,303,0,-16
34,R,2800,-2000,304,0,-16
34,R,2800,-2000,305,0,-16
34,R,2800,-2000,306,0,-16
34,R,2800,-2000,307,0,-15
34,R,2800,-2000,308,0,-16
34,R,2800,-2000,309,0,-16
34,R,2800,-2000,310,0,-15
34,R,2800,-2000,311,0,-16
34,R,2800,-2000,312,0,-16
34,R,2800,-2000,313,0,-16
34,R,2800,-2000,314,0,-16
34,R,2800,-2000,315,0,-16
34,R,2800,-2000,316,0,-16
34,R,2800,-2000,317,0,-16
34,R,2800,-2000,318,0,-16
34,R,2800,-2000,319,0,-16
34,R,2800,-2000,320,0,-16
34,R,2800,-2000,321,0,-16
34,R,2800,-2000,322,0,-16
34,R,2800,-2000,323,0,-16
34,R,2800,-2000,324,0,-16
34,R,2800,-2000,325,0,-16
34,R,2800,-2000,326,0,-16
34,R,2800,-2000,327,0,-16
34,R,2800,-2000,328,0,-17
34,R,2800,-2000,329,0,-17
34,R,2800,-2000,330,0,-15
34,R,2800,-2000,331,0,-16
34,R,2800,-2000,332,0,-17
34,R,2800,-2000,333,0,-16
34,R,2800,-2000,334,0,-16
34,R,2800,-2000,335,0,-16
34,R,2800,-2000,336,0,-16
34,R,2800,-2000,337,0,-16
34,R,2800,-2000,338,0,-17
34,R,2800,-2000,339,0,-16
34,R,2800,-2000,340,0,-16
34,R,2800,-2000,341,0,-16
34,R,2800,-2000,342,0,-16
34,R,2800,-2000,343,0,-16
34,R,2800,-2000,344,0,-17
34,R,2800,-2000,345,0,-16
34,R,2800,-2000,346,0,-16
34,R,2800,-2000,347,0,-17
34,R,2800,-2000,348,0,-16
34,R,2800,-2000,349,0,-16
34,R,2800,-2000,350,0,-17
34,R,2800,-2000,351,0,-16
34,R,2800,-2000,352,0,-16
34,R,2800,-2000,353,0,-17
34,R,2800,-2000,354,0,-16
34,R,2800,-2000,355,0,-16
34,R,2800,-2000,356,0,-16
34,R,2800,-2000,357,0,-16
34,R,2800,-2000,358,0,-17
34,R,2800,-2000,359,0,-16
34,R,2800,-2000,360,0,-17
34,R,2800,-2000,361,0,-16
34,R,2800,-2000,362,0,-16
34,R,2800,-2000,363,0,-17
34,R,2800,-2000,364,0,-16
34,R,2800,-2000,365,0,-16
34,R,2800,-2000,366,0,-17
34,R,2800,-2000,367,0,-16
34,R,2800,-2000,368,0,-16
34,R,2800,-2000,369,0,-16
34,R,2800,-2000,370,0,-17
34,R,2800,-2000,371,0,-16
34,R,2800,-2000,372,0,-17
34,R,2800,-2000,373,0,-16
34,R,2800,-2000,374,0,-17
34,R,2800,-2000,375,0,-16
34,R,2800,-2000,376,0,-16
34,R,2800,-2000,377,0,-17
34,R,2800,-2000,378,0,-16
34,R,2800,-2000,379,0,-16
34,R,2800,-2000,380,0,-16
34,R,2800,-2000,381,0,-17
34,R,2800,-2000,382,0,-16
34,R,2800,-2000,383,0,-17
34,R,2800,-2000,384,0,-17
34,R,2800,-2000,385,0,-16
34,R,2800,-2000,386,0,-16
34,R,2800,-2000,387,0,-17
34,R,2800,-2000,388,0,-16
34,R,2800,-2000,389,0,-16
34,R,2800,-2000,390,0,-17
34,R,2800,-2000,391,0,-16
34,R,2800,-2000,392,0,-16
34,R,2800,-2000,393,0,-17
34,R,2800,-2000,394,0,-17
34,R,2800,-2000,395,0,-16
34,R,2800,-2000,396,0,-17
34,R,2800,-2000,397,0,-16
34,R,2800,-2000,398,0,-16
34,R,2800,-2000,399,0,-16
34,R,2800,-2000,400,0,-17
34,R,2800,-2000,401,0,-16
34,R,2800,-2000,402,0,-16
34,R,2800,-2000,403,0,-17
34,R,2800,-2000,404,0,-16
34,R,2800,-2000,405,0,-15
34,R,2800,-2000,406,0,-16
34,R,2800,-2000,407,0,-16
34,R,2800,-2000,408,0,-15
34,R,2800,-2000,409,0,-16
34,R,2800,-2000,410,0,-16
34,R,2800,-2000,411,0,-15
34,R,2800,-2000,412,0,-15
34,R,2800,-2000,413,0,-14
34,R,2800,-2000,414,0,-16
34,R,2800,-2000,415,0,-15
34,R,2800,-2000,416,0,-14
34,R,2800,-2000,417,0,-15
34,R,2800,-2000,418,0,-14
34,R,2800,-2000,419,0,-14
34,R,2800,-2000,420,0,-15
34,R,2800,-2000,421,0,-13
34,R,2800,-2000,422,0,-15
34,R,2800,-2000,423,0,-13
34,R,2800,-2000,424,0,-14
34,R,2800,-2000,425,0,-14
34,R,2800,-2000,426,0,-13
34,R,2800,-2000,427,0,-14
34,R,2800,-2000,428,0,-13
34,R,2800,-2000,429,0,-13
34,R,2800,-2000,430,0,-14
34,R,2800,-2000,431,0,-13
34,R,2800,-2000,432,0,-12
34,R,2800,-2000,433,0,-13
34,R,2800,-2000,434,0,-13
34,R,2800,-2000,435,0,-13
34,R,2800,-2000,436,0,-12
34,R,2800,-2000,437,0,-13
34,R,2800,-2000,438,0,-12
34,R,2800,-2000,439,0,-12
34,R,2800,-2000,440,0,-12
34,R,2800,-2000,441,0,-12
34,R,2800,-2000,442,0,-12
34,R,2800,-2000,443,0,-12
34,R,2800,-2000,444,0,-11
34,R,2800,-2000,445,0,-12
34,R,2800,-2000,446,0,-11
34,R,2800,-2000,447,0,-11
34,R,2800,-2000,448,0,-11
34,R,2800,-2000,449,0,-12
34,R,2800,-2000,450,0,-11
34,R,2800,-2000,451,0,-12
34,R,2800,-2000,452,0,-9
34,R,2800,-2000,453,0,-12
34,R,2800,-2000,454,0,-11
34,R,2800,-2000,455,0,-10
34,R,2800,-2000,456,0,-10
34,R,2800,-2000,457,0,-11
34,R,2800,-2000,458,0,-10
34,R,2800,-2000,459,0,-10
34,R,2800,-2000,460,0,-10
34,R,2800,-2000,461,0,-10
34,R,2800,-2000,462,0,-10
34,R,2800,-2000,463,0,-10
34,R,2800,-2000,464,0,-10
34,R,2800,-2000,465,0,-9
34,R,2800,-2000,466,0,-10
34,R,2800,-2000,467,0,-9
34,R,2800,-2000,468,0,-10
34,R,2800,-2000,469,0,-9
34,R,2800,-2000,470,0,-9
34,R,2800,-2000,471,0,-9
34,R,2800,-2000,472,0,-10
34,R,2800,-2000,473,0,-8
34,R,2800,-2000,474,0,-9
34,R,2800,-2000,475,0,-8
34,R,2800,-2000,476,0,-9
34,R,2800,-2000,477,0,-9
34,R,2800,-2000,478,0,-9
34,R,2800,-2000,479,0,-8
34,R,2800,-2000,480,0,-8
34,R,2800,-2000,481,0,-9
34,R,2800,-2000,482,0,-8
34,R,2800,-2000,483,0,-8
34,R,2800,-2000,484,0,-8
34,R,2800,-2000,485,0,-7
34,R,2800,-2000,486,0,-8
34,R,2800,-2000,487,0,-8
34,R,2800,-2000,488,0,-8
34,R,2800,-2000,489,0,-7
34,R,2800,-2000,490,0,-7
34,R,2800,-2000,491,0,-7
34,R,2800,-2000,492,0,-8
34,R,2800,-2000,493,0,-8
34,R,2800,-2000,494,0,-7
34,R,2800,-2000,495,0,-6
34,R,2800,-2000,496,0,-7
34,R,2800,-2000,497,0,-8
34,R,2800,-2000,498,0,-6
34,R,2800,-2000,499,0,-7
35,R,2800,-2800,0,0,0
35,R,2800,-2800,1,0,0
35,R,2800,-2800,2,0,2
35,R,2800,-2800,3,0,5
35,R,2800,-2800,4,0,6
35,R,2800,-2800,5,0,9
35,R,2800,-2800,6,0,11
35,R,2800,-2800,7,0,11
35,R,2800,-2800,8,0,13
35,R,2800,-2800,9,0,16
35,R,2800,-2800,10,0,16
35,R,2800,-2800,11,0,17
35,R,2800,-2800,12,0,18
35,R,2800,-2800,13,0,20
35,R,2800,-2800,14,0,21
35,R,2800,-2800,15,0,21
35,R,2800,-2800,16,0,22
35,R,2800,-2800,17,0,23
35,R,2800,-2800,18,0,24
35,R,2800,-2800,19,0,24
35,R,2800,-2800,20,0,25
35,R,2800,-2800,21,0,26
35,R,2800,-2800,22,0,27
35,R,2800,-2800,23,0,27
35,R,2800,-2800,24,0,28
35,R,2800,-2800,25,0,28
35,R,2800,-2800,26,0,28
35,R,2800,-2800,27,0,29
35,R,2800,-2800,28,0,29
35,R,2800,-2800,29,0,30
35,R,2800,-2800,30,0,29
35,R,2800,-2800,31,0,31
35,R,2800,-2800,32,0,31
35,R,2800,-2800,33,0,30
35,R,2800,-2800,34,0,32
35,R,2800,-2800,35,0,31
35,R,2800,-2800,36,0,32
35,R,2800,-2800,37,0,33
35,R,2800,-2800,38,0,31
35,R,2800,-2800,39,0,32
35,R,2800,-2800,40,0,33
35,R,2800,-2800,41,0,33
35,R,2800,-2800,42,0,33
35,R,2800,-2800,43,0,33
35,R,2800,-2800,44,0,33
35,R,2800,-2800,45,0,33
35,R,2800,-2800,46,0,34
35,R,2800,-2800,47,0,33
35,R,2800,-2800,48,0,34
35,R,2800,-2800,49,0,33
35,R,2800,-2800,50,0,35
35,R,2800,-2800,51,0,33
35,R,2800,-2800,52,0,35
35,R,2800,-2800,53,0,34
35,R,2800,-2800,54,0,34
35,R,2800,-2800,55,0,34
35,R,2800,-2800,56,0,35
35,R,2800,-2800,57,0,34
35,R,2800,-2800,58,0,35
35,R,2800,-2800,59,0,35
35,R,2800,-2800,60,0,35
35,R,2800,-2800,61,0,35
35,R,2800,-2800,62,0,35
35,R,2800,-2800,63,0,35
35,R,2800,-2800,64,0,36
35,R,2800,-2800,65,0,35
35,R,2800,-2800,66,0,36
35,R,2800,-2800,67,0,35
35,R,2800,-2800,68,0,35
35,R,2800,-2800,69,0,36
35,R,2800,-2800,70,0,36
35,R,2800,-2800,71,0,36
35,R,2800,-2800,72,0,36
35,R,2800,-2800,73,0,36
35,R,2800,-2800,74,0,36
35,R,2800,-2800,75,0,36
35,R,2800,-2800,76,0,36
35,R,2800,-2800,77,0,36
35,R,2800,-2800,78,0,36
35,R,2800,-2800,79,0,37
35,R,2800,-2800,80,0,36
35,R,2800,-2800,81,0,37
35,R,2800,-2800,82,0,36
35,R,2800,-2800,83,0,37
35,R,2800,-2800,84,0,36
35,R,2800,-2800,85,0,36
35,R,2800,-2800,86,0,37
35,R,2800,-2800,87,0,36
35,R,2800,-2800,88,0,37
35,R,2800,-2800,89,0,37
35,R,2800,-2800,90,0,36
35,R,2800,-2800,91,0,37
35,R,2800,-2800,92,0,37
35,R,2800,-2800,93,0,37
35,R,2800,-2800,94,0,37
35,R,2800,-2800,95,0,37
35,R,2800,-2800,96,0,36
35,R,2800,-2800,97,0,37
35,R,2800,-2800,98,0,39
35,R,2800,-2800,99,0,35
35,R,2800,-2800,100,0,37
35,R,2800,-2800,101,0,37
35,R,2800,-2800,102,0,37
35,R,2800,-2800,103,0,37
35,R,2800,-2800,104,0,37
35,R,2800,-2800,105,0,37
35,R,2800,-2800,106,0,37
35,R,2800,-2800,107,0,38
35,R,2800,-2800,108,0,36
35,R,2800,-2800,109,0,38
35,R,2800,-2800,110,0,37
35,R,2800,-2800,111,0,37
35,R,2800,-2800,112,0,37
35,R,2800,-2800,113,0,38
35,R,2800,-2800,114,0,37
35,R,2800,-2800,115,0,37
35,R,2800,-2800,116,0,38
35,R,2800,-2800,117,0,37
35,R,2800,-2800,118,0,37
35,R,2800,-2800,119,0,38
35,R,2800,-2800,120,0,37
35,R,2800,-2800,121,0,37
35,R,2800,-2800,122,0,38
35,R,2800,-2800,123,0,37
35,R,2800,-2800,124,0,38
35,R,2800,-2800,125,0,38
35,R,2800,-2800,126,0,37
35,R,2800,-2800,127,0,38
35,R,2800,-2800,128,0,37
35,R,2800,-2800,129,0,37
35,R,2800,-2800,130,0,38
35,R,2800,-2800,131,0,38
35,R,2800,-2800,132,0,38
35,R,2800,-2800,133,0,37
35,R,2800,-2800,134,0,37
35,R,2800,-2800,135,0,38
35,R,2800,-2800,136,0,37
35,R,2800,-2800,137,0,37
35,R,2800,-2800,138,0,38
35,R,2800,-2800,139,0,37
35,R,2800,-2800,140,0,38
35,R,2800,-2800,141,0,38
35,R,2800,-2800,142,0,37
35,R,2800,-2800,143,0,37
35,R,2800,-2800,144,0,38
35,R,2800,-2800,145,0,37
35,R,2800,-2800,146,0,38
35,R,2800,-2800,147,0,37
35,R,2800,-2800,148,0,37
35,R,2800,-2800,149,0,38
35,R,2800,-2800,150,0,38
35,R,2800,-2800,151,0,38
35,R,2800,-2800,152,0,37
35,R,2800,-2800,153,0,37
35,R,2800,-2800,154,0,38
35,R,2800,-2800,155,0,37
35,R,2800,-2800,156,0,38
35,R,2800,-2800,157,0,38
35,R,2800,-2800,158,0,37
35,R,2800,-2800,159,0,39
35,R,2800,-2800,160,0,37
35,R,2800,-2800,161,0,38
35,R,2800,-2800,162,0,37
35,R,2800,-2800,163,0,38
35,R,2800,-2800,164,0,38
35,R,2800,-2800,165,0,37
35,R,2800,-2800,166,0,39
35,R,2800,-2800,167,0,37
35,R,2800,-2800,168,0,38
35,R,2800,-2800,169,0,37
35,R,2800,-2800,170,0,38
35,R,2800,-2800,171,0,38
35,R,2800,-2800,172,0,37
35,R,2800,-2800,173,0,39
35,R,2800,-2800,174,0,37
35,R,2800,-2800,175,0,38
35,R,2800,-2800,176,0,37
35,R,2800,-2800,177,0,38
35,R,2800,-2800,178,0,38
35,R,2800,-2800,179,0,37
35,R,2800,-2800,180,0,39
35,R,2800,-2800,181,0,37
35,R,2800,-2800,182,0,38
35,R,2800,-2800,183,0,37
35,R,2800,-2800,184,0,38
35,R,2800,-2800,185,0,38
35,R,2800,-2800,186,0,37
35,R,2800,-2800,187,0,39
35,R,2800,-2800,188,0,37
35,R,2800,-2800,189,0,38
35,R,2800,-2800,190,0,38
35,R,2800,-2800,191,0,38
35,R,2800,-2800,192,0,37
35,R,2800,-2800,193,0,38
35,R,2800,-2800,194,0,38
35,R,2800,-2800,195,0,38
35,R,2800,-2800,196,0,38
35,R,2800,-2800,197,0,37
35,R,2800,-2800,198,0,39
35,R,2800,-2800,199,0,37
35,R,2800,-2800,200,0,38
35,R,2800,-2800,201,0,37
35,R,2800,-2800,202,0,34
35,R,2800,-2800,203,0,31
35,R,2800,-2800,204,0,28
35,R,2800,-2800,205,0,26
35,R,2800,-2800,206,0,22
35,R,2800,-2800,207,0,20
35,R,2800,-2800,208,0,17
35,R,2800,-2800,209,0,14
35,R,2800,-2800,210,0,12
35,R,2800,-2800,211,0,9
35,R,2800,-2800,212,0,6
35,R,2800,-2800,213,0,4
35,R,2800,-2800,214,0,1
35,R,2800,-2800,215,0,-2
35,R,2800,-2800,216,0,-4
35,R,2800,-2800,217,0,-6
35,R,2800,-2800,218,0,-8
35,R,2800,-2800,219,0,-11
35,R,2800,-2800,220,0,-12
35,R,2800,-2800,221,0,-13
35,R,2800,-2800,222,0,-15
35,R,2800,-2800,223,0,-17
35,R,2800,-2800,224,0,-17
35,R,2800,-2800,225,0,-19
35,R,2800,-2800,226,0,-20
35,R,2800,-2800,227,0,-22
35,R,2800,-2800,228,0,-22
35,R,2800,-2800,229,0,-23
35,R,2800,-2800,230,0,-24
35,R,2800,-2800,231,0,-24
35,R,2800,-2800,232,0,-25
35,R,2800,-2800,233,0,-27
35,R,2800,-2800,234,0,-26
35,R,2800,-2800,235,0,-27
35,R,2800,-2800,236,0,-28
35,R,2800,-2800,237,0,-28
35,R,2800,-2800,238,0,-29
35,R,2800,-2800,239,0,-30
35,R,2800,-2800,240,0,-29
35,R,2800,-2800,241,0,-30
35,R,2800,-2800,242,0,-30
35,R,2800,-2800,243,0,-31
35,R,2800,-2800,244,0,-31
35,R,2800,-2800,245,0,-31
35,R,2800,-2800,246,0,-32
35,R,2800,-2800,247,0,-32
35,R,2800,-2800,248,0,-32
35,R,2800,-2800,249,0,-32
35,R,2800,-2800,250,0,-33
35,R,2800,-2800,251,0,-33
35,R,2800,-2800,252,0,-33
35,R,2800,-2800,253,0,-32
35,R,2800,-2800,254,0,-34
35,R,2800,-2800,255,0,-33
35,R,2800,-2800,256,0,-33
35,R,2800,-2800,257,0,-35
35,R,2800,-2800,258,0,-33
35,R,2800,-2800,259,0,-35
35,R,2800,-2800,260,0,-33
35,R,2800,-2800,261,0,-35
35,R,2800,-2800,262,0,-34
35,R,2800,-2800,263,0,-34
35,R,2800,-2800,264,0,-35
35,R,2800,-2800,265,0,-34
35,R,2800,-2800,266,0,-35
35,R,2800,-2800,267,0,-35
35,R,2800,-2800,268,0,-34
35,R,2800,-2800,269,0,-36
35,R,2800,-2800,270,0,-34
35,R,2800,-2800,271,0,-35
35,R,2800,-2800,272,0,-35
35,R,2800,-2800,273,0,-36
35,R,2800,-2800,274,0,-35
35,R,2800,-2800,275,0,-35
35,R,2800,-2800,276,0,-35
35,R,2800,-2800,277,0,-35
35,R,2800,-2800,278,0,-36
35,R,2800,-2800,279,0,-35
35,R,2800,-2800,280,0,-36
35,R,2800,-2800,281,0,-36
35,R,2800,-2800,282,0,-34
35,R,2800,-2800,283,0,-36
35,R,2800,-2800,284,0,-35
35,R,2800,-2800,285,0,-36
35,R,2800,-2800,286,0,-36
35,R,2800,-2800,287,0,-36
35,R,2800,-2800,288,0,-35
35,R,2800,-2800,289,0,-36
35,R,2800,-2800,290,0,-36
35,R,2800,-2800,291,0,-36
35,R,2800,-2800,292,0,-36
35,R,2800,-2800,293,0,-35
35,R,2800,-2800,294,0,-36
35,R,2800,-2800,295,0,-36
35,R,2800,-2800,296,0,-36
35,R,2800,-2800,297,0,-35
35,R,2800,-2800,298,0,-36
35,R,2800,-2800,299,0,-36
35,R,2800,-2800,300,0,-36
35,R,2800,-2800,301,0,-36
35,R,2800,-2800,302,0,-36
35,R,2800,-2800,303,0,-36
35,R,2800,-2800,304,0,-37
35,R,2800,-2800,305,0,-36
35,R,2800,-2800,306,0,-36
35,R,2800,-2800,307,0,-36
35,R,2800,-2800,308,0,-37
35,R,2800,-2800,309,0,-36
35,R,2800,-2800,310,0,-36
35,R,2800,-2800,311,0,-37
35,R,2800,-2800,312,0,-36
35,R,2800,-2800,313,0,-36
35,R,2800,-2800,314,0,-36
35,R,2800,-2800,315,0,-37
35,R,2800,-2800,316,0,-37
35,R,2800,-2800,317,0,-37
35,R,2800,-2800,318,0,-36
35,R,2800,-2800,319,0,-36
35,R,2800,-2800,320,0,-37
35,R,2800,-2800,321,0,-36
35,R,2800,-2800,322,0,-37
35,R,2800,-2800,323,0,-37
35,R,2800,-2800,324,0,-37
35,R,2800,-2800,325,0,-36
35,R,2800,-2800,326,0,-37
35,R,2800,-2800,327,0,-37
35,R,2800,-2800,328,0,-36
35,R,2800,-2800,329,0,-38
35,R,2800,-2800,330,0,-36
35,R,2800,-2800,331,0,-37
35,R,2800,-2800,332,0,-37
35,R,2800,-2800,333,0,-37
35,R,2800,-2800,334,0,-37
35,R,2800,-2800,335,0,-37
35,R,2800,-2800,336,0,-36
35,R,2800,-2800,337,0,-38
35,R,2800,-2800,338,0,-37
35,R,2800,-2800,339,0,-37
35,R,2800,-2800,340,0,-37
35,R,2800,-2800,341,0,-37
35,R,2800,-2800,342,0,-38
35,R,2800,-2800,343,0,-36
35,R,2800,-2800,344,0,-38
35,R,2800,-2800,345,0,-37
35,R,2800,-2800,346,0,-37
35,R,2800,-2800,347,0,-37
35,R,2800,-2800,348,0,-38
35,R,2800,-2800,349,0,-37
35,R,2800,-2800,350,0,-37
35,R,2800,-2800,351,0,-38
35,R,2800,-2800,352,0,-37
35,R,2800,-2800,353,0,-38
35,R,2800,-2800,354,0,-37
35,R,2800,-2800,355,0,-37
35,R,2800,-2800,356,0,-38
35,R,2800,-2800,357,0,-38
35,R,2800,-2800,358,0,-37
35,R,2800,-2800,359,0,-38
35,R,2800,-2800,360,0,-37
35,R,2800,-2800,361,0,-37
35,R,2800,-2800,362,0,-38
35,R,2800,-2800,363,0,-37
35,R,2800,-2800,364,0,-38
35,R,2800,-2800,365,0,-38
35,R,2800,-2800,366,0,-37
35,R,2800,-2800,367,0,-38
35,R,2800,-2800,368,0,-37
35,R,2800,-2800,369,0,-38
35,R,2800,-2800,370,0,-38
35,R,2800,-2800,371,0,-37
35,R,2800,-2800,372,0,-38
35,R,2800,-2800,373,0,-38
35,R,2800,-2800,374,0,-38
35,R,2800,-2800,375,0,-37
35,R,2800,-2800,376,0,-38
35,R,2800,-2800,377,0,-38
35,R,2800,-2800,378,0,-37
35,R,2800,-2800,379,0,-38
35,R,2800,-2800,380,0,-38
35,R,2800,-2800,381,0,-38
35,R,2800,-2800,382,0,-37
35,R,2800,-2800,383,0,-39
35,R,2800,-2800,384,0,-37
35,R,2800,-2800,385,0,-38
35,R,2800,-2800,386,0,-38
35,R,2800,-2800,387,0,-37
35,R,2800,-2800,388,0,-39
35,R,2800,-2800,389,0,-37
35,R,2800,-2800,390,0,-38
35,R,2800,-2800,391,0,-38
35,R,2800,-2800,392,0,-38
35,R,2800,-2800,393,0,-38
35,R,2800,-2800,394,0,-38
35,R,2800,-2800,395,0,-38
35,R,2800,-2800,396,0,-38
35,R,2800,-2800,397,0,-37
35,R,2800,-2800,398,0,-39
35,R,2800,-2800,399,0,-37
35,R,2800,-2800,400,0,-39
35,R,2800,-2800,401,0,-37
35,R,2800,-2800,402,0,-38
35,R,2800,-2800,403,0,-38
35,R,2800,-2800,404,0,-36
35,R,2800,-2800,405,0,-38
35,R,2800,-2800,406,0,-37
35,R,2800,-2800,407,0,-37
35,R,2800,-2800,408,0,-36
35,R,2800,-2800,409,0,-37
35,R,2800,-2800,410,0,-36
35,R,2800,-2800,411,0,-36
35,R,2800,-2800,412,0,-36
35,R,2800,-2800,413,0,-36
35,R,2800,-2800,414,0,-35
35,R,2800,-2800,415,0,-36
35,R,2800,-2800,416,0,-35
35,R,2800,-2800,417,0,-36
35,R,2800,-2800,418,0,-34
35,R,2800,-2800,419,0,-35
35,R,2800,-2800,420,0,-35
35,R,2800,-2800,421,0,-34
35,R,2800,-2800,422,0,-34
35,R,2800,-2800,423,0,-34
35,R,2800,-2800,424,0,-34
35,R,2800,-2800,425,0,-34
35,R,2800,-2800,426,0,-34
35,R,2800,-2800,427,0,-33
35,R,2800,-2800,428,0,-33
35,R,2800,-2800,429,0,-34
35,R,2800,-2800,430,0,-32
35,R,2800,-2800,431,0,-33
35,R,2800,-2800,432,0,-33
35,R,2800,-2800,433,0,-32
35,R,2800,-2800,434,0,-32
35,R,2800,-2800,435,0,-32
35,R,2800,-2800,436,0,-32
35,R,2800,-2800,437,0,-32
35,R,2800,-2800,438,0,-32
35,R,2800,-2800,439,0,-31
35,R,2800,-2800,440,0,-32
35,R,2800,-2800,441,0,-31
35,R,2800,-2800,442,0,-31
35,R,2800,-2800,443,0,-30
35,R,2800,-2800,444,0,-31
35,R,2800,-2800,445,0,-31
35,R,2800,-2800,446,0,-30
35,R,2800,-2800,447,0,-31
35,R,2800,-2800,448,0,-29
35,R,2800,-2800,449,0,-31
35,R,2800,-2800,450,0,-29
35,R,2800,-2800,451,0,-30
35,R,2800,-2800,452,0,-30
35,R,2800,-2800,453,0,-29
35,R,2800,-2800,454,0,-29
35,R,2800,-2800,455,0,-29
35,R,2800,-2800,456,0,-29
35,R,2800,-2800,457,0,-28
35,R,2800,-2800,458,0,-29
35,R,2800,-2800,459,0,-29
35,R,2800,-2800,460,0,-28
35,R,2800,-2800,461,0,-28
35,R,2800,-2800,462,0,-28
35,R,2800,-2800,463,0,-28
35,R,2800,-2800,464,0,-29
35,R,2800,-2800,465,0,-26
35,R,2800,-2800,466,0,-27
35,R,2800,-2800,467,0,-28
35,R,2800,-2800,468,0,-27
35,R,2800,-2800,469,0,-27
35,R,2800,-2800,470,0,-26
35,R,2800,-2800,471,0,-27
35,R,2800,-2800,472,0,-26
35,R,2800,-2800,473,0,-27
35,R,2800,-2800,474,0,-27
35,R,2800,-2800,475,0,-25
35,R,2800,-2800,476,0,-27
35,R,2800,-2800,477,0,-25
35,R,2800,-2800,478,0,-26
35,R,2800,-2800,479,0,-26
35,R,2800,-2800,480,0,-24
35,R,2800,-2800,481,0,-26
35,R,2800,-2800,482,0,-25
35,R,2800,-2800,483,0,-25
35,R,2800,-2800,484,0,-25
35,R,2800,-2800,485,0,-24
35,R,2800,-2800,486,0,-25
35,R,2800,-2800,487,0,-25
35,R,2800,-2800,488,0,-24
35,R,2800,-2800,489,0,-24
35,R,2800,-2800,490,0,-24
35,R,2800,-2800,491,0,-24
35,R,2800,-2800,492,0,-24
35,R,2800,-2800,493,0,-23
35,R,2800,-2800,494,0,-24
35,R,2800,-2800,495,0,-23
35,R,2800,-2800,496,0,-23
35,R,2800,-2800,497,0,-24
35,R,2800,-2800,498,0,-23
35,R,2800,-2800,499,0,-22
36,R,2800,1800,0,0,0
36,R,2800,1800,1,0,1
36,R,2800,1800,2,0,2
36,R,2800,1800,3,0,5
36,R,2800,1800,4,0,7
36,R,2800,1800,5,0,9
36,R,2800,1800,6,0,10
36,R,2800,1800,7,0,12
36,R,2800,1800,8,0,14
36,R,2800,1800,9,0,14
36,R,2800,1800,10,0,16
36,R,2800,1800,11,0,19
36,R,2800,1800,12,0,18
36,R,2800,1800,13,0,20
36,R,2800,1800,14,0,21
36,R,2800,1800,15,0,22
36,R,2800,1800,16,0,23
36,R,2800,1800,17,0,23
36,R,2800,1800,18,0,24
36,R,2800,1800,19,0,25
36,R,2800,1800,20,0,26
36,R,2800,1800,21,0,26
36,R,2800,1800,22,0,27
36,R,2800,1800,23,0,27
36,R,2800,1800,24,0,28
36,R,2800,1800,25,0,29
36,R,2800,1800,26,0,28
36,R,2800,1800,27,0,29
36,R,2800,1800,28,0,30
36,R,2800,1800,29,0,30
36,R,2800,1800,30,0,30
36,R,2800,1800,31,0,30
36,R,2800,1800,32,0,32
36,R,2800,1800,33,0,31
36,R,2800,1800,34,0,32
36,R,2800,1800,35,0,31
36,R,2800,1800,36,0,32
36,R,2800,1800,37,0,33
36,R,2800,1800,38,0,32
36,R,2800,1800,39,0,33
36,R,2800,1800,40,0,32
36,R,2800,1800,41,0,33
36,R,2800,1800,42,0,34
36,R,2800,1800,43,0,33
36,R,2800,1800,44,0,33
36,R,2800,1800,45,0,34
36,R,2800,1800,46,0,35
36,R,2800,1800,47,0,33
36,R,2800,1800,48,0,34
36,R,2800,1800,49,0,34
36,R,2800,1800,50,0,34
36,R,2800,1800,51,0,35
36,R,2800,1800,52,0,35
36,R,2800,1800,53,0,34
36,R,2800,1800,54,0,35
36,R,2800,1800,55,0,36
36,R,2800,1800,56,0,35
36,R,2800,1800,57,0,35
36,R,2800,1800,58,0,35
36,R,2800,1800,59,0,35
36,R,2800,1800,60,0,36
36,R,2800,1800,61,0,36
36,R,2800,1800,62,0,36
36,R,2800,1800,63,0,35
36,R,2800,1800,64,0,36
36,R,2800,1800,65,0,36
36,R,2800,1800,66,0,36
36,R,2800,1800,67,0,36
36,R,2800,1800,68,0,36
36,R,2800,1800,69,0,36
36,R,2800,1800,70,0,36
36,R,2800,1800,71,0,37
36,R,2800,1800,72,0,36
36,R,2800,1800,73,0,36
36,R,2800,1800,74,0,37
36,R,2800,1800,75,0,36
36,R,2800,1800,76,0,36
36,R,2800,1800,77,0,37
36,R,2800,1800,78,0,37
36,R,2800,1800,79,0,37
36,R,2800,1800,80,0,36
36,R,2800,1800,81,0,37
36,R,2800,1800,82,0,37
36,R,2800,1800,83,0,37
36,R,2800,1800,84,0,37
36,R,2800,1800,85,0,36
36,R,2800,1800,86,0,37
36,R,2800,1800,87,0,37
36,R,2800,1800,88,0,38
36,R,2800,1800,89,0,36
36,R,2800,1800,90,0,37
36,R,2800,1800,91,0,38
36,R,2800,1800,92,0,37
36,R,2800,1800,93,0,37
36,R,2800,1800,94,0,37
36,R,2800,1800,95,0,38
36,R,2800,1800,96,0,37
36,R,2800,1800,97,0,37
36,R,2800,1800,98,0,38
36,R,2800,1800,99,0,37
36,R,2800,1800,100,0,37
36,R,2800,1800,101,0,38
36,R,2800,1800,102,0,37
36,R,2800,1800,103,0,38
36,R,2800,1800,104,0,37
36,R,2800,1800,105,0,37
36,R,2800,1800,106,0,39
36,R,2800,1800,107,0,38
36,R,2800,1800,108,0,37
36,R,2800,1800,109,0,37
36,R,2800,1800,110,0,38
36,R,2800,1800,111,0,38
36,R,2800,1800,112,0,37
36,R,2800,1800,113,0,38
36,R,2800,1800,114,0,38
36,R,2800,1800,115,0,38
36,R,2800,1800,116,0,37
36,R,2800,1800,117,0,38
36,R,2800,1800,118,0,38
36,R,2800,1800,119,0,38
36,R,2800,1800,120,0,38
36,R,2800,1800,121,0,37
36,R,2800,1800,122,0,39
36,R,2800,1800,123,0,37
36,R,2800,1800,124,0,39
36,R,2800,1800,125,0,37
36,R,2800,1800,126,0,39
36,R,2800,1800,127,0,37
36,R,2800,1800,128,0,39
36,R,2800,1800,129,0,37
36,R,2800,1800,130,0,39
36,R,2800,1800,131,0,37
36,R,2800,1800,132,0,39
36,R,2800,1800,133,0,37
36,R,2800,1800,134,0,39
36,R,2800,1800,135,0,38
36,R,2800,1800,136,0,38
36,R,2800,1800,137,0,38
36,R,2800,1800,138,0,38
36,R,2800,1800,139,0,39
36,R,2800,1800,140,0,37
36,R,2800,1800,141,0,39
36,R,2800,1800,142,0,38
36,R,2800,1800,143,0,38
36,R,2800,1800,144,0,38
36,R,2800,1800,145,0,39
36,R,2800,1800,146,0,37
36,R,2800,1800,147,0,39
36,R,2800,1800,148,0,38
36,R,2800,1800,149,0,38
36,R,2800,1800,150,0,39
36,R,2800,1800,151,0,38
36,R,2800,1800,152,0,38
36,R,2800,1800,153,0,38
36,R,2800,1800,154,0,39
36,R,2800,1800,155,0,38
36,R,2800,1800,156,0,38
36,R,2800,1800,157,0,39
36,R,2800,1800,158,0,38
36,R,2800,1800,159,0,38
36,R,2800,1800,160,0,38
36,R,2800,1800,161,0,39
36,R,2800,1800,162,0,38
36,R,2800,1800,163,0,38
36,R,2800,1800,164,0,39
36,R,2800,1800,165,0,38
36,R,2800,1800,166,0,38
36,R,2800,1800,167,0,38
36,R,2800,1800,168,0,40
36,R,2800,1800,169,0,37
36,R,2800,1800,170,0,38
36,R,2800,1800,171,0,39
36,R,2800,1800,172,0,38
36,R,2800,1800,173,0,38
36,R,2800,1800,174,0,38
36,R,2800,1800,175,0,39
36,R,2800,1800,176,0,38
36,R,2800,1800,177,0,39
36,R,2800,1800,178,0,38
36,R,2800,1800,179,0,38
36,R,2800,1800,180,0,39
36,R,2800,1800,181,0,38
36,R,2800,1800,182,0,38
36,R,2800,1800,183,0,39
36,R,2800,1800,184,0,38
36,R,2800,1800,185,0,39
36,R,2800,1800,186,0,38
36,R,2800,1800,187,0,38
36,R,2800,1800,188,0,39
36,R,2800,1800,189,0,38
36,R,2800,1800,190,0,39
36,R,2800,1800,191,0,38
36,R,2800,1800,192,0,39
36,R,2800,1800,193,0,38
36,R,2800,1800,194,0,38
36,R,2800,1800,195,0,39
36,R,2800,1800,196,0,39
36,R,2800,1800,197,0,38
36,R,2800,1800,198,0,39
36,R,2800,1800,199,0,38
36,R,2800,1800,200,0,38
36,R,2800,1800,201,0,39
36,R,2800,1800,202,0,38
36,R,2800,1800,203,0,38
36,R,2800,1800,204,0,38
36,R,2800,1800,205,0,38
36,R,2800,1800,206,0,37
36,R,2800,1800,207,0,37
36,R,2800,1800,208,0,38
36,R,2800,1800,209,0,37
36,R,2800,1800,210,0,37
36,R,2800,1800,211,0,37
36,R,2800,1800,212,0,37
36,R,2800,1800,213,0,36
36,R,2800,1800,214,0,36
36,R,2800,1800,215,0,37
36,R,2800,1800,216,0,36
36,R,2800,1800,217,0,35
36,R,2800,1800,218,0,36
36,R,2800,1800,219,0,36
36,R,2800,1800,220,0,35
36,R,2800,1800,221,0,35
36,R,2800,1800,222,0,35
36,R,2800,1800,223,0,35
36,R,2800,1800,224,0,34
36,R,2800,1800,225,0,35
36,R,2800,1800,226,0,35
36,R,2800,1800,227,0,34
36,R,2800,1800,228,0,34
36,R,2800,1800,229,0,35
36,R,2800,1800,230,0,33
36,R,2800,1800,231,0,33
36,R,2800,1800,232,0,34
36,R,2800,1800,233,0,34
36,R,2800,1800,234,0,33
36,R,2800,1800,235,0,33
36,R,2800,1800,236,0,33
36,R,2800,1800,237,0,33
36,R,2800,1800,238,0,32
36,R,2800,1800,239,0,33
36,R,2800,1800,240,0,32
36,R,2800,1800,241,0,32
36,R,2800,1800,242,0,32
36,R,2800,1800,243,0,32
36,R,2800,1800,244,0,32
36,R,2800,1800,245,0,32
36,R,2800,1800,246,0,31
36,R,2800,1800,247,0,32
36,R,2800,1800,248,0,31
36,R,2800,1800,249,0,31
36,R,2800,1800,250,0,31
36,R,2800,1800,251,0,31
36,R,2800,1800,252,0,31
36,R,2800,1800,253,0,30
36,R,2800,1800,254,0,31
36,R,2800,1800,255,0,30
36,R,2800,1800,256,0,30
36,R,2800,1800,257,0,30
36,R,2800,1800,258,0,30
36,R,2800,1800,259,0,30
36,R,2800,1800,260,0,30
36,R,2800,1800,261,0,29
36,R,2800,1800,262,0,30
36,R,2800,1800,263,0,29
36,R,2800,1800,264,0,29
36,R,2800,1800,265,0,29
36,R,2800,1800,266,0,29
36,R,2800,1800,267,0,29
36,R,2800,1800,268,0,28
36,R,2800,1800,269,0,29
36,R,2800,1800,270,0,28
36,R,2800,1800,271,0,28
36,R,2800,1800,272,0,28
36,R,2800,1800,273,0,29
36,R,2800,1800,274,0,27
36,R,2800,1800,275,0,28
36,R,2800,1800,276,0,28
36,R,2800,1800,277,0,27
36,R,2800,1800,278,0,28
36,R,2800,1800,279,0,27
36,R,2800,1800,280,0,28
36,R,2800,1800,281,0,26
36,R,2800,1800,282,0,27
36,R,2800,1800,283,0,27
36,R,2800,1800,284,0,27
36,R,2800,1800,285,0,26
36,R,2800,1800,286,0,27
36,R,2800,1800,287,0,26
36,R,2800,1800,288,0,27
36,R,2800,1800,289,0,25
36,R,2800,1800,290,0,27
36,R,2800,1800,291,0,25
36,R,2800,1800,292,0,26
36,R,2800,1800,293,0,25
36,R,2800,1800,294,0,26
36,R,2800,1800,295,0,26
36,R,2800,1800,296,0,25
36,R,2800,1800,297,0,25
36,R,2800,1800,298,0,25
36,R,2800,1800,299,0,25
36,R,2800,1800,300,0,25
36,R,2800,1800,301,0,24
36,R,2800,1800,302,0,25
36,R,2800,1800,303,0,25
36,R,2800,1800,304,0,24
36,R,2800,1800,305,0,25
36,R,2800,1800,306,0,24
36,R,2800,1800,307,0,24
36,R,2800,1800,308,0,24
36,R,2800,1800,309,0,24
36,R,2800,1800,310,0,24
36,R,2800,1800,311,0,23
36,R,2800,1800,312,0,24
36,R,2800,1800,313,0,23
36,R,2800,1800,314,0,23
36,R,2800,1800,315,0,24
36,R,2800,1800,316,0,23
36,R,2800,1800,317,0,23
36,R,2800,1800,318,0,23
36,R,2800,1800,319,0,23
36,R,2800,1800,320,0,23
36,R,2800,1800,321,0,23
36,R,2800,1800,322,0,22
36,R,2800,1800,323,0,23
36,R,2800,1800,324,0,22
36,R,2800,1800,325,0,22
36,R,2800,1800,326,0,22
36,R,2800,1800,327,0,22
36,R,2800,1800,328,0,23
36,R,2800,1800,329,0,21
36,R,2800,1800,330,0,22
36,R,2800,1800,331,0,22
36,R,2800,1800,332,0,21
36,R,2800,1800,333,0,22
36,R,2800,1800,334,0,21
36,R,2800,1800,335,0,21
36,R,2800,1800,336,0,22
36,R,2800,1800,337,0,21
36,R,2800,1800,338,0,21
36,R,2800,1800,339,0,21
36,R,2800,1800,340,0,21
36,R,2800,1800,341,0,21
36,R,2800,1800,342,0,20
36,R,2800,1800,343,0,21
36,R,2800,1800,344,0,20
36,R,2800,1800,345,0,20
36,R,2800,1800,346,0,21
36,R,2800,1800,347,0,20
36,R,2800,1800,348,0,20
36,R,2800,1800,349,0,20
36,R,2800,1800,350,0,20
36,R,2800,1800,351,0,21
36,R,2800,1800,352,0,19
36,R,2800,1800,353,0,19
36,R,2800,1800,354,0,20
36,R,2800,1800,355,0,20
36,R,2800,1800,356,0,19
36,R,2800,1800,357,0,20
36,R,2800,1800,358,0,19
36,R,2800,1800,359,0,19
36,R,2800,1800,360,0,19
36,R,2800,1800,361,0,19
36,R,2800,1800,362,0,19
36,R,2800,1800,363,0,19
36,R,2800,1800,364,0,19
36,R,2800,1800,365,0,19
36,R,2800,1800,366,0,18
36,R,2800,1800,367,0,18
36,R,2800,1800,368,0,19
36,R,2800,1800,369,0,18
36,R,2800,1800,370,0,19
36,R,2800,1800,371,0,18
36,R,2800,1800,372,0,18
36,R,2800,1800,373,0,18
36,R,2800,1800,374,0,18
36,R,2800,1800,375,0,18
36,R,2800,1800,376,0,18
36,R,2800,1800,377,0,18
36,R,2800,1800,378,0,18
36,R,2800,1800,379,0,17
36,R,2800,1800,380,0,18
36,R,2800,1800,381,0,17
36,R,2800,1800,382,0,17
36,R,2800,1800,383,0,18
36,R,2800,1800,384,0,17
36,R,2800,1800,385,0,17
36,R,2800,1800,386,0,18
36,R,2800,1800,387,0,17
36,R,2800,1800,388,0,17
36,R,2800,1800,389,0,16
36,R,2800,1800,390,0,18
36,R,2800,1800,391,0,16
36,R,2800,1800,392,0,17
36,R,2800,1800,393,0,17
36,R,2800,1800,394,0,16
36,R,2800,1800,395,0,16
36,R,2800,1800,396,0,17
36,R,2800,1800,397,0,17
36,R,2800,1800,398,0,16
36,R,2800,1800,399,0,16
36,R,2800,1800,400,0,16
36,R,2800,1800,401,0,16
36,R,2800,1800,402,0,16
36,R,2800,1800,403,0,16
36,R,2800,1800,404,0,16
36,R,2800,1800,405,0,15
36,R,2800,1800,406,0,15
36,R,2800,1800,407,0,16
36,R,2800,1800,408,0,15
36,R,2800,1800,409,0,16
36,R,2800,1800,410,0,15
36,R,2800,1800,411,0,14
36,R,2800,1800,412,0,16
36,R,2800,1800,413,0,15
36,R,2800,1800,414,0,14
36,R,2800,1800,415,0,14
36,R,2800,1800,416,0,15
36,R,2800,1800,417,0,14
36,R,2800,1800,418,0,15
36,R,2800,1800,419,0,14
36,R,2800,1800,420,0,14
36,R,2800,1800,421,0,13
36,R,2800,1800,422,0,15
36,R,2800,1800,423,0,13
36,R,2800,1800,424,0,14
36,R,2800,1800,425,0,13
36,R,2800,1800,426,0,14
36,R,2800,1800,427,0,14
36,R,2800,1800,428,0,12
36,R,2800,1800,429,0,13
36,R,2800,1800,430,0,14
36,R,2800,1800,431,0,13
36,R,2800,1800,432,0,12
36,R,2800,1800,433,0,13
36,R,2800,1800,434,0,13
36,R,2800,1800,435,0,13
36,R,2800,1800,436,0,12
36,R,2800,1800,437,0,12
36,R,2800,1800,438,0,13
36,R,2800,1800,439,0,12
36,R,2800,1800,440,0,12
36,R,2800,1800,441,0,12
36,R,2800,1800,442,0,12
36,R,2800,1800,443,0,12
36,R,2800,1800,444,0,11
36,R,2800,1800,445,0,12
36,R,2800,1800,446,0,11
36,R,2800,1800,447,0,11
36,R,2800,1800,448,0,12
36,R,2800,1800,449,0,11
36,R,2800,1800,450,0,12
36,R,2800,1800,451,0,11
36,R,2800,1800,452,0,10
36,R,2800,1800,453,0,11
36,R,2800,1800,454,0,11
36,R,2800,1800,455,0,10
36,R,2800,1800,456,0,11
36,R,2800,1800,457,0,11
36,R,2800,1800,458,0,10
36,R,2800,1800,459,0,11
36,R,2800,1800,460,0,10
36,R,2800,1800,461,0,10
36,R,2800,1800,462,0,10
36,R,2800,1800,463,0,10
36,R,2800,1800,464,0,10
36,R,2800,1800,465,0,10
36,R,2800,1800,466,0,9
36,R,2800,1800,467,0,11
36,R,2800,1800,468,0,9
36,R,2800,1800,469,0,9
36,R,2800,1800,470,0,10
36,R,2800,1800,471,0,9
36,R,2800,1800,472,0,10
36,R,2800,1800,473,0,9
36,R,2800,1800,474,0,8
36,R,2800,1800,475,0,9
36,R,2800,1800,476,0,10
36,R,2800,1800,477,0,9
36,R,2800,1800,478,0,8
36,R,2800,1800,479,0,8
36,R,2800,1800,480,0,9
36,R,2800,1800,481,0,8
36,R,2800,1800,482,0,9
36,R,2800,1800,483,0,9
36,R,2800,1800,484,0,8
36,R,2800,1800,485,0,8
36,R,2800,1800,486,0,8
36,R,2800,1800,487,0,8
36,R,2800,1800,488,0,8
36,R,2800,1800,489,0,8
36,R,2800,1800,490,0,8
36,R,2800,1800,491,0,7
36,R,2800,1800,492,0,8
36,R,2800,1800,493,0,7
36,R,2800,1800,494,0,8
36,R,2800,1800,495,0,7
36,R,2800,1800,496,0,8
36,R,2800,1800,497,0,7
36,R,2800,1800,498,0,7
36,R,2800,1800,499,0,7
37,R,-2000,0,0,0,0
37,R,-2000,0,1,0,0
37,R,-2000,0,2,0,-2
37,R,-2000,0,3,0,-1
37,R,-2000,0,4,0,-4
37,R,-2000,0,5,0,-3
37,R,-2000,0,6,0,-5
37,R,-2000,0,7,0,-5
37,R,-2000,0,8,0,-6
37,R,-2000,0,9,0,-5
37,R,-2000,0,10,0,-8
37,R,-2000,0,11,0,-7
37,R,-2000,0,12,0,-8
37,R,-2000,0,13,0,-8
37,R,-2000,0,14,0,-8
37,R,-2000,0,15,0,-9
37,R,-2000,0,16,0,-9
37,R,-2000,0,17,0,-10
37,R,-2000,0,18,0,-10
37,R,-2000,0,19,0,-10
37,R,-2000,0,20,0,-10
37,R,-2000,0,21,0,-11
37,R,-2000,0,22,0,-11
37,R,-2000,0,23,0,-12
37,R,-2000,0,24,0,-11
37,R,-2000,0,25,0,-11
37,R,-2000,0,26,0,-12
37,R,-2000,0,27,0,-12
37,R,-2000,0,28,0,-12
37,R,-2000,0,29,0,-13
37,R,-2000,0,30,0,-13
37,R,-2000,0,31,0,-12
37,R,-2000,0,32,0,-13
37,R,-2000,0,33,0,-13
37,R,-2000,0,34,0,-13
37,R,-2000,0,35,0,-14
37,R,-2000,0,36,0,-12
37,R,-2000,0,37,0,-14
37,R,-2000,0,38,0,-14
37,R,-2000,0,39,0,-13
37,R,-2000,0,40,0,-14
37,R,-2000,0,41,0,-14
37,R,-2000,0,42,0,-14
37,R,-2000,0,43,0,-14
37,R,-2000,0,44,0,-15
37,R,-2000,0,45,0,-14
37,R,-2000,0,46,0,-14
37,R,-2000,0,47,0,-15
37,R,-2000,0,48,0,-14
37,R,-2000,0,49,0,-15
37,R,-2000,0,50,0,-14
37,R,-2000,0,51,0,-15
37,R,-2000,0,52,0,-15
37,R,-2000,0,53,0,-15
37,R,-2000,0,54,0,-14
37,R,-2000,0,55,0,-15
37,R,-2000,0,56,0,-15
37,R,-2000,0,57,0,-15
37,R,-2000,0,58,0,-15
37,R,-2000,0,59,0,-15
37,R,-2000,0,60,0,-16
37,R,-2000,0,61,0,-15
37,R,-2000,0,62,0,-16
37,R,-2000,0,63,0,-14
37,R,-2000,0,64,0,-15
37,R,-2000,0,65,0,-16
37,R,-2000,0,66,0,-16
37,R,-2000,0,67,0,-15
37,R,-2000,0,68,0,-16
37,R,-2000,0,69,0,-15
37,R,-2000,0,70,0,-16
37,R,-2000,0,71,0,-15
37,R,-2000,0,72,0,-16
37,R,-2000,0,73,0,-15
37,R,-2000,0,74,0,-16
37,R,-2000,0,75,0,-16
37,R,-2000,0,76,0,-16
37,R,-2000,0,77,0,-16
37,R,-2000,0,78,0,-16
37,R,-2000,0,79,0,-16
37,R,-2000,0,80,0,-16
37,R,-2000,0,81,0,-16
37,R,-2000,0,82,0,-15
37,R,-2000,0,83,0,-16
37,R,-2000,0,84,0,-16
37,R,-2000,0,85,0,-16
37,R,-2000,0,86,0,-16
37,R,-2000,0,87,0,-17
37,R,-2000,0,88,0,-16
37,R,-2000,0,89,0,-16
37,R,-2000,0,90,0,-16
37,R,-2000,0,91,0,-16
37,R,-2000,0,92,0,-16
37,R,-2000,0,93,0,-16
37,R,-2000,0,94,0,-16
37,R,-2000,0,95,0,-16
37,R,-2000,0,96,0,-17
37,R,-2000,0,97,0,-16
37,R,-2000,0,98,0,-16
37,R,-2000,0,99,0,-16
37,R,-2000,0,100,0,-17
37,R,-2000,0,101,0,-16
37,R,-2000,0,102,0,-17
37,R,-2000,0,103,0,-16
37,R,-2000,0,104,0,-16
37,R,-2000,0,105,0,-17
37,R,-2000,0,106,0,-16
37,R,-2000,0,107,0,-16
37,R,-2000,0,108,0,-16
37,R,-2000,0,109,0,-17
37,R,-2000,0,110,0,-16
37,R,-2000,0,111,0,-17
37,R,-2000,0,112,0,-16
37,R,-2000,0,113,0,-17
37,R,-2000,0,114,0,-16
37,R,-2000,0,115,0,-16
37,R,-2000,0,116,0,-17
37,R,-2000,0,117,0,-16
37,R,-2000,0,118,0,-16
37,R,-2000,0,119,0,-17
37,R,-2000,0,120,0,-17
37,R,-2000,0,121,0,-16
37,R,-2000,0,122,0,-17
37,R,-2000,0,123,0,-17
37,R,-2000,0,124,0,-16
37,R,-2000,0,125,0,-16
37,R,-2000,0,126,0,-17
37,R,-2000,0,127,0,-17
37,R,-2000,0,128,0,-16
37,R,-2000,0,129,0,-17
37,R,-2000,0,130,0,-16
37,R,-2000,0,131,0,-17
37,R,-2000,0,132,0,-16
37,R,-2000,0,133,0,-17
37,R,-2000,0,134,0,-16
37,R,-2000,0,135,0,-18
37,R,-2000,0,136,0,-16
37,R,-2000,0,137,0,-17
37,R,-2000,0,138,0,-16
37,R,-2000,0,139,0,-17
37,R,-2000,0,140,0,-16
37,R,-2000,0,141,0,-18
37,R,-2000,0,142,0,-16
37,R,-2000,0,143,0,-17
37,R,-2000,0,144,0,-16
37,R,-2000,0,145,0,-16
37,R,-2000,0,146,0,-17
37,R,-2000,0,147,0,-17
37,R,-2000,0,148,0,-17
37,R,-2000,0,149,0,-17
37,R,-2000,0,150,0,-16
37,R,-2000,0,151,0,-17
37,R,-2000,0,152,0,-16
37,R,-2000,0,153,0,-18
37,R,-2000,0,154,0,-16
37,R,-2000,0,155,0,-17
37,R,-2000,0,156,0,-16
37,R,-2000,0,157,0,-17
37,R,-2000,0,158,0,-17
37,R,-2000,0,159,0,-17
37,R,-2000,0,160,0,-16
37,R,-2000,0,161,0,-17
37,R,-2000,0,162,0,-17
37,R,-2000,0,163,0,-16
37,R,-2000,0,164,0,-18
37,R,-2000,0,165,0,-16
37,R,-2000,0,166,0,-17
37,R,-2000,0,167,0,-16
37,R,-2000,0,168,0,-17
37,R,-2000,0,169,0,-17
37,R,-2000,0,170,0,-17
37,R,-2000,0,171,0,-17
37,R,-2000,0,172,0,-16
37,R,-2000,0,173,0,-17
37,R,-2000,0,174,0,-17
37,R,-2000,0,175,0,-17
37,R,-2000,0,176,0,-17
37,R,-2000,0,177,0,-16
37,R,-2000,0,178,0,-17
37,R,-2000,0,179,0,-17
37,R,-2000,0,180,0,-17
37,R,-2000,0,181,0,-16
37,R,-2000,0,182,0,-17
37,R,-2000,0,183,0,-17
37,R,-2000,0,184,0,-17
37,R,-2000,0,185,0,-17
37,R,-2000,0,186,0,-16
37,R,-2000,0,187,0,-17
37,R,-2000,0,188,0,-17
37,R,-2000,0,189,0,-16
37,R,-2000,0,190,0,-18
37,R,-2000,0,191,0,-16
37,R,-2000,0,192,0,-17
37,R,-2000,0,193,0,-16
37,R,-2000,0,194,0,-17
37,R,-2000,0,195,0,-18
37,R,-2000,0,196,0,-16
37,R,-2000,0,197,0,-17
37,R,-2000,0,198,0,-16
37,R,-2000,0,199,0,-17
37,R,-2000,0,200,0,-17
37,R,-2000,0,201,0,-17
37,R,-2000,0,202,0,-17
37,R,-2000,0,203,0,-16
37,R,-2000,0,204,0,-16
37,R,-2000,0,205,0,-17
37,R,-2000,0,206,0,-16
37,R,-2000,0,207,0,-16
37,R,-2000,0,208,0,-16
37,R,-2000,0,209,0,-16
37,R,-2000,0,210,0,-16
37,R,-2000,0,211,0,-15
37,R,-2000,0,212,0,-16
37,R,-2000,0,213,0,-16
37,R,-2000,0,214,0,-15
37,R,-2000,0,215,0,-15
37,R,-2000,0,216,0,-15
37,R,-2000,0,217,0,-15
37,R,-2000,0,218,0,-15
37,R,-2000,0,219,0,-15
37,R,-2000,0,220,0,-14
37,R,-2000,0,221,0,-15
37,R,-2000,0,222,0,-15
37,R,-2000,0,223,0,-14
37,R,-2000,0,224,0,-15
37,R,-2000,0,225,0,-13
37,R,-2000,0,226,0,-15
37,R,-2000,0,227,0,-13
37,R,-2000,0,228,0,-15
37,R,-2000,0,229,0,-13
37,R,-2000,0,230,0,-14
37,R,-2000,0,231,0,-14
37,R,-2000,0,232,0,-13
37,R,-2000,0,233,0,-13
37,R,-2000,0,234,0,-14
37,R,-2000,0,235,0,-12
37,R,-2000,0,236,0,-14
37,R,-2000,0,237,0,-13
37,R,-2000,0,238,0,-13
37,R,-2000,0,239,0,-12
37,R,-2000,0,240,0,-13
37,R,-2000,0,241,0,-12
37,R,-2000,0,242,0,-13
37,R,-2000,0,243,0,-13
37,R,-2000,0,244,0,-12
37,R,-2000,0,245,0,-12
37,R,-2000,0,246,0,-12
37,R,-2000,0,247,0,-12
37,R,-2000,0,248,0,-12
37,R,-2000,0,249,0,-12
37,R,-2000,0,250,0,-11
37,R,-2000,0,251,0,-12
37,R,-2000,0,252,0,-11
37,R,-2000,0,253,0,-11
37,R,-2000,0,254,0,-12
37,R,-2000,0,255,0,-12
37,R,-2000,0,256,0,-11
37,R,-2000,0,257,0,-10
37,R,-2000,0,258,0,-11
37,R,-2000,0,259,0,-11
37,R,-2000,0,260,0,-11
37,R,-2000,0,261,0,-10
37,R,-2000,0,262,0,-11
37,R,-2000,0,263,0,-11
37,R,-2000,0,264,0,-10
37,R,-2000,0,265,0,-11
37,R,-2000,0,266,0,-9
37,R,-2000,0,267,0,-11
37,R,-2000,0,268,0,-10
37,R,-2000,0,269,0,-10
37,R,-2000,0,270,0,-9
37,R,-2000,0,271,0,-11
37,R,-2000,0,272,0,-9
37,R,-2000,0,273,0,-9
37,R,-2000,0,274,0,-10
37,R,-2000,0,275,0,-9
37,R,-2000,0,276,0,-10
37,R,-2000,0,277,0,-9
37,R,-2000,0,278,0,-9
37,R,-2000,0,279,0,-9
37,R,-2000,0,280,0,-9
37,R,-2000,0,281,0,-9
37,R,-2000,0,282,0,-9
37,R,-2000,0,283,0,-8
37,R,-2000,0,284,0,-9
37,R,-2000,0,285,0,-9
37,R,-2000,0,286,0,-9
37,R,-2000,0,287,0,-8
37,R,-2000,0,288,0,-8
37,R,-2000,0,289,0,-8
37,R,-2000,0,290,0,-8
37,R,-2000,0,291,0,-9
37,R,-2000,0,292,0,-7
37,R,-2000,0,293,0,-8
37,R,-2000,0,294,0,-8
37,R,-2000,0,295,0,-8
37,R,-2000,0,296,0,-8
37,R,-2000,0,297,0,-7
37,R,-2000,0,298,0,-7
37,R,-2000,0,299,0,-8
37,R,-2000,0,300,0,-7
37,R,-2000,0,301,0,-8
37,R,-2000,0,302,0,-7
37,R,-2000,0,303,0,-7
37,R,-2000,0,304,0,-6
37,R,-2000,0,305,0,-8
37,R,-2000,0,306,0,-7
37,R,-2000,0,307,0,-6
37,R,-2000,0,308,0,-7
37,R,-2000,0,309,0,-7
37,R,-2000,0,310,0,-6
37,R,-2000,0,311,0,-7
37,R,-2000,0,312,0,-7
37,R,-2000,0,313,0,-5
37,R,-2000,0,314,0,-7
37,R,-2000,0,315,0,-6
37,R,-2000,0,316,0,-6
37,R,-2000,0,317,0,-6
37,R,-2000,0,318,0,-6
37,R,-2000,0,319,0,-6
37,R,-2000,0,320,0,-6
37,R,-2000,0,321,0,-5
37,R,-2000,0,322,0,-7
37,R,-2000,0,323,0,-5
37,R,-2000,0,324,0,-5
37,R,-2000,0,325,0,-6
37,R,-2000,0,326,0,-5
37,R,-2000,0,327,0,-5
37,R,-2000,0,328,0,-6
37,R,-2000,0,329,0,-5
37,R,-2000,0,330,0,-5
37,R,-2000,0,331,0,-6
37,R,-2000,0,332,0,-4
37,R,-2000,0,333,0,-5
37,R,-2000,0,334,0,-5
37,R,-2000,0,335,0,-5
37,R,-2000,0,336,0,-5
37,R,-2000,0,337,0,-4
37,R,-2000,0,338,0,-5
37,R,-2000,0,339,0,-4
37,R,-2000,0,340,0,-4
37,R,-2000,0,341,0,-5
37,R,-2000,0,342,0,-4
37,R,-2000,0,343,0,-5
37,R,-2000,0,344,0,-4
37,R,-2000,0,345,0,-4
37,R,-2000,0,346,0,-4
37,R,-2000,0,347,0,-4
37,R,-2000,0,348,0,-4
37,R,-2000,0,349,0,-4
37,R,-2000,0,350,0,-3
37,R,-2000,0,351,0,-4
37,R,-2000,0,352,0,-4
37,R,-2000,0,353,0,-3
37,R,-2000,0,354,0,-4
37,R,-2000,0,355,0,-4
37,R,-2000,0,356,0,-3
37,R,-2000,0,357,0,-4
37,R,-2000,0,358,0,-3
37,R,-2000,0,359,0,-3
37,R,-2000,0,360,0,-3
37,R,-2000,0,361,0,-4
37,R,-2000,0,362,0,-3
37,R,-2000,0,363,0,-2
37,R,-2000,0,364,0,-3
37,R,-2000,0,365,0,-4
37,R,-2000,0,366,0,-3
37,R,-2000,0,367,0,-2
37,R,-2000,0,368,0,-3
37,R,-2000,0,369,0,-3
37,R,-2000,0,370,0,-2
37,R,-2000,0,371,0,-3
37,R,-2000,0,372,0,-3
37,R,-2000,0,373,0,-2
37,R,-2000,0,374,0,-2
37,R,-2000,0,375,0,-2
37,R,-2000,0,376,0,-3
37,R,-2000,0,377,0,-2
37,R,-2000,0,378,0,-2
37,R,-2000,0,379,0,-2
37,R,-2000,0,380,0,-2
37,R,-2000,0,381,0,-2
37,R,-2000,0,382,0,-2
37,R,-2000,0,383,0,-2
37,R,-2000,0,384,0,-2
37,R,-2000,0,385,0,-1
37,R,-2000,0,386,0,-3
37,R,-2000,0,387,0,-1
37,R,-2000,0,388,0,-2
37,R,-2000,0,389,0,-1
37,R,-2000,0,390,0,-1
37,R,-2000,0,391,0,-2
37,R,-2000,0,392,0,-1
37,R,-2000,0,393,0,-2
37,R,-2000,0,394,0,-1
37,R,-2000,0,395,0,-1
37,R,-2000,0,396,0,-1
37,R,-2000,0,397,0,-2
37,R,-2000,0,398,0,-1
37,R,-2000,0,399,0,-1
37,R,-2000,0,400,0,-1
37,R,-2000,0,401,0,-1
37,R,-2000,0,402,0,-1
37,R,-2000,0,403,0,0
37,R,-2000,0,404,0,-1
37,R,-2000,0,405,0,-1
37,R,-2000,0,406,0,-1
37,R,-2000,0,407,0,0
37,R,-2000,0,408,0,0
37,R,-2000,0,409,0,-1
37,R,-2000,0,410,0,0
37,R,-2000,0,411,0,0
37,R,-2000,0,412,0,-1
37,R,-2000,0,413,0,0
37,R,-2000,0,414,0,0
37,R,-2000,0,415,0,0
37,R,-2000,0,416,0,-1
37,R,-2000,0,417,0,0
37,R,-2000,0,418,0,0
37,R,-2000,0,419,0,0
37,R,-2000,0,420,0,0
37,R,-2000,0,421,0,0
37,R,-2000,0,422,0,0
37,R,-2000,0,423,0,0
37,R,-2000,0,424,0,0
37,R,-2000,0,425,0,0
37,R,-2000,0,426,0,0
37,R,-2000,0,427,0,0
37,R,-2000,0,428,0,0
37,R,-2000,0,429,0,0
37,R,-2000,0,430,0,0
37,R,-2000,0,431,0,0
37,R,-2000,0,432,0,0
37,R,-2000,0,433,0,0
37,R,-2000,0,434,0,0
37,R,-2000,0,435,0,0
37,R,-2000,0,436,0,0
37,R,-2000,0,437,0,0
37,R,-2000,0,438,0,0
37,R,-2000,0,439,0,0
37,R,-2000,0,440,0,0
37,R,-2000,0,441,0,0
37,R,-2000,0,442,0,0
37,R,-2000,0,443,0,0
37,R,-2000,0,444,0,0
37,R,-2000,0,445,0,0
37,R,-2000,0,446,0,0
37,R,-2000,0,447,0,0
37,R,-2000,0,448,0,0
37,R,-2000,0,449,0,0
37,R,-2000,0,450,0,0
37,R,-2000,0,451,0,0
37,R,-2000,0,452,0,0
37,R,-2000,0,453,0,0
37,R,-2000,0,454,0,0
37,R,-2000,0,455,0,0
37,R,-2000,0,456,0,0
37,R,-2000,0,457,0,0
37,R,-2000,0,458,0,0
37,R,-2000,0,459,0,0
37,R,-2000,0,460,0,0
37,R,-2000,0,461,0,0
37,R,-2000,0,462,0,0
37,R,-2000,0,463,0,0
37,R,-2000,0,464,0,0
37,R,-2000,0,465,0,0
37,R,-2000,0,466,0,0
37,R,-2000,0,467,0,0
37,R,-2000,0,468,0,0
37,R,-2000,0,469,0,0
37,R,-2000,0,470,0,0
37,R,-2000,0,471,0,0
37,R,-2000,0,472,0,0
37,R,-2000,0,473,0,0
37,R,-2000,0,474,0,0
37,R,-2000,0,475,0,0
37,R,-2000,0,476,0,0
37,R,-2000,0,477,0,0
37,R,-2000,0,478,0,0
37,R,-2000,0,479,0,0
37,R,-2000,0,480,0,0
37,R,-2000,0,481,0,0
37,R,-2000,0,482,0,0
37,R,-2000,0,483,0,0
37,R,-2000,0,484,0,0
37,R,-2000,0,485,0,0
37,R,-2000,0,486,0,0
37,R,-2000,0,487,0,0
37,R,-2000,0,488,0,0
37,R,-2000,0,489,0,0
37,R,-2000,0,490,0,0
37,R,-2000,0,491,0,0
37,R,-2000,0,492,0,0
37,R,-2000,0,493,0,0
37,R,-2000,0,494,0,0
37,R,-2000,0,495,0,0
37,R,-2000,0,496,0,0
37,R,-2000,0,497,0,0
37,R,-2000,0,498,0,0
37,R,-2000,0,499,0,0
38,R,-2000,1500,0,0,0
38,R,-2000,1500,1,0,0
38,R,-2000,1500,2,0,-1
38,R,-2000,1500,3,0,-2
38,R,-2000,1500,4,0,-3
38,R,-2000,1500,5,0,-4
38,R,-2000,1500,6,0,-4
38,R,-2000,1500,7,0,-5
38,R,-2000,1500,8,0,-6
38,R,-2000,1500,9,0,-6
38,R,-2000,1500,10,0,-7
38,R,-2000,1500,11,0,-7
38,R,-2000,1500,12,0,-8
38,R,-2000,1500,13,0,-9
38,R,-2000,1500,14,0,-8
38,R,-2000,1500,15,0,-8
38,R,-2000,1500,16,0,-10
38,R,-2000,1500,17,0,-9
38,R,-2000,1500,18,0,-10
38,R,-2000,1500,19,0,-10
38,R,-2000,1500,20,0,-11
38,R,-2000,1500,21,0,-10
38,R,-2000,1500,22,0,-12
38,R,-2000,1500,23,0,-11
38,R,-2000,1500,24,0,-11
38,R,-2000,1500,25,0,-11
38,R,-2000,1500,26,0,-12
38,R,-2000,1500,27,0,-12
38,R,-2000,1500,28,0,-12
38,R,-2000,1500,29,0,-13
38,R,-2000,1500,30,0,-13
38,R,-2000,1500,31,0,-12
38,R,-2000,1500,32,0,-13
38,R,-2000,1500,33,0,-12
38,R,-2000,1500,34,0,-14
38,R,-2000,1500,35,0,-13
38,R,-2000,1500,36,0,-13
38,R,-2000,1500,37,0,-13
38,R,-2000,1500,38,0,-14
38,R,-2000,1500,39,0,-13
38,R,-2000,1500,40,0,-15
38,R,-2000,1500,41,0,-13
38,R,-2000,1500,42,0,-14
38,R,-2000,1500,43,0,-14
38,R,-2000,1500,44,0,-14
38,R,-2000,1500,45,0,-14
38,R,-2000,1500,46,0,-15
38,R,-2000,1500,47,0,-13
38,R,-2000,1500,48,0,-15
38,R,-2000,1500,49,0,-14
38,R,-2000,1500,50,0,-15
38,R,-2000,1500,51,0,-15
38,R,-2000,1500,52,0,-14
38,R,-2000,1500,53,0,-15
38,R,-2000,1500,54,0,-15
38,R,-2000,1500,55,0,-14
38,R,-2000,1500,56,0,-15
38,R,-2000,1500,57,0,-15
38,R,-2000,1500,58,0,-15
38,R,-2000,1500,59,0,-15
38,R,-2000,1500,60,0,-15
38,R,-2000,1500,61,0,-15
38,R,-2000,1500,62,0,-16
38,R,-2000,1500,63,0,-14
38,R,-2000,1500,64,0,-16
38,R,-2000,1500,65,0,-15
38,R,-2000,1500,66,0,-15
38,R,-2000,1500,67,0,-16
38,R,-2000,1500,68,0,-15
38,R,-2000,1500,69,0,-15
38,R,-2000,1500,70,0,-16
38,R,-2000,1500,71,0,-15
38,R,-2000,1500,72,0,-16
38,R,-2000,1500,73,0,-16
38,R,-2000,1500,74,0,-16
38,R,-2000,1500,75,0,-15
38,R,-2000,1500,76,0,-16
38,R,-2000,1500,77,0,-15
38,R,-2000,1500,78,0,-16
38,R,-2000,1500,79,0,-15
38,R,-2000,1500,80,0,-16
38,R,-2000,1500,81,0,-16
38,R,-2000,1500,82,0,-16
38,R,-2000,1500,83,0,-15
38,R,-2000,1500,84,0,-16
38,R,-2000,1500,85,0,-16
38,R,-2000,1500,86,0,-16
38,R,-2000,1500,87,0,-16
38,R,-2000,1500,88,0,-16
38,R,-2000,1500,89,0,-16
38,R,-2000,1500,90,0,-16
38,R,-2000,1500,91,0,-16
38,R,-2000,1500,92,0,-16
38,R,-2000,1500,93,0,-16
38,R,-2000,1500,94,0,-16
38,R,-2000,1500,95,0,-16
38,R,-2000,1500,96,0,-16
38,R,-2000,1500,97,0,-16
38,R,-2000,1500,98,0,-16
38,R,-2000,1500,99,0,-16
38,R,-2000,1500,100,0,-17
38,R,-2000,1500,101,0,-16
38,R,-2000,1500,102,0,-16
38,R,-2000,1500,103,0,-16
38,R,-2000,1500,104,0,-16
38,R,-2000,1500,105,0,-17
38,R,-2000,1500,106,0,-16
38,R,-2000,1500,107,0,-17
38,R,-2000,1500,108,0,-16
38,R,-2000,1500,109,0,-16
38,R,-2000,1500,110,0,-16
38,R,-2000,1500,111,0,-17
38,R,-2000,1500,112,0,-16
38,R,-2000,1500,113,0,-16
38,R,-2000,1500,114,0,-16
38,R,-2000,1500,115,0,-16
38,R,-2000,1500,116,0,-17
38,R,-2000,1500,117,0,-16
38,R,-2000,1500,118,0,-16
38,R,-2000,1500,119,0,-17
38,R,-2000,1500,120,0,-17
38,R,-2000,1500,121,0,-16
38,R,-2000,1500,122,0,-16
38,R,-2000,1500,123,0,-17
38,R,-2000,1500,124,0,-16
38,R,-2000,1500,125,0,-16
38,R,-2000,1500,126,0,-16
38,R,-2000,1500,127,0,-17
38,R,-2000,1500,128,0,-16
38,R,-2000,1500,129,0,-17
38,R,-2000,1500,130,0,-17
38,R,-2000,1500,131,0,-16
38,R,-2000,1500,132,0,-16
38,R,-2000,1500,133,0,-17
38,R,-2000,1500,134,0,-16
38,R,-2000,1500,135,0,-17
38,R,-2000,1500,136,0,-16
38,R,-2000,1500,137,0,-16
38,R,-2000,1500,138,0,-17
38,R,-2000,1500,139,0,-17
38,R,-2000,1500,140,0,-16
38,R,-2000,1500,141,0,-17
38,R,-2000,1500,142,0,-16
38,R,-2000,1500,143,0,-16
38,R,-2000,1500,144,0,-17
38,R,-2000,1500,145,0,-16
38,R,-2000,1500,146,0,-17
38,R,-2000,1500,147,0,-17
38,R,-2000,1500,148,0,-16
38,R,-2000,1500,149,0,-17
38,R,-2000,1500,150,0,-16
38,R,-2000,1500,151,0,-17
38,R,-2000,1500,152,0,-16
38,R,-2000,1500,153,0,-17
38,R,-2000,1500,154,0,-17
38,R,-2000,1500,155,0,-16
38,R,-2000,1500,156,0,-17
38,R,-2000,1500,157,0,-16
38,R,-2000,1500,158,0,-16
38,R,-2000,1500,159,0,-17
38,R,-2000,1500,160,0,-17
38,R,-2000,1500,161,0,-16
38,R,-2000,1500,162,0,-17
38,R,-2000,1500,163,0,-17
38,R,-2000,1500,164,0,-16
38,R,-2000,1500,165,0,-16
38,R,-2000,1500,166,0,-17
38,R,-2000,1500,167,0,-17
38,R,-2000,1500,168,0,-17
38,R,-2000,1500,169,0,-16
38,R,-2000,1500,170,0,-17
38,R,-2000,1500,171,0,-16
38,R,-2000,1500,172,0,-16
38,R,-2000,1500,173,0,-17
38,R,-2000,1500,174,0,-17
38,R,-2000,1500,175,0,-17
38,R,-2000,1500,176,0,-16
38,R,-2000,1500,177,0,-17
38,R,-2000,1500,178,0,-16
38,R,-2000,1500,179,0,-17
38,R,-2000,1500,180,0,-16
38,R,-2000,1500,181,0,-17
38,R,-2000,1500,182,0,-17
38,R,-2000,1500,183,0,-16
38,R,-2000,1500,184,0,-17
38,R,-2000,1500,185,0,-16
38,R,-2000,1500,186,0,-17
38,R,-2000,1500,187,0,-16
38,R,-2000,1500,188,0,-18
38,R,-2000,1500,189,0,-16
38,R,-2000,1500,190,0,-17
38,R,-2000,1500,191,0,-16
38,R,-2000,1500,192,0,-17
38,R,-2000,1500,193,0,-16
38,R,-2000,1500,194,0,-17
38,R,-2000,1500,195,0,-17
38,R,-2000,1500,196,0,-17
38,R,-2000,1500,197,0,-16
38,R,-2000,1500,198,0,-16
38,R,-2000,1500,199,0,-17
38,R,-2000,1500,200,0,-17
38,R,-2000,1500,201,0,-16
38,R,-2000,1500,202,0,-16
38,R,-2000,1500,203,0,-14
38,R,-2000,1500,204,0,-14
38,R,-2000,1500,205,0,-13
38,R,-2000,1500,206,0,-12
38,R,-2000,1500,207,0,-12
38,R,-2000,1500,208,0,-10
38,R,-2000,1500,209,0,-10
38,R,-2000,1500,210,0,-9
38,R,-2000,1500,211,0,-9
38,R,-2000,1500,212,0,-8
38,R,-2000,1500,213,0,-8
38,R,-2000,1500,214,0,-7
38,R,-2000,1500,215,0,-7
38,R,-2000,1500,216,0,-6
38,R,-2000,1500,217,0,-6
38,R,-2000,1500,218,0,-5
38,R,-2000,1500,219,0,-5
38,R,-2000,1500,220,0,-5
38,R,-2000,1500,221,0,-5
38,R,-2000,1500,222,0,-4
38,R,-2000,1500,223,0,-3
38,R,-2000,1500,224,0,-3
38,R,-2000,1500,225,0,-3
38,R,-2000,1500,226,0,-3
38,R,-2000,1500,227,0,-2
38,R,-2000,1500,228,0,-3
38,R,-2000,1500,229,0,-2
38,R,-2000,1500,230,0,-2
38,R,-2000,1500,231,0,-1
38,R,-2000,1500,232,0,-1
38,R,-2000,1500,233,0,-1
38,R,-2000,1500,234,0,-1
38,R,-2000,1500,235,0,-1
38,R,-2000,1500,236,0,0
38,R,-2000,1500,237,0,0
38,R,-2000,1500,238,0,0
38,R,-2000,1500,239,0,0
38,R,-2000,1500,240,0,0
38,R,-2000,1500,241,0,0
38,R,-2000,1500,242,0,0
38,R,-2000,1500,243,0,1
38,R,-2000,1500,244,0,0
38,R,-2000,1500,245,0,0
38,R,-2000,1500,246,0,1
38,R,-2000,1500,247,0,0
38,R,-2000,1500,248,0,2
38,R,-2000,1500,249,0,0
38,R,-2000,1500,250,0,1
38,R,-2000,1500,251,0,1
38,R,-2000,1500,252,0,0
38,R,-2000,1500,253,0,1
38,R,-2000,1500,254,0,1
38,R,-2000,1500,255,0,1
38,R,-2000,1500,256,0,1
38,R,-2000,1500,257,0,2
38,R,-2000,1500,258,0,1
38,R,-2000,1500,259,0,0
38,R,-2000,1500,260,0,1
38,R,-2000,1500,261,0,2
38,R,-2000,1500,262,0,1
38,R,-2000,1500,263,0,1
38,R,-2000,1500,264,0,2
38,R,-2000,1500,265,0,1
38,R,-2000,1500,266,0,1
38,R,-2000,1500,267,0,2
38,R,-2000,1500,268,0,1
38,R,-2000,1500,269,0,2
38,R,-2000,1500,270,0,2
38,R,-2000,1500,271,0,1
38,R,-2000,1500,272,0,1
38,R,-2000,1500,273,0,2
38,R,-2000,1500,274,0,1
38,R,-2000,1500,275,0,2
38,R,-2000,1500,276,0,2
38,R,-2000,1500,277,0,2
38,R,-2000,1500,278,0,1
38,R,-2000,1500,279,0,2
38,R,-2000,1500,280,0,2
38,R,-2000,1500,281,0,1
38,R,-2000,1500,282,0,2
38,R,-2000,1500,283,0,2
38,R,-2000,1500,284,0,2
38,R,-2000,1500,285,0,1
38,R,-2000,1500,286,0,3
38,R,-2000,1500,287,0,1
38,R,-2000,1500,288,0,2
38,R,-2000,1500,289,0,2
38,R,-2000,1500,290,0,2
38,R,-2000,1500,291,0,2
38,R,-2000,1500,292,0,2
38,R,-2000,1500,293,0,2
38,R,-2000,1500,294,0,2
38,R,-2000,1500,295,0,2
38,R,-2000,1500,296,0,2
38,R,-2000,1500,297,0,2
38,R,-2000,1500,298,0,3
38,R,-2000,1500,299,0,1
38,R,-2000,1500,300,0,3
38,R,-2000,1500,301,0,2
38,R,-2000,1500,302,0,2
38,R,-2000,1500,303,0,2
38,R,-2000,1500,304,0,3
38,R,-2000,1500,305,0,1
38,R,-2000,1500,306,0,3
38,R,-2000,1500,307,0,2
38,R,-2000,1500,308,0,2
38,R,-2000,1500,309,0,3
38,R,-2000,1500,310,0,2
38,R,-2000,1500,311,0,2
38,R,-2000,1500,312,0,2
38,R,-2000,1500,313,0,3
38,R,-2000,1500,314,0,2
38,R,-2000,1500,315,0,2
38,R,-2000,1500,316,0,3
38,R,-2000,1500,317,0,2
38,R,-2000,1500,318,0,3
38,R,-2000,1500,319,0,2
38,R,-2000,1500,320,0,2
38,R,-2000,1500,321,0,3
38,R,-2000,1500,322,0,2
38,R,-2000,1500,323,0,3
38,R,-2000,1500,324,0,2
38,R,-2000,1500,325,0,3
38,R,-2000,1500,326,0,2
38,R,-2000,1500,327,0,2
38,R,-2000,1500,328,0,3
38,R,-2000,1500,329,0,3
38,R,-2000,1500,330,0,2
38,R,-2000,1500,331,0,3
38,R,-2000,1500,332,0,2
38,R,-2000,1500,333,0,2
38,R,-2000,1500,334,0,3
38,R,-2000,1500,335,0,2
38,R,-2000,1500,336,0,3
38,R,-2000,1500,337,0,3
38,R,-2000,1500,338,0,2
38,R,-2000,1500,339,0,3
38,R,-2000,1500,340,0,3
38,R,-2000,1500,341,0,2
38,R,-2000,1500,342,0,3
38,R,-2000,1500,343,0,3
38,R,-2000,1500,344,0,2
38,R,-2000,1500,345,0,3
38,R,-2000,1500,346,0,2
38,R,-2000,1500,347,0,3
38,R,-2000,1500,348,0,3
38,R,-2000,1500,349,0,2
38,R,-2000,1500,350,0,3
38,R,-2000,1500,351,0,3
38,R,-2000,1500,352,0,2
38,R,-2000,1500,353,0,3
38,R,-2000,1500,354,0,3
38,R,-2000,1500,355,0,2
38,R,-2000,1500,356,0,3
38,R,-2000,1500,357,0,3
38,R,-2000,1500,358,0,2
38,R,-2000,1500,359,0,3
38,R,-2000,1500,360,0,3
38,R,-2000,1500,361,0,2
38,R,-2000,1500,362,0,3
38,R,-2000,1500,363,0,3
38,R,-2000,1500,364,0,2
38,R,-2000,1500,365,0,3
38,R,-2000,1500,366,0,3
38,R,-2000,1500,367,0,3
38,R,-2000,1500,368,0,2
38,R,-2000,1500,369,0,3
38,R,-2000,1500,370,0,3
38,R,-2000,1500,371,0,2
38,R,-2000,1500,372,0,3
38,R,-2000,1500,373,0,3
38,R,-2000,1500,374,0,3
38,R,-2000,1500,375,0,2
38,R,-2000,1500,376,0,4
38,R,-2000,1500,377,0,2
38,R,-2000,1500,378,0,3
38,R,-2000,1500,379,0,3
38,R,-2000,1500,380,0,3
38,R,-2000,1500,381,0,2
38,R,-2000,1500,382,0,3
38,R,-2000,1500,383,0,3
38,R,-2000,1500,384,0,3
38,R,-2000,1500,385,0,2
38,R,-2000,1500,386,0,4
38,R,-2000,1500,387,0,3
38,R,-2000,1500,388,0,2
38,R,-2000,1500,389,0,3
38,R,-2000,1500,390,0,3
38,R,-2000,1500,391,0,2
38,R,-2000,1500,392,0,3
38,R,-2000,1500,393,0,4
38,R,-2000,1500,394,0,2
38,R,-2000,1500,395,0,3
38,R,-2000,1500,396,0,3
38,R,-2000,1500,397,0,3
38,R,-2000,1500,398,0,2
38,R,-2000,1500,399,0,3
38,R,-2000,1500,400,0,4
38,R,-2000,1500,401,0,2
38,R,-2000,1500,402,0,3
38,R,-2000,1500,403,0,3
38,R,-2000,1500,404,0,3
38,R,-2000,1500,405,0,2
38,R,-2000,1500,406,0,3
38,R,-2000,1500,407,0,2
38,R,-2000,1500,408,0,2
38,R,-2000,1500,409,0,3
38,R,-2000,1500,410,0,2
38,R,-2000,1500,411,0,3
38,R,-2000,1500,412,0,2
38,R,-2000,1500,413,0,2
38,R,-2000,1500,414,0,2
38,R,-2000,1500,415,0,2
38,R,-2000,1500,416,0,2
38,R,-2000,1500,417,0,2
38,R,-2000,1500,418,0,2
38,R,-2000,1500,419,0,2
38,R,-2000,1500,420,0,1
38,R,-2000,1500,421,0,3
38,R,-2000,1500,422,0,1
38,R,-2000,1500,423,0,2
38,R,-2000,1500,424,0,1
38,R,-2000,1500,425,0,2
38,R,-2000,1500,426,0,2
38,R,-2000,1500,427,0,1
38,R,-2000,1500,428,0,1
38,R,-2000,1500,429,0,1
38,R,-2000,1500,430,0,1
38,R,-2000,1500,431,0,1
38,R,-2000,1500,432,0,2
38,R,-2000,1500,433,0,1
38,R,-2000,1500,434,0,1
38,R,-2000,1500,435,0,1
38,R,-2000,1500,436,0,1
38,R,-2000,1500,437,0,1
38,R,-2000,1500,438,0,1
38,R,-2000,1500,439,0,0
38,R,-2000,1500,440,0,2
38,R,-2000,1500,441,0,0
38,R,-2000,1500,442,0,1
38,R,-2000,1500,443,0,0
38,R,-2000,1500,444,0,1
38,R,-2000,1500,445,0,0
38,R,-2000,1500,446,0,0
38,R,-2000,1500,447,0,0
38,R,-2000,1500,448,0,1
38,R,-2000,1500,449,0,0
38,R,-2000,1500,450,0,1
38,R,-2000,1500,451,0,0
38,R,-2000,1500,452,0,0
38,R,-2000,1500,453,0,1
38,R,-2000,1500,454,0,0
38,R,-2000,1500,455,0,0
38,R,-2000,1500,456,0,0
38,R,-2000,1500,457,0,0
38,R,-2000,1500,458,0,0
38,R,-2000,1500,459,0,0
38,R,-2000,1500,460,0,0
38,R,-2000,1500,461,0,0
38,R,-2000,1500,462,0,0
38,R,-2000,1500,463,0,0
38,R,-2000,1500,464,0,0
38,R,-2000,1500,465,0,0
38,R,-2000,1500,466,0,0
38,R,-2000,1500,467,0,0
38,R,-2000,1500,468,0,0
38,R,-2000,1500,469,0,0
38,R,-2000,1500,470,0,0
38,R,-2000,1500,471,0,0
38,R,-2000,1500,472,0,0
38,R,-2000,1500,473,0,0
38,R,-2000,1500,474,0,0
38,R,-2000,1500,475,0,0
38,R,-2000,1500,476,0,0
38,R,-2000,1500,477,0,0
38,R,-2000,1500,478,0,0
38,R,-2000,1500,479,0,0
38,R,-2000,1500,480,0,0
38,R,-2000,1500,481,0,0
38,R,-2000,1500,482,0,0
38,R,-2000,1500,483,0,0
38,R,-2000,1500,484,0,0
38,R,-2000,1500,485,0,0
38,R,-2000,1500,486,0,0
38,R,-2000,1500,487,0,0
38,R,-2000,1500,488,0,0
38,R,-2000,1500,489,0,0
38,R,-2000,1500,490,0,0
38,R,-2000,1500,491,0,0
38,R,-2000,1500,492,0,0
38,R,-2000,1500,493,0,0
38,R,-2000,1500,494,0,0
38,R,-2000,1500,495,0,0
38,R,-2000,1500,496,0,0
38,R,-2000,1500,497,0,0
38,R,-2000,1500,498,0,0
38,R,-2000,1500,499,0,0
39,R,-2000,1700,0,0,0
39,R,-2000,1700,1,0,0
39,R,-2000,1700,2,0,-1
39,R,-2000,1700,3,0,-2
39,R,-2000,1700,4,0,-3
39,R,-2000,1700,5,0,-3
39,R,-2000,1700,6,0,-5
39,R,-2000,1700,7,0,-5
39,R,-2000,1700,8,0,-5
39,R,-2000,1700,9,0,-6
39,R,-2000,1700,10,0,-7
39,R,-2000,1700,11,0,-7
39,R,-2000,1700,12,0,-8
39,R,-2000,1700,13,0,-8
39,R,-2000,1700,14,0,-8
39,R,-2000,1700,15,0,-9
39,R,-2000,1700,16,0,-9
39,R,-2000,1700,17,0,-10
39,R,-2000,1700,18,0,-9
39,R,-2000,1700,19,0,-10
39,R,-2000,1700,20,0,-11
39,R,-2000,1700,21,0,-10
39,R,-2000,1700,22,0,-11
39,R,-2000,1700,23,0,-11
39,R,-2000,1700,24,0,-11
39,R,-2000,1700,25,0,-12
39,R,-2000,1700,26,0,-11
39,R,-2000,1700,27,0,-12
39,R,-2000,1700,28,0,-13
39,R,-2000,1700,29,0,-12
39,R,-2000,1700,30,0,-12
39,R,-2000,1700,31,0,-13
39,R,-2000,1700,32,0,-13
39,R,-2000,1700,33,0,-12
39,R,-2000,1700,34,0,-13
39,R,-2000,1700,35,0,-13
39,R,-2000,1700,36,0,-14
39,R,-2000,1700,37,0,-13
39,R,-2000,1700,38,0,-13
39,R,-2000,1700,39,0,-14
39,R,-2000,1700,40,0,-13
39,R,-2000,1700,41,0,-14
39,R,-2000,1700,42,0,-14
39,R,-2000,1700,43,0,-14
39,R,-2000,1700,44,0,-14
39,R,-2000,1700,45,0,-14
39,R,-2000,1700,46,0,-14
39,R,-2000,1700,47,0,-14
39,R,-2000,1700,48,0,-14
39,R,-2000,1700,49,0,-15
39,R,-2000,1700,50,0,-14
39,R,-2000,1700,51,0,-15
39,R,-2000,1700,52,0,-15
39,R,-2000,1700,53,0,-14
39,R,-2000,1700,54,0,-15
39,R,-2000,1700,55,0,-15
39,R,-2000,1700,56,0,-14
39,R,-2000,1700,57,0,-15
39,R,-2000,1700,58,0,-15
39,R,-2000,1700,59,0,-14
39,R,-2000,1700,60,0,-14
39,R,-2000,1700,61,0,-16
39,R,-2000,1700,62,0,-15
39,R,-2000,1700,63,0,-15
39,R,-2000,1700,64,0,-15
39,R,-2000,1700,65,0,-15
39,R,-2000,1700,66,0,-16
39,R,-2000,1700,67,0,-15
39,R,-2000,1700,68,0,-15
39,R,-2000,1700,69,0,-15
39,R,-2000,1700,70,0,-15
39,R,-2000,1700,71,0,-16
39,R,-2000,1700,72,0,-16
39,R,-2000,1700,73,0,-15
39,R,-2000,1700,74,0,-16
39,R,-2000,1700,75,0,-15
39,R,-2000,1700,76,0,-15
39,R,-2000,1700,77,0,-16
39,R,-2000,1700,78,0,-16
39,R,-2000,1700,79,0,-15
39,R,-2000,1700,80,0,-16
39,R,-2000,1700,81,0,-16
39,R,-2000,1700,82,0,-16
39,R,-2000,1700,83,0,-15
39,R,-2000,1700,84,0,-16
39,R,-2000,1700,85,0,-16
39,R,-2000,1700,86,0,-16
39,R,-2000,1700,87,0,-16
39,R,-2000,1700,88,0,-16
39,R,-2000,1700,89,0,-16
39,R,-2000,1700,90,0,-15
39,R,-2000,1700,91,0,-16
39,R,-2000,1700,92,0,-16
39,R,-2000,1700,93,0,-16
39,R,-2000,1700,94,0,-16
39,R,-2000,1700,95,0,-16
39,R,-2000,1700,96,0,-16
39,R,-2000,1700,97,0,-16
39,R,-2000,1700,98,0,-16
39,R,-2000,1700,99,0,-16
39,R,-2000,1700,100,0,-17
39,R,-2000,1700,101,0,-15
39,R,-2000,1700,102,0,-17
39,R,-2000,1700,103,0,-16
39,R,-2000,1700,104,0,-16
39,R,-2000,1700,105,0,-16
39,R,-2000,1700,106,0,-16
39,R,-2000,1700,107,0,-16
39,R,-2000,1700,108,0,-17
39,R,-2000,1700,109,0,-16
39,R,-2000,1700,110,0,-16
39,R,-2000,1700,111,0,-16
39,R,-2000,1700,112,0,-16
39,R,-2000,1700,113,0,-16
39,R,-2000,1700,114,0,-16
39,R,-2000,1700,115,0,-16
39,R,-2000,1700,116,0,-17
39,R,-2000,1700,117,0,-16
39,R,-2000,1700,118,0,-17
39,R,-2000,1700,119,0,-16
39,R,-2000,1700,120,0,-16
39,R,-2000,1700,121,0,-17
39,R,-2000,1700,122,0,-16
39,R,-2000,1700,123,0,-16
39,R,-2000,1700,124,0,-17
39,R,-2000,1700,125,0,-16
39,R,-2000,1700,126,0,-16
39,R,-2000,1700,127,0,-16
39,R,-2000,1700,128,0,-17
39,R,-2000,1700,129,0,-16
39,R,-2000,1700,130,0,-16
39,R,-2000,1700,131,0,-17
39,R,-2000,1700,132,0,-17
39,R,-2000,1700,133,0,-16
39,R,-2000,1700,134,0,-16
39,R,-2000,1700,135,0,-17
39,R,-2000,1700,136,0,-16
39,R,-2000,1700,137,0,-16
39,R,-2000,1700,138,0,-17
39,R,-2000,1700,139,0,-16
39,R,-2000,1700,140,0,-16
39,R,-2000,1700,141,0,-17
39,R,-2000,1700,142,0,-17
39,R,-2000,1700,143,0,-16
39,R,-2000,1700,144,0,-16
39,R,-2000,1700,145,0,-17
39,R,-2000,1700,146,0,-16
39,R,-2000,1700,147,0,-16
39,R,-2000,1700,148,0,-17
39,R,-2000,1700,149,0,-16
39,R,-2000,1700,150,0,-18
39,R,-2000,1700,151,0,-16
39,R,-2000,1700,152,0,-16
39,R,-2000,1700,153,0,-16
39,R,-2000,1700,154,0,-17
39,R,-2000,1700,155,0,-16
39,R,-2000,1700,156,0,-16
39,R,-2000,1700,157,0,-17
39,R,-2000,1700,158,0,-16
39,R,-2000,1700,159,0,-17
39,R,-2000,1700,160,0,-17
39,R,-2000,1700,161,0,-16
39,R,-2000,1700,162,0,-17
39,R,-2000,1700,163,0,-16
39,R,-2000,1700,164,0,-16
39,R,-2000,1700,165,0,-17
39,R,-2000,1700,166,0,-16
39,R,-2000,1700,167,0,-17
39,R,-2000,1700,168,0,-17
39,R,-2000,1700,169,0,-16
39,R,-2000,1700,170,0,-16
39,R,-2000,1700,171,0,-17
39,R,-2000,1700,172,0,-16
39,R,-2000,1700,173,0,-17
39,R,-2000,1700,174,0,-16
39,R,-2000,1700,175,0,-17
39,R,-2000,1700,176,0,-17
39,R,-2000,1700,177,0,-16
39,R,-2000,1700,178,0,-17
39,R,-2000,1700,179,0,-16
39,R,-2000,1700,180,0,-16
39,R,-2000,1700,181,0,-17
39,R,-2000,1700,182,0,-16
39,R,-2000,1700,183,0,-17
39,R,-2000,1700,184,0,-17
39,R,-2000,1700,185,0,-16
39,R,-2000,1700,186,0,-17
39,R,-2000,1700,187,0,-16
39,R,-2000,1700,188,0,-16
39,R,-2000,1700,189,0,-17
39,R,-2000,1700,190,0,-17
39,R,-2000,1700,191,0,-17
39,R,-2000,1700,192,0,-16
39,R,-2000,1700,193,0,-17
39,R,-2000,1700,194,0,-16
39,R,-2000,1700,195,0,-16
39,R,-2000,1700,196,0,-17
39,R,-2000,1700,197,0,-16
39,R,-2000,1700,198,0,-17
39,R,-2000,1700,199,0,-17
39,R,-2000,1700,200,0,-16
39,R,-2000,1700,201,0,-17
39,R,-2000,1700,202,0,-15
39,R,-2000,1700,203,0,-13
39,R,-2000,1700,204,0,-13
39,R,-2000,1700,205,0,-11
39,R,-2000,1700,206,0,-11
39,R,-2000,1700,207,0,-9
39,R,-2000,1700,208,0,-8
39,R,-2000,1700,209,0,-8
39,R,-2000,1700,210,0,-6
39,R,-2000,1700,211,0,-6
39,R,-2000,1700,212,0,-4
39,R,-2000,1700,213,0,-4
39,R,-2000,1700,214,0,-4
39,R,-2000,1700,215,0,-3
39,R,-2000,1700,216,0,-1
39,R,-2000,1700,217,0,-2
39,R,-2000,1700,218,0,-1
39,R,-2000,1700,219,0,-1
39,R,-2000,1700,220,0,1
39,R,-2000,1700,221,0,0
39,R,-2000,1700,222,0,1
39,R,-2000,1700,223,0,1
39,R,-2000,1700,224,0,2
39,R,-2000,1700,225,0,2
39,R,-2000,1700,226,0,1
39,R,-2000,1700,227,0,3
39,R,-2000,1700,228,0,2
39,R,-2000,1700,229,0,3
39,R,-2000,1700,230,0,3
39,R,-2000,1700,231,0,2
39,R,-2000,1700,232,0,4
39,R,-2000,1700,233,0,3
39,R,-2000,1700,234,0,4
39,R,-2000,1700,235,0,4
39,R,-2000,1700,236,0,4
39,R,-2000,1700,237,0,4
39,R,-2000,1700,238,0,4
39,R,-2000,1700,239,0,4
39,R,-2000,1700,240,0,4
39,R,-2000,1700,241,0,5
39,R,-2000,1700,242,0,4
39,R,-2000,1700,243,0,5
39,R,-2000,1700,244,0,5
39,R,-2000,1700,245,0,5
39,R,-2000,1700,246,0,5
39,R,-2000,1700,247,0,5
39,R,-2000,1700,248,0,5
39,R,-2000,1700,249,0,5
39,R,-2000,1700,250,0,5
39,R,-2000,1700,251,0,6
39,R,-2000,1700,252,0,6
39,R,-2000,1700,253,0,5
39,R,-2000,1700,254,0,6
39,R,-2000,1700,255,0,5
39,R,-2000,1700,256,0,7
39,R,-2000,1700,257,0,5
39,R,-2000,1700,258,0,6
39,R,-2000,1700,259,0,6
39,R,-2000,1700,260,0,6
39,R,-2000,1700,261,0,6
39,R,-2000,1700,262,0,7
39,R,-2000,1700,263,0,5
39,R,-2000,1700,264,0,7
39,R,-2000,1700,265,0,6
39,R,-2000,1700,266,0,6
39,R,-2000,1700,267,0,7
39,R,-2000,1700,268,0,6
39,R,-2000,1700,269,0,7
39,R,-2000,1700,270,0,6
39,R,-2000,1700,271,0,7
39,R,-2000,1700,272,0,7
39,R,-2000,1700,273,0,6
39,R,-2000,1700,274,0,6
39,R,-2000,1700,275,0,7
39,R,-2000,1700,276,0,7
39,R,-2000,1700,277,0,7
39,R,-2000,1700,278,0,7
39,R,-2000,1700,279,0,6
39,R,-2000,1700,280,0,7
39,R,-2000,1700,281,0,7
39,R,-2000,1700,282,0,7
39,R,-2000,1700,283,0,6
39,R,-2000,1700,284,0,7
39,R,-2000,1700,285,0,8
39,R,-2000,1700,286,0,7
39,R,-2000,1700,287,0,6
39,R,-2000,1700,288,0,8
39,R,-2000,1700,289,0,7
39,R,-2000,1700,290,0,7
39,R,-2000,1700,291,0,7
39,R,-2000,1700,292,0,7
39,R,-2000,1700,293,0,7
39,R,-2000,1700,294,0,8
39,R,-2000,1700,295,0,7
39,R,-2000,1700,296,0,7
39,R,-2000,1700,297,0,7
39,R,-2000,1700,298,0,7
39,R,-2000,1700,299,0,8
39,R,-2000,1700,300,0,7
39,R,-2000,1700,301,0,7
39,R,-2000,1700,302,0,7
39,R,-2000,1700,303,0,8
39,R,-2000,1700,304,0,7
39,R,-2000,1700,305,0,8
39,R,-2000,1700,306,0,7
39,R,-2000,1700,307,0,8
39,R,-2000,1700,308,0,7
39,R,-2000,1700,309,0,7
39,R,-2000,1700,310,0,8
39,R,-2000,1700,311,0,7
39,R,-2000,1700,312,0,8
39,R,-2000,1700,313,0,8
39,R,-2000,1700,314,0,7
39,R,-2000,1700,315,0,7
39,R,-2000,1700,316,0,8
39,R,-2000,1700,317,0,7
39,R,-2000,1700,318,0,8
39,R,-2000,1700,319,0,7
39,R,-2000,1700,320,0,8
39,R,-2000,1700,321,0,8
39,R,-2000,1700,322,0,8
39,R,-2000,1700,323,0,7
39,R,-2000,1700,324,0,8
39,R,-2000,1700,325,0,7
39,R,-2000,1700,326,0,7
39,R,-2000,1700,327,0,8
39,R,-2000,1700,328,0,8
39,R,-2000,1700,329,0,7
39,R,-2000,1700,330,0,8
39,R,-2000,1700,331,0,8
39,R,-2000,1700,332,0,8
39,R,-2000,1700,333,0,8
39,R,-2000,1700,334,0,7
39,R,-2000,1700,335,0,8
39,R,-2000,1700,336,0,7
39,R,-2000,1700,337,0,8
39,R,-2000,1700,338,0,7
39,R,-2000,1700,339,0,8
39,R,-2000,1700,340,0,8
39,R,-2000,1700,341,0,8
39,R,-2000,1700,342,0,7
39,R,-2000,1700,343,0,8
39,R,-2000,1700,344,0,8
39,R,-2000,1700,345,0,8
39,R,-2000,1700,346,0,8
39,R,-2000,1700,347,0,7
39,R,-2000,1700,348,0,8
39,R,-2000,1700,349,0,8
39,R,-2000,1700,350,0,7
39,R,-2000,1700,351,0,8
39,R,-2000,1700,352,0,8
39,R,-2000,1700,353,0,7
39,R,-2000,1700,354,0,8
39,R,-2000,1700,355,0,8
39,R,-2000,1700,356,0,8
39,R,-2000,1700,357,0,8
39,R,-2000,1700,358,0,7
39,R,-2000,1700,359,0,8
39,R,-2000,1700,360,0,8
39,R,-2000,1700,361,0,8
39,R,-2000,1700,362,0,8
39,R,-2000,1700,363,0,8
39,R,-2000,1700,364,0,8
39,R,-2000,1700,365,0,7
39,R,-2000,1700,366,0,8
39,R,-2000,1700,367,0,8
39,R,-2000,1700,368,0,8
39,R,-2000,1700,369,0,8
39,R,-2000,1700,370,0,8
39,R,-2000,1700,371,0,7
39,R,-2000,1700,372,0,8
39,R,-2000,1700,373,0,8
39,R,-2000,1700,374,0,8
39,R,-2000,1700,375,0,7
39,R,-2000,1700,376,0,8
39,R,-2000,1700,377,0,8
39,R,-2000,1700,378,0,8
39,R,-2000,1700,379,0,8
39,R,-2000,1700,380,0,8
39,R,-2000,1700,381,0,8
39,R,-2000,1700,382,0,8
39,R,-2000,1700,383,0,7
39,R,-2000,1700,384,0,8
39,R,-2000,1700,385,0,8
39,R,-2000,1700,386,0,8
39,R,-2000,1700,387,0,8
39,R,-2000,1700,388,0,8
39,R,-2000,1700,389,0,8
39,R,-2000,1700,390,0,8
39,R,-2000,1700,391,0,8
39,R,-2000,1700,392,0,8
39,R,-2000,1700,393,0,8
39,R,-2000,1700,394,0,8
39,R,-2000,1700,395,0,8
39,R,-2000,1700,396,0,8
39,R,-2000,1700,397,0,8
39,R,-2000,1700,398,0,7
39,R,-2000,1700,399,0,8
39,R,-2000,1700,400,0,8
39,R,-2000,1700,401,0,8
39,R,-2000,1700,402,0,8
39,R,-2000,1700,403,0,8
39,R,-2000,1700,404,0,7
39,R,-2000,1700,405,0,7
39,R,-2000,1700,406,0,8
39,R,-2000,1700,407,0,7
39,R,-2000,1700,408,0,8
39,R,-2000,1700,409,0,7
39,R,-2000,1700,410,0,7
39,R,-2000,1700,411,0,7
39,R,-2000,1700,412,0,7
39,R,-2000,1700,413,0,7
39,R,-2000,1700,414,0,7
39,R,-2000,1700,415,0,7
39,R,-2000,1700,416,0,7
39,R,-2000,1700,417,0,6
39,R,-2000,1700,418,0,6
39,R,-2000,1700,419,0,7
39,R,-2000,1700,420,0,6
39,R,-2000,1700,421,0,7
39,R,-2000,1700,422,0,6
39,R,-2000,1700,423,0,6
39,R,-2000,1700,424,0,6
39,R,-2000,1700,425,0,6
39,R,-2000,1700,426,0,6
39,R,-2000,1700,427,0,6
39,R,-2000,1700,428,0,6
39,R,-2000,1700,429,0,6
39,R,-2000,1700,430,0,5
39,R,-2000,1700,431,0,6
39,R,-2000,1700,432,0,5
39,R,-2000,1700,433,0,5
39,R,-2000,1700,434,0,6
39,R,-2000,1700,435,0,5
39,R,-2000,1700,436,0,5
39,R,-2000,1700,437,0,6
39,R,-2000,1700,438,0,5
39,R,-2000,1700,439,0,5
39,R,-2000,1700,440,0,4
39,R,-2000,1700,441,0,6
39,R,-2000,1700,442,0,5
39,R,-2000,1700,443,0,4
39,R,-2000,1700,444,0,5
39,R,-2000,1700,445,0,4
39,R,-2000,1700,446,0,5
39,R,-2000,1700,447,0,5
39,R,-2000,1700,448,0,4
39,R,-2000,1700,449,0,4
39,R,-2000,1700,450,0,5
39,R,-2000,1700,451,0,4
39,R,-2000,1700,452,0,4
39,R,-2000,1700,453,0,4
39,R,-2000,1700,454,0,4
39,R,-2000,1700,455,0,4
39,R,-2000,1700,456,0,4
39,R,-2000,1700,457,0,4
39,R,-2000,1700,458,0,4
39,R,-2000,1700,459,0,3
39,R,-2000,1700,460,0,4
39,R,-2000,1700,461,0,3
39,R,-2000,1700,462,0,3
39,R,-2000,1700,463,0,4
39,R,-2000,1700,464,0,3
39,R,-2000,1700,465,0,4
39,R,-2000,1700,466,0,3
39,R,-2000,1700,467,0,3
39,R,-2000,1700,468,0,3
39,R,-2000,1700,469,0,3
39,R,-2000,1700,470,0,4
39,R,-2000,1700,471,0,3
39,R,-2000,1700,472,0,2
39,R,-2000,1700,473,0,3
39,R,-2000,1700,474,0,3
39,R,-2000,1700,475,0,3
39,R,-2000,1700,476,0,2
39,R,-2000,1700,477,0,3
39,R,-2000,1700,478,0,2
39,R,-2000,1700,479,0,3
39,R,-2000,1700,480,0,3
39,R,-2000,1700,481,0,2
39,R,-2000,1700,482,0,3
39,R,-2000,1700,483,0,1
39,R,-2000,1700,484,0,3
39,R,-2000,1700,485,0,2
39,R,-2000,1700,486,0,2
39,R,-2000,1700,487,0,2
39,R,-2000,1700,488,0,2
39,R,-2000,1700,489,0,2
39,R,-2000,1700,490,0,2
39,R,-2000,1700,491,0,2
39,R,-2000,1700,492,0,2
39,R,-2000,1700,493,0,1
39,R,-2000,1700,494,0,3
39,R,-2000,1700,495,0,1
39,R,-2000,1700,496,0,2
39,R,-2000,1700,497,0,1
39,R,-2000,1700,498,0,1
39,R,-2000,1700,499,0,2
40,R,-2000,2000,0,0,0
40,R,-2000,2000,1,0,-1
40,R,-2000,2000,2,0,-1
40,R,-2000,2000,3,0,-2
40,R,-2000,2000,4,0,-2
40,R,-2000,2000,5,0,-4
40,R,-2000,2000,6,0,-4
40,R,-2000,2000,7,0,-5
40,R,-2000,2000,8,0,-6
40,R,-2000,2000,9,0,-6
40,R,-2000,2000,10,0,-7
40,R,-2000,2000,11,0,-7
40,R,-2000,2000,12,0,-8
40,R,-2000,2000,13,0,-8
40,R,-2000,2000,14,0,-8
40,R,-2000,2000,15,0,-9
40,R,-2000,2000,16,0,-9
40,R,-2000,2000,17,0,-10
40,R,-2000,2000,18,0,-9
40,R,-2000,2000,19,0,-11
40,R,-2000,2000,20,0,-10
40,R,-2000,2000,21,0,-11
40,R,-2000,2000,22,0,-11
40,R,-2000,2000,23,0,-10
40,R,-2000,2000,24,0,-12
40,R,-2000,2000,25,0,-11
40,R,-2000,2000,26,0,-12
40,R,-2000,2000,27,0,-12
40,R,-2000,2000,28,0,-12
40,R,-2000,2000,29,0,-12
40,R,-2000,2000,30,0,-13
40,R,-2000,2000,31,0,-12
40,R,-2000,2000,32,0,-13
40,R,-2000,2000,33,0,-13
40,R,-2000,2000,34,0,-13
40,R,-2000,2000,35,0,-13
40,R,-2000,2000,36,0,-14
40,R,-2000,2000,37,0,-13
40,R,-2000,2000,38,0,-13
40,R,-2000,2000,39,0,-14
40,R,-2000,2000,40,0,-13
40,R,-2000,2000,41,0,-14
40,R,-2000,2000,42,0,-14
40,R,-2000,2000,43,0,-14
40,R,-2000,2000,44,0,-14
40,R,-2000,2000,45,0,-14
40,R,-2000,2000,46,0,-14
40,R,-2000,2000,47,0,-14
40,R,-2000,2000,48,0,-14
40,R,-2000,2000,49,0,-15
40,R,-2000,2000,50,0,-14
40,R,-2000,2000,51,0,-15
40,R,-2000,2000,52,0,-15
40,R,-2000,2000,53,0,-14
40,R,-2000,2000,54,0,-15
40,R,-2000,2000,55,0,-15
40,R,-2000,2000,56,0,-14
40,R,-2000,2000,57,0,-15
40,R,-2000,2000,58,0,-16
40,R,-2000,2000,59,0,-15
40,R,-2000,2000,60,0,-14
40,R,-2000,2000,61,0,-15
40,R,-2000,2000,62,0,-16
40,R,-2000,2000,63,0,-15
40,R,-2000,2000,64,0,-15
40,R,-2000,2000,65,0,-15
40,R,-2000,2000,66,0,-15
40,R,-2000,2000,67,0,-16
40,R,-2000,2000,68,0,-15
40,R,-2000,2000,69,0,-16
40,R,-2000,2000,70,0,-15
40,R,-2000,2000,71,0,-15
40,R,-2000,2000,72,0,-16
40,R,-2000,2000,73,0,-15
40,R,-2000,2000,74,0,-16
40,R,-2000,2000,75,0,-16
40,R,-2000,2000,76,0,-15
40,R,-2000,2000,77,0,-16
40,R,-2000,2000,78,0,-16
40,R,-2000,2000,79,0,-15
40,R,-2000,2000,80,0,-16
40,R,-2000,2000,81,0,-16
40,R,-2000,2000,82,0,-15
40,R,-2000,2000,83,0,-16
40,R,-2000,2000,84,0,-16
40,R,-2000,2000,85,0,-16
40,R,-2000,2000,86,0,-16
40,R,-2000,2000,87,0,-16
40,R,-2000,2000,88,0,-16
40,R,-2000,2000,89,0,-16
40,R,-2000,2000,90,0,-16
40,R,-2000,2000,91,0,-15
40,R,-2000,2000,92,0,-17
40,R,-2000,2000,93,0,-16
40,R,-2000,2000,94,0,-16
40,R,-2000,2000,95,0,-16
40,R,-2000,2000,96,0,-16
40,R,-2000,2000,97,0,-16
40,R,-2000,2000,98,0,-16
40,R,-2000,2000,99,0,-16
40,R,-2000,2000,100,0,-16
40,R,-2000,2000,101,0,-16
40,R,-2000,2000,102,0,-17
40,R,-2000,2000,103,0,-17
40,R,-2000,2000,104,0,-15
40,R,-2000,2000,105,0,-17
40,R,-2000,2000,106,0,-16
40,R,-2000,2000,107,0,-16
40,R,-2000,2000,108,0,-16
40,R,-2000,2000,109,0,-16
40,R,-2000,2000,110,0,-17
40,R,-2000,2000,111,0,-16
40,R,-2000,2000,112,0,-16
40,R,-2000,2000,113,0,-16
40,R,-2000,2000,114,0,-16
40,R,-2000,2000,115,0,-16
40,R,-2000,2000,116,0,-17
40,R,-2000,2000,117,0,-16
40,R,-2000,2000,118,0,-17
40,R,-2000,2000,119,0,-16
40,R,-2000,2000,120,0,-17
40,R,-2000,2000,121,0,-16
40,R,-2000,2000,122,0,-16
40,R,-2000,2000,123,0,-17
40,R,-2000,2000,124,0,-16
40,R,-2000,2000,125,0,-16
40,R,-2000,2000,126,0,-16
40,R,-2000,2000,127,0,-17
40,R,-2000,2000,128,0,-16
40,R,-2000,2000,129,0,-17
40,R,-2000,2000,130,0,-17
40,R,-2000,2000,131,0,-16
40,R,-2000,2000,132,0,-16
40,R,-2000,2000,133,0,-17
40,R,-2000,2000,134,0,-16
40,R,-2000,2000,135,0,-16
40,R,-2000,2000,136,0,-17
40,R,-2000,2000,137,0,-16
40,R,-2000,2000,138,0,-17
40,R,-2000,2000,139,0,-17
40,R,-2000,2000,140,0,-16
40,R,-2000,2000,141,0,-16
40,R,-2000,2000,142,0,-17
40,R,-2000,2000,143,0,-16
40,R,-2000,2000,144,0,-16
40,R,-2000,2000,145,0,-17
40,R,-2000,2000,146,0,-16
40,R,-2000,2000,147,0,-17
40,R,-2000,2000,148,0,-17
40,R,-2000,2000,149,0,-16
40,R,-2000,2000,150,0,-17
40,R,-2000,2000,151,0,-16
40,R,-2000,2000,152,0,-16
40,R,-2000,2000,153,0,-17
40,R,-2000,2000,154,0,-17
40,R,-2000,2000,155,0,-16
40,R,-2000,2000,156,0,-17
40,R,-2000,2000,157,0,-16
40,R,-2000,2000,158,0,-17
40,R,-2000,2000,159,0,-16
40,R,-2000,2000,160,0,-17
40,R,-2000,2000,161,0,-16
40,R,-2000,2000,162,0,-17
40,R,-2000,2000,163,0,-17
40,R,-2000,2000,164,0,-17
40,R,-2000,2000,165,0,-16
40,R,-2000,2000,166,0,-16
40,R,-2000,2000,167,0,-17
40,R,-2000,2000,168,0,-16
40,R,-2000,2000,169,0,-17
40,R,-2000,2000,170,0,-17
40,R,-2000,2000,171,0,-16
40,R,-2000,2000,172,0,-17
40,R,-2000,2000,173,0,-16
40,R,-2000,2000,174,0,-17
40,R,-2000,2000,175,0,-16
40,R,-2000,2000,176,0,-17
40,R,-2000,2000,177,0,-17
40,R,-2000,2000,178,0,-16
40,R,-2000,2000,179,0,-17
40,R,-2000,2000,180,0,-16
40,R,-2000,2000,181,0,-17
40,R,-2000,2000,182,0,-17
40,R,-2000,2000,183,0,-17
40,R,-2000,2000,184,0,-16
40,R,-2000,2000,185,0,-17
40,R,-2000,2000,186,0,-16
40,R,-2000,2000,187,0,-16
40,R,-2000,2000,188,0,-17
40,R,-2000,2000,189,0,-17
40,R,-2000,2000,190,0,-17
40,R,-2000,2000,191,0,-16
40,R,-2000,2000,192,0,-17
40,R,-2000,2000,193,0,-16
40,R,-2000,2000,194,0,-17
40,R,-2000,2000,195,0,-17
40,R,-2000,2000,196,0,-17
40,R,-2000,2000,197,0,-16
40,R,-2000,2000,198,0,-17
40,R,-2000,2000,199,0,-16
40,R,-2000,2000,200,0,-16
40,R,-2000,2000,201,0,-17
40,R,-2000,2000,202,0,-14
40,R,-2000,2000,203,0,-13
40,R,-2000,2000,204,0,-11
40,R,-2000,2000,205,0,-9
40,R,-2000,2000,206,0,-8
40,R,-2000,2000,207,0,-5
40,R,-2000,2000,208,0,-5
40,R,-2000,2000,209,0,-3
40,R,-2000,2000,210,0,-2
40,R,-2000,2000,211,0,-1
40,R,-2000,2000,212,0,1
40,R,-2000,2000,213,0,2
40,R,-2000,2000,214,0,2
40,R,-2000,2000,215,0,3
40,R,-2000,2000,216,0,4
40,R,-2000,2000,217,0,5
40,R,-2000,2000,218,0,6
40,R,-2000,2000,219,0,5
40,R,-2000,2000,220,0,7
40,R,-2000,2000,221,0,7
40,R,-2000,2000,222,0,7
40,R,-2000,2000,223,0,8
40,R,-2000,2000,224,0,9
40,R,-2000,2000,225,0,9
40,R,-2000,2000,226,0,9
40,R,-2000,2000,227,0,9
40,R,-2000,2000,228,0,10
40,R,-2000,2000,229,0,9
40,R,-2000,2000,230,0,11
40,R,-2000,2000,231,0,10
40,R,-2000,2000,232,0,11
40,R,-2000,2000,233,0,11
40,R,-2000,2000,234,0,10
40,R,-2000,2000,235,0,12
40,R,-2000,2000,236,0,11
40,R,-2000,2000,237,0,12
40,R,-2000,2000,238,0,12
40,R,-2000,2000,239,0,12
40,R,-2000,2000,240,0,12
40,R,-2000,2000,241,0,12
40,R,-2000,2000,242,0,13
40,R,-2000,2000,243,0,12
40,R,-2000,2000,244,0,14
40,R,-2000,2000,245,0,13
40,R,-2000,2000,246,0,12
40,R,-2000,2000,247,0,13
40,R,-2000,2000,248,0,14
40,R,-2000,2000,249,0,13
40,R,-2000,2000,250,0,13
40,R,-2000,2000,251,0,14
40,R,-2000,2000,252,0,13
40,R,-2000,2000,253,0,14
40,R,-2000,2000,254,0,14
40,R,-2000,2000,255,0,14
40,R,-2000,2000,256,0,14
40,R,-2000,2000,257,0,14
40,R,-2000,2000,258,0,14
40,R,-2000,2000,259,0,14
40,R,-2000,2000,260,0,14
40,R,-2000,2000,261,0,15
40,R,-2000,2000,262,0,14
40,R,-2000,2000,263,0,15
40,R,-2000,2000,264,0,14
40,R,-2000,2000,265,0,14
40,R,-2000,2000,266,0,15
40,R,-2000,2000,267,0,14
40,R,-2000,2000,268,0,15
40,R,-2000,2000,269,0,15
40,R,-2000,2000,270,0,15
40,R,-2000,2000,271,0,15
40,R,-2000,2000,272,0,15
40,R,-2000,2000,273,0,15
40,R,-2000,2000,274,0,14
40,R,-2000,2000,275,0,15
40,R,-2000,2000,276,0,16
40,R,-2000,2000,277,0,15
40,R,-2000,2000,278,0,14
40,R,-2000,2000,279,0,15
40,R,-2000,2000,280,0,16
40,R,-2000,2000,281,0,15
40,R,-2000,2000,282,0,15
40,R,-2000,2000,283,0,15
40,R,-2000,2000,284,0,15
40,R,-2000,2000,285,0,16
40,R,-2000,2000,286,0,16
40,R,-2000,2000,287,0,15
40,R,-2000,2000,288,0,15
40,R,-2000,2000,289,0,15
40,R,-2000,2000,290,0,16
40,R,-2000,2000,291,0,15
40,R,-2000,2000,292,0,16
40,R,-2000,2000,293,0,15
40,R,-2000,2000,294,0,16
40,R,-2000,2000,295,0,15
40,R,-2000,2000,296,0,15
40,R,-2000,2000,297,0,16
40,R,-2000,2000,298,0,16
40,R,-2000,2000,299,0,15
40,R,-2000,2000,300,0,16
40,R,-2000,2000,301,0,16
40,R,-2000,2000,302,0,16
40,R,-2000,2000,303,0,15
40,R,-2000,2000,304,0,16
40,R,-2000,2000,305,0,15
40,R,-2000,2000,306,0,16
40,R,-2000,2000,307,0,16
40,R,-2000,2000,308,0,15
40,R,-2000,2000,309,0,16
40,R,-2000,2000,310,0,16
40,R,-2000,2000,311,0,16
40,R,-2000,2000,312,0,15
40,R,-2000,2000,313,0,15
40,R,-2000,2000,314,0,16
40,R,-2000,2000,315,0,16
40,R,-2000,2000,316,0,16
40,R,-2000,2000,317,0,16
40,R,-2000,2000,318,0,16
40,R,-2000,2000,319,0,16
40,R,-2000,2000,320,0,16
40,R,-2000,2000,321,0,16
40,R,-2000,2000,322,0,15
40,R,-2000,2000,323,0,16
40,R,-2000,2000,324,0,16
40,R,-2000,2000,325,0,16
40,R,-2000,2000,326,0,16
40,R,-2000,2000,327,0,16
40,R,-2000,2000,328,0,16
40,R,-2000,2000,329,0,16
40,R,-2000,2000,330,0,16
40,R,-2000,2000,331,0,16
40,R,-2000,2000,332,0,16
40,R,-2000,2000,333,0,16
40,R,-2000,2000,334,0,16
40,R,-2000,2000,335,0,16
40,R,-2000,2000,336,0,16
40,R,-2000,2000,337,0,16
40,R,-2000,2000,338,0,16
40,R,-2000,2000,339,0,16
40,R,-2000,2000,340,0,16
40,R,-2000,2000,341,0,16
40,R,-2000,2000,342,0,16
40,R,-2000,2000,343,0,16
40,R,-2000,2000,344,0,16
40,R,-2000,2000,345,0,16
40,R,-2000,2000,346,0,17
40,R,-2000,2000,347,0,16
40,R,-2000,2000,348,0,16
40,R,-2000,2000,349,0,16
40,R,-2000,2000,350,0,16
40,R,-2000,2000,351,0,16
40,R,-2000,2000,352,0,16
40,R,-2000,2000,353,0,16
40,R,-2000,2000,354,0,16
40,R,-2000,2000,355,0,16
40,R,-2000,2000,356,0,16
40,R,-2000,2000,357,0,16
40,R,-2000,2000,358,0,16
40,R,-2000,2000,359,0,16
40,R,-2000,2000,360,0,17
40,R,-2000,2000,361,0,16
40,R,-2000,2000,362,0,16
40,R,-2000,2000,363,0,16
40,R,-2000,2000,364,0,16
40,R,-2000,2000,365,0,16
40,R,-2000,2000,366,0,16
40,R,-2000,2000,367,0,16
40,R,-2000,2000,368,0,17
40,R,-2000,2000,369,0,16
40,R,-2000,2000,370,0,16
40,R,-2000,2000,371,0,16
40,R,-2000,2000,372,0,17
40,R,-2000,2000,373,0,16
40,R,-2000,2000,374,0,16
40,R,-2000,2000,375,0,16
40,R,-2000,2000,376,0,16
40,R,-2000,2000,377,0,17
40,R,-2000,2000,378,0,16
40,R,-2000,2000,379,0,16
40,R,-2000,2000,380,0,16
40,R,-2000,2000,381,0,16
40,R,-2000,2000,382,0,16
40,R,-2000,2000,383,0,16
40,R,-2000,2000,384,0,16
40,R,-2000,2000,385,0,17
40,R,-2000,2000,386,0,16
40,R,-2000,2000,387,0,16
40,R,-2000,2000,388,0,16
40,R,-2000,2000,389,0,16
40,R,-2000,2000,390,0,16
40,R,-2000,2000,391,0,16
40,R,-2000,2000,392,0,17
40,R,-2000,2000,393,0,16
40,R,-2000,2000,394,0,16
40,R,-2000,2000,395,0,17
40,R,-2000,2000,396,0,16
40,R,-2000,2000,397,0,16
40,R,-2000,2000,398,0,16
40,R,-2000,2000,399,0,16
40,R,-2000,2000,400,0,17
40,R,-2000,2000,401,0,16
40,R,-2000,2000,402,0,16
40,R,-2000,2000,403,0,16
40,R,-2000,2000,404,0,15
40,R,-2000,2000,405,0,16
40,R,-2000,2000,406,0,16
40,R,-2000,2000,407,0,15
40,R,-2000,2000,408,0,15
40,R,-2000,2000,409,0,15
40,R,-2000,2000,410,0,16
40,R,-2000,2000,411,0,15
40,R,-2000,2000,412,0,14
40,R,-2000,2000,413,0,15
40,R,-2000,2000,414,0,15
40,R,-2000,2000,415,0,14
40,R,-2000,2000,416,0,15
40,R,-2000,2000,417,0,15
40,R,-2000,2000,418,0,14
40,R,-2000,2000,419,0,14
40,R,-2000,2000,420,0,14
40,R,-2000,2000,421,0,14
40,R,-2000,2000,422,0,14
40,R,-2000,2000,423,0,14
40,R,-2000,2000,424,0,13
40,R,-2000,2000,425,0,13
40,R,-2000,2000,426,0,14
40,R,-2000,2000,427,0,13
40,R,-2000,2000,428,0,13
40,R,-2000,2000,429,0,14
40,R,-2000,2000,430,0,13
40,R,-2000,2000,431,0,12
40,R,-2000,2000,432,0,13
40,R,-2000,2000,433,0,13
40,R,-2000,2000,434,0,13
40,R,-2000,2000,435,0,13
40,R,-2000,2000,436,0,12
40,R,-2000,2000,437,0,12
40,R,-2000,2000,438,0,12
40,R,-2000,2000,439,0,12
40,R,-2000,2000,440,0,12
40,R,-2000,2000,441,0,12
40,R,-2000,2000,442,0,12
40,R,-2000,2000,443,0,12
40,R,-2000,2000,444,0,12
40,R,-2000,2000,445,0,11
40,R,-2000,2000,446,0,12
40,R,-2000,2000,447,0,10
40,R,-2000,2000,448,0,12
40,R,-2000,2000,449,0,11
40,R,-2000,2000,450,0,11
40,R,-2000,2000,451,0,11
40,R,-2000,2000,452,0,11
40,R,-2000,2000,453,0,11
40,R,-2000,2000,454,0,11
40,R,-2000,2000,455,0,10
40,R,-2000,2000,456,0,11
40,R,-2000,2000,457,0,10
40,R,-2000,2000,458,0,10
40,R,-2000,2000,459,0,11
40,R,-2000,2000,460,0,9
40,R,-2000,2000,461,0,11
40,R,-2000,2000,462,0,9
40,R,-2000,2000,463,0,11
40,R,-2000,2000,464,0,9
40,R,-2000,2000,465,0,9
40,R,-2000,2000,466,0,10
40,R,-2000,2000,467,0,10
40,R,-2000,2000,468,0,9
40,R,-2000,2000,469,0,10
40,R,-2000,2000,470,0,8
40,R,-2000,2000,471,0,9
40,R,-2000,2000,472,0,10
40,R,-2000,2000,473,0,9
40,R,-2000,2000,474,0,8
40,R,-2000,2000,475,0,9
40,R,-2000,2000,476,0,9
40,R,-2000,2000,477,0,9
40,R,-2000,2000,478,0,8
40,R,-2000,2000,479,0,9
40,R,-2000,2000,480,0,8
40,R,-2000,2000,481,0,8
40,R,-2000,2000,482,0,8
40,R,-2000,2000,483,0,8
40,R,-2000,2000,484,0,8
40,R,-2000,2000,485,0,8
40,R,-2000,2000,486,0,8
40,R,-2000,2000,487,0,8
40,R,-2000,2000,488,0,8
40,R,-2000,2000,489,0,7
40,R,-2000,2000,490,0,8
40,R,-2000,2000,491,0,7
40,R,-2000,2000,492,0,7
40,R,-2000,2000,493,0,8
40,R,-2000,2000,494,0,7
40,R,-2000,2000,495,0,7
40,R,-2000,2000,496,0,7
40,R,-2000,2000,497,0,7
40,R,-2000,2000,498,0,7
40,R,-2000,2000,499,0,7
41,R,-2000,2800,0,0,0
41,R,-2000,2800,1,0,0
41,R,-2000,2800,2,0,-1
41,R,-2000,2800,3,0,-3
41,R,-2000,2800,4,0,-2
41,R,-2000,2800,5,0,-4
41,R,-2000,2800,6,0,-4
41,R,-2000,2800,7,0,-5
41,R,-2000,2800,8,0,-5
41,R,-2000,2800,9,0,-7
41,R,-2000,2800,10,0,-6
41,R,-2000,2800,11,0,-7
41,R,-2000,2800,12,0,-8
41,R,-2000,2800,13,0,-8
41,R,-2000,2800,14,0,-8
41,R,-2000,2800,15,0,-9
41,R,-2000,2800,16,0,-10
41,R,-2000,2800,17,0,-9
41,R,-2000,2800,18,0,-10
41,R,-2000,2800,19,0,-10
41,R,-2000,2800,20,0,-11
41,R,-2000,2800,21,0,-10
41,R,-2000,2800,22,0,-11
41,R,-2000,2800,23,0,-11
41,R,-2000,2800,24,0,-12
41,R,-2000,2800,25,0,-11
41,R,-2000,2800,26,0,-12
41,R,-2000,2800,27,0,-11
41,R,-2000,2800,28,0,-13
41,R,-2000,2800,29,0,-12
41,R,-2000,2800,30,0,-13
41,R,-2000,2800,31,0,-12
41,R,-2000,2800,32,0,-13
41,R,-2000,2800,33,0,-12
41,R,-2000,2800,34,0,-13
41,R,-2000,2800,35,0,-14
41,R,-2000,2800,36,0,-13
41,R,-2000,2800,37,0,-13
41,R,-2000,2800,38,0,-14
41,R,-2000,2800,39,0,-13
41,R,-2000,2800,40,0,-13
41,R,-2000,2800,41,0,-14
41,R,-2000,2800,42,0,-14
41,R,-2000,2800,43,0,-14
41,R,-2000,2800,44,0,-14
41,R,-2000,2800,45,0,-14
41,R,-2000,2800,46,0,-14
41,R,-2000,2800,47,0,-15
41,R,-2000,2800,48,0,-14
41,R,-2000,2800,49,0,-15
41,R,-2000,2800,50,0,-14
41,R,-2000,2800,51,0,-14
41,R,-2000,2800,52,0,-15
41,R,-2000,2800,53,0,-15
41,R,-2000,2800,54,0,-14
41,R,-2000,2800,55,0,-15
41,R,-2000,2800,56,0,-15
41,R,-2000,2800,57,0,-15
41,R,-2000,2800,58,0,-14
41,R,-2000,2800,59,0,-16
41,R,-2000,2800,60,0,-15
41,R,-2000,2800,61,0,-15
41,R,-2000,2800,62,0,-15
41,R,-2000,2800,63,0,-15
41,R,-2000,2800,64,0,-15
41,R,-2000,2800,65,0,-16
41,R,-2000,2800,66,0,-15
41,R,-2000,2800,67,0,-15
41,R,-2000,2800,68,0,-15
41,R,-2000,2800,69,0,-16
41,R,-2000,2800,70,0,-15
41,R,-2000,2800,71,0,-16
41,R,-2000,2800,72,0,-15
41,R,-2000,2800,73,0,-15
41,R,-2000,2800,74,0,-16
41,R,-2000,2800,75,0,-16
41,R,-2000,2800,76,0,-15
41,R,-2000,2800,77,0,-16
41,R,-2000,2800,78,0,-16
41,R,-2000,2800,79,0,-16
41,R,-2000,2800,80,0,-15
41,R,-2000,2800,81,0,-16
41,R,-2000,2800,82,0,-16
41,R,-2000,2800,83,0,-16
41,R,-2000,2800,84,0,-16
41,R,-2000,2800,85,0,-15
41,R,-2000,2800,86,0,-16
41,R,-2000,2800,87,0,-16
41,R,-2000,2800,88,0,-16
41,R,-2000,2800,89,0,-16
41,R,-2000,2800,90,0,-16
41,R,-2000,2800,91,0,-16
41,R,-2000,2800,92,0,-16
41,R,-2000,2800,93,0,-16
41,R,-2000,2800,94,0,-16
41,R,-2000,2800,95,0,-16
41,R,-2000,2800,96,0,-16
41,R,-2000,2800,97,0,-16
41,R,-2000,2800,98,0,-16
41,R,-2000,2800,99,0,-17
41,R,-2000,2800,100,0,-16
41,R,-2000,2800,101,0,-16
41,R,-2000,2800,102,0,-16
41,R,-2000,2800,103,0,-16
41,R,-2000,2800,104,0,-16
41,R,-2000,2800,105,0,-16
41,R,-2000,2800,106,0,-17
41,R,-2000,2800,107,0,-16
41,R,-2000,2800,108,0,-16
41,R,-2000,2800,109,0,-16
41,R,-2000,2800,110,0,-17
41,R,-2000,2800,111,0,-15
41,R,-2000,2800,112,0,-17
41,R,-2000,2800,113,0,-16
41,R,-2000,2800,114,0,-16
41,R,-2000,2800,115,0,-17
41,R,-2000,2800,116,0,-16
41,R,-2000,2800,117,0,-17
41,R,-2000,2800,118,0,-16
41,R,-2000,2800,119,0,-16
41,R,-2000,2800,120,0,-17
41,R,-2000,2800,121,0,-16
41,R,-2000,2800,122,0,-16
41,R,-2000,2800,123,0,-16
41,R,-2000,2800,124,0,-17
41,R,-2000,2800,125,0,-16
41,R,-2000,2800,126,0,-17
41,R,-2000,2800,127,0,-16
41,R,-2000,2800,128,0,-17
41,R,-2000,2800,129,0,-16
41,R,-2000,2800,130,0,-16
41,R,-2000,2800,131,0,-17
41,R,-2000,2800,132,0,-16
41,R,-2000,2800,133,0,-16
41,R,-2000,2800,134,0,-17
41,R,-2000,2800,135,0,-16
41,R,-2000,2800,136,0,-17
41,R,-2000,2800,137,0,-17
41,R,-2000,2800,138,0,-16
41,R,-2000,2800,139,0,-16
41,R,-2000,2800,140,0,-17
41,R,-2000,2800,141,0,-16
41,R,-2000,2800,142,0,-16
41,R,-2000,2800,143,0,-17
41,R,-2000,2800,144,0,-16
41,R,-2000,2800,145,0,-17
41,R,-2000,2800,146,0,-17
41,R,-2000,2800,147,0,-16
41,R,-2000,2800,148,0,-17
41,R,-2000,2800,149,0,-16
41,R,-2000,2800,150,0,-16
41,R,-2000,2800,151,0,-17
41,R,-2000,2800,152,0,-17
41,R,-2000,2800,153,0,-17
41,R,-2000,2800,154,0,-16
41,R,-2000,2800,155,0,-17
41,R,-2000,2800,156,0,-16
41,R,-2000,2800,157,0,-16
41,R,-2000,2800,158,0,-17
41,R,-2000,2800,159,0,-16
41,R,-2000,2800,160,0,-17
41,R,-2000,2800,161,0,-17
41,R,-2000,2800,162,0,-16
41,R,-2000,2800,163,0,-17
41,R,-2000,2800,164,0,-16
41,R,-2000,2800,165,0,-17
41,R,-2000,2800,166,0,-16
41,R,-2000,2800,167,0,-17
41,R,-2000,2800,168,0,-17
41,R,-2000,2800,169,0,-16
41,R,-2000,2800,170,0,-17
41,R,-2000,2800,171,0,-17
41,R,-2000,2800,172,0,-16
41,R,-2000,2800,173,0,-17
41,R,-2000,2800,174,0,-17
41,R,-2000,2800,175,0,-16
41,R,-2000,2800,176,0,-17
41,R,-2000,2800,177,0,-16
41,R,-2000,2800,178,0,-16
41,R,-2000,2800,179,0,-17
41,R,-2000,2800,180,0,-17
41,R,-2000,2800,181,0,-17
41,R,-2000,2800,182,0,-16
41,R,-2000,2800,183,0,-17
41,R,-2000,2800,184,0,-16
41,R,-2000,2800,185,0,-17
41,R,-2000,2800,186,0,-16
41,R,-2000,2800,187,0,-17
41,R,-2000,2800,188,0,-17
41,R,-2000,2800,189,0,-17
41,R,-2000,2800,190,0,-16
41,R,-2000,2800,191,0,-17
41,R,-2000,2800,192,0,-16
41,R,-2000,2800,193,0,-17
41,R,-2000,2800,194,0,-17
41,R,-2000,2800,195,0,-17
41,R,-2000,2800,196,0,-16
41,R,-2000,2800,197,0,-16
41,R,-2000,2800,198,0,-17
41,R,-2000,2800,199,0,-17
41,R,-2000,2800,200,0,-17
41,R,-2000,2800,201,0,-16
41,R,-2000,2800,202,0,-12
41,R,-2000,2800,203,0,-10
41,R,-2000,2800,204,0,-8
41,R,-2000,2800,205,0,-5
41,R,-2000,2800,206,0,-2
41,R,-2000,2800,207,0,0
41,R,-2000,2800,208,0,1
41,R,-2000,2800,209,0,4
41,R,-2000,2800,210,0,6
41,R,-2000,2800,211,0,8
41,R,-2000,2800,212,0,9
41,R,-2000,2800,213,0,12
41,R,-2000,2800,214,0,12
41,R,-2000,2800,215,0,15
41,R,-2000,2800,216,0,16
41,R,-2000,2800,217,0,17
41,R,-2000,2800,218,0,18
41,R,-2000,2800,219,0,19
41,R,-2000,2800,220,0,20
41,R,-2000,2800,221,0,22
41,R,-2000,2800,222,0,22
41,R,-2000,2800,223,0,23
41,R,-2000,2800,224,0,24
41,R,-2000,2800,225,0,25
41,R,-2000,2800,226,0,25
41,R,-2000,2800,227,0,26
41,R,-2000,2800,228,0,27
41,R,-2000,2800,229,0,26
41,R,-2000,2800,230,0,28
41,R,-2000,2800,231,0,28
41,R,-2000,2800,232,0,30
41,R,-2000,2800,233,0,28
41,R,-2000,2800,234,0,29
41,R,-2000,2800,235,0,29
41,R,-2000,2800,236,0,31
41,R,-2000,2800,237,0,30
41,R,-2000,2800,238,0,31
41,R,-2000,2800,239,0,31
41,R,-2000,2800,240,0,32
41,R,-2000,2800,241,0,31
41,R,-2000,2800,242,0,32
41,R,-2000,2800,243,0,32
41,R,-2000,2800,244,0,32
41,R,-2000,2800,245,0,33
41,R,-2000,2800,246,0,32
41,R,-2000,2800,247,0,33
41,R,-2000,2800,248,0,33
41,R,-2000,2800,249,0,33
41,R,-2000,2800,250,0,33
41,R,-2000,2800,251,0,33
41,R,-2000,2800,252,0,35
41,R,-2000,2800,253,0,33
41,R,-2000,2800,254,0,34
41,R,-2000,2800,255,0,33
41,R,-2000,2800,256,0,35
41,R,-2000,2800,257,0,34
41,R,-2000,2800,258,0,34
41,R,-2000,2800,259,0,34
41,R,-2000,2800,260,0,35
41,R,-2000,2800,261,0,34
41,R,-2000,2800,262,0,35
41,R,-2000,2800,263,0,35
41,R,-2000,2800,264,0,35
41,R,-2000,2800,265,0,34
41,R,-2000,2800,266,0,35
41,R,-2000,2800,267,0,36
41,R,-2000,2800,268,0,35
41,R,-2000,2800,269,0,36
41,R,-2000,2800,270,0,35
41,R,-2000,2800,271,0,35
41,R,-2000,2800,272,0,36
41,R,-2000,2800,273,0,36
41,R,-2000,2800,274,0,36
41,R,-2000,2800,275,0,36
41,R,-2000,2800,276,0,36
41,R,-2000,2800,277,0,36
41,R,-2000,2800,278,0,36
41,R,-2000,2800,279,0,36
41,R,-2000,2800,280,0,36
41,R,-2000,2800,281,0,36
41,R,-2000,2800,282,0,37
41,R,-2000,2800,283,0,36
41,R,-2000,2800,284,0,37
41,R,-2000,2800,285,0,36
41,R,-2000,2800,286,0,37
41,R,-2000,2800,287,0,36
41,R,-2000,2800,288,0,37
41,R,-2000,2800,289,0,36
41,R,-2000,2800,290,0,38
41,R,-2000,2800,291,0,37
41,R,-2000,2800,292,0,36
41,R,-2000,2800,293,0,38
41,R,-2000,2800,294,0,36
41,R,-2000,2800,295,0,37
41,R,-2000,2800,296,0,37
41,R,-2000,2800,297,0,37
41,R,-2000,2800,298,0,36
41,R,-2000,2800,299,0,38
41,R,-2000,2800,300,0,37
41,R,-2000,2800,301,0,37
41,R,-2000,2800,302,0,38
41,R,-2000,2800,303,0,37
41,R,-2000,2800,304,0,37
41,R,-2000,2800,305,0,37
41,R,-2000,2800,306,0,38
41,R,-2000,2800,307,0,37
41,R,-2000,2800,308,0,38
41,R,-2000,2800,309,0,37
41,R,-2000,2800,310,0,37
41,R,-2000,2800,311,0,38
41,R,-2000,2800,312,0,37
41,R,-2000,2800,313,0,37
41,R,-2000,2800,314,0,38
41,R,-2000,2800,315,0,37
41,R,-2000,2800,316,0,38
41,R,-2000,2800,317,0,38
41,R,-2000,2800,318,0,37
41,R,-2000,2800,319,0,38
41,R,-2000,2800,320,0,38
41,R,-2000,2800,321,0,38
41,R,-2000,2800,322,0,37
41,R,-2000,2800,323,0,38
41,R,-2000,2800,324,0,38
41,R,-2000,2800,325,0,37
41,R,-2000,2800,326,0,39
41,R,-2000,2800,327,0,37
41,R,-2000,2800,328,0,38
41,R,-2000,2800,329,0,38
41,R,-2000,2800,330,0,39
41,R,-2000,2800,331,0,37
41,R,-2000,2800,332,0,39
41,R,-2000,2800,333,0,37
41,R,-2000,2800,334,0,39
41,R,-2000,2800,335,0,37
41,R,-2000,2800,336,0,39
41,R,-2000,2800,337,0,37
41,R,-2000,2800,338,0,39
41,R,-2000,2800,339,0,38
41,R,-2000,2800,340,0,38
41,R,-2000,2800,341,0,38
41,R,-2000,2800,342,0,39
41,R,-2000,2800,343,0,38
41,R,-2000,2800,344,0,38
41,R,-2000,2800,345,0,39
41,R,-2000,2800,346,0,37
41,R,-2000,2800,347,0,39
41,R,-2000,2800,348,0,38
41,R,-2000,2800,349,0,38
41,R,-2000,2800,350,0,39
41,R,-2000,2800,351,0,38
41,R,-2000,2800,352,0,38
41,R,-2000,2800,353,0,38
41,R,-2000,2800,354,0,40
41,R,-2000,2800,355,0,37
41,R,-2000,2800,356,0,38
41,R,-2000,2800,357,0,39
41,R,-2000,2800,358,0,38
41,R,-2000,2800,359,0,39
41,R,-2000,2800,360,0,39
41,R,-2000,2800,361,0,38
41,R,-2000,2800,362,0,39
41,R,-2000,2800,363,0,37
41,R,-2000,2800,364,0,39
41,R,-2000,2800,365,0,39
41,R,-2000,2800,366,0,38
41,R,-2000,2800,367,0,39
41,R,-2000,2800,368,0,38
41,R,-2000,2800,369,0,39
41,R,-2000,2800,370,0,39
41,R,-2000,2800,371,0,38
41,R,-2000,2800,372,0,39
41,R,-2000,2800,373,0,38
41,R,-2000,2800,374,0,39
41,R,-2000,2800,375,0,38
41,R,-2000,2800,376,0,39
41,R,-2000,2800,377,0,38
41,R,-2000,2800,378,0,39
41,R,-2000,2800,379,0,39
41,R,-2000,2800,380,0,38
41,R,-2000,2800,381,0,39
41,R,-2000,2800,382,0,39
41,R,-2000,2800,383,0,38
41,R,-2000,2800,384,0,39
41,R,-2000,2800,385,0,39
41,R,-2000,2800,386,0,38
41,R,-2000,2800,387,0,39
41,R,-2000,2800,388,0,39
41,R,-2000,2800,389,0,38
41,R,-2000,2800,390,0,39
41,R,-2000,2800,391,0,39
41,R,-2000,2800,392,0,38
41,R,-2000,2800,393,0,39
41,R,-2000,2800,394,0,39
41,R,-2000,2800,395,0,38
41,R,-2000,2800,396,0,39
41,R,-2000,2800,397,0,39
41,R,-2000,2800,398,0,38
41,R,-2000,2800,399,0,39
41,R,-2000,2800,400,0,39
41,R,-2000,2800,401,0,38
41,R,-2000,2800,402,0,39
41,R,-2000,2800,403,0,38
41,R,-2000,2800,404,0,38
41,R,-2000,2800,405,0,38
41,R,-2000,2800,406,0,38
41,R,-2000,2800,407,0,37
41,R,-2000,2800,408,0,38
41,R,-2000,2800,409,0,37
41,R,-2000,2800,410,0,37
41,R,-2000,2800,411,0,37
41,R,-2000,2800,412,0,37
41,R,-2000,2800,413,0,37
41,R,-2000,2800,414,0,36
41,R,-2000,2800,415,0,37
41,R,-2000,2800,416,0,35
41,R,-2000,2800,417,0,36
41,R,-2000,2800,418,0,36
41,R,-2000,2800,419,0,36
41,R,-2000,2800,420,0,36
41,R,-2000,2800,421,0,35
41,R,-2000,2800,422,0,34
41,R,-2000,2800,423,0,35
41,R,-2000,2800,424,0,35
41,R,-2000,2800,425,0,35
41,R,-2000,2800,426,0,35
41,R,-2000,2800,427,0,34
41,R,-2000,2800,428,0,34
41,R,-2000,2800,429,0,34
41,R,-2000,2800,430,0,34
41,R,-2000,2800,431,0,34
41,R,-2000,2800,432,0,33
41,R,-2000,2800,433,0,33
41,R,-2000,2800,434,0,34
41,R,-2000,2800,435,0,33
41,R,-2000,2800,436,0,33
41,R,-2000,2800,437,0,32
41,R,-2000,2800,438,0,34
41,R,-2000,2800,439,0,32
41,R,-2000,2800,440,0,32
41,R,-2000,2800,441,0,33
41,R,-2000,2800,442,0,32
41,R,-2000,2800,443,0,31
41,R,-2000,2800,444,0,32
41,R,-2000,2800,445,0,32
41,R,-2000,2800,446,0,31
41,R,-2000,2800,447,0,31
41,R,-2000,2800,448,0,31
41,R,-2000,2800,449,0,32
41,R,-2000,2800,450,0,30
41,R,-2000,2800,451,0,31
41,R,-2000,2800,452,0,31
41,R,-2000,2800,453,0,30
41,R,-2000,2800,454,0,30
41,R,-2000,2800,455,0,30
41,R,-2000,2800,456,0,30
41,R,-2000,2800,457,0,30
41,R,-2000,2800,458,0,30
41,R,-2000,2800,459,0,29
41,R,-2000,2800,460,0,30
41,R,-2000,2800,461,0,29
41,R,-2000,2800,462,0,29
41,R,-2000,2800,463,0,28
41,R,-2000,2800,464,0,30
41,R,-2000,2800,465,0,28
41,R,-2000,2800,466,0,29
41,R,-2000,2800,467,0,28
41,R,-2000,2800,468,0,29
41,R,-2000,2800,469,0,27
41,R,-2000,2800,470,0,28
41,R,-2000,2800,471,0,28
41,R,-2000,2800,472,0,28
41,R,-2000,2800,473,0,28
41,R,-2000,2800,474,0,27
41,R,-2000,2800,475,0,28
41,R,-2000,2800,476,0,27
41,R,-2000,2800,477,0,26
41,R,-2000,2800,478,0,28
41,R,-2000,2800,479,0,26
41,R,-2000,2800,480,0,27
41,R,-2000,2800,481,0,26
41,R,-2000,2800,482,0,26
41,R,-2000,2800,483,0,27
41,R,-2000,2800,484,0,25
41,R,-2000,2800,485,0,27
41,R,-2000,2800,486,0,25
41,R,-2000,2800,487,0,26
41,R,-2000,2800,488,0,25
41,R,-2000,2800,489,0,25
41,R,-2000,2800,490,0,26
41,R,-2000,2800,491,0,25
41,R,-2000,2800,492,0,25
41,R,-2000,2800,493,0,24
41,R,-2000,2800,494,0,26
41,R,-2000,2800,495,0,24
41,R,-2000,2800,496,0,25
41,R,-2000,2800,497,0,24
41,R,-2000,2800,498,0,24
41,R,-2000,2800,499,0,24
42,R,-2000,-1600,0,0,0
42,R,-2000,-1600,1,0,-1
42,R,-2000,-1600,2,0,-1
42,R,-2000,-1600,3,0,-1
42,R,-2000,-1600,4,0,-4
42,R,-2000,-1600,5,0,-3
42,R,-2000,-1600,6,0,-4
42,R,-2000,-1600,7,0,-5
42,R,-2000,-1600,8,0,-6
42,R,-2000,-1600,9,0,-6
42,R,-2000,-1600,10,0,-7
42,R,-2000,-1600,11,0,-6
42,R,-2000,-1600,12,0,-8
42,R,-2000,-1600,13,0,-8
42,R,-2000,-1600,14,0,-9
42,R,-2000,-1600,15,0,-9
42,R,-2000,-1600,16,0,-9
42,R,-2000,-1600,17,0,-9
42,R,-2000,-1600,18,0,-11
42,R,-2000,-1600,19,0,-9
42,R,-2000,-1600,20,0,-11
42,R,-2000,-1600,21,0,-11
42,R,-2000,-1600,22,0,-11
42,R,-2000,-1600,23,0,-11
42,R,-2000,-1600,24,0,-11
42,R,-2000,-1600,25,0,-12
42,R,-2000,-1600,26,0,-12
42,R,-2000,-1600,27,0,-12
42,R,-2000,-1600,28,0,-12
42,R,-2000,-1600,29,0,-12
42,R,-2000,-1600,30,0,-13
42,R,-2000,-1600,31,0,-13
42,R,-2000,-1600,32,0,-13
42,R,-2000,-1600,33,0,-13
42,R,-2000,-1600,34,0,-12
42,R,-2000,-1600,35,0,-14
42,R,-2000,-1600,36,0,-13
42,R,-2000,-1600,37,0,-14
42,R,-2000,-1600,38,0,-13
42,R,-2000,-1600,39,0,-14
42,R,-2000,-1600,40,0,-14
42,R,-2000,-1600,41,0,-14
42,R,-2000,-1600,42,0,-14
42,R,-2000,-1600,43,0,-14
42,R,-2000,-1600,44,0,-14
42,R,-2000,-1600,45,0,-14
42,R,-2000,-1600,46,0,-15
42,R,-2000,-1600,47,0,-14
42,R,-2000,-1600,48,0,-15
42,R,-2000,-1600,49,0,-14
42,R,-2000,-1600,50,0,-15
42,R,-2000,-1600,51,0,-15
42,R,-2000,-1600,52,0,-15
42,R,-2000,-1600,53,0,-14
42,R,-2000,-1600,54,0,-15
42,R,-2000,-1600,55,0,-15
42,R,-2000,-1600,56,0,-15
42,R,-2000,-1600,57,0,-15
42,R,-2000,-1600,58,0,-15
42,R,-2000,-1600,59,0,-15
42,R,-2000,-1600,60,0,-16
42,R,-2000,-1600,61,0,-15
42,R,-2000,-1600,62,0,-15
42,R,-2000,-1600,63,0,-15
42,R,-2000,-1600,64,0,-16
42,R,-2000,-1600,65,0,-16
42,R,-2000,-1600,66,0,-15
42,R,-2000,-1600,67,0,-16
42,R,-2000,-1600,68,0,-15
42,R,-2000,-1600,69,0,-15
42,R,-2000,-1600,70,0,-16
42,R,-2000,-1600,71,0,-16
42,R,-2000,-1600,72,0,-15
42,R,-2000,-1600,73,0,-16
42,R,-2000,-1600,74,0,-16
42,R,-2000,-1600,75,0,-16
42,R,-2000,-1600,76,0,-16
42,R,-2000,-1600,77,0,-16
42,R,-2000,-1600,78,0,-16
42,R,-2000,-1600,79,0,-16
42,R,-2000,-1600,80,0,-16
42,R,-2000,-1600,81,0,-16
42,R,-2000,-1600,82,0,-16
42,R,-2000,-1600,83,0,-16
42,R,-2000,-1600,84,0,-16
42,R,-2000,-1600,85,0,-16
42,R,-2000,-1600,86,0,-16
42,R,-2000,-1600,87,0,-16
42,R,-2000,-1600,88,0,-16
42,R,-2000,-1600,89,0,-16
42,R,-2000,-1600,90,0,-16
42,R,-2000,-1600,91,0,-17
42,R,-2000,-1600,92,0,-16
42,R,-2000,-1600,93,0,-16
42,R,-2000,-1600,94,0,-17
42,R,-2000,-1600,95,0,-16
42,R,-2000,-1600,96,0,-17
42,R,-2000,-1600,97,0,-16
42,R,-2000,-1600,98,0,-16
42,R,-2000,-1600,99,0,-17
42,R,-2000,-1600,100,0,-16
42,R,-2000,-1600,101,0,-16
42,R,-2000,-1600,102,0,-17
42,R,-2000,-1600,103,0,-16
42,R,-2000,-1600,104,0,-17
42,R,-2000,-1600,105,0,-16
42,R,-2000,-1600,106,0,-17
42,R,-2000,-1600,107,0,-16
42,R,-2000,-1600,108,0,-17
42,R,-2000,-1600,109,0,-16
42,R,-2000,-1600,110,0,-17
42,R,-2000,-1600,111,0,-16
42,R,-2000,-1600,112,0,-17
42,R,-2000,-1600,113,0,-17
42,R,-2000,-1600,114,0,-16
42,R,-2000,-1600,115,0,-17
42,R,-2000,-1600,116,0,-16
42,R,-2000,-1600,117,0,-17
42,R,-2000,-1600,118,0,-17
42,R,-2000,-1600,119,0,-16
42,R,-2000,-1600,120,0,-17
42,R,-2000,-1600,121,0,-17
42,R,-2000,-1600,122,0,-16
42,R,-2000,-1600,123,0,-17
42,R,-2000,-1600,124,0,-16
42,R,-2000,-1600,125,0,-17
42,R,-2000,-1600,126,0,-17
42,R,-2000,-1600,127,0,-17
42,R,-2000,-1600,128,0,-16
42,R,-2000,-1600,129,0,-17
42,R,-2000,-1600,130,0,-17
42,R,-2000,-1600,131,0,-17
42,R,-2000,-1600,132,0,-16
42,R,-2000,-1600,133,0,-17
42,R,-2000,-1600,134,0,-17
42,R,-2000,-1600,135,0,-16
42,R,-2000,-1600,136,0,-18
42,R,-2000,-1600,137,0,-16
42,R,-2000,-1600,138,0,-17
42,R,-2000,-1600,139,0,-16
42,R,-2000,-1600,140,0,-17
42,R,-2000,-1600,141,0,-18
42,R,-2000,-1600,142,0,-16
42,R,-2000,-1600,143,0,-17
42,R,-2000,-1600,144,0,-16
42,R,-2000,-1600,145,0,-17
42,R,-2000,-1600,146,0,-18
42,R,-2000,-1600,147,0,-16
42,R,-2000,-1600,148,0,-17
42,R,-2000,-1600,149,0,-16
42,R,-2000,-1600,150,0,-17
42,R,-2000,-1600,151,0,-18
42,R,-2000,-1600,152,0,-16
42,R,-2000,-1600,153,0,-17
42,R,-2000,-1600,154,0,-17
42,R,-2000,-1600,155,0,-17
42,R,-2000,-1600,156,0,-17
42,R,-2000,-1600,157,0,-17
42,R,-2000,-1600,158,0,-16
42,R,-2000,-1600,159,0,-17
42,R,-2000,-1600,160,0,-17
42,R,-2000,-1600,161,0,-17
42,R,-2000,-1600,162,0,-17
42,R,-2000,-1600,163,0,-17
42,R,-2000,-1600,164,0,-17
42,R,-2000,-1600,165,0,-17
42,R,-2000,-1600,166,0,-17
42,R,-2000,-1600,167,0,-16
42,R,-2000,-1600,168,0,-17
42,R,-2000,-1600,169,0,-17
42,R,-2000,-1600,170,0,-17
42,R,-2000,-1600,171,0,-17
42,R,-2000,-1600,172,0,-17
42,R,-2000,-1600,173,0,-17
42,R,-2000,-1600,174,0,-17
42,R,-2000,-1600,175,0,-17
42,R,-2000,-1600,176,0,-16
42,R,-2000,-1600,177,0,-17
42,R,-2000,-1600,178,0,-18
42,R,-2000,-1600,179,0,-17
42,R,-2000,-1600,180,0,-16
42,R,-2000,-1600,181,0,-17
42,R,-2000,-1600,182,0,-17
42,R,-2000,-1600,183,0,-17
42,R,-2000,-1600,184,0,-17
42,R,-2000,-1600,185,0,-17
42,R,-2000,-1600,186,0,-17
42,R,-2000,-1600,187,0,-17
42,R,-2000,-1600,188,0,-17
42,R,-2000,-1600,189,0,-17
42,R,-2000,-1600,190,0,-17
42,R,-2000,-1600,191,0,-17
42,R,-2000,-1600,192,0,-17
42,R,-2000,-1600,193,0,-16
42,R,-2000,-1600,194,0,-17
42,R,-2000,-1600,195,0,-18
42,R,-2000,-1600,196,0,-17
42,R,-2000,-1600,197,0,-16
42,R,-2000,-1600,198,0,-17
42,R,-2000,-1600,199,0,-18
42,R,-2000,-1600,200,0,-16
42,R,-2000,-1600,201,0,-17
42,R,-2000,-1600,202,0,-17
42,R,-2000,-1600,203,0,-17
42,R,-2000,-1600,204,0,-17
42,R,-2000,-1600,205,0,-16
42,R,-2000,-1600,206,0,-17
42,R,-2000,-1600,207,0,-16
42,R,-2000,-1600,208,0,-16
42,R,-2000,-1600,209,0,-16
42,R,-2000,-1600,210,0,-17
42,R,-2000,-1600,211,0,-16
42,R,-2000,-1600,212,0,-16
42,R,-2000,-1600,213,0,-16
42,R,-2000,-1600,214,0,-15
42,R,-2000,-1600,215,0,-16
42,R,-2000,-1600,216,0,-16
42,R,-2000,-1600,217,0,-16
42,R,-2000,-1600,218,0,-16
42,R,-2000,-1600,219,0,-15
42,R,-2000,-1600,220,0,-15
42,R,-2000,-1600,221,0,-15
42,R,-2000,-1600,222,0,-15
42,R,-2000,-1600,223,0,-16
42,R,-2000,-1600,224,0,-15
42,R,-2000,-1600,225,0,-15
42,R,-2000,-1600,226,0,-15
42,R,-2000,-1600,227,0,-15
42,R,-2000,-1600,228,0,-15
42,R,-2000,-1600,229,0,-14
42,R,-2000,-1600,230,0,-15
42,R,-2000,-1600,231,0,-15
42,R,-2000,-1600,232,0,-14
42,R,-2000,-1600,233,0,-14
42,R,-2000,-1600,234,0,-14
42,R,-2000,-1600,235,0,-15
42,R,-2000,-1600,236,0,-14
42,R,-2000,-1600,237,0,-14
42,R,-2000,-1600,238,0,-14
42,R,-2000,-1600,239,0,-14
42,R,-2000,-1600,240,0,-14
42,R,-2000,-1600,241,0,-14
42,R,-2000,-1600,242,0,-14
42,R,-2000,-1600,243,0,-14
42,R,-2000,-1600,244,0,-13
42,R,-2000,-1600,245,0,-14
42,R,-2000,-1600,246,0,-13
42,R,-2000,-1600,247,0,-13
42,R,-2000,-1600,248,0,-14
42,R,-2000,-1600,249,0,-13
42,R,-2000,-1600,250,0,-13
42,R,-2000,-1600,251,0,-14
42,R,-2000,-1600,252,0,-13
42,R,-2000,-1600,253,0,-12
42,R,-2000,-1600,254,0,-14
42,R,-2000,-1600,255,0,-13
42,R,-2000,-1600,256,0,-13
42,R,-2000,-1600,257,0,-12
42,R,-2000,-1600,258,0,-13
42,R,-2000,-1600,259,0,-12
42,R,-2000,-1600,260,0,-13
42,R,-2000,-1600,261,0,-13
42,R,-2000,-1600,262,0,-12
42,R,-2000,-1600,263,0,-13
42,R,-2000,-1600,264,0,-12
42,R,-2000,-1600,265,0,-12
42,R,-2000,-1600,266,0,-12
42,R,-2000,-1600,267,0,-12
42,R,-2000,-1600,268,0,-12
42,R,-2000,-1600,269,0,-12
42,R,-2000,-1600,270,0,-12
42,R,-2000,-1600,271,0,-12
42,R,-2000,-1600,272,0,-12
42,R,-2000,-1600,273,0,-12
42,R,-2000,-1600,274,0,-12
42,R,-2000,-1600,275,0,-12
42,R,-2000,-1600,276,0,-11
42,R,-2000,-1600,277,0,-12
42,R,-2000,-1600,278,0,-12
42,R,-2000,-1600,279,0,-11
42,R,-2000,-1600,280,0,-11
42,R,-2000,-1600,281,0,-11
42,R,-2000,-1600,282,0,-12
42,R,-2000,-1600,283,0,-11
42,R,-2000,-1600,284,0,-11
42,R,-2000,-1600,285,0,-11
42,R,-2000,-1600,286,0,-11
42,R,-2000,-1600,287,0,-11
42,R,-2000,-1600,288,0,-11
42,R,-2000,-1600,289,0,-11
42,R,-2000,-1600,290,0,-11
42,R,-2000,-1600,291,0,-11
42,R,-2000,-1600,292,0,-10
42,R,-2000,-1600,293,0,-11
42,R,-2000,-1600,294,0,-11
42,R,-2000,-1600,295,0,-10
42,R,-2000,-1600,296,0,-11
42,R,-2000,-1600,297,0,-10
42,R,-2000,-1600,298,0,-10
42,R,-2000,-1600,299,0,-11
42,R,-2000,-1600,300,0,-10
42,R,-2000,-1600,301,0,-11
42,R,-2000,-1600,302,0,-10
42,R,-2000,-1600,303,0,-10
42,R,-2000,-1600,304,0,-10
42,R,-2000,-1600,305,0,-10
42,R,-2000,-1600,306,0,-10
42,R,-2000,-1600,307,0,-10
42,R,-2000,-1600,308,0,-10
42,R,-2000,-1600,309,0,-10
42,R,-2000,-1600,310,0,-10
42,R,-2000,-1600,311,0,-10
42,R,-2000,-1600,312,0,-9
42,R,-2000,-1600,313,0,-10
42,R,-2000,-1600,314,0,-9
42,R,-2000,-1600,315,0,-10
42,R,-2000,-1600,316,0,-10
42,R,-2000,-1600,317,0,-9
42,R,-2000,-1600,318,0,-10
42,R,-2000,-1600,319,0,-9
42,R,-2000,-1600,320,0,-9
42,R,-2000,-1600,321,0,-10
42,R,-2000,-1600,322,0,-9
42,R,-2000,-1600,323,0,-9
42,R,-2000,-1600,324,0,-10
42,R,-2000,-1600,325,0,-9
42,R,-2000,-1600,326,0,-8
42,R,-2000,-1600,327,0,-9
42,R,-2000,-1600,328,0,-10
42,R,-2000,-1600,329,0,-9
42,R,-2000,-1600,330,0,-8
42,R,-2000,-1600,331,0,-9
42,R,-2000,-1600,332,0,-9
42,R,-2000,-1600,333,0,-9
42,R,-2000,-1600,334,0,-9
42,R,-2000,-1600,335,0,-8
42,R,-2000,-1600,336,0,-9
42,R,-2000,-1600,337,0,-9
42,R,-2000,-1600,338,0,-9
42,R,-2000,-1600,339,0,-8
42,R,-2000,-1600,340,0,-8
42,R,-2000,-1600,341,0,-9
42,R,-2000,-1600,342,0,-8
42,R,-2000,-1600,343,0,-8
42,R,-2000,-1600,344,0,-9
42,R,-2000,-1600,345,0,-8
42,R,-2000,-1600,346,0,-8
42,R,-2000,-1600,347,0,-9
42,R,-2000,-1600,348,0,-8
42,R,-2000,-1600,349,0,-9
42,R,-2000,-1600,350,0,-8
42,R,-2000,-1600,351,0,-8
42,R,-2000,-1600,352,0,-8
42,R,-2000,-1600,353,0,-8
42,R,-2000,-1600,354,0,-8
42,R,-2000,-1600,355,0,-8
42,R,-2000,-1600,356,0,-8
42,R,-2000,-1600,357,0,-8
42,R,-2000,-1600,358,0,-8
42,R,-2000,-1600,359,0,-8
42,R,-2000,-1600,360,0,-7
42,R,-2000,-1600,361,0,-8
42,R,-2000,-1600,362,0,-8
42,R,-2000,-1600,363,0,-7
42,R,-2000,-1600,364,0,-8
42,R,-2000,-1600,365,0,-8
42,R,-2000,-1600,366,0,-7
42,R,-2000,-1600,367,0,-8
42,R,-2000,-1600,368,0,-8
42,R,-2000,-1600,369,0,-8
42,R,-2000,-1600,370,0,-7
42,R,-2000,-1600,371,0,-8
42,R,-2000,-1600,372,0,-7
42,R,-2000,-1600,373,0,-7
42,R,-2000,-1600,374,0,-7
42,R,-2000,-1600,375,0,-8
42,R,-2000,-1600,376,0,-8
42,R,-2000,-1600,377,0,-7
42,R,-2000,-1600,378,0,-7
42,R,-2000,-1600,379,0,-7
42,R,-2000,-1600,380,0,-7
42,R,-2000,-1600,381,0,-8
42,R,-2000,-1600,382,0,-7
42,R,-2000,-1600,383,0,-8
42,R,-2000,-1600,384,0,-7
42,R,-2000,-1600,385,0,-7
42,R,-2000,-1600,386,0,-7
42,R,-2000,-1600,387,0,-7
42,R,-2000,-1600,388,0,-7
42,R,-2000,-1600,389,0,-7
42,R,-2000,-1600,390,0,-7
42,R,-2000,-1600,391,0,-7
42,R,-2000,-1600,392,0,-7
42,R,-2000,-1600,393,0,-7
42,R,-2000,-1600,394,0,-7
42,R,-2000,-1600,395,0,-7
42,R,-2000,-1600,396,0,-7
42,R,-2000,-1600,397,0,-7
42,R,-2000,-1600,398,0,-7
42,R,-2000,-1600,399,0,-7
42,R,-2000,-1600,400,0,-6
42,R,-2000,-1600,401,0,-7
42,R,-2000,-1600,402,0,-7
42,R,-2000,-1600,403,0,-7
42,R,-2000,-1600,404,0,-6
42,R,-2000,-1600,405,0,-7
42,R,-2000,-1600,406,0,-6
42,R,-2000,-1600,407,0,-7
42,R,-2000,-1600,408,0,-6
42,R,-2000,-1600,409,0,-6
42,R,-2000,-1600,410,0,-7
42,R,-2000,-1600,411,0,-5
42,R,-2000,-1600,412,0,-7
42,R,-2000,-1600,413,0,-5
42,R,-2000,-1600,414,0,-6
42,R,-2000,-1600,415,0,-6
42,R,-2000,-1600,416,0,-6
42,R,-2000,-1600,417,0,-6
42,R,-2000,-1600,418,0,-5
42,R,-2000,-1600,419,0,-6
42,R,-2000,-1600,420,0,-5
42,R,-2000,-1600,421,0,-5
42,R,-2000,-1600,422,0,-6
42,R,-2000,-1600,423,0,-5
42,R,-2000,-1600,424,0,-5
42,R,-2000,-1600,425,0,-5
42,R,-2000,-1600,426,0,-5
42,R,-2000,-1600,427,0,-5
42,R,-2000,-1600,428,0,-5
42,R,-2000,-1600,429,0,-5
42,R,-2000,-1600,430,0,-5
42,R,-2000,-1600,431,0,-4
42,R,-2000,-1600,432,0,-5
42,R,-2000,-1600,433,0,-4
42,R,-2000,-1600,434,0,-5
42,R,-2000,-1600,435,0,-4
42,R,-2000,-1600,436,0,-5
42,R,-2000,-1600,437,0,-4
42,R,-2000,-1600,438,0,-5
42,R,-2000,-1600,439,0,-4
42,R,-2000,-1600,440,0,-4
42,R,-2000,-1600,441,0,-4
42,R,-2000,-1600,442,0,-4
42,R,-2000,-1600,443,0,-4
42,R,-2000,-1600,444,0,-4
42,R,-2000,-1600,445,0,-4
42,R,-2000,-1600,446,0,-3
42,R,-2000,-1600,447,0,-4
42,R,-2000,-1600,448,0,-3
42,R,-2000,-1600,449,0,-4
42,R,-2000,-1600,450,0,-3
42,R,-2000,-1600,451,0,-4
42,R,-2000,-1600,452,0,-3
42,R,-2000,-1600,453,0,-4
42,R,-2000,-1600,454,0,-3
42,R,-2000,-1600,455,0,-3
42,R,-2000,-1600,456,0,-3
42,R,-2000,-1600,457,0,-3
42,R,-2000,-1600,458,0,-3
42,R,-2000,-1600,459,0,-3
42,R,-2000,-1600,460,0,-3
42,R,-2000,-1600,461,0,-3
42,R,-2000,-1600,462,0,-3
42,R,-2000,-1600,463,0,-2
42,R,-2000,-1600,464,0,-3
42,R,-2000,-1600,465,0,-2
42,R,-2000,-1600,466,0,-3
42,R,-2000,-1600,467,0,-3
42,R,-2000,-1600,468,0,-2
42,R,-2000,-1600,469,0,-3
42,R,-2000,-1600,470,0,-2
42,R,-2000,-1600,471,0,-2
42,R,-2000,-1600,472,0,-3
42,R,-2000,-1600,473,0,-1
42,R,-2000,-1600,474,0,-3
42,R,-2000,-1600,475,0,-1
42,R,-2000,-1600,476,0,-3
42,R,-2000,-1600,477,0,-1
42,R,-2000,-1600,478,0,-3
42,R,-2000,-1600,479,0,-1
42,R,-2000,-1600,480,0,-2
42,R,-2000,-1600,481,0,-2
42,R,-2000,-1600,482,0,-1
42,R,-2000,-1600,483,0,-2
42,R,-2000,-1600,484,0,-1
42,R,-2000,-1600,485,0,-2
42,R,-2000,-1600,486,0,-1
42,R,-2000,-1600,487,0,-1
42,R,-2000,-1600,488,0,-2
42,R,-2000,-1600,489,0,-1
42,R,-2000,-1600,490,0,-1
42,R,-2000,-1600,491,0,-1
42,R,-2000,-1600,492,0,-2
42,R,-2000,-1600,493,0,-1
42,R,-2000,-1600,494,0,0
42,R,-2000,-1600,495,0,-2
42,R,-2000,-1600,496,0,-1
42,R,-2000,-1600,497,0,-1
42,R,-2000,-1600,498,0,0
42,R,-2000,-1600,499,0,-1
43,R,-2800,0,0,0,0
43,R,-2800,0,1,0,-1
43,R,-2800,0,2,0,-2
43,R,-2800,0,3,0,-6
43,R,-2800,0,4,0,-7
43,R,-2800,0,5,0,-10
43,R,-2800,0,6,0,-11
43,R,-2800,0,7,0,-13
43,R,-2800,0,8,0,-14
43,R,-2800,0,9,0,-16
43,R,-2800,0,10,0,-18
43,R,-2800,0,11,0,-18
43,R,-2800,0,12,0,-19
43,R,-2800,0,13,0,-21
43,R,-2800,0,14,0,-22
43,R,-2800,0,15,0,-22
43,R,-2800,0,16,0,-24
43,R,-2800,0,17,0,-24
43,R,-2800,0,18,0,-25
43,R,-2800,0,19,0,-26
43,R,-2800,0,20,0,-26
43,R,-2800,0,21,0,-26
43,R,-2800,0,22,0,-28
43,R,-2800,0,23,0,-28
43,R,-2800,0,24,0,-28
43,R,-2800,0,25,0,-30
43,R,-2800,0,26,0,-29
43,R,-2800,0,27,0,-30
43,R,-2800,0,28,0,-30
43,R,-2800,0,29,0,-30
43,R,-2800,0,30,0,-31
43,R,-2800,0,31,0,-32
43,R,-2800,0,32,0,-31
43,R,-2800,0,33,0,-32
43,R,-2800,0,34,0,-33
43,R,-2800,0,35,0,-32
43,R,-2800,0,36,0,-32
43,R,-2800,0,37,0,-33
43,R,-2800,0,38,0,-33
43,R,-2800,0,39,0,-33
43,R,-2800,0,40,0,-34
43,R,-2800,0,41,0,-34
43,R,-2800,0,42,0,-33
43,R,-2800,0,43,0,-34
43,R,-2800,0,44,0,-34
43,R,-2800,0,45,0,-35
43,R,-2800,0,46,0,-34
43,R,-2800,0,47,0,-35
43,R,-2800,0,48,0,-34
43,R,-2800,0,49,0,-34
43,R,-2800,0,50,0,-36
43,R,-2800,0,51,0,-35
43,R,-2800,0,52,0,-34
43,R,-2800,0,53,0,-35
43,R,-2800,0,54,0,-36
43,R,-2800,0,55,0,-35
43,R,-2800,0,56,0,-36
43,R,-2800,0,57,0,-35
43,R,-2800,0,58,0,-35
43,R,-2800,0,59,0,-36
43,R,-2800,0,60,0,-37
43,R,-2800,0,61,0,-34
43,R,-2800,0,62,0,-36
43,R,-2800,0,63,0,-36
43,R,-2800,0,64,0,-36
43,R,-2800,0,65,0,-36
43,R,-2800,0,66,0,-36
43,R,-2800,0,67,0,-36
43,R,-2800,0,68,0,-36
43,R,-2800,0,69,0,-36
43,R,-2800,0,70,0,-37
43,R,-2800,0,71,0,-36
43,R,-2800,0,72,0,-36
43,R,-2800,0,73,0,-37
43,R,-2800,0,74,0,-37
43,R,-2800,0,75,0,-36
43,R,-2800,0,76,0,-37
43,R,-2800,0,77,0,-36
43,R,-2800,0,78,0,-36
43,R,-2800,0,79,0,-37
43,R,-2800,0,80,0,-37
43,R,-2800,0,81,0,-37
43,R,-2800,0,82,0,-37
43,R,-2800,0,83,0,-36
43,R,-2800,0,84,0,-37
43,R,-2800,0,85,0,-36
43,R,-2800,0,86,0,-38
43,R,-2800,0,87,0,-37
43,R,-2800,0,88,0,-36
43,R,-2800,0,89,0,-37
43,R,-2800,0,90,0,-38
43,R,-2800,0,91,0,-37
43,R,-2800,0,92,0,-36
43,R,-2800,0,93,0,-38
43,R,-2800,0,94,0,-37
43,R,-2800,0,95,0,-37
43,R,-2800,0,96,0,-37
43,R,-2800,0,97,0,-38
43,R,-2800,0,98,0,-37
43,R,-2800,0,99,0,-37
43,R,-2800,0,100,0,-38
43,R,-2800,0,101,0,-37
43,R,-2800,0,102,0,-37
43,R,-2800,0,103,0,-37
43,R,-2800,0,104,0,-38
43,R,-2800,0,105,0,-37
43,R,-2800,0,106,0,-38
43,R,-2800,0,107,0,-37
43,R,-2800,0,108,0,-37
43,R,-2800,0,109,0,-38
43,R,-2800,0,110,0,-37
43,R,-2800,0,111,0,-37
43,R,-2800,0,112,0,-38
43,R,-2800,0,113,0,-37
43,R,-2800,0,114,0,-38
43,R,-2800,0,115,0,-38
43,R,-2800,0,116,0,-37
43,R,-2800,0,117,0,-38
43,R,-2800,0,118,0,-37
43,R,-2800,0,119,0,-38
43,R,-2800,0,120,0,-38
43,R,-2800,0,121,0,-39
43,R,-2800,0,122,0,-36
43,R,-2800,0,123,0,-37
43,R,-2800,0,124,0,-38
43,R,-2800,0,125,0,-38
43,R,-2800,0,126,0,-37
43,R,-2800,0,127,0,-38
43,R,-2800,0,128,0,-38
43,R,-2800,0,129,0,-38
43,R,-2800,0,130,0,-37
43,R,-2800,0,131,0,-38
43,R,-2800,0,132,0,-38
43,R,-2800,0,133,0,-37
43,R,-2800,0,134,0,-38
43,R,-2800,0,135,0,-38
43,R,-2800,0,136,0,-38
43,R,-2800,0,137,0,-37
43,R,-2800,0,138,0,-38
43,R,-2800,0,139,0,-38
43,R,-2800,0,140,0,-37
43,R,-2800,0,141,0,-38
43,R,-2800,0,142,0,-38
43,R,-2800,0,143,0,-38
43,R,-2800,0,144,0,-37
43,R,-2800,0,145,0,-39
43,R,-2800,0,146,0,-37
43,R,-2800,0,147,0,-38
43,R,-2800,0,148,0,-38
43,R,-2800,0,149,0,-37
43,R,-2800,0,150,0,-38
43,R,-2800,0,151,0,-38
43,R,-2800,0,152,0,-38
43,R,-2800,0,153,0,-37
43,R,-2800,0,154,0,-39
43,R,-2800,0,155,0,-37
43,R,-2800,0,156,0,-38
43,R,-2800,0,157,0,-38
43,R,-2800,0,158,0,-38
43,R,-2800,0,159,0,-38
43,R,-2800,0,160,0,-37
43,R,-2800,0,161,0,-38
43,R,-2800,0,162,0,-38
43,R,-2800,0,163,0,-38
43,R,-2800,0,164,0,-37
43,R,-2800,0,165,0,-39
43,R,-2800,0,166,0,-37
43,R,-2800,0,167,0,-38
43,R,-2800,0,168,0,-38
43,R,-2800,0,169,0,-38
43,R,-2800,0,170,0,-38
43,R,-2800,0,171,0,-37
43,R,-2800,0,172,0,-38
43,R,-2800,0,173,0,-38
43,R,-2800,0,174,0,-38
43,R,-2800,0,175,0,-37
43,R,-2800,0,176,0,-39
43,R,-2800,0,177,0,-37
43,R,-2800,0,178,0,-38
43,R,-2800,0,179,0,-38
43,R,-2800,0,180,0,-37
43,R,-2800,0,181,0,-38
43,R,-2800,0,182,0,-39
43,R,-2800,0,183,0,-37
43,R,-2800,0,184,0,-37
43,R,-2800,0,185,0,-38
43,R,-2800,0,186,0,-38
43,R,-2800,0,187,0,-38
43,R,-2800,0,188,0,-38
43,R,-2800,0,189,0,-37
43,R,-2800,0,190,0,-38
43,R,-2800,0,191,0,-38
43,R,-2800,0,192,0,-38
43,R,-2800,0,193,0,-37
43,R,-2800,0,194,0,-38
43,R,-2800,0,195,0,-38
43,R,-2800,0,196,0,-37
43,R,-2800,0,197,0,-39
43,R,-2800,0,198,0,-37
43,R,-2800,0,199,0,-38
43,R,-2800,0,200,0,-38
43,R,-2800,0,201,0,-38
43,R,-2800,0,202,0,-37
43,R,-2800,0,203,0,-37
43,R,-2800,0,204,0,-38
43,R,-2800,0,205,0,-37
43,R,-2800,0,206,0,-37
43,R,-2800,0,207,0,-36
43,R,-2800,0,208,0,-37
43,R,-2800,0,209,0,-37
43,R,-2800,0,210,0,-36
43,R,-2800,0,211,0,-36
43,R,-2800,0,212,0,-36
43,R,-2800,0,213,0,-36
43,R,-2800,0,214,0,-35
43,R,-2800,0,215,0,-35
43,R,-2800,0,216,0,-36
43,R,-2800,0,217,0,-35
43,R,-2800,0,218,0,-35
43,R,-2800,0,219,0,-35
43,R,-2800,0,220,0,-34
43,R,-2800,0,221,0,-35
43,R,-2800,0,222,0,-34
43,R,-2800,0,223,0,-35
43,R,-2800,0,224,0,-33
43,R,-2800,0,225,0,-35
43,R,-2800,0,226,0,-33
43,R,-2800,0,227,0,-34
43,R,-2800,0,228,0,-33
43,R,-2800,0,229,0,-33
43,R,-2800,0,230,0,-34
43,R,-2800,0,231,0,-33
43,R,-2800,0,232,0,-32
43,R,-2800,0,233,0,-33
43,R,-2800,0,234,0,-32
43,R,-2800,0,235,0,-32
43,R,-2800,0,236,0,-33
43,R,-2800,0,237,0,-32
43,R,-2800,0,238,0,-32
43,R,-2800,0,239,0,-31
43,R,-2800,0,240,0,-32
43,R,-2800,0,241,0,-31
43,R,-2800,0,242,0,-32
43,R,-2800,0,243,0,-32
43,R,-2800,0,244,0,-30
43,R,-2800,0,245,0,-30
43,R,-2800,0,246,0,-32
43,R,-2800,0,247,0,-30
43,R,-2800,0,248,0,-30
43,R,-2800,0,249,0,-31
43,R,-2800,0,250,0,-29
43,R,-2800,0,251,0,-31
43,R,-2800,0,252,0,-29
43,R,-2800,0,253,0,-30
43,R,-2800,0,254,0,-30
43,R,-2800,0,255,0,-29
43,R,-2800,0,256,0,-30
43,R,-2800,0,257,0,-29
43,R,-2800,0,258,0,-28
43,R,-2800,0,259,0,-29
43,R,-2800,0,260,0,-29
43,R,-2800,0,261,0,-29
43,R,-2800,0,262,0,-28
43,R,-2800,0,263,0,-28
43,R,-2800,0,264,0,-29
43,R,-2800,0,265,0,-28
43,R,-2800,0,266,0,-27
43,R,-2800,0,267,0,-28
43,R,-2800,0,268,0,-28
43,R,-2800,0,269,0,-27
43,R,-2800,0,270,0,-27
43,R,-2800,0,271,0,-27
43,R,-2800,0,272,0,-28
43,R,-2800,0,273,0,-27
43,R,-2800,0,274,0,-26
43,R,-2800,0,275,0,-27
43,R,-2800,0,276,0,-26
43,R,-2800,0,277,0,-26
43,R,-2800,0,278,0,-27
43,R,-2800,0,279,0,-26
43,R,-2800,0,280,0,-26
43,R,-2800,0,281,0,-25
43,R,-2800,0,282,0,-26
43,R,-2800,0,283,0,-26
43,R,-2800,0,284,0,-25
43,R,-2800,0,285,0,-26
43,R,-2800,0,286,0,-25
43,R,-2800,0,287,0,-24
43,R,-2800,0,288,0,-26
43,R,-2800,0,289,0,-25
43,R,-2800,0,290,0,-24
43,R,-2800,0,291,0,-25
43,R,-2800,0,292,0,-24
43,R,-2800,0,293,0,-24
43,R,-2800,0,294,0,-24
43,R,-2800,0,295,0,-24
43,R,-2800,0,296,0,-24
43,R,-2800,0,297,0,-24
43,R,-2800,0,298,0,-24
43,R,-2800,0,299,0,-23
43,R,-2800,0,300,0,-24
43,R,-2800,0,301,0,-23
43,R,-2800,0,302,0,-23
43,R,-2800,0,303,0,-23
43,R,-2800,0,304,0,-24
43,R,-2800,0,305,0,-21
43,R,-2800,0,306,0,-23
43,R,-2800,0,307,0,-23
43,R,-2800,0,308,0,-22
43,R,-2800,0,309,0,-22
43,R,-2800,0,310,0,-22
43,R,-2800,0,311,0,-23
43,R,-2800,0,312,0,-21
43,R,-2800,0,313,0,-22
43,R,-2800,0,314,0,-21
43,R,-2800,0,315,0,-22
43,R,-2800,0,316,0,-22
43,R,-2800,0,317,0,-21
43,R,-2800,0,318,0,-21
43,R,-2800,0,319,0,-21
43,R,-2800,0,320,0,-21
43,R,-2800,0,321,0,-21
43,R,-2800,0,322,0,-20
43,R,-2800,0,323,0,-22
43,R,-2800,0,324,0,-20
43,R,-2800,0,325,0,-20
43,R,-2800,0,326,0,-20
43,R,-2800,0,327,0,-21
43,R,-2800,0,328,0,-20
43,R,-2800,0,329,0,-20
43,R,-2800,0,330,0,-19
43,R,-2800,0,331,0,-20
43,R,-2800,0,332,0,-20
43,R,-2800,0,333,0,-19
43,R,-2800,0,334,0,-19
43,R,-2800,0,335,0,-19
43,R,-2800,0,336,0,-20
43,R,-2800,0,337,0,-19
43,R,-2800,0,338,0,-18
43,R,-2800,0,339,0,-19
43,R,-2800,0,340,0,-19
43,R,-2800,0,341,0,-18
43,R,-2800,0,342,0,-19
43,R,-2800,0,343,0,-18
43,R,-2800,0,344,0,-18
43,R,-2800,0,345,0,-18
43,R,-2800,0,346,0,-18
43,R,-2800,0,347,0,-18
43,R,-2800,0,348,0,-18
43,R,-2800,0,349,0,-17
43,R,-2800,0,350,0,-18
43,R,-2800,0,351,0,-17
43,R,-2800,0,352,0,-17
43,R,-2800,0,353,0,-18
43,R,-2800,0,354,0,-17
43,R,-2800,0,355,0,-17
43,R,-2800,0,356,0,-17
43,R,-2800,0,357,0,-17
43,R,-2800,0,358,0,-17
43,R,-2800,0,359,0,-16
43,R,-2800,0,360,0,-16
43,R,-2800,0,361,0,-16
43,R,-2800,0,362,0,-17
43,R,-2800,0,363,0,-16
43,R,-2800,0,364,0,-16
43,R,-2800,0,365,0,-16
43,R,-2800,0,366,0,-16
43,R,-2800,0,367,0,-15
43,R,-2800,0,368,0,-16
43,R,-2800,0,369,0,-16
43,R,-2800,0,370,0,-15
43,R,-2800,0,371,0,-16
43,R,-2800,0,372,0,-15
43,R,-2800,0,373,0,-15
43,R,-2800,0,374,0,-15
43,R,-2800,0,375,0,-15
43,R,-2800,0,376,0,-15
43,R,-2800,0,377,0,-14
43,R,-2800,0,378,0,-15
43,R,-2800,0,379,0,-14
43,R,-2800,0,380,0,-15
43,R,-2800,0,381,0,-15
43,R,-2800,0,382,0,-13
43,R,-2800,0,383,0,-15
43,R,-2800,0,384,0,-13
43,R,-2800,0,385,0,-15
43,R,-2800,0,386,0,-13
43,R,-2800,0,387,0,-14
43,R,-2800,0,388,0,-14
43,R,-2800,0,389,0,-13
43,R,-2800,0,390,0,-14
43,R,-2800,0,391,0,-13
43,R,-2800,0,392,0,-13
43,R,-2800,0,393,0,-14
43,R,-2800,0,394,0,-13
43,R,-2800,0,395,0,-12
43,R,-2800,0,396,0,-13
43,R,-2800,0,397,0,-14
43,R,-2800,0,398,0,-12
43,R,-2800,0,399,0,-13
43,R,-2800,0,400,0,-12
43,R,-2800,0,401,0,-12
43,R,-2800,0,402,0,-13
43,R,-2800,0,403,0,-12
43,R,-2800,0,404,0,-12
43,R,-2800,0,405,0,-12
43,R,-2800,0,406,0,-12
43,R,-2800,0,407,0,-12
43,R,-2800,0,408,0,-11
43,R,-2800,0,409,0,-12
43,R,-2800,0,410,0,-12
43,R,-2800,0,411,0,-12
43,R,-2800,0,412,0,-11
43,R,-2800,0,413,0,-11
43,R,-2800,0,414,0,-11
43,R,-2800,0,415,0,-11
43,R,-2800,0,416,0,-12
43,R,-2800,0,417,0,-11
43,R,-2800,0,418,0,-10
43,R,-2800,0,419,0,-11
43,R,-2800,0,420,0,-11
43,R,-2800,0,421,0,-10
43,R,-2800,0,422,0,-11
43,R,-2800,0,423,0,-11
43,R,-2800,0,424,0,-9
43,R,-2800,0,425,0,-11
43,R,-2800,0,426,0,-10
43,R,-2800,0,427,0,-10
43,R,-2800,0,428,0,-10
43,R,-2800,0,429,0,-10
43,R,-2800,0,430,0,-10
43,R,-2800,0,431,0,-10
43,R,-2800,0,432,0,-9
43,R,-2800,0,433,0,-10
43,R,-2800,0,434,0,-10
43,R,-2800,0,435,0,-9
43,R,-2800,0,436,0,-10
43,R,-2800,0,437,0,-9
43,R,-2800,0,438,0,-8
43,R,-2800,0,439,0,-9
43,R,-2800,0,440,0,-9
43,R,-2800,0,441,0,-9
43,R,-2800,0,442,0,-8
43,R,-2800,0,443,0,-9
43,R,-2800,0,444,0,-9
43,R,-2800,0,445,0,-9
43,R,-2800,0,446,0,-8
43,R,-2800,0,447,0,-9
43,R,-2800,0,448,0,-8
43,R,-2800,0,449,0,-8
43,R,-2800,0,450,0,-8
43,R,-2800,0,451,0,-8
43,R,-2800,0,452,0,-8
43,R,-2800,0,453,0,-8
43,R,-2800,0,454,0,-8
43,R,-2800,0,455,0,-8
43,R,-2800,0,456,0,-8
43,R,-2800,0,457,0,-8
43,R,-2800,0,458,0,-7
43,R,-2800,0,459,0,-8
43,R,-2800,0,460,0,-7
43,R,-2800,0,461,0,-7
43,R,-2800,0,462,0,-7
43,R,-2800,0,463,0,-8
43,R,-2800,0,464,0,-7
43,R,-2800,0,465,0,-7
43,R,-2800,0,466,0,-7
43,R,-2800,0,467,0,-7
43,R,-2800,0,468,0,-7
43,R,-2800,0,469,0,-6
43,R,-2800,0,470,0,-7
43,R,-2800,0,471,0,-7
43,R,-2800,0,472,0,-6
43,R,-2800,0,473,0,-7
43,R,-2800,0,474,0,-6
43,R,-2800,0,475,0,-6
43,R,-2800,0,476,0,-7
43,R,-2800,0,477,0,-5
43,R,-2800,0,478,0,-7
43,R,-2800,0,479,0,-5
43,R,-2800,0,480,0,-7
43,R,-2800,0,481,0,-5
43,R,-2800,0,482,0,-6
43,R,-2800,0,483,0,-6
43,R,-2800,0,484,0,-5
43,R,-2800,0,485,0,-6
43,R,-2800,0,486,0,-5
43,R,-2800,0,487,0,-6
43,R,-2800,0,488,0,-6
43,R,-2800,0,489,0,-5
43,R,-2800,0,490,0,-5
43,R,-2800,0,491,0,-5
43,R,-2800,0,492,0,-5
43,R,-2800,0,493,0,-5
43,R,-2800,0,494,0,-5
43,R,-2800,0,495,0,-5
43,R,-2800,0,496,0,-5
43,R,-2800,0,497,0,-4
43,R,-2800,0,498,0,-5
43,R,-2800,0,499,0,-5
44,R,-2800,1500,0,0,0
44,R,-2800,1500,1,0,-1
44,R,-2800,1500,2,0,-3
44,R,-2800,1500,3,0,-5
44,R,-2800,1500,4,0,-8
44,R,-2800,1500,5,0,-9
44,R,-2800,1500,6,0,-11
44,R,-2800,1500,7,0,-12
44,R,-2800,1500,8,0,-15
44,R,-2800,1500,9,0,-16
44,R,-2800,1500,10,0,-17
44,R,-2800,1500,11,0,-19
44,R,-2800,1500,12,0,-19
44,R,-2800,1500,13,0,-21
44,R,-2800,1500,14,0,-21
44,R,-2800,1500,15,0,-24
44,R,-2800,1500,16,0,-23
44,R,-2800,1500,17,0,-24
44,R,-2800,1500,18,0,-25
44,R,-2800,1500,19,0,-26
44,R,-2800,1500,20,0,-26
44,R,-2800,1500,21,0,-27
44,R,-2800,1500,22,0,-28
44,R,-2800,1500,23,0,-28
44,R,-2800,1500,24,0,-28
44,R,-2800,1500,25,0,-29
44,R,-2800,1500,26,0,-30
44,R,-2800,1500,27,0,-30
44,R,-2800,1500,28,0,-30
44,R,-2800,1500,29,0,-30
44,R,-2800,1500,30,0,-32
44,R,-2800,1500,31,0,-31
44,R,-2800,1500,32,0,-32
44,R,-2800,1500,33,0,-32
44,R,-2800,1500,34,0,-32
44,R,-2800,1500,35,0,-33
44,R,-2800,1500,36,0,-32
44,R,-2800,1500,37,0,-33
44,R,-2800,1500,38,0,-34
44,R,-2800,1500,39,0,-33
44,R,-2800,1500,40,0,-34
44,R,-2800,1500,41,0,-34
44,R,-2800,1500,42,0,-34
44,R,-2800,1500,43,0,-34
44,R,-2800,1500,44,0,-34
44,R,-2800,1500,45,0,-34
44,R,-2800,1500,46,0,-35
44,R,-2800,1500,47,0,-35
44,R,-2800,1500,48,0,-35
44,R,-2800,1500,49,0,-35
44,R,-2800,1500,50,0,-35
44,R,-2800,1500,51,0,-35
44,R,-2800,1500,52,0,-35
44,R,-2800,1500,53,0,-36
44,R,-2800,1500,54,0,-35
44,R,-2800,1500,55,0,-36
44,R,-2800,1500,56,0,-36
44,R,-2800,1500,57,0,-35
44,R,-2800,1500,58,0,-36
44,R,-2800,1500,59,0,-36
44,R,-2800,1500,60,0,-36
44,R,-2800,1500,61,0,-36
44,R,-2800,1500,62,0,-36
44,R,-2800,1500,63,0,-38
44,R,-2800,1500,64,0,-35
44,R,-2800,1500,65,0,-36
44,R,-2800,1500,66,0,-36
44,R,-2800,1500,67,0,-36
44,R,-2800,1500,68,0,-37
44,R,-2800,1500,69,0,-36
44,R,-2800,1500,70,0,-37
44,R,-2800,1500,71,0,-37
44,R,-2800,1500,72,0,-37
44,R,-2800,1500,73,0,-36
44,R,-2800,1500,74,0,-36
44,R,-2800,1500,75,0,-38
44,R,-2800,1500,76,0,-37
44,R,-2800,1500,77,0,-37
44,R,-2800,1500,78,0,-36
44,R,-2800,1500,79,0,-37
44,R,-2800,1500,80,0,-37
44,R,-2800,1500,81,0,-37
44,R,-2800,1500,82,0,-37
44,R,-2800,1500,83,0,-37
44,R,-2800,1500,84,0,-38
44,R,-2800,1500,85,0,-37
44,R,-2800,1500,86,0,-37
44,R,-2800,1500,87,0,-37
44,R,-2800,1500,88,0,-37
44,R,-2800,1500,89,0,-37
44,R,-2800,1500,90,0,-38
44,R,-2800,1500,91,0,-37
44,R,-2800,1500,92,0,-37
44,R,-2800,1500,93,0,-38
44,R,-2800,1500,94,0,-37
44,R,-2800,1500,95,0,-37
44,R,-2800,1500,96,0,-38
44,R,-2800,1500,97,0,-38
44,R,-2800,1500,98,0,-37
44,R,-2800,1500,99,0,-38
44,R,-2800,1500,100,0,-37
44,R,-2800,1500,101,0,-37
44,R,-2800,1500,102,0,-38
44,R,-2800,1500,103,0,-37
44,R,-2800,1500,104,0,-38
44,R,-2800,1500,105,0,-38
44,R,-2800,1500,106,0,-37
44,R,-2800,1500,107,0,-38
44,R,-2800,1500,108,0,-38
44,R,-2800,1500,109,0,-38
44,R,-2800,1500,110,0,-37
44,R,-2800,1500,111,0,-38
44,R,-2800,1500,112,0,-38
44,R,-2800,1500,113,0,-37
44,R,-2800,1500,114,0,-38
44,R,-2800,1500,115,0,-37
44,R,-2800,1500,116,0,-39
44,R,-2800,1500,117,0,-37
44,R,-2800,1500,118,0,-38
44,R,-2800,1500,119,0,-38
44,R,-2800,1500,120,0,-37
44,R,-2800,1500,121,0,-39
44,R,-2800,1500,122,0,-37
44,R,-2800,1500,123,0,-39
44,R,-2800,1500,124,0,-39
44,R,-2800,1500,125,0,-36
44,R,-2800,1500,126,0,-37
44,R,-2800,1500,127,0,-39
44,R,-2800,1500,128,0,-37
44,R,-2800,1500,129,0,-39
44,R,-2800,1500,130,0,-37
44,R,-2800,1500,131,0,-38
44,R,-2800,1500,132,0,-38
44,R,-2800,1500,133,0,-38
44,R,-2800,1500,134,0,-38
44,R,-2800,1500,135,0,-38
44,R,-2800,1500,136,0,-38
44,R,-2800,1500,137,0,-38
44,R,-2800,1500,138,0,-38
44,R,-2800,1500,139,0,-38
44,R,-2800,1500,140,0,-38
44,R,-2800,1500,141,0,-38
44,R,-2800,1500,142,0,-38
44,R,-2800,1500,143,0,-38
44,R,-2800,1500,144,0,-38
44,R,-2800,1500,145,0,-39
44,R,-2800,1500,146,0,-37
44,R,-2800,1500,147,0,-39
44,R,-2800,1500,148,0,-37
44,R,-2800,1500,149,0,-39
44,R,-2800,1500,150,0,-37
44,R,-2800,1500,151,0,-39
44,R,-2800,1500,152,0,-38
44,R,-2800,1500,153,0,-39
44,R,-2800,1500,154,0,-37
44,R,-2800,1500,155,0,-39
44,R,-2800,1500,156,0,-37
44,R,-2800,1500,157,0,-39
44,R,-2800,1500,158,0,-38
44,R,-2800,1500,159,0,-38
44,R,-2800,1500,160,0,-39
44,R,-2800,1500,161,0,-37
44,R,-2800,1500,162,0,-39
44,R,-2800,1500,163,0,-38
44,R,-2800,1500,164,0,-38
44,R,-2800,1500,165,0,-39
44,R,-2800,1500,166,0,-38
44,R,-2800,1500,167,0,-38
44,R,-2800,1500,168,0,-38
44,R,-2800,1500,169,0,-39
44,R,-2800,1500,170,0,-37
44,R,-2800,1500,171,0,-39
44,R,-2800,1500,172,0,-38
44,R,-2800,1500,173,0,-38
44,R,-2800,1500,174,0,-38
44,R,-2800,1500,175,0,-39
44,R,-2800,1500,176,0,-38
44,R,-2800,1500,177,0,-38
44,R,-2800,1500,178,0,-39
44,R,-2800,1500,179,0,-38
44,R,-2800,1500,180,0,-38
44,R,-2800,1500,181,0,-38
44,R,-2800,1500,182,0,-39
44,R,-2800,1500,183,0,-38
44,R,-2800,1500,184,0,-38
44,R,-2800,1500,185,0,-40
44,R,-2800,1500,186,0,-36
44,R,-2800,1500,187,0,-39
44,R,-2800,1500,188,0,-38
44,R,-2800,1500,189,0,-38
44,R,-2800,1500,190,0,-38
44,R,-2800,1500,191,0,-39
44,R,-2800,1500,192,0,-38
44,R,-2800,1500,193,0,-38
44,R,-2800,1500,194,0,-38
44,R,-2800,1500,195,0,-38
44,R,-2800,1500,196,0,-39
44,R,-2800,1500,197,0,-38
44,R,-2800,1500,198,0,-38
44,R,-2800,1500,199,0,-39
44,R,-2800,1500,200,0,-38
44,R,-2800,1500,201,0,-38
44,R,-2800,1500,202,0,-36
44,R,-2800,1500,203,0,-34
44,R,-2800,1500,204,0,-34
44,R,-2800,1500,205,0,-31
44,R,-2800,1500,206,0,-31
44,R,-2800,1500,207,0,-29
44,R,-2800,1500,208,0,-27
44,R,-2800,1500,209,0,-27
44,R,-2800,1500,210,0,-25
44,R,-2800,1500,211,0,-23
44,R,-2800,1500,212,0,-22
44,R,-2800,1500,213,0,-22
44,R,-2800,1500,214,0,-20
44,R,-2800,1500,215,0,-20
44,R,-2800,1500,216,0,-17
44,R,-2800,1500,217,0,-17
44,R,-2800,1500,218,0,-16
44,R,-2800,1500,219,0,-16
44,R,-2800,1500,220,0,-14
44,R,-2800,1500,221,0,-13
44,R,-2800,1500,222,0,-13
44,R,-2800,1500,223,0,-12
44,R,-2800,1500,224,0,-11
44,R,-2800,1500,225,0,-11
44,R,-2800,1500,226,0,-9
44,R,-2800,1500,227,0,-10
44,R,-2800,1500,228,0,-9
44,R,-2800,1500,229,0,-8
44,R,-2800,1500,230,0,-7
44,R,-2800,1500,231,0,-7
44,R,-2800,1500,232,0,-7
44,R,-2800,1500,233,0,-6
44,R,-2800,1500,234,0,-5
44,R,-2800,1500,235,0,-5
44,R,-2800,1500,236,0,-5
44,R,-2800,1500,237,0,-5
44,R,-2800,1500,238,0,-4
44,R,-2800,1500,239,0,-3
44,R,-2800,1500,240,0,-4
44,R,-2800,1500,241,0,-3
44,R,-2800,1500,242,0,-3
44,R,-2800,1500,243,0,-3
44,R,-2800,1500,244,0,-2
44,R,-2800,1500,245,0,-2
44,R,-2800,1500,246,0,-2
44,R,-2800,1500,247,0,-1
44,R,-2800,1500,248,0,-2
44,R,-2800,1500,249,0,-1
44,R,-2800,1500,250,0,-1
44,R,-2800,1500,251,0,-1
44,R,-2800,1500,252,0,-1
44,R,-2800,1500,253,0,0
44,R,-2800,1500,254,0,0
44,R,-2800,1500,255,0,0
44,R,-2800,1500,256,0,0
44,R,-2800,1500,257,0,0
44,R,-2800,1500,258,0,1
44,R,-2800,1500,259,0,0
44,R,-2800,1500,260,0,1
44,R,-2800,1500,261,0,1
44,R,-2800,1500,262,0,0
44,R,-2800,1500,263,0,1
44,R,-2800,1500,264,0,0
44,R,-2800,1500,265,0,2
44,R,-2800,1500,266,0,1
44,R,-2800,1500,267,0,0
44,R,-2800,1500,268,0,1
44,R,-2800,1500,269,0,1
44,R,-2800,1500,270,0,1
44,R,-2800,1500,271,0,1
44,R,-2800,1500,272,0,1
44,R,-2800,1500,273,0,1
44,R,-2800,1500,274,0,1
44,R,-2800,1500,275,0,1
44,R,-2800,1500,276,0,1
44,R,-2800,1500,277,0,2
44,R,-2800,1500,278,0,1
44,R,-2800,1500,279,0,1
44,R,-2800,1500,280,0,2
44,R,-2800,1500,281,0,1
44,R,-2800,1500,282,0,1
44,R,-2800,1500,283,0,2
44,R,-2800,1500,284,0,1
44,R,-2800,1500,285,0,2
44,R,-2800,1500,286,0,2
44,R,-2800,1500,287,0,1
44,R,-2800,1500,288,0,2
44,R,-2800,1500,289,0,1
44,R,-2800,1500,290,0,1
44,R,-2800,1500,291,0,3
44,R,-2800,1500,292,0,1
44,R,-2800,1500,293,0,2
44,R,-2800,1500,294,0,1
44,R,-2800,1500,295,0,2
44,R,-2800,1500,296,0,2
44,R,-2800,1500,297,0,2
44,R,-2800,1500,298,0,2
44,R,-2800,1500,299,0,1
44,R,-2800,1500,300,0,3
44,R,-2800,1500,301,0,1
44,R,-2800,1500,302,0,2
44,R,-2800,1500,303,0,2
44,R,-2800,1500,304,0,2
44,R,-2800,1500,305,0,2
44,R,-2800,1500,306,0,2
44,R,-2800,1500,307,0,2
44,R,-2800,1500,308,0,2
44,R,-2800,1500,309,0,2
44,R,-2800,1500,310,0,3
44,R,-2800,1500,311,0,1
44,R,-2800,1500,312,0,3
44,R,-2800,1500,313,0,1
44,R,-2800,1500,314,0,3
44,R,-2800,1500,315,0,2
44,R,-2800,1500,316,0,2
44,R,-2800,1500,317,0,2
44,R,-2800,1500,318,0,2
44,R,-2800,1500,319,0,3
44,R,-2800,1500,320,0,2
44,R,-2800,1500,321,0,2
44,R,-2800,1500,322,0,2
44,R,-2800,1500,323,0,3
44,R,-2800,1500,324,0,2
44,R,-2800,1500,325,0,2
44,R,-2800,1500,326,0,3
44,R,-2800,1500,327,0,2
44,R,-2800,1500,328,0,3
44,R,-2800,1500,329,0,2
44,R,-2800,1500,330,0,2
44,R,-2800,1500,331,0,3
44,R,-2800,1500,332,0,2
44,R,-2800,1500,333,0,3
44,R,-2800,1500,334,0,1
44,R,-2800,1500,335,0,3
44,R,-2800,1500,336,0,3
44,R,-2800,1500,337,0,2
44,R,-2800,1500,338,0,3
44,R,-2800,1500,339,0,2
44,R,-2800,1500,340,0,2
44,R,-2800,1500,341,0,3
44,R,-2800,1500,342,0,2
44,R,-2800,1500,343,0,3
44,R,-2800,1500,344,0,3
44,R,-2800,1500,345,0,2
44,R,-2800,1500,346,0,3
44,R,-2800,1500,347,0,3
44,R,-2800,1500,348,0,2
44,R,-2800,1500,349,0,3
44,R,-2800,1500,350,0,2
44,R,-2800,1500,351,0,3
44,R,-2800,1500,352,0,2
44,R,-2800,1500,353,0,3
44,R,-2800,1500,354,0,2
44,R,-2800,1500,355,0,3
44,R,-2800,1500,356,0,3
44,R,-2800,1500,357,0,2
44,R,-2800,1500,358,0,3
44,R,-2800,1500,359,0,3
44,R,-2800,1500,360,0,2
44,R,-2800,1500,361,0,3
44,R,-2800,1500,362,0,3
44,R,-2800,1500,363,0,2
44,R,-2800,1500,364,0,4
44,R,-2800,1500,365,0,2
44,R,-2800,1500,366,0,3
44,R,-2800,1500,367,0,3
44,R,-2800,1500,368,0,2
44,R,-2800,1500,369,0,3
44,R,-2800,1500,370,0,3
44,R,-2800,1500,371,0,3
44,R,-2800,1500,372,0,2
44,R,-2800,1500,373,0,3
44,R,-2800,1500,374,0,3
44,R,-2800,1500,375,0,2
44,R,-2800,1500,376,0,3
44,R,-2800,1500,377,0,3
44,R,-2800,1500,378,0,3
44,R,-2800,1500,379,0,3
44,R,-2800,1500,380,0,3
44,R,-2800,1500,381,0,2
44,R,-2800,1500,382,0,3
44,R,-2800,1500,383,0,3
44,R,-2800,1500,384,0,3
44,R,-2800,1500,385,0,2
44,R,-2800,1500,386,0,3
44,R,-2800,1500,387,0,3
44,R,-2800,1500,388,0,3
44,R,-2800,1500,389,0,3
44,R,-2800,1500,390,0,3
44,R,-2800,1500,391,0,3
44,R,-2800,1500,392,0,2
44,R,-2800,1500,393,0,3
44,R,-2800,1500,394,0,3
44,R,-2800,1500,395,0,3
44,R,-2800,1500,396,0,3
44,R,-2800,1500,397,0,3
44,R,-2800,1500,398,0,3
44,R,-2800,1500,399,0,2
44,R,-2800,1500,400,0,3
44,R,-2800,1500,401,0,3
44,R,-2800,1500,402,0,3
44,R,-2800,1500,403,0,3
44,R,-2800,1500,404,0,3
44,R,-2800,1500,405,0,2
44,R,-2800,1500,406,0,3
44,R,-2800,1500,407,0,3
44,R,-2800,1500,408,0,2
44,R,-2800,1500,409,0,2
44,R,-2800,1500,410,0,3
44,R,-2800,1500,411,0,2
44,R,-2800,1500,412,0,2
44,R,-2800,1500,413,0,2
44,R,-2800,1500,414,0,3
44,R,-2800,1500,415,0,1
44,R,-2800,1500,416,0,3
44,R,-2800,1500,417,0,1
44,R,-2800,1500,418,0,3
44,R,-2800,1500,419,0,1
44,R,-2800,1500,420,0,3
44,R,-2800,1500,421,0,1
44,R,-2800,1500,422,0,2
44,R,-2800,1500,423,0,1
44,R,-2800,1500,424,0,2
44,R,-2800,1500,425,0,2
44,R,-2800,1500,426,0,1
44,R,-2800,1500,427,0,2
44,R,-2800,1500,428,0,1
44,R,-2800,1500,429,0,1
44,R,-2800,1500,430,0,2
44,R,-2800,1500,431,0,1
44,R,-2800,1500,432,0,1
44,R,-2800,1500,433,0,2
44,R,-2800,1500,434,0,1
44,R,-2800,1500,435,0,0
44,R,-2800,1500,436,0,1
44,R,-2800,1500,437,0,2
44,R,-2800,1500,438,0,1
44,R,-2800,1500,439,0,0
44,R,-2800,1500,440,0,1
44,R,-2800,1500,441,0,1
44,R,-2800,1500,442,0,1
44,R,-2800,1500,443,0,0
44,R,-2800,1500,444,0,1
44,R,-2800,1500,445,0,0
44,R,-2800,1500,446,0,0
44,R,-2800,1500,447,0,1
44,R,-2800,1500,448,0,0
44,R,-2800,1500,449,0,0
44,R,-2800,1500,450,0,0
44,R,-2800,1500,451,0,0
44,R,-2800,1500,452,0,1
44,R,-2800,1500,453,0,0
44,R,-2800,1500,454,0,0
44,R,-2800,1500,455,0,0
44,R,-2800,1500,456,0,0
44,R,-2800,1500,457,0,0
44,R,-2800,1500,458,0,0
44,R,-2800,1500,459,0,0
44,R,-2800,1500,460,0,0
44,R,-2800,1500,461,0,0
44,R,-2800,1500,462,0,0
44,R,-2800,1500,463,0,0
44,R,-2800,1500,464,0,0
44,R,-2800,1500,465,0,0
44,R,-2800,1500,466,0,0
44,R,-2800,1500,467,0,0
44,R,-2800,1500,468,0,0
44,R,-2800,1500,469,0,0
44,R,-2800,1500,470,0,0
44,R,-2800,1500,471,0,0
44,R,-2800,1500,472,0,0
44,R,-2800,1500,473,0,0
44,R,-2800,1500,474,0,0
44,R,-2800,1500,475,0,0
44,R,-2800,1500,476,0,0
44,R,-2800,1500,477,0,0
44,R,-2800,1500,478,0,0
44,R,-2800,1500,479,0,0
44,R,-2800,1500,480,0,0
44,R,-2800,1500,481,0,0
44,R,-2800,1500,482,0,0
44,R,-2800,1500,483,0,0
44,R,-2800,1500,484,0,0
44,R,-2800,1500,485,0,0
44,R,-2800,1500,486,0,0
44,R,-2800,1500,487,0,0
44,R,-2800,1500,488,0,0
44,R,-2800,1500,489,0,0
44,R,-2800,1500,490,0,0
44,R,-2800,1500,491,0,0
44,R,-2800,1500,492,0,0
44,R,-2800,1500,493,0,0
44,R,-2800,1500,494,0,0
44,R,-2800,1500,495,0,0
44,R,-2800,1500,496,0,0
44,R,-2800,1500,497,0,0
44,R,-2800,1500,498,0,0
44,R,-2800,1500,499,0,0
45,R,-2800,1700,0,0,0
45,R,-2800,1700,1,0,-1
45,R,-2800,1700,2,0,-3
45,R,-2800,1700,3,0,-5
45,R,-2800,1700,4,0,-8
45,R,-2800,1700,5,0,-9
45,R,-2800,1700,6,0,-11
45,R,-2800,1700,7,0,-13
45,R,-2800,1700,8,0,-14
45,R,-2800,1700,9,0,-16
45,R,-2800,1700,10,0,-17
45,R,-2800,1700,11,0,-19
45,R,-2800,1700,12,0,-19
45,R,-2800,1700,13,0,-21
45,R,-2800,1700,14,0,-21
45,R,-2800,1700,15,0,-23
45,R,-2800,1700,16,0,-23
45,R,-2800,1700,17,0,-26
45,R,-2800,1700,18,0,-24
45,R,-2800,1700,19,0,-25
45,R,-2800,1700,20,0,-27
45,R,-2800,1700,21,0,-27
45,R,-2800,1700,22,0,-27
45,R,-2800,1700,23,0,-28
45,R,-2800,1700,24,0,-29
45,R,-2800,1700,25,0,-29
45,R,-2800,1700,26,0,-29
45,R,-2800,1700,27,0,-30
45,R,-2800,1700,28,0,-30
45,R,-2800,1700,29,0,-31
45,R,-2800,1700,30,0,-31
45,R,-2800,1700,31,0,-32
45,R,-2800,1700,32,0,-31
45,R,-2800,1700,33,0,-32
45,R,-2800,1700,34,0,-33
45,R,-2800,1700,35,0,-33
45,R,-2800,1700,36,0,-33
45,R,-2800,1700,37,0,-32
45,R,-2800,1700,38,0,-34
45,R,-2800,1700,39,0,-33
45,R,-2800,1700,40,0,-33
45,R,-2800,1700,41,0,-35
45,R,-2800,1700,42,0,-33
45,R,-2800,1700,43,0,-35
45,R,-2800,1700,44,0,-34
45,R,-2800,1700,45,0,-35
45,R,-2800,1700,46,0,-34
45,R,-2800,1700,47,0,-34
45,R,-2800,1700,48,0,-36
45,R,-2800,1700,49,0,-35
45,R,-2800,1700,50,0,-34
45,R,-2800,1700,51,0,-35
45,R,-2800,1700,52,0,-36
45,R,-2800,1700,53,0,-36
45,R,-2800,1700,54,0,-35
45,R,-2800,1700,55,0,-36
45,R,-2800,1700,56,0,-35
45,R,-2800,1700,57,0,-36
45,R,-2800,1700,58,0,-36
45,R,-2800,1700,59,0,-36
45,R,-2800,1700,60,0,-36
45,R,-2800,1700,61,0,-36
45,R,-2800,1700,62,0,-36
45,R,-2800,1700,63,0,-36
45,R,-2800,1700,64,0,-37
45,R,-2800,1700,65,0,-36
45,R,-2800,1700,66,0,-36
45,R,-2800,1700,67,0,-36
45,R,-2800,1700,68,0,-37
45,R,-2800,1700,69,0,-36
45,R,-2800,1700,70,0,-37
45,R,-2800,1700,71,0,-36
45,R,-2800,1700,72,0,-37
45,R,-2800,1700,73,0,-37
45,R,-2800,1700,74,0,-36
45,R,-2800,1700,75,0,-37
45,R,-2800,1700,76,0,-37
45,R,-2800,1700,77,0,-37
45,R,-2800,1700,78,0,-38
45,R,-2800,1700,79,0,-36
45,R,-2800,1700,80,0,-36
45,R,-2800,1700,81,0,-37
45,R,-2800,1700,82,0,-37
45,R,-2800,1700,83,0,-37
45,R,-2800,1700,84,0,-37
45,R,-2800,1700,85,0,-37
45,R,-2800,1700,86,0,-38
45,R,-2800,1700,87,0,-37
45,R,-2800,1700,88,0,-36
45,R,-2800,1700,89,0,-38
45,R,-2800,1700,90,0,-37
45,R,-2800,1700,91,0,-37
45,R,-2800,1700,92,0,-37
45,R,-2800,1700,93,0,-38
45,R,-2800,1700,94,0,-37
45,R,-2800,1700,95,0,-37
45,R,-2800,1700,96,0,-38
45,R,-2800,1700,97,0,-37
45,R,-2800,1700,98,0,-37
45,R,-2800,1700,99,0,-38
45,R,-2800,1700,100,0,-37
45,R,-2800,1700,101,0,-37
45,R,-2800,1700,102,0,-38
45,R,-2800,1700,103,0,-37
45,R,-2800,1700,104,0,-38
45,R,-2800,1700,105,0,-38
45,R,-2800,1700,106,0,-37
45,R,-2800,1700,107,0,-38
45,R,-2800,1700,108,0,-37
45,R,-2800,1700,109,0,-38
45,R,-2800,1700,110,0,-37
45,R,-2800,1700,111,0,-37
45,R,-2800,1700,112,0,-39
45,R,-2800,1700,113,0,-37
45,R,-2800,1700,114,0,-38
45,R,-2800,1700,115,0,-38
45,R,-2800,1700,116,0,-37
45,R,-2800,1700,117,0,-38
45,R,-2800,1700,118,0,-37
45,R,-2800,1700,119,0,-39
45,R,-2800,1700,120,0,-37
45,R,-2800,1700,121,0,-38
45,R,-2800,1700,122,0,-38
45,R,-2800,1700,123,0,-38
45,R,-2800,1700,124,0,-38
45,R,-2800,1700,125,0,-37
45,R,-2800,1700,126,0,-38
45,R,-2800,1700,127,0,-38
45,R,-2800,1700,128,0,-38
45,R,-2800,1700,129,0,-38
45,R,-2800,1700,130,0,-38
45,R,-2800,1700,131,0,-37
45,R,-2800,1700,132,0,-39
45,R,-2800,1700,133,0,-37
45,R,-2800,1700,134,0,-39
45,R,-2800,1700,135,0,-37
45,R,-2800,1700,136,0,-38
45,R,-2800,1700,137,0,-38
45,R,-2800,1700,138,0,-38
45,R,-2800,1700,139,0,-39
45,R,-2800,1700,140,0,-37
45,R,-2800,1700,141,0,-38
45,R,-2800,1700,142,0,-38
45,R,-2800,1700,143,0,-38
45,R,-2800,1700,144,0,-38
45,R,-2800,1700,145,0,-38
45,R,-2800,1700,146,0,-38
45,R,-2800,1700,147,0,-38
45,R,-2800,1700,148,0,-38
45,R,-2800,1700,149,0,-38
45,R,-2800,1700,150,0,-39
45,R,-2800,1700,151,0,-37
45,R,-2800,1700,152,0,-39
45,R,-2800,1700,153,0,-38
45,R,-2800,1700,154,0,-38
45,R,-2800,1700,155,0,-38
45,R,-2800,1700,156,0,-38
45,R,-2800,1700,157,0,-38
45,R,-2800,1700,158,0,-38
45,R,-2800,1700,159,0,-38
45,R,-2800,1700,160,0,-38
45,R,-2800,1700,161,0,-38
45,R,-2800,1700,162,0,-38
45,R,-2800,1700,163,0,-38
45,R,-2800,1700,164,0,-38
45,R,-2800,1700,165,0,-38
45,R,-2800,1700,166,0,-38
45,R,-2800,1700,167,0,-38
45,R,-2800,1700,168,0,-38
45,R,-2800,1700,169,0,-38
45,R,-2800,1700,170,0,-38
45,R,-2800,1700,171,0,-38
45,R,-2800,1700,172,0,-38
45,R,-2800,1700,173,0,-38
45,R,-2800,1700,174,0,-39
45,R,-2800,1700,175,0,-38
45,R,-2800,1700,176,0,-38
45,R,-2800,1700,177,0,-38
45,R,-2800,1700,178,0,-38
45,R,-2800,1700,179,0,-38
45,R,-2800,1700,180,0,-38
45,R,-2800,1700,181,0,-39
45,R,-2800,1700,182,0,-37
45,R,-2800,1700,183,0,-39
45,R,-2800,1700,184,0,-37
45,R,-2800,1700,185,0,-39
45,R,-2800,1700,186,0,-38
45,R,-2800,1700,187,0,-39
45,R,-2800,1700,188,0,-37
45,R,-2800,1700,189,0,-39
45,R,-2800,1700,190,0,-38
45,R,-2800,1700,191,0,-38
45,R,-2800,1700,192,0,-38
45,R,-2800,1700,193,0,-38
45,R,-2800,1700,194,0,-39
45,R,-2800,1700,195,0,-38
45,R,-2800,1700,196,0,-38
45,R,-2800,1700,197,0,-38
45,R,-2800,1700,198,0,-39
45,R,-2800,1700,199,0,-38
45,R,-2800,1700,200,0,-39
45,R,-2800,1700,201,0,-36
45,R,-2800,1700,202,0,-36
45,R,-2800,1700,203,0,-35
45,R,-2800,1700,204,0,-32
45,R,-2800,1700,205,0,-31
45,R,-2800,1700,206,0,-29
45,R,-2800,1700,207,0,-27
45,R,-2800,1700,208,0,-25
45,R,-2800,1700,209,0,-24
45,R,-2800,1700,210,0,-23
45,R,-2800,1700,211,0,-21
45,R,-2800,1700,212,0,-19
45,R,-2800,1700,213,0,-18
45,R,-2800,1700,214,0,-17
45,R,-2800,1700,215,0,-16
45,R,-2800,1700,216,0,-14
45,R,-2800,1700,217,0,-13
45,R,-2800,1700,218,0,-11
45,R,-2800,1700,219,0,-11
45,R,-2800,1700,220,0,-10
45,R,-2800,1700,221,0,-8
45,R,-2800,1700,222,0,-8
45,R,-2800,1700,223,0,-7
45,R,-2800,1700,224,0,-5
45,R,-2800,1700,225,0,-6
45,R,-2800,1700,226,0,-4
45,R,-2800,1700,227,0,-4
45,R,-2800,1700,228,0,-2
45,R,-2800,1700,229,0,-3
45,R,-2800,1700,230,0,-1
45,R,-2800,1700,231,0,-1
45,R,-2800,1700,232,0,-1
45,R,-2800,1700,233,0,1
45,R,-2800,1700,234,0,0
45,R,-2800,1700,235,0,1
45,R,-2800,1700,236,0,1
45,R,-2800,1700,237,0,1
45,R,-2800,1700,238,0,3
45,R,-2800,1700,239,0,1
45,R,-2800,1700,240,0,3
45,R,-2800,1700,241,0,3
45,R,-2800,1700,242,0,2
45,R,-2800,1700,243,0,3
45,R,-2800,1700,244,0,4
45,R,-2800,1700,245,0,3
45,R,-2800,1700,246,0,3
45,R,-2800,1700,247,0,4
45,R,-2800,1700,248,0,3
45,R,-2800,1700,249,0,4
45,R,-2800,1700,250,0,5
45,R,-2800,1700,251,0,4
45,R,-2800,1700,252,0,5
45,R,-2800,1700,253,0,4
45,R,-2800,1700,254,0,5
45,R,-2800,1700,255,0,4
45,R,-2800,1700,256,0,5
45,R,-2800,1700,257,0,5
45,R,-2800,1700,258,0,5
45,R,-2800,1700,259,0,5
45,R,-2800,1700,260,0,5
45,R,-2800,1700,261,0,6
45,R,-2800,1700,262,0,5
45,R,-2800,1700,263,0,5
45,R,-2800,1700,264,0,6
45,R,-2800,1700,265,0,6
45,R,-2800,1700,266,0,6
45,R,-2800,1700,267,0,5
45,R,-2800,1700,268,0,6
45,R,-2800,1700,269,0,6
45,R,-2800,1700,270,0,6
45,R,-2800,1700,271,0,6
45,R,-2800,1700,272,0,6
45,R,-2800,1700,273,0,6
45,R,-2800,1700,274,0,6
45,R,-2800,1700,275,0,6
45,R,-2800,1700,276,0,7
45,R,-2800,1700,277,0,6
45,R,-2800,1700,278,0,7
45,R,-2800,1700,279,0,6
45,R,-2800,1700,280,0,6
45,R,-2800,1700,281,0,7
45,R,-2800,1700,282,0,6
45,R,-2800,1700,283,0,7
45,R,-2800,1700,284,0,7
45,R,-2800,1700,285,0,6
45,R,-2800,1700,286,0,7
45,R,-2800,1700,287,0,7
45,R,-2800,1700,288,0,7
45,R,-2800,1700,289,0,7
45,R,-2800,1700,290,0,7
45,R,-2800,1700,291,0,7
45,R,-2800,1700,292,0,6
45,R,-2800,1700,293,0,7
45,R,-2800,1700,294,0,8
45,R,-2800,1700,295,0,7
45,R,-2800,1700,296,0,6
45,R,-2800,1700,297,0,8
45,R,-2800,1700,298,0,7
45,R,-2800,1700,299,0,7
45,R,-2800,1700,300,0,7
45,R,-2800,1700,301,0,7
45,R,-2800,1700,302,0,7
45,R,-2800,1700,303,0,8
45,R,-2800,1700,304,0,7
45,R,-2800,1700,305,0,7
45,R,-2800,1700,306,0,7
45,R,-2800,1700,307,0,8
45,R,-2800,1700,308,0,7
45,R,-2800,1700,309,0,8
45,R,-2800,1700,310,0,7
45,R,-2800,1700,311,0,7
45,R,-2800,1700,312,0,7
45,R,-2800,1700,313,0,8
45,R,-2800,1700,314,0,7
45,R,-2800,1700,315,0,8
45,R,-2800,1700,316,0,8
45,R,-2800,1700,317,0,7
45,R,-2800,1700,318,0,7
45,R,-2800,1700,319,0,8
45,R,-2800,1700,320,0,7
45,R,-2800,1700,321,0,8
45,R,-2800,1700,322,0,8
45,R,-2800,1700,323,0,7
45,R,-2800,1700,324,0,8
45,R,-2800,1700,325,0,8
45,R,-2800,1700,326,0,7
45,R,-2800,1700,327,0,8
45,R,-2800,1700,328,0,7
45,R,-2800,1700,329,0,8
45,R,-2800,1700,330,0,7
45,R,-2800,1700,331,0,8
45,R,-2800,1700,332,0,8
45,R,-2800,1700,333,0,7
45,R,-2800,1700,334,0,8
45,R,-2800,1700,335,0,8
45,R,-2800,1700,336,0,8
45,R,-2800,1700,337,0,8
45,R,-2800,1700,338,0,8
45,R,-2800,1700,339,0,7
45,R,-2800,1700,340,0,8
45,R,-2800,1700,341,0,8
45,R,-2800,1700,342,0,8
45,R,-2800,1700,343,0,7
45,R,-2800,1700,344,0,8
45,R,-2800,1700,345,0,8
45,R,-2800,1700,346,0,8
45,R,-2800,1700,347,0,7
45,R,-2800,1700,348,0,8
45,R,-2800,1700,349,0,8
45,R,-2800,1700,350,0,8
45,R,-2800,1700,351,0,8
45,R,-2800,1700,352,0,8
45,R,-2800,1700,353,0,8
45,R,-2800,1700,354,0,8
45,R,-2800,1700,355,0,8
45,R,-2800,1700,356,0,8
45,R,-2800,1700,357,0,8
45,R,-2800,1700,358,0,8
45,R,-2800,1700,359,0,8
45,R,-2800,1700,360,0,8
45,R,-2800,1700,361,0,8
45,R,-2800,1700,362,0,7
45,R,-2800,1700,363,0,8
45,R,-2800,1700,364,0,8
45,R,-2800,1700,365,0,8
45,R,-2800,1700,366,0,9
45,R,-2800,1700,367,0,7
45,R,-2800,1700,368,0,8
45,R,-2800,1700,369,0,9
45,R,-2800,1700,370,0,8
45,R,-2800,1700,371,0,8
45,R,-2800,1700,372,0,8
45,R,-2800,1700,373,0,8
45,R,-2800,1700,374,0,8
45,R,-2800,1700,375,0,8
45,R,-2800,1700,376,0,8
45,R,-2800,1700,377,0,8
45,R,-2800,1700,378,0,8
45,R,-2800,1700,379,0,8
45,R,-2800,1700,380,0,8
45,R,-2800,1700,381,0,8
45,R,-2800,1700,382,0,8
45,R,-2800,1700,383,0,9
45,R,-2800,1700,384,0,8
45,R,-2800,1700,385,0,8
45,R,-2800,1700,386,0,8
45,R,-2800,1700,387,0,8
45,R,-2800,1700,388,0,9
45,R,-2800,1700,389,0,8
45,R,-2800,1700,390,0,8
45,R,-2800,1700,391,0,8
45,R,-2800,1700,392,0,8
45,R,-2800,1700,393,0,8
45,R,-2800,1700,394,0,8
45,R,-2800,1700,395,0,9
45,R,-2800,1700,396,0,8
45,R,-2800,1700,397,0,8
45,R,-2800,1700,398,0,8
45,R,-2800,1700,399,0,8
45,R,-2800,1700,400,0,8
45,R,-2800,1700,401,0,8
45,R,-2800,1700,402,0,8
45,R,-2800,1700,403,0,8
45,R,-2800,1700,404,0,8
45,R,-2800,1700,405,0,8
45,R,-2800,1700,406,0,8
45,R,-2800,1700,407,0,8
45,R,-2800,1700,408,0,7
45,R,-2800,1700,409,0,8
45,R,-2800,1700,410,0,7
45,R,-2800,1700,411,0,7
45,R,-2800,1700,412,0,8
45,R,-2800,1700,413,0,7
45,R,-2800,1700,414,0,7
45,R,-2800,1700,415,0,7
45,R,-2800,1700,416,0,7
45,R,-2800,1700,417,0,7
45,R,-2800,1700,418,0,7
45,R,-2800,1700,419,0,7
45,R,-2800,1700,420,0,6
45,R,-2800,1700,421,0,7
45,R,-2800,1700,422,0,7
45,R,-2800,1700,423,0,6
45,R,-2800,1700,424,0,7
45,R,-2800,1700,425,0,6
45,R,-2800,1700,426,0,7
45,R,-2800,1700,427,0,5
45,R,-2800,1700,428,0,7
45,R,-2800,1700,429,0,5
45,R,-2800,1700,430,0,7
45,R,-2800,1700,431,0,5
45,R,-2800,1700,432,0,7
45,R,-2800,1700,433,0,5
45,R,-2800,1700,434,0,6
45,R,-2800,1700,435,0,5
45,R,-2800,1700,436,0,6
45,R,-2800,1700,437,0,6
45,R,-2800,1700,438,0,5
45,R,-2800,1700,439,0,5
45,R,-2800,1700,440,0,6
45,R,-2800,1700,441,0,4
45,R,-2800,1700,442,0,5
45,R,-2800,1700,443,0,6
45,R,-2800,1700,444,0,5
45,R,-2800,1700,445,0,5
45,R,-2800,1700,446,0,4
45,R,-2800,1700,447,0,5
45,R,-2800,1700,448,0,5
45,R,-2800,1700,449,0,5
45,R,-2800,1700,450,0,4
45,R,-2800,1700,451,0,5
45,R,-2800,1700,452,0,4
45,R,-2800,1700,453,0,4
45,R,-2800,1700,454,0,5
45,R,-2800,1700,455,0,4
45,R,-2800,1700,456,0,5
45,R,-2800,1700,457,0,4
45,R,-2800,1700,458,0,4
45,R,-2800,1700,459,0,4
45,R,-2800,1700,460,0,3
45,R,-2800,1700,461,0,4
45,R,-2800,1700,462,0,4
45,R,-2800,1700,463,0,3
45,R,-2800,1700,464,0,4
45,R,-2800,1700,465,0,4
45,R,-2800,1700,466,0,3
45,R,-2800,1700,467,0,4
45,R,-2800,1700,468,0,4
45,R,-2800,1700,469,0,3
45,R,-2800,1700,470,0,3
45,R,-2800,1700,471,0,3
45,R,-2800,1700,472,0,3
45,R,-2800,1700,473,0,4
45,R,-2800,1700,474,0,3
45,R,-2800,1700,475,0,3
45,R,-2800,1700,476,0,3
45,R,-2800,1700,477,0,3
45,R,-2800,1700,478,0,3
45,R,-2800,1700,479,0,2
45,R,-2800,1700,480,0,3
45,R,-2800,1700,481,0,3
45,R,-2800,1700,482,0,2
45,R,-2800,1700,483,0,3
45,R,-2800,1700,484,0,2
45,R,-2800,1700,485,0,3
45,R,-2800,1700,486,0,2
45,R,-2800,1700,487,0,2
45,R,-2800,1700,488,0,3
45,R,-2800,1700,489,0,2
45,R,-2800,1700,490,0,2
45,R,-2800,1700,491,0,2
45,R,-2800,1700,492,0,2
45,R,-2800,1700,493,0,2
45,R,-2800,1700,494,0,2
45,R,-2800,1700,495,0,2
45,R,-2800,1700,496,0,2
45,R,-2800,1700,497,0,1
45,R,-2800,1700,498,0,2
45,R,-2800,1700,499,0,2
46,R,-2800,2000,0,0,0
46,R,-2800,2000,1,0,0
46,R,-2800,2000,2,0,-3
46,R,-2800,2000,3,0,-6
46,R,-2800,2000,4,0,-7
46,R,-2800,2000,5,0,-9
46,R,-2800,2000,6,0,-12
46,R,-2800,2000,7,0,-12
46,R,-2800,2000,8,0,-15
46,R,-2800,2000,9,0,-16
46,R,-2800,2000,10,0,-17
46,R,-2800,2000,11,0,-18
46,R,-2800,2000,12,0,-20
46,R,-2800,2000,13,0,-21
46,R,-2800,2000,14,0,-21
46,R,-2800,2000,15,0,-23
46,R,-2800,2000,16,0,-23
46,R,-2800,2000,17,0,-25
46,R,-2800,2000,18,0,-25
46,R,-2800,2000,19,0,-25
46,R,-2800,2000,20,0,-27
46,R,-2800,2000,21,0,-27
46,R,-2800,2000,22,0,-27
46,R,-2800,2000,23,0,-28
46,R,-2800,2000,24,0,-29
46,R,-2800,2000,25,0,-29
46,R,-2800,2000,26,0,-29
46,R,-2800,2000,27,0,-30
46,R,-2800,2000,28,0,-30
46,R,-2800,2000,29,0,-31
46,R,-2800,2000,30,0,-32
46,R,-2800,2000,31,0,-30
46,R,-2800,2000,32,0,-31
46,R,-2800,2000,33,0,-32
46,R,-2800,2000,34,0,-33
46,R,-2800,2000,35,0,-32
46,R,-2800,2000,36,0,-33
46,R,-2800,2000,37,0,-33
46,R,-2800,2000,38,0,-33
46,R,-2800,2000,39,0,-33
46,R,-2800,2000,40,0,-34
46,R,-2800,2000,41,0,-33
46,R,-2800,2000,42,0,-35
46,R,-2800,2000,43,0,-33
46,R,-2800,2000,44,0,-35
46,R,-2800,2000,45,0,-34
46,R,-2800,2000,46,0,-34
46,R,-2800,2000,47,0,-36
46,R,-2800,2000,48,0,-34
46,R,-2800,2000,49,0,-35
46,R,-2800,2000,50,0,-35
46,R,-2800,2000,51,0,-36
46,R,-2800,2000,52,0,-35
46,R,-2800,2000,53,0,-35
46,R,-2800,2000,54,0,-36
46,R,-2800,2000,55,0,-35
46,R,-2800,2000,56,0,-36
46,R,-2800,2000,57,0,-36
46,R,-2800,2000,58,0,-36
46,R,-2800,2000,59,0,-36
46,R,-2800,2000,60,0,-36
46,R,-2800,2000,61,0,-36
46,R,-2800,2000,62,0,-36
46,R,-2800,2000,63,0,-36
46,R,-2800,2000,64,0,-37
46,R,-2800,2000,65,0,-36
46,R,-2800,2000,66,0,-37
46,R,-2800,2000,67,0,-36
46,R,-2800,2000,68,0,-37
46,R,-2800,2000,69,0,-36
46,R,-2800,2000,70,0,-36
46,R,-2800,2000,71,0,-37
46,R,-2800,2000,72,0,-37
46,R,-2800,2000,73,0,-37
46,R,-2800,2000,74,0,-36
46,R,-2800,2000,75,0,-37
46,R,-2800,2000,76,0,-37
46,R,-2800,2000,77,0,-36
46,R,-2800,2000,78,0,-38
46,R,-2800,2000,79,0,-37
46,R,-2800,2000,80,0,-36
46,R,-2800,2000,81,0,-37
46,R,-2800,2000,82,0,-37
46,R,-2800,2000,83,0,-37
46,R,-2800,2000,84,0,-37
46,R,-2800,2000,85,0,-37
46,R,-2800,2000,86,0,-37
46,R,-2800,2000,87,0,-37
46,R,-2800,2000,88,0,-37
46,R,-2800,2000,89,0,-37
46,R,-2800,2000,90,0,-38
46,R,-2800,2000,91,0,-38
46,R,-2800,2000,92,0,-36
46,R,-2800,2000,93,0,-37
46,R,-2800,2000,94,0,-37
46,R,-2800,2000,95,0,-37
46,R,-2800,2000,96,0,-37
46,R,-2800,2000,97,0,-38
46,R,-2800,2000,98,0,-37
46,R,-2800,2000,99,0,-37
46,R,-2800,2000,100,0,-38
46,R,-2800,2000,101,0,-37
46,R,-2800,2000,102,0,-37
46,R,-2800,2000,103,0,-38
46,R,-2800,2000,104,0,-37
46,R,-2800,2000,105,0,-38
46,R,-2800,2000,106,0,-37
46,R,-2800,2000,107,0,-37
46,R,-2800,2000,108,0,-38
46,R,-2800,2000,109,0,-37
46,R,-2800,2000,110,0,-37
46,R,-2800,2000,111,0,-38
46,R,-2800,2000,112,0,-38
46,R,-2800,2000,113,0,-37
46,R,-2800,2000,114,0,-38
46,R,-2800,2000,115,0,-37
46,R,-2800,2000,116,0,-38
46,R,-2800,2000,117,0,-37
46,R,-2800,2000,118,0,-38
46,R,-2800,2000,119,0,-38
46,R,-2800,2000,120,0,-37
46,R,-2800,2000,121,0,-37
46,R,-2800,2000,122,0,-38
46,R,-2800,2000,123,0,-38
46,R,-2800,2000,124,0,-38
46,R,-2800,2000,125,0,-37
46,R,-2800,2000,126,0,-38
46,R,-2800,2000,127,0,-38
46,R,-2800,2000,128,0,-37
46,R,-2800,2000,129,0,-38
46,R,-2800,2000,130,0,-38
46,R,-2800,2000,131,0,-38
46,R,-2800,2000,132,0,-37
46,R,-2800,2000,133,0,-38
46,R,-2800,2000,134,0,-38
46,R,-2800,2000,135,0,-37
46,R,-2800,2000,136,0,-38
46,R,-2800,2000,137,0,-38
46,R,-2800,2000,138,0,-38
46,R,-2800,2000,139,0,-37
46,R,-2800,2000,140,0,-38
46,R,-2800,2000,141,0,-38
46,R,-2800,2000,142,0,-38
46,R,-2800,2000,143,0,-38
46,R,-2800,2000,144,0,-37
46,R,-2800,2000,145,0,-38
46,R,-2800,2000,146,0,-38
46,R,-2800,2000,147,0,-38
46,R,-2800,2000,148,0,-37
46,R,-2800,2000,149,0,-39
46,R,-2800,2000,150,0,-37
46,R,-2800,2000,151,0,-38
46,R,-2800,2000,152,0,-39
46,R,-2800,2000,153,0,-37
46,R,-2800,2000,154,0,-38
46,R,-2800,2000,155,0,-38
46,R,-2800,2000,156,0,-38
46,R,-2800,2000,157,0,-37
46,R,-2800,2000,158,0,-39
46,R,-2800,2000,159,0,-37
46,R,-2800,2000,160,0,-38
46,R,-2800,2000,161,0,-38
46,R,-2800,2000,162,0,-38
46,R,-2800,2000,163,0,-38
46,R,-2800,2000,164,0,-38
46,R,-2800,2000,165,0,-38
46,R,-2800,2000,166,0,-38
46,R,-2800,2000,167,0,-37
46,R,-2800,2000,168,0,-39
46,R,-2800,2000,169,0,-37
46,R,-2800,2000,170,0,-39
46,R,-2800,2000,171,0,-37
46,R,-2800,2000,172,0,-39
46,R,-2800,2000,173,0,-37
46,R,-2800,2000,174,0,-39
46,R,-2800,2000,175,0,-37
46,R,-2800,2000,176,0,-38
46,R,-2800,2000,177,0,-38
46,R,-2800,2000,178,0,-38
46,R,-2800,2000,179,0,-38
46,R,-2800,2000,180,0,-38
46,R,-2800,2000,181,0,-38
46,R,-2800,2000,182,0,-38
46,R,-2800,2000,183,0,-38
46,R,-2800,2000,184,0,-38
46,R,-2800,2000,185,0,-38
46,R,-2800,2000,186,0,-39
46,R,-2800,2000,187,0,-37
46,R,-2800,2000,188,0,-39
46,R,-2800,2000,189,0,-37
46,R,-2800,2000,190,0,-39
46,R,-2800,2000,191,0,-38
46,R,-2800,2000,192,0,-38
46,R,-2800,2000,193,0,-38
46,R,-2800,2000,194,0,-38
46,R,-2800,2000,195,0,-38
46,R,-2800,2000,196,0,-38
46,R,-2800,2000,197,0,-38
46,R,-2800,2000,198,0,-39
46,R,-2800,2000,199,0,-38
46,R,-2800,2000,200,0,-38
46,R,-2800,2000,201,0,-37
46,R,-2800,2000,202,0,-35
46,R,-2800,2000,203,0,-33
46,R,-2800,2000,204,0,-31
46,R,-2800,2000,205,0,-29
46,R,-2800,2000,206,0,-27
46,R,-2800,2000,207,0,-24
46,R,-2800,2000,208,0,-23
46,R,-2800,2000,209,0,-21
46,R,-2800,2000,210,0,-19
46,R,-2800,2000,211,0,-17
46,R,-2800,2000,212,0,-15
46,R,-2800,2000,213,0,-13
46,R,-2800,2000,214,0,-11
46,R,-2800,2000,215,0,-10
46,R,-2800,2000,216,0,-8
46,R,-2800,2000,217,0,-7
46,R,-2800,2000,218,0,-5
46,R,-2800,2000,219,0,-3
46,R,-2800,2000,220,0,-3
46,R,-2800,2000,221,0,-1
46,R,-2800,2000,222,0,0
46,R,-2800,2000,223,0,1
46,R,-2800,2000,224,0,2
46,R,-2800,2000,225,0,3
46,R,-2800,2000,226,0,3
46,R,-2800,2000,227,0,4
46,R,-2800,2000,228,0,6
46,R,-2800,2000,229,0,5
46,R,-2800,2000,230,0,6
46,R,-2800,2000,231,0,7
46,R,-2800,2000,232,0,7
46,R,-2800,2000,233,0,8
46,R,-2800,2000,234,0,8
46,R,-2800,2000,235,0,8
46,R,-2800,2000,236,0,9
46,R,-2800,2000,237,0,10
46,R,-2800,2000,238,0,9
46,R,-2800,2000,239,0,10
46,R,-2800,2000,240,0,10
46,R,-2800,2000,241,0,11
46,R,-2800,2000,242,0,10
46,R,-2800,2000,243,0,11
46,R,-2800,2000,244,0,12
46,R,-2800,2000,245,0,11
46,R,-2800,2000,246,0,12
46,R,-2800,2000,247,0,11
46,R,-2800,2000,248,0,12
46,R,-2800,2000,249,0,12
46,R,-2800,2000,250,0,13
46,R,-2800,2000,251,0,12
46,R,-2800,2000,252,0,13
46,R,-2800,2000,253,0,12
46,R,-2800,2000,254,0,13
46,R,-2800,2000,255,0,14
46,R,-2800,2000,256,0,13
46,R,-2800,2000,257,0,13
46,R,-2800,2000,258,0,13
46,R,-2800,2000,259,0,14
46,R,-2800,2000,260,0,13
46,R,-2800,2000,261,0,14
46,R,-2800,2000,262,0,14
46,R,-2800,2000,263,0,14
46,R,-2800,2000,264,0,13
46,R,-2800,2000,265,0,15
46,R,-2800,2000,266,0,14
46,R,-2800,2000,267,0,14
46,R,-2800,2000,268,0,14
46,R,-2800,2000,269,0,15
46,R,-2800,2000,270,0,14
46,R,-2800,2000,271,0,15
46,R,-2800,2000,272,0,14
46,R,-2800,2000,273,0,15
46,R,-2800,2000,274,0,15
46,R,-2800,2000,275,0,14
46,R,-2800,2000,276,0,14
46,R,-2800,2000,277,0,15
46,R,-2800,2000,278,0,15
46,R,-2800,2000,279,0,15
46,R,-2800,2000,280,0,15
46,R,-2800,2000,281,0,15
46,R,-2800,2000,282,0,15
46,R,-2800,2000,283,0,15
46,R,-2800,2000,284,0,15
46,R,-2800,2000,285,0,15
46,R,-2800,2000,286,0,16
46,R,-2800,2000,287,0,15
46,R,-2800,2000,288,0,16
46,R,-2800,2000,289,0,15
46,R,-2800,2000,290,0,15
46,R,-2800,2000,291,0,15
46,R,-2800,2000,292,0,16
46,R,-2800,2000,293,0,16
46,R,-2800,2000,294,0,15
46,R,-2800,2000,295,0,16
46,R,-2800,2000,296,0,16
46,R,-2800,2000,297,0,15
46,R,-2800,2000,298,0,16
46,R,-2800,2000,299,0,16
46,R,-2800,2000,300,0,15
46,R,-2800,2000,301,0,16
46,R,-2800,2000,302,0,16
46,R,-2800,2000,303,0,15
46,R,-2800,2000,304,0,16
46,R,-2800,2000,305,0,16
46,R,-2800,2000,306,0,16
46,R,-2800,2000,307,0,16
46,R,-2800,2000,308,0,16
46,R,-2800,2000,309,0,16
46,R,-2800,2000,310,0,16
46,R,-2800,2000,311,0,16
46,R,-2800,2000,312,0,16
46,R,-2800,2000,313,0,16
46,R,-2800,2000,314,0,16
46,R,-2800,2000,315,0,16
46,R,-2800,2000,316,0,16
46,R,-2800,2000,317,0,16
46,R,-2800,2000,318,0,16
46,R,-2800,2000,319,0,16
46,R,-2800,2000,320,0,16
46,R,-2800,2000,321,0,16
46,R,-2800,2000,322,0,17
46,R,-2800,2000,323,0,16
46,R,-2800,2000,324,0,16
46,R,-2800,2000,325,0,16
46,R,-2800,2000,326,0,16
46,R,-2800,2000,327,0,17
46,R,-2800,2000,328,0,16
46,R,-2800,2000,329,0,16
46,R,-2800,2000,330,0,17
46,R,-2800,2000,331,0,16
46,R,-2800,2000,332,0,16
46,R,-2800,2000,333,0,16
46,R,-2800,2000,334,0,16
46,R,-2800,2000,335,0,17
46,R,-2800,2000,336,0,16
46,R,-2800,2000,337,0,16
46,R,-2800,2000,338,0,17
46,R,-2800,2000,339,0,16
46,R,-2800,2000,340,0,17
46,R,-2800,2000,341,0,16
46,R,-2800,2000,342,0,16
46,R,-2800,2000,343,0,17
46,R,-2800,2000,344,0,16
46,R,-2800,2000,345,0,16
46,R,-2800,2000,346,0,17
46,R,-2800,2000,347,0,16
46,R,-2800,2000,348,0,16
46,R,-2800,2000,349,0,17
46,R,-2800,2000,350,0,17
46,R,-2800,2000,351,0,16
46,R,-2800,2000,352,0,17
46,R,-2800,2000,353,0,16
46,R,-2800,2000,354,0,16
46,R,-2800,2000,355,0,17
46,R,-2800,2000,356,0,16
46,R,-2800,2000,357,0,17
46,R,-2800,2000,358,0,16
46,R,-2800,2000,359,0,17
46,R,-2800,2000,360,0,17
46,R,-2800,2000,361,0,16
46,R,-2800,2000,362,0,16
46,R,-2800,2000,363,0,17
46,R,-2800,2000,364,0,16
46,R,-2800,2000,365,0,17
46,R,-2800,2000,366,0,16
46,R,-2800,2000,367,0,17
46,R,-2800,2000,368,0,17
46,R,-2800,2000,369,0,16
46,R,-2800,2000,370,0,16
46,R,-2800,2000,371,0,17
46,R,-2800,2000,372,0,16
46,R,-2800,2000,373,0,17
46,R,-2800,2000,374,0,17
46,R,-2800,2000,375,0,16
46,R,-2800,2000,376,0,17
46,R,-2800,2000,377,0,16
46,R,-2800,2000,378,0,17
46,R,-2800,2000,379,0,16
46,R,-2800,2000,380,0,17
46,R,-2800,2000,381,0,17
46,R,-2800,2000,382,0,16
46,R,-2800,2000,383,0,17
46,R,-2800,2000,384,0,16
46,R,-2800,2000,385,0,16
46,R,-2800,2000,386,0,17
46,R,-2800,2000,387,0,16
46,R,-2800,2000,388,0,17
46,R,-2800,2000,389,0,17
46,R,-2800,2000,390,0,17
46,R,-2800,2000,391,0,16
46,R,-2800,2000,392,0,17
46,R,-2800,2000,393,0,16
46,R,-2800,2000,394,0,17
46,R,-2800,2000,395,0,17
46,R,-2800,2000,396,0,17
46,R,-2800,2000,397,0,16
46,R,-2800,2000,398,0,16
46,R,-2800,2000,399,0,17
46,R,-2800,2000,400,0,16
46,R,-2800,2000,401,0,17
46,R,-2800,2000,402,0,17
46,R,-2800,2000,403,0,16
46,R,-2800,2000,404,0,17
46,R,-2800,2000,405,0,16
46,R,-2800,2000,406,0,16
46,R,-2800,2000,407,0,16
46,R,-2800,2000,408,0,16
46,R,-2800,2000,409,0,15
46,R,-2800,2000,410,0,16
46,R,-2800,2000,411,0,15
46,R,-2800,2000,412,0,15
46,R,-2800,2000,413,0,16
46,R,-2800,2000,414,0,15
46,R,-2800,2000,415,0,16
46,R,-2800,2000,416,0,15
46,R,-2800,2000,417,0,14
46,R,-2800,2000,418,0,15
46,R,-2800,2000,419,0,15
46,R,-2800,2000,420,0,14
46,R,-2800,2000,421,0,15
46,R,-2800,2000,422,0,15
46,R,-2800,2000,423,0,14
46,R,-2800,2000,424,0,15
46,R,-2800,2000,425,0,13
46,R,-2800,2000,426,0,15
46,R,-2800,2000,427,0,13
46,R,-2800,2000,428,0,15
46,R,-2800,2000,429,0,13
46,R,-2800,2000,430,0,14
46,R,-2800,2000,431,0,13
46,R,-2800,2000,432,0,14
46,R,-2800,2000,433,0,13
46,R,-2800,2000,434,0,13
46,R,-2800,2000,435,0,13
46,R,-2800,2000,436,0,14
46,R,-2800,2000,437,0,13
46,R,-2800,2000,438,0,12
46,R,-2800,2000,439,0,13
46,R,-2800,2000,440,0,13
46,R,-2800,2000,441,0,13
46,R,-2800,2000,442,0,12
46,R,-2800,2000,443,0,13
46,R,-2800,2000,444,0,12
46,R,-2800,2000,445,0,12
46,R,-2800,2000,446,0,12
46,R,-2800,2000,447,0,12
46,R,-2800,2000,448,0,12
46,R,-2800,2000,449,0,12
46,R,-2800,2000,450,0,12
46,R,-2800,2000,451,0,12
46,R,-2800,2000,452,0,12
46,R,-2800,2000,453,0,11
46,R,-2800,2000,454,0,11
46,R,-2800,2000,455,0,11
46,R,-2800,2000,456,0,12
46,R,-2800,2000,457,0,11
46,R,-2800,2000,458,0,11
46,R,-2800,2000,459,0,11
46,R,-2800,2000,460,0,11
46,R,-2800,2000,461,0,11
46,R,-2800,2000,462,0,10
46,R,-2800,2000,463,0,11
46,R,-2800,2000,464,0,11
46,R,-2800,2000,465,0,9
46,R,-2800,2000,466,0,11
46,R,-2800,2000,467,0,10
46,R,-2800,2000,468,0,10
46,R,-2800,2000,469,0,11
46,R,-2800,2000,470,0,9
46,R,-2800,2000,471,0,10
46,R,-2800,2000,472,0,10
46,R,-2800,2000,473,0,10
46,R,-2800,2000,474,0,10
46,R,-2800,2000,475,0,9
46,R,-2800,2000,476,0,10
46,R,-2800,2000,477,0,9
46,R,-2800,2000,478,0,9
46,R,-2800,2000,479,0,10
46,R,-2800,2000,480,0,9
46,R,-2800,2000,481,0,9
46,R,-2800,2000,482,0,8
46,R,-2800,2000,483,0,10
46,R,-2800,2000,484,0,9
46,R,-2800,2000,485,0,8
46,R,-2800,2000,486,0,9
46,R,-2800,2000,487,0,8
46,R,-2800,2000,488,0,9
46,R,-2800,2000,489,0,9
46,R,-2800,2000,490,0,8
46,R,-2800,2000,491,0,8
46,R,-2800,2000,492,0,8
46,R,-2800,2000,493,0,9
46,R,-2800,2000,494,0,8
46,R,-2800,2000,495,0,8
46,R,-2800,2000,496,0,7
46,R,-2800,2000,497,0,8
46,R,-2800,2000,498,0,8
46,R,-2800,2000,499,0,8
47,R,-2800,2800,0,0,0
47,R,-2800,2800,1,0,-1
47,R,-2800,2800,2,0,-3
47,R,-2800,2800,3,0,-5
47,R,-2800,2800,4,0,-7
47,R,-2800,2800,5,0,-9
47,R,-2800,2800,6,0,-11
47,R,-2800,2800,7,0,-13
47,R,-2800,2800,8,0,-14
47,R,-2800,2800,9,0,-16
47,R,-2800,2800,10,0,-16
47,R,-2800,2800,11,0,-19
47,R,-2800,2800,12,0,-19
47,R,-2800,2800,13,0,-21
47,R,-2800,2800,14,0,-21
47,R,-2800,2800,15,0,-23
47,R,-2800,2800,16,0,-23
47,R,-2800,2800,17,0,-25
47,R,-2800,2800,18,0,-25
47,R,-2800,2800,19,0,-25
47,R,-2800,2800,20,0,-27
47,R,-2800,2800,21,0,-26
47,R,-2800,2800,22,0,-28
47,R,-2800,2800,23,0,-28
47,R,-2800,2800,24,0,-29
47,R,-2800,2800,25,0,-28
47,R,-2800,2800,26,0,-29
47,R,-2800,2800,27,0,-31
47,R,-2800,2800,28,0,-29
47,R,-2800,2800,29,0,-31
47,R,-2800,2800,30,0,-31
47,R,-2800,2800,31,0,-31
47,R,-2800,2800,32,0,-32
47,R,-2800,2800,33,0,-32
47,R,-2800,2800,34,0,-32
47,R,-2800,2800,35,0,-32
47,R,-2800,2800,36,0,-34
47,R,-2800,2800,37,0,-32
47,R,-2800,2800,38,0,-33
47,R,-2800,2800,39,0,-33
47,R,-2800,2800,40,0,-34
47,R,-2800,2800,41,0,-33
47,R,-2800,2800,42,0,-34
47,R,-2800,2800,43,0,-34
47,R,-2800,2800,44,0,-35
47,R,-2800,2800,45,0,-33
47,R,-2800,2800,46,0,-35
47,R,-2800,2800,47,0,-34
47,R,-2800,2800,48,0,-35
47,R,-2800,2800,49,0,-35
47,R,-2800,2800,50,0,-36
47,R,-2800,2800,51,0,-34
47,R,-2800,2800,52,0,-35
47,R,-2800,2800,53,0,-36
47,R,-2800,2800,54,0,-35
47,R,-2800,2800,55,0,-36
47,R,-2800,2800,56,0,-36
47,R,-2800,2800,57,0,-35
47,R,-2800,2800,58,0,-36
47,R,-2800,2800,59,0,-36
47,R,-2800,2800,60,0,-35
47,R,-2800,2800,61,0,-36
47,R,-2800,2800,62,0,-37
47,R,-2800,2800,63,0,-36
47,R,-2800,2800,64,0,-36
47,R,-2800,2800,65,0,-36
47,R,-2800,2800,66,0,-37
47,R,-2800,2800,67,0,-36
47,R,-2800,2800,68,0,-36
47,R,-2800,2800,69,0,-37
47,R,-2800,2800,70,0,-36
47,R,-2800,2800,71,0,-36
47,R,-2800,2800,72,0,-37
47,R,-2800,2800,73,0,-36
47,R,-2800,2800,74,0,-38
47,R,-2800,2800,75,0,-36
47,R,-2800,2800,76,0,-37
47,R,-2800,2800,77,0,-36
47,R,-2800,2800,78,0,-37
47,R,-2800,2800,79,0,-37
47,R,-2800,2800,80,0,-37
47,R,-2800,2800,81,0,-37
47,R,-2800,2800,82,0,-36
47,R,-2800,2800,83,0,-38
47,R,-2800,2800,84,0,-37
47,R,-2800,2800,85,0,-37
47,R,-2800,2800,86,0,-37
47,R,-2800,2800,87,0,-36
47,R,-2800,2800,88,0,-38
47,R,-2800,2800,89,0,-37
47,R,-2800,2800,90,0,-37
47,R,-2800,2800,91,0,-37
47,R,-2800,2800,92,0,-37
47,R,-2800,2800,93,0,-37
47,R,-2800,2800,94,0,-37
47,R,-2800,2800,95,0,-38
47,R,-2800,2800,96,0,-37
47,R,-2800,2800,97,0,-39
47,R,-2800,2800,98,0,-36
47,R,-2800,2800,99,0,-37
47,R,-2800,2800,100,0,-37
47,R,-2800,2800,101,0,-38
47,R,-2800,2800,102,0,-37
47,R,-2800,2800,103,0,-37
47,R,-2800,2800,104,0,-38
47,R,-2800,2800,105,0,-37
47,R,-2800,2800,106,0,-37
47,R,-2800,2800,107,0,-38
47,R,-2800,2800,108,0,-37
47,R,-2800,2800,109,0,-38
47,R,-2800,2800,110,0,-38
47,R,-2800,2800,111,0,-36
47,R,-2800,2800,112,0,-39
47,R,-2800,2800,113,0,-37
47,R,-2800,2800,114,0,-37
47,R,-2800,2800,115,0,-38
47,R,-2800,2800,116,0,-37
47,R,-2800,2800,117,0,-38
47,R,-2800,2800,118,0,-38
47,R,-2800,2800,119,0,-37
47,R,-2800,2800,120,0,-38
47,R,-2800,2800,121,0,-37
47,R,-2800,2800,122,0,-38
47,R,-2800,2800,123,0,-37
47,R,-2800,2800,124,0,-37
47,R,-2800,2800,125,0,-38
47,R,-2800,2800,126,0,-38
47,R,-2800,2800,127,0,-37
47,R,-2800,2800,128,0,-38
47,R,-2800,2800,129,0,-37
47,R,-2800,2800,130,0,-39
47,R,-2800,2800,131,0,-37
47,R,-2800,2800,132,0,-37
47,R,-2800,2800,133,0,-38
47,R,-2800,2800,134,0,-38
47,R,-2800,2800,135,0,-38
47,R,-2800,2800,136,0,-37
47,R,-2800,2800,137,0,-38
47,R,-2800,2800,138,0,-38
47,R,-2800,2800,139,0,-37
47,R,-2800,2800,140,0,-38
47,R,-2800,2800,141,0,-38
47,R,-2800,2800,142,0,-38
47,R,-2800,2800,143,0,-37
47,R,-2800,2800,144,0,-38
47,R,-2800,2800,145,0,-38
47,R,-2800,2800,146,0,-37
47,R,-2800,2800,147,0,-38
47,R,-2800,2800,148,0,-37
47,R,-2800,2800,149,0,-39
47,R,-2800,2800,150,0,-37
47,R,-2800,2800,151,0,-38
47,R,-2800,2800,152,0,-38
47,R,-2800,2800,153,0,-37
47,R,-2800,2800,154,0,-38
47,R,-2800,2800,155,0,-38
47,R,-2800,2800,156,0,-38
47,R,-2800,2800,157,0,-37
47,R,-2800,2800,158,0,-39
47,R,-2800,2800,159,0,-37
47,R,-2800,2800,160,0,-37
47,R,-2800,2800,161,0,-38
47,R,-2800,2800,162,0,-38
47,R,-2800,2800,163,0,-38
47,R,-2800,2800,164,0,-37
47,R,-2800,2800,165,0,-38
47,R,-2800,2800,166,0,-38
47,R,-2800,2800,167,0,-37
47,R,-2800,2800,168,0,-38
47,R,-2800,2800,169,0,-37
47,R,-2800,2800,170,0,-39
47,R,-2800,2800,171,0,-37
47,R,-2800,2800,172,0,-38
47,R,-2800,2800,173,0,-38
47,R,-2800,2800,174,0,-37
47,R,-2800,2800,175,0,-38
47,R,-2800,2800,176,0,-38
47,R,-2800,2800,177,0,-37
47,R,-2800,2800,178,0,-38
47,R,-2800,2800,179,0,-37
47,R,-2800,2800,180,0,-38
47,R,-2800,2800,181,0,-38
47,R,-2800,2800,182,0,-38
47,R,-2800,2800,183,0,-37
47,R,-2800,2800,184,0,-39
47,R,-2800,2800,185,0,-37
47,R,-2800,2800,186,0,-38
47,R,-2800,2800,187,0,-38
47,R,-2800,2800,188,0,-37
47,R,-2800,2800,189,0,-38
47,R,-2800,2800,190,0,-38
47,R,-2800,2800,191,0,-38
47,R,-2800,2800,192,0,-37
47,R,-2800,2800,193,0,-39
47,R,-2800,2800,194,0,-37
47,R,-2800,2800,195,0,-38
47,R,-2800,2800,196,0,-38
47,R,-2800,2800,197,0,-38
47,R,-2800,2800,198,0,-38
47,R,-2800,2800,199,0,-38
47,R,-2800,2800,200,0,-38
47,R,-2800,2800,201,0,-36
47,R,-2800,2800,202,0,-35
47,R,-2800,2800,203,0,-31
47,R,-2800,2800,204,0,-28
47,R,-2800,2800,205,0,-26
47,R,-2800,2800,206,0,-23
47,R,-2800,2800,207,0,-20
47,R,-2800,2800,208,0,-17
47,R,-2800,2800,209,0,-14
47,R,-2800,2800,210,0,-11
47,R,-2800,2800,211,0,-10
47,R,-2800,2800,212,0,-5
47,R,-2800,2800,213,0,-4
47,R,-2800,2800,214,0,-2
47,R,-2800,2800,215,0,1
47,R,-2800,2800,216,0,2
47,R,-2800,2800,217,0,6
47,R,-2800,2800,218,0,6
47,R,-2800,2800,219,0,10
47,R,-2800,2800,220,0,10
47,R,-2800,2800,221,0,12
47,R,-2800,2800,222,0,14
47,R,-2800,2800,223,0,15
47,R,-2800,2800,224,0,17
47,R,-2800,2800,225,0,17
47,R,-2800,2800,226,0,19
47,R,-2800,2800,227,0,20
47,R,-2800,2800,228,0,21
47,R,-2800,2800,229,0,22
47,R,-2800,2800,230,0,23
47,R,-2800,2800,231,0,24
47,R,-2800,2800,232,0,24
47,R,-2800,2800,233,0,26
47,R,-2800,2800,234,0,25
47,R,-2800,2800,235,0,27
47,R,-2800,2800,236,0,27
47,R,-2800,2800,237,0,27
47,R,-2800,2800,238,0,28
47,R,-2800,2800,239,0,29
47,R,-2800,2800,240,0,29
47,R,-2800,2800,241,0,29
47,R,-2800,2800,242,0,30
47,R,-2800,2800,243,0,30
47,R,-2800,2800,244,0,31
47,R,-2800,2800,245,0,30
47,R,-2800,2800,246,0,32
47,R,-2800,2800,247,0,31
47,R,-2800,2800,248,0,32
47,R,-2800,2800,249,0,32
47,R,-2800,2800,250,0,32
47,R,-2800,2800,251,0,33
47,R,-2800,2800,252,0,33
47,R,-2800,2800,253,0,33
47,R,-2800,2800,254,0,33
47,R,-2800,2800,255,0,33
47,R,-2800,2800,256,0,34
47,R,-2800,2800,257,0,33
47,R,-2800,2800,258,0,34
47,R,-2800,2800,259,0,34
47,R,-2800,2800,260,0,34
47,R,-2800,2800,261,0,34
47,R,-2800,2800,262,0,35
47,R,-2800,2800,263,0,34
47,R,-2800,2800,264,0,35
47,R,-2800,2800,265,0,35
47,R,-2800,2800,266,0,35
47,R,-2800,2800,267,0,34
47,R,-2800,2800,268,0,36
47,R,-2800,2800,269,0,35
47,R,-2800,2800,270,0,36
47,R,-2800,2800,271,0,35
47,R,-2800,2800,272,0,35
47,R,-2800,2800,273,0,36
47,R,-2800,2800,274,0,36
47,R,-2800,2800,275,0,36
47,R,-2800,2800,276,0,36
47,R,-2800,2800,277,0,36
47,R,-2800,2800,278,0,36
47,R,-2800,2800,279,0,36
47,R,-2800,2800,280,0,38
47,R,-2800,2800,281,0,35
47,R,-2800,2800,282,0,36
47,R,-2800,2800,283,0,37
47,R,-2800,2800,284,0,37
47,R,-2800,2800,285,0,36
47,R,-2800,2800,286,0,36
47,R,-2800,2800,287,0,37
47,R,-2800,2800,288,0,36
47,R,-2800,2800,289,0,38
47,R,-2800,2800,290,0,37
47,R,-2800,2800,291,0,36
47,R,-2800,2800,292,0,37
47,R,-2800,2800,293,0,37
47,R,-2800,2800,294,0,37
47,R,-2800,2800,295,0,37
47,R,-2800,2800,296,0,37
47,R,-2800,2800,297,0,38
47,R,-2800,2800,298,0,37
47,R,-2800,2800,299,0,37
47,R,-2800,2800,300,0,38
47,R,-2800,2800,301,0,37
47,R,-2800,2800,302,0,38
47,R,-2800,2800,303,0,38
47,R,-2800,2800,304,0,37
47,R,-2800,2800,305,0,38
47,R,-2800,2800,306,0,37
47,R,-2800,2800,307,0,38
47,R,-2800,2800,308,0,38
47,R,-2800,2800,309,0,37
47,R,-2800,2800,310,0,39
47,R,-2800,2800,311,0,37
47,R,-2800,2800,312,0,38
47,R,-2800,2800,313,0,38
47,R,-2800,2800,314,0,38
47,R,-2800,2800,315,0,38
47,R,-2800,2800,316,0,38
47,R,-2800,2800,317,0,37
47,R,-2800,2800,318,0,39
47,R,-2800,2800,319,0,38
47,R,-2800,2800,320,0,38
47,R,-2800,2800,321,0,38
47,R,-2800,2800,322,0,39
47,R,-2800,2800,323,0,38
47,R,-2800,2800,324,0,38
47,R,-2800,2800,325,0,39
47,R,-2800,2800,326,0,38
47,R,-2800,2800,327,0,39
47,R,-2800,2800,328,0,38
47,R,-2800,2800,329,0,38
47,R,-2800,2800,330,0,39
47,R,-2800,2800,331,0,38
47,R,-2800,2800,332,0,39
47,R,-2800,2800,333,0,39
47,R,-2800,2800,334,0,38
47,R,-2800,2800,335,0,39
47,R,-2800,2800,336,0,39
47,R,-2800,2800,337,0,38
47,R,-2800,2800,338,0,39
47,R,-2800,2800,339,0,39
47,R,-2800,2800,340,0,38
47,R,-2800,2800,341,0,40
47,R,-2800,2800,342,0,38
47,R,-2800,2800,343,0,39
47,R,-2800,2800,344,0,39
47,R,-2800,2800,345,0,39
47,R,-2800,2800,346,0,39
47,R,-2800,2800,347,0,39
47,R,-2800,2800,348,0,39
47,R,-2800,2800,349,0,39
47,R,-2800,2800,350,0,39
47,R,-2800,2800,351,0,38
47,R,-2800,2800,352,0,40
47,R,-2800,2800,353,0,39
47,R,-2800,2800,354,0,39
47,R,-2800,2800,355,0,39
47,R,-2800,2800,356,0,39
47,R,-2800,2800,357,0,39
47,R,-2800,2800,358,0,39
47,R,-2800,2800,359,0,39
47,R,-2800,2800,360,0,39
47,R,-2800,2800,361,0,39
47,R,-2800,2800,362,0,40
47,R,-2800,2800,363,0,39
47,R,-2800,2800,364,0,38
47,R,-2800,2800,365,0,39
47,R,-2800,2800,366,0,40
47,R,-2800,2800,367,0,39
47,R,-2800,2800,368,0,39
47,R,-2800,2800,369,0,39
47,R,-2800,2800,370,0,39
47,R,-2800,2800,371,0,39
47,R,-2800,2800,372,0,39
47,R,-2800,2800,373,0,39
47,R,-2800,2800,374,0,39
47,R,-2800,2800,375,0,40
47,R,-2800,2800,376,0,39
47,R,-2800,2800,377,0,38
47,R,-2800,2800,378,0,39
47,R,-2800,2800,379,0,40
47,R,-2800,2800,380,0,39
47,R,-2800,2800,381,0,39
47,R,-2800,2800,382,0,39
47,R,-2800,2800,383,0,39
47,R,-2800,2800,384,0,39
47,R,-2800,2800,385,0,39
47,R,-2800,2800,386,0,39
47,R,-2800,2800,387,0,39
47,R,-2800,2800,388,0,39
47,R,-2800,2800,389,0,39
47,R,-2800,2800,390,0,39
47,R,-2800,2800,391,0,39
47,R,-2800,2800,392,0,39
47,R,-2800,2800,393,0,39
47,R,-2800,2800,394,0,39
47,R,-2800,2800,395,0,39
47,R,-2800,2800,396,0,39
47,R,-2800,2800,397,0,39
47,R,-2800,2800,398,0,39
47,R,-2800,2800,399,0,39
47,R,-2800,2800,400,0,40
47,R,-2800,2800,401,0,38
47,R,-2800,2800,402,0,40
47,R,-2800,2800,403,0,38
47,R,-2800,2800,404,0,38
47,R,-2800,2800,405,0,38
47,R,-2800,2800,406,0,39
47,R,-2800,2800,407,0,38
47,R,-2800,2800,408,0,38
47,R,-2800,2800,409,0,37
47,R,-2800,2800,410,0,38
47,R,-2800,2800,411,0,38
47,R,-2800,2800,412,0,36
47,R,-2800,2800,413,0,38
47,R,-2800,2800,414,0,37
47,R,-2800,2800,415,0,37
47,R,-2800,2800,416,0,36
47,R,-2800,2800,417,0,37
47,R,-2800,2800,418,0,36
47,R,-2800,2800,419,0,36
47,R,-2800,2800,420,0,36
47,R,-2800,2800,421,0,37
47,R,-2800,2800,422,0,35
47,R,-2800,2800,423,0,36
47,R,-2800,2800,424,0,36
47,R,-2800,2800,425,0,35
47,R,-2800,2800,426,0,36
47,R,-2800,2800,427,0,35
47,R,-2800,2800,428,0,34
47,R,-2800,2800,429,0,35
47,R,-2800,2800,430,0,35
47,R,-2800,2800,431,0,34
47,R,-2800,2800,432,0,35
47,R,-2800,2800,433,0,34
47,R,-2800,2800,434,0,34
47,R,-2800,2800,435,0,34
47,R,-2800,2800,436,0,34
47,R,-2800,2800,437,0,33
47,R,-2800,2800,438,0,34
47,R,-2800,2800,439,0,33
47,R,-2800,2800,440,0,34
47,R,-2800,2800,441,0,33
47,R,-2800,2800,442,0,33
47,R,-2800,2800,443,0,33
47,R,-2800,2800,444,0,32
47,R,-2800,2800,445,0,33
47,R,-2800,2800,446,0,33
47,R,-2800,2800,447,0,32
47,R,-2800,2800,448,0,32
47,R,-2800,2800,449,0,32
47,R,-2800,2800,450,0,32
47,R,-2800,2800,451,0,32
47,R,-2800,2800,452,0,31
47,R,-2800,2800,453,0,31
47,R,-2800,2800,454,0,32
47,R,-2800,2800,455,0,31
47,R,-2800,2800,456,0,32
47,R,-2800,2800,457,0,30
47,R,-2800,2800,458,0,31
47,R,-2800,2800,459,0,31
47,R,-2800,2800,460,0,30
47,R,-2800,2800,461,0,31
47,R,-2800,2800,462,0,30
47,R,-2800,2800,463,0,31
47,R,-2800,2800,464,0,29
47,R,-2800,2800,465,0,30
47,R,-2800,2800,466,0,30
47,R,-2800,2800,467,0,29
47,R,-2800,2800,468,0,30
47,R,-2800,2800,469,0,30
47,R,-2800,2800,470,0,28
47,R,-2800,2800,471,0,29
47,R,-2800,2800,472,0,30
47,R,-2800,2800,473,0,29
47,R,-2800,2800,474,0,28
47,R,-2800,2800,475,0,29
47,R,-2800,2800,476,0,28
47,R,-2800,2800,477,0,28
47,R,-2800,2800,478,0,29
47,R,-2800,2800,479,0,28
47,R,-2800,2800,480,0,28
47,R,-2800,2800,481,0,28
47,R,-2800,2800,482,0,27
47,R,-2800,2800,483,0,28
47,R,-2800,2800,484,0,28
47,R,-2800,2800,485,0,27
47,R,-2800,2800,486,0,27
47,R,-2800,2800,487,0,28
47,R,-2800,2800,488,0,26
47,R,-2800,2800,489,0,27
47,R,-2800,2800,490,0,27
47,R,-2800,2800,491,0,26
47,R,-2800,2800,492,0,27
47,R,-2800,2800,493,0,26
47,R,-2800,2800,494,0,27
47,R,-2800,2800,495,0,26
47,R,-2800,2800,496,0,26
47,R,-2800,2800,497,0,26
47,R,-2800,2800,498,0,25
47,R,-2800,2800,499,0,26
48,R,-2800,-1800,0,0,0
48,R,-2800,-1800,1,0,-1
48,R,-2800,-1800,2,0,-2
48,R,-2800,-1800,3,0,-5
48,R,-2800,-1800,4,0,-7
48,R,-2800,-1800,5,0,-9
48,R,-2800,-1800,6,0,-11
48,R,-2800,-1800,7,0,-12
48,R,-2800,-1800,8,0,-14
48,R,-2800,-1800,9,0,-16
48,R,-2800,-1800,10,0,-17
48,R,-2800,-1800,11,0,-18
48,R,-2800,-1800,12,0,-19
48,R,-2800,-1800,13,0,-21
48,R,-2800,-1800,14,0,-22
48,R,-2800,-1800,15,0,-22
48,R,-2800,-1800,16,0,-23
48,R,-2800,-1800,17,0,-24
48,R,-2800,-1800,18,0,-25
48,R,-2800,-1800,19,0,-26
48,R,-2800,-1800,20,0,-26
48,R,-2800,-1800,21,0,-26
48,R,-2800,-1800,22,0,-28
48,R,-2800,-1800,23,0,-28
48,R,-2800,-1800,24,0,-28
48,R,-2800,-1800,25,0,-29
48,R,-2800,-1800,26,0,-30
48,R,-2800,-1800,27,0,-29
48,R,-2800,-1800,28,0,-31
48,R,-2800,-1800,29,0,-30
48,R,-2800,-1800,30,0,-31
48,R,-2800,-1800,31,0,-32
48,R,-2800,-1800,32,0,-31
48,R,-2800,-1800,33,0,-32
48,R,-2800,-1800,34,0,-33
48,R,-2800,-1800,35,0,-32
48,R,-2800,-1800,36,0,-32
48,R,-2800,-1800,37,0,-33
48,R,-2800,-1800,38,0,-34
48,R,-2800,-1800,39,0,-33
48,R,-2800,-1800,40,0,-32
48,R,-2800,-1800,41,0,-34
48,R,-2800,-1800,42,0,-34
48,R,-2800,-1800,43,0,-33
48,R,-2800,-1800,44,0,-35
48,R,-2800,-1800,45,0,-33
48,R,-2800,-1800,46,0,-35
48,R,-2800,-1800,47,0,-34
48,R,-2800,-1800,48,0,-34
48,R,-2800,-1800,49,0,-35
48,R,-2800,-1800,50,0,-35
48,R,-2800,-1800,51,0,-35
48,R,-2800,-1800,52,0,-35
48,R,-2800,-1800,53,0,-35
48,R,-2800,-1800,54,0,-35
48,R,-2800,-1800,55,0,-35
48,R,-2800,-1800,56,0,-36
48,R,-2800,-1800,57,0,-35
48,R,-2800,-1800,58,0,-36
48,R,-2800,-1800,59,0,-36
48,R,-2800,-1800,60,0,-36
48,R,-2800,-1800,61,0,-35
48,R,-2800,-1800,62,0,-36
48,R,-2800,-1800,63,0,-36
48,R,-2800,-1800,64,0,-36
48,R,-2800,-1800,65,0,-36
48,R,-2800,-1800,66,0,-36
48,R,-2800,-1800,67,0,-37
48,R,-2800,-1800,68,0,-36
48,R,-2800,-1800,69,0,-36
48,R,-2800,-1800,70,0,-36
48,R,-2800,-1800,71,0,-37
48,R,-2800,-1800,72,0,-36
48,R,-2800,-1800,73,0,-37
48,R,-2800,-1800,74,0,-37
48,R,-2800,-1800,75,0,-37
48,R,-2800,-1800,76,0,-36
48,R,-2800,-1800,77,0,-37
48,R,-2800,-1800,78,0,-37
48,R,-2800,-1800,79,0,-37
48,R,-2800,-1800,80,0,-37
48,R,-2800,-1800,81,0,-36
48,R,-2800,-1800,82,0,-37
48,R,-2800,-1800,83,0,-38
48,R,-2800,-1800,84,0,-36
48,R,-2800,-1800,85,0,-37
48,R,-2800,-1800,86,0,-38
48,R,-2800,-1800,87,0,-37
48,R,-2800,-1800,88,0,-37
48,R,-2800,-1800,89,0,-37
48,R,-2800,-1800,90,0,-37
48,R,-2800,-1800,91,0,-37
48,R,-2800,-1800,92,0,-37
48,R,-2800,-1800,93,0,-38
48,R,-2800,-1800,94,0,-37
48,R,-2800,-1800,95,0,-37
48,R,-2800,-1800,96,0,-38
48,R,-2800,-1800,97,0,-37
48,R,-2800,-1800,98,0,-37
48,R,-2800,-1800,99,0,-39
48,R,-2800,-1800,100,0,-37
48,R,-2800,-1800,101,0,-36
48,R,-2800,-1800,102,0,-39
48,R,-2800,-1800,103,0,-37
48,R,-2800,-1800,104,0,-37
48,R,-2800,-1800,105,0,-38
48,R,-2800,-1800,106,0,-37
48,R,-2800,-1800,107,0,-38
48,R,-2800,-1800,108,0,-37
48,R,-2800,-1800,109,0,-38
48,R,-2800,-1800,110,0,-38
48,R,-2800,-1800,111,0,-37
48,R,-2800,-1800,112,0,-38
48,R,-2800,-1800,113,0,-37
48,R,-2800,-1800,114,0,-37
48,R,-2800,-1800,115,0,-39
48,R,-2800,-1800,116,0,-37
48,R,-2800,-1800,117,0,-37
48,R,-2800,-1800,118,0,-38
48,R,-2800,-1800,119,0,-38
48,R,-2800,-1800,120,0,-38
48,R,-2800,-1800,121,0,-37
48,R,-2800,-1800,122,0,-38
48,R,-2800,-1800,123,0,-38
48,R,-2800,-1800,124,0,-37
48,R,-2800,-1800,125,0,-38
48,R,-2800,-1800,126,0,-38
48,R,-2800,-1800,127,0,-38
48,R,-2800,-1800,128,0,-37
48,R,-2800,-1800,129,0,-38
48,R,-2800,-1800,130,0,-38
48,R,-2800,-1800,131,0,-38
48,R,-2800,-1800,132,0,-38
48,R,-2800,-1800,133,0,-38
48,R,-2800,-1800,134,0,-38
48,R,-2800,-1800,135,0,-37
48,R,-2800,-1800,136,0,-38
48,R,-2800,-1800,137,0,-38
48,R,-2800,-1800,138,0,-38
48,R,-2800,-1800,139,0,-37
48,R,-2800,-1800,140,0,-39
48,R,-2800,-1800,141,0,-37
48,R,-2800,-1800,142,0,-38
48,R,-2800,-1800,143,0,-38
48,R,-2800,-1800,144,0,-37
48,R,-2800,-1800,145,0,-38
48,R,-2800,-1800,146,0,-38
48,R,-2800,-1800,147,0,-38
48,R,-2800,-1800,148,0,-37
48,R,-2800,-1800,149,0,-38
48,R,-2800,-1800,150,0,-38
48,R,-2800,-1800,151,0,-37
48,R,-2800,-1800,152,0,-38
48,R,-2800,-1800,153,0,-38
48,R,-2800,-1800,154,0,-38
48,R,-2800,-1800,155,0,-37
48,R,-2800,-1800,156,0,-38
48,R,-2800,-1800,157,0,-38
48,R,-2800,-1800,158,0,-37
48,R,-2800,-1800,159,0,-38
48,R,-2800,-1800,160,0,-39
48,R,-2800,-1800,161,0,-37
48,R,-2800,-1800,162,0,-37
48,R,-2800,-1800,163,0,-38
48,R,-2800,-1800,164,0,-38
48,R,-2800,-1800,165,0,-38
48,R,-2800,-1800,166,0,-38
48,R,-2800,-1800,167,0,-37
48,R,-2800,-1800,168,0,-39
48,R,-2800,-1800,169,0,-37
48,R,-2800,-1800,170,0,-38
48,R,-2800,-1800,171,0,-38
48,R,-2800,-1800,172,0,-38
48,R,-2800,-1800,173,0,-38
48,R,-2800,-1800,174,0,-38
48,R,-2800,-1800,175,0,-38
48,R,-2800,-1800,176,0,-38
48,R,-2800,-1800,177,0,-38
48,R,-2800,-1800,178,0,-38
48,R,-2800,-1800,179,0,-38
48,R,-2800,-1800,180,0,-38
48,R,-2800,-1800,181,0,-38
48,R,-2800,-1800,182,0,-38
48,R,-2800,-1800,183,0,-38
48,R,-2800,-1800,184,0,-38
48,R,-2800,-1800,185,0,-38
48,R,-2800,-1800,186,0,-38
48,R,-2800,-1800,187,0,-38
48,R,-2800,-1800,188,0,-38
48,R,-2800,-1800,189,0,-38
48,R,-2800,-1800,190,0,-39
48,R,-2800,-1800,191,0,-37
48,R,-2800,-1800,192,0,-39
48,R,-2800,-1800,193,0,-37
48,R,-2800,-1800,194,0,-39
48,R,-2800,-1800,195,0,-37
48,R,-2800,-1800,196,0,-39
48,R,-2800,-1800,197,0,-38
48,R,-2800,-1800,198,0,-38
48,R,-2800,-1800,199,0,-38
48,R,-2800,-1800,200,0,-38
48,R,-2800,-1800,201,0,-38
48,R,-2800,-1800,202,0,-38
48,R,-2800,-1800,203,0,-38
48,R,-2800,-1800,204,0,-38
48,R,-2800,-1800,205,0,-37
48,R,-2800,-1800,206,0,-38
48,R,-2800,-1800,207,0,-37
48,R,-2800,-1800,208,0,-37
48,R,-2800,-1800,209,0,-37
48,R,-2800,-1800,210,0,-37
48,R,-2800,-1800,211,0,-37
48,R,-2800,-1800,212,0,-36
48,R,-2800,-1800,213,0,-36
48,R,-2800,-1800,214,0,-36
48,R,-2800,-1800,215,0,-36
48,R,-2800,-1800,216,0,-36
48,R,-2800,-1800,217,0,-36
48,R,-2800,-1800,218,0,-36
48,R,-2800,-1800,219,0,-36
48,R,-2800,-1800,220,0,-35
48,R,-2800,-1800,221,0,-37
48,R,-2800,-1800,222,0,-34
48,R,-2800,-1800,223,0,-34
48,R,-2800,-1800,224,0,-36
48,R,-2800,-1800,225,0,-35
48,R,-2800,-1800,226,0,-34
48,R,-2800,-1800,227,0,-35
48,R,-2800,-1800,228,0,-34
48,R,-2800,-1800,229,0,-34
48,R,-2800,-1800,230,0,-35
48,R,-2800,-1800,231,0,-33
48,R,-2800,-1800,232,0,-35
48,R,-2800,-1800,233,0,-33
48,R,-2800,-1800,234,0,-33
48,R,-2800,-1800,235,0,-34
48,R,-2800,-1800,236,0,-33
48,R,-2800,-1800,237,0,-33
48,R,-2800,-1800,238,0,-34
48,R,-2800,-1800,239,0,-33
48,R,-2800,-1800,240,0,-32
48,R,-2800,-1800,241,0,-33
48,R,-2800,-1800,242,0,-33
48,R,-2800,-1800,243,0,-33
48,R,-2800,-1800,244,0,-32
48,R,-2800,-1800,245,0,-32
48,R,-2800,-1800,246,0,-32
48,R,-2800,-1800,247,0,-33
48,R,-2800,-1800,248,0,-31
48,R,-2800,-1800,249,0,-32
48,R,-2800,-1800,250,0,-32
48,R,-2800,-1800,251,0,-31
48,R,-2800,-1800,252,0,-31
48,R,-2800,-1800,253,0,-32
48,R,-2800,-1800,254,0,-31
48,R,-2800,-1800,255,0,-31
48,R,-2800,-1800,256,0,-31
48,R,-2800,-1800,257,0,-31
48,R,-2800,-1800,258,0,-31
48,R,-2800,-1800,259,0,-30
48,R,-2800,-1800,260,0,-30
48,R,-2800,-1800,261,0,-31
48,R,-2800,-1800,262,0,-30
48,R,-2800,-1800,263,0,-31
48,R,-2800,-1800,264,0,-29
48,R,-2800,-1800,265,0,-30
48,R,-2800,-1800,266,0,-30
48,R,-2800,-1800,267,0,-30
48,R,-2800,-1800,268,0,-29
48,R,-2800,-1800,269,0,-30
48,R,-2800,-1800,270,0,-29
48,R,-2800,-1800,271,0,-29
48,R,-2800,-1800,272,0,-30
48,R,-2800,-1800,273,0,-29
48,R,-2800,-1800,274,0,-29
48,R,-2800,-1800,275,0,-28
48,R,-2800,-1800,276,0,-29
48,R,-2800,-1800,277,0,-29
48,R,-2800,-1800,278,0,-29
48,R,-2800,-1800,279,0,-28
48,R,-2800,-1800,280,0,-28
48,R,-2800,-1800,281,0,-28
48,R,-2800,-1800,282,0,-29
48,R,-2800,-1800,283,0,-28
48,R,-2800,-1800,284,0,-28
48,R,-2800,-1800,285,0,-27
48,R,-2800,-1800,286,0,-28
48,R,-2800,-1800,287,0,-28
48,R,-2800,-1800,288,0,-27
48,R,-2800,-1800,289,0,-27
48,R,-2800,-1800,290,0,-27
48,R,-2800,-1800,291,0,-28
48,R,-2800,-1800,292,0,-27
48,R,-2800,-1800,293,0,-27
48,R,-2800,-1800,294,0,-26
48,R,-2800,-1800,295,0,-28
48,R,-2800,-1800,296,0,-26
48,R,-2800,-1800,297,0,-26
48,R,-2800,-1800,298,0,-27
48,R,-2800,-1800,299,0,-26
48,R,-2800,-1800,300,0,-27
48,R,-2800,-1800,301,0,-26
48,R,-2800,-1800,302,0,-26
48,R,-2800,-1800,303,0,-26
48,R,-2800,-1800,304,0,-26
48,R,-2800,-1800,305,0,-26
48,R,-2800,-1800,306,0,-26
48,R,-2800,-1800,307,0,-25
48,R,-2800,-1800,308,0,-26
48,R,-2800,-1800,309,0,-25
48,R,-2800,-1800,310,0,-25
48,R,-2800,-1800,311,0,-26
48,R,-2800,-1800,312,0,-25
48,R,-2800,-1800,313,0,-24
48,R,-2800,-1800,314,0,-26
48,R,-2800,-1800,315,0,-25
48,R,-2800,-1800,316,0,-25
48,R,-2800,-1800,317,0,-24
48,R,-2800,-1800,318,0,-24
48,R,-2800,-1800,319,0,-25
48,R,-2800,-1800,320,0,-24
48,R,-2800,-1800,321,0,-25
48,R,-2800,-1800,322,0,-24
48,R,-2800,-1800,323,0,-24
48,R,-2800,-1800,324,0,-25
48,R,-2800,-1800,325,0,-24
48,R,-2800,-1800,326,0,-23
48,R,-2800,-1800,327,0,-24
48,R,-2800,-1800,328,0,-24
48,R,-2800,-1800,329,0,-23
48,R,-2800,-1800,330,0,-24
48,R,-2800,-1800,331,0,-23
48,R,-2800,-1800,332,0,-24
48,R,-2800,-1800,333,0,-23
48,R,-2800,-1800,334,0,-23
48,R,-2800,-1800,335,0,-23
48,R,-2800,-1800,336,0,-23
48,R,-2800,-1800,337,0,-23
48,R,-2800,-1800,338,0,-23
48,R,-2800,-1800,339,0,-23
48,R,-2800,-1800,340,0,-23
48,R,-2800,-1800,341,0,-22
48,R,-2800,-1800,342,0,-22
48,R,-2800,-1800,343,0,-24
48,R,-2800,-1800,344,0,-21
48,R,-2800,-1800,345,0,-23
48,R,-2800,-1800,346,0,-22
48,R,-2800,-1800,347,0,-22
48,R,-2800,-1800,348,0,-22
48,R,-2800,-1800,349,0,-22
48,R,-2800,-1800,350,0,-22
48,R,-2800,-1800,351,0,-22
48,R,-2800,-1800,352,0,-21
48,R,-2800,-1800,353,0,-22
48,R,-2800,-1800,354,0,-21
48,R,-2800,-1800,355,0,-22
48,R,-2800,-1800,356,0,-22
48,R,-2800,-1800,357,0,-21
48,R,-2800,-1800,358,0,-21
48,R,-2800,-1800,359,0,-21
48,R,-2800,-1800,360,0,-21
48,R,-2800,-1800,361,0,-21
48,R,-2800,-1800,362,0,-22
48,R,-2800,-1800,363,0,-20
48,R,-2800,-1800,364,0,-21
48,R,-2800,-1800,365,0,-20
48,R,-2800,-1800,366,0,-21
48,R,-2800,-1800,367,0,-21
48,R,-2800,-1800,368,0,-21
48,R,-2800,-1800,369,0,-20
48,R,-2800,-1800,370,0,-20
48,R,-2800,-1800,371,0,-20
48,R,-2800,-1800,372,0,-21
48,R,-2800,-1800,373,0,-20
48,R,-2800,-1800,374,0,-20
48,R,-2800,-1800,375,0,-20
48,R,-2800,-1800,376,0,-20
48,R,-2800,-1800,377,0,-19
48,R,-2800,-1800,378,0,-20
48,R,-2800,-1800,379,0,-20
48,R,-2800,-1800,380,0,-19
48,R,-2800,-1800,381,0,-19
48,R,-2800,-1800,382,0,-20
48,R,-2800,-1800,383,0,-19
48,R,-2800,-1800,384,0,-20
48,R,-2800,-1800,385,0,-19
48,R,-2800,-1800,386,0,-19
48,R,-2800,-1800,387,0,-19
48,R,-2800,-1800,388,0,-19
48,R,-2800,-1800,389,0,-19
48,R,-2800,-1800,390,0,-19
48,R,-2800,-1800,391,0,-19
48,R,-2800,-1800,392,0,-19
48,R,-2800,-1800,393,0,-19
48,R,-2800,-1800,394,0,-18
48,R,-2800,-1800,395,0,-19
48,R,-2800,-1800,396,0,-18
48,R,-2800,-1800,397,0,-18
48,R,-2800,-1800,398,0,-19
48,R,-2800,-1800,399,0,-18
48,R,-2800,-1800,400,0,-18
48,R,-2800,-1800,401,0,-18
48,R,-2800,-1800,402,0,-18
48,R,-2800,-1800,403,0,-18
48,R,-2800,-1800,404,0,-19
48,R,-2800,-1800,405,0,-16
48,R,-2800,-1800,406,0,-19
48,R,-2800,-1800,407,0,-17
48,R,-2800,-1800,408,0,-17
48,R,-2800,-1800,409,0,-18
48,R,-2800,-1800,410,0,-17
48,R,-2800,-1800,411,0,-17
48,R,-2800,-1800,412,0,-17
48,R,-2800,-1800,413,0,-17
48,R,-2800,-1800,414,0,-17
48,R,-2800,-1800,415,0,-16
48,R,-2800,-1800,416,0,-17
48,R,-2800,-1800,417,0,-16
48,R,-2800,-1800,418,0,-17
48,R,-2800,-1800,419,0,-17
48,R,-2800,-1800,420,0,-16
48,R,-2800,-1800,421,0,-16
48,R,-2800,-1800,422,0,-16
48,R,-2800,-1800,423,0,-16
48,R,-2800,-1800,424,0,-16
48,R,-2800,-1800,425,0,-15
48,R,-2800,-1800,426,0,-16
48,R,-2800,-1800,427,0,-15
48,R,-2800,-1800,428,0,-15
48,R,-2800,-1800,429,0,-16
48,R,-2800,-1800,430,0,-16
48,R,-2800,-1800,431,0,-15
48,R,-2800,-1800,432,0,-15
48,R,-2800,-1800,433,0,-14
48,R,-2800,-1800,434,0,-16
48,R,-2800,-1800,435,0,-14
48,R,-2800,-1800,436,0,-15
48,R,-2800,-1800,437,0,-15
48,R,-2800,-1800,438,0,-14
48,R,-2800,-1800,439,0,-14
48,R,-2800,-1800,440,0,-15
48,R,-2800,-1800,441,0,-14
48,R,-2800,-1800,442,0,-14
48,R,-2800,-1800,443,0,-14
48,R,-2800,-1800,444,0,-14
48,R,-2800,-1800,445,0,-14
48,R,-2800,-1800,446,0,-14
48,R,-2800,-1800,447,0,-13
48,R,-2800,-1800,448,0,-14
48,R,-2800,-1800,449,0,-14
48,R,-2800,-1800,450,0,-13
48,R,-2800,-1800,451,0,-13
48,R,-2800,-1800,452,0,-14
48,R,-2800,-1800,453,0,-12
48,R,-2800,-1800,454,0,-13
48,R,-2800,-1800,455,0,-14
48,R,-2800,-1800,456,0,-13
48,R,-2800,-1800,457,0,-12
48,R,-2800,-1800,458,0,-13
48,R,-2800,-1800,459,0,-12
48,R,-2800,-1800,460,0,-13
48,R,-2800,-1800,461,0,-12
48,R,-2800,-1800,462,0,-13
48,R,-2800,-1800,463,0,-12
48,R,-2800,-1800,464,0,-12
48,R,-2800,-1800,465,0,-13
48,R,-2800,-1800,466,0,-11
48,R,-2800,-1800,467,0,-12
48,R,-2800,-1800,468,0,-12
48,R,-2800,-1800,469,0,-12
48,R,-2800,-1800,470,0,-11
48,R,-2800,-1800,471,0,-11
48,R,-2800,-1800,472,0,-12
48,R,-2800,-1800,473,0,-11
48,R,-2800,-1800,474,0,-12
48,R,-2800,-1800,475,0,-11
48,R,-2800,-1800,476,0,-11
48,R,-2800,-1800,477,0,-10
48,R,-2800,-1800,478,0,-12
48,R,-2800,-1800,479,0,-11
48,R,-2800,-1800,480,0,-10
48,R,-2800,-1800,481,0,-11
48,R,-2800,-1800,482,0,-11
48,R,-2800,-1800,483,0,-10
48,R,-2800,-1800,484,0,-11
48,R,-2800,-1800,485,0,-10
48,R,-2800,-1800,486,0,-10
48,R,-2800,-1800,487,0,-10
48,R,-2800,-1800,488,0,-10
48,R,-2800,-1800,489,0,-11
48,R,-2800,-1800,490,0,-9
48,R,-2800,-1800,491,0,-10
48,R,-2800,-1800,492,0,-10
48,R,-2800,-1800,493,0,-9
48,R,-2800,-1800,494,0,-10
48,R,-2800,-1800,495,0,-9
48,R,-2800,-1800,496,0,-10
48,R,-2800,-1800,497,0,-10
48,R,-2800,-1800,498,0,-9
48,R,-2800,-1800,499,0,-9
