17:27:40.175 P 1 332 -42 0 0 0 0 -976 16794
17:27:40.175 P 2 324 -39 0 0 0 0 -942 16874
17:27:40.175 P 3 387 -34 0 0 0 0 -1316 16598
17:27:40.175 P 4 440 -48 0 0 0 0 -1380 16630
17:27:40.175 P 5 518 -60 0 0 0 0 -1660 16680
17:27:40.175 P 6 605 -72 0 0 0 0 -1922 16678
17:27:40.175 P 7 649 -92 0 0 0 0 -1860 16690
17:27:40.175 P 8 650 -113 0 0 0 0 -1680 16726
17:27:40.175 P 9 639 -132 0 0 0 0 -1590 16626
17:27:40.175 P 10 589 -145 0 0 0 0 -1254 16770
17:27:40.175 P 11 528 -150 0 0 0 0 -1028 16706
17:27:40.175 P 12 446 -153 0 0 0 0 -658 16632
17:27:40.175 P 13 370 -145 0 0 0 0 -512 16682
17:27:40.175 P 14 291 -135 0 0 0 0 -280 16848
17:27:40.175 P 15 230 -120 0 0 0 0 -292 16896
17:27:40.175 P 16 188 -108 0 0 0 0 -360 16800
17:27:40.175 P 17 169 -98 0 0 0 0 -562 16740
17:27:40.175 P 18 167 -91 0 0 0 0 -732 16654
17:27:40.175 P 19 168 -88 0 0 0 0 -762 16608
17:27:40.175 P 20 177 -86 0 0 0 0 -900 16668
17:27:40.175 P 21 193 -86 0 0 0 0 -1014 16600
17:27:40.175 P 22 212 -93 0 0 0 0 -1116 16798
17:27:40.175 P 23 228 -101 0 0 0 0 -1110 16786
17:27:40.175 P 24 244 -109 0 0 0 0 -1152 16710
17:27:40.175 P 25 255 -116 0 0 0 0 -1108 16678
17:27:40.175 P 26 254 -121 0 0 0 0 -880 16722
17:27:40.175 P 27 246 -120 0 0 0 0 -722 16664
17:27:40.175 P 28 226 -115 0 0 0 0 -440 16724
17:27:40.175 P 29 199 -106 0 0 0 0 -226 16734
17:27:40.175 P 30 164 -92 0 0 0 0 30 16628
17:27:40.175 P 31 130 -77 0 0 0 0 116 16634
17:27:40.175 P 32 99 -57 0 0 0 0 166 16546
17:27:40.175 P 33 74 -32 0 0 0 0 96 16684
17:27:40.175 P 34 79 -6 0 0 0 0 -584 16490
17:27:40.175 P 35 67 -4 0 0 0 0 -152 16922
17:27:40.175 P 36 61 5 0 0 0 0 -274 16960
17:27:40.175 P 37 57 14 0 0 0 0 -316 16754
17:27:40.175 P 38 57 24 0 0 0 0 -378 16722
17:27:40.175 P 39 53 36 0 0 0 0 -282 16666
17:27:40.175 P 40 59 48 0 0 0 0 -532 16700
17:27:40.175 P 41 65 51 0 0 0 0 -570 16776
17:27:40.175 P 42 70 53 0 0 0 0 -522 16834
17:27:40.175 P 43 69 60 0 0 0 0 -346 16700
17:27:40.175 P 44 71 71 0 0 0 0 -440 16602
17:27:40.175 P 45 72 76 0 0 0 0 -384 16634
17:27:40.175 P 46 72 80 0 0 0 0 -346 16724
17:27:40.175 P 47 77 88 0 0 0 0 -544 16632
17:27:40.175 P 48 84 91 0 0 0 0 -584 16708
17:27:40.175 P 49 87 97 0 0 0 0 -462 16728
17:27:40.175 P 50 93 103 0 0 0 0 -592 16690
17:27:40.175 P 51 104 106 0 0 0 0 -772 16612
17:27:40.175 P 52 103 106 0 0 0 0 -364 16624
17:27:40.175 P 53 105 114 0 0 0 0 -422 16638
17:27:40.175 P 54 101 121 0 0 0 0 -214 16776
17:27:40.175 P 55 93 129 0 0 0 0 -2 16668
17:27:40.175 P 56 86 146 0 0 0 0 -38 16764
17:27:40.175 P 57 81 161 0 0 0 0 -68 16794
17:27:40.175 P 58 75 173 0 0 0 0 0 16634
17:27:40.175 P 59 72 193 0 0 0 0 -76 16686
17:27:40.175 P 60 73 208 0 0 0 0 -236 16734
17:27:40.175 P 61 74 218 0 0 0 0 -220 16834
17:27:40.175 P 62 77 228 0 0 0 0 -336 16586
17:27:40.175 P 63 82 235 0 0 0 0 -392 16322
17:27:40.175 P 64 82 245 0 0 0 0 -178 16716
17:27:40.175 P 65 89 261 0 0 0 0 -474 16968
17:27:40.175 P 66 97 273 0 0 0 0 -540 16860
17:27:40.175 P 67 107 282 0 0 0 0 -638 16744
17:27:40.175 P 68 119 287 0 0 0 0 -758 16514
17:27:40.175 P 69 131 290 0 0 0 0 -786 16356
17:27:40.175 P 70 143 295 0 0 0 0 -814 16438
17:27:40.175 P 71 159 294 0 0 0 0 -1032 16474
17:27:40.175 P 72 170 291 0 0 0 0 -866 16920
17:27:40.175 P 73 185 305 0 0 0 0 -1048 17114
17:27:40.175 P 74 202 311 0 0 0 0 -1218 16850
17:27:40.175 P 75 214 301 0 0 0 0 -1008 16460
17:27:40.175 P 76 228 301 0 0 0 0 -1092 16422
17:27:40.175 P 77 245 303 0 0 0 0 -1348 16576
17:27:40.175 P 78 261 295 0 0 0 0 -1316 16630
17:27:40.175 P 79 274 293 0 0 0 0 -1236 16738
17:27:40.175 P 80 289 295 0 0 0 0 -1354 16794
17:27:40.175 P 81 301 293 0 0 0 0 -1230 16704
17:27:40.175 P 82 312 289 0 0 0 0 -1216 16516
17:27:40.175 P 83 323 295 0 0 0 0 -1182 16608
17:27:40.175 P 84 332 296 0 0 0 0 -1182 16734
17:27:40.175 P 85 341 301 0 0 0 0 -1096 16718
17:27:40.175 P 86 348 304 0 0 0 0 -1074 16716
17:27:40.175 P 87 356 311 0 0 0 0 -1100 16722
17:27:40.175 P 88 365 317 0 0 0 0 -1180 16560
17:27:40.175 P 89 375 320 0 0 0 0 -1274 16556
17:27:40.175 P 90 387 324 0 0 0 0 -1394 16582
17:27:40.175 P 91 401 327 0 0 0 0 -1576 16686
17:27:40.175 P 92 414 326 0 0 0 0 -1608 16714
17:27:40.175 P 93 429 321 0 0 0 0 -1740 16626
17:27:40.175 P 94 445 317 0 0 0 0 -1820 16534
17:27:40.175 P 95 462 309 0 0 0 0 -2000 16524
17:27:40.175 P 96 479 298 0 0 0 0 -2080 16602
17:27:40.175 P 97 497 286 0 0 0 0 -2174 16630
17:27:40.175 P 98 514 275 0 0 0 0 -2196 16592
17:27:40.175 P 99 530 259 0 0 0 0 -2244 16524
17:27:40.175 P 100 547 243 0 0 0 0 -2334 16460
17:27:40.175 P 101 564 230 0 0 0 0 -2366 16410
17:27:40.175 P 102 580 215 0 0 0 0 -2418 16470
17:27:40.175 P 103 594 196 0 0 0 0 -2432 16598
17:27:40.175 P 104 607 178 0 0 0 0 -2344 16594
17:27:40.175 P 105 619 160 0 0 0 0 -2386 16588
17:27:40.175 P 106 629 144 0 0 0 0 -2268 16496
17:27:40.175 P 107 638 129 0 0 0 0 -2226 16546
17:27:40.175 P 108 645 117 0 0 0 0 -2188 16468
17:27:40.175 P 109 652 106 0 0 0 0 -2198 16602
17:27:40.175 P 110 659 93 0 0 0 0 -2238 16526
17:27:40.175 P 111 666 82 0 0 0 0 -2250 16526
17:27:40.175 P 112 673 69 0 0 0 0 -2334 16518
17:27:40.175 P 113 679 58 0 0 0 0 -2340 16578
17:27:40.175 P 114 685 43 0 0 0 0 -2404 16580
17:27:40.175 P 115 690 27 0 0 0 0 -2324 16424
17:27:40.175 P 116 695 14 0 0 0 0 -2330 16620
17:27:40.175 P 117 699 1 0 0 0 0 -2318 16508
17:27:40.175 P 118 701 -11 0 0 0 0 -2260 16578
17:27:40.175 P 119 703 -21 0 0 0 0 -2194 16530
17:27:40.175 P 120 702 -34 0 0 0 0 -2044 16604
17:27:40.175 P 121 701 -40 0 0 0 0 -2022 16540
17:27:40.175 P 122 700 -48 0 0 0 0 -2006 16560
17:27:40.175 P 123 698 -53 0 0 0 0 -1940 16562
17:27:40.175 P 124 694 -58 0 0 0 0 -1806 16624
17:27:40.175 P 125 689 -61 0 0 0 0 -1758 16572
17:27:40.175 P 126 685 -62 0 0 0 0 -1716 16556
17:27:40.175 P 127 680 -62 0 0 0 0 -1648 16616
17:27:40.175 P 5653 40 -111 -1314 -1314 0 0 -2 16606
17:27:40.175 P 5654 34 -110 -1319 -1319 0 0 814 16874
17:27:40.175 P 5655 31 -99 -1317 -1317 0 0 -738 16628
17:27:40.175 P 5657 21 -129 -1341 -1341 0 0 -4 16750
17:27:40.175 P 5658 16 -125 -1344 -1344 0 0 -164 16832
17:27:40.175 P 5659 11 -129 -1351 -1351 0 0 -70 16680
17:27:40.175 P 5661 1 -121 -1356 -1356 0 0 -94 16712
17:27:40.175 P 5662 -3 -118 -1360 -1360 0 0 -104 16634
17:27:40.175 P 5663 -8 -119 -1365 -1365 0 0 56 16654
17:27:40.175 P 5665 -17 -107 -1368 -1368 0 0 14 16776
17:27:40.175 P 5666 -22 -103 -1370 -1370 0 0 252 16672
17:27:40.175 P 5667 -26 -96 -1371 -1371 0 0 188 16676
17:27:40.175 P 5669 -34 -87 -1374 -1374 0 0 256 16670
17:27:40.175 P 5670 -38 -84 -1377 -1377 0 0 358 16710
17:27:40.175 P 5671 -42 -76 -1377 -1377 0 0 322 16730
17:27:40.175 P 5672 -45 -73 -1379 -1379 0 0 298 16718
17:27:40.175 P 5674 -52 -62 -1380 -1380 0 0 426 16796
17:27:40.175 P 5675 -55 -54 -1379 -1379 0 0 426 16692
17:27:40.175 P 5676 -58 -51 -1381 -1381 0 0 476 16668
17:27:40.175 P 5678 -64 -35 -1378 -1378 0 0 630 16618
17:27:40.175 P 5679 -67 -25 -1376 -1376 0 0 810 16736
17:27:40.175 P 5680 -69 -14 -1373 -1373 0 0 418 16616
17:27:40.175 P 5682 -72 -9 -1374 -1374 0 0 360 16824
17:27:40.175 P 5683 -73 -1 -1371 -1371 0 0 312 16850
17:27:40.175 P 5684 -75 3 -1371 -1371 0 0 568 16742
17:27:40.175 P 5686 -78 27 -1362 -1362 0 0 970 16604
17:27:40.175 P 5687 -79 41 -1356 -1356 0 0 1004 16522
17:27:40.175 P 5688 -79 57 -1348 -1348 0 0 798 16580
17:27:40.175 P 5689 -78 70 -1341 -1341 0 0 502 16690
17:27:40.175 P 5691 -76 82 -1333 -1333 0 0 124 16954
17:27:40.175 P 5692 -74 83 -1331 -1331 0 0 102 16692
17:27:40.175 P 5693 -73 81 -1331 -1331 0 0 234 16564
17:27:40.175 P 5694 -72 82 -1330 -1330 0 0 338 16662
17:27:40.175 P 5695 -71 87 -1326 -1326 0 0 290 16742
17:27:40.175 P 5696 -69 90 -1323 -1323 0 0 376 16700
17:27:40.175 P 5698 -66 99 -1316 -1316 0 0 332 16650
17:27:40.175 P 5699 -64 104 -1312 -1312 0 0 256 16676
17:27:40.175 P 5700 -62 106 -1309 -1309 0 0 174 16668
17:27:40.175 P 5701 -60 109 -1305 -1305 0 0 124 16686
17:27:40.175 P 5702 -58 109 -1303 -1303 0 0 56 16810
17:27:40.175 P 5703 -56 107 -1302 -1302 0 0 36 16720
17:27:40.175 P 5705 -52 99 -1302 -1302 0 0 -54 16668
17:27:40.175 P 5706 -50 93 -1303 -1303 0 0 -84 16620
17:27:40.175 P 5707 -48 88 -1304 -1304 0 0 -104 16688
17:27:40.175 P 5708 -46 81 -1306 -1306 0 0 -126 16768
17:27:40.175 P 5709 -45 76 -1307 -1307 0 0 -106 16708
17:27:40.175 P 5710 -44 70 -1308 -1308 0 0 -72 16788
17:27:40.175 P 5712 -42 57 -1313 -1313 0 0 -204 16674
17:27:40.175 P 5713 -41 51 -1315 -1315 0 0 -202 16742
17:27:40.175 P 5714 -41 45 -1317 -1317 0 0 -222 16636
17:27:40.175 P 5715 -40 38 -1321 -1321 0 0 -116 16812
17:27:40.175 P 5717 -40 31 -1324 -1324 0 0 -50 16678
17:27:40.175 P 5718 -41 25 -1327 -1327 0 0 -28 16668
17:27:40.175 P 5719 -41 22 -1329 -1329 0 0 -106 16748
17:27:40.175 P 5720 -41 18 -1331 -1331 0 0 -120 16734
17:27:40.175 P 5722 -43 8 -1337 -1337 0 0 -52 16816
17:27:40.175 P 5723 -44 4 -1340 -1340 0 0 0 16674
17:27:40.175 P 5724 -45 -2 -1344 -1344 0 0 -32 16656
17:27:40.175 P 5725 -46 -9 -1348 -1348 0 0 -102 16730
17:27:40.175 P 5726 -47 -15 -1353 -1353 0 0 -108 16762
17:27:40.175 P 5727 -49 -18 -1356 -1356 0 0 -18 16690
17:27:40.175 P 5729 -53 -21 -1361 -1361 0 0 218 16752
17:27:40.175 P 5730 -55 -21 -1363 -1363 0 0 368 16714
17:27:40.175 P 5731 -57 -15 -1362 -1362 0 0 312 16768
17:27:40.175 P 5732 -58 -10 -1361 -1361 0 0 426 16658
17:27:40.175 P 5733 -60 -6 -1361 -1361 0 0 446 16744
17:27:40.175 P 5735 -63 9 -1356 -1356 0 0 474 16826
17:27:40.175 P 5736 -64 16 -1354 -1354 0 0 758 16738
17:27:40.175 P 5737 -65 32 -1347 -1347 0 0 1000 16804
17:27:40.175 P 5739 -66 69 -1330 -1330 0 0 1040 16598
17:27:40.175 P 5740 -65 84 -1322 -1322 0 0 984 16772
17:27:40.175 P 5741 -64 104 -1312 -1312 0 0 778 16762
17:27:40.175 P 5743 -60 137 1307 1307 0 0 690 16830
17:27:40.175 P 5744 -57 147 1315 1315 0 0 424 16630
17:27:40.175 P 5745 -53 154 1322 1322 0 0 284 16700
17:27:40.175 P 5747 -46 160 1331 1331 0 0 252 16758
17:27:40.175 P 5748 -43 162 1336 1336 0 0 346 16714
17:27:40.175 P 5749 -39 167 1341 1341 0 0 266 16704
17:27:40.175 P 5751 -31 172 1351 1351 0 0 180 16682
17:27:40.175 P 5752 -27 174 1356 1356 0 0 56 16614
17:27:40.175 P 5753 -23 176 1361 1361 0 0 -80 16782
17:27:40.175 P 5755 -15 169 1366 1366 0 0 -134 16652
17:27:40.175 P 5756 -10 163 1367 1367 0 0 -336 16698
17:27:40.175 P 5757 -6 157 1368 1368 0 0 -330 16642
17:27:40.175 P 5759 0 139 1367 1367 0 0 -472 16746
17:27:40.175 P 5760 3 130 1365 1365 0 0 -464 16578
17:27:40.175 P 5761 6 117 1362 1362 0 0 -432 16754
17:27:40.175 P 5763 11 95 1356 1356 0 0 -418 16558
17:27:40.175 P 5764 13 85 1353 1353 0 0 -478 16616
17:27:40.175 P 5765 14 73 1349 1349 0 0 -450 16726
17:27:40.175 P 5767 16 53 1341 1341 0 0 -256 16798
17:27:40.175 P 5768 16 47 1338 1338 0 0 -264 16672
17:27:40.175 P 5770 17 38 1334 1334 0 0 -130 16790
17:27:40.175 P 5771 17 33 1332 1332 0 0 -150 16650
17:27:40.175 P 5772 17 30 1330 1330 0 0 -154 16662
17:27:40.175 P 5774 16 25 1327 1327 0 0 -140 16662
17:27:41.922 P 5775 16 21 1325 1325 0 0 -186 16744
17:27:41.922 P 5776 15 20 1324 1324 0 0 -236 16586
17:27:41.922 P 5778 14 11 1319 1319 0 0 -182 16798
17:27:41.922 P 5779 13 6 1315 1315 0 0 -178 16650
17:27:41.922 P 5780 12 3 1313 1313 0 0 -190 16698
17:27:41.922 P 5782 10 -5 1307 1307 0 0 -154 16658
17:27:41.922 P 5783 8 -6 1305 1305 0 0 -84 16620
17:27:41.922 P 5785 6 -10 1301 1301 0 0 14 16662
17:27:41.922 P 5786 4 -9 0 0 0 0 8 16630
17:27:41.922 P 5787 2 -8 -1301 -1301 0 0 154 16694
17:27:41.922 P 5789 0 -5 -1302 -1302 0 0 100 16642
17:27:41.922 P 5790 -1 -2 -1302 -1302 0 0 154 16630
17:27:41.922 P 5792 -3 7 0 0 0 0 118 16660
17:27:41.922 P 5793 -5 10 0 0 0 0 186 16634
17:27:41.922 P 5794 -5 15 1301 1301 0 0 170 16636
17:27:41.922 P 5796 -7 19 1301 1301 0 0 126 16652
17:27:41.922 P 5797 -8 22 1302 1302 0 0 80 16652
17:27:41.922 P 5798 -8 24 1303 1303 0 0 98 16688
17:27:41.922 P 5800 -9 29 1304 1304 0 0 130 16680
17:27:41.922 P 5801 -9 31 1305 1305 0 0 142 16636
17:27:41.922 P 5802 -10 33 1305 1305 0 0 182 16698
17:27:41.922 P 5804 -10 37 1307 1307 0 0 104 16696
17:27:41.922 P 5805 -10 39 1308 1308 0 0 84 16696
17:27:41.922 P 5806 -10 42 1309 1309 0 0 108 16670
17:27:41.922 P 5808 -10 46 1311 1311 0 0 72 16664
17:27:41.922 P 5809 -10 48 1313 1313 0 0 2 16686
17:27:41.922 P 5810 -10 48 1313 1313 0 0 86 16762
17:27:41.922 P 5812 -9 51 1315 1315 0 0 84 16710
17:27:41.922 P 5813 -9 51 1315 1315 0 0 104 16652
17:27:41.922 P 5815 -8 54 1317 1317 0 0 96 16688
17:27:41.922 P 5816 -8 55 1318 1318 0 0 112 16728
17:27:41.922 P 5818 -7 58 1320 1320 0 0 46 16644
17:27:41.922 P 5819 -6 61 1322 1322 0 0 86 16612
17:27:41.922 P 5821 -5 63 1324 1324 0 0 134 16726
17:27:41.922 P 5823 -4 71 1330 1330 0 0 78 16704
17:27:41.922 P 5825 -2 75 1333 1333 0 0 50 16646
17:27:41.922 P 5826 -1 73 1334 1334 0 0 -58 16714
17:27:41.922 P 5828 1 71 1335 1335 0 0 -84 16746
17:27:41.922 P 5830 2 64 1333 1333 0 0 -130 16644
17:27:41.922 P 5831 3 60 1332 1332 0 0 -250 16616
17:27:41.922 P 5833 5 54 1331 1331 0 0 -254 16700
17:27:41.922 P 5835 5 42 1325 1325 0 0 -202 16688
17:27:41.922 P 5836 6 37 1323 1323 0 0 -200 16722
17:27:41.922 P 5838 5 30 1320 1320 0 0 -154 16656
17:27:41.922 P 5840 5 21 1315 1315 0 0 -94 16604
17:27:41.922 P 5842 3 18 1312 1312 0 0 0 16838
17:27:41.922 P 5843 3 18 1311 1311 0 0 6 16660
17:27:41.922 P 5845 1 20 1311 1311 0 0 32 16764
17:27:41.922 P 5847 0 24 1312 1312 0 0 58 16664
17:27:41.922 P 5848 0 24 1311 1311 0 0 -10 16616
17:27:41.922 P 5850 0 23 1310 1310 0 0 -28 16614
17:27:41.922 P 5852 -1 21 1308 1308 0 0 -8 16690
17:27:41.922 P 5854 -2 21 1307 1307 0 0 -18 16662
17:27:41.922 P 5855 -3 19 1305 1305 0 0 18 16634
17:27:41.922 P 5857 -4 19 1304 1304 0 0 64 16690
17:27:41.922 P 5859 -6 21 1304 1304 0 0 144 16722
17:27:41.922 P 5860 -6 23 1304 1304 0 0 176 16698
17:27:41.922 P 5862 -7 30 1306 1306 0 0 224 16580
17:27:41.922 P 5864 -8 38 1310 1310 0 0 204 16704
17:27:41.922 P 5865 -8 41 1311 1311 0 0 212 16768
17:27:41.922 P 5867 -8 50 1315 1315 0 0 170 16708
17:27:41.922 P 5869 -7 55 1318 1318 0 0 76 16652
17:27:41.922 P 5870 -7 57 1320 1320 0 0 50 16738
17:27:41.922 P 5872 -6 56 1320 1320 0 0 -12 16718
17:27:41.922 P 5874 -5 58 1322 1322 0 0 -6 16662
17:27:41.922 P 5875 -4 59 1323 1323 0 0 104 16706
17:27:41.922 P 5877 -3 60 1325 1325 0 0 26 16714
17:27:41.922 P 5879 -2 61 1326 1326 0 0 48 16616
17:27:41.922 P 5881 -1 62 1328 1328 0 0 34 16712
17:27:41.922 P 5882 0 63 1329 1329 0 0 -38 16622
17:27:41.922 P 5884 0 63 1331 1331 0 0 58 16686
17:27:41.922 P 5886 2 65 1333 1333 0 0 44 16612
17:27:41.922 P 5887 3 67 1335 1335 0 0 -16 16666
17:27:41.922 P 5889 4 67 1336 1336 0 0 -10 16726
17:27:41.922 P 5891 6 68 1338 1338 0 0 -18 16652
17:27:41.922 P 5893 8 64 1338 1338 0 0 -158 16638
17:27:41.922 P 5894 9 60 1337 1337 0 0 -156 16694
17:27:41.922 P 5896 10 54 1335 1335 0 0 -158 16540
17:27:41.922 P 5898 11 46 1332 1332 0 0 -174 16726
17:27:41.922 P 5899 11 43 1331 1331 0 0 -114 16718
17:27:41.922 P 5901 11 34 1327 1327 0 0 -192 16752
17:27:41.922 P 5903 11 30 1325 1325 0 0 -80 16688
17:27:41.922 P 5904 11 28 1324 1324 0 0 -168 16716
17:27:41.922 P 5906 10 23 1320 1320 0 0 -56 16594
17:27:41.922 P 5908 9 22 1319 1319 0 0 -34 16646
17:27:41.922 P 5910 8 20 1317 1317 0 0 -66 16468
17:27:41.922 P 5911 7 20 1316 1316 0 0 -54 16636
17:27:41.922 P 5913 6 17 1314 1314 0 0 -30 16668
17:27:41.922 P 5914 5 16 1312 1312 0 0 -6 16756
17:27:41.922 P 5916 3 17 1311 1311 0 0 60 16648
17:27:41.922 P 5918 2 20 1312 1312 0 0 -2 16672
17:27:41.922 P 5919 2 20 1311 1311 0 0 -8 16662
17:27:41.922 P 5921 0 20 1310 1310 0 0 -32 16782
17:27:41.922 P 5923 0 19 1308 1308 0 0 14 16674
17:27:41.922 P 5925 -1 19 1307 1307 0 0 -18 16806
17:27:41.922 P 5926 -2 21 1307 1307 0 0 -16 16700
17:27:41.922 P 5928 -3 18 1305 1305 0 0 -16 16744
17:27:41.922 P 5930 -4 19 1304 1304 0 0 -6 16712
17:27:41.922 P 5931 -5 17 1303 1303 0 0 -22 16760
17:27:41.922 P 5933 -6 17 1302 1302 0 0 -12 16754
17:27:41.922 P 5935 -7 18 1301 1301 0 0 42 16804
17:27:41.922 P 5936 -8 19 1301 1301 0 0 114 16680
17:27:41.922 P 5938 -9 23 1301 1301 0 0 112 16728
17:27:41.922 P 5940 -10 28 1303 1303 0 0 156 16664
17:27:41.922 P 5941 -11 31 1304 1304 0 0 220 16688
17:27:41.922 P 5943 -11 38 1306 1306 0 0 238 16738
17:27:41.922 P 5945 -12 48 1311 1311 0 0 252 16722
17:27:41.922 P 5946 -11 54 1314 1314 0 0 248 16664
17:27:41.922 P 5948 -10 62 1319 1319 0 0 160 16656
17:27:41.922 P 5950 -9 68 1323 1323 0 0 118 16658
17:27:41.922 P 5951 -8 68 1324 1324 0 0 22 16678
17:27:41.922 P 5953 -6 69 1326 1326 0 0 -36 16696
17:27:41.922 P 5955 -4 67 1327 1327 0 0 -18 16716
17:27:41.922 P 5956 -3 66 1327 1327 0 0 -94 16706
17:27:41.922 P 5958 -2 60 1326 1326 0 0 -56 16744
17:27:41.922 P 5960 -1 59 1327 1327 0 0 -110 16670
17:27:41.922 P 5961 0 57 1326 1326 0 0 -40 16724
17:27:41.922 P 5963 0 56 1327 1327 0 0 4 16646
17:27:41.922 P 5965 1 53 1326 1326 0 0 -64 16728
17:27:41.922 P 5966 1 52 1326 1326 0 0 6 16740
17:27:41.922 P 5968 2 51 1326 1326 0 0 14 16728
17:27:41.922 P 5969 2 50 1326 1326 0 0 -8 16742
17:27:41.922 P 5971 3 51 1328 1328 0 0 -30 16716
17:27:41.922 P 5973 4 48 1327 1327 0 0 -78 16726
17:27:41.922 P 5974 4 48 1327 1327 0 0 -78 16720
17:27:41.922 P 5976 5 44 1326 1326 0 0 -82 16718
17:27:41.922 P 5978 5 40 1324 1324 0 0 -70 16744
17:27:41.922 P 5979 5 37 1322 1322 0 0 -136 16708
17:27:41.922 P 5981 5 32 1320 1320 0 0 -146 16690
17:27:41.922 P 5982 5 29 1318 1318 0 0 -152 16648
17:27:41.922 P 5984 4 26 1316 1316 0 0 -146 16656
17:27:41.922 P 5986 3 22 1314 1314 0 0 -76 16636
17:27:41.922 P 5987 3 22 1313 1313 0 0 -6 16678
17:27:41.922 P 5989 1 20 1311 1311 0 0 70 16724
17:27:41.922 P 5990 1 21 1311 1311 0 0 92 16708
17:27:41.922 P 5991 0 22 1311 1311 0 0 100 16680
17:27:41.922 P 5993 0 25 1311 1311 0 0 92 16666
17:27:41.922 P 5994 0 26 1311 1311 0 0 72 16722
17:27:41.922 P 5996 -1 28 1311 1311 0 0 -70 16676
17:27:41.922 P 5997 -1 27 1311 1311 0 0 -52 16630
17:27:41.922 P 5998 -2 26 1310 1310 0 0 -6 16666
17:27:41.922 P 6000 -3 27 1310 1310 0 0 -34 16616
17:27:41.922 P 6002 -3 26 1308 1308 0 0 46 16734
17:27:41.922 P 6003 -4 26 1308 1308 0 0 12 16642
17:27:41.922 P 6005 -5 29 1308 1308 0 0 80 16652
17:27:41.922 P 6006 -5 30 1309 1309 0 0 122 16620
17:27:41.922 P 6008 -6 34 1310 1310 0 0 80 16780
17:27:41.922 P 6009 -6 35 1310 1310 0 0 58 16724
17:27:41.922 P 6011 -6 39 1312 1312 0 0 58 16610
17:27:41.922 P 6013 -6 38 1312 1312 0 0 14 16684
17:27:41.922 P 6014 -6 38 1312 1312 0 0 12 16710
17:27:41.922 P 6016 -6 39 1312 1312 0 0 34 16674
17:27:41.922 P 6017 -6 37 1311 1311 0 0 16 16676
17:27:41.922 P 6019 -6 37 1311 1311 0 0 62 16706
17:27:41.922 P 6020 -6 37 1311 1311 0 0 56 16704
17:27:41.922 P 6022 -7 38 1311 1311 0 0 128 16742
17:27:41.922 P 6023 -7 41 1312 1312 0 0 148 16774
17:27:41.922 P 6025 -7 45 1314 1314 0 0 138 16692
17:27:41.922 P 6026 -7 49 1316 1316 0 0 118 16684
17:27:41.922 P 6028 -6 52 1318 1318 0 0 48 16678
17:27:41.922 P 6029 -5 55 1320 1320 0 0 20 16780
17:27:41.922 P 6031 -5 55 1321 1321 0 0 2 16774
17:27:41.922 P 6032 -4 55 1322 1322 0 0 -54 16674
17:27:41.922 P 6034 -3 56 1323 1323 0 0 -98 16678
17:27:41.922 P 6036 -2 51 1322 1322 0 0 -120 16628
17:27:41.922 P 6037 -1 50 1322 1322 0 0 -126 16736
17:27:41.922 P 6039 -1 45 1320 1320 0 0 -126 16638
17:27:41.922 P 6040 -1 41 1318 1318 0 0 -36 16658
17:27:41.922 P 6042 -1 38 1317 1317 0 0 -92 16662
17:27:41.922 P 6043 -1 36 1316 1316 0 0 -12 16670
17:27:41.922 P 6045 -1 36 1315 1315 0 0 2 16712
17:27:41.922 P 6046 -1 35 1315 1315 0 0 -50 16732
17:27:41.922 P 6048 -1 31 1313 1313 0 0 -134 16642
17:27:41.922 P 6049 -1 29 1312 1312 0 0 -40 16588
17:27:41.922 P 6051 -2 22 1308 1308 0 0 -274 16652
17:27:41.922 P 6052 -2 16 1305 1305 0 0 -412 16710
17:27:41.922 P 6054 -3 -3 -1305 -1305 0 0 -460 16586
17:27:41.922 P 6055 -5 -16 -1312 -1312 0 0 -508 16692
17:27:41.922 P 6057 -8 -44 -1329 -1329 0 0 -654 16846
17:27:41.922 P 6058 -10 -61 -1339 -1339 0 0 -696 16760
17:27:41.922 P 6060 -16 -94 -1361 -1361 0 0 -634 16762
17:27:41.922 P 6061 -20 -114 -1374 -1374 0 0 -694 16688
17:27:41.922 P 6063 -29 -152 -1401 -1401 0 0 -842 16492
17:27:41.922 P 6064 -35 -179 -1419 -1419 0 0 -808 16588
17:27:41.922 P 6066 -48 -238 -1461 -1461 0 0 -968 16654
17:27:41.922 P 6068 -66 -311 -1512 -1512 0 0 -954 16608
17:27:41.922 P 6069 -77 -350 -1541 -1541 0 0 -780 16668
17:27:41.922 P 6071 -101 -410 -1594 -1594 0 0 -462 16718
17:27:41.922 P 6072 -118 -424 -1626 -1626 0 -1 2538 16798
17:27:41.922 P 6074 -136 -300 -1602 -1602 -2 0 -2328 16470
17:27:41.922 P 6075 -150 -405 -1660 -1660 0 0 48 16682
17:27:41.922 P 6077 -174 -362 -1677 -1677 -1 -1 -362 16608
17:27:41.922 P 6079 -202 -396 -1736 -1736 -1 0 1532 17044
17:27:41.922 P 6080 -212 -287 -1706 -1706 -1 -1 1270 16892
17:27:41.922 P 6082 -226 -101 -1667 -1667 -2 -1 1778 16894
17:27:41.922 P 6084 -228 66 -1605 -1605 -1 -1 800 16552
17:27:41.922 P 6085 -226 93 -1623 -1623 -3 -2 896 16552
17:27:41.922 P 6087 -222 116 -1623 -1623 -2 -2 844 16872
17:27:41.922 P 6088 -220 134 -1626 -1626 -2 -2 774 16698
17:27:41.922 P 6090 -213 168 -1619 -1619 -2 -2 1092 16844
17:27:41.922 P 6092 -203 200 -1613 -1613 -2 -2 426 16578
17:27:41.922 P 6093 -199 189 -1624 -1624 -2 -2 1744 16840
17:27:41.922 P 6095 -188 256 -1593 -1593 -2 -2 1030 16698
17:27:41.922 P 6097 -175 303 -1579 -1579 -3 -2 1768 16754
17:27:41.922 P 6099 -157 339 -1559 -1559 -3 -2 964 16706
17:27:41.922 P 6100 -150 350 -1548 -1548 -2 -2 2376 16754
17:27:41.922 P 6102 -128 431 -1489 -1489 -2 -2 632 16686
17:27:41.922 P 6104 -107 433 -1470 -1470 -2 -2 1634 16694
17:27:41.922 P 6106 -82 454 -1426 -1426 -1 -1 734 16676
17:27:41.922 P 6108 -57 489 -1388 -1388 -1 -1 410 16642
17:27:41.922 P 6109 -44 468 -1389 -1389 -2 -2 -212 16640
17:27:41.922 P 6111 -20 441 -1365 -1365 -2 -1 328 16650
17:27:43.758 P 6113 2 409 -1358 -1358 -1 -2 -28 16692
17:27:43.758 P 6114 13 405 -1354 -1354 -2 -2 -8 16686
17:27:43.758 P 6116 34 380 -1318 -1318 -1 -1 68 16662
17:27:43.758 P 6118 52 351 -1304 -1304 -1 -1 576 16644
17:27:43.758 P 6119 62 374 1315 1315 -1 -2 464 16676
17:27:43.758 P 6121 80 340 1332 1332 -1 -1 416 16732
17:27:43.758 P 6122 90 336 1345 1345 -1 -1 -732 16564
17:27:43.758 P 6124 104 238 1330 1330 0 -1 40 16736
17:27:43.758 P 6126 115 209 1359 1359 0 0 -784 16694
17:27:43.758 P 6127 118 157 1343 1343 -1 0 -360 16856
17:27:43.758 P 6129 124 121 1351 1351 0 0 -628 16614
17:27:43.758 P 6130 125 75 1343 1343 0 0 -442 16698
17:27:43.758 P 6132 124 32 1340 1340 0 0 -202 16662
17:27:43.758 P 6133 123 37 1359 1359 1 0 488 16730
17:27:43.758 P 6135 124 93 1405 1405 0 1 130 16706
17:27:43.758 P 6137 127 104 1415 1415 0 0 256 16680
17:27:43.758 P 6138 129 123 1427 1427 0 0 104 16554
17:27:43.758 P 6140 134 145 1456 1456 0 1 -476 16782
17:27:43.758 P 6141 138 159 1465 1465 0 0 -526 16724
17:27:43.758 P 6143 145 130 1467 1467 0 1 -712 16518
17:27:43.758 P 6145 151 132 1477 1477 0 0 -1088 16758
17:27:43.758 P 6146 155 105 1476 1476 0 1 -2292 16686
17:27:43.758 P 6148 153 36 1442 1442 0 0 84 16688
17:27:43.758 P 6150 155 74 1463 1463 0 0 -372 16562
17:27:43.758 P 6151 156 68 1478 1478 1 1 -1256 16756
17:27:43.758 P 6153 155 30 1462 1462 0 0 92 16702
17:27:43.758 P 6155 156 52 1478 1478 1 0 -360 16632
17:27:43.758 P 6156 156 42 1476 1476 0 1 -532 16570
17:27:43.758 P 6158 154 -6 1454 1454 1 1 -398 16770
17:27:43.758 P 6160 152 -16 1450 1450 1 0 -972 16606
17:27:43.758 P 6161 150 -38 1449 1449 1 1 -678 16748
17:27:43.758 P 6163 145 -57 1425 1425 0 1 -764 16588
17:27:43.758 P 6164 142 -63 1420 1420 1 0 -556 16646
17:27:43.758 P 6166 137 -50 1423 1423 0 1 -484 16602
17:27:43.758 P 6168 132 -23 1425 1425 0 1 72 16632
17:27:43.758 P 6169 130 1 1425 1425 0 0 64 16738
17:27:43.758 P 6171 129 42 1443 1443 0 1 68 16716
17:27:43.758 P 6172 129 56 1443 1443 0 0 -42 16616
17:27:43.758 P 6174 130 77 1455 1455 0 1 -212 16672
17:27:43.758 P 6175 131 85 1464 1464 0 1 -280 16784
17:27:43.758 P 6177 135 87 1457 1457 0 0 -732 16580
17:27:43.758 P 6178 136 72 1457 1457 0 1 -482 16698
17:27:43.758 P 6180 138 56 1451 1451 0 1 -674 16580
17:27:43.758 P 6181 138 42 1439 1439 0 0 -412 16812
17:27:43.758 P 6183 137 42 1450 1450 0 1 -204 16714
17:27:43.758 P 6185 138 64 1460 1460 0 1 -170 16656
17:27:43.758 P 6186 138 73 1459 1459 0 0 -180 16696
17:27:43.758 P 6188 141 94 1471 1471 0 0 -210 16716
17:27:43.758 P 6189 142 100 1471 1471 0 0 -246 16682
17:27:43.758 P 6191 146 101 1486 1486 0 1 -384 16728
17:27:43.758 P 6192 148 102 1492 1492 0 1 -330 16684
17:27:43.758 P 6194 151 93 1490 1490 0 1 -528 16684
17:27:43.758 P 6196 154 88 1489 1489 0 1 -324 16662
17:27:43.758 P 6197 156 93 1496 1496 0 1 -304 16694
17:27:43.758 P 6199 159 106 1503 1503 0 0 -268 16690
17:27:43.758 P 6200 161 113 1503 1503 0 0 -452 16544
17:27:43.758 P 6202 166 121 1511 1511 0 0 -456 16638
17:27:43.758 P 6204 171 117 1522 1522 0 1 -636 16690
17:27:43.758 P 6205 173 109 1524 1524 0 1 -562 16706
17:27:43.758 P 6207 178 103 1524 1524 0 1 -856 16724
17:27:43.758 P 6208 179 89 1513 1513 0 0 -590 16580
17:27:43.758 P 6210 182 102 1530 1530 0 1 -442 16744
17:27:43.758 P 6212 186 101 1529 1529 0 0 -624 16698
17:27:43.758 P 6213 188 99 1534 1534 0 1 -692 16700
17:27:43.758 P 6215 191 73 1532 1532 0 2 -512 16590
17:27:43.758 P 6216 192 72 1525 1525 0 0 -300 16628
17:27:43.758 P 6218 194 73 1542 1542 0 1 -286 16708
17:27:43.758 P 6219 194 71 1534 1534 0 0 -276 16686
17:27:43.758 P 6221 196 74 1549 1549 0 1 -60 16726
17:27:43.758 P 6223 198 94 1554 1554 0 1 -486 16580
17:27:43.758 P 6224 199 84 1563 1563 1 1 -566 16640
17:27:43.758 P 6226 200 47 1553 1553 0 0 -364 16776
17:27:43.758 P 6228 199 38 1564 1564 0 2 -114 16656
17:27:43.758 P 6229 199 31 1567 1567 1 1 -834 16568
17:27:43.758 P 6231 197 3 1555 1555 2 1 -262 16638
17:27:43.758 P 6232 196 10 1573 1573 1 2 -480 16702
17:27:43.758 P 6234 193 -6 1559 1559 1 1 -350 16714
17:27:43.758 P 6236 190 -3 1574 1574 1 2 -142 16790
17:27:43.758 P 6237 188 5 1578 1578 1 1 -324 16720
17:27:43.758 P 6239 185 -51 1561 1561 1 2 -1030 16630
17:27:43.758 P 6241 177 -58 1558 1558 1 2 -156 16604
17:27:43.758 P 6243 172 -62 1558 1558 2 1 -668 16566
17:27:43.758 P 6244 169 -69 1559 1559 1 2 -402 16664
17:27:43.758 P 6246 161 -89 1555 1555 2 2 -330 16704
17:27:43.758 P 6248 154 -86 1547 1547 1 1 -710 16686
17:27:43.758 P 6249 149 -104 1549 1549 2 2 -480 16710
17:27:43.758 P 6251 140 -100 1529 1529 1 1 -320 16724
17:27:43.758 P 6253 132 -110 1535 1535 1 2 -610 16806
17:27:43.758 P 6255 125 -84 1547 1547 2 2 -1234 16564
17:27:43.758 P 6256 121 -115 1520 1520 1 1 -846 16710
17:27:43.758 P 6258 111 -130 1509 1509 2 1 -1594 16562
17:27:43.758 P 6260 99 -184 1458 1458 1 1 426 16790
17:27:43.758 P 6262 90 -136 1472 1472 1 1 -2012 16444
17:27:43.758 P 6264 75 -208 1426 1426 2 1 102 16802
17:27:43.758 P 6266 65 -152 1435 1435 1 1 -1390 16584
17:27:43.758 P 6268 51 -179 1403 1403 1 1 156 16744
17:27:43.758 P 6269 46 -150 1400 1400 1 0 -492 16686
17:27:43.758 P 6271 34 -128 1390 1390 1 0 366 16792
17:27:43.758 P 6273 27 -96 1391 1391 1 0 -726 16652
17:27:43.758 P 6275 17 -131 1359 1359 1 0 92 16710
17:27:43.758 P 6277 9 -112 1349 1349 0 0 -584 16744
17:27:43.758 P 6279 0 -94 1350 1350 1 1 46 16708
17:27:43.758 P 6281 -7 -90 1336 1336 0 0 228 16600
17:27:43.758 P 6283 -14 -63 1327 1327 0 0 -82 16718
17:27:43.758 P 6285 -19 -32 1335 1335 0 0 164 16702
17:27:43.758 P 6287 -22 -2 1347 1347 1 0 104 16822
17:27:43.758 P 6289 -23 33 1345 1345 0 0 -242 16652
17:27:43.758 P 6291 -23 32 1333 1333 0 0 -70 16738
17:27:43.758 P 6293 -21 56 1335 1335 0 0 -240 16790
17:27:43.758 P 6295 -20 62 1333 1333 0 0 -156 16738
17:27:43.758 P 6297 -19 46 1322 1322 0 0 -142 16590
17:27:43.758 P 6299 -18 36 1316 1316 0 0 -150 16680
17:27:43.758 P 6301 -19 26 1308 1308 0 0 -124 16690
17:27:43.758 P 6302 -19 21 1305 1305 0 0 -78 16682
17:27:43.758 P 6304 -20 14 -1301 -1301 0 0 -134 16598
17:27:43.758 P 6306 -22 6 -1308 -1308 0 0 -142 16748
17:27:43.758 P 6308 -24 -4 -1325 -1325 0 -1 -158 16756
17:27:43.758 P 6310 -26 -14 -1330 -1330 0 0 -76 16668
17:27:43.758 P 6312 -29 -23 -1344 -1344 -1 0 -102 16772
17:27:43.758 P 6314 -33 -32 -1376 -1376 -1 -1 -70 16672
17:27:43.758 P 6316 -38 -42 -1375 -1375 0 0 -48 16726
17:27:43.758 P 6318 -43 -52 -1387 -1387 0 -1 -6 16706
17:27:43.758 P 6320 -49 -59 -1396 -1396 0 0 114 16794
17:27:43.758 P 6322 -53 -39 -1383 -1383 0 0 -726 16646
17:27:43.758 P 6324 -61 -100 -1423 -1423 -1 0 598 16758
17:27:43.758 P 6326 -67 -74 -1410 -1410 0 0 -376 16630
17:27:43.758 P 6327 -71 -101 -1424 -1424 0 0 350 16692
17:27:43.758 P 6329 -77 -41 -1396 -1396 0 0 -390 16648
17:27:43.758 P 6331 -84 -104 -1440 -1440 0 0 402 16738
17:27:43.758 P 6333 -92 -108 -1444 -1444 0 0 -284 16692
17:27:43.758 P 6334 -97 -130 -1459 -1459 0 0 250 16728
17:27:43.758 P 6336 -108 -136 -1469 -1469 0 0 -32 16730
17:27:43.758 P 6338 -119 -154 -1487 -1487 0 0 276 16680
17:27:43.758 P 6340 -130 -162 -1501 -1501 0 0 32 16668
17:27:43.758 P 6341 -136 -173 -1511 -1511 0 0 126 16708
17:27:43.758 P 6343 -149 -182 -1526 -1526 0 0 86 16740
17:27:43.758 P 6345 -163 -198 -1556 -1556 -1 0 184 16598
17:27:43.758 P 6347 -177 -212 -1573 -1573 0 0 202 16702
17:27:43.758 P 6348 -184 -217 -1581 -1581 0 0 194 16686
17:27:43.758 P 6350 -199 -222 -1598 -1598 0 0 290 16682
17:27:43.758 P 6352 -215 -221 -1619 -1619 -1 0 396 16690
17:27:43.758 P 6353 -222 -219 -1623 -1623 0 0 434 16668
17:27:43.758 P 6355 -237 -213 -1650 -1650 -1 0 524 16758
17:27:43.758 P 6357 -251 -177 -1677 -1677 -2 -1 888 16838
17:27:43.758 P 6359 -260 -75 -1649 -1649 -1 -1 960 16848
17:27:43.758 P 6361 -264 12 -1638 -1638 -1 -2 1052 16732
17:27:43.758 P 6363 -262 70 -1637 -1637 -2 -1 698 16758
17:27:43.758 P 6365 -258 130 -1614 -1614 -1 -1 876 16846
17:27:43.758 P 6367 -251 169 -1622 -1622 -1 -1 1056 16768
17:27:43.758 P 6368 -246 190 -1622 -1622 -2 -2 432 16886
17:27:43.758 P 6370 -237 205 -1629 -1629 -2 -2 1316 16576
17:27:43.758 P 6372 -225 239 -1618 -1618 -2 -2 760 16572
17:27:43.758 P 6374 -212 259 -1610 -1610 -2 -2 998 16804
17:27:43.758 P 6376 -196 321 -1584 -1584 -2 -3 170 16834
17:27:43.758 P 6378 -181 316 -1586 -1586 -3 -2 836 16700
17:27:43.758 P 6379 -171 331 -1561 -1561 -1 -2 16 16450
17:27:43.758 P 6381 -156 307 -1578 -1578 -2 -2 1188 16816
17:27:43.758 P 6383 -136 346 -1561 -1561 -3 -3 76 16710
17:27:43.758 P 6385 -119 336 -1545 -1545 -3 -2 278 16654
17:27:43.758 P 6387 -102 326 -1540 -1540 -2 -3 886 16536
17:27:43.758 P 6389 -82 359 -1499 -1499 -2 -2 -566 16782
17:27:43.758 P 6391 -66 339 -1499 -1499 -2 -2 730 16676
17:27:43.758 P 6392 -55 362 -1476 -1476 -2 -2 -402 16464
17:27:43.758 P 6394 -41 301 -1499 -1499 -2 -3 1108 16652
17:27:43.758 P 6396 -22 317 -1470 -1470 -2 -2 -158 16874
17:27:43.758 P 6398 -7 347 -1430 -1430 -1 -2 678 16542
17:27:43.758 P 6400 11 300 -1436 -1436 -2 -2 312 16674
17:27:43.758 P 6401 17 283 -1419 -1419 -1 -1 1428 16904
17:27:43.758 P 6403 35 320 -1391 -1391 -2 -2 -782 16640
17:27:43.758 P 6405 48 281 -1384 -1384 -1 -1 884 16596
17:27:43.758 P 6407 64 284 -1370 -1370 -2 -2 -440 16670
17:27:43.758 P 6409 77 287 -1340 -1340 -1 -2 -124 16664
17:27:43.758 P 6411 91 267 -1334 -1334 -1 -2 4 16636
17:27:43.758 P 6413 104 264 -1313 -1313 -2 -1 114 16742
17:27:43.758 P 6414 111 258 -1311 -1311 -1 -2 -4 16720
17:27:43.758 P 6416 123 226 -1309 -1309 -2 -1 -296 16720
17:27:43.758 P 6418 134 242 1323 1323 0 -2 -126 16538
17:27:43.758 P 6420 144 196 1321 1321 -2 0 -50 16632
17:27:43.758 P 6422 152 165 1329 1329 -1 -1 -714 16752
17:27:43.758 P 6424 156 67 1316 1316 0 0 -304 16788
17:27:43.758 P 6426 157 52 1320 1320 0 -1 -796 16480
17:27:43.758 P 6427 156 13 1315 1315 0 0 -448 16706
17:27:43.758 P 6429 151 -25 1314 1314 0 0 -362 16710
17:27:43.758 P 6431 145 -67 1303 1303 0 0 292 16692
17:27:43.758 P 6433 138 -31 1325 1325 0 0 -74 16662
17:27:43.758 P 6434 136 -22 1332 1332 0 0 -174 16862
17:27:43.758 P 6436 132 3 1347 1347 0 0 62 16620
17:27:43.758 P 6438 130 11 1353 1353 0 0 -56 16696
17:27:43.758 P 6440 129 39 1368 1368 0 0 -62 16814
17:27:43.758 P 6441 129 48 1373 1373 0 0 -64 16744
17:27:43.758 P 6443 129 60 1381 1381 0 0 -38 16726
17:27:43.758 P 6445 130 79 1393 1393 0 0 8 16688
17:27:43.758 P 6446 131 88 1399 1399 0 0 -74 16738
17:27:43.758 P 6448 134 104 1411 1411 0 0 -98 16692
17:27:43.758 P 6450 138 120 1422 1422 0 0 -72 16696
17:27:43.758 P 6452 143 137 1452 1452 0 0 -92 16704
17:27:43.758 P 6453 146 145 1456 1456 0 0 -86 16640
17:27:43.758 P 6455 152 164 1468 1468 0 0 -100 16638
17:27:45.560 P 6457 160 180 1481 1481 0 0 -160 16716
17:27:45.560 P 6458 164 191 1498 1498 0 1 -120 16766
17:27:45.560 P 6460 173 210 1520 1520 0 0 -122 16668
17:27:45.560 P 6462 184 230 1553 1553 1 0 -174 16824
17:27:45.560 P 6464 196 162 1542 1542 1 0 -1882 16712
17:27:45.560 P 6465 197 98 1525 1525 1 1 716 16802
17:27:45.560 P 6467 204 186 1586 1586 1 1 -800 16680
17:27:45.560 P 6469 207 56 1528 1528 1 1 -306 16610
17:27:45.560 P 6471 207 21 1539 1539 2 1 -702 16716
17:27:45.560 P 6473 204 10 1523 1523 1 1 -136 16802
17:27:45.560 P 6474 203 23 1545 1545 1 2 -486 16716
17:27:45.560 P 6476 203 53 1559 1559 1 1 -254 16700
17:27:45.560 P 6478 204 53 1578 1578 1 2 -880 16568
17:27:45.560 P 6480 203 10 1551 1551 1 1 -72 16782
17:27:45.560 P 6482 201 26 1568 1568 0 1 -686 16632
17:27:45.560 P 6484 198 1 1566 1566 1 2 -152 16624
17:27:45.560 P 6486 197 19 1582 1582 1 2 -428 16654
17:27:45.560 P 6488 195 27 1591 1591 1 2 -528 16704
17:27:45.560 P 6490 192 -27 1574 1574 1 1 82 16754
17:27:45.560 P 6492 188 -7 1589 1589 1 1 -462 16624
17:27:45.560 P 6494 183 -42 1585 1585 1 2 -96 16594
17:27:45.560 P 6496 178 -64 1582 1582 1 2 -1066 16694
17:27:45.560 P 6497 173 -95 1563 1563 1 2 -202 16798
17:27:45.560 P 6499 166 -66 1579 1579 1 2 -440 16608
17:27:45.560 P 6501 158 -119 1573 1573 2 3 -404 16596
17:27:45.560 P 6503 149 -74 1590 1590 2 3 -174 16654
17:27:45.560 P 6505 140 -146 1556 1556 2 2 -76 16530
17:27:45.560 P 6507 130 -106 1566 1566 2 2 -896 16614
17:27:45.560 P 6509 118 -153 1539 1539 1 2 306 16712
17:27:45.560 P 6510 112 -132 1556 1556 3 2 258 16674
17:27:45.560 P 6512 103 -143 1548 1548 2 3 -86 16784
17:27:45.560 P 6514 92 -104 1559 1559 2 2 -290 16670
17:27:45.560 P 6516 83 -140 1545 1545 3 2 122 16744
17:27:45.560 P 6517 78 -109 1555 1555 1 3 154 16830
17:27:45.560 P 6519 68 -134 1536 1536 2 3 160 16730
17:27:45.560 P 6521 60 -92 1550 1550 3 2 -706 16772
17:27:45.560 P 6523 49 -143 1517 1517 2 2 -34 16750
17:27:45.560 P 6525 39 -139 1509 1509 2 1 -176 16730
17:27:45.560 P 6526 34 -133 1508 1508 1 3 -252 16746
17:27:45.560 P 6528 25 -121 1504 1504 1 2 -460 16734
17:27:45.560 P 6530 15 -122 1498 1498 2 2 -792 16450
17:27:45.560 P 6532 4 -138 1484 1484 3 2 140 16820
17:27:45.560 P 6534 -4 -142 1467 1467 2 2 -714 16670
17:27:45.560 P 6536 -16 -119 1463 1463 2 2 242 16800
17:27:45.560 P 6537 -19 -93 1475 1475 2 2 -416 16730
17:27:45.560 P 6539 -29 -125 1438 1438 2 1 368 16636
17:27:45.560 P 6541 -35 -61 1453 1453 1 1 -780 16548
17:27:45.560 P 6543 -45 -128 1415 1415 1 2 534 16768
17:27:45.560 P 6545 -51 -60 1434 1434 1 1 -358 16772
17:27:45.560 P 6547 -59 -94 1417 1417 1 2 642 16828
17:27:45.560 P 6549 -64 -53 1419 1419 1 2 -508 16746
17:27:45.560 P 6551 -70 -60 1402 1402 2 1 46 16736
17:27:45.560 P 6553 -75 -41 1400 1400 1 1 68 16564
17:27:45.560 P 6555 -79 -55 1394 1394 1 2 -400 16656
17:27:45.560 P 6557 -84 -29 1379 1379 0 1 -28 16756
17:27:45.560 P 6558 -85 -34 1391 1391 2 2 -216 16552
17:27:45.560 P 6560 -90 -43 1361 1361 0 1 -108 16680
17:27:45.560 P 6562 -94 -47 1370 1370 2 1 118 16626
17:27:45.560 P 6564 -98 -16 1356 1356 1 1 -312 16660
17:27:45.560 P 6566 -101 -29 1344 1344 0 1 110 16754
17:27:45.560 P 6568 -104 -44 1324 1324 0 1 -314 16656
17:27:45.560 P 6570 -109 -42 1314 1314 0 1 252 16746
17:27:45.560 P 6572 -111 -8 1313 1313 0 0 -154 16780
17:27:45.560 P 6574 -114 -6 1314 1314 2 0 -160 16670
17:27:45.560 P 6576 -115 -15 -1301 -1301 0 1 -160 16628
17:27:45.560 P 6578 -118 -22 -1322 -1322 0 0 -50 16702
17:27:45.560 P 6580 -122 -9 -1330 -1330 0 0 270 16698
17:27:45.560 P 6581 -122 13 -1319 -1319 0 1 168 16646
17:27:45.560 P 6583 -122 46 -1330 -1330 -1 0 260 16710
17:27:45.560 P 6585 -120 53 -1333 -1333 0 0 -202 16700
17:27:45.560 P 6587 -120 14 -1366 -1366 0 0 -150 16752
17:27:45.560 P 6589 -120 3 -1374 -1374 0 0 -242 16668
17:27:45.560 P 6591 -123 -34 -1396 -1396 0 0 -58 16682
17:27:45.560 P 6593 -127 -47 -1407 -1407 0 0 -152 16738
17:27:45.560 P 6595 -133 -79 -1429 -1429 0 0 -48 16690
17:27:45.560 P 6596 -137 -89 -1437 -1437 0 0 -120 16572
17:27:45.560 P 6598 -144 -112 -1456 -1456 0 0 -38 16738
17:27:45.560 P 6600 -154 -136 -1477 -1477 0 0 -54 16606
17:27:45.560 P 6602 -164 -161 -1507 -1507 0 0 8 16540
17:27:45.560 P 6604 -177 -186 -1529 -1529 0 0 -14 16532
17:27:45.560 P 6606 -190 -212 -1553 -1553 0 0 60 16670
17:27:45.560 P 6608 -206 -240 -1607 -1607 -1 0 84 16682
17:27:45.560 P 6610 -223 -269 -1646 -1646 -1 0 624 16716
17:27:45.560 P 6612 -239 -179 -1627 -1627 -1 0 -12 16656
17:27:45.560 P 6614 -254 -211 -1688 -1688 -1 -1 1338 16704
17:27:45.560 P 6616 -264 -79 -1667 -1667 -2 -1 890 16920
17:27:45.560 P 6618 -266 24 -1634 -1634 -1 -1 372 16828
17:27:45.560 P 6620 -265 96 -1636 -1636 -2 -2 1920 16682
17:27:45.560 P 6622 -254 245 -1564 -1564 -1 -2 -74 16684
17:27:45.560 P 6624 -243 208 -1595 -1595 -1 -2 818 16710
17:27:45.560 P 6626 -230 249 -1582 -1582 -2 -2 108 16672
17:27:45.560 P 6628 -218 222 -1610 -1610 -3 -3 496 16674
17:27:45.560 P 6630 -205 243 -1596 -1596 -3 -2 204 16570
17:27:45.560 P 6632 -194 232 -1599 -1599 -3 -2 598 16796
17:27:45.560 P 6634 -181 254 -1590 -1590 -3 -2 398 16734
17:27:45.560 P 6636 -166 300 -1555 -1555 -3 -2 278 16536
17:27:45.560 P 6638 -151 260 -1569 -1569 -2 -2 -70 16786
17:27:45.560 P 6640 -137 270 -1559 -1559 -1 -3 188 16682
17:27:45.560 P 6642 -124 249 -1573 -1573 -2 -3 356 16540
17:27:45.560 P 6644 -111 245 -1557 -1557 -2 -2 258 16646
17:27:45.560 P 6646 -98 251 -1546 -1546 -2 -2 282 16674
17:27:45.560 P 6648 -86 207 -1558 -1558 -1 -2 266 16752
17:27:45.560 P 6650 -76 225 -1544 -1544 -1 -3 606 16716
17:27:45.560 P 6652 -63 242 -1537 -1537 -2 -3 60 16568
17:27:45.560 P 6654 -52 232 -1523 -1523 -2 -1 492 16840
17:27:45.560 P 6656 -39 234 -1514 -1514 -2 -2 -170 16716
17:27:45.560 P 6657 -34 221 -1522 -1522 -2 -3 406 16696
17:27:45.560 P 6659 -23 226 -1500 -1500 -1 -2 28 16596
17:27:45.560 P 6661 -12 243 -1486 -1486 -1 -2 108 16588
17:27:45.560 P 6663 -2 184 -1500 -1500 -2 -2 544 16724
17:27:45.560 P 6665 7 207 -1477 -1477 -2 -1 -124 16628
17:27:45.560 P 6667 15 167 -1497 -1497 -2 -2 700 16800
17:27:45.560 P 6669 25 198 -1462 -1462 -2 -2 12 16730
17:27:45.560 P 6671 32 184 -1464 -1464 -2 -2 400 16560
17:27:45.560 P 6672 38 206 -1439 -1439 -1 -2 -762 16560
17:27:45.560 P 6674 44 146 -1467 -1467 -2 -2 920 16812
17:27:45.560 P 6676 52 165 -1438 -1438 -2 -2 -276 16780
17:27:45.560 P 6678 57 155 -1428 -1428 -1 -2 604 16516
17:27:45.560 P 6680 65 138 -1432 -1432 -2 -2 -94 16618
17:27:45.560 P 6681 66 139 -1437 -1437 -2 -2 874 16734
17:27:45.560 P 6683 74 175 -1395 -1395 -1 -2 -234 16800
17:27:45.560 P 6685 79 130 -1408 -1408 -1 -2 490 16574
17:27:45.560 P 6687 87 180 -1367 -1367 -2 -1 -186 16576
17:27:45.560 P 6689 93 142 -1372 -1372 -1 -1 -134 16736
17:27:45.560 P 6690 95 116 -1374 -1374 -1 -1 -364 16666
17:27:45.560 P 6692 98 116 -1369 -1369 0 -2 332 16682
17:27:45.560 P 6694 103 130 -1347 -1347 -2 0 -326 16644
17:27:45.560 P 6696 106 86 -1369 -1369 -1 -2 252 16808
17:27:45.560 P 6698 111 134 -1325 -1325 -2 0 -344 16576
17:27:45.560 P 6700 114 103 -1335 -1335 0 -2 308 16668
17:27:45.560 P 6702 118 108 -1329 -1329 -2 -1 -548 16738
17:27:45.560 P 6703 120 96 -1313 -1313 0 0 -546 16642
17:27:45.560 P 6705 122 79 -1314 -1314 0 -1 246 16754
17:27:45.560 P 6707 124 81 -1308 -1308 -1 0 -364 16668
17:27:45.560 P 6709 126 80 1305 1305 0 0 -66 16674
17:27:45.560 P 6711 127 54 1303 1303 0 0 -312 16642
17:27:45.560 P 6712 127 31 1304 1304 0 0 -726 16544
17:27:45.560 P 6714 124 -15 -1319 -1319 0 0 -318 16684
17:27:45.560 P 6716 118 -83 -1340 -1340 0 0 48 16648
17:27:45.560 P 6718 110 -52 -1319 -1319 0 0 -26 16716
17:27:45.560 P 6719 107 -53 -1318 -1318 0 0 -132 16662
17:27:45.560 P 6721 101 -39 -1310 -1310 0 0 80 16702
17:27:45.560 P 6723 96 -32 -1305 -1305 0 0 136 16732
17:27:45.560 P 6724 93 -24 -1302 -1302 0 0 140 16722
17:27:45.560 P 6726 90 -10 -1305 -1305 0 0 28 16702
17:27:45.560 P 6728 86 2 1303 1303 0 0 28 16648
17:27:45.560 P 6729 85 6 1306 1306 0 0 -52 16704
17:27:45.560 P 6731 83 13 1320 1320 0 1 16 16736
17:27:45.560 P 6733 81 21 1321 1321 0 0 62 16720
17:27:45.560 P 6734 80 34 1325 1325 0 0 -8 16712
17:27:45.560 P 6736 80 46 1339 1339 0 0 50 16786
17:27:45.560 P 6738 80 60 1343 1343 0 0 -34 16728
17:27:45.560 P 6740 82 71 1357 1357 0 1 6 16700
17:27:45.560 P 6742 84 83 1361 1361 0 0 -108 16676
17:27:45.560 P 6743 85 86 1363 1363 0 0 42 16614
17:27:45.560 P 6745 89 100 1380 1380 0 1 -916 16638
17:27:45.560 P 6747 90 65 1359 1359 0 0 628 16706
17:27:45.560 P 6749 94 129 1391 1391 0 0 -362 16676
17:27:45.560 P 6750 96 116 1386 1386 0 0 -206 16714
17:27:45.560 P 6752 101 149 1404 1404 0 0 -158 16646
17:27:45.560 P 6754 107 141 1405 1405 0 0 104 16662
17:27:45.560 P 6755 110 152 1412 1412 0 0 -8 16756
17:27:45.560 P 6757 117 164 1424 1424 0 0 -122 16794
17:27:45.560 P 6759 125 180 1439 1439 0 0 -240 16692
17:27:45.560 P 6761 133 185 1449 1449 0 0 -84 16694
17:27:45.560 P 6762 137 195 1458 1458 0 0 -92 16608
17:27:45.560 P 6764 147 207 1473 1473 0 0 -258 16694
17:27:45.560 P 6766 157 220 1489 1489 0 0 -296 16664
17:27:45.560 P 6767 163 227 1507 1507 1 0 -204 16656
17:27:45.560 P 6769 174 239 1521 1521 0 0 -286 16692
17:27:45.560 P 6771 186 249 1545 1545 0 1 -284 16672
17:27:45.560 P 6773 199 259 1557 1557 0 0 -374 16722
17:27:45.560 P 6774 206 259 1563 1563 0 0 -716 16660
17:27:45.560 P 6776 218 231 1577 1577 1 0 -422 16662
17:27:45.560 P 6778 229 233 1600 1600 1 0 -672 16586
17:27:45.560 P 6779 235 221 1604 1604 0 1 -748 16650
17:27:45.560 P 6781 245 194 1634 1634 1 1 -1064 16688
17:27:45.560 P 6783 251 111 1625 1625 1 2 -434 16836
17:27:45.560 P 6785 251 4 1583 1583 1 1 -1364 16538
17:27:45.560 P 6787 243 -99 1551 1551 2 1 -236 16702
17:27:45.560 P 6788 239 -81 1565 1565 1 2 -450 16710
17:27:45.560 P 6790 230 -89 1568 1568 2 1 194 16742
17:27:45.560 P 6792 224 -68 1583 1583 2 1 -478 16636
17:27:45.560 P 6794 216 -77 1591 1591 2 2 -218 16640
17:27:45.560 P 6796 210 -54 1607 1607 1 2 -548 16754
17:27:45.560 P 6798 204 -52 1614 1614 2 2 -1156 16608
17:27:45.560 P 6799 200 -103 1595 1595 2 2 -842 16756
17:27:45.560 P 6801 189 -134 1583 1583 1 3 -564 16786
17:27:45.560 P 6803 178 -165 1571 1571 2 3 -646 16544
17:27:45.560 P 6805 164 -178 1560 1560 2 3 90 16628
17:27:45.560 P 6807 153 -156 1568 1568 2 3 -1054 16778
17:27:45.560 P 6809 137 -193 1539 1539 2 2 262 16720
17:27:45.560 P 6811 125 -169 1553 1553 3 2 -606 16452
17:27:45.560 P 6813 111 -174 1529 1529 2 2 -718 16604
17:27:45.560 P 6815 97 -182 1523 1523 2 2 450 16938
17:27:45.560 P 6817 84 -176 1517 1517 1 3 -450 16620
17:27:45.560 P 6819 72 -125 1528 1528 1 2 -300 16530
17:27:47.346 P 6821 60 -178 1504 1504 2 3 446 16848
17:27:47.346 P 6822 54 -134 1520 1520 2 2 -170 16744
17:27:47.346 P 6824 45 -145 1516 1516 3 3 -236 16812
17:27:47.346 P 6826 34 -119 1509 1509 2 3 -948 16646
17:27:47.346 P 6828 23 -129 1484 1484 1 2 242 16776
17:27:47.346 P 6830 15 -116 1486 1486 2 2 -550 16644
17:27:47.346 P 6832 6 -99 1480 1480 1 2 -264 16504
17:27:47.346 P 6834 -2 -129 1466 1466 3 3 140 16712
17:27:47.346 P 6836 -10 -88 1466 1466 2 2 -392 16618
17:27:47.346 P 6838 -20 -125 1429 1429 1 2 304 16654
17:27:47.346 P 6840 -28 -89 1431 1431 1 1 -276 16678
17:27:47.346 P 6842 -36 -105 1420 1420 2 1 260 16868
17:27:47.346 P 6844 -42 -36 1443 1443 1 2 -320 16710
17:27:47.346 P 6846 -48 -93 1408 1408 1 2 462 16634
17:27:47.346 P 6848 -53 -38 1419 1419 1 2 -300 16682
17:27:47.346 P 6850 -57 -51 1400 1400 1 1 -292 16658
17:27:47.346 P 6852 -63 -45 1401 1401 1 1 54 16526
17:27:47.346 P 6854 -68 -63 1364 1364 0 1 84 16716
17:27:47.346 P 6856 -71 -11 1397 1397 1 1 -422 16762
17:27:47.346 P 6858 -75 -21 1370 1370 1 1 538 16700
17:27:47.346 P 6860 -76 -2 1373 1373 0 1 -558 16738
17:27:47.346 P 6862 -79 -13 1362 1362 0 1 240 16694
17:27:47.346 P 6864 -80 9 1352 1352 0 1 -76 16746
17:27:47.346 P 6866 -81 23 1370 1370 0 1 -100 16650
17:27:47.346 P 6868 -82 11 1348 1348 0 1 -240 16618
17:27:47.346 P 6870 -85 -13 1332 1332 1 1 264 16700
17:27:47.346 P 6872 -87 8 1340 1340 2 0 52 16578
17:27:47.346 P 6874 -88 23 1326 1326 0 0 354 16778
17:27:47.346 P 6876 -86 58 1340 1340 1 0 -262 16626
17:27:47.346 P 6878 -85 58 1339 1339 0 1 62 16668
17:27:47.346 P 6880 -83 49 1316 1316 0 0 -234 16656
17:27:47.346 P 6882 -82 52 1323 1323 1 1 188 16732
17:27:47.346 P 6884 -81 55 1311 1311 0 0 244 16714
17:27:47.346 P 6885 -80 68 1312 1312 0 0 210 16688
17:27:47.346 P 6887 -77 86 1313 1313 0 0 138 16688
17:27:47.346 P 6889 -74 75 1315 1315 1 0 -310 16698
17:27:47.346 P 6891 -72 57 1311 1311 1 0 -28 16626
17:27:47.346 P 6893 -70 47 -1301 -1301 0 0 -162 16750
17:27:47.346 P 6895 -69 41 -1309 -1309 0 0 -82 16678
17:27:47.346 P 6896 -69 38 -1312 -1312 0 0 66 16678
17:27:47.346 P 6898 -68 46 -1320 -1320 0 -1 -148 16628
17:27:47.346 P 6900 -69 12 -1337 -1337 0 0 26 16708
17:27:47.346 P 6902 -70 5 -1341 -1341 0 0 -106 16696
17:27:47.346 P 6903 -71 -1 -1345 -1345 0 0 -54 16628
17:27:47.346 P 6905 -73 -17 -1364 -1364 0 0 -104 16644
17:27:47.346 P 6907 -77 -28 -1369 -1369 0 0 -30 16646
17:27:47.346 P 6909 -81 -41 -1377 -1377 0 0 -22 16578
17:27:47.346 P 6911 -86 -55 -1388 -1388 0 0 -34 16606
17:27:47.346 P 6912 -89 -62 -1394 -1394 0 0 -14 16676
17:27:47.346 P 6914 -95 -74 -1404 -1404 0 0 10 16670
17:27:47.346 P 6916 -102 -88 -1417 -1417 0 0 -24 16734
17:27:47.346 P 6918 -109 -102 -1431 -1431 0 0 28 16718
17:27:47.346 P 6920 -118 -117 -1447 -1447 0 0 102 16662
17:27:47.346 P 6921 -123 -124 -1454 -1454 0 0 74 16660
17:27:47.346 P 6923 -133 -139 -1470 -1470 0 0 102 16694
17:27:47.346 P 6925 -144 -154 -1497 -1497 0 0 118 16738
17:27:47.346 P 6927 -155 -171 -1523 -1523 -1 0 132 16580
17:27:47.346 P 6929 -168 -186 -1539 -1539 0 0 134 16660
17:27:47.346 P 6931 -182 -206 -1558 -1558 0 0 194 16644
17:27:47.346 P 6932 -189 -214 -1587 -1587 -1 -1 218 16694
17:27:47.346 P 6934 -205 -236 -1614 -1614 0 -1 192 16678
17:27:47.346 P 6936 -222 -199 -1633 -1633 -1 -1 814 16734
17:27:47.346 P 6938 -236 -194 -1658 -1658 -1 -1 1136 16826
17:27:47.346 P 6940 -245 -62 -1633 -1633 -2 -1 1062 16928
17:27:47.346 P 6942 -246 62 -1595 -1595 -1 -2 884 16760
17:27:47.346 P 6944 -240 145 -1571 -1571 -1 -1 396 16702
17:27:47.346 P 6946 -233 158 -1577 -1577 -2 -1 912 16908
17:27:47.346 P 6947 -228 173 -1572 -1572 -1 -2 152 16664
17:27:47.346 P 6949 -221 151 -1596 -1596 -2 -2 498 16594
17:27:47.346 P 6951 -212 188 -1575 -1575 -2 -1 478 16740
17:27:47.346 P 6953 -203 159 -1594 -1594 -2 -1 654 16674
17:27:47.346 P 6955 -195 187 -1582 -1582 -1 -2 572 16654
17:27:47.346 P 6957 -184 225 -1572 -1572 -2 -2 108 16840
17:27:47.346 P 6959 -174 219 -1578 -1578 -2 -2 776 16840
17:27:47.346 P 6961 -161 235 -1558 -1558 -1 -2 -88 16556
17:27:47.346 P 6962 -156 206 -1582 -1582 -3 -2 326 16658
17:27:47.346 P 6964 -145 247 -1559 -1559 -2 -3 152 16804
17:27:47.346 P 6966 -132 232 -1552 -1552 -1 -3 528 16568
17:27:47.346 P 6967 -126 239 -1555 -1555 -3 -2 252 16572
17:27:47.346 P 6969 -113 229 -1544 -1544 -2 -2 272 16662
17:27:47.346 P 6971 -102 228 -1539 -1539 -2 -2 -48 16716
17:27:47.346 P 6972 -96 219 -1549 -1549 -2 -3 -318 16660
17:27:47.346 P 6974 -87 204 -1539 -1539 -1 -2 504 16628
17:27:47.346 P 6976 -76 218 -1523 -1523 -1 -1 26 16646
17:27:47.346 P 6977 -71 201 -1539 -1539 -2 -3 458 16754
17:27:47.346 P 6979 -61 189 -1527 -1527 -1 -2 516 16714
17:27:47.346 P 6981 -51 218 -1517 -1517 -1 -3 -96 16678
17:27:47.346 P 6983 -43 196 -1522 -1522 -2 -3 814 16698
17:27:47.346 P 6985 -31 205 -1509 -1509 -2 -2 10 16678
17:27:47.346 P 6987 -23 201 -1493 -1493 -1 -2 188 16580
17:27:47.346 P 6988 -17 213 -1485 -1485 -2 -2 -582 16684
17:27:47.346 P 6990 -10 162 -1487 -1487 -1 -1 830 16692
17:27:47.346 P 6992 0 187 -1464 -1464 -1 -1 -460 16638
17:27:47.346 P 6994 5 154 -1484 -1484 -1 -2 616 16584
17:27:47.346 P 6996 13 156 -1465 -1465 -2 -1 36 16716
17:27:47.346 P 6998 19 160 -1459 -1459 -2 -1 192 16724
17:27:47.346 P 7000 27 151 -1459 -1459 -1 -2 -442 16634
17:27:47.346 P 7001 29 140 -1458 -1458 -2 -1 180 16640
17:27:47.346 P 7003 36 142 -1435 -1435 -1 -1 -364 16778
17:27:47.346 P 7005 40 113 -1454 -1454 -1 -2 80 16772
17:27:47.346 P 7007 43 114 -1450 -1450 -2 -2 556 16680
17:27:47.346 P 7009 48 96 -1434 -1434 -1 -1 -160 16632
17:27:47.346 P 7011 52 144 -1411 -1411 -1 -1 192 16602
17:27:47.346 P 7013 57 123 -1422 -1422 -2 -2 -4 16592
17:27:47.346 P 7015 60 78 -1426 -1426 -1 -1 184 16740
17:27:47.346 P 7017 64 121 -1400 -1400 -1 -1 -132 16726
17:27:47.346 P 7019 67 98 -1390 -1390 -1 -1 8 16726
17:27:47.346 P 7021 69 60 -1411 -1411 -1 -1 -122 16616
17:27:47.346 P 7023 70 78 -1377 -1377 -1 0 148 16634
17:27:47.346 P 7024 70 69 -1393 -1393 -2 -1 212 16676
17:27:47.346 P 7026 71 65 -1383 -1383 -1 0 -106 16582
17:27:47.346 P 7028 72 55 -1370 -1370 0 0 -60 16622
17:27:47.346 P 7030 72 48 -1379 -1379 0 -1 -12 16624
17:27:47.346 P 7032 72 44 -1379 -1379 -1 -1 -6 16714
17:27:47.346 P 7033 72 40 -1376 -1376 0 -1 144 16656
17:27:47.346 P 7035 72 33 -1371 -1371 -1 0 56 16754
17:27:47.346 P 7037 70 40 -1371 -1371 -1 -1 354 16698
17:27:47.346 P 7039 71 53 -1360 -1360 -1 -1 -300 16688
17:27:47.346 P 7041 71 40 -1362 -1362 -1 -1 -194 16656
17:27:47.346 P 7043 70 24 -1356 -1356 0 0 -268 16682
17:27:47.346 P 7045 68 -11 -1367 -1367 -1 0 -102 16704
17:27:47.346 P 7046 66 -31 -1370 -1370 0 0 -198 16650
17:27:47.346 P 7048 59 -71 -1382 -1382 0 0 110 16682
17:27:47.346 P 7050 52 -80 -1385 -1385 0 0 -44 16716
17:27:47.346 P 7052 43 -87 -1389 -1389 0 0 244 16650
17:27:47.346 P 7053 40 -66 -1381 -1381 0 0 122 16742
17:27:47.346 P 7055 34 -55 -1377 -1377 0 0 100 16732
17:27:47.346 P 7057 28 -50 -1378 -1378 0 0 80 16658
17:27:47.346 P 7059 22 -37 -1374 -1374 0 0 182 16702
17:27:47.346 P 7060 20 -31 -1373 -1373 0 0 104 16738
17:27:47.346 P 7062 15 -29 -1375 -1375 0 0 120 16732
17:27:47.346 P 7064 11 -17 -1373 -1373 0 0 70 16742
17:27:47.346 P 7065 10 -13 -1372 -1372 0 0 60 16662
17:27:47.346 P 7067 6 -10 -1374 -1374 0 0 142 16718
17:27:47.346 P 7069 3 -2 -1372 -1372 0 0 96 16666
17:27:47.346 P 7070 2 2 -1371 -1371 0 0 114 16740
17:27:47.346 P 7072 0 8 -1371 -1371 0 0 180 16782
17:27:47.346 P 7074 -1 15 -1369 -1369 0 0 132 16664
17:27:47.346 P 7076 -3 19 -1369 -1369 0 0 126 16774
17:27:47.346 P 7077 -4 22 -1368 -1368 0 0 142 16828
17:27:47.346 P 7079 -5 29 -1365 -1365 0 0 78 16652
17:27:47.346 P 7081 -5 34 -1364 -1364 0 0 146 16682
17:27:47.346 P 7082 -5 36 -1363 -1363 0 0 132 16726
17:27:47.346 P 7084 -6 40 -1361 -1361 0 0 150 16674
17:27:47.346 P 7086 -6 47 -1358 -1358 0 0 160 16698
17:27:47.346 P 7087 -6 49 -1357 -1357 0 0 112 16764
17:27:47.346 P 7089 -5 55 -1353 -1353 0 0 142 16676
17:27:47.346 P 7091 -4 60 -1350 -1350 0 0 94 16642
17:27:47.346 P 7092 -4 61 -1349 -1349 0 0 106 16676
17:27:47.346 P 7094 -2 67 -1345 -1345 0 0 138 16698
17:27:47.346 P 7095 -1 70 -1343 -1343 0 0 36 16636
17:27:47.346 P 7097 0 74 -1339 -1339 0 0 92 16608
17:27:47.346 P 7099 2 79 -1335 -1335 0 0 28 16696
17:27:47.346 P 7100 3 81 -1332 -1332 0 0 62 16672
17:27:47.346 P 7102 5 88 -1327 -1327 0 0 46 16812
17:27:47.346 P 7104 8 90 -1323 -1323 0 0 66 16662
17:27:47.346 P 7105 10 93 -1320 -1320 0 0 36 16790
17:27:47.346 P 7107 13 97 -1315 -1315 0 0 54 16664
17:27:47.346 P 7108 15 100 -1312 -1312 0 0 42 16672
17:27:47.346 P 7110 19 107 -1305 -1305 0 0 24 16704
17:27:47.346 P 7112 23 110 0 0 0 0 -14 16686
17:27:47.346 P 7113 25 113 1304 1304 0 0 24 16666
17:27:47.346 P 7115 29 119 1311 1311 0 0 18 16622
17:27:47.346 P 7117 34 124 1327 1327 0 0 42 16742
17:27:47.346 P 7118 36 129 1331 1331 0 0 48 16698
17:27:47.346 P 7120 42 137 1356 1356 1 0 22 16786
17:27:47.346 P 7122 48 142 1376 1376 0 1 -36 16662
17:27:47.346 P 7124 54 149 1383 1383 0 0 -90 16604
17:27:47.346 P 7125 58 151 1393 1393 1 0 -158 16558
17:27:47.346 P 7127 65 155 1400 1400 0 0 -778 16622
17:27:47.346 P 7129 69 77 1356 1356 0 0 674 16818
17:27:47.346 P 7130 70 120 1374 1374 0 0 636 16758
17:27:47.346 P 7132 77 173 1400 1400 0 0 -144 16726
17:27:47.346 P 7134 85 162 1398 1398 0 0 -26 16674
17:27:47.346 P 7136 93 196 1420 1420 0 0 -330 16652
17:27:47.346 P 7137 98 186 1418 1418 0 0 -256 16776
17:27:47.346 P 7139 106 192 1427 1427 0 0 -126 16738
17:27:47.346 P 7141 116 206 1442 1442 0 0 -182 16696
17:27:47.346 P 7143 126 212 1453 1453 0 0 -216 16766
17:27:47.346 P 7144 131 218 1461 1461 0 0 -210 16738
17:27:47.346 P 7146 142 231 1477 1477 0 0 -210 16718
17:27:47.346 P 7148 153 238 1491 1491 0 0 -184 16694
17:27:47.346 P 7150 165 255 1511 1511 0 0 -230 16700
17:27:47.346 P 7152 178 268 1529 1529 0 0 -248 16708
17:27:47.346 P 7154 192 286 1551 1551 0 0 -264 16670
17:27:47.346 P 7155 200 294 1562 1562 0 0 -238 16718
17:27:47.346 P 7157 215 311 1585 1585 0 0 -310 16630
17:27:47.346 P 7159 232 313 1612 1612 0 1 -1002 16622
17:27:47.346 P 7161 247 293 1623 1623 0 0 -616 16696
17:27:47.346 P 7163 260 220 1623 1623 1 1 -912 16568
17:27:47.346 P 7165 269 179 1628 1628 0 1 -932 16750
17:27:47.346 P 7167 274 101 1626 1626 1 2 -982 16668
17:27:47.346 P 7169 274 13 1604 1604 0 2 -602 16680
17:27:47.346 P 7171 272 21 1613 1613 1 1 -1056 16632
17:27:47.346 P 7173 268 -20 1621 1621 1 1 54 16798
17:27:47.346 P 7175 266 -13 1647 1647 2 2 -1178 16656
17:27:47.346 P 7177 258 -110 1621 1621 3 2 -436 16808
17:27:47.346 P 7179 249 -115 1618 1618 1 2 -726 16654
17:27:49.142 P 7181 237 -169 1607 1607 1 3 -582 16632
17:27:49.142 P 7183 225 -173 1614 1614 2 3 -1464 16532
17:27:49.142 P 7186 200 -205 1593 1593 2 3 -936 16522
17:27:49.142 P 7188 183 -267 1568 1568 3 3 -178 16770
17:27:49.142 P 7190 166 -234 1573 1573 3 2 -662 16756
17:27:49.142 P 7191 157 -247 1565 1565 2 3 -316 16466
17:27:49.142 P 7194 129 -261 1543 1543 2 3 68 16662
17:27:49.142 P 7196 111 -271 1523 1523 2 3 72 16648
17:27:49.142 P 7198 95 -210 1535 1535 1 2 -908 16666
17:27:49.142 P 7200 77 -244 1502 1502 1 3 270 16696
17:27:49.142 P 7202 62 -223 1501 1501 1 3 -378 16846
17:27:49.142 P 7204 45 -225 1484 1484 1 2 -116 16690
17:27:49.142 P 7206 31 -208 1470 1470 1 1 -172 16732
17:27:49.142 P 7208 16 -182 1483 1483 1 3 -14 16808
17:27:49.142 P 7210 3 -220 1448 1448 2 3 110 16620
17:27:49.142 P 7212 -10 -166 1457 1457 2 2 -546 16596
17:27:49.142 P 7214 -24 -213 1431 1431 3 3 864 16794
17:27:49.142 P 7216 -35 -129 1450 1450 2 3 -936 16698
17:27:49.142 P 7218 -47 -164 1404 1404 2 2 706 16878
17:27:49.142 P 7220 -56 -109 1417 1417 1 2 -616 16484
17:27:49.142 P 7222 -67 -132 1394 1394 1 2 558 16740
17:27:49.142 P 7224 -74 -99 1394 1394 2 2 -536 16726
17:27:49.142 P 7226 -83 -83 1387 1387 2 1 -8 16568
17:27:49.142 P 7227 -86 -87 1380 1380 1 2 -96 16698
17:27:49.142 P 7229 -93 -88 1368 1368 1 2 -304 16608
17:27:49.142 P 7231 -101 -71 1358 1358 1 1 26 16738
17:27:49.142 P 7233 -107 -107 1337 1337 2 1 176 16798
17:27:49.142 P 7235 -113 -48 1343 1343 0 2 -146 16646
17:27:49.142 P 7237 -118 -62 1331 1331 2 1 30 16608
17:27:49.142 P 7239 -125 -77 1305 1305 0 1 316 16798
17:27:49.142 P 7241 -129 -45 1309 1309 1 1 -66 16748
17:27:49.142 P 7243 -134 -51 -1304 -1304 1 0 26 16708
17:27:49.142 P 7245 -139 -57 -1322 -1322 1 1 148 16758
17:27:49.142 P 7247 -144 -12 -1312 -1312 1 1 486 16760
17:27:49.142 P 7249 -145 10 -1327 -1327 0 0 252 16718
17:27:49.142 P 7250 -145 30 -1332 -1332 0 0 452 16714
17:27:49.142 P 7252 -142 79 -1318 -1318 0 1 96 16742
17:27:49.142 P 7254 -138 133 -1305 -1305 0 0 192 16872
17:27:49.142 P 7256 -130 131 -1312 -1312 0 0 -276 16640
17:27:49.142 P 7257 -128 99 -1330 -1330 0 0 -64 16740
17:27:49.142 P 7259 -124 88 -1349 -1349 -1 0 -108 16620
17:27:49.142 P 7261 -121 58 -1373 -1373 -1 0 -48 16708
17:27:49.142 P 7262 -120 45 -1378 -1378 0 0 -6 16740
17:27:49.142 P 7264 -120 28 -1385 -1385 0 0 -100 16604
17:27:49.142 P 7266 -121 6 -1395 -1395 0 0 -28 16678
17:27:49.142 P 7267 -122 -6 -1402 -1402 0 0 -80 16634
17:27:49.142 P 7269 -124 -26 -1414 -1414 0 0 -16 16704
17:27:49.142 P 7271 -128 -47 -1428 -1428 0 0 -80 16650
17:27:49.142 P 7273 -133 -68 -1442 -1442 0 0 -140 16700
17:27:49.142 P 7274 -136 -77 -1449 -1449 0 0 -34 16710
17:27:49.142 P 7276 -144 -102 -1477 -1477 0 0 -6 16740
17:27:49.142 P 7278 -152 -124 -1493 -1493 0 0 2 16658
17:27:49.142 P 7279 -157 -135 -1502 -1502 0 0 28 16760
17:27:49.142 P 7281 -168 -157 -1521 -1521 0 0 76 16692
17:27:49.142 P 7283 -180 -181 -1553 -1553 0 -1 10 16732
17:27:49.142 P 7285 -193 -204 -1583 -1583 0 -1 34 16660
17:27:49.142 P 7286 -200 -218 -1603 -1603 0 -1 164 16660
17:27:49.142 P 7288 -219 -200 -1623 -1623 -1 0 3678 16972
17:27:49.142 P 7290 -224 -89 -1592 -1592 0 -1 -348 16646
17:27:49.142 P 7292 -234 -122 -1629 -1629 0 -1 820 16712
17:27:49.142 P 7293 -238 -75 -1639 -1639 -2 -2 766 16730
17:27:49.142 P 7295 -240 39 -1588 -1588 -1 -1 812 16796
17:27:49.142 P 7297 -237 95 -1587 -1587 -2 -1 554 16646
17:27:49.142 P 7299 -233 97 -1603 -1603 -1 -2 1008 16816
17:27:49.142 P 7300 -230 132 -1592 -1592 -2 -1 754 16694
17:27:49.142 P 7302 -223 133 -1597 -1597 -1 -2 530 16790
17:27:49.142 P 7304 -216 163 -1584 -1584 -1 -1 478 16588
17:27:49.142 P 7306 -208 154 -1597 -1597 -2 -1 824 16632
17:27:49.142 P 7307 -204 167 -1609 -1609 -2 -3 688 16760
17:27:49.142 P 7309 -195 189 -1598 -1598 -1 -3 766 16742
17:27:49.142 P 7311 -185 211 -1593 -1593 -2 -3 460 16594
17:27:49.142 P 7313 -174 232 -1575 -1575 -2 -3 548 16518
17:27:49.142 P 7314 -166 248 -1567 -1567 -2 -2 -330 16612
17:27:49.142 P 7316 -155 229 -1574 -1574 -2 -2 898 16854
17:27:49.142 P 7318 -141 253 -1564 -1564 -2 -2 138 16616
17:27:49.142 P 7320 -129 249 -1557 -1557 -2 -2 254 16528
17:27:49.142 P 7322 -115 251 -1557 -1557 -2 -3 -36 16556
17:27:49.142 P 7323 -109 227 -1563 -1563 -2 -2 338 16780
17:27:49.142 P 7325 -97 221 -1556 -1556 -3 -2 182 16764
17:27:49.142 P 7327 -87 218 -1557 -1557 -2 -2 556 16950
17:27:49.142 P 7329 -74 254 -1537 -1537 -3 -3 44 16652
17:27:49.142 P 7330 -67 237 -1528 -1528 -1 -2 -248 16600
17:27:49.142 P 7332 -58 230 -1520 -1520 -1 -2 560 16746
17:27:49.142 P 7334 -45 214 -1525 -1525 -1 -2 -74 16668
17:27:49.142 P 7336 -35 241 -1500 -1500 -1 -2 -64 16594
17:27:49.142 P 7337 -29 231 -1499 -1499 -2 -2 -216 16704
17:27:49.142 P 7339 -19 227 -1491 -1491 -2 -1 392 16698
17:27:49.142 P 7341 -7 189 -1509 -1509 -2 -2 276 16604
17:27:49.142 P 7343 1 214 -1467 -1467 -1 -1 -42 16734
17:27:49.142 P 7344 7 209 -1488 -1488 -3 -3 -656 16436
17:27:49.142 P 7346 15 177 -1489 -1489 -2 -3 422 16686
17:27:49.142 P 7348 23 166 -1490 -1490 -2 -3 28 16776
17:27:49.142 P 7349 26 166 -1468 -1468 -1 -1 356 16848
17:27:49.142 P 7351 35 176 -1463 -1463 -2 -2 -554 16456
17:27:49.142 P 7353 41 155 -1465 -1465 -2 -2 370 16688
17:27:49.142 P 7355 48 139 -1465 -1465 -2 -2 -122 16866
17:27:49.142 P 7356 51 137 -1448 -1448 -1 -1 -52 16778
17:27:49.142 P 7358 57 149 -1440 -1440 -2 -1 -140 16520
17:27:49.142 P 7360 61 96 -1466 -1466 -2 -2 766 16858
17:27:49.142 P 7362 67 154 -1418 -1418 -1 -2 -306 16628
17:27:49.142 P 7364 71 116 -1429 -1429 -1 -1 120 16654
17:27:49.142 P 7366 76 133 -1417 -1417 -2 -2 28 16740
17:27:49.142 P 7367 78 121 -1411 -1411 -1 -1 94 16814
17:27:49.142 P 7369 82 111 -1407 -1407 -2 -1 -206 16704
17:27:49.142 P 7371 86 112 -1390 -1390 -1 -1 140 16570
17:27:49.142 P 7373 89 101 -1400 -1400 -1 -1 -102 16670
17:27:49.142 P 7375 92 82 -1388 -1388 -1 -1 -124 16822
17:27:49.142 P 7377 94 89 -1385 -1385 -1 -1 86 16704
17:27:49.142 P 7379 96 74 -1377 -1377 -1 -1 -180 16674
17:27:49.142 P 7381 97 91 -1375 -1375 -1 -1 232 16796
17:27:49.142 P 7382 99 90 -1362 -1362 -1 0 -520 16552
17:27:49.142 P 7384 101 73 -1370 -1370 -2 -1 -26 16606
17:27:49.142 P 7386 103 78 -1348 -1348 -1 0 -146 16704
17:27:49.142 P 7388 102 21 -1362 -1362 0 0 90 16632
17:27:49.142 P 7390 102 62 -1353 -1353 -1 -1 -486 16650
17:27:49.142 P 7392 102 20 -1363 -1363 0 -1 130 16822
17:27:49.142 P 7394 101 29 -1342 -1342 0 0 -246 16688
17:27:49.142 P 7395 100 21 -1345 -1345 0 -1 -216 16606
17:27:49.142 P 7397 97 -2 -1356 -1356 0 0 -228 16710
17:27:49.142 P 7399 93 -27 -1352 -1352 0 0 -130 16586
17:27:49.142 P 7401 88 -51 -1364 -1364 0 0 -116 16684
17:27:49.142 P 7402 84 -68 -1369 -1369 0 0 54 16692
17:27:49.142 P 7404 77 -66 -1365 -1365 0 0 42 16664
17:27:49.142 P 7406 69 -77 -1370 -1370 0 0 134 16780
17:27:49.142 P 7408 62 -64 -1366 -1366 0 0 36 16700
17:27:49.142 P 7409 59 -54 -1362 -1362 0 0 88 16762
17:27:49.142 P 7411 53 -41 -1360 -1360 0 0 120 16664
17:27:49.142 P 7413 48 -32 -1357 -1357 0 0 82 16794
17:27:49.142 P 7415 44 -20 -1355 -1355 0 0 66 16782
17:27:49.142 P 7417 40 -14 -1354 -1354 0 0 128 16774
17:27:49.142 P 7418 38 -8 -1353 -1353 0 0 88 16734
17:27:49.142 P 7420 35 2 -1350 -1350 0 0 98 16754
17:27:49.142 P 7422 33 11 -1348 -1348 0 0 110 16654
17:27:49.142 P 7424 31 20 -1344 -1344 0 0 114 16664
17:27:49.142 P 7425 31 24 -1343 -1343 0 0 104 16674
17:27:49.142 P 7427 30 31 -1341 -1341 0 0 26 16734
17:27:49.142 P 7429 29 39 -1337 -1337 0 0 64 16708
17:27:49.142 P 7431 29 46 -1334 -1334 0 0 52 16774
17:27:49.142 P 7432 29 51 -1332 -1332 0 0 56 16690
17:27:49.142 P 7434 30 58 -1327 -1327 0 0 44 16728
17:27:49.142 P 7436 31 66 -1323 -1323 0 0 50 16780
17:27:49.142 P 7437 32 69 -1320 -1320 0 0 70 16722
17:27:49.142 P 7439 34 77 -1315 -1315 0 0 8 16648
17:27:49.142 P 7441 36 83 -1310 -1310 0 0 28 16748
17:27:49.142 P 7443 39 90 -1304 -1304 0 0 38 16630
17:27:49.142 P 7444 40 95 0 0 0 0 -50 16600
17:27:49.142 P 7446 43 103 1307 1307 0 0 12 16752
17:27:49.142 P 7448 47 111 1315 1315 0 0 -18 16738
17:27:49.142 P 7449 49 115 1319 1319 0 0 4 16732
17:27:49.142 P 7451 54 122 1346 1346 1 1 -14 16770
17:27:49.142 P 7453 59 130 1350 1350 0 0 -2 16596
17:27:49.142 P 7454 62 134 1352 1352 0 0 -12 16680
17:27:49.142 P 7456 67 143 1378 1378 1 1 -78 16722
17:27:49.142 P 7458 74 150 1398 1398 0 1 -62 16764
17:27:49.142 P 7460 80 160 1418 1418 1 1 -104 16714
17:27:49.142 P 7462 89 165 1415 1415 0 0 -1084 16566
17:27:49.142 P 7463 93 121 1393 1393 0 0 -1654 16560
17:27:49.142 P 7465 94 105 1395 1395 0 0 308 16660
17:27:49.142 P 7467 98 98 1395 1395 0 1 -680 16724
17:27:49.142 P 7469 100 121 1399 1399 0 0 268 16636
17:27:49.142 P 7470 104 163 1428 1428 0 1 -234 16644
17:27:49.142 P 7472 111 167 1428 1428 0 0 102 16798
17:27:49.142 P 7474 120 195 1444 1444 0 0 -228 16694
17:27:49.142 P 7476 129 201 1461 1461 0 1 -118 16680
17:27:49.142 P 7478 139 215 1472 1472 0 0 -254 16698
17:27:49.142 P 7479 144 217 1476 1476 0 0 -342 16640
17:27:49.142 P 7481 155 213 1480 1480 0 0 -456 16664
17:27:49.142 P 7483 165 212 1496 1496 0 1 -466 16772
17:27:49.142 P 7485 176 209 1501 1501 0 0 -560 16820
17:27:49.142 P 7486 180 201 1510 1510 0 1 -574 16670
17:27:49.142 P 7488 190 187 1515 1515 0 0 -548 16644
17:27:49.142 P 7490 198 185 1524 1524 0 0 -182 16734
17:27:49.142 P 7492 207 211 1555 1555 0 0 -172 16704
17:27:49.142 P 7494 218 229 1593 1593 1 1 -610 16716
17:27:49.142 P 7495 223 223 1587 1587 0 0 -538 16766
17:27:49.142 P 7497 234 201 1593 1593 0 1 -816 16554
17:27:49.142 P 7499 241 166 1597 1597 0 2 -462 16666
17:27:49.142 P 7501 248 139 1601 1601 1 1 -930 16614
17:27:49.142 P 7503 251 85 1603 1603 1 2 -398 16696
17:27:49.142 P 7505 253 41 1592 1592 0 2 -1266 16728
17:27:49.142 P 7507 249 -13 1580 1580 2 1 -212 16752
17:27:49.142 P 7509 247 6 1607 1607 1 2 -524 16688
17:27:49.142 P 7511 243 -24 1604 1604 2 1 -568 16776
17:27:49.142 P 7513 238 -46 1601 1601 1 2 -1206 16660
17:27:49.142 P 7515 231 -82 1592 1592 1 2 -454 16682
17:27:49.142 P 7517 223 -88 1595 1595 1 2 -1094 16712
17:27:49.142 P 7519 213 -155 1572 1572 2 2 -298 16760
17:27:49.142 P 7521 202 -123 1583 1583 2 2 -486 16672
17:27:49.142 P 7523 190 -179 1567 1567 2 2 -174 16768
17:27:49.142 P 7525 179 -144 1572 1572 2 2 -976 16604
17:27:49.142 P 7527 163 -211 1522 1522 1 1 254 16722
17:27:49.142 P 7529 152 -170 1548 1548 1 2 -1352 16582
17:27:49.142 P 7531 135 -201 1532 1532 2 3 560 16706
17:27:49.142 P 7533 123 -191 1528 1528 1 3 -820 16664
17:27:49.142 P 7535 109 -154 1535 1535 1 3 -284 16618
17:27:49.142 P 7537 96 -178 1513 1513 2 2 42 16794
17:27:50.923 P 7539 86 -140 1523 1523 2 2 -946 16820
17:27:50.923 P 7541 73 -163 1504 1504 2 2 -160 16774
17:27:50.923 P 7543 62 -174 1490 1490 3 1 154 16778
17:27:50.923 P 7545 50 -141 1477 1477 1 1 -708 16846
17:27:50.923 P 7547 39 -145 1469 1469 1 1 222 16602
17:27:50.923 P 7549 30 -134 1461 1461 1 1 -382 16530
17:27:50.923 P 7552 15 -128 1455 1455 2 2 -530 16694
17:27:50.923 P 7554 4 -123 1446 1446 1 2 318 16620
17:27:50.923 P 7556 -3 -115 1435 1435 2 2 -280 16602
17:27:50.923 P 7557 -8 -143 1413 1413 1 2 144 16744
17:27:50.923 P 7560 -19 -50 1443 1443 1 2 -634 16590
17:27:50.923 P 7561 -23 -93 1407 1407 1 1 -176 16542
17:27:50.923 P 7563 -31 -71 1409 1409 1 1 162 16764
17:27:50.923 P 7565 -34 -20 1432 1432 2 1 -548 16654
17:27:50.923 P 7567 -42 -81 1387 1387 1 1 898 16724
17:27:50.923 P 7569 -44 -12 1405 1405 1 1 -698 16750
17:27:50.923 P 7571 -49 -26 1393 1393 1 1 224 16760
17:27:50.923 P 7573 -52 -26 1391 1391 1 2 118 16774
17:27:50.923 P 7575 -55 -13 1386 1386 1 1 -302 16586
17:27:50.923 P 7577 -58 -23 1374 1374 2 1 92 16704
17:27:50.923 P 7579 -59 39 1388 1388 0 1 -354 16654
17:27:50.923 P 7581 -61 -1 1358 1358 0 1 286 16764
17:27:50.923 P 7583 -61 23 1371 1371 0 1 -384 16750
17:27:50.923 P 7585 -63 17 1360 1360 0 1 202 16760
17:27:50.923 P 7587 -62 45 1360 1360 0 0 -48 16740
17:27:50.923 P 7589 -61 61 1360 1360 1 0 182 16686
17:27:50.923 P 7591 -58 73 1372 1372 0 1 -334 16698
17:27:50.923 P 7592 -57 66 1355 1355 0 0 -172 16748
17:27:50.923 P 7594 -54 57 1349 1349 0 0 -336 16636
17:27:50.923 P 7596 -55 27 1333 1333 1 0 110 16680
17:27:50.923 P 7598 -54 47 1334 1334 0 1 104 16658
17:27:50.923 P 7600 -52 80 1336 1336 0 0 30 16766
17:27:50.923 P 7602 -49 106 1348 1348 0 0 142 16766
17:27:50.923 P 7603 -46 126 1356 1356 0 0 -86 16620
17:27:50.923 P 7605 -39 126 1353 1353 0 0 -266 16642
17:27:50.923 P 7607 -34 104 1341 1341 0 0 -210 16648
17:27:50.923 P 7609 -30 84 1330 1330 0 0 -220 16624
17:27:50.923 P 7611 -27 75 1326 1326 0 0 -276 16760
17:27:50.923 P 7612 -26 64 1320 1320 0 0 -242 16630
17:27:50.923 P 7614 -25 50 1314 1314 0 0 -232 16646
17:27:50.923 P 7616 -24 36 1307 1307 0 0 -242 16616
17:27:50.923 P 7617 -24 26 1301 1301 0 0 -184 16710
17:27:50.923 P 7619 -25 13 -1306 -1306 0 0 -224 16590
17:27:50.923 P 7621 -27 1 -1324 -1324 -1 0 -198 16712
17:27:50.923 P 7623 -29 -16 -1340 -1340 0 0 -224 16734
17:27:50.923 P 7625 -32 -30 -1345 -1345 0 0 -214 16648
17:27:50.923 P 7626 -34 -38 -1359 -1359 0 -1 -130 16718
17:27:50.923 P 7628 -39 -53 -1376 -1376 -1 0 -92 16708
17:27:50.923 P 7630 -45 -66 -1391 -1391 0 -1 -66 16756
17:27:50.923 P 7632 -51 -80 -1397 -1397 0 0 -84 16670
17:27:50.923 P 7634 -58 -40 -1387 -1387 0 0 -300 16596
17:27:50.923 P 7635 -60 -56 -1393 -1393 0 0 -716 16590
17:27:50.923 P 7637 -68 -117 -1424 -1424 0 0 -72 16700
17:27:50.923 P 7639 -77 -116 -1429 -1429 0 0 -48 16614
17:27:50.923 P 7640 -81 -134 -1441 -1441 0 0 -200 16572
17:27:50.923 P 7642 -92 -147 -1456 -1456 0 0 70 16646
17:27:50.923 P 7644 -103 -161 -1473 -1473 0 0 26 16656
17:27:50.923 P 7645 -110 -175 -1484 -1484 0 0 74 16686
17:27:50.923 P 7647 -122 -184 -1500 -1500 0 0 -44 16610
17:27:50.923 P 7649 -136 -204 -1523 -1523 0 0 140 16746
17:27:50.923 P 7650 -143 -212 -1532 -1532 0 0 58 16788
17:27:50.923 P 7652 -159 -223 -1552 -1552 0 0 170 16572
17:27:50.923 P 7653 -166 -230 -1563 -1563 0 0 208 16770
17:27:50.923 P 7655 -183 -240 -1600 -1600 0 0 298 16702
17:27:50.923 P 7657 -200 -245 -1633 -1633 -2 0 506 16690
17:27:50.923 P 7659 -216 -216 -1644 -1644 -1 0 922 16760
17:27:50.923 P 7660 -223 -159 -1636 -1636 -1 -1 968 16876
17:27:50.923 P 7662 -229 -9 -1602 -1602 -2 -1 1002 16784
17:27:50.923 P 7664 -229 63 -1581 -1581 -1 -2 758 16784
17:27:50.923 P 7665 -227 82 -1585 -1585 -2 -1 598 16620
17:27:50.923 P 7667 -224 78 -1599 -1599 -1 -2 580 16686
17:27:50.923 P 7669 -221 120 -1593 -1593 -1 -1 718 16684
17:27:50.923 P 7671 -215 121 -1601 -1601 -2 -1 562 16756
17:27:50.923 P 7672 -212 117 -1606 -1606 -1 -2 426 16654
17:27:50.923 P 7674 -207 139 -1609 -1609 -2 -1 590 16744
17:27:50.923 P 7676 -199 163 -1603 -1603 -2 -1 884 16826
17:27:50.923 P 7677 -195 193 -1595 -1595 -2 -2 432 16730
17:27:50.923 P 7679 -184 235 -1582 -1582 -1 -3 378 16414
17:27:50.923 P 7681 -172 232 -1584 -1584 -1 -3 992 16758
17:27:50.923 P 7682 -166 246 -1577 -1577 -3 -1 902 16806
17:27:50.923 P 7684 -151 249 -1570 -1570 -2 -2 -150 16612
17:27:50.923 P 7686 -139 257 -1561 -1561 -2 -2 294 16672
17:27:50.923 P 7688 -125 248 -1558 -1558 -1 -3 434 16604
17:27:50.923 P 7690 -111 262 -1554 -1554 -2 -3 -158 16662
17:27:50.923 P 7691 -105 247 -1555 -1555 -2 -2 70 16634
17:27:50.923 P 7693 -92 235 -1550 -1550 -2 -2 78 16710
17:27:50.923 P 7695 -80 233 -1550 -1550 -2 -2 246 16722
17:27:50.923 P 7697 -68 224 -1542 -1542 -2 -2 508 16614
17:27:50.923 P 7699 -57 225 -1540 -1540 -2 -3 126 16722
17:27:50.923 P 7701 -46 205 -1539 -1539 -2 -2 824 16722
17:27:50.923 P 7703 -33 246 -1516 -1516 -2 -3 -438 16790
17:27:50.923 P 7704 -28 210 -1527 -1527 -2 -2 -88 16640
17:27:50.923 P 7706 -17 236 -1502 -1502 -2 -2 -256 16476
17:27:50.923 P 7708 -8 186 -1526 -1526 -2 -3 600 16788
17:27:50.923 P 7710 2 216 -1490 -1490 -1 -3 -884 16570
17:27:50.923 P 7712 10 184 -1500 -1500 -1 -3 458 16788
17:27:50.923 P 7714 20 185 -1493 -1493 -2 -3 -516 16830
17:27:50.923 P 7716 27 166 -1489 -1489 -2 -2 346 16586
17:27:50.923 P 7718 35 166 -1474 -1474 -1 -2 20 16778
17:27:50.923 P 7720 42 170 -1471 -1471 -1 -2 140 16772
17:27:50.923 P 7722 50 137 -1475 -1475 -2 -1 8 16590
17:27:50.923 P 7724 56 166 -1455 -1455 -2 -2 -380 16528
17:27:50.923 P 7725 60 154 -1452 -1452 -1 -2 -518 16742
17:27:50.923 P 7727 64 128 -1462 -1462 -2 -2 600 16890
17:27:50.923 P 7729 71 135 -1444 -1444 -2 -1 -530 16616
17:27:50.923 P 7731 75 149 -1419 -1419 -1 -1 638 16536
17:27:50.923 P 7733 82 139 -1424 -1424 -2 -1 -346 16608
17:27:50.923 P 7735 86 115 -1433 -1433 -2 -2 134 16696
17:27:50.923 P 7737 90 112 -1409 -1409 -1 0 86 16676
17:27:50.923 P 7739 94 108 -1410 -1410 -1 -1 -232 16786
17:27:50.923 P 7741 97 98 -1399 -1399 -1 -1 86 16690
17:27:50.923 P 7743 100 101 -1394 -1394 -1 -1 -4 16668
17:27:50.923 P 7744 101 101 -1387 -1387 -2 0 -320 16702
17:27:50.923 P 7746 104 95 -1390 -1390 -1 -1 286 16750
17:27:50.923 P 7748 107 77 -1379 -1379 -1 0 -146 16610
17:27:50.923 P 7750 107 70 -1388 -1388 -1 -1 556 16668
17:27:50.923 P 7752 111 100 -1357 -1357 -1 0 -690 16824
17:27:50.923 P 7754 111 51 -1371 -1371 0 -1 210 16650
17:27:50.923 P 7756 112 70 -1355 -1355 0 -1 -164 16572
17:27:50.923 P 7758 113 56 -1359 -1359 -1 -1 -130 16638
17:27:50.923 P 7760 113 49 -1349 -1349 0 0 -328 16656
17:27:50.923 P 7762 113 52 -1338 -1338 0 0 -142 16784
17:27:50.923 P 7763 114 58 -1342 -1342 -1 -1 -368 16690
17:27:50.923 P 7765 113 16 -1346 -1346 0 0 -80 16726
17:27:50.923 P 7767 110 -11 -1352 -1352 -1 0 -364 16618
17:27:50.923 P 7769 105 -31 -1349 -1349 0 0 -58 16750
17:27:50.923 P 7771 101 -35 -1343 -1343 0 0 -294 16678
17:27:50.923 P 7772 98 -41 -1355 -1355 -1 0 -18 16652
17:27:50.923 P 7774 93 -45 -1352 -1352 0 0 -28 16732
17:27:50.923 P 7776 87 -33 -1344 -1344 0 0 14 16756
17:27:50.923 P 7778 82 -34 -1354 -1354 -1 0 18 16790
17:27:50.923 P 7779 80 -26 -1349 -1349 0 0 -10 16654
17:27:50.923 P 7781 76 -24 -1347 -1347 0 0 8 16676
17:27:50.923 P 7783 72 -20 -1354 -1354 0 0 -28 16672
17:27:50.923 P 7784 70 -20 -1353 -1353 0 0 -80 16716
17:27:50.923 P 7786 65 -23 -1354 -1354 0 0 -68 16716
17:27:50.923 P 7788 62 -13 -1350 -1350 0 0 -42 16690
17:27:50.923 P 7790 59 -5 -1347 -1347 0 0 -28 16786
17:27:50.923 P 7791 57 -3 -1347 -1347 0 0 20 16656
17:27:50.923 P 7793 55 5 -1344 -1344 0 0 -64 16748
17:27:50.923 P 7795 52 11 -1342 -1342 0 0 -60 16814
17:27:50.923 P 7796 51 15 -1340 -1340 0 0 -6 16606
17:27:50.923 P 7798 50 22 -1338 -1338 0 0 -34 16734
17:27:50.923 P 7800 49 26 -1337 -1337 0 0 -20 16798
17:27:50.923 P 7801 48 30 -1335 -1335 0 0 -82 16432
17:27:50.923 P 7803 48 36 -1333 -1333 0 0 -68 16728
17:27:50.923 P 7805 48 43 -1329 -1329 0 0 -104 16692
17:27:50.923 P 7806 48 46 -1328 -1328 0 0 -54 16622
17:27:50.923 P 7808 48 51 -1325 -1325 0 0 -34 16678
17:27:50.923 P 7809 49 53 -1324 -1324 0 0 -16 16728
17:27:50.923 P 7811 49 60 -1320 -1320 0 0 -12 16722
17:27:50.923 P 7813 51 65 -1316 -1316 0 0 -20 16766
17:27:50.923 P 7814 51 67 -1314 -1314 0 0 -78 16694
17:27:50.923 P 7816 53 72 -1310 -1310 0 0 -78 16756
17:27:50.923 P 7818 55 79 -1305 -1305 0 0 -46 16706
17:27:50.923 P 7819 56 82 -1302 -1302 0 0 -80 16714
17:27:50.923 P 7821 59 87 1302 1302 0 0 -62 16752
17:27:50.923 P 7823 62 93 0 0 0 0 -36 16718
17:27:50.923 P 7824 64 96 1304 1304 0 0 -118 16746
17:27:50.923 P 7826 67 103 1323 1323 0 1 -158 16668
17:27:50.923 P 7828 71 108 1328 1328 0 0 -80 16716
17:27:50.923 P 7830 75 116 1335 1335 0 0 -114 16692
17:27:50.923 P 7831 77 117 1336 1336 0 0 -150 16664
17:27:50.923 P 7833 82 125 1345 1345 0 0 -140 16640
17:27:50.923 P 7835 87 133 1353 1353 0 0 -136 16696
17:27:50.923 P 7836 90 135 1356 1356 0 0 -62 16732
17:27:50.923 P 7838 96 143 1366 1366 0 0 -172 16672
17:27:50.923 P 7840 102 149 1374 1374 0 0 -164 16634
17:27:50.923 P 7841 105 154 1380 1380 0 0 -88 16612
17:27:50.923 P 7843 112 164 1399 1399 0 0 -90 16724
17:27:50.923 P 7845 120 172 1408 1408 0 0 -178 16714
17:27:50.923 P 7846 124 175 1423 1423 0 1 -188 16662
17:27:50.923 P 7848 132 186 1451 1451 1 1 -162 16700
17:27:50.923 P 7850 142 160 1450 1450 0 1 -1934 16634
17:27:50.923 P 7852 145 128 1428 1428 0 0 536 16830
17:27:50.923 P 7854 153 150 1448 1448 0 0 -622 16616
17:27:50.923 P 7855 155 130 1437 1437 0 0 26 16716
17:27:50.923 P 7857 161 171 1475 1475 0 1 -360 16736
17:27:50.923 P 7859 169 182 1489 1489 1 0 -150 16720
17:27:50.923 P 7861 178 199 1505 1505 0 0 -416 16736
17:27:50.923 P 7863 188 197 1514 1514 0 1 -460 16678
17:27:50.923 P 7864 192 197 1513 1513 0 0 -424 16702
17:27:50.923 P 7866 202 187 1539 1539 1 1 -730 16690
17:27:50.923 P 7868 210 177 1536 1536 0 0 -268 16670
17:27:50.923 P 7870 218 199 1561 1561 1 0 -186 16730
17:27:50.923 P 7872 228 219 1605 1605 2 1 -460 16680
17:27:50.923 P 7874 239 204 1616 1616 1 1 -1058 16480
17:27:50.923 P 7876 243 66 1567 1567 1 1 -860 16748
17:27:50.923 P 7878 241 16 1551 1551 1 1 -324 16688
17:27:50.923 P 7880 241 56 1578 1578 1 1 -192 16682
17:27:50.923 P 7882 240 9 1579 1579 1 2 -894 16626
17:27:50.923 P 7884 236 -14 1582 1582 2 2 -234 16796
17:27:50.923 P 7886 233 -1 1589 1589 1 1 -544 16588
17:27:50.923 P 7888 229 -19 1599 1599 2 2 -282 16780
17:27:50.923 P 7890 225 -46 1588 1588 2 1 -1114 16596
17:27:50.923 P 7892 218 -55 1582 1582 1 2 -512 16632
17:27:50.923 P 7894 212 -82 1576 1576 1 2 -632 16658
17:27:52.739 P 7896 204 -104 1579 1579 2 3 -694 16704
17:27:52.739 P 7898 195 -99 1577 1577 2 2 -122 16676
17:27:52.739 P 7900 185 -147 1558 1558 2 2 -618 16776
17:27:52.739 P 7902 174 -117 1564 1564 2 2 -560 16596
17:27:52.739 P 7904 163 -163 1531 1531 1 2 -320 16686
17:27:52.739 P 7906 152 -145 1548 1548 2 2 -1202 16720
17:27:52.739 P 7908 138 -173 1517 1517 1 2 502 16762
17:27:52.739 P 7910 128 -139 1532 1532 2 2 -1270 16480
17:27:52.739 P 7912 114 -147 1521 1521 3 1 528 16914
17:27:52.739 P 7914 105 -139 1521 1521 2 2 -418 16780
17:27:52.739 P 7917 91 -135 1507 1507 1 2 -784 16878
17:27:52.739 P 7919 80 -111 1505 1505 2 2 -208 16648
17:27:52.739 P 7921 70 -151 1484 1484 2 1 460 16634
17:27:52.739 P 7923 63 -84 1506 1506 2 2 -1110 16890
17:27:52.739 P 7925 51 -159 1458 1458 2 2 440 16810
17:27:52.739 P 7927 44 -82 1487 1487 1 2 -1162 16604
17:27:52.739 P 7929 33 -126 1448 1448 2 2 184 16544
17:27:52.739 P 7931 26 -105 1455 1455 2 2 -704 16772
17:27:52.739 P 7932 21 -115 1443 1443 2 1 -114 16660
17:27:52.739 P 7934 13 -75 1458 1458 2 2 -428 16646
17:27:52.739 P 7937 2 -61 1430 1430 1 1 -158 16686
17:27:52.739 P 7938 0 -56 1431 1431 2 1 22 16642
17:27:52.739 P 7940 -5 -45 1415 1415 1 1 -638 16610
17:27:52.739 P 7942 -10 -54 1420 1420 1 2 228 16708
17:27:52.739 P 7944 -15 -28 1424 1424 2 1 -148 16694
17:27:52.739 P 7946 -18 -49 1395 1395 0 1 -504 16604
17:27:52.739 P 7948 -24 -16 1417 1417 2 2 302 16754
17:27:52.739 P 7950 -25 -15 1388 1388 1 1 40 16788
17:27:52.739 P 7952 -27 25 1401 1401 0 1 -476 16702
17:27:52.739 P 7954 -29 -4 1383 1383 0 1 514 16754
17:27:52.739 P 7956 -28 61 1414 1414 1 1 -620 16678
17:27:52.739 P 7958 -28 33 1384 1384 0 1 64 16764
17:27:52.739 P 7960 -27 37 1391 1391 0 1 86 16704
17:27:52.739 P 7961 -27 36 1383 1383 1 0 220 16692
17:27:52.739 P 7963 -25 58 1383 1383 0 1 -382 16634
17:27:52.739 P 7965 -25 26 1369 1369 0 1 -16 16810
17:27:52.739 P 7967 -25 38 1378 1378 1 1 -352 16730
17:27:52.739 P 7969 -25 48 1364 1364 0 0 74 16750
17:27:52.739 P 7971 -22 80 1389 1389 1 1 86 16650
17:27:52.739 P 7973 -19 100 1379 1379 0 0 -114 16626
17:27:52.739 P 7974 -17 104 1374 1374 0 0 166 16722
17:27:52.739 P 7976 -11 128 1387 1387 0 1 -292 16696
17:27:52.739 P 7978 -5 133 1383 1383 0 0 -66 16566
17:27:52.739 P 7980 0 137 1382 1382 0 0 -126 16750
17:27:52.739 P 7982 7 140 1384 1384 0 0 -252 16716
17:27:52.739 P 7983 10 138 1384 1384 0 0 -378 16706
17:27:52.739 P 7985 16 126 1380 1380 0 0 -228 16668
17:27:52.739 P 7987 21 115 1377 1377 0 0 -314 16706
17:27:52.739 P 7989 26 103 1374 1374 0 0 -288 16658
17:27:52.739 P 7991 30 90 1371 1371 0 0 -312 16780
17:27:52.739 P 7992 31 84 1369 1369 0 0 -306 16670
17:27:52.739 P 7994 34 75 1367 1367 0 0 -298 16698
17:27:52.739 P 7996 36 67 1364 1364 0 0 -314 16676
17:27:52.739 P 7998 38 56 1360 1360 0 0 -218 16652
17:27:52.739 P 8000 39 46 1356 1356 0 0 -266 16748
17:27:52.739 P 8001 39 41 1354 1354 0 0 -258 16726
17:27:52.739 P 8003 39 33 1350 1350 0 0 -308 16652
17:27:52.739 P 8005 39 24 1345 1345 0 0 -304 16756
17:27:52.739 P 8006 38 19 1342 1342 0 0 -208 16614
17:27:52.739 P 8008 37 12 1337 1337 0 0 -324 16588
17:27:52.739 P 8010 35 3 1331 1331 0 0 -344 16702
17:27:52.739 P 8011 34 0 1329 1329 0 0 -276 16734
17:27:52.739 P 8013 32 -11 1321 1321 0 0 -234 16734
17:27:52.739 P 8015 29 -19 1314 1314 0 0 -188 16720
17:27:52.739 P 8016 27 -23 1311 1311 0 0 -206 16688
17:27:52.739 P 8018 23 -32 1303 1303 0 0 -320 16650
17:27:52.739 P 8020 19 -41 -1305 -1305 0 0 -182 16620
17:27:52.739 P 8021 16 -45 -1309 -1309 0 0 -196 16690
17:27:52.739 P 8023 11 -50 -1316 -1316 0 0 -286 16590
17:27:52.739 P 8025 6 -67 -1340 -1340 0 -1 -176 16714
17:27:52.739 P 8026 2 -71 -1343 -1343 0 0 -178 16684
17:27:52.739 P 8028 -3 -79 -1351 -1351 0 0 -106 16678
17:27:52.739 P 8029 -7 -83 -1355 -1355 0 0 -124 16632
17:27:52.739 P 8031 -14 -95 -1367 -1367 0 0 -94 16796
17:27:52.739 P 8033 -22 -103 -1386 -1386 0 0 -160 16740
17:27:52.739 P 8034 -27 -110 -1391 -1391 0 0 -112 16566
17:27:52.739 P 8036 -36 -122 -1422 -1422 0 -1 -80 16692
17:27:52.739 P 8038 -48 -93 -1412 -1412 0 0 1968 16792
17:27:52.739 P 8039 -48 -17 -1384 -1384 0 -1 -610 16680
17:27:52.739 P 8041 -53 -90 -1416 -1416 0 0 -536 16684
17:27:52.739 P 8043 -62 -93 -1431 -1431 0 -1 442 16724
17:27:52.739 P 8044 -65 -85 -1427 -1427 0 0 -594 16728
17:27:52.739 P 8046 -76 -152 -1474 -1474 0 -1 392 16760
17:27:52.739 P 8048 -85 -138 -1470 -1470 0 0 -352 16680
17:27:52.739 P 8049 -91 -164 -1495 -1495 0 -1 88 16728
17:27:52.739 P 8051 -104 -179 -1509 -1509 0 0 -28 16644
17:27:52.739 P 8053 -117 -194 -1534 -1534 -1 0 170 16666
17:27:52.739 P 8054 -124 -196 -1537 -1537 0 0 202 16776
17:27:52.739 P 8056 -139 -207 -1561 -1561 0 0 304 16576
17:27:52.739 P 8057 -146 -207 -1584 -1584 -2 0 346 16566
17:27:52.739 P 8059 -161 -204 -1604 -1604 -1 0 418 16686
17:27:52.739 P 8061 -175 -174 -1618 -1618 0 -1 1018 16688
17:27:52.739 P 8063 -182 -10 -1573 -1573 -1 -1 388 16990
17:27:52.739 P 8065 -182 41 -1551 -1551 0 -1 708 16864
17:27:52.739 P 8066 -181 54 -1561 -1561 -2 -1 334 16592
17:27:52.739 P 8068 -179 66 -1561 -1561 -1 -1 702 16784
17:27:52.739 P 8070 -177 80 -1565 -1565 -1 -1 138 16778
17:27:52.739 P 8072 -175 67 -1592 -1592 -2 -2 780 16684
17:27:52.739 P 8074 -171 98 -1569 -1569 -1 -1 296 16664
17:27:52.739 P 8076 -168 112 -1574 -1574 -1 -1 866 16756
17:27:52.739 P 8077 -165 127 -1570 -1570 -1 -2 -146 16546
17:27:52.739 P 8079 -161 97 -1590 -1590 -1 -1 1228 16658
17:27:52.739 P 8081 -154 144 -1578 -1578 -2 -1 -56 16742
17:27:52.739 P 8083 -148 151 -1583 -1583 -2 -2 270 16826
17:27:52.739 P 8085 -140 164 -1571 -1571 -2 -2 762 16636
17:27:52.739 P 8087 -132 175 -1566 -1566 -1 -2 -192 16754
17:27:52.739 P 8089 -123 188 -1570 -1570 -2 -3 336 16578
17:27:52.739 P 8091 -114 160 -1569 -1569 -1 -2 148 16724
17:27:52.739 P 8093 -106 190 -1559 -1559 -1 -2 -116 16574
17:27:52.739 P 8095 -97 167 -1574 -1574 -2 -2 352 16788
17:27:52.739 P 8097 -88 196 -1562 -1562 -3 -2 24 16606
17:27:52.739 P 8098 -83 188 -1555 -1555 -1 -2 308 16708
17:27:52.739 P 8100 -74 201 -1549 -1549 -2 -2 -36 16822
17:27:52.739 P 8102 -63 203 -1543 -1543 -2 -1 -360 16596
17:27:52.739 P 8104 -55 195 -1543 -1543 -2 -1 318 16828
17:27:52.739 P 8106 -45 191 -1549 -1549 -2 -2 60 16772
17:27:52.739 P 8108 -36 213 -1522 -1522 -1 -2 174 16586
17:27:52.739 P 8110 -25 193 -1525 -1525 -1 -2 376 16662
17:27:52.739 P 8112 -15 218 -1507 -1507 -1 -2 -306 16726
17:27:52.739 P 8114 -5 187 -1516 -1516 -2 -2 448 16690
17:27:52.739 P 8115 -1 190 -1514 -1514 -2 -2 428 16940
17:27:52.739 P 8117 8 174 -1505 -1505 -1 -2 -518 16638
17:27:52.739 P 8119 14 165 -1508 -1508 -1 -2 254 16566
17:27:52.739 P 8121 22 171 -1503 -1503 -2 -2 82 16792
17:27:52.739 P 8123 30 190 -1483 -1483 -1 -3 30 16646
17:27:52.739 P 8125 38 158 -1499 -1499 -2 -3 266 16696
17:27:52.739 P 8127 46 168 -1485 -1485 -3 -2 -294 16618
17:27:52.739 P 8129 52 148 -1485 -1485 -2 -2 196 16854
17:27:52.739 P 8131 59 174 -1454 -1454 -2 -1 -592 16636
17:27:52.739 P 8133 65 165 -1444 -1444 -1 -1 624 16664
17:27:52.739 P 8135 74 171 -1438 -1438 -1 -2 -584 16770
17:27:52.739 P 8137 80 133 -1448 -1448 -2 -2 376 16636
17:27:52.739 P 8139 87 155 -1426 -1426 -1 -2 -428 16640
17:27:52.739 P 8140 89 128 -1436 -1436 -2 -1 -116 16714
17:27:52.739 P 8142 93 120 -1437 -1437 -2 -2 -162 16730
17:27:52.739 P 8144 97 117 -1416 -1416 -1 -1 144 16560
17:27:52.739 P 8146 101 99 -1425 -1425 -1 -2 -112 16626
17:27:52.739 P 8148 105 130 -1393 -1393 -1 -1 -50 16802
17:27:52.739 P 8150 108 100 -1402 -1402 -1 -1 684 16802
17:27:52.739 P 8152 114 120 -1389 -1389 -2 -1 -718 16614
17:27:52.739 P 8154 115 99 -1379 -1379 0 -1 828 16632
17:27:52.739 P 8156 121 111 -1365 -1365 -1 -1 -476 16764
17:27:52.739 P 8157 121 68 -1384 -1384 -1 -1 278 16650
17:27:52.739 P 8159 123 79 -1356 -1356 0 0 -508 16594
17:27:52.739 P 8161 123 65 -1367 -1367 -1 -1 120 16664
17:27:52.739 P 8163 124 46 -1370 -1370 -1 0 -94 16766
17:27:52.739 P 8165 124 81 -1331 -1331 0 0 64 16664
17:27:52.739 P 8166 126 81 -1337 -1337 -1 -1 -332 16752
17:27:52.739 P 8168 126 54 -1341 -1341 -1 0 -308 16700
17:27:52.739 P 8170 126 28 -1348 -1348 0 0 -28 16718
17:27:52.739 P 8172 125 31 -1344 -1344 0 -1 -294 16654
17:27:52.739 P 8173 124 31 -1334 -1334 0 0 -114 16744
17:27:52.739 P 8175 124 56 -1313 -1313 0 0 -152 16606
17:27:52.739 P 8177 124 41 -1322 -1322 0 0 -110 16672
17:27:52.739 P 8179 123 32 -1331 -1331 0 -1 -182 16688
17:27:52.739 P 8180 122 20 -1329 -1329 0 0 -48 16736
17:27:52.739 P 8182 120 8 -1334 -1334 0 -1 -254 16672
17:27:52.739 P 8184 117 -1 -1329 -1329 0 0 110 16770
17:27:52.739 P 8185 116 17 -1316 -1316 0 0 -284 16730
17:27:52.739 P 8187 114 15 -1322 -1322 0 -1 -40 16716
17:27:52.739 P 8188 114 14 -1318 -1318 0 0 -188 16720
17:27:52.739 P 8190 112 8 -1317 -1317 0 0 -250 16704
17:27:52.739 P 8192 109 9 -1314 -1314 0 0 -122 16594
17:27:52.739 P 8193 108 14 -1310 -1310 0 0 -24 16656
17:27:52.739 P 8195 107 25 -1303 -1303 0 0 -176 16650
17:27:52.739 P 8197 106 35 1302 1302 0 0 -84 16712
17:27:52.739 P 8198 106 39 1304 1304 0 0 -194 16628
17:27:52.739 P 8200 106 49 1320 1320 1 0 -96 16722
17:27:52.739 P 8202 106 62 1344 1344 1 0 -118 16664
17:27:52.739 P 8203 107 65 1342 1342 0 0 -122 16616
17:27:52.739 P 8205 109 75 1343 1343 0 0 -164 16754
17:27:52.739 P 8207 111 84 1353 1353 0 0 -126 16628
17:27:52.739 P 8208 112 88 1354 1354 0 0 -102 16768
17:27:52.739 P 8210 115 96 1356 1356 0 0 -190 16652
17:27:52.739 P 8212 118 105 1361 1361 0 0 -210 16726
17:27:52.739 P 8213 120 110 1364 1364 0 0 -170 16722
17:27:52.739 P 8215 124 119 1371 1371 0 0 -136 16632
17:27:52.739 P 8217 129 127 1378 1378 0 0 -184 16674
17:27:52.739 P 8218 132 132 1382 1382 0 0 -198 16674
17:27:52.739 P 8220 137 142 1391 1391 0 0 -196 16722
17:27:52.739 P 8222 144 153 1402 1402 0 0 -236 16658
17:27:52.739 P 8223 147 158 1408 1408 0 0 -244 16808
17:27:52.739 P 8225 154 169 1419 1419 0 0 -240 16634
17:27:52.739 P 8227 162 180 1432 1432 0 0 -298 16582
17:27:52.739 P 8228 166 186 1439 1439 0 0 -250 16888
17:27:52.739 P 8230 175 200 1454 1454 0 0 -258 16712
17:27:52.739 P 8231 180 207 1462 1462 0 0 -274 16628
17:27:52.739 P 8233 190 220 1478 1478 0 0 -254 16774
17:27:52.739 P 8235 201 236 1506 1506 0 1 -250 16670
17:27:52.739 P 8236 207 245 1514 1514 0 0 -270 16662
17:27:52.739 P 8238 220 263 1543 1543 0 1 -246 16712
17:27:52.739 P 8240 233 281 1570 1570 0 1 -278 16676
17:27:52.739 P 8241 240 292 1579 1579 0 0 -334 16672
17:27:52.739 P 8243 258 274 1600 1600 0 1 -2712 16530
17:27:52.739 P 8245 265 215 1589 1589 0 1 276 16660
17:27:52.739 P 8247 278 208 1614 1614 1 1 -658 16746
17:27:54.501 P 8249 287 206 1633 1633 0 1 -1142 16624
17:27:54.501 P 8250 291 184 1636 1636 1 1 -744 16594
17:27:54.501 P 8252 297 118 1635 1635 1 2 -1314 16592
17:27:54.501 P 8254 295 -34 1585 1585 1 2 -196 16742
17:27:54.501 P 8256 290 -27 1604 1604 2 2 -636 16696
17:27:54.501 P 8258 285 -55 1600 1600 1 2 -1226 16532
17:27:54.501 P 8260 276 -82 1598 1598 2 1 -430 16692
17:27:54.501 P 8262 268 -109 1599 1599 1 2 -566 16820
17:27:54.501 P 8264 257 -107 1599 1599 2 2 -234 16784
17:27:54.501 P 8266 247 -146 1596 1596 2 3 -386 16544
17:27:54.501 P 8268 238 -107 1617 1617 3 2 -1120 16718
17:27:54.501 P 8270 226 -159 1598 1598 3 3 -378 16906
17:27:54.501 P 8272 215 -159 1590 1590 2 2 -896 16624
17:27:54.501 P 8274 202 -183 1577 1577 2 2 -1030 16454
17:27:54.501 P 8276 186 -222 1553 1553 2 3 -212 16794
17:27:54.501 P 8277 178 -209 1549 1549 2 2 -66 16694
17:27:54.501 P 8279 164 -212 1551 1551 2 3 -590 16626
17:27:54.501 P 8282 139 -216 1536 1536 3 2 -38 16624
17:27:54.501 P 8284 126 -214 1527 1527 3 2 -900 16730
17:27:54.501 P 8286 109 -188 1526 1526 3 2 -28 16738
17:27:54.501 P 8288 95 -220 1501 1501 3 2 472 16744
17:27:54.501 P 8289 87 -184 1507 1507 1 3 750 16694
17:27:54.501 P 8292 69 -179 1503 1503 3 3 426 16846
17:27:54.501 P 8294 59 -138 1508 1508 2 3 -722 16736
17:27:54.501 P 8296 48 -163 1478 1478 2 2 -190 16712
17:27:54.501 P 8298 36 -152 1468 1468 1 2 -384 16642
17:27:54.501 P 8300 25 -152 1456 1456 1 2 152 16898
17:27:54.501 P 8302 15 -123 1451 1451 1 2 -862 16452
17:27:54.501 P 8304 4 -131 1439 1439 1 2 128 16652
17:27:54.501 P 8306 -3 -116 1444 1444 3 2 -532 16740
17:27:54.501 P 8308 -13 -117 1428 1428 2 2 120 16606
17:27:54.501 P 8310 -20 -91 1411 1411 1 1 -476 16586
17:27:54.501 P 8312 -28 -71 1416 1416 1 2 284 16780
17:27:54.501 P 8314 -34 -73 1405 1405 2 2 -152 16666
17:27:54.501 P 8316 -40 -61 1401 1401 1 2 212 16602
17:27:54.501 P 8318 -45 -66 1381 1381 1 1 -602 16700
17:27:54.501 P 8320 -51 -26 1396 1396 2 1 74 16766
17:27:54.501 P 8322 -54 -37 1390 1390 1 2 -2 16702
17:27:54.501 P 8324 -58 -34 1371 1371 1 1 -254 16622
17:27:54.501 P 8326 -61 2 1373 1373 1 1 -48 16714
17:27:54.501 P 8328 -63 -25 1362 1362 1 2 -240 16744
17:27:54.501 P 8330 -66 -4 1361 1361 1 1 -132 16638
17:27:54.501 P 8332 -69 -21 1356 1356 2 2 120 16668
17:27:54.501 P 8334 -70 24 1354 1354 1 1 -406 16628
17:27:54.501 P 8336 -71 -2 1340 1340 1 1 310 16742
17:27:54.501 P 8338 -72 28 1338 1338 1 1 -512 16668
17:27:54.501 P 8340 -73 25 1332 1332 0 2 232 16664
17:27:54.501 P 8342 -72 24 1320 1320 0 1 -190 16714
17:27:54.501 P 8343 -72 22 1305 1305 0 0 -114 16700
17:27:54.501 P 8345 -73 27 1302 1302 0 0 130 16642
17:27:54.501 P 8347 -72 54 1314 1314 1 0 2 16686
17:27:54.501 P 8349 -70 69 1321 1321 1 0 100 16758
17:27:54.501 P 8351 -67 86 1313 1313 0 0 -220 16720
17:27:54.501 P 8353 -64 85 1311 1311 0 0 -4 16724
17:27:54.501 P 8354 -62 90 1309 1309 0 0 -10 16774
17:27:54.501 P 8356 -58 92 1303 1303 0 0 -90 16714
17:27:54.501 P 8358 -54 94 1301 1301 0 0 -312 16690
17:27:54.501 P 8360 -51 76 -1309 -1309 0 0 -184 16778
17:27:54.501 P 8362 -48 56 -1320 -1320 0 0 -192 16584
17:27:54.501 P 8363 -48 52 -1322 -1322 0 0 -292 16606
17:27:54.501 P 8365 -47 30 -1334 -1334 0 0 -174 16726
17:27:54.501 P 8367 -48 13 -1352 -1352 0 0 -192 16620
17:27:54.501 P 8369 -49 -1 -1360 -1360 0 0 -102 16612
17:27:54.501 P 8371 -52 -19 -1370 -1370 0 0 -172 16760
17:27:54.501 P 8373 -55 -33 -1379 -1379 0 0 -190 16712
17:27:54.501 P 8374 -57 -41 -1385 -1385 0 0 -112 16672
17:27:54.501 P 8376 -62 -58 -1396 -1396 0 0 -156 16632
17:27:54.501 P 8378 -68 -72 -1409 -1409 0 0 -120 16574
17:27:54.501 P 8380 -75 -90 -1424 -1424 0 0 -90 16698
17:27:54.501 P 8382 -83 -107 -1448 -1448 0 0 -92 16706
17:27:54.501 P 8384 -92 -126 -1483 -1483 -1 -1 -84 16666
17:27:54.501 P 8385 -97 -137 -1489 -1489 0 0 -108 16594
17:27:54.501 P 8387 -107 -156 -1522 -1522 -1 -1 -56 16744
17:27:54.501 P 8389 -122 -170 -1542 -1542 0 -1 2272 16866
17:27:54.501 P 8391 -127 -46 -1497 -1497 0 -1 -942 16608
17:27:54.501 P 8393 -137 -155 -1565 -1565 -1 0 460 16716
17:27:54.501 P 8395 -145 -67 -1543 -1543 -1 0 106 16620
17:27:54.501 P 8396 -147 -43 -1534 -1534 0 -1 342 16762
17:27:54.501 P 8398 -150 17 -1516 -1516 0 0 184 16664
17:27:54.501 P 8400 -151 8 -1538 -1538 -1 -1 350 16700
17:27:54.501 P 8402 -152 -11 -1562 -1562 -1 -1 14 16646
17:27:54.501 P 8404 -155 -16 -1568 -1568 -1 -1 414 16654
17:27:54.501 P 8406 -157 34 -1572 -1572 -1 -1 780 16636
17:27:54.501 P 8408 -156 35 -1565 -1565 -1 -2 136 16658
17:27:54.501 P 8410 -156 56 -1567 -1567 -1 -1 -6 16672
17:27:54.501 P 8411 -155 52 -1569 -1569 -1 -1 46 16640
17:27:54.501 P 8413 -154 70 -1568 -1568 -1 -1 364 16702
17:27:54.501 P 8415 -152 50 -1593 -1593 -1 -2 544 16620
17:27:54.501 P 8417 -150 85 -1588 -1588 -2 -2 196 16792
17:27:54.501 P 8419 -147 114 -1581 -1581 -2 -1 828 16714
17:27:54.501 P 8421 -141 115 -1580 -1580 -2 -1 442 16688
17:27:54.501 P 8423 -134 184 -1544 -1544 -1 -1 -196 16808
17:27:54.501 P 8425 -126 160 -1570 -1570 -1 -2 430 16854
17:27:54.501 P 8427 -118 167 -1558 -1558 -1 -2 486 16756
17:27:54.501 P 8428 -113 189 -1563 -1563 -3 -2 82 16630
17:27:54.501 P 8430 -105 154 -1566 -1566 -2 -1 606 16716
17:27:54.501 P 8432 -96 188 -1544 -1544 -1 -1 -338 16638
17:27:54.501 P 8434 -88 173 -1557 -1557 -2 -1 332 16592
17:27:54.501 P 8436 -79 169 -1564 -1564 -2 -2 204 16722
17:27:54.501 P 8438 -70 169 -1554 -1554 -1 -2 -64 16680
17:27:54.501 P 8440 -63 162 -1559 -1559 -1 -2 170 16772
17:27:54.501 P 8441 -58 184 -1548 -1548 -2 -2 62 16760
17:27:54.501 P 8443 -50 167 -1545 -1545 -1 -2 520 16564
17:27:54.501 P 8445 -42 164 -1555 -1555 -1 -3 274 16776
17:27:54.501 P 8447 -34 183 -1544 -1544 -1 -3 68 16742
17:27:54.501 P 8449 -26 172 -1546 -1546 -2 -3 488 16646
17:27:54.501 P 8451 -16 201 -1528 -1528 -2 -3 -186 16696
17:27:54.501 P 8453 -8 193 -1528 -1528 -2 -3 340 16688
17:27:54.501 P 8455 1 186 -1525 -1525 -2 -3 -518 16676
17:27:54.501 P 8457 8 176 -1527 -1527 -2 -3 130 16696
17:27:54.501 P 8458 13 188 -1506 -1506 -2 -1 -74 16654
17:27:54.501 P 8460 22 166 -1513 -1513 -3 -1 -90 16502
17:27:54.501 P 8462 28 154 -1518 -1518 -3 -2 -178 16684
17:27:54.501 P 8464 35 154 -1507 -1507 -2 -2 162 16922
17:27:54.501 P 8466 42 161 -1491 -1491 -1 -2 -508 16560
17:27:54.501 P 8468 47 140 -1494 -1494 -1 -2 794 16548
17:27:54.501 P 8470 54 146 -1493 -1493 -2 -2 -4 16988
17:27:54.501 P 8472 60 157 -1480 -1480 -1 -3 306 16580
17:27:54.501 P 8474 67 151 -1476 -1476 -2 -2 -400 16430
17:27:54.501 P 8476 72 170 -1452 -1452 -2 -1 324 16756
17:27:54.501 P 8478 81 159 -1443 -1443 -2 -1 -106 16874
17:27:54.501 P 8479 83 133 -1461 -1461 -2 -2 342 16830
17:27:54.501 P 8481 89 148 -1442 -1442 -2 -1 -82 16552
17:27:54.501 P 8483 95 140 -1427 -1427 -1 -1 -164 16656
17:27:54.501 P 8485 100 134 -1425 -1425 -1 -2 68 16906
17:27:54.501 P 8487 106 130 -1414 -1414 -1 -1 -276 16584
17:27:54.501 P 8489 110 104 -1425 -1425 -1 -1 136 16742
17:27:54.501 P 8491 115 139 -1389 -1389 -1 -1 -550 16852
17:27:54.501 P 8493 118 102 -1404 -1404 -2 -1 226 16670
17:27:54.501 P 8495 122 99 -1402 -1402 -1 -2 -414 16560
17:27:54.501 P 8497 125 119 -1371 -1371 -1 0 -118 16760
17:27:54.501 P 8499 128 68 -1397 -1397 -1 -1 -190 16694
17:27:54.501 P 8500 128 66 -1395 -1395 -1 -1 58 16818
17:27:54.501 P 8502 131 88 -1371 -1371 -1 -1 -232 16610
17:27:54.501 P 8504 133 78 -1364 -1364 0 -1 -316 16684
17:27:54.501 P 8506 133 58 -1366 -1366 0 -1 260 16756
17:27:54.501 P 8508 135 79 -1340 -1340 0 0 -404 16786
17:27:54.501 P 8510 137 65 -1356 -1356 -1 -1 -432 16664
17:27:54.501 P 8512 137 59 -1357 -1357 -1 -1 -132 16708
17:27:54.501 P 8514 138 39 -1337 -1337 0 0 -156 16692
17:27:54.501 P 8516 136 26 -1342 -1342 0 0 -288 16688
17:27:54.501 P 8518 134 5 -1353 -1353 -1 0 -86 16706
17:27:54.501 P 8519 133 15 -1359 -1359 -1 -1 -74 16680
17:27:54.501 P 8521 131 15 -1340 -1340 0 0 -130 16634
17:27:54.501 P 8523 130 20 -1332 -1332 0 0 -476 16628
17:27:54.501 P 8525 127 -1 -1340 -1340 0 0 -120 16644
17:27:54.501 P 8527 124 -15 -1338 -1338 0 0 -506 16680
17:27:54.501 P 8528 122 -35 -1345 -1345 0 0 -250 16764
17:27:54.501 P 8530 117 -48 -1349 -1349 0 0 -444 16586
17:27:54.501 P 8532 110 -59 -1357 -1357 0 0 94 16670
17:27:54.501 P 8533 107 -45 -1351 -1351 0 0 -134 16400
17:27:54.501 P 8535 102 -42 -1351 -1351 0 0 20 16694
17:27:54.501 P 8537 97 -28 -1347 -1347 0 0 -166 16650
17:27:54.501 P 8538 95 -27 -1348 -1348 0 0 -94 16718
17:27:54.501 P 8540 91 -14 -1344 -1344 0 0 -164 16588
17:27:54.501 P 8542 87 -12 -1346 -1346 0 0 -26 16600
17:27:54.501 P 8543 86 -6 -1344 -1344 0 0 -86 16816
17:27:54.501 P 8545 83 0 -1343 -1343 0 0 -66 16586
17:27:54.501 P 8547 81 9 -1341 -1341 0 0 -108 16768
17:27:54.501 P 8549 79 15 -1340 -1340 0 0 -136 16742
17:27:54.501 P 8550 78 18 -1339 -1339 0 0 -8 16692
17:27:54.501 P 8552 77 23 -1337 -1337 0 0 -60 16662
17:27:54.501 P 8554 76 31 -1334 -1334 0 0 -114 16744
17:27:54.501 P 8555 75 33 -1334 -1334 0 0 -100 16650
17:27:54.501 P 8557 75 38 -1332 -1332 0 0 -142 16682
17:27:54.501 P 8559 75 44 -1329 -1329 0 0 -148 16568
17:27:54.501 P 8560 75 46 -1328 -1328 0 0 -170 16750
17:27:54.501 P 8562 75 52 -1325 -1325 0 0 -114 16626
17:27:54.501 P 8563 76 54 -1323 -1323 0 0 -118 16710
17:27:54.501 P 8565 77 60 -1320 -1320 0 0 -92 16724
17:27:54.501 P 8567 78 66 -1316 -1316 0 0 -78 16708
17:27:54.501 P 8568 79 69 -1313 -1313 0 0 -150 16666
17:27:54.501 P 8570 80 75 -1309 -1309 0 0 -162 16584
17:27:54.501 P 8572 83 79 -1305 -1305 0 0 -210 16738
17:27:54.501 P 8573 84 81 -1303 -1303 0 0 -116 16750
17:27:54.501 P 8575 86 85 1301 1301 0 0 -148 16620
17:27:54.501 P 8577 89 91 1307 1307 0 0 -164 16678
17:27:54.501 P 8578 91 95 1310 1310 0 0 -118 16746
17:27:54.501 P 8580 94 100 1316 1316 0 0 -222 16732
17:27:54.501 P 8582 98 105 1322 1322 0 0 -236 16588
17:27:54.501 P 8583 100 108 1326 1326 0 0 -236 16654
17:27:54.501 P 8585 104 113 1332 1332 0 0 -288 16642
17:27:54.501 P 8586 106 117 1346 1346 0 1 -204 16650
17:27:54.501 P 8588 111 121 1349 1349 0 0 -244 16762
17:27:54.501 P 8590 116 125 1354 1354 0 0 -276 16728
17:27:54.501 P 8591 118 130 1368 1368 1 0 -192 16730
17:27:54.501 P 8593 124 135 1372 1372 0 0 -278 16700
17:27:54.501 P 8595 130 141 1377 1377 0 0 -256 16800
17:27:54.501 P 8597 136 146 1383 1383 0 0 -262 16654
17:27:54.501 P 8598 139 149 1388 1388 0 0 -326 16678
17:27:54.501 P 8600 146 158 1398 1398 0 0 -330 16678
17:27:54.501 P 8602 153 165 1407 1407 0 0 -310 16694
17:27:54.501 P 8604 161 173 1417 1417 0 0 -264 16700
17:27:54.501 P 8605 165 176 1422 1422 0 0 -386 16636
17:27:54.501 P 8607 173 184 1434 1434 0 0 -372 16692
17:27:56.302 P 8609 182 195 1447 1447 0 0 -384 16692
17:27:56.302 P 8611 191 202 1459 1459 0 0 -336 16750
17:27:56.302 P 8612 196 209 1467 1467 0 0 -366 16700
17:27:56.302 P 8614 206 220 1501 1501 1 0 -440 16656
17:27:56.302 P 8616 217 233 1521 1521 0 0 -422 16754
17:27:56.302 P 8618 229 244 1541 1541 0 1 -456 16700
17:27:56.302 P 8620 243 247 1558 1558 0 0 -1600 16618
17:27:56.302 P 8622 252 228 1568 1568 0 1 24 16674
17:27:56.302 P 8624 265 199 1583 1583 1 0 -1132 16780
17:27:56.302 P 8626 270 116 1551 1551 1 0 -870 16640
17:27:56.302 P 8628 272 72 1555 1555 2 1 -638 16758
17:27:56.302 P 8630 275 90 1572 1572 1 1 -580 16594
17:27:56.302 P 8631 276 83 1567 1567 0 1 -1146 16540
17:27:56.302 P 8633 276 44 1572 1572 2 1 -190 16640
17:27:56.302 P 8635 277 56 1577 1577 1 1 -660 16714
17:27:56.302 P 8637 277 42 1570 1570 0 1 -892 16624
17:27:56.302 P 8639 277 39 1592 1592 1 1 -684 16730
17:27:56.302 P 8641 275 14 1591 1591 1 2 -500 16650
17:27:56.302 P 8643 272 -37 1571 1571 1 1 -1082 16630
17:27:56.302 P 8645 266 -19 1599 1599 2 2 -660 16714
17:27:56.302 P 8647 261 -68 1569 1569 1 1 -428 16738
17:27:56.302 P 8649 254 -74 1577 1577 1 2 -736 16618
17:27:56.302 P 8651 248 -63 1592 1592 2 3 -1166 16634
17:27:56.302 P 8653 238 -107 1575 1575 2 3 -136 16670
17:27:56.302 P 8655 230 -96 1580 1580 1 3 -728 16882
17:27:56.302 P 8657 222 -64 1593 1593 1 2 -992 16542
17:27:56.302 P 8659 212 -140 1560 1560 2 2 22 16754
17:27:56.302 P 8661 203 -105 1569 1569 2 1 -924 16658
17:27:56.302 P 8663 192 -147 1558 1558 2 2 -108 16616
17:27:56.302 P 8665 182 -116 1569 1569 3 1 -882 16608
17:27:56.302 P 8667 170 -156 1533 1533 1 2 -162 16950
17:27:56.302 P 8669 160 -126 1553 1553 1 3 -552 16624
17:27:56.302 P 8671 148 -133 1543 1543 2 2 -78 16582
17:27:56.302 P 8673 139 -156 1525 1525 1 3 -422 16972
17:27:56.302 P 8675 129 -107 1540 1540 1 2 -1130 16618
17:27:56.302 P 8677 116 -176 1508 1508 2 3 402 16596
17:27:56.302 P 8679 107 -124 1516 1516 2 2 -1164 16844
17:27:56.302 P 8681 94 -135 1500 1500 2 1 80 16592
17:27:56.302 P 8683 87 -121 1503 1503 2 2 -934 16606
17:27:56.302 P 8685 75 -125 1483 1483 1 2 -944 16596
17:27:56.302 P 8687 65 -124 1470 1470 1 2 138 16668
17:27:56.302 P 8689 56 -118 1473 1473 2 2 -542 16724
17:27:56.302 P 8691 47 -90 1475 1475 2 2 18 16746
17:27:56.302 P 8693 40 -104 1442 1442 1 1 64 16700
17:27:56.302 P 8695 34 -52 1461 1461 1 1 -468 16646
17:27:56.302 P 8697 27 -85 1444 1444 2 1 -34 16734
17:27:56.302 P 8699 21 -43 1463 1463 2 2 -422 16632
17:27:56.302 P 8701 16 -49 1442 1442 1 2 -256 16720
17:27:56.302 P 8703 11 -41 1440 1440 1 2 66 16778
17:27:56.302 P 8705 8 -30 1432 1432 1 1 -716 16548
17:27:56.302 P 8707 3 -26 1423 1423 1 1 -28 16676
17:27:56.302 P 8709 0 -24 1427 1427 2 2 -16 16670
17:27:56.302 P 8710 0 -14 1423 1423 1 1 -478 16730
17:27:56.302 P 8712 -3 5 1418 1418 1 1 366 16678
17:27:56.302 P 8714 -4 4 1418 1418 1 1 -402 16632
17:27:56.302 P 8716 -5 31 1420 1420 1 1 -266 16790
17:27:56.302 P 8718 -5 12 1405 1405 0 1 200 16766
17:27:56.302 P 8720 -4 59 1423 1423 1 0 -770 16564
17:27:56.302 P 8722 -4 23 1417 1417 2 2 -334 16712
17:27:56.302 P 8724 -5 3 1385 1385 1 0 -148 16682
17:27:56.302 P 8726 -6 32 1400 1400 0 2 -98 16692
17:27:56.302 P 8728 -4 65 1410 1410 1 0 -284 16728
17:27:56.302 P 8730 -3 40 1396 1396 1 1 -270 16768
17:27:56.302 P 8732 -3 53 1390 1390 0 1 6 16682
17:27:56.302 P 8734 -1 56 1385 1385 0 1 -320 16740
17:27:56.302 P 8736 0 88 1408 1408 2 1 -176 16742
17:27:56.302 P 8737 2 93 1399 1399 0 0 -484 16626
17:27:56.302 P 8739 5 90 1397 1397 0 1 -194 16736
17:27:56.302 P 8741 10 90 1382 1382 0 0 -350 16666
17:27:56.302 P 8743 13 102 1384 1384 0 0 -54 16634
17:27:56.302 P 8745 18 123 1386 1386 0 0 66 16732
17:27:56.302 P 8746 21 142 1393 1393 0 0 36 16758
17:27:56.302 P 8748 28 159 1403 1403 0 0 -94 16648
17:27:56.302 P 8750 36 164 1408 1408 0 0 -534 16570
17:27:56.302 P 8752 44 144 1401 1401 0 0 -280 16680
17:27:56.302 P 8753 47 140 1400 1400 0 0 -410 16744
17:27:56.302 P 8755 53 126 1397 1397 0 0 -364 16628
17:27:56.302 P 8757 58 120 1399 1399 0 0 -406 16694
17:27:56.302 P 8759 63 107 1396 1396 0 0 -386 16696
17:27:56.302 P 8761 68 99 1395 1395 0 0 -444 16564
17:27:56.302 P 8762 69 95 1395 1395 0 0 -388 16686
17:27:56.302 P 8764 73 88 1394 1394 0 0 -418 16782
17:27:56.302 P 8766 76 80 1393 1393 0 0 -340 16684
17:27:56.302 P 8768 78 71 1391 1391 0 0 -450 16678
17:27:56.302 P 8769 79 68 1390 1390 0 0 -350 16702
17:27:56.302 P 8771 81 61 1388 1388 0 0 -440 16730
17:27:56.302 P 8773 82 55 1387 1387 0 0 -384 16684
17:27:56.302 P 8774 83 52 1386 1386 0 0 -396 16588
17:27:56.302 P 8776 84 45 1383 1383 0 0 -340 16616
17:27:56.302 P 8777 84 41 1381 1381 0 0 -374 16710
17:27:56.302 P 8779 84 34 1378 1378 0 0 -366 16660
17:27:56.302 P 8781 84 28 1375 1375 0 0 -416 16822
17:27:56.302 P 8782 83 26 1373 1373 0 0 -356 16640
17:27:56.302 P 8784 82 18 1369 1369 0 0 -396 16710
17:27:56.302 P 8786 81 13 1365 1365 0 0 -416 16786
17:27:56.302 P 8787 80 9 1363 1363 0 0 -358 16670
17:27:56.302 P 8789 79 4 1358 1358 0 0 -330 16808
17:27:56.302 P 8791 76 -2 1353 1353 0 0 -298 16742
17:27:56.302 P 8793 74 -7 1349 1349 0 0 -342 16684
17:27:56.302 P 8794 73 -11 1345 1345 0 0 -334 16708
17:27:56.302 P 8796 69 -18 1339 1339 0 0 -322 16654
17:27:56.302 P 8798 66 -23 1333 1333 0 0 -258 16800
17:27:56.302 P 8799 64 -26 1330 1330 0 0 -302 16664
17:27:56.302 P 8801 60 -32 1323 1323 0 0 -342 16788
17:27:56.302 P 8803 56 -37 1317 1317 0 0 -266 16744
17:27:56.302 P 8804 53 -44 1311 1311 0 0 -226 16686
17:27:56.302 P 8806 48 -50 1303 1303 0 0 -308 16738
17:27:56.302 P 8808 43 -58 -1306 -1306 0 0 -236 16746
17:27:56.302 P 8809 40 -62 -1311 -1311 0 0 -292 16670
17:27:56.302 P 8811 34 -69 -1319 -1319 0 0 -240 16654
17:27:56.302 P 8813 27 -80 -1341 -1341 0 -1 -208 16644
17:27:56.302 P 8814 23 -84 -1344 -1344 0 0 -196 16668
17:27:56.302 P 8816 16 -93 -1353 -1353 0 0 -200 16660
17:27:56.302 P 8818 8 -102 -1374 -1374 0 -1 -140 16740
17:27:56.302 P 8820 0 -111 -1392 -1392 -1 0 -182 16654
17:27:56.302 P 8821 -5 -117 -1407 -1407 -1 0 -194 16628
17:27:56.302 P 8823 -14 -126 -1413 -1413 0 0 -90 16550
17:27:56.302 P 8825 -24 -138 -1423 -1423 0 0 -138 16656
17:27:56.302 P 8827 -35 -149 -1444 -1444 -1 0 -172 16674
17:27:56.302 P 8828 -41 -156 -1450 -1450 0 0 -132 16678
17:27:56.302 P 8830 -53 -167 -1463 -1463 0 0 -104 16606
17:27:56.302 P 8832 -66 -183 -1488 -1488 0 0 164 16618
17:27:56.302 P 8834 -76 -144 -1474 -1474 0 0 -362 16536
17:27:56.302 P 8835 -82 -169 -1490 -1490 0 0 -48 16678
17:27:56.302 P 8837 -96 -202 -1517 -1517 0 0 -200 16510
17:27:56.302 P 8839 -112 -248 -1569 -1569 0 0 208 16786
17:27:56.302 P 8841 -129 -240 -1584 -1584 0 0 -44 16726
17:27:56.302 P 8842 -137 -231 -1584 -1584 0 0 640 16748
17:27:56.302 P 8844 -151 -172 -1580 -1580 0 0 170 16708
17:27:56.302 P 8846 -163 -149 -1588 -1588 0 0 770 16756
17:27:56.302 P 8848 -172 -84 -1580 -1580 0 0 566 16792
17:27:56.302 P 8850 -177 -46 -1597 -1597 -1 -1 258 16650
17:27:56.302 P 8852 -182 -45 -1617 -1617 -2 -2 446 16714
17:27:56.302 P 8854 -186 -18 -1617 -1617 -1 -1 248 16732
17:27:56.302 P 8855 -187 -3 -1625 -1625 -1 -2 614 16714
17:27:56.302 P 8857 -188 69 -1602 -1602 -1 -1 764 16698
17:27:56.302 P 8859 -184 103 -1609 -1609 -2 -1 436 16764
17:27:56.302 P 8861 -179 108 -1623 -1623 -2 -2 990 16800
17:27:56.302 P 8863 -171 170 -1603 -1603 -2 -3 -68 16552
17:27:56.302 P 8865 -165 165 -1611 -1611 -1 -3 612 16694
17:27:56.302 P 8867 -154 228 -1589 -1589 -2 -3 144 16878
17:27:56.302 P 8869 -143 217 -1595 -1595 -2 -2 876 16648
17:27:56.302 P 8870 -138 233 -1587 -1587 -2 -2 576 16648
17:27:56.302 P 8872 -124 237 -1591 -1591 -2 -3 136 16638
17:27:56.302 P 8874 -112 260 -1575 -1575 -2 -3 94 16676
17:27:56.302 P 8876 -98 260 -1575 -1575 -2 -3 276 16540
17:27:56.302 P 8878 -84 268 -1557 -1557 -2 -2 212 16662
17:27:56.302 P 8880 -70 257 -1558 -1558 -3 -1 102 16620
17:27:56.302 P 8882 -56 241 -1560 -1560 -3 -2 -226 16576
17:27:56.302 P 8884 -44 249 -1551 -1551 -2 -2 154 16672
17:27:56.302 P 8886 -30 243 -1545 -1545 -1 -3 70 16684
17:27:56.302 P 8888 -19 205 -1567 -1567 -2 -3 414 16820
17:27:56.302 P 8890 -8 242 -1530 -1530 -2 -2 -120 16726
17:27:56.302 P 8891 -2 218 -1545 -1545 -2 -3 210 16544
17:27:56.302 P 8893 9 251 -1522 -1522 -3 -3 -326 16854
17:27:56.302 P 8895 19 232 -1524 -1524 -2 -3 528 16830
17:27:56.302 P 8897 32 231 -1506 -1506 -2 -3 -386 16416
17:27:56.302 P 8899 42 231 -1491 -1491 -1 -2 210 16688
17:27:56.302 P 8901 54 197 -1491 -1491 -1 -1 -252 16790
17:27:56.302 P 8903 62 189 -1494 -1494 -2 -1 -118 16438
17:27:56.302 P 8905 71 191 -1472 -1472 -1 -1 376 16764
17:27:56.302 P 8907 81 202 -1466 -1466 -1 -2 -884 16684
17:27:56.302 P 8909 88 182 -1469 -1469 -1 -2 280 16688
17:27:56.302 P 8911 97 175 -1455 -1455 -2 -1 -474 16574
17:27:56.302 P 8913 104 177 -1444 -1444 -2 -1 -170 16732
17:27:56.302 P 8915 111 137 -1463 -1463 -2 -2 788 16742
17:27:56.302 P 8916 113 166 -1439 -1439 -1 -2 536 16592
17:27:56.302 P 8918 124 183 -1417 -1417 -1 -1 -736 16716
17:27:56.302 P 8920 130 163 -1413 -1413 -2 -1 -54 16734
17:27:56.302 P 8922 137 152 -1414 -1414 -2 -1 -190 16704
17:27:56.302 P 8924 144 150 -1394 -1394 -1 -2 -202 16704
17:27:56.302 P 8926 148 135 -1395 -1395 -1 -1 -168 16726
17:27:56.302 P 8927 152 133 -1393 -1393 -2 -1 -626 16626
17:27:56.302 P 8929 155 123 -1393 -1393 -1 -1 202 16620
17:27:56.302 P 8931 160 129 -1387 -1387 -2 -2 -8 16832
17:27:56.302 P 8933 167 145 -1358 -1358 -1 -2 -904 16716
17:27:56.302 P 8935 169 88 -1371 -1371 -1 -1 470 16696
17:27:56.302 P 8936 172 128 -1345 -1345 -1 -1 -516 16674
17:27:56.302 P 8938 175 99 -1356 -1356 -1 -1 -14 16744
17:27:56.302 P 8940 179 103 -1334 -1334 -1 0 -522 16706
17:27:56.302 P 8941 180 75 -1347 -1347 -1 -1 20 16700
17:27:56.302 P 8943 182 85 -1338 -1338 -1 -1 -540 16652
17:27:56.302 P 8945 183 93 -1325 -1325 -2 0 238 16700
17:27:56.302 P 8946 185 106 -1308 -1308 0 -1 -366 16650
17:27:56.302 P 8948 187 58 -1324 -1324 0 -1 -364 16656
17:27:56.302 P 8950 187 64 -1319 -1319 -1 -1 -138 16688
17:27:56.302 P 8952 189 74 1308 1308 0 0 -226 16642
17:27:56.302 P 8953 189 74 1301 1301 -1 -1 -42 16656
17:27:56.302 P 8955 191 76 1309 1309 -1 -1 -660 16678
17:27:56.302 P 8957 191 32 1302 1302 0 -1 -316 16646
17:27:56.302 P 8958 190 15 1303 1303 0 0 -662 16684
17:27:56.302 P 8960 186 -46 -1315 -1315 0 0 -272 16398
17:27:56.302 P 8961 182 -62 -1320 -1320 0 0 -422 16626
17:27:56.302 P 8963 175 -59 -1315 -1315 0 0 -44 16856
17:27:56.302 P 8964 172 -38 -1304 -1304 0 0 -132 16792
17:27:56.302 P 8966 168 -17 1307 1307 0 0 -198 16658
17:27:56.302 P 8968 164 -10 1311 1311 0 0 -224 16668
17:27:58.097 P 8969 163 -7 1313 1313 0 0 -174 16740
17:27:58.097 P 8971 160 18 1324 1324 0 0 -164 16768
17:27:58.097 P 8973 159 31 1342 1342 1 0 -230 16680
17:27:58.097 P 8974 159 34 1342 1342 0 0 -244 16632
17:27:58.097 P 8976 158 45 1346 1346 0 0 -248 16696
17:27:58.097 P 8978 159 65 1355 1355 0 0 -250 16716
17:27:58.097 P 8979 160 71 1357 1357 0 0 -248 16652
17:27:58.097 P 8981 161 80 1371 1371 0 0 -214 16688
17:27:58.097 P 8983 164 94 1377 1377 0 0 -242 16606
17:27:58.097 P 8984 165 100 1381 1381 0 0 -230 16666
17:27:58.097 P 8986 169 113 1389 1389 0 0 -210 16730
17:27:58.097 P 8988 173 123 1397 1397 0 0 -252 16630
17:27:58.097 P 8989 176 130 1402 1402 0 0 -320 16710
17:27:58.097 P 8991 181 146 1414 1414 0 0 -264 16686
17:27:58.097 P 8993 188 158 1426 1426 0 0 -262 16570
17:27:58.097 P 8994 191 166 1433 1433 0 0 -264 16650
17:27:58.097 P 8996 199 181 1447 1447 0 0 -318 16728
17:27:58.097 P 8998 208 195 1471 1471 0 0 -312 16804
17:27:58.097 P 8999 212 203 1477 1477 0 0 -308 16634
17:27:58.097 P 9001 222 220 1493 1493 0 0 -312 16636
17:27:58.097 P 9002 227 229 1511 1511 0 1 -336 16784
17:27:58.097 P 9004 239 245 1526 1526 0 0 -328 16790
17:27:58.097 P 9006 251 265 1573 1573 1 1 -384 16710
17:27:58.097 P 9007 258 276 1579 1579 0 0 -384 16764
17:27:58.097 P 9009 272 296 1605 1605 0 1 -442 16668
17:27:58.097 P 9011 290 295 1630 1630 0 1 -3146 16472
17:27:58.097 P 9012 295 170 1579 1579 0 1 -1620 16766
17:27:58.097 P 9014 298 102 1563 1563 0 1 -650 16666
17:27:58.097 P 9016 300 54 1571 1571 0 2 -312 16748
17:27:58.097 P 9018 301 91 1593 1593 1 1 -792 16790
17:27:58.097 P 9019 302 69 1590 1590 0 2 -1334 16664
17:27:58.097 P 9021 300 15 1590 1590 1 2 -338 16784
17:27:58.097 P 9023 300 34 1601 1601 1 1 -1250 16664
17:27:58.097 P 9025 298 5 1603 1603 1 1 -764 16656
17:27:58.097 P 9027 293 -46 1600 1600 2 2 -272 16880
17:27:58.097 P 9028 291 -42 1594 1594 1 1 -660 16748
17:27:58.097 P 9030 285 -77 1590 1590 2 1 -718 16538
17:27:58.097 P 9032 275 -101 1583 1583 2 1 -362 16720
17:27:58.097 P 9034 266 -134 1567 1567 1 1 -526 16776
17:27:58.097 P 9036 256 -84 1599 1599 1 2 -864 16600
17:27:58.097 P 9038 246 -138 1587 1587 2 3 78 16760
17:27:58.097 P 9040 236 -135 1579 1579 2 2 -858 16856
17:27:58.097 P 9042 225 -138 1584 1584 2 3 -428 16546
17:27:58.097 P 9044 213 -167 1566 1566 3 2 -608 16652
17:27:58.097 P 9046 201 -150 1565 1565 2 2 -340 16796
17:27:58.097 P 9047 196 -141 1575 1575 2 3 -1278 16722
17:27:58.097 P 9049 183 -162 1555 1555 3 2 -502 16520
17:27:58.097 P 9051 170 -195 1526 1526 2 2 -220 16594
17:27:58.097 P 9053 158 -149 1547 1547 2 2 -1506 16744
17:27:58.097 P 9055 142 -179 1527 1527 2 3 534 16626
17:27:58.097 P 9057 132 -171 1519 1519 3 2 -1036 16598
17:27:58.097 P 9059 117 -148 1515 1515 2 3 120 16810
17:27:58.097 P 9061 108 -149 1495 1495 1 2 -42 16598
17:27:58.097 P 9063 97 -116 1511 1511 1 2 -998 16758
17:27:58.097 P 9065 87 -131 1494 1494 2 2 -28 16574
17:27:58.097 P 9067 77 -119 1481 1481 1 1 -168 16538
17:27:58.097 P 9069 68 -122 1472 1472 1 1 -250 16880
17:27:58.097 P 9071 59 -93 1473 1473 2 1 98 16908
17:27:58.097 P 9073 53 -93 1472 1472 2 1 -386 16644
17:27:58.097 P 9075 44 -75 1459 1459 1 1 -296 16540
17:27:58.097 P 9077 38 -86 1458 1458 1 2 -498 16842
17:27:58.097 P 9079 31 -61 1452 1452 1 1 -372 16660
17:27:58.097 P 9081 26 -69 1448 1448 2 2 -562 16628
17:27:58.097 P 9083 20 -48 1446 1446 1 2 -96 16708
17:27:58.097 P 9085 15 -82 1421 1421 1 2 -112 16658
17:27:58.097 P 9087 11 -7 1451 1451 2 2 -354 16588
17:27:58.097 P 9089 7 -58 1413 1413 1 1 -476 16782
17:27:58.097 P 9092 0 1 1419 1419 1 1 -558 16614
17:27:58.097 P 9094 -2 -23 1402 1402 1 1 -20 16582
17:27:58.097 P 9096 -5 -34 1393 1393 1 2 118 16686
17:27:58.097 P 9098 -8 14 1395 1395 0 1 -698 16580
17:27:58.097 P 9100 -10 -8 1397 1397 1 1 248 16734
17:27:58.097 P 9102 -11 19 1392 1392 1 1 -374 16672
17:27:58.097 P 9104 -13 12 1388 1388 2 1 58 16734
17:27:58.097 P 9106 -13 23 1383 1383 1 1 -408 16700
17:27:58.097 P 9107 -13 20 1372 1372 0 1 160 16714
17:27:58.097 P 9109 -12 65 1387 1387 0 1 -370 16648
17:27:58.097 P 9111 -11 66 1385 1385 0 1 236 16682
17:27:58.097 P 9113 -8 77 1394 1394 1 1 -294 16742
17:27:58.097 P 9115 -6 53 1374 1374 1 1 -218 16678
17:27:58.097 P 9117 -6 59 1382 1382 2 1 226 16796
17:27:58.097 P 9119 -2 98 1386 1386 0 0 -108 16804
17:27:58.097 P 9121 2 130 1404 1404 1 1 -262 16646
17:27:58.097 P 9123 8 133 1391 1391 0 0 2 16622
17:27:58.097 P 9124 11 140 1390 1390 0 0 -208 16676
17:27:58.097 P 9126 17 129 1397 1397 0 1 -206 16648
17:27:58.097 P 9128 23 128 1388 1388 0 0 -396 16582
17:27:58.097 P 9130 28 111 1393 1393 1 0 -202 16676
17:27:58.097 P 9132 33 110 1394 1394 0 0 -404 16654
17:27:58.097 P 9134 37 99 1391 1391 0 1 -252 16684
17:27:58.097 P 9136 41 95 1392 1392 1 0 -354 16738
17:27:58.097 P 9137 43 94 1389 1389 0 0 -252 16756
17:27:58.097 P 9139 47 100 1396 1396 0 1 -300 16710
17:27:58.097 P 9141 51 108 1396 1396 0 0 -272 16586
17:27:58.097 P 9143 56 107 1394 1394 0 0 -384 16692
17:27:58.097 P 9145 60 94 1387 1387 0 0 -250 16662
17:27:58.097 P 9147 64 93 1387 1387 0 0 -352 16644
17:27:58.097 P 9149 67 90 1386 1386 0 0 -304 16654
17:27:58.097 P 9150 69 92 1388 1388 0 0 -290 16728
17:27:58.097 P 9152 72 92 1390 1390 0 0 -486 16714
17:27:58.097 P 9154 75 78 1385 1385 0 0 -284 16772
17:27:58.097 P 9156 78 74 1385 1385 0 0 -444 16618
17:27:58.097 P 9158 80 66 1383 1383 0 0 -366 16606
17:27:58.097 P 9160 81 57 1379 1379 0 0 -342 16690
17:27:58.097 P 9161 82 52 1377 1377 0 0 -416 16758
17:27:58.097 P 9163 83 48 1376 1376 0 0 -376 16766
17:27:58.097 P 9165 83 39 1372 1372 0 0 -372 16626
17:27:58.097 P 9167 83 33 1369 1369 0 0 -394 16686
17:27:58.097 P 9169 83 29 1367 1367 0 0 -394 16638
17:27:58.097 P 9171 82 20 1362 1362 0 0 -368 16668
17:27:58.097 P 9172 81 18 1361 1361 0 0 -358 16636
17:27:58.097 P 9174 80 11 1356 1356 0 0 -378 16676
17:27:58.097 P 9176 78 6 1352 1352 0 0 -298 16716
17:27:58.097 P 9178 76 -1 1347 1347 0 0 -326 16642
17:27:58.097 P 9180 74 -6 1342 1342 0 0 -344 16740
17:27:58.097 P 9181 72 -9 1339 1339 0 0 -328 16796
17:27:58.097 P 9183 69 -14 1334 1334 0 0 -316 16702
17:27:58.097 P 9185 66 -22 1327 1327 0 0 -272 16646
17:27:58.097 P 9187 62 -29 1320 1320 0 0 -282 16702
17:27:58.097 P 9188 60 -31 1317 1317 0 0 -312 16630
17:27:58.097 P 9190 56 -37 1310 1310 0 0 -290 16754
17:27:58.097 P 9192 51 -42 1303 1303 0 0 -254 16682
17:27:58.097 P 9193 49 -46 -1301 -1301 0 0 -268 16666
17:27:58.097 P 9195 44 -53 -1310 -1310 0 0 -310 16670
17:27:58.097 P 9197 38 -55 -1316 -1316 0 0 -250 16658
17:27:58.097 P 9199 32 -67 -1326 -1326 0 0 -184 16676
17:27:58.097 P 9200 29 -70 -1331 -1331 0 0 -238 16664
17:27:58.097 P 9202 22 -74 -1348 -1348 0 0 -182 16710
17:27:58.097 P 9204 15 -83 -1357 -1357 0 0 -186 16724
17:27:58.097 P 9205 12 -88 -1362 -1362 0 0 -196 16712
17:27:58.097 P 9207 4 -94 -1370 -1370 0 0 -72 16644
17:27:58.097 P 9209 -3 -102 -1381 -1381 0 0 -142 16662
17:27:58.097 P 9211 -12 -109 -1392 -1392 0 0 -58 16716
17:27:58.097 P 9212 -16 -113 -1398 -1398 0 0 -88 16672
17:27:58.097 P 9214 -26 -121 -1411 -1411 0 0 -66 16660
17:27:58.097 P 9216 -36 -130 -1423 -1423 0 0 -62 16644
17:27:58.097 P 9217 -41 -134 -1430 -1430 0 0 -24 16738
17:27:58.097 P 9219 -51 -144 -1445 -1445 0 0 -52 16658
17:27:58.097 P 9221 -63 -156 -1462 -1462 0 0 12 16846
17:27:58.097 P 9223 -74 -165 -1478 -1478 0 0 -10 16702
17:27:58.097 P 9224 -81 -171 -1486 -1486 0 0 28 16612
17:27:58.097 P 9226 -94 -184 -1515 -1515 -1 0 100 16540
17:27:58.097 P 9228 -107 -197 -1550 -1550 -1 0 70 16686
17:27:58.097 P 9230 -122 -210 -1562 -1562 0 0 44 16676
17:27:58.097 P 9231 -129 -220 -1582 -1582 0 -1 60 16610
17:27:58.097 P 9233 -145 -233 -1613 -1613 0 0 148 16804
17:27:58.097 P 9235 -164 -245 -1644 -1644 0 0 2342 16824
17:27:58.097 P 9237 -173 -35 -1586 -1586 -1 -1 388 16822
17:27:58.097 P 9239 -173 58 -1547 -1547 0 -1 782 16846
17:27:58.097 P 9241 -170 90 -1559 -1559 -1 -1 -18 16688
17:27:58.097 P 9243 -168 76 -1590 -1590 -2 -2 764 16730
17:27:58.097 P 9245 -163 121 -1562 -1562 -1 -1 444 16712
17:27:58.097 P 9247 -157 136 -1575 -1575 -1 -2 90 16644
17:27:58.097 P 9249 -151 129 -1585 -1585 -2 -2 434 16686
17:27:58.097 P 9250 -148 143 -1570 -1570 -1 -1 1150 16822
17:27:58.097 P 9252 -138 186 -1549 -1549 -2 -1 -364 16678
17:27:58.097 P 9254 -132 148 -1578 -1578 -2 -2 526 16618
17:27:58.097 P 9256 -123 172 -1561 -1561 -1 -2 -112 16682
17:27:58.097 P 9258 -116 154 -1564 -1564 -1 -1 432 16758
17:27:58.097 P 9260 -107 191 -1558 -1558 -2 -1 486 16718
17:27:58.097 P 9262 -96 184 -1558 -1558 -3 -1 -36 16628
17:27:58.097 P 9264 -88 190 -1553 -1553 -2 -1 80 16584
17:27:58.097 P 9265 -83 190 -1555 -1555 -2 -2 -56 16420
17:27:58.097 P 9267 -74 166 -1560 -1560 -1 -2 266 16724
17:27:58.097 P 9269 -65 197 -1538 -1538 -1 -1 -348 16674
17:27:58.097 P 9271 -57 178 -1550 -1550 -2 -1 798 16814
17:27:58.097 P 9273 -46 204 -1538 -1538 -3 -2 -396 16688
17:27:58.097 P 9275 -38 190 -1546 -1546 -3 -2 216 16668
17:27:58.097 P 9277 -29 170 -1544 -1544 -2 -2 230 16732
17:27:58.097 P 9279 -19 187 -1524 -1524 -2 -1 -104 16750
17:27:58.097 P 9281 -12 151 -1543 -1543 -3 -1 266 16628
17:27:58.097 P 9283 -4 172 -1523 -1523 -2 -1 72 16642
17:27:58.097 P 9285 4 179 -1517 -1517 -2 -1 -646 16658
17:27:58.097 P 9287 10 164 -1514 -1514 -1 -1 322 16776
17:27:58.097 P 9289 18 165 -1512 -1512 -2 -1 -212 16650
17:27:58.097 P 9291 25 158 -1515 -1515 -2 -1 224 16556
17:27:58.097 P 9293 32 148 -1510 -1510 -1 -2 -28 16688
17:27:58.097 P 9295 39 158 -1507 -1507 -2 -2 174 16782
17:27:58.097 P 9296 43 162 -1485 -1485 -1 -1 -750 16566
17:27:58.097 P 9298 50 161 -1489 -1489 -2 -1 336 16660
17:27:58.097 P 9300 57 134 -1484 -1484 -1 -1 -414 16806
17:27:58.097 P 9302 61 130 -1493 -1493 -2 -1 170 16588
17:27:58.097 P 9304 67 121 -1494 -1494 -2 -2 -240 16636
17:27:58.097 P 9306 71 118 -1494 -1494 -2 -2 -50 16828
17:27:58.097 P 9308 76 132 -1466 -1466 -1 -2 -136 16806
17:27:58.097 P 9309 79 121 -1477 -1477 -2 -2 -540 16736
17:27:58.097 P 9311 82 130 -1474 -1474 -2 -2 164 16576
17:27:58.097 P 9313 87 87 -1477 -1477 -1 -2 -22 16840
17:27:58.097 P 9315 90 107 -1462 -1462 -1 -1 -96 16776
17:27:58.097 P 9317 95 128 -1446 -1446 -1 -1 -388 16572
17:27:58.097 P 9318 97 103 -1456 -1456 -2 -1 -408 16586
17:27:58.097 P 9320 99 112 -1450 -1450 -2 -1 214 16698
17:27:58.097 P 9322 103 100 -1455 -1455 -2 -2 -100 16730
17:27:58.097 P 9324 106 94 -1438 -1438 -1 -1 -154 16676
17:27:58.097 P 9326 109 114 -1432 -1432 -2 -1 -62 16728
17:27:58.097 P 9327 112 112 -1424 -1424 -1 -1 -232 16658
17:27:58.097 P 9329 115 88 -1422 -1422 -1 -1 -292 16724
17:27:58.097 P 9331 117 87 -1412 -1412 -1 -1 -48 16710
17:27:59.914 P 9332 118 93 -1426 -1426 -2 -2 32 16716
17:27:59.914 P 9334 121 74 -1415 -1415 -1 -1 -372 16684
17:27:59.914 P 9336 121 42 -1426 -1426 -1 -1 -84 16760
17:27:59.914 P 9338 121 60 -1414 -1414 -1 -1 -92 16790
17:27:59.914 P 9340 122 59 -1403 -1403 -1 -1 -212 16686
17:27:59.914 P 9341 122 55 -1417 -1417 -1 -2 382 16720
17:27:59.914 P 9343 125 83 -1382 -1382 0 -1 -858 16734
17:27:59.914 P 9345 124 43 -1396 -1396 0 -1 314 16666
17:27:59.914 P 9346 125 67 -1387 -1387 -1 -1 -138 16628
17:27:59.914 P 9348 126 66 -1384 -1384 -1 -1 0 16610
17:27:59.914 P 9350 127 56 -1376 -1376 -1 0 -378 16756
17:27:59.914 P 9351 127 42 -1379 -1379 0 -1 -142 16768
17:27:59.914 P 9353 127 29 -1379 -1379 0 -1 -350 16660
17:27:59.914 P 9355 125 18 -1379 -1379 0 0 -252 16656
17:27:59.914 P 9357 123 0 -1386 -1386 0 0 -148 16758
17:27:59.914 P 9358 121 -11 -1382 -1382 0 0 -260 16774
17:27:59.914 P 9360 116 -37 -1393 -1393 -1 0 -186 16588
17:27:59.914 P 9362 110 -62 -1396 -1396 0 0 -92 16592
17:27:59.914 P 9363 106 -70 -1398 -1398 0 0 34 16720
17:27:59.914 P 9365 100 -63 -1393 -1393 0 0 -148 16772
17:27:59.914 P 9367 93 -66 -1395 -1395 0 0 46 16680
17:27:59.914 P 9368 89 -62 -1394 -1394 0 0 4 16682
17:27:59.914 P 9370 83 -49 -1390 -1390 0 0 10 16682
17:27:59.914 P 9372 78 -33 -1385 -1385 0 0 -32 16680
17:27:59.914 P 9373 76 -29 -1384 -1384 0 0 12 16574
17:27:59.914 P 9375 71 -18 -1381 -1381 0 0 -24 16712
17:27:59.914 P 9377 68 -8 -1379 -1379 0 0 44 16740
17:27:59.914 P 9378 66 -2 -1377 -1377 0 0 26 16770
17:27:59.914 P 9380 64 8 -1374 -1374 0 0 40 16684
17:27:59.914 P 9382 62 18 -1371 -1371 0 0 -14 16612
17:27:59.914 P 9383 61 21 -1370 -1370 0 0 6 16694
17:27:59.914 P 9385 60 33 -1365 -1365 0 0 22 16676
17:27:59.914 P 9387 60 41 -1361 -1361 0 0 36 16744
17:27:59.914 P 9388 59 44 -1360 -1360 0 0 -8 16690
17:27:59.914 P 9390 60 56 -1354 -1354 0 0 20 16672
17:27:59.914 P 9391 60 59 -1352 -1352 0 0 4 16782
17:27:59.914 P 9393 61 68 -1346 -1346 0 0 -24 16844
17:27:59.914 P 9395 63 78 -1340 -1340 0 0 0 16750
17:27:59.914 P 9396 64 82 -1337 -1337 0 0 24 16732
17:27:59.914 P 9398 67 88 -1332 -1332 0 0 -28 16640
17:27:59.914 P 9400 70 100 -1323 -1323 0 0 -52 16662
17:27:59.914 P 9401 72 103 -1320 -1320 0 0 -110 16704
17:27:59.914 P 9403 76 111 -1312 -1312 0 0 -42 16672
17:27:59.914 P 9404 78 115 -1308 -1308 0 0 -112 16662
17:27:59.914 P 9406 82 123 0 0 0 0 -142 16674
17:27:59.914 P 9408 87 132 1309 1309 0 0 -92 16728
17:27:59.914 P 9409 90 138 1315 1315 0 0 -94 16634
17:27:59.914 P 9411 96 147 1325 1325 0 0 -92 16746
17:27:59.914 P 9413 103 157 1336 1336 0 0 -94 16718
17:27:59.914 P 9414 106 163 1352 1352 0 1 -118 16674
17:27:59.914 P 9416 114 171 1369 1369 0 0 -172 16590
17:27:59.914 P 9418 122 183 1387 1387 0 0 -116 16740
17:27:59.914 P 9420 130 193 1413 1413 1 0 -176 16650
17:27:59.914 P 9421 135 199 1425 1425 1 0 -222 16760
17:27:59.914 P 9423 147 200 1436 1436 0 1 -2090 16490
17:27:59.914 P 9425 151 118 1398 1398 0 0 596 16720
17:27:59.914 P 9427 159 203 1456 1456 1 0 -762 16658
17:27:59.914 P 9429 165 122 1420 1420 0 0 202 16820
17:27:59.914 P 9430 168 142 1426 1426 0 0 68 16788
17:27:59.914 P 9432 176 188 1458 1458 0 1 -218 16610
17:27:59.914 P 9434 186 222 1483 1483 1 0 -392 16684
17:27:59.914 P 9436 198 238 1493 1493 0 0 -414 16682
17:27:59.914 P 9437 204 245 1498 1498 0 0 -542 16608
17:27:59.914 P 9439 216 234 1508 1508 0 0 -566 16760
17:27:59.914 P 9441 228 225 1527 1527 0 1 -772 16740
17:27:59.914 P 9443 238 210 1539 1539 1 1 -414 16670
17:27:59.914 P 9445 248 228 1555 1555 0 1 -346 16676
17:27:59.914 P 9447 260 243 1572 1572 0 1 -540 16710
17:27:59.914 P 9448 266 241 1581 1581 0 1 -648 16752
17:27:59.914 P 9450 277 227 1581 1581 0 0 -912 16582
17:27:59.914 P 9452 287 192 1589 1589 0 1 -604 16634
17:27:59.914 P 9454 295 172 1601 1601 1 1 -774 16708
17:27:59.914 P 9456 302 158 1630 1630 2 2 -656 16604
17:27:59.914 P 9458 308 115 1617 1617 1 1 -1450 16558
17:27:59.914 P 9460 308 33 1596 1596 1 1 -592 16774
17:27:59.914 P 9462 308 51 1626 1626 1 2 -830 16656
17:27:59.914 P 9464 308 26 1632 1632 2 2 -1068 16702
17:27:59.914 P 9466 304 -20 1619 1619 1 2 -1044 16760
17:27:59.914 P 9468 298 -100 1592 1592 1 2 -454 16648
17:27:59.914 P 9470 290 -78 1628 1628 2 3 -970 16684
17:27:59.914 P 9472 280 -151 1590 1590 2 3 -462 16806
17:27:59.914 P 9474 269 -117 1610 1610 3 2 -558 16682
17:27:59.914 P 9476 258 -168 1574 1574 1 2 -724 16594
17:27:59.914 P 9478 245 -160 1583 1583 1 2 -892 16616
17:27:59.914 P 9480 232 -183 1575 1575 2 3 -14 16788
17:27:59.914 P 9482 220 -185 1564 1564 1 3 -1168 16524
17:27:59.914 P 9484 205 -170 1559 1559 1 2 -640 16656
17:27:59.914 P 9486 191 -219 1532 1532 2 2 -184 16638
17:27:59.914 P 9488 176 -198 1546 1546 2 3 -1116 16522
17:27:59.914 P 9490 161 -178 1549 1549 3 3 -108 16914
17:27:59.914 P 9492 149 -179 1534 1534 3 3 -436 16742
17:27:59.914 P 9494 136 -191 1511 1511 2 2 -322 16718
17:27:59.914 P 9496 123 -164 1510 1510 2 2 -508 16860
17:27:59.914 P 9498 110 -177 1500 1500 3 2 136 16626
17:27:59.914 P 9500 99 -149 1492 1492 2 2 -538 16634
17:27:59.914 P 9502 88 -130 1492 1492 1 3 -226 16804
17:27:59.914 P 9504 78 -153 1474 1474 2 3 -194 16688
17:27:59.914 P 9506 67 -134 1464 1464 1 2 -438 16572
17:27:59.914 P 9508 56 -141 1449 1449 2 3 320 16756
17:27:59.914 P 9510 48 -84 1467 1467 2 3 -1098 16700
17:27:59.914 P 9512 38 -121 1429 1429 1 2 420 16728
17:27:59.914 P 9514 31 -88 1439 1439 1 2 -1016 16642
17:27:59.914 P 9516 22 -91 1421 1421 2 1 104 16734
17:27:59.914 P 9518 16 -60 1417 1417 1 1 -194 16908
17:27:59.914 P 9520 10 -50 1424 1424 1 2 294 16708
17:27:59.914 P 9522 7 -23 1424 1424 1 2 -624 16498
17:27:59.914 P 9524 2 -45 1390 1390 0 1 256 16762
17:27:59.914 P 9526 0 -13 1409 1409 2 1 -340 16654
17:27:59.914 P 9528 -3 -19 1400 1400 1 1 -218 16744
17:27:59.914 P 9530 -6 1 1396 1396 1 1 -146 16742
17:27:59.914 P 9531 -7 7 1404 1404 1 2 -214 16704
17:27:59.914 P 9533 -8 33 1405 1405 1 1 -224 16762
17:27:59.914 P 9535 -8 29 1398 1398 1 1 94 16670
17:27:59.914 P 9537 -7 56 1399 1399 1 1 -454 16674
17:27:59.914 P 9539 -6 31 1387 1387 0 1 -370 16724
17:27:59.914 P 9541 -6 33 1369 1369 0 0 -128 16724
17:27:59.914 P 9543 -4 52 1377 1377 0 1 -686 16692
17:27:59.914 P 9545 -5 35 1374 1374 0 1 104 16776
17:27:59.914 P 9547 -3 38 1363 1363 0 0 -386 16592
17:27:59.914 P 9549 -3 33 1362 1362 0 1 -660 16642
17:27:59.914 P 9551 -3 22 1348 1348 1 0 64 16754
17:27:59.914 P 9553 -3 62 1362 1362 0 0 -28 16772
17:27:59.914 P 9554 -1 82 1361 1361 0 0 -338 16642
17:27:59.914 P 9556 2 95 1361 1361 0 0 -152 16812
17:27:59.914 P 9558 7 117 1371 1371 0 0 -418 16722
17:27:59.914 P 9560 13 124 1368 1368 0 0 -352 16734
17:27:59.914 P 9562 18 107 1354 1354 0 0 -248 16762
17:27:59.914 P 9564 22 103 1351 1351 0 0 -466 16638
17:27:59.914 P 9565 24 97 1347 1347 0 0 -340 16694
17:27:59.914 P 9567 28 88 1342 1342 0 0 -526 16736
17:27:59.914 P 9569 31 65 1332 1332 0 0 -400 16660
17:27:59.914 P 9571 33 51 1325 1325 0 0 -516 16590
17:27:59.914 P 9573 33 33 1315 1315 0 0 -400 16766
17:27:59.914 P 9574 33 28 1313 1313 0 0 -504 16708
17:27:59.914 P 9576 32 7 1301 1301 0 0 -392 16684
17:27:59.914 P 9578 31 -8 -1308 -1308 0 0 -434 16744
17:27:59.914 P 9580 28 -25 -1321 -1321 0 0 -408 16654
17:27:59.914 P 9581 26 -33 -1326 -1326 0 0 -346 16722
17:27:59.914 P 9583 21 -50 -1338 -1338 0 0 -326 16656
17:27:59.914 P 9585 16 -67 -1361 -1361 -1 0 -392 16688
17:27:59.914 P 9587 9 -82 -1383 -1383 -1 0 -330 16622
17:27:59.914 P 9589 2 -100 -1393 -1393 0 0 -346 16674
17:27:59.914 P 9590 -1 -108 -1399 -1399 0 0 -336 16658
17:27:59.914 P 9592 -10 -124 -1422 -1422 -1 0 -256 16664
17:27:59.914 P 9594 -20 -141 -1435 -1435 0 0 -244 16708
17:27:59.914 P 9596 -31 -159 -1461 -1461 -1 0 -270 16696
17:27:59.914 P 9598 -44 -178 -1477 -1477 0 0 38 16790
17:27:59.914 P 9599 -50 -164 -1484 -1484 0 -1 8 16744
17:27:59.914 P 9601 -59 -148 -1500 -1500 -1 -1 -314 16624
17:27:59.914 P 9602 -66 -181 -1526 -1526 -1 0 124 16682
17:27:59.914 P 9604 -79 -194 -1544 -1544 0 -1 -408 16636
17:27:59.914 P 9606 -96 -222 -1572 -1572 0 -1 1610 16846
17:27:59.914 P 9608 -105 -50 -1517 -1517 -1 -1 -700 16594
17:27:59.914 P 9609 -108 -84 -1538 -1538 0 -1 -586 16794
17:27:59.914 P 9611 -117 -126 -1571 -1571 -1 -1 304 16764
17:27:59.914 P 9613 -126 -116 -1585 -1585 0 -1 152 16684
17:27:59.914 P 9614 -131 -106 -1593 -1593 -2 0 216 16728
17:27:59.914 P 9616 -137 -61 -1594 -1594 -1 -2 12 16740
17:27:59.914 P 9618 -142 -43 -1591 -1591 0 -1 750 16680
17:27:59.914 P 9620 -146 -15 -1608 -1608 -1 -1 302 16816
17:27:59.914 P 9621 -148 -5 -1607 -1607 -1 -1 948 16810
17:27:59.914 P 9623 -145 85 -1583 -1583 -2 -1 -218 16804
17:27:59.914 P 9625 -144 98 -1590 -1590 -1 -2 1306 16654
17:27:59.914 P 9627 -137 133 -1587 -1587 -1 -2 66 16806
17:27:59.914 P 9628 -134 124 -1592 -1592 -2 -1 224 16682
17:27:59.914 P 9630 -129 148 -1581 -1581 -1 -2 1120 16754
17:27:59.914 P 9632 -119 189 -1555 -1555 -1 -1 -24 16696
17:27:59.914 P 9634 -111 176 -1574 -1574 -2 -1 422 16488
17:27:59.914 P 9636 -102 166 -1577 -1577 -2 -1 396 16746
17:27:59.914 P 9638 -94 201 -1567 -1567 -2 -1 330 16752
17:27:59.914 P 9639 -88 216 -1562 -1562 -1 -3 232 16748
17:27:59.914 P 9641 -78 201 -1569 -1569 -1 -3 530 16546
17:27:59.914 P 9643 -66 232 -1553 -1553 -2 -3 -112 16584
17:27:59.914 P 9644 -60 226 -1553 -1553 -2 -2 -422 16674
17:27:59.914 P 9646 -50 199 -1553 -1553 -1 -2 498 16900
17:27:59.914 P 9648 -39 210 -1543 -1543 -1 -2 66 16716
17:27:59.914 P 9650 -29 211 -1538 -1538 -1 -2 212 16544
17:27:59.914 P 9652 -17 232 -1518 -1518 -1 -1 -134 16652
17:27:59.914 P 9654 -7 198 -1528 -1528 -1 -1 48 16710
17:27:59.914 P 9656 2 196 -1531 -1531 -1 -2 66 16670
17:27:59.914 P 9658 11 195 -1526 -1526 -2 -2 -88 16666
17:27:59.914 P 9660 20 182 -1536 -1536 -2 -3 150 16778
17:27:59.914 P 9661 25 193 -1516 -1516 -2 -1 -558 16604
17:27:59.914 P 9663 34 191 -1510 -1510 -2 -1 138 16756
17:27:59.914 P 9665 43 167 -1515 -1515 -2 -1 -372 16818
17:27:59.914 P 9667 50 187 -1500 -1500 -2 -1 188 16668
17:27:59.914 P 9669 59 165 -1504 -1504 -2 -1 224 16750
17:27:59.914 P 9671 67 185 -1491 -1491 -3 -1 -608 16720
17:27:59.914 P 9673 73 132 -1503 -1503 -2 -1 620 16746
17:27:59.914 P 9675 81 175 -1481 -1481 -2 -2 -602 16578
17:27:59.914 P 9677 87 132 -1491 -1491 -1 -2 116 16900
17:27:59.914 P 9679 94 149 -1475 -1475 -2 -2 -728 16612
17:27:59.914 P 9680 96 121 -1491 -1491 -2 -2 158 16692
17:27:59.914 P 9682 101 135 -1478 -1478 -3 -1 -100 16652
17:27:59.914 P 9684 107 119 -1480 -1480 -2 -2 -746 16676
17:27:59.914 P 9686 109 121 -1467 -1467 -1 -2 432 16522
17:27:59.914 P 9688 115 122 -1464 -1464 -1 -2 -120 16754
17:28:01.716 P 9690 120 143 -1442 -1442 -2 -1 8 16654
17:28:01.716 P 9692 127 151 -1429 -1429 -2 -1 -608 16386
17:28:01.716 P 9694 131 116 -1439 -1439 -1 -2 508 16706
17:28:01.716 P 9696 136 128 -1417 -1417 -1 -1 -356 16636
17:28:01.716 P 9698 140 113 -1423 -1423 -2 -1 -238 16744
17:28:01.716 P 9700 144 119 -1410 -1410 -1 -2 -148 16674
17:28:01.716 P 9701 147 124 -1399 -1399 -2 0 -194 16648
17:28:01.716 P 9703 151 108 -1400 -1400 -1 -1 -284 16792
17:28:01.716 P 9705 154 94 -1393 -1393 -1 -1 -140 16648
17:28:01.716 P 9707 157 116 -1373 -1373 -1 -1 -8 16686
17:28:01.716 P 9709 161 100 -1370 -1370 0 -1 -488 16648
17:28:01.716 P 9711 162 70 -1382 -1382 -1 -1 -18 16784
17:28:01.716 P 9713 164 80 -1364 -1364 -1 0 -178 16768
17:28:01.716 P 9715 165 74 -1368 -1368 0 -2 224 16624
17:28:01.716 P 9717 169 104 -1344 -1344 -1 -1 -848 16652
17:28:01.716 P 9719 169 49 -1355 -1355 0 -1 42 16766
17:28:01.716 P 9721 170 67 -1344 -1344 0 -1 -154 16722
17:28:01.716 P 9723 172 92 -1332 -1332 -1 -1 -190 16748
17:28:01.716 P 9725 174 82 -1315 -1315 0 0 -210 16598
17:28:01.716 P 9726 175 65 -1321 -1321 0 -1 -198 16680
17:28:01.716 P 9728 175 34 -1333 -1333 0 -1 -382 16652
17:28:01.716 P 9730 174 29 -1316 -1316 0 0 -412 16666
17:28:01.716 P 9732 171 4 -1317 -1317 0 0 -186 16718
17:28:01.716 P 9734 169 4 -1317 -1317 0 0 -286 16608
17:28:01.716 P 9735 167 0 -1316 -1316 0 0 46 16772
17:28:01.716 P 9737 165 24 1302 1302 0 0 -246 16598
17:28:01.716 P 9739 163 30 1309 1309 0 0 52 16642
17:28:01.716 P 9741 162 39 1316 1316 0 0 -142 16596
17:28:01.716 P 9742 162 43 1319 1319 0 0 36 16606
17:28:01.716 P 9744 163 78 1348 1348 0 0 -180 16700
17:28:01.716 P 9746 165 93 1366 1366 0 1 -46 16636
17:28:01.716 P 9748 168 107 1373 1373 0 0 -130 16816
17:28:01.716 P 9749 170 120 1379 1379 0 0 -98 16728
17:28:01.716 P 9751 175 138 1399 1399 0 0 -220 16700
17:28:01.716 P 9753 182 153 1409 1409 0 0 -1580 16716
17:28:01.716 P 9754 185 106 1398 1398 0 1 -818 16648
17:28:01.716 P 9756 187 140 1412 1412 0 0 318 16818
17:28:01.716 P 9757 190 173 1429 1429 0 0 262 16870
17:28:01.716 P 9759 199 173 1442 1442 0 0 -662 16628
17:28:01.716 P 9761 207 224 1469 1469 0 0 -136 16688
17:28:01.716 P 9762 213 241 1483 1483 0 0 -736 16722
17:28:01.716 P 9764 223 227 1482 1482 0 0 -116 16754
17:28:01.716 P 9765 230 252 1500 1500 0 0 -508 16622
17:28:01.716 P 9767 243 261 1531 1531 0 0 -344 16682
17:28:01.716 P 9769 256 268 1541 1541 0 0 -608 16664
17:28:01.716 P 9770 263 269 1546 1546 0 0 -720 16590
17:28:01.716 P 9772 276 260 1568 1568 0 0 -524 16694
17:28:01.716 P 9774 289 248 1605 1605 1 1 -880 16604
17:28:01.716 P 9775 295 234 1614 1614 1 1 -628 16638
17:28:01.716 P 9777 307 237 1637 1637 1 1 -1036 16574
17:28:01.716 P 9779 313 118 1602 1602 1 1 -752 16628
17:28:01.716 P 9780 315 88 1595 1595 1 1 -1064 16696
17:28:01.716 P 9782 316 55 1609 1609 2 1 -814 16662
17:28:01.716 P 9784 313 -4 1599 1599 1 3 -342 16644
17:28:01.716 P 9786 312 -1 1615 1615 2 2 -1824 16656
17:28:01.716 P 9788 305 -62 1590 1590 2 2 -28 16646
17:28:01.716 P 9789 302 -39 1603 1603 1 2 -920 16550
17:28:01.716 P 9791 295 -98 1584 1584 2 2 -514 16666
17:28:01.716 P 9793 288 -60 1616 1616 2 2 -1264 16596
17:28:01.716 P 9795 278 -113 1578 1578 1 2 -250 16912
17:28:01.716 P 9797 270 -89 1598 1598 1 2 -1060 16560
17:28:01.716 P 9798 266 -107 1602 1602 2 3 -1040 16502
17:28:01.716 P 9800 254 -144 1591 1591 2 3 -340 16706
17:28:01.716 P 9802 245 -131 1593 1593 2 3 -1332 16708
17:28:01.716 P 9804 231 -184 1569 1569 3 3 -226 16588
17:28:01.716 P 9806 219 -163 1569 1569 3 2 -630 16712
17:28:01.716 P 9807 212 -172 1558 1558 1 3 -252 16840
17:28:01.716 P 9809 199 -172 1553 1553 1 2 -330 16794
17:28:01.716 P 9811 188 -161 1545 1545 1 2 -1276 16566
17:28:01.716 P 9813 172 -201 1527 1527 1 3 88 16874
17:28:01.716 P 9815 160 -174 1534 1534 1 3 -294 16638
17:28:01.716 P 9817 148 -140 1532 1532 1 2 -852 16744
17:28:01.716 P 9819 135 -177 1510 1510 2 2 116 16678
17:28:01.716 P 9821 125 -148 1519 1519 2 2 -566 16508
17:28:01.716 P 9823 113 -153 1503 1503 3 2 -378 16978
17:28:01.716 P 9825 103 -130 1503 1503 2 3 -428 16748
17:28:01.716 P 9827 93 -127 1494 1494 2 2 -416 16526
17:28:01.716 P 9829 83 -153 1483 1483 3 3 -516 16766
17:28:01.716 P 9831 70 -144 1456 1456 1 3 198 16788
17:28:01.716 P 9833 62 -108 1469 1469 2 2 -792 16480
17:28:01.716 P 9835 52 -117 1450 1450 1 3 410 16882
17:28:01.716 P 9837 45 -86 1456 1456 2 3 -450 16586
17:28:01.716 P 9839 37 -84 1450 1450 2 3 124 16702
17:28:01.716 P 9841 31 -72 1440 1440 1 2 -360 16732
17:28:01.716 P 9843 26 -35 1452 1452 1 2 -318 16620
17:28:01.716 P 9845 22 -45 1418 1418 1 1 -482 16660
17:28:01.716 P 9847 18 -14 1428 1428 1 1 122 16732
17:28:01.716 P 9849 16 -16 1427 1427 2 1 -806 16670
17:28:01.716 P 9851 11 -47 1402 1402 1 2 -58 16672
17:28:01.716 P 9853 8 -20 1406 1406 1 1 -492 16518
17:28:01.716 P 9855 5 -16 1401 1401 1 1 116 16858
17:28:01.716 P 9857 2 -20 1396 1396 1 2 -356 16766
17:28:01.716 P 9859 0 -12 1377 1377 0 1 -402 16664
17:28:01.716 P 9861 -2 8 1380 1380 1 1 -10 16766
17:28:01.716 P 9863 -2 27 1386 1386 1 1 -498 16758
17:28:01.716 P 9865 -3 -16 1354 1354 1 0 -292 16586
17:28:01.716 P 9867 -6 1 1354 1354 1 1 -522 16506
17:28:01.716 P 9869 -8 11 1350 1350 0 0 378 16932
17:28:01.716 P 9871 -6 69 1377 1377 1 1 -516 16700
17:28:01.716 P 9873 -4 39 1353 1353 0 1 -268 16574
17:28:01.716 P 9875 -5 30 1341 1341 0 1 24 16690
17:28:01.716 P 9877 -4 66 1345 1345 1 0 -104 16658
17:28:01.716 P 9878 -3 73 1349 1349 0 1 -290 16708
17:28:01.716 P 9880 0 89 1356 1356 0 0 -52 16672
17:28:01.716 P 9882 3 99 1348 1348 0 0 -184 16706
17:28:01.716 P 9884 7 114 1356 1356 0 0 -270 16590
17:28:01.716 P 9886 12 118 1350 1350 0 0 -16 16694
17:28:01.716 P 9888 18 134 1356 1356 0 0 -180 16594
17:28:01.716 P 9889 21 137 1357 1357 0 0 -196 16658
17:28:01.716 P 9891 27 139 1359 1359 0 0 -214 16778
17:28:01.716 P 9893 34 127 1356 1356 0 0 -360 16618
17:28:01.716 P 9895 39 122 1356 1356 0 0 -284 16692
17:28:01.716 P 9897 44 107 1352 1352 0 0 -276 16658
17:28:01.716 P 9898 46 105 1353 1353 0 0 -266 16722
17:28:01.716 P 9900 50 100 1353 1353 0 0 -272 16640
17:28:01.716 P 9902 54 90 1351 1351 0 0 -296 16736
17:28:01.716 P 9904 57 85 1352 1352 0 0 -338 16674
17:28:01.716 P 9905 58 81 1351 1351 0 0 -268 16726
17:28:01.716 P 9907 61 75 1350 1350 0 0 -350 16776
17:28:01.716 P 9909 63 70 1349 1349 0 0 -282 16710
17:28:01.716 P 9911 65 63 1348 1348 0 0 -308 16840
17:28:01.716 P 9913 67 58 1347 1347 0 0 -310 16660
17:28:01.716 P 9914 67 56 1346 1346 0 0 -256 16686
17:28:01.716 P 9916 68 49 1344 1344 0 0 -296 16638
17:28:01.716 P 9918 69 47 1344 1344 0 0 -322 16684
17:28:01.716 P 9920 69 39 1340 1340 0 0 -262 16756
17:28:01.716 P 9922 69 35 1338 1338 0 0 -286 16656
17:28:01.716 P 9924 69 31 1336 1336 0 0 -278 16734
17:28:01.716 P 9926 68 25 1333 1333 0 0 -338 16606
17:28:01.716 P 9927 68 22 1331 1331 0 0 -274 16544
17:28:01.716 P 9929 67 18 1328 1328 0 0 -318 16658
17:28:01.716 P 9931 66 13 1324 1324 0 0 -272 16614
17:28:01.716 P 9933 64 8 1320 1320 0 0 -284 16626
17:28:01.716 P 9935 62 4 1316 1316 0 0 -224 16758
17:28:01.716 P 9937 60 -1 1312 1312 0 0 -270 16702
17:28:01.716 P 9939 57 -5 1308 1308 0 0 -274 16556
17:28:01.716 P 9940 56 -8 1305 1305 0 0 -240 16686
17:28:01.716 P 9942 53 -14 -1301 -1301 0 0 -230 16714
17:28:01.716 P 9944 50 -20 -1307 -1307 0 0 -252 16652
17:28:01.716 P 9946 46 -25 -1313 -1313 0 0 -220 16764
17:28:01.716 P 9947 44 -29 -1317 -1317 0 0 -262 16690
17:28:01.716 P 9949 40 -34 -1323 -1323 0 0 -180 16746
17:28:01.716 P 9951 35 -41 -1331 -1331 0 0 -314 16814
17:28:01.716 P 9953 30 -47 -1338 -1338 0 0 -184 16626
17:28:01.716 P 9955 25 -54 -1346 -1346 0 0 -142 16718
17:28:01.716 P 9956 22 -59 -1351 -1351 0 0 -234 16660
17:28:01.716 P 9958 16 -65 -1370 -1370 -1 0 -190 16646
17:28:01.716 P 9960 10 -73 -1377 -1377 0 0 -188 16690
17:28:01.716 P 9962 3 -82 -1385 -1385 0 0 -168 16694
17:28:01.716 P 9963 0 -87 -1391 -1391 0 0 -196 16660
17:28:01.716 P 9965 -7 -96 -1402 -1402 0 0 -92 16712
17:28:01.716 P 9967 -16 -106 -1422 -1422 0 0 -86 16686
17:28:01.716 P 9968 -20 -111 -1427 -1427 0 0 -140 16710
17:28:01.716 P 9970 -29 -122 -1439 -1439 0 0 -152 16646
17:28:01.716 P 9972 -39 -135 -1452 -1452 0 0 -90 16638
17:28:01.716 P 9973 -44 -141 -1470 -1470 -1 0 -138 16686
17:28:01.716 P 9975 -55 -153 -1482 -1482 0 0 -64 16730
17:28:01.716 P 9977 -67 -169 -1498 -1498 0 0 -108 16584
17:28:01.716 P 9978 -73 -177 -1517 -1517 0 -1 -114 16616
17:28:01.716 P 9980 -87 -195 -1543 -1543 0 0 -36 16626
17:28:01.716 P 9982 -100 -192 -1578 -1578 -1 -1 76 16700
17:28:01.716 P 9984 -112 -162 -1580 -1580 0 -1 -80 16726
17:28:01.716 P 9986 -126 -77 -1558 -1558 0 -1 2370 16794
17:28:01.716 P 9988 -124 46 -1527 -1527 -1 -1 -480 16730
17:28:01.716 P 9989 -124 34 -1529 -1529 -1 0 56 16800
17:28:01.716 P 9991 -123 18 -1550 -1550 0 -1 6 16560
17:28:01.716 P 9993 -126 -9 -1576 -1576 -1 -1 32 16636
17:28:01.716 P 9995 -128 -8 -1596 -1596 -1 -2 102 16724
17:28:01.716 P 9997 -130 -7 -1602 -1602 -1 -2 100 16660
17:28:01.716 P 9999 -133 20 -1602 -1602 -1 -1 898 16850
17:28:01.716 P 10001 -130 85 -1586 -1586 -2 -1 -98 16780
17:28:01.716 P 10003 -127 100 -1589 -1589 -1 -2 908 16720
17:28:01.716 P 10005 -120 158 -1574 -1574 -2 -2 -140 16686
17:28:01.716 P 10006 -117 127 -1589 -1589 -2 -1 162 16640
17:28:01.716 P 10008 -111 166 -1567 -1567 -1 -1 668 16636
17:28:01.716 P 10010 -100 197 -1562 -1562 -1 -2 78 16814
17:28:01.716 P 10012 -92 171 -1584 -1584 -2 -2 288 16684
17:28:01.716 P 10014 -82 205 -1562 -1562 -1 -2 -14 16634
17:28:01.716 P 10016 -73 196 -1570 -1570 -2 -2 132 16744
17:28:01.716 P 10018 -62 214 -1561 -1561 -2 -2 -206 16666
17:28:01.716 P 10020 -52 214 -1559 -1559 -2 -2 332 16510
17:28:01.716 P 10022 -39 228 -1547 -1547 -3 -2 -488 16680
17:28:01.716 P 10024 -30 193 -1561 -1561 -3 -2 508 16968
17:28:01.716 P 10025 -24 214 -1537 -1537 -1 -2 -204 16840
17:28:01.716 P 10027 -14 216 -1541 -1541 -1 -3 328 16700
17:28:01.716 P 10029 -2 214 -1533 -1533 -1 -3 -546 16416
17:28:01.716 P 10031 6 187 -1540 -1540 -1 -3 12 16748
17:28:01.716 P 10033 16 192 -1530 -1530 -1 -3 -290 16658
17:28:01.716 P 10035 25 190 -1524 -1524 -1 -2 -100 16736
17:28:01.716 P 10037 34 177 -1524 -1524 -1 -2 -18 16684
17:28:01.716 P 10039 42 179 -1527 -1527 -1 -3 -338 16662
17:28:01.716 P 10041 48 141 -1541 -1541 -2 -3 664 16636
17:28:01.716 P 10043 57 183 -1515 -1515 -2 -3 -492 16650
17:28:01.716 P 10045 64 179 -1512 -1512 -2 -3 780 16772
17:28:01.716 P 10047 75 201 -1491 -1491 -2 -2 -648 16632
17:28:01.716 P 10049 82 173 -1491 -1491 -1 -3 262 16790
17:28:01.716 P 10051 90 133 -1499 -1499 -2 -2 -46 16694
17:28:03.562 P 10053 96 169 -1483 -1483 -3 -2 -508 16854
17:28:03.562 P 10055 102 126 -1494 -1494 -2 -2 -174 16618
17:28:03.562 P 10057 107 141 -1481 -1481 -3 -2 -414 16522
17:28:03.562 P 10058 110 125 -1481 -1481 -1 -2 -246 16816
17:28:03.562 P 10060 114 138 -1470 -1470 -2 -2 -156 16872
17:28:03.562 P 10062 121 141 -1464 -1464 -2 -2 -538 16908
17:28:03.562 P 10064 123 100 -1475 -1475 -1 -3 646 16554
17:28:03.562 P 10066 129 129 -1439 -1439 -1 -1 -616 16628
17:28:03.562 P 10068 132 116 -1449 -1449 -2 -1 30 16846
17:28:03.562 P 10070 138 133 -1434 -1434 -1 -2 -212 16708
17:28:03.562 P 10072 141 90 -1451 -1451 -1 -2 206 16606
17:28:03.562 P 10074 145 139 -1404 -1404 -1 -1 -240 16640
17:28:03.562 P 10075 148 142 -1403 -1403 -1 -2 -144 16744
17:28:03.562 P 10077 153 118 -1407 -1407 -2 -1 -256 16652
17:28:03.562 P 10079 156 108 -1405 -1405 -1 -1 -112 16650
17:28:03.562 P 10081 159 113 -1390 -1390 -1 -2 -252 16816
17:28:03.562 P 10083 163 98 -1386 -1386 -1 -1 -322 16692
17:28:03.562 P 10084 164 81 -1381 -1381 0 -1 -78 16618
17:28:03.562 P 10086 166 97 -1379 -1379 -1 -1 -38 16732
17:28:03.562 P 10088 169 105 -1350 -1350 -1 0 -312 16642
17:28:03.562 P 10090 172 94 -1357 -1357 -1 -1 -56 16740
17:28:03.562 P 10091 173 96 -1346 -1346 0 -1 -254 16582
17:28:03.562 P 10093 176 81 -1337 -1337 0 0 -234 16810
17:28:03.562 P 10095 177 86 -1343 -1343 -1 -1 298 16822
17:28:03.562 P 10096 178 114 -1332 -1332 -1 -1 134 16808
17:28:03.562 P 10098 184 125 -1309 -1309 -1 0 -750 16612
17:28:03.562 P 10100 187 95 -1304 -1304 0 -1 -166 16726
17:28:03.562 P 10101 189 85 1304 1304 0 0 -726 16660
17:28:03.562 P 10103 188 28 -1315 -1315 0 -1 74 16764
17:28:03.562 P 10105 186 -4 -1327 -1327 0 -1 -270 16710
17:28:03.562 P 10106 183 -11 -1325 -1325 0 0 406 16814
17:28:03.562 P 10108 182 18 -1301 -1301 0 0 -474 16626
17:28:03.562 P 10110 179 32 1302 1302 0 -1 -114 16698
17:28:03.562 P 10111 180 47 1314 1314 0 0 -480 16736
17:28:03.562 P 10113 179 45 1320 1320 0 0 -456 16708
17:28:03.562 P 10114 179 42 1321 1321 0 0 -212 16656
17:28:03.562 P 10116 179 57 1340 1340 0 0 -18 16654
17:28:03.562 P 10118 180 82 1364 1364 1 0 -148 16772
17:28:03.562 P 10119 181 89 1367 1367 0 0 -116 16698
17:28:03.562 P 10121 184 110 1388 1388 1 0 -182 16634
17:28:03.562 P 10123 188 131 1407 1407 0 0 -222 16658
17:28:03.562 P 10125 194 150 1424 1424 0 0 -328 16678
17:28:03.562 P 10126 197 156 1427 1427 0 0 -280 16714
17:28:03.562 P 10128 203 142 1420 1420 0 0 -156 16708
17:28:03.562 P 10130 209 167 1435 1435 0 0 -208 16674
17:28:03.562 P 10131 213 186 1446 1446 0 0 -124 16786
17:28:03.562 P 10133 224 241 1480 1480 0 0 -240 16734
17:28:03.562 P 10135 236 265 1503 1503 0 0 -180 16612
17:28:03.562 P 10136 243 270 1510 1510 0 0 -340 16638
17:28:03.562 P 10138 255 267 1528 1528 0 0 -324 16710
17:28:03.562 P 10140 269 294 1561 1561 0 0 -326 16682
17:28:03.562 P 10141 277 314 1585 1585 0 1 -308 16706
17:28:03.562 P 10143 295 345 1620 1620 0 1 -464 16752
17:28:03.562 P 10145 311 203 1580 1580 0 2 -706 16744
17:28:03.562 P 10146 314 185 1588 1588 1 1 -52 16792
17:28:03.562 P 10148 324 210 1614 1614 0 1 -648 16596
17:28:03.562 P 10150 334 214 1658 1658 2 2 -1084 16678
17:28:03.562 P 10152 341 131 1638 1638 1 2 -646 16798
17:28:03.562 P 10153 343 107 1633 1633 1 1 -1204 16676
17:28:03.562 P 10155 343 14 1615 1615 2 2 -292 16640
17:28:03.562 P 10157 340 -21 1613 1613 1 2 -776 16694
17:28:03.562 P 10159 335 -15 1633 1633 1 2 -612 16730
17:28:03.562 P 10160 334 -11 1637 1637 1 2 -848 16762
17:28:03.562 P 10162 327 -54 1635 1635 1 3 -360 16822
17:28:03.562 P 10164 322 -73 1639 1639 2 2 -1556 16638
17:28:03.562 P 10166 312 -123 1628 1628 2 2 -678 16664
17:28:03.562 P 10167 306 -150 1614 1614 1 3 -774 16570
17:28:03.562 P 10169 292 -173 1623 1623 2 3 -352 16892
17:28:03.562 P 10171 280 -198 1608 1608 2 3 -960 16522
17:28:03.562 P 10173 264 -198 1618 1618 3 3 -862 16562
17:28:03.562 P 10175 248 -232 1595 1595 2 3 -1126 16866
17:28:03.562 P 10177 230 -240 1582 1582 3 3 -254 16678
17:28:03.562 P 10179 213 -277 1549 1549 1 2 -242 16448
17:28:03.562 P 10181 194 -240 1563 1563 2 3 -738 16988
17:28:03.562 P 10183 177 -235 1550 1550 1 3 -426 16908
17:28:03.562 P 10184 169 -240 1552 1552 3 3 -482 16540
17:28:03.562 P 10186 151 -256 1537 1537 2 3 -278 16336
17:28:03.562 P 10188 135 -229 1523 1523 2 3 -800 16934
17:28:03.562 P 10190 118 -240 1504 1504 2 2 -482 16784
17:28:03.562 P 10192 103 -199 1521 1521 3 3 -588 16350
17:28:03.562 P 10194 87 -246 1476 1476 2 3 134 16886
17:28:03.562 P 10196 72 -196 1489 1489 3 2 -820 16814
17:28:03.562 P 10198 57 -182 1487 1487 3 3 -204 16414
17:28:03.562 P 10200 45 -182 1471 1471 3 3 34 16708
17:28:03.562 P 10201 38 -166 1454 1454 1 2 4 16908
17:28:03.562 P 10204 21 -161 1437 1437 2 2 212 16652
17:28:03.562 P 10205 17 -130 1454 1454 2 3 -406 16520
17:28:03.562 P 10207 8 -120 1445 1445 2 3 -372 16800
17:28:03.562 P 10209 -1 -127 1417 1417 1 2 -364 16784
17:28:03.562 P 10211 -11 -140 1410 1410 2 2 -548 16630
17:28:03.562 P 10213 -21 -117 1401 1401 2 2 -42 16848
17:28:03.562 P 10215 -28 -91 1390 1390 1 2 -284 16708
17:28:03.562 P 10218 -40 -110 1363 1363 2 2 -504 16690
17:28:03.562 P 10220 -48 -89 1366 1366 1 2 -96 16640
17:28:03.562 P 10221 -52 -81 1362 1362 1 2 -228 16764
17:28:03.562 P 10223 -59 -109 1327 1327 1 2 12 16590
17:28:03.562 P 10225 -66 -62 1343 1343 2 2 -176 16532
17:28:03.562 P 10227 -71 -71 1323 1323 1 1 -230 16728
17:28:03.562 P 10229 -78 -62 1315 1315 1 2 220 16766
17:28:03.562 P 10231 -81 -33 1313 1313 1 1 -588 16530
17:28:03.562 P 10233 -87 -85 -1327 -1327 2 0 210 16728
17:28:03.562 P 10235 -93 -69 -1331 -1331 1 2 78 16750
17:28:03.562 P 10237 -97 6 -1321 -1321 1 0 252 16664
17:28:03.562 P 10239 -95 53 -1322 -1322 0 0 -82 16696
17:28:03.562 P 10241 -94 66 -1334 -1334 0 0 252 16774
17:28:03.562 P 10243 -90 113 -1318 -1318 0 1 134 16734
17:28:03.562 P 10245 -83 162 -1314 -1314 0 -1 136 16686
17:28:03.562 P 10247 -74 156 -1319 -1319 0 0 -590 16678
17:28:03.562 P 10249 -68 108 -1353 -1353 0 -1 -120 16562
17:28:03.562 P 10251 -63 101 -1353 -1353 0 0 -452 16708
17:28:03.562 P 10253 -60 69 -1376 -1376 0 -1 -210 16736
17:28:03.562 P 10255 -58 46 -1383 -1383 0 0 -274 16720
17:28:03.562 P 10256 -58 36 -1388 -1388 0 0 -250 16684
17:28:03.562 P 10258 -58 17 -1396 -1396 0 0 -232 16686
17:28:03.562 P 10260 -60 -5 -1416 -1416 0 0 310 16798
17:28:03.562 P 10262 -60 12 -1405 -1405 0 0 -800 16618
17:28:03.562 P 10264 -64 -53 -1438 -1438 0 0 150 16698
17:28:03.562 P 10266 -68 -56 -1442 -1442 0 0 -630 16548
17:28:03.562 P 10268 -75 -96 -1467 -1467 0 0 54 16670
17:28:03.562 P 10269 -79 -98 -1471 -1471 0 0 -356 16712
17:28:03.562 P 10271 -88 -128 -1493 -1493 0 0 -74 16664
17:28:03.562 P 10273 -97 -144 -1509 -1509 0 0 -302 16708
17:28:03.562 P 10275 -109 -168 -1532 -1532 0 0 -46 16672
17:28:03.562 P 10277 -121 -183 -1571 -1571 -1 -1 -62 16752
17:28:03.562 P 10279 -134 -195 -1584 -1584 0 0 128 16686
17:28:03.562 P 10281 -148 -201 -1613 -1613 0 0 158 16688
17:28:03.562 P 10283 -162 -196 -1651 -1651 -1 0 162 16714
17:28:03.562 P 10285 -176 -157 -1668 -1668 -1 -2 866 16656
17:28:03.562 P 10287 -181 13 -1616 -1616 -1 -1 1082 17072
17:28:03.562 P 10289 -176 147 -1581 -1581 -2 -1 260 16790
17:28:03.562 P 10291 -168 161 -1586 -1586 -2 -2 494 16516
17:28:03.562 P 10293 -159 165 -1608 -1608 -2 -3 -154 16820
17:28:03.562 P 10295 -151 197 -1590 -1590 -2 -2 498 16800
17:28:03.562 P 10297 -140 220 -1588 -1588 -2 -2 424 16656
17:28:03.562 P 10299 -128 199 -1593 -1593 -1 -2 326 16714
17:28:03.562 P 10301 -117 225 -1582 -1582 -1 -2 16 16712
17:28:03.562 P 10304 -100 239 -1586 -1586 -3 -2 472 16702
17:28:03.562 P 10306 -88 210 -1593 -1593 -2 -2 464 16956
17:28:03.562 P 10308 -75 274 -1562 -1562 -2 -2 -398 16670
17:28:03.562 P 10310 -62 235 -1569 -1569 -1 -2 890 16464
17:28:03.562 P 10312 -48 254 -1575 -1575 -2 -3 -186 16770
17:28:03.562 P 10314 -36 259 -1557 -1557 -2 -3 88 16852
17:28:03.562 P 10316 -22 259 -1559 -1559 -2 -3 334 16654
17:28:03.562 P 10318 -7 293 -1531 -1531 -3 -2 -552 16632
17:28:03.562 P 10320 5 242 -1545 -1545 -2 -2 702 16934
17:28:03.562 P 10322 20 264 -1533 -1533 -3 -3 -1150 16394
17:28:03.562 P 10324 31 253 -1528 -1528 -2 -3 864 16562
17:28:03.562 P 10326 47 282 -1491 -1491 -1 -3 -654 16870
17:28:03.562 P 10328 58 239 -1502 -1502 -2 -2 82 16486
17:28:03.562 P 10330 70 199 -1515 -1515 -2 -3 -230 16446
17:28:03.562 P 10332 79 211 -1495 -1495 -2 -2 -288 16892
17:28:03.562 P 10334 89 184 -1494 -1494 -2 -1 -56 16712
17:28:03.562 P 10336 97 189 -1490 -1490 -2 -2 -82 16454
17:28:03.562 P 10338 106 187 -1479 -1479 -2 -2 -632 16692
17:28:03.562 P 10340 114 181 -1463 -1463 -1 -1 -104 16794
17:28:03.562 P 10342 121 141 -1475 -1475 -1 -1 -272 16604
17:28:03.562 P 10344 127 179 -1453 -1453 -2 -1 -388 16544
17:28:03.562 P 10346 135 146 -1456 -1456 -2 -1 64 16782
17:28:03.562 P 10348 141 154 -1453 -1453 -2 -2 -800 16722
17:28:03.562 P 10350 145 121 -1451 -1451 -2 -1 576 16714
17:28:03.562 P 10352 152 155 -1426 -1426 -1 -1 -798 16620
17:28:03.562 P 10354 157 105 -1446 -1446 -1 -2 130 16872
17:28:03.562 P 10356 161 116 -1432 -1432 -2 -2 -728 16610
17:28:03.562 P 10358 163 101 -1423 -1423 -1 -2 134 16662
17:28:03.562 P 10360 167 125 -1405 -1405 -1 -1 -4 16774
17:28:03.562 P 10361 170 128 -1402 -1402 -1 -2 -738 16768
17:28:03.562 P 10363 172 93 -1407 -1407 -1 -1 690 16474
17:28:03.562 P 10365 178 132 -1387 -1387 -2 -1 -986 16460
17:28:03.562 P 10367 180 90 -1390 -1390 0 -2 206 16832
17:28:03.562 P 10369 183 77 -1394 -1394 -2 -1 -52 16854
17:28:03.562 P 10371 185 100 -1360 -1360 0 -1 -644 16508
17:28:03.562 P 10373 186 65 -1383 -1383 -2 -1 178 16720
17:28:03.562 P 10375 189 109 -1354 -1354 -1 -1 -548 16702
17:28:03.562 P 10377 191 89 -1340 -1340 0 -1 200 16716
17:28:03.562 P 10379 195 103 -1331 -1331 0 -1 -632 16612
17:28:03.562 P 10381 197 84 -1322 -1322 0 0 -40 16686
17:28:03.562 P 10383 199 69 -1325 -1325 0 -1 -442 16692
17:28:03.562 P 10385 199 62 -1328 -1328 -1 0 18 16660
17:28:03.562 P 10387 200 66 -1316 -1316 -1 0 -450 16696
17:28:03.562 P 10389 201 56 -1305 -1305 0 -1 -568 16698
17:28:03.562 P 10391 201 34 -1305 -1305 0 0 -280 16642
17:28:03.562 P 10392 200 31 1302 1302 0 0 -296 16646
17:28:03.562 P 10394 199 25 1302 1302 -1 0 -374 16582
17:28:03.562 P 10396 196 9 1305 1305 0 0 -114 16718
17:28:03.562 P 10398 193 6 1317 1317 0 0 -108 16622
17:28:03.562 P 10400 190 -3 1323 1323 0 0 -244 16628
17:28:03.562 P 10402 187 0 1331 1331 0 1 -102 16768
17:28:03.562 P 10403 185 13 1335 1335 0 0 -94 16776
17:28:03.562 P 10405 184 45 1366 1366 1 1 -104 16726
17:28:05.398 P 10407 187 45 1371 1371 0 0 -1906 16556
17:28:05.398 P 10409 182 4 1339 1339 0 0 276 16776
17:28:05.398 P 10411 181 71 1365 1365 0 0 206 16756
17:28:05.398 P 10413 184 124 1389 1389 0 0 118 16724
17:28:05.398 P 10414 187 142 1399 1399 0 0 -22 16806
17:28:05.398 P 10416 193 149 1407 1407 0 0 -438 16762
17:28:05.398 P 10418 199 160 1416 1416 0 0 -146 16602
17:28:05.398 P 10420 207 188 1436 1436 0 0 -254 16696
17:28:05.398 P 10422 216 221 1460 1460 0 0 -308 16646
17:28:05.398 P 10424 228 239 1479 1479 0 0 -324 16678
17:28:05.398 P 10425 234 246 1487 1487 0 0 -284 16702
17:28:05.398 P 10427 246 259 1516 1516 1 0 -406 16644
17:28:05.398 P 10429 259 275 1541 1541 0 0 -284 16698
17:28:05.398 P 10431 274 301 1563 1563 0 0 -392 16708
17:28:05.398 P 10433 290 333 1611 1611 1 1 -504 16668
17:28:05.398 P 10435 307 252 1598 1598 0 1 -670 16728
17:28:05.398 P 10437 319 238 1619 1619 0 1 -1548 16558
17:28:05.398 P 10439 326 130 1595 1595 1 1 -734 16594
17:28:05.398 P 10441 330 118 1618 1618 1 1 -1454 16746
17:28:05.398 P 10443 331 23 1592 1592 1 2 -612 16620
17:28:05.398 P 10445 328 10 1597 1597 1 2 -902 16674
17:28:05.398 P 10447 326 19 1619 1619 2 2 -524 16618
17:28:05.398 P 10448 326 24 1627 1627 1 2 -1074 16658
17:28:05.398 P 10450 322 -58 1606 1606 2 2 -724 16604
17:28:05.398 P 10452 315 -57 1606 1606 1 2 -530 16780
17:28:05.398 P 10454 308 -77 1613 1613 2 2 -528 16638
17:28:05.398 P 10456 300 -109 1604 1604 1 2 -1330 16528
17:28:05.398 P 10458 289 -123 1602 1602 3 2 -342 16824
17:28:05.398 P 10460 280 -144 1592 1592 2 2 -1350 16496
17:28:05.398 P 10462 266 -147 1595 1595 2 3 -210 16616
17:28:05.398 P 10464 255 -188 1578 1578 2 3 -530 16806
17:28:05.398 P 10466 240 -160 1588 1588 2 3 -1322 16702
17:28:05.398 P 10468 226 -197 1562 1562 2 2 98 16912
17:28:05.398 P 10469 220 -162 1571 1571 2 2 -722 16828
17:28:05.398 P 10471 207 -204 1546 1546 2 2 -474 16626
17:28:05.398 P 10473 193 -178 1558 1558 1 3 -644 16634
17:28:05.398 P 10475 179 -191 1541 1541 1 3 -616 16800
17:28:05.398 P 10477 166 -171 1550 1550 2 3 -1008 16506
17:28:05.398 P 10479 152 -193 1527 1527 3 2 -174 16708
17:28:05.398 P 10481 138 -202 1520 1520 3 3 -526 16720
17:28:05.398 P 10483 124 -155 1530 1530 3 3 -378 16854
17:28:05.398 P 10485 111 -189 1493 1493 3 2 248 16392
17:28:05.398 P 10487 100 -145 1507 1507 3 2 -830 16450
17:28:05.398 P 10489 88 -154 1474 1474 2 1 -68 16818
17:28:05.398 P 10491 77 -141 1477 1477 2 2 -398 16688
17:28:05.398 P 10493 67 -122 1474 1474 1 3 -268 16576
17:28:05.398 P 10495 59 -95 1478 1478 2 2 -368 16730
17:28:05.398 P 10497 50 -129 1444 1444 1 2 -174 16752
17:28:05.398 P 10499 41 -90 1468 1468 2 3 -672 16678
17:28:05.398 P 10501 33 -118 1440 1440 2 3 118 16756
17:28:05.398 P 10502 29 -92 1429 1429 1 1 -134 16724
17:28:05.398 P 10504 23 -73 1442 1442 2 2 -200 16662
17:28:05.398 P 10506 17 -60 1440 1440 2 2 -702 16820
17:28:05.398 P 10508 11 -67 1411 1411 1 1 118 16936
17:28:05.398 P 10510 6 -61 1413 1413 1 2 -488 16658
17:28:05.398 P 10512 0 -76 1387 1387 1 2 -14 16740
17:28:05.398 P 10514 -4 -28 1397 1397 1 2 -468 16658
17:28:05.398 P 10516 -8 -64 1378 1378 2 1 -306 16698
17:28:05.398 P 10518 -12 -14 1390 1390 1 1 -146 16730
17:28:05.398 P 10520 -15 -45 1372 1372 2 2 -530 16766
17:28:05.398 P 10522 -21 -49 1342 1342 0 1 -64 16670
17:28:05.398 P 10524 -25 -38 1348 1348 1 2 -128 16618
17:28:05.398 P 10526 -28 -16 1341 1341 1 1 -628 16732
17:28:05.398 P 10528 -31 -15 1326 1326 0 1 220 16706
17:28:05.398 P 10530 -33 -6 1311 1311 0 0 -394 16606
17:28:05.398 P 10532 -35 -1 1326 1326 0 1 -236 16672
17:28:05.398 P 10534 -36 -6 1309 1309 1 1 -382 16676
17:28:05.398 P 10536 -39 -5 -1304 -1304 0 1 208 16646
17:28:05.398 P 10538 -40 34 -1302 -1302 0 1 86 16724
17:28:05.398 P 10540 -38 90 1306 1306 0 0 24 16718
17:28:05.398 P 10542 -32 131 1316 1316 0 0 -156 16686
17:28:05.398 P 10544 -27 98 -1305 -1305 0 0 -222 16830
17:28:05.398 P 10546 -23 98 -1308 -1308 0 0 -406 16536
17:28:05.398 P 10548 -19 99 -1309 -1309 0 0 -360 16700
17:28:05.398 P 10550 -15 66 -1325 -1325 0 0 -420 16790
17:28:05.398 P 10552 -14 53 -1333 -1333 0 0 -360 16614
17:28:05.398 P 10554 -13 33 -1344 -1344 0 0 -272 16654
17:28:05.398 P 10556 -14 12 -1354 -1354 0 0 -320 16654
17:28:05.398 P 10557 -14 7 -1357 -1357 0 0 -380 16596
17:28:05.398 P 10559 -16 -11 -1369 -1369 0 0 -356 16624
17:28:05.398 P 10561 -19 -32 -1383 -1383 0 0 -300 16776
17:28:05.398 P 10563 -23 -49 -1395 -1395 0 0 -272 16644
17:28:05.398 P 10565 -29 -66 -1408 -1408 0 0 -338 16638
17:28:05.398 P 10567 -35 -86 -1425 -1425 0 0 -246 16818
17:28:05.398 P 10569 -43 -103 -1441 -1441 0 0 -202 16788
17:28:05.398 P 10570 -47 -113 -1449 -1449 0 0 -260 16752
17:28:05.398 P 10572 -56 -133 -1476 -1476 0 0 -232 16718
17:28:05.398 P 10574 -67 -153 -1494 -1494 0 0 -234 16634
17:28:05.398 P 10576 -79 -176 -1523 -1523 0 0 -214 16678
17:28:05.398 P 10578 -92 -198 -1561 -1561 0 -1 -212 16706
17:28:05.398 P 10580 -106 -222 -1606 -1606 0 -1 -76 16766
17:28:05.398 P 10582 -120 -179 -1603 -1603 0 -1 -46 16680
17:28:05.398 P 10584 -128 50 -1532 -1532 -1 -1 116 16610
17:28:05.398 P 10586 -126 18 -1550 -1550 -1 -1 164 16806
17:28:05.398 P 10588 -127 42 -1559 -1559 0 -1 206 16604
17:28:05.398 P 10590 -125 54 -1559 -1559 -1 -1 444 16642
17:28:05.398 P 10592 -123 64 -1574 -1574 -1 -1 -282 16778
17:28:05.398 P 10594 -123 40 -1583 -1583 0 -1 510 16744
17:28:05.398 P 10596 -120 80 -1589 -1589 -1 -2 414 16602
17:28:05.398 P 10598 -117 76 -1591 -1591 -2 -1 -194 16798
17:28:05.398 P 10601 -112 123 -1587 -1587 -2 -2 -224 16554
17:28:05.398 P 10603 -106 139 -1597 -1597 -2 -2 362 16794
17:28:05.398 P 10605 -99 158 -1582 -1582 -1 -3 -18 16634
17:28:05.398 P 10607 -92 154 -1593 -1593 -1 -2 578 16418
17:28:05.398 P 10609 -82 174 -1589 -1589 -2 -2 28 16752
17:28:05.398 P 10611 -73 201 -1577 -1577 -1 -3 444 16660
17:28:05.398 P 10613 -63 183 -1583 -1583 -1 -2 194 16670
17:28:05.398 P 10615 -54 215 -1563 -1563 -1 -2 -200 16730
17:28:05.398 P 10617 -44 192 -1578 -1578 -1 -2 898 16904
17:28:05.398 P 10619 -30 262 -1533 -1533 -1 -2 -538 16550
17:28:05.398 P 10621 -20 214 -1556 -1556 -1 -2 298 16724
17:28:05.398 P 10623 -8 209 -1567 -1567 -2 -3 162 16806
17:28:05.398 P 10625 1 237 -1550 -1550 -2 -3 8 16882
17:28:05.398 P 10627 12 212 -1546 -1546 -2 -2 612 16782
17:28:05.398 P 10629 26 278 -1507 -1507 -2 -2 -1058 16524
17:28:05.398 P 10631 36 195 -1534 -1534 -2 -2 1002 16834
17:28:05.398 P 10633 50 254 -1498 -1498 -1 -2 -902 16792
17:28:05.398 P 10635 59 211 -1515 -1515 -1 -3 314 16644
17:28:05.398 P 10637 71 205 -1503 -1503 -1 -3 -678 16542
17:28:05.398 P 10639 80 199 -1495 -1495 -1 -2 -80 16838
17:28:05.398 P 10641 90 179 -1505 -1505 -2 -3 -286 16794
17:28:05.398 P 10643 97 178 -1497 -1497 -2 -2 -322 16536
17:28:05.398 P 10645 105 170 -1481 -1481 -1 -2 -586 16712
17:28:05.398 P 10647 112 168 -1476 -1476 -1 -1 236 16816
17:28:05.398 P 10648 116 182 -1467 -1467 -1 -3 -588 16678
17:28:05.398 P 10650 123 148 -1480 -1480 -1 -3 312 16646
17:28:05.398 P 10652 131 180 -1452 -1452 -1 -3 -782 16526
17:28:05.398 P 10654 136 150 -1458 -1458 -2 -2 248 16780
17:28:05.398 P 10656 145 168 -1440 -1440 -2 -2 -1006 16634
17:28:05.398 P 10658 150 146 -1435 -1435 -2 -1 196 16684
17:28:05.398 P 10660 157 130 -1430 -1430 -2 -1 -702 16656
17:28:05.398 P 10662 159 95 -1448 -1448 -2 -1 104 16784
17:28:05.398 P 10664 163 101 -1439 -1439 -2 -2 -612 16688
17:28:05.398 P 10666 166 103 -1424 -1424 -1 -2 -62 16698
17:28:05.398 P 10668 169 107 -1408 -1408 -1 -1 -74 16762
17:28:05.398 P 10670 173 81 -1410 -1410 0 -1 -446 16700
17:28:05.398 P 10672 173 95 -1409 -1409 -1 -2 -118 16514
17:28:05.398 P 10674 176 60 -1410 -1410 -1 -1 40 16746
17:28:05.398 P 10676 177 87 -1397 -1397 -1 -2 -698 16608
17:28:05.398 P 10677 178 73 -1388 -1388 -1 0 -92 16714
17:28:05.398 P 10679 180 112 -1372 -1372 -1 -1 -438 16682
17:28:05.398 P 10681 182 67 -1366 -1366 0 0 66 16666
17:28:05.398 P 10683 184 93 -1363 -1363 -1 -1 -268 16750
17:28:05.398 P 10685 186 95 -1350 -1350 -1 0 202 16770
17:28:05.398 P 10687 191 125 -1325 -1325 -1 -1 -684 16650
17:28:05.398 P 10689 193 86 -1338 -1338 -1 -1 -148 16664
17:28:05.398 P 10691 195 85 -1325 -1325 0 -1 -330 16716
17:28:05.398 P 10693 197 78 -1318 -1318 0 -1 -58 16702
17:28:05.398 P 10695 199 104 1302 1302 -1 0 -138 16702
17:28:05.398 P 10697 203 112 1314 1314 -1 0 -284 16632
17:28:05.398 P 10699 207 85 1318 1318 0 0 -1064 16590
17:28:05.398 P 10700 207 35 1302 1302 0 0 -676 16632
17:28:05.398 P 10702 203 -20 -1313 -1313 0 0 -92 16748
17:28:05.398 P 10704 198 -16 1302 1302 0 0 222 16762
17:28:05.398 P 10706 196 44 1334 1334 0 0 -320 16600
17:28:05.398 P 10708 195 48 1348 1348 0 0 24 16868
17:28:05.398 P 10710 196 74 1381 1381 1 1 -280 16650
17:28:05.398 P 10712 198 97 1388 1388 0 0 -156 16592
17:28:05.398 P 10714 202 114 1395 1395 0 0 -234 16832
17:28:05.398 P 10715 204 124 1401 1401 0 0 -162 16804
17:28:05.398 P 10717 209 146 1414 1414 0 0 -238 16686
17:28:05.398 P 10719 215 164 1426 1426 0 0 -142 16644
17:28:05.398 P 10721 223 187 1444 1444 0 0 -220 16734
17:28:05.398 P 10723 232 205 1460 1460 0 0 -272 16632
17:28:05.398 P 10725 242 228 1481 1481 0 0 -274 16666
17:28:05.398 P 10726 248 240 1492 1492 0 0 -256 16698
17:28:05.398 P 10728 260 263 1514 1514 0 0 -330 16738
17:28:05.398 P 10730 273 286 1548 1548 0 1 -308 16736
17:28:05.398 P 10732 288 312 1572 1572 0 0 -338 16604
17:28:05.398 P 10734 305 340 1617 1617 0 1 -388 16782
17:28:05.398 P 10736 325 358 1639 1639 0 0 -2252 16532
17:28:05.398 P 10737 333 290 1631 1631 1 1 -1118 16576
17:28:05.398 P 10739 347 301 1678 1678 2 1 -1162 16694
17:28:05.398 P 10741 360 226 1675 1675 1 2 -1054 16786
17:28:05.398 P 10743 368 156 1681 1681 2 1 -1198 16516
17:28:05.398 P 10745 371 39 1661 1661 2 2 -1532 16546
17:28:05.398 P 10747 365 -72 1623 1623 1 2 -724 16632
17:28:05.398 P 10749 356 -134 1610 1610 2 1 -2006 16590
17:28:05.398 P 10751 341 -201 1590 1590 1 3 68 16662
17:28:05.398 P 10753 329 -142 1629 1629 1 3 -1724 16618
17:28:05.398 P 10754 322 -178 1618 1618 3 2 -912 16626
17:28:05.398 P 10756 308 -197 1610 1610 3 3 -1058 16690
17:28:05.398 P 10758 291 -233 1589 1589 3 3 -534 16680
17:28:05.398 P 10760 274 -241 1586 1586 3 3 -232 16624
17:28:05.398 P 10762 259 -215 1586 1586 2 3 -1362 16584
17:28:05.398 P 10764 240 -255 1561 1561 2 3 -110 16640
17:28:05.398 P 10766 224 -228 1567 1567 3 2 -594 16832
17:28:05.398 P 10767 215 -222 1556 1556 1 3 -346 16716
17:28:05.398 P 10769 201 -205 1577 1577 3 3 -1046 16656
17:28:05.398 P 10771 185 -214 1554 1554 3 3 -200 16946
17:28:07.214 P 10773 170 -222 1529 1529 2 2 -710 16656
17:28:07.214 P 10775 154 -212 1536 1536 3 3 -416 16658
17:28:07.214 P 10777 139 -193 1527 1527 3 3 -538 16628
17:28:07.214 P 10779 124 -205 1502 1502 2 2 76 16750
17:28:07.214 P 10781 111 -178 1498 1498 1 2 -712 16604
17:28:07.214 P 10782 104 -191 1500 1500 3 3 218 16700
17:28:07.214 P 10784 93 -147 1499 1499 3 2 -790 16610
17:28:07.214 P 10786 81 -146 1499 1499 3 3 -384 16690
17:28:07.214 P 10788 69 -144 1490 1490 3 3 -100 16902
17:28:07.214 P 10790 60 -101 1484 1484 2 3 -538 16876
17:28:07.214 P 10792 51 -116 1462 1462 1 2 -586 16886
17:28:07.214 P 10794 42 -114 1451 1451 1 2 -116 16642
17:28:07.214 P 10796 34 -95 1441 1441 1 1 -488 16604
17:28:07.214 P 10798 26 -97 1433 1433 1 1 -148 16796
17:28:07.214 P 10800 19 -84 1427 1427 2 1 -312 16660
17:28:07.214 P 10802 13 -56 1439 1439 2 1 -948 16660
17:28:07.214 P 10804 7 -68 1414 1414 1 1 8 16780
17:28:07.214 P 10806 1 -75 1404 1404 1 1 -636 16658
17:28:07.214 P 10808 -5 -69 1403 1403 2 2 240 16648
17:28:07.214 P 10810 -10 -60 1386 1386 1 1 -492 16710
17:28:07.214 P 10812 -16 -64 1385 1385 1 3 46 16746
17:28:07.214 P 10814 -19 -2 1411 1411 2 2 -902 16532
17:28:07.214 P 10816 -24 -64 1347 1347 1 1 316 16770
17:28:07.214 P 10818 -27 -3 1371 1371 1 1 -448 16786
17:28:07.214 P 10820 -29 -14 1363 1363 1 2 -304 16670
17:28:07.214 P 10822 -32 -10 1341 1341 0 1 -44 16712
17:28:07.214 P 10824 -34 -16 1339 1339 0 1 -262 16764
17:28:07.214 P 10826 -36 6 1334 1334 0 1 -414 16668
17:28:07.214 P 10828 -38 5 1333 1333 1 1 256 16674
17:28:07.214 P 10830 -38 21 1331 1331 0 1 -498 16650
17:28:07.214 P 10832 -39 -5 1311 1311 0 1 -218 16634
17:28:07.214 P 10834 -41 -10 -1306 -1306 0 1 -266 16768
17:28:07.214 P 10836 -43 6 1301 1301 1 1 -218 16648
17:28:07.214 P 10838 -44 44 1309 1309 1 0 316 16780
17:28:07.214 P 10840 -41 79 1305 1305 0 0 -118 16678
17:28:07.214 P 10842 -36 104 1313 1313 0 0 -740 16640
17:28:07.214 P 10844 -33 47 -1317 -1317 0 0 -242 16686
17:28:07.214 P 10846 -32 36 -1336 -1336 -1 0 -346 16688
17:28:07.214 P 10848 -33 37 -1345 -1345 0 0 322 16654
17:28:07.214 P 10850 -31 66 -1346 -1346 -1 0 -180 16792
17:28:07.214 P 10851 -30 60 -1347 -1347 0 0 -430 16460
17:28:07.214 P 10853 -29 34 -1359 -1359 0 0 -496 16716
17:28:07.214 P 10855 -29 9 -1382 -1382 0 0 -268 16690
17:28:07.214 P 10857 -31 -12 -1402 -1402 -1 0 -280 16638
17:28:07.214 P 10859 -34 -31 -1410 -1410 0 0 -264 16626
17:28:07.214 P 10861 -39 -53 -1422 -1422 0 0 -266 16678
17:28:07.214 P 10863 -44 -71 -1443 -1443 -1 0 -332 16648
17:28:07.214 P 10865 -51 -95 -1457 -1457 0 0 -230 16678
17:28:07.214 P 10867 -59 -113 -1470 -1470 0 0 -322 16724
17:28:07.214 P 10868 -64 -126 -1490 -1490 -1 0 -234 16766
17:28:07.214 P 10870 -74 -134 -1507 -1507 0 0 -52 16702
17:28:07.214 P 10872 -82 -127 -1506 -1506 0 0 -284 16682
17:28:07.214 P 10874 -93 -164 -1530 -1530 0 0 -206 16530
17:28:07.214 P 10876 -106 -193 -1562 -1562 0 0 -120 16698
17:28:07.214 P 10878 -120 -216 -1591 -1591 0 0 -168 16712
17:28:07.214 P 10880 -136 -251 -1638 -1638 -1 -1 -220 16650
17:28:07.214 P 10882 -154 -280 -1659 -1659 0 0 22 16704
17:28:07.214 P 10884 -174 -262 -1707 -1707 -1 -1 2064 16968
17:28:07.214 P 10886 -181 16 -1619 -1619 -2 -1 -76 16792
17:28:07.214 P 10888 -181 94 -1598 -1598 -1 -1 1702 16922
17:28:07.214 P 10890 -171 193 -1572 -1572 -1 -2 -382 16670
17:28:07.214 P 10892 -164 166 -1603 -1603 -2 -2 980 16624
17:28:07.214 P 10894 -153 192 -1597 -1597 -2 -2 -198 16732
17:28:07.214 P 10896 -144 201 -1609 -1609 -3 -3 562 16700
17:28:07.214 P 10898 -132 212 -1599 -1599 -2 -2 -316 16702
17:28:07.214 P 10900 -123 196 -1601 -1601 -1 -2 568 16692
17:28:07.214 P 10902 -111 217 -1601 -1601 -1 -3 -300 16692
17:28:07.214 P 10905 -93 257 -1596 -1596 -3 -3 92 16612
17:28:07.214 P 10907 -80 247 -1600 -1600 -3 -3 172 16650
17:28:07.214 P 10909 -67 247 -1585 -1585 -2 -2 202 16810
17:28:07.214 P 10911 -54 263 -1580 -1580 -1 -3 20 16736
17:28:07.214 P 10913 -39 278 -1572 -1572 -2 -3 -404 16594
17:28:07.214 P 10915 -26 282 -1560 -1560 -2 -3 326 16588
17:28:07.214 P 10917 -10 266 -1562 -1562 -2 -2 -126 16856
17:28:07.214 P 10919 3 286 -1558 -1558 -3 -3 -6 16660
17:28:07.214 P 10921 18 267 -1550 -1550 -3 -3 -210 16634
17:28:07.214 P 10923 30 262 -1536 -1536 -2 -2 126 16712
17:28:07.214 P 10925 45 291 -1516 -1516 -3 -2 -442 16710
17:28:07.214 P 10927 59 284 -1506 -1506 -3 -3 392 16624
17:28:07.214 P 10929 75 258 -1502 -1502 -2 -3 -654 16504
17:28:07.214 P 10931 85 253 -1483 -1483 -2 -1 262 16892
17:28:07.214 P 10933 98 226 -1485 -1485 -1 -2 -168 16656
17:28:07.214 P 10935 109 234 -1474 -1474 -2 -2 -492 16418
17:28:07.214 P 10937 119 195 -1487 -1487 -2 -3 -32 16748
17:28:07.214 P 10939 129 206 -1466 -1466 -2 -2 -654 16832
17:28:07.214 P 10941 138 189 -1465 -1465 -2 -3 70 16570
17:28:07.214 P 10943 148 204 -1445 -1445 -2 -2 -968 16530
17:28:07.214 P 10945 155 167 -1447 -1447 -2 -2 520 16874
17:28:07.214 P 10947 165 180 -1425 -1425 -1 -2 -932 16692
17:28:07.214 P 10949 169 144 -1442 -1442 -2 -2 582 16858
17:28:07.214 P 10951 177 135 -1435 -1435 -2 -2 -754 16548
17:28:07.214 P 10953 180 133 -1423 -1423 -2 -2 38 16822
17:28:07.214 P 10955 186 107 -1421 -1421 -1 -2 -286 16748
17:28:07.214 P 10957 190 140 -1397 -1397 -1 -2 -368 16710
17:28:07.214 P 10958 193 147 -1388 -1388 -1 -2 -840 16556
17:28:07.214 P 10960 197 106 -1402 -1402 -1 -2 -6 16738
17:28:07.214 P 10962 202 134 -1374 -1374 -2 -1 -596 16754
17:28:07.214 P 10964 205 96 -1371 -1371 0 -1 164 16638
17:28:07.214 P 10966 209 119 -1363 -1363 -1 -1 -224 16644
17:28:07.214 P 10968 214 149 -1331 -1331 -1 -1 -712 16630
17:28:07.214 P 10970 217 73 -1366 -1366 -1 -1 266 16794
17:28:07.214 P 10972 219 113 -1326 -1326 0 -1 -642 16718
17:28:07.214 P 10974 222 75 -1340 -1340 -1 -1 126 16736
17:28:07.214 P 10976 224 89 -1330 -1330 -1 -1 -622 16714
17:28:07.214 P 10978 224 69 -1321 -1321 0 -1 114 16754
17:28:07.214 P 10980 227 105 1312 1312 0 -1 -384 16660
17:28:07.214 P 10982 229 77 -1308 -1308 -1 -1 -564 16638
17:28:07.214 P 10984 229 33 1301 1301 0 0 -244 16688
17:28:07.214 P 10986 228 42 1307 1307 0 -1 -756 16576
17:28:07.214 P 10988 226 4 1307 1307 0 0 304 16778
17:28:07.214 P 10990 225 20 1328 1328 0 0 -950 16622
17:28:07.214 P 10992 220 -12 1318 1318 0 0 100 16638
17:28:07.214 P 10993 219 6 1329 1329 0 0 -264 16724
17:28:07.214 P 10995 216 25 1341 1341 0 0 -124 16720
17:28:07.214 P 10997 216 57 1361 1361 0 0 -156 16750
17:28:07.214 P 10999 216 76 1373 1373 0 0 -150 16754
17:28:07.214 P 11001 219 103 1391 1391 0 0 -158 16642
17:28:07.214 P 11002 220 110 1396 1396 0 0 -164 16770
17:28:07.214 P 11004 225 134 1413 1413 0 0 -226 16674
17:28:07.214 P 11006 231 158 1431 1431 0 0 -222 16660
17:28:07.214 P 11008 238 181 1449 1449 0 0 -276 16752
17:28:07.214 P 11010 246 205 1470 1470 0 0 -268 16784
17:28:07.214 P 11012 256 229 1501 1501 0 1 -262 16572
17:28:07.214 P 11014 268 256 1522 1522 0 0 -272 16772
17:28:07.214 P 11015 274 266 1532 1532 0 0 -322 16722
17:28:07.214 P 11017 288 293 1575 1575 0 1 -340 16702
17:28:07.214 P 11019 304 322 1618 1618 1 1 -472 16742
17:28:07.214 P 11021 323 284 1626 1626 0 1 -2766 16508
17:28:07.214 P 11023 332 228 1633 1633 1 1 -864 16670
17:28:07.214 P 11025 342 195 1644 1644 0 2 -646 16774
17:28:07.214 P 11027 351 168 1672 1672 2 2 -1144 17016
17:28:07.214 P 11029 354 61 1636 1636 1 1 -1254 16730
17:28:07.214 P 11031 351 -35 1613 1613 1 1 -1360 16516
17:28:07.214 P 11033 342 -126 1590 1590 2 2 -1016 16616
17:28:07.214 P 11035 329 -193 1577 1577 2 3 -1088 16770
17:28:07.214 P 11037 313 -201 1553 1553 1 2 -146 16570
17:28:07.214 P 11039 298 -224 1544 1544 1 3 -504 16622
17:28:07.214 P 11041 284 -130 1587 1587 2 2 -1136 16742
17:28:07.214 P 11043 273 -133 1585 1585 2 2 186 16758
17:28:07.214 P 11045 266 -82 1607 1607 2 1 -1412 16620
17:28:07.214 P 11047 256 -117 1596 1596 2 3 -544 16798
17:28:07.214 P 11048 252 -117 1593 1593 2 2 -1400 16610
17:28:07.214 P 11050 239 -185 1560 1560 2 2 -928 16532
17:28:07.214 P 11052 225 -204 1547 1547 3 2 -592 16832
17:28:07.214 P 11054 210 -196 1546 1546 3 3 -774 16624
17:28:07.214 P 11056 196 -177 1537 1537 2 2 -846 16484
17:28:07.214 P 11058 183 -178 1531 1531 2 2 -306 16698
17:28:07.214 P 11059 176 -171 1526 1526 2 2 -806 16682
17:28:07.214 P 11061 162 -180 1504 1504 1 2 -64 16844
17:28:07.214 P 11063 151 -155 1511 1511 1 2 -732 16514
17:28:07.214 P 11065 138 -131 1521 1521 3 3 -486 16610
17:28:07.214 P 11067 129 -126 1512 1512 2 3 -36 16796
17:28:07.214 P 11069 120 -100 1514 1514 2 2 -414 16794
17:28:07.214 P 11071 111 -105 1494 1494 2 2 -238 16690
17:28:07.214 P 11073 102 -111 1484 1484 1 2 -208 16724
17:28:07.214 P 11074 98 -96 1488 1488 2 2 -162 16826
17:28:07.214 P 11076 91 -86 1501 1501 3 3 -426 16796
17:28:07.214 P 11078 83 -75 1481 1481 1 3 -446 16816
17:28:07.214 P 11080 77 -69 1475 1475 1 3 -336 16634
17:28:07.214 P 11082 71 -62 1480 1480 2 3 -264 16642
17:28:07.214 P 11084 65 -44 1482 1482 2 3 -114 16760
17:28:07.214 P 11086 61 -62 1449 1449 1 2 -212 16736
17:28:07.214 P 11088 56 -34 1459 1459 1 2 -492 16662
17:28:07.214 P 11090 52 -55 1450 1450 2 2 -484 16728
17:28:07.214 P 11091 48 -52 1435 1435 1 1 92 16624
17:28:07.214 P 11093 45 -9 1460 1460 2 2 -430 16696
17:28:07.214 P 11095 43 -12 1443 1443 1 2 -206 16712
17:28:07.214 P 11097 40 -6 1434 1434 0 2 -518 16732
17:28:07.214 P 11099 37 -33 1413 1413 1 2 36 16720
17:28:07.214 P 11101 35 27 1446 1446 1 2 -446 16554
17:28:07.214 P 11103 34 -8 1424 1424 1 2 -646 16794
17:28:07.214 P 11105 30 -7 1409 1409 1 1 182 16646
17:28:07.214 P 11107 30 30 1417 1417 0 1 -520 16576
17:28:07.214 P 11109 30 26 1407 1407 0 1 -586 16778
17:28:07.214 P 11111 28 8 1393 1393 1 0 206 16654
17:28:07.214 P 11113 29 39 1418 1418 2 2 -790 16682
17:28:07.214 P 11115 30 52 1413 1413 1 1 -196 16696
17:28:07.214 P 11117 32 65 1404 1404 0 1 -582 16722
17:28:07.214 P 11119 32 35 1396 1396 1 1 -88 16650
17:28:07.214 P 11121 34 60 1405 1405 0 2 -604 16688
17:28:07.214 P 11123 35 27 1375 1375 0 0 -114 16732
17:28:07.214 P 11125 35 70 1388 1388 0 1 -4 16780
17:28:07.214 P 11127 38 80 1389 1389 0 0 -340 16668
17:28:07.214 P 11129 41 95 1386 1386 0 0 -336 16648
17:28:07.214 P 11131 45 96 1400 1400 1 0 -226 16772
17:28:07.214 P 11133 50 107 1399 1399 0 1 -554 16662
17:28:07.214 P 11135 53 93 1388 1388 0 0 -132 16732
17:28:07.214 P 11137 58 106 1392 1392 0 0 -364 16668
17:28:07.214 P 11139 62 115 1389 1389 0 0 -232 16710
17:28:07.214 P 11141 68 129 1400 1400 0 0 -174 16678
17:28:07.214 P 11143 74 148 1415 1415 0 0 -284 16712
17:28:07.214 P 11145 81 158 1418 1418 0 0 -326 16704
17:28:08.980 P 11147 89 146 1413 1413 0 0 -460 16644
17:28:08.980 P 11149 95 143 1414 1414 0 0 -520 16678
17:28:08.980 P 11151 101 129 1410 1410 0 0 -412 16696
17:28:08.980 P 11152 104 130 1412 1412 0 0 -448 16696
17:28:08.980 P 11154 110 119 1410 1410 0 0 -450 16704
17:28:08.980 P 11156 115 116 1413 1413 0 0 -522 16712
17:28:08.980 P 11158 119 106 1411 1411 0 0 -424 16736
17:28:08.980 P 11160 123 102 1413 1413 0 0 -484 16644
17:28:08.980 P 11162 127 94 1412 1412 0 0 -446 16724
17:28:08.980 P 11164 130 89 1412 1412 0 0 -448 16738
17:28:08.980 P 11165 132 87 1413 1413 0 0 -514 16726
17:28:08.980 P 11167 134 81 1413 1413 0 0 -468 16568
17:28:08.980 P 11169 137 76 1412 1412 0 0 -484 16724
17:28:08.980 P 11171 139 70 1411 1411 0 0 -528 16638
17:28:08.980 P 11173 141 67 1412 1412 0 0 -548 16714
17:28:08.980 P 11175 143 62 1411 1411 0 0 -450 16722
17:28:08.980 P 11177 144 58 1410 1410 0 0 -524 16582
17:28:08.980 P 11178 145 57 1410 1410 0 0 -534 16750
17:28:08.980 P 11180 146 53 1409 1409 0 0 -498 16718
17:28:08.980 P 11182 146 48 1408 1408 0 0 -526 16640
17:28:08.980 P 11184 147 44 1406 1406 0 0 -506 16638
17:28:08.980 P 11186 147 42 1406 1406 0 0 -522 16762
17:28:08.980 P 11188 147 38 1404 1404 0 0 -534 16662
17:28:08.980 P 11190 147 33 1401 1401 0 0 -536 16716
17:28:08.980 P 11192 147 30 1400 1400 0 0 -598 16630
17:28:08.980 P 11194 146 28 1398 1398 0 0 -484 16740
17:28:08.980 P 11196 146 25 1396 1396 0 0 -436 16726
17:28:08.980 P 11198 145 20 1392 1392 0 0 -432 16722
17:28:08.980 P 11199 144 19 1391 1391 0 0 -518 16724
17:28:08.980 P 11201 143 17 1389 1389 0 0 -554 16638
17:28:08.980 P 11203 142 15 1387 1387 0 0 -416 16732
17:28:08.980 P 11205 140 12 1384 1384 0 0 -442 16574
17:28:08.980 P 11207 138 9 1381 1381 0 0 -486 16622
17:28:08.980 P 11209 137 5 1377 1377 0 0 -506 16680
17:28:08.980 P 11211 134 3 1374 1374 0 0 -414 16648
17:28:08.980 P 11213 132 -2 1370 1370 0 0 -412 16748
17:28:08.980 P 11215 129 -4 1366 1366 0 0 -444 16694
17:28:08.980 P 11216 128 -5 1365 1365 0 0 -480 16674
17:28:08.980 P 11218 125 -9 1360 1360 0 0 -462 16656
17:28:08.980 P 11220 122 -14 1355 1355 0 0 -396 16738
17:28:08.980 P 11222 119 -15 1351 1351 0 0 -408 16742
17:28:08.980 P 11224 116 -19 1346 1346 0 0 -372 16676
17:28:08.980 P 11225 114 -21 1343 1343 0 0 -416 16678
17:28:08.980 P 11227 110 -25 1338 1338 0 0 -378 16742
17:28:08.980 P 11229 107 -27 1333 1333 0 0 -378 16708
17:28:08.980 P 11231 103 -32 1327 1327 0 0 -384 16726
17:28:08.980 P 11232 100 -34 1324 1324 0 0 -370 16654
17:28:08.980 P 11234 96 -38 1318 1318 0 0 -344 16608
17:28:08.980 P 11236 91 -42 1311 1311 0 0 -364 16668
17:28:08.980 P 11238 86 -44 1306 1306 0 0 -250 16714
17:28:08.980 P 11239 84 -48 1301 1301 0 0 -300 16638
17:28:08.980 P 11241 78 -52 -1306 -1306 0 0 -280 16626
17:28:08.980 P 11243 73 -54 -1320 -1320 0 0 -258 16728
17:28:08.980 P 11245 67 -58 -1325 -1325 0 0 -322 16718
17:28:08.980 P 11247 61 -70 -1335 -1335 0 0 -238 16614
17:28:08.980 P 11248 58 -71 -1339 -1339 0 0 -328 16694
17:28:08.980 P 11250 51 -75 -1356 -1356 0 -1 -294 16606
17:28:08.980 P 11252 44 -83 -1363 -1363 0 0 -234 16626
17:28:08.980 P 11254 37 -88 -1379 -1379 0 -1 -264 16592
17:28:08.980 P 11256 29 -94 -1385 -1385 0 0 -134 16630
17:28:08.980 P 11258 21 -101 -1401 -1401 0 0 -228 16632
17:28:08.980 P 11259 16 -105 -1405 -1405 0 0 -186 16626
17:28:08.980 P 11261 8 -112 -1413 -1413 0 0 -140 16666
17:28:08.980 P 11263 -1 -117 -1421 -1421 0 0 174 16796
17:28:08.980 P 11265 -9 -122 -1429 -1429 0 0 -578 16640
17:28:08.980 P 11267 -20 -136 -1445 -1445 0 0 114 16690
17:28:08.980 P 11269 -31 -151 -1461 -1461 0 0 -110 16676
17:28:08.980 P 11270 -37 -161 -1472 -1472 0 0 172 16832
17:28:08.980 P 11272 -48 -160 -1492 -1492 -1 0 -252 16736
17:28:08.980 P 11274 -61 -176 -1508 -1508 0 0 -40 16610
17:28:08.980 P 11276 -74 -190 -1525 -1525 0 0 -52 16732
17:28:08.980 P 11278 -88 -200 -1561 -1561 -1 -1 -8 16408
17:28:08.980 P 11280 -102 -217 -1586 -1586 -1 0 50 16680
17:28:08.980 P 11282 -118 -221 -1604 -1604 0 0 148 16682
17:28:08.980 P 11284 -134 -225 -1640 -1640 -1 0 496 16736
17:28:08.980 P 11286 -147 -123 -1628 -1628 -1 -1 694 16952
17:28:08.980 P 11288 -151 13 -1594 -1594 -2 -1 926 16718
17:28:08.980 P 11290 -147 155 -1541 -1541 -1 -2 584 16708
17:28:08.980 P 11292 -137 166 -1541 -1541 -1 -2 -446 16684
17:28:08.980 P 11294 -133 100 -1578 -1578 -2 -1 586 16544
17:28:08.980 P 11296 -128 97 -1582 -1582 -1 -1 -186 16690
17:28:08.980 P 11298 -125 99 -1592 -1592 -1 -2 780 16954
17:28:08.980 P 11300 -119 109 -1593 -1593 -2 -1 360 16780
17:28:08.980 P 11302 -114 144 -1588 -1588 -2 -1 -342 16524
17:28:08.980 P 11304 -109 123 -1597 -1597 -1 -1 934 16820
17:28:08.980 P 11306 -100 210 -1567 -1567 -1 -2 26 16758
17:28:08.980 P 11307 -94 220 -1566 -1566 -2 -2 -62 16822
17:28:08.980 P 11309 -83 227 -1567 -1567 -2 -2 226 16682
17:28:08.980 P 11311 -71 230 -1566 -1566 -3 -2 -324 16490
17:28:08.980 P 11313 -60 202 -1569 -1569 -2 -2 282 16676
17:28:08.980 P 11315 -50 207 -1556 -1556 -1 -2 322 16742
17:28:08.980 P 11317 -39 224 -1555 -1555 -1 -3 160 16590
17:28:08.980 P 11319 -28 207 -1559 -1559 -1 -3 264 16846
17:28:08.980 P 11321 -17 215 -1548 -1548 -2 -2 -262 16706
17:28:08.980 P 11323 -8 208 -1547 -1547 -2 -2 716 16514
17:28:08.980 P 11325 4 218 -1533 -1533 -1 -3 -322 16792
17:28:08.980 P 11327 14 228 -1521 -1521 -1 -2 -10 16798
17:28:08.980 P 11329 24 180 -1536 -1536 -2 -2 222 16634
17:28:08.980 P 11330 28 183 -1534 -1534 -1 -3 840 16754
17:28:08.980 P 11332 39 203 -1517 -1517 -2 -3 -500 16528
17:28:08.980 P 11334 48 204 -1502 -1502 -1 -3 -38 16776
17:28:08.980 P 11336 58 204 -1496 -1496 -1 -2 -40 16718
17:28:08.980 P 11338 68 223 -1482 -1482 -2 -2 -144 16598
17:28:08.980 P 11339 74 211 -1474 -1474 -1 -2 -812 16880
17:28:08.980 P 11341 81 182 -1478 -1478 -1 -2 220 16666
17:28:08.980 P 11343 91 162 -1476 -1476 -2 -1 -846 16624
17:28:08.980 P 11345 96 145 -1480 -1480 -2 -1 250 16748
17:28:08.980 P 11347 103 146 -1473 -1473 -2 -2 -240 16634
17:28:08.980 P 11349 109 146 -1470 -1470 -2 -2 -180 16632
17:28:08.980 P 11351 115 135 -1461 -1461 -1 -2 -180 16698
17:28:08.980 P 11352 118 129 -1458 -1458 -1 -2 -162 16710
17:28:08.980 P 11354 123 120 -1452 -1452 -1 -1 -392 16626
17:28:08.980 P 11356 127 101 -1458 -1458 -2 -2 -176 16624
17:28:08.980 P 11358 130 100 -1453 -1453 -1 -2 -612 16642
17:28:08.980 P 11360 133 88 -1438 -1438 -1 -1 -30 16696
17:28:08.980 P 11362 136 90 -1429 -1429 -1 -1 -110 16692
17:28:08.980 P 11363 138 92 -1441 -1441 -2 -2 -676 16698
17:28:08.980 P 11365 139 73 -1442 -1442 -1 -1 442 16678
17:28:08.980 P 11367 143 90 -1428 -1428 -2 -1 -872 16550
17:28:08.980 P 11369 142 26 -1439 -1439 0 -1 154 16796
17:28:08.980 P 11371 142 44 -1424 -1424 -1 0 -96 16666
17:28:08.980 P 11373 141 58 -1424 -1424 -1 -1 -398 16730
17:28:08.980 P 11374 142 44 -1418 -1418 0 -1 -858 16720
17:28:08.980 P 11376 140 41 -1431 -1431 -1 -2 188 16684
17:28:08.980 P 11378 140 30 -1424 -1424 -1 0 -198 16738
17:28:08.980 P 11380 139 62 -1412 -1412 -1 -2 -372 16662
17:28:08.980 P 11382 140 34 -1417 -1417 -2 0 -116 16620
17:28:08.980 P 11384 139 41 -1419 -1419 -1 -2 -534 16602
17:28:08.980 P 11386 136 4 -1416 -1416 0 -1 324 16762
17:28:08.980 P 11387 136 25 -1401 -1401 -1 0 -424 16660
17:28:08.980 P 11389 133 -5 -1410 -1410 0 -1 -162 16692
17:28:08.980 P 11391 130 -10 -1419 -1419 -1 0 -250 16668
17:28:08.980 P 11393 126 -13 -1410 -1410 0 -1 -98 16770
17:28:08.980 P 11395 122 -9 -1411 -1411 0 -1 76 16690
17:28:08.980 P 11397 120 8 -1395 -1395 0 -1 -212 16760
17:28:08.980 P 11399 117 -3 -1404 -1404 0 0 -196 16722
17:28:08.980 P 11400 116 -9 -1399 -1399 0 0 -256 16648
17:28:08.980 P 11402 112 -19 -1403 -1403 0 0 -292 16608
17:28:08.980 P 11404 107 -42 -1405 -1405 0 0 -100 16668
17:28:08.980 P 11406 101 -55 -1409 -1409 0 0 -342 16682
17:28:08.980 P 11408 94 -70 -1417 -1417 0 0 -38 16680
17:28:08.980 P 11409 91 -62 -1414 -1414 0 0 -246 16752
17:28:08.980 P 11411 84 -70 -1421 -1421 0 0 162 16700
17:28:08.980 P 11413 78 -49 -1413 -1413 0 0 -156 16602
17:28:08.980 P 11415 72 -44 -1416 -1416 0 0 104 16734
17:28:08.980 P 11416 70 -35 -1413 -1413 0 0 -146 16744
17:28:08.980 P 11418 65 -33 -1415 -1415 0 0 36 16670
17:28:08.980 P 11420 61 -19 -1412 -1412 0 0 -48 16734
17:28:08.980 P 11422 57 -16 -1414 -1414 0 0 -2 16656
17:28:08.980 P 11423 55 -10 -1413 -1413 0 0 -48 16810
17:28:08.980 P 11425 52 -5 -1412 -1412 0 0 -14 16706
17:28:08.980 P 11427 49 2 -1412 -1412 0 0 8 16746
17:28:08.980 P 11429 47 7 -1411 -1411 0 0 14 16698
17:28:08.980 P 11430 46 11 -1410 -1410 0 0 -86 16692
17:28:08.980 P 11432 44 17 -1409 -1409 0 0 60 16632
17:28:08.980 P 11434 43 22 -1408 -1408 0 0 -42 16694
17:28:08.980 P 11436 42 28 -1406 -1406 0 0 -40 16768
17:28:08.980 P 11437 41 31 -1405 -1405 0 0 4 16638
17:28:08.980 P 11439 41 35 -1404 -1404 0 0 -16 16758
17:28:08.980 P 11441 41 40 -1402 -1402 0 0 -68 16796
17:28:08.980 P 11443 41 46 -1398 -1398 0 0 -58 16630
17:28:08.980 P 11444 41 50 -1396 -1396 0 0 -28 16636
17:28:08.980 P 11446 41 53 -1394 -1394 0 0 -20 16652
17:28:08.980 P 11448 42 58 -1391 -1391 0 0 -4 16638
17:28:08.980 P 11449 43 59 -1390 -1390 0 0 -60 16690
17:28:08.980 P 11451 44 64 -1386 -1386 0 0 -54 16714
17:28:08.980 P 11453 45 67 -1383 -1383 0 0 -30 16666
17:28:08.980 P 11455 47 72 -1379 -1379 0 0 -64 16592
17:28:08.980 P 11456 48 77 -1376 -1376 0 0 -14 16786
17:28:08.980 P 11458 50 79 -1373 -1373 0 0 -26 16654
17:28:08.980 P 11460 53 84 -1368 -1368 0 0 -42 16678
17:28:08.980 P 11462 55 88 -1364 -1364 0 0 -100 16716
17:28:08.980 P 11464 58 91 -1359 -1359 0 0 -68 16762
17:28:08.980 P 11465 60 94 -1357 -1357 0 0 -94 16756
17:28:08.980 P 11467 63 99 -1351 -1351 0 0 -136 16686
17:28:08.980 P 11469 67 104 -1345 -1345 0 0 -96 16734
17:28:08.980 P 11471 71 107 -1340 -1340 0 0 -148 16638
17:28:08.980 P 11472 73 109 -1337 -1337 0 0 -148 16702
17:28:08.980 P 11474 77 115 -1330 -1330 0 0 -116 16694
17:28:08.980 P 11476 82 121 -1323 -1323 0 0 -142 16670
17:28:08.980 P 11478 86 126 -1316 -1316 0 0 -128 16622
17:28:08.980 P 11479 89 129 -1312 -1312 0 0 -84 16594
17:28:08.980 P 11481 94 133 -1305 -1305 0 0 -192 16714
17:28:08.980 P 11483 100 140 1304 1304 0 0 -244 16700
17:28:08.980 P 11485 106 147 1314 1314 0 0 -134 16696
17:28:08.980 P 11487 113 153 1323 1323 0 0 -234 16628
17:28:08.980 P 11488 116 157 1328 1328 0 0 -220 16742
17:28:08.980 P 11490 123 165 1339 1339 0 0 -258 16708
17:28:08.980 P 11492 131 172 1349 1349 0 0 -202 16678
17:28:08.980 P 11494 139 181 1380 1380 1 1 -198 16736
17:28:08.980 P 11496 147 188 1387 1387 0 0 -264 16690
17:28:10.792 P 11498 157 198 1396 1396 0 0 -238 16584
17:28:10.792 P 11500 166 207 1407 1407 0 0 -294 16612
17:28:10.792 P 11501 171 213 1424 1424 0 1 -332 16736
17:28:10.792 P 11503 182 220 1442 1442 0 1 -304 16728
17:28:10.792 P 11505 193 235 1454 1454 0 0 -484 16666
17:28:10.792 P 11507 204 181 1444 1444 0 1 -178 16734
17:28:10.792 P 11509 213 236 1474 1474 0 0 -426 16616
17:28:10.792 P 11511 224 221 1473 1473 0 0 -70 16638
17:28:10.792 P 11513 237 270 1514 1514 0 0 -572 16708
17:28:10.792 P 11515 250 265 1528 1528 0 0 -376 16742
17:28:10.792 P 11517 264 294 1551 1551 0 0 -548 16688
17:28:10.792 P 11518 272 296 1567 1567 1 0 -584 16752
17:28:10.792 P 11520 287 295 1593 1593 0 1 -646 16714
17:28:10.792 P 11522 303 281 1608 1608 0 0 -1140 16846
17:28:10.792 P 11525 317 148 1579 1579 1 1 -1046 16654
17:28:10.792 P 11527 322 115 1595 1595 1 1 -692 16664
17:28:10.792 P 11529 325 76 1583 1583 0 2 -862 16562
17:28:10.792 P 11531 326 57 1594 1594 1 1 -996 16716
17:28:10.792 P 11533 327 63 1614 1614 1 2 -800 16712
17:28:10.792 P 11535 327 48 1626 1626 1 2 -456 16792
17:28:10.792 P 11537 328 16 1628 1628 2 2 -2130 16668
17:28:10.792 P 11539 320 -92 1569 1569 1 1 -486 16616
17:28:10.792 P 11541 313 -105 1584 1584 2 1 -1474 16714
17:28:10.792 P 11543 302 -144 1564 1564 1 1 -764 16716
17:28:10.792 P 11545 291 -137 1577 1577 2 2 -1468 16654
17:28:10.792 P 11547 278 -135 1580 1580 2 2 -242 16730
17:28:10.792 P 11549 270 -118 1572 1572 1 2 -1220 16540
17:28:10.792 P 11551 259 -124 1583 1583 2 3 -492 16784
17:28:10.792 P 11553 249 -158 1565 1565 2 2 -644 16602
17:28:10.792 P 11555 237 -133 1572 1572 1 3 -1230 16662
17:28:10.792 P 11557 224 -186 1540 1540 2 3 250 16904
17:28:10.792 P 11559 214 -142 1556 1556 3 2 -1630 16488
17:28:10.792 P 11561 199 -178 1528 1528 2 2 280 16670
17:28:10.792 P 11563 188 -179 1522 1522 3 2 -974 16704
17:28:10.792 P 11565 173 -158 1520 1520 2 2 -346 16670
17:28:10.792 P 11567 163 -151 1515 1515 1 3 -452 16536
17:28:10.792 P 11569 152 -132 1506 1506 1 2 -892 16598
17:28:10.792 P 11571 141 -136 1497 1497 1 2 -218 16796
17:28:10.792 P 11574 126 -118 1480 1480 1 1 -52 16778
17:28:10.792 P 11576 118 -80 1497 1497 1 1 -704 16714
17:28:10.792 P 11578 110 -107 1474 1474 2 1 -196 16662
17:28:10.792 P 11580 102 -88 1464 1464 1 1 -460 16584
17:28:10.792 P 11582 94 -93 1467 1467 2 1 -726 16762
17:28:10.792 P 11584 86 -71 1469 1469 1 1 -136 16816
17:28:10.792 P 11586 82 -51 1477 1477 2 2 -934 16560
17:28:10.792 P 11588 74 -84 1435 1435 1 1 308 16824
17:28:10.792 P 11590 70 -17 1471 1471 1 2 -752 16612
17:28:10.792 P 11592 65 -55 1437 1437 1 2 -56 16728
17:28:10.792 P 11594 62 -16 1453 1453 1 2 -808 16698
17:28:10.792 P 11596 58 -29 1435 1435 2 1 62 16786
17:28:10.792 P 11598 55 -21 1440 1440 1 2 -470 16688
17:28:10.792 P 11600 51 -23 1429 1429 0 2 -260 16598
17:28:10.792 P 11603 48 8 1442 1442 2 1 -628 16716
17:28:10.792 P 11605 46 6 1418 1418 1 1 -414 16604
17:28:10.792 P 11607 45 23 1418 1418 0 1 116 16692
17:28:10.792 P 11608 45 44 1436 1436 2 1 54 16784
17:28:10.792 P 11610 47 43 1421 1421 1 0 -638 16634
17:28:10.792 P 11612 46 30 1415 1415 0 2 -200 16722
17:28:10.792 P 11614 45 10 1402 1402 0 1 -106 16830
17:28:10.792 P 11616 46 52 1414 1414 0 1 -658 16642
17:28:10.792 P 11618 46 31 1398 1398 0 1 58 16718
17:28:10.792 P 11620 47 77 1426 1426 1 1 -532 16694
17:28:10.792 P 11622 49 38 1396 1396 1 0 6 16710
17:28:10.792 P 11624 51 69 1413 1413 1 1 -632 16584
17:28:10.792 P 11626 52 53 1396 1396 0 1 -232 16786
17:28:10.792 P 11628 54 82 1416 1416 1 1 -378 16756
17:28:10.792 P 11630 57 92 1408 1408 0 1 -162 16644
17:28:10.792 P 11632 62 123 1426 1426 1 0 -356 16780
17:28:10.792 P 11634 68 122 1420 1420 0 0 -500 16694
17:28:10.792 P 11636 74 122 1420 1420 0 1 -642 16602
17:28:10.792 P 11637 77 112 1409 1409 0 0 -646 16724
17:28:10.792 P 11639 81 110 1418 1418 0 1 -198 16754
17:28:10.792 P 11641 86 118 1423 1423 0 1 -400 16732
17:28:10.792 P 11643 91 125 1418 1418 0 0 -310 16742
17:28:10.792 P 11645 97 130 1418 1418 0 0 -434 16702
17:28:10.792 P 11647 103 126 1424 1424 0 0 -552 16576
17:28:10.792 P 11648 105 121 1420 1420 0 0 -534 16710
17:28:10.792 P 11650 111 119 1419 1419 0 0 -608 16724
17:28:10.792 P 11652 116 110 1415 1415 0 0 -540 16646
17:28:10.792 P 11654 120 106 1414 1414 0 0 -602 16696
17:28:10.792 P 11656 124 100 1422 1422 0 0 -532 16680
17:28:10.792 P 11657 126 95 1420 1420 0 0 -582 16666
17:28:10.792 P 11659 130 88 1417 1417 0 0 -606 16680
17:28:10.792 P 11661 133 80 1413 1413 0 0 -496 16752
17:28:10.792 P 11663 135 73 1411 1411 0 0 -556 16614
17:28:10.792 P 11664 136 71 1410 1410 0 0 -496 16684
17:28:10.792 P 11666 138 67 1409 1409 0 0 -608 16758
17:28:10.792 P 11668 140 56 1405 1405 0 0 -558 16704
17:28:10.792 P 11669 141 51 1402 1402 0 0 -652 16662
17:28:10.792 P 11671 141 43 1399 1399 0 0 -594 16712
17:28:10.792 P 11673 142 35 1396 1396 0 0 -610 16622
17:28:10.792 P 11674 141 31 1393 1393 0 0 -582 16678
17:28:10.792 P 11676 141 22 1388 1388 0 0 -562 16564
17:28:10.792 P 11678 140 14 1383 1383 0 0 -548 16718
17:28:10.792 P 11679 139 9 1380 1380 0 0 -574 16674
17:28:10.792 P 11681 137 2 1375 1375 0 0 -486 16714
17:28:10.792 P 11683 135 -5 1369 1369 0 0 -520 16650
17:28:10.792 P 11684 133 -12 1364 1364 0 0 -514 16632
17:28:10.792 P 11686 130 -16 1360 1360 0 0 -502 16562
17:28:10.792 P 11688 127 -26 1351 1351 0 0 -552 16664
17:28:10.792 P 11689 125 -30 1348 1348 0 0 -558 16694
17:28:10.792 P 11691 121 -37 1340 1340 0 0 -500 16708
17:28:10.792 P 11693 116 -44 1332 1332 0 0 -490 16742
17:28:10.792 P 11695 111 -50 1325 1325 0 0 -492 16676
17:28:10.792 P 11696 109 -54 1320 1320 0 0 -494 16658
17:28:10.792 P 11698 103 -60 1312 1312 0 0 -448 16720
17:28:10.792 P 11700 97 -70 1301 1301 0 0 -444 16708
17:28:10.792 P 11701 93 -73 -1303 -1303 0 0 -418 16762
17:28:10.792 P 11703 87 -81 -1314 -1314 0 0 -428 16758
17:28:10.792 P 11705 79 -86 -1323 -1323 0 0 -432 16486
17:28:10.792 P 11707 72 -98 -1345 -1345 0 0 -358 16708
17:28:10.792 P 11708 68 -101 -1349 -1349 0 0 -346 16742
17:28:10.792 P 11710 59 -108 -1358 -1358 0 0 -348 16686
17:28:10.792 P 11712 50 -118 -1380 -1380 -1 0 -284 16738
17:28:10.792 P 11714 40 -127 -1399 -1399 -1 0 -328 16614
17:28:10.792 P 11716 30 -133 -1406 -1406 0 0 -206 16666
17:28:10.792 P 11718 20 -144 -1417 -1417 0 0 -210 16712
17:28:10.792 P 11719 14 -149 -1434 -1434 -1 0 -164 16646
17:28:10.792 P 11721 3 -158 -1444 -1444 0 0 -244 16654
17:28:10.792 P 11723 -8 -165 -1463 -1463 0 0 -10 16744
17:28:10.792 P 11725 -19 -137 -1456 -1456 0 0 -174 16624
17:28:10.792 P 11727 -30 -150 -1479 -1479 0 -1 -100 16614
17:28:10.792 P 11728 -36 -168 -1490 -1490 0 0 -156 16756
17:28:10.792 P 11730 -49 -195 -1520 -1520 0 0 -108 16580
17:28:10.792 P 11732 -64 -215 -1548 -1548 0 -1 -32 16610
17:28:10.792 P 11734 -80 -236 -1585 -1585 0 -1 -16 16728
17:28:10.792 P 11736 -96 -238 -1611 -1611 0 -2 -44 16692
17:28:10.792 P 11738 -115 -171 -1605 -1605 -1 -1 2500 16856
17:28:10.792 P 11740 -121 -105 -1582 -1582 0 -1 -210 16784
17:28:10.792 P 11741 -125 -111 -1601 -1601 -1 -1 628 16786
17:28:10.792 P 11743 -131 -16 -1590 -1590 -2 -2 538 16666
17:28:10.792 P 11745 -131 50 -1559 -1559 0 -1 356 16834
17:28:10.792 P 11747 -130 54 -1574 -1574 -1 -1 404 16740
17:28:10.792 P 11749 -127 80 -1574 -1574 -1 -2 220 16616
17:28:10.792 P 11751 -124 114 -1574 -1574 -2 -1 174 16732
17:28:10.792 P 11753 -119 84 -1588 -1588 -1 -1 728 16760
17:28:10.792 P 11755 -113 150 -1565 -1565 -1 -2 -578 16540
17:28:10.792 P 11757 -109 115 -1595 -1595 -1 -2 982 16798
17:28:10.792 P 11759 -102 154 -1576 -1576 -1 -2 508 16820
17:28:10.792 P 11761 -93 170 -1572 -1572 -1 -2 -266 16446
17:28:10.792 P 11763 -87 162 -1581 -1581 -2 -2 898 16674
17:28:10.792 P 11765 -76 198 -1564 -1564 -2 -3 -518 16798
17:28:10.792 P 11767 -69 180 -1573 -1573 -1 -3 652 16640
17:28:10.792 P 11769 -57 201 -1567 -1567 -2 -3 -532 16674
17:28:10.792 P 11771 -49 188 -1566 -1566 -1 -3 212 16750
17:28:10.792 P 11773 -40 194 -1565 -1565 -2 -3 308 16782
17:28:10.792 P 11775 -29 217 -1543 -1543 -2 -2 -220 16680
17:28:10.792 P 11777 -19 186 -1557 -1557 -2 -2 168 16720
17:28:10.792 P 11779 -10 179 -1560 -1560 -2 -3 -254 16590
17:28:10.792 P 11781 -3 182 -1547 -1547 -1 -3 590 16746
17:28:10.792 P 11783 6 181 -1543 -1543 -1 -2 292 16802
17:28:10.792 P 11785 17 241 -1510 -1510 -2 -2 -234 16722
17:28:10.792 P 11787 28 207 -1509 -1509 -1 -1 142 16778
17:28:10.792 P 11789 39 217 -1500 -1500 -2 -1 -448 16590
17:28:10.792 P 11791 48 169 -1511 -1511 -2 -1 92 16714
17:28:10.792 P 11793 56 167 -1510 -1510 -2 -1 -248 16934
17:28:10.792 P 11795 63 186 -1481 -1481 -1 -1 200 16582
17:28:10.792 P 11797 73 188 -1481 -1481 -2 -1 -758 16564
17:28:10.792 P 11799 79 145 -1494 -1494 -1 -1 496 16776
17:28:10.792 P 11801 88 179 -1470 -1470 -2 -2 -924 16578
17:28:10.792 P 11803 93 134 -1488 -1488 -1 -2 578 16742
17:28:10.792 P 11805 100 145 -1468 -1468 -1 -2 -400 16674
17:28:10.792 P 11807 105 144 -1468 -1468 -1 -2 -56 16778
17:28:10.792 P 11809 112 143 -1458 -1458 -2 -2 -356 16680
17:28:10.792 P 11811 117 128 -1447 -1447 -1 -1 -254 16542
17:28:10.792 P 11813 122 117 -1447 -1447 -1 -1 -262 16760
17:28:10.792 P 11815 126 105 -1450 -1450 -2 -1 -208 16770
17:28:10.792 P 11817 129 72 -1465 -1465 -1 -2 -516 16718
17:28:10.792 P 11819 130 72 -1448 -1448 -1 -1 -106 16770
17:28:10.792 P 11821 131 64 -1448 -1448 -1 -1 222 16692
17:28:10.792 P 11823 134 70 -1450 -1450 -1 -2 -922 16646
17:28:10.792 P 11825 133 62 -1445 -1445 -1 -2 424 16688
17:28:10.792 P 11827 136 68 -1439 -1439 -1 -1 -556 16772
17:28:10.792 P 11828 136 45 -1435 -1435 0 -1 150 16770
17:28:10.792 P 11830 136 33 -1446 -1446 -1 -1 -444 16712
17:28:10.792 P 11832 134 62 -1428 -1428 -1 -1 196 16820
17:28:10.792 P 11834 136 41 -1426 -1426 -1 -1 -416 16706
17:28:10.792 P 11836 135 55 -1431 -1431 -1 -2 -124 16616
17:28:10.792 P 11838 135 35 -1419 -1419 0 0 -134 16736
17:28:10.792 P 11839 134 34 -1422 -1422 -1 -1 26 16700
17:28:10.792 P 11841 134 22 -1422 -1422 -1 0 -474 16586
17:28:10.792 P 11843 131 16 -1423 -1423 0 -1 248 16788
17:28:10.792 P 11845 131 34 -1414 -1414 0 -2 -366 16714
17:28:10.792 P 11846 129 21 -1417 -1417 -1 0 166 16670
17:28:10.792 P 11848 129 27 -1395 -1395 0 0 -636 16544
17:28:10.792 P 11850 125 -21 -1419 -1419 -1 0 -284 16740
17:28:10.792 P 11852 120 -58 -1439 -1439 -1 0 -260 16700
17:28:10.792 P 11853 117 -63 -1445 -1445 0 -1 22 16788
17:28:10.792 P 11855 110 -57 -1428 -1428 0 0 -112 16712
17:28:10.792 P 11856 107 -56 -1434 -1434 0 -1 54 16786
17:28:10.792 P 11858 102 -39 -1417 -1417 0 0 14 16706
17:28:12.596 P 11860 97 -31 -1424 -1424 0 0 -106 16718
17:28:12.596 P 11862 92 -24 -1423 -1423 0 -1 -34 16700
17:28:12.596 P 11863 90 -22 -1428 -1428 0 -1 -122 16836
17:28:12.596 P 11865 86 -30 -1424 -1424 0 0 -120 16724
17:28:12.596 P 11867 81 -33 -1421 -1421 0 0 -218 16658
17:28:12.596 P 11869 76 -45 -1435 -1435 -1 0 -148 16670
17:28:12.596 P 11870 73 -51 -1437 -1437 0 0 -146 16680
17:28:12.596 P 11872 67 -59 -1441 -1441 0 0 118 16634
17:28:12.596 P 11874 61 -49 -1438 -1438 0 0 -122 16684
17:28:12.596 P 11876 55 -46 -1439 -1439 0 0 36 16748
17:28:12.596 P 11877 53 -41 -1438 -1438 0 0 -58 16680
17:28:12.596 P 11879 47 -36 -1439 -1439 0 0 106 16680
17:28:12.596 P 11881 43 -27 -1438 -1438 0 0 36 16732
17:28:12.596 P 11883 39 -23 -1439 -1439 0 0 28 16754
17:28:12.596 P 11885 35 -16 -1438 -1438 0 0 -10 16680
17:28:12.596 P 11886 33 -14 -1439 -1439 0 0 12 16674
17:28:12.596 P 11888 30 -6 -1438 -1438 0 0 -20 16696
17:28:12.596 P 11890 27 -5 -1439 -1439 0 0 6 16788
17:28:12.596 P 11892 25 1 -1439 -1439 0 0 16 16666
17:28:12.596 P 11893 23 4 -1439 -1439 0 0 26 16802
17:28:12.596 P 11895 21 8 -1439 -1439 0 0 42 16762
17:28:12.596 P 11897 19 11 -1439 -1439 0 0 6 16722
17:28:12.596 P 11899 17 15 -1439 -1439 0 0 8 16686
17:28:12.596 P 11900 17 17 -1439 -1439 0 0 88 16766
17:28:12.596 P 11902 15 20 -1439 -1439 0 0 32 16712
17:28:12.596 P 11904 14 23 -1439 -1439 0 0 2 16732
17:28:12.596 P 11906 13 27 -1438 -1438 0 0 16 16660
17:28:12.596 P 11907 13 30 -1436 -1436 0 0 -10 16658
17:28:12.596 P 11909 12 31 -1437 -1437 0 0 34 16666
17:28:12.596 P 11911 12 35 -1435 -1435 0 0 16 16748
17:28:12.596 P 11913 11 38 -1434 -1434 0 0 0 16696
17:28:12.596 P 11914 11 38 -1434 -1434 0 0 -14 16678
17:28:12.596 P 11916 11 41 -1433 -1433 0 0 -26 16756
17:28:12.596 P 11918 11 43 -1432 -1432 0 0 2 16674
17:28:12.596 P 11920 11 47 -1429 -1429 0 0 28 16738
17:28:12.596 P 11921 12 47 -1429 -1429 0 0 8 16708
17:28:12.596 P 11923 12 50 -1427 -1427 0 0 -22 16722
17:28:12.596 P 11925 13 52 -1426 -1426 0 0 18 16718
17:28:12.596 P 11927 13 54 -1424 -1424 0 0 38 16752
17:28:12.596 P 11928 14 54 -1424 -1424 0 0 50 16734
17:28:12.596 P 11930 15 56 -1422 -1422 0 0 16 16734
17:28:12.596 P 11932 16 60 -1419 -1419 0 0 -16 16668
17:28:12.596 P 11934 17 60 -1418 -1418 0 0 -36 16670
17:28:12.596 P 11936 18 63 -1415 -1415 0 0 -2 16696
17:28:12.596 P 11937 19 63 -1415 -1415 0 0 -50 16588
17:28:12.596 P 11939 20 67 -1411 -1411 0 0 -38 16788
17:28:12.596 P 11941 22 68 -1409 -1409 0 0 -50 16770
17:28:12.596 P 11943 24 70 -1407 -1407 0 0 28 16768
17:28:12.596 P 11945 26 73 -1403 -1403 0 0 -50 16666
17:28:12.596 P 11947 28 74 -1401 -1401 0 0 -52 16718
17:28:12.596 P 11948 29 74 -1400 -1400 0 0 -68 16720
17:28:12.596 P 11950 31 76 -1397 -1397 0 0 -86 16692
17:28:12.596 P 11952 33 79 -1393 -1393 0 0 -50 16684
17:28:12.596 P 11954 36 81 -1390 -1390 0 0 -94 16594
17:28:12.596 P 11956 38 83 -1387 -1387 0 0 -68 16656
17:28:12.596 P 11958 41 84 -1384 -1384 0 0 -96 16608
17:28:12.596 P 11959 42 86 -1382 -1382 0 0 -62 16604
17:28:12.596 P 11961 45 89 -1377 -1377 0 0 -124 16746
17:28:12.596 P 11963 48 91 -1373 -1373 0 0 -98 16676
17:28:12.596 P 11965 51 95 -1368 -1368 0 0 -76 16766
17:28:12.596 P 11967 54 96 -1365 -1365 0 0 -94 16694
17:28:12.596 P 11969 58 99 -1360 -1360 0 0 -120 16754
17:28:12.596 P 11971 62 104 -1354 -1354 0 0 -152 16692
17:28:12.596 P 11973 65 106 -1349 -1349 0 0 -150 16676
17:28:12.596 P 11975 69 108 -1345 -1345 0 0 -140 16652
17:28:12.596 P 11977 74 112 -1339 -1339 0 0 -202 16666
17:28:12.596 P 11979 78 115 -1333 -1333 0 0 -136 16700
17:28:12.596 P 11980 80 118 -1329 -1329 0 0 -202 16718
17:28:12.596 P 11982 85 122 -1323 -1323 0 0 -132 16658
17:28:12.596 P 11984 90 126 -1316 -1316 0 0 -236 16728
17:28:12.596 P 11986 96 130 -1309 -1309 0 0 -224 16684
17:28:12.596 P 11988 101 134 -1302 -1302 0 0 -208 16698
17:28:12.596 P 11990 107 137 1305 1305 0 0 -256 16734
17:28:12.596 P 11992 113 144 1314 1314 0 0 -196 16630
17:28:12.596 P 11994 119 149 1323 1323 0 0 -232 16640
17:28:12.596 P 11996 126 154 1332 1332 0 0 -264 16648
17:28:12.596 P 11998 133 160 1351 1351 0 1 -282 16734
17:28:12.596 P 12000 140 165 1357 1357 0 0 -280 16600
17:28:12.596 P 12001 144 169 1362 1362 0 0 -316 16650
17:28:12.596 P 12003 152 176 1381 1381 0 1 -364 16814
17:28:12.596 P 12005 160 185 1389 1389 0 0 -294 16650
17:28:12.596 P 12007 169 191 1399 1399 0 0 -348 16728
17:28:12.596 P 12009 178 200 1410 1410 0 0 -400 16736
17:28:12.596 P 12011 188 208 1431 1431 0 1 -374 16702
17:28:12.596 P 12013 198 216 1441 1441 0 0 -456 16672
17:28:12.596 P 12015 209 223 1452 1452 0 0 -414 16746
17:28:12.596 P 12017 220 237 1476 1476 0 0 -430 16700
17:28:12.596 P 12019 232 247 1488 1488 0 0 -468 16580
17:28:12.596 P 12020 238 253 1496 1496 0 0 -464 16644
17:28:12.596 P 12022 251 266 1513 1513 0 0 -500 16644
17:28:12.596 P 12024 265 278 1530 1530 0 0 -1022 16744
17:28:12.596 P 12026 278 262 1552 1552 0 1 -220 16696
17:28:12.596 P 12028 293 281 1569 1569 0 0 -818 16578
17:28:12.596 P 12030 307 286 1608 1608 0 1 -706 16690
17:28:12.596 P 12032 322 280 1625 1625 0 0 -912 16656
17:28:12.596 P 12034 334 195 1631 1631 2 1 -1714 16752
17:28:12.596 P 12036 338 70 1581 1581 1 1 -892 16568
17:28:12.596 P 12038 337 6 1582 1582 2 2 -1002 16578
17:28:12.596 P 12040 333 -8 1566 1566 0 1 -968 16914
17:28:12.596 P 12042 330 -30 1587 1587 2 2 -848 16538
17:28:12.596 P 12044 324 -25 1590 1590 1 2 -284 16694
17:28:12.596 P 12046 322 12 1618 1618 1 2 -1200 16764
17:28:12.596 P 12048 318 -60 1590 1590 2 1 -844 16624
17:28:12.596 P 12050 312 -51 1595 1595 1 1 -1328 16706
17:28:12.596 P 12052 304 -99 1578 1578 1 1 -872 16666
17:28:12.596 P 12055 289 -162 1562 1562 1 3 -796 16670
17:28:12.596 P 12057 276 -148 1562 1562 1 3 -1052 16582
17:28:12.596 P 12059 263 -185 1545 1545 2 2 -298 16842
17:28:12.596 P 12061 252 -129 1562 1562 2 2 -1666 16568
17:28:12.596 P 12063 239 -170 1531 1531 2 2 306 16640
17:28:12.596 P 12065 230 -122 1545 1545 1 1 -1728 16690
17:28:12.596 P 12067 217 -131 1537 1537 1 2 100 16798
17:28:12.596 P 12069 208 -131 1539 1539 2 2 -968 16518
17:28:12.596 P 12071 197 -103 1539 1539 2 1 -470 16406
17:28:12.596 P 12073 188 -138 1502 1502 1 1 -370 16842
17:28:12.596 P 12075 179 -83 1539 1539 1 2 -1016 16828
17:28:12.596 P 12077 170 -112 1515 1515 1 2 -164 16588
17:28:12.596 P 12079 163 -84 1521 1521 2 2 -1138 16542
17:28:12.596 P 12081 153 -114 1508 1508 2 3 -34 16638
17:28:12.596 P 12083 145 -110 1502 1502 1 3 -684 16554
17:28:12.596 P 12084 140 -116 1498 1498 2 2 -54 16702
17:28:12.596 P 12087 129 -107 1485 1485 2 2 -364 16742
17:28:12.596 P 12089 120 -87 1480 1480 1 3 -288 16562
17:28:12.596 P 12090 117 -75 1479 1479 2 1 -362 16646
17:28:12.596 P 12092 111 -60 1475 1475 1 2 -396 16738
17:28:12.596 P 12094 105 -65 1473 1473 1 2 -14 16812
17:28:12.596 P 12096 100 -9 1503 1503 2 3 -286 16580
17:28:12.596 P 12098 97 -47 1460 1460 1 2 -328 16740
17:28:12.596 P 12100 92 -29 1464 1464 2 1 -476 16668
17:28:12.596 P 12102 88 -29 1453 1453 1 1 -434 16724
17:28:12.596 P 12104 84 -30 1461 1461 1 2 40 16636
17:28:12.596 P 12106 81 -9 1453 1453 1 2 -722 16684
17:28:12.596 P 12108 79 18 1470 1470 1 2 8 16794
17:28:12.596 P 12110 78 0 1439 1439 1 1 -706 16600
17:28:12.596 P 12112 74 -11 1440 1440 1 1 180 16682
17:28:12.596 P 12114 75 59 1465 1465 1 1 -668 16742
17:28:12.596 P 12116 75 26 1453 1453 1 2 -204 16706
17:28:12.596 P 12118 74 23 1434 1434 0 1 -90 16678
17:28:12.596 P 12119 74 46 1444 1444 1 1 46 16658
17:28:12.596 P 12121 77 52 1455 1455 0 1 -746 16640
17:28:12.596 P 12123 77 44 1440 1440 0 1 -216 16732
17:28:12.596 P 12125 78 45 1441 1441 1 0 -314 16732
17:28:12.596 P 12127 77 27 1443 1443 1 2 -540 16602
17:28:12.596 P 12128 77 19 1429 1429 0 1 -812 16636
17:28:12.596 P 12130 76 39 1429 1429 0 1 586 16802
17:28:12.596 P 12132 80 90 1461 1461 0 1 -1080 16728
17:28:12.596 P 12134 80 68 1437 1437 1 0 62 16798
17:28:12.596 P 12135 83 95 1456 1456 0 2 -778 16720
17:28:12.596 P 12137 84 48 1423 1423 0 0 -56 16730
17:28:12.596 P 12139 87 84 1453 1453 1 1 -642 16584
17:28:12.596 P 12140 88 78 1445 1445 0 1 -90 16786
17:28:12.596 P 12142 92 118 1461 1461 0 1 -934 16608
17:28:12.596 P 12144 96 88 1434 1434 0 0 -186 16708
17:28:12.596 P 12146 100 92 1446 1446 0 0 -418 16680
17:28:12.596 P 12147 101 94 1447 1447 0 1 -40 16706
17:28:12.596 P 12149 106 123 1456 1456 0 1 -470 16666
17:28:12.596 P 12151 111 116 1468 1468 1 1 -566 16594
17:28:12.596 P 12153 116 110 1468 1468 0 1 -418 16654
17:28:12.596 P 12154 119 111 1461 1461 0 0 -714 16642
17:28:12.596 P 12156 121 66 1443 1443 0 0 -458 16740
17:28:12.596 P 12158 123 57 1451 1451 1 1 -648 16668
17:28:12.596 P 12160 123 50 1439 1439 0 1 -52 16666
17:28:12.596 P 12161 124 73 1452 1452 1 0 -520 16688
17:28:12.596 P 12163 127 78 1448 1448 0 0 -218 16678
17:28:12.596 P 12165 131 113 1464 1464 0 0 -760 16596
17:28:12.596 P 12167 136 114 1456 1456 0 0 -482 16700
17:28:12.596 P 12168 139 123 1459 1459 0 0 -860 16714
17:28:12.596 P 12170 144 104 1465 1465 1 0 -514 16564
17:28:12.596 P 12172 148 102 1468 1468 0 1 -778 16708
17:28:12.596 P 12173 150 91 1459 1459 0 0 -664 16698
17:28:12.596 P 12175 153 73 1453 1453 0 0 -824 16590
17:28:12.596 P 12177 155 59 1440 1440 0 0 -658 16604
17:28:12.596 P 12179 156 53 1442 1442 0 1 -348 16656
17:28:12.596 P 12180 157 62 1443 1443 0 0 -430 16760
17:28:12.596 P 12182 158 71 1443 1443 0 0 -372 16652
17:28:12.596 P 12184 162 91 1462 1462 1 0 -764 16612
17:28:12.596 P 12185 163 78 1454 1454 0 0 -824 16668
17:28:12.596 P 12187 165 61 1442 1442 0 0 -672 16698
17:28:12.596 P 12189 166 41 1430 1430 0 0 -652 16628
17:28:12.596 P 12191 166 37 1434 1434 0 0 -746 16732
17:28:12.596 P 12192 166 30 1439 1439 1 0 -666 16616
17:28:12.596 P 12194 165 15 1424 1424 0 0 -670 16692
17:28:12.596 P 12196 164 10 1416 1416 0 0 -666 16658
17:28:12.596 P 12197 163 9 1414 1414 0 0 -602 16620
17:28:12.596 P 12199 161 8 1419 1419 1 0 -662 16672
17:28:12.596 P 12201 160 12 1414 1414 0 0 -604 16674
17:28:12.596 P 12203 159 19 1414 1414 0 0 -598 16600
17:28:12.596 P 12204 159 16 1411 1411 0 0 -628 16614
17:28:12.596 P 12206 157 1 1400 1400 0 0 -586 16682
17:28:12.596 P 12208 155 -3 1394 1394 0 0 -600 16682
17:28:12.596 P 12210 152 -11 1386 1386 0 0 -562 16788
17:28:12.596 P 12212 149 -21 1379 1379 0 0 -606 16664
17:28:12.596 P 12213 147 -25 1374 1374 0 0 -638 16674
17:28:12.596 P 12215 143 -33 1367 1367 0 0 -576 16692
17:28:12.596 P 12217 139 -42 1358 1358 0 0 -638 16684
17:28:12.596 P 12219 134 -49 1350 1350 0 0 -560 16666
17:28:12.596 P 12221 129 -57 1340 1340 0 0 -580 16704
17:28:12.596 P 12222 126 -61 1335 1335 0 0 -506 16572
17:28:12.596 P 12224 119 -72 1324 1324 0 0 -484 16598
17:28:14.404 P 12226 113 -80 1314 1314 0 0 -490 16628
17:28:14.404 P 12228 105 -88 1303 1303 0 0 -484 16682
17:28:14.404 P 12230 98 -99 -1310 -1310 0 0 -462 16640
17:28:14.404 P 12232 89 -109 -1333 -1333 0 -1 -442 16682
17:28:14.404 P 12233 85 -112 -1346 -1346 -1 0 -456 16676
17:28:14.404 P 12235 75 -126 -1357 -1357 0 0 -380 16722
17:28:14.404 P 12237 65 -135 -1366 -1366 0 0 -414 16662
17:28:14.404 P 12239 55 -147 -1380 -1380 0 0 -410 16738
17:28:14.404 P 12241 43 -158 -1405 -1405 0 -1 -266 16618
17:28:14.404 P 12243 31 -169 -1417 -1417 0 0 -276 16620
17:28:14.404 P 12244 25 -174 -1424 -1424 0 0 -270 16622
17:28:14.404 P 12246 12 -188 -1441 -1441 0 0 -258 16712
17:28:14.404 P 12248 -1 -199 -1458 -1458 0 0 -208 16694
17:28:14.404 P 12250 -16 -214 -1478 -1478 0 0 -228 16632
17:28:14.404 P 12252 -31 -228 -1506 -1506 0 0 -176 16628
17:28:14.404 P 12253 -39 -235 -1517 -1517 0 0 -146 16654
17:28:14.404 P 12255 -56 -251 -1546 -1546 0 0 -100 16604
17:28:14.404 P 12257 -74 -269 -1567 -1567 0 0 -56 16692
17:28:14.404 P 12259 -93 -287 -1610 -1610 0 -1 -66 16730
17:28:14.404 P 12261 -113 -308 -1652 -1652 -1 -1 -72 16598
17:28:14.404 P 12263 -134 -311 -1690 -1690 0 -1 -14 16884
17:28:14.404 P 12265 -153 -125 -1660 -1660 -2 -2 2098 17030
17:28:14.404 P 12267 -154 40 -1602 -1602 -2 -1 1158 16846
17:28:14.404 P 12269 -147 211 -1534 -1534 -1 -1 76 16716
17:28:14.404 P 12271 -136 219 -1553 -1553 -2 -1 544 16772
17:28:14.404 P 12272 -129 235 -1543 -1543 -1 -2 -66 16680
17:28:14.404 P 12274 -118 201 -1565 -1565 -2 -1 302 16622
17:28:14.404 P 12276 -109 178 -1568 -1568 -1 -1 316 16584
17:28:14.404 P 12278 -101 151 -1593 -1593 -2 -1 36 16720
17:28:14.404 P 12280 -95 147 -1598 -1598 -2 -2 936 16844
17:28:14.404 P 12282 -86 177 -1590 -1590 -2 -2 -690 16666
17:28:14.404 P 12284 -79 180 -1593 -1593 -2 -2 548 16698
17:28:14.404 P 12286 -68 213 -1574 -1574 -2 -1 418 16648
17:28:14.404 P 12288 -55 293 -1538 -1538 -2 -2 328 16682
17:28:14.404 P 12290 -39 250 -1549 -1549 -3 -2 4 16738
17:28:14.404 P 12292 -27 267 -1541 -1541 -3 -2 -416 16534
17:28:14.404 P 12294 -15 204 -1562 -1562 -2 -3 834 17000
17:28:14.404 P 12296 0 301 -1503 -1503 -2 -3 -1112 16598
17:28:14.404 P 12298 11 222 -1529 -1529 -2 -2 552 16494
17:28:14.404 P 12300 23 232 -1504 -1504 -1 -2 -558 16674
17:28:14.404 P 12302 33 216 -1514 -1514 -1 -3 -174 16550
17:28:14.404 P 12304 44 203 -1512 -1512 -2 -2 -192 16770
17:28:14.404 P 12306 54 201 -1505 -1505 -2 -2 -362 16792
17:28:14.404 P 12308 62 168 -1505 -1505 -1 -2 440 16754
17:28:14.404 P 12310 70 156 -1508 -1508 -2 -2 126 16566
17:28:14.404 P 12312 79 200 -1474 -1474 -2 -2 -702 16724
17:28:14.404 P 12314 85 124 -1511 -1511 -2 -2 358 16816
17:28:14.404 P 12316 92 170 -1469 -1469 -1 -2 -1056 16516
17:28:14.404 P 12318 97 120 -1479 -1479 -1 -2 360 16738
17:28:14.404 P 12320 104 144 -1473 -1473 -2 -2 -808 16776
17:28:14.404 P 12322 108 116 -1486 -1486 -2 -3 118 16740
17:28:14.404 P 12324 113 146 -1449 -1449 -1 -2 -136 16648
17:28:14.404 P 12326 118 103 -1460 -1460 -1 -1 188 16802
17:28:14.404 P 12328 122 120 -1447 -1447 -2 -1 -508 16654
17:28:14.404 P 12330 125 77 -1464 -1464 -1 -2 -58 16536
17:28:14.404 P 12332 127 90 -1456 -1456 -1 -2 -34 16674
17:28:14.404 P 12334 130 84 -1449 -1449 -2 -1 -206 16816
17:28:14.404 P 12336 132 93 -1435 -1435 -1 -1 -268 16728
17:28:14.404 P 12337 133 74 -1447 -1447 -1 -2 -198 16716
17:28:14.404 P 12339 135 76 -1431 -1431 -1 -1 -430 16772
17:28:14.404 P 12341 136 69 -1433 -1433 -1 -1 -42 16648
17:28:14.404 P 12343 137 61 -1427 -1427 -1 -1 -318 16682
17:28:14.404 P 12345 138 33 -1433 -1433 0 -1 -442 16756
17:28:14.404 P 12346 137 14 -1451 -1451 -2 -1 -108 16664
17:28:14.404 P 12348 135 33 -1430 -1430 -1 -1 -152 16694
17:28:14.404 P 12350 135 25 -1424 -1424 0 -1 -380 16670
17:28:14.404 P 12352 132 -1 -1440 -1440 0 -1 -256 16752
17:28:14.404 P 12354 128 -12 -1442 -1442 -1 -1 8 16726
17:28:14.404 P 12355 127 -1 -1452 -1452 -1 -2 -42 16562
17:28:14.404 P 12357 125 14 -1418 -1418 0 0 -652 16724
17:28:14.404 P 12359 122 -19 -1455 -1455 0 -2 -2 16896
17:28:14.404 P 12361 119 2 -1434 -1434 0 -1 -194 16624
17:28:14.404 P 12362 117 -4 -1433 -1433 0 -1 -178 16688
17:28:14.404 P 12364 114 0 -1434 -1434 0 -1 -456 16550
17:28:14.404 P 12366 110 -32 -1448 -1448 -1 -1 6 16696
17:28:14.404 P 12368 105 -42 -1451 -1451 0 -1 -296 16708
17:28:14.404 P 12369 102 -54 -1458 -1458 0 -1 132 16734
17:28:14.404 P 12371 97 -43 -1454 -1454 0 0 -40 16694
17:28:14.404 P 12373 91 -15 -1443 -1443 -1 0 192 16644
17:28:14.404 P 12375 89 10 -1423 -1423 0 0 -240 16710
17:28:14.404 P 12376 88 5 -1437 -1437 -1 -1 -310 16704
17:28:14.404 P 12378 86 -5 -1442 -1442 0 0 -280 16664
17:28:14.404 P 12380 82 -27 -1448 -1448 0 -1 -176 16652
17:28:14.404 P 12382 76 -53 -1461 -1461 -1 0 130 16746
17:28:14.404 P 12384 70 -62 -1455 -1455 1 0 -64 16794
17:28:14.404 P 12386 62 -65 -1465 -1465 0 -1 212 16794
17:28:14.404 P 12388 57 -40 -1457 -1457 0 0 -110 16652
17:28:14.404 P 12389 54 -42 -1455 -1455 0 0 204 16668
17:28:14.404 P 12391 49 -29 -1455 -1455 0 0 -132 16794
17:28:14.404 P 12393 45 -36 -1454 -1454 0 0 -72 16748
17:28:14.404 P 12395 40 -47 -1467 -1467 0 0 -174 16614
17:28:14.404 P 12396 37 -52 -1468 -1468 0 0 12 16610
17:28:14.404 P 12398 31 -55 -1470 -1470 0 0 -126 16610
17:28:14.404 P 12400 25 -63 -1485 -1485 0 -1 -92 16724
17:28:14.404 P 12402 19 -72 -1491 -1491 0 0 -30 16730
17:28:14.404 P 12404 11 -75 -1495 -1495 0 0 44 16788
17:28:14.404 P 12405 8 -73 -1497 -1497 0 0 64 16674
17:28:14.404 P 12407 1 -73 -1500 -1500 0 0 38 16690
17:28:14.404 P 12409 -5 -70 -1512 -1512 0 0 32 16676
17:28:14.404 P 12411 -12 -71 -1516 -1516 0 0 132 16756
17:28:14.404 P 12412 -15 -66 -1515 -1515 0 0 8 16624
17:28:14.404 P 12414 -21 -70 -1521 -1521 0 0 52 16632
17:28:14.404 P 12416 -28 -69 -1526 -1526 0 0 66 16662
17:28:14.404 P 12418 -35 -71 -1532 -1532 0 0 136 16702
17:28:14.404 P 12419 -38 -70 -1534 -1534 0 0 120 16726
17:28:14.404 P 12421 -45 -73 -1542 -1542 0 0 94 16680
17:28:14.404 P 12423 -52 -72 -1547 -1547 0 0 126 16702
17:28:14.404 P 12425 -58 -70 -1563 -1563 0 -1 102 16628
17:28:14.404 P 12426 -62 -72 -1565 -1565 0 0 234 16644
17:28:14.404 P 12428 -68 -58 -1562 -1562 0 0 250 16582
17:28:14.404 P 12430 -74 -48 -1571 -1571 0 -1 322 16718
17:28:14.404 P 12432 -79 -30 -1563 -1563 0 0 258 16734
17:28:14.404 P 12433 -81 -27 -1571 -1571 0 -1 342 16736
17:28:14.404 P 12435 -84 -3 -1576 -1576 0 -1 302 16684
17:28:14.404 P 12437 -86 16 -1570 -1570 0 -1 38 16746
17:28:14.404 P 12439 -88 -2 -1581 -1581 0 -1 216 16746
17:28:14.404 P 12441 -90 -4 -1593 -1593 0 -1 14 16756
17:28:14.404 P 12442 -91 -8 -1601 -1601 0 -1 432 16722
17:28:14.404 P 12444 -93 28 -1582 -1582 0 -1 396 16792
17:28:14.404 P 12446 -92 77 -1581 -1581 0 -1 396 16674
17:28:14.404 P 12448 -88 98 -1569 -1569 -1 -1 216 16688
17:28:14.404 P 12450 -83 147 -1566 -1566 -1 -1 190 16702
17:28:14.404 P 12452 -76 161 -1567 -1567 -1 -2 740 16750
17:28:14.404 P 12454 -65 231 -1530 -1530 -1 -1 -418 16566
17:28:14.404 P 12456 -56 196 -1553 -1553 -1 -2 692 16744
17:28:14.404 P 12457 -50 240 -1518 -1518 -1 0 508 16620
17:28:14.404 P 12459 -37 229 -1523 -1523 -1 -1 -86 16814
17:28:14.404 P 12461 -25 254 -1510 -1510 -2 -1 160 16712
17:28:14.404 P 12463 -12 249 -1507 -1507 -1 -1 28 16544
17:28:14.404 P 12465 0 252 -1492 -1492 -1 -2 312 16848
17:28:14.404 P 12467 13 256 -1474 -1474 -1 -1 -332 16554
17:28:14.404 P 12469 25 252 -1472 -1472 -1 -1 66 16710
17:28:14.404 P 12471 38 242 -1452 -1452 0 -1 -14 16638
17:28:14.404 P 12473 50 253 -1436 -1436 -1 -1 -204 16782
17:28:14.404 P 12475 63 237 -1431 -1431 -1 0 -80 16574
17:28:14.404 P 12477 73 208 -1437 -1437 -1 -1 -216 16656
17:28:14.404 P 12479 83 211 -1419 -1419 0 -2 -160 16836
17:28:14.404 P 12481 93 219 -1408 -1408 -1 -1 -52 16642
17:28:14.404 P 12483 104 202 -1381 -1381 0 0 -476 16676
17:28:14.404 P 12485 113 173 -1386 -1386 0 0 -396 16602
17:28:14.404 P 12487 119 137 -1400 -1400 -1 -1 -254 16686
17:28:14.404 P 12489 125 134 -1390 -1390 -2 0 -262 16668
17:28:14.404 P 12491 130 134 -1381 -1381 -1 -1 -224 16740
17:28:14.404 P 12493 135 113 -1373 -1373 -1 0 -200 16680
17:28:14.404 P 12495 137 88 -1364 -1364 0 0 -246 16688
17:28:14.404 P 12496 139 85 -1367 -1367 -1 0 -282 16612
17:28:14.404 P 12498 140 78 -1363 -1363 0 0 -150 16694
17:28:14.404 P 12500 142 82 -1347 -1347 0 0 -166 16696
17:28:14.404 P 12502 144 83 -1344 -1344 0 0 -174 16728
17:28:14.404 P 12504 146 77 -1337 -1337 0 0 -122 16624
17:28:14.404 P 12506 148 75 -1330 -1330 0 0 -160 16654
17:28:14.404 P 12508 149 74 -1325 -1325 0 0 -158 16702
17:28:14.404 P 12510 152 91 -1312 -1312 0 0 -272 16678
17:28:14.404 P 12512 154 100 -1303 -1303 0 0 -174 16670
17:28:14.404 P 12514 158 113 1309 1309 0 0 -266 16676
17:28:14.404 P 12516 163 126 1321 1321 0 0 -206 16688
17:28:14.404 P 12518 168 139 1333 1333 0 0 -256 16662
17:28:14.404 P 12520 174 150 1344 1344 0 0 -254 16692
17:28:14.404 P 12522 181 164 1358 1358 0 0 -302 16606
17:28:14.404 P 12523 185 171 1365 1365 0 0 -348 16684
17:28:14.404 P 12525 193 185 1388 1388 0 0 -334 16736
17:28:14.404 P 12527 201 196 1399 1399 0 0 -356 16702
17:28:14.404 P 12529 211 211 1415 1415 0 0 -366 16688
17:28:14.404 P 12531 221 225 1430 1430 0 0 -410 16634
17:28:14.404 P 12533 233 241 1448 1448 0 0 -368 16704
17:28:14.404 P 12535 245 257 1467 1467 0 0 -434 16762
17:28:14.404 P 12537 258 272 1504 1504 0 1 -406 16742
17:28:14.404 P 12539 272 292 1531 1531 0 0 -494 16658
17:28:14.404 P 12540 280 301 1549 1549 0 1 -438 16676
17:28:14.404 P 12542 296 321 1584 1584 0 1 -426 16720
17:28:14.404 P 12544 313 346 1622 1622 1 1 -728 16612
17:28:14.404 P 12546 334 265 1626 1626 1 1 -5126 16376
17:28:14.404 P 12548 332 16 1511 1511 0 1 212 16748
17:28:14.404 P 12550 333 71 1573 1573 2 1 -1934 16572
17:28:14.404 P 12552 332 44 1566 1566 1 2 -290 16734
17:28:14.404 P 12554 333 48 1563 1563 0 1 -1016 16734
17:28:14.404 P 12556 332 39 1580 1580 1 1 -746 16678
17:28:14.404 P 12558 332 52 1597 1597 1 2 -1088 16528
17:28:14.404 P 12561 333 54 1610 1610 1 1 -1260 16754
17:28:14.404 P 12563 330 -14 1588 1588 1 2 -920 16614
17:28:14.404 P 12565 326 -13 1594 1594 1 2 -972 16686
17:28:14.404 P 12567 322 -65 1590 1590 2 2 -776 16734
17:28:14.404 P 12569 314 -88 1582 1582 2 2 -960 16724
17:28:14.404 P 12571 306 -98 1585 1585 2 2 -648 16678
17:28:14.404 P 12573 299 -82 1581 1581 1 2 -1954 16408
17:28:14.404 P 12575 286 -150 1547 1547 1 1 392 16778
17:28:14.404 P 12577 279 -106 1572 1572 1 2 -1478 16540
17:28:14.404 P 12579 266 -125 1570 1570 2 3 -300 16594
17:28:16.240 P 12581 256 -144 1558 1558 2 3 2 16990
17:28:16.240 P 12583 248 -88 1581 1581 2 2 -1448 16410
17:28:16.240 P 12585 236 -154 1541 1541 2 2 -18 16712
17:28:16.240 P 12587 227 -128 1537 1537 1 2 -480 16838
17:28:16.240 P 12589 216 -114 1548 1548 2 2 -764 16594
17:28:16.240 P 12591 207 -127 1534 1534 1 3 -152 16666
17:28:16.240 P 12593 198 -112 1536 1536 2 2 -738 16650
17:28:16.240 P 12595 189 -103 1536 1536 2 3 -790 16684
17:28:16.240 P 12597 178 -128 1516 1516 2 3 96 16746
17:28:16.240 P 12599 171 -83 1526 1526 2 2 -938 16578
17:28:16.240 P 12601 161 -88 1516 1516 1 2 364 16562
17:28:16.240 P 12603 157 -67 1516 1516 1 2 -790 16658
17:28:16.240 P 12605 149 -67 1514 1514 1 2 -388 16878
17:28:16.240 P 12607 143 -64 1504 1504 2 1 -150 16782
17:28:16.240 P 12609 138 -54 1521 1521 2 2 -718 16698
17:28:16.240 P 12611 131 -57 1498 1498 1 2 -28 16750
17:28:16.240 P 12612 130 -21 1519 1519 2 2 -1042 16632
17:28:16.240 P 12614 124 -65 1492 1492 2 2 14 16694
17:28:16.240 P 12616 120 -17 1509 1509 1 2 -1074 16828
17:28:16.240 P 12618 115 -37 1495 1495 1 2 -310 16612
17:28:16.240 P 12620 111 -35 1494 1494 2 2 -372 16814
17:28:16.240 P 12622 108 -12 1493 1493 1 2 -426 16792
17:28:16.240 P 12624 105 -31 1486 1486 1 3 -120 16756
17:28:16.240 P 12626 101 -5 1491 1491 2 2 -438 16626
17:28:16.240 P 12628 99 -26 1474 1474 1 2 -558 16550
17:28:16.240 P 12630 95 -6 1488 1488 1 3 -384 16774
17:28:16.240 P 12632 94 2 1478 1478 2 1 -618 16694
17:28:16.240 P 12634 91 8 1477 1477 1 1 -100 16694
17:28:16.240 P 12636 90 -2 1463 1463 1 1 -754 16780
17:28:16.240 P 12638 87 12 1471 1471 1 2 -218 16726
17:28:16.240 P 12639 87 28 1480 1480 2 1 -588 16712
17:28:16.240 P 12641 86 -14 1442 1442 0 1 -82 16608
17:28:16.240 P 12643 84 17 1473 1473 2 2 -626 16762
17:28:16.240 P 12645 82 20 1449 1449 0 1 -168 16750
17:28:16.240 P 12647 82 37 1468 1468 2 1 -20 16684
17:28:16.240 P 12649 83 48 1465 1465 1 1 -702 16744
17:28:16.240 P 12650 83 32 1453 1453 1 1 -594 16676
17:28:16.240 P 12652 83 62 1471 1471 1 1 -208 16622
17:28:16.240 P 12654 86 81 1476 1476 0 2 -158 16760
17:28:16.240 P 12656 88 49 1470 1470 2 1 -682 16636
17:28:16.240 P 12658 87 49 1463 1463 1 1 -160 16704
17:28:16.240 P 12660 89 51 1453 1453 0 1 -28 16678
17:28:16.240 P 12662 92 84 1479 1479 0 1 -914 16694
17:28:16.240 P 12664 92 40 1457 1457 1 1 20 16692
17:28:16.240 P 12665 92 57 1456 1456 0 1 -212 16694
17:28:16.240 P 12667 95 50 1466 1466 0 2 -540 16818
17:28:16.240 P 12669 96 77 1470 1470 0 1 -396 16706
17:28:16.240 P 12671 98 63 1460 1460 0 2 -254 16676
17:28:16.240 P 12673 100 75 1471 1471 0 1 -530 16640
17:28:16.240 P 12675 102 45 1463 1463 1 1 -204 16736
17:28:16.240 P 12677 103 65 1469 1469 1 1 -420 16666
17:28:16.240 P 12679 106 83 1476 1476 0 2 -330 16790
17:28:16.240 P 12681 110 95 1473 1473 0 0 -846 16692
17:28:16.240 P 12682 111 76 1471 1471 1 1 -666 16734
17:28:16.240 P 12684 112 56 1473 1473 2 1 -134 16680
17:28:16.240 P 12686 115 74 1471 1471 1 0 -770 16632
17:28:16.240 P 12688 116 65 1471 1471 1 1 -582 16626
17:28:16.240 P 12690 118 52 1467 1467 1 1 -590 16646
17:28:16.240 P 12692 119 34 1450 1450 0 1 -330 16658
17:28:16.240 P 12694 119 35 1454 1454 0 1 -562 16734
17:28:16.240 P 12696 118 41 1448 1448 0 0 -406 16650
17:28:16.240 P 12698 118 18 1442 1442 0 1 -538 16694
17:28:16.240 P 12700 117 3 1437 1437 0 1 -888 16762
17:28:16.240 P 12702 115 15 1435 1435 1 0 -116 16720
17:28:16.240 P 12704 115 53 1440 1440 0 0 -104 16644
17:28:16.240 P 12706 117 77 1461 1461 1 0 -548 16670
17:28:16.240 P 12708 120 83 1455 1455 0 0 -376 16804
17:28:16.240 P 12709 121 79 1455 1455 0 1 -508 16644
17:28:16.240 P 12711 124 62 1442 1442 0 0 -552 16640
17:28:16.240 P 12713 125 61 1447 1447 1 0 -516 16692
17:28:16.240 P 12715 126 45 1434 1434 0 0 -454 16644
17:28:16.240 P 12717 127 63 1438 1438 0 0 -562 16596
17:28:16.240 P 12719 129 67 1456 1456 1 0 -334 16696
17:28:16.240 P 12721 132 90 1465 1465 0 1 -464 16722
17:28:16.240 P 12723 135 107 1462 1462 0 0 -332 16684
17:28:16.240 P 12725 140 128 1467 1467 0 0 -424 16672
17:28:16.240 P 12726 143 139 1471 1471 0 0 -418 16734
17:28:16.240 P 12728 150 140 1481 1481 0 0 -520 16752
17:28:16.240 P 12730 156 139 1479 1479 0 0 -564 16650
17:28:16.240 P 12732 162 136 1488 1488 0 0 -536 16676
17:28:16.240 P 12734 168 125 1483 1483 0 0 -668 16654
17:28:16.240 P 12736 173 113 1488 1488 0 1 -630 16580
17:28:16.240 P 12738 177 99 1479 1479 0 0 -712 16686
17:28:16.240 P 12740 180 73 1474 1474 0 0 -764 16696
17:28:16.240 P 12742 182 71 1478 1478 0 0 -422 16716
17:28:16.240 P 12743 183 77 1488 1488 0 1 -464 16712
17:28:16.240 P 12745 185 78 1483 1483 0 0 -374 16662
17:28:16.240 P 12747 188 102 1500 1500 0 0 -492 16610
17:28:16.240 P 12749 192 107 1500 1500 0 0 -416 16634
17:28:16.240 P 12751 196 106 1508 1508 0 0 -700 16580
17:28:16.240 P 12753 200 103 1514 1514 0 1 -692 16668
17:28:16.240 P 12755 203 95 1517 1517 0 1 -586 16628
17:28:16.240 P 12756 205 92 1513 1513 0 0 -764 16724
17:28:16.240 P 12758 208 75 1509 1509 0 0 -570 16682
17:28:16.240 P 12760 210 73 1512 1512 0 0 -674 16710
17:28:16.240 P 12762 211 73 1525 1525 0 1 -410 16646
17:28:16.240 P 12764 214 85 1533 1533 0 1 -406 16622
17:28:16.240 P 12766 217 88 1526 1526 0 0 -546 16698
17:28:16.240 P 12767 218 92 1536 1536 0 1 -378 16740
17:28:16.240 P 12769 222 102 1536 1536 0 0 -736 16616
17:28:16.240 P 12771 225 89 1545 1545 0 1 -828 16660
17:28:16.240 P 12773 228 70 1537 1537 0 0 -832 16716
17:28:16.240 P 12775 229 36 1532 1532 1 1 -752 16674
17:28:16.240 P 12777 228 37 1529 1529 0 0 -556 16724
17:28:16.240 P 12779 228 36 1544 1544 1 1 -772 16600
17:28:16.240 P 12781 227 26 1533 1533 0 1 -802 16700
17:28:16.240 P 12782 227 17 1530 1530 1 0 -1154 16674
17:28:16.240 P 12784 224 -29 1518 1518 0 1 -508 16768
17:28:16.240 P 12786 220 -49 1504 1504 0 0 -1160 16624
17:28:16.240 P 12788 213 -87 1477 1477 0 0 -994 16684
17:28:16.240 P 12790 204 -112 1474 1474 0 0 -268 16742
17:28:16.240 P 12792 197 -72 1482 1482 1 0 -920 16650
17:28:16.240 P 12794 190 -74 1473 1473 1 0 -786 16704
17:28:16.240 P 12796 183 -115 1463 1463 1 1 -638 16740
17:28:16.240 P 12798 173 -102 1456 1456 1 0 -768 16676
17:28:16.240 P 12799 169 -110 1434 1434 0 0 -570 16734
17:28:16.240 P 12801 160 -81 1438 1438 0 0 -326 16660
17:28:16.240 P 12803 155 -51 1448 1448 1 0 -492 16788
17:28:16.240 P 12805 151 -17 1442 1442 0 0 -732 16696
17:28:16.240 P 12807 147 -20 1442 1442 0 0 -386 16772
17:28:16.240 P 12809 146 10 1442 1442 0 0 -810 16690
17:28:16.240 P 12811 144 2 1436 1436 1 0 -562 16620
17:28:16.240 P 12812 143 6 1432 1432 0 0 -784 16644
17:28:16.240 P 12814 142 2 1421 1421 0 0 -574 16678
17:28:16.240 P 12816 140 -8 1408 1408 0 0 -768 16636
17:28:16.240 P 12818 136 -24 1393 1393 0 0 -540 16650
17:28:16.240 P 12820 133 -30 1394 1394 1 0 -658 16624
17:28:16.240 P 12822 128 -46 1387 1387 1 0 -610 16652
17:28:16.240 P 12823 126 -52 1379 1379 0 0 -622 16740
17:28:16.240 P 12825 120 -62 1364 1364 0 0 -592 16722
17:28:16.240 P 12827 114 -73 1349 1349 0 0 -610 16684
17:28:16.240 P 12829 108 -76 1338 1338 0 0 -574 16698
17:28:16.240 P 12831 101 -82 1328 1328 0 0 -540 16646
17:28:16.240 P 12833 94 -90 1315 1315 0 0 -550 16586
17:28:16.240 P 12834 90 -98 1307 1307 0 0 -502 16690
17:28:16.240 P 12836 81 -114 -1310 -1310 0 0 -500 16678
17:28:16.240 P 12838 72 -126 -1335 -1335 0 -1 -468 16734
17:28:16.240 P 12840 62 -138 -1346 -1346 0 0 -516 16770
17:28:16.240 P 12842 51 -160 -1366 -1366 0 0 -392 16726
17:28:16.240 P 12843 45 -166 -1374 -1374 0 0 -436 16658
17:28:16.240 P 12845 33 -180 -1392 -1392 0 0 -384 16710
17:28:16.240 P 12847 19 -200 -1423 -1423 0 -1 -412 16650
17:28:16.240 P 12849 5 -216 -1442 -1442 0 0 -344 16634
17:28:16.240 P 12851 -10 -236 -1473 -1473 0 0 -326 16588
17:28:16.240 P 12852 -18 -245 -1492 -1492 0 -1 -320 16666
17:28:16.240 P 12854 -38 -238 -1509 -1509 0 0 2214 16878
17:28:16.240 P 12856 -47 -170 -1487 -1487 0 0 -1320 16668
17:28:16.240 P 12858 -64 -280 -1560 -1560 -1 0 690 16808
17:28:16.240 P 12860 -80 -228 -1560 -1560 -1 0 -508 16678
17:28:16.240 P 12862 -99 -266 -1604 -1604 0 -1 428 16662
17:28:16.240 P 12863 -107 -256 -1621 -1621 -1 -1 68 16710
17:28:16.240 P 12865 -125 -253 -1639 -1639 -1 -1 340 16704
17:28:16.240 P 12867 -141 -219 -1669 -1669 -2 -1 530 16790
17:28:16.240 P 12869 -154 -131 -1652 -1652 -1 -2 416 16952
17:28:16.240 P 12870 -158 -73 -1652 -1652 -2 -2 986 16794
17:28:16.240 P 12872 -158 110 -1575 -1575 -1 -2 918 16518
17:28:16.240 P 12874 -148 186 -1555 -1555 -1 -3 -46 16932
17:28:16.240 P 12876 -141 170 -1576 -1576 -2 -2 560 16882
17:28:16.240 P 12878 -133 105 -1603 -1603 -2 -1 -366 16262
17:28:16.240 P 12880 -130 129 -1610 -1610 -2 -1 494 16734
17:28:16.240 P 12882 -122 149 -1611 -1611 -3 -2 160 16888
17:28:16.240 P 12883 -119 148 -1615 -1615 -1 -3 544 16740
17:28:16.240 P 12885 -111 182 -1601 -1601 -1 -3 -278 16474
17:28:16.240 P 12887 -103 174 -1604 -1604 -1 -2 612 16956
17:28:16.240 P 12889 -92 198 -1607 -1607 -2 -2 -702 16666
17:28:16.240 P 12891 -86 187 -1615 -1615 -2 -2 1338 16528
17:28:16.240 P 12893 -72 237 -1587 -1587 -2 -3 -764 16664
17:28:16.240 P 12894 -67 209 -1614 -1614 -3 -3 842 17036
17:28:16.240 P 12896 -52 309 -1554 -1554 -2 -3 -404 16682
17:28:16.240 P 12898 -37 285 -1562 -1562 -2 -3 420 16572
17:28:16.240 P 12900 -22 269 -1554 -1554 -2 -2 -410 16624
17:28:16.240 P 12902 -9 280 -1554 -1554 -2 -3 258 16876
17:28:16.240 P 12904 6 290 -1541 -1541 -3 -3 76 16658
17:28:16.240 P 12905 13 285 -1539 -1539 -2 -3 646 16602
17:28:16.240 P 12907 29 270 -1526 -1526 -2 -3 -502 16588
17:28:16.240 P 12909 42 264 -1513 -1513 -2 -2 -194 16860
17:28:16.240 P 12911 55 257 -1522 -1522 -3 -3 292 16758
17:28:16.240 P 12913 68 219 -1524 -1524 -3 -3 -520 16350
17:28:16.240 P 12915 79 261 -1491 -1491 -2 -3 -466 16588
17:28:16.240 P 12917 91 201 -1497 -1497 -2 -2 360 16952
17:28:16.240 P 12919 102 219 -1479 -1479 -2 -2 -1018 16712
17:28:16.240 P 12921 109 174 -1486 -1486 -2 -1 756 16498
17:28:16.240 P 12923 120 189 -1473 -1473 -2 -2 -292 16802
17:28:16.240 P 12924 123 173 -1465 -1465 -1 -2 -126 16940
17:28:16.240 P 12926 133 193 -1443 -1443 -1 -1 -710 16696
17:28:16.240 P 12928 139 134 -1476 -1476 -2 -2 94 16742
17:28:16.240 P 12930 145 150 -1453 -1453 -2 -2 -522 16556
17:28:16.240 P 12932 150 130 -1461 -1461 -2 -2 200 16640
17:28:16.240 P 12934 157 139 -1434 -1434 -1 -2 -912 16700
17:28:16.240 P 12936 159 89 -1454 -1454 -2 -1 428 16890
17:28:16.240 P 12938 164 124 -1429 -1429 -1 -1 -870 16668
17:28:16.240 P 12940 166 89 -1446 -1446 -2 -2 76 16606
17:28:16.240 P 12942 169 77 -1433 -1433 -1 -2 -532 16638
17:28:18.083 P 12944 171 85 -1434 -1434 -1 -3 -184 16814
17:28:18.083 P 12945 171 78 -1425 -1425 -1 -1 -106 16728
17:28:18.083 P 12947 174 79 -1414 -1414 -1 -2 -768 16584
17:28:18.083 P 12949 174 79 -1408 -1408 -1 -2 230 16712
17:28:18.083 P 12951 177 70 -1402 -1402 -1 0 -542 16680
17:28:18.083 P 12953 178 57 -1405 -1405 -1 -1 -482 16618
17:28:18.083 P 12955 177 53 -1408 -1408 -1 -2 240 16642
17:28:18.083 P 12957 179 62 -1392 -1392 -1 -1 -834 16554
17:28:18.083 P 12959 177 18 -1418 -1418 -1 -2 68 16802
17:28:18.083 P 12961 177 33 -1387 -1387 -1 0 -388 16728
17:28:18.083 P 12963 175 31 -1400 -1400 -1 -2 -402 16776
17:28:18.083 P 12965 174 10 -1390 -1390 -1 0 -414 16700
17:28:18.083 P 12967 172 19 -1384 -1384 -1 -1 -542 16700
17:28:18.083 P 12968 171 4 -1385 -1385 0 -1 -588 16706
17:28:18.083 P 12970 168 0 -1387 -1387 0 0 -498 16678
17:28:18.083 P 12972 164 -31 -1394 -1394 0 0 -312 16754
17:28:18.083 P 12974 161 -20 -1394 -1394 0 -1 -542 16668
17:28:18.083 P 12976 156 -37 -1411 -1411 -1 -1 -200 16640
17:28:18.083 P 12978 150 -55 -1400 -1400 0 0 -198 16656
17:28:18.083 P 12980 144 -67 -1410 -1410 0 0 -514 16710
17:28:18.083 P 12981 140 -81 -1422 -1422 0 -1 -354 16690
17:28:18.083 P 12983 133 -76 -1417 -1417 0 0 -438 16658
17:28:18.083 P 12985 125 -97 -1438 -1438 0 -1 -260 16658
17:28:18.083 P 12987 116 -101 -1433 -1433 0 0 -434 16648
17:28:18.083 P 12989 107 -105 -1450 -1450 -1 0 -232 16642
17:28:18.083 P 12991 98 -115 -1451 -1451 0 0 -268 16680
17:28:18.083 P 12992 93 -118 -1462 -1462 0 -1 -174 16682
17:28:18.083 P 12994 84 -126 -1474 -1474 -1 0 -362 16692
17:28:18.083 P 12996 73 -126 -1474 -1474 0 0 -198 16672
17:28:18.083 P 12998 63 -128 -1487 -1487 -1 0 -198 16654
17:28:18.083 P 13000 53 -127 -1498 -1498 0 -1 -134 16600
17:28:18.083 P 13001 48 -128 -1498 -1498 0 0 -84 16684
17:28:18.083 P 13003 38 -121 -1517 -1517 -1 -1 -132 16742
17:28:18.083 P 13005 28 -126 -1527 -1527 0 0 -102 16746
17:28:18.083 P 13007 18 -119 -1534 -1534 0 -1 70 16780
17:28:18.083 P 13009 9 -99 -1533 -1533 -1 0 22 16696
17:28:18.083 P 13010 5 -92 -1538 -1538 0 -1 110 16616
17:28:18.083 P 13012 -1 -57 -1535 -1535 0 -1 -180 16724
17:28:18.083 P 13014 -6 -62 -1547 -1547 0 0 -112 16696
17:28:18.083 P 13016 -12 -51 -1553 -1553 -1 -1 46 16766
17:28:18.083 P 13018 -16 -17 -1562 -1562 -1 -1 182 16828
17:28:18.083 P 13020 -18 30 -1538 -1538 -1 0 198 16692
17:28:18.083 P 13022 -17 56 -1551 -1551 -1 -2 -270 16608
17:28:18.083 P 13024 -17 36 -1550 -1550 0 0 378 16654
17:28:18.083 P 13026 -15 78 -1551 -1551 -2 -1 -62 16692
17:28:18.083 P 13028 -13 98 -1545 -1545 -1 -1 388 16688
17:28:18.083 P 13029 -11 124 -1534 -1534 -1 -1 258 16742
17:28:18.083 P 13031 -4 137 -1533 -1533 -1 -1 -270 16622
17:28:18.083 P 13033 0 136 -1542 -1542 -2 -2 390 16624
17:28:18.083 P 13035 7 169 -1517 -1517 -1 -1 -170 16698
17:28:18.083 P 13037 15 167 -1527 -1527 -1 -2 64 16664
17:28:18.083 P 13039 23 154 -1520 -1520 -1 -1 -306 16690
17:28:18.083 P 13041 30 181 -1505 -1505 -1 -1 -14 16678
17:28:18.083 P 13043 38 176 -1505 -1505 -1 -2 -254 16732
17:28:18.083 P 13045 47 166 -1506 -1506 -2 -1 -118 16712
17:28:18.083 P 13047 55 182 -1494 -1494 -1 -2 -134 16868
17:28:18.083 P 13049 62 162 -1489 -1489 -2 0 -152 16690
17:28:18.083 P 13051 70 163 -1486 -1486 -1 -1 -74 16754
17:28:18.083 P 13053 78 190 -1468 -1468 -1 -1 -224 16612
17:28:18.083 P 13055 86 168 -1473 -1473 -1 -1 350 16760
17:28:18.083 P 13056 90 176 -1452 -1452 -1 0 -494 16670
17:28:18.083 P 13058 97 139 -1469 -1469 -1 -1 -20 16810
17:28:18.083 P 13060 104 173 -1451 -1451 -1 -1 -364 16602
17:28:18.083 P 13062 110 128 -1463 -1463 -1 -1 -248 16706
17:28:18.083 P 13064 117 158 -1439 -1439 -1 -1 -384 16566
17:28:18.083 P 13066 123 129 -1455 -1455 -2 -1 -220 16630
17:28:18.083 P 13068 128 140 -1423 -1423 -1 0 28 16760
17:28:18.083 P 13070 134 148 -1436 -1436 -2 -2 -412 16712
17:28:18.083 P 13072 141 147 -1409 -1409 0 -1 -366 16736
17:28:18.083 P 13074 146 126 -1409 -1409 -1 -1 -186 16642
17:28:18.083 P 13076 150 105 -1421 -1421 -1 -1 -308 16642
17:28:18.083 P 13078 154 125 -1393 -1393 -1 0 -188 16622
17:28:18.083 P 13080 159 121 -1389 -1389 -1 -1 -446 16632
17:28:18.083 P 13082 163 99 -1395 -1395 0 -1 -368 16746
17:28:18.083 P 13084 166 84 -1381 -1381 0 0 -350 16678
17:28:18.083 P 13085 166 72 -1394 -1394 -1 -1 -94 16782
17:28:18.083 P 13087 169 78 -1383 -1383 -1 0 -514 16674
17:28:18.083 P 13089 170 80 -1379 -1379 -1 -1 -110 16800
17:28:18.083 P 13091 173 96 -1357 -1357 -1 0 -212 16716
17:28:18.083 P 13093 176 92 -1357 -1357 0 -1 -352 16746
17:28:18.083 P 13095 177 76 -1365 -1365 -1 -1 -184 16698
17:28:18.083 P 13097 179 72 -1346 -1346 0 0 -430 16670
17:28:18.083 P 13099 181 68 -1345 -1345 -1 0 -412 16632
17:28:18.083 P 13101 182 55 -1338 -1338 0 0 -480 16632
17:28:18.083 P 13103 182 52 -1331 -1331 0 0 -52 16774
17:28:18.083 P 13105 183 68 -1325 -1325 0 0 -376 16758
17:28:18.083 P 13107 184 72 -1324 -1324 0 0 -170 16764
17:28:18.083 P 13109 185 80 -1311 -1311 0 0 -324 16756
17:28:18.083 P 13111 187 84 -1303 -1303 0 0 -284 16670
17:28:18.083 P 13113 190 86 1304 1304 0 0 -244 16650
17:28:18.083 P 13115 193 106 1319 1319 0 0 -340 16802
17:28:18.083 P 13117 197 116 1329 1329 0 0 -246 16700
17:28:18.083 P 13119 202 135 1344 1344 0 0 -320 16764
17:28:18.083 P 13120 204 140 1350 1350 0 0 -216 16744
17:28:18.083 P 13122 210 156 1365 1365 0 0 -424 16692
17:28:18.083 P 13124 218 169 1378 1378 0 0 -360 16714
17:28:18.083 P 13126 225 181 1392 1392 0 0 -394 16604
17:28:18.083 P 13128 234 197 1408 1408 0 0 -424 16684
17:28:18.083 P 13130 244 210 1424 1424 0 0 -430 16726
17:28:18.083 P 13132 254 227 1442 1442 0 0 -470 16718
17:28:18.083 P 13134 266 243 1461 1461 0 0 -500 16620
17:28:18.083 P 13136 278 258 1490 1490 1 0 -498 16668
17:28:18.083 P 13138 291 274 1507 1507 0 0 -554 16676
17:28:18.083 P 13140 306 293 1545 1545 0 0 -610 16604
17:28:18.083 P 13142 321 312 1573 1573 0 1 -586 16770
17:28:18.083 P 13144 338 332 1601 1601 1 0 -550 16696
17:28:18.083 P 13145 346 344 1622 1622 0 1 -582 16614
17:28:18.083 P 13147 365 366 1658 1658 0 1 -650 16682
17:28:18.083 P 13149 384 223 1652 1652 1 2 -1752 16702
17:28:18.083 P 13151 391 156 1638 1638 1 1 -1760 16606
17:28:18.083 P 13153 393 15 1590 1590 1 1 -1294 16724
17:28:18.083 P 13155 388 -41 1580 1580 1 1 -1264 16656
17:28:18.083 P 13157 380 -88 1577 1577 2 2 -598 16698
17:28:18.083 P 13159 373 -60 1604 1604 2 2 -1320 16782
17:28:18.083 P 13162 364 -89 1596 1596 1 2 -1856 16550
17:28:18.083 P 13164 353 -108 1586 1586 1 2 -1132 16680
17:28:18.083 P 13166 343 -145 1567 1567 2 2 -832 16690
17:28:18.083 P 13168 332 -135 1586 1586 2 3 -1182 16718
17:28:18.083 P 13170 321 -114 1577 1577 1 2 -614 16628
17:28:18.083 P 13172 311 -182 1546 1546 1 3 -736 16656
17:28:18.083 P 13174 299 -120 1573 1573 1 3 -1554 16654
17:28:18.083 P 13176 286 -185 1528 1528 2 2 72 16704
17:28:18.083 P 13178 275 -129 1554 1554 2 2 -1714 16804
17:28:18.083 P 13180 262 -150 1525 1525 1 1 -302 16790
17:28:18.083 P 13183 245 -161 1515 1515 2 2 74 16604
17:28:18.083 P 13185 235 -145 1518 1518 1 2 -606 16764
17:28:18.083 P 13187 225 -111 1520 1520 1 2 -914 16672
17:28:18.083 P 13189 215 -128 1502 1502 2 2 -112 16610
17:28:18.083 P 13191 207 -114 1501 1501 2 2 -1130 16588
17:28:18.083 P 13193 197 -91 1491 1491 1 1 -594 16754
17:28:18.083 P 13195 190 -105 1480 1480 1 1 -610 16552
17:28:18.083 P 13197 182 -60 1487 1487 1 1 -874 16606
17:28:18.083 P 13199 176 -65 1485 1485 1 2 -190 16572
17:28:18.083 P 13201 172 -16 1510 1510 2 2 -1020 16624
17:28:18.083 P 13203 165 -79 1450 1450 1 1 -60 16710
17:28:18.083 P 13205 162 -2 1497 1497 2 2 -784 16594
17:28:18.083 P 13207 158 -39 1474 1474 1 2 140 16722
17:28:18.083 P 13209 156 0 1483 1483 2 2 -926 16696
17:28:18.083 P 13211 154 16 1473 1473 0 2 -706 16702
17:28:18.083 P 13213 152 11 1477 1477 2 1 -222 16670
17:28:18.083 P 13215 152 21 1469 1469 1 1 -948 16652
17:28:18.083 P 13217 149 10 1463 1463 1 2 -250 16666
17:28:18.083 P 13219 150 56 1487 1487 1 2 -760 16654
17:28:18.083 P 13221 151 57 1480 1480 1 1 88 16648
17:28:18.083 P 13223 153 57 1488 1488 2 2 -736 16660
17:28:18.083 P 13225 154 61 1477 1477 1 1 -546 16688
17:28:18.083 P 13227 155 66 1469 1469 1 0 -248 16632
17:28:18.083 P 13229 158 90 1494 1494 2 1 -856 16636
17:28:18.083 P 13231 160 60 1472 1472 1 1 16 16884
17:28:18.083 P 13233 163 88 1490 1490 1 1 -856 16732
17:28:18.083 P 13235 165 84 1503 1503 2 2 -464 16650
17:28:18.083 P 13237 167 36 1472 1472 1 1 -506 16838
17:28:18.083 P 13239 168 90 1492 1492 1 1 -518 16726
17:28:18.083 P 13241 172 93 1492 1492 1 1 -458 16732
17:28:18.083 P 13243 177 127 1518 1518 0 1 -848 16708
17:28:18.083 P 13245 181 92 1490 1490 0 1 -418 16712
17:28:18.083 P 13247 184 101 1505 1505 0 1 -506 16712
17:28:18.083 P 13249 188 92 1513 1513 1 1 -712 16644
17:28:18.083 P 13251 191 83 1508 1508 1 1 -354 16700
17:28:18.083 P 13253 194 99 1517 1517 1 1 -578 16610
17:28:18.083 P 13255 198 101 1520 1520 1 1 -538 16670
17:28:18.083 P 13257 202 79 1522 1522 0 2 -686 16620
17:28:18.083 P 13259 203 84 1531 1531 1 1 -618 16710
17:28:18.083 P 13260 205 74 1520 1520 0 1 -894 16622
17:28:18.083 P 13262 206 56 1517 1517 0 1 -636 16702
17:28:18.083 P 13264 207 55 1514 1514 0 1 -860 16638
17:28:18.083 P 13266 208 69 1527 1527 1 0 -298 16666
17:28:18.083 P 13268 210 46 1533 1533 1 2 -1066 16738
17:28:18.083 P 13270 209 25 1514 1514 0 1 -790 16684
17:28:18.083 P 13272 207 1 1522 1522 1 1 -490 16792
17:28:18.083 P 13274 206 37 1529 1529 1 1 -644 16676
17:28:18.083 P 13276 205 -8 1516 1516 1 1 -726 16720
17:28:18.083 P 13278 202 22 1536 1536 1 2 -558 16562
17:28:18.083 P 13280 200 -26 1508 1508 1 1 -288 16728
17:28:18.083 P 13282 199 53 1535 1535 0 1 -1366 16686
17:28:18.083 P 13284 197 -1 1527 1527 2 1 -26 16690
17:28:18.083 P 13286 196 3 1524 1524 0 2 -1300 16622
17:28:18.083 P 13288 192 -19 1517 1517 2 1 -284 16716
17:28:18.083 P 13290 189 -17 1510 1510 0 1 -732 16666
17:28:18.083 P 13292 186 -19 1522 1522 2 1 -996 16786
17:28:18.083 P 13294 180 -67 1496 1496 1 1 -48 16756
17:28:18.083 P 13296 176 -20 1519 1519 1 2 -1244 16636
17:28:18.083 P 13298 172 -33 1501 1501 1 1 -270 16722
17:28:18.083 P 13300 167 -53 1492 1492 2 1 -382 16794
17:28:18.083 P 13302 163 -23 1508 1508 1 2 -1056 16588
17:28:18.083 P 13304 158 -55 1482 1482 2 1 -246 16742
17:28:18.083 P 13306 154 -34 1471 1471 0 0 -666 16760
17:28:18.083 P 13308 149 -40 1493 1493 2 2 -688 16560
17:28:18.083 P 13310 143 -86 1451 1451 1 2 -172 16778
17:28:18.083 P 13312 139 4 1477 1477 0 1 -1178 16498
17:28:19.894 P 13314 135 -47 1468 1468 1 2 150 16700
17:28:19.894 P 13316 131 -27 1462 1462 1 1 -946 16648
17:28:19.894 P 13318 126 -45 1449 1449 2 1 12 16630
17:28:19.894 P 13320 123 -9 1456 1456 1 1 -1098 16624
17:28:19.894 P 13322 119 -39 1439 1439 1 1 88 16764
17:28:19.894 P 13324 116 2 1461 1461 2 1 -500 16620
17:28:19.894 P 13326 114 -1 1450 1450 1 1 -560 16634
17:28:19.894 P 13328 112 -28 1431 1431 1 1 -652 16718
17:28:19.894 P 13330 107 -22 1416 1416 0 1 -24 16786
17:28:19.894 P 13332 106 9 1429 1429 1 0 -366 16758
17:28:19.894 P 13334 106 63 1455 1455 0 1 -650 16664
17:28:19.894 P 13336 108 57 1437 1437 0 1 -402 16826
17:28:19.894 P 13338 109 61 1447 1447 1 1 -328 16662
17:28:19.894 P 13340 111 81 1445 1445 0 1 -478 16608
17:28:19.894 P 13342 114 65 1431 1431 0 1 -526 16702
17:28:19.894 P 13344 115 42 1415 1415 0 1 -524 16712
17:28:19.894 P 13346 115 43 1430 1430 1 1 -672 16682
17:28:19.894 P 13348 115 21 1400 1400 0 0 -254 16700
17:28:19.894 P 13350 115 30 1401 1401 0 0 -654 16734
17:28:19.894 P 13351 114 23 1401 1401 0 1 -82 16766
17:28:19.894 P 13353 115 54 1420 1420 0 0 -648 16720
17:28:19.894 P 13355 116 64 1422 1422 0 1 -264 16702
17:28:19.894 P 13357 119 81 1421 1421 0 0 -516 16612
17:28:19.894 P 13359 122 81 1415 1415 0 0 -618 16718
17:28:19.894 P 13361 124 68 1405 1405 0 0 -516 16600
17:28:19.894 P 13362 125 67 1404 1404 0 0 -566 16724
17:28:19.894 P 13364 127 57 1405 1405 0 0 -608 16750
17:28:19.894 P 13366 128 41 1393 1393 0 0 -608 16686
17:28:19.894 P 13368 128 31 1385 1385 0 0 -560 16700
17:28:19.894 P 13370 128 17 1385 1385 0 1 -540 16660
17:28:19.894 P 13371 127 13 1380 1380 0 0 -484 16672
17:28:19.894 P 13373 125 10 1373 1373 0 0 -474 16714
17:28:19.894 P 13375 124 11 1369 1369 0 0 -420 16792
17:28:19.894 P 13377 122 15 1368 1368 0 0 -532 16768
17:28:19.894 P 13379 121 -1 1357 1357 0 0 -468 16742
17:28:19.894 P 13380 120 -2 1356 1356 0 0 -476 16710
17:28:19.894 P 13382 117 -15 1346 1346 0 0 -582 16648
17:28:19.894 P 13384 114 -21 1339 1339 0 0 -548 16650
17:28:19.894 P 13386 110 -34 1330 1330 0 0 -528 16782
17:28:19.894 P 13388 106 -43 1320 1320 0 0 -554 16666
17:28:19.894 P 13389 103 -49 1315 1315 0 0 -462 16710
17:28:19.894 P 13391 98 -57 1306 1306 0 0 -508 16714
17:28:19.894 P 13393 92 -70 -1306 -1306 0 0 -446 16586
17:28:19.894 P 13395 85 -81 -1318 -1318 0 0 -398 16570
17:28:19.894 P 13397 78 -88 -1336 -1336 0 0 -482 16680
17:28:19.894 P 13399 70 -104 -1350 -1350 0 0 -398 16680
17:28:19.894 P 13400 66 -109 -1355 -1355 0 0 -424 16594
17:28:19.894 P 13402 57 -120 -1367 -1367 0 0 -364 16622
17:28:19.894 P 13404 47 -131 -1381 -1381 0 0 -304 16688
17:28:19.894 P 13406 37 -144 -1396 -1396 0 0 -310 16550
17:28:19.894 P 13408 26 -156 -1412 -1412 0 0 -358 16682
17:28:19.894 P 13410 14 -166 -1436 -1436 0 0 -274 16618
17:28:19.894 P 13411 8 -173 -1444 -1444 0 0 -268 16602
17:28:19.894 P 13413 -4 -186 -1460 -1460 0 0 -278 16420
17:28:19.894 P 13415 -18 -199 -1479 -1479 0 0 -206 16594
17:28:19.894 P 13417 -33 -217 -1499 -1499 0 0 -212 16658
17:28:19.894 P 13419 -48 -233 -1522 -1522 0 0 -132 16702
17:28:19.894 P 13421 -65 -245 -1543 -1543 0 0 -182 16668
17:28:19.894 P 13423 -82 -266 -1586 -1586 0 0 -134 16644
17:28:19.894 P 13424 -91 -276 -1597 -1597 0 0 -136 16616
17:28:19.894 P 13426 -111 -296 -1647 -1647 0 -1 156 16658
17:28:19.894 P 13428 -129 -258 -1664 -1664 -1 -1 -52 16620
17:28:19.894 P 13430 -144 -216 -1680 -1680 -1 -1 110 16596
17:28:19.894 P 13432 -155 5 -1621 -1621 -2 -2 -12 16642
17:28:19.894 P 13434 -157 69 -1616 -1616 -2 -2 1814 16996
17:28:19.894 P 13436 -147 190 -1565 -1565 -1 -1 -412 16670
17:28:19.894 P 13438 -138 210 -1578 -1578 -3 -2 470 16640
17:28:19.894 P 13440 -128 155 -1610 -1610 -2 -2 498 16690
17:28:19.894 P 13442 -119 233 -1585 -1585 -3 -3 -26 16650
17:28:19.894 P 13444 -108 185 -1593 -1593 -1 -2 710 16670
17:28:19.894 P 13446 -97 243 -1569 -1569 -1 -2 138 16800
17:28:19.894 P 13448 -85 214 -1582 -1582 -1 -2 772 16790
17:28:19.894 P 13450 -71 268 -1561 -1561 -2 -2 -390 16450
17:28:19.894 P 13452 -61 228 -1575 -1575 -2 -2 650 16836
17:28:19.894 P 13454 -47 249 -1564 -1564 -2 -2 -386 16646
17:28:19.894 P 13456 -35 287 -1537 -1537 -1 -3 446 16432
17:28:19.894 P 13457 -25 306 -1528 -1528 -3 -2 -928 16470
17:28:19.894 P 13459 -14 221 -1557 -1557 -2 -2 410 16910
17:28:19.894 P 13461 0 274 -1528 -1528 -2 -3 -286 16682
17:28:19.894 P 13463 11 234 -1534 -1534 -1 -3 250 16612
17:28:19.894 P 13465 25 255 -1511 -1511 -2 -2 -590 16682
17:28:19.894 P 13467 35 218 -1517 -1517 -2 -1 282 16682
17:28:19.894 P 13469 47 236 -1496 -1496 -1 -2 -308 16560
17:28:19.894 P 13471 57 224 -1503 -1503 -2 -2 488 16764
17:28:19.894 P 13473 71 233 -1477 -1477 -2 -2 -694 16602
17:28:19.894 P 13474 75 207 -1488 -1488 -2 -2 234 16590
17:28:19.894 P 13476 85 184 -1480 -1480 -1 -1 -670 16446
17:28:19.894 P 13478 92 181 -1478 -1478 -2 -1 170 16742
17:28:19.894 P 13480 102 149 -1491 -1491 -2 -2 -380 16740
17:28:19.894 P 13482 108 187 -1462 -1462 -2 -2 -318 16528
17:28:19.894 P 13484 116 112 -1479 -1479 -2 -1 -80 16908
17:28:19.894 P 13486 121 157 -1451 -1451 -1 -1 -878 16752
17:28:19.894 P 13488 126 86 -1484 -1484 -2 -2 102 16620
17:28:19.894 P 13490 130 105 -1455 -1455 -1 -2 -982 16604
17:28:19.894 P 13492 132 87 -1468 -1468 -1 -2 -238 16684
17:28:19.894 P 13494 134 82 -1467 -1467 -2 -2 -494 16710
17:28:19.894 P 13496 136 54 -1476 -1476 -2 -1 102 16580
17:28:19.894 P 13498 138 65 -1457 -1457 -1 -1 -980 16630
17:28:19.894 P 13500 137 26 -1480 -1480 -1 -2 36 16816
17:28:19.894 P 13501 138 45 -1461 -1461 -1 -1 -516 16766
17:28:19.894 P 13503 138 48 -1466 -1466 -2 -1 -392 16604
17:28:19.894 P 13505 136 -12 -1491 -1491 -1 -2 94 16692
17:28:19.894 P 13507 135 39 -1464 -1464 -1 -1 -646 16746
17:28:19.894 P 13509 133 6 -1490 -1490 -2 -1 -192 16762
17:28:19.894 P 13511 131 1 -1490 -1490 -1 -2 -324 16588
17:28:19.894 P 13513 128 29 -1469 -1469 -1 -1 -18 16758
17:28:19.894 P 13515 129 10 -1480 -1480 -1 -2 -602 16608
17:28:19.894 P 13517 125 -3 -1491 -1491 -1 -1 -288 16586
17:28:19.894 P 13519 122 -1 -1493 -1493 -1 -1 82 16658
17:28:19.894 P 13521 122 22 -1477 -1477 -1 -2 -940 16708
17:28:19.894 P 13523 118 -22 -1506 -1506 -2 -1 -42 16774
17:28:19.894 P 13525 114 -18 -1511 -1511 -1 -2 -206 16734
17:28:19.894 P 13526 113 2 -1500 -1500 -1 -1 334 16700
17:28:19.894 P 13528 112 5 -1495 -1495 -1 -2 -826 16568
17:28:19.894 P 13530 108 -5 -1510 -1510 -2 -1 212 16828
17:28:19.894 P 13532 106 10 -1508 -1508 -1 -2 -146 16610
17:28:19.894 P 13534 105 19 -1497 -1497 -1 0 -468 16668
17:28:19.894 P 13536 102 -7 -1519 -1519 -1 -2 -74 16762
17:28:19.894 P 13538 100 17 -1495 -1495 -1 0 -70 16690
17:28:19.894 P 13540 100 38 -1503 -1503 -2 -1 -534 16738
17:28:19.894 P 13542 98 -18 -1527 -1527 -1 -1 30 16650
17:28:19.894 P 13544 96 38 -1514 -1514 -1 -1 -438 16602
17:28:19.894 P 13546 95 19 -1530 -1530 -2 -2 260 16808
17:28:19.894 P 13548 96 53 -1505 -1505 -1 -1 -672 16616
17:28:19.894 P 13550 96 68 -1511 -1511 -1 -2 -2 16652
17:28:19.894 P 13552 97 37 -1527 -1527 -2 -1 -24 16816
17:28:19.894 P 13553 97 48 -1527 -1527 -1 -2 -100 16854
17:28:19.894 P 13555 98 44 -1528 -1528 -2 -1 -52 16720
17:28:19.894 P 13557 99 83 -1507 -1507 -1 -1 -386 16622
17:28:19.894 P 13559 100 48 -1533 -1533 -1 -2 152 16678
17:28:19.894 P 13561 103 93 -1508 -1508 -2 -1 -398 16778
17:28:19.894 P 13563 105 85 -1508 -1508 -1 -1 288 16866
17:28:19.894 P 13565 110 89 -1509 -1509 -1 -1 -892 16542
17:28:19.894 P 13567 112 117 -1503 -1503 -2 -2 170 16760
17:28:19.894 P 13569 117 97 -1492 -1492 -1 0 -310 16868
17:28:19.894 P 13571 121 129 -1492 -1492 -1 -2 -366 16784
17:28:19.894 P 13572 124 136 -1479 -1479 -1 -1 -352 16648
17:28:19.894 P 13574 128 132 -1483 -1483 -1 -2 -570 16572
17:28:19.894 P 13576 132 83 -1502 -1502 -2 -1 206 16678
17:28:19.894 P 13578 137 137 -1468 -1468 -1 -1 -510 16640
17:28:19.894 P 13580 141 113 -1484 -1484 -1 -2 -316 16766
17:28:19.894 P 13582 145 115 -1476 -1476 -2 -1 194 16726
17:28:19.894 P 13584 151 141 -1447 -1447 -1 -1 -654 16750
17:28:19.894 P 13586 155 106 -1471 -1471 -1 -2 -224 16608
17:28:19.894 P 13588 160 104 -1468 -1468 -2 -1 -354 16746
17:28:19.894 P 13590 163 118 -1449 -1449 -1 -1 -212 16728
17:28:19.894 P 13592 167 92 -1450 -1450 -1 -1 -410 16692
17:28:19.894 P 13594 170 114 -1441 -1441 -1 -1 -232 16646
17:28:19.894 P 13595 173 117 -1435 -1435 -2 0 -642 16656
17:28:19.894 P 13597 175 97 -1440 -1440 -1 -2 188 16800
17:28:19.894 P 13599 181 137 -1412 -1412 -2 0 -848 16614
17:28:19.894 P 13601 184 96 -1428 -1428 -1 -2 -252 16740
17:28:19.894 P 13603 188 114 -1407 -1407 -1 -1 -170 16604
17:28:19.894 P 13605 191 106 -1409 -1409 -1 -1 -444 16608
17:28:19.894 P 13607 195 96 -1402 -1402 0 -1 -136 16672
17:28:19.894 P 13609 198 109 -1387 -1387 -1 0 -574 16654
17:28:19.894 P 13610 200 105 -1381 -1381 0 -1 -388 16636
17:28:19.894 P 13612 203 83 -1387 -1387 0 -1 -506 16644
17:28:19.894 P 13614 203 67 -1395 -1395 -1 -1 70 16714
17:28:19.894 P 13616 205 95 -1371 -1371 -1 -1 -278 16580
17:28:19.894 P 13618 208 96 -1353 -1353 0 -1 -522 16670
17:28:19.894 P 13620 210 64 -1363 -1363 0 0 -342 16718
17:28:19.894 P 13621 211 64 -1362 -1362 -1 0 -296 16632
17:28:19.894 P 13623 211 52 -1368 -1368 -1 -1 -328 16660
17:28:19.894 P 13625 211 60 -1346 -1346 0 0 -284 16730
17:28:19.894 P 13627 212 63 -1340 -1340 -1 0 -140 16682
17:28:19.894 P 13629 213 71 -1323 -1323 0 0 -374 16634
17:28:19.894 P 13630 213 68 -1329 -1329 0 -1 -218 16720
17:28:19.894 P 13632 214 70 -1317 -1317 0 0 -328 16766
17:28:19.894 P 13634 216 81 -1313 -1313 0 -1 -298 16728
17:28:19.894 P 13636 219 106 1310 1310 0 0 -386 16734
17:28:19.894 P 13638 222 116 1324 1324 0 0 -496 16708
17:28:19.894 P 13640 226 102 1325 1325 0 0 -306 16608
17:28:19.894 P 13641 228 112 1342 1342 1 0 12 16734
17:28:19.894 P 13643 233 146 1364 1364 0 0 -462 16698
17:28:19.894 P 13645 239 154 1372 1372 0 0 -256 16706
17:28:19.894 P 13647 246 181 1392 1392 0 0 -414 16604
17:28:19.894 P 13649 255 197 1418 1418 1 0 -364 16770
17:28:19.894 P 13651 264 215 1433 1433 0 0 -394 16670
17:28:19.894 P 13652 269 227 1453 1453 1 0 -406 16688
17:28:19.894 P 13654 281 246 1468 1468 0 0 -502 16758
17:28:19.894 P 13656 293 265 1486 1486 0 0 -422 16654
17:28:19.894 P 13658 307 285 1507 1507 0 0 -490 16720
17:28:19.894 P 13660 322 306 1548 1548 0 1 -544 16702
17:28:19.894 P 13662 338 328 1567 1567 0 0 -590 16662
17:28:19.894 P 13664 355 328 1596 1596 0 0 -686 16608
17:28:19.894 P 13666 371 312 1624 1624 1 1 -432 16852
17:28:19.894 P 13668 391 356 1677 1677 0 1 -2736 16548
17:28:21.710 P 13670 401 102 1595 1595 2 1 -124 16916
17:28:21.710 P 13672 404 92 1602 1602 0 1 -1472 16752
17:28:21.710 P 13674 403 17 1594 1594 2 2 -854 16534
17:28:21.710 P 13676 403 27 1608 1608 1 1 -1478 16644
17:28:21.710 P 13678 399 -47 1595 1595 1 2 -902 16886
17:28:21.710 P 13680 394 -33 1616 1616 2 2 -1636 16598
17:28:21.710 P 13682 387 -69 1598 1598 1 2 -758 16642
17:28:21.710 P 13684 381 -91 1593 1593 1 2 -1626 16672
17:28:21.710 P 13687 368 -69 1609 1609 2 1 -2148 16458
17:28:21.710 P 13689 356 -160 1567 1567 1 2 102 16888
17:28:21.710 P 13691 347 -126 1597 1597 3 2 -1666 16684
17:28:21.710 P 13693 334 -144 1582 1582 2 3 -532 16606
17:28:21.710 P 13695 323 -158 1581 1581 3 3 -466 16888
17:28:21.710 P 13697 313 -119 1583 1583 2 2 -1360 16554
17:28:21.710 P 13699 300 -173 1547 1547 1 2 -438 16698
17:28:21.710 P 13701 289 -156 1554 1554 1 2 -624 16984
17:28:21.710 P 13703 277 -151 1557 1557 2 3 -1210 16524
17:28:21.710 P 13705 264 -153 1543 1543 1 3 -480 16600
17:28:21.710 P 13707 253 -150 1534 1534 2 2 -660 16922
17:28:21.710 P 13709 242 -137 1530 1530 2 2 -1130 16672
17:28:21.710 P 13711 231 -132 1531 1531 2 2 -546 16640
17:28:21.710 P 13713 222 -117 1521 1521 2 2 -736 16702
17:28:21.710 P 13715 213 -91 1526 1526 1 3 -1048 16852
17:28:21.710 P 13717 204 -112 1511 1511 1 3 -212 16662
17:28:21.710 P 13719 197 -75 1524 1524 2 2 -936 16552
17:28:21.710 P 13721 190 -62 1518 1518 2 2 -564 16730
17:28:21.710 P 13723 185 -84 1487 1487 1 1 -656 16696
17:28:21.710 P 13725 178 -64 1499 1499 1 2 -1284 16558
17:28:21.710 P 13727 171 -79 1484 1484 2 2 -242 16838
17:28:21.710 P 13729 165 -76 1471 1471 1 2 -1026 16760
17:28:21.710 P 13732 156 -42 1478 1478 1 2 -514 16414
17:28:21.710 P 13734 152 -35 1480 1480 1 2 -530 16884
17:28:21.710 P 13736 149 -25 1467 1467 0 2 -846 16738
17:28:21.710 P 13738 145 -2 1474 1474 1 2 -432 16728
17:28:21.710 P 13740 144 -13 1458 1458 0 2 -1010 16602
17:28:21.710 P 13742 139 -13 1455 1455 1 1 -232 16858
17:28:21.710 P 13744 138 6 1458 1458 1 2 -668 16600
17:28:21.710 P 13746 136 13 1457 1457 1 2 -196 16656
17:28:21.710 P 13748 137 35 1456 1456 0 2 -1214 16872
17:28:21.710 P 13750 134 8 1444 1444 1 2 -88 16684
17:28:21.710 P 13752 136 53 1457 1457 0 1 -816 16486
17:28:21.710 P 13754 136 27 1440 1440 0 2 -530 16800
17:28:21.710 P 13756 136 65 1446 1446 0 1 -488 16770
17:28:21.710 P 13757 138 71 1451 1451 0 2 -700 16764
17:28:21.710 P 13759 140 67 1450 1450 0 1 -694 16558
17:28:21.710 P 13761 141 48 1435 1435 1 1 -78 16762
17:28:21.710 P 13763 143 71 1444 1444 0 2 -1054 16616
17:28:21.710 P 13765 145 74 1433 1433 0 0 -380 16670
17:28:21.710 P 13767 149 107 1455 1455 0 2 -658 16702
17:28:21.710 P 13769 154 130 1461 1461 0 1 -342 16628
17:28:21.710 P 13771 161 156 1477 1477 0 2 -810 16706
17:28:21.710 P 13773 168 131 1457 1457 0 0 -422 16764
17:28:21.710 P 13775 174 164 1478 1478 0 1 -284 16724
17:28:21.710 P 13777 183 164 1487 1487 0 1 -738 16674
17:28:21.710 P 13779 190 175 1490 1490 0 1 -564 16648
17:28:21.710 P 13781 198 165 1497 1497 0 1 -694 16670
17:28:21.710 P 13783 206 162 1495 1495 0 0 -594 16662
17:28:21.710 P 13784 210 165 1503 1503 0 1 -534 16718
17:28:21.710 P 13786 218 169 1507 1507 0 1 -568 16612
17:28:21.710 P 13788 226 186 1528 1528 0 1 -732 16732
17:28:21.710 P 13790 235 166 1523 1523 0 1 -896 16636
17:28:21.710 P 13792 243 151 1528 1528 0 1 -932 16662
17:28:21.710 P 13794 249 151 1538 1538 1 0 -784 16682
17:28:21.710 P 13796 255 144 1544 1544 0 1 -744 16678
17:28:21.710 P 13797 259 143 1549 1549 0 1 -1014 16600
17:28:21.710 P 13799 264 110 1538 1538 0 0 -828 16646
17:28:21.710 P 13801 268 82 1531 1531 0 1 -1056 16722
17:28:21.710 P 13803 269 72 1539 1539 1 1 -640 16682
17:28:21.710 P 13805 272 55 1531 1531 0 1 -1020 16680
17:28:21.710 P 13807 271 28 1536 1536 1 1 -1002 16668
17:28:21.710 P 13809 269 -17 1514 1514 0 1 -972 16614
17:28:21.710 P 13811 265 -10 1517 1517 0 1 -566 16676
17:28:21.710 P 13813 263 -5 1528 1528 1 1 -1170 16698
17:28:21.710 P 13815 260 -30 1512 1512 0 1 -780 16716
17:28:21.710 P 13817 255 -55 1504 1504 1 1 -792 16678
17:28:21.710 P 13819 249 -62 1504 1504 2 1 -780 16708
17:28:21.710 P 13821 242 -75 1488 1488 1 1 -726 16604
17:28:21.710 P 13823 237 -80 1475 1475 0 0 -950 16660
17:28:21.710 P 13825 229 -43 1503 1503 1 2 -190 16658
17:28:21.710 P 13827 226 -48 1483 1483 1 0 -1170 16586
17:28:21.710 P 13829 220 -41 1480 1480 1 1 -778 16692
17:28:21.710 P 13832 211 -54 1467 1467 0 1 -514 16648
17:28:21.710 P 13834 207 -41 1469 1469 1 1 -388 16742
17:28:21.710 P 13836 204 -6 1473 1473 0 1 -1134 16640
17:28:21.710 P 13838 200 -37 1457 1457 0 2 -586 16722
17:28:21.710 P 13840 197 -12 1450 1450 0 1 -736 16684
17:28:21.710 P 13841 195 -11 1448 1448 0 1 -460 16764
17:28:21.710 P 13843 193 18 1468 1468 0 2 -894 16720
17:28:21.710 P 13845 192 13 1459 1459 0 1 -462 16752
17:28:21.710 P 13847 191 3 1442 1442 0 0 -764 16672
17:28:21.710 P 13849 188 -3 1437 1437 0 1 -564 16650
17:28:21.710 P 13851 186 3 1437 1437 0 0 -666 16656
17:28:21.710 P 13853 183 -5 1423 1423 0 1 -232 16662
17:28:21.710 P 13855 182 19 1428 1428 0 0 -820 16672
17:28:21.710 P 13857 181 29 1437 1437 0 1 -630 16732
17:28:21.710 P 13859 181 38 1427 1427 0 0 -728 16638
17:28:21.710 P 13861 182 42 1428 1428 0 0 -688 16626
17:28:21.710 P 13863 182 45 1429 1429 0 1 -496 16678
17:28:21.710 P 13865 183 57 1427 1427 0 0 -462 16672
17:28:21.710 P 13867 184 76 1430 1430 0 0 -446 16636
17:28:21.710 P 13868 186 88 1436 1436 0 0 -518 16720
17:28:21.710 P 13870 189 84 1433 1433 0 0 -880 16724
17:28:21.710 P 13872 192 77 1429 1429 0 0 -638 16632
17:28:21.710 P 13874 194 66 1424 1424 0 0 -662 16720
17:28:21.710 P 13876 196 64 1423 1423 0 0 -756 16670
17:28:21.710 P 13878 197 52 1417 1417 0 0 -644 16730
17:28:21.710 P 13879 198 50 1417 1417 0 0 -734 16686
17:28:21.710 P 13881 198 44 1414 1414 0 0 -702 16700
17:28:21.710 P 13883 199 38 1411 1411 0 0 -660 16664
17:28:21.710 P 13885 199 31 1407 1407 0 0 -722 16692
17:28:21.710 P 13887 198 25 1403 1403 0 0 -700 16658
17:28:21.710 P 13888 198 23 1402 1402 0 0 -662 16684
17:28:21.710 P 13890 197 19 1399 1399 0 0 -666 16714
17:28:21.710 P 13892 196 13 1395 1395 0 0 -710 16690
17:28:21.710 P 13894 194 8 1391 1391 0 0 -634 16722
17:28:21.710 P 13896 192 2 1386 1386 0 0 -662 16680
17:28:21.710 P 13897 191 -1 1384 1384 0 0 -672 16676
17:28:21.710 P 13899 188 -6 1379 1379 0 0 -624 16644
17:28:21.710 P 13901 186 -11 1374 1374 0 0 -640 16840
17:28:21.710 P 13903 182 -17 1368 1368 0 0 -660 16684
17:28:21.710 P 13905 179 -21 1363 1363 0 0 -640 16602
17:28:21.710 P 13906 177 -23 1360 1360 0 0 -606 16630
17:28:21.710 P 13908 173 -30 1353 1353 0 0 -610 16740
17:28:21.710 P 13910 169 -34 1347 1347 0 0 -546 16660
17:28:21.710 P 13912 165 -40 1340 1340 0 0 -588 16654
17:28:21.710 P 13914 160 -46 1332 1332 0 0 -566 16610
17:28:21.710 P 13915 157 -47 1329 1329 0 0 -536 16702
17:28:21.710 P 13917 152 -54 1321 1321 0 0 -574 16704
17:28:21.710 P 13919 146 -59 1313 1313 0 0 -554 16696
17:28:21.710 P 13921 140 -66 1304 1304 0 0 -486 16602
17:28:21.710 P 13923 134 -72 -1305 -1305 0 0 -514 16716
17:28:21.710 P 13924 131 -76 -1310 -1310 0 0 -538 16592
17:28:21.710 P 13926 124 -82 -1330 -1330 0 -1 -474 16708
17:28:21.710 P 13928 116 -91 -1338 -1338 0 0 -524 16714
17:28:21.710 P 13930 108 -98 -1347 -1347 0 0 -456 16810
17:28:21.710 P 13932 100 -105 -1368 -1368 -1 0 -380 16708
17:28:21.710 P 13934 91 -113 -1384 -1384 0 0 -416 16688
17:28:21.710 P 13936 82 -119 -1391 -1391 0 0 -392 16658
17:28:21.710 P 13937 77 -122 -1395 -1395 0 0 -442 16722
17:28:21.710 P 13939 67 -132 -1406 -1406 0 0 -282 16708
17:28:21.710 P 13941 57 -141 -1417 -1417 0 0 -340 16716
17:28:21.710 P 13943 46 -151 -1432 -1432 0 0 -344 16602
17:28:21.710 P 13945 34 -162 -1446 -1446 0 0 -272 16704
17:28:21.710 P 13947 21 -175 -1464 -1464 0 0 -250 16796
17:28:21.710 P 13949 8 -186 -1481 -1481 0 0 -250 16698
17:28:21.710 P 13950 2 -192 -1491 -1491 0 0 -196 16708
17:28:21.710 P 13952 -12 -207 -1511 -1511 0 0 -224 16750
17:28:21.710 P 13954 -27 -221 -1532 -1532 0 0 -192 16714
17:28:21.710 P 13956 -42 -238 -1555 -1555 0 0 -248 16580
17:28:21.710 P 13958 -59 -254 -1588 -1588 0 0 -248 16728
17:28:21.710 P 13960 -77 -275 -1631 -1631 -1 0 -160 16636
17:28:21.710 P 13962 -96 -299 -1690 -1690 -1 -1 -156 16900
17:28:21.710 P 13964 -115 -167 -1647 -1647 0 -1 274 16770
17:28:21.710 P 13965 -119 -118 -1660 -1660 -2 -2 356 16770
17:28:21.710 P 13967 -126 68 -1617 -1617 -2 -2 1510 16838
17:28:21.710 P 13969 -116 184 -1561 -1561 -1 -1 68 16582
17:28:21.710 P 13971 -105 248 -1546 -1546 -2 -1 122 16808
17:28:21.710 P 13973 -91 235 -1556 -1556 -1 -1 -368 16544
17:28:21.710 P 13975 -82 198 -1588 -1588 -2 -2 760 16592
17:28:21.710 P 13977 -70 212 -1589 -1589 -3 -2 -266 16718
17:28:21.710 P 13979 -59 223 -1579 -1579 -2 -2 150 16760
17:28:21.710 P 13981 -46 249 -1565 -1565 -2 -2 -744 16624
17:28:21.710 P 13983 -36 216 -1581 -1581 -2 -2 858 16824
17:28:21.710 P 13985 -21 278 -1542 -1542 -2 -1 -1116 16602
17:28:21.710 P 13987 -10 202 -1585 -1585 -3 -2 662 16806
17:28:21.710 P 13989 2 244 -1556 -1556 -3 -2 -398 16480
17:28:21.710 P 13991 14 257 -1550 -1550 -3 -2 52 16666
17:28:21.710 P 13993 27 238 -1547 -1547 -3 -2 -64 16734
17:28:21.710 P 13994 34 241 -1540 -1540 -2 -2 -138 16756
17:28:21.710 P 13996 47 252 -1530 -1530 -2 -2 -368 16682
17:28:21.710 P 13998 58 223 -1532 -1532 -2 -2 -176 16786
17:28:21.710 P 14000 69 222 -1530 -1530 -2 -2 356 16708
17:28:21.710 P 14002 83 241 -1504 -1504 -1 -2 -706 16522
17:28:21.710 P 14004 93 213 -1516 -1516 -1 -3 -418 16826
17:28:21.710 P 14006 103 198 -1512 -1512 -1 -3 -30 16872
17:28:21.710 P 14008 115 219 -1489 -1489 -1 -2 -1018 16474
17:28:21.710 P 14010 122 176 -1501 -1501 -1 -2 330 16678
17:28:21.710 P 14012 133 200 -1479 -1479 -1 -2 -1096 16700
17:28:21.710 P 14014 140 176 -1485 -1485 -1 -2 340 16634
17:28:21.710 P 14016 150 168 -1481 -1481 -1 -2 -736 16810
17:28:21.710 P 14018 158 182 -1470 -1470 -2 -2 -638 16708
17:28:21.710 P 14020 164 135 -1481 -1481 -1 -3 -450 16498
17:28:21.710 P 14022 168 130 -1485 -1485 -1 -3 -330 16688
17:28:21.710 P 14024 174 117 -1482 -1482 -2 -2 134 16742
17:28:21.710 P 14026 180 133 -1455 -1455 -2 -1 -1168 16774
17:28:21.710 P 14028 183 98 -1470 -1470 -2 -1 -164 16768
17:28:21.710 P 14030 187 119 -1447 -1447 -1 -1 -606 16648
17:28:21.710 P 14032 190 72 -1471 -1471 -1 -2 206 16676
17:28:21.710 P 14034 194 115 -1452 -1452 -1 -3 -776 16670
17:28:21.710 P 14036 196 84 -1450 -1450 -2 -1 -484 16690
17:28:21.710 P 14038 198 91 -1444 -1444 -2 -1 -136 16702
17:28:21.710 P 14040 202 84 -1444 -1444 -2 -1 -862 16716
17:28:23.532 P 14042 203 72 -1450 -1450 -2 -2 -176 16808
17:28:23.532 P 14044 206 94 -1418 -1418 -1 -1 -794 16622
17:28:23.532 P 14046 206 32 -1454 -1454 -1 -2 -108 16776
17:28:23.532 P 14048 207 66 -1424 -1424 -1 -1 -606 16640
17:28:23.532 P 14050 205 49 -1432 -1432 -1 -1 460 16684
17:28:23.532 P 14051 207 90 -1416 -1416 -2 -1 -908 16588
17:28:23.532 P 14053 208 25 -1448 -1448 -1 -2 190 16788
17:28:23.532 P 14055 209 95 -1395 -1395 -1 -1 -1022 16538
17:28:23.532 P 14057 209 40 -1425 -1425 -1 -1 -66 16712
17:28:23.532 P 14059 209 43 -1410 -1410 -1 -1 -804 16772
17:28:23.532 P 14061 208 27 -1418 -1418 -1 -1 -236 16700
17:28:23.532 P 14063 207 46 -1402 -1402 -2 0 -202 16672
17:28:23.532 P 14065 208 55 -1401 -1401 -1 -2 -634 16582
17:28:23.532 P 14067 206 4 -1412 -1412 -1 -1 -304 16756
17:28:23.532 P 14069 203 6 -1414 -1414 -2 -1 -356 16618
17:28:23.532 P 14070 202 9 -1407 -1407 0 -1 -166 16626
17:28:23.532 P 14072 201 36 -1384 -1384 0 0 -436 16810
17:28:23.532 P 14074 200 30 -1381 -1381 0 0 -304 16808
17:28:23.532 P 14076 199 11 -1397 -1397 -1 -1 -764 16600
17:28:23.532 P 14078 195 -14 -1407 -1407 0 -1 -440 16718
17:28:23.532 P 14080 192 -27 -1415 -1415 -1 -1 -362 16632
17:28:23.532 P 14082 187 -18 -1393 -1393 0 0 -578 16660
17:28:23.532 P 14083 185 -30 -1393 -1393 0 0 -466 16744
17:28:23.532 P 14085 181 -14 -1394 -1394 0 0 -374 16772
17:28:23.532 P 14087 177 -15 -1392 -1392 0 0 -96 16818
17:28:23.532 P 14089 174 8 -1391 -1391 -1 0 -438 16684
17:28:23.532 P 14091 172 0 -1401 -1401 0 -1 -482 16712
17:28:23.532 P 14092 170 -7 -1398 -1398 0 0 -486 16730
17:28:23.532 P 14094 167 -32 -1401 -1401 0 0 -652 16618
17:28:23.532 P 14096 161 -56 -1409 -1409 0 0 -434 16662
17:28:23.532 P 14098 155 -55 -1417 -1417 0 0 -176 16716
17:28:23.532 P 14099 152 -50 -1414 -1414 0 0 -404 16704
17:28:23.532 P 14101 146 -54 -1416 -1416 0 0 -186 16736
17:28:23.532 P 14103 140 -50 -1415 -1415 0 0 -322 16738
17:28:23.532 P 14105 134 -52 -1419 -1419 0 0 -298 16658
17:28:23.532 P 14106 131 -52 -1421 -1421 0 0 -334 16766
17:28:23.532 P 14108 126 -46 -1421 -1421 0 0 -292 16690
17:28:23.532 P 14110 121 -42 -1423 -1423 0 0 -232 16698
17:28:23.532 P 14112 116 -39 -1426 -1426 0 0 -236 16638
17:28:23.532 P 14113 113 -36 -1427 -1427 0 0 -230 16760
17:28:23.532 P 14115 109 -32 -1428 -1428 0 0 -258 16752
17:28:23.532 P 14117 104 -30 -1431 -1431 0 0 -314 16720
17:28:23.532 P 14119 100 -28 -1434 -1434 0 0 -210 16710
17:28:23.532 P 14121 96 -25 -1437 -1437 0 0 -258 16706
17:28:23.532 P 14122 94 -25 -1439 -1439 0 0 -280 16680
17:28:23.532 P 14124 90 -23 -1441 -1441 0 0 -186 16784
17:28:23.532 P 14126 86 -22 -1444 -1444 0 0 -200 16768
17:28:23.532 P 14128 82 -22 -1448 -1448 0 0 -248 16754
17:28:23.532 P 14129 80 -22 -1449 -1449 0 0 -196 16694
17:28:23.532 P 14131 77 -21 -1453 -1453 0 0 -146 16636
17:28:23.532 P 14133 73 -22 -1457 -1457 0 0 -194 16704
17:28:23.532 P 14134 71 -22 -1458 -1458 0 0 -262 16764
17:28:23.532 P 14136 67 -25 -1464 -1464 0 0 -214 16636
17:28:23.532 P 14138 63 -25 -1467 -1467 0 0 -214 16686
17:28:23.532 P 14140 59 -28 -1472 -1472 0 0 -228 16708
17:28:23.532 P 14142 55 -29 -1477 -1477 0 0 -192 16762
17:28:23.532 P 14143 53 -31 -1480 -1480 0 0 -196 16802
17:28:23.532 P 14145 49 -33 -1485 -1485 0 0 -186 16740
17:28:23.532 P 14147 44 -37 -1491 -1491 0 0 -206 16684
17:28:23.532 P 14149 40 -38 -1496 -1496 0 0 -252 16814
17:28:23.532 P 14150 37 -40 -1499 -1499 0 0 -190 16706
17:28:23.532 P 14152 33 -42 -1505 -1505 0 0 -190 16704
17:28:23.532 P 14154 28 -47 -1512 -1512 0 0 -210 16670
17:28:23.532 P 14156 23 -51 -1518 -1518 0 0 -180 16684
17:28:23.532 P 14158 17 -56 -1526 -1526 0 0 -172 16636
17:28:23.532 P 14159 14 -58 -1529 -1529 0 0 -130 16630
17:28:23.532 P 14161 8 -62 -1537 -1537 0 0 -162 16680
17:28:23.532 P 14163 2 -64 -1544 -1544 0 0 -126 16720
17:28:23.532 P 14165 -3 -67 -1561 -1561 -1 0 -106 16644
17:28:23.532 P 14167 -9 -70 -1565 -1565 0 0 -102 16744
17:28:23.532 P 14169 -15 -64 -1566 -1566 0 0 -86 16706
17:28:23.532 P 14171 -21 -58 -1578 -1578 -1 0 -2 16718
17:28:23.532 P 14173 -26 -45 -1581 -1581 0 0 22 16656
17:28:23.532 P 14174 -29 -38 -1588 -1588 -1 0 128 16734
17:28:23.532 P 14176 -32 -13 -1581 -1581 -1 0 56 16722
17:28:23.532 P 14178 -34 25 -1585 -1585 -2 0 74 16762
17:28:23.532 P 14180 -33 62 -1573 -1573 -1 -1 80 16682
17:28:23.532 P 14182 -31 71 -1571 -1571 0 -1 64 16692
17:28:23.532 P 14184 -29 83 -1583 -1583 -1 0 414 16786
17:28:23.532 P 14186 -24 146 -1555 -1555 -1 -1 332 16696
17:28:23.532 P 14188 -16 178 -1554 -1554 -1 -1 -62 16782
17:28:23.532 P 14190 -7 198 -1545 -1545 -1 -2 198 16744
17:28:23.532 P 14192 2 215 -1531 -1531 -1 0 -154 16656
17:28:23.532 P 14194 12 233 -1525 -1525 -1 -1 660 16712
17:28:23.532 P 14196 28 265 -1506 -1506 -1 -2 -878 16616
17:28:23.532 P 14198 37 217 -1529 -1529 -2 -1 684 16832
17:28:23.532 P 14200 50 257 -1501 -1501 -1 -1 -178 16772
17:28:23.532 P 14202 63 263 -1484 -1484 -2 -1 -224 16654
17:28:23.532 P 14204 76 244 -1485 -1485 -1 -1 54 16612
17:28:23.532 P 14206 88 259 -1474 -1474 -2 -2 -152 16722
17:28:23.532 P 14209 107 255 -1439 -1439 0 -1 388 16692
17:28:23.532 P 14211 120 248 -1428 -1428 0 -1 -320 16678
17:28:23.532 P 14213 132 260 -1422 -1422 -1 -2 -336 16736
17:28:23.532 P 14215 144 220 -1418 -1418 -2 0 -74 16786
17:28:23.532 P 14217 156 262 -1390 -1390 -1 -2 -558 16684
17:28:23.532 P 14219 167 235 -1376 -1376 -1 -1 196 16746
17:28:23.532 P 14221 180 234 -1362 -1362 -2 0 -700 16688
17:28:23.532 P 14223 189 201 -1357 -1357 0 -1 -420 16674
17:28:23.532 P 14225 198 189 -1346 -1346 0 -1 -186 16750
17:28:23.532 P 14227 207 204 -1326 -1326 0 -1 -104 16726
17:28:23.532 P 14229 217 231 -1308 -1308 -1 -1 -412 16660
17:28:23.532 P 14230 223 232 1310 1310 0 0 -372 16642
17:28:23.532 P 14232 234 220 1326 1326 0 0 -496 16676
17:28:23.532 P 14234 243 162 1324 1324 0 0 -814 16644
17:28:23.532 P 14236 246 94 1305 1305 0 0 -302 16730
17:28:23.532 P 14238 250 142 1341 1341 0 0 -224 16674
17:28:23.532 P 14240 256 163 1391 1391 1 1 -284 16692
17:28:23.532 P 14242 264 179 1402 1402 0 0 -422 16790
17:28:23.532 P 14244 272 200 1437 1437 1 1 -376 16680
17:28:23.532 P 14246 282 231 1454 1454 0 0 -472 16672
17:28:23.532 P 14248 294 244 1476 1476 0 1 -346 16738
17:28:23.532 P 14250 306 271 1494 1494 0 0 -430 16646
17:28:23.532 P 14252 320 297 1515 1515 0 0 -490 16694
17:28:23.532 P 14254 336 270 1522 1522 0 0 -728 16710
17:28:23.532 P 14255 342 268 1524 1524 0 0 22 16844
17:28:23.532 P 14257 357 325 1573 1573 0 1 -668 16540
17:28:23.532 P 14259 374 331 1595 1595 0 0 -1056 16700
17:28:23.532 P 14261 391 321 1609 1609 0 0 -1056 16676
17:28:23.532 P 14263 406 279 1633 1633 0 2 -532 16716
17:28:23.532 P 14266 427 282 1676 1676 1 1 -1318 16610
17:28:23.532 P 14267 434 254 1688 1688 1 2 -2226 16774
17:28:23.532 P 14270 444 98 1663 1663 1 2 -1508 16680
17:28:23.532 P 14272 441 -11 1636 1636 2 2 -956 16750
17:28:23.532 P 14274 438 -34 1642 1642 2 2 -1452 16646
17:28:23.532 P 14276 430 -70 1638 1638 1 2 -850 16730
17:28:23.532 P 14278 423 -95 1646 1646 1 3 -1586 16652
17:28:23.532 P 14280 413 -132 1646 1646 2 3 -1350 16752
17:28:23.532 P 14282 401 -157 1644 1644 3 2 -1238 16486
17:28:23.532 P 14284 386 -203 1625 1625 3 3 -460 16682
17:28:23.532 P 14286 372 -224 1614 1614 3 3 -1240 16808
17:28:23.532 P 14288 355 -202 1625 1625 2 2 -1530 16574
17:28:23.532 P 14290 338 -247 1592 1592 2 3 -410 16506
17:28:23.532 P 14292 322 -226 1609 1609 3 3 -832 16544
17:28:23.532 P 14294 305 -228 1601 1601 3 3 -620 16714
17:28:23.532 P 14296 289 -221 1586 1586 2 3 -798 16728
17:28:23.532 P 14298 274 -210 1585 1585 2 3 -998 16566
17:28:23.532 P 14300 257 -236 1580 1580 3 3 -764 16730
17:28:23.532 P 14302 240 -233 1559 1559 3 3 -458 16810
17:28:23.532 P 14304 225 -230 1557 1557 2 3 -890 16402
17:28:23.532 P 14306 207 -212 1552 1552 2 4 -628 16664
17:28:23.532 P 14308 193 -231 1531 1531 3 3 -304 17082
17:28:23.532 P 14310 179 -179 1546 1546 3 3 -1360 16492
17:28:23.532 P 14312 164 -202 1515 1515 3 3 -190 16578
17:28:23.532 P 14314 150 -190 1493 1493 1 3 -628 16846
17:28:23.532 P 14316 138 -173 1497 1497 2 2 -506 16814
17:28:23.532 P 14318 125 -169 1486 1486 2 3 -538 16352
17:28:23.532 P 14320 114 -147 1475 1475 1 2 -554 16494
17:28:23.532 P 14322 103 -130 1476 1476 1 3 -710 16818
17:28:23.532 P 14324 93 -149 1452 1452 2 3 -112 16468
17:28:23.532 P 14326 84 -107 1461 1461 2 2 -714 16384
17:28:23.532 P 14328 74 -121 1433 1433 1 2 -154 17004
17:28:23.532 P 14330 66 -100 1440 1440 2 3 -296 16682
17:28:23.532 P 14332 59 -85 1436 1436 2 3 -700 16442
17:28:23.532 P 14334 52 -74 1414 1414 1 3 -282 16882
17:28:23.532 P 14336 46 -74 1400 1400 1 2 -462 16926
17:28:23.532 P 14338 41 -56 1397 1397 1 1 -454 16548
17:28:23.532 P 14340 37 -42 1398 1398 1 2 -806 16612
17:28:23.532 P 14342 31 -70 1369 1369 1 1 -16 16868
17:28:23.532 P 14344 27 -18 1392 1392 2 1 -406 16656
17:28:23.532 P 14346 23 -49 1359 1359 0 2 260 16746
17:28:23.532 P 14348 20 -13 1382 1382 2 2 -736 16748
17:28:23.532 P 14350 17 -10 1361 1361 1 2 -154 16610
17:28:23.532 P 14352 17 22 1361 1361 0 2 -600 16678
17:28:23.532 P 14354 15 -37 1328 1328 0 1 -36 16764
17:28:23.532 P 14356 13 10 1339 1339 0 2 -566 16660
17:28:23.532 P 14358 12 -4 1317 1317 1 1 -622 16692
17:28:23.532 P 14360 10 4 1317 1317 1 1 -194 16772
17:28:23.532 P 14362 9 8 1309 1309 0 1 -210 16726
17:28:23.532 P 14364 9 27 1302 1302 0 1 -624 16682
17:28:23.532 P 14366 8 10 -1318 -1318 0 1 -90 16688
17:28:23.532 P 14368 8 45 -1318 -1318 0 0 -54 16722
17:28:23.532 P 14370 11 88 -1307 -1307 0 0 -552 16634
17:28:23.532 P 14371 12 76 -1311 -1311 0 1 -152 16706
17:28:23.532 P 14373 15 81 -1314 -1314 0 0 -568 16658
17:28:23.532 P 14375 18 73 -1330 -1330 0 0 -246 16630
17:28:23.532 P 14377 21 79 -1334 -1334 0 0 -400 16706
17:28:23.532 P 14379 24 77 -1339 -1339 0 0 -526 16672
17:28:23.532 P 14380 26 71 -1343 -1343 0 0 -714 16678
17:28:23.532 P 14382 27 34 -1364 -1364 0 0 -570 16738
17:28:23.532 P 14384 27 5 -1381 -1381 0 0 -558 16706
17:28:23.532 P 14386 25 -14 -1394 -1394 0 0 -634 16660
17:28:23.532 P 14388 21 -42 -1413 -1413 0 0 -510 16630
17:28:23.532 P 14389 19 -52 -1419 -1419 0 0 -516 16620
17:28:23.532 P 14391 14 -78 -1437 -1437 0 0 -516 16742
17:28:23.532 P 14393 6 -100 -1456 -1456 0 0 -414 16734
17:28:23.532 P 14395 -1 -127 -1477 -1477 0 0 -380 16672
17:28:23.532 P 14397 -11 -147 -1507 -1507 -1 0 -438 16692
17:28:23.532 P 14398 -17 -159 -1516 -1516 0 0 -494 16542
17:28:23.532 P 14400 -29 -188 -1548 -1548 0 0 -422 16706
17:28:23.532 P 14402 -43 -214 -1590 -1590 -1 -1 -388 16688
17:28:25.308 P 14404 -58 -239 -1629 -1629 -1 -1 -418 16640
17:28:25.308 P 14406 -74 -207 -1646 -1646 -1 -1 110 16684
17:28:25.308 P 14408 -84 -135 -1640 -1640 -1 -1 -266 16670
17:28:25.308 P 14410 -94 -36 -1625 -1625 -1 -1 1002 16864
17:28:25.308 P 14411 -96 29 -1611 -1611 -1 -2 1874 17120
17:28:25.308 P 14413 -86 222 -1531 -1531 -1 -1 -408 16542
17:28:25.308 P 14415 -77 179 -1579 -1579 -2 -2 1450 16858
17:28:25.308 P 14417 -64 241 -1544 -1544 -2 -1 -646 16676
17:28:25.308 P 14419 -53 189 -1572 -1572 -2 -1 134 16778
17:28:25.308 P 14421 -43 223 -1558 -1558 -1 -2 -184 16694
17:28:25.308 P 14423 -33 192 -1570 -1570 -1 -2 286 16580
17:28:25.308 P 14425 -21 234 -1554 -1554 -1 -2 -396 16674
17:28:25.308 P 14427 -10 220 -1564 -1564 -3 -2 104 16730
17:28:25.308 P 14429 2 245 -1541 -1541 -2 -2 -780 16788
17:28:25.308 P 14431 12 246 -1538 -1538 -2 -1 614 16550
17:28:25.308 P 14433 29 266 -1529 -1529 -2 -2 -1142 16494
17:28:25.308 P 14435 38 200 -1557 -1557 -3 -2 114 16916
17:28:25.308 P 14437 50 227 -1528 -1528 -2 -2 -144 16666
17:28:25.308 P 14439 62 250 -1518 -1518 -2 -2 -492 16488
17:28:25.308 P 14441 73 215 -1516 -1516 -1 -2 26 16788
17:28:25.308 P 14443 85 219 -1518 -1518 -1 -3 -128 16646
17:28:25.308 P 14445 95 212 -1514 -1514 -2 -3 -36 16598
17:28:25.308 P 14447 106 220 -1503 -1503 -2 -3 -356 16700
17:28:25.308 P 14449 117 235 -1478 -1478 -1 -3 -244 16598
17:28:25.308 P 14451 128 194 -1492 -1492 -2 -2 16 16674
17:28:25.308 P 14453 138 205 -1483 -1483 -3 -3 -1008 16628
17:28:25.308 P 14455 146 192 -1477 -1477 -2 -3 104 16886
17:28:25.308 P 14457 157 191 -1465 -1465 -3 -2 -1200 16636
17:28:25.308 P 14459 161 129 -1478 -1478 -1 -2 324 16748
17:28:25.308 P 14461 170 191 -1440 -1440 -2 -1 -1062 16434
17:28:25.308 P 14463 176 133 -1463 -1463 -1 -2 286 16728
17:28:25.308 P 14465 184 156 -1437 -1437 -2 -1 -1070 16638
17:28:25.308 P 14467 187 114 -1448 -1448 -2 -1 -24 16718
17:28:25.308 P 14470 195 113 -1436 -1436 -1 -1 -134 16648
17:28:25.308 P 14472 199 94 -1443 -1443 -2 -2 -644 16832
17:28:25.308 P 14474 203 133 -1412 -1412 -1 -2 -744 16614
17:28:25.308 P 14476 205 62 -1428 -1428 -1 -1 312 16782
17:28:25.308 P 14478 209 102 -1412 -1412 -1 -1 -1186 16608
17:28:25.308 P 14480 210 62 -1418 -1418 -1 -1 54 16666
17:28:25.308 P 14482 212 59 -1418 -1418 -1 -1 -882 16642
17:28:25.308 P 14484 211 70 -1415 -1415 -2 -1 -44 16728
17:28:25.308 P 14486 214 62 -1398 -1398 0 -1 -894 16672
17:28:25.308 P 14488 214 50 -1413 -1413 -2 -1 -406 16654
17:28:25.308 P 14490 213 29 -1411 -1411 -1 -1 -416 16764
17:28:25.308 P 14492 213 48 -1401 -1401 -1 -1 -690 16682
17:28:25.308 P 14494 212 17 -1418 -1418 -1 -1 -436 16744
17:28:25.308 P 14496 210 18 -1403 -1403 -1 -1 -178 16682
17:28:25.308 P 14497 209 23 -1404 -1404 0 -2 -414 16622
17:28:25.308 P 14499 207 24 -1402 -1402 -1 -1 -112 16746
17:28:25.308 P 14501 206 13 -1396 -1396 0 -1 -620 16772
17:28:25.308 P 14503 204 16 -1388 -1388 0 -1 -536 16550
17:28:25.308 P 14505 202 0 -1400 -1400 -1 0 -328 16732
17:28:25.308 P 14507 198 -13 -1406 -1406 -1 -1 -412 16728
17:28:25.308 P 14509 194 -30 -1396 -1396 0 0 -46 16690
17:28:25.308 P 14511 190 -6 -1391 -1391 -1 -1 -392 16632
17:28:25.308 P 14513 186 -11 -1390 -1390 0 -1 -206 16660
17:28:25.308 P 14515 183 -4 -1394 -1394 -1 -1 -490 16678
17:28:25.308 P 14517 180 -9 -1392 -1392 0 0 -394 16642
17:28:25.308 P 14518 178 -10 -1387 -1387 0 0 -410 16684
17:28:25.308 P 14520 174 -25 -1386 -1386 0 0 -366 16694
17:28:25.308 P 14522 170 -38 -1398 -1398 -1 0 -422 16686
17:28:25.308 P 14524 164 -39 -1395 -1395 0 0 -110 16694
17:28:25.308 P 14526 159 -37 -1393 -1393 0 0 -284 16702
17:28:25.308 P 14528 154 -31 -1391 -1391 0 0 -264 16756
17:28:25.308 P 14530 149 -31 -1393 -1393 0 0 -120 16700
17:28:25.308 P 14531 147 -22 -1389 -1389 0 0 -172 16632
17:28:25.308 P 14533 144 -10 -1385 -1385 0 0 -212 16784
17:28:25.308 P 14535 140 1 -1381 -1381 0 0 -268 16670
17:28:25.308 P 14537 138 9 -1379 -1379 0 0 -182 16660
17:28:25.308 P 14539 136 19 -1375 -1375 0 0 -226 16780
17:28:25.308 P 14541 135 27 -1372 -1372 0 0 -134 16648
17:28:25.308 P 14543 134 36 -1368 -1368 0 0 -244 16684
17:28:25.308 P 14544 134 41 -1366 -1366 0 0 -288 16722
17:28:25.308 P 14546 134 51 -1361 -1361 0 0 -248 16622
17:28:25.308 P 14548 135 59 -1356 -1356 0 0 -166 16554
17:28:25.308 P 14550 136 66 -1352 -1352 0 0 -230 16640
17:28:25.308 P 14552 137 73 -1347 -1347 0 0 -278 16660
17:28:25.308 P 14554 140 83 -1340 -1340 0 0 -192 16632
17:28:25.308 P 14555 141 86 -1337 -1337 0 0 -280 16690
17:28:25.308 P 14557 144 94 -1330 -1330 0 0 -264 16626
17:28:25.308 P 14559 147 102 -1323 -1323 0 0 -252 16738
17:28:25.308 P 14561 151 109 -1316 -1316 0 0 -300 16728
17:28:25.308 P 14563 155 120 -1306 -1306 0 0 -334 16688
17:28:25.308 P 14565 160 126 1301 1301 0 0 -308 16700
17:28:25.308 P 14567 165 136 1311 1311 0 0 -296 16636
17:28:25.308 P 14568 168 139 1315 1315 0 0 -416 16672
17:28:25.308 P 14570 174 146 1324 1324 0 0 -304 16670
17:28:25.308 P 14572 181 161 1338 1338 0 0 -336 16688
17:28:25.308 P 14574 188 166 1357 1357 0 1 -370 16704
17:28:25.308 P 14575 192 172 1362 1362 0 0 -406 16642
17:28:25.308 P 14577 200 181 1372 1372 0 0 -334 16612
17:28:25.308 P 14579 209 190 1392 1392 0 1 -434 16694
17:28:25.308 P 14581 218 202 1403 1403 0 0 -396 16622
17:28:25.308 P 14582 223 210 1410 1410 0 0 -396 16724
17:28:25.308 P 14584 233 217 1421 1421 0 0 -516 16772
17:28:25.308 P 14586 244 231 1446 1446 0 1 -476 16714
17:28:25.308 P 14588 256 244 1459 1459 0 0 -488 16732
17:28:25.308 P 14589 262 249 1467 1467 0 0 -504 16736
17:28:25.308 P 14591 274 262 1492 1492 1 0 -556 16668
17:28:25.308 P 14593 288 277 1508 1508 0 0 -556 16804
17:28:25.308 P 14594 296 281 1516 1516 0 0 -1142 16666
17:28:25.308 P 14596 308 272 1521 1521 0 0 -132 16750
17:28:25.308 P 14598 324 310 1571 1571 1 0 -602 16684
17:28:25.308 P 14600 340 326 1596 1596 0 0 -1008 16598
17:28:25.308 P 14601 348 327 1610 1610 1 0 -338 16734
17:28:25.308 P 14603 366 347 1656 1656 1 1 -694 16632
17:28:25.308 P 14605 384 242 1636 1636 1 0 -1822 16776
17:28:25.308 P 14606 387 165 1612 1612 1 1 -490 16734
17:28:25.308 P 14608 394 82 1614 1614 2 1 -1664 16748
17:28:25.308 P 14610 392 14 1596 1596 1 2 -1254 16608
17:28:25.308 P 14612 388 -57 1570 1570 2 1 -866 16684
17:28:25.308 P 14614 381 -66 1576 1576 2 1 -1092 16616
17:28:25.308 P 14616 375 -56 1588 1588 1 2 -1092 16616
17:28:25.308 P 14618 368 -74 1583 1583 1 2 -1162 16672
17:28:25.308 P 14620 360 -88 1585 1585 2 2 -774 16650
17:28:25.308 P 14622 354 -88 1592 1592 2 2 -1440 16604
17:28:25.308 P 14624 344 -108 1573 1573 1 2 -854 16842
17:28:25.308 P 14626 335 -106 1573 1573 1 2 -1198 16650
17:28:25.308 P 14628 325 -118 1575 1575 2 2 -752 16480
17:28:25.308 P 14630 315 -122 1567 1567 2 2 -936 16854
17:28:25.308 P 14631 310 -115 1563 1563 1 2 -788 16758
17:28:25.308 P 14633 301 -119 1562 1562 1 1 -1260 16472
17:28:25.308 P 14635 289 -145 1559 1559 3 2 -598 16656
17:28:25.308 P 14638 272 -159 1527 1527 1 2 -56 16916
17:28:25.308 P 14640 264 -99 1566 1566 1 3 -1374 16340
17:28:25.308 P 14642 252 -145 1538 1538 2 3 216 16684
17:28:25.308 P 14644 244 -115 1540 1540 2 2 -1364 16696
17:28:25.308 P 14646 233 -132 1529 1529 3 2 -476 16766
17:28:25.308 P 14648 222 -137 1500 1500 1 1 -4 16698
17:28:25.308 P 14650 214 -98 1519 1519 1 2 -808 16608
17:28:25.308 P 14652 204 -103 1516 1516 2 2 -400 16772
17:28:25.308 P 14654 198 -85 1516 1516 2 2 -1104 16720
17:28:25.308 P 14656 189 -102 1488 1488 1 2 -448 16766
17:28:25.308 P 14658 182 -72 1497 1497 1 2 -564 16558
17:28:25.308 P 14660 175 -75 1491 1491 2 1 -986 16632
17:28:25.308 P 14662 168 -70 1480 1480 1 2 -484 16806
17:28:25.308 P 14665 161 -72 1474 1474 1 2 -1182 16610
17:28:25.308 P 14667 153 -59 1479 1479 1 3 -108 16748
17:28:25.308 P 14669 151 -18 1482 1482 1 2 -1600 16588
17:28:25.308 P 14671 144 -48 1452 1452 1 1 -60 16666
17:28:25.308 P 14673 142 -39 1466 1466 2 2 -858 16516
17:28:25.308 P 14675 137 -13 1457 1457 1 2 -436 16720
17:28:25.308 P 14677 135 -16 1451 1451 1 2 -1222 16580
17:28:25.308 P 14679 130 -43 1431 1431 1 2 -116 16708
17:28:25.308 P 14681 127 -6 1434 1434 0 1 -646 16776
17:28:25.308 P 14683 125 -6 1432 1432 0 1 -366 16606
17:28:25.308 P 14685 124 22 1437 1437 0 2 -848 16612
17:28:25.308 P 14687 122 17 1420 1420 0 1 -350 16676
17:28:25.308 P 14689 122 22 1431 1431 1 1 -430 16646
17:28:25.308 P 14691 122 67 1434 1434 0 1 -698 16744
17:28:25.308 P 14693 124 47 1420 1420 0 1 -382 16774
17:28:25.308 P 14695 127 68 1420 1420 0 1 -818 16666
17:28:25.308 P 14697 128 67 1419 1419 0 0 -246 16700
17:28:25.308 P 14699 132 94 1429 1429 0 1 -726 16650
17:28:25.308 P 14701 135 66 1413 1413 0 1 -598 16742
17:28:25.308 P 14703 137 94 1415 1415 0 0 -224 16694
17:28:25.308 P 14705 142 121 1433 1433 0 1 -692 16620
17:28:25.308 P 14707 148 132 1436 1436 0 1 -528 16704
17:28:25.308 P 14709 154 125 1422 1422 0 0 -652 16656
17:28:25.308 P 14711 159 126 1426 1426 0 0 -582 16636
17:28:25.308 P 14713 165 123 1430 1430 0 1 -670 16686
17:28:25.308 P 14715 170 116 1432 1432 0 1 -532 16776
17:28:25.308 P 14717 175 123 1430 1430 0 0 -670 16646
17:28:25.308 P 14719 180 124 1428 1428 0 0 -508 16694
17:28:25.308 P 14721 186 132 1433 1433 0 0 -590 16670
17:28:25.308 P 14723 192 139 1439 1439 0 0 -720 16758
17:28:25.308 P 14724 195 139 1440 1440 0 0 -928 16636
17:28:25.308 P 14726 201 125 1437 1437 0 0 -604 16720
17:28:25.308 P 14728 206 120 1439 1439 0 0 -776 16706
17:28:25.308 P 14730 211 113 1439 1439 0 0 -684 16622
17:28:25.308 P 14732 215 105 1438 1438 0 0 -680 16620
17:28:25.308 P 14734 220 103 1441 1441 0 0 -734 16668
17:28:25.308 P 14736 223 94 1439 1439 0 0 -708 16626
17:28:25.308 P 14738 227 94 1443 1443 0 0 -774 16652
17:28:25.308 P 14739 229 91 1443 1443 0 0 -790 16626
17:28:25.308 P 14741 232 86 1444 1444 0 0 -808 16686
17:28:25.308 P 14743 235 83 1445 1445 0 0 -758 16652
17:28:25.308 P 14745 237 79 1445 1445 0 0 -726 16768
17:28:25.308 P 14747 240 76 1446 1446 0 0 -770 16674
17:28:25.308 P 14749 242 74 1447 1447 0 0 -716 16680
17:28:25.308 P 14751 244 73 1448 1448 0 0 -712 16700
17:28:25.308 P 14752 245 69 1447 1447 0 0 -708 16634
17:28:25.308 P 14754 247 68 1449 1449 0 0 -782 16592
17:28:25.308 P 14756 249 68 1450 1450 0 0 -728 16718
17:28:25.308 P 14758 250 66 1451 1451 0 0 -724 16658
17:28:25.308 P 14760 252 66 1453 1453 0 0 -790 16698
17:28:25.308 P 14762 254 63 1453 1453 0 0 -798 16634
17:28:25.308 P 14763 254 64 1454 1454 0 0 -772 16686
17:28:25.308 P 14765 256 61 1454 1454 0 0 -802 16744
17:28:25.308 P 14767 257 61 1455 1455 0 0 -744 16734
17:28:27.154 P 14769 259 61 1456 1456 0 0 -798 16612
17:28:27.154 P 14771 260 61 1458 1458 0 0 -740 16664
17:28:27.154 P 14773 261 60 1458 1458 0 0 -756 16660
17:28:27.154 P 14775 262 61 1460 1460 0 0 -784 16620
17:28:27.154 P 14776 263 60 1460 1460 0 0 -746 16684
17:28:27.154 P 14778 264 61 1462 1462 0 0 -792 16696
17:28:27.154 P 14780 266 61 1463 1463 0 0 -746 16680
17:28:27.154 P 14782 267 61 1465 1465 0 0 -762 16652
17:28:27.154 P 14783 268 62 1466 1466 0 0 -728 16702
17:28:27.154 P 14785 269 63 1467 1467 0 0 -726 16712
17:28:27.154 P 14787 270 62 1468 1468 0 0 -760 16572
17:28:27.154 P 14789 272 61 1469 1469 0 0 -770 16612
17:28:27.154 P 14791 273 65 1472 1472 0 0 -806 16666
17:28:27.154 P 14793 274 65 1474 1474 0 0 -790 16690
17:28:27.154 P 14794 275 66 1475 1475 0 0 -766 16624
17:28:27.154 P 14796 277 68 1477 1477 0 0 -752 16632
17:28:27.154 P 14798 279 69 1479 1479 0 0 -746 16730
17:28:27.154 P 14800 280 72 1483 1483 0 0 -792 16612
17:28:27.154 P 14802 282 72 1485 1485 0 0 -836 16708
17:28:27.154 P 14804 284 74 1487 1487 0 0 -784 16672
17:28:27.154 P 14805 285 75 1489 1489 0 0 -792 16742
17:28:27.154 P 14807 287 78 1492 1492 0 0 -766 16704
17:28:27.154 P 14809 290 80 1496 1496 0 0 -772 16670
17:28:27.154 P 14811 292 83 1499 1499 0 0 -826 16694
17:28:27.154 P 14813 295 85 1503 1503 0 0 -792 16672
17:28:27.154 P 14815 298 87 1506 1506 0 0 -804 16754
17:28:27.154 P 14816 299 88 1508 1508 0 0 -768 16734
17:28:27.154 P 14818 302 92 1513 1513 0 0 -790 16696
17:28:27.154 P 14820 305 95 1517 1517 0 0 -824 16754
17:28:27.154 P 14822 308 97 1522 1522 0 0 -808 16762
17:28:27.154 P 14824 312 101 1527 1527 0 0 -848 16686
17:28:27.154 P 14825 314 102 1539 1539 1 0 -776 16802
17:28:27.154 P 14827 317 96 1536 1536 0 0 -824 16650
17:28:27.154 P 14829 320 88 1542 1542 0 0 -880 16674
17:28:27.154 P 14831 322 72 1541 1541 0 0 -882 16616
17:28:27.154 P 14833 323 50 1535 1535 0 0 -888 16714
17:28:27.154 P 14835 322 26 1527 1527 1 0 -822 16634
17:28:27.154 P 14837 321 30 1541 1541 2 0 -714 16766
17:28:27.154 P 14838 321 42 1540 1540 0 0 -896 16734
17:28:27.154 P 14840 322 50 1546 1546 1 0 -878 16694
17:28:27.154 P 14842 322 57 1541 1541 0 0 -870 16664
17:28:27.154 P 14844 323 49 1540 1540 0 0 -938 16594
17:28:27.154 P 14846 323 35 1543 1543 0 0 -950 16588
17:28:27.154 P 14848 322 18 1532 1532 0 0 -1084 16634
17:28:27.154 P 14850 320 4 1523 1523 0 0 -834 16664
17:28:27.154 P 14852 319 29 1541 1541 0 0 -1022 16648
17:28:27.154 P 14853 319 28 1544 1544 1 0 -812 16642
17:28:27.154 P 14855 318 28 1532 1532 0 0 -1046 16686
17:28:27.154 P 14857 317 25 1530 1530 0 0 -910 16642
17:28:27.154 P 14859 317 22 1547 1547 1 0 -1070 16692
17:28:27.154 P 14861 315 11 1536 1536 1 0 -1050 16640
17:28:27.154 P 14863 313 -14 1510 1510 0 0 -858 16632
17:28:27.154 P 14865 311 11 1528 1528 0 1 -1050 16644
17:28:27.154 P 14867 310 26 1544 1544 1 1 -924 16674
17:28:27.154 P 14869 310 29 1541 1541 0 1 -1052 16646
17:28:27.154 P 14870 309 22 1541 1541 1 0 -1118 16634
17:28:27.154 P 14872 308 1 1526 1526 0 1 -1316 16560
17:28:27.154 P 14874 305 -34 1513 1513 0 2 -886 16664
17:28:27.154 P 14876 301 -15 1515 1515 0 1 -994 16616
17:28:27.154 P 14878 297 -21 1505 1505 0 1 -620 16660
17:28:27.154 P 14880 294 -17 1502 1502 0 1 -1218 16552
17:28:27.154 P 14882 290 -31 1499 1499 0 1 -870 16838
17:28:27.154 P 14884 286 -57 1479 1479 0 1 -972 16642
17:28:27.154 P 14886 279 -54 1480 1480 0 1 -708 16754
17:28:27.154 P 14887 277 -49 1482 1482 0 1 -764 16594
17:28:27.154 P 14889 272 -37 1469 1469 0 0 -948 16750
17:28:27.154 P 14891 267 -31 1465 1465 0 0 -530 16736
17:28:27.154 P 14893 263 -26 1473 1473 0 1 -996 16674
17:28:27.154 P 14895 259 -31 1465 1465 0 1 -898 16644
17:28:27.154 P 14897 255 -48 1451 1451 0 1 -778 16640
17:28:27.154 P 14899 249 -31 1443 1443 0 0 -486 16706
17:28:27.154 P 14900 247 -19 1443 1443 0 0 -574 16766
17:28:27.154 P 14902 244 3 1453 1453 0 0 -486 16730
17:28:27.154 P 14904 243 25 1455 1455 0 0 -636 16764
17:28:27.154 P 14906 243 40 1457 1457 0 0 -888 16678
17:28:27.154 P 14908 242 26 1446 1446 0 0 -720 16656
17:28:27.154 P 14909 242 29 1446 1446 0 0 -724 16648
17:28:27.154 P 14911 242 20 1439 1439 0 0 -778 16764
17:28:27.154 P 14913 241 22 1438 1438 0 0 -800 16698
17:28:27.154 P 14915 239 13 1432 1432 0 0 -686 16638
17:28:27.154 P 14917 238 12 1429 1429 0 0 -862 16686
17:28:27.154 P 14918 237 7 1426 1426 0 0 -768 16672
17:28:27.154 P 14920 235 5 1422 1422 0 0 -768 16738
17:28:27.154 P 14922 233 2 1418 1418 0 0 -734 16640
17:28:27.154 P 14924 230 -4 1413 1413 0 0 -798 16678
17:28:27.154 P 14925 229 -6 1411 1411 0 0 -704 16662
17:28:27.154 P 14927 226 -9 1407 1407 0 0 -734 16654
17:28:27.154 P 14929 223 -12 1402 1402 0 0 -638 16604
17:28:27.154 P 14931 220 -16 1397 1397 0 0 -720 16668
17:28:27.154 P 14932 218 -20 1393 1393 0 0 -656 16730
17:28:27.154 P 14934 215 -22 1389 1389 0 0 -724 16664
17:28:27.154 P 14936 211 -26 1383 1383 0 0 -664 16702
17:28:27.154 P 14938 207 -29 1378 1378 0 0 -658 16400
17:28:27.154 P 14939 205 -31 1375 1375 0 0 -668 16592
17:28:27.154 P 14941 201 -34 1369 1369 0 0 -624 16702
17:28:27.154 P 14943 196 -38 1363 1363 0 0 -602 16758
17:28:27.154 P 14945 191 -44 1356 1356 0 0 -632 16628
17:28:27.154 P 14947 186 -48 1349 1349 0 0 -610 16644
17:28:27.154 P 14948 184 -50 1345 1345 0 0 -644 16618
17:28:27.154 P 14950 178 -55 1338 1338 0 0 -576 16614
17:28:27.154 P 14952 172 -61 1329 1329 0 0 -600 16636
17:28:27.154 P 14954 166 -65 1321 1321 0 0 -504 16706
17:28:27.154 P 14956 160 -71 1312 1312 0 0 -594 16622
17:28:27.154 P 14957 156 -74 1308 1308 0 0 -542 16608
17:28:27.154 P 14959 149 -81 -1303 -1303 0 0 -516 16614
17:28:27.154 P 14961 142 -87 -1312 -1312 0 0 -574 16758
17:28:27.154 P 14963 134 -91 -1332 -1332 0 -1 -576 16630
17:28:27.154 P 14965 126 -105 -1343 -1343 0 0 -526 16666
17:28:27.154 P 14966 122 -108 -1358 -1358 -1 0 -516 16652
17:28:27.154 P 14968 113 -116 -1374 -1374 0 0 -478 16714
17:28:27.154 P 14970 103 -125 -1392 -1392 -1 0 -458 16704
17:28:27.154 P 14972 94 -132 -1407 -1407 0 0 -462 16682
17:28:27.154 P 14974 83 -143 -1434 -1434 -1 -1 -72 16694
17:28:27.154 P 14975 77 -129 -1428 -1428 0 0 154 16752
17:28:27.154 P 14977 68 -149 -1446 -1446 -1 0 -746 16604
17:28:27.154 P 14979 56 -162 -1454 -1454 0 0 -270 16720
17:28:27.154 P 14981 43 -176 -1475 -1475 0 0 -10 16728
17:28:27.154 P 14983 33 -118 -1459 -1459 0 0 -542 16590
17:28:27.154 P 14984 28 -139 -1470 -1470 0 0 -252 16662
17:28:27.154 P 14986 15 -188 -1500 -1500 0 0 -392 16742
17:28:27.154 P 14988 1 -206 -1517 -1517 0 0 -152 16598
17:28:27.154 P 14990 -13 -222 -1536 -1536 0 0 -218 16774
17:28:27.154 P 14991 -21 -229 -1546 -1546 0 0 -340 16708
17:28:27.154 P 14993 -37 -238 -1573 -1573 0 0 -150 16636
17:28:27.154 P 14995 -54 -242 -1595 -1595 0 0 40 16648
17:28:27.154 P 14997 -71 -213 -1601 -1601 0 0 720 16742
17:28:27.154 P 14998 -78 -188 -1613 -1613 -1 -1 562 16814
17:28:27.154 P 15000 -90 -131 -1623 -1623 -1 -1 446 16684
17:28:27.154 P 15002 -95 -7 -1588 -1588 -1 -1 722 16766
17:28:27.154 P 15004 -94 63 -1576 -1576 -1 -2 2 16820
17:28:27.154 P 15006 -92 70 -1588 -1588 -1 -2 232 16728
17:28:27.154 P 15008 -89 78 -1592 -1592 -1 -1 108 16714
17:28:27.154 P 15010 -86 100 -1596 -1596 -2 -1 290 16730
17:28:27.154 P 15012 -81 111 -1600 -1600 -1 -2 278 16730
17:28:27.154 P 15014 -75 151 -1596 -1596 -2 -2 -112 16666
17:28:27.154 P 15016 -67 167 -1594 -1594 -1 -2 152 16706
17:28:27.154 P 15017 -63 174 -1598 -1598 -2 -2 460 16722
17:28:27.154 P 15019 -53 203 -1581 -1581 -1 -2 -134 16770
17:28:27.154 P 15021 -41 245 -1565 -1565 -2 -2 -74 16748
17:28:27.154 P 15023 -30 202 -1587 -1587 -2 -2 -328 16652
17:28:27.154 P 15025 -19 239 -1566 -1566 -2 -1 -372 16650
17:28:27.154 P 15027 -8 223 -1580 -1580 -2 -2 1044 16748
17:28:27.154 P 15029 7 271 -1554 -1554 -2 -3 -1268 16702
17:28:27.154 P 15031 17 243 -1559 -1559 -1 -3 566 16640
17:28:27.154 P 15033 32 238 -1546 -1546 -1 -2 -512 16518
17:28:27.154 P 15035 43 263 -1534 -1534 -1 -3 -438 16656
17:28:27.154 P 15037 56 238 -1542 -1542 -2 -2 36 16634
17:28:27.154 P 15039 70 266 -1521 -1521 -3 -1 -1064 16744
17:28:27.154 P 15040 76 221 -1536 -1536 -1 -3 -58 17038
17:28:27.154 P 15042 89 303 -1490 -1490 -2 -2 -616 16556
17:28:27.154 P 15044 102 201 -1534 -1534 -2 -3 128 16688
17:28:27.154 P 15046 112 248 -1496 -1496 -2 -2 -282 16890
17:28:27.154 P 15048 124 227 -1493 -1493 -2 -2 316 16784
17:28:27.154 P 15050 136 231 -1478 -1478 -2 -1 -292 16346
17:28:27.154 P 15052 146 223 -1460 -1460 -1 -1 -360 16786
17:28:27.154 P 15054 157 216 -1464 -1464 -1 -2 -160 16826
17:28:27.154 P 15056 166 188 -1461 -1461 -2 -1 -352 16664
17:28:27.154 P 15058 176 207 -1438 -1438 -2 -1 -276 16622
17:28:27.154 P 15060 186 201 -1436 -1436 -2 -1 -988 16738
17:28:27.154 P 15062 194 180 -1437 -1437 -2 -2 -260 16740
17:28:27.154 P 15063 198 180 -1436 -1436 -2 -2 -822 16602
17:28:27.154 P 15065 206 174 -1420 -1420 -2 -1 -396 16724
17:28:27.154 P 15067 213 170 -1398 -1398 -1 -1 -656 16582
17:28:27.154 P 15069 219 127 -1419 -1419 -1 -2 -312 16794
17:28:27.154 P 15071 224 159 -1395 -1395 -1 -2 -214 16694
17:28:27.154 P 15073 231 124 -1404 -1404 -1 -2 -712 16710
17:28:27.154 P 15075 235 145 -1370 -1370 -1 -1 -90 16670
17:28:27.154 P 15077 241 119 -1382 -1382 -1 -1 -762 16758
17:28:27.154 P 15079 244 106 -1371 -1371 -1 -1 -448 16698
17:28:27.154 P 15081 248 113 -1362 -1362 0 -1 -358 16698
17:28:27.154 P 15083 251 90 -1371 -1371 -1 -2 -364 16770
17:28:27.154 P 15085 253 96 -1348 -1348 -1 0 -640 16600
17:28:27.154 P 15087 255 93 -1355 -1355 -1 -2 190 16784
17:28:27.154 P 15088 257 125 -1325 -1325 0 -1 -246 16650
17:28:27.154 P 15090 261 70 -1338 -1338 0 -1 -710 16722
17:28:27.154 P 15092 261 78 -1325 -1325 0 0 -206 16678
17:28:27.154 P 15094 263 72 -1312 -1312 0 0 -476 16668
17:28:27.154 P 15096 265 90 -1311 -1311 -1 -1 -772 16730
17:28:27.154 P 15098 267 63 -1312 -1312 -1 0 -434 16742
17:28:27.154 P 15100 268 56 -1306 -1306 -1 0 -594 16700
17:28:27.154 P 15102 267 43 1310 1310 0 0 -554 16678
17:28:27.154 P 15103 267 33 1314 1314 0 0 -596 16750
17:28:27.154 P 15105 265 -11 1305 1305 0 0 -910 16786
17:28:27.154 P 15107 258 -65 -1317 -1317 0 0 -166 16700
17:28:27.154 P 15109 252 -42 -1305 -1305 0 0 -526 16702
17:28:27.154 P 15111 248 -12 1310 1310 0 0 -286 16754
17:28:27.154 P 15112 246 1 1317 1317 0 0 -386 16720
17:28:27.154 P 15114 243 5 1319 1319 0 0 -326 16624
17:28:27.154 P 15116 241 27 1329 1329 0 0 -348 16682
17:28:27.154 P 15118 240 46 1339 1339 0 0 -320 16764
17:28:27.154 P 15120 241 62 1348 1348 0 0 -390 16750
17:28:28.966 P 15121 241 67 1362 1362 1 0 -368 16558
17:28:28.966 P 15123 243 84 1378 1378 0 1 -356 16664
17:28:28.966 P 15125 246 102 1386 1386 0 0 -486 16694
17:28:28.966 P 15127 250 115 1403 1403 1 0 -406 16706
17:28:28.966 P 15129 254 131 1418 1418 0 0 -438 16670
17:28:28.966 P 15130 257 140 1432 1432 0 1 -396 16640
17:28:28.966 P 15132 264 123 1432 1432 0 1 -1440 16642
17:28:28.966 P 15134 266 121 1426 1426 0 0 -338 16570
17:28:28.966 P 15136 271 131 1437 1437 0 0 -570 16618
17:28:28.966 P 15138 277 153 1447 1447 0 0 -414 16818
17:28:28.966 P 15139 280 169 1465 1465 0 1 -240 16798
17:28:28.966 P 15141 288 190 1486 1486 0 1 -258 16594
17:28:28.966 P 15143 298 224 1505 1505 0 0 -770 16626
17:28:28.966 P 15145 309 227 1520 1520 0 1 -496 16722
17:28:28.966 P 15147 320 239 1541 1541 1 0 -672 16590
17:28:28.966 P 15148 326 241 1544 1544 0 0 -730 16706
17:28:28.966 P 15150 338 241 1567 1567 1 0 -798 16594
17:28:28.966 P 15152 350 239 1586 1586 0 1 -956 16656
17:28:28.966 P 15154 362 229 1589 1589 0 0 -986 16682
17:28:28.966 P 15155 366 201 1594 1594 1 1 -692 16720
17:28:28.966 P 15157 374 184 1597 1597 0 1 -1190 16566
17:28:28.966 P 15159 381 155 1600 1600 0 1 -638 16684
17:28:28.966 P 15161 388 132 1612 1612 0 1 -1300 16694
17:28:28.966 P 15163 390 80 1603 1603 1 1 -1180 16632
17:28:28.966 P 15165 390 33 1607 1607 1 1 -542 16804
17:28:28.966 P 15167 390 36 1632 1632 2 2 -1644 16604
17:28:28.966 P 15169 387 -8 1622 1622 1 2 -428 16748
17:28:28.966 P 15171 383 -48 1611 1611 1 2 -1416 16748
17:28:28.966 P 15173 376 -67 1622 1622 2 2 -778 16612
17:28:28.966 P 15175 369 -101 1609 1609 2 2 -1144 16650
17:28:28.966 P 15177 359 -106 1614 1614 2 2 -1092 16664
17:28:28.966 P 15179 350 -130 1617 1617 3 3 -1214 16688
17:28:28.966 P 15180 344 -146 1598 1598 1 2 -1166 16644
17:28:28.966 P 15182 333 -150 1591 1591 1 2 -970 16722
17:28:28.966 P 15184 319 -191 1572 1572 1 2 -562 16730
17:28:28.966 P 15186 307 -169 1584 1584 1 3 -1090 16574
17:28:28.966 P 15188 292 -177 1576 1576 1 3 -532 16734
17:28:28.966 P 15190 280 -188 1567 1567 1 3 -782 16688
17:28:28.966 P 15192 266 -168 1576 1576 2 2 -846 16684
17:28:28.966 P 15194 253 -171 1568 1568 2 3 -860 16766
17:28:28.966 P 15196 239 -190 1549 1549 2 3 -436 16666
17:28:28.966 P 15198 226 -202 1533 1533 2 2 -856 16672
17:28:28.966 P 15200 212 -139 1552 1552 2 2 -826 16884
17:28:28.966 P 15202 200 -205 1510 1510 1 3 -204 16430
17:28:28.966 P 15204 188 -151 1528 1528 1 3 -1026 16478
17:28:28.966 P 15206 175 -163 1512 1512 2 2 -984 16928
17:28:28.966 P 15208 163 -170 1500 1500 2 2 -224 16600
17:28:28.966 P 15210 152 -144 1495 1495 1 3 -930 16444
17:28:28.966 P 15213 133 -148 1459 1459 1 1 -166 16930
17:28:28.966 P 15214 129 -118 1491 1491 3 3 -762 16790
17:28:28.966 P 15217 114 -136 1457 1457 1 3 -250 16644
17:28:28.966 P 15219 106 -110 1463 1463 2 2 -1060 16472
17:28:28.966 P 15220 100 -122 1443 1443 1 2 -8 16750
17:28:28.966 P 15222 92 -95 1442 1442 1 2 -682 16694
17:28:28.966 P 15224 84 -90 1436 1436 2 2 138 16670
17:28:28.966 P 15226 80 -72 1419 1419 1 1 -1428 16466
17:28:28.966 P 15228 71 -73 1413 1413 1 1 112 16728
17:28:28.966 P 15230 67 -66 1408 1408 1 2 -1092 16686
17:28:28.966 P 15233 57 -52 1386 1386 1 1 -750 16682
17:28:28.966 P 15235 52 -54 1382 1382 0 2 -454 16794
17:28:28.966 P 15236 49 -41 1377 1377 1 1 36 16766
17:28:28.966 P 15238 47 -5 1381 1381 0 2 -1058 16648
17:28:28.966 P 15241 42 -4 1372 1372 1 1 -440 16626
17:28:28.966 P 15243 40 -6 1355 1355 1 1 -342 16434
17:28:28.966 P 15244 39 11 1362 1362 0 2 -538 16636
17:28:28.966 P 15246 38 3 1349 1349 2 1 -24 16774
17:28:28.966 P 15248 39 54 1365 1365 0 1 -814 16648
17:28:28.966 P 15250 39 34 1345 1345 1 1 -120 16688
17:28:28.966 P 15252 40 38 1337 1337 0 1 -546 16776
17:28:28.966 P 15254 40 21 1320 1320 0 0 -418 16616
17:28:28.966 P 15256 39 33 1311 1311 0 0 -194 16766
17:28:28.966 P 15258 41 61 1317 1317 0 1 -302 16662
17:28:28.966 P 15260 44 89 1327 1327 0 0 -360 16684
17:28:28.966 P 15262 48 88 1326 1326 0 1 -476 16628
17:28:28.966 P 15264 50 64 1304 1304 0 0 -588 16662
17:28:28.966 P 15266 52 39 -1304 -1304 0 1 -604 16804
17:28:28.966 P 15268 51 24 -1321 -1321 0 0 -134 16660
17:28:28.966 P 15269 51 31 -1322 -1322 0 0 -68 16678
17:28:28.966 P 15271 51 45 -1320 -1320 0 0 -222 16698
17:28:28.966 P 15273 53 48 -1321 -1321 0 0 -626 16746
17:28:28.966 P 15275 53 19 -1348 -1348 -1 0 -558 16690
17:28:28.966 P 15277 52 3 -1356 -1356 0 0 -438 16646
17:28:28.966 P 15279 50 -15 -1366 -1366 0 0 -560 16738
17:28:28.966 P 15281 46 -30 -1375 -1375 0 0 -440 16726
17:28:28.966 P 15283 42 -49 -1388 -1388 0 0 -450 16752
17:28:28.966 P 15284 39 -56 -1394 -1394 0 0 -466 16724
17:28:28.966 P 15286 34 -74 -1407 -1407 0 0 -466 16694
17:28:28.966 P 15288 27 -92 -1422 -1422 0 0 -442 16674
17:28:28.966 P 15290 19 -108 -1438 -1438 0 0 -396 16746
17:28:28.966 P 15292 10 -128 -1455 -1455 0 0 -350 16586
17:28:28.966 P 15294 0 -147 -1474 -1474 0 0 -356 16622
17:28:28.966 P 15296 -11 -165 -1494 -1494 0 0 -362 16726
17:28:28.966 P 15298 -23 -186 -1516 -1516 0 0 -320 16574
17:28:28.966 P 15300 -37 -205 -1548 -1548 0 -1 -312 16648
17:28:28.966 P 15302 -52 -227 -1570 -1570 0 0 -314 16710
17:28:28.966 P 15304 -68 -253 -1605 -1605 0 0 -258 16650
17:28:28.966 P 15306 -86 -276 -1659 -1659 -2 -1 -298 16620
17:28:28.966 P 15308 -106 -298 -1707 -1707 -1 -2 112 16792
17:28:28.966 P 15310 -126 -209 -1704 -1704 -2 0 3612 17086
17:28:28.966 P 15312 -128 -5 -1641 -1641 -1 -2 96 16802
17:28:28.966 P 15314 -128 163 -1593 -1593 -1 -2 1020 16830
17:28:28.966 P 15316 -115 237 -1579 -1579 -2 -2 926 16766
17:28:28.966 P 15318 -97 339 -1538 -1538 -2 -2 -1194 16462
17:28:28.966 P 15320 -85 227 -1587 -1587 -1 -2 946 16892
17:28:28.966 P 15322 -70 252 -1576 -1576 -1 -2 -250 16752
17:28:28.966 P 15325 -49 301 -1559 -1559 -3 -2 -580 16526
17:28:28.966 P 15327 -36 254 -1584 -1584 -2 -2 624 16706
17:28:28.966 P 15329 -20 284 -1556 -1556 -2 -2 -428 16674
17:28:28.966 P 15331 -6 282 -1556 -1556 -2 -3 -266 16680
17:28:28.966 P 15333 8 262 -1551 -1551 -2 -2 -12 16652
17:28:28.966 P 15335 24 298 -1539 -1539 -3 -3 -612 16732
17:28:28.966 P 15337 38 256 -1543 -1543 -3 -2 -116 16798
17:28:28.966 P 15339 53 294 -1517 -1517 -3 -2 -944 16492
17:28:28.966 P 15341 65 235 -1530 -1530 -2 -2 408 16892
17:28:28.966 P 15343 78 239 -1521 -1521 -2 -2 -576 16804
17:28:28.966 P 15345 90 262 -1504 -1504 -1 -3 -592 16612
17:28:28.966 P 15347 101 220 -1510 -1510 -1 -3 744 16662
17:28:28.966 P 15349 115 237 -1484 -1484 -1 -2 -964 16622
17:28:28.966 P 15351 124 219 -1484 -1484 -2 -2 502 16990
17:28:28.966 P 15353 135 184 -1501 -1501 -2 -3 -780 16568
17:28:28.966 P 15355 144 213 -1470 -1470 -2 -3 -676 16632
17:28:28.966 P 15357 153 178 -1481 -1481 -2 -3 -332 16770
17:28:28.966 P 15358 157 187 -1454 -1454 -1 -1 -18 16822
17:28:28.966 P 15360 166 163 -1461 -1461 -1 -1 -474 16588
17:28:28.966 P 15362 173 203 -1440 -1440 -3 -1 -308 16698
17:28:28.966 P 15364 182 146 -1457 -1457 -2 -2 -864 16646
17:28:28.966 P 15366 187 155 -1436 -1436 -2 -1 -526 16516
17:28:28.966 P 15368 194 140 -1438 -1438 -1 -2 -114 16790
17:28:28.966 P 15370 200 149 -1419 -1419 -1 -1 -632 16714
17:28:28.966 P 15372 205 123 -1432 -1432 -2 -2 -150 16664
17:28:28.966 P 15374 210 138 -1407 -1407 -1 -2 -896 16642
17:28:28.966 P 15376 214 104 -1408 -1408 -1 -1 154 16884
17:28:28.966 P 15378 218 106 -1416 -1416 -2 -2 -456 16650
17:28:28.966 P 15380 221 103 -1396 -1396 -1 -1 -498 16548
17:28:28.966 P 15382 225 107 -1388 -1388 -2 -1 -120 16790
17:28:28.966 P 15384 227 86 -1394 -1394 -1 -2 -100 16722
17:28:28.966 P 15386 231 104 -1374 -1374 -2 -2 -1096 16586
17:28:28.966 P 15388 232 74 -1370 -1370 0 -1 388 16754
17:28:28.966 P 15390 236 93 -1365 -1365 -2 -1 -892 16688
17:28:28.966 P 15392 236 59 -1368 -1368 -1 -1 -502 16558
17:28:28.966 P 15394 237 52 -1352 -1352 0 -1 -362 16710
17:28:28.966 P 15396 238 64 -1348 -1348 0 0 -674 16668
17:28:28.966 P 15397 238 62 -1352 -1352 -1 -1 -32 16736
17:28:28.966 P 15399 239 74 -1332 -1332 -1 -1 -680 16624
17:28:28.966 P 15401 239 22 -1347 -1347 0 -1 -714 16770
17:28:28.966 P 15403 237 3 -1361 -1361 -1 -1 -444 16716
17:28:28.966 P 15405 233 -8 -1344 -1344 0 0 -426 16618
17:28:28.966 P 15407 230 6 -1339 -1339 0 0 -364 16632
17:28:28.966 P 15409 228 1 -1345 -1345 0 -1 -420 16732
17:28:28.966 P 15411 225 8 -1336 -1336 0 -1 -248 16612
17:28:28.966 P 15413 223 13 -1329 -1329 0 0 -670 16680
17:28:28.966 P 15414 222 2 -1328 -1328 0 0 -438 16696
17:28:28.966 P 15416 219 -7 -1334 -1334 0 -1 -768 16728
17:28:28.966 P 15418 215 -34 -1340 -1340 0 0 -458 16608
17:28:28.966 P 15420 210 -49 -1344 -1344 0 0 -592 16670
17:28:28.966 P 15422 203 -49 -1345 -1345 0 0 -194 16760
17:28:28.966 P 15424 198 -33 -1338 -1338 0 0 -458 16694
17:28:28.966 P 15425 196 -35 -1341 -1341 0 0 -258 16732
17:28:28.966 P 15427 192 -17 -1334 -1334 0 0 -434 16678
17:28:28.966 P 15429 188 -13 -1334 -1334 0 0 -302 16734
17:28:28.966 P 15431 185 0 -1330 -1330 0 0 -420 16654
17:28:28.966 P 15433 182 8 -1327 -1327 0 0 -354 16674
17:28:28.966 P 15435 180 14 -1326 -1326 0 0 -408 16654
17:28:28.966 P 15437 179 25 -1321 -1321 0 0 -380 16750
17:28:28.966 P 15438 178 28 -1321 -1321 0 0 -344 16686
17:28:28.966 P 15440 177 35 -1318 -1318 0 0 -386 16692
17:28:28.966 P 15442 177 41 -1315 -1315 0 0 -384 16760
17:28:28.966 P 15444 177 48 -1312 -1312 0 0 -402 16698
17:28:28.966 P 15446 178 56 -1308 -1308 0 0 -344 16676
17:28:28.966 P 15448 179 62 -1304 -1304 0 0 -354 16676
17:28:28.966 P 15449 179 66 -1301 -1301 0 0 -358 16690
17:28:28.966 P 15451 181 73 1305 1305 0 0 -422 16700
17:28:28.966 P 15453 183 81 1310 1310 0 0 -370 16504
17:28:28.966 P 15455 185 88 1326 1326 0 1 -398 16676
17:28:28.966 P 15457 188 96 1330 1330 0 0 -444 16766
17:28:28.966 P 15459 192 104 1335 1335 0 0 -424 16764
17:28:28.966 P 15461 196 110 1340 1340 0 0 -402 16776
17:28:28.966 P 15462 198 114 1354 1354 0 1 -460 16640
17:28:28.966 P 15464 202 122 1358 1358 0 0 -422 16704
17:28:28.966 P 15466 207 130 1363 1363 0 0 -458 16852
17:28:28.966 P 15468 213 137 1371 1371 0 0 -474 16666
17:28:28.966 P 15470 219 145 1389 1389 0 1 -534 16652
17:28:28.966 P 15471 222 149 1392 1392 0 0 -542 16676
17:28:28.966 P 15473 229 158 1399 1399 0 0 -528 16742
17:28:28.966 P 15475 236 165 1408 1408 0 0 -502 16644
17:28:28.966 P 15477 244 174 1417 1417 0 0 -576 16732
17:28:28.966 P 15478 248 178 1423 1423 0 0 -532 16704
17:28:28.966 P 15480 256 190 1436 1436 0 0 -536 16746
17:28:28.966 P 15482 265 200 1449 1449 0 0 -620 16690
17:28:28.966 P 15483 270 205 1456 1456 0 0 -528 16756
17:28:30.787 P 15485 280 217 1479 1479 0 0 -564 16650
17:28:30.787 P 15487 291 228 1492 1492 0 0 -654 16738
17:28:30.787 P 15488 297 234 1499 1499 0 0 -774 16666
17:28:30.787 P 15490 308 245 1514 1514 0 0 -540 16660
17:28:30.787 P 15492 321 263 1543 1543 1 0 -718 16562
17:28:30.787 P 15494 334 279 1571 1571 1 0 -630 16648
17:28:30.787 P 15495 342 287 1599 1599 1 1 -740 16680
17:28:30.787 P 15497 356 285 1612 1612 1 0 -876 16652
17:28:30.787 P 15499 369 226 1603 1603 1 0 -1054 16602
17:28:30.787 P 15501 380 240 1635 1635 0 1 -946 16656
17:28:30.787 P 15502 386 212 1628 1628 1 0 -1708 16566
17:28:30.787 P 15504 391 64 1591 1591 1 1 -1256 16722
17:28:30.787 P 15506 390 11 1576 1576 1 1 -1444 16708
17:28:30.787 P 15508 385 -15 1579 1579 2 1 -376 16696
17:28:30.787 P 15510 383 -11 1592 1592 1 2 -1508 16676
17:28:30.787 P 15512 378 -15 1605 1605 1 2 -770 16790
17:28:30.787 P 15514 375 -35 1606 1606 2 1 -1162 16596
17:28:30.787 P 15516 368 -61 1597 1597 1 2 -1250 16606
17:28:30.787 P 15518 361 -77 1588 1588 1 1 -476 16870
17:28:30.787 P 15520 353 -116 1577 1577 2 1 -858 16678
17:28:30.787 P 15522 343 -97 1595 1595 2 1 -1270 16534
17:28:30.787 P 15523 339 -105 1596 1596 1 3 -910 16720
17:28:30.787 P 15525 329 -147 1580 1580 2 2 -1294 16718
17:28:30.787 P 15527 318 -126 1582 1582 2 2 -1142 16592
17:28:30.787 P 15529 305 -179 1565 1565 2 3 -244 16810
17:28:30.787 P 15531 294 -136 1572 1572 2 2 -1152 16416
17:28:30.787 P 15533 282 -161 1554 1554 1 2 -832 16618
17:28:30.787 P 15535 269 -191 1533 1533 2 2 -662 16968
17:28:30.787 P 15537 257 -133 1552 1552 1 2 -1126 16504
17:28:30.787 P 15540 239 -134 1540 1540 1 2 -846 16624
17:28:30.787 P 15542 227 -160 1520 1520 2 2 -270 16788
17:28:30.787 P 15544 217 -138 1523 1523 1 2 -1078 16654
17:28:30.787 P 15546 205 -127 1521 1521 2 2 -4 16726
17:28:30.787 P 15548 195 -151 1504 1504 2 3 -612 16708
17:28:30.787 P 15550 183 -123 1501 1501 2 2 -250 16552
17:28:30.787 P 15552 174 -121 1488 1488 1 2 -62 16892
17:28:30.787 P 15554 167 -72 1502 1502 1 2 -1074 16708
17:28:30.787 P 15556 158 -105 1486 1486 2 2 -70 16622
17:28:30.787 P 15558 151 -93 1484 1484 2 2 -956 16562
17:28:30.787 P 15560 143 -72 1476 1476 1 2 -458 16830
17:28:30.787 P 15563 133 -65 1461 1461 1 2 8 16702
17:28:30.787 P 15565 131 -29 1480 1480 1 2 -1636 16544
17:28:30.787 P 15567 123 -59 1436 1436 0 2 402 16858
17:28:30.787 P 15569 122 -9 1462 1462 1 2 -1130 16630
17:28:30.787 P 15571 116 -54 1427 1427 1 1 242 16732
17:28:30.787 P 15573 113 -12 1440 1440 1 1 -814 16636
17:28:30.787 P 15575 110 -5 1429 1429 0 2 -608 16718
17:28:30.787 P 15577 108 10 1434 1434 1 1 -52 16776
17:28:30.787 P 15579 108 13 1429 1429 1 1 -1272 16626
17:28:30.787 P 15581 106 15 1433 1433 1 2 -266 16738
17:28:30.787 P 15583 105 21 1419 1419 0 1 -338 16746
17:28:30.787 P 15585 106 56 1438 1438 1 2 -976 16626
17:28:30.787 P 15587 106 27 1416 1416 2 1 102 16676
17:28:30.787 P 15589 108 78 1436 1436 1 0 -1086 16572
17:28:30.787 P 15591 109 53 1410 1410 0 1 -188 16776
17:28:30.787 P 15593 112 78 1424 1424 0 1 -556 16682
17:28:30.787 P 15595 116 97 1418 1418 0 0 -586 16608
17:28:30.787 P 15597 120 121 1420 1420 0 0 -396 16694
17:28:30.787 P 15599 127 154 1443 1443 0 1 -446 16750
17:28:30.787 P 15601 135 159 1445 1445 0 1 -732 16734
17:28:30.787 P 15603 142 132 1433 1433 0 1 -704 16736
17:28:30.787 P 15605 147 102 1420 1420 0 1 -692 16732
17:28:30.787 P 15607 151 114 1425 1425 0 0 -372 16610
17:28:30.787 P 15609 156 117 1431 1431 0 1 -362 16734
17:28:30.787 P 15611 161 144 1438 1438 0 0 -510 16678
17:28:30.787 P 15613 168 144 1436 1436 0 0 -536 16634
17:28:30.787 P 15615 175 153 1442 1442 0 0 -672 16642
17:28:30.787 P 15617 182 145 1450 1450 0 0 -596 16722
17:28:30.787 P 15619 188 149 1453 1453 0 0 -630 16670
17:28:30.787 P 15621 195 145 1454 1454 0 0 -626 16698
17:28:30.787 P 15622 198 147 1457 1457 0 0 -732 16662
17:28:30.787 P 15624 205 143 1459 1459 0 0 -684 16628
17:28:30.787 P 15626 211 144 1464 1464 0 0 -786 16660
17:28:30.787 P 15628 218 138 1476 1476 0 1 -722 16634
17:28:30.787 P 15630 224 133 1476 1476 0 0 -798 16670
17:28:30.787 P 15632 229 124 1484 1484 0 1 -764 16662
17:28:30.787 P 15634 234 118 1481 1481 0 0 -754 16708
17:28:30.787 P 15636 239 109 1488 1488 0 1 -720 16680
17:28:30.787 P 15638 243 106 1486 1486 0 0 -774 16608
17:28:30.787 P 15640 247 99 1482 1482 0 0 -728 16676
17:28:30.787 P 15641 248 97 1492 1492 0 1 -708 16710
17:28:30.787 P 15643 252 102 1493 1493 0 0 -550 16684
17:28:30.787 P 15645 256 112 1507 1507 0 1 -696 16668
17:28:30.787 P 15647 260 117 1509 1509 0 0 -604 16592
17:28:30.787 P 15649 265 127 1524 1524 0 0 -672 16714
17:28:30.787 P 15650 268 133 1526 1526 0 0 -582 16664
17:28:30.787 P 15652 274 144 1533 1533 0 0 -758 16634
17:28:30.787 P 15654 280 155 1542 1542 0 0 -648 16692
17:28:30.787 P 15656 288 165 1551 1551 0 0 -684 16706
17:28:30.787 P 15658 295 170 1576 1576 0 0 -788 16608
17:28:30.787 P 15660 303 159 1582 1582 1 0 -926 16626
17:28:30.787 P 15661 306 149 1576 1576 0 0 -974 16634
17:28:30.787 P 15663 312 131 1567 1567 0 0 -942 16610
17:28:30.787 P 15665 316 100 1572 1572 0 1 -920 16714
17:28:30.787 P 15667 319 67 1569 1569 1 1 -1332 16706
17:28:30.787 P 15669 317 -5 1549 1549 1 0 -822 16670
17:28:30.787 P 15671 315 -22 1550 1550 0 1 -1378 16672
17:28:30.787 P 15673 309 -40 1545 1545 1 1 -508 16692
17:28:30.787 P 15675 305 -36 1558 1558 1 1 -894 16626
17:28:30.787 P 15677 300 -32 1551 1551 1 1 -1194 16682
17:28:30.787 P 15679 294 -83 1550 1550 1 1 -876 16726
17:28:30.787 P 15681 286 -96 1525 1525 1 1 -1122 16618
17:28:30.787 P 15683 278 -113 1524 1524 1 1 -346 16668
17:28:30.787 P 15685 270 -76 1529 1529 0 1 -1308 16650
17:28:30.787 P 15686 267 -102 1526 1526 1 2 -1432 16650
17:28:30.787 P 15688 256 -123 1508 1508 0 2 -516 16736
17:28:30.787 P 15690 247 -103 1501 1501 0 1 -740 16684
17:28:30.787 P 15692 239 -86 1496 1496 0 1 -764 16634
17:28:30.787 P 15694 232 -88 1492 1492 0 0 -936 16708
17:28:30.787 P 15696 224 -88 1489 1489 0 2 -458 16554
17:28:30.787 P 15698 216 -97 1483 1483 1 1 -1040 16558
17:28:30.787 P 15700 208 -87 1473 1473 0 1 -858 16678
17:28:30.787 P 15702 200 -82 1464 1464 0 1 -406 16712
17:28:30.787 P 15704 195 -55 1469 1469 0 1 -756 16720
17:28:30.787 P 15705 192 -64 1466 1466 1 1 -628 16778
17:28:30.787 P 15707 185 -80 1449 1449 0 1 -728 16690
17:28:30.787 P 15709 178 -72 1444 1444 0 1 -444 16700
17:28:30.787 P 15711 172 -53 1439 1439 0 1 -436 16804
17:28:30.787 P 15713 168 -19 1437 1437 0 1 -626 16744
17:28:30.787 P 15715 165 -5 1457 1457 1 1 -674 16496
17:28:30.787 P 15717 164 -1 1443 1443 0 1 -736 16668
17:28:30.787 P 15719 161 5 1424 1424 0 0 -248 16726
17:28:30.787 P 15721 161 55 1442 1442 0 0 -506 16782
17:28:30.787 P 15722 162 68 1452 1452 0 1 -436 16602
17:28:30.787 P 15724 164 79 1446 1446 0 0 -578 16710
17:28:30.787 P 15726 167 78 1439 1439 0 0 -664 16674
17:28:30.787 P 15728 170 77 1443 1443 0 0 -628 16600
17:28:30.787 P 15730 172 73 1436 1436 0 0 -596 16604
17:28:30.787 P 15732 174 74 1434 1434 0 0 -566 16656
17:28:30.787 P 15733 175 73 1432 1432 0 0 -538 16612
17:28:30.787 P 15735 178 71 1431 1431 0 0 -782 16714
17:28:30.787 P 15737 180 62 1426 1426 0 0 -590 16640
17:28:30.787 P 15739 181 56 1423 1423 0 0 -686 16726
17:28:30.787 P 15741 182 49 1419 1419 0 0 -654 16676
17:28:30.787 P 15742 182 44 1417 1417 0 0 -656 16684
17:28:30.787 P 15744 183 40 1415 1415 0 0 -674 16710
17:28:30.787 P 15746 183 31 1410 1410 0 0 -692 16666
17:28:30.787 P 15748 182 28 1407 1407 0 0 -614 16680
17:28:30.787 P 15750 181 21 1403 1403 0 0 -610 16686
17:28:30.787 P 15752 180 16 1400 1400 0 0 -618 16580
17:28:30.787 P 15753 180 13 1398 1398 0 0 -554 16624
17:28:30.787 P 15755 178 8 1394 1394 0 0 -614 16632
17:28:30.787 P 15757 176 2 1389 1389 0 0 -642 16628
17:28:30.787 P 15759 174 -3 1384 1384 0 0 -602 16682
17:28:30.787 P 15761 171 -8 1379 1379 0 0 -552 16650
17:28:30.787 P 15763 168 -13 1374 1374 0 0 -508 16700
17:28:30.787 P 15764 166 -16 1371 1371 0 0 -550 16642
17:28:30.787 P 15766 163 -20 1366 1366 0 0 -554 16748
17:28:30.787 P 15768 159 -25 1360 1360 0 0 -558 16698
17:28:30.787 P 15770 155 -30 1354 1354 0 0 -550 16672
17:28:30.787 P 15772 151 -36 1347 1347 0 0 -522 16682
17:28:30.787 P 15774 147 -39 1341 1341 0 0 -552 16676
17:28:30.787 P 15776 142 -45 1333 1333 0 0 -440 16724
17:28:30.787 P 15777 139 -48 1330 1330 0 0 -514 16672
17:28:30.787 P 15779 134 -53 1322 1322 0 0 -514 16802
17:28:30.787 P 15781 128 -59 1314 1314 0 0 -508 16634
17:28:30.787 P 15783 122 -64 1306 1306 0 0 -490 16638
17:28:30.787 P 15785 116 -69 -1303 -1303 0 0 -488 16718
17:28:30.787 P 15787 110 -74 -1311 -1311 0 0 -470 16738
17:28:30.787 P 15788 106 -78 -1317 -1317 0 0 -342 16672
17:28:30.787 P 15790 99 -85 -1327 -1327 0 0 -440 16658
17:28:30.787 P 15792 91 -92 -1347 -1347 0 0 -364 16886
17:28:30.787 P 15794 83 -99 -1365 -1365 -1 0 -396 16710
17:28:30.787 P 15796 75 -106 -1380 -1380 0 0 -356 16754
17:28:30.787 P 15798 66 -117 -1389 -1389 0 0 -330 16698
17:28:30.787 P 15799 61 -119 -1392 -1392 0 0 -334 16682
17:28:30.787 P 15801 51 -131 -1412 -1412 0 0 -298 16664
17:28:30.787 P 15803 41 -139 -1420 -1420 0 0 -364 16672
17:28:30.787 P 15805 30 -148 -1442 -1442 -1 0 -306 16660
17:28:30.787 P 15807 19 -160 -1453 -1453 0 0 -302 16762
17:28:30.787 P 15808 12 -168 -1471 -1471 0 -1 -90 16706
17:28:30.787 P 15810 2 -134 -1468 -1468 0 -1 -518 16582
17:28:30.787 P 15812 -9 -182 -1515 -1515 0 -1 -58 16732
17:28:30.787 P 15814 -23 -192 -1523 -1523 0 0 90 16770
17:28:30.787 P 15816 -34 -71 -1494 -1494 0 -1 -850 16628
17:28:30.787 P 15818 -42 -165 -1545 -1545 0 -1 -226 16706
17:28:30.787 P 15819 -49 -161 -1543 -1543 0 0 450 16622
17:28:30.787 P 15821 -60 -181 -1563 -1563 0 0 -202 16742
17:28:30.787 P 15823 -74 -176 -1582 -1582 0 -1 42 16806
17:28:30.787 P 15825 -86 -162 -1604 -1604 -1 -1 488 16744
17:28:30.787 P 15827 -96 -112 -1591 -1591 0 -1 -266 16690
17:28:30.787 P 15828 -101 -131 -1616 -1616 -1 -1 -64 16686
17:28:30.787 P 15830 -111 -103 -1630 -1630 -2 -1 476 16816
17:28:30.787 P 15832 -115 26 -1593 -1593 -1 -1 706 16824
17:28:30.787 P 15834 -112 94 -1573 -1573 -1 -2 84 16608
17:28:30.787 P 15836 -109 75 -1599 -1599 -1 -2 286 16782
17:28:30.787 P 15838 -104 127 -1585 -1585 -1 -2 288 16716
17:28:30.787 P 15840 -99 122 -1592 -1592 -1 -1 520 16716
17:28:30.787 P 15842 -91 169 -1593 -1593 -3 -3 72 16676
17:28:30.787 P 15844 -81 223 -1560 -1560 -2 -2 -420 16644
17:28:30.787 P 15846 -73 156 -1595 -1595 -2 -2 1082 16836
17:28:30.787 P 15848 -62 198 -1573 -1573 -2 -2 -740 16552
17:28:30.787 P 15850 -55 191 -1574 -1574 -2 -1 700 16686
17:28:32.577 P 15852 -43 230 -1557 -1557 -2 -2 -636 16552
17:28:32.577 P 15854 -33 209 -1559 -1559 -1 -2 768 16718
17:28:32.577 P 15856 -20 244 -1539 -1539 -1 -2 -496 16590
17:28:32.577 P 15858 -10 207 -1544 -1544 -1 -1 716 16730
17:28:32.577 P 15860 2 232 -1528 -1528 -1 -1 -528 16690
17:28:32.577 P 15862 12 221 -1529 -1529 -1 -1 458 16646
17:28:32.577 P 15864 25 216 -1524 -1524 -1 -1 -484 16862
17:28:32.577 P 15866 33 220 -1518 -1518 -1 -1 630 16770
17:28:32.577 P 15868 47 227 -1507 -1507 -2 -1 -970 16584
17:28:32.577 P 15870 55 218 -1507 -1507 -2 -1 -144 16562
17:28:32.577 P 15872 66 176 -1523 -1523 -2 -2 32 16800
17:28:32.577 P 15874 75 228 -1494 -1494 -2 -2 -202 16684
17:28:32.577 P 15876 84 154 -1515 -1515 -1 -2 496 16694
17:28:32.577 P 15878 93 207 -1487 -1487 -2 -2 -582 16538
17:28:32.577 P 15880 102 181 -1490 -1490 -2 -3 14 16764
17:28:32.577 P 15882 109 154 -1492 -1492 -2 -2 -518 16638
17:28:32.577 P 15884 116 161 -1482 -1482 -2 -2 -372 16544
17:28:32.577 P 15886 122 143 -1475 -1475 -1 -2 -146 16810
17:28:32.577 P 15888 130 152 -1466 -1466 -1 -2 -426 16618
17:28:32.577 P 15890 134 131 -1473 -1473 -2 -1 308 16574
17:28:32.577 P 15892 143 151 -1448 -1448 -2 -1 -1210 16576
17:28:32.577 P 15894 146 108 -1461 -1461 -1 -1 -22 16794
17:28:32.577 P 15896 151 86 -1465 -1465 -1 -2 -474 16750
17:28:32.577 P 15898 152 100 -1468 -1468 -2 -3 134 16608
17:28:32.577 P 15900 157 79 -1452 -1452 -1 -1 -658 16790
17:28:32.577 P 15902 158 104 -1441 -1441 -1 -1 -22 16714
17:28:32.577 P 15904 161 75 -1455 -1455 -2 -1 -266 16626
17:28:32.577 P 15906 163 67 -1452 -1452 -1 -2 -412 16752
17:28:32.577 P 15908 164 76 -1432 -1432 -1 0 66 16640
17:28:32.577 P 15910 166 62 -1436 -1436 -1 -1 -746 16658
17:28:32.577 P 15912 165 33 -1453 -1453 -1 -2 80 16704
17:28:32.577 P 15914 165 62 -1431 -1431 -1 -1 -460 16636
17:28:32.577 P 15916 165 36 -1447 -1447 -1 -2 -186 16754
17:28:32.577 P 15918 165 34 -1423 -1423 0 0 -638 16672
17:28:32.577 P 15919 164 18 -1442 -1442 -1 -2 -328 16646
17:28:32.577 P 15921 162 57 -1424 -1424 -1 -1 -212 16678
17:28:32.577 P 15923 163 21 -1429 -1429 0 -1 -572 16714
17:28:32.577 P 15925 161 33 -1418 -1418 0 -1 -212 16890
17:28:32.577 P 15927 160 8 -1436 -1436 0 -1 -52 16720
17:28:32.577 P 15929 159 23 -1423 -1423 0 -1 -818 16622
17:28:32.577 P 15931 156 -5 -1438 -1438 -1 -1 -110 16682
17:28:32.577 P 15933 154 9 -1430 -1430 0 -1 -518 16734
17:28:32.577 P 15935 151 -2 -1428 -1428 0 -1 16 16680
17:28:32.577 P 15937 148 -18 -1434 -1434 -1 -1 -398 16666
17:28:32.577 P 15939 144 -38 -1442 -1442 0 -1 -748 16674
17:28:32.577 P 15941 137 -65 -1458 -1458 0 -1 -86 16666
17:28:32.577 P 15943 131 -62 -1460 -1460 0 -1 -218 16710
17:28:32.577 P 15945 125 -41 -1465 -1465 -1 -1 -310 16782
17:28:32.577 P 15946 122 -41 -1455 -1455 0 0 -238 16670
17:28:32.577 P 15948 117 -24 -1442 -1442 0 0 -174 16752
17:28:32.577 P 15950 114 -30 -1449 -1449 0 0 -414 16666
17:28:32.577 P 15952 109 -34 -1468 -1468 -1 -1 -382 16656
17:28:32.577 P 15954 104 -53 -1483 -1483 -1 -1 -364 16640
17:28:32.577 P 15956 98 -48 -1467 -1467 0 0 -166 16720
17:28:32.577 P 15957 96 -41 -1479 -1479 -1 -1 -212 16734
17:28:32.577 P 15959 91 -32 -1472 -1472 0 -1 -146 16638
17:28:32.577 P 15961 86 -28 -1478 -1478 -1 0 -92 16630
17:28:32.577 P 15963 82 -39 -1480 -1480 0 0 -466 16584
17:28:32.577 P 15965 77 -52 -1496 -1496 -1 0 -458 16674
17:28:32.577 P 15966 74 -63 -1496 -1496 0 0 -444 16730
17:28:32.577 P 15968 68 -68 -1511 -1511 -1 0 -248 16656
17:28:32.577 P 15970 62 -56 -1507 -1507 -1 0 -168 16642
17:28:32.577 P 15972 57 -45 -1513 -1513 -2 0 -220 16636
17:28:32.577 P 15974 51 -62 -1522 -1522 -1 0 -170 16700
17:28:32.577 P 15975 47 -74 -1524 -1524 0 0 -216 16726
17:28:32.577 P 15977 40 -77 -1532 -1532 -1 0 -66 16712
17:28:32.577 P 15979 34 -53 -1542 -1542 -1 0 28 16618
17:28:32.577 P 15981 29 -25 -1538 -1538 -1 -1 196 16742
17:28:32.577 P 15983 26 13 -1515 -1515 0 0 -58 16676
17:28:32.577 P 15984 26 22 -1534 -1534 -2 -1 36 16706
17:28:32.577 P 15986 25 47 -1522 -1522 -1 -1 212 16760
17:28:32.577 P 15988 25 46 -1531 -1531 0 -2 234 16644
17:28:32.577 P 15990 26 64 -1527 -1527 -1 -1 -24 16686
17:28:32.577 P 15992 28 83 -1520 -1520 -1 -1 10 16648
17:28:32.577 P 15994 31 91 -1528 -1528 -2 -1 -30 16678
17:28:32.577 P 15996 34 89 -1517 -1517 -1 -1 -14 16764
17:28:32.577 P 15997 35 103 -1515 -1515 -1 -1 -124 16688
17:28:32.577 P 15999 39 123 -1513 -1513 -2 -1 646 16660
17:28:32.577 P 16001 46 139 -1487 -1487 -1 0 -772 16704
17:28:32.577 P 16003 51 126 -1499 -1499 0 -2 160 16712
17:28:32.577 P 16005 56 127 -1489 -1489 0 0 -74 16656
17:28:32.577 P 16007 61 133 -1491 -1491 -1 -1 -50 16700
17:28:32.577 P 16009 67 137 -1490 -1490 -1 -1 -154 16748
17:28:32.577 P 16011 73 149 -1464 -1464 0 -1 -236 16618
17:28:32.577 P 16012 76 131 -1485 -1485 -1 -2 -338 16580
17:28:32.577 P 16014 79 98 -1487 -1487 -1 -1 290 16638
17:28:32.577 P 16016 84 131 -1474 -1474 -1 -1 -262 16736
17:28:32.577 P 16018 90 116 -1464 -1464 0 -1 -286 16706
17:28:32.577 P 16020 93 113 -1464 -1464 -1 -1 -90 16690
17:28:32.577 P 16022 98 113 -1460 -1460 0 -1 -194 16702
17:28:32.577 P 16024 102 126 -1441 -1441 0 0 44 16742
17:28:32.577 P 16026 108 116 -1454 -1454 -1 -2 -450 16758
17:28:32.577 P 16028 111 101 -1451 -1451 -1 -1 -562 16646
17:28:32.577 P 16030 113 67 -1460 -1460 -1 -1 -14 16696
17:28:32.577 P 16032 116 89 -1452 -1452 -1 -1 -388 16728
17:28:32.577 P 16034 119 118 -1430 -1430 -1 -1 -370 16592
17:28:32.577 P 16035 122 118 -1414 -1414 0 0 -786 16600
17:28:32.577 P 16037 126 81 -1428 -1428 -1 0 -510 16642
17:28:32.577 P 16039 127 41 -1446 -1446 0 -1 -550 16672
17:28:32.577 P 16041 125 -2 -1459 -1459 0 -1 -264 16692
17:28:32.577 P 16043 121 -18 -1454 -1454 0 0 -270 16672
17:28:32.577 P 16045 117 -19 -1448 -1448 0 0 -222 16766
17:28:32.577 P 16047 113 -25 -1455 -1455 0 0 -204 16720
17:28:32.577 P 16049 109 -18 -1448 -1448 0 0 -180 16734
17:28:32.577 P 16050 108 -13 -1444 -1444 0 0 -296 16706
17:28:32.577 P 16052 104 -12 -1450 -1450 0 0 -176 16692
17:28:32.577 P 16054 101 -8 -1456 -1456 0 -1 -292 16736
17:28:32.577 P 16056 98 -14 -1465 -1465 0 -1 -350 16656
17:28:32.577 P 16058 94 -22 -1464 -1464 0 0 -326 16688
17:28:32.577 P 16060 90 -29 -1466 -1466 0 0 -288 16804
17:28:32.577 P 16062 86 -42 -1473 -1473 0 0 -306 16738
17:28:32.577 P 16064 80 -50 -1479 -1479 0 0 -116 16714
17:28:32.577 P 16065 78 -48 -1480 -1480 0 0 -142 16622
17:28:32.577 P 16067 72 -48 -1483 -1483 0 0 -164 16670
17:28:32.577 P 16069 67 -44 -1485 -1485 0 0 -186 16666
17:28:32.577 P 16071 62 -47 -1490 -1490 0 0 -222 16656
17:28:32.577 P 16073 57 -43 -1493 -1493 0 0 -162 16648
17:28:32.577 P 16075 52 -44 -1498 -1498 0 0 -184 16714
17:28:32.577 P 16077 46 -45 -1503 -1503 0 0 -164 16684
17:28:32.577 P 16079 41 -45 -1508 -1508 0 0 -132 16684
17:28:32.577 P 16080 39 -46 -1521 -1521 -1 0 -108 16698
17:28:32.577 P 16082 34 -40 -1520 -1520 0 0 -170 16718
17:28:32.577 P 16084 29 -34 -1519 -1519 0 0 -108 16718
17:28:32.577 P 16086 25 -22 -1515 -1515 0 0 -86 16664
17:28:32.577 P 16088 22 -13 -1523 -1523 -1 0 -174 16600
17:28:32.577 P 16090 19 -5 -1519 -1519 0 0 -118 16672
17:28:32.577 P 16092 17 9 -1530 -1530 -1 0 -120 16766
17:28:32.577 P 16094 16 20 -1529 -1529 -1 0 -56 16694
17:28:32.577 P 16096 15 27 -1519 -1519 0 0 -8 16722
17:28:32.577 P 16098 15 40 -1515 -1515 0 0 -48 16722
17:28:32.577 P 16100 15 39 -1526 -1526 0 0 -78 16620
17:28:32.577 P 16102 15 32 -1531 -1531 -1 0 74 16646
17:28:32.577 P 16103 14 27 -1528 -1528 0 0 -2 16786
17:28:32.577 P 16105 13 26 -1539 -1539 0 0 56 16670
17:28:32.577 P 16107 13 50 -1535 -1535 -1 0 28 16722
17:28:32.577 P 16109 15 80 -1516 -1516 0 0 238 16690
17:28:32.577 P 16111 18 108 -1504 -1504 0 0 10 16748
17:28:32.577 P 16113 23 108 -1515 -1515 -1 0 -14 16670
17:28:32.577 P 16115 26 100 -1517 -1517 -1 0 158 16766
17:28:32.577 P 16117 30 128 -1501 -1501 -1 0 254 16736
17:28:32.577 P 16119 37 170 -1494 -1494 -1 -1 270 16656
17:28:32.577 P 16121 46 198 -1467 -1467 -1 0 -436 16702
17:28:32.577 P 16123 54 168 -1471 -1471 -1 0 -148 16680
17:28:32.577 P 16125 61 149 -1481 -1481 -1 -1 -114 16626
17:28:32.577 P 16127 67 152 -1468 -1468 0 0 -38 16678
17:28:32.577 P 16129 74 148 -1461 -1461 0 0 -76 16736
17:28:32.577 P 16131 81 167 -1454 -1454 -1 -1 -516 16592
17:28:32.577 P 16133 88 148 -1454 -1454 -1 0 -138 16684
17:28:32.577 P 16135 95 144 -1445 -1445 0 0 -300 16664
17:28:32.577 P 16137 100 131 -1437 -1437 0 -1 -222 16566
17:28:32.577 P 16139 104 102 -1440 -1440 0 -1 -290 16598
17:28:32.577 P 16141 106 68 -1449 -1449 0 0 80 16848
17:28:32.577 P 16143 108 92 -1431 -1431 0 0 8 16678
17:28:32.577 P 16145 112 115 -1415 -1415 0 -1 -350 16548
17:28:32.577 P 16147 116 96 -1420 -1420 0 -1 -426 16702
17:28:32.577 P 16148 117 90 -1415 -1415 0 0 -448 16644
17:28:32.577 P 16150 120 71 -1422 -1422 0 0 -284 16592
17:28:32.577 P 16152 121 61 -1416 -1416 0 0 -400 16730
17:28:32.577 P 16154 122 55 -1413 -1413 0 0 -348 16632
17:28:32.577 P 16156 122 46 -1413 -1413 0 0 -162 16534
17:28:32.577 P 16158 123 62 -1401 -1401 0 0 -336 16662
17:28:32.577 P 16160 124 62 -1398 -1398 0 0 -138 16876
17:28:32.577 P 16161 125 71 -1392 -1392 0 0 -228 16654
17:28:32.577 P 16163 127 75 -1387 -1387 0 0 -244 16708
17:28:32.577 P 16165 129 86 -1379 -1379 0 0 -328 16698
17:28:32.577 P 16167 132 90 -1373 -1373 0 0 -224 16630
17:28:32.577 P 16169 135 99 -1366 -1366 0 0 -256 16738
17:28:32.577 P 16171 138 105 -1359 -1359 0 0 -324 16748
17:28:32.577 P 16172 140 110 -1354 -1354 0 0 -294 16696
17:28:32.577 P 16174 145 117 -1347 -1347 0 0 -308 16632
17:28:32.577 P 16176 149 124 -1339 -1339 0 0 -260 16784
17:28:32.577 P 16178 154 131 -1331 -1331 0 0 -336 16670
17:28:32.577 P 16180 160 138 -1322 -1322 0 0 -318 16612
17:28:32.577 P 16182 166 147 -1312 -1312 0 0 -326 16640
17:28:32.577 P 16184 173 156 -1301 -1301 0 0 -350 16714
17:28:32.577 P 16185 176 160 1304 1304 0 0 -404 16672
17:28:32.577 P 16187 183 169 1315 1315 0 0 -352 16612
17:28:32.577 P 16189 191 180 1328 1328 0 0 -410 16682
17:28:32.577 P 16191 200 189 1351 1351 0 1 -442 16708
17:28:32.577 P 16193 209 201 1381 1381 1 0 -378 16700
17:28:32.577 P 16195 219 212 1397 1397 0 0 -410 16766
17:28:32.577 P 16197 229 224 1416 1416 0 1 -466 16694
17:28:32.577 P 16199 240 232 1431 1431 1 0 -538 16816
17:28:32.577 P 16200 246 238 1446 1446 0 1 -496 16698
17:28:32.577 P 16202 258 198 1428 1428 0 0 -550 16734
17:28:32.577 P 16204 268 245 1453 1453 0 0 -260 16742
17:28:32.577 P 16206 280 268 1471 1471 0 0 -296 16660
17:28:32.577 P 16208 295 300 1496 1496 0 0 -758 16604
17:28:34.394 P 16209 303 299 1502 1502 0 0 -546 16646
17:28:34.394 P 16211 319 319 1525 1525 0 0 -672 16566
17:28:34.394 P 16213 336 335 1547 1547 0 0 -588 16748
17:28:34.394 P 16215 354 354 1582 1582 0 1 -692 16670
17:28:34.394 P 16217 373 375 1607 1607 0 0 -688 16794
17:28:34.394 P 16218 383 386 1631 1631 0 1 -854 16630
17:28:34.394 P 16220 403 374 1658 1658 0 1 -858 16698
17:28:34.394 P 16222 422 285 1653 1653 1 1 -2028 16568
17:28:34.394 P 16224 433 196 1642 1642 0 1 -1504 16666
17:28:34.394 P 16226 439 109 1643 1643 2 2 -1502 16660
17:28:34.394 P 16228 438 13 1612 1612 1 2 -1124 16782
17:28:34.394 P 16230 436 -11 1627 1627 1 2 -1382 16516
17:28:34.394 P 16232 431 -32 1633 1633 2 1 -1126 16710
17:28:34.394 P 16234 425 -58 1632 1632 2 1 -1410 16822
17:28:34.394 P 16236 418 -81 1644 1644 2 2 -1034 16492
17:28:34.394 P 16238 409 -142 1629 1629 3 3 -1472 16586
17:28:34.394 P 16240 396 -139 1627 1627 3 2 -1036 16794
17:28:34.394 P 16242 384 -182 1611 1611 3 3 -482 16534
17:28:34.394 P 16244 372 -156 1623 1623 3 2 -1398 16558
17:28:34.394 P 16245 364 -182 1612 1612 2 3 -374 16788
17:28:34.394 P 16247 352 -161 1616 1616 2 2 -1586 16520
17:28:34.394 P 16250 329 -187 1600 1600 3 2 -640 16804
17:28:34.394 P 16252 314 -215 1582 1582 2 3 -376 16686
17:28:34.394 P 16254 300 -184 1592 1592 2 3 -1206 16682
17:28:34.394 P 16255 293 -213 1584 1584 2 4 -1074 16820
17:28:34.394 P 16258 270 -195 1567 1567 1 3 -768 16588
17:28:34.394 P 16260 255 -212 1558 1558 3 2 -800 16610
17:28:34.394 P 16262 241 -194 1568 1568 3 4 -1218 16570
17:28:34.394 P 16264 225 -207 1537 1537 2 3 236 16854
17:28:34.394 P 16265 219 -170 1551 1551 2 3 -1036 16786
17:28:34.394 P 16268 199 -182 1530 1530 3 3 -314 16432
17:28:34.394 P 16270 187 -168 1520 1520 3 2 -1364 16662
17:28:34.394 P 16272 173 -174 1510 1510 3 3 300 16974
17:28:34.394 P 16274 163 -142 1503 1503 2 3 -1220 16346
17:28:34.394 P 16276 150 -142 1490 1490 2 2 206 16702
17:28:34.394 P 16278 142 -100 1512 1512 2 3 -880 16930
17:28:34.394 P 16280 132 -108 1498 1498 2 3 -316 16714
17:28:34.394 P 16282 125 -102 1486 1486 3 2 -676 16574
17:28:34.394 P 16284 116 -80 1482 1482 2 2 -258 16786
17:28:34.394 P 16286 110 -89 1458 1458 1 2 -100 16744
17:28:34.394 P 16288 105 -45 1463 1463 1 1 -1416 16684
17:28:34.394 P 16290 98 -58 1463 1463 2 2 130 16704
17:28:34.394 P 16292 93 -83 1440 1440 2 2 -444 16636
17:28:34.394 P 16294 87 -30 1445 1445 1 2 -568 16790
17:28:34.394 P 16296 83 -54 1429 1429 1 2 94 16706
17:28:34.394 P 16298 81 6 1457 1457 2 2 -1338 16580
17:28:34.394 P 16300 77 -15 1436 1436 1 2 28 16702
17:28:34.394 P 16302 76 0 1426 1426 1 1 -920 16644
17:28:34.394 P 16304 72 3 1424 1424 1 2 -152 16746
17:28:34.394 P 16306 73 38 1431 1431 1 1 -256 16638
17:28:34.394 P 16308 74 40 1428 1428 1 2 -644 16640
17:28:34.394 P 16310 74 45 1426 1426 1 1 -584 16756
17:28:34.394 P 16312 74 27 1405 1405 0 1 -182 16812
17:28:34.394 P 16313 74 41 1418 1418 1 2 -20 16706
17:28:34.394 P 16315 76 70 1426 1426 1 1 -550 16724
17:28:34.394 P 16317 78 48 1409 1409 0 1 -150 16670
17:28:34.394 P 16319 79 67 1407 1407 0 1 -156 16658
17:28:34.394 P 16321 82 107 1436 1436 0 1 -556 16604
17:28:34.394 P 16323 87 118 1436 1436 0 1 -78 16698
17:28:34.394 P 16325 93 146 1451 1451 1 1 -352 16698
17:28:34.394 P 16327 100 145 1443 1443 0 1 -672 16642
17:28:34.394 P 16329 106 120 1445 1445 1 1 -72 16712
17:28:34.394 P 16331 112 144 1460 1460 1 1 -718 16752
17:28:34.394 P 16333 118 156 1461 1461 0 1 -212 16766
17:28:34.394 P 16334 122 174 1470 1470 0 1 -558 16656
17:28:34.394 P 16336 130 145 1466 1466 1 1 -558 16732
17:28:34.394 P 16338 136 154 1460 1460 0 0 -6 16674
17:28:34.394 P 16340 145 177 1486 1486 1 0 -604 16674
17:28:34.394 P 16341 149 181 1500 1500 1 1 -422 16720
17:28:34.394 P 16343 158 183 1494 1494 0 0 -568 16658
17:28:34.394 P 16345 167 168 1512 1512 1 1 -880 16694
17:28:34.394 P 16347 174 153 1497 1497 0 1 -384 16694
17:28:34.394 P 16349 181 155 1514 1514 1 1 -586 16680
17:28:34.394 P 16350 184 149 1513 1513 0 1 -806 16700
17:28:34.394 P 16352 190 102 1501 1501 1 1 -752 16664
17:28:34.394 P 16354 193 79 1507 1507 1 1 -644 16668
17:28:34.394 P 16356 196 101 1504 1504 0 1 -606 16666
17:28:34.394 P 16358 201 118 1522 1522 0 1 -736 16628
17:28:34.394 P 16360 207 113 1521 1521 0 1 -1172 16640
17:28:34.394 P 16362 210 87 1526 1526 1 1 -478 16626
17:28:34.394 P 16364 213 88 1513 1513 0 0 -760 16794
17:28:34.394 P 16365 215 80 1519 1519 1 1 -746 16624
17:28:34.394 P 16367 217 58 1525 1525 1 1 -760 16682
17:28:34.394 P 16369 218 43 1512 1512 1 1 -1056 16566
17:28:34.394 P 16371 217 16 1500 1500 0 1 -170 16796
17:28:34.394 P 16373 218 60 1524 1524 0 1 -1114 16700
17:28:34.394 P 16375 218 41 1518 1518 1 1 -804 16680
17:28:34.394 P 16377 218 29 1506 1506 0 1 -720 16700
17:28:34.394 P 16379 218 30 1519 1519 1 1 -946 16586
17:28:34.394 P 16381 217 17 1513 1513 1 1 -606 16802
17:28:34.394 P 16383 215 -7 1501 1501 1 1 -1036 16664
17:28:34.394 P 16385 211 -43 1471 1471 1 0 -532 16754
17:28:34.394 P 16387 207 0 1490 1490 0 1 -316 16758
17:28:34.394 P 16389 206 15 1500 1500 1 1 -660 16730
17:28:34.394 P 16391 205 34 1502 1502 1 1 -798 16692
17:28:34.394 P 16393 205 16 1488 1488 0 1 -888 16714
17:28:34.394 P 16394 204 3 1498 1498 2 1 -748 16726
17:28:34.394 P 16396 201 -5 1486 1486 1 1 -656 16658
17:28:34.394 P 16398 198 -17 1462 1462 0 1 -434 16782
17:28:34.394 P 16400 196 25 1487 1487 0 1 -900 16552
17:28:34.394 P 16402 195 10 1475 1475 1 0 -552 16724
17:28:34.394 P 16404 195 16 1476 1476 0 1 -1068 16676
17:28:34.394 P 16406 193 10 1469 1469 1 0 -370 16668
17:28:34.394 P 16408 193 37 1471 1471 0 0 -692 16686
17:28:34.394 P 16410 193 57 1475 1475 0 1 -662 16684
17:28:34.394 P 16411 194 61 1470 1470 0 0 -826 16674
17:28:34.394 P 16413 195 65 1472 1472 0 1 -652 16626
17:28:34.394 P 16415 197 61 1469 1469 0 0 -636 16656
17:28:34.394 P 16417 199 65 1471 1471 0 0 -964 16672
17:28:34.394 P 16419 200 50 1464 1464 0 1 -654 16682
17:28:34.394 P 16421 201 47 1455 1455 0 0 -600 16734
17:28:34.394 P 16423 202 58 1462 1462 0 0 -716 16576
17:28:34.394 P 16425 203 59 1466 1466 0 1 -434 16662
17:28:34.394 P 16427 205 80 1470 1470 0 0 -604 16694
17:28:34.394 P 16428 206 84 1470 1470 0 0 -558 16670
17:28:34.394 P 16430 210 100 1476 1476 0 0 -746 16702
17:28:34.394 P 16432 213 87 1471 1471 0 0 -734 16604
17:28:34.394 P 16434 217 88 1472 1472 0 0 -824 16562
17:28:34.394 P 16436 219 76 1467 1467 0 0 -688 16588
17:28:34.394 P 16437 221 79 1470 1470 0 0 -792 16674
17:28:34.394 P 16439 223 68 1465 1465 0 0 -684 16626
17:28:34.394 P 16441 225 68 1466 1466 0 0 -800 16672
17:28:34.394 P 16443 226 62 1464 1464 0 0 -722 16674
17:28:34.394 P 16445 228 57 1463 1463 0 0 -734 16670
17:28:34.394 P 16446 228 55 1462 1462 0 0 -726 16612
17:28:34.394 P 16448 229 53 1463 1463 0 0 -804 16704
17:28:34.394 P 16450 230 48 1461 1461 0 0 -660 16754
17:28:34.394 P 16452 231 45 1459 1459 0 0 -758 16622
17:28:34.394 P 16454 231 43 1458 1458 0 0 -762 16776
17:28:34.394 P 16455 231 40 1457 1457 0 0 -738 16652
17:28:34.394 P 16457 231 37 1456 1456 0 0 -792 16740
17:28:34.394 P 16459 231 35 1454 1454 0 0 -666 16672
17:28:34.394 P 16461 231 32 1453 1453 0 0 -672 16656
17:28:34.394 P 16463 230 30 1451 1451 0 0 -648 16676
17:28:34.394 P 16464 230 28 1450 1450 0 0 -666 16708
17:28:34.394 P 16466 229 26 1448 1448 0 0 -708 16766
17:28:34.394 P 16468 228 25 1447 1447 0 0 -744 16654
17:28:34.394 P 16470 227 21 1444 1444 0 0 -740 16686
17:28:34.394 P 16472 226 20 1443 1443 0 0 -670 16692
17:28:34.394 P 16474 225 17 1440 1440 0 0 -682 16818
17:28:34.394 P 16476 223 14 1437 1437 0 0 -664 16666
17:28:34.394 P 16477 223 15 1437 1437 0 0 -690 16680
17:28:34.394 P 16479 221 13 1435 1435 0 0 -684 16662
17:28:34.394 P 16481 220 12 1433 1433 0 0 -686 16652
17:28:34.394 P 16483 218 7 1428 1428 0 0 -670 16646
17:28:34.394 P 16485 216 7 1427 1427 0 0 -662 16700
17:28:34.394 P 16487 214 5 1424 1424 0 0 -644 16636
17:28:34.394 P 16489 212 2 1420 1420 0 0 -704 16628
17:28:34.394 P 16490 211 2 1419 1419 0 0 -636 16686
17:28:34.394 P 16492 208 1 1416 1416 0 0 -612 16640
17:28:34.394 P 16494 206 -1 1413 1413 0 0 -632 16672
17:28:34.394 P 16496 203 -3 1410 1410 0 0 -672 16658
17:28:34.394 P 16498 201 -4 1407 1407 0 0 -606 16696
17:28:34.394 P 16500 198 -7 1403 1403 0 0 -644 16686
17:28:34.394 P 16502 195 -8 1400 1400 0 0 -556 16716
17:28:34.394 P 16503 194 -9 1398 1398 0 0 -654 16642
17:28:34.394 P 16505 191 -12 1393 1393 0 0 -594 16722
17:28:34.394 P 16507 188 -14 1389 1389 0 0 -536 16670
17:28:34.394 P 16509 184 -15 1386 1386 0 0 -632 16746
17:28:34.394 P 16511 181 -16 1382 1382 0 0 -684 16642
17:28:34.394 P 16513 178 -21 1376 1376 0 0 -566 16626
17:28:34.394 P 16515 174 -23 1372 1372 0 0 -554 16678
17:28:34.394 P 16516 172 -24 1370 1370 0 0 -522 16632
17:28:34.394 P 16518 168 -26 1365 1365 0 0 -490 16672
17:28:34.394 P 16520 164 -28 1360 1360 0 0 -532 16656
17:28:34.394 P 16522 160 -31 1355 1355 0 0 -530 16682
17:28:34.394 P 16524 156 -33 1350 1350 0 0 -472 16712
17:28:34.394 P 16525 153 -35 1346 1346 0 0 -452 16642
17:28:34.394 P 16527 149 -39 1340 1340 0 0 -438 16668
17:28:34.394 P 16529 144 -43 1333 1333 0 0 -422 16698
17:28:34.394 P 16531 139 -44 1328 1328 0 0 -466 16668
17:28:34.394 P 16532 136 -47 1324 1324 0 0 -446 16764
17:28:34.394 P 16534 131 -51 1317 1317 0 0 -412 16600
17:28:34.394 P 16536 125 -53 1311 1311 0 0 -354 16668
17:28:34.394 P 16537 123 -55 1307 1307 0 0 -442 16676
17:28:34.394 P 16539 117 -60 -1301 -1301 0 0 -454 16738
17:28:34.394 P 16540 114 -62 -1304 -1304 0 0 -450 16758
17:28:34.394 P 16542 108 -66 -1312 -1312 0 0 -400 16618
17:28:34.394 P 16544 102 -67 -1329 -1329 0 -1 -446 16634
17:28:34.394 P 16546 95 -79 -1338 -1338 0 0 -350 16660
17:28:34.394 P 16547 91 -79 -1350 -1350 0 -1 -422 16704
17:28:34.394 P 16549 84 -85 -1355 -1355 0 0 -328 16638
17:28:34.394 P 16551 76 -93 -1373 -1373 0 -1 -356 16596
17:28:34.394 P 16552 72 -94 -1375 -1375 0 0 -300 16676
17:28:34.394 P 16554 64 -100 -1391 -1391 -1 0 -330 16672
17:28:34.394 P 16556 56 -108 -1397 -1397 0 0 -260 16642
17:28:34.394 P 16558 47 -116 -1415 -1415 0 -1 -280 16704
17:28:34.394 P 16559 42 -119 -1428 -1428 -1 0 -168 16756
17:28:34.394 P 16561 33 -107 -1433 -1433 -1 0 -614 16598
17:28:34.394 P 16563 23 -144 -1452 -1452 0 0 2 16706
17:28:34.394 P 16565 12 -135 -1460 -1460 0 0 -84 16704
17:28:34.394 P 16567 4 -91 -1441 -1441 0 0 -212 16644
17:28:34.394 P 16569 -3 -112 -1463 -1463 0 0 -174 16688
17:28:34.394 P 16570 -8 -126 -1471 -1471 0 0 -242 16662
17:28:34.394 P 16572 -18 -135 -1480 -1480 0 0 -122 16554
17:28:34.394 P 16574 -29 -158 -1509 -1509 -1 0 -212 16624
17:28:36.190 P 16576 -42 -181 -1526 -1526 0 0 -34 16622
17:28:36.190 P 16578 -55 -200 -1553 -1553 0 0 -170 16714
17:28:36.190 P 16579 -63 -213 -1573 -1573 0 -1 -124 16628
17:28:36.190 P 16581 -79 -241 -1605 -1605 0 -1 156 16730
17:28:36.190 P 16583 -96 -208 -1609 -1609 -1 0 646 16688
17:28:36.190 P 16585 -108 -137 -1597 -1597 -1 0 506 16454
17:28:36.190 P 16587 -115 -44 -1576 -1576 -1 -1 486 16818
17:28:36.190 P 16589 -118 16 -1570 -1570 -1 -1 424 16758
17:28:36.190 P 16591 -117 37 -1574 -1574 -1 -1 -22 16662
17:28:36.190 P 16593 -118 26 -1592 -1592 -1 -1 436 16704
17:28:36.190 P 16595 -117 54 -1606 -1606 -2 -2 656 16780
17:28:36.190 P 16597 -114 99 -1581 -1581 -1 -1 50 16716
17:28:36.190 P 16599 -111 105 -1593 -1593 -1 -1 668 16666
17:28:36.190 P 16600 -108 127 -1578 -1578 -1 -1 442 16720
17:28:36.190 P 16602 -102 152 -1573 -1573 -1 -1 842 16898
17:28:36.190 P 16604 -92 184 -1568 -1568 -1 -2 -564 16570
17:28:36.190 P 16606 -86 163 -1589 -1589 -2 -2 414 16664
17:28:36.190 P 16608 -77 163 -1575 -1575 -1 -2 530 16672
17:28:36.190 P 16610 -67 210 -1555 -1555 -1 -1 -544 16652
17:28:36.190 P 16612 -58 204 -1549 -1549 -1 -1 508 16752
17:28:36.190 P 16614 -47 190 -1566 -1566 -2 -2 250 16782
17:28:36.190 P 16616 -38 218 -1551 -1551 -2 -2 -86 16582
17:28:36.190 P 16618 -27 211 -1549 -1549 -2 -2 352 16570
17:28:36.190 P 16620 -17 214 -1542 -1542 -2 -2 96 16640
17:28:36.190 P 16622 -5 210 -1527 -1527 -1 -2 -22 16778
17:28:36.190 P 16624 3 221 -1518 -1518 -2 -1 -54 16614
17:28:36.190 P 16625 10 222 -1518 -1518 -2 -2 -560 16644
17:28:36.190 P 16627 19 207 -1530 -1530 -3 -2 192 16660
17:28:36.190 P 16629 30 226 -1493 -1493 -1 -2 -206 16566
17:28:36.190 P 16631 40 175 -1512 -1512 -2 -1 550 16696
17:28:36.190 P 16633 50 205 -1482 -1482 -1 -1 -928 16798
17:28:36.190 P 16635 56 156 -1515 -1515 -2 -2 656 16788
17:28:36.190 P 16637 65 182 -1490 -1490 -2 -2 -102 16564
17:28:36.190 P 16639 73 177 -1462 -1462 -1 -1 -238 16760
17:28:36.190 P 16641 80 158 -1466 -1466 -1 -1 192 16762
17:28:36.190 P 16643 87 173 -1462 -1462 -1 -2 -152 16668
17:28:36.190 P 16645 95 145 -1470 -1470 -1 -2 -216 16456
17:28:36.190 P 16647 100 146 -1446 -1446 -1 -1 -106 16748
17:28:36.190 P 16649 107 132 -1452 -1452 -2 -1 -326 16694
17:28:36.190 P 16650 109 118 -1450 -1450 -1 -1 -24 16686
17:28:36.190 P 16652 112 111 -1447 -1447 -1 -1 -130 16650
17:28:36.190 P 16654 117 108 -1434 -1434 -1 -1 -526 16690
17:28:36.190 P 16656 121 106 -1425 -1425 -1 -1 -202 16700
17:28:36.190 P 16658 123 85 -1438 -1438 -1 -2 162 16696
17:28:36.190 P 16660 127 111 -1416 -1416 -1 -1 -1080 16678
17:28:36.190 P 16662 129 65 -1433 -1433 -1 -1 346 16734
17:28:36.190 P 16664 132 96 -1405 -1405 -1 -1 -844 16596
17:28:36.190 P 16666 132 18 -1444 -1444 -1 -1 -256 16656
17:28:36.190 P 16668 131 18 -1428 -1428 -1 0 -544 16734
17:28:36.190 P 16670 128 2 -1436 -1436 -1 -1 -196 16678
17:28:36.190 P 16671 127 1 -1431 -1431 0 -1 -472 16680
17:28:36.190 P 16673 124 1 -1433 -1433 -1 0 48 16632
17:28:36.190 P 16675 122 5 -1435 -1435 -1 -1 -530 16774
17:28:36.190 P 16677 120 -17 -1439 -1439 -1 0 -498 16718
17:28:36.190 P 16679 115 -42 -1440 -1440 0 0 -268 16718
17:28:36.190 P 16681 109 -50 -1466 -1466 -1 -1 -112 16738
17:28:36.190 P 16683 104 -37 -1459 -1459 -1 0 -338 16670
17:28:36.190 P 16684 101 -34 -1458 -1458 0 -1 72 16644
17:28:36.190 P 16686 99 5 -1440 -1440 -1 -1 -560 16606
17:28:36.190 P 16688 96 -16 -1452 -1452 -1 -1 -144 16674
17:28:36.190 P 16690 93 -38 -1462 -1462 0 0 -622 16556
17:28:36.190 P 16692 85 -78 -1487 -1487 -1 0 -12 16692
17:28:36.190 P 16693 82 -77 -1479 -1479 0 0 -478 16714
17:28:36.190 P 16695 74 -89 -1486 -1486 0 0 58 16684
17:28:36.190 P 16697 68 -64 -1493 -1493 0 -1 -138 16654
17:28:36.190 P 16699 62 -45 -1492 -1492 -1 -1 -452 16710
17:28:36.190 P 16701 57 -59 -1495 -1495 0 0 -200 16744
17:28:36.190 P 16702 54 -60 -1510 -1510 -1 -1 -338 16670
17:28:36.190 P 16704 47 -80 -1517 -1517 -1 0 -266 16692
17:28:36.190 P 16706 40 -83 -1528 -1528 -1 0 -150 16680
17:28:36.190 P 16708 33 -78 -1533 -1533 0 0 20 16666
17:28:36.190 P 16710 26 -62 -1534 -1534 0 -1 72 16724
17:28:36.190 P 16712 20 -51 -1536 -1536 0 -1 326 16716
17:28:36.190 P 16713 17 -29 -1549 -1549 -2 -1 52 16672
17:28:36.190 P 16715 15 5 -1531 -1531 -1 0 112 16714
17:28:36.190 P 16717 14 33 -1514 -1514 0 0 -204 16758
17:28:36.190 P 16719 13 22 -1545 -1545 0 -2 188 16610
17:28:36.190 P 16721 13 35 -1541 -1541 -1 -1 -148 16756
17:28:36.190 P 16722 12 35 -1537 -1537 0 -1 384 16794
17:28:36.190 P 16724 14 90 -1529 -1529 -1 -1 164 16732
17:28:36.190 P 16726 18 83 -1524 -1524 0 -1 -388 16634
17:28:36.190 P 16728 20 84 -1546 -1546 -1 -1 164 16776
17:28:36.190 P 16730 23 93 -1541 -1541 -1 -2 138 16692
17:28:36.190 P 16732 28 127 -1521 -1521 -1 -1 -350 16806
17:28:36.190 P 16734 33 124 -1527 -1527 -2 -1 -24 16564
17:28:36.190 P 16735 35 107 -1542 -1542 -1 -2 -370 16616
17:28:36.190 P 16737 38 114 -1535 -1535 -2 -2 468 16782
17:28:36.190 P 16739 45 135 -1514 -1514 -1 -1 -768 16674
17:28:36.190 P 16741 49 141 -1526 -1526 -2 -2 242 16646
17:28:36.190 P 16743 56 141 -1512 -1512 -1 -1 164 16670
17:28:36.190 P 16745 63 176 -1492 -1492 -1 -1 -664 16602
17:28:36.190 P 16747 69 146 -1505 -1505 -1 -2 620 16692
17:28:36.190 P 16749 77 157 -1495 -1495 -1 -1 -508 16586
17:28:36.190 P 16751 84 153 -1474 -1474 0 -1 -198 16734
17:28:36.190 P 16753 90 149 -1487 -1487 -1 -2 -70 16726
17:28:36.190 P 16755 97 144 -1477 -1477 -1 -1 -414 16734
17:28:36.190 P 16757 102 125 -1488 -1488 -1 -2 30 16640
17:28:36.190 P 16759 108 150 -1455 -1455 0 -1 -444 16692
17:28:36.190 P 16761 113 133 -1467 -1467 -1 -1 500 16796
17:28:36.190 P 16762 116 154 -1441 -1441 0 -1 -350 16720
17:28:36.190 P 16764 123 107 -1479 -1479 -2 -2 -280 16788
17:28:36.190 P 16766 127 150 -1442 -1442 -1 -1 -312 16612
17:28:36.190 P 16768 133 130 -1435 -1435 0 -1 -46 16708
17:28:36.190 P 16770 138 125 -1425 -1425 -1 0 -512 16778
17:28:36.190 P 16772 142 98 -1439 -1439 0 -1 -310 16652
17:28:36.190 P 16774 144 95 -1422 -1422 0 0 200 16692
17:28:36.190 P 16776 149 124 -1411 -1411 0 -1 -466 16650
17:28:36.190 P 16778 153 97 -1417 -1417 0 -1 -236 16794
17:28:36.190 P 16780 155 74 -1409 -1409 0 -1 -392 16608
17:28:36.190 P 16782 156 56 -1421 -1421 0 -1 -182 16688
17:28:36.190 P 16784 156 58 -1404 -1404 0 0 -116 16782
17:28:36.190 P 16786 157 54 -1394 -1394 0 0 -454 16702
17:28:36.190 P 16787 157 43 -1401 -1401 0 -1 -326 16526
17:28:36.190 P 16789 156 34 -1398 -1398 0 0 -488 16662
17:28:36.190 P 16791 155 24 -1399 -1399 0 0 -78 16690
17:28:36.190 P 16793 154 32 -1394 -1394 0 -1 -312 16730
17:28:36.190 P 16795 153 39 -1389 -1389 0 -1 -210 16834
17:28:36.190 P 16797 153 52 -1382 -1382 0 -1 -72 16664
17:28:36.190 P 16799 154 58 -1368 -1368 0 0 -452 16556
17:28:36.190 P 16801 154 48 -1375 -1375 0 -1 -378 16734
17:28:36.190 P 16802 155 44 -1372 -1372 0 0 -566 16620
17:28:36.190 P 16804 153 17 -1370 -1370 0 1 -194 16738
17:28:36.190 P 16806 152 38 -1359 -1359 0 0 -72 16736
17:28:36.190 P 16808 152 49 -1353 -1353 0 0 -210 16722
17:28:36.190 P 16810 152 65 -1343 -1343 0 0 -220 16678
17:28:36.190 P 16812 154 75 -1336 -1336 0 0 -266 16658
17:28:36.190 P 16813 155 83 -1331 -1331 0 0 -202 16720
17:28:36.190 P 16815 158 96 -1323 -1323 0 0 -172 16672
17:28:36.190 P 16817 161 110 -1312 -1312 0 0 -184 16686
17:28:36.190 P 16819 165 121 -1302 -1302 0 0 -192 16796
17:28:36.190 P 16821 170 135 1309 1309 0 0 -288 16612
17:28:36.190 P 16823 176 148 1321 1321 0 0 -246 16766
17:28:36.190 P 16825 183 161 1334 1334 0 0 -240 16636
17:28:36.190 P 16827 190 176 1348 1348 0 0 -232 16664
17:28:36.190 P 16829 198 189 1362 1362 0 0 -296 16762
17:28:36.190 P 16830 203 197 1370 1370 0 0 -318 16662
17:28:36.190 P 16832 212 213 1406 1406 0 1 -376 16666
17:28:36.190 P 16834 223 226 1416 1416 0 0 -312 16734
17:28:36.190 P 16836 234 241 1432 1432 0 0 -442 16638
17:28:36.190 P 16838 247 257 1458 1458 1 0 -446 16594
17:28:36.190 P 16840 260 275 1484 1484 1 0 -464 16744
17:28:36.190 P 16842 274 292 1510 1510 0 0 -666 16714
17:28:36.190 P 16844 288 274 1517 1517 1 0 -394 16766
17:28:36.190 P 16846 303 315 1552 1552 0 0 -522 16710
17:28:36.190 P 16848 320 332 1569 1569 0 0 -506 16702
17:28:36.190 P 16850 338 349 1597 1597 0 0 -692 16676
17:28:36.190 P 16852 358 371 1641 1641 1 1 -1952 16560
17:28:36.190 P 16854 374 249 1605 1605 0 1 -856 16764
17:28:36.190 P 16856 386 224 1621 1621 1 1 -1100 16680
17:28:36.190 P 16858 395 205 1639 1639 0 1 -1340 16678
17:28:36.190 P 16860 405 186 1664 1664 1 2 -2624 16538
17:28:36.190 P 16862 405 14 1602 1602 2 2 -128 16998
17:28:36.190 P 16863 405 34 1622 1622 1 2 -1206 16700
17:28:36.190 P 16865 402 -2 1630 1630 2 2 -696 16538
17:28:36.190 P 16868 397 -54 1626 1626 2 2 -350 16758
17:28:36.190 P 16870 393 -37 1634 1634 1 2 -2182 16338
17:28:36.190 P 16872 384 -81 1627 1627 1 3 -314 16788
17:28:36.190 P 16874 377 -118 1625 1625 1 3 -1106 16812
17:28:36.190 P 16876 366 -128 1621 1621 3 2 -1644 16420
17:28:36.190 P 16878 353 -188 1596 1596 3 2 0 16660
17:28:36.190 P 16880 341 -153 1624 1624 3 3 -1496 16616
17:28:36.190 P 16882 326 -205 1593 1593 3 3 48 16728
17:28:36.190 P 16884 313 -163 1608 1608 3 2 -1462 16808
17:28:36.190 P 16886 298 -230 1574 1574 3 3 -144 16580
17:28:36.190 P 16888 284 -172 1592 1592 3 3 -1642 16524
17:28:36.190 P 16890 268 -197 1565 1565 2 2 216 16654
17:28:36.190 P 16892 256 -187 1567 1567 1 3 -916 16666
17:28:36.190 P 16894 241 -203 1544 1544 1 3 -994 16544
17:28:36.190 P 16896 227 -201 1530 1530 1 2 -1170 16678
17:28:36.190 P 16898 211 -206 1522 1522 1 3 -498 16598
17:28:36.190 P 16900 197 -195 1513 1513 1 3 -332 16624
17:28:36.190 P 16902 185 -155 1521 1521 1 3 -948 16552
17:28:36.190 P 16904 172 -165 1503 1503 1 2 -226 16712
17:28:36.190 P 16906 161 -144 1507 1507 2 3 -756 16746
17:28:36.190 P 16909 146 -117 1484 1484 1 1 -722 16656
17:28:36.190 P 16911 137 -113 1486 1486 2 2 -434 16524
17:28:36.190 P 16913 128 -90 1487 1487 1 3 -82 16790
17:28:36.190 P 16914 125 -70 1483 1483 1 2 -798 16674
17:28:36.190 P 16916 117 -82 1473 1473 2 2 68 16766
17:28:36.190 P 16918 112 -38 1481 1481 1 1 -496 16482
17:28:36.190 P 16920 108 -23 1481 1481 2 1 -764 16492
17:28:36.190 P 16922 103 -42 1464 1464 1 2 54 17016
17:28:36.190 P 16924 101 9 1486 1486 1 2 -1084 16642
17:28:36.190 P 16927 95 16 1481 1481 1 3 -334 16686
17:28:36.190 P 16928 96 42 1481 1481 1 1 -1242 16750
17:28:36.190 P 16930 93 0 1463 1463 1 2 412 16786
17:28:36.190 P 16932 94 38 1490 1490 2 2 -1050 16698
17:28:36.190 P 16934 93 36 1473 1473 1 1 -60 16614
17:28:36.190 P 16936 94 24 1468 1468 1 2 -1082 16718
17:28:38.012 P 16938 92 17 1454 1454 1 2 -142 16596
17:28:38.012 P 16940 93 48 1462 1462 0 1 -428 16656
17:28:38.012 P 16942 93 46 1458 1458 1 1 -270 16706
17:28:38.012 P 16944 95 62 1465 1465 1 1 -854 16662
17:28:38.012 P 16946 96 56 1462 1462 0 2 -288 16666
17:28:38.012 P 16948 98 71 1473 1473 1 2 -258 16740
17:28:38.012 P 16950 102 75 1469 1469 1 1 -884 16660
17:28:38.012 P 16952 103 89 1472 1472 1 1 -234 16758
17:28:38.012 P 16954 106 60 1469 1469 2 2 -454 16734
17:28:38.012 P 16956 109 79 1466 1466 1 1 -632 16754
17:28:38.012 P 16958 112 97 1476 1476 1 1 -156 16844
17:28:38.012 P 16960 117 111 1490 1490 2 1 -1124 16638
17:28:38.012 P 16961 119 80 1465 1465 0 1 -714 16736
17:28:38.012 P 16963 121 89 1465 1465 0 1 -422 16684
17:28:38.012 P 16965 123 76 1465 1465 0 1 -454 16626
17:28:38.012 P 16967 127 97 1475 1475 1 1 -792 16558
17:28:38.012 P 16969 130 82 1475 1475 1 1 -96 16644
17:28:38.012 P 16971 134 111 1472 1472 0 1 -840 16666
17:28:38.012 P 16973 139 118 1481 1481 0 1 -380 16778
17:28:38.012 P 16974 142 126 1493 1493 1 1 -816 16492
17:28:38.012 P 16976 146 93 1472 1472 0 0 -630 16754
17:28:38.012 P 16978 149 79 1471 1471 0 1 -284 16764
17:28:38.012 P 16980 152 103 1480 1480 1 0 -602 16618
17:28:38.012 P 16982 158 124 1500 1500 1 1 -724 16512
17:28:38.012 P 16984 163 130 1503 1503 1 0 -570 16614
17:28:38.012 P 16986 169 122 1501 1501 0 1 -624 16684
17:28:38.012 P 16988 175 121 1505 1505 1 1 -906 16518
17:28:38.012 P 16990 178 106 1499 1499 0 1 -302 16762
17:28:38.012 P 16992 183 99 1500 1500 1 1 -826 16750
17:28:38.012 P 16994 186 76 1501 1501 1 1 -986 16596
17:28:38.012 P 16996 187 45 1482 1482 0 0 -284 16770
17:28:38.012 P 16998 188 75 1494 1494 0 0 -308 16572
17:28:38.012 P 17000 191 102 1520 1520 1 1 -842 16636
17:28:38.012 P 17002 195 95 1509 1509 0 1 -394 16798
17:28:38.012 P 17004 199 85 1518 1518 1 1 -940 16556
17:28:38.012 P 17006 201 74 1513 1513 1 1 -624 16670
17:28:38.012 P 17008 202 49 1501 1501 0 1 -566 16640
17:28:38.012 P 17010 203 51 1512 1512 1 1 -916 16606
17:28:38.012 P 17012 202 16 1490 1490 0 1 -300 16754
17:28:38.012 P 17014 202 40 1508 1508 0 1 -1094 16708
17:28:38.012 P 17016 202 40 1505 1505 0 1 -662 16640
17:28:38.012 P 17018 203 23 1504 1504 1 1 -596 16696
17:28:38.012 P 17020 203 48 1510 1510 0 0 -992 16744
17:28:38.012 P 17021 203 39 1504 1504 0 1 -580 16710
17:28:38.012 P 17023 203 42 1514 1514 0 2 -1092 16552
17:28:38.012 P 17025 202 6 1492 1492 1 0 -654 16600
17:28:38.012 P 17027 200 -7 1481 1481 0 1 -884 16570
17:28:38.012 P 17029 197 -3 1496 1496 1 1 -538 16730
17:28:38.012 P 17031 196 15 1489 1489 0 1 -686 16702
17:28:38.012 P 17033 195 44 1493 1493 0 1 -696 16738
17:28:38.012 P 17035 196 34 1497 1497 0 1 -538 16804
17:28:38.012 P 17037 197 41 1492 1492 0 1 -1048 16660
17:28:38.012 P 17039 195 37 1490 1490 0 1 -144 16656
17:28:38.012 P 17041 197 67 1500 1500 0 1 -722 16756
17:28:38.012 P 17042 198 70 1494 1494 0 0 -534 16654
17:28:38.012 P 17044 201 75 1495 1495 0 0 -1074 16676
17:28:38.012 P 17046 202 58 1495 1495 0 1 -552 16596
17:28:38.012 P 17048 204 47 1486 1486 0 0 -738 16584
17:28:38.012 P 17050 205 54 1488 1488 0 0 -1108 16492
17:28:38.012 P 17052 204 21 1479 1479 0 1 -170 16740
17:28:38.012 P 17054 205 50 1490 1490 0 0 -986 16618
17:28:38.012 P 17055 205 36 1477 1477 0 0 -618 16736
17:28:38.012 P 17057 205 45 1480 1480 0 0 -1096 16612
17:28:38.012 P 17059 204 3 1469 1469 0 1 -532 16698
17:28:38.012 P 17061 203 18 1470 1470 0 0 -642 16672
17:28:38.012 P 17063 201 33 1476 1476 0 1 -222 16694
17:28:38.012 P 17065 202 64 1481 1481 0 0 -618 16718
17:28:38.012 P 17067 204 71 1479 1479 0 0 -514 16744
17:28:38.012 P 17068 205 78 1490 1490 0 1 -674 16620
17:28:38.012 P 17070 207 72 1483 1483 0 0 -616 16690
17:28:38.012 P 17072 210 74 1491 1491 0 1 -736 16694
17:28:38.012 P 17074 212 71 1485 1485 0 0 -638 16606
17:28:38.012 P 17076 214 72 1483 1483 0 0 -614 16716
17:28:38.012 P 17077 215 70 1481 1481 0 0 -628 16694
17:28:38.012 P 17079 217 70 1481 1481 0 0 -710 16690
17:28:38.012 P 17081 219 68 1480 1480 0 0 -680 16606
17:28:38.012 P 17083 221 67 1480 1480 0 0 -644 16730
17:28:38.012 P 17085 223 69 1482 1482 0 0 -766 16724
17:28:38.012 P 17087 224 67 1491 1491 0 1 -628 16608
17:28:38.012 P 17088 225 68 1491 1491 0 0 -642 16734
17:28:38.012 P 17090 227 66 1488 1488 0 0 -642 16768
17:28:38.012 P 17092 229 66 1488 1488 0 0 -638 16628
17:28:38.012 P 17094 230 67 1489 1489 0 0 -692 16698
17:28:38.012 P 17096 232 65 1489 1489 0 0 -678 16822
17:28:38.012 P 17098 234 65 1489 1489 0 0 -738 16676
17:28:38.012 P 17099 234 64 1490 1490 0 0 -698 16674
17:28:38.012 P 17101 236 61 1489 1489 0 0 -630 16658
17:28:38.012 P 17103 237 62 1490 1490 0 0 -738 16708
17:28:38.012 P 17105 238 63 1492 1492 0 0 -660 16596
17:28:38.012 P 17107 240 63 1494 1494 0 0 -692 16720
17:28:38.012 P 17108 241 61 1493 1493 0 0 -714 16646
17:28:38.012 P 17110 242 63 1496 1496 0 0 -706 16790
17:28:38.012 P 17112 243 62 1496 1496 0 0 -712 16628
17:28:38.012 P 17114 245 62 1498 1498 0 0 -784 16708
17:28:38.012 P 17116 246 63 1500 1500 0 0 -718 16660
17:28:38.012 P 17117 247 65 1501 1501 0 0 -742 16708
17:28:38.012 P 17119 249 67 1504 1504 0 0 -738 16652
17:28:38.012 P 17121 250 65 1504 1504 0 0 -686 16612
17:28:38.012 P 17123 252 66 1506 1506 0 0 -702 16650
17:28:38.012 P 17125 253 68 1509 1509 0 0 -732 16732
17:28:38.012 P 17127 255 68 1511 1511 0 0 -780 16644
17:28:38.012 P 17128 256 67 1511 1511 0 0 -754 16740
17:28:38.012 P 17130 258 68 1513 1513 0 0 -732 16640
17:28:38.012 P 17132 260 69 1515 1515 0 0 -734 16684
17:28:38.012 P 17134 261 64 1514 1514 0 0 -748 16694
17:28:38.012 P 17136 263 66 1517 1517 0 0 -744 16644
17:28:38.012 P 17138 264 65 1518 1518 0 0 -752 16638
17:28:38.012 P 17140 266 62 1518 1518 0 0 -714 16564
17:28:38.012 P 17141 266 62 1528 1528 0 1 -766 16622
17:28:38.012 P 17143 268 63 1527 1527 0 0 -768 16684
17:28:38.012 P 17145 269 62 1526 1526 0 0 -928 16602
17:28:38.012 P 17147 270 52 1530 1530 0 1 -774 16652
17:28:38.012 P 17149 271 50 1536 1536 0 1 -748 16682
17:28:38.012 P 17151 271 52 1532 1532 0 0 -738 16602
17:28:38.012 P 17153 272 45 1536 1536 0 1 -764 16700
17:28:38.012 P 17154 272 45 1533 1533 0 0 -654 16706
17:28:38.012 P 17156 272 55 1533 1533 0 0 -724 16664
17:28:38.012 P 17158 273 63 1543 1543 0 0 -658 16796
17:28:38.012 P 17160 275 71 1544 1544 0 0 -736 16550
17:28:38.012 P 17161 276 72 1543 1543 0 0 -714 16652
17:28:38.012 P 17163 278 77 1553 1553 0 0 -772 16740
17:28:38.012 P 17165 280 72 1557 1557 0 0 -992 16620
17:28:38.012 P 17167 281 50 1560 1560 0 1 -846 16688
17:28:38.012 P 17168 282 41 1551 1551 0 0 -980 16636
17:28:38.012 P 17170 281 10 1537 1537 0 0 -1072 16638
17:28:38.012 P 17172 277 -26 1527 1527 0 1 -612 16700
17:28:38.012 P 17174 274 -11 1547 1547 1 1 -854 16648
17:28:38.012 P 17175 272 -14 1536 1536 0 0 -764 16692
17:28:38.012 P 17177 269 -11 1540 1540 1 0 -984 16602
17:28:38.012 P 17179 263 -67 1520 1520 1 1 -674 16630
17:28:38.012 P 17181 257 -75 1511 1511 1 0 -1130 16702
17:28:38.012 P 17182 253 -92 1509 1509 1 1 -692 16554
17:28:38.012 P 17184 245 -77 1498 1498 0 1 -578 16654
17:28:38.012 P 17186 238 -53 1511 1511 0 1 -430 16652
17:28:38.012 P 17188 234 -28 1518 1518 0 1 -812 16596
17:28:38.012 P 17190 229 -42 1506 1506 1 0 -598 16772
17:28:38.012 P 17192 224 -65 1499 1499 1 1 -990 16670
17:28:38.012 P 17193 220 -84 1485 1485 0 1 -492 16690
17:28:38.012 P 17195 214 -80 1478 1478 0 1 -948 16590
17:28:38.012 P 17197 206 -69 1485 1485 1 1 -184 16758
17:28:38.012 P 17199 201 -34 1484 1484 0 1 -652 16600
17:28:38.012 P 17201 198 -5 1495 1495 0 1 -630 16686
17:28:38.012 P 17203 196 -3 1476 1476 0 0 -610 16688
17:28:38.012 P 17204 195 -2 1469 1469 0 0 -642 16714
17:28:38.012 P 17206 192 -10 1469 1469 0 0 -720 16686
17:28:38.012 P 17208 189 -7 1464 1464 0 0 -702 16682
17:28:38.012 P 17210 186 -30 1455 1455 0 0 -574 16744
17:28:38.012 P 17212 182 -44 1448 1448 0 0 -714 16716
17:28:38.012 P 17214 177 -47 1438 1438 0 1 -768 16650
17:28:38.012 P 17216 171 -57 1424 1424 0 0 -154 16642
17:28:38.012 P 17217 168 -30 1438 1438 0 1 -376 16622
17:28:38.012 P 17219 166 -7 1445 1445 0 1 -278 16624
17:28:38.012 P 17221 165 42 1455 1455 0 0 -652 16642
17:28:38.012 P 17223 164 28 1440 1440 0 0 -346 16724
17:28:38.012 P 17225 165 37 1439 1439 0 0 -616 16630
17:28:38.012 P 17227 165 42 1437 1437 0 0 -682 16698
17:28:38.012 P 17228 165 36 1434 1434 0 0 -774 16684
17:28:38.012 P 17230 164 29 1427 1427 0 0 -554 16630
17:28:38.012 P 17232 164 17 1419 1419 0 0 -526 16678
17:28:38.012 P 17234 162 18 1418 1418 0 0 -642 16628
17:28:38.012 P 17235 162 11 1412 1412 0 0 -560 16674
17:28:38.012 P 17237 160 7 1408 1408 0 0 -622 16644
17:28:38.012 P 17239 158 -1 1402 1402 0 0 -520 16628
17:28:38.012 P 17241 156 -4 1398 1398 0 0 -610 16700
17:28:38.012 P 17242 154 -10 1393 1393 0 0 -524 16690
17:28:38.012 P 17244 151 -13 1389 1389 0 0 -576 16748
17:28:38.012 P 17246 148 -22 1381 1381 0 0 -518 16654
17:28:38.012 P 17248 144 -26 1376 1376 0 0 -498 16696
17:28:38.012 P 17249 142 -30 1372 1372 0 0 -524 16600
17:28:38.012 P 17251 138 -33 1367 1367 0 0 -534 16760
17:28:38.012 P 17253 134 -41 1359 1359 0 0 -512 16684
17:28:38.012 P 17255 129 -46 1352 1352 0 0 -516 16668
17:28:38.012 P 17256 126 -50 1347 1347 0 0 -486 16516
17:28:38.012 P 17258 121 -56 1339 1339 0 0 -492 16678
17:28:38.012 P 17260 115 -62 1331 1331 0 0 -414 16716
17:28:38.012 P 17262 109 -68 1322 1322 0 0 -410 16640
17:28:38.012 P 17263 106 -70 1318 1318 0 0 -464 16748
17:28:38.012 P 17265 99 -78 1307 1307 0 0 -402 16674
17:28:38.012 P 17267 92 -85 -1303 -1303 0 0 -438 16704
17:28:38.012 P 17269 84 -92 -1313 -1313 0 0 -448 16656
17:28:38.012 P 17271 76 -99 -1324 -1324 0 0 -458 16646
17:28:38.012 P 17272 72 -105 -1331 -1331 0 0 -352 16728
17:28:38.012 P 17274 63 -112 -1362 -1362 0 -1 -324 16696
17:28:38.012 P 17276 54 -124 -1370 -1370 0 0 -322 16630
17:28:38.012 P 17278 44 -129 -1387 -1387 0 0 -324 16710
17:28:38.012 P 17280 34 -141 -1397 -1397 0 0 -276 16688
17:28:38.012 P 17281 28 -147 -1414 -1414 0 -1 -280 16632
17:28:38.012 P 17283 17 -155 -1422 -1422 0 0 -220 16684
17:28:38.012 P 17285 5 -166 -1435 -1435 0 0 -228 16662
17:28:38.012 P 17287 -7 -177 -1458 -1458 0 0 -178 16716
17:28:38.012 P 17288 -13 -183 -1465 -1465 0 0 -196 16726
17:28:38.012 P 17290 -27 -196 -1489 -1489 0 0 -164 16678
17:28:38.012 P 17292 -41 -178 -1489 -1489 0 0 -6 16572
17:28:38.012 P 17294 -54 -225 -1531 -1531 0 -1 -10 16738
17:28:38.012 P 17296 -70 -220 -1547 -1547 -1 0 -392 16726
17:28:38.012 P 17297 -78 -245 -1564 -1564 0 0 -56 16664
17:28:38.012 P 17299 -95 -254 -1589 -1589 0 0 -140 16660
17:28:39.793 P 17301 -114 -271 -1617 -1617 -1 0 312 16686
17:28:39.793 P 17303 -132 -271 -1646 -1646 -1 0 220 16744
17:28:39.793 P 17304 -142 -258 -1644 -1644 0 0 882 16870
17:28:39.793 P 17306 -154 -114 -1623 -1623 -1 -1 806 16770
17:28:39.793 P 17308 -158 12 -1594 -1594 -2 -1 1096 16748
17:28:39.793 P 17310 -157 74 -1583 -1583 -1 -2 44 16736
17:28:39.793 P 17312 -155 36 -1612 -1612 -1 -1 252 16644
17:28:39.793 P 17314 -155 56 -1623 -1623 -2 -1 344 16726
17:28:39.793 P 17316 -153 107 -1622 -1622 -3 -2 1262 16912
17:28:39.793 P 17318 -144 180 -1585 -1585 -1 -2 -120 16746
17:28:39.793 P 17320 -136 192 -1586 -1586 -1 -2 566 16612
17:28:39.793 P 17322 -126 176 -1593 -1593 -1 -1 604 16738
17:28:39.793 P 17323 -121 198 -1588 -1588 -2 -2 786 16786
17:28:39.793 P 17325 -110 216 -1585 -1585 -2 -2 -228 16776
17:28:39.793 P 17327 -100 206 -1593 -1593 -2 -2 556 16702
17:28:39.793 P 17329 -87 261 -1573 -1573 -3 -2 -192 16562
17:28:39.793 P 17331 -75 222 -1587 -1587 -3 -2 528 16736
17:28:39.793 P 17333 -63 232 -1575 -1575 -3 -2 -8 16800
17:28:39.793 P 17335 -51 276 -1547 -1547 -3 -2 134 16510
17:28:39.793 P 17337 -38 219 -1574 -1574 -2 -3 444 16716
17:28:39.793 P 17339 -25 274 -1536 -1536 -2 -3 -234 16766
17:28:39.793 P 17341 -12 234 -1542 -1542 -1 -3 298 16578
17:28:39.793 P 17343 0 237 -1540 -1540 -2 -3 44 16682
17:28:39.793 P 17345 11 237 -1528 -1528 -2 -3 -264 16734
17:28:39.793 P 17346 16 220 -1521 -1521 -2 -1 348 16904
17:28:39.793 P 17348 27 207 -1517 -1517 -2 -1 -262 16558
17:28:39.793 P 17350 36 207 -1511 -1511 -2 -1 868 16526
17:28:39.793 P 17352 49 214 -1496 -1496 -2 -1 -958 16756
17:28:39.793 P 17354 56 184 -1509 -1509 -3 -2 122 16636
17:28:39.793 P 17356 65 181 -1496 -1496 -2 -2 -128 16688
17:28:39.793 P 17358 73 175 -1477 -1477 -1 -1 -248 16614
17:28:39.793 P 17360 80 150 -1492 -1492 -2 -2 226 16794
17:28:39.793 P 17362 87 161 -1478 -1478 -1 -2 -254 16516
17:28:39.793 P 17364 94 140 -1474 -1474 -2 -2 -100 16624
17:28:39.793 P 17366 100 135 -1473 -1473 -2 -2 -522 16788
17:28:39.793 P 17368 104 122 -1458 -1458 -1 -1 -86 16664
17:28:39.793 P 17369 107 128 -1463 -1463 -2 -2 -428 16590
17:28:39.793 P 17371 110 81 -1469 -1469 -2 -1 -158 16714
17:28:39.793 P 17373 112 75 -1461 -1461 -1 -1 -236 16628
17:28:39.793 P 17375 114 83 -1458 -1458 -1 -1 -84 16740
17:28:39.793 P 17377 116 74 -1463 -1463 -1 -2 -536 16710
17:28:39.793 P 17379 117 66 -1451 -1451 -1 -1 192 16766
17:28:39.793 P 17381 119 57 -1462 -1462 -2 -2 -500 16740
17:28:39.793 P 17383 119 30 -1464 -1464 -1 -1 -178 16634
17:28:39.793 P 17385 119 33 -1461 -1461 -1 -1 -430 16614
17:28:39.793 P 17387 116 12 -1458 -1458 -1 -1 266 16732
17:28:39.793 P 17389 115 16 -1462 -1462 -1 -1 -676 16662
17:28:39.793 P 17390 114 -3 -1460 -1460 0 -1 -342 16660
17:28:39.793 P 17392 111 4 -1470 -1470 -2 -1 -152 16676
17:28:39.793 P 17394 107 -14 -1471 -1471 -1 -1 -80 16738
17:28:39.793 P 17396 104 -3 -1460 -1460 -1 -1 -174 16714
17:28:39.793 P 17398 101 -13 -1470 -1470 -1 0 -316 16646
17:28:39.793 P 17400 97 -23 -1472 -1472 0 -1 -16 16660
17:28:39.793 P 17402 93 -24 -1481 -1481 0 -2 -102 16738
17:28:39.793 P 17404 89 -9 -1474 -1474 -1 -1 -122 16668
17:28:39.793 P 17405 88 -7 -1457 -1457 0 0 -468 16622
17:28:39.793 P 17407 84 -20 -1476 -1476 0 -1 -130 16738
17:28:39.793 P 17409 80 -41 -1489 -1489 -1 0 -106 16732
17:28:39.793 P 17411 74 -60 -1494 -1494 -1 0 -238 16582
17:28:39.793 P 17413 67 -56 -1492 -1492 0 0 308 16712
17:28:39.793 P 17415 62 -34 -1490 -1490 0 -1 -70 16698
17:28:39.793 P 17417 58 -30 -1497 -1497 -1 -1 -250 16644
17:28:39.793 P 17419 53 -45 -1503 -1503 0 -1 30 16600
17:28:39.793 P 17421 48 -32 -1498 -1498 0 -1 -266 16810
17:28:39.793 P 17422 45 -36 -1510 -1510 -1 -1 -134 16654
17:28:39.793 P 17424 40 -32 -1518 -1518 -1 -1 -14 16618
17:28:39.793 P 17426 35 -35 -1520 -1520 -1 -1 398 16804
17:28:39.793 P 17428 33 34 -1492 -1492 0 -1 110 16662
17:28:39.793 P 17430 34 46 -1489 -1489 0 -1 -278 16650
17:28:39.793 P 17432 32 -6 -1509 -1509 0 -1 -90 16654
17:28:39.793 P 17434 28 -9 -1520 -1520 -1 -1 136 16724
17:28:39.793 P 17436 26 13 -1505 -1505 0 0 242 16764
17:28:39.793 P 17437 25 26 -1507 -1507 -1 -1 66 16762
17:28:39.793 P 17439 25 48 -1492 -1492 0 -1 110 16666
17:28:39.793 P 17441 26 33 -1511 -1511 0 -1 -196 16660
17:28:39.793 P 17443 25 21 -1510 -1510 0 -1 -118 16606
17:28:39.793 P 17445 22 3 -1507 -1507 0 0 142 16628
17:28:39.793 P 17447 20 18 -1518 -1518 0 -1 150 16660
17:28:39.793 P 17449 20 42 -1501 -1501 0 0 234 16730
17:28:39.793 P 17450 20 57 -1502 -1502 -1 -1 412 16740
17:28:39.793 P 17452 22 89 -1489 -1489 -1 -1 -250 16694
17:28:39.793 P 17454 24 56 -1507 -1507 -1 -1 -82 16684
17:28:39.793 P 17456 25 54 -1499 -1499 0 -1 86 16646
17:28:39.793 P 17458 26 74 -1495 -1495 -1 -1 48 16742
17:28:39.793 P 17460 28 89 -1487 -1487 0 -1 258 16700
17:28:39.793 P 17462 32 104 -1468 -1468 0 0 -94 16748
17:28:39.793 P 17463 34 97 -1478 -1478 -1 -1 -28 16732
17:28:39.793 P 17465 37 90 -1480 -1480 0 -1 -282 16680
17:28:39.793 P 17467 39 65 -1483 -1483 0 0 126 16692
17:28:39.793 P 17469 41 86 -1486 -1486 -1 -1 -48 16674
17:28:39.793 P 17471 43 100 -1476 -1476 0 -1 288 16632
17:28:39.793 P 17473 48 100 -1464 -1464 0 -1 -442 16704
17:28:39.793 P 17475 50 52 -1473 -1473 0 -1 -262 16598
17:28:39.793 P 17476 49 25 -1495 -1495 -1 -1 -324 16690
17:28:39.793 P 17478 47 8 -1493 -1493 0 -1 142 16660
17:28:39.793 P 17480 45 10 -1485 -1485 0 -1 146 16764
17:28:39.793 P 17482 43 28 -1481 -1481 0 -1 -190 16758
17:28:39.793 P 17484 42 15 -1483 -1483 0 -1 -48 16676
17:28:39.793 P 17486 40 1 -1496 -1496 -1 -1 -96 16670
17:28:39.793 P 17487 39 1 -1488 -1488 0 0 188 16694
17:28:39.793 P 17489 37 2 -1496 -1496 0 -1 -128 16708
17:28:39.793 P 17491 34 13 -1498 -1498 -1 -1 16 16676
17:28:39.793 P 17493 33 24 -1488 -1488 0 -1 292 16798
17:28:39.793 P 17495 33 58 -1468 -1468 0 -1 138 16698
17:28:39.793 P 17497 35 58 -1471 -1471 0 -1 -382 16572
17:28:39.793 P 17499 34 27 -1472 -1472 0 0 -172 16660
17:28:39.793 P 17500 34 18 -1471 -1471 0 0 -224 16682
17:28:39.793 P 17502 32 -1 -1491 -1491 0 0 22 16672
17:28:39.793 P 17504 29 2 -1489 -1489 0 0 -8 16682
17:28:39.793 P 17506 27 13 -1485 -1485 0 0 188 16688
17:28:39.793 P 17508 26 24 -1480 -1480 0 0 -168 16608
17:28:39.793 P 17509 25 21 -1477 -1477 0 0 34 16748
17:28:39.793 P 17511 24 25 -1478 -1478 0 -1 -288 16690
17:28:39.793 P 17513 22 -4 -1486 -1486 0 0 -2 16730
17:28:39.793 P 17515 19 -10 -1494 -1494 0 0 -306 16748
17:28:39.793 P 17517 15 -30 -1501 -1501 0 0 -24 16740
17:28:39.793 P 17519 11 -36 -1503 -1503 0 0 -74 16740
17:28:39.793 P 17521 7 -37 -1505 -1505 0 0 -80 16690
17:28:39.793 P 17522 4 -42 -1507 -1507 0 0 -66 16762
17:28:39.793 P 17524 0 -39 -1509 -1509 0 0 44 16650
17:28:39.793 P 17526 -5 -37 -1511 -1511 0 0 48 16660
17:28:39.793 P 17528 -9 -25 -1509 -1509 0 0 38 16620
17:28:39.793 P 17530 -13 -26 -1522 -1522 -1 0 60 16682
17:28:39.793 P 17532 -17 -27 -1523 -1523 0 0 94 16726
17:28:39.793 P 17534 -21 -19 -1521 -1521 0 0 -2 16762
17:28:39.793 P 17535 -22 -20 -1522 -1522 0 0 70 16732
17:28:39.793 P 17537 -26 -19 -1533 -1533 -1 0 10 16648
17:28:39.793 P 17539 -30 -18 -1543 -1543 -1 0 94 16686
17:28:39.793 P 17541 -33 -14 -1538 -1538 0 0 118 16806
17:28:39.793 P 17543 -35 6 -1546 -1546 -1 0 140 16750
17:28:39.793 P 17545 -37 15 -1535 -1535 0 0 152 16630
17:28:39.793 P 17547 -38 14 -1539 -1539 0 0 74 16708
17:28:39.793 P 17549 -40 21 -1541 -1541 -1 0 148 16738
17:28:39.793 P 17551 -40 31 -1538 -1538 0 0 54 16762
17:28:39.793 P 17553 -40 43 -1541 -1541 0 0 184 16688
17:28:39.793 P 17555 -39 72 -1525 -1525 0 0 310 16704
17:28:39.793 P 17557 -36 107 -1513 -1513 0 0 24 16674
17:28:39.793 P 17559 -32 93 -1521 -1521 0 0 282 16668
17:28:39.793 P 17561 -29 91 -1533 -1533 0 -1 198 16794
17:28:39.793 P 17563 -25 134 -1519 -1519 0 -1 446 16624
17:28:39.793 P 17565 -18 173 -1492 -1492 0 -1 64 16638
17:28:39.793 P 17567 -9 174 -1491 -1491 0 -1 -358 16694
17:28:39.793 P 17569 -2 146 -1504 -1504 0 -1 276 16670
17:28:39.793 P 17571 3 140 -1497 -1497 0 -1 16 16668
17:28:39.793 P 17573 9 141 -1497 -1497 0 -1 8 16790
17:28:39.793 P 17575 15 146 -1495 -1495 -2 0 390 16748
17:28:39.793 P 17577 23 169 -1480 -1480 -1 -1 -480 16658
17:28:39.793 P 17579 30 161 -1470 -1470 0 -1 -64 16632
17:28:39.793 P 17581 37 141 -1469 -1469 0 -1 14 16732
17:28:39.793 P 17583 43 128 -1477 -1477 0 -2 -270 16684
17:28:39.793 P 17585 47 114 -1475 -1475 0 -1 8 16734
17:28:39.793 P 17587 52 101 -1475 -1475 -1 -1 -448 16672
17:28:39.793 P 17589 55 94 -1464 -1464 0 -1 -378 16596
17:28:39.793 P 17591 57 66 -1475 -1475 0 0 90 16706
17:28:39.793 P 17593 60 89 -1454 -1454 0 -1 -252 16654
17:28:39.793 P 17594 61 81 -1469 -1469 -2 0 -36 16732
17:28:39.793 P 17596 64 102 -1446 -1446 0 0 -370 16756
17:28:39.793 P 17598 67 89 -1462 -1462 -1 -1 76 16660
17:28:39.793 P 17600 70 88 -1440 -1440 0 0 -416 16720
17:28:39.793 P 17602 72 71 -1451 -1451 -1 0 -328 16628
17:28:39.793 P 17604 73 43 -1449 -1449 0 0 -80 16642
17:28:39.793 P 17606 73 30 -1454 -1454 0 0 -452 16598
17:28:39.793 P 17608 71 0 -1471 -1471 0 -1 -50 16710
17:28:39.793 P 17610 68 -7 -1467 -1467 0 0 -212 16654
17:28:39.793 P 17612 65 2 -1467 -1467 0 0 -132 16762
17:28:39.793 P 17614 63 2 -1472 -1472 0 -1 10 16752
17:28:39.793 P 17616 61 19 -1458 -1458 0 0 -98 16670
17:28:39.793 P 17617 60 21 -1455 -1455 0 0 -18 16678
17:28:39.793 P 17619 59 43 -1448 -1448 0 0 124 16696
17:28:39.793 P 17621 60 52 -1446 -1446 0 0 -342 16718
17:28:39.793 P 17623 61 34 -1457 -1457 0 0 -408 16690
17:28:39.793 P 17625 60 5 -1464 -1464 0 0 -310 16660
17:28:39.793 P 17627 57 -14 -1471 -1471 0 0 -422 16574
17:28:39.793 P 17629 53 -41 -1485 -1485 0 0 -104 16732
17:28:39.793 P 17631 48 -34 -1483 -1483 0 0 -208 16686
17:28:39.793 P 17632 46 -38 -1486 -1486 0 0 -232 16798
17:28:39.793 P 17634 41 -36 -1489 -1489 0 0 -138 16710
17:28:39.793 P 17636 36 -40 -1495 -1495 0 0 -150 16640
17:28:39.793 P 17638 31 -36 -1496 -1496 0 0 -184 16768
17:28:39.793 P 17640 27 -40 -1503 -1503 0 0 -34 16688
17:28:39.793 P 17642 22 -40 -1506 -1506 0 0 -48 16720
17:28:39.793 P 17643 19 -42 -1508 -1508 0 0 -76 16678
17:28:39.793 P 17645 15 -42 -1513 -1513 0 0 -118 16624
17:28:39.793 P 17647 9 -46 -1520 -1520 0 0 -68 16566
17:28:39.793 P 17649 4 -48 -1526 -1526 0 0 -76 16692
17:28:39.793 P 17651 0 -52 -1533 -1533 0 0 -30 16704
17:28:39.793 P 17652 -3 -52 -1536 -1536 0 0 -8 16660
17:28:39.793 P 17654 -9 -56 -1543 -1543 0 0 -26 16636
17:28:39.793 P 17656 -14 -56 -1549 -1549 0 0 12 16698
17:28:39.793 P 17658 -20 -54 -1553 -1553 0 0 -18 16620
17:28:41.658 P 17660 -25 -45 -1554 -1554 0 0 8 16774
17:28:41.658 P 17661 -27 -39 -1563 -1563 -1 0 10 16656
17:28:41.658 P 17663 -32 -33 -1581 -1581 -1 -1 52 16696
17:28:41.658 P 17665 -36 -26 -1574 -1574 0 0 94 16644
17:28:41.658 P 17667 -40 -7 -1571 -1571 0 0 294 16780
17:28:41.658 P 17669 -41 25 -1570 -1570 -1 0 304 16738
17:28:41.658 P 17671 -40 86 -1559 -1559 -1 -1 322 16766
17:28:41.658 P 17672 -38 114 -1536 -1536 0 0 290 16718
17:28:41.658 P 17674 -33 125 -1540 -1540 0 -1 292 16696
17:28:41.658 P 17676 -29 119 -1551 -1551 -1 -1 356 16810
17:28:41.658 P 17678 -23 159 -1525 -1525 0 -1 400 16820
17:28:41.658 P 17680 -14 177 -1525 -1525 -1 -1 -14 16688
17:28:41.658 P 17682 -6 170 -1524 -1524 -1 0 96 16558
17:28:41.658 P 17683 -2 173 -1515 -1515 0 -1 48 16682
17:28:41.658 P 17685 5 180 -1517 -1517 -1 -1 112 16780
17:28:41.658 P 17687 13 193 -1505 -1505 -1 -1 340 16732
17:28:41.658 P 17689 24 228 -1479 -1479 -1 -1 -22 16652
17:28:41.658 P 17691 36 225 -1478 -1478 -1 -1 -222 16652
17:28:41.658 P 17693 46 208 -1467 -1467 -1 -1 -44 16598
17:28:41.658 P 17695 54 185 -1471 -1471 -1 -1 268 16704
17:28:41.658 P 17697 64 210 -1441 -1441 -1 0 -202 16682
17:28:41.658 P 17698 69 206 -1445 -1445 -1 -1 -194 16704
17:28:41.658 P 17700 79 190 -1445 -1445 -1 0 -436 16670
17:28:41.658 P 17702 87 169 -1440 -1440 -1 0 142 16692
17:28:41.658 P 17704 96 181 -1420 -1420 0 -1 -380 16672
17:28:41.658 P 17706 102 173 -1424 -1424 -1 -1 178 16644
17:28:41.658 P 17708 111 158 -1407 -1407 0 0 -470 16736
17:28:41.658 P 17710 116 124 -1409 -1409 0 0 -536 16634
17:28:41.658 P 17712 119 69 -1424 -1424 0 0 -176 16652
17:28:41.658 P 17713 120 62 -1430 -1430 0 -1 -92 16742
17:28:41.658 P 17715 121 68 -1412 -1412 0 0 -258 16648
17:28:41.658 P 17717 123 84 -1403 -1403 0 -1 -182 16620
17:28:41.658 P 17719 126 88 -1388 -1388 0 0 -80 16700
17:28:41.658 P 17721 129 103 -1371 -1371 0 0 -344 16696
17:28:41.658 P 17722 131 102 -1367 -1367 0 0 -336 16734
17:28:41.658 P 17724 134 107 -1365 -1365 0 0 -262 16668
17:28:41.658 P 17726 138 103 -1358 -1358 0 0 -284 16534
17:28:41.658 P 17727 140 103 -1354 -1354 0 0 -284 16682
17:28:41.658 P 17729 143 100 -1349 -1349 0 0 -410 16732
17:28:41.658 P 17731 146 93 -1348 -1348 0 0 -208 16720
17:28:41.658 P 17733 150 109 -1335 -1335 0 0 -290 16618
17:28:41.658 P 17734 152 110 -1333 -1333 0 0 -268 16590
17:28:41.658 P 17736 156 120 -1323 -1323 0 0 -258 16748
17:28:41.658 P 17738 161 130 -1312 -1312 0 0 -318 16708
17:28:41.658 P 17740 166 141 -1301 -1301 0 0 -286 16598
17:28:41.658 P 17741 169 144 1304 1304 0 0 -340 16632
17:28:41.658 P 17743 176 158 1317 1317 0 0 -282 16642
17:28:41.658 P 17745 183 167 1328 1328 0 0 -264 16628
17:28:41.658 P 17746 187 177 1346 1346 1 0 -376 16706
17:28:41.658 P 17748 195 188 1367 1367 1 0 -326 16632
17:28:41.658 P 17750 204 203 1378 1378 0 0 -330 16658
17:28:41.658 P 17752 214 215 1390 1390 0 0 -442 16726
17:28:41.658 P 17753 219 222 1407 1407 1 0 -314 16738
17:28:41.658 P 17755 230 236 1420 1420 0 0 -390 16708
17:28:41.658 P 17757 242 250 1435 1435 0 0 -430 16658
17:28:41.658 P 17758 249 260 1444 1444 0 0 -412 16712
17:28:41.658 P 17760 262 276 1471 1471 0 0 -448 16654
17:28:41.658 P 17762 276 293 1497 1497 0 0 -460 16672
17:28:41.658 P 17764 292 313 1516 1516 0 0 -452 16656
17:28:41.658 P 17765 300 323 1537 1537 1 0 -464 16656
17:28:41.658 P 17767 317 340 1576 1576 1 1 -558 16648
17:28:41.658 P 17769 335 356 1602 1602 0 1 -570 16704
17:28:41.658 P 17771 354 368 1634 1634 1 0 -830 16608
17:28:41.658 P 17773 371 231 1600 1600 1 1 -1030 16692
17:28:41.658 P 17774 376 198 1590 1590 0 1 -666 16738
17:28:41.658 P 17776 383 150 1591 1591 0 0 -958 16558
17:28:41.658 P 17778 388 95 1603 1603 1 2 -1178 16660
17:28:41.658 P 17780 389 80 1601 1601 0 1 -1020 16792
17:28:41.658 P 17782 391 79 1617 1617 1 1 -836 16640
17:28:41.658 P 17784 392 38 1624 1624 1 1 -788 16660
17:28:41.658 P 17786 391 14 1634 1634 2 2 -1514 16566
17:28:41.658 P 17788 387 -12 1635 1635 2 2 -1066 16642
17:28:41.658 P 17790 382 -69 1613 1613 1 2 -978 16778
17:28:41.658 P 17792 374 -75 1620 1620 2 1 -1500 16636
17:28:41.658 P 17794 365 -111 1615 1615 2 2 -518 16666
17:28:41.658 P 17795 360 -91 1634 1634 2 3 -856 16540
17:28:41.658 P 17797 351 -130 1613 1613 3 2 -570 16710
17:28:41.658 P 17799 342 -125 1628 1628 2 3 -1802 16474
17:28:41.658 P 17801 328 -156 1608 1608 2 3 -316 16556
17:28:41.658 P 17803 316 -180 1600 1600 3 2 -810 16660
17:28:41.658 P 17805 303 -168 1606 1606 3 3 -1110 16684
17:28:41.658 P 17807 289 -172 1589 1589 1 3 -854 16504
17:28:41.658 P 17809 275 -189 1576 1576 2 2 -402 16944
17:28:41.658 P 17811 262 -161 1593 1593 2 3 -862 16818
17:28:41.658 P 17813 249 -168 1583 1583 3 3 -504 16618
17:28:41.658 P 17815 237 -167 1576 1576 2 3 -1066 16598
17:28:41.658 P 17817 224 -160 1582 1582 3 4 -232 16738
17:28:41.658 P 17819 212 -167 1559 1559 2 3 -764 16698
17:28:41.658 P 17821 199 -154 1564 1564 2 3 -622 16574
17:28:41.658 P 17823 187 -155 1545 1545 2 3 -888 16782
17:28:41.658 P 17825 175 -156 1535 1535 2 2 -120 16656
17:28:41.658 P 17827 165 -148 1543 1543 3 3 -586 16548
17:28:41.658 P 17828 158 -154 1524 1524 1 3 90 16614
17:28:41.658 P 17830 149 -128 1531 1531 2 3 -592 16888
17:28:41.658 P 17832 139 -131 1514 1514 2 2 -668 16778
17:28:41.658 P 17834 130 -111 1512 1512 2 2 -854 16374
17:28:41.658 P 17836 120 -105 1514 1514 2 3 -180 16688
17:28:41.658 P 17838 113 -98 1498 1498 1 3 -510 16940
17:28:41.658 P 17840 104 -86 1496 1496 1 2 -266 16692
17:28:41.658 P 17842 98 -84 1493 1493 2 2 -654 16606
17:28:41.658 P 17844 90 -84 1490 1490 3 3 -60 16644
17:28:41.658 P 17845 88 -54 1488 1488 1 2 -686 16858
17:28:41.658 P 17847 81 -100 1455 1455 1 2 236 17006
17:28:41.658 P 17849 77 -23 1498 1498 2 3 -1404 16530
17:28:41.658 P 17851 70 -64 1460 1460 2 2 150 16594
17:28:41.658 P 17853 66 -46 1449 1449 1 2 -732 16702
17:28:41.658 P 17855 61 -34 1456 1456 1 3 -176 16756
17:28:41.658 P 17857 57 -53 1442 1442 2 3 66 16744
17:28:41.658 P 17858 55 -26 1436 1436 1 1 -248 16672
17:28:41.658 P 17860 53 -3 1448 1448 2 1 -550 16780
17:28:41.658 P 17862 51 9 1445 1445 1 2 -556 16634
17:28:41.658 P 17864 49 8 1430 1430 2 1 198 16680
17:28:41.658 P 17866 51 39 1446 1446 1 2 -796 17134
17:28:41.658 P 17868 49 24 1432 1432 2 2 -176 16758
17:28:41.658 P 17870 50 40 1423 1423 0 1 -666 16504
17:28:41.658 P 17872 49 31 1416 1416 1 1 118 16700
17:28:41.658 P 17874 51 70 1435 1435 1 1 -454 16590
17:28:41.658 P 17876 52 46 1418 1418 1 2 -342 16794
17:28:41.658 P 17878 53 68 1424 1424 1 1 -126 16620
17:28:41.658 P 17880 57 101 1439 1439 1 1 -350 16560
17:28:41.658 P 17881 59 105 1432 1432 0 1 -382 16722
17:28:41.658 P 17883 63 105 1435 1435 0 1 -74 16666
17:28:41.658 P 17885 69 144 1459 1459 0 1 -414 16526
17:28:41.658 P 17887 74 107 1438 1438 0 1 -194 16820
17:28:41.658 P 17889 79 125 1448 1448 1 1 -700 16726
17:28:41.658 P 17890 82 117 1441 1441 0 1 -662 16792
17:28:41.658 P 17892 88 160 1466 1466 1 1 -176 16658
17:28:41.658 P 17894 97 171 1479 1479 0 1 -878 16706
17:28:41.658 P 17896 104 161 1473 1473 0 1 -56 16712
17:28:41.658 P 17898 113 189 1499 1499 1 2 -386 16640
17:28:41.658 P 17900 122 186 1492 1492 0 1 -530 16632
17:28:41.658 P 17901 127 179 1491 1491 0 1 -620 16638
17:28:41.658 P 17903 134 151 1492 1492 0 2 -446 16768
17:28:41.658 P 17905 141 130 1486 1486 1 1 -638 16632
17:28:41.658 P 17907 146 127 1484 1484 0 0 -436 16694
17:28:41.658 P 17909 152 143 1507 1507 1 1 -498 16686
17:28:41.658 P 17911 159 144 1500 1500 0 0 -806 16592
17:28:41.658 P 17913 166 125 1507 1507 1 1 -912 16730
17:28:41.658 P 17915 169 98 1495 1495 0 1 -12 16772
17:28:41.658 P 17917 174 121 1519 1519 1 1 -802 16572
17:28:41.658 P 17918 176 105 1512 1512 0 1 -600 16700
17:28:41.658 P 17920 181 104 1522 1522 1 1 -828 16554
17:28:41.658 P 17922 184 78 1510 1510 1 1 -786 16624
17:28:41.658 P 17924 185 46 1501 1501 1 1 -402 16722
17:28:41.658 P 17926 185 47 1495 1495 0 0 -482 16686
17:28:41.658 P 17928 186 51 1503 1503 0 1 -628 16644
17:28:41.658 P 17930 187 57 1512 1512 1 1 -530 16692
17:28:41.658 P 17932 189 68 1514 1514 1 0 -884 16612
17:28:41.658 P 17934 190 63 1516 1516 0 1 -134 16742
17:28:41.658 P 17936 193 72 1529 1529 1 1 -838 16582
17:28:41.658 P 17938 194 54 1526 1526 1 2 -1024 16748
17:28:41.658 P 17940 193 17 1501 1501 1 0 -494 16752
17:28:41.658 P 17942 193 11 1500 1500 0 1 -864 16624
17:28:41.658 P 17944 191 19 1503 1503 0 0 -390 16640
17:28:41.658 P 17946 190 21 1509 1509 1 1 -666 16768
17:28:41.658 P 17948 189 14 1498 1498 0 1 -942 16732
17:28:41.658 P 17950 187 16 1508 1508 0 1 -128 16750
17:28:41.658 P 17952 188 34 1519 1519 1 1 -1364 16728
17:28:41.658 P 17954 185 -11 1489 1489 1 1 -326 16644
17:28:41.658 P 17955 184 -6 1486 1486 0 1 -846 16610
17:28:41.658 P 17957 180 -20 1488 1488 0 1 -600 16636
17:28:41.658 P 17959 178 -2 1487 1487 1 1 -528 16652
17:28:41.658 P 17961 176 13 1497 1497 1 1 -530 16650
17:28:41.658 P 17963 175 19 1494 1494 1 1 -946 16738
17:28:41.658 P 17965 173 -8 1474 1474 0 1 -692 16720
17:28:41.658 P 17967 169 -38 1461 1461 0 1 -474 16686
17:28:41.658 P 17969 165 -15 1463 1463 0 0 -916 16542
17:28:41.658 P 17971 162 -9 1469 1469 1 1 -144 16764
17:28:41.658 P 17973 160 9 1463 1463 0 1 -710 16704
17:28:41.658 P 17975 159 17 1473 1473 0 1 -506 16604
17:28:41.658 P 17977 158 9 1449 1449 0 0 -580 16752
17:28:41.658 P 17979 156 16 1453 1453 0 0 -578 16670
17:28:41.658 P 17981 154 24 1458 1458 0 1 -180 16726
17:28:41.658 P 17983 154 38 1467 1467 1 1 -480 16722
17:28:41.658 P 17985 154 43 1462 1462 0 0 -412 16686
17:28:41.658 P 17987 154 47 1460 1460 1 0 -390 16692
17:28:41.658 P 17988 155 50 1455 1455 0 0 -414 16702
17:28:41.658 P 17990 156 75 1457 1457 0 0 -414 16608
17:28:41.658 P 17992 160 102 1465 1465 0 0 -388 16684
17:28:41.658 P 17994 165 131 1479 1479 0 0 -560 16720
17:28:41.658 P 17996 171 142 1486 1486 0 0 -552 16714
17:28:41.658 P 17997 174 141 1488 1488 0 0 -604 16656
17:28:41.658 P 17999 180 130 1485 1485 0 0 -598 16726
17:28:41.658 P 18001 186 133 1491 1491 0 0 -558 16624
17:28:41.658 P 18003 191 129 1494 1494 0 0 -526 16702
17:28:41.658 P 18005 197 132 1499 1499 0 0 -612 16686
17:28:41.658 P 18006 200 133 1503 1503 0 0 -586 16664
17:28:41.658 P 18008 205 131 1506 1506 0 0 -608 16726
17:28:41.658 P 18010 211 130 1511 1511 0 0 -558 16710
17:28:41.658 P 18012 216 132 1517 1517 0 0 -568 16724
17:28:41.658 P 18014 222 132 1530 1530 0 0 -634 16660
17:28:41.658 P 18016 228 129 1531 1531 0 0 -728 16614
17:28:41.658 P 18017 230 122 1530 1530 0 0 -762 16734
17:28:41.658 P 18019 235 118 1531 1531 0 0 -732 16676
17:28:41.658 P 18021 239 105 1538 1538 0 1 -760 16660
17:28:43.474 P 18023 243 98 1545 1545 0 1 -746 16602
17:28:43.474 P 18025 246 81 1544 1544 0 1 -898 16760
17:28:43.474 P 18026 248 70 1536 1536 0 0 -898 16736
17:28:43.474 P 18028 249 63 1537 1537 0 0 -516 16708
17:28:43.474 P 18030 250 72 1547 1547 0 1 -664 16674
17:28:43.474 P 18032 251 87 1556 1556 0 0 334 16618
17:28:43.474 P 18034 262 571 1800 1800 0 0 -1878 15460
17:28:43.474 P 18036 276 558 1817 1817 0 1 8208 18584
17:28:43.474 P 18038 316 841 2026 2026 1 2 3926 16192
17:28:43.474 P 18040 353 994 2200 2200 3 3 6508 16664
17:28:43.474 P 18042 407 1176 2438 2438 4 4 5534 17238
17:28:43.474 P 18044 460 940 2515 2515 7 6 2074 18314
17:28:43.474 P 18046 474 378 2449 2449 9 8 4860 18250
17:28:43.474 P 18048 473 197 2543 2543 10 9 5506 16492
17:28:43.474 P 18050 461 83 2681 2681 12 10 3886 15948
17:28:43.474 P 18052 447 -108 2799 2799 14 13 2788 19180
17:28:43.474 P 18054 420 -452 2800 2800 17 15 434 17164
17:28:43.474 P 18056 364 -1035 2763 2763 19 16 76 16220
17:28:43.474 P 18058 282 -1434 2728 2728 21 18 -2336 14448
17:28:43.474 P 18060 170 -1908 2627 2627 21 20 -1182 16866
17:28:43.474 P 18062 38 -2345 2482 2482 22 20 -2232 16870
17:28:43.474 P 18064 -121 -2642 2365 2365 22 22 -308 13818
17:28:43.474 P 18066 -287 -2843 2254 2254 23 22 -1542 15082
17:28:43.474 P 18068 -467 -3006 2111 2111 23 21 -256 15914
17:28:43.474 P 18070 -654 -3109 1969 1969 24 21 -378 15800
17:28:43.474 P 18072 -844 -3202 1794 1794 23 22 -30 12166
17:28:43.474 P 18074 -1042 -3356 1572 1572 23 21 54 15048
17:28:43.474 P 18076 -1256 -3492 1340 1340 23 21 5614 15644
17:28:43.474 P 18078 -1457 -3307 -1355 -1355 22 21 918 13876
17:28:43.474 P 18080 -1660 -3487 -1663 -1663 20 19 1008 14298
17:28:43.474 P 18082 -1880 -3514 -1945 -1945 18 18 6186 15386
17:28:43.474 P 18084 -2072 -2849 -1957 -1957 15 14 8148 20258
17:28:43.474 P 18086 -2189 -1501 -1618 -1618 13 12 9738 25056
17:28:43.474 P 18088 -2241 -672 -1476 -1476 11 11 7790 18520
17:28:43.474 P 18090 -2254 -118 -1409 -1409 10 10 2332 14592
17:28:43.474 P 18092 -2254 -93 -1572 -1572 8 8 4440 16758
17:28:43.474 P 18093 -2255 -42 -1615 -1615 9 8 5378 17422
17:28:43.474 P 18095 -2246 66 -1690 -1690 8 7 3480 18932
17:28:43.474 P 18097 -2235 275 -1728 -1728 5 6 5826 17502
17:28:43.474 P 18099 -2202 573 -1713 -1713 4 4 5586 17342
17:28:43.474 P 18101 -2149 930 -1628 -1628 3 4 3822 17286
17:28:43.474 P 18103 -2084 1099 -1624 -1624 2 3 4734 17688
17:28:43.474 P 18105 -2004 1241 -1598 -1598 1 2 2746 16820
17:28:43.474 P 18106 -1966 1221 -1626 -1626 2 1 4316 16686
17:28:43.474 P 18108 -1882 1370 -1576 -1576 1 0 2218 16080
17:28:43.474 P 18110 -1797 1317 -1619 -1619 0 0 2940 16234
17:28:43.474 P 18112 -1713 1359 -1588 -1588 0 0 2916 16622
17:28:43.474 P 18113 -1670 1376 -1581 -1581 0 -1 3068 16694
17:28:43.474 P 18115 -1582 1383 -1547 -1547 -1 0 1690 16114
17:28:43.474 P 18117 -1499 1292 -1550 -1550 0 0 1878 15860
17:28:43.474 P 18119 -1421 1177 -1575 -1575 0 -1 1338 16328
17:28:43.474 P 18120 -1385 1108 -1587 -1587 -1 0 1524 16302
17:28:43.474 P 18122 -1320 977 -1616 -1616 0 -1 1500 16192
17:28:43.474 P 18124 -1262 911 -1603 -1603 0 -1 1640 16344
17:28:43.474 P 18126 -1207 854 -1605 -1605 -1 -1 1838 16688
17:28:43.474 P 18128 -1155 796 -1603 -1603 -1 -1 1234 16392
17:28:43.474 P 18130 -1107 735 -1618 -1618 -2 -1 1114 16368
17:28:43.474 P 18132 -1064 667 -1624 -1624 -1 -2 1780 16584
17:28:43.474 P 18134 -1023 621 -1627 -1627 -1 -2 816 16574
17:28:43.474 P 18136 -988 542 -1645 -1645 -2 -1 1572 16540
17:28:43.474 P 18137 -971 540 -1636 -1636 -1 -2 1330 16520
17:28:43.474 P 18139 -938 487 -1657 -1657 -2 -2 1000 16508
17:28:43.474 P 18141 -910 440 -1684 -1684 -3 -3 1130 16642
17:28:43.474 P 18143 -883 417 -1683 -1683 -3 -2 1026 16600
17:28:43.474 P 18145 -859 393 -1688 -1688 -2 -2 1676 16758
17:28:43.474 P 18147 -833 402 -1690 -1690 -2 -3 518 16696
17:28:43.474 P 18149 -810 378 -1705 -1705 -3 -3 1682 16646
17:28:43.474 P 18151 -787 372 -1712 -1712 -3 -3 1018 16862
17:28:43.474 P 18153 -764 385 -1712 -1712 -3 -3 750 16564
17:28:43.474 P 18155 -743 339 -1734 -1734 -3 -3 1678 16686
17:28:43.474 P 18157 -721 362 -1737 -1737 -3 -4 1212 16626
17:28:43.474 P 18159 -700 362 -1753 -1753 -4 -4 1894 16804
17:28:43.474 P 18161 -676 393 -1742 -1742 -4 -4 866 16770
17:28:43.474 P 18163 -654 410 -1740 -1740 -4 -4 1088 16508
17:28:43.474 P 18165 -629 390 -1765 -1765 -4 -5 1500 16674
17:28:43.474 P 18167 -605 412 -1765 -1765 -6 -5 1144 16834
17:28:43.474 P 18169 -580 427 -1758 -1758 -5 -5 1038 16894
17:28:43.474 P 18171 -555 466 -1733 -1733 -5 -5 1244 16508
17:28:43.474 P 18173 -526 481 -1738 -1738 -5 -5 608 16408
17:28:43.474 P 18175 -500 443 -1745 -1745 -4 -6 1110 16528
17:28:43.474 P 18177 -474 449 -1745 -1745 -5 -5 908 16720
17:28:43.474 P 18178 -461 443 -1748 -1748 -5 -6 992 16992
17:28:43.474 P 18180 -435 471 -1730 -1730 -5 -6 1042 16092
17:28:43.474 P 18182 -407 440 -1743 -1743 -5 -6 504 16132
17:28:43.474 P 18184 -382 433 -1753 -1753 -6 -6 648 16868
17:28:43.474 P 18186 -360 376 -1764 -1764 -5 -6 1628 17378
17:28:43.474 P 18188 -335 430 -1736 -1736 -5 -6 178 16420
17:28:43.474 P 18190 -311 447 -1734 -1734 -6 -7 380 16430
17:28:43.474 P 18192 -288 400 -1747 -1747 -6 -6 964 17394
17:28:43.474 P 18194 -263 430 -1721 -1721 -5 -7 434 15946
17:28:43.474 P 18196 -238 443 -1709 -1709 -6 -6 -94 16468
17:28:43.474 P 18198 -216 378 -1735 -1735 -6 -6 902 17188
17:28:43.474 P 18200 -195 380 -1726 -1726 -6 -6 712 16562
17:28:43.474 P 18202 -172 378 -1720 -1720 -6 -7 -88 16550
17:28:43.474 P 18203 -162 356 -1722 -1722 -6 -6 76 16586
17:28:43.474 P 18205 -145 314 -1746 -1746 -6 -7 826 16902
17:28:43.474 P 18207 -126 341 -1733 -1733 -7 -7 240 16338
17:28:43.474 P 18209 -108 337 -1724 -1724 -7 -6 574 16582
17:28:43.474 P 18211 -87 371 -1702 -1702 -6 -7 -216 16918
17:28:43.474 P 18213 -68 356 -1703 -1703 -6 -7 332 15796
17:28:43.474 P 18215 -49 325 -1702 -1702 -6 -6 148 16902
17:28:43.474 P 18217 -32 308 -1705 -1705 -5 -7 -406 16984
17:28:43.474 P 18219 -18 245 -1734 -1734 -6 -7 254 16206
17:28:43.474 P 18221 -5 269 -1731 -1731 -7 -7 136 16524
17:28:43.474 P 18222 2 275 -1714 -1714 -6 -6 -546 16956
17:28:43.474 P 18224 14 240 -1729 -1729 -6 -6 204 16482
17:28:43.474 P 18226 27 299 -1715 -1715 -7 -7 416 16322
17:28:43.474 P 18228 45 317 -1685 -1685 -7 -6 -320 16686
17:28:43.474 P 18230 59 245 -1733 -1733 -7 -8 358 16586
17:28:43.474 P 18232 72 258 -1719 -1719 -7 -7 -222 16726
17:28:43.474 P 18234 84 246 -1717 -1717 -6 -7 0 16388
17:28:43.474 P 18236 97 229 -1717 -1717 -6 -7 -234 16216
17:28:43.474 P 18238 109 255 -1718 -1718 -7 -7 -418 16514
17:28:43.474 P 18240 122 289 -1692 -1692 -7 -7 -84 16920
17:28:43.474 P 18242 136 259 -1712 -1712 -6 -7 -92 17172
17:28:43.474 P 18244 149 279 -1689 -1689 -6 -7 234 16374
17:28:43.474 P 18246 164 296 -1688 -1688 -7 -8 -428 16274
17:28:43.474 P 18248 179 278 -1683 -1683 -7 -7 -488 16506
17:28:43.474 P 18250 193 287 -1666 -1666 -6 -7 -382 17134
17:28:43.474 P 18252 207 283 -1665 -1665 -6 -7 78 17040
17:28:43.474 P 18254 221 276 -1655 -1655 -6 -6 -456 16194
17:28:43.474 P 18256 233 234 -1689 -1689 -7 -8 -418 16442
17:28:43.474 P 18258 243 250 -1671 -1671 -7 -6 936 17444
17:28:43.474 P 18260 258 301 -1636 -1636 -7 -7 -662 16850
17:28:43.474 P 18262 272 266 -1634 -1634 -6 -7 -254 15608
17:28:43.474 P 18264 285 285 -1618 -1618 -5 -7 -360 16152
17:28:43.474 P 18266 299 301 -1595 -1595 -5 -7 -454 17962
17:28:43.474 P 18268 315 299 -1591 -1591 -6 -7 -382 17554
17:28:43.474 P 18269 321 277 -1601 -1601 -6 -7 -304 16284
17:28:43.474 P 18271 333 262 -1589 -1589 -6 -7 -154 15846
17:28:43.474 P 18273 346 284 -1551 -1551 -5 -5 148 16772
17:28:43.474 P 18275 362 316 -1529 -1529 -5 -6 -664 17000
17:28:43.474 P 18277 376 277 -1535 -1535 -5 -6 -468 16642
17:28:43.474 P 18279 389 287 -1523 -1523 -6 -7 -240 16964
17:28:43.474 P 18281 404 297 -1500 -1500 -5 -7 -720 15814
17:28:43.474 P 18283 419 289 -1489 -1489 -5 -7 -726 16616
17:28:43.474 P 18285 432 272 -1478 -1478 -5 -7 -742 17534
17:28:43.474 P 18287 445 258 -1469 -1469 -5 -7 -796 16094
17:28:43.474 P 18289 456 254 -1459 -1459 -5 -6 -432 16384
17:28:43.474 P 18291 469 290 -1421 -1421 -5 -5 -522 16756
17:28:43.474 P 18293 484 326 -1393 -1393 -5 -6 -722 16146
17:28:43.474 P 18295 501 342 -1356 -1356 -4 -5 -568 16684
17:28:43.474 P 18297 517 288 -1379 -1379 -5 -6 -1082 16814
17:28:43.474 P 18300 534 253 -1362 -1362 -4 -6 -666 16668
17:28:43.474 P 18302 545 273 -1329 -1329 -4 -4 -682 16396
17:28:43.474 P 18304 559 301 -1306 -1306 -4 -5 -806 16926
17:28:43.474 P 18306 574 303 1321 1321 -5 -4 -768 16664
17:28:43.474 P 18308 588 314 1347 1347 -4 -5 -640 16776
17:28:43.474 P 18311 611 325 1398 1398 -4 -4 -696 16418
17:28:43.474 P 18313 625 305 1425 1425 -3 -4 -882 17042
17:28:43.474 P 18315 640 119 1382 1382 -3 -3 -4334 16874
17:28:43.474 P 18317 631 -47 1324 1324 -3 -4 -440 16856
17:28:43.474 P 18320 624 4 1388 1388 -3 -2 -984 16404
17:28:43.474 P 18322 619 -42 1378 1378 -2 -2 -1790 16954
17:28:43.474 P 18324 609 -102 1366 1366 -2 -3 -730 16658
17:28:43.474 P 18326 599 -105 1384 1384 -2 -2 -1050 16508
17:28:43.474 P 18329 579 -186 1370 1370 -2 -1 -1188 16972
17:28:43.474 P 18331 563 -198 1363 1363 -1 -2 -994 16626
17:28:43.474 P 18334 534 -274 1341 1341 -1 -1 -572 16638
17:28:43.474 P 18336 514 -268 1349 1349 -1 -1 -664 16712
17:28:43.474 P 18338 493 -279 1340 1340 -1 -1 -1020 16744
17:28:43.474 P 18340 471 -324 1334 1334 0 -1 -804 16574
17:28:43.474 P 18343 432 -381 -1302 -1302 0 0 -760 16852
17:28:43.474 P 18345 404 -427 -1350 -1350 -1 0 -796 16638
17:28:43.474 P 18347 372 -456 -1366 -1366 0 0 -480 16656
17:28:43.474 P 18349 342 -408 -1363 -1363 -1 0 -158 16724
17:28:43.474 P 18351 315 -374 -1356 -1356 0 0 -264 16750
17:28:43.474 P 18353 289 -354 -1369 -1369 0 0 136 16730
17:28:43.474 P 18355 268 -277 -1350 -1350 0 0 -418 16520
17:28:43.474 P 18357 246 -282 -1371 -1371 0 0 -18 16634
17:28:43.474 P 18359 227 -273 -1377 -1377 0 0 -272 16694
17:28:43.474 P 18361 207 -254 -1388 -1388 0 0 102 16634
17:28:43.474 P 18363 190 -206 -1375 -1375 0 0 18 16648
17:28:43.474 P 18365 175 -190 -1377 -1377 0 0 -122 16712
17:28:43.474 P 18367 161 -174 -1388 -1388 0 -1 -112 16638
17:28:43.474 P 18369 147 -165 -1392 -1392 0 0 -188 16630
17:28:43.474 P 18371 135 -158 -1397 -1397 0 0 -166 16712
17:28:43.474 P 18373 122 -154 -1405 -1405 0 0 -138 16706
17:28:43.474 P 18375 110 -145 -1410 -1410 0 0 6 16620
17:28:45.338 P 18377 99 -132 -1412 -1412 0 0 -54 16782
17:28:45.338 P 18379 88 -124 -1418 -1418 0 0 -12 16728
17:28:45.338 P 18381 78 -115 -1423 -1423 0 0 -46 16680
17:28:45.338 P 18384 64 -106 -1431 -1431 0 0 -44 16694
17:28:45.338 P 18386 55 -100 -1437 -1437 0 0 0 16662
17:28:45.338 P 18387 51 -98 -1440 -1440 0 0 4 16688
17:28:45.338 P 18389 42 -92 -1444 -1444 0 0 8 16698
17:28:45.338 P 18391 34 -89 -1450 -1450 0 0 -10 16666
17:28:45.338 P 18393 26 -84 -1455 -1455 0 0 -4 16734
17:28:45.338 P 18395 19 -84 -1462 -1462 0 0 -28 16740
17:28:45.338 P 18397 11 -81 -1468 -1468 0 0 12 16754
17:28:45.338 P 18399 4 -81 -1475 -1475 0 0 12 16706
17:28:45.338 P 18401 -3 -80 -1482 -1482 0 0 40 16726
17:28:45.338 P 18403 -10 -78 -1488 -1488 0 0 54 16608
17:28:45.338 P 18405 -17 -76 -1494 -1494 0 0 62 16652
17:28:45.338 P 18407 -24 -74 -1500 -1500 0 0 68 16652
17:28:45.338 P 18409 -31 -80 -1509 -1509 0 0 30 16644
17:28:45.338 P 18411 -38 -82 -1517 -1517 0 0 68 16716
17:28:45.338 P 18413 -46 -86 -1535 -1535 0 0 80 16752
17:28:45.338 P 18415 -53 -80 -1546 -1546 0 0 184 16730
17:28:45.338 P 18417 -60 -54 -1535 -1535 0 0 204 16738
17:28:45.338 P 18419 -64 -29 -1543 -1543 0 -1 234 16822
17:28:45.338 P 18421 -68 -9 -1537 -1537 0 0 258 16860
17:28:45.338 P 18424 -69 41 -1536 -1536 -1 0 148 16630
17:28:45.338 P 18426 -69 23 -1552 -1552 -1 -1 56 16706
17:28:45.338 P 18428 -70 15 -1561 -1561 -2 0 256 16670
17:28:45.338 P 18430 -71 35 -1555 -1555 -1 0 218 16814
17:28:45.338 P 18432 -70 70 -1549 -1549 -1 -1 378 16716
17:28:45.338 P 18434 -67 95 -1550 -1550 -1 -1 158 16674
17:28:45.338 P 18436 -63 138 -1530 -1530 -1 0 596 16704
17:28:45.338 P 18438 -56 165 -1530 -1530 -1 -2 -44 16624
17:28:45.338 P 18440 -47 176 -1525 -1525 -2 -1 -66 16700
17:28:45.338 P 18442 -39 178 -1520 -1520 0 -2 250 16598
17:28:45.338 P 18444 -31 183 -1523 -1523 -2 -1 82 16774
17:28:45.338 P 18447 -16 193 -1514 -1514 -2 -1 -154 16722
17:28:45.338 P 18449 -6 190 -1505 -1505 -1 -2 52 16662
17:28:45.338 P 18451 1 184 -1508 -1508 -2 -1 -234 16658
17:28:45.338 P 18453 10 171 -1510 -1510 -1 -1 -236 16686
17:28:45.338 P 18455 17 167 -1500 -1500 -1 -1 140 16708
17:28:45.338 P 18457 26 178 -1484 -1484 -1 -1 -302 16696
17:28:45.338 P 18459 33 159 -1501 -1501 -1 -1 170 16728
17:28:45.338 P 18461 41 168 -1474 -1474 0 -1 -174 16790
17:28:45.338 P 18463 49 179 -1477 -1477 -1 -1 214 16734
17:28:45.338 P 18465 58 151 -1497 -1497 -2 -2 -472 16682
17:28:45.338 P 18467 64 189 -1444 -1444 0 0 222 16596
17:28:45.338 P 18469 73 146 -1474 -1474 -2 -1 -306 16718
17:28:45.338 P 18472 81 138 -1465 -1465 -1 -2 -368 16664
17:28:45.338 P 18474 86 134 -1448 -1448 0 0 248 16588
17:28:45.338 P 18475 89 145 -1441 -1441 -1 -1 -28 16672
17:28:45.338 P 18478 98 121 -1443 -1443 -1 0 -258 16660
17:28:45.338 P 18480 101 118 -1442 -1442 0 -1 98 16710
17:28:45.338 P 18481 105 139 -1430 -1430 -1 -1 -582 16608
17:28:45.338 P 18483 110 141 -1428 -1428 -1 -2 218 16750
17:28:45.338 P 18485 116 108 -1429 -1429 0 -1 -584 16606
17:28:45.338 P 18487 118 106 -1413 -1413 0 -1 -134 16754
17:28:45.338 P 18489 122 85 -1427 -1427 0 -1 -148 16628
17:28:45.338 P 18491 125 114 -1397 -1397 0 0 -644 16562
17:28:45.338 P 18493 128 73 -1417 -1417 -1 -1 -198 16782
17:28:45.338 P 18495 130 58 -1415 -1415 -1 0 -436 16706
17:28:45.338 P 18497 129 45 -1415 -1415 0 -1 -232 16696
17:28:45.338 P 18499 128 25 -1424 -1424 -1 -1 8 16754
17:28:45.338 P 18501 128 23 -1415 -1415 0 -1 -440 16708
17:28:45.338 P 18503 125 8 -1415 -1415 0 0 -320 16634
17:28:45.338 P 18505 123 -16 -1422 -1422 0 0 -372 16756
17:28:45.338 P 18507 118 -35 -1422 -1422 0 0 -336 16646
17:28:45.338 P 18509 113 -42 -1431 -1431 0 -1 -406 16766
17:28:45.338 P 18511 108 -52 -1432 -1432 0 0 -176 16640
17:28:45.338 P 18513 102 -52 -1431 -1431 0 0 -376 16522
17:28:45.338 P 18515 96 -58 -1444 -1444 0 0 -186 16674
17:28:45.338 P 18517 90 -60 -1444 -1444 0 0 -172 16796
17:28:45.338 P 18518 87 -62 -1447 -1447 0 0 -166 16712
17:28:45.338 P 18520 81 -62 -1457 -1457 0 0 -216 16668
17:28:45.338 P 18522 74 -64 -1460 -1460 0 0 -194 16622
17:28:45.338 P 18524 68 -61 -1461 -1461 0 0 -176 16704
17:28:45.338 P 18526 62 -58 -1464 -1464 0 0 -148 16604
17:28:45.338 P 18528 56 -52 -1464 -1464 0 0 -66 16634
17:28:45.338 P 18530 50 -44 -1473 -1473 0 0 -80 16732
17:28:45.338 P 18532 45 -33 -1469 -1469 0 0 56 16658
17:28:45.338 P 18534 42 -11 -1468 -1468 0 0 62 16538
17:28:45.338 P 18536 39 2 -1471 -1471 0 -1 -204 16676
17:28:45.338 P 18538 37 -10 -1482 -1482 0 0 -282 16542
17:28:45.338 P 18540 33 -36 -1491 -1491 0 0 -340 16746
17:28:45.338 P 18542 28 -54 -1510 -1510 -1 0 -330 16662
17:28:45.338 P 18544 22 -71 -1517 -1517 0 0 -162 16770
17:28:45.338 P 18546 15 -69 -1519 -1519 0 0 4 16604
17:28:45.338 P 18548 9 -52 -1523 -1523 -1 0 -90 16728
17:28:45.338 P 18550 5 -30 -1520 -1520 0 0 -70 16680
17:28:45.338 P 18552 1 -20 -1522 -1522 0 0 -4 16732
17:28:45.338 P 18554 -1 -14 -1525 -1525 -1 0 -116 16740
17:28:45.338 P 18556 -4 -21 -1534 -1534 -1 0 -138 16646
17:28:45.338 P 18558 -9 -36 -1546 -1546 0 0 -28 16710
17:28:45.338 P 18560 -13 -19 -1541 -1541 0 0 -60 16690
17:28:45.338 P 18562 -16 -12 -1541 -1541 0 0 136 16724
17:28:45.338 P 18564 -18 8 -1542 -1542 0 0 -36 16702
17:28:45.338 P 18566 -20 16 -1557 -1557 -1 0 88 16700
17:28:45.338 P 18568 -21 21 -1560 -1560 -2 0 250 16796
17:28:45.338 P 18570 -22 42 -1544 -1544 0 0 126 16696
17:28:45.338 P 18571 -22 48 -1554 -1554 -1 -1 278 16752
17:28:45.338 P 18574 -18 113 -1536 -1536 0 -1 304 16702
17:28:45.338 P 18576 -13 135 -1526 -1526 -1 0 258 16638
17:28:45.338 P 18577 -11 134 -1531 -1531 -1 -1 212 16662
17:28:45.338 P 18580 -1 152 -1520 -1520 0 -1 104 16704
17:28:45.338 P 18582 5 167 -1516 -1516 0 -2 -148 16736
17:28:45.338 P 18584 12 154 -1524 -1524 -1 -1 588 16790
17:28:45.338 P 18586 20 196 -1504 -1504 -2 -2 186 16596
17:28:45.338 P 18588 30 196 -1488 -1488 0 -1 -570 16750
17:28:45.338 P 18590 38 207 -1481 -1481 -1 -1 420 16672
17:28:45.338 P 18592 49 217 -1470 -1470 -1 -1 -24 16648
17:28:45.338 P 18594 59 210 -1468 -1468 -1 -2 -278 16574
17:28:45.338 P 18596 69 189 -1455 -1455 -1 -1 -230 16654
17:28:45.338 P 18598 77 196 -1460 -1460 -1 -2 -50 16416
17:28:45.338 P 18600 86 181 -1443 -1443 -1 0 176 16676
17:28:45.338 P 18602 96 194 -1416 -1416 0 -1 -726 16614
17:28:45.338 P 18604 102 149 -1440 -1440 0 -1 248 16750
17:28:45.338 P 18606 109 144 -1418 -1418 0 -1 -316 16530
17:28:45.338 P 18608 114 137 -1421 -1421 0 -1 -276 16680
17:28:45.338 P 18610 119 105 -1415 -1415 0 0 -194 16676
17:28:45.338 P 18612 122 95 -1417 -1417 0 -1 -228 16664
17:28:45.338 P 18614 125 82 -1410 -1410 0 0 -398 16714
17:28:45.338 P 18616 127 72 -1406 -1406 0 0 -230 16734
17:28:45.338 P 18618 128 84 -1395 -1395 0 -1 -76 16752
17:28:45.338 P 18620 132 114 -1384 -1384 0 -1 -410 16614
17:28:45.338 P 18622 136 90 -1387 -1387 0 -1 -534 16684
17:28:45.338 P 18624 138 70 -1382 -1382 0 0 -536 16726
17:28:45.338 P 18626 139 46 -1383 -1383 0 0 -380 16708
17:28:45.338 P 18627 139 41 -1383 -1383 0 0 -444 16608
17:28:45.338 P 18629 139 28 -1384 -1384 0 0 -380 16642
17:28:45.338 P 18631 137 32 -1380 -1380 0 0 -174 16706
17:28:45.338 P 18633 137 40 -1373 -1373 0 0 -318 16696
17:28:45.338 P 18635 137 49 -1367 -1367 0 0 -186 16628
17:28:45.338 P 18636 137 53 -1364 -1364 0 0 -232 16700
17:28:45.338 P 18638 138 59 -1360 -1360 0 0 -214 16876
17:28:45.338 P 18640 139 66 -1355 -1355 0 0 -256 16662
17:28:45.338 P 18641 140 69 -1352 -1352 0 0 -256 16746
17:28:45.338 P 18643 141 78 -1346 -1346 0 0 -258 16758
17:28:45.338 P 18645 144 86 -1340 -1340 0 0 -292 16670
17:28:45.338 P 18647 146 92 -1333 -1333 0 0 -254 16676
17:28:45.338 P 18648 148 96 -1330 -1330 0 0 -248 16706
17:28:45.338 P 18650 151 102 -1324 -1324 0 0 -304 16700
17:28:45.338 P 18652 155 111 -1316 -1316 0 0 -316 16654
17:28:45.338 P 18653 157 115 -1312 -1312 0 0 -316 16682
17:28:45.338 P 18655 162 122 -1304 -1304 0 0 -302 16776
17:28:45.338 P 18657 166 130 1304 1304 0 0 -294 16582
17:28:45.338 P 18659 172 141 1315 1315 0 0 -366 16702
17:28:45.338 P 18660 175 143 1318 1318 0 0 -222 16662
17:28:45.338 P 18662 181 156 1331 1331 0 0 -372 16706
17:28:45.338 P 18664 188 164 1351 1351 0 1 -362 16634
17:28:45.338 P 18666 196 176 1370 1370 0 0 -408 16754
17:28:45.338 P 18667 200 181 1384 1384 0 1 -294 16688
17:28:45.338 P 18669 208 194 1400 1400 0 0 -404 16662
17:28:45.338 P 18671 218 204 1434 1434 1 0 -400 16612
17:28:45.338 P 18673 228 158 1409 1409 0 0 -626 16714
17:28:45.338 P 18675 234 205 1437 1437 0 0 124 16726
17:28:45.338 P 18677 245 220 1445 1445 0 0 -592 16546
17:28:45.338 P 18678 250 218 1456 1456 1 0 -526 16748
17:28:45.338 P 18680 262 271 1486 1486 0 0 -642 16654
17:28:45.338 P 18682 275 255 1485 1485 0 0 -398 16668
17:28:45.338 P 18684 289 294 1514 1514 0 0 -646 16560
17:28:45.338 P 18686 304 308 1532 1532 0 0 -416 16722
17:28:45.338 P 18688 321 326 1554 1554 0 0 -638 16632
17:28:45.338 P 18690 338 342 1577 1577 0 0 -548 16648
17:28:45.338 P 18691 347 347 1587 1587 0 0 -686 16694
17:28:45.338 P 18693 365 360 1638 1638 1 1 -622 16700
17:28:45.338 P 18695 384 360 1649 1649 0 0 -1302 16590
17:28:45.338 P 18697 401 305 1658 1658 0 1 -864 16772
17:28:45.338 P 18699 416 234 1673 1673 2 1 -2286 16588
17:28:45.338 P 18701 421 100 1628 1628 0 1 -1116 16690
17:28:45.338 P 18703 422 33 1627 1627 1 2 -1464 16708
17:28:45.338 P 18705 420 26 1653 1653 2 2 -1286 16554
17:28:45.338 P 18707 416 -55 1632 1632 1 2 -614 16770
17:28:45.338 P 18709 410 -48 1655 1655 2 2 -1868 16734
17:28:45.338 P 18711 402 -112 1634 1634 1 3 -942 16642
17:28:45.338 P 18713 390 -150 1626 1626 1 2 -984 16678
17:28:45.338 P 18715 379 -143 1634 1634 1 2 -1448 16542
17:28:45.338 P 18717 364 -201 1623 1623 2 3 -578 16638
17:28:45.338 P 18719 351 -208 1612 1612 2 2 -1132 16664
17:28:45.338 P 18721 334 -209 1629 1629 3 3 -1372 16698
17:28:45.338 P 18723 317 -261 1593 1593 2 3 -162 16592
17:28:45.338 P 18725 300 -264 1590 1590 3 3 -1026 16594
17:28:45.338 P 18727 280 -267 1581 1581 2 4 -458 16814
17:28:45.338 P 18729 261 -273 1568 1568 2 3 -674 16670
17:28:45.338 P 18731 244 -229 1570 1570 2 3 -1314 16466
17:28:45.338 P 18733 224 -269 1550 1550 3 3 -116 16908
17:28:45.338 P 18735 209 -225 1551 1551 2 3 -990 16904
17:28:45.338 P 18738 184 -246 1521 1521 3 2 -940 16590
17:28:45.338 P 18740 167 -239 1506 1506 2 3 -428 16590
17:28:45.338 P 18742 151 -230 1503 1503 2 3 -852 16674
17:28:45.338 P 18743 142 -231 1494 1494 2 3 -438 16620
17:28:45.338 P 18745 127 -191 1488 1488 2 3 -90 16878
17:28:45.338 P 18747 114 -199 1485 1485 3 3 -478 16628
17:28:45.338 P 18749 101 -152 1488 1488 3 3 -930 16556
17:28:47.153 P 18751 88 -184 1445 1445 2 2 362 16768
17:28:47.153 P 18753 77 -134 1455 1455 2 2 -398 16746
17:28:47.153 P 18756 62 -114 1438 1438 1 2 -286 16706
17:28:47.153 P 18758 54 -109 1429 1429 2 2 -260 16680
17:28:47.153 P 18759 49 -102 1427 1427 2 2 168 16694
17:28:47.153 P 18761 43 -60 1438 1438 1 2 -718 16634
17:28:47.153 P 18763 37 -60 1421 1421 2 1 130 16652
17:28:47.153 P 18765 32 -38 1411 1411 1 1 -480 16742
17:28:47.153 P 18767 28 -22 1422 1422 1 2 -542 16720
17:28:47.153 P 18769 23 -39 1397 1397 1 1 428 16694
17:28:47.153 P 18771 23 16 1415 1415 1 1 -974 16450
17:28:47.153 P 18773 19 -10 1405 1405 1 2 476 16754
17:28:47.153 P 18775 20 27 1408 1408 1 1 -1212 16654
17:28:47.153 P 18777 17 19 1403 1403 1 2 290 16678
17:28:47.153 P 18779 19 35 1394 1394 0 2 -928 16646
17:28:47.153 P 18780 18 14 1386 1386 2 1 -186 16822
17:28:47.153 P 18782 18 26 1378 1378 0 1 -452 16646
17:28:47.153 P 18784 18 44 1379 1379 0 2 -242 16710
17:28:47.153 P 18786 40 -401 -1420 -1420 0 1 -24224 11696
17:28:47.153 P 18788 -44 -2316 -2423 -2423 1 2 -11410 20302
17:28:47.153 P 18790 -169 -2192 -2562 -2562 -2 -2 -15118 15442
17:28:47.153 P 18792 -283 -2059 -2771 -2771 -5 -4 -1452 14214
17:28:47.153 P 18794 -357 -1409 -2779 -2779 -9 -8 -11402 22476
17:28:47.153 P 18795 -397 -1458 -2800 -2800 -9 -8 -4768 20716
17:28:47.153 P 18797 -448 -1020 -2800 -2800 -12 -11 -7240 15302
17:28:47.153 P 18799 -487 -782 -2800 -2800 -14 -14 -6394 17024
17:28:47.153 P 18801 -512 -602 -2800 -2800 -17 -15 -5014 19318
17:28:47.153 P 18803 -531 -413 -2800 -2800 -18 -18 -3394 19410
17:28:47.153 P 18805 -542 -198 -2800 -2800 -20 -19 -292 16864
17:28:47.153 P 18807 -536 16 -2800 -2800 -22 -20 -1582 16704
17:28:47.153 P 18809 -526 201 -2800 -2800 -23 -22 446 17668
17:28:47.153 P 18811 -499 474 -2800 -2800 -24 -23 852 18450
17:28:47.153 P 18813 -458 656 -2800 -2800 -25 -24 -800 16394
17:28:47.153 P 18815 -411 816 -2800 -2800 -25 -25 1332 17862
17:28:47.153 P 18817 -346 1057 0 0 -26 -26 -1980 15676
17:28:47.153 P 18819 -280 1043 0 0 -26 -26 -1392 18828
17:28:47.153 P 18821 -219 846 0 0 -25 -25 -2544 14246
17:28:47.153 P 18823 -181 476 0 0 -24 -25 -626 15568
17:28:47.153 P 18825 -161 360 0 0 -24 -24 -120 16632
17:28:47.153 P 18827 -145 206 0 0 -24 -24 -696 17400
17:28:47.153 P 18829 -142 56 0 0 -24 -24 1372 17206
17:28:47.153 P 18831 -139 42 0 0 -22 -24 -462 14506
17:28:47.153 P 18833 -144 -177 0 0 -23 -23 -580 17084
17:28:47.153 P 18835 -166 -398 0 0 -22 -22 -166 14668
17:28:47.153 P 18837 -198 -583 0 0 -21 -22 222 16280
17:28:47.153 P 18839 -242 -711 0 0 -21 -22 1188 17796
17:28:47.153 P 18841 -290 -896 0 0 -21 -21 -1040 16790
17:28:47.153 P 18843 -361 -1205 0 0 -21 -20 2820 17442
17:28:47.153 P 18845 -433 -1173 0 0 -21 -21 -522 14440
17:28:47.153 P 18847 -508 -1340 0 0 -21 -21 -1160 14422
17:28:47.153 P 18849 -602 -1627 0 0 -20 -20 1158 13944
17:28:47.153 P 18851 -706 -1867 0 0 -20 -19 -836 18246
17:28:47.153 P 18853 -838 -2250 0 0 -20 -19 2022 16798
17:28:47.153 P 18855 -978 -2331 0 0 -20 -20 258 13222
17:28:47.153 P 18857 -1124 -2541 0 0 -19 -18 140 12652
17:28:47.153 P 18859 -1290 -2825 0 0 -18 -18 2608 18850
17:28:47.153 P 18861 -1469 -3071 0 0 -19 -17 1688 15602
17:28:47.153 P 18863 -1664 -3383 0 0 -18 -17 1012 11746
17:28:47.153 P 18865 -1876 -3673 0 0 -17 -17 794 10052
17:28:47.153 P 18867 -2111 -4057 0 0 -16 -17 1812 14810
17:28:47.153 P 18869 -2374 -4520 0 0 -16 -16 2556 11798
17:28:47.153 P 18871 -2657 -4798 0 0 -16 -15 3268 8652
17:28:47.153 P 18873 -2963 -5201 0 0 -14 -16 7204 15564
17:28:47.153 P 18875 -3325 -6324 0 0 -14 -15 4596 13000
17:28:47.153 P 18877 -3720 -5295 0 0 -13 -15 32767 -2790
17:28:47.153 P 18879 -3848 -138 0 0 -13 -14 32767 -356
17:28:47.153 P 18881 -3801 1233 0 0 -15 -13 32767 1292
17:28:47.153 P 18883 -3807 169 0 0 -14 -13 15932 5878
17:28:47.153 P 18885 -3823 -443 0 0 -13 -12 440 1332
17:28:47.153 P 18887 -3904 -433 0 0 -14 -11 788 -290
17:28:47.153 P 18889 -3953 -301 0 0 -14 -11 4190 744
17:28:47.153 P 18891 -3965 -178 0 0 -13 -10 10030 18888
17:28:47.153 P 18893 -4010 -1180 0 0 -12 -8 15570 29492
17:28:47.153 P 18895 -4082 -852 0 0 -11 -6 18690 20246
17:28:47.153 P 18898 -4132 117 0 0 -10 -5 20832 82
17:28:47.153 P 18900 -4127 854 0 0 -9 -5 16554 -684
17:28:47.153 P 18902 -4092 799 0 0 -9 -5 10334 7378
17:28:47.153 P 18904 -4070 250 0 0 -8 -3 7766 9770
17:28:47.153 P 18906 -4075 -61 0 0 -7 -3 13038 13374
17:28:47.153 P 18908 -4085 6 0 0 -7 -2 12686 9988
17:28:47.153 P 18910 -4096 -120 0 0 -5 -2 13272 12870
17:28:47.153 P 18912 -4110 -101 0 0 -4 0 11294 9994
17:28:47.153 P 18914 -4117 -46 0 0 -2 1 12936 13438
17:28:47.153 P 18916 -4127 -77 0 0 -3 1 14236 12940
17:28:47.153 P 18918 -4134 101 0 0 -2 2 12512 10276
17:28:47.153 P 18920 -4140 96 0 0 -1 1 14220 8648
17:28:47.153 P 18922 -4143 184 0 0 0 2 14522 9940
17:28:47.153 P 18924 -4139 188 0 0 0 1 12464 10646
17:28:47.153 P 18926 -4133 212 0 0 1 2 11450 11584
17:28:47.153 P 18928 -4123 179 0 0 1 2 10454 11758
17:28:47.153 P 18930 -4119 105 0 0 2 2 9984 10784
17:28:47.153 P 18931 -4118 61 0 0 1 3 9474 10856
17:28:47.153 P 18933 -4119 -131 0 0 1 3 7720 13548
17:28:47.153 P 18935 -4129 -351 0 0 1 2 5520 14776
17:28:47.153 P 18937 -4159 -712 0 0 1 3 7822 13486
17:28:47.153 P 18939 -4205 -909 0 0 2 2 6744 11542
17:28:47.153 P 18941 -4271 -1092 0 0 2 4 11412 12356
17:28:47.153 P 18943 -4339 -1080 0 0 2 3 11596 11840
17:28:47.153 P 18945 -4413 -1032 0 0 1 3 15348 10622
17:28:47.153 P 18948 -4501 -686 0 0 2 3 16218 10504
17:28:47.153 P 18950 -4543 -503 0 0 1 3 13810 10242
17:28:47.153 P 18952 -4575 -531 0 0 1 2 10842 11418
17:28:47.153 P 18954 -4607 -524 0 0 1 2 9592 12470
17:28:47.153 P 18956 -4642 -729 0 0 2 3 8728 11900
17:28:47.153 P 18958 -4691 -884 0 0 3 3 9226 10792
17:28:47.153 P 18960 -4751 -1077 0 0 2 3 9944 11508
17:28:47.153 P 18962 -4823 -1216 0 0 2 2 10958 10962
17:28:47.153 P 18964 -4904 -1235 0 0 2 3 14432 9246
17:28:47.153 P 18966 -4984 -1234 0 0 2 3 13288 9036
17:28:47.153 P 18968 -5063 -1157 0 0 2 3 15500 10524
17:28:47.153 P 18970 -5136 -1036 0 0 2 3 17994 9468
17:28:47.153 P 18972 -5197 -893 0 0 3 2 11832 8236
17:28:47.153 P 18974 -5257 -959 0 0 3 4 12300 10368
17:28:47.153 P 18976 -5316 -1034 0 0 2 2 11362 10634
17:28:47.153 P 18978 -5383 -1144 0 0 2 4 9748 9566
17:28:47.153 P 18980 -5459 -1368 0 0 1 2 9624 9166
17:28:47.153 P 18983 -5599 -1588 0 0 2 3 11448 9050
17:28:47.153 P 18985 -5705 -1676 0 0 2 2 14554 8302
17:28:47.153 P 18987 -5811 -1669 0 0 3 3 12596 6958
17:28:47.153 P 18989 -5921 -1729 0 0 3 3 16016 7982
17:28:47.153 P 18991 -6027 -1656 0 0 2 3 17046 7740
17:28:47.153 P 18993 -6128 -1476 0 0 3 3 18682 6620
17:28:47.153 P 18995 -6218 -1324 0 0 3 3 14844 5380
17:28:47.153 P 18997 -6301 -1302 0 0 2 4 14812 7846
17:28:47.153 P 18999 -6376 -1112 0 0 3 3 20878 8898
17:28:47.153 P 19001 -6429 -623 0 0 3 3 23172 8608
17:28:47.153 P 19003 -6450 -188 0 0 1 1 18290 6728
17:28:47.153 P 19005 -6461 19 0 0 2 2 17208 3310
17:28:47.153 P 19007 -6452 203 0 0 2 2 14304 6942
17:28:47.153 P 19009 -6454 -62 0 0 1 1 14946 6736
17:28:47.153 P 19011 -6457 12 0 0 2 1 14088 7070
17:28:47.153 P 19013 -6460 -12 0 0 1 1 16240 7252
17:28:47.153 P 19015 -6461 34 0 0 1 1 14932 6696
17:28:47.153 P 19017 -6460 70 0 0 1 1 14766 7370
17:28:47.153 P 19018 -6457 90 0 0 0 0 14136 7572
17:28:47.153 P 19020 -6454 53 0 0 1 0 14632 8270
17:28:47.153 P 19022 -6449 54 0 0 0 0 13896 8514
17:28:47.153 P 19024 -6447 32 0 0 0 0 14904 8154
17:28:47.153 P 19025 -6448 32 0 0 0 0 15130 6722
17:28:47.153 P 19027 -6448 53 0 0 0 0 14940 6542
17:28:47.153 P 19029 -6448 48 0 0 -1 0 15338 6866
17:28:47.153 P 19031 -6448 57 0 0 0 0 14814 6794
17:28:47.153 P 19033 -6448 42 0 0 0 0 14974 6920
17:28:47.153 P 19034 -6449 43 0 0 0 0 14958 6760
17:28:47.153 P 19036 -6450 37 0 0 0 0 15052 6796
17:28:47.153 P 19038 -6450 39 0 0 0 0 14996 6926
17:28:47.153 P 19040 -6450 42 0 0 0 0 14958 7042
17:28:47.153 P 19042 -6451 37 0 0 0 0 14958 6780
17:28:47.153 P 19045 -6452 40 0 0 0 0 14988 6862
17:28:47.153 P 19047 -6452 40 0 0 0 0 14944 6874
17:28:47.153 P 19049 -6453 41 0 0 0 0 14998 6858
17:28:47.153 P 19051 -6453 39 0 0 0 0 14964 6950
17:28:47.153 P 19053 -6454 39 0 0 0 0 14998 6954
17:28:47.153 P 19056 -6454 40 0 0 0 0 14934 6870
17:28:47.153 P 19058 -6455 38 0 0 0 0 14998 6852
17:28:47.153 P 19060 -6455 39 0 0 0 0 14962 6960
17:28:47.153 P 19062 -6456 40 0 0 0 0 15012 6958
17:28:47.153 P 19064 -6456 40 0 0 0 0 14958 6838
17:28:47.153 P 19066 -6457 39 0 0 0 0 14916 6880
17:28:47.153 P 19068 -6457 41 0 0 0 0 14982 6910
17:28:47.153 P 19070 -6458 38 0 0 0 0 14980 6916
17:28:47.153 P 19072 -6458 41 0 0 0 0 14986 6876
17:28:47.153 P 19074 -6459 42 0 0 0 0 15370 6352
17:28:47.153 P 19076 -6461 26 0 0 0 0 15678 6934
17:28:47.153 P 19078 -6460 40 0 0 0 0 14542 7324
17:28:47.153 P 19079 -6460 41 0 0 0 0 14712 7036
17:28:47.153 P 19081 -6463 16 0 0 0 0 16366 6194
17:28:47.153 P 19083 -6463 66 0 0 0 0 14594 7016
17:28:47.153 P 19084 -6463 45 0 0 0 0 14766 7354
17:28:47.153 P 19086 -6464 46 0 0 0 0 14844 6488
17:28:47.153 P 19088 -6464 56 0 0 0 0 14998 6548
17:28:47.153 P 19090 -6464 61 0 0 0 0 15328 6656
17:28:47.153 P 19091 -6464 66 0 0 0 0 14978 6534
17:28:47.153 P 19093 -6464 70 0 0 0 0 15310 6354
17:28:47.153 P 19095 -6464 85 0 0 0 0 15908 6360
17:28:47.153 P 19097 -6463 80 0 0 0 0 15728 5888
17:28:47.153 P 19099 -6462 131 0 0 0 0 15488 6428
17:28:47.153 P 19100 -6460 151 0 0 0 0 17372 6354
17:28:47.153 P 19102 -6452 266 0 0 0 0 16546 6212
17:28:47.153 P 19104 -6440 289 0 0 0 1 15526 5864
17:28:47.153 P 19106 -6423 363 0 0 0 0 16130 7360
17:28:47.153 P 19108 -6401 435 0 0 1 0 15520 7538
17:28:47.153 P 19110 -6371 488 0 0 1 0 13510 8734
17:28:47.153 P 19111 -6355 490 0 0 0 0 14036 9236
17:28:47.153 P 19113 -6326 483 0 0 1 0 14576 7614
17:28:47.153 P 19115 -6301 451 0 0 0 0 13684 6690
17:28:47.153 P 19117 -6276 470 0 0 0 0 15964 8088
17:28:47.153 P 19119 -6248 574 0 0 1 0 17750 7646
17:28:47.153 P 19121 -6208 833 0 0 1 0 18258 7554
17:28:47.153 P 19123 -6153 1064 0 0 0 0 18992 7340
17:28:47.153 P 19125 -6084 1333 0 0 0 0 18456 7270
17:28:47.153 P 19127 -5999 1584 0 0 0 0 18596 7006
17:28:47.153 P 19128 -5951 1729 0 0 0 0 18152 7090
17:28:47.153 P 19130 -5846 1899 0 0 0 0 16358 6284
17:28:47.153 P 19132 -5738 1932 0 0 0 0 14364 6128
17:28:47.153 P 19134 -5629 1945 0 0 0 0 16500 7144
17:28:47.153 P 19135 -5572 2015 0 0 0 0 17040 7970
17:28:47.153 P 19137 -5450 2180 0 0 0 0 14960 8188
17:28:47.153 P 19139 -5319 2241 0 0 0 0 13384 8804
17:28:47.153 P 19141 -5186 2224 0 0 0 0 12706 9676
17:28:47.153 P 19143 -5051 2276 0 0 0 0 12426 10906
17:28:47.153 P 19144 -4982 2268 0 0 0 0 11664 11120
17:28:47.153 P 19146 -4850 2232 0 0 0 0 12090 10274
17:28:49.070 P 19148 -4715 2250 0 0 0 0 11764 10548
17:28:49.070 P 19149 -4649 2235 0 0 0 0 12042 10476
17:28:49.070 P 19151 -4518 2226 0 0 0 0 11932 10568
17:28:49.070 P 19153 -4389 2216 0 0 0 0 12418 10976
17:28:49.070 P 19154 -4324 2239 0 0 0 0 12448 10944
17:28:49.070 P 19156 -4191 2297 0 0 0 0 12512 11434
17:28:49.070 P 19158 -4053 2374 0 0 0 0 11382 11618
17:28:49.070 P 19160 -3911 2403 -2800 -2800 -2 -1 9858 11818
17:28:49.070 P 19161 -3838 2375 -2800 -2800 -2 -2 7962 11936
17:28:49.070 P 19163 -3701 2488 -2800 -2800 -6 -6 15994 13882
17:28:49.070 P 19165 -3520 3168 -2800 -2800 -9 -8 15130 23164
17:28:49.070 P 19167 -3281 4239 -2800 -2800 -12 -12 14610 21476
17:28:49.070 P 19169 -2957 5808 -2374 -2374 -14 -14 11084 17834
17:28:49.070 P 19170 -2768 6290 -2095 -2095 -14 -15 7742 13892
17:28:49.070 P 19172 -2378 6663 -1770 -1770 -15 -15 5560 8150
17:28:49.070 P 19174 -1964 6670 -1519 -1519 -15 -15 1440 7720
17:28:49.070 P 19176 -1576 6428 -1353 -1353 -14 -14 4692 10730
17:28:49.070 P 19177 -1387 6377 1367 1367 -13 -15 5110 10630
17:28:49.070 P 19179 -1014 6401 1695 1695 -13 -13 5914 8498
17:28:49.070 P 19181 -626 6566 2175 2175 -11 -12 344 9030
17:28:49.070 P 19183 -244 6204 2508 2508 -6 -9 920 12146
17:28:49.070 P 19185 110 5655 2800 2800 -3 -5 -1330 12818
17:28:49.070 P 19187 410 4562 2800 2800 2 -1 0 11920
17:28:49.070 P 19189 638 3418 2800 2800 6 4 -6432 17264
17:28:49.070 P 19190 720 2608 2800 2800 6 4 -6014 18798
17:28:49.070 P 19192 813 1293 2658 2658 10 8 -4924 19140
17:28:49.070 P 19194 840 152 2501 2501 13 10 -2216 16140
17:28:49.070 P 19196 819 -361 2562 2562 15 12 -2198 16286
17:28:49.070 P 19198 770 -835 2576 2576 15 13 -2084 17530
17:28:49.070 P 19199 739 -1053 2593 2593 17 15 -4000 17962
17:28:49.070 P 19201 653 -1708 2449 2449 18 16 -6386 15658
17:28:49.070 P 19203 526 -2241 2308 2308 19 17 -4370 15854
17:28:49.070 P 19205 375 -2625 2172 2172 19 19 -2622 15446
17:28:49.070 P 19207 206 -2798 2079 2079 19 19 -1562 15822
17:28:49.070 P 19209 32 -2890 1959 1959 18 17 -1490 15738
17:28:49.070 P 19211 -149 -2914 1855 1855 18 18 830 16180
17:28:49.070 P 19212 -236 -2828 1842 1842 19 17 426 20732
17:28:49.070 P 19214 -402 -2602 1840 1840 17 18 3428 22432
17:28:49.070 P 19216 -559 -2264 1875 1875 18 17 7514 15006
17:28:49.070 P 19218 -702 -1927 1914 1914 18 16 7178 10218
17:28:49.070 P 19220 -828 -1711 1884 1884 16 16 5934 10792
17:28:49.070 P 19222 -932 -1576 1877 1877 18 17 3354 14696
17:28:49.070 P 19223 -979 -1530 1841 1841 16 16 2238 16220
17:28:49.070 P 19225 -1069 -1503 1762 1762 16 17 1078 17332
17:28:49.070 P 19227 -1163 -1587 1633 1633 16 16 1192 16492
17:28:49.070 P 19229 -1262 -1537 1552 1552 16 16 4662 16582
17:28:49.070 P 19231 -1343 -1340 1566 1566 15 16 702 15818
17:28:49.070 P 19233 -1430 -1451 1424 1424 15 16 3300 15236
17:28:49.070 P 19235 -1513 -1322 1419 1419 16 16 2452 14436
17:28:49.070 P 19236 -1552 -1238 1403 1403 14 15 3424 14038
17:28:49.070 P 19238 -1618 -974 1459 1459 14 15 3798 13410
17:28:49.070 P 19240 -1666 -684 1554 1554 15 15 4278 18702
17:28:49.070 P 19242 -1729 -1239 -1393 -1393 13 16 6926 25248
17:28:49.070 P 19243 -1774 -1427 -1528 -1528 14 15 6482 19816
17:28:49.070 P 19245 -1857 -1284 -1581 -1581 12 15 5590 13002
17:28:49.070 P 19247 -1930 -889 -1562 -1562 10 12 7480 12282
17:28:49.070 P 19248 -1952 -621 -1506 -1506 9 12 7968 16686
17:28:49.070 P 19250 -1971 -213 -1433 -1433 9 10 6224 22866
17:28:49.070 P 19252 -1977 -18 -1472 -1472 7 9 5976 15656
17:28:49.070 P 19253 -1974 138 -1446 -1446 7 9 5350 15014
17:28:49.070 P 19255 -1949 482 -1343 -1343 7 8 3868 17046
17:28:49.070 P 19257 -1902 862 1408 1408 7 8 4130 18482
17:28:49.070 P 19258 -1871 918 1421 1421 5 8 2034 18678
17:28:49.070 P 19260 -1819 690 1315 1315 6 8 2314 15424
17:28:49.070 P 19262 -1778 599 -1319 -1319 6 8 1702 14366
17:28:49.070 P 19263 -1758 536 -1341 -1341 6 8 436 14390
17:28:49.070 P 19265 -1731 410 -1417 -1417 5 8 3274 17990
17:28:49.070 P 19267 -1702 413 -1424 -1424 5 7 2868 18466
17:28:49.070 P 19268 -1688 427 -1437 -1437 4 6 2862 16872
17:28:49.070 P 19270 -1657 514 -1398 -1398 4 7 2978 14892
17:28:49.070 P 19272 -1624 505 -1418 -1418 4 6 3092 16522
17:28:49.070 P 19274 -1593 517 -1423 -1423 4 5 4350 17384
17:28:49.070 P 19275 -1574 604 -1389 -1389 3 5 3432 17482
17:28:49.070 P 19277 -1533 627 -1376 -1376 4 4 2374 16164
17:28:49.070 P 19279 -1493 622 -1384 -1384 3 4 2016 15870
17:28:49.070 P 19280 -1473 588 -1397 -1397 3 4 1618 16072
17:28:49.070 P 19282 -1438 545 -1417 -1417 3 4 1628 16356
17:28:49.070 P 19284 -1405 497 -1441 -1441 2 3 2340 17256
17:28:49.070 P 19285 -1389 500 -1436 -1436 2 4 2572 17028
17:28:49.070 P 19287 -1356 510 -1443 -1443 2 3 2070 16330
17:28:49.070 P 19289 -1323 487 -1455 -1455 2 2 1580 16090
17:28:49.070 P 19290 -1309 456 -1462 -1462 2 3 2488 16316
17:28:49.070 P 19292 -1278 484 -1465 -1465 1 2 1574 16778
17:28:49.070 P 19294 -1250 456 -1484 -1484 1 1 2760 16904
17:28:49.070 P 19295 -1236 470 -1466 -1466 1 3 2530 16564
17:28:49.070 P 19297 -1206 500 -1470 -1470 0 2 2068 16346
17:28:49.070 P 19298 -1190 505 -1466 -1466 1 1 2074 16454
17:28:49.070 P 19300 -1159 535 -1443 -1443 0 2 2454 16660
17:28:49.070 P 19302 -1127 532 -1455 -1455 0 0 2488 16554
17:28:49.070 P 19303 -1110 548 -1443 -1443 0 1 2244 16446
17:28:49.070 P 19305 -1078 517 -1444 -1444 0 1 2456 16358
17:28:49.070 P 19307 -1047 510 -1438 -1438 0 1 2074 16596
17:28:49.070 P 19308 -1033 494 -1444 -1444 0 0 2116 16574
17:28:49.070 P 19310 -1004 485 -1441 -1441 0 0 1992 16374
17:28:49.070 P 19311 -989 474 -1440 -1440 0 0 1794 16428
17:28:49.070 P 19313 -962 427 -1449 -1449 0 0 1486 16366
17:28:49.070 P 19314 -950 398 -1455 -1455 0 0 1472 16648
17:28:49.070 P 19316 -928 343 -1476 -1476 0 0 1608 16548
17:28:49.070 P 19317 -918 320 -1479 -1479 0 0 1458 16504
17:28:49.070 P 19319 -901 265 -1501 -1501 0 -1 1570 16540
17:28:49.070 P 19321 -887 219 -1516 -1516 0 0 1592 16500
17:28:49.070 P 19322 -881 202 -1518 -1518 0 0 1660 16546
17:28:49.070 P 19324 -871 169 -1529 -1529 0 0 1608 16556
17:28:49.070 P 19325 -866 150 -1542 -1542 0 -1 1680 16442
17:28:49.070 P 19327 -859 101 -1571 -1571 -1 -1 1186 16492
17:28:49.070 P 19329 -855 56 -1597 -1597 0 -1 1544 16602
17:28:49.070 P 19330 -854 41 -1607 -1607 -1 0 1444 16642
17:28:49.070 P 19332 -853 16 -1624 -1624 0 -1 1742 16580
17:28:49.070 P 19334 -853 33 -1627 -1627 -1 0 2126 16712
17:28:49.070 P 19336 -849 69 -1633 -1633 0 -2 1372 16796
17:28:49.070 P 19337 -848 53 -1655 -1655 -2 -1 1496 16728
17:28:49.070 P 19339 -845 106 -1644 -1644 -1 -2 2022 16572
17:28:49.070 P 19341 -839 101 -1672 -1672 -2 -2 2336 16626
17:28:49.070 P 19343 -832 160 -1649 -1649 -1 -2 1542 16508
17:28:49.070 P 19344 -828 149 -1675 -1675 -2 -3 1820 16544
17:28:49.070 P 19346 -819 189 -1670 -1670 -3 -2 2106 16568
17:28:49.070 P 19348 -809 182 -1688 -1688 -2 -3 1990 16598
17:28:49.070 P 19350 -798 206 -1695 -1695 -2 -4 1832 16738
17:28:49.070 P 19352 -786 209 -1711 -1711 -3 -3 2096 16662
17:28:49.070 P 19353 -780 239 -1697 -1697 -2 -3 2024 16700
17:28:49.070 P 19355 -764 255 -1694 -1694 -2 -4 1670 16652
17:28:49.070 P 19357 -750 265 -1710 -1710 -3 -4 2102 16652
17:28:49.070 P 19359 -733 269 -1725 -1725 -3 -4 1178 16752
17:28:49.070 P 19361 -717 288 -1717 -1717 -3 -4 1628 16602
17:28:49.070 P 19363 -699 305 -1722 -1722 -2 -5 1490 16676
17:28:49.070 P 19364 -690 311 -1727 -1727 -4 -4 1398 16642
17:28:49.070 P 19366 -671 367 -1710 -1710 -4 -4 1738 16700
17:28:49.070 P 19368 -650 328 -1730 -1730 -4 -4 1630 16558
17:28:49.070 P 19370 -629 394 -1713 -1713 -4 -5 910 16510
17:28:49.070 P 19372 -609 363 -1734 -1734 -4 -5 2222 17064
17:28:49.070 P 19374 -584 469 -1680 -1680 -5 -5 946 16640
17:28:49.070 P 19376 -559 446 -1690 -1690 -4 -5 1904 16494
17:28:49.070 P 19378 -532 425 -1695 -1695 -5 -5 950 16610
17:28:49.070 P 19379 -521 397 -1711 -1711 -4 -6 1362 16366
17:28:49.070 P 19382 -487 375 -1710 -1710 -4 -6 1090 16398
17:28:49.070 P 19384 -466 401 -1696 -1696 -5 -5 1276 16642
17:28:49.070 P 19386 -443 414 -1691 -1691 -5 -5 1702 17448
17:28:49.070 P 19389 -408 428 -1666 -1666 -5 -5 1224 16414
17:28:49.070 P 19391 -386 443 -1663 -1663 -5 -6 2110 16438
17:28:49.070 P 19394 -346 489 -1608 -1608 -5 -5 1854 16678
17:28:49.070 P 19396 -317 534 -1571 -1571 -5 -6 750 16486
17:28:49.070 P 19399 -276 508 -1538 -1538 -4 -5 624 16630
17:28:49.070 P 19401 -251 462 -1542 -1542 -5 -5 982 16592
17:28:49.070 P 19403 -225 442 -1533 -1533 -5 -5 94 16406
17:28:49.070 P 19406 -193 375 -1517 -1517 -4 -5 542 16534
17:28:49.070 P 19408 -173 319 -1529 -1529 -4 -5 148 16960
17:28:49.070 P 19410 -158 286 -1525 -1525 -4 -5 -72 16394
17:28:49.070 P 19412 -144 246 -1520 -1520 -4 -4 -318 16300
17:28:49.070 P 19415 -130 173 -1529 -1529 -3 -5 178 16834
17:28:49.070 P 19417 -123 108 -1554 -1554 -4 -4 -124 16552
17:28:49.070 P 19419 -120 96 -1557 -1557 -4 -4 38 16732
17:28:49.070 P 19421 -119 26 -1576 -1576 -4 -4 78 16762
17:28:49.070 P 19423 -121 9 -1584 -1584 -3 -4 210 16486
17:28:49.070 P 19425 -125 -45 -1614 -1614 -4 -4 520 16536
17:28:49.070 P 19427 -129 5 -1599 -1599 -4 -5 26 16730
17:28:49.070 P 19430 -136 -48 -1627 -1627 -4 -4 226 16504
17:28:49.070 P 19432 -141 -93 -1658 -1658 -3 -4 -30 17042
17:28:49.070 P 19434 -149 -76 -1656 -1656 -4 -4 -250 16952
17:28:49.070 P 19436 -158 -103 -1685 -1685 -4 -4 906 16560
17:28:49.070 P 19439 -168 -90 -1708 -1708 -4 -5 876 16814
17:28:49.070 P 19441 -174 -59 -1722 -1722 -5 -5 880 16808
17:28:49.070 P 19443 -177 -13 -1713 -1713 -4 -5 108 16884
17:28:49.070 P 19445 -181 12 -1711 -1711 -4 -5 620 16356
17:28:49.070 P 19447 -181 43 -1730 -1730 -5 -5 450 17382
17:28:49.070 P 19450 -183 81 -1734 -1734 -4 -6 1594 17566
17:28:49.070 P 19452 -182 102 -1736 -1736 -4 -5 1956 16472
17:28:49.070 P 19454 -177 203 -1704 -1704 -5 -6 1846 16468
17:28:49.070 P 19456 -168 269 -1689 -1689 -4 -7 2430 17332
17:28:49.070 P 19459 -141 424 -1589 -1589 -4 -6 1636 16976
17:28:49.070 P 19461 -116 500 -1541 -1541 -4 -6 1174 15990
17:28:49.070 P 19463 -92 482 -1510 -1510 -3 -5 1512 15688
17:28:49.070 P 19466 -55 467 -1481 -1481 -3 -6 1496 16966
17:28:49.070 P 19468 -32 470 -1450 -1450 -4 -5 1822 16476
17:28:49.070 P 19470 -8 544 -1379 -1379 -3 -5 2734 16076
17:28:49.070 P 19472 19 664 1323 1323 -2 -5 3418 16682
17:28:49.070 P 19475 77 884 1499 1499 -2 -4 3442 16548
17:28:49.070 P 19477 129 1024 1657 1657 -1 -4 1532 16408
17:28:50.954 P 19479 184 847 1652 1652 -2 -4 -1166 16442
17:28:50.954 P 19481 217 648 1674 1674 0 -1 1268 16506
17:28:50.954 P 19484 256 343 1673 1673 1 -1 400 16690
17:28:50.954 P 19486 271 316 1755 1755 1 0 -846 16766
17:28:50.954 P 19488 285 220 1807 1807 2 1 -1602 16614
17:28:50.954 P 19491 279 -212 1711 1711 3 2 -1360 16088
17:28:50.954 P 19493 252 -443 1638 1638 2 3 -564 16274
17:28:50.954 P 19495 218 -543 1631 1631 3 3 -230 16726
17:28:50.954 P 19497 179 -552 1642 1642 4 2 132 16304
17:28:50.954 P 19499 141 -601 1619 1619 3 3 -238 16036
17:28:50.954 P 19502 72 -710 1550 1550 4 3 240 16036
17:28:50.954 P 19504 21 -779 1500 1500 4 2 1870 16354
17:28:50.954 P 19506 -21 -546 1588 1588 4 3 828 18126
17:28:50.954 P 19508 -53 -454 1623 1623 4 3 718 17514
17:28:50.954 P 19510 -86 -479 1596 1596 4 3 932 15762
17:28:50.954 P 19512 -116 -448 1604 1604 4 3 -294 16312
17:28:50.954 P 19514 -148 -508 1561 1561 5 2 334 17798
17:28:50.954 P 19517 -197 -513 1536 1536 4 4 0 16758
17:28:50.954 P 19519 -229 -515 1513 1513 4 4 18 16076
17:28:50.954 P 19521 -262 -517 1479 1479 4 3 22 16880
17:28:50.954 P 19523 -294 -559 1436 1436 4 3 -434 17110
17:28:50.954 P 19525 -336 -710 1323 1323 4 3 508 16212
17:28:50.954 P 19527 -381 -643 1321 1321 4 3 430 16000
17:28:50.954 P 19529 -420 -652 -1341 -1341 3 3 128 17196
17:28:50.954 P 19532 -484 -742 -1458 -1458 3 2 284 16604
17:28:50.954 P 19534 -529 -712 -1496 -1496 2 3 434 16346
17:28:50.954 P 19536 -575 -740 -1583 -1583 2 3 2116 16868
17:28:50.954 P 19538 -616 -577 -1584 -1584 1 2 654 16880
17:28:50.954 P 19540 -652 -564 -1669 -1669 0 1 2974 17070
17:28:50.954 P 19542 -674 -269 -1596 -1596 0 1 290 16884
17:28:50.954 P 19544 -686 -100 -1589 -1589 -1 0 2790 16974
17:28:50.954 P 19547 -682 34 -1599 -1599 -1 -1 1354 16932
17:28:50.954 P 19549 -678 36 -1633 -1633 -1 -1 44 16486
17:28:50.954 P 19551 -680 -30 -1693 -1693 -1 0 906 16312
17:28:50.954 P 19553 -683 -67 -1742 -1742 -2 0 1368 16976
17:28:50.954 P 19555 -683 40 -1740 -1740 -2 -2 984 16850
17:28:50.954 P 19557 -680 132 -1737 -1737 -2 -2 2360 16872
17:28:50.954 P 19559 -668 205 -1728 -1728 -2 -2 1176 16834
17:28:50.954 P 19561 -653 324 -1715 -1715 -3 -3 1056 16632
17:28:50.954 P 19563 -633 331 -1734 -1734 -3 -3 1706 16954
17:28:50.954 P 19566 -599 417 -1721 -1721 -3 -3 970 16918
17:28:50.954 P 19568 -575 427 -1733 -1733 -3 -4 1534 16548
17:28:50.954 P 19570 -549 472 -1716 -1716 -4 -3 1020 16550
17:28:50.954 P 19572 -521 503 -1716 -1716 -4 -4 1676 17160
17:28:50.954 P 19574 -490 522 -1707 -1707 -4 -4 1210 16434
17:28:50.954 P 19576 -459 561 -1682 -1682 -4 -4 1136 16652
17:28:50.954 P 19578 -429 526 -1686 -1686 -4 -4 1580 16708
17:28:50.954 P 19581 -386 545 -1663 -1663 -3 -5 1426 17150
17:28:50.954 P 19583 -356 589 -1621 -1621 -4 -4 2286 16502
17:28:50.954 P 19585 -323 606 -1587 -1587 -3 -4 1518 16040
17:28:50.954 P 19587 -292 587 -1584 -1584 -3 -5 2302 16958
17:28:50.954 P 19589 -256 659 -1510 -1510 -3 -5 1134 17418
17:28:50.954 P 19591 -220 668 -1458 -1458 -3 -4 1194 16038
17:28:50.954 P 19593 -185 643 -1432 -1432 -3 -5 1226 15546
17:28:50.954 P 19595 -150 623 -1385 -1385 -2 -4 1064 16740
17:28:50.954 P 19598 -101 595 -1339 -1339 -2 -4 618 16342
17:28:50.954 P 19600 -70 550 -1301 -1301 -1 -3 826 15896
17:28:50.954 P 19602 -42 528 1325 1325 -1 -4 712 16666
17:28:50.954 P 19604 -15 508 1374 1374 -1 -3 542 16712
17:28:50.954 P 19606 9 443 1381 1381 -1 -3 312 16240
17:28:50.954 P 19608 30 391 1413 1413 0 -2 232 16166
17:28:50.954 P 19610 48 327 1423 1423 0 -3 270 16778
17:28:50.954 P 19612 61 261 1439 1439 0 -2 330 16600
17:28:50.954 P 19614 72 256 1472 1472 0 -2 408 16482
17:28:50.954 P 19616 84 254 1518 1518 1 -1 502 16726
17:28:50.954 P 19618 95 254 1563 1563 0 0 534 16776
17:28:50.954 P 19620 107 258 1590 1590 1 -2 352 16550
17:28:50.954 P 19622 118 190 1606 1606 1 0 110 16494
17:28:50.954 P 19624 123 62 1585 1585 1 0 -1536 16504
17:28:50.954 P 19627 112 -64 1575 1575 2 0 152 16392
17:28:50.954 P 19629 100 -120 1570 1570 2 0 1172 16462
17:28:50.954 P 19631 91 -38 1628 1628 2 1 770 16736
17:28:50.954 P 19633 83 -77 1628 1628 2 1 652 16484
17:28:50.954 P 19635 74 -77 1660 1660 3 2 536 16616
17:28:50.954 P 19637 63 -125 1655 1655 3 2 730 16992
17:28:50.954 P 19640 43 -172 1670 1670 3 3 -48 16964
17:28:50.954 P 19642 26 -252 1650 1650 4 3 504 16378
17:28:50.954 P 19644 8 -258 1663 1663 4 3 -242 16666
17:28:50.954 P 19646 -10 -278 1651 1651 4 2 -584 17464
17:28:50.954 P 19648 -31 -284 1666 1666 4 3 248 17186
17:28:50.954 P 19650 -53 -246 1683 1683 4 3 4952 16866
17:28:50.954 P 19653 -35 1075 2377 2377 5 3 9238 17586
17:28:50.954 P 19655 24 1258 2593 2593 7 5 5740 16284
17:28:50.954 P 19657 59 758 2530 2530 9 7 8968 16364
17:28:50.954 P 19659 69 484 2595 2595 12 9 9258 16568
17:28:50.954 P 19661 77 487 2795 2795 13 11 8582 18010
17:28:50.954 P 19664 83 190 2800 2800 16 14 7036 15538
17:28:50.954 P 19666 74 57 2800 2800 18 16 2730 16002
17:28:50.954 P 19668 48 -353 2800 2800 20 18 3492 17434
17:28:50.954 P 19670 9 -622 2800 2800 21 20 1702 19806
17:28:50.954 P 19672 -44 -1013 2800 2800 23 21 -1508 13850
17:28:50.954 P 19674 -123 -1423 2800 2800 24 23 -2506 15072
17:28:50.954 P 19676 -229 -1972 2800 2800 24 23 -2546 16164
17:28:50.954 P 19678 -364 -2468 2800 2800 25 24 -1784 15314
17:28:50.954 P 19681 -618 -3096 2610 2610 28 26 -2088 12792
17:28:50.954 P 19683 -819 -3510 2374 2374 28 28 -1114 13664
17:28:50.954 P 19685 -1044 -3812 2123 2123 28 27 -40 16576
17:28:50.954 P 19687 -1282 -4121 1830 1830 27 26 -756 15238
17:28:50.954 P 19689 -1549 -4393 1532 1532 28 27 4358 9046
17:28:50.954 P 19691 -1811 -4266 1372 1372 27 27 1888 12518
17:28:50.954 P 19693 -2071 -4405 -1507 -1507 27 26 1684 14554
17:28:50.954 P 19695 -2347 -4710 -1967 -1967 24 24 4070 13890
17:28:50.954 P 19697 -2624 -4255 -2135 -2135 21 19 10404 18038
17:28:50.954 P 19699 -2828 -3007 -1945 -1945 17 18 12368 24344
17:28:50.954 P 19701 -2952 -1662 -1680 -1680 14 15 13640 24716
17:28:50.954 P 19703 -3007 -764 -1573 -1573 12 12 6496 18308
17:28:50.954 P 19705 -3029 -339 -1633 -1633 10 10 5208 15562
17:28:50.954 P 19708 -3034 -111 -1842 -1842 8 9 7524 19448
17:28:50.954 P 19710 -3019 261 -1866 -1866 6 7 6154 20640
17:28:50.954 P 19712 -2986 530 -1920 -1920 4 5 6894 18116
17:28:50.954 P 19714 -2929 1019 -1853 -1853 1 4 6214 18880
17:28:50.954 P 19716 -2845 1401 -1799 -1799 2 2 6878 18882
17:28:50.954 P 19718 -2736 1751 -1740 -1740 -2 1 3372 16724
17:28:50.954 P 19720 -2623 1765 -1784 -1784 -1 0 4256 15252
17:28:50.954 P 19722 -2506 1765 -1811 -1811 -2 -1 2210 15580
17:28:50.954 P 19724 -2399 1626 -1895 -1895 -3 -1 3236 16476
17:28:50.954 P 19726 -2295 1608 -1905 -1905 -2 -2 3866 16398
17:28:50.954 P 19729 -2136 1709 -1877 -1877 -4 -4 3162 16770
17:28:50.954 P 19731 -2025 1780 -1834 -1834 -5 -4 2368 16122
17:28:50.954 P 19733 -1914 1748 -1832 -1832 -5 -5 2268 15912
17:28:50.954 P 19735 -1805 1682 -1833 -1833 -6 -5 2390 15856
17:28:50.954 P 19737 -1700 1638 -1827 -1827 -6 -6 1652 15888
17:28:50.954 P 19739 -1602 1546 -1820 -1820 -5 -6 2340 16092
17:28:50.954 P 19741 -1507 1488 -1804 -1804 -5 -5 1912 16340
17:28:50.954 P 19743 -1419 1394 -1819 -1819 -6 -5 2220 17038
17:28:50.954 P 19745 -1334 1335 -1819 -1819 -7 -6 2450 16164
17:28:50.954 P 19747 -1253 1290 -1803 -1803 -7 -7 2208 15870
17:28:50.954 P 19749 -1176 1204 -1791 -1791 -6 -7 1192 16106
17:28:50.954 P 19752 -1070 1118 -1777 -1777 -6 -8 1420 16300
17:28:50.954 P 19753 -1037 1068 -1778 -1778 -7 -6 1874 16296
17:28:50.954 P 19755 -973 1037 -1754 -1754 -7 -7 1282 15990
17:28:50.954 P 19757 -911 959 -1750 -1750 -7 -6 950 16724
17:28:50.954 P 19760 -831 826 -1756 -1756 -6 -7 1700 16324
17:28:50.954 P 19762 -782 758 -1765 -1765 -7 -7 474 16272
17:28:50.954 P 19764 -740 676 -1775 -1775 -7 -7 1360 17070
17:28:50.954 P 19766 -699 652 -1765 -1765 -7 -7 1036 16052
17:28:50.954 P 19768 -663 571 -1775 -1775 -6 -7 892 16502
17:28:50.954 P 19769 -647 543 -1781 -1781 -7 -7 1398 16320
17:28:50.954 P 19771 -612 554 -1768 -1768 -7 -8 376 16632
17:28:50.954 P 19773 -582 504 -1764 -1764 -6 -7 838 16836
17:28:50.954 P 19775 -555 431 -1796 -1796 -8 -7 1094 16302
17:28:50.954 P 19777 -530 386 -1800 -1800 -6 -7 450 16222
17:28:50.954 P 19779 -511 338 -1831 -1831 -7 -7 1462 17098
17:28:50.954 P 19781 -488 363 -1812 -1812 -7 -8 156 16676
17:28:50.954 P 19783 -470 341 -1825 -1825 -8 -7 1486 16700
17:28:50.954 P 19785 -448 386 -1811 -1811 -8 -8 660 15654
17:28:50.954 P 19787 -427 342 -1833 -1833 -8 -8 412 17312
17:28:50.954 P 19789 -408 354 -1837 -1837 -8 -8 646 16512
17:28:50.954 P 19791 -388 322 -1855 -1855 -7 -9 538 16146
17:28:50.954 P 19793 -369 338 -1847 -1847 -8 -8 402 16200
17:28:50.954 P 19795 -352 314 -1887 -1887 -9 -9 2080 16800
17:28:50.954 P 19797 -329 433 -1823 -1823 -8 -9 -228 17184
17:28:50.954 P 19800 -298 394 -1845 -1845 -8 -9 1004 15958
17:28:50.954 P 19802 -274 392 -1849 -1849 -8 -9 538 16352
17:28:50.954 P 19804 -252 389 -1870 -1870 -8 -10 238 16386
17:28:50.954 P 19806 -231 383 -1866 -1866 -9 -8 1058 16776
17:28:50.954 P 19808 -208 420 -1869 -1869 -10 -10 -140 16704
17:28:50.954 P 19810 -187 410 -1868 -1868 -9 -9 2550 17866
17:28:50.954 P 19812 -157 527 -1812 -1812 -9 -9 -624 14938
17:28:50.954 P 19814 -132 457 -1839 -1839 -10 -9 1456 17584
17:28:50.954 P 19816 -104 461 -1834 -1834 -9 -10 -724 17996
17:28:50.954 P 19818 -85 347 -1903 -1903 -10 -11 1680 14990
17:28:50.954 P 19820 -60 497 -1813 -1813 -9 -10 132 15798
17:28:50.954 P 19822 -32 517 -1802 -1802 -9 -11 386 17238
17:28:50.954 P 19825 11 539 -1768 -1768 -9 -10 258 15630
17:28:50.954 P 19827 39 442 -1809 -1809 -10 -10 -544 16894
17:28:50.954 P 19829 60 443 -1790 -1790 -9 -10 620 16930
17:28:50.954 P 19831 87 440 -1786 -1786 -9 -10 -494 15838
17:28:50.954 P 19833 108 440 -1785 -1785 -10 -10 352 16712
17:28:50.954 P 19835 132 429 -1766 -1766 -9 -10 -280 16968
17:28:50.954 P 19838 165 428 -1745 -1745 -9 -10 -112 16542
17:28:50.954 P 19840 188 377 -1771 -1771 -10 -10 -650 16736
17:28:50.954 P 19842 205 351 -1758 -1758 -8 -10 594 16330
17:28:50.954 P 19844 226 417 -1723 -1723 -10 -9 -298 16780
17:28:50.954 P 19846 247 391 -1710 -1710 -8 -9 2 17566
17:28:50.954 P 19848 268 397 -1708 -1708 -10 -10 -566 16176
17:28:50.954 P 19851 298 367 -1684 -1684 -8 -9 -270 17134
17:28:50.954 P 19853 315 339 -1687 -1687 -9 -9 -472 17426
17:28:50.954 P 19855 332 345 -1674 -1674 -8 -9 158 14904
17:28:50.954 P 19857 351 396 -1630 -1630 -8 -9 -292 17294
17:28:52.842 P 19859 371 387 -1619 -1619 -9 -9 -486 17354
17:28:52.842 P 19862 399 356 -1603 -1603 -8 -9 -496 15134
17:28:52.842 P 19864 417 354 -1579 -1579 -8 -8 -606 17922
17:28:52.842 P 19866 434 340 -1566 -1566 -8 -8 -486 17472
17:28:52.842 P 19868 450 323 -1571 -1571 -8 -9 -612 15606
17:28:52.842 P 19870 465 296 -1572 -1572 -8 -9 -454 17016
17:28:52.842 P 19872 477 270 -1557 -1557 -7 -8 -170 18142
17:28:52.842 P 19873 482 253 -1562 -1562 -8 -8 414 18472
17:28:52.842 P 19875 488 261 -1555 -1555 -8 -8 2068 19484
17:28:52.842 P 19877 500 360 -1475 -1475 -7 -8 -180 17508
17:28:52.842 P 19879 516 328 -1479 -1479 -6 -9 1288 15480
17:28:52.842 P 19881 538 535 -1338 -1338 -6 -8 566 14466
17:28:52.842 P 19883 567 599 1332 1332 -6 -8 450 15562
17:28:52.842 P 19885 598 626 1401 1401 -5 -8 -418 16594
17:28:52.842 P 19887 629 482 1404 1404 -4 -7 -1454 16322
17:28:52.842 P 19889 647 384 1405 1405 -4 -6 -436 16298
17:28:52.842 P 19891 664 278 1414 1414 -4 -6 -978 16696
17:28:52.842 P 19893 672 195 1422 1422 -4 -5 -1184 16532
17:28:52.842 P 19895 675 72 1426 1426 -3 -5 -996 16660
17:28:52.842 P 19897 670 -23 1412 1412 -3 -4 -864 16664
17:28:52.842 P 19898 667 -58 1413 1413 -2 -5 -1172 16912
17:28:52.842 P 19900 655 -120 1433 1433 -2 -3 -1068 16814
17:28:52.842 P 19902 641 -182 1424 1424 -1 -4 -752 16774
17:28:52.842 P 19904 623 -246 1417 1417 -1 -3 -876 16574
17:28:52.842 P 19906 601 -289 1412 1412 -1 -3 -770 16594
17:28:52.842 P 19908 578 -321 1406 1406 -2 -3 -1106 16548
17:28:52.842 P 19910 551 -375 1397 1397 -1 -2 -582 16734
17:28:52.842 P 19912 523 -390 1390 1390 -2 -2 -788 16594
17:28:52.842 P 19914 495 -407 1392 1392 -1 -2 -780 16682
17:28:52.842 P 19916 465 -427 1390 1390 0 -2 -858 16544
17:28:52.842 P 19918 435 -454 1373 1373 -1 0 -846 16474
17:28:52.842 P 19920 401 -543 1315 1315 0 -2 -1144 16504
17:28:52.842 P 19922 360 -653 -1347 -1347 0 -1 -824 16576
17:28:52.842 P 19924 315 -683 -1380 -1380 0 0 -678 16564
17:28:52.842 P 19926 269 -673 -1414 -1414 0 -1 1050 16906
17:28:52.842 P 19928 231 -457 -1335 -1335 0 -1 -772 16468
17:28:52.842 P 19929 216 -472 -1346 -1346 0 0 -1194 16502
17:28:52.842 P 19932 159 -615 -1464 -1464 0 0 968 16738
17:28:52.842 P 19934 125 -505 -1449 -1449 0 -1 -1240 16706
17:28:52.842 P 19936 87 -563 -1508 -1508 0 -1 804 16646
17:28:52.842 P 19938 53 -528 -1529 -1529 0 -1 -290 16536
17:28:52.842 P 19940 17 -502 -1545 -1545 -1 0 132 16660
17:28:52.842 P 19942 -13 -468 -1585 -1585 -2 -1 310 16654
17:28:52.842 P 19945 -53 -362 -1577 -1577 -1 0 444 16804
17:28:52.842 P 19947 -76 -340 -1606 -1606 -2 -1 18 16704
17:28:52.842 P 19949 -98 -304 -1620 -1620 -1 -1 266 16466
17:28:52.842 P 19951 -115 -229 -1625 -1625 -1 -1 108 16718
17:28:52.842 P 19954 -135 -163 -1658 -1658 -2 -2 386 16544
17:28:52.842 P 19956 -143 -95 -1670 -1670 -3 -3 126 16500
17:28:52.842 P 19959 -148 18 -1662 -1662 -3 -2 -28 16358
17:28:52.842 P 19961 -145 107 -1651 -1651 -4 -3 428 16176
17:28:52.842 P 19963 -134 236 -1602 -1602 -3 -3 -208 16130
17:28:52.842 P 19966 -106 353 -1548 -1548 -3 -3 -934 15392
17:28:52.842 P 19968 -79 460 -1489 -1489 -3 -2 -1204 16256
17:28:52.842 P 19970 -53 285 -1573 -1573 -4 -2 -2190 20132
17:28:52.842 P 19973 -73 -307 -1903 -1903 -4 -2 -1364 15816
17:28:52.842 P 19975 -104 -431 -2032 -2032 -4 -4 2780 14434
17:28:52.842 P 19977 -124 -140 -1987 -1987 -6 -5 1548 18450
17:28:52.842 P 19979 -128 187 -1927 -1927 -7 -6 4340 19868
17:28:52.842 P 19981 -88 966 -1583 -1583 -7 -6 1686 14964
17:28:52.842 P 19984 25 1324 -1388 -1388 -6 -6 -898 17032
17:28:52.842 P 19986 95 1125 -1473 -1473 -8 -7 -52 17670
17:28:52.842 P 19988 157 1059 -1459 -1459 -6 -7 -524 15676
17:28:52.842 P 19991 239 944 -1440 -1440 -6 -6 1098 17308
17:28:52.842 P 19993 301 1100 -1308 -1308 -6 -5 -660 16506
17:28:52.842 P 19995 361 1021 1309 1309 -5 -5 -684 16326
17:28:52.842 P 19998 445 1009 1392 1392 -6 -5 -172 16566
17:28:52.842 P 20000 503 1045 1479 1479 -6 -5 -272 16582
17:28:52.842 P 20002 564 1081 1592 1592 -4 -4 -762 17112
17:28:52.842 P 20004 625 907 1620 1620 -4 -3 -3570 16314
17:28:52.842 P 20007 681 574 1617 1617 -3 -2 -2182 16404
17:28:52.842 P 20009 706 372 1630 1630 -1 -2 -1830 17334
17:28:52.842 P 20011 718 168 1623 1623 0 -1 -3846 16882
17:28:52.842 P 20014 680 -587 1343 1343 0 0 -212 16620
17:28:52.842 P 20016 641 -626 1333 1333 0 0 -1494 16754
17:28:52.842 P 20018 597 -552 1369 1369 0 0 66 16734
17:28:52.842 P 20020 566 -434 1426 1426 0 0 -618 16332
17:28:52.842 P 20022 535 -397 1435 1435 0 0 -314 16800
17:28:52.842 P 20024 509 -342 1451 1451 0 0 -376 16764
17:28:52.842 P 20026 486 -287 1473 1473 0 0 -512 16554
17:28:52.842 P 20028 465 -248 1477 1477 0 0 -340 16678
17:28:52.842 P 20030 448 -200 1488 1488 0 0 -356 16582
17:28:52.842 P 20032 433 -159 1495 1495 0 0 -418 16620
17:28:52.842 P 20034 420 -123 1502 1502 0 0 -262 16704
17:28:52.842 P 20036 410 -83 1513 1513 0 0 -516 16676
17:28:52.842 P 20038 402 -50 1532 1532 1 0 -440 16616
17:28:52.842 P 20040 396 -24 1537 1537 0 0 -352 16808
17:28:52.842 P 20042 392 3 1553 1553 0 0 -544 16636
17:28:52.842 P 20044 389 17 1553 1553 0 0 -554 16684
17:28:52.842 P 20046 387 23 1569 1569 0 1 -654 16682
17:28:52.842 P 20048 385 24 1581 1581 1 1 -806 16640
17:28:52.842 P 20050 383 5 1576 1576 0 0 -1080 16786
17:28:52.842 P 20052 378 -18 1585 1585 1 1 -318 16754
17:28:52.842 P 20054 374 -18 1590 1590 1 1 -608 16770
17:28:52.842 P 20056 369 -28 1588 1588 1 1 -932 16642
17:28:52.842 P 20058 362 -73 1582 1582 1 1 -608 16706
17:28:52.842 P 20060 354 -93 1581 1581 1 1 -1378 16662
17:28:52.842 P 20062 343 -125 1565 1565 1 1 -444 16762
17:28:52.842 P 20065 327 -110 1591 1591 1 2 -212 16704
17:28:52.842 P 20067 318 -141 1578 1578 2 2 -910 16536
17:28:52.842 P 20069 306 -142 1573 1573 1 2 -1138 16644
17:28:52.842 P 20071 292 -167 1562 1562 2 1 -796 16638
17:28:52.842 P 20073 278 -186 1548 1548 1 1 -64 16770
17:28:52.842 P 20076 259 -172 1563 1563 2 3 -514 16676
17:28:52.842 P 20078 247 -128 1575 1575 1 3 -1148 16646
17:28:52.842 P 20080 234 -183 1549 1549 2 3 90 16834
17:28:52.842 P 20082 222 -155 1553 1553 2 3 -1344 16474
17:28:52.842 P 20084 207 -172 1540 1540 2 3 282 16610
17:28:52.842 P 20087 189 -168 1527 1527 1 2 118 16864
17:28:52.842 P 20089 180 -109 1553 1553 2 2 -1358 16494
17:28:52.842 P 20091 166 -153 1526 1526 3 2 132 16744
17:28:52.842 P 20093 158 -121 1529 1529 2 2 -1054 16688
17:28:52.842 P 20095 146 -110 1529 1529 2 2 -168 16702
17:28:52.842 P 20097 137 -136 1514 1514 3 2 -350 16476
17:28:52.842 P 20099 126 -100 1517 1517 2 2 -136 16802
17:28:52.842 P 20101 120 -104 1504 1504 1 2 -678 16688
17:28:52.842 P 20104 106 -84 1511 1511 2 2 -984 16540
17:28:52.842 P 20106 97 -88 1488 1488 1 2 -82 16674
17:28:52.842 P 20108 91 -68 1501 1501 1 3 -682 16540
17:28:52.842 P 20110 83 -65 1486 1486 1 2 272 16838
17:28:52.842 P 20112 79 -49 1492 1492 2 2 -438 16724
17:28:52.842 P 20114 73 -37 1504 1504 2 2 -226 16716
17:28:52.842 P 20116 69 -51 1475 1475 1 2 -624 16612
17:28:52.842 P 20118 63 -22 1477 1477 1 1 -364 16896
17:28:52.842 P 20121 56 -23 1476 1476 1 2 218 16560
17:28:52.842 P 20123 54 -15 1475 1475 2 1 -224 16752
17:28:52.842 P 20125 51 -18 1479 1479 2 2 -186 16708
17:28:52.842 P 20127 48 6 1476 1476 1 2 72 16690
17:28:52.842 P 20129 47 7 1478 1478 2 2 -446 16702
17:28:52.842 P 20131 44 17 1472 1472 1 2 90 16842
17:28:52.842 P 20133 43 29 1471 1471 1 1 -108 16592
17:28:52.842 P 20135 44 46 1485 1485 1 2 -486 16640
17:28:52.842 P 20137 43 38 1476 1476 1 2 172 16782
17:28:52.842 P 20139 45 60 1485 1485 1 1 -580 16684
17:28:52.842 P 20142 46 55 1474 1474 0 1 -224 16596
17:28:52.842 P 20144 48 65 1482 1482 1 1 -908 16596
17:28:52.842 P 20146 48 66 1494 1494 1 2 572 16780
17:28:52.842 P 20148 52 75 1484 1484 1 1 -876 16500
17:28:52.842 P 20150 53 56 1488 1488 1 1 -358 16624
17:28:52.842 P 20152 54 50 1489 1489 1 2 -204 16568
17:28:52.842 P 20154 58 59 1489 1489 1 1 -1686 16366
17:28:52.842 P 20156 57 -45 1442 1442 1 1 -1110 16734
17:28:52.842 P 20158 53 -37 1436 1436 1 1 -1108 17102
17:28:52.842 P 20160 47 -79 1405 1405 0 1 58 16826
17:28:52.842 P 20162 41 -59 1416 1416 1 1 -166 16576
17:28:52.842 P 20164 35 -29 1412 1412 1 1 260 16760
17:28:52.842 P 20166 31 -22 1404 1404 1 1 488 16786
17:28:52.842 P 20168 30 70 1430 1430 0 0 8 16602
17:28:52.842 P 20170 31 79 1435 1435 0 1 768 16672
17:28:52.842 P 20172 36 147 1471 1471 0 1 74 16674
17:28:52.842 P 20174 41 158 1483 1483 1 1 348 16644
17:28:52.842 P 20176 50 177 1482 1482 0 1 -518 16684
17:28:52.842 P 20178 58 171 1491 1491 0 1 -222 16700
17:28:52.842 P 20180 66 155 1487 1487 0 1 -234 16748
17:28:52.842 P 20182 73 154 1510 1510 2 1 -408 16694
17:28:52.842 P 20184 79 152 1517 1517 1 1 -136 16424
17:28:52.842 P 20186 86 136 1510 1510 0 2 -544 16500
17:28:52.842 P 20188 91 97 1497 1497 1 0 -158 16648
17:28:52.842 P 20190 93 95 1521 1521 1 2 12 16728
17:28:52.842 P 20192 97 104 1517 1517 1 0 -564 16718
17:28:52.842 P 20194 101 109 1534 1534 2 1 -278 16672
17:28:52.842 P 20196 105 93 1529 1529 1 1 -652 16668
17:28:52.842 P 20198 107 76 1521 1521 0 1 -278 16742
17:28:52.842 P 20200 109 60 1522 1522 0 1 -632 16622
17:28:52.842 P 20202 110 47 1533 1533 1 2 -726 16696
17:28:52.842 P 20205 108 24 1523 1523 1 1 -198 16566
17:28:52.842 P 20207 107 -1 1510 1510 1 0 -528 16638
17:28:52.842 P 20209 103 -29 1504 1504 1 1 -220 16572
17:28:52.842 P 20211 98 24 1533 1533 2 1 994 16680
17:28:52.842 P 20213 96 73 1561 1561 1 1 1486 16668
17:28:52.842 P 20215 98 158 1602 1602 2 1 1064 16990
17:28:52.842 P 20217 104 248 1648 1648 1 1 1950 17068
17:28:52.842 P 20219 119 369 1736 1736 1 2 902 16738
17:28:52.842 P 20221 138 407 1796 1796 2 2 1032 16984
17:28:52.842 P 20223 157 351 1823 1823 3 3 350 16774
17:28:52.842 P 20225 167 229 1807 1807 2 3 742 17154
17:28:52.842 P 20227 171 178 1830 1830 3 3 938 17186
17:28:52.842 P 20229 174 177 1882 1882 3 4 1486 17304
17:28:52.842 P 20231 181 203 1947 1947 4 4 1188 17378
17:28:52.842 P 20234 185 49 1989 1989 5 5 890 16964
17:28:52.842 P 20236 175 -118 1988 1988 7 7 582 16140
17:28:52.842 P 20238 154 -271 1959 1959 7 7 1524 15886
17:28:52.842 P 20240 126 -311 1997 1997 8 6 2166 16064
17:28:52.842 P 20242 100 -341 2046 2046 8 8 930 16170
17:28:52.842 P 20244 70 -419 2063 2063 9 8 578 16052
17:28:52.842 P 20247 12 -670 2004 2004 9 9 990 16996
17:28:52.842 P 20249 -36 -728 2017 2017 10 10 108 17770
17:28:52.842 P 20251 -90 -857 1976 1976 11 9 1096 16802
17:28:52.842 P 20253 -154 -970 1925 1925 11 9 2392 13298
17:28:52.842 P 20255 -222 -1046 1893 1893 12 10 552 11734
17:28:54.753 P 20257 -301 -1274 1750 1750 11 10 1430 11444
17:28:54.753 P 20259 -391 -1456 1610 1610 12 9 1404 12222
17:28:54.753 P 20261 -475 -1200 1688 1688 12 9 1614 32767
17:28:54.753 P 20264 -546 -688 1897 1897 12 9 2986 13984
17:28:54.753 P 20266 -596 -682 1870 1870 12 9 1664 9988
17:28:54.753 P 20268 -646 -911 1730 1730 12 10 584 19524
17:28:54.753 P 20270 -704 -884 1701 1701 12 9 2010 19734
17:28:54.753 P 20272 -757 -839 1668 1668 12 8 2306 14250
17:28:54.753 P 20274 -811 -817 1636 1636 12 8 1816 14486
17:28:54.753 P 20276 -863 -816 1587 1587 12 8 2934 17716
17:28:54.753 P 20278 -912 -708 1588 1588 12 7 3092 18240
17:28:54.753 P 20280 -956 -675 1555 1555 12 8 3052 16296
17:28:54.753 P 20282 -998 -606 1545 1545 12 7 3332 15542
17:28:54.753 P 20284 -1035 -523 1542 1542 12 7 3386 17694
17:28:54.753 P 20286 -1067 -461 1532 1532 12 7 3470 17022
17:28:54.753 P 20288 -1097 -425 1506 1506 12 6 3194 15218
17:28:54.753 P 20290 -1125 -353 1517 1517 12 7 3730 16172
17:28:54.753 P 20292 -1144 -277 1523 1523 12 6 2366 16586
17:28:54.753 P 20294 -1165 -324 1454 1454 11 5 3258 15740
17:28:54.753 P 20296 -1181 -235 1485 1485 12 5 1704 17232
17:28:54.753 P 20298 -1198 -288 1450 1450 12 6 2690 16442
17:28:54.753 P 20300 -1213 -255 1421 1421 11 4 1746 16632
17:28:54.753 P 20302 -1231 -312 1385 1385 11 5 2454 15708
17:28:54.753 P 20304 -1251 -322 1342 1342 11 4 2742 16092
17:28:54.753 P 20306 -1272 -343 1320 1320 12 4 3300 17758
17:28:54.753 P 20308 -1293 -287 1319 1319 11 5 3618 16920
17:28:54.753 P 20310 -1309 -246 1302 1302 11 4 3382 15710
17:28:54.753 P 20312 -1323 -185 1312 1312 10 4 3196 16478
17:28:54.753 P 20314 -1335 -192 -1312 -1312 10 4 2706 16734
17:28:54.753 P 20316 -1349 -218 -1342 -1342 10 4 2948 15922
17:28:54.753 P 20317 -1356 -229 -1375 -1375 9 3 2668 16080
17:28:54.753 P 20319 -1373 -262 -1429 -1429 9 3 3324 15964
17:28:54.753 P 20321 -1386 -159 -1432 -1432 8 3 3922 18558
17:28:54.753 P 20323 -1390 43 -1392 -1392 8 2 4630 17126
17:28:54.753 P 20325 -1376 337 1317 1317 7 2 3322 16344
17:28:54.753 P 20327 -1349 444 1355 1355 6 2 2468 16412
17:28:54.753 P 20329 -1322 434 1329 1329 6 1 2768 16730
17:28:54.753 P 20332 -1284 394 1324 1324 6 2 2646 15950
17:28:54.753 P 20334 -1263 349 1301 1301 5 2 2740 16000
17:28:54.753 P 20335 -1253 331 1310 1310 7 2 3034 16436
17:28:54.753 P 20337 -1233 391 1336 1336 7 1 3224 17212
17:28:54.753 P 20340 -1197 412 1351 1351 6 1 3290 16180
17:28:54.753 P 20341 -1186 416 1362 1362 5 2 2874 15794
17:28:54.753 P 20344 -1150 415 1380 1380 6 1 2802 16966
17:28:54.753 P 20345 -1138 421 1386 1386 5 1 2736 17148
17:28:54.753 P 20347 -1114 410 1398 1398 6 0 2968 16206
17:28:54.753 P 20349 -1088 491 1451 1451 6 0 3176 16618
17:28:54.753 P 20351 -1060 532 1474 1474 5 0 3648 16480
17:28:54.753 P 20353 -1028 571 1515 1515 5 0 2764 16670
17:28:54.753 P 20355 -996 562 1538 1538 6 0 2532 16406
17:28:54.753 P 20357 -961 599 1578 1578 5 0 2136 16590
17:28:54.753 P 20359 -928 552 1589 1589 5 0 2302 16784
17:28:54.753 P 20361 -898 516 1604 1604 6 0 2080 15890
17:28:54.753 P 20363 -869 491 1613 1613 5 0 2168 16642
17:28:54.753 P 20365 -840 502 1651 1651 5 0 1942 16398
17:28:54.753 P 20367 -810 511 1690 1690 6 0 1754 16356
17:28:54.753 P 20368 -796 495 1694 1694 5 0 1788 16286
17:28:54.753 P 20370 -770 433 1695 1695 6 0 1658 16226
17:28:54.753 P 20372 -748 375 1712 1712 6 1 1902 16616
17:28:54.753 P 20374 -727 352 1731 1731 6 1 1300 17392
17:28:54.753 P 20376 -710 270 1723 1723 5 1 1250 16416
17:28:54.753 P 20378 -698 212 1737 1737 5 2 1784 16032
17:28:54.753 P 20379 -693 195 1750 1750 7 1 1814 15726
17:28:54.753 P 20381 -687 144 1752 1752 7 2 2588 16538
17:28:54.753 P 20383 -684 146 1780 1780 6 2 3200 16882
17:28:54.753 P 20385 -677 196 1837 1837 6 2 2820 16846
17:28:54.753 P 20387 -666 206 1892 1892 7 3 906 15898
17:28:54.753 P 20388 -663 119 1874 1874 7 3 890 16276
17:28:54.753 P 20390 -667 -96 1798 1798 6 3 1550 15866
17:28:54.753 P 20392 -683 -235 1779 1779 8 4 2362 16476
17:28:54.753 P 20394 -701 -248 1784 1784 8 3 2018 16966
17:28:54.753 P 20396 -722 -293 1782 1782 8 4 2714 16824
17:28:54.753 P 20398 -742 -307 1786 1786 8 4 1674 16050
17:28:54.753 P 20400 -766 -377 1753 1753 8 4 2074 15982
17:28:54.753 P 20401 -780 -389 1745 1745 8 4 2214 16216
17:28:54.753 P 20403 -806 -445 1720 1720 8 5 1392 16422
17:28:54.753 P 20405 -839 -523 1662 1662 8 4 2598 16972
17:28:54.753 P 20407 -872 -490 1665 1665 8 4 2514 16234
17:28:54.753 P 20409 -900 -421 1678 1678 8 4 1716 16916
17:28:54.753 P 20411 -927 -442 1649 1649 8 4 2094 16734
17:28:54.753 P 20413 -954 -424 1639 1639 8 4 1188 16334
17:28:54.753 P 20415 -979 -479 1596 1596 8 4 620 16540
17:28:54.753 P 20416 -994 -522 1554 1554 8 3 554 15932
17:28:54.753 P 20418 -1030 -608 1469 1469 8 2 1996 16352
17:28:54.753 P 20420 -1069 -608 1427 1427 7 3 3252 16480
17:28:54.753 P 20422 -1106 -499 1434 1434 8 2 4464 16720
17:28:54.753 P 20424 -1132 -312 1483 1483 7 2 4324 17220
17:28:54.753 P 20426 -1146 -128 1551 1551 7 3 3778 16688
17:28:54.753 P 20427 -1149 -69 1555 1555 7 1 2534 16466
17:28:54.753 P 20429 -1155 -74 1548 1548 7 2 2890 16558
17:28:54.753 P 20431 -1164 -173 1469 1469 6 2 3156 16034
17:28:54.753 P 20433 -1182 -228 1401 1401 6 1 3852 16186
17:28:54.753 P 20435 -1197 -210 1397 1397 6 2 3290 17000
17:28:54.753 P 20437 -1211 -214 1359 1359 5 2 2568 16080
17:28:54.753 P 20439 -1228 -226 1331 1331 5 3 5088 16182
17:28:54.753 P 20441 -1236 -65 1389 1389 5 2 3300 15990
17:28:54.753 P 20442 -1238 -62 1378 1378 5 2 3408 16934
17:28:54.753 P 20444 -1241 -88 1370 1370 6 2 1858 16762
17:28:54.753 P 20446 -1249 -79 1355 1355 5 3 3048 16282
17:28:54.753 P 20448 -1255 -134 1306 1306 5 2 2772 16396
17:28:54.753 P 20450 -1265 -154 -1313 -1313 5 3 2986 16794
17:28:54.753 P 20452 -1275 -167 -1349 -1349 4 2 3394 16354
17:28:54.753 P 20454 -1285 -134 -1355 -1355 4 2 2956 16434
17:28:54.753 P 20456 -1293 -110 -1367 -1367 4 2 3044 16882
17:28:54.753 P 20458 -1298 -79 -1375 -1375 4 2 2738 16776
17:28:54.753 P 20460 -1302 -44 -1395 -1395 2 2 2754 16342
17:28:54.753 P 20462 -1304 -45 -1420 -1420 3 1 2620 16636
17:28:54.753 P 20464 -1307 -37 -1431 -1431 3 2 2638 16652
17:28:54.753 P 20465 -1307 -27 -1442 -1442 2 1 2792 16582
17:28:54.753 P 20467 -1308 -12 -1478 -1478 1 1 2616 16526
17:28:54.753 P 20469 -1308 19 -1475 -1475 1 1 2942 16562
17:28:54.753 P 20471 -1304 87 -1484 -1484 0 0 2470 16648
17:28:54.753 P 20473 -1299 76 -1515 -1515 1 0 3108 16560
17:28:54.753 P 20475 -1292 120 -1517 -1517 1 0 2386 16432
17:28:54.753 P 20477 -1285 120 -1532 -1532 0 0 2616 16532
17:28:54.753 P 20479 -1276 140 -1565 -1565 -1 -1 2224 16446
17:28:54.753 P 20481 -1270 72 -1611 -1611 0 -1 2498 16122
17:28:54.753 P 20482 -1268 34 -1640 -1640 -1 0 2366 16320
17:28:54.753 P 20484 -1267 -7 -1686 -1686 -1 0 2164 16438
17:28:54.753 P 20486 -1269 -55 -1740 -1740 -1 -1 2498 16684
17:28:54.753 P 20488 -1270 12 -1746 -1746 -1 -1 2732 16892
17:28:54.753 P 20490 -1265 129 -1732 -1732 -2 -2 3134 17108
17:28:54.753 P 20492 -1251 230 -1713 -1713 -2 -2 2144 16794
17:28:54.753 P 20494 -1236 302 -1713 -1713 -3 -2 2766 16750
17:28:54.753 P 20496 -1214 313 -1721 -1721 -2 -2 2132 16788
17:28:54.753 P 20499 -1186 286 -1776 -1776 -4 -3 1762 16670
17:28:54.753 P 20501 -1171 278 -1792 -1792 -4 -3 2808 16448
17:28:54.753 P 20503 -1151 329 -1797 -1797 -4 -4 2068 17018
17:28:54.753 P 20505 -1130 382 -1795 -1795 -4 -4 2772 16838
17:28:54.753 P 20507 -1106 372 -1819 -1819 -4 -5 2610 16416
17:28:54.753 P 20509 -1082 418 -1823 -1823 -5 -4 2114 16242
17:28:54.753 P 20512 -1042 496 -1819 -1819 -5 -6 3164 17240
17:28:54.753 P 20514 -1008 580 -1794 -1794 -7 -6 2008 16662
17:28:54.753 P 20516 -971 623 -1764 -1764 -6 -5 1814 16156
17:28:54.753 P 20518 -937 569 -1796 -1796 -6 -6 3036 16928
17:28:54.753 P 20520 -903 593 -1790 -1790 -7 -6 2212 16118
17:28:54.753 P 20522 -868 622 -1762 -1762 -6 -6 2456 16336
17:28:54.753 P 20524 -832 638 -1753 -1753 -6 -6 3300 16394
17:28:54.753 P 20526 -794 710 -1710 -1710 -6 -7 3022 17100
17:28:54.753 P 20529 -732 823 -1618 -1618 -6 -6 3964 16148
17:28:54.753 P 20531 -685 850 -1588 -1588 -7 -7 3088 15892
17:28:54.753 P 20533 -637 875 -1526 -1526 -6 -7 2600 17222
17:28:54.753 P 20535 -588 886 -1481 -1481 -7 -6 2424 16448
17:28:54.753 P 20537 -537 839 -1455 -1455 -7 -7 1262 15784
17:28:54.753 P 20540 -473 703 -1446 -1446 -6 -6 2656 16784
17:28:54.753 P 20542 -432 745 -1374 -1374 -5 -6 1386 15804
17:28:54.753 P 20544 -391 719 -1333 -1333 -6 -5 1346 16278
17:28:54.753 P 20546 -353 702 1303 1303 -5 -6 2508 17342
17:28:54.753 P 20548 -313 692 1349 1349 -5 -5 1794 16850
17:28:54.753 P 20550 -277 647 1379 1379 -5 -5 1570 16098
17:28:54.753 P 20553 -229 568 1449 1449 -4 -3 1754 16308
17:28:54.753 P 20555 -200 509 1475 1475 -4 -4 1002 16600
17:28:54.753 P 20557 -177 401 1490 1490 -3 -3 876 16402
17:28:54.753 P 20559 -161 297 1505 1505 -3 -3 1126 16422
17:28:54.753 P 20562 -149 176 1543 1543 -2 -1 1476 16910
17:28:54.753 P 20564 -146 107 1559 1559 -1 -1 1510 16484
17:28:54.753 P 20566 -148 13 1568 1568 -2 -1 1170 16420
17:28:54.753 P 20568 -157 -105 1564 1564 0 0 1252 16620
17:28:54.753 P 20570 -173 -230 1549 1549 0 0 1128 16428
17:28:54.753 P 20572 -196 -343 1524 1524 1 0 1224 16386
17:28:54.753 P 20574 -223 -377 1519 1519 0 1 1490 16852
17:28:54.753 P 20576 -249 -329 1554 1554 1 1 1800 16790
17:28:54.753 P 20578 -271 -299 1562 1562 1 0 1192 16518
17:28:54.753 P 20580 -293 -324 1552 1552 1 1 528 16566
17:28:54.753 P 20583 -330 -390 1514 1514 0 1 658 16696
17:28:54.753 P 20585 -358 -451 1492 1492 2 1 926 16496
17:28:54.753 P 20587 -389 -482 1454 1454 1 2 864 16504
17:28:54.753 P 20589 -423 -513 1412 1412 0 2 1832 16694
17:28:54.753 P 20591 -454 -444 1416 1416 0 1 1242 16730
17:28:54.753 P 20593 -484 -445 1400 1400 1 2 1556 16526
17:28:54.753 P 20595 -513 -450 1371 1371 2 1 1748 16580
17:28:54.753 P 20597 -543 -411 1353 1353 1 1 1936 16664
17:28:54.753 P 20599 -569 -396 1339 1339 1 2 1764 16634
17:28:54.753 P 20601 -595 -374 1308 1308 0 1 1734 16660
17:28:54.753 P 20603 -619 -377 -1310 -1310 1 1 1052 16686
17:28:54.753 P 20605 -644 -405 -1360 -1360 0 1 886 16468
17:28:54.753 P 20607 -671 -450 -1407 -1407 1 1 1178 16544
17:28:54.753 P 20609 -700 -480 -1468 -1468 0 1 1218 16662
17:28:54.753 P 20611 -732 -515 -1536 -1536 0 0 1216 16506
17:28:54.753 P 20613 -765 -562 -1607 -1607 0 0 1166 16362
17:28:54.753 P 20615 -804 -615 -1697 -1697 0 0 3510 16728
17:28:54.753 P 20617 -840 -477 -1706 -1706 -1 -1 3436 17062
17:28:56.566 P 20619 -865 -391 -1727 -1727 -1 -2 2386 16978
17:28:56.566 P 20621 -886 -257 -1727 -1727 -1 -2 1938 16982
17:28:56.566 P 20623 -893 -8 -1656 -1656 -2 -2 2598 17288
17:28:56.566 P 20625 -888 90 -1633 -1633 -1 -2 1064 16682
17:28:56.566 P 20627 -885 27 -1710 -1710 -3 -2 1798 16156
17:28:56.566 P 20629 -884 12 -1744 -1744 -3 -3 1150 16602
17:28:56.566 P 20631 -887 -23 -1783 -1783 -2 -2 2516 16976
17:28:56.566 P 20633 -888 -26 -1836 -1836 -3 -3 2404 16722
17:28:56.566 P 20635 -885 215 -1764 -1764 -4 -3 2568 16592
17:28:56.566 P 20637 -870 274 -1766 -1766 -4 -4 3438 17304
17:28:56.566 P 20639 -848 395 -1736 -1736 -4 -4 890 16762
17:28:56.566 P 20641 -828 399 -1763 -1763 -5 -5 3062 15968
17:28:56.566 P 20643 -802 420 -1746 -1746 -5 -4 2066 16810
17:28:56.566 P 20645 -778 480 -1735 -1735 -5 -5 2618 16920
17:28:56.566 P 20647 -748 505 -1725 -1725 -5 -5 1754 16292
17:28:56.566 P 20649 -718 550 -1707 -1707 -6 -5 1218 16464
17:28:56.566 P 20651 -687 506 -1714 -1714 -5 -5 1924 17120
17:28:56.566 P 20653 -657 504 -1697 -1697 -5 -5 890 16604
17:28:56.566 P 20656 -616 448 -1712 -1712 -6 -5 738 15642
17:28:56.566 P 20658 -592 394 -1739 -1739 -6 -5 1468 17414
17:28:56.566 P 20660 -569 370 -1741 -1741 -6 -6 978 16704
17:28:56.566 P 20662 -549 359 -1744 -1744 -6 -5 650 15848
17:28:56.566 P 20664 -531 313 -1764 -1764 -6 -6 1762 17164
17:28:56.566 P 20666 -511 345 -1744 -1744 -6 -6 480 17126
17:28:56.566 P 20668 -493 336 -1750 -1750 -5 -7 1368 16142
17:28:56.566 P 20670 -473 341 -1746 -1746 -6 -6 936 16432
17:28:56.566 P 20672 -454 357 -1751 -1751 -6 -7 1006 16418
17:28:56.566 P 20674 -434 337 -1748 -1748 -6 -6 884 16858
17:28:56.566 P 20676 -416 349 -1750 -1750 -6 -7 1486 16866
17:28:56.566 P 20678 -398 348 -1743 -1743 -6 -6 1844 16570
17:28:56.566 P 20680 -377 440 -1697 -1697 -6 -7 1154 16626
17:28:56.566 P 20683 -342 433 -1702 -1702 -7 -7 1330 16588
17:28:56.566 P 20685 -318 473 -1659 -1659 -6 -6 488 16552
17:28:56.566 P 20687 -294 447 -1659 -1659 -6 -6 2080 16456
17:28:56.566 P 20689 -268 483 -1623 -1623 -5 -6 1502 16558
17:28:56.566 P 20691 -242 503 -1599 -1599 -5 -7 1130 16254
17:28:56.566 P 20693 -216 494 -1579 -1579 -6 -6 1414 17246
17:28:56.566 P 20695 -189 515 -1558 -1558 -7 -7 1384 16182
17:28:56.566 P 20697 -161 550 -1506 -1506 -6 -6 1696 16306
17:28:56.566 P 20700 -117 577 -1444 -1444 -6 -6 1966 17008
17:28:56.566 P 20702 -86 635 -1387 -1387 -6 -6 1874 16236
17:28:56.566 P 20704 -52 675 -1328 -1328 -5 -5 2292 16650
17:28:56.566 P 20706 -13 787 1366 1366 -5 -6 1350 17054
17:28:56.566 P 20708 31 833 1458 1458 -4 -5 1602 16818
17:28:56.566 P 20710 78 869 1549 1549 -4 -4 1014 16160
17:28:56.566 P 20712 127 869 1632 1632 -3 -4 -610 16368
17:28:56.566 P 20714 175 696 1646 1646 -2 -4 -3544 16640
17:28:56.566 P 20717 203 333 1618 1618 -2 -2 476 16758
17:28:56.566 P 20719 209 68 1568 1568 -1 -1 336 16402
17:28:56.566 P 20721 191 -286 1458 1458 0 -1 1166 16286
17:28:56.566 P 20723 163 -421 1441 1441 0 0 708 16792
17:28:56.566 P 20725 132 -346 1490 1490 0 0 1966 17158
17:28:56.566 P 20727 111 -277 1552 1552 0 1 804 16414
17:28:56.566 P 20729 89 -253 1576 1576 1 0 1054 16558
17:28:56.566 P 20731 66 -274 1577 1577 0 1 1676 16996
17:28:56.566 P 20733 48 -196 1620 1620 0 1 630 16604
17:28:56.566 P 20735 30 -202 1635 1635 1 1 1030 16700
17:28:56.566 P 20737 14 -205 1633 1633 0 1 780 16686
17:28:56.566 P 20739 -2 -239 1650 1650 2 2 294 16632
17:28:56.566 P 20741 -22 -296 1621 1621 1 2 370 16588
17:28:56.566 P 20744 -57 -324 1628 1628 2 2 30 16710
17:28:56.566 P 20746 -82 -404 1582 1582 2 2 136 16430
17:28:56.566 P 20748 -111 -425 1572 1572 2 2 -262 16604
17:28:56.566 P 20750 -142 -442 1557 1557 2 3 1034 16770
17:28:56.566 P 20752 -170 -442 1526 1526 1 2 144 16714
17:28:56.566 P 20754 -200 -434 1519 1519 1 3 314 16734
17:28:56.566 P 20757 -245 -465 1476 1476 2 3 516 16630
17:28:56.566 P 20759 -276 -514 1433 1433 2 3 674 16516
17:28:56.566 P 20761 -309 -505 1406 1406 2 3 162 16582
17:28:56.566 P 20763 -342 -515 1371 1371 3 2 1026 16750
17:28:56.566 P 20766 -390 -533 1310 1310 3 2 610 16576
17:28:56.566 P 20768 -423 -521 -1313 -1313 2 3 684 16626
17:28:56.566 P 20770 -456 -530 -1372 -1372 1 2 646 16780
17:28:56.566 P 20772 -490 -538 -1419 -1419 1 1 650 16524
17:28:56.566 P 20775 -541 -567 -1517 -1517 0 0 552 16650
17:28:56.566 P 20777 -577 -604 -1583 -1583 0 2 428 16582
17:28:56.566 P 20779 -619 -596 -1664 -1664 0 0 3800 16792
17:28:56.566 P 20781 -649 -488 -1674 -1674 0 0 2042 16998
17:28:56.566 P 20783 -674 -255 -1656 -1656 -2 -2 1824 16796
17:28:56.566 P 20785 -686 -184 -1664 -1664 -1 -1 1648 16886
17:28:56.566 P 20787 -693 -95 -1677 -1677 -1 -2 896 16836
17:28:56.566 P 20789 -699 -53 -1689 -1689 -2 -1 2024 16928
17:28:56.566 P 20792 -693 141 -1653 -1653 -2 -2 1018 16892
17:28:56.566 P 20794 -685 151 -1697 -1697 -3 -3 1290 16626
17:28:56.566 P 20796 -676 155 -1701 -1701 -2 -3 978 16704
17:28:56.566 P 20798 -667 195 -1711 -1711 -4 -2 1712 16620
17:28:56.566 P 20800 -653 232 -1716 -1716 -3 -3 984 16698
17:28:56.566 P 20802 -640 271 -1712 -1712 -4 -3 1602 16984
17:28:56.566 P 20805 -614 323 -1716 -1716 -4 -3 1668 16658
17:28:56.566 P 20807 -593 340 -1711 -1711 -4 -3 1278 16534
17:28:56.566 P 20809 -574 375 -1702 -1702 -4 -3 1482 16618
17:28:56.566 P 20811 -550 411 -1692 -1692 -4 -4 958 16924
17:28:56.566 P 20813 -527 431 -1693 -1693 -4 -5 1134 16868
17:28:56.566 P 20815 -501 424 -1696 -1696 -5 -4 1136 16224
17:28:56.566 P 20817 -476 448 -1679 -1679 -4 -5 486 16800
17:28:56.566 P 20820 -442 389 -1701 -1701 -4 -5 1536 16666
17:28:56.566 P 20822 -418 424 -1679 -1679 -6 -4 520 16328
17:28:56.566 P 20824 -394 434 -1666 -1666 -5 -4 900 16704
17:28:56.566 P 20826 -369 436 -1653 -1653 -4 -5 516 16724
17:28:56.566 P 20828 -345 411 -1662 -1662 -5 -5 774 16444
17:28:56.566 P 20830 -322 404 -1648 -1648 -4 -5 842 16714
17:28:56.566 P 20832 -299 418 -1633 -1633 -4 -5 298 16368
17:28:56.566 P 20834 -277 398 -1625 -1625 -4 -5 854 16974
17:28:56.566 P 20836 -254 380 -1625 -1625 -4 -5 -42 15952
17:28:56.566 P 20838 -236 327 -1642 -1642 -4 -5 572 16458
17:28:56.566 P 20840 -218 317 -1631 -1631 -4 -5 460 16934
17:28:56.566 P 20842 -202 273 -1649 -1649 -5 -5 690 17258
17:28:56.566 P 20844 -187 286 -1638 -1638 -5 -5 14 16622
17:28:56.566 P 20846 -173 270 -1632 -1632 -5 -4 934 16606
17:28:56.566 P 20849 -152 254 -1637 -1637 -4 -5 1146 16628
17:28:56.566 P 20851 -137 279 -1610 -1610 -4 -5 -20 16402
17:28:56.566 P 20853 -125 263 -1606 -1606 -4 -5 652 16662
17:28:56.566 P 20855 -109 293 -1597 -1597 -5 -5 276 16620
17:28:56.566 P 20857 -96 228 -1615 -1615 -5 -5 482 16644
17:28:56.566 P 20859 -86 205 -1608 -1608 -4 -5 856 17326
17:28:56.566 P 20861 -85 56 -1682 -1682 -4 -5 3006 16594
17:28:56.566 P 20863 -100 -11 -1732 -1732 -4 -5 5838 16176
17:28:56.566 P 20865 -97 517 -1455 -1455 -3 -5 8298 17368
17:28:56.566 P 20867 -52 928 1391 1391 -3 -5 1050 16550
17:28:56.566 P 20869 -19 711 1348 1348 -1 -6 5478 16764
17:28:56.566 P 20871 23 901 1528 1528 0 -5 1518 15688
17:28:56.566 P 20873 68 791 1571 1571 0 -4 786 16530
17:28:56.566 P 20875 115 743 1658 1658 2 -3 -1692 16884
17:28:56.566 P 20878 173 578 1719 1719 1 -2 -1794 16576
17:28:56.566 P 20880 201 389 1728 1728 1 0 -2186 15870
17:28:56.566 P 20882 216 176 1721 1721 3 0 -1976 17004
17:28:56.566 P 20884 217 -51 1680 1680 3 1 -2232 17102
17:28:56.566 P 20886 199 -415 1554 1554 2 2 -1856 15822
17:28:56.566 P 20888 156 -714 1414 1414 1 2 -286 16196
17:28:56.566 P 20890 112 -674 1413 1413 1 1 -500 16968
17:28:56.566 P 20892 71 -607 1431 1431 1 1 -334 16834
17:28:56.566 P 20895 11 -659 1362 1362 1 1 -330 16698
17:28:56.566 P 20897 -30 -641 1346 1346 2 1 80 16896
17:28:56.566 P 20899 -72 -619 1321 1321 1 2 1790 16540
17:28:56.566 P 20901 -107 -510 1342 1342 2 1 138 16612
17:28:56.566 P 20903 -141 -507 1307 1307 1 2 310 16882
17:28:56.566 P 20905 -172 -475 -1312 -1312 1 2 352 16532
17:28:56.566 P 20907 -201 -440 -1335 -1335 1 1 332 16586
17:28:56.566 P 20910 -242 -404 -1374 -1374 1 1 482 16696
17:28:56.566 P 20912 -267 -370 -1401 -1401 1 1 550 16626
17:28:56.566 P 20914 -290 -331 -1429 -1429 0 1 1028 16688
17:28:56.566 P 20916 -309 -245 -1442 -1442 -1 0 814 16820
17:28:56.566 P 20918 -324 -208 -1454 -1454 0 0 674 16664
17:28:56.566 P 20920 -339 -242 -1506 -1506 0 -1 364 16650
17:28:56.566 P 20922 -356 -256 -1553 -1553 -1 0 574 16742
17:28:56.566 P 20924 -373 -242 -1579 -1579 -1 0 698 16568
17:28:56.566 P 20926 -390 -273 -1623 -1623 -1 0 606 16598
17:28:56.566 P 20928 -409 -277 -1669 -1669 -1 -1 508 16620
17:28:56.566 P 20930 -427 -237 -1696 -1696 -2 -1 1746 16864
17:28:56.566 P 20932 -437 -100 -1671 -1671 -1 -2 1214 17066
17:28:56.566 P 20934 -442 21 -1648 -1648 -2 -2 1950 16876
17:28:56.566 P 20936 -436 141 -1625 -1625 -2 -2 1052 16734
17:28:56.566 P 20939 -418 239 -1597 -1597 -2 -2 560 16690
17:28:56.566 P 20941 -407 217 -1615 -1615 -2 -2 734 16496
17:28:56.566 P 20943 -395 221 -1625 -1625 -3 -1 890 16672
17:28:56.566 P 20945 -382 248 -1628 -1628 -3 -3 924 16838
17:28:56.566 P 20947 -368 239 -1640 -1640 -3 -3 890 16696
17:28:56.566 P 20949 -355 249 -1620 -1620 -3 -2 922 16684
17:28:56.566 P 20952 -333 298 -1599 -1599 -2 -2 608 16882
17:28:56.566 P 20954 -318 277 -1635 -1635 -4 -3 1530 16728
17:28:56.566 P 20956 -302 285 -1607 -1607 -2 -3 296 16344
17:28:56.566 P 20958 -288 270 -1622 -1622 -3 -3 686 16682
17:28:56.566 P 20960 -274 265 -1630 -1630 -4 -3 894 16642
17:28:56.566 P 20962 -258 331 -1588 -1588 -4 -3 324 16712
17:28:56.566 P 20965 -231 325 -1589 -1589 -3 -4 748 16600
17:28:56.566 P 20967 -214 319 -1573 -1573 -3 -3 444 16752
17:28:56.566 P 20969 -197 316 -1569 -1569 -4 -3 364 16598
17:28:56.566 P 20971 -181 301 -1557 -1557 -2 -3 600 16986
17:28:56.566 P 20973 -165 305 -1548 -1548 -3 -3 282 16820
17:28:56.566 P 20975 -151 271 -1559 -1559 -4 -3 1482 16454
17:28:56.566 P 20977 -134 315 -1522 -1522 -3 -3 44 16678
17:28:56.566 P 20979 -120 288 -1530 -1530 -3 -4 720 16904
17:28:56.566 P 20981 -104 287 -1504 -1504 -3 -3 380 16476
17:28:56.566 P 20983 -90 272 -1500 -1500 -3 -3 532 16472
17:28:56.566 P 20985 -76 250 -1500 -1500 -3 -3 -200 16940
17:28:56.566 P 20987 -66 239 -1489 -1489 -2 -4 582 16914
17:28:56.566 P 20989 -53 235 -1475 -1475 -3 -2 -140 16598
17:28:56.566 P 20991 -43 221 -1471 -1471 -3 -3 -24 16570
17:28:56.566 P 20993 -34 203 -1452 -1452 -2 -2 640 16714
17:28:56.566 P 20995 -24 188 -1454 -1454 -2 -2 476 16746
17:28:58.442 P 20997 -17 177 -1449 -1449 -2 -3 534 16628
17:28:58.442 P 20999 -8 194 -1430 -1430 -3 -2 -334 16680
17:28:58.442 P 21001 -2 154 -1434 -1434 -2 -2 626 16694
17:28:58.442 P 21003 5 168 -1434 -1434 -3 -3 234 16532
17:28:58.442 P 21005 12 156 -1427 -1427 -3 -3 -50 16704
17:28:58.442 P 21007 18 163 -1404 -1404 -3 -2 -30 16578
17:28:58.442 P 21009 24 110 -1413 -1413 -3 -1 202 16794
17:28:58.442 P 21011 28 143 -1388 -1388 -2 -2 12 16640
17:28:58.442 P 21013 33 107 -1404 -1404 -2 -2 -110 16822
17:28:58.442 P 21015 37 126 -1388 -1388 -3 -2 16 16718
17:28:58.442 P 21017 41 99 -1377 -1377 -1 -2 30 16668
17:28:58.442 P 21019 43 91 -1382 -1382 -2 -2 -42 16488
17:28:58.442 P 21021 46 84 -1367 -1367 -1 -1 190 16702
17:28:58.442 P 21023 48 76 -1367 -1367 -2 -1 50 16822
17:28:58.442 P 21025 49 60 -1365 -1365 -2 -1 62 16814
17:28:58.442 P 21027 49 36 -1378 -1378 -1 -1 562 16558
17:28:58.442 P 21029 49 41 -1370 -1370 -1 -2 -770 16560
17:28:58.442 P 21031 46 28 -1378 -1378 -2 -2 620 16740
17:28:58.442 P 21033 47 36 -1352 -1352 -1 0 -282 16476
17:28:58.442 P 21035 45 17 -1366 -1366 -1 -1 -72 16594
17:28:58.442 P 21037 41 -5 -1376 -1376 -1 -2 672 16920
17:28:58.442 P 21039 40 17 -1353 -1353 -1 -1 -692 16664
17:28:58.442 P 21041 36 -17 -1386 -1386 -2 -2 370 16616
17:28:58.442 P 21043 32 -19 -1359 -1359 0 0 152 16636
17:28:58.442 P 21045 29 6 -1366 -1366 -2 -1 -262 16656
17:28:58.442 P 21048 23 -42 -1370 -1370 -1 -1 296 16580
17:28:58.442 P 21050 17 -52 -1378 -1378 0 0 258 16792
17:28:58.442 P 21052 12 -30 -1375 -1375 -1 -1 -142 16694
17:28:58.442 P 21054 6 -61 -1388 -1388 -1 -1 112 16672
17:28:58.442 P 21056 0 -74 -1387 -1387 -1 0 66 16764
17:28:58.442 P 21058 -9 -100 -1397 -1397 0 0 290 16674
17:28:58.442 P 21060 -18 -88 -1404 -1404 -1 -1 382 16720
17:28:58.442 P 21062 -25 -76 -1400 -1400 -1 -1 468 16804
17:28:58.442 P 21064 -32 -67 -1397 -1397 -1 0 184 16572
17:28:58.442 P 21066 -41 -89 -1404 -1404 -1 0 440 16646
17:28:58.442 P 21068 -50 -109 -1412 -1412 0 0 406 16696
17:28:58.442 P 21070 -60 -108 -1417 -1417 -1 0 660 16660
17:28:58.442 P 21072 -69 -79 -1398 -1398 0 0 672 16768
17:28:58.442 P 21074 -77 -60 -1395 -1395 0 0 670 16690
17:28:58.442 P 21076 -82 -28 -1386 -1386 -1 0 648 16696
17:28:58.442 P 21078 -87 -13 -1383 -1383 0 0 652 16698
17:28:58.442 P 21080 -90 7 -1377 -1377 -1 0 700 16728
17:28:58.442 P 21082 -93 21 -1363 -1363 0 0 612 16700
17:28:58.442 P 21084 -94 33 -1363 -1363 -1 0 654 16672
17:28:58.442 P 21086 -95 34 -1355 -1355 0 0 696 16716
17:28:58.442 P 21088 -96 38 -1349 -1349 0 0 586 16664
17:28:58.442 P 21090 -98 36 -1348 -1348 0 0 626 16738
17:28:58.442 P 21092 -98 56 -1336 -1336 0 0 546 16694
17:28:58.442 P 21094 -96 76 -1323 -1323 0 0 550 16668
17:28:58.442 P 21096 -94 90 -1313 -1313 0 0 476 16696
17:28:58.442 P 21098 -91 107 -1301 -1301 0 0 514 16640
17:28:58.442 P 21100 -87 118 1309 1309 0 0 450 16684
17:28:58.442 P 21102 -82 133 1321 1321 0 0 300 16732
17:28:58.442 P 21104 -77 130 1326 1326 0 0 392 16690
17:28:58.442 P 21106 -71 140 1344 1344 0 0 226 16682
17:28:58.442 P 21108 -65 144 1348 1348 0 0 336 16710
17:28:58.442 P 21110 -59 157 1368 1368 0 0 312 16708
17:28:58.442 P 21112 -52 173 1378 1378 0 0 350 16692
17:28:58.442 P 21113 -47 182 1396 1396 1 0 84 16694
17:28:58.442 P 21115 -39 180 1408 1408 0 1 140 16786
17:28:58.442 P 21117 -30 187 1414 1414 0 0 16 16746
17:28:58.442 P 21119 -21 190 1419 1419 0 0 112 16672
17:28:58.442 P 21121 -12 193 1426 1426 0 0 86 16690
17:28:58.442 P 21123 -3 194 1444 1444 0 1 36 16622
17:28:58.442 P 21125 6 197 1449 1449 0 0 -24 16636
17:28:58.442 P 21127 15 202 1458 1458 0 0 -46 16634
17:28:58.442 P 21129 25 206 1467 1467 0 0 -102 16656
17:28:58.442 P 21131 35 211 1478 1478 0 0 -70 16618
17:28:58.442 P 21132 41 211 1482 1482 0 0 -90 16650
17:28:58.442 P 21134 51 217 1504 1504 0 1 -104 16788
17:28:58.442 P 21136 62 223 1514 1514 0 0 -124 16752
17:28:58.442 P 21138 73 230 1544 1544 1 0 -118 16706
17:28:58.442 P 21140 86 237 1571 1571 0 1 -976 16568
17:28:58.442 P 21142 95 171 1558 1558 1 1 -98 16686
17:28:58.442 P 21144 102 111 1533 1533 0 1 -104 16762
17:28:58.442 P 21146 106 95 1545 1545 0 1 -1298 16694
17:28:58.442 P 21148 105 18 1527 1527 1 1 90 16696
17:28:58.442 P 21150 105 17 1533 1533 1 1 -790 16736
17:28:58.442 P 21152 101 -28 1513 1513 1 1 -492 16752
17:28:58.442 P 21153 99 -46 1509 1509 1 1 -816 16716
17:28:58.442 P 21155 92 -50 1501 1501 0 1 58 16780
17:28:58.442 P 21157 88 -34 1525 1525 1 2 -530 16640
17:28:58.442 P 21159 84 -29 1520 1520 1 1 -538 16636
17:28:58.442 P 21161 78 -69 1501 1501 1 1 -148 16648
17:28:58.442 P 21163 72 -61 1495 1495 1 1 -328 16664
17:28:58.442 P 21166 63 -57 1494 1494 0 1 -302 16692
17:28:58.442 P 21168 57 -82 1481 1481 0 2 -330 16802
17:28:58.442 P 21170 50 -61 1481 1481 0 2 -124 16718
17:28:58.442 P 21172 45 -69 1476 1476 0 1 -658 16618
17:28:58.442 P 21174 36 -82 1467 1467 0 2 416 16800
17:28:58.442 P 21176 31 -65 1466 1466 1 1 -1130 16532
17:28:58.442 P 21178 24 -52 1462 1462 1 1 322 16720
17:28:58.442 P 21180 20 -47 1456 1456 0 1 -158 16612
17:28:58.442 P 21182 16 -5 1470 1470 0 1 -206 16722
17:28:58.442 P 21184 14 -9 1458 1458 1 1 -596 16618
17:28:58.442 P 21186 10 -34 1445 1445 0 1 -236 16718
17:28:58.442 P 21188 6 -27 1427 1427 0 0 -200 16648
17:28:58.442 P 21190 2 -35 1426 1426 0 1 -262 16706
17:28:58.442 P 21192 -1 -34 1419 1419 0 1 -392 16662
17:28:58.442 P 21194 -6 -41 1408 1408 0 1 112 16704
17:28:58.442 P 21196 -10 -13 1407 1407 0 0 -80 16790
17:28:58.442 P 21198 -12 -4 1401 1401 0 0 86 16802
17:28:58.442 P 21200 -13 20 1415 1415 0 1 -368 16638
17:28:58.442 P 21202 -14 6 1401 1401 0 0 -206 16704
17:28:58.442 P 21204 -16 -5 1391 1391 0 1 -272 16728
17:28:58.442 P 21206 -19 9 1383 1383 0 0 190 16772
17:28:58.442 P 21208 -20 30 1383 1383 0 0 154 16796
17:28:58.442 P 21210 -20 54 1388 1388 0 0 -10 16694
17:28:58.442 P 21212 -18 51 1384 1384 0 0 -306 16764
17:28:58.442 P 21214 -17 40 1376 1376 0 0 -252 16684
17:28:58.442 P 21216 -18 21 1366 1366 0 0 -152 16704
17:28:58.442 P 21218 -19 16 1361 1361 0 0 -232 16692
17:28:58.442 P 21220 -20 5 1353 1353 0 0 -156 16662
17:28:58.442 P 21222 -22 -5 1345 1345 0 0 -172 16666
17:28:58.442 P 21224 -25 -15 1338 1338 0 0 -164 16600
17:28:58.442 P 21226 -28 -24 1330 1330 0 0 -92 16722
17:28:58.442 P 21227 -30 -28 1325 1325 0 0 -116 16624
17:28:58.442 P 21229 -35 -39 1316 1316 0 0 -110 16658
17:28:58.442 P 21231 -39 -46 1308 1308 0 0 -78 16626
17:28:58.442 P 21233 -45 -57 -1302 -1302 0 0 -160 16656
17:28:58.442 P 21235 -50 -67 -1313 -1313 0 0 -130 16692
17:28:58.442 P 21237 -57 -73 -1322 -1322 0 0 -120 16644
17:28:58.442 P 21239 -64 -89 -1336 -1336 0 0 44 16672
17:28:58.442 P 21241 -72 -97 -1356 -1356 0 0 -68 16670
17:28:58.442 P 21243 -80 -107 -1366 -1366 0 0 -8 16628
17:28:58.442 P 21245 -89 -118 -1387 -1387 0 0 38 16522
17:28:58.442 P 21246 -94 -124 -1393 -1393 0 0 70 16690
17:28:58.442 P 21248 -104 -133 -1413 -1413 0 -1 40 16690
17:28:58.442 P 21250 -114 -142 -1423 -1423 0 0 124 16626
17:28:58.442 P 21252 -126 -155 -1437 -1437 0 0 82 16662
17:28:58.442 P 21254 -137 -166 -1451 -1451 0 0 146 16644
17:28:58.442 P 21256 -150 -180 -1477 -1477 -1 0 136 16624
17:28:58.442 P 21258 -163 -192 -1492 -1492 0 0 146 16748
17:28:58.442 P 21259 -170 -199 -1501 -1501 0 0 184 16680
17:28:58.442 P 21261 -185 -214 -1519 -1519 0 0 202 16732
17:28:58.442 P 21263 -200 -229 -1540 -1540 0 0 194 16670
17:28:58.442 P 21265 -216 -246 -1581 -1581 0 -1 262 16646
17:28:58.442 P 21267 -234 -264 -1618 -1618 -1 0 232 16688
17:28:58.442 P 21269 -254 -256 -1651 -1651 -1 0 2540 17022
17:28:58.442 P 21270 -260 -156 -1631 -1631 -2 -1 1006 16818
17:28:58.442 P 21272 -268 -49 -1611 -1611 -1 -1 1498 16928
17:28:58.442 P 21274 -267 126 -1554 -1554 -1 -2 850 16796
17:28:58.442 P 21276 -259 170 -1537 -1537 -2 -1 846 16718
17:28:58.442 P 21278 -248 222 -1519 -1519 -2 -1 166 16534
17:28:58.442 P 21280 -240 156 -1563 -1563 -1 -2 760 16792
17:28:58.442 P 21282 -231 180 -1550 -1550 -1 -2 146 16848
17:28:58.442 P 21284 -223 184 -1558 -1558 -3 -2 680 16742
17:28:58.442 P 21286 -213 189 -1547 -1547 -2 -1 410 16710
17:28:58.442 P 21288 -205 194 -1548 -1548 -3 -1 1342 16740
17:28:58.442 P 21290 -192 207 -1527 -1527 -1 -1 -180 16564
17:28:58.442 P 21292 -182 218 -1530 -1530 -2 -2 346 16652
17:28:58.442 P 21294 -173 163 -1554 -1554 -1 -3 888 16714
17:28:58.442 P 21296 -164 208 -1527 -1527 -2 -2 588 16700
17:28:58.442 P 21298 -153 200 -1535 -1535 -3 -2 38 16760
17:28:58.442 P 21300 -143 223 -1516 -1516 -2 -3 754 16636
17:28:58.442 P 21302 -132 196 -1519 -1519 -2 -2 -170 16608
17:28:58.442 P 21303 -128 183 -1516 -1516 -1 -2 722 16716
17:28:58.442 P 21305 -117 216 -1500 -1500 -2 -2 -196 16738
17:28:58.442 P 21307 -109 192 -1497 -1497 -2 -2 794 16850
17:28:58.442 P 21309 -99 206 -1484 -1484 -2 -2 412 16644
17:28:58.442 P 21311 -91 215 -1465 -1465 -2 -1 1058 16604
17:28:58.442 P 21313 -82 227 -1444 -1444 -1 -1 1610 16930
17:28:58.442 P 21315 -69 284 -1395 -1395 -2 -1 704 16694
17:28:58.442 P 21317 -57 296 -1367 -1367 -1 0 1752 16430
17:28:58.442 P 21319 -41 361 -1315 -1315 -2 0 722 16592
17:28:58.442 P 21321 -24 360 1321 1321 -2 0 1354 16828
17:28:58.442 P 21323 -5 367 1366 1366 -1 0 526 16526
17:28:58.442 P 21325 9 335 1373 1373 -1 0 1442 16348
17:28:58.442 P 21327 26 353 1412 1412 -1 0 560 16894
17:28:58.442 P 21329 41 316 1427 1427 -1 0 854 16850
17:28:58.442 P 21331 55 294 1452 1452 -1 1 682 16614
17:28:58.442 P 21332 62 314 1487 1487 0 1 772 16676
17:28:58.442 P 21334 81 385 1561 1561 0 1 222 16706
17:28:58.442 P 21336 99 349 1573 1573 0 1 522 16832
17:28:58.442 P 21338 116 402 1643 1643 0 1 946 16780
17:28:58.442 P 21340 142 491 1740 1740 1 1 -322 16634
17:28:58.442 P 21342 168 343 1723 1723 1 1 -722 16596
17:28:58.442 P 21343 179 298 1749 1749 3 2 -3628 16758
17:28:58.442 P 21346 178 -58 1632 1632 1 2 -1564 16670
17:28:58.442 P 21347 172 -172 1605 1605 3 3 -1354 16674
17:28:58.442 P 21349 152 -342 1529 1529 3 2 -566 16660
17:28:58.442 P 21351 128 -308 1541 1541 3 2 -500 16752
17:28:58.442 P 21353 107 -308 1542 1542 1 3 -120 16622
17:28:58.442 P 21355 86 -297 1544 1544 2 3 -178 16826
17:28:58.442 P 21357 67 -280 1529 1529 2 2 -420 16688
17:28:58.442 P 21359 40 -84 1601 1601 1 2 8092 17456
17:28:58.442 P 21361 35 280 1763 1763 1 1 14252 17650
17:28:58.442 P 21363 70 768 2066 2066 3 3 2514 17022
17:28:58.442 P 21365 105 903 2203 2203 4 4 3536 16518
17:28:58.442 P 21366 127 850 2248 2248 5 5 1968 15744
17:28:58.442 P 21368 148 521 2207 2207 6 6 5254 16924
17:28:58.442 P 21370 165 441 2320 2320 8 8 3282 17916
17:28:58.442 P 21372 170 289 2385 2385 9 8 5534 17728
17:29:00.305 P 21374 168 128 2467 2467 10 10 4822 15838
17:29:00.305 P 21376 159 86 2619 2619 12 12 4204 16796
17:29:00.305 P 21377 154 19 2679 2679 14 12 3134 17172
17:29:00.305 P 21379 125 -371 2666 2666 15 15 4252 16770
17:29:00.305 P 21381 88 -503 2769 2769 17 16 1484 15676
17:29:00.305 P 21383 31 -969 2710 2710 18 18 -32 15996
17:29:00.305 P 21385 -49 -1356 2664 2664 20 19 396 16150
17:29:00.305 P 21387 -151 -1732 2591 2591 21 20 200 16442
17:29:00.305 P 21389 -270 -2054 2513 2513 23 21 -1706 16740
17:29:00.305 P 21391 -411 -2420 2361 2361 23 21 -596 13608
17:29:00.305 P 21393 -564 -2623 2254 2254 23 21 -1686 12370
17:29:00.305 P 21395 -735 -2895 2065 2065 23 21 -424 18552
17:29:00.305 P 21397 -916 -3091 1879 1879 23 21 -592 13870
17:29:00.305 P 21398 -1012 -3184 1779 1779 22 23 -12 14292
17:29:00.305 P 21400 -1215 -3350 1538 1538 22 22 3800 13296
17:29:00.305 P 21402 -1413 -3172 1493 1493 23 22 2380 16752
17:29:00.305 P 21404 -1604 -3221 1320 1320 23 23 2124 13928
17:29:00.305 P 21406 -1804 -3400 -1574 -1574 21 20 1790 12264
17:29:00.305 P 21408 -2009 -3325 -1778 -1778 19 19 5464 16440
17:29:00.305 P 21410 -2189 -2738 -1785 -1785 16 17 7638 19342
17:29:00.305 P 21412 -2321 -1904 -1658 -1658 15 15 9096 20944
17:29:00.305 P 21413 -2369 -1491 -1605 -1605 13 13 10020 20514
17:29:00.305 P 21415 -2423 -804 -1522 -1522 11 12 3816 17750
17:29:00.305 P 21417 -2458 -483 -1582 -1582 10 10 6504 17194
17:29:00.305 P 21419 -2466 -204 -1614 -1614 10 9 2886 18030
17:29:00.305 P 21421 -2474 -100 -1746 -1746 7 8 6640 17066
17:29:00.305 P 21423 -2460 248 -1730 -1730 7 6 5160 19100
17:29:00.305 P 21425 -2429 592 -1707 -1707 4 5 5604 17408
17:29:00.305 P 21426 -2404 769 -1681 -1681 4 4 4740 17860
17:29:00.305 P 21428 -2344 992 -1683 -1683 2 3 5114 17020
17:29:00.305 P 21430 -2270 1203 -1665 -1665 1 1 3534 17458
17:29:00.305 P 21432 -2190 1289 -1664 -1664 1 1 4154 16908
17:29:00.305 P 21434 -2100 1400 -1661 -1661 0 0 3004 16334
17:29:00.305 P 21435 -2056 1406 -1662 -1662 0 1 3646 16160
17:29:00.305 P 21437 -1965 1441 -1647 -1647 0 0 2598 16638
17:29:00.305 P 21439 -1874 1401 -1663 -1663 -1 0 2362 16008
17:29:00.305 P 21441 -1788 1309 -1692 -1692 -2 0 2124 15888
17:29:00.305 P 21442 -1748 1267 -1704 -1704 -1 -1 2356 16160
17:29:00.305 P 21444 -1669 1230 -1703 -1703 -1 -1 2332 16824
17:29:00.305 P 21446 -1591 1209 -1696 -1696 -1 -2 1846 16328
17:29:00.305 P 21448 -1517 1151 -1697 -1697 -2 -2 2240 16044
17:29:00.305 P 21450 -1445 1131 -1686 -1686 -2 -3 1470 16586
17:29:00.305 P 21452 -1376 1064 -1687 -1687 -2 -2 1584 16204
17:29:00.305 P 21453 -1344 1025 -1695 -1695 -2 -3 2342 16224
17:29:00.305 P 21455 -1281 968 -1690 -1690 -2 -2 2006 16414
17:29:00.305 P 21457 -1221 975 -1677 -1677 -3 -3 1516 16578
17:29:00.305 P 21459 -1164 885 -1684 -1684 -2 -3 1658 16320
17:29:00.305 P 21461 -1109 867 -1672 -1672 -3 -3 1752 16178
17:29:00.305 P 21463 -1058 799 -1668 -1668 -2 -3 1106 16690
17:29:00.305 P 21465 -1011 752 -1675 -1675 -3 -3 1950 16266
17:29:00.305 P 21467 -966 720 -1679 -1679 -3 -4 1344 16554
17:29:00.305 P 21468 -944 703 -1674 -1674 -4 -3 1462 16480
17:29:00.305 P 21470 -903 659 -1670 -1670 -3 -4 1378 16638
17:29:00.305 P 21472 -865 604 -1671 -1671 -3 -4 1496 16342
17:29:00.305 P 21474 -830 547 -1684 -1684 -4 -4 1218 16312
17:29:00.305 P 21476 -799 516 -1681 -1681 -3 -4 1326 16446
17:29:00.305 P 21478 -768 481 -1690 -1690 -4 -4 1232 16954
17:29:00.305 P 21480 -739 476 -1680 -1680 -4 -4 860 16738
17:29:00.305 P 21482 -713 419 -1704 -1704 -4 -5 1310 16314
17:29:00.305 P 21484 -688 414 -1701 -1701 -4 -5 1224 16684
17:29:00.305 P 21486 -664 374 -1701 -1701 -4 -4 830 16762
17:29:00.305 P 21488 -644 344 -1719 -1719 -5 -4 790 16458
17:29:00.305 P 21490 -625 327 -1726 -1726 -4 -5 1228 16358
17:29:00.305 P 21492 -605 338 -1723 -1723 -4 -5 1582 16982
17:29:00.305 P 21494 -583 365 -1709 -1709 -5 -5 632 16656
17:29:00.305 P 21496 -564 326 -1732 -1732 -5 -5 1046 16584
17:29:00.305 P 21498 -544 325 -1733 -1733 -4 -6 608 16028
17:29:00.305 P 21500 -528 294 -1755 -1755 -5 -5 1386 16972
17:29:00.305 P 21502 -509 310 -1748 -1748 -5 -5 1170 16794
17:29:00.305 P 21504 -492 291 -1766 -1766 -5 -6 770 16532
17:29:00.305 P 21507 -466 331 -1758 -1758 -6 -5 990 16862
17:29:00.305 P 21509 -444 378 -1734 -1734 -5 -5 38 16864
17:29:00.305 P 21511 -426 326 -1768 -1768 -6 -6 1222 16716
17:29:00.305 P 21513 -406 338 -1774 -1774 -6 -7 820 16078
17:29:00.305 P 21515 -387 373 -1763 -1763 -6 -7 568 16682
17:29:00.305 P 21517 -364 402 -1737 -1737 -6 -6 884 16868
17:29:00.305 P 21519 -341 413 -1746 -1746 -7 -7 -170 16310
17:29:00.305 P 21521 -321 328 -1780 -1780 -7 -7 982 17078
17:29:00.305 P 21524 -290 397 -1753 -1753 -7 -8 66 16170
17:29:00.305 P 21526 -269 363 -1760 -1760 -7 -6 504 16674
17:29:00.305 P 21528 -250 389 -1748 -1748 -7 -7 2060 16514
17:29:00.305 P 21530 -223 421 -1722 -1722 -6 -7 -240 16194
17:29:00.305 P 21532 -203 374 -1738 -1738 -6 -7 396 16744
17:29:00.305 P 21534 -184 348 -1745 -1745 -7 -7 948 18046
17:29:00.305 P 21536 -162 394 -1713 -1713 -6 -7 -188 15634
17:29:00.305 P 21538 -143 335 -1743 -1743 -7 -7 948 16638
17:29:00.305 P 21540 -124 342 -1740 -1740 -7 -8 172 16932
17:29:00.305 P 21543 -96 414 -1689 -1689 -7 -7 376 16548
17:29:00.305 P 21545 -73 378 -1697 -1697 -6 -7 278 15930
17:29:00.305 P 21547 -53 378 -1692 -1692 -7 -7 494 16724
17:29:00.305 P 21549 -33 383 -1672 -1672 -7 -7 122 17080
17:29:00.305 P 21551 -13 336 -1689 -1689 -7 -7 -102 16380
17:29:00.305 P 21553 3 327 -1671 -1671 -6 -7 352 16510
17:29:00.305 P 21555 21 334 -1655 -1655 -6 -6 -282 16436
17:29:00.305 P 21557 37 301 -1663 -1663 -6 -7 116 17424
17:29:00.305 P 21559 52 325 -1654 -1654 -7 -7 642 16240
17:29:00.305 P 21561 70 345 -1634 -1634 -7 -7 -12 16392
17:29:00.305 P 21563 88 311 -1622 -1622 -6 -7 -438 17564
17:29:00.305 P 21565 101 248 -1651 -1651 -6 -7 502 16352
17:29:00.305 P 21567 114 295 -1609 -1609 -6 -7 156 16450
17:29:00.305 P 21569 129 289 -1602 -1602 -6 -6 -492 16146
17:29:00.305 P 21571 143 262 -1619 -1619 -7 -7 -34 16458
17:29:00.305 P 21573 154 259 -1605 -1605 -6 -7 374 17406
17:29:00.305 P 21575 167 253 -1595 -1595 -6 -7 70 17672
17:29:00.305 P 21577 179 269 -1568 -1568 -6 -6 -110 15446
17:29:00.305 P 21579 193 277 -1556 -1556 -6 -6 -40 16154
17:29:00.305 P 21581 207 275 -1549 -1549 -6 -6 -580 16794
17:29:00.305 P 21583 219 260 -1535 -1535 -6 -6 20 17820
17:29:00.305 P 21585 232 258 -1526 -1526 -5 -7 -230 16328
17:29:00.305 P 21587 244 232 -1534 -1534 -6 -7 44 16712
17:29:00.305 P 21588 248 219 -1527 -1527 -6 -5 -92 16770
17:29:00.305 P 21591 259 159 -1543 -1543 -6 -6 146 16516
17:29:00.305 P 21593 267 196 -1501 -1501 -5 -5 192 16468
17:29:00.305 P 21595 276 241 -1479 -1479 -5 -6 150 17186
17:29:00.305 P 21597 289 263 -1457 -1457 -6 -5 -460 16442
17:29:00.305 P 21599 299 227 -1456 -1456 -5 -5 -220 16380
17:29:00.305 P 21601 308 211 -1462 -1462 -5 -6 -134 16580
17:29:00.305 P 21602 313 208 -1452 -1452 -5 -5 -220 17172
17:29:00.305 P 21604 320 205 -1437 -1437 -4 -6 814 17128
17:29:00.305 P 21606 332 267 -1390 -1390 -4 -5 -262 16002
17:29:00.305 P 21608 344 267 -1368 -1368 -4 -5 -222 16476
17:29:00.305 P 21610 357 301 -1333 -1333 -4 -5 -16 17028
17:29:00.305 P 21612 372 330 -1320 -1320 -5 -5 -136 16888
17:29:00.305 P 21614 389 346 1325 1325 -4 -5 -102 16798
17:29:00.305 P 21616 407 382 1366 1366 -4 -5 -148 16208
17:29:00.305 P 21618 428 439 1434 1434 -4 -4 -150 16670
17:29:00.305 P 21620 453 503 1522 1522 -2 -4 -630 16808
17:29:00.305 P 21623 483 131 1432 1432 -2 -2 -1430 17236
17:29:00.305 P 21625 480 -28 1383 1383 -3 -2 -1540 16176
17:29:00.305 P 21627 466 -257 -1304 -1304 -2 -3 -642 16278
17:29:00.305 P 21629 443 -316 -1329 -1329 -2 -3 -592 17048
17:29:00.305 P 21631 420 -317 -1325 -1325 -2 -2 -558 16640
17:29:00.305 P 21633 398 -317 -1329 -1329 -2 -2 -908 16632
17:29:00.305 P 21635 374 -357 -1356 -1356 -2 -1 -1188 16868
17:29:00.305 P 21637 340 -399 -1402 -1402 -3 -1 4950 17188
17:29:00.305 P 21640 327 -58 1372 1372 -2 -1 -1216 16854
17:29:00.305 P 21642 312 -55 1383 1383 -2 -1 1202 16734
17:29:00.305 P 21644 306 -91 1396 1396 -1 0 232 16318
17:29:00.305 P 21646 292 -73 1416 1416 -1 0 1178 16552
17:29:00.305 P 21648 282 -79 1420 1420 -2 0 892 16774
17:29:00.305 P 21651 270 4 1503 1503 -1 1 584 16502
17:29:00.305 P 21653 264 7 1530 1530 -1 1 792 16624
17:29:00.305 P 21655 260 2 1549 1549 0 1 278 16762
17:29:00.305 P 21657 253 -30 1551 1551 0 1 666 16790
17:29:00.305 P 21660 245 -14 1601 1601 1 1 202 16968
17:29:00.305 P 21662 241 19 1645 1645 1 2 124 16732
17:29:00.305 P 21664 238 53 1684 1684 1 3 414 16598
17:29:00.305 P 21666 239 96 1731 1731 2 2 216 16798
17:29:00.305 P 21669 238 -242 1629 1629 3 3 -2706 16568
17:29:00.305 P 21671 212 -359 1568 1568 2 2 -160 16734
17:29:00.305 P 21674 170 -446 1532 1532 2 3 -128 16572
17:29:00.305 P 21676 142 -442 1527 1527 2 3 56 16772
17:29:00.305 P 21678 114 -403 1515 1515 1 2 -544 16646
17:29:00.305 P 21680 87 -408 1503 1503 1 3 -160 16516
17:29:00.305 P 21682 61 -365 1503 1503 2 3 -578 16744
17:29:00.305 P 21685 23 -370 1465 1465 2 2 -20 16660
17:29:00.305 P 21687 0 -354 1445 1445 1 2 -772 16638
17:29:00.305 P 21689 -25 -369 1429 1429 2 3 454 16756
17:29:00.305 P 21691 -46 -319 1429 1429 2 3 -974 16642
17:29:00.305 P 21693 -70 -345 1382 1382 1 3 126 16572
17:29:00.305 P 21696 -102 -316 1356 1356 1 3 118 16740
17:29:00.305 P 21698 -122 -300 1339 1339 1 2 372 16668
17:29:00.305 P 21700 -141 -307 1303 1303 1 1 -454 16658
17:29:00.305 P 21702 -163 -288 -1307 -1307 1 2 732 16780
17:29:00.305 P 21705 -190 -259 -1336 -1336 2 2 766 16614
17:29:00.305 P 21707 -205 -211 -1348 -1348 1 1 306 16684
17:29:00.305 P 21709 -218 -166 -1361 -1361 0 2 614 16670
17:29:00.305 P 21711 -226 -74 -1350 -1350 0 1 -228 16696
17:29:00.305 P 21714 -235 -47 -1381 -1381 0 0 638 16798
17:29:00.305 P 21716 -239 -41 -1398 -1398 0 1 570 16694
17:29:00.305 P 21718 -243 -20 -1422 -1422 -1 0 398 16694
17:29:00.305 P 21720 -246 -13 -1433 -1433 0 0 582 16694
17:29:00.305 P 21722 -247 -4 -1457 -1457 -1 0 14 16642
17:29:00.305 P 21724 -250 -42 -1479 -1479 0 0 56 16712
17:29:00.305 P 21726 -253 -3 -1482 -1482 0 -1 -102 16640
17:29:00.305 P 21728 -257 -91 -1524 -1524 0 0 512 16656
17:29:00.305 P 21730 -265 -113 -1547 -1547 0 -1 -308 16554
17:29:00.305 P 21732 -276 -175 -1601 -1601 0 -1 426 16730
17:29:00.305 P 21735 -295 -108 -1609 -1609 -1 -1 838 16710
17:29:02.168 P 21737 -299 -10 -1595 -1595 -1 -1 1210 16836
17:29:02.168 P 21739 -296 127 -1541 -1541 -1 -2 918 16782
17:29:02.168 P 21741 -288 151 -1540 -1540 -1 -1 -58 16500
17:29:02.168 P 21743 -282 126 -1559 -1559 -1 -1 888 16756
17:29:02.168 P 21745 -275 117 -1585 -1585 -1 -2 294 16678
17:29:02.168 P 21747 -269 150 -1566 -1566 -1 -2 128 16684
17:29:02.168 P 21750 -260 149 -1580 -1580 -1 -1 360 16586
17:29:02.168 P 21752 -252 175 -1574 -1574 -2 -1 1264 16866
17:29:02.168 P 21754 -240 223 -1561 -1561 -3 -1 168 16598
17:29:02.168 P 21756 -231 185 -1565 -1565 -1 -1 870 16644
17:29:02.168 P 21758 -220 225 -1550 -1550 -1 -1 538 16874
17:29:02.168 P 21760 -208 224 -1551 -1551 -2 -1 480 16730
17:29:02.168 P 21762 -196 223 -1559 -1559 -2 -2 264 16490
17:29:02.168 P 21765 -178 239 -1553 -1553 -2 -3 186 16660
17:29:02.168 P 21767 -166 225 -1551 -1551 -2 -3 302 16592
17:29:02.168 P 21769 -153 273 -1518 -1518 -2 -2 -586 16542
17:29:02.168 P 21771 -142 209 -1548 -1548 -3 -1 1190 16882
17:29:02.168 P 21773 -128 253 -1523 -1523 -3 -2 -362 16752
17:29:02.168 P 21775 -118 235 -1521 -1521 -3 -2 492 16468
17:29:02.168 P 21777 -105 214 -1528 -1528 -3 -2 128 16756
17:29:02.168 P 21780 -88 229 -1500 -1500 -2 -2 -542 16670
17:29:02.168 P 21782 -79 209 -1499 -1499 -2 -1 470 16538
17:29:02.168 P 21784 -68 213 -1486 -1486 -2 -1 336 16826
17:29:02.168 P 21786 -58 219 -1474 -1474 -2 -1 522 16810
17:29:02.168 P 21788 -47 229 -1459 -1459 -2 -1 800 16756
17:29:02.168 P 21790 -36 235 -1447 -1447 -2 -1 48 16732
17:29:02.168 P 21792 -28 215 -1452 -1452 -2 -2 1196 16816
17:29:02.168 P 21794 -20 200 -1426 -1426 -1 -1 1740 16872
17:29:02.168 P 21797 -10 301 -1356 -1356 -2 -1 3368 16606
17:29:02.168 P 21799 0 380 1325 1325 0 0 3446 16546
17:29:02.168 P 21801 18 513 1438 1438 0 0 3734 16610
17:29:02.168 P 21803 45 591 1532 1532 0 0 2300 16678
17:29:02.168 P 21805 76 618 1604 1604 0 0 1350 16552
17:29:02.168 P 21807 108 629 1679 1679 1 0 1284 16596
17:29:02.168 P 21809 145 691 1782 1782 1 1 48 16606
17:29:02.168 P 21811 182 679 1865 1865 1 1 182 16986
17:29:02.168 P 21813 218 635 1962 1962 2 3 232 16670
17:29:02.168 P 21815 258 648 2096 2096 3 4 -5036 16382
17:29:02.168 P 21817 280 -33 1909 1909 5 5 -5678 17058
17:29:02.168 P 21819 245 -751 1636 1636 5 6 -2748 16176
17:29:02.168 P 21821 176 -1229 1416 1416 5 6 -836 15930
17:29:02.168 P 21823 98 -1149 1445 1445 6 6 834 16880
17:29:02.168 P 21825 33 -976 1494 1494 5 5 -490 17156
17:29:02.168 P 21827 -26 -1007 1452 1452 5 5 -102 15938
17:29:02.168 P 21829 -89 -958 1421 1421 4 6 268 16396
17:29:02.168 P 21831 -147 -914 1412 1412 5 6 260 16696
17:29:02.168 P 21833 -204 -921 1347 1347 5 5 44 16518
17:29:02.168 P 21835 -261 -912 1311 1311 6 6 476 16976
17:29:02.168 P 21837 -317 -912 -1368 -1368 4 4 380 16522
17:29:02.168 P 21839 -374 -909 -1428 -1428 4 5 464 16218
17:29:02.168 P 21841 -429 -876 -1477 -1477 4 5 476 16522
17:29:02.168 P 21843 -481 -841 -1554 -1554 3 4 432 16628
17:29:02.168 P 21846 -560 -761 -1666 -1666 1 3 4574 17142
17:29:02.168 P 21848 -591 -323 -1549 -1549 1 2 502 17170
17:29:02.168 P 21850 -611 -278 -1626 -1626 0 1 2930 16582
17:29:02.168 P 21852 -619 -66 -1588 -1588 0 1 868 16686
17:29:02.168 P 21854 -620 61 -1595 -1595 0 0 1508 17112
17:29:02.168 P 21856 -611 184 -1584 -1584 -1 0 1504 16890
17:29:02.168 P 21858 -592 363 -1539 -1539 -1 -1 294 16644
17:29:02.168 P 21860 -570 346 -1547 -1547 0 0 816 16664
17:29:02.168 P 21862 -550 276 -1596 -1596 -1 0 -98 16484
17:29:02.168 P 21864 -537 233 -1627 -1627 -1 0 830 16486
17:29:02.168 P 21866 -523 230 -1644 -1644 -2 0 1258 16928
17:29:02.168 P 21868 -508 302 -1624 -1624 -1 -2 840 16868
17:29:02.168 P 21870 -489 324 -1614 -1614 -1 -1 1192 16658
17:29:02.168 P 21872 -468 373 -1601 -1601 -1 -1 334 16742
17:29:02.168 P 21874 -448 358 -1623 -1623 -2 -2 1156 16624
17:29:02.168 P 21876 -426 362 -1617 -1617 -2 -2 290 16682
17:29:02.168 P 21878 -405 370 -1615 -1615 -2 -2 1036 16724
17:29:02.168 P 21880 -383 388 -1608 -1608 -2 -2 460 16828
17:29:02.168 P 21882 -361 396 -1602 -1602 -2 -3 902 16506
17:29:02.168 P 21885 -325 413 -1574 -1574 -2 -2 300 16542
17:29:02.168 P 21887 -302 428 -1564 -1564 -2 -3 480 16508
17:29:02.168 P 21889 -279 377 -1591 -1591 -3 -3 760 16608
17:29:02.168 P 21891 -257 390 -1563 -1563 -3 -2 -274 16634
17:29:02.168 P 21893 -238 356 -1570 -1570 -2 -2 1628 16680
17:29:02.168 P 21895 -216 353 -1550 -1550 -2 -3 -220 16616
17:29:02.168 P 21897 -197 363 -1546 -1546 -3 -3 178 16694
17:29:02.168 P 21899 -179 303 -1562 -1562 -3 -3 508 16614
17:29:02.168 P 21901 -161 320 -1532 -1532 -3 -2 -216 16828
17:29:02.168 P 21903 -145 303 -1522 -1522 -2 -2 -4 16436
17:29:02.168 P 21906 -123 277 -1522 -1522 -2 -2 1148 16540
17:29:02.168 P 21908 -106 270 -1514 -1514 -2 -2 -446 16980
17:29:02.168 P 21910 -93 274 -1506 -1506 -3 -2 302 16658
17:29:02.168 P 21912 -80 243 -1515 -1515 -3 -3 214 16566
17:29:02.168 P 21914 -67 253 -1493 -1493 -2 -3 -314 16578
17:29:02.168 P 21916 -56 211 -1500 -1500 -2 -2 532 16828
17:29:02.168 P 21918 -45 213 -1476 -1476 -2 -1 -16 16580
17:29:02.168 P 21920 -36 197 -1486 -1486 -2 -2 714 16682
17:29:02.168 P 21922 -25 222 -1464 -1464 -3 -2 -390 16870
17:29:02.168 P 21923 -20 206 -1473 -1473 -2 -3 18 16748
17:29:02.168 P 21925 -11 169 -1474 -1474 -2 -2 88 16492
17:29:02.168 P 21927 -5 148 -1472 -1472 -2 -2 554 16812
17:29:02.168 P 21929 2 157 -1457 -1457 -2 -2 -312 16832
17:29:02.168 P 21931 6 137 -1460 -1460 -2 -2 738 16722
17:29:02.168 P 21933 14 135 -1454 -1454 -2 -2 -294 16680
17:29:02.168 P 21935 19 128 -1453 -1453 -2 -2 -118 16582
17:29:02.168 P 21937 23 117 -1437 -1437 -1 -2 -20 16640
17:29:02.168 P 21939 27 116 -1440 -1440 -2 -2 -286 16604
17:29:02.168 P 21941 30 107 -1439 -1439 -2 -3 216 16742
17:29:02.168 P 21943 33 97 -1430 -1430 -2 -1 624 16796
17:29:02.168 P 21945 36 100 -1417 -1417 -2 -1 718 16930
17:29:02.168 P 21947 40 138 -1389 -1389 -1 -1 164 16748
17:29:02.168 P 21949 42 99 -1393 -1393 -1 -1 1030 16764
17:29:02.168 P 21951 45 129 -1377 -1377 -2 0 858 16630
17:29:02.168 P 21952 46 141 -1361 -1361 -1 -1 1194 16706
17:29:02.168 P 21954 52 216 -1305 -1305 -1 -1 1068 16552
17:29:02.168 P 21956 61 221 1323 1323 -2 0 750 16622
17:29:02.168 P 21958 70 215 1350 1350 -1 0 660 16642
17:29:02.168 P 21960 78 215 1385 1385 0 1 1070 16672
17:29:02.168 P 21962 87 234 1411 1411 -1 0 758 16732
17:29:02.168 P 21964 95 214 1431 1431 -1 0 882 16754
17:29:02.168 P 21966 103 216 1458 1458 0 1 790 16714
17:29:02.168 P 21968 115 275 1519 1519 0 1 484 16660
17:29:02.168 P 21970 127 267 1542 1542 0 1 206 16614
17:29:02.168 P 21972 139 287 1573 1573 0 1 738 16798
17:29:02.168 P 21974 157 411 1684 1684 1 1 684 16692
17:29:02.168 P 21976 181 457 1746 1746 1 1 28 16654
17:29:02.168 P 21978 208 332 1759 1759 2 1 -4080 16300
17:29:02.168 P 21980 210 -33 1638 1638 3 1 110 16872
17:29:02.168 P 21982 202 -167 1614 1614 2 3 -1990 16658
17:29:02.168 P 21984 179 -354 1536 1536 2 3 38 16424
17:29:02.168 P 21986 154 -372 1528 1528 2 2 -598 16728
17:29:02.168 P 21988 129 -364 1527 1527 3 2 404 17022
17:29:02.168 P 21990 106 -329 1546 1546 3 3 -682 16858
17:29:02.168 P 21992 83 -334 1521 1521 2 3 -322 16544
17:29:02.168 P 21994 61 -310 1510 1510 1 2 -56 16758
17:29:02.168 P 21996 41 -322 1506 1506 2 4 -524 16552
17:29:02.168 P 21998 18 -311 1476 1476 2 2 -114 16624
17:29:02.168 P 22001 -12 -340 1446 1446 3 3 212 16704
17:29:02.168 P 22003 -32 -266 1462 1462 3 2 -330 16602
17:29:02.168 P 22005 -52 -311 1403 1403 2 2 230 16626
17:29:02.168 P 22007 -70 -266 1411 1411 2 2 -172 16646
17:29:02.168 P 22009 -89 -262 1392 1392 2 3 26 16778
17:29:02.168 P 22011 -105 -251 1368 1368 1 2 206 16686
17:29:02.168 P 22013 -122 -244 1358 1358 1 3 -900 16638
17:29:02.168 P 22015 -140 -253 1331 1331 2 3 778 16880
17:29:02.168 P 22017 -155 -226 1317 1317 1 3 -514 16650
17:29:02.168 P 22020 -177 -200 -1306 -1306 1 2 -44 16886
17:29:02.168 P 22022 -192 -200 -1335 -1335 0 2 490 16848
17:29:02.168 P 22024 -202 -126 -1339 -1339 0 1 -232 16488
17:29:02.168 P 22026 -212 -117 -1364 -1364 0 0 670 16700
17:29:02.168 P 22028 -218 -57 -1346 -1346 1 1 408 16880
17:29:02.168 P 22030 -222 -27 -1355 -1355 0 1 296 16680
17:29:02.168 P 22032 -223 2 -1375 -1375 0 0 220 16808
17:29:02.168 P 22034 -223 40 -1371 -1371 0 0 346 16756
17:29:02.168 P 22036 -223 36 -1391 -1391 0 0 438 16710
17:29:02.168 P 22038 -222 46 -1399 -1399 0 0 150 16624
17:29:02.168 P 22040 -221 13 -1433 -1433 0 -1 -108 16718
17:29:02.168 P 22042 -223 -16 -1453 -1453 0 0 50 16632
17:29:02.168 P 22044 -226 -51 -1475 -1475 0 0 30 16670
17:29:02.168 P 22045 -229 -64 -1494 -1494 -1 0 196 16596
17:29:02.168 P 22047 -235 -91 -1522 -1522 0 -1 10 16672
17:29:02.168 P 22049 -243 -122 -1560 -1560 0 -1 106 16742
17:29:02.168 P 22051 -253 -154 -1584 -1584 0 0 84 16662
17:29:02.168 P 22053 -265 -186 -1631 -1631 -1 0 856 16764
17:29:02.168 P 22055 -276 -122 -1644 -1644 -2 -2 486 16730
17:29:02.168 P 22057 -282 64 -1575 -1575 -1 -1 528 16760
17:29:02.168 P 22059 -275 107 -1574 -1574 -1 -1 492 16840
17:29:02.168 P 22061 -269 166 -1563 -1563 -2 -2 926 16732
17:29:02.168 P 22063 -257 228 -1528 -1528 -1 -2 176 16746
17:29:02.168 P 22065 -246 217 -1545 -1545 -2 -1 616 16678
17:29:02.168 P 22067 -235 202 -1548 -1548 -1 -1 818 16542
17:29:02.168 P 22069 -221 238 -1533 -1533 -2 -2 -718 16608
17:29:02.168 P 22071 -214 180 -1575 -1575 -2 -2 1016 16748
17:29:02.168 P 22073 -204 169 -1568 -1568 -2 -2 930 16774
17:29:02.168 P 22075 -193 222 -1541 -1541 -1 -3 -68 16670
17:29:02.168 P 22077 -182 204 -1555 -1555 -2 -3 466 16686
17:29:02.168 P 22079 -172 208 -1546 -1546 -2 -2 402 16618
17:29:02.168 P 22081 -161 221 -1529 -1529 -1 -2 -28 16674
17:29:02.168 P 22083 -150 209 -1535 -1535 -1 -2 426 16726
17:29:02.168 P 22085 -140 202 -1527 -1527 -2 -1 320 16616
17:29:02.168 P 22087 -130 207 -1526 -1526 -3 -1 616 16644
17:29:02.168 P 22089 -119 212 -1521 -1521 -3 -2 90 16736
17:29:02.168 P 22091 -110 191 -1520 -1520 -2 -2 1388 16826
17:29:02.168 P 22093 -97 227 -1499 -1499 -2 -2 -584 16526
17:29:02.168 P 22095 -89 179 -1509 -1509 -2 -1 648 16856
17:29:02.168 P 22097 -80 165 -1506 -1506 -2 -1 -32 16692
17:29:02.168 P 22099 -73 205 -1477 -1477 -1 -1 324 16398
17:29:02.168 P 22101 -63 161 -1496 -1496 -1 -1 204 16762
17:29:02.168 P 22103 -57 181 -1479 -1479 -1 -2 506 16884
17:29:02.168 P 22106 -45 172 -1465 -1465 -1 -1 626 16494
17:29:02.168 P 22108 -37 148 -1481 -1481 -2 -2 528 16700
17:29:02.168 P 22110 -31 174 -1455 -1455 -2 -1 120 17002
17:29:02.168 P 22112 -24 153 -1463 -1463 -2 -2 1056 16726
17:29:03.996 P 22114 -17 191 -1424 -1424 -2 -1 318 16650
17:29:03.996 P 22116 -10 218 -1392 -1392 -2 0 1528 16742
17:29:03.996 P 22118 0 220 -1384 -1384 -1 -2 428 16616
17:29:03.996 P 22120 7 255 -1345 -1345 -2 -1 1638 16560
17:29:03.996 P 22122 21 290 1315 1315 -1 0 804 16672
17:29:03.996 P 22124 34 309 1349 1349 -1 0 1056 16592
17:29:03.996 P 22126 48 288 1359 1359 -2 0 930 16620
17:29:03.996 P 22128 60 305 1402 1402 -1 0 888 16752
17:29:03.996 P 22130 74 277 1429 1429 0 0 928 16812
17:29:03.996 P 22132 85 274 1449 1449 0 1 724 16710
17:29:03.996 P 22134 100 323 1510 1510 0 0 460 16572
17:29:03.996 P 22136 115 300 1530 1530 0 0 172 16796
17:29:03.996 P 22138 127 300 1581 1581 1 1 872 16862
17:29:03.996 P 22140 147 444 1689 1689 1 1 696 16660
17:29:03.996 P 22142 174 501 1775 1775 1 2 -430 16792
17:29:03.996 P 22144 196 241 1706 1706 2 2 -2296 16610
17:29:03.996 P 22147 192 -171 1571 1571 2 3 -176 16832
17:29:03.996 P 22149 176 -277 1538 1538 3 2 -1520 16694
17:29:03.996 P 22151 153 -313 1523 1523 3 2 888 16650
17:29:03.996 P 22153 135 -260 1547 1547 2 2 -654 16824
17:29:03.996 P 22155 117 -243 1550 1550 1 3 -420 16550
17:29:03.996 P 22157 99 -255 1537 1537 1 3 -48 16684
17:29:03.996 P 22159 82 -242 1535 1535 2 2 -506 16608
17:29:03.996 P 22162 57 -241 1523 1523 2 2 282 16556
17:29:03.996 P 22164 41 -253 1498 1498 2 2 -1096 16776
17:29:03.996 P 22166 21 -246 1497 1497 3 2 602 16586
17:29:03.996 P 22168 7 -233 1494 1494 3 2 -870 16482
17:29:03.996 P 22170 -11 -236 1470 1470 2 3 260 16874
17:29:03.996 P 22172 -26 -226 1455 1455 2 2 -38 16830
17:29:03.996 P 22174 -40 -202 1450 1450 2 2 -246 16626
17:29:03.996 P 22176 -55 -197 1428 1428 1 2 154 16696
17:29:03.996 P 22178 -67 -200 1417 1417 1 2 -664 16978
17:29:03.996 P 22180 -83 -202 1394 1394 1 2 634 16522
17:29:03.996 P 22182 -95 -191 1384 1384 2 2 -128 16550
17:29:03.996 P 22184 -107 -168 1363 1363 1 1 -92 16788
17:29:03.996 P 22186 -120 -197 1340 1340 1 2 14 16740
17:29:03.996 P 22188 -131 -151 1349 1349 2 2 -800 16406
17:29:03.996 P 22190 -145 -198 1309 1309 1 2 596 16776
17:29:03.996 P 22192 -156 -169 -1308 -1308 1 1 -338 16820
17:29:03.996 P 22194 -168 -166 -1334 -1334 0 1 342 16592
17:29:03.996 P 22196 -178 -117 -1329 -1329 0 2 364 16678
17:29:03.996 P 22198 -186 -92 -1341 -1341 1 0 290 16800
17:29:03.996 P 22200 -192 -42 -1341 -1341 0 1 314 16664
17:29:03.996 P 22202 -195 12 -1341 -1341 0 0 704 16718
17:29:03.996 P 22204 -193 82 -1320 -1320 0 1 176 16704
17:29:03.996 P 22206 -189 81 -1339 -1339 0 0 520 16634
17:29:03.996 P 22208 -186 89 -1346 -1346 0 0 96 16624
17:29:03.996 P 22209 -184 83 -1353 -1353 0 0 -176 16608
17:29:03.996 P 22211 -182 53 -1373 -1373 0 0 138 16726
17:29:03.996 P 22213 -181 29 -1406 -1406 0 0 0 16686
17:29:03.996 P 22215 -182 3 -1430 -1430 -1 0 106 16700
17:29:03.996 P 22217 -183 -16 -1437 -1437 0 0 20 16658
17:29:03.996 P 22218 -185 -33 -1456 -1456 0 -1 134 16626
17:29:03.996 P 22220 -189 -51 -1483 -1483 -1 -1 8 16600
17:29:03.996 P 22222 -195 -77 -1502 -1502 0 -1 58 16666
17:29:03.996 P 22224 -202 -102 -1512 -1512 0 0 104 16712
17:29:03.996 P 22226 -213 -87 -1535 -1535 0 -1 2978 16960
17:29:03.996 P 22228 -211 43 -1476 -1476 -1 0 -736 16580
17:29:03.996 P 22229 -212 -20 -1520 -1520 -1 -1 430 16738
17:29:03.996 P 22231 -215 -18 -1524 -1524 -1 -1 554 16636
17:29:03.996 P 22233 -217 12 -1522 -1522 -1 -1 14 16624
17:29:03.996 P 22235 -220 1 -1536 -1536 -1 0 1178 16736
17:29:03.996 P 22237 -219 19 -1543 -1543 -1 -2 -250 16644
17:29:03.996 P 22239 -220 32 -1529 -1529 0 -1 458 16724
17:29:03.996 P 22241 -219 28 -1542 -1542 0 -1 234 16672
17:29:03.996 P 22243 -219 44 -1544 -1544 -1 -1 656 16642
17:29:03.996 P 22245 -217 52 -1554 -1554 0 -2 -256 16692
17:29:03.996 P 22247 -218 19 -1574 -1574 -1 -1 808 16644
17:29:03.996 P 22249 -217 47 -1579 -1579 -1 -1 448 16670
17:29:03.996 P 22251 -215 81 -1578 -1578 -2 -2 206 16674
17:29:03.996 P 22253 -212 82 -1567 -1567 -1 -1 586 16760
17:29:03.996 P 22254 -210 98 -1576 -1576 -2 -2 432 16768
17:29:03.996 P 22256 -204 151 -1554 -1554 -1 -3 -52 16634
17:29:03.996 P 22258 -199 97 -1593 -1593 -2 -2 1270 16746
17:29:03.996 P 22260 -192 153 -1559 -1559 -1 -1 -346 16674
17:29:03.996 P 22262 -186 180 -1561 -1561 -2 -2 546 16718
17:29:03.996 P 22264 -177 158 -1570 -1570 -2 -2 428 16838
17:29:03.996 P 22266 -169 179 -1557 -1557 -2 -1 626 16658
17:29:03.996 P 22268 -159 213 -1544 -1544 -2 -1 662 16866
17:29:03.996 P 22270 -148 215 -1541 -1541 -2 -1 494 16678
17:29:03.996 P 22273 -133 202 -1545 -1545 -1 -3 574 16634
17:29:03.996 P 22275 -121 230 -1525 -1525 -1 -2 106 16542
17:29:03.996 P 22277 -111 207 -1531 -1531 -2 -2 206 16780
17:29:03.996 P 22279 -100 242 -1512 -1512 -3 -2 406 16414
17:29:03.996 P 22281 -88 217 -1517 -1517 -3 -2 230 16798
17:29:03.996 P 22283 -77 207 -1506 -1506 -2 -2 94 16732
17:29:03.996 P 22285 -68 213 -1499 -1499 -2 -2 692 16556
17:29:03.996 P 22287 -56 194 -1501 -1501 -2 -2 -202 16690
17:29:03.996 P 22289 -49 187 -1493 -1493 -2 -2 846 16902
17:29:03.996 P 22291 -39 195 -1476 -1476 -1 -2 -120 16680
17:29:03.996 P 22293 -31 197 -1473 -1473 -1 -2 196 16572
17:29:03.996 P 22295 -23 163 -1478 -1478 -1 -2 908 16712
17:29:03.996 P 22297 -13 201 -1460 -1460 -2 -3 -392 16706
17:29:03.996 P 22299 -6 174 -1456 -1456 -2 -2 634 16574
17:29:03.996 P 22301 0 164 -1435 -1435 -1 -1 580 16632
17:29:03.996 P 22303 9 170 -1419 -1419 -1 -1 106 16754
17:29:03.996 P 22305 15 162 -1423 -1423 -1 -1 -4 16644
17:29:03.996 P 22307 22 152 -1419 -1419 -1 -2 262 16748
17:29:03.996 P 22309 28 141 -1410 -1410 -1 -2 452 16740
17:29:03.996 P 22311 35 148 -1393 -1393 -1 -1 -464 16652
17:29:03.996 P 22313 40 142 -1386 -1386 -1 -1 378 16644
17:29:03.996 P 22316 48 112 -1391 -1391 -1 -1 -322 16770
17:29:03.996 P 22318 51 100 -1384 -1384 -1 -1 24 16690
17:29:03.996 P 22320 54 95 -1384 -1384 -1 -1 332 16628
17:29:03.996 P 22322 59 104 -1370 -1370 -2 -1 -632 16686
17:29:03.996 P 22324 59 51 -1380 -1380 0 -1 488 16742
17:29:03.996 P 22326 61 89 -1359 -1359 -1 -1 -4 16658
17:29:03.996 P 22328 64 82 -1360 -1360 -1 -1 -112 16770
17:29:03.996 P 22330 64 31 -1369 -1369 -1 -1 86 16718
17:29:03.996 P 22332 64 56 -1362 -1362 -1 -1 -160 16588
17:29:03.996 P 22334 64 43 -1354 -1354 -1 0 164 16654
17:29:03.996 P 22336 63 51 -1341 -1341 -1 0 282 16720
17:29:03.996 P 22338 64 73 -1342 -1342 -2 -1 -128 16622
17:29:03.996 P 22340 65 35 -1342 -1342 0 -1 -100 16670
17:29:03.996 P 22342 63 3 -1346 -1346 -1 0 -246 16664
17:29:03.996 P 22344 59 -38 -1350 -1350 0 0 -12 16740
17:29:03.996 P 22346 53 -58 -1352 -1352 0 0 28 16810
17:29:03.996 P 22348 46 -73 -1356 -1356 0 0 142 16754
17:29:03.996 P 22350 38 -67 -1355 -1355 0 0 220 16790
17:29:03.996 P 22352 31 -53 -1349 -1349 0 0 264 16704
17:29:03.996 P 22354 26 -34 -1342 -1342 0 0 188 16688
17:29:03.996 P 22356 21 -22 -1338 -1338 0 0 210 16738
17:29:03.996 P 22358 18 -6 -1333 -1333 0 0 216 16724
17:29:03.996 P 22360 15 5 -1328 -1328 0 0 200 16782
17:29:03.996 P 22361 14 12 -1326 -1326 0 0 192 16680
17:29:03.996 P 22363 12 25 -1321 -1321 0 0 212 16700
17:29:03.996 P 22365 11 37 -1316 -1316 0 0 182 16634
17:29:03.996 P 22367 11 49 -1309 -1309 0 0 210 16750
17:29:03.996 P 22369 12 60 -1303 -1303 0 0 120 16632
17:29:03.996 P 22371 13 73 1304 1304 0 0 142 16696
17:29:03.996 P 22373 15 83 1311 1311 0 0 208 16720
17:29:03.996 P 22374 16 88 1315 1315 0 0 152 16676
17:29:03.996 P 22376 19 101 1324 1324 0 0 198 16700
17:29:03.996 P 22378 23 113 1333 1333 0 0 144 16666
17:29:03.996 P 22380 27 124 1343 1343 0 0 142 16678
17:29:03.996 P 22382 32 135 1372 1372 0 1 146 16754
17:29:03.996 P 22383 35 140 1374 1374 0 0 86 16704
17:29:03.996 P 22385 41 151 1400 1400 1 1 68 16688
17:29:03.996 P 22387 48 163 1421 1421 0 0 62 16700
17:29:03.996 P 22389 56 172 1439 1439 1 0 -10 16544
17:29:03.996 P 22391 63 80 1389 1389 0 0 -92 16654
17:29:03.996 P 22393 62 91 1385 1385 0 0 824 16802
17:29:03.996 P 22394 66 156 1416 1416 0 0 -140 16760
17:29:03.996 P 22396 74 193 1445 1445 0 0 102 16744
17:29:03.996 P 22398 85 231 1468 1468 0 0 -302 16762
17:29:03.996 P 22400 95 211 1464 1464 0 0 -26 16780
17:29:03.996 P 22402 106 225 1478 1478 0 0 -122 16720
17:29:03.996 P 22404 118 241 1494 1494 0 0 -250 16798
17:29:03.996 P 22406 129 238 1502 1502 0 0 -184 16774
17:29:03.996 P 22407 135 246 1511 1511 0 0 -236 16700
17:29:03.996 P 22409 148 256 1527 1527 0 0 -228 16588
17:29:03.996 P 22411 161 265 1544 1544 0 0 -352 16740
17:29:03.996 P 22413 175 274 1560 1560 0 0 -276 16724
17:29:03.996 P 22414 182 280 1580 1580 1 0 -358 16810
17:29:03.996 P 22416 196 281 1611 1611 1 1 -388 16752
17:29:03.996 P 22418 210 281 1617 1617 0 0 -318 16674
17:29:03.996 P 22420 224 242 1622 1622 0 0 -1004 16798
17:29:03.996 P 22422 234 150 1605 1605 0 1 -1686 16786
17:29:03.996 P 22424 236 54 1593 1593 1 1 -650 16600
17:29:03.996 P 22426 235 -12 1566 1566 1 1 -1088 16672
17:29:03.996 P 22428 230 -31 1583 1583 1 2 -450 16620
17:29:03.996 P 22429 228 -13 1582 1582 0 1 -516 16700
17:29:03.996 P 22431 225 -57 1590 1590 1 2 -1202 16598
17:29:03.996 P 22433 216 -89 1575 1575 1 2 -390 16676
17:29:03.996 P 22435 209 -110 1572 1572 1 2 -1014 16600
17:29:03.996 P 22438 193 -105 1574 1574 1 2 -926 16554
17:29:03.996 P 22440 181 -194 1535 1535 2 2 78 16718
17:29:03.996 P 22442 170 -110 1568 1568 1 2 -556 16786
17:29:03.996 P 22444 159 -157 1548 1548 1 3 -444 16666
17:29:03.996 P 22446 147 -138 1556 1556 2 3 -360 16594
17:29:03.996 P 22448 137 -142 1551 1551 1 3 -644 16624
17:29:03.996 P 22450 124 -159 1537 1537 1 3 -226 16744
17:29:03.996 P 22452 113 -142 1528 1528 1 2 -632 16532
17:29:03.996 P 22454 100 -170 1510 1510 2 2 -48 16702
17:29:03.996 P 22456 89 -160 1508 1508 2 2 -1030 16578
17:29:03.996 P 22458 75 -147 1505 1505 1 2 420 16672
17:29:03.996 P 22460 64 -178 1482 1482 1 2 -52 17064
17:29:03.996 P 22462 54 -106 1501 1501 2 1 -700 16532
17:29:03.996 P 22463 49 -133 1482 1482 1 2 -612 16582
17:29:03.996 P 22466 35 -82 1487 1487 1 1 -890 16754
17:29:03.996 P 22467 31 -107 1471 1471 1 2 -694 16836
17:29:03.996 P 22469 21 -110 1458 1458 1 1 -350 16498
17:29:03.996 P 22471 11 -137 1446 1446 2 1 -286 16526
17:29:03.996 P 22474 0 -62 1441 1441 0 1 -756 16560
17:29:03.996 P 22476 -8 -118 1423 1423 1 2 250 16644
17:29:03.996 P 22478 -14 -66 1426 1426 0 2 -218 16794
17:29:03.996 P 22480 -20 -42 1422 1422 0 1 -312 16726
17:29:03.996 P 22482 -25 -66 1407 1407 1 1 246 16708
17:29:03.996 P 22484 -31 -52 1413 1413 2 2 -294 16670
17:29:03.996 P 22486 -36 -44 1389 1389 1 1 -86 16764
17:29:03.996 P 22488 -40 -27 1393 1393 1 1 110 16762
17:29:05.872 P 22490 -42 0 1396 1396 1 1 -400 16734
17:29:05.872 P 22492 -45 -6 1383 1383 0 1 48 16670
17:29:05.872 P 22494 -47 -19 1362 1362 0 1 -278 16648
17:29:05.872 P 22495 -49 -26 1352 1352 0 1 116 16728
17:29:05.872 P 22498 -50 34 1366 1366 0 0 -264 16776
17:29:05.872 P 22499 -50 36 1355 1355 0 0 14 16748
17:29:05.872 P 22501 -48 61 1367 1367 0 0 -324 16570
17:29:05.872 P 22503 -47 62 1369 1369 0 1 42 16742
17:29:05.872 P 22505 -44 72 1369 1369 0 1 -388 16742
17:29:05.872 P 22507 -42 63 1352 1352 0 0 94 16514
17:29:05.872 P 22509 -40 52 1347 1347 0 1 -216 16690
17:29:05.872 P 22511 -40 58 1341 1341 0 0 14 16658
17:29:05.872 P 22513 -38 58 1334 1334 0 0 82 16640
17:29:05.872 P 22515 -36 74 1338 1338 0 0 -80 16662
17:29:05.872 P 22517 -33 64 1333 1333 0 0 -284 16616
17:29:05.872 P 22519 -32 49 1325 1325 0 0 -200 16632
17:29:05.872 P 22521 -31 35 1317 1317 0 0 -222 16736
17:29:05.872 P 22523 -32 22 1309 1309 0 0 -230 16664
17:29:05.872 P 22525 -33 9 1301 1301 0 0 -128 16670
17:29:05.872 P 22527 -35 -3 -1308 -1308 0 0 -132 16704
17:29:05.872 P 22529 -37 -13 -1315 -1315 0 0 -68 16728
17:29:05.872 P 22530 -38 -14 -1328 -1328 -1 0 -246 16574
17:29:05.872 P 22532 -42 -38 -1340 -1340 0 0 -108 16770
17:29:05.872 P 22534 -47 -47 -1346 -1346 0 0 -200 16666
17:29:05.872 P 22536 -52 -61 -1365 -1365 0 0 -16 16598
17:29:05.872 P 22538 -58 -73 -1374 -1374 0 0 -114 16658
17:29:05.872 P 22540 -65 -86 -1393 -1393 0 0 -62 16680
17:29:05.872 P 22542 -73 -98 -1402 -1402 0 0 -40 16700
17:29:05.872 P 22544 -81 -112 -1414 -1414 0 0 -36 16672
17:29:05.872 P 22546 -90 -124 -1435 -1435 0 0 -6 16604
17:29:05.872 P 22547 -95 -132 -1442 -1442 0 0 26 16680
17:29:05.872 P 22549 -106 -145 -1454 -1454 0 0 70 16724
17:29:05.872 P 22551 -117 -159 -1480 -1480 -1 0 174 16702
17:29:05.872 P 22553 -127 -138 -1485 -1485 -1 0 -118 16590
17:29:05.872 P 22555 -139 -180 -1511 -1511 0 0 256 16680
17:29:05.872 P 22557 -152 -195 -1536 -1536 0 -1 -64 16658
17:29:05.872 P 22559 -168 -225 -1560 -1560 0 0 244 16650
17:29:05.872 P 22560 -175 -231 -1567 -1567 0 0 16 16596
17:29:05.872 P 22562 -192 -257 -1620 -1620 -1 -1 176 16730
17:29:05.872 P 22564 -210 -269 -1653 -1653 -1 -1 366 16734
17:29:05.872 P 22566 -227 -172 -1648 -1648 -2 -1 2796 16948
17:29:05.872 P 22568 -230 39 -1566 -1566 -1 -1 920 16898
17:29:05.872 P 22570 -226 151 -1536 -1536 -1 -1 672 16738
17:29:05.872 P 22572 -218 119 -1568 -1568 -2 -1 672 16708
17:29:05.872 P 22574 -212 169 -1543 -1543 -1 -1 342 16642
17:29:05.872 P 22576 -204 152 -1558 -1558 -1 -1 692 16658
17:29:05.872 P 22578 -196 178 -1559 -1559 -2 -2 334 16682
17:29:05.872 P 22580 -187 188 -1561 -1561 -2 -2 318 16676
17:29:05.872 P 22582 -179 170 -1564 -1564 -1 -2 608 16844
17:29:05.872 P 22584 -170 193 -1564 -1564 -1 -3 404 16814
17:29:05.872 P 22586 -160 198 -1550 -1550 -1 -2 418 16706
17:29:05.872 P 22588 -150 243 -1534 -1534 -1 -2 1196 16720
17:29:05.872 P 22589 -142 279 -1505 -1505 -1 -2 -896 16416
17:29:05.872 P 22591 -132 205 -1543 -1543 -1 -2 1158 16682
17:29:05.872 P 22593 -119 226 -1533 -1533 -2 -2 184 16788
17:29:05.872 P 22595 -109 230 -1522 -1522 -1 -3 830 16632
17:29:05.872 P 22597 -95 223 -1524 -1524 -3 -3 -274 16724
17:29:05.872 P 22599 -85 234 -1499 -1499 -2 -2 568 16670
17:29:05.872 P 22601 -74 203 -1504 -1504 -2 -2 178 16950
17:29:05.872 P 22603 -63 215 -1489 -1489 -1 -2 62 16512
17:29:05.872 P 22605 -55 184 -1508 -1508 -2 -3 962 16664
17:29:05.872 P 22606 -49 232 -1473 -1473 -2 -1 -40 16712
17:29:05.872 P 22608 -39 170 -1485 -1485 -1 -2 504 16772
17:29:05.872 P 22610 -30 192 -1470 -1470 -2 -2 -578 16560
17:29:05.872 P 22612 -23 184 -1471 -1471 -1 -3 282 16790
17:29:05.872 P 22614 -15 141 -1479 -1479 -2 -2 528 16918
17:29:05.872 P 22616 -7 177 -1441 -1441 -2 -1 -470 16690
17:29:05.872 P 22618 -2 127 -1470 -1470 -2 -2 386 16666
17:29:05.872 P 22619 0 147 -1445 -1445 -1 -1 -98 16590
17:29:05.872 P 22621 7 152 -1437 -1437 -2 -1 -138 16592
17:29:05.872 P 22623 11 101 -1451 -1451 -1 -2 360 16762
17:29:05.872 P 22625 15 132 -1418 -1418 -1 -1 308 16744
17:29:05.872 P 22627 21 121 -1425 -1425 -1 -1 -168 16690
17:29:05.872 P 22629 24 100 -1440 -1440 -2 -2 274 16548
17:29:05.872 P 22631 28 114 -1407 -1407 -1 -1 -6 16688
17:29:05.872 P 22632 30 108 -1405 -1405 -1 -1 -414 16662
17:29:05.872 P 22634 33 80 -1409 -1409 0 -1 366 16720
17:29:05.872 P 22636 34 73 -1418 -1418 -1 -2 252 16616
17:29:05.872 P 22638 37 94 -1390 -1390 -1 0 -64 16656
17:29:05.872 P 22640 39 74 -1398 -1398 0 -2 322 16532
17:29:05.872 P 22642 40 51 -1400 -1400 -1 -1 -34 16556
17:29:05.872 P 22643 40 34 -1411 -1411 -1 -1 146 16800
17:29:05.872 P 22645 39 60 -1393 -1393 -1 -1 556 16708
17:29:05.872 P 22647 41 55 -1379 -1379 -1 0 -442 16688
17:29:05.872 P 22649 40 29 -1385 -1385 -1 -1 -30 16670
17:29:05.872 P 22651 38 5 -1391 -1391 0 -1 308 16750
17:29:05.872 P 22653 36 18 -1381 -1381 0 0 -94 16684
17:29:05.872 P 22655 34 -1 -1381 -1381 0 -1 220 16618
17:29:05.872 P 22657 30 -17 -1382 -1382 0 0 -64 16738
17:29:05.872 P 22659 26 -36 -1382 -1382 0 0 -22 16552
17:29:05.872 P 22660 23 -51 -1384 -1384 0 0 -110 16668
17:29:05.872 P 22662 16 -75 -1394 -1394 0 0 236 16650
17:29:05.872 P 22664 8 -65 -1390 -1390 0 0 176 16790
17:29:05.872 P 22666 -7 -57 -1397 -1397 0 0 9610 17252
17:29:05.872 P 22668 0 745 1598 1598 0 0 6902 16664
17:29:05.872 P 22670 51 1244 1888 1888 0 0 7688 18660
17:29:05.872 P 22671 89 1426 2033 2033 1 1 3006 15958
17:29:05.872 P 22673 164 1463 2174 2174 2 2 2834 15558
17:29:05.872 P 22675 226 1144 2181 2181 4 3 5616 17520
17:29:05.872 P 22677 262 810 2191 2191 5 5 5870 17136
17:29:05.872 P 22679 298 880 2388 2388 7 6 4496 16616
17:29:05.872 P 22681 330 713 2522 2522 9 9 5456 17756
17:29:05.872 P 22683 354 572 2655 2655 10 9 3484 16818
17:29:05.872 P 22685 367 304 2760 2760 13 12 1772 18474
17:29:05.872 P 22687 359 -171 2758 2758 15 14 898 18842
17:29:05.872 P 22689 323 -593 2763 2763 16 16 -524 16072
17:29:05.872 P 22691 262 -1162 2684 2684 18 18 -2070 17716
17:29:05.872 P 22693 166 -1697 2585 2585 21 20 -1520 15554
17:29:05.872 P 22695 45 -2156 2458 2458 21 21 -1450 16158
17:29:05.872 P 22697 -98 -2492 2344 2344 23 21 -2240 15526
17:29:05.872 P 22699 -263 -2824 2172 2172 23 21 -1278 13828
17:29:05.872 P 22701 -444 -2992 2018 2018 22 20 -48 13916
17:29:05.872 P 22703 -630 -3119 1875 1875 22 22 -228 15134
17:29:05.872 P 22705 -825 -3255 1662 1662 21 20 346 14816
17:29:05.872 P 22707 -1029 -3193 1549 1549 21 21 4512 15932
17:29:05.872 P 22709 -1212 -3041 1465 1465 21 20 464 16242
17:29:05.872 P 22711 -1400 -3194 -1362 -1362 20 20 1550 16270
17:29:05.872 P 22713 -1597 -3216 -1561 -1561 19 20 2012 11574
17:29:05.872 P 22715 -1791 -3177 -1793 -1793 18 18 5484 16388
17:29:05.872 P 22717 -1964 -2570 -1792 -1792 15 15 8784 21878
17:29:05.872 P 22718 -2029 -2085 -1701 -1701 14 14 9554 22956
17:29:05.872 P 22720 -2117 -1153 -1521 -1521 12 12 8302 18790
17:29:05.872 P 22722 -2157 -607 -1468 -1468 11 11 3192 15972
17:29:05.872 P 22724 -2182 -347 -1536 -1536 9 11 5480 21224
17:29:05.872 P 22726 -2188 -177 -1607 -1607 8 9 3750 17916
17:29:05.872 P 22728 -2194 -75 -1719 -1719 7 7 4044 12746
17:29:05.872 P 22730 -2184 218 -1722 -1722 5 6 4824 18006
17:29:05.872 P 22732 -2158 511 -1707 -1707 4 5 6798 20422
17:29:05.872 P 22733 -2134 759 -1637 -1637 4 4 4922 18546
17:29:05.872 P 22735 -2073 996 -1613 -1613 3 2 4234 15790
17:29:05.872 P 22737 -2000 1168 -1590 -1590 2 3 2984 17490
17:29:05.872 P 22739 -1924 1207 -1617 -1617 1 2 3568 18028
17:29:05.872 P 22741 -1844 1263 -1604 -1604 2 1 2424 16110
17:29:05.872 P 22743 -1763 1289 -1614 -1614 0 1 2354 15908
17:29:05.872 P 22744 -1721 1289 -1609 -1609 0 1 1884 16538
17:29:05.872 P 22746 -1642 1258 -1618 -1618 0 0 2938 16342
17:29:05.872 P 22748 -1561 1245 -1624 -1624 -1 0 1312 15592
17:29:05.872 P 22750 -1487 1150 -1644 -1644 0 -1 1720 15680
17:29:05.872 P 22751 -1450 1112 -1646 -1646 -1 0 1042 16254
17:29:05.872 P 22753 -1385 1005 -1671 -1671 -1 -1 1890 16918
17:29:05.872 P 22755 -1322 971 -1671 -1671 -1 -1 1622 16342
17:29:05.872 P 22757 -1263 942 -1671 -1671 -2 -2 1864 16398
17:29:05.872 P 22759 -1203 940 -1644 -1644 -2 -2 1210 16712
17:29:05.872 P 22761 -1147 882 -1647 -1647 -1 -2 1410 16260
17:29:05.872 P 22762 -1119 869 -1644 -1644 -2 -2 1004 15990
17:29:05.872 P 22764 -1067 819 -1655 -1655 -3 -2 894 16458
17:29:05.872 P 22766 -1019 758 -1664 -1664 -3 -2 1794 16744
17:29:05.872 P 22768 -972 726 -1653 -1653 -1 -3 860 16360
17:29:05.872 P 22770 -929 703 -1647 -1647 -2 -3 1060 16402
17:29:05.872 P 22772 -888 654 -1657 -1657 -3 -2 2054 16656
17:29:05.872 P 22774 -848 608 -1669 -1669 -3 -3 718 16558
17:29:05.872 P 22776 -813 579 -1653 -1653 -2 -3 1242 16344
17:29:05.872 P 22778 -780 533 -1682 -1682 -3 -3 1662 17200
17:29:05.872 P 22780 -749 528 -1656 -1656 -2 -3 1656 16620
17:29:05.872 P 22782 -719 518 -1655 -1655 -3 -4 2686 16604
17:29:05.872 P 22784 -684 556 -1615 -1615 -2 -3 230 16720
17:29:05.872 P 22786 -656 507 -1645 -1645 -4 -4 1872 16276
17:29:05.872 P 22788 -625 468 -1630 -1630 -3 -3 772 16338
17:29:05.872 P 22790 -600 456 -1628 -1628 -3 -4 1210 16388
17:29:05.872 P 22792 -574 410 -1641 -1641 -4 -4 1238 16514
17:29:05.872 P 22794 -550 404 -1621 -1621 -3 -4 646 16452
17:29:05.872 P 22796 -529 356 -1642 -1642 -3 -4 1406 16820
17:29:05.872 P 22798 -508 320 -1636 -1636 -3 -3 458 16280
17:29:05.872 P 22800 -490 306 -1643 -1643 -3 -4 520 16552
17:29:05.872 P 22802 -473 241 -1671 -1671 -3 -4 112 16844
17:29:05.872 P 22804 -461 224 -1678 -1678 -3 -4 648 16298
17:29:05.872 P 22807 -445 181 -1703 -1703 -4 -4 1326 16274
17:29:05.872 P 22809 -433 206 -1695 -1695 -4 -4 862 17272
17:29:05.872 P 22811 -423 181 -1719 -1719 -4 -5 1370 17606
17:29:05.872 P 22813 -410 232 -1699 -1699 -5 -4 -84 16018
17:29:05.872 P 22815 -402 184 -1735 -1735 -4 -4 1804 16448
17:29:05.872 P 22817 -387 250 -1718 -1718 -5 -5 -242 17214
17:29:05.872 P 22819 -377 228 -1729 -1729 -5 -4 1844 16518
17:29:05.872 P 22821 -360 272 -1732 -1732 -6 -6 264 16564
17:29:05.872 P 22824 -338 291 -1719 -1719 -5 -5 488 16704
17:29:05.872 P 22826 -322 313 -1717 -1717 -5 -5 962 16458
17:29:05.872 P 22828 -303 301 -1724 -1724 -5 -5 302 16576
17:29:05.872 P 22830 -288 289 -1741 -1741 -5 -6 696 16728
17:29:05.872 P 22832 -272 295 -1741 -1741 -5 -5 1124 16328
17:29:05.872 P 22834 -254 356 -1710 -1710 -6 -5 1118 16650
17:29:05.872 P 22836 -232 394 -1693 -1693 -6 -5 342 17274
17:29:05.872 P 22839 -203 342 -1721 -1721 -7 -5 812 16334
17:29:07.737 P 22841 -184 348 -1711 -1711 -6 -5 118 15860
17:29:07.737 P 22843 -166 338 -1720 -1720 -6 -6 780 17122
17:29:07.737 P 22845 -145 376 -1699 -1699 -7 -6 -234 16898
17:29:07.737 P 22847 -125 356 -1706 -1706 -7 -6 900 16206
17:29:07.737 P 22849 -105 352 -1690 -1690 -6 -5 322 16232
17:29:07.737 P 22851 -86 351 -1693 -1693 -6 -6 -118 17298
17:29:07.737 P 22853 -68 337 -1692 -1692 -6 -6 276 16840
17:29:07.737 P 22855 -50 347 -1698 -1698 -7 -7 852 16322
17:29:07.737 P 22857 -30 389 -1664 -1664 -7 -7 324 16592
17:29:07.737 P 22859 -9 378 -1654 -1654 -7 -6 -348 16536
17:29:07.737 P 22861 8 310 -1674 -1674 -7 -6 320 17972
17:29:07.737 P 22863 24 338 -1661 -1661 -7 -7 486 16436
17:29:07.737 P 22865 42 323 -1647 -1647 -6 -7 188 15766
17:29:07.737 P 22867 59 312 -1643 -1643 -6 -7 -206 16546
17:29:07.737 P 22869 74 284 -1638 -1638 -5 -6 388 17686
17:29:07.737 P 22871 89 313 -1617 -1617 -5 -6 186 17012
17:29:07.737 P 22873 105 330 -1592 -1592 -5 -6 390 15320
17:29:07.737 P 22875 124 383 -1560 -1560 -6 -6 -136 17258
17:29:07.737 P 22877 143 346 -1561 -1561 -6 -6 -4 16846
17:29:07.737 P 22879 161 322 -1559 -1559 -6 -6 -492 16212
17:29:07.737 P 22881 175 295 -1544 -1544 -5 -6 -30 16786
17:29:07.737 P 22883 190 292 -1540 -1540 -5 -6 -138 16858
17:29:07.737 P 22885 205 302 -1513 -1513 -5 -6 -358 16102
17:29:07.737 P 22887 219 286 -1511 -1511 -5 -5 114 16852
17:29:07.737 P 22889 232 256 -1497 -1497 -4 -5 -418 16842
17:29:07.737 P 22891 244 242 -1505 -1505 -5 -6 -10 16392
17:29:07.737 P 22893 256 293 -1460 -1460 -4 -6 -318 16704
17:29:07.737 P 22895 271 293 -1440 -1440 -4 -5 -122 16420
17:29:07.737 P 22897 286 303 -1431 -1431 -5 -6 -516 16292
17:29:07.737 P 22899 300 292 -1402 -1402 -5 -4 -458 16438
17:29:07.737 P 22900 308 289 -1410 -1410 -5 -6 -400 17414
17:29:07.737 P 22902 321 284 -1394 -1394 -5 -5 -466 17312
17:29:07.737 P 22904 334 291 -1357 -1357 -4 -5 632 16214
17:29:07.737 P 22906 351 345 -1319 -1319 -4 -5 -674 16246
17:29:07.737 P 22908 366 270 -1338 -1338 -5 -4 -758 16798
17:29:07.737 P 22910 376 217 -1362 -1362 -5 -5 -368 16758
17:29:07.737 P 22912 386 243 -1330 -1330 -4 -5 -246 16556
17:29:07.737 P 22914 398 274 1303 1303 -4 -5 -436 16792
17:29:07.737 P 22916 411 277 1328 1328 -4 -4 -486 17092
17:29:07.737 P 22918 424 289 1354 1354 -4 -4 -496 16522
17:29:07.737 P 22920 437 251 1369 1369 -4 -4 -750 16280
17:29:07.737 P 22922 446 203 1367 1367 -4 -4 -458 16736
17:29:07.737 P 22924 454 192 1408 1408 -2 -3 -736 16640
17:29:07.737 P 22926 461 153 1412 1412 -3 -3 -1684 16558
17:29:07.737 P 22928 463 -1 1367 1367 -3 -3 -2220 17070
17:29:07.737 P 22930 453 -111 1343 1343 -2 -2 -824 17094
17:29:07.737 P 22932 439 -177 1324 1324 -2 -2 -542 16200
17:29:07.737 P 22934 424 -173 1327 1327 -3 -2 -358 16626
17:29:07.737 P 22936 410 -166 1338 1338 -2 -2 -394 17062
17:29:07.737 P 22938 395 -171 1354 1354 -1 -2 -510 16604
17:29:07.737 P 22940 380 -240 1329 1329 -1 -1 -534 16472
17:29:07.737 P 22943 350 -268 1321 1321 -1 -1 -328 17000
17:29:07.737 P 22945 330 -269 1325 1325 0 -1 -492 16606
17:29:07.737 P 22947 309 -287 1313 1313 0 -1 -426 16556
17:29:07.737 P 22949 286 -343 -1315 -1315 -1 0 -324 16776
17:29:07.737 P 22951 260 -371 -1329 -1329 0 0 -446 16682
17:29:07.737 P 22953 233 -413 -1378 -1378 0 -1 -468 16450
17:29:07.737 P 22955 203 -450 -1398 -1398 0 0 -124 16724
17:29:07.737 P 22958 159 -432 -1422 -1422 0 0 -238 16550
17:29:07.737 P 22960 128 -438 -1449 -1449 0 -1 126 16662
17:29:07.737 P 22962 100 -408 -1467 -1467 0 -1 60 16734
17:29:07.737 P 22964 72 -399 -1491 -1491 0 0 474 16840
17:29:07.737 P 22966 48 -264 -1452 -1452 -1 0 776 16692
17:29:07.737 P 22969 24 -222 -1443 -1443 0 0 -270 16688
17:29:07.737 P 22971 6 -262 -1485 -1485 0 -1 402 16618
17:29:07.737 P 22973 -12 -272 -1504 -1504 0 -1 178 16674
17:29:07.737 P 22975 -32 -260 -1524 -1524 -1 0 658 16676
17:29:07.737 P 22978 -55 -161 -1505 -1505 0 -1 1032 16800
17:29:07.737 P 22980 -64 -100 -1497 -1497 -1 -1 328 16702
17:29:07.737 P 22982 -72 -71 -1501 -1501 -1 -1 394 16698
17:29:07.737 P 22984 -80 -94 -1517 -1517 -1 -1 656 16708
17:29:07.737 P 22986 -88 -63 -1517 -1517 -1 -1 212 16614
17:29:07.737 P 22988 -95 -51 -1514 -1514 -1 0 986 16740
17:29:07.737 P 22990 -99 0 -1519 -1519 -1 -2 1002 16684
17:29:07.737 P 22992 -99 47 -1488 -1488 -1 -1 -48 16716
17:29:07.737 P 22995 -101 44 -1507 -1507 -1 -1 790 16508
17:29:07.737 P 22997 -101 49 -1502 -1502 -1 -1 498 16804
17:29:07.737 P 22999 -99 73 -1497 -1497 -1 -1 250 16774
17:29:07.737 P 23001 -98 82 -1477 -1477 0 0 766 16732
17:29:07.737 P 23003 -94 97 -1487 -1487 -1 -2 166 16564
17:29:07.737 P 23006 -91 109 -1476 -1476 -1 -1 588 16668
17:29:07.737 P 23008 -86 115 -1484 -1484 -2 -1 190 16734
17:29:07.737 P 23010 -81 129 -1458 -1458 -1 -1 498 16756
17:29:07.737 P 23012 -76 130 -1456 -1456 -1 0 300 16706
17:29:07.737 P 23014 -71 135 -1455 -1455 -1 -1 492 16680
17:29:07.737 P 23017 -62 126 -1450 -1450 -1 -1 290 16698
17:29:07.737 P 23019 -56 147 -1439 -1439 -1 -1 170 16692
17:29:07.737 P 23021 -51 119 -1444 -1444 -1 -1 552 16702
17:29:07.737 P 23023 -46 111 -1440 -1440 -1 -1 -252 16698
17:29:07.737 P 23025 -43 86 -1446 -1446 -1 -1 230 16618
17:29:07.737 P 23028 -40 78 -1442 -1442 -1 -1 364 16696
17:29:07.737 P 23030 -37 94 -1433 -1433 0 -2 234 16752
17:29:07.737 P 23032 -35 91 -1423 -1423 0 -1 182 16568
17:29:07.737 P 23034 -32 76 -1421 -1421 0 -1 162 16670
17:29:07.737 P 23036 -31 69 -1421 -1421 -1 -1 -8 16752
17:29:07.737 P 23038 -30 49 -1425 -1425 0 0 538 16726
17:29:07.737 P 23040 -29 82 -1405 -1405 0 0 180 16652
17:29:07.737 P 23042 -26 98 -1394 -1394 0 -1 442 16624
17:29:07.737 P 23044 -23 115 -1393 -1393 -1 -1 364 16654
17:29:07.737 P 23046 -19 90 -1388 -1388 0 0 -78 16654
17:29:07.737 P 23048 -17 51 -1408 -1408 -1 -1 -34 16698
17:29:07.737 P 23050 -9 -202 -1493 -1493 0 1 -5972 16154
17:29:07.737 P 23052 -18 -390 -1581 -1581 0 0 -12012 16104
17:29:07.737 P 23054 -60 -953 -1895 -1895 -1 0 -4408 16608
17:29:07.737 P 23057 -148 -1339 -2224 -2224 -1 -2 -3978 16708
17:29:07.737 P 23059 -212 -1199 -2314 -2314 -4 -3 -5566 17106
17:29:07.737 P 23061 -268 -972 -2411 -2411 -6 -6 -3760 17686
17:29:07.737 P 23063 -305 -652 -2477 -2477 -9 -8 -3166 17782
17:29:07.737 P 23065 -325 -304 -2525 -2525 -10 -9 -2196 16860
17:29:07.737 P 23067 -328 20 -2595 -2595 -12 -11 710 18188
17:29:07.737 P 23069 -304 518 -2570 -2570 -15 -13 214 17206
17:29:07.737 P 23072 -219 1192 -2500 -2500 -17 -15 222 16204
17:29:07.737 P 23074 -133 1472 -2501 -2501 -17 -17 964 18454
17:29:07.737 P 23076 -29 1726 -2467 -2467 -19 -17 -1536 17066
17:29:07.737 P 23078 77 1819 -2476 -2476 -19 -17 1816 26306
17:29:07.737 P 23080 195 2205 -2322 -2322 -20 -18 878 11790
17:29:07.737 P 23082 341 2431 -2223 -2223 -22 -20 -716 6254
17:29:07.737 P 23085 569 2678 -2013 -2013 -20 -19 18 12818
17:29:07.737 P 23087 728 2774 -1881 -1881 -20 -20 1138 17512
17:29:07.737 P 23089 899 3031 -1647 -1647 -20 -20 698 17896
17:29:07.737 P 23091 1087 3146 -1438 -1438 -20 -19 -1302 7330
17:29:07.737 P 23093 1277 2978 -1379 -1379 -20 -19 -2802 9252
17:29:07.737 P 23095 1445 2854 1302 1302 -20 -19 -3888 32767
17:29:07.737 P 23097 1623 3223 1658 1658 -18 -18 -656 5620
17:29:07.737 P 23100 1920 3196 2050 2050 -15 -15 -6314 11972
17:29:07.737 P 23102 2071 2170 1878 1878 -12 -12 -11792 32732
17:29:07.737 P 23104 2139 820 1517 1517 -9 -9 -8968 20356
17:29:07.737 P 23106 2156 122 1404 1404 -8 -9 -4798 8924
17:29:07.737 P 23108 2135 -197 1408 1408 -7 -8 -1402 17578
17:29:07.737 P 23110 2120 -81 1582 1582 -7 -7 -4514 21428
17:29:07.737 P 23112 2102 -129 1660 1660 -6 -7 -2652 13492
17:29:07.737 P 23115 2070 -341 1723 1723 -4 -4 -3802 17670
17:29:07.737 P 23117 2027 -634 1695 1695 -1 -3 -3386 20470
17:29:07.737 P 23119 1963 -941 1619 1619 0 -3 -1462 17592
17:29:07.737 P 23121 1883 -1117 1587 1587 0 -2 -1262 15420
17:29:07.737 P 23123 1804 -1042 1656 1656 0 0 150 16768
17:29:07.737 P 23125 1749 -646 1889 1889 1 -1 -2220 16190
17:29:07.737 P 23127 1705 -540 2001 2001 1 1 -1998 15904
17:29:07.737 P 23129 1667 -625 2054 2054 3 3 -4854 17878
17:29:07.737 P 23131 1596 -1242 1809 1809 4 3 -3776 19120
17:29:07.737 P 23133 1504 -1496 1720 1720 4 4 -4564 15432
17:29:07.737 P 23135 1395 -1570 1668 1668 5 4 244 15558
17:29:07.737 P 23137 1301 -1421 1712 1712 4 4 -2064 16932
17:29:07.737 P 23139 1210 -1289 1751 1751 4 5 -678 16122
17:29:07.737 P 23141 1130 -1219 1737 1737 5 4 -1096 15706
17:29:07.737 P 23143 1052 -1127 1747 1747 4 5 -1872 17046
17:29:07.737 P 23145 977 -1107 1724 1724 5 5 -598 16620
17:29:07.737 P 23147 907 -1051 1714 1714 6 5 -1226 15904
17:29:07.737 P 23149 838 -1025 1672 1672 5 4 -896 16400
17:29:07.737 P 23151 773 -934 1675 1675 4 6 -690 17012
17:29:07.737 P 23153 715 -849 1684 1684 5 5 -920 16098
17:29:07.737 P 23156 634 -784 1653 1653 5 5 -510 17354
17:29:07.737 P 23158 585 -686 1672 1672 5 5 -870 15940
17:29:07.737 P 23160 540 -653 1641 1641 5 5 -224 16096
17:29:07.737 P 23162 498 -593 1648 1648 6 5 -408 17066
17:29:07.737 P 23164 460 -545 1639 1639 4 6 -496 16872
17:29:07.737 P 23166 425 -480 1634 1634 4 6 -110 15906
17:29:07.737 P 23168 395 -387 1655 1655 4 5 -410 17228
17:29:07.737 P 23170 369 -351 1657 1657 5 6 -454 16630
17:29:07.737 P 23172 346 -299 1659 1659 5 5 -646 16222
17:29:07.737 P 23174 324 -279 1665 1665 5 5 -266 17130
17:29:07.737 P 23177 297 -224 1665 1665 4 5 -280 16196
17:29:07.737 P 23179 281 -170 1675 1675 4 5 -286 17000
17:29:07.737 P 23181 269 -142 1694 1694 4 5 -282 16752
17:29:07.737 P 23183 258 -130 1705 1705 5 5 -482 16614
17:29:07.737 P 23185 246 -145 1702 1702 6 6 -640 16274
17:29:07.737 P 23187 233 -132 1700 1700 5 6 -490 17334
17:29:07.737 P 23189 223 -112 1710 1710 5 5 -486 16816
17:29:07.737 P 23191 213 -131 1701 1701 5 5 -682 15952
17:29:07.737 P 23193 202 -108 1732 1732 6 6 -1102 16904
17:29:07.737 P 23195 191 -156 1691 1691 4 6 -312 16322
17:29:07.737 P 23197 178 -173 1696 1696 6 6 -322 16740
17:29:07.737 P 23199 165 -140 1710 1710 5 6 -754 17782
17:29:07.737 P 23201 155 -162 1690 1690 5 5 -1112 17334
17:29:07.737 P 23204 137 -180 1677 1677 5 5 -824 17146
17:29:07.737 P 23206 129 -159 1688 1688 6 4 -2346 16282
17:29:07.737 P 23208 116 -294 1624 1624 6 6 -2320 15156
17:29:07.737 P 23210 91 -415 1532 1532 6 4 -806 16432
17:29:07.737 P 23212 64 -404 1515 1515 5 5 -580 17216
17:29:07.737 P 23214 38 -377 1497 1497 5 4 34 16064
17:29:07.737 P 23216 15 -315 1504 1504 6 4 78 15654
17:29:07.737 P 23218 -5 -291 1478 1478 5 4 170 16408
17:29:09.549 P 23220 -23 -239 1487 1487 6 5 46 17136
17:29:09.549 P 23222 -39 -218 1473 1473 5 4 -104 16646
17:29:09.549 P 23224 -53 -183 1472 1472 6 4 -190 16704
17:29:09.549 P 23227 -72 -154 1442 1442 4 4 198 16744
17:29:09.549 P 23229 -82 -121 1447 1447 4 4 -72 16800
17:29:09.549 P 23231 -91 -106 1445 1445 5 3 166 16572
17:29:09.549 P 23233 -98 -77 1435 1435 4 3 -44 16342
17:29:09.549 P 23234 -101 -69 1446 1446 5 4 -24 16796
17:29:09.549 P 23237 -109 -34 1435 1435 4 3 88 16850
17:29:09.549 P 23239 -112 -16 1436 1436 4 3 0 16414
17:29:09.549 P 23240 -113 -17 1428 1428 3 4 -158 16156
17:29:09.549 P 23243 -122 -39 1410 1410 4 4 2026 16570
17:29:09.549 P 23245 -120 127 1477 1477 3 4 932 16804
17:29:09.549 P 23247 -112 245 1538 1538 3 3 1202 16670
17:29:09.549 P 23249 -97 283 1590 1590 4 4 2 16034
17:29:09.549 P 23251 -87 265 1569 1569 2 3 1380 16216
17:29:09.549 P 23253 -70 358 1653 1653 3 5 898 16358
17:29:09.549 P 23255 -52 389 1694 1694 4 4 1396 16182
17:29:09.549 P 23257 -31 380 1716 1716 3 4 84 17712
17:29:09.549 P 23259 -14 385 1760 1760 3 5 408 17640
17:29:09.549 P 23261 4 328 1788 1788 4 5 8 18114
17:29:09.549 P 23263 20 311 1832 1832 5 5 268 16804
17:29:09.549 P 23265 36 315 1889 1889 5 6 260 16310
17:29:09.549 P 23267 58 130 1858 1858 5 6 -7512 15674
17:29:09.549 P 23269 40 -316 1682 1682 5 6 158 16394
17:29:09.549 P 23271 13 -411 1662 1662 6 7 582 17586
17:29:09.549 P 23273 -8 -359 1696 1696 7 6 -2492 16914
17:29:09.549 P 23275 -37 -453 1645 1645 6 6 178 16148
17:29:09.549 P 23277 -67 -420 1660 1660 6 7 254 15822
17:29:09.549 P 23279 -92 -388 1665 1665 6 7 -740 17400
17:29:09.549 P 23281 -120 -448 1621 1621 7 6 218 16588
17:29:09.549 P 23283 -148 -402 1608 1608 5 6 -36 16648
17:29:09.549 P 23285 -174 -433 1580 1580 5 6 -662 16660
17:29:09.549 P 23287 -205 -483 1529 1529 5 6 600 15926
17:29:09.549 P 23289 -234 -417 1537 1537 5 6 556 16864
17:29:09.549 P 23291 -259 -396 1528 1528 5 6 -26 17858
17:29:09.549 P 23293 -286 -438 1489 1489 5 7 240 16134
17:29:09.549 P 23295 -314 -447 1457 1457 6 6 242 16420
17:29:09.549 P 23297 -343 -448 1412 1412 5 6 334 17506
17:29:09.549 P 23299 -371 -447 1390 1390 5 5 426 17708
17:29:09.549 P 23301 -398 -452 1351 1351 5 5 148 16520
17:29:09.549 P 23303 -428 -487 1309 1309 4 6 186 15938
17:29:09.549 P 23305 -459 -539 -1351 -1351 4 6 -176 17032
17:29:09.549 P 23307 -495 -617 -1443 -1443 4 5 108 16894
17:29:09.549 P 23309 -537 -625 -1510 -1510 4 4 3994 16162
17:29:09.549 P 23311 -564 -340 -1430 -1430 4 4 -30 16820
17:29:09.549 P 23313 -588 -359 -1511 -1511 2 4 2682 17050
17:29:09.549 P 23315 -603 -193 -1478 -1478 3 3 326 16826
17:29:09.549 P 23317 -615 -133 -1501 -1501 2 3 2284 16558
17:29:09.549 P 23319 -614 73 -1447 -1447 2 3 1032 17476
17:29:09.549 P 23322 -600 245 -1421 -1421 2 2 1472 16748
17:29:09.549 P 23324 -581 301 -1424 -1424 1 1 314 16320
17:29:09.549 P 23326 -563 313 -1423 -1423 2 1 364 16800
17:29:09.549 P 23328 -545 305 -1442 -1442 1 2 1314 16878
17:29:09.549 P 23330 -524 379 -1437 -1437 0 1 410 16716
17:29:09.549 P 23333 -488 409 -1417 -1417 0 1 384 16552
17:29:09.549 P 23335 -464 393 -1449 -1449 -1 0 534 16632
17:29:09.549 P 23337 -442 363 -1457 -1457 0 0 602 16646
17:29:09.549 P 23339 -421 375 -1449 -1449 0 0 608 16612
17:29:09.549 P 23341 -399 352 -1471 -1471 -1 0 168 16622
17:29:09.549 P 23343 -380 322 -1471 -1471 0 0 324 16602
17:29:09.549 P 23345 -360 346 -1462 -1462 -1 0 184 16662
17:29:09.549 P 23348 -333 273 -1493 -1493 0 -1 52 16656
17:29:09.549 P 23350 -320 222 -1504 -1504 0 -1 160 16660
17:29:09.549 P 23352 -308 181 -1505 -1505 0 0 -72 16670
17:29:09.549 P 23354 -300 148 -1514 -1514 0 0 402 16700
17:29:09.549 P 23356 -293 120 -1541 -1541 -1 -1 162 16738
17:29:09.549 P 23359 -285 107 -1538 -1538 0 -1 606 16778
17:29:09.549 P 23361 -280 132 -1537 -1537 -1 -1 528 16686
17:29:09.549 P 23363 -272 120 -1547 -1547 -1 -1 -10 16644
17:29:09.549 P 23365 -267 111 -1553 -1553 0 -1 396 16606
17:29:09.549 P 23368 -258 138 -1552 -1552 0 -2 300 16644
17:29:09.549 P 23370 -252 110 -1558 -1558 0 0 696 16702
17:29:09.549 P 23372 -245 153 -1550 -1550 -1 -1 -244 16686
17:29:09.549 P 23374 -239 143 -1572 -1572 -1 -2 1360 16878
17:29:09.549 P 23376 -228 171 -1567 -1567 -2 -2 -374 16624
17:29:09.549 P 23378 -222 182 -1560 -1560 -1 -2 522 16666
17:29:09.549 P 23381 -208 212 -1538 -1538 -1 -1 536 16664
17:29:09.549 P 23383 -198 180 -1562 -1562 -1 -1 1218 16756
17:29:09.549 P 23385 -186 220 -1547 -1547 -2 -2 -566 16700
17:29:09.549 P 23387 -179 186 -1567 -1567 -2 -2 1162 16862
17:29:09.549 P 23389 -167 216 -1552 -1552 -2 -3 150 16756
17:29:09.549 P 23391 -155 245 -1525 -1525 -1 -2 166 16528
17:29:09.549 P 23394 -138 258 -1524 -1524 -2 -2 -514 16668
17:29:09.549 P 23396 -126 209 -1529 -1529 -1 -2 810 16798
17:29:09.549 P 23398 -115 206 -1532 -1532 -1 -2 -32 16644
17:29:09.549 P 23400 -106 215 -1522 -1522 -1 -3 926 16548
17:29:09.549 P 23402 -94 197 -1531 -1531 -2 -3 -178 16710
17:29:09.549 P 23405 -78 228 -1499 -1499 -2 -2 -276 16660
17:29:09.549 P 23407 -70 176 -1514 -1514 -1 -2 496 16670
17:29:09.549 P 23409 -59 208 -1500 -1500 -2 -2 78 16766
17:29:09.549 P 23411 -51 179 -1496 -1496 -2 -1 92 16496
17:29:09.549 P 23413 -43 164 -1496 -1496 -2 -1 320 16618
17:29:09.549 P 23415 -34 179 -1483 -1483 -1 -2 -52 16714
17:29:09.549 P 23417 -27 171 -1491 -1491 -2 -2 -498 16680
17:29:09.549 P 23419 -20 141 -1491 -1491 -1 -2 702 16564
17:29:09.549 P 23421 -13 148 -1486 -1486 -2 -3 -184 16840
17:29:09.549 P 23423 -8 134 -1480 -1480 -1 -2 386 16814
17:29:09.549 P 23425 -2 127 -1472 -1472 -1 -1 -370 16430
17:29:09.549 P 23427 1 119 -1469 -1469 -1 -1 616 16772
17:29:09.549 P 23429 7 147 -1459 -1459 -2 -2 -344 16682
17:29:09.549 P 23431 11 108 -1472 -1472 -2 -2 212 16718
17:29:09.549 P 23433 16 116 -1462 -1462 -1 -2 -32 16658
17:29:09.549 P 23435 19 94 -1468 -1468 -1 -1 390 16704
17:29:09.549 P 23437 23 124 -1450 -1450 -2 -1 136 16702
17:29:09.549 P 23439 26 73 -1464 -1464 -1 -2 174 16650
17:29:09.549 P 23441 29 111 -1448 -1448 -2 -2 -34 16720
17:29:09.549 P 23443 31 91 -1442 -1442 -2 -1 742 16768
17:29:09.549 P 23445 36 96 -1431 -1431 -1 -1 -454 16618
17:29:09.549 P 23447 37 108 -1435 -1435 -2 -2 296 16668
17:29:09.549 P 23449 41 80 -1422 -1422 0 -1 292 16722
17:29:09.549 P 23451 43 91 -1419 -1419 -2 -1 -404 16782
17:29:09.549 P 23453 44 55 -1420 -1420 0 -1 742 16794
17:29:09.549 P 23455 46 104 -1403 -1403 -2 -1 -204 16680
17:29:09.549 P 23457 48 61 -1409 -1409 -1 -1 -128 16652
17:29:09.549 P 23459 48 41 -1402 -1402 0 -1 184 16584
17:29:09.549 P 23461 47 46 -1404 -1404 0 -1 178 16748
17:29:09.549 P 23463 48 62 -1392 -1392 -1 -1 158 16740
17:29:09.549 P 23465 49 59 -1372 -1372 0 -1 -182 16734
17:29:09.549 P 23467 48 15 -1397 -1397 0 -1 144 16658
17:29:09.549 P 23469 46 11 -1394 -1394 -1 0 -210 16664
17:29:09.549 P 23471 42 -17 -1388 -1388 0 0 272 16728
17:29:09.549 P 23473 39 -19 -1393 -1393 0 0 -134 16726
17:29:09.549 P 23474 36 -22 -1388 -1388 0 0 144 16716
17:29:09.549 P 23476 33 -24 -1397 -1397 -1 0 -106 16706
17:29:09.549 P 23478 28 -35 -1392 -1392 0 0 88 16796
17:29:09.549 P 23480 23 -33 -1396 -1396 -1 0 240 16630
17:29:09.549 P 23481 20 -33 -1393 -1393 0 0 98 16674
17:29:09.549 P 23483 15 -32 -1388 -1388 0 0 252 16734
17:29:09.549 P 23485 10 -34 -1388 -1388 0 0 244 16782
17:29:09.549 P 23487 5 -39 -1391 -1391 0 0 198 16744
17:29:09.549 P 23489 0 -31 -1389 -1389 0 0 194 16796
17:29:09.549 P 23490 -1 -21 -1384 -1384 0 0 212 16646
17:29:09.549 P 23492 -5 -12 -1383 -1383 0 0 260 16734
17:29:09.549 P 23494 -8 1 -1377 -1377 0 0 180 16694
17:29:09.549 P 23496 -11 9 -1376 -1376 0 0 284 16634
17:29:09.549 P 23497 -12 12 -1375 -1375 0 0 266 16780
17:29:09.549 P 23499 -13 25 -1370 -1370 0 0 264 16670
17:29:09.549 P 23501 -14 32 -1367 -1367 0 0 234 16738
17:29:09.549 P 23503 -15 44 -1362 -1362 0 0 218 16664
17:29:09.549 P 23505 -15 51 -1359 -1359 0 0 250 16622
17:29:09.549 P 23506 -14 56 -1356 -1356 0 0 182 16774
17:29:09.549 P 23508 -13 64 -1351 -1351 0 0 200 16668
17:29:09.549 P 23510 -12 72 -1346 -1346 0 0 212 16700
17:29:09.549 P 23512 -10 81 -1340 -1340 0 0 182 16756
17:29:09.549 P 23513 -9 84 -1336 -1336 0 0 196 16738
17:29:09.549 P 23515 -6 92 -1330 -1330 0 0 192 16702
17:29:09.549 P 23517 -3 101 -1322 -1322 0 0 170 16660
17:29:09.549 P 23518 -1 104 -1319 -1319 0 0 114 16758
17:29:09.549 P 23520 2 112 -1312 -1312 0 0 150 16680
17:29:09.549 P 23522 6 119 -1304 -1304 0 0 156 16618
17:29:09.549 P 23524 11 128 1305 1305 0 0 92 16590
17:29:09.549 P 23525 14 131 1309 1309 0 0 86 16682
17:29:09.549 P 23527 19 139 1318 1318 0 0 56 16654
17:29:09.549 P 23529 25 149 1329 1329 0 0 138 16742
17:29:09.549 P 23531 32 155 1348 1348 0 1 82 16610
17:29:09.549 P 23533 39 163 1356 1356 0 0 20 16726
17:29:09.549 P 23534 43 166 1360 1360 0 0 78 16740
17:29:09.549 P 23536 51 177 1370 1370 0 0 -22 16628
17:29:09.549 P 23538 59 185 1389 1389 0 0 -12 16652
17:29:09.549 P 23540 68 195 1410 1410 0 1 -32 16662
17:29:09.549 P 23542 77 204 1418 1418 0 0 -12 16708
17:29:09.549 P 23544 87 214 1437 1437 0 0 4 16668
17:29:09.549 P 23546 98 227 1457 1457 0 0 -54 16744
17:29:09.549 P 23548 109 238 1467 1467 0 0 -556 16588
17:29:09.549 P 23549 116 208 1468 1468 0 1 -1890 16480
17:29:09.549 P 23551 121 184 1455 1455 0 0 668 16710
17:29:09.549 P 23553 132 186 1470 1470 0 0 -212 16756
17:29:09.549 P 23555 141 238 1506 1506 0 0 -130 16676
17:29:09.549 P 23557 153 242 1542 1542 1 1 208 16746
17:29:09.549 P 23559 166 288 1564 1564 0 0 -68 16698
17:29:09.549 P 23561 181 329 1599 1599 1 0 122 16630
17:29:09.549 P 23563 200 287 1606 1606 1 0 -2068 16596
17:29:09.549 P 23565 207 152 1583 1583 2 1 -320 16822
17:29:09.549 P 23567 214 132 1578 1578 1 1 -654 16686
17:29:09.549 P 23569 218 96 1600 1600 2 2 -120 16664
17:29:09.549 P 23571 218 31 1568 1568 1 2 -586 16770
17:29:09.549 P 23573 217 13 1575 1575 2 1 -1032 16538
17:29:09.549 P 23575 213 -33 1559 1559 1 1 -444 16610
17:29:09.549 P 23577 207 -46 1564 1564 1 1 -382 16872
17:29:09.549 P 23579 203 -45 1582 1582 2 1 -924 16574
17:29:09.549 P 23581 197 -37 1588 1588 2 1 -820 16542
17:29:09.549 P 23583 189 -105 1554 1554 1 2 24 16966
17:29:09.549 P 23585 183 -86 1581 1581 1 3 -1096 16596
17:29:09.549 P 23588 170 -106 1576 1576 3 2 -1612 16510
17:29:09.549 P 23590 157 -156 1535 1535 1 2 126 16762
17:29:09.549 P 23592 146 -170 1532 1532 2 2 -890 16660
17:29:09.549 P 23594 135 -118 1548 1548 1 2 -1218 16552
17:29:09.549 P 23596 121 -199 1498 1498 2 1 496 16768
17:29:09.549 P 23598 111 -129 1523 1523 2 1 -1184 16548
17:29:09.549 P 23600 96 -197 1488 1488 2 1 394 16518
17:29:11.371 P 23602 86 -140 1493 1493 1 1 -618 16698
17:29:11.371 P 23604 72 -190 1460 1460 1 2 146 16772
17:29:11.371 P 23606 61 -135 1489 1489 2 2 -214 16550
17:29:11.371 P 23608 50 -152 1473 1473 2 3 -418 16642
17:29:11.371 P 23610 40 -118 1462 1462 1 2 -320 16804
17:29:11.371 P 23612 30 -149 1444 1444 1 2 -36 16620
17:29:11.371 P 23614 21 -99 1445 1445 1 2 -830 16566
17:29:11.371 P 23616 10 -148 1402 1402 1 1 714 16910
17:29:11.371 P 23619 0 -111 1414 1414 1 2 -88 16770
17:29:11.371 P 23621 -9 -99 1387 1387 1 1 -86 16688
17:29:11.371 P 23623 -15 -54 1412 1412 0 2 -496 16736
17:29:11.371 P 23625 -20 -74 1388 1388 1 2 -36 16862
17:29:11.371 P 23627 -26 -54 1386 1386 2 1 -324 16554
17:29:11.371 P 23629 -31 -50 1380 1380 1 2 78 16728
17:29:11.371 P 23631 -35 -44 1366 1366 1 1 -234 16708
17:29:11.371 P 23633 -40 0 1365 1365 0 1 580 16746
17:29:11.371 P 23635 -39 10 1366 1366 1 0 -540 16660
17:29:11.371 P 23637 -42 17 1346 1346 0 0 158 16654
17:29:11.371 P 23639 -42 4 1341 1341 0 0 -264 16682
17:29:11.371 P 23641 -44 10 1326 1326 0 0 -6 16754
17:29:11.371 P 23644 -47 18 1316 1316 0 0 212 16572
17:29:11.371 P 23645 -47 42 1330 1330 0 1 84 16678
17:29:11.371 P 23647 -45 65 1326 1326 0 0 102 16718
17:29:11.371 P 23649 -42 96 1341 1341 0 0 -212 16676
17:29:11.371 P 23651 -37 104 1338 1338 0 0 -28 16754
17:29:11.371 P 23653 -33 91 1329 1329 0 0 -158 16624
17:29:11.371 P 23655 -30 89 1326 1326 0 0 -136 16664
17:29:11.371 P 23657 -27 77 1320 1320 0 0 -174 16730
17:29:11.371 P 23659 -25 64 1313 1313 0 0 -204 16652
17:29:11.371 P 23661 -23 51 1306 1306 0 0 -174 16660
17:29:11.371 P 23662 -23 49 1306 1306 0 0 -124 16678
17:29:11.371 P 23664 -22 37 0 0 0 0 -158 16716
17:29:11.371 P 23666 -22 27 -1306 -1306 0 0 -136 16652
17:29:11.371 P 23668 -23 17 -1312 -1312 0 0 -120 16732
17:29:11.371 P 23670 -25 5 -1319 -1319 0 0 -150 16672
17:29:11.371 P 23672 -27 -6 -1327 -1327 0 0 -136 16698
17:29:11.371 P 23674 -30 -17 -1335 -1335 0 0 -122 16774
17:29:11.371 P 23675 -31 -22 -1339 -1339 0 0 -96 16712
17:29:11.371 P 23677 -35 -30 -1354 -1354 0 0 -106 16632
17:29:11.371 P 23679 -39 -42 -1362 -1362 0 0 -52 16660
17:29:11.371 P 23681 -44 -50 -1368 -1368 0 0 -44 16748
17:29:11.371 P 23683 -49 -60 -1377 -1377 0 0 -52 16766
17:29:11.371 P 23685 -55 -71 -1387 -1387 0 0 -80 16670
17:29:11.371 P 23686 -59 -76 -1393 -1393 0 0 -34 16680
17:29:11.371 P 23688 -66 -89 -1406 -1406 0 0 -4 16706
17:29:11.371 P 23690 -74 -100 -1419 -1419 0 0 46 16606
17:29:11.371 P 23692 -82 -113 -1433 -1433 0 0 72 16606
17:29:11.371 P 23694 -92 -123 -1447 -1447 0 0 74 16724
17:29:11.371 P 23695 -97 -130 -1455 -1455 0 0 20 16708
17:29:11.371 P 23697 -107 -142 -1470 -1470 0 0 36 16622
17:29:11.371 P 23699 -118 -157 -1496 -1496 0 0 90 16626
17:29:11.371 P 23701 -130 -174 -1522 -1522 0 -1 86 16636
17:29:11.371 P 23703 -143 -189 -1538 -1538 0 0 66 16720
17:29:11.371 P 23704 -150 -198 -1557 -1557 0 -1 82 16612
17:29:11.371 P 23706 -164 -217 -1594 -1594 -1 -1 102 16574
17:29:11.371 P 23708 -180 -235 -1625 -1625 0 0 150 16700
17:29:11.371 P 23710 -195 -104 -1611 -1611 -1 -1 1410 16928
17:29:11.371 P 23712 -196 81 -1538 -1538 -1 -1 262 16698
17:29:11.371 P 23714 -191 134 -1536 -1536 -1 -1 1188 16646
17:29:11.371 P 23716 -183 153 -1543 -1543 -2 -2 -534 16802
17:29:11.371 P 23718 -177 158 -1541 -1541 -1 -1 880 16856
17:29:11.371 P 23720 -167 162 -1543 -1543 -1 -1 122 16614
17:29:11.371 P 23722 -159 192 -1541 -1541 -2 -2 66 16812
17:29:11.371 P 23723 -155 171 -1540 -1540 -1 -1 156 16668
17:29:11.371 P 23725 -147 186 -1534 -1534 -2 -1 -344 16706
17:29:11.371 P 23727 -140 137 -1566 -1566 -2 -2 1262 16772
17:29:11.371 P 23729 -130 195 -1531 -1531 -1 -2 -222 16512
17:29:11.371 P 23731 -122 185 -1538 -1538 -1 -2 610 16666
17:29:11.371 P 23733 -112 177 -1543 -1543 -2 -2 366 16972
17:29:11.371 P 23735 -104 179 -1531 -1531 -2 -1 712 16716
17:29:11.371 P 23737 -94 204 -1527 -1527 -2 -2 0 16486
17:29:11.371 P 23739 -86 167 -1531 -1531 -2 -1 648 16710
17:29:11.371 P 23740 -81 199 -1520 -1520 -2 -2 126 16706
17:29:11.371 P 23742 -72 190 -1510 -1510 -2 -1 872 16734
17:29:11.371 P 23744 -61 192 -1514 -1514 -2 -2 144 16604
17:29:11.371 P 23746 -53 193 -1498 -1498 -2 -1 34 16618
17:29:11.371 P 23748 -45 180 -1500 -1500 -1 -2 606 16970
17:29:11.371 P 23750 -35 194 -1479 -1479 -1 -2 354 16668
17:29:11.371 P 23752 -27 170 -1490 -1490 -2 -2 -70 16504
17:29:11.371 P 23754 -20 173 -1478 -1478 -2 -1 964 16832
17:29:11.371 P 23756 -10 185 -1461 -1461 -2 -1 -552 16636
17:29:11.371 P 23758 -3 173 -1467 -1467 -1 -2 380 16578
17:29:11.371 P 23760 4 161 -1462 -1462 -1 -2 -210 16762
17:29:11.371 P 23762 10 153 -1450 -1450 -2 -1 268 16782
17:29:11.371 P 23763 14 175 -1436 -1436 -1 -2 184 16592
17:29:11.371 P 23765 21 132 -1455 -1455 -2 -2 -110 16688
17:29:11.371 P 23767 25 135 -1432 -1432 -1 -1 332 16702
17:29:11.371 P 23769 30 129 -1437 -1437 -1 -2 550 16682
17:29:11.371 P 23771 37 143 -1412 -1412 -1 -2 -702 16566
17:29:11.371 P 23773 39 102 -1428 -1428 -1 -1 1012 16748
17:29:11.371 P 23775 46 127 -1403 -1403 -1 -2 -458 16636
17:29:11.371 P 23776 47 89 -1428 -1428 -2 -1 408 16746
17:29:11.371 P 23778 50 102 -1393 -1393 -1 -1 -210 16572
17:29:11.371 P 23780 51 73 -1406 -1406 -1 -1 202 16780
17:29:11.371 P 23782 53 87 -1387 -1387 -1 0 464 16830
17:29:11.371 P 23784 56 94 -1376 -1376 -1 -1 -192 16616
17:29:11.371 P 23785 57 68 -1381 -1381 0 -1 -68 16618
17:29:11.371 P 23787 56 28 -1399 -1399 -1 -1 146 16676
17:29:11.371 P 23789 55 28 -1372 -1372 0 0 148 16650
17:29:11.371 P 23791 53 29 -1372 -1372 0 -1 352 16726
17:29:11.371 P 23792 52 34 -1359 -1359 0 0 94 16690
17:29:11.371 P 23794 51 32 -1373 -1373 -1 -1 262 16770
17:29:11.371 P 23796 50 33 -1353 -1353 0 0 114 16670
17:29:11.371 P 23798 49 28 -1353 -1353 0 -1 -90 16572
17:29:11.371 P 23800 47 7 -1353 -1353 0 0 80 16666
17:29:11.371 P 23802 44 -10 -1355 -1355 0 0 -12 16606
17:29:11.371 P 23803 42 -11 -1353 -1353 0 0 12 16654
17:29:11.371 P 23805 38 -1 -1347 -1347 0 0 426 16682
17:29:11.371 P 23807 36 15 -1337 -1337 0 0 82 16716
17:29:11.371 P 23809 35 35 -1326 -1326 0 0 280 16714
17:29:11.371 P 23811 34 45 -1321 -1321 0 0 194 16770
17:29:11.371 P 23812 34 54 -1315 -1315 0 0 252 16680
17:29:11.371 P 23814 35 73 -1304 -1304 0 0 214 16660
17:29:11.371 P 23816 37 86 1305 1305 0 0 166 16644
17:29:11.371 P 23818 40 102 1316 1316 0 0 192 16696
17:29:11.371 P 23820 44 116 1327 1327 0 0 158 16688
17:29:11.371 P 23821 46 124 1333 1333 0 0 130 16700
17:29:11.371 P 23823 51 139 1345 1345 0 0 144 16698
17:29:11.371 P 23825 57 153 1357 1357 0 0 126 16704
17:29:11.371 P 23827 64 168 1380 1380 0 0 100 16688
17:29:11.371 P 23829 72 182 1392 1392 0 0 88 16648
17:29:11.371 P 23830 76 193 1401 1401 0 0 86 16702
17:29:11.371 P 23832 85 206 1414 1414 0 0 68 16684
17:29:11.371 P 23834 96 224 1431 1431 0 0 70 16616
17:29:11.371 P 23836 107 240 1450 1450 0 0 58 16682
17:29:11.371 P 23838 119 259 1479 1479 1 0 34 16734
17:29:11.371 P 23840 132 278 1506 1506 0 0 -26 16718
17:29:11.371 P 23841 139 288 1516 1516 0 0 -14 16724
17:29:11.371 P 23843 155 310 1546 1546 0 0 -40 16630
17:29:11.371 P 23845 171 332 1585 1585 1 0 -34 16662
17:29:11.371 P 23847 191 352 1635 1635 2 1 -1816 16470
17:29:11.371 P 23849 204 254 1616 1616 1 2 236 16784
17:29:11.371 P 23851 215 226 1630 1630 1 1 -224 16674
17:29:11.371 P 23852 223 206 1645 1645 2 1 -2672 16406
17:29:11.371 P 23854 221 -39 1542 1542 1 1 628 16784
17:29:11.371 P 23856 218 -8 1568 1568 1 2 -1436 16616
17:29:11.371 P 23858 211 -85 1553 1553 2 2 118 16808
17:29:11.371 P 23860 204 -56 1580 1580 2 2 -490 16800
17:29:11.371 P 23862 199 -45 1578 1578 1 2 -824 16604
17:29:11.371 P 23864 192 -66 1567 1567 1 1 -646 16684
17:29:11.371 P 23866 185 -89 1573 1573 3 1 -546 16826
17:29:11.371 P 23868 177 -100 1569 1569 2 2 -230 16640
17:29:11.371 P 23869 172 -112 1556 1556 1 2 -466 16570
17:29:11.371 P 23871 162 -139 1549 1549 1 2 -530 16746
17:29:11.371 P 23873 152 -116 1565 1565 3 2 -814 16618
17:29:11.371 P 23875 140 -147 1539 1539 2 2 222 16694
17:29:11.371 P 23877 131 -160 1534 1534 2 2 -698 16610
17:29:11.371 P 23878 123 -186 1508 1508 1 2 610 16624
17:29:11.371 P 23880 114 -120 1539 1539 1 2 -1564 16664
17:29:11.371 P 23882 100 -184 1500 1500 2 1 586 16858
17:29:11.371 P 23884 91 -130 1515 1515 2 1 -1196 16570
17:29:11.371 P 23886 77 -159 1496 1496 2 1 416 16864
17:29:11.371 P 23888 69 -116 1494 1494 1 1 -894 16634
17:29:11.371 P 23890 56 -165 1470 1470 2 1 412 16632
17:29:11.371 P 23891 51 -127 1498 1498 2 3 -426 16712
17:29:11.371 P 23893 42 -150 1467 1467 1 3 20 16726
17:29:11.371 P 23895 32 -122 1461 1461 1 2 -770 16786
17:29:11.371 P 23897 21 -136 1448 1448 2 2 474 16870
17:29:11.371 P 23899 13 -103 1452 1452 2 2 -616 16716
17:29:11.371 P 23901 3 -111 1424 1424 1 1 332 16760
17:29:11.371 P 23903 -1 -63 1451 1451 2 1 -878 16798
17:29:11.371 P 23904 -5 -107 1425 1425 1 2 -28 16680
17:29:11.371 P 23906 -12 -60 1421 1421 1 1 -712 16564
17:29:11.371 P 23908 -19 -88 1406 1406 1 2 -170 16718
17:29:11.371 P 23910 -26 -67 1405 1405 1 2 528 16818
17:29:11.371 P 23912 -29 -66 1389 1389 1 1 -1088 16550
17:29:11.371 P 23914 -37 -69 1372 1372 1 1 52 16778
17:29:11.371 P 23916 -42 -51 1370 1370 1 1 30 16674
17:29:11.371 P 23918 -45 -7 1376 1376 1 1 -534 16598
17:29:11.371 P 23920 -49 -49 1344 1344 1 1 62 16706
17:29:11.371 P 23922 -53 -16 1340 1340 0 1 -222 16654
17:29:11.371 P 23923 -55 -19 1352 1352 2 1 -140 16678
17:29:11.371 P 23925 -57 1 1345 1345 0 1 -100 16666
17:29:11.371 P 23927 -58 11 1329 1329 0 0 -206 16684
17:29:11.371 P 23929 -59 24 1338 1338 0 1 70 16772
17:29:11.371 P 23931 -59 52 1337 1337 0 0 228 16672
17:29:11.371 P 23933 -56 74 1341 1341 0 1 -24 16686
17:29:11.371 P 23935 -54 80 1330 1330 0 0 60 16662
17:29:11.371 P 23937 -51 76 1319 1319 0 0 -56 16652
17:29:11.371 P 23938 -50 76 1316 1316 0 0 -144 16748
17:29:11.371 P 23940 -47 71 1318 1318 0 0 -150 16708
17:29:11.371 P 23942 -45 62 1308 1308 0 0 -126 16690
17:29:11.371 P 23944 -43 54 0 0 0 0 -126 16684
17:29:11.371 P 23946 -42 46 -1305 -1305 0 0 -196 16686
17:29:11.371 P 23948 -41 34 -1321 -1321 0 0 -210 16588
17:29:11.371 P 23950 -42 15 -1331 -1331 0 0 -192 16686
17:29:11.371 P 23952 -43 1 -1338 -1338 0 0 -168 16674
17:29:11.371 P 23954 -45 -13 -1347 -1347 0 0 -174 16690
17:29:11.371 P 23956 -49 -29 -1367 -1367 -1 0 -112 16740
17:29:11.371 P 23958 -53 -43 -1384 -1384 -1 0 -118 16756
17:29:11.371 P 23960 -58 -57 -1391 -1391 0 0 -94 16708
17:29:11.371 P 23962 -64 -72 -1400 -1400 0 0 -134 16714
17:29:11.371 P 23964 -71 -87 -1420 -1420 0 0 -52 16694
17:29:11.371 P 23966 -78 -89 -1424 -1424 0 0 158 16454
17:29:13.176 P 23968 -84 -85 -1425 -1425 0 0 -86 16762
17:29:13.176 P 23970 -94 -128 -1452 -1452 0 0 -182 16598
17:29:13.176 P 23972 -105 -159 -1477 -1477 0 0 106 16648
17:29:13.176 P 23973 -110 -156 -1481 -1481 0 0 32 16640
17:29:13.176 P 23975 -122 -177 -1510 -1510 -1 0 86 16594
17:29:13.176 P 23977 -135 -190 -1534 -1534 0 0 12 16616
17:29:13.176 P 23979 -149 -208 -1551 -1551 0 0 76 16636
17:29:13.176 P 23981 -164 -226 -1579 -1579 0 0 188 16650
17:29:13.176 P 23983 -179 -228 -1629 -1629 -2 -1 10 16582
17:29:13.176 P 23985 -196 -228 -1658 -1658 -1 -1 158 16718
17:29:13.176 P 23987 -211 -67 -1616 -1616 -1 -2 2746 17088
17:29:13.176 P 23989 -208 139 -1546 -1546 -1 -2 560 16784
17:29:13.176 P 23991 -198 218 -1520 -1520 -2 -1 62 16490
17:29:13.176 P 23993 -189 154 -1549 -1549 -1 -1 568 16698
17:29:13.176 P 23995 -180 176 -1553 -1553 -1 -2 196 16776
17:29:13.176 P 23997 -172 162 -1564 -1564 -2 -2 238 16598
17:29:13.176 P 23999 -164 164 -1570 -1570 -2 -2 202 16704
17:29:13.176 P 24001 -155 227 -1543 -1543 -1 -3 -102 16856
17:29:13.176 P 24003 -146 149 -1571 -1571 -1 -2 1188 16968
17:29:13.176 P 24005 -134 228 -1541 -1541 -2 -2 -688 16498
17:29:13.176 P 24007 -126 187 -1558 -1558 -2 -2 804 16620
17:29:13.176 P 24009 -114 213 -1548 -1548 -2 -2 -372 16740
17:29:13.176 P 24011 -105 206 -1543 -1543 -2 -2 712 16680
17:29:13.176 P 24013 -93 236 -1508 -1508 -1 -1 -224 16650
17:29:13.176 P 24015 -82 215 -1520 -1520 -2 -1 446 16714
17:29:13.176 P 24017 -72 205 -1523 -1523 -2 -1 756 16852
17:29:13.176 P 24019 -59 252 -1488 -1488 -1 -2 -364 16574
17:29:13.176 P 24021 -50 193 -1515 -1515 -1 -2 850 16636
17:29:13.176 P 24023 -39 216 -1494 -1494 -3 -1 304 16692
17:29:13.176 P 24025 -28 211 -1485 -1485 -2 -1 -274 16618
17:29:13.176 P 24027 -18 214 -1484 -1484 -2 -2 170 16802
17:29:13.176 P 24029 -10 177 -1472 -1472 -1 -1 336 16720
17:29:13.176 P 24031 0 211 -1461 -1461 -2 -2 378 16654
17:29:13.176 P 24033 8 166 -1466 -1466 -1 -2 -140 16568
17:29:13.176 P 24035 14 176 -1450 -1450 -2 -1 438 16830
17:29:13.176 P 24036 19 198 -1434 -1434 -1 -2 84 16622
17:29:13.176 P 24038 27 147 -1450 -1450 -2 -2 -50 16694
17:29:13.176 P 24040 33 169 -1422 -1422 -1 -1 286 16736
17:29:13.176 P 24042 40 133 -1434 -1434 -1 -1 -90 16732
17:29:13.176 P 24044 45 132 -1434 -1434 -2 -2 76 16776
17:29:13.176 P 24046 50 134 -1412 -1412 -1 -1 38 16704
17:29:13.176 P 24048 54 105 -1419 -1419 -1 -1 314 16718
17:29:13.176 P 24049 55 101 -1413 -1413 -1 -1 286 16584
17:29:13.176 P 24051 59 108 -1408 -1408 -1 -1 674 16776
17:29:13.176 P 24053 64 123 -1388 -1388 -1 -2 -786 16706
17:29:13.176 P 24055 65 87 -1390 -1390 -1 -1 756 16644
17:29:13.176 P 24057 69 87 -1378 -1378 -1 -1 -218 16680
17:29:13.176 P 24059 70 75 -1373 -1373 0 0 98 16746
17:29:13.176 P 24060 71 81 -1372 -1372 -1 -1 -34 16698
17:29:13.176 P 24062 73 80 -1367 -1367 -2 -1 -88 16642
17:29:13.176 P 24064 74 43 -1363 -1363 0 -1 14 16594
17:29:13.176 P 24066 72 23 -1367 -1367 0 0 292 16860
17:29:13.176 P 24068 71 38 -1358 -1358 -1 -1 182 16696
17:29:13.176 P 24069 71 44 -1344 -1344 0 0 172 16678
17:29:13.176 P 24071 71 49 -1333 -1333 -1 0 -142 16698
17:29:13.176 P 24073 71 36 -1342 -1342 -1 0 -130 16622
17:29:13.176 P 24074 70 27 -1338 -1338 0 0 -264 16660
17:29:13.176 P 24076 68 -4 -1342 -1342 0 0 130 16710
17:29:13.176 P 24078 64 9 -1329 -1329 0 0 214 16764
17:29:13.176 P 24080 62 12 -1332 -1332 0 0 160 16764
17:29:13.176 P 24081 61 17 -1326 -1326 0 0 222 16648
17:29:13.176 P 24083 59 22 -1320 -1320 0 0 46 16724
17:29:13.176 P 24085 58 28 -1314 -1314 0 0 152 16706
17:29:13.176 P 24087 57 48 -1302 -1302 0 0 126 16746
17:29:13.176 P 24088 57 51 0 0 0 0 194 16672
17:29:13.176 P 24090 58 70 1312 1312 0 0 80 16728
17:29:13.176 P 24092 60 83 1321 1321 0 0 176 16754
17:29:13.176 P 24094 63 98 1341 1341 0 0 32 16788
17:29:13.176 P 24096 66 115 1351 1351 0 0 112 16702
17:29:13.176 P 24098 71 128 1360 1360 0 0 94 16720
17:29:13.176 P 24099 73 137 1366 1366 0 0 98 16568
17:29:13.176 P 24101 79 152 1378 1378 0 0 58 16612
17:29:13.176 P 24103 86 166 1391 1391 0 0 78 16718
17:29:13.176 P 24105 94 182 1406 1406 0 0 64 16726
17:29:13.176 P 24107 102 199 1422 1422 0 0 54 16760
17:29:13.176 P 24108 107 206 1430 1430 0 0 -28 16692
17:29:13.176 P 24110 117 223 1448 1448 0 0 -6 16762
17:29:13.176 P 24112 128 241 1467 1467 0 0 -50 16724
17:29:13.176 P 24114 141 259 1495 1495 0 0 2 16690
17:29:13.176 P 24116 154 276 1514 1514 0 0 -50 16638
17:29:13.176 P 24118 168 300 1547 1547 0 0 -116 16706
17:29:13.176 P 24119 176 310 1557 1557 0 0 -80 16696
17:29:13.176 P 24121 193 333 1599 1599 1 0 -142 16808
17:29:13.176 P 24123 210 358 1649 1649 1 1 -130 16726
17:29:13.176 P 24125 231 385 1685 1685 0 0 -1486 16464
17:29:13.176 P 24127 246 228 1665 1665 1 2 -1292 16566
17:29:13.176 P 24129 254 50 1625 1625 2 2 -2338 16666
17:29:13.176 P 24131 243 -139 1544 1544 2 1 -20 16654
17:29:13.176 P 24133 232 -180 1545 1545 3 1 -768 16622
17:29:13.176 P 24135 217 -147 1551 1551 1 2 -524 16624
17:29:13.176 P 24136 213 -129 1577 1577 3 2 -1162 16744
17:29:13.176 P 24138 200 -154 1561 1561 2 2 -388 16864
17:29:13.176 P 24140 189 -135 1576 1576 2 3 -458 16560
17:29:13.176 P 24142 178 -161 1566 1566 3 3 -620 16882
17:29:13.176 P 24144 166 -136 1568 1568 2 3 -804 16650
17:29:13.176 P 24146 152 -181 1531 1531 1 2 508 16778
17:29:13.176 P 24148 142 -166 1536 1536 1 2 -1272 16648
17:29:13.176 P 24150 127 -162 1531 1531 2 2 306 16694
17:29:13.176 P 24152 115 -189 1513 1513 1 3 -524 16828
17:29:13.176 P 24153 108 -180 1513 1513 3 1 242 16642
17:29:13.176 P 24155 97 -151 1520 1520 2 2 -754 16720
17:29:13.176 P 24157 84 -156 1500 1500 1 2 134 16654
17:29:13.176 P 24159 74 -142 1501 1501 1 2 -804 16636
17:29:13.176 P 24161 62 -143 1487 1487 1 2 148 16708
17:29:13.176 P 24163 52 -152 1479 1479 1 2 -996 16626
17:29:13.176 P 24165 40 -129 1476 1476 2 2 244 16632
17:29:13.176 P 24166 37 -107 1478 1478 1 2 -1100 16490
17:29:13.176 P 24168 25 -131 1466 1466 2 3 352 16956
17:29:13.176 P 24170 18 -98 1467 1467 2 2 -570 16664
17:29:13.176 P 24172 8 -116 1440 1440 1 2 222 16550
17:29:13.176 P 24174 2 -86 1444 1444 1 2 -636 16740
17:29:13.176 P 24175 -2 -106 1428 1428 1 2 216 16748
17:29:13.176 P 24177 -9 -99 1422 1422 1 2 -366 16762
17:29:13.176 P 24179 -16 -85 1403 1403 1 1 -192 16594
17:29:13.176 P 24181 -23 -53 1414 1414 1 1 96 16814
17:29:13.176 P 24183 -28 -93 1385 1385 1 1 -188 16752
17:29:13.176 P 24185 -35 -45 1400 1400 1 2 -186 16554
17:29:13.176 P 24186 -37 -37 1386 1386 0 1 -130 16654
17:29:13.176 P 24188 -40 -31 1389 1389 1 2 -548 16640
17:29:13.176 P 24190 -46 -53 1367 1367 1 1 306 16744
17:29:13.176 P 24192 -49 -20 1356 1356 0 1 -276 16698
17:29:13.176 P 24194 -52 -21 1346 1346 0 1 -208 16606
17:29:13.176 P 24196 -55 -18 1350 1350 1 1 36 16682
17:29:13.176 P 24198 -57 13 1348 1348 0 1 -212 16704
17:29:13.176 P 24200 -58 9 1345 1345 0 2 142 16740
17:29:13.176 P 24202 -58 23 1334 1334 0 1 -496 16640
17:29:13.176 P 24204 -59 -1 1306 1306 0 0 -126 16690
17:29:13.176 P 24205 -60 -2 1315 1315 1 1 -6 16722
17:29:13.176 P 24207 -63 11 1308 1308 0 1 62 16642
17:29:13.176 P 24209 -63 16 1302 1302 1 0 -82 16724
17:29:13.176 P 24211 -64 23 1309 1309 1 1 -128 16710
17:29:13.176 P 24213 -64 32 -1303 -1303 0 0 336 16770
17:29:13.176 P 24215 -62 70 1305 1305 0 0 -396 16694
17:29:13.176 P 24217 -60 52 -1310 -1310 0 0 -278 16622
17:29:13.176 P 24219 -60 13 -1334 -1334 0 0 -80 16736
17:29:13.176 P 24221 -61 7 -1342 -1342 0 0 -262 16594
17:29:13.176 P 24223 -63 -14 -1357 -1357 0 0 -120 16534
17:29:13.176 P 24225 -67 -38 -1383 -1383 0 -1 -216 16694
17:29:13.176 P 24226 -69 -48 -1389 -1389 0 0 -158 16778
17:29:13.176 P 24228 -74 -60 -1409 -1409 -1 0 -212 16650
17:29:13.176 P 24230 -80 -83 -1422 -1422 0 0 -190 16596
17:29:13.176 P 24232 -88 -103 -1436 -1436 0 0 -120 16654
17:29:13.176 P 24234 -96 -120 -1451 -1451 0 0 -102 16668
17:29:13.176 P 24236 -106 -142 -1479 -1479 0 -1 -72 16766
17:29:13.176 P 24238 -117 -163 -1517 -1517 -1 -1 -62 16642
17:29:13.176 P 24240 -129 -183 -1539 -1539 0 -1 -56 16620
17:29:13.176 P 24242 -143 -209 -1567 -1567 0 -1 -22 16728
17:29:13.176 P 24244 -160 -223 -1607 -1607 0 -1 2006 16862
17:29:13.176 P 24246 -172 -156 -1591 -1591 -1 0 996 16832
17:29:13.176 P 24248 -182 -83 -1595 -1595 -1 -1 322 16736
17:29:13.176 P 24250 -186 5 -1570 -1570 -1 -1 802 16778
17:29:13.176 P 24253 -181 121 -1541 -1541 -1 -2 424 16824
17:29:13.176 P 24255 -175 138 -1547 -1547 -2 -1 286 16566
17:29:13.176 P 24257 -169 124 -1551 -1551 -1 -1 312 16702
17:29:13.176 P 24259 -162 153 -1545 -1545 -1 -2 354 16776
17:29:13.176 P 24261 -156 136 -1557 -1557 -1 -2 322 16688
17:29:13.176 P 24263 -149 151 -1559 -1559 -2 -1 236 16564
17:29:13.176 P 24265 -143 167 -1540 -1540 -1 -1 1386 16818
17:29:13.176 P 24267 -132 163 -1554 -1554 -2 -1 -402 16648
17:29:13.176 P 24269 -124 194 -1540 -1540 -1 -2 50 16642
17:29:13.176 P 24271 -116 147 -1555 -1555 -2 -2 1004 16588
17:29:13.176 P 24273 -106 207 -1534 -1534 -2 -2 32 16546
17:29:13.176 P 24275 -97 179 -1554 -1554 -3 -3 -70 16804
17:29:13.176 P 24277 -89 199 -1530 -1530 -2 -2 762 16842
17:29:13.176 P 24279 -78 212 -1515 -1515 -1 -2 -156 16526
17:29:13.176 P 24281 -69 201 -1514 -1514 -2 -1 422 16732
17:29:13.176 P 24283 -59 186 -1513 -1513 -1 -2 686 16790
17:29:13.176 P 24285 -49 222 -1487 -1487 -1 -1 -72 16612
17:29:13.176 P 24287 -39 185 -1499 -1499 -2 -2 642 16704
17:29:13.176 P 24289 -29 207 -1491 -1491 -2 -2 -248 16632
17:29:13.176 P 24291 -19 219 -1467 -1467 -2 -2 -256 16614
17:29:13.176 P 24293 -12 156 -1485 -1485 -1 -2 728 16856
17:29:13.176 P 24295 -3 185 -1456 -1456 -1 -1 -326 16502
17:29:13.176 P 24297 3 154 -1463 -1463 -2 -1 188 16868
17:29:13.176 P 24299 10 169 -1446 -1446 -1 -1 34 16734
17:29:13.176 P 24301 17 137 -1454 -1454 -1 -1 224 16576
17:29:13.176 P 24303 22 148 -1443 -1443 -1 -1 344 16644
17:29:13.176 P 24304 25 155 -1438 -1438 -1 -2 348 16794
17:29:13.176 P 24306 33 139 -1432 -1432 -2 -1 -344 16564
17:29:13.176 P 24308 36 123 -1423 -1423 -1 -1 284 16574
17:29:13.176 P 24310 42 122 -1426 -1426 -1 -2 -198 16738
17:29:13.176 P 24312 45 103 -1421 -1421 -1 -1 6 16686
17:29:13.176 P 24314 48 86 -1419 -1419 -1 -1 408 16714
17:29:13.176 P 24316 51 96 -1396 -1396 0 -1 -398 16650
17:29:13.176 P 24318 54 100 -1397 -1397 0 -1 256 16678
17:29:13.176 P 24320 56 59 -1405 -1405 -1 -1 72 16676
17:29:13.176 P 24321 55 54 -1409 -1409 0 -2 712 16704
17:29:13.176 P 24323 60 104 -1372 -1372 -1 0 -750 16792
17:29:13.176 P 24325 60 54 -1389 -1389 0 -1 42 16622
17:29:13.176 P 24327 61 60 -1372 -1372 0 0 192 16726
17:29:14.998 P 24329 62 57 -1373 -1373 -1 0 -154 16766
17:29:14.998 P 24330 62 43 -1376 -1376 0 -1 64 16750
17:29:14.998 P 24332 61 18 -1374 -1374 -1 0 -370 16594
17:29:14.998 P 24333 59 -11 -1388 -1388 0 -1 32 16628
17:29:14.998 P 24335 56 -33 -1383 -1383 0 0 -334 16652
17:29:14.998 P 24337 49 -70 -1393 -1393 0 0 48 16686
17:29:14.998 P 24338 45 -75 -1393 -1393 0 0 -44 16632
17:29:14.998 P 24340 37 -75 -1392 -1392 0 0 294 16640
17:29:14.998 P 24342 30 -73 -1391 -1391 0 0 200 16646
17:29:14.998 P 24343 26 -66 -1389 -1389 0 0 346 16670
17:29:14.998 P 24345 21 -47 -1382 -1382 0 0 76 16714
17:29:14.998 P 24347 15 -34 -1379 -1379 0 0 194 16766
17:29:14.998 P 24349 10 -27 -1378 -1378 0 0 184 16672
17:29:14.998 P 24350 8 -19 -1375 -1375 0 0 232 16694
17:29:14.998 P 24352 5 -9 -1374 -1374 0 0 244 16692
17:29:14.998 P 24354 2 3 -1370 -1370 0 0 188 16786
17:29:14.998 P 24355 1 8 -1368 -1368 0 0 160 16726
17:29:14.998 P 24357 0 20 -1365 -1365 0 0 216 16764
17:29:14.998 P 24359 -2 27 -1361 -1361 0 0 238 16726
17:29:14.998 P 24361 -2 37 -1357 -1357 0 0 148 16736
17:29:14.998 P 24363 -2 46 -1353 -1353 0 0 250 16626
17:29:14.998 P 24364 -2 51 -1351 -1351 0 0 180 16798
17:29:14.998 P 24366 -1 61 -1345 -1345 0 0 168 16718
17:29:14.998 P 24368 0 69 -1340 -1340 0 0 194 16716
17:29:14.998 P 24370 1 78 -1334 -1334 0 0 182 16710
17:29:14.998 P 24372 3 87 -1328 -1328 0 0 160 16656
17:29:14.998 P 24374 6 96 -1321 -1321 0 0 164 16738
17:29:14.998 P 24376 9 103 -1314 -1314 0 0 118 16728
17:29:14.998 P 24377 11 107 -1310 -1310 0 0 62 16664
17:29:14.998 P 24379 15 117 -1301 -1301 0 0 62 16700
17:29:14.998 P 24381 20 125 1307 1307 0 0 120 16722
17:29:14.998 P 24383 25 135 1317 1317 0 0 68 16632
17:29:14.998 P 24385 31 144 1327 1327 0 0 12 16564
17:29:14.998 P 24387 38 154 1347 1347 0 0 22 16750
17:29:14.998 P 24389 45 164 1366 1366 0 1 22 16712
17:29:14.998 P 24390 48 169 1370 1370 0 0 20 16728
17:29:14.998 P 24392 56 180 1386 1386 0 0 18 16604
17:29:14.998 P 24394 65 189 1404 1404 0 1 18 16694
17:29:14.998 P 24396 74 201 1422 1422 1 0 -44 16682
17:29:14.998 P 24398 84 213 1447 1447 0 0 -436 16722
17:29:14.998 P 24399 90 192 1437 1437 0 0 -1010 16706
17:29:14.998 P 24401 97 191 1452 1452 0 0 -102 16730
17:29:14.998 P 24403 105 175 1452 1452 1 0 66 16840
17:29:14.998 P 24405 115 225 1484 1484 0 0 -504 16608
17:29:14.998 P 24407 124 191 1465 1465 0 0 434 16736
17:29:14.998 P 24409 137 281 1524 1524 0 1 -922 16692
17:29:14.998 P 24410 143 258 1515 1515 0 0 -140 16726
17:29:14.998 P 24412 157 245 1525 1525 0 1 -1328 16626
17:29:14.998 P 24414 166 196 1522 1522 0 1 42 16716
17:29:14.998 P 24416 176 208 1527 1527 0 0 -248 16556
17:29:14.998 P 24417 181 215 1541 1541 0 1 -86 16598
17:29:14.998 P 24419 193 245 1577 1577 1 1 -426 16660
17:29:14.998 P 24421 204 231 1588 1588 1 0 -308 16798
17:29:14.998 P 24423 216 204 1591 1591 0 1 -924 16596
17:29:14.998 P 24425 223 152 1586 1586 0 2 -594 16650
17:29:14.998 P 24427 228 100 1573 1573 0 1 -572 16708
17:29:14.998 P 24428 229 86 1586 1586 2 1 -362 16520
17:29:14.998 P 24430 231 63 1579 1579 1 1 -726 16730
17:29:14.998 P 24432 231 13 1586 1586 2 2 -944 16682
17:29:14.998 P 24434 228 5 1571 1571 0 1 -202 16672
17:29:14.998 P 24436 227 8 1605 1605 2 2 -1272 16594
17:29:14.998 P 24438 220 -79 1561 1561 1 2 46 16804
17:29:14.998 P 24440 215 -40 1599 1599 1 3 -1290 16660
17:29:14.998 P 24441 211 -87 1576 1576 2 1 -606 16638
17:29:14.998 P 24443 203 -92 1569 1569 1 1 -618 16790
17:29:14.998 P 24445 193 -99 1569 1569 1 1 -642 16596
17:29:14.998 P 24447 184 -123 1570 1570 2 2 -290 16720
17:29:14.998 P 24449 174 -127 1565 1565 2 2 -484 16752
17:29:14.998 P 24451 164 -142 1563 1563 3 2 -66 16636
17:29:14.998 P 24452 158 -142 1553 1553 1 2 -50 16668
17:29:14.998 P 24454 147 -150 1552 1552 3 2 -968 16394
17:29:14.998 P 24456 135 -146 1543 1543 2 2 -94 16586
17:29:14.998 P 24458 124 -175 1527 1527 2 2 -1138 16572
17:29:14.998 P 24460 110 -148 1536 1536 3 2 70 16690
17:29:14.998 P 24462 98 -193 1500 1500 1 3 232 17042
17:29:14.998 P 24464 88 -114 1525 1525 1 2 -952 16510
17:29:14.998 P 24466 75 -171 1484 1484 1 2 390 16738
17:29:14.998 P 24468 67 -122 1507 1507 1 2 -1240 16842
17:29:14.998 P 24470 54 -164 1475 1475 2 2 94 16728
17:29:14.998 P 24472 45 -132 1490 1490 2 2 -910 16510
17:29:14.998 P 24474 32 -131 1457 1457 1 1 504 16886
17:29:14.998 P 24476 25 -126 1455 1455 1 1 -910 16714
17:29:14.998 P 24479 9 -125 1442 1442 1 2 -260 16596
17:29:14.998 P 24481 0 -127 1419 1419 2 1 -120 16754
17:29:14.998 P 24483 -8 -103 1420 1420 1 1 -392 16588
17:29:14.998 P 24485 -18 -135 1395 1395 1 1 -26 16716
17:29:14.998 P 24487 -25 -72 1401 1401 0 2 -512 16662
17:29:14.998 P 24489 -33 -92 1391 1391 1 2 28 16646
17:29:14.998 P 24491 -40 -101 1357 1357 0 1 198 16756
17:29:14.998 P 24493 -46 -49 1387 1387 1 1 -544 16700
17:29:14.998 P 24495 -50 -68 1357 1357 1 1 -488 16694
17:29:14.998 P 24497 -57 -76 1343 1343 1 1 -70 16730
17:29:14.998 P 24499 -63 -59 1334 1334 0 1 -56 16720
17:29:14.998 P 24501 -67 -58 1322 1322 0 1 -680 16576
17:29:14.998 P 24503 -74 -64 -1301 -1301 1 0 524 16764
17:29:14.998 P 24506 -79 -31 -1305 -1305 0 1 170 16710
17:29:14.998 P 24507 -80 2 -1303 -1303 0 0 232 16624
17:29:14.998 P 24509 -81 5 -1314 -1314 0 0 256 16844
17:29:14.998 P 24511 -80 66 1301 1301 0 0 -602 16640
17:29:14.998 P 24513 -80 23 -1323 -1323 0 0 698 16832
17:29:14.998 P 24515 -79 33 -1328 -1328 0 0 -212 16772
17:29:14.998 P 24517 -79 49 -1327 -1327 0 0 -282 16736
17:29:14.998 P 24519 -79 1 -1356 -1356 0 0 -182 16718
17:29:14.998 P 24521 -81 -4 -1364 -1364 0 0 -226 16666
17:29:14.998 P 24523 -84 -36 -1385 -1385 0 0 -162 16680
17:29:14.998 P 24525 -88 -54 -1400 -1400 0 0 -218 16706
17:29:14.998 P 24526 -91 -65 -1418 -1418 -1 0 -200 16682
17:29:14.998 P 24528 -98 -90 -1435 -1435 0 0 -120 16678
17:29:14.998 P 24530 -105 -112 -1451 -1451 0 0 -116 16634
17:29:14.998 P 24532 -115 -133 -1477 -1477 0 0 -122 16680
17:29:14.998 P 24534 -125 -158 -1504 -1504 0 0 -46 16672
17:29:14.998 P 24536 -137 -181 -1532 -1532 -1 0 -120 16686
17:29:14.998 P 24538 -149 -162 -1547 -1547 0 -1 -60 16676
17:29:14.998 P 24540 -160 -170 -1560 -1560 0 0 68 16686
17:29:14.998 P 24542 -174 -211 -1612 -1612 -1 -1 64 16628
17:29:14.998 P 24544 -187 -200 -1643 -1643 -1 -1 48 16642
17:29:14.998 P 24546 -199 -22 -1585 -1585 -1 -1 914 16728
17:29:14.998 P 24548 -197 115 -1545 -1545 -1 -1 450 16816
17:29:14.998 P 24549 -193 142 -1540 -1540 -1 -2 -232 16590
17:29:14.998 P 24551 -189 111 -1560 -1560 -1 -1 820 16822
17:29:14.998 P 24553 -182 141 -1556 -1556 -2 -1 88 16802
17:29:14.998 P 24555 -175 167 -1550 -1550 -1 -2 -200 16554
17:29:14.998 P 24557 -169 119 -1576 -1576 -1 -2 1066 16704
17:29:14.998 P 24559 -161 153 -1577 -1577 -2 -2 -6 16688
17:29:14.998 P 24561 -154 179 -1570 -1570 -2 -3 596 16690
17:29:14.998 P 24563 -144 194 -1571 -1571 -2 -3 280 16810
17:29:14.998 P 24565 -134 211 -1548 -1548 -2 -2 138 16636
17:29:14.998 P 24567 -124 205 -1545 -1545 -1 -2 700 16598
17:29:14.998 P 24569 -112 228 -1535 -1535 -1 -2 176 16662
17:29:14.998 P 24571 -102 208 -1546 -1546 -2 -2 384 16698
17:29:14.998 P 24573 -92 229 -1534 -1534 -2 -2 1188 16596
17:29:14.998 P 24575 -79 225 -1519 -1519 -1 -2 74 16774
17:29:14.998 P 24576 -73 231 -1525 -1525 -3 -2 356 16692
17:29:14.998 P 24578 -62 206 -1512 -1512 -1 -2 396 16894
17:29:14.998 P 24580 -51 252 -1486 -1486 -1 -1 100 16678
17:29:14.998 P 24582 -39 184 -1513 -1513 -2 -1 484 16714
17:29:14.998 P 24584 -30 233 -1477 -1477 -1 -1 34 16748
17:29:14.998 P 24586 -19 190 -1496 -1496 -2 -2 432 16686
17:29:14.998 P 24588 -8 219 -1470 -1470 -2 -2 -710 16530
17:29:14.998 P 24590 -1 188 -1487 -1487 -2 -3 680 16784
17:29:14.998 P 24592 8 180 -1461 -1461 -1 -2 -218 16776
17:29:14.998 P 24594 16 193 -1461 -1461 -2 -3 60 16450
17:29:14.998 P 24595 20 169 -1464 -1464 -2 -1 294 16626
17:29:14.998 P 24597 28 188 -1439 -1439 -1 -2 -636 16542
17:29:14.998 P 24599 34 159 -1443 -1443 -1 -2 496 16720
17:29:14.998 P 24601 42 144 -1431 -1431 -2 -1 -10 16656
17:29:14.998 P 24603 48 151 -1412 -1412 -1 -1 -272 16602
17:29:14.998 P 24605 52 126 -1423 -1423 -1 -1 112 16758
17:29:14.998 P 24606 56 140 -1405 -1405 -1 -1 -706 16672
17:29:14.998 P 24608 59 110 -1411 -1411 0 -1 454 16652
17:29:14.998 P 24610 64 122 -1401 -1401 -1 -2 -122 16710
17:29:14.998 P 24612 68 89 -1412 -1412 -1 -1 -92 16684
17:29:14.998 P 24614 71 91 -1400 -1400 -1 -2 -48 16576
17:29:14.998 P 24616 72 73 -1391 -1391 -1 0 34 16600
17:29:14.998 P 24617 73 63 -1394 -1394 -1 -1 -464 16574
17:29:14.998 P 24619 73 40 -1395 -1395 -1 0 86 16614
17:29:14.998 P 24621 73 33 -1403 -1403 -2 -1 -24 16836
17:29:14.998 P 24623 72 53 -1387 -1387 -1 -1 -86 16662
17:29:14.998 P 24625 72 29 -1385 -1385 -1 0 -4 16724
17:29:14.998 P 24626 71 23 -1382 -1382 0 -1 -136 16668
17:29:14.998 P 24628 69 10 -1403 -1403 -1 -2 6 16590
17:29:14.998 P 24630 66 -1 -1391 -1391 0 -1 134 16630
17:29:14.998 P 24632 63 -4 -1381 -1381 0 0 190 16658
17:29:14.998 P 24633 61 7 -1376 -1376 0 -1 274 16652
17:29:14.998 P 24635 60 41 -1371 -1371 -1 -1 -78 16706
17:29:14.998 P 24637 59 20 -1360 -1360 0 0 -72 16466
17:29:14.998 P 24639 57 6 -1370 -1370 0 0 -188 16632
17:29:14.998 P 24640 56 -8 -1370 -1370 0 0 -136 16660
17:29:14.998 P 24642 51 -42 -1386 -1386 0 0 -66 16646
17:29:14.998 P 24644 44 -60 -1389 -1389 0 0 366 16798
17:29:14.998 P 24646 38 -51 -1383 -1383 0 0 226 16760
17:29:14.998 P 24648 33 -24 -1370 -1370 0 0 286 16710
17:29:14.998 P 24649 31 -20 -1367 -1367 0 0 234 16736
17:29:14.998 P 24651 27 -5 -1361 -1361 0 0 182 16626
17:29:14.998 P 24653 24 11 -1354 -1354 0 0 308 16666
17:29:14.998 P 24655 22 26 -1346 -1346 0 0 222 16720
17:29:14.998 P 24657 21 39 -1340 -1340 0 0 324 16736
17:29:14.998 P 24658 21 44 -1337 -1337 0 0 234 16642
17:29:14.998 P 24660 21 60 -1328 -1328 0 0 244 16744
17:29:14.998 P 24662 23 72 -1321 -1321 0 0 228 16698
17:29:14.998 P 24664 25 86 -1312 -1312 0 0 182 16706
17:29:14.998 P 24666 27 98 -1303 -1303 0 0 182 16770
17:29:14.998 P 24667 29 105 1302 1302 0 0 132 16688
17:29:14.998 P 24669 33 118 1312 1312 0 0 164 16664
17:29:14.998 P 24671 38 130 1343 1343 1 1 122 16666
17:29:14.998 P 24673 43 145 1349 1349 0 0 116 16626
17:29:14.998 P 24674 47 151 1363 1363 1 0 90 16700
17:29:14.998 P 24676 53 165 1388 1388 0 1 82 16696
17:29:14.998 P 24678 61 176 1392 1392 0 0 56 16740
17:29:14.998 P 24680 69 188 1407 1407 0 0 -30 16728
17:29:14.998 P 24682 78 199 1414 1414 0 0 -58 16732
17:29:14.998 P 24683 83 203 1418 1418 0 0 -12 16770
17:29:14.998 P 24685 93 214 1428 1428 0 0 -96 16678
17:29:14.998 P 24687 104 227 1441 1441 0 0 -100 16716
17:29:16.802 P 24689 115 239 1456 1456 0 0 -120 16702
17:29:16.802 P 24691 127 253 1473 1473 0 0 -58 16770
17:29:16.802 P 24692 133 259 1481 1481 0 0 -120 16716
17:29:16.802 P 24694 147 273 1500 1500 0 0 -134 16626
17:29:16.802 P 24696 161 287 1520 1520 0 0 -164 16712
17:29:16.802 P 24698 176 303 1541 1541 0 0 -230 16638
17:29:16.802 P 24700 192 320 1573 1573 0 0 -336 16656
17:29:16.802 P 24701 201 323 1582 1582 0 0 -342 16640
17:29:16.802 P 24703 218 335 1622 1622 1 1 -368 16640
17:29:16.802 P 24705 236 344 1645 1645 1 0 -564 16726
17:29:16.802 P 24707 253 312 1676 1676 1 1 -696 16626
17:29:16.802 P 24709 268 249 1690 1690 2 1 -1688 16660
17:29:16.802 P 24711 275 50 1623 1623 1 2 -2362 16582
17:29:16.802 P 24713 265 -145 1554 1554 2 2 -680 16628
17:29:16.802 P 24715 254 -153 1564 1564 2 2 -702 16714
17:29:16.802 P 24717 240 -185 1543 1543 1 1 -618 16640
17:29:16.802 P 24718 233 -169 1568 1568 2 3 -272 16688
17:29:16.802 P 24720 221 -174 1554 1554 1 2 -620 16706
17:29:16.802 P 24722 208 -148 1571 1571 1 2 -302 16594
17:29:16.802 P 24724 195 -201 1548 1548 2 2 -156 16610
17:29:16.802 P 24726 183 -134 1580 1580 2 2 -886 16578
17:29:16.802 P 24728 169 -206 1530 1530 1 2 -158 16758
17:29:16.802 P 24730 156 -166 1545 1545 1 2 -482 16502
17:29:16.802 P 24732 141 -188 1538 1538 1 3 -480 16746
17:29:16.802 P 24734 129 -171 1540 1540 3 3 -204 16608
17:29:16.802 P 24736 116 -168 1525 1525 2 3 -534 16622
17:29:16.802 P 24737 110 -165 1523 1523 2 2 -140 16694
17:29:16.802 P 24739 99 -152 1524 1524 2 2 -1170 16704
17:29:16.802 P 24741 84 -185 1488 1488 1 2 492 16604
17:29:16.802 P 24743 73 -178 1486 1486 2 2 -104 16814
17:29:16.802 P 24745 60 -143 1487 1487 2 2 -590 16548
17:29:16.802 P 24747 49 -153 1479 1479 2 2 222 16640
17:29:16.802 P 24749 40 -117 1474 1474 1 2 -900 16782
17:29:16.802 P 24751 29 -134 1465 1465 1 2 50 16708
17:29:16.802 P 24753 20 -111 1455 1455 1 1 -772 16612
17:29:16.802 P 24755 10 -112 1448 1448 2 2 528 16730
17:29:16.802 P 24757 4 -118 1423 1423 1 1 -746 16702
17:29:16.802 P 24759 -6 -107 1425 1425 1 2 38 16656
17:29:16.802 P 24761 -12 -71 1435 1435 2 2 -432 16550
17:29:16.802 P 24763 -20 -91 1407 1407 1 2 128 16866
17:29:16.802 P 24765 -25 -49 1415 1415 2 1 -316 16680
17:29:16.802 P 24767 -30 -56 1403 1403 1 2 -42 16676
17:29:16.802 P 24769 -36 -54 1398 1398 2 2 -294 16634
17:29:16.802 P 24771 -41 -45 1377 1377 1 1 -110 16698
17:29:16.802 P 24773 -44 -35 1373 1373 0 2 -112 16620
17:29:16.802 P 24775 -48 -14 1366 1366 0 1 -62 16664
17:29:16.802 P 24777 -51 -38 1351 1351 0 1 -122 16714
17:29:16.802 P 24779 -55 -44 1325 1325 0 0 -92 16678
17:29:16.802 P 24781 -60 -28 1342 1342 0 1 182 16716
17:29:16.802 P 24783 -62 4 1342 1342 1 1 -48 16762
17:29:16.802 P 24785 -63 7 1332 1332 0 1 -630 16660
17:29:16.802 P 24787 -65 -10 1304 1304 0 0 270 16592
17:29:16.802 P 24789 -66 39 1314 1314 0 0 232 16728
17:29:16.802 P 24791 -64 65 1319 1319 0 0 -130 16760
17:29:16.802 P 24793 -62 72 1320 1320 0 0 0 16762
17:29:16.802 P 24795 -60 67 1317 1317 0 1 -86 16796
17:29:16.802 P 24797 -58 66 1306 1306 0 0 -72 16690
17:29:16.802 P 24799 -56 60 -1303 -1303 0 0 -50 16642
17:29:16.802 P 24801 -54 57 -1308 -1308 0 0 -132 16730
17:29:16.802 P 24803 -52 63 -1308 -1308 0 0 -290 16598
17:29:16.802 P 24804 -51 49 -1315 -1315 0 0 -376 16616
17:29:16.802 P 24806 -52 21 -1332 -1332 0 0 -96 16666
17:29:16.802 P 24808 -52 9 -1340 -1340 0 0 -194 16674
17:29:16.802 P 24810 -55 -10 -1361 -1361 -1 0 -162 16722
17:29:16.802 P 24812 -58 -25 -1369 -1369 0 0 -148 16590
17:29:16.802 P 24814 -61 -39 -1378 -1378 0 0 -156 16636
17:29:16.802 P 24816 -66 -59 -1400 -1400 0 0 -164 16712
17:29:16.802 P 24818 -72 -73 -1417 -1417 0 0 -104 16654
17:29:16.802 P 24820 -79 -87 -1427 -1427 0 0 56 16484
17:29:16.802 P 24822 -85 -63 -1426 -1426 0 0 -106 16704
17:29:16.802 P 24824 -91 -81 -1435 -1435 0 0 -40 16722
17:29:16.802 P 24825 -95 -103 -1448 -1448 0 0 18 16672
17:29:16.802 P 24827 -105 -143 -1482 -1482 0 0 -54 16556
17:29:16.802 P 24829 -116 -164 -1507 -1507 0 0 -8 16684
17:29:16.802 P 24831 -128 -175 -1519 -1519 0 0 -52 16676
17:29:16.802 P 24833 -142 -204 -1560 -1560 0 -1 124 16578
17:29:16.802 P 24835 -156 -210 -1598 -1598 -1 -1 -34 16702
17:29:16.802 P 24837 -171 -214 -1618 -1618 0 -1 202 16710
17:29:16.802 P 24839 -184 -68 -1573 -1573 0 -1 1060 16596
17:29:16.802 P 24841 -187 10 -1556 -1556 0 -2 60 16818
17:29:16.802 P 24843 -187 61 -1554 -1554 -1 -1 778 16774
17:29:16.802 P 24845 -183 83 -1546 -1546 0 -1 238 16742
17:29:16.802 P 24847 -179 110 -1552 -1552 -1 -1 8 16700
17:29:16.802 P 24849 -176 93 -1585 -1585 -2 -2 1044 16742
17:29:16.802 P 24851 -169 131 -1553 -1553 -1 -1 -172 16792
17:29:16.802 P 24852 -168 107 -1570 -1570 -1 -2 1004 16892
17:29:16.802 P 24854 -160 165 -1555 -1555 -1 -2 86 16494
17:29:16.802 P 24856 -154 159 -1569 -1569 -1 -3 770 16692
17:29:16.802 P 24858 -143 203 -1540 -1540 -2 -2 -50 16680
17:29:16.802 P 24860 -136 161 -1556 -1556 -2 -1 702 16654
17:29:16.802 P 24862 -127 189 -1543 -1543 -1 -2 458 16658
17:29:16.802 P 24864 -118 189 -1553 -1553 -2 -2 186 16656
17:29:16.802 P 24866 -110 193 -1536 -1536 -1 -1 1502 16786
17:29:16.802 P 24868 -96 238 -1508 -1508 -2 -1 -890 16492
17:29:16.802 P 24870 -87 216 -1523 -1523 -2 -1 488 16658
17:29:16.802 P 24871 -79 241 -1500 -1500 -1 -2 -706 16638
17:29:16.802 P 24873 -71 186 -1531 -1531 -2 -2 942 16788
17:29:16.802 P 24875 -59 220 -1504 -1504 -2 -2 -678 16534
17:29:16.802 P 24877 -51 192 -1510 -1510 -2 -1 622 16798
17:29:16.802 P 24879 -41 205 -1486 -1486 -1 -2 -168 16792
17:29:16.802 P 24881 -31 198 -1494 -1494 -2 -2 320 16412
17:29:16.802 P 24883 -22 174 -1488 -1488 -1 -1 12 16656
17:29:16.802 P 24885 -14 215 -1465 -1465 -2 -2 -10 16654
17:29:16.802 P 24887 -5 153 -1491 -1491 -2 -2 244 16554
17:29:16.802 P 24889 2 189 -1460 -1460 -1 -3 -262 16572
17:29:16.802 P 24890 5 161 -1469 -1469 -2 -1 576 16818
17:29:16.802 P 24892 13 185 -1437 -1437 -1 -2 -908 16434
17:29:16.802 P 24894 19 153 -1448 -1448 -1 -2 748 16744
17:29:16.802 P 24896 27 127 -1455 -1455 -2 -1 -196 16750
17:29:16.802 P 24898 31 138 -1438 -1438 -1 -2 -270 16624
17:29:16.802 P 24900 36 118 -1446 -1446 -1 -2 590 16730
17:29:16.802 P 24902 41 109 -1420 -1420 0 -1 -532 16508
17:29:16.802 P 24904 43 93 -1427 -1427 -1 -1 342 16740
17:29:16.802 P 24906 47 102 -1412 -1412 -1 -1 192 16738
17:29:16.802 P 24907 48 99 -1419 -1419 -1 -2 -136 16620
17:29:16.802 P 24909 50 60 -1420 -1420 0 -1 -102 16716
17:29:16.802 P 24911 51 62 -1426 -1426 -2 -1 58 16722
17:29:16.802 P 24913 53 76 -1406 -1406 -1 -1 -320 16710
17:29:16.802 P 24915 53 41 -1412 -1412 0 -1 60 16686
17:29:16.802 P 24917 52 21 -1417 -1417 -1 0 -52 16750
17:29:16.802 P 24918 51 17 -1423 -1423 -1 -1 228 16754
17:29:16.802 P 24920 50 30 -1414 -1414 -1 -1 -76 16632
17:29:16.802 P 24922 48 26 -1405 -1405 -1 0 128 16664
17:29:16.802 P 24924 47 25 -1397 -1397 0 0 338 16714
17:29:16.802 P 24926 46 17 -1407 -1407 -1 -1 40 16574
17:29:16.802 P 24927 44 -7 -1406 -1406 0 0 252 16688
17:29:16.802 P 24929 40 -25 -1407 -1407 0 0 64 16710
17:29:16.802 P 24931 34 -26 -1403 -1403 0 0 376 16638
17:29:16.802 P 24933 30 -22 -1410 -1410 0 -1 -38 16626
17:29:16.802 P 24935 26 -25 -1400 -1400 0 0 -12 16716
17:29:16.802 P 24937 22 -44 -1412 -1412 0 -1 -26 16616
17:29:16.802 P 24938 19 -56 -1414 -1414 0 0 38 16622
17:29:16.802 P 24940 12 -67 -1417 -1417 0 0 264 16698
17:29:16.802 P 24942 5 -48 -1408 -1408 0 0 322 16776
17:29:16.802 P 24944 0 -36 -1404 -1404 0 0 336 16622
17:29:16.802 P 24946 -4 -15 -1395 -1395 0 0 222 16678
17:29:16.802 P 24947 -5 -12 -1393 -1393 0 0 328 16738
17:29:16.802 P 24949 -9 6 -1385 -1385 0 0 302 16700
17:29:16.802 P 24951 -11 13 -1383 -1383 0 0 320 16652
17:29:16.802 P 24953 -12 30 -1376 -1376 0 0 206 16762
17:29:16.802 P 24955 -13 41 -1372 -1372 0 0 318 16698
17:29:16.802 P 24957 -13 53 -1365 -1365 0 0 218 16766
17:29:16.802 P 24958 -13 61 -1361 -1361 0 0 296 16750
17:29:16.802 P 24960 -11 70 -1355 -1355 0 0 234 16646
17:29:16.802 P 24962 -9 83 -1347 -1347 0 0 212 16680
17:29:16.802 P 24964 -7 96 -1337 -1337 0 0 246 16812
17:29:16.802 P 24966 -3 107 -1329 -1329 0 0 200 16714
17:29:16.802 P 24968 0 117 -1320 -1320 0 0 186 16698
17:29:16.802 P 24969 2 122 -1315 -1315 0 0 192 16624
17:29:16.802 P 24971 7 133 -1305 -1305 0 0 184 16754
17:29:16.802 P 24973 13 145 1306 1306 0 0 190 16648
17:29:16.802 P 24975 19 154 1324 1324 0 0 210 16724
17:29:16.802 P 24977 26 166 1335 1335 0 0 208 16622
17:29:16.802 P 24979 34 179 1357 1357 1 0 78 16616
17:29:16.802 P 24980 38 184 1371 1371 0 1 158 16700
17:29:16.802 P 24982 47 197 1398 1398 1 0 42 16736
17:29:16.802 P 24984 57 206 1420 1420 0 1 30 16640
17:29:16.802 P 24986 67 218 1434 1434 1 0 -44 16726
17:29:16.802 P 24988 78 227 1438 1438 0 0 -208 16634
17:29:16.802 P 24990 88 206 1429 1429 0 0 256 16738
17:29:16.802 P 24991 93 232 1444 1444 0 0 -144 16696
17:29:16.802 P 24993 106 259 1464 1464 0 0 2 16680
17:29:16.802 P 24995 119 258 1472 1472 0 0 -246 16732
17:29:16.802 P 24997 133 281 1494 1494 0 0 -60 16592
17:29:16.802 P 24998 140 285 1502 1502 0 0 -220 16570
17:29:16.802 P 25000 154 293 1519 1519 0 0 -164 16700
17:29:16.802 P 25002 170 312 1542 1542 0 0 -200 16548
17:29:16.802 P 25003 178 314 1550 1550 0 0 -200 16408
17:29:16.802 P 25005 195 335 1576 1576 0 0 -232 16660
17:29:16.802 P 25007 213 349 1618 1618 0 1 -524 16560
17:29:16.802 P 25009 230 293 1602 1602 0 0 -266 16782
17:29:16.802 P 25011 244 258 1630 1630 0 1 -1226 16748
17:29:16.802 P 25012 250 210 1625 1625 1 1 -846 16752
17:29:16.802 P 25014 258 165 1631 1631 1 1 -1404 16678
17:29:16.802 P 25016 262 78 1608 1608 1 1 -1694 16610
17:29:16.802 P 25018 260 -33 1583 1583 2 2 -390 16790
17:29:16.802 P 25020 256 -26 1613 1613 2 2 -1304 16582
17:29:16.802 P 25022 248 -115 1567 1567 2 1 -292 16720
17:29:16.802 P 25024 240 -95 1587 1587 1 1 -1138 16744
17:29:16.802 P 25025 234 -133 1577 1577 2 2 -666 16920
17:29:16.802 P 25027 223 -131 1579 1579 1 2 -524 16588
17:29:16.802 P 25029 211 -182 1562 1562 2 2 -330 16600
17:29:16.802 P 25031 199 -144 1572 1572 1 2 -616 16674
17:29:16.802 P 25033 187 -170 1571 1571 2 3 -704 16772
17:29:16.802 P 25035 172 -192 1557 1557 3 3 162 16596
17:29:16.802 P 25037 159 -175 1560 1560 3 2 -700 16550
17:29:16.802 P 25039 145 -187 1535 1535 2 2 98 16970
17:29:16.802 P 25041 132 -185 1539 1539 2 2 -516 16590
17:29:16.802 P 25042 125 -179 1526 1526 1 2 120 16540
17:29:16.802 P 25044 113 -180 1527 1527 1 3 -1008 16684
17:29:16.802 P 25046 99 -157 1528 1528 2 3 -428 16870
17:29:16.802 P 25048 85 -202 1498 1498 3 2 318 16812
17:29:18.611 P 25050 74 -152 1504 1504 2 2 -942 16470
17:29:18.611 P 25052 60 -168 1488 1488 2 2 242 16840
17:29:18.611 P 25054 49 -160 1477 1477 2 2 -374 16770
17:29:18.611 P 25056 37 -147 1465 1465 1 1 -38 16452
17:29:18.611 P 25058 26 -148 1452 1452 1 2 472 16738
17:29:18.611 P 25060 17 -115 1468 1468 2 2 -1022 16590
17:29:18.611 P 25062 6 -148 1443 1443 2 3 350 16762
17:29:18.611 P 25064 -1 -101 1438 1438 1 2 -740 16826
17:29:18.611 P 25066 -12 -129 1419 1419 1 2 232 16712
17:29:18.611 P 25068 -19 -89 1427 1427 2 2 -380 16670
17:29:18.611 P 25070 -28 -105 1388 1388 0 1 254 16716
17:29:18.611 P 25072 -33 -61 1408 1408 2 1 -356 16686
17:29:18.611 P 25074 -39 -59 1387 1387 0 2 -326 16656
17:29:18.611 P 25077 -48 -55 1375 1375 0 2 -278 16612
17:29:18.611 P 25078 -50 -53 1369 1369 1 1 -490 16680
17:29:18.611 P 25080 -56 -66 1352 1352 0 2 58 16740
17:29:18.611 P 25082 -61 -54 1346 1346 0 1 30 16746
17:29:18.611 P 25084 -66 -50 1340 1340 0 1 -610 16572
17:29:18.611 P 25086 -72 -85 -1302 -1302 0 1 348 16700
17:29:18.611 P 25089 -78 -15 1321 1321 0 1 -228 16804
17:29:18.611 P 25091 -80 15 1321 1321 1 0 98 16704
17:29:18.611 P 25093 -80 23 1318 1318 0 1 -198 16718
17:29:18.611 P 25095 -80 37 1311 1311 0 1 -42 16598
17:29:18.611 P 25096 -79 44 1304 1304 0 0 -202 16702
17:29:18.611 P 25098 -79 49 -1301 -1301 0 0 134 16580
17:29:18.611 P 25100 -78 52 -1313 -1313 0 0 88 16648
17:29:18.611 P 25102 -76 79 -1308 -1308 0 0 324 16794
17:29:18.611 P 25104 -72 77 -1320 -1320 0 0 -442 16660
17:29:18.611 P 25106 -71 46 -1336 -1336 0 0 50 16666
17:29:18.611 P 25108 -70 35 -1350 -1350 0 0 -272 16662
17:29:18.611 P 25110 -71 7 -1372 -1372 0 0 -100 16594
17:29:18.611 P 25112 -72 -5 -1394 -1394 0 -1 -190 16670
17:29:18.611 P 25114 -75 -26 -1410 -1410 0 -1 -104 16710
17:29:18.611 P 25116 -80 -43 -1432 -1432 0 -1 -56 16740
17:29:18.611 P 25118 -83 -18 -1412 -1412 0 0 -160 16608
17:29:18.611 P 25120 -86 -36 -1435 -1435 0 -1 26 16680
17:29:18.611 P 25122 -91 -22 -1422 -1422 0 0 -294 16454
17:29:18.611 P 25124 -96 -87 -1450 -1450 0 0 -4 16754
17:29:18.611 P 25125 -100 -99 -1457 -1457 0 0 -110 16478
17:29:18.611 P 25127 -109 -122 -1472 -1472 0 0 120 16666
17:29:18.611 P 25129 -118 -139 -1494 -1494 0 0 -66 16606
17:29:18.611 P 25131 -130 -160 -1511 -1511 0 0 302 16742
17:29:18.611 P 25133 -141 -154 -1525 -1525 0 -1 -74 16684
17:29:18.611 P 25135 -153 -177 -1562 -1562 0 -1 360 16716
17:29:18.611 P 25137 -165 -158 -1574 -1574 0 -1 358 16726
17:29:18.611 P 25139 -176 -122 -1565 -1565 0 -1 584 16726
17:29:18.611 P 25141 -184 -76 -1566 -1566 0 -1 772 16648
17:29:18.611 P 25143 -188 -52 -1561 -1561 0 0 8 16760
17:29:18.611 P 25144 -191 -52 -1574 -1574 -1 -1 302 16792
17:29:18.611 P 25146 -195 -23 -1591 -1591 -1 -1 718 16784
17:29:18.611 P 25148 -197 20 -1573 -1573 0 -1 484 16730
17:29:18.611 P 25150 -197 29 -1597 -1597 -1 -1 1044 16842
17:29:18.611 P 25152 -194 100 -1581 -1581 -2 -1 -308 16610
17:29:18.611 P 25154 -191 120 -1576 -1576 -1 -2 1118 16802
17:29:18.611 P 25156 -183 116 -1594 -1594 -1 -3 462 16892
17:29:18.611 P 25158 -178 175 -1578 -1578 -2 -2 266 16680
17:29:18.611 P 25160 -168 190 -1566 -1566 -2 -1 586 16694
17:29:18.611 P 25162 -159 195 -1575 -1575 -2 -2 422 16622
17:29:18.611 P 25164 -149 199 -1580 -1580 -3 -2 438 16666
17:29:18.611 P 25166 -138 227 -1560 -1560 -2 -2 208 16676
17:29:18.611 P 25168 -127 237 -1555 -1555 -2 -2 634 16564
17:29:18.611 P 25169 -120 248 -1549 -1549 -2 -2 24 16510
17:29:18.611 P 25171 -108 273 -1533 -1533 -2 -2 480 16782
17:29:18.611 P 25173 -93 252 -1546 -1546 -3 -3 446 16754
17:29:18.611 P 25175 -80 250 -1540 -1540 -3 -3 -68 16694
17:29:18.611 P 25177 -69 246 -1535 -1535 -3 -3 1004 16884
17:29:18.611 P 25179 -54 247 -1512 -1512 -2 -2 -496 16818
17:29:18.611 P 25181 -44 243 -1507 -1507 -2 -2 832 16732
17:29:18.611 P 25183 -30 235 -1502 -1502 -2 -2 -44 16718
17:29:18.611 P 25185 -18 241 -1491 -1491 -2 -2 -118 16634
17:29:18.611 P 25186 -13 225 -1485 -1485 -1 -2 554 16806
17:29:18.611 P 25188 -2 243 -1459 -1459 -1 -1 2 16590
17:29:18.611 P 25190 8 212 -1471 -1471 -2 -1 592 16654
17:29:18.611 P 25192 19 214 -1457 -1457 -2 -2 292 16772
17:29:18.611 P 25194 29 209 -1438 -1438 -2 -1 -362 16692
17:29:18.611 P 25196 39 201 -1434 -1434 -1 -1 -36 16662
17:29:18.611 P 25198 47 157 -1440 -1440 -1 -1 210 16726
17:29:18.611 P 25200 54 172 -1432 -1432 -2 -2 168 16586
17:29:18.611 P 25202 61 142 -1416 -1416 -1 -1 -240 16586
17:29:18.611 P 25204 66 141 -1413 -1413 -1 -1 286 16822
17:29:18.611 P 25206 73 157 -1402 -1402 -2 -1 -330 16612
17:29:18.611 P 25207 75 128 -1404 -1404 -1 -1 -232 16602
17:29:18.611 P 25209 80 122 -1409 -1409 -2 -1 84 16636
17:29:18.611 P 25211 85 136 -1373 -1373 0 -1 -156 16708
17:29:18.611 P 25213 89 89 -1403 -1403 -2 -1 -12 16708
17:29:18.611 P 25215 90 75 -1391 -1391 -1 -1 6 16834
17:29:18.611 P 25217 92 84 -1380 -1380 -1 -1 20 16644
17:29:18.611 P 25219 93 66 -1375 -1375 0 -1 98 16782
17:29:18.611 P 25221 95 75 -1361 -1361 0 -1 -18 16690
17:29:18.611 P 25222 95 68 -1366 -1366 -1 -1 -70 16558
17:29:18.611 P 25224 95 71 -1360 -1360 -1 -1 520 16730
17:29:18.611 P 25226 98 67 -1345 -1345 0 0 -376 16624
17:29:18.611 P 25228 98 52 -1343 -1343 0 -1 -68 16642
17:29:18.611 P 25230 98 60 -1344 -1344 -1 -1 268 16690
17:29:18.611 P 25231 98 72 -1324 -1324 0 0 102 16568
17:29:18.611 P 25233 100 63 -1326 -1326 -1 -1 6 16772
17:29:18.611 P 25235 100 45 -1314 -1314 0 0 -38 16618
17:29:18.611 P 25237 98 11 -1317 -1317 0 0 -154 16652
17:29:18.611 P 25239 95 -13 -1321 -1321 0 0 8 16592
17:29:18.611 P 25240 93 -7 -1316 -1316 0 0 230 16830
17:29:18.611 P 25242 90 23 1301 1301 0 0 194 16662
17:29:18.611 P 25244 88 38 1311 1311 0 0 276 16670
17:29:18.611 P 25246 89 67 1338 1338 1 0 182 16658
17:29:18.611 P 25247 89 73 1342 1342 0 0 210 16710
17:29:18.611 P 25249 92 102 1357 1357 0 0 54 16680
17:29:18.611 P 25251 95 119 1378 1378 1 0 158 16694
17:29:18.611 P 25253 100 141 1399 1399 0 0 140 16552
17:29:18.611 P 25255 106 161 1409 1409 0 0 40 16740
17:29:18.611 P 25257 114 179 1422 1422 0 0 86 16746
17:29:18.611 P 25259 122 201 1439 1439 0 0 38 16688
17:29:18.611 P 25260 127 209 1456 1456 0 1 34 16598
17:29:18.611 P 25262 137 231 1473 1473 0 0 -38 16614
17:29:18.611 P 25264 149 251 1500 1500 0 1 -48 16632
17:29:18.611 P 25266 162 273 1518 1518 0 0 -42 16626
17:29:18.611 P 25268 176 293 1548 1548 0 1 -128 16702
17:29:18.611 P 25270 193 298 1571 1571 1 0 -1874 16516
17:29:18.611 P 25272 205 263 1578 1578 0 1 -246 16700
17:29:18.611 P 25273 211 272 1592 1592 0 1 144 16766
17:29:18.611 P 25275 225 260 1616 1616 1 0 -272 16618
17:29:18.611 P 25277 237 209 1626 1626 1 2 -676 16680
17:29:18.611 P 25279 246 182 1626 1626 1 1 -1134 16576
17:29:18.611 P 25281 250 77 1610 1610 1 1 -500 16766
17:29:18.611 P 25283 248 -24 1585 1585 2 2 -1006 16770
17:29:18.611 P 25285 242 -41 1590 1590 1 3 -694 16652
17:29:18.611 P 25287 236 -93 1570 1570 1 2 -464 16606
17:29:18.611 P 25289 228 -83 1585 1585 2 1 -964 16758
17:29:18.611 P 25291 217 -122 1568 1568 2 1 358 16888
17:29:18.611 P 25293 211 -97 1584 1584 2 1 -1846 16520
17:29:18.611 P 25295 198 -131 1561 1561 1 1 234 16636
17:29:18.611 P 25297 190 -141 1564 1564 2 1 -1320 16904
17:29:18.611 P 25299 176 -152 1566 1566 2 2 -226 16730
17:29:18.611 P 25301 165 -167 1555 1555 1 3 -652 16462
17:29:18.611 P 25303 151 -169 1546 1546 1 2 -440 16800
17:29:18.611 P 25305 139 -172 1546 1546 1 3 -676 16542
17:29:18.611 P 25307 125 -160 1542 1542 2 3 -432 16462
17:29:18.611 P 25308 120 -154 1541 1541 2 2 -1546 17066
17:29:18.611 P 25310 104 -195 1508 1508 1 3 640 16918
17:29:18.611 P 25312 93 -180 1505 1505 1 2 -298 16706
17:29:18.611 P 25314 80 -137 1514 1514 1 2 -686 16544
17:29:18.611 P 25316 68 -176 1497 1497 2 3 586 16970
17:29:18.611 P 25318 58 -122 1506 1506 1 3 -834 16778
17:29:18.611 P 25320 47 -133 1492 1492 1 2 134 16526
17:29:18.611 P 25322 36 -157 1465 1465 2 2 144 16782
17:29:18.611 P 25324 28 -96 1491 1491 2 2 -1220 16558
17:29:18.611 P 25326 15 -160 1447 1447 2 3 496 16736
17:29:18.611 P 25327 10 -116 1456 1456 2 1 122 16684
17:29:18.611 P 25329 2 -118 1445 1445 2 1 -270 16578
17:29:18.611 P 25331 -6 -96 1438 1438 1 2 -144 16702
17:29:18.611 P 25333 -13 -99 1423 1423 1 1 -160 16684
17:29:18.611 P 25335 -21 -72 1435 1435 2 2 -394 16672
17:29:18.611 P 25337 -27 -75 1415 1415 1 2 -144 16760
17:29:18.611 P 25339 -34 -64 1414 1414 1 2 -2 16688
17:29:18.611 P 25341 -39 -73 1405 1405 2 1 -658 16776
17:29:18.611 P 25343 -46 -73 1379 1379 0 1 238 16744
17:29:18.611 P 25344 -48 -52 1381 1381 1 1 220 16638
17:29:18.611 P 25346 -52 -47 1387 1387 1 1 -816 16592
17:29:18.611 P 25348 -59 -63 1363 1363 1 2 712 16784
17:29:18.611 P 25350 -60 0 1385 1385 2 1 -740 16614
17:29:18.611 P 25352 -64 -17 1360 1360 1 1 136 16720
17:29:18.611 P 25354 -66 -26 1343 1343 1 1 -204 16650
17:29:18.611 P 25356 -70 -27 1341 1341 1 1 176 16768
17:29:18.611 P 25358 -71 -2 1334 1334 0 1 -488 16650
17:29:18.611 P 25360 -74 -13 1326 1326 0 2 -194 16804
17:29:18.611 P 25362 -76 -4 1308 1308 0 1 -10 16710
17:29:18.611 P 25363 -77 -4 1314 1314 1 1 194 16696
17:29:18.611 P 25365 -78 14 1306 1306 0 1 -274 16616
17:29:18.611 P 25367 -80 -3 -1315 -1315 0 0 114 16772
17:29:18.611 P 25369 -82 -5 -1319 -1319 0 0 -258 16700
17:29:18.611 P 25371 -84 25 -1323 -1323 0 0 322 16776
17:29:18.611 P 25373 -83 59 -1317 -1317 0 0 178 16728
17:29:18.611 P 25375 -80 77 -1315 -1315 0 0 -44 16576
17:29:18.611 P 25377 -78 36 -1338 -1338 0 0 -192 16572
17:29:18.611 P 25379 -78 35 -1343 -1343 0 0 -188 16644
17:29:18.611 P 25381 -79 0 -1364 -1364 0 0 -72 16706
17:29:18.611 P 25382 -80 -9 -1370 -1370 0 0 -44 16680
17:29:18.611 P 25384 -82 -14 -1376 -1376 0 0 -144 16650
17:29:18.611 P 25386 -86 -40 -1394 -1394 0 0 -44 16678
17:29:18.611 P 25388 -91 -57 -1408 -1408 0 0 -64 16580
17:29:18.611 P 25390 -97 -74 -1421 -1421 0 0 -52 16594
17:29:18.611 P 25392 -104 -96 -1440 -1440 0 0 -78 16618
17:29:18.611 P 25394 -112 -111 -1455 -1455 0 0 -78 16562
17:29:18.611 P 25396 -121 -134 -1484 -1484 -1 0 12 16704
17:29:18.611 P 25398 -132 -152 -1500 -1500 0 0 24 16766
17:29:18.611 P 25400 -143 -173 -1529 -1529 0 -1 6 16568
17:29:18.611 P 25402 -156 -195 -1548 -1548 0 0 22 16654
17:29:18.611 P 25404 -171 -219 -1597 -1597 0 -1 44 16610
17:29:18.611 P 25406 -187 -244 -1633 -1633 0 -1 22 16652
17:29:18.611 P 25408 -207 -253 -1700 -1700 -1 -2 3826 17016
17:29:18.611 P 25410 -214 -37 -1625 -1625 -2 -1 1562 16952
17:29:18.611 P 25412 -211 178 -1534 -1534 -1 -1 38 16712
17:29:18.611 P 25414 -199 230 -1528 -1528 -2 -1 1396 16850
17:29:18.611 P 25416 -184 260 -1519 -1519 -1 -2 -684 16706
17:29:20.411 P 25418 -174 209 -1552 -1552 -2 -2 730 16556
17:29:20.411 P 25420 -162 229 -1543 -1543 -2 -2 236 16688
17:29:20.411 P 25422 -152 167 -1564 -1564 -2 -1 582 16792
17:29:20.411 P 25425 -138 175 -1564 -1564 -2 -2 1184 16808
17:29:20.411 P 25427 -126 233 -1540 -1540 -2 -3 -316 16764
17:29:20.411 P 25429 -116 219 -1551 -1551 -3 -3 150 16558
17:29:20.411 P 25430 -111 208 -1535 -1535 -1 -1 432 16540
17:29:20.411 P 25433 -93 253 -1506 -1506 -1 -2 -270 16672
17:29:20.411 P 25435 -83 211 -1527 -1527 -2 -2 596 16598
17:29:20.411 P 25437 -72 213 -1503 -1503 -1 -1 198 16602
17:29:20.411 P 25439 -61 219 -1502 -1502 -2 -1 528 16878
17:29:20.411 P 25441 -50 213 -1495 -1495 -2 -2 120 16678
17:29:20.411 P 25443 -41 203 -1492 -1492 -2 -1 1226 16696
17:29:20.411 P 25445 -28 230 -1457 -1457 -1 -1 -708 16650
17:29:20.411 P 25447 -19 198 -1477 -1477 -2 -2 496 16602
17:29:20.411 P 25449 -10 166 -1485 -1485 -1 -2 -126 16714
17:29:20.411 P 25451 -3 174 -1469 -1469 -2 -2 760 16824
17:29:20.411 P 25453 5 164 -1450 -1450 -1 -2 -592 16590
17:29:20.411 P 25455 11 168 -1441 -1441 -1 -1 312 16650
17:29:20.411 P 25457 19 139 -1457 -1457 -1 -2 -216 16832
17:29:20.411 P 25458 21 118 -1463 -1463 -1 -2 60 16772
17:29:20.411 P 25460 26 140 -1439 -1439 -2 -1 160 16674
17:29:20.411 P 25462 31 99 -1446 -1446 -1 -1 186 16650
17:29:20.411 P 25464 34 106 -1444 -1444 -1 -2 -146 16804
17:29:20.411 P 25466 38 99 -1420 -1420 0 -1 -88 16638
17:29:20.411 P 25468 40 74 -1440 -1440 -1 -1 262 16560
17:29:20.411 P 25470 42 66 -1433 -1433 0 -2 -92 16828
17:29:20.411 P 25472 43 97 -1409 -1409 -1 0 -70 16622
17:29:20.411 P 25474 45 47 -1427 -1427 -1 -1 136 16684
17:29:20.411 P 25475 45 50 -1435 -1435 -2 -1 834 16786
17:29:20.411 P 25477 46 48 -1423 -1423 -1 -2 -344 16712
17:29:20.411 P 25479 46 44 -1415 -1415 0 -1 102 16772
17:29:20.411 P 25481 45 25 -1418 -1418 0 -1 180 16594
17:29:20.411 P 25483 45 38 -1408 -1408 0 -2 -232 16656
17:29:20.411 P 25484 43 4 -1419 -1419 -1 0 120 16762
17:29:20.411 P 25486 39 0 -1405 -1405 0 0 206 16666
17:29:20.411 P 25488 37 -7 -1425 -1425 -1 -1 -14 16586
17:29:20.411 P 25490 33 -21 -1417 -1417 0 0 -230 16664
17:29:20.411 P 25491 31 -36 -1426 -1426 -1 0 166 16424
17:29:20.411 P 25493 26 -31 -1416 -1416 0 0 -60 16636
17:29:20.411 P 25495 20 -41 -1419 -1419 0 -1 316 16722
17:29:20.411 P 25497 16 -26 -1420 -1420 -1 0 34 16684
17:29:20.411 P 25498 13 -29 -1424 -1424 0 -1 154 16688
17:29:20.411 P 25500 9 -18 -1418 -1418 0 -1 152 16646
17:29:20.411 P 25502 5 -32 -1414 -1414 0 0 78 16732
17:29:20.411 P 25504 0 -44 -1424 -1424 0 -1 -42 16654
17:29:20.411 P 25506 -5 -58 -1427 -1427 0 0 82 16744
17:29:20.411 P 25507 -8 -55 -1424 -1424 0 0 22 16654
17:29:20.411 P 25509 -14 -64 -1437 -1437 0 0 58 16664
17:29:20.411 P 25511 -21 -72 -1440 -1440 0 0 40 16630
17:29:20.411 P 25513 -28 -81 -1448 -1448 0 0 110 16604
17:29:20.411 P 25514 -32 -84 -1451 -1451 0 0 116 16630
17:29:20.411 P 25516 -39 -78 -1452 -1452 0 0 180 16662
17:29:20.411 P 25518 -47 -78 -1457 -1457 0 0 208 16662
17:29:20.411 P 25520 -54 -74 -1461 -1461 0 0 172 16698
17:29:20.411 P 25522 -61 -73 -1466 -1466 0 0 218 16686
17:29:20.411 P 25523 -64 -70 -1468 -1468 0 0 238 16650
17:29:20.411 P 25525 -71 -71 -1474 -1474 0 0 322 16746
17:29:20.411 P 25527 -78 -68 -1479 -1479 0 0 240 16734
17:29:20.411 P 25529 -84 -70 -1486 -1486 0 0 334 16668
17:29:20.411 P 25531 -91 -69 -1491 -1491 0 0 250 16610
17:29:20.411 P 25532 -94 -71 -1496 -1496 0 0 300 16650
17:29:20.411 P 25534 -101 -72 -1503 -1503 0 0 262 16656
17:29:20.411 P 25536 -108 -73 -1510 -1510 0 0 308 16768
17:29:20.411 P 25538 -115 -73 -1516 -1516 0 0 326 16680
17:29:20.411 P 25540 -121 -71 -1522 -1522 0 0 338 16692
17:29:20.411 P 25542 -128 -67 -1536 -1536 0 -1 358 16772
17:29:20.411 P 25543 -131 -62 -1535 -1535 0 0 430 16658
17:29:20.411 P 25545 -137 -50 -1542 -1542 -1 0 446 16704
17:29:20.411 P 25547 -142 -35 -1535 -1535 0 0 436 16646
17:29:20.411 P 25549 -146 -16 -1544 -1544 0 0 562 16750
17:29:20.411 P 25551 -148 10 -1537 -1537 -1 0 690 16756
17:29:20.411 P 25553 -149 53 -1526 -1526 0 -1 522 16676
17:29:20.411 P 25555 -148 66 -1527 -1527 -1 0 922 16718
17:29:20.411 P 25556 -146 93 -1516 -1516 0 -1 228 16582
17:29:20.411 P 25558 -144 71 -1530 -1530 -1 -1 648 16728
17:29:20.411 P 25560 -141 76 -1539 -1539 -1 -1 102 16670
17:29:20.411 P 25562 -139 92 -1528 -1528 -1 0 708 16772
17:29:20.411 P 25564 -134 125 -1508 -1508 -1 0 570 16750
17:29:20.411 P 25566 -128 148 -1499 -1499 -1 0 382 16606
17:29:20.411 P 25568 -123 125 -1512 -1512 -1 0 630 16636
17:29:20.411 P 25569 -120 141 -1499 -1499 0 -1 324 16656
17:29:20.411 P 25571 -114 132 -1505 -1505 -1 -1 530 16798
17:29:20.411 P 25573 -107 157 -1481 -1481 0 -1 2 16646
17:29:20.411 P 25575 -101 148 -1485 -1485 0 -1 614 16720
17:29:20.411 P 25577 -94 152 -1480 -1480 0 -1 432 16648
17:29:20.411 P 25579 -88 162 -1465 -1465 0 -1 558 16652
17:29:20.411 P 25580 -84 166 -1467 -1467 -1 -1 82 16656
17:29:20.411 P 25582 -77 140 -1468 -1468 -1 -1 142 16714
17:29:20.411 P 25584 -72 124 -1456 -1456 0 0 172 16778
17:29:20.411 P 25586 -67 116 -1454 -1454 0 0 250 16608
17:29:20.411 P 25588 -63 99 -1459 -1459 0 -1 342 16716
17:29:20.411 P 25589 -62 97 -1449 -1449 0 0 158 16646
17:29:20.411 P 25591 -60 74 -1472 -1472 -1 -1 508 16654
17:29:20.411 P 25593 -58 76 -1450 -1450 0 0 192 16676
17:29:20.411 P 25595 -56 83 -1442 -1442 0 -1 262 16720
17:29:20.411 P 25596 -54 85 -1442 -1442 -1 0 112 16692
17:29:20.411 P 25598 -53 74 -1433 -1433 0 0 328 16708
17:29:20.411 P 25600 -51 66 -1436 -1436 -1 0 160 16634
17:29:20.411 P 25602 -49 67 -1425 -1425 0 0 356 16658
17:29:20.411 P 25603 -49 71 -1419 -1419 0 0 318 16706
17:29:20.411 P 25605 -47 72 -1412 -1412 0 0 342 16642
17:29:20.411 P 25607 -45 80 -1410 -1410 0 0 334 16722
17:29:20.411 P 25609 -43 79 -1413 -1413 0 0 342 16638
17:29:20.411 P 25611 -41 79 -1405 -1405 0 0 308 16660
17:29:20.411 P 25612 -40 78 -1401 -1401 0 0 284 16682
17:29:20.411 P 25614 -39 73 -1399 -1399 0 0 226 16664
17:29:20.411 P 25616 -37 82 -1391 -1391 0 0 170 16716
17:29:20.411 P 25617 -35 88 -1386 -1386 0 0 242 16760
17:29:20.411 P 25619 -33 94 -1379 -1379 0 0 244 16650
17:29:20.411 P 25621 -29 103 -1371 -1371 0 0 224 16692
17:29:20.411 P 25623 -25 111 -1362 -1362 0 0 198 16644
17:29:20.411 P 25625 -21 118 -1353 -1353 0 0 198 16700
17:29:20.411 P 25626 -19 122 -1349 -1349 0 0 128 16662
17:29:20.411 P 25628 -14 129 -1341 -1341 0 0 196 16730
17:29:20.411 P 25630 -8 136 -1332 -1332 0 0 112 16808
17:29:20.411 P 25632 -2 144 -1323 -1323 0 0 120 16692
17:29:20.411 P 25634 3 152 -1312 -1312 0 0 108 16734
17:29:20.411 P 25636 10 160 -1302 -1302 0 0 106 16660
17:29:20.411 P 25637 14 164 1304 1304 0 0 116 16666
17:29:20.411 P 25639 21 172 1315 1315 0 0 154 16690
17:29:20.411 P 25641 29 176 1325 1325 0 0 112 16624
17:29:20.411 P 25643 38 192 1341 1341 0 0 -40 16646
17:29:20.411 P 25645 47 198 1352 1352 0 0 20 16792
17:29:20.411 P 25647 57 208 1366 1366 0 0 -52 16662
17:29:20.411 P 25649 67 219 1381 1381 0 0 -64 16592
17:29:20.411 P 25651 78 227 1396 1396 0 0 -46 16750
17:29:20.411 P 25653 89 238 1420 1420 0 0 -62 16662
17:29:20.411 P 25655 101 249 1435 1435 0 0 -66 16668
17:29:20.411 P 25657 114 262 1451 1451 0 0 -94 16734
17:29:20.411 P 25659 128 274 1469 1469 0 0 -214 16616
17:29:20.411 P 25661 142 286 1487 1487 0 0 -172 16728
17:29:20.411 P 25663 157 301 1527 1527 0 1 -210 16726
17:29:20.411 P 25665 173 316 1562 1562 0 1 -200 16726
17:29:20.411 P 25667 190 334 1587 1587 0 1 -162 16698
17:29:20.411 P 25669 208 354 1624 1624 0 1 -220 16622
17:29:20.411 P 25671 227 297 1639 1639 1 1 -204 16732
17:29:20.411 P 25673 243 259 1655 1655 1 1 -2390 16526
17:29:20.411 P 25675 249 121 1626 1626 2 1 -804 16720
17:29:20.411 P 25677 248 -81 1561 1561 2 3 -868 16756
17:29:20.411 P 25679 236 -166 1522 1522 1 2 -1210 16452
17:29:20.411 P 25681 222 -145 1538 1538 2 2 -40 16680
17:29:20.411 P 25683 212 -145 1532 1532 1 1 -640 16840
17:29:20.411 P 25685 201 -114 1561 1561 3 2 -644 16502
17:29:20.411 P 25687 190 -141 1536 1536 2 1 134 16640
17:29:20.411 P 25689 183 -82 1566 1566 2 2 -1404 16706
17:29:20.411 P 25691 170 -154 1527 1527 1 3 536 16616
17:29:20.411 P 25693 162 -97 1541 1541 1 2 -774 16616
17:29:20.411 P 25695 151 -134 1529 1529 2 2 -174 16734
17:29:20.411 P 25697 142 -110 1535 1535 2 2 -280 16750
17:29:20.411 P 25699 133 -110 1531 1531 2 3 -762 16484
17:29:20.411 P 25701 123 -98 1520 1520 1 2 -120 16830
17:29:20.411 P 25703 116 -101 1515 1515 1 2 -776 16678
17:29:20.411 P 25705 106 -100 1501 1501 2 1 42 16712
17:29:20.411 P 25707 100 -90 1514 1514 2 1 -1010 16662
17:29:20.411 P 25709 89 -111 1486 1486 1 2 214 16852
17:29:20.411 P 25711 83 -96 1482 1482 1 1 -438 16738
17:29:20.411 P 25713 75 -63 1499 1499 2 2 -694 16512
17:29:20.411 P 25715 68 -88 1478 1478 1 3 -152 16654
17:29:20.411 P 25716 65 -58 1488 1488 2 1 -166 16668
17:29:20.411 P 25718 59 -58 1471 1471 1 1 -324 16718
17:29:20.411 P 25720 54 -53 1478 1478 1 2 -180 16608
17:29:20.411 P 25722 49 -38 1483 1483 2 2 -186 16536
17:29:20.411 P 25724 44 -65 1456 1456 1 2 -462 16620
17:29:20.411 P 25726 39 2 1476 1476 1 1 78 16608
17:29:20.411 P 25728 36 -53 1444 1444 1 2 134 16888
17:29:20.411 P 25730 33 3 1465 1465 1 1 -586 16706
17:29:20.411 P 25732 29 -6 1446 1446 1 1 486 16620
17:29:20.411 P 25734 30 25 1464 1464 0 2 -600 16702
17:29:20.411 P 25735 28 9 1451 1451 1 1 268 16750
17:29:20.411 P 25737 28 26 1463 1463 1 2 -552 16678
17:29:20.411 P 25739 26 7 1445 1445 1 1 -108 16668
17:29:20.411 P 25741 25 25 1441 1441 1 1 70 16858
17:29:20.411 P 25743 25 45 1450 1450 1 1 -428 16814
17:29:20.411 P 25745 26 46 1440 1440 0 0 -300 16708
17:29:20.411 P 25747 26 30 1446 1446 1 2 -252 16756
17:29:20.411 P 25748 26 40 1451 1451 1 1 134 16734
17:29:20.411 P 25750 28 82 1455 1455 0 1 -454 16760
17:29:20.411 P 25752 30 72 1450 1450 1 1 -154 16716
17:29:20.411 P 25754 34 72 1462 1462 2 1 -740 16654
17:29:20.411 P 25756 35 52 1449 1449 1 1 -190 16720
17:29:20.411 P 25758 35 42 1433 1433 1 0 -72 16604
17:29:20.411 P 25760 37 76 1443 1443 0 1 -370 16598
17:29:20.411 P 25762 40 67 1453 1453 1 1 -300 16788
17:29:20.411 P 25764 42 89 1449 1449 0 1 8 16690
17:29:20.411 P 25765 44 103 1444 1444 0 0 174 16622
17:29:20.411 P 25767 49 128 1471 1471 0 1 -534 16656
17:29:20.411 P 25769 54 115 1458 1458 0 1 -140 16706
17:29:20.411 P 25771 59 104 1459 1459 1 1 -444 16630
17:29:20.411 P 25773 63 98 1452 1452 0 1 -342 16748
17:29:20.411 P 25775 66 79 1449 1449 1 0 -220 16764
17:29:20.411 P 25777 69 95 1460 1460 0 0 -440 16686
17:29:20.411 P 25779 72 93 1446 1446 0 0 -148 16730
17:29:22.299 P 25781 76 108 1464 1464 1 0 -250 16684
17:29:22.299 P 25782 79 116 1463 1463 0 0 -116 16728
17:29:22.299 P 25784 84 137 1478 1478 0 1 -370 16730
17:29:22.299 P 25786 91 142 1475 1475 0 0 -366 16652
17:29:22.299 P 25788 98 145 1484 1484 0 0 -498 16760
17:29:22.299 P 25790 104 137 1479 1479 0 0 -508 16714
17:29:22.299 P 25792 110 118 1478 1478 0 0 -552 16748
17:29:22.299 P 25794 114 97 1476 1476 0 1 -694 16752
17:29:22.299 P 25796 117 72 1469 1469 0 1 -322 16842
17:29:22.299 P 25798 119 80 1478 1478 0 1 -362 16742
17:29:22.299 P 25799 120 79 1473 1473 0 0 -368 16672
17:29:22.299 P 25801 123 97 1488 1488 0 1 -280 16652
17:29:22.299 P 25803 127 104 1487 1487 0 0 -316 16646
17:29:22.299 P 25805 131 113 1489 1489 0 0 -450 16680
17:29:22.299 P 25807 136 110 1498 1498 0 1 -454 16670
17:29:22.299 P 25809 140 102 1493 1493 0 0 -528 16696
17:29:22.299 P 25811 144 96 1490 1490 0 0 -532 16702
17:29:22.299 P 25813 147 88 1495 1495 0 0 -500 16638
17:29:22.299 P 25815 150 80 1498 1498 0 0 -572 16572
17:29:22.299 P 25817 152 66 1497 1497 0 0 -544 16642
17:29:22.299 P 25819 154 61 1489 1489 0 0 -648 16636
17:29:22.299 P 25820 154 54 1494 1494 0 1 -556 16682
17:29:22.299 P 25822 155 57 1489 1489 0 0 -412 16624
17:29:22.299 P 25824 156 59 1495 1495 0 0 -402 16536
17:29:22.299 P 25826 157 71 1505 1505 0 0 -276 16780
17:29:22.299 P 25828 160 78 1505 1505 0 0 -436 16746
17:29:22.299 P 25830 162 93 1517 1517 0 0 -374 16678
17:29:22.299 P 25831 164 98 1519 1519 0 0 -484 16776
17:29:22.299 P 25833 168 101 1519 1519 0 0 -396 16648
17:29:22.299 P 25835 171 103 1520 1520 0 0 -458 16658
17:29:22.299 P 25837 175 102 1521 1521 0 0 -486 16670
17:29:22.299 P 25839 179 98 1531 1531 1 0 -502 16626
17:29:22.299 P 25840 180 97 1530 1530 0 0 -520 16604
17:29:22.299 P 25842 184 93 1528 1528 0 0 -556 16570
17:29:22.299 P 25844 187 80 1530 1530 0 0 -558 16588
17:29:22.299 P 25846 189 70 1532 1532 0 0 -674 16676
17:29:22.299 P 25848 190 54 1530 1530 1 0 -616 16624
17:29:22.299 P 25849 190 47 1524 1524 0 0 -584 16640
17:29:22.299 P 25851 190 39 1522 1522 0 0 -678 16650
17:29:22.299 P 25853 189 9 1528 1528 1 0 -688 16662
17:29:22.299 P 25855 186 -23 1506 1506 0 0 -776 16640
17:29:22.299 P 25857 182 -28 1508 1508 1 0 -554 16456
17:29:22.299 P 25858 181 -19 1513 1513 0 1 -496 16610
17:29:22.299 P 25860 177 -32 1518 1518 1 1 -736 16694
17:29:22.299 P 25862 172 -55 1505 1505 1 1 -752 16608
17:29:22.299 P 25864 165 -69 1493 1493 1 1 -324 16676
17:29:22.299 P 25866 159 -56 1495 1495 1 1 -322 16722
17:29:22.299 P 25868 154 -38 1498 1498 0 1 -492 16668
17:29:22.299 P 25870 150 -29 1490 1490 1 0 -638 16652
17:29:22.299 P 25872 146 -38 1474 1474 0 0 -608 16774
17:29:22.299 P 25873 144 -43 1472 1472 0 1 -434 16798
17:29:22.299 P 25875 140 -37 1474 1474 0 0 -606 16658
17:29:22.299 P 25877 135 -40 1461 1461 0 0 -484 16678
17:29:22.299 P 25879 131 -46 1450 1450 0 0 -712 16640
17:29:22.299 P 25881 125 -40 1463 1463 0 1 -176 16730
17:29:22.299 P 25882 123 -23 1461 1461 0 0 -490 16732
17:29:22.299 P 25884 119 -27 1458 1458 0 0 -328 16720
17:29:22.299 P 25886 116 -20 1455 1455 0 1 -608 16754
17:29:22.299 P 25888 112 -48 1434 1434 0 1 -720 16702
17:29:22.299 P 25889 109 -60 1430 1430 0 1 -538 16668
17:29:22.299 P 25891 102 -68 1417 1417 0 1 -298 16710
17:29:22.299 P 25893 96 -58 1413 1413 1 0 -30 16756
17:29:22.299 P 25895 91 -32 1410 1410 0 0 -90 16574
17:29:22.299 P 25896 89 -21 1409 1409 0 0 -76 16742
17:29:22.299 P 25898 86 -2 1409 1409 0 0 -624 16596
17:29:22.299 P 25900 84 -18 1394 1394 0 0 -414 16670
17:29:22.299 P 25902 80 -18 1395 1395 0 0 -406 16698
17:29:22.299 P 25904 78 -13 1391 1391 0 0 -382 16558
17:29:22.299 P 25905 76 -10 1389 1389 0 0 -446 16698
17:29:22.299 P 25907 73 -21 1378 1378 0 0 -340 16658
17:29:22.299 P 25909 69 -28 1369 1369 0 0 -388 16578
17:29:22.299 P 25911 65 -38 1359 1359 0 0 -270 16718
17:29:22.299 P 25913 61 -46 1350 1350 0 0 -374 16612
17:29:22.299 P 25914 58 -50 1345 1345 0 0 -380 16704
17:29:22.299 P 25916 53 -58 1336 1336 0 0 -296 16706
17:29:22.299 P 25918 46 -70 1323 1323 0 0 -226 16660
17:29:22.299 P 25920 40 -78 1313 1313 0 0 -284 16708
17:29:22.299 P 25922 32 -89 1301 1301 0 0 -258 16746
17:29:22.299 P 25924 25 -96 -1309 -1309 0 0 -314 16688
17:29:22.299 P 25925 21 -102 -1316 -1316 0 0 -298 16662
17:29:22.299 P 25927 12 -106 -1327 -1327 0 0 -204 16780
17:29:22.299 P 25929 3 -121 -1360 -1360 0 -1 -200 16738
17:29:22.299 P 25931 -6 -138 -1383 -1383 0 -1 -216 16766
17:29:22.299 P 25933 -17 -141 -1388 -1388 0 0 -162 16586
17:29:22.299 P 25935 -28 -158 -1411 -1411 0 0 -166 16688
17:29:22.299 P 25936 -34 -164 -1416 -1416 0 0 -98 16776
17:29:22.299 P 25938 -46 -171 -1426 -1426 0 0 -94 16644
17:29:22.299 P 25940 -59 -185 -1443 -1443 0 0 -6 16658
17:29:22.299 P 25942 -73 -196 -1460 -1460 0 0 -32 16732
17:29:22.299 P 25944 -87 -210 -1478 -1478 0 0 0 16606
17:29:22.299 P 25945 -95 -219 -1489 -1489 0 0 48 16610
17:29:22.299 P 25947 -110 -233 -1510 -1510 0 0 62 16626
17:29:22.299 P 25949 -127 -249 -1533 -1533 0 0 100 16690
17:29:22.299 P 25951 -144 -264 -1556 -1556 0 0 118 16572
17:29:22.299 P 25952 -154 -272 -1578 -1578 -1 0 122 16608
17:29:22.299 P 25954 -172 -291 -1622 -1622 -1 -1 126 16534
17:29:22.299 P 25956 -193 -316 -1664 -1664 -1 0 84 16600
17:29:22.299 P 25958 -215 -303 -1697 -1697 -1 -1 1704 16814
17:29:22.299 P 25959 -224 -204 -1679 -1679 -2 -1 1962 16958
17:29:22.299 P 25961 -231 3 -1630 -1630 -2 -2 1824 17058
17:29:22.299 P 25963 -224 205 -1557 -1557 -3 -1 444 16772
17:29:22.299 P 25965 -212 231 -1546 -1546 -2 -1 488 16782
17:29:22.299 P 25967 -199 240 -1556 -1556 -2 -1 310 16638
17:29:22.299 P 25968 -193 215 -1573 -1573 -2 -2 58 16614
17:29:22.299 P 25970 -183 213 -1582 -1582 -2 -2 782 16652
17:29:22.299 P 25972 -170 254 -1555 -1555 -2 -1 -34 16776
17:29:22.299 P 25974 -158 243 -1559 -1559 -2 -1 740 16786
17:29:22.299 P 25976 -145 246 -1555 -1555 -3 -1 172 16722
17:29:22.299 P 25978 -132 259 -1546 -1546 -3 -1 664 16608
17:29:22.299 P 25979 -125 266 -1539 -1539 -1 -3 -248 16890
17:29:22.299 P 25981 -113 242 -1543 -1543 -1 -2 630 16758
17:29:22.299 P 25983 -99 272 -1519 -1519 -1 -2 -316 16482
17:29:22.299 P 25985 -87 243 -1524 -1524 -1 -1 676 16604
17:29:22.299 P 25987 -73 267 -1511 -1511 -1 -2 598 16770
17:29:22.299 P 25989 -58 273 -1494 -1494 -1 -2 -152 16586
17:29:22.299 P 25990 -52 245 -1504 -1504 -2 -2 422 16760
17:29:22.299 P 25992 -40 257 -1489 -1489 -2 -2 140 16534
17:29:22.299 P 25994 -27 243 -1495 -1495 -2 -3 128 16682
17:29:22.299 P 25996 -15 253 -1461 -1461 -2 -2 -236 16506
17:29:22.299 P 25998 -4 206 -1470 -1470 -1 -2 302 16822
17:29:22.299 P 26000 5 213 -1464 -1464 -2 -2 -110 16766
17:29:22.299 P 26001 10 206 -1455 -1455 -2 -1 8 16704
17:29:22.299 P 26003 18 172 -1453 -1453 -1 -1 948 16796
17:29:22.299 P 26005 29 214 -1424 -1424 -1 -2 -1078 16576
17:29:22.299 P 26007 35 156 -1442 -1442 -2 -2 674 16722
17:29:22.299 P 26009 43 152 -1441 -1441 -1 -3 -396 16672
17:29:22.299 P 26011 48 133 -1422 -1422 -1 -1 460 16882
17:29:22.299 P 26013 55 149 -1409 -1409 -1 -1 -714 16668
17:29:22.299 P 26015 59 124 -1418 -1418 -1 -2 390 16544
17:29:22.299 P 26017 64 105 -1425 -1425 -1 -2 100 16770
17:29:22.299 P 26019 67 96 -1401 -1401 0 -1 -376 16698
17:29:22.299 P 26020 68 89 -1418 -1418 -2 -2 152 16684
17:29:22.299 P 26022 71 90 -1393 -1393 0 -1 -68 16582
17:29:22.299 P 26024 63 130 -1384 -1384 -1 -1 11342 18352
17:29:22.299 P 26026 86 935 1628 1628 -1 -2 7740 16246
17:29:22.299 P 26028 155 1480 1969 1969 -1 -1 3168 16704
17:29:22.299 P 26030 227 1240 1980 1980 1 1 2416 16396
17:29:22.299 P 26032 264 922 1950 1950 3 2 8406 16536
17:29:22.299 P 26034 307 1116 2172 2172 3 2 9760 17200
17:29:22.299 P 26036 366 1427 2496 2496 4 5 8356 17792
17:29:22.299 P 26038 437 1521 2769 2769 7 6 7306 17362
17:29:22.299 P 26040 502 1369 2800 2800 10 9 7574 16854
17:29:22.299 P 26042 550 1164 2800 2800 13 11 9896 17950
17:29:22.299 P 26044 590 1114 2800 2800 15 14 12802 19172
17:29:22.299 P 26046 639 1344 2800 2800 17 16 13364 20180
17:29:22.299 P 26048 699 1544 2800 2800 19 16 13552 17222
17:29:22.299 P 26050 783 1958 2800 2800 20 18 8526 16574
17:29:22.299 P 26052 885 2094 2800 2800 22 19 5138 19480
17:29:22.299 P 26054 999 2050 2800 2800 23 20 1408 18688
17:29:22.299 P 26056 1110 1944 2800 2800 24 23 -2544 17190
17:29:22.299 P 26057 1165 1848 2800 2800 25 23 -4048 16806
17:29:22.299 P 26059 1263 1529 2800 2800 26 24 -3934 13610
17:29:22.299 P 26061 1341 1309 2800 2800 27 25 -4200 16456
17:29:22.299 P 26063 1407 1068 2800 2800 27 26 -4586 16854
17:29:22.299 P 26065 1459 898 2800 2800 28 27 -3792 19242
17:29:22.299 P 26067 1509 864 2800 2800 28 27 -6476 18830
17:29:22.299 P 26069 1543 587 2800 2800 28 27 -3068 15624
17:29:22.299 P 26071 1575 660 2800 2800 30 29 -3638 13046
17:29:22.299 P 26073 1604 570 2800 2800 30 29 -3204 19452
17:29:22.299 P 26075 1641 736 0 0 30 30 -6814 19464
17:29:22.299 P 26077 1667 478 0 0 29 28 -650 6916
17:29:22.299 P 26079 1693 723 0 0 29 28 -548 14588
17:29:22.299 P 26081 1746 1302 0 0 29 28 606 19008
17:29:22.299 P 26083 1847 1958 0 0 28 28 -3896 18384
17:29:22.299 P 26084 1906 2067 0 0 28 27 -2834 12620
17:29:22.299 P 26086 2020 2162 0 0 26 27 -408 11760
17:29:22.299 P 26088 2158 2589 0 0 27 27 -1884 13202
17:29:22.299 P 26090 2323 3080 0 0 26 27 -1948 15582
17:29:22.299 P 26092 2520 3524 0 0 25 26 -3572 14470
17:29:22.299 P 26094 2736 3880 0 0 25 25 -1234 12894
17:29:22.299 P 26096 2977 4314 0 0 26 25 -2530 10614
17:29:22.299 P 26098 3243 4796 0 0 25 24 -2016 11576
17:29:22.299 P 26100 3544 5277 0 0 24 23 -2828 9400
17:29:22.299 P 26102 3872 5809 0 0 23 22 -1734 8032
17:29:22.299 P 26104 4236 6329 0 0 24 23 -1954 3406
17:29:22.299 P 26106 4620 6819 0 0 22 23 -610 3320
17:29:22.299 P 26108 5047 7610 0 0 23 23 -1496 3286
17:29:22.299 P 26110 5542 8462 0 0 21 22 -1754 1294
17:29:22.299 P 26112 6141 9230 0 0 22 21 -2664 -2380
17:29:22.299 P 26114 6685 9896 0 0 21 21 2302 -7476
17:29:22.299 P 26116 7304 10484 0 0 22 20 -32768 10460
17:29:22.299 P 26118 7761 10370 0 0 20 20 1466 -5774
17:29:22.299 P 26120 8241 9705 0 0 18 20 -32768 -32768
17:29:22.299 P 26122 8257 763 0 0 20 20 23450 -3982
17:29:22.299 P 26124 8222 -164 0 0 19 19 1262 2920
17:29:22.299 P 26126 8200 -276 0 0 18 19 -2078 1110
17:29:22.299 P 26128 8193 -420 0 0 19 19 -1386 -996
17:29:22.299 P 26130 8020 -2551 0 0 18 19 -13070 3826
17:29:22.299 P 26132 7797 -2521 0 0 18 18 -10024 -1370
17:29:22.299 P 26134 7642 -2932 0 0 17 17 -2954 -2310
17:29:22.299 P 26136 7486 -2938 0 0 17 17 -4056 -1818
17:29:22.299 P 26138 7316 -3096 0 0 16 19 -6050 -1482
17:29:24.005 P 26139 7225 -3188 0 0 18 17 -10884 -1306
17:29:24.005 P 26141 6896 -3951 0 0 17 18 12994 7382
17:29:24.005 P 26143 6685 -4133 0 0 16 17 -9134 -1532
17:29:24.005 P 26145 6471 -3117 0 0 17 17 -5454 -7184
17:29:24.005 P 26147 6247 -1392 0 0 17 17 32767 3338
17:29:24.005 P 26149 6375 2361 0 0 16 17 -6044 7732
17:29:24.005 P 26151 6570 2799 0 0 17 17 -8966 -3226
17:29:24.005 P 26153 6592 1953 0 0 16 17 11890 -6420
17:29:24.005 P 26155 6698 1087 0 0 15 17 -23544 -2482
17:29:24.005 P 26157 6705 -494 0 0 14 17 -23898 -3180
17:29:24.005 P 26159 6611 -2301 0 0 15 16 -14574 -3236
17:29:24.005 P 26161 6513 -1421 0 0 14 16 -23400 10254
17:29:24.005 P 26163 6517 4 0 0 14 15 -19720 -2608
17:29:24.005 P 26165 6485 -1089 0 0 15 15 -18270 -1408
17:29:24.005 P 26167 6398 -1706 0 0 14 14 -17488 -932
17:29:24.005 P 26169 6338 -1002 0 0 15 14 -19350 -158
17:29:24.005 P 26171 6282 -1340 0 0 15 13 -24546 -1096
17:29:24.005 P 26174 6104 -2462 0 0 13 14 -21232 276
17:29:24.005 P 26176 5968 -2299 0 0 13 14 -14376 1862
17:29:24.005 P 26178 5853 -2133 0 0 14 13 -19972 426
17:29:24.005 P 26180 5712 -2684 0 0 13 13 -23464 2144
17:29:24.005 P 26182 5549 -2966 0 0 13 13 -19992 1926
17:29:24.005 P 26184 5372 -3163 0 0 12 12 -13942 2708
17:29:24.005 P 26186 5191 -3007 0 0 12 12 -10494 4506
17:29:24.005 P 26188 5028 -2640 0 0 12 11 -13586 6872
17:29:24.005 P 26190 4856 -2668 0 0 10 11 -8798 12780
17:29:24.005 P 26192 4702 -2318 0 0 11 10 -10224 9882
17:29:24.005 P 26194 4564 -2060 0 0 11 11 -6430 6688
17:29:24.005 P 26196 4452 -1692 0 0 11 10 -8274 8464
17:29:24.005 P 26198 4361 -1324 0 0 10 10 -10888 10998
17:29:24.005 P 26201 4255 -974 0 0 8 9 -11040 9010
17:29:24.005 P 26203 4207 -825 0 0 8 9 -12826 8362
17:29:24.005 P 26205 4165 -802 0 0 8 9 -14966 8704
17:29:24.005 P 26207 4121 -852 0 0 8 8 -13644 8722
17:29:24.005 P 26209 4076 -958 0 0 7 8 -19550 8968
17:29:24.005 P 26211 4015 -1173 0 0 8 8 -16234 9076
17:29:24.005 P 26214 3910 -1497 0 0 7 7 -14572 7774
17:29:24.005 P 26216 3821 -1556 0 0 6 7 -14278 9848
17:29:24.005 P 26218 3735 -1528 0 0 7 6 -12352 9174
17:29:24.005 P 26220 3651 -1424 0 0 7 6 -11264 9142
17:29:24.005 P 26222 3568 -1455 0 0 6 6 -11426 10624
17:29:24.005 P 26224 3486 -1326 0 0 5 5 -12370 12036
17:29:24.005 P 26227 3371 -1344 0 0 4 4 -13136 10842
17:29:24.005 P 26229 3297 -1389 0 0 5 5 -13064 9926
17:29:24.005 P 26231 3214 -1441 0 0 3 4 -11004 12084
17:29:24.005 P 26233 3124 -1269 0 0 4 4 -5510 13536
17:29:24.005 P 26235 3054 -995 0 0 4 4 -6528 12500
17:29:24.005 P 26237 3005 -794 0 0 3 3 -10460 11422
17:29:24.005 P 26239 2961 -800 0 0 3 4 -11438 12206
17:29:24.005 P 26242 2903 -661 0 0 3 3 -10156 11048
17:29:24.005 P 26244 2866 -590 0 0 2 3 -9360 12356
17:29:24.005 P 26246 2837 -487 0 0 2 2 -10750 14944
17:29:24.005 P 26248 2812 -493 0 0 0 2 -12668 12100
17:29:24.005 P 26250 2790 -564 0 0 1 2 -13872 11478
17:29:24.005 P 26252 2757 -665 0 0 0 1 -11118 13228
17:29:24.005 P 26254 2720 -609 0 0 -1 0 -8310 11910
17:29:24.005 P 26256 2686 -520 0 0 0 1 -7400 12130
17:29:24.005 P 26258 2659 -376 0 0 -1 0 -7992 13762
17:29:24.005 P 26260 2641 -255 0 0 0 0 -8958 14630
17:29:24.005 P 26262 2627 -218 0 0 0 0 -8748 14292
17:29:24.005 P 26264 2615 -183 0 0 0 -1 -9130 13936
17:29:24.005 P 26266 2604 -183 0 0 -1 0 -8884 14044
17:29:24.005 P 26268 2595 -208 0 0 -1 -1 -10216 13232
17:29:24.005 P 26270 2585 -252 0 0 0 0 -10966 13214
17:29:24.005 P 26272 2570 -357 0 0 0 0 -10936 13720
17:29:24.005 P 26273 2559 -401 0 0 -1 0 -10562 13676
17:29:24.005 P 26275 2535 -461 0 0 -2 0 -9480 13882
17:29:24.005 P 26277 2506 -496 0 0 -1 0 -9148 14044
17:29:24.005 P 26279 2476 -516 0 0 -1 0 -9218 14426
17:29:24.005 P 26281 2445 -552 0 0 -1 0 -8976 14008
17:29:24.005 P 26283 2414 -578 0 0 0 0 -10530 13972
17:29:24.005 P 26285 2381 -685 0 0 0 0 -12720 14330
17:29:24.005 P 26287 2340 -947 0 0 0 0 -14624 12864
17:29:24.005 P 26289 2277 -1261 0 0 0 0 -12086 13540
17:29:24.005 P 26291 2198 -1443 0 0 -1 0 -10284 14288
17:29:24.005 P 26293 2108 -1626 0 0 -1 0 -11552 14572
17:29:24.005 P 26295 1996 -2000 0 0 0 0 -7978 15814
17:29:24.005 P 26297 1874 -2076 0 0 0 0 -9664 14496
17:29:24.005 P 26299 1745 -2255 0 0 0 0 -8012 14152
17:29:24.005 P 26301 1613 -2205 0 0 0 0 -7776 13808
17:29:24.005 P 26304 1427 -2071 0 0 1 0 -6002 13876
17:29:24.005 P 26306 1302 -2040 0 0 0 0 -5158 14702
17:29:24.005 P 26308 1183 -1957 0 0 1 0 -5368 15282
17:29:24.005 P 26310 1068 -1838 0 0 1 0 -3694 15162
17:29:24.005 P 26312 965 -1574 0 0 2 0 -3238 15328
17:29:24.005 P 26314 882 -1308 0 0 0 0 -4660 15406
17:29:24.005 P 26316 814 -1151 0 0 2 0 -5410 15388
17:29:24.005 P 26318 752 -1082 0 0 0 0 -5988 15264
17:29:24.005 P 26321 662 -1091 0 0 1 0 -5896 16204
17:29:24.005 P 26323 600 -1098 0 0 1 0 -5090 16314
17:29:24.005 P 26325 536 -1089 0 0 1 0 -4332 16744
17:29:24.005 P 26327 473 -1043 0 0 1 0 -3648 17060
17:29:24.005 P 26329 415 -950 0 0 1 0 -3156 17138
17:29:24.005 P 26331 364 -798 0 0 1 0 -2834 17268
17:29:24.005 P 26333 325 -585 0 0 2 0 -2590 17570
17:29:24.005 P 26334 311 -464 0 0 0 0 -2590 17630
17:29:24.005 P 26336 294 -229 0 0 1 0 -2974 17870
17:29:24.005 P 26338 290 -49 0 0 1 0 -3398 17788
17:29:24.005 P 26340 294 47 0 0 0 0 -3844 17496
17:29:24.005 P 26341 298 59 0 0 0 0 -4266 17584
17:29:24.005 P 26343 304 -1 0 0 0 0 -5080 17738
17:29:24.005 P 26345 303 -160 0 0 1 0 -5270 17602
17:29:24.005 P 26347 289 -377 0 0 0 0 -5408 17288
17:29:24.005 P 26348 278 -486 0 0 0 0 -5370 17126
17:29:24.005 P 26350 245 -675 0 0 0 0 -4596 17320
17:29:24.005 P 26352 203 -777 0 0 0 0 -3982 17132
17:29:24.005 P 26354 157 -782 0 0 0 0 -2892 16956
17:29:24.005 P 26355 135 -753 0 0 0 0 -2046 16858
17:29:24.005 P 26357 94 -622 0 0 0 0 -1194 16924
17:29:24.005 P 26359 62 -461 0 0 0 0 -1114 16614
17:29:24.005 P 26360 50 -394 0 0 0 0 -1170 16362
17:29:24.005 P 26362 30 -297 0 0 0 0 -1292 16232
17:29:24.005 P 26364 15 -243 0 0 0 0 -1840 16342
17:29:24.005 P 26366 3 -239 0 0 0 0 -2458 16442
17:29:24.005 P 26367 -2 -249 0 0 0 0 -2746 16340
17:29:24.005 P 26369 -15 -293 0 0 0 0 -3018 15970
17:29:24.005 P 26371 -32 -359 0 0 0 0 -2968 15736
17:29:24.005 P 26373 -53 -426 0 0 0 0 -2474 15344
17:29:24.005 P 26374 -65 -442 0 0 0 0 -2186 15312
17:29:24.005 P 26376 -90 -429 0 0 0 0 -1632 15440
17:29:24.005 P 26378 -113 -390 0 0 0 0 -1280 15476
17:29:24.005 P 26379 -124 -366 0 0 0 0 -952 15496
17:29:24.005 P 26381 -143 -279 0 0 0 0 -510 15428
17:29:24.005 P 26383 -155 -147 0 0 0 0 -512 15366
17:29:24.005 P 26385 -157 17 0 0 0 0 -592 15380
17:29:24.005 P 26387 -148 185 0 0 0 0 -920 15546
17:29:24.005 P 26388 -140 254 0 0 0 0 -1394 15384
17:29:24.005 P 26390 -117 333 0 0 0 0 -2260 14884
17:29:24.005 P 26392 -92 342 0 0 0 0 -2646 14544
17:29:24.005 P 26394 -68 334 0 0 0 0 -2392 14652
17:29:24.005 P 26395 -56 335 0 0 0 0 -2122 14790
17:29:24.005 P 26397 -32 351 0 0 0 0 -2178 15018
17:29:24.005 P 26399 -8 356 0 0 0 0 -2170 15420
17:29:24.005 P 26401 15 366 0 0 0 0 -1438 15654
17:29:24.005 P 26402 26 385 0 0 0 0 -1122 15796
17:29:24.005 P 26404 52 440 0 0 0 0 -1150 15518
17:29:24.005 P 26406 80 474 0 0 0 0 -1270 15132
17:29:24.005 P 26408 110 477 0 0 0 0 -1738 15294
17:29:24.005 P 26410 139 439 0 0 0 0 -2376 15284
17:29:24.005 P 26411 153 408 0 0 0 0 -2624 15344
17:29:24.005 P 26413 177 318 0 0 0 0 -2956 15454
17:29:24.005 P 26415 194 211 0 0 0 0 -2644 15744
17:29:24.005 P 26417 204 141 0 0 1 0 -1688 15966
17:29:24.005 P 26418 207 129 0 0 0 0 -1110 16074
17:29:24.005 P 26420 213 158 0 0 0 0 -318 16486
17:29:24.005 P 26422 222 221 0 0 0 0 -402 16376
17:29:24.005 P 26424 236 264 0 0 0 0 -1292 15850
17:29:24.005 P 26425 244 270 0 0 0 0 -1580 15696
17:29:24.005 P 26427 261 270 0 0 0 0 -2192 15610
17:29:24.005 P 26429 278 254 0 0 0 0 -2288 15550
17:29:24.005 P 26431 293 257 0 0 0 0 -1754 16106
17:29:24.005 P 26433 308 274 0 0 0 0 -1350 16918
17:29:24.005 P 26434 315 275 0 0 0 0 -1246 17120
17:29:24.005 P 26436 330 247 0 0 1 0 -2046 17420
17:29:24.005 P 26438 341 111 0 0 0 0 -3512 16888
17:29:24.005 P 26440 342 -146 0 0 0 0 -4584 16218
17:29:24.005 P 26442 326 -442 0 0 0 0 -4746 15640
17:29:24.005 P 26443 311 -570 0 0 0 0 -4202 15646
17:29:24.005 P 26445 271 -714 0 0 0 0 -2220 16610
17:29:24.005 P 26446 248 -714 0 0 0 0 -970 17344
17:29:24.005 P 26448 205 -596 0 0 0 0 664 17972
17:29:24.005 P 26450 171 -415 0 0 0 0 520 17492
17:29:24.005 P 26451 159 -340 0 0 0 0 160 16990
17:29:24.005 P 26453 139 -252 0 0 0 0 -4 17256
17:29:24.005 P 26455 121 -242 0 0 0 0 -334 17504
17:29:24.005 P 26456 113 -256 0 0 0 0 -782 17308
17:29:24.005 P 26458 94 -313 0 0 0 0 -1492 16954
17:29:24.005 P 26460 72 -395 0 0 0 0 -1200 17004
17:29:24.005 P 26462 43 -433 0 0 0 0 380 17292
17:29:24.005 P 26463 27 -423 0 0 0 0 908 17254
17:29:24.005 P 26465 -1 -354 0 0 0 0 1638 17086
17:29:24.005 P 26467 -24 -276 0 0 0 0 1436 17148
17:29:24.005 P 26468 -34 -251 0 0 0 0 1008 16912
17:29:24.005 P 26470 -55 -239 0 0 0 0 1570 16820
17:29:24.005 P 26472 -73 -190 0 0 0 0 1650 16182
17:29:24.005 P 26473 -81 -159 0 0 0 0 1346 16072
17:29:24.005 P 26475 -92 -89 0 0 0 0 1158 16002
17:29:24.005 P 26477 -99 16 0 0 0 0 1676 15920
17:29:24.005 P 26478 -99 85 0 0 0 0 1984 15976
17:29:24.005 P 26480 -96 237 0 0 0 0 2990 16388
17:29:24.005 P 26482 -84 390 0 0 0 0 3370 16484
17:29:24.005 P 26484 -64 495 0 0 0 0 2620 16108
17:29:24.005 P 26485 -52 514 0 0 0 0 2240 16060
17:29:24.005 P 26487 -28 512 0 0 0 0 1956 16006
17:29:24.005 P 26488 -17 494 0 0 0 0 1952 15988
17:29:24.005 P 26490 4 463 0 0 0 0 1960 15958
17:29:24.005 P 26492 23 436 0 0 0 0 1878 15658
17:29:24.005 P 26493 35 418 0 0 0 0 -820 16322
17:29:24.005 P 26495 36 -718 0 0 0 0 -6402 19926
17:29:24.005 P 26497 -67 -1270 0 0 0 -1 13022 18628
17:29:24.005 P 26499 -137 -733 0 0 0 0 5846 15914
17:29:24.005 P 26501 -179 -742 0 0 0 -1 -4676 24180
17:29:24.005 P 26502 -210 -1405 0 0 0 -2 -16314 21382
17:29:24.005 P 26504 -397 -3123 0 0 0 -1 12076 21280
17:29:24.005 P 26506 -589 -2445 0 0 0 -2 12782 10228
17:29:24.005 P 26508 -715 -1329 0 0 0 -2 11392 13920
17:29:24.005 P 26509 -748 -934 0 0 0 -1 5426 16918
17:29:24.005 P 26511 -817 -989 0 0 0 -1 10872 20310
17:29:24.005 P 26513 -878 -547 0 0 0 -1 8944 14788
17:29:24.005 P 26515 -914 -288 0 0 0 -2 7656 14460
17:29:24.005 P 26517 -931 -11 0 0 0 -1 6552 18774
17:29:24.005 P 26518 -933 97 0 0 0 -1 6846 19280
17:29:24.005 P 26520 -925 377 0 0 0 -1 6324 16398
17:29:24.005 P 26522 -901 622 0 0 0 -2 5316 15452
17:29:24.005 P 26524 -862 806 0 0 0 0 4492 17172
17:29:24.005 P 26525 -839 853 0 0 0 -2 3784 17384
17:29:24.005 P 26527 -792 924 0 0 0 -1 3854 16018
17:29:24.005 P 26529 -736 979 0 0 0 -1 2224 16210
17:29:24.005 P 26531 -680 1013 0 0 0 0 2922 17114
17:29:24.005 P 26532 -650 1065 0 0 0 -1 2510 17386
17:29:24.005 P 26534 -584 1134 0 0 0 -1 858 16348
17:29:25.761 P 26536 -516 1115 0 0 0 -1 138 16222
17:29:25.761 P 26538 -449 1065 0 0 0 0 -672 16914
17:29:25.761 P 26539 -417 1026 0 0 0 0 -762 16954
17:29:25.761 P 26541 -357 991 0 0 0 0 -158 16414
17:29:25.761 P 26542 -327 993 0 0 0 0 -238 16248
17:29:25.761 P 26544 -267 974 0 0 0 0 -560 16514
17:29:25.761 P 26546 -209 951 0 0 0 1 -910 16648
17:29:25.761 P 26547 -180 938 0 0 0 0 -876 16726
17:29:25.761 P 26549 -123 919 0 0 0 0 -1148 16632
17:29:25.761 P 26551 -68 886 0 0 0 0 -1532 16540
17:29:25.761 P 26552 -41 868 0 0 0 0 -1736 16626
17:29:25.761 P 26554 10 824 0 0 0 0 -2076 16654
17:29:25.761 P 26555 35 793 0 0 0 0 -2222 16518
17:29:25.761 P 26557 82 727 0 0 0 0 -2350 16412
17:29:25.761 P 26558 105 696 0 0 0 0 -2454 16430
17:29:25.761 P 26560 146 624 0 0 0 0 -2672 16636
17:29:25.761 P 26561 165 584 0 0 0 0 -2822 16714
17:29:25.761 P 26563 197 510 0 0 0 0 -1414 16792
17:29:25.761 P 26564 214 534 0 0 0 0 -2334 16554
17:29:25.761 P 26566 247 468 0 0 0 0 -3212 16402
17:29:25.761 P 26567 261 420 0 0 0 0 -3064 16588
17:29:25.761 P 26569 286 369 0 0 0 0 -2886 16590
17:29:25.761 P 26571 307 313 0 0 0 0 -2380 16434
17:29:25.761 P 26572 316 297 0 0 0 0 -2226 16626
17:29:25.761 P 26574 333 287 0 0 0 0 -1982 16596
17:29:25.761 P 26575 341 283 0 0 0 0 -1732 16736
17:29:25.761 P 26577 356 291 0 0 0 0 -1458 16654
17:29:25.761 P 26578 365 302 0 0 0 0 -1526 16630
17:29:25.761 P 26580 382 321 0 0 0 0 -1652 16568
17:29:25.761 P 26581 391 328 0 0 0 0 -1688 16624
17:29:25.761 P 26583 411 339 0 0 0 0 -2086 16558
17:29:25.761 P 26584 421 340 0 0 0 0 -2388 16538
17:29:25.761 P 26586 442 316 0 0 0 0 -3600 16548
17:29:25.761 P 26587 453 279 0 0 -1 0 -4470 16512
17:29:25.761 P 26589 469 159 0 0 0 0 -5058 16304
17:29:25.761 P 26590 475 92 0 0 0 0 -5280 16166
17:29:25.761 P 26592 479 -45 0 0 0 0 -4692 16426
17:29:25.761 P 26593 478 -106 0 0 0 0 -4438 16512
17:29:25.761 P 26595 468 -234 0 0 0 0 -3572 16672
17:29:25.761 P 26596 460 -282 0 0 0 0 -3118 16558
17:29:25.761 P 26598 441 -324 0 0 0 0 -2324 16480
17:29:25.761 P 26599 430 -333 0 0 0 0 -1998 16692
17:29:25.761 P 26601 408 -338 0 0 0 0 -1500 16748
17:29:25.761 P 26602 396 -331 0 0 0 0 -1118 16634
17:29:25.761 P 26604 375 -291 0 0 0 0 -932 16528
17:29:25.761 P 26606 355 -251 0 0 0 0 -782 16790
17:29:25.761 P 26607 347 -228 0 0 0 0 -772 16830
17:29:25.761 P 26609 332 -183 0 0 0 0 -832 16692
17:29:25.761 P 26610 325 -164 0 0 0 0 -880 16646
17:29:25.761 P 26611 319 -146 0 0 0 0 -854 16686
17:29:25.761 P 26613 309 -111 0 0 0 0 -940 16708
17:29:25.761 P 26614 305 -97 0 0 0 0 -964 16674
17:29:25.761 P 26616 298 -65 0 0 0 0 -1108 16718
17:29:25.761 P 26617 295 -52 0 0 0 0 -1036 16754
17:29:25.761 P 26619 291 -28 0 0 0 0 -1030 16814
17:29:25.761 P 26620 289 -15 0 0 0 0 -986 16670
17:29:25.761 P 26622 287 14 0 0 0 0 -980 16804
17:29:25.761 P 26624 287 39 0 0 0 0 -998 16732
17:29:25.761 P 26625 287 54 0 0 0 0 -1004 16716
17:29:25.761 P 26627 289 77 0 0 0 0 -1102 16682
17:29:25.761 P 26628 291 92 0 0 0 0 -1004 16678
17:29:25.761 P 26630 295 113 0 0 0 0 -1020 16782
17:29:25.761 P 26631 297 126 0 0 0 0 -1002 16712
17:29:25.761 P 26633 304 157 0 0 0 0 -896 16700
17:29:25.761 P 26634 307 176 0 0 0 0 -780 16788
17:29:25.761 P 26636 317 217 0 0 0 0 -666 16776
17:29:25.761 P 26637 322 240 0 0 0 0 -644 16658
17:29:25.761 P 26639 336 291 0 0 0 0 -688 16714
17:29:25.761 P 26640 344 316 0 0 0 0 -732 16702
17:29:25.761 P 26642 362 368 0 0 0 0 -806 16772
17:29:25.761 P 26643 372 391 0 0 0 0 -932 16678
17:29:25.761 P 26645 395 434 0 0 0 0 -1166 16628
17:29:25.761 P 26646 408 450 0 0 0 0 -1314 16610
17:29:25.761 P 26648 434 477 0 0 0 0 -1580 16586
17:29:25.761 P 26650 463 495 0 0 0 0 -1862 16388
17:29:25.761 P 26651 477 501 0 0 0 0 -1978 16636
17:29:25.761 P 26653 507 510 0 0 0 0 -2160 16512
17:29:25.761 P 26654 522 511 0 0 0 0 -2258 16520
17:29:25.761 P 26656 552 511 0 0 0 0 -2512 16508
17:29:25.761 P 26657 567 508 0 0 0 0 -2656 16564
17:29:25.761 P 26658 582 500 0 0 0 0 -2908 16444
17:29:25.761 P 26660 612 471 0 0 0 0 -3342 16482
17:29:25.761 P 26661 627 450 0 0 0 0 -3524 16408
17:29:25.761 P 26663 653 403 0 0 0 0 -3496 16286
17:29:25.761 P 26664 665 376 0 0 0 0 -3546 16424
17:29:25.761 P 26666 686 329 0 0 0 0 -3264 16520
17:29:25.761 P 26667 695 312 0 0 0 0 -3188 16526
17:29:25.761 P 26669 712 288 0 0 0 0 -2926 16528
17:29:25.761 P 26670 720 282 0 0 0 0 -2738 16386
17:29:25.761 P 26672 736 287 0 0 0 0 -2502 16480
17:29:25.761 P 26673 744 294 0 0 0 0 -2550 16550
17:29:25.761 P 26675 760 306 0 0 0 0 -2132 16524
17:29:25.761 P 26676 768 316 0 0 0 0 -1682 16618
17:29:25.761 P 26678 785 402 0 0 0 0 -638 16612
17:29:25.761 P 26679 795 479 0 0 0 0 -318 16720
17:29:25.761 P 26681 825 627 0 0 0 0 -916 16500
17:29:25.761 P 26682 843 681 0 0 0 0 -1502 16370
17:29:25.761 P 26683 864 727 0 0 0 0 -2320 16304
17:29:25.761 P 26685 908 696 0 0 0 0 -3618 16514
17:29:25.761 P 26686 927 667 0 0 0 0 -3202 16748
17:29:25.761 P 26688 966 683 0 0 0 0 -3282 16224
17:29:25.761 P 26689 986 681 0 0 0 0 -3650 16028
17:29:25.761 P 26691 1026 664 0 0 0 0 -3722 16198
17:29:25.761 P 26692 1047 676 0 0 0 0 -4698 16048
17:29:25.761 P 26694 1087 616 0 0 0 0 -5018 16876
17:29:25.761 P 26695 1105 568 0 0 0 0 -4456 16558
17:29:25.761 P 26697 1136 529 0 0 0 0 -3846 15746
17:29:25.761 P 26699 1164 484 0 0 0 0 -3238 16622
17:29:25.761 P 26700 1177 472 0 0 0 0 -3426 16914
17:29:25.761 P 26702 1201 407 0 0 0 0 -4334 16522
17:29:25.761 P 26704 1221 290 0 0 0 0 -4922 15818
17:29:25.761 P 26705 1228 220 0 0 0 0 -5034 16190
17:29:25.761 P 26707 1235 105 0 0 0 0 -4124 16696
17:29:25.761 P 26709 1243 400 0 0 1 0 -504 14722
17:29:25.761 P 26710 1265 688 0 0 0 1 -4496 13932
17:29:25.761 P 26712 1304 601 0 0 0 0 -3852 16930
17:29:25.761 P 26713 1321 599 0 0 0 0 -3912 17854
17:29:25.761 P 26715 1359 650 0 0 0 1 -4476 16080
17:29:25.761 P 26717 1393 616 0 0 1 0 -2712 15532
17:29:25.761 P 26718 1412 676 0 0 0 0 -3266 16004
17:29:25.761 P 26720 1452 717 0 0 0 0 -3564 16806
17:29:25.761 P 26721 1472 731 0 0 0 0 -3064 16602
17:29:25.761 P 26723 1515 807 0 0 1 0 -3564 15558
17:29:25.761 P 26725 1563 855 0 0 1 0 -4230 15840
17:29:25.761 P 26726 1588 863 0 0 0 0 -4858 16070
17:29:25.761 P 26728 1639 847 0 0 0 0 -5520 15872
17:29:25.761 P 26729 1665 842 0 0 1 0 -5964 15468
17:29:25.761 P 26731 1715 803 0 0 1 0 -6604 15494
17:29:25.761 P 26733 1764 744 0 0 2 0 -7592 15474
17:29:25.761 P 26734 1787 688 0 0 1 0 -7674 15628
17:29:25.761 P 26736 1824 567 0 0 1 0 -6902 15604
17:29:25.761 P 26737 1841 539 0 0 1 1 -6382 15364
17:29:25.761 P 26739 1872 551 0 0 1 0 -5528 15528
17:29:25.761 P 26741 1905 535 0 0 1 0 -7048 16496
17:29:25.761 P 26742 1920 510 0 0 1 0 -6034 15318
17:29:25.761 P 26744 1952 517 0 0 1 0 -6010 14218
17:29:25.761 P 26745 1966 507 0 0 1 0 -5214 14988
17:29:25.761 P 26747 1995 532 0 0 2 0 -6132 16712
17:29:25.761 P 26749 2027 515 0 0 1 0 -7950 15124
17:29:25.761 P 26750 2045 519 0 0 1 0 -8962 14188
17:29:25.761 P 26752 2074 370 0 0 2 0 -8350 14240
17:29:25.761 P 26753 2086 329 0 0 1 0 -9100 15360
17:29:25.761 P 26755 2105 243 0 0 1 0 -8964 15710
17:29:25.761 P 26756 2113 173 0 0 0 1 -9300 15020
17:29:25.761 P 26758 2121 8 0 0 0 0 -9202 14606
17:29:25.761 P 26760 2120 -96 0 0 0 0 -9008 14892
17:29:25.761 P 26761 2118 -145 0 0 1 0 -8704 14924
17:29:25.761 P 26763 2108 -233 0 0 1 0 -8474 14878
17:29:25.761 P 26764 2101 -263 0 0 1 0 -8234 14772
17:29:25.761 P 26766 2086 -296 0 0 1 0 -7728 14764
17:29:25.761 P 26768 2069 -331 0 0 0 0 -7924 15018
17:29:25.761 P 26769 2059 -370 0 0 0 0 -8122 15240
17:29:25.761 P 26771 2035 -452 0 0 0 0 -8166 15242
17:29:25.761 P 26772 2021 -486 0 0 0 0 -8148 15358
17:29:25.761 P 26774 1990 -570 0 0 0 0 -7816 15218
17:29:25.761 P 26775 1973 -595 0 0 0 0 -7730 15366
17:29:25.761 P 26777 1936 -649 0 0 -1 0 -7122 15228
17:29:25.761 P 26779 1896 -695 0 0 0 0 -6966 15272
17:29:25.761 P 26780 1874 -734 0 0 0 0 -7128 15516
17:29:25.761 P 26782 1826 -855 0 0 0 0 -7202 15988
17:29:25.761 P 26783 1798 -926 0 0 0 0 -6706 15730
17:29:25.761 P 26785 1739 -1054 0 0 0 0 -6958 15598
17:29:25.761 P 26786 1704 -1126 0 0 0 0 -6018 15944
17:29:25.761 P 26788 1631 -1165 0 0 0 0 -4936 15986
17:29:25.761 P 26790 1559 -1190 0 0 0 0 -4984 15406
17:29:25.761 P 26791 1522 -1191 0 0 0 0 -4950 15642
17:29:25.761 P 26793 1448 -1197 0 0 0 0 -4712 15992
17:29:25.761 P 26794 1411 -1206 0 0 0 0 -4430 15968
17:29:25.761 P 26796 1336 -1217 0 0 0 0 -4274 15904
17:29:25.761 P 26797 1297 -1228 0 0 0 0 -3972 16090
17:29:25.761 P 26799 1220 -1232 0 0 0 0 -3518 16242
17:29:25.761 P 26800 1181 -1229 0 0 0 0 -3530 16058
17:29:25.761 P 26802 1105 -1239 0 0 0 0 -3706 16052
17:29:25.761 P 26803 1067 -1244 0 0 0 0 -4054 16074
17:29:25.761 P 26805 990 -1286 0 0 0 0 -4308 16134
17:29:25.761 P 26806 951 -1317 0 0 0 0 -4452 16094
17:29:25.761 P 26808 869 -1395 0 0 0 0 -4352 16042
17:29:25.761 P 26809 826 -1434 0 0 0 0 -4178 15894
17:29:25.761 P 26811 737 -1506 0 0 0 0 -3782 15990
17:29:25.761 P 26812 691 -1540 0 0 0 0 -3370 16054
17:29:25.761 P 26814 595 -1588 0 0 0 0 -2674 16148
17:29:25.761 P 26815 545 -1610 0 0 0 0 -2260 16192
17:29:25.761 P 26817 445 -1636 0 0 0 0 -1674 16098
17:29:25.761 P 26818 394 -1641 0 0 0 0 -1552 16186
17:29:25.761 P 26820 292 -1651 0 0 0 0 -1086 16192
17:29:25.761 P 26821 241 -1658 0 0 0 0 -1068 16176
17:29:25.761 P 26823 138 -1665 0 0 0 0 -876 16356
17:29:25.761 P 26824 88 -1672 0 0 0 0 -1494 16192
17:29:25.761 P 26826 -15 -1737 0 0 0 0 -1502 16218
17:29:25.761 P 26827 -67 -1767 0 0 0 0 -1860 16124
17:29:25.761 P 26829 -177 -1871 0 0 0 0 -1618 16158
17:29:25.761 P 26830 -234 -1922 0 0 0 0 -1392 16072
17:29:25.761 P 26831 -293 -1972 0 0 0 0 -1254 15788
17:29:25.761 P 26833 -415 -2071 0 0 0 0 -594 15948
17:29:25.761 P 26834 -479 -2123 0 0 0 0 -194 15942
17:29:25.761 P 26836 -612 -2210 0 0 0 0 798 15854
17:29:25.761 P 26837 -681 -2235 0 0 0 0 1300 15600
17:29:25.761 P 26839 -820 -2260 0 0 0 0 2220 15662
17:29:25.761 P 26840 -890 -2261 0 0 0 0 2674 15718
17:29:25.761 P 26842 -1032 -2278 0 0 0 0 3188 15556
17:29:25.761 P 26843 -1103 -2299 0 0 0 0 3410 15426
17:29:25.761 P 26845 -1249 -2374 0 0 0 0 3476 15218
17:29:25.761 P 26846 -1325 -2436 0 0 0 0 3530 14624
17:29:25.761 P 26848 -1482 -2541 0 0 0 0 4132 14410
17:29:25.761 P 26850 -1642 -2612 0 0 0 0 4792 16154
17:29:25.761 P 26851 -1730 -2585 0 0 1 0 15408 16990
17:29:25.761 P 26853 -1865 -1851 0 0 0 0 7672 15604
17:29:25.761 P 26854 -1923 -1761 0 0 0 0 8674 14510
17:29:25.761 P 26856 -2037 -1605 0 0 0 0 10100 14762
17:29:25.761 P 26857 -2088 -1510 0 0 0 0 10610 15334
17:29:25.761 P 26859 -2180 -1231 0 0 0 0 11282 15570
17:29:25.761 P 26860 -2219 -1095 0 0 0 0 10848 14870
17:29:25.761 P 26862 -2287 -874 0 0 0 0 10826 14588
17:29:25.761 P 26864 -2339 -653 0 0 0 0 9766 15254
17:29:25.761 P 26865 -2361 -575 0 0 0 0 9560 15498
17:29:25.761 P 26867 -2395 -427 0 0 0 0 8236 15156
17:29:27.612 P 26868 -2409 -379 0 0 0 0 7866 15138
17:29:27.612 P 26870 -2432 -317 0 0 0 0 7214 15378
17:29:27.612 P 26871 -2443 -303 0 0 0 0 6852 15442
17:29:27.612 P 26873 -2462 -291 0 0 0 0 6634 15410
17:29:27.612 P 26874 -2472 -294 0 0 0 0 6560 15168
17:29:27.612 P 26876 -2492 -293 0 0 0 0 7308 15032
17:29:27.612 P 26877 -2503 -276 0 0 0 0 7800 15060
17:29:27.612 P 26879 -2522 -206 0 0 0 1 9054 15146
17:29:27.612 P 26881 -2538 -101 0 0 0 0 10082 15010
17:29:27.612 P 26882 -2543 -31 0 0 0 0 10416 15026
17:29:27.612 P 26884 -2546 145 0 0 0 0 10988 15008
17:29:27.612 P 26885 -2543 245 0 0 0 1 10962 14920
17:29:27.612 P 26887 -2529 457 0 0 0 0 11010 14922
17:29:27.612 P 26888 -2516 571 0 0 0 1 10898 15052
17:29:27.612 P 26890 -2480 781 0 0 0 0 10054 15058
17:29:27.612 P 26892 -2432 961 0 0 0 0 8940 15250
17:29:27.612 P 26893 -2403 1029 0 0 0 0 8140 15236
17:29:27.612 P 26895 -2341 1117 0 0 0 0 7834 15082
17:29:27.612 P 26897 -2275 1195 0 0 0 0 7742 15114
17:29:27.612 P 26898 -2240 1229 0 0 0 0 7754 15186
17:29:27.612 P 26900 -2167 1327 0 0 0 0 8100 15358
17:29:27.612 P 26901 -2129 1384 0 0 0 0 8044 15282
17:29:27.612 P 26903 -2046 1522 0 0 0 0 7946 14986
17:29:27.612 P 26905 -1954 1625 0 0 0 0 7016 15664
17:29:27.612 P 26906 -1906 1665 0 0 0 0 7204 16018
17:29:27.612 P 26908 -1804 1790 0 0 0 0 5952 15040
17:29:27.612 P 26910 -1699 1818 0 0 0 0 5676 15020
17:29:27.612 P 26911 -1644 1849 0 0 0 0 5352 15876
17:29:27.612 P 26913 -1533 1906 0 0 0 0 4934 16140
17:29:27.612 P 26914 -1475 1927 0 0 0 0 4380 15872
17:29:27.612 P 26916 -1359 1944 0 0 0 0 3470 15478
17:29:27.612 P 26917 -1301 1946 0 0 0 0 3006 15910
17:29:27.612 P 26919 -1182 1930 0 0 0 0 2090 16094
17:29:27.612 P 26921 -1066 1898 0 0 0 0 1628 16132
17:29:27.612 P 26922 -1008 1872 0 0 0 0 1250 15994
17:29:27.612 P 26924 -895 1813 0 0 0 0 854 16030
17:29:27.612 P 26925 -840 1783 0 0 0 0 600 16118
17:29:27.612 P 26927 -733 1712 0 0 0 0 108 16074
17:29:27.612 P 26929 -630 1636 0 0 0 0 -50 16168
17:29:27.612 P 26930 -580 1601 0 0 0 0 -278 16290
17:29:27.612 P 26932 -484 1526 0 0 0 0 -474 16390
17:29:27.612 P 26933 -438 1500 0 0 0 0 -598 16416
17:29:27.612 P 26935 -348 1429 0 0 0 0 -514 16448
17:29:27.612 P 26937 -262 1375 0 0 0 0 -912 16332
17:29:27.612 P 26938 -221 1348 0 0 0 0 -1086 16322
17:29:27.612 P 26940 -140 1277 0 0 0 0 -1604 16510
17:29:27.612 P 26941 -101 1238 0 0 0 0 -1672 16572
17:29:27.612 P 26943 -27 1160 0 0 0 0 -1584 16496
17:29:27.612 P 26945 40 1098 0 0 0 0 -1562 16496
17:29:27.612 P 26946 74 1072 0 0 0 0 -1794 16442
17:29:27.612 P 26948 138 1004 0 0 0 0 -2224 16572
17:29:27.612 P 26949 168 966 0 0 0 0 -2320 16606
17:29:27.612 P 26951 225 892 0 0 0 0 -2480 16288
17:29:27.612 P 26953 278 811 0 0 1 0 -2910 16648
17:29:27.612 P 26954 303 763 0 0 0 0 -3136 16700
17:29:27.612 P 26956 347 644 0 0 0 0 -3546 16558
17:29:27.612 P 26957 365 573 0 0 0 0 -2794 16616
17:29:27.612 P 26959 398 513 0 0 0 0 -2458 16710
17:29:27.612 P 26961 428 450 0 0 0 0 -3010 16438
17:29:27.612 P 26962 441 402 0 0 0 0 -2970 16544
17:29:27.612 P 26964 463 327 0 0 0 0 -2918 16500
17:29:27.612 P 26965 473 298 0 0 1 0 -3206 16510
17:29:27.612 P 26967 490 219 0 0 0 0 -3792 16738
17:29:27.612 P 26969 501 81 0 0 0 0 -4214 16484
17:29:27.612 P 26970 503 -1 0 0 1 0 -4256 16318
17:29:27.612 P 26972 499 -164 0 0 1 0 -3572 16662
17:29:27.612 P 26974 484 -295 0 0 1 0 -2962 16864
17:29:27.612 P 26976 461 -415 0 0 2 0 -2388 16566
17:29:27.612 P 26977 447 -461 0 0 1 0 -2214 16602
17:29:27.612 P 26979 415 -538 0 0 3 0 -2238 16528
17:29:27.612 P 26981 378 -629 0 0 3 0 -2090 16552
17:29:27.612 P 26982 358 -673 0 0 1 0 -2264 16576
17:29:27.612 P 26984 314 -775 0 0 3 0 -2246 16338
17:29:27.612 P 26986 262 -893 0 0 3 0 -2306 16388
17:29:27.612 P 26988 203 -987 0 0 2 0 -1394 16788
17:29:27.612 P 26989 174 -986 0 0 3 1 -2174 16582
17:29:27.612 P 26991 110 -1107 -1551 -1551 4 0 -1714 16330
17:29:27.612 P 26993 38 -1208 -1663 -1663 3 0 -1190 16470
17:29:27.612 P 26995 -38 -1184 -1742 -1742 1 0 1214 16680
17:29:27.612 P 26996 -73 -1070 -1726 -1726 2 0 1956 16726
17:29:27.612 P 26998 -133 -822 -1700 -1700 1 -1 2470 16698
17:29:27.612 P 27000 -179 -523 -1634 -1634 0 0 3666 17128
17:29:27.612 P 27002 -206 -216 -1553 -1553 0 0 3824 16904
17:29:27.612 P 27003 -213 -105 -1513 -1513 0 0 3048 16792
17:29:27.612 P 27005 -221 -10 -1495 -1495 0 -1 2458 16784
17:29:27.612 P 27007 -225 14 -1492 -1492 0 0 1852 16700
17:29:27.612 P 27008 -228 14 -1496 -1496 0 0 2622 16888
17:29:27.612 P 27010 -228 117 -1450 -1450 0 0 1956 16858
17:29:27.612 P 27012 -225 183 -1417 -1417 0 0 2878 16800
17:29:27.612 P 27013 -221 238 -1387 -1387 0 0 2978 16824
17:29:27.612 P 27015 -210 347 -1325 -1325 0 0 3200 16746
17:29:27.612 P 27016 -201 410 1322 1322 0 1 3160 16482
17:29:27.612 P 27018 -179 519 1403 1403 1 0 2760 16440
17:29:27.612 P 27020 -150 578 1463 1463 1 0 1706 16698
17:29:27.612 P 27021 -134 579 1495 1495 1 1 1312 16916
17:29:27.612 P 27023 -103 539 1523 1523 1 1 -104 16560
17:29:27.612 P 27025 -75 444 1535 1535 2 1 -392 16514
17:29:27.612 P 27027 -53 349 1559 1559 2 2 -386 16656
17:29:27.612 P 27028 -45 290 1548 1548 2 1 -292 16918
17:29:27.612 P 27030 -36 160 1536 1536 2 2 228 16776
17:29:27.612 P 27032 -33 77 1549 1549 3 3 230 16436
17:29:27.612 P 27034 -34 14 1554 1554 3 3 576 16796
17:29:27.612 P 27036 -39 -60 1568 1568 3 4 644 16992
17:29:27.612 P 27037 -42 -80 1586 1586 4 4 -326 16564
17:29:27.612 P 27039 -56 -222 1534 1534 3 4 1496 16554
17:29:27.612 P 27041 -70 -134 1604 1604 4 4 176 17248
17:29:27.612 P 27043 -88 -247 1592 1592 5 5 1442 16242
17:29:27.612 P 27044 -97 -229 1620 1620 5 5 1250 15958
17:29:27.612 P 27046 -116 -279 1604 1604 4 5 624 17108
17:29:27.612 P 27048 -139 -290 1624 1624 5 5 604 16732
17:29:27.612 P 27050 -162 -350 1617 1617 6 5 1450 16750
17:29:27.612 P 27052 -185 -352 1626 1626 4 6 606 16872
17:29:27.612 P 27053 -199 -368 1640 1640 6 7 1280 16662
17:29:27.612 P 27055 -225 -346 1652 1652 5 7 1220 16996
17:29:27.612 P 27057 -250 -366 1658 1658 6 7 1374 15732
17:29:27.612 P 27059 -275 -324 1676 1676 5 7 890 17452
17:29:27.612 P 27061 -297 -319 1700 1700 5 8 1020 16976
17:29:27.612 P 27063 -320 -328 1699 1699 5 8 1242 15846
17:29:27.612 P 27064 -331 -340 1682 1682 5 7 1252 16350
17:29:27.612 P 27066 -355 -354 1681 1681 6 7 1308 16996
17:29:27.612 P 27068 -381 -331 1701 1701 6 8 2020 17084
17:29:27.612 P 27070 -401 -249 1728 1728 5 8 1878 16284
17:29:27.612 P 27072 -417 -152 1784 1784 5 8 2214 17116
17:29:27.612 P 27074 -424 -20 1870 1870 6 8 1848 17298
17:29:27.612 P 27076 -426 -70 1859 1859 6 8 -1366 16482
17:29:27.612 P 27077 -431 -234 1803 1803 8 8 -1848 14690
17:29:27.612 P 27079 -464 -553 1635 1635 7 8 3312 16008
17:29:27.612 P 27081 -496 -479 1663 1663 7 8 1038 17928
17:29:27.612 P 27083 -528 -442 1659 1659 6 8 2038 17012
17:29:27.612 P 27084 -541 -385 1684 1684 7 8 1258 16292
17:29:27.612 P 27086 -565 -341 1689 1689 6 8 1430 15508
17:29:27.612 P 27088 -584 -318 1699 1699 7 8 682 17422
17:29:27.612 P 27090 -607 -331 1670 1670 7 8 1690 17374
17:29:27.612 P 27092 -626 -306 1654 1654 6 7 334 15962
17:29:27.612 P 27093 -637 -359 1631 1631 7 8 394 15168
17:29:27.612 P 27095 -662 -392 1583 1583 6 7 1802 16936
17:29:27.612 P 27097 -684 -361 1583 1583 6 7 514 17734
17:29:27.612 P 27099 -708 -373 1547 1547 6 8 1236 16578
17:29:27.612 P 27100 -719 -357 1540 1540 6 7 1420 15830
17:29:27.612 P 27102 -740 -367 1503 1503 6 6 336 16368
17:29:27.612 P 27104 -764 -400 1468 1468 7 7 1204 17524
17:29:27.612 P 27106 -786 -404 1421 1421 5 6 446 16516
17:29:27.612 P 27108 -814 -425 1376 1376 5 6 2174 15708
17:29:27.612 P 27109 -827 -399 1376 1376 5 7 1414 15714
17:29:27.612 P 27111 -852 -411 1345 1345 5 6 1786 16988
17:29:27.612 P 27113 -876 -403 1301 1301 5 6 1478 18044
17:29:27.612 P 27115 -903 -435 -1347 -1347 4 6 1622 15980
17:29:27.612 P 27117 -931 -421 -1390 -1390 4 5 2490 16050
17:29:27.612 P 27118 -943 -397 -1397 -1397 5 5 2106 15778
17:29:27.612 P 27120 -968 -394 -1438 -1438 4 5 1944 17076
17:29:27.612 P 27122 -992 -406 -1505 -1505 3 5 1672 17254
17:29:27.612 P 27124 -1014 -359 -1550 -1550 3 3 1736 16918
17:29:27.612 P 27125 -1024 -328 -1570 -1570 2 4 1720 16162
17:29:27.612 P 27127 -1044 -186 -1561 -1561 3 3 6438 17730
17:29:27.612 P 27129 -1034 261 -1399 -1399 2 3 986 17980
17:29:27.612 P 27131 -1013 363 -1385 -1385 1 2 1794 16430
17:29:27.612 P 27133 -990 316 -1423 -1423 1 2 1182 15838
17:29:27.612 P 27134 -980 294 -1453 -1453 1 1 1290 16490
17:29:27.612 P 27136 -962 281 -1459 -1459 1 2 1492 17386
17:29:27.612 P 27138 -942 303 -1477 -1477 1 1 862 16290
17:29:27.612 P 27140 -925 271 -1499 -1499 2 1 2018 16346
17:29:27.612 P 27142 -904 314 -1502 -1502 0 1 316 16916
17:29:27.612 P 27143 -895 273 -1525 -1525 1 0 1082 17122
17:29:27.612 P 27145 -877 272 -1536 -1536 0 1 536 16538
17:29:27.612 P 27146 -869 253 -1552 -1552 0 0 766 16572
17:29:27.612 P 27148 -852 254 -1571 -1571 -1 0 588 16812
17:29:27.612 P 27149 -844 220 -1596 -1596 0 -1 332 16796
17:29:27.612 P 27151 -832 138 -1634 -1634 0 0 356 16344
17:29:27.612 P 27153 -825 70 -1693 -1693 -1 0 612 16696
17:29:27.612 P 27154 -822 47 -1710 -1710 0 -1 548 16932
17:29:27.612 P 27156 -820 35 -1745 -1745 -1 -1 1456 16980
17:29:27.612 P 27158 -815 135 -1743 -1743 -2 -2 2086 16840
17:29:27.612 P 27159 -808 200 -1710 -1710 -1 -1 1146 16716
17:29:27.612 P 27161 -794 267 -1716 -1716 -1 -2 2160 16920
17:29:27.612 P 27163 -775 318 -1738 -1738 -3 -3 1442 17154
17:29:27.612 P 27164 -765 322 -1733 -1733 -2 -2 1600 17020
17:29:27.612 P 27166 -743 379 -1731 -1731 -3 -3 1760 16484
17:29:27.612 P 27168 -718 439 -1720 -1720 -3 -3 364 16726
17:29:27.612 P 27170 -693 423 -1747 -1747 -4 -4 2308 17248
17:29:27.612 P 27171 -678 482 -1720 -1720 -3 -4 1258 16756
17:29:27.612 P 27173 -650 457 -1749 -1749 -4 -4 1780 16634
17:29:27.612 P 27175 -620 507 -1719 -1719 -3 -4 970 16914
17:29:27.612 P 27176 -606 492 -1728 -1728 -4 -4 2152 17262
17:29:27.612 P 27178 -574 530 -1720 -1720 -4 -5 1008 16750
17:29:27.612 P 27180 -543 529 -1722 -1722 -4 -5 942 16642
17:29:27.612 P 27181 -528 532 -1709 -1709 -4 -4 1502 16634
17:29:27.612 P 27183 -494 580 -1687 -1687 -5 -5 1162 16218
17:29:27.612 P 27185 -459 580 -1669 -1669 -4 -5 428 16462
17:29:27.612 P 27186 -442 566 -1667 -1667 -5 -4 1094 16544
17:29:27.612 P 27188 -409 543 -1657 -1657 -4 -5 386 17098
17:29:27.612 P 27190 -379 519 -1667 -1667 -4 -5 1032 16852
17:29:27.612 P 27191 -364 510 -1657 -1657 -4 -5 258 16956
17:29:27.612 P 27193 -337 478 -1660 -1660 -4 -5 1244 16938
17:29:27.612 P 27195 -307 487 -1627 -1627 -4 -4 392 16118
17:29:27.612 P 27196 -294 465 -1627 -1627 -4 -5 214 15818
17:29:29.438 P 27198 -268 426 -1640 -1640 -4 -4 408 16828
17:29:29.438 P 27200 -245 397 -1641 -1641 -4 -5 416 17326
17:29:29.438 P 27201 -234 392 -1632 -1632 -4 -5 724 16768
17:29:29.438 P 27203 -212 399 -1616 -1616 -4 -5 760 16396
17:29:29.438 P 27205 -188 419 -1593 -1593 -5 -5 -452 17072
17:29:29.438 P 27207 -168 336 -1620 -1620 -4 -5 754 17080
17:29:29.438 P 27208 -159 330 -1604 -1604 -4 -4 160 16394
17:29:29.438 P 27210 -144 248 -1640 -1640 -5 -5 718 16518
17:29:29.438 P 27212 -130 270 -1617 -1617 -4 -5 -354 16802
17:29:29.438 P 27214 -117 244 -1621 -1621 -5 -5 680 16680
17:29:29.438 P 27217 -98 192 -1631 -1631 -4 -5 438 17126
17:29:29.438 P 27219 -89 221 -1594 -1594 -4 -4 -80 16884
17:29:29.438 P 27221 -79 174 -1625 -1625 -4 -5 420 16370
17:29:29.438 P 27223 -69 178 -1619 -1619 -4 -4 -408 16668
17:29:29.438 P 27225 -62 175 -1610 -1610 -4 -4 262 17022
17:29:29.438 P 27227 -55 144 -1626 -1626 -4 -5 694 16816
17:29:29.438 P 27229 -46 175 -1603 -1603 -4 -5 -6 16836
17:29:29.438 P 27231 -39 161 -1612 -1612 -4 -5 210 16700
17:29:29.438 P 27234 -28 148 -1605 -1605 -4 -5 130 16664
17:29:29.438 P 27236 -22 148 -1602 -1602 -4 -5 592 17110
17:29:29.438 P 27238 -15 147 -1599 -1599 -4 -4 -202 16436
17:29:29.438 P 27240 -10 156 -1594 -1594 -4 -5 242 16412
17:29:29.438 P 27242 -3 151 -1585 -1585 -4 -4 174 16976
17:29:29.438 P 27244 2 133 -1595 -1595 -4 -5 50 16796
17:29:29.438 P 27246 6 100 -1604 -1604 -4 -4 634 16790
17:29:29.438 P 27248 10 119 -1599 -1599 -4 -4 2 16242
17:29:29.438 P 27250 14 113 -1605 -1605 -4 -4 148 17228
17:29:29.438 P 27252 17 119 -1597 -1597 -4 -4 752 16852
17:29:29.438 P 27254 24 139 -1591 -1591 -4 -5 70 16636
17:29:29.438 P 27256 29 135 -1577 -1577 -3 -4 432 16744
17:29:29.438 P 27258 35 141 -1571 -1571 -4 -4 -28 16932
17:29:29.438 P 27260 40 137 -1573 -1573 -4 -4 558 16836
17:29:29.438 P 27262 47 139 -1551 -1551 -3 -4 28 17100
17:29:29.438 P 27263 49 118 -1564 -1564 -4 -4 180 16978
17:29:29.438 P 27265 54 142 -1557 -1557 -4 -4 32 16762
17:29:29.438 P 27267 58 107 -1569 -1569 -4 -4 786 16238
17:29:29.438 P 27269 63 137 -1560 -1560 -4 -4 -236 16768
17:29:29.438 P 27271 68 120 -1562 -1562 -4 -4 202 16960
17:29:29.438 P 27273 72 127 -1546 -1546 -3 -4 222 16478
17:29:29.438 P 27275 78 114 -1551 -1551 -3 -4 62 16684
17:29:29.438 P 27277 81 119 -1559 -1559 -4 -4 52 17192
17:29:29.438 P 27279 86 149 -1524 -1524 -3 -4 -48 16764
17:29:29.438 P 27281 92 138 -1531 -1531 -4 -4 248 16080
17:29:29.438 P 27283 99 163 -1511 -1511 -4 -3 -358 16822
17:29:29.438 P 27285 105 133 -1510 -1510 -3 -4 104 16940
17:29:29.438 P 27287 110 116 -1507 -1507 -3 -3 -194 16522
17:29:29.438 P 27289 114 115 -1519 -1519 -3 -4 106 17044
17:29:29.438 P 27291 117 111 -1512 -1512 -3 -4 184 16584
17:29:29.438 P 27294 123 102 -1511 -1511 -3 -3 170 17236
17:29:29.438 P 27296 127 109 -1505 -1505 -4 -4 48 16738
17:29:29.438 P 27298 131 102 -1504 -1504 -3 -3 -318 16256
17:29:29.438 P 27300 133 76 -1498 -1498 -3 -3 120 17372
17:29:29.438 P 27302 135 93 -1494 -1494 -3 -4 -228 16590
17:29:29.438 P 27304 138 86 -1501 -1501 -3 -3 -172 16458
17:29:29.438 P 27306 139 108 -1476 -1476 -2 -3 700 17274
17:29:29.438 P 27308 144 103 -1484 -1484 -3 -4 -390 16760
17:29:29.438 P 27310 146 81 -1484 -1484 -3 -3 -48 16438
17:29:29.438 P 27312 149 128 -1451 -1451 -2 -3 46 16862
17:29:29.438 P 27314 154 107 -1463 -1463 -3 -3 38 17024
17:29:29.438 P 27316 157 110 -1446 -1446 -2 -3 200 16572
17:29:29.438 P 27318 161 121 -1439 -1439 -3 -3 -346 16736
17:29:29.438 P 27320 164 113 -1441 -1441 -2 -4 -164 16992
17:29:29.438 P 27322 167 105 -1424 -1424 -1 -2 606 16728
17:29:29.438 P 27324 173 145 -1405 -1405 -2 -3 -664 16670
17:29:29.438 P 27327 180 140 -1400 -1400 -2 -3 -486 16534
17:29:29.438 P 27328 182 118 -1398 -1398 -2 -2 -150 16768
17:29:29.438 P 27330 186 116 -1388 -1388 -2 -2 -466 17134
17:29:29.438 P 27333 190 122 -1373 -1373 -2 -2 -150 16586
17:29:29.438 P 27335 194 111 -1373 -1373 -2 -2 34 16862
17:29:29.438 P 27337 198 115 -1361 -1361 -1 -3 -356 16826
17:29:29.438 P 27339 201 107 -1355 -1355 -1 -2 284 16624
17:29:29.438 P 27341 205 118 -1353 -1353 -2 -3 -400 16688
17:29:29.438 P 27343 209 117 -1340 -1340 -2 -3 -142 16716
17:29:29.438 P 27345 213 113 -1341 -1341 -3 -3 -160 16900
17:29:29.438 P 27347 216 127 -1304 -1304 -1 -2 -162 16628
17:29:29.438 P 27349 220 104 -1310 -1310 -1 -2 -2 16752
17:29:29.438 P 27351 224 119 1309 1309 -2 -2 -458 16746
17:29:29.438 P 27353 227 96 1317 1317 -1 -1 -46 16752
17:29:29.438 P 27355 229 85 1316 1316 -1 -1 62 16784
17:29:29.438 P 27357 231 63 1335 1335 0 -1 -740 16710
17:29:29.438 P 27360 226 -39 1306 1306 -1 0 32 16754
17:29:29.438 P 27362 220 -55 1303 1303 -1 -1 -760 16686
17:29:29.438 P 27364 211 -123 -1312 -1312 0 -1 -210 16732
17:29:29.438 P 27366 201 -147 -1315 -1315 0 0 -690 16596
17:29:29.438 P 27368 186 -190 -1336 -1336 0 0 20 16890
17:29:29.438 P 27370 171 -203 -1338 -1338 0 0 -118 16624
17:29:29.438 P 27372 155 -195 -1338 -1338 0 0 88 16724
17:29:29.438 P 27374 141 -173 -1332 -1332 0 0 120 16838
17:29:29.438 P 27376 128 -139 -1321 -1321 0 0 56 16710
17:29:29.438 P 27378 117 -134 -1325 -1325 0 0 162 16742
17:29:29.438 P 27380 107 -105 -1318 -1318 0 0 104 16776
17:29:29.438 P 27381 102 -99 -1318 -1318 0 0 164 16762
17:29:29.438 P 27383 94 -85 -1318 -1318 0 0 174 16666
17:29:29.438 P 27385 86 -67 -1316 -1316 0 0 216 16706
17:29:29.438 P 27387 80 -48 -1312 -1312 0 0 114 16866
17:29:29.438 P 27389 74 -35 -1310 -1310 0 0 166 16762
17:29:29.438 P 27391 70 -18 -1306 -1306 0 0 156 16794
17:29:29.438 P 27393 66 -4 -1301 -1301 0 0 142 16710
17:29:29.438 P 27395 64 10 1303 1303 0 0 128 16742
17:29:29.438 P 27397 62 25 1318 1318 1 0 126 16690
17:29:29.438 P 27399 61 37 1320 1320 0 0 152 16794
17:29:29.438 P 27400 61 47 1334 1334 1 0 182 16744
17:29:29.438 P 27402 61 60 1345 1345 0 0 114 16800
17:29:29.438 P 27404 62 73 1357 1357 0 1 110 16792
17:29:29.438 P 27407 66 92 1378 1378 0 1 120 16766
17:29:29.438 P 27409 69 104 1377 1377 0 0 202 16806
17:29:29.438 P 27411 74 95 1381 1381 0 1 -1052 16658
17:29:29.438 P 27413 74 76 1375 1375 1 0 394 16716
17:29:29.438 P 27415 77 112 1397 1397 0 1 358 16750
17:29:29.438 P 27417 82 146 1410 1410 0 0 -102 16670
17:29:29.438 P 27419 89 145 1410 1410 0 0 38 16702
17:29:29.438 P 27421 95 169 1423 1423 0 0 90 16742
17:29:29.438 P 27423 103 179 1432 1432 0 0 64 16802
17:29:29.438 P 27424 107 187 1439 1439 0 0 38 16732
17:29:29.438 P 27426 116 201 1453 1453 0 0 30 16680
17:29:29.438 P 27428 126 211 1475 1475 0 1 -46 16756
17:29:29.438 P 27430 137 226 1490 1490 0 0 -140 16776
17:29:29.438 P 27432 148 237 1503 1503 0 0 -112 16890
17:29:29.438 P 27434 160 247 1517 1517 0 0 -150 16780
17:29:29.438 P 27436 173 260 1535 1535 0 0 -328 16780
17:29:29.438 P 27438 186 257 1565 1565 1 1 -340 16708
17:29:29.438 P 27440 198 230 1566 1566 0 0 -520 16634
17:29:29.438 P 27443 214 212 1589 1589 0 1 -1198 16836
17:29:29.438 P 27445 220 109 1561 1561 1 1 -318 16770
17:29:29.438 P 27447 222 80 1570 1570 1 1 -358 16738
17:29:29.438 P 27449 224 60 1567 1567 0 1 -546 16682
17:29:29.438 P 27451 223 31 1575 1575 2 1 -344 16834
17:29:29.438 P 27453 223 40 1587 1587 1 1 -608 16708
17:29:29.438 P 27455 221 20 1601 1601 2 2 -324 16662
17:29:29.438 P 27457 219 -19 1589 1589 1 2 -762 16762
17:29:29.438 P 27459 213 -52 1584 1584 2 2 -502 16770
17:29:29.438 P 27461 207 -74 1578 1578 2 1 -592 16514
17:29:29.438 P 27464 193 -121 1563 1563 2 2 -192 16718
17:29:29.438 P 27466 183 -121 1567 1567 2 2 -432 16810
17:29:29.438 P 27468 173 -114 1570 1570 1 3 -442 16794
17:29:29.438 P 27470 163 -143 1554 1554 1 3 -604 16820
17:29:29.438 P 27472 152 -141 1558 1558 2 2 -248 16636
17:29:29.438 P 27474 139 -183 1528 1528 2 2 -710 16896
17:29:29.438 P 27476 127 -139 1548 1548 2 2 -150 16644
17:29:29.438 P 27478 115 -179 1517 1517 2 2 -452 16722
17:29:29.438 P 27480 102 -139 1523 1523 1 2 -394 16758
17:29:29.438 P 27482 90 -179 1512 1512 2 3 230 16758
17:29:29.438 P 27484 79 -139 1517 1517 1 3 -970 16844
17:29:29.438 P 27486 65 -169 1499 1499 2 3 630 16780
17:29:29.438 P 27488 56 -128 1507 1507 2 3 -624 16590
17:29:29.438 P 27490 43 -147 1486 1486 2 3 656 16832
17:29:29.438 P 27492 35 -129 1484 1484 1 3 -532 16832
17:29:29.438 P 27494 24 -114 1471 1471 1 2 30 16800
17:29:29.438 P 27496 15 -113 1467 1467 2 2 -116 16794
17:29:29.438 P 27498 7 -72 1481 1481 2 2 -362 16806
17:29:29.438 P 27500 0 -100 1455 1455 2 2 -104 16696
17:29:29.438 P 27502 -7 -67 1457 1457 1 1 214 16676
17:29:29.438 P 27504 -12 -82 1440 1440 1 1 -246 16732
17:29:29.438 P 27506 -21 -82 1420 1420 0 1 52 16814
17:29:29.438 P 27508 -26 -63 1437 1437 2 2 -256 16692
17:29:29.438 P 27510 -32 -61 1424 1424 1 2 -136 16804
17:29:29.438 P 27512 -39 -73 1415 1415 1 2 390 16948
17:29:29.438 P 27514 -43 -26 1417 1417 1 1 68 16604
17:29:29.438 P 27516 -46 -41 1415 1415 1 2 -374 16690
17:29:29.438 P 27518 -52 -66 1376 1376 1 1 336 16824
17:29:29.438 P 27520 -57 -25 1394 1394 1 1 112 16608
17:29:29.438 P 27522 -60 -16 1399 1399 1 2 -158 16716
17:29:29.438 P 27524 -64 -45 1367 1367 2 1 338 16768
17:29:29.438 P 27526 -68 -20 1371 1371 0 1 18 16802
17:29:29.438 P 27528 -72 -34 1340 1340 0 0 376 16796
17:29:29.438 P 27530 -73 34 1383 1383 0 1 -340 16778
17:29:29.438 P 27532 -74 2 1351 1351 0 1 438 16736
17:29:29.438 P 27534 -75 22 1359 1359 1 1 18 16724
17:29:29.438 P 27535 -75 27 1345 1345 0 0 238 16804
17:29:29.438 P 27537 -75 28 1347 1347 0 0 -186 16764
17:29:29.438 P 27539 -75 25 1339 1339 0 1 -200 16796
17:29:29.438 P 27541 -76 26 1334 1334 0 0 250 16754
17:29:29.438 P 27543 -75 47 1333 1333 0 1 178 16874
17:29:29.438 P 27545 -73 84 1336 1336 0 0 192 16712
17:29:29.438 P 27547 -69 100 1345 1345 0 1 28 16738
17:29:29.438 P 27549 -65 94 1335 1335 0 0 10 16720
17:29:29.438 P 27551 -62 84 1325 1325 0 0 4 16646
17:29:29.438 P 27553 -59 82 1321 1321 0 0 54 16698
17:29:29.438 P 27555 -56 75 1316 1316 0 0 -172 16778
17:29:29.438 P 27557 -54 54 1305 1305 0 0 56 16570
17:29:29.438 P 27558 -53 52 1304 1304 0 0 -40 16652
17:29:29.438 P 27560 -53 31 -1308 -1308 0 0 -38 16802
17:29:29.438 P 27562 -53 20 -1315 -1315 0 0 0 16788
17:29:29.438 P 27564 -55 1 -1326 -1326 0 0 -66 16840
17:29:29.438 P 27566 -57 -13 -1345 -1345 -1 0 2 16746
17:29:29.438 P 27568 -61 -28 -1354 -1354 0 0 -6 16726
17:29:29.438 P 27570 -65 -41 -1362 -1362 0 0 -24 16670
17:29:29.438 P 27572 -69 -55 -1382 -1382 -1 0 -42 16750
17:29:29.438 P 27574 -75 -70 -1400 -1400 0 0 -32 16714
17:29:29.438 P 27576 -82 -85 -1409 -1409 0 0 94 16666
17:29:29.438 P 27578 -90 -98 -1428 -1428 -1 0 116 16774
17:29:31.255 P 27580 -99 -113 -1449 -1449 0 -1 224 16760
17:29:31.255 P 27582 -106 -77 -1432 -1432 0 0 -174 16768
17:29:31.255 P 27583 -110 -100 -1444 -1444 0 0 86 16712
17:29:31.255 P 27585 -120 -131 -1473 -1473 0 0 92 16704
17:29:31.255 P 27587 -131 -173 -1509 -1509 0 -1 342 16824
17:29:31.255 P 27589 -144 -176 -1525 -1525 0 -1 38 16680
17:29:31.255 P 27591 -158 -203 -1562 -1562 0 -1 458 16726
17:29:31.255 P 27593 -170 -68 -1499 -1499 0 0 -96 16720
17:29:31.255 P 27595 -177 -112 -1545 -1545 0 -1 360 16806
17:29:31.255 P 27597 -184 -96 -1558 -1558 0 -1 44 16662
17:29:31.255 P 27599 -195 -120 -1584 -1584 -1 -1 1262 16882
17:29:31.255 P 27601 -199 -4 -1544 -1544 -1 -1 370 16756
17:29:31.255 P 27603 -201 10 -1555 -1555 -1 -1 558 16866
17:29:31.255 P 27605 -201 43 -1549 -1549 0 -1 400 16674
17:29:31.255 P 27607 -202 22 -1570 -1570 -1 -1 732 16722
17:29:31.255 P 27609 -201 60 -1566 -1566 -1 -1 376 16722
17:29:31.255 P 27611 -199 52 -1579 -1579 -1 -1 510 16824
17:29:31.255 P 27613 -197 90 -1569 -1569 -1 -2 806 16748
17:29:31.255 P 27615 -193 110 -1573 -1573 -2 -2 384 16770
17:29:31.255 P 27617 -189 97 -1576 -1576 -1 -1 894 16790
17:29:31.255 P 27619 -181 176 -1551 -1551 -1 -2 -436 16754
17:29:31.255 P 27621 -177 113 -1591 -1591 -2 -1 1486 16734
17:29:31.255 P 27623 -168 180 -1564 -1564 -2 -2 214 16764
17:29:31.255 P 27625 -160 188 -1561 -1561 -2 -2 624 16836
17:29:31.255 P 27627 -150 177 -1563 -1563 -1 -2 422 16754
17:29:31.255 P 27629 -141 210 -1555 -1555 -2 -3 418 16620
17:29:31.255 P 27631 -131 204 -1550 -1550 -1 -3 454 16894
17:29:31.255 P 27633 -120 229 -1540 -1540 -2 -3 218 16676
17:29:31.255 P 27635 -109 231 -1529 -1529 -2 -2 24 16680
17:29:31.255 P 27637 -98 214 -1527 -1527 -2 -2 838 16788
17:29:31.255 P 27639 -86 212 -1525 -1525 -2 -2 154 16914
17:29:31.255 P 27641 -78 198 -1532 -1532 -2 -2 736 16728
17:29:31.255 P 27643 -66 210 -1512 -1512 -2 -2 -240 16506
17:29:31.255 P 27645 -58 202 -1507 -1507 -1 -3 540 16960
17:29:31.255 P 27646 -52 223 -1495 -1495 -3 -1 -44 16864
17:29:31.255 P 27648 -43 172 -1508 -1508 -2 -1 506 16840
17:29:31.255 P 27650 -33 215 -1486 -1486 -2 -1 -402 16482
17:29:31.255 P 27652 -26 141 -1504 -1504 -1 -2 712 16916
17:29:31.255 P 27654 -18 180 -1488 -1488 -2 -2 -154 16722
17:29:31.255 P 27656 -11 167 -1478 -1478 -1 -2 254 16814
17:29:31.255 P 27657 -8 170 -1469 -1469 -1 -2 280 16770
17:29:31.255 P 27659 0 152 -1471 -1471 -1 -1 -66 16686
17:29:31.255 P 27661 6 154 -1467 -1467 -1 -1 -152 16754
17:29:31.255 P 27663 11 122 -1471 -1471 -2 -1 468 16804
17:29:31.255 P 27665 15 116 -1476 -1476 -1 -2 396 16722
17:29:31.255 P 27667 20 111 -1470 -1470 -1 -2 202 16782
17:29:31.255 P 27669 24 126 -1458 -1458 -1 -2 104 16844
17:29:31.255 P 27670 26 118 -1458 -1458 -1 -2 46 16694
17:29:31.255 P 27672 30 124 -1441 -1441 -1 -1 -14 16688
17:29:31.255 P 27674 34 111 -1447 -1447 -2 -1 476 16708
17:29:31.255 P 27676 38 104 -1440 -1440 -1 -2 -256 16702
17:29:31.255 P 27678 41 104 -1433 -1433 -1 -1 294 16840
17:29:31.255 P 27680 44 89 -1433 -1433 -1 -1 -34 16646
17:29:31.255 P 27682 45 62 -1445 -1445 -1 -2 172 16760
17:29:31.255 P 27684 47 79 -1435 -1435 -2 -1 -42 16812
17:29:31.255 P 27686 47 51 -1431 -1431 -1 -1 668 16712
17:29:31.255 P 27688 50 74 -1424 -1424 -2 -1 -672 16720
17:29:31.255 P 27690 49 44 -1434 -1434 -1 -1 664 16700
17:29:31.255 P 27692 50 64 -1411 -1411 -1 -1 -106 16666
17:29:31.255 P 27694 50 50 -1417 -1417 -1 0 0 16700
17:29:31.255 P 27696 50 26 -1412 -1412 -1 0 98 16680
17:29:31.255 P 27697 49 25 -1426 -1426 -2 -1 168 16748
17:29:31.255 P 27699 48 32 -1417 -1417 -1 -1 104 16694
17:29:31.255 P 27701 46 26 -1409 -1409 -1 0 454 16768
17:29:31.255 P 27703 45 19 -1423 -1423 -1 -1 -10 16672
17:29:31.255 P 27705 42 8 -1420 -1420 -1 -1 32 16744
17:29:31.255 P 27707 39 -2 -1410 -1410 0 -1 278 16746
17:29:31.255 P 27709 36 -1 -1400 -1400 0 0 302 16712
17:29:31.255 P 27710 34 4 -1409 -1409 -1 -1 324 16674
17:29:31.255 P 27712 32 7 -1408 -1408 0 -1 202 16814
17:29:31.255 P 27714 29 14 -1405 -1405 -1 0 206 16724
17:29:31.255 P 27716 27 15 -1396 -1396 0 0 128 16792
17:29:31.255 P 27718 25 -6 -1393 -1393 0 0 20 16744
17:29:31.255 P 27720 21 -28 -1404 -1404 0 0 16 16666
17:29:31.255 P 27722 16 -48 -1418 -1418 0 -1 14 16674
17:29:31.255 P 27724 9 -68 -1423 -1423 0 0 114 16778
17:29:31.255 P 27726 3 -66 -1421 -1421 0 0 10 16700
17:29:31.255 P 27727 0 -75 -1427 -1427 0 0 46 16736
17:29:31.255 P 27729 -7 -84 -1433 -1433 0 0 80 16652
17:29:31.255 P 27731 -15 -80 -1436 -1436 0 0 248 16802
17:29:31.255 P 27733 -22 -80 -1441 -1441 0 0 176 16740
17:29:31.255 P 27734 -26 -77 -1442 -1442 0 0 218 16702
17:29:31.255 P 27736 -33 -75 -1447 -1447 0 0 210 16744
17:29:31.255 P 27738 -40 -76 -1453 -1453 0 0 230 16718
17:29:31.255 P 27740 -47 -75 -1460 -1460 0 0 150 16626
17:29:31.255 P 27741 -51 -76 -1462 -1462 0 0 162 16706
17:29:31.255 P 27743 -58 -79 -1471 -1471 0 0 194 16724
17:29:31.255 P 27745 -66 -81 -1479 -1479 0 0 268 16768
17:29:31.255 P 27746 -69 -82 -1483 -1483 0 0 184 16742
17:29:31.255 P 27748 -77 -86 -1492 -1492 0 0 270 16790
17:29:31.255 P 27750 -85 -90 -1500 -1500 0 0 200 16754
17:29:31.255 P 27752 -93 -93 -1510 -1510 0 0 308 16784
17:29:31.255 P 27753 -97 -95 -1514 -1514 0 0 232 16784
17:29:31.255 P 27755 -105 -93 -1530 -1530 0 0 418 16754
17:29:31.255 P 27757 -113 -88 -1541 -1541 0 0 386 16740
17:29:31.255 P 27759 -120 -70 -1536 -1536 0 0 426 16778
17:29:31.255 P 27760 -123 -56 -1530 -1530 0 0 468 16864
17:29:31.255 P 27762 -127 -27 -1544 -1544 -1 0 508 16790
17:29:31.255 P 27764 -130 2 -1544 -1544 -1 -1 578 16804
17:29:31.255 P 27766 -131 61 -1524 -1524 -1 -1 460 16732
17:29:31.255 P 27767 -130 80 -1526 -1526 -1 -1 574 16742
17:29:31.255 P 27769 -126 88 -1528 -1528 -1 0 -126 16668
17:29:31.255 P 27771 -125 49 -1543 -1543 -1 0 506 16794
17:29:31.255 P 27773 -123 55 -1557 -1557 -1 -1 244 16808
17:29:31.255 P 27775 -122 82 -1544 -1544 -1 0 324 16816
17:29:31.255 P 27776 -120 90 -1536 -1536 0 -1 542 16800
17:29:31.255 P 27778 -115 144 -1526 -1526 -1 0 366 16730
17:29:31.255 P 27780 -110 121 -1539 -1539 -1 -1 516 16788
17:29:31.255 P 27782 -104 154 -1523 -1523 -1 -1 242 16646
17:29:31.255 P 27784 -98 155 -1531 -1531 -2 -1 914 16674
17:29:31.255 P 27786 -90 181 -1521 -1521 -1 -1 506 16950
17:29:31.255 P 27787 -85 188 -1512 -1512 -1 -1 74 16882
17:29:31.255 P 27789 -77 184 -1513 -1513 -1 -1 822 16730
17:29:31.255 P 27791 -67 220 -1495 -1495 -2 -2 390 16754
17:29:31.255 P 27793 -57 213 -1484 -1484 -1 -1 270 16830
17:29:31.255 P 27795 -46 211 -1490 -1490 -1 -2 392 16712
17:29:31.255 P 27796 -42 203 -1487 -1487 -1 -1 602 16742
17:29:31.255 P 27798 -31 244 -1452 -1452 -2 -1 470 16742
17:29:31.255 P 27800 -19 218 -1449 -1449 -1 -1 -126 16752
17:29:31.255 P 27802 -10 211 -1451 -1451 -1 -2 476 16824
17:29:31.255 P 27804 0 205 -1430 -1430 -1 0 220 16680
17:29:31.255 P 27806 9 219 -1424 -1424 -1 -2 52 16718
17:29:31.255 P 27808 18 183 -1420 -1420 -1 0 334 16788
17:29:31.255 P 27809 22 194 -1402 -1402 0 -1 682 16818
17:29:31.255 P 27811 33 209 -1387 -1387 0 -1 26 16650
17:29:31.255 P 27813 41 195 -1380 -1380 -1 0 -62 16638
17:29:31.255 P 27815 49 159 -1386 -1386 -1 -1 92 16804
17:29:31.255 P 27817 56 152 -1380 -1380 -1 0 30 16756
17:29:31.255 P 27819 61 142 -1372 -1372 -1 -1 312 16738
17:29:31.255 P 27821 68 160 -1341 -1341 0 -1 120 16814
17:29:31.255 P 27823 74 153 -1344 -1344 0 -1 98 16710
17:29:31.255 P 27825 79 134 -1335 -1335 0 -1 -14 16678
17:29:31.255 P 27827 83 108 -1333 -1333 0 0 -22 16730
17:29:31.255 P 27829 86 82 -1328 -1328 0 0 -132 16766
17:29:31.255 P 27831 87 62 -1334 -1334 0 0 12 16782
17:29:31.255 P 27833 87 49 -1330 -1330 0 0 76 16722
17:29:31.255 P 27834 87 57 -1322 -1322 0 0 256 16860
17:29:31.255 P 27836 89 84 -1302 -1302 0 0 2 16678
17:29:31.255 P 27838 91 92 1308 1308 0 0 130 16710
17:29:31.255 P 27840 94 115 1336 1336 0 1 38 16720
17:29:31.255 P 27842 98 125 1343 1343 0 0 192 16784
17:29:31.255 P 27844 104 146 1367 1367 0 0 88 16760
17:29:31.255 P 27846 110 162 1377 1377 0 0 90 16756
17:29:31.255 P 27848 117 176 1409 1409 2 0 56 16790
17:29:31.255 P 27850 125 195 1429 1429 0 1 40 16814
17:29:31.255 P 27852 135 213 1449 1449 1 0 62 16746
17:29:31.255 P 27854 145 230 1468 1468 0 0 6 16738
17:29:31.255 P 27855 150 238 1482 1482 1 0 -10 16782
17:29:31.255 P 27858 169 251 1510 1510 1 0 -744 16694
17:29:31.255 P 27860 178 174 1489 1489 0 1 144 16728
17:29:31.255 P 27862 187 206 1500 1500 0 0 -106 16802
17:29:31.255 P 27863 191 218 1525 1525 1 1 64 16722
17:29:31.255 P 27865 203 242 1543 1543 0 0 -338 16764
17:29:31.255 P 27867 215 244 1561 1561 1 0 -574 16760
17:29:31.255 P 27869 226 192 1552 1552 0 1 -910 16648
17:29:31.255 P 27871 232 140 1554 1554 0 1 -122 16708
17:29:31.255 P 27873 237 125 1549 1549 0 1 -588 16768
17:29:31.255 P 27875 240 106 1568 1568 1 1 -414 16814
17:29:31.255 P 27878 246 104 1586 1586 0 2 -296 16754
17:29:31.255 P 27880 249 93 1611 1611 2 2 -644 16772
17:29:31.255 P 27882 249 44 1586 1586 1 1 -560 16700
17:29:31.255 P 27884 248 10 1586 1586 1 2 -396 16860
17:29:31.255 P 27886 245 15 1608 1608 2 1 -604 16792
17:29:31.255 P 27888 241 -31 1591 1591 1 2 -568 16946
17:29:31.255 P 27890 236 -33 1608 1608 2 2 -638 16680
17:29:31.255 P 27892 228 -113 1570 1570 1 2 190 16786
17:29:31.255 P 27894 220 -83 1594 1594 2 2 -1250 16552
17:29:31.255 P 27896 210 -127 1577 1577 3 2 -76 16940
17:29:31.255 P 27898 201 -135 1583 1583 3 2 -1386 16666
17:29:31.255 P 27900 188 -151 1568 1568 3 2 -186 16668
17:29:31.255 P 27902 175 -187 1552 1552 3 2 -242 16630
17:29:31.255 P 27904 162 -149 1569 1569 3 3 -674 16788
17:29:31.255 P 27906 148 -181 1549 1549 3 3 614 16776
17:29:31.255 P 27908 138 -145 1554 1554 3 2 -874 16550
17:29:31.255 P 27910 123 -164 1538 1538 3 2 240 17040
17:29:31.255 P 27912 112 -170 1531 1531 3 2 68 16780
17:29:31.255 P 27914 101 -122 1549 1549 3 3 -624 16652
17:29:31.255 P 27916 89 -153 1519 1519 3 2 440 16828
17:29:31.255 P 27918 80 -118 1534 1534 3 3 -592 16748
17:29:31.255 P 27920 68 -137 1519 1519 3 2 -110 16740
17:29:31.255 P 27922 58 -123 1512 1512 3 2 -338 16892
17:29:31.255 P 27924 48 -132 1503 1503 3 2 -24 16504
17:29:31.255 P 27926 39 -111 1512 1512 3 3 -834 16710
17:29:31.255 P 27928 28 -116 1485 1485 2 2 328 16908
17:29:31.255 P 27930 20 -120 1484 1484 2 3 -642 16716
17:29:31.255 P 27931 14 -135 1460 1460 2 1 494 16744
17:29:31.255 P 27933 7 -72 1482 1482 1 2 -652 16818
17:29:31.255 P 27935 -2 -126 1449 1449 2 2 666 16770
17:29:31.255 P 27937 -7 -68 1464 1464 2 2 -548 16662
17:29:31.255 P 27939 -16 -78 1457 1457 2 2 272 16800
17:29:33.061 P 27941 -21 -68 1432 1432 1 1 -106 16986
17:29:33.061 P 27943 -28 -78 1420 1420 1 1 24 16750
17:29:33.061 P 27945 -34 -65 1431 1431 2 1 -62 16590
17:29:33.061 P 27947 -39 -26 1436 1436 2 1 -282 16774
17:29:33.061 P 27948 -41 -61 1414 1414 1 2 -406 16730
17:29:33.061 P 27950 -48 -47 1411 1411 2 1 264 16714
17:29:33.061 P 27952 -50 -14 1420 1420 1 1 -554 16680
17:29:33.061 P 27954 -57 -54 1393 1393 2 1 888 17070
17:29:33.061 P 27956 -58 11 1407 1407 1 2 -316 16674
17:29:33.061 P 27958 -61 -14 1398 1398 1 2 122 16670
17:29:33.061 P 27960 -64 6 1391 1391 1 1 398 16864
17:29:33.061 P 27961 -64 23 1403 1403 1 2 -128 16742
17:29:33.061 P 27963 -65 -1 1380 1380 1 1 254 16862
17:29:33.061 P 27965 -66 26 1394 1394 2 1 -50 16770
17:29:33.061 P 27967 -68 -3 1361 1361 0 1 232 16756
17:29:33.061 P 27969 -69 17 1366 1366 0 1 142 16634
17:29:33.061 P 27971 -69 54 1382 1382 0 1 -218 16762
17:29:33.061 P 27972 -68 46 1378 1378 1 1 -58 16874
17:29:33.061 P 27974 -68 53 1375 1375 1 1 -70 16670
17:29:33.061 P 27976 -67 36 1372 1372 2 1 212 16778
17:29:33.061 P 27978 -66 81 1369 1369 0 0 14 16786
17:29:33.061 P 27980 -62 87 1365 1365 0 0 26 16648
17:29:33.061 P 27982 -59 89 1363 1363 0 1 -100 16708
17:29:33.061 P 27984 -55 86 1360 1360 0 0 -2 16738
17:29:33.061 P 27986 -52 98 1358 1358 0 0 -148 16758
17:29:33.061 P 27987 -49 101 1361 1361 0 1 -102 16764
17:29:33.061 P 27989 -45 117 1365 1365 0 0 198 16840
17:29:33.061 P 27991 -40 133 1372 1372 0 0 -54 16748
17:29:33.061 P 27993 -34 135 1366 1366 0 0 24 16656
17:29:33.061 P 27995 -28 121 1364 1364 0 0 -178 16680
17:29:33.061 P 27997 -23 108 1364 1364 0 1 -122 16748
17:29:33.061 P 27998 -21 97 1356 1356 0 0 -150 16826
17:29:33.061 P 28000 -18 80 1351 1351 0 0 -30 16796
17:29:33.061 P 28002 -16 81 1347 1347 0 0 74 16768
17:29:33.061 P 28004 -13 95 1350 1350 0 0 122 16862
17:29:33.061 P 28006 -8 116 1361 1361 0 0 -112 16722
17:29:33.061 P 28008 -4 103 1357 1357 0 0 -186 16644
17:29:33.061 P 28010 0 91 1353 1353 0 0 -238 16782
17:29:33.061 P 28012 2 77 1348 1348 0 0 -62 16728
17:29:33.061 P 28013 3 75 1347 1347 0 0 -226 16722
17:29:33.061 P 28015 5 61 1341 1341 0 0 -120 16680
17:29:33.061 P 28017 6 55 1339 1339 0 0 -160 16734
17:29:33.061 P 28019 7 45 1334 1334 0 0 -116 16678
17:29:33.061 P 28021 7 36 1330 1330 0 0 -118 16768
17:29:33.061 P 28023 6 28 1326 1326 0 0 -118 16656
17:29:33.061 P 28025 6 18 1320 1320 0 0 -88 16788
17:29:33.061 P 28027 4 9 1314 1314 0 0 -78 16800
17:29:33.061 P 28029 2 1 1307 1307 0 0 -102 16808
17:29:33.061 P 28030 1 -2 1305 1305 0 0 -60 16780
17:29:33.061 P 28032 -1 -11 -1301 -1301 0 0 -142 16744
17:29:33.061 P 28034 -4 -22 -1310 -1310 0 0 -108 16754
17:29:33.061 P 28036 -8 -28 -1316 -1316 0 0 -78 16732
17:29:33.061 P 28038 -12 -39 -1326 -1326 0 0 -86 16726
17:29:33.061 P 28040 -17 -46 -1334 -1334 0 0 -22 16770
17:29:33.061 P 28042 -23 -55 -1360 -1360 0 -1 -22 16684
17:29:33.061 P 28044 -29 -63 -1365 -1365 0 0 14 16790
17:29:33.061 P 28045 -32 -68 -1368 -1368 0 0 2 16772
17:29:33.061 P 28047 -39 -77 -1376 -1376 0 0 -22 16696
17:29:33.061 P 28049 -46 -86 -1393 -1393 0 0 -48 16718
17:29:33.061 P 28051 -54 -97 -1402 -1402 0 0 82 16842
17:29:33.061 P 28053 -62 -109 -1432 -1432 -1 0 72 16732
17:29:33.061 P 28054 -67 -112 -1434 -1434 0 0 28 16852
17:29:33.061 P 28056 -76 -104 -1433 -1433 0 0 202 16730
17:29:33.061 P 28058 -84 -102 -1444 -1444 -1 0 232 16804
17:29:33.061 P 28060 -92 -116 -1454 -1454 0 0 -42 16720
17:29:33.061 P 28062 -103 -146 -1474 -1474 0 0 158 16822
17:29:33.061 P 28064 -115 -167 -1493 -1493 0 0 22 16754
17:29:33.061 P 28065 -121 -187 -1507 -1507 0 0 124 16690
17:29:33.061 P 28067 -135 -190 -1521 -1521 0 0 178 16682
17:29:33.061 P 28069 -149 -202 -1547 -1547 0 0 292 16722
17:29:33.061 P 28071 -164 -218 -1574 -1574 0 0 280 16726
17:29:33.061 P 28072 -172 -219 -1580 -1580 0 0 204 16634
17:29:33.061 P 28074 -187 -215 -1608 -1608 -1 -1 282 16766
17:29:33.061 P 28076 -201 -207 -1627 -1627 0 -1 314 16740
17:29:33.061 P 28078 -217 -191 -1651 -1651 0 -1 2614 16990
17:29:33.061 P 28079 -221 -98 -1622 -1622 -1 -1 586 16796
17:29:33.061 P 28081 -227 56 -1590 -1590 -1 -2 2136 16980
17:29:33.061 P 28083 -218 147 -1556 -1556 -2 -1 116 16778
17:29:33.061 P 28085 -213 139 -1565 -1565 -1 -1 352 16550
17:29:33.061 P 28087 -206 140 -1586 -1586 -1 -2 644 16830
17:29:33.061 P 28089 -200 140 -1593 -1593 -2 -2 860 16876
17:29:33.061 P 28091 -192 180 -1593 -1593 -2 -2 716 16690
17:29:33.061 P 28092 -188 192 -1583 -1583 -1 -2 598 16656
17:29:33.061 P 28094 -178 212 -1575 -1575 -2 -2 776 16904
17:29:33.061 P 28096 -166 230 -1572 -1572 -2 -2 514 16582
17:29:33.061 P 28098 -154 243 -1567 -1567 -2 -2 576 16754
17:29:33.061 P 28100 -142 241 -1557 -1557 -2 -2 412 16988
17:29:33.061 P 28102 -129 264 -1545 -1545 -2 -2 956 16726
17:29:33.061 P 28104 -114 273 -1532 -1532 -1 -2 -70 16518
17:29:33.061 P 28106 -100 274 -1523 -1523 -1 -2 154 16672
17:29:33.061 P 28108 -87 257 -1523 -1523 -1 -2 482 16896
17:29:33.061 P 28110 -72 289 -1507 -1507 -1 -3 -310 16580
17:29:33.061 P 28112 -60 246 -1520 -1520 -2 -3 394 16706
17:29:33.061 P 28114 -46 263 -1501 -1501 -2 -3 -234 16786
17:29:33.061 P 28116 -35 235 -1496 -1496 -1 -2 770 16626
17:29:33.061 P 28118 -21 233 -1487 -1487 -1 -2 -376 16662
17:29:33.061 P 28120 -12 206 -1495 -1495 -2 -2 290 16810
17:29:33.061 P 28122 0 228 -1471 -1471 -2 -3 100 16496
17:29:33.061 P 28124 8 202 -1481 -1481 -2 -3 136 16784
17:29:33.061 P 28125 14 205 -1456 -1456 -1 -1 -704 16914
17:29:33.061 P 28127 22 174 -1475 -1475 -3 -2 368 16782
17:29:33.061 P 28129 29 160 -1473 -1473 -2 -2 -40 16630
17:29:33.061 P 28131 36 164 -1446 -1446 -1 -2 500 16726
17:29:33.061 P 28133 43 141 -1464 -1464 -2 -2 190 16888
17:29:33.061 P 28135 50 175 -1435 -1435 -2 -2 -100 16536
17:29:33.061 P 28138 57 127 -1444 -1444 -1 -2 266 16828
17:29:33.061 P 28140 62 136 -1424 -1424 -2 -1 376 16666
17:29:33.061 P 28142 68 128 -1413 -1413 -1 -1 -314 16662
17:29:33.061 P 28144 72 132 -1411 -1411 -1 -2 334 16736
17:29:33.061 P 28145 75 137 -1398 -1398 -1 -1 -400 16722
17:29:33.061 P 28147 78 77 -1422 -1422 -1 -2 330 16770
17:29:33.061 P 28149 82 108 -1393 -1393 -1 -1 -406 16770
17:29:33.061 P 28151 83 91 -1408 -1408 -1 -1 562 16760
17:29:33.061 P 28153 88 90 -1388 -1388 -1 -2 -814 16716
17:29:33.061 P 28155 87 44 -1415 -1415 -1 -1 454 16836
17:29:33.061 P 28157 89 63 -1381 -1381 -1 -1 -298 16766
17:29:33.061 P 28159 89 43 -1390 -1390 0 0 -216 16718
17:29:33.061 P 28161 88 12 -1398 -1398 -1 0 -116 16740
17:29:33.061 P 28163 85 7 -1409 -1409 -2 -1 20 16828
17:29:33.061 P 28165 82 13 -1394 -1394 -1 0 216 16776
17:29:33.061 P 28166 81 23 -1395 -1395 -1 -1 322 16726
17:29:33.061 P 28168 80 28 -1384 -1384 -1 -1 38 16832
17:29:33.061 P 28170 78 18 -1381 -1381 0 0 -90 16722
17:29:33.061 P 28172 75 -9 -1389 -1389 0 0 90 16700
17:29:33.061 P 28174 71 -1 -1386 -1386 0 -1 26 16798
17:29:33.061 P 28175 70 -4 -1388 -1388 -1 0 114 16694
17:29:33.061 P 28177 66 9 -1373 -1373 0 0 234 16704
17:29:33.061 P 28179 64 12 -1376 -1376 -1 0 278 16734
17:29:33.061 P 28181 60 -9 -1382 -1382 0 -1 106 16690
17:29:33.061 P 28183 56 -20 -1387 -1387 0 -1 280 16700
17:29:33.061 P 28184 54 -24 -1384 -1384 0 0 196 16872
17:29:33.061 P 28186 49 -12 -1382 -1382 0 -1 56 16756
17:29:33.061 P 28188 47 4 -1365 -1365 0 0 130 16826
17:29:33.061 P 28190 44 -4 -1365 -1365 0 0 -54 16698
17:29:33.061 P 28191 42 -8 -1366 -1366 0 0 -22 16692
17:29:33.061 P 28193 39 -5 -1362 -1362 0 0 -44 16830
17:29:33.061 P 28195 35 -19 -1370 -1370 0 0 312 16678
17:29:33.061 P 28196 33 -8 -1365 -1365 0 0 346 16826
17:29:33.061 P 28198 30 11 -1357 -1357 0 0 168 16654
17:29:33.061 P 28200 28 20 -1353 -1353 0 0 220 16818
17:29:33.061 P 28202 27 33 -1347 -1347 0 0 186 16720
17:29:33.061 P 28203 26 38 -1345 -1345 0 0 248 16838
17:29:33.061 P 28205 26 48 -1340 -1340 0 0 242 16806
17:29:33.061 P 28207 26 58 -1335 -1335 0 0 232 16732
17:29:33.061 P 28208 27 65 -1330 -1330 0 0 170 16754
17:29:33.061 P 28210 28 74 -1324 -1324 0 0 204 16752
17:29:33.061 P 28212 30 86 -1317 -1317 0 0 110 16696
17:29:33.061 P 28213 32 91 -1313 -1313 0 0 156 16856
17:29:33.061 P 28215 34 100 -1306 -1306 0 0 154 16758
17:29:33.061 P 28217 38 111 1303 1303 0 0 70 16850
17:29:33.061 P 28218 40 116 1307 1307 0 0 88 16738
17:29:33.061 P 28220 45 126 1316 1316 0 0 146 16804
17:29:33.061 P 28222 50 138 1336 1336 0 0 164 16778
17:29:33.061 P 28224 55 151 1345 1345 0 0 148 16742
17:29:33.061 P 28225 59 157 1360 1360 1 0 146 16808
17:29:33.061 P 28227 66 171 1378 1378 0 0 124 16724
17:29:33.061 P 28229 73 183 1394 1394 0 0 108 16830
17:29:33.061 P 28231 82 195 1410 1410 0 0 54 16786
17:29:33.061 P 28232 87 202 1414 1414 0 0 -16 16736
17:29:33.061 P 28234 96 214 1423 1423 0 0 44 16810
17:29:33.061 P 28236 107 229 1446 1446 0 1 14 16846
17:29:33.061 P 28237 112 237 1453 1453 0 0 6 16740
17:29:33.061 P 28239 124 253 1468 1468 0 0 -86 16740
17:29:33.061 P 28241 137 270 1494 1494 0 1 -76 16674
17:29:33.061 P 28242 144 276 1501 1501 0 0 -92 16782
17:29:33.061 P 28244 159 282 1514 1514 0 0 -690 16754
17:29:33.061 P 28246 172 290 1527 1527 0 0 94 16726
17:29:33.061 P 28247 180 309 1553 1553 0 1 -272 16728
17:29:33.061 P 28249 195 315 1565 1565 0 0 -8 16750
17:29:33.061 P 28251 212 345 1613 1613 1 1 -216 16786
17:29:33.061 P 28252 221 350 1619 1619 0 0 -236 16820
17:29:33.061 P 28254 239 297 1643 1643 2 1 -1044 16750
17:29:33.061 P 28256 250 153 1597 1597 1 1 -1002 16788
17:29:33.061 P 28257 252 117 1591 1591 1 1 -596 16850
17:29:33.061 P 28259 255 71 1593 1593 1 0 -372 16580
17:29:33.061 P 28261 255 27 1590 1590 1 2 -1116 16824
17:29:33.061 P 28263 251 -45 1574 1574 1 2 -546 16788
17:29:33.061 P 28265 244 -62 1577 1577 1 2 -502 16716
17:29:33.061 P 28267 237 -86 1588 1588 2 2 -958 16636
17:29:33.061 P 28268 232 -94 1582 1582 1 2 -24 16794
17:29:33.061 P 28270 224 -101 1586 1586 2 3 -932 16696
17:29:33.061 P 28272 213 -125 1585 1585 3 3 -496 16696
17:29:33.061 P 28274 203 -122 1572 1572 1 3 -446 16630
17:29:33.061 P 28276 191 -160 1556 1556 1 3 16 16904
17:29:33.061 P 28278 181 -103 1586 1586 2 2 -1134 16692
17:29:33.061 P 28280 168 -178 1536 1536 1 2 -266 16584
17:29:33.061 P 28282 156 -160 1549 1549 1 2 -312 16688
17:29:33.061 P 28284 142 -174 1533 1533 1 2 -780 16866
17:29:33.061 P 28286 129 -177 1531 1531 1 2 36 16924
17:29:33.061 P 28288 116 -159 1539 1539 2 3 -826 16512
17:29:33.061 P 28290 103 -169 1524 1524 3 3 266 16860
17:29:33.061 P 28292 91 -165 1516 1516 3 2 -738 16686
17:29:33.061 P 28294 78 -137 1519 1519 2 3 -304 16550
17:29:33.061 P 28296 66 -185 1487 1487 2 3 224 16946
17:29:33.061 P 28298 55 -121 1508 1508 2 2 -1162 16862
17:29:34.928 P 28300 42 -157 1480 1480 3 2 800 16640
17:29:34.928 P 28302 35 -107 1490 1490 2 2 -980 16616
17:29:34.928 P 28304 23 -119 1467 1467 1 2 642 17006
17:29:34.928 P 28306 16 -103 1476 1476 2 3 -594 16710
17:29:34.928 P 28308 5 -110 1458 1458 1 3 402 16688
17:29:34.928 P 28311 -5 -97 1437 1437 1 1 550 16930
17:29:34.928 P 28313 -11 -50 1466 1466 2 2 -368 16748
17:29:34.928 P 28315 -17 -72 1440 1440 2 1 334 16740
17:29:34.928 P 28317 -23 -50 1439 1439 1 2 -462 16730
17:29:34.928 P 28319 -29 -59 1426 1426 1 2 406 16752
17:29:34.928 P 28321 -33 -40 1430 1430 2 2 -386 16724
17:29:34.928 P 28323 -40 -56 1395 1395 0 1 646 16822
17:29:34.928 P 28325 -42 -4 1423 1423 2 1 -556 16750
17:29:34.928 P 28327 -46 -24 1404 1404 1 1 -150 16708
17:29:34.928 P 28330 -50 17 1409 1409 0 1 -254 16648
17:29:34.928 P 28332 -51 -21 1392 1392 2 1 70 16644
17:29:34.928 P 28334 -54 5 1393 1393 1 1 -146 16754
17:29:34.928 P 28336 -56 10 1398 1398 1 2 122 16798
17:29:34.928 P 28338 -57 -1 1386 1386 1 1 -350 16762
17:29:34.928 P 28340 -60 26 1383 1383 1 1 614 16846
17:29:34.928 P 28342 -59 18 1372 1372 2 0 -400 16648
17:29:34.928 P 28344 -61 19 1363 1363 0 1 30 16826
17:29:34.928 P 28346 -62 9 1354 1354 1 1 264 16722
17:29:34.928 P 28348 -61 56 1375 1375 2 0 -194 16790
17:29:34.928 P 28350 -61 57 1365 1365 0 1 318 16768
17:29:34.928 P 28352 -58 73 1368 1368 0 1 -346 16716
17:29:34.928 P 28354 -56 56 1357 1357 1 1 -194 16674
17:29:34.928 P 28356 -55 36 1327 1327 0 0 -92 16778
17:29:34.928 P 28358 -55 52 1337 1337 0 1 106 16762
17:29:34.928 P 28360 -53 63 1346 1346 1 0 218 16860
17:29:34.928 P 28362 -50 107 1360 1360 0 0 114 16762
17:29:34.928 P 28364 -45 126 1360 1360 0 0 196 16688
17:29:34.928 P 28365 -42 139 1364 1364 0 0 12 16694
17:29:34.928 P 28367 -36 127 1356 1356 0 0 -310 16674
17:29:34.928 P 28369 -31 110 1346 1346 0 0 -110 16684
17:29:34.928 P 28371 -27 98 1341 1341 0 0 -158 16774
17:29:34.928 P 28373 -23 83 1333 1333 0 0 -120 16780
17:29:34.928 P 28375 -21 71 1328 1328 0 0 -116 16840
17:29:34.928 P 28376 -20 62 1324 1324 0 0 -160 16714
17:29:34.928 P 28378 -18 53 1320 1320 0 0 -182 16828
17:29:34.928 P 28380 -18 42 1314 1314 0 0 -126 16730
17:29:34.928 P 28382 -18 29 1308 1308 0 0 -186 16686
17:29:34.928 P 28384 -19 20 1303 1303 0 0 -80 16746
17:29:34.928 P 28386 -20 8 -1314 -1314 -1 0 -112 16790
17:29:34.928 P 28388 -22 -4 -1320 -1320 0 0 -158 16698
17:29:34.928 P 28390 -25 -13 -1342 -1342 -1 0 -80 16758
17:29:34.928 P 28391 -27 -23 -1346 -1346 0 0 -116 16774
17:29:34.928 P 28393 -30 -31 -1347 -1347 0 0 -80 16776
17:29:34.928 P 28395 -35 -43 -1372 -1372 0 -1 -140 16716
17:29:34.928 P 28397 -40 -56 -1375 -1375 0 0 -124 16684
17:29:34.928 P 28399 -46 -66 -1400 -1400 -1 -1 -42 16786
17:29:34.928 P 28400 -49 -71 -1400 -1400 0 0 -54 16862
17:29:34.928 P 28402 -56 -82 -1404 -1404 0 0 -36 16746
17:29:34.928 P 28404 -64 -93 -1411 -1411 0 0 88 16720
17:29:34.928 P 28406 -72 -106 -1421 -1421 0 0 6 16748
17:29:34.928 P 28407 -76 -110 -1435 -1435 -1 0 32 16806
17:29:34.928 P 28409 -86 -124 -1446 -1446 0 0 14 16768
17:29:34.928 P 28411 -96 -137 -1458 -1458 0 0 32 16622
17:29:34.928 P 28412 -101 -143 -1466 -1466 0 0 12 16708
17:29:34.928 P 28414 -112 -158 -1482 -1482 0 0 64 16784
17:29:34.928 P 28416 -125 -173 -1499 -1499 0 0 106 16684
17:29:34.928 P 28418 -138 -183 -1515 -1515 0 0 350 16720
17:29:34.928 P 28419 -144 -171 -1524 -1524 -1 0 18 16414
17:29:34.928 P 28421 -158 -208 -1561 -1561 -1 0 446 16744
17:29:34.928 P 28423 -171 -201 -1566 -1566 0 0 -262 16716
17:29:34.928 P 28425 -189 -245 -1609 -1609 0 0 786 16756
17:29:34.928 P 28426 -196 -212 -1607 -1607 -1 0 386 16738
17:29:34.928 P 28428 -211 -198 -1635 -1635 -2 0 846 16800
17:29:34.928 P 28430 -220 -82 -1603 -1603 0 -1 596 16952
17:29:34.928 P 28432 -224 -44 -1608 -1608 -2 0 374 16792
17:29:34.928 P 28433 -229 -53 -1625 -1625 -1 -1 1836 16862
17:29:34.928 P 28435 -227 112 -1575 -1575 -2 -1 -54 16776
17:29:34.928 P 28437 -225 79 -1612 -1612 -2 -2 1522 16906
17:29:34.928 P 28439 -218 156 -1584 -1584 -1 -2 74 16762
17:29:34.928 P 28441 -212 182 -1576 -1576 -1 -1 866 16738
17:29:34.928 P 28443 -202 152 -1606 -1606 -1 -1 874 16742
17:29:34.928 P 28445 -193 251 -1570 -1570 -2 -2 286 16634
17:29:34.928 P 28447 -180 217 -1591 -1591 -3 -2 268 16692
17:29:34.928 P 28449 -168 254 -1573 -1573 -3 -1 -12 16854
17:29:34.928 P 28450 -162 238 -1580 -1580 -1 -3 282 16904
17:29:34.928 P 28452 -150 270 -1559 -1559 -1 -2 568 16786
17:29:34.928 P 28454 -134 279 -1564 -1564 -2 -2 586 16778
17:29:34.928 P 28456 -119 290 -1545 -1545 -2 -2 64 16942
17:29:34.928 P 28458 -104 289 -1552 -1552 -3 -2 818 16652
17:29:34.928 P 28460 -89 290 -1543 -1543 -3 -3 174 16594
17:29:34.928 P 28462 -74 317 -1513 -1513 -2 -3 524 16778
17:29:34.928 P 28463 -64 322 -1499 -1499 -2 -2 -472 16722
17:29:34.928 P 28465 -50 286 -1508 -1508 -2 -2 226 16634
17:29:34.928 P 28467 -36 281 -1502 -1502 -1 -3 300 16686
17:29:34.928 P 28469 -20 296 -1476 -1476 -1 -3 -254 16756
17:29:34.928 P 28471 -7 245 -1484 -1484 -1 -2 532 16768
17:29:34.928 P 28473 6 266 -1459 -1459 -1 -2 -528 16866
17:29:34.928 P 28475 17 239 -1462 -1462 -2 -2 604 16794
17:29:34.928 P 28476 24 260 -1446 -1446 -2 -2 -408 16574
17:29:34.928 P 28478 34 204 -1463 -1463 -2 -1 390 16748
17:29:34.928 P 28480 45 208 -1443 -1443 -2 -1 276 16782
17:29:34.928 P 28482 54 203 -1433 -1433 -1 -2 288 16742
17:29:34.928 P 28484 63 190 -1437 -1437 -2 -2 -250 16668
17:29:34.928 P 28486 72 195 -1412 -1412 -1 -1 -260 16674
17:29:34.928 P 28488 79 147 -1430 -1430 -2 -2 138 16912
17:29:34.928 P 28490 86 153 -1415 -1415 -2 -2 -76 16626
17:29:34.928 P 28492 92 129 -1415 -1415 -1 -2 4 16706
17:29:34.928 P 28494 97 136 -1404 -1404 -2 -1 -154 16906
17:29:34.928 P 28496 101 110 -1410 -1410 -2 -1 -304 16878
17:29:34.928 P 28498 104 93 -1407 -1407 -1 -2 232 16704
17:29:34.928 P 28500 107 101 -1384 -1384 -1 -1 -80 16702
17:29:34.928 P 28502 110 97 -1381 -1381 -1 -1 -68 16660
17:29:34.928 P 28504 111 81 -1385 -1385 -1 -1 158 16810
17:29:34.928 P 28506 114 86 -1372 -1372 -1 -1 -294 16764
17:29:34.928 P 28508 114 67 -1374 -1374 -1 -1 496 16808
17:29:34.928 P 28510 117 90 -1357 -1357 -1 -1 -398 16576
17:29:34.928 P 28511 117 55 -1372 -1372 -1 -1 184 16774
17:29:34.928 P 28513 117 77 -1351 -1351 0 -1 292 16782
17:29:34.928 P 28515 120 74 -1341 -1341 -1 0 -428 16618
17:29:34.928 P 28517 120 48 -1348 -1348 0 -1 -130 16702
17:29:34.928 P 28519 119 45 -1347 -1347 0 -1 186 16776
17:29:34.928 P 28521 119 41 -1328 -1328 0 0 -124 16788
17:29:34.928 P 28523 118 33 -1339 -1339 -1 -1 -368 16780
17:29:34.928 P 28525 116 4 -1349 -1349 0 -1 14 16752
17:29:34.928 P 28527 113 5 -1339 -1339 -1 0 -214 16688
17:29:34.928 P 28529 111 12 -1319 -1319 0 0 -188 16644
17:29:34.928 P 28531 108 -4 -1324 -1324 0 0 -116 16890
17:29:34.928 P 28533 104 -17 -1323 -1323 0 0 -52 16756
17:29:34.928 P 28534 102 -24 -1334 -1334 -1 0 172 16880
17:29:34.928 P 28536 97 -30 -1332 -1332 0 0 4 16788
17:29:34.928 P 28538 91 -41 -1335 -1335 0 0 142 16722
17:29:34.928 P 28540 86 -18 -1325 -1325 0 0 22 16720
17:29:34.928 P 28541 84 -6 -1319 -1319 0 0 56 16718
17:29:34.928 P 28543 81 4 -1314 -1314 0 0 132 16738
17:29:34.928 P 28545 79 20 -1307 -1307 0 0 106 16764
17:29:34.928 P 28547 77 36 1302 1302 0 0 84 16810
17:29:34.928 P 28549 77 47 1307 1307 0 0 68 16768
17:29:34.928 P 28550 77 57 1322 1322 1 0 16 16678
17:29:34.928 P 28552 78 68 1326 1326 0 0 72 16756
17:29:34.928 P 28554 80 83 1333 1333 0 0 10 16766
17:29:34.928 P 28556 82 100 1361 1361 1 0 32 16736
17:29:34.928 P 28557 84 104 1361 1361 0 0 86 16728
17:29:34.928 P 28559 88 117 1374 1374 0 0 -24 16754
17:29:34.928 P 28561 92 130 1389 1389 0 1 -14 16672
17:29:34.928 P 28563 98 144 1394 1394 0 0 -216 16742
17:29:34.928 P 28564 101 132 1389 1389 0 0 -536 16680
17:29:34.928 P 28566 105 143 1402 1402 0 0 66 16688
17:29:34.928 P 28568 111 139 1401 1401 0 0 -158 16734
17:29:34.928 P 28570 117 170 1426 1426 0 0 54 16782
17:29:34.928 P 28571 121 184 1435 1435 0 0 -298 16848
17:29:34.928 P 28573 128 177 1433 1433 0 0 86 16728
17:29:34.928 P 28575 138 215 1458 1458 0 0 -144 16738
17:29:34.928 P 28576 143 215 1461 1461 0 0 4 16728
17:29:34.928 P 28578 154 233 1478 1478 0 0 -342 16714
17:29:34.928 P 28580 165 246 1495 1495 0 0 -160 16742
17:29:34.928 P 28581 171 254 1514 1514 0 1 -242 16804
17:29:34.928 P 28583 184 263 1527 1527 0 0 -190 16754
17:29:34.928 P 28585 198 280 1546 1546 0 0 -428 16760
17:29:34.928 P 28587 212 283 1569 1569 1 0 -376 16738
17:29:34.928 P 28588 219 286 1584 1584 0 1 -476 16786
17:29:34.928 P 28590 233 280 1589 1589 0 0 -592 16678
17:29:34.928 P 28592 247 262 1617 1617 1 0 -642 16690
17:29:34.928 P 28594 260 230 1638 1638 0 1 -1062 16728
17:29:34.928 P 28596 266 132 1625 1625 2 1 -562 16736
17:29:34.928 P 28597 268 90 1612 1612 1 1 -1188 16780
17:29:34.928 P 28599 266 -7 1594 1594 2 2 -458 16796
17:29:34.928 P 28601 261 -48 1578 1578 1 1 -714 16656
17:29:34.928 P 28603 253 -75 1584 1584 2 1 -148 16850
17:29:34.928 P 28605 246 -76 1595 1595 1 2 -1002 16834
17:29:34.928 P 28607 236 -119 1590 1590 3 2 -116 16892
17:29:34.928 P 28609 226 -126 1589 1589 2 3 -986 16756
17:29:34.928 P 28611 216 -110 1603 1603 2 3 -1146 16696
17:29:34.928 P 28613 203 -181 1568 1568 3 2 78 16884
17:29:34.928 P 28615 192 -138 1588 1588 3 2 -1328 16542
17:29:34.928 P 28616 186 -191 1560 1560 1 3 -976 16782
17:29:34.928 P 28618 170 -183 1551 1551 1 2 -258 16752
17:29:34.928 P 28620 156 -211 1539 1539 1 3 -678 16702
17:29:34.928 P 28622 141 -156 1552 1552 1 3 -540 16740
17:29:34.928 P 28624 127 -227 1505 1505 1 2 242 16862
17:29:34.928 P 28626 114 -157 1535 1535 1 2 -1386 16762
17:29:34.928 P 28628 97 -222 1488 1488 1 2 808 16808
17:29:34.928 P 28630 86 -165 1503 1503 1 1 -1090 16606
17:29:34.928 P 28632 71 -160 1502 1502 1 2 200 16572
17:29:34.928 P 28634 61 -158 1492 1492 2 2 -84 16842
17:29:34.928 P 28636 49 -125 1510 1510 3 3 -646 16682
17:29:34.928 P 28638 38 -140 1494 1494 3 3 56 16574
17:29:34.928 P 28640 28 -139 1475 1475 2 2 -492 16776
17:29:34.928 P 28642 17 -114 1478 1478 2 2 -288 16760
17:29:34.928 P 28644 8 -110 1466 1466 2 2 142 16756
17:29:34.928 P 28646 -9 -79 1458 1458 1 2 9820 17022
17:29:34.928 P 28648 -2 1051 1995 1995 1 2 12662 15332
17:29:34.928 P 28650 78 1849 2476 2476 2 3 10092 20296
17:29:34.928 P 28652 177 1761 2620 2620 5 5 2434 14700
17:29:34.928 P 28654 241 1039 2492 2492 8 7 2812 14584
17:29:34.928 P 28656 268 492 2460 2460 10 10 3766 19874
17:29:34.928 P 28658 268 139 2503 2503 12 11 4250 16934
17:29:34.928 P 28660 255 17 2651 2651 14 13 4520 16218
17:29:36.809 P 28662 239 -182 2754 2754 15 15 2046 16202
17:29:36.809 P 28664 209 -424 2800 2800 16 16 96 17636
17:29:36.809 P 28666 156 -988 2759 2759 20 18 -1128 16658
17:29:36.809 P 28668 73 -1466 2683 2683 21 20 -902 14992
17:29:36.809 P 28670 -34 -1908 2581 2581 21 21 -2250 14960
17:29:36.809 P 28673 -241 -2493 2385 2385 22 22 -2022 15192
17:29:36.809 P 28675 -405 -2729 2266 2266 23 22 -26 15242
17:29:36.809 P 28677 -578 -2951 2110 2110 23 22 -124 16070
17:29:36.809 P 28679 -764 -3131 1936 1936 23 23 102 14866
17:29:36.809 P 28681 -959 -3284 1738 1738 23 22 280 13436
17:29:36.809 P 28683 -1162 -3414 1522 1522 22 21 418 15710
17:29:36.809 P 28685 -1371 -3507 1305 1305 22 21 1896 12776
17:29:36.809 P 28687 -1581 -3275 -1359 -1359 21 21 3072 17368
17:29:36.809 P 28689 -1777 -3406 -1628 -1628 20 20 2932 16204
17:29:36.809 P 28692 -2070 -2786 -1761 -1761 17 16 6552 18958
17:29:36.809 P 28694 -2203 -1935 -1631 -1631 15 15 7128 22118
17:29:36.809 P 28696 -2291 -1255 -1584 -1584 12 13 9044 19916
17:29:36.809 P 28698 -2334 -671 -1524 -1524 11 11 1086 15320
17:29:36.809 P 28700 -2367 -470 -1635 -1635 10 10 5874 17740
17:29:36.809 P 28702 -2380 -292 -1729 -1729 8 9 4764 19182
17:29:36.809 P 28704 -2381 67 -1747 -1747 6 6 4356 17336
17:29:36.809 P 28706 -2364 319 -1778 -1778 5 5 6462 18678
17:29:36.809 P 28708 -2324 723 -1728 -1728 2 4 5020 18330
17:29:36.809 P 28710 -2263 1022 -1686 -1686 3 3 5068 17636
17:29:36.809 P 28712 -2186 1234 -1690 -1690 0 1 3364 16992
17:29:36.809 P 28714 -2102 1352 -1686 -1686 0 1 3952 16790
17:29:36.809 P 28716 -2011 1453 -1672 -1672 0 0 3012 17046
17:29:36.809 P 28718 -1918 1461 -1691 -1691 -1 0 2600 16226
17:29:36.809 P 28720 -1825 1437 -1704 -1704 -2 -1 1840 16000
17:29:36.809 P 28722 -1736 1352 -1722 -1722 -1 -1 1984 16342
17:29:36.809 P 28724 -1653 1300 -1747 -1747 -2 -1 2026 16546
17:29:36.809 P 28726 -1572 1275 -1748 -1748 -2 -2 2448 16358
17:29:36.809 P 28728 -1489 1287 -1720 -1720 -2 -2 706 16440
17:29:36.809 P 28730 -1412 1241 -1727 -1727 -3 -2 2648 16412
17:29:36.809 P 28732 -1334 1215 -1726 -1726 -3 -4 1388 16420
17:29:36.809 P 28734 -1260 1165 -1715 -1715 -3 -3 1378 16068
17:29:36.809 P 28736 -1190 1108 -1720 -1720 -4 -3 1838 16664
17:29:36.809 P 28738 -1121 1062 -1719 -1719 -4 -4 1736 16748
17:29:36.809 P 28740 -1057 1036 -1700 -1700 -3 -4 974 16058
17:29:36.809 P 28742 -997 970 -1705 -1705 -4 -4 1968 16702
17:29:36.809 P 28744 -936 971 -1672 -1672 -5 -4 1042 16614
17:29:36.809 P 28746 -877 930 -1653 -1653 -4 -4 762 16148
17:29:36.809 P 28748 -825 830 -1665 -1665 -4 -4 1200 16728
17:29:36.809 P 28750 -777 744 -1683 -1683 -4 -5 760 16476
17:29:36.809 P 28752 -736 682 -1687 -1687 -4 -4 1626 16736
17:29:36.809 P 28755 -676 620 -1680 -1680 -4 -4 1702 16888
17:29:36.809 P 28757 -637 621 -1662 -1662 -5 -4 652 16582
17:29:36.809 P 28759 -603 559 -1664 -1664 -4 -5 826 16404
17:29:36.809 P 28761 -571 520 -1677 -1677 -5 -5 306 16408
17:29:36.809 P 28763 -544 470 -1676 -1676 -4 -5 1528 16740
17:29:36.809 P 28765 -516 449 -1670 -1670 -5 -5 676 17030
17:29:36.809 P 28767 -491 425 -1675 -1675 -4 -5 762 16716
17:29:36.809 P 28769 -468 366 -1684 -1684 -4 -4 970 16510
17:29:36.809 P 28770 -458 350 -1686 -1686 -4 -5 1422 16530
17:29:36.809 P 28772 -437 349 -1689 -1689 -4 -5 428 16932
17:29:36.809 P 28774 -419 327 -1691 -1691 -4 -5 876 16698
17:29:36.809 P 28776 -400 318 -1694 -1694 -4 -5 810 16312
17:29:36.809 P 28778 -382 285 -1709 -1709 -5 -6 308 16850
17:29:36.809 P 28780 -368 247 -1725 -1725 -5 -5 316 17174
17:29:36.809 P 28782 -357 232 -1731 -1731 -4 -5 2288 16872
17:29:36.809 P 28784 -339 285 -1717 -1717 -5 -6 88 16558
17:29:36.809 P 28786 -324 279 -1728 -1728 -6 -5 354 16614
17:29:36.809 P 28788 -311 260 -1730 -1730 -5 -5 1442 16502
17:29:36.809 P 28790 -294 291 -1724 -1724 -5 -5 -94 17308
17:29:36.809 P 28791 -287 266 -1736 -1736 -5 -6 1008 17508
17:29:36.809 P 28793 -271 294 -1736 -1736 -6 -6 -10 16312
17:29:36.809 P 28795 -255 317 -1724 -1724 -5 -6 288 16090
17:29:36.809 P 28797 -239 285 -1746 -1746 -6 -7 1102 17050
17:29:36.809 P 28799 -223 305 -1740 -1740 -6 -7 706 16928
17:29:36.809 P 28800 -215 295 -1744 -1744 -6 -6 628 17054
17:29:36.809 P 28802 -199 301 -1737 -1737 -5 -6 370 16626
17:29:36.809 P 28804 -185 332 -1728 -1728 -5 -7 1618 16472
17:29:36.809 P 28806 -163 393 -1695 -1695 -5 -7 10 15756
17:29:36.809 P 28808 -142 373 -1697 -1697 -5 -6 674 16862
17:29:36.809 P 28810 -122 377 -1696 -1696 -6 -6 234 17854
17:29:36.809 P 28812 -102 358 -1687 -1687 -5 -7 278 17370
17:29:36.809 P 28813 -93 347 -1704 -1704 -7 -7 390 16056
17:29:36.809 P 28815 -75 326 -1705 -1705 -6 -7 508 15606
17:29:36.809 P 28817 -57 346 -1686 -1686 -6 -7 134 16998
17:29:36.809 P 28819 -39 335 -1680 -1680 -6 -6 264 17652
17:29:36.809 P 28821 -22 334 -1680 -1680 -6 -7 -252 16178
17:29:36.809 P 28823 -7 286 -1695 -1695 -6 -7 724 16768
17:29:36.809 P 28825 8 327 -1665 -1665 -6 -6 544 16330
17:29:36.809 P 28827 26 339 -1646 -1646 -6 -6 -398 16794
17:29:36.809 P 28829 43 293 -1671 -1671 -7 -8 -466 16780
17:29:36.809 P 28831 55 287 -1659 -1659 -7 -6 888 17374
17:29:36.809 P 28833 72 298 -1635 -1635 -6 -6 -358 15788
17:29:36.809 P 28835 85 259 -1651 -1651 -5 -7 666 16334
17:29:36.809 P 28837 99 297 -1627 -1627 -5 -7 28 17882
17:29:36.809 P 28839 114 292 -1616 -1616 -6 -6 2 16898
17:29:36.809 P 28841 128 277 -1610 -1610 -5 -6 -280 16260
17:29:36.809 P 28843 140 247 -1617 -1617 -6 -6 448 16540
17:29:36.809 P 28845 153 293 -1587 -1587 -6 -6 414 16966
17:29:36.809 P 28847 168 290 -1572 -1572 -5 -7 -192 16460
17:29:36.809 P 28849 180 240 -1585 -1585 -5 -7 -22 17354
17:29:36.809 P 28851 190 219 -1587 -1587 -6 -6 188 16438
17:29:36.809 P 28853 201 264 -1549 -1549 -5 -6 -340 15846
17:29:36.809 P 28855 214 269 -1540 -1540 -5 -6 134 17566
17:29:36.809 P 28857 227 251 -1536 -1536 -5 -7 -80 17308
17:29:36.809 P 28859 238 260 -1513 -1513 -5 -6 10 16308
17:29:36.809 P 28861 250 255 -1498 -1498 -5 -5 108 16438
17:29:36.809 P 28863 261 238 -1495 -1495 -5 -5 202 17606
17:29:36.809 P 28865 272 254 -1474 -1474 -4 -5 -314 16150
17:29:36.809 P 28867 282 242 -1475 -1475 -5 -6 60 16048
17:29:36.809 P 28869 295 273 -1434 -1434 -5 -5 -108 17320
17:29:36.809 P 28871 307 250 -1434 -1434 -5 -5 -272 17312
17:29:36.809 P 28873 318 248 -1419 -1419 -4 -6 -212 16032
17:29:36.809 P 28875 329 269 -1394 -1394 -5 -4 124 16512
17:29:36.809 P 28877 344 312 -1358 -1358 -4 -5 -576 17166
17:29:36.809 P 28879 359 321 -1321 -1321 -4 -4 -496 16820
17:29:36.809 P 28881 375 319 -1326 -1326 -5 -6 -276 16562
17:29:36.809 P 28883 390 323 1303 1303 -4 -5 -216 16690
17:29:36.809 P 28885 406 345 1347 1347 -4 -4 -34 16816
17:29:36.809 P 28886 415 365 1361 1361 -4 -5 -164 17062
17:29:36.809 P 28888 434 417 1434 1434 -3 -4 -150 16840
17:29:36.809 P 28890 458 440 1488 1488 -4 -3 -1450 16016
17:29:36.809 P 28892 477 186 1417 1417 -2 -3 -3938 17174
17:29:36.809 P 28894 470 -84 1311 1311 -1 -3 -368 17068
17:29:36.809 P 28896 459 -108 1319 1319 -2 -3 -340 16164
17:29:36.809 P 28898 447 -137 1322 1322 -2 -2 -732 16908
17:29:36.809 P 28900 432 -215 -1301 -1301 -1 -2 -336 17210
17:29:36.809 P 28902 415 -198 0 0 -2 -3 -380 16496
17:29:36.809 P 28904 399 -204 1306 1306 -1 -3 -712 16674
17:29:36.809 P 28906 382 -219 -1304 -1304 -2 -3 -620 17038
17:29:36.809 P 28908 363 -271 -1317 -1317 -1 -2 -556 16664
17:29:36.809 P 28910 341 -299 -1348 -1348 -1 -2 -550 16606
17:29:36.809 P 28912 318 -331 -1364 -1364 -1 -1 -592 16880
17:29:36.809 P 28915 278 -404 -1425 -1425 -1 -2 270 16672
17:29:36.809 P 28917 248 -335 -1420 -1420 -1 -1 2550 16998
17:29:36.809 P 28919 232 -200 -1362 -1362 -1 -1 -766 16814
17:29:36.809 P 28921 215 -210 -1378 -1378 -1 -1 -80 16682
17:29:36.809 P 28923 201 -150 -1360 -1360 -1 -2 724 16714
17:29:36.809 P 28926 176 -799 -1670 -1670 0 -1 -2044 17188
17:29:36.809 P 28928 140 -990 -1801 -1801 -1 -1 -7704 16032
17:29:36.809 P 28930 73 -1257 -2001 -2001 -2 -2 -4656 16004
17:29:36.809 P 28932 0 -1473 -2236 -2236 -3 -3 -4764 17608
17:29:36.809 P 28934 -81 -1378 -2359 -2359 -5 -5 -4738 15856
17:29:36.809 P 28937 -167 -758 -2364 -2364 -8 -7 -2644 17638
17:29:36.809 P 28939 -196 -422 -2426 -2426 -10 -9 -568 18572
17:29:36.809 P 28941 -201 6 -2422 -2422 -12 -10 -430 16864
17:29:36.809 P 28944 -170 712 -2363 -2363 -14 -13 2944 15968
17:29:36.809 P 28946 -113 1105 -2315 -2315 -15 -14 3926 19000
17:29:36.809 P 28948 -31 1538 -2200 -2200 -16 -15 30 17278
17:29:36.809 P 28951 115 1931 -2080 -2080 -17 -16 1764 14804
17:29:36.809 P 28953 237 2100 -1982 -1982 -16 -16 796 16720
17:29:36.809 P 28955 366 2231 -1870 -1870 -16 -15 -300 17476
17:29:36.809 P 28958 562 2228 -1760 -1760 -16 -15 -66 15288
17:29:36.809 P 28960 695 2335 -1617 -1617 -15 -15 150 15410
17:29:36.809 P 28962 833 2393 -1489 -1489 -16 -16 -512 16424
17:29:36.809 P 28964 972 2412 -1377 -1377 -16 -16 -94 15176
17:29:36.809 P 28966 1118 2499 1408 1408 -15 -14 -3158 14820
17:29:36.809 P 28968 1260 2360 1483 1483 -14 -15 -2122 16794
17:29:36.809 P 28971 1459 2124 1674 1674 -12 -11 -2886 15776
17:29:36.809 P 28973 1571 1654 1682 1682 -10 -9 -7050 19040
17:29:36.809 P 28975 1627 763 1437 1437 -8 -9 -5312 17504
17:29:36.809 P 28978 1651 274 1404 1404 -8 -8 -1330 17650
17:29:36.809 P 28980 1658 194 1493 1493 -7 -7 -2814 14790
17:29:36.809 P 28982 1661 170 1568 1568 -7 -6 -2266 17170
17:29:36.809 P 28985 1658 -35 1633 1633 -4 -5 -3194 18572
17:29:36.809 P 28987 1644 -144 1656 1656 -4 -4 -3758 16262
17:29:36.809 P 28989 1617 -413 1627 1627 -1 -3 -2092 16960
17:29:36.809 P 28991 1583 -549 1628 1628 -1 -2 -4286 17040
17:29:36.809 P 28994 1507 -719 1621 1621 0 -2 -3608 16354
17:29:36.809 P 28996 1449 -844 1602 1602 1 -1 -1866 16684
17:29:36.809 P 28998 1391 -899 1596 1596 0 0 -2686 16818
17:29:36.809 P 29000 1328 -891 1603 1603 1 0 -2032 16528
17:29:36.809 P 29002 1267 -867 1608 1608 0 0 -1150 16380
17:29:36.809 P 29004 1212 -791 1638 1638 0 1 -2018 16620
17:29:36.809 P 29007 1132 -744 1644 1644 1 1 -1856 16668
17:29:36.809 P 29009 1080 -729 1636 1636 1 1 -1134 16436
17:29:36.809 P 29011 1033 -664 1649 1649 2 1 -1982 16598
17:29:36.809 P 29013 986 -639 1643 1643 1 2 -222 16848
17:29:36.809 P 29015 946 -610 1647 1647 1 2 -2630 16584
17:29:36.809 P 29017 901 -590 1636 1636 2 2 -790 16600
17:29:36.809 P 29019 862 -570 1633 1633 2 2 -1432 16664
17:29:36.809 P 29021 823 -527 1632 1632 1 2 -1186 16782
17:29:36.809 P 29024 769 -481 1641 1641 2 3 -1286 16640
17:29:38.690 P 29026 735 -467 1639 1639 2 4 -902 16526
17:29:38.690 P 29028 705 -428 1636 1636 2 3 -1914 16620
17:29:38.690 P 29030 671 -444 1621 1621 3 3 18 16898
17:29:38.690 P 29032 643 -398 1626 1626 3 3 -1186 16516
17:29:38.690 P 29034 614 -348 1638 1638 2 3 -576 16880
17:29:38.690 P 29036 590 -343 1619 1619 2 2 -766 16804
17:29:38.690 P 29038 567 -277 1659 1659 3 3 -1472 16610
17:29:38.690 P 29041 535 -272 1650 1650 3 3 -526 16840
17:29:38.690 P 29043 515 -260 1649 1649 3 4 -1044 16630
17:29:38.690 P 29045 496 -248 1643 1643 2 4 -1042 16886
17:29:38.690 P 29047 476 -253 1646 1646 4 3 -952 16598
17:29:38.690 P 29049 459 -233 1648 1648 2 4 -1480 16898
17:29:38.690 P 29051 438 -253 1635 1635 4 3 -526 16866
17:29:38.690 P 29053 421 -232 1632 1632 2 4 -584 16446
17:29:38.690 P 29055 404 -194 1659 1659 4 4 -726 16910
17:29:38.690 P 29058 382 -170 1660 1660 3 4 -908 16528
17:29:38.690 P 29060 369 -181 1660 1660 4 4 -1386 16750
17:29:38.690 P 29062 354 -195 1659 1659 3 5 -800 16548
17:29:38.690 P 29064 338 -212 1632 1632 2 4 -192 16646
17:29:38.690 P 29066 323 -184 1659 1659 4 4 -1236 16422
17:29:38.690 P 29068 306 -210 1634 1634 4 4 234 16920
17:29:38.690 P 29070 293 -170 1653 1653 4 4 -1080 17312
17:29:38.690 P 29072 278 -203 1633 1633 3 5 -588 16808
17:29:38.690 P 29074 263 -191 1631 1631 3 4 -584 16278
17:29:38.690 P 29077 241 -175 1637 1637 3 5 -254 16732
17:29:38.690 P 29079 228 -162 1636 1636 4 4 -614 16960
17:29:38.690 P 29081 216 -143 1649 1649 4 5 -908 16910
17:29:38.690 P 29083 203 -162 1637 1637 4 4 -30 16494
17:29:38.690 P 29085 192 -147 1636 1636 4 5 -572 16628
17:29:38.690 P 29087 180 -143 1630 1630 4 5 -814 17006
17:29:38.690 P 29089 168 -160 1620 1620 4 4 -58 16764
17:29:38.690 P 29091 158 -134 1622 1622 3 4 -928 16396
17:29:38.690 P 29093 147 -121 1628 1628 4 4 -212 16570
17:29:38.690 P 29095 137 -121 1630 1630 4 5 -394 16960
17:29:38.690 P 29097 127 -135 1620 1620 4 4 -918 16594
17:29:38.690 P 29099 114 -170 1588 1588 3 4 -380 16078
17:29:38.690 P 29101 101 -148 1597 1597 4 5 204 16668
17:29:38.690 P 29103 92 -97 1620 1620 4 4 308 17192
17:29:38.690 P 29105 85 -57 1633 1633 4 5 -752 16884
17:29:38.690 P 29107 78 -62 1642 1642 4 5 -212 16446
17:29:38.690 P 29109 72 -84 1622 1622 3 5 -1022 16636
17:29:38.690 P 29111 62 -99 1614 1614 4 5 -340 16876
17:29:38.690 P 29113 53 -109 1610 1610 4 5 -160 16702
17:29:38.690 P 29115 45 -87 1616 1616 3 5 -134 17082
17:29:38.690 P 29117 38 -90 1608 1608 4 5 -296 16764
17:29:38.690 P 29119 30 -99 1605 1605 4 5 -116 16548
17:29:38.690 P 29122 17 -92 1610 1610 4 5 -102 16578
17:29:38.690 P 29124 8 -94 1597 1597 3 5 472 16862
17:29:38.690 P 29126 2 -73 1610 1610 4 5 -772 16456
17:29:38.690 P 29128 -5 -75 1617 1617 4 5 98 16462
17:29:38.690 P 29130 -11 -75 1605 1605 4 4 -312 17298
17:29:38.690 P 29132 -19 -93 1595 1595 3 5 -64 17012
17:29:38.690 P 29134 -27 -85 1607 1607 4 5 -154 16782
17:29:38.690 P 29136 -35 -86 1594 1594 4 4 -16 16350
17:29:38.690 P 29138 -42 -107 1582 1582 4 4 -90 16686
17:29:38.690 P 29140 -51 -107 1590 1590 4 5 -50 17260
17:29:38.690 P 29142 -60 -107 1575 1575 4 4 -100 16224
17:29:38.690 P 29144 -69 -129 1554 1554 3 5 -14 17408
17:29:38.690 P 29147 -82 -118 1564 1564 4 5 -56 16288
17:29:38.690 P 29149 -92 -121 1551 1551 3 5 -262 16076
17:29:38.690 P 29151 -101 -110 1546 1546 4 4 188 17654
17:29:38.690 P 29153 -110 -93 1547 1547 3 5 378 16946
17:29:38.690 P 29155 -116 -89 1535 1535 3 4 -384 15878
17:29:38.690 P 29157 -125 -109 1521 1521 3 5 204 17202
17:29:38.690 P 29159 -133 -101 1514 1514 3 4 -240 17254
17:29:38.690 P 29161 -141 -97 1515 1515 3 4 502 16252
17:29:38.690 P 29163 -148 -89 1499 1499 2 4 -184 16828
17:29:38.690 P 29165 -156 -117 1481 1481 3 4 76 17264
17:29:38.690 P 29167 -164 -114 1478 1478 3 4 -308 16222
17:29:38.690 P 29169 -174 -125 1457 1457 2 4 408 16936
17:29:38.690 P 29171 -182 -106 1459 1459 4 4 -16 17082
17:29:38.690 P 29173 -190 -105 1430 1430 2 3 48 16458
17:29:38.690 P 29175 -198 -119 1432 1432 3 4 190 16474
17:29:38.690 P 29177 -207 -112 1409 1409 2 3 246 17016
17:29:38.690 P 29179 -215 -101 1427 1427 4 4 354 16706
17:29:38.690 P 29181 -223 -107 1394 1394 2 3 262 17080
17:29:38.690 P 29183 -230 -81 1402 1402 3 3 14 16690
17:29:38.690 P 29186 -241 -128 1363 1363 3 3 240 17096
17:29:38.690 P 29188 -250 -93 1360 1360 3 2 304 16886
17:29:38.690 P 29190 -256 -111 1346 1346 2 3 -266 16132
17:29:38.690 P 29192 -265 -116 1320 1320 2 3 -150 17120
17:29:38.690 P 29194 -274 -149 -1305 -1305 2 3 376 16960
17:29:38.690 P 29196 -284 -151 -1314 -1314 3 3 -256 16192
17:29:38.690 P 29198 -296 -156 -1343 -1343 3 3 520 16862
17:29:38.690 P 29201 -310 -115 -1364 -1364 2 2 418 16780
17:29:38.690 P 29203 -318 -99 -1385 -1385 2 2 496 16528
17:29:38.690 P 29205 -325 -84 -1417 -1417 1 1 434 16818
17:29:38.690 P 29207 -330 -65 -1418 -1418 1 2 436 16972
17:29:38.690 P 29210 -335 20 -1430 -1430 1 1 866 16950
17:29:38.690 P 29212 -332 118 -1405 -1405 0 1 696 17006
17:29:38.690 P 29214 -323 176 -1396 -1396 0 0 526 16696
17:29:38.690 P 29216 -312 227 -1389 -1389 0 0 664 16872
17:29:38.690 P 29218 -297 320 -1358 -1358 0 0 736 16938
17:29:38.690 P 29220 -277 360 -1338 -1338 0 0 72 16670
17:29:38.690 P 29222 -258 308 -1369 -1369 -1 0 78 16720
17:29:38.690 P 29224 -241 297 -1364 -1364 0 0 -108 16920
17:29:38.690 P 29226 -225 261 -1372 -1372 0 0 274 16780
17:29:38.690 P 29229 -205 218 -1378 -1378 0 0 -56 16772
17:29:38.690 P 29231 -195 180 -1389 -1389 0 0 -16 16648
17:29:38.690 P 29233 -187 149 -1406 -1406 0 0 102 16724
17:29:38.690 P 29235 -179 139 -1402 -1402 0 0 24 16888
17:29:38.690 P 29237 -174 115 -1414 -1414 0 0 124 16786
17:29:38.690 P 29239 -168 110 -1417 -1417 0 0 -98 16690
17:29:38.690 P 29241 -164 75 -1435 -1435 0 -1 -98 16676
17:29:38.690 P 29243 -162 45 -1441 -1441 0 0 -252 16848
17:29:38.690 P 29245 -163 0 -1459 -1459 0 0 -234 16604
17:29:38.690 P 29247 -166 -42 -1479 -1479 0 0 -134 16720
17:29:38.690 P 29249 -171 -68 -1496 -1496 0 0 60 16660
17:29:38.690 P 29251 -177 -88 -1510 -1510 0 0 -38 16722
17:29:38.690 P 29253 -185 -111 -1527 -1527 0 0 38 16734
17:29:38.690 P 29255 -195 -134 -1554 -1554 0 0 116 16676
17:29:38.690 P 29257 -205 -151 -1569 -1569 0 0 150 16710
17:29:38.690 P 29259 -216 -148 -1584 -1584 0 0 300 16774
17:29:38.690 P 29261 -226 -141 -1608 -1608 -1 -1 418 16844
17:29:38.690 P 29263 -236 -125 -1601 -1601 0 0 250 16748
17:29:38.690 P 29265 -246 -110 -1624 -1624 0 -1 812 16856
17:29:38.690 P 29268 -253 -4 -1623 -1623 -1 -2 1142 16984
17:29:38.690 P 29270 -252 87 -1591 -1591 -1 -1 486 16750
17:29:38.690 P 29272 -248 116 -1603 -1603 -2 -2 900 16882
17:29:38.690 P 29274 -240 159 -1603 -1603 -1 -2 204 16732
17:29:38.690 P 29276 -232 205 -1586 -1586 -1 -2 702 16802
17:29:38.690 P 29278 -222 184 -1612 -1612 -2 -2 1132 16872
17:29:38.690 P 29280 -210 256 -1588 -1588 -3 -2 -62 16676
17:29:38.690 P 29282 -197 259 -1580 -1580 -2 -2 898 16706
17:29:38.690 P 29284 -181 283 -1577 -1577 -2 -3 -354 16776
17:29:38.690 P 29286 -169 274 -1578 -1578 -2 -3 1228 16870
17:29:38.690 P 29288 -151 290 -1570 -1570 -3 -2 -506 16720
17:29:38.690 P 29290 -137 295 -1568 -1568 -3 -3 734 16722
17:29:38.690 P 29292 -121 273 -1561 -1561 -2 -2 106 16608
17:29:38.690 P 29294 -106 298 -1542 -1542 -1 -2 30 16778
17:29:38.690 P 29296 -91 266 -1559 -1559 -2 -2 684 16914
17:29:38.690 P 29298 -75 300 -1531 -1531 -2 -3 -386 16710
17:29:38.690 P 29300 -73 480 -1456 -1456 -2 -3 19786 18070
17:29:38.690 P 29302 -2 1889 1887 1887 -3 -2 6264 16166
17:29:38.690 P 29304 105 1825 1988 1988 -1 -1 6014 18232
17:29:38.690 P 29306 193 1679 2087 2087 1 1 3910 14960
17:29:38.690 P 29308 255 1147 1997 1997 3 2 6756 17158
17:29:38.690 P 29310 311 1239 2242 2242 4 4 6258 18220
17:29:38.690 P 29313 397 1257 2559 2559 7 5 4574 15516
17:29:38.690 P 29315 452 964 2669 2669 8 8 1824 16796
17:29:38.690 P 29317 484 508 2724 2724 12 10 -1152 18250
17:29:38.690 P 29319 480 -161 2658 2658 14 12 -14 17662
17:29:38.690 P 29321 446 -687 2626 2626 16 15 -3538 15764
17:29:38.690 P 29323 370 -1321 2505 2505 18 16 640 17158
17:29:38.690 P 29325 279 -1602 2507 2507 19 17 -3526 15902
17:29:38.690 P 29327 161 -2034 2395 2395 20 18 -1606 15768
17:29:38.690 P 29329 26 -2298 2301 2301 19 18 -2284 17362
17:29:38.690 P 29331 -125 -2548 2194 2194 21 19 144 15614
17:29:38.690 P 29333 -284 -2686 2084 2084 20 19 -1138 13564
17:29:38.690 P 29334 -369 -2779 2019 2019 21 20 186 14626
17:29:38.690 P 29337 -628 -2857 1814 1814 20 19 460 15944
17:29:38.690 P 29339 -804 -2941 1662 1662 20 19 254 16964
17:29:38.690 P 29341 -986 -3078 1444 1444 20 19 248 13632
17:29:38.690 P 29343 -1176 -3149 -1341 -1341 20 19 1288 13026
17:29:38.690 P 29345 -1369 -3087 -1497 -1497 18 19 3834 17356
17:29:38.690 P 29347 -1553 -2987 -1683 -1683 16 17 4986 14498
17:29:38.690 P 29349 -1726 -2663 -1794 -1794 14 15 7904 19862
17:29:38.690 P 29350 -1796 -2232 -1719 -1719 14 13 6684 19410
17:29:38.690 P 29352 -1886 -1218 -1501 -1501 10 11 6734 20242
17:29:38.690 P 29354 -1935 -644 -1433 -1433 9 11 6022 18948
17:29:38.690 P 29356 -1957 -424 -1483 -1483 9 10 1698 14770
17:29:38.690 P 29358 -1978 -300 -1573 -1573 8 9 4344 17126
17:29:38.690 P 29360 -1989 -238 -1688 -1688 7 7 4420 19106
17:29:38.690 P 29362 -1990 69 -1670 -1670 6 7 3682 16574
17:29:38.690 P 29364 -1976 220 -1738 -1738 4 4 4414 18076
17:29:38.690 P 29366 -1946 578 -1672 -1672 3 4 3630 18820
17:29:38.690 P 29368 -1900 777 -1671 -1671 2 3 4580 16848
17:29:38.690 P 29370 -1838 1018 -1640 -1640 1 1 2546 16780
17:29:38.690 P 29372 -1770 1119 -1626 -1626 1 1 3318 17134
17:29:38.690 P 29374 -1695 1174 -1644 -1644 -1 1 2402 16946
17:29:38.690 P 29376 -1619 1234 -1633 -1633 0 0 2414 15994
17:29:38.690 P 29377 -1580 1243 -1641 -1641 -1 -1 2432 16050
17:29:38.690 P 29379 -1502 1205 -1645 -1645 -1 -1 1476 16570
17:29:38.690 P 29381 -1430 1121 -1666 -1666 0 -1 1882 16216
17:29:38.690 P 29383 -1361 1049 -1688 -1688 -1 -1 1450 16234
17:29:38.690 P 29384 -1329 1022 -1697 -1697 -2 -1 2204 16578
17:29:38.690 P 29386 -1264 1025 -1682 -1682 -2 -1 1278 16732
17:29:38.690 P 29388 -1203 1012 -1677 -1677 -3 -2 1928 16466
17:29:38.690 P 29390 -1140 955 -1676 -1676 -2 -2 2506 16586
17:29:38.690 P 29392 -1079 984 -1645 -1645 -3 -2 500 16374
17:29:38.690 P 29394 -1024 885 -1672 -1672 -3 -3 1956 16444
17:29:38.690 P 29396 -969 832 -1669 -1669 -3 -3 1300 16686
17:29:38.690 P 29398 -919 835 -1635 -1635 -3 -2 664 16556
17:29:38.690 P 29400 -871 740 -1674 -1674 -3 -3 1972 16738
17:29:40.543 P 29401 -849 749 -1649 -1649 -3 -2 1444 16400
17:29:40.543 P 29403 -805 683 -1658 -1658 -2 -4 1662 16732
17:29:40.543 P 29405 -761 694 -1638 -1638 -4 -3 562 16408
17:29:40.543 P 29407 -724 616 -1648 -1648 -3 -3 1374 16716
17:29:40.543 P 29409 -685 608 -1631 -1631 -3 -3 72 16500
17:29:40.543 P 29411 -653 531 -1659 -1659 -4 -3 1280 16838
17:29:40.543 P 29413 -622 493 -1656 -1656 -4 -3 998 17008
17:29:40.543 P 29416 -580 447 -1660 -1660 -3 -4 1220 16720
17:29:40.543 P 29417 -569 441 -1667 -1667 -4 -4 2150 16672
17:29:40.543 P 29419 -539 448 -1643 -1643 -3 -4 340 16784
17:29:40.543 P 29421 -516 445 -1629 -1629 -3 -4 1462 16474
17:29:40.543 P 29423 -490 400 -1649 -1649 -4 -4 700 16546
17:29:40.543 P 29425 -467 407 -1634 -1634 -4 -4 448 16518
17:29:40.543 P 29427 -445 368 -1630 -1630 -3 -4 698 16970
17:29:40.543 P 29429 -427 318 -1655 -1655 -4 -4 1338 17118
17:29:40.543 P 29431 -409 303 -1651 -1651 -4 -4 640 16276
17:29:40.543 P 29433 -392 296 -1653 -1653 -3 -5 342 16462
17:29:40.543 P 29435 -376 275 -1659 -1659 -4 -4 544 16988
17:29:40.543 P 29437 -362 254 -1665 -1665 -4 -4 644 16568
17:29:40.543 P 29439 -349 239 -1667 -1667 -4 -4 690 16372
17:29:40.543 P 29441 -336 230 -1677 -1677 -4 -5 824 17010
17:29:40.543 P 29443 -322 250 -1667 -1667 -4 -4 92 16900
17:29:40.543 P 29445 -311 237 -1672 -1672 -4 -4 658 16906
17:29:40.543 P 29447 -299 215 -1688 -1688 -4 -4 1212 16734
17:29:40.543 P 29450 -279 276 -1662 -1662 -4 -5 240 16256
17:29:40.543 P 29452 -266 266 -1665 -1665 -4 -5 1084 16844
17:29:40.543 P 29454 -250 272 -1666 -1666 -5 -5 -8 16666
17:29:40.543 P 29456 -237 269 -1670 -1670 -5 -5 594 17022
17:29:40.543 P 29458 -223 241 -1683 -1683 -5 -5 892 17076
17:29:40.543 P 29460 -211 241 -1683 -1683 -5 -5 582 16486
17:29:40.543 P 29462 -199 237 -1683 -1683 -5 -5 728 16540
17:29:40.543 P 29464 -186 270 -1661 -1661 -5 -5 632 16448
17:29:40.543 P 29466 -170 293 -1652 -1652 -5 -5 434 17064
17:29:40.543 P 29468 -154 300 -1638 -1638 -5 -5 8 16374
17:29:40.543 P 29470 -139 302 -1637 -1637 -5 -5 -230 16722
17:29:40.543 P 29472 -127 205 -1682 -1682 -4 -6 960 17720
17:29:40.543 P 29474 -115 242 -1654 -1654 -5 -4 -52 15910
17:29:40.543 P 29476 -104 236 -1667 -1667 -6 -5 1112 16482
17:29:40.543 P 29478 -89 249 -1646 -1646 -5 -5 -496 17286
17:29:40.543 P 29480 -78 227 -1655 -1655 -5 -5 468 16650
17:29:40.543 P 29482 -69 180 -1687 -1687 -5 -6 1226 16790
17:29:40.543 P 29484 -57 258 -1634 -1634 -4 -5 18 17026
17:29:40.543 P 29486 -46 218 -1669 -1669 -6 -5 242 16596
17:29:40.543 P 29488 -36 218 -1663 -1663 -5 -6 1120 16628
17:29:40.543 P 29490 -23 238 -1634 -1634 -4 -5 216 16802
17:29:40.543 P 29492 -11 258 -1637 -1637 -5 -5 350 16912
17:29:40.543 P 29494 0 256 -1629 -1629 -5 -6 302 16960
17:29:40.543 P 29496 14 266 -1614 -1614 -5 -5 -364 16444
17:29:40.543 P 29498 24 226 -1625 -1625 -4 -5 744 16700
17:29:40.543 P 29500 36 258 -1604 -1604 -5 -5 334 16582
17:29:40.543 P 29502 49 289 -1581 -1581 -5 -5 302 16848
17:29:40.543 P 29504 63 254 -1592 -1592 -5 -6 110 16690
17:29:40.543 P 29506 74 239 -1595 -1595 -6 -5 -112 17036
17:29:40.543 P 29508 85 222 -1590 -1590 -5 -5 274 16436
17:29:40.543 P 29510 96 245 -1558 -1558 -4 -5 -162 16468
17:29:40.543 P 29512 108 261 -1541 -1541 -4 -5 -46 17064
17:29:40.543 P 29515 126 228 -1549 -1549 -4 -5 82 17060
17:29:40.543 P 29517 135 232 -1543 -1543 -5 -5 122 16446
17:29:40.543 P 29519 147 236 -1517 -1517 -4 -5 -2 16892
17:29:40.543 P 29521 158 242 -1505 -1505 -4 -6 -204 17136
17:29:40.543 P 29523 169 239 -1489 -1489 -4 -5 -416 16438
17:29:40.543 P 29525 178 189 -1491 -1491 -4 -4 58 16418
17:29:40.543 P 29527 188 212 -1472 -1472 -4 -4 -160 16934
17:29:40.543 P 29529 196 197 -1473 -1473 -4 -4 128 17044
17:29:40.543 P 29532 211 197 -1460 -1460 -4 -4 -302 16484
17:29:40.543 P 29534 218 183 -1447 -1447 -3 -4 56 16964
17:29:40.543 P 29536 227 208 -1427 -1427 -4 -4 -378 17082
17:29:40.543 P 29538 235 190 -1413 -1413 -3 -4 50 16412
17:29:40.543 P 29540 244 204 -1396 -1396 -3 -4 -148 16492
17:29:40.543 P 29542 253 203 -1399 -1399 -4 -4 -360 17092
17:29:40.543 P 29544 260 173 -1396 -1396 -3 -4 -230 16546
17:29:40.543 P 29546 267 187 -1377 -1377 -4 -3 142 16630
17:29:40.543 P 29549 279 180 -1368 -1368 -4 -4 -180 17004
17:29:40.543 P 29551 286 195 -1335 -1335 -3 -3 102 16860
17:29:40.543 P 29553 295 207 -1336 -1336 -3 -4 -438 16438
17:29:40.543 P 29555 303 189 -1323 -1323 -3 -4 -354 16550
17:29:40.543 P 29557 311 204 1301 1301 -3 -3 -194 16982
17:29:40.543 P 29559 321 235 1321 1321 -4 -4 -462 16802
17:29:40.543 P 29561 331 235 1366 1366 -2 -2 -254 16554
17:29:40.543 P 29563 342 231 1379 1379 -2 -3 -310 17042
17:29:40.543 P 29565 351 218 1401 1401 -2 -3 -434 16814
17:29:40.543 P 29567 360 209 1438 1438 -1 -2 -362 16660
17:29:40.543 P 29569 369 192 1459 1459 -2 -2 -902 16896
17:29:40.543 P 29571 373 12 1412 1412 0 -2 -1654 16714
17:29:40.543 P 29573 363 -151 1337 1337 -1 -2 -886 16694
17:29:40.543 P 29576 337 -254 -1302 -1302 -2 -1 -702 16806
17:29:40.543 P 29578 317 -293 -1316 -1316 -1 -1 -670 16488
17:29:40.543 P 29580 294 -340 -1342 -1342 -1 -1 -720 16740
17:29:40.543 P 29582 267 -404 -1386 -1386 -1 -1 -508 16794
17:29:40.543 P 29584 236 -451 -1419 -1419 0 0 674 16770
17:29:40.543 P 29586 208 -293 -1357 -1357 0 0 150 16630
17:29:40.543 P 29589 180 -243 -1375 -1375 -2 -1 -270 16920
17:29:40.543 P 29591 164 -182 -1331 -1331 0 0 424 16764
17:29:40.543 P 29593 151 -185 -1342 -1342 0 -1 -452 16522
17:29:40.543 P 29595 134 -211 -1360 -1360 0 -1 -134 16806
17:29:40.543 P 29597 117 -236 -1380 -1380 0 -1 302 16840
17:29:40.543 P 29599 100 -221 -1374 -1374 0 0 -10 16604
17:29:40.543 P 29601 83 -218 -1387 -1387 0 0 422 16894
17:29:40.543 P 29604 61 -188 -1391 -1391 0 -1 30 16674
17:29:40.543 P 29606 47 -193 -1398 -1398 0 0 -234 16634
17:29:40.543 P 29608 31 -216 -1418 -1418 0 0 -20 16740
17:29:40.543 P 29610 15 -229 -1435 -1435 0 0 232 16716
17:29:40.543 P 29612 -1 -214 -1441 -1441 0 0 222 16738
17:29:40.543 P 29614 -17 -211 -1452 -1452 0 0 240 16788
17:29:40.543 P 29616 -32 -203 -1462 -1462 0 0 228 16766
17:29:40.543 P 29618 -47 -202 -1475 -1475 0 0 210 16726
17:29:40.543 P 29620 -62 -198 -1487 -1487 0 0 336 16800
17:29:40.543 P 29622 -77 -196 -1499 -1499 0 0 270 16750
17:29:40.543 P 29624 -91 -193 -1511 -1511 0 0 264 16668
17:29:40.543 P 29626 -105 -193 -1535 -1535 -1 0 342 16742
17:29:40.543 P 29628 -120 -189 -1544 -1544 0 0 356 16780
17:29:40.543 P 29630 -133 -175 -1547 -1547 0 0 368 16734
17:29:40.543 P 29632 -146 -163 -1560 -1560 0 0 452 16738
17:29:40.543 P 29634 -157 -133 -1561 -1561 0 0 466 16800
17:29:40.543 P 29637 -170 -92 -1574 -1574 0 -1 468 16724
17:29:40.543 P 29639 -178 -69 -1577 -1577 0 0 566 16750
17:29:40.543 P 29641 -184 -42 -1584 -1584 -1 0 806 16790
17:29:40.543 P 29643 -186 10 -1584 -1584 -2 -1 528 16664
17:29:40.543 P 29645 -188 33 -1581 -1581 -1 -1 1002 16848
17:29:40.543 P 29648 -183 114 -1566 -1566 -2 -1 620 16710
17:29:40.543 P 29650 -178 145 -1553 -1553 -2 -1 520 16738
17:29:40.543 P 29652 -171 161 -1559 -1559 -1 -1 792 16858
17:29:40.543 P 29654 -162 176 -1552 -1552 -2 -1 602 16648
17:29:40.543 P 29657 -148 223 -1527 -1527 -2 -1 152 16786
17:29:40.543 P 29659 -139 186 -1557 -1557 -2 -1 830 16756
17:29:40.543 P 29661 -129 218 -1528 -1528 -1 -1 416 16732
17:29:40.543 P 29663 -118 235 -1517 -1517 -1 -2 466 16792
17:29:40.543 P 29665 -106 249 -1516 -1516 -2 -2 188 16638
17:29:40.543 P 29667 -94 257 -1495 -1495 -2 -1 670 16762
17:29:40.543 P 29669 -80 226 -1509 -1509 -2 -1 -14 16972
17:29:40.543 P 29672 -62 224 -1494 -1494 -2 -1 -430 16738
17:29:40.543 P 29674 -53 220 -1489 -1489 -1 -2 298 16694
17:29:40.543 P 29676 -42 206 -1488 -1488 -1 -2 678 16788
17:29:40.543 P 29678 -32 197 -1483 -1483 -2 -1 -184 16650
17:29:40.543 P 29680 -23 207 -1472 -1472 -2 -1 214 16734
17:29:40.543 P 29682 -13 200 -1458 -1458 -1 -1 138 16838
17:29:40.543 P 29684 -5 174 -1466 -1466 -1 -2 332 16678
17:29:40.543 P 29687 7 191 -1443 -1443 -1 -2 14 16904
17:29:40.543 P 29689 14 168 -1444 -1444 -2 -1 312 16786
17:29:40.543 P 29691 22 183 -1426 -1426 -1 -1 368 16698
17:29:40.543 P 29693 30 173 -1421 -1421 -1 -1 36 16732
17:29:40.543 P 29695 36 165 -1429 -1429 -2 -1 304 16876
17:29:40.543 P 29697 43 163 -1393 -1393 0 -1 348 16814
17:29:40.543 P 29699 51 205 -1381 -1381 -2 -1 180 16640
17:29:40.543 P 29701 59 144 -1378 -1378 0 -1 -212 16774
17:29:40.543 P 29703 65 151 -1389 -1389 -2 -1 304 16844
17:29:40.543 P 29705 71 135 -1369 -1369 -1 -1 -194 16764
17:29:40.543 P 29708 78 128 -1351 -1351 -1 0 -178 16708
17:29:40.543 P 29709 80 102 -1366 -1366 -1 -1 40 16846
17:29:40.543 P 29712 84 93 -1350 -1350 -1 -1 2 16812
17:29:40.543 P 29714 87 102 -1335 -1335 -1 0 -216 16664
17:29:40.543 P 29716 89 86 -1334 -1334 0 0 202 16682
17:29:40.543 P 29718 91 81 -1332 -1332 -1 0 116 16752
17:29:40.543 P 29720 93 81 -1320 -1320 0 -1 -164 16644
17:29:40.543 P 29722 94 69 -1307 -1307 0 0 -142 16696
17:29:40.543 P 29723 95 61 -1314 -1314 0 -1 -320 16680
17:29:40.543 P 29725 95 31 -1323 -1323 0 0 -226 16724
17:29:40.543 P 29727 93 17 -1321 -1321 0 0 -138 16676
17:29:40.543 P 29729 90 20 -1314 -1314 0 0 134 16730
17:29:40.543 P 29731 89 26 -1306 -1306 0 0 -26 16742
17:29:40.543 P 29733 88 36 1301 1301 0 0 30 16762
17:29:40.543 P 29735 87 43 1307 1307 0 0 92 16722
17:29:40.543 P 29737 87 58 1324 1324 0 0 50 16820
17:29:40.543 P 29739 88 75 1332 1332 0 0 32 16768
17:29:40.543 P 29741 90 87 1348 1348 0 0 24 16790
17:29:40.543 P 29743 93 100 1354 1354 0 0 -64 16792
17:29:40.543 P 29745 96 114 1372 1372 0 1 16 16726
17:29:40.543 P 29747 101 125 1378 1378 0 0 -80 16698
17:29:40.543 P 29749 106 139 1386 1386 0 0 -118 16720
17:29:40.543 P 29750 109 146 1392 1392 0 0 -110 16750
17:29:40.543 P 29752 115 158 1401 1401 0 0 -62 16822
17:29:40.543 P 29754 122 173 1414 1414 0 0 -48 16770
17:29:40.543 P 29756 130 186 1427 1427 0 0 -108 16660
17:29:40.543 P 29758 139 201 1442 1442 0 0 -138 16800
17:29:40.543 P 29760 149 218 1459 1459 0 0 -128 16746
17:29:40.543 P 29762 159 234 1477 1477 0 0 -98 16658
17:29:40.543 P 29764 171 250 1495 1495 0 0 -128 16802
17:29:40.543 P 29765 177 259 1505 1505 0 0 -148 16682
17:29:40.543 P 29767 190 280 1537 1537 0 0 -170 16676
17:29:40.543 P 29769 205 300 1557 1557 0 0 -216 16858
17:29:40.543 P 29771 220 319 1588 1588 0 0 -88 16838
17:29:40.543 P 29773 237 351 1644 1644 1 1 -190 16700
17:29:40.543 P 29775 256 374 1692 1692 1 1 -874 16692
17:29:40.543 P 29777 273 264 1675 1675 1 0 -1514 16724
17:29:40.543 P 29779 280 72 1643 1643 3 2 -1448 16762
17:29:42.423 P 29781 276 -66 1593 1593 2 2 -720 16672
17:29:42.423 P 29783 265 -152 1574 1574 2 3 -168 16634
17:29:42.423 P 29785 251 -178 1563 1563 2 2 -908 16956
17:29:42.423 P 29787 236 -166 1573 1573 2 2 -272 16690
17:29:42.423 P 29789 223 -167 1575 1575 2 2 -384 16636
17:29:42.423 P 29791 211 -134 1600 1600 2 3 -518 16850
17:29:42.423 P 29794 194 431 1862 1862 2 2 3068 16228
17:29:42.423 P 29796 216 1090 2212 2212 2 2 9788 17550
17:29:42.423 P 29798 288 1252 2418 2418 4 4 3424 17966
17:29:42.423 P 29800 328 840 2391 2391 6 6 3896 16018
17:29:42.423 P 29802 354 482 2395 2395 8 7 2478 16406
17:29:42.423 P 29804 353 189 2438 2438 11 9 4576 17402
17:29:42.423 P 29806 342 -34 2517 2517 12 11 4582 17878
17:29:42.423 P 29808 325 -131 2654 2654 14 13 1120 15832
17:29:42.423 P 29810 292 -480 2666 2666 16 15 1240 18964
17:29:42.423 P 29812 246 -828 2663 2663 17 16 -1432 14910
17:29:42.423 P 29815 128 -1422 2591 2591 19 19 -3294 15920
17:29:42.423 P 29817 14 -1896 2440 2440 20 19 54 17174
17:29:42.423 P 29819 -107 -2139 2381 2381 21 20 -2212 13452
17:29:42.423 P 29821 -253 -2374 2277 2277 21 21 1060 16092
17:29:42.423 P 29823 -402 -2529 2168 2168 20 20 -490 16572
17:29:42.423 P 29825 -564 -2730 2011 2011 21 20 12 14986
17:29:42.423 P 29827 -735 -2827 1877 1877 21 21 114 13784
17:29:42.423 P 29829 -910 -2944 1705 1705 21 20 186 15992
17:29:42.423 P 29831 -1091 -3059 1512 1512 21 21 644 16666
17:29:42.423 P 29833 -1283 -3048 1357 1357 21 20 5320 13944
17:29:42.423 P 29835 -1454 -2813 1329 1329 21 20 548 15984
17:29:42.423 P 29837 -1627 -3024 -1524 -1524 20 20 416 13576
17:29:42.423 P 29839 -1820 -3228 -1845 -1845 19 18 4508 15386
17:29:42.423 P 29842 -2086 -2427 -1910 -1910 13 15 9222 21202
17:29:42.423 P 29844 -2182 -1240 -1635 -1635 11 12 9480 24742
17:29:42.423 P 29846 -2224 -474 -1513 -1513 9 10 7294 17398
17:29:42.423 P 29848 -2221 55 -1459 -1459 8 9 1970 16308
17:29:42.423 P 29850 -2212 121 -1577 -1577 7 8 4004 17758
17:29:42.423 P 29852 -2197 157 -1693 -1693 6 7 2818 17300
17:29:42.423 P 29854 -2179 298 -1745 -1745 6 6 4480 16950
17:29:42.423 P 29856 -2148 570 -1745 -1745 3 4 5362 18132
17:29:42.423 P 29858 -2097 883 -1694 -1694 2 3 4170 18078
17:29:42.423 P 29860 -2030 1142 -1664 -1664 1 2 4740 17322
17:29:42.423 P 29862 -1948 1328 -1625 -1625 1 1 2420 16830
17:29:42.423 P 29864 -1861 1408 -1622 -1622 -1 1 3522 16402
17:29:42.423 P 29866 -1770 1433 -1623 -1623 0 0 2062 16496
17:29:42.423 P 29868 -1681 1372 -1649 -1649 -1 -1 1752 15906
17:29:42.423 P 29870 -1599 1250 -1688 -1688 -1 -1 1960 16000
17:29:42.423 P 29872 -1522 1208 -1691 -1691 -1 0 1670 16680
17:29:42.423 P 29874 -1447 1185 -1701 -1701 -2 -2 2396 16616
17:29:42.423 P 29876 -1372 1159 -1683 -1683 -2 -2 1266 16354
17:29:42.423 P 29878 -1300 1166 -1647 -1647 -1 -2 1220 16372
17:29:42.423 P 29880 -1231 1091 -1672 -1672 -2 -3 2146 16476
17:29:42.423 P 29882 -1164 1024 -1671 -1671 -3 -2 1898 16492
17:29:42.423 P 29884 -1101 1004 -1652 -1652 -3 -2 920 16256
17:29:42.423 P 29886 -1043 920 -1670 -1670 -3 -3 1674 16706
17:29:42.423 P 29888 -986 895 -1649 -1649 -2 -3 1138 16514
17:29:42.423 P 29890 -934 834 -1655 -1655 -3 -3 1098 16394
17:29:42.423 P 29892 -885 771 -1649 -1649 -2 -3 1704 16548
17:29:42.423 P 29894 -838 766 -1635 -1635 -3 -4 724 16412
17:29:42.423 P 29897 -775 688 -1625 -1625 -3 -3 1070 16738
17:29:42.423 P 29899 -735 627 -1644 -1644 -3 -4 830 16354
17:29:42.423 P 29901 -699 574 -1644 -1644 -3 -3 694 16544
17:29:42.423 P 29903 -666 565 -1636 -1636 -4 -3 756 16670
17:29:42.423 P 29905 -635 468 -1658 -1658 -3 -4 1274 16934
17:29:42.423 P 29907 -606 485 -1638 -1638 -4 -4 226 16282
17:29:42.423 P 29909 -581 412 -1668 -1668 -4 -4 1088 16640
17:29:42.423 P 29911 -557 403 -1665 -1665 -4 -4 1704 16964
17:29:42.423 P 29913 -531 409 -1631 -1631 -3 -3 -56 16554
17:29:42.423 P 29915 -512 345 -1667 -1667 -4 -4 1444 16664
17:29:42.423 P 29917 -492 296 -1680 -1680 -3 -4 662 16660
17:29:42.423 P 29920 -467 310 -1681 -1681 -4 -4 740 16950
17:29:42.423 P 29922 -450 319 -1670 -1670 -4 -4 682 16326
17:29:42.423 P 29924 -432 322 -1669 -1669 -4 -4 272 16734
17:29:42.423 P 29926 -414 298 -1688 -1688 -4 -5 612 16752
17:29:42.423 P 29928 -398 287 -1695 -1695 -4 -5 638 16384
17:29:42.423 P 29930 -382 259 -1699 -1699 -4 -5 474 17160
17:29:42.423 P 29932 -369 256 -1722 -1722 -5 -5 1042 17002
17:29:42.423 P 29934 -355 264 -1710 -1710 -5 -4 1480 16530
17:29:42.423 P 29936 -339 302 -1702 -1702 -5 -6 752 16908
17:29:42.423 P 29938 -321 308 -1704 -1704 -6 -5 618 16820
17:29:42.423 P 29940 -305 331 -1683 -1683 -5 -5 954 16772
17:29:42.423 P 29942 -286 330 -1682 -1682 -5 -6 442 16670
17:29:42.423 P 29944 -270 314 -1693 -1693 -5 -5 508 16388
17:29:42.423 P 29946 -253 300 -1702 -1702 -5 -6 812 16962
17:29:42.423 P 29948 -235 326 -1686 -1686 -5 -6 18 16856
17:29:42.423 P 29950 -219 294 -1688 -1688 -5 -5 730 17188
17:29:42.423 P 29952 -203 303 -1691 -1691 -6 -5 634 16626
17:29:42.423 P 29954 -187 319 -1676 -1676 -5 -6 560 16190
17:29:42.423 P 29956 -170 305 -1683 -1683 -5 -6 482 17212
17:29:42.423 P 29958 -154 302 -1674 -1674 -5 -6 114 16450
17:29:42.423 P 29960 -138 326 -1653 -1653 -5 -5 -8 16378
17:29:42.423 P 29962 -121 298 -1674 -1674 -6 -6 616 17000
17:29:42.423 P 29964 -104 312 -1651 -1651 -5 -5 -176 16770
17:29:42.423 P 29966 -90 275 -1676 -1676 -5 -6 502 16666
17:29:42.423 P 29968 -76 247 -1675 -1675 -5 -6 142 16700
17:29:42.423 P 29970 -63 280 -1656 -1656 -5 -6 -408 16282
17:29:42.423 P 29972 -50 305 -1651 -1651 -6 -6 1050 17166
17:29:42.423 P 29974 -31 313 -1626 -1626 -5 -6 -492 16300
17:29:42.423 P 29976 -21 210 -1682 -1682 -5 -6 1312 17084
17:29:42.423 P 29978 -7 287 -1628 -1628 -5 -5 18 17120
17:29:42.423 P 29980 5 287 -1613 -1613 -5 -5 496 16348
17:29:42.423 P 29982 20 281 -1622 -1622 -6 -5 202 16746
17:29:42.423 P 29984 35 278 -1606 -1606 -5 -5 -198 16530
17:29:42.423 P 29985 41 258 -1614 -1614 -5 -6 -100 16838
17:29:42.423 P 29987 54 281 -1591 -1591 -5 -5 70 16912
17:29:42.423 P 29989 68 280 -1592 -1592 -6 -6 -36 16452
17:29:42.423 P 29991 80 237 -1593 -1593 -5 -6 -112 16928
17:29:42.423 P 29993 91 231 -1590 -1590 -5 -5 -354 16468
17:29:42.423 P 29994 96 221 -1587 -1587 -5 -5 136 16736
17:29:42.423 P 29996 106 245 -1561 -1561 -4 -5 426 16374
17:29:42.423 P 29998 118 234 -1564 -1564 -5 -5 450 17458
17:29:42.423 P 30000 130 241 -1540 -1540 -4 -5 -294 17066
17:29:42.423 P 30002 139 204 -1544 -1544 -4 -5 506 16776
17:29:42.423 P 30004 150 239 -1525 -1525 -4 -6 -440 16118
17:29:42.423 P 30006 160 223 -1519 -1519 -4 -4 274 17070
17:29:42.423 P 30008 169 209 -1528 -1528 -5 -6 380 16968
17:29:42.423 P 30009 174 214 -1516 -1516 -4 -5 276 16832
17:29:42.423 P 30011 184 203 -1496 -1496 -4 -5 -124 16534
17:29:42.423 P 30013 191 189 -1504 -1504 -5 -5 316 16944
17:29:42.423 P 30015 199 198 -1482 -1482 -4 -5 180 16438
17:29:42.423 P 30017 208 196 -1468 -1468 -4 -5 -414 16808
17:29:42.423 P 30019 216 189 -1470 -1470 -4 -5 -294 16700
17:29:42.423 P 30021 223 201 -1445 -1445 -4 -4 102 16882
17:29:42.423 P 30023 232 197 -1431 -1431 -4 -4 22 17240
17:29:42.423 P 30025 241 223 -1406 -1406 -4 -4 48 16142
17:29:42.423 P 30027 251 237 -1387 -1387 -3 -4 -382 16714
17:29:42.423 P 30029 261 198 -1398 -1398 -3 -5 -402 16740
17:29:42.423 P 30031 268 190 -1387 -1387 -4 -4 -64 16736
17:29:42.423 P 30033 277 193 -1375 -1375 -4 -4 -462 17054
17:29:42.423 P 30035 283 186 -1372 -1372 -4 -4 426 16974
17:29:42.423 P 30037 294 232 -1331 -1331 -4 -4 -616 16322
17:29:42.423 P 30039 304 203 -1332 -1332 -4 -4 -514 16594
17:29:42.423 P 30041 311 207 -1310 -1310 -2 -4 230 17046
17:29:42.423 P 30043 321 223 1305 1305 -3 -4 -6 16682
17:29:42.423 P 30045 331 239 1341 1341 -2 -3 -294 16780
17:29:42.423 P 30047 342 234 1359 1359 -3 -2 -378 16840
17:29:42.423 P 30049 352 242 1386 1386 -2 -4 -338 16890
17:29:42.423 P 30051 364 257 1431 1431 -3 -2 -504 16896
17:29:42.423 P 30053 377 239 1465 1465 -2 -2 -1914 16386
17:29:42.423 P 30055 382 63 1405 1405 -2 -1 -1116 17106
17:29:42.423 P 30057 375 -119 1342 1342 -1 -2 -952 16792
17:29:42.423 P 30059 360 -200 1311 1311 -1 -1 -394 16518
17:29:42.423 P 30061 343 -219 1316 1316 -1 -2 -536 16818
17:29:42.423 P 30064 315 -276 -1305 -1305 -1 -1 -616 16812
17:29:42.423 P 30066 292 -326 -1330 -1330 -1 -1 -518 16828
17:29:42.423 P 30068 267 -386 -1368 -1368 -1 -1 -580 16702
17:29:42.423 P 30070 237 -468 -1434 -1434 -1 -1 -564 16620
17:29:42.423 P 30072 201 -476 -1455 -1455 -1 -1 1864 16814
17:29:42.423 P 30074 177 -243 -1363 -1363 -1 -1 0 16780
17:29:42.423 P 30076 161 -211 -1349 -1349 0 0 -268 16910
17:29:42.423 P 30078 144 -198 -1358 -1358 0 -1 540 16810
17:29:42.423 P 30080 130 -145 -1339 -1339 -1 0 56 16706
17:29:42.423 P 30083 112 -152 -1355 -1355 -1 -1 -12 16628
17:29:42.423 P 30085 98 -182 -1370 -1370 -1 0 -96 16670
17:29:42.423 P 30087 83 -204 -1384 -1384 0 0 40 16682
17:29:42.423 P 30089 67 -217 -1399 -1399 0 0 194 16806
17:29:42.423 P 30091 50 -217 -1402 -1402 0 0 264 16672
17:29:42.423 P 30093 34 -190 -1403 -1403 0 0 210 16746
17:29:42.423 P 30095 20 -178 -1402 -1402 0 0 298 16704
17:29:42.423 P 30098 0 -164 -1415 -1415 0 0 288 16724
17:29:42.423 P 30100 -12 -157 -1417 -1417 0 0 252 16826
17:29:42.423 P 30102 -24 -153 -1431 -1431 0 0 196 16676
17:29:42.423 P 30104 -36 -159 -1440 -1440 0 0 204 16762
17:29:42.423 P 30106 -49 -163 -1460 -1460 0 -1 156 16766
17:29:42.423 P 30108 -61 -169 -1470 -1470 0 0 216 16702
17:29:42.423 P 30110 -75 -174 -1481 -1481 0 0 256 16742
17:29:42.423 P 30112 -88 -171 -1489 -1489 0 0 320 16780
17:29:42.423 P 30114 -101 -171 -1500 -1500 0 0 346 16766
17:29:42.423 P 30116 -114 -172 -1512 -1512 0 0 318 16798
17:29:42.423 P 30118 -127 -172 -1523 -1523 0 0 352 16708
17:29:42.423 P 30120 -140 -170 -1534 -1534 0 0 444 16732
17:29:42.423 P 30122 -153 -162 -1542 -1542 0 0 446 16678
17:29:42.423 P 30124 -165 -150 -1557 -1557 -1 0 518 16814
17:29:42.423 P 30126 -176 -134 -1557 -1557 0 0 516 16718
17:29:42.423 P 30128 -185 -109 -1572 -1572 -1 -1 594 16736
17:29:42.423 P 30131 -196 -54 -1563 -1563 0 0 830 16786
17:29:42.423 P 30133 -199 5 -1566 -1566 -1 -1 526 16760
17:29:42.423 P 30135 -201 25 -1569 -1569 -2 0 712 16744
17:29:42.423 P 30137 -201 54 -1562 -1562 -1 0 862 16788
17:29:42.423 P 30140 -195 156 -1535 -1535 -1 -1 560 16784
17:29:42.423 P 30142 -188 135 -1556 -1556 -1 -2 568 16762
17:29:42.423 P 30144 -182 161 -1550 -1550 -2 -1 732 16772
17:29:42.423 P 30146 -174 168 -1550 -1550 -1 -2 908 16876
17:29:44.264 P 30148 -164 206 -1527 -1527 -2 0 150 16700
17:29:44.264 P 30151 -151 214 -1522 -1522 -2 -1 68 16726
17:29:44.264 P 30153 -141 224 -1530 -1530 -2 -2 592 16740
17:29:44.264 P 30155 -130 198 -1519 -1519 -1 -1 836 16932
17:29:44.264 P 30157 -118 258 -1489 -1489 -1 -1 -156 16698
17:29:44.264 P 30159 -107 213 -1507 -1507 -2 -1 676 16620
17:29:44.264 P 30161 -96 223 -1499 -1499 -2 -2 254 16848
17:29:44.264 P 30163 -85 245 -1484 -1484 -2 -2 302 16660
17:29:44.264 P 30165 -75 191 -1485 -1485 -1 -1 554 16626
17:29:44.264 P 30168 -59 228 -1452 -1452 -1 -1 168 16796
17:29:44.264 P 30170 -49 207 -1452 -1452 -1 -1 498 16752
17:29:44.264 P 30172 -38 225 -1433 -1433 -1 -1 202 16728
17:29:44.264 P 30174 -19 185 -1443 -1443 -2 -1 -9290 16004
17:29:44.264 P 30176 -24 -769 -1876 -1876 0 -1 -6234 17466
17:29:44.264 P 30178 -58 -1009 -2040 -2040 -2 -1 -14340 16728
17:29:44.264 P 30180 -137 -1486 -2387 -2387 -3 -3 -5266 15556
17:29:44.264 P 30183 -249 -1333 -2623 -2623 -7 -6 -2064 18002
17:29:44.264 P 30185 -298 -824 -2631 -2631 -10 -9 -1372 18782
17:29:44.264 P 30187 -323 -206 -2596 -2596 -12 -11 162 17250
17:29:44.264 P 30189 -315 396 -2556 -2556 -15 -13 4082 17702
17:29:44.264 P 30191 -267 994 -2463 -2463 -16 -15 1504 17748
17:29:44.264 P 30193 -192 1569 -2336 -2336 -17 -16 4460 16908
17:29:44.264 P 30195 -81 1992 -2221 -2221 -18 -16 2000 15718
17:29:44.264 P 30198 116 2345 -2093 -2093 -18 -18 368 16772
17:29:44.264 P 30200 257 2440 -2020 -2020 -19 -17 1706 16728
17:29:44.264 P 30202 408 2594 -1872 -1872 -18 -17 -200 16456
17:29:44.264 P 30204 561 2621 -1768 -1768 -17 -18 -156 13430
17:29:44.264 P 30206 716 2669 -1640 -1640 -16 -17 358 15168
17:29:44.264 P 30208 875 2770 -1476 -1476 -17 -17 -388 16516
17:29:44.264 P 30210 1039 2839 -1301 -1301 -17 -16 -328 15000
17:29:44.264 P 30212 1213 2868 1463 1463 -17 -16 -4566 13504
17:29:44.264 P 30214 1369 2596 1511 1511 -14 -16 -1080 17096
17:29:44.264 P 30217 1601 2513 1818 1818 -12 -13 -6068 17752
17:29:44.264 P 30219 1724 1750 1715 1715 -10 -11 -6346 16380
17:29:44.264 P 30221 1779 701 1436 1436 -8 -9 -5522 20030
17:29:44.264 P 30223 1797 267 1410 1410 -6 -8 -4776 18654
17:29:44.264 P 30225 1793 132 1462 1462 -7 -7 -532 15930
17:29:44.264 P 30227 1799 134 1580 1580 -6 -7 -3740 13966
17:29:44.264 P 30229 1794 127 1685 1685 -5 -6 -2538 17784
17:29:44.264 P 30231 1790 -101 1685 1685 -4 -5 -5642 19860
17:29:44.264 P 30233 1764 -380 1651 1651 -3 -3 -3902 16620
17:29:44.264 P 30235 1722 -627 1625 1625 -2 -2 -2460 16092
17:29:44.264 P 30238 1642 -834 1604 1604 0 -3 -1888 18078
17:29:44.264 P 30239 1613 -845 1626 1626 0 -1 -2942 17250
17:29:44.264 P 30241 1550 -935 1616 1616 0 -1 -1740 15826
17:29:44.264 P 30243 1486 -912 1652 1652 1 0 -2510 16272
17:29:44.264 P 30245 1424 -910 1663 1663 1 1 -2066 17290
17:29:44.264 P 30247 1362 -881 1676 1676 1 1 -1666 16422
17:29:44.264 P 30249 1302 -862 1669 1669 1 1 -2014 16828
17:29:44.264 P 30251 1243 -822 1689 1689 1 2 -1480 17032
17:29:44.264 P 30253 1188 -819 1677 1677 2 1 -2118 16526
17:29:44.264 P 30255 1133 -733 1695 1695 1 2 -1434 16260
17:29:44.264 P 30257 1081 -772 1674 1674 2 2 -974 16800
17:29:44.264 P 30259 1032 -690 1703 1703 2 3 -1822 16626
17:29:44.264 P 30261 983 -727 1663 1663 2 3 -1112 16530
17:29:44.264 P 30263 934 -687 1681 1681 2 3 -1740 16568
17:29:44.264 P 30265 888 -659 1677 1677 3 4 -2130 16610
17:29:44.264 P 30268 820 -609 1676 1676 3 3 -1484 16646
17:29:44.264 P 30270 778 -581 1666 1666 3 3 -1088 16640
17:29:44.264 P 30272 740 -552 1665 1665 3 3 -1098 16566
17:29:44.264 P 30274 702 -526 1660 1660 3 4 -1076 16874
17:29:44.264 P 30276 666 -525 1648 1648 3 4 -1028 16812
17:29:44.264 P 30278 632 -479 1645 1645 4 3 -1090 16924
17:29:44.264 P 30280 600 -452 1643 1643 3 4 -1244 16642
17:29:44.264 P 30282 569 -431 1624 1624 2 3 -1208 16720
17:29:44.264 P 30284 541 -395 1636 1636 3 4 -2228 16364
17:29:44.264 P 30286 510 -401 1621 1621 4 4 140 16446
17:29:44.264 P 30288 486 -329 1639 1639 4 4 -872 16694
17:29:44.264 P 30290 463 -274 1647 1647 3 4 -528 16858
17:29:44.264 P 30293 433 -289 1625 1625 4 4 164 16844
17:29:44.264 P 30295 415 -225 1661 1661 4 5 -1164 16354
17:29:44.264 P 30297 396 -238 1643 1643 4 4 -662 17094
17:29:44.264 P 30299 379 -200 1649 1649 3 4 -590 16852
17:29:44.264 P 30301 363 -214 1641 1641 3 5 -152 16902
17:29:44.264 P 30303 349 -151 1661 1661 3 4 -818 16830
17:29:44.264 P 30305 335 -172 1659 1659 4 5 -242 16644
17:29:44.264 P 30307 324 -145 1670 1670 4 5 -1296 16596
17:29:44.264 P 30309 308 -190 1640 1640 4 4 -98 16614
17:29:44.264 P 30311 295 -154 1659 1659 4 4 -408 16820
17:29:44.264 P 30313 282 -133 1670 1670 4 5 -544 16862
17:29:44.264 P 30315 272 -122 1675 1675 4 4 -660 16852
17:29:44.264 P 30317 263 -116 1687 1687 4 5 -1258 16714
17:29:44.264 P 30319 250 -152 1672 1672 4 5 -562 16682
17:29:44.264 P 30321 238 -156 1670 1670 4 5 -712 16488
17:29:44.264 P 30324 217 -183 1651 1651 4 5 -200 16928
17:29:44.264 P 30326 206 -157 1661 1661 4 5 -1330 17206
17:29:44.264 P 30328 190 -211 1638 1638 5 5 -156 16646
17:29:44.264 P 30330 176 -170 1659 1659 4 6 -400 16176
17:29:44.264 P 30332 162 -166 1648 1648 4 5 -190 16606
17:29:44.264 P 30334 151 -157 1644 1644 4 5 -544 17238
17:29:44.264 P 30336 138 -154 1656 1656 5 5 -182 17086
17:29:44.264 P 30339 124 -111 1668 1668 4 5 -516 16352
17:29:44.264 P 30341 114 -145 1653 1653 5 5 -1236 17098
17:29:44.264 P 30343 100 -190 1617 1617 4 5 -536 16280
17:29:44.264 P 30345 86 -184 1616 1616 4 5 106 15990
17:29:44.264 P 30347 72 -145 1639 1639 4 6 -226 17004
17:29:44.264 P 30349 63 -99 1648 1648 4 5 -424 17910
17:29:44.264 P 30351 55 -97 1658 1658 5 5 -322 16316
17:29:44.264 P 30353 46 -108 1641 1641 4 5 -366 15268
17:29:44.264 P 30355 35 -136 1632 1632 4 5 52 17456
17:29:44.264 P 30357 24 -138 1627 1627 4 6 26 17544
17:29:44.264 P 30359 15 -103 1640 1640 4 5 -364 16690
17:29:44.264 P 30361 5 -124 1637 1637 5 6 126 16260
17:29:44.264 P 30363 -2 -99 1642 1642 4 5 -150 16530
17:29:44.264 P 30365 -10 -95 1638 1638 4 4 -226 17134
17:29:44.264 P 30367 -20 -150 1616 1616 5 5 -304 16172
17:29:44.264 P 30369 -32 -161 1603 1603 5 5 124 16786
17:29:44.264 P 30371 -44 -153 1607 1607 4 5 86 16836
17:29:44.264 P 30373 -56 -149 1608 1608 4 6 366 16612
17:29:44.264 P 30375 -65 -116 1616 1616 5 5 -584 16284
17:29:44.264 P 30377 -75 -145 1585 1585 4 5 252 17058
17:29:44.264 P 30379 -86 -143 1591 1591 5 5 -20 16786
17:29:44.264 P 30381 -96 -126 1591 1591 4 5 -10 17570
17:29:44.264 P 30383 -105 -105 1597 1597 4 5 -442 16362
17:29:44.264 P 30385 -115 -164 1553 1553 4 4 -130 16406
17:29:44.264 P 30387 -128 -158 1561 1561 4 6 -156 17022
17:29:44.264 P 30389 -138 -127 1561 1561 4 5 278 16816
17:29:44.264 P 30391 -146 -120 1567 1567 5 6 -496 16740
17:29:44.264 P 30394 -163 -130 1543 1543 4 5 -56 16858
17:29:44.264 P 30396 -172 -137 1532 1532 4 5 112 16606
17:29:44.264 P 30397 -178 -141 1526 1526 4 5 138 16426
17:29:44.264 P 30399 -187 -120 1511 1511 3 5 282 16706
17:29:44.264 P 30401 -197 -122 1510 1510 4 5 -74 16526
17:29:44.264 P 30404 -212 -143 1470 1470 4 4 76 16850
17:29:44.264 P 30406 -222 -152 1460 1460 4 4 362 16614
17:29:44.264 P 30408 -231 -124 1472 1472 4 5 -38 17004
17:29:44.264 P 30410 -241 -125 1448 1448 3 4 264 16818
17:29:44.264 P 30412 -249 -132 1446 1446 4 4 -102 16484
17:29:44.264 P 30414 -259 -134 1417 1417 3 4 188 16958
17:29:44.264 P 30416 -268 -120 1412 1412 3 4 60 16824
17:29:44.264 P 30418 -277 -125 1400 1400 3 4 310 16590
17:29:44.264 P 30420 -285 -114 1390 1390 3 4 -78 16710
17:29:44.264 P 30422 -294 -124 1372 1372 3 4 202 16810
17:29:44.264 P 30425 -308 -160 1338 1338 3 4 466 16748
17:29:44.264 P 30427 -319 -148 1336 1336 4 3 324 16410
17:29:44.264 P 30429 -330 -174 1306 1306 3 4 -112 16682
17:29:44.264 P 30431 -344 -190 -1338 -1338 2 3 756 17218
17:29:44.264 P 30433 -355 -188 -1345 -1345 3 3 -114 16344
17:29:44.264 P 30435 -370 -206 -1381 -1381 3 3 524 16754
17:29:44.264 P 30437 -382 -192 -1403 -1403 3 3 376 17290
17:29:44.264 P 30439 -394 -183 -1450 -1450 2 2 366 16430
17:29:44.264 P 30441 -406 -150 -1456 -1456 2 2 684 16646
17:29:44.264 P 30444 -415 -5 -1439 -1439 2 2 1078 17202
17:29:44.264 P 30446 -413 138 -1416 -1416 1 0 2274 16778
17:29:44.264 P 30448 -398 292 -1353 -1353 0 1 466 16834
17:29:44.264 P 30450 -380 321 -1338 -1338 1 1 390 16820
17:29:44.264 P 30453 -352 336 -1342 -1342 0 1 528 16628
17:29:44.264 P 30455 -332 366 -1345 -1345 0 0 554 16874
17:29:44.264 P 30457 -309 406 -1321 -1321 0 0 474 16722
17:29:44.264 P 30459 -285 429 -1306 -1306 0 0 304 16672
17:29:44.264 P 30461 -261 391 -1316 -1316 0 0 -92 16822
17:29:44.264 P 30463 -239 376 -1321 -1321 0 0 152 16770
17:29:44.264 P 30465 -218 346 -1319 -1319 0 0 -58 16656
17:29:44.264 P 30467 -201 299 -1329 -1329 0 0 -68 16730
17:29:44.264 P 30470 -177 264 -1326 -1326 0 0 -34 16716
17:29:44.264 P 30472 -164 238 -1327 -1327 0 0 -78 16584
17:29:44.264 P 30474 -152 216 -1327 -1327 0 0 -78 16762
17:29:44.264 P 30476 -141 193 -1329 -1329 0 0 -24 16780
17:29:44.264 P 30478 -132 174 -1329 -1329 0 0 -86 16638
17:29:44.264 P 30480 -123 153 -1332 -1332 0 0 -66 16724
17:29:44.264 P 30482 -117 134 -1335 -1335 0 0 -108 16680
17:29:44.264 P 30484 -111 117 -1337 -1337 0 0 -104 16684
17:29:44.264 P 30486 -106 99 -1341 -1341 0 0 -44 16716
17:29:44.264 P 30488 -103 83 -1346 -1346 0 0 -134 16788
17:29:44.264 P 30490 -100 66 -1351 -1351 0 0 -64 16760
17:29:44.264 P 30492 -99 48 -1359 -1359 0 0 -72 16798
17:29:44.264 P 30494 -98 32 -1367 -1367 0 0 -104 16790
17:29:44.264 P 30496 -98 16 -1375 -1375 0 0 -94 16706
17:29:44.264 P 30498 -100 -2 -1385 -1385 0 0 -54 16772
17:29:44.264 P 30500 -103 -16 -1394 -1394 0 0 -68 16722
17:29:44.264 P 30502 -106 -35 -1407 -1407 0 0 14 16792
17:29:44.264 P 30504 -111 -52 -1420 -1420 0 0 2 16748
17:29:44.264 P 30506 -117 -68 -1433 -1433 0 0 -10 16684
17:29:44.264 P 30508 -123 -83 -1456 -1456 0 -1 -64 16776
17:29:44.264 P 30510 -131 -101 -1469 -1469 0 0 326 16788
17:29:44.264 P 30512 -139 -93 -1471 -1471 0 0 -162 16734
17:29:44.264 P 30514 -148 -111 -1486 -1486 0 0 368 16716
17:29:44.264 P 30516 -156 -120 -1507 -1507 0 0 126 16684
17:29:44.264 P 30518 -166 -121 -1520 -1520 0 0 254 16686
17:29:44.264 P 30520 -175 -122 -1535 -1535 0 -1 490 16700
17:29:44.264 P 30522 -184 -89 -1531 -1531 0 -1 202 16736
17:29:44.264 P 30524 -191 -66 -1539 -1539 0 -1 444 16700
17:29:44.264 P 30526 -197 -86 -1560 -1560 0 0 182 16794
17:29:44.264 P 30528 -204 -78 -1578 -1578 0 -1 190 16682
17:29:46.075 P 30530 -211 -71 -1594 -1594 -1 -1 888 16816
17:29:46.075 P 30532 -215 -17 -1591 -1591 -1 -2 342 16812
17:29:46.075 P 30534 -217 21 -1588 -1588 -2 -1 688 16764
17:29:46.075 P 30536 -216 65 -1576 -1576 -1 -2 160 16680
17:29:46.075 P 30538 -213 117 -1574 -1574 -2 -2 672 16850
17:29:46.075 P 30540 -207 95 -1588 -1588 -1 -2 344 16862
17:29:46.075 P 30542 -203 153 -1571 -1571 -1 -2 500 16714
17:29:46.075 P 30544 -194 157 -1572 -1572 -2 -1 222 16690
17:29:46.075 P 30546 -187 176 -1574 -1574 -2 -2 448 16684
17:29:46.075 P 30548 -177 196 -1569 -1569 -1 -3 424 16790
17:29:46.075 P 30550 -167 189 -1573 -1573 -2 -2 460 16800
17:29:46.075 P 30552 -157 227 -1550 -1550 -1 -2 -68 16802
17:29:46.075 P 30554 -145 226 -1556 -1556 -2 -2 402 16770
17:29:46.075 P 30556 -134 232 -1553 -1553 -2 -2 182 16654
17:29:46.075 P 30558 -123 213 -1571 -1571 -2 -3 1164 16778
17:29:46.075 P 30560 -110 266 -1541 -1541 -3 -3 -58 16810
17:29:46.075 P 30562 -97 246 -1542 -1542 -3 -2 428 16768
17:29:46.075 P 30564 -85 248 -1533 -1533 -3 -2 766 16746
17:29:46.075 P 30566 -70 285 -1494 -1494 -2 -1 6 16828
17:29:46.075 P 30568 -57 254 -1509 -1509 -2 -2 520 16514
17:29:46.075 P 30570 -43 255 -1497 -1497 -2 -2 -304 16762
17:29:46.075 P 30572 -32 244 -1493 -1493 -2 -2 360 16980
17:29:46.075 P 30574 -19 238 -1486 -1486 -2 -2 56 16524
17:29:46.075 P 30576 -7 240 -1477 -1477 -3 -2 294 16906
17:29:46.075 P 30578 4 217 -1470 -1470 -2 -2 -320 16790
17:29:46.075 P 30580 14 225 -1440 -1440 -1 -1 -466 16476
17:29:46.075 P 30582 23 168 -1466 -1466 -1 -1 508 16848
17:29:46.075 P 30584 32 216 -1432 -1432 -1 -2 -28 16704
17:29:46.075 P 30586 41 166 -1446 -1446 -1 -1 82 16810
17:29:46.075 P 30588 48 172 -1438 -1438 -2 -2 294 16828
17:29:46.075 P 30590 57 177 -1430 -1430 -2 -2 -492 16744
17:29:46.075 P 30592 62 142 -1424 -1424 -1 -1 490 16686
17:29:46.075 P 30594 70 157 -1406 -1406 -1 -1 -582 16770
17:29:46.075 P 30596 74 121 -1429 -1429 -2 -2 280 16708
17:29:46.075 P 30598 79 141 -1393 -1393 -1 -1 -298 16782
17:29:46.075 P 30600 83 113 -1405 -1405 -1 -1 454 16802
17:29:46.075 P 30602 88 115 -1395 -1395 -1 -2 -300 16576
17:29:46.075 P 30604 92 155 -1349 -1349 -1 0 -294 16740
17:29:46.075 P 30606 97 83 -1390 -1390 -1 -1 -80 16818
17:29:46.075 P 30608 100 119 -1361 -1361 -1 -1 -704 16636
17:29:46.075 P 30610 102 61 -1382 -1382 -1 -1 138 16824
17:29:46.075 P 30612 103 71 -1352 -1352 0 0 -564 16738
17:29:46.075 P 30614 103 42 -1378 -1378 -1 -1 22 16720
17:29:46.075 P 30615 103 46 -1366 -1366 0 -1 -320 16834
17:29:46.075 P 30617 102 59 -1355 -1355 -1 0 422 16814
17:29:46.075 P 30619 104 71 -1342 -1342 -1 0 -364 16682
17:29:46.075 P 30621 104 28 -1362 -1362 -1 -1 -274 16718
17:29:46.075 P 30623 102 19 -1359 -1359 -1 -1 70 16728
17:29:46.075 P 30625 100 22 -1341 -1341 0 0 -90 16746
17:29:46.075 P 30627 98 26 -1337 -1337 0 0 156 16664
17:29:46.075 P 30629 97 44 -1337 -1337 0 -1 -140 16806
17:29:46.075 P 30630 97 39 -1328 -1328 0 0 -22 16806
17:29:46.075 P 30632 96 43 -1329 -1329 -1 -1 -112 16716
17:29:46.075 P 30634 95 19 -1334 -1334 -1 0 -62 16722
17:29:46.075 P 30636 93 2 -1338 -1338 0 -1 -226 16666
17:29:46.075 P 30638 88 -30 -1334 -1334 1 0 14 16744
17:29:46.075 P 30640 84 -15 -1324 -1324 0 0 -168 16750
17:29:46.075 P 30642 80 -13 -1321 -1321 0 0 90 16838
17:29:46.075 P 30643 78 -15 -1322 -1322 0 0 132 16702
17:29:46.075 P 30645 75 9 -1311 -1311 0 0 -70 16712
17:29:46.075 P 30647 73 21 -1305 -1305 0 0 96 16732
17:29:46.075 P 30649 72 37 1303 1303 0 0 44 16724
17:29:46.075 P 30651 71 51 1312 1312 1 0 52 16784
17:29:46.075 P 30653 72 63 1318 1318 0 0 100 16822
17:29:46.075 P 30655 74 83 1329 1329 0 0 8 16752
17:29:46.075 P 30656 75 88 1343 1343 1 0 64 16732
17:29:46.075 P 30658 77 100 1359 1359 0 1 72 16748
17:29:46.075 P 30660 81 116 1365 1365 0 0 4 16774
17:29:46.075 P 30662 86 129 1372 1372 0 0 -20 16786
17:29:46.075 P 30664 91 142 1390 1390 0 0 -50 16742
17:29:46.075 P 30666 97 157 1409 1409 0 1 -82 16774
17:29:46.075 P 30668 104 167 1415 1415 0 0 -72 16782
17:29:46.075 P 30669 108 176 1431 1431 1 0 -60 16814
17:29:46.075 P 30671 116 191 1449 1449 0 1 -94 16674
17:29:46.075 P 30673 126 200 1456 1456 0 0 -638 16702
17:29:46.075 P 30675 134 214 1473 1473 0 0 248 16716
17:29:46.075 P 30677 146 231 1487 1487 0 0 -386 16762
17:29:46.075 P 30679 157 249 1512 1512 1 0 -146 16712
17:29:46.075 P 30681 170 261 1533 1533 0 0 -178 16766
17:29:46.075 P 30683 183 277 1557 1557 0 1 -498 16578
17:29:46.075 P 30685 196 233 1549 1549 0 0 -666 16764
17:29:46.075 P 30687 206 214 1551 1551 1 0 -398 16842
17:29:46.075 P 30688 211 225 1568 1568 0 1 -600 16728
17:29:46.075 P 30690 222 211 1590 1590 1 1 -676 16692
17:29:46.075 P 30693 232 101 1559 1559 1 0 -788 16704
17:29:46.075 P 30694 233 75 1558 1558 1 1 -870 16792
17:29:46.075 P 30697 235 78 1582 1582 1 1 -444 16644
17:29:46.075 P 30699 236 55 1592 1592 1 2 -976 16728
17:29:46.075 P 30701 234 -7 1564 1564 1 1 -488 16826
17:29:46.075 P 30703 231 -13 1580 1580 1 1 -708 16590
17:29:46.075 P 30705 227 -26 1595 1595 2 2 -892 16732
17:29:46.075 P 30707 220 -81 1564 1564 1 2 84 16840
17:29:46.075 P 30709 215 -50 1592 1592 2 2 -1474 16540
17:29:46.075 P 30711 204 -108 1567 1567 1 2 -170 16630
17:29:46.075 P 30713 196 -103 1564 1564 2 1 -428 16928
17:29:46.075 P 30715 188 -99 1576 1576 2 1 -1030 16662
17:29:46.075 P 30717 176 -140 1559 1559 3 1 180 16678
17:29:46.075 P 30719 166 -129 1567 1567 2 2 -738 16906
17:29:46.075 P 30721 155 -136 1552 1552 1 2 -486 16712
17:29:46.075 P 30723 144 -155 1551 1551 1 3 -284 16610
17:29:46.075 P 30725 133 -146 1548 1548 1 2 -1088 16694
17:29:46.075 P 30727 121 -148 1550 1550 2 3 -532 16694
17:29:46.075 P 30729 108 -200 1513 1513 2 2 -26 16750
17:29:46.075 P 30731 95 -164 1510 1510 1 2 -720 16802
17:29:46.075 P 30733 80 -193 1495 1495 1 2 384 16746
17:29:46.075 P 30735 69 -143 1509 1509 1 2 -884 16458
17:29:46.075 P 30737 56 -165 1498 1498 3 2 330 16736
17:29:46.075 P 30739 46 -137 1493 1493 2 2 -160 16920
17:29:46.075 P 30741 34 -141 1493 1493 2 3 -112 16740
17:29:46.075 P 30743 24 -119 1486 1486 2 2 -102 16702
17:29:46.075 P 30745 15 -134 1463 1463 1 2 -628 16794
17:29:46.075 P 30747 3 -139 1455 1455 2 2 342 16740
17:29:46.075 P 30749 -4 -122 1450 1450 1 2 -720 16666
17:29:46.075 P 30751 -14 -88 1465 1465 3 2 -278 16866
17:29:46.075 P 30753 -23 -128 1435 1435 2 2 420 16622
17:29:46.075 P 30755 -30 -67 1437 1437 1 2 -580 16652
17:29:46.075 P 30757 -38 -116 1399 1399 1 1 100 16938
17:29:46.075 P 30759 -46 -88 1410 1410 2 1 54 16756
17:29:46.075 P 30761 -52 -78 1396 1396 1 1 -102 16780
17:29:46.075 P 30763 -59 -74 1400 1400 1 2 -292 16910
17:29:46.075 P 30765 -65 -55 1403 1403 2 2 30 16662
17:29:46.075 P 30767 -70 -45 1374 1374 0 1 182 16628
17:29:46.075 P 30769 -74 -53 1374 1374 2 1 -444 16804
17:29:46.075 P 30771 -81 -53 1355 1355 0 1 190 16644
17:29:46.075 P 30773 -84 -30 1365 1365 2 1 10 16652
17:29:46.075 P 30775 -88 -32 1352 1352 1 1 -606 16778
17:29:46.075 P 30777 -94 -55 1340 1340 1 2 728 16674
17:29:46.075 P 30779 -96 -6 1345 1345 1 0 -450 16650
17:29:46.075 P 30781 -99 0 1336 1336 1 1 236 16692
17:29:46.075 P 30783 -100 -8 1324 1324 1 1 -266 16718
17:29:46.075 P 30785 -103 10 1314 1314 0 0 120 16708
17:29:46.075 P 30787 -105 -6 1304 1304 0 1 162 16744
17:29:46.075 P 30789 -106 17 1306 1306 0 1 -256 16724
17:29:46.075 P 30791 -106 26 1305 1305 1 1 -188 16756
17:29:46.075 P 30793 -107 19 -1312 -1312 0 1 396 16840
17:29:46.075 P 30795 -105 77 1308 1308 0 1 324 16764
17:29:46.075 P 30797 -101 122 1317 1317 0 0 332 16766
17:29:46.075 P 30799 -96 116 1308 1308 0 0 -136 16670
17:29:46.075 P 30801 -91 106 0 0 0 0 -220 16692
17:29:46.075 P 30803 -87 82 -1314 -1314 0 0 -90 16834
17:29:46.075 P 30805 -85 64 -1344 -1344 -1 -1 -238 16680
17:29:46.075 P 30807 -83 46 -1349 -1349 0 0 -104 16742
17:29:46.075 P 30809 -83 32 -1361 -1361 0 0 -142 16684
17:29:46.075 P 30811 -84 9 -1377 -1377 0 0 -114 16840
17:29:46.075 P 30813 -85 -2 -1389 -1389 -1 0 -120 16730
17:29:46.075 P 30815 -88 -19 -1393 -1393 0 0 -64 16654
17:29:46.075 P 30816 -90 -25 -1396 -1396 0 0 -32 16802
17:29:46.075 P 30818 -93 -22 -1401 -1401 0 0 60 16744
17:29:46.075 P 30820 -95 -25 -1408 -1408 0 0 -114 16756
17:29:46.075 P 30822 -101 -71 -1422 -1422 0 0 -80 16676
17:29:46.075 P 30824 -108 -94 -1438 -1438 0 0 110 16778
17:29:46.075 P 30826 -116 -91 -1443 -1443 0 0 -156 16726
17:29:46.075 P 30828 -125 -121 -1465 -1465 0 0 142 16760
17:29:46.075 P 30830 -134 -129 -1477 -1477 0 0 -22 16814
17:29:46.075 P 30831 -139 -141 -1487 -1487 0 0 104 16812
17:29:46.075 P 30833 -150 -155 -1504 -1504 0 0 26 16676
17:29:46.075 P 30835 -162 -177 -1535 -1535 0 0 210 16748
17:29:46.075 P 30837 -175 -194 -1563 -1563 0 -1 136 16834
17:29:46.075 P 30839 -190 -215 -1582 -1582 0 0 106 16692
17:29:46.075 P 30841 -205 -233 -1603 -1603 0 0 170 16740
17:29:46.075 P 30843 -222 -261 -1645 -1645 0 0 382 16722
17:29:46.075 P 30845 -240 -173 -1650 -1650 -1 -1 1896 16950
17:29:46.075 P 30847 -245 -45 -1616 -1616 -1 -1 574 16824
17:29:46.075 P 30849 -247 30 -1616 -1616 -2 -1 1080 17002
17:29:46.075 P 30851 -243 178 -1566 -1566 -1 -2 288 16696
17:29:46.075 P 30853 -235 167 -1592 -1592 -1 -3 920 16870
17:29:46.075 P 30855 -224 222 -1575 -1575 -2 -2 412 16732
17:29:46.075 P 30857 -214 199 -1590 -1590 -1 -2 810 16702
17:29:46.075 P 30859 -201 257 -1569 -1569 -2 -2 200 16748
17:29:46.075 P 30861 -189 238 -1582 -1582 -2 -2 516 16854
17:29:46.075 P 30863 -174 278 -1562 -1562 -3 -2 -248 16586
17:29:46.075 P 30865 -163 247 -1583 -1583 -2 -3 1292 16980
17:29:46.075 P 30867 -146 277 -1558 -1558 -2 -3 -240 16582
17:29:46.075 P 30869 -133 278 -1549 -1549 -2 -2 614 16746
17:29:46.075 P 30871 -117 270 -1549 -1549 -1 -3 342 16774
17:29:46.075 P 30872 -111 261 -1558 -1558 -3 -2 956 16814
17:29:46.075 P 30874 -95 303 -1530 -1530 -2 -3 -160 16820
17:29:46.075 P 30876 -81 283 -1532 -1532 -2 -3 486 16762
17:29:46.075 P 30878 -66 263 -1522 -1522 -2 -2 366 16552
17:29:46.075 P 30880 -51 310 -1481 -1481 -2 -1 -440 16612
17:29:46.075 P 30882 -36 242 -1508 -1508 -2 -2 154 16802
17:29:46.075 P 30884 -23 275 -1495 -1495 -3 -2 -190 16770
17:29:46.075 P 30886 -11 229 -1501 -1501 -3 -2 354 17006
17:29:46.075 P 30888 2 258 -1481 -1481 -3 -3 -490 16508
17:29:46.075 P 30890 12 213 -1491 -1491 -3 -3 382 16680
17:29:46.075 P 30892 25 237 -1457 -1457 -2 -3 -292 16772
17:29:46.075 P 30893 30 212 -1454 -1454 -2 -1 110 17016
17:29:46.075 P 30895 39 203 -1451 -1451 -2 -1 172 16828
17:29:46.075 P 30897 50 198 -1435 -1435 -1 -1 -582 16434
17:29:46.075 P 30899 57 192 -1434 -1434 -1 -1 -80 16726
17:29:47.931 P 30901 65 145 -1457 -1457 -3 -2 348 16942
17:29:47.931 P 30902 67 153 -1433 -1433 -1 -1 494 16868
17:29:47.931 P 30904 76 188 -1408 -1408 -1 -2 -486 16612
17:29:47.931 P 30906 82 139 -1427 -1427 -2 -1 204 16760
17:29:47.931 P 30908 88 171 -1408 -1408 -2 -2 84 16796
17:29:47.931 P 30909 93 184 -1383 -1383 -1 -1 -596 16614
17:29:47.931 P 30911 98 130 -1401 -1401 -2 -1 168 16722
17:29:47.931 P 30913 104 138 -1381 -1381 -1 -2 -448 16886
17:29:47.931 P 30915 107 98 -1389 -1389 -1 -1 -116 16652
17:29:47.931 P 30917 111 108 -1385 -1385 -2 -1 -124 16710
17:29:47.931 P 30919 115 95 -1373 -1373 -1 -1 -304 16914
17:29:47.931 P 30921 116 86 -1366 -1366 -1 -1 -140 16616
17:29:47.931 P 30923 117 70 -1376 -1376 -1 -2 512 16892
17:29:47.931 P 30925 121 123 -1329 -1329 0 0 -860 16578
17:29:47.931 P 30927 122 40 -1376 -1376 -1 -2 346 16744
17:29:47.931 P 30929 122 72 -1348 -1348 -2 0 -484 16692
17:29:47.931 P 30930 122 52 -1349 -1349 0 -1 -298 16790
17:29:47.931 P 30932 123 76 -1339 -1339 -1 -1 -424 16688
17:29:47.931 P 30934 123 30 -1338 -1338 0 -1 -12 16720
17:29:47.931 P 30936 121 9 -1340 -1340 0 0 -184 16810
17:29:47.931 P 30938 117 -13 -1348 -1348 -1 0 -46 16848
17:29:47.931 P 30940 114 -8 -1336 -1336 0 0 -98 16580
17:29:47.931 P 30942 110 4 -1334 -1334 -1 0 18 16824
17:29:47.931 P 30944 108 20 -1319 -1319 0 0 186 16808
17:29:47.931 P 30945 107 33 -1306 -1306 0 0 8 16764
17:29:47.931 P 30947 106 30 -1313 -1313 -1 0 -204 16774
17:29:47.931 P 30949 105 24 -1312 -1312 0 0 -326 16796
17:29:47.931 P 30951 103 -6 -1315 -1315 0 0 -340 16652
17:29:47.931 P 30953 99 -27 -1321 -1321 0 0 64 16784
17:29:47.931 P 30954 96 -22 -1327 -1327 -1 0 134 16716
17:29:47.931 P 30956 92 -16 -1320 -1320 0 0 -188 16702
17:29:47.931 P 30958 88 -14 -1318 -1318 0 0 30 16782
17:29:47.931 P 30960 85 -1 -1311 -1311 0 0 -34 16798
17:29:47.931 P 30962 82 10 -1305 -1305 0 0 -20 16678
17:29:47.931 P 30964 80 22 1301 1301 0 0 -88 16828
17:29:47.931 P 30965 80 27 1303 1303 0 0 -16 16790
17:29:47.931 P 30967 79 38 1309 1309 0 0 -86 16726
17:29:47.931 P 30969 79 46 1322 1322 0 0 -74 16780
17:29:47.931 P 30971 79 60 1336 1336 0 0 -42 16706
17:29:47.931 P 30973 80 68 1337 1337 0 0 -36 16724
17:29:47.931 P 30975 82 80 1342 1342 0 0 -70 16722
17:29:47.931 P 30976 83 84 1344 1344 0 0 -42 16742
17:29:47.931 P 30978 85 91 1348 1348 0 0 -126 16872
17:29:47.931 P 30980 89 101 1354 1354 0 0 -62 16770
17:29:47.931 P 30982 92 111 1362 1362 0 0 -82 16678
17:29:47.931 P 30983 94 116 1366 1366 0 0 -70 16754
17:29:47.931 P 30985 99 128 1376 1376 0 0 -118 16654
17:29:47.931 P 30987 104 137 1385 1385 0 0 -96 16778
17:29:47.931 P 30989 110 147 1395 1395 0 0 -146 16786
17:29:47.931 P 30991 116 158 1406 1406 0 0 -96 16704
17:29:47.931 P 30992 120 163 1412 1412 0 0 -96 16690
17:29:47.931 P 30994 127 175 1425 1425 0 0 -114 16782
17:29:47.931 P 30996 135 187 1439 1439 0 0 -162 16680
17:29:47.931 P 30998 144 199 1453 1453 0 0 -126 16820
17:29:47.931 P 30999 149 207 1461 1461 0 0 -284 16728
17:29:47.931 P 31001 159 220 1477 1477 0 0 -176 16772
17:29:47.931 P 31003 170 236 1495 1495 0 0 -148 16750
17:29:47.931 P 31004 175 245 1505 1505 0 0 -164 16760
17:29:47.931 P 31006 188 261 1545 1545 1 1 -278 16652
17:29:47.931 P 31008 201 282 1570 1570 0 0 -260 16756
17:29:47.931 P 31010 216 302 1607 1607 1 1 -298 16760
17:29:47.931 P 31012 232 324 1643 1643 1 1 -322 16728
17:29:47.931 P 31013 241 315 1659 1659 1 1 -1392 16524
17:29:47.931 P 31015 255 287 1672 1672 1 1 -1310 16606
17:29:47.931 P 31017 266 82 1619 1619 2 1 -3074 16530
17:29:47.931 P 31019 255 -155 1538 1538 2 2 -192 16792
17:29:47.931 P 31021 242 -185 1526 1526 2 2 -332 16582
17:29:47.931 P 31023 228 -161 1534 1534 1 2 -814 16810
17:29:47.931 P 31025 215 -149 1543 1543 2 1 -158 16858
17:29:47.931 P 31027 204 -143 1548 1548 1 2 -692 16678
17:29:47.931 P 31029 193 -123 1554 1554 2 1 -220 16774
17:29:47.931 P 31031 183 -146 1542 1542 2 2 -584 16784
17:29:47.931 P 31033 170 -142 1550 1550 3 3 -194 16778
17:29:47.931 P 31035 160 -130 1540 1540 1 3 -594 16666
17:29:47.931 P 31036 154 -144 1534 1534 3 1 -188 16640
17:29:47.931 P 31038 143 -126 1535 1535 2 2 -446 16790
17:29:47.931 P 31040 132 -132 1535 1535 3 2 -92 16798
17:29:47.931 P 31042 124 -74 1544 1544 1 2 -946 16772
17:29:47.931 P 31044 114 -139 1515 1515 2 2 -14 16944
17:29:47.931 P 31046 105 -103 1523 1523 1 2 -760 16572
17:29:47.931 P 31048 95 -132 1509 1509 2 2 428 16776
17:29:47.931 P 31050 86 -108 1511 1511 2 2 -566 17022
17:29:47.931 P 31052 77 -107 1511 1511 2 2 -44 16626
17:29:47.931 P 31053 72 -104 1502 1502 1 2 -162 16566
17:29:47.931 P 31055 65 -95 1500 1500 2 2 -590 16740
17:29:47.931 P 31057 56 -115 1492 1492 2 2 -40 16826
17:29:47.931 P 31059 47 -110 1476 1476 1 3 -20 16858
17:29:47.931 P 31061 39 -91 1470 1470 1 2 -276 16790
17:29:47.931 P 31063 31 -92 1466 1466 2 2 -152 16844
17:29:47.931 P 31066 21 -100 1456 1456 1 3 -72 16674
17:29:47.931 P 31068 13 -69 1459 1459 2 2 114 16754
17:29:47.931 P 31070 8 -62 1445 1445 1 2 -666 16756
17:29:47.931 P 31072 1 -46 1447 1447 2 1 -154 16804
17:29:47.931 P 31074 -4 -73 1428 1428 1 2 110 16682
17:29:47.931 P 31076 -9 -22 1449 1449 1 2 -96 16818
17:29:47.931 P 31078 -12 -37 1431 1431 1 2 -408 16736
17:29:47.931 P 31080 -17 -35 1413 1413 1 1 44 16662
17:29:47.931 P 31082 -22 -21 1424 1424 2 1 24 16790
17:29:47.931 P 31084 -24 -12 1414 1414 0 2 -344 16782
17:29:47.931 P 31086 -28 -17 1410 1410 2 1 -36 16752
17:29:47.931 P 31088 -30 4 1409 1409 0 1 206 16876
17:29:47.931 P 31091 -31 -4 1397 1397 1 1 64 16734
17:29:47.931 P 31093 -33 43 1406 1406 0 1 -46 16676
17:29:47.931 P 31095 -33 22 1397 1397 1 1 -22 16804
17:29:47.931 P 31097 -32 48 1402 1402 0 1 -366 16788
17:29:47.931 P 31099 -32 29 1387 1387 0 1 74 16582
17:29:47.931 P 31101 -32 52 1395 1395 1 0 -296 16732
17:29:47.931 P 31103 -32 26 1380 1380 0 1 -318 16770
17:29:47.931 P 31105 -33 5 1367 1367 0 1 110 16800
17:29:47.931 P 31107 -32 67 1387 1387 0 1 16 16732
17:29:47.931 P 31109 -29 92 1388 1388 0 1 -74 16822
17:29:47.931 P 31111 -25 112 1408 1408 1 0 -178 16852
17:29:47.931 P 31113 -20 114 1402 1402 0 1 -166 16794
17:29:47.931 P 31115 -15 112 1387 1387 0 0 -208 16674
17:29:47.931 P 31117 -10 109 1387 1387 1 0 -168 16724
17:29:47.931 P 31119 -6 107 1387 1387 0 0 -176 16772
17:29:47.931 P 31121 -1 112 1384 1384 0 0 -244 16746
17:29:47.931 P 31123 3 113 1381 1381 0 0 -144 16788
17:29:47.931 P 31125 7 118 1383 1383 0 0 -162 16674
17:29:47.931 P 31127 13 124 1387 1387 0 0 -346 16722
17:29:47.931 P 31128 16 118 1385 1385 0 0 -390 16724
17:29:47.931 P 31130 20 103 1380 1380 0 0 -208 16754
17:29:47.931 P 31132 24 95 1378 1378 0 0 -318 16732
17:29:47.931 P 31134 27 84 1374 1374 0 0 -294 16750
17:29:47.931 P 31136 30 72 1371 1371 0 0 -292 16774
17:29:47.931 P 31138 32 65 1369 1369 0 0 -306 16692
17:29:47.931 P 31140 33 55 1365 1365 0 0 -212 16760
17:29:47.931 P 31141 34 51 1363 1363 0 0 -330 16738
17:29:47.931 P 31143 34 42 1359 1359 0 0 -288 16736
17:29:47.931 P 31145 34 36 1356 1356 0 0 -280 16762
17:29:47.931 P 31147 34 26 1351 1351 0 0 -262 16718
17:29:47.931 P 31149 33 20 1347 1347 0 0 -240 16750
17:29:47.931 P 31151 32 11 1342 1342 0 0 -266 16680
17:29:47.931 P 31153 30 4 1337 1337 0 0 -208 16822
17:29:47.931 P 31154 29 0 1334 1334 0 0 -298 16690
17:29:47.931 P 31156 26 -9 1327 1327 0 0 -256 16694
17:29:47.931 P 31158 23 -17 1320 1320 0 0 -264 16694
17:29:47.931 P 31160 20 -25 1313 1313 0 0 -154 16694
17:29:47.931 P 31162 16 -34 1306 1306 0 0 -234 16714
17:29:47.931 P 31164 11 -42 -1303 -1303 0 0 -120 16744
17:29:47.931 P 31166 6 -52 -1312 -1312 0 0 -196 16810
17:29:47.931 P 31168 0 -54 -1319 -1319 0 0 -250 16696
17:29:47.931 P 31169 -2 -64 -1326 -1326 0 0 -224 16504
17:29:47.931 P 31171 -8 -74 -1337 -1337 0 0 -166 16710
17:29:47.931 P 31173 -15 -85 -1349 -1349 0 0 -120 16756
17:29:47.931 P 31175 -23 -94 -1361 -1361 0 0 -156 16814
17:29:47.931 P 31177 -31 -108 -1376 -1376 0 0 -86 16646
17:29:47.931 P 31179 -40 -116 -1388 -1388 0 0 -138 16784
17:29:47.931 P 31180 -45 -124 -1397 -1397 0 0 -138 16744
17:29:47.931 P 31182 -55 -134 -1411 -1411 0 0 -70 16818
17:29:47.931 P 31184 -66 -147 -1428 -1428 0 0 -104 16684
17:29:47.931 P 31186 -77 -161 -1445 -1445 0 0 -44 16774
17:29:47.931 P 31187 -83 -167 -1454 -1454 0 0 20 16728
17:29:47.931 P 31189 -96 -181 -1473 -1473 0 0 34 16730
17:29:47.931 P 31191 -110 -196 -1493 -1493 0 0 36 16786
17:29:47.931 P 31193 -124 -211 -1522 -1522 0 0 40 16748
17:29:47.931 P 31194 -132 -219 -1542 -1542 0 -1 46 16706
17:29:47.931 P 31196 -148 -237 -1561 -1561 0 0 96 16690
17:29:47.931 P 31198 -164 -259 -1608 -1608 0 0 -636 16560
17:29:47.931 P 31200 -181 -324 -1684 -1684 -1 -1 -1408 16692
17:29:47.931 P 31202 -201 -317 -1719 -1719 -1 -1 -1216 17012
17:29:47.931 P 31203 -209 -287 -1740 -1740 -2 -2 -1554 17218
17:29:47.931 P 31205 -222 -179 -1746 -1746 -2 -3 -2380 16748
17:29:47.931 P 31207 -230 -242 -1816 -1816 -2 -3 -1408 16890
17:29:47.931 P 31209 -235 -195 -1859 -1859 -4 -3 -4280 17062
17:29:47.931 P 31211 -246 -328 -1985 -1985 -4 -3 -4340 16864
17:29:47.931 P 31212 -250 -407 -2051 -2051 -4 -3 -8032 16576
17:29:47.931 P 31214 -278 -729 -2330 -2330 -6 -5 -6554 16624
17:29:47.931 P 31216 -318 -825 -2539 -2539 -8 -6 -3224 17286
17:29:47.931 P 31218 -334 -205 -2421 -2421 -9 -9 -4242 17098
17:29:47.931 P 31220 -331 66 -2490 -2490 -12 -11 -724 19070
17:29:47.931 P 31221 -319 290 -2464 -2464 -12 -11 -2814 18326
17:29:47.931 P 31223 -286 507 -2532 -2532 -14 -13 -514 16498
17:29:47.931 P 31225 -237 871 -2516 -2516 -16 -15 -2628 17744
17:29:47.931 P 31227 -173 1002 -2579 -2579 -17 -16 -564 17884
17:29:47.931 P 31229 -94 1324 -2547 -2547 -17 -18 -3102 17220
17:29:47.931 P 31231 -5 1488 -2558 -2558 -18 -18 -1682 15470
17:29:47.931 P 31233 94 1787 -2504 -2504 -20 -20 452 17226
17:29:47.931 P 31235 210 2088 -2403 -2403 -20 -20 3590 16068
17:29:47.931 P 31237 349 2510 -2221 -2221 -21 -21 356 15894
17:29:47.931 P 31239 500 2614 -2133 -2133 -20 -22 960 14248
17:29:47.931 P 31241 659 2729 -2017 -2017 -21 -21 -156 14296
17:29:47.931 P 31243 825 2892 -1833 -1833 -20 -20 -242 16592
17:29:47.931 P 31245 1001 3066 -1643 -1643 -21 -20 -464 16684
17:29:47.931 P 31247 1183 3129 -1473 -1473 -21 -20 -784 14664
17:29:47.931 P 31249 1370 3196 1324 1324 -20 -20 -3176 14722
17:29:47.931 P 31251 1555 3043 1411 1411 -20 -20 -1222 14876
17:29:47.931 P 31253 1738 3110 1663 1663 -19 -18 -5644 16422
17:29:47.931 P 31255 1906 2610 1693 1693 -15 -16 -6804 18566
17:29:47.931 P 31257 2020 1686 1496 1496 -14 -14 -6364 19032
17:29:49.832 P 31259 2094 1163 1468 1468 -12 -13 -5292 17876
17:29:49.832 P 31261 2136 758 1473 1473 -11 -11 -3160 16156
17:29:49.832 P 31263 2169 608 1578 1578 -10 -10 -4044 17784
17:29:49.832 P 31265 2190 439 1654 1654 -8 -9 -5602 17720
17:29:49.832 P 31267 2199 172 1684 1684 -6 -8 -3750 16586
17:29:49.832 P 31269 2192 -51 1727 1727 -5 -6 -5470 17016
17:29:49.832 P 31271 2166 -391 1694 1694 -3 -5 -4880 19336
17:29:49.832 P 31273 2123 -672 1672 1672 -2 -4 -5082 17100
17:29:49.832 P 31275 2062 -913 1641 1641 -1 -3 -3288 15438
17:29:49.832 P 31277 1992 -1051 1635 1635 -1 -2 -3158 17336
17:29:49.832 P 31279 1918 -1087 1672 1672 0 -1 -3596 17632
17:29:49.832 P 31281 1838 -1185 1646 1646 0 -1 -2042 15552
17:29:49.832 P 31283 1758 -1182 1668 1668 1 0 -3002 16310
17:29:49.832 P 31285 1678 -1185 1675 1675 1 1 -2440 17210
17:29:49.832 P 31286 1638 -1172 1670 1670 1 0 -2082 16314
17:29:49.832 P 31288 1559 -1138 1673 1673 1 1 -2012 15872
17:29:49.832 P 31290 1483 -1072 1684 1684 1 1 -1216 16520
17:29:49.832 P 31292 1414 -992 1713 1713 2 1 -1890 16816
17:29:49.832 P 31294 1347 -964 1703 1703 2 2 -2122 16324
17:29:49.832 P 31296 1282 -943 1697 1697 2 2 -1022 16682
17:29:49.832 P 31298 1220 -894 1716 1716 3 3 -2346 16588
17:29:49.832 P 31300 1159 -872 1688 1688 2 3 -1538 16570
17:29:49.832 P 31302 1101 -844 1686 1686 2 3 -1856 16368
17:29:49.832 P 31304 1045 -804 1684 1684 3 4 -1122 16886
17:29:49.832 P 31306 991 -787 1675 1675 4 4 -1316 16642
17:29:49.832 P 31308 940 -730 1676 1676 3 3 -1154 16562
17:29:49.832 P 31310 892 -690 1667 1667 3 4 -1014 16598
17:29:49.832 P 31311 869 -664 1659 1659 3 3 -1372 16556
17:29:49.832 P 31313 823 -635 1660 1660 3 4 -586 16710
17:29:49.832 P 31315 783 -545 1680 1680 3 4 -1354 16538
17:29:49.832 P 31317 746 -508 1672 1672 3 3 -806 16944
17:29:49.832 P 31319 712 -484 1669 1669 3 4 -900 16658
17:29:49.832 P 31321 680 -442 1691 1691 4 4 -1534 16642
17:29:49.832 P 31322 663 -456 1668 1668 3 4 -992 16896
17:29:49.832 P 31324 633 -396 1675 1675 3 4 -1316 16832
17:29:49.832 P 31326 604 -405 1668 1668 4 4 -640 16248
17:29:49.832 P 31328 579 -344 1690 1690 4 4 -1578 16702
17:29:49.832 P 31330 554 -341 1683 1683 4 4 -792 17010
17:29:49.832 P 31332 530 -308 1690 1690 4 5 -952 16352
17:29:49.832 P 31333 519 -312 1677 1677 4 4 -1034 16086
17:29:49.832 P 31335 495 -289 1685 1685 4 4 -738 17318
17:29:49.832 P 31337 475 -309 1672 1672 5 4 -522 17418
17:29:49.832 P 31339 454 -233 1710 1710 4 5 -868 16460
17:29:49.832 P 31341 436 -238 1699 1699 4 5 -304 16216
17:29:49.832 P 31343 419 -240 1708 1708 4 6 -978 17172
17:29:49.832 P 31345 400 -230 1705 1705 4 5 -976 16608
17:29:49.832 P 31346 392 -237 1704 1704 5 5 -1454 16678
17:29:49.832 P 31348 372 -246 1696 1696 4 5 -90 16710
17:29:49.832 P 31350 353 -269 1691 1691 5 6 -222 17000
17:29:49.832 P 31352 337 -195 1731 1731 6 6 -1156 16406
17:29:49.832 P 31354 319 -240 1689 1689 5 5 -72 16802
17:29:49.832 P 31356 303 -238 1698 1698 5 5 -852 16342
17:29:49.832 P 31358 285 -197 1712 1712 5 5 -394 17088
17:29:49.832 P 31360 270 -217 1708 1708 5 6 -684 17380
17:29:49.832 P 31362 253 -240 1695 1695 5 6 -944 16566
17:29:49.832 P 31363 244 -249 1690 1690 5 6 -828 16204
17:29:49.832 P 31365 225 -259 1688 1688 5 6 -58 15984
17:29:49.832 P 31367 208 -232 1683 1683 5 5 -970 17452
17:29:49.832 P 31369 191 -215 1693 1693 5 6 -378 16968
17:29:49.832 P 31371 177 -225 1692 1692 6 6 -1290 16480
17:29:49.832 P 31373 158 -260 1661 1661 5 6 -28 16408
17:29:49.832 P 31375 141 -230 1683 1683 5 7 -666 16802
17:29:49.832 P 31377 124 -241 1664 1664 5 7 -554 16418
17:29:49.832 P 31378 116 -230 1671 1671 6 6 -198 16544
17:29:49.832 P 31380 100 -216 1664 1664 6 6 -538 17376
17:29:49.832 P 31382 84 -215 1652 1652 5 6 -670 16650
17:29:49.832 P 31384 69 -207 1652 1652 6 5 -644 16362
17:29:49.832 P 31386 54 -215 1634 1634 5 5 -220 17026
17:29:49.832 P 31388 39 -199 1629 1629 5 5 -322 17108
17:29:49.832 P 31389 32 -193 1638 1638 5 7 26 16996
17:29:49.832 P 31391 20 -158 1655 1655 6 6 -646 16500
17:29:49.832 P 31393 7 -187 1622 1622 5 6 -592 16724
17:29:49.832 P 31395 -6 -179 1628 1628 6 6 50 16062
17:29:49.832 P 31397 -18 -162 1617 1617 4 6 -222 16966
17:29:49.832 P 31399 -30 -184 1601 1601 5 6 -322 17882
17:29:49.832 P 31400 -37 -187 1597 1597 5 6 156 17144
17:29:49.832 P 31402 -48 -158 1597 1597 4 6 -542 16122
17:29:49.832 P 31404 -60 -170 1579 1579 5 5 -610 15764
17:29:49.832 P 31406 -73 -203 1551 1551 4 5 -410 17300
17:29:49.832 P 31408 -87 -191 1547 1547 4 6 74 17186
17:29:49.832 P 31410 -100 -169 1539 1539 4 5 -60 16520
17:29:49.832 P 31412 -110 -124 1561 1561 5 6 -56 16212
17:29:49.832 P 31414 -119 -125 1550 1550 4 6 -302 17168
17:29:49.832 P 31416 -129 -143 1525 1525 4 6 30 16898
17:29:49.832 P 31418 -139 -130 1526 1526 5 5 192 16536
17:29:49.832 P 31420 -148 -101 1527 1527 4 5 -6 16910
17:29:49.832 P 31422 -155 -96 1513 1513 4 6 -204 16506
17:29:49.832 P 31424 -163 -116 1491 1491 4 5 224 16858
17:29:49.832 P 31426 -171 -92 1499 1499 4 5 268 17420
17:29:49.832 P 31428 -178 -84 1505 1505 4 6 30 16320
17:29:49.832 P 31430 -185 -79 1477 1477 3 4 46 16840
17:29:49.832 P 31432 -191 -83 1477 1477 4 6 -44 16192
17:29:49.832 P 31434 -197 -65 1464 1464 3 4 104 16546
17:29:49.832 P 31436 -203 -65 1460 1460 3 5 258 17516
17:29:49.832 P 31438 -209 -68 1454 1454 3 5 534 17134
17:29:49.832 P 31440 -213 -32 1463 1463 4 4 -638 16426
17:29:49.832 P 31442 -218 -65 1449 1449 4 5 544 16530
17:29:49.832 P 31445 -223 -26 1442 1442 3 4 -232 16732
17:29:49.832 P 31447 -226 -27 1443 1443 4 4 100 16722
17:29:49.832 P 31449 -230 -49 1415 1415 2 5 408 16798
17:29:49.832 P 31451 -235 -37 1429 1429 4 5 306 17004
17:29:49.832 P 31454 -240 -38 1401 1401 3 4 324 16472
17:29:49.832 P 31456 -244 -42 1402 1402 3 4 310 16790
17:29:49.832 P 31458 -248 -30 1393 1393 3 4 352 17028
17:29:49.832 P 31460 -251 -36 1380 1380 2 4 240 16686
17:29:49.832 P 31463 -256 -20 1381 1381 2 4 234 16642
17:29:49.832 P 31465 -259 -27 1375 1375 3 4 706 17436
17:29:49.832 P 31467 -260 -4 1377 1377 3 4 -422 16680
17:29:49.832 P 31469 -265 -77 1323 1323 2 4 656 17352
17:29:49.832 P 31472 -272 -88 1309 1309 3 3 276 16560
17:29:49.832 P 31474 -279 -116 -1318 -1318 2 4 146 16326
17:29:49.832 P 31476 -287 -100 -1334 -1334 1 3 520 17090
17:29:49.832 P 31479 -296 -57 -1334 -1334 2 3 514 16682
17:29:49.832 P 31481 -300 -21 -1352 -1352 1 2 446 16646
17:29:49.832 P 31483 -301 11 -1351 -1351 1 2 330 17272
17:29:49.832 P 31485 -300 32 -1356 -1356 2 2 -72 16556
17:29:49.832 P 31488 -298 76 -1378 -1378 1 2 564 16772
17:29:49.832 P 31490 -293 114 -1371 -1371 1 1 346 16772
17:29:49.832 P 31492 -286 155 -1365 -1365 0 2 600 16870
17:29:49.832 P 31494 -276 209 -1359 -1359 1 1 170 16838
17:29:49.832 P 31497 -257 269 -1342 -1342 0 1 572 16620
17:29:49.832 P 31499 -239 359 -1314 -1314 0 0 630 16824
17:29:49.832 P 31501 -216 415 1313 1313 0 0 204 16906
17:29:49.832 P 31503 -193 364 -1305 -1305 0 0 -194 16598
17:29:49.832 P 31505 -174 331 -1306 -1306 0 0 -38 16786
17:29:49.832 P 31508 -147 330 1306 1306 0 0 30 16672
17:29:49.832 P 31510 -129 313 1309 1309 0 0 -246 16706
17:29:49.832 P 31512 -112 275 1302 1302 0 0 -156 16714
17:29:49.832 P 31514 -97 265 1309 1309 0 0 -256 16634
17:29:49.832 P 31516 -84 235 1305 1305 0 0 -212 16754
17:29:49.832 P 31518 -72 218 1307 1307 0 0 -298 16732
17:29:49.832 P 31520 -61 197 1306 1306 0 0 -204 16634
17:29:49.832 P 31522 -49 748 1581 1581 0 0 1256 16404
17:29:49.832 P 31524 -5 1403 1938 1938 0 0 3188 18050
17:29:49.832 P 31526 63 1390 2033 2033 1 1 8330 16104
17:29:49.832 P 31528 146 1764 2357 2357 3 2 7698 16908
17:29:49.832 P 31531 283 1498 2576 2576 7 6 3902 17150
17:29:49.832 P 31533 329 819 2482 2482 9 7 3548 16914
17:29:49.832 P 31535 350 396 2526 2526 11 10 1936 16458
17:29:49.832 P 31537 344 -20 2550 2550 14 11 1180 17954
17:29:49.832 P 31540 302 -608 2568 2568 16 13 -484 16250
17:29:49.832 P 31542 247 -967 2572 2572 17 16 -2872 14102
17:29:49.832 P 31544 164 -1474 2461 2461 18 17 -1514 17218
17:29:49.832 P 31546 58 -1952 2324 2324 19 18 -2454 16922
17:29:49.832 P 31548 -73 -2214 2242 2242 20 19 -1216 15072
17:29:49.832 P 31550 -214 -2374 2156 2156 19 19 -1516 15322
17:29:49.832 P 31553 -445 -2618 1968 1968 20 18 -236 16402
17:29:49.832 P 31555 -609 -2691 1848 1848 20 19 246 17070
17:29:49.832 P 31557 -774 -2753 1701 1701 20 19 120 12636
17:29:49.832 P 31559 -944 -2874 1523 1523 20 18 70 16626
17:29:49.832 P 31561 -1123 -3068 -1336 -1336 18 17 -2 15172
17:29:49.832 P 31563 -1316 -3011 -1491 -1491 17 17 5676 16324
17:29:49.832 P 31565 -1486 -2777 -1580 -1580 16 16 3502 17546
17:29:49.832 P 31567 -1650 -2534 -1713 -1713 14 15 5768 16598
17:29:49.832 P 31569 -1778 -1768 -1602 -1602 13 12 8334 19688
17:29:49.832 P 31571 -1842 -899 -1390 -1390 11 11 4672 18748
17:29:49.832 P 31574 -1894 -488 -1459 -1459 9 9 2490 17302
17:29:49.832 P 31576 -1917 -393 -1549 -1549 9 8 3338 15684
17:29:49.832 P 31578 -1933 -252 -1628 -1628 6 7 3022 16584
17:29:49.832 P 31580 -1941 -146 -1693 -1693 7 7 4442 19566
17:29:49.832 P 31582 -1936 187 -1665 -1665 5 5 4558 17934
17:29:49.832 P 31584 -1911 448 -1647 -1647 4 4 3812 16190
17:29:49.832 P 31586 -1871 692 -1619 -1619 3 4 3772 17960
17:29:49.832 P 31588 -1820 820 -1632 -1632 3 3 4022 17874
17:29:49.832 P 31590 -1760 969 -1639 -1639 0 1 2240 16422
17:29:49.832 P 31592 -1696 1052 -1632 -1632 0 2 2958 16612
17:29:49.832 P 31594 -1625 1135 -1617 -1617 0 1 2684 17402
17:29:49.832 P 31596 -1551 1187 -1606 -1606 -1 0 2016 16258
17:29:49.832 P 31598 -1478 1131 -1633 -1633 -1 -1 1776 16024
17:29:49.832 P 31599 -1442 1090 -1636 -1636 0 0 1164 16136
17:29:49.832 P 31601 -1377 998 -1669 -1669 -1 0 1844 16604
17:29:49.832 P 31603 -1316 960 -1674 -1674 -1 -1 1656 16530
17:29:49.832 P 31605 -1257 929 -1675 -1675 -1 -1 1684 16400
17:29:49.832 P 31607 -1200 904 -1672 -1672 -2 -1 2154 16678
17:29:49.832 P 31609 -1141 941 -1635 -1635 -2 -1 818 16476
17:29:49.832 P 31611 -1087 858 -1659 -1659 -2 -1 2068 16548
17:29:49.832 P 31613 -1034 840 -1651 -1651 -2 -2 1466 16584
17:29:49.832 P 31615 -984 779 -1669 -1669 -3 -2 1582 16700
17:29:49.832 P 31617 -936 766 -1647 -1647 -2 -3 898 16496
17:29:49.832 P 31619 -892 711 -1653 -1653 -2 -3 1582 16644
17:29:49.832 P 31621 -849 660 -1672 -1672 -3 -3 1312 16628
17:29:49.832 P 31623 -810 641 -1660 -1660 -3 -3 936 16596
17:29:49.832 P 31625 -774 587 -1672 -1672 -2 -4 1632 16548
17:29:49.832 P 31627 -737 612 -1643 -1643 -3 -4 798 16602
17:29:49.832 P 31629 -702 575 -1649 -1649 -3 -4 1412 16812
17:29:51.685 P 31631 -668 559 -1651 -1651 -4 -4 672 16420
17:29:51.685 P 31634 -621 501 -1645 -1645 -4 -4 436 16712
17:29:51.685 P 31635 -607 466 -1648 -1648 -3 -3 1548 16624
17:29:51.685 P 31637 -579 484 -1637 -1637 -3 -4 434 16470
17:29:51.685 P 31639 -553 422 -1643 -1643 -3 -3 1552 16800
17:29:51.685 P 31641 -528 422 -1640 -1640 -3 -4 560 16860
17:29:51.685 P 31643 -505 380 -1654 -1654 -3 -4 646 16660
17:29:51.685 P 31645 -485 360 -1649 -1649 -3 -4 1256 16622
17:29:51.685 P 31647 -463 353 -1645 -1645 -4 -4 828 16634
17:29:51.685 P 31649 -444 329 -1649 -1649 -3 -4 844 16468
17:29:51.685 P 31651 -425 318 -1654 -1654 -4 -4 388 16498
17:29:51.685 P 31653 -410 291 -1664 -1664 -3 -4 916 16764
17:29:51.685 P 31655 -393 256 -1677 -1677 -4 -4 608 17042
17:29:51.685 P 31657 -379 266 -1679 -1679 -4 -5 320 16528
17:29:51.685 P 31659 -365 231 -1689 -1689 -4 -4 1050 16934
17:29:51.685 P 31661 -350 305 -1652 -1652 -4 -4 -112 16688
17:29:51.685 P 31663 -336 241 -1691 -1691 -4 -5 1328 16874
17:29:51.685 P 31665 -320 277 -1664 -1664 -4 -4 58 16434
17:29:51.685 P 31667 -307 258 -1686 -1686 -4 -5 1266 16604
17:29:51.685 P 31669 -290 299 -1661 -1661 -4 -5 -90 17002
17:29:51.685 P 31671 -276 291 -1660 -1660 -4 -5 732 16678
17:29:51.685 P 31673 -259 281 -1666 -1666 -5 -4 170 16432
17:29:51.685 P 31675 -245 274 -1669 -1669 -4 -5 452 16578
17:29:51.685 P 31677 -231 235 -1694 -1694 -4 -5 762 16950
17:29:51.685 P 31679 -218 261 -1668 -1668 -4 -5 184 16248
17:29:51.685 P 31681 -205 234 -1695 -1695 -5 -5 700 16952
17:29:51.685 P 31683 -191 249 -1690 -1690 -5 -6 460 17292
17:29:51.685 P 31685 -180 233 -1687 -1687 -4 -5 936 16716
17:29:51.685 P 31687 -166 300 -1670 -1670 -5 -5 850 16222
17:29:51.685 P 31689 -150 292 -1666 -1666 -5 -6 736 17340
17:29:51.685 P 31690 -142 299 -1669 -1669 -6 -5 658 17272
17:29:51.685 P 31692 -127 282 -1666 -1666 -5 -6 480 16268
17:29:51.685 P 31694 -110 338 -1637 -1637 -6 -5 -82 16440
17:29:51.685 P 31696 -94 295 -1642 -1642 -4 -5 588 17360
17:29:51.685 P 31698 -77 302 -1644 -1644 -6 -5 -136 17102
17:29:51.685 P 31700 -65 231 -1667 -1667 -5 -6 400 15530
17:29:51.685 P 31702 -53 245 -1657 -1657 -5 -5 296 16854
17:29:51.685 P 31704 -40 285 -1636 -1636 -5 -6 546 17410
17:29:51.685 P 31706 -25 298 -1623 -1623 -5 -6 468 16424
17:29:51.685 P 31708 -10 274 -1619 -1619 -5 -5 -216 16828
17:29:51.685 P 31710 2 269 -1609 -1609 -5 -5 542 17136
17:29:51.685 P 31712 14 250 -1615 -1615 -4 -5 474 15570
17:29:51.685 P 31714 29 268 -1605 -1605 -5 -6 -418 16988
17:29:51.685 P 31716 40 231 -1613 -1613 -6 -5 424 17942
17:29:51.685 P 31718 51 203 -1617 -1617 -5 -5 532 15628
17:29:51.685 P 31720 61 256 -1586 -1586 -5 -6 72 16408
17:29:51.685 P 31722 74 221 -1594 -1594 -5 -5 0 17850
17:29:51.685 P 31723 79 213 -1585 -1585 -4 -5 32 17500
17:29:51.685 P 31725 90 249 -1563 -1563 -4 -5 -342 16082
17:29:51.685 P 31727 100 208 -1572 -1572 -4 -5 230 16060
17:29:51.685 P 31729 110 225 -1565 -1565 -6 -5 188 17568
17:29:51.685 P 31731 120 230 -1543 -1543 -4 -5 442 17184
17:29:51.685 P 31733 131 206 -1547 -1547 -4 -5 -74 16270
17:29:51.685 P 31735 139 201 -1546 -1546 -5 -5 330 16664
17:29:51.685 P 31737 148 191 -1528 -1528 -4 -4 472 17042
17:29:51.685 P 31739 157 202 -1505 -1505 -4 -4 -144 16286
17:29:51.685 P 31741 166 189 -1517 -1517 -4 -5 -258 17040
17:29:51.685 P 31743 174 185 -1514 -1514 -5 -4 -412 17022
17:29:51.685 P 31745 180 156 -1517 -1517 -4 -4 384 16780
17:29:51.685 P 31747 188 191 -1471 -1471 -3 -4 -310 15920
17:29:51.685 P 31750 199 194 -1463 -1463 -4 -5 -100 17262
17:29:51.685 P 31752 208 193 -1453 -1453 -4 -4 -478 16844
17:29:51.685 P 31754 215 192 -1444 -1444 -3 -4 88 16548
17:29:51.685 P 31756 224 191 -1438 -1438 -4 -4 -366 16682
17:29:51.685 P 31758 230 158 -1442 -1442 -4 -4 106 17026
17:29:51.685 P 31760 238 187 -1407 -1407 -2 -4 -564 16702
17:29:51.685 P 31762 244 167 -1401 -1401 -3 -3 58 16542
17:29:51.685 P 31764 253 191 -1387 -1387 -3 -4 -320 16774
17:29:51.685 P 31766 260 188 -1367 -1367 -2 -4 -18 16720
17:29:51.685 P 31768 268 182 -1365 -1365 -3 -4 -334 17062
17:29:51.685 P 31770 274 160 -1372 -1372 -4 -3 10 16884
17:29:51.685 P 31772 280 166 -1348 -1348 -3 -3 -296 16452
17:29:51.685 P 31774 286 172 -1328 -1328 -3 -3 -356 16856
17:29:51.685 P 31775 290 178 -1329 -1329 -3 -4 -226 16816
17:29:51.685 P 31777 297 173 -1318 -1318 -3 -3 -38 16730
17:29:51.685 P 31779 305 201 1315 1315 -3 -3 -368 16770
17:29:51.685 P 31781 313 203 1325 1325 -2 -3 -394 16934
17:29:51.685 P 31784 326 195 1354 1354 -3 -3 -358 16594
17:29:51.685 P 31786 334 196 1389 1389 -2 -2 -372 16872
17:29:51.685 P 31788 342 205 1421 1421 -2 -2 -242 16716
17:29:51.685 P 31790 352 222 1458 1458 -2 -2 -938 16556
17:29:51.685 P 31792 361 108 1445 1445 -1 -2 -2392 16574
17:29:51.685 P 31794 355 -124 1360 1360 -1 -1 -508 16920
17:29:51.685 P 31796 342 -157 1345 1345 -1 -2 -528 16694
17:29:51.685 P 31798 328 -193 1360 1360 0 0 -928 16744
17:29:51.685 P 31800 309 -312 -1308 -1308 0 -1 -830 16798
17:29:51.685 P 31803 268 -420 -1372 -1372 -1 -1 -526 16576
17:29:51.685 P 31805 237 -466 -1403 -1403 0 -1 -394 16766
17:29:51.685 P 31807 205 -467 -1427 -1427 0 -1 -280 16794
17:29:51.685 P 31809 171 -460 -1452 -1452 -1 0 2510 16730
17:29:51.685 P 31811 142 205 1441 1441 0 0 13216 16630
17:29:51.685 P 31813 184 1268 2004 2004 0 0 2998 17678
17:29:51.685 P 31815 247 1143 2041 2041 1 1 6800 16982
17:29:51.685 P 31818 301 495 1917 1917 3 3 4972 17048
17:29:51.685 P 31820 320 573 2087 2087 4 4 2392 18696
17:29:51.685 P 31822 335 490 2191 2191 5 6 4154 16226
17:29:51.685 P 31825 362 339 2349 2349 8 7 1702 16938
17:29:51.685 P 31827 361 68 2373 2373 9 8 1192 17268
17:29:51.685 P 31829 347 -255 2381 2381 11 10 -406 17396
17:29:51.685 P 31831 306 -699 2324 2324 13 12 114 15452
17:29:51.685 P 31834 206 -1263 2216 2216 14 14 230 17506
17:29:51.685 P 31836 120 -1415 2214 2214 14 14 -1288 15978
17:29:51.685 P 31838 22 -1674 2129 2129 15 15 -394 15414
17:29:51.685 P 31840 -82 -1743 2111 2111 16 15 -2228 16658
17:29:51.685 P 31842 -199 -1984 1962 1962 15 15 -258 15608
17:29:51.685 P 31845 -390 -2122 1830 1830 15 15 216 14422
17:29:51.685 P 31847 -521 -2135 1743 1743 15 15 306 16846
17:29:51.685 P 31849 -651 -2176 1634 1634 15 15 180 16100
17:29:51.685 P 31851 -786 -2271 1480 1480 15 15 -106 15440
17:29:51.685 P 31853 -928 -2421 -1306 -1306 15 15 -124 15552
17:29:51.685 P 31856 -1160 -2465 -1563 -1563 14 14 5604 15980
17:29:51.685 P 31858 -1295 -2107 -1590 -1590 12 12 1782 16188
17:29:51.685 P 31860 -1423 -1952 -1739 -1739 11 10 7998 19534
17:29:51.685 P 31862 -1506 -1095 -1540 -1540 8 9 4070 18910
17:29:51.685 P 31865 -1548 -208 -1344 -1344 8 7 1932 17298
17:29:51.685 P 31867 -1558 -188 -1455 -1455 6 7 2520 17662
17:29:51.685 P 31869 -1561 -109 -1515 -1515 5 7 1220 16106
17:29:51.685 P 31871 -1570 -136 -1620 -1620 5 6 4242 16708
17:29:51.685 P 31873 -1568 30 -1630 -1630 4 5 2422 17934
17:29:51.685 P 31876 -1549 309 -1642 -1642 2 3 3872 17750
17:29:51.685 P 31878 -1519 550 -1595 -1595 1 3 2076 16816
17:29:51.685 P 31880 -1481 635 -1613 -1613 1 2 3876 17034
17:29:51.685 P 31882 -1430 814 -1571 -1571 1 1 1228 16722
17:29:51.685 P 31884 -1382 799 -1608 -1608 0 0 3130 16808
17:29:51.685 P 31886 -1326 883 -1595 -1595 -1 0 1636 16906
17:29:51.685 P 31888 -1271 893 -1601 -1601 0 0 1808 16420
17:29:51.685 P 31890 -1216 843 -1618 -1618 0 0 1654 16500
17:29:51.685 P 31892 -1164 788 -1637 -1637 0 -1 1054 16572
17:29:51.685 P 31894 -1118 709 -1670 -1670 -1 -1 1462 16534
17:29:51.685 P 31896 -1076 671 -1685 -1685 -1 -1 1976 17020
17:29:51.685 P 31898 -1033 714 -1667 -1667 -1 -2 1908 16850
17:29:51.685 P 31901 -964 729 -1650 -1650 -2 -2 1232 16616
17:29:51.685 P 31903 -920 722 -1648 -1648 -2 -3 1222 16618
17:29:51.685 P 31905 -877 699 -1642 -1642 -2 -2 658 16630
17:29:51.685 P 31907 -837 644 -1649 -1649 -2 -2 1890 16546
17:29:51.685 P 31909 -797 657 -1626 -1626 -2 -2 1294 16662
17:29:51.685 P 31911 -757 631 -1645 -1645 -3 -3 796 16540
17:29:51.685 P 31913 -721 597 -1633 -1633 -2 -3 1292 16564
17:29:51.685 P 31915 -685 597 -1621 -1621 -3 -3 898 16774
17:29:51.685 P 31918 -635 526 -1636 -1636 -3 -3 942 16354
17:29:51.685 P 31920 -605 461 -1640 -1640 -2 -3 434 16482
17:29:51.685 P 31922 -581 430 -1658 -1658 -3 -3 1220 16904
17:29:51.685 P 31924 -557 390 -1666 -1666 -3 -3 1404 16814
17:29:51.685 P 31926 -531 488 -1613 -1613 -3 -3 778 16488
17:29:51.685 P 31928 -504 430 -1630 -1630 -3 -3 1824 16914
17:29:51.685 P 31930 -478 427 -1616 -1616 -3 -3 -428 16406
17:29:51.685 P 31932 -457 380 -1628 -1628 -2 -4 1410 16852
17:29:51.685 P 31935 -425 339 -1642 -1642 -3 -4 1202 16778
17:29:51.685 P 31937 -405 337 -1626 -1626 -3 -3 574 16962
17:29:51.685 P 31939 -386 331 -1632 -1632 -3 -4 664 16784
17:29:51.685 P 31941 -367 330 -1620 -1620 -3 -3 238 16704
17:29:51.685 P 31943 -351 281 -1636 -1636 -3 -4 1266 16902
17:29:51.685 P 31945 -334 284 -1624 -1624 -3 -3 66 16618
17:29:51.685 P 31947 -322 256 -1639 -1639 -3 -4 1004 16786
17:29:51.685 P 31949 -308 249 -1641 -1641 -3 -4 942 16852
17:29:51.685 P 31952 -287 258 -1638 -1638 -4 -4 1102 16608
17:29:51.685 P 31954 -273 252 -1634 -1634 -4 -4 422 16666
17:29:51.685 P 31956 -261 234 -1636 -1636 -3 -4 918 16742
17:29:51.685 P 31958 -247 261 -1625 -1625 -4 -4 160 16632
17:29:51.685 P 31960 -235 230 -1629 -1629 -3 -4 540 16712
17:29:51.685 P 31962 -223 214 -1628 -1628 -3 -4 512 17210
17:29:51.685 P 31964 -212 217 -1629 -1629 -4 -4 246 16352
17:29:51.685 P 31966 -202 188 -1654 -1654 -4 -4 498 16356
17:29:51.685 P 31968 -193 176 -1667 -1667 -4 -5 794 17198
17:29:51.685 P 31970 -185 179 -1653 -1653 -4 -4 892 17038
17:29:51.685 P 31972 -175 227 -1636 -1636 -4 -5 254 16442
17:29:51.685 P 31974 -165 230 -1628 -1628 -4 -4 864 16254
17:29:51.685 P 31976 -152 212 -1646 -1646 -4 -5 256 17644
17:29:51.685 P 31978 -143 198 -1653 -1653 -4 -5 488 16720
17:29:51.685 P 31980 -134 177 -1662 -1662 -4 -5 268 16166
17:29:51.685 P 31982 -124 224 -1638 -1638 -4 -5 404 16210
17:29:51.685 P 31984 -113 222 -1634 -1634 -5 -4 268 17376
17:29:51.685 P 31986 -102 224 -1638 -1638 -5 -4 430 17218
17:29:51.685 P 31988 -93 171 -1666 -1666 -4 -5 768 16646
17:29:51.685 P 31990 -84 228 -1632 -1632 -4 -5 92 15910
17:29:51.685 P 31992 -74 195 -1651 -1651 -4 -5 658 16950
17:29:51.685 P 31994 -63 216 -1631 -1631 -4 -5 -110 16968
17:29:51.685 P 31997 -47 241 -1617 -1617 -4 -4 -536 16374
17:29:51.685 P 31999 -36 253 -1611 -1611 -5 -5 388 16206
17:29:51.685 P 32001 -24 228 -1628 -1628 -4 -5 518 16976
17:29:53.461 P 32003 -13 243 -1606 -1606 -4 -5 758 17336
17:29:53.461 P 32005 0 239 -1594 -1594 -4 -4 112 16482
17:29:53.461 P 32007 11 271 -1575 -1575 -4 -5 210 16254
17:29:53.461 P 32009 24 248 -1583 -1583 -4 -5 -334 16688
17:29:53.461 P 32011 35 251 -1570 -1570 -4 -5 206 16826
17:29:53.461 P 32013 47 234 -1558 -1558 -4 -4 384 17056
17:29:53.461 P 32015 59 230 -1561 -1561 -4 -5 66 16306
17:29:53.461 P 32018 72 196 -1576 -1576 -5 -5 322 16192
17:29:53.461 P 32020 81 195 -1550 -1550 -3 -4 346 16730
17:29:53.461 P 32022 90 195 -1548 -1548 -4 -4 50 17048
17:29:53.461 P 32024 99 209 -1531 -1531 -4 -4 -170 16642
17:29:53.461 P 32026 109 192 -1522 -1522 -4 -4 -70 16980
17:29:53.461 P 32028 117 196 -1516 -1516 -4 -4 214 16742
17:29:53.461 P 32030 125 182 -1519 -1519 -4 -4 40 16460
17:29:53.461 P 32032 132 175 -1501 -1501 -4 -3 234 16904
17:29:53.461 P 32034 140 179 -1492 -1492 -3 -4 -394 16526
17:29:53.461 P 32036 146 162 -1487 -1487 -3 -4 348 16956
17:29:53.461 P 32038 153 170 -1474 -1474 -4 -4 60 16802
17:29:53.461 P 32040 161 186 -1467 -1467 -4 -4 -8 16300
17:29:53.461 P 32043 171 150 -1453 -1453 -2 -3 72 17314
17:29:53.461 P 32045 176 144 -1446 -1446 -3 -3 98 16604
17:29:53.461 P 32047 182 155 -1443 -1443 -4 -3 -382 16408
17:29:53.461 P 32049 188 133 -1427 -1427 -3 -2 -136 16922
17:29:53.461 P 32051 192 127 -1437 -1437 -3 -3 -282 16900
17:29:53.461 P 32053 197 140 -1422 -1422 -3 -4 -502 16822
17:29:53.461 P 32055 201 122 -1423 -1423 -3 -3 128 16750
17:29:53.461 P 32057 205 136 -1409 -1409 -3 -3 -188 16640
17:29:53.461 P 32059 210 138 -1386 -1386 -2 -3 -156 16688
17:29:53.461 P 32061 216 148 -1381 -1381 -3 -3 -370 16804
17:29:53.461 P 32063 220 105 -1395 -1395 -3 -3 -114 16642
17:29:53.461 P 32065 223 104 -1374 -1374 -2 -3 -106 16522
17:29:53.461 P 32067 226 110 -1372 -1372 -2 -3 36 16974
17:29:53.461 P 32069 230 122 -1368 -1368 -3 -3 -576 16736
17:29:53.461 P 32072 233 105 -1351 -1351 -2 -3 -208 16772
17:29:53.461 P 32074 237 115 -1335 -1335 -1 -3 -494 17058
17:29:53.461 P 32076 239 115 -1317 -1317 -1 -1 136 16610
17:29:53.461 P 32078 245 107 -1325 -1325 -2 -2 -830 16436
17:29:53.461 P 32080 245 77 -1328 -1328 -2 -1 308 16842
17:29:53.461 P 32082 249 105 -1304 -1304 -1 -2 -462 16808
17:29:53.461 P 32084 251 91 -1305 -1305 -1 -2 -152 16544
17:29:53.461 P 32086 253 88 -1302 -1302 -1 -2 -90 16812
17:29:53.461 P 32088 255 66 -1312 -1312 -2 -2 -496 16820
17:29:53.461 P 32090 254 95 1320 1320 -1 -1 -56 16902
17:29:53.461 P 32092 258 98 1319 1319 -2 -2 -544 16918
17:29:53.461 P 32094 258 52 1309 1309 -2 -1 -322 16600
17:29:53.461 P 32096 257 22 1310 1310 -1 -2 -520 16548
17:29:53.461 P 32098 253 -12 1311 1311 -1 -1 -400 16904
17:29:53.461 P 32101 246 -51 1314 1314 -1 -1 -546 16630
17:29:53.461 P 32103 238 -104 -1305 -1305 -2 0 -658 16664
17:29:53.461 P 32105 226 -171 -1328 -1328 0 -1 -730 16792
17:29:53.461 P 32107 208 -211 -1350 -1350 0 -1 1184 16634
17:29:53.461 P 32109 197 -121 1301 1301 0 0 -762 16654
17:29:53.461 P 32111 184 -177 -1334 -1334 -1 0 -550 16718
17:29:53.461 P 32113 169 -229 -1363 -1363 -1 0 118 16704
17:29:53.461 P 32115 151 -230 -1363 -1363 0 0 -358 16678
17:29:53.461 P 32117 133 -243 -1374 -1374 0 0 190 16818
17:29:53.461 P 32119 115 -228 -1376 -1376 0 0 -24 16666
17:29:53.461 P 32122 92 -190 -1370 -1370 0 0 92 16772
17:29:53.461 P 32124 77 -188 -1380 -1380 0 0 164 16726
17:29:53.461 P 32126 63 -166 -1380 -1380 0 0 76 16746
17:29:53.461 P 32128 50 -160 -1388 -1388 0 0 166 16768
17:29:53.461 P 32130 38 -146 -1392 -1392 0 0 88 16634
17:29:53.461 P 32132 26 -136 -1397 -1397 0 0 152 16742
17:29:53.461 P 32134 16 -130 -1403 -1403 0 0 76 16772
17:29:53.461 P 32136 5 -121 -1409 -1409 0 0 234 16712
17:29:53.461 P 32138 -4 -114 -1414 -1414 0 0 120 16734
17:29:53.461 P 32140 -13 -107 -1420 -1420 0 0 162 16766
17:29:53.461 P 32142 -23 -105 -1428 -1428 0 0 184 16764
17:29:53.461 P 32144 -32 -102 -1435 -1435 0 0 208 16758
17:29:53.461 P 32146 -40 -96 -1441 -1441 0 0 244 16812
17:29:53.461 P 32148 -49 -95 -1449 -1449 0 0 204 16728
17:29:53.461 P 32150 -57 -95 -1457 -1457 0 0 250 16726
17:29:53.461 P 32152 -66 -94 -1464 -1464 0 0 276 16784
17:29:53.461 P 32154 -74 -92 -1471 -1471 0 0 252 16670
17:29:53.461 P 32156 -82 -92 -1479 -1479 0 0 244 16734
17:29:53.461 P 32158 -90 -94 -1488 -1488 0 0 264 16728
17:29:53.461 P 32160 -99 -96 -1497 -1497 0 0 222 16760
17:29:53.461 P 32162 -107 -98 -1506 -1506 0 0 298 16846
17:29:53.461 P 32164 -116 -100 -1515 -1515 0 0 288 16776
17:29:53.461 P 32166 -124 -102 -1524 -1524 0 0 372 16704
17:29:53.461 P 32168 -133 -104 -1534 -1534 0 0 316 16760
17:29:53.461 P 32170 -142 -100 -1540 -1540 0 0 390 16736
17:29:53.461 P 32172 -150 -91 -1554 -1554 -1 0 434 16762
17:29:53.461 P 32174 -158 -77 -1559 -1559 0 0 548 16748
17:29:53.461 P 32176 -164 -46 -1564 -1564 -1 0 644 16798
17:29:53.461 P 32178 -167 2 -1557 -1557 -1 -1 746 16836
17:29:53.461 P 32180 -168 53 -1550 -1550 -1 -1 770 16824
17:29:53.461 P 32182 -165 103 -1536 -1536 -1 -2 432 16722
17:29:53.461 P 32184 -161 110 -1539 -1539 -2 -1 248 16750
17:29:53.461 P 32186 -157 88 -1542 -1542 0 -1 524 16724
17:29:53.461 P 32188 -153 123 -1545 -1545 -2 0 372 16908
17:29:53.461 P 32191 -143 182 -1522 -1522 -1 -2 752 16736
17:29:53.461 P 32193 -134 200 -1498 -1498 0 0 -170 16658
17:29:53.461 P 32195 -125 160 -1527 -1527 -1 -2 658 16718
17:29:53.461 P 32197 -117 195 -1503 -1503 -1 0 70 16706
17:29:53.461 P 32199 -108 182 -1511 -1511 -1 -1 474 16720
17:29:53.461 P 32201 -99 168 -1510 -1510 -1 -1 290 16758
17:29:53.461 P 32203 -91 185 -1505 -1505 -2 -1 -118 16724
17:29:53.461 P 32205 -84 169 -1503 -1503 -1 -1 1058 16786
17:29:53.461 P 32207 -74 197 -1487 -1487 -1 -1 -618 16750
17:29:53.461 P 32210 -62 199 -1481 -1481 -2 -1 58 16734
17:29:53.461 P 32212 -53 189 -1464 -1464 0 -1 780 16608
17:29:53.461 P 32214 -44 184 -1476 -1476 -2 -1 -276 16818
17:29:53.461 P 32216 -37 168 -1472 -1472 -1 -1 430 16778
17:29:53.461 P 32218 -29 173 -1461 -1461 -2 -1 330 16706
17:29:53.461 P 32220 -20 185 -1435 -1435 0 -1 -494 16708
17:29:53.461 P 32222 -14 129 -1457 -1457 -1 -1 490 16764
17:29:53.461 P 32224 -8 137 -1449 -1449 -1 -1 -88 16764
17:29:53.461 P 32226 -3 139 -1435 -1435 0 -1 170 16698
17:29:53.461 P 32228 2 120 -1433 -1433 0 -1 -222 16638
17:29:53.461 P 32231 7 99 -1438 -1438 -1 -1 -232 16770
17:29:53.461 P 32233 10 100 -1435 -1435 -2 -1 468 16760
17:29:53.461 P 32235 14 129 -1415 -1415 -1 -1 20 16800
17:29:53.461 P 32237 19 98 -1413 -1413 0 0 -226 16778
17:29:53.461 P 32239 21 76 -1423 -1423 -1 0 -62 16714
17:29:53.461 P 32241 22 63 -1431 -1431 -1 -1 256 16746
17:29:53.461 P 32243 23 66 -1412 -1412 0 -1 0 16736
17:29:53.461 P 32245 24 72 -1405 -1405 -1 0 140 16760
17:29:53.461 P 32247 26 70 -1401 -1401 0 0 -208 16764
17:29:53.461 P 32249 27 49 -1410 -1410 -1 0 -30 16748
17:29:53.461 P 32251 25 -5 -1427 -1427 0 0 -46 16664
17:29:53.461 P 32253 21 -26 -1426 -1426 0 0 -50 16790
17:29:53.461 P 32255 15 -64 -1438 -1438 0 0 78 16796
17:29:53.461 P 32256 12 -73 -1441 -1441 0 0 -36 16702
17:29:53.461 P 32258 4 -74 -1443 -1443 0 0 310 16842
17:29:53.461 P 32260 -1 -54 -1434 -1434 0 0 100 16760
17:29:53.461 P 32262 -8 -54 -1438 -1438 0 0 284 16728
17:29:53.461 P 32264 -13 -44 -1436 -1436 0 0 176 16752
17:29:53.461 P 32266 -19 -39 -1437 -1437 0 0 220 16718
17:29:53.461 P 32268 -24 -36 -1439 -1439 0 0 214 16768
17:29:53.461 P 32270 -29 -28 -1439 -1439 0 0 152 16786
17:29:53.461 P 32271 -31 -26 -1440 -1440 0 0 184 16706
17:29:53.461 P 32273 -35 -22 -1441 -1441 0 0 178 16746
17:29:53.461 P 32275 -39 -19 -1443 -1443 0 0 206 16860
17:29:53.461 P 32277 -43 -15 -1445 -1445 0 0 162 16884
17:29:53.461 P 32279 -46 -13 -1447 -1447 0 0 218 16836
17:29:53.461 P 32280 -48 -11 -1448 -1448 0 0 166 16766
17:29:53.461 P 32282 -51 -8 -1450 -1450 0 0 162 16738
17:29:53.461 P 32284 -54 -5 -1450 -1450 0 0 216 16766
17:29:53.461 P 32286 -57 -3 -1452 -1452 0 0 240 16830
17:29:53.461 P 32288 -60 -1 -1454 -1454 0 0 214 16726
17:29:53.461 P 32290 -62 0 -1456 -1456 0 0 186 16810
17:29:53.461 P 32292 -65 0 -1458 -1458 0 0 286 16666
17:29:53.461 P 32294 -68 1 -1460 -1460 0 0 218 16914
17:29:53.461 P 32295 -69 2 -1461 -1461 0 0 214 16750
17:29:53.461 P 32297 -71 2 -1463 -1463 0 0 244 16728
17:29:53.461 P 32299 -74 2 -1466 -1466 0 0 228 16708
17:29:53.461 P 32301 -76 4 -1467 -1467 0 0 252 16786
17:29:53.461 P 32303 -79 4 -1469 -1469 0 0 272 16708
17:29:53.461 P 32305 -81 2 -1473 -1473 0 0 226 16790
17:29:53.461 P 32307 -83 2 -1475 -1475 0 0 264 16878
17:29:53.461 P 32309 -86 0 -1478 -1478 0 0 226 16742
17:29:53.461 P 32311 -88 -2 -1482 -1482 0 0 202 16720
17:29:53.461 P 32312 -90 -1 -1482 -1482 0 0 230 16706
17:29:53.461 P 32314 -92 -4 -1487 -1487 0 0 294 16726
17:29:53.461 P 32316 -95 -6 -1490 -1490 0 0 256 16680
17:29:53.461 P 32318 -98 -4 -1492 -1492 0 0 270 16776
17:29:53.461 P 32320 -101 -8 -1497 -1497 0 0 246 16634
17:29:53.461 P 32322 -104 -8 -1500 -1500 0 0 262 16884
17:29:53.461 P 32324 -107 -12 -1504 -1504 0 0 288 16754
17:29:53.461 P 32326 -110 -14 -1509 -1509 0 0 250 16658
17:29:53.461 P 32328 -114 -17 -1513 -1513 0 0 286 16766
17:29:53.461 P 32330 -117 -19 -1518 -1518 0 0 304 16748
17:29:53.461 P 32332 -121 -20 -1522 -1522 0 0 336 16782
17:29:53.461 P 32334 -125 -22 -1526 -1526 0 0 318 16704
17:29:53.461 P 32335 -127 -22 -1528 -1528 0 0 346 16754
17:29:53.461 P 32337 -131 -22 -1532 -1532 0 0 388 16874
17:29:53.461 P 32339 -134 -17 -1533 -1533 0 0 448 16746
17:29:53.461 P 32341 -138 -12 -1554 -1554 -1 -1 394 16788
17:29:53.461 P 32343 -140 1 -1545 -1545 0 0 394 16722
17:29:53.461 P 32345 -142 26 -1531 -1531 0 0 582 16734
17:29:53.461 P 32346 -142 46 -1529 -1529 -1 0 440 16812
17:29:53.461 P 32348 -141 72 -1528 -1528 0 0 642 16666
17:29:53.461 P 32350 -138 100 -1520 -1520 0 0 482 16828
17:29:53.461 P 32352 -134 134 -1507 -1507 -1 0 678 16742
17:29:53.461 P 32354 -127 164 -1500 -1500 -1 0 604 16858
17:29:53.461 P 32356 -119 173 -1499 -1499 -1 -1 174 16762
17:29:53.461 P 32358 -111 162 -1496 -1496 -1 0 106 16644
17:29:53.461 P 32360 -105 152 -1493 -1493 -1 0 418 16758
17:29:53.461 P 32362 -98 150 -1506 -1506 -1 -1 552 16874
17:29:53.461 P 32364 -90 211 -1465 -1465 -1 0 202 16748
17:29:53.461 P 32366 -79 225 -1454 -1454 -2 0 460 16776
17:29:53.461 P 32368 -67 204 -1458 -1458 -1 -1 -238 16684
17:29:53.461 P 32370 -60 169 -1461 -1461 -1 0 226 16754
17:29:53.461 P 32372 -52 160 -1453 -1453 -1 0 426 16750
17:29:53.461 P 32374 -44 177 -1444 -1444 -1 0 32 16780
17:29:53.461 P 32376 -37 170 -1444 -1444 -1 0 726 16732
17:29:55.312 P 32378 -27 197 -1407 -1407 0 0 -424 16736
17:29:55.312 P 32380 -20 161 -1425 -1425 0 -1 68 16660
17:29:55.312 P 32381 -16 149 -1415 -1415 0 0 -368 16728
17:29:55.312 P 32383 -13 95 -1428 -1428 0 0 184 16736
17:29:55.312 P 32385 -10 69 -1433 -1433 0 0 22 16848
17:29:55.312 P 32387 -10 60 -1431 -1431 0 0 154 16834
17:29:55.312 P 32389 -9 52 -1424 -1424 0 0 250 16782
17:29:55.312 P 32391 -8 59 -1420 -1420 0 0 68 16788
17:29:55.312 P 32392 -8 55 -1417 -1417 0 0 82 16760
17:29:55.312 P 32394 -7 66 -1414 -1414 -1 0 120 16690
17:29:55.312 P 32396 -6 65 -1406 -1406 0 0 256 16696
17:29:55.312 P 32398 -5 69 -1406 -1406 0 0 122 16710
17:29:55.312 P 32400 -4 68 -1399 -1399 0 0 142 16782
17:29:55.312 P 32401 -3 70 -1395 -1395 0 0 120 16750
17:29:55.312 P 32403 -2 67 -1391 -1391 0 0 200 16834
17:29:55.312 P 32405 0 67 -1387 -1387 0 0 164 16798
17:29:55.312 P 32407 0 77 -1380 -1380 0 0 158 16720
17:29:55.312 P 32409 2 86 -1372 -1372 0 0 92 16754
17:29:55.312 P 32411 5 91 -1366 -1366 0 0 60 16706
17:29:55.312 P 32412 6 96 -1362 -1362 0 0 102 16770
17:29:55.312 P 32414 10 103 -1354 -1354 0 0 106 16754
17:29:55.312 P 32416 13 107 -1349 -1349 0 0 24 16814
17:29:55.312 P 32418 17 116 -1341 -1341 0 0 78 16698
17:29:55.312 P 32420 22 121 -1334 -1334 0 0 46 16836
17:29:55.312 P 32422 27 127 -1325 -1325 0 0 22 16752
17:29:55.312 P 32424 32 134 -1317 -1317 0 0 -40 16748
17:29:55.312 P 32426 37 139 -1309 -1309 0 0 -14 16806
17:29:55.312 P 32427 40 143 -1305 -1305 0 0 6 16686
17:29:55.312 P 32429 47 149 1304 1304 0 0 10 16774
17:29:55.312 P 32431 53 156 1314 1314 0 0 -52 16776
17:29:55.312 P 32433 60 158 1321 1321 0 0 -2 16734
17:29:55.312 P 32435 67 172 1335 1335 0 0 -36 16750
17:29:55.312 P 32437 75 176 1344 1344 0 0 -68 16778
17:29:55.312 P 32439 83 187 1358 1358 0 0 -124 16672
17:29:55.312 P 32441 92 196 1370 1370 0 0 -82 16652
17:29:55.312 P 32443 101 204 1383 1383 0 0 -150 16756
17:29:55.312 P 32445 111 214 1397 1397 0 0 -88 16796
17:29:55.312 P 32447 122 224 1412 1412 0 0 -144 16686
17:29:55.312 P 32448 127 229 1420 1420 0 0 -182 16668
17:29:55.312 P 32450 138 240 1436 1436 0 0 -146 16720
17:29:55.312 P 32452 150 251 1453 1453 0 0 -206 16774
17:29:55.312 P 32454 163 264 1471 1471 0 0 -234 16648
17:29:55.312 P 32456 177 279 1501 1501 0 1 -216 16700
17:29:55.312 P 32458 191 293 1529 1529 1 0 -276 16696
17:29:55.312 P 32460 206 311 1566 1566 1 0 -168 16660
17:29:55.312 P 32462 222 332 1591 1591 0 0 -208 16788
17:29:55.312 P 32464 242 352 1648 1648 0 2 -2048 16586
17:29:55.312 P 32466 258 285 1652 1652 2 0 -1258 16646
17:29:55.312 P 32468 270 164 1638 1638 1 2 -994 16508
17:29:55.312 P 32470 273 71 1619 1619 1 2 -1492 16754
17:29:55.312 P 32471 272 -10 1598 1598 3 1 -1436 16944
17:29:55.312 P 32473 262 -142 1537 1537 1 2 -1008 16754
17:29:55.312 P 32475 247 -216 1513 1513 1 2 -174 16740
17:29:55.312 P 32477 232 -158 1548 1548 2 2 -636 16780
17:29:55.312 P 32479 219 -200 1522 1522 1 3 0 16954
17:29:55.312 P 32481 206 -141 1553 1553 2 3 -806 16642
17:29:55.312 P 32483 193 -182 1514 1514 2 2 160 16798
17:29:55.312 P 32485 182 -120 1546 1546 2 2 -960 16790
17:29:55.312 P 32487 171 -139 1517 1517 1 2 -266 16756
17:29:55.312 P 32489 160 -113 1531 1531 1 2 -476 16698
17:29:55.312 P 32491 151 -134 1513 1513 1 3 -156 16840
17:29:55.312 P 32492 145 -130 1505 1505 2 1 230 16678
17:29:55.312 P 32494 136 -104 1510 1510 1 1 -918 16516
17:29:55.312 P 32496 126 -98 1505 1505 1 2 -32 16854
17:29:55.312 P 32498 119 -97 1511 1511 2 2 -618 16724
17:29:55.312 P 32500 109 -84 1509 1509 2 2 -60 16676
17:29:55.312 P 32502 103 -74 1511 1511 2 3 -216 16826
17:29:55.312 P 32504 97 -40 1523 1523 1 3 -474 16780
17:29:55.312 P 32506 91 -78 1490 1490 1 2 -178 16672
17:29:55.312 P 32508 85 -38 1509 1509 2 2 -824 16742
17:29:55.312 P 32510 79 -54 1490 1490 2 2 -102 16742
17:29:55.312 P 32512 74 -41 1495 1495 1 2 -54 16730
17:29:55.312 P 32513 72 -29 1507 1507 2 2 -616 16734
17:29:55.312 P 32515 67 -40 1482 1482 1 2 -128 16796
17:29:55.312 P 32517 64 -17 1488 1488 1 2 -456 16686
17:29:55.312 P 32519 60 -15 1486 1486 2 2 314 16962
17:29:55.312 P 32521 58 -10 1476 1476 1 1 -434 16784
17:29:55.312 P 32523 54 -17 1482 1482 2 2 -280 16704
17:29:55.312 P 32525 51 -3 1476 1476 1 1 -444 16688
17:29:55.312 P 32527 48 -32 1472 1472 1 3 100 16688
17:29:55.312 P 32529 44 -1 1475 1475 1 2 -306 16484
17:29:55.312 P 32531 43 4 1461 1461 1 1 -712 16854
17:29:55.312 P 32533 40 16 1472 1472 2 1 200 16874
17:29:55.312 P 32534 40 38 1486 1486 1 2 -896 16466
17:29:55.312 P 32536 39 30 1470 1470 1 2 106 16726
17:29:55.312 P 32538 39 28 1478 1478 1 2 -310 16842
17:29:55.312 P 32540 39 43 1473 1473 1 1 -628 16590
17:29:55.312 P 32542 38 5 1455 1455 1 1 294 16788
17:29:55.312 P 32544 37 43 1475 1475 1 2 -390 16750
17:29:55.312 P 32546 37 24 1459 1459 1 2 -272 16742
17:29:55.312 P 32547 36 12 1449 1449 1 1 -26 16672
17:29:55.312 P 32549 37 63 1472 1472 2 1 -598 16776
17:29:55.312 P 32551 36 39 1455 1455 0 1 432 16800
17:29:55.312 P 32553 38 71 1481 1481 2 1 -692 16698
17:29:55.312 P 32555 38 69 1468 1468 1 1 536 16774
17:29:55.312 P 32557 43 108 1483 1483 1 1 -738 16776
17:29:55.312 P 32558 44 88 1487 1487 1 2 30 16774
17:29:55.312 P 32560 49 112 1494 1494 1 1 -574 16762
17:29:55.312 P 32562 51 70 1479 1479 1 1 36 16790
17:29:55.312 P 32564 53 77 1484 1484 0 1 -322 16658
17:29:55.312 P 32566 56 62 1483 1483 1 1 -774 16814
17:29:55.312 P 32568 57 69 1490 1490 2 1 96 16888
17:29:55.312 P 32570 60 69 1485 1485 1 1 -644 16742
17:29:55.312 P 32572 61 57 1467 1467 0 1 -146 16778
17:29:55.312 P 32574 63 62 1477 1477 0 1 -762 16664
17:29:55.312 P 32576 64 54 1471 1471 0 1 -118 16760
17:29:55.312 P 32578 66 68 1489 1489 1 2 -294 16740
17:29:55.312 P 32580 68 75 1491 1491 1 1 -700 16732
17:29:55.312 P 32582 69 31 1470 1470 1 1 -708 16616
17:29:55.312 P 32584 68 14 1460 1460 1 1 98 16818
17:29:55.312 P 32586 69 66 1475 1475 0 1 -524 16740
17:29:55.312 P 32588 71 73 1483 1483 1 1 -374 16664
17:29:55.312 P 32590 74 73 1468 1468 0 0 -524 16728
17:29:55.312 P 32592 74 40 1449 1449 0 0 -474 16784
17:29:55.312 P 32594 74 32 1460 1460 1 0 60 16860
17:29:55.312 P 32596 74 59 1459 1459 0 0 -534 16662
17:29:55.312 P 32598 75 70 1463 1463 0 0 118 16784
17:29:55.312 P 32600 79 93 1477 1477 0 1 -560 16690
17:29:55.312 P 32602 81 83 1475 1475 0 1 -302 16814
17:29:55.312 P 32604 84 68 1462 1462 0 1 -456 16682
17:29:55.312 P 32605 84 64 1462 1462 1 0 30 16818
17:29:55.312 P 32607 87 101 1485 1485 0 1 -176 16716
17:29:55.312 P 32609 91 117 1489 1489 0 1 -192 16738
17:29:55.312 P 32611 96 124 1492 1492 0 0 -298 16798
17:29:55.312 P 32613 101 122 1492 1492 0 0 -480 16716
17:29:55.312 P 32615 105 96 1480 1480 0 0 -348 16692
17:29:55.312 P 32617 108 71 1489 1489 1 1 -710 16728
17:29:55.312 P 32619 109 59 1479 1479 1 0 -228 16746
17:29:55.312 P 32621 111 69 1490 1490 0 1 -462 16748
17:29:55.312 P 32623 113 86 1505 1505 1 1 -386 16676
17:29:55.312 P 32624 114 88 1499 1499 0 0 -518 16728
17:29:55.312 P 32626 117 89 1498 1498 0 1 -316 16720
17:29:55.312 P 32628 119 72 1508 1508 1 1 -198 16722
17:29:55.312 P 32630 122 86 1509 1509 0 0 -462 16694
17:29:55.312 P 32632 123 63 1503 1503 1 0 -230 16830
17:29:55.312 P 32633 124 65 1497 1497 0 0 -492 16676
17:29:55.312 P 32635 124 38 1499 1499 1 1 -414 16778
17:29:55.312 P 32637 124 22 1492 1492 1 0 -454 16848
17:29:55.312 P 32639 122 29 1494 1494 0 0 -84 16820
17:29:55.312 P 32640 122 44 1501 1501 0 1 -136 16806
17:29:55.312 P 32642 124 83 1523 1523 0 1 -524 16750
17:29:55.312 P 32644 125 67 1518 1518 1 0 -232 16710
17:29:55.312 P 32646 128 71 1523 1523 1 0 -616 16780
17:29:55.312 P 32647 128 58 1518 1518 1 0 -410 16776
17:29:55.312 P 32649 129 45 1513 1513 1 0 -496 16664
17:29:55.312 P 32651 127 4 1503 1503 1 1 -568 16736
17:29:55.312 P 32653 124 -13 1500 1500 2 0 -382 16802
17:29:55.312 P 32655 121 -10 1493 1493 1 0 -166 16854
17:29:55.312 P 32656 119 -2 1494 1494 0 1 -68 16820
17:29:55.312 P 32658 118 9 1504 1504 0 1 -748 16694
17:29:55.312 P 32660 115 -15 1495 1495 0 1 -376 16782
17:29:55.312 P 32662 111 -59 1475 1475 1 1 -638 16748
17:29:55.312 P 32664 104 -36 1493 1493 2 1 -258 16686
17:29:55.312 P 32666 99 -43 1477 1477 1 1 208 16870
17:29:55.312 P 32667 97 -23 1471 1471 0 0 -48 16706
17:29:55.312 P 32669 95 -18 1474 1474 0 0 -336 16838
17:29:55.312 P 32671 92 -8 1491 1491 1 1 -716 16600
17:29:55.312 P 32673 86 -48 1460 1460 1 1 20 16848
17:29:55.312 P 32674 84 -35 1461 1461 0 1 -154 16692
17:29:55.312 P 32676 80 -19 1459 1459 0 0 -258 16722
17:29:55.312 P 32678 78 20 1481 1481 1 0 -14 16738
17:29:55.312 P 32680 77 36 1494 1494 1 1 -466 16844
17:29:55.312 P 32682 77 30 1475 1475 0 0 -484 16646
17:29:55.312 P 32683 76 10 1474 1474 1 1 -430 16722
17:29:55.312 P 32685 73 0 1464 1464 1 1 90 16716
17:29:55.312 P 32687 71 16 1476 1476 0 1 -102 16730
17:29:55.312 P 32689 71 42 1484 1484 0 1 -480 16692
17:29:55.312 P 32691 70 27 1466 1466 0 1 -218 16792
17:29:55.312 P 32693 70 26 1474 1474 0 1 -382 16762
17:29:55.312 P 32695 68 20 1477 1477 1 1 -136 16782
17:29:55.312 P 32697 67 10 1459 1459 0 1 -194 16696
17:29:55.312 P 32699 65 31 1475 1475 0 1 -78 16726
17:29:55.312 P 32701 65 29 1463 1463 0 1 -184 16686
17:29:55.312 P 32702 65 32 1465 1465 1 0 -376 16796
17:29:55.312 P 32704 63 -15 1450 1450 1 0 -330 16828
17:29:55.312 P 32706 59 -20 1441 1441 0 0 -266 16676
17:29:55.312 P 32708 55 5 1447 1447 0 0 268 16830
17:29:55.312 P 32710 56 50 1459 1459 0 0 -150 16656
17:29:55.312 P 32712 58 87 1482 1482 1 0 -340 16606
17:29:55.312 P 32714 61 88 1479 1479 0 0 -80 16678
17:29:55.312 P 32716 65 104 1476 1476 0 0 -448 16734
17:29:55.312 P 32718 68 96 1474 1474 0 0 -74 16732
17:29:55.312 P 32719 70 104 1485 1485 0 1 -492 16744
17:29:55.312 P 32721 73 93 1483 1483 0 1 -92 16796
17:29:55.312 P 32723 78 106 1492 1492 0 1 -384 16686
17:29:55.312 P 32725 81 99 1482 1482 0 0 -178 16798
17:29:55.312 P 32727 85 110 1494 1494 0 1 -198 16714
17:29:55.312 P 32729 89 121 1496 1496 0 0 -170 16750
17:29:55.312 P 32731 94 130 1500 1500 0 0 -162 16718
17:29:55.312 P 32732 97 135 1502 1502 0 0 -236 16708
17:29:55.312 P 32734 103 139 1517 1517 0 1 -230 16758
17:29:55.312 P 32736 109 139 1517 1517 0 0 -402 16728
17:29:55.312 P 32738 114 121 1520 1520 0 1 -342 16796
17:29:55.312 P 32740 119 104 1521 1521 1 0 -532 16710
17:29:55.312 P 32741 120 92 1532 1532 1 1 -424 16822
17:29:55.312 P 32743 122 64 1510 1510 0 0 -574 16772
17:29:55.312 P 32745 122 17 1498 1498 1 0 -672 16672
17:29:55.312 P 32747 119 -8 1501 1501 1 1 -144 16788
17:29:55.312 P 32749 117 -2 1495 1495 0 1 -396 16790
17:29:55.312 P 32750 115 -1 1496 1496 1 0 -72 16818
17:29:55.312 P 32752 114 20 1509 1509 0 1 -424 16756
17:29:57.181 P 32754 113 23 1504 1504 1 0 -446 16716
17:29:57.181 P 32756 111 10 1501 1501 0 1 -376 16730
17:29:57.181 P 32757 110 7 1500 1500 1 0 -492 16832
17:29:57.181 P 32759 108 -6 1485 1485 0 0 -448 16778
17:29:57.181 P 32761 106 -7 1496 1496 1 0 -592 16654
17:29:57.181 P 32763 102 -18 1478 1478 0 0 -104 16680
17:29:57.181 P 32764 100 -11 1492 1492 1 1 -440 16682
17:29:57.181 P 32766 97 -33 1470 1470 0 1 -898 16564
17:29:57.181 P 32768 108 -452 -1325 -1325 0 0 -19782 16338
17:29:57.181 P 32770 45 -1371 -1814 -1814 1 0 -1496 17338
17:29:57.181 P 32771 7 -1323 -1846 -1846 -1 0 -2938 17708
17:29:57.181 P 32773 -63 -1447 -2012 -2012 -1 0 -5534 15208
17:29:57.181 P 32775 -147 -1478 -2191 -2191 -3 -2 -4582 16926
17:29:57.181 P 32777 -224 -1208 -2260 -2260 -5 -4 -166 18224
17:29:57.181 P 32779 -265 -543 -2134 -2134 -6 -6 -968 17262
17:29:57.181 P 32781 -287 -225 -2159 -2159 -8 -7 1456 17994
17:29:57.181 P 32782 -286 21 -2121 -2121 -8 -8 156 17352
17:29:57.181 P 32784 -278 270 -2158 -2158 -10 -9 2446 16428
17:29:57.181 P 32786 -250 592 -2123 -2123 -10 -9 1650 16576
17:29:57.181 P 32788 -206 921 -2057 -2057 -12 -9 2714 17616
17:29:57.181 P 32790 -142 1149 -2021 -2021 -12 -11 866 16586
17:29:57.181 P 32792 -72 1283 -1989 -1989 -12 -11 1758 15580
17:29:57.181 P 32793 -32 1392 -1949 -1949 -12 -12 1108 16190
17:29:57.181 P 32795 55 1482 -1893 -1893 -12 -12 78 17068
17:29:57.181 P 32797 145 1618 -1805 -1805 -12 -12 306 16440
17:29:57.181 P 32799 243 1661 -1731 -1731 -12 -12 0 15656
17:29:57.181 P 32801 339 1660 -1681 -1681 -12 -12 -94 17206
17:29:57.181 P 32802 387 1655 -1644 -1644 -12 -11 -398 16398
17:29:57.181 P 32804 482 1626 -1590 -1590 -11 -12 -340 16518
17:29:57.181 P 32806 576 1631 -1512 -1512 -12 -12 -306 15498
17:29:57.181 P 32808 672 1664 -1408 -1408 -12 -11 -574 16760
17:29:57.181 P 32810 768 1690 1302 1302 -10 -11 -422 16476
17:29:57.181 P 32812 866 1739 1419 1419 -10 -10 -84 15062
17:29:57.181 P 32813 916 1774 1491 1491 -10 -11 -526 15498
17:29:57.181 P 32815 1022 1618 1563 1563 -9 -10 -5832 17400
17:29:57.181 P 32817 1099 1299 1559 1559 -8 -8 -1100 16542
17:29:57.181 P 32819 1172 1176 1666 1666 -6 -7 -3654 16572
17:29:57.181 P 32821 1229 880 1680 1680 -5 -6 -4216 17222
17:29:57.181 P 32823 1246 83 1440 1440 -4 -4 -4044 18088
17:29:57.181 P 32825 1230 -253 1358 1358 -4 -4 -2842 17746
17:29:57.181 P 32826 1218 -290 1379 1379 -3 -4 -1580 16704
17:29:57.181 P 32828 1192 -261 1447 1447 -3 -3 -868 15568
17:29:57.181 P 32830 1172 -242 1508 1508 -3 -3 -1864 16538
17:29:57.181 P 32832 1152 -231 1554 1554 -2 -2 -1926 18242
17:29:57.181 P 32834 1129 -277 1570 1570 -1 -2 -1504 16494
17:29:57.181 P 32836 1106 -380 1548 1548 -1 -2 -2582 16096
17:29:57.181 P 32837 1088 -459 1531 1531 -1 -1 -1166 16574
17:29:57.181 P 32839 1054 -500 1527 1527 -1 -2 -2514 17360
17:29:57.181 P 32841 1014 -580 1523 1523 0 0 -1720 16624
17:29:57.181 P 32843 971 -633 1505 1505 0 -1 -868 16412
17:29:57.181 P 32845 928 -586 1520 1520 0 -1 -1636 16782
17:29:57.181 P 32847 886 -609 1504 1504 0 0 -1112 16886
17:29:57.181 P 32848 865 -577 1523 1523 0 1 -1324 16664
17:29:57.181 P 32850 827 -519 1531 1531 0 0 -796 16400
17:29:57.181 P 32852 793 -452 1553 1553 0 1 -956 16724
17:29:57.181 P 32854 762 -383 1562 1562 0 0 -864 16746
17:29:57.181 P 32855 749 -353 1576 1576 1 0 -1030 16742
17:29:57.181 P 32857 724 -305 1585 1585 0 1 -706 16600
17:29:57.181 P 32859 702 -270 1600 1600 1 1 -1132 16736
17:29:57.181 P 32861 682 -256 1606 1606 0 1 -1404 16874
17:29:57.181 P 32863 661 -269 1587 1587 1 1 -1062 16646
17:29:57.181 P 32865 641 -260 1594 1594 1 1 -1334 16662
17:29:57.181 P 32866 631 -267 1600 1600 2 1 -1288 16748
17:29:57.181 P 32868 609 -275 1587 1587 1 2 -770 16850
17:29:57.181 P 32870 590 -255 1596 1596 1 2 -1258 16642
17:29:57.181 P 32872 570 -256 1580 1580 1 1 -1010 16742
17:29:57.181 P 32874 551 -234 1590 1590 1 1 -762 16716
17:29:57.181 P 32876 533 -249 1581 1581 1 2 -1242 16548
17:29:57.181 P 32878 514 -222 1588 1588 2 1 -1198 16638
17:29:57.181 P 32880 496 -236 1573 1573 1 2 -470 16854
17:29:57.181 P 32882 480 -184 1597 1597 1 2 -1272 16774
17:29:57.181 P 32884 464 -208 1592 1592 2 2 -544 16682
17:29:57.181 P 32885 456 -188 1592 1592 1 2 -446 16712
17:29:57.181 P 32887 443 -180 1610 1610 2 3 -1346 16836
17:29:57.181 P 32889 428 -166 1605 1605 2 3 -1026 16814
17:29:57.181 P 32891 414 -174 1608 1608 3 3 -670 16532
17:29:57.181 P 32893 402 -148 1605 1605 2 2 -1524 16698
17:29:57.181 P 32895 388 -167 1596 1596 1 3 -486 16852
17:29:57.181 P 32897 374 -186 1586 1586 2 3 -670 16742
17:29:57.181 P 32899 361 -151 1598 1598 2 2 -912 17032
17:29:57.181 P 32901 348 -148 1604 1604 2 3 -602 16426
17:29:57.181 P 32902 343 -134 1602 1602 2 2 -1154 16548
17:29:57.181 P 32904 330 -132 1615 1615 2 4 -492 16512
17:29:57.181 P 32906 320 -123 1609 1609 2 3 -884 16918
17:29:57.181 P 32908 308 -154 1592 1592 2 3 -296 16952
17:29:57.181 P 32910 296 -137 1606 1606 3 3 -816 16644
17:29:57.181 P 32912 285 -137 1598 1598 3 3 -422 16686
17:29:57.181 P 32913 278 -138 1604 1604 3 3 -380 16950
17:29:57.181 P 32915 268 -117 1606 1606 3 3 -684 16874
17:29:57.181 P 32917 259 -123 1612 1612 3 3 -656 16518
17:29:57.181 P 32919 248 -121 1599 1599 2 3 -658 16598
17:29:57.181 P 32921 237 -141 1595 1595 2 4 -544 16972
17:29:57.181 P 32923 228 -114 1592 1592 1 3 -1290 16798
17:29:57.181 P 32924 222 -137 1584 1584 3 3 -978 16758
17:29:57.181 P 32926 211 -124 1593 1593 2 4 -986 16530
17:29:57.181 P 32928 199 -150 1580 1580 2 4 -140 16604
17:29:57.181 P 32930 188 -128 1580 1580 3 3 -292 16822
17:29:57.181 P 32932 178 -125 1584 1584 3 4 -1090 16978
17:29:57.181 P 32933 172 -146 1581 1581 3 4 -310 16390
17:29:57.181 P 32935 162 -112 1574 1574 3 2 -572 16650
17:29:57.181 P 32937 153 -118 1561 1561 2 3 -518 16582
17:29:57.181 P 32939 143 -115 1562 1562 2 3 -652 16570
17:29:57.181 P 32941 132 -117 1560 1560 3 3 -184 16842
17:29:57.181 P 32943 123 -87 1563 1563 2 3 -248 16838
17:29:57.181 P 32945 116 -62 1578 1578 3 3 16 16848
17:29:57.181 P 32946 113 -50 1584 1584 3 3 -286 16820
17:29:57.181 P 32948 108 -53 1586 1586 3 4 -390 16836
17:29:57.181 P 32950 103 -44 1590 1590 2 4 -540 16718
17:29:57.181 P 32952 97 -53 1586 1586 3 3 -526 16476
17:29:57.181 P 32954 90 -93 1566 1566 3 4 62 17030
17:29:57.181 P 32956 84 -61 1580 1580 2 4 -1224 16668
17:29:57.181 P 32958 75 -92 1560 1560 2 4 360 16758
17:29:57.181 P 32959 72 -54 1557 1557 2 2 -554 16658
17:29:57.181 P 32961 66 -78 1548 1548 2 3 -278 16748
17:29:57.181 P 32963 58 -74 1560 1560 3 3 -444 16860
17:29:57.181 P 32965 52 -47 1563 1563 3 3 -348 16956
17:29:57.181 P 32967 47 -56 1559 1559 2 3 -364 16530
17:29:57.181 P 32969 41 -49 1571 1571 3 3 -120 16684
17:29:57.181 P 32971 36 -65 1553 1553 3 3 -310 16970
17:29:57.181 P 32973 29 -89 1540 1540 2 3 -104 16594
17:29:57.181 P 32975 22 -53 1565 1565 3 3 -404 16488
17:29:57.181 P 32977 17 -54 1553 1553 3 3 -436 16850
17:29:57.181 P 32979 -21 -514 0 0 2 3 -32768 15296
17:29:57.181 P 32981 -146 -3018 -2610 -2610 2 4 -5486 12998
17:29:57.181 P 32983 -321 -2841 -2774 -2774 0 1 -6254 18452
17:29:57.181 P 32984 -398 -2676 -2800 -2800 -2 -2 -5022 19908
17:29:57.181 P 32986 -520 -1811 -2763 -2763 -5 -4 -1558 17828
17:29:57.181 P 32988 -581 -823 -2615 -2615 -8 -8 -702 18060
17:29:57.181 P 32990 -588 124 -2458 -2458 -11 -9 924 19580
17:29:57.181 P 32992 -557 773 -2399 -2399 -12 -12 4700 16752
17:29:57.181 P 32994 -489 1342 -2330 -2330 -14 -14 3034 16934
17:29:57.181 P 32996 -393 1759 -2251 -2251 -14 -15 2534 16648
17:29:57.181 P 32998 -275 2132 -2150 -2150 -15 -15 1268 15358
17:29:57.181 P 33000 -142 2356 -2075 -2075 -16 -16 2214 15202
17:29:57.181 P 33002 5 2432 -2013 -2013 -16 -15 -306 14502
17:29:57.181 P 33004 149 2425 -1977 -1977 -16 -16 -694 18320
17:29:57.181 P 33006 291 2447 -1905 -1905 -16 -16 684 15762
17:29:57.181 P 33008 441 2552 -1762 -1762 -16 -16 -444 15498
17:29:57.181 P 33010 593 2596 -1626 -1626 -15 -16 -82 14162
17:29:57.181 P 33013 829 2780 -1342 -1342 -15 -15 -82 16594
17:29:57.181 P 33015 999 2944 1483 1483 -16 -14 -556 14590
17:29:57.181 P 33017 1177 3003 1710 1710 -14 -14 -3892 15860
17:29:57.181 P 33019 1349 2698 1808 1808 -12 -12 -4972 15120
17:29:57.181 P 33021 1494 2166 1834 1834 -9 -11 -9028 20026
17:29:57.181 P 33023 1562 764 1398 1398 -7 -8 -5170 19640
17:29:57.181 P 33026 1584 156 1362 1362 -6 -7 -2816 15882
17:29:57.181 P 33028 1582 208 1506 1506 -5 -5 -564 16194
17:29:57.181 P 33030 1591 194 1601 1601 -4 -5 -3004 16848
17:29:57.181 P 33032 1594 182 1695 1695 -4 -5 -3700 17272
17:29:57.181 P 33035 1585 -121 1698 1698 -3 -3 -4720 17738
17:29:57.181 P 33037 1559 -408 1645 1645 -2 -2 -2422 17490
17:29:57.181 P 33039 1523 -561 1663 1663 0 0 -3756 16264
17:29:57.181 P 33041 1475 -704 1645 1645 0 -1 -2766 16736
17:29:57.181 P 33043 1421 -802 1633 1633 0 0 -2336 16876
17:29:57.181 P 33045 1365 -780 1666 1666 0 0 -1810 16254
17:29:57.181 P 33048 1290 -673 1740 1740 1 1 -2034 16668
17:29:57.181 P 33050 1243 -691 1743 1743 1 2 -2304 16978
17:29:57.181 P 33052 1192 -760 1729 1729 2 2 -2248 16694
17:29:57.181 P 33054 1138 -778 1717 1717 2 2 -2122 16422
17:29:57.181 P 33056 1083 -798 1716 1716 2 3 -1288 16644
17:29:57.181 P 33059 1002 -789 1702 1702 2 3 -952 16578
17:29:57.181 P 33061 950 -792 1698 1698 3 3 -1826 16514
17:29:57.181 P 33063 897 -769 1692 1692 2 4 -1640 16822
17:29:57.181 P 33065 846 -748 1689 1689 3 4 -1078 16638
17:29:57.181 P 33068 774 -728 1674 1674 4 3 -1690 16722
17:29:57.181 P 33070 727 -683 1665 1665 3 4 -994 16516
17:29:57.181 P 33072 682 -661 1671 1671 4 5 -1366 16408
17:29:57.181 P 33074 638 -624 1659 1659 4 4 -1068 16656
17:29:57.181 P 33076 598 -582 1659 1659 4 4 -1372 16588
17:29:57.181 P 33078 559 -556 1650 1650 4 5 -964 16408
17:29:57.181 P 33081 506 -494 1653 1653 4 4 -1328 16872
17:29:57.181 P 33083 473 -472 1629 1629 3 5 -924 16712
17:29:57.181 P 33085 442 -434 1626 1626 4 4 -636 16444
17:29:57.181 P 33087 415 -366 1650 1650 4 5 -1246 17024
17:29:57.181 P 33089 390 -346 1629 1629 3 4 -982 16390
17:29:57.181 P 33092 354 -333 1627 1627 4 4 -198 16392
17:29:57.181 P 33094 334 -298 1635 1635 4 5 -1032 17016
17:29:57.181 P 33096 313 -271 1618 1618 3 4 -378 16904
17:29:57.181 P 33098 297 -214 1643 1643 4 4 -1452 17128
17:29:57.181 P 33100 279 -238 1635 1635 4 5 -714 16662
17:29:57.181 P 33102 263 -215 1630 1630 4 5 -546 16090
17:29:57.181 P 33104 249 -181 1622 1622 3 4 -992 16858
17:29:57.181 P 33106 235 -179 1622 1622 4 4 -798 16858
17:29:58.999 P 33108 223 -133 1652 1652 4 5 -466 16412
17:29:58.999 P 33110 214 -99 1658 1658 4 5 -808 17120
17:29:58.999 P 33112 206 -99 1661 1661 4 5 -1220 16676
17:29:58.999 P 33114 195 -133 1643 1643 4 5 -210 16538
17:29:58.999 P 33116 185 -139 1645 1645 4 5 -768 16790
17:29:58.999 P 33118 175 -135 1642 1642 4 5 -638 17006
17:29:58.999 P 33120 164 -129 1629 1629 3 5 -824 16192
17:29:58.999 P 33122 154 -120 1639 1639 4 5 -324 16798
17:29:58.999 P 33124 146 -93 1649 1649 4 5 -988 17002
17:29:58.999 P 33126 135 -119 1641 1641 4 6 -262 16310
17:29:58.999 P 33128 127 -94 1644 1644 3 4 -526 16598
17:29:58.999 P 33131 115 -111 1649 1649 4 5 -442 16882
17:29:58.999 P 33133 105 -106 1640 1640 4 4 -232 16874
17:29:58.999 P 33135 98 -80 1666 1666 4 6 -968 16868
17:29:58.999 P 33137 90 -96 1645 1645 4 4 -312 16614
17:29:58.999 P 33139 82 -108 1661 1661 5 6 -470 16496
17:29:58.999 P 33141 73 -134 1642 1642 4 5 -560 16894
17:29:58.999 P 33143 63 -136 1635 1635 4 5 -462 16636
17:29:58.999 P 33145 53 -117 1646 1646 4 5 -708 17144
17:29:58.999 P 33147 42 -162 1636 1636 4 6 -262 16770
17:29:58.999 P 33149 31 -144 1623 1623 4 5 -670 16260
17:29:58.999 P 33151 21 -156 1626 1626 4 5 -450 16758
17:29:58.999 P 33153 9 -132 1626 1626 4 5 -406 17132
17:29:58.999 P 33155 0 -143 1609 1609 4 4 -526 16542
17:29:58.999 P 33157 -11 -156 1614 1614 4 6 -508 16826
17:29:58.999 P 33159 -23 -174 1592 1592 4 5 -762 16514
17:29:58.999 P 33161 -35 -163 1585 1585 4 5 -454 16966
17:29:58.999 P 33163 -46 -146 1585 1585 4 5 -280 16772
17:29:58.999 P 33165 -56 -138 1582 1582 4 5 -674 16608
17:29:58.999 P 33167 -66 -146 1572 1572 4 5 -64 17032
17:29:58.999 P 33169 -76 -141 1569 1569 4 5 -336 16250
17:29:58.999 P 33171 -87 -128 1570 1570 4 5 -168 16698
17:29:58.999 P 33173 -96 -133 1564 1564 4 5 100 16618
17:29:58.999 P 33175 -104 -91 1561 1561 3 4 -688 16776
17:29:58.999 P 33177 -113 -112 1554 1554 4 5 148 17206
17:29:58.999 P 33179 -119 -79 1573 1573 4 5 -1030 16998
17:29:58.999 P 33181 -128 -96 1548 1548 4 5 244 16354
17:29:58.999 P 33183 -135 -114 1536 1536 4 5 -256 16762
17:29:58.999 P 33185 -145 -119 1521 1521 4 5 308 16730
17:29:58.999 P 33187 -152 -112 1504 1504 3 4 -130 16872
17:29:58.999 P 33189 -161 -99 1502 1502 3 4 -102 16820
17:29:58.999 P 33191 -168 -109 1492 1492 3 4 -264 16806
17:29:58.999 P 33193 -176 -96 1495 1495 4 4 -106 16796
17:29:58.999 P 33195 -182 -76 1505 1505 4 5 -72 16740
17:29:58.999 P 33197 -188 -98 1474 1474 3 4 -60 16632
17:29:58.999 P 33199 -196 -79 1468 1468 3 4 52 16632
17:29:58.999 P 33201 -201 -82 1466 1466 4 4 -10 16520
17:29:58.999 P 33203 -209 -88 1443 1443 3 4 148 16700
17:29:58.999 P 33205 -215 -89 1445 1445 3 4 40 17358
17:29:58.999 P 33207 -221 -71 1438 1438 3 4 -224 16380
17:29:58.999 P 33209 -227 -54 1442 1442 3 3 456 16534
17:29:58.999 P 33211 -230 -29 1447 1447 3 4 134 17010
17:29:58.999 P 33213 -233 -34 1419 1419 2 3 0 17090
17:29:58.999 P 33214 -235 -51 1416 1416 3 4 32 16604
17:29:58.999 P 33216 -240 -75 1392 1392 2 3 146 16524
17:29:58.999 P 33218 -246 -75 1402 1402 3 4 -210 17142
17:29:58.999 P 33220 -252 -81 1379 1379 3 3 354 17028
17:29:58.999 P 33222 -258 -70 1378 1378 2 4 90 16578
17:29:58.999 P 33224 -262 -66 1368 1368 2 4 -232 16536
17:29:58.999 P 33226 -269 -92 1342 1342 3 2 298 16872
17:29:58.999 P 33228 -276 -103 1329 1329 3 3 296 16734
17:29:58.999 P 33229 -279 -92 1326 1326 2 3 118 16708
17:29:58.999 P 33231 -286 -91 1312 1312 2 3 40 16778
17:29:58.999 P 33233 -292 -97 -1302 -1302 2 3 76 16960
17:29:58.999 P 33235 -299 -95 -1319 -1319 2 3 116 16668
17:29:58.999 P 33237 -306 -82 -1337 -1337 1 2 338 16820
17:29:58.999 P 33239 -310 -48 -1328 -1328 2 2 90 16928
17:29:58.999 P 33241 -313 -18 -1333 -1333 2 2 426 16758
17:29:58.999 P 33243 -313 33 -1341 -1341 0 2 140 16774
17:29:58.999 P 33245 -311 56 -1340 -1340 2 1 436 16692
17:29:58.999 P 33248 -304 107 -1346 -1346 1 1 212 16824
17:29:58.999 P 33250 -298 126 -1346 -1346 1 1 358 16786
17:29:58.999 P 33252 -290 163 -1350 -1350 0 0 378 16682
17:29:58.999 P 33254 -280 203 -1332 -1332 0 1 384 16820
17:29:58.999 P 33256 -268 237 -1338 -1338 0 0 376 16742
17:29:58.999 P 33259 -246 269 -1329 -1329 0 0 218 16742
17:29:58.999 P 33261 -232 259 -1336 -1336 0 0 364 16690
17:29:58.999 P 33263 -217 283 -1323 -1323 0 0 324 16812
17:29:58.999 P 33265 -201 280 -1316 -1316 0 0 -234 16726
17:29:58.999 P 33267 -186 249 -1331 -1331 0 0 -142 16710
17:29:58.999 P 33269 -173 233 -1336 -1336 0 0 -112 16750
17:29:58.999 P 33271 -161 207 -1336 -1336 0 0 -74 16758
17:29:58.999 P 33273 -150 195 -1331 -1331 0 0 -112 16764
17:29:58.999 P 33275 -141 175 -1340 -1340 0 -1 -116 16608
17:29:58.999 P 33277 -133 169 -1333 -1333 0 0 786 16834
17:29:58.999 P 33280 -117 178 -1317 -1317 0 0 -194 16702
17:29:58.999 P 33282 -109 169 -1318 -1318 0 0 -136 16722
17:29:58.999 P 33284 -100 149 -1315 -1315 0 0 -258 16642
17:29:58.999 P 33286 -94 124 -1326 -1326 0 0 -142 16692
17:29:58.999 P 33288 -89 110 -1323 -1323 0 0 -258 16686
17:29:58.999 P 33290 -85 90 -1325 -1325 0 0 -280 16754
17:29:58.999 P 33292 -82 62 -1334 -1334 0 0 -84 16772
17:29:58.999 P 33294 -80 63 -1330 -1330 0 0 -136 16768
17:29:58.999 P 33296 -79 43 -1337 -1337 0 0 -88 16834
17:29:58.999 P 33298 -78 40 -1337 -1337 0 0 -168 16720
17:29:58.999 P 33300 -78 25 -1344 -1344 0 0 -76 16770
17:29:58.999 P 33302 -79 17 -1347 -1347 0 0 -138 16816
17:29:58.999 P 33304 -80 8 -1353 -1353 0 0 -50 16810
17:29:58.999 P 33306 -81 -4 -1360 -1360 0 0 -188 16722
17:29:58.999 P 33308 -84 -12 -1366 -1366 0 0 -96 16712
17:29:58.999 P 33310 -87 -22 -1373 -1373 0 0 -32 16766
17:29:58.999 P 33311 -89 -28 -1378 -1378 0 0 -60 16764
17:29:58.999 P 33313 -93 -37 -1386 -1386 0 0 -68 16800
17:29:58.999 P 33315 -97 -47 -1405 -1405 -1 0 -38 16652
17:29:58.999 P 33317 -102 -59 -1412 -1412 0 0 -66 16772
17:29:58.999 P 33319 -108 -69 -1421 -1421 0 0 -22 16772
17:29:58.999 P 33321 -115 -83 -1433 -1433 0 0 -2 16740
17:29:58.999 P 33323 -122 -93 -1443 -1443 0 0 -44 16882
17:29:58.999 P 33325 -130 -105 -1466 -1466 -1 0 -46 16784
17:29:58.999 P 33327 -138 -119 -1478 -1478 0 0 2 16724
17:29:58.999 P 33329 -148 -131 -1490 -1490 0 0 -4 16740
17:29:58.999 P 33331 -158 -146 -1514 -1514 0 0 48 16668
17:29:58.999 P 33332 -164 -149 -1529 -1529 -1 0 308 16726
17:29:58.999 P 33334 -173 -143 -1537 -1537 0 0 94 16742
17:29:58.999 P 33336 -184 -126 -1541 -1541 0 0 120 16640
17:29:58.999 P 33338 -192 -99 -1539 -1539 -1 0 380 16752
17:29:58.999 P 33340 -199 -89 -1551 -1551 -1 0 50 16726
17:29:58.999 P 33342 -207 -96 -1570 -1570 -1 0 358 16694
17:29:58.999 P 33344 -213 -64 -1566 -1566 -1 0 300 16792
17:29:58.999 P 33346 -217 -28 -1564 -1564 0 0 306 16752
17:29:58.999 P 33348 -221 -33 -1579 -1579 -1 0 646 16750
17:29:58.999 P 33350 -224 -1 -1582 -1582 0 -1 270 16768
17:29:58.999 P 33352 -225 35 -1588 -1588 -1 -1 890 16918
17:29:58.999 P 33354 -223 65 -1578 -1578 -1 -1 248 16868
17:29:58.999 P 33356 -220 79 -1583 -1583 -2 -1 624 16772
17:29:58.999 P 33358 -217 100 -1588 -1588 -1 -1 630 16810
17:29:58.999 P 33360 -211 124 -1586 -1586 -1 -2 0 16850
17:29:58.999 P 33362 -206 126 -1601 -1601 -2 -2 636 16688
17:29:58.999 P 33364 -199 166 -1579 -1579 -1 -1 900 17038
17:29:58.999 P 33366 -188 214 -1569 -1569 -2 -2 -454 16756
17:29:58.999 P 33368 -179 212 -1572 -1572 -3 -2 1058 16662
17:29:58.999 P 33370 -166 201 -1581 -1581 -3 -2 404 16856
17:29:58.999 P 33372 -156 230 -1559 -1559 -2 -2 132 16748
17:29:58.999 P 33374 -145 201 -1576 -1576 -2 -3 506 16838
17:29:58.999 P 33376 -133 256 -1547 -1547 -2 -3 366 16716
17:29:58.999 P 33378 -120 250 -1545 -1545 -2 -3 96 16838
17:29:58.999 P 33380 -107 249 -1539 -1539 -2 -3 -152 16736
17:29:58.999 P 33382 -95 235 -1529 -1529 -2 -2 378 16628
17:29:58.999 P 33384 -83 233 -1524 -1524 -2 -2 204 16874
17:29:58.999 P 33386 -71 244 -1512 -1512 -2 -2 388 16838
17:29:58.999 P 33388 -58 246 -1505 -1505 -3 -2 368 16804
17:29:58.999 P 33390 -46 227 -1496 -1496 -3 -1 164 16612
17:29:58.999 P 33391 -40 229 -1493 -1493 -1 -3 272 16742
17:29:58.999 P 33393 -28 228 -1478 -1478 -2 -2 -22 16778
17:29:58.999 P 33395 -18 193 -1485 -1485 -2 -3 392 16770
17:29:58.999 P 33397 -8 217 -1462 -1462 -2 -2 -428 16652
17:29:58.999 P 33399 0 191 -1456 -1456 -2 -1 382 16822
17:29:58.999 P 33401 10 192 -1438 -1438 -1 -1 -382 16818
17:29:58.999 P 33403 16 150 -1457 -1457 -1 -2 546 16734
17:29:58.999 P 33405 24 181 -1432 -1432 -2 -2 -382 16722
17:29:58.999 P 33407 31 143 -1422 -1422 -1 -1 230 16800
17:29:58.999 P 33409 37 148 -1416 -1416 -1 -1 8 16750
17:29:58.999 P 33411 42 119 -1410 -1410 0 -2 130 16840
17:29:58.999 P 33413 46 126 -1401 -1401 -1 -1 -180 16714
17:29:58.999 P 33415 50 127 -1396 -1396 -1 -1 746 16880
17:29:58.999 P 33417 58 153 -1369 -1369 -1 -2 -1056 16644
17:29:58.999 P 33419 60 98 -1379 -1379 -1 -1 924 16854
17:29:58.999 P 33421 66 116 -1353 -1353 0 -1 -610 16690
17:29:58.999 P 33423 68 82 -1360 -1360 0 -1 40 16768
17:29:58.999 P 33424 69 84 -1360 -1360 -1 -1 -332 16632
17:29:58.999 P 33426 70 47 -1344 -1344 0 0 -110 16648
17:29:58.999 P 33428 69 13 -1366 -1366 -1 0 -178 16704
17:29:58.999 P 33430 66 -11 -1365 -1365 0 0 -86 16738
17:29:58.999 P 33432 62 -9 -1365 -1365 0 0 190 16812
17:29:58.999 P 33434 59 11 -1350 -1350 0 -1 36 16736
17:29:58.999 P 33436 58 21 -1331 -1331 0 0 -52 16714
17:29:58.999 P 33438 56 -4 -1334 -1334 0 0 -188 16654
17:29:58.999 P 33440 52 -29 -1351 -1351 0 -1 -348 16666
17:29:58.999 P 33442 47 -56 -1361 -1361 0 0 -210 16790
17:29:58.999 P 33443 43 -61 -1363 -1363 0 0 56 16756
17:29:58.999 P 33445 38 -34 -1350 -1350 0 0 112 16810
17:29:58.999 P 33447 34 -14 -1341 -1341 0 0 70 16740
17:29:58.999 P 33449 31 -4 -1337 -1337 0 0 44 16690
17:29:58.999 P 33450 29 -2 -1336 -1336 0 0 -64 16706
17:29:58.999 P 33452 26 -2 -1338 -1338 0 0 22 16808
17:29:58.999 P 33454 24 7 -1335 -1335 0 0 24 16766
17:29:58.999 P 33456 22 18 -1330 -1330 0 0 32 16872
17:29:58.999 P 33458 21 32 -1324 -1324 0 0 24 16740
17:29:58.999 P 33459 21 37 -1322 -1322 0 0 32 16824
17:29:58.999 P 33461 21 42 -1319 -1319 0 0 4 16794
17:29:58.999 P 33463 21 45 -1317 -1317 0 0 -28 16716
17:29:58.999 P 33465 22 54 -1312 -1312 0 0 -52 16690
17:29:58.999 P 33466 22 59 -1310 -1310 0 0 14 16748
17:29:58.999 P 33468 23 70 -1303 -1303 0 0 32 16662
17:29:58.999 P 33470 25 76 1302 1302 0 0 -16 16702
17:29:58.999 P 33472 28 82 1317 1317 0 1 28 16740
17:29:58.999 P 33474 30 88 1320 1320 0 0 -14 16692
17:29:58.999 P 33475 32 93 1322 1322 0 0 -30 16692
17:29:58.999 P 33477 35 102 1329 1329 0 0 -42 16754
17:29:58.999 P 33479 39 112 1336 1336 0 0 -30 16702
17:30:00.791 P 33481 44 122 1345 1345 0 0 -66 16782
17:30:00.791 P 33482 46 124 1347 1347 0 0 -74 16708
17:30:00.791 P 33484 51 129 1354 1354 0 0 -68 16746
17:30:00.791 P 33486 57 138 1364 1364 0 0 -84 16732
17:30:00.791 P 33488 63 150 1375 1375 0 0 -76 16754
17:30:00.791 P 33490 70 162 1387 1387 0 0 -100 16780
17:30:00.791 P 33492 78 171 1399 1399 0 0 -112 16830
17:30:00.791 P 33494 86 181 1411 1411 0 0 -100 16736
17:30:00.791 P 33495 90 187 1418 1418 0 0 -120 16710
17:30:00.791 P 33497 99 200 1433 1433 0 0 -150 16828
17:30:00.791 P 33499 109 211 1448 1448 0 0 -140 16724
17:30:00.791 P 33501 120 227 1466 1466 0 0 -128 16732
17:30:00.791 P 33503 131 243 1484 1484 0 0 -150 16756
17:30:00.791 P 33505 143 257 1503 1503 0 0 -178 16796
17:30:00.791 P 33507 157 275 1524 1524 0 0 -114 16764
17:30:00.791 P 33509 171 295 1556 1556 0 0 -166 16736
17:30:00.791 P 33510 179 306 1578 1578 0 1 -172 16736
17:30:00.791 P 33512 195 329 1616 1616 0 0 -174 16770
17:30:00.791 P 33514 213 354 1674 1674 1 1 -216 16816
17:30:00.791 P 33517 238 190 1653 1653 1 1 -2292 16674
17:30:00.791 P 33519 234 -133 1523 1523 1 1 -1098 16698
17:30:00.791 P 33521 220 -198 1516 1516 2 1 -512 16668
17:30:00.791 P 33523 205 -177 1523 1523 2 1 -424 16758
17:30:00.791 P 33525 192 -158 1546 1546 2 2 54 16844
17:30:00.791 P 33527 182 -115 1569 1569 2 3 -724 16638
17:30:00.791 P 33529 170 -147 1541 1541 1 2 -212 16734
17:30:00.791 P 33531 160 -124 1558 1558 1 2 -670 16808
17:30:00.791 P 33533 149 -151 1541 1541 2 2 -666 16650
17:30:00.791 P 33535 138 -144 1535 1535 1 2 -666 16608
17:30:00.791 P 33537 125 -173 1520 1520 1 2 252 16878
17:30:00.791 P 33539 115 -141 1535 1535 2 2 -776 16684
17:30:00.791 P 33541 102 -160 1514 1514 3 1 68 16708
17:30:00.791 P 33543 92 -128 1518 1518 2 1 -988 16784
17:30:00.791 P 33544 86 -157 1515 1515 2 3 -222 16750
17:30:00.791 P 33546 75 -145 1506 1506 1 3 -288 16688
17:30:00.791 P 33548 64 -163 1485 1485 1 2 -206 16640
17:30:00.791 P 33550 53 -103 1503 1503 2 2 -768 16732
17:30:00.791 P 33552 42 -174 1468 1468 2 2 -4 16852
17:30:00.791 P 33554 31 -106 1481 1481 2 2 -234 16758
17:30:00.791 P 33556 23 -146 1444 1444 1 1 -170 16848
17:30:00.791 P 33558 12 -114 1452 1452 1 1 -246 16736
17:30:00.791 P 33560 4 -124 1434 1434 2 1 -168 16728
17:30:00.791 P 33562 -4 -91 1448 1448 2 2 -458 16736
17:30:00.791 P 33564 -11 -76 1437 1437 1 2 -108 16720
17:30:00.791 P 33566 -19 -113 1401 1401 1 1 308 16788
17:30:00.791 P 33568 -25 -58 1415 1415 1 1 -662 16692
17:30:00.791 P 33570 -32 -75 1407 1407 1 2 -96 16848
17:30:00.791 P 33572 -39 -88 1389 1389 2 1 -20 16752
17:30:00.791 P 33574 -43 -33 1398 1398 0 1 -814 16592
17:30:00.791 P 33576 -50 -77 1373 1373 2 1 700 16906
17:30:00.791 P 33578 -53 -9 1385 1385 0 1 -726 16684
17:30:00.791 P 33580 -56 -33 1367 1367 1 1 170 16794
17:30:00.791 P 33582 -58 3 1372 1372 0 1 -400 16844
17:30:00.791 P 33584 -61 -10 1357 1357 1 1 26 16786
17:30:00.791 P 33586 -63 -10 1350 1350 1 1 60 16784
17:30:00.791 P 33588 -65 13 1347 1347 0 1 -286 16744
17:30:00.791 P 33590 -65 15 1339 1339 0 1 -336 16748
17:30:00.791 P 33592 -66 11 1331 1331 0 1 42 16818
17:30:00.791 P 33594 -67 23 1332 1332 0 1 -84 16708
17:30:00.791 P 33596 -68 33 1314 1314 0 0 112 16888
17:30:00.791 P 33598 -67 45 1335 1335 1 1 -170 16790
17:30:00.791 P 33600 -66 45 1316 1316 0 0 -72 16644
17:30:00.791 P 33602 -65 40 1312 1312 0 1 -90 16696
17:30:00.791 P 33603 -65 44 1308 1308 0 0 -166 16808
17:30:00.791 P 33605 -63 50 1302 1302 0 0 -142 16776
17:30:00.791 P 33607 -62 55 -1302 -1302 0 0 -70 16778
17:30:00.791 P 33609 -61 61 -1303 -1303 0 0 184 16770
17:30:00.791 P 33611 -58 58 -1305 -1305 0 0 -554 16790
17:30:00.791 P 33613 -58 25 -1324 -1324 0 0 90 16724
17:30:00.791 P 33615 -58 24 -1325 -1325 0 0 -300 16774
17:30:00.791 P 33617 -60 1 -1340 -1340 0 0 -68 16730
17:30:00.791 P 33619 -62 -11 -1349 -1349 0 0 -156 16774
17:30:00.791 P 33621 -65 -23 -1357 -1357 0 0 -114 16850
17:30:00.791 P 33623 -69 -38 -1369 -1369 0 0 -110 16798
17:30:00.791 P 33625 -73 -49 -1379 -1379 0 0 -82 16710
17:30:00.791 P 33627 -79 -66 -1392 -1392 0 0 -44 16778
17:30:00.791 P 33629 -85 -78 -1404 -1404 0 0 -26 16712
17:30:00.791 P 33630 -89 -86 -1412 -1412 0 0 -36 16622
17:30:00.791 P 33632 -97 -100 -1426 -1426 0 0 -36 16724
17:30:00.791 P 33634 -105 -116 -1442 -1442 0 0 -26 16734
17:30:00.791 P 33636 -114 -131 -1459 -1459 0 0 28 16756
17:30:00.791 P 33638 -125 -145 -1475 -1475 0 0 8 16806
17:30:00.791 P 33640 -136 -161 -1494 -1494 0 0 20 16722
17:30:00.791 P 33642 -148 -179 -1531 -1531 -1 0 8 16694
17:30:00.791 P 33644 -161 -197 -1557 -1557 -1 0 2 16762
17:30:00.791 P 33645 -168 -208 -1575 -1575 0 -1 114 16648
17:30:00.791 P 33647 -183 -232 -1613 -1613 -1 -1 50 16722
17:30:00.791 P 33649 -203 -250 -1655 -1655 0 -1 2792 16982
17:30:00.791 P 33651 -212 -132 -1638 -1638 -1 -1 -210 16640
17:30:00.791 P 33653 -221 6 -1611 -1611 -2 -1 1090 17026
17:30:00.791 P 33655 -217 80 -1606 -1606 -3 -2 1144 17152
17:30:00.791 P 33657 -209 227 -1532 -1532 -1 -2 -376 16552
17:30:00.791 P 33659 -196 257 -1536 -1536 -2 -2 990 16832
17:30:00.791 P 33661 -181 274 -1526 -1526 -2 -1 430 16854
17:30:00.791 P 33663 -167 227 -1534 -1534 -1 -1 -212 16612
17:30:00.791 P 33665 -156 241 -1535 -1535 -2 -1 88 16662
17:30:00.791 P 33667 -145 187 -1558 -1558 -2 -2 904 16848
17:30:00.791 P 33669 -135 212 -1542 -1542 -2 -2 200 16676
17:30:00.791 P 33671 -123 229 -1536 -1536 -2 -3 172 16752
17:30:00.791 P 33673 -112 215 -1526 -1526 -2 -2 334 16752
17:30:00.791 P 33675 -102 212 -1510 -1510 -1 -1 -106 16846
17:30:00.791 P 33677 -92 203 -1518 -1518 -1 -2 334 16680
17:30:00.791 P 33678 -87 200 -1521 -1521 -2 -2 118 16558
17:30:00.791 P 33680 -78 183 -1523 -1523 -2 -2 146 16586
17:30:00.791 P 33682 -69 190 -1503 -1503 -2 -1 348 17058
17:30:00.791 P 33684 -59 184 -1490 -1490 -1 -1 260 16732
17:30:00.791 P 33686 -51 174 -1501 -1501 -1 -2 350 16566
17:30:00.791 P 33688 -42 192 -1477 -1477 -1 -2 -450 16766
17:30:00.791 P 33690 -35 155 -1495 -1495 -2 -2 604 16806
17:30:00.791 P 33692 -28 145 -1488 -1488 -2 -1 -108 16780
17:30:00.791 P 33694 -22 133 -1476 -1476 -1 -1 -80 16716
17:30:00.791 P 33695 -20 126 -1477 -1477 -2 -1 162 16778
17:30:00.791 P 33697 -14 149 -1460 -1460 -1 -1 -216 16608
17:30:00.791 P 33699 -10 95 -1484 -1484 -1 -2 482 16814
17:30:00.791 P 33701 -6 111 -1475 -1475 -1 -2 30 16746
17:30:00.791 P 33703 -3 90 -1465 -1465 -1 -1 78 16654
17:30:00.791 P 33704 -2 78 -1463 -1463 -1 -1 258 16696
17:30:00.791 P 33706 0 83 -1459 -1459 -1 -1 384 16750
17:30:00.791 P 33708 1 80 -1467 -1467 -1 -2 -106 16692
17:30:00.791 P 33710 2 49 -1453 -1453 -1 0 330 16758
17:30:00.791 P 33712 2 62 -1461 -1461 -1 -1 258 16764
17:30:00.791 P 33714 4 66 -1444 -1444 -1 -1 60 16720
17:30:00.791 P 33715 4 60 -1455 -1455 -2 -1 322 16692
17:30:00.791 P 33717 5 74 -1435 -1435 -1 -1 -140 16822
17:30:00.791 P 33719 6 49 -1438 -1438 0 -2 382 16754
17:30:00.791 P 33721 7 74 -1426 -1426 0 -1 16 16676
17:30:00.791 P 33722 8 66 -1421 -1421 -1 0 -456 16638
17:30:00.791 P 33724 7 16 -1432 -1432 -1 0 226 16712
17:30:00.791 P 33726 5 6 -1440 -1440 -1 -1 118 16720
17:30:00.791 P 33728 2 -21 -1445 -1445 0 0 28 16738
17:30:00.791 P 33730 -2 -38 -1452 -1452 0 -1 146 16702
17:30:00.791 P 33731 -5 -39 -1442 -1442 0 0 -156 16668
17:30:00.791 P 33733 -11 -63 -1458 -1458 0 0 276 16854
17:30:00.791 P 33735 -16 -55 -1460 -1460 -1 0 -156 16596
17:30:00.791 P 33737 -23 -73 -1467 -1467 -1 0 80 16926
17:30:00.791 P 33739 -30 -100 -1472 -1472 0 0 -38 16790
17:30:00.791 P 33740 -35 -119 -1490 -1490 -1 0 188 16814
17:30:00.791 P 33742 -45 -130 -1493 -1493 0 0 -24 16710
17:30:00.791 P 33744 -56 -140 -1499 -1499 0 0 312 16844
17:30:00.791 P 33746 -67 -136 -1502 -1502 0 0 174 16844
17:30:00.791 P 33748 -78 -140 -1518 -1518 0 0 226 16704
17:30:00.791 P 33749 -83 -143 -1522 -1522 0 0 182 16666
17:30:00.791 P 33751 -95 -142 -1538 -1538 0 -1 258 16776
17:30:00.791 P 33753 -105 -131 -1547 -1547 -1 0 300 16768
17:30:00.791 P 33755 -115 -112 -1550 -1550 -1 0 402 16798
17:30:00.791 P 33757 -123 -80 -1545 -1545 -1 0 558 16910
17:30:00.791 P 33759 -129 -30 -1527 -1527 -1 0 488 16888
17:30:00.791 P 33761 -132 -3 -1537 -1537 -2 0 446 16754
17:30:00.791 P 33763 -135 -8 -1556 -1556 -1 -1 486 16754
17:30:00.791 P 33765 -138 16 -1550 -1550 -1 -1 768 16732
17:30:00.791 P 33766 -138 44 -1526 -1526 0 0 662 16856
17:30:00.791 P 33768 -136 82 -1527 -1527 -1 -1 230 16824
17:30:00.791 P 33770 -133 70 -1536 -1536 0 -1 404 16746
17:30:00.791 P 33772 -131 94 -1538 -1538 -2 -1 464 16732
17:30:00.791 P 33774 -127 120 -1531 -1531 -1 -1 626 16758
17:30:00.791 P 33776 -122 123 -1514 -1514 0 -1 446 16706
17:30:00.791 P 33778 -116 141 -1518 -1518 0 -1 148 16786
17:30:00.791 P 33780 -110 140 -1518 -1518 -1 -1 686 16850
17:30:00.791 P 33782 -103 159 -1507 -1507 -1 -1 344 16734
17:30:00.791 P 33784 -96 139 -1514 -1514 0 -2 144 16824
17:30:00.791 P 33786 -91 136 -1514 -1514 -2 -1 564 16748
17:30:00.791 P 33788 -84 163 -1498 -1498 -1 -2 384 16786
17:30:00.791 P 33790 -76 167 -1491 -1491 -1 -1 64 16750
17:30:00.791 P 33792 -70 143 -1498 -1498 -1 -1 524 16796
17:30:00.791 P 33793 -66 156 -1479 -1479 0 -1 186 16686
17:30:00.791 P 33795 -61 157 -1487 -1487 -1 -2 840 16728
17:30:00.791 P 33797 -50 207 -1444 -1444 -1 0 -578 16714
17:30:00.791 P 33799 -44 132 -1477 -1477 -1 -1 714 16740
17:30:00.791 P 33801 -38 144 -1458 -1458 -1 0 -92 16720
17:30:00.791 P 33803 -33 123 -1469 -1469 -1 -1 244 16792
17:30:00.791 P 33805 -28 122 -1450 -1450 -1 0 138 16824
17:30:00.791 P 33807 -24 111 -1452 -1452 -1 -1 10 16758
17:30:00.791 P 33808 -22 105 -1456 -1456 -1 -1 -50 16770
17:30:00.791 P 33810 -19 100 -1446 -1446 -1 0 558 16798
17:30:00.791 P 33812 -14 114 -1427 -1427 0 -1 -176 16724
17:30:00.791 P 33814 -11 76 -1447 -1447 -1 -1 -88 16620
17:30:00.791 P 33816 -11 45 -1437 -1437 0 0 116 16774
17:30:00.791 P 33817 -11 40 -1440 -1440 0 -1 234 16724
17:30:00.791 P 33819 -11 50 -1446 -1446 -1 -1 24 16656
17:30:00.791 P 33821 -11 41 -1450 -1450 -1 -1 284 16844
17:30:00.791 P 33823 -10 51 -1434 -1434 0 -1 -146 16712
17:30:00.791 P 33824 -10 43 -1429 -1429 0 0 20 16682
17:30:00.791 P 33826 -9 52 -1438 -1438 -1 -1 -132 16746
17:30:00.791 P 33828 -9 37 -1427 -1427 0 0 30 16756
17:30:00.791 P 33830 -9 37 -1434 -1434 -1 -1 -24 16654
17:30:00.791 P 33831 -10 29 -1430 -1430 0 0 -98 16790
17:30:00.791 P 33833 -11 7 -1429 -1429 0 0 26 16738
17:30:00.791 P 33835 -14 -13 -1433 -1433 0 0 6 16758
17:30:00.791 P 33837 -18 -34 -1449 -1449 0 0 42 16750
17:30:00.791 P 33838 -21 -41 -1451 -1451 0 0 110 16780
17:30:02.592 P 33840 -25 -28 -1454 -1454 0 -1 94 16680
17:30:02.592 P 33842 -30 -23 -1458 -1458 0 -1 104 16736
17:30:02.592 P 33843 -31 -22 -1456 -1456 0 0 -82 16686
17:30:02.592 P 33845 -35 -32 -1457 -1457 0 0 -44 16740
17:30:02.592 P 33847 -40 -52 -1467 -1467 0 0 -98 16828
17:30:02.592 P 33849 -46 -73 -1480 -1480 0 0 -116 16730
17:30:02.592 P 33850 -50 -83 -1486 -1486 0 0 150 16716
17:30:02.592 P 33852 -57 -77 -1488 -1488 0 0 -82 16668
17:30:02.592 P 33854 -64 -90 -1501 -1501 0 0 186 16768
17:30:02.592 P 33856 -72 -90 -1507 -1507 0 0 90 16720
17:30:02.592 P 33858 -80 -98 -1519 -1519 0 0 132 16846
17:30:02.592 P 33859 -84 -98 -1522 -1522 0 0 148 16672
17:30:02.592 P 33861 -93 -107 -1534 -1534 0 0 118 16798
17:30:02.592 P 33863 -101 -111 -1545 -1545 0 0 116 16696
17:30:02.592 P 33865 -111 -118 -1556 -1556 0 0 114 16750
17:30:02.592 P 33867 -120 -123 -1577 -1577 -1 0 140 16820
17:30:02.592 P 33868 -125 -126 -1582 -1582 0 0 210 16808
17:30:02.592 P 33870 -135 -119 -1595 -1595 -1 0 328 16780
17:30:02.592 P 33872 -144 -108 -1603 -1603 0 0 286 16778
17:30:02.592 P 33874 -152 -91 -1605 -1605 0 0 502 16780
17:30:02.592 P 33876 -157 -39 -1588 -1588 0 0 444 16802
17:30:02.592 P 33878 -160 13 -1594 -1594 -1 0 512 16856
17:30:02.592 P 33880 -160 43 -1584 -1584 -1 -1 734 16798
17:30:02.592 P 33882 -157 109 -1579 -1579 -1 -1 372 16742
17:30:02.592 P 33884 -154 114 -1587 -1587 -2 -1 1036 16768
17:30:02.592 P 33886 -146 190 -1561 -1561 -1 -1 230 16812
17:30:02.592 P 33888 -136 211 -1555 -1555 -1 -2 456 16768
17:30:02.592 P 33890 -125 227 -1547 -1547 -2 -1 268 16772
17:30:02.592 P 33892 -113 253 -1540 -1540 -2 -1 862 16786
17:30:02.592 P 33895 -92 248 -1550 -1550 -2 -2 162 16848
17:30:02.592 P 33897 -79 284 -1518 -1518 -1 -2 420 16692
17:30:02.592 P 33899 -64 261 -1510 -1510 -1 -1 246 16862
17:30:02.592 P 33901 -50 277 -1497 -1497 -2 -1 -330 16650
17:30:02.592 P 33903 -38 266 -1497 -1497 -1 -2 656 16668
17:30:02.592 P 33905 -23 244 -1497 -1497 -1 -2 -16 16808
17:30:02.592 P 33907 -11 288 -1458 -1458 -1 -1 34 16732
17:30:02.592 P 33909 3 239 -1472 -1472 -1 -1 -82 16760
17:30:02.592 P 33911 15 241 -1467 -1467 -2 -2 -64 16842
17:30:02.592 P 33913 26 222 -1450 -1450 -1 -1 170 16786
17:30:02.592 P 33916 42 180 -1459 -1459 -2 -1 208 16734
17:30:02.592 P 33918 51 212 -1433 -1433 -1 -1 -394 16642
17:30:02.592 P 33920 60 170 -1443 -1443 0 -2 108 16684
17:30:02.592 P 33922 68 170 -1418 -1418 -1 0 -478 16722
17:30:02.592 P 33924 75 168 -1426 -1426 -1 -1 596 16774
17:30:02.592 P 33926 85 184 -1393 -1393 0 -1 -996 16642
17:30:02.592 P 33928 90 128 -1430 -1430 -1 -1 488 16738
17:30:02.592 P 33930 97 150 -1399 -1399 -1 -1 -464 16716
17:30:02.592 P 33932 102 150 -1393 -1393 -1 -1 -188 16800
17:30:02.592 P 33934 109 125 -1381 -1381 -1 0 -416 16662
17:30:02.592 P 33936 112 88 -1400 -1400 -1 -1 -404 16842
17:30:02.592 P 33938 113 70 -1402 -1402 0 -1 200 16850
17:30:02.592 P 33940 116 93 -1376 -1376 0 -1 -386 16612
17:30:02.592 P 33941 117 80 -1386 -1386 -1 -1 -304 16526
17:30:02.592 P 33943 119 62 -1382 -1382 0 0 -402 16742
17:30:02.592 P 33945 119 46 -1382 -1382 0 0 -278 16698
17:30:02.592 P 33947 118 24 -1389 -1389 -1 0 98 16740
17:30:02.592 P 33949 117 33 -1384 -1384 0 -1 -380 16780
17:30:02.592 P 33950 116 18 -1391 -1391 -1 0 -90 16780
17:30:02.592 P 33952 115 30 -1384 -1384 -1 0 -360 16762
17:30:02.592 P 33954 114 15 -1384 -1384 0 -1 -98 16718
17:30:02.592 P 33956 113 28 -1380 -1380 0 -1 -362 16770
17:30:02.592 P 33958 111 24 -1378 -1378 0 -1 -268 16762
17:30:02.592 P 33959 111 24 -1380 -1380 -1 0 -426 16748
17:30:02.592 P 33961 109 1 -1378 -1378 0 0 -188 16750
17:30:02.592 P 33963 106 -19 -1380 -1380 0 0 -284 16706
17:30:02.592 P 33964 103 -37 -1387 -1387 0 0 -242 16770
17:30:02.592 P 33966 97 -62 -1397 -1397 0 0 -328 16686
17:30:02.592 P 33968 90 -76 -1407 -1407 0 0 -104 16798
17:30:02.592 P 33970 83 -61 -1403 -1403 0 0 -212 16752
17:30:02.592 P 33971 80 -65 -1408 -1408 0 0 -62 16750
17:30:02.592 P 33973 74 -55 -1407 -1407 0 0 -144 16740
17:30:02.592 P 33975 67 -56 -1411 -1411 0 0 -90 16648
17:30:02.592 P 33977 62 -52 -1414 -1414 0 0 -84 16742
17:30:02.592 P 33979 56 -50 -1418 -1418 0 0 -114 16716
17:30:02.592 P 33981 50 -49 -1422 -1422 0 0 -96 16672
17:30:02.592 P 33982 48 -48 -1424 -1424 0 0 -74 16730
17:30:02.592 P 33984 42 -47 -1429 -1429 0 0 -126 16708
17:30:02.592 P 33986 37 -45 -1433 -1433 0 0 -92 16716
17:30:02.592 P 33988 32 -44 -1438 -1438 0 0 -74 16702
17:30:02.592 P 33990 27 -45 -1442 -1442 0 0 -94 16714
17:30:02.592 P 33992 21 -47 -1447 -1447 0 0 -82 16724
17:30:02.592 P 33994 16 -49 -1453 -1453 0 0 -86 16704
17:30:02.592 P 33996 10 -50 -1459 -1459 0 0 -48 16756
17:30:02.592 P 33997 8 -50 -1462 -1462 0 0 -22 16774
17:30:02.592 P 33999 2 -51 -1467 -1467 0 0 -52 16698
17:30:02.592 P 34001 -3 -56 -1475 -1475 0 0 2 16848
17:30:02.592 P 34003 -9 -58 -1482 -1482 0 0 8 16646
17:30:02.592 P 34005 -15 -59 -1497 -1497 0 0 -14 16606
17:30:02.592 P 34007 -21 -64 -1503 -1503 0 0 -8 16818
17:30:02.592 P 34009 -27 -66 -1508 -1508 0 0 -182 16746
17:30:02.592 P 34010 -30 -72 -1513 -1513 0 0 -124 16812
17:30:02.592 P 34012 -36 -79 -1522 -1522 0 0 -106 16758
17:30:02.592 P 34014 -43 -81 -1529 -1529 0 0 -6 16818
17:30:02.592 P 34016 -50 -77 -1541 -1541 0 0 0 16812
17:30:02.592 P 34018 -57 -66 -1566 -1566 0 -1 212 16754
17:30:02.592 P 34020 -62 -41 -1560 -1560 0 -1 -88 16766
17:30:02.592 P 34022 -67 -50 -1567 -1567 0 0 -18 16816
17:30:02.592 P 34024 -71 -57 -1585 -1585 0 -1 -232 16742
17:30:02.592 P 34026 -78 -54 -1594 -1594 0 0 292 16702
17:30:02.592 P 34028 -81 -8 -1591 -1591 -1 -1 292 16734
17:30:02.592 P 34030 -81 73 -1572 -1572 -1 -1 224 16794
17:30:02.592 P 34032 -77 97 -1571 -1571 -1 -1 120 16822
17:30:02.592 P 34034 -72 147 -1559 -1559 0 -1 -22 16724
17:30:02.592 P 34036 -65 141 -1580 -1580 -1 -2 142 16654
17:30:02.592 P 34038 -57 198 -1554 -1554 -2 -1 -276 16802
17:30:02.592 P 34040 -48 165 -1577 -1577 -2 -1 612 16768
17:30:02.592 P 34042 -38 221 -1553 -1553 -2 -2 -580 16620
17:30:02.592 P 34044 -28 203 -1551 -1551 -1 -2 446 16864
17:30:02.592 P 34046 -16 227 -1545 -1545 -1 -2 -448 16786
17:30:02.592 P 34048 -5 241 -1531 -1531 -1 -1 162 16896
17:30:02.592 P 34050 8 233 -1533 -1533 -1 -1 -144 16708
17:30:02.592 P 34052 18 233 -1543 -1543 -2 -2 152 16686
17:30:02.592 P 34054 32 240 -1524 -1524 -2 -2 -362 16918
17:30:02.592 P 34056 42 243 -1519 -1519 -2 -1 194 16774
17:30:02.592 P 34058 57 257 -1504 -1504 -2 -2 -536 16510
17:30:02.592 P 34060 68 232 -1500 -1500 -1 -1 -118 16858
17:30:02.592 P 34062 80 230 -1505 -1505 -2 -2 72 16736
17:30:02.592 P 34064 92 246 -1479 -1479 -1 -2 -672 16722
17:30:02.592 P 34066 103 245 -1483 -1483 -1 -3 -272 16792
17:30:02.592 P 34068 114 205 -1486 -1486 -2 -2 396 16838
17:30:02.592 P 34070 126 236 -1465 -1465 -2 -2 -864 16578
17:30:02.592 P 34072 136 206 -1454 -1454 -1 -1 16 16726
17:30:02.592 P 34073 141 216 -1443 -1443 -2 -1 -276 16810
17:30:02.592 P 34075 152 241 -1428 -1428 -2 -1 -994 16734
17:30:02.592 P 34077 161 191 -1441 -1441 -1 -2 342 16816
17:30:02.592 P 34079 171 206 -1424 -1424 -1 -2 -622 16636
17:30:02.592 P 34081 180 184 -1418 -1418 -2 -1 -338 16692
17:30:02.592 P 34083 188 174 -1407 -1407 -1 -1 -164 16832
17:30:02.592 P 34085 197 205 -1380 -1380 -1 -1 -788 16652
17:30:02.592 P 34087 204 142 -1400 -1400 -2 0 -22 16784
17:30:02.592 P 34089 211 167 -1380 -1380 -1 -1 -574 16816
17:30:02.592 P 34091 218 152 -1372 -1372 -1 -1 -456 16736
17:30:02.592 P 34092 221 149 -1367 -1367 -1 -1 -382 16856
17:30:02.592 P 34095 228 123 -1364 -1364 0 -1 -384 16912
17:30:02.592 P 34096 231 132 -1356 -1356 -1 -1 -306 16754
17:30:02.592 P 34098 237 161 -1335 -1335 -1 -1 -782 16746
17:30:02.592 P 34100 242 97 -1360 -1360 -1 -1 -324 16726
17:30:02.592 P 34102 245 120 -1328 -1328 -1 0 -414 16740
17:30:02.592 P 34104 249 115 -1322 -1322 -1 0 -374 16810
17:30:02.592 P 34106 254 131 -1306 -1306 0 -1 -652 16770
17:30:02.592 P 34108 258 104 -1306 -1306 0 -1 -436 16748
17:30:02.592 P 34110 260 89 -1312 -1312 0 -1 -628 16686
17:30:02.592 P 34112 262 75 -1301 -1301 -1 0 -526 16734
17:30:02.592 P 34114 264 76 1312 1312 -1 0 -702 16668
17:30:02.592 P 34116 265 60 1322 1322 0 0 -546 16700
17:30:02.592 P 34118 264 47 1309 1309 -1 0 -24 16756
17:30:02.592 P 34120 263 44 1321 1321 0 0 -424 16766
17:30:02.592 P 34122 261 20 1334 1334 0 0 -200 16786
17:30:02.592 P 34124 260 56 1363 1363 1 0 -268 16750
17:30:02.592 P 34126 262 90 1389 1389 0 1 -212 16786
17:30:02.592 P 34128 264 107 1406 1406 0 1 -314 16806
17:30:02.592 P 34130 268 126 1414 1414 0 0 -308 16820
17:30:02.592 P 34131 271 142 1433 1433 0 1 -890 16726
17:30:02.592 P 34133 276 143 1431 1431 0 0 -270 16792
17:30:02.592 P 34135 282 156 1449 1449 0 1 -310 16796
17:30:02.592 P 34137 290 157 1450 1450 0 0 -716 16718
17:30:02.592 P 34139 296 184 1473 1473 0 0 -174 16754
17:30:02.592 P 34141 305 209 1499 1499 0 1 -308 16670
17:30:02.592 P 34143 315 240 1518 1518 0 0 -524 16718
17:30:02.592 P 34145 327 261 1545 1545 0 1 -542 16740
17:30:02.592 P 34147 341 275 1566 1566 0 0 -804 16752
17:30:02.592 P 34149 355 270 1580 1580 0 1 -840 16638
17:30:02.592 P 34151 368 262 1609 1609 0 1 -1318 16706
17:30:02.592 P 34153 380 242 1624 1624 1 0 -850 16720
17:30:02.592 P 34155 391 213 1632 1632 0 1 -938 16692
17:30:02.592 P 34157 397 94 1615 1615 2 1 -1254 16812
17:30:02.592 P 34159 397 22 1598 1598 1 2 -974 16792
17:30:02.592 P 34161 393 -27 1592 1592 1 2 -1196 16722
17:30:02.592 P 34163 387 -48 1602 1602 2 2 -1094 16828
17:30:02.592 P 34165 380 -96 1580 1580 2 1 -962 16726
17:30:02.592 P 34167 372 -84 1593 1593 2 1 -1182 16516
17:30:02.592 P 34169 360 -149 1560 1560 1 1 -210 16840
17:30:02.592 P 34171 351 -116 1582 1582 1 1 -1344 16746
17:30:02.592 P 34173 338 -143 1579 1579 1 2 -380 16658
17:30:02.592 P 34175 329 -132 1596 1596 2 3 -1718 16596
17:30:02.592 P 34177 315 -158 1574 1574 2 2 -518 16930
17:30:02.592 P 34179 305 -166 1574 1574 2 3 -1286 16738
17:30:02.592 P 34181 290 -162 1573 1573 2 3 -626 16684
17:30:02.592 P 34183 277 -187 1546 1546 2 2 -462 16852
17:30:02.592 P 34185 265 -150 1561 1561 2 2 -1302 16658
17:30:02.592 P 34187 252 -171 1544 1544 2 2 -320 16632
17:30:02.592 P 34189 239 -177 1535 1535 2 3 -376 16712
17:30:02.592 P 34191 227 -136 1539 1539 1 2 -854 16926
17:30:02.592 P 34193 216 -136 1533 1533 1 2 -442 16726
17:30:02.592 P 34195 205 -139 1527 1527 1 3 -516 16690
17:30:02.592 P 34197 195 -105 1540 1540 2 3 -832 16694
17:30:02.592 P 34199 185 -131 1522 1522 2 2 -264 16934
17:30:02.592 P 34201 176 -101 1533 1533 3 2 -676 16676
17:30:04.354 P 34203 167 -119 1511 1511 2 3 -514 16634
17:30:04.354 P 34205 158 -104 1517 1517 2 3 -414 16772
17:30:04.354 P 34207 150 -85 1494 1494 1 2 -434 16824
17:30:04.354 P 34209 143 -70 1505 1505 1 2 -624 16646
17:30:04.354 P 34211 138 -68 1489 1489 1 1 -732 16582
17:30:04.354 P 34213 129 -92 1493 1493 2 3 -114 16954
17:30:04.354 P 34215 124 -40 1503 1503 2 2 -1016 16822
17:30:04.354 P 34217 118 -51 1485 1485 1 3 -594 16570
17:30:04.354 P 34219 112 -60 1472 1472 1 3 -12 16754
17:30:04.354 P 34221 108 -31 1480 1480 2 2 -1064 16742
17:30:04.354 P 34222 105 -59 1458 1458 1 2 -372 16866
17:30:04.354 P 34224 101 -5 1482 1482 2 2 -374 16766
17:30:04.354 P 34226 98 -34 1455 1455 1 2 -234 16646
17:30:04.354 P 34228 94 -12 1466 1466 1 2 -56 16778
17:30:04.354 P 34230 93 20 1474 1474 1 2 -530 16854
17:30:04.354 P 34232 92 11 1465 1465 1 2 -608 16786
17:30:04.354 P 34234 90 3 1457 1457 1 2 -380 16758
17:30:04.354 P 34236 89 30 1459 1459 1 1 -842 16562
17:30:04.354 P 34238 88 28 1450 1450 0 2 -58 16936
17:30:04.354 P 34240 89 45 1453 1453 0 1 -610 16734
17:30:04.354 P 34241 90 39 1455 1455 1 2 -604 16652
17:30:04.354 P 34243 90 75 1462 1462 1 1 -194 16736
17:30:04.354 P 34245 94 64 1462 1462 2 1 -822 16744
17:30:04.354 P 34247 96 95 1481 1481 1 2 -306 16716
17:30:04.354 P 34249 100 72 1466 1466 1 2 -1022 16728
17:30:04.354 P 34250 100 38 1437 1437 0 1 -548 16784
17:30:04.354 P 34252 101 68 1460 1460 1 2 -778 16688
17:30:04.354 P 34254 102 63 1437 1437 0 1 -202 16680
17:30:04.354 P 34256 105 88 1453 1453 0 1 -248 16720
17:30:04.354 P 34258 110 126 1471 1471 0 2 -522 16638
17:30:04.354 P 34260 114 86 1451 1451 0 1 -246 16758
17:30:04.354 P 34262 118 106 1461 1461 0 1 -792 16770
17:30:04.354 P 34263 119 88 1457 1457 1 1 -370 16842
17:30:04.354 P 34265 123 99 1473 1473 0 2 -778 16762
17:30:04.354 P 34267 125 66 1457 1457 1 2 64 16858
17:30:04.354 P 34269 129 113 1472 1472 0 1 -826 16672
17:30:04.354 P 34271 133 108 1474 1474 1 1 -200 16802
17:30:04.354 P 34273 138 128 1480 1480 0 1 -732 16816
17:30:04.354 P 34275 143 127 1470 1470 0 0 -376 16742
17:30:04.354 P 34277 150 153 1495 1495 0 1 -362 16774
17:30:04.354 P 34279 157 154 1491 1491 0 1 -718 16748
17:30:04.354 P 34280 161 149 1492 1492 0 1 -808 16680
17:30:04.354 P 34282 167 143 1496 1496 0 1 -270 16738
17:30:04.354 P 34284 174 160 1510 1510 0 1 -398 16732
17:30:04.354 P 34286 181 158 1518 1518 0 1 -616 16630
17:30:04.354 P 34288 188 139 1516 1516 0 1 -570 16674
17:30:04.354 P 34290 193 134 1519 1519 0 1 -396 16786
17:30:04.354 P 34292 199 133 1525 1525 1 0 -644 16830
17:30:04.354 P 34294 205 131 1538 1538 0 1 -758 16680
17:30:04.354 P 34296 210 103 1536 1536 0 1 -924 16794
17:30:04.354 P 34298 212 92 1530 1530 0 1 -574 16684
17:30:04.354 P 34300 216 77 1534 1534 1 1 -1106 16770
17:30:04.354 P 34302 217 39 1511 1511 0 0 -1052 16754
17:30:04.354 P 34304 217 10 1513 1513 1 1 -1152 16642
17:30:04.354 P 34306 213 -18 1489 1489 0 1 -660 16656
17:30:04.354 P 34308 211 -45 1495 1495 1 1 -1478 16734
17:30:04.354 P 34310 203 -94 1463 1463 1 1 -360 16792
17:30:04.354 P 34312 195 -95 1444 1444 0 0 -762 16708
17:30:04.354 P 34314 188 -78 1457 1457 0 2 -740 16684
17:30:04.354 P 34316 182 -70 1455 1455 1 1 -762 16682
17:30:04.354 P 34318 176 -50 1460 1460 0 2 -680 16712
17:30:04.354 P 34320 172 -45 1440 1440 0 0 -1156 16650
17:30:04.354 P 34322 167 -68 1429 1429 1 1 -968 16690
17:30:04.354 P 34324 160 -93 1406 1406 0 1 -598 16790
17:30:04.354 P 34326 152 -88 1390 1390 0 1 -646 16780
17:30:04.354 P 34328 145 -87 1374 1374 0 1 -706 16686
17:30:04.354 P 34330 137 -90 1367 1367 0 0 -510 16840
17:30:04.354 P 34332 130 -90 1353 1353 0 0 -470 16664
17:30:04.354 P 34334 123 -74 1349 1349 0 1 -398 16644
17:30:04.354 P 34336 116 -59 1338 1338 0 0 -164 16728
17:30:04.354 P 34338 111 -26 1340 1340 0 0 -350 16794
17:30:04.354 P 34340 107 -15 1336 1336 0 0 -178 16804
17:30:04.354 P 34341 106 -9 1336 1336 0 0 -648 16766
17:30:04.354 P 34343 103 -25 1320 1320 0 0 -198 16778
17:30:04.354 P 34345 99 -28 1313 1313 0 0 -568 16788
17:30:04.354 P 34347 95 -35 1303 1303 0 0 -444 16846
17:30:04.354 P 34349 90 -51 -1310 -1310 0 0 -440 16784
17:30:04.354 P 34351 84 -53 -1318 -1318 0 0 -276 16760
17:30:04.354 P 34353 79 -65 -1329 -1329 0 0 -468 16766
17:30:04.354 P 34355 72 -74 -1340 -1340 0 0 -334 16698
17:30:04.354 P 34357 65 -85 -1353 -1353 0 0 -254 16726
17:30:04.354 P 34359 57 -91 -1372 -1372 0 0 -298 16718
17:30:04.354 P 34360 53 -95 -1377 -1377 0 0 -276 16710
17:30:04.354 P 34362 45 -102 -1385 -1385 0 0 -152 16774
17:30:04.354 P 34364 36 -105 -1393 -1393 0 0 -116 16684
17:30:04.354 P 34366 27 -107 -1402 -1402 0 0 -36 16730
17:30:04.354 P 34367 22 -108 -1407 -1407 0 0 -28 16764
17:30:04.354 P 34369 13 -106 -1414 -1414 0 0 24 16782
17:30:04.354 P 34371 4 -104 -1421 -1421 0 0 54 16724
17:30:04.354 P 34373 -4 -104 -1429 -1429 0 0 42 16722
17:30:04.354 P 34374 -8 -103 -1433 -1433 0 0 22 16774
17:30:04.354 P 34376 -17 -102 -1441 -1441 0 0 206 16716
17:30:04.354 P 34378 -26 -94 -1446 -1446 0 0 400 16734
17:30:04.354 P 34380 -34 -80 -1456 -1456 -1 0 374 16760
17:30:04.354 P 34382 -41 -73 -1457 -1457 0 0 260 16710
17:30:04.354 P 34383 -45 -71 -1458 -1458 0 0 204 16744
17:30:04.354 P 34385 -52 -66 -1461 -1461 0 0 318 16786
17:30:04.354 P 34387 -58 -60 -1463 -1463 0 0 342 16914
17:30:04.354 P 34389 -65 -50 -1474 -1474 0 -1 560 16660
17:30:04.354 P 34391 -70 -32 -1477 -1477 -1 0 652 16734
17:30:04.354 P 34393 -75 -9 -1465 -1465 0 0 656 16676
17:30:04.354 P 34394 -77 -1 -1471 -1471 0 -1 612 16770
17:30:04.354 P 34396 -79 14 -1478 -1478 0 -1 510 16778
17:30:04.354 P 34398 -80 72 -1450 -1450 0 0 124 16768
17:30:04.354 P 34400 -77 111 -1428 -1428 0 0 428 16868
17:30:04.354 P 34402 -71 123 -1428 -1428 -1 -1 46 16706
17:30:04.354 P 34404 -69 71 -1439 -1439 0 0 308 16728
17:30:04.354 P 34406 -66 108 -1419 -1419 0 0 416 16688
17:30:04.354 P 34407 -64 115 -1418 -1418 -1 0 588 16632
17:30:04.354 P 34409 -61 102 -1412 -1412 0 0 462 16786
17:30:04.354 P 34411 -58 98 -1415 -1415 0 -1 562 16758
17:30:04.354 P 34413 -54 112 -1397 -1397 0 0 -56 16580
17:30:04.354 P 34415 -50 101 -1392 -1392 0 0 -46 16886
17:30:04.354 P 34417 -46 87 -1390 -1390 0 0 -254 17062
17:30:04.354 P 34419 -43 72 -1402 -1402 0 -1 -270 16472
17:30:04.354 P 34421 -41 52 -1406 -1406 0 0 -90 16686
17:30:04.354 P 34423 -41 39 -1408 -1408 0 0 -42 16912
17:30:04.354 P 34424 -41 31 -1410 -1410 0 0 -18 16822
17:30:04.354 P 34426 -42 25 -1412 -1412 0 0 124 16682
17:30:04.354 P 34428 -43 31 -1410 -1410 0 0 356 16890
17:30:04.354 P 34430 -44 42 -1404 -1404 0 0 554 16772
17:30:04.354 P 34432 -44 62 -1393 -1393 0 0 502 16678
17:30:04.354 P 34434 -43 82 -1383 -1383 0 0 600 16760
17:30:04.354 P 34435 -42 93 -1377 -1377 0 0 424 16800
17:30:04.354 P 34437 -39 108 -1366 -1366 0 0 436 16624
17:30:04.354 P 34439 -34 120 -1356 -1356 0 0 218 16750
17:30:04.354 P 34441 -29 128 -1348 -1348 0 0 132 16714
17:30:04.354 P 34443 -24 128 -1343 -1343 0 0 108 16836
17:30:04.354 P 34445 -19 128 -1337 -1337 0 0 -14 16840
17:30:04.354 P 34446 -16 126 -1336 -1336 0 0 -20 16774
17:30:04.354 P 34448 -11 123 -1332 -1332 0 0 -34 16790
17:30:04.354 P 34450 -6 120 -1329 -1329 0 0 -80 16704
17:30:04.354 P 34452 -1 115 -1327 -1327 0 0 -96 16722
17:30:04.354 P 34454 3 108 -1326 -1326 0 0 -190 16630
17:30:04.354 P 34455 5 105 -1325 -1325 0 0 -334 16808
17:30:04.354 P 34457 9 88 -1329 -1329 0 0 -340 16776
17:30:04.354 P 34459 12 77 -1332 -1332 0 0 -200 16804
17:30:04.354 P 34461 14 67 -1335 -1335 0 0 -146 16760
17:30:04.354 P 34462 15 66 -1334 -1334 0 0 -98 16682
17:30:04.354 P 34464 16 60 -1336 -1336 0 0 -56 16744
17:30:04.354 P 34466 17 59 -1335 -1335 0 0 -132 16662
17:30:04.354 P 34468 18 53 -1337 -1337 0 0 -220 16780
17:30:04.354 P 34469 19 49 -1338 -1338 0 0 -234 16734
17:30:04.354 P 34471 20 32 -1346 -1346 0 0 -428 16772
17:30:04.354 P 34473 19 15 -1354 -1354 0 0 -432 16770
17:30:04.354 P 34474 18 6 -1360 -1360 0 0 -238 16718
17:30:04.354 P 34476 16 -4 -1367 -1367 0 0 -100 16696
17:30:04.354 P 34478 13 -5 -1370 -1370 0 0 140 16708
17:30:04.354 P 34479 11 0 -1369 -1369 0 0 172 16834
17:30:04.354 P 34481 9 14 -1365 -1365 0 0 436 16728
17:30:04.354 P 34483 7 36 -1356 -1356 0 0 428 16784
17:30:04.354 P 34484 7 47 -1351 -1351 0 0 436 16728
17:30:04.354 P 34486 7 67 -1341 -1341 0 0 366 16676
17:30:04.354 P 34488 8 89 -1329 -1329 0 0 432 16768
17:30:04.354 P 34490 11 109 -1317 -1317 0 0 392 16758
17:30:04.354 P 34491 13 121 -1309 -1309 0 0 248 16750
17:30:04.354 P 34493 18 133 1301 1301 0 0 196 16814
17:30:04.354 P 34495 23 154 1316 1316 0 0 536 16780
17:30:04.354 P 34497 30 181 1344 1344 0 0 732 16690
17:30:04.354 P 34499 38 223 1379 1379 0 0 648 16796
17:30:04.354 P 34500 44 242 1391 1391 0 0 532 16820
17:30:04.354 P 34502 56 279 1427 1427 1 0 516 16656
17:30:04.354 P 34504 71 310 1451 1451 0 0 228 16734
17:30:04.354 P 34506 87 337 1475 1475 0 0 124 16776
17:30:04.354 P 34507 96 347 1498 1498 1 0 96 16874
17:30:04.354 P 34509 115 364 1519 1519 0 0 -56 16700
17:30:04.354 P 34511 135 374 1548 1548 0 0 -232 16694
17:30:04.354 P 34513 155 397 1592 1592 1 0 -312 16878
17:30:04.354 P 34515 177 393 1611 1611 0 0 -388 16832
17:30:04.354 P 34517 200 367 1638 1638 1 0 -2290 16646
17:30:04.354 P 34519 210 83 1543 1543 1 1 -934 16696
17:30:04.354 P 34521 207 16 1513 1513 1 1 -282 16844
17:30:04.354 P 34522 205 5 1523 1523 2 1 -48 16798
17:30:04.354 P 34524 204 68 1560 1560 1 1 -468 16602
17:30:04.354 P 34526 205 36 1560 1560 1 1 -916 16786
17:30:04.354 P 34528 206 -3 1554 1554 2 1 -1906 16792
17:30:04.354 P 34530 201 -81 1532 1532 3 1 -1512 16688
17:30:04.354 P 34532 193 -105 1504 1504 1 0 -518 16746
17:30:04.354 P 34534 185 -118 1506 1506 1 2 -1218 16714
17:30:04.354 P 34536 174 -126 1495 1495 2 1 -468 16750
17:30:04.354 P 34538 163 -131 1474 1474 1 1 -188 16708
17:30:04.354 P 34540 153 -83 1491 1491 1 1 192 16724
17:30:04.354 P 34542 147 -52 1504 1504 2 1 -720 16642
17:30:04.354 P 34544 140 -63 1486 1486 1 1 -126 16804
17:30:04.354 P 34546 136 -16 1511 1511 1 2 -702 16720
17:30:04.354 P 34548 133 -39 1483 1483 1 1 -804 16608
17:30:04.354 P 34550 128 -60 1457 1457 1 0 -776 16810
17:30:04.354 P 34552 124 -39 1474 1474 2 0 -786 16686
17:30:04.354 P 34554 118 -67 1434 1434 0 0 -392 16616
17:30:04.354 P 34556 112 -64 1436 1436 2 0 -566 16782
17:30:04.354 P 34558 107 -32 1442 1442 0 1 -618 16740
17:30:04.354 P 34559 106 -31 1434 1434 1 0 -1024 16680
17:30:04.354 P 34561 101 -60 1422 1422 1 0 -502 16660
17:30:04.354 P 34563 94 -71 1399 1399 1 0 -392 16888
17:30:04.354 P 34565 89 -29 1417 1417 2 1 -66 16820
17:30:04.354 P 34567 86 3 1423 1423 1 1 10 16722
17:30:06.134 P 34569 85 28 1419 1419 1 0 -482 16828
17:30:06.134 P 34571 86 45 1407 1407 0 0 -572 16774
17:30:06.134 P 34572 86 51 1412 1412 1 0 -562 16694
17:30:06.134 P 34574 88 58 1412 1412 0 0 -514 16798
17:30:06.134 P 34576 90 69 1406 1406 0 0 -388 16848
17:30:06.134 P 34578 93 80 1405 1405 0 0 -582 16724
17:30:06.134 P 34579 94 84 1405 1405 0 0 -664 16696
17:30:06.134 P 34581 97 68 1395 1395 0 0 -622 16746
17:30:06.134 P 34583 99 49 1383 1383 0 0 -540 16690
17:30:06.134 P 34585 99 46 1380 1380 0 0 -276 16738
17:30:06.134 P 34587 99 41 1376 1376 0 0 -194 16694
17:30:06.134 P 34588 99 43 1376 1376 0 0 -230 16828
17:30:06.134 P 34590 99 51 1379 1379 0 0 -196 16750
17:30:06.134 P 34592 99 54 1379 1379 0 0 -116 16714
17:30:06.134 P 34594 100 63 1383 1383 0 0 -56 16722
17:30:06.134 P 34596 101 72 1389 1389 0 0 -160 16718
17:30:06.134 P 34597 102 74 1391 1391 0 0 -156 16788
17:30:06.134 P 34599 104 82 1397 1397 0 0 -176 16672
17:30:06.134 P 34601 107 85 1399 1399 0 0 -274 16732
17:30:06.134 P 34603 110 89 1404 1404 0 0 -240 16916
17:30:06.134 P 34604 111 89 1405 1405 0 0 -298 16828
17:30:06.134 P 34606 114 85 1406 1406 0 0 -474 16730
17:30:06.134 P 34608 117 79 1406 1406 0 0 -474 16816
17:30:06.134 P 34610 119 74 1406 1406 0 0 -326 16746
17:30:06.134 P 34612 121 76 1408 1408 0 0 -60 16792
17:30:06.134 P 34613 121 84 1413 1413 0 0 32 16768
17:30:06.134 P 34615 124 97 1422 1422 0 0 -104 16824
17:30:06.134 P 34617 128 106 1429 1429 0 0 -386 16814
17:30:06.134 P 34619 132 105 1433 1433 0 0 -520 16616
17:30:06.134 P 34621 136 101 1435 1435 0 0 -480 16878
17:30:06.134 P 34622 138 98 1435 1435 0 0 -466 16906
17:30:06.134 P 34624 141 94 1437 1437 0 0 -496 16766
17:30:06.134 P 34626 144 89 1437 1437 0 0 -542 16530
17:30:06.134 P 34628 148 79 1436 1436 0 0 -754 16732
17:30:06.134 P 34630 150 60 1429 1429 0 0 -936 16664
17:30:06.134 P 34631 151 48 1424 1424 0 0 -986 16688
17:30:06.134 P 34633 151 19 1410 1410 0 0 -938 16662
17:30:06.134 P 34635 150 2 1401 1401 0 0 -588 16718
17:30:06.134 P 34637 146 -3 1395 1395 0 0 -170 16766
17:30:06.134 P 34639 144 10 1399 1399 0 0 -52 16830
17:30:06.134 P 34640 142 20 1402 1402 0 0 154 16696
17:30:06.134 P 34642 141 41 1411 1411 0 0 70 16830
17:30:06.134 P 34644 141 63 1421 1421 0 0 166 16762
17:30:06.134 P 34646 142 90 1436 1436 0 0 0 16752
17:30:06.134 P 34647 144 98 1441 1441 0 0 -196 16812
17:30:06.134 P 34649 148 102 1447 1447 0 0 -650 16702
17:30:06.134 P 34651 152 89 1445 1445 0 0 -904 16714
17:30:06.134 P 34653 155 68 1437 1437 0 0 -696 16688
17:30:06.134 P 34655 156 53 1432 1432 0 0 -794 16826
17:30:06.134 P 34656 157 40 1426 1426 0 0 -834 16706
17:30:06.134 P 34658 157 15 1413 1413 0 0 -818 16782
17:30:06.134 P 34660 154 0 1404 1404 0 0 -506 16806
17:30:06.134 P 34662 152 8 1405 1405 0 0 -62 16812
17:30:06.134 P 34663 150 18 1409 1409 0 0 -24 16768
17:30:06.134 P 34665 149 34 1415 1415 0 0 84 16774
17:30:06.134 P 34667 148 59 1427 1427 0 0 -52 16736
17:30:06.134 P 34669 150 70 1434 1434 0 0 -468 16860
17:30:06.134 P 34670 151 70 1435 1435 0 0 -608 16772
17:30:06.134 P 34672 153 64 1434 1434 0 0 -630 16630
17:30:06.134 P 34674 154 51 1428 1428 0 0 -598 16706
17:30:06.134 P 34676 155 44 1426 1426 0 0 -578 16720
17:30:06.134 P 34678 155 39 1423 1423 0 0 -478 16572
17:30:06.134 P 34679 155 37 1422 1422 0 0 -460 16660
17:30:06.134 P 34681 155 37 1422 1422 0 0 -478 16790
17:30:06.134 P 34683 154 36 1421 1421 0 0 -434 16740
17:30:06.134 P 34685 154 42 1424 1424 0 0 -148 16668
17:30:06.134 P 34686 153 49 1427 1427 0 0 90 16764
17:30:06.134 P 34688 153 76 1440 1440 0 0 390 16788
17:30:06.134 P 34690 155 116 1461 1461 0 0 456 16760
17:30:06.134 P 34692 160 160 1486 1486 0 0 424 16856
17:30:06.134 P 34693 163 184 1501 1501 0 0 378 16736
17:30:06.134 P 34695 172 217 1525 1525 0 0 -20 16738
17:30:06.134 P 34697 183 234 1544 1544 0 0 -494 16736
17:30:06.134 P 34699 194 203 1550 1550 0 1 -832 16818
17:30:06.134 P 34700 198 178 1550 1550 1 0 -858 16708
17:30:06.134 P 34702 206 136 1532 1532 0 0 -998 16682
17:30:06.134 P 34704 210 93 1520 1520 0 0 -736 16818
17:30:06.134 P 34706 212 62 1529 1529 0 1 -922 16632
17:30:06.134 P 34708 211 25 1516 1516 0 1 120 16788
17:30:06.134 P 34709 213 69 1552 1552 0 2 -1704 16702
17:30:06.134 P 34711 215 17 1531 1531 0 1 -1452 16628
17:30:06.134 P 34713 212 -20 1540 1540 1 2 -934 16688
17:30:06.134 P 34715 208 -40 1519 1519 0 1 -628 16830
17:30:06.134 P 34716 205 -40 1535 1535 1 2 -704 16868
17:30:06.134 P 34718 200 -67 1527 1527 1 2 -996 16634
17:30:06.134 P 34720 191 -243 1442 1442 2 1 -988 16838
17:30:06.134 P 34722 171 -224 1446 1446 1 2 226 17078
17:30:06.134 P 34724 157 -215 1439 1439 1 2 -1568 16602
17:30:06.134 P 34726 140 -254 1415 1415 2 2 -52 16688
17:30:06.134 P 34728 125 -211 1411 1411 1 1 -1422 16624
17:30:06.134 P 34729 117 -262 1369 1369 0 1 -950 16720
17:30:06.134 P 34731 96 -288 1329 1329 0 0 -60 16762
17:30:06.134 P 34733 76 -271 1333 1333 0 2 98 16468
17:30:06.134 P 34735 58 -234 1317 1317 0 0 -224 16840
17:30:06.134 P 34737 41 -241 1306 1306 1 2 152 16922
17:30:06.134 P 34738 32 -233 -1316 -1316 0 0 568 16800
17:30:06.134 P 34740 17 -185 -1316 -1316 1 0 408 16754
17:30:06.134 P 34742 4 -117 -1302 -1302 0 0 508 16878
17:30:06.134 P 34744 -3 -56 1308 1308 0 1 682 16688
17:30:06.134 P 34746 -6 29 1326 1326 0 0 564 16824
17:30:06.134 P 34748 -4 98 1357 1357 0 0 354 16790
17:30:06.134 P 34749 -2 122 1364 1364 0 0 584 16802
17:30:06.134 P 34751 2 153 1375 1375 0 0 714 16718
17:30:06.134 P 34753 8 174 1384 1384 0 0 628 16794
17:30:06.134 P 34755 16 204 1403 1403 0 0 216 16642
17:30:06.134 P 34756 21 213 1410 1410 0 0 126 16702
17:30:06.134 P 34758 32 217 1419 1419 0 0 -314 16812
17:30:06.134 P 34760 43 204 1421 1421 0 0 -484 16776
17:30:06.134 P 34762 53 185 1421 1421 0 0 -522 16742
17:30:06.134 P 34764 62 160 1424 1424 0 0 -630 16760
17:30:06.134 P 34766 69 134 1415 1415 0 0 -736 16678
17:30:06.134 P 34767 72 120 1411 1411 0 0 -746 16734
17:30:06.134 P 34769 77 95 1411 1411 0 1 -682 16830
17:30:06.134 P 34771 80 73 1399 1399 0 0 -614 16600
17:30:06.134 P 34773 81 49 1387 1387 0 0 -538 16604
17:30:06.134 P 34775 81 25 1381 1381 0 0 -208 16768
17:30:06.134 P 34776 80 14 1373 1373 0 0 -180 16758
17:30:06.134 P 34778 77 10 1375 1375 0 1 182 16760
17:30:06.134 P 34780 75 28 1376 1376 0 0 238 16778
17:30:06.134 P 34782 75 39 1388 1388 0 1 -308 16770
17:30:06.134 P 34784 74 38 1382 1382 0 0 -104 16772
17:30:06.134 P 34785 74 43 1381 1381 0 0 406 16856
17:30:06.134 P 34787 76 140 1426 1426 0 0 -184 16780
17:30:06.134 P 34789 82 133 1426 1426 0 0 176 16808
17:30:06.134 P 34791 90 132 1433 1433 0 0 -2274 17340
17:30:06.134 P 34792 91 93 1414 1414 0 0 452 16352
17:30:06.134 P 34794 95 189 1463 1463 0 0 1036 16928
17:30:06.134 P 34796 105 206 1480 1480 0 0 -332 16878
17:30:06.134 P 34797 110 187 1475 1475 0 0 -530 16624
17:30:06.134 P 34799 118 163 1472 1472 0 0 -814 16550
17:30:06.134 P 34801 126 138 1466 1466 0 0 -728 16838
17:30:06.134 P 34802 128 130 1464 1464 0 0 -296 16708
17:30:06.134 P 34804 135 128 1479 1479 0 0 -1006 16702
17:30:06.134 P 34806 140 105 1470 1470 0 0 -816 16810
17:30:06.134 P 34808 144 87 1463 1463 0 0 -658 16796
17:30:06.134 P 34809 145 79 1460 1460 0 0 -712 16758
17:30:06.134 P 34811 147 72 1467 1467 0 1 -464 16766
17:30:06.134 P 34813 149 70 1464 1464 0 0 -292 16656
17:30:06.134 P 34814 149 74 1476 1476 0 1 -212 16654
17:30:06.134 P 34816 152 85 1487 1487 0 1 -330 16766
17:30:06.134 P 34818 155 95 1497 1497 0 0 -504 16748
17:30:06.134 P 34820 159 86 1500 1500 0 1 -880 16732
17:30:06.134 P 34821 160 75 1492 1492 0 0 -892 16774
17:30:06.134 P 34823 163 54 1485 1485 0 0 -956 16734
17:30:06.134 P 34825 162 11 1459 1459 0 0 -602 16718
17:30:06.134 P 34827 161 24 1459 1459 0 0 -930 16694
17:30:06.134 P 34828 162 16 1454 1454 0 0 -1396 16590
17:30:06.134 P 34830 159 -24 1429 1429 0 0 -784 16656
17:30:06.134 P 34832 155 -38 1417 1417 0 0 -670 16694
17:30:06.134 P 34834 150 -50 1404 1404 0 0 -620 16732
17:30:06.134 P 34835 147 -55 1399 1399 0 0 -350 16764
17:30:06.134 P 34837 141 -51 1394 1394 0 0 -106 16708
17:30:06.134 P 34839 135 -37 1394 1394 0 0 22 16706
17:30:06.134 P 34840 132 -28 1396 1396 0 0 96 16738
17:30:06.134 P 34842 129 -17 1397 1397 0 0 -560 16606
17:30:06.134 P 34844 124 -35 1383 1383 0 0 -240 16904
17:30:06.134 P 34846 119 -23 1384 1384 0 0 176 16734
17:30:06.134 P 34848 115 7 1395 1395 0 0 208 16794
17:30:06.134 P 34849 114 24 1402 1402 0 0 146 16748
17:30:06.134 P 34851 113 48 1413 1413 0 0 -18 16828
17:30:06.134 P 34853 114 65 1421 1421 0 0 56 16718
17:30:06.134 P 34855 115 84 1432 1432 0 0 90 16794
17:30:06.134 P 34856 116 91 1436 1436 0 0 144 16794
17:30:06.134 P 34858 119 112 1449 1449 0 0 130 16820
17:30:06.134 P 34860 123 134 1464 1464 0 0 4 16758
17:30:06.134 P 34862 129 151 1477 1477 0 0 -26 16792
17:30:06.134 P 34863 132 160 1485 1485 0 0 -96 16782
17:30:06.134 P 34865 140 178 1500 1500 0 0 18 16836
17:30:06.134 P 34867 148 196 1517 1517 0 0 -284 16598
17:30:06.134 P 34868 153 201 1524 1524 0 0 -274 16762
17:30:06.134 P 34870 163 212 1539 1539 0 0 -168 16904
17:30:06.134 P 34872 173 226 1555 1555 0 0 -158 16792
17:30:06.134 P 34873 178 235 1565 1565 0 0 -138 16706
17:30:06.134 P 34875 190 252 1585 1585 0 0 -448 16782
17:30:06.134 P 34877 203 254 1598 1598 0 0 -776 16688
17:30:06.134 P 34879 217 242 1605 1605 0 0 -1102 16688
17:30:06.134 P 34881 229 224 1609 1609 0 0 -1162 16750
17:30:06.134 P 34882 235 213 1609 1609 0 0 -1114 16694
17:30:06.134 P 34884 245 195 1610 1610 0 0 -930 16728
17:30:06.134 P 34885 250 187 1611 1611 0 0 -956 16704
17:30:06.134 P 34887 259 177 1614 1614 0 0 -740 16804
17:30:06.134 P 34889 267 169 1619 1619 0 0 -1028 16638
17:30:06.134 P 34891 275 155 1620 1620 0 0 -1430 16654
17:30:06.134 P 34892 279 140 1616 1616 0 0 -1582 16828
17:30:06.134 P 34894 285 99 1603 1603 0 0 -1720 16782
17:30:06.134 P 34896 289 59 1587 1587 0 0 -1494 16676
17:30:06.134 P 34898 289 30 1573 1573 0 0 -1072 16732
17:30:06.134 P 34899 289 24 1570 1570 0 0 -838 16798
17:30:06.134 P 34901 287 26 1569 1569 0 0 -610 16750
17:30:06.134 P 34903 286 38 1574 1574 0 0 -432 16638
17:30:06.134 P 34905 286 52 1580 1580 0 0 -586 16724
17:30:06.134 P 34906 286 63 1586 1586 0 0 -584 16656
17:30:06.134 P 34908 288 75 1593 1593 0 0 -724 16802
17:30:06.134 P 34910 290 81 1598 1598 0 0 -704 16748
17:30:06.134 P 34912 292 86 1603 1603 0 0 -794 16744
17:30:06.134 P 34913 293 84 1603 1603 0 0 -808 16668
17:30:06.134 P 34915 296 86 1607 1607 0 0 -804 16766
17:30:06.134 P 34917 299 87 1610 1610 0 0 -812 16802
17:30:06.134 P 34919 301 92 1615 1615 0 0 -730 16738
17:30:06.134 P 34920 303 95 1617 1617 0 0 -742 16730
17:30:07.335 P 34922 306 100 1623 1623 0 0 -774 16760
17:30:07.335 P 34924 310 106 1629 1629 0 0 -782 16670
17:30:07.335 P 34926 314 107 1634 1634 0 0 -926 16702
17:30:07.335 P 34928 318 96 1632 1632 0 0 -1066 16700
17:30:07.335 P 34929 319 87 1629 1629 0 0 -1164 16688
17:30:07.335 P 34931 321 55 1616 1616 0 0 -1270 16710
17:30:07.335 P 34933 321 18 1598 1598 0 0 -1260 16822
17:30:07.335 P 34935 320 7 1591 1591 0 0 -1260 16680
17:30:07.335 P 34937 318 5 1589 1589 0 0 -1246 16726
17:30:07.335 P 34938 318 3 1587 1587 0 0 -1246 16704
17:30:07.335 P 34940 316 -1 1584 1584 0 0 -1172 16668
17:30:07.335 P 34942 313 3 1583 1583 0 0 -916 16706
17:30:07.335 P 34944 311 9 1584 1584 0 0 -792 16760
17:30:07.335 P 34946 309 14 1584 1584 0 0 -616 16718
17:30:07.335 P 34948 307 28 1589 1589 0 0 -540 16782
17:30:07.335 P 34949 306 37 1593 1593 0 0 -546 16772
17:30:07.335 P 34951 306 48 1598 1598 0 0 -778 16770
17:30:07.335 P 34953 307 48 1598 1598 0 0 -938 16810
17:30:07.335 P 34955 307 36 1593 1593 0 0 -1046 16742
17:30:07.335 P 34957 306 22 1586 1586 0 0 -1016 16808
17:30:07.335 P 34958 305 14 1581 1581 0 0 -956 16722
17:30:07.335 P 34960 303 0 1572 1572 0 0 -920 16710
17:30:07.335 P 34962 300 -11 1564 1564 0 0 -922 16764
17:30:07.335 P 34964 297 -18 1557 1557 0 0 -960 16726
17:30:07.335 P 34965 295 -14 1558 1558 0 0 -1020 16676
17:30:07.335 P 34967 293 -3 1561 1561 0 0 -1168 16728
17:30:07.335 P 34969 291 -19 1551 1551 0 0 -1150 16678
17:30:07.335 P 34970 289 -37 1540 1540 0 0 -1156 16768
17:30:07.335 P 34972 284 -53 1528 1528 0 0 -1142 16746
17:30:07.335 P 34974 278 -59 1520 1520 0 0 -946 16798
17:30:07.335 P 34975 275 -56 1518 1518 0 0 -930 16716
17:30:07.335 P 34977 269 -52 1515 1515 0 0 -750 16692
17:30:07.335 P 34979 264 -55 1508 1508 0 0 -708 16734
17:30:07.335 P 34981 258 -54 1502 1502 0 0 -714 16700
17:30:07.335 P 34982 255 -52 1501 1501 0 0 -712 16780
17:30:07.335 P 34984 249 -52 1495 1495 0 0 -588 16684
17:30:07.335 P 34986 243 -43 1493 1493 0 0 -280 16836
17:30:07.335 P 34988 237 -23 1498 1498 0 0 -216 16806
17:30:07.335 P 34989 235 -12 1501 1501 0 0 -116 16788
17:30:07.335 P 34991 232 16 1511 1511 0 0 -90 16740
17:30:07.335 P 34993 230 42 1522 1522 0 0 -140 16932
17:30:07.335 P 34994 230 56 1529 1529 0 0 -52 16784
17:30:07.335 P 34996 231 83 1542 1542 0 0 -2 16902
17:30:07.335 P 34998 232 121 1562 1562 0 0 472 16852
17:30:07.335 P 34999 234 145 1575 1575 0 0 546 16824
17:30:07.335 P 35001 240 200 1607 1607 0 0 608 16708
17:30:07.335 P 35003 250 255 1643 1643 0 0 236 16742
17:30:07.335 P 35005 263 300 1677 1677 0 0 24 16830
17:30:07.335 P 35006 270 319 1694 1694 0 0 -152 16820
17:30:07.335 P 35008 288 342 1721 1721 1 -1 -546 16804
17:30:07.335 P 35010 306 346 1740 1740 0 0 -610 16814
17:30:07.335 P 35012 323 347 1768 1768 1 0 -542 16846
17:30:07.335 P 35013 332 349 1785 1785 1 0 -498 16704
17:30:07.335 P 35015 350 345 1805 1805 1 0 -868 16634
17:30:07.335 P 35017 367 322 1813 1813 1 0 -794 16650
17:30:07.335 P 35019 382 278 1816 1816 1 -1 -802 16814
17:30:07.335 P 35021 394 238 1826 1826 2 0 -1070 16760
17:30:07.335 P 35023 403 187 1834 1834 3 0 -1232 16464
17:30:07.335 P 35024 407 168 1828 1828 1 0 -1300 16496
17:30:07.335 P 35026 414 136 1834 1834 2 0 -1584 16702
17:30:07.335 P 35028 419 86 1825 1825 1 0 -1894 16794
17:30:07.335 P 35030 420 26 1815 1815 2 0 -1584 16858
17:30:07.335 P 35032 418 -11 1817 1817 3 0 -1466 16580
17:30:07.335 P 35034 412 -38 1806 1806 3 0 -242 17064
17:30:07.335 P 35036 405 14 1830 1830 2 0 544 17008
17:30:07.335 P 35038 402 60 1863 1863 3 0 678 16750
17:30:07.335 P 35039 400 73 1882 1882 4 0 1064 16816
17:30:07.335 P 35041 399 117 1900 1900 3 0 992 16760
17:30:07.335 P 35043 400 117 1916 1916 3 0 500 16912
17:30:07.335 P 35045 398 57 1887 1887 2 0 586 16570
17:30:07.335 P 35047 391 -26 1852 1852 3 0 748 16656
17:30:07.335 P 35049 378 -100 1824 1824 4 0 1234 17152
17:30:07.335 P 35050 370 -113 1807 1807 3 0 1246 17242
17:30:07.335 P 35052 357 -116 1798 1798 3 0 344 16810
17:30:07.335 P 35054 345 -130 1786 1786 4 0 -410 16446
17:30:07.335 P 35056 333 -158 1765 1765 4 0 -888 16742
17:30:07.335 P 35058 321 -144 1763 1763 3 0 -1294 16794
17:30:07.335 P 35060 313 -106 1786 1786 4 0 -1436 16482
17:30:07.335 P 35062 305 -72 1786 1786 3 0 -944 17100
17:30:07.335 P 35063 303 -30 1811 1811 4 0 -1140 16488
17:30:07.335 P 35065 301 52 1859 1859 4 0 100 17070
17:30:07.335 P 35067 309 264 1978 1978 4 0 -352 16892
17:30:07.335 P 35069 332 476 2109 2109 4 0 -1114 16834
17:30:07.335 P 35071 368 626 2220 2220 4 0 -2198 16130
17:30:07.335 P 35073 406 594 0 0 4 0 -2468 16334
17:30:07.335 P 35074 422 550 0 0 5 0 -2272 16580
17:30:07.335 P 35076 450 451 0 0 5 0 -1484 17052
17:30:07.335 P 35078 473 467 0 0 5 0 -814 16900
17:30:07.335 P 35080 503 558 0 0 4 0 -1028 16292
17:30:07.335 P 35081 518 573 0 0 4 0 -1216 16266
17:30:07.335 P 35083 551 564 0 0 4 0 -2238 16694
17:30:07.335 P 35085 583 513 0 0 5 0 -2886 16448
17:30:07.335 P 35087 614 516 0 0 4 0 -2754 16526
17:30:07.335 P 35089 644 501 0 0 5 0 -2422 17014
17:30:07.335 P 35091 673 529 0 0 5 0 -2088 16284
17:30:07.335 P 35092 688 529 0 0 4 0 -2156 16080
17:30:07.335 P 35094 718 490 0 0 4 0 -3346 16576
17:30:07.335 P 35096 747 438 0 0 4 0 -4136 16832
17:30:07.335 P 35098 772 324 0 0 3 0 -4810 16216
17:30:07.335 P 35100 783 146 0 0 4 0 -1924 16146
17:30:07.335 P 35102 795 276 0 0 3 0 -3198 16606
17:30:07.335 P 35104 817 280 0 0 4 0 -5482 16448
17:30:07.335 P 35106 830 159 0 0 4 0 -4142 16582
17:30:07.335 P 35108 839 123 0 0 4 0 -3752 15968
17:30:07.335 P 35110 846 98 0 0 4 0 -3984 16538
17:30:07.335 P 35112 852 75 0 0 2 0 -4310 16684
17:30:07.335 P 35113 854 58 0 0 3 0 -4282 16532
17:30:07.335 P 35115 858 6 0 0 3 0 -4550 16044
17:30:07.335 P 35117 854 -137 0 0 3 0 -4570 16520
17:30:07.335 P 35119 840 -289 0 0 3 0 -4440 16662
17:30:07.335 P 35121 822 -349 0 0 2 0 -4840 16342
17:30:07.335 P 35123 800 -439 0 0 1 0 -4822 16206
17:30:07.335 P 35125 770 -559 0 0 1 0 -4244 16272
17:30:07.335 P 35127 735 -606 0 0 2 0 -3804 16482
17:30:07.335 P 35129 695 -661 0 0 2 0 -2406 16358
17:30:07.335 P 35131 654 -632 0 0 1 0 -2608 16180
17:30:07.335 P 35132 633 -638 0 0 2 0 -1346 16394
17:30:07.335 P 35134 593 -577 0 0 1 0 -1502 17284
17:30:07.335 P 35136 556 -538 0 0 2 0 -932 16512
17:30:07.335 P 35138 523 -477 0 0 0 0 -922 16362
17:30:07.335 P 35140 492 -423 0 0 0 0 -712 16880
17:30:07.335 P 35141 477 -400 0 0 0 0 -506 16762
17:30:07.335 P 35143 452 -351 0 0 0 0 -992 16654
17:30:07.335 P 35145 429 -323 0 0 0 0 -1390 16838
17:30:07.335 P 35147 408 -312 0 0 0 0 -1454 16784
17:30:07.335 P 35148 398 -313 0 0 0 0 -1318 16634
17:30:07.335 P 35150 375 -318 0 0 0 0 -334 16648
17:30:07.335 P 35152 351 -279 0 0 0 0 542 16814
17:30:07.335 P 35154 331 -197 0 0 0 0 1344 16768
17:30:07.335 P 35156 315 -90 0 0 0 0 1510 16994
17:30:07.335 P 35157 310 -39 0 0 0 0 1230 16796
17:30:07.335 P 35159 306 64 0 0 0 0 660 16806
17:30:07.335 P 35161 308 123 0 0 0 0 50 16696
17:30:07.335 P 35163 314 160 0 0 0 0 -742 16776
17:30:07.795 P 35165 321 165 0 0 0 0 -928 mpu_set_sensor complete ......
17:30:08.008 mpu_set_sensor complete ......
17:30:08.008 mpu_configure_fifo complete ......
17:30:08.008 mpu_set_sample_rate complete ......
17:30:08.442 dmp_load_motion_driver_firmware complete ......
17:30:08.442 dmp_set_orientation complete ......
17:30:08.442 dmp_enable_feature complete ......
17:30:08.442 dmp_set_fifo_rate complete ......
17:30:09.311 mpu_set_dmp_state complete ......
