17:52:34.793 > mt off
17:52:34.793 mode 28 RL
17:52:34.991 P 1 839 -387 0 0 1 0 -2468 16730
17:52:34.991 P 2 354 -436 0 0 1 0 68 16904
17:52:34.991 P 3 289 -392 0 0 0 0 -948 16398
17:52:34.991 P 4 619 -393 0 0 1 0 -2996 16276
17:52:34.991 P 5 582 -484 0 0 0 0 -1438 16658
17:52:34.991 P 6 440 -489 0 0 0 0 -730 16828
17:52:34.991 P 7 410 -474 0 0 1 0 -1166 16842
17:52:34.991 P 8 330 -504 0 0 0 0 -710 16824
17:52:34.991 P 9 230 -504 0 0 1 0 -332 16676
17:52:34.991 P 10 149 -474 0 0 1 0 -226 16800
17:52:34.991 P 11 46 -466 0 0 0 0 208 16958
17:52:34.991 P 12 -67 -455 0 0 1 0 622 17122
17:52:34.991 P 13 -170 -427 0 0 0 0 808 16688
17:52:34.991 P 14 -288 -397 0 0 0 0 1276 16710
17:52:34.991 P 15 -418 -362 0 0 1 0 1778 16826
17:52:34.991 P 16 -529 -312 0 0 0 0 1932 17048
17:52:34.991 P 17 -619 -255 0 0 1 0 1978 16994
17:52:34.991 P 18 -683 -201 0 0 1 0 1872 16900
17:52:34.991 P 19 -712 -146 0 0 0 0 1526 16672
17:52:34.991 P 20 -699 -98 0 0 0 0 972 16714
17:52:34.991 P 21 -649 -67 0 0 0 0 378 16754
17:52:34.991 P 22 -583 -49 0 0 1 0 -12 16846
17:52:34.991 P 23 -508 -36 0 0 0 0 -318 16920
17:52:34.991 P 24 -439 -30 0 0 0 0 -380 16862
17:52:34.991 P 25 -392 -25 0 0 0 0 -126 16892
17:52:34.991 P 26 -370 -16 0 0 0 0 276 16826
17:52:34.991 P 27 -369 3 0 0 0 0 676 16750
17:52:34.991 P 28 -383 30 0 0 0 0 1052 16998
17:52:34.991 P 29 -401 69 0 0 0 0 1196 17114
17:52:34.991 P 30 -415 107 0 0 0 0 1186 16968
17:52:34.991 P 31 -432 140 0 0 0 0 1280 16712
17:52:34.991 P 32 -433 166 0 0 0 0 990 16722
17:52:34.991 P 33 -428 186 0 0 0 0 824 16920
17:52:34.991 P 34 -411 209 0 0 0 0 554 16850
17:52:34.991 P 35 -391 233 0 0 0 0 436 16926
17:52:34.991 P 36 -367 250 0 0 0 0 282 16700
17:52:34.991 P 37 -340 259 0 0 0 0 146 16642
17:52:34.991 P 38 -307 266 0 0 0 0 -74 16702
17:52:34.991 P 39 -277 272 0 0 0 0 -78 16750
17:52:34.991 P 40 -244 267 0 0 0 0 -270 16918
17:52:34.991 mt off, battery 12.00 V
17:52:35.192 D 280 1 4.94 0.000 0 0 0.00
17:52:35.192 P 41 -202 267 0 0 0 0 -614 17012
17:52:35.192 P 42 -156 268 0 0 0 0 -864 16838
17:52:35.192 P 43 -115 254 0 0 0 0 -804 16686
17:52:35.192 P 44 -75 242 0 0 0 0 -876 16618
17:52:35.192 P 45 -32 230 0 0 0 0 -1128 16772
17:52:35.192 P 46 12 212 0 0 0 0 -1342 16872
17:52:35.192 P 47 55 192 0 0 0 0 -1400 16802
17:52:35.192 P 48 97 169 0 0 0 0 -1472 16644
17:52:35.192 P 49 140 142 0 0 0 0 -1634 16570
17:52:35.192 P 50 178 114 0 0 0 0 -1620 16628
17:52:35.192 P 51 212 89 0 0 0 0 -1582 16650
17:52:35.192 P 52 243 64 0 0 0 0 -1574 16800
17:52:35.192 P 53 266 36 0 0 0 0 -1404 16826
17:52:35.192 P 54 285 15 0 0 0 0 -1326 16748
17:52:35.192 P 55 299 -3 0 0 0 0 -1150 16752
17:52:35.192 P 56 309 -19 0 0 0 0 -1092 16764
17:52:35.192 P 57 319 -36 0 0 0 0 -1080 16764
17:52:35.192 P 58 326 -53 0 0 0 0 -1034 16628
17:52:35.192 P 59 329 -70 0 0 0 0 -906 16836
17:52:35.192 P 60 329 -85 0 0 0 0 -798 16748
17:52:35.192 P 61 326 -95 0 0 0 0 -636 16712
17:52:35.192 P 62 319 -99 0 0 0 0 -470 16786
17:52:35.192 P 63 311 -102 0 0 0 0 -408 16658
17:52:35.192 P 64 301 -104 0 0 0 0 -326 16758
17:52:35.192 P 65 293 -106 0 0 0 0 -394 16856
17:52:35.192 P 66 285 -110 0 0 0 0 -370 16846
17:52:35.192 P 67 278 -108 0 0 0 0 -352 16726
17:52:35.192 P 68 273 -109 0 0 0 0 -502 16688
17:52:35.192 P 69 267 -114 0 0 0 0 -410 16906
17:52:35.192 P 70 259 -113 0 0 0 0 -324 16912
17:52:35.192 P 71 250 -112 0 0 0 0 -214 16786
17:52:35.192 P 72 238 -103 0 0 0 0 -16 16852
17:52:35.192 P 73 221 -87 0 0 0 0 270 16768
17:52:35.192 P 74 198 -57 0 0 0 0 748 16702
17:52:35.192 P 75 164 -4 0 0 0 0 1478 16964
17:52:35.192 P 76 126 77 0 0 0 0 1956 17050
17:52:35.192 P 77 96 181 0 0 0 0 1746 16602
17:52:35.192 P 78 91 266 0 0 0 0 514 16272
17:52:35.192 P 79 68 300 0 0 0 0 1602 16952
17:52:35.192 P 80 52 356 0 0 0 0 1424 17120
17:52:35.405 D 480 1 4.95 0.000 0 0 0.00
17:52:35.405 P 81 39 411 0 0 0 0 1354 17154
17:52:35.405 P 82 33 461 0 0 0 0 1014 17010
17:52:35.405 P 83 37 490 0 0 0 0 430 16592
17:52:35.405 P 84 47 489 0 0 0 0 60 16440
17:52:35.405 P 85 105 439 0 0 0 0 -3066 16398
17:52:35.405 P 86 103 260 0 0 0 0 260 16906
17:52:35.405 P 87 73 217 0 0 0 0 2042 17036
17:52:35.405 P 88 69 304 0 0 0 0 550 16924
17:52:35.405 P 89 88 352 0 0 0 0 -892 16808
17:52:35.405 P 90 107 337 0 0 0 0 -982 16576
17:52:35.405 P 91 116 317 0 0 0 0 -372 16582
17:52:35.405 P 92 133 331 0 0 0 0 -934 16856
17:52:35.405 P 93 159 326 0 0 0 0 -1632 16864
17:52:35.405 P 94 179 294 0 0 0 0 -1338 16858
17:52:35.405 P 95 194 279 0 0 0 0 -1062 16820
17:52:35.405 P 96 217 278 0 0 0 0 -1690 16632
17:52:35.405 P 97 241 252 0 0 0 0 -1884 16544
17:52:35.405 P 98 259 222 0 0 0 0 -1518 16604
17:52:35.405 P 99 276 208 0 0 0 0 -1578 16790
17:52:35.405 P 100 294 195 0 0 0 0 -1750 16890
17:52:35.405 P 101 312 172 0 0 0 0 -1788 16658
17:52:35.405 P 102 329 145 0 0 0 0 -1810 16594
17:52:35.405 P 103 348 119 0 0 0 0 -2078 16602
17:52:35.405 P 104 365 89 0 0 0 0 -2062 16592
17:52:35.405 P 105 382 63 0 0 0 0 -2194 16710
17:52:35.405 P 106 397 35 0 0 0 0 -2132 16792
17:52:35.405 P 107 411 2 0 0 0 0 -2138 16694
17:52:35.405 P 108 422 -32 0 0 0 0 -2032 16544
17:52:35.405 P 109 431 -61 0 0 0 0 -1986 16888
17:52:35.405 P 110 439 -87 0 0 0 0 -1982 16834
17:52:35.405 P 111 444 -114 0 0 0 0 -1838 16644
17:52:35.405 P 112 449 -140 0 0 0 0 -1848 16716
17:52:35.405 P 113 451 -163 0 0 0 0 -1702 16602
17:52:35.405 P 114 450 -186 0 0 0 0 -1538 16660
17:52:35.405 P 115 447 -203 0 0 0 0 -1352 16846
17:52:35.405 P 116 441 -219 0 0 0 0 -1230 16888
17:52:35.405 P 117 433 -232 0 0 0 0 -996 16838
17:52:35.405 P 118 424 -239 0 0 0 0 -870 16738
17:52:35.405 P 119 412 -245 0 0 0 0 -636 16806
17:52:35.405 P 120 398 -247 0 0 0 0 -410 16644
17:52:35.405 P 121 382 -241 0 0 0 0 -252 16720
17:52:35.405 P 122 368 -234 0 0 0 0 -278 16782
17:52:35.608 D 690 1 3.26 0.000 0 0 0.00
17:52:35.608 P 123 352 -229 0 0 0 0 -94 16846
17:52:35.608 P 124 336 -220 0 0 0 0 -34 16790
17:52:35.608 P 125 321 -207 0 0 0 0 -26 16708
17:52:35.608 P 126 307 -197 0 0 0 0 -30 16744
17:52:35.608 P 127 294 -185 0 0 0 0 -12 16678
17:52:35.608 P 128 279 -174 0 0 0 0 102 16764
17:52:35.608 P 129 267 -162 0 0 0 0 44 16648
17:52:35.608 P 130 255 -150 0 0 0 0 24 16818
17:52:35.608 P 131 244 -138 0 0 0 0 -22 16918
17:52:35.608 P 132 233 -129 0 0 0 0 8 16794
17:52:35.608 P 133 222 -121 0 0 0 0 168 16708
17:52:35.608 P 134 210 -109 0 0 0 0 292 16600
17:52:35.608 P 135 199 -95 0 0 0 0 248 16880
17:52:35.608 P 136 189 -82 0 0 0 0 148 17000
17:52:35.608 P 137 181 -71 0 0 0 0 86 16860
17:52:35.608 P 138 175 -62 0 0 0 0 -22 16740
17:52:35.608 P 139 170 -53 0 0 0 0 -130 16654
17:52:35.608 P 140 164 -46 0 0 0 0 -100 16792
17:52:35.608 P 141 160 -42 0 0 0 0 -154 16898
17:52:35.608 P 142 157 -40 0 0 0 0 -252 16930
17:52:35.608 P 143 153 -36 0 0 0 0 -184 16814
17:52:35.608 P 144 150 -32 0 0 0 0 -206 16736
17:52:35.608 P 145 144 -31 0 0 0 0 70 16728
17:52:35.608 P 146 136 -20 0 0 0 0 414 16804
17:52:35.608 P 147 128 -3 0 0 0 0 458 16798
17:52:35.608 P 148 117 11 0 0 0 0 806 16806
17:52:35.608 P 149 106 34 0 0 0 0 964 16830
17:52:35.608 P 150 98 63 0 0 0 0 784 16814
17:52:35.608 P 151 91 86 0 0 0 0 694 16762
17:52:35.608 P 152 86 107 0 0 0 0 604 16806
17:52:35.608 P 153 83 130 0 0 0 0 372 16868
17:52:35.608 P 154 84 145 0 0 0 0 30 16786
17:52:35.608 P 155 88 155 0 0 0 0 -272 16738
17:52:35.608 P 156 95 157 0 0 0 0 -554 16698
17:52:35.608 P 157 104 150 0 0 0 0 -942 16714
17:52:35.608 P 158 115 137 0 0 0 0 -1102 16788
17:52:35.608 P 159 125 118 0 0 0 0 -1174 16700
17:52:35.608 P 160 135 100 0 0 0 0 -1290 16820
17:52:35.608 P 161 143 77 0 0 0 0 -1176 16658
17:52:35.608 P 162 150 54 0 0 0 0 -1038 16742
17:52:35.809 D 890 1 2.81 0.000 0 0 0.00
17:52:35.809 P 163 154 40 0 0 0 0 -922 16732
17:52:35.809 P 164 157 26 0 0 0 0 -722 16742
17:52:35.809 P 165 158 15 0 0 0 0 -528 16796
17:52:35.809 P 166 157 8 0 0 0 0 -382 16840
17:52:35.809 P 167 155 5 0 0 0 0 -250 16786
17:52:35.809 P 168 152 6 0 0 0 0 -130 16824
17:52:35.809 P 169 149 10 0 0 0 0 -86 16846
17:52:35.809 P 170 145 15 0 0 0 0 44 16838
17:52:35.809 P 171 142 21 0 0 0 0 16 16796
17:52:35.809 P 172 139 30 0 0 0 0 6 16814
17:52:35.809 P 173 137 39 0 0 0 0 -6 16886
17:52:35.809 P 174 134 45 0 0 0 0 62 16816
17:52:35.809 P 175 130 56 0 0 0 0 304 16830
17:52:35.809 P 176 126 72 0 0 0 0 332 16772
17:52:35.809 P 177 122 86 0 0 0 0 342 16854
17:52:35.809 P 178 120 98 0 0 0 0 246 16754
17:52:35.809 P 179 119 113 0 0 0 0 160 16746
17:52:35.809 P 180 119 128 0 0 0 0 -22 16908
17:52:35.809 P 181 121 133 0 0 0 0 -194 16764
17:52:35.809 P 182 124 136 0 0 0 0 -272 16726
17:52:35.809 P 183 127 137 0 0 0 0 -324 16792
17:52:35.809 P 184 130 140 0 0 0 0 -370 16944
17:52:35.809 P 185 133 144 0 0 0 0 -328 16752
17:52:35.809 P 186 137 145 0 0 0 0 -352 16806
17:52:35.809 P 187 140 145 0 0 0 0 -326 16826
17:52:35.809 P 188 142 144 0 0 0 0 -290 16832
17:52:35.809 P 189 145 147 0 0 0 0 -250 16756
17:52:35.809 P 190 147 154 0 0 0 0 -240 16788
17:52:35.809 P 191 149 156 0 0 0 0 -156 16906
17:52:35.809 P 192 150 162 0 0 0 0 -100 16824
17:52:35.809 P 193 152 169 0 0 0 0 -134 16712
17:52:35.809 P 194 155 176 0 0 0 0 -226 16822
17:52:35.809 P 195 159 180 0 0 0 0 -360 16888
17:52:35.809 P 196 163 183 0 0 0 0 -434 16768
17:52:35.809 P 197 168 184 0 0 0 0 -540 16822
17:52:35.809 P 198 173 186 0 0 0 0 -530 16708
17:52:35.809 P 199 178 185 0 0 0 0 -536 16608
17:52:35.809 P 200 184 183 0 0 0 0 -680 16710
17:52:35.809 P 201 189 179 0 0 0 0 -734 16834
17:52:35.809 P 202 195 177 0 0 0 0 -654 16846
17:52:35.809 P 203 200 175 0 0 0 0 -724 16742
17:52:36.012 D 1095 1 4.23 0.000 0 0 0.00
17:52:36.012 P 204 204 168 0 0 0 0 -588 16676
17:52:36.012 P 205 208 170 0 0 0 0 -624 16680
17:52:36.012 P 206 212 169 0 0 0 0 -512 16730
17:52:36.012 P 207 215 172 0 0 0 0 -464 16846
17:52:36.012 P 208 219 175 0 0 0 0 -484 16876
17:52:36.012 P 209 222 177 0 0 0 0 -476 16810
17:52:36.012 P 210 226 181 0 0 0 0 -574 16718
17:52:36.012 P 211 230 182 0 0 0 0 -618 16758
17:52:36.012 P 212 236 182 0 0 0 0 -854 16846
17:52:36.012 P 213 242 181 0 0 0 0 -912 16816
17:52:36.012 P 214 249 180 0 0 0 0 -1142 16734
17:52:36.012 P 215 257 169 0 0 0 0 -1300 16822
17:52:36.012 P 216 265 151 0 0 0 0 -1538 16798
17:52:36.012 P 217 274 134 0 0 0 0 -1676 16722
17:52:36.012 P 218 283 112 0 0 0 0 -1758 16612
17:52:36.012 P 219 291 87 0 0 0 0 -1874 16708
17:52:36.012 P 220 298 59 0 0 0 0 -1808 16714
17:52:36.012 P 221 303 37 0 0 0 0 -1672 16732
17:52:36.012 P 222 307 15 0 0 0 0 -1532 16726
17:52:36.012 P 223 310 -6 0 0 0 0 -1442 16700
17:52:36.012 P 224 310 -24 0 0 0 0 -1218 16646
17:52:36.012 P 225 309 -38 0 0 0 0 -1070 16740
17:52:36.012 P 226 307 -45 0 0 0 0 -830 16820
17:52:36.012 P 227 304 -49 0 0 0 0 -694 16700
17:52:36.012 P 228 300 -51 0 0 0 0 -630 16792
17:52:36.012 P 229 296 -50 0 0 0 0 -534 16730
17:52:36.012 P 230 291 -47 0 0 0 0 -434 16674
17:52:36.012 P 231 287 -42 0 0 0 0 -438 16796
17:52:36.012 P 232 283 -38 0 0 0 0 -452 16780
17:52:36.012 P 233 280 -33 0 0 0 0 -546 16802
17:52:36.012 P 234 277 -28 0 0 0 0 -538 16744
17:52:36.012 P 235 273 -26 0 0 0 0 -510 16676
17:52:36.012 P 236 271 -22 0 0 0 0 -534 16748
17:52:36.012 P 237 268 -20 0 0 0 0 -542 16690
17:52:36.012 P 238 265 -18 0 0 0 0 -502 16758
17:52:36.012 P 239 262 -12 0 0 0 0 -488 16836
17:52:36.012 P 240 260 -8 0 0 0 0 -466 16792
17:52:36.012 P 241 257 -4 0 0 0 0 -424 16722
17:52:36.012 P 242 255 1 0 0 0 0 -466 16742
17:52:36.012 P 243 252 4 0 0 0 0 -414 16840
17:52:36.012 P 244 250 8 0 0 0 0 -446 16844
17:52:36.213 D 1300 1 3.60 0.000 0 0 0.00
17:52:36.213 P 245 248 13 0 0 0 0 -408 16922
17:52:36.213 P 246 246 17 0 0 0 0 -442 16808
17:52:36.213 P 247 244 20 0 0 0 0 -390 16802
17:52:36.213 P 248 243 25 0 0 0 0 -478 16734
17:52:36.213 P 249 241 30 0 0 0 0 -420 16640
17:52:36.213 P 250 240 34 0 0 0 0 -414 16758
17:52:36.213 P 251 239 36 0 0 0 0 -484 16726
17:52:36.213 P 252 238 39 0 0 0 0 -460 16690
17:52:36.213 P 253 237 43 0 0 0 0 -426 16730
17:52:36.213 P 254 236 46 0 0 0 0 -454 16804
17:52:36.213 P 255 235 51 0 0 0 0 -444 16860
17:52:36.213 P 256 235 56 0 0 0 0 -462 16874
17:52:36.213 P 257 234 59 0 0 0 0 -392 16902
17:52:36.213 P 258 234 62 0 0 0 0 -500 16764
17:52:36.213 P 259 235 65 0 0 0 0 -562 16754
17:52:36.213 P 260 235 66 0 0 0 0 -632 16808
17:52:36.213 P 261 237 66 0 0 0 0 -716 16830
17:52:36.213 P 262 238 63 0 0 0 0 -716 16776
17:52:36.213 P 263 239 61 0 0 0 0 -720 16688
17:52:36.213 P 264 240 61 0 0 0 0 -722 16748
17:52:36.213 P 265 241 58 0 0 0 0 -672 16774
17:52:36.213 P 266 241 57 0 0 0 0 -692 16718
17:52:36.213 P 267 242 55 0 0 0 0 -642 16792
17:52:36.213 P 268 242 54 0 0 0 0 -618 16770
17:52:36.213 P 269 242 55 0 0 0 0 -556 16770
17:52:36.213 P 270 242 57 0 0 0 0 -614 16710
17:52:36.213 P 271 242 57 0 0 0 0 -480 16742
17:52:36.213 P 272 242 59 0 0 0 0 -598 16756
17:52:36.213 P 273 242 64 0 0 0 0 -528 16768
17:52:36.213 P 274 243 66 0 0 0 0 -564 16738
17:52:36.213 P 275 243 66 0 0 0 0 -608 16732
17:52:36.213 P 276 244 67 0 0 0 0 -636 16782
17:52:36.213 P 277 245 69 0 0 0 0 -656 16672
17:52:36.213 P 278 246 69 0 0 0 0 -736 16854
17:52:36.213 P 279 247 68 0 0 0 0 -712 16788
17:52:36.213 P 280 248 67 0 0 0 0 -730 16746
17:52:36.213 P 281 250 64 0 0 0 0 -782 16704
17:52:36.213 P 282 251 62 0 0 0 0 -794 16786
17:52:36.213 P 283 252 60 0 0 0 0 -808 16876
17:52:36.213 P 284 253 56 0 0 0 0 -852 16768
17:52:36.414 D 1500 1 3.70 0.000 0 0 0.00
17:52:36.414 P 285 254 50 0 0 0 0 -790 16736
17:52:36.414 P 286 255 48 0 0 0 0 -796 16756
17:52:36.414 P 287 255 43 0 0 0 0 -776 16694
17:52:36.414 P 288 256 41 0 0 0 0 -790 16832
17:52:36.414 P 289 256 37 0 0 0 0 -774 16796
17:52:36.414 P 290 256 35 0 0 0 0 -776 16844
17:52:36.414 P 291 256 32 0 0 0 0 -752 16692
17:52:36.414 P 292 256 29 0 0 0 0 -740 16740
17:52:36.414 P 293 256 28 0 0 0 0 -714 16760
17:52:36.414 P 294 256 28 0 0 0 0 -644 16776
17:52:36.414 P 295 255 27 0 0 0 0 -652 16684
17:52:36.414 P 296 255 27 0 0 0 0 -676 16758
17:52:36.414 P 297 254 27 0 0 0 0 -704 16790
17:52:36.414 P 298 254 24 0 0 0 0 -736 16718
17:52:36.414 P 299 254 25 0 0 0 0 -716 16706
17:52:36.414 P 300 253 24 0 0 0 0 -698 16744
17:52:36.414 P 301 253 20 0 0 0 0 -718 16832
17:52:36.414 P 302 253 17 0 0 0 0 -776 16830
17:52:36.414 P 303 252 18 0 0 0 0 -670 16790
17:52:36.414 P 304 251 16 0 0 0 0 -700 16716
17:52:36.414 P 305 250 13 0 0 0 0 -684 16776
17:52:36.414 P 306 250 11 0 0 0 0 -698 16750
17:52:36.414 P 307 249 11 0 0 0 0 -696 16740
17:52:36.414 P 308 248 9 0 0 0 0 -648 16662
17:52:36.414 P 309 247 8 0 0 0 0 -656 16762
17:52:36.414 P 310 246 5 0 0 0 0 -686 16760
17:52:36.414 P 311 245 5 0 0 0 0 -620 16810
17:52:36.414 P 312 244 3 0 0 0 0 -690 16692
17:52:36.414 P 313 243 1 0 0 0 0 -724 16684
17:52:36.414 P 314 242 -2 0 0 0 0 -742 16718
17:52:36.414 P 315 241 -5 0 0 0 0 -658 16810
17:52:36.414 P 316 239 -5 0 0 0 0 -658 16760
17:52:36.414 P 317 238 -6 0 0 0 0 -576 16732
17:52:36.414 P 318 236 -5 0 0 0 0 -418 16756
17:52:36.414 P 319 233 -2 0 0 0 0 -402 16800
17:52:36.414 P 320 231 2 0 0 0 0 -442 16800
17:52:36.414 P 321 229 7 0 0 0 0 -402 16936
17:52:36.414 P 322 228 13 0 0 0 0 -364 16788
17:52:36.414 P 323 226 18 0 0 0 0 -320 16718
17:52:36.616 D 1695 1 3.37 0.000 0 0 0.00
17:52:36.616 P 324 224 23 0 0 0 0 -348 16764
17:52:36.616 P 325 223 28 0 0 0 0 -354 16754
17:52:36.616 P 326 222 33 0 0 0 0 -428 16812
17:52:36.616 P 327 221 37 0 0 0 0 -420 16838
17:52:36.616 P 328 220 43 0 0 0 0 -452 16858
17:52:36.616 P 329 220 44 0 0 0 0 -446 16806
17:52:36.616 P 330 219 48 0 0 0 0 -432 16690
17:52:36.616 P 331 219 52 0 0 0 0 -380 16896
17:52:36.616 P 332 219 55 0 0 0 0 -424 16858
17:52:36.616 P 333 219 59 0 0 0 0 -452 16874
17:52:36.616 P 334 219 64 0 0 0 0 -442 16682
17:52:36.616 P 335 219 66 0 0 0 0 -520 16700
17:52:36.616 P 336 220 67 0 0 0 0 -514 16868
17:52:36.616 P 337 220 69 0 0 0 0 -584 16920
17:52:36.616 P 338 221 69 0 0 0 0 -594 16760
17:52:36.616 P 339 222 71 0 0 0 0 -554 16662
17:52:36.616 P 340 223 71 0 0 0 0 -542 16738
17:52:36.616 P 341 223 71 0 0 0 0 -576 16824
17:52:36.616 P 342 224 71 0 0 0 0 -548 16794
17:52:36.616 P 343 225 73 0 0 0 0 -586 16652
17:52:36.616 P 344 226 74 0 0 0 0 -632 16658
17:52:36.616 P 345 227 74 0 0 0 0 -576 16810
17:52:36.616 P 346 228 75 0 0 0 0 -582 16786
17:52:36.616 P 347 229 76 0 0 0 0 -646 16924
17:52:36.616 P 348 230 75 0 0 0 0 -598 16828
17:52:36.616 P 349 231 75 0 0 0 0 -588 16664
17:52:36.616 P 350 232 73 0 0 0 0 -636 16680
17:52:36.616 P 351 233 72 0 0 0 0 -714 16806
17:52:36.616 P 352 234 73 0 0 0 0 -682 16846
17:52:36.616 P 353 235 71 0 0 0 0 -680 16856
17:52:36.616 P 354 236 71 0 0 0 0 -674 16756
17:52:36.616 P 355 237 69 0 0 0 0 -638 16622
17:52:36.616 P 356 238 67 0 0 0 0 -712 16788
17:52:36.616 P 357 239 66 0 0 0 0 -696 16836
17:52:36.616 P 358 240 66 0 0 0 0 -728 16886
17:52:36.616 P 359 241 63 0 0 0 0 -764 16806
17:52:36.616 P 360 242 58 0 0 0 0 -708 16618
17:52:36.616 P 361 243 58 0 0 0 0 -774 16720
17:52:36.616 P 362 244 56 0 0 0 0 -800 16894
17:52:36.616 P 363 244 52 0 0 0 0 -758 16808
17:52:36.818 D 1895 1 3.55 0.000 0 0 0.00
17:52:36.818 P 364 245 47 0 0 0 0 -844 16764
17:52:36.818 P 365 246 44 0 0 0 0 -740 16630
17:52:36.818 P 366 246 40 0 0 0 0 -770 16672
17:52:36.818 P 367 246 37 0 0 0 0 -772 16900
17:52:36.818 P 368 246 34 0 0 0 0 -790 16862
17:52:36.818 P 369 246 32 0 0 0 0 -734 16898
17:52:36.818 P 370 246 29 0 0 0 0 -672 16696
17:52:36.818 P 371 245 27 0 0 0 0 -606 16784
17:52:36.818 P 372 245 28 0 0 0 0 -676 16772
17:52:36.818 P 373 245 25 0 0 0 0 -742 16840
17:52:36.818 P 374 245 21 0 0 0 0 -852 16756
17:52:36.818 P 375 245 18 0 0 0 0 -796 16774
17:52:36.818 P 376 245 13 0 0 0 0 -892 16600
17:52:36.818 P 377 244 7 0 0 0 0 -862 16788
17:52:36.818 P 378 244 1 0 0 0 0 -778 16770
17:52:36.818 P 379 243 -3 0 0 0 0 -818 16830
17:52:36.818 P 380 242 -7 0 0 0 0 -742 16764
17:52:36.818 P 381 240 -11 0 0 0 0 -586 16752
17:52:36.818 P 382 238 -9 0 0 0 0 -560 16776
17:52:36.818 P 383 236 -10 0 0 0 0 -542 16734
17:52:36.818 P 384 234 -8 0 0 0 0 -452 16832
17:52:36.818 P 385 232 -4 0 0 0 0 -400 16854
17:52:36.818 P 386 230 -2 0 0 0 0 -386 16728
17:52:36.818 P 387 228 2 0 0 0 0 -350 16740
17:52:36.818 P 388 226 10 0 0 0 0 -450 16692
17:52:36.818 P 389 225 13 0 0 0 0 -478 16874
17:52:36.818 P 390 224 17 0 0 0 0 -504 16708
17:52:36.818 P 391 223 21 0 0 0 0 -480 16720
17:52:36.818 P 392 222 24 0 0 0 0 -550 16764
17:52:36.818 P 393 221 25 0 0 0 0 -476 16692
17:52:36.818 P 394 220 27 0 0 0 0 -498 16828
17:52:36.818 P 395 220 29 0 0 0 0 -544 16680
17:52:36.818 P 396 219 30 0 0 0 0 -540 16788
17:52:36.818 P 397 218 32 0 0 0 0 -478 16754
17:52:36.818 P 398 218 36 0 0 0 0 -520 16716
17:52:36.818 P 399 218 38 0 0 0 0 -506 16820
17:52:36.818 P 400 217 39 0 0 0 0 -506 16752
17:52:36.818 P 401 217 42 0 0 0 0 -532 16734
17:52:36.818 P 402 217 41 0 0 0 0 -488 16804
17:52:36.818 P 403 217 42 0 0 0 0 -552 16706
17:52:37.020 D 2095 1 3.38 0.000 0 0 0.00
17:52:37.020 P 404 217 47 0 0 0 0 -562 16750
17:52:37.020 P 405 217 49 0 0 0 0 -568 16744
17:52:37.020 P 406 217 50 0 0 0 0 -494 16836
17:52:37.020 P 407 217 50 0 0 0 0 -478 16710
17:52:37.020 P 408 217 53 0 0 0 0 -466 16786
17:52:37.020 P 409 217 58 0 0 0 0 -428 16750
17:52:37.020 P 410 217 61 0 0 0 0 -398 16836
17:52:37.020 P 411 217 67 0 0 0 0 -326 16822
17:52:37.020 P 412 217 73 0 0 0 0 -326 16830
17:52:37.020 P 413 217 80 0 0 0 0 -372 16760
17:52:37.020 P 414 218 87 0 0 0 0 -368 16860
17:52:37.020 P 415 219 94 0 0 0 0 -436 16902
17:52:37.020 P 416 220 98 0 0 0 0 -524 16768
17:52:37.020 P 417 222 100 0 0 0 0 -654 16790
17:52:37.020 P 418 224 101 0 0 0 0 -666 16748
17:52:37.020 P 419 226 101 0 0 0 0 -732 16816
17:52:37.020 P 420 229 97 0 0 0 0 -818 16772
17:52:37.020 P 421 231 92 0 0 0 0 -818 16682
17:52:37.020 P 422 233 87 0 0 0 0 -824 16710
17:52:37.020 P 423 235 82 0 0 0 0 -882 16750
17:52:37.020 P 424 236 74 0 0 0 0 -878 16780
17:52:37.020 P 425 238 70 0 0 0 0 -780 16812
17:52:37.020 P 426 239 65 0 0 0 0 -790 16638
17:52:37.020 P 427 240 61 0 0 0 0 -770 16690
17:52:37.020 P 428 241 57 0 0 0 0 -716 16668
17:52:37.020 P 429 241 55 0 0 0 0 -734 16726
17:52:37.020 P 430 242 53 0 0 0 0 -702 16694
17:52:37.020 P 431 242 52 0 0 0 0 -670 16828
17:52:37.020 P 432 242 53 0 0 0 0 -618 16724
17:52:37.020 P 433 242 54 0 0 0 0 -578 16838
17:52:37.020 P 434 242 56 0 0 0 0 -570 16724
17:52:37.020 P 435 243 58 0 0 0 0 -526 16856
17:52:37.020 P 436 242 61 0 0 0 0 -456 16730
17:52:37.020 P 437 243 65 0 0 0 0 -484 16744
17:52:37.020 P 438 243 69 0 0 0 0 -504 16848
17:52:37.020 P 439 243 71 0 0 0 0 -544 16776
17:52:37.020 P 440 244 75 0 0 0 0 -600 16796
17:52:37.020 P 441 245 78 0 0 0 0 -730 16786
17:52:37.020 P 442 247 79 0 0 0 0 -800 16780
17:52:37.020 P 443 248 77 0 0 0 0 -724 16796
17:52:37.205 D 2295 1 3.73 0.000 0 0 0.00
17:52:37.205 P 444 250 75 0 0 0 0 -780 16840
17:52:37.205 P 445 251 71 0 0 0 0 -832 16802
17:52:37.205 P 446 252 68 0 0 0 0 -818 16784
17:52:37.205 P 447 253 64 0 0 0 0 -816 16788
17:52:37.205 P 448 254 61 0 0 0 0 -806 16766
17:52:37.205 P 449 255 59 0 0 0 0 -770 16756
17:52:37.205 P 450 255 58 0 0 0 0 -730 16734
17:52:37.205 P 451 256 57 0 0 0 0 -702 16766
17:52:37.205 P 452 256 59 0 0 0 0 -650 16812
17:52:37.205 P 453 256 58 0 0 0 0 -660 16806
17:52:37.205 P 454 257 59 0 0 0 0 -656 16834
17:52:37.205 P 455 257 60 0 0 0 0 -688 16696
17:52:37.205 P 456 258 61 0 0 0 0 -736 16748
17:52:37.205 P 457 259 61 0 0 0 0 -800 16850
17:52:37.205 P 458 260 58 0 0 0 0 -866 16750
17:52:37.205 P 459 260 56 0 0 0 0 -786 16782
17:52:37.205 P 460 261 54 0 0 0 0 -732 16654
17:52:37.205 P 461 261 51 0 0 0 0 -780 16776
17:52:37.205 P 462 262 52 0 0 0 0 -772 16728
17:52:37.205 P 463 262 48 0 0 0 0 -752 16846
17:52:37.205 P 464 262 46 0 0 0 0 -766 16790
17:52:37.205 P 465 263 45 0 0 0 0 -796 16682
17:52:37.205 P 466 263 41 0 0 0 0 -760 16774
17:52:37.205 P 467 263 41 0 0 0 0 -770 16820
17:52:37.205 P 468 263 39 0 0 0 0 -806 16794
17:52:37.205 P 469 263 37 0 0 0 0 -840 16720
17:52:37.205 P 470 263 35 0 0 0 0 -720 16802
17:52:37.205 P 471 263 34 0 0 0 0 -768 16730
17:52:37.205 P 472 263 34 0 0 0 0 -680 16644
17:52:37.205 P 473 262 32 0 0 0 0 -752 16694
17:52:37.205 P 474 262 32 0 0 0 0 -764 16780
17:52:37.205 P 475 262 32 0 0 0 0 -776 16794
17:52:37.205 P 476 262 30 0 0 0 0 -768 16716
17:52:37.205 P 477 262 29 0 0 0 0 -752 16698
17:52:37.205 P 478 261 29 0 0 0 0 -768 16640
17:52:37.205 P 479 261 25 0 0 0 0 -792 16720
17:52:37.205 P 480 261 25 0 0 0 0 -762 16694
17:52:37.205 P 481 260 23 0 0 0 0 -742 16804
17:52:37.205 P 482 260 23 0 0 0 0 -760 16798
17:52:37.407 D 2490 1 3.63 0.000 0 0 0.00
17:52:37.407 P 483 259 22 0 0 0 0 -662 16782
17:52:37.407 P 484 258 22 0 0 0 0 -672 16818
17:52:37.407 P 485 257 21 0 0 0 0 -620 16666
17:52:37.407 P 486 257 23 0 0 0 0 -610 16812
17:52:37.407 P 487 256 23 0 0 0 0 -626 16730
17:52:37.407 P 488 255 23 0 0 0 0 -632 16768
17:52:37.407 P 489 254 26 0 0 0 0 -598 16740
17:52:37.407 P 490 254 27 0 0 0 0 -592 16836
17:52:37.407 P 491 253 29 0 0 0 0 -596 16738
17:52:37.407 P 492 252 33 0 0 0 0 -628 16894
17:52:37.407 P 493 252 34 0 0 0 0 -588 16850
17:52:37.407 P 494 252 37 0 0 0 0 -638 16780
17:52:37.407 P 495 251 38 0 0 0 0 -626 16704
17:52:37.407 P 496 251 40 0 0 0 0 -660 16776
17:52:37.407 P 497 251 41 0 0 0 0 -678 16792
17:52:37.407 P 498 251 41 0 0 0 0 -614 16774
17:52:37.407 P 499 251 44 0 0 0 0 -594 16814
17:52:37.407 P 500 250 46 0 0 0 0 -558 16682
17:52:37.407 P 501 250 48 0 0 0 0 -580 16686
17:52:37.407 P 502 250 50 0 0 0 0 -534 16756
17:52:37.407 P 503 250 53 0 0 0 0 -606 16820
17:52:37.407 P 504 251 55 0 0 0 0 -628 16822
17:52:37.407 P 505 251 55 0 0 0 0 -698 16730
17:52:37.407 P 506 251 55 0 0 0 0 -712 16686
17:52:37.407 P 507 252 57 0 0 0 0 -790 16726
17:52:37.407 P 508 253 55 0 0 0 0 -782 16794
17:52:37.407 P 509 253 54 0 0 0 0 -794 16814
17:52:37.407 P 510 254 54 0 0 0 0 -758 16668
17:52:37.407 P 511 254 51 0 0 0 0 -794 16760
17:52:37.407 P 512 255 50 0 0 0 0 -748 16752
17:52:37.407 P 513 255 50 0 0 0 0 -702 16758
17:52:37.407 P 514 255 47 0 0 0 0 -742 16840
17:52:37.407 P 515 256 48 0 0 0 0 -716 16736
17:52:37.407 P 516 256 48 0 0 0 0 -760 16776
17:52:37.407 P 517 256 48 0 0 0 0 -622 16732
17:52:37.407 P 518 256 48 0 0 0 0 -684 16654
17:52:37.407 P 519 256 49 0 0 0 0 -684 16854
17:52:37.407 P 520 256 48 0 0 0 0 -714 16804
17:52:37.407 P 521 257 49 0 0 0 0 -716 16738
17:52:37.407 P 522 257 48 0 0 0 0 -680 16732
17:52:37.608 D 2690 1 3.73 0.000 0 0 0.00
17:52:37.608 P 523 257 49 0 0 0 0 -688 16726
17:52:37.608 P 524 257 48 0 0 0 0 -696 16790
17:52:37.608 P 525 257 50 0 0 0 0 -740 16772
17:52:37.608 P 526 258 48 0 0 0 0 -732 16740
17:52:37.608 P 527 258 48 0 0 0 0 -734 16702
17:52:37.608 P 528 258 47 0 0 0 0 -672 16706
17:52:37.608 P 529 258 49 0 0 0 0 -698 16748
17:52:37.608 P 530 258 48 0 0 0 0 -680 16774
17:52:37.608 P 531 258 51 0 0 0 0 -616 16780
17:52:37.608 P 532 258 51 0 0 0 0 -630 16788
17:52:37.608 P 533 258 52 0 0 0 0 -654 16802
17:52:37.608 P 534 259 54 0 0 0 0 -688 16674
17:52:37.608 P 535 259 56 0 0 0 0 -672 16786
17:52:37.608 P 536 259 58 0 0 0 0 -638 16774
17:52:37.608 P 537 260 57 0 0 0 0 -680 16822
17:52:37.608 P 538 260 58 0 0 0 0 -696 16730
17:52:37.608 P 539 261 59 0 0 0 0 -710 16790
17:52:37.608 P 540 261 59 0 0 0 0 -816 16800
17:52:37.608 P 541 262 57 0 0 0 0 -860 16758
17:52:37.608 P 542 263 55 0 0 0 0 -860 16710
17:52:37.608 P 543 263 52 0 0 0 0 -798 16738
17:52:37.608 P 544 264 49 0 0 0 0 -870 16700
17:52:37.608 P 545 264 46 0 0 0 0 -846 16768
17:52:37.608 P 546 265 44 0 0 0 0 -824 16752
17:52:37.608 P 547 265 42 0 0 0 0 -732 16706
17:52:37.608 P 548 265 39 0 0 0 0 -734 16786
17:52:37.608 P 549 265 40 0 0 0 0 -748 16764
17:52:37.608 P 550 265 39 0 0 0 0 -746 16818
17:52:37.608 P 551 265 39 0 0 0 0 -742 16790
17:52:37.608 P 552 264 36 0 0 0 0 -762 16640
17:52:37.608 P 553 264 36 0 0 0 0 -800 16742
17:52:37.608 P 554 264 35 0 0 0 0 -800 16720
17:52:37.608 P 555 264 33 0 0 0 0 -788 16810
17:52:37.608 P 556 264 32 0 0 0 0 -782 16908
17:52:37.608 P 557 264 31 0 0 0 0 -806 16724
17:52:37.608 P 558 264 29 0 0 0 0 -782 16786
17:52:37.608 P 559 263 28 0 0 0 0 -714 16814
17:52:37.608 P 560 263 26 0 0 0 0 -696 16842
17:52:37.608 P 561 262 27 0 0 0 0 -762 16726
17:52:37.608 P 562 262 27 0 0 0 0 -610 16770
17:52:37.807 D 2890 1 3.70 0.000 0 0 0.00
17:52:37.807 P 563 261 27 0 0 0 0 -656 16830
17:52:37.807 P 564 260 29 0 0 0 0 -568 16770
17:52:37.807 P 565 260 33 0 0 0 0 -634 16734
17:52:37.807 P 566 259 34 0 0 0 0 -622 16708
17:52:37.807 P 567 259 36 0 0 0 0 -686 16828
17:52:37.807 P 568 259 38 0 0 0 0 -684 16822
17:52:37.807 P 569 259 38 0 0 0 0 -722 16830
17:52:37.807 P 570 259 37 0 0 0 0 -686 16818
17:52:37.807 P 571 258 37 0 0 0 0 -748 16700
17:52:37.807 P 572 259 37 0 0 0 0 -834 16750
17:52:37.807 P 573 259 32 0 0 0 0 -874 16846
17:52:37.807 P 574 259 28 0 0 0 0 -880 16778
17:52:37.807 P 575 258 25 0 0 0 0 -836 16638
17:52:37.807 P 576 258 22 0 0 0 0 -818 16764
17:52:37.807 P 577 257 18 0 0 0 0 -728 16802
17:52:37.807 P 578 257 18 0 0 0 0 -678 16732
17:52:37.807 P 579 256 18 0 0 0 0 -682 16762
17:52:37.807 P 580 255 18 0 0 0 0 -632 16828
17:52:37.807 P 581 254 19 0 0 0 0 -558 16740
17:52:37.807 P 582 253 22 0 0 0 0 -610 16884
17:52:37.807 P 583 252 26 0 0 0 0 -546 16796
17:52:37.807 P 584 252 30 0 0 0 0 -576 16760
17:52:37.807 P 585 251 33 0 0 0 0 -502 16794
17:52:37.807 P 586 250 37 0 0 0 0 -548 16752
17:52:37.807 P 587 250 40 0 0 0 0 -594 16704
17:52:37.807 P 588 250 43 0 0 0 0 -620 16744
17:52:37.807 P 589 250 42 0 0 0 0 -646 16858
17:52:37.807 P 590 250 42 0 0 0 0 -662 16716
17:52:37.807 P 591 250 42 0 0 0 0 -782 16812
17:52:37.807 P 592 250 41 0 0 0 0 -776 16808
17:52:37.807 P 593 250 39 0 0 0 0 -820 16732
17:52:37.807 P 594 250 38 0 0 0 0 -760 16682
17:52:37.807 P 595 250 35 0 0 0 0 -776 16704
17:52:37.807 P 596 250 33 0 0 0 0 -770 16750
17:52:37.807 P 597 250 32 0 0 0 0 -726 16756
17:52:37.807 P 598 250 30 0 0 0 0 -668 16752
17:52:37.807 P 599 249 30 0 0 0 0 -714 16738
17:52:37.807 P 600 249 31 0 0 0 0 -624 16722
17:52:37.807 P 601 248 32 0 0 0 0 -574 16836
17:52:38.008 D 3085 1 3.64 0.000 0 0 0.00
17:52:38.008 P 602 248 37 0 0 0 0 -602 16660
17:52:38.008 P 603 248 38 0 0 0 0 -518 16724
17:52:38.008 P 604 247 41 0 0 0 0 -594 16734
17:52:38.008 P 605 247 43 0 0 0 0 -632 16746
17:52:38.008 P 606 247 46 0 0 0 0 -652 16814
17:52:38.008 P 607 247 48 0 0 0 0 -632 16708
17:52:38.008 P 608 247 53 0 0 0 0 -588 16738
17:52:38.008 P 609 248 53 0 0 0 0 -608 16782
17:52:38.008 P 610 248 55 0 0 0 0 -644 16780
17:52:38.008 P 611 248 56 0 0 0 0 -674 16730
17:52:38.008 P 612 249 59 0 0 0 0 -668 16758
17:52:38.008 P 613 249 60 0 0 0 0 -642 16794
17:52:38.008 P 614 250 62 0 0 0 0 -646 16700
17:52:38.008 P 615 250 64 0 0 0 0 -652 16708
17:52:38.008 P 616 251 66 0 0 0 0 -622 16836
17:52:38.008 P 617 251 68 0 0 0 0 -598 16778
17:52:38.008 P 618 252 71 0 0 0 0 -572 16858
17:52:38.008 P 619 253 75 0 0 0 0 -566 16874
17:52:38.008 P 620 253 77 0 0 0 0 -546 16832
17:52:38.008 P 621 254 81 0 0 0 0 -610 16698
17:52:38.008 P 622 255 85 0 0 0 0 -530 16842
17:52:38.008 P 623 256 89 0 0 0 0 -542 16832
17:52:38.008 P 624 258 93 0 0 0 0 -574 16678
17:52:38.008 P 625 259 96 0 0 0 0 -660 16840
17:52:38.008 P 626 261 100 0 0 0 0 -700 16718
17:52:38.008 P 627 263 101 0 0 0 0 -766 16792
17:52:38.008 P 628 265 99 0 0 0 0 -804 16728
17:52:38.008 P 629 266 97 0 0 0 0 -778 16824
17:52:38.008 P 630 268 96 0 0 0 0 -812 16740
17:52:38.008 P 631 270 95 0 0 0 0 -856 16716
17:52:38.008 P 632 272 93 0 0 0 0 -904 16730
17:52:38.008 P 633 273 90 0 0 0 0 -810 16682
17:52:38.008 P 634 275 89 0 0 0 0 -838 16746
17:52:38.008 P 635 276 89 0 0 0 0 -802 16748
17:52:38.008 P 636 278 89 0 0 0 0 -840 16696
17:52:38.008 P 637 279 88 0 0 0 0 -770 16670
17:52:38.008 P 638 281 89 0 0 0 0 -830 16732
17:52:38.008 P 639 282 90 0 0 0 0 -738 16756
17:52:38.008 P 640 284 88 0 0 0 0 -796 16716
17:52:38.206 D 3280 1 4.18 0.000 0 0 0.00
17:52:38.206 P 641 285 87 0 0 0 0 -822 16670
17:52:38.206 P 642 287 88 0 0 0 0 -848 16664
17:52:38.206 P 643 288 87 0 0 0 0 -826 16762
17:52:38.206 P 644 290 86 0 0 0 0 -834 16748
17:52:38.206 P 645 291 85 0 0 0 0 -836 16822
17:52:38.206 P 646 292 84 0 0 0 0 -876 16710
17:52:38.206 P 647 294 82 0 0 0 0 -884 16702
17:52:38.206 P 648 295 82 0 0 0 0 -880 16728
17:52:38.206 P 649 296 79 0 0 0 0 -924 16832
17:52:38.206 P 650 298 79 0 0 0 0 -874 16722
17:52:38.206 P 651 299 76 0 0 0 0 -938 16798
17:52:38.206 P 652 300 74 0 0 0 0 -880 16732
17:52:38.206 P 653 301 72 0 0 0 0 -848 16778
17:52:38.206 P 654 302 72 0 0 0 0 -840 16674
17:52:38.206 P 655 303 73 0 0 0 0 -814 16820
17:52:38.206 P 656 303 74 0 0 0 0 -838 16828
17:52:38.206 P 657 304 74 0 0 0 0 -848 16812
17:52:38.206 P 658 305 75 0 0 0 0 -866 16734
17:52:38.206 P 659 306 75 0 0 0 0 -864 16786
17:52:38.206 P 660 308 73 0 0 0 0 -914 16766
17:52:38.206 P 661 309 72 0 0 0 0 -972 16770
17:52:38.206 P 662 310 70 0 0 0 0 -964 16760
17:52:38.206 P 663 311 67 0 0 0 0 -972 16718
17:52:38.206 P 664 312 65 0 0 0 0 -964 16784
17:52:38.206 P 665 312 61 0 0 0 0 -988 16812
17:52:38.206 P 666 313 58 0 0 0 0 -920 16698
17:52:38.206 P 667 314 57 0 0 0 0 -966 16762
17:52:38.206 P 668 314 56 0 0 0 0 -928 16724
17:52:38.206 P 669 315 54 0 0 0 0 -886 16792
17:52:38.206 P 670 315 53 0 0 0 0 -840 16766
17:52:38.206 P 671 315 52 0 0 0 0 -896 16794
17:52:38.206 P 672 316 52 0 0 0 0 -930 16726
17:52:38.206 P 673 316 53 0 0 0 0 -866 16712
17:52:38.206 P 674 316 53 0 0 0 0 -870 16754
17:52:38.206 P 675 317 54 0 0 0 0 -896 16686
17:52:38.206 P 676 317 54 0 0 0 0 -840 16798
17:52:38.206 P 677 317 56 0 0 0 0 -872 16792
17:52:38.206 P 678 318 56 0 0 0 0 -866 16666
17:52:38.206 P 679 318 55 0 0 0 0 -830 16776
17:52:38.206 P 680 318 55 0 0 0 0 -866 16778
17:52:38.408 D 3480 1 4.42 0.000 0 0 0.00
17:52:38.408 P 681 319 56 0 0 0 0 -916 16810
17:52:38.408 P 682 319 56 0 0 0 0 -906 16760
17:52:38.408 P 683 319 56 0 0 0 0 -846 16822
17:52:38.408 P 684 320 58 0 0 0 0 -830 16702
17:52:38.408 P 685 320 58 0 0 0 0 -850 16676
17:52:38.408 P 686 321 59 0 0 0 0 -840 16832
17:52:38.408 P 687 321 61 0 0 0 0 -868 16800
17:52:38.408 P 688 322 62 0 0 0 0 -866 16788
17:52:38.408 P 689 322 62 0 0 0 0 -938 16836
17:52:38.408 P 690 323 62 0 0 0 0 -884 16662
17:52:38.408 P 691 323 63 0 0 0 0 -916 16754
17:52:38.408 P 692 324 62 0 0 0 0 -928 16784
17:52:38.408 P 693 325 63 0 0 0 0 -918 16716
17:52:38.408 P 694 326 63 0 0 0 0 -982 16580
17:52:38.408 P 695 326 63 0 0 0 0 -976 16722
17:52:38.408 P 696 327 61 0 0 0 0 -972 16838
17:52:38.408 P 697 328 60 0 0 0 0 -950 16728
17:52:38.408 P 698 328 60 0 0 0 0 -908 16798
17:52:38.408 P 699 329 59 0 0 0 0 -890 16738
17:52:38.408 P 700 329 59 0 0 0 0 -920 16704
17:52:38.408 P 701 330 59 0 0 0 0 -894 16734
17:52:38.408 P 702 330 59 0 0 0 0 -896 16726
17:52:38.408 P 703 330 62 0 0 0 0 -854 16674
17:52:38.408 P 704 331 62 0 0 0 0 -874 16782
17:52:38.408 P 705 332 63 0 0 0 0 -896 16652
17:52:38.408 P 706 332 65 0 0 0 0 -912 16806
17:52:38.408 P 707 333 65 0 0 0 0 -1000 16774
17:52:38.408 P 708 334 64 0 0 0 0 -1064 16718
17:52:38.408 P 709 335 62 0 0 0 0 -1060 16822
17:52:38.408 P 710 335 59 0 0 0 0 -1024 16800
17:52:38.408 P 711 336 58 0 0 0 0 -1058 16774
17:52:38.408 P 712 337 56 0 0 0 0 -1060 16752
17:52:38.408 P 713 337 52 0 0 0 0 -1078 16764
17:52:38.408 P 714 338 48 0 0 0 0 -994 16802
17:52:38.408 P 715 338 44 0 0 0 0 -1022 16672
17:52:38.408 P 716 338 43 0 0 0 0 -956 16670
17:52:38.408 P 717 338 42 0 0 0 0 -946 16802
17:52:38.408 P 718 338 42 0 0 0 0 -936 16814
17:52:38.408 P 719 338 42 0 0 0 0 -908 16674
17:52:38.408 P 720 338 44 0 0 0 0 -886 16730
17:52:38.608 D 3680 1 4.55 0.000 0 0 0.00
17:52:38.608 P 721 338 45 0 0 0 0 -906 16770
17:52:38.608 P 722 338 47 0 0 0 0 -868 16752
17:52:38.608 P 723 338 48 0 0 0 0 -974 16782
17:52:38.608 P 724 338 47 0 0 0 0 -976 16786
17:52:38.608 P 725 338 46 0 0 0 0 -994 16742
17:52:38.608 P 726 339 45 0 0 0 0 -1050 16790
17:52:38.608 P 727 339 43 0 0 0 0 -1096 16732
17:52:38.608 P 728 339 40 0 0 0 0 -1024 16650
17:52:38.608 P 729 339 38 0 0 0 0 -1036 16706
17:52:38.608 P 730 339 38 0 0 0 0 -1058 16740
17:52:38.608 P 731 339 35 0 0 0 0 -1020 16808
17:52:38.608 P 732 339 32 0 0 0 0 -998 16794
17:52:38.608 P 733 338 32 0 0 0 0 -952 16750
17:52:38.608 P 734 338 31 0 0 0 0 -986 16768
17:52:38.608 P 735 338 30 0 0 0 0 -1006 16678
17:52:38.608 P 736 338 29 0 0 0 0 -958 16660
17:52:38.608 P 737 337 27 0 0 0 0 -974 16736
17:52:38.608 P 738 337 27 0 0 0 0 -930 16786
17:52:38.608 P 739 336 27 0 0 0 0 -934 16742
17:52:38.608 P 740 336 27 0 0 0 0 -900 16742
17:52:38.608 P 741 335 30 0 0 0 0 -894 16728
17:52:38.608 P 742 335 30 0 0 0 0 -884 16698
17:52:38.608 P 743 334 33 0 0 0 0 -816 16806
17:52:38.608 P 744 334 36 0 0 0 0 -752 16692
17:52:38.608 P 745 333 39 0 0 0 0 -842 16688
17:52:38.608 P 746 333 40 0 0 0 0 -752 16782
17:52:38.608 P 747 333 44 0 0 0 0 -768 16766
17:52:38.608 P 748 333 47 0 0 0 0 -854 16650
17:52:38.608 P 749 333 50 0 0 0 0 -858 16700
17:52:38.608 P 750 333 53 0 0 0 0 -852 16796
17:52:38.608 P 751 333 54 0 0 0 0 -924 16838
17:52:38.608 P 752 334 54 0 0 0 0 -944 16640
17:52:38.608 P 753 334 55 0 0 0 0 -982 16750
17:52:38.608 P 754 335 54 0 0 0 0 -962 16856
17:52:38.608 P 755 335 52 0 0 0 0 -998 16686
17:52:38.608 P 756 335 51 0 0 0 0 -1046 16768
17:52:38.608 P 757 336 50 0 0 0 0 -1004 16792
17:52:38.608 P 758 336 48 0 0 0 0 -988 16744
17:52:38.608 P 759 336 47 0 0 0 0 -926 16700
17:52:38.608 P 760 336 48 0 0 0 0 -934 16712
17:52:38.608 P 761 336 50 0 0 0 0 -844 16704
17:52:38.807 D 3885 1 4.58 0.000 0 0 0.00
17:52:38.807 P 762 337 51 0 0 0 0 -866 16688
17:52:38.807 P 763 337 55 0 0 0 0 -880 16700
17:52:38.807 P 764 337 56 0 0 0 0 -876 16772
17:52:38.807 P 765 337 56 0 0 0 0 -894 16710
17:52:38.807 P 766 338 58 0 0 0 0 -986 16748
17:52:38.807 P 767 339 59 0 0 0 0 -1016 16742
17:52:38.807 P 768 339 57 0 0 0 0 -1006 16796
17:52:38.807 P 769 340 54 0 0 0 0 -1040 16724
17:52:38.807 P 770 340 52 0 0 0 0 -1130 16756
17:52:38.807 P 771 341 50 0 0 0 0 -1100 16716
17:52:38.807 P 772 341 46 0 0 0 0 -1136 16758
17:52:38.807 P 773 342 43 0 0 0 0 -1128 16724
17:52:38.807 P 774 342 38 0 0 0 0 -1078 16804
17:52:38.807 P 775 342 36 0 0 0 0 -1006 16742
17:52:38.807 P 776 341 33 0 0 0 0 -982 16756
17:52:38.807 P 777 341 33 0 0 0 0 -1002 16716
17:52:38.807 P 778 341 31 0 0 0 0 -1034 16672
17:52:38.807 P 779 341 32 0 0 0 0 -1012 16692
17:52:38.807 P 780 340 31 0 0 0 0 -974 16796
17:52:38.807 P 781 340 29 0 0 0 0 -1026 16658
17:52:38.807 P 782 340 28 0 0 0 0 -950 16712
17:52:38.807 P 783 339 28 0 0 0 0 -1058 16692
17:52:38.807 P 784 339 26 0 0 0 0 -960 16726
17:52:38.807 P 785 339 27 0 0 0 0 -1008 16800
17:52:38.807 P 786 338 25 0 0 0 0 -1014 16854
17:52:38.807 P 787 338 24 0 0 0 0 -928 16814
17:52:38.807 P 788 337 23 0 0 0 0 -870 16734
17:52:38.807 P 789 336 26 0 0 0 0 -892 16660
17:52:38.807 P 790 336 26 0 0 0 0 -910 16724
17:52:38.807 P 791 335 29 0 0 0 0 -890 16790
17:52:38.807 P 792 335 29 0 0 0 0 -840 16806
17:52:38.807 P 793 334 31 0 0 0 0 -900 16808
17:52:38.807 P 794 334 32 0 0 0 0 -918 16768
17:52:38.807 P 795 334 34 0 0 0 0 -884 16826
17:52:38.807 P 796 333 33 0 0 0 0 -1014 16796
17:52:38.807 P 797 333 34 0 0 0 0 -976 16828
17:52:38.807 P 798 333 34 0 0 0 0 -982 16768
17:52:38.807 P 799 333 33 0 0 0 0 -984 16744
17:52:38.807 P 800 333 33 0 0 0 0 -940 16804
17:52:38.807 P 801 332 33 0 0 0 0 -898 16808
17:52:38.807 P 802 332 34 0 0 0 0 -896 16776
17:52:39.007 D 4090 1 4.49 0.000 0 0 0.00
17:52:39.007 P 803 332 35 0 0 0 0 -852 16768
17:52:39.007 P 804 331 37 0 0 0 0 -806 16682
17:52:39.007 P 805 331 38 0 0 0 0 -812 16750
17:52:39.007 P 806 331 41 0 0 0 0 -806 16698
17:52:39.007 P 807 331 42 0 0 0 0 -898 16810
17:52:39.007 P 808 330 45 0 0 0 0 -818 16770
17:52:39.007 P 809 330 46 0 0 0 0 -874 16816
17:52:39.007 P 810 331 48 0 0 0 0 -880 16768
17:52:39.007 P 811 331 48 0 0 0 0 -900 16818
17:52:39.007 P 812 331 49 0 0 0 0 -906 16720
17:52:39.007 P 813 331 49 0 0 0 0 -880 16686
17:52:39.007 P 814 331 48 0 0 0 0 -966 16806
17:52:39.007 P 815 332 48 0 0 0 0 -1050 16634
17:52:39.007 P 816 332 44 0 0 0 0 -1040 16774
17:52:39.007 P 817 332 41 0 0 0 0 -1046 16750
17:52:39.007 P 818 332 40 0 0 0 0 -1090 16668
17:52:39.007 P 819 332 36 0 0 0 0 -1148 16780
17:52:39.007 P 820 332 33 0 0 0 0 -1106 16768
17:52:39.007 P 821 332 31 0 0 0 0 -1036 16766
17:52:39.007 P 822 332 30 0 0 0 0 -1012 16752
17:52:39.007 P 823 332 28 0 0 0 0 -906 16810
17:52:39.007 P 824 331 28 0 0 0 0 -930 16698
17:52:39.007 P 825 331 28 0 0 0 0 -968 16762
17:52:39.007 P 826 330 30 0 0 0 0 -940 16738
17:52:39.007 P 827 330 28 0 0 0 0 -966 16756
17:52:39.007 P 828 330 30 0 0 0 0 -952 16696
17:52:39.007 P 829 329 30 0 0 0 0 -962 16750
17:52:39.007 P 830 329 29 0 0 0 0 -918 16718
17:52:39.007 P 831 329 29 0 0 0 0 -902 16700
17:52:39.007 P 832 328 29 0 0 0 0 -974 16822
17:52:39.007 P 833 328 29 0 0 0 0 -932 16710
17:52:39.007 P 834 327 28 0 0 0 0 -952 16740
17:52:39.007 P 835 327 27 0 0 0 0 -1002 16692
17:52:39.007 P 836 327 25 0 0 0 0 -982 16784
17:52:39.007 P 837 326 25 0 0 0 0 -980 16738
17:52:39.007 P 838 326 24 0 0 0 0 -900 16848
17:52:39.007 P 839 325 24 0 0 0 0 -916 16752
17:52:39.007 P 840 325 25 0 0 0 0 -886 16832
17:52:39.007 P 841 324 25 0 0 0 0 -888 16790
17:52:39.007 P 842 323 26 0 0 0 0 -854 16792
17:52:39.224 D 4290 1 4.41 0.000 0 0 0.00
17:52:39.224 P 843 323 27 0 0 0 0 -850 16804
17:52:39.224 P 844 322 32 0 0 0 0 -828 16800
17:52:39.224 P 845 322 34 0 0 0 0 -830 16844
17:52:39.224 P 846 322 36 0 0 0 0 -746 16688
17:52:39.224 P 847 321 38 0 0 0 0 -792 16720
17:52:39.224 P 848 321 41 0 0 0 0 -756 16772
17:52:39.224 P 849 321 45 0 0 0 0 -754 16722
17:52:39.224 P 850 321 50 0 0 0 0 -798 16798
17:52:39.224 P 851 321 51 0 0 0 0 -786 16806
17:52:39.224 P 852 321 55 0 0 0 0 -768 16742
17:52:39.224 P 853 322 57 0 0 0 0 -852 16698
17:52:39.224 P 854 322 59 0 0 0 0 -886 16728
17:52:39.224 P 855 322 58 0 0 0 0 -894 16746
17:52:39.224 P 856 323 57 0 0 0 0 -998 16736
17:52:39.224 P 857 324 56 0 0 0 0 -1000 16708
17:52:39.224 P 858 324 52 0 0 0 0 -1084 16772
17:52:39.224 P 859 325 48 0 0 0 0 -1094 16804
17:52:39.224 P 860 325 44 0 0 0 0 -1162 16766
17:52:39.224 P 861 325 40 0 0 0 0 -1018 16730
17:52:39.224 P 862 325 36 0 0 0 0 -1056 16802
17:52:39.224 P 863 325 31 0 0 0 0 -990 16820
17:52:39.224 P 864 325 30 0 0 0 0 -808 16830
17:52:39.224 P 865 324 31 0 0 0 0 -876 16618
17:52:39.224 P 866 324 30 0 0 0 0 -862 16720
17:52:39.224 P 867 323 31 0 0 0 0 -806 16772
17:52:39.224 P 868 323 33 0 0 0 0 -874 16796
17:52:39.224 P 869 323 36 0 0 0 0 -816 16810
17:52:39.224 P 870 322 39 0 0 0 0 -846 16770
17:52:39.224 P 871 322 40 0 0 0 0 -940 16754
17:52:39.224 P 872 322 42 0 0 0 0 -950 16698
17:52:39.224 P 873 322 43 0 0 0 0 -856 16754
17:52:39.224 P 874 322 42 0 0 0 0 -846 16724
17:52:39.224 P 875 322 42 0 0 0 0 -938 16792
17:52:39.224 P 876 322 44 0 0 0 0 -896 16740
17:52:39.224 P 877 322 44 0 0 0 0 -880 16802
17:52:39.224 P 878 322 46 0 0 0 0 -852 16662
17:52:39.224 P 879 323 46 0 0 0 0 -926 16642
17:52:39.224 P 880 323 46 0 0 0 0 -976 16842
17:52:39.224 P 881 323 45 0 0 0 0 -1042 16764
17:52:39.224 P 882 323 44 0 0 0 0 -1058 16812
17:52:39.224 P 883 323 42 0 0 0 0 -1008 16742
17:52:39.418 D 4495 1 4.37 0.000 0 0 0.00
17:52:39.418 P 884 324 39 0 0 0 0 -1084 16826
17:52:39.418 P 885 324 38 0 0 0 0 -1062 16658
17:52:39.418 P 886 324 34 0 0 0 0 -1010 16766
17:52:39.418 P 887 324 31 0 0 0 0 -1010 16786
17:52:39.418 P 888 323 29 0 0 0 0 -996 16740
17:52:39.418 P 889 323 27 0 0 0 0 -972 16724
17:52:39.418 P 890 322 27 0 0 0 0 -888 16748
17:52:39.418 P 891 322 26 0 0 0 0 -922 16738
17:52:39.418 P 892 322 26 0 0 0 0 -926 16704
17:52:39.418 P 893 321 26 0 0 0 0 -1004 16698
17:52:39.418 P 894 321 25 0 0 0 0 -1032 16714
17:52:39.418 P 895 320 25 0 0 0 0 -964 16674
17:52:39.418 P 896 320 23 0 0 0 0 -914 16754
17:52:39.418 P 897 319 20 0 0 0 0 -978 16670
17:52:39.418 P 898 319 20 0 0 0 0 -918 16704
17:52:39.418 P 899 318 21 0 0 0 0 -900 16748
17:52:39.418 P 900 317 22 0 0 0 0 -880 16776
17:52:39.418 P 901 317 23 0 0 0 0 -886 16772
17:52:39.418 P 902 316 23 0 0 0 0 -876 16746
17:52:39.418 P 903 316 23 0 0 0 0 -868 16822
17:52:39.418 P 904 315 23 0 0 0 0 -842 16690
17:52:39.418 P 905 314 26 0 0 0 0 -752 16748
17:52:39.418 P 906 314 28 0 0 0 0 -834 16740
17:52:39.418 P 907 313 29 0 0 0 0 -758 16760
17:52:39.418 P 908 313 32 0 0 0 0 -716 16882
17:52:39.418 P 909 312 35 0 0 0 0 -772 16814
17:52:39.418 P 910 312 40 0 0 0 0 -742 16778
17:52:39.418 P 911 312 44 0 0 0 0 -740 16712
17:52:39.418 P 912 312 48 0 0 0 0 -728 16814
17:52:39.418 P 913 312 51 0 0 0 0 -696 16818
17:52:39.418 P 914 312 56 0 0 0 0 -732 16766
17:52:39.418 P 915 312 61 0 0 0 0 -674 16812
17:52:39.418 P 916 313 65 0 0 0 0 -736 16762
17:52:39.418 P 917 313 69 0 0 0 0 -806 16824
17:52:39.418 P 918 314 72 0 0 0 0 -872 16750
17:52:39.418 P 919 315 74 0 0 0 0 -844 16758
17:52:39.418 P 920 316 73 0 0 0 0 -892 16746
17:52:39.418 P 921 317 76 0 0 0 0 -920 16794
17:52:39.418 P 922 318 75 0 0 0 0 -918 16778
17:52:39.418 P 923 319 74 0 0 0 0 -910 16726
17:52:39.620 D 4695 1 4.46 0.000 0 0 0.00
17:52:39.620 P 924 320 72 0 0 0 0 -978 16776
17:52:39.620 P 925 321 70 0 0 0 0 -1010 16864
17:52:39.620 P 926 322 70 0 0 0 0 -1072 16728
17:52:39.620 P 927 323 66 0 0 0 0 -1064 16740
17:52:39.620 P 928 324 63 0 0 0 0 -1060 16636
17:52:39.620 P 929 325 60 0 0 0 0 -1060 16780
17:52:39.620 P 930 326 57 0 0 0 0 -1032 16758
17:52:39.620 P 931 326 55 0 0 0 0 -1062 16788
17:52:39.620 P 932 327 52 0 0 0 0 -972 16666
17:52:39.620 P 933 327 50 0 0 0 0 -1020 16784
17:52:39.620 P 934 327 46 0 0 0 0 -920 16754
17:52:39.620 P 935 327 47 0 0 0 0 -992 16746
17:52:39.620 P 936 327 47 0 0 0 0 -936 16716
17:52:39.620 P 937 328 47 0 0 0 0 -922 16752
17:52:39.620 P 938 328 48 0 0 0 0 -908 16812
17:52:39.620 P 939 328 48 0 0 0 0 -928 16760
17:52:39.620 P 940 328 49 0 0 0 0 -916 16814
17:52:39.620 P 941 328 50 0 0 0 0 -962 16770
17:52:39.620 P 942 329 49 0 0 0 0 -960 16746
17:52:39.620 P 943 329 50 0 0 0 0 -932 16820
17:52:39.620 P 944 329 51 0 0 0 0 -1026 16780
17:52:39.620 P 945 330 50 0 0 0 0 -954 16782
17:52:39.620 P 946 330 50 0 0 0 0 -942 16754
17:52:39.620 P 947 330 47 0 0 0 0 -974 16824
17:52:39.620 P 948 330 44 0 0 0 0 -1050 16796
17:52:39.620 P 949 330 42 0 0 0 0 -1014 16764
17:52:39.620 P 950 330 38 0 0 0 0 -1018 16766
17:52:39.620 P 951 330 35 0 0 0 0 -1076 16752
17:52:39.620 P 952 330 31 0 0 0 0 -1024 16710
17:52:39.620 P 953 330 28 0 0 0 0 -1038 16736
17:52:39.620 P 954 330 27 0 0 0 0 -1012 16772
17:52:39.620 P 955 329 24 0 0 0 0 -1006 16618
17:52:39.620 P 956 329 22 0 0 0 0 -974 16688
17:52:39.620 P 957 328 20 0 0 0 0 -1008 16764
17:52:39.620 P 958 328 17 0 0 0 0 -978 16714
17:52:39.620 P 959 327 18 0 0 0 0 -1004 16724
17:52:39.620 P 960 326 16 0 0 0 0 -974 16800
17:52:39.620 P 961 326 15 0 0 0 0 -1018 16726
17:52:39.620 P 962 325 14 0 0 0 0 -930 16780
17:52:39.620 P 963 324 14 0 0 0 0 -980 16698
17:52:39.620 P 964 323 14 0 0 0 0 -914 16658
17:52:39.620 P 965 322 13 0 0 0 0 -898 16690
17:52:39.822 D 4905 1 4.27 0.000 0 0 0.00
17:52:39.822 P 966 321 14 0 0 0 0 -854 16802
17:52:39.822 P 967 320 14 0 0 0 0 -920 16740
17:52:39.822 P 968 320 14 0 0 0 0 -900 16708
17:52:39.822 P 969 319 15 0 0 0 0 -976 16780
17:52:39.822 P 970 318 12 0 0 0 0 -950 16790
17:52:39.822 P 971 317 13 0 0 0 0 -1006 16694
17:52:39.822 P 972 317 10 0 0 0 0 -1000 16660
17:52:39.822 P 973 316 8 0 0 0 0 -948 16742
17:52:39.822 P 974 315 6 0 0 0 0 -932 16718
17:52:39.822 P 975 314 6 0 0 0 0 -888 16738
17:52:39.822 P 976 312 4 0 0 0 0 -840 16718
17:52:39.822 P 977 311 7 0 0 0 0 -846 16810
17:52:39.822 P 978 310 6 0 0 0 0 -868 16694
17:52:39.822 P 979 309 8 0 0 0 0 -810 16796
17:52:39.822 P 980 308 8 0 0 0 0 -826 16746
17:52:39.822 P 981 307 9 0 0 0 0 -836 16788
17:52:39.822 P 982 306 11 0 0 0 0 -814 16736
17:52:39.822 P 983 305 12 0 0 0 0 -826 16848
17:52:39.822 P 984 304 12 0 0 0 0 -872 16730
17:52:39.822 P 985 303 13 0 0 0 0 -820 16724
17:52:39.822 P 986 302 14 0 0 0 0 -850 16736
17:52:39.822 P 987 301 14 0 0 0 0 -870 16768
17:52:39.822 P 988 300 14 0 0 0 0 -816 16800
17:52:39.822 P 989 300 14 0 0 0 0 -822 16698
17:52:39.822 P 990 299 16 0 0 0 0 -766 16740
17:52:39.822 P 991 298 17 0 0 0 0 -780 16746
17:52:39.822 P 992 297 19 0 0 0 0 -782 16702
17:52:39.822 P 993 296 21 0 0 0 0 -748 16754
17:52:39.822 P 994 296 23 0 0 0 0 -766 16764
17:52:39.822 P 995 295 25 0 0 0 0 -766 16736
17:52:39.822 P 996 294 27 0 0 0 0 -772 16774
17:52:39.822 P 997 294 29 0 0 0 0 -778 16650
17:52:39.822 P 998 293 30 0 0 0 0 -762 16778
17:52:39.822 P 999 293 31 0 0 0 0 -784 16698
17:52:39.822 P 1000 293 34 0 0 0 0 -878 16850
17:52:39.822 P 1001 293 33 0 0 0 0 -800 16776
17:52:39.822 P 1002 292 34 0 0 0 0 -842 16766
17:52:39.822 P 1003 292 35 0 0 0 0 -842 16780
17:52:39.822 P 1004 292 36 0 0 0 0 -842 16800
17:52:39.822 P 1005 292 35 0 0 0 0 -840 16812
17:52:40.039 D 5105 1 4.08 0.000 0 0 0.00
17:52:40.039 P 1006 292 34 0 0 0 0 -822 16788
17:52:40.039 P 1007 291 35 0 0 0 0 -876 16718
17:52:40.039 P 1008 291 35 0 0 0 0 -856 16680
17:52:40.039 P 1009 291 35 0 0 0 0 -788 16780
17:52:40.039 P 1010 291 34 0 0 0 0 -854 16702
17:52:40.039 P 1011 291 34 0 0 0 0 -820 16796
17:52:40.039 P 1012 291 37 0 0 0 0 -882 16826
17:52:40.039 P 1013 290 36 0 0 0 0 -772 16766
17:52:40.039 P 1014 290 35 0 0 0 0 -752 16840
17:52:40.039 P 1015 290 34 0 0 0 0 -794 16690
17:52:40.039 P 1016 290 36 0 0 0 0 -806 16726
17:52:40.039 P 1017 289 34 0 0 0 0 -890 16756
17:52:40.039 P 1018 289 34 0 0 0 0 -916 16828
17:52:40.039 P 1019 289 34 0 0 0 0 -890 16774
17:52:40.039 P 1020 289 33 0 0 0 0 -898 16800
17:52:40.039 P 1021 289 31 0 0 0 0 -884 16712
17:52:40.039 P 1022 289 32 0 0 0 0 -838 16702
17:52:40.039 P 1023 288 31 0 0 0 0 -784 16718
17:52:40.039 P 1024 288 31 0 0 0 0 -704 16742
17:52:40.039 P 1025 287 33 0 0 0 0 -718 16750
17:52:40.039 P 1026 287 35 0 0 0 0 -786 16702
17:52:40.039 P 1027 287 37 0 0 0 0 -794 16786
17:52:40.039 P 1028 287 38 0 0 0 0 -726 16714
17:52:40.039 P 1029 287 39 0 0 0 0 -856 16798
17:52:40.039 P 1030 287 39 0 0 0 0 -830 16752
17:52:40.039 P 1031 287 39 0 0 0 0 -848 16810
17:52:40.039 P 1032 286 37 0 0 0 0 -894 16738
17:52:40.039 P 1033 287 36 0 0 0 0 -956 16730
17:52:40.039 P 1034 286 31 0 0 0 0 -966 16764
17:52:40.039 P 1035 286 31 0 0 0 0 -1010 16826
17:52:40.039 P 1036 286 26 0 0 0 0 -984 16808
17:52:40.039 P 1037 286 23 0 0 0 0 -922 16730
17:52:40.039 P 1038 285 20 0 0 0 0 -922 16760
17:52:40.039 P 1039 284 19 0 0 0 0 -738 16806
17:52:40.039 P 1040 284 18 0 0 0 0 -842 16770
17:52:40.039 P 1041 283 18 0 0 0 0 -786 16704
17:52:40.039 P 1042 282 17 0 0 0 0 -768 16800
17:52:40.039 P 1043 281 16 0 0 0 0 -782 16754
17:52:40.039 P 1044 281 15 0 0 0 0 -828 16780
17:52:40.039 P 1045 280 14 0 0 0 0 -792 16836
17:52:40.039 P 1046 279 16 0 0 0 0 -802 16652
17:52:40.039 P 1047 278 15 0 0 0 0 -784 16690
17:52:40.039 P 1048 278 15 0 0 0 0 -870 16784
17:52:40.258 D 5320 1 3.83 0.000 0 0 0.00
17:52:40.258 P 1049 277 14 0 0 0 0 -806 16770
17:52:40.258 P 1050 276 12 0 0 0 0 -796 16784
17:52:40.258 P 1051 275 13 0 0 0 0 -818 16624
17:52:40.258 P 1052 274 13 0 0 0 0 -776 16722
17:52:40.258 P 1053 273 13 0 0 0 0 -768 16816
17:52:40.258 P 1054 272 12 0 0 0 0 -790 16798
17:52:40.258 P 1055 272 12 0 0 0 0 -822 16822
17:52:40.258 P 1056 271 10 0 0 0 0 -826 16688
17:52:40.258 P 1057 270 9 0 0 0 0 -804 16710
17:52:40.258 P 1058 269 9 0 0 0 0 -774 16804
17:52:40.258 P 1059 268 7 0 0 0 0 -832 16664
17:52:40.258 P 1060 267 6 0 0 0 0 -754 16726
17:52:40.258 P 1061 266 6 0 0 0 0 -712 16736
17:52:40.258 P 1062 265 9 0 0 0 0 -718 16738
17:52:40.258 P 1063 264 8 0 0 0 0 -706 16784
17:52:40.258 P 1064 262 8 0 0 0 0 -658 16766
17:52:40.258 P 1065 261 11 0 0 0 0 -614 16756
17:52:40.258 P 1066 260 14 0 0 0 0 -648 16790
17:52:40.258 P 1067 259 15 0 0 0 0 -652 16802
17:52:40.258 P 1068 259 16 0 0 0 0 -708 16754
17:52:40.258 P 1069 258 18 0 0 0 0 -718 16798
17:52:40.258 P 1070 257 19 0 0 0 0 -764 16716
17:52:40.258 P 1071 257 20 0 0 0 0 -770 16782
17:52:40.258 P 1072 256 18 0 0 0 0 -776 16790
17:52:40.258 P 1073 255 19 0 0 0 0 -708 16802
17:52:40.258 P 1074 255 18 0 0 0 0 -756 16738
17:52:40.258 P 1075 254 16 0 0 0 0 -778 16732
17:52:40.258 P 1076 253 17 0 0 0 0 -704 16794
17:52:40.258 P 1077 252 17 0 0 0 0 -780 16796
17:52:40.258 P 1078 252 18 0 0 0 0 -712 16770
17:52:40.258 P 1079 251 17 0 0 0 0 -718 16714
17:52:40.258 P 1080 250 17 0 0 0 0 -708 16820
17:52:40.258 P 1081 249 16 0 0 0 0 -726 16776
17:52:40.258 P 1082 249 16 0 0 0 0 -690 16740
17:52:40.258 P 1083 248 15 0 0 0 0 -680 16736
17:52:40.258 P 1084 247 16 0 0 0 0 -688 16772
17:52:40.258 P 1085 246 15 0 0 0 0 -702 16750
17:52:40.258 P 1086 245 16 0 0 0 0 -690 16756
17:52:40.258 P 1087 245 19 0 0 0 0 -668 16792
17:52:40.258 P 1088 244 19 0 0 0 0 -646 16780
17:52:40.258 P 1089 243 21 0 0 0 0 -640 16730
17:52:40.258 P 1090 242 21 0 0 0 0 -588 16722
17:52:40.474 D 5530 0 -0.92 0.000 0 0 3.06
17:52:40.474 P 1091 242 24 0 0 0 0 -618 16768
17:52:40.474 P 1092 241 26 0 0 0 0 -616 16742
17:52:40.474 P 1093 241 28 0 0 0 0 -584 16720
17:52:40.474 P 1094 240 31 0 0 0 0 -602 16804
17:52:40.474 P 1095 240 33 0 0 0 0 -618 16842
17:52:40.474 P 1096 240 34 0 0 0 0 -646 16762
17:52:40.474 P 1097 239 38 0 0 0 0 -502 16764
17:52:40.474 P 1098 239 39 0 0 0 0 -554 16828
17:52:40.474 P 1099 239 39 0 0 0 0 -676 16770
17:52:40.474 P 1100 239 41 0 0 0 0 -644 16834
17:52:40.474 P 1101 239 42 0 0 0 0 -654 16708
17:52:40.474 P 1102 239 42 0 0 0 0 -722 16864
17:52:40.474 P 1103 239 42 0 0 0 0 -682 16774
17:52:40.474 P 1104 239 42 0 0 0 0 -718 16624
17:52:40.474 P 1105 239 40 0 0 0 0 -734 16792
17:52:40.474 P 1106 239 39 0 0 0 0 -770 16770
17:52:40.474 P 1107 239 38 0 0 0 0 -760 16740
17:52:40.474 P 1108 239 34 0 0 0 0 -744 16746
17:52:40.474 P 1109 239 35 0 0 0 0 -698 16790
17:52:40.474 P 1110 239 34 0 0 0 0 -696 16842
17:52:40.474 P 1111 238 33 0 0 0 0 -650 16778
17:52:40.474 P 1112 238 32 0 0 0 0 -640 16698
17:52:40.474 P 1113 238 32 0 0 0 0 -580 16788
17:52:40.474 P 1114 237 34 0 0 0 0 -556 16762
17:52:40.474 P 1115 237 37 0 0 0 0 -534 16836
17:52:40.474 P 1116 237 40 0 0 0 0 -526 16768
17:52:40.474 P 1117 237 43 0 0 0 0 -570 16784
17:52:40.474 P 1118 236 44 0 0 0 0 -534 16826
17:52:40.474 P 1119 236 45 0 0 0 0 -614 16814
17:52:40.474 P 1120 237 49 0 0 0 0 -648 16678
17:52:40.474 P 1121 237 51 0 0 0 0 -666 16706
17:52:40.474 P 1122 237 52 0 0 0 0 -648 16860
17:52:40.474 P 1123 238 53 0 0 0 0 -664 16738
17:52:40.474 P 1124 238 52 0 0 0 0 -680 16734
17:52:40.474 P 1125 238 54 0 0 0 0 -666 16926
17:52:40.474 P 1126 239 55 0 0 0 0 -680 16824
17:52:40.474 P 1127 239 55 0 0 0 0 -702 16668
17:52:40.474 P 1128 239 56 0 0 0 0 -654 16766
17:52:40.474 P 1129 240 55 0 0 0 0 -604 16800
17:52:40.474 P 1130 240 58 0 0 0 0 -664 16736
17:52:40.474 P 1131 241 56 0 0 0 0 -700 16726
17:52:40.474 P 1132 241 54 0 0 0 0 -790 16800
17:52:40.474 cal done: pitch zero 3.06 roll zero -2.54 bias -0.0369 0.0042 0.0130
17:52:41.558 D 5745 0 -0.73 0.000 0 0 3.06
17:52:41.558 P 1133 242 55 0 0 0 0 -754 16836
17:52:41.558 P 1134 242 53 0 0 0 0 -778 16868
17:52:41.558 P 1135 243 51 0 0 0 0 -806 16698
17:52:41.558 P 1136 243 48 0 0 0 0 -760 16730
17:52:41.558 P 1137 243 48 0 0 0 0 -712 16814
17:52:41.558 P 1138 243 47 0 0 0 0 -764 16780
17:52:41.558 P 1139 244 46 0 0 0 0 -742 16774
17:52:41.558 P 1140 244 43 0 0 0 0 -742 16718
17:52:41.558 P 1141 244 42 0 0 0 0 -700 16776
17:52:41.558 P 1142 244 42 0 0 0 0 -762 16810
17:52:41.558 P 1143 244 43 0 0 0 0 -714 16690
17:52:41.558 P 1144 244 41 0 0 0 0 -696 16726
17:52:41.558 P 1145 244 42 0 0 0 0 -754 16800
17:52:41.558 P 1146 244 41 0 0 0 0 -716 16758
17:52:41.558 P 1147 244 41 0 0 0 0 -774 16794
17:52:41.558 P 1148 244 41 0 0 0 0 -702 16740
17:52:41.558 P 1149 244 38 0 0 0 0 -706 16842
17:52:41.558 P 1150 244 39 0 0 0 0 -664 16700
17:52:41.558 P 1151 244 43 0 0 0 0 -676 16696
17:52:41.558 P 1152 244 41 0 0 0 0 -668 16750
17:52:41.558 P 1153 244 41 0 0 0 0 -668 16852
17:52:41.558 P 1154 244 41 0 0 0 0 -648 16756
17:52:41.558 P 1155 244 43 0 0 0 0 -636 16852
17:52:41.558 P 1156 244 43 0 0 0 0 -704 16742
17:52:41.558 P 1157 244 43 0 0 0 0 -702 16754
17:52:41.558 P 1158 244 44 0 0 0 0 -696 16748
17:52:41.558 P 1159 244 45 0 0 0 0 -788 16792
17:52:41.558 P 1160 244 44 0 0 0 0 -770 16784
17:52:41.558 P 1161 244 42 0 0 0 0 -740 16794
17:52:41.558 P 1162 244 40 0 0 0 0 -784 16708
17:52:41.558 P 1163 245 41 0 0 0 0 -774 16704
17:52:41.558 P 1164 244 39 0 0 0 0 -730 16714
17:52:41.558 P 1165 244 40 0 0 0 0 -684 16724
17:52:41.558 P 1166 244 41 0 0 0 0 -648 16772
17:52:41.558 P 1167 244 42 0 0 0 0 -556 16762
17:52:41.558 P 1168 244 44 0 0 0 0 -582 16740
17:52:41.558 P 1169 244 44 0 0 0 0 -636 16820
17:52:41.558 P 1170 244 48 0 0 0 0 -712 16696
17:52:41.558 P 1171 245 49 0 0 0 0 -708 16700
17:52:41.558 P 1172 245 49 0 0 0 0 -710 16662
17:52:41.558 P 1173 245 49 0 0 0 0 -756 16714
17:52:41.558 P 1174 245 48 0 0 0 0 -748 16780
17:52:41.558 P 1175 246 45 0 0 0 0 -730 16726
17:52:41.558 P 1176 246 44 0 0 0 0 -768 16786
17:52:41.558 P 1177 246 42 0 0 0 0 -820 16700
17:52:41.558 D 5885 0 -0.64 0.000 0 0 3.06
17:52:41.558 P 1178 246 39 0 0 0 0 -820 16768
17:52:41.558 P 1179 246 37 0 0 0 0 -850 16808
17:52:41.558 P 1180 246 34 0 0 0 0 -824 16834
17:52:41.558 P 1181 246 33 0 0 0 0 -768 16864
17:52:41.558 P 1182 245 30 0 0 0 0 -748 16720
17:52:41.558 P 1183 245 29 0 0 0 0 -742 16752
17:52:41.558 P 1184 245 28 0 0 0 0 -676 16748
17:52:41.558 P 1185 244 29 0 0 0 0 -674 16702
17:52:41.558 P 1186 244 29 0 0 0 0 -610 16792
17:52:41.558 P 1187 243 29 0 0 0 0 -612 16732
17:52:41.558 P 1188 243 31 0 0 0 0 -648 16758
17:52:41.558 P 1189 243 32 0 0 0 0 -614 16680
17:52:41.558 P 1190 242 33 0 0 0 0 -666 16778
17:52:41.558 P 1191 242 35 0 0 0 0 -640 16772
17:52:41.558 P 1192 242 36 0 0 0 0 -682 16812
17:52:41.558 P 1193 242 37 0 0 0 0 -592 16826
17:52:41.558 P 1194 241 38 0 0 0 0 -640 16784
17:52:41.558 P 1195 241 40 0 0 0 0 -620 16810
17:52:41.558 P 1196 241 40 0 0 0 0 -718 16764
17:52:41.558 P 1197 241 40 0 0 0 0 -744 16786
17:52:41.558 D 5985 0 -0.66 0.000 0 0 3.06
17:52:41.558 P 1198 241 40 0 0 0 0 -756 16776
17:52:41.558 P 1199 241 40 0 0 0 0 -704 16746
17:52:41.558 P 1200 241 38 0 0 0 0 -768 16784
17:52:41.558 P 1201 241 36 0 0 0 0 -758 16716
17:52:41.558 P 1202 241 35 0 0 0 0 -704 16746
17:52:41.558 P 1203 241 35 0 0 0 0 -696 16808
17:52:41.558 P 1204 241 37 0 0 0 0 -670 16784
17:52:41.558 P 1205 241 37 0 0 0 0 -696 16754
17:52:41.558 P 1206 240 38 0 0 0 0 -628 16710
17:52:41.558 P 1207 240 40 0 0 0 0 -676 16714
17:52:41.558 P 1208 240 40 0 0 0 0 -650 16796
17:52:41.558 P 1209 240 40 0 0 0 0 -700 16704
17:52:41.558 P 1210 240 40 0 0 0 0 -738 16812
17:52:41.558 P 1211 240 39 0 0 0 0 -748 16756
17:52:41.558 P 1212 240 39 0 0 0 0 -714 16818
17:52:41.558 P 1213 240 39 0 0 0 0 -734 16726
17:52:41.558 P 1214 240 36 0 0 0 0 -706 16716
17:52:41.558 P 1215 240 34 0 0 0 0 -706 16834
17:52:41.558 P 1216 240 34 0 0 0 0 -736 16784
17:52:41.558 D 6085 0 -0.64 0.000 0 0 3.06
17:52:41.558 P 1217 240 33 0 0 0 0 -730 16756
17:52:41.558 P 1218 239 32 0 0 0 0 -794 16762
17:52:41.558 P 1219 239 30 0 0 0 0 -726 16738
17:52:41.558 P 1220 239 29 0 0 0 0 -660 16782
17:52:41.558 P 1221 238 28 0 0 0 0 -728 16876
17:52:41.558 P 1222 238 29 0 0 0 0 -692 16822
17:52:41.558 P 1223 237 27 0 0 0 0 -638 16804
17:52:41.558 P 1224 237 28 0 0 0 0 -664 16854
17:52:41.558 P 1225 237 28 0 0 0 0 -686 16782
17:52:41.558 P 1226 236 29 0 0 0 0 -582 16800
17:52:41.558 P 1227 236 31 0 0 0 0 -600 16742
17:52:41.558 P 1228 235 33 0 0 0 0 -640 16818
17:52:41.558 P 1229 235 34 0 0 0 0 -616 16788
17:52:41.558 P 1230 235 36 0 0 0 0 -624 16792
17:52:41.558 P 1231 235 37 0 0 0 0 -632 16716
17:52:41.558 P 1232 235 38 0 0 0 0 -662 16650
17:52:41.558 P 1233 235 38 0 0 0 0 -678 16690
17:52:41.558 P 1234 234 38 0 0 0 0 -660 16786
17:52:41.558 P 1235 234 37 0 0 0 0 -722 16796
17:52:41.558 P 1236 234 38 0 0 0 0 -730 16742
17:52:41.558 D 6185 0 -0.67 0.000 0 0 3.06
17:52:41.558 P 1237 234 37 0 0 0 0 -648 16848
17:52:41.558 P 1238 234 37 0 0 0 0 -620 16662
17:52:41.558 P 1239 234 36 0 0 0 0 -728 16774
17:52:41.558 P 1240 234 36 0 0 0 0 -670 16690
17:52:41.558 P 1241 234 34 0 0 0 0 -692 16704
17:52:41.558 P 1242 233 34 0 0 0 0 -636 16690
17:52:41.558 P 1243 233 35 0 0 0 0 -706 16808
17:52:41.558 P 1244 233 35 0 0 0 0 -658 16816
17:52:41.558 P 1245 233 35 0 0 0 0 -668 16796
17:52:41.558 P 1246 233 37 0 0 0 0 -630 16768
17:52:41.558 P 1247 232 37 0 0 0 0 -652 16734
17:52:41.558 P 1248 232 39 0 0 0 0 -646 16776
17:52:41.558 P 1249 232 39 0 0 0 0 -582 16770
17:52:41.558 P 1250 232 41 0 0 0 0 -566 16806
17:52:41.558 P 1251 232 43 0 0 0 0 -606 16700
17:52:41.558 P 1252 232 45 0 0 0 0 -586 16770
17:52:41.558 P 1253 232 47 0 0 0 0 -600 16710
17:52:41.558 P 1254 232 48 0 0 0 0 -582 16814
17:52:41.558 P 1255 232 51 0 0 0 0 -652 16820
17:52:41.558 P 1256 233 52 0 0 0 0 -648 16796
17:52:41.558 D 6285 0 -0.67 0.000 0 0 3.06
17:52:41.558 P 1257 233 53 0 0 0 0 -652 16800
17:52:41.558 P 1258 233 54 0 0 0 0 -700 16808
17:52:41.558 P 1259 234 55 0 0 0 0 -630 16712
17:52:41.558 P 1260 234 56 0 0 0 0 -700 16694
17:52:41.558 P 1261 235 57 0 0 0 0 -668 16732
17:52:41.558 P 1262 235 56 0 0 0 0 -676 16870
17:52:41.558 P 1263 236 56 0 0 0 0 -706 16760
17:52:41.558 P 1264 236 56 0 0 0 0 -770 16680
17:52:41.558 P 1265 237 56 0 0 0 0 -732 16792
17:52:41.558 P 1266 237 54 0 0 0 0 -714 16804
17:52:41.558 P 1267 238 54 0 0 0 0 -728 16764
17:52:41.558 P 1268 238 52 0 0 0 0 -776 16766
17:52:41.558 P 1269 238 50 0 0 0 0 -768 16748
17:52:41.558 P 1270 239 49 0 0 0 0 -806 16656
17:52:41.558 P 1271 239 48 0 0 0 0 -726 16720
17:52:41.558 P 1272 239 47 0 0 0 0 -690 16702
17:52:41.558 P 1273 239 43 0 0 0 0 -704 16664
17:52:41.558 P 1274 239 44 0 0 0 0 -678 16814
17:52:41.558 P 1275 240 44 0 0 0 0 -738 16800
17:52:41.558 P 1276 240 44 0 0 0 0 -686 16682
17:52:41.558 P 1277 240 42 0 0 0 0 -704 16698
17:52:41.558 D 6385 0 -0.57 0.000 0 0 3.06
17:52:41.558 P 1278 240 43 0 0 0 0 -680 16830
17:52:41.558 P 1279 240 44 0 0 0 0 -694 16802
17:52:41.558 P 1280 240 43 0 0 0 0 -736 16802
17:52:41.558 P 1281 240 44 0 0 0 0 -776 16792
17:52:41.558 P 1282 240 42 0 0 0 0 -738 16776
17:52:41.558 P 1283 240 41 0 0 0 0 -782 16804
17:52:41.558 P 1284 240 41 0 0 0 0 -718 16692
17:52:41.558 P 1285 240 39 0 0 0 0 -724 16780
17:52:41.558 P 1286 240 39 0 0 0 0 -758 16746
17:52:41.558 P 1287 240 37 0 0 0 0 -754 16768
17:52:41.558 P 1288 240 36 0 0 0 0 -778 16784
17:52:41.558 P 1289 240 35 0 0 0 0 -744 16788
17:52:41.558 P 1290 240 34 0 0 0 0 -750 16728
17:52:41.558 P 1291 240 34 0 0 0 0 -674 16738
17:52:41.558 P 1292 240 35 0 0 0 0 -638 16718
17:52:41.558 P 1293 239 35 0 0 0 0 -672 16756
17:52:41.558 P 1294 239 35 0 0 0 0 -620 16844
17:52:41.558 P 1295 239 36 0 0 0 0 -596 16736
17:52:41.558 P 1296 239 38 0 0 0 0 -638 16804
17:52:41.558 D 6485 0 -0.57 0.000 0 0 3.06
17:52:41.558 P 1297 238 40 0 0 0 0 -566 16698
17:52:41.558 P 1298 238 42 0 0 0 0 -570 16770
17:52:41.558 P 1299 238 44 0 0 0 0 -592 16774
17:52:41.558 P 1300 238 47 0 0 0 0 -610 16792
17:52:41.558 P 1301 238 47 0 0 0 0 -620 16914
17:52:41.558 P 1302 239 49 0 0 0 0 -650 16854
17:52:41.558 P 1303 239 50 0 0 0 0 -694 16704
17:52:41.558 P 1304 239 51 0 0 0 0 -672 16772
17:52:41.558 P 1305 239 51 0 0 0 0 -706 16748
17:52:41.558 P 1306 240 51 0 0 0 0 -698 16738
17:52:41.558 P 1307 240 51 0 0 0 0 -720 16758
17:52:41.558 P 1308 240 51 0 0 0 0 -754 16764
17:52:41.558 P 1309 241 49 0 0 0 0 -768 16694
17:52:41.558 P 1310 241 49 0 0 0 0 -712 16748
17:52:41.558 P 1311 241 47 0 0 0 0 -676 16814
17:52:41.558 P 1312 241 46 0 0 0 0 -724 16644
17:52:41.558 P 1313 242 45 0 0 0 0 -712 16808
17:52:41.558 P 1314 242 45 0 0 0 0 -726 16782
17:52:41.558 P 1315 242 44 0 0 0 0 -632 16746
17:52:41.558 P 1316 242 44 0 0 0 0 -668 16860
17:52:41.558 D 6585 0 -0.53 0.000 0 0 3.06
17:52:41.558 P 1317 242 45 0 0 0 0 -674 16756
17:52:41.558 P 1318 242 45 0 0 0 0 -664 16736
17:52:41.558 P 1319 242 46 0 0 0 0 -670 16734
17:52:41.558 P 1320 242 47 0 0 0 0 -642 16702
17:52:41.558 P 1321 242 48 0 0 0 0 -684 16732
17:52:41.558 P 1322 243 47 0 0 0 0 -720 16784
17:52:41.558 P 1323 243 48 0 0 0 0 -666 16716
17:52:41.558 P 1324 243 49 0 0 0 0 -742 16746
17:52:41.558 P 1325 243 49 0 0 0 0 -756 16742
17:52:41.558 P 1326 244 50 0 0 0 0 -684 16692
17:52:41.558 P 1327 244 50 0 0 0 0 -716 16734
17:52:41.558 P 1328 244 49 0 0 0 0 -688 16760
17:52:41.558 P 1329 244 48 0 0 0 0 -792 16756
17:52:41.558 P 1330 245 48 0 0 0 0 -746 16738
17:52:41.558 P 1331 245 45 0 0 0 0 -842 16738
17:52:41.558 P 1332 245 44 0 0 0 0 -786 16806
17:52:41.558 P 1333 245 43 0 0 0 0 -788 16754
17:52:41.558 P 1334 245 41 0 0 0 0 -718 16814
17:52:41.558 P 1335 245 40 0 0 0 0 -750 16736
17:52:41.558 P 1336 245 38 0 0 0 0 -700 16754
17:52:41.558 D 6685 0 -0.48 0.000 0 0 3.06
17:52:41.558 P 1337 245 37 0 0 0 0 -714 16768
17:52:41.558 P 1338 245 37 0 0 0 0 -720 16806
17:52:41.558 P 1339 245 35 0 0 0 0 -696 16762
17:52:41.558 P 1340 245 37 0 0 0 0 -718 16796
17:52:41.558 P 1341 244 37 0 0 0 0 -718 16754
17:52:41.558 P 1342 244 35 0 0 0 0 -706 16766
17:52:41.558 P 1343 244 36 0 0 0 0 -758 16728
17:52:41.558 P 1344 244 34 0 0 0 0 -666 16760
17:52:41.558 P 1345 244 35 0 0 0 0 -650 16690
17:52:41.558 P 1346 243 34 0 0 0 0 -672 16766
17:52:41.558 P 1347 243 34 0 0 0 0 -648 16804
17:52:41.558 P 1348 243 36 0 0 0 0 -598 16740
17:52:41.558 P 1349 243 36 0 0 0 0 -648 16828
17:52:41.558 P 1350 243 38 0 0 0 0 -676 16748
17:52:41.558 P 1351 242 37 0 0 0 0 -640 16778
17:52:41.558 P 1352 242 38 0 0 0 0 -570 16790
17:52:41.558 P 1353 242 42 0 0 0 0 -602 16774
17:52:41.558 P 1354 242 45 0 0 0 0 -598 16804
17:52:41.558 P 1355 242 47 0 0 0 0 -582 16698
17:52:41.558 P 1356 242 50 0 0 0 0 -630 16788
17:52:41.558 D 6785 0 -0.52 0.000 0 0 3.06
17:52:41.558 P 1357 242 52 0 0 0 0 -646 16786
17:52:41.558 P 1358 243 53 0 0 0 0 -596 16760
17:52:41.558 P 1359 243 54 0 0 0 0 -684 16764
17:52:41.558 P 1360 243 54 0 0 0 0 -676 16864
17:52:41.558 P 1361 244 56 0 0 0 0 -674 16754
17:52:41.558 P 1362 244 55 0 0 0 0 -746 16868
17:52:42.710 P 1363 245 55 0 0 0 0 -722 16692
17:52:42.710 P 1364 245 53 0 0 0 0 -750 16708
17:52:42.710 P 1365 246 54 0 0 0 0 -746 16706
17:52:42.710 P 1366 246 53 0 0 0 0 -768 16754
17:52:42.710 P 1367 246 53 0 0 0 0 -768 16872
17:52:42.710 P 1368 247 53 0 0 0 0 -682 16830
17:52:42.710 P 1369 247 52 0 0 0 0 -702 16834
17:52:42.710 P 1370 247 51 0 0 0 0 -706 16786
17:52:42.710 P 1371 248 51 0 0 0 0 -720 16774
17:52:42.710 P 1372 248 49 0 0 0 0 -668 16806
17:52:42.710 P 1373 248 49 0 0 0 0 -708 16734
17:52:42.710 P 1374 248 51 0 0 0 0 -806 16746
17:52:42.710 P 1375 249 49 0 0 0 0 -826 16630
17:52:42.710 P 1376 249 48 0 0 0 0 -774 16690
17:52:42.710 D 6885 0 -0.43 0.000 0 0 3.06
17:52:42.710 P 1377 249 46 0 0 0 0 -824 16758
17:52:42.710 P 1378 250 45 0 0 0 0 -768 16794
17:52:42.710 P 1379 250 43 0 0 0 0 -768 16834
17:52:42.710 P 1380 250 41 0 0 0 0 -830 16818
17:52:42.710 P 1381 250 38 0 0 0 0 -798 16696
17:52:42.710 P 1382 250 37 0 0 0 0 -808 16666
17:52:42.710 P 1383 250 35 0 0 0 0 -838 16758
17:52:42.710 P 1384 250 33 0 0 0 0 -898 16712
17:52:42.710 P 1385 249 28 0 0 0 0 -894 16718
17:52:42.710 P 1386 249 24 0 0 0 0 -908 16676
17:52:42.710 P 1387 249 19 0 0 0 0 -902 16786
17:52:42.710 P 1388 248 15 0 0 0 0 -892 16772
17:52:42.710 P 1389 247 12 0 0 0 0 -888 16760
17:52:42.710 P 1390 247 7 0 0 0 0 -848 16684
17:52:42.710 P 1391 246 6 0 0 0 0 -860 16764
17:52:42.710 P 1392 245 6 0 0 0 0 -692 16720
17:52:42.710 P 1393 244 5 0 0 0 0 -730 16718
17:52:42.710 P 1394 242 5 0 0 0 0 -718 16772
17:52:42.710 P 1395 241 6 0 0 0 0 -672 16782
17:52:42.710 P 1396 240 5 0 0 0 0 -680 16808
17:52:42.710 D 6985 0 -0.49 0.000 0 0 3.06
17:52:42.710 P 1397 239 5 0 0 0 0 -706 16782
17:52:42.710 P 1398 238 5 0 0 0 0 -722 16774
17:52:42.710 P 1399 237 2 0 0 0 0 -784 16694
17:52:42.710 P 1400 236 1 0 0 0 0 -746 16748
17:52:42.710 P 1401 235 -3 0 0 0 0 -788 16874
17:52:42.710 P 1402 233 -5 0 0 0 0 -756 16728
17:52:42.710 P 1403 232 -10 0 0 0 0 -746 16782
17:52:42.710 P 1404 230 -12 0 0 0 0 -734 16784
17:52:42.710 P 1405 229 -13 0 0 0 0 -764 16832
17:52:42.710 P 1406 227 -15 0 0 0 0 -654 16812
17:52:42.710 P 1407 225 -16 0 0 0 0 -652 16840
17:52:42.710 P 1408 224 -17 0 0 0 0 -666 16650
17:52:42.710 P 1409 222 -18 0 0 0 0 -642 16670
17:52:42.710 P 1410 220 -18 0 0 0 0 -608 16824
17:52:42.710 P 1411 218 -18 0 0 0 0 -602 16832
17:52:42.710 P 1412 216 -18 0 0 0 0 -560 16704
17:52:42.710 P 1413 215 -16 0 0 0 0 -564 16716
17:52:42.710 P 1414 213 -15 0 0 0 0 -564 16846
17:52:42.710 P 1415 211 -13 0 0 0 0 -496 16740
17:52:42.710 P 1416 209 -11 0 0 0 0 -392 16866
17:52:42.710 D 7085 0 -0.81 0.000 0 0 3.06
17:52:42.710 P 1417 207 -7 0 0 0 0 -392 16768
17:52:42.710 P 1418 206 -1 0 0 0 0 -354 16750
17:52:42.710 P 1419 204 4 0 0 0 0 -242 16738
17:52:42.710 P 1420 203 13 0 0 0 0 -242 16752
17:52:42.710 P 1421 202 19 0 0 0 0 -228 16782
17:52:42.710 P 1422 201 25 0 0 0 0 -264 16754
17:52:42.710 P 1423 200 33 0 0 0 0 -338 16734
17:52:42.710 P 1424 200 39 0 0 0 0 -336 16754
17:52:42.710 P 1425 200 44 0 0 0 0 -428 16630
17:52:42.710 P 1426 200 47 0 0 0 0 -382 16808
17:52:42.710 P 1427 200 51 0 0 0 0 -496 16764
17:52:42.710 P 1428 200 53 0 0 0 0 -496 16776
17:52:42.710 P 1429 201 54 0 0 0 0 -588 16774
17:52:42.710 P 1430 201 54 0 0 0 0 -578 16794
17:52:42.710 P 1431 202 55 0 0 0 0 -574 16754
17:52:42.710 P 1432 202 56 0 0 0 0 -492 16792
17:52:42.710 P 1433 202 58 0 0 0 0 -458 16810
17:52:42.710 P 1434 203 60 0 0 0 0 -444 16746
17:52:42.710 P 1435 203 63 0 0 0 0 -468 16868
17:52:42.710 P 1436 204 68 0 0 0 0 -402 16724
17:52:42.710 D 7185 0 -0.91 0.000 0 0 3.06
17:52:42.710 P 1437 204 71 0 0 0 0 -328 16776
17:52:42.710 P 1438 205 77 0 0 0 0 -370 16648
17:52:42.710 P 1439 206 81 0 0 0 0 -374 16738
17:52:42.710 P 1440 207 85 0 0 0 0 -438 16744
17:52:42.710 P 1441 209 86 0 0 0 0 -520 16828
17:52:42.710 P 1442 210 89 0 0 0 0 -548 16798
17:52:42.710 P 1443 212 92 0 0 0 0 -638 16800
17:52:42.710 P 1444 213 91 0 0 0 0 -624 16804
17:52:42.710 P 1445 215 90 0 0 0 0 -748 16808
17:52:42.710 P 1446 216 88 0 0 0 0 -836 16714
17:52:42.710 P 1447 218 85 0 0 0 0 -800 16788
17:52:42.710 P 1448 219 80 0 0 0 0 -804 16744
17:52:42.710 P 1449 220 76 0 0 0 0 -736 16770
17:52:42.710 P 1450 221 72 0 0 0 0 -684 16782
17:52:42.710 P 1451 222 70 0 0 0 0 -628 16722
17:52:42.710 P 1452 223 69 0 0 0 0 -648 16736
17:52:42.710 P 1453 224 69 0 0 0 0 -598 16746
17:52:42.710 P 1454 225 69 0 0 0 0 -588 16824
17:52:42.710 P 1455 226 71 0 0 0 0 -582 16812
17:52:42.710 P 1456 226 76 0 0 0 0 -496 16744
17:52:42.710 D 7285 0 -0.67 0.000 0 0 3.06
17:52:42.710 P 1457 228 78 0 0 0 0 -634 16738
17:52:42.710 P 1458 229 78 0 0 0 0 -604 16700
17:52:42.710 P 1459 230 81 0 0 0 0 -624 16740
17:52:42.710 P 1460 231 82 0 0 0 0 -656 16834
17:52:42.710 P 1461 232 82 0 0 0 0 -702 16702
17:52:42.710 P 1462 234 81 0 0 0 0 -766 16718
17:52:42.710 P 1463 235 79 0 0 0 0 -850 16798
17:52:42.710 P 1464 236 78 0 0 0 0 -798 16816
17:52:42.710 P 1465 237 75 0 0 0 0 -854 16758
17:52:42.710 P 1466 238 71 0 0 0 0 -790 16726
17:52:42.710 P 1467 239 70 0 0 0 0 -836 16790
17:52:42.710 P 1468 240 65 0 0 0 0 -746 16716
17:52:42.710 P 1469 241 64 0 0 0 0 -772 16780
17:52:42.710 P 1470 242 61 0 0 0 0 -748 16826
17:52:42.710 P 1471 242 60 0 0 0 0 -652 16822
17:52:42.710 P 1472 243 60 0 0 0 0 -714 16742
17:52:42.710 P 1473 243 61 0 0 0 0 -726 16684
17:52:42.710 P 1474 244 60 0 0 0 0 -758 16704
17:52:42.710 P 1475 245 59 0 0 0 0 -760 16762
17:52:42.710 P 1476 245 59 0 0 0 0 -810 16786
17:52:42.710 D 7385 0 -0.45 0.000 0 0 3.06
17:52:42.710 P 1477 246 55 0 0 0 0 -856 16724
17:52:42.710 P 1478 246 51 0 0 0 0 -826 16770
17:52:42.710 P 1479 247 48 0 0 0 0 -898 16792
17:52:42.710 P 1480 247 43 0 0 0 0 -856 16836
17:52:42.710 P 1481 247 39 0 0 0 0 -878 16754
17:52:42.710 P 1482 247 37 0 0 0 0 -850 16734
17:52:42.710 P 1483 247 30 0 0 0 0 -852 16722
17:52:42.710 P 1484 247 29 0 0 0 0 -854 16734
17:52:42.710 P 1485 246 26 0 0 0 0 -800 16754
17:52:42.710 P 1486 246 24 0 0 0 0 -738 16684
17:52:42.710 P 1487 245 21 0 0 0 0 -762 16768
17:52:42.710 P 1488 245 19 0 0 0 0 -708 16738
17:52:42.710 P 1489 244 19 0 0 0 0 -626 16790
17:52:42.710 P 1490 243 21 0 0 0 0 -638 16740
17:52:42.710 P 1491 242 22 0 0 0 0 -600 16760
17:52:42.710 P 1492 242 22 0 0 0 0 -646 16780
17:52:42.710 P 1493 241 25 0 0 0 0 -582 16806
17:52:42.710 P 1494 241 26 0 0 0 0 -578 16768
17:52:42.710 P 1495 240 29 0 0 0 0 -600 16810
17:52:42.710 P 1496 240 29 0 0 0 0 -640 16822
17:52:42.710 D 7485 0 -0.51 0.000 0 0 3.06
17:52:42.710 P 1497 239 31 0 0 0 0 -646 16712
17:52:42.710 P 1498 239 32 0 0 0 0 -696 16744
17:52:42.710 P 1499 239 33 0 0 0 0 -704 16802
17:52:42.710 P 1500 239 33 0 0 0 0 -674 16772
17:52:42.710 P 1501 238 33 0 0 0 0 -692 16732
17:52:42.710 P 1502 238 34 0 0 0 0 -658 16830
17:52:42.710 P 1503 238 34 0 0 0 0 -618 16632
17:52:42.710 P 1504 237 35 0 0 0 0 -622 16794
17:52:42.710 P 1505 237 37 0 0 0 0 -604 16778
17:52:42.710 P 1506 237 39 0 0 0 0 -580 16766
17:52:42.710 P 1507 237 42 0 0 0 0 -570 16796
17:52:42.710 P 1508 237 46 0 0 0 0 -618 16790
17:52:42.710 P 1509 237 48 0 0 0 0 -586 16824
17:52:42.710 P 1510 237 51 0 0 0 0 -596 16734
17:52:42.710 P 1511 237 54 0 0 0 0 -544 16796
17:52:42.710 P 1512 238 57 0 0 0 0 -574 16792
17:52:42.710 P 1513 238 61 0 0 0 0 -568 16782
17:52:42.710 P 1514 239 63 0 0 0 0 -662 16760
17:52:42.710 P 1515 240 67 0 0 0 0 -632 16786
17:52:42.710 P 1516 240 68 0 0 0 0 -628 16680
17:52:42.710 D 7585 0 -0.51 0.000 0 0 3.06
17:52:42.710 P 1517 241 70 0 0 0 0 -720 16770
17:52:42.710 P 1518 242 70 0 0 0 0 -704 16796
17:52:42.710 P 1519 243 72 0 0 0 0 -694 16780
17:52:42.710 P 1520 244 71 0 0 0 0 -700 16690
17:52:42.710 P 1521 245 69 0 0 0 0 -760 16744
17:52:42.710 P 1522 246 69 0 0 0 0 -802 16734
17:52:42.710 P 1523 247 66 0 0 0 0 -852 16710
17:52:42.710 P 1524 248 64 0 0 0 0 -822 16672
17:52:42.710 P 1525 248 61 0 0 0 0 -850 16732
17:52:42.710 P 1526 249 60 0 0 0 0 -862 16780
17:52:42.710 P 1527 250 57 0 0 0 0 -810 16694
17:52:42.710 P 1528 250 54 0 0 0 0 -770 16776
17:52:42.710 P 1529 250 52 0 0 0 0 -736 16776
17:52:42.710 P 1530 251 51 0 0 0 0 -804 16888
17:52:42.710 P 1531 251 47 0 0 0 0 -762 16860
17:52:42.710 P 1532 251 48 0 0 0 0 -680 16766
17:52:42.710 P 1533 251 49 0 0 0 0 -686 16746
17:52:42.710 P 1534 252 48 0 0 0 0 -754 16734
17:52:42.710 P 1535 252 49 0 0 0 0 -696 16704
17:52:42.710 P 1536 252 49 0 0 0 0 -738 16730
17:52:42.710 P 1537 252 49 0 0 0 0 -756 16846
17:52:42.710 D 7685 0 -0.38 0.000 0 0 3.06
17:52:42.710 P 1538 253 49 0 0 0 0 -726 16706
17:52:42.710 P 1539 253 48 0 0 0 0 -754 16700
17:52:42.710 P 1540 253 47 0 0 0 0 -756 16760
17:52:42.710 P 1541 253 47 0 0 0 0 -844 16730
17:52:42.710 P 1542 253 46 0 0 0 0 -756 16774
17:52:42.710 P 1543 254 44 0 0 0 0 -818 16826
17:52:42.710 P 1544 254 42 0 0 0 0 -800 16900
17:52:42.710 P 1545 254 41 0 0 0 0 -816 16726
17:52:42.710 P 1546 254 38 0 0 0 0 -816 16748
17:52:42.710 P 1547 254 35 0 0 0 0 -748 16702
17:52:42.710 P 1548 253 33 0 0 0 0 -798 16820
17:52:42.710 P 1549 253 32 0 0 0 0 -836 16686
17:52:42.710 P 1550 253 29 0 0 0 0 -732 16728
17:52:42.710 P 1551 253 28 0 0 0 0 -812 16690
17:52:42.710 P 1552 252 26 0 0 0 0 -752 16688
17:52:42.710 P 1553 252 27 0 0 0 0 -734 16784
17:52:42.710 P 1554 251 25 0 0 0 0 -714 16706
17:52:42.710 P 1555 251 26 0 0 0 0 -712 16812
17:52:42.710 P 1556 250 25 0 0 0 0 -708 16880
17:52:42.710 D 7785 0 -0.38 0.000 0 0 3.06
17:52:42.710 P 1557 250 26 0 0 0 0 -734 16832
17:52:42.710 P 1558 249 26 0 0 0 0 -708 16742
17:52:42.710 P 1559 249 25 0 0 0 0 -724 16776
17:52:42.710 P 1560 248 27 0 0 0 0 -688 16834
17:52:42.710 P 1561 248 27 0 0 0 0 -694 16856
17:52:42.710 P 1562 247 26 0 0 0 0 -684 16806
17:52:42.710 P 1563 247 28 0 0 0 0 -644 16756
17:52:42.710 P 1564 246 29 0 0 0 0 -664 16682
17:52:42.710 P 1565 246 29 0 0 0 0 -712 16700
17:52:42.710 P 1566 246 28 0 0 0 0 -746 16772
17:52:42.710 P 1567 245 30 0 0 0 0 -710 16734
17:52:42.710 P 1568 245 29 0 0 0 0 -792 16736
17:52:42.710 P 1569 245 29 0 0 0 0 -706 16724
17:52:42.710 P 1570 244 27 0 0 0 0 -668 16740
17:52:42.710 P 1571 244 27 0 0 0 0 -710 16740
17:52:42.710 P 1572 243 27 0 0 0 0 -744 16652
17:52:42.710 P 1573 243 27 0 0 0 0 -682 16738
17:52:42.710 P 1574 243 28 0 0 0 0 -666 16796
17:52:42.710 P 1575 242 28 0 0 0 0 -578 16726
17:52:42.710 P 1576 241 31 0 0 0 0 -562 16746
17:52:42.710 P 1577 241 33 0 0 0 0 -504 16720
17:52:42.710 D 7885 0 -0.48 0.000 0 0 3.06
17:52:42.710 P 1578 241 39 0 0 0 0 -514 16776
17:52:42.710 P 1579 241 43 0 0 0 0 -470 16722
17:52:42.710 P 1580 241 47 0 0 0 0 -582 16788
17:52:42.710 P 1581 241 52 0 0 0 0 -530 16812
17:52:42.710 P 1582 241 56 0 0 0 0 -538 16772
17:52:42.710 P 1583 241 59 0 0 0 0 -502 16800
17:52:42.710 P 1584 242 63 0 0 0 0 -556 16782
17:52:42.710 P 1585 242 67 0 0 0 0 -564 16848
17:52:42.710 P 1586 243 71 0 0 0 0 -502 16866
17:52:42.710 P 1587 244 76 0 0 0 0 -550 16786
17:52:42.710 P 1588 245 81 0 0 0 0 -584 16736
17:52:42.710 P 1589 246 83 0 0 0 0 -542 16780
17:52:42.710 P 1590 247 88 0 0 0 0 -608 16842
17:52:42.710 P 1591 249 92 0 0 0 0 -674 16810
17:52:42.710 P 1592 250 93 0 0 0 0 -634 16736
17:52:42.710 P 1593 252 96 0 0 0 0 -634 16694
17:52:43.819 P 1594 253 99 0 0 0 0 -576 16810
17:52:43.819 P 1595 255 103 0 0 0 0 -518 16822
17:52:43.819 P 1596 257 107 0 0 0 0 -514 16706
17:52:43.819 P 1597 259 112 0 0 0 0 -492 16808
17:52:43.819 D 7985 0 -0.37 0.000 0 0 3.06
17:52:43.819 P 1598 261 119 0 0 0 0 -552 16812
17:52:43.819 P 1599 263 125 0 0 0 0 -682 16766
17:52:43.819 P 1600 266 126 0 0 0 0 -784 16752
17:52:43.819 P 1601 268 128 0 0 0 0 -774 16712
17:52:43.819 P 1602 271 127 0 0 0 0 -848 16726
17:52:43.819 P 1603 274 126 0 0 0 0 -822 16742
17:52:43.819 P 1604 276 127 0 0 0 0 -780 16808
17:52:43.819 P 1605 279 128 0 0 0 0 -734 16742
17:52:43.819 P 1606 281 131 0 0 0 0 -504 16856
17:52:43.819 P 1607 284 138 0 0 0 0 -362 16708
17:52:43.819 P 1608 286 151 0 0 0 0 -278 16814
17:52:43.819 P 1609 289 164 0 0 0 0 -210 16880
17:52:43.819 P 1610 293 178 0 0 0 0 -448 16808
17:52:43.819 P 1611 297 187 0 0 0 0 -442 16738
17:52:43.819 P 1612 301 198 0 0 0 0 -710 16766
17:52:43.819 P 1613 306 205 0 0 0 0 -904 16874
17:52:43.819 P 1614 312 205 0 0 0 0 -1328 16818
17:52:43.819 P 1615 317 194 0 0 0 0 -1552 16662
17:52:43.819 P 1616 322 179 0 0 0 0 -1664 16602
17:52:43.819 D 8085 0 0.32 0.000 0 0 3.06
17:52:43.819 P 1617 327 166 0 0 0 0 -1736 16636
17:52:43.819 P 1618 331 150 0 0 0 0 -1574 16630
17:52:43.819 P 1619 334 136 0 0 0 0 -1358 16798
17:52:43.819 P 1620 337 127 0 0 0 0 -1156 16792
17:52:43.819 P 1621 340 123 0 0 0 0 -968 16732
17:52:43.819 P 1622 342 123 0 0 0 0 -802 16688
17:52:43.819 P 1623 344 126 0 0 0 0 -638 16724
17:52:43.819 P 1624 347 136 0 0 0 0 -600 16748
17:52:43.819 P 1625 349 144 0 0 0 0 -514 16774
17:52:43.819 P 1626 352 156 0 0 0 0 -486 16812
17:52:43.819 P 1627 355 168 0 0 0 0 -548 16792
17:52:43.819 P 1628 359 184 0 0 0 0 -470 16800
17:52:43.819 P 1629 363 197 0 0 0 0 -622 16902
17:52:43.819 P 1630 368 205 0 0 0 0 -670 16808
17:52:43.819 P 1631 372 215 0 0 0 0 -688 16744
17:52:43.819 P 1632 378 228 0 0 0 0 -1004 16732
17:52:43.819 P 1633 384 228 0 0 0 0 -1008 16734
17:52:43.819 P 1634 389 229 0 0 0 0 -1114 16742
17:52:43.819 P 1635 395 233 0 0 0 0 -1262 16754
17:52:43.819 P 1636 401 230 0 0 0 0 -1300 16728
17:52:43.819 D 8185 0 1.07 0.000 0 0 3.06
17:52:43.819 P 1637 407 226 0 0 0 0 -1224 16712
17:52:43.819 P 1638 413 227 0 0 0 0 -1276 16634
17:52:43.819 P 1639 418 226 0 0 0 0 -1346 16718
17:52:43.819 P 1640 424 222 0 0 0 0 -1312 16714
17:52:43.819 P 1641 429 217 0 0 0 0 -1352 16736
17:52:43.819 P 1642 435 214 0 0 0 0 -1442 16732
17:52:43.819 P 1643 440 211 0 0 0 0 -1502 16682
17:52:43.819 P 1644 446 208 0 0 0 0 -1496 16682
17:52:43.819 P 1645 451 205 0 0 0 0 -1520 16766
17:52:43.819 P 1646 456 200 0 0 0 0 -1514 16718
17:52:43.819 P 1647 461 198 0 0 0 0 -1480 16786
17:52:43.819 P 1648 466 197 0 0 0 0 -1392 16710
17:52:43.819 P 1649 470 195 0 0 0 0 -1304 16644
17:52:43.819 P 1650 475 196 0 0 0 0 -1250 16678
17:52:43.819 P 1651 479 198 0 0 0 0 -1260 16764
17:52:43.819 P 1652 484 200 0 0 0 0 -1312 16738
17:52:43.819 P 1653 489 203 0 0 0 0 -1368 16776
17:52:43.819 P 1654 494 207 0 0 0 0 -1468 16688
17:52:43.819 P 1655 499 205 0 0 0 0 -1496 16666
17:52:43.819 P 1656 504 206 0 0 0 0 -1626 16728
17:52:43.819 D 8285 0 2.14 0.000 0 0 3.06
17:52:43.819 P 1657 509 203 0 0 0 0 -1642 16658
17:52:43.819 P 1658 514 201 0 0 0 0 -1678 16682
17:52:43.819 P 1659 519 195 0 0 0 0 -1768 16708
17:52:43.819 P 1660 524 191 0 0 0 0 -1792 16614
17:52:43.819 P 1661 529 186 0 0 0 0 -1808 16702
17:52:43.819 P 1662 533 180 0 0 0 0 -1852 16696
17:52:43.819 P 1663 538 173 0 0 0 0 -1944 16686
17:52:43.819 P 1664 542 155 0 0 0 0 -2264 16432
17:52:43.819 P 1665 545 140 0 0 0 0 -1742 16816
17:52:43.819 P 1666 549 146 0 0 0 0 -2290 16870
17:52:43.819 P 1667 553 127 0 0 0 0 -2130 16636
17:52:43.819 P 1668 555 107 0 0 0 0 -1856 16596
17:52:43.819 P 1669 557 101 0 0 0 0 -2070 16646
17:52:43.819 P 1670 559 91 0 0 0 0 -2160 16726
17:52:43.819 P 1671 561 79 0 0 0 0 -2014 16702
17:52:43.819 P 1672 562 71 0 0 0 0 -2052 16740
17:52:43.819 P 1673 563 59 0 0 0 0 -2180 16614
17:52:43.819 P 1674 564 45 0 0 0 0 -2176 16618
17:52:43.819 P 1675 565 31 0 0 0 0 -2298 16640
17:52:43.819 P 1676 565 17 0 0 0 0 -2408 16674
17:52:43.819 D 8385 0 2.89 0.000 0 0 3.06
17:52:43.819 P 1677 564 -3 0 0 0 0 -2502 16658
17:52:43.819 P 1678 563 -24 0 0 0 0 -2486 16578
17:52:43.819 P 1679 562 -45 0 0 0 0 -2534 16606
17:52:43.819 P 1680 560 -68 0 0 0 0 -2530 16646
17:52:43.819 P 1681 556 -91 0 0 0 0 -2410 16652
17:52:43.819 P 1682 553 -109 0 0 0 0 -2312 16688
17:52:43.819 P 1683 548 -127 0 0 0 0 -2250 16740
17:52:43.819 P 1684 543 -144 0 0 0 0 -2114 16716
17:52:43.819 P 1685 538 -157 0 0 0 0 -2062 16644
17:52:43.819 P 1686 532 -171 0 0 0 0 -1984 16512
17:52:43.819 P 1687 525 -182 0 0 0 0 -1800 16680
17:52:43.819 P 1688 519 -191 0 0 0 0 -1726 16684
17:52:43.819 P 1689 512 -196 0 0 0 0 -1602 16726
17:52:43.819 P 1690 504 -198 0 0 0 0 -1514 16712
17:52:43.819 P 1691 497 -201 0 0 0 0 -1374 16572
17:52:43.819 P 1692 489 -199 0 0 0 0 -1268 16710
17:52:43.819 P 1693 482 -197 0 0 0 0 -1190 16802
17:52:43.819 P 1694 475 -195 0 0 0 0 -1246 16786
17:52:43.819 P 1695 467 -192 0 0 0 0 -1330 16710
17:52:43.819 P 1696 460 -192 0 0 0 0 -1174 16814
17:52:43.819 D 8485 0 1.87 0.000 0 0 3.06
17:52:43.819 P 1697 453 -187 0 0 0 0 -1148 16672
17:52:43.819 P 1698 446 -185 0 0 0 0 -1094 16598
17:52:43.819 P 1699 439 -181 0 0 0 0 -860 16722
17:52:43.819 P 1700 432 -169 0 0 0 0 -770 16788
17:52:43.819 P 1701 425 -159 0 0 0 0 -712 16790
17:52:43.819 P 1702 418 -148 0 0 0 0 -532 16872
17:52:43.819 P 1703 412 -129 0 0 0 0 -420 16704
17:52:43.819 P 1704 407 -111 0 0 0 0 -414 16658
17:52:43.819 P 1705 402 -96 0 0 0 0 -258 16746
17:52:43.819 P 1706 397 -75 0 0 0 0 -310 16806
17:52:43.819 P 1707 393 -54 0 0 0 0 -448 16818
17:52:43.819 P 1708 390 -38 0 0 0 0 -370 16672
17:52:43.819 P 1709 387 -18 0 0 0 0 -352 16732
17:52:43.819 P 1710 385 2 0 0 0 0 -316 16774
17:52:43.819 P 1711 384 19 0 0 0 0 -380 16800
17:52:43.819 P 1712 383 37 0 0 0 0 -368 16836
17:52:43.819 P 1713 382 54 0 0 0 0 -448 16838
17:52:43.819 P 1714 383 72 0 0 0 0 -466 16676
17:52:43.819 P 1715 383 87 0 0 0 0 -538 16726
17:52:43.819 P 1716 385 103 0 0 0 0 -576 16768
17:52:43.819 D 8585 0 0.89 0.000 0 0 3.06
17:52:43.819 P 1717 386 116 0 0 0 0 -672 16938
17:52:43.819 P 1718 389 126 0 0 0 0 -822 16896
17:52:43.819 P 1719 391 133 0 0 0 0 -964 16798
17:52:43.819 P 1720 394 135 0 0 0 0 -1182 16710
17:52:43.819 P 1721 397 136 0 0 0 0 -1268 16650
17:52:43.819 P 1722 400 134 0 0 0 0 -1398 16682
17:52:43.819 P 1723 403 131 0 0 0 0 -1374 16818
17:52:43.819 P 1724 406 125 0 0 0 0 -1344 16760
17:52:43.819 P 1725 409 121 0 0 0 0 -1458 16822
17:52:43.819 P 1726 411 114 0 0 0 0 -1578 16716
17:52:43.819 P 1727 414 104 0 0 0 0 -1736 16626
17:52:43.819 P 1728 416 92 0 0 0 0 -1750 16626
17:52:43.819 P 1729 418 83 0 0 0 0 -1810 16764
17:52:43.819 P 1730 419 70 0 0 0 0 -1662 16664
17:52:43.819 P 1731 420 58 0 0 0 0 -1486 16656
17:52:43.819 P 1732 420 53 0 0 0 0 -1252 16782
17:52:43.819 P 1733 421 53 0 0 0 0 -1162 16786
17:52:43.819 P 1734 421 54 0 0 0 0 -1028 16802
17:52:43.819 P 1735 421 55 0 0 0 0 -1000 16794
17:52:43.819 P 1736 421 61 0 0 0 0 -928 16694
17:52:43.819 D 8685 0 1.31 0.000 0 0 3.06
17:52:43.819 P 1737 422 68 0 0 0 0 -880 16730
17:52:43.819 P 1738 422 76 0 0 0 0 -892 16804
17:52:43.819 P 1739 424 85 0 0 0 0 -1100 16772
17:52:43.819 P 1740 425 86 0 0 0 0 -1208 16686
17:52:43.819 P 1741 426 88 0 0 0 0 -1014 16660
17:52:43.819 P 1742 428 99 0 0 0 0 -1028 16806
17:52:43.819 P 1743 429 103 0 0 0 0 -854 16740
17:52:43.819 P 1744 430 111 0 0 0 0 -618 16826
17:52:43.819 P 1745 432 126 0 0 0 0 -696 16754
17:52:43.819 P 1746 434 138 0 0 0 0 -632 16766
17:52:43.819 P 1747 437 153 0 0 0 0 -614 16684
17:52:43.819 P 1748 440 171 0 0 0 0 -666 16816
17:52:43.819 P 1749 444 187 0 0 0 0 -676 16770
17:52:43.819 P 1750 448 203 0 0 0 0 -638 16698
17:52:43.819 P 1751 453 220 0 0 0 0 -584 16730
17:52:43.819 P 1752 458 237 0 0 0 0 -698 16798
17:52:43.819 P 1753 464 253 0 0 0 0 -626 16864
17:52:43.819 P 1754 470 271 0 0 0 0 -618 16840
17:52:43.819 P 1755 476 289 0 0 0 0 -576 16784
17:52:43.819 P 1756 484 309 0 0 0 0 -740 16684
17:52:43.819 D 8785 0 1.80 0.000 0 0 3.06
17:52:43.819 P 1757 492 326 0 0 0 0 -1012 16672
17:52:43.819 P 1758 501 336 0 0 0 0 -1288 16722
17:52:43.819 P 1759 510 338 0 0 0 0 -1612 16668
17:52:43.819 P 1760 519 336 0 0 0 0 -1634 16764
17:52:43.819 P 1761 528 335 0 0 0 0 -1600 16724
17:52:43.819 P 1762 537 337 0 0 0 0 -1642 16676
17:52:43.819 P 1763 546 336 0 0 0 0 -1672 16732
17:52:43.819 P 1764 555 335 0 0 0 0 -1606 16738
17:52:43.819 P 1765 564 334 0 0 0 0 -1668 16698
17:52:43.819 P 1766 573 336 0 0 0 0 -1750 16682
17:52:43.819 P 1767 582 335 0 0 0 0 -1836 16698
17:52:43.819 P 1768 591 332 0 0 0 0 -1950 16718
17:52:43.819 P 1769 600 329 0 0 0 0 -2006 16622
17:52:43.819 P 1770 609 324 0 0 0 0 -2092 16658
17:52:43.819 P 1771 618 316 0 0 0 0 -2118 16678
17:52:43.819 P 1772 627 310 0 0 0 0 -2192 16554
17:52:43.819 P 1773 635 302 0 0 0 0 -2348 16712
17:52:43.819 P 1774 643 291 0 0 0 0 -2460 16610
17:52:43.819 P 1775 651 276 0 0 0 0 -2550 16518
17:52:43.819 P 1776 659 261 0 0 0 0 -2792 16628
17:52:43.819 D 8885 0 3.71 0.000 0 0 3.06
17:52:43.819 P 1777 666 239 0 0 0 0 -2956 16582
17:52:43.819 P 1778 672 217 0 0 0 0 -2876 16590
17:52:43.819 P 1779 678 198 0 0 0 0 -2760 16590
17:52:43.819 P 1780 683 178 0 0 0 0 -2796 16558
17:52:43.819 P 1781 688 156 0 0 0 0 -2722 16582
17:52:43.819 P 1782 691 138 0 0 0 0 -2680 16566
17:52:43.819 P 1783 694 124 0 0 0 0 -2540 16474
17:52:43.819 P 1784 697 113 0 0 0 0 -2378 16582
17:52:43.819 P 1785 699 101 0 0 0 0 -2240 16598
17:52:43.819 P 1786 701 96 0 0 0 0 -2204 16652
17:52:43.819 P 1787 702 92 0 0 0 0 -2096 16732
17:52:43.819 P 1788 704 90 0 0 0 0 -2110 16638
17:52:43.819 P 1789 705 87 0 0 0 0 -2092 16562
17:52:43.819 P 1790 707 85 0 0 0 0 -2114 16694
17:52:43.819 P 1791 708 83 0 0 0 0 -2058 16682
17:52:43.819 P 1792 709 83 0 0 0 0 -1928 16688
17:52:43.819 P 1793 711 88 0 0 0 0 -1944 16668
17:52:43.819 P 1794 712 91 0 0 0 0 -1836 16626
17:52:43.819 P 1795 713 96 0 0 0 0 -1784 16666
17:52:43.819 P 1796 714 105 0 0 0 0 -1630 16678
17:52:43.819 D 8985 0 4.28 0.000 0 0 3.06
17:52:43.819 P 1797 716 113 0 0 0 0 -1580 16666
17:52:43.819 P 1798 718 126 0 0 0 0 -1546 16720
17:52:43.819 P 1799 720 140 0 0 0 0 -1562 16670
17:52:43.819 P 1800 723 151 0 0 0 0 -1638 16666
17:52:43.819 P 1801 727 162 0 0 0 0 -1886 16576
17:52:43.819 P 1802 730 169 0 0 0 0 -1958 16530
17:52:43.819 P 1803 734 174 0 0 0 0 -2008 16628
17:52:43.819 P 1804 738 180 0 0 0 0 -1974 16694
17:52:43.819 P 1805 742 185 0 0 0 0 -1880 16678
17:52:43.819 P 1806 746 194 0 0 0 0 -1776 16808
17:52:43.819 P 1807 751 205 0 0 0 0 -1636 16694
17:52:43.819 P 1808 756 218 0 0 0 0 -1622 16640
17:52:43.819 P 1809 761 233 0 0 0 0 -1576 16764
17:52:43.819 P 1810 766 250 0 0 0 0 -1610 16736
17:52:43.819 P 1811 772 268 0 0 0 0 -1636 16658
17:52:43.819 P 1812 779 284 0 0 0 0 -1720 16666
17:52:43.819 P 1813 786 297 0 0 0 0 -1868 16672
17:52:43.819 P 1814 794 307 0 0 0 0 -1984 16642
17:52:44.705 P 1815 802 316 0 0 0 0 -2104 16598
17:52:44.705 P 1816 811 324 0 0 0 0 -2146 16572
17:52:44.705 P 1817 819 333 0 0 0 0 -2136 16646
17:52:44.705 D 9085 0 5.15 0.000 0 0 3.06
17:52:44.705 P 1818 828 343 0 0 0 0 -1994 16606
17:52:44.705 P 1819 837 357 0 0 0 0 -1892 16648
17:52:44.705 P 1820 846 372 0 0 0 0 -1778 16668
17:52:44.705 P 1821 856 389 0 0 0 0 -1704 16598
17:52:44.705 P 1822 866 404 0 0 0 0 -1888 16682
17:52:44.705 P 1823 877 414 0 0 0 0 -2130 16662
17:52:44.705 P 1824 888 422 0 0 0 0 -2326 16546
17:52:44.705 P 1825 900 429 0 0 0 0 -2690 16408
17:52:44.705 P 1826 912 429 0 0 0 0 -3042 16454
17:52:44.705 P 1827 925 422 0 0 0 0 -3154 16412
17:52:44.705 P 1828 937 410 0 0 0 0 -3398 16356
17:52:44.705 P 1829 948 394 0 0 0 0 -3442 16420
17:52:44.705 P 1830 959 378 0 0 0 0 -3376 16490
17:52:44.705 P 1831 970 366 0 0 0 0 -3360 16402
17:52:44.705 P 1832 980 354 0 0 0 0 -3324 16574
17:52:44.705 P 1833 989 343 0 0 0 0 -3210 16470
17:52:44.705 P 1834 998 333 0 0 0 0 -3186 16472
17:52:44.705 P 1835 1007 325 0 0 0 0 -3140 16434
17:52:44.705 P 1836 1016 318 0 0 0 0 -3318 16556
17:52:44.705 D 9185 0 7.29 0.000 0 0 3.06
17:52:44.705 P 1837 1025 308 0 0 0 0 -3554 16340
17:52:44.705 P 1838 1033 294 0 0 0 0 -3660 16486
17:52:44.705 P 1839 1041 279 0 0 0 0 -3748 16390
17:52:44.705 P 1840 1049 260 0 0 0 0 -3942 16342
17:52:44.705 P 1841 1056 239 0 0 0 0 -4014 16424
17:52:44.705 P 1842 1063 216 0 0 0 0 -4164 16334
17:52:44.705 P 1843 1068 187 0 0 0 0 -3926 16368
17:52:44.705 P 1844 1073 169 0 0 0 0 -4064 16408
17:52:44.705 P 1845 1077 151 0 0 0 0 -3840 16602
17:52:44.705 P 1846 1081 135 0 0 0 0 -3864 16424
17:52:44.705 P 1847 1083 118 0 0 0 0 -3306 16312
17:52:44.705 P 1848 1086 111 0 0 0 0 -3210 16360
17:52:44.705 P 1849 1087 106 0 0 0 0 -3034 16498
17:52:44.705 P 1850 1089 108 0 0 0 0 -2870 16514
17:52:44.705 P 1851 1091 113 0 0 0 0 -2854 16544
17:52:44.705 P 1852 1093 122 0 0 0 0 -2624 16502
17:52:44.705 P 1853 1095 138 0 0 0 0 -2644 16404
17:52:44.705 P 1854 1097 148 0 0 0 0 -2328 16574
17:52:44.705 P 1855 1100 168 0 0 0 0 -2526 16592
17:52:44.705 P 1856 1104 185 0 0 0 0 -2606 16672
17:52:44.705 D 9285 0 8.20 0.000 0 0 3.06
17:52:44.705 P 1857 1109 194 0 0 0 0 -3020 16508
17:52:44.705 P 1858 1113 196 0 0 0 0 -3248 16492
17:52:44.705 P 1859 1118 192 0 0 0 0 -3682 16254
17:52:44.705 P 1860 1123 183 0 0 0 0 -3948 16264
17:52:44.705 P 1861 1128 167 0 0 0 0 -4152 16314
17:52:44.705 P 1862 1133 148 0 0 0 0 -4222 16284
17:52:44.705 P 1863 1136 128 0 0 0 0 -4072 16372
17:52:44.705 P 1864 1139 109 0 0 0 0 -3918 16296
17:52:44.705 P 1865 1141 95 0 0 0 0 -3724 16362
17:52:44.705 P 1866 1143 83 0 0 0 0 -3522 16534
17:52:44.705 P 1867 1144 75 0 0 0 0 -3472 16442
17:52:44.705 P 1868 1145 70 0 0 0 0 -3474 16422
17:52:44.705 P 1869 1146 67 0 0 0 0 -3498 16446
17:52:44.705 P 1870 1147 62 0 0 0 0 -3480 16396
17:52:44.705 P 1871 1147 57 0 0 0 0 -3546 16388
17:52:44.705 P 1872 1148 53 0 0 0 0 -3592 16400
17:52:44.705 P 1873 1148 45 0 0 0 0 -3642 16480
17:52:44.705 P 1874 1149 35 0 0 0 0 -3794 16326
17:52:44.705 P 1875 1149 23 0 0 0 0 -3862 16282
17:52:44.705 P 1876 1148 11 0 0 0 0 -3798 16312
17:52:44.705 P 1877 1148 0 0 0 0 0 -3674 16350
17:52:44.705 D 9385 0 8.75 0.000 0 0 3.06
17:52:44.705 P 1878 1146 -8 0 0 0 0 -3596 16472
17:52:44.705 P 1879 1145 -14 0 0 0 0 -3542 16442
17:52:44.705 P 1880 1143 -18 0 0 0 0 -3488 16378
17:52:44.705 P 1881 1142 -23 0 0 0 0 -3510 16418
17:52:44.705 P 1882 1140 -29 0 0 0 0 -3574 16442
17:52:44.705 P 1883 1138 -38 0 0 0 0 -3538 16342
17:52:44.705 P 1884 1135 -46 0 0 0 0 -3386 16444
17:52:44.705 P 1885 1132 -48 0 0 0 0 -3300 16440
17:52:44.705 P 1886 1130 -48 0 0 0 0 -3124 16466
17:52:44.705 P 1887 1127 -45 0 0 0 0 -3018 16506
17:52:44.705 P 1888 1124 -37 0 0 0 0 -2956 16530
17:52:44.705 P 1889 1121 -32 0 0 0 0 -2994 16500
17:52:44.705 P 1890 1119 -29 0 0 0 0 -2940 16586
17:52:44.705 P 1891 1117 -26 0 0 0 0 -3030 16398
17:52:44.705 P 1892 1114 -27 0 0 0 0 -3232 16442
17:52:44.705 P 1893 1113 -25 0 0 0 0 -3414 16490
17:52:44.705 P 1894 1111 -30 0 0 0 0 -3582 16356
17:52:44.705 P 1895 1109 -37 0 0 0 0 -3620 16388
17:52:44.705 P 1896 1107 -49 0 0 0 0 -3688 16346
17:52:44.705 D 9485 0 8.33 0.000 0 0 3.06
17:52:44.705 P 1897 1104 -62 0 0 0 0 -3690 16474
17:52:44.705 P 1898 1101 -70 0 0 0 0 -3534 16444
17:52:44.705 P 1899 1098 -79 0 0 0 0 -3440 16386
17:52:44.705 P 1900 1094 -84 0 0 0 0 -3204 16488
17:52:44.705 P 1901 1090 -89 0 0 0 0 -3172 16398
17:52:44.705 P 1902 1086 -90 0 0 0 0 -3072 16464
17:52:44.705 P 1903 1082 -91 0 0 0 0 -2974 16570
17:52:44.705 P 1904 1078 -87 0 0 0 0 -2958 16484
17:52:44.705 P 1905 1073 -84 0 0 0 0 -2774 16484
17:52:44.705 P 1906 1069 -78 0 0 0 0 -2660 16438
17:52:44.705 P 1907 1065 -70 0 0 0 0 -2602 16550
17:52:44.705 P 1908 1062 -57 0 0 0 0 -2574 16452
17:52:44.705 P 1909 1059 -45 0 0 0 0 -2614 16534
17:52:44.705 P 1910 1056 -37 0 0 0 0 -2716 16512
17:52:44.705 P 1911 1053 -31 0 0 0 0 -2842 16542
17:52:44.705 P 1912 1051 -24 0 0 0 0 -2806 16388
17:52:44.705 P 1913 1049 -18 0 0 0 0 -2728 16434
17:52:44.705 P 1914 1047 -11 0 0 0 0 -2756 16408
17:52:44.705 P 1915 1045 -4 0 0 0 0 -2780 16530
17:52:44.705 P 1916 1044 2 0 0 0 0 -2828 16578
17:52:44.705 D 9585 0 7.60 0.000 0 0 3.06
17:52:44.705 P 1917 1043 6 0 0 0 0 -2890 16566
17:52:44.705 P 1918 1042 8 0 0 0 0 -3100 16492
17:52:44.705 P 1919 1041 8 0 0 0 0 -3146 16382
17:52:44.705 P 1920 1040 5 0 0 0 0 -3210 16414
17:52:44.705 P 1921 1039 2 0 0 0 0 -3178 16468
17:52:44.705 P 1922 1038 -2 0 0 0 0 -3050 16528
17:52:44.705 P 1923 1036 -3 0 0 0 0 -2894 16552
17:52:44.705 P 1924 1035 0 0 0 0 0 -2790 16594
17:52:44.705 P 1925 1033 5 0 0 0 0 -2592 16514
17:52:44.705 P 1926 1032 16 0 0 0 0 -2390 16538
17:52:44.705 P 1927 1031 33 0 0 0 0 -2152 16632
17:52:44.705 P 1928 1030 54 0 0 0 0 -2054 16538
17:52:44.705 P 1929 1030 74 0 0 0 0 -2128 16626
17:52:44.705 P 1930 1031 92 0 0 0 0 -2262 16602
17:52:44.705 P 1931 1032 101 0 0 0 0 -2316 16604
17:52:44.705 P 1932 1033 112 0 0 0 0 -2576 16568
17:52:44.705 P 1933 1036 121 0 0 0 0 -3002 16466
17:52:44.705 P 1934 1039 126 0 0 0 0 -3334 16342
17:52:44.705 P 1935 1042 122 0 0 0 0 -3600 16392
17:52:44.705 P 1936 1045 108 0 0 0 0 -3766 16432
17:52:44.705 P 1937 1047 92 0 0 0 0 -3680 16444
17:52:44.705 D 9685 0 7.57 0.000 0 0 3.06
17:52:44.705 P 1938 1049 77 0 0 0 0 -3668 16504
17:52:44.705 P 1939 1050 64 0 0 0 0 -3546 16518
17:52:44.705 P 1940 1051 51 0 0 0 0 -3398 16492
17:52:44.705 P 1941 1051 41 0 0 0 0 -3216 16578
17:52:44.705 P 1942 1051 36 0 0 0 0 -3096 16588
17:52:44.705 P 1943 1050 33 0 0 0 0 -2960 16504
17:52:44.705 P 1944 1050 32 0 0 0 0 -2966 16468
17:52:44.705 P 1945 1049 32 0 0 0 0 -2942 16528
17:52:44.705 P 1946 1049 34 0 0 0 0 -2922 16538
17:52:44.705 P 1947 1049 36 0 0 0 0 -2976 16578
17:52:44.705 P 1948 1048 38 0 0 0 0 -2824 16468
17:52:44.705 P 1949 1048 41 0 0 0 0 -2808 16540
17:52:44.705 P 1950 1048 49 0 0 0 0 -2680 16494
17:52:44.705 P 1951 1048 55 0 0 0 0 -2740 16500
17:52:44.705 P 1952 1048 62 0 0 0 0 -2734 16554
17:52:44.705 P 1953 1049 70 0 0 0 0 -2806 16492
17:52:44.705 P 1954 1050 77 0 0 0 0 -2998 16332
17:52:44.705 P 1955 1051 76 0 0 0 0 -3332 16326
17:52:44.705 P 1956 1053 67 0 0 0 0 -3680 16408
17:52:44.705 D 9785 0 7.67 0.000 0 0 3.06
17:52:44.705 P 1957 1054 51 0 0 0 0 -3976 16372
17:52:44.705 P 1958 1055 31 0 0 0 0 -4058 16260
17:52:44.705 P 1959 1055 8 0 0 0 0 -3934 16332
17:52:44.705 P 1960 1054 -12 0 0 0 0 -3844 16384
17:52:44.705 P 1961 1053 -27 0 0 0 0 -3490 16558
17:52:44.705 P 1962 1050 -39 0 0 0 0 -3138 16474
17:52:44.705 P 1963 1047 -43 0 0 0 0 -2776 16514
17:52:44.705 P 1964 1044 -39 0 0 0 0 -2446 16518
17:52:44.705 P 1965 1041 -29 0 0 0 0 -2322 16538
17:52:44.705 P 1966 1039 -15 0 0 0 0 -2338 16630
17:52:44.705 P 1967 1037 2 0 0 0 0 -2416 16526
17:52:44.705 P 1968 1036 16 0 0 0 0 -2500 16554
17:52:44.705 P 1969 1035 28 0 0 0 0 -2396 16650
17:52:44.705 P 1970 1034 45 0 0 0 0 -2236 16524
17:52:44.705 P 1971 1033 63 0 0 0 0 -2198 16564
17:52:44.705 P 1972 1034 80 0 0 0 0 -2224 16586
17:52:44.705 P 1973 1035 96 0 0 0 0 -2324 16568
17:52:44.705 P 1974 1036 113 0 0 0 0 -2612 16528
17:52:44.705 P 1975 1039 125 0 0 0 0 -2772 16406
17:52:44.705 P 1976 1041 130 0 0 0 0 -2992 16396
17:52:44.705 P 1977 1044 131 0 0 0 0 -3152 16516
17:52:44.705 D 9885 0 7.47 0.000 0 0 3.06
17:52:44.705 P 1978 1047 131 0 0 0 0 -3092 16606
17:52:44.705 P 1979 1050 130 0 0 0 0 -3156 16478
17:52:45.186 mpu_set_sensor complete ......
17:52:45.389 mpu_set_sensor complete ......
17:52:45.389 mpu_configure_fifo complete ......
17:52:45.389 mpu_set_sample_rate complete ......
17:52:45.840 dmp_load_motion_driver_firmware complete ......
17:52:45.840 dmp_set_orientation complete ......
17:52:45.840 dmp_enable_feature complete ......
17:52:45.840 dmp_set_fifo_rate complete ......
17:52:46.705 mpu_set_dmp_state complete ......
17:52:50.971 mode 28 RL
17:52:51.154 P 1 821 10 0 0 0 0 -2400 16616
17:52:51.154 P 2 781 -2 0 0 0 0 -2172 16510
17:52:51.154 P 3 755 -17 0 0 0 0 -2160 16676
17:52:51.154 P 4 707 -29 0 0 0 0 -1962 16588
17:52:51.154 P 5 679 -36 0 0 0 0 -1972 16592
17:52:51.154 P 6 650 -42 0 0 0 0 -1896 16696
17:52:51.154 P 7 613 -51 0 0 0 0 -1758 16740
17:52:51.154 P 8 573 -53 0 0 0 0 -1640 16768
17:52:51.154 P 9 537 -55 0 0 0 0 -1566 16840
17:52:51.154 P 10 483 -51 0 0 0 0 -1288 16786
17:52:51.154 P 11 427 -41 0 0 0 0 -1116 16730
17:52:51.154 P 12 386 -32 0 0 0 0 -1106 16704
17:52:51.154 P 13 347 -18 0 0 0 0 -1018 16788
17:52:51.154 P 14 314 -3 0 0 0 0 -968 16842
17:52:51.154 P 15 296 13 0 0 0 0 -1038 16666
17:52:51.154 P 16 301 24 0 0 0 0 -1272 16674
17:52:51.154 P 17 314 30 0 0 0 0 -1382 16646
17:52:51.154 P 18 340 34 0 0 0 0 -1596 16700
17:52:51.154 P 19 375 34 0 0 0 0 -1786 16756
17:52:51.154 P 20 403 32 0 0 0 0 -1772 16674
17:52:51.154 P 21 424 28 0 0 0 0 -1718 16676
17:52:51.154 P 22 439 24 0 0 0 0 -1668 16696
17:52:51.154 P 23 455 20 0 0 0 0 -1724 16780
17:52:51.154 P 24 463 16 0 0 0 0 -1608 16704
17:52:51.154 P 25 465 16 0 0 0 0 -1510 16688
17:52:51.154 P 26 469 18 0 0 0 0 -1556 16672
17:52:51.154 P 27 472 19 0 0 0 0 -1538 16746
17:52:51.154 P 28 471 21 0 0 0 0 -1472 16722
17:52:51.154 P 29 471 22 0 0 0 0 -1474 16616
17:52:51.154 P 30 469 22 0 0 0 0 -1442 16844
17:52:51.154 P 31 470 27 0 0 0 0 -1498 16854
17:52:51.154 P 32 453 35 0 0 0 0 -1048 16676
17:52:51.154 P 33 421 53 0 0 0 0 -608 16674
17:52:51.154 P 34 377 80 0 0 0 0 -178 16832
17:52:51.154 P 35 339 112 0 0 0 0 -226 16976
17:52:51.356 D 255 1 7.99 0.000 0 0 0.00
17:52:51.356 P 36 302 142 0 0 0 0 -132 16880
17:52:51.356 P 37 296 176 0 0 0 0 -874 16732
17:52:51.356 P 38 296 200 0 0 0 0 -986 16624
17:52:51.356 P 39 314 224 0 0 0 0 -1492 16546
17:52:51.356 P 40 344 233 0 0 0 0 -1902 16438
17:52:51.356 P 41 374 224 0 0 0 0 -2028 16708
17:52:51.356 P 42 408 212 0 0 0 0 -2196 16592
17:52:51.356 P 43 446 196 0 0 0 0 -2458 16750
17:52:51.356 P 44 476 174 0 0 0 0 -2272 16450
17:52:51.356 P 45 506 156 0 0 0 0 -2406 16632
17:52:51.356 P 46 528 142 0 0 0 0 -2208 16656
17:52:51.356 P 47 552 134 0 0 0 0 -2344 16638
17:52:51.356 P 48 585 118 0 0 0 0 -2790 16734
17:52:51.356 P 49 615 85 0 0 0 0 -2788 16798
17:52:51.356 P 50 644 66 0 0 0 0 -2824 16610
17:52:51.356 P 51 668 49 0 0 0 0 -2728 16530
17:52:51.356 P 52 678 18 0 0 0 0 -2280 16706
17:52:51.356 P 53 694 0 0 0 0 0 -2584 16910
17:52:51.356 P 54 712 -25 0 0 0 0 -2736 16764
17:52:51.356 P 55 727 -47 0 0 0 0 -2650 16606
17:52:51.356 P 56 742 -64 0 0 0 0 -2698 16400
17:52:51.356 P 57 754 -88 0 0 0 0 -2616 16466
17:52:51.356 P 58 750 -112 0 0 0 0 -2006 16564
17:52:51.356 P 59 740 -115 0 0 0 0 -1776 16668
17:52:51.356 P 60 727 -118 0 0 0 0 -1580 16804
17:52:51.356 P 61 701 -119 0 0 0 0 -1012 16860
17:52:51.356 P 62 667 -104 0 0 0 0 -468 16594
17:52:51.356 P 63 634 -68 0 0 0 0 -408 16416
17:52:51.356 P 64 592 -41 0 0 0 0 98 16850
17:52:51.356 P 65 558 0 0 0 0 0 -80 17074
17:52:51.356 P 66 536 36 0 0 0 0 -540 16996
17:52:51.356 P 67 518 61 0 0 0 0 -640 16666
17:52:51.356 P 68 505 86 0 0 0 0 -814 16664
17:52:51.356 P 69 497 108 0 0 0 0 -1050 16702
17:52:51.356 P 70 493 121 0 0 0 0 -1170 16900
17:52:51.356 P 71 492 131 0 0 0 0 -1318 16794
17:52:51.356 P 72 492 141 0 0 0 0 -1400 16790
17:52:51.356 P 73 496 148 0 0 0 0 -1524 16596
17:52:51.356 P 74 502 151 0 0 0 0 -1652 16658
17:52:51.356 P 75 508 151 0 0 0 0 -1726 16718
17:52:51.356 P 76 515 150 0 0 0 0 -1758 16742
17:52:51.573 D 460 1 7.85 0.000 0 0 0.00
17:52:51.573 P 77 523 147 0 0 0 0 -1860 16686
17:52:51.573 P 78 530 146 0 0 0 0 -1814 16736
17:52:51.573 P 79 537 143 0 0 0 0 -1850 16630
17:52:51.573 P 80 545 138 0 0 0 0 -1898 16662
17:52:51.573 P 81 551 136 0 0 0 0 -1844 16718
17:52:51.573 P 82 558 131 0 0 0 0 -1940 16784
17:52:51.573 P 83 565 128 0 0 0 0 -1918 16610
17:52:51.573 P 84 571 122 0 0 0 0 -1908 16658
17:52:51.573 P 85 575 119 0 0 0 0 -1838 16676
17:52:51.573 P 86 581 115 0 0 0 0 -1906 16642
17:52:51.573 P 87 585 113 0 0 0 0 -1852 16694
17:52:51.573 P 88 590 111 0 0 0 0 -1914 16696
17:52:51.573 P 89 594 110 0 0 0 0 -1862 16630
17:52:51.573 P 90 597 109 0 0 0 0 -1792 16626
17:52:51.573 P 91 600 111 0 0 0 0 -1838 16690
17:52:51.573 P 92 603 107 0 0 0 0 -1836 16672
17:52:51.573 P 93 606 107 0 0 0 0 -1822 16652
17:52:51.573 P 94 609 107 0 0 0 0 -1866 16658
17:52:51.573 P 95 612 108 0 0 0 0 -1842 16648
17:52:51.573 P 96 614 107 0 0 0 0 -1782 16624
17:52:51.573 P 97 616 106 0 0 0 0 -1812 16644
17:52:51.573 P 98 618 108 0 0 0 0 -1810 16616
17:52:51.573 P 99 621 107 0 0 0 0 -1864 16662
17:52:51.573 P 100 623 107 0 0 0 0 -1854 16628
17:52:51.573 P 101 626 109 0 0 0 0 -1916 16742
17:52:51.573 P 102 630 106 0 0 0 0 -1940 16668
17:52:51.573 P 103 634 102 0 0 0 0 -2006 16664
17:52:51.573 P 104 638 101 0 0 0 0 -2064 16712
17:52:51.573 P 105 642 100 0 0 0 0 -2040 16676
17:52:51.573 P 106 645 97 0 0 0 0 -2004 16750
17:52:51.573 P 107 649 91 0 0 0 0 -2014 16612
17:52:51.573 P 108 651 89 0 0 0 0 -1954 16668
17:52:51.573 P 109 653 88 0 0 0 0 -1960 16714
17:52:51.573 P 110 655 85 0 0 0 0 -1958 16664
17:52:51.573 P 111 657 84 0 0 0 0 -1962 16702
17:52:51.573 P 112 659 82 0 0 0 0 -1944 16704
17:52:51.573 P 113 661 82 0 0 0 0 -2014 16626
17:52:51.573 P 114 664 81 0 0 0 0 -2076 16664
17:52:51.573 P 115 667 77 0 0 0 0 -2070 16650
17:52:51.573 P 116 671 75 0 0 0 0 -2148 16574
17:52:51.573 P 117 673 69 0 0 0 0 -2096 16588
17:52:51.573 P 118 676 66 0 0 0 0 -2100 16794
17:52:51.774 D 670 1 8.25 0.000 0 0 0.00
17:52:51.774 P 119 678 60 0 0 0 0 -2120 16768
17:52:51.774 P 120 680 55 0 0 0 0 -2100 16588
17:52:51.774 P 121 682 52 0 0 0 0 -2112 16662
17:52:51.774 P 122 684 48 0 0 0 0 -2062 16662
17:52:51.774 P 123 684 46 0 0 0 0 -2026 16710
17:52:51.774 P 124 684 44 0 0 0 0 -1974 16686
17:52:51.774 P 125 684 42 0 0 0 0 -1958 16740
17:52:51.774 P 126 684 42 0 0 0 0 -1946 16664
17:52:51.774 P 127 684 40 0 0 0 0 -1942 16748
17:52:51.774 P 128 684 42 0 0 0 0 -2006 16574
17:52:51.774 P 129 685 42 0 0 0 0 -2034 16724
17:52:51.774 P 130 685 41 0 0 0 0 -2002 16766
17:52:51.774 P 131 687 40 0 0 0 0 -2110 16612
17:52:51.774 P 132 688 37 0 0 0 0 -2074 16572
17:52:51.774 P 133 688 34 0 0 0 0 -2082 16686
17:52:51.774 P 134 689 30 0 0 0 0 -2070 16628
17:52:51.774 P 135 690 26 0 0 0 0 -2102 16654
17:52:51.774 P 136 691 22 0 0 0 0 -2102 16560
17:52:51.774 P 137 691 19 0 0 0 0 -2066 16650
17:52:51.774 P 138 691 15 0 0 0 0 -2078 16648
17:52:51.774 P 139 690 11 0 0 0 0 -1992 16604
17:52:51.774 P 140 689 10 0 0 0 0 -1920 16604
17:52:51.774 P 141 687 10 0 0 0 0 -1894 16624
17:52:51.774 P 142 685 10 0 0 0 0 -1852 16650
17:52:51.774 P 143 684 12 0 0 0 0 -1898 16636
17:52:51.774 P 144 682 14 0 0 0 0 -1822 16636
17:52:51.774 P 145 680 14 0 0 0 0 -1826 16682
17:52:51.774 P 146 678 17 0 0 0 0 -1812 16710
17:52:51.774 P 147 676 20 0 0 0 0 -1846 16716
17:52:51.774 P 148 675 22 0 0 0 0 -1874 16668
17:52:51.774 P 149 675 21 0 0 0 0 -1944 16668
17:52:51.774 P 150 675 19 0 0 0 0 -2022 16666
17:52:51.774 P 151 675 19 0 0 0 0 -2056 16704
17:52:51.774 P 152 675 15 0 0 0 0 -2074 16610
17:52:51.774 P 153 676 10 0 0 0 0 -2098 16576
17:52:51.774 P 154 676 6 0 0 0 0 -2090 16586
17:52:51.774 P 155 676 1 0 0 0 0 -2094 16692
17:52:51.774 P 156 676 -5 0 0 0 0 -2050 16666
17:52:51.774 P 157 675 -8 0 0 0 0 -2016 16672
17:52:51.774 P 158 674 -10 0 0 0 0 -1954 16610
17:52:51.774 P 159 672 -11 0 0 0 0 -1850 16618
17:52:51.774 P 160 670 -10 0 0 0 0 -1854 16682
17:52:51.991 D 880 1 7.80 0.000 0 0 0.00
17:52:51.991 P 161 667 -7 0 0 0 0 -1708 16662
17:52:51.991 P 162 663 -5 0 0 0 0 -1630 16664
17:52:51.991 P 163 659 2 0 0 0 0 -1606 16618
17:52:51.991 P 164 655 8 0 0 0 0 -1500 16702
17:52:51.991 P 165 651 15 0 0 0 0 -1546 16724
17:52:51.991 P 166 648 22 0 0 0 0 -1522 16690
17:52:51.991 P 167 645 30 0 0 0 0 -1544 16754
17:52:51.991 P 168 643 35 0 0 0 0 -1626 16686
17:52:51.991 P 169 641 41 0 0 0 0 -1638 16644
17:52:51.991 P 170 640 45 0 0 0 0 -1662 16666
17:52:51.991 P 171 639 48 0 0 0 0 -1716 16598
17:52:51.991 P 172 638 52 0 0 0 0 -1744 16708
17:52:51.991 P 173 638 55 0 0 0 0 -1762 16628
17:52:51.991 P 174 638 56 0 0 0 0 -1858 16656
17:52:51.991 P 175 639 57 0 0 0 0 -1850 16650
17:52:51.991 P 176 639 57 0 0 0 0 -1876 16650
17:52:51.991 P 177 640 56 0 0 0 0 -1910 16728
17:52:51.991 P 178 641 56 0 0 0 0 -1924 16714
17:52:51.991 P 179 642 56 0 0 0 0 -1890 16580
17:52:51.991 P 180 643 54 0 0 0 0 -1900 16688
17:52:51.991 P 181 643 51 0 0 0 0 -1918 16658
17:52:51.991 P 182 645 50 0 0 0 0 -2038 16762
17:52:51.991 P 183 645 47 0 0 0 0 -1916 16756
17:52:51.991 P 184 646 44 0 0 0 0 -1966 16754
17:52:51.991 P 185 647 41 0 0 0 0 -2024 16660
17:52:51.991 P 186 648 37 0 0 0 0 -1992 16636
17:52:51.991 P 187 649 34 0 0 0 0 -2048 16646
17:52:51.991 P 188 649 29 0 0 0 0 -2012 16708
17:52:51.991 P 189 650 24 0 0 0 0 -2042 16500
17:52:51.991 P 190 650 20 0 0 0 0 -1934 16582
17:52:51.991 P 191 650 16 0 0 0 0 -2016 16648
17:52:51.991 P 192 650 12 0 0 0 0 -1962 16660
17:52:51.991 P 193 650 10 0 0 0 0 -2036 16706
17:52:51.991 P 194 650 7 0 0 0 0 -2040 16744
17:52:51.991 P 195 649 2 0 0 0 0 -1940 16704
17:52:51.991 P 196 649 -1 0 0 0 0 -1940 16648
17:52:51.991 P 197 648 -3 0 0 0 0 -1966 16612
17:52:51.991 P 198 647 -7 0 0 0 0 -1986 16646
17:52:51.991 P 199 647 -10 0 0 0 0 -1994 16686
17:52:51.991 P 200 646 -13 0 0 0 0 -1960 16692
17:52:51.991 P 201 645 -17 0 0 0 0 -1948 16616
17:52:51.991 P 202 643 -20 0 0 0 0 -1906 16646
17:52:52.206 D 1090 1 7.31 0.000 0 0 0.00
17:52:52.206 P 203 642 -21 0 0 0 0 -1940 16594
17:52:52.206 P 204 640 -25 0 0 0 0 -1914 16732
17:52:52.206 P 205 638 -28 0 0 0 0 -1844 16710
17:52:52.206 P 206 637 -30 0 0 0 0 -1900 16652
17:52:52.206 P 207 635 -31 0 0 0 0 -1938 16582
17:52:52.206 P 208 633 -34 0 0 0 0 -1898 16700
17:52:52.206 P 209 631 -36 0 0 0 0 -1806 16624
17:52:52.206 P 210 628 -37 0 0 0 0 -1754 16612
17:52:52.206 P 211 625 -37 0 0 0 0 -1658 16684
17:52:52.206 P 212 622 -37 0 0 0 0 -1628 16744
17:52:52.206 P 213 618 -33 0 0 0 0 -1598 16814
17:52:52.206 P 214 615 -30 0 0 0 0 -1558 16732
17:52:52.206 P 215 611 -25 0 0 0 0 -1462 16782
17:52:52.206 P 216 607 -20 0 0 0 0 -1534 16680
17:52:52.206 P 217 604 -13 0 0 0 0 -1538 16682
17:52:52.206 P 218 602 -8 0 0 0 0 -1536 16682
17:52:52.206 P 219 599 -5 0 0 0 0 -1596 16708
17:52:52.206 P 220 597 -2 0 0 0 0 -1560 16690
17:52:52.206 P 221 595 3 0 0 0 0 -1560 16630
17:52:52.206 P 222 593 6 0 0 0 0 -1544 16720
17:52:52.206 P 223 591 10 0 0 0 0 -1632 16692
17:52:52.206 P 224 590 14 0 0 0 0 -1646 16700
17:52:52.206 P 225 589 16 0 0 0 0 -1582 16744
17:52:52.206 P 226 587 20 0 0 0 0 -1564 16746
17:52:52.206 P 227 586 24 0 0 0 0 -1602 16658
17:52:52.206 P 228 585 23 0 0 0 0 -1610 16680
17:52:52.206 P 229 584 26 0 0 0 0 -1552 16664
17:52:52.206 P 230 582 29 0 0 0 0 -1510 16748
17:52:52.206 P 231 580 32 0 0 0 0 -1444 16654
17:52:52.206 P 232 579 36 0 0 0 0 -1514 16738
17:52:52.206 P 233 578 41 0 0 0 0 -1512 16654
17:52:52.206 P 234 577 47 0 0 0 0 -1512 16738
17:52:52.206 P 235 576 51 0 0 0 0 -1486 16752
17:52:52.206 P 236 576 56 0 0 0 0 -1510 16666
17:52:52.206 P 237 576 58 0 0 0 0 -1544 16700
17:52:52.206 P 238 576 60 0 0 0 0 -1624 16682
17:52:52.206 P 239 576 63 0 0 0 0 -1644 16648
17:52:52.206 P 240 577 65 0 0 0 0 -1706 16730
17:52:52.206 P 241 578 66 0 0 0 0 -1722 16684
17:52:52.206 P 242 579 63 0 0 0 0 -1684 16694
17:52:52.206 P 243 579 62 0 0 0 0 -1694 16666
17:52:52.206 P 244 580 61 0 0 0 0 -1792 16744
17:52:52.206 P 245 581 58 0 0 0 0 -1748 16604
17:52:52.408 D 1305 1 7.21 0.000 0 0 0.00
17:52:52.408 P 246 583 58 0 0 0 0 -1840 16724
17:52:52.408 P 247 583 55 0 0 0 0 -1788 16760
17:52:52.408 P 248 584 53 0 0 0 0 -1812 16694
17:52:52.408 P 249 585 52 0 0 0 0 -1764 16662
17:52:52.408 P 250 586 49 0 0 0 0 -1772 16762
17:52:52.408 P 251 586 49 0 0 0 0 -1780 16686
17:52:52.408 P 252 586 48 0 0 0 0 -1726 16682
17:52:52.408 P 253 587 47 0 0 0 0 -1788 16658
17:52:52.408 P 254 588 45 0 0 0 0 -1772 16646
17:52:52.408 P 255 589 46 0 0 0 0 -1880 16686
17:52:52.408 P 256 589 43 0 0 0 0 -1834 16712
17:52:52.408 P 257 590 39 0 0 0 0 -1888 16600
17:52:52.408 P 258 591 34 0 0 0 0 -1846 16696
17:52:52.408 P 259 591 32 0 0 0 0 -1850 16668
17:52:52.408 P 260 592 28 0 0 0 0 -1912 16660
17:52:52.408 P 261 592 23 0 0 0 0 -1884 16610
17:52:52.408 P 262 592 18 0 0 0 0 -1868 16678
17:52:52.408 P 263 592 14 0 0 0 0 -1890 16656
17:52:52.408 P 264 593 8 0 0 0 0 -2010 16724
17:52:52.408 P 265 592 4 0 0 0 0 -1812 16684
17:52:52.408 P 266 591 -1 0 0 0 0 -1824 16692
17:52:52.408 P 267 590 -4 0 0 0 0 -1802 16694
17:52:52.408 P 268 589 -5 0 0 0 0 -1734 16640
17:52:52.408 P 269 588 -7 0 0 0 0 -1710 16752
17:52:52.408 P 270 586 -7 0 0 0 0 -1658 16654
17:52:52.408 P 271 584 -6 0 0 0 0 -1614 16644
17:52:52.408 P 272 582 -6 0 0 0 0 -1590 16590
17:52:52.408 P 273 580 -3 0 0 0 0 -1574 16664
17:52:52.408 P 274 578 -4 0 0 0 0 -1530 16674
17:52:52.408 P 275 576 -1 0 0 0 0 -1532 16728
17:52:52.408 P 276 575 1 0 0 0 0 -1550 16708
17:52:52.408 P 277 573 6 0 0 0 0 -1540 16688
17:52:52.408 P 278 571 9 0 0 0 0 -1488 16768
17:52:52.408 P 279 569 12 0 0 0 0 -1512 16652
17:52:52.408 P 280 568 16 0 0 0 0 -1508 16650
17:52:52.408 P 281 567 20 0 0 0 0 -1474 16656
17:52:52.408 P 282 565 23 0 0 0 0 -1524 16556
17:52:52.408 P 283 564 27 0 0 0 0 -1510 16666
17:52:52.408 P 284 563 31 0 0 0 0 -1486 16788
17:52:52.408 P 285 562 34 0 0 0 0 -1426 16762
17:52:52.408 P 286 561 41 0 0 0 0 -1348 16642
17:52:52.625 D 1510 1 7.05 0.000 0 0 0.00
17:52:52.625 P 287 560 44 0 0 0 0 -1434 16652
17:52:52.625 P 288 559 50 0 0 0 0 -1376 16678
17:52:52.625 P 289 558 56 0 0 0 0 -1378 16674
17:52:52.625 P 290 557 62 0 0 0 0 -1292 16750
17:52:52.625 P 291 557 70 0 0 0 0 -1322 16682
17:52:52.625 P 292 556 77 0 0 0 0 -1384 16728
17:52:52.625 P 293 557 84 0 0 0 0 -1384 16694
17:52:52.625 P 294 557 94 0 0 0 0 -1402 16694
17:52:52.625 P 295 558 99 0 0 0 0 -1450 16708
17:52:52.625 P 296 559 103 0 0 0 0 -1512 16708
17:52:52.625 P 297 561 107 0 0 0 0 -1578 16634
17:52:52.625 P 298 563 111 0 0 0 0 -1604 16734
17:52:52.625 P 299 565 114 0 0 0 0 -1680 16710
17:52:52.625 P 300 568 113 0 0 0 0 -1710 16698
17:52:52.625 P 301 570 112 0 0 0 0 -1786 16650
17:52:52.625 P 302 573 109 0 0 0 0 -1896 16700
17:52:52.625 P 303 576 106 0 0 0 0 -1860 16762
17:52:52.625 P 304 579 102 0 0 0 0 -1966 16656
17:52:52.625 P 305 582 96 0 0 0 0 -2008 16656
17:52:52.625 P 306 585 90 0 0 0 0 -2002 16652
17:52:52.625 P 307 588 83 0 0 0 0 -2040 16596
17:52:52.625 P 308 590 73 0 0 0 0 -2096 16586
17:52:52.625 P 309 593 67 0 0 0 0 -2102 16718
17:52:52.625 P 310 594 59 0 0 0 0 -1996 16680
17:52:52.625 P 311 596 52 0 0 0 0 -1960 16594
17:52:52.625 P 312 597 47 0 0 0 0 -1960 16604
17:52:52.625 P 313 598 39 0 0 0 0 -1918 16638
17:52:52.625 P 314 598 34 0 0 0 0 -1862 16654
17:52:52.625 P 315 598 30 0 0 0 0 -1854 16666
17:52:52.625 P 316 598 28 0 0 0 0 -1810 16714
17:52:52.625 P 317 598 25 0 0 0 0 -1866 16754
17:52:52.625 P 318 598 23 0 0 0 0 -1862 16710
17:52:52.625 P 319 598 20 0 0 0 0 -1798 16716
17:52:52.625 P 320 597 19 0 0 0 0 -1738 16704
17:52:52.625 P 321 596 18 0 0 0 0 -1728 16766
17:52:52.625 P 322 595 19 0 0 0 0 -1646 16716
17:52:52.625 P 323 594 19 0 0 0 0 -1716 16716
17:52:52.625 P 324 593 21 0 0 0 0 -1614 16744
17:52:52.625 P 325 592 23 0 0 0 0 -1632 16714
17:52:52.625 P 326 592 26 0 0 0 0 -1614 16636
17:52:52.625 P 327 590 28 0 0 0 0 -1566 16682
17:52:52.625 P 328 589 32 0 0 0 0 -1496 16692
17:52:52.625 P 329 588 36 0 0 0 0 -1544 16746
17:52:52.844 D 1725 1 7.22 0.000 0 0 0.00
17:52:52.844 P 330 587 38 0 0 0 0 -1500 16836
17:52:52.844 P 331 587 45 0 0 0 0 -1548 16636
17:52:52.844 P 332 586 50 0 0 0 0 -1532 16646
17:52:52.844 P 333 586 54 0 0 0 0 -1516 16648
17:52:52.844 P 334 586 58 0 0 0 0 -1534 16814
17:52:52.844 P 335 586 62 0 0 0 0 -1556 16690
17:52:52.844 P 336 586 65 0 0 0 0 -1586 16674
17:52:52.844 P 337 586 68 0 0 0 0 -1560 16720
17:52:52.844 P 338 587 73 0 0 0 0 -1590 16610
17:52:52.844 P 339 587 74 0 0 0 0 -1620 16788
17:52:52.844 P 340 588 78 0 0 0 0 -1664 16686
17:52:52.844 P 341 589 81 0 0 0 0 -1646 16592
17:52:52.844 P 342 590 84 0 0 0 0 -1582 16680
17:52:52.844 P 343 591 85 0 0 0 0 -1624 16784
17:52:52.844 P 344 591 88 0 0 0 0 -1602 16660
17:52:52.844 P 345 593 92 0 0 0 0 -1688 16770
17:52:52.844 P 346 594 94 0 0 0 0 -1692 16694
17:52:52.844 P 347 595 96 0 0 0 0 -1652 16748
17:52:52.844 P 348 597 99 0 0 0 0 -1676 16774
17:52:52.844 P 349 599 100 0 0 0 0 -1758 16716
17:52:52.844 P 350 601 103 0 0 0 0 -1744 16660
17:52:52.844 P 351 602 103 0 0 0 0 -1754 16792
17:52:52.844 P 352 605 104 0 0 0 0 -1848 16732
17:52:52.844 P 353 607 104 0 0 0 0 -1810 16618
17:52:52.844 P 354 609 104 0 0 0 0 -1830 16594
17:52:52.844 P 355 611 100 0 0 0 0 -1884 16594
17:52:52.844 P 356 614 98 0 0 0 0 -2026 16684
17:52:52.844 P 357 616 96 0 0 0 0 -1996 16706
17:52:52.844 P 358 618 93 0 0 0 0 -2014 16686
17:52:52.844 P 359 620 88 0 0 0 0 -2004 16660
17:52:52.844 P 360 623 84 0 0 0 0 -2020 16606
17:52:52.844 P 361 624 80 0 0 0 0 -2014 16684
17:52:52.844 P 362 626 76 0 0 0 0 -2034 16596
17:52:52.844 P 363 628 70 0 0 0 0 -2022 16580
17:52:52.844 P 364 629 66 0 0 0 0 -2018 16728
17:52:52.844 P 365 631 61 0 0 0 0 -1996 16628
17:52:52.844 P 366 632 56 0 0 0 0 -2056 16598
17:52:52.844 P 367 633 50 0 0 0 0 -2110 16736
17:52:52.844 P 368 634 45 0 0 0 0 -2042 16662
17:52:52.844 P 369 635 39 0 0 0 0 -2126 16728
17:52:52.844 P 370 636 33 0 0 0 0 -2112 16686
17:52:52.844 P 371 636 27 0 0 0 0 -2142 16724
17:52:52.844 P 372 637 20 0 0 0 0 -2140 16572
17:52:53.046 D 1940 1 7.41 0.000 0 0 0.00
17:52:53.046 P 373 637 12 0 0 0 0 -2090 16656
17:52:53.046 P 374 636 5 0 0 0 0 -2050 16672
17:52:53.046 P 375 636 0 0 0 0 0 -2046 16668
17:52:53.046 P 376 635 -5 0 0 0 0 -1986 16690
17:52:53.046 P 377 634 -6 0 0 0 0 -1946 16638
17:52:53.046 P 378 633 -8 0 0 0 0 -1900 16646
17:52:53.046 P 379 631 -11 0 0 0 0 -1882 16642
17:52:53.046 P 380 630 -12 0 0 0 0 -1790 16678
17:52:53.046 P 381 628 -14 0 0 0 0 -1792 16726
17:52:53.046 P 382 626 -13 0 0 0 0 -1708 16600
17:52:53.046 P 383 624 -12 0 0 0 0 -1720 16738
17:52:53.046 P 384 622 -11 0 0 0 0 -1670 16734
17:52:53.046 P 385 620 -10 0 0 0 0 -1782 16630
17:52:53.046 P 386 618 -7 0 0 0 0 -1684 16694
17:52:53.046 P 387 616 -5 0 0 0 0 -1712 16764
17:52:53.046 P 388 615 -3 0 0 0 0 -1732 16652
17:52:53.046 P 389 613 -2 0 0 0 0 -1720 16700
17:52:53.046 P 390 612 -1 0 0 0 0 -1676 16680
17:52:53.046 P 391 610 2 0 0 0 0 -1684 16712
17:52:53.046 P 392 609 3 0 0 0 0 -1692 16752
17:52:53.046 P 393 607 4 0 0 0 0 -1674 16674
17:52:53.046 P 394 606 8 0 0 0 0 -1620 16712
17:52:53.046 P 395 604 11 0 0 0 0 -1602 16620
17:52:53.046 P 396 603 15 0 0 0 0 -1562 16696
17:52:53.046 P 397 602 19 0 0 0 0 -1610 16646
17:52:53.046 P 398 601 22 0 0 0 0 -1704 16638
17:52:53.046 P 399 600 24 0 0 0 0 -1674 16660
17:52:53.046 P 400 599 27 0 0 0 0 -1634 16700
17:52:53.046 P 401 599 30 0 0 0 0 -1668 16662
17:52:53.046 P 402 598 34 0 0 0 0 -1674 16592
17:52:53.046 P 403 598 33 0 0 0 0 -1696 16712
17:52:53.046 P 404 598 35 0 0 0 0 -1790 16670
17:52:53.046 P 405 598 35 0 0 0 0 -1782 16596
17:52:53.046 P 406 598 34 0 0 0 0 -1868 16684
17:52:53.046 P 407 598 31 0 0 0 0 -1854 16664
17:52:53.046 P 408 598 30 0 0 0 0 -1892 16718
17:52:53.046 P 409 599 25 0 0 0 0 -1940 16650
17:52:53.046 P 410 599 21 0 0 0 0 -1890 16664
17:52:53.046 P 411 598 16 0 0 0 0 -1914 16760
17:52:53.046 P 412 598 14 0 0 0 0 -1852 16628
17:52:53.046 P 413 598 9 0 0 0 0 -1958 16592
17:52:53.046 P 414 597 5 0 0 0 0 -1850 16592
17:52:53.263 D 2150 1 7.01 0.000 0 0 0.00
17:52:53.263 P 415 596 2 0 0 0 0 -1822 16604
17:52:53.263 P 416 595 -1 0 0 0 0 -1844 16650
17:52:53.263 P 417 594 -4 0 0 0 0 -1830 16654
17:52:53.263 P 418 593 -7 0 0 0 0 -1744 16692
17:52:53.263 P 419 592 -8 0 0 0 0 -1754 16650
17:52:53.263 P 420 590 -11 0 0 0 0 -1760 16666
17:52:53.263 P 421 589 -12 0 0 0 0 -1794 16726
17:52:53.263 P 422 588 -13 0 0 0 0 -1858 16690
17:52:53.263 P 423 586 -17 0 0 0 0 -1768 16592
17:52:53.263 P 424 585 -19 0 0 0 0 -1846 16724
17:52:53.263 P 425 583 -24 0 0 0 0 -1898 16698
17:52:53.263 P 426 582 -31 0 0 0 0 -2066 16674
17:52:53.263 P 427 581 -38 0 0 0 0 -2034 16644
17:52:53.263 P 428 580 -46 0 0 0 0 -1998 16636
17:52:53.263 P 429 577 -54 0 0 0 0 -1892 16584
17:52:53.263 P 430 575 -60 0 0 0 0 -1888 16626
17:52:53.263 P 431 572 -66 0 0 0 0 -1826 16748
17:52:53.263 P 432 569 -73 0 0 0 0 -1798 16740
17:52:53.263 P 433 566 -77 0 0 0 0 -1724 16752
17:52:53.263 P 434 562 -81 0 0 0 0 -1650 16644
17:52:53.263 P 435 559 -83 0 0 0 0 -1646 16644
17:52:53.263 P 436 555 -82 0 0 0 0 -1492 16776
17:52:53.263 P 437 551 -79 0 0 0 0 -1456 16700
17:52:53.263 P 438 546 -80 0 0 0 0 -1350 16732
17:52:53.263 P 439 542 -73 0 0 0 0 -1278 16640
17:52:53.263 P 440 537 -66 0 0 0 0 -1142 16762
17:52:53.263 P 441 533 -56 0 0 0 0 -1180 16754
17:52:53.263 P 442 529 -48 0 0 0 0 -1168 16772
17:52:53.263 P 443 525 -40 0 0 0 0 -1104 16774
17:52:53.263 P 444 522 -30 0 0 0 0 -1160 16722
17:52:53.263 P 445 519 -22 0 0 0 0 -1150 16776
17:52:53.263 P 446 516 -12 0 0 0 0 -1170 16730
17:52:53.263 P 447 514 -1 0 0 0 0 -1202 16736
17:52:53.263 P 448 513 6 0 0 0 0 -1316 16682
17:52:53.263 P 449 511 9 0 0 0 0 -1402 16722
17:52:53.263 P 450 510 15 0 0 0 0 -1372 16668
17:52:53.263 P 451 509 16 0 0 0 0 -1394 16684
17:52:53.263 P 452 509 16 0 0 0 0 -1542 16828
17:52:53.263 P 453 508 16 0 0 0 0 -1464 16644
17:52:53.263 P 454 507 15 0 0 0 0 -1490 16748
17:52:53.263 P 455 506 15 0 0 0 0 -1464 16692
17:52:53.263 P 456 505 16 0 0 0 0 -1444 16712
17:52:53.263 P 457 504 17 0 0 0 0 -1378 16646
17:52:53.480 D 2360 1 6.25 0.000 0 0 0.00
17:52:53.480 P 458 503 17 0 0 0 0 -1366 16714
17:52:53.480 P 459 502 19 0 0 0 0 -1332 16752
17:52:53.480 P 460 501 22 0 0 0 0 -1246 16798
17:52:53.480 P 461 500 26 0 0 0 0 -1254 16686
17:52:53.480 P 462 499 33 0 0 0 0 -1284 16682
17:52:53.480 P 463 499 36 0 0 0 0 -1290 16780
17:52:53.480 P 464 498 41 0 0 0 0 -1330 16650
17:52:53.480 P 465 498 45 0 0 0 0 -1338 16776
17:52:53.480 P 466 498 49 0 0 0 0 -1406 16758
17:52:53.480 P 467 498 49 0 0 0 0 -1466 16722
17:52:53.480 P 468 499 50 0 0 0 0 -1536 16708
17:52:53.480 P 469 500 48 0 0 0 0 -1592 16708
17:52:53.480 P 470 500 46 0 0 0 0 -1608 16668
17:52:53.480 P 471 501 44 0 0 0 0 -1606 16602
17:52:53.480 P 472 501 38 0 0 0 0 -1646 16658
17:52:53.480 P 473 501 33 0 0 0 0 -1664 16788
17:52:53.480 P 474 502 27 0 0 0 0 -1688 16792
17:52:53.480 P 475 502 22 0 0 0 0 -1680 16644
17:52:53.480 P 476 502 18 0 0 0 0 -1670 16620
17:52:53.480 P 477 501 13 0 0 0 0 -1686 16626
17:52:53.480 P 478 501 10 0 0 0 0 -1630 16674
17:52:53.480 P 479 500 4 0 0 0 0 -1576 16688
17:52:53.480 P 480 499 0 0 0 0 0 -1530 16744
17:52:53.480 P 481 498 -3 0 0 0 0 -1502 16662
17:52:53.480 P 482 497 -9 0 0 0 0 -1556 16608
17:52:53.480 P 483 496 -10 0 0 0 0 -1500 16710
17:52:53.480 P 484 494 -11 0 0 0 0 -1476 16662
17:52:53.480 P 485 492 -10 0 0 0 0 -1396 16712
17:52:53.480 P 486 491 -11 0 0 0 0 -1408 16680
17:52:53.480 P 487 489 -8 0 0 0 0 -1400 16772
17:52:53.480 P 488 487 -7 0 0 0 0 -1298 16724
17:52:53.480 P 489 486 -5 0 0 0 0 -1262 16780
17:52:53.480 P 490 484 -2 0 0 0 0 -1208 16658
17:52:53.480 P 491 482 2 0 0 0 0 -1246 16762
17:52:53.480 P 492 480 5 0 0 0 0 -1216 16848
17:52:53.480 P 493 479 9 0 0 0 0 -1238 16742
17:52:53.480 P 494 478 14 0 0 0 0 -1210 16702
17:52:53.480 P 495 476 18 0 0 0 0 -1196 16744
17:52:53.480 P 496 475 23 0 0 0 0 -1250 16906
17:52:53.480 P 497 475 30 0 0 0 0 -1236 16788
17:52:53.480 P 498 474 33 0 0 0 0 -1246 16636
17:52:53.682 D 2570 1 5.95 0.000 0 0 0.00
17:52:53.682 P 499 474 35 0 0 0 0 -1242 16756
17:52:53.682 P 500 473 40 0 0 0 0 -1270 16724
17:52:53.682 P 501 473 41 0 0 0 0 -1294 16728
17:52:53.682 P 502 473 42 0 0 0 0 -1316 16786
17:52:53.682 P 503 473 42 0 0 0 0 -1448 16776
17:52:53.682 P 504 473 41 0 0 0 0 -1380 16754
17:52:53.682 P 505 473 42 0 0 0 0 -1456 16784
17:52:53.682 P 506 473 41 0 0 0 0 -1400 16776
17:52:53.682 P 507 473 38 0 0 0 0 -1468 16724
17:52:53.682 P 508 474 36 0 0 0 0 -1488 16658
17:52:53.682 P 509 473 34 0 0 0 0 -1438 16692
17:52:53.682 P 510 473 33 0 0 0 0 -1410 16748
17:52:53.682 P 511 473 31 0 0 0 0 -1396 16778
17:52:53.682 P 512 473 29 0 0 0 0 -1358 16760
17:52:53.682 P 513 472 29 0 0 0 0 -1332 16646
17:52:53.682 P 514 472 32 0 0 0 0 -1326 16702
17:52:53.682 P 515 471 32 0 0 0 0 -1304 16682
17:52:53.682 P 516 471 36 0 0 0 0 -1370 16764
17:52:53.682 P 517 471 39 0 0 0 0 -1286 16696
17:52:53.682 P 518 471 41 0 0 0 0 -1316 16692
17:52:53.682 P 519 470 42 0 0 0 0 -1200 16686
17:52:53.682 P 520 470 45 0 0 0 0 -1246 16726
17:52:53.682 P 521 470 47 0 0 0 0 -1270 16698
17:52:53.682 P 522 470 51 0 0 0 0 -1330 16662
17:52:53.682 P 523 470 53 0 0 0 0 -1328 16672
17:52:53.682 P 524 471 55 0 0 0 0 -1294 16718
17:52:53.682 P 525 471 56 0 0 0 0 -1322 16720
17:52:53.682 P 526 471 58 0 0 0 0 -1384 16678
17:52:53.682 P 527 472 59 0 0 0 0 -1466 16702
17:52:53.682 P 528 473 57 0 0 0 0 -1464 16648
17:52:53.682 P 529 474 56 0 0 0 0 -1472 16716
17:52:53.682 P 530 474 54 0 0 0 0 -1466 16734
17:52:53.682 P 531 475 54 0 0 0 0 -1420 16670
17:52:53.682 P 532 475 53 0 0 0 0 -1434 16804
17:52:53.682 P 533 476 53 0 0 0 0 -1440 16624
17:52:53.682 P 534 476 52 0 0 0 0 -1380 16748
17:52:53.682 P 535 476 52 0 0 0 0 -1378 16676
17:52:53.682 P 536 477 53 0 0 0 0 -1444 16694
17:52:53.682 P 537 477 54 0 0 0 0 -1356 16772
17:52:53.682 P 538 478 53 0 0 0 0 -1430 16680
17:52:53.682 P 539 478 51 0 0 0 0 -1464 16732
17:52:53.682 P 540 479 50 0 0 0 0 -1520 16650
17:52:53.899 D 2780 1 6.03 0.000 0 0 0.00
17:52:53.899 P 541 479 49 0 0 0 0 -1464 16690
17:52:53.899 P 542 480 47 0 0 0 0 -1512 16650
17:52:53.899 P 543 480 45 0 0 0 0 -1466 16670
17:52:53.899 P 544 480 40 0 0 0 0 -1474 16716
17:52:53.899 P 545 480 39 0 0 0 0 -1466 16774
17:52:53.899 P 546 480 38 0 0 0 0 -1464 16600
17:52:53.899 P 547 480 37 0 0 0 0 -1372 16686
17:52:53.899 P 548 480 37 0 0 0 0 -1462 16750
17:52:53.899 P 549 480 35 0 0 0 0 -1474 16834
17:52:53.899 P 550 480 32 0 0 0 0 -1364 16738
17:52:53.899 P 551 479 33 0 0 0 0 -1358 16652
17:52:53.899 P 552 479 34 0 0 0 0 -1442 16784
17:52:53.899 P 553 479 32 0 0 0 0 -1410 16752
17:52:53.899 P 554 479 32 0 0 0 0 -1440 16754
17:52:53.899 P 555 479 32 0 0 0 0 -1410 16690
17:52:53.899 P 556 478 31 0 0 0 0 -1432 16758
17:52:53.899 P 557 478 31 0 0 0 0 -1458 16778
17:52:53.899 P 558 478 29 0 0 0 0 -1450 16754
17:52:53.899 P 559 478 29 0 0 0 0 -1418 16644
17:52:53.899 P 560 477 28 0 0 0 0 -1332 16678
17:52:53.899 P 561 477 27 0 0 0 0 -1388 16692
17:52:53.899 P 562 476 28 0 0 0 0 -1346 16720
17:52:53.899 P 563 476 28 0 0 0 0 -1374 16694
17:52:53.899 P 564 475 28 0 0 0 0 -1360 16714
17:52:53.899 P 565 475 31 0 0 0 0 -1322 16698
17:52:53.899 P 566 474 31 0 0 0 0 -1318 16668
17:52:53.899 P 567 474 33 0 0 0 0 -1420 16630
17:52:53.899 P 568 474 34 0 0 0 0 -1394 16734
17:52:53.899 P 569 474 34 0 0 0 0 -1352 16686
17:52:53.899 P 570 474 35 0 0 0 0 -1414 16742
17:52:53.899 P 571 473 35 0 0 0 0 -1330 16754
17:52:53.899 P 572 473 35 0 0 0 0 -1368 16704
17:52:53.899 P 573 473 33 0 0 0 0 -1362 16616
17:52:53.899 P 574 473 34 0 0 0 0 -1384 16748
17:52:53.899 P 575 472 32 0 0 0 0 -1310 16610
17:52:53.899 P 576 472 34 0 0 0 0 -1288 16778
17:52:53.899 P 577 471 36 0 0 0 0 -1232 16756
17:52:53.899 P 578 471 38 0 0 0 0 -1206 16754
17:52:53.899 P 579 471 42 0 0 0 0 -1228 16764
17:52:53.899 P 580 470 43 0 0 0 0 -1234 16674
17:52:53.899 P 581 470 47 0 0 0 0 -1258 16730
17:52:53.899 P 582 470 48 0 0 0 0 -1384 16752
17:52:54.100 D 2990 1 5.98 0.000 0 0 0.00
17:52:54.100 P 583 471 50 0 0 0 0 -1318 16722
17:52:54.100 P 584 471 52 0 0 0 0 -1346 16724
17:52:54.100 P 585 471 53 0 0 0 0 -1336 16644
17:52:54.100 P 586 471 53 0 0 0 0 -1360 16700
17:52:54.100 P 587 472 50 0 0 0 0 -1396 16780
17:52:54.100 P 588 472 49 0 0 0 0 -1428 16714
17:52:54.100 P 589 473 48 0 0 0 0 -1480 16728
17:52:54.100 P 590 473 47 0 0 0 0 -1502 16688
17:52:54.100 P 591 473 44 0 0 0 0 -1500 16662
17:52:54.100 P 592 474 43 0 0 0 0 -1456 16812
17:52:54.100 P 593 474 41 0 0 0 0 -1466 16672
17:52:54.100 P 594 474 38 0 0 0 0 -1406 16654
17:52:54.100 P 595 474 36 0 0 0 0 -1448 16660
17:52:54.100 P 596 474 35 0 0 0 0 -1410 16698
17:52:54.100 P 597 474 33 0 0 0 0 -1428 16788
17:52:54.100 P 598 473 32 0 0 0 0 -1406 16716
17:52:54.100 P 599 473 32 0 0 0 0 -1414 16812
17:52:54.100 P 600 473 29 0 0 0 0 -1394 16718
17:52:54.100 P 601 472 31 0 0 0 0 -1370 16762
17:52:54.100 P 602 472 30 0 0 0 0 -1390 16652
17:52:54.100 P 603 472 29 0 0 0 0 -1350 16728
17:52:54.100 P 604 471 29 0 0 0 0 -1338 16778
17:52:54.100 P 605 471 28 0 0 0 0 -1238 16750
17:52:54.100 P 606 470 29 0 0 0 0 -1340 16672
17:52:54.100 P 607 470 29 0 0 0 0 -1300 16680
17:52:54.100 P 608 469 34 0 0 0 0 -1296 16820
17:52:54.100 P 609 469 36 0 0 0 0 -1250 16792
17:52:54.100 P 610 468 40 0 0 0 0 -1264 16800
17:52:54.100 P 611 468 43 0 0 0 0 -1182 16782
17:52:54.100 P 612 468 45 0 0 0 0 -1188 16652
17:52:54.100 P 613 468 51 0 0 0 0 -1138 16716
17:52:54.100 P 614 468 56 0 0 0 0 -1204 16748
17:52:54.100 P 615 468 61 0 0 0 0 -1254 16810
17:52:54.100 P 616 468 64 0 0 0 0 -1236 16790
17:52:54.100 P 617 469 67 0 0 0 0 -1294 16636
17:52:54.100 P 618 470 70 0 0 0 0 -1344 16618
17:52:54.100 P 619 471 70 0 0 0 0 -1386 16728
17:52:54.100 P 620 472 69 0 0 0 0 -1470 16804
17:52:54.100 P 621 473 70 0 0 0 0 -1464 16760
17:52:54.100 P 622 474 66 0 0 0 0 -1508 16698
17:52:54.100 P 623 475 64 0 0 0 0 -1524 16696
17:52:54.100 P 624 476 61 0 0 0 0 -1484 16686
17:52:54.100 P 625 476 57 0 0 0 0 -1534 16832
17:52:54.316 D 3205 1 6.01 0.000 0 0 0.00
17:52:54.316 P 626 477 55 0 0 0 0 -1480 16740
17:52:54.316 P 627 478 50 0 0 0 0 -1492 16704
17:52:54.316 P 628 478 47 0 0 0 0 -1508 16658
17:52:54.316 P 629 478 44 0 0 0 0 -1482 16610
17:52:54.316 P 630 479 41 0 0 0 0 -1564 16722
17:52:54.316 P 631 479 37 0 0 0 0 -1554 16772
17:52:54.316 P 632 479 33 0 0 0 0 -1504 16764
17:52:54.316 P 633 479 32 0 0 0 0 -1542 16648
17:52:54.316 P 634 479 27 0 0 0 0 -1580 16678
17:52:54.316 P 635 479 24 0 0 0 0 -1536 16786
17:52:54.316 P 636 478 23 0 0 0 0 -1482 16830
17:52:54.316 P 637 478 21 0 0 0 0 -1424 16716
17:52:54.316 P 638 477 20 0 0 0 0 -1444 16748
17:52:54.316 P 639 477 18 0 0 0 0 -1410 16708
17:52:54.316 P 640 476 18 0 0 0 0 -1396 16630
17:52:54.316 P 641 475 19 0 0 0 0 -1310 16730
17:52:54.316 P 642 474 20 0 0 0 0 -1292 16792
17:52:54.316 P 643 473 20 0 0 0 0 -1270 16692
17:52:54.316 P 644 473 24 0 0 0 0 -1300 16702
17:52:54.316 P 645 472 28 0 0 0 0 -1262 16676
17:52:54.316 P 646 471 31 0 0 0 0 -1164 16540
17:52:54.316 P 647 471 34 0 0 0 0 -1194 16710
17:52:54.316 P 648 470 38 0 0 0 0 -1268 16752
17:52:54.316 P 649 470 42 0 0 0 0 -1318 16748
17:52:54.316 P 650 470 45 0 0 0 0 -1284 16810
17:52:54.316 P 651 470 47 0 0 0 0 -1414 16686
17:52:54.316 P 652 471 49 0 0 0 0 -1364 16738
17:52:54.316 P 653 471 48 0 0 0 0 -1416 16694
17:52:54.316 P 654 471 49 0 0 0 0 -1418 16814
17:52:54.316 P 655 472 48 0 0 0 0 -1446 16650
17:52:54.316 P 656 472 48 0 0 0 0 -1438 16716
17:52:54.316 P 657 472 45 0 0 0 0 -1446 16632
17:52:54.316 P 658 473 44 0 0 0 0 -1494 16680
17:52:54.316 P 659 473 41 0 0 0 0 -1540 16722
17:52:54.316 P 660 473 37 0 0 0 0 -1444 16696
17:52:54.316 P 661 473 34 0 0 0 0 -1438 16680
17:52:54.316 P 662 473 34 0 0 0 0 -1462 16710
17:52:54.316 P 663 473 32 0 0 0 0 -1426 16780
17:52:54.316 P 664 472 30 0 0 0 0 -1432 16766
17:52:54.316 P 665 472 28 0 0 0 0 -1418 16718
17:52:54.316 P 666 472 27 0 0 0 0 -1364 16752
17:52:54.316 P 667 471 26 0 0 0 0 -1354 16624
17:52:54.316 P 668 471 27 0 0 0 0 -1318 16710
17:52:54.533 D 3420 1 5.91 0.000 0 0 0.00
17:52:54.533 P 669 470 28 0 0 0 0 -1328 16758
17:52:54.533 P 670 470 27 0 0 0 0 -1284 16732
17:52:54.533 P 671 469 27 0 0 0 0 -1270 16694
17:52:54.533 P 672 469 29 0 0 0 0 -1356 16700
17:52:54.533 P 673 468 30 0 0 0 0 -1360 16672
17:52:54.533 P 674 468 30 0 0 0 0 -1296 16756
17:52:54.533 P 675 467 33 0 0 0 0 -1242 16748
17:52:54.533 P 676 467 34 0 0 0 0 -1294 16762
17:52:54.533 P 677 467 37 0 0 0 0 -1294 16656
17:52:54.533 P 678 466 40 0 0 0 0 -1218 16724
17:52:54.533 P 679 466 44 0 0 0 0 -1216 16656
17:52:54.533 P 680 466 47 0 0 0 0 -1218 16694
17:52:54.533 P 681 466 51 0 0 0 0 -1286 16606
17:52:54.533 P 682 466 53 0 0 0 0 -1260 16632
17:52:54.533 P 683 467 57 0 0 0 0 -1290 16660
17:52:54.533 P 684 467 61 0 0 0 0 -1254 16730
17:52:54.533 P 685 467 64 0 0 0 0 -1240 16722
17:52:54.533 P 686 468 67 0 0 0 0 -1268 16732
17:52:54.533 P 687 469 69 0 0 0 0 -1316 16680
17:52:54.533 P 688 469 72 0 0 0 0 -1270 16692
17:52:54.533 P 689 470 75 0 0 0 0 -1326 16636
17:52:54.533 P 690 471 75 0 0 0 0 -1400 16824
17:52:54.533 P 691 473 74 0 0 0 0 -1438 16738
17:52:54.533 P 692 474 74 0 0 0 0 -1358 16754
17:52:54.533 P 693 475 75 0 0 0 0 -1400 16772
17:52:54.533 P 694 476 74 0 0 0 0 -1442 16712
17:52:54.533 P 695 477 72 0 0 0 0 -1420 16682
17:52:54.533 P 696 478 70 0 0 0 0 -1468 16802
17:52:54.533 P 697 479 71 0 0 0 0 -1422 16688
17:52:54.533 P 698 480 70 0 0 0 0 -1452 16716
17:52:54.533 P 699 481 70 0 0 0 0 -1416 16702
17:52:54.533 P 700 481 68 0 0 0 0 -1424 16808
17:52:54.533 P 701 482 68 0 0 0 0 -1450 16726
17:52:54.533 P 702 483 67 0 0 0 0 -1488 16732
17:52:54.533 P 703 484 66 0 0 0 0 -1432 16646
17:52:54.533 P 704 485 65 0 0 0 0 -1466 16640
17:52:54.533 P 705 486 62 0 0 0 0 -1446 16710
17:52:54.533 P 706 486 63 0 0 0 0 -1452 16794
17:52:54.533 P 707 487 63 0 0 0 0 -1394 16902
17:52:54.533 P 708 488 62 0 0 0 0 -1426 16728
17:52:54.533 P 709 488 63 0 0 0 0 -1380 16652
17:52:54.533 P 710 489 63 0 0 0 0 -1396 16738
17:52:54.533 P 711 489 63 0 0 0 0 -1438 16708
17:52:54.751 D 3635 1 6.25 0.000 0 0 0.00
17:52:54.751 P 712 490 62 0 0 0 0 -1460 16782
17:52:54.751 P 713 491 64 0 0 0 0 -1408 16664
17:52:54.751 P 714 491 62 0 0 0 0 -1434 16696
17:52:54.751 P 715 492 63 0 0 0 0 -1480 16766
17:52:54.751 P 716 493 64 0 0 0 0 -1470 16768
17:52:54.751 P 717 494 63 0 0 0 0 -1518 16684
17:52:54.751 P 718 494 62 0 0 0 0 -1454 16720
17:52:54.751 P 719 495 61 0 0 0 0 -1466 16694
17:52:54.751 P 720 496 65 0 0 0 0 -1436 16768
17:52:54.751 P 721 496 63 0 0 0 0 -1464 16724
17:52:54.751 P 722 497 62 0 0 0 0 -1484 16764
17:52:54.751 P 723 498 62 0 0 0 0 -1410 16710
17:52:54.751 P 724 498 63 0 0 0 0 -1422 16694
17:52:54.751 P 725 499 63 0 0 0 0 -1482 16748
17:52:54.751 P 726 500 64 0 0 0 0 -1470 16794
17:52:54.751 P 727 500 63 0 0 0 0 -1470 16786
17:52:54.751 P 728 501 62 0 0 0 0 -1446 16810
17:52:54.751 P 729 502 62 0 0 0 0 -1474 16710
17:52:54.751 P 730 502 63 0 0 0 0 -1522 16782
17:52:54.751 P 731 503 62 0 0 0 0 -1496 16682
17:52:54.751 P 732 504 63 0 0 0 0 -1506 16770
17:52:54.751 P 733 504 62 0 0 0 0 -1466 16772
17:52:54.751 P 734 505 60 0 0 0 0 -1552 16630
17:52:54.751 P 735 506 61 0 0 0 0 -1516 16630
17:52:54.751 P 736 506 60 0 0 0 0 -1494 16690
17:52:54.751 P 737 507 60 0 0 0 0 -1524 16742
17:52:54.751 P 738 508 58 0 0 0 0 -1492 16714
17:52:54.751 P 739 508 59 0 0 0 0 -1492 16674
17:52:54.751 P 740 509 56 0 0 0 0 -1536 16588
17:52:54.751 P 741 509 56 0 0 0 0 -1532 16752
17:52:54.751 P 742 510 54 0 0 0 0 -1524 16720
17:52:54.751 P 743 510 52 0 0 0 0 -1562 16728
17:52:54.751 P 744 511 50 0 0 0 0 -1618 16642
17:52:54.751 P 745 511 48 0 0 0 0 -1590 16672
17:52:54.751 P 746 512 46 0 0 0 0 -1622 16674
17:52:54.751 P 747 512 43 0 0 0 0 -1630 16670
17:52:54.751 P 748 512 41 0 0 0 0 -1616 16744
17:52:54.751 P 749 512 38 0 0 0 0 -1636 16684
17:52:54.751 P 750 512 36 0 0 0 0 -1606 16666
17:52:54.751 P 751 512 33 0 0 0 0 -1620 16768
17:52:54.751 P 752 512 31 0 0 0 0 -1590 16718
17:52:54.751 P 753 512 28 0 0 0 0 -1554 16756
17:52:54.969 D 3845 1 6.30 0.000 0 0 0.00
17:52:54.969 P 754 511 25 0 0 0 0 -1518 16696
17:52:54.969 P 755 511 25 0 0 0 0 -1516 16724
17:52:54.969 P 756 511 23 0 0 0 0 -1530 16678
17:52:54.969 P 757 510 23 0 0 0 0 -1430 16704
17:52:54.969 P 758 509 22 0 0 0 0 -1426 16704
17:52:54.969 P 759 508 23 0 0 0 0 -1404 16698
17:52:54.969 P 760 508 26 0 0 0 0 -1368 16736
17:52:54.969 P 761 507 27 0 0 0 0 -1390 16746
17:52:54.969 P 762 507 28 0 0 0 0 -1330 16726
17:52:54.969 P 763 506 32 0 0 0 0 -1324 16712
17:52:54.969 P 764 505 36 0 0 0 0 -1308 16806
17:52:54.969 P 765 505 39 0 0 0 0 -1296 16672
17:52:54.969 P 766 505 42 0 0 0 0 -1326 16710
17:52:54.969 P 767 505 47 0 0 0 0 -1314 16718
17:52:54.969 P 768 505 51 0 0 0 0 -1338 16746
17:52:54.969 P 769 505 53 0 0 0 0 -1414 16706
17:52:54.969 P 770 505 55 0 0 0 0 -1426 16792
17:52:54.969 P 771 506 56 0 0 0 0 -1478 16640
17:52:54.969 P 772 506 54 0 0 0 0 -1528 16720
17:52:54.969 P 773 507 55 0 0 0 0 -1492 16704
17:52:54.969 P 774 507 55 0 0 0 0 -1552 16700
17:52:54.969 P 775 508 54 0 0 0 0 -1566 16730
17:52:54.969 P 776 508 53 0 0 0 0 -1502 16614
17:52:54.969 P 777 509 52 0 0 0 0 -1472 16590
17:52:54.969 P 778 509 52 0 0 0 0 -1492 16774
17:52:54.969 P 779 509 52 0 0 0 0 -1546 16766
17:52:54.969 P 780 510 50 0 0 0 0 -1532 16742
17:52:54.969 P 781 510 49 0 0 0 0 -1580 16794
17:52:54.969 P 782 510 48 0 0 0 0 -1536 16746
17:52:54.969 P 783 511 48 0 0 0 0 -1578 16684
17:52:54.969 P 784 511 48 0 0 0 0 -1492 16754
17:52:54.969 P 785 511 48 0 0 0 0 -1504 16646
17:52:54.969 P 786 511 47 0 0 0 0 -1540 16642
17:52:54.969 P 787 512 47 0 0 0 0 -1520 16668
17:52:54.969 P 788 512 45 0 0 0 0 -1568 16736
17:52:54.969 P 789 512 46 0 0 0 0 -1476 16698
17:52:54.969 P 790 512 47 0 0 0 0 -1540 16646
17:52:54.969 P 791 512 45 0 0 0 0 -1478 16650
17:52:54.969 P 792 513 45 0 0 0 0 -1540 16664
17:52:54.969 P 793 513 44 0 0 0 0 -1480 16700
17:52:54.969 P 794 513 43 0 0 0 0 -1480 16660
17:52:54.969 P 795 513 44 0 0 0 0 -1486 16642
17:52:54.969 P 796 513 43 0 0 0 0 -1540 16672
17:52:55.171 D 4060 1 6.41 0.000 0 0 0.00
17:52:55.171 P 797 513 43 0 0 0 0 -1426 16730
17:52:55.171 P 798 513 43 0 0 0 0 -1452 16738
17:52:55.171 P 799 513 46 0 0 0 0 -1446 16666
17:52:55.171 P 800 513 45 0 0 0 0 -1434 16658
17:52:55.171 P 801 513 47 0 0 0 0 -1432 16766
17:52:55.171 P 802 513 46 0 0 0 0 -1486 16718
17:52:55.171 P 803 513 49 0 0 0 0 -1506 16674
17:52:55.171 P 804 514 50 0 0 0 0 -1444 16732
17:52:55.171 P 805 514 50 0 0 0 0 -1484 16722
17:52:55.171 P 806 514 49 0 0 0 0 -1498 16632
17:52:55.171 P 807 514 49 0 0 0 0 -1492 16706
17:52:55.171 P 808 515 49 0 0 0 0 -1536 16742
17:52:55.171 P 809 515 48 0 0 0 0 -1538 16804
17:52:55.171 P 810 515 48 0 0 0 0 -1514 16720
17:52:55.171 P 811 515 47 0 0 0 0 -1562 16736
17:52:55.171 P 812 516 46 0 0 0 0 -1536 16668
17:52:55.171 P 813 516 46 0 0 0 0 -1514 16718
17:52:55.171 P 814 516 45 0 0 0 0 -1566 16700
17:52:55.171 P 815 516 45 0 0 0 0 -1508 16664
17:52:55.171 P 816 516 44 0 0 0 0 -1566 16582
17:52:55.171 P 817 516 44 0 0 0 0 -1554 16698
17:52:55.171 P 818 516 43 0 0 0 0 -1478 16686
17:52:55.171 P 819 517 41 0 0 0 0 -1542 16680
17:52:55.171 P 820 517 42 0 0 0 0 -1500 16764
17:52:55.171 P 821 516 40 0 0 0 0 -1498 16744
17:52:55.171 P 822 517 40 0 0 0 0 -1556 16606
17:52:55.171 P 823 516 39 0 0 0 0 -1510 16744
17:52:55.171 P 824 516 40 0 0 0 0 -1510 16726
17:52:55.171 P 825 516 38 0 0 0 0 -1516 16768
17:52:55.171 P 826 516 40 0 0 0 0 -1506 16690
17:52:55.171 P 827 516 38 0 0 0 0 -1458 16734
17:52:55.171 P 828 516 39 0 0 0 0 -1436 16604
17:52:55.171 P 829 516 41 0 0 0 0 -1430 16572
17:52:55.171 P 830 516 41 0 0 0 0 -1488 16754
17:52:55.171 P 831 516 42 0 0 0 0 -1422 16702
17:52:55.171 P 832 516 44 0 0 0 0 -1444 16714
17:52:55.171 P 833 516 46 0 0 0 0 -1442 16812
17:52:55.171 P 834 516 48 0 0 0 0 -1476 16758
17:52:55.171 P 835 516 50 0 0 0 0 -1444 16756
17:52:55.171 P 836 516 52 0 0 0 0 -1408 16662
17:52:55.171 P 837 517 54 0 0 0 0 -1454 16716
17:52:55.171 P 838 517 58 0 0 0 0 -1422 16762
17:52:55.171 P 839 517 57 0 0 0 0 -1518 16706
17:52:55.388 D 4275 1 6.51 0.000 0 0 0.00
17:52:55.388 P 840 518 59 0 0 0 0 -1492 16764
17:52:55.388 P 841 518 61 0 0 0 0 -1470 16698
17:52:55.388 P 842 519 62 0 0 0 0 -1480 16704
17:52:55.388 P 843 520 61 0 0 0 0 -1584 16600
17:52:55.388 P 844 520 62 0 0 0 0 -1526 16748
17:52:55.388 P 845 521 61 0 0 0 0 -1572 16782
17:52:55.388 P 846 522 61 0 0 0 0 -1546 16752
17:52:55.388 P 847 522 59 0 0 0 0 -1556 16656
17:52:55.388 P 848 523 57 0 0 0 0 -1598 16724
17:52:55.388 P 849 523 56 0 0 0 0 -1570 16706
17:52:55.388 P 850 524 55 0 0 0 0 -1522 16618
17:52:55.388 P 851 524 54 0 0 0 0 -1514 16680
17:52:55.388 P 852 525 52 0 0 0 0 -1550 16784
17:52:55.388 P 853 525 51 0 0 0 0 -1594 16710
17:52:55.388 P 854 525 49 0 0 0 0 -1612 16680
17:52:55.388 P 855 526 51 0 0 0 0 -1580 16730
17:52:55.388 P 856 526 49 0 0 0 0 -1496 16722
17:52:55.388 P 857 526 48 0 0 0 0 -1476 16586
17:52:55.388 P 858 526 47 0 0 0 0 -1558 16606
17:52:55.388 P 859 527 47 0 0 0 0 -1588 16662
17:52:55.388 P 860 527 47 0 0 0 0 -1572 16794
17:52:55.388 P 861 527 45 0 0 0 0 -1466 16790
17:52:55.388 P 862 527 48 0 0 0 0 -1442 16758
17:52:55.388 P 863 527 49 0 0 0 0 -1452 16678
17:52:55.388 P 864 527 50 0 0 0 0 -1432 16672
17:52:55.388 P 865 527 53 0 0 0 0 -1418 16808
17:52:55.388 P 866 527 55 0 0 0 0 -1418 16850
17:52:55.388 P 867 528 56 0 0 0 0 -1448 16728
17:52:55.388 P 868 528 58 0 0 0 0 -1474 16658
17:52:55.388 P 869 528 60 0 0 0 0 -1434 16666
17:52:55.388 P 870 529 63 0 0 0 0 -1442 16726
17:52:55.388 P 871 530 64 0 0 0 0 -1516 16764
17:52:55.388 P 872 530 64 0 0 0 0 -1570 16762
17:52:55.388 P 873 531 63 0 0 0 0 -1618 16640
17:52:55.388 P 874 532 63 0 0 0 0 -1614 16692
17:52:55.388 P 875 533 63 0 0 0 0 -1624 16712
17:52:55.388 P 876 533 60 0 0 0 0 -1638 16712
17:52:55.388 P 877 534 59 0 0 0 0 -1652 16646
17:52:55.388 P 878 535 55 0 0 0 0 -1682 16702
17:52:55.388 P 879 535 53 0 0 0 0 -1630 16588
17:52:55.388 P 880 536 52 0 0 0 0 -1704 16558
17:52:55.388 P 881 536 48 0 0 0 0 -1624 16640
17:52:55.388 P 882 536 46 0 0 0 0 -1646 16664
17:52:55.605 D 4490 1 6.62 0.000 0 0 0.00
17:52:55.605 P 883 536 46 0 0 0 0 -1576 16710
17:52:55.605 P 884 537 44 0 0 0 0 -1572 16722
17:52:55.605 P 885 537 41 0 0 0 0 -1612 16724
17:52:55.605 P 886 537 42 0 0 0 0 -1610 16712
17:52:55.605 P 887 537 40 0 0 0 0 -1600 16688
17:52:55.605 P 888 537 40 0 0 0 0 -1576 16714
17:52:55.605 P 889 537 40 0 0 0 0 -1616 16706
17:52:55.605 P 890 537 39 0 0 0 0 -1602 16720
17:52:55.605 P 891 537 39 0 0 0 0 -1522 16660
17:52:55.605 P 892 537 38 0 0 0 0 -1626 16644
17:52:55.605 P 893 537 40 0 0 0 0 -1564 16644
17:52:55.605 P 894 537 39 0 0 0 0 -1520 16588
17:52:55.605 P 895 536 37 0 0 0 0 -1536 16748
17:52:55.605 P 896 536 38 0 0 0 0 -1530 16646
17:52:55.605 P 897 536 39 0 0 0 0 -1606 16684
17:52:55.605 P 898 536 38 0 0 0 0 -1626 16634
17:52:55.605 P 899 536 36 0 0 0 0 -1648 16776
17:52:55.605 P 900 536 37 0 0 0 0 -1586 16636
17:52:55.605 P 901 536 35 0 0 0 0 -1578 16700
17:52:55.605 P 902 536 35 0 0 0 0 -1566 16750
17:52:55.605 P 903 535 36 0 0 0 0 -1514 16800
17:52:55.605 P 904 535 35 0 0 0 0 -1510 16672
17:52:55.605 P 905 535 36 0 0 0 0 -1558 16616
17:52:55.605 P 906 535 35 0 0 0 0 -1544 16780
17:52:55.605 P 907 535 35 0 0 0 0 -1588 16642
17:52:55.605 P 908 535 37 0 0 0 0 -1550 16728
17:52:55.605 P 909 534 37 0 0 0 0 -1480 16760
17:52:55.605 P 910 534 39 0 0 0 0 -1528 16742
17:52:55.605 P 911 534 39 0 0 0 0 -1502 16674
17:52:55.605 P 912 534 43 0 0 0 0 -1498 16706
17:52:55.605 P 913 534 43 0 0 0 0 -1448 16668
17:52:55.605 P 914 534 43 0 0 0 0 -1540 16704
17:52:55.605 P 915 534 45 0 0 0 0 -1418 16724
17:52:55.605 P 916 534 48 0 0 0 0 -1492 16710
17:52:55.605 P 917 534 49 0 0 0 0 -1474 16738
17:52:55.605 P 918 534 51 0 0 0 0 -1580 16772
17:52:55.605 P 919 535 50 0 0 0 0 -1556 16772
17:52:55.605 P 920 535 50 0 0 0 0 -1606 16750
17:52:55.605 P 921 535 49 0 0 0 0 -1566 16712
17:52:55.605 P 922 536 50 0 0 0 0 -1618 16674
17:52:55.605 P 923 536 49 0 0 0 0 -1594 16724
17:52:55.605 P 924 536 46 0 0 0 0 -1680 16662
17:52:55.605 P 925 536 44 0 0 0 0 -1698 16710
17:52:55.821 D 4705 1 6.60 0.000 0 0 0.00
17:52:55.821 P 926 537 44 0 0 0 0 -1638 16684
17:52:55.821 P 927 537 41 0 0 0 0 -1648 16694
17:52:55.821 P 928 537 40 0 0 0 0 -1640 16662
17:52:55.821 P 929 537 39 0 0 0 0 -1600 16592
17:52:55.821 P 930 537 37 0 0 0 0 -1620 16662
17:52:55.821 P 931 537 35 0 0 0 0 -1606 16716
17:52:55.821 P 932 537 34 0 0 0 0 -1606 16724
17:52:55.821 P 933 536 35 0 0 0 0 -1522 16736
17:52:55.821 P 934 536 35 0 0 0 0 -1482 16680
17:52:55.821 P 935 536 36 0 0 0 0 -1514 16714
17:52:55.821 P 936 536 36 0 0 0 0 -1528 16834
17:52:55.821 P 937 535 39 0 0 0 0 -1512 16768
17:52:55.821 P 938 535 39 0 0 0 0 -1528 16828
17:52:55.821 P 939 535 41 0 0 0 0 -1508 16716
17:52:55.821 P 940 535 41 0 0 0 0 -1522 16582
17:52:55.821 P 941 535 42 0 0 0 0 -1552 16676
17:52:55.821 P 942 535 42 0 0 0 0 -1558 16700
17:52:55.821 P 943 535 41 0 0 0 0 -1554 16674
17:52:55.821 P 944 535 39 0 0 0 0 -1578 16740
17:52:55.821 P 945 535 38 0 0 0 0 -1612 16704
17:52:55.821 P 946 535 40 0 0 0 0 -1606 16684
17:52:55.821 P 947 535 39 0 0 0 0 -1614 16650
17:52:55.821 P 948 535 37 0 0 0 0 -1614 16794
17:52:55.821 P 949 535 36 0 0 0 0 -1610 16694
17:52:55.821 P 950 535 36 0 0 0 0 -1636 16656
17:52:55.821 P 951 535 34 0 0 0 0 -1616 16732
17:52:55.821 P 952 535 32 0 0 0 0 -1618 16642
17:52:55.821 P 953 534 32 0 0 0 0 -1578 16678
17:52:55.821 P 954 534 31 0 0 0 0 -1594 16762
17:52:55.821 P 955 534 31 0 0 0 0 -1570 16686
17:52:55.821 P 956 534 30 0 0 0 0 -1604 16798
17:52:55.821 P 957 533 30 0 0 0 0 -1580 16656
17:52:55.821 P 958 533 29 0 0 0 0 -1548 16690
17:52:55.821 P 959 532 28 0 0 0 0 -1580 16816
17:52:55.821 P 960 532 27 0 0 0 0 -1566 16750
17:52:55.821 P 961 532 27 0 0 0 0 -1588 16726
17:52:55.821 P 962 531 27 0 0 0 0 -1562 16784
17:52:55.821 P 963 531 28 0 0 0 0 -1586 16686
17:52:55.821 P 964 530 27 0 0 0 0 -1548 16780
17:52:55.821 P 965 530 26 0 0 0 0 -1560 16656
17:52:55.821 P 966 530 26 0 0 0 0 -1506 16696
17:52:55.821 P 967 529 28 0 0 0 0 -1482 16638
17:52:55.821 P 968 529 28 0 0 0 0 -1504 16652
17:52:56.037 D 4920 1 6.52 0.000 0 0 0.00
17:52:56.037 P 969 528 29 0 0 0 0 -1492 16696
17:52:56.037 P 970 528 30 0 0 0 0 -1510 16704
17:52:56.037 P 971 527 32 0 0 0 0 -1540 16716
17:52:56.037 P 972 527 32 0 0 0 0 -1482 16682
17:52:56.037 P 973 527 33 0 0 0 0 -1504 16660
17:52:56.037 P 974 527 36 0 0 0 0 -1472 16674
17:52:56.037 P 975 526 38 0 0 0 0 -1410 16694
17:52:56.037 P 976 526 41 0 0 0 0 -1460 16754
17:52:56.037 P 977 526 43 0 0 0 0 -1418 16780
17:52:56.037 P 978 526 45 0 0 0 0 -1464 16816
17:52:56.037 P 979 526 48 0 0 0 0 -1456 16662
17:52:56.037 P 980 526 52 0 0 0 0 -1476 16630
17:52:56.037 P 981 527 53 0 0 0 0 -1492 16660
17:52:56.037 P 982 527 56 0 0 0 0 -1504 16766
17:52:56.037 P 983 528 57 0 0 0 0 -1526 16694
17:52:56.037 P 984 528 57 0 0 0 0 -1474 16666
17:52:56.037 P 985 528 57 0 0 0 0 -1544 16696
17:52:56.037 P 986 529 57 0 0 0 0 -1552 16690
17:52:56.037 P 987 529 58 0 0 0 0 -1496 16784
17:52:56.037 P 988 530 57 0 0 0 0 -1568 16720
17:52:56.037 P 989 530 57 0 0 0 0 -1542 16702
17:52:56.037 P 990 531 57 0 0 0 0 -1496 16686
17:52:56.037 P 991 531 56 0 0 0 0 -1534 16624
17:52:56.037 P 992 532 57 0 0 0 0 -1518 16714
17:52:56.037 P 993 532 55 0 0 0 0 -1606 16724
17:52:56.037 P 994 532 55 0 0 0 0 -1512 16642
17:52:56.037 P 995 533 56 0 0 0 0 -1590 16686
17:52:56.037 P 996 533 55 0 0 0 0 -1566 16802
17:52:56.037 P 997 534 55 0 0 0 0 -1594 16670
17:52:56.037 P 998 534 55 0 0 0 0 -1600 16750
17:52:56.037 P 999 535 53 0 0 0 0 -1602 16762
17:52:56.037 P 1000 535 52 0 0 0 0 -1624 16618
17:52:56.037 P 1001 536 51 0 0 0 0 -1656 16668
17:52:56.037 P 1002 536 51 0 0 0 0 -1582 16748
17:52:56.037 P 1003 536 49 0 0 0 0 -1570 16666
17:52:56.037 P 1004 537 49 0 0 0 0 -1618 16696
17:52:56.037 P 1005 537 48 0 0 0 0 -1580 16770
17:52:56.037 P 1006 537 48 0 0 0 0 -1572 16824
17:52:56.037 P 1007 537 46 0 0 0 0 -1646 16566
17:52:56.037 P 1008 537 44 0 0 0 0 -1660 16678
17:52:56.037 P 1009 538 40 0 0 0 0 -1690 16636
17:52:56.037 P 1010 538 38 0 0 0 0 -1716 16674
17:52:56.037 P 1011 538 35 0 0 0 0 -1696 16670
17:52:56.037 cal done: pitch zero 5.06 roll zero -2.58 bias -0.0493 0.0039 0.0127
17:52:57.107 D 5140 0 0.35 0.000 0 0 5.06
17:52:57.107 P 1012 538 31 0 0 0 0 -1714 16724
17:52:57.107 P 1013 537 27 0 0 0 0 -1708 16776
17:52:57.107 P 1014 537 24 0 0 0 0 -1668 16738
17:52:57.107 P 1015 537 21 0 0 0 0 -1666 16738
17:52:57.107 P 1016 536 20 0 0 0 0 -1640 16640
17:52:57.107 P 1017 535 17 0 0 0 0 -1612 16744
17:52:57.107 P 1018 535 15 0 0 0 0 -1548 16740
17:52:57.107 P 1019 534 16 0 0 0 0 -1504 16680
17:52:57.107 P 1020 533 17 0 0 0 0 -1464 16728
17:52:57.107 P 1021 532 19 0 0 0 0 -1484 16684
17:52:57.107 P 1022 531 21 0 0 0 0 -1414 16702
17:52:57.107 P 1023 531 24 0 0 0 0 -1450 16692
17:52:57.107 P 1024 530 27 0 0 0 0 -1430 16646
17:52:57.107 P 1025 530 30 0 0 0 0 -1470 16732
17:52:57.107 P 1026 529 33 0 0 0 0 -1442 16680
17:52:57.107 P 1027 529 37 0 0 0 0 -1442 16692
17:52:57.107 P 1028 529 40 0 0 0 0 -1370 16716
17:52:57.107 P 1029 529 42 0 0 0 0 -1474 16732
17:52:57.107 P 1030 529 44 0 0 0 0 -1508 16640
17:52:57.107 P 1031 529 45 0 0 0 0 -1482 16672
17:52:57.107 P 1032 529 44 0 0 0 0 -1546 16682
17:52:57.107 P 1033 529 43 0 0 0 0 -1528 16736
17:52:57.107 P 1034 529 43 0 0 0 0 -1596 16666
17:52:57.107 P 1035 529 42 0 0 0 0 -1658 16720
17:52:57.107 P 1036 529 38 0 0 0 0 -1696 16682
17:52:57.107 P 1037 529 35 0 0 0 0 -1702 16794
17:52:57.107 P 1038 529 33 0 0 0 0 -1652 16580
17:52:57.107 P 1039 529 31 0 0 0 0 -1648 16678
17:52:57.107 P 1040 529 27 0 0 0 0 -1660 16726
17:52:57.107 P 1041 528 25 0 0 0 0 -1646 16662
17:52:57.107 P 1042 528 23 0 0 0 0 -1604 16732
17:52:57.107 P 1043 527 21 0 0 0 0 -1610 16700
17:52:57.107 P 1044 527 21 0 0 0 0 -1556 16752
17:52:57.107 P 1045 526 19 0 0 0 0 -1504 16726
17:52:57.107 P 1046 525 19 0 0 0 0 -1502 16736
17:52:57.107 P 1047 525 20 0 0 0 0 -1538 16716
17:52:57.107 P 1048 524 20 0 0 0 0 -1540 16676
17:52:57.107 P 1049 523 19 0 0 0 0 -1498 16850
17:52:57.107 P 1050 523 19 0 0 0 0 -1528 16662
17:52:57.107 P 1051 522 19 0 0 0 0 -1518 16718
17:52:57.107 P 1052 521 19 0 0 0 0 -1474 16644
17:52:57.107 P 1053 521 19 0 0 0 0 -1488 16690
17:52:57.107 P 1054 520 20 0 0 0 0 -1530 16690
17:52:57.107 P 1055 519 21 0 0 0 0 -1480 16788
17:52:57.107 P 1056 518 20 0 0 0 0 -1408 16708
17:52:57.107 P 1057 518 24 0 0 0 0 -1532 16778
17:52:57.107 P 1058 517 25 0 0 0 0 -1488 16704
17:52:57.107 P 1059 517 26 0 0 0 0 -1450 16710
17:52:57.107 D 5295 0 0.16 0.000 0 0 5.06
17:52:57.107 P 1060 516 27 0 0 0 0 -1456 16670
17:52:57.107 P 1061 516 28 0 0 0 0 -1458 16720
17:52:57.107 P 1062 516 29 0 0 0 0 -1504 16672
17:52:57.107 P 1063 515 30 0 0 0 0 -1552 16762
17:52:57.107 P 1064 515 30 0 0 0 0 -1496 16710
17:52:57.107 P 1065 515 30 0 0 0 0 -1504 16724
17:52:57.107 P 1066 514 29 0 0 0 0 -1558 16690
17:52:57.107 P 1067 514 27 0 0 0 0 -1570 16744
17:52:57.107 P 1068 514 26 0 0 0 0 -1552 16784
17:52:57.107 P 1069 513 25 0 0 0 0 -1560 16644
17:52:57.107 P 1070 513 24 0 0 0 0 -1572 16684
17:52:57.107 P 1071 512 22 0 0 0 0 -1528 16768
17:52:57.107 P 1072 512 20 0 0 0 0 -1556 16692
17:52:57.107 P 1073 511 20 0 0 0 0 -1474 16740
17:52:57.107 P 1074 510 19 0 0 0 0 -1490 16690
17:52:57.107 P 1075 510 18 0 0 0 0 -1486 16652
17:52:57.107 P 1076 509 18 0 0 0 0 -1512 16734
17:52:57.107 P 1077 508 17 0 0 0 0 -1500 16706
17:52:57.107 P 1078 508 19 0 0 0 0 -1458 16580
17:52:57.107 D 5395 0 0.03 0.000 0 0 5.06
17:52:57.107 P 1079 507 19 0 0 0 0 -1450 16602
17:52:57.107 P 1080 506 21 0 0 0 0 -1354 16708
17:52:57.107 P 1081 505 20 0 0 0 0 -1408 16784
17:52:57.107 P 1082 505 23 0 0 0 0 -1360 16640
17:52:57.107 P 1083 504 26 0 0 0 0 -1402 16734
17:52:57.107 P 1084 504 27 0 0 0 0 -1406 16710
17:52:57.107 P 1085 503 29 0 0 0 0 -1404 16714
17:52:57.107 P 1086 503 29 0 0 0 0 -1456 16662
17:52:57.107 P 1087 502 29 0 0 0 0 -1422 16814
17:52:57.107 P 1088 502 31 0 0 0 0 -1404 16666
17:52:57.107 P 1089 502 30 0 0 0 0 -1462 16692
17:52:57.107 P 1090 501 31 0 0 0 0 -1470 16664
17:52:57.107 P 1091 501 30 0 0 0 0 -1506 16798
17:52:57.107 P 1092 501 30 0 0 0 0 -1496 16772
17:52:57.107 P 1093 500 29 0 0 0 0 -1522 16680
17:52:57.107 P 1094 500 28 0 0 0 0 -1520 16690
17:52:57.107 P 1095 500 27 0 0 0 0 -1540 16702
17:52:57.107 P 1096 499 26 0 0 0 0 -1458 16640
17:52:57.107 P 1097 499 25 0 0 0 0 -1470 16672
17:52:57.107 P 1098 498 24 0 0 0 0 -1524 16704
17:52:57.107 P 1099 498 23 0 0 0 0 -1468 16780
17:52:57.107 D 5495 0 -0.10 0.000 0 0 5.06
17:52:57.107 P 1100 497 22 0 0 0 0 -1492 16782
17:52:57.107 P 1101 497 20 0 0 0 0 -1502 16730
17:52:57.107 P 1102 496 19 0 0 0 0 -1494 16738
17:52:57.107 P 1103 496 19 0 0 0 0 -1454 16642
17:52:57.107 P 1104 495 20 0 0 0 0 -1500 16686
17:52:57.107 P 1105 494 19 0 0 0 0 -1444 16750
17:52:57.107 P 1106 493 19 0 0 0 0 -1372 16714
17:52:57.107 P 1107 493 20 0 0 0 0 -1412 16666
17:52:57.107 P 1108 492 21 0 0 0 0 -1398 16712
17:52:57.107 P 1109 492 21 0 0 0 0 -1418 16760
17:52:57.107 P 1110 491 23 0 0 0 0 -1388 16732
17:52:57.107 P 1111 490 24 0 0 0 0 -1406 16776
17:52:57.107 P 1112 490 24 0 0 0 0 -1384 16858
17:52:57.107 P 1113 489 26 0 0 0 0 -1378 16664
17:52:57.107 P 1114 489 29 0 0 0 0 -1330 16694
17:52:57.107 P 1115 488 30 0 0 0 0 -1264 16650
17:52:57.107 P 1116 488 32 0 0 0 0 -1366 16754
17:52:57.107 P 1117 487 35 0 0 0 0 -1304 16714
17:52:57.107 P 1118 487 37 0 0 0 0 -1380 16738
17:52:57.107 D 5595 0 -0.25 0.000 0 0 5.06
17:52:57.107 P 1119 487 38 0 0 0 0 -1414 16658
17:52:57.107 P 1120 487 40 0 0 0 0 -1340 16666
17:52:57.107 P 1121 487 41 0 0 0 0 -1360 16642
17:52:57.107 P 1122 487 42 0 0 0 0 -1398 16666
17:52:57.107 P 1123 487 43 0 0 0 0 -1416 16660
17:52:57.107 P 1124 487 43 0 0 0 0 -1420 16736
17:52:57.107 P 1125 487 46 0 0 0 0 -1384 16692
17:52:57.107 P 1126 487 46 0 0 0 0 -1308 16710
17:52:57.107 P 1127 487 45 0 0 0 0 -1432 16676
17:52:57.107 P 1128 487 46 0 0 0 0 -1392 16684
17:52:57.107 P 1129 488 45 0 0 0 0 -1430 16594
17:52:57.107 P 1130 488 44 0 0 0 0 -1492 16712
17:52:57.107 P 1131 488 45 0 0 0 0 -1416 16728
17:52:57.107 P 1132 488 45 0 0 0 0 -1500 16782
17:52:57.107 P 1133 488 44 0 0 0 0 -1400 16766
17:52:57.107 P 1134 488 45 0 0 0 0 -1502 16690
17:52:57.107 P 1135 488 45 0 0 0 0 -1424 16670
17:52:57.107 P 1136 488 46 0 0 0 0 -1386 16708
17:52:57.107 P 1137 489 46 0 0 0 0 -1390 16798
17:52:57.107 P 1138 489 46 0 0 0 0 -1466 16790
17:52:57.107 D 5695 0 -0.25 0.000 0 0 5.06
17:52:57.107 P 1139 489 44 0 0 0 0 -1510 16708
17:52:57.107 P 1140 489 45 0 0 0 0 -1490 16630
17:52:57.107 P 1141 489 44 0 0 0 0 -1498 16650
17:52:57.107 P 1142 489 43 0 0 0 0 -1458 16852
17:52:57.107 P 1143 490 42 0 0 0 0 -1478 16814
17:52:57.107 P 1144 490 40 0 0 0 0 -1534 16762
17:52:57.107 P 1145 490 37 0 0 0 0 -1562 16624
17:52:57.107 P 1146 490 36 0 0 0 0 -1476 16628
17:52:57.107 P 1147 489 34 0 0 0 0 -1476 16680
17:52:57.107 P 1148 489 33 0 0 0 0 -1484 16700
17:52:57.107 P 1149 489 30 0 0 0 0 -1500 16694
17:52:57.107 P 1150 489 29 0 0 0 0 -1450 16654
17:52:57.107 P 1151 488 28 0 0 0 0 -1444 16550
17:52:57.107 P 1152 488 27 0 0 0 0 -1452 16658
17:52:57.107 P 1153 487 26 0 0 0 0 -1336 16696
17:52:57.107 P 1154 487 25 0 0 0 0 -1456 16792
17:52:57.107 P 1155 486 24 0 0 0 0 -1422 16720
17:52:57.107 P 1156 486 25 0 0 0 0 -1372 16702
17:52:57.107 P 1157 485 26 0 0 0 0 -1338 16722
17:52:57.107 P 1158 485 29 0 0 0 0 -1334 16610
17:52:57.107 D 5795 0 -0.31 0.000 0 0 5.06
17:52:57.107 P 1159 484 30 0 0 0 0 -1268 16686
17:52:57.107 P 1160 484 34 0 0 0 0 -1322 16716
17:52:57.107 P 1161 484 36 0 0 0 0 -1242 16742
17:52:57.107 P 1162 483 39 0 0 0 0 -1278 16688
17:52:57.107 P 1163 483 42 0 0 0 0 -1284 16718
17:52:57.107 P 1164 483 45 0 0 0 0 -1266 16750
17:52:57.107 P 1165 483 49 0 0 0 0 -1272 16624
17:52:57.107 P 1166 483 51 0 0 0 0 -1270 16656
17:52:57.107 P 1167 484 53 0 0 0 0 -1336 16668
17:52:57.107 P 1168 484 56 0 0 0 0 -1320 16710
17:52:57.107 P 1169 484 56 0 0 0 0 -1356 16798
17:52:57.107 P 1170 485 56 0 0 0 0 -1400 16786
17:52:57.107 P 1171 485 57 0 0 0 0 -1448 16726
17:52:57.107 P 1172 486 58 0 0 0 0 -1494 16750
17:52:57.107 P 1173 486 56 0 0 0 0 -1510 16694
17:52:57.107 P 1174 487 57 0 0 0 0 -1484 16574
17:52:57.107 P 1175 488 54 0 0 0 0 -1536 16772
17:52:57.107 P 1176 488 52 0 0 0 0 -1450 16752
17:52:57.107 P 1177 488 50 0 0 0 0 -1486 16716
17:52:57.107 P 1178 489 47 0 0 0 0 -1510 16682
17:52:57.107 D 5895 0 -0.29 0.000 0 0 5.06
17:52:57.107 P 1179 489 47 0 0 0 0 -1444 16634
17:52:57.107 P 1180 489 46 0 0 0 0 -1440 16822
17:52:57.107 P 1181 489 44 0 0 0 0 -1442 16646
17:52:57.107 P 1182 489 43 0 0 0 0 -1446 16782
17:52:57.107 P 1183 489 43 0 0 0 0 -1428 16690
17:52:57.107 P 1184 489 42 0 0 0 0 -1450 16798
17:52:57.107 P 1185 489 43 0 0 0 0 -1424 16696
17:52:57.107 P 1186 489 44 0 0 0 0 -1420 16708
17:52:57.107 P 1187 489 42 0 0 0 0 -1442 16696
17:52:57.107 P 1188 489 41 0 0 0 0 -1400 16714
17:52:57.107 P 1189 489 41 0 0 0 0 -1402 16676
17:52:57.107 P 1190 489 42 0 0 0 0 -1422 16700
17:52:57.107 P 1191 489 42 0 0 0 0 -1434 16734
17:52:57.107 P 1192 489 42 0 0 0 0 -1392 16720
17:52:57.107 P 1193 489 43 0 0 0 0 -1450 16758
17:52:57.107 P 1194 489 43 0 0 0 0 -1386 16666
17:52:57.107 P 1195 489 43 0 0 0 0 -1410 16696
17:52:57.107 P 1196 489 45 0 0 0 0 -1386 16650
17:52:57.107 P 1197 490 45 0 0 0 0 -1408 16816
17:52:57.107 P 1198 490 47 0 0 0 0 -1394 16734
17:52:57.107 D 5995 0 -0.29 0.000 0 0 5.06
17:52:57.107 P 1199 490 48 0 0 0 0 -1384 16620
17:52:57.107 P 1200 490 48 0 0 0 0 -1368 16606
17:52:57.107 P 1201 490 50 0 0 0 0 -1358 16746
17:52:57.107 P 1202 490 50 0 0 0 0 -1402 16778
17:52:57.107 P 1203 491 51 0 0 0 0 -1406 16818
17:52:57.107 P 1204 491 51 0 0 0 0 -1394 16756
17:52:57.107 P 1205 491 53 0 0 0 0 -1422 16742
17:52:57.107 P 1206 492 53 0 0 0 0 -1444 16666
17:52:57.107 P 1207 492 53 0 0 0 0 -1432 16712
17:52:57.107 P 1208 492 52 0 0 0 0 -1556 16666
17:52:57.107 P 1209 493 52 0 0 0 0 -1484 16792
17:52:57.107 P 1210 493 48 0 0 0 0 -1470 16784
17:52:57.107 P 1211 493 46 0 0 0 0 -1542 16678
17:52:57.107 P 1212 493 44 0 0 0 0 -1522 16820
17:52:57.107 P 1213 494 43 0 0 0 0 -1550 16700
17:52:57.107 P 1214 494 41 0 0 0 0 -1570 16746
17:52:57.107 P 1215 494 38 0 0 0 0 -1608 16698
17:52:57.107 P 1216 494 36 0 0 0 0 -1574 16610
17:52:57.107 P 1217 494 33 0 0 0 0 -1540 16744
17:52:57.107 P 1218 494 32 0 0 0 0 -1522 16606
17:52:57.107 P 1219 493 29 0 0 0 0 -1502 16742
17:52:57.107 D 6095 0 -0.25 0.000 0 0 5.06
17:52:57.107 P 1220 493 26 0 0 0 0 -1480 16648
17:52:57.107 P 1221 493 25 0 0 0 0 -1492 16738
17:52:57.107 P 1222 492 22 0 0 0 0 -1570 16610
17:52:57.107 P 1223 492 21 0 0 0 0 -1468 16660
17:52:57.107 P 1224 491 20 0 0 0 0 -1436 16768
17:52:57.107 P 1225 490 22 0 0 0 0 -1430 16764
17:52:57.107 P 1226 490 22 0 0 0 0 -1370 16688
17:52:57.107 P 1227 489 20 0 0 0 0 -1392 16678
17:52:57.107 P 1228 488 21 0 0 0 0 -1348 16682
17:52:57.107 P 1229 488 24 0 0 0 0 -1360 16700
17:52:57.107 P 1230 487 24 0 0 0 0 -1302 16706
17:52:57.107 P 1231 487 27 0 0 0 0 -1392 16730
17:52:57.107 P 1232 486 29 0 0 0 0 -1324 16686
17:52:57.107 P 1233 486 29 0 0 0 0 -1396 16732
17:52:57.107 P 1234 485 30 0 0 0 0 -1376 16726
17:52:57.107 P 1235 485 30 0 0 0 0 -1424 16770
17:52:57.107 P 1236 485 32 0 0 0 0 -1388 16656
17:52:58.227 P 1237 484 32 0 0 0 0 -1422 16630
17:52:58.227 P 1238 484 33 0 0 0 0 -1432 16678
17:52:58.227 D 6195 0 -0.35 0.000 0 0 5.06
17:52:58.227 P 1239 484 31 0 0 0 0 -1484 16662
17:52:58.227 P 1240 484 29 0 0 0 0 -1478 16764
17:52:58.227 P 1241 483 29 0 0 0 0 -1510 16698
17:52:58.227 P 1242 483 25 0 0 0 0 -1548 16672
17:52:58.227 P 1243 483 23 0 0 0 0 -1532 16696
17:52:58.227 P 1244 482 21 0 0 0 0 -1462 16700
17:52:58.227 P 1245 482 17 0 0 0 0 -1496 16702
17:52:58.227 P 1246 481 15 0 0 0 0 -1510 16664
17:52:58.227 P 1247 480 13 0 0 0 0 -1444 16584
17:52:58.227 P 1248 479 10 0 0 0 0 -1382 16664
17:52:58.227 P 1249 478 10 0 0 0 0 -1366 16724
17:52:58.227 P 1250 477 9 0 0 0 0 -1370 16674
17:52:58.227 P 1251 476 10 0 0 0 0 -1258 16730
17:52:58.227 P 1252 475 12 0 0 0 0 -1250 16676
17:52:58.227 P 1253 474 16 0 0 0 0 -1236 16768
17:52:58.227 P 1254 473 18 0 0 0 0 -1194 16682
17:52:58.227 P 1255 472 22 0 0 0 0 -1232 16730
17:52:58.227 P 1256 472 25 0 0 0 0 -1218 16754
17:52:58.227 P 1257 471 28 0 0 0 0 -1218 16716
17:52:58.227 P 1258 471 33 0 0 0 0 -1244 16758
17:52:58.227 D 6295 0 -0.52 0.000 0 0 5.06
17:52:58.227 P 1259 470 35 0 0 0 0 -1214 16794
17:52:58.227 P 1260 470 38 0 0 0 0 -1276 16652
17:52:58.227 P 1261 470 41 0 0 0 0 -1306 16704
17:52:58.227 P 1262 470 44 0 0 0 0 -1266 16718
17:52:58.227 P 1263 470 46 0 0 0 0 -1342 16650
17:52:58.227 P 1264 470 48 0 0 0 0 -1284 16784
17:52:58.227 P 1265 470 50 0 0 0 0 -1374 16656
17:52:58.227 P 1266 471 49 0 0 0 0 -1380 16628
17:52:58.227 P 1267 471 47 0 0 0 0 -1368 16796
17:52:58.227 P 1268 471 45 0 0 0 0 -1420 16764
17:52:58.227 P 1269 471 45 0 0 0 0 -1518 16738
17:52:58.227 P 1270 471 45 0 0 0 0 -1410 16616
17:52:58.227 P 1271 472 43 0 0 0 0 -1454 16640
17:52:58.227 P 1272 472 42 0 0 0 0 -1432 16758
17:52:58.227 P 1273 472 39 0 0 0 0 -1390 16750
17:52:58.227 P 1274 472 39 0 0 0 0 -1438 16692
17:52:58.227 P 1275 471 37 0 0 0 0 -1396 16674
17:52:58.227 P 1276 471 36 0 0 0 0 -1386 16736
17:52:58.227 P 1277 471 36 0 0 0 0 -1412 16686
17:52:58.227 P 1278 471 36 0 0 0 0 -1414 16728
17:52:58.227 D 6395 0 -0.51 0.000 0 0 5.06
17:52:58.227 P 1279 471 34 0 0 0 0 -1378 16704
17:52:58.227 P 1280 471 34 0 0 0 0 -1374 16736
17:52:58.227 P 1281 470 33 0 0 0 0 -1422 16790
17:52:58.227 P 1282 470 32 0 0 0 0 -1420 16616
17:52:58.227 P 1283 470 31 0 0 0 0 -1410 16620
17:52:58.227 P 1284 470 31 0 0 0 0 -1438 16700
17:52:58.227 P 1285 470 29 0 0 0 0 -1452 16670
17:52:58.227 P 1286 469 28 0 0 0 0 -1416 16646
17:52:58.227 P 1287 469 27 0 0 0 0 -1438 16654
17:52:58.227 P 1288 468 25 0 0 0 0 -1442 16586
17:52:58.227 P 1289 468 25 0 0 0 0 -1468 16718
17:52:58.227 P 1290 468 23 0 0 0 0 -1418 16786
17:52:58.227 P 1291 467 22 0 0 0 0 -1346 16724
17:52:58.227 P 1292 466 21 0 0 0 0 -1336 16764
17:52:58.227 P 1293 466 23 0 0 0 0 -1282 16768
17:52:58.227 P 1294 465 22 0 0 0 0 -1316 16692
17:52:58.227 P 1295 464 23 0 0 0 0 -1258 16704
17:52:58.227 P 1296 464 26 0 0 0 0 -1256 16752
17:52:58.227 P 1297 463 27 0 0 0 0 -1258 16722
17:52:58.227 P 1298 463 31 0 0 0 0 -1230 16706
17:52:58.227 D 6495 0 -0.60 0.000 0 0 5.06
17:52:58.227 P 1299 462 34 0 0 0 0 -1182 16728
17:52:58.227 P 1300 462 38 0 0 0 0 -1146 16808
17:52:58.227 P 1301 462 42 0 0 0 0 -1216 16754
17:52:58.227 P 1302 462 47 0 0 0 0 -1214 16746
17:52:58.227 P 1303 462 51 0 0 0 0 -1234 16754
17:52:58.227 P 1304 462 52 0 0 0 0 -1348 16650
17:52:58.227 P 1305 463 54 0 0 0 0 -1350 16658
17:52:58.227 P 1306 463 54 0 0 0 0 -1398 16686
17:52:58.227 P 1307 464 54 0 0 0 0 -1404 16654
17:52:58.227 P 1308 464 51 0 0 0 0 -1480 16632
17:52:58.227 P 1309 465 49 0 0 0 0 -1490 16792
17:52:58.227 P 1310 465 46 0 0 0 0 -1584 16626
17:52:58.227 P 1311 465 40 0 0 0 0 -1676 16788
17:52:58.227 P 1312 465 35 0 0 0 0 -1652 16718
17:52:58.227 P 1313 465 30 0 0 0 0 -1636 16692
17:52:58.227 P 1314 465 24 0 0 0 0 -1596 16636
17:52:58.227 P 1315 465 16 0 0 0 0 -1618 16812
17:52:58.227 P 1316 464 11 0 0 0 0 -1602 16696
17:52:58.227 P 1317 463 6 0 0 0 0 -1516 16618
17:52:58.227 P 1318 462 2 0 0 0 0 -1504 16668
17:52:58.227 D 6595 0 -0.57 0.000 0 0 5.06
17:52:58.227 P 1319 461 -3 0 0 0 0 -1400 16642
17:52:58.227 P 1320 460 -4 0 0 0 0 -1384 16812
17:52:58.227 P 1321 458 -5 0 0 0 0 -1390 16814
17:52:58.227 P 1322 457 -6 0 0 0 0 -1352 16654
17:52:58.227 P 1323 456 -7 0 0 0 0 -1298 16744
17:52:58.227 P 1324 454 -6 0 0 0 0 -1248 16658
17:52:58.227 P 1325 453 -6 0 0 0 0 -1296 16692
17:52:58.227 P 1326 451 -4 0 0 0 0 -1324 16754
17:52:58.227 P 1327 450 -3 0 0 0 0 -1316 16696
17:52:58.227 P 1328 448 -4 0 0 0 0 -1302 16774
17:52:58.227 P 1329 447 -4 0 0 0 0 -1274 16716
17:52:58.227 P 1330 446 -2 0 0 0 0 -1182 16772
17:52:58.227 P 1331 444 1 0 0 0 0 -1212 16626
17:52:58.227 P 1332 443 2 0 0 0 0 -1136 16698
17:52:58.227 P 1333 442 2 0 0 0 0 -1244 16832
17:52:58.227 P 1334 440 3 0 0 0 0 -1158 16758
17:52:58.227 P 1335 439 5 0 0 0 0 -1134 16724
17:52:58.227 P 1336 438 10 0 0 0 0 -1174 16738
17:52:58.227 P 1337 437 13 0 0 0 0 -1166 16808
17:52:58.227 P 1338 436 15 0 0 0 0 -1114 16724
17:52:58.227 D 6695 0 -0.87 0.000 0 0 5.06
17:52:58.227 P 1339 435 17 0 0 0 0 -1094 16714
17:52:58.227 P 1340 434 21 0 0 0 0 -1160 16880
17:52:58.227 P 1341 434 25 0 0 0 0 -1120 16680
17:52:58.227 P 1342 433 27 0 0 0 0 -1176 16630
17:52:58.227 P 1343 433 28 0 0 0 0 -1222 16646
17:52:58.227 P 1344 432 29 0 0 0 0 -1262 16748
17:52:58.227 P 1345 432 29 0 0 0 0 -1276 16750
17:52:58.227 P 1346 432 30 0 0 0 0 -1312 16706
17:52:58.227 P 1347 431 30 0 0 0 0 -1372 16676
17:52:58.227 P 1348 431 29 0 0 0 0 -1322 16694
17:52:58.227 P 1349 431 27 0 0 0 0 -1318 16720
17:52:58.227 P 1350 430 26 0 0 0 0 -1240 16758
17:52:58.227 P 1351 430 27 0 0 0 0 -1160 16644
17:52:58.227 P 1352 429 28 0 0 0 0 -1152 16774
17:52:58.227 P 1353 429 31 0 0 0 0 -1064 16880
17:52:58.227 P 1354 428 33 0 0 0 0 -1080 16786
17:52:58.227 P 1355 428 37 0 0 0 0 -1082 16606
17:52:58.227 P 1356 428 42 0 0 0 0 -1090 16692
17:52:58.227 P 1357 428 46 0 0 0 0 -1056 16702
17:52:58.227 P 1358 428 52 0 0 0 0 -1066 16808
17:52:58.227 P 1359 428 54 0 0 0 0 -1084 16776
17:52:58.227 D 6795 0 -0.97 0.000 0 0 5.06
17:52:58.227 P 1360 428 59 0 0 0 0 -1080 16720
17:52:58.227 P 1361 429 64 0 0 0 0 -1104 16696
17:52:58.227 P 1362 429 69 0 0 0 0 -1150 16736
17:52:58.227 P 1363 430 72 0 0 0 0 -1242 16758
17:52:58.227 P 1364 431 74 0 0 0 0 -1194 16768
17:52:58.227 P 1365 432 76 0 0 0 0 -1198 16730
17:52:58.227 P 1366 433 78 0 0 0 0 -1258 16746
17:52:58.227 P 1367 434 79 0 0 0 0 -1268 16804
17:52:58.227 P 1368 436 79 0 0 0 0 -1290 16780
17:52:58.227 P 1369 437 80 0 0 0 0 -1276 16720
17:52:58.227 P 1370 438 80 0 0 0 0 -1342 16680
17:52:58.227 P 1371 439 79 0 0 0 0 -1334 16756
17:52:58.227 P 1372 440 78 0 0 0 0 -1362 16700
17:52:58.227 P 1373 442 77 0 0 0 0 -1376 16722
17:52:58.227 P 1374 443 75 0 0 0 0 -1342 16774
17:52:58.227 P 1375 444 75 0 0 0 0 -1400 16728
17:52:58.227 P 1376 445 73 0 0 0 0 -1370 16740
17:52:58.227 P 1377 446 71 0 0 0 0 -1354 16612
17:52:58.227 P 1378 447 70 0 0 0 0 -1344 16700
17:52:58.227 D 6895 0 -0.77 0.000 0 0 5.06
17:52:58.227 P 1379 448 68 0 0 0 0 -1362 16774
17:52:58.227 P 1380 449 67 0 0 0 0 -1360 16698
17:52:58.227 P 1381 449 66 0 0 0 0 -1374 16790
17:52:58.227 P 1382 450 65 0 0 0 0 -1380 16752
17:52:58.227 P 1383 451 64 0 0 0 0 -1346 16740
17:52:58.227 P 1384 452 62 0 0 0 0 -1348 16784
17:52:58.227 P 1385 452 61 0 0 0 0 -1348 16724
17:52:58.227 P 1386 453 61 0 0 0 0 -1390 16622
17:52:58.227 P 1387 454 59 0 0 0 0 -1392 16634
17:52:58.227 P 1388 454 56 0 0 0 0 -1376 16694
17:52:58.227 P 1389 455 54 0 0 0 0 -1426 16802
17:52:58.227 P 1390 455 53 0 0 0 0 -1444 16688
17:52:58.227 P 1391 455 50 0 0 0 0 -1396 16698
17:52:58.227 P 1392 456 48 0 0 0 0 -1402 16652
17:52:58.227 P 1393 456 44 0 0 0 0 -1458 16696
17:52:58.227 P 1394 456 40 0 0 0 0 -1446 16644
17:52:58.227 P 1395 456 38 0 0 0 0 -1406 16628
17:52:58.227 P 1396 456 36 0 0 0 0 -1382 16666
17:52:58.227 P 1397 456 34 0 0 0 0 -1418 16696
17:52:58.227 P 1398 456 32 0 0 0 0 -1324 16740
17:52:58.227 P 1399 455 33 0 0 0 0 -1346 16732
17:52:58.227 D 6995 0 -0.66 0.000 0 0 5.06
17:52:58.227 P 1400 455 33 0 0 0 0 -1274 16748
17:52:58.227 P 1401 455 33 0 0 0 0 -1306 16746
17:52:58.227 P 1402 455 33 0 0 0 0 -1350 16642
17:52:58.227 P 1403 454 32 0 0 0 0 -1268 16676
17:52:58.227 P 1404 454 34 0 0 0 0 -1366 16778
17:52:58.227 P 1405 454 33 0 0 0 0 -1332 16706
17:52:58.227 P 1406 454 35 0 0 0 0 -1396 16570
17:52:58.227 P 1407 453 35 0 0 0 0 -1296 16750
17:52:58.227 P 1408 453 34 0 0 0 0 -1374 16692
17:52:58.227 P 1409 453 35 0 0 0 0 -1354 16748
17:52:58.227 P 1410 453 32 0 0 0 0 -1386 16690
17:52:58.227 P 1411 453 33 0 0 0 0 -1280 16806
17:52:58.227 P 1412 452 31 0 0 0 0 -1266 16782
17:52:58.227 P 1413 452 32 0 0 0 0 -1290 16614
17:52:58.227 P 1414 452 32 0 0 0 0 -1312 16776
17:52:58.227 P 1415 451 33 0 0 0 0 -1240 16790
17:52:58.227 P 1416 451 33 0 0 0 0 -1280 16730
17:52:58.227 P 1417 451 32 0 0 0 0 -1512 16832
17:52:58.227 P 1418 451 25 0 0 0 0 -1390 16800
17:52:58.227 D 7095 0 -0.71 0.000 0 0 5.06
17:52:58.227 P 1419 450 26 0 0 0 0 -1364 16620
17:52:58.227 P 1420 450 28 0 0 0 0 -1364 16526
17:52:58.227 P 1421 449 25 0 0 0 0 -1418 16800
17:52:58.227 P 1422 449 22 0 0 0 0 -1204 16906
17:52:58.227 P 1423 448 25 0 0 0 0 -1282 16746
17:52:58.227 P 1424 448 25 0 0 0 0 -1240 16724
17:52:58.227 P 1425 447 28 0 0 0 0 -1180 16660
17:52:58.227 P 1426 446 31 0 0 0 0 -990 16642
17:52:58.227 P 1427 446 40 0 0 0 0 -1088 16772
17:52:58.227 P 1428 446 43 0 0 0 0 -1054 16980
17:52:58.227 P 1429 446 49 0 0 0 0 -1020 16766
17:52:58.227 P 1430 446 58 0 0 0 0 -1088 16648
17:52:58.227 P 1431 446 62 0 0 0 0 -1116 16746
17:52:58.227 P 1432 447 66 0 0 0 0 -1054 16698
17:52:58.227 P 1433 448 73 0 0 0 0 -1164 16824
17:52:58.227 P 1434 449 76 0 0 0 0 -1212 16752
17:52:58.227 P 1435 450 80 0 0 0 0 -1182 16710
17:52:58.227 P 1436 451 83 0 0 0 0 -1164 16594
17:52:58.227 P 1437 452 86 0 0 0 0 -1204 16630
17:52:58.227 P 1438 453 88 0 0 0 0 -1232 16658
17:52:58.227 D 7195 0 -0.72 0.000 0 0 5.06
17:52:58.227 P 1439 455 90 0 0 0 0 -1326 16792
17:52:58.227 P 1440 456 91 0 0 0 0 -1342 16808
17:52:58.227 P 1441 458 93 0 0 0 0 -1268 16668
17:52:58.227 P 1442 459 95 0 0 0 0 -1276 16626
17:52:58.227 P 1443 461 95 0 0 0 0 -1376 16680
17:52:58.227 P 1444 463 94 0 0 0 0 -1392 16696
17:52:58.227 P 1445 464 95 0 0 0 0 -1402 16872
17:52:58.227 P 1446 466 93 0 0 0 0 -1466 16752
17:52:58.227 P 1447 468 92 0 0 0 0 -1448 16724
17:52:58.227 P 1448 469 91 0 0 0 0 -1480 16596
17:52:58.227 P 1449 471 90 0 0 0 0 -1520 16752
17:52:58.227 P 1450 473 84 0 0 0 0 -1656 16726
17:52:58.227 P 1451 474 80 0 0 0 0 -1616 16758
17:52:58.227 P 1452 475 76 0 0 0 0 -1552 16726
17:52:58.227 P 1453 477 73 0 0 0 0 -1620 16704
17:52:58.227 P 1454 478 66 0 0 0 0 -1582 16662
17:52:58.227 P 1455 478 62 0 0 0 0 -1620 16724
17:52:58.227 P 1456 479 57 0 0 0 0 -1566 16756
17:52:58.227 P 1457 480 52 0 0 0 0 -1614 16766
17:52:58.227 P 1458 480 49 0 0 0 0 -1536 16686
17:52:58.227 D 7295 0 -0.41 0.000 0 0 5.06
17:52:58.227 P 1459 480 44 0 0 0 0 -1522 16676
17:52:59.340 P 1460 480 41 0 0 0 0 -1434 16772
17:52:59.340 P 1461 480 39 0 0 0 0 -1464 16650
17:52:59.340 P 1462 480 39 0 0 0 0 -1388 16762
17:52:59.340 P 1463 480 41 0 0 0 0 -1398 16698
17:52:59.340 P 1464 480 40 0 0 0 0 -1372 16776
17:52:59.340 P 1465 480 40 0 0 0 0 -1400 16740
17:52:59.340 P 1466 480 40 0 0 0 0 -1404 16718
17:52:59.340 P 1467 480 41 0 0 0 0 -1404 16652
17:52:59.340 P 1468 480 41 0 0 0 0 -1416 16750
17:52:59.340 P 1469 480 42 0 0 0 0 -1402 16698
17:52:59.340 P 1470 480 42 0 0 0 0 -1410 16872
17:52:59.340 P 1471 480 42 0 0 0 0 -1384 16758
17:52:59.340 P 1472 480 41 0 0 0 0 -1428 16734
17:52:59.340 P 1473 480 41 0 0 0 0 -1384 16832
17:52:59.340 P 1474 480 42 0 0 0 0 -1418 16700
17:52:59.340 P 1475 480 44 0 0 0 0 -1376 16790
17:52:59.340 P 1476 480 44 0 0 0 0 -1430 16812
17:52:59.340 P 1477 481 45 0 0 0 0 -1526 16670
17:52:59.340 P 1478 481 41 0 0 0 0 -1550 16614
17:52:59.340 D 7395 0 -0.40 0.000 0 0 5.06
17:52:59.340 P 1479 481 38 0 0 0 0 -1550 16692
17:52:59.340 P 1480 481 39 0 0 0 0 -1600 16750
17:52:59.340 P 1481 481 36 0 0 0 0 -1662 16674
17:52:59.340 P 1482 481 29 0 0 0 0 -1534 16726
17:52:59.340 P 1483 481 24 0 0 0 0 -1608 16664
17:52:59.340 P 1484 480 21 0 0 0 0 -1600 16784
17:52:59.340 P 1485 480 16 0 0 0 0 -1594 16722
17:52:59.340 P 1486 479 12 0 0 0 0 -1860 16608
17:52:59.340 P 1487 479 -5 0 0 0 0 -2076 16466
17:52:59.340 P 1488 477 -20 0 0 0 0 -1620 16906
17:52:59.340 P 1489 477 -12 0 0 0 0 -2220 16914
17:52:59.340 P 1490 475 -34 0 0 0 0 -2034 16652
17:52:59.340 P 1491 472 -61 0 0 0 0 -1596 16524
17:52:59.340 P 1492 470 -65 0 0 0 0 -1902 16650
17:52:59.340 P 1493 467 -74 0 0 0 0 -2102 16704
17:52:59.340 P 1494 463 -95 0 0 0 0 -1664 16824
17:52:59.340 P 1495 459 -102 0 0 0 0 -1594 16744
17:52:59.340 P 1496 455 -109 0 0 0 0 -1778 16558
17:52:59.340 P 1497 451 -125 0 0 0 0 -1704 16578
17:52:59.340 P 1498 446 -133 0 0 0 0 -1470 16662
17:52:59.340 D 7495 0 -0.66 0.000 0 0 5.06
17:52:59.340 P 1499 441 -137 0 0 0 0 -1618 16806
17:52:59.340 P 1500 435 -144 0 0 0 0 -1722 16858
17:52:59.340 P 1501 430 -160 0 0 0 0 -1500 16718
17:52:59.340 P 1502 424 -169 0 0 0 0 -1504 16634
17:52:59.340 P 1503 418 -172 0 0 0 0 -1578 16580
17:52:59.340 P 1504 411 -179 0 0 0 0 -1576 16706
17:52:59.340 P 1505 405 -186 0 0 0 0 -1396 16866
17:52:59.340 P 1506 398 -194 0 0 0 0 -1384 16796
17:52:59.340 P 1507 390 -202 0 0 0 0 -1260 16666
17:52:59.340 P 1508 383 -202 0 0 0 0 -954 16532
17:52:59.340 P 1509 375 -196 0 0 0 0 -800 16566
17:52:59.340 P 1510 368 -189 0 0 0 0 -654 16776
17:52:59.340 P 1511 360 -184 0 0 0 0 -404 16902
17:52:59.340 P 1512 352 -174 0 0 0 0 166 16884
17:52:59.340 P 1513 345 -137 0 0 0 0 738 16550
17:52:59.340 P 1514 339 -86 0 0 0 0 750 16784
17:52:59.340 P 1515 334 -52 0 0 0 0 838 17288
17:52:59.340 P 1516 330 -22 0 0 0 0 1060 17320
17:52:59.340 P 1517 327 31 0 0 0 0 850 16932
17:52:59.340 P 1518 327 85 0 0 0 0 420 16510
17:52:59.340 D 7595 0 -2.09 0.000 0 0 5.06
17:52:59.340 P 1519 327 118 0 0 0 0 424 16648
17:52:59.340 P 1520 329 147 0 0 0 0 62 17034
17:52:59.340 P 1521 333 171 0 0 0 0 -438 17126
17:52:59.340 P 1522 337 187 0 0 0 0 -632 16764
17:52:59.340 P 1523 341 197 0 0 0 0 -886 16488
17:52:59.340 P 1524 347 200 0 0 0 0 -1246 16534
17:52:59.340 P 1525 352 191 0 0 0 0 -1530 16744
17:52:59.340 P 1526 357 178 0 0 0 0 -1674 16832
17:52:59.340 P 1527 361 166 0 0 0 0 -1658 16690
17:52:59.340 P 1528 365 156 0 0 0 0 -1662 16536
17:52:59.340 P 1529 369 141 0 0 0 0 -1550 16544
17:52:59.340 P 1530 372 127 0 0 0 0 -1360 16652
17:52:59.340 P 1531 375 121 0 0 0 0 -1314 16812
17:52:59.340 P 1532 377 117 0 0 0 0 -1242 16870
17:52:59.340 P 1533 379 113 0 0 0 0 -1126 16816
17:52:59.340 P 1534 382 112 0 0 0 0 -1218 16658
17:52:59.340 P 1535 384 108 0 0 0 0 -1258 16562
17:52:59.340 P 1536 386 104 0 0 0 0 -1332 16662
17:52:59.340 P 1537 388 101 0 0 0 0 -1282 16746
17:52:59.340 P 1538 390 96 0 0 0 0 -1138 16708
17:52:59.340 D 7695 0 -1.38 0.000 0 0 5.06
17:52:59.340 P 1539 391 97 0 0 0 0 -934 16668
17:52:59.340 P 1540 393 103 0 0 0 0 -900 16662
17:52:59.340 P 1541 394 111 0 0 0 0 -820 16810
17:52:59.340 P 1542 396 119 0 0 0 0 -904 16762
17:52:59.340 P 1543 399 125 0 0 0 0 -1022 16794
17:52:59.340 P 1544 401 130 0 0 0 0 -1086 16752
17:52:59.340 P 1545 404 132 0 0 0 0 -1192 16728
17:52:59.340 P 1546 407 133 0 0 0 0 -1432 16540
17:52:59.340 P 1547 410 125 0 0 0 0 -1746 16702
17:52:59.340 P 1548 414 115 0 0 0 0 -1924 16714
17:52:59.340 P 1549 416 98 0 0 0 0 -2074 16786
17:52:59.340 P 1550 418 81 0 0 0 0 -2046 16720
17:52:59.340 P 1551 420 63 0 0 0 0 -1910 16798
17:52:59.340 P 1552 421 45 0 0 0 0 -1702 16760
17:52:59.340 P 1553 421 35 0 0 0 0 -1452 16798
17:52:59.340 P 1554 420 30 0 0 0 0 -1254 16726
17:52:59.340 P 1555 420 30 0 0 0 0 -1148 16682
17:52:59.340 P 1556 419 32 0 0 0 0 -1010 16706
17:52:59.340 P 1557 419 37 0 0 0 0 -1006 16696
17:52:59.340 P 1558 419 41 0 0 0 0 -1152 16708
17:52:59.340 D 7795 0 -1.03 0.000 0 0 5.06
17:52:59.340 P 1559 419 41 0 0 0 0 -1274 16790
17:52:59.340 P 1560 419 38 0 0 0 0 -1576 16598
17:52:59.340 P 1561 420 31 0 0 0 0 -1800 16670
17:52:59.340 P 1562 420 18 0 0 0 0 -1920 16608
17:52:59.340 P 1563 419 2 0 0 0 0 -2012 16684
17:52:59.340 P 1564 419 -16 0 0 0 0 -1904 16738
17:52:59.340 P 1565 417 -31 0 0 0 0 -1700 16768
17:52:59.340 P 1566 415 -41 0 0 0 0 -1444 16818
17:52:59.340 P 1567 412 -42 0 0 0 0 -1022 16742
17:52:59.340 P 1568 409 -37 0 0 0 0 -648 16752
17:52:59.340 P 1569 406 -24 0 0 0 0 -316 16824
17:52:59.340 P 1570 403 -3 0 0 0 0 -260 16762
17:52:59.340 P 1571 402 20 0 0 0 0 -262 16870
17:52:59.340 P 1572 401 42 0 0 0 0 -296 16728
17:52:59.340 P 1573 401 63 0 0 0 0 -456 16612
17:52:59.340 P 1574 401 80 0 0 0 0 -740 16722
17:52:59.340 P 1575 403 91 0 0 0 0 -1026 16794
17:52:59.340 P 1576 404 97 0 0 0 0 -1224 16750
17:52:59.340 P 1577 406 95 0 0 0 0 -1308 16722
17:52:59.340 P 1578 408 91 0 0 0 0 -1446 16708
17:52:59.340 D 7895 0 -1.15 0.000 0 0 5.06
17:52:59.340 P 1579 410 84 0 0 0 0 -1584 16704
17:52:59.340 P 1580 411 77 0 0 0 0 -1524 16680
17:52:59.340 P 1581 412 69 0 0 0 0 -1398 16742
17:52:59.340 P 1582 413 61 0 0 0 0 -1184 16682
17:52:59.340 P 1583 413 61 0 0 0 0 -1046 16754
17:52:59.340 P 1584 414 63 0 0 0 0 -936 16742
17:52:59.340 P 1585 414 70 0 0 0 0 -974 16812
17:52:59.340 P 1586 415 75 0 0 0 0 -1118 16682
17:52:59.340 P 1587 416 77 0 0 0 0 -1272 16772
17:52:59.340 P 1588 417 76 0 0 0 0 -1312 16836
17:52:59.340 P 1589 419 74 0 0 0 0 -1352 16876
17:52:59.340 P 1590 420 69 0 0 0 0 -1466 16750
17:52:59.340 P 1591 420 65 0 0 0 0 -1160 16752
17:52:59.340 P 1592 421 69 0 0 0 0 -972 16696
17:52:59.340 P 1593 421 78 0 0 0 0 -628 16846
17:52:59.340 P 1594 422 92 0 0 0 0 -456 16798
17:52:59.340 P 1595 423 110 0 0 0 0 -400 16774
17:52:59.340 P 1596 425 130 0 0 0 0 -416 16738
17:52:59.340 P 1597 427 151 0 0 0 0 -374 16752
17:52:59.340 P 1598 430 175 0 0 0 0 -516 16702
17:52:59.340 D 7995 0 -1.02 0.000 0 0 5.06
17:52:59.340 P 1599 434 197 0 0 0 0 -570 16816
17:52:59.340 P 1600 439 215 0 0 0 0 -818 16804
17:52:59.340 P 1601 444 224 0 0 0 0 -1200 16644
17:52:59.340 P 1602 450 224 0 0 0 0 -1544 16756
17:52:59.340 P 1603 456 215 0 0 0 0 -1820 16592
17:52:59.340 P 1604 462 208 0 0 0 0 -2308 16624
17:52:59.340 P 1605 468 184 0 0 0 0 -2684 16650
17:52:59.340 P 1606 473 151 0 0 0 0 -2784 16694
17:52:59.340 P 1607 477 119 0 0 0 0 -2944 16464
17:52:59.340 P 1608 480 80 0 0 0 0 -3054 16580
17:52:59.340 P 1609 482 37 0 0 0 0 -2858 16652
17:52:59.340 P 1610 482 2 0 0 0 0 -2700 16694
17:52:59.340 P 1611 481 -30 0 0 0 0 -2274 16680
17:52:59.340 P 1612 479 -49 0 0 0 0 -1566 16542
17:52:59.340 P 1613 476 -48 0 0 0 0 -1052 16716
17:52:59.340 P 1614 472 -39 0 0 0 0 -414 16832
17:52:59.340 P 1615 468 -20 0 0 0 0 56 16962
17:52:59.340 P 1616 466 13 0 0 0 0 358 16972
17:52:59.340 P 1617 464 52 0 0 0 0 318 16798
17:52:59.340 P 1618 464 93 0 0 0 0 182 16844
17:52:59.340 D 8095 0 -0.67 0.000 0 0 5.06
17:52:59.340 P 1619 465 128 0 0 0 0 -128 16844
17:52:59.340 P 1620 468 158 0 0 0 0 -494 16804
17:52:59.340 P 1621 471 181 0 0 0 0 -934 16754
17:52:59.340 P 1622 476 193 0 0 0 0 -1342 16690
17:52:59.340 P 1623 481 196 0 0 0 0 -1744 16582
17:52:59.340 P 1624 486 187 0 0 0 0 -2176 16600
17:52:59.340 P 1625 491 170 0 0 0 0 -2446 16722
17:52:59.340 P 1626 496 147 0 0 0 0 -2782 16592
17:52:59.340 P 1627 500 116 0 0 0 0 -2978 16488
17:52:59.340 P 1628 503 81 0 0 0 0 -2944 16484
17:52:59.340 P 1629 505 47 0 0 0 0 -2822 16548
17:52:59.340 P 1630 506 16 0 0 0 0 -2650 16724
17:52:59.340 P 1631 505 -10 0 0 0 0 -2018 16604
17:52:59.340 P 1632 503 -23 0 0 0 0 -1406 16758
17:52:59.340 P 1633 500 -20 0 0 0 0 -1012 16862
17:52:59.340 P 1634 497 -13 0 0 0 0 -548 16702
17:52:59.340 P 1635 495 7 0 0 0 0 -166 16810
17:52:59.340 P 1636 493 39 0 0 0 0 -36 16896
17:52:59.340 P 1637 493 71 0 0 0 0 -78 16718
17:52:59.340 P 1638 493 100 0 0 0 0 -452 16636
17:52:59.340 D 8195 0 -0.33 0.000 0 0 5.06
17:52:59.340 P 1639 495 122 0 0 0 0 -1008 16748
17:52:59.340 P 1640 498 134 0 0 0 0 -1464 16666
17:52:59.340 P 1641 501 137 0 0 0 0 -1860 16690
17:52:59.340 P 1642 505 131 0 0 0 0 -1936 16740
17:52:59.340 P 1643 508 123 0 0 0 0 -1816 16640
17:52:59.340 P 1644 510 115 0 0 0 0 -1652 16774
17:52:59.340 P 1645 512 111 0 0 0 0 -1570 16772
17:52:59.340 P 1646 514 110 0 0 0 0 -1392 16686
17:52:59.340 P 1647 516 112 0 0 0 0 -1270 16666
17:52:59.340 P 1648 518 118 0 0 0 0 -1188 16716
17:52:59.340 P 1649 520 128 0 0 0 0 -1124 16752
17:52:59.340 P 1650 523 143 0 0 0 0 -1348 16716
17:52:59.340 P 1651 526 148 0 0 0 0 -1422 16610
17:52:59.340 P 1652 529 147 0 0 0 0 -1570 16638
17:52:59.340 P 1653 533 138 0 0 0 0 -1760 16744
17:52:59.340 P 1654 535 130 0 0 0 0 -1738 16744
17:52:59.340 P 1655 539 131 0 0 0 0 -1860 16658
17:52:59.340 P 1656 542 126 0 0 0 0 -1952 16512
17:52:59.340 P 1657 544 111 0 0 0 0 -2136 16990
17:52:59.340 P 1658 547 104 0 0 0 0 -2176 16696
17:52:59.340 D 8295 0 0.28 0.000 0 0 5.06
17:52:59.340 P 1659 549 97 0 0 0 0 -2160 16732
17:52:59.340 P 1660 551 78 0 0 0 0 -1954 16404
17:52:59.340 P 1661 552 66 0 0 0 0 -1570 16392
17:52:59.340 P 1662 552 70 0 0 0 0 -1580 16842
17:52:59.340 P 1663 553 72 0 0 0 0 -1444 16944
17:52:59.340 P 1664 554 77 0 0 0 0 -1184 16866
17:52:59.340 P 1665 555 86 0 0 0 0 -1214 16620
17:52:59.340 P 1666 556 94 0 0 0 0 -1232 16476
17:52:59.340 P 1667 557 102 0 0 0 0 -1318 16524
17:52:59.340 P 1668 559 107 0 0 0 0 -1498 16818
17:52:59.340 P 1669 561 112 0 0 0 0 -1648 16740
17:52:59.340 P 1670 564 110 0 0 0 0 -2124 16858
17:52:59.340 P 1671 566 99 0 0 0 0 -2154 16686
17:52:59.340 P 1672 568 89 0 0 0 0 -2344 16344
17:52:59.340 P 1673 570 71 0 0 0 0 -2408 16584
17:52:59.340 P 1674 572 52 0 0 0 0 -2456 16742
17:52:59.340 P 1675 572 33 0 0 0 0 -2388 16742
17:52:59.340 P 1676 572 19 0 0 0 0 -1972 16734
17:52:59.340 P 1677 571 13 0 0 0 0 -1706 16658
17:52:59.340 P 1678 570 11 0 0 0 0 -1542 16856
17:52:59.340 D 8395 0 0.52 0.000 0 0 5.06
17:52:59.340 P 1679 569 10 0 0 0 0 -1348 16832
17:52:59.340 P 1680 567 19 0 0 0 0 -1174 16782
17:52:59.340 P 1681 566 30 0 0 0 0 -1242 16636
17:52:59.340 P 1682 566 38 0 0 0 0 -1144 16646
17:52:59.647 P 1683 565 48 0 0 0 0 -1100 16602
17:52:59.647 P 1684 565 62 0 0 0 0 -1100 16704
17:52:59.647 P 1685 566 74 0 0 0 0 -1276 16712
17:52:59.647 P 1686 567 82 0 0 0 0 -1418 16790
17:52:59.647 P 1687 568 87 0 0 0 0 -1592 16656
17:52:59.647 P 1688 570 87 0 0 0 0 -1876 16548
17:52:59.647 P 1689 572 85 0 0 0 0 -1930 16586
17:52:59.647 P 1690 573 77 0 0 0 0 -2032 16700
17:52:59.647 P 1691 575 70 0 0 0 0 -2204 16730
17:52:59.647 P 1692 576 57 0 0 0 0 -2280 16738
17:52:59.647 P 1693 576 43 0 0 0 0 -2292 16584
17:52:59.647 P 1694 577 29 0 0 0 0 -2434 16522
17:52:59.647 P 1695 577 11 0 0 0 0 -2390 16474
17:52:59.647 P 1696 576 -5 0 0 0 0 -2256 16650
17:52:59.647 P 1697 575 -19 0 0 0 0 -2260 16716
17:52:59.647 P 1698 573 -34 0 0 0 0 -2192 16820
17:52:59.647 D 8495 0 0.61 0.000 0 0 5.06
17:52:59.647 P 1699 571 -48 0 0 0 0 -2280 16684
17:52:59.647 P 1700 569 -68 0 0 0 0 -2440 16632
17:52:59.647 P 1701 566 -87 0 0 0 0 -2612 16622
17:52:59.647 P 1702 563 -107 0 0 0 0 -2564 16606
17:52:59.647 P 1703 559 -129 0 0 0 0 -2626 16600
17:52:59.647 P 1704 554 -154 0 0 0 0 -2556 16546
17:52:59.647 P 1705 548 -178 0 0 0 0 -2414 16578
17:52:59.647 P 1706 542 -198 0 0 0 0 -2214 16516
17:52:59.647 P 1707 534 -213 0 0 0 0 -1722 16576
17:52:59.647 P 1708 526 -217 0 0 0 0 -1160 16808
17:52:59.647 P 1709 517 -208 0 0 0 0 -634 16724
17:52:59.647 P 1710 508 -188 0 0 0 0 -28 16766
17:52:59.647 P 1711 500 -153 0 0 0 0 552 16846
17:52:59.647 P 1712 493 -104 0 0 0 0 912 16832
17:52:59.647 P 1713 488 -52 0 0 0 0 846 16990
17:52:59.647 P 1714 484 -4 0 0 0 0 576 16952
17:52:59.647 P 1715 482 43 0 0 0 0 162 16778
17:52:59.647 P 1716 482 83 0 0 0 0 -208 16836
17:52:59.647 P 1717 483 113 0 0 0 0 -442 16740
17:52:59.647 P 1718 485 137 0 0 0 0 -798 16606
17:52:59.647 D 8595 0 -0.47 0.000 0 0 5.06
17:52:59.647 P 1719 488 153 0 0 0 0 -1056 16580
17:52:59.647 P 1720 492 161 0 0 0 0 -1114 16722
17:52:59.647 P 1721 495 171 0 0 0 0 -1198 16584
17:52:59.647 P 1722 499 180 0 0 0 0 -1322 16688
17:52:59.647 P 1723 504 184 0 0 0 0 -1584 16660
17:52:59.647 P 1724 509 180 0 0 0 0 -1880 16684
17:52:59.647 P 1725 513 171 0 0 0 0 -2114 16668
17:52:59.647 P 1726 518 159 0 0 0 0 -2206 16712
17:52:59.647 P 1727 522 143 0 0 0 0 -2246 16712
17:52:59.647 P 1728 525 124 0 0 0 0 -2152 16838
17:52:59.647 P 1729 527 112 0 0 0 0 -1804 16806
17:52:59.647 P 1730 529 105 0 0 0 0 -1382 16724
17:52:59.647 P 1731 530 107 0 0 0 0 -1106 16780
17:52:59.881 D 8730 0 0.37 0.000 0 0 5.06
17:52:59.881 P 1732 532 114 0 0 0 0 -1108 16912
17:52:59.881 P 1733 534 128 0 0 0 0 -932 16808
17:52:59.881 P 1734 537 141 0 0 0 0 -1380 16810
17:52:59.881 P 1735 540 144 0 0 0 0 -1796 16662
17:52:59.881 P 1736 544 136 0 0 0 0 -2156 16412
17:52:59.881 P 1737 547 119 0 0 0 0 -2538 16310
17:52:59.881 P 1738 550 100 0 0 0 0 -2744 16598
17:52:59.881 P 1739 553 80 0 0 0 0 -2738 16692
17:52:59.881 P 1740 555 58 0 0 0 0 -2742 16578
17:52:59.881 P 1741 556 33 0 0 0 0 -2636 16528
17:52:59.881 P 1742 555 5 0 0 0 0 -2306 16620
17:52:59.881 P 1743 554 -14 0 0 0 0 -2254 16768
17:52:59.881 P 1744 553 -31 0 0 0 0 -2342 16842
17:52:59.881 P 1745 551 -52 0 0 0 0 -2248 16722
17:52:59.881 P 1746 548 -68 0 0 0 0 -2170 16648
17:52:59.881 P 1747 545 -78 0 0 0 0 -2128 16670
17:52:59.881 P 1748 542 -95 0 0 0 0 -2046 16702
17:52:59.881 P 1749 537 -110 0 0 0 0 -1954 16724
17:52:59.881 P 1750 533 -121 0 0 0 0 -1870 16778
17:52:59.881 P 1751 528 -128 0 0 0 0 -1760 16744
17:52:59.881 P 1752 523 -136 0 0 0 0 -1716 16666
17:52:59.881 P 1753 517 -142 0 0 0 0 -1584 16662
17:52:59.881 P 1754 512 -141 0 0 0 0 -1540 16808
17:52:59.881 P 1755 506 -145 0 0 0 0 -1130 16898
17:52:59.881 P 1756 498 -128 0 0 0 0 656 16940
17:52:59.881 P 1757 492 -55 0 0 0 0 1594 17034
17:52:59.881 P 1758 487 23 0 0 0 0 1958 17308
17:52:59.881 P 1759 485 85 0 0 0 0 1900 16958
17:52:59.881 P 1760 485 153 0 0 0 0 1102 16748
17:52:59.881 P 1761 490 220 0 0 0 0 -258 16684
17:52:59.881 P 1762 495 255 0 0 0 0 -900 16758
17:52:59.881 P 1763 502 267 0 0 0 0 -1318 16574
17:52:59.881 P 1764 510 273 0 0 0 0 -2040 16474
17:52:59.881 P 1765 518 263 0 0 0 0 -2470 16552
17:52:59.881 P 1766 525 243 0 0 0 0 -2554 16428
17:52:59.881 P 1767 532 223 0 0 0 0 -2432 16580
17:52:59.881 P 1768 538 202 0 0 0 0 -2528 16724
17:52:59.881 P 1769 543 176 0 0 0 0 -2362 16614
17:52:59.881 P 1770 546 149 0 0 0 0 -2166 16614
17:52:59.881 P 1771 550 135 0 0 0 0 -2072 16696
17:52:59.881 P 1772 554 130 0 0 0 0 -2924 16364
17:52:59.881 P 1773 556 92 0 0 0 0 -1846 16918
17:52:59.881 P 1774 557 86 0 0 0 0 -1534 16996
17:52:59.881 P 1775 559 97 0 0 0 0 -1460 16644
17:52:59.881 P 1776 559 98 0 0 0 0 -614 16204
17:52:59.881 P 1777 562 80 0 0 0 0 -3306 16712
17:52:59.881 P 1778 562 34 0 0 0 0 -1520 17108
17:53:00.099 D 8965 0 0.31 0.000 0 0 5.06
17:53:00.099 P 1779 565 76 0 0 0 0 -3660 16466
17:53:00.099 P 1780 566 35 0 0 0 0 -2168 16596
17:53:00.099 P 1781 565 10 0 0 0 0 -1640 16464
17:53:00.099 P 1782 564 2 0 0 0 0 -2158 16812
17:53:00.099 P 1783 563 -17 0 0 0 0 -1900 16810
17:53:00.099 P 1784 561 -16 0 0 0 0 -1338 16610
17:53:00.099 P 1785 559 3 0 0 0 0 -1362 16650
17:53:00.099 P 1786 558 0 0 0 0 0 -1848 16624
17:53:00.099 P 1787 556 -19 0 0 0 0 -1504 16694
17:53:00.099 P 1788 555 -5 0 0 0 0 -1618 16816
17:53:00.099 P 1789 554 3 0 0 0 0 -2032 16702
17:53:00.099 P 1790 553 -16 0 0 0 0 -1890 16708
17:53:00.099 P 1791 551 -32 0 0 0 0 -1816 16614
17:53:00.099 P 1792 549 -25 0 0 0 0 -1652 16602
17:53:00.099 P 1793 547 -19 0 0 0 0 -1760 16714
17:53:00.099 P 1794 545 -32 0 0 0 0 -1586 16762
17:53:00.099 P 1795 542 -40 0 0 0 0 -1634 16782
17:53:00.099 P 1796 540 -37 0 0 0 0 -1734 16704
17:53:00.099 P 1797 538 -37 0 0 0 0 -1602 16594
17:53:00.099 P 1798 535 -37 0 0 0 0 -1484 16634
17:53:00.099 P 1799 533 -39 0 0 0 0 -1570 16790
17:53:00.099 P 1800 530 -44 0 0 0 0 -1570 16734
17:53:00.099 P 1801 528 -42 0 0 0 0 -1542 16738
17:53:00.099 P 1802 525 -35 0 0 0 0 -1444 16660
17:53:00.099 P 1803 523 -35 0 0 0 0 -1336 16606
17:53:00.099 P 1804 520 -37 0 0 0 0 -1240 16622
17:53:00.099 P 1805 518 -30 0 0 0 0 -1202 16774
17:53:00.099 P 1806 515 -19 0 0 0 0 -1148 16812
17:53:00.099 P 1807 513 -12 0 0 0 0 -1164 16778
17:53:00.099 P 1808 512 -6 0 0 0 0 -1156 16598
17:53:00.099 P 1809 510 0 0 0 0 0 -1194 16654
17:53:00.099 P 1810 509 8 0 0 0 0 -1208 16674
17:53:00.099 P 1811 508 17 0 0 0 0 -1196 16780
17:53:00.099 P 1812 507 24 0 0 0 0 -1228 16740
17:53:00.099 P 1813 506 29 0 0 0 0 -1242 16684
17:53:00.099 P 1814 506 35 0 0 0 0 -1218 16716
17:53:00.099 P 1815 505 41 0 0 0 0 -1256 16698
17:53:00.099 P 1816 505 46 0 0 0 0 -1264 16726
17:53:00.099 P 1817 505 51 0 0 0 0 -1310 16814
17:53:00.099 P 1818 506 56 0 0 0 0 -1284 16688
17:53:00.099 P 1819 506 60 0 0 0 0 -1328 16616
17:53:00.099 P 1820 507 64 0 0 0 0 -1268 16650
17:53:00.099 P 1821 507 67 0 0 0 0 -1300 16710
17:53:00.099 P 1822 508 71 0 0 0 0 -1302 16640
17:53:00.099 P 1823 509 75 0 0 0 0 -1272 16734
17:53:00.332 D 9195 0 0.11 0.000 0 0 5.06
17:53:00.332 P 1824 509 79 0 0 0 0 -1200 16728
17:53:00.332 P 1825 511 86 0 0 0 0 -1294 16712
17:53:00.332 P 1826 512 91 0 0 0 0 -1318 16752
17:53:00.332 P 1827 513 96 0 0 0 0 -1294 16732
17:53:00.332 P 1828 515 102 0 0 0 0 -1222 16750
17:53:00.332 P 1829 517 108 0 0 0 0 -1306 16692
17:53:00.332 P 1830 518 114 0 0 0 0 -1228 16702
17:53:00.332 P 1831 521 121 0 0 0 0 -1222 16700
17:53:00.332 P 1832 523 127 0 0 0 0 -1272 16676
17:53:00.332 P 1833 525 134 0 0 0 0 -1322 16706
17:53:00.332 P 1834 528 141 0 0 0 0 -1336 16724
17:53:00.332 P 1835 531 147 0 0 0 0 -1284 16700
17:53:00.332 P 1836 534 151 0 0 0 0 -1474 16694
17:53:00.332 P 1837 538 155 0 0 0 0 -1458 16714
17:53:00.332 P 1838 541 159 0 0 0 0 -1566 16626
17:53:00.332 P 1839 545 160 0 0 0 0 -1600 16724
17:53:00.332 P 1840 549 160 0 0 0 0 -1616 16610
17:53:00.332 P 1841 552 160 0 0 0 0 -1712 16724
17:53:00.332 P 1842 556 157 0 0 0 0 -1776 16686
17:53:00.332 P 1843 560 152 0 0 0 0 -1762 16702
17:53:00.332 P 1844 563 150 0 0 0 0 -1896 16638
17:53:00.332 P 1845 567 146 0 0 0 0 -1856 16594
17:53:00.332 P 1846 570 140 0 0 0 0 -1858 16658
17:53:00.332 P 1847 573 135 0 0 0 0 -1878 16692
17:53:00.332 P 1848 576 129 0 0 0 0 -1834 16580
17:53:00.332 P 1849 578 124 0 0 0 0 -1854 16718
17:53:00.332 P 1850 581 120 0 0 0 0 -1810 16696
17:53:00.332 P 1851 583 119 0 0 0 0 -1822 16750
17:53:00.332 P 1852 586 116 0 0 0 0 -1710 16684
17:53:00.332 P 1853 588 114 0 0 0 0 -1774 16666
17:53:00.332 P 1854 590 113 0 0 0 0 -1794 16594
17:53:00.332 P 1855 592 110 0 0 0 0 -1806 16642
17:53:00.332 P 1856 595 109 0 0 0 0 -1818 16662
17:53:00.332 P 1857 597 108 0 0 0 0 -1840 16716
17:53:00.332 P 1858 599 105 0 0 0 0 -1866 16756
17:53:00.332 P 1859 601 105 0 0 0 0 -1898 16706
17:53:00.332 P 1860 603 100 0 0 0 0 -1920 16772
17:53:00.332 P 1861 605 96 0 0 0 0 -1998 16686
17:53:00.332 P 1862 607 92 0 0 0 0 -1976 16724
17:53:00.332 P 1863 608 88 0 0 0 0 -1968 16570
17:53:00.332 P 1864 610 84 0 0 0 0 -1984 16688
17:53:00.332 P 1865 611 78 0 0 0 0 -2004 16704
17:53:00.332 P 1866 612 73 0 0 0 0 -2002 16704
17:53:00.332 P 1867 613 69 0 0 0 0 -1840 16610
17:53:00.332 P 1868 614 66 0 0 0 0 -1916 16666
17:53:00.332 P 1869 615 64 0 0 0 0 -1886 16620
17:53:00.332 P 1870 616 64 0 0 0 0 -1866 16584
17:53:00.566 D 9430 0 1.04 0.000 0 0 5.06
17:53:00.566 P 1871 616 61 0 0 0 0 -1814 16612
17:53:00.566 P 1872 617 60 0 0 0 0 -1886 16688
17:53:00.566 P 1873 618 61 0 0 0 0 -1876 16680
17:53:00.566 P 1874 618 60 0 0 0 0 -1768 16708
17:53:00.566 P 1875 619 60 0 0 0 0 -1818 16588
17:53:00.566 P 1876 619 59 0 0 0 0 -1818 16710
17:53:00.566 P 1877 620 60 0 0 0 0 -1806 16750
17:53:00.566 P 1878 620 61 0 0 0 0 -1742 16660
17:53:00.566 P 1879 621 62 0 0 0 0 -1786 16726
17:53:00.566 P 1880 622 62 0 0 0 0 -1766 16638
17:53:00.566 P 1881 622 62 0 0 0 0 -1800 16596
17:53:00.566 P 1882 623 63 0 0 0 0 -1800 16602
17:53:00.566 P 1883 624 64 0 0 0 0 -1852 16646
17:53:00.566 P 1884 624 64 0 0 0 0 -1888 16658
17:53:00.566 P 1885 625 61 0 0 0 0 -1974 16724
17:53:00.566 P 1886 626 59 0 0 0 0 -1998 16588
17:53:00.566 P 1887 626 55 0 0 0 0 -1952 16714
17:53:00.566 P 1888 627 51 0 0 0 0 -1942 16690
17:53:00.566 P 1889 627 50 0 0 0 0 -1946 16678
17:53:00.566 P 1890 628 47 0 0 0 0 -1856 16594
17:53:00.566 P 1891 628 45 0 0 0 0 -1890 16668
17:53:00.566 P 1892 628 44 0 0 0 0 -1862 16632
17:53:00.566 P 1893 628 42 0 0 0 0 -1792 16620
17:53:00.566 P 1894 628 44 0 0 0 0 -1856 16668
17:53:00.566 P 1895 628 44 0 0 0 0 -1780 16632
17:53:00.566 P 1896 628 45 0 0 0 0 -1766 16668
17:53:00.566 P 1897 628 47 0 0 0 0 -1700 16632
17:53:00.566 P 1898 628 51 0 0 0 0 -1714 16732
17:53:00.566 P 1899 628 54 0 0 0 0 -1620 16602
17:53:00.566 P 1900 629 58 0 0 0 0 -1648 16780
17:53:00.566 P 1901 629 62 0 0 0 0 -1716 16650
17:53:00.566 P 1902 630 63 0 0 0 0 -1692 16680
17:53:00.566 P 1903 630 67 0 0 0 0 -1728 16700
17:53:00.566 P 1904 631 71 0 0 0 0 -1764 16704
17:53:00.566 P 1905 632 71 0 0 0 0 -1804 16716
17:53:00.566 P 1906 633 73 0 0 0 0 -1828 16714
17:53:00.566 P 1907 634 75 0 0 0 0 -1812 16736
17:53:00.566 P 1908 635 77 0 0 0 0 -1816 16662
17:53:00.566 P 1909 636 78 0 0 0 0 -1842 16710
17:53:00.566 P 1910 637 77 0 0 0 0 -1856 16692
17:53:00.566 P 1911 638 78 0 0 0 0 -1836 16726
17:53:00.566 P 1912 639 78 0 0 0 0 -1798 16598
17:53:00.566 P 1913 640 79 0 0 0 0 -1826 16608
17:53:00.566 P 1914 641 79 0 0 0 0 -1824 16642
17:53:00.566 P 1915 643 82 0 0 0 0 -1836 16742
17:53:05.202 > mt off
17:53:05.202 D 9655 2 1.40 0.000 0 0 5.06
17:53:05.202 P 1916 644 82 0 0 0 0 -1900 16778
17:53:05.202 P 1917 645 82 0 0 0 0 -1882 16758
17:53:05.202 P 1918 646 83 0 0 0 0 -1872 16600
17:53:05.202 P 1919 648 83 0 0 0 0 -1920 16554
17:53:05.202 P 1920 649 84 0 0 0 0 -1872 16638
17:53:05.202 P 1921 650 83 0 0 0 0 -1898 16804
17:53:05.202 P 1922 651 84 0 0 0 0 -1876 16706
17:53:05.202 P 1923 653 85 0 0 0 0 -1884 16696
17:53:05.202 P 1924 654 86 0 0 0 0 -1870 16584
17:53:05.202 P 1925 655 85 0 0 0 0 -1860 16656
17:53:05.202 P 1926 657 86 0 0 0 0 -1908 16730
17:53:05.202 P 1927 658 84 0 0 0 0 -1978 16784
17:53:05.202 P 1928 659 84 0 0 0 0 -1940 16612
17:53:05.202 P 1929 661 82 0 0 0 0 -2062 16620
17:53:05.202 P 1930 662 80 0 0 0 0 -2062 16572
17:53:05.202 P 1931 663 78 0 0 0 0 -2064 16676
17:53:05.202 P 1932 665 75 1576 1552 0 0 -2126 16688
17:53:05.202 P 1933 666 71 1572 1544 0 0 -2088 16636
17:53:05.202 P 1934 667 68 1575 1533 0 0 -2024 16612
17:53:05.202 P 1935 668 63 1603 1556 1 0 -2518 16580
17:53:05.202 P 1936 668 25 1534 1507 0 0 -2670 16710
17:53:05.202 P 1937 666 -27 1442 1429 0 0 -1942 16828
17:53:05.202 P 1938 664 -34 1445 1458 0 1 -2372 16756
17:53:05.202 P 1939 662 -50 1406 1403 1 0 -2516 16620
17:53:05.202 P 1940 658 -76 1362 1352 0 0 -1318 16512
17:53:05.202 P 1941 655 -41 1451 1430 1 0 -1782 16536
17:53:05.202 P 1942 654 -8 1463 1398 0 0 -2414 16458
17:53:05.202 P 1943 652 -13 1438 1353 0 0 -1476 16682
17:53:05.202 P 1944 651 15 1484 1418 0 0 -1620 16806
17:53:05.202 P 1945 652 40 1447 1439 0 0 -2470 16636
17:53:05.202 P 1946 651 20 1430 1418 0 0 -2092 16622
17:53:05.202 P 1947 650 10 1436 1413 0 0 -1758 16810
17:53:05.202 P 1948 650 19 1435 1429 0 0 -2138 16612
17:53:05.202 P 1949 649 12 1417 1419 0 0 -2190 16658
17:53:05.202 P 1950 648 1 1414 1402 0 0 -1826 16798
17:53:05.202 P 1951 647 7 1417 1403 0 0 -1882 16590
17:53:05.202 P 1952 646 9 1411 1392 0 0 -2054 16628
17:53:05.202 P 1953 645 0 1395 1389 0 0 -1898 16592
17:53:05.202 P 1954 644 1 1402 1388 0 0 -1810 16668
17:53:05.202 P 1955 643 5 1408 1380 0 0 -1946 16742
17:53:05.202 P 1956 641 1 1402 1380 0 0 -1856 16602
17:53:05.202 P 1957 640 -1 1399 1381 0 0 -1692 16668
17:53:05.202 P 1958 639 4 1402 1376 0 0 -1778 16662
17:53:05.202 P 1959 637 4 1402 1378 0 0 -1814 16656
17:53:05.202 P 1960 636 4 1404 1388 0 0 -1778 16660
17:53:05.202 P 1961 635 8 1411 1379 0 0 -1704 16672
17:53:05.202 P 1962 634 11 1414 1383 0 0 -1774 16664
17:53:05.202 P 1963 633 13 1415 1394 0 0 -1686 16692
17:53:05.202 P 1964 632 17 1414 1393 0 0 -1644 16718
17:53:05.202 P 1965 631 21 1428 1397 0 0 -1676 16690
17:53:05.202 P 1966 631 23 1432 1413 0 0 -1694 16638
17:53:05.202 P 1967 630 27 1433 1423 0 0 -1610 16666
17:53:05.202 P 1968 629 33 1455 1429 0 0 -1622 16696
17:53:05.202 P 1969 629 39 1470 1438 0 0 -1586 16698
17:53:05.202 P 1970 629 42 1469 1454 0 0 -1600 16736
17:53:05.202 P 1971 629 48 1479 1465 0 0 -1568 16662
17:53:05.202 P 1972 629 54 1499 1467 0 0 -1610 16690
17:53:05.202 P 1973 629 59 1503 1484 0 0 -1646 16702
17:53:05.202 P 1974 630 65 1513 1497 0 0 -1618 16674
17:53:05.202 P 1975 630 71 1529 1502 0 0 -1624 16688
17:53:05.202 P 1976 631 77 1541 1514 0 0 -1646 16668
17:53:05.202 P 1977 632 80 1539 1529 0 0 -1668 16666
17:53:05.202 P 1978 633 84 1554 1530 0 0 -1702 16704
17:53:05.202 P 1979 635 86 1563 1532 0 0 -1810 16678
17:53:05.202 P 1980 636 81 1541 1543 0 0 -1724 16688
17:53:05.202 P 1981 637 77 1529 1547 0 0 -1822 16732
17:53:05.202 P 1982 638 74 1524 1525 0 0 -1918 16692
17:53:05.202 P 1983 639 68 1514 1532 0 0 -1898 16670
17:53:05.202 P 1984 639 57 1491 1540 0 0 -1838 16550
17:53:05.202 P 1985 639 57 1491 1522 0 0 -1892 16604
17:53:05.202 P 1986 640 62 1564 1534 1 0 -1794 16772
17:53:05.202 P 1987 641 68 1581 1545 0 0 -1864 16602
17:53:05.202 P 1988 642 69 1612 1574 0 1 -1806 16650
17:53:05.202 P 1989 643 76 1642 1572 0 0 -1808 16604
17:53:05.202 P 1990 644 70 1595 1559 0 0 -2056 16674
17:53:05.202 P 1991 644 42 1514 1547 0 0 -2076 16744
17:53:05.202 P 1992 643 12 1469 1492 1 0 -2168 16782
17:53:05.202 P 1993 642 -20 1427 1503 0 1 -2064 16692
17:53:05.202 P 1994 639 -45 1392 1514 1 0 -1926 16674
17:53:05.202 P 1995 636 -50 1444 1567 1 1 -1790 16680
17:53:05.202 P 1996 634 -33 1450 1527 0 0 -1956 16576
17:53:05.202 P 1997 633 -19 1508 1501 0 1 -2082 16564
17:53:05.202 P 1998 631 -18 1487 1437 0 0 -2094 16650
17:53:05.202 P 1999 629 -16 1452 1302 0 0 -2022 16742
17:53:05.202 P 2000 628 -12 1537 -1300 0 1 -1878 16644
17:53:05.202 P 2001 626 -7 1551 -1379 0 0 -1590 16742
17:53:05.202 P 2002 624 6 1625 -1314 0 1 -1304 16714
17:53:05.202 P 2003 624 34 1700 1392 0 1 -1234 16682
17:53:05.202 P 2004 623 59 1717 1468 1 0 -1056 16634
17:53:05.202 P 2005 624 86 1692 1593 0 0 -1348 16674
17:53:05.202 P 2006 626 96 1619 1611 0 0 -2104 16784
17:53:05.202 P 2007 627 60 1533 1594 1 0 -1974 16874
17:53:05.202 P 2008 627 24 1365 1600 0 0 -2210 16750
17:53:05.202 P 2009 626 -8 1332 1589 1 0 -2740 16594
17:53:05.202 P 2010 623 -53 1313 1531 1 0 -1956 16546
17:53:05.202 P 2011 621 -50 1313 1523 0 1 -1894 16606
17:53:05.202 P 2012 619 -32 1425 1504 1 0 -2434 16632
17:53:05.202 P 2013 617 -47 1408 1383 0 0 -1800 16640
17:53:05.202 P 2014 614 -46 1390 1406 0 1 -1598 16610
17:53:05.202 P 2015 612 -29 1361 1366 0 0 -2250 16682
17:53:05.202 P 2016 610 -30 1357 -1326 0 0 -1674 16660
17:53:05.202 P 2017 607 -13 1469 1306 1 0 -1158 16774
17:53:05.202 P 2018 607 21 1489 1368 0 1 -1860 16674
17:53:05.202 P 2019 606 29 1521 1393 0 0 -1316 16646
17:53:05.202 P 2020 606 62 1605 1440 0 0 -1340 16846
17:53:05.202 P 2021 608 91 1633 1522 0 1 -2038 16680
17:53:05.202 P 2022 609 69 1560 1484 0 0 -1672 16706
17:53:05.202 P 2023 609 64 1542 1497 0 0 -1414 16770
17:53:05.202 P 2024 610 74 1551 1520 0 0 -2216 16590
17:53:05.202 P 2025 610 38 1443 1424 0 0 -1788 16652
17:53:05.202 P 2026 609 18 1432 1465 0 1 -1166 16686
17:53:05.202 P 2027 609 46 1481 1479 0 0 -2020 16610
17:53:05.202 P 2028 609 44 1507 1421 0 0 -1664 16592
17:53:05.202 P 2029 609 49 1546 1431 0 0 -1044 16730
17:53:05.202 P 2030 610 88 1578 1430 0 0 -1822 16668
17:53:05.202 P 2031 612 95 1625 1410 0 0 -1698 16640
17:53:05.202 P 2032 613 96 1710 1497 1 1 -1092 16730
17:53:05.202 P 2033 615 115 1687 1559 0 0 -1500 16596
17:53:05.202 P 2034 617 120 1701 1619 1 0 -1794 16698
17:53:05.202 P 2035 619 107 1663 1618 0 0 -1698 16776
17:53:05.202 P 2036 620 87 1528 1581 0 0 -2052 16756
17:53:05.202 P 2037 621 43 1464 1590 1 0 -2280 16770
17:53:05.202 P 2038 621 -1 1428 1582 1 1 -2568 16672
17:53:05.202 P 2039 618 -48 1412 1535 0 1 -1742 16660
17:53:05.202 P 2040 614 -53 1393 1490 0 0 -1418 16592
17:53:05.202 P 2041 613 -19 1546 1541 2 1 -2058 16592
17:53:05.202 P 2042 611 -12 1503 1396 0 0 -1766 16650
17:53:05.202 P 2043 609 -1 1516 1349 0 0 -1022 16730
17:53:05.202 P 2044 609 31 1610 1479 1 1 -1842 16624
17:53:05.202 P 2045 608 19 1456 1390 0 0 -1856 16690
17:53:05.202 P 2046 606 0 1472 1486 0 1 -904 16770
17:53:05.202 P 2047 606 35 1539 1584 1 0 -1910 16650
17:53:05.202 P 2048 606 34 1511 1562 0 1 -1982 16544
17:53:05.202 P 2049 605 17 1558 1605 1 1 -1122 16604
17:53:05.202 P 2050 605 52 1615 1591 1 0 -2116 16682
17:53:05.202 P 2051 606 50 1619 1496 0 0 -2242 16728
17:53:05.202 P 2052 605 20 1603 1420 0 1 -1284 16868
17:53:05.202 P 2053 604 28 1624 1454 1 1 -1538 16808
17:53:05.202 P 2054 604 27 1573 1433 0 0 -1608 16714
17:53:05.202 P 2055 602 11 1593 1529 1 1 -876 16728
17:53:05.202 P 2056 601 22 1533 1612 1 0 -1374 16666
17:53:05.202 P 2057 600 25 1464 1651 1 1 -1782 16652
17:53:05.202 P 2058 599 14 1498 1650 1 0 -1572 16702
17:53:05.202 P 2059 598 14 1445 1645 0 1 -1852 16688
17:53:05.202 P 2060 598 -7 1435 1661 1 1 -2432 16628
17:53:05.202 P 2061 595 -38 1463 1533 1 1 -1922 16732
17:53:05.202 P 2062 593 -34 1599 1479 1 1 -1628 16802
17:53:05.202 P 2063 591 -19 1713 1453 1 1 -1982 16628
17:53:05.202 P 2064 589 -39 1652 1339 0 1 -1288 16684
17:53:05.202 P 2065 585 -34 1677 1341 1 1 -684 16834
17:53:05.202 P 2066 583 1 1695 1404 1 1 -1170 16830
17:53:05.202 P 2067 581 -6 1602 1449 1 1 -1446 16784
17:53:05.202 P 2068 578 -42 1514 1532 1 1 -1106 16844
17:53:05.202 P 2069 575 -58 1446 1606 2 1 -1652 16756
17:53:05.202 P 2070 571 -77 1374 1588 1 1 -1312 16798
17:53:05.202 P 2071 567 -64 1408 1601 1 1 -474 16786
17:53:05.202 P 2072 565 0 1519 1688 1 1 -1214 16564
17:53:05.202 P 2073 565 20 1544 1697 2 1 -2022 16486
17:53:05.202 P 2074 562 -10 1538 1636 1 1 -1138 16758
17:53:05.202 P 2075 561 5 1607 1620 1 1 -1114 16886
17:53:05.202 P 2076 561 29 1741 1645 2 2 -2180 16916
17:53:05.202 P 2077 559 -9 1731 1521 1 1 -1620 16794
17:53:05.202 P 2078 556 -29 1768 1479 1 2 -670 16634
17:53:05.202 P 2079 554 -5 1819 1532 2 2 -1084 16656
17:53:05.202 P 2080 552 -24 1679 1498 1 1 -1802 16564
17:53:05.202 P 2081 547 -100 1575 1531 3 2 -1012 16944
17:53:05.202 P 2082 541 -127 1448 1551 1 2 -894 16886
17:53:05.202 P 2086 518 -94 1394 1622 2 2 -1596 16514
17:53:05.202 P 2091 501 10 1777 1602 2 2 -866 16748
17:53:05.202 P 2096 491 -81 1588 1677 3 3 -1556 16808
17:53:05.202 P 2101 461 -136 1493 1585 3 3 -1030 16858
17:53:05.202 P 2106 442 -10 1748 1587 3 3 -1352 16520
17:53:05.202 P 2110 433 1 1676 1640 3 3 -1202 16830
17:53:05.202 P 2115 416 -77 1634 1624 3 3 -900 16664
17:53:05.202 P 2120 398 -62 1646 1524 3 3 -1448 16828
17:53:05.202 P 2125 376 -78 1461 1662 3 4 -700 17114
17:53:05.202 P 2130 362 -29 1675 1624 3 4 -1434 16432
17:53:05.202 P 2135 348 -60 1723 1517 4 3 -144 16212
17:53:05.202 P 2140 331 -101 1336 1613 4 3 -1778 16430
17:53:05.202 P 2145 303 -81 1411 1611 3 4 -412 17082
17:53:05.202 P 2150 298 17 1724 1588 4 3 -1106 16910
17:53:05.202 P 2155 294 12 1657 1656 3 3 -884 16698
17:53:05.202 P 2160 279 -83 1450 1604 4 3 -1342 16986
17:53:05.202 P 2165 263 -20 1684 1509 4 3 -548 16688
17:53:05.202 P 2170 256 21 1648 1599 4 4 -924 16778
17:53:05.202 P 2175 252 -11 1621 1638 4 4 -714 16854
17:53:05.202 P 2180 244 -17 1597 1559 4 4 -1204 16546
17:53:05.202 P 2185 237 32 1699 1541 4 3 -614 16694
17:53:05.202 P 2190 236 22 1575 1677 4 4 -498 17402
17:53:05.202 P 2195 235 -10 1643 1580 4 3 -1098 16124
17:53:05.202 P 2200 221 -48 1659 1463 4 4 -398 16482
17:53:05.202 P 2205 211 -18 1552 1622 4 4 -272 17294
17:53:05.202 P 2210 209 29 1692 1635 4 4 -554 16734
17:53:05.202 P 2214 206 2 1658 1560 4 4 -792 16610
17:53:05.202 P 2219 198 -21 1482 1531 4 4 -394 17478
17:53:05.202 P 2224 192 -8 1601 1537 4 4 -648 16522
17:53:05.202 P 2229 190 39 1606 1562 3 3 -1400 16324
17:53:05.202 P 2234 185 -20 1541 1523 3 3 -630 17166
17:53:05.202 P 2239 180 24 1508 1510 3 3 -1208 16348
17:53:05.202 P 2244 179 33 1590 1469 3 4 -800 16400
17:53:09.935 P 2249 182 85 1651 1574 4 4 -1092 17070
17:53:09.935 P 2253 184 47 1552 1545 3 3 -520 16732
17:53:09.935 P 2258 185 41 1545 1504 3 3 -1578 16520
17:53:09.935 P 2263 184 58 1662 1502 3 3 -640 16500
17:53:09.935 P 2268 186 20 1512 1565 3 3 -774 16508
17:53:09.935 P 2273 183 24 1537 1489 3 4 -1282 16782
17:53:09.935 P 2278 182 24 1599 1461 3 3 -802 16980
17:53:09.935 P 2283 180 24 1512 1515 3 2 -746 16702
17:53:09.935 P 2288 181 35 1532 1512 3 3 -986 16620
17:53:09.935 P 2293 183 40 1527 1447 3 3 -992 16934
17:53:09.935 P 2298 182 52 1583 1458 3 3 -470 16678
17:53:09.935 P 2303 186 48 1527 1432 3 2 -1214 16850
17:53:09.935 P 2308 187 50 1546 1440 2 2 -600 16570
17:53:09.935 P 2313 190 55 1535 1441 2 2 -898 16748
17:53:09.935 P 2317 193 49 1485 1393 3 1 -634 16702
17:53:09.935 P 2322 199 108 1549 1471 1 2 -922 16476
17:53:09.935 P 2327 208 99 1539 1497 2 2 -1510 16754
17:53:09.935 P 2332 214 80 1561 1479 2 2 -924 16796
17:53:09.935 P 2336 219 71 1507 1465 2 2 -796 16780
17:53:09.935 P 2341 223 46 1459 1422 2 1 -1120 16816
17:53:09.935 P 2345 226 89 1550 1481 1 1 -1202 16690
17:53:09.935 P 2350 233 103 1554 1557 1 2 -1198 16796
17:53:09.935 P 2355 238 37 1521 1461 1 2 -904 16786
17:53:09.935 P 2360 240 68 1554 1468 2 2 -636 16788
17:53:09.935 P 2364 245 70 1530 1485 2 1 -802 16686
17:53:09.935 P 2369 250 74 1471 1580 1 2 -1414 16638
17:53:09.935 P 2374 251 51 1569 1513 1 3 -662 16668
17:53:09.935 P 2379 255 65 1563 1520 2 2 -694 16832
17:53:09.935 P 2384 256 43 1461 1599 1 2 -1250 16750
17:53:09.935 P 2389 254 45 1598 1412 1 2 -1132 16800
17:53:09.935 P 2393 257 95 1662 1476 1 1 -878 16788
17:53:09.935 P 2398 256 -56 -1314 1634 2 1 -1392 16658
17:53:09.935 P 2403 233 -117 -1341 1395 1 2 -664 16676
17:53:09.935 P 2408 229 150 1676 1433 1 1 -618 16810
17:53:09.935 P 2413 252 66 1508 1416 2 1 -1104 16784
17:53:09.935 P 2417 237 -94 -1330 1555 2 2 -820 16804
17:53:09.935 P 2422 225 13 1425 1376 1 2 -558 16676
17:53:09.935 P 2427 225 50 1449 1496 1 2 -632 16898
17:53:09.935 P 2432 231 61 1550 1456 2 2 -138 16844
17:53:09.935 P 2437 239 78 1474 1499 2 1 -836 16776
17:53:09.935 P 2441 242 78 1461 1546 1 2 -1354 16570
17:53:09.935 P 2446 249 78 1572 1476 2 1 -956 16908
17:53:09.935 P 2451 254 75 1508 1577 1 2 -952 16760
17:53:09.935 P 2456 258 81 1513 1525 1 2 -950 16618
17:53:09.935 P 2461 262 80 1650 1470 2 2 -314 16820
17:53:09.935 P 2466 267 63 1479 1580 2 1 -1636 16698
17:53:09.935 P 2470 264 17 1465 1514 2 2 -1104 16624
17:53:09.935 P 2475 264 60 1594 1477 1 2 -584 16728
17:53:09.935 P 2480 263 55 1506 1546 2 2 -1064 16768
17:53:09.935 P 2485 266 57 1554 1444 2 1 -418 16894
17:53:09.935 P 2490 266 50 1538 1485 2 1 -944 16738
17:53:09.935 P 2494 264 39 1565 1454 2 2 196 16788
17:53:09.935 P 2499 267 65 1522 1565 2 1 -948 16744
17:53:09.935 P 2504 269 48 1587 1450 1 2 -330 16916
17:53:09.935 P 2509 269 9 1439 1456 2 1 -608 16858
17:53:09.935 P 2514 265 36 1484 1530 2 1 -586 16702
17:53:09.935 P 2519 266 54 1567 1455 2 1 -598 16680
17:53:09.935 P 2523 266 45 1578 1506 1 2 -116 16868
17:53:09.935 P 2528 267 49 1530 1519 1 2 -756 16716
17:53:09.935 P 2533 268 74 1607 1535 2 2 -930 16746
17:53:09.935 P 2537 269 55 1534 1504 2 2 -866 16824
17:53:09.935 P 2542 269 48 1553 1565 2 2 -412 16728
17:53:09.935 P 2547 270 54 1646 1539 2 3 -786 16798
17:53:09.935 P 2552 268 3 1486 1501 2 1 -426 16706
17:53:09.935 P 2556 265 21 1564 1548 2 2 -1250 16652
17:53:09.935 P 2561 262 -1 1559 1459 3 2 -204 16932
17:53:09.935 P 2566 258 39 1528 1554 2 2 -708 16736
17:53:09.935 P 2570 257 39 1546 1484 2 1 -796 16806
17:53:09.935 P 2575 256 61 1583 1542 1 3 -920 16648
17:53:09.935 P 2580 257 39 1486 1546 1 3 -1216 16734
17:53:09.935 P 2585 257 25 1566 1483 2 2 -280 16810
17:53:09.935 P 2589 257 42 1574 1486 3 2 -754 16762
17:53:09.935 P 2594 255 46 1587 1531 2 2 -238 16748
17:53:09.935 P 2599 256 52 1570 1574 2 2 -1138 16796
17:53:09.935 P 2604 253 3 1543 1536 2 2 -20 16862
17:53:09.935 P 2609 254 63 1591 1565 2 2 -996 16684
17:53:09.935 P 2614 253 14 1500 1583 1 3 -756 16660
17:53:09.935 P 2619 247 -8 1539 1506 3 2 -98 16664
17:53:09.935 P 2623 244 31 1567 1558 2 2 -792 16976
17:53:09.935 P 2628 242 13 1619 1508 2 3 -564 16788
17:53:09.935 P 2633 238 13 1509 1623 2 3 -746 16856
17:53:09.935 P 2638 226 -45 1428 1507 2 3 -514 16940
17:53:09.935 P 2643 222 46 1612 1503 2 3 -544 16540
17:53:09.935 P 2648 221 32 1517 1594 2 3 -648 16740
17:53:09.935 P 2652 221 37 1551 1552 3 2 -1214 16692
17:53:09.935 P 2657 219 30 1541 1517 3 2 -168 16664
17:53:09.935 P 2662 219 31 1525 1526 3 2 -504 17030
17:53:09.935 P 2667 220 69 1623 1539 3 2 -534 16972
17:53:09.935 P 2672 221 33 1512 1563 3 2 -756 16666
17:53:09.935 P 2677 219 22 1584 1522 3 2 -610 16634
17:53:09.935 P 2682 218 37 1591 1484 3 2 -964 16574
17:53:09.935 P 2687 216 42 1545 1558 2 2 -962 16622
17:53:09.935 P 2692 210 -7 1551 1511 2 3 -272 16938
17:53:09.935 P 2697 210 36 1550 1518 2 2 -1378 16436
17:53:09.935 P 2701 208 23 1528 1537 3 2 -926 16766
17:53:09.935 P 2706 206 11 1535 1452 3 2 -236 16846
17:53:09.935 P 2711 208 51 1541 1505 2 2 -1006 16898
17:53:09.935 P 2716 205 14 1524 1434 2 2 -16 16600
17:53:09.935 P 2721 207 85 1569 1511 2 2 -682 16566
17:53:09.935 P 2725 209 43 1476 1546 2 2 -798 16944
17:53:09.935 P 2730 210 58 1516 1547 2 2 -726 16832
17:53:09.935 P 2735 212 32 1545 1478 1 2 -128 16624
17:53:09.935 P 2740 214 61 1582 1540 3 3 -1080 16722
17:53:09.935 P 2744 216 51 1544 1512 2 2 -898 16854
17:53:09.935 P 2749 217 43 1526 1493 2 2 -518 16604
17:53:09.935 P 2754 217 35 1544 1506 3 2 -806 16784
17:53:09.935 P 2759 217 58 1615 1502 3 1 -8 16700
17:53:09.935 P 2764 220 10 1521 1524 3 2 -734 16730
17:53:09.935 P 2768 215 -21 1521 1445 2 2 250 16958
17:53:09.935 P 2773 214 50 1528 1557 1 2 -1658 16206
17:53:09.935 P 2778 211 -37 1460 1441 3 2 -1030 16232
17:53:09.935 P 2783 200 -161 -1348 -1359 2 3 -2858 17304
17:53:09.935 P 2787 172 -354 -1677 -1763 2 2 -3292 16534
17:53:09.935 P 2792 98 -349 -1971 -2003 -1 -2 2654 17146
17:53:09.935 P 2796 106 103 -2010 -1519 -4 -3 -3152 16896
17:53:09.935 P 2801 206 556 -1635 -1724 -5 -2 -3664 17060
17:53:09.935 P 2806 258 283 -1720 -2212 -6 -5 -1254 16282
17:53:09.935 P 2810 311 611 -1853 -1351 -6 -6 -1260 16624
17:53:09.935 P 2815 399 490 -1948 -1555 -6 -8 -2464 16166
17:53:09.935 P 2820 477 526 -1555 -1753 -8 -6 -1996 16550
17:53:09.935 P 2824 533 447 -1634 -1813 -8 -6 -1020 17524
17:53:09.935 P 2829 597 493 -1567 -1534 -7 -8 -1094 16176
17:53:09.935 P 2833 648 393 -1605 -1542 -7 -7 -2604 17554
17:53:09.935 P 2838 691 288 -1566 -1495 -7 -7 -2478 17046
17:53:09.935 P 2842 713 159 -1557 -1523 -6 -6 -1654 16668
17:53:09.935 P 2847 733 166 -1544 -1557 -6 -7 -2048 16454
17:53:09.935 P 2852 743 183 -1368 -1407 -6 -5 -1370 16322
17:53:09.935 P 2856 757 140 -1419 -1476 -6 -5 -1580 16558
17:53:09.935 P 2861 769 145 -1321 -1369 -6 -5 -1556 16538
17:53:09.935 P 2865 778 169 1382 -1371 -5 -6 -1110 16588
17:53:09.935 P 2870 796 144 1429 1370 -4 -4 -1720 17048
17:53:09.935 P 2875 798 96 1531 1454 -4 -4 -1734 16514
17:53:09.935 P 2880 778 -343 -1696 -1356 -2 -3 -3690 16456
17:53:09.935 P 2884 701 -550 -1777 -1782 -3 -3 -1210 16724
17:53:09.935 P 2889 618 -117 -1737 -1737 -5 -4 5966 17372
17:53:09.935 P 2893 672 520 -1311 1328 -5 -4 -2936 16368
17:53:09.935 P 2898 720 143 -1428 -1640 -5 -3 -3310 16354
17:53:09.935 P 2902 719 109 1319 -1633 -5 -3 -1920 16866
17:53:09.935 P 2907 731 58 -1488 -1512 -4 -4 -3152 16778
17:53:09.935 P 2912 720 -45 -1752 -1651 -4 -4 -1872 16534
17:53:09.935 P 2916 710 -7 -1767 -1687 -5 -4 -1178 17070
17:53:09.935 P 2921 724 363 1415 -1382 -4 -4 -1866 16376
17:53:09.935 P 2926 773 351 1345 -1454 -4 -4 -1952 16572
17:53:09.935 P 2931 817 308 1510 -1403 -3 -4 -2434 16694
17:53:09.935 P 2935 828 44 -1411 -1325 -3 -3 -2458 16742
17:53:09.935 P 2940 805 -73 -1785 -1486 -3 -4 -1750 16466
17:53:09.935 P 2945 790 2 -1850 -1382 -4 -4 -1390 16576
17:53:09.935 P 2949 811 470 1492 1447 -5 -4 -1352 16168
17:53:09.935 P 2954 902 372 1584 -1314 -3 -2 -3954 16676
17:53:09.935 P 2959 905 -219 1459 -1618 -1 -2 -2790 16646
17:53:09.935 P 2964 817 -490 -1607 -1554 -1 -3 -1544 16628
17:53:09.935 P 2968 754 -408 -1917 -1617 -2 -3 -1476 16378
17:53:09.935 P 2973 719 97 -1754 -1541 -5 -3 -770 16364
17:53:09.935 P 2978 817 758 1478 1310 -5 -3 -3782 16810
17:53:09.935 P 2983 891 220 1416 -1570 -3 -3 -4162 16036
17:53:09.935 P 2987 876 -187 -1665 -1755 -3 -3 -406 17438
17:53:09.935 P 2992 857 -55 -1700 -1521 -4 -4 -3664 16198
17:53:09.935 P 2997 845 102 -1827 -1558 -6 -4 -3052 16384
17:53:09.935 P 3002 891 393 1499 -1598 -5 -4 -3200 16284
17:53:09.935 P 3007 939 256 1393 -1567 -4 -4 -3334 16352
17:53:09.935 P 3012 946 -52 -1519 -1783 -3 -4 -2396 16902
17:53:09.935 P 3016 922 -133 -1867 -1621 -3 -5 -1738 16498
17:53:09.935 P 3021 910 40 -1925 -1471 -5 -5 -2138 16274
17:53:09.935 P 3026 957 615 1516 1384 -7 -5 -3356 15618
17:53:09.935 P 3030 1025 401 1499 -1436 -5 -4 -3214 16996
17:53:09.935 P 3035 1060 125 1512 -1659 -4 -4 -3346 17174
17:53:09.935 P 3040 1001 -520 -1898 -1856 -2 -5 -1814 16662
17:53:09.935 P 3044 956 146 -1669 1347 -4 -5 -2480 15514
17:53:09.935 P 3049 1006 596 1490 1607 -6 -4 -3152 16160
17:53:09.935 P 3054 1055 24 1423 -1728 -4 -3 -2554 17710
17:53:09.935 P 3058 1046 -56 1312 -1865 -3 -4 -2342 16714
17:53:09.935 P 3063 999 -106 -1775 -1687 -4 -5 2772 16330
17:53:09.935 P 3068 1033 296 -1476 1642 -4 -4 -3256 17314
17:53:09.935 P 3073 1047 -289 -1418 -1847 -4 -2 -1432 17448
17:53:09.935 P 3077 1016 -196 -1411 -1803 -4 -2 -1686 15584
17:53:09.935 P 3082 993 313 1406 -1378 -3 -4 -1638 16484
17:53:09.935 P 3087 1042 279 1351 1381 -3 -4 -3930 16712
17:53:09.935 P 3091 1050 23 -1442 1506 -2 -3 -3306 16182
17:53:09.935 P 3096 1033 -232 -1642 -1610 -3 -2 -3784 16784
17:53:09.935 P 3100 992 -245 -1701 -1751 -2 -3 -2202 16316
17:53:09.935 P 3105 950 -149 -1747 -1716 -4 -4 354 16488
17:53:09.935 P 3109 976 441 1420 1463 -4 -4 -3392 15988
17:53:09.935 P 3114 1039 354 1497 1433 -3 -3 -3718 16494
17:53:09.935 P 3119 1053 -228 -1419 -1832 -2 -3 -3670 17374
17:53:09.935 P 3123 993 -486 -1784 -1795 -3 -3 -2222 16160
17:53:09.935 P 3128 947 126 -1700 1370 -4 -4 -3416 16006
17:53:09.935 P 3132 969 295 -1359 1338 -5 -4 -3488 16290
17:53:09.935 P 3137 1014 210 1429 -1430 -4 -3 -3788 16936
17:53:09.935 P 3141 1027 102 1467 -1691 -3 -3 -3334 16316
17:53:09.935 P 3146 1011 -268 -1771 -1857 -2 -4 -3252 16494
17:53:09.935 P 3151 978 -32 -1866 1381 -4 -5 -3340 16554
17:53:09.935 P 3155 977 134 -1785 1348 -5 -4 -3138 15966
17:53:09.935 P 3160 1036 424 1559 -1372 -5 -4 -4560 16126
17:53:12.584 P 3164 1062 146 1442 -1795 -4 -3 -2456 16330
17:53:12.584 P 3169 1068 10 -1381 -1804 -4 -5 -2660 17138
17:53:12.584 P 3173 1044 -208 -1957 -1623 -2 -5 -762 16594
17:53:12.584 P 3178 1037 99 -1774 1466 -5 -5 -2486 16278
17:53:12.584 P 3183 1070 124 -1338 -1596 -5 -3 -2834 17228
17:53:12.584 P 3187 1081 154 1475 -1772 -4 -3 -1168 16288
17:53:12.584 P 3192 1118 471 1817 1583 -2 -4 -1896 16618
17:53:12.584 P 3197 1133 -448 -1870 1311 0 -3 -2562 17850
17:53:12.584 P 3201 1048 -525 -1579 -1531 -2 -2 -454 15902
17:53:12.584 P 3206 1009 199 1436 1377 -2 -2 -1512 16142
17:53:12.584 P 3210 1041 421 1471 1587 -1 -2 -1340 16592
17:53:12.584 P 3214 1070 34 1528 1540 -2 -1 -1688 17252
17:53:12.584 P 3218 1046 -77 1808 1437 0 0 -478 16922
17:53:12.584 P 3223 1016 -135 1429 1645 1 0 -1424 16758
17:53:12.584 P 3227 998 -16 1701 1972 1 1 -2234 16886
17:53:12.584 P 3232 964 -353 1845 -1370 2 3 -2162 16804
17:53:12.584 P 3236 888 -547 1427 1488 3 3 -372 16722
17:53:12.584 P 3241 821 -253 1410 1659 3 3 -1494 16832
17:53:12.584 P 3246 788 -65 1743 1732 3 3 -2042 16686
17:53:12.584 P 3250 772 -91 1872 1738 4 3 -1786 16810
17:53:12.584 P 3255 734 -304 1513 1568 5 4 -2158 17012
17:53:12.584 P 3260 677 -206 1442 1624 4 3 -1300 16940
17:53:12.584 P 3264 658 -51 1743 1860 4 4 -1978 16412
17:53:12.584 P 3269 637 -186 1676 1376 4 4 -1460 16394
17:53:12.584 P 3274 606 -94 1678 1558 4 4 -1816 17064
17:53:12.584 P 3279 588 -65 1627 1711 4 4 -1908 16734
17:53:12.584 P 3283 576 -43 1666 1667 4 5 -2298 16618
17:53:12.584 P 3289 560 -3 1853 1557 5 4 -1596 16432
17:53:12.584 P 3293 547 -113 1404 1600 5 4 -2044 17004
17:53:12.584 P 3298 526 -94 1480 1439 4 4 -1722 16046
17:53:12.584 P 3303 513 3 1570 1571 4 4 -2346 16206
17:53:12.584 P 3308 512 -13 1612 1449 4 4 -2092 17418
17:53:12.584 P 3313 502 -31 1511 1398 4 4 -1618 16422
17:53:12.584 P 3318 500 112 1719 1566 3 3 -1026 16400
17:53:12.584 P 3323 510 119 1746 1757 4 4 -944 17252
17:53:12.584 P 3328 517 36 1757 1648 4 4 -1530 16684
17:53:12.584 P 3332 510 -48 1702 1689 5 4 -1046 16686
17:53:12.584 P 3337 492 -20 1640 1766 4 5 -1214 16946
17:53:12.584 P 3342 482 -94 1839 1554 6 6 -1430 16778
17:53:12.584 P 3347 445 -230 1428 1621 5 5 -1964 16802
17:53:12.584 P 3351 416 -211 1469 1527 6 5 -2102 17118
17:53:12.584 P 3356 382 -231 1317 1411 5 5 -3094 16186
17:53:12.584 P 3361 337 -453 -1533 -1598 4 5 -3896 16458
17:53:12.584 P 3366 246 -592 -1776 -1846 2 2 3356 17124
17:53:12.584 P 3370 228 -137 -2035 -1787 0 0 -2688 16638
17:53:12.584 P 3375 280 690 -1478 -1859 -5 -2 -5102 15682
17:53:12.584 P 3380 395 326 -1829 -2094 -5 -2 -9166 15968
17:53:12.584 P 3385 396 -222 -2150 -2203 -7 -7 -3998 16698
17:53:12.584 P 3391 450 139 -2344 -2226 -10 -10 -6992 16898
17:53:12.584 P 3396 489 495 -2370 -2249 -14 -12 -2382 16718
17:53:12.584 P 3401 631 1208 -1841 -1915 -15 -13 -1880 16060
17:53:12.584 P 3406 809 1135 -1731 -1761 -13 -13 -3118 16498
17:53:12.584 P 3411 951 896 -1688 -1723 -14 -13 -2194 17276
17:53:12.584 P 3416 1079 966 -1516 -1378 -13 -13 -2704 16766
17:53:12.584 P 3421 1197 825 1310 -1361 -13 -13 -1906 16570
17:53:12.584 P 3426 1319 942 1739 1686 -10 -11 -3354 15880
17:53:12.584 P 3431 1418 187 1564 1397 -6 -8 -8164 18048
17:53:12.584 P 3436 1253 -1121 -1790 -1807 -5 -7 -968 16244
17:53:12.584 P 3441 1115 -375 -1587 -1421 -6 -7 238 16822
17:53:12.584 P 3447 1114 332 1324 1533 -7 -6 -4884 16276
17:53:12.584 P 3452 1095 -269 -1486 -1468 -6 -5 -962 16206
17:53:12.584 P 3457 1064 71 1502 -1478 -5 -4 -1034 16366
17:53:12.584 P 3462 1061 127 1387 1471 -4 -5 -1170 17432
17:53:12.584 P 3467 1062 55 1466 1641 -4 -3 -2908 16506
17:53:12.584 P 3472 1032 -197 1526 -1417 -2 -2 -1872 16874
17:53:12.584 P 3477 976 -229 -1467 -1420 -1 -2 -744 16810
17:53:12.584 P 3483 947 30 1400 1411 -1 -3 -1212 17002
17:53:12.584 P 3488 944 77 1555 1628 -2 -2 -1588 16832
17:53:12.584 P 3493 934 -147 1580 1492 0 0 -2960 16850
17:53:12.584 P 3498 883 -183 1597 1341 0 0 -720 16638
17:53:12.584 P 3503 859 -3 1611 1814 1 1 -1184 16742
17:53:12.584 P 3508 844 -149 1813 1545 2 3 -3460 16702
17:53:12.584 P 3513 787 -244 1709 1454 2 3 -602 16876
17:53:12.584 P 3519 743 -55 1601 1793 2 2 -1732 16540
17:53:12.584 P 3524 726 -119 1794 1566 3 4 -1120 16838
17:53:12.584 P 3529 688 -180 1514 1669 4 3 -1084 16782
17:53:12.584 P 3535 657 -40 1819 1685 3 4 -2222 16488
17:53:12.584 P 3539 643 -52 1917 1641 4 4 -1280 16992
17:53:12.584 P 3545 600 -164 1485 1878 5 4 -1770 17130
17:53:12.584 P 3550 563 -207 1807 1486 5 7 -1354 16244
17:53:12.584 P 3555 531 -110 1797 1671 6 5 -512 16486
17:53:12.584 P 3561 499 -81 1671 1851 5 6 -978 16210
17:53:12.584 P 3566 479 -106 1920 1648 7 6 -1240 17316
17:53:12.584 P 3572 436 -284 1466 1768 7 6 -872 17306
17:53:12.584 P 3577 387 -221 1494 1761 7 6 -130 15988
17:53:12.584 P 3583 361 34 1979 1854 7 7 -1358 16568
17:53:12.584 P 3588 342 -194 1699 1711 8 7 -580 17234
17:53:12.584 P 3593 302 -151 1667 1692 8 7 -766 16200
17:53:12.584 P 3599 282 -10 1787 1902 7 7 -920 16160
17:53:12.584 P 3604 268 -139 1917 1553 7 7 -568 18564
17:53:12.584 P 3609 231 -286 1411 1595 8 8 -530 16078
17:53:12.584 P 3615 186 -100 1501 1823 8 7 -1544 15972
17:53:12.584 P 3620 161 -307 1300 1411 7 8 -2644 17212
17:53:12.584 P 3625 108 -434 -1404 -1540 6 7 -1934 17098
17:53:12.584 P 3631 76 225 1350 1838 4 4 -734 15600
17:53:12.584 P 3636 133 607 1939 1839 4 7 -924 17334
17:53:12.584 P 3641 170 -203 1563 -1499 6 6 -1018 16994
17:53:12.584 P 3646 130 -5 1432 1380 5 5 998 17270
17:53:12.584 P 3652 177 456 1815 1930 6 5 -4 16216
17:53:12.584 P 3657 217 -160 1747 1325 5 6 -478 17584
17:53:12.584 P 3663 182 -100 1458 1395 5 6 22 16640
17:53:12.584 P 3668 175 10 1698 1538 6 5 -394 16600
17:53:12.584 P 3673 183 109 1901 1706 5 5 -1266 16990
17:53:12.584 P 3678 168 -197 1414 1601 6 6 -200 17288
17:53:12.584 P 3684 134 -118 1372 1471 6 6 -880 16276
17:53:12.584 P 3689 119 -22 1529 1665 5 5 -270 17462
17:53:12.584 P 3694 120 13 1642 1581 5 5 -968 15996
17:53:12.584 P 3700 109 -68 1474 1410 5 6 -960 16588
17:53:12.584 P 3705 98 19 1640 1515 5 5 -542 16434
17:53:12.584 P 3710 95 10 1578 1570 4 5 -690 17024
17:53:12.584 P 3715 93 27 1575 1588 5 5 -8 16870
17:53:12.584 P 3720 101 50 1661 1507 5 5 -360 16590
17:53:12.584 P 3726 96 3 1493 1629 5 5 -816 17000
17:53:12.584 P 3731 93 20 1628 1477 4 4 -6 16792
17:53:12.584 P 3736 99 88 1724 1574 4 4 -462 16396
17:53:12.584 P 3741 95 -68 1375 1647 4 4 -276 16540
17:53:12.584 P 3747 80 -69 1495 1499 5 4 16 17332
17:53:12.584 P 3752 69 -40 1433 1507 4 4 -88 17738
17:53:12.584 P 3758 70 81 1652 1543 3 4 -806 16914
17:53:12.584 P 3763 71 22 1563 1498 4 4 -472 16642
17:53:12.584 P 3768 73 31 1493 1535 3 4 -254 16642
17:53:12.584 P 3773 76 42 1592 1498 4 4 -774 16674
17:53:12.584 P 3779 73 7 1486 1452 3 3 -268 17174
17:53:12.584 P 3784 72 26 1486 1473 4 3 -164 16484
17:53:12.584 P 3789 73 54 1558 1492 3 4 -418 16742
17:53:12.584 P 3795 80 85 1570 1558 3 3 -406 16916
17:53:12.584 P 3800 85 75 1571 1537 3 3 -644 16510
17:53:12.584 P 3805 91 77 1536 1507 3 3 -928 17006
17:53:12.584 P 3810 95 64 1577 1486 3 3 -248 16622
17:53:12.584 P 3816 101 67 1539 1507 3 3 -498 16534
17:53:12.584 P 3821 107 57 1499 1512 2 3 -138 16948
17:53:12.584 P 3826 114 90 1633 1519 3 3 -716 16796
17:53:12.584 P 3831 117 51 1576 1523 3 2 -316 16520
17:53:12.584 P 3836 118 38 1505 1551 3 3 -544 16682
17:53:12.584 P 3842 120 72 1628 1487 3 3 -536 16806
17:53:12.584 P 3847 122 28 1561 1504 3 3 -1094 16990
17:53:12.584 P 3852 118 20 1484 1543 3 3 -574 17180
17:53:12.584 P 3857 115 23 1487 1482 3 2 -298 16374
17:53:12.584 P 3862 118 70 1587 1505 2 3 -876 16582
17:53:12.584 P 3867 120 45 1528 1488 2 2 52 16724
17:53:12.584 P 3872 123 64 1500 1549 2 2 -546 17020
17:53:12.584 P 3877 130 93 1587 1495 3 2 -864 16656
17:53:12.584 P 3882 134 54 1556 1461 3 2 -402 16692
17:53:12.584 P 3887 137 62 1580 1519 2 2 -314 16576
17:53:12.584 P 3892 140 49 1547 1530 2 2 -952 16636
17:53:12.584 P 3897 140 18 1492 1523 2 2 -72 17040
17:53:12.584 P 3902 142 51 1516 1516 3 1 -636 16916
17:53:12.584 P 3907 146 63 1547 1461 1 2 -902 16750
17:53:12.584 P 3912 148 47 1478 1462 1 1 -318 16634
17:53:12.584 P 3917 149 49 1537 1488 3 3 -676 16868
17:53:12.584 P 3922 152 68 1515 1515 2 2 -370 16580
17:53:12.584 P 3927 157 87 1525 1556 1 2 -1122 16874
17:53:12.584 P 3932 162 55 1537 1447 2 2 -170 16782
17:53:12.584 P 3936 165 30 1483 1458 1 2 128 16658
17:53:12.584 P 3941 168 76 1571 1479 3 2 -546 16720
17:53:12.584 P 3946 173 73 1514 1506 2 2 -842 16838
17:53:12.584 P 3951 178 59 1576 1480 3 2 134 16712
17:53:12.584 P 3956 184 66 1550 1528 3 2 -318 16592
17:53:12.584 P 3960 185 64 1499 1483 2 1 -468 16926
17:53:12.584 P 3965 189 80 1534 1503 1 2 -1358 16680
17:53:12.584 P 3970 192 56 1542 1443 1 2 -380 16796
17:53:12.584 P 3975 195 54 1549 1550 2 3 -106 16730
17:53:12.584 P 3980 200 56 1515 1534 2 2 -654 16878
17:53:12.584 P 3984 201 48 1581 1472 2 3 -208 16758
17:53:12.584 P 3989 205 51 1536 1463 1 1 -420 16704
17:53:12.584 P 3994 205 54 1493 1547 3 1 -1438 16540
17:53:12.584 P 3999 204 33 1583 1452 2 2 -268 16990
17:53:12.584 P 4004 206 40 1552 1527 2 2 98 16888
17:53:12.584 P 4009 206 50 1533 1568 2 2 -1030 16730
17:53:12.584 P 4014 205 25 1515 1461 1 2 -324 16888
17:53:12.584 P 4019 207 47 1514 1521 1 2 -598 16886
17:53:12.584 P 4024 209 66 1633 1484 3 2 -158 16746
17:53:12.584 P 4030 212 46 1504 1563 2 2 -1344 16790
17:53:12.584 P 4035 211 40 1564 1495 3 2 -212 16852
17:53:12.584 P 4040 215 52 1541 1493 2 2 -316 16650
17:53:12.584 P 4046 219 57 1570 1529 3 2 -1184 16884
17:53:12.584 P 4051 223 -37 -1331 1540 1 1 -1588 15978
17:53:12.584 P 4057 202 -293 -1814 -1485 1 0 -2744 16428
17:53:12.584 P 4062 148 -310 -2006 -1807 -2 -1 -782 17334
17:53:12.584 P 4068 239 1122 1451 1418 -4 -2 -206 17138
17:53:12.584 P 4074 418 815 1400 1349 -3 -2 -1294 16662
17:53:12.584 P 4079 500 470 1724 1318 -1 -1 -696 16806
17:53:12.584 P 4084 542 186 1508 1569 1 0 -2412 16740
17:53:12.584 P 4089 529 -103 1464 1588 0 0 -798 16778
17:53:12.584 P 4094 519 31 1858 1625 1 1 -1236 16704
17:53:12.584 P 4099 500 -203 1546 1636 3 2 -1600 16800
17:53:12.584 P 4104 431 -439 -1512 1426 2 1 -236 16946
17:53:12.584 P 4109 385 -125 -1311 1674 1 1 -2720 16106
17:53:12.584 P 4114 366 -170 -1373 1396 2 1 -2130 16820
17:53:12.584 P 4119 339 -171 -1711 -1353 0 0 -2266 16340
17:53:12.584 P 4123 317 -143 -1780 -1582 -2 0 -1562 16696
17:53:12.584 P 4128 313 207 -1471 -1656 -3 -2 -304 16840
17:53:12.584 P 4134 382 462 1407 -1567 -3 -2 2610 17478
17:53:12.584 P 4139 465 556 1483 1413 -1 -2 -1010 17102
17:53:13.387 P 4144 516 290 1415 1492 0 -1 -1004 16468
17:53:13.387 P 4148 535 157 1421 1648 0 0 -1142 16748
17:53:13.387 P 4152 547 144 1600 1797 0 0 -3582 16546
17:53:13.387 P 4156 538 -63 1807 -1332 1 2 -3140 16660
17:53:13.387 P 4161 499 -231 1441 1572 3 1 -3004 16882
17:53:13.387 P 4166 432 -539 -1737 -1395 1 1 -4332 16498
17:53:13.387 P 4171 322 -1248 -2001 -2113 -1 0 -4234 16238
17:53:13.387 P 4176 241 -148 -1895 -1971 -3 -4 -5926 16084
17:53:13.387 P 4181 189 -632 -2356 -2240 -7 -6 -5176 17304
17:53:13.387 P 4186 179 -246 -2284 -2288 -10 -9 -9106 17554
17:53:13.387 P 4190 145 -664 -2279 -2313 -13 -12 -7598 15286
17:53:13.387 P 4195 53 -964 -2202 -2237 -14 -14 -6668 16696
17:53:13.387 P 4200 -105 -1233 -2119 -2108 -14 -14 -1186 15516
17:53:13.387 P 4205 -307 -1521 -2054 -2051 -14 -15 -1890 17372
17:53:13.387 P 4209 -504 -1626 -2024 -2005 -15 -15 1894 16798
17:53:13.387 P 4214 -773 -1905 -2019 -1977 -16 -15 640 14564
17:53:13.387 P 4219 -1082 -2200 -2002 -1967 -14 -14 820 12684
17:53:13.387 P 4223 -1372 -2576 -2027 -1913 -15 -14 2098 13304
17:53:13.387 P 4228 -1797 -3076 -1958 -1850 -14 -13 2158 16238
17:53:13.387 P 4232 -2198 -3573 -1933 -1785 -14 -13 3056 13032
17:53:13.387 P 4237 -2799 -4438 -1865 -1726 -14 -13 1976 8564
17:53:13.387 P 4241 -3377 -5238 -1817 -1685 -13 -12 2164 9556
17:53:13.387 P 4244 -3896 -6045 0 0 -12 -12 3244 6482
17:53:13.387 P 4245 -4078 -6282 0 0 -12 -11 906 5074
17:53:13.387 P 4246 -4277 -6646 0 0 -12 -11 2876 4582
17:53:13.387 P 4247 -4487 -6936 0 0 -12 -11 3546 4482
17:53:13.387 P 4248 -4705 -7215 0 0 -12 -12 2772 3520
17:53:13.387 P 4249 -4937 -7580 0 0 -12 -10 2924 2316
17:53:13.387 P 4250 -5188 -7911 0 0 -11 -10 3476 728
17:53:13.387 P 4251 -5459 -8202 0 0 -12 -11 3122 -1520
17:53:13.387 P 4252 -5736 -8476 0 0 -11 -10 8832 -3504
17:53:13.387 P 4253 -6015 -8671 0 0 -11 -11 13912 -2974
17:53:13.387 P 4254 -6292 -8702 0 0 -11 -10 27858 -2476
17:53:13.387 P 4255 -6550 -8215 0 0 -11 -10 32767 1690
17:53:13.387 P 4256 -6740 -6096 0 0 -10 -10 32767 7612
17:53:13.387 P 4257 -6814 -2142 0 0 -10 -11 32767 -1804
17:53:13.387 P 4258 -6801 825 0 0 -11 -12 32767 -7160
17:53:13.387 P 4259 -6749 2035 0 0 -10 -11 5860 -392
17:53:13.387 P 4260 -6691 2214 0 0 -10 -12 8062 -320
17:53:13.387 P 4261 -6628 2396 0 0 -10 -12 2068 -184
17:53:13.387 P 4262 -6587 2528 0 0 -10 -11 142 -978
17:53:13.387 P 4263 -6458 2475 0 0 -10 -12 -11356 -1802
17:53:13.387 P 4264 -6347 1889 0 0 -10 -11 -13776 -2640
17:53:13.387 P 4265 -6257 1200 0 0 -9 -11 -4438 -864
17:53:13.387 P 4266 -6192 871 0 0 -10 -11 -568 416
17:53:13.387 P 4267 -6178 770 0 0 -10 -12 5338 218
17:53:13.387 P 4268 -6161 -210 0 0 -9 -12 -2056 12460
17:53:13.387 P 4269 -6189 -2862 0 0 -10 -10 -7616 -4528
17:53:13.387 P 4270 -6318 -3985 0 0 -10 -10 25128 1724
17:53:13.387 P 4271 -6427 -3280 0 0 -10 -11 32767 770
17:53:13.387 P 4272 -6471 -1106 0 0 -9 -10 32767 -2226
17:53:13.387 P 4273 -6381 1112 0 0 -9 -11 -21144 -5350
17:53:13.387 P 4274 -6383 209 0 0 -10 -11 11196 698
17:53:13.387 P 4275 -6398 -156 0 0 -9 -10 22288 -968
17:53:13.387 P 4276 -6391 474 0 0 -9 -11 19350 1382
17:53:13.387 P 4277 -6366 928 0 0 -8 -11 17024 5148
17:53:13.387 P 4278 -6326 845 0 0 -10 -10 1072 3304
17:53:13.387 P 4279 -6334 -43 0 0 -9 -11 9372 1588
17:53:13.387 P 4280 -6363 -777 0 0 -8 -9 32767 5708
17:53:13.387 P 4281 -6373 -52 0 0 -8 -11 17608 1070
17:53:13.387 P 4282 -6365 390 0 0 -9 -10 3938 1090
17:53:13.387 P 4283 -6360 345 0 0 -8 -10 8666 1800
17:53:13.387 P 4284 -6352 284 0 0 -8 -10 15456 7854
17:53:13.387 P 4285 -6348 137 0 0 -8 -10 17104 8324
17:53:13.387 P 4286 -6350 -36 0 0 -7 -9 20668 9360
17:53:13.387 P 4287 -6348 76 0 0 -8 -9 17114 9348
17:53:13.387 P 4288 -6338 270 0 0 -7 -9 10780 6610
17:53:13.387 P 4289 -6331 197 0 0 -6 -9 6670 4494
17:53:13.387 P 4290 -6339 -117 0 0 -7 -8 13560 3358
17:53:13.387 P 4291 -6354 -273 0 0 -6 -8 23038 3070
17:53:13.387 P 4292 -6362 -107 0 0 -6 -9 17332 3812
17:53:13.387 P 4293 -6366 23 0 0 -7 -8 17820 4408
17:53:13.387 P 4294 -6367 82 0 0 -6 -8 14372 4612
17:53:13.387 P 4295 -6371 -3 0 0 -6 -8 12334 3728
17:53:13.387 P 4296 -6380 -118 0 0 -5 -8 17976 4054
17:53:13.387 P 4297 -6387 -67 0 0 -5 -8 18916 4266
17:53:13.387 P 4298 -6391 38 0 0 -6 -7 21154 4040
17:53:13.387 P 4299 -6389 160 0 0 -5 -8 12040 4114
17:53:13.387 P 4300 -6389 124 0 0 -5 -7 13048 4266
17:53:13.387 P 4301 -6390 38 0 0 -6 -8 11888 4408
17:53:13.387 P 4302 -6397 -85 0 0 -5 -6 16210 4442
17:53:13.387 P 4303 -6405 -100 0 0 -4 -7 20182 4444
17:53:13.387 P 4304 -6409 -4 0 0 -5 -7 18232 4694
17:53:13.387 P 4305 -6411 73 0 0 -4 -7 14384 4014
17:53:13.387 P 4306 -6412 70 0 0 -4 -6 13252 4262
17:53:13.387 P 4307 -6415 23 0 0 -4 -7 14970 4618
17:53:13.387 P 4308 -6419 0 0 0 -4 -5 18590 4608
17:53:13.387 P 4309 -6422 29 0 0 -4 -7 15782 5038
17:53:13.387 P 4310 -6425 37 0 0 -4 -5 17620 4428
17:53:13.387 P 4311 -6426 70 0 0 -4 -7 11390 4120
17:53:13.387 P 4312 -6430 -7 0 0 -3 -5 15416 3986
17:53:13.387 P 4313 -6435 -15 0 0 -4 -5 18326 4556
17:53:13.387 P 4314 -6439 16 0 0 -3 -6 16960 4384
17:53:13.387 P 4315 -6443 10 0 0 -4 -5 17240 4628
17:53:13.387 P 4316 -6444 40 0 0 -2 -4 12988 4554
17:53:13.387 P 4317 -6448 14 0 0 -3 -5 16196 4124
17:53:13.387 P 4318 -6452 14 0 0 -3 -5 15706 4460
17:53:13.387 P 4319 -6456 -1 0 0 -2 -5 16994 4486
17:53:13.387 P 4320 -6459 28 0 0 -3 -4 15908 4782
17:53:13.387 P 4321 -6461 35 0 0 -3 -5 14612 4346
17:53:13.387 P 4322 -6465 -3 0 0 -2 -4 16432 4616
17:53:13.387 P 4323 -6469 17 0 0 -2 -4 17034 4458
17:53:13.387 P 4324 -6471 51 0 0 -2 -3 14866 4262
17:53:13.387 P 4325 -6474 21 0 0 -3 -4 15430 4658
17:53:13.387 P 4326 -6478 -1 0 0 -1 -4 16838 4488
17:53:13.387 P 4327 -6481 16 0 0 -2 -3 14970 4608
17:53:13.387 P 4328 -6484 12 0 0 -2 -3 16062 4750
17:53:13.387 P 4329 -6487 25 0 0 -2 -3 15758 4650
17:53:13.387 P 4330 -6490 19 0 0 -1 -3 16140 4896
17:53:13.387 P 4331 -6493 7 0 0 -1 -3 16128 4652
17:53:13.387 P 4332 -6497 6 0 0 -2 -2 16146 4348
17:53:13.387 P 4333 -6500 27 0 0 -1 -3 15798 4438
17:53:13.387 P 4334 -6502 50 0 0 -1 -2 15564 4352
17:53:13.387 P 4335 -6504 52 0 0 0 -3 15210 4688
17:53:13.387 P 4336 -6507 20 0 0 -2 -2 16820 5016
17:53:13.387 P 4337 -6510 24 0 0 -1 -2 16100 4948
17:53:13.387 P 4338 -6512 40 0 0 0 -1 15342 4654
17:53:13.387 P 4339 -6514 31 0 0 -1 -2 15366 4664
17:53:13.387 P 4340 -6518 16 0 0 0 -2 16504 4618
17:53:13.387 P 4341 -6520 30 0 0 0 -1 15906 4600
17:53:13.387 P 4342 -6523 37 0 0 -2 -1 15542 4478
17:53:13.387 P 4343 -6525 32 0 0 0 -1 16060 4686
17:53:13.387 P 4344 -6528 35 0 0 0 -1 16054 4684
17:53:13.387 P 4345 -6530 47 0 0 0 -2 15622 4910
17:53:13.387 P 4346 -6531 50 0 0 0 0 15398 5014
17:53:13.387 P 4347 -6533 37 0 0 -1 -1 15980 5154
17:53:13.387 P 4348 -6535 29 0 0 0 0 15200 4980
17:53:13.387 P 4349 -6538 15 0 0 0 0 16336 4840
17:53:13.387 P 4350 -6541 28 0 0 0 0 16024 4708
17:53:13.387 P 4351 -6543 42 0 0 0 0 15894 4718
17:53:13.387 P 4352 -6545 46 0 0 1 0 15366 4824
17:53:13.387 P 4353 -6546 46 0 0 0 0 15400 5348
17:53:13.387 P 4354 -6546 49 0 0 0 0 15548 5990
17:53:13.387 P 4355 -6546 48 0 0 0 1 15284 6290
17:53:13.387 P 4356 -6547 35 0 0 0 0 15274 6216
17:53:13.387 P 4357 -6548 22 0 0 0 0 15300 5906
17:53:13.387 P 4358 -6550 17 0 0 0 0 15478 5536
17:53:13.387 P 4359 -6552 18 0 0 0 0 15590 5340
17:53:13.387 P 4360 -6554 25 0 0 0 1 15664 5308
17:53:13.387 P 4361 -6555 36 0 0 0 1 15528 5596
17:53:13.387 P 4362 -6556 43 0 0 0 0 15358 5834
17:53:13.387 P 4363 -6557 37 0 0 0 0 15332 5988
17:53:13.387 P 4364 -6558 25 0 0 0 0 15356 5992
17:53:13.387 P 4365 -6559 21 0 0 0 1 15482 6066
17:53:13.387 P 4366 -6560 28 0 0 0 0 15582 6048
17:53:13.387 P 4367 -6561 34 0 0 0 0 15434 5954
17:53:13.387 P 4368 -6562 35 0 0 0 0 15442 5698
17:53:13.387 P 4369 -6563 37 0 0 0 0 15494 5738
17:53:13.387 P 4370 -6564 41 0 0 0 0 15430 5958
17:53:13.387 P 4371 -6564 44 0 0 0 0 15436 5966
17:53:13.387 P 4372 -6565 44 0 0 0 0 15460 5942
17:53:13.387 P 4373 -6565 43 0 0 0 0 15366 6006
17:53:13.387 P 4374 -6566 39 0 0 0 0 15468 5900
17:53:13.387 P 4375 -6568 35 0 0 0 0 15478 5606
17:53:13.387 P 4376 -6569 38 0 0 0 0 15552 5494
17:53:13.387 P 4377 -6570 42 0 0 0 0 15492 5708
17:53:13.387 P 4378 -6571 44 0 0 0 0 15482 5732
17:53:13.387 P 4379 -6571 46 0 0 0 0 15582 5844
17:53:13.387 P 4380 -6572 51 0 0 0 0 15452 5706
17:53:13.387 P 4381 -6572 51 0 0 0 0 15230 6066
17:53:13.387 P 4382 -6573 44 0 0 0 0 16170 5816
17:53:13.387 P 4383 -6574 78 0 0 0 0 17614 5346
17:53:13.387 P 4384 -6572 159 0 0 0 0 15426 5460
17:53:13.387 P 4385 -6569 140 0 0 0 0 15092 5766
17:53:13.387 P 4386 -6570 107 0 0 0 0 16130 4746
17:53:13.387 P 4387 -6568 144 0 0 0 0 15646 5294
17:53:13.387 P 4388 -6565 174 0 0 0 0 16796 6258
17:53:13.387 P 4389 -6562 184 0 0 0 0 17198 6168
17:53:13.387 P 4390 -6557 231 0 0 0 0 16072 5568
17:53:13.387 P 4391 -6552 271 0 0 0 0 16206 5360
17:53:13.387 P 4392 -6546 294 0 0 0 0 16926 5438
17:53:13.387 P 4393 -6538 344 0 0 0 0 17672 5950
17:53:13.387 P 4394 -6528 430 0 0 0 0 18802 6340
17:53:13.387 P 4395 -6515 538 0 0 0 0 19442 6386
17:53:13.387 P 4396 -6498 667 0 0 0 0 19422 6248
17:53:13.387 P 4397 -6477 796 0 0 0 0 19352 6344
17:53:13.387 P 4398 -6452 922 0 0 0 0 18538 6004
17:53:13.387 P 4399 -6425 1037 0 0 0 -1 19188 4934
17:53:13.387 P 4400 -6395 1159 0 0 0 0 20512 5124
17:53:13.387 P 4401 -6359 1339 0 0 0 -1 21398 5316
17:53:13.387 P 4402 -6317 1542 0 0 0 -1 21328 5696
17:53:13.387 P 4403 -6270 1719 0 0 0 0 20510 5140
17:53:13.387 P 4404 -6217 1846 0 0 0 -1 18354 6252
17:53:13.387 P 4405 -6162 1976 0 0 0 -1 20558 6402
17:53:13.387 P 4406 -6100 2202 0 0 0 -1 21284 6412
17:53:13.387 P 4407 -6031 2413 0 0 0 -1 19712 5760
17:53:13.387 P 4408 -5960 2526 0 0 0 -1 18306 5726
17:53:13.387 P 4409 -5886 2612 0 0 0 -2 18808 5408
17:53:13.387 P 4410 -5810 2723 0 0 0 -2 18272 4866
17:53:13.387 P 4411 -5730 2823 0 0 -1 0 17400 4862
17:53:13.387 P 4412 -5648 2916 0 0 0 -3 16100 5300
17:53:13.387 P 4413 -5563 2968 0 0 -1 -1 16268 5906
17:53:13.387 P 4414 -5477 3004 0 0 0 -2 17418 6902
17:53:13.387 P 4415 -5387 3103 0 0 -2 -2 16890 8072
17:53:13.387 P 4416 -5292 3222 0 0 0 -1 15232 8752
17:53:13.387 P 4417 -5194 3282 0 0 -1 -2 13950 9568
17:53:13.387 P 4418 -5095 3294 0 0 -1 -1 13610 10582
17:53:13.387 P 4419 -4994 3334 0 0 -2 -2 12368 11308
17:53:13.387 P 4420 -4889 3397 0 0 -1 -2 10142 11620
17:53:13.387 P 4421 -4782 3418 0 0 -1 -1 8506 11664
17:53:13.387 P 4422 -4676 3371 0 0 -1 -2 7732 11372
17:53:13.387 P 4423 -4572 3283 0 0 -1 -2 6776 11376
17:53:13.387 P 4424 -4471 3170 0 0 -1 -2 6490 11468
17:53:13.387 P 4425 -4373 3045 0 0 -2 -1 5420 10996
17:53:13.387 P 4426 -4281 2864 0 0 -2 -2 5126 10826
17:53:13.387 P 4427 -4197 2644 0 0 -1 -2 6078 10826
17:53:13.387 P 4428 -4121 2434 0 0 -2 -1 6612 10906
17:53:14.135 P 4429 -4051 2266 0 0 -1 -2 7254 10648
17:53:14.135 P 4430 -3985 2125 0 0 -3 -1 7678 10676
17:53:14.135 P 4431 -3926 1986 0 0 -1 -2 8732 10840
17:53:14.135 P 4432 -3870 1867 0 0 -2 -1 9686 11132
17:53:14.135 P 4433 -3819 1777 0 0 -2 -2 10430 11236
17:53:14.135 P 4434 -3770 1710 0 0 -3 -2 10844 11404
17:53:14.135 P 4435 -3722 1672 0 0 -1 -1 12150 12070
17:53:14.135 P 4436 -3674 1715 0 0 -3 -1 12590 12384
17:53:14.135 P 4437 -3623 1790 0 0 -2 -2 12366 12402
17:53:14.135 P 4438 -3571 1844 0 0 -2 -2 12838 12536
17:53:14.135 P 4439 -3517 1905 0 0 -2 -2 12810 12754
17:53:14.135 P 4440 -3462 1968 0 0 -2 -1 13232 12828
17:53:14.135 P 4441 -3405 2050 0 0 -2 -2 13102 12690
17:53:14.135 P 4442 -3343 2148 0 0 -3 -2 12016 12652
17:53:14.135 P 4443 -3280 2209 0 0 -2 -1 10532 12360
17:53:14.135 P 4444 -3216 2206 0 0 -2 -2 10216 12702
17:53:14.135 P 4445 -3151 2220 0 0 -3 -2 9802 13126
17:53:14.135 P 4446 -3084 2263 0 0 -2 -2 8720 13182
17:53:14.135 P 4447 -3015 2281 0 0 -3 -1 7378 13398
17:53:14.135 P 4448 -2946 2247 0 0 -1 -3 7010 13770
17:53:14.135 P 4449 -2879 2195 0 0 -3 -1 6764 14114
17:53:14.135 P 4450 -2814 2139 0 0 -3 -2 6464 14248
17:53:14.135 P 4451 -2749 2088 0 0 -2 -2 5708 14410
17:53:14.135 P 4452 -2686 2025 0 0 -2 -1 5304 14520
17:53:14.135 P 4453 -2626 1953 0 0 -2 -2 5724 14648
17:53:14.135 P 4454 -2568 1907 0 0 -3 -2 6386 14780
17:53:14.135 P 4455 -2511 1897 0 0 -3 -2 6490 14708
17:53:14.135 P 4456 -2453 1890 0 0 -2 -1 5552 14798
17:53:14.135 P 4457 -2397 1849 0 0 -2 -1 5972 14860
17:53:14.135 P 4458 -2342 1810 0 0 -2 -2 5782 14822
17:53:14.135 P 4459 -2288 1767 0 0 -3 -1 5532 15074
17:53:14.135 P 4460 -2235 1736 0 0 -3 -2 5322 15372
17:53:14.135 P 4461 -2183 1715 0 0 -1 -2 4952 15320
17:53:14.135 P 4462 -2131 1699 0 0 -3 -1 5110 15378
17:53:14.135 P 4463 -2080 1689 0 0 -2 -2 5088 15374
17:53:14.135 P 4464 -2029 1678 0 0 -3 -1 5284 15450
17:53:14.135 P 4465 -1979 1677 0 0 -2 -1 5598 15670
17:53:14.135 P 4466 -1928 1703 0 0 -2 -2 5700 15630
17:53:14.135 P 4467 -1876 1747 0 0 -3 -1 5464 15726
17:53:14.135 P 4468 -1822 1789 0 0 -1 -1 5098 15902
17:53:14.135 P 4469 -1767 1817 0 0 -3 -2 4446 16088
17:53:14.135 P 4470 -1711 1816 0 0 -1 -1 3526 15976
17:53:14.135 P 4471 -1656 1775 0 0 -3 -1 2570 16036
17:53:14.135 P 4472 -1601 1714 0 0 -2 -2 2134 16268
17:53:14.135 P 4473 -1549 1638 0 0 -2 -1 1448 16478
17:53:14.135 P 4474 -1499 1561 0 0 -1 -1 1128 16712
17:53:14.135 P 4475 -1451 1459 0 0 -3 -2 596 16924
17:53:14.135 P 4476 -1407 1346 0 0 -1 -1 684 17138
17:53:14.135 P 4477 -1366 1250 0 0 -1 0 752 17232
17:53:14.135 P 4478 -1328 1170 0 0 -2 -2 1306 17484
17:53:14.135 P 4479 -1293 1119 0 0 -2 -1 1816 17394
17:53:14.135 P 4480 -1259 1098 0 0 -2 -1 2508 17426
17:53:14.135 P 4481 -1226 1110 0 0 -1 -1 3442 17270
17:53:14.135 P 4482 -1192 1156 0 0 -1 -1 3850 17410
17:53:14.135 P 4483 -1156 1220 0 0 -2 -1 4348 17220
17:53:14.135 P 4484 -1119 1302 0 0 -1 -1 4856 17096
17:53:14.135 P 4485 -1079 1394 0 0 -1 0 4990 16874
17:53:14.135 P 4486 -1037 1496 0 0 -1 -1 4994 16842
17:53:14.135 P 4487 -992 1568 0 0 -1 0 4954 16474
17:53:14.135 P 4488 -945 1654 0 0 -1 -2 4762 16388
17:53:14.135 P 4489 -893 1717 0 0 -1 0 2224 15718
17:53:14.135 P 4490 -840 1658 0 0 -1 -1 -302 15396
17:53:14.135 P 4491 -794 1460 0 0 -1 0 -130 14840
17:53:14.135 P 4492 -758 1240 0 0 -1 -1 2280 15218
17:53:14.135 P 4493 -727 1128 0 0 0 -1 4372 15336
17:53:14.135 P 4494 -697 1117 0 0 -1 -1 4598 15150
17:53:14.135 P 4495 -665 1129 0 0 -2 0 3142 15086
17:53:14.135 P 4496 -633 1089 0 0 0 -1 1346 14858
17:53:14.135 P 4497 -603 973 0 0 -1 -1 390 14754
17:53:14.135 P 4498 -578 831 0 0 0 -1 1182 14672
17:53:14.135 P 4499 -558 716 0 0 0 -1 2474 14944
17:53:14.135 P 4500 -541 675 0 0 -1 -1 3316 14870
17:53:14.135 P 4501 -524 682 0 0 0 0 3452 14668
17:53:14.135 P 4502 -505 702 0 0 0 -1 2972 14578
17:53:14.135 P 4503 -487 708 0 0 0 -2 2546 14516
17:53:14.135 P 4504 -468 692 0 0 0 0 2320 14346
17:53:14.135 P 4505 -450 664 0 0 -1 -1 2302 14506
17:53:14.135 P 4506 -434 629 0 0 0 -1 2476 14464
17:53:14.135 P 4507 -418 604 0 0 0 -2 2822 14812
17:53:14.135 P 4508 -404 583 0 0 0 -1 3012 14940
17:53:14.135 P 4509 -391 565 0 0 0 0 3438 15032
17:53:14.135 P 4510 -378 561 0 0 0 -1 3712 15284
17:53:14.135 P 4511 -365 565 0 0 0 -2 4102 15526
17:53:14.135 P 4512 -352 585 0 0 0 -1 4164 15750
17:53:14.135 P 4513 -338 608 0 0 0 -1 4012 15974
17:53:14.135 P 4514 -324 618 0 0 0 -1 3704 16068
17:53:14.135 P 4515 -310 608 0 0 0 -1 3780 16264
17:53:14.135 P 4516 -295 601 0 0 0 -1 3606 16172
17:53:14.135 P 4517 -282 587 0 0 0 -1 3336 16100
17:53:14.135 P 4518 -268 563 0 0 0 -2 3058 16076
17:53:14.135 P 4519 -256 530 0 0 0 -1 3184 16094
17:53:14.135 P 4520 -244 512 0 0 0 -1 2980 15906
17:53:14.135 P 4521 -232 496 0 0 0 -1 2234 15738
17:53:14.135 P 4522 -220 454 0 0 0 -1 1818 15618
17:53:14.135 P 4523 -212 400 0 0 0 -1 2612 17064
17:53:14.135 P 4524 -203 372 0 0 0 -1 2764 24842
17:53:14.135 P 4525 -194 349 0 0 0 -2 2948 26670
17:53:14.135 P 4526 -188 325 0 0 0 -1 3212 22696
17:53:14.135 P 4527 -180 387 0 0 0 0 3556 17696
17:53:14.135 P 4528 -169 492 0 0 1 -1 2682 13656
17:53:14.135 P 4529 -156 556 0 0 0 -2 1774 12086
17:53:14.135 P 4530 -141 569 0 0 0 -1 1308 13002
17:53:14.135 P 4531 -126 564 0 0 0 0 1404 15724
17:53:14.135 P 4532 -111 551 0 0 0 -1 1268 18334
17:53:14.135 P 4533 -96 528 0 0 0 -1 590 19990
17:53:14.135 P 4534 -83 496 0 0 0 -1 490 19242
17:53:14.135 P 4535 -69 490 0 0 0 -1 660 16988
17:53:14.135 P 4536 -55 504 0 0 0 0 448 15050
17:53:14.135 P 4537 -42 503 0 0 0 -1 510 14928
17:53:14.135 P 4538 -28 499 0 0 0 0 554 15762
17:53:14.135 P 4539 -15 495 0 0 0 -1 652 16938
17:53:14.135 P 4540 0 471 0 0 0 0 -808 17556
17:53:14.135 P 4541 8 391 0 0 0 -1 868 17584
17:53:14.135 P 4542 17 375 0 0 0 0 1626 16950
17:53:14.135 P 4543 27 411 0 0 0 0 1376 16110
17:53:14.135 P 4544 37 439 0 0 0 0 1166 16138
17:53:14.135 P 4545 50 455 0 0 0 -1 354 16546
17:53:14.135 P 4546 61 440 0 0 0 0 310 16954
17:53:14.135 P 4547 72 422 0 0 0 0 582 17162
17:53:14.135 P 4548 83 420 0 0 0 0 246 16928
17:53:14.135 P 4549 95 404 0 0 0 0 -384 16624
17:53:14.135 P 4550 105 371 0 0 0 0 -410 16454
17:53:14.135 P 4551 114 334 0 0 0 0 -118 16442
17:53:14.135 P 4552 122 318 0 0 0 0 -22 16754
17:53:14.135 P 4553 130 312 0 0 0 0 -162 16906
17:53:14.135 P 4554 138 304 0 0 0 0 -230 16972
17:53:14.135 P 4555 146 297 0 0 0 0 -426 16896
17:53:14.135 P 4556 154 287 0 0 0 0 -534 16846
17:53:14.135 P 4557 162 273 0 0 0 0 -678 16712
17:53:14.135 P 4558 169 255 0 0 0 0 -794 16646
17:53:14.135 P 4559 175 230 0 0 0 0 -912 16764
17:53:14.135 P 4560 180 194 0 0 0 0 -846 16780
17:53:14.135 P 4561 184 159 0 0 0 0 -792 16820
17:53:14.135 P 4562 187 129 0 0 0 0 -824 16758
17:53:14.135 P 4563 190 105 0 0 0 0 -666 16708
17:53:14.135 P 4564 191 82 0 0 0 0 -766 16712
17:53:14.135 P 4565 192 57 0 0 0 0 -720 16606
17:53:14.135 P 4566 190 33 0 0 0 0 1064 16808
17:53:14.135 P 4567 191 80 0 0 0 0 294 16836
17:53:14.135 P 4568 193 102 0 0 0 0 -1180 16746
17:53:14.135 P 4569 194 51 0 0 0 0 -638 16846
17:53:14.135 P 4570 193 27 0 0 0 0 -296 16788
17:53:14.135 P 4571 193 32 0 0 0 0 -426 16656
17:53:14.135 P 4572 192 22 0 0 0 0 -416 16746
17:53:14.135 P 4573 191 -2 0 0 0 0 -300 16762
17:53:14.135 P 4574 189 -24 0 0 0 0 -232 16792
17:53:14.135 P 4575 186 -37 0 0 0 0 -314 16758
17:53:14.135 P 4576 184 -47 0 0 0 0 -334 16816
17:53:14.135 P 4577 180 -59 0 0 0 0 -422 16796
17:53:14.135 P 4578 177 -72 0 0 0 0 -344 16754
17:53:14.135 P 4579 173 -90 0 0 0 0 -340 16788
17:53:14.135 P 4580 168 -105 0 0 0 0 -286 16846
17:53:14.135 P 4581 163 -118 0 0 0 0 -202 16798
17:53:14.135 P 4582 158 -129 0 0 0 0 -154 16796
17:53:14.135 P 4583 152 -139 0 0 0 0 -80 16684
17:53:14.135 P 4584 146 -151 0 0 0 0 156 16772
17:53:14.135 P 4585 139 -156 0 0 0 0 470 16848
17:53:14.135 P 4586 132 -153 0 0 0 0 522 16736
17:53:14.135 P 4587 126 -149 0 0 0 0 616 16826
17:53:14.135 P 4588 119 -141 0 0 0 0 822 16778
17:53:14.135 P 4589 112 -132 0 0 0 0 828 16764
17:53:14.135 P 4590 106 -124 0 0 0 0 610 16760
17:53:14.135 P 4591 101 -123 0 0 0 0 702 16936
17:53:14.135 P 4592 95 -118 0 0 0 0 774 16700
17:53:14.135 P 4593 89 -106 0 0 0 0 730 16532
17:53:14.135 P 4594 84 -98 0 0 0 0 718 16762
17:53:14.135 P 4595 79 -93 0 0 0 0 648 16786
17:53:14.135 P 4596 74 -96 0 0 0 0 604 16774
17:53:14.135 P 4597 69 -95 0 0 0 0 608 16804
17:53:14.135 P 4598 64 -91 0 0 0 0 588 16774
17:53:14.135 P 4599 60 -87 0 0 0 0 576 16696
17:53:14.135 P 4600 55 -86 0 0 0 0 578 16724
17:53:14.135 P 4601 51 -90 0 0 0 0 472 16778
17:53:14.135 P 4602 46 -95 0 0 0 0 464 16800
17:53:14.135 P 4603 41 -98 0 0 0 0 454 16794
17:53:14.135 P 4604 36 -101 0 0 0 0 480 16754
17:53:14.135 P 4605 31 -103 0 0 0 0 406 16704
17:53:14.135 P 4606 26 -109 0 0 0 0 358 16720
17:53:14.135 P 4607 21 -118 0 0 0 0 404 16824
17:53:14.135 P 4608 16 -125 0 0 0 0 286 16850
17:53:14.135 P 4609 10 -134 0 0 0 0 218 16790
17:53:14.135 P 4610 5 -146 0 0 0 0 260 16808
17:53:14.135 P 4611 -1 -154 0 0 0 0 292 16820
17:53:14.135 P 4612 -7 -163 0 0 0 0 280 16802
17:53:14.135 P 4613 -14 -176 0 0 0 0 348 16724
17:53:14.135 P 4614 -21 -188 0 0 0 0 390 16658
17:53:14.135 P 4615 -29 -198 0 0 0 0 362 16724
17:53:14.135 P 4616 -36 -207 0 0 0 0 356 16658
17:53:14.135 P 4617 -44 -219 0 0 0 0 352 16744
17:53:14.135 P 4618 -53 -233 0 0 0 0 334 16722
17:53:14.135 P 4619 -62 -245 0 0 0 0 344 16730
17:53:14.135 P 4620 -71 -258 0 0 0 0 410 16686
17:53:14.135 P 4621 -80 -270 0 0 0 0 360 16646
17:53:14.135 P 4622 -90 -281 0 0 0 0 410 16644
17:53:14.135 P 4623 -100 -297 0 0 0 0 378 16708
17:53:14.135 P 4624 -111 -314 0 0 0 0 336 16680
17:53:14.135 P 4625 -122 -329 0 0 0 0 424 16746
17:53:14.135 P 4626 -134 -343 0 0 0 0 496 16788
17:53:14.135 P 4627 -146 -360 0 0 0 0 462 16738
17:53:14.135 mt off, battery 12.44 V
17:53:14.931 D 23215 0 -9.90 0.000 -1799 -1688 5.06
17:53:14.931 R 11555 1 38.6
17:53:14.931 E 0 -162 -1154 -22 -1780 -1582
17:53:14.931 E 1 -167 -1020 -33 -1835 -1638
17:53:14.931 E 2 -170 -642 -43 -1817 -1700
17:53:14.931 E 3 -173 -264 -45 -1739 -1700
17:53:14.931 E 4 -174 302 -50 -1615 -1682
17:53:14.931 E 5 -171 979 -54 -1471 -1656
17:53:14.931 E 6 -165 1619 -50 1336 -1596
17:53:14.931 E 7 -157 2241 -54 1417 -1584
17:53:14.931 E 8 -144 2741 -55 1443 -1552
17:53:14.931 E 9 -128 2899 -54 1465 -1515
17:53:14.931 E 10 -114 2723 -59 1412 -1550
17:53:14.931 E 11 -113 2534 -60 1407 -1567
17:53:14.931 E 12 -106 3235 -52 1438 -1377
17:53:14.931 E 13 -87 3826 -45 1499 1376
17:53:14.931 E 14 -69 3674 -42 1476 1406
17:53:14.931 E 15 -53 3424 -43 1475 1413
17:53:14.931 E 16 -38 3107 -41 1483 1413
17:53:14.931 E 17 -25 2777 -35 1521 1431
17:53:14.931 E 18 -14 2375 -37 1509 1410
17:53:14.931 E 19 -6 1997 -28 1521 1479
17:53:14.931 E 20 0 1704 -29 1450 1479
17:53:14.931 E 21 6 1485 -27 1415 1492
17:53:14.931 E 22 11 1296 -24 1378 1529
17:53:14.931 E 23 15 1095 -17 1371 1578
17:53:14.931 E 24 17 887 -10 1406 1626
17:53:14.931 E 25 19 674 -8 1421 1648
17:53:14.931 E 26 20 546 0 1443 1693
17:53:14.931 E 27 20 497 -1 1458 1716
17:53:14.931 E 28 20 509 6 1558 1773
17:53:14.931 E 29 30 595 7 1600 1797
17:53:14.931 E 30 41 -8 7 1680 1669
17:53:14.931 E 31 33 -989 14 1722 1335
17:53:14.931 E 32 25 -849 14 1743 -1366
17:53:14.931 E 33 27 -666 27 1807 -1332
17:53:14.931 E 34 18 -1349 35 1769 -1443
17:53:14.931 E 35 4 -1550 30 1727 -1447
17:53:14.931 E 36 -7 -1312 40 1728 -1307
17:53:14.931 E 37 -15 -1288 40 1645 1459
17:53:14.931 E 38 -19 -1690 37 1441 1572
17:53:14.931 E 39 -31 -2593 28 -1480 1437
17:53:14.931 E 40 -47 -2922 30 -1569 1413
17:53:14.931 E 41 -55 -2940 30 -1621 1426
17:53:14.931 E 42 -64 -3251 24 -1738 1320
17:53:14.931 E 43 -71 -3568 26 -1737 -1395
17:53:14.931 E 44 -75 -3830 13 -1770 -1626
17:53:14.931 E 45 -77 -4477 1 -1852 -1837
17:53:14.931 E 46 -81 -5556 -12 -1909 -1998
17:53:14.931 E 47 -91 -6763 -35 -1993 -2086
17:53:14.931 E 48 -120 -7891 -50 -2001 -2113
17:53:14.931 E 49 -165 -7653 -68 -1938 -2095
17:53:14.931 E 50 -194 -5751 -85 -1801 -2016
17:53:14.931 E 51 -193 -3410 -79 -1738 -1893
17:53:14.931 E 52 -183 -1861 -98 -1888 -1926
17:53:14.931 E 53 -172 -1184 -106 -1895 -1971
17:53:14.931 E 54 -157 -1386 -115 -2125 -2041
17:53:14.931 E 55 -170 -2520 -146 -2379 -2145
17:53:14.931 E 56 -172 -4080 -163 -2429 -2206
17:53:14.931 E 57 -185 -4848 -183 -2400 -2241
17:53:14.931 E 58 -192 -4135 -199 -2356 -2240
17:53:14.931 E 59 -189 -2928 -216 -2264 -2229
17:53:14.931 E 60 -180 -1928 -230 -2105 -2258
17:53:14.931 E 61 -168 -1544 -260 -2172 -2279
17:53:14.931 E 62 -174 -1422 -283 -2255 -2285
17:53:14.931 E 63 -183 -1782 -297 -2284 -2288
17:53:14.931 E 64 -195 -2483 -329 -2305 -2330
17:53:14.931 E 65 -211 -3330 -342 -2317 -2324
17:53:14.931 E 66 -205 -3964 -357 -2293 -2324
17:53:14.931 E 67 -203 -4330 -383 -2279 -2313
17:53:14.931 E 68 -199 -4470 -396 -2275 -2294
17:53:14.931 E 69 -202 -4934 -415 -2271 -2273
17:53:14.931 E 70 -211 -5269 -433 -2267 -2275
17:53:14.931 E 71 -239 -5507 -438 -2211 -2280
17:53:14.931 E 72 -250 -6159 -454 -2202 -2237
17:53:14.931 E 73 -274 -6787 -469 -2211 -2195
17:53:14.931 E 74 -295 -6836 -481 -2169 -2159
17:53:14.931 E 75 -314 -7013 -494 -2138 -2117
17:53:14.931 E 76 -347 -7726 -506 -2134 -2112
17:53:14.931 E 77 -383 -7799 -506 -2119 -2108
17:53:14.931 E 78 -411 -7708 -510 -2101 -2104
17:53:14.931 E 79 -447 -8458 -518 -2105 -2116
17:53:14.931 E 80 -492 -8994 -521 -2119 -2098
17:53:14.931 E 81 -529 -9019 -532 -2054 -2078
17:53:14.931 E 82 -570 -9555 -531 -2054 -2051
17:53:14.931 E 83 -627 -10201 -538 -2059 -2021
17:53:14.931 E 84 -674 -9726 -535 -2037 -1999
17:53:14.931 E 85 -721 -9829 -535 -2026 -1980
17:53:14.931 E 86 -776 -10195 -540 -2024 -2005
17:53:14.931 E 87 -823 -10116 -539 -2010 -2002
17:53:14.931 E 88 -871 -10646 -538 -2024 -1988
17:53:14.931 E 89 -929 -11469 -534 -2049 -2008
17:53:14.931 E 90 -986 -11677 -534 -2036 -1999
17:53:14.931 E 91 -1043 -11896 -534 -2019 -1977
17:53:14.931 E 92 -1104 -12323 -536 -2020 -1977
17:53:14.931 E 93 -1167 -12530 -536 -2017 -1973
17:53:14.931 E 94 -1226 -12579 -539 -1996 -1980
17:53:14.931 E 95 -1286 -13030 -536 -1992 -1961
17:53:14.931 E 96 -1354 -13695 -535 -2002 -1967
17:53:14.931 E 97 -1422 -14146 -540 -2030 -1952
17:53:14.931 E 98 -1488 -14640 -537 -2024 -1913
17:53:14.931 E 99 -1559 -15414 -532 -2024 -1900
17:53:14.931 E 100 -1639 -15987 -537 -2027 -1913
17:53:14.931 E 101 -1716 -16249 -532 -2011 -1912
17:53:14.931 E 102 -1790 -16773 -529 -1986 -1883
17:53:14.931 E 103 -1879 -17852 -532 -1963 -1893
17:53:14.931 E 104 -1969 -18718 -538 -1975 -1878
17:53:14.931 E 105 -2055 -19035 -529 -1958 -1850
17:53:14.931 E 106 -2154 -19877 -530 -1929 -1841
17:53:14.931 E 107 -2256 -20425 -529 -1947 -1817
17:53:14.931 E 108 -2353 -21108 -522 -1944 -1796
17:53:14.931 E 109 -2463 -22065 -523 -1933 -1785
17:53:14.931 E 110 -2576 -22827 -515 -1920 -1786
17:53:14.931 E 111 -2696 -24065 -512 -1915 -1766
17:53:14.931 E 112 -2823 -25351 -513 -1898 -1780
17:53:14.931 E 113 -2954 -26382 -505 -1871 -1754
17:53:14.931 E 114 -3090 -27339 -503 -1865 -1726
17:53:14.931 E 115 -3231 -28204 -496 -1861 -1730
17:53:14.931 E 116 -3378 -29485 -487 -1848 -1695
17:53:14.931 E 117 -3532 -30972 -486 -1837 -1690
17:53:14.931 E 118 -3692 -32216 -475 -1817 -1685
17:53:14.931 E 119 -3862 31497 -470 -1799 -1688
17:53:14.931 R end
17:53:14.931 T 4531 1723 2855 2600 5175 0 2311
17:53:14.931 P 4628 -159 -376 0 0 0 0 458 16724
17:53:14.931 P 4629 -172 -395 0 0 0 0 508 16714
17:53:14.931 P 4630 -186 -414 0 0 0 0 372 16662
17:53:14.931 P 4631 -200 -435 0 0 0 0 520 16624
17:53:14.931 P 4632 -215 -453 0 0 0 0 488 16586
17:53:14.931 P 4633 -230 -474 0 0 0 0 488 16634
17:53:14.931 P 4634 -246 -498 0 0 0 0 458 16644
17:53:14.931 P 4635 -263 -520 0 0 0 0 552 16608
17:53:14.931 P 4636 -280 -545 0 0 0 0 544 16646
17:53:14.931 P 4637 -298 -568 0 0 0 0 476 16688
17:53:14.931 P 4638 -317 -593 0 0 0 0 550 16720
17:53:14.931 P 4639 -337 -621 0 0 0 0 650 16676
17:53:14.931 P 4640 -357 -647 0 0 0 0 626 16674
17:53:14.931 P 4641 -378 -676 0 0 0 0 670 16572
17:53:14.931 P 4642 -400 -705 0 0 0 0 658 16540
17:53:14.931 P 4643 -423 -735 0 0 0 0 772 16524
17:53:14.931 P 4644 -447 -767 0 0 0 0 712 16528
17:53:14.931 P 4645 -472 -799 0 0 0 0 848 16612
17:53:14.931 P 4646 -498 -832 0 0 0 0 910 16406
17:53:14.931 P 4647 -525 -865 0 0 0 0 878 16488
17:53:14.931 P 4648 -553 -901 0 0 0 0 1002 16444
17:53:14.931 P 4649 -582 -938 0 0 0 0 1020 16368
17:53:14.931 P 4650 -612 -974 0 0 0 0 1098 16406
17:53:14.931 P 4651 -643 -1013 0 0 0 0 1096 16422
17:53:14.931 P 4652 -675 -1052 0 0 0 0 1318 16500
17:53:14.931 P 4653 -709 -1092 0 0 0 0 1234 16354
17:53:14.931 P 4654 -743 -1140 0 0 0 0 1174 16338
17:53:14.931 P 4655 -780 -1185 0 0 0 0 1390 16310
17:53:14.931 P 4656 -817 -1226 0 0 0 0 1388 16402
17:53:14.931 P 4657 -856 -1265 0 0 0 0 1452 16334
17:53:14.931 P 4658 -895 -1303 0 0 0 0 1588 16228
17:53:14.931 P 4659 -936 -1335 0 0 0 0 1680 16196
17:53:14.931 P 4660 -977 -1368 0 0 0 0 1566 16056
17:53:14.931 P 4661 -1020 -1414 0 0 0 0 1474 16050
17:53:14.931 P 4662 -1066 -1466 0 0 0 0 2870 15886
17:53:14.931 P 4663 -1111 -1491 0 0 0 0 2580 16166
17:53:14.931 P 4664 -1159 -1531 0 0 0 0 3248 16036
17:53:14.931 P 4665 -1210 -1548 0 0 0 0 5544 15456
17:53:14.931 P 4666 -1261 -1488 0 0 0 0 7512 15234
17:53:14.931 P 4667 -1311 -1394 0 0 0 0 9612 15542
17:53:14.931 P 4668 -1358 -1268 0 0 0 0 11300 15596
17:53:14.931 P 4669 -1400 -1099 0 0 0 0 12314 16124
17:53:14.931 P 4670 -1437 -914 0 0 0 0 12456 16170
17:53:14.931 P 4671 -1468 -739 0 0 0 0 12066 15954
17:53:14.931 P 4672 -1495 -575 0 0 0 0 13020 15392
17:53:14.931 P 4673 -1516 -364 0 0 0 0 13140 15186
17:53:14.931 P 4674 -1529 -133 0 0 0 0 12602 15664
17:53:14.931 P 4675 -1534 73 0 0 0 0 10342 16050
17:53:14.931 P 4676 -1534 170 0 0 0 -1 8778 16418
17:53:14.931 P 4677 -1534 210 0 0 0 0 9388 16234
17:53:14.931 P 4678 -1531 329 0 0 0 0 9678 15366
17:53:14.931 P 4679 -1521 474 0 0 0 0 7278 14940
17:53:14.931 P 4680 -1508 524 0 0 0 0 5598 15394
17:53:14.931 P 4681 -1495 504 0 0 0 0 5194 15914
17:53:14.931 P 4682 -1482 491 0 0 0 0 4908 16176
17:53:14.931 P 4683 -1468 508 0 0 0 0 4338 16284
17:53:14.931 P 4684 -1453 521 0 0 0 0 4164 16222
17:53:14.931 P 4685 -1438 525 0 0 0 0 4406 16168
17:53:14.931 P 4686 -1424 532 0 0 0 0 4872 15974
17:53:14.931 P 4687 -1411 541 0 0 0 0 5468 15948
17:53:14.931 P 4688 -1397 560 0 0 0 0 6140 15924
17:53:14.931 P 4689 -1383 596 0 0 0 0 6724 16052
17:53:14.931 P 4690 -1368 650 0 0 0 0 7042 16112
17:53:14.931 P 4691 -1351 716 0 0 0 0 7248 16032
17:53:14.931 P 4692 -1332 787 0 0 0 0 7252 16008
17:53:14.931 P 4693 -1311 859 0 0 0 0 7172 15928
17:53:14.931 P 4694 -1287 930 0 0 0 0 6866 16038
17:53:14.931 P 4695 -1261 996 0 0 0 0 6576 15938
17:53:14.931 P 4696 -1233 1050 0 0 0 0 6056 16022
17:53:14.931 P 4697 -1204 1094 0 0 0 0 5786 15986
17:53:14.931 P 4698 -1173 1130 0 0 0 0 5480 16078
17:53:14.931 P 4699 -1141 1168 0 0 0 0 5064 16050
17:53:14.931 P 4700 -1107 1211 0 0 0 0 4572 16258
17:53:14.931 P 4701 -1071 1244 0 0 0 0 4172 16196
17:53:14.931 P 4702 -1035 1263 0 0 0 0 3738 16092
17:53:14.931 P 4703 -998 1268 0 0 0 0 3348 16054
17:53:14.931 P 4704 -961 1265 0 0 0 0 2852 16190
17:53:14.931 P 4705 -924 1255 0 0 0 0 2456 16254
17:53:14.931 P 4706 -887 1243 0 0 0 0 2090 16348
17:53:14.931 P 4707 -850 1225 0 0 0 0 1812 16356
17:53:14.931 P 4708 -814 1202 0 0 0 0 1532 16370
17:53:14.931 P 4709 -778 1177 0 0 0 0 1350 16330
17:53:14.931 P 4710 -744 1147 0 0 0 0 1218 16316
17:53:14.931 P 4711 -710 1113 0 0 0 0 1104 16450
17:53:14.931 P 4712 -677 1079 0 0 0 0 664 16472
17:53:14.931 P 4713 -646 1036 0 0 0 0 1022 16508
17:53:14.931 P 4714 -615 1010 0 0 0 0 1040 16464
17:53:14.931 P 4715 -586 984 0 0 0 0 978 16466
17:53:14.931 P 4716 -557 958 0 0 0 0 1262 16430
17:53:14.931 P 4717 -530 942 0 0 0 0 1486 16466
17:53:14.931 P 4718 -503 932 0 0 0 0 1230 16668
17:53:14.931 P 4719 -476 913 0 0 0 0 1234 16712
17:53:14.931 P 4720 -450 892 0 0 0 0 1146 16534
17:53:14.931 P 4721 -424 880 0 0 0 0 962 16554
17:53:14.931 P 4722 -398 866 0 0 0 0 678 16542
17:53:14.931 P 4723 -373 842 0 0 0 0 594 16512
17:53:14.931 P 4724 -349 821 0 0 0 0 728 16564
17:53:14.931 P 4725 -326 804 0 0 0 0 560 16690
17:53:14.931 P 4726 -303 785 0 0 0 0 468 16726
17:53:14.931 P 4727 -280 761 0 0 0 0 456 16712
17:53:14.931 P 4728 -258 740 0 0 0 0 302 16612
17:53:14.931 P 4729 -237 723 0 0 0 0 248 16616
17:53:14.931 P 4730 -216 702 0 0 0 0 54 16590
17:53:14.931 P 4731 -196 679 0 0 0 0 128 16650
17:53:14.931 P 4732 -177 657 0 0 0 0 146 16786
17:53:14.931 P 4733 -159 635 0 0 0 0 -6 16806
17:53:14.931 P 4734 -141 612 0 0 0 0 -88 16606
17:53:14.931 P 4735 -124 592 0 0 0 0 4 16758
17:53:14.931 P 4736 -107 572 0 0 0 0 -238 16684
17:53:14.931 P 4737 -91 548 0 0 0 0 -190 16732
17:53:14.931 P 4738 -76 525 0 0 0 0 -166 16756
17:53:14.931 P 4739 -61 504 0 0 0 0 -282 16710
17:53:14.931 P 4740 -47 482 0 0 0 0 -328 16698
17:53:15.518 P 4741 -34 460 0 0 0 0 -354 16672
17:53:15.518 P 4742 -21 435 0 0 0 0 -450 16682
17:53:15.518 P 4743 -9 413 0 0 0 0 -484 16768
17:53:15.518 P 4744 1 390 0 0 0 0 -470 16584
17:53:15.518 P 4745 11 368 0 0 0 0 -492 16660
17:53:15.518 P 4746 21 346 0 0 0 0 -424 16710
17:53:15.518 P 4747 30 327 0 0 0 0 -450 16762
17:53:15.518 P 4748 38 306 0 0 0 0 -452 16700
17:53:15.518 P 4749 46 287 0 0 0 0 -448 16752
17:53:15.518 P 4750 54 269 0 0 0 0 -404 16828
17:53:15.518 P 4751 60 251 0 0 0 0 -420 16770
17:53:15.518 P 4752 66 236 0 0 0 0 -282 16742
17:53:15.518 P 4753 72 219 0 0 0 0 -386 16856
17:53:15.518 P 4754 77 205 0 0 0 0 -314 16814
17:53:15.518 P 4755 81 189 0 0 0 0 -248 16822
17:53:15.518 P 4756 85 176 0 0 0 0 -240 16690
17:53:15.518 P 4757 89 163 0 0 0 0 -262 16716
17:53:15.518 P 4758 93 154 0 0 0 0 -250 16738
17:53:15.518 P 4759 96 145 0 0 0 0 -158 16656
17:53:15.518 P 4760 98 137 0 0 0 0 -196 16794
17:53:15.518 P 4761 101 127 0 0 0 0 -118 16726
17:53:15.518 P 4762 103 119 0 0 0 0 -154 16694
17:53:15.518 P 4763 105 110 0 0 0 0 -146 16784
17:53:15.518 P 4764 107 102 0 0 0 0 -242 16776
17:53:15.518 P 4765 108 92 0 0 0 0 -140 16786
17:53:15.518 P 4766 109 85 0 0 0 0 -162 16738
17:53:15.518 P 4767 110 78 0 0 0 0 -186 16838
17:53:15.518 P 4768 111 71 0 0 0 0 -180 16686
17:53:15.518 P 4769 111 63 0 0 0 0 -130 16786
17:53:15.518 P 4770 111 55 0 0 0 0 -136 16762
17:53:15.518 P 4771 111 49 0 0 0 0 -184 16844
17:53:15.518 P 4772 111 42 0 0 0 0 -174 16770
17:53:15.518 P 4773 111 36 0 0 0 0 -146 16706
17:53:15.518 P 4774 110 29 0 0 0 0 -60 16770
17:53:15.518 P 4775 109 23 0 0 0 0 -80 16802
17:53:15.518 P 4776 108 16 0 0 0 0 -136 16736
17:53:15.518 P 4777 107 10 0 0 0 0 -84 16722
17:53:15.518 P 4778 106 5 0 0 0 0 -136 16724
17:53:15.518 P 4779 104 -3 0 0 0 0 -144 16814
17:53:15.518 P 4780 102 -9 0 0 0 0 -92 16740
17:53:15.518 P 4781 100 -15 0 0 0 0 -56 16750
17:53:15.518 P 4782 98 -20 0 0 0 0 -44 16798
17:53:15.518 P 4783 96 -26 0 0 0 0 -74 16724
17:53:15.518 P 4784 93 -32 0 0 0 0 -32 16716
17:53:15.518 P 4785 91 -37 0 0 0 0 -38 16778
17:53:15.518 P 4786 88 -43 0 0 0 0 -58 16832
17:53:15.518 P 4787 85 -50 0 0 0 0 -54 16782
17:53:15.518 P 4788 82 -55 0 0 0 0 -2 16776
17:53:15.518 P 4789 78 -59 0 0 0 0 -24 16702
17:53:15.518 P 4790 75 -65 0 0 0 0 10 16814
17:53:15.518 P 4791 71 -70 0 0 0 0 54 16752
17:53:15.518 P 4792 67 -78 0 0 0 0 -36 16788
17:53:15.518 P 4793 63 -82 0 0 0 0 14 16742
17:53:15.518 P 4794 59 -87 0 0 0 0 -18 16794
17:53:15.518 P 4795 55 -96 0 0 0 0 86 16706
17:53:15.518 P 4796 50 -101 0 0 0 0 34 16778
17:53:15.518 P 4797 45 -106 0 0 0 0 104 16820
17:53:15.518 P 4798 41 -111 0 0 0 0 62 16718
17:53:15.518 P 4799 35 -118 0 0 0 0 144 16704
17:53:15.518 P 4800 30 -124 0 0 0 0 90 16754
17:53:15.518 P 4801 25 -131 0 0 0 0 74 16760
17:53:15.518 P 4802 19 -138 0 0 0 0 78 16826
17:53:15.518 P 4803 13 -144 0 0 0 0 148 16768
17:53:15.518 P 4804 7 -152 0 0 0 0 114 16724
17:53:15.518 P 4805 1 -160 0 0 0 0 156 16758
17:53:15.518 P 4806 -5 -166 0 0 0 0 170 16776
17:53:15.518 P 4807 -11 -173 0 0 0 0 130 16728
17:53:15.518 P 4808 -18 -182 0 0 0 0 132 16712
17:53:15.518 P 4809 -26 -191 0 0 0 0 132 16782
17:53:15.518 P 4810 -33 -199 0 0 0 0 276 16834
17:53:15.518 P 4811 -41 -206 0 0 0 0 322 16684
17:53:15.518 P 4812 -49 -209 0 0 0 0 410 16746
17:53:15.518 P 4813 -57 -215 0 0 0 0 490 16778
17:53:15.518 P 4814 -65 -217 0 0 0 0 666 16808
17:53:15.518 P 4815 -74 -217 0 0 0 0 668 16700
17:53:15.518 P 4816 -82 -217 0 0 0 0 806 16686
17:53:15.518 P 4817 -91 -213 0 0 0 0 852 16708
17:53:15.518 P 4818 -99 -208 0 0 0 0 882 16732
17:53:15.518 P 4819 -107 -204 0 0 0 0 1020 16762
17:53:15.518 P 4820 -116 -199 0 0 0 0 982 16706
17:53:15.518 P 4821 -124 -193 0 0 0 0 1032 16624
17:53:15.518 P 4822 -131 -184 0 0 0 0 1098 16720
17:53:15.518 P 4823 -139 -178 0 0 0 0 1148 16708
17:53:15.518 P 4824 -146 -168 0 0 0 0 1226 16646
17:53:15.518 P 4825 -153 -159 0 0 0 0 1258 16806
17:53:15.518 P 4826 -160 -151 0 0 0 0 1290 16700
17:53:15.518 P 4827 -166 -140 0 0 0 0 1242 16750
17:53:15.518 P 4828 -173 -130 0 0 0 0 1270 16768
17:53:15.518 P 4829 -178 -120 0 0 0 0 1306 16910
17:53:15.518 P 4830 -184 -110 0 0 0 0 1276 16784
17:53:15.518 P 4831 -189 -99 0 0 0 0 1224 16798
17:53:15.518 P 4832 -194 -90 0 0 0 0 1200 16768
17:53:15.518 P 4833 -198 -86 0 0 0 0 1124 16682
17:53:15.518 P 4834 -203 -81 0 0 0 0 1092 16766
17:53:15.518 P 4835 -207 -79 0 0 0 0 772 16778
17:53:15.518 P 4836 -210 -85 0 0 0 0 428 16802
17:53:15.518 P 4837 -214 -98 0 0 0 0 434 16748
17:53:15.518 P 4838 -219 -109 0 0 0 0 356 16776
17:53:15.518 P 4839 -223 -125 0 0 0 0 252 16624
17:53:15.518 P 4840 -229 -145 0 0 0 0 326 16702
17:53:15.518 P 4841 -235 -163 0 0 0 0 434 16754
17:53:15.518 P 4842 -241 -174 0 0 0 0 802 16778
17:53:15.518 P 4843 -249 -180 0 0 0 0 1138 16816
17:53:15.518 P 4844 -256 -181 0 0 0 0 1356 16838
17:53:15.518 P 4845 -264 -179 0 0 0 0 1676 16740
17:53:15.518 P 4846 -271 -169 0 0 0 0 1710 16554
17:53:15.518 P 4847 -278 -153 0 0 0 0 1822 16690
17:53:15.518 P 4848 -285 -138 0 0 0 0 1902 16734
17:53:15.518 P 4849 -292 -124 0 0 0 0 1898 16670
17:53:15.518 P 4850 -297 -104 0 0 0 0 1944 16780
17:53:15.518 P 4851 -302 -86 0 0 0 0 1856 16774
17:53:15.518 P 4852 -307 -70 0 0 0 0 1762 16602
17:53:15.518 P 4853 -311 -58 0 0 0 0 1876 16618
17:53:15.518 P 4854 -315 -43 0 0 0 0 1810 16708
17:53:15.518 P 4855 -318 -28 0 0 0 0 1788 16794
17:53:15.518 P 4856 -320 -16 0 0 0 0 1792 16806
17:53:15.518 P 4857 -323 -3 0 0 0 0 1792 16726
17:53:15.518 P 4858 -325 10 0 0 0 0 1800 16644
17:53:15.518 P 4859 -326 24 0 0 0 0 1864 16648
17:53:15.518 P 4860 -328 39 0 0 0 0 1910 16726
17:53:15.518 P 4861 -328 54 0 0 0 0 1886 16762
17:53:15.518 P 4862 -329 69 0 0 0 0 1842 16720
17:53:15.518 P 4863 -328 84 0 0 0 0 1826 16682
17:53:15.518 P 4864 -328 98 0 0 0 0 1812 16752
17:53:15.518 P 4865 -327 111 0 0 0 0 1726 16762
17:53:15.518 P 4866 -325 122 0 0 0 0 1656 16760
17:53:15.518 P 4867 -323 132 0 0 0 0 1566 16776
17:53:15.518 P 4868 -321 139 0 0 0 0 1406 16760
17:53:15.518 P 4869 -318 144 0 0 0 0 1264 16768
17:53:15.518 P 4870 -315 144 0 0 0 0 1098 16658
17:53:15.518 P 4871 -312 143 0 0 0 0 1082 16736
17:53:15.518 P 4872 -309 142 0 0 0 0 1078 16686
17:53:15.518 P 4873 -307 138 0 0 0 0 956 16682
17:53:15.518 P 4874 -304 134 0 0 0 0 1068 16754
17:53:15.518 P 4875 -302 132 0 0 0 0 1134 16708
17:53:15.518 P 4876 -299 133 0 0 0 0 1146 16694
17:53:15.518 P 4877 -297 134 0 0 0 0 1252 16702
17:53:15.518 P 4878 -295 136 0 0 0 0 1372 16702
17:53:15.518 P 4879 -292 141 0 0 0 0 1346 16700
17:53:15.518 P 4880 -290 147 0 0 0 0 1458 16842
17:53:15.518 P 4881 -287 155 0 0 0 0 1526 16808
17:53:15.518 P 4882 -284 166 0 0 0 0 1586 16842
17:53:15.518 P 4883 -281 178 0 0 0 0 1734 16814
17:53:15.518 P 4884 -278 194 0 0 0 0 1740 16816
17:53:15.518 P 4885 -274 211 0 0 0 0 1842 16832
17:53:15.518 P 4886 -270 227 0 0 0 0 1850 16812
17:53:15.518 P 4887 -265 250 0 0 0 0 1878 16778
17:53:15.518 P 4888 -259 268 0 0 0 0 1792 16750
17:53:15.518 P 4889 -253 286 0 0 0 0 1760 16646
17:53:15.518 P 4890 -246 307 0 0 0 0 1700 16656
17:53:15.518 P 4891 -238 326 0 0 0 0 1566 16784
17:53:15.518 P 4892 -230 342 0 0 0 0 1440 16700
17:53:15.518 P 4893 -221 356 0 0 0 0 1354 16770
17:53:15.518 P 4894 -212 365 0 0 0 0 1098 16782
17:53:15.518 P 4895 -203 374 0 0 0 0 1034 16662
17:53:15.518 P 4896 -193 381 0 0 0 0 850 16740
17:53:15.518 P 4897 -183 383 0 0 0 0 712 16838
17:53:15.518 P 4898 -173 378 0 0 0 0 586 16804
17:53:15.518 P 4899 -163 376 0 0 0 0 594 16734
17:53:15.518 P 4900 -153 375 0 0 0 0 384 16772
17:53:15.518 P 4901 -143 365 0 0 0 0 302 16664
17:53:15.518 P 4902 -133 357 0 0 0 0 370 16752
17:53:15.518 P 4903 -124 352 0 0 0 0 320 16762
17:53:15.518 P 4904 -114 344 0 0 0 0 236 16728
17:53:15.736 D 24600 0 -5.08 0.000 -1799 -1688 5.06
17:53:15.736 P 4905 -106 336 0 0 0 0 292 16834
17:53:15.736 P 4906 -97 330 0 0 0 0 356 16792
17:53:15.736 P 4907 -89 329 0 0 0 0 480 16766
17:53:15.736 P 4908 -80 327 0 0 0 0 460 16696
17:53:15.736 P 4909 -72 324 0 0 0 0 500 16722
17:53:15.736 P 4910 -64 326 0 0 0 0 562 16816
17:53:15.736 P 4911 -56 328 0 0 0 0 508 16768
17:53:15.736 P 4912 -47 332 0 0 0 0 572 16780
17:53:15.736 P 4913 -39 336 0 0 0 0 498 16698
17:53:15.736 P 4914 -30 339 0 0 0 0 474 16736
17:53:15.736 P 4915 -22 342 0 0 0 0 416 16732
17:53:15.736 P 4916 -13 347 0 0 0 0 374 16756
17:53:15.736 P 4917 -4 351 0 0 0 0 366 16746
17:53:15.736 P 4918 4 355 0 0 0 0 344 16922
17:53:15.736 P 4919 13 358 0 0 0 0 256 16728
17:53:15.736 P 4920 22 360 0 0 0 0 176 16578
17:53:15.736 P 4921 32 361 0 0 0 0 126 16682
17:53:15.736 P 4922 41 359 0 0 0 0 124 16728
17:53:15.736 P 4923 50 360 0 0 0 0 20 16762
17:53:15.736 P 4924 60 360 0 0 0 0 -42 16788
17:53:15.736 P 4925 69 359 0 0 0 0 -32 16786
17:53:15.736 P 4926 79 357 0 0 0 0 -68 16696
17:53:15.736 P 4927 88 356 0 0 0 0 -66 16656
17:53:15.736 P 4928 97 354 0 0 0 0 -148 16788
17:53:15.736 P 4929 106 352 0 0 0 0 -224 16764
17:53:15.736 P 4930 115 349 0 0 0 0 -220 16724
17:53:15.736 P 4931 125 348 0 0 0 0 -226 16804
17:53:15.736 P 4932 134 345 0 0 0 0 -246 16782
17:53:15.736 P 4933 142 341 0 0 0 0 -350 16746
17:53:15.736 P 4934 151 338 0 0 0 0 -420 16762
17:53:15.736 P 4935 160 331 0 0 0 0 -464 16626
17:53:15.736 P 4936 169 328 0 0 0 0 -530 16726
17:53:15.736 P 4937 177 323 0 0 0 0 -544 16680
17:53:15.736 P 4938 185 317 0 0 0 0 -518 16716
17:53:15.736 P 4939 194 312 0 0 0 0 -592 16838
17:53:15.736 P 4940 202 307 0 0 0 0 -566 16732
17:53:15.736 P 4941 209 300 0 0 0 0 -662 16744
17:53:15.736 P 4942 217 295 0 0 0 0 -658 16792
17:53:15.736 P 4943 224 288 0 0 0 0 -624 16770
17:53:15.736 P 4944 232 283 0 0 0 0 -648 16736
17:53:15.736 P 4945 239 278 0 0 0 0 -780 16904
17:53:15.736 P 4946 246 270 0 0 0 0 -740 16768
17:53:15.736 P 4947 252 264 0 0 0 0 -784 16724
17:53:15.736 P 4948 259 259 0 0 0 0 -866 16752
17:53:15.968 D 24820 0 -1.91 0.000 -1799 -1688 5.06
17:53:15.968 P 4949 265 252 0 0 0 0 -846 16788
17:53:15.968 P 4950 271 244 0 0 0 0 -834 16764
17:53:15.968 P 4951 277 238 0 0 0 0 -906 16656
17:53:15.968 P 4952 283 232 0 0 0 0 -930 16734
17:53:15.968 P 4953 289 224 0 0 0 0 -906 16784
17:53:15.968 P 4954 294 217 0 0 0 0 -924 16816
17:53:15.968 P 4955 299 211 0 0 0 0 -894 16754
17:53:15.968 P 4956 304 206 0 0 0 0 -876 16772
17:53:15.968 P 4957 309 201 0 0 0 0 -822 16686
17:53:15.968 P 4958 313 198 0 0 0 0 -814 16676
17:53:15.968 P 4959 318 194 0 0 0 0 -812 16838
17:53:15.968 P 4960 322 194 0 0 0 0 -826 16828
17:53:15.968 P 4961 326 193 0 0 0 0 -432 16810
17:53:15.968 P 4962 330 199 0 0 0 0 -618 16652
17:53:15.968 P 4963 334 202 0 0 0 0 -568 16808
17:53:15.968 P 4964 339 207 0 0 0 0 -468 16714
17:53:15.968 P 4965 343 217 0 0 0 0 -590 16706
17:53:15.968 P 4966 348 223 0 0 0 0 -620 16760
17:53:15.968 P 4967 353 227 0 0 0 0 -502 16828
17:53:15.968 P 4968 359 235 0 0 0 0 -554 16754
17:53:15.968 P 4969 364 245 0 0 0 0 -554 16774
17:53:15.968 P 4970 370 250 0 0 0 0 -568 16620
17:53:15.968 P 4971 376 259 0 0 0 0 -540 16638
17:53:15.968 P 4972 382 268 0 0 0 0 -640 16798
17:53:15.968 P 4973 388 277 0 0 0 0 -706 16766
17:53:15.968 P 4974 395 282 0 0 0 0 -710 16774
17:53:15.968 P 4975 402 287 0 0 0 0 -836 16710
17:53:15.968 P 4976 409 292 0 0 0 0 -894 16684
17:53:15.968 P 4977 417 295 0 0 0 0 -1008 16748
17:53:15.968 P 4978 424 295 0 0 0 0 -1036 16740
17:53:15.968 P 4979 431 297 0 0 0 0 -1098 16774
17:53:15.968 P 4980 439 297 0 0 0 0 -1144 16766
17:53:15.968 P 4981 446 295 0 0 0 0 -1224 16674
17:53:15.968 P 4982 454 294 0 0 0 0 -1280 16724
17:53:15.968 P 4983 461 291 0 0 0 0 -1388 16726
17:53:15.968 P 4984 469 286 0 0 0 0 -1390 16654
17:53:15.968 P 4985 476 280 0 0 0 0 -1456 16728
17:53:15.968 P 4986 483 278 0 0 0 0 -1356 16764
17:53:15.968 P 4987 490 277 0 0 0 0 -1342 16672
17:53:15.968 P 4988 497 273 0 0 0 0 -1292 16622
17:53:15.968 P 4989 503 274 0 0 0 0 -1252 16654
17:53:15.968 P 4990 510 275 0 0 0 0 -1212 16788
17:53:15.968 P 4991 517 276 0 0 0 0 -1302 16724
17:53:15.968 P 4992 524 279 0 0 0 0 -1260 16740
17:53:15.968 P 4993 531 282 0 0 0 0 -1306 16646
17:53:15.968 P 4994 538 284 0 0 0 0 -1332 16730
17:53:15.968 P 4995 545 288 0 0 0 0 -1368 16754
17:53:16.217 D 25055 0 1.22 0.000 -1799 -1688 5.06
17:53:16.217 P 4996 552 289 0 0 0 0 -1384 16796
17:53:16.217 P 4997 559 291 0 0 0 0 -1412 16622
17:53:16.217 P 4998 566 292 0 0 0 0 -1532 16692
17:53:16.217 P 4999 574 292 0 0 0 0 -1472 16670
17:53:16.217 P 5000 581 290 0 0 0 0 -1644 16760
17:53:16.217 P 5001 588 288 0 0 0 0 -1692 16666
17:53:16.217 P 5002 596 286 0 0 0 0 -1784 16576
17:53:16.217 P 5003 603 282 0 0 0 0 -1846 16664
17:53:16.217 P 5004 610 275 0 0 0 0 -1884 16768
17:53:16.217 P 5005 617 269 0 0 0 0 -1954 16716
17:53:16.217 P 5006 624 261 0 0 0 0 -2094 16662
17:53:16.217 P 5007 630 253 0 0 0 0 -2050 16692
17:53:16.217 P 5008 637 245 0 0 0 0 -2126 16690
17:53:16.217 P 5009 643 236 0 0 0 0 -2192 16682
17:53:16.217 P 5010 649 225 0 0 0 0 -2270 16624
17:53:16.217 P 5011 654 212 0 0 0 0 -2260 16718
17:53:16.217 P 5012 659 198 0 0 0 0 -2412 16628
17:53:16.217 P 5013 664 184 0 0 0 0 -2504 16662
17:53:16.217 P 5014 669 168 0 0 0 0 -2504 16556
17:53:16.217 P 5015 673 151 0 0 0 0 -2576 16632
17:53:16.217 P 5016 676 131 0 0 0 0 -2594 16632
17:53:16.217 P 5017 679 113 0 0 0 0 -2642 16726
17:53:16.217 P 5018 681 91 0 0 0 0 -2638 16678
17:53:16.217 P 5019 682 71 0 0 0 0 -2662 16528
17:53:16.217 P 5020 683 49 0 0 0 0 -2676 16502
17:53:16.217 P 5021 683 28 0 0 0 0 -2686 16606
17:53:16.217 P 5022 683 7 0 0 0 0 -2682 16624
17:53:16.217 P 5023 682 -14 0 0 0 0 -2724 16646
17:53:16.217 P 5024 680 -38 0 0 0 0 -2880 16566
17:53:16.217 P 5025 678 -67 0 0 0 0 -3120 16662
17:53:16.217 P 5026 675 -99 0 0 0 0 -3358 16512
17:53:16.217 P 5027 672 -138 0 0 0 0 -3470 16580
17:53:16.217 P 5028 667 -180 0 0 0 0 -3666 16462
17:53:16.217 P 5029 660 -228 0 0 0 0 -3786 16538
17:53:16.217 P 5030 653 -279 0 0 0 0 -3722 16570
17:53:16.217 P 5031 643 -331 0 0 0 0 -3700 16520
17:53:16.217 P 5032 632 -381 0 0 0 0 -3502 16602
17:53:16.217 P 5033 619 -426 0 0 0 0 -3262 16526
17:53:16.217 P 5034 605 -466 0 0 0 0 -2958 16568
17:53:16.217 P 5035 590 -500 0 0 0 0 -2632 16558
17:53:16.217 P 5036 573 -524 0 0 0 0 -2416 16542
17:53:16.217 P 5037 556 -545 0 0 0 0 -2446 16552
17:53:16.217 P 5038 538 -573 0 0 0 0 -2304 16584
17:53:16.217 P 5039 519 -598 0 0 0 0 -2000 16614
17:53:16.217 P 5040 500 -612 0 0 0 0 -1816 16580
17:53:16.217 P 5041 479 -624 0 0 0 0 -1652 16606
17:53:16.217 P 5042 459 -641 0 0 0 0 -1452 16748
17:53:16.217 P 5043 437 -653 0 0 0 0 -1246 16640
17:53:16.217 P 5044 416 -657 0 0 0 0 -1114 16644
17:53:16.217 P 5045 394 -661 0 0 0 0 -1030 16698
17:53:16.468 D 25305 0 -4.39 0.000 -1799 -1688 5.06
17:53:16.468 P 5046 372 -667 0 0 0 0 -840 16728
17:53:16.468 P 5047 350 -669 0 0 0 0 -752 16622
17:53:16.468 P 5048 328 -667 0 0 0 0 -630 16728
17:53:16.468 P 5049 306 -665 0 0 0 0 -490 16618
17:53:16.468 P 5050 284 -662 0 0 0 0 -354 16630
17:53:16.468 P 5051 262 -657 0 0 0 0 -282 16704
17:53:16.468 P 5052 240 -651 0 0 0 0 -76 16634
17:53:16.468 P 5053 219 -642 0 0 0 0 -30 16700
17:53:16.468 P 5054 197 -633 0 0 0 0 52 16734
17:53:16.468 P 5055 176 -625 0 0 0 0 144 16720
17:53:16.468 P 5056 155 -615 0 0 0 0 266 16698
17:53:16.468 P 5057 135 -604 0 0 0 0 254 16712
17:53:16.468 P 5058 114 -593 0 0 0 0 280 16688
17:53:16.468 P 5059 95 -583 0 0 0 0 288 16780
17:53:16.468 P 5060 75 -575 0 0 0 0 264 16782
17:53:16.468 P 5061 56 -568 0 0 0 0 326 16714
17:53:16.468 P 5062 37 -561 0 0 0 0 366 16754
17:53:16.468 P 5063 18 -556 0 0 0 0 384 16678
17:53:16.468 P 5064 0 -552 0 0 0 0 308 16798
17:53:16.468 P 5065 -18 -548 0 0 0 0 356 16708
17:53:16.468 P 5066 -36 -547 0 0 0 0 366 16670
17:53:16.468 P 5067 -54 -545 0 0 0 0 344 16650
17:53:16.468 P 5068 -73 -544 0 0 0 0 444 16628
17:53:16.468 P 5069 -91 -544 0 0 0 0 390 16684
17:53:16.468 P 5070 -109 -545 0 0 0 0 488 16690
17:53:16.468 P 5071 -127 -546 0 0 0 0 474 16664
17:53:16.468 P 5072 -145 -548 0 0 0 0 492 16668
17:53:16.468 P 5073 -163 -549 0 0 0 0 508 16790
17:53:16.468 P 5074 -182 -553 0 0 0 0 614 16698
17:53:16.468 P 5075 -200 -554 0 0 0 0 666 16684
17:53:16.468 P 5076 -218 -557 0 0 0 0 706 16614
17:53:16.468 P 5077 -237 -558 0 0 0 0 790 16622
17:53:16.468 P 5078 -255 -559 0 0 0 0 958 16656
17:53:16.468 P 5079 -274 -559 0 0 0 0 1028 16642
17:53:16.468 P 5080 -293 -557 0 0 0 0 1166 16762
17:53:16.468 P 5081 -312 -556 0 0 0 0 1232 16682
17:53:16.468 P 5082 -330 -552 0 0 0 0 1320 16734
17:53:16.468 P 5083 -349 -551 0 0 0 0 1330 16776
17:53:16.468 P 5084 -367 -545 0 0 0 0 1368 16596
17:53:16.468 P 5085 -385 -542 0 0 0 0 1384 16662
17:53:16.468 P 5086 -403 -541 0 0 0 0 1340 16612
17:53:16.468 P 5087 -421 -540 0 0 0 0 1334 16642
17:53:16.468 P 5088 -439 -539 0 0 0 0 1476 16682
17:53:16.468 P 5089 -457 -541 0 0 0 0 1504 16738
17:53:16.468 P 5090 -475 -541 0 0 0 0 1524 16664
17:53:16.468 P 5091 -493 -542 0 0 0 0 1610 16590
17:53:16.468 P 5092 -511 -540 0 0 0 0 1682 16626
17:53:16.468 P 5093 -530 -541 0 0 0 0 1786 16628
17:53:16.718 D 25545 0 -13.35 0.000 -1799 -1688 5.06
17:53:16.718 P 5094 -548 -538 0 0 0 0 1848 16682
17:53:16.718 P 5095 -566 -537 0 0 0 0 1852 16660
17:53:16.718 P 5096 -584 -536 0 0 0 0 1890 16578
17:53:16.718 P 5097 -602 -535 0 0 0 0 2042 16654
17:53:16.718 P 5098 -619 -533 0 0 0 0 1980 16616
17:53:16.718 P 5099 -637 -530 0 0 0 0 2096 16638
17:53:16.718 P 5100 -655 -529 0 0 0 0 2184 16658
17:53:16.718 P 5101 -673 -527 0 0 0 0 2212 16588
17:53:16.718 P 5102 -690 -526 0 0 0 0 2274 16612
17:53:16.718 P 5103 -708 -523 0 0 0 0 2368 16574
17:53:16.718 P 5104 -726 -519 0 0 0 0 2572 16568
17:53:16.718 P 5105 -743 -510 0 0 0 0 2602 16434
17:53:16.718 P 5106 -760 -500 0 0 0 0 2718 16470
17:53:16.718 P 5107 -778 -489 0 0 0 0 2946 16598
17:53:16.718 P 5108 -794 -475 0 0 0 0 3028 16552
17:53:16.718 P 5109 -810 -460 0 0 0 0 3140 16540
17:53:16.718 P 5110 -826 -443 0 0 0 0 3156 16492
17:53:16.718 P 5111 -841 -426 0 0 0 0 3188 16446
17:53:16.718 P 5112 -856 -411 0 0 0 0 3314 16472
17:53:16.718 P 5113 -871 -392 0 0 0 0 3350 16454
17:53:16.718 P 5114 -884 -373 0 0 0 0 3462 16612
17:53:16.718 P 5115 -897 -353 0 0 0 0 3526 16528
17:53:16.718 P 5116 -910 -332 0 0 0 0 3660 16576
17:53:16.718 P 5117 -922 -311 0 0 0 0 3666 16464
17:53:16.718 P 5118 -933 -287 0 0 0 0 3804 16440
17:53:16.718 P 5119 -944 -262 0 0 0 0 3810 16508
17:53:16.718 P 5120 -954 -238 0 0 0 0 3928 16598
17:53:16.718 P 5121 -963 -212 0 0 0 0 3938 16582
17:53:16.718 P 5122 -971 -184 0 0 0 0 3980 16540
17:53:16.718 P 5123 -979 -157 0 0 0 0 4024 16490
17:53:16.718 P 5124 -986 -131 0 0 0 0 4128 16434
17:53:16.718 P 5125 -991 -101 0 0 0 0 4132 16486
17:53:16.718 P 5126 -996 -70 0 0 0 0 4176 16502
17:53:16.718 P 5127 -1001 -42 0 0 0 0 4196 16450
17:53:16.718 P 5128 -1004 -12 0 0 0 0 4160 16406
17:53:16.718 P 5129 -1006 20 0 0 0 0 4114 16492
17:53:16.718 P 5130 -1007 47 0 0 0 0 4006 16390
17:53:16.718 P 5131 -1007 72 0 0 0 0 3934 16494
17:53:16.718 P 5132 -1007 94 0 0 0 0 3808 16458
17:53:16.718 P 5133 -1006 116 0 0 0 0 3698 16536
17:53:16.718 P 5134 -1004 135 0 0 0 0 3550 16572
17:53:16.718 P 5135 -1001 150 0 0 0 0 3534 16486
17:53:16.718 P 5136 -998 163 0 0 0 0 3452 16498
17:53:16.718 P 5137 -995 178 0 0 0 0 3438 16556
17:53:16.718 P 5138 -991 192 0 0 0 0 3456 16550
17:53:16.718 P 5139 -987 207 0 0 0 0 3560 16534
17:53:16.718 P 5140 -983 224 0 0 0 0 3706 16434
17:53:16.718 P 5141 -978 246 0 0 0 0 3822 16356
17:53:16.718 P 5142 -972 267 0 0 0 0 3846 16568
17:53:16.718 P 5143 -966 291 0 0 0 0 3936 16484
17:53:16.718 P 5144 -959 318 0 0 0 0 3958 16432
17:53:16.718 P 5145 -951 347 0 0 0 0 3974 16458
17:53:16.952 D 25805 0 -13.03 0.000 -1799 -1688 5.06
17:53:16.952 P 5146 -942 380 0 0 0 0 3990 16500
17:53:16.952 P 5147 -933 410 0 0 0 0 3952 16500
17:53:16.952 P 5148 -922 441 0 0 0 0 3964 16510
17:53:16.952 P 5149 -911 473 0 0 0 0 3880 16514
17:53:16.952 P 5150 -898 502 0 0 0 0 3806 16534
17:53:16.952 P 5151 -884 531 0 0 0 0 3650 16568
17:53:16.952 P 5152 -870 560 0 0 0 0 3480 16504
17:53:16.952 P 5153 -854 585 0 0 0 0 3304 16514
17:53:16.952 P 5154 -838 607 0 0 0 0 3142 16518
17:53:16.952 P 5155 -821 625 0 0 0 0 3006 16600
17:53:16.952 P 5156 -804 640 0 0 0 0 2752 16472
17:53:16.952 P 5157 -786 652 0 0 0 0 2566 16550
17:53:16.952 P 5158 -767 660 0 0 0 0 2340 16636
17:53:16.952 P 5159 -748 664 0 0 0 0 2130 16652
17:53:16.952 P 5160 -729 663 0 0 0 0 1894 16670
17:53:16.952 P 5161 -710 659 0 0 0 0 1740 16656
17:53:16.952 P 5162 -691 652 0 0 0 0 1466 16576
17:53:16.952 P 5163 -672 638 0 0 0 0 1290 16642
17:53:16.952 P 5164 -654 624 0 0 0 0 1104 16602
17:53:16.952 P 5165 -636 603 0 0 0 0 834 16546
17:53:16.952 P 5166 -618 577 0 0 0 0 690 16624
17:53:16.952 P 5167 -602 555 0 0 0 0 464 16656
17:53:16.952 P 5168 -585 526 0 0 0 0 392 16660
17:53:16.952 P 5169 -570 495 0 0 0 0 400 16658
17:53:16.952 P 5170 -556 467 0 0 0 0 404 16638
17:53:16.952 P 5171 -543 436 0 0 0 0 306 16610
17:53:16.952 P 5172 -531 406 0 0 0 0 264 16640
17:53:16.952 P 5173 -519 378 0 0 0 0 394 16756
17:53:16.952 P 5174 -509 350 0 0 0 0 396 16670
17:53:16.952 P 5175 -499 323 0 0 0 0 424 16670
17:53:16.952 P 5176 -490 297 0 0 0 0 532 16610
17:53:16.952 P 5177 -483 275 0 0 0 0 526 16634
17:53:16.952 P 5178 -475 253 0 0 0 0 586 16744
17:53:16.952 P 5179 -469 232 0 0 0 0 644 16808
17:53:16.952 P 5180 -463 217 0 0 0 0 690 16724
17:53:16.952 P 5181 -458 201 0 0 0 0 826 16680
17:53:16.952 P 5182 -453 186 0 0 0 0 710 16638
17:53:16.952 P 5183 -448 172 0 0 0 0 818 16656
17:53:16.952 P 5184 -444 159 0 0 0 0 764 16720
17:53:16.952 P 5185 -441 147 0 0 0 0 708 16696
17:53:16.952 P 5186 -437 132 0 0 0 0 770 16730
17:53:16.952 P 5187 -435 119 0 0 0 0 696 16770
17:53:16.952 P 5188 -432 104 0 0 0 0 626 16692
17:53:16.952 P 5189 -430 87 0 0 0 0 670 16686
17:53:16.952 P 5190 -429 71 0 0 0 0 628 16654
17:53:16.952 P 5191 -428 57 0 0 0 0 660 16666
17:53:16.952 P 5192 -427 40 0 0 0 0 680 16740
17:53:17.201 D 26040 0 -9.68 0.000 -1799 -1688 5.06
17:53:17.201 P 5193 -427 27 0 0 0 0 776 16744
17:53:17.201 P 5194 -428 14 0 0 0 0 838 16722
17:53:17.201 P 5195 -429 4 0 0 0 0 984 16662
17:53:17.201 P 5196 -430 -4 0 0 0 0 1012 16786
17:53:17.201 P 5197 -432 -10 0 0 0 0 1124 16764
17:53:17.201 P 5198 -433 -17 0 0 0 0 1148 16758
17:53:17.201 P 5199 -435 -20 0 0 0 0 1260 16688
17:53:17.201 P 5200 -438 -21 0 0 0 0 1262 16834
17:53:17.201 P 5201 -440 -21 0 0 0 0 1364 16736
17:53:17.201 P 5202 -442 -20 0 0 0 0 1446 16788
17:53:17.201 P 5203 -444 -17 0 0 0 0 1450 16756
17:53:17.201 P 5204 -446 -13 0 0 0 0 1442 16800
17:53:17.201 P 5205 -448 -12 0 0 0 0 1422 16664
17:53:17.201 P 5206 -450 -10 0 0 0 0 1382 16686
17:53:17.201 P 5207 -451 -10 0 0 0 0 1288 16722
17:53:17.201 P 5208 -453 -10 0 0 0 0 1216 16808
17:53:17.201 P 5209 -454 -11 0 0 0 0 1130 16692
17:53:17.201 P 5210 -456 -15 0 0 0 0 1078 16700
17:53:17.201 P 5211 -458 -23 0 0 0 0 1066 16708
17:53:17.201 P 5212 -460 -31 0 0 0 0 1040 16756
17:53:17.201 P 5213 -462 -42 0 0 0 0 1020 16632
17:53:17.201 P 5214 -465 -49 0 0 0 0 996 16672
17:53:17.201 P 5215 -467 -60 0 0 0 0 978 16682
17:53:17.201 P 5216 -471 -69 0 0 0 0 1068 16704
17:53:17.201 P 5217 -474 -78 0 0 0 0 1016 16630
17:53:17.201 P 5218 -478 -86 0 0 0 0 1114 16682
17:53:17.201 P 5219 -482 -94 0 0 0 0 1200 16770
17:53:17.201 P 5220 -486 -100 0 0 0 0 1248 16648
17:53:17.201 P 5221 -490 -104 0 0 0 0 1330 16822
17:53:17.201 P 5222 -495 -109 0 0 0 0 1382 16674
17:53:17.201 P 5223 -500 -112 0 0 0 0 1436 16656
17:53:17.201 P 5224 -505 -114 0 0 0 0 1414 16692
17:53:17.201 P 5225 -510 -116 0 0 0 0 1406 16584
17:53:17.201 P 5226 -514 -117 0 0 0 0 1420 16566
17:53:17.201 P 5227 -519 -117 0 0 0 0 1526 16628
17:53:17.201 P 5228 -524 -117 0 0 0 0 1482 16754
17:53:17.201 P 5229 -529 -118 0 0 0 0 1566 16734
17:53:17.201 P 5230 -535 -119 0 0 0 0 1642 16624
17:53:17.201 P 5231 -540 -118 0 0 0 0 1516 16636
17:53:17.201 P 5232 -545 -120 0 0 0 0 1546 16726
17:53:17.201 P 5233 -550 -121 0 0 0 0 1614 16634
17:53:17.201 P 5234 -555 -121 0 0 0 0 1584 16654
17:53:17.201 P 5235 -560 -121 0 0 0 0 1646 16624
17:53:17.201 P 5236 -565 -121 0 0 0 0 1750 16722
17:53:17.201 P 5237 -570 -118 0 0 0 0 1798 16706
17:53:17.201 P 5238 -575 -115 0 0 0 0 1978 16714
17:53:17.201 P 5239 -580 -110 0 0 0 0 1988 16800
17:53:17.201 P 5240 -585 -104 0 0 0 0 2068 16772
17:53:17.201 P 5241 -590 -96 0 0 0 0 2128 16628
17:53:17.444 D 26285 0 -11.41 0.000 -1799 -1688 5.06
17:53:17.444 P 5242 -595 -86 0 0 0 0 2194 16704
17:53:17.444 P 5243 -599 -76 0 0 0 0 2236 16606
17:53:17.444 P 5244 -603 -63 0 0 0 0 2312 16704
17:53:17.444 P 5245 -607 -51 0 0 0 0 2318 16714
17:53:17.444 P 5246 -610 -36 0 0 0 0 2468 16738
17:53:17.444 P 5247 -613 -20 0 0 0 0 2430 16672
17:53:17.444 P 5248 -615 -5 0 0 0 0 2486 16534
17:53:17.444 P 5249 -617 12 0 0 0 0 2552 16696
17:53:17.444 P 5250 -618 29 0 0 0 0 2476 16594
17:53:17.444 P 5251 -619 46 0 0 0 0 2484 16670
17:53:17.444 P 5252 -619 65 0 0 0 0 2452 16678
17:53:17.444 P 5253 -619 81 0 0 0 0 2502 16688
17:53:17.444 P 5254 -618 97 0 0 0 0 2390 16636
17:53:17.444 P 5255 -617 113 0 0 0 0 2340 16706
17:53:17.444 P 5256 -615 128 0 0 0 0 2272 16676
17:53:17.444 P 5257 -612 141 0 0 0 0 2224 16792
17:53:17.444 P 5258 -609 153 0 0 0 0 2160 16672
17:53:17.444 P 5259 -606 162 0 0 0 0 2084 16746
17:53:17.444 P 5260 -603 172 0 0 0 0 2064 16766
17:53:17.444 P 5261 -599 179 0 0 0 0 1990 16626
17:53:17.444 P 5262 -595 186 0 0 0 0 2016 16726
17:53:17.444 P 5263 -591 194 0 0 0 0 1928 16660
17:53:17.444 P 5264 -586 199 0 0 0 0 1978 16784
17:53:17.444 P 5265 -582 207 0 0 0 0 1932 16764
17:53:17.444 P 5266 -577 212 0 0 0 0 1934 16676
17:53:17.444 P 5267 -572 219 0 0 0 0 1920 16672
17:53:17.444 P 5268 -567 226 0 0 0 0 1858 16672
17:53:17.444 P 5269 -561 234 0 0 0 0 1866 16788
17:53:17.444 P 5270 -556 240 0 0 0 0 1800 16656
17:53:17.444 P 5271 -550 246 0 0 0 0 1770 16670
17:53:17.444 P 5272 -544 250 0 0 0 0 1662 16736
17:53:17.444 P 5273 -538 254 0 0 0 0 1666 16638
17:53:17.444 P 5274 -531 257 0 0 0 0 1546 16600
17:53:17.444 P 5275 -525 260 0 0 0 0 1556 16706
17:53:17.444 P 5276 -518 262 0 0 0 0 1540 16650
17:53:17.444 P 5277 -512 264 0 0 0 0 1454 16714
17:53:17.444 P 5278 -505 263 0 0 0 0 1328 16782
17:53:17.444 P 5279 -498 261 0 0 0 0 1232 16654
17:53:17.444 P 5280 -491 256 0 0 0 0 1078 16688
17:53:17.444 P 5281 -485 249 0 0 0 0 992 16656
17:53:17.444 P 5282 -478 240 0 0 0 0 952 16770
17:53:17.444 P 5283 -472 231 0 0 0 0 810 16784
17:53:17.444 P 5284 -466 218 0 0 0 0 716 16782
17:53:17.444 P 5285 -460 201 0 0 0 0 610 16694
17:53:17.444 P 5286 -455 185 0 0 0 0 544 16644
17:53:17.444 P 5287 -451 167 0 0 0 0 490 16714
17:53:17.444 P 5288 -447 147 0 0 0 0 372 16686
17:53:17.444 P 5289 -443 124 0 0 0 0 186 16744
17:53:17.708 D 26525 0 -10.35 0.000 -1799 -1688 5.06
17:53:17.708 P 5290 -440 97 0 0 0 0 -28 16708
17:53:17.708 P 5291 -438 67 0 0 0 0 -204 16838
17:53:17.708 P 5292 -436 31 0 0 0 0 -658 16794
17:53:17.708 P 5293 -435 -15 0 0 0 0 -948 16820
17:53:17.708 P 5294 -436 -74 0 0 0 0 -1472 16638
17:53:17.708 P 5295 -438 -149 0 0 0 0 -2014 16640
17:53:17.708 P 5296 -442 -239 0 0 0 0 -2424 16544
17:53:17.708 P 5297 -450 -344 0 0 0 0 -2668 16522
17:53:17.708 P 5298 -461 -458 0 0 0 0 -2202 16620
17:53:17.708 P 5299 -475 -564 0 0 0 0 -2356 16522
17:53:17.708 P 5300 -495 -669 0 0 0 0 -284 16720
17:53:17.708 P 5301 -517 -673 0 0 0 0 1574 16928
17:53:17.708 P 5302 -532 -605 0 0 0 0 -2472 16612
17:53:17.708 P 5303 -552 -719 0 0 0 0 -1414 16684
17:53:17.708 P 5304 -578 -825 0 0 0 0 920 16668
17:53:17.708 P 5305 -603 -821 0 0 0 0 1088 16174
17:53:17.708 P 5306 -628 -818 0 0 0 0 392 16200
17:53:17.708 P 5307 -655 -875 0 0 0 0 866 16668
17:53:17.708 P 5308 -684 -923 0 0 0 0 1684 16592
17:53:17.708 P 5309 -714 -930 0 0 0 0 2204 16574
17:53:17.708 P 5310 -744 -910 0 0 0 0 2618 16778
17:53:17.708 P 5311 -773 -893 0 0 0 0 3400 16692
17:53:17.708 P 5312 -803 -862 0 0 0 0 3868 16454
17:53:17.708 P 5313 -831 -822 0 0 0 0 4016 16374
17:53:17.708 P 5314 -858 -782 0 0 0 0 4476 16406
17:53:17.708 P 5315 -884 -731 0 0 0 0 4672 16392
17:53:17.708 P 5316 -909 -679 0 0 0 0 4704 16564
17:53:17.708 P 5317 -932 -630 0 0 0 0 4856 16454
17:53:17.708 P 5318 -953 -580 0 0 0 0 5002 16512
17:53:17.708 P 5319 -973 -532 0 0 0 0 4968 16344
17:53:17.708 P 5320 -992 -486 0 0 0 0 5042 16350
17:53:17.708 P 5321 -1009 -442 0 0 0 0 5056 16310
17:53:17.708 P 5322 -1025 -400 0 0 0 0 4928 16334
17:53:17.708 P 5323 -1039 -363 0 0 0 0 4836 16388
17:53:17.708 P 5324 -1052 -328 0 0 0 0 4752 16374
17:53:17.708 P 5325 -1065 -293 0 0 0 0 4744 16434
17:53:17.708 P 5326 -1075 -254 0 0 0 0 4676 16452
17:53:17.708 P 5327 -1085 -210 0 0 0 0 4566 16412
17:53:17.708 P 5328 -1092 -163 0 0 0 0 4398 16468
17:53:17.708 P 5329 -1099 -124 0 0 0 0 4346 16330
17:53:17.708 P 5330 -1104 -98 0 0 0 0 4230 16326
17:53:17.708 P 5331 -1110 -82 0 0 0 0 4260 16304
17:53:17.708 P 5332 -1114 -59 0 0 0 0 4198 16452
17:53:17.708 P 5333 -1117 -30 0 0 0 0 4058 16532
17:53:17.708 P 5334 -1120 -7 0 0 0 0 4062 16496
17:53:17.708 P 5335 -1121 16 0 0 0 0 4060 16416
17:53:17.708 P 5336 -1122 38 0 0 0 0 3906 16416
17:53:17.708 P 5337 -1123 52 0 0 0 0 3772 16390
17:53:17.708 P 5338 -1123 60 0 0 0 0 3724 16488
17:53:17.708 P 5339 -1123 70 0 0 0 0 3620 16334
17:53:17.708 P 5340 -1122 78 0 0 0 0 3530 16490
17:53:17.708 P 5341 -1121 77 0 0 0 0 3356 16366
17:53:17.973 D 26785 0 -16.07 0.000 -1799 -1688 5.06
17:53:17.973 P 5342 -1120 76 0 0 0 0 3290 16462
17:53:17.973 P 5343 -1119 72 0 0 0 0 3216 16356
17:53:17.973 P 5344 -1119 69 0 0 0 0 3136 16454
17:53:17.973 P 5345 -1118 58 0 0 0 0 3110 16396
17:53:17.973 P 5346 -1118 56 0 0 0 0 3184 16522
17:53:17.973 P 5347 -1117 69 0 0 0 0 3084 16594
17:53:17.973 P 5348 -1115 87 0 0 0 0 2990 16644
17:53:17.973 P 5349 -1113 104 0 0 0 0 2734 16556
17:53:17.973 P 5350 -1110 105 0 0 0 0 2514 16300
17:53:17.973 P 5351 -1108 82 0 0 0 0 2488 16376
17:53:17.973 P 5352 -1107 54 0 0 0 0 2354 16394
17:53:17.973 P 5353 -1106 41 0 0 0 0 2074 16556
17:53:17.973 P 5354 -1105 22 0 0 0 0 1926 16516
17:53:17.973 P 5355 -1105 -11 0 0 0 0 1728 16478
17:53:17.973 P 5356 -1106 -51 0 0 0 0 1308 16524
17:53:17.973 P 5357 -1108 -97 0 0 0 0 1280 16340
17:53:17.973 P 5358 -1112 -135 0 0 0 0 1242 16456
17:53:17.973 P 5359 -1116 -183 0 0 0 0 1206 16418
17:53:17.973 P 5360 -1123 -240 0 0 0 0 1284 16528
17:53:17.973 P 5361 -1131 -288 0 0 0 0 1256 16496
17:53:17.973 P 5362 -1140 -333 0 0 0 0 1272 16542
17:53:17.973 P 5363 -1151 -385 0 0 0 0 1318 16424
17:53:17.973 P 5364 -1163 -436 0 0 0 0 1388 16376
17:53:17.973 P 5365 -1177 -486 0 0 0 0 1416 16454
17:53:17.973 P 5366 -1192 -537 0 0 0 0 1334 16350
17:53:17.973 P 5367 -1209 -589 0 0 0 0 1450 16360
17:53:17.973 P 5368 -1228 -638 0 0 0 0 1550 16452
17:53:17.973 P 5369 -1248 -689 0 0 0 0 1594 16432
17:53:17.973 P 5370 -1270 -739 0 0 0 0 1726 16392
17:53:17.973 P 5371 -1293 -787 0 0 0 0 1962 16220
17:53:17.973 P 5372 -1318 -831 0 0 0 0 2132 16284
17:53:17.973 P 5373 -1344 -874 0 0 0 0 2130 16194
17:53:17.973 P 5374 -1372 -914 0 0 0 0 3154 16348
17:53:17.973 P 5375 -1401 -931 0 0 0 0 3024 16076
17:53:17.973 P 5376 -1431 -964 0 0 0 0 3606 16038
17:53:17.973 P 5377 -1462 -983 0 0 0 0 3894 16026
17:53:17.973 P 5378 -1493 -990 0 0 0 0 4020 15950
17:53:17.973 P 5379 -1525 -998 0 0 0 0 4314 16086
17:53:17.973 P 5380 -1557 -1004 0 0 0 0 4706 16010
17:53:17.973 P 5381 -1589 -1001 0 0 0 0 4844 15860
17:53:17.973 P 5382 -1621 -996 0 0 0 0 4902 15868
17:53:17.973 P 5383 -1653 -991 0 0 0 0 5034 15694
17:53:17.973 P 5384 -1685 -987 0 0 0 0 5150 15690
17:53:17.973 P 5385 -1717 -984 0 0 0 0 5152 15768
17:53:17.973 P 5386 -1748 -979 0 0 0 0 5220 15840
17:53:17.973 P 5387 -1779 -973 0 0 0 0 5288 15778
17:53:17.973 P 5388 -1811 -972 0 0 0 0 5300 15768
17:53:17.973 P 5389 -1842 -970 0 0 0 0 5492 15608
17:53:17.973 P 5390 -1874 -964 0 0 0 0 6254 15386
17:53:17.973 P 5391 -1905 -935 0 0 0 0 6970 15456
17:53:17.973 P 5392 -1936 -894 0 0 0 0 7528 15616
17:53:17.973 P 5393 -1966 -852 0 0 0 0 7938 15984
17:53:17.973 P 5394 -1994 -806 0 0 0 0 8198 15678
17:53:17.973 P 5395 -2021 -747 0 0 0 0 8042 15458
17:53:17.973 P 5396 -2045 -685 0 0 0 0 7832 15440
17:53:18.312 D 27060 0 -27.80 0.000 -1799 -1688 5.06
17:53:18.312 P 5397 -2068 -632 0 0 0 0 7706 15274
17:53:18.312 P 5398 -2089 -586 0 0 0 0 7582 15262
17:53:18.312 P 5399 -2108 -547 0 0 0 0 7348 15466
17:53:18.312 P 5400 -2126 -517 0 0 0 0 7140 15606
17:53:18.312 P 5401 -2143 -492 0 0 0 0 6830 15758
17:53:18.312 P 5402 -2160 -469 0 0 0 0 6586 15650
17:53:18.312 P 5403 -2175 -451 0 0 0 0 6236 15654
17:53:18.312 P 5404 -2189 -444 0 0 0 0 5972 15616
17:53:18.312 P 5405 -2204 -448 0 0 0 0 5792 15532
17:53:18.312 P 5406 -2218 -460 0 0 0 0 5484 15640
17:53:18.312 P 5407 -2232 -480 0 0 0 0 4604 16014
17:53:18.312 P 5408 -2247 -521 0 0 0 0 4284 15894
17:53:18.312 P 5409 -2263 -557 0 0 0 0 4630 15802
17:53:18.312 P 5410 -2279 -578 0 0 0 0 4138 15860
17:53:18.312 P 5411 -2297 -623 0 0 0 0 3846 15978
17:53:18.312 P 5412 -2317 -678 0 0 0 0 5118 15974
17:53:18.312 P 5413 -2338 -674 0 0 0 0 6376 15874
17:53:18.312 P 5414 -2358 -599 0 0 0 0 7486 16222
17:53:18.312 P 5415 -2375 -472 0 0 0 0 8190 16916
17:53:18.312 P 5416 -2385 -328 0 0 0 0 6456 17008
17:53:18.312 P 5417 -2394 -287 0 0 0 0 5704 16326
17:53:18.312 P 5418 -2406 -325 0 0 0 0 8362 15750
17:53:18.312 P 5419 -2419 -263 0 0 0 -1 10092 15296
17:53:18.312 P 5420 -2428 -148 0 0 -1 -1 10140 14514
17:53:18.312 P 5421 -2437 -86 0 0 -1 0 10198 13012
17:53:18.312 P 5422 -2445 -63 0 0 0 0 11008 12814
17:53:18.312 P 5423 -2451 -1 0 0 0 -1 10370 13644
17:53:18.312 P 5424 -2454 48 0 0 -1 0 9840 14146
17:53:18.312 P 5425 -2457 85 0 0 0 -1 10548 14488
17:53:18.312 P 5426 -2456 165 0 0 0 -1 9830 14812
17:53:18.312 P 5427 -2453 241 0 0 -1 -1 9602 15234
17:53:18.312 P 5428 -2447 297 0 0 -1 -1 8938 15430
17:53:18.312 P 5429 -2440 321 0 0 -1 -1 8068 15006
17:53:18.312 P 5430 -2433 320 0 0 0 -2 7986 14796
17:53:18.312 P 5431 -2426 347 0 0 -1 -1 8656 15184
17:53:18.312 P 5432 -2415 410 0 0 0 -1 7460 15440
17:53:18.312 P 5433 -2402 434 0 0 -1 -1 5922 15452
17:53:18.312 P 5434 -2390 398 0 0 0 -2 5654 15594
17:53:18.312 P 5435 -2379 367 0 0 -1 -1 5576 15592
17:53:18.312 P 5436 -2368 352 0 0 -1 -2 4892 15664
17:53:18.312 P 5437 -2357 317 0 0 0 -1 4250 15390
17:53:18.312 P 5438 -2348 263 0 0 -1 -1 4552 15328
17:53:18.312 P 5439 -2340 224 0 0 0 -2 4992 15418
17:53:18.312 P 5440 -2335 200 0 0 -1 -1 5532 15564
17:53:18.312 P 5441 -2330 192 0 0 0 -2 6476 15668
17:53:18.312 P 5442 -2325 203 0 0 -2 -2 6768 15578
17:53:18.312 P 5443 -2321 204 0 0 0 -1 7282 15398
17:53:18.312 P 5444 -2318 212 0 0 -1 -2 8320 15528
17:53:18.312 P 5445 -2314 259 0 0 0 -1 9162 15448
17:53:18.312 P 5446 -2307 345 0 0 -1 -3 9484 15376
17:53:18.312 P 5447 -2298 447 0 0 0 -1 9268 15158
17:53:18.312 P 5448 -2285 539 0 0 -2 -2 9032 15332
17:53:18.312 P 5449 -2271 612 0 0 0 -2 8960 15418
17:53:18.312 P 5450 -2254 674 0 0 -1 -2 8838 15430
17:53:18.312 P 5451 -2235 731 0 0 -1 -2 8522 15428
17:53:18.312 P 5452 -2215 782 0 0 -1 -2 8410 15432
17:53:18.312 P 5453 -2193 839 0 0 -1 -2 8262 15374
17:53:18.312 P 5454 -2169 903 0 0 -1 -2 7868 15300
17:53:18.312 P 5455 -2142 965 0 0 0 -2 7166 15392
17:53:18.312 P 5456 -2113 1007 0 0 -1 -3 6330 15384
17:53:18.312 P 5457 -2084 1018 0 0 -2 -2 6194 15486
17:53:18.312 P 5458 -2054 1021 0 0 0 -3 5660 15680
17:53:18.312 P 5459 -2024 1010 0 0 -1 -2 5506 15682
17:53:18.312 P 5460 -1994 1001 0 0 -1 -2 5106 15800
17:53:18.312 P 5461 -1964 1003 0 0 0 -3 4650 16028
17:53:18.312 P 5462 -1934 994 0 0 -2 -2 4516 15898
17:53:18.622 D 27390 0 -20.37 0.000 -1799 -1688 5.06
17:53:18.622 P 5463 -1905 973 0 0 -1 -3 4696 15680
17:53:18.622 P 5464 -1877 958 0 0 0 -3 4818 15748
17:53:18.622 P 5465 -1848 956 0 0 -1 -2 4616 15672
17:53:18.622 P 5466 -1820 972 0 0 0 -3 4840 15700
17:53:18.622 P 5467 -1791 995 0 0 -2 -2 5180 15730
17:53:18.622 P 5468 -1762 1017 0 0 -1 -3 5324 15738
17:53:18.622 P 5469 -1732 1033 0 0 0 -3 5184 15822
17:53:18.622 P 5470 -1702 1037 0 0 -1 -2 5366 15642
17:53:18.622 P 5471 -1673 1046 0 0 -1 -3 5362 15620
17:53:18.622 P 5472 -1643 1050 0 0 -1 -3 5550 15536
17:53:18.622 P 5473 -1614 1049 0 0 -1 -3 5386 15804
17:53:18.622 P 5474 -1584 1050 0 0 0 -2 5898 15842
17:53:18.622 P 5475 -1555 1074 0 0 -1 -3 6278 16044
17:53:18.622 P 5476 -1525 1125 0 0 -2 -3 6644 16020
17:53:18.622 P 5477 -1491 1198 0 0 0 -3 5968 15908
17:53:18.622 P 5478 -1456 1245 0 0 -1 -2 5174 15792
17:53:18.622 P 5479 -1421 1255 0 0 0 -3 5494 15858
17:53:18.622 P 5480 -1385 1278 0 0 -1 -3 5378 15776
17:53:18.622 P 5481 -1347 1310 0 0 -1 -2 4332 15786
17:53:18.622 P 5482 -1309 1307 0 0 -1 -3 4218 16022
17:53:18.622 P 5483 -1272 1302 0 0 0 -2 4270 16202
17:53:18.622 P 5484 -1233 1321 0 0 -1 -3 3904 16302
17:53:18.622 P 5485 -1194 1328 0 0 0 -3 3314 16134
17:53:18.622 P 5486 -1156 1308 0 0 0 -2 2988 16244
17:53:18.622 P 5487 -1118 1277 0 0 -1 -2 2972 16210
17:53:18.622 P 5488 -1080 1253 0 0 0 -2 2482 16028
17:53:18.622 P 5489 -1044 1218 0 0 -1 -3 2226 16132
17:53:18.622 P 5490 -1009 1170 0 0 0 -2 1960 16064
17:53:18.622 P 5491 -975 1109 0 0 -1 -2 1860 16218
17:53:18.622 P 5492 -944 1042 0 0 0 -2 1902 16318
17:53:18.622 P 5493 -918 1002 0 0 0 -2 5384 16596
17:53:18.622 P 5494 -887 1127 0 0 0 -1 4900 16736
17:53:18.622 P 5495 -848 1250 0 0 0 -2 226 16352
17:53:18.622 P 5496 -812 1169 0 0 0 -1 544 16422
17:53:18.622 P 5497 -782 1080 0 0 0 -2 3252 16472
17:53:18.622 P 5498 -750 1110 0 0 0 -1 2576 16398
17:53:18.622 P 5499 -715 1148 0 0 0 -1 1182 16318
17:53:18.622 P 5500 -682 1121 0 0 0 -1 2002 16766
17:53:18.622 P 5501 -650 1126 0 0 0 -2 1946 16762
17:53:18.622 P 5502 -616 1123 0 0 0 0 880 16380
17:53:18.622 P 5503 -584 1079 0 0 0 -1 1294 16390
17:53:18.622 P 5504 -553 1053 0 0 0 -1 1194 16550
17:53:18.622 P 5505 -522 1041 0 0 0 0 1096 16260
17:53:18.622 P 5506 -491 1033 0 0 0 -1 862 16458
17:53:18.622 P 5507 -460 1021 0 0 0 -1 334 16856
17:53:18.622 P 5508 -431 995 0 0 0 0 402 16986
17:53:18.622 P 5509 -401 975 0 0 0 -1 374 16576
17:53:18.622 P 5510 -372 961 0 0 0 0 -10 16540
17:53:18.622 P 5511 -344 935 0 0 0 0 -104 16406
17:53:18.622 P 5512 -317 901 0 0 0 0 -184 16576
17:53:18.622 P 5513 -290 868 0 0 0 0 -330 16622
17:53:18.622 P 5514 -265 834 0 0 0 0 -400 16708
17:53:18.622 P 5515 -241 800 0 0 0 0 -456 16602
17:53:18.622 P 5516 -218 770 0 0 0 0 -280 16590
17:53:18.622 P 5517 -195 747 0 0 0 0 -136 16640
17:53:18.622 P 5518 -174 731 0 0 0 0 -286 16644
17:53:18.622 P 5519 -152 716 0 0 0 0 -290 16682
17:53:18.622 P 5520 -132 700 0 0 0 0 -242 16664
17:53:18.622 P 5521 -112 690 0 0 0 0 -310 16718
17:53:18.622 P 5522 -91 679 0 0 0 0 -408 16700
17:53:18.622 P 5523 -72 667 0 0 0 0 -378 16654
17:53:18.622 P 5524 -53 656 0 0 0 0 -424 16658
17:53:18.855 D 27700 0 -2.95 0.000 -1799 -1688 5.06
17:53:18.855 P 5525 -34 646 0 0 0 0 -426 16764
17:53:18.855 P 5526 -15 640 0 0 0 0 -540 16720
17:53:18.855 P 5527 3 628 0 0 0 0 -718 16740
17:53:18.855 P 5528 20 613 0 0 0 0 -652 16690
17:53:18.855 P 5529 38 602 0 0 0 0 -692 16662
17:53:18.855 P 5530 55 590 0 0 0 0 -842 16678
17:53:18.855 P 5531 72 575 0 0 0 0 -604 16810
17:53:18.855 P 5532 88 570 0 0 0 0 -600 16834
17:53:18.855 P 5533 104 563 0 0 0 0 -692 16656
17:53:18.855 P 5534 120 556 0 0 0 0 -598 16606
17:53:18.855 P 5535 136 552 0 0 0 0 -600 16642
17:53:18.855 P 5536 152 547 0 0 0 0 -728 16704
17:53:18.855 P 5537 167 543 0 0 0 0 -762 16826
17:53:18.855 P 5538 182 538 0 0 0 0 -782 16674
17:53:18.855 P 5539 198 536 0 0 0 0 -846 16644
17:53:18.855 P 5540 213 532 0 0 0 0 -928 16686
17:53:18.855 P 5541 228 527 0 0 0 0 -948 16654
17:53:18.855 P 5542 243 525 0 0 0 0 -994 16654
17:53:18.855 P 5543 257 521 0 0 0 0 -1054 16712
17:53:18.855 P 5544 272 515 0 0 0 0 -1136 16710
17:53:18.855 P 5545 287 509 0 0 0 0 -1166 16662
17:53:18.855 P 5546 301 504 0 0 0 0 -1164 16634
17:53:18.855 P 5547 315 501 0 0 0 0 -1246 16586
17:53:18.855 P 5548 329 496 0 0 0 0 -1182 16640
17:53:18.855 P 5549 343 492 0 0 0 0 -1246 16704
17:53:18.855 P 5550 357 492 0 0 0 0 -1138 16598
17:53:18.855 P 5551 370 489 0 0 0 0 -1102 16720
17:53:18.855 P 5552 384 490 0 0 0 0 -1060 16742
17:53:18.855 P 5553 397 494 0 0 0 0 -1046 16676
17:53:18.855 P 5554 411 499 0 0 0 0 -1276 16584
17:53:18.855 P 5555 425 497 0 0 0 0 -1134 16578
17:53:18.855 P 5556 439 502 0 0 0 0 -1372 16714
17:53:18.855 P 5557 453 505 0 0 0 0 -1474 16738
17:53:18.855 P 5558 467 502 0 0 0 0 -1638 16736
17:53:18.855 P 5559 481 498 0 0 0 0 -1836 16676
17:53:18.855 P 5560 496 490 0 0 0 0 -2300 16608
17:53:18.855 P 5561 510 472 0 0 0 0 -2206 16488
17:53:18.855 P 5562 523 461 0 0 0 0 -2518 16562
17:53:18.855 P 5563 537 441 0 0 0 0 -2604 16572
17:53:18.855 P 5564 549 417 0 0 0 0 -2716 16656
17:53:18.855 P 5565 561 390 0 0 0 0 -2788 16568
17:53:18.855 P 5566 572 362 0 0 0 0 -2976 16562
17:53:18.855 P 5567 582 331 0 0 0 0 -2992 16542
17:53:18.855 P 5568 592 303 0 0 0 0 -2952 16600
17:53:18.855 P 5569 600 276 0 0 0 0 -2872 16748
17:53:18.855 P 5570 608 251 0 0 0 0 -3124 16516
17:53:18.855 P 5571 614 213 0 0 0 0 -3106 16510
17:53:18.855 P 5572 620 182 0 0 0 0 -3182 16420
17:53:19.104 D 27940 0 1.44 0.000 -1799 -1688 5.06
17:53:19.104 P 5573 625 155 0 0 0 0 -3228 16608
17:53:19.104 P 5574 629 124 0 0 0 0 -3176 16628
17:53:19.104 P 5575 632 94 0 0 0 0 -3096 16556
17:53:19.104 P 5576 634 60 0 0 0 0 -3128 16632
17:53:19.104 P 5577 635 25 0 0 0 0 -3266 16470
17:53:19.104 P 5578 635 -8 0 0 0 0 -3434 16544
17:53:19.104 P 5579 634 -43 0 0 0 0 -3590 16554
17:53:19.104 P 5580 632 -87 0 0 0 0 -3764 16524
17:53:19.104 P 5581 629 -137 0 0 0 0 -3852 16454
17:53:19.104 P 5582 624 -185 0 0 0 0 -3796 16498
17:53:19.104 P 5583 618 -230 0 0 0 0 -3736 16398
17:53:19.104 P 5584 610 -276 0 0 0 0 -3608 16558
17:53:19.104 P 5585 601 -323 0 0 0 0 -3542 16594
17:53:19.104 P 5586 591 -370 0 0 0 0 -3482 16520
17:53:19.104 P 5587 579 -412 0 0 0 0 -3368 16534
17:53:19.104 P 5588 565 -453 0 0 0 0 -3208 16548
17:53:19.104 P 5589 550 -492 0 0 0 0 -3054 16512
17:53:19.104 P 5590 534 -530 0 0 0 0 -2880 16584
17:53:19.104 P 5591 517 -562 0 0 0 0 -2614 16590
17:53:19.104 P 5592 499 -592 0 0 0 0 -2436 16530
17:53:19.104 P 5593 480 -615 0 0 0 0 -2064 16652
17:53:19.104 P 5594 460 -634 0 0 0 0 -1822 16602
17:53:19.104 P 5595 439 -646 0 0 0 0 -1596 16634
17:53:19.104 P 5596 418 -657 0 0 0 0 -1422 16746
17:53:19.104 P 5597 396 -664 0 0 0 0 -1188 16690
17:53:19.104 P 5598 375 -665 0 0 0 0 -1006 16602
17:53:19.104 P 5599 353 -664 0 0 0 0 -810 16656
17:53:19.104 P 5600 331 -662 0 0 0 0 -700 16690
17:53:19.104 P 5601 309 -658 0 0 0 0 -610 16636
17:53:19.104 P 5602 288 -651 0 0 0 0 -452 16788
17:53:19.104 P 5603 266 -643 0 0 0 0 -336 16672
17:53:19.104 P 5604 245 -635 0 0 0 0 -206 16732
17:53:19.104 P 5605 224 -623 0 0 0 0 -134 16722
17:53:19.104 P 5606 203 -611 0 0 0 0 40 16732
17:53:19.104 P 5607 183 -599 0 0 0 0 106 16760
17:53:19.104 P 5608 163 -583 0 0 0 0 88 16748
17:53:19.104 P 5609 144 -571 0 0 0 0 224 16748
17:53:19.104 P 5610 125 -557 0 0 0 0 230 16790
17:53:19.104 P 5611 106 -543 0 0 0 0 302 16734
17:53:19.104 P 5612 88 -529 0 0 0 0 318 16772
17:53:19.104 P 5613 70 -517 0 0 0 0 368 16790
17:53:19.104 P 5614 53 -503 0 0 0 0 420 16782
17:53:19.104 P 5615 36 -490 0 0 0 0 456 16738
17:53:19.104 P 5616 20 -476 0 0 0 0 478 16740
17:53:19.104 P 5617 4 -464 0 0 0 0 528 16822
17:53:19.104 P 5618 -11 -452 0 0 0 0 566 16826
17:53:19.104 P 5619 -26 -440 0 0 0 0 656 16822
17:53:19.104 P 5620 -41 -426 0 0 0 0 678 16660
17:53:19.336 D 28180 0 -6.83 0.000 -1799 -1688 5.06
17:53:19.336 P 5621 -56 -412 0 0 0 0 770 16748
17:53:19.336 P 5622 -70 -399 0 0 0 0 838 16754
17:53:19.336 P 5623 -84 -382 0 0 0 0 1032 16752
17:53:19.336 P 5624 -97 -360 0 0 0 0 1218 16704
17:53:19.336 P 5625 -110 -335 0 0 0 0 1460 16914
17:53:19.336 P 5626 -122 -308 0 0 0 0 1600 16892
17:53:19.336 P 5627 -134 -282 0 0 0 0 1672 16860
17:53:19.336 P 5628 -144 -250 0 0 0 0 1752 16852
17:53:19.336 P 5629 -154 -216 0 0 0 0 1706 16884
17:53:19.336 P 5630 -162 -182 0 0 0 0 1658 16954
17:53:19.336 P 5631 -169 -156 0 0 0 0 1532 17024
17:53:19.336 P 5632 -175 -133 0 0 0 0 1252 17010
17:53:19.336 P 5633 -181 -115 0 0 0 0 1016 16922
17:53:19.336 P 5634 -185 -99 0 0 0 0 684 16952
17:53:19.336 P 5635 -189 -95 0 0 0 0 154 17164
17:53:19.336 P 5636 -193 -107 0 0 0 0 -270 17234
17:53:19.336 P 5637 -197 -130 0 0 0 0 -726 17126
17:53:19.336 P 5638 -201 -159 0 0 0 0 -958 17088
17:53:19.336 P 5639 -206 -188 0 0 0 0 -896 17136
17:53:19.336 P 5640 -213 -216 0 0 0 0 -590 17064
17:53:19.336 P 5641 -221 -229 0 0 0 0 26 16808
17:53:19.336 P 5642 -229 -226 0 0 0 0 866 16744
17:53:19.336 P 5643 -238 -190 0 0 0 0 1868 16886
17:53:19.336 P 5644 -244 -107 0 0 0 0 2572 16862
17:53:19.336 P 5645 -248 20 0 0 0 0 3116 17380
17:53:19.336 P 5646 -247 147 0 0 0 0 2658 16672
17:53:19.336 P 5647 -243 249 0 0 0 0 3170 16954
17:53:19.336 P 5648 -235 377 0 0 0 0 2448 16724
17:53:19.336 P 5649 -222 487 0 0 0 0 1452 16914
17:53:19.336 P 5650 -207 544 0 0 0 0 792 16792
17:53:19.336 P 5651 -191 578 0 0 0 0 144 17172
17:53:19.336 P 5652 -173 579 0 0 0 0 -318 17512
17:53:19.336 P 5653 -156 559 0 0 0 0 -754 17978
17:53:19.336 P 5654 -140 524 0 0 0 0 -1236 18210
17:53:19.336 P 5655 -125 473 0 0 0 0 -1874 18670
17:53:19.336 P 5656 -111 397 0 0 0 0 -2626 19210
17:53:19.336 P 5657 -100 296 0 0 0 0 -3026 19544
17:53:19.336 P 5658 -93 179 0 0 0 0 -3052 19922
17:53:19.336 P 5659 -89 64 0 0 0 0 -2654 20222
17:53:19.336 P 5660 -89 -34 0 0 0 0 -2136 20574
17:53:19.336 P 5661 -93 -110 0 0 0 0 -1008 20718
17:53:19.336 P 5662 -98 -143 0 0 0 0 -94 20816
17:53:19.336 P 5663 -104 -136 0 0 0 0 868 20716
17:53:19.336 P 5664 -109 -92 0 0 0 0 1650 20334
17:53:19.336 P 5665 -113 -15 0 0 0 0 2230 19976
17:53:19.336 P 5666 -114 83 0 0 0 0 2566 19556
17:53:19.336 P 5667 -112 196 0 0 0 0 2748 18850
17:53:19.336 P 5668 -106 312 0 0 0 0 2590 18288
17:53:19.568 D 28420 0 -2.43 0.000 -1799 -1688 5.06
17:53:19.568 P 5669 -96 421 0 0 0 0 2314 17618
17:53:19.568 P 5670 -84 518 0 0 0 0 2124 16912
17:53:19.568 P 5671 -69 604 0 0 0 0 1930 16278
17:53:19.568 P 5672 -52 681 0 0 0 0 1876 15820
17:53:19.568 P 5673 -32 748 0 0 0 0 1772 15220
17:53:19.568 P 5674 -11 811 0 0 0 0 1576 14872
17:53:19.568 P 5675 11 868 0 0 0 0 1752 14418
17:53:19.568 P 5676 35 933 0 0 0 0 1664 13990
17:53:19.568 P 5677 62 992 0 0 0 0 1456 13678
17:53:19.568 P 5678 90 1043 0 0 0 0 1190 13366
17:53:19.568 P 5679 120 1081 0 0 0 0 882 13076
17:53:19.568 P 5680 151 1109 0 0 0 0 642 12742
17:53:19.568 P 5681 183 1124 0 0 0 0 288 12456
17:53:19.568 P 5682 215 1128 0 0 0 0 -6 12212
17:53:19.568 P 5683 248 1120 0 0 0 0 -456 11920
17:53:19.568 P 5684 281 1091 0 0 0 0 -1130 11878
17:53:19.568 P 5685 313 1035 0 0 0 0 -1834 11682
17:53:19.568 P 5686 343 951 0 0 0 0 -2558 11586
17:53:19.568 P 5687 371 842 0 0 0 0 -3078 11638
17:53:19.568 P 5688 396 715 0 0 0 0 -3258 11724
17:53:19.568 P 5689 416 581 0 0 0 0 -3124 11802
17:53:19.568 P 5690 431 456 0 0 0 0 -2788 11852
17:53:19.568 P 5691 442 345 0 0 0 0 -2348 11984
17:53:19.568 P 5692 450 257 0 0 0 0 -1864 12098
17:53:19.568 P 5693 454 187 0 0 0 0 -724 12344
17:53:19.568 P 5694 458 154 0 0 0 0 -1172 12224
17:53:19.568 P 5695 460 114 0 0 0 0 -868 12350
17:53:19.568 P 5696 461 81 0 0 0 0 -726 12526
17:53:19.568 P 5697 460 53 0 0 0 0 -694 12660
17:53:19.568 P 5698 459 23 0 0 0 0 -780 12812
17:53:19.568 P 5699 457 -12 0 0 0 0 -968 12992
17:53:19.568 P 5700 455 -55 0 0 0 0 -1160 13328
17:53:19.568 P 5701 450 -107 0 0 0 0 -1164 15230
17:53:19.568 P 5702 445 -153 0 0 0 0 -2360 19078
17:53:19.568 P 5703 438 -232 0 0 0 0 -3610 20828
17:53:19.568 P 5704 428 -342 0 0 0 0 -2458 17526
17:53:19.568 P 5705 412 -455 0 0 0 0 -1092 16090
17:53:19.568 P 5706 394 -521 0 0 0 0 -222 16794
17:53:19.568 P 5707 376 -528 0 0 0 0 -430 19400
17:53:19.568 P 5708 358 -525 0 0 0 0 -1166 20320
17:53:19.568 P 5709 341 -537 0 0 0 0 -2230 20594
17:53:19.568 P 5710 323 -590 0 0 0 0 -2676 20290
17:53:19.568 P 5711 303 -659 0 0 0 0 -2460 19408
17:53:19.568 P 5712 280 -701 0 0 0 0 -70 19558
17:53:19.568 P 5713 260 -640 0 0 0 0 -1494 19432
17:53:19.568 P 5714 241 -563 0 0 0 0 -1936 32592
17:53:19.568 P 5715 225 -525 0 0 0 0 -2130 32767
17:53:19.801 D 28655 0 -12.99 0.000 -1799 -1688 5.06
17:53:19.801 P 5716 209 -478 0 0 0 0 -1086 24866
17:53:19.801 P 5717 193 -435 0 0 0 0 418 16892
17:53:19.801 P 5718 181 -334 0 0 0 0 -386 13946
17:53:19.801 P 5719 173 -256 0 0 0 0 -652 11310
17:53:19.801 P 5720 167 -200 0 0 0 0 -1162 10382
17:53:19.801 P 5721 162 -193 0 0 0 0 -1504 11290
17:53:19.801 P 5722 155 -224 0 0 0 0 -1744 13460
17:53:19.801 P 5723 146 -260 0 0 0 0 46 15818
17:53:19.801 P 5724 135 -216 0 0 0 0 2568 18268
17:53:19.801 P 5725 131 -29 0 0 0 1 538 21036
17:53:19.801 P 5726 135 79 0 0 0 0 -3416 22476
17:53:19.801 P 5727 135 -6 0 0 0 0 -2588 20570
17:53:19.801 P 5728 131 -102 0 0 0 0 -226 15812
17:53:19.801 P 5729 125 -91 0 0 0 0 730 13200
17:53:19.801 P 5730 123 -30 0 0 0 0 -430 13268
17:53:19.801 P 5731 121 -31 0 0 0 0 -638 15364
17:53:19.801 P 5732 116 -94 0 0 0 0 360 17550
17:53:19.801 P 5733 108 -165 0 0 0 0 1116 19014
17:53:19.801 P 5734 99 -200 0 0 0 0 1142 18832
17:53:19.801 P 5735 91 -173 0 0 0 0 948 17242
17:53:19.801 P 5736 85 -116 0 0 0 0 1310 15720
17:53:19.801 P 5737 80 -43 0 0 0 0 1300 15262
17:53:19.801 P 5738 78 10 0 0 0 0 964 15944
17:53:19.801 P 5739 76 24 0 0 0 0 896 17038
17:53:19.801 P 5740 75 40 0 0 0 0 770 17858
17:53:19.801 P 5741 75 70 0 0 0 0 350 17662
17:53:19.801 P 5742 76 99 0 0 0 0 248 17116
17:53:19.801 P 5743 78 118 0 0 0 0 8 16414
17:53:19.801 P 5744 80 125 0 0 0 0 -206 16012
17:53:19.801 P 5745 83 123 0 0 0 0 -318 16384
17:53:19.801 P 5746 85 127 0 0 0 0 -504 17032
17:53:19.801 P 5747 88 130 0 0 0 0 -582 17212
17:53:19.801 P 5748 91 126 0 0 0 0 -634 17052
17:53:19.801 P 5749 94 122 0 0 0 0 -700 16640
17:53:19.801 P 5750 97 114 0 0 0 0 -912 16360
17:53:19.801 P 5751 100 106 0 0 0 0 -852 16484
17:53:19.801 P 5752 102 95 0 0 0 0 -908 16660
17:53:19.801 P 5753 104 84 0 0 0 0 -938 16984
17:53:19.801 P 5754 105 72 0 0 0 0 -1038 16930
17:53:19.801 P 5755 107 59 0 0 0 0 -1006 16874
17:53:19.801 P 5756 107 43 0 0 0 0 -1008 16692
17:53:19.801 P 5757 108 30 0 0 0 0 -966 16592
17:53:19.801 P 5758 108 19 0 0 0 0 -938 16762
17:53:19.801 P 5759 107 6 0 0 0 0 -878 16694
17:53:20.003 D 28875 0 -10.38 0.000 -1799 -1688 5.06
17:53:20.003 P 5760 106 -7 0 0 0 0 -972 16780
17:53:20.003 P 5761 105 -20 0 0 0 0 -936 16780
17:53:20.003 P 5762 103 -31 0 0 0 0 -864 16838
17:53:20.003 P 5763 101 -42 0 0 0 0 -890 16814
17:53:20.003 P 5764 99 -52 0 0 0 0 -716 16736
17:53:20.003 P 5765 96 -61 0 0 0 0 -686 16786
17:53:20.003 P 5766 93 -69 0 0 0 0 -574 16698
17:53:20.003 P 5767 90 -73 0 0 0 0 -406 16736
17:53:20.003 P 5768 86 -72 0 0 0 0 -460 16744
17:53:20.003 P 5769 83 -76 0 0 0 0 -412 16636
17:53:20.003 P 5770 79 -80 0 0 0 0 -352 16636
17:53:20.003 P 5771 76 -79 0 0 0 0 -476 16872
17:53:20.003 P 5772 72 -80 0 0 0 0 -422 17004
17:53:20.003 P 5773 68 -82 0 0 0 0 -206 16910
17:53:20.003 P 5774 65 -78 0 0 0 0 -196 16652
17:53:20.003 P 5775 61 -77 0 0 0 0 -330 16646
17:53:20.003 P 5776 57 -82 0 0 0 0 -300 16604
17:53:20.003 P 5777 54 -79 0 0 0 0 -312 16780
17:53:20.003 P 5778 50 -78 0 0 0 0 -444 16932
17:53:20.003 P 5779 47 -86 0 0 0 0 -428 16826
17:53:20.003 P 5780 43 -92 0 0 0 0 -412 16830
17:53:20.003 P 5781 39 -95 0 0 0 0 -444 16626
17:53:20.003 P 5782 35 -99 0 0 0 0 -410 16614
17:53:20.003 P 5783 31 -104 0 0 0 0 -304 16748
17:53:20.003 P 5784 26 -108 0 0 0 0 -266 16832
17:53:20.003 P 5785 22 -111 0 0 0 0 -354 16788
17:53:20.003 P 5786 17 -114 0 0 0 0 -306 16728
17:53:20.003 P 5787 13 -116 0 0 0 0 -330 16724
17:53:20.003 P 5788 8 -122 0 0 0 0 -368 16670
17:53:20.003 P 5789 3 -129 0 0 0 0 -284 16610
17:53:20.003 P 5790 -1 -132 0 0 0 0 -254 16862
17:53:20.003 P 5791 -6 -133 0 0 0 0 -234 16840
17:53:20.003 P 5792 -11 -136 0 0 0 0 -146 16832
17:53:20.003 P 5793 -17 -140 0 0 0 0 -108 16816
17:53:20.003 P 5794 -22 -140 0 0 0 0 -78 16784
17:53:20.003 P 5795 -28 -140 0 0 0 0 24 16768
17:53:20.003 P 5796 -33 -139 0 0 0 0 174 16712
17:53:20.003 P 5797 -39 -135 0 0 0 0 144 16756
17:53:20.003 P 5798 -44 -134 0 0 0 0 156 16738
17:53:20.003 P 5799 -49 -129 0 0 0 0 90 16778
17:53:20.003 P 5800 -55 -129 0 0 0 0 96 16704
17:53:20.003 P 5801 -60 -124 0 0 0 0 134 16664
17:53:20.003 P 5802 -65 -124 0 0 0 0 138 16850
17:53:20.249 D 29090 0 -10.25 0.000 -1799 -1688 5.06
17:53:20.249 P 5803 -70 -123 0 0 0 0 144 16768
17:53:20.249 P 5804 -75 -121 0 0 0 0 178 16826
17:53:20.249 P 5805 -79 -119 0 0 0 0 152 16824
17:53:20.249 P 5806 -84 -118 0 0 0 0 210 16798
17:53:20.249 P 5807 -89 -116 0 0 0 0 198 16768
17:53:20.249 P 5808 -94 -115 0 0 0 0 242 16746
17:53:20.249 P 5809 -99 -114 0 0 0 0 230 16762
17:53:20.249 P 5810 -103 -114 0 0 0 0 192 16780
17:53:20.249 P 5811 -108 -113 0 0 0 0 150 16784
17:53:20.249 P 5812 -113 -115 0 0 0 0 210 16748
17:53:20.249 P 5813 -117 -116 0 0 0 0 250 16728
17:53:20.249 P 5814 -122 -116 0 0 0 0 254 16822
17:53:20.249 P 5815 -127 -115 0 0 0 0 266 16840
17:53:20.249 P 5816 -132 -114 0 0 0 0 208 16838
17:53:20.249 P 5817 -136 -114 0 0 0 0 218 16792
17:53:20.249 P 5818 -141 -117 0 0 0 0 244 16756
17:53:20.249 P 5819 -146 -119 0 0 0 0 252 16826
17:53:20.249 P 5820 -150 -120 0 0 0 0 242 16714
17:53:20.249 P 5821 -155 -122 0 0 0 0 322 16732
17:53:20.249 P 5822 -160 -121 0 0 0 0 292 16768
17:53:20.249 P 5823 -165 -124 0 0 0 0 268 16776
17:53:20.249 P 5824 -170 -127 0 0 0 0 256 16826
17:53:20.249 P 5825 -175 -129 0 0 0 0 336 16820
17:53:20.249 P 5826 -180 -132 0 0 0 0 336 16784
17:53:20.249 P 5827 -185 -134 0 0 0 0 314 16688
17:53:20.249 P 5828 -190 -137 0 0 0 0 300 16678
17:53:20.249 P 5829 -196 -140 0 0 0 0 374 16750
17:53:20.249 P 5830 -201 -142 0 0 0 0 362 16778
17:53:20.249 P 5831 -207 -146 0 0 0 0 348 16778
17:53:20.249 P 5832 -212 -150 0 0 0 0 372 16778
17:53:20.249 P 5833 -218 -153 0 0 0 0 378 16754
17:53:20.249 P 5834 -224 -157 0 0 0 0 340 16754
17:53:20.249 P 5835 -230 -161 0 0 0 0 434 16776
17:53:20.249 P 5836 -236 -166 0 0 0 0 350 16694
17:53:20.249 P 5837 -242 -171 0 0 0 0 438 16682
17:53:20.249 P 5838 -248 -175 0 0 0 0 440 16862
17:53:20.249 P 5839 -255 -179 0 0 0 0 458 16664
17:53:20.249 P 5840 -261 -184 0 0 0 0 420 16694
17:53:20.249 P 5841 -268 -191 0 0 0 0 452 16684
17:53:20.249 P 5842 -275 -197 0 0 0 0 482 16754
17:53:20.249 P 5843 -282 -201 0 0 0 0 538 16772
17:53:20.249 P 5844 -289 -211 0 0 0 0 472 16786
17:53:20.249 P 5845 -297 -217 0 0 0 0 476 16822
17:53:20.249 P 5846 -305 -223 0 0 0 0 506 16682
17:53:20.249 P 5847 -312 -230 0 0 0 0 506 16758
17:53:20.249 P 5848 -321 -238 0 0 0 0 534 16762
17:53:20.249 P 5849 -329 -245 0 0 0 0 516 16728
17:53:20.498 D 29325 0 -12.15 0.000 -1799 -1688 5.06
17:53:20.498 P 5850 -337 -254 0 0 0 0 498 16722
17:53:20.498 P 5851 -346 -263 0 0 0 0 532 16690
17:53:20.498 P 5852 -355 -273 0 0 0 0 562 16716
17:53:20.498 P 5853 -365 -283 0 0 0 0 582 16778
17:53:20.498 P 5854 -374 -294 0 0 0 0 572 16690
17:53:20.498 P 5855 -384 -303 0 0 0 0 594 16674
17:53:20.498 P 5856 -395 -315 0 0 0 0 582 16690
17:53:20.498 P 5857 -405 -324 0 0 0 0 626 16684
17:53:20.498 P 5858 -416 -337 0 0 0 0 590 16628
17:53:20.498 P 5859 -427 -349 0 0 0 0 634 16566
17:53:20.498 P 5860 -439 -362 0 0 0 0 666 16706
17:53:20.498 P 5861 -451 -375 0 0 0 0 658 16626
17:53:20.498 P 5862 -463 -389 0 0 0 0 712 16730
17:53:20.498 P 5863 -476 -404 0 0 0 0 710 16738
17:53:20.498 P 5864 -489 -419 0 0 0 0 698 16704
17:53:20.498 P 5865 -503 -434 0 0 0 0 780 16742
17:53:20.498 P 5866 -517 -450 0 0 0 0 756 16700
17:53:20.498 P 5867 -532 -467 0 0 0 0 804 16610
17:53:20.498 P 5868 -547 -484 0 0 0 0 794 16638
17:53:20.498 P 5869 -563 -502 0 0 0 0 858 16634
17:53:20.498 P 5870 -579 -521 0 0 0 0 856 16736
17:53:20.498 P 5871 -596 -543 0 0 0 0 724 16750
17:53:20.498 P 5872 -613 -568 0 0 0 0 734 16606
17:53:20.498 P 5873 -631 -589 0 0 0 0 786 16604
17:53:20.498 P 5874 -650 -608 0 0 0 0 904 16508
17:53:20.498 P 5875 -669 -632 0 0 0 0 950 16460
17:53:20.498 P 5876 -690 -658 0 0 0 0 1242 16594
17:53:20.498 P 5877 -711 -677 0 0 0 0 1374 16662
17:53:20.498 P 5878 -733 -693 0 0 0 0 1452 16444
17:53:20.498 P 5879 -755 -713 0 0 0 0 1502 16498
17:53:20.498 P 5880 -778 -731 0 0 0 0 1662 16428
17:53:20.498 P 5881 -801 -749 0 0 0 0 1726 16392
17:53:20.498 P 5882 -825 -768 0 0 0 0 1734 16448
17:53:20.498 P 5883 -850 -791 0 0 0 0 1864 16498
17:53:20.498 P 5884 -875 -814 0 0 0 0 1836 16420
17:53:20.498 P 5885 -901 -842 0 0 0 0 1830 16348
17:53:20.498 P 5886 -928 -873 0 0 0 0 1884 16248
17:53:20.498 P 5887 -956 -908 0 0 0 0 1866 16226
17:53:20.498 P 5888 -985 -946 0 0 0 0 1800 16238
17:53:20.498 P 5889 -1015 -987 0 0 0 0 1802 16208
17:53:20.498 P 5890 -1046 -1030 0 0 0 0 1596 16182
17:53:20.498 P 5891 -1079 -1080 0 0 0 0 1634 16074
17:53:20.498 P 5892 -1113 -1132 0 0 0 0 1746 16028
17:53:20.498 P 5893 -1149 -1183 0 0 0 0 2086 16128
17:53:20.498 P 5894 -1187 -1223 0 0 0 0 3142 16062
17:53:20.498 P 5895 -1227 -1217 0 0 0 0 4800 16164
17:53:20.498 P 5896 -1266 -1148 0 0 0 0 6082 16520
17:53:20.498 P 5897 -1301 -1025 0 0 0 0 6620 17118
17:53:20.498 P 5898 -1332 -879 0 0 0 0 6710 17196
17:53:20.498 P 5899 -1359 -765 0 0 0 0 7096 16432
17:53:20.498 P 5900 -1385 -686 0 0 0 0 6898 15864
17:53:20.498 P 5901 -1408 -624 0 0 0 0 6370 15442
17:53:20.792 D 29585 0 -22.63 0.000 -1799 -1688 5.06
17:53:20.792 P 5902 -1430 -590 0 0 0 0 6410 15482
17:53:20.792 P 5903 -1451 -559 0 0 0 0 6680 15758
17:53:20.792 P 5904 -1470 -516 0 0 0 0 6614 16320
17:53:20.792 P 5905 -1488 -462 0 0 0 0 6230 16540
17:53:20.792 P 5906 -1503 -403 0 0 0 0 6230 16466
17:53:20.792 P 5907 -1516 -340 0 0 0 0 5916 16222
17:53:20.792 P 5908 -1528 -291 0 0 0 0 5604 15934
17:53:20.792 P 5909 -1538 -262 0 0 0 0 5426 15908
17:53:20.792 P 5910 -1548 -243 0 0 0 0 5524 16082
17:53:20.792 P 5911 -1558 -219 0 0 0 0 5726 16060
17:53:20.792 P 5912 -1566 -178 0 0 0 0 5908 16272
17:53:20.792 P 5913 -1573 -137 0 0 0 0 5948 16364
17:53:20.792 P 5914 -1579 -97 0 0 0 0 6148 16312
17:53:20.792 P 5915 -1583 -54 0 0 0 0 6068 16032
17:53:20.792 P 5916 -1586 -16 0 0 0 0 5912 15936
17:53:20.792 P 5917 -1589 18 0 0 0 0 5946 15918
17:53:20.792 P 5918 -1590 56 0 0 0 0 5976 16070
17:53:20.792 P 5919 -1590 93 0 0 0 0 5982 16232
17:53:20.792 P 5920 -1589 129 0 0 0 0 5836 16212
17:53:20.792 P 5921 -1586 164 0 0 0 0 5954 16162
17:53:20.792 P 5922 -1583 205 0 0 0 0 6184 16040
17:53:20.792 P 5923 -1579 250 0 0 0 0 6310 15906
17:53:20.792 P 5924 -1573 296 0 0 0 0 6460 15890
17:53:20.792 P 5925 -1566 348 0 0 0 0 6686 16020
17:53:20.792 P 5926 -1558 403 0 0 0 0 6672 16114
17:53:20.792 P 5927 -1547 459 0 0 0 0 6660 16220
17:53:20.792 P 5928 -1535 518 0 0 0 0 6618 16092
17:53:20.792 P 5929 -1521 577 0 0 0 0 6130 16078
17:53:20.792 P 5930 -1504 623 0 0 0 0 5478 16122
17:53:20.792 P 5931 -1487 653 0 0 0 0 5654 16068
17:53:20.792 P 5932 -1469 697 0 0 0 0 5860 15976
17:53:20.792 P 5933 -1449 752 0 0 0 0 5698 16114
17:53:20.792 P 5934 -1428 797 0 0 0 0 5438 16182
17:53:20.792 P 5935 -1405 830 0 0 0 0 5148 16172
17:53:20.792 P 5936 -1382 857 0 0 0 0 4948 16130
17:53:20.792 P 5937 -1357 886 0 0 0 0 4884 16072
17:53:20.792 P 5938 -1331 916 0 0 0 0 4670 16160
17:53:20.792 P 5939 -1305 943 0 0 0 0 4398 16082
17:53:20.792 P 5940 -1277 961 0 0 0 0 4246 16280
17:53:20.792 P 5941 -1250 977 0 0 0 0 4234 16342
17:53:20.792 P 5942 -1222 995 0 0 0 0 4344 16326
17:53:20.792 P 5943 -1193 1019 0 0 0 0 4706 16280
17:53:20.792 P 5944 -1164 1057 0 0 0 0 4944 16346
17:53:20.792 P 5945 -1134 1107 0 0 0 0 5062 16454
17:53:20.792 P 5946 -1102 1165 0 0 0 0 5004 16474
17:53:20.792 P 5947 -1067 1225 0 0 0 0 4694 16462
17:53:20.792 P 5948 -1031 1278 0 0 0 0 4306 16326
17:53:20.792 P 5949 -994 1323 0 0 0 0 3892 16354
17:53:20.792 P 5950 -954 1358 0 0 0 0 3518 16288
17:53:20.792 P 5951 -914 1381 0 0 0 0 2952 16268
17:53:20.792 P 5952 -871 1383 0 0 0 0 580 16142
17:53:20.792 P 5953 -832 1301 0 0 0 0 1690 16308
17:53:20.792 P 5954 -796 1252 0 0 0 0 2732 16318
17:53:20.792 P 5955 -758 1276 0 0 0 0 2284 16324
17:53:20.792 P 5956 -720 1304 0 0 0 0 1574 16406
17:53:20.792 P 5957 -680 1306 0 0 0 0 1296 16768
17:53:21.039 D 29865 0 -7.68 0.000 -1799 -1688 5.06
17:53:21.039 P 5958 -641 1299 0 0 0 0 1240 16780
17:53:21.039 P 5959 -603 1290 0 0 0 0 1058 16692
17:53:21.039 P 5960 -565 1269 0 0 0 0 856 16436
17:53:21.039 P 5961 -527 1240 0 0 0 0 888 16430
17:53:21.039 P 5962 -491 1226 0 0 0 0 812 16518
17:53:21.039 P 5963 -454 1219 0 0 0 0 694 16642
17:53:21.039 P 5964 -418 1205 0 0 0 0 582 16692
17:53:21.039 P 5965 -383 1186 0 0 0 0 410 16622
17:53:21.039 P 5966 -348 1156 0 0 0 0 280 16530
17:53:21.039 P 5967 -314 1112 0 0 0 0 -62 16566
17:53:21.039 P 5968 -282 1056 0 0 0 0 -132 16332
17:53:21.039 P 5969 -257 1008 0 0 0 0 3890 16600
17:53:21.039 P 5970 -226 1150 0 0 0 0 3132 16750
17:53:21.039 P 5971 -184 1296 0 0 0 0 -2386 16252
17:53:21.039 P 5972 -146 1191 0 0 0 0 -2336 16280
17:53:21.039 P 5973 -116 1058 0 0 1 1 1062 16504
17:53:21.039 P 5974 -85 1081 0 0 0 0 908 16610
17:53:21.039 P 5975 -51 1126 0 0 0 0 -1178 16388
17:53:21.039 P 5976 -18 1085 0 0 0 0 -1188 16516
17:53:21.039 P 5977 12 1033 0 0 0 1 -164 16550
17:53:21.039 P 5978 42 1036 0 0 0 0 -404 16538
17:53:21.039 P 5979 74 1042 0 0 0 0 -1464 16636
17:53:21.039 P 5980 105 1009 0 0 0 0 -2130 16624
17:53:21.039 P 5981 135 961 0 0 0 1 -2112 16782
17:53:21.039 P 5982 164 923 0 0 0 0 -2244 16704
17:53:21.039 P 5983 192 888 0 0 0 0 -2908 16592
17:53:21.039 P 5984 219 832 0 0 0 0 -3084 16504
17:53:21.039 P 5985 244 762 0 0 0 1 -2952 16306
17:53:21.039 P 5986 266 690 0 0 0 0 -2662 16140
17:53:21.039 P 5987 285 628 0 0 0 1 -2128 16158
17:53:21.039 P 5988 302 585 0 0 0 1 -1422 16074
17:53:21.039 P 5989 318 581 0 0 0 1 -872 16226
17:53:21.039 P 5990 336 613 0 0 0 1 -838 16358
17:53:21.039 P 5991 354 655 0 0 0 1 -1222 16530
17:53:21.039 P 5992 374 677 0 0 0 1 -1578 16652
17:53:21.039 P 5993 394 683 0 0 0 1 -1678 16710
17:53:21.039 P 5994 415 692 0 0 0 1 -2076 16796
17:53:21.039 P 5995 436 680 0 0 0 2 -2462 16826
17:53:21.039 P 5996 456 649 0 0 0 2 -2658 16880
17:53:21.039 P 5997 474 608 0 0 0 1 -2884 16810
17:53:21.039 P 5998 492 560 0 0 0 2 -2710 16594
17:53:21.039 P 5999 507 517 0 0 0 1 -2528 16542
17:53:21.039 P 6000 523 489 0 0 0 2 -3012 16636
17:53:21.039 P 6001 537 450 0 0 0 2 -3464 16606
17:53:21.039 P 6002 549 399 0 0 0 2 -2664 16540
17:53:21.039 P 6003 560 377 0 0 0 2 -2640 16826
17:53:21.039 P 6004 572 366 0 0 0 2 -3190 16820
17:53:21.039 P 6005 582 323 0 0 0 1 -3500 16570
17:53:21.039 P 6006 591 266 0 0 0 3 -3018 16552
17:53:21.039 P 6007 597 230 0 0 0 1 -2644 16524
17:53:21.039 P 6008 604 211 0 0 0 3 -2912 16440
17:53:21.039 P 6009 610 179 0 0 0 2 -3172 16484
17:53:21.318 D 30125 0 1.12 0.000 -1799 -1688 5.06
17:53:21.318 P 6010 613 136 0 0 0 2 -2772 16528
17:53:21.318 P 6011 616 105 0 0 0 2 -2656 16634
17:53:21.318 P 6012 619 84 0 0 0 3 -2768 16820
17:53:21.318 P 6013 619 58 0 0 0 2 -2058 16866
17:53:21.318 P 6014 620 57 0 0 0 2 -2296 16914
17:53:21.318 P 6015 622 55 0 0 0 3 -2734 16826
17:53:21.318 P 6016 622 27 0 0 0 2 -2436 16620
17:53:21.318 P 6017 621 8 0 0 1 3 -2022 16542
17:53:21.318 P 6018 620 4 0 0 0 2 -1884 16410
17:53:21.318 P 6019 620 5 0 0 0 3 -2528 16402
17:53:21.318 P 6020 618 -25 0 0 0 3 -2190 16584
17:53:21.318 P 6021 616 -48 0 0 0 2 -2346 16600
17:53:21.318 P 6022 613 -60 0 0 0 2 -2130 16758
17:53:21.318 P 6023 611 -65 0 0 0 3 -2526 16718
17:53:21.318 P 6024 608 -78 0 0 0 2 -2842 16600
17:53:21.318 P 6025 605 -110 0 0 0 3 -2744 16552
17:53:21.318 P 6026 600 -142 0 0 1 3 -2332 16486
17:53:21.318 P 6027 593 -158 0 0 0 2 -1452 16606
17:53:21.318 P 6028 588 -142 0 0 0 3 -1858 16640
17:53:21.318 P 6029 583 -140 0 0 0 3 -2364 16638
17:53:21.318 P 6030 577 -170 0 0 0 2 -2208 16784
17:53:21.318 P 6031 570 -197 0 0 0 3 -1456 16770
17:53:21.318 P 6032 562 -188 0 0 1 3 -1488 16674
17:53:21.318 P 6033 556 -182 0 0 0 2 -1886 16630
17:53:21.318 P 6034 549 -196 0 0 0 3 -1514 16752
17:53:21.318 P 6035 541 -202 0 0 1 3 -1276 16978
17:53:21.318 P 6036 533 -193 0 0 1 3 -1354 16786
17:53:21.318 P 6037 526 -188 0 0 0 2 -1748 16774
17:53:21.318 P 6038 520 -202 0 0 1 3 -2144 16886
17:53:21.318 P 6039 510 -236 0 0 0 3 -692 16932
17:53:21.318 P 6040 502 -216 0 0 0 3 -860 16952
17:53:21.318 P 6041 495 -200 0 0 1 2 -1684 16712
17:53:21.318 P 6042 486 -231 0 0 1 3 -1328 16566
17:53:21.318 P 6043 476 -264 0 0 1 2 -768 16488
17:53:21.318 P 6044 465 -287 0 0 1 4 -480 16538
17:53:21.318 P 6045 454 -301 0 0 0 2 -468 16488
17:53:21.318 P 6046 442 -319 0 0 1 2 -546 16666
17:53:21.318 P 6047 429 -343 0 0 2 4 -262 16726
17:53:21.318 P 6048 416 -356 0 0 0 2 -330 16628
17:53:21.318 P 6049 402 -372 0 0 1 2 -320 16654
17:53:21.318 P 6050 389 -369 0 0 1 4 -738 16736
17:53:21.318 P 6051 376 -358 0 0 0 2 -658 16934
17:53:21.318 P 6052 366 -325 0 0 2 2 -1654 16688
17:53:21.318 P 6053 356 -327 0 0 1 3 -1984 16546
17:53:21.318 P 6054 344 -362 0 0 1 3 -1524 16366
17:53:21.318 P 6055 332 -374 0 0 0 2 -1318 16374
17:53:21.318 P 6056 320 -372 0 0 2 3 -1528 16448
17:53:21.318 P 6057 308 -366 0 0 1 2 -1848 16418
17:53:21.318 P 6058 297 -365 0 0 1 3 -1670 16654
17:53:21.318 P 6059 287 -337 0 0 2 3 -2074 16844
17:53:21.318 P 6060 278 -300 0 0 1 2 -2694 16872
17:53:21.318 P 6061 271 -286 0 0 1 3 -2882 16760
17:53:21.318 P 6062 262 -300 0 0 2 2 -2570 16600
17:53:21.318 P 6063 252 -345 0 0 1 3 -2266 16550
17:53:21.318 P 6064 238 -400 0 0 1 3 -400 16838
17:53:21.568 D 30400 0 -4.21 0.000 -1799 -1688 5.06
17:53:21.568 P 6065 224 -397 0 0 2 1 536 17010
17:53:21.568 P 6066 211 -364 0 0 1 3 -18 17006
17:53:21.568 P 6067 198 -348 0 0 1 3 438 16996
17:53:21.568 P 6068 185 -326 0 0 2 2 506 16838
17:53:21.568 P 6069 174 -301 0 0 2 3 40 16596
17:53:21.568 P 6070 164 -288 0 0 2 1 -484 16404
17:53:21.568 P 6071 154 -294 0 0 1 3 -568 16434
17:53:21.568 P 6072 144 -292 0 0 1 2 -1002 16356
17:53:21.568 P 6073 135 -292 0 0 2 2 -750 16616
17:53:21.568 P 6074 125 -276 0 0 1 3 -784 16704
17:53:21.568 P 6075 116 -278 0 0 2 2 -608 16862
17:53:21.568 P 6076 106 -298 0 0 2 2 -472 16860
17:53:21.568 P 6077 94 -308 0 0 1 2 292 16924
17:53:21.568 P 6078 84 -288 0 0 2 2 148 16934
17:53:21.568 P 6079 74 -272 0 0 1 2 -60 16744
17:53:21.568 P 6080 65 -264 0 0 2 2 -182 16692
17:53:21.568 P 6081 56 -252 0 0 2 2 -258 16730
17:53:21.568 P 6082 48 -239 0 0 1 2 -576 16690
17:53:21.568 P 6083 39 -247 0 0 2 2 -400 16806
17:53:21.568 P 6084 30 -248 0 0 1 2 -36 16646
17:53:21.568 P 6085 22 -235 0 0 1 2 110 16970
17:53:21.568 P 6086 14 -217 0 0 2 2 -370 16886
17:53:21.568 P 6087 6 -216 0 0 1 1 -26 16912
17:53:21.568 P 6088 0 -205 0 0 2 2 -130 16748
17:53:21.568 P 6089 -7 -201 0 0 2 2 12 16704
17:53:21.568 P 6090 -14 -192 0 0 1 1 -124 16734
17:53:21.568 P 6091 -21 -181 0 0 2 2 -68 16738
17:53:21.568 P 6092 -27 -168 0 0 1 1 -226 16798
17:53:21.568 P 6093 -33 -154 0 0 1 1 -270 16658
17:53:21.568 P 6094 -38 -150 0 0 2 2 -32 16772
17:53:21.568 P 6095 -44 -139 0 0 1 1 -48 16880
17:53:21.568 P 6096 -48 -119 0 0 1 1 -172 16792
17:53:21.568 P 6097 -52 -104 0 0 2 2 -256 16856
17:53:21.568 P 6098 -56 -91 0 0 1 1 -284 16888
17:53:21.568 P 6099 -59 -80 0 0 1 1 -464 16684
17:53:21.568 P 6100 -60 -91 0 0 1 1 -2192 16498
17:53:21.568 P 6101 -65 -167 0 0 1 1 -1160 16772
17:53:21.568 P 6102 -71 -199 0 0 1 1 -536 16954
17:53:21.568 P 6103 -78 -184 0 0 1 0 -440 16902
17:53:21.568 P 6104 -83 -173 0 0 1 1 -528 16688
17:53:21.568 P 6105 -89 -176 0 0 1 0 -568 16664
17:53:21.568 P 6106 -95 -186 0 0 1 1 -578 16580
17:53:21.568 P 6107 -101 -195 0 0 1 0 -356 16802
17:53:21.568 P 6108 -108 -196 0 0 0 1 -594 16848
17:53:21.568 P 6109 -114 -201 0 0 2 0 -438 16882
17:53:21.568 P 6110 -121 -202 0 0 0 0 12 17016
17:53:21.568 P 6111 -127 -183 0 0 1 1 -248 16600
17:53:21.568 P 6112 -133 -168 0 0 0 0 -362 16678
17:53:21.568 P 6113 -138 -157 0 0 0 0 -384 16762
17:53:21.568 P 6114 -143 -147 0 0 1 0 -572 16834
17:53:21.568 P 6115 -148 -157 0 0 0 0 -446 16882
17:53:21.802 D 30655 0 -7.40 0.000 -1799 -1688 5.06
17:53:21.802 P 6116 -153 -182 0 0 2 1 -436 16848
17:53:21.802 P 6117 -161 -216 0 0 0 0 -200 16698
17:53:21.802 P 6118 -169 -238 0 0 0 0 66 16694
17:53:21.802 P 6119 -177 -240 0 0 1 0 6 16788
17:53:21.802 P 6120 -185 -245 0 0 0 0 2 16626
17:53:21.802 P 6121 -194 -278 0 0 0 0 570 16732
17:53:21.802 P 6122 -204 -279 0 0 0 0 592 16864
17:53:21.802 P 6123 -212 -245 0 0 0 0 12 16892
17:53:21.802 P 6124 -220 -240 0 0 0 0 -180 16716
17:53:21.802 P 6125 -229 -274 0 0 0 0 82 16640
17:53:21.802 P 6126 -239 -305 0 0 0 0 172 16630
17:53:21.802 P 6127 -249 -313 0 0 -1 0 -88 16818
17:53:21.802 P 6128 -258 -320 0 0 0 0 -254 16740
17:53:21.802 P 6129 -269 -341 0 0 0 0 -70 16744
17:53:21.802 P 6130 -281 -368 0 0 0 0 94 16694
17:53:21.802 P 6131 -293 -395 0 0 0 0 -68 16692
17:53:21.802 P 6132 -306 -413 0 0 0 0 -106 16698
17:53:21.802 P 6133 -319 -430 0 0 0 0 -82 16666
17:53:21.802 P 6134 -333 -455 0 0 0 0 136 16614
17:53:21.802 P 6135 -348 -481 0 0 0 0 102 16674
17:53:21.802 P 6136 -363 -507 0 0 0 0 148 16702
17:53:21.802 P 6137 -380 -526 0 0 0 0 164 16838
17:53:21.802 P 6138 -397 -543 0 0 0 0 360 16710
17:53:21.802 P 6139 -415 -563 0 0 0 0 860 16556
17:53:21.802 P 6140 -433 -575 0 0 0 0 1284 16686
17:53:21.802 P 6141 -452 -576 0 0 0 0 1636 16738
17:53:21.802 P 6142 -472 -568 0 0 0 0 1920 16666
17:53:21.802 P 6143 -491 -554 0 0 0 0 2358 16638
17:53:21.802 P 6144 -510 -532 0 0 0 0 2720 16688
17:53:21.802 P 6145 -528 -503 0 0 0 0 2966 16722
17:53:21.802 P 6146 -545 -469 0 0 0 0 3290 16724
17:53:21.802 P 6147 -562 -425 0 0 0 0 3702 16570
17:53:21.802 P 6148 -577 -372 0 0 0 0 3866 16706
17:53:21.802 P 6149 -590 -321 0 0 0 0 3984 16684
17:53:21.802 P 6150 -602 -268 0 0 0 0 4020 16678
17:53:21.802 P 6151 -612 -211 0 0 0 0 4016 16636
17:53:21.802 P 6152 -621 -149 0 0 0 0 4186 16768
17:53:21.802 P 6153 -627 -89 0 0 0 0 4058 16600
17:53:21.802 P 6154 -632 -38 0 0 0 0 3976 16550
17:53:21.802 P 6155 -635 15 0 0 0 0 3734 16538
17:53:21.802 P 6156 -636 66 0 0 0 0 3534 16668
17:53:21.802 P 6157 -636 112 0 0 0 0 3336 16836
17:53:21.802 P 6158 -634 149 0 0 0 0 3150 16778
17:53:21.802 P 6159 -631 183 0 0 0 0 2906 16664
17:53:21.802 P 6160 -626 212 0 0 0 0 2736 16496
17:53:21.802 P 6161 -621 239 0 0 0 0 2692 16544
17:53:21.802 P 6162 -616 263 0 0 0 0 2652 16800
17:53:21.802 P 6163 -609 285 0 0 0 0 2506 16916
17:53:21.802 P 6164 -602 308 0 0 0 0 2576 16696
17:53:22.066 D 30900 0 -9.47 0.000 -1799 -1688 5.06
17:53:22.066 P 6165 -594 332 0 0 0 0 2622 16540
17:53:22.066 P 6166 -586 356 0 0 0 0 2648 16362
17:53:22.066 P 6167 -576 379 0 0 0 0 2486 16718
17:53:22.066 P 6168 -566 401 0 0 0 0 2522 16934
17:53:22.066 P 6169 -555 426 0 0 0 0 2470 16792
17:53:22.066 P 6170 -544 449 0 0 0 0 2370 16582
17:53:22.066 P 6171 -532 472 0 0 0 0 2394 16612
17:53:22.066 P 6172 -519 494 0 0 0 0 2244 16702
17:53:22.066 P 6173 -505 515 0 0 0 0 2292 16700
17:53:22.066 P 6174 -491 542 0 0 0 0 2384 16748
17:53:22.066 P 6175 -476 570 0 0 0 0 2420 16746
17:53:22.066 P 6176 -461 595 0 0 0 0 2476 16762
17:53:22.066 P 6177 -444 624 0 0 0 0 2472 16662
17:53:22.066 P 6178 -427 656 0 0 0 0 2370 16680
17:53:22.066 P 6179 -409 689 0 0 0 0 2442 16784
17:53:22.066 P 6180 -389 723 0 0 0 0 2406 16772
17:53:22.066 P 6181 -369 758 0 0 0 0 2260 16620
17:53:22.066 P 6182 -347 788 0 0 0 0 2102 16778
17:53:22.066 P 6183 -325 819 0 0 0 0 2036 16768
17:53:22.066 P 6184 -301 852 0 0 0 0 1916 16674
17:53:22.066 P 6185 -277 882 0 0 0 0 1618 16706
17:53:22.066 P 6186 -251 904 0 0 0 0 1504 16752
17:53:22.066 P 6187 -225 924 0 0 0 0 1274 16704
17:53:22.066 P 6188 -198 944 0 0 0 0 992 16554
17:53:22.066 P 6189 -171 957 0 0 0 0 882 16624
17:53:22.066 P 6190 -143 968 0 0 0 0 348 16598
17:53:22.066 P 6191 -114 967 0 0 0 0 -192 16438
17:53:22.066 P 6192 -85 954 0 0 0 0 -434 16540
17:53:22.066 P 6193 -57 944 0 0 0 0 -904 16700
17:53:22.066 P 6194 -28 926 0 0 0 0 -1284 16766
17:53:22.066 P 6195 0 896 0 0 0 0 -1570 16710
17:53:22.066 P 6196 25 861 0 0 0 0 -1836 16668
17:53:22.066 P 6197 51 824 0 0 0 0 -1742 16626
17:53:22.066 P 6198 76 791 0 0 0 0 -1784 16650
17:53:22.066 P 6199 99 761 0 0 0 0 -1654 16776
17:53:22.066 P 6200 121 733 0 0 0 0 -1410 16720
17:53:22.066 P 6201 143 709 0 0 0 0 -1854 16496
17:53:22.066 P 6202 164 673 0 0 0 0 -1414 16484
17:53:22.066 P 6203 183 654 0 0 0 0 -1484 16606
17:53:22.066 P 6204 203 638 0 0 0 0 -1738 16736
17:53:22.066 P 6205 221 609 0 0 0 0 -1618 16750
17:53:22.066 P 6206 239 583 0 0 0 0 -1680 16720
17:53:22.066 P 6207 256 560 0 0 0 0 -1790 16628
17:53:22.066 P 6208 272 537 0 0 0 0 -1850 16560
17:53:22.066 P 6209 287 513 0 0 0 0 -1904 16534
17:53:22.066 P 6210 302 490 0 0 0 0 -1894 16636
17:53:22.066 P 6211 316 467 0 0 0 0 -1940 16636
17:53:22.066 P 6212 330 446 0 0 0 0 -2030 16660
17:53:22.066 P 6213 343 423 0 0 0 0 -1996 16650
17:53:22.316 D 31145 0 -0.22 0.000 -1799 -1688 5.06
17:53:22.316 P 6214 355 400 0 0 0 0 -2002 16608
17:53:22.316 P 6215 366 377 0 0 0 0 -2004 16668
17:53:22.316 P 6216 377 356 0 0 0 0 -2046 16688
17:53:22.316 P 6217 387 336 0 0 0 0 -2080 16680
17:53:22.316 P 6218 396 314 0 0 0 0 -1992 16726
17:53:22.316 P 6219 405 294 0 0 0 0 -2090 16634
17:53:22.316 P 6220 413 274 0 0 0 0 -2096 16694
17:53:22.316 P 6221 420 255 0 0 0 0 -2072 16702
17:53:22.316 P 6222 427 236 0 0 0 0 -2012 16664
17:53:22.316 P 6223 433 220 0 0 0 0 -1908 16716
17:53:22.316 P 6224 439 205 0 0 0 0 -1840 16708
17:53:22.316 P 6225 444 193 0 0 0 0 -1940 16654
17:53:22.316 P 6226 449 178 0 0 0 0 -1822 16638
17:53:22.316 P 6227 453 165 0 0 0 0 -1858 16718
17:53:22.316 P 6228 457 155 0 0 0 0 -1858 16680
17:53:22.316 P 6229 461 143 0 0 0 0 -1848 16684
17:53:22.316 P 6230 464 132 0 0 0 0 -1858 16764
17:53:22.316 P 6231 467 119 0 0 0 0 -1912 16708
17:53:22.316 P 6232 470 106 0 0 0 0 -1934 16716
17:53:22.316 P 6233 472 93 0 0 0 0 -1966 16714
17:53:22.316 P 6234 474 81 0 0 0 0 -1880 16718
17:53:22.316 P 6235 475 69 0 0 0 0 -1930 16708
17:53:22.316 P 6236 476 57 0 0 0 0 -1946 16628
17:53:22.316 P 6237 477 44 0 0 0 0 -1992 16688
17:53:22.316 P 6238 477 31 0 0 0 0 -1914 16694
17:53:22.316 P 6239 477 17 0 0 0 0 -1970 16640
17:53:22.316 P 6240 477 4 0 0 0 0 -1940 16672
17:53:22.316 P 6241 476 -8 0 0 0 0 -1932 16684
17:53:22.316 P 6242 475 -22 0 0 0 0 -1882 16658
17:53:22.316 P 6243 473 -36 0 0 0 0 -1992 16588
17:53:22.316 P 6244 471 -51 0 0 0 0 -1926 16712
17:53:22.316 P 6245 468 -64 0 0 0 0 -1960 16716
17:53:22.316 P 6246 465 -77 0 0 0 0 -1904 16722
17:53:22.316 P 6247 462 -88 0 0 0 0 -1900 16762
17:53:22.316 P 6248 458 -103 0 0 0 0 -1828 16652
17:53:22.316 P 6249 454 -116 0 0 0 0 -1788 16608
17:53:22.316 P 6250 449 -126 0 0 0 0 -1740 16754
17:53:22.316 P 6251 444 -138 0 0 0 0 -1726 16682
17:53:22.316 P 6252 439 -149 0 0 0 0 -1698 16758
17:53:22.316 P 6253 433 -159 0 0 0 0 -1664 16786
17:53:22.316 P 6254 427 -168 0 0 0 0 -1686 16680
17:53:22.316 P 6255 421 -179 0 0 0 0 -1626 16632
17:53:22.316 P 6256 415 -188 0 0 0 0 -1622 16658
17:53:22.316 P 6257 408 -198 0 0 0 0 -1588 16820
17:53:22.316 P 6258 401 -207 0 0 0 0 -1536 16688
17:53:22.316 P 6259 393 -214 0 0 0 0 -1452 16686
17:53:22.316 P 6260 385 -223 0 0 0 0 -1360 16786
17:53:22.316 P 6261 377 -230 0 0 0 0 -1296 16686
17:53:22.316 P 6262 369 -234 0 0 0 0 -1208 16698
17:53:22.316 P 6263 361 -236 0 0 0 0 -1084 16690
17:53:22.550 D 31395 0 -2.41 0.000 -1799 -1688 5.06
17:53:22.550 P 6264 352 -235 0 0 0 0 -960 16746
17:53:22.550 P 6265 344 -234 0 0 0 0 -842 16690
17:53:22.550 P 6266 335 -232 0 0 0 0 -818 16794
17:53:22.550 P 6267 327 -228 0 0 0 0 -702 16752
17:53:22.550 P 6268 319 -221 0 0 0 0 -720 16658
17:53:22.550 P 6269 310 -218 0 0 0 0 -650 16726
17:53:22.550 P 6270 302 -212 0 0 0 0 -640 16720
17:53:22.550 P 6271 295 -206 0 0 0 0 -642 16730
17:53:22.550 P 6272 287 -201 0 0 0 0 -670 16762
17:53:22.550 P 6273 280 -196 0 0 0 0 -654 16732
17:53:22.550 P 6274 272 -191 0 0 0 0 -602 16730
17:53:22.550 P 6275 265 -186 0 0 0 0 -640 16698
17:53:22.550 P 6276 258 -182 0 0 0 0 -588 16758
17:53:22.550 P 6277 251 -181 0 0 0 0 -618 16714
17:53:22.550 P 6278 245 -178 0 0 0 0 -676 16758
17:53:22.550 P 6279 238 -178 0 0 0 0 -614 16710
17:53:22.550 P 6280 231 -177 0 0 0 0 -694 16688
17:53:22.550 P 6281 225 -175 0 0 0 0 -650 16872
17:53:22.550 P 6282 218 -177 0 0 0 0 -622 16686
17:53:22.550 P 6283 211 -177 0 0 0 0 -602 16620
17:53:22.550 P 6284 205 -175 0 0 0 0 -614 16686
17:53:22.550 P 6285 198 -176 0 0 0 0 -596 16770
17:53:22.550 P 6286 192 -177 0 0 0 0 -568 16622
17:53:22.550 P 6287 185 -177 0 0 0 0 -492 16786
17:53:22.550 P 6288 178 -177 0 0 0 0 -506 16702
17:53:22.550 P 6289 172 -177 0 0 0 0 -484 16706
17:53:22.550 P 6290 165 -177 0 0 0 0 -412 16812
17:53:22.550 P 6291 158 -176 0 0 0 0 -390 16804
17:53:22.550 P 6292 152 -176 0 0 0 0 -404 16734
17:53:22.550 P 6293 145 -173 0 0 0 0 -290 16750
17:53:22.550 P 6294 138 -171 0 0 0 0 -216 16872
17:53:22.550 P 6295 132 -168 0 0 0 0 -198 16750
17:53:22.550 P 6296 125 -163 0 0 0 0 -256 16810
17:53:22.550 P 6297 119 -159 0 0 0 0 -156 16734
17:53:22.550 P 6298 113 -155 0 0 0 0 -116 16930
17:53:22.550 P 6299 107 -149 0 0 0 0 -102 16784
17:53:22.550 P 6300 101 -143 0 0 0 0 -30 16690
17:53:22.550 P 6301 95 -134 0 0 0 0 -8 16708
17:53:22.550 P 6302 90 -129 0 0 0 0 42 16786
17:53:22.550 P 6303 85 -122 0 0 0 0 -10 16744
17:53:22.550 P 6304 79 -113 0 0 0 0 96 16784
17:53:22.550 P 6305 75 -105 0 0 0 0 102 16740
17:53:22.550 P 6306 70 -97 0 0 0 0 112 16796
17:53:22.550 P 6307 66 -88 0 0 0 0 86 16820
17:53:22.550 P 6308 62 -81 0 0 0 0 96 16830
17:53:22.550 P 6309 58 -73 0 0 0 0 132 16794
17:53:22.752 D 31625 0 -4.86 0.000 -1799 -1688 5.06
17:53:22.752 P 6310 54 -66 0 0 0 0 64 16782
17:53:22.752 P 6311 51 -59 0 0 0 0 96 16840
17:53:22.752 P 6312 48 -54 0 0 0 0 72 16718
17:53:22.752 P 6313 45 -47 0 0 0 0 88 16712
17:53:22.752 P 6314 42 -44 0 0 0 0 -58 16662
17:53:22.752 P 6315 40 -40 0 0 0 0 -18 16830
17:53:22.752 P 6316 37 -36 0 0 0 0 -28 16772
17:53:22.752 P 6317 35 -33 0 0 0 0 -96 16772
17:53:22.752 P 6318 33 -33 0 0 0 0 -134 16774
17:53:22.752 P 6319 31 -31 0 0 0 0 -110 16850
17:53:22.752 P 6320 29 -30 0 0 0 0 -190 16762
17:53:22.752 P 6321 27 -31 0 0 0 0 -142 16700
17:53:22.752 P 6322 24 -33 0 0 0 0 -166 16716
17:53:22.752 P 6323 22 -33 0 0 0 0 -214 16764
17:53:22.752 P 6324 20 -36 0 0 0 0 -162 16854
17:53:22.752 P 6325 18 -39 0 0 0 0 -162 16770
17:53:22.752 P 6326 15 -41 0 0 0 0 -202 16706
17:53:22.752 P 6327 13 -44 0 0 0 0 -206 16788
17:53:22.752 P 6328 11 -45 0 0 0 0 -172 16770
17:53:22.752 P 6329 8 -47 0 0 0 0 -142 16888
17:53:22.752 P 6330 5 -49 0 0 0 0 -144 16784
17:53:22.752 P 6331 3 -51 0 0 0 0 -126 16694
17:53:22.752 P 6332 0 -54 0 0 0 0 -122 16750
17:53:22.752 P 6333 -2 -57 0 0 0 0 -184 16758
17:53:22.752 P 6334 -5 -59 0 0 0 0 -214 16754
17:53:22.752 P 6335 -7 -65 0 0 0 0 -226 16718
17:53:22.752 P 6336 -11 -71 0 0 0 0 -248 16736
17:53:22.752 P 6337 -14 -76 0 0 0 0 -232 16760
17:53:22.752 P 6338 -17 -83 0 0 0 0 -304 16762
17:53:22.752 P 6339 -21 -89 0 0 0 0 -202 16738
17:53:22.752 P 6340 -25 -95 0 0 0 0 -220 16750
17:53:22.752 P 6341 -29 -105 0 0 0 0 -178 16762
17:53:22.752 P 6342 -33 -112 0 0 0 0 -160 16794
17:53:22.752 P 6343 -38 -118 0 0 0 0 -198 16824
17:53:22.752 P 6344 -42 -126 0 0 0 0 -188 16730
17:53:22.752 P 6345 -47 -133 0 0 0 0 -164 16832
17:53:22.752 P 6346 -52 -141 0 0 0 0 -186 16736
17:53:22.752 P 6347 -58 -149 0 0 0 0 -68 16764
17:53:22.752 P 6348 -64 -157 0 0 0 0 -102 16734
17:53:22.752 P 6349 -70 -164 0 0 0 0 -60 16756
17:53:22.752 P 6350 -76 -172 0 0 0 0 -100 16820
17:53:22.752 P 6351 -82 -178 0 0 0 0 -72 16788
17:53:23.000 D 31835 0 -7.04 0.000 -1799 -1688 5.06
17:53:23.000 P 6352 -89 -185 0 0 0 0 -24 16820
17:53:23.000 P 6353 -95 -195 0 0 0 0 -102 16728
17:53:23.000 P 6354 -102 -201 0 0 0 0 34 16778
17:53:23.000 P 6355 -110 -208 0 0 0 0 44 16756
17:53:23.000 P 6356 -117 -215 0 0 0 0 108 16770
17:53:23.000 P 6357 -125 -220 0 0 0 0 100 16772
17:53:23.000 P 6358 -133 -228 0 0 0 0 136 16752
17:53:23.000 P 6359 -141 -233 0 0 0 0 210 16754
17:53:23.000 P 6360 -149 -239 0 0 0 0 252 16710
17:53:23.000 P 6361 -158 -244 0 0 0 0 258 16678
17:53:23.000 P 6362 -166 -250 0 0 0 0 238 16802
17:53:23.000 P 6363 -175 -255 0 0 0 0 324 16746
17:53:23.000 P 6364 -184 -262 0 0 0 0 390 16734
17:53:23.000 P 6365 -193 -266 0 0 0 0 308 16742
17:53:23.000 P 6366 -202 -273 0 0 0 0 254 16832
17:53:23.000 P 6367 -212 -283 0 0 0 0 356 16700
17:53:23.000 P 6368 -222 -287 0 0 0 0 424 16724
17:53:23.000 P 6369 -231 -291 0 0 0 0 488 16696
17:53:23.000 P 6370 -241 -295 0 0 0 0 572 16744
17:53:23.000 P 6371 -252 -302 0 0 0 0 646 16748
17:53:23.000 P 6372 -262 -301 0 0 0 0 838 16706
17:53:23.000 P 6373 -273 -298 0 0 0 0 880 16716
17:53:23.000 P 6374 -283 -296 0 0 0 0 1046 16726
17:53:23.000 P 6375 -294 -294 0 0 0 0 1214 16802
17:53:23.000 P 6376 -304 -287 0 0 0 0 1310 16860
17:53:23.000 P 6377 -314 -275 0 0 0 0 1438 16698
17:53:23.000 P 6378 -324 -264 0 0 0 0 1472 16726
17:53:23.000 P 6379 -334 -252 0 0 0 0 1484 16726
17:53:23.000 P 6380 -343 -239 0 0 0 0 1602 16620
17:53:23.000 P 6381 -352 -224 0 0 0 0 1584 16804
17:53:23.000 P 6382 -360 -213 0 0 0 0 1516 16780
17:53:23.000 P 6383 -368 -201 0 0 0 0 1532 16730
17:53:23.000 P 6384 -375 -188 0 0 0 0 1484 16816
17:53:23.000 P 6385 -382 -177 0 0 0 0 1512 16718
17:53:23.000 P 6386 -389 -167 0 0 0 0 1528 16614
17:53:23.000 P 6387 -396 -158 0 0 0 0 1562 16678
17:53:23.000 P 6388 -402 -149 0 0 0 0 1504 16832
17:53:23.000 P 6389 -408 -140 0 0 0 0 1472 16724
17:53:23.000 P 6390 -413 -132 0 0 0 0 1536 16738
17:53:23.000 P 6391 -418 -124 0 0 0 0 1430 16718
17:53:23.000 P 6392 -423 -118 0 0 0 0 1416 16704
17:53:23.000 P 6393 -428 -113 0 0 0 0 1440 16864
17:53:23.000 P 6394 -433 -108 0 0 0 0 1470 16418
17:53:23.000 P 6395 -438 -104 0 0 0 0 1676 16460
17:53:23.000 P 6396 -443 -93 0 0 0 0 1948 16834
17:53:23.000 P 6397 -447 -76 0 0 0 0 2046 17020
17:53:23.000 P 6398 -451 -60 0 0 0 0 2304 16928
17:53:23.000 P 6399 -455 -34 0 0 0 0 2478 16864
17:53:23.000 P 6400 -458 -2 0 0 0 0 2562 16564
17:53:23.000 P 6401 -459 28 0 0 0 0 2610 16594
17:53:23.250 D 32085 0 -9.18 0.000 -1799 -1688 5.06
17:53:23.250 P 6402 -460 59 0 0 0 0 2728 16682
17:53:23.250 P 6403 -460 93 0 0 0 0 2754 16996
17:53:23.250 P 6404 -459 129 0 0 0 0 2668 16808
17:53:23.250 P 6405 -457 165 0 0 0 0 2620 16720
17:53:23.250 P 6406 -454 196 0 0 0 0 2522 16700
17:53:23.250 P 6407 -449 227 0 0 0 0 2352 16704
17:53:23.250 P 6408 -444 252 0 0 0 0 2168 16780
17:53:23.250 P 6409 -437 278 0 0 0 0 2122 16718
17:53:23.250 P 6410 -430 304 0 0 0 0 2056 16812
17:53:23.250 P 6411 -422 325 0 0 0 0 2022 16760
17:53:23.250 P 6412 -414 346 0 0 0 0 1892 16746
17:53:23.250 P 6413 -405 367 0 0 0 0 1898 16654
17:53:23.250 P 6414 -395 383 0 0 0 0 1348 16702
17:53:23.250 P 6415 -385 391 0 0 0 0 1662 16682
17:53:23.250 P 6416 -374 411 0 0 0 0 1450 16964
17:53:23.250 P 6417 -363 420 0 0 0 0 1388 16888
17:53:23.250 P 6418 -352 424 0 0 0 0 1490 16662
17:53:23.250 P 6419 -340 442 0 0 0 0 1360 16564
17:53:23.250 P 6420 -327 457 0 0 0 0 1192 16650
17:53:23.250 P 6421 -315 465 0 0 0 0 1320 16736
17:53:23.250 P 6422 -302 475 0 0 0 0 1288 16912
17:53:23.250 P 6423 -289 487 0 0 0 0 1254 16820
17:53:23.250 P 6424 -276 501 0 0 0 0 1286 16678
17:53:23.250 P 6425 -261 513 0 0 0 0 800 16646
17:53:23.250 P 6426 -246 512 0 0 0 0 228 16718
17:53:23.250 P 6427 -232 494 0 0 0 0 -120 16780
17:53:23.250 P 6428 -218 470 0 0 0 0 -216 16612
17:53:23.250 P 6429 -205 438 0 0 0 0 6 16444
17:53:23.250 P 6430 -193 413 0 0 0 0 182 16436
17:53:23.250 P 6431 -182 396 0 0 0 0 216 16720
17:53:23.250 P 6432 -171 384 0 0 0 0 310 16942
17:53:23.250 P 6433 -161 377 0 0 0 0 418 16860
17:53:23.250 P 6434 -151 376 0 0 0 0 126 16700
17:53:23.250 P 6435 -140 370 0 0 0 0 -136 16676
17:53:23.250 P 6436 -130 355 0 0 0 0 -80 16632
17:53:23.250 P 6437 -120 357 0 0 0 0 -66 16696
17:53:23.250 P 6438 -107 409 0 0 0 0 -864 16760
17:53:23.250 P 6439 -95 415 0 0 0 0 -732 16790
17:53:23.250 P 6440 -84 379 0 0 0 0 -210 16746
17:53:23.250 P 6441 -74 348 0 0 0 0 -410 16854
17:53:23.250 P 6442 -64 333 0 0 0 0 -346 16810
17:53:23.250 P 6443 -55 335 0 0 0 0 -44 16740
17:53:23.250 P 6444 -46 342 0 0 0 0 58 16750
17:53:23.250 P 6445 -37 330 0 0 0 0 60 16790
17:53:23.250 P 6446 -29 318 0 0 0 0 36 16696
17:53:23.250 P 6447 -20 322 0 0 0 0 16 16708
17:53:23.250 P 6448 -11 329 0 0 0 0 -142 16574
17:53:23.450 D 32320 0 -4.02 0.000 -1799 -1688 5.06
17:53:23.450 P 6449 -2 331 0 0 0 0 132 16678
17:53:23.450 P 6450 5 329 0 0 0 0 -90 16948
17:53:23.450 P 6451 14 320 0 0 0 0 -132 17150
17:53:23.450 P 6452 23 320 0 0 0 0 -316 16802
17:53:23.450 P 6453 32 319 0 0 0 0 -638 16506
17:53:23.450 P 6454 41 306 0 0 0 0 -828 16526
17:53:23.450 P 6455 49 291 0 0 0 0 -846 16418
17:53:23.450 P 6456 57 276 0 0 0 0 -1056 16694
17:53:23.450 P 6457 65 257 0 0 0 0 -1232 16870
17:53:23.450 P 6458 72 233 0 0 0 0 -1300 16776
17:53:23.450 P 6459 79 207 0 0 0 0 -1472 16682
17:53:23.450 P 6460 84 179 0 0 0 0 -1648 16662
17:53:23.450 P 6461 89 148 0 0 0 0 -1736 16664
17:53:23.450 P 6462 93 115 0 0 0 0 -1750 16734
17:53:23.450 P 6463 96 79 0 0 0 0 -1864 16778
17:53:23.450 P 6464 98 46 0 0 0 0 -1780 16674
17:53:23.450 P 6465 99 9 0 0 0 0 -1672 16780
17:53:23.450 P 6466 98 -24 0 0 0 0 -1458 16746
17:53:23.450 P 6467 96 -54 0 0 0 0 -1394 16686
17:53:23.450 P 6468 94 -81 0 0 0 0 -1236 16792
17:53:23.450 P 6469 90 -105 0 0 0 0 -1044 16766
17:53:23.450 P 6470 86 -124 0 0 0 0 -922 16674
17:53:23.450 P 6471 81 -140 0 0 0 0 -900 16752
17:53:23.450 P 6472 76 -156 0 0 0 0 -808 16652
17:53:23.450 P 6473 70 -176 0 0 0 0 -820 16684
17:53:23.450 P 6474 64 -192 0 0 0 0 -820 16664
17:53:23.450 P 6475 57 -206 0 0 0 0 -496 16822
17:53:23.450 P 6476 48 -209 0 0 0 0 490 17002
17:53:23.450 P 6477 40 -181 0 0 0 0 1094 16574
17:53:23.450 P 6478 33 -151 0 0 0 0 982 16388
17:53:23.450 P 6479 26 -134 0 0 0 0 1026 17012
17:53:23.450 P 6480 21 -118 0 0 0 0 706 17202
17:53:23.450 P 6481 15 -106 0 0 0 0 714 17038
17:53:23.450 P 6482 10 -92 0 0 0 0 802 16872
17:53:23.450 P 6483 6 -64 0 0 0 0 776 16570
17:53:23.450 P 6484 3 -40 0 0 0 0 710 16446
17:53:23.450 P 6485 0 -29 0 0 0 0 736 16886
17:53:23.450 P 6486 -1 -13 0 0 0 0 806 16980
17:53:23.450 P 6487 -3 9 0 0 0 0 956 17004
17:53:23.450 P 6488 -5 38 0 0 0 0 1064 16908
17:53:23.450 P 6489 -5 67 0 0 0 0 1194 16710
17:53:23.450 P 6490 -5 97 0 0 0 0 1224 16634
17:53:23.682 D 32530 0 -4.32 0.000 -1799 -1688 5.06
17:53:23.682 P 6491 -3 129 0 0 0 0 1096 16814
17:53:23.682 P 6492 -1 161 0 0 0 0 1052 16962
17:53:23.682 P 6493 1 194 0 0 0 0 1080 16910
17:53:23.682 P 6494 6 227 0 0 0 0 1054 16880
17:53:23.682 P 6495 11 256 0 0 0 0 992 16826
17:53:23.682 P 6496 18 282 0 0 0 0 866 16624
17:53:23.682 P 6497 25 304 0 0 0 0 762 16804
17:53:23.682 P 6498 32 321 0 0 0 0 750 16802
17:53:23.682 P 6499 40 333 0 0 0 0 606 16862
17:53:23.682 P 6500 49 346 0 0 0 0 592 16812
17:53:23.682 P 6501 58 356 0 0 0 0 430 16770
17:53:23.682 P 6502 67 367 0 0 0 0 344 16860
17:53:23.682 P 6503 77 382 0 0 0 0 76 16806
17:53:23.682 P 6504 88 396 0 0 0 0 -166 16758
17:53:23.682 P 6505 99 403 0 0 0 0 -220 16566
17:53:23.682 P 6506 110 410 0 0 0 0 -36 16772
17:53:23.682 P 6507 121 416 0 0 0 0 -280 16768
17:53:23.682 P 6508 132 414 0 0 0 0 -372 16658
17:53:23.682 P 6509 144 415 0 0 0 0 -368 16680
17:53:23.682 P 6510 155 425 0 0 0 0 -670 16682
17:53:23.682 P 6511 167 421 0 0 0 0 -770 16640
17:53:23.682 P 6512 179 410 0 0 0 0 -866 16748
17:53:23.682 P 6513 191 404 0 0 0 0 -1104 16786
17:53:23.682 P 6514 202 399 0 0 0 0 -1340 16716
17:53:23.682 P 6515 214 381 0 0 0 0 -1564 16722
17:53:23.682 P 6516 225 357 0 0 0 0 -1708 16686
17:53:23.682 P 6517 235 334 0 0 0 0 -1774 16632
17:53:23.682 P 6518 244 311 0 0 0 0 -1746 16546
17:53:23.682 P 6519 253 289 0 0 0 0 -1654 16636
17:53:23.682 P 6520 261 268 0 0 0 0 -1554 16692
17:53:23.682 P 6521 268 248 0 0 0 0 -1516 16774
17:53:23.682 P 6522 274 227 0 0 0 0 -1568 16820
17:53:23.682 P 6523 280 213 0 0 0 0 -1504 16764
17:53:23.682 P 6524 286 198 0 0 0 0 -1296 16544
17:53:23.682 P 6525 291 190 0 0 0 0 -1366 16632
17:53:23.682 P 6526 295 177 0 0 0 0 -1114 16440
17:53:23.682 P 6527 299 165 0 0 0 0 -1284 16748
17:53:23.682 P 6528 302 150 0 0 0 0 -508 16534
17:53:23.682 P 6529 304 166 0 0 0 0 582 16892
17:53:23.682 P 6530 309 216 0 0 0 0 -348 17000
17:53:23.682 P 6531 313 218 0 0 0 0 214 17074
17:53:23.682 P 6532 317 225 0 0 0 0 560 16944
17:53:23.682 P 6533 323 263 0 0 0 0 50 16832
17:53:23.682 P 6534 331 293 0 0 0 0 -1208 16762
17:53:23.682 P 6535 338 290 0 0 0 0 -884 16494
17:53:23.682 P 6536 345 297 0 0 0 0 -496 16692
17:53:23.934 D 32760 0 -0.67 0.000 -1799 -1688 5.06
17:53:23.934 P 6537 353 307 0 0 0 0 -1050 16806
17:53:23.934 P 6538 362 301 0 0 0 0 -1476 16952
17:53:23.934 P 6539 370 297 0 0 0 0 -1538 16744
17:53:23.934 P 6540 378 293 0 0 0 0 -1696 16780
17:53:23.934 P 6541 387 278 0 0 0 0 -1870 16388
17:53:23.934 P 6542 393 254 0 0 0 0 -1400 16416
17:53:23.934 P 6543 401 249 0 0 0 0 -2270 16926
17:53:23.934 P 6544 407 228 0 0 0 0 -1900 16888
17:53:23.934 P 6545 414 218 0 0 0 0 -1878 16538
17:53:23.934 P 6546 419 200 0 0 0 0 -1828 16610
17:53:23.934 P 6547 424 183 0 0 0 0 -1712 16666
17:53:23.934 P 6548 429 171 0 0 0 0 -1796 16718
17:53:23.934 P 6549 433 160 0 0 0 0 -1880 16704
17:53:23.934 P 6550 437 147 0 0 0 0 -1776 16702
17:53:23.934 P 6551 440 133 0 0 0 0 -1666 16716
17:53:23.934 P 6552 443 123 0 0 0 0 -1724 16644
17:53:23.934 P 6553 445 112 0 0 0 0 -1706 16738
17:53:23.934 P 6554 447 105 0 0 0 0 -1330 16716
17:53:23.934 P 6555 450 104 0 0 0 0 -1516 16664
17:53:23.934 P 6556 451 100 0 0 0 0 -1370 16646
17:53:23.934 P 6557 453 98 0 0 0 0 -1306 16806
17:53:23.934 P 6558 455 101 0 0 0 0 -938 16696
17:53:23.934 P 6559 456 108 0 0 0 0 -890 16670
17:53:23.934 P 6560 458 115 0 0 0 0 -1060 16706
17:53:23.934 P 6561 460 122 0 0 0 0 -924 16792
17:53:23.934 P 6562 462 130 0 0 0 0 -1026 16754
17:53:23.934 P 6563 465 141 0 0 0 0 -1042 16664
17:53:23.934 P 6564 468 151 0 0 0 0 -774 16718
17:53:23.934 P 6565 471 164 0 0 0 0 -1052 16636
17:53:23.934 P 6566 475 172 0 0 0 0 -852 16668
17:53:23.934 P 6567 478 184 0 0 0 0 -944 16766
17:53:23.934 P 6568 483 194 0 0 0 0 -978 16772
17:53:23.934 P 6569 487 208 0 0 0 0 -1108 16700
17:53:23.934 P 6570 492 219 0 0 0 0 -1026 16658
17:53:23.934 P 6571 498 229 0 0 0 0 -1152 16720
17:53:23.934 P 6572 503 235 0 0 0 0 -1240 16756
17:53:23.934 P 6573 509 241 0 0 0 0 -1620 16600
17:53:23.934 P 6574 516 242 0 0 0 0 -1422 16730
17:53:23.934 P 6575 522 251 0 0 0 0 -1576 16668
17:53:23.934 P 6576 528 251 0 0 0 0 -1612 16790
17:53:23.934 P 6577 535 244 0 0 0 0 -1654 16628
17:53:23.934 P 6578 541 243 0 0 0 0 -1696 16636
17:53:23.934 P 6579 548 246 0 0 0 0 -1858 16764
17:53:23.934 P 6580 554 240 0 0 0 0 -1978 16684
17:53:23.934 P 6581 560 232 0 0 0 0 -1852 16586
17:53:23.934 P 6582 566 225 0 0 0 0 -2052 16562
17:53:23.934 P 6583 572 215 0 0 0 0 -2124 16644
17:53:23.934 P 6584 577 203 0 0 0 0 -2206 16716
17:53:23.934 P 6585 583 192 0 0 0 0 -2332 16708
17:53:24.167 D 33005 0 0.76 0.000 -1799 -1688 5.06
17:53:24.167 P 6586 588 172 0 0 0 0 -2880 16618
17:53:24.167 P 6587 592 143 0 0 0 0 -2788 16566
17:53:24.167 P 6588 596 119 0 0 0 0 -2962 16510
17:53:24.167 P 6589 599 92 0 0 0 0 -3078 16594
17:53:24.167 P 6590 601 57 0 0 0 0 -2960 16560
17:53:24.167 P 6591 602 27 0 0 0 0 -2946 16646
17:53:24.167 P 6592 602 -2 0 0 0 0 -2794 16676
17:53:24.167 P 6593 600 -27 0 0 0 0 -2350 16640
17:53:24.167 P 6594 598 -40 0 0 0 0 -2008 16722
17:53:24.167 P 6595 596 -47 0 0 0 0 -1810 16824
17:53:24.167 P 6596 593 -54 0 0 0 0 -1656 16720
17:53:24.167 P 6597 590 -56 0 0 0 0 -1958 16578
17:53:24.167 P 6598 587 -59 0 0 0 0 -1388 16798
17:53:24.167 P 6599 584 -43 0 0 0 0 -1416 16750
17:53:24.167 P 6600 581 -33 0 0 0 0 -1388 16690
17:53:24.167 P 6601 578 -34 0 0 0 0 -1134 16654
17:53:24.167 P 6602 576 -25 0 0 0 0 -1166 16688
17:53:24.167 P 6603 574 -12 0 0 0 0 -1226 16704
17:53:24.167 P 6604 572 -1 0 0 0 0 -1042 16746
17:53:24.167 P 6605 570 15 0 0 0 0 -1012 16754
17:53:24.167 P 6606 569 31 0 0 0 0 -1056 16748
17:53:24.167 P 6607 568 43 0 0 0 0 -970 16726
17:53:24.167 P 6608 568 58 0 0 0 0 -932 16686
17:53:24.167 P 6609 568 79 0 0 0 0 -908 16718
17:53:24.167 P 6610 569 96 0 0 0 0 -942 16706
17:53:24.167 P 6611 570 115 0 0 0 0 -712 16724
17:53:24.167 P 6612 572 142 0 0 0 0 -566 16702
17:53:24.167 P 6613 575 170 0 0 0 0 -470 16778
17:53:24.167 P 6614 578 199 0 0 0 0 -474 16692
17:53:24.167 P 6615 583 229 0 0 0 0 -544 16776
17:53:24.167 P 6616 588 258 0 0 0 0 -666 16712
17:53:24.167 P 6617 594 280 0 0 0 0 -730 16808
17:53:24.167 P 6618 601 305 0 0 0 0 -810 16694
17:53:24.167 P 6619 609 329 0 0 0 0 -1008 16722
17:53:24.167 P 6620 617 350 0 0 0 0 -974 16574
17:53:24.167 P 6621 626 373 0 0 0 0 -776 16710
17:53:24.167 P 6622 636 402 0 0 0 0 -842 16732
17:53:24.167 P 6623 647 424 0 0 0 0 -906 16746
17:53:24.167 P 6624 658 447 0 0 0 0 -938 16754
17:53:24.167 P 6625 670 471 0 0 0 0 -1228 16714
17:53:24.167 P 6626 683 491 0 0 0 0 -1556 16566
17:53:24.167 P 6627 697 503 0 0 0 0 -1752 16618
17:53:24.167 P 6628 711 513 0 0 0 0 -1890 16656
17:53:24.167 P 6629 726 517 0 0 0 0 -2260 16634
17:53:24.167 P 6630 741 516 0 0 0 0 -2302 16628
17:53:24.167 P 6631 755 513 0 0 0 0 -2490 16558
17:53:24.167 P 6632 770 508 0 0 0 0 -2572 16470
17:53:24.417 D 33240 0 4.25 0.000 -1799 -1688 5.06
17:53:24.417 P 6633 785 503 0 0 0 0 -2782 16432
17:53:24.417 P 6634 799 491 0 0 0 0 -2930 16572
17:53:24.417 P 6635 813 477 0 0 0 0 -3112 16492
17:53:24.417 P 6636 827 464 0 0 0 0 -3126 16534
17:53:24.417 P 6637 840 448 0 0 0 0 -3258 16426
17:53:24.417 P 6638 853 430 0 0 0 0 -3256 16462
17:53:24.417 P 6639 865 410 0 0 0 0 -3290 16468
17:53:24.417 P 6640 876 392 0 0 0 0 -3328 16420
17:53:24.417 P 6641 888 376 0 0 0 0 -3362 16400
17:53:24.417 P 6642 898 358 0 0 0 0 -3338 16470
17:53:24.417 P 6643 908 341 0 0 0 0 -3258 16520
17:53:24.417 P 6644 917 325 0 0 0 0 -3250 16518
17:53:24.417 P 6645 926 313 0 0 0 0 -3076 16490
17:53:24.417 P 6646 934 305 0 0 0 0 -3024 16516
17:53:24.417 P 6647 942 299 0 0 0 0 -2844 16538
17:53:24.417 P 6648 950 298 0 0 0 0 -2742 16560
17:53:24.417 P 6649 958 298 0 0 0 0 -2744 16526
17:53:24.417 P 6650 966 298 0 0 0 0 -2730 16508
17:53:24.417 P 6651 973 301 0 0 0 0 -2718 16468
17:53:24.417 P 6652 981 305 0 0 0 0 -2894 16486
17:53:24.417 P 6653 989 304 0 0 0 0 -2894 16556
17:53:24.417 P 6654 998 301 0 0 0 0 -3084 16470
17:53:24.417 P 6655 1006 297 0 0 0 0 -3232 16444
17:53:24.417 P 6656 1014 290 0 0 0 0 -3428 16462
17:53:24.417 P 6657 1022 278 0 0 0 0 -3658 16404
17:53:24.417 P 6658 1029 263 0 0 0 0 -3724 16350
17:53:24.417 P 6659 1037 246 0 0 0 0 -3808 16328
17:53:24.417 P 6660 1043 226 0 0 0 0 -3890 16318
17:53:24.417 P 6661 1049 206 0 0 0 0 -3914 16330
17:53:24.417 P 6662 1055 186 0 0 0 0 -3888 16330
17:53:24.417 P 6663 1059 166 0 0 0 0 -3908 16384
17:53:24.417 P 6664 1063 144 0 0 0 0 -3918 16360
17:53:24.417 P 6665 1067 124 0 0 0 0 -3856 16350
17:53:24.417 P 6666 1070 105 0 0 0 0 -3826 16392
17:53:24.417 P 6667 1072 88 0 0 0 0 -3800 16442
17:53:24.417 P 6668 1073 71 0 0 0 0 -3728 16426
17:53:24.417 P 6669 1074 54 0 0 0 0 -3644 16396
17:53:24.417 P 6670 1075 42 0 0 0 0 -3680 16402
17:53:24.417 P 6671 1075 27 0 0 0 0 -3620 16392
17:53:24.417 P 6672 1075 15 0 0 0 0 -3598 16400
17:53:24.417 P 6673 1074 3 0 0 0 0 -3596 16354
17:53:24.417 P 6674 1073 -9 0 0 0 0 -3592 16410
17:53:24.417 P 6675 1072 -20 0 0 0 0 -3524 16420
17:53:24.417 P 6676 1070 -31 0 0 0 0 -3466 16532
17:53:24.417 P 6677 1068 -40 0 0 0 0 -3392 16474
17:53:24.417 P 6678 1066 -50 0 0 0 0 -3400 16474
17:53:24.417 P 6679 1063 -59 0 0 0 0 -3344 16510
17:53:24.417 P 6680 1060 -67 0 0 0 0 -3378 16446
17:53:24.417 P 6681 1057 -75 0 0 0 0 -3372 16512
17:53:24.417 P 6682 1053 -82 0 0 0 0 -3366 16424
17:53:24.417 P 6683 1050 -89 0 0 0 0 -3224 16448
17:53:24.665 D 33495 0 4.81 0.000 -1799 -1688 5.06
17:53:24.665 P 6684 1046 -96 0 0 0 0 -3192 16484
17:53:24.665 P 6685 1041 -99 0 0 0 0 -3100 16454
17:53:24.665 P 6686 1037 -102 0 0 0 0 -2964 16462
17:53:24.665 P 6687 1033 -101 0 0 0 0 -2854 16620
17:53:24.665 P 6688 1028 -99 0 0 0 0 -2784 16594
17:53:24.665 P 6689 1024 -95 0 0 0 0 -2704 16512
17:53:24.665 P 6690 1019 -87 0 0 0 0 -2648 16528
17:53:24.665 P 6691 1015 -78 0 0 0 0 -2598 16566
17:53:24.665 P 6692 1011 -73 0 0 0 0 -2544 16442
17:53:24.665 P 6693 1008 -65 0 0 0 0 -2450 16486
17:53:24.665 P 6694 1004 -56 0 0 0 0 -2440 16568
17:53:24.665 P 6695 1001 -45 0 0 0 0 -2442 16588
17:53:24.665 P 6696 998 -31 0 0 0 0 -2416 16538
17:53:24.665 P 6697 996 -21 0 0 0 0 -2308 16596
17:53:24.665 P 6698 994 -10 0 0 0 0 -2350 16688
17:53:24.665 P 6699 992 2 0 0 0 0 -2314 16446
17:53:24.665 P 6700 990 16 0 0 0 0 -2328 16586
17:53:24.665 P 6701 989 28 0 0 0 0 -2446 16662
17:53:24.665 P 6702 989 40 0 0 0 0 -2394 16368
17:53:24.665 P 6703 989 50 0 0 0 0 -2544 16492
17:53:24.665 P 6704 989 58 0 0 0 0 -2646 16542
17:53:24.665 P 6705 990 64 0 0 0 0 -2642 16446
17:53:24.665 P 6706 990 67 0 0 0 0 -2760 16526
17:53:24.665 P 6707 991 71 0 0 0 0 -2832 16476
17:53:24.665 P 6708 992 73 0 0 0 0 -2928 16532
17:53:24.665 P 6709 993 71 0 0 0 0 -2918 16504
17:53:24.665 P 6710 994 70 0 0 0 0 -2904 16492
17:53:24.665 P 6711 995 69 0 0 0 0 -2916 16494
17:53:24.665 P 6712 996 67 0 0 0 0 -2906 16472
17:53:24.665 P 6713 997 66 0 0 0 0 -2978 16516
17:53:24.665 P 6714 997 64 0 0 0 0 -2982 16580
17:53:24.665 P 6715 998 61 0 0 0 0 -3052 16454
17:53:24.665 P 6716 999 62 0 0 0 0 -3060 16588
17:53:24.665 P 6717 1000 56 0 0 0 0 -3124 16458
17:53:24.665 P 6718 1000 49 0 0 0 0 -3130 16434
17:53:24.665 P 6719 1001 45 0 0 0 0 -3158 16534
17:53:24.665 P 6720 1001 38 0 0 0 0 -3194 16534
17:53:24.665 P 6721 1001 32 0 0 0 0 -3216 16438
17:53:24.665 P 6722 1001 25 0 0 0 0 -3248 16510
17:53:24.665 P 6723 1000 17 0 0 0 0 -3334 16532
17:53:24.665 P 6724 1000 7 0 0 0 0 -3284 16504
17:53:24.665 P 6725 999 -2 0 0 0 0 -3326 16496
17:53:24.665 P 6726 998 -12 0 0 0 0 -3382 16518
17:53:24.665 P 6727 997 -26 0 0 0 0 -3528 16480
17:53:24.665 P 6728 995 -43 0 0 0 0 -3662 16340
17:53:24.665 P 6729 993 -62 0 0 0 0 -3802 16360
17:53:24.665 P 6730 990 -84 0 0 0 0 -3822 16336
17:53:24.665 P 6731 987 -106 0 0 0 0 -3670 16404
17:53:24.917 D 33735 0 3.80 0.000 -1799 -1688 5.06
17:53:24.917 P 6732 982 -126 0 0 0 0 -3410 16480
17:53:24.917 P 6733 977 -141 0 0 0 0 -3356 16390
17:53:24.917 P 6734 972 -159 0 0 0 0 -3334 16536
17:53:24.917 P 6735 965 -173 0 0 0 0 -2944 16546
17:53:24.917 P 6736 959 -175 0 0 0 0 -3022 16550
17:53:24.917 P 6737 952 -183 0 0 0 0 -2820 16464
17:53:24.917 P 6738 945 -185 0 0 0 0 -2670 16580
17:53:24.917 P 6739 938 -186 0 0 0 0 -2664 16556
17:53:24.917 P 6740 931 -186 0 0 0 0 -2518 16598
17:53:24.917 P 6741 924 -182 0 0 0 0 -2334 16676
17:53:24.917 P 6742 917 -176 0 0 0 0 -2410 16602
17:53:24.917 P 6743 910 -170 0 0 0 0 -2402 16510
17:53:24.917 P 6744 904 -167 0 0 0 0 -2442 16586
17:53:24.917 P 6745 898 -162 0 0 0 0 -2450 16540
17:53:24.917 P 6746 891 -159 0 0 0 0 -2530 16564
17:53:24.917 P 6747 885 -159 0 0 0 0 -2512 16456
17:53:24.917 P 6748 879 -159 0 0 0 0 -2624 16620
17:53:24.917 P 6749 873 -161 0 0 0 0 -2686 16652
17:53:24.917 P 6750 867 -167 0 0 0 0 -2670 16590
17:53:24.917 P 6751 861 -173 0 0 0 0 -2712 16494
17:53:24.917 P 6752 855 -179 0 0 0 0 -2814 16502
17:53:24.917 P 6753 848 -186 0 0 0 0 -2684 16488
17:53:24.917 P 6754 841 -195 0 0 0 0 -2674 16588
17:53:24.917 P 6755 834 -203 0 0 0 0 -2716 16540
17:53:24.917 P 6756 827 -210 0 0 0 0 -2814 16558
17:53:24.917 P 6757 819 -221 0 0 0 0 -2878 16406
17:53:24.917 P 6758 811 -232 0 0 0 0 -2748 16508
17:53:24.917 P 6759 803 -242 0 0 0 0 -2760 16492
17:53:24.917 P 6760 795 -253 0 0 0 0 -2722 16612
17:53:24.917 P 6761 786 -264 0 0 0 0 -2630 16642
17:53:24.917 P 6762 777 -273 0 0 0 0 -2530 16576
17:53:24.917 P 6763 767 -280 0 0 0 0 -2418 16562
17:53:24.917 P 6764 757 -285 0 0 0 0 -2240 16628
17:53:24.917 P 6765 747 -289 0 0 0 0 -2236 16546
17:53:24.917 P 6766 737 -292 0 0 0 0 -2174 16612
17:53:24.917 P 6767 727 -292 0 0 0 0 -2008 16746
17:53:24.917 P 6768 717 -290 0 0 0 0 -1898 16746
17:53:24.917 P 6769 706 -287 0 0 0 0 -1830 16776
17:53:24.917 P 6770 696 -284 0 0 0 0 -1822 16724
17:53:24.917 P 6771 686 -280 0 0 0 0 -1790 16700
17:53:24.917 P 6772 676 -275 0 0 0 0 -1750 16712
17:53:24.917 P 6773 667 -270 0 0 0 0 -1736 16684
17:53:24.917 P 6774 657 -267 0 0 0 0 -1792 16614
17:53:24.917 P 6775 648 -262 0 0 0 0 -1650 16706
17:53:24.917 P 6776 638 -259 0 0 0 0 -1680 16584
17:53:24.917 P 6777 629 -252 0 0 0 0 -1564 16680
17:53:24.917 P 6778 620 -248 0 0 0 0 -1582 16678
17:53:24.917 P 6779 611 -244 0 0 0 0 -1590 16698
17:53:24.917 P 6780 603 -240 0 0 0 0 -1608 16650
17:53:24.917 P 6781 594 -235 0 0 0 0 -1586 16640
17:53:24.917 P 6782 586 -232 0 0 0 0 -1576 16596
17:53:24.917 P 6783 577 -228 0 0 0 0 -1564 16790
17:53:25.150 D 33995 0 -0.63 0.000 -1799 -1688 5.06
17:53:25.150 P 6784 569 -227 0 0 0 0 -1506 16698
17:53:25.150 P 6785 561 -224 0 0 0 0 -1406 16816
17:53:25.150 P 6786 552 -220 0 0 0 0 -1392 16728
17:53:25.150 P 6787 544 -216 0 0 0 0 -1310 16648
17:53:25.150 P 6788 536 -211 0 0 0 0 -1228 16718
17:53:25.150 P 6789 528 -206 0 0 0 0 -1322 16730
17:53:25.150 P 6790 521 -200 0 0 0 0 -1300 16692
17:53:25.150 P 6791 513 -196 0 0 0 0 -1244 16724
17:53:25.150 P 6792 506 -190 0 0 0 0 -1292 16728
17:53:25.150 P 6793 499 -185 0 0 0 0 -1274 16704
17:53:25.150 P 6794 492 -181 0 0 0 0 -1198 16698
17:53:25.150 P 6795 485 -176 0 0 0 0 -1162 16696
17:53:25.150 P 6796 478 -170 0 0 0 0 -1096 16770
17:53:25.150 P 6797 472 -164 0 0 0 0 -968 16738
17:53:25.150 P 6798 465 -154 0 0 0 0 -722 16758
17:53:25.150 P 6799 459 -145 0 0 0 0 -740 16884
17:53:25.150 P 6800 453 -132 0 0 0 0 -942 16616
17:53:25.150 P 6801 447 -122 0 0 0 0 -616 16774
17:53:25.150 P 6802 442 -104 0 0 0 0 -838 16924
17:53:25.150 P 6803 438 -95 0 0 0 0 -922 16662
17:53:25.150 P 6804 433 -88 0 0 0 0 -892 16732
17:53:25.150 P 6805 430 -78 0 0 0 0 -1008 16922
17:53:25.150 P 6806 426 -69 0 0 0 0 -996 16792
17:53:25.150 P 6807 422 -65 0 0 0 0 -1090 16562
17:53:25.150 P 6808 419 -63 0 0 0 0 -998 16496
17:53:25.150 P 6809 416 -53 0 0 0 0 -876 16710
17:53:25.150 P 6810 413 -46 0 0 0 0 -1250 16686
17:53:25.150 P 6811 410 -49 0 0 0 0 -870 16796
17:53:25.150 P 6812 407 -39 0 0 0 0 -968 16854
17:53:25.150 P 6813 405 -34 0 0 0 0 -1156 16598
17:53:25.150 P 6814 402 -30 0 0 0 0 -628 16608
17:53:25.150 P 6815 400 -19 0 0 0 0 -1012 16538
17:53:25.150 P 6816 398 -18 0 0 0 0 -828 16490
17:53:25.150 P 6817 396 -8 0 0 0 0 -478 17000
17:53:25.150 P 6818 395 15 0 0 0 0 -704 17070
17:53:25.150 P 6819 393 26 0 0 0 0 -520 17090
17:53:25.150 P 6820 392 35 0 0 0 0 -364 16664
17:53:25.150 P 6821 392 51 0 0 0 0 -474 16534
17:53:25.150 P 6822 392 64 0 0 0 0 -680 16750
17:53:25.150 P 6823 393 74 0 0 0 0 -884 16902
17:53:25.150 P 6824 394 85 0 0 0 0 -874 16916
17:53:25.150 P 6825 395 95 0 0 0 0 -1128 16774
17:53:25.150 P 6826 397 94 0 0 0 0 -1220 16604
17:53:25.150 P 6827 399 92 0 0 0 0 -1246 16554
17:53:25.150 P 6828 400 92 0 0 0 0 -1228 16588
17:53:25.150 P 6829 402 92 0 0 0 0 -1352 16708
17:53:25.150 P 6830 404 90 0 0 0 0 -1238 16768
17:53:25.380 D 34230 0 -1.22 0.000 -1799 -1688 5.06
17:53:25.380 P 6831 405 87 0 0 0 0 -1294 16864
17:53:25.380 P 6832 407 82 0 0 0 0 -1454 16760
17:53:25.380 P 6833 408 76 0 0 0 0 -1506 16676
17:53:25.380 P 6834 409 70 0 0 0 0 -1574 16710
17:53:25.380 P 6835 411 66 0 0 0 0 -1590 16210
17:53:25.380 P 6836 412 60 0 0 0 0 -1892 16618
17:53:25.380 P 6837 412 41 0 0 0 0 -1168 17008
17:53:25.380 P 6838 412 39 0 0 0 0 -1338 16874
17:53:25.380 P 6839 412 34 0 0 0 0 -1248 16796
17:53:25.380 P 6840 411 35 0 0 0 0 -944 16676
17:53:25.380 P 6841 411 45 0 0 0 0 -990 16466
17:53:25.380 P 6842 411 47 0 0 0 0 -1080 16730
17:53:25.380 P 6843 411 43 0 0 0 0 -1118 16838
17:53:25.380 P 6844 411 47 0 0 0 0 -1086 16880
17:53:25.380 P 6845 412 55 0 0 0 0 -1070 16778
17:53:25.380 P 6846 412 58 0 0 0 0 -1036 16636
17:53:25.380 P 6847 412 59 0 0 0 0 -970 16550
17:53:25.380 P 6848 413 65 0 0 0 0 -948 16604
17:53:25.380 P 6849 414 72 0 0 0 0 -1086 16896
17:53:25.380 P 6850 414 72 0 0 0 0 -1138 16972
17:53:25.380 P 6851 415 73 0 0 0 0 -1258 16754
17:53:25.380 P 6852 417 74 0 0 0 0 -1402 16680
17:53:25.380 P 6853 418 72 0 0 0 0 -1450 16582
17:53:25.380 P 6854 419 67 0 0 0 0 -1480 16628
17:53:25.380 P 6855 420 61 0 0 0 0 -1680 16742
17:53:25.380 P 6856 421 48 0 0 0 0 -2256 16842
17:53:25.380 P 6857 422 19 0 0 0 0 -2728 16646
17:53:25.380 P 6858 422 -16 0 0 0 0 -2704 16550
17:53:25.380 P 6859 421 -44 0 0 0 0 -2630 16490
17:53:25.380 P 6860 419 -70 0 0 0 0 -2296 16598
17:53:25.380 P 6861 416 -98 0 0 0 0 -1710 16790
17:53:25.380 P 6862 411 -114 0 0 0 0 -1302 16736
17:53:25.380 P 6863 406 -117 0 0 0 0 -1132 16778
17:53:25.380 P 6864 401 -117 0 0 0 0 -810 16710
17:53:25.380 P 6865 396 -110 0 0 0 0 -560 16694
17:53:25.380 P 6866 391 -95 0 0 0 0 -376 16708
17:53:25.380 P 6867 386 -78 0 0 0 0 -426 16830
17:53:25.380 P 6868 382 -63 0 0 0 0 -348 16896
17:53:25.380 P 6869 379 -45 0 0 0 0 -474 16946
17:53:25.380 P 6870 376 -27 0 0 0 0 -438 16704
17:53:25.380 P 6871 374 -8 0 0 0 0 -444 16644
17:53:25.380 P 6872 372 6 0 0 0 0 -580 16626
17:53:25.380 P 6873 371 21 0 0 0 0 -492 16774
17:53:25.380 P 6874 371 33 0 0 0 0 -1162 16784
17:53:25.380 P 6875 369 35 0 0 0 0 -124 16688
17:53:30.305 D 34765 2 -1.06 0.018 1541 -1303 5.06
17:53:30.305 P 6876 370 68 0 0 0 0 -542 16862
17:53:30.305 P 6877 370 78 1306 -1388 0 0 -730 16784
17:53:30.305 P 6878 370 73 -1305 -1393 0 0 -264 16616
17:53:30.305 P 6879 372 94 1310 -1329 0 0 -680 16766
17:53:30.305 P 6880 374 110 1338 -1305 0 0 -1022 16924
17:53:30.305 P 6881 376 113 1376 -1315 0 0 -920 16704
17:53:30.305 P 6882 378 117 1385 1305 0 0 -998 16730
17:53:30.305 P 6883 380 120 1376 1326 0 0 -1028 16616
17:53:30.305 P 6884 382 122 1391 1333 0 0 -1016 16644
17:53:30.305 P 6885 385 124 1407 1337 0 0 -1338 16828
17:53:30.305 P 6886 388 121 1403 1337 0 0 -1070 16760
17:53:30.305 P 6887 390 122 1410 1340 0 0 -1174 16754
17:53:30.305 P 6888 393 120 1409 1337 0 0 -1354 16804
17:53:30.305 P 6889 395 117 1400 1341 0 0 -1012 16622
17:53:30.305 P 6890 397 123 1414 1350 0 0 -1060 16762
17:53:30.305 P 6891 400 126 1429 1346 0 0 -1016 16882
17:53:30.305 P 6892 402 130 1442 1356 0 0 -750 16674
17:53:30.305 P 6893 405 138 1447 1383 0 0 -954 16836
17:53:30.305 P 6894 407 146 1468 1393 0 0 -786 16786
17:53:30.305 P 6895 410 156 1495 1410 0 0 -764 16632
17:53:30.305 P 6896 414 165 1505 1438 0 0 -826 16680
17:53:30.305 P 6897 418 173 1514 1463 0 0 -1140 16830
17:53:30.305 P 6898 421 177 1532 1469 0 0 -1016 16736
17:53:30.305 P 6899 426 185 1547 1488 0 0 -1430 16594
17:53:30.305 P 6900 431 181 1542 1490 0 0 -1496 16608
17:53:30.305 P 6901 435 175 1549 1479 0 0 -1646 16486
17:53:30.305 P 6902 439 162 1581 1479 1 0 -1790 16732
17:53:30.305 P 6903 443 150 1571 1462 0 0 -1702 16778
17:53:30.305 P 6904 447 143 1579 1445 0 0 -1662 16672
17:53:30.305 P 6905 450 135 1650 1494 1 1 -1590 16704
17:53:30.305 P 6906 453 125 1595 1463 0 0 -1568 16726
17:53:30.305 P 6907 455 121 1625 1492 1 0 -1572 16648
17:53:30.305 P 6908 458 117 1665 1499 1 0 -1762 16700
17:53:30.305 P 6909 461 106 1623 1437 1 0 -1826 16670
17:53:30.305 P 6910 462 81 1603 1454 1 0 -1450 16546
17:53:30.305 P 6911 462 47 1497 1452 1 0 -1340 16760
17:53:30.305 P 6912 461 25 1451 1498 1 1 -1150 16830
17:53:30.305 P 6913 460 10 1367 1507 1 0 -646 16832
17:53:30.305 P 6914 458 17 1325 1563 1 0 -490 16820
17:53:30.305 P 6915 457 28 1345 1625 2 0 -568 16818
17:53:30.305 P 6916 455 35 -1343 1576 0 0 -326 16828
17:53:30.305 P 6917 455 55 -1318 1624 1 0 -534 16810
17:53:30.305 P 6918 456 76 -1327 1614 0 0 -962 16772
17:53:30.305 P 6919 456 83 -1313 1558 1 0 -658 16860
17:53:30.305 P 6920 457 110 1418 1616 0 1 -750 16710
17:53:30.305 P 6921 461 147 1500 1583 0 0 -1436 16678
17:53:30.305 P 6922 464 161 1663 1565 0 1 -1104 16680
17:53:30.305 P 6923 469 181 1708 1520 0 0 -1642 16536
17:53:30.305 P 6924 474 182 1738 1483 0 1 -2092 16552
17:53:30.305 P 6925 477 151 1806 1474 2 1 -1486 16758
17:53:30.305 P 6926 480 131 1791 1435 0 1 -1280 16754
17:53:30.305 P 6927 482 113 1829 1499 1 1 -1556 16770
17:53:30.305 P 6928 483 78 1803 1473 1 1 -1050 16820
17:53:30.305 P 6929 483 60 1781 1487 2 1 -792 16836
17:53:30.305 P 6930 483 51 1755 1582 2 1 -1200 16828
17:53:30.305 P 6931 482 18 1692 1633 3 1 -1392 16700
17:53:30.305 P 6932 479 -32 1609 1628 3 0 -854 16980
17:53:30.305 P 6933 476 -61 1507 1677 2 2 -1090 16878
17:53:30.305 P 6934 472 -105 1401 1668 3 1 -1816 16278
17:53:30.305 P 6935 463 -210 -1419 1548 3 1 -420 16430
17:53:30.305 P 6936 452 -264 -1483 1541 2 2 -50 16696
17:53:30.305 P 6937 444 -223 -1483 1494 2 1 -1296 16886
17:53:30.305 P 6938 438 -176 -1365 1433 2 2 -1482 17148
17:53:30.305 P 6939 433 -119 1374 1447 2 2 -1506 16942
17:53:30.305 P 6940 431 -70 1411 1410 1 1 -2424 16488
17:53:30.305 P 6941 429 -70 1448 1390 1 2 -2026 16266
17:53:30.305 P 6942 426 -60 1448 -1329 0 1 -1656 16444
17:53:30.305 P 6943 425 -28 1556 -1345 2 2 -1872 16650
17:53:30.305 P 6944 424 -16 1578 -1308 0 2 -1780 16928
17:53:30.305 P 6945 423 -9 1588 -1350 1 1 -1824 16946
17:53:30.305 P 6946 421 -3 1640 -1328 0 2 -1420 16732
17:53:30.305 P 6947 421 6 1571 -1372 1 1 -1630 16236
17:53:30.305 P 6948 419 -2 1459 -1431 0 0 -926 16532
17:53:30.305 P 6949 418 13 1492 -1359 2 1 -1158 16820
17:53:30.305 P 6950 418 26 1488 -1326 0 2 -1010 16774
17:53:30.305 P 6951 418 50 1441 -1317 0 0 -1222 16838
17:53:30.305 P 6952 420 85 1580 1380 1 1 -1822 16730
17:53:30.305 P 6953 423 104 1541 -1303 0 0 -2160 16486
17:53:30.305 P 6954 425 96 1502 -1376 0 1 -1958 16536
17:53:30.305 P 6955 428 97 1510 -1398 0 0 -2082 16578
17:53:30.305 P 6956 430 87 1454 -1503 0 0 -2234 17082
17:53:30.305 P 6957 432 66 1429 -1543 0 0 -2172 16628
17:53:30.305 P 6958 433 56 1396 -1594 0 0 -1600 16534
17:53:30.305 P 6959 434 63 1413 -1610 0 0 -1742 16566
17:53:30.305 P 6960 435 56 1412 -1628 0 0 -1838 16918
17:53:30.305 P 6961 436 41 1377 -1641 0 0 -2118 16572
17:53:30.305 P 6962 435 39 -1312 -1675 0 -1 -494 16976
17:53:30.305 P 6963 437 93 -1323 -1466 0 0 -972 16836
17:53:30.305 P 6964 440 135 -1420 1302 0 -1 -1408 16436
17:53:30.305 P 6965 445 160 -1494 1409 0 -2 -2698 16728
17:53:30.305 P 6966 450 142 -1527 1430 0 -1 -2766 16704
17:53:30.305 P 6967 454 113 -1565 1369 0 0 -2842 16596
17:53:30.305 P 6968 455 71 -1596 -1310 -1 0 -2006 16696
17:53:30.305 P 6969 455 45 -1567 -1388 0 -1 -1232 16800
17:53:30.305 P 6970 456 53 -1443 -1383 0 0 -1268 17042
17:53:30.305 P 6971 456 60 -1452 -1505 -2 0 -1284 17118
17:53:30.305 P 6972 456 71 -1414 -1576 0 -1 -904 16560
17:53:30.305 P 6973 458 91 -1388 -1541 -1 0 -1312 16484
17:53:30.305 P 6974 459 90 -1463 -1647 -1 -1 -1254 16460
17:53:30.305 P 6975 460 90 -1381 -1590 0 0 -560 16660
17:53:30.305 P 6976 462 114 -1411 -1509 -1 -1 -1106 17068
17:53:30.305 P 6977 464 123 -1439 -1457 -1 0 -968 17038
17:53:30.305 P 6978 466 132 -1486 -1371 -1 -1 -804 16744
17:53:30.305 P 6979 469 150 -1548 1317 0 -1 -1358 16488
17:53:30.305 P 6980 473 144 -1589 1347 -1 -1 -2040 16580
17:53:30.305 P 6981 476 108 -1642 1311 -1 0 -1766 16392
17:53:30.305 P 6982 478 83 -1649 -1308 -1 -1 -1792 16518
17:53:30.305 P 6983 479 70 -1616 -1378 -1 0 -1672 16834
17:53:30.305 P 6984 481 86 -1440 -1430 -1 0 -1914 16944
17:53:30.305 P 6985 483 110 -1325 -1563 -2 0 -1496 16920
17:53:30.305 P 6986 487 149 1422 -1554 -1 0 -1878 16588
17:53:30.305 P 6987 492 172 1522 -1558 -1 0 -2526 16386
17:53:30.305 P 6988 496 148 1523 -1602 -1 0 -1936 16606
17:53:30.305 P 6989 499 124 1525 -1592 -1 -1 -1614 16730
17:53:30.305 P 6990 501 109 1456 -1553 -1 0 -1672 16880
17:53:30.305 P 6991 502 78 1384 -1566 0 -1 -1036 16964
17:53:30.305 P 6992 501 70 1324 -1511 0 -1 -574 16814
17:53:30.305 P 6993 502 82 -1308 -1336 0 0 -944 16654
17:53:30.305 P 6994 503 84 -1328 1323 0 -1 -1036 16568
17:53:30.305 P 6995 504 81 -1374 1416 -1 0 -956 16818
17:53:30.305 P 6996 505 83 -1429 1445 0 -1 -1376 16666
17:53:30.305 P 6997 506 73 -1484 1384 0 -1 -1598 16604
17:53:30.305 P 6998 506 51 -1452 1388 0 0 -1470 16634
17:53:30.305 P 6999 506 39 -1490 1310 0 -1 -1448 16624
17:53:30.305 P 7000 506 31 -1426 1349 0 0 -1506 16714
17:53:30.305 P 7001 505 24 -1363 1366 0 0 -1512 16706
17:53:30.305 P 7002 505 13 -1360 1325 0 0 -1452 16644
17:53:30.305 P 7003 503 10 1304 1373 0 0 -1326 16760
17:53:30.305 P 7004 502 9 1363 1381 0 1 -1310 16730
17:53:30.305 P 7005 501 9 1403 1363 0 0 -1228 16776
17:53:30.305 P 7006 500 16 1429 1355 0 0 -1302 16786
17:53:30.305 P 7007 499 24 1482 1392 0 1 -1244 16832
17:53:30.305 P 7008 499 37 1555 1382 1 0 -1392 16632
17:53:30.305 P 7009 499 47 1582 1400 0 0 -1380 16680
17:53:30.305 P 7010 499 54 1618 1449 0 1 -1312 16610
17:53:30.305 P 7011 501 67 1632 1398 0 0 -1668 16670
17:53:30.305 P 7012 501 68 1677 1374 1 0 -1236 16734
17:53:30.305 P 7013 503 78 1730 1404 1 0 -1792 16780
17:53:30.305 P 7014 502 50 1709 1401 1 1 -1136 17080
17:53:30.305 P 7015 500 20 1673 1437 1 0 -18 17116
17:53:30.305 P 7019 482 -104 -1505 1641 1 0 828 16828
17:53:30.305 P 7024 481 10 1468 1495 0 1 -3112 16280
17:53:30.305 P 7028 472 -29 1685 -1493 0 1 -292 16688
17:53:30.305 P 7033 466 2 1421 1411 1 0 -994 17178
17:53:30.305 P 7037 455 -14 -1397 1633 0 1 -580 16706
17:53:30.305 P 7041 459 48 1448 1400 0 1 -2084 16558
17:53:30.305 P 7046 464 51 1680 -1338 1 1 -1428 16546
17:53:30.305 P 7050 455 -15 -1307 1519 1 0 -380 16870
17:53:30.305 P 7055 450 23 -1432 1445 0 1 -2898 16764
17:53:30.305 P 7060 447 -36 1455 -1513 0 1 -1500 16850
17:53:30.305 P 7064 441 67 -1375 -1307 1 -1 -942 16706
17:53:30.305 P 7068 449 123 1415 1368 0 0 -1106 16698
17:53:30.305 P 7072 459 106 1337 1349 0 0 -1762 16726
17:53:30.305 P 7076 464 26 -1387 1356 0 0 -1894 16644
17:53:30.305 P 7080 456 -62 -1633 -1440 0 0 -1294 16732
17:53:30.305 P 7085 445 48 -1579 -1477 -1 0 -778 16754
17:53:30.305 P 7089 456 186 1423 -1331 -1 -1 -1216 16704
17:53:30.305 P 7094 478 144 1536 1464 0 0 -820 16790
17:53:30.305 P 7098 489 179 1657 1638 1 1 -1374 16648
17:53:30.305 P 7102 508 149 1735 1779 1 2 -4486 16638
17:53:30.305 P 7107 473 -224 1529 -1448 3 1 1868 16738
17:53:30.305 P 7112 447 -76 -1422 1721 1 1 -2386 16582
17:53:30.305 P 7117 425 -50 1422 1394 0 2 -1340 16566
17:53:30.305 P 7121 428 20 1639 -1381 1 1 -1906 16792
17:53:30.305 P 7125 420 -93 -1315 1363 1 1 -1362 16552
17:53:30.305 P 7130 394 -42 -1434 -1355 0 0 -1040 16824
17:53:30.305 P 7134 407 274 1657 1526 0 0 -670 16702
17:53:30.305 P 7137 430 259 1588 1608 1 0 -2018 16760
17:53:30.305 P 7142 437 -94 -1545 1498 1 1 -1744 16568
17:53:30.305 P 7146 423 -58 -1493 -1462 0 0 -1810 16604
17:53:30.305 P 7150 420 46 -1445 -1547 -1 0 -1568 16762
17:53:30.305 P 7154 419 31 -1610 -1447 0 -1 -1348 16630
17:53:30.305 P 7158 428 205 1480 -1425 -1 0 -1034 16738
17:53:30.305 P 7163 454 178 1537 1312 0 0 -1176 16732
17:53:30.305 P 7167 461 80 1333 1414 0 0 -860 16872
17:53:30.305 P 7171 471 140 1485 1555 0 0 -3162 16538
17:53:30.305 P 7176 471 56 1670 1375 0 1 428 16882
17:53:30.305 P 7180 477 111 1687 1557 1 1 -436 17022
17:53:30.305 P 7185 468 -174 -1542 1646 1 0 -2324 16658
17:53:30.305 P 7190 418 -215 -1407 -1419 0 2 164 16436
17:53:30.305 P 7194 419 288 1807 1519 0 0 178 16812
17:53:30.305 P 7198 461 401 1746 1729 2 1 -1244 16794
17:53:30.305 P 7203 482 -182 1547 1582 3 2 -1648 16786
17:53:30.305 P 7208 424 -261 1380 1359 1 3 450 16798
17:53:30.305 P 7212 409 53 1641 1520 1 2 -496 16756
17:53:30.305 P 7218 416 -55 1558 1585 3 3 -1826 16714
17:53:30.305 P 7223 386 -92 1501 1542 2 2 -356 17056
17:53:30.305 P 7228 374 36 1625 1643 3 2 -1562 16504
17:53:30.305 P 7233 373 27 1726 1685 3 3 -564 16778
17:53:30.305 P 7238 362 -124 1584 1562 3 2 -1380 17006
17:53:30.305 P 7243 329 -125 1403 1523 4 3 -80 16620
17:53:30.305 P 7248 314 -20 1432 1572 2 2 -300 16548
17:53:30.305 P 7253 313 47 1689 1605 3 3 -1084 16652
17:53:34.963 P 7258 307 -34 1637 1544 4 3 -622 17040
17:53:34.963 P 7263 288 -65 1356 1576 3 3 -1054 16658
17:53:34.963 P 7268 275 -5 1610 1582 4 3 -508 16924
17:53:34.963 P 7273 274 29 1692 1603 4 3 -1540 16918
17:53:34.963 P 7278 261 -40 1528 1555 3 3 -604 16660
17:53:34.963 P 7282 253 17 1611 1631 4 3 -856 16894
17:53:34.963 P 7287 252 25 1696 1586 4 4 -490 16444
17:53:34.963 P 7292 245 -33 1621 1572 4 4 -890 16868
17:53:34.963 P 7297 233 -11 1563 1627 3 4 -728 16916
17:53:34.963 P 7302 231 9 1610 1560 2 4 -1078 16302
17:53:34.963 P 7307 223 -3 1680 1536 3 4 -404 16788
17:53:34.963 P 7312 219 -2 1579 1571 4 4 -942 16964
17:53:34.963 P 7317 207 -27 1532 1525 4 3 -466 16540
17:53:34.963 P 7322 202 29 1597 1567 3 4 -1166 16628
17:53:34.963 P 7327 203 63 1656 1586 3 3 -546 16812
17:53:34.963 P 7332 199 -19 1551 1554 3 4 -476 16936
17:53:34.963 P 7337 195 20 1536 1537 3 3 -1182 16808
17:53:34.963 P 7342 192 22 1622 1501 4 4 -468 16784
17:53:34.963 P 7347 194 80 1608 1582 3 3 -584 17116
17:53:34.963 P 7352 200 49 1606 1519 2 3 -1610 16916
17:53:34.963 P 7357 192 -5 1511 1489 3 3 -22 16480
17:53:34.963 P 7362 195 78 1632 1537 3 3 -1128 16850
17:53:34.963 P 7367 197 53 1643 1579 3 3 -444 16944
17:53:34.963 P 7372 194 -22 1510 1436 3 2 -218 16794
17:53:34.963 P 7377 192 37 1581 1526 3 3 -714 16808
17:53:34.963 P 7382 195 39 1575 1498 3 3 -686 17008
17:53:34.963 P 7387 192 1 1540 1511 2 3 -286 16650
17:53:34.963 P 7392 192 38 1519 1440 2 3 -684 16722
17:53:34.963 P 7397 197 76 1602 1517 3 2 -1222 16248
17:53:34.963 P 7402 198 20 1509 1498 3 3 -786 16628
17:53:34.963 P 7406 197 26 1481 1420 3 2 -368 16750
17:53:34.963 P 7411 201 86 1566 1511 2 2 -848 16336
17:53:34.963 P 7416 207 76 1531 1481 1 2 -416 16976
17:53:34.963 P 7421 213 87 1550 1552 1 3 -1588 16624
17:53:34.963 P 7426 216 58 1572 1512 3 2 -124 16850
17:53:34.963 P 7431 220 48 1581 1554 3 3 -1234 16818
17:53:34.963 P 7436 215 1 1494 1516 3 2 -108 16784
17:53:34.963 P 7441 215 63 1553 1503 1 2 -882 16800
17:53:34.963 P 7446 221 90 1597 1534 2 2 -514 16834
17:53:34.963 P 7451 225 23 1532 1572 2 2 -1662 16582
17:53:34.963 P 7456 215 -9 1496 1512 2 3 -430 17024
17:53:34.963 P 7461 209 10 1482 1451 2 2 -600 16706
17:53:34.963 P 7466 209 78 1583 1566 2 2 -1172 16516
17:53:34.963 P 7471 211 36 1537 1513 1 3 -242 16850
17:53:34.963 P 7476 213 65 1548 1525 1 3 -754 17056
17:53:34.963 P 7481 213 17 1520 1479 2 2 -446 16674
17:53:34.963 P 7486 214 79 1580 1516 1 2 -760 16628
17:53:34.963 P 7491 215 14 1512 1503 2 3 -360 16634
17:53:34.963 P 7496 217 61 1532 1538 3 2 -936 16454
17:53:34.963 P 7500 216 52 1563 1480 3 2 -924 16904
17:53:34.963 P 7505 215 30 1482 1533 1 3 -768 16866
17:53:34.963 P 7510 216 38 1558 1462 3 1 -558 16472
17:53:34.963 P 7514 214 22 1552 1421 3 2 138 16932
17:53:34.963 P 7519 217 98 1564 1561 2 3 -1494 16612
17:53:34.963 P 7524 218 32 1521 1480 1 3 -348 16762
17:53:34.963 P 7528 222 56 1525 1463 3 2 -244 16836
17:53:34.963 P 7533 229 64 1504 1540 2 2 -346 16782
17:53:34.963 P 7538 233 61 1604 1498 1 2 -126 16756
17:53:34.963 P 7543 237 70 1527 1519 2 2 -658 16600
17:53:34.963 P 7547 240 58 1526 1502 2 2 -432 16844
17:53:34.963 P 7552 245 85 1591 1546 2 2 -1260 16648
17:53:34.963 P 7556 246 62 1514 1484 2 1 -408 16658
17:53:34.963 P 7561 250 55 1579 1484 3 2 -996 16812
17:53:34.963 P 7565 249 61 1582 1492 2 2 -976 16694
17:53:34.963 P 7570 249 67 1504 1552 1 2 -400 16698
17:53:34.963 P 7574 252 72 1560 1528 2 2 -878 16660
17:53:34.963 P 7579 254 38 1548 1528 2 2 -656 17024
17:53:34.963 P 7583 253 45 1506 1495 1 2 -160 16666
17:53:34.963 P 7588 257 71 1583 1533 1 2 -732 16724
17:53:34.963 P 7592 258 59 1524 1531 1 1 -1002 16808
17:53:34.963 P 7597 260 69 1561 1518 1 1 -936 16692
17:53:34.963 P 7602 259 34 1518 1494 1 2 -756 16746
17:53:34.963 P 7607 259 39 1547 1440 1 2 -288 16756
17:53:34.963 P 7611 262 96 1611 1580 2 1 -1346 16690
17:53:34.963 P 7616 262 14 1533 1504 1 2 -612 16706
17:53:34.963 P 7620 260 26 1535 1537 2 1 -468 16650
17:53:34.963 P 7625 261 6 1564 1425 2 2 -212 16840
17:53:34.963 P 7630 257 33 1533 1606 2 3 -914 16610
17:53:34.963 P 7634 256 35 1488 1545 1 2 -1104 16744
17:53:34.963 P 7639 252 21 1504 1532 1 2 -1008 16776
17:53:34.963 P 7644 250 51 1552 1502 2 1 -118 16700
17:53:34.963 P 7649 254 66 1595 1502 2 2 -748 16722
17:53:34.963 P 7654 254 51 1562 1571 1 2 -590 16762
17:53:34.963 P 7659 254 49 1539 1585 2 1 -1480 16614
17:53:34.963 P 7664 251 19 1602 1445 1 3 -4 16958
17:53:34.963 P 7669 251 48 1591 1534 2 2 -96 16824
17:53:34.963 P 7674 248 15 1566 1559 3 2 -1000 16696
17:53:34.963 P 7678 243 -8 1527 1526 3 2 -450 16806
17:53:34.963 P 7683 238 48 1642 1577 3 2 -820 16926
17:53:34.963 P 7688 236 3 1518 1553 3 2 96 16862
17:53:34.963 P 7693 232 25 1575 1531 3 2 -1492 16456
17:53:34.963 P 7698 227 17 1563 1542 3 2 -326 17042
17:53:34.963 P 7703 220 -4 1508 1534 3 2 -464 16780
17:53:34.963 P 7708 219 57 1644 1509 2 2 -828 16744
17:53:34.963 P 7713 215 2 1511 1539 2 3 -718 16756
17:53:34.963 P 7718 208 -11 1464 1524 2 3 -174 16944
17:53:34.963 P 7723 209 71 1620 1567 2 3 -1092 16688
17:53:34.963 P 7728 209 22 1519 1547 2 3 -600 16874
17:53:34.963 P 7733 207 40 1526 1551 2 3 -538 16768
17:53:34.963 P 7738 209 41 1555 1515 2 3 -622 16772
17:53:34.963 P 7743 209 61 1588 1520 2 3 -626 16720
17:53:34.963 P 7748 213 48 1614 1548 2 3 -386 16430
17:53:34.963 P 7753 211 24 1473 1587 2 3 -832 16756
17:53:34.963 P 7758 209 40 1596 1498 2 3 -20 16820
17:53:34.963 P 7763 213 52 1581 1489 2 2 -858 16870
17:53:34.963 P 7768 208 -16 1465 1561 3 3 -380 16594
17:53:34.963 P 7773 205 55 1552 1521 3 2 -1162 16844
17:53:34.963 P 7778 206 46 1622 1475 2 2 -322 16638
17:53:34.963 P 7783 200 -17 1414 1571 2 2 -920 16570
17:53:34.963 P 7788 195 22 1514 1541 2 2 -568 17306
17:53:34.963 P 7792 196 41 1578 1499 3 3 -608 16418
17:53:34.963 P 7797 199 83 1616 1568 3 3 -1348 16698
17:53:34.963 P 7802 197 -7 1520 1498 3 3 170 16964
17:53:34.963 P 7807 198 67 1544 1529 3 2 -1184 16638
17:53:34.963 P 7812 200 49 1552 1544 2 3 -256 16936
17:53:34.963 P 7817 207 77 1561 1482 1 1 -842 16670
17:53:34.963 P 7822 209 45 1547 1506 2 2 -92 16834
17:53:34.963 P 7827 211 45 1549 1529 2 3 -696 16868
17:53:34.963 P 7831 212 36 1608 1455 1 2 -62 16554
17:53:34.963 P 7836 212 25 1551 1520 3 2 -1258 16900
17:53:34.963 P 7841 207 20 1525 1549 3 2 -468 16678
17:53:34.963 P 7846 207 30 1554 1555 3 2 -530 16604
17:53:34.963 P 7850 205 33 1548 1541 2 3 -248 17096
17:53:34.963 P 7855 207 28 1575 1507 3 3 -746 16784
17:53:34.963 P 7860 204 25 1506 1536 2 3 -784 16530
17:53:34.963 P 7865 203 42 1548 1547 2 3 -546 16832
17:53:34.963 P 7869 206 67 1583 1504 2 2 -1074 16810
17:53:34.963 P 7874 205 2 1530 1448 2 2 -86 16906
17:53:34.963 P 7879 202 37 1499 1493 1 2 -1340 16714
17:53:34.963 P 7883 203 71 1564 1527 1 1 -1354 16756
17:53:34.963 P 7888 205 69 1562 1502 1 2 -938 16762
17:53:34.963 P 7893 208 -26 1445 1491 3 3 -488 16394
17:53:34.963 P 7897 205 -21 1356 1502 2 2 -1574 16678
17:53:34.963 P 7902 197 -44 -1341 1358 1 1 -1798 16530
17:53:34.963 P 7907 187 -28 -1443 1374 1 1 -1586 16656
17:53:34.963 P 7911 183 33 -1517 -1304 0 1 -842 16732
17:53:34.963 P 7915 200 209 -1385 1369 -1 0 -1862 16682
17:53:34.963 P 7919 216 75 -1498 1334 0 0 -1678 16716
17:53:34.963 P 7923 218 -2 -1598 -1453 0 0 -1372 16690
17:53:34.963 P 7927 210 -73 -1747 -1742 -1 -1 -1196 16720
17:53:34.963 P 7931 206 111 -1611 -1794 -3 -2 -458 16898
17:53:34.963 P 7936 249 643 1337 -1320 -3 -3 2018 16890
17:53:34.963 P 7941 355 620 1426 1444 -1 -2 -2946 16592
17:53:34.963 P 7946 404 169 -1539 1377 -1 -2 -2944 16698
17:53:34.963 P 7951 398 -221 -1704 -1682 -2 -1 -1910 16656
17:53:34.963 P 7955 366 -177 -1739 -1770 -2 -1 304 16976
17:53:34.963 P 7960 373 121 -1596 -1428 -2 -3 -2968 16514
17:53:34.963 P 7965 376 -76 -1618 -1775 -3 -2 -2304 16640
17:53:34.963 P 7969 356 -157 -1820 -1973 -2 -4 -1538 16686
17:53:34.963 P 7974 357 151 -2024 -1513 -4 -5 -2080 16308
17:53:34.963 P 7979 382 92 -2080 -2048 -7 -5 -3208 16812
17:53:34.963 P 7983 436 776 1399 -1810 -8 -6 -1076 17188
17:53:34.963 P 7988 556 582 -1550 -1762 -7 -7 -3744 16424
17:53:34.963 P 7992 594 107 -1790 -2146 -8 -7 -2978 16206
17:53:34.963 P 7997 595 125 -1868 -1742 -8 -8 -2794 17650
17:53:34.963 P 8001 620 167 -2196 -1896 -8 -9 -2834 14724
17:53:34.963 P 8006 661 456 -1732 -2029 -11 -9 -620 16940
17:53:34.963 P 8010 737 766 -1453 -1569 -10 -10 -1984 17618
17:53:34.963 P 8015 831 552 -1572 -1640 -9 -9 -2298 15324
17:53:34.963 P 8019 887 495 -1500 -1578 -9 -10 -2158 16022
17:53:34.963 P 8024 953 512 1321 -1343 -9 -9 -1806 17460
17:53:34.963 P 8029 1019 432 1381 -1303 -8 -9 -2660 17760
17:53:34.963 P 8033 1049 275 1468 -1388 -6 -8 -1614 15968
17:53:34.963 P 8038 1067 11 -1639 1348 -5 -8 -2718 15802
17:53:34.963 P 8042 1027 -314 -2034 -1483 -7 -8 -3136 17382
17:53:34.963 P 8047 977 -35 -1801 -1585 -9 -7 -734 14980
17:53:34.963 P 8051 1009 581 1443 1418 -8 -7 -2616 16562
17:53:34.963 P 8056 1090 507 1449 1325 -7 -5 -3118 17036
17:53:34.963 P 8061 1126 20 1585 -1580 -5 -5 -3942 16336
17:53:34.963 P 8065 1065 -551 -1717 -1709 -3 -5 -1910 16694
17:53:34.963 P 8070 981 -409 -1823 -1613 -4 -6 -1918 16590
17:53:34.963 P 8075 923 -217 -2016 -1523 -7 -5 -1714 16156
17:53:34.963 P 8079 917 229 -1660 -1395 -8 -6 -1120 16812
17:53:34.963 P 8084 995 698 1520 -1426 -8 -6 -2032 17186
17:53:34.963 P 8088 1079 657 1523 -1368 -6 -5 -3358 18090
17:53:34.963 P 8093 1088 -352 -1737 -1751 -3 -5 -2128 15762
17:53:34.963 P 8098 1026 -333 -1695 -1583 -4 -6 -2628 16448
17:53:34.963 P 8102 982 -221 -1976 -1672 -5 -6 -812 16712
17:53:34.963 P 8107 987 234 -1616 -1350 -7 -6 -2238 16474
17:53:34.963 P 8111 1034 474 1310 -1326 -5 -5 -3360 16696
17:53:34.963 P 8116 1074 115 -1303 -1588 -6 -6 -3300 16652
17:53:34.963 P 8121 1075 3 -1531 -1795 -5 -6 -3238 15982
17:53:34.963 P 8126 1064 -66 -1664 -1891 -5 -6 -3348 15792
17:53:34.963 P 8130 1061 237 -1728 1324 -5 -7 -4096 17350
17:53:34.963 P 8135 1084 126 -1882 -1377 -6 -6 -3572 17050
17:53:34.963 P 8139 1094 123 -1864 -1462 -7 -7 -2724 15716
17:53:34.963 P 8144 1138 394 1526 -1528 -7 -6 -3496 16284
17:53:34.963 P 8149 1182 266 1539 -1408 -4 -5 -3610 17334
17:53:34.963 P 8153 1180 -334 -1809 -1934 -4 -6 -5264 15752
17:53:34.963 P 8158 1060 -810 -1887 -1827 -6 -7 -426 16558
17:53:34.963 P 8162 1014 -30 -1928 -1518 -7 -7 -2408 15192
17:53:34.963 P 8167 1048 327 -1525 -1416 -8 -7 -3298 16266
17:53:34.963 P 8171 1081 306 -1495 -1472 -8 -7 -3266 17510
17:53:34.963 P 8176 1109 154 -1566 -1773 -7 -7 -3208 16528
17:53:34.963 P 8180 1117 77 -1712 -1758 -7 -7 -3268 16400
17:53:39.521 > mt off
17:53:39.521 P 8185 1113 -4 -1891 -1760 -7 -8 -2468 16316
17:53:39.521 P 8189 1121 324 -1689 -1377 -8 -7 -2218 16518
17:53:39.521 P 8194 1194 605 1473 1538 -6 -7 -3190 15562
17:53:39.521 P 8199 1243 147 1460 -1716 -5 -5 -4018 16660
17:53:39.521 P 8203 1235 -71 -1354 -1825 -4 -6 -2898 16962
17:53:39.521 P 8208 1185 -239 -1896 -1597 -4 -6 -2056 16084
17:53:39.521 P 8212 1161 -45 -1831 1308 -6 -6 -2350 16614
17:53:39.521 P 8217 1165 185 -1579 -1388 -7 -5 -2982 16244
17:53:39.521 P 8221 1193 323 1473 -1483 -6 -5 -2378 16832
17:53:39.521 P 8226 1238 291 1556 1300 -4 -5 -3428 16966
17:53:39.521 P 8231 1228 -445 -2028 -1616 -3 -5 -3400 16064
17:53:39.521 P 8235 1152 -502 -1812 -1587 -5 -5 -2778 17424
17:53:39.521 P 8240 1105 14 -1730 -1384 -5 -5 -1302 15484
17:53:39.521 P 8244 1135 329 -1348 -1344 -5 -6 -2704 17454
17:53:39.521 P 8249 1177 268 1352 -1371 -5 -5 -3458 16928
17:53:39.521 P 8254 1198 130 1418 -1604 -5 -6 -3244 14958
17:53:39.521 P 8258 1201 58 1351 -1534 -4 -5 -3302 17228
17:53:39.521 P 8263 1180 -217 -1840 -1444 -4 -5 -2594 16590
17:53:39.521 P 8267 1152 -123 -1790 -1392 -4 -5 -2704 16312
17:53:39.521 P 8272 1145 250 -1435 -1327 -6 -5 -2830 16278
17:53:39.521 P 8276 1183 471 1513 1406 -4 -4 -1596 16400
17:53:39.521 P 8281 1257 461 1589 1565 -2 -3 -4282 17624
17:53:39.521 P 8285 1243 -182 -1370 1390 -2 -2 -2928 16106
17:53:39.521 P 8290 1198 -92 1390 -1307 -2 -3 -906 16620
17:53:39.521 P 8295 1189 125 1630 1786 0 -1 -2236 16792
17:53:39.521 P 8299 1187 -55 1638 1649 0 0 -3312 16970
17:53:39.521 P 8303 1144 -301 1680 1358 0 0 -958 16498
17:53:39.521 P 8308 1097 -109 1679 1782 2 0 -1418 16828
17:53:39.521 P 8313 1078 -101 1853 1774 2 2 -2954 16954
17:53:39.521 P 8317 1035 -318 1906 1529 3 3 -2478 16592
17:53:39.521 P 8322 959 -403 1477 1729 4 4 -500 17078
17:53:39.521 P 8326 915 -226 1588 1703 4 4 -926 16814
17:53:39.521 P 8331 883 -65 1950 1812 4 4 -2852 16462
17:53:39.521 P 8335 856 -254 1789 1844 6 5 -2976 17122
17:53:39.521 P 8340 783 -375 1639 1609 6 6 -262 16276
17:53:39.521 P 8344 749 -112 1843 1752 5 6 -1592 16810
17:53:39.521 P 8349 720 -109 1831 1832 5 6 -1610 16606
17:53:39.521 P 8354 684 -185 1810 1764 7 6 -1366 16894
17:53:39.521 P 8358 656 -155 1872 1812 7 7 -1470 16274
17:53:39.521 P 8363 613 -221 1646 1862 7 7 -1746 15766
17:53:39.521 P 8368 570 -204 1704 1756 7 8 -814 18030
17:53:39.521 P 8372 553 -11 2067 1856 7 7 -498 15990
17:53:39.521 P 8377 540 -229 1834 1845 9 8 -2834 15568
17:53:39.521 P 8382 459 -431 1522 1730 9 8 -176 16876
17:53:39.521 P 8386 414 -230 1701 1929 9 8 36 16826
17:53:39.521 P 8391 382 -180 1801 1843 9 10 -1778 17832
17:53:39.521 P 8396 345 -116 2041 1635 9 9 42 17464
17:53:39.521 P 8401 322 -164 1810 1859 10 9 -1152 15710
17:53:39.521 P 8405 283 -263 1565 1751 10 10 -416 17254
17:53:39.521 P 8410 249 -83 1832 1867 10 9 -298 16862
17:53:39.521 P 8415 236 -89 1936 1802 9 10 -1068 18240
17:53:39.521 P 8419 210 -181 1783 1745 10 9 -1084 14754
17:53:39.521 P 8424 181 -134 1794 1677 9 8 -750 15946
17:53:39.521 P 8429 159 -74 1872 1734 9 10 -420 17750
17:53:39.521 P 8434 142 -57 1873 1785 9 9 -624 17554
17:53:39.521 P 8439 120 -130 1758 1706 10 10 -470 16416
17:53:39.521 P 8443 100 -114 1641 1683 9 9 -928 15984
17:53:39.521 P 8448 85 -66 1679 1772 8 9 -276 15434
17:53:39.521 P 8453 78 12 1894 1732 9 8 -22 17406
17:53:39.521 P 8457 77 -2 1960 1743 9 8 -34 16516
17:53:39.521 P 8462 52 -219 1420 1702 10 8 -1506 15924
17:53:39.521 P 8466 19 -222 1446 1649 10 9 -606 17334
17:53:39.521 P 8471 -6 -97 1540 1816 9 8 46 17328
17:53:39.521 P 8475 -16 -91 1581 1722 9 8 -752 15550
17:53:39.521 P 8480 -36 -71 1624 1651 8 9 -474 15796
17:53:39.521 P 8485 -47 -15 1668 1719 8 8 -74 17744
17:53:39.521 P 8490 -50 -206 1444 1405 8 8 -1952 17160
17:53:39.521 P 8495 -90 -418 -1464 -1588 7 7 -3302 15480
17:53:39.521 P 8500 -162 -130 -1555 -1415 4 4 -3260 16278
17:53:39.521 P 8504 -155 184 -1697 1380 3 3 -5804 17558
17:53:39.521 P 8509 -88 85 -1515 -1882 1 4 -5498 16602
17:53:39.521 P 8514 -84 121 -2124 -2095 -1 -1 -408 16946
17:53:39.521 P 8518 -22 636 -2045 -1489 -3 -4 -4788 16912
17:53:39.521 P 8523 107 517 -1865 -2290 -6 -4 -6282 17362
17:53:39.521 P 8528 177 551 -2283 -2128 -6 -9 -2016 15938
17:53:39.521 P 8533 310 818 -2314 -1890 -10 -9 -6916 16534
17:53:39.521 P 8539 454 699 -1954 -2406 -13 -11 -3696 17218
17:53:39.521 P 8543 557 777 -2206 -2144 -13 -13 -4444 14300
17:53:39.521 P 8548 660 353 -2483 -2242 -16 -14 -5176 16000
17:53:39.521 P 8553 750 650 -2134 -2221 -17 -15 -6040 17978
17:53:39.521 P 8558 830 378 -2227 -2252 -17 -16 -3854 16162
17:53:39.521 P 8563 882 305 -2213 -2147 -18 -18 -3742 14938
17:53:39.521 P 8568 932 232 -2299 -2160 -19 -18 -5378 18780
17:53:39.521 P 8573 950 52 -2263 -2173 -18 -18 -4660 14570
17:53:39.521 P 8578 948 34 -2206 -2133 -19 -19 -3480 17140
17:53:39.521 P 8583 934 -45 -2226 -2140 -20 -18 -446 15866
17:53:39.521 P 8588 939 271 -2178 -2111 -20 -19 2 14812
17:53:39.521 P 8593 997 701 -1942 -1969 -20 -18 38 18200
17:53:39.521 P 8598 1087 635 -1823 -2022 -20 -19 -276 17754
17:53:39.521 P 8603 1184 824 -1501 -1681 -18 -18 -710 14476
17:53:39.521 P 8608 1301 955 -1349 -1350 -17 -18 -538 16472
17:53:39.521 P 8614 1461 807 1454 1443 -16 -16 -4332 19094
17:53:39.521 P 8618 1473 -180 -1665 -1889 -13 -14 -1958 14232
17:53:39.521 P 8624 1408 -47 -1650 -1595 -13 -14 -1430 13936
17:53:39.521 P 8629 1404 206 -1534 -1350 -13 -13 -1550 17326
17:53:39.521 P 8634 1432 455 -1351 1469 -12 -13 -716 16268
17:53:39.521 P 8639 1488 402 1610 1485 -11 -10 -4842 17528
17:53:39.521 P 8644 1466 -342 1312 -1814 -7 -9 -1788 16970
17:53:39.521 P 8649 1366 -401 -1654 -1580 -6 -9 646 16196
17:53:39.521 P 8654 1349 203 1434 1687 -7 -9 -864 15530
17:53:39.521 P 8659 1379 -110 1397 1483 -5 -5 -6990 17408
17:53:39.521 P 8665 1260 -477 -1443 -1696 -4 -4 -492 16848
17:53:39.521 P 8670 1200 16 1387 -1346 -4 -4 114 16436
17:53:39.521 P 8676 1228 57 1460 1542 -3 -4 -2452 17558
17:53:39.521 P 8681 1194 -215 1619 1305 -1 -1 -2354 16498
17:53:39.521 P 8686 1130 -300 1335 -1367 0 -1 -1044 16790
17:53:39.521 P 8691 1090 -41 1437 1576 -1 -2 -1286 16800
17:53:39.521 P 8696 1078 4 1758 1718 0 0 -2148 16730
17:53:39.521 P 8701 1053 -154 1838 1565 2 0 -972 17168
17:53:39.521 P 8706 1008 -209 1467 1760 3 1 -2512 16710
17:53:39.521 P 8712 969 -28 1906 1735 2 3 -1544 16646
17:53:39.521 P 8717 941 -218 1719 1663 4 3 -1776 16798
17:53:39.521 P 8722 889 -187 1609 1824 5 4 -1792 16756
17:53:39.521 P 8727 858 -145 1884 1553 4 4 -2270 16704
17:53:39.521 P 8733 818 -149 1610 1871 5 5 -1354 17274
17:53:39.521 P 8738 787 -104 1902 1693 5 5 -2298 15930
17:53:39.521 P 8744 752 -222 1626 1813 7 6 -1696 17514
17:53:39.521 P 8749 700 -300 1431 1803 7 6 -1412 15864
17:53:39.521 P 8755 648 -104 1815 1716 7 7 84 16614
17:53:39.521 P 8760 649 146 1998 1921 7 6 -2560 17324
17:53:39.521 P 8766 609 -294 1683 1653 8 8 -472 16256
17:53:39.521 P 8771 568 -44 1899 1793 8 7 -614 17050
17:53:39.521 P 8777 556 -114 1852 1912 9 8 -1874 17138
17:53:39.521 P 8782 511 -267 1773 1626 9 8 -1090 17184
17:53:39.521 P 8788 473 -92 1965 1911 9 9 -780 16568
17:53:39.521 P 8793 449 -172 1858 1867 9 10 -1262 15120
17:53:39.521 P 8799 405 -122 1979 1897 10 9 -1604 16342
17:53:39.521 P 8804 370 -207 1742 1938 11 10 -958 17460
17:53:39.521 P 8810 330 -180 1934 1836 10 9 -1370 16886
17:53:39.521 P 8816 278 -399 1610 1445 10 10 -1750 16108
17:53:39.521 P 8821 211 -386 1526 1415 11 10 -1640 17856
17:53:39.521 P 8826 147 -453 -1314 -1419 9 9 -1688 17330
17:53:39.521 P 8832 62 -179 -1486 -1303 8 7 3064 17042
17:53:39.521 P 8837 98 462 1692 2017 7 7 -1238 16798
17:53:39.521 P 8842 173 31 1581 1421 6 8 -1646 17130
17:53:39.521 P 8848 157 -314 1395 -1452 8 6 -2044 16048
17:53:39.521 P 8853 105 -229 -1593 1333 7 5 -1116 17754
17:53:39.521 P 8859 69 -374 -1784 -1599 5 6 -2190 17436
17:53:39.521 P 8864 39 160 -1587 -1539 1 3 342 16462
17:53:39.521 P 8869 171 691 1515 1471 3 2 -6342 16740
17:53:39.521 P 8875 192 -488 -1941 -2022 2 1 -4528 16720
17:53:39.521 P 8880 144 207 -1592 -1627 -1 -2 -6102 15826
17:53:39.521 P 8885 176 -411 -2428 -2251 -3 -3 -2726 17660
17:53:39.521 P 8890 219 791 -1840 -2026 -8 -6 -1174 17146
17:53:39.521 P 8895 372 998 -1732 -1653 -9 -8 -2786 14710
17:53:39.521 P 8901 538 1015 -1533 -1457 -8 -8 -348 16476
17:53:39.521 P 8907 741 1230 1453 1452 -7 -8 -4116 16822
17:53:39.521 P 8912 865 782 1760 1574 -5 -5 -1740 16444
17:53:39.521 P 8917 928 -45 -1426 1440 -1 -4 -4154 16928
17:53:39.521 P 8922 815 -713 -1779 -1733 -2 -3 -930 16852
17:53:39.521 P 8927 720 -206 -1681 -1469 -4 -4 644 16218
17:53:39.521 P 8933 777 703 1542 1619 -3 -2 -230 17550
17:53:39.521 P 8938 851 346 1673 1808 -1 -1 -2962 17144
17:53:39.521 P 8943 846 -222 1853 1385 1 1 -2092 17044
17:53:39.521 P 8947 769 -837 -1560 1381 2 0 -570 16488
17:53:39.521 P 8952 640 -556 -1525 1569 1 0 -724 16732
17:53:39.521 P 8957 588 -62 1395 1753 0 1 -1080 16714
17:53:39.521 P 8961 574 -147 1399 1404 0 1 -1162 16860
17:53:39.521 P 8965 553 -53 1776 1508 0 2 -572 16726
17:53:39.521 P 8970 550 139 1822 1665 2 1 -1058 16808
17:53:39.521 P 8975 501 -676 -1653 1584 2 3 -2250 15668
17:53:39.521 P 8980 396 -460 -1383 1362 1 2 1076 16698
17:53:39.521 P 8985 383 241 1702 1623 0 2 -384 17256
17:53:39.521 P 8990 431 317 1609 1578 1 3 -1510 17394
17:53:39.521 P 8995 434 -38 1716 1577 2 3 -268 16628
17:53:39.521 P 9000 422 -43 1502 1596 3 3 -988 16242
17:53:39.521 P 9005 408 0 1631 1755 3 3 -1396 16732
17:53:39.521 P 9010 405 33 1945 1548 4 3 -462 17308
17:53:39.521 P 9015 382 -386 -1523 1600 5 4 -1316 16702
17:53:39.521 P 9020 298 -415 -1537 1337 4 3 -174 16680
17:53:39.521 P 9025 268 119 1370 1750 1 3 -214 16798
17:53:39.521 P 9029 304 422 1806 1672 3 4 -370 16984
17:53:39.521 P 9034 366 260 1894 1644 4 4 -3420 16724
17:53:39.521 P 9039 319 -255 1385 1360 5 4 -264 17102
17:53:39.521 P 9044 289 -78 1472 1549 4 4 -436 16726
17:53:39.521 P 9050 283 12 1640 1637 4 4 -732 16722
17:53:39.521 P 9054 275 -7 1777 1626 4 4 -876 16922
17:53:39.521 P 9059 261 -99 1411 1555 4 4 -822 16774
17:53:39.521 P 9065 244 -16 1666 1623 5 4 -462 17130
17:53:39.521 P 9070 237 -35 1675 1676 5 4 -416 16124
17:53:39.521 P 9075 220 -95 1545 1590 5 5 -928 16788
17:53:39.521 P 9080 204 -33 1547 1438 4 4 -8 16678
17:53:39.521 P 9085 203 73 1741 1693 4 4 -850 16874
17:53:39.521 P 9090 198 -85 1582 1476 5 4 -714 17366
17:53:39.521 P 9095 176 -79 1440 1509 4 4 -504 16280
17:53:39.521 P 9099 167 6 1640 1563 4 5 54 16796
17:53:39.521 P 9103 169 54 1651 1626 4 5 -868 17300
17:53:44.209 P 9108 168 4 1579 1635 4 4 -1368 16174
17:53:44.209 P 9113 160 -54 1578 1406 5 4 -836 17188
17:53:44.209 P 9118 147 -99 1426 1362 4 4 -954 17238
17:53:44.209 P 9122 134 -66 1402 1300 4 4 -784 16352
17:53:44.209 P 9127 125 -68 1424 -1378 3 4 -1228 17128
17:53:44.209 P 9131 114 -89 1321 -1469 4 3 -1144 16448
17:53:44.209 P 9136 98 -83 -1467 -1640 2 2 -600 16754
17:53:44.209 P 9141 125 398 1431 1752 2 1 -1358 16770
17:53:44.209 P 9147 196 219 1454 1632 1 3 -6930 16380
17:53:44.209 P 9152 173 -333 -1564 -1831 1 2 -2988 16860
17:53:44.209 P 9156 134 143 -1503 -1554 0 -1 -238 16504
17:53:44.209 P 9161 187 142 -1976 -1466 -2 -1 -3842 16414
17:53:44.209 P 9166 206 69 -2007 -2178 -5 -2 -2250 17454
17:53:44.209 P 9172 367 1161 1389 -1339 -5 -5 -4924 16840
17:53:44.209 P 9177 489 387 -1618 -1848 -4 -4 -4636 16114
17:53:44.209 P 9182 506 1 -1777 -1804 -5 -5 -920 16922
17:53:44.209 P 9188 513 114 -2130 -1900 -7 -7 -1412 17258
17:53:44.209 P 9193 576 651 -1577 -1778 -9 -8 -1568 15562
17:53:44.209 P 9199 722 642 -1466 -1693 -8 -8 -3770 15742
17:53:44.209 P 9204 792 356 -1433 -2028 -8 -8 -2798 18058
17:53:44.209 P 9210 854 450 -1538 -1514 -8 -9 -2216 15882
17:53:44.209 P 9215 915 380 -1466 -1379 -8 -8 -2568 17668
17:53:44.209 P 9221 970 395 -1316 1333 -7 -8 -2024 16840
17:53:44.209 P 9226 1023 294 1376 1390 -7 -7 -4510 14994
17:53:44.209 P 9231 1020 -405 -1864 -2020 -5 -5 -5562 16964
17:53:44.209 P 9236 893 -745 -1975 -1989 -8 -8 4702 17250
17:53:44.209 P 9241 863 81 -1954 -1737 -9 -9 -3072 16200
17:53:44.209 P 9246 883 -11 -1826 -1901 -8 -8 -3246 16146
17:53:44.209 P 9252 877 212 -1899 -1973 -9 -10 1134 17288
17:53:44.209 P 9257 935 495 -1646 -1472 -9 -10 -3252 17682
17:53:44.209 P 9263 1013 581 -1421 1330 -10 -10 -1570 17276
17:53:44.209 P 9268 1097 611 1532 1440 -9 -8 -3070 16534
17:53:44.209 P 9274 1176 531 1636 1392 -5 -7 -3748 17452
17:53:44.209 P 9280 1115 -327 -1757 -1432 -5 -6 -2256 16142
17:53:44.209 P 9285 1080 138 -1468 1521 -6 -6 -1578 15980
17:53:44.209 P 9291 1130 397 1457 1467 -6 -5 -1780 16814
17:53:44.209 P 9296 1161 -31 1737 1483 -3 -3 -2920 17184
17:53:44.209 P 9302 1072 -568 -1492 -1425 -1 -2 -1698 16436
17:53:44.209 P 9307 993 -251 -1459 1590 0 -2 -952 17138
17:53:44.209 P 9312 952 -224 1358 1650 -1 0 -3184 16792
17:53:44.209 P 9317 894 -281 1604 -1465 0 0 -722 16604
17:53:44.209 P 9321 849 -286 -1509 -1320 0 -1 -836 16854
17:53:44.209 P 9326 814 -28 1537 1562 0 0 -1896 16924
17:53:44.209 P 9330 799 -60 1540 1573 0 0 -852 16266
17:53:44.209 P 9335 788 -8 1663 1634 1 0 -3948 17278
17:53:44.209 P 9340 748 -362 -1429 -1495 1 1 -2564 17042
17:53:44.209 P 9344 707 -287 -1533 -1699 0 0 -1884 16078
17:53:44.209 P 9348 675 -169 -1523 -1867 -1 -1 740 17026
17:53:44.209 P 9353 692 381 -1302 1522 -1 -2 -900 17166
17:53:44.209 P 9358 757 573 1634 1666 0 0 -2996 16708
17:53:44.209 P 9363 786 -29 1621 -1395 0 1 -3300 16402
17:53:44.209 P 9367 766 -119 -1305 -1451 1 0 -230 16738
17:53:44.209 P 9372 767 336 2037 1550 0 1 616 16798
17:53:44.209 P 9376 802 250 1799 1794 2 2 -2910 16836
17:53:44.209 P 9381 774 -301 1612 -1360 3 3 -2236 16550
17:53:44.209 P 9386 729 -96 1768 1353 2 3 -594 17060
17:53:44.209 P 9391 716 -112 1899 1322 4 3 -2394 16104
17:53:44.209 P 9395 672 -444 1517 -1303 5 4 -3864 17276
17:53:44.209 P 9400 583 -471 1387 -1372 4 4 -724 16352
17:53:44.209 P 9405 531 -248 1507 -1595 3 3 -2250 16362
17:53:44.209 P 9410 498 -106 1465 -1662 2 2 -1762 17176
17:53:44.209 P 9414 494 -39 1343 -1791 1 1 -3348 15964
17:53:44.209 P 9419 494 66 -1499 -1981 0 -1 -2838 16976
17:53:44.209 P 9424 526 221 -1720 -2012 0 -4 -3994 16410
17:53:44.209 P 9428 550 133 -1841 -2132 -2 -5 -3370 16586
17:53:44.209 P 9434 623 620 -1629 -1998 -5 -8 -3142 16008
17:53:44.209 P 9438 704 809 -1578 -1621 -5 -8 -840 17364
17:53:44.209 P 9443 856 924 1377 1303 -4 -6 -3530 14808
17:53:44.209 P 9448 972 743 1651 1525 -3 -5 -2618 17624
17:53:44.209 P 9454 1035 83 1458 1487 0 -3 -2738 17682
17:53:44.209 P 9459 1002 -168 1363 -1327 0 -1 -2250 16290
17:53:44.209 P 9463 973 -271 1302 -1340 0 -1 -4178 16472
17:53:44.209 P 9468 911 -453 -1448 -1475 0 0 -2836 16554
17:53:44.209 P 9472 850 -475 -1516 -1534 0 0 -2870 16602
17:53:44.209 P 9476 787 -512 -1632 -1737 0 -1 -2992 16350
17:53:44.209 P 9480 727 -348 -1569 -1729 -1 -1 -1608 16524
17:53:44.209 P 9486 690 -38 -1520 -1675 -2 -2 -836 16806
17:53:44.209 P 9491 696 133 -1415 -1553 -3 -2 -1888 16656
17:53:44.209 P 9495 708 218 -1311 -1511 -2 -3 -2282 16476
17:53:44.209 P 9500 733 286 1444 -1380 -1 -1 -264 16898
17:53:44.209 P 9506 780 328 1591 1512 -2 -1 -1468 16968
17:53:44.209 P 9511 803 189 1553 1755 0 0 -1550 16812
17:53:44.209 P 9515 817 109 1666 1805 0 1 -4632 16336
17:53:44.209 P 9520 774 -352 1515 -1570 1 2 -122 17000
17:53:44.209 P 9525 732 5 1690 1475 1 0 -952 16868
17:53:44.209 P 9530 733 -61 1533 1563 1 0 -3210 16868
17:53:44.209 P 9535 704 -191 1321 1334 1 1 -2372 16514
17:53:44.209 P 9540 673 -125 1373 -1332 0 1 -2026 16522
17:53:44.209 P 9544 661 -47 -1364 -1366 1 0 -2638 16506
17:53:44.209 P 9549 659 105 1503 -1337 0 0 -1124 16648
17:53:44.209 P 9553 668 142 1593 -1380 0 0 -2774 16298
17:53:44.209 P 9557 669 56 1465 -1575 0 0 -912 16310
17:53:44.209 P 9562 687 -16 -1575 -1564 0 -1 -4034 16876
17:53:44.209 P 9566 674 -133 -1576 -1811 0 0 -2100 17062
17:53:44.209 P 9570 666 100 -1615 -1654 -2 -2 -1148 16096
17:53:44.209 P 9575 701 354 1341 1357 -2 -2 -2056 16662
17:53:44.209 P 9580 745 305 1577 1304 -1 -2 -3480 15606
17:53:44.209 P 9585 760 183 1766 1440 0 0 1852 18308
17:53:44.209 P 9589 770 169 1659 1816 2 0 -758 17750
17:53:44.209 P 9594 778 -28 2013 1646 2 3 -4146 16446
17:53:44.209 P 9599 685 -846 -1437 -1577 3 4 4710 16880
17:53:44.209 P 9603 632 -188 1649 1411 2 3 288 16324
17:53:44.209 P 9608 623 192 2047 1504 3 3 -428 17314
17:53:44.209 P 9613 615 -141 1873 1549 4 4 -1442 16072
17:53:44.209 P 9618 586 -384 1792 -1431 5 4 -2690 16154
17:53:44.209 P 9622 516 -619 1323 -1453 4 4 -1048 16644
17:53:44.209 P 9627 444 -341 1551 -1521 3 4 -2560 16238
17:53:44.209 P 9631 404 -211 1538 -1668 2 3 -300 16838
17:53:44.209 P 9636 410 178 1712 -1681 0 3 -2452 16732
17:53:44.209 P 9641 453 358 1707 -1761 0 1 -2106 16582
17:53:44.209 P 9645 500 474 1749 -1670 0 0 -1962 16396
17:53:44.209 P 9648 544 487 1706 -1748 0 0 -1814 16984
17:53:44.209 P 9652 603 556 1794 -1643 0 0 -2140 16210
17:53:44.209 P 9656 681 722 1786 -1501 0 0 -2388 16398
17:53:44.209 P 9660 776 754 1694 -1435 1 0 -5416 16190
17:53:44.209 P 9664 826 49 1466 -1684 0 0 -2788 16790
17:53:44.209 P 9668 805 -131 -1334 -1874 -1 0 -608 16632
17:53:44.209 P 9672 774 -211 -1398 -1874 -2 0 -948 16812
17:53:44.209 P 9676 755 -162 -1525 -1886 -1 -2 -4344 16164
17:53:44.209 P 9681 704 -391 -1626 -1886 -2 -3 -2682 16396
17:53:44.209 P 9685 654 -339 -1652 -1883 -2 -4 -2532 16816
17:53:44.209 P 9689 618 -373 -1683 -1906 -4 -5 -3906 15942
17:53:44.209 P 9694 529 -603 -1735 -1905 -5 -6 -1662 16498
17:53:44.209 P 9698 447 -647 -1745 -1896 -5 -7 -730 17158
17:53:44.209 P 9703 344 -557 -1754 -1887 -5 -8 -508 17462
17:53:44.209 P 9707 261 -600 -1761 -1892 -6 -8 1258 16618
17:53:44.209 P 9711 194 -387 -1762 -1871 -6 -10 688 18628
17:53:44.209 P 9715 162 -29 -1703 -1853 -7 -9 70 17322
17:53:44.209 P 9720 179 310 -1521 -1810 -6 -10 -164 15620
17:53:44.209 P 9724 223 453 -1439 -1798 -6 -10 -372 14722
17:53:44.209 P 9729 303 636 -1401 -1806 -5 -10 -458 14116
17:53:44.209 P 9734 383 463 -1410 -1797 -4 -10 -2650 15152
17:53:44.209 P 9739 599 3326 2069 1713 -3 -8 -17242 19748
17:53:44.209 P 9744 944 993 1548 1392 1 -5 -7292 16674
17:53:44.209 P 9748 1019 630 2148 1736 1 -3 -480 15520
17:53:44.209 P 9753 1077 -57 2167 2050 5 0 -2444 21188
17:53:44.209 P 9758 954 -942 1917 1838 8 3 708 16704
17:53:44.209 P 9763 783 -906 1932 1736 8 5 128 15504
17:53:44.209 P 9768 652 -803 1860 1936 10 5 -2718 16808
17:53:44.209 P 9773 497 -1111 1508 1368 9 7 -1404 16704
17:53:44.209 P 9779 305 -965 -1354 1342 8 6 -1846 17088
17:53:44.209 P 9784 162 -917 -1714 -1599 7 5 -1852 16058
17:53:44.209 P 9789 20 -632 -1596 -1554 3 4 2106 17620
17:53:44.209 P 9794 19 577 1637 -1334 1 1 -1982 15762
17:53:44.209 P 9799 118 700 1614 1470 2 1 -290 16260
17:53:44.209 P 9805 235 515 1822 1460 3 2 -3178 16564
17:53:44.209 P 9810 259 72 -1338 1452 4 1 -500 17188
17:53:44.209 P 9815 267 186 1408 1565 3 1 -864 16552
17:53:44.209 P 9821 299 175 1448 1455 3 2 -994 16674
17:53:44.209 P 9826 326 241 1523 1478 3 1 -312 16706
17:53:44.209 P 9831 367 360 1880 1706 3 3 -1034 16680
17:53:44.209 P 9837 388 -91 1420 1767 4 3 -1314 16750
17:53:44.209 P 9842 362 -177 1520 1508 4 3 -1588 16682
17:53:44.209 P 9847 336 -65 1576 1556 3 3 -1628 16502
17:53:44.209 P 9853 323 29 1734 1636 4 3 -548 16914
17:53:44.209 P 9858 317 -31 1705 1744 4 4 -952 16674
17:53:44.209 P 9864 286 -202 1512 1445 5 4 42 16994
17:53:44.209 P 9870 254 -70 1587 1589 4 4 -390 16744
17:53:44.209 P 9875 242 12 1709 1680 4 4 -1090 16754
17:53:44.209 P 9881 232 -65 1669 1577 4 4 -1182 16840
17:53:44.209 P 9886 205 -153 1307 1547 5 4 -200 16742
17:53:44.209 P 9892 188 8 1613 1644 4 4 -492 17082
17:53:44.209 P 9897 185 6 1667 1629 4 4 -740 16816
17:53:44.209 P 9903 174 -68 1581 1469 4 4 -434 16706
17:53:44.209 P 9908 155 -61 1489 1529 5 4 -250 16506
17:53:44.209 P 9913 151 39 1640 1609 4 4 -254 16904
17:53:44.209 P 9919 157 41 1687 1596 4 4 -1172 16828
17:53:44.209 P 9924 141 -115 1339 1525 4 5 -852 16818
17:53:44.209 P 9929 126 -21 1486 1577 4 4 -572 16452
17:53:44.209 P 9934 123 12 1563 1569 4 4 -562 16884
17:53:44.209 P 9939 124 44 1678 1623 4 4 -880 16634
17:53:44.209 P 9943 119 -30 1462 1512 4 4 -946 16480
17:53:44.209 P 9949 108 -5 1480 1519 4 4 -604 17020
17:53:44.209 P 9954 108 27 1578 1532 4 4 -406 16558
17:53:44.209 P 9959 111 61 1637 1537 3 4 -714 16432
17:53:44.209 P 9964 113 39 1591 1507 4 4 -778 17106
17:53:44.209 P 9969 109 18 1514 1497 4 4 -650 16890
17:53:44.209 P 9974 112 79 1601 1557 3 4 -910 16452
17:53:44.209 P 9979 116 40 1607 1494 4 4 -688 17176
17:53:44.209 P 9984 116 38 1505 1503 3 3 -904 16370
17:53:44.209 P 9989 119 72 1597 1464 3 3 -508 16862
17:53:44.209 P 9994 126 55 1584 1444 3 3 -794 16528
17:53:44.209 P 9999 126 44 1483 1550 3 3 -934 17004
17:53:44.209 P 10004 126 40 1513 1490 4 3 -642 16800
17:53:44.209 P 10009 129 48 1550 1473 3 3 -386 16778
17:53:44.209 P 10014 132 47 1548 1482 3 3 -296 16968
17:53:44.209 P 10019 135 42 1503 1546 3 3 -532 16602
17:53:44.209 P 10024 139 55 1575 1425 3 3 -944 16684
17:53:44.209 P 10029 143 40 1571 1442 3 3 -352 16934
17:53:48.743 P 10034 143 27 1477 1486 2 3 -1002 16592
17:53:48.743 P 10039 142 45 1479 1458 1 3 -600 16474
17:53:48.743 P 10045 152 111 1568 1430 1 2 -600 16608
17:53:48.743 P 10050 161 59 1541 1449 2 3 -532 17002
17:53:48.743 P 10055 164 59 1543 1425 3 2 -680 16578
17:53:48.743 P 10060 167 51 1523 1394 1 1 -614 16810
17:53:48.743 P 10065 171 67 1488 1415 1 2 -258 16684
17:53:48.743 P 10070 180 102 1532 1465 1 2 -684 16786
17:53:48.743 P 10075 188 84 1516 1445 1 3 -1310 16804
17:53:48.743 P 10080 196 91 1570 1382 1 2 -1108 16642
17:53:48.743 P 10085 202 63 1500 1388 1 2 -1048 16796
17:53:48.743 P 10090 204 79 1515 1454 2 2 -712 16596
17:53:48.743 P 10095 214 100 1494 1434 1 1 -838 16742
17:53:48.743 P 10100 225 120 1585 1512 1 2 -918 16548
17:53:48.743 P 10105 232 55 1401 1487 2 1 -724 16814
17:53:48.743 P 10110 235 69 1483 1495 1 1 -196 16776
17:53:48.743 P 10115 247 107 1620 1401 0 1 -372 16714
17:53:48.743 P 10119 255 71 1497 1491 1 0 -758 16786
17:53:48.743 P 10124 253 34 1396 1537 1 1 -1050 16710
17:53:48.743 P 10129 255 56 1532 1435 2 1 126 16882
17:53:48.743 P 10134 264 101 1584 1568 1 2 -1228 16646
17:53:48.743 P 10139 264 -27 1425 1463 1 1 -474 16832
17:53:48.743 P 10143 259 9 1481 1445 1 2 140 16798
17:53:48.743 P 10147 261 61 1506 1432 1 2 -112 16858
17:53:48.743 P 10152 267 97 1609 1506 1 1 -982 16658
17:53:48.743 P 10157 273 48 1589 1465 2 1 -542 16706
17:53:48.743 P 10162 265 -33 1331 1519 2 2 -862 16834
17:53:48.743 P 10167 260 31 1500 1398 1 1 -324 16754
17:53:48.743 P 10172 268 100 1622 1475 1 1 -1550 16712
17:53:48.743 P 10177 263 -1 1415 1588 2 2 -178 16920
17:53:48.743 P 10182 265 90 1593 1441 2 1 -1388 16664
17:53:48.743 P 10187 266 41 1464 1490 1 1 -670 16724
17:53:48.743 P 10192 268 92 1545 1532 1 2 -1136 16722
17:53:48.743 P 10197 273 94 1608 1534 2 2 -658 16698
17:53:48.743 P 10202 274 24 1483 1455 2 1 -578 16756
17:53:48.743 P 10206 273 58 1614 1508 1 2 -86 16734
17:53:48.743 P 10211 277 35 1520 1528 2 2 -724 16778
17:53:48.743 P 10216 276 33 1538 1474 2 2 -520 16828
17:53:48.743 P 10220 276 41 1536 1509 1 1 -682 16728
17:53:48.743 P 10225 278 39 1469 1526 1 2 -934 16774
17:53:48.743 P 10230 282 55 1557 1515 2 1 -580 16740
17:53:48.743 P 10235 282 -2 1436 1393 1 1 -240 16842
17:53:48.743 P 10240 285 81 1576 1527 1 1 -490 16850
17:53:48.743 P 10245 290 17 1532 1451 2 1 -338 16800
17:53:48.743 P 10249 290 42 1557 1521 1 2 -706 16712
17:53:48.743 P 10254 290 16 1421 1528 1 1 -542 16842
17:53:48.743 P 10259 290 38 1504 1504 2 1 -608 16900
17:53:48.743 P 10264 294 61 1598 1436 1 1 -1846 16660
17:53:48.743 P 10269 288 3 1455 1525 2 1 -134 16622
17:53:48.743 P 10274 289 10 1493 1396 1 1 -400 16730
17:53:48.743 P 10279 284 30 1497 1504 1 1 182 16912
17:53:48.743 P 10284 286 49 1532 1497 2 2 -644 16770
17:53:48.743 P 10289 285 35 1507 1516 1 2 -528 16834
17:53:48.743 P 10294 284 23 1503 1568 3 3 -540 16912
17:53:48.743 P 10299 287 52 1589 1492 2 1 -1186 16516
17:53:48.743 P 10304 283 -19 1534 1432 3 2 -268 16884
17:53:48.743 P 10310 278 51 1509 1538 2 1 -1388 16628
17:53:48.743 P 10315 279 51 1574 1483 3 1 -1146 16770
17:53:48.743 P 10320 279 27 1529 1439 2 1 -160 16804
17:53:48.743 P 10326 282 38 1531 1535 1 2 -898 16770
17:53:48.743 P 10331 281 50 1468 1569 1 2 -1018 16664
17:53:48.743 P 10336 284 88 1543 1564 1 2 -872 16684
17:53:48.743 P 10341 291 87 1624 1519 1 1 -1354 16708
17:53:48.743 P 10346 288 10 1438 1510 1 1 -580 16834
17:53:48.743 P 10352 290 47 1539 1520 2 2 -720 16806
17:53:48.743 P 10356 290 56 1540 1502 2 1 -264 16868
17:53:48.743 P 10362 291 27 1567 1515 2 1 -954 16634
17:53:48.743 P 10367 288 19 1540 1484 2 2 -994 16716
17:53:48.743 P 10372 284 40 1563 1547 2 2 -244 16778
17:53:48.743 P 10377 287 61 1618 1532 1 1 -1132 16636
17:53:48.743 P 10383 278 -12 1450 1554 1 2 -394 16966
17:53:48.743 P 10388 274 10 1511 1498 2 3 -650 16820
17:53:48.743 P 10393 272 11 1540 1502 2 2 -772 16602
17:53:48.743 P 10398 269 31 1576 1492 2 2 -702 16706
17:53:48.743 P 10402 267 44 1559 1500 2 2 -828 16730
17:53:48.743 P 10407 265 41 1511 1487 2 1 -1274 16726
17:53:48.743 P 10412 264 30 1527 1462 3 2 -36 16724
17:53:48.743 P 10418 267 57 1545 1546 2 2 -1068 16734
17:53:48.743 P 10423 268 28 1539 1461 2 2 -596 16990
17:53:48.743 P 10428 268 63 1545 1504 2 1 -848 16724
17:53:48.743 P 10432 268 54 1523 1509 2 1 -912 16730
17:53:48.743 P 10437 271 67 1566 1458 2 1 -648 16520
17:53:48.743 P 10442 272 67 1510 1588 2 2 -1054 16708
17:53:48.743 P 10447 275 35 1529 1501 2 2 -1014 16914
17:53:48.743 P 10451 275 30 1485 1532 1 2 -752 16608
17:53:48.743 P 10456 275 36 1556 1489 3 2 -346 16792
17:53:48.743 P 10460 275 31 1554 1473 1 2 -226 16898
17:53:48.743 P 10465 275 45 1560 1500 2 2 -1102 16770
17:53:48.743 P 10470 273 35 1584 1506 2 2 -546 16868
17:53:48.743 P 10475 273 31 1504 1523 2 2 -486 16604
17:53:48.743 P 10479 275 54 1505 1550 2 1 -1752 16728
17:53:48.743 P 10484 274 35 1572 1459 1 2 -966 16804
17:53:48.743 P 10489 274 48 1514 1523 2 2 -810 16746
17:53:48.743 P 10493 274 35 1568 1430 2 2 -242 16744
17:53:48.743 P 10498 276 66 1570 1515 1 2 -966 16692
17:53:48.743 P 10503 275 38 1496 1532 2 2 -684 16754
17:53:48.743 P 10507 276 72 1585 1460 2 1 -826 16756
17:53:48.743 P 10512 280 80 1523 1494 2 1 -1026 16774
17:53:48.743 P 10517 282 82 1553 1533 1 2 -1104 16710
17:53:48.743 P 10521 285 72 1644 1471 2 2 -854 16738
17:53:48.743 P 10526 284 40 1514 1509 3 1 -1094 16740
17:53:48.743 P 10530 281 30 1443 1597 2 1 -1670 16678
17:53:48.743 P 10535 278 32 1601 1441 2 1 -432 17036
17:53:48.743 P 10540 283 91 1659 1523 2 2 -908 16802
17:53:48.743 P 10545 276 -70 1326 1583 3 3 -1038 16756
17:53:48.743 P 10549 264 -48 1369 1432 3 2 -810 16676
17:53:48.743 P 10554 261 84 1605 1462 1 2 -946 16806
17:53:48.743 P 10559 263 40 1501 1516 1 1 -1282 16666
17:53:48.743 P 10563 262 48 1475 1557 2 2 -870 16718
17:53:48.743 P 10568 267 85 1518 1527 2 2 -908 16680
17:53:48.743 P 10573 273 63 1542 1518 2 2 -948 16870
17:53:48.743 P 10577 277 59 1481 1541 1 2 -610 16828
17:53:48.743 P 10582 285 82 1524 1540 1 1 -1490 16620
17:53:48.743 P 10586 286 32 1517 1518 2 2 -456 16760
17:53:48.743 P 10591 289 62 1581 1579 2 2 -718 16688
17:53:48.743 P 10595 291 54 1537 1511 2 1 -396 16858
17:53:48.743 P 10600 293 34 1502 1513 3 1 -1092 16848
17:53:48.743 P 10605 290 37 1525 1509 2 1 -458 16826
17:53:48.743 P 10609 291 66 1541 1565 1 2 -1166 16664
17:53:48.743 P 10614 293 49 1580 1474 1 1 -1524 16790
17:53:48.743 P 10618 290 3 1526 1461 1 2 -704 16678
17:53:48.743 P 10623 289 58 1562 1478 2 2 -1294 16750
17:53:48.743 P 10628 290 48 1559 1499 2 2 -700 16832
17:53:48.743 P 10633 292 62 1524 1527 2 1 -770 16850
17:53:48.743 P 10637 295 79 1555 1541 1 1 -1078 16658
17:53:48.743 P 10642 298 61 1551 1499 1 1 -1638 16648
17:53:48.743 P 10647 297 42 1530 1498 2 1 -632 16880
17:53:48.743 P 10652 300 53 1610 1478 2 2 -998 16838
17:53:48.743 P 10656 298 23 1581 1470 2 3 -962 16636
17:53:48.743 P 10661 295 28 1536 1506 1 2 -558 16864
17:53:48.743 P 10666 295 36 1564 1519 2 2 -698 16722
17:53:48.743 P 10671 294 38 1533 1558 2 2 -814 16832
17:53:48.743 P 10675 294 36 1531 1499 1 3 -890 16752
17:53:48.743 P 10680 292 28 1551 1455 1 2 -412 16748
17:53:48.743 P 10685 291 42 1498 1542 1 1 -1240 16700
17:53:48.743 P 10690 292 63 1556 1546 1 1 -1008 16612
17:53:48.743 P 10695 296 58 1571 1511 1 1 -1472 16574
17:53:48.743 P 10700 294 34 1529 1460 1 1 -488 16934
17:53:48.743 P 10705 296 61 1607 1474 1 1 -1002 16782
17:53:48.743 P 10710 295 5 1502 1485 1 2 -334 16716
17:53:48.743 P 10715 295 60 1556 1503 1 2 -1158 16762
17:53:48.743 P 10720 298 40 1598 1464 1 2 -322 16808
17:53:48.743 P 10724 299 10 1534 1441 3 2 -746 16748
17:53:48.743 P 10729 296 35 1552 1428 2 1 -882 16742
17:53:48.743 P 10734 296 26 1576 1424 2 1 -292 16736
17:53:48.743 P 10739 296 27 1506 1454 2 1 -518 16926
17:53:48.743 P 10744 298 65 1552 1480 1 2 -1244 16674
17:53:48.743 P 10749 301 45 1575 1429 1 2 -498 16598
17:53:48.743 P 10754 302 45 1565 1482 2 1 -468 16852
17:53:48.743 P 10758 304 59 1523 1523 1 2 -1010 16812
17:53:48.743 P 10763 309 84 1597 1474 2 1 -1664 16568
17:53:48.743 P 10768 310 29 1504 1467 2 1 -748 16816
17:53:48.743 P 10773 308 47 1498 1540 1 2 -1134 16668
17:53:48.743 P 10777 307 41 1487 1446 2 0 -536 17010
17:53:48.743 P 10782 312 67 1566 1527 1 2 -1452 16836
17:53:48.743 P 10787 312 1 1531 1408 1 2 96 16822
17:53:48.743 P 10791 312 54 1507 1498 1 2 -606 16804
17:53:48.743 P 10796 318 101 1592 1478 1 1 -1394 16710
17:53:48.743 P 10801 321 44 1519 1553 1 2 -780 16734
17:53:48.743 P 10806 322 37 1567 1478 2 1 -504 16828
17:53:48.743 P 10811 322 39 1545 1446 1 2 -894 16710
17:53:48.743 P 10816 325 71 1559 1491 1 1 -828 16712
17:53:48.743 P 10820 325 33 1538 1482 1 1 -426 16778
17:53:48.743 P 10825 325 57 1534 1538 2 1 -1642 16802
17:53:48.743 P 10830 324 26 1554 1449 1 1 -112 16784
17:53:48.743 P 10834 324 11 1553 1424 2 1 -654 16940
17:53:48.743 P 10839 321 14 1532 1460 1 2 -1118 16652
17:53:48.743 P 10844 319 50 1538 1434 2 0 -818 16790
17:53:48.743 P 10848 322 66 1530 1492 2 1 -786 16726
17:53:48.743 P 10853 327 55 1537 1423 1 1 -1284 16740
17:53:48.743 P 10857 328 53 1555 1493 1 2 -1346 16696
17:53:48.743 P 10862 328 38 1416 1439 0 0 -630 16828
17:53:48.743 P 10866 332 101 1573 1515 1 1 -1140 16696
17:53:48.743 P 10871 340 85 1530 1455 1 1 -684 16758
17:53:48.743 P 10875 346 60 1566 1470 1 2 -924 16736
17:53:48.743 P 10880 346 46 1475 1461 0 1 -1056 16746
17:53:48.743 P 10884 347 54 1576 1438 1 1 -698 16804
17:53:48.743 P 10889 352 77 1552 1484 1 1 -1034 16706
17:53:48.743 P 10893 354 41 1555 1458 0 1 -420 16758
17:53:48.743 P 10898 356 52 1577 1452 1 1 -1560 16682
17:53:48.743 P 10902 353 4 1516 1398 1 1 -926 16732
17:53:48.743 P 10907 348 16 1535 1344 1 1 -360 16820
17:53:48.743 P 10912 348 60 1503 1456 1 1 -1366 16808
17:53:48.743 P 10916 351 71 1569 1398 1 0 -894 16674
17:53:48.743 P 10920 354 72 1506 1503 1 1 -690 16688
17:53:48.743 P 10925 362 71 1609 1370 2 1 -1194 16712
17:53:48.743 P 10929 364 44 1451 1405 1 1 -846 16762
17:53:48.743 P 10934 363 52 1457 1469 1 0 -1468 16696
17:53:48.743 P 10938 365 65 1553 1385 0 1 -1060 16724
17:53:48.743 P 10943 370 82 1456 1473 0 1 -872 16766
17:53:48.743 P 10947 379 126 1613 1506 0 1 -1270 16774
17:53:48.743 P 10951 387 58 1542 1388 0 1 -1240 16742
17:53:48.743 P 10955 383 24 1372 1479 1 0 -924 16726
17:53:48.743 P 10959 385 75 1414 1541 0 1 -1254 16682
17:53:48.743 P 10963 391 111 1646 1329 0 1 -894 16896
17:53:48.743 P 10968 400 56 1603 1427 1 1 -1300 16814
17:53:49.195 P 10972 38mpu_set_sensor complete ......
17:53:49.418 mpu_set_sensor complete ......
17:53:49.418 mpu_configure_fifo complete ......
17:53:49.418 mpu_set_sample_rate complete ......
17:53:49.853 dmp_load_motion_driver_firmware complete ......
17:53:49.853 dmp_set_orientation complete ......
17:53:49.853 dmp_enable_feature complete ......
17:53:49.853 dmp_set_fifo_rate complete ......
17:53:50.722 mpu_set_dmp_state complete ......
17:53:51.563 mode 28 RL
17:53:51.754 P 1 729 -129 0 0 0 0 -2136 16684
17:53:51.754 P 2 675 -132 0 0 0 1 -1880 16858
17:53:51.754 P 3 654 -143 0 0 0 0 -1890 16662
17:53:51.754 P 4 565 -148 0 0 0 0 -1436 16612
17:53:51.754 P 5 534 -145 0 0 0 0 -1588 16682
17:53:51.754 P 6 480 -149 0 0 0 0 -1362 16820
17:53:51.754 P 7 432 -147 0 0 0 1 -1240 16726
17:53:51.754 P 8 419 -137 0 0 0 0 -1356 16654
17:53:51.754 P 9 429 -134 0 0 0 0 -1484 16514
17:53:51.754 P 10 446 -134 0 0 0 0 -1548 16396
17:53:51.754 P 11 497 -133 0 0 0 0 -1904 16530
17:53:51.754 P 12 522 -136 0 0 0 1 -1792 16722
17:53:51.754 P 13 531 -142 0 0 0 0 -1704 16912
17:53:51.754 P 14 536 -147 0 0 0 0 -1668 16828
17:53:51.754 P 15 549 -151 0 0 0 0 -1780 16756
17:53:51.754 P 16 552 -157 0 0 0 1 -1668 16664
17:53:51.754 P 17 537 -160 0 0 0 0 -1440 16748
17:53:51.754 P 18 524 -157 0 0 0 1 -1404 16620
17:53:51.754 P 19 496 -157 0 0 0 0 -1172 16740
17:53:51.754 P 20 464 -153 0 0 0 0 -1028 16818
17:53:51.754 P 21 427 -145 0 0 0 1 -846 16752
17:53:51.754 P 22 398 -134 0 0 0 0 -884 16676
17:53:51.754 P 23 368 -123 0 0 0 0 -780 16656
17:53:51.754 P 24 332 -110 0 0 0 0 -590 16786
17:53:51.754 P 25 289 -91 0 0 0 1 -340 16824
17:53:51.754 P 26 253 -60 0 0 0 0 -346 16830
17:53:51.754 P 27 227 -26 0 0 0 0 -444 16756
17:53:51.754 P 28 212 7 0 0 0 1 -594 16734
17:53:51.754 P 29 220 33 0 0 0 0 -1054 16786
17:53:51.754 P 30 220 41 0 0 0 0 -870 16852
17:53:51.754 P 31 206 52 0 0 0 1 -530 16982
17:53:51.754 P 32 185 74 0 0 0 0 -318 16770
17:53:51.754 P 33 171 99 0 0 0 -1 -390 16676
17:53:51.754 P 34 159 128 0 0 0 0 -408 16578
17:53:51.754 P 35 158 157 0 0 0 0 -626 16660
17:53:51.754 P 36 166 182 0 0 0 0 -856 16850
17:53:51.754 P 37 183 197 0 0 0 0 -1126 16730
17:53:51.957 D 265 1 6.43 0.000 0 0 0.00
17:53:51.957 P 38 197 200 0 0 0 0 -1074 16626
17:53:51.957 P 39 235 204 0 0 0 0 -1766 16452
17:53:51.957 P 40 257 180 0 0 0 0 -1458 16776
17:53:51.957 P 41 269 169 0 0 0 0 -1202 16858
17:53:51.957 P 42 277 177 0 0 0 0 -1092 16716
17:53:51.957 P 43 294 187 0 0 0 0 -1390 16644
17:53:51.957 P 44 318 185 0 0 0 0 -1698 16642
17:53:51.957 P 45 341 180 0 0 0 0 -1712 16710
17:53:51.957 P 46 364 180 0 0 0 0 -1790 16868
17:53:51.957 P 47 387 170 0 0 0 0 -1842 16786
17:53:51.957 P 48 406 160 0 0 0 0 -1744 16682
17:53:51.957 P 49 422 160 0 0 0 0 -1718 16670
17:53:51.957 P 50 444 162 0 0 0 0 -1978 16692
17:53:51.957 P 51 459 153 0 0 0 0 -1754 16636
17:53:51.957 P 52 473 150 0 0 0 0 -1768 16686
17:53:51.957 P 53 489 152 0 0 0 0 -1878 16702
17:53:51.957 P 54 534 151 0 0 0 0 -3132 16592
17:53:51.957 P 55 564 93 0 0 0 0 -2650 16640
17:53:51.957 P 56 545 55 0 0 0 0 -756 16796
17:53:51.957 P 57 545 90 0 0 0 0 -1468 16646
17:53:51.957 P 58 561 82 0 0 0 0 -2136 16572
17:53:51.957 P 59 561 57 0 0 0 0 -1504 16632
17:53:51.957 P 60 566 71 0 0 0 0 -1744 16686
17:53:51.957 P 61 578 77 0 0 0 0 -2076 16712
17:53:51.957 P 62 583 51 0 0 0 -1 -1814 16690
17:53:51.957 P 63 590 44 0 0 0 0 -1918 16686
17:53:51.957 P 64 598 46 0 0 0 0 -1986 16644
17:53:51.957 P 65 603 38 0 0 0 0 -1884 16666
17:53:51.957 P 66 602 27 0 0 0 0 -1586 16714
17:53:51.957 P 67 602 24 0 0 0 0 -1654 16646
17:53:51.957 P 68 601 26 0 0 0 0 -1606 16642
17:53:51.957 P 69 600 26 0 0 0 0 -1622 16768
17:53:51.957 P 70 602 20 0 0 0 0 -1790 16586
17:53:51.957 P 71 610 8 0 0 0 0 -2080 16650
17:53:51.957 P 72 610 1 0 0 0 0 -1744 16686
17:53:51.957 P 73 611 1 0 0 0 0 -1758 16850
17:53:51.957 P 74 611 -4 0 0 0 0 -1734 16878
17:53:51.957 P 75 605 -12 0 0 0 0 -1412 16508
17:53:51.957 P 76 598 -8 0 0 0 0 -1310 16522
17:53:51.957 P 77 594 3 0 0 0 0 -1424 16614
17:53:51.957 P 78 590 5 0 0 0 0 -1444 16694
17:53:52.164 D 470 1 6.58 0.000 0 0 0.00
17:53:52.164 P 79 585 7 0 0 0 0 -1404 16734
17:53:52.164 P 80 582 10 0 0 0 0 -1472 16818
17:53:52.164 P 81 578 12 0 0 0 0 -1430 16740
17:53:52.164 P 82 573 14 0 0 0 0 -1336 16644
17:53:52.164 P 83 566 18 0 0 0 0 -1166 16808
17:53:52.164 P 84 560 28 0 0 0 0 -1218 16750
17:53:52.164 P 85 554 32 0 0 0 0 -1180 16836
17:53:52.164 P 86 539 43 0 0 0 0 -612 16776
17:53:52.164 P 87 531 70 0 0 0 0 -938 16760
17:53:52.164 P 88 529 83 0 0 0 0 -1254 16522
17:53:52.164 P 89 522 88 0 0 0 0 -930 16464
17:53:52.164 P 90 526 102 0 0 0 0 -1650 16908
17:53:52.164 P 91 527 103 0 0 0 0 -1484 16716
17:53:52.164 P 92 535 108 0 0 0 0 -1946 16834
17:53:52.164 P 93 545 98 0 0 0 0 -2136 16958
17:53:52.164 P 94 556 78 0 0 0 0 -2216 16594
17:53:52.164 P 95 566 61 0 0 0 0 -2224 16558
17:53:52.164 P 96 556 57 0 0 0 0 -812 16942
17:53:52.164 P 97 574 78 0 0 0 0 -2906 17086
17:53:52.164 P 98 576 37 0 0 0 0 -1710 16154
17:53:52.164 P 99 575 27 0 0 0 0 -1494 16012
17:53:52.164 P 100 583 40 0 0 0 0 -2216 16846
17:53:52.164 P 101 592 24 0 0 0 0 -2338 16710
17:53:52.164 P 102 596 0 0 0 0 0 -1998 16900
17:53:52.164 P 103 604 -10 0 0 0 0 -2426 17026
17:53:52.164 P 104 622 -37 0 0 0 0 -3274 16636
17:53:52.164 P 105 635 -94 0 0 0 0 -2986 16408
17:53:52.164 P 106 640 -123 0 0 0 0 -2424 16600
17:53:52.164 P 107 647 -115 0 0 0 0 -2654 16450
17:53:52.164 P 108 651 -137 0 0 0 0 -2436 16586
17:53:52.164 P 109 645 -171 0 0 0 0 -1732 16982
17:53:52.164 P 110 638 -182 0 0 0 0 -1688 16860
17:53:52.164 P 111 630 -189 0 0 0 0 -1568 16596
17:53:52.164 P 112 617 -196 0 0 0 0 -1188 16518
17:53:52.164 P 113 601 -190 0 0 0 0 -836 16534
17:53:52.164 P 114 586 -167 0 0 0 0 -866 16788
17:53:52.164 P 115 571 -148 0 0 0 0 -780 16932
17:53:52.164 P 116 555 -133 0 0 0 0 -566 16836
17:53:52.164 P 117 539 -114 0 0 0 0 -510 16740
17:53:52.164 P 118 524 -94 0 0 0 0 -478 16710
17:53:52.164 P 119 509 -80 0 0 0 0 -450 16632
17:53:52.379 D 675 1 5.58 0.000 0 0 0.00
17:53:52.379 P 120 495 -64 0 0 0 0 -396 16756
17:53:52.379 P 121 484 -46 0 0 0 0 -656 16886
17:53:52.379 P 122 475 -38 0 0 0 0 -724 16932
17:53:52.379 P 123 467 -32 0 0 0 0 -784 16704
17:53:52.379 P 124 459 -24 0 0 0 0 -780 16710
17:53:52.379 P 125 453 -6 0 0 0 0 -820 16752
17:53:52.379 P 126 450 30 0 0 0 0 -1068 16688
17:53:52.379 P 127 448 41 0 0 0 0 -1082 16764
17:53:52.379 P 128 445 41 0 0 0 0 -966 16824
17:53:52.379 P 129 444 41 0 0 0 0 -1170 16686
17:53:52.379 P 130 442 34 0 0 0 0 -1120 16772
17:53:52.379 P 131 440 37 0 0 0 0 -1018 16638
17:53:52.379 P 132 441 57 0 0 0 0 -1342 16670
17:53:52.379 P 133 443 61 0 0 0 0 -1370 16780
17:53:52.379 P 134 444 52 0 0 0 0 -1372 16686
17:53:52.379 P 135 446 45 0 0 0 0 -1476 16736
17:53:52.379 P 136 448 39 0 0 0 0 -1456 16708
17:53:52.379 P 137 450 40 0 0 0 0 -1436 16784
17:53:52.379 P 138 452 43 0 0 0 0 -1508 16774
17:53:52.379 P 139 453 41 0 0 0 0 -1400 16726
17:53:52.379 P 140 454 33 0 0 0 0 -1416 16750
17:53:52.379 P 141 454 27 0 0 0 0 -1316 16804
17:53:52.379 P 142 453 25 0 0 0 0 -1238 16736
17:53:52.379 P 143 452 28 0 0 0 0 -1216 16700
17:53:52.379 P 144 451 30 0 0 0 0 -1182 16796
17:53:52.379 P 145 449 30 0 0 0 0 -1180 16786
17:53:52.379 P 146 447 29 0 0 0 0 -1092 16658
17:53:52.379 P 147 445 37 0 0 0 0 -1046 16792
17:53:52.379 P 148 444 45 0 0 0 0 -1148 16906
17:53:52.379 P 149 443 50 0 0 0 0 -1186 16812
17:53:52.379 P 150 443 52 0 0 0 0 -1200 16854
17:53:52.379 P 151 444 52 0 0 0 0 -1330 16680
17:53:52.379 P 152 445 51 0 0 0 0 -1322 16682
17:53:52.379 P 153 444 52 0 0 0 0 -1174 16748
17:53:52.379 P 154 445 55 0 0 0 0 -1276 16762
17:53:52.379 P 155 446 57 0 0 0 0 -1296 16616
17:53:52.379 P 156 446 53 0 0 0 0 -1270 16738
17:53:52.379 P 157 447 52 0 0 0 0 -1306 16564
17:53:52.379 P 158 447 53 0 0 0 0 -1280 16702
17:53:52.379 P 159 447 54 0 0 0 0 -1258 16788
17:53:52.379 P 160 446 57 0 0 0 0 -1038 16732
17:53:52.379 P 161 445 63 0 0 0 0 -1142 16696
17:53:52.379 P 162 445 64 0 0 0 0 -1212 16654
17:53:52.585 D 890 1 5.75 0.000 0 0 0.00
17:53:52.585 P 163 445 64 0 0 0 0 -1194 16718
17:53:52.585 P 164 446 64 0 0 0 0 -1216 16774
17:53:52.585 P 165 446 63 0 0 0 0 -1192 16788
17:53:52.585 P 166 446 66 0 0 0 0 -1200 16670
17:53:52.585 P 167 446 68 0 0 0 0 -1220 16758
17:53:52.585 P 168 448 74 0 0 0 0 -1352 16622
17:53:52.585 P 169 450 78 0 0 0 0 -1414 16636
17:53:52.585 P 170 451 75 0 0 0 0 -1370 16688
17:53:52.585 P 171 453 73 0 0 0 0 -1434 16746
17:53:52.585 P 172 456 68 0 0 0 0 -1474 16678
17:53:52.585 P 173 457 64 0 0 0 0 -1368 16842
17:53:52.585 P 174 458 61 0 0 0 0 -1404 16700
17:53:52.585 P 175 460 62 0 0 0 0 -1444 16680
17:53:52.585 P 176 461 59 0 0 0 0 -1440 16724
17:53:52.585 P 177 462 57 0 0 0 0 -1358 16730
17:53:52.585 P 178 463 54 0 0 0 0 -1448 16694
17:53:52.585 P 179 464 51 0 0 0 0 -1338 16708
17:53:52.585 P 180 464 49 0 0 0 0 -1308 16706
17:53:52.585 P 181 464 48 0 0 0 0 -1302 16774
17:53:52.585 P 182 464 47 0 0 0 0 -1314 16652
17:53:52.585 P 183 464 49 0 0 0 0 -1282 16700
17:53:52.585 P 184 464 50 0 0 0 0 -1292 16702
17:53:52.585 P 185 464 51 0 0 0 0 -1288 16680
17:53:52.585 P 186 464 52 0 0 0 0 -1296 16740
17:53:52.585 P 187 464 52 0 0 0 0 -1308 16752
17:53:52.585 P 188 464 53 0 0 0 0 -1294 16834
17:53:52.585 P 189 464 56 0 0 0 0 -1266 16656
17:53:52.585 P 190 465 57 0 0 0 0 -1356 16690
17:53:52.585 P 191 466 56 0 0 0 0 -1348 16688
17:53:52.585 P 192 467 54 0 0 0 0 -1392 16738
17:53:52.585 P 193 467 53 0 0 0 0 -1408 16692
17:53:52.585 P 194 468 51 0 0 0 0 -1436 16746
17:53:52.585 P 195 469 50 0 0 0 0 -1396 16624
17:53:52.585 P 196 470 47 0 0 0 0 -1482 16612
17:53:52.585 P 197 471 44 0 0 0 0 -1494 16688
17:53:52.585 P 198 472 42 0 0 0 0 -1486 16756
17:53:52.585 P 199 473 39 0 0 0 0 -1510 16802
17:53:52.585 P 200 474 36 0 0 0 0 -1480 16744
17:53:52.585 P 201 475 31 0 0 0 0 -1504 16656
17:53:52.585 P 202 475 29 0 0 0 0 -1456 16730
17:53:52.585 P 203 476 25 0 0 0 0 -1492 16756
17:53:52.585 P 204 476 23 0 0 0 0 -1466 16696
17:53:52.809 D 1100 1 5.64 0.000 0 0 0.00
17:53:52.809 P 205 476 17 0 0 0 0 -1506 16678
17:53:52.809 P 206 477 15 0 0 0 0 -1532 16724
17:53:52.809 P 207 476 10 0 0 0 0 -1460 16636
17:53:52.809 P 208 477 6 0 0 0 0 -1578 16706
17:53:52.809 P 209 477 -1 0 0 0 0 -1570 16636
17:53:52.809 P 210 478 -6 0 0 0 0 -1644 16708
17:53:52.809 P 211 478 -16 0 0 0 0 -1748 16630
17:53:52.809 P 212 480 -24 0 0 0 0 -1824 16560
17:53:52.809 P 213 481 -37 0 0 0 0 -1836 16578
17:53:52.809 P 214 481 -53 0 0 0 0 -1946 16690
17:53:52.809 P 215 482 -68 0 0 0 0 -1942 16484
17:53:52.809 P 216 482 -83 0 0 0 0 -1960 16670
17:53:52.809 P 217 482 -99 0 0 0 0 -1896 16764
17:53:52.809 P 218 480 -116 0 0 0 0 -1876 16660
17:53:52.809 P 219 477 -130 0 0 0 0 -1684 16736
17:53:52.809 P 220 474 -141 0 0 0 0 -1634 16712
17:53:52.809 P 221 469 -154 0 0 0 0 -1478 16710
17:53:52.809 P 222 463 -160 0 0 0 0 -1292 16674
17:53:52.809 P 223 457 -161 0 0 0 0 -1310 16710
17:53:52.809 P 224 450 -167 0 0 0 0 -1132 16662
17:53:52.809 P 225 441 -167 0 0 0 0 -736 16694
17:53:52.809 P 226 432 -152 0 0 0 0 -732 16660
17:53:52.809 P 227 423 -147 0 0 0 0 -558 16774
17:53:52.809 P 228 412 -137 0 0 0 0 -228 16786
17:53:52.809 P 229 403 -115 0 0 0 0 -480 16580
17:53:52.809 P 230 395 -99 0 0 0 0 -438 16706
17:53:52.809 P 231 387 -88 0 0 0 0 -410 16770
17:53:52.809 P 232 381 -72 0 0 0 0 -564 16768
17:53:52.809 P 233 376 -59 0 0 0 0 -692 16794
17:53:52.809 P 234 371 -53 0 0 0 0 -776 16756
17:53:52.809 P 235 367 -44 0 0 0 0 -762 16680
17:53:52.809 P 236 365 -38 0 0 0 0 -1020 16772
17:53:52.809 P 237 363 -38 0 0 0 0 -1116 16816
17:53:52.809 P 238 361 -42 0 0 0 0 -1238 16836
17:53:52.809 P 239 361 -48 0 0 0 0 -1374 16754
17:53:52.809 P 240 360 -58 0 0 0 0 -1450 16690
17:53:52.809 P 241 359 -67 0 0 0 0 -1390 16666
17:53:52.809 P 242 357 -77 0 0 0 0 -1244 16784
17:53:52.809 P 243 354 -85 0 0 0 0 -1074 16792
17:53:52.809 P 244 350 -88 0 0 0 0 -984 16748
17:53:52.809 P 245 345 -92 0 0 0 0 -858 16708
17:53:52.809 P 246 340 -89 0 0 0 0 -702 16638
17:53:52.809 P 247 335 -84 0 0 0 0 -636 16714
17:53:52.809 P 248 329 -78 0 0 0 0 -528 16820
17:53:53.008 D 1320 1 4.05 0.000 0 0 0.00
17:53:53.008 P 249 323 -69 0 0 0 0 -420 16920
17:53:53.008 P 250 317 -59 0 0 0 0 -354 16834
17:53:53.008 P 251 311 -47 0 0 0 0 -326 16844
17:53:53.008 P 252 305 -34 0 0 0 0 -248 16660
17:53:53.008 P 253 300 -17 0 0 0 0 -194 16780
17:53:53.008 P 254 295 -3 0 0 0 0 -216 16920
17:53:53.008 P 255 292 10 0 0 0 0 -330 16836
17:53:53.008 P 256 289 23 0 0 0 0 -436 16844
17:53:53.008 P 257 287 32 0 0 0 0 -548 16760
17:53:53.008 P 258 287 39 0 0 0 0 -694 16712
17:53:53.008 P 259 287 42 0 0 0 0 -860 16652
17:53:53.008 P 260 287 43 0 0 0 0 -904 16672
17:53:53.008 P 261 288 40 0 0 0 0 -980 16764
17:53:53.008 P 262 289 36 0 0 0 0 -1072 16744
17:53:53.008 P 263 290 30 0 0 0 0 -1102 16676
17:53:53.008 P 264 292 23 0 0 0 0 -1154 16730
17:53:53.008 P 265 292 18 0 0 0 0 -1082 16774
17:53:53.008 P 266 292 13 0 0 0 0 -930 16692
17:53:53.008 P 267 291 8 0 0 0 0 -840 16766
17:53:53.008 P 268 290 7 0 0 0 0 -846 16776
17:53:53.008 P 269 288 8 0 0 0 0 -730 16756
17:53:53.008 P 270 287 10 0 0 0 0 -694 16738
17:53:53.008 P 271 285 13 0 0 0 0 -682 16766
17:53:53.008 P 272 284 16 0 0 0 0 -678 16738
17:53:53.008 P 273 283 19 0 0 0 0 -690 16824
17:53:53.008 P 274 282 23 0 0 0 0 -720 16842
17:53:53.008 P 275 281 26 0 0 0 0 -696 16690
17:53:53.008 P 276 280 28 0 0 0 0 -704 16762
17:53:53.008 P 277 280 29 0 0 0 0 -822 16804
17:53:53.008 P 278 280 29 0 0 0 0 -876 16656
17:53:53.008 P 279 280 25 0 0 0 0 -886 16666
17:53:53.008 P 280 280 23 0 0 0 0 -954 16792
17:53:53.008 P 281 280 20 0 0 0 0 -986 16854
17:53:53.008 P 282 280 17 0 0 0 0 -956 16634
17:53:53.008 P 283 280 13 0 0 0 0 -938 16662
17:53:53.008 P 284 280 9 0 0 0 0 -902 16814
17:53:53.008 P 285 279 7 0 0 0 0 -888 16834
17:53:53.008 P 286 278 5 0 0 0 0 -852 16718
17:53:53.008 P 287 277 4 0 0 0 0 -858 16780
17:53:53.008 P 288 276 0 0 0 0 0 -830 16702
17:53:53.200 D 1520 1 3.60 0.000 0 0 0.00
17:53:53.200 P 289 276 -1 0 0 0 0 -892 16788
17:53:53.200 P 290 275 -3 0 0 0 0 -878 16686
17:53:53.200 P 291 274 -6 0 0 0 0 -968 16696
17:53:53.200 P 292 274 -11 0 0 0 0 -986 16750
17:53:53.200 P 293 274 -16 0 0 0 0 -1110 16754
17:53:53.200 P 294 273 -24 0 0 0 0 -1014 16644
17:53:53.200 P 295 272 -29 0 0 0 0 -1016 16738
17:53:53.200 P 296 270 -35 0 0 0 0 -916 16716
17:53:53.200 P 297 268 -39 0 0 0 0 -852 16718
17:53:53.200 P 298 266 -42 0 0 0 0 -786 16748
17:53:53.200 P 299 263 -43 0 0 0 0 -702 16794
17:53:53.200 P 300 260 -43 0 0 0 0 -552 16732
17:53:53.200 P 301 257 -40 0 0 0 0 -568 16696
17:53:53.200 P 302 254 -37 0 0 0 0 -554 16792
17:53:53.200 P 303 250 -34 0 0 0 0 -500 16758
17:53:53.200 P 304 247 -30 0 0 0 0 -502 16744
17:53:53.200 P 305 245 -25 0 0 0 0 -512 16816
17:53:53.200 P 306 242 -20 0 0 0 0 -522 16704
17:53:53.200 P 307 239 -17 0 0 0 0 -508 16794
17:53:53.200 P 308 237 -13 0 0 0 0 -476 16746
17:53:53.200 P 309 235 -6 0 0 0 0 -478 16734
17:53:53.200 P 310 233 -2 0 0 0 0 -522 16766
17:53:53.200 P 311 231 0 0 0 0 0 -556 16912
17:53:53.200 P 312 229 1 0 0 0 0 -470 16962
17:53:53.200 P 313 228 7 0 0 0 0 -580 16780
17:53:53.200 P 314 226 9 0 0 0 0 -562 16628
17:53:53.200 P 315 225 10 0 0 0 0 -560 16672
17:53:53.200 P 316 224 11 0 0 0 0 -644 16736
17:53:53.200 P 317 224 13 0 0 0 0 -682 16766
17:53:53.200 P 318 223 10 0 0 0 0 -700 16934
17:53:53.200 P 319 222 8 0 0 0 0 -726 16722
17:53:53.200 P 320 222 7 0 0 0 0 -774 16704
17:53:53.200 P 321 222 5 0 0 0 0 -830 16710
17:53:53.200 P 322 221 -1 0 0 0 0 -846 16678
17:53:53.200 P 323 221 -6 0 0 0 0 -902 16840
17:53:53.200 P 324 221 -13 0 0 0 0 -916 16808
17:53:53.200 P 325 220 -21 0 0 0 0 -932 16776
17:53:53.200 P 326 220 -28 0 0 0 0 -970 16782
17:53:53.200 P 327 219 -36 0 0 0 0 -958 16706
17:53:53.200 P 328 217 -45 0 0 0 0 -910 16772
17:53:53.405 D 1720 1 2.71 0.000 0 0 0.00
17:53:53.405 P 329 216 -52 0 0 0 0 -918 16824
17:53:53.405 P 330 214 -60 0 0 0 0 -958 16676
17:53:53.405 P 331 212 -70 0 0 0 0 -882 16690
17:53:53.405 P 332 210 -77 0 0 0 0 -820 16596
17:53:53.405 P 333 207 -85 0 0 0 0 -858 16698
17:53:53.405 P 334 204 -91 0 0 0 0 -836 16718
17:53:53.405 P 335 201 -98 0 0 0 0 -686 16790
17:53:53.405 P 336 197 -102 0 0 0 0 -674 16762
17:53:53.405 P 337 193 -108 0 0 0 0 -658 16736
17:53:53.405 P 338 189 -111 0 0 0 0 -592 16700
17:53:53.405 P 339 184 -113 0 0 0 0 -554 16632
17:53:53.405 P 340 180 -118 0 0 0 0 -576 16780
17:53:53.405 P 341 175 -120 0 0 0 0 -440 16736
17:53:53.405 P 342 170 -121 0 0 0 0 -442 16820
17:53:53.405 P 343 165 -122 0 0 0 0 -430 16726
17:53:53.405 P 344 159 -123 0 0 0 0 -368 16690
17:53:53.405 P 345 154 -125 0 0 0 0 -378 16730
17:53:53.405 P 346 149 -123 0 0 0 0 -326 16862
17:53:53.405 P 347 144 -122 0 0 0 0 -294 16686
17:53:53.405 P 348 138 -122 0 0 0 0 -216 16822
17:53:53.405 P 349 133 -119 0 0 0 0 -238 16752
17:53:53.405 P 350 127 -117 0 0 0 0 -198 16820
17:53:53.405 P 351 122 -115 0 0 0 0 -142 16708
17:53:53.405 P 352 117 -112 0 0 0 0 -134 16732
17:53:53.405 P 353 112 -109 0 0 0 0 -130 16746
17:53:53.405 P 354 106 -105 0 0 0 0 -94 16750
17:53:53.405 P 355 101 -102 0 0 0 0 -74 16758
17:53:53.405 P 356 96 -98 0 0 0 0 -62 16730
17:53:53.405 P 357 92 -95 0 0 0 0 -82 16742
17:53:53.405 P 358 87 -91 0 0 0 0 -42 16742
17:53:53.405 P 359 82 -88 0 0 0 0 -42 16822
17:53:53.405 P 360 78 -84 0 0 0 0 -20 16786
17:53:53.405 P 361 74 -80 0 0 0 0 -18 16792
17:53:53.405 P 362 69 -76 0 0 0 0 46 16802
17:53:53.405 P 363 65 -71 0 0 0 0 54 16778
17:53:53.405 P 364 61 -67 0 0 0 0 76 16782
17:53:53.405 P 365 57 -64 0 0 0 0 68 16734
17:53:53.405 P 366 53 -58 0 0 0 0 104 16856
17:53:53.405 P 367 49 -53 0 0 0 0 104 16722
17:53:53.405 P 368 45 -47 0 0 0 0 178 16690
17:53:53.405 P 369 42 -40 0 0 0 0 106 16694
17:53:53.576 D 1920 1 1.32 0.000 0 0 0.00
17:53:53.576 P 370 39 -34 0 0 0 0 182 16794
17:53:53.576 P 371 36 -28 0 0 0 0 200 16784
17:53:53.576 P 372 33 -21 0 0 0 0 168 16820
17:53:53.576 P 373 30 -15 0 0 0 0 238 16936
17:53:53.576 P 374 28 -9 0 0 0 0 174 16858
17:53:53.576 P 375 26 -2 0 0 0 0 98 16866
17:53:53.576 P 376 24 3 0 0 0 0 130 16840
17:53:53.576 P 377 22 7 0 0 0 0 192 16736
17:53:53.576 P 378 21 13 0 0 0 0 72 16774
17:53:53.576 P 379 20 17 0 0 0 0 14 16640
17:53:53.576 P 380 19 17 0 0 0 0 -42 16796
17:53:53.576 P 381 19 17 0 0 0 0 -96 16868
17:53:53.576 P 382 18 17 0 0 0 0 -126 16698
17:53:53.576 P 383 18 14 0 0 0 0 -88 16860
17:53:53.576 P 384 17 15 0 0 0 0 -90 16670
17:53:53.576 P 385 16 14 0 0 0 0 -120 16706
17:53:53.576 P 386 16 13 0 0 0 0 -54 16766
17:53:53.576 P 387 15 11 0 0 0 0 -58 16822
17:53:53.576 P 388 14 11 0 0 0 0 34 16824
17:53:53.576 P 389 13 10 0 0 0 0 20 16834
17:53:53.576 P 390 12 11 0 0 0 0 22 16874
17:53:53.576 P 391 11 12 0 0 0 0 26 16802
17:53:53.576 P 392 10 13 0 0 0 0 48 16782
17:53:53.576 P 393 8 14 0 0 0 0 80 16766
17:53:53.576 P 394 7 17 0 0 0 0 110 16788
17:53:53.576 P 395 6 20 0 0 0 0 60 16800
17:53:53.576 P 396 6 24 0 0 0 0 100 16696
17:53:53.576 P 397 5 23 0 0 0 0 70 16866
17:53:53.576 P 398 4 26 0 0 0 0 32 16776
17:53:53.576 P 399 4 27 0 0 0 0 -40 16730
17:53:53.576 P 400 4 25 0 0 0 0 -90 16802
17:53:53.576 P 401 4 23 0 0 0 0 -106 16832
17:53:53.576 P 402 3 21 0 0 0 0 -136 16712
17:53:53.576 P 403 3 17 0 0 0 0 -200 16734
17:53:53.762 D 2095 1 0.96 0.000 0 0 0.00
17:53:53.762 P 404 3 13 0 0 0 0 -258 16786
17:53:53.762 P 405 3 8 0 0 0 0 -200 16800
17:53:53.762 P 406 3 2 0 0 0 0 -258 16818
17:53:53.762 P 407 2 -5 0 0 0 0 -220 16782
17:53:53.762 P 408 2 -11 0 0 0 0 -242 16714
17:53:53.762 P 409 0 -17 0 0 0 0 -188 16782
17:53:53.762 P 410 0 -21 0 0 0 0 -200 16718
17:53:53.762 P 411 -1 -27 0 0 0 0 -212 16800
17:53:53.762 P 412 -2 -33 0 0 0 0 -214 16686
17:53:53.762 P 413 -4 -40 0 0 0 0 -96 16656
17:53:53.762 P 414 -6 -44 0 0 0 0 -110 16788
17:53:53.762 P 415 -8 -49 0 0 0 0 -156 16908
17:53:53.762 P 416 -11 -52 0 0 0 0 -84 16718
17:53:53.762 P 417 -13 -57 0 0 0 0 -36 16782
17:53:53.762 P 418 -16 -60 0 0 0 0 46 16760
17:53:53.762 P 419 -20 -62 0 0 0 0 84 16700
17:53:53.762 P 420 -23 -63 0 0 0 0 106 16788
17:53:53.762 P 421 -26 -63 0 0 0 0 84 16724
17:53:53.762 P 422 -29 -66 0 0 0 0 164 16672
17:53:53.762 P 423 -33 -67 0 0 0 0 92 16730
17:53:53.762 P 424 -36 -65 0 0 0 0 110 16686
17:53:53.762 P 425 -39 -68 0 0 0 0 120 16722
17:53:53.762 P 426 -42 -68 0 0 0 0 198 16750
17:53:53.762 P 427 -46 -67 0 0 0 0 156 16812
17:53:53.762 P 428 -49 -69 0 0 0 0 194 16784
17:53:53.762 P 429 -53 -70 0 0 0 0 206 16654
17:53:53.762 P 430 -56 -69 0 0 0 0 250 16790
17:53:53.762 P 431 -59 -71 0 0 0 0 200 16788
17:53:53.762 P 432 -63 -71 0 0 0 0 252 16738
17:53:53.762 P 433 -66 -70 0 0 0 0 248 16796
17:53:53.762 P 434 -70 -68 0 0 0 0 314 16822
17:53:53.762 P 435 -74 -68 0 0 0 0 312 16738
17:53:53.762 P 436 -77 -66 0 0 0 0 324 16730
17:53:53.762 P 437 -80 -64 0 0 0 0 312 16710
17:53:53.762 P 438 -84 -63 0 0 0 0 350 16734
17:53:53.762 P 439 -87 -61 0 0 0 0 402 16786
17:53:53.762 P 440 -91 -58 0 0 0 0 424 16788
17:53:53.977 D 2280 1 -0.18 0.000 0 0 0.00
17:53:53.977 P 441 -94 -56 0 0 0 0 460 16800
17:53:53.977 P 442 -97 -52 0 0 0 0 416 16844
17:53:53.977 P 443 -101 -49 0 0 0 0 480 16818
17:53:53.977 P 444 -104 -47 0 0 0 0 484 16904
17:53:53.977 P 445 -107 -44 0 0 0 0 504 16778
17:53:53.977 P 446 -110 -41 0 0 0 0 492 16798
17:53:53.977 P 447 -113 -36 0 0 0 0 558 16818
17:53:53.977 P 448 -116 -31 0 0 0 0 628 16698
17:53:53.977 P 449 -119 -28 0 0 0 0 558 16720
17:53:53.977 P 450 -121 -21 0 0 0 0 604 16830
17:53:53.977 P 451 -123 -14 0 0 0 0 582 16784
17:53:53.977 P 452 -126 -7 0 0 0 0 694 16742
17:53:53.977 P 453 -128 0 0 0 0 0 698 16766
17:53:53.977 P 454 -130 8 0 0 0 0 634 16796
17:53:53.977 P 455 -131 15 0 0 0 0 702 16846
17:53:53.977 P 456 -133 24 0 0 0 0 724 16756
17:53:53.977 P 457 -134 31 0 0 0 0 788 16782
17:53:53.977 P 458 -135 39 0 0 0 0 712 16736
17:53:53.977 P 459 -136 48 0 0 0 0 720 16824
17:53:53.977 P 460 -137 55 0 0 0 0 808 16728
17:53:53.977 P 461 -137 67 0 0 0 0 806 16746
17:53:53.977 P 462 -137 77 0 0 0 0 760 16758
17:53:53.977 P 463 -137 84 0 0 0 0 682 16716
17:53:53.977 P 464 -136 92 0 0 0 0 674 16814
17:53:53.977 P 465 -135 100 0 0 0 0 618 16784
17:53:53.977 P 466 -134 106 0 0 0 0 624 16856
17:53:53.977 P 467 -132 110 0 0 0 0 502 16762
17:53:53.977 P 468 -130 116 0 0 0 0 478 16734
17:53:53.977 P 469 -128 118 0 0 0 0 474 16736
17:53:53.977 P 470 -125 122 0 0 0 0 422 16726
17:53:53.977 P 471 -123 127 0 0 0 0 494 16854
17:53:53.977 P 472 -121 130 0 0 0 0 426 16798
17:53:53.977 P 473 -118 134 0 0 0 0 558 16802
17:53:53.977 P 474 -116 138 0 0 0 0 526 16832
17:53:53.977 P 475 -114 143 0 0 0 0 544 16790
17:53:53.977 P 476 -111 148 0 0 0 0 510 16718
17:53:53.977 P 477 -108 154 0 0 0 0 508 16680
17:53:53.977 P 478 -105 158 0 0 0 0 460 16826
17:53:53.977 P 479 -102 164 0 0 0 0 480 16712
17:53:53.977 P 480 -98 168 0 0 0 0 470 16812
17:53:53.977 P 481 -95 175 0 0 0 0 514 16776
17:53:54.162 D 2485 1 1.00 0.000 0 0 0.00
17:53:54.162 P 482 -91 181 0 0 0 0 386 16730
17:53:54.162 P 483 -87 186 0 0 0 0 468 16740
17:53:54.162 P 484 -83 190 0 0 0 0 456 16754
17:53:54.162 P 485 -79 197 0 0 0 0 338 16714
17:53:54.162 P 486 -74 201 0 0 0 0 316 16792
17:53:54.162 P 487 -70 205 0 0 0 0 322 16796
17:53:54.162 P 488 -65 207 0 0 0 0 252 16786
17:53:54.162 P 489 -60 213 0 0 0 0 174 16724
17:53:54.162 P 490 -55 214 0 0 0 0 244 16694
17:53:54.162 P 491 -49 217 0 0 0 0 182 16764
17:53:54.162 P 492 -44 219 0 0 0 0 218 16712
17:53:54.162 P 493 -39 224 0 0 0 0 160 16752
17:53:54.162 P 494 -33 225 0 0 0 0 106 16756
17:53:54.162 P 495 -28 224 0 0 0 0 120 16764
17:53:54.162 P 496 -22 227 0 0 0 0 72 16818
17:53:54.162 P 497 -16 228 0 0 0 0 78 16800
17:53:54.162 P 498 -11 229 0 0 0 0 -32 16772
17:53:54.162 P 499 -5 229 0 0 0 0 -44 16836
17:53:54.162 P 500 0 228 0 0 0 0 -84 16852
17:53:54.162 P 501 6 227 0 0 0 0 -94 16830
17:53:54.162 P 502 12 226 0 0 0 0 -168 16696
17:53:54.162 P 503 18 225 0 0 0 0 -226 16752
17:53:54.162 P 504 24 221 0 0 0 0 -252 16792
17:53:54.162 P 505 30 218 0 0 0 0 -340 16728
17:53:54.162 P 506 36 212 0 0 0 0 -428 16798
17:53:54.162 P 507 42 207 0 0 0 0 -438 16708
17:53:54.162 P 508 48 202 0 0 0 0 -474 16766
17:53:54.162 P 509 53 194 0 0 0 0 -504 16682
17:53:54.162 P 510 59 186 0 0 0 0 -526 16758
17:53:54.162 P 511 64 176 0 0 0 0 -590 16764
17:53:54.162 P 512 69 171 0 0 0 0 -522 16710
17:53:54.162 P 513 73 160 0 0 0 0 -550 16772
17:53:54.162 P 514 78 152 0 0 0 0 -566 16732
17:53:54.162 P 515 82 144 0 0 0 0 -646 16774
17:53:54.162 P 516 86 136 0 0 0 0 -610 16756
17:53:54.162 P 517 90 127 0 0 0 0 -646 16728
17:53:54.162 P 518 93 120 0 0 0 0 -532 16780
17:53:54.162 P 519 96 113 0 0 0 0 -540 16760
17:53:54.162 P 520 98 107 0 0 0 0 -556 16838
17:53:54.364 D 2680 1 2.40 0.000 0 0 0.00
17:53:54.364 P 521 101 102 0 0 0 0 -506 16732
17:53:54.364 P 522 103 97 0 0 0 0 -504 16806
17:53:54.364 P 523 105 91 0 0 0 0 -532 16744
17:53:54.364 P 524 107 84 0 0 0 0 -568 16712
17:53:54.364 P 525 109 77 0 0 0 0 -584 16790
17:53:54.364 P 526 111 71 0 0 0 0 -582 16692
17:53:54.364 P 527 112 65 0 0 0 0 -550 16736
17:53:54.364 P 528 113 58 0 0 0 0 -550 16726
17:53:54.364 P 529 114 52 0 0 0 0 -552 16760
17:53:54.364 P 530 115 43 0 0 0 0 -572 16884
17:53:54.364 P 531 115 37 0 0 0 0 -514 16712
17:53:54.364 P 532 115 31 0 0 0 0 -566 16674
17:53:54.364 P 533 115 27 0 0 0 0 -478 16674
17:53:54.364 P 534 115 23 0 0 0 0 -518 16648
17:53:54.364 P 535 115 20 0 0 0 0 -498 16754
17:53:54.364 P 536 115 16 0 0 0 0 -450 16842
17:53:54.364 P 537 114 13 0 0 0 0 -402 16776
17:53:54.364 P 538 113 13 0 0 0 0 -376 16740
17:53:54.364 P 539 112 10 0 0 0 0 -300 16768
17:53:54.364 P 540 111 9 0 0 0 0 -208 16756
17:53:54.364 P 541 110 10 0 0 0 0 -240 16876
17:53:54.364 P 542 109 12 0 0 0 0 -210 16834
17:53:54.364 P 543 108 16 0 0 0 0 -150 16780
17:53:54.364 P 544 107 18 0 0 0 0 -68 16746
17:53:54.364 P 545 106 22 0 0 0 0 -120 16834
17:53:54.364 P 546 105 27 0 0 0 0 -72 16860
17:53:54.364 P 547 104 33 0 0 0 0 -86 16792
17:53:54.364 P 548 103 39 0 0 0 0 -28 16786
17:53:54.364 P 549 102 44 0 0 0 0 -26 16732
17:53:54.364 P 550 102 52 0 0 0 0 12 16868
17:53:54.364 P 551 102 60 0 0 0 0 -28 16704
17:53:54.364 P 552 102 68 0 0 0 0 90 16762
17:53:54.364 P 553 102 74 0 0 0 0 -32 16694
17:53:54.364 P 554 103 81 0 0 0 0 68 16762
17:53:54.364 P 555 103 89 0 0 0 0 26 16818
17:53:54.364 P 556 104 99 0 0 0 0 -62 16828
17:53:54.364 P 557 106 106 0 0 0 0 -8 16678
17:53:54.364 P 558 107 114 0 0 0 0 -50 16862
17:53:54.364 P 559 109 120 0 0 0 0 -24 16744
17:53:54.567 D 2875 1 2.77 0.000 0 0 0.00
17:53:54.567 P 560 111 125 0 0 0 0 -110 16778
17:53:54.567 P 561 113 131 0 0 0 0 -96 16788
17:53:54.567 P 562 116 135 0 0 0 0 -246 16822
17:53:54.567 P 563 118 138 0 0 0 0 -240 16792
17:53:54.567 P 564 121 142 0 0 0 0 -352 16786
17:53:54.567 P 565 125 143 0 0 0 0 -362 16724
17:53:54.567 P 566 128 142 0 0 0 0 -432 16814
17:53:54.567 P 567 131 143 0 0 0 0 -436 16826
17:53:54.567 P 568 134 142 0 0 0 0 -472 16740
17:53:54.567 P 569 138 139 0 0 0 0 -504 16876
17:53:54.567 P 570 141 139 0 0 0 0 -482 16764
17:53:54.567 P 571 144 137 0 0 0 0 -490 16638
17:53:54.567 P 572 147 135 0 0 0 0 -518 16758
17:53:54.567 P 573 150 135 0 0 0 0 -506 16826
17:53:54.567 P 574 153 135 0 0 0 0 -488 16772
17:53:54.567 P 575 156 132 0 0 0 0 -472 16826
17:53:54.567 P 576 159 133 0 0 0 0 -480 16796
17:53:54.567 P 577 161 134 0 0 0 0 -490 16680
17:53:54.567 P 578 164 134 0 0 0 0 -460 16662
17:53:54.567 P 579 167 135 0 0 0 0 -464 16878
17:53:54.567 P 580 170 136 0 0 0 0 -488 16800
17:53:54.567 P 581 173 134 0 0 0 0 -562 16852
17:53:54.567 P 582 176 134 0 0 0 0 -670 16792
17:53:54.567 P 583 179 133 0 0 0 0 -620 16764
17:53:54.567 P 584 182 130 0 0 0 0 -670 16754
17:53:54.567 P 585 185 127 0 0 0 0 -758 16826
17:53:54.567 P 586 188 122 0 0 0 0 -786 16860
17:53:54.567 P 587 191 118 0 0 0 0 -790 16736
17:53:54.567 P 588 194 111 0 0 0 0 -894 16662
17:53:54.567 P 589 197 103 0 0 0 0 -944 16700
17:53:54.567 P 590 200 95 0 0 0 0 -960 16708
17:53:54.567 P 591 202 86 0 0 0 0 -1010 16708
17:53:54.567 P 592 204 76 0 0 0 0 -1002 16736
17:53:54.567 P 593 206 65 0 0 0 0 -1002 16774
17:53:54.567 P 594 207 54 0 0 0 0 -1034 16768
17:53:54.567 P 595 208 43 0 0 0 0 -1000 16762
17:53:54.567 P 596 209 34 0 0 0 0 -1036 16792
17:53:54.567 P 597 209 23 0 0 0 0 -970 16746
17:53:54.567 P 598 209 16 0 0 0 0 -832 16662
17:53:54.567 P 599 209 9 0 0 0 0 -828 16682
17:53:54.567 P 600 208 2 0 0 0 0 -788 16778
17:53:54.567 P 601 207 -1 0 0 0 0 -650 16798
17:53:54.769 D 3085 1 3.11 0.000 0 0 0.00
17:53:54.769 P 602 206 -5 0 0 0 0 -668 16734
17:53:54.769 P 603 204 -7 0 0 0 0 -580 16858
17:53:54.769 P 604 203 -6 0 0 0 0 -526 16828
17:53:54.769 P 605 201 -6 0 0 0 0 -470 16764
17:53:54.769 P 606 199 -5 0 0 0 0 -438 16776
17:53:54.769 P 607 198 -3 0 0 0 0 -484 16708
17:53:54.769 P 608 196 1 0 0 0 0 -510 16830
17:53:54.769 P 609 195 3 0 0 0 0 -416 16738
17:53:54.769 P 610 194 5 0 0 0 0 -416 16784
17:53:54.769 P 611 192 8 0 0 0 0 -432 16778
17:53:54.769 P 612 191 9 0 0 0 0 -386 16888
17:53:54.769 P 613 190 11 0 0 0 0 -450 16788
17:53:54.769 P 614 189 15 0 0 0 0 -416 16792
17:53:54.769 P 615 188 18 0 0 0 0 -420 16756
17:53:54.769 P 616 187 20 0 0 0 0 -390 16768
17:53:54.769 P 617 186 24 0 0 0 0 -426 16804
17:53:54.769 P 618 185 27 0 0 0 0 -438 16878
17:53:54.769 P 619 185 30 0 0 0 0 -608 16852
17:53:54.769 P 620 185 27 0 0 0 0 -518 16730
17:53:54.769 P 621 185 31 0 0 0 0 -546 16594
17:53:54.769 P 622 185 31 0 0 0 0 -680 16666
17:53:54.769 P 623 184 23 0 0 0 0 -568 16754
17:53:54.769 P 624 184 22 0 0 0 0 -556 16762
17:53:54.769 P 625 183 23 0 0 0 0 -558 16782
17:53:54.769 P 626 183 22 0 0 0 0 -596 16686
17:53:54.769 P 627 182 21 0 0 0 0 -454 16658
17:53:54.769 P 628 181 21 0 0 0 0 -522 16622
17:53:54.769 P 629 181 22 0 0 0 0 -512 16802
17:53:54.769 P 630 180 21 0 0 0 0 -418 16662
17:53:54.769 P 631 179 23 0 0 0 0 -418 16930
17:53:54.769 P 632 179 25 0 0 0 0 -424 16778
17:53:54.769 P 633 178 25 0 0 0 0 -376 16760
17:53:54.769 P 634 177 26 0 0 0 0 -390 16708
17:53:54.769 P 635 177 29 0 0 0 0 -454 16716
17:53:54.769 P 636 176 32 0 0 0 0 -392 16744
17:53:54.769 P 637 176 34 0 0 0 0 -422 16782
17:53:54.769 P 638 176 37 0 0 0 0 -450 16742
17:53:54.769 P 639 175 39 0 0 0 0 -366 16748
17:53:54.769 P 640 175 42 0 0 0 0 -348 16790
17:53:54.970 D 3280 1 3.07 0.000 0 0 0.00
17:53:54.970 P 641 175 46 0 0 0 0 -328 16856
17:53:54.970 P 642 174 49 0 0 0 0 -282 16842
17:53:54.970 P 643 175 52 0 0 0 0 -388 16750
17:53:54.970 P 644 175 57 0 0 0 0 -332 16700
17:53:54.970 P 645 175 63 0 0 0 0 -358 16748
17:53:54.970 P 646 176 65 0 0 0 0 -406 16756
17:53:54.970 P 647 176 67 0 0 0 0 -380 16762
17:53:54.970 P 648 177 72 0 0 0 0 -444 16912
17:53:54.970 P 649 178 73 0 0 0 0 -414 16746
17:53:54.970 P 650 179 75 0 0 0 0 -452 16720
17:53:54.970 P 651 180 73 0 0 0 0 -556 16700
17:53:54.970 P 652 181 73 0 0 0 0 -552 16740
17:53:54.970 P 653 182 71 0 0 0 0 -598 16680
17:53:54.970 P 654 183 69 0 0 0 0 -614 16842
17:53:54.970 P 655 184 65 0 0 0 0 -714 16862
17:53:54.970 P 656 185 63 0 0 0 0 -698 16734
17:53:54.970 P 657 186 57 0 0 0 0 -680 16708
17:53:54.970 P 658 187 53 0 0 0 0 -744 16670
17:53:54.970 P 659 187 49 0 0 0 0 -602 16686
17:53:54.970 P 660 187 47 0 0 0 0 -610 16682
17:53:54.970 P 661 187 44 0 0 0 0 -598 16740
17:53:54.970 P 662 188 44 0 0 0 0 -552 16818
17:53:54.970 P 663 188 42 0 0 0 0 -508 16768
17:53:54.970 P 664 188 43 0 0 0 0 -506 16656
17:53:54.970 P 665 187 41 0 0 0 0 -474 16778
17:53:54.970 P 666 187 44 0 0 0 0 -514 16782
17:53:54.970 P 667 187 45 0 0 0 0 -462 16810
17:53:54.970 P 668 187 47 0 0 0 0 -468 16730
17:53:54.970 P 669 188 50 0 0 0 0 -486 16780
17:53:54.970 P 670 188 52 0 0 0 0 -462 16706
17:53:54.970 P 671 188 55 0 0 0 0 -418 16792
17:53:54.970 P 672 188 56 0 0 0 0 -398 16882
17:53:54.970 P 673 188 57 0 0 0 0 -420 16742
17:53:54.970 P 674 189 59 0 0 0 0 -432 16778
17:53:54.970 P 675 189 62 0 0 0 0 -452 16768
17:53:54.970 P 676 190 64 0 0 0 0 -426 16850
17:53:54.970 P 677 190 67 0 0 0 0 -448 16664
17:53:54.970 P 678 191 69 0 0 0 0 -424 16776
17:53:54.970 P 679 192 73 0 0 0 0 -506 16796
17:53:54.970 P 680 193 76 0 0 0 0 -500 16716
17:53:55.171 D 3480 1 3.29 0.000 0 0 0.00
17:53:55.171 P 681 194 78 0 0 0 0 -542 16800
17:53:55.171 P 682 195 77 0 0 0 0 -608 16784
17:53:55.171 P 683 196 77 0 0 0 0 -652 16802
17:53:55.171 P 684 197 77 0 0 0 0 -652 16726
17:53:55.171 P 685 199 75 0 0 0 0 -612 16704
17:53:55.171 P 686 200 74 0 0 0 0 -678 16744
17:53:55.171 P 687 201 71 0 0 0 0 -652 16798
17:53:55.171 P 688 202 68 0 0 0 0 -670 16716
17:53:55.171 P 689 203 66 0 0 0 0 -660 16686
17:53:55.171 P 690 204 64 0 0 0 0 -620 16756
17:53:55.171 P 691 204 64 0 0 0 0 -612 16774
17:53:55.171 P 692 205 63 0 0 0 0 -552 16740
17:53:55.171 P 693 205 62 0 0 0 0 -518 16794
17:53:55.171 P 694 206 64 0 0 0 0 -570 16736
17:53:55.171 P 695 206 63 0 0 0 0 -480 16772
17:53:55.171 P 696 207 66 0 0 0 0 -510 16780
17:53:55.171 P 697 208 67 0 0 0 0 -520 16798
17:53:55.171 P 698 208 69 0 0 0 0 -552 16728
17:53:55.171 P 699 209 71 0 0 0 0 -542 16760
17:53:55.171 P 700 210 71 0 0 0 0 -548 16742
17:53:55.171 P 701 211 71 0 0 0 0 -656 16798
17:53:55.171 P 702 212 71 0 0 0 0 -632 16784
17:53:55.171 P 703 213 70 0 0 0 0 -618 16750
17:53:55.171 P 704 214 68 0 0 0 0 -668 16844
17:53:55.171 P 705 215 66 0 0 0 0 -684 16700
17:53:55.171 P 706 216 64 0 0 0 0 -726 16764
17:53:55.171 P 707 216 62 0 0 0 0 -758 16800
17:53:55.171 P 708 217 61 0 0 0 0 -690 16710
17:53:55.171 P 709 218 58 0 0 0 0 -752 16796
17:53:55.171 P 710 219 55 0 0 0 0 -722 16750
17:53:55.171 P 711 219 53 0 0 0 0 -676 16678
17:53:55.171 P 712 219 52 0 0 0 0 -574 16674
17:53:55.171 P 713 220 50 0 0 0 0 -672 16808
17:53:55.171 P 714 220 51 0 0 0 0 -654 16736
17:53:55.171 P 715 220 51 0 0 0 0 -618 16820
17:53:55.171 P 716 220 52 0 0 0 0 -584 16774
17:53:55.171 P 717 221 52 0 0 0 0 -568 16716
17:53:55.171 P 718 221 52 0 0 0 0 -594 16772
17:53:55.171 P 719 221 53 0 0 0 0 -614 16722
17:53:55.171 P 720 222 55 0 0 0 0 -560 16752
17:53:55.371 D 3680 1 3.51 0.000 0 0 0.00
17:53:55.371 P 721 222 56 0 0 0 0 -574 16624
17:53:55.371 P 722 222 57 0 0 0 0 -650 16730
17:53:55.371 P 723 223 56 0 0 0 0 -650 16762
17:53:55.371 P 724 223 57 0 0 0 0 -676 16772
17:53:55.371 P 725 224 56 0 0 0 0 -688 16832
17:53:55.371 P 726 224 55 0 0 0 0 -664 16810
17:53:55.371 P 727 225 55 0 0 0 0 -666 16736
17:53:55.371 P 728 225 56 0 0 0 0 -620 16706
17:53:55.371 P 729 226 55 0 0 0 0 -672 16740
17:53:55.371 P 730 226 55 0 0 0 0 -742 16798
17:53:55.371 P 731 227 53 0 0 0 0 -674 16650
17:53:55.371 P 732 227 52 0 0 0 0 -704 16768
17:53:55.371 P 733 228 52 0 0 0 0 -710 16736
17:53:55.371 P 734 228 49 0 0 0 0 -692 16750
17:53:55.371 P 735 228 48 0 0 0 0 -690 16662
17:53:55.371 P 736 228 46 0 0 0 0 -706 16720
17:53:55.371 P 737 229 45 0 0 0 0 -758 16888
17:53:55.371 P 738 229 43 0 0 0 0 -688 16792
17:53:55.371 P 739 229 41 0 0 0 0 -734 16774
17:53:55.371 P 740 229 39 0 0 0 0 -706 16770
17:53:55.371 P 741 229 38 0 0 0 0 -704 16780
17:53:55.371 P 742 229 37 0 0 0 0 -660 16758
17:53:55.371 P 743 229 36 0 0 0 0 -736 16694
17:53:55.371 P 744 229 36 0 0 0 0 -652 16858
17:53:55.371 P 745 228 35 0 0 0 0 -638 16698
17:53:55.371 P 746 228 34 0 0 0 0 -622 16730
17:53:55.371 P 747 228 35 0 0 0 0 -610 16618
17:53:55.371 P 748 228 35 0 0 0 0 -694 16764
17:53:55.371 P 749 228 35 0 0 0 0 -702 16806
17:53:55.371 P 750 228 35 0 0 0 0 -638 16764
17:53:55.371 P 751 227 35 0 0 0 0 -590 16798
17:53:55.371 P 752 227 38 0 0 0 0 -626 16826
17:53:55.371 P 753 227 38 0 0 0 0 -710 16754
17:53:55.371 P 754 227 36 0 0 0 0 -670 16750
17:53:55.371 P 755 227 36 0 0 0 0 -616 16702
17:53:55.371 P 756 227 37 0 0 0 0 -670 16756
17:53:55.371 P 757 226 37 0 0 0 0 -634 16796
17:53:55.371 P 758 226 37 0 0 0 0 -614 16758
17:53:55.371 P 759 226 37 0 0 0 0 -688 16650
17:53:55.371 P 760 226 37 0 0 0 0 -674 16746
17:53:55.561 D 3880 1 3.47 0.000 0 0 0.00
17:53:55.561 P 761 226 37 0 0 0 0 -614 16624
17:53:55.561 P 762 226 37 0 0 0 0 -644 16712
17:53:55.561 P 763 226 36 0 0 0 0 -670 16762
17:53:55.561 P 764 226 39 0 0 0 0 -676 16806
17:53:55.561 P 765 226 36 0 0 0 0 -658 16724
17:53:55.561 P 766 225 35 0 0 0 0 -698 16874
17:53:55.561 P 767 225 33 0 0 0 0 -698 16724
17:53:55.561 P 768 225 32 0 0 0 0 -710 16718
17:53:55.561 P 769 225 31 0 0 0 0 -692 16816
17:53:55.561 P 770 225 27 0 0 0 0 -720 16770
17:53:55.561 P 771 224 25 0 0 0 0 -780 16668
17:53:55.561 P 772 224 22 0 0 0 0 -790 16664
17:53:55.561 P 773 224 20 0 0 0 0 -782 16728
17:53:55.561 P 774 223 16 0 0 0 0 -732 16740
17:53:55.561 P 775 223 13 0 0 0 0 -828 16780
17:53:55.561 P 776 222 10 0 0 0 0 -716 16676
17:53:55.561 P 777 221 5 0 0 0 0 -694 16616
17:53:55.561 P 778 220 4 0 0 0 0 -620 16652
17:53:55.561 P 779 219 5 0 0 0 0 -616 16782
17:53:55.561 P 780 217 4 0 0 0 0 -552 16846
17:53:55.561 P 781 216 5 0 0 0 0 -496 16706
17:53:55.561 P 782 215 7 0 0 0 0 -494 16738
17:53:55.561 P 783 214 9 0 0 0 0 -478 16722
17:53:55.561 P 784 212 12 0 0 0 0 -460 16696
17:53:55.561 P 785 211 18 0 0 0 0 -480 16766
17:53:55.561 P 786 211 20 0 0 0 0 -464 16736
17:53:55.561 P 787 210 24 0 0 0 0 -446 16678
17:53:55.561 P 788 209 29 0 0 0 0 -456 16800
17:53:55.561 P 789 209 31 0 0 0 0 -514 16742
17:53:55.561 P 790 208 30 0 0 0 0 -522 16754
17:53:55.561 P 791 208 31 0 0 0 0 -538 16724
17:53:55.561 P 792 208 32 0 0 0 0 -636 16724
17:53:55.561 P 793 207 32 0 0 0 0 -618 16754
17:53:55.561 P 794 207 31 0 0 0 0 -720 16674
17:53:55.561 P 795 207 29 0 0 0 0 -734 16686
17:53:55.561 P 796 207 26 0 0 0 0 -684 16732
17:53:55.561 P 797 207 23 0 0 0 0 -730 16756
17:53:55.561 P 798 206 18 0 0 0 0 -732 16778
17:53:55.561 P 799 205 14 0 0 0 0 -694 16920
17:53:55.753 D 4075 1 3.10 0.000 0 0 0.00
17:53:55.753 P 800 205 11 0 0 0 0 -752 16890
17:53:55.753 P 801 204 8 0 0 0 0 -792 16790
17:53:55.753 P 802 203 5 0 0 0 0 -630 16628
17:53:55.753 P 803 202 3 0 0 0 0 -604 16782
17:53:55.753 P 804 201 1 0 0 0 0 -638 16750
17:53:55.753 P 805 200 2 0 0 0 0 -544 16764
17:53:55.753 P 806 198 1 0 0 0 0 -500 16868
17:53:55.753 P 807 197 2 0 0 0 0 -480 16800
17:53:55.753 P 808 196 3 0 0 0 0 -436 16740
17:53:55.753 P 809 194 5 0 0 0 0 -430 16784
17:53:55.753 P 810 193 8 0 0 0 0 -448 16676
17:53:55.753 P 811 192 9 0 0 0 0 -418 16734
17:53:55.753 P 812 191 12 0 0 0 0 -386 16726
17:53:55.753 P 813 190 15 0 0 0 0 -446 16778
17:53:55.753 P 814 189 17 0 0 0 0 -406 16764
17:53:55.753 P 815 188 22 0 0 0 0 -388 16712
17:53:55.753 P 816 187 26 0 0 0 0 -358 16790
17:53:55.753 P 817 186 29 0 0 0 0 -364 16702
17:53:55.753 P 818 186 31 0 0 0 0 -416 16726
17:53:55.753 P 819 186 37 0 0 0 0 -370 16822
17:53:55.753 P 820 185 42 0 0 0 0 -406 16782
17:53:55.753 P 821 185 46 0 0 0 0 -356 16760
17:53:55.753 P 822 185 48 0 0 0 0 -448 16770
17:53:55.753 P 823 185 51 0 0 0 0 -428 16770
17:53:55.753 P 824 186 53 0 0 0 0 -452 16774
17:53:55.753 P 825 186 55 0 0 0 0 -480 16702
17:53:55.753 P 826 186 55 0 0 0 0 -556 16784
17:53:55.753 P 827 187 57 0 0 0 0 -518 16772
17:53:55.753 P 828 187 54 0 0 0 0 -610 16820
17:53:55.753 P 829 188 54 0 0 0 0 -576 16812
17:53:55.753 P 830 188 54 0 0 0 0 -654 16790
17:53:55.753 P 831 189 53 0 0 0 0 -596 16862
17:53:55.753 P 832 189 51 0 0 0 0 -560 16786
17:53:55.753 P 833 189 50 0 0 0 0 -566 16710
17:53:55.753 P 834 190 49 0 0 0 0 -550 16660
17:53:55.753 P 835 190 48 0 0 0 0 -590 16704
17:53:55.753 P 836 190 47 0 0 0 0 -512 16744
17:53:55.753 P 837 190 47 0 0 0 0 -556 16772
17:53:55.753 P 838 190 47 0 0 0 0 -536 16694
17:53:55.960 D 4270 1 3.16 0.000 0 0 0.00
17:53:55.960 P 839 191 48 0 0 0 0 -486 16748
17:53:55.960 P 840 191 49 0 0 0 0 -498 16744
17:53:55.960 P 841 191 49 0 0 0 0 -502 16736
17:53:55.960 P 842 191 50 0 0 0 0 -564 16680
17:53:55.960 P 843 192 51 0 0 0 0 -552 16718
17:53:55.960 P 844 192 51 0 0 0 0 -484 16762
17:53:55.960 P 845 192 52 0 0 0 0 -536 16744
17:53:55.960 P 846 192 52 0 0 0 0 -500 16734
17:53:55.960 P 847 193 52 0 0 0 0 -518 16728
17:53:55.960 P 848 193 53 0 0 0 0 -492 16754
17:53:55.960 P 849 193 54 0 0 0 0 -556 16736
17:53:55.960 P 850 194 54 0 0 0 0 -586 16824
17:53:55.960 P 851 194 52 0 0 0 0 -584 16804
17:53:55.960 P 852 194 51 0 0 0 0 -608 16874
17:53:55.960 P 853 195 50 0 0 0 0 -566 16858
17:53:55.960 P 854 195 51 0 0 0 0 -608 16806
17:53:55.960 P 855 195 49 0 0 0 0 -568 16682
17:53:55.960 P 856 195 47 0 0 0 0 -600 16752
17:53:55.960 P 857 196 47 0 0 0 0 -640 16820
17:53:55.960 P 858 196 43 0 0 0 0 -630 16728
17:53:55.960 P 859 196 45 0 0 0 0 -648 16816
17:53:55.960 P 860 196 44 0 0 0 0 -676 16734
17:53:55.960 P 861 197 41 0 0 0 0 -586 16734
17:53:55.960 P 862 197 39 0 0 0 0 -622 16716
17:53:55.960 P 863 196 36 0 0 0 0 -588 16844
17:53:55.960 P 864 196 34 0 0 0 0 -558 16736
17:53:55.960 P 865 196 33 0 0 0 0 -576 16680
17:53:55.960 P 866 196 33 0 0 0 0 -612 16776
17:53:55.960 P 867 196 33 0 0 0 0 -626 16738
17:53:55.960 P 868 195 32 0 0 0 0 -538 16774
17:53:55.960 P 869 195 32 0 0 0 0 -608 16724
17:53:55.960 P 870 195 31 0 0 0 0 -550 16706
17:53:55.960 P 871 195 31 0 0 0 0 -576 16744
17:53:55.960 P 872 194 30 0 0 0 0 -554 16650
17:53:55.960 P 873 194 30 0 0 0 0 -612 16738
17:53:55.960 P 874 194 31 0 0 0 0 -512 16860
17:53:55.960 P 875 193 29 0 0 0 0 -528 16756
17:53:55.960 P 876 193 29 0 0 0 0 -498 16838
17:53:55.960 P 877 192 30 0 0 0 0 -528 16754
17:53:55.960 P 878 192 29 0 0 0 0 -486 16712
17:53:56.157 D 4470 1 3.09 0.000 0 0 0.00
17:53:56.157 P 879 191 30 0 0 0 0 -518 16614
17:53:56.157 P 880 191 31 0 0 0 0 -548 16782
17:53:56.157 P 881 191 32 0 0 0 0 -524 16796
17:53:56.157 P 882 190 31 0 0 0 0 -526 16758
17:53:56.157 P 883 190 32 0 0 0 0 -482 16738
17:53:56.157 P 884 190 32 0 0 0 0 -492 16782
17:53:56.157 P 885 189 34 0 0 0 0 -534 16726
17:53:56.157 P 886 189 36 0 0 0 0 -466 16690
17:53:56.157 P 887 189 38 0 0 0 0 -490 16848
17:53:56.157 P 888 189 39 0 0 0 0 -462 16760
17:53:56.157 P 889 189 38 0 0 0 0 -472 16744
17:53:56.157 P 890 188 40 0 0 0 0 -478 16818
17:53:56.157 P 891 188 42 0 0 0 0 -414 16688
17:53:56.157 P 892 188 43 0 0 0 0 -522 16750
17:53:56.157 P 893 188 43 0 0 0 0 -488 16810
17:53:56.157 P 894 188 45 0 0 0 0 -518 16786
17:53:56.157 P 895 188 45 0 0 0 0 -460 16740
17:53:56.157 P 896 188 46 0 0 0 0 -514 16766
17:53:56.157 P 897 189 47 0 0 0 0 -518 16756
17:53:56.157 P 898 189 47 0 0 0 0 -554 16684
17:53:56.157 P 899 189 48 0 0 0 0 -552 16754
17:53:56.157 P 900 189 47 0 0 0 0 -500 16744
17:53:56.157 P 901 189 46 0 0 0 0 -618 16750
17:53:56.157 P 902 190 45 0 0 0 0 -610 16832
17:53:56.157 P 903 190 42 0 0 0 0 -622 16760
17:53:56.157 P 904 190 43 0 0 0 0 -590 16770
17:53:56.157 P 905 190 39 0 0 0 0 -634 16772
17:53:56.157 P 906 190 37 0 0 0 0 -606 16798
17:53:56.157 P 907 190 34 0 0 0 0 -598 16640
17:53:56.157 P 908 190 33 0 0 0 0 -598 16748
17:53:56.157 P 909 189 33 0 0 0 0 -588 16746
17:53:56.157 P 910 189 32 0 0 0 0 -594 16680
17:53:56.157 P 911 189 28 0 0 0 0 -606 16736
17:53:56.157 P 912 189 26 0 0 0 0 -614 16688
17:53:56.157 P 913 188 26 0 0 0 0 -548 16778
17:53:56.157 P 914 188 26 0 0 0 0 -568 16794
17:53:56.157 P 915 187 25 0 0 0 0 -494 16742
17:53:56.157 P 916 187 25 0 0 0 0 -534 16746
17:53:56.157 P 917 186 23 0 0 0 0 -534 16824
17:53:56.157 P 918 186 24 0 0 0 0 -516 16702
17:53:56.157 P 919 185 22 0 0 0 0 -526 16734
17:53:56.349 D 4675 1 2.98 0.000 0 0 0.00
17:53:56.349 P 920 184 22 0 0 0 0 -598 16794
17:53:56.349 P 921 184 23 0 0 0 0 -520 16778
17:53:56.349 P 922 183 21 0 0 0 0 -548 16744
17:53:56.349 P 923 183 22 0 0 0 0 -494 16796
17:53:56.349 P 924 182 22 0 0 0 0 -546 16732
17:53:56.349 P 925 182 22 0 0 0 0 -542 16744
17:53:56.349 P 926 181 22 0 0 0 0 -536 16762
17:53:56.349 P 927 181 22 0 0 0 0 -586 16856
17:53:56.349 P 928 180 20 0 0 0 0 -566 16764
17:53:56.349 P 929 179 19 0 0 0 0 -532 16780
17:53:56.349 P 930 179 18 0 0 0 0 -490 16844
17:53:56.349 P 931 178 17 0 0 0 0 -566 16780
17:53:56.349 P 932 177 18 0 0 0 0 -502 16826
17:53:56.349 P 933 177 16 0 0 0 0 -574 16736
17:53:56.349 P 934 176 15 0 0 0 0 -514 16738
17:53:56.349 P 935 175 14 0 0 0 0 -506 16832
17:53:56.349 P 936 174 15 0 0 0 0 -470 16772
17:53:56.349 P 937 173 16 0 0 0 0 -474 16714
17:53:56.349 P 938 172 16 0 0 0 0 -416 16790
17:53:56.349 P 939 172 16 0 0 0 0 -444 16764
17:53:56.349 P 940 171 19 0 0 0 0 -416 16822
17:53:56.349 P 941 170 19 0 0 0 0 -418 16780
17:53:56.349 P 942 169 21 0 0 0 0 -424 16632
17:53:56.349 P 943 169 24 0 0 0 0 -448 16700
17:53:56.349 P 944 168 25 0 0 0 0 -392 16758
17:53:56.349 P 945 167 26 0 0 0 0 -436 16812
17:53:56.349 P 946 167 27 0 0 0 0 -388 16694
17:53:56.349 P 947 166 29 0 0 0 0 -370 16820
17:53:56.349 P 948 166 31 0 0 0 0 -424 16762
17:53:56.349 P 949 166 32 0 0 0 0 -464 16784
17:53:56.349 P 950 165 33 0 0 0 0 -460 16856
17:53:56.349 P 951 165 34 0 0 0 0 -508 16810
17:53:56.349 P 952 165 34 0 0 0 0 -536 16734
17:53:56.349 P 953 165 34 0 0 0 0 -398 16766
17:53:56.349 P 954 165 36 0 0 0 0 -432 16840
17:53:56.349 P 955 164 36 0 0 0 0 -460 16662
17:53:56.349 P 956 164 37 0 0 0 0 -352 16774
17:53:56.349 P 957 164 41 0 0 0 0 -366 16830
17:53:56.349 P 958 164 42 0 0 0 0 -360 16824
17:53:56.547 D 4870 1 2.91 0.000 0 0 0.00
17:53:56.547 P 959 164 46 0 0 0 0 -394 16822
17:53:56.547 P 960 164 47 0 0 0 0 -376 16796
17:53:56.547 P 961 164 50 0 0 0 0 -350 16812
17:53:56.547 P 962 164 53 0 0 0 0 -356 16744
17:53:56.547 P 963 164 53 0 0 0 0 -426 16800
17:53:56.547 P 964 165 56 0 0 0 0 -444 16744
17:53:56.547 P 965 165 55 0 0 0 0 -484 16834
17:53:56.547 P 966 166 56 0 0 0 0 -456 16834
17:53:56.547 P 967 166 57 0 0 0 0 -448 16736
17:53:56.547 P 968 166 56 0 0 0 0 -478 16810
17:53:56.547 P 969 167 55 0 0 0 0 -566 16722
17:53:56.547 P 970 167 55 0 0 0 0 -470 16910
17:53:56.547 P 971 168 54 0 0 0 0 -576 16762
17:53:56.547 P 972 168 54 0 0 0 0 -554 16764
17:53:56.547 P 973 169 52 0 0 0 0 -500 16766
17:53:56.547 P 974 169 50 0 0 0 0 -540 16652
17:53:56.547 P 975 170 50 0 0 0 0 -538 16718
17:53:56.547 P 976 170 48 0 0 0 0 -486 16794
17:53:56.547 P 977 170 49 0 0 0 0 -550 16748
17:53:56.547 P 978 170 49 0 0 0 0 -524 16738
17:53:56.547 P 979 171 48 0 0 0 0 -530 16746
17:53:56.547 P 980 171 47 0 0 0 0 -492 16850
17:53:56.547 P 981 171 48 0 0 0 0 -500 16804
17:53:56.547 P 982 171 49 0 0 0 0 -482 16792
17:53:56.547 P 983 171 48 0 0 0 0 -444 16814
17:53:56.547 P 984 171 47 0 0 0 0 -490 16714
17:53:56.547 P 985 172 47 0 0 0 0 -460 16724
17:53:56.547 P 986 172 49 0 0 0 0 -504 16770
17:53:56.547 P 987 172 48 0 0 0 0 -452 16752
17:53:56.547 P 988 172 48 0 0 0 0 -530 16826
17:53:56.547 P 989 173 49 0 0 0 0 -536 16780
17:53:56.547 P 990 173 47 0 0 0 0 -492 16794
17:53:56.547 P 991 173 46 0 0 0 0 -568 16736
17:53:56.547 P 992 173 46 0 0 0 0 -562 16872
17:53:56.547 P 993 173 44 0 0 0 0 -572 16712
17:53:56.547 P 994 174 43 0 0 0 0 -548 16726
17:53:56.547 P 995 174 42 0 0 0 0 -592 16788
17:53:56.547 P 996 174 39 0 0 0 0 -582 16872
17:53:56.547 P 997 174 37 0 0 0 0 -554 16756
17:53:56.547 P 998 174 36 0 0 0 0 -548 16784
17:53:56.770 D 5070 0 -0.22 0.000 0 0 1.87
17:53:56.770 P 999 174 35 0 0 0 0 -594 16770
17:53:56.770 P 1000 173 34 0 0 0 0 -488 16714
17:53:56.770 P 1001 173 33 0 0 0 0 -516 16800
17:53:56.770 P 1002 173 33 0 0 0 0 -474 16766
17:53:56.770 P 1003 173 32 0 0 0 0 -512 16814
17:53:56.770 P 1004 172 33 0 0 0 0 -502 16728
17:53:56.770 P 1005 172 34 0 0 0 0 -532 16770
17:53:56.770 P 1006 172 34 0 0 0 0 -436 16830
17:53:56.770 P 1007 172 32 0 0 0 0 -460 16704
17:53:56.770 P 1008 171 33 0 0 0 0 -462 16744
17:53:56.770 P 1009 171 32 0 0 0 0 -480 16800
17:53:56.770 P 1010 171 31 0 0 0 0 -456 16672
17:53:56.770 P 1011 170 32 0 0 0 0 -518 16724
17:53:56.770 P 1012 170 32 0 0 0 0 -506 16788
17:53:56.770 P 1013 170 30 0 0 0 0 -566 16784
17:53:56.770 P 1014 170 32 0 0 0 0 -460 16774
17:53:56.770 P 1015 169 30 0 0 0 0 -476 16744
17:53:56.770 P 1016 169 29 0 0 0 0 -524 16784
17:53:56.770 P 1017 168 27 0 0 0 0 -464 16720
17:53:56.770 P 1018 168 26 0 0 0 0 -514 16772
17:53:56.770 P 1019 167 25 0 0 0 0 -434 16822
17:53:56.770 P 1020 167 24 0 0 0 0 -454 16744
17:53:56.770 P 1021 166 27 0 0 0 0 -420 16766
17:53:56.770 P 1022 166 27 0 0 0 0 -412 16826
17:53:56.770 P 1023 165 27 0 0 0 0 -402 16810
17:53:56.770 P 1024 165 31 0 0 0 0 -364 16782
17:53:56.770 P 1025 164 34 0 0 0 0 -376 16700
17:53:56.770 P 1026 164 36 0 0 0 0 -336 16762
17:53:56.770 P 1027 164 40 0 0 0 0 -312 16766
17:53:56.770 P 1028 164 43 0 0 0 0 -330 16810
17:53:56.770 P 1029 164 46 0 0 0 0 -358 16782
17:53:56.770 P 1030 164 50 0 0 0 0 -322 16806
17:53:56.770 P 1031 164 53 0 0 0 0 -354 16716
17:53:56.770 P 1032 164 57 0 0 0 0 -372 16698
17:53:56.770 P 1033 165 60 0 0 0 0 -386 16652
17:53:56.770 P 1034 165 62 0 0 0 0 -398 16740
17:53:56.770 P 1035 166 65 0 0 0 0 -438 16740
17:53:56.770 P 1036 166 64 0 0 0 0 -468 16734
17:53:56.770 P 1037 167 63 0 0 0 0 -486 16816
17:53:56.770 P 1038 168 65 0 0 0 0 -496 16814
17:53:56.770 P 1039 169 63 0 0 0 0 -554 16850
17:53:56.770 P 1040 169 61 0 0 0 0 -550 16792
17:53:56.770 cal done: pitch zero 1.87 roll zero -2.38 bias -0.0414 0.0037 0.0121
17:53:57.858 D 5285 0 -0.17 0.000 0 0 1.87
17:53:57.858 P 1041 170 59 0 0 0 0 -588 16752
17:53:57.858 P 1042 171 57 0 0 0 0 -562 16716
17:53:57.858 P 1043 171 55 0 0 0 0 -586 16770
17:53:57.858 P 1044 172 53 0 0 0 0 -558 16722
17:53:57.858 P 1045 172 49 0 0 0 0 -642 16696
17:53:57.858 P 1046 172 47 0 0 0 0 -598 16752
17:53:57.858 P 1047 173 45 0 0 0 0 -604 16720
17:53:57.858 P 1048 173 42 0 0 0 0 -636 16714
17:53:57.858 P 1049 173 40 0 0 0 0 -612 16826
17:53:57.858 P 1050 173 39 0 0 0 0 -594 16688
17:53:57.858 P 1051 173 37 0 0 0 0 -532 16718
17:53:57.858 P 1052 173 36 0 0 0 0 -550 16764
17:53:57.858 P 1053 173 35 0 0 0 0 -538 16726
17:53:57.858 P 1054 173 34 0 0 0 0 -534 16750
17:53:57.858 P 1055 172 34 0 0 0 0 -490 16718
17:53:57.858 P 1056 172 32 0 0 0 0 -540 16640
17:53:57.858 P 1057 172 32 0 0 0 0 -490 16742
17:53:57.858 P 1058 172 32 0 0 0 0 -546 16758
17:53:57.858 P 1059 171 32 0 0 0 0 -508 16698
17:53:57.858 P 1060 171 33 0 0 0 0 -476 16688
17:53:57.858 P 1061 171 33 0 0 0 0 -446 16784
17:53:57.858 P 1062 170 32 0 0 0 0 -414 16662
17:53:57.858 P 1063 170 33 0 0 0 0 -436 16740
17:53:57.858 P 1064 170 34 0 0 0 0 -478 16694
17:53:57.858 P 1065 170 35 0 0 0 0 -484 16728
17:53:57.858 P 1066 169 35 0 0 0 0 -452 16778
17:53:57.858 P 1067 169 36 0 0 0 0 -458 16740
17:53:57.858 P 1068 169 35 0 0 0 0 -484 16772
17:53:57.858 P 1069 169 35 0 0 0 0 -498 16692
17:53:57.858 P 1070 169 38 0 0 0 0 -452 16820
17:53:57.858 P 1071 169 36 0 0 0 0 -470 16788
17:53:57.858 P 1072 168 36 0 0 0 0 -482 16820
17:53:57.858 P 1073 168 36 0 0 0 0 -456 16852
17:53:57.858 P 1074 168 36 0 0 0 0 -504 16790
17:53:57.858 P 1075 168 33 0 0 0 0 -502 16830
17:53:57.858 P 1076 168 33 0 0 0 0 -588 16810
17:53:57.858 P 1077 167 32 0 0 0 0 -506 16786
17:53:57.858 P 1078 167 31 0 0 0 0 -562 16802
17:53:57.858 P 1079 167 29 0 0 0 0 -564 16708
17:53:57.858 P 1080 167 27 0 0 0 0 -562 16642
17:53:57.858 P 1081 166 24 0 0 0 0 -474 16702
17:53:57.858 P 1082 166 24 0 0 0 0 -584 16806
17:53:57.858 P 1083 165 23 0 0 0 0 -518 16740
17:53:57.858 P 1084 165 23 0 0 0 0 -492 16652
17:53:57.858 P 1085 164 22 0 0 0 0 -446 16828
17:53:57.858 D 5425 0 -0.22 0.000 0 0 1.87
17:53:57.858 P 1086 164 23 0 0 0 0 -420 16716
17:53:57.858 P 1087 163 23 0 0 0 0 -408 16856
17:53:57.858 P 1088 162 25 0 0 0 0 -422 16798
17:53:57.858 P 1089 162 26 0 0 0 0 -352 16810
17:53:57.858 P 1090 161 28 0 0 0 0 -360 16718
17:53:57.858 P 1091 161 31 0 0 0 0 -412 16758
17:53:57.858 P 1092 160 34 0 0 0 0 -332 16698
17:53:57.858 P 1093 160 37 0 0 0 0 -366 16718
17:53:57.858 P 1094 160 39 0 0 0 0 -400 16764
17:53:57.858 P 1095 160 40 0 0 0 0 -420 16726
17:53:57.858 P 1096 160 43 0 0 0 0 -372 16704
17:53:57.858 P 1097 160 46 0 0 0 0 -356 16734
17:53:57.858 P 1098 160 46 0 0 0 0 -400 16828
17:53:57.858 P 1099 160 48 0 0 0 0 -460 16862
17:53:57.858 P 1100 160 48 0 0 0 0 -458 16744
17:53:57.858 P 1101 160 49 0 0 0 0 -456 16678
17:53:57.858 P 1102 161 49 0 0 0 0 -442 16782
17:53:57.858 P 1103 161 49 0 0 0 0 -366 16816
17:53:57.858 P 1104 161 50 0 0 0 0 -434 16762
17:53:57.858 D 5525 0 -0.27 0.000 0 0 1.87
17:53:57.858 P 1105 161 50 0 0 0 0 -384 16794
17:53:57.858 P 1106 161 51 0 0 0 0 -394 16762
17:53:57.858 P 1107 162 52 0 0 0 0 -366 16742
17:53:57.858 P 1108 162 53 0 0 0 0 -442 16748
17:53:57.858 P 1109 162 55 0 0 0 0 -426 16698
17:53:57.858 P 1110 163 59 0 0 0 0 -374 16808
17:53:57.858 P 1111 163 61 0 0 0 0 -372 16690
17:53:57.858 P 1112 164 63 0 0 0 0 -358 16768
17:53:57.858 P 1113 164 65 0 0 0 0 -380 16726
17:53:57.858 P 1114 165 67 0 0 0 0 -440 16746
17:53:57.858 P 1115 166 71 0 0 0 0 -372 16796
17:53:57.858 P 1116 167 75 0 0 0 0 -404 16728
17:53:57.858 P 1117 168 77 0 0 0 0 -372 16828
17:53:57.858 P 1118 169 78 0 0 0 0 -428 16706
17:53:57.858 P 1119 170 81 0 0 0 0 -388 16764
17:53:57.858 P 1120 171 82 0 0 0 0 -478 16732
17:53:57.858 P 1121 172 82 0 0 0 0 -456 16770
17:53:57.858 P 1122 173 83 0 0 0 0 -452 16674
17:53:57.858 P 1123 175 83 0 0 0 0 -542 16690
17:53:57.858 P 1124 176 83 0 0 0 0 -442 16774
17:53:57.858 P 1125 177 84 0 0 0 0 -562 16784
17:53:57.858 D 5625 0 -0.12 0.000 0 0 1.87
17:53:57.858 P 1126 178 84 0 0 0 0 -486 16728
17:53:57.858 P 1127 180 85 0 0 0 0 -554 16738
17:53:57.858 P 1128 181 85 0 0 0 0 -518 16698
17:53:57.858 P 1129 182 85 0 0 0 0 -446 16748
17:53:57.858 P 1130 183 85 0 0 0 0 -418 16748
17:53:57.858 P 1131 185 88 0 0 0 0 -408 16792
17:53:57.858 P 1132 186 91 0 0 0 0 -452 16792
17:53:57.858 P 1133 188 92 0 0 0 0 -448 16710
17:53:57.858 P 1134 189 94 0 0 0 0 -454 16746
17:53:57.858 P 1135 191 98 0 0 0 0 -512 16762
17:53:57.858 P 1136 192 98 0 0 0 0 -480 16742
17:53:57.858 P 1137 194 102 0 0 0 0 -520 16726
17:53:57.858 P 1138 196 103 0 0 0 0 -480 16776
17:53:57.858 P 1139 198 104 0 0 0 0 -516 16798
17:53:57.858 P 1140 200 105 0 0 0 0 -568 16668
17:53:57.858 P 1141 202 106 0 0 0 0 -578 16792
17:53:57.858 P 1142 204 107 0 0 0 0 -656 16798
17:53:57.858 P 1143 206 106 0 0 0 0 -632 16834
17:53:57.858 P 1144 208 106 0 0 0 0 -650 16706
17:53:57.858 P 1145 210 106 0 0 0 0 -670 16818
17:53:57.858 D 5725 0 0.21 0.000 0 0 1.87
17:53:57.858 P 1146 212 105 0 0 0 0 -670 16858
17:53:57.858 P 1147 214 102 0 0 0 0 -682 16738
17:53:57.858 P 1148 216 99 0 0 0 0 -756 16660
17:53:57.858 P 1149 218 96 0 0 0 0 -756 16680
17:53:57.858 P 1150 219 91 0 0 0 0 -774 16848
17:53:57.858 P 1151 221 88 0 0 0 0 -852 16786
17:53:57.858 P 1152 222 83 0 0 0 0 -838 16736
17:53:57.858 P 1153 224 79 0 0 0 0 -834 16762
17:53:57.858 P 1154 225 74 0 0 0 0 -858 16624
17:53:57.858 P 1155 226 69 0 0 0 0 -802 16762
17:53:57.858 P 1156 227 67 0 0 0 0 -758 16798
17:53:57.858 P 1157 228 64 0 0 0 0 -702 16754
17:53:57.858 P 1158 228 61 0 0 0 0 -646 16792
17:53:57.858 P 1159 229 60 0 0 0 0 -688 16744
17:53:57.858 P 1160 229 61 0 0 0 0 -568 16776
17:53:57.858 P 1161 230 61 0 0 0 0 -658 16668
17:53:57.858 P 1162 231 62 0 0 0 0 -584 16916
17:53:57.858 P 1163 231 62 0 0 0 0 -618 16770
17:53:57.858 P 1164 232 65 0 0 0 0 -542 16750
17:53:57.858 D 5825 0 0.47 0.000 0 0 1.87
17:53:57.858 P 1165 232 67 0 0 0 0 -596 16714
17:53:57.858 P 1166 233 70 0 0 0 0 -534 16818
17:53:57.858 P 1167 234 73 0 0 0 0 -514 16754
17:53:57.858 P 1168 235 77 0 0 0 0 -564 16830
17:53:57.858 P 1169 236 80 0 0 0 0 -646 16910
17:53:57.858 P 1170 237 81 0 0 0 0 -600 16696
17:53:57.858 P 1171 238 84 0 0 0 0 -618 16730
17:53:57.858 P 1172 240 85 0 0 0 0 -714 16718
17:53:57.858 P 1173 241 85 0 0 0 0 -736 16752
17:53:57.858 P 1174 242 86 0 0 0 0 -812 16748
17:53:57.858 P 1175 244 84 0 0 0 0 -698 16672
17:53:57.858 P 1176 245 81 0 0 0 0 -756 16720
17:53:57.858 P 1177 246 80 0 0 0 0 -712 16792
17:53:57.858 P 1178 247 78 0 0 0 0 -724 16734
17:53:57.858 P 1179 248 78 0 0 0 0 -794 16796
17:53:57.858 P 1180 250 75 0 0 0 0 -792 16796
17:53:57.858 P 1181 251 73 0 0 0 0 -766 16792
17:53:57.858 P 1182 252 74 0 0 0 0 -770 16860
17:53:57.858 P 1183 253 72 0 0 0 0 -772 16648
17:53:57.858 P 1184 254 72 0 0 0 0 -808 16788
17:53:57.858 D 5925 0 0.69 0.000 0 0 1.87
17:53:57.858 P 1185 255 71 0 0 0 0 -716 16804
17:53:57.858 P 1186 255 71 0 0 0 0 -752 16752
17:53:57.858 P 1187 256 70 0 0 0 0 -718 16792
17:53:57.858 P 1188 257 69 0 0 0 0 -762 16684
17:53:57.858 P 1189 258 68 0 0 0 0 -804 16778
17:53:57.858 P 1190 259 68 0 0 0 0 -732 16762
17:53:57.858 P 1191 260 68 0 0 0 0 -754 16852
17:53:57.858 P 1192 260 68 0 0 0 0 -736 16814
17:53:57.858 P 1193 261 68 0 0 0 0 -746 16694
17:53:57.858 P 1194 262 69 0 0 0 0 -754 16762
17:53:57.858 P 1195 263 69 0 0 0 0 -768 16668
17:53:57.858 P 1196 264 67 0 0 0 0 -734 16760
17:53:57.858 P 1197 264 67 0 0 0 0 -728 16760
17:53:57.858 P 1198 265 64 0 0 0 0 -802 16656
17:53:57.858 P 1199 266 63 0 0 0 0 -828 16740
17:53:57.858 P 1200 267 65 0 0 0 0 -870 16700
17:53:57.858 P 1201 268 61 0 0 0 0 -936 16862
17:53:57.858 P 1202 268 58 0 0 0 0 -826 16722
17:53:57.858 P 1203 269 56 0 0 0 0 -816 16704
17:53:57.858 P 1204 269 56 0 0 0 0 -830 16778
17:53:57.858 P 1205 270 55 0 0 0 0 -796 16696
17:53:57.858 D 6025 0 0.86 0.000 0 0 1.87
17:53:57.858 P 1206 270 54 0 0 0 0 -848 16770
17:53:57.858 P 1207 270 52 0 0 0 0 -840 16668
17:53:57.858 P 1208 271 50 0 0 0 0 -894 16818
17:53:57.858 P 1209 271 48 0 0 0 0 -890 16746
17:53:57.858 P 1210 271 47 0 0 0 0 -894 16774
17:53:57.858 P 1211 272 42 0 0 0 0 -854 16720
17:53:57.858 P 1212 272 40 0 0 0 0 -822 16774
17:53:57.858 P 1213 272 39 0 0 0 0 -838 16746
17:53:57.858 P 1214 272 38 0 0 0 0 -816 16664
17:53:57.858 P 1215 271 35 0 0 0 0 -790 16776
17:53:57.858 P 1216 271 36 0 0 0 0 -802 16650
17:53:57.858 P 1217 271 35 0 0 0 0 -794 16738
17:53:57.858 P 1218 271 35 0 0 0 0 -780 16858
17:53:57.858 P 1219 271 32 0 0 0 0 -830 16652
17:53:57.858 P 1220 270 33 0 0 0 0 -776 16696
17:53:57.858 P 1221 270 32 0 0 0 0 -842 16674
17:53:57.858 P 1222 270 28 0 0 0 0 -822 16760
17:53:57.858 P 1223 269 27 0 0 0 0 -828 16836
17:53:57.858 P 1224 269 26 0 0 0 0 -836 16744
17:53:57.858 D 6125 0 0.87 0.000 0 0 1.87
17:53:57.858 P 1225 269 24 0 0 0 0 -824 16630
17:53:57.858 P 1226 268 21 0 0 0 0 -856 16766
17:53:57.858 P 1227 267 20 0 0 0 0 -800 16810
17:53:57.858 P 1228 267 18 0 0 0 0 -794 16744
17:53:57.858 P 1229 266 17 0 0 0 0 -846 16690
17:53:57.858 P 1230 265 14 0 0 0 0 -888 16708
17:53:57.858 P 1231 265 15 0 0 0 0 -784 16584
17:53:57.858 P 1232 264 17 0 0 0 0 -596 16704
17:53:57.858 P 1233 263 16 0 0 0 0 -476 16764
17:53:57.858 P 1234 261 22 0 0 0 0 -354 16844
17:53:57.858 P 1235 260 32 0 0 0 0 -196 16816
17:53:57.858 P 1236 260 46 0 0 0 0 -236 16696
17:53:57.858 P 1237 260 59 0 0 0 0 -202 16720
17:53:57.858 P 1238 260 71 0 0 0 0 -138 16886
17:53:57.858 P 1239 261 84 0 0 0 0 -300 16886
17:53:57.858 P 1240 262 95 0 0 0 0 -372 16740
17:53:57.858 P 1241 263 107 0 0 0 0 -392 16624
17:53:57.858 P 1242 265 116 0 0 0 0 -436 16552
17:53:57.858 P 1243 267 123 0 0 0 0 -486 16732
17:53:57.858 P 1244 270 130 0 0 0 0 -818 16748
17:53:57.858 P 1245 272 130 0 0 0 0 -474 16846
17:53:57.858 D 6225 0 0.81 0.000 0 0 1.87
17:53:57.858 P 1246 275 141 0 0 0 0 -716 16978
17:53:57.858 P 1247 279 146 0 0 0 0 -1114 16588
17:53:57.858 P 1248 281 131 0 0 0 0 -772 16684
17:53:57.858 P 1249 284 134 0 0 0 0 -754 16636
17:53:57.858 P 1250 287 143 0 0 0 0 -954 16690
17:53:57.858 P 1251 290 138 0 0 0 0 -452 16792
17:53:57.858 P 1252 292 150 0 0 0 0 -172 16848
17:53:57.858 P 1253 295 170 0 0 0 0 -300 16746
17:53:57.858 P 1254 299 184 0 0 0 0 16 16756
17:53:57.858 P 1255 302 206 0 0 0 0 136 16830
17:53:57.858 P 1256 307 240 0 0 0 0 120 16804
17:53:57.858 P 1257 313 269 0 0 0 0 -158 16958
17:53:57.858 P 1258 320 297 0 0 0 0 -160 17000
17:53:57.858 P 1259 328 325 0 0 0 0 -432 16674
17:53:57.858 P 1260 336 347 0 0 0 0 -450 16672
17:53:57.858 P 1261 346 366 0 0 0 0 -876 16744
17:53:57.858 P 1262 356 376 0 0 0 0 -972 16848
17:53:57.858 P 1263 367 378 0 0 0 0 -1478 16626
17:53:57.858 P 1264 378 365 0 0 0 0 -1820 16582
17:53:57.858 D 6325 0 1.90 0.000 0 0 1.87
17:53:57.858 P 1265 388 339 0 0 0 0 -1986 16440
17:53:57.858 P 1266 397 315 0 0 0 0 -1910 16286
17:53:57.858 P 1267 406 293 0 0 0 0 -1854 16712
17:53:57.858 P 1268 414 269 0 0 0 0 -2156 17048
17:53:57.858 P 1269 421 243 0 0 0 0 -1914 16878
17:53:58.297 P 1270 427 218 0 0 0 0 -2110 16620
17:53:58.297 P 1271 433 188 0 0 0 0 -1918 16476
17:53:58.297 P 1272 437 164 0 0 0 0 -1796 16552
17:53:58.297 P 1273 441 145 0 0 0 0 -2070 16644
17:53:58.297 P 1274 445 112 0 0 0 0 -2258 16902
17:53:58.297 P 1275 447 78 0 0 0 0 -2264 16918
17:53:58.297 P 1276 448 49 0 0 0 0 -2272 16628
17:53:58.297 P 1277 449 23 0 0 0 0 -2436 16486
17:53:58.297 P 1278 449 -7 0 0 0 0 -2494 16428
17:53:58.297 P 1279 448 -38 0 0 0 0 -2234 16588
17:53:58.297 P 1280 446 -61 0 0 0 0 -2258 16710
17:53:58.297 P 1281 442 -82 0 0 0 0 -1306 16816
17:53:58.297 P 1282 441 -66 0 0 0 0 -2334 16554
17:53:58.297 P 1283 438 -91 0 0 0 0 -2708 16574
17:53:58.297 P 1284 433 -142 0 0 0 0 -1774 16688
17:53:58.297 D 6425 0 2.65 0.000 0 0 1.87
17:53:58.297 P 1285 428 -152 0 0 0 0 -1616 16748
17:53:58.297 P 1286 424 -136 0 0 0 0 -2214 16782
17:53:58.297 P 1287 419 -138 0 0 0 0 -1912 16680
17:53:58.297 P 1288 413 -149 0 0 0 0 -1188 16744
17:53:58.297 P 1289 407 -155 0 0 0 0 -1062 16492
17:53:58.297 P 1290 401 -164 0 0 0 0 -1044 16762
17:53:58.297 P 1291 394 -168 0 0 0 0 -744 17140
17:53:58.297 P 1292 388 -151 0 0 0 0 -994 16818
17:53:58.297 P 1293 382 -138 0 0 0 0 -662 16700
17:53:58.297 P 1294 376 -136 0 0 0 0 -754 16586
17:53:58.297 P 1295 370 -137 0 0 0 0 -544 16678
17:53:58.297 P 1296 365 -121 0 0 0 0 -648 16812
17:53:58.297 P 1297 360 -106 0 0 0 0 -544 16882
17:53:58.297 P 1298 354 -99 0 0 0 0 -376 16826
17:53:58.297 P 1299 350 -89 0 0 0 0 -448 16752
17:53:58.297 P 1300 346 -76 0 0 0 0 -634 16866
17:53:58.297 P 1301 342 -64 0 0 0 0 -684 16788
17:53:58.297 P 1302 339 -55 0 0 0 0 -858 16908
17:53:58.297 P 1303 336 -54 0 0 0 0 -1042 16678
17:53:58.297 P 1304 333 -55 0 0 0 0 -974 16686
17:53:58.297 D 6525 0 1.57 0.000 0 0 1.87
17:53:58.297 P 1305 331 -53 0 0 0 0 -1052 16726
17:53:58.297 P 1306 328 -57 0 0 0 0 -1106 16746
17:53:58.297 P 1307 325 -62 0 0 0 0 -1306 16666
17:53:58.297 P 1308 322 -73 0 0 0 0 -1512 16686
17:53:58.297 P 1309 319 -88 0 0 0 0 -1720 16640
17:53:58.297 P 1310 316 -109 0 0 0 0 -1834 16668
17:53:58.297 P 1311 312 -132 0 0 0 0 -1834 16746
17:53:58.297 P 1312 307 -155 0 0 0 0 -1864 16648
17:53:58.297 P 1313 302 -176 0 0 0 0 -1734 16666
17:53:58.297 P 1314 295 -193 0 0 0 0 -1500 16736
17:53:58.297 P 1315 288 -209 0 0 0 0 -1234 16698
17:53:58.297 P 1316 281 -221 0 0 0 0 -1090 16778
17:53:58.297 P 1317 273 -228 0 0 0 0 -900 16772
17:53:58.297 P 1318 264 -233 0 0 0 0 -912 16758
17:53:58.297 P 1319 256 -240 0 0 0 0 -976 16762
17:53:58.297 P 1320 248 -246 0 0 0 0 -938 16634
17:53:58.297 P 1321 239 -251 0 0 0 0 -772 16676
17:53:58.297 P 1322 230 -255 0 0 0 0 -630 16782
17:53:58.297 P 1323 221 -253 0 0 0 0 -398 16806
17:53:58.297 P 1324 211 -249 0 0 0 0 -148 16816
17:53:58.297 D 6625 0 0.38 0.000 0 0 1.87
17:53:58.297 P 1325 202 -238 0 0 0 0 -18 16606
17:53:58.297 P 1326 193 -225 0 0 0 0 50 16644
17:53:58.297 P 1327 185 -214 0 0 0 0 -6 16726
17:53:58.297 P 1328 177 -203 0 0 0 0 -92 16792
17:53:58.297 P 1329 169 -197 0 0 0 0 -200 16760
17:53:58.297 P 1330 162 -193 0 0 0 0 -260 16744
17:53:58.297 P 1331 154 -192 0 0 0 0 -374 16650
17:53:58.297 P 1332 147 -194 0 0 0 0 -404 16692
17:53:58.297 P 1333 140 -196 0 0 0 0 -368 16722
17:53:58.297 P 1334 133 -196 0 0 0 0 -358 16800
17:53:58.297 P 1335 125 -199 0 0 0 0 -156 16774
17:53:58.297 P 1336 118 -198 0 0 0 0 6 16770
17:53:58.297 P 1337 110 -191 0 0 0 0 234 16758
17:53:58.297 P 1338 102 -182 0 0 0 0 282 16856
17:53:58.297 P 1339 95 -171 0 0 0 0 272 16868
17:53:58.297 P 1340 88 -157 0 0 0 0 276 16836
17:53:58.297 P 1341 82 -146 0 0 0 0 306 16850
17:53:58.297 P 1342 76 -135 0 0 0 0 440 16854
17:53:58.297 P 1343 70 -118 0 0 0 0 452 16854
17:53:58.297 P 1344 66 -90 0 0 0 0 386 16826
17:53:58.297 D 6725 0 -1.20 0.000 0 0 1.87
17:53:58.297 P 1345 62 -58 0 0 0 0 144 16770
17:53:58.297 P 1346 59 -47 0 0 0 0 168 16810
17:53:58.297 P 1347 56 -46 0 0 0 0 164 16846
17:53:58.500 P 1348 53 -38 0 0 0 0 -64 16916
17:53:58.500 P 1349 51 -21 0 0 0 0 110 16852
17:53:58.500 P 1350 49 -26 0 0 0 0 300 16678
17:53:58.500 P 1351 46 -17 0 0 0 0 440 16712
17:53:58.500 P 1352 44 -4 0 0 0 0 526 16674
17:53:58.500 P 1353 42 11 0 0 0 0 554 16936
17:53:58.500 P 1354 41 27 0 0 0 0 502 16866
17:53:58.500 P 1355 41 38 0 0 0 0 50 16758
17:53:58.500 P 1356 41 40 0 0 0 0 -144 16744
17:53:58.500 P 1357 41 41 0 0 0 0 -286 16890
17:53:58.500 P 1358 41 41 0 0 0 0 -590 16870
17:53:58.500 P 1359 42 26 0 0 0 0 -800 16720
17:53:58.500 P 1360 42 8 0 0 0 0 -1114 16592
17:53:58.500 P 1361 42 -15 0 0 0 0 -1164 16584
17:53:58.500 P 1362 41 -37 0 0 0 0 -1150 16578
17:53:58.500 P 1363 39 -60 0 0 0 0 -1098 16620
17:53:58.500 P 1364 36 -82 0 0 0 0 -966 16764
17:53:58.500 P 1365 33 -102 0 0 0 0 -990 16782
17:53:58.500 P 1366 29 -124 0 0 0 0 -786 16750
17:53:58.500 P 1367 24 -142 0 0 0 0 -528 16712
17:53:58.500 P 1368 18 -152 0 0 0 0 -466 16768
17:53:58.500 P 1369 12 -163 0 0 0 0 -78 16788
17:53:58.500 P 1370 5 -165 0 0 0 0 314 16984
17:53:58.500 P 1371 0 -156 0 0 0 0 524 16958
17:53:58.500 P 1372 -7 -150 0 0 0 0 680 16736
17:53:58.500 P 1373 -13 -138 0 0 0 0 756 16878
17:53:58.500 P 1374 -19 -121 0 0 0 0 692 16794
17:53:58.500 P 1375 -24 -106 0 0 0 0 630 16794
17:53:58.500 P 1376 -28 -93 0 0 0 0 336 16822
17:53:58.500 P 1377 -32 -88 0 0 0 0 20 16872
17:53:58.500 P 1378 -36 -90 0 0 0 0 -186 16710
17:53:58.500 P 1379 -39 -93 0 0 0 0 -316 16580
17:53:58.500 P 1380 -43 -102 0 0 0 0 -132 16626
17:53:58.500 P 1381 -48 -107 0 0 0 0 424 16734
17:53:58.500 P 1382 -53 -100 0 0 0 0 832 16946
17:53:58.500 P 1383 -59 -81 0 0 0 0 1416 16966
17:53:58.500 P 1384 -63 -46 0 0 0 0 1882 16872
17:53:58.500 P 1385 -67 -2 0 0 0 0 2200 16776
17:53:58.500 P 1386 -69 49 0 0 0 0 2262 16730
17:53:58.703 D 7005 0 -1.98 0.000 0 0 1.87
17:53:58.703 P 1387 -70 107 0 0 0 0 2142 16852
17:53:58.703 P 1388 -68 162 0 0 0 0 1900 16852
17:53:58.703 P 1389 -65 209 0 0 0 0 1500 16794
17:53:58.703 P 1390 -59 246 0 0 0 0 1060 16696
17:53:58.703 P 1391 -54 267 0 0 0 0 1122 16814
17:53:58.703 P 1392 -47 291 0 0 0 0 932 16696
17:53:58.703 P 1393 -38 286 0 0 0 0 -912 16560
17:53:58.703 P 1394 -32 238 0 0 0 0 -192 16934
17:53:58.703 P 1395 -25 232 0 0 0 0 -948 16716
17:53:58.703 P 1396 -20 203 0 0 0 0 -308 16394
17:53:58.703 P 1397 -15 188 0 0 0 0 248 16688
17:53:58.703 P 1398 -10 192 0 0 0 0 -246 16754
17:53:58.703 P 1399 -6 186 0 0 0 0 100 16874
17:53:58.703 P 1400 -1 190 0 0 0 0 -408 16764
17:53:58.703 P 1401 3 181 0 0 0 0 -338 17046
17:53:58.703 P 1402 7 171 0 0 0 0 -378 16870
17:53:58.703 P 1403 11 166 0 0 0 0 -262 16696
17:53:58.703 P 1404 15 163 0 0 0 0 -242 16526
17:53:58.703 P 1405 19 160 0 0 0 0 -332 16720
17:53:58.703 P 1406 22 153 0 0 0 0 -192 16800
17:53:58.703 P 1407 26 153 0 0 0 0 -240 16868
17:53:58.703 P 1408 30 156 0 0 0 0 -270 16742
17:53:58.703 P 1409 33 151 0 0 0 0 -232 16722
17:53:58.703 P 1410 36 143 0 0 0 0 -158 16654
17:53:58.703 P 1411 40 144 0 0 0 0 -132 16722
17:53:58.703 P 1412 43 143 0 0 0 0 -180 16808
17:53:58.703 P 1413 46 140 0 0 0 0 -210 16754
17:53:58.703 P 1414 49 138 0 0 0 0 -196 16820
17:53:58.703 P 1415 52 135 0 0 0 0 -242 16760
17:53:58.703 P 1416 55 135 0 0 0 0 -304 16682
17:53:58.703 P 1417 58 131 0 0 0 0 -248 16802
17:53:58.703 P 1418 60 129 0 0 0 0 -276 16742
17:53:58.703 P 1419 63 129 0 0 0 0 -384 16822
17:53:58.703 P 1420 66 125 0 0 0 0 -312 16708
17:53:58.703 P 1421 69 120 0 0 0 0 -330 16652
17:53:58.703 P 1422 71 119 0 0 0 0 -346 16708
17:53:58.703 P 1423 74 115 0 0 0 0 -430 16894
17:53:58.703 P 1424 76 109 0 0 0 0 -410 16744
17:53:58.703 P 1425 78 105 0 0 0 0 -500 16748
17:53:58.703 P 1426 80 98 0 0 0 0 -510 16734
17:53:58.703 P 1427 82 90 0 0 0 0 -532 16706
17:53:58.703 P 1428 84 84 0 0 0 0 -556 16664
17:53:58.905 D 7215 0 -0.95 0.000 0 0 1.87
17:53:58.905 P 1429 85 75 0 0 0 0 -572 16728
17:53:58.905 P 1430 86 67 0 0 0 0 -546 16772
17:53:58.905 P 1431 87 60 0 0 0 0 -578 16756
17:53:58.905 P 1432 88 54 0 0 0 0 -482 16762
17:53:58.905 P 1433 88 47 0 0 0 0 -464 16770
17:53:58.905 P 1434 89 43 0 0 0 0 -486 16824
17:53:58.905 P 1435 89 38 0 0 0 0 -472 16792
17:53:58.905 P 1436 89 32 0 0 0 0 -452 16728
17:53:58.905 P 1437 89 29 0 0 0 0 -440 16814
17:53:58.905 P 1438 88 23 0 0 0 0 -480 16744
17:53:58.905 P 1439 88 17 0 0 0 0 -456 16656
17:53:58.905 P 1440 87 12 0 0 0 0 -480 16788
17:53:58.905 P 1441 87 7 0 0 0 0 -498 16798
17:53:58.905 P 1442 86 1 0 0 0 0 -402 16690
17:53:58.905 P 1443 84 -4 0 0 0 0 -394 16788
17:53:58.905 P 1444 83 -9 0 0 0 0 -444 16830
17:53:58.905 P 1445 82 -14 0 0 0 0 -418 16724
17:53:58.905 P 1446 80 -18 0 0 0 0 -344 16778
17:53:58.905 P 1447 78 -23 0 0 0 0 -294 16642
17:53:58.905 P 1448 76 -25 0 0 0 0 -184 16746
17:53:58.905 P 1449 74 -26 0 0 0 0 -184 16746
17:53:58.905 P 1450 72 -25 0 0 0 0 -146 16746
17:53:58.905 P 1451 70 -23 0 0 0 0 -104 16688
17:53:58.905 P 1452 68 -21 0 0 0 0 -120 16778
17:53:58.905 P 1453 66 -18 0 0 0 0 -48 16732
17:53:58.905 P 1454 64 -15 0 0 0 0 -60 16732
17:53:58.905 P 1455 62 -12 0 0 0 0 -72 16836
17:53:58.905 P 1456 61 -8 0 0 0 0 -36 16668
17:53:58.905 P 1457 59 -3 0 0 0 0 82 16720
17:53:58.905 P 1458 57 2 0 0 0 0 64 16792
17:53:58.905 P 1459 56 6 0 0 0 0 34 16858
17:53:58.905 P 1460 55 11 0 0 0 0 -10 16796
17:53:58.905 P 1461 54 15 0 0 0 0 44 16676
17:53:58.905 P 1462 53 20 0 0 0 0 2 16828
17:53:58.905 P 1463 52 23 0 0 0 0 68 16780
17:53:58.905 P 1464 52 29 0 0 0 0 18 16846
17:53:58.905 P 1465 51 34 0 0 0 0 52 16776
17:53:58.905 P 1466 51 40 0 0 0 0 106 16790
17:53:59.092 D 7405 0 -1.25 0.000 0 0 1.87
17:53:59.092 P 1467 51 44 0 0 0 0 112 16782
17:53:59.092 P 1468 51 46 0 0 0 0 -4 16684
17:53:59.092 P 1469 51 53 0 0 0 0 18 16824
17:53:59.092 P 1470 51 59 0 0 0 0 102 16910
17:53:59.092 P 1471 51 64 0 0 0 0 74 16790
17:53:59.092 P 1472 52 70 0 0 0 0 64 16786
17:53:59.092 P 1473 53 75 0 0 0 0 68 16808
17:53:59.092 P 1474 54 83 0 0 0 0 28 16806
17:53:59.092 P 1475 55 87 0 0 0 0 14 16792
17:53:59.092 P 1476 56 93 0 0 0 0 64 16684
17:53:59.092 P 1477 58 98 0 0 0 0 12 16684
17:53:59.092 P 1478 60 104 0 0 0 0 94 16768
17:53:59.092 P 1479 61 109 0 0 0 0 2 16654
17:53:59.092 P 1480 63 119 0 0 0 0 142 16794
17:53:59.092 P 1481 66 127 0 0 0 0 48 16824
17:53:59.092 P 1482 68 132 0 0 0 0 68 16858
17:53:59.092 P 1483 71 138 0 0 0 0 102 16882
17:53:59.092 P 1484 74 147 0 0 0 0 -6 16762
17:53:59.092 P 1485 77 154 0 0 0 0 -86 16724
17:53:59.092 P 1486 80 157 0 0 0 0 -14 16722
17:53:59.092 P 1487 84 163 0 0 0 0 -46 16696
17:53:59.092 P 1488 87 166 0 0 0 0 -208 16860
17:53:59.092 P 1489 91 170 0 0 0 0 -156 16750
17:53:59.092 P 1490 95 173 0 0 0 0 -176 16802
17:53:59.092 P 1491 99 176 0 0 0 0 -260 16658
17:53:59.092 P 1492 103 180 0 0 0 0 -214 16726
17:53:59.092 P 1493 107 182 0 0 0 0 -172 16814
17:53:59.092 P 1494 112 185 0 0 0 0 -238 16798
17:53:59.092 P 1495 116 188 0 0 0 0 -216 16814
17:53:59.092 P 1496 120 192 0 0 0 0 -248 16676
17:53:59.092 P 1497 125 196 0 0 0 0 -192 16680
17:53:59.092 P 1498 130 202 0 0 0 0 -240 16740
17:53:59.092 P 1499 134 205 0 0 0 0 -300 16790
17:53:59.092 P 1500 139 208 0 0 0 0 -314 16722
17:53:59.092 P 1501 145 211 0 0 0 0 -340 16742
17:53:59.092 P 1502 150 213 0 0 0 0 -374 16824
17:53:59.092 P 1503 155 215 0 0 0 0 -416 16728
17:53:59.092 P 1504 160 217 0 0 0 0 -464 16720
17:53:59.092 P 1505 166 218 0 0 0 0 -486 16706
17:53:59.092 P 1506 171 219 0 0 0 0 -504 16812
17:54:02.689 D 7605 0 0.63 0.000 0 0 1.87
17:54:02.689 P 1507 176 220 0 0 0 0 -490 16780
17:54:02.689 P 1508 182 220 0 0 0 0 -510 16726
17:54:02.689 P 1509 187 220 0 0 0 0 -438 16786
17:54:02.689 P 1510 193 222 0 0 0 0 -498 16742
17:54:02.689 P 1511 198 224 0 0 0 0 -464 16700
17:54:02.689 P 1512 204 227 0 0 0 0 -484 16728
17:54:02.689 P 1513 209 231 0 0 0 0 -450 16726
17:54:02.689 P 1514 215 234 0 0 0 0 -488 16754
17:54:02.689 P 1515 221 237 0 0 0 0 -458 16820
17:54:02.689 P 1516 226 242 0 0 0 0 -436 16752
17:54:02.689 P 1517 232 248 0 0 0 0 -486 16780
17:54:02.689 P 1518 239 255 0 0 0 0 -468 16834
17:54:02.689 P 1519 245 260 0 0 0 0 -534 16748
17:54:02.689 P 1520 252 266 0 0 0 0 -550 16600
17:54:02.689 P 1521 259 271 0 0 0 0 -634 16644
17:54:02.689 P 1522 266 278 0 0 0 0 -582 16808
17:54:02.689 P 1523 273 283 0 0 0 0 -598 16766
17:54:02.689 P 1524 280 287 0 0 0 0 -668 16842
17:54:02.689 P 1525 287 294 0 0 0 0 -626 16766
17:54:02.689 P 1526 295 300 0 0 0 0 -578 16832
17:54:02.689 P 1527 303 306 0 0 0 0 -636 16728
17:54:02.689 P 1528 311 315 0 0 0 0 -662 16640
17:54:02.689 P 1529 319 321 0 0 0 0 -654 16702
17:54:02.689 P 1530 327 329 0 0 0 0 -630 16724
17:54:02.689 P 1531 336 338 0 0 0 0 -676 16774
17:54:02.689 P 1532 345 347 0 0 0 0 -608 16816
17:54:02.689 P 1533 354 357 0 0 0 0 -690 16726
17:54:02.689 P 1534 363 366 0 0 0 0 -730 16748
17:54:02.689 P 1535 373 377 0 0 0 0 -742 16700
17:54:02.689 P 1536 383 386 0 0 0 0 -790 16620
17:54:02.689 P 1537 394 396 0 0 0 0 -788 16770
17:54:02.689 P 1538 404 408 0 0 0 0 -818 16762
17:54:02.689 P 1539 415 417 0 0 0 0 -834 16768
17:54:02.689 P 1540 427 428 0 0 0 0 -896 16660
17:54:02.689 P 1541 438 440 0 0 0 0 -894 16742
17:54:02.689 P 1542 450 450 0 0 0 0 -966 16686
17:54:02.689 P 1543 463 463 0 0 0 0 -1050 16764
17:54:02.689 P 1544 476 474 0 0 0 0 -1048 16780
17:54:02.689 P 1545 489 486 0 0 0 0 -1136 16754
17:54:02.689 P 1546 502 496 0 0 0 0 -1178 16592
17:54:02.689 P 1547 516 508 0 0 0 0 -1286 16702
17:54:02.689 P 1548 531 518 2016 2008 0 0 -1346 16626
17:54:02.689 P 1549 545 528 2026 2011 0 0 -1426 16610
17:54:02.689 P 1550 560 537 2060 2043 1 1 -1586 16702
17:54:02.689 P 1551 575 549 2070 2081 2 1 -818 16800
17:54:02.689 P 1552 593 589 2135 2108 1 2 -2884 16620
17:54:02.689 P 1553 612 518 2159 2154 4 2 -6126 16296
17:54:02.689 P 1554 625 268 2104 2034 4 3 -6864 16438
17:54:02.689 P 1555 626 -9 1970 1735 5 4 -4816 17112
17:54:02.689 P 1556 622 -233 1927 1515 5 5 -5706 17784
17:54:02.689 P 1557 607 -643 1840 -1339 5 5 -7384 16916
17:54:02.689 P 1558 567 -1323 -1640 -1687 6 4 -2740 16660
17:54:02.689 P 1559 514 -1662 -1708 -1681 6 5 -164 16016
17:54:02.689 P 1560 461 -1627 -1552 -1569 5 4 -314 15648
17:54:02.689 P 1561 414 -1517 -1476 -1447 6 4 -1392 16236
17:54:02.689 P 1562 370 -1432 -1431 -1404 4 3 -1910 16332
17:54:02.689 P 1563 328 -1359 -1397 -1390 4 4 -1168 16590
17:54:02.689 P 1564 288 -1246 -1425 -1403 3 2 -328 16876
17:54:02.689 P 1565 254 -1061 -1441 -1424 3 3 74 16636
17:54:02.689 P 1566 225 -828 -1429 -1363 4 3 784 16290
17:54:02.689 P 1567 208 -590 -1438 -1305 3 2 -2216 16184
17:54:02.689 P 1568 195 -505 -1381 -1342 3 2 -3710 16428
17:54:02.689 P 1569 183 -533 -1453 -1492 2 3 -4714 16470
17:54:02.689 P 1570 162 -720 -1679 -1658 2 1 -2392 16870
17:54:02.689 P 1571 136 -828 -1745 -1743 1 3 -814 17154
17:54:02.689 P 1572 114 -772 -1801 -1719 2 1 -3088 16580
17:54:02.689 P 1573 92 -769 -1782 -1774 1 1 -2282 16326
17:54:02.689 P 1574 67 -743 -1728 -1815 0 2 336 16380
17:54:02.689 P 1575 47 -599 -1774 -1806 -1 0 532 16718
17:54:02.689 P 1576 33 -420 -1771 -1815 -1 0 -560 17322
17:54:02.689 P 1577 23 -303 -1812 -1923 -2 -1 12 17388
17:54:02.689 P 1578 15 -193 -1907 -1973 -2 -1 724 17062
17:54:02.689 P 1579 12 -58 -1983 -1944 -2 -2 -368 16614
17:54:02.689 P 1580 12 20 -2057 -1976 -3 -2 -548 16402
17:54:02.689 P 1581 12 87 -2016 -1989 -4 -3 1394 16704
17:54:02.689 P 1582 17 256 -1880 -1850 -4 -3 1026 17210
17:54:02.689 P 1583 29 407 -1840 -1716 -5 -4 -64 16968
17:54:02.689 P 1584 43 513 -1761 -1595 -6 -3 188 16636
17:54:02.689 P 1585 59 616 -1690 -1506 -6 -5 942 17036
17:54:02.689 P 1586 82 751 -1599 -1415 -6 -4 -1430 16520
17:54:02.689 P 1587 106 797 -1465 -1418 -5 -4 -1526 16764
17:54:02.689 P 1588 132 872 -1312 -1462 -6 -4 -590 17122
17:54:02.689 P 1589 163 1008 1393 -1426 -6 -4 -1850 16602
17:54:02.689 P 1590 193 1006 1396 -1423 -5 -4 -1314 16338
17:54:02.689 P 1591 221 928 1346 -1450 -5 -4 -902 16294
17:54:02.689 P 1592 247 857 1331 -1461 -5 -4 -1354 16476
17:54:02.689 P 1593 270 788 1340 -1509 -5 -4 -1542 16736
17:54:02.689 P 1594 291 725 1390 -1557 -4 -3 -1002 17266
17:54:02.689 P 1595 311 678 1425 -1566 -4 -4 -1462 17154
17:54:02.689 P 1596 328 610 1444 -1593 -4 -4 -700 16660
17:54:02.689 P 1597 345 580 1464 -1601 -4 -4 -1444 16352
17:54:02.689 P 1598 361 535 1428 -1623 -4 -3 -1704 16546
17:54:02.689 P 1599 374 470 1371 -1650 -3 -4 -618 16880
17:54:02.689 P 1600 385 442 1314 -1605 -3 -3 -338 17124
17:54:02.689 P 1601 396 422 -1312 -1506 -3 -3 -904 17030
17:54:02.689 P 1602 406 382 -1377 -1419 -3 -4 -310 16764
17:54:02.689 P 1603 415 392 -1359 -1328 -2 -4 -308 16622
17:54:02.689 P 1604 426 397 -1356 1339 -2 -3 -586 16476
17:54:02.689 P 1605 436 376 -1396 -1326 -3 -4 -1030 16690
17:54:02.689 P 1606 444 358 -1302 -1334 -2 -3 -362 16848
17:54:02.689 P 1607 454 382 1334 -1310 -3 -4 -750 16726
17:54:02.689 P 1608 464 389 1355 1336 -3 -2 -1272 16504
17:54:02.689 P 1609 474 369 1465 1408 -1 -3 -774 16686
17:54:02.689 P 1610 483 368 1441 1387 -3 -4 -1026 16662
17:54:02.689 P 1611 493 367 1527 1452 -2 -3 -1488 16720
17:54:02.689 P 1612 503 351 1597 1487 -2 -2 -1514 16722
17:54:02.689 P 1613 512 332 1646 1495 -1 -2 -1568 16724
17:54:02.689 P 1614 520 314 1766 1572 -1 -2 -1086 16858
17:54:02.689 P 1615 528 313 1785 1558 -2 -3 -1800 16818
17:54:02.689 P 1616 536 275 1811 1569 0 -1 -2120 16844
17:54:02.689 P 1617 541 204 1764 1524 0 -2 -1292 16748
17:54:02.689 P 1618 544 158 1801 1586 2 -1 -1518 16948
17:54:02.689 P 1619 546 80 1897 1687 1 0 -2190 17284
17:54:02.689 P 1620 545 -24 1856 1644 1 -1 -2320 16730
17:54:02.689 P 1621 540 -166 1859 1646 3 0 -3044 16424
17:54:02.689 P 1622 526 -424 1519 1409 2 0 -1758 16398
17:54:02.689 P 1623 502 -739 -1606 -1305 3 1 -844 16496
17:54:02.689 P 1624 470 -953 -1760 -1353 3 0 -170 16900
17:54:02.689 P 1625 438 -975 -1700 -1430 2 0 50 16884
17:54:02.689 P 1626 407 -910 -1547 -1373 2 1 -58 16636
17:54:02.689 P 1627 379 -839 -1520 -1391 1 0 228 16368
17:54:02.689 P 1628 354 -738 -1428 -1339 1 1 344 16170
17:54:02.689 P 1629 332 -613 -1337 1353 1 1 580 16888
17:54:02.689 P 1630 315 -459 -1321 1397 0 0 520 17260
17:54:02.689 P 1631 303 -313 1316 1477 0 0 566 17060
17:54:02.689 P 1632 294 -176 1380 1509 1 1 410 16880
17:54:02.689 P 1633 290 -79 1509 1455 0 0 26 16658
17:54:02.689 P 1634 286 -41 1521 1508 0 0 -138 16326
17:54:02.689 P 1635 283 -49 1488 1545 0 0 -148 16546
17:54:02.689 P 1636 279 -71 1436 1494 0 0 -6 16998
17:54:02.689 P 1637 273 -84 1423 1494 0 0 310 17070
17:54:02.689 P 1638 269 -65 1439 1526 0 0 614 17040
17:54:02.689 P 1639 266 1 1489 1581 0 0 252 16908
17:54:02.689 P 1640 266 48 1566 1669 0 1 -332 16650
17:54:02.689 P 1641 266 55 1574 1682 0 0 -140 16526
17:54:02.689 P 1642 265 69 1581 1708 0 0 158 16842
17:54:02.689 P 1643 266 103 1683 1816 1 1 -194 16944
17:54:02.689 P 1644 268 113 1686 1806 0 1 -462 16724
17:54:02.689 P 1645 273 88 1666 1776 0 1 -3846 16434
17:54:02.689 P 1646 271 -54 1622 1538 1 2 -1414 16688
17:54:02.689 P 1647 266 -135 1597 1341 1 2 -1200 16704
17:54:02.689 P 1648 260 -201 1615 -1336 1 2 -2084 16506
17:54:02.689 P 1649 250 -316 1537 -1429 0 2 -1198 16690
17:54:02.689 P 1650 236 -373 1439 -1484 1 2 424 16976
17:54:02.689 P 1651 224 -332 1416 -1438 2 2 282 16932
17:54:02.689 P 1652 213 -295 1382 -1421 1 1 102 16758
17:54:02.689 P 1653 202 -274 1372 -1374 0 2 298 16804
17:54:02.689 P 1654 192 -235 1361 -1334 1 1 450 16844
17:54:02.689 P 1655 184 -184 1374 -1301 2 1 526 16756
17:54:02.689 P 1656 178 -132 1428 1350 1 1 438 16836
17:54:02.689 P 1657 173 -90 1460 1364 0 1 -98 16764
17:54:02.689 P 1658 169 -63 1486 1388 1 1 428 16842
17:54:02.689 P 1659 167 -12 1489 1442 0 1 296 16882
17:54:02.689 P 1660 166 35 1559 1510 2 0 -268 16744
17:54:02.689 P 1661 166 48 1583 1546 0 2 -78 16782
17:54:02.689 P 1662 166 61 1605 1559 1 1 -204 16800
17:54:02.689 P 1663 167 65 1560 1514 0 0 -560 16686
17:54:02.689 P 1664 167 45 1552 1514 1 1 -578 16738
17:54:02.689 P 1665 166 16 1496 1421 1 1 -382 16774
17:54:02.689 P 1666 164 2 1430 1351 1 1 222 16804
17:54:02.689 P 1667 163 22 1522 1481 1 1 116 16664
17:54:02.689 P 1668 163 45 1533 1510 1 1 -358 16722
17:54:02.689 P 1669 163 49 1535 1458 0 0 -194 16758
17:54:02.689 P 1670 163 66 1663 1530 2 2 -32 16790
17:54:02.689 P 1671 164 86 1645 1507 0 1 -542 16864
17:54:02.689 P 1672 165 68 1614 1441 1 0 -520 16726
17:54:02.689 P 1673 165 50 1645 1482 1 1 84 16694
17:54:02.689 P 1674 165 48 1619 1527 2 2 -498 16756
17:54:02.689 P 1675 164 20 1592 1544 1 1 -278 16724
17:54:02.689 P 1676 162 7 1544 1552 1 0 160 16762
17:54:02.689 P 1677 161 18 1577 1663 2 2 -446 16826
17:54:02.689 P 1678 161 0 1485 1625 2 1 -1020 16734
17:54:02.689 P 1679 158 -47 1417 1531 1 1 -690 16686
17:54:02.689 P 1680 154 -74 1440 1537 2 1 226 16782
17:54:02.689 P 1681 152 -43 1419 1531 1 2 -780 16702
17:54:02.689 P 1682 150 -46 1491 1462 2 1 -1170 16654
17:54:02.689 P 1683 146 -76 1575 1401 1 2 350 16850
17:54:02.689 P 1684 143 -44 1586 1466 1 2 -28 16834
17:54:02.689 P 1685 140 -32 1578 1471 2 1 -496 16852
17:54:02.689 P 1686 138 -30 1610 1463 1 2 -98 16864
17:54:02.689 P 1687 136 5 1673 1417 1 1 296 16710
17:54:02.689 P 1688 136 31 1715 1493 2 2 -908 16606
17:54:02.689 P 1689 135 -4 1676 1449 2 1 -720 16720
17:54:02.689 P 1690 132 -46 1602 1387 2 2 202 16750
17:54:02.689 P 1691 129 -43 1516 1448 1 1 182 16874
17:54:02.689 P 1692 126 -40 1501 1534 3 2 -698 16810
17:54:02.689 P 1693 123 -77 1362 1489 1 1 -892 16766
17:54:02.689 P 1694 118 -125 -1303 1464 3 2 -70 16628
17:54:02.689 P 1695 112 -127 -1379 1494 1 1 258 16688
17:54:02.689 P 1696 108 -108 -1407 1529 2 2 -748 16640
17:54:02.689 P 1697 104 -115 -1331 1563 2 2 -586 16836
17:54:02.689 P 1698 99 -80 -1313 1428 1 1 448 17024
17:54:02.689 P 1699 98 6 1512 1504 2 1 -384 17064
17:54:02.689 P 1700 99 50 1619 1467 1 2 -1118 16794
17:54:02.689 P 1701 98 31 1593 1383 1 1 326 16678
17:54:02.689 P 1702 99 56 1635 1522 1 2 -248 16736
17:54:02.689 P 1703 100 59 1564 1488 1 1 -1272 16782
17:54:02.689 P 1704 99 18 1566 1408 2 1 -114 16902
17:54:02.689 P 1705 98 17 1598 1487 2 2 -32 16722
17:54:02.689 P 1708 96 -12 1506 1508 2 2 -424 16666
17:54:06.853 P 1713 84 -36 1425 1476 2 2 -194 16832
17:54:06.853 P 1718 83 81 1553 1444 0 1 -664 16684
17:54:06.853 P 1722 85 78 1616 1518 1 2 -418 16738
17:54:06.853 P 1727 84 -26 1394 1372 1 0 -170 16844
17:54:06.853 P 1732 75 5 1359 1435 1 1 -152 16704
17:54:06.853 P 1737 80 89 1546 1442 0 1 -68 16778
17:54:06.853 P 1742 87 46 1478 1498 1 1 -232 16772
17:54:06.853 P 1747 84 33 1397 1452 1 1 -582 16634
17:54:06.853 P 1752 85 86 1510 1504 1 1 -346 16822
17:54:06.853 P 1758 94 79 1552 1527 1 1 -670 16744
17:54:06.853 P 1763 93 1 1398 1400 1 1 -258 16670
17:54:06.853 P 1768 90 24 1461 1451 1 1 314 16916
17:54:06.853 P 1773 95 100 1525 1550 1 1 -844 16676
17:54:06.853 P 1778 97 23 1504 1469 2 1 -320 16858
17:54:06.853 P 1783 92 3 1475 1414 1 2 -602 16748
17:54:06.853 P 1788 88 15 1520 1366 1 1 -442 16740
17:54:06.853 P 1793 86 21 1434 1466 0 1 130 16866
17:54:06.853 P 1798 88 44 1474 1400 0 1 -422 16768
17:54:06.853 P 1802 89 32 1465 1456 1 0 -398 16730
17:54:06.853 P 1807 87 50 1497 1397 0 0 -304 16768
17:54:06.853 P 1812 89 49 1447 1480 0 0 -478 16724
17:54:06.853 P 1817 92 72 1558 1393 0 1 -56 16784
17:54:06.853 P 1821 96 66 1399 1487 0 1 -622 16680
17:54:06.853 P 1826 98 39 1493 1361 1 1 -260 16802
17:54:06.853 P 1831 102 93 1560 1539 0 0 -500 16722
17:54:06.853 P 1835 104 10 1406 1480 2 1 -730 16706
17:54:06.853 P 1840 101 26 1467 1317 1 0 -556 16798
17:54:06.853 P 1844 100 47 1511 1451 0 1 -200 16776
17:54:06.853 P 1849 104 48 1390 1361 0 0 -724 16718
17:54:06.853 P 1853 105 65 1635 1391 1 1 -102 16860
17:54:06.853 P 1858 110 63 -1332 1482 0 0 -358 16728
17:54:06.853 P 1862 114 89 1447 1562 1 0 -226 16884
17:54:06.853 P 1866 122 89 1462 1468 0 0 -242 16784
17:54:06.853 P 1871 129 99 1587 1520 0 1 -618 16716
17:54:06.853 P 1875 136 58 1483 1415 0 0 -642 16834
17:54:06.853 P 1879 133 28 1415 1386 0 0 -164 16754
17:54:06.853 P 1884 141 122 1639 1446 0 0 -506 16712
17:54:06.853 P 1888 148 79 1566 1556 0 0 -872 16742
17:54:06.853 P 1892 141 -71 -1359 1407 1 0 -322 16736
17:54:06.853 P 1897 130 52 1397 1438 0 0 -506 16710
17:54:06.853 P 1901 135 98 1601 1516 0 1 -634 16676
17:54:06.853 P 1905 139 16 1497 1378 1 0 -924 16694
17:54:06.853 P 1910 129 -4 1375 1397 0 1 172 16798
17:54:06.853 P 1914 126 34 1374 1520 1 0 -422 16744
17:54:06.853 P 1918 128 69 1405 1430 0 0 -756 16834
17:54:06.853 P 1922 133 80 1640 1406 0 0 -366 16702
17:54:06.853 P 1926 135 28 1519 1396 0 0 -396 16768
17:54:06.853 P 1930 129 3 1361 1418 1 0 -448 16638
17:54:06.853 P 1935 127 56 1388 1494 0 0 -92 16844
17:54:06.853 P 1939 133 92 1413 1518 0 0 -316 16776
17:54:06.853 P 1942 139 101 1508 1483 0 0 -170 16748
17:54:06.853 P 1946 147 107 1536 1544 0 0 -352 16760
17:54:06.853 P 1950 152 74 1467 1511 0 0 -718 16704
17:54:06.853 P 1954 156 96 1492 1532 0 0 -736 16740
17:54:06.853 P 1958 163 91 1549 1449 0 0 -350 16810
17:54:06.853 P 1961 169 101 1538 1513 0 0 -630 16694
17:54:06.853 P 1965 175 72 1589 1558 0 1 -276 16698
17:54:06.853 P 1969 179 30 1624 1451 0 1 -722 16784
17:54:06.853 P 1973 169 -100 1333 1316 1 1 -566 16756
17:54:06.853 P 1976 156 -40 1341 1395 0 0 200 16786
17:54:06.853 P 1980 156 74 1374 1635 0 0 -912 16762
17:54:06.853 P 1984 159 34 1445 1508 0 1 -972 16660
17:54:06.853 P 1988 159 36 1556 1335 0 0 -440 16762
17:54:06.853 P 1992 157 -2 1442 1302 0 0 6 16780
17:54:06.853 P 1995 154 29 1525 1449 0 1 94 16714
17:54:06.853 P 1999 158 70 1551 1410 0 1 -794 16710
17:54:06.853 P 2003 158 41 1460 1416 0 0 -794 16696
17:54:06.853 P 2007 158 50 1454 1360 0 0 -160 16848
17:54:06.853 P 2011 162 84 1487 1484 0 0 -438 16736
17:54:06.853 P 2015 168 80 1471 1475 0 0 -516 16720
17:54:06.853 P 2019 173 88 1519 1494 0 0 -546 16752
17:54:06.853 P 2023 178 76 1506 1478 0 0 -502 16732
17:54:06.853 P 2027 182 74 1477 1490 0 0 -516 16670
17:54:06.853 P 2031 187 90 1615 1577 0 0 -546 16672
17:54:06.853 P 2035 186 -41 -1301 1414 0 0 -732 16788
17:54:06.853 P 2039 176 2 1425 1549 0 1 -630 16738
17:54:06.853 P 2043 174 42 1429 1433 0 0 -636 16756
17:54:06.853 P 2046 176 67 1544 1478 0 0 -646 16782
17:54:06.853 P 2050 179 43 1549 1420 0 1 -436 16816
17:54:06.853 P 2054 178 29 1628 1423 0 1 -538 16736
17:54:06.853 P 2058 175 24 1511 1422 1 1 -306 16812
17:54:06.853 P 2061 172 31 1394 1603 0 0 -198 16786
17:54:06.853 P 2065 176 75 1479 1520 0 0 -890 16892
17:54:06.853 P 2069 181 106 1583 1483 0 0 -376 16720
17:54:06.853 P 2073 190 109 1579 1657 1 0 -468 16718
17:54:06.853 P 2077 190 -48 1410 1508 1 1 -1276 16596
17:54:06.853 P 2080 178 -81 1423 1343 1 1 -660 16696
17:54:06.853 P 2084 168 2 1484 -1331 0 1 256 16790
17:54:06.853 P 2088 172 129 1637 1523 1 0 -144 16854
17:54:06.853 P 2092 177 35 1379 1667 1 0 -1004 16640
17:54:06.853 P 2096 170 -52 1360 1482 0 1 -950 16832
17:54:06.853 P 2100 156 -89 1438 -1376 1 1 -28 16882
17:54:06.853 P 2104 146 30 1535 1391 0 0 -146 16712
17:54:06.853 P 2108 147 39 1424 1562 1 1 -568 16792
17:54:06.853 P 2112 146 19 1451 1443 0 0 -654 16798
17:54:06.853 P 2116 144 32 1623 1362 0 0 -38 16696
17:54:06.853 P 2120 142 7 1434 1489 1 1 -70 16862
17:54:06.853 P 2124 136 1 1303 1544 0 1 -768 16662
17:54:06.853 P 2128 133 2 1508 1359 1 1 -514 16806
17:54:06.853 P 2132 131 60 1512 1403 1 0 -80 16802
17:54:06.853 P 2136 134 52 1448 1517 1 0 -30 16820
17:54:06.853 P 2141 132 8 1412 1435 1 0 -1040 16778
17:54:06.853 P 2145 129 29 1515 -1306 0 0 -260 16712
17:54:06.853 P 2149 129 53 1458 1321 0 0 128 16914
17:54:06.853 P 2152 133 107 1538 1543 0 0 -26 16778
17:54:06.853 P 2156 142 93 1407 1469 0 0 -1118 16600
17:54:06.853 P 2160 145 67 1489 1502 0 0 -726 16678
17:54:06.853 P 2164 148 49 1371 1381 0 0 -210 16788
17:54:06.853 P 2167 150 62 1440 1435 0 0 -226 16756
17:54:06.853 P 2171 155 77 1470 1434 0 0 -438 16760
17:54:06.853 P 2175 159 76 1466 1445 0 0 -698 16654
17:54:06.853 P 2178 162 62 1437 1430 0 0 -624 16830
17:54:06.853 P 2182 164 52 1419 1402 0 0 -576 16746
17:54:06.853 P 2186 165 44 1435 1427 0 0 -492 16750
17:54:06.853 P 2190 165 39 1390 1389 0 0 -518 16676
17:54:06.853 P 2194 164 31 1411 1404 0 0 -456 16746
17:54:06.853 P 2198 163 24 1382 1372 0 0 -494 16820
17:54:06.853 P 2202 161 22 1395 1372 0 0 -504 16812
17:54:06.853 P 2205 159 16 1381 1364 0 0 -530 16744
17:54:06.853 P 2209 156 11 1360 1333 0 0 -490 16734
17:54:06.853 P 2213 152 6 1345 1317 0 0 -534 16766
17:54:06.853 P 2216 148 2 1325 1305 0 0 -406 16786
17:54:06.853 P 2220 143 -3 1325 1301 0 0 -440 16770
17:54:06.853 P 2223 139 -7 1312 -1316 0 0 -402 16748
17:54:06.853 P 2227 133 -10 -1307 -1321 0 0 -480 16706
17:54:06.853 P 2231 127 -15 -1386 -1450 0 -1 -452 16712
17:54:06.853 P 2234 122 -22 -1379 -1416 0 0 -410 16680
17:54:06.853 P 2238 113 -30 -1408 -1435 0 0 -384 16796
17:54:06.853 P 2242 104 -36 -1458 -1503 0 -1 2 16754
17:54:06.853 P 2245 101 -7 -1506 -1361 0 -1 -676 16742
17:54:06.853 P 2249 93 -65 -1474 -1472 0 0 72 16772
17:54:06.853 P 2253 83 -58 -1443 -1457 0 0 -78 16748
17:54:06.853 P 2257 72 -56 -1461 -1484 0 0 -212 16744
17:54:06.853 P 2260 63 -67 -1493 -1510 0 0 -178 16708
17:54:06.853 P 2264 50 -69 -1558 -1566 -1 0 -216 16802
17:54:06.853 P 2268 36 -66 -1591 -1550 -1 0 -24 16790
17:54:06.853 P 2272 25 4 -1718 -1594 -1 -1 222 16654
17:54:06.853 P 2276 41 327 1471 1303 -2 0 466 16958
17:54:06.853 P 2280 85 339 1476 1321 -1 0 -608 16766
17:54:06.853 P 2285 107 99 1371 1364 0 -1 -298 16736
17:54:06.853 P 2289 104 -19 -1312 -1320 0 0 -544 16782
17:54:06.853 P 2292 97 -52 -1303 -1429 0 0 354 16874
17:54:06.853 P 2296 87 -26 -1309 -1390 0 0 112 16782
17:54:06.853 P 2300 79 -11 -1353 -1355 0 0 -40 16768
17:54:06.853 P 2303 75 -3 -1330 -1338 0 0 40 16832
17:54:06.853 P 2307 70 13 1310 -1318 0 0 -42 16740
17:54:06.853 P 2311 67 26 1329 -1308 0 0 -92 16802
17:54:06.853 P 2314 65 33 1374 1332 0 0 6 16706
17:54:06.853 P 2318 65 39 1433 1380 0 0 -108 16806
17:54:06.853 P 2322 65 54 1405 1351 0 0 -30 16846
17:54:06.853 P 2326 67 66 1409 1367 0 0 -84 16820
17:54:06.853 P 2329 69 72 1397 1358 0 0 -64 16632
17:54:06.853 P 2333 73 86 1465 1435 0 0 -130 16742
17:54:06.853 P 2337 79 100 1442 1398 0 0 -88 16666
17:54:06.853 P 2341 87 116 1471 1435 0 0 -116 16724
17:54:06.853 P 2345 96 134 1521 1486 0 0 -104 16834
17:54:06.853 P 2348 105 147 1582 1531 0 0 -146 16804
17:54:06.853 P 2352 119 170 1657 1625 1 0 -102 16844
17:54:06.853 P 2356 134 78 1591 1691 2 1 -3264 16476
17:54:06.853 P 2361 86 -366 -1518 -1575 1 1 896 17062
17:54:06.853 P 2365 54 -91 -1391 -1356 0 1 748 16846
17:54:06.853 P 2369 53 84 1377 1404 0 0 316 16896
17:54:06.853 P 2373 63 135 1450 1405 0 0 -600 16732
17:54:06.853 P 2377 72 125 1420 1393 0 0 -646 16624
17:54:06.853 P 2381 82 112 1415 1370 0 0 -426 16796
17:54:06.853 P 2385 90 95 1386 1356 0 0 -274 16742
17:54:06.853 P 2388 95 86 1384 1370 0 0 -386 16848
17:54:06.853 P 2392 101 73 1373 1367 0 0 -358 16854
17:54:06.853 P 2396 105 62 1337 1340 0 0 -406 16850
17:54:06.853 P 2399 107 54 1321 1307 0 0 -364 16710
17:54:06.853 P 2403 108 44 -1334 -1329 0 0 -440 16784
17:54:06.853 P 2407 108 26 -1334 -1311 0 0 -360 16706
17:54:06.853 P 2411 106 23 -1311 -1318 0 0 -514 16740
17:54:06.853 P 2414 104 9 -1381 -1360 0 0 -438 16800
17:54:06.853 P 2418 100 -2 -1399 -1408 0 0 -436 16814
17:54:06.853 P 2422 94 -15 -1397 -1407 0 0 -440 16820
17:54:06.853 P 2425 89 -22 -1411 -1422 0 0 -364 16748
17:54:06.853 P 2429 80 -33 -1438 -1455 0 0 -368 16724
17:54:06.853 P 2433 71 -45 -1474 -1493 0 0 -296 16808
17:54:06.853 P 2437 60 -56 -1545 -1572 0 0 -252 16734
17:54:06.853 P 2441 48 -70 -1701 -1706 -1 -1 -246 16628
17:54:06.853 P 2445 33 56 -1807 -1596 -2 -2 2658 16840
17:54:06.853 P 2450 100 733 1574 1487 -3 -2 -68 16908
17:54:06.853 P 2455 206 647 1627 1578 -1 0 -496 16726
17:54:06.853 P 2459 252 147 1798 1391 1 0 576 16982
17:54:06.853 P 2463 241 -216 1389 1347 3 1 60 16884
17:54:06.853 P 2468 169 -418 -1417 1327 1 1 -318 16800
17:54:06.853 P 2472 129 -186 -1586 1491 1 1 160 16814
17:54:06.853 P 2476 118 31 -1347 1545 0 0 -242 16864
17:54:06.853 P 2480 126 71 1400 1377 0 0 -98 16756
17:54:06.853 P 2483 126 38 1465 1447 0 1 -224 16742
17:54:06.853 P 2487 127 37 1555 1387 1 0 -480 16744
17:54:06.853 P 2491 125 40 1460 1458 0 1 -282 16752
17:54:06.853 P 2495 127 83 1484 1556 1 0 -372 16790
17:54:06.853 P 2499 134 67 1447 1354 0 0 -346 16834
17:54:06.853 P 2503 136 64 1450 1302 0 0 -272 16734
17:54:06.853 P 2506 138 77 1421 1315 0 0 74 16864
17:54:06.853 P 2510 146 111 1438 1482 0 0 -594 16720
17:54:06.853 P 2514 153 100 1464 1456 0 0 -580 16698
17:54:06.853 P 2517 159 98 1441 1463 0 0 -728 16800
17:54:06.853 P 2521 165 82 1451 1446 0 0 -490 16726
17:54:06.853 P 2525 170 71 1485 1448 0 0 -418 16786
17:54:06.853 P 2528 173 61 1457 1392 0 0 -578 16738
17:54:06.853 P 2532 175 55 1490 1417 0 1 -168 16884
17:54:11.165 > mt off
17:54:11.165 P 2536 179 81 1462 1458 0 0 -494 16834
17:54:11.165 P 2539 182 76 1489 1468 0 0 -458 16776
17:54:11.165 P 2543 187 80 1454 1451 0 0 -512 16758
17:54:11.165 P 2546 190 78 1487 1470 0 0 -546 16738
17:54:11.165 P 2550 194 75 1483 1469 0 0 -628 16794
17:54:11.165 P 2554 198 76 1477 1481 0 0 -580 16720
17:54:11.165 P 2557 201 75 1476 1467 0 0 -558 16740
17:54:11.165 P 2561 206 77 1491 1501 0 0 -644 16754
17:54:11.165 P 2565 210 75 1501 1496 0 0 -628 16756
17:54:11.165 P 2568 213 75 1508 1495 0 0 -728 16614
17:54:11.165 P 2572 216 63 1499 1457 0 0 -696 16762
17:54:11.165 P 2575 218 61 1521 1450 0 0 -614 16626
17:54:11.165 P 2579 221 74 1512 1489 0 0 -590 16710
17:54:11.165 P 2583 226 75 1532 1497 0 0 -584 16748
17:54:11.165 P 2586 229 78 1532 1516 0 0 -644 16706
17:54:11.165 P 2590 233 74 1528 1514 0 0 -638 16806
17:54:11.165 P 2593 236 67 1545 1559 0 0 -610 16788
17:54:11.165 P 2597 239 41 1500 1453 0 0 -626 16854
17:54:11.165 P 2600 237 7 1442 1448 1 0 -276 16838
17:54:11.165 P 2604 239 77 1508 1599 0 1 -814 16756
17:54:11.165 P 2607 242 69 1528 1590 0 0 -912 16642
17:54:11.165 P 2611 241 -2 1475 1469 0 0 -882 16660
17:54:11.165 P 2615 234 -25 1434 1433 0 0 -588 16778
17:54:11.165 P 2619 227 -19 1428 1386 0 0 -670 16786
17:54:11.165 P 2622 223 13 1541 1383 0 1 -564 16696
17:54:11.165 P 2626 222 55 1495 1400 0 0 -322 16750
17:54:11.165 P 2629 225 73 1472 1511 0 0 -774 16730
17:54:11.165 P 2633 229 79 1520 1496 0 0 -576 16784
17:54:11.165 P 2637 234 75 1514 1502 0 0 -620 16716
17:54:11.165 P 2640 237 78 1530 1490 0 0 -608 16626
17:54:11.165 P 2644 242 79 1535 1524 0 0 -566 16796
17:54:11.165 P 2647 245 83 1551 1531 0 0 -702 16732
17:54:11.165 P 2651 250 73 1505 1536 0 0 -584 16770
17:54:11.165 P 2654 253 79 1522 1542 0 0 -698 16762
17:54:11.165 P 2658 260 96 1577 1567 0 0 -622 16798
17:54:11.165 P 2662 265 82 1565 1601 0 0 -866 16698
17:54:11.165 P 2665 268 44 1475 1609 0 1 -1070 16720
17:54:11.165 P 2669 265 2 1547 1425 0 0 -1250 16680
17:54:11.165 P 2673 260 -38 1420 1394 1 0 -1076 16758
17:54:11.165 P 2677 253 -58 -1330 -1330 0 0 -2184 16750
17:54:11.165 P 2680 245 -199 -1574 -1576 0 0 -3304 16640
17:54:11.165 P 2684 206 -547 -1923 -2000 -2 0 -4206 16476
17:54:11.165 P 2688 114 -722 -1977 -2079 -4 -3 3760 17410
17:54:11.165 P 2693 147 828 -1468 -1307 -6 -6 -3094 16036
17:54:11.165 P 2697 229 457 -1737 -1718 -5 -6 -3040 15684
17:54:11.165 P 2701 268 185 -2130 -1948 -6 -6 -2256 17994
17:54:11.165 P 2706 293 405 -1828 -1770 -7 -7 0 16462
17:54:11.165 P 2710 374 706 -1385 -1593 -8 -7 -1752 16154
17:54:11.165 P 2715 467 535 -1495 -1571 -7 -7 -1606 17752
17:54:11.165 P 2720 522 417 -1574 -1602 -8 -7 -634 17024
17:54:11.165 P 2725 577 475 -1321 -1494 -6 -7 -104 15676
17:54:11.165 P 2729 633 612 1538 1470 -6 -6 -198 17542
17:54:11.165 P 2734 732 695 1641 1718 -5 -4 -4816 15954
17:54:11.165 P 2739 743 -221 1635 -1541 -2 -3 -3266 17048
17:54:11.165 P 2743 640 -1003 -1742 -1721 -1 -3 -740 16112
17:54:11.165 P 2748 490 -476 -1632 -1481 -3 -4 -414 16152
17:54:11.165 P 2753 454 73 -1382 1344 -3 -3 -116 17000
17:54:11.165 P 2757 477 389 1369 1409 -4 -2 -412 16502
17:54:11.165 P 2762 539 511 1667 1656 -3 -2 -2272 16598
17:54:11.165 P 2767 540 -209 1693 -1553 0 -1 -2164 16872
17:54:11.165 P 2771 463 -699 -1546 -1530 0 -1 -404 16896
17:54:11.165 P 2775 368 -659 -1676 -1577 0 -1 1820 16712
17:54:11.165 P 2779 320 -262 -1806 -1452 -1 -1 -782 17032
17:54:11.165 P 2784 280 -91 -1829 -1454 -2 -2 -166 16758
17:54:11.165 P 2789 311 681 1823 1323 -4 -1 268 16294
17:54:11.165 P 2793 402 854 1652 1459 0 -1 48 16842
17:54:11.165 P 2797 485 391 1587 1600 0 -1 -4710 16132
17:54:11.165 P 2801 440 -435 -1313 -1445 1 1 -252 16766
17:54:11.165 P 2805 405 -16 1492 1389 0 1 4 16418
17:54:11.165 P 2809 406 32 1617 1450 1 0 -190 17372
17:54:11.165 P 2812 406 69 1567 1557 1 0 -460 16418
17:54:11.165 P 2816 405 62 1618 1539 0 1 -476 16956
17:54:11.165 P 2820 407 108 1769 1647 1 1 -670 16660
17:54:11.165 P 2824 409 20 1750 1714 2 1 -1706 16840
17:54:11.165 P 2828 382 -324 1385 1390 2 1 -1396 16650
17:54:11.165 P 2832 335 -278 1484 1418 2 2 154 16862
17:54:11.165 P 2837 299 -111 1455 1441 1 1 -84 16736
17:54:11.165 P 2841 282 -43 1498 1394 1 3 -182 16954
17:54:11.165 P 2846 279 88 1775 1653 2 2 -1280 16678
17:54:11.165 P 2851 279 -48 1545 1555 2 2 70 16764
17:54:11.165 P 2856 253 -133 1378 1519 2 3 -1028 16778
17:54:11.165 P 2861 234 -25 1535 1536 2 2 -962 16826
17:54:11.165 P 2865 231 34 1595 1536 2 2 -1402 16576
17:54:11.165 P 2870 228 20 1634 1509 2 1 196 16816
17:54:11.165 P 2875 223 -5 1565 1619 3 2 -862 16632
17:54:11.165 P 2880 209 -42 1528 1469 2 1 -1002 16672
17:54:11.165 P 2884 201 6 1676 1538 3 2 -270 16580
17:54:11.165 P 2889 196 11 1649 1593 3 1 -210 16816
17:54:11.165 P 2894 187 -23 1537 1607 3 3 -1080 16548
17:54:11.165 P 2898 178 -37 1558 1485 3 2 -450 16854
17:54:11.165 P 2903 172 38 1799 1590 3 2 -150 17016
17:54:11.165 P 2908 166 -67 1672 1600 3 3 -910 16544
17:54:11.165 P 2912 131 -287 -1510 1473 3 2 -636 16944
17:54:11.165 P 2917 86 -155 -1364 1467 3 3 -212 16848
17:54:11.165 P 2922 87 205 1866 1657 1 3 -656 16438
17:54:11.165 P 2927 119 12 1646 1505 4 3 -1406 16502
17:54:11.165 P 2932 57 -453 -1550 -1332 4 3 586 17154
17:54:11.165 P 2937 6 -152 -1384 1382 3 2 298 16634
17:54:11.165 P 2941 2 108 1402 1605 2 2 364 17136
17:54:11.165 P 2946 39 374 1807 1623 2 2 -666 16918
17:54:11.165 P 2950 81 169 1792 1513 2 3 -2066 16520
17:54:11.165 P 2955 20 -471 -1541 -1405 3 2 -904 16698
17:54:11.165 P 2960 -37 -181 -1334 -1315 2 2 378 16376
17:54:11.165 P 2965 -34 225 1562 1620 1 2 -116 16634
17:54:11.165 P 2970 14 403 1775 1556 2 2 -930 16770
17:54:11.165 P 2974 30 -52 1460 1465 3 2 -658 16578
17:54:11.165 P 2979 2 -118 -1365 -1309 2 2 552 16922
17:54:11.165 P 2984 1 127 1563 1606 1 3 -606 16624
17:54:11.165 P 2989 10 50 1476 1479 2 2 -568 16764
17:54:11.165 P 2994 8 1 1393 -1303 2 1 -468 16846
17:54:11.165 P 2998 7 66 1470 1445 1 2 160 16684
17:54:11.165 P 3003 19 114 1562 1562 2 1 -866 16652
17:54:11.165 P 3008 22 11 1491 1437 1 2 -166 16802
17:54:11.165 P 3012 17 -18 1401 1430 2 2 -22 16930
17:54:11.165 P 3017 14 45 1366 1453 2 2 -772 16786
17:54:11.165 P 3021 15 61 1419 1418 0 1 -568 16814
17:54:11.165 P 3026 20 40 1503 1317 1 1 198 16798
17:54:11.165 P 3030 23 60 1558 1408 1 1 -56 16718
17:54:11.165 P 3035 25 15 1383 1368 1 2 76 16720
17:54:11.165 P 3039 27 43 1353 -1301 0 0 -478 16814
17:54:11.165 P 3043 28 70 1373 1399 0 0 56 16756
17:54:11.165 P 3047 33 90 1407 1458 0 1 -214 16808
17:54:11.165 P 3051 42 110 1515 1349 0 0 -394 16838
17:54:11.165 P 3055 51 109 1553 1380 1 0 -204 16744
17:54:11.165 P 3059 58 102 1424 1461 1 0 -620 16640
17:54:11.165 P 3063 63 102 1358 1520 0 0 -296 16688
17:54:11.165 P 3067 75 133 1497 1466 1 0 -130 16856
17:54:11.165 P 3071 88 144 1588 1487 0 1 -190 16816
17:54:11.165 P 3074 96 111 1505 1480 0 0 -306 16754
17:54:11.165 P 3078 101 67 1526 1459 0 1 -396 16818
17:54:11.165 P 3082 104 56 1497 -1305 0 0 -392 16874
17:54:11.165 P 3086 104 78 1490 1507 0 0 276 16720
17:54:11.165 P 3090 113 117 1526 1575 1 0 -516 16788
17:54:11.165 P 3094 121 76 1433 1464 0 0 -480 16660
17:54:11.165 P 3097 121 30 1391 1501 0 0 -354 16752
17:54:11.165 P 3101 121 39 1472 1505 0 1 -304 16838
17:54:11.165 P 3105 121 50 1583 1343 0 0 -668 16604
17:54:11.165 P 3109 122 36 1551 1407 0 0 -498 16768
17:54:11.165 P 3113 115 -48 -1352 1382 0 0 -140 16828
17:54:11.165 P 3117 106 -21 1322 1442 1 0 -336 16758
17:54:11.165 P 3120 104 49 1377 1409 0 0 -306 16850
17:54:11.165 P 3124 108 89 1419 1473 0 0 -724 16662
17:54:11.165 P 3128 113 66 1407 1443 0 0 -478 16768
17:54:11.165 P 3131 115 63 1427 1425 0 0 -388 16806
17:54:11.165 P 3135 117 51 1410 1401 0 0 -512 16734
17:54:11.165 P 3138 118 43 1377 1377 0 0 -438 16772
17:54:11.165 P 3142 117 33 1360 1374 0 0 -452 16686
17:54:11.165 P 3146 116 24 1352 1367 0 0 -404 16706
17:54:11.165 P 3149 115 17 1344 1359 0 0 -376 16732
17:54:11.165 P 3153 111 8 1310 1329 0 0 -334 16728
17:54:11.165 P 3157 107 3 -1308 1307 0 0 -394 16794
17:54:11.165 P 3161 103 4 1321 -1310 0 0 -296 16670
17:54:11.165 P 3165 97 -13 -1350 -1333 0 0 -376 16716
17:54:11.165 P 3168 93 -10 -1318 -1333 0 0 -460 16738
17:54:11.165 P 3172 86 -18 -1347 -1366 0 0 -322 16728
17:54:11.165 P 3176 78 -28 -1419 -1439 0 0 -336 16720
17:54:11.165 P 3180 69 -38 -1416 -1414 0 0 -254 16756
17:54:11.165 P 3184 60 -45 -1479 -1486 0 -1 -234 16748
17:54:11.165 P 3187 52 -49 -1488 -1509 0 0 -248 16692
17:54:11.165 P 3191 41 -56 -1563 -1569 -1 0 -164 16756
17:54:11.165 P 3195 31 12 -1616 -1404 0 -1 -756 16566
17:54:11.165 P 3200 29 77 -1618 -1470 -2 -1 -52 16910
17:54:11.165 P 3204 48 302 1620 -1361 -2 -1 300 16740
17:54:11.165 P 3209 85 192 1578 1332 1 0 -378 16696
17:54:11.165 P 3213 88 -30 1384 1305 0 0 -482 16668
17:54:11.165 P 3217 69 -168 -1474 -1400 1 0 -96 16772
17:54:11.165 P 3222 45 -37 -1462 -1436 0 0 106 16906
17:54:11.165 P 3226 39 -15 -1557 -1372 0 0 -132 16816
17:54:11.165 P 3231 33 -8 -1686 -1512 -1 -1 -90 16738
17:54:11.165 P 3235 34 158 1428 -1438 -1 -1 1708 16756
17:54:11.165 P 3240 69 402 1786 1628 0 0 2112 16880
17:54:11.165 P 3245 132 547 1896 1985 2 2 286 17338
17:54:11.165 P 3250 101 -129 1773 1648 3 3 2806 17712
17:54:11.165 P 3255 87 374 2120 2105 4 3 5476 17110
17:54:11.165 P 3260 119 110 1981 1968 7 6 546 16852
17:54:11.165 P 3265 93 -102 2180 2169 8 8 156 16604
17:54:11.165 P 3270 29 -758 1762 1844 11 10 -954 17130
17:54:11.165 P 3275 -127 -1119 1419 1360 11 11 -256 15726
17:54:11.165 P 3280 -291 -971 -1363 1305 11 10 22 15522
17:54:11.165 P 3285 -437 -928 -1722 -1625 9 10 144 17726
17:54:11.165 P 3290 -541 87 -1387 1511 4 6 3598 18426
17:54:11.165 P 3295 -388 1299 1732 1758 5 5 1164 17736
17:54:11.165 P 3300 -223 506 1505 1513 5 7 -572 14960
17:54:11.165 P 3305 -185 151 1645 1324 5 6 400 17340
17:54:11.165 P 3310 -151 366 1783 1593 5 5 -176 16624
17:54:11.165 P 3315 -100 381 2006 1849 6 6 -20 16628
17:54:11.165 P 3320 -97 -330 1448 1518 7 6 -248 15740
17:54:11.165 P 3325 -161 -373 1358 1406 6 6 -132 17792
17:54:11.165 P 3331 -227 -314 -1482 1490 7 6 -70 17900
17:54:11.165 P 3336 -271 -228 -1416 1424 5 6 158 16292
17:54:11.165 P 3341 -290 5 1476 1335 4 4 -488 16382
17:54:11.165 P 3346 -278 117 1728 -1441 4 4 372 17700
17:54:11.165 P 3350 -262 173 1689 -1425 5 3 -300 15760
17:54:11.165 P 3355 -263 160 1304 1694 4 2 -534 16692
17:54:11.165 P 3360 -246 111 -1306 1714 3 4 -270 16580
17:54:11.165 P 3365 -230 -115 1399 -1310 3 4 -2192 16468
17:54:11.165 P 3369 -258 -239 -1326 -1728 4 3 -368 16814
17:54:11.165 P 3374 -296 309 -1385 1536 2 0 3200 17036
17:54:15.455 P 3378 -232 666 1507 1874 1 1 -476 16248
17:54:15.455 P 3383 -148 66 1394 1312 2 3 -3346 16862
17:54:15.455 P 3387 -167 -174 -1384 -1555 1 2 -14 16546
17:54:15.455 P 3392 -190 120 -1348 -1361 1 1 1828 16642
17:54:15.455 P 3397 -156 301 1481 1619 0 1 198 16958
17:54:15.455 P 3401 -119 303 1602 1632 1 2 -210 16636
17:54:15.455 P 3406 -106 -97 1436 -1522 2 2 -96 16690
17:54:15.455 P 3410 -129 -166 -1479 -1623 2 1 -30 16782
17:54:15.455 P 3414 -153 -154 -1648 -1843 0 0 22 16754
17:54:15.455 P 3419 -132 483 -1397 1597 0 -2 626 16992
17:54:15.455 P 3423 -67 567 1532 1650 -1 -1 -878 16714
17:54:15.455 P 3428 -25 -126 1337 -1501 0 1 -294 16552
17:54:15.455 P 3432 -50 -173 -1551 -1618 0 0 -114 16736
17:54:15.455 P 3435 -70 -210 -1637 -1704 0 0 90 16682
17:54:15.455 P 3440 -76 312 -1364 1571 -1 -2 -576 16794
17:54:15.455 P 3444 -40 294 1405 1508 -1 -2 -788 16836
17:54:15.455 P 3448 -22 92 1375 1531 0 0 -738 16628
17:54:15.455 P 3453 -42 -272 -1577 -1643 0 0 -276 16752
17:54:15.455 P 3457 -84 -291 -1732 -1838 0 -1 226 16822
17:54:15.455 P 3461 -124 -130 -1758 -1860 -2 -2 7420 17432
17:54:15.455 P 3466 -56 642 1455 1536 -2 -2 -396 16538
17:54:15.455 P 3471 19 325 1464 1491 -1 -1 -1070 16580
17:54:15.455 P 3475 20 -198 -1500 -1499 0 0 -1170 16700
17:54:15.455 P 3480 -30 -240 -1657 -1714 -1 0 -184 16744
17:54:15.455 P 3484 -57 166 -1446 -1394 -3 -2 3250 16922
17:54:15.455 P 3489 -9 449 1356 1457 -3 -2 -932 16506
17:54:15.455 P 3494 21 69 -1389 1313 -2 -1 -1194 16708
17:54:15.455 P 3498 6 -213 -1624 -1804 -2 -1 -814 16778
17:54:15.455 P 3503 -23 25 -1636 -1309 -1 -2 2360 17092
17:54:15.455 P 3508 -4 157 1332 1376 -2 -1 -784 16662
17:54:15.455 P 3513 -3 -62 -1320 -1563 -1 -1 692 16704
17:54:15.455 P 3518 -23 -114 -1628 -1638 -2 -1 -300 16674
17:54:15.455 P 3522 -42 -13 -1670 -1457 -1 -1 172 16884
17:54:15.455 P 3527 -31 183 -1364 -1410 -3 -2 -544 16720
17:54:15.455 P 3532 -13 99 -1356 -1497 -2 -2 182 16728
17:54:15.455 P 3537 -13 -9 -1529 -1540 -1 -2 24 16772
17:54:15.455 P 3541 -20 -25 -1580 -1558 -2 -1 -204 16696
17:54:15.455 P 3546 -27 28 -1569 -1487 -2 -2 1042 16906
17:54:15.455 P 3550 -21 79 -1430 -1459 -2 -1 -186 16608
17:54:15.455 P 3555 -19 24 -1604 -1513 -2 -2 -174 16698
17:54:15.455 P 3559 -24 4 -1639 -1586 -3 -2 358 16884
17:54:15.455 P 3564 -21 120 -1454 -1503 -1 -2 14 16742
17:54:15.455 P 3568 -14 89 -1526 -1506 -2 -2 120 16690
17:54:15.455 P 3573 -9 75 -1562 -1435 -3 -2 -244 16538
17:54:15.455 P 3577 -8 29 -1584 -1532 -1 -2 -422 16852
17:54:15.455 P 3582 -9 67 -1562 -1558 -3 -3 356 16956
17:54:15.455 P 3586 0 117 -1491 -1481 -2 -2 340 16780
17:54:15.455 P 3591 11 101 -1566 -1443 -3 -2 -278 16808
17:54:15.455 P 3595 17 101 -1515 -1478 -2 -2 -398 16768
17:54:15.455 P 3600 20 58 -1584 -1543 -2 -1 148 16606
17:54:15.455 P 3604 24 88 -1596 -1549 -3 -2 760 16888
17:54:15.455 P 3609 37 115 -1463 -1502 -1 -2 178 16736
17:54:15.455 P 3613 44 84 -1526 -1495 -2 -2 224 16984
17:54:15.455 P 3618 50 64 -1593 -1468 -3 -2 -28 16512
17:54:15.455 P 3623 52 78 -1617 -1478 -3 -3 274 16960
17:54:15.455 P 3627 67 220 1387 -1437 -2 -2 -188 16660
17:54:15.455 P 3632 90 165 1408 -1465 -2 -2 36 16774
17:54:15.455 P 3637 97 22 -1607 -1439 -1 -3 -858 16642
17:54:15.455 P 3642 74 -141 -1870 -1696 -2 -2 168 17202
17:54:15.455 P 3646 74 250 -1356 -1541 -4 -2 1826 16842
17:54:15.455 P 3651 149 559 1541 1330 -2 -2 -470 16844
17:54:15.455 P 3656 204 249 1593 1376 -1 -1 -1394 16746
17:54:15.455 P 3660 196 -193 -1487 -1471 0 -1 -1360 16544
17:54:15.455 P 3665 135 -340 -1662 -1601 0 -2 72 16922
17:54:15.455 P 3669 102 -151 -1808 -1520 -2 -1 504 16816
17:54:15.455 P 3674 97 198 -1459 -1479 -3 -1 776 16940
17:54:15.455 P 3679 157 514 1673 -1339 -2 -1 -124 16842
17:54:15.455 P 3684 213 307 1670 1423 0 -1 -670 16374
17:54:15.455 P 3688 217 -103 1507 1409 1 0 -1218 16664
17:54:15.455 P 3692 165 -524 -1574 -1518 1 0 -986 16422
17:54:15.455 P 3696 95 -433 -1570 -1550 0 -1 344 16856
17:54:15.455 P 3700 61 -90 -1591 -1525 -1 0 322 16944
17:54:15.455 P 3704 55 52 -1370 -1534 -1 0 408 16590
17:54:15.455 P 3709 62 76 1370 -1394 -1 0 -302 16670
17:54:15.455 P 3713 60 -2 -1317 -1516 0 -1 -48 16748
17:54:15.455 P 3717 49 -35 -1424 -1441 0 -1 342 16738
17:54:15.455 P 3721 42 0 -1449 -1302 0 0 294 16674
17:54:15.455 P 3725 37 -8 -1546 -1454 0 -1 -330 16870
17:54:15.455 P 3729 29 -25 -1461 -1586 0 0 172 16790
17:54:15.455 P 3733 23 22 -1389 -1539 0 0 -42 16780
17:54:15.455 P 3736 20 18 -1439 -1494 0 0 -122 16710
17:54:15.455 P 3740 16 10 -1409 -1454 0 0 -526 16650
17:54:15.455 P 3744 8 -19 -1425 -1496 0 0 -90 16710
17:54:15.455 P 3748 0 -20 -1494 -1548 0 0 -100 16782
17:54:15.455 P 3752 -6 -12 -1499 -1528 0 0 42 16864
17:54:15.455 P 3756 -13 -17 -1524 -1564 0 0 192 16858
17:54:15.455 P 3760 -19 6 -1477 -1499 0 0 314 16834
17:54:15.455 P 3764 -22 15 -1554 -1520 0 0 -90 16744
17:54:15.455 P 3768 -26 38 -1533 -1496 0 0 268 16734
17:54:15.455 P 3772 -21 104 -1508 -1464 0 -1 -12 16794
17:54:15.455 P 3776 -12 87 -1413 -1446 -1 0 -24 16734
17:54:15.455 P 3781 -11 18 -1453 -1609 -1 0 -132 16692
17:54:15.455 P 3785 -16 30 -1498 -1612 0 -1 504 16706
17:54:15.455 P 3789 -10 117 -1537 1337 0 -1 458 16786
17:54:15.455 P 3793 -2 70 -1584 -1353 -1 -1 32 16630
17:54:15.455 P 3797 0 47 -1501 -1381 0 0 -310 16874
17:54:15.455 P 3801 0 39 -1403 -1601 0 0 -502 16848
17:54:15.455 P 3805 -2 36 -1432 -1631 0 -1 230 16842
17:54:15.455 P 3810 2 110 -1504 -1370 0 0 -194 16726
17:54:15.455 P 3815 13 119 -1392 -1378 0 -1 360 16786
17:54:15.455 P 3819 21 72 -1423 -1344 0 0 -268 16610
17:54:15.455 P 3823 18 -4 -1449 -1531 -1 0 -322 16680
17:54:15.455 P 3827 11 6 -1447 -1583 0 -1 254 16828
17:54:15.455 P 3831 10 51 -1498 -1453 -1 0 624 16822
17:54:15.455 P 3835 14 63 -1537 -1377 0 -1 -48 16668
17:54:15.455 P 3840 16 50 -1544 -1394 0 0 -336 16840
17:54:15.455 P 3845 11 -24 -1473 -1526 0 0 -34 16766
17:54:15.455 P 3849 2 -47 -1614 -1590 0 0 206 16796
17:54:15.455 P 3853 -5 12 -1512 -1536 0 0 168 16828
17:54:15.455 P 3857 0 105 1328 -1544 -1 0 -316 16660
17:54:15.455 P 3862 0 -8 -1412 -1583 0 0 118 16630
17:54:15.455 P 3866 -9 -33 -1520 -1590 0 0 158 16796
17:54:15.455 P 3870 -16 -11 -1618 -1626 0 0 242 16746
17:54:15.455 P 3874 -17 133 -1516 -1475 -1 -1 624 16826
17:54:15.455 P 3879 10 211 -1304 -1307 -1 0 -518 16754
17:54:15.455 P 3883 23 98 -1338 -1445 -1 -1 -82 16814
17:54:15.455 P 3888 20 -26 -1518 -1516 0 -1 -98 16748
17:54:15.455 P 3892 13 -4 -1565 -1554 -1 -1 336 16868
17:54:15.455 P 3896 10 50 -1530 -1302 0 0 554 16772
17:54:15.455 P 3901 21 116 -1416 1304 -1 -1 -800 16744
17:54:15.455 P 3905 21 14 -1319 -1427 0 1 466 16772
17:54:15.455 P 3909 18 23 -1384 -1457 0 0 36 16664
17:54:15.455 P 3913 14 21 -1437 -1436 0 0 -38 16772
17:54:15.455 P 3917 11 25 -1434 -1415 0 0 -22 16756
17:54:15.455 P 3921 9 27 -1432 -1411 0 0 4 16964
17:54:15.455 P 3926 7 33 -1424 -1406 0 0 106 16788
17:54:15.455 P 3930 6 38 -1433 -1407 0 0 28 16692
17:54:15.455 P 3933 6 40 -1421 -1400 0 0 40 16732
17:54:15.455 P 3938 6 44 -1419 -1399 0 0 16 16860
17:54:15.455 P 3942 6 48 -1388 -1380 0 0 36 16758
17:54:15.455 P 3946 7 52 -1409 -1404 0 0 -14 16842
17:54:15.455 P 3949 8 54 -1385 -1379 0 0 -8 16796
17:54:15.455 P 3953 10 55 -1414 -1407 0 0 6 16844
17:54:15.455 P 3957 11 58 -1395 -1378 0 0 16 16734
17:54:15.455 P 3961 13 59 -1397 -1368 0 0 40 16780
17:54:15.455 P 3965 15 61 -1386 -1365 0 0 10 16676
17:54:15.455 P 3969 18 62 -1379 -1362 0 0 26 16842
17:54:15.455 P 3973 20 66 -1368 -1353 0 0 -20 16808
17:54:15.455 P 3977 23 65 -1364 -1354 0 0 2 16770
17:54:15.455 P 3981 26 66 -1364 -1346 0 0 -12 16806
17:54:15.455 P 3985 29 69 -1359 -1330 0 0 -30 16810
17:54:15.455 P 3989 32 71 -1353 -1322 0 0 -48 16880
17:54:15.455 P 3993 36 71 -1343 -1323 0 0 -92 16698
17:54:15.455 P 3996 39 72 -1342 -1315 0 0 -106 16812
17:54:15.455 P 4000 42 74 -1331 -1307 0 0 -116 16824
17:54:15.455 P 4004 46 77 -1315 -1305 0 0 -82 16784
17:54:15.455 P 4009 52 78 -1315 1313 0 0 -174 16814
17:54:15.455 P 4013 56 82 1328 1382 0 1 -192 16808
17:54:15.455 P 4017 61 82 1304 1337 0 0 -148 16758
17:54:15.455 P 4021 66 85 1325 1336 0 0 -158 16896
17:54:15.455 P 4025 72 88 1337 1342 0 0 -184 16788
17:54:15.455 P 4030 79 92 1344 1371 0 0 -202 16794
17:54:15.455 P 4034 85 98 1362 1391 0 0 -166 16864
17:54:15.455 P 4038 92 101 1375 1394 0 0 -224 16774
17:54:15.455 P 4042 99 103 1396 1407 0 0 -240 16774
17:54:15.455 P 4046 107 108 1409 1431 0 0 -296 16754
17:54:15.455 P 4050 115 114 1421 1455 0 0 -340 16760
17:54:15.455 P 4054 124 121 1440 1481 0 0 -290 16842
17:54:15.455 P 4058 134 127 1460 1501 0 0 -324 16768
17:54:15.455 P 4062 144 135 1481 1509 0 0 -366 16776
17:54:15.455 P 4066 156 145 1597 1612 0 1 -258 16794
17:54:15.455 P 4070 169 164 1701 1693 1 1 -280 16804
17:54:15.455 P 4075 169 -196 1389 1415 2 2 -3552 16636
17:54:15.455 P 4080 91 -354 -1412 -1480 1 1 46 16840
17:54:15.455 P 4084 67 79 -1314 -1326 0 0 908 16962
17:54:15.455 P 4088 79 118 1338 1376 0 1 -82 16674
17:54:15.455 P 4092 89 103 1333 1394 0 0 -632 16904
17:54:15.455 P 4096 96 100 1320 1344 0 0 -752 16710
17:54:15.455 P 4100 102 82 1317 -1329 0 0 -574 16752
17:54:15.455 P 4104 106 67 1326 -1303 0 0 -392 16846
17:54:15.455 P 4108 109 55 -1323 -1314 0 0 -346 16736
17:54:15.455 P 4111 110 46 -1334 -1321 0 0 -342 16724
17:54:15.455 P 4115 111 38 -1379 -1359 0 0 -352 16792
17:54:15.455 P 4119 110 35 -1433 -1403 0 0 -436 16648
17:54:15.455 P 4123 109 26 -1418 -1372 0 0 -434 16692
17:54:15.455 P 4127 107 20 -1415 -1415 0 0 -386 16770
17:54:15.455 P 4131 104 11 -1398 -1388 0 0 -408 16770
17:54:15.455 P 4135 100 6 -1391 -1384 0 0 -392 16734
17:54:15.455 P 4139 95 -2 -1488 -1501 0 -1 -320 16688
17:54:15.455 P 4144 89 47 -1505 -1324 0 0 -168 16824
17:54:15.455 P 4148 92 58 -1530 1315 0 -1 -1016 16742
17:54:15.455 P 4152 88 -27 -1473 -1462 0 0 -726 16490
17:54:15.455 P 4156 82 -53 -1587 -1630 -1 0 -688 17114
17:54:15.455 P 4160 79 -23 -1540 -1747 -1 -1 -1700 16952
17:54:15.455 P 4165 70 -177 -2103 -1875 -1 -2 -3292 16516
17:54:15.455 P 4170 50 -20 -2060 -2014 -5 -4 -220 18022
17:54:15.455 P 4175 169 862 -1431 -1535 -8 -6 -5204 16748
17:54:15.455 P 4180 246 171 -1910 -2191 -7 -5 -2754 15648
17:54:15.455 P 4185 277 462 -1821 -1763 -7 -9 966 16550
17:54:15.455 P 4190 375 471 -2004 -1720 -9 -9 -2356 15856
17:54:15.455 P 4195 446 476 -1742 -1917 -10 -9 -1466 17878
17:54:15.455 P 4200 523 572 -1519 -1821 -10 -9 -1502 16188
17:54:15.455 P 4205 603 499 -1592 -1770 -9 -9 -1470 16826
17:54:15.455 P 4210 670 388 -1567 -1754 -9 -9 -2210 16808
17:54:15.455 P 4214 703 221 -1730 -1787 -8 -9 -2308 16504
17:54:15.455 P 4219 721 116 -1912 -1722 -9 -9 -1786 17394
17:54:19.765 P 4224 735 54 -1926 -1760 -10 -9 -2218 16732
17:54:19.765 P 4229 742 111 -1761 -1812 -9 -8 -1400 16096
17:54:19.765 P 4233 773 343 -1344 -1736 -10 -9 -2610 18332
17:54:19.765 P 4238 817 318 1323 -1705 -9 -9 -2486 17434
17:54:19.765 P 4242 846 238 1349 -1740 -8 -9 -2660 16088
17:54:19.765 P 4247 848 -86 -1767 -1885 -8 -9 -3236 17318
17:54:19.765 P 4252 807 -300 -2013 -1761 -8 -9 -2410 16848
17:54:19.765 P 4256 770 -164 -1938 -1739 -10 -9 -1448 16076
17:54:19.765 P 4260 766 126 -1619 -1834 -10 -9 -1344 16380
17:54:19.765 P 4265 798 320 -1393 -1796 -9 -9 -1062 15326
17:54:19.765 P 4269 836 411 1310 -1660 -9 -9 -1164 18910
17:54:19.765 P 4274 881 279 -1346 -1588 -9 -10 -1672 17296
17:54:19.765 P 4278 898 162 -1552 -1550 -8 -9 -1600 16132
17:54:19.765 P 4283 904 126 -1776 -1424 -8 -9 -1780 15848
17:54:19.765 P 4287 912 140 -1677 -1501 -8 -9 -1552 17814
17:54:19.765 P 4292 934 273 -1357 -1394 -8 -8 -1512 17170
17:54:19.765 P 4296 961 303 -1310 1346 -8 -8 -1800 15640
17:54:19.765 P 4301 990 188 1396 1313 -7 -7 -2770 17742
17:54:19.765 P 4305 993 59 1448 -1534 -6 -7 -1156 16490
17:54:19.765 P 4310 977 -94 -1581 -1318 -6 -7 -1396 16170
17:54:19.765 P 4315 951 33 -1548 1545 -5 -6 -1584 17830
17:54:19.765 P 4319 949 73 1409 1388 -6 -5 -2006 15624
17:54:19.765 P 4324 938 25 1643 -1306 -3 -4 -226 16266
17:54:19.765 P 4329 929 -84 1437 1617 -1 -4 -1822 18112
17:54:19.765 P 4334 854 -502 -1529 -1407 -1 -2 -998 16860
17:54:19.765 P 4338 790 -313 -1371 -1338 -2 -1 40 16390
17:54:19.765 P 4343 757 -20 1504 1499 -1 -1 -712 16856
17:54:19.765 P 4347 748 -4 1576 1601 -1 -1 -1628 16904
17:54:19.765 P 4351 723 -231 1557 1422 0 0 -1010 16696
17:54:19.765 P 4355 683 -210 1428 1385 0 0 -210 16776
17:54:19.765 P 4359 662 39 1734 1509 0 0 -336 16762
17:54:19.765 P 4363 668 170 1872 1837 1 2 -622 16770
17:54:19.765 P 4368 658 -361 1495 1615 3 3 -2326 16812
17:54:19.765 P 4372 588 -512 1476 1343 4 2 244 16582
17:54:19.765 P 4376 533 -322 1513 1459 2 2 172 16978
17:54:19.765 P 4381 494 -83 1640 1559 3 2 6 16930
17:54:19.765 P 4386 483 29 1765 1682 3 3 -534 16656
17:54:19.765 P 4390 473 -62 1737 1711 4 3 -1254 16636
17:54:19.765 P 4395 446 -133 1631 1583 4 4 -238 17104
17:54:19.765 P 4400 424 -17 1761 1644 4 4 -856 16670
17:54:19.765 P 4404 416 9 1757 1876 4 4 -1288 16708
17:54:19.765 P 4409 396 -230 1707 1420 5 5 -1436 17096
17:54:19.765 P 4413 354 -258 1569 1416 4 4 -796 16736
17:54:19.765 P 4418 318 -103 1641 1582 4 5 -322 15940
17:54:19.765 P 4423 306 0 1794 1721 4 5 -98 17278
17:54:19.765 P 4428 298 -66 1727 1719 6 5 -1204 16966
17:54:19.765 P 4433 272 -113 1634 1667 6 5 -622 16596
17:54:19.765 P 4438 255 -32 1780 1676 5 6 -378 16292
17:54:19.765 P 4443 248 20 1872 1799 6 5 -1004 17596
17:54:19.765 P 4448 220 -266 1505 1505 7 5 -336 16530
17:54:19.765 P 4452 190 -144 1566 1581 6 5 -682 16744
17:54:19.765 P 4457 170 -14 1754 1729 6 5 -688 16780
17:54:19.765 P 4462 166 -36 1807 1698 7 6 -810 16764
17:54:19.765 P 4466 149 -168 1577 1554 7 6 -202 15630
17:54:19.765 P 4471 120 -142 1541 1587 5 5 -6 18564
17:54:19.765 P 4475 109 -34 1713 1672 6 6 -228 15706
17:54:19.765 P 4480 103 12 1836 1733 6 7 -732 16968
17:54:19.765 P 4484 92 -109 1629 1646 7 6 -1008 16488
17:54:19.765 P 4488 69 -133 1544 1543 7 5 -182 17148
17:54:19.765 P 4493 51 -85 1576 1670 5 6 -488 15824
17:54:19.765 P 4497 42 18 1760 1645 5 5 -578 16756
17:54:19.765 P 4501 36 -56 1797 1611 6 6 -208 16108
17:54:19.765 P 4506 13 -148 1493 1578 6 6 -390 16920
17:54:19.765 P 4510 -9 -132 1435 1547 6 6 30 16558
17:54:19.765 P 4514 -17 -11 1674 1657 5 5 -352 17064
17:54:19.765 P 4519 -26 -20 1725 1666 5 6 -26 16902
17:54:19.765 P 4523 -31 -24 1872 1570 6 6 -202 16640
17:54:19.765 P 4528 -60 -265 -1335 1456 6 5 -62 17104
17:54:19.765 P 4532 -94 -213 -1312 1550 6 5 -502 16970
17:54:19.765 P 4537 -117 -6 1575 1610 5 5 -24 16874
17:54:19.765 P 4541 -120 -6 1564 1626 4 6 -190 16840
17:54:19.765 P 4546 -124 -24 1598 1503 4 5 -560 16842
17:54:19.765 P 4550 -135 -68 1471 1438 4 5 -114 16744
17:54:19.765 P 4555 -148 -39 1457 1453 5 4 154 17092
17:54:19.765 P 4560 -157 -22 1448 1428 4 4 44 16466
17:54:19.765 P 4564 -159 17 1556 1491 4 5 -678 16800
17:54:19.765 P 4569 -168 -51 1432 1339 4 4 176 16622
17:54:19.765 P 4573 -175 -13 1457 1347 3 4 -12 16676
17:54:19.765 P 4578 -179 -15 1419 1325 4 4 -170 16590
17:54:19.765 P 4582 -184 -12 1446 1327 3 4 96 17118
17:54:19.765 P 4587 -191 -9 1348 -1322 3 4 54 16562
17:54:19.765 P 4591 -193 20 1368 1308 3 3 96 16874
17:54:19.765 P 4596 -191 25 1302 1409 2 3 -580 16924
17:54:19.765 P 4600 -195 -2 -1345 1330 3 2 246 16848
17:54:19.765 P 4604 -194 66 1401 1315 2 3 306 16828
17:54:19.765 P 4609 -178 120 1625 -1306 2 2 -424 16988
17:54:19.765 P 4613 -176 23 1318 1380 2 2 88 16696
17:54:19.765 P 4618 -175 -1 -1355 1305 1 2 -204 16684
17:54:19.765 P 4622 -174 67 1389 -1306 2 2 -226 16902
17:54:19.765 P 4627 -165 86 1385 1355 1 2 -86 16870
17:54:19.765 P 4632 -154 120 1381 1420 1 1 148 16828
17:54:19.765 P 4636 -144 81 1357 -1338 1 0 126 16642
17:54:19.765 P 4641 -132 126 1390 1326 2 0 -148 16796
17:54:19.765 P 4645 -123 100 -1363 -1304 0 0 86 16776
17:54:19.765 P 4649 -110 161 1387 1427 0 1 132 16792
17:54:19.765 P 4652 -95 185 1472 1337 0 0 -120 16654
17:54:19.765 P 4656 -81 128 1370 -1318 0 0 -234 16796
17:54:19.765 P 4660 -69 109 -1314 1326 0 0 -366 16748
17:54:19.765 P 4663 -63 72 -1309 -1357 0 0 -474 16722
17:54:19.765 P 4667 -61 27 -1387 -1419 0 0 -364 16786
17:54:19.765 P 4671 -64 -19 -1488 -1535 0 0 -306 16718
17:54:19.765 P 4674 -71 -52 -1539 -1587 0 0 -212 16738
17:54:19.765 P 4678 -84 -92 -1761 -1834 -1 -1 174 16760
17:54:19.765 P 4683 -69 508 -1355 1560 -2 -2 500 17138
17:54:19.765 P 4688 16 472 1472 1451 -2 -1 -848 16486
17:54:19.765 P 4693 53 76 1387 1333 -1 0 -1002 16734
17:54:19.765 P 4697 43 -111 -1431 -1523 0 0 212 16876
17:54:19.765 P 4701 26 -25 -1443 -1342 0 0 -1000 16524
17:54:19.765 P 4705 14 -64 -1566 1303 0 -1 -564 16708
17:54:19.765 P 4708 4 -83 -1508 -1338 0 0 -968 16786
17:54:19.765 P 4712 -15 -116 -1489 -1538 0 0 88 16822
17:54:19.765 P 4716 -34 -107 -1546 -1602 0 -1 508 16736
17:54:19.765 P 4720 -47 -8 -1479 -1466 -1 0 796 16858
17:54:19.765 P 4725 -43 70 -1432 1353 -1 -1 -598 16706
17:54:19.765 P 4729 -50 -110 -1474 -1459 0 0 -504 16746
17:54:19.765 P 4733 -75 -180 -1632 -1621 -1 0 194 16768
17:54:19.765 P 4737 -98 -93 -1624 -1666 -2 0 696 16930
17:54:19.765 P 4742 -94 180 -1424 -1397 -1 -1 254 16708
17:54:19.765 P 4747 -76 102 -1457 -1396 -1 -1 16 16538
17:54:19.765 P 4752 -70 47 -1538 -1443 -1 -1 -290 16758
17:54:19.765 P 4757 -75 -2 -1528 -1591 0 0 480 16908
17:54:19.765 P 4762 -73 116 -1486 -1459 -1 -1 446 16840
17:54:19.765 P 4767 -64 89 -1405 -1433 -1 -1 50 16792
17:54:19.765 P 4772 -62 -2 -1493 -1484 -1 0 264 16864
17:54:19.765 P 4777 -70 12 -1502 -1595 -1 0 636 16832
17:54:19.765 P 4782 -64 122 -1561 -1328 -1 -2 570 16754
17:54:19.765 P 4787 -50 173 1302 -1343 -1 -1 -562 16736
17:54:19.765 P 4792 -52 -39 -1421 -1518 0 -1 312 16826
17:54:19.765 P 4797 -65 -25 -1586 -1534 0 -1 676 16838
17:54:19.765 P 4802 -65 72 -1542 -1476 0 -1 -24 16702
17:54:19.765 P 4807 -62 54 -1421 -1524 -1 -1 332 16964
17:54:19.765 P 4811 -59 66 -1412 -1397 -1 -1 254 16588
17:54:19.765 P 4816 -63 -18 -1574 -1535 -1 -1 156 16752
17:54:19.765 P 4821 -66 60 -1542 -1511 0 -1 464 16838
17:54:19.765 P 4826 -58 79 -1523 -1384 -1 0 -380 16684
17:54:19.765 P 4831 -59 51 -1473 -1527 0 -1 698 16922
17:54:19.765 P 4836 -55 36 -1492 -1517 0 -1 -246 16706
17:54:19.765 P 4840 -57 30 -1584 -1575 -1 -1 502 16896
17:54:19.765 P 4846 -48 112 -1521 -1458 -1 -1 14 16838
17:54:19.765 P 4851 -33 164 -1360 -1406 -1 -1 -808 16620
17:54:19.765 P 4856 -27 72 -1422 -1446 0 0 178 16726
17:54:19.765 P 4861 -24 48 -1474 -1512 0 -1 60 16812
17:54:19.765 P 4866 -20 137 -1440 -1402 -2 -1 82 16746
17:54:19.765 P 4871 -8 124 -1426 -1363 -1 -1 -40 16868
17:54:19.765 P 4876 1 61 -1484 -1469 -1 -1 -184 16776
17:54:19.765 P 4881 0 44 -1550 -1551 -1 -1 262 16698
17:54:19.765 P 4886 0 37 -1501 -1526 -1 0 -422 16770
17:54:19.765 P 4891 3 84 -1510 -1458 -1 -1 488 16796
17:54:19.765 P 4895 8 69 -1470 -1427 0 -1 -108 16670
17:54:19.765 P 4900 16 70 -1486 -1496 -1 -1 -256 16776
17:54:19.765 P 4905 18 77 -1510 -1475 -2 -1 238 16802
17:54:19.765 P 4910 24 70 -1457 -1505 -1 -1 -94 16766
17:54:19.765 P 4915 33 95 -1430 -1426 -1 -1 474 16836
17:54:19.765 P 4920 41 104 -1453 -1310 -1 0 -300 16820
17:54:19.765 P 4924 46 42 -1486 -1477 -1 -1 -288 16722
17:54:19.765 P 4929 43 55 -1488 -1439 0 -1 70 16768
17:54:19.765 P 4934 43 12 -1463 -1563 -1 -1 -48 16702
17:54:19.765 P 4938 38 21 -1447 -1436 -1 -1 728 16806
17:54:19.765 P 4943 43 69 -1429 -1354 0 0 -212 16650
17:54:19.765 P 4947 45 38 -1479 -1465 -1 0 -216 16746
17:54:19.765 P 4952 44 68 -1457 -1373 0 -1 -92 16784
17:54:19.765 P 4956 47 32 -1410 -1452 0 0 -314 16662
17:54:19.765 P 4960 41 -10 -1556 -1547 0 -1 -156 16778
17:54:19.765 P 4965 34 65 -1461 -1391 0 0 168 16838
17:54:19.765 P 4970 47 103 -1327 -1456 -1 0 -496 16696
17:54:19.765 P 4974 52 72 -1384 -1498 0 0 104 16786
17:54:19.765 P 4979 59 71 -1465 -1390 0 -1 -722 16650
17:54:19.765 P 4983 55 4 -1496 -1424 0 -1 -6 16746
17:54:19.765 P 4988 57 79 -1493 -1482 -1 -1 72 16780
17:54:19.765 P 4993 64 87 -1413 -1457 -1 -1 -358 16714
17:54:19.765 P 4997 63 15 -1409 -1383 0 0 -180 16702
17:54:19.765 P 5001 58 14 -1504 -1428 0 -1 62 16714
17:54:19.765 P 5006 57 53 -1393 -1429 0 0 -292 16698
17:54:19.765 P 5010 56 18 -1335 -1516 -1 0 -646 16700
17:54:19.765 P 5014 46 -65 -1500 -1520 0 0 214 16786
17:54:19.765 P 5018 35 -34 -1441 -1510 0 0 130 16898
17:54:19.765 P 5022 25 -30 -1486 -1509 0 0 90 16710
17:54:19.765 P 5026 17 -18 -1502 -1513 0 0 72 16718
17:54:19.765 P 5030 9 -10 -1482 -1496 0 0 54 16758
17:54:19.765 P 5034 4 -3 -1478 -1493 0 0 -44 16748
17:54:19.765 P 5038 -1 0 -1478 -1505 0 0 154 16762
17:54:19.765 P 5042 -6 6 -1466 -1491 0 0 172 16714
17:54:19.765 P 5045 -9 11 -1470 -1496 0 0 152 16786
17:54:19.765 P 5049 -12 14 -1468 -1506 0 0 96 16708
17:54:19.765 P 5053 -15 19 -1468 -1509 0 0 126 16820
17:54:19.765 P 5057 -18 24 -1468 -1505 0 0 46 16782
17:54:19.765 P 5061 -20 24 -1473 -1504 0 0 76 16732
17:54:19.765 P 5064 -21 26 -1477 -1512 0 0 78 16704
17:54:19.765 P 5068 -23 27 -1470 -1507 0 0 72 16710
17:54:19.765 P 5072 -25 27 -1480 -1502 0 0 118 16708
17:54:19.765 P 5076 -27 29 -1474 -1507 0 0 114 16768
17:54:19.765 P 5080 -28 30 -1473 -1513 0 0 86 16752
17:54:19.765 P 5083 -29 30 -1479 -1509 0 0 68 16674
17:54:19.765 P 5087 -30 30 -1478 -1515 0 0 50 16736
17:54:19.765 P 5091 -32 28 -1478 -1524 0 0 68 16784
17:54:23.959 P 5095 -34 28 -1481 -1523 0 0 42 16774
17:54:23.959 P 5099 -35 25 -1494 -1525 0 0 78 16738
17:54:23.959 P 5103 -37 24 -1501 -1525 0 0 96 16722
17:54:23.959 P 5107 -39 24 -1499 -1534 0 0 52 16820
17:54:23.959 P 5111 -41 21 -1503 -1545 0 0 66 16746
17:54:23.959 P 5115 -44 20 -1503 -1553 0 0 124 16704
17:54:23.959 P 5118 -46 19 -1506 -1560 0 0 88 16756
17:54:23.959 P 5122 -49 15 -1519 -1566 0 0 92 16706
17:54:23.959 P 5126 -52 19 -1528 -1551 0 0 168 16718
17:54:23.959 P 5130 -54 19 -1536 -1547 0 0 44 16836
17:54:23.959 P 5134 -57 13 -1542 -1567 0 0 106 16758
17:54:23.959 P 5137 -59 22 -1565 -1605 0 -1 192 16684
17:54:23.959 P 5141 -62 43 -1560 -1525 -1 0 836 16916
17:54:23.959 P 5146 -49 168 -1450 -1378 -1 -1 -56 16746
17:54:23.959 P 5150 -33 177 -1307 -1304 0 -1 1570 16362
17:54:23.959 P 5154 -16 323 1532 1532 0 0 2176 16772
17:54:23.959 P 5158 19 563 1855 1776 0 0 4492 17494
17:54:23.959 P 5163 131 892 1922 2013 4 3 -3654 16536
17:54:23.959 P 5167 130 156 2100 1966 6 5 2080 16788
17:54:23.959 P 5172 144 201 2135 2143 7 7 1306 16464
17:54:23.959 P 5177 91 -506 1967 2061 9 8 -974 17254
17:54:23.959 P 5181 2 -819 1665 1559 9 11 -782 15292
17:54:23.959 P 5186 -129 -811 1511 1467 9 9 298 15656
17:54:23.959 P 5190 -224 -707 1545 1300 9 9 800 17960
17:54:23.959 P 5195 -323 -598 1486 1320 10 9 460 17386
17:54:23.959 P 5200 -415 -652 -1342 -1586 9 8 80 15674
17:54:23.959 P 5205 -525 -437 -1729 -1580 7 6 7462 17122
17:54:23.959 P 5209 -512 387 1367 1883 4 4 532 17152
17:54:23.959 P 5214 -409 936 1879 1742 4 5 -1396 16554
17:54:23.959 P 5219 -321 401 1765 1461 6 5 -112 16884
17:54:23.959 P 5223 -297 52 1441 1386 5 5 -260 16490
17:54:23.959 P 5228 -318 -229 -1480 -1476 6 5 -148 17142
17:54:23.959 P 5233 -351 114 -1375 1527 3 4 2904 16888
17:54:23.959 P 5237 -299 605 1720 1753 2 3 402 15816
17:54:23.959 P 5242 -191 605 1724 1615 4 4 -5556 16594
17:54:23.959 P 5247 -163 6 1745 1309 4 4 -966 17224
17:54:23.959 P 5252 -213 -384 -1368 -1404 6 4 564 16900
17:54:23.959 P 5257 -250 -19 -1410 1567 3 3 184 16870
17:54:23.959 P 5261 -245 123 1330 1783 3 3 622 17020
17:54:23.959 P 5266 -210 -33 1468 1355 3 4 -4630 16408
17:54:23.959 P 5271 -248 -168 1435 -1715 3 3 4 16880
17:54:23.959 P 5275 -275 81 1302 -1540 2 1 6768 17344
17:54:23.959 P 5280 -211 600 1519 1891 2 1 -394 16504
17:54:23.959 P 5285 -152 -231 -1350 -1456 3 3 396 16478
17:54:23.959 P 5289 -180 -212 -1416 -1502 1 3 -16 16652
17:54:23.959 P 5294 -211 -142 -1549 -1681 1 1 156 16900
17:54:23.959 P 5299 -203 405 1398 1524 0 0 1964 16904
17:54:23.959 P 5303 -134 575 1589 1623 1 0 -400 16718
17:54:23.959 P 5307 -70 407 1593 1613 0 0 -4816 16266
17:54:23.959 P 5312 -81 -143 -1426 -1452 1 1 -56 16662
17:54:23.959 P 5316 -97 -34 -1481 -1510 0 1 256 16874
17:54:23.959 P 5320 -92 133 1332 -1345 -1 -1 70 16718
17:54:23.959 P 5324 -81 136 -1309 1447 0 -1 -74 16818
17:54:23.959 P 5328 -68 116 -1355 1551 0 0 -156 16850
17:54:23.959 P 5332 -60 56 -1378 1500 0 0 -302 16738
17:54:23.959 P 5336 -61 -24 -1416 1344 0 0 -326 16684
17:54:23.959 P 5340 -73 -183 -1553 -1692 0 0 228 16788
17:54:23.959 P 5344 -98 -176 -1718 -1743 -2 -1 124 16830
17:54:23.959 P 5348 -126 -85 -1943 -1756 -2 -2 6004 17250
17:54:23.959 P 5353 -63 692 -1419 1509 -4 -3 224 16570
17:54:23.959 P 5358 62 801 1532 1451 -2 -2 -2298 16398
17:54:23.959 P 5362 114 183 1643 1311 -1 -1 -658 16650
17:54:23.959 P 5367 106 -175 -1426 -1431 0 0 -724 16840
17:54:23.959 P 5371 68 -280 -1603 -1565 0 -1 -160 16816
17:54:23.959 P 5375 36 -228 -1649 -1626 -1 -1 -314 16756
17:54:23.959 P 5380 24 230 1328 1429 -1 -2 252 16734
17:54:23.959 P 5385 52 110 1330 1310 -1 -1 -678 16610
17:54:23.959 P 5389 50 -60 -1358 1308 0 -1 -726 16926
17:54:23.959 P 5393 26 -215 -1541 -1552 0 0 -552 16718
17:54:23.959 P 5398 -12 -155 -1523 -1527 0 0 756 16728
17:54:23.959 P 5402 -29 -74 -1657 -1417 0 -1 20 16850
17:54:23.959 P 5406 -44 -109 -1691 -1512 -1 -1 -284 16834
17:54:23.959 P 5411 -52 113 1442 -1699 -1 0 1336 16698
17:54:23.959 P 5415 -30 248 -1328 -1309 -1 -2 -94 16790
17:54:23.959 P 5420 -17 73 -1560 1360 -1 -2 -418 16822
17:54:23.959 P 5425 -15 4 -1510 -1501 -1 -1 -232 16620
17:54:23.959 P 5429 -21 23 -1480 -1543 -1 -1 534 16844
17:54:23.959 P 5434 -26 8 -1613 -1452 -1 -2 -42 16746
17:54:23.959 P 5439 -26 18 -1552 -1480 -1 -1 332 16816
17:54:23.959 P 5444 -21 79 -1397 -1523 -2 -1 -328 16648
17:54:23.959 P 5448 -22 8 -1530 -1548 -1 -1 146 16768
17:54:23.959 P 5453 -27 28 -1653 -1565 -2 -2 552 16942
17:54:23.959 P 5458 -20 129 -1514 -1468 -2 -2 -376 16798
17:54:23.959 P 5463 -6 128 -1327 -1574 -2 -2 504 16748
17:54:23.959 P 5468 7 132 -1319 -1389 -1 -2 -282 16356
17:54:23.959 P 5473 4 -66 -1698 -1517 -1 -1 50 16780
17:54:23.959 P 5478 -11 -2 -1658 -1667 -3 -1 574 16940
17:54:23.959 P 5482 8 384 1528 -1331 -2 -2 512 16694
17:54:23.959 P 5487 59 310 1422 -1310 -1 -1 -744 16678
17:54:23.959 P 5492 75 19 -1473 -1369 -1 -1 -642 16586
17:54:23.959 P 5497 50 -199 -1728 -1582 0 -1 74 16808
17:54:23.959 P 5502 41 240 1506 -1451 -2 -1 478 16516
17:54:23.959 P 5507 82 277 1429 -1337 -2 -2 78 16796
17:54:23.959 P 5511 99 135 1469 1326 -1 -1 -106 16816
17:54:23.959 P 5516 87 -173 -1553 -1481 0 0 -1072 16568
17:54:23.959 P 5520 49 -294 -1740 -1657 -1 -1 32 16846
17:54:23.959 P 5525 11 90 -1584 -1438 -1 -1 2126 17152
17:54:23.959 P 5529 57 503 1446 1361 -2 -2 -454 16842
17:54:23.959 P 5534 113 263 1411 -1361 -2 0 -544 16582
17:54:23.959 P 5538 124 52 1443 -1456 -2 -1 70 16822
17:54:23.959 P 5542 112 -143 -1445 -1500 0 0 -108 16664
17:54:23.959 P 5547 75 -121 -1548 -1516 0 -1 628 17046
17:54:23.959 P 5551 76 81 -1345 -1334 0 -1 -6 16734
17:54:23.959 P 5555 74 -12 -1430 -1340 -1 -1 -56 16656
17:54:23.959 P 5559 64 -61 -1524 -1586 -1 -1 118 16824
17:54:23.959 P 5564 52 27 -1362 -1313 0 0 -300 16778
17:54:23.959 P 5568 50 15 -1524 -1306 -1 0 -760 16654
17:54:23.959 P 5572 41 -72 -1377 -1510 0 0 -30 16760
17:54:23.959 P 5576 25 -109 -1530 -1539 0 0 412 16800
17:54:23.959 P 5579 13 -94 -1546 -1516 0 0 70 16770
17:54:23.959 P 5583 0 -82 -1537 -1598 0 0 504 16806
17:54:23.959 P 5586 -9 -59 -1508 -1577 0 0 560 16798
17:54:23.959 P 5590 -18 -8 -1585 -1500 0 0 1052 16814
17:54:23.959 P 5594 -14 123 -1411 -1365 -1 0 268 16778
17:54:23.959 P 5598 -3 93 -1344 -1495 -1 -1 -500 16696
17:54:23.959 P 5602 -8 -39 -1510 -1539 0 0 -134 16806
17:54:23.959 P 5606 -18 -15 -1556 -1527 0 -1 -136 16680
17:54:23.959 P 5610 -22 44 -1557 -1468 -1 -1 220 16898
17:54:23.959 P 5615 -13 130 -1415 -1329 -1 0 68 16680
17:54:23.959 P 5619 -4 71 -1400 -1468 0 -1 -460 16746
17:54:23.959 P 5623 -7 -28 -1494 -1542 0 0 250 16776
17:54:23.959 P 5627 -17 -8 -1604 -1510 0 -1 426 16720
17:54:23.959 P 5631 -17 80 -1583 -1390 -1 0 178 16746
17:54:23.959 P 5635 -6 175 1378 -1385 -1 0 -264 16730
17:54:23.959 P 5639 5 74 -1362 -1516 0 0 -140 16748
17:54:23.959 P 5643 3 14 -1429 -1477 0 0 150 16706
17:54:23.959 P 5647 0 24 -1466 -1447 0 0 -30 16786
17:54:23.959 P 5651 -1 40 -1618 -1466 -1 -1 -466 16790
17:54:23.959 P 5655 0 32 -1369 -1501 0 0 266 16902
17:54:23.959 P 5659 0 -3 -1385 -1627 -1 0 168 16820
17:54:23.959 P 5663 -10 -20 -1509 -1570 0 0 206 16726
17:54:23.959 P 5667 -9 102 -1654 -1372 -1 -1 112 16816
17:54:23.959 P 5672 10 175 1309 -1352 0 -1 -756 16654
17:54:23.959 P 5676 16 55 -1415 -1471 0 -1 -560 16746
17:54:23.959 P 5680 11 -12 -1509 -1514 0 -1 440 16898
17:54:23.959 P 5684 10 64 -1515 -1366 0 -1 166 16800
17:54:23.959 P 5688 14 44 -1474 -1423 0 -1 -458 16682
17:54:23.959 P 5692 10 -14 -1464 -1575 0 0 32 16708
17:54:23.959 P 5696 3 17 -1421 -1461 0 0 92 16810
17:54:23.959 P 5700 0 17 -1575 -1415 0 -1 -172 16832
17:54:23.959 P 5704 -2 15 -1599 -1446 0 -1 296 16880
17:54:23.959 P 5709 2 98 1348 -1410 0 0 -392 16742
17:54:23.959 P 5713 5 42 1322 -1565 0 0 44 16692
17:54:23.959 P 5717 0 -37 -1457 -1506 0 0 312 16806
17:54:23.959 P 5721 -8 -19 -1465 -1563 0 0 102 16780
17:54:23.959 P 5725 -15 -6 -1509 -1544 0 -1 234 16764
17:54:23.959 P 5729 -21 3 -1494 -1495 0 0 208 16774
17:54:23.959 P 5733 -22 29 -1508 -1541 0 -1 -160 16540
17:54:23.959 P 5737 -28 -25 -1521 -1554 0 0 540 16856
17:54:23.959 P 5741 -34 8 -1548 -1526 -1 0 128 16792
17:54:23.959 P 5745 -38 19 -1561 -1533 0 0 70 16822
17:54:23.959 P 5749 -35 92 -1401 -1439 0 0 104 16840
17:54:23.959 P 5754 -31 44 -1409 -1467 0 0 -68 16802
17:54:23.959 P 5758 -34 9 -1443 -1550 0 0 158 16860
17:54:23.959 P 5762 -37 32 -1595 -1598 -1 -1 570 16880
17:54:23.959 P 5767 -27 197 -1409 1365 0 -1 -428 16654
17:54:23.959 P 5771 -10 128 1324 -1422 0 0 -902 16730
17:54:23.959 P 5775 -10 21 -1316 -1521 0 0 -132 16744
17:54:23.959 P 5779 -18 -12 -1464 -1561 0 0 112 16724
17:54:23.959 P 5784 -24 17 -1499 -1562 0 0 124 16820
17:54:23.959 P 5788 -27 29 -1555 -1501 0 0 570 16808
17:54:23.959 P 5792 -22 110 -1399 -1415 0 -1 572 16836
17:54:23.959 P 5796 -15 83 -1467 -1407 -1 -1 -336 16650
17:54:23.959 P 5801 -14 36 -1509 -1496 -1 -1 424 16918
17:54:23.959 P 5805 -11 48 -1399 -1447 0 0 400 16884
17:54:23.959 P 5809 -9 40 -1490 -1420 0 -1 -468 16720
17:54:23.959 P 5813 -14 -25 -1550 -1526 0 0 -296 16876
17:54:23.959 P 5817 -21 -10 -1528 -1520 0 0 180 16900
17:54:23.959 P 5821 -26 -1 -1602 -1535 0 0 174 16792
17:54:23.959 P 5825 -29 45 -1538 -1511 0 0 260 16802
17:54:23.959 P 5830 -18 152 1318 -1379 0 0 400 16734
17:54:23.959 P 5835 -2 105 -1413 -1374 -1 -1 -252 16720
17:54:23.959 P 5839 0 1 -1390 -1495 0 0 -32 16820
17:54:23.959 P 5843 -7 -19 -1501 -1565 -1 0 -144 16782
17:54:23.959 P 5847 -16 -36 -1557 -1588 0 0 282 16772
17:54:23.959 P 5851 -20 28 -1415 -1493 0 0 164 16710
17:54:23.959 P 5855 -24 -12 -1587 -1626 0 -1 -442 16686
17:54:23.959 P 5859 -33 5 -1558 -1571 0 -1 640 16964
17:54:23.959 P 5864 -19 178 -1410 -1342 0 -1 300 16678
17:54:23.959 P 5868 -3 168 1305 -1307 -1 0 -570 16638
17:54:23.959 P 5872 3 41 -1393 -1503 0 0 -494 16750
17:54:23.959 P 5876 -4 -23 -1486 -1504 0 0 96 16802
17:54:23.959 P 5880 -11 -20 -1528 -1513 0 0 194 16782
17:54:23.959 P 5884 -18 -13 -1605 -1538 0 0 320 16650
17:54:23.959 P 5889 -18 95 -1469 -1484 -1 0 144 16754
17:54:23.959 P 5894 -4 156 -1356 1300 -1 0 190 16782
17:54:23.959 P 5898 7 92 -1372 -1429 0 0 -512 16568
17:54:23.959 P 5903 5 14 -1424 -1562 -1 0 168 16658
17:54:23.959 P 5907 0 2 -1437 -1516 0 0 -144 16672
17:54:23.959 P 5911 -5 -10 -1485 -1516 0 0 -172 16690
17:54:23.959 P 5915 -13 -15 -1512 -1549 0 0 412 16774
17:54:23.959 P 5919 -17 3 -1467 -1537 0 0 286 16746
17:54:23.959 P 5923 -23 -6 -1517 -1541 0 0 -116 16766
17:54:23.959 P 5927 -28 1 -1507 -1566 0 0 -52 16772
17:54:23.959 P 5931 -33 -4 -1551 -1596 0 0 382 16860
17:54:26.074 P 5935 -36 39 -1479 -1521 0 -1 308 16676
17:54:26.074 P 5939 -38 18 -1504 -1507 0 0 -232 16742
17:54:26.074 P 5943 -42 17 -1525 -1545 0 0 -96 16714
17:54:26.074 P 5947 -45 14 -1467 -1528 0 0 926 16884
17:54:26.074 P 5951 -46 44 -1517 -1493 0 0 320 16620
17:54:26.074 P 5956 -43 83 -1530 -1433 -1 0 544 16942
17:54:26.074 P 5960 -30 154 1322 -1391 0 0 372 16780
17:54:26.074 P 5964 -16 113 1406 -1422 0 0 -362 16524
17:54:26.074 P 5968 -18 15 -1469 -1473 0 0 -132 16746
17:54:26.074 P 5972 -20 25 -1445 -1501 0 0 214 16838
17:54:26.074 P 5976 -21 37 -1418 -1455 0 0 132 16796
17:54:26.074 P 5980 -20 48 -1406 -1444 0 0 138 16740
17:54:26.074 P 5984 -19 54 -1387 -1439 0 0 146 16782
17:54:26.074 P 5988 -18 63 -1367 -1428 0 0 136 16780
17:54:26.074 P 5992 -15 70 -1352 -1424 0 0 98 16772
17:54:26.074 P 5996 -12 73 -1333 -1401 0 0 68 16762
17:54:26.074 P 6000 -8 77 -1314 -1364 0 0 118 16718
17:54:26.074 P 6004 -3 83 1302 -1348 0 0 48 16792
17:54:26.074 P 6008 1 72 -1350 -1401 0 0 -240 16990
17:54:26.074 P 6012 4 54 -1376 -1433 0 0 -148 16650
17:54:26.074 P 6016 5 20 -1429 -1490 0 0 -548 16632
17:54:26.074 P 6020 1 -39 -1545 -1606 0 0 -564 16852
17:54:26.074 P 6023 -6 -52 -1629 -1681 0 0 44 16666
17:54:26.074 P 6028 -4 212 -1434 -1347 -1 -1 1838 16980
17:54:26.074 P 6033 40 357 1469 1431 -1 0 -1242 16710
17:54:26.074 P 6037 61 137 1378 1305 0 0 -1378 16732
17:54:26.074 P 6042 57 -23 -1395 -1471 0 0 1036 16832
17:54:26.074 P 6045 56 28 -1316 -1424 0 0 550 16844
17:54:26.074 P 6049 57 54 1304 -1341 0 0 592 16754
17:54:26.074 P 6054 63 105 1444 1383 0 0 -152 16796
17:54:26.074 P 6058 71 127 1461 1413 0 0 4 16720
17:54:26.074 P 6061 79 153 1591 1521 1 1 -124 16850
17:54:26.074 P 6066 97 186 1742 1677 0 0 188 16782
17:54:26.074 P 6071 95 -221 1541 1368 3 3 -1026 16738
17:54:26.074 P 6075 33 -607 -1640 -1615 3 1 410 16728
17:54:26.074 P 6080 -37 -239 -1676 -1587 0 0 620 16792
17:54:26.074 P 6084 -46 175 -1437 -1399 -1 0 722 16834
17:54:26.074 P 6088 -11 439 1343 1376 -1 -1 -490 16790
17:54:26.074 P 6093 46 267 1481 -1396 -1 0 1238 16860
17:54:26.074 P 6097 67 116 1429 -1379 0 0 218 16680
17:54:26.074 P 6101 73 94 1368 -1365 1 0 -72 16700
17:54:26.074 P 6105 80 95 1422 1332 0 0 -562 16738
17:54:26.074 P 6109 86 86 1390 1327 0 0 -418 16738
17:54:26.074 P 6113 91 71 -1305 -1341 0 0 -66 16746
17:54:26.074 P 6117 95 98 1337 1350 0 0 322 16876
17:54:26.074 P 6121 105 139 1432 1398 0 0 -150 16834
17:54:26.074 P 6125 117 158 1564 1482 1 0 -198 16726
17:54:26.074 P 6128 127 177 1624 1582 0 0 206 16850
17:54:26.074 P 6133 143 118 1512 1799 0 1 -368 16966
17:54:26.074 P 6137 150 -143 1478 1377 1 2 -4618 16620
17:54:26.074 P 6142 95 -197 1436 -1518 0 1 2288 16714
17:54:26.074 P 6146 86 113 1722 1407 2 0 302 16708
17:54:26.074 P 6150 101 199 1617 1541 1 1 -350 16788
17:54:26.074 P 6154 109 141 1637 1746 2 0 426 16964
17:54:26.074 P 6159 119 103 1768 1781 3 2 1326 16746
17:54:26.074 P 6164 122 195 2115 1692 3 3 2906 17316
17:54:26.074 P 6168 142 179 1962 2028 5 4 634 16084
17:54:26.074 P 6173 80 -251 1684 2034 6 6 2974 16660
17:54:26.074 P 6177 51 -95 2095 1908 6 7 2122 16320
17:54:26.074 P 6181 26 -27 2188 1980 8 7 4160 16972
17:54:26.074 P 6186 -9 4 2037 2169 10 9 4562 18066
17:54:26.074 P 6190 -7 -13 2079 2177 11 10 -516 16536
17:54:26.074 P 6195 -39 -256 2086 2051 12 12 -44 17084
17:54:26.074 P 6200 -92 -316 2045 2108 12 11 362 17212
17:54:26.074 P 6205 -162 -542 1945 2021 13 13 238 17058
17:54:26.074 P 6210 -250 -571 1871 1794 14 12 944 16054
17:54:26.074 P 6214 -308 -456 1642 1842 12 12 544 17184
17:54:26.074 P 6219 -368 -280 1642 1901 12 10 1530 17554
17:54:26.074 P 6224 -395 -126 1659 1865 11 10 -586 16488
17:54:26.074 P 6228 -417 -206 1461 1753 10 11 -350 16894
17:54:26.074 P 6232 -444 -219 1330 1641 10 10 -996 16088
17:54:26.074 P 6237 -487 -355 -1484 -1364 8 10 -1438 17420
17:54:26.074 P 6241 -538 -302 -1552 -1541 7 8 1328 16950
17:54:26.074 P 6246 -514 605 1778 1547 4 6 -282 16938
17:54:26.074 P 6250 -423 622 1613 1540 5 5 -1514 16750
17:54:26.074 P 6254 -364 388 1534 1539 5 6 -722 17518
17:54:26.074 P 6258 -326 119 1415 1361 5 6 -1678 16398
17:54:26.074 P 6263 -330 -222 -1517 -1708 4 4 -1562 16762
17:54:26.074 P 6267 -351 194 -1338 1343 4 3 -1298 17582
17:54:26.074 P 6272 -282 469 1514 1626 3 3 -2622 16586
17:54:26.074 P 6276 -240 208 1421 1347 2 3 -1672 16884
17:54:26.074 P 6281 -226 -167 -1435 -1762 2 3 -2012 16450
17:54:26.074 P 6285 -285 -375 -1813 -1953 2 1 7430 17650
17:54:26.074 P 6289 -267 311 -1837 1339 -1 -2 628 16536
17:54:26.074 P 6293 -213 321 -1639 -1396 -3 -1 -1342 16870
17:54:26.074 P 6298 -152 58 -1575 -2035 -2 -1 -3030 16838
17:54:26.074 P 6302 -155 145 -1790 -1898 -2 -4 556 17270
17:54:26.074 P 6307 -112 303 -2055 -1513 -5 -5 -2926 17078
17:54:26.074 P 6312 -40 508 -1519 -1929 -7 -5 -1808 16848
17:54:26.074 P 6317 55 656 -1404 -1856 -7 -6 -1336 16770
17:54:26.074 P 6321 113 318 -2067 -1653 -6 -7 -2444 16068
17:54:26.074 P 6326 145 288 -1945 -1944 -8 -8 -1046 17812
17:54:26.074 P 6330 212 614 -1394 -1773 -8 -8 -1012 16012
17:54:26.074 P 6335 296 438 -1720 -1704 -9 -9 -1924 16100
17:54:26.074 P 6339 334 262 -1724 -1924 -8 -8 -1232 17218
17:54:26.074 P 6344 359 183 -1923 -1857 -9 -9 -314 16956
17:54:26.074 P 6348 394 321 -1939 -1628 -10 -9 -2724 15302
17:54:26.074 P 6353 438 316 -1706 -1780 -10 -9 -2234 17430
17:54:26.074 P 6358 470 280 -1693 -1774 -10 -10 -1078 16418
17:54:26.074 P 6362 494 197 -1930 -1622 -9 -9 -1596 15528
17:54:26.074 P 6367 518 171 -1895 -1699 -11 -10 -1878 16252
17:54:26.074 P 6371 539 150 -1726 -1811 -10 -9 -2502 17544
17:54:26.074 P 6375 544 22 -1937 -1902 -10 -8 -1750 16054
17:54:26.074 P 6380 534 9 -2025 -1999 -10 -11 -1360 15860
17:54:26.074 P 6384 537 177 -1856 -2089 -11 -11 630 16534
17:54:26.074 P 6389 601 424 -1802 -1511 -11 -12 -3590 17072
17:54:26.074 P 6393 635 237 -1993 -1607 -11 -12 -1896 18116
17:54:26.074 P 6398 660 228 -2066 -1734 -12 -11 -998 17278
17:54:26.074 P 6402 699 491 -1497 -1606 -12 -11 -986 16260
17:54:26.074 P 6407 775 505 -1367 -1484 -12 -11 -2474 17612
17:54:26.074 P 6412 832 563 1519 -1404 -12 -10 -386 17634
17:54:26.074 P 6416 893 587 1530 1469 -9 -10 -506 16218
17:54:26.074 P 6421 932 -246 -1484 -1589 -6 -8 -1918 16828
17:54:26.074 P 6425 843 -454 -1785 -1735 -8 -8 252 16600
17:54:26.074 P 6430 811 294 -1478 1575 -8 -9 -940 16678
17:54:26.074 P 6434 853 418 -1373 1367 -8 -7 -2620 16094
17:54:26.074 P 6439 891 345 1745 1434 -6 -5 -1778 17430
17:54:26.074 P 6443 886 -28 1736 1399 -4 -5 -730 16932
17:54:26.074 P 6448 813 -368 -1572 1432 -2 -4 2288 16358
17:54:26.074 P 6453 779 55 1489 1917 -2 -3 -1486 16560
17:54:26.074 P 6457 767 -144 1870 1636 -1 0 -2818 17104
17:54:26.074 P 6462 672 -620 1432 -1325 1 0 2008 17056
17:54:26.074 P 6466 602 -344 1446 1518 1 0 -158 16530
17:54:26.074 P 6470 565 -192 1689 1721 0 1 -1378 16652
17:54:26.074 P 6474 528 -327 1604 1506 1 1 -290 17004
17:54:26.074 P 6478 483 -268 1754 1426 1 2 56 16778
17:54:26.074 P 6483 431 -214 1499 1630 2 1 178 16770
17:54:26.074 P 6488 403 -18 1824 1804 2 1 522 16842
17:54:26.074 P 6492 389 -180 1845 1604 2 3 -210 16888
17:54:26.074 P 6497 327 -317 1510 1665 4 4 90 16854
17:54:26.074 P 6502 274 -315 1436 1572 4 3 -2084 16506
17:54:26.074 P 6507 223 -299 1379 1334 3 4 -1288 16626
17:54:26.074 P 6512 175 -304 -1345 -1436 3 3 -992 16576
17:54:26.074 P 6516 141 -189 -1377 -1442 3 3 -610 16754
17:54:26.074 P 6521 123 -33 -1428 -1483 2 1 -568 16782
17:54:26.074 P 6526 132 203 1344 1406 1 1 -108 16772
17:54:26.074 P 6530 168 441 1582 1693 1 0 -154 16896
17:54:26.074 P 6535 217 86 1482 -1337 2 1 392 16908
17:54:26.074 P 6539 214 45 1405 -1398 1 1 928 16564
17:54:26.074 P 6544 235 318 1696 1622 2 1 -746 16704
17:54:26.074 P 6549 274 230 1581 1537 1 1 -1016 16658
17:54:26.074 P 6553 285 44 1626 1444 2 3 -1006 16720
17:54:26.074 P 6557 286 -118 1317 -1432 2 2 -3790 16578
17:54:26.074 P 6562 234 -671 -1843 -1815 2 1 -2368 16636
17:54:26.074 P 6565 183 -514 -1714 -1844 0 0 -5268 16320
17:54:26.074 P 6570 103 -712 -2114 -2014 -3 -4 -4064 17648
17:54:26.074 P 6574 90 -215 -2236 -2052 -6 -4 -4022 16320
17:54:26.074 P 6578 91 -90 -2125 -2210 -9 -7 -2690 16280
17:54:26.074 P 6583 133 331 -2268 -2311 -10 -10 -3854 16734
17:54:26.074 P 6587 182 460 -2449 -2302 -13 -12 -1670 16782
17:54:26.074 P 6592 310 1059 -2218 -2225 -16 -15 -3708 17808
17:54:26.074 P 6596 456 1031 -2031 -2168 -16 -15 -4214 14046
17:54:26.074 P 6601 595 768 -2225 -2212 -16 -16 -4992 17550
17:54:26.074 P 6605 668 541 -2118 -2112 -17 -17 -4646 17990
17:54:26.074 P 6610 729 -47 -2127 -2084 -16 -16 -5730 15542
17:54:26.074 P 6614 702 -491 -1999 -1994 -16 -16 -5836 16304
17:54:26.074 P 6618 614 -834 -1941 -1920 -16 -16 -2140 16626
17:54:26.074 P 6622 497 -900 -1922 -1879 -16 -16 26 16242
17:54:26.074 P 6627 359 -414 -2088 -1901 -14 -16 3952 18048
17:54:26.074 P 6631 306 -573 -2346 -2022 -15 -15 -3220 17666
17:54:26.074 P 6635 209 -480 -2124 -2054 -16 -16 3628 17940
17:54:26.074 P 6640 167 -147 -2201 -2160 -16 -16 1918 15684
17:54:26.074 P 6645 154 12 -2348 -2305 -17 -16 -2602 16236
17:54:26.074 P 6649 160 -52 -2208 -2246 -19 -16 -3390 15926
17:54:26.074 P 6654 126 -375 -2155 -2161 -17 -17 -348 16926
17:54:26.074 P 6659 64 -375 -2092 -2066 -17 -17 400 16964
17:54:26.074 P 6663 8 -466 -2081 -2080 -17 -17 -1332 18788
17:54:26.074 P 6667 -78 -704 -2029 -2007 -15 -16 3282 15160
17:54:26.074 P 6671 -169 -530 -2035 -2003 -16 -17 5330 18358
17:54:26.074 P 6675 -242 -299 -2220 -2078 -15 -16 4410 15612
17:54:26.074 P 6680 -280 -52 -2314 -2146 -16 -16 2538 19640
17:54:26.074 P 6684 -277 205 -2324 -2173 -16 -16 2092 17192
17:54:26.074 P 6688 -249 532 -2280 -2225 -17 -17 3202 17028
17:54:26.074 P 6693 -153 1094 -1823 -1924 -18 -17 5908 16186
17:54:26.074 P 6698 31 1596 -1371 -1454 -16 -17 4906 15498
17:54:26.074 P 6703 281 2240 1587 1579 -15 -16 6800 16974
17:54:26.074 P 6707 535 1973 1549 1488 -11 -11 11246 19490
17:54:26.074 P 6712 722 1214 1747 -1389 -8 -5 10642 16002
17:54:26.074 P 6717 915 2225 2229 2104 -1 -2 6664 11820
17:54:26.074 P 6721 1092 977 2196 1991 4 3 6676 13756
17:54:26.074 P 6725 1209 1209 2220 2065 6 5 -4852 20356
17:54:26.074 P 6730 1309 901 2360 2212 10 7 456 14690
17:54:26.074 P 6734 1377 607 2180 2282 14 9 -2146 19782
17:54:26.074 P 6739 1427 270 2429 2430 13 13 -4060 16642
17:54:26.074 P 6743 1423 -155 2477 2452 16 15 -4412 16288
17:54:26.074 P 6748 1333 -556 2530 2287 18 17 2054 16302
17:54:26.074 P 6752 1250 -335 2574 2265 20 18 1574 17928
17:54:26.074 P 6756 1198 -82 2418 2419 21 19 -850 17494
17:54:26.892 P 6761 1166 86 2277 2389 21 20 1686 16886
17:54:26.892 P 6766 1208 818 2166 2224 21 20 2618 16672
17:54:26.892 P 6770 1334 1414 2081 2093 21 20 -3168 16422
17:54:26.892 P 6775 1575 1963 2010 2018 20 20 -4698 14702
17:54:26.892 P 6780 1895 2381 1966 1936 19 19 -4544 12972
17:54:26.892 P 6785 2288 2969 1955 1872 19 18 -5994 13666
17:54:26.892 P 6790 2749 3129 1931 1818 17 19 -10134 14246
17:54:26.892 P 6796 3349 3458 2045 1885 16 17 -8636 10556
17:54:26.892 P 6800 3794 3607 2026 1862 16 18 -12848 8902
17:54:26.892 P 6803 4130 3536 0 0 15 18 -15722 8718
17:54:26.892 P 6804 4239 3434 0 0 16 18 -16700 9044
17:54:26.892 P 6805 4345 3293 0 0 15 17 -18078 8188
17:54:26.892 P 6806 4446 3164 0 0 15 17 -18632 9006
17:54:26.892 P 6807 4546 3031 0 0 15 18 -22298 7350
17:54:26.892 P 6808 4639 2777 0 0 14 16 -25170 5232
17:54:26.892 P 6809 4722 2414 0 0 15 17 -27540 4688
17:54:26.892 P 6810 4790 1946 0 0 14 17 -25348 4402
17:54:26.892 P 6811 4847 1617 0 0 14 17 -19180 4792
17:54:26.892 P 6812 4902 1575 0 0 14 17 -21010 5290
17:54:26.892 P 6813 4955 1467 0 0 13 17 -25342 5308
17:54:26.892 P 6814 4996 1082 0 0 14 17 -21720 4098
17:54:26.892 P 6815 5027 801 0 0 12 17 -16482 4808
17:54:26.892 P 6816 5055 761 0 0 13 17 -18378 6770
17:54:26.892 P 6817 5079 715 0 0 13 17 -17206 8218
17:54:26.892 P 6818 5102 661 0 0 13 17 -13958 7370
17:54:26.892 P 6819 5123 689 0 0 12 17 -13410 8280
17:54:26.892 P 6820 5143 731 0 0 12 17 -10222 9198
17:54:26.892 P 6821 5164 850 0 0 12 16 -7972 8886
17:54:26.892 P 6822 5195 1076 0 0 11 16 -9398 7594
17:54:26.892 P 6823 5232 1211 0 0 11 16 -12994 7930
17:54:26.892 P 6824 5265 1201 0 0 11 16 -10310 9826
17:54:26.892 P 6825 5303 1327 0 0 12 16 -11554 10282
17:54:26.892 P 6826 5345 1481 0 0 10 14 -11740 10134
17:54:26.892 P 6827 5392 1576 0 0 10 15 -11982 7884
17:54:26.892 P 6828 5444 1598 0 0 11 14 -14668 6194
17:54:26.892 P 6829 5494 1570 0 0 10 14 -15732 6290
17:54:26.892 P 6830 5546 1576 0 0 10 14 -15724 5648
17:54:26.892 P 6831 5599 1586 0 0 10 13 -19486 4952
17:54:26.892 P 6832 5649 1480 0 0 10 13 -19318 5016
17:54:26.892 P 6833 5694 1333 0 0 9 14 -16028 4530
17:54:26.892 P 6834 5737 1302 0 0 9 13 -17150 5382
17:54:26.892 P 6835 5779 1286 0 0 10 12 -19354 6538
17:54:26.892 P 6836 5820 1220 0 0 8 13 -18146 5196
17:54:26.892 P 6837 5857 1104 0 0 8 13 -16170 4732
17:54:26.892 P 6838 5893 1054 0 0 8 13 -17484 4868
17:54:26.892 P 6839 5928 1019 0 0 8 12 -17572 4432
17:54:26.892 P 6840 5961 933 0 0 8 13 -16210 3740
17:54:26.892 P 6841 5990 870 0 0 7 12 -16014 4774
17:54:26.892 P 6842 6019 896 0 0 7 12 -15210 5860
17:54:26.892 P 6843 6050 981 0 0 7 12 -15178 5918
17:54:26.892 P 6844 6083 1009 0 0 7 12 -15112 5030
17:54:26.892 P 6845 6115 965 0 0 6 12 -15346 4742
17:54:26.892 P 6846 6144 953 0 0 6 11 -14032 5824
17:54:26.892 P 6847 6176 1034 0 0 6 12 -13586 6122
17:54:26.892 P 6848 6209 1137 0 0 6 10 -13246 7144
17:54:26.892 P 6849 6244 1197 0 0 6 11 -13724 6754
17:54:26.892 P 6850 6280 1201 0 0 5 11 -12558 5834
17:54:26.892 P 6851 6319 1281 0 0 5 10 -12286 5562
17:54:26.892 P 6852 6363 1408 0 0 5 10 -14438 4750
17:54:26.892 P 6853 6410 1451 0 0 5 10 -16682 3978
17:54:26.892 P 6854 6454 1398 0 0 5 10 -16560 4822
17:54:26.892 P 6855 6498 1385 0 0 5 9 -18016 4652
17:54:26.892 P 6856 6544 1382 0 0 4 10 -20892 3838
17:54:26.892 P 6857 6587 1261 0 0 5 10 -20232 2468
17:54:26.892 P 6858 6624 1081 0 0 4 9 -19184 1650
17:54:26.892 P 6859 6657 935 0 0 4 9 -18660 2262
17:54:26.892 P 6860 6686 872 0 0 4 9 -18296 3412
17:54:26.892 P 6861 6715 860 0 0 4 9 -17246 3672
17:54:26.892 P 6862 6743 842 0 0 3 9 -15658 3310
17:54:26.892 P 6863 6769 798 0 0 4 9 -15700 3574
17:54:26.892 P 6864 6792 748 0 0 2 9 -14976 4784
17:54:26.892 P 6865 6815 805 0 0 3 9 -13778 5564
17:54:26.892 P 6866 6843 922 0 0 3 8 -14998 4678
17:54:26.892 P 6867 6873 978 0 0 2 8 -14098 4020
17:54:26.892 P 6868 6904 1019 0 0 3 8 -12538 3598
17:54:26.892 P 6869 6939 1103 0 0 3 8 -14130 3550
17:54:26.892 P 6870 6975 1159 0 0 1 8 -15224 3674
17:54:26.892 P 6871 7012 1205 0 0 3 7 -14098 3792
17:54:26.892 P 6872 7052 1296 0 0 1 6 -16358 3864
17:54:26.892 P 6873 7093 1314 0 0 1 7 -17408 3690
17:54:26.892 P 6874 7133 1255 0 0 2 7 -16476 3026
17:54:26.892 P 6875 7172 1210 0 0 2 6 -16090 2486
17:54:26.892 P 6876 7210 1203 0 0 1 7 -16438 2202
17:54:26.892 P 6877 7249 1193 0 0 2 6 -18496 1924
17:54:26.892 P 6878 7286 1127 0 0 0 6 -19328 2120
17:54:26.892 P 6879 7320 1046 0 0 1 5 -19728 1862
17:54:26.892 P 6880 7352 954 0 0 2 6 -19714 1294
17:54:26.892 P 6881 7381 845 0 0 1 6 -18828 1004
17:54:26.892 P 6882 7407 747 0 0 1 5 -18472 990
17:54:26.892 P 6883 7430 675 0 0 0 6 -19328 1176
17:54:26.892 P 6884 7451 594 0 0 2 4 -19882 1406
17:54:26.892 P 6885 7468 486 0 0 0 5 -18402 1592
17:54:26.892 P 6886 7483 413 0 0 1 6 -18144 1494
17:54:26.892 P 6887 7495 364 0 0 0 4 -18644 2042
17:54:26.892 P 6888 7506 286 0 0 0 5 -18798 1818
17:54:26.892 P 6889 7514 195 0 0 0 4 -18572 1750
17:54:26.892 P 6890 7520 120 0 0 0 4 -18046 1378
17:54:26.892 P 6891 7524 72 0 0 0 4 -17836 1304
17:54:26.892 P 6892 7527 28 0 0 0 4 -18002 1172
17:54:26.892 P 6893 7528 -34 0 0 0 4 -17930 1550
17:54:26.892 P 6894 7527 -102 0 0 0 4 -17916 2100
17:54:26.892 P 6895 7523 -154 0 0 0 4 -17934 2606
17:54:26.892 P 6896 7517 -202 0 0 -1 3 -17690 2922
17:54:26.892 P 6897 7510 -253 0 0 0 3 -17778 2904
17:54:26.892 P 6898 7501 -310 0 0 0 3 -17252 3264
17:54:26.892 P 6899 7491 -348 0 0 0 3 -17012 3166
17:54:26.892 P 6900 7479 -379 0 0 0 3 -17014 3150
17:54:26.892 P 6901 7467 -410 0 0 0 2 -16890 2986
17:54:26.892 P 6902 7455 -431 0 0 -1 3 -17078 3336
17:54:26.892 P 6903 7441 -462 0 0 0 2 -16984 3178
17:54:26.892 P 6904 7426 -501 0 0 0 2 -16586 3304
17:54:26.892 P 6905 7410 -528 0 0 0 2 -16366 3568
17:54:26.892 P 6906 7393 -544 0 0 0 2 -16148 3812
17:54:26.892 P 6907 7376 -551 0 0 0 1 -15728 3912
17:54:26.892 P 6908 7359 -537 0 0 0 2 -15896 3840
17:54:26.892 P 6909 7343 -527 0 0 0 1 -15820 3880
17:54:26.892 P 6910 7326 -525 0 0 0 1 -15536 3972
17:54:26.892 P 6911 7310 -516 0 0 0 1 -15888 4014
17:54:26.892 P 6912 7294 -516 0 0 0 1 -16124 4206
17:54:26.892 P 6913 7278 -520 0 0 0 0 -16090 4306
17:54:26.892 P 6914 7262 -514 0 0 0 1 -16082 4376
17:54:26.892 P 6915 7246 -517 0 0 0 0 -16132 4130
17:54:26.892 P 6916 7230 -531 0 0 0 0 -15724 3940
17:54:26.892 P 6917 7214 -530 0 0 0 0 -15370 3794
17:54:26.892 P 6918 7198 -514 0 0 0 0 -15724 3768
17:54:26.892 P 6919 7183 -504 0 0 0 0 -16050 3964
17:54:26.892 P 6920 7168 -506 0 0 0 0 -16150 4012
17:54:26.892 P 6921 7153 -508 0 0 0 0 -16080 4122
17:54:26.892 P 6922 7137 -513 0 0 0 0 -16348 4268
17:54:26.892 P 6923 7120 -534 0 0 0 0 -16620 5108
17:54:26.892 P 6924 7101 -588 0 0 0 0 -16672 5534
17:54:26.892 P 6925 7081 -633 0 0 0 0 -16412 5776
17:54:26.892 P 6926 7060 -650 0 0 0 0 -16298 5526
17:54:26.892 P 6927 7039 -661 0 0 0 0 -16186 5238
17:54:26.892 P 6928 7018 -682 0 0 0 0 -15800 5066
17:54:26.892 P 6929 6997 -696 0 0 0 0 -15592 4832
17:54:26.892 P 6930 6975 -706 0 0 0 0 -15798 4922
17:54:26.892 P 6931 6953 -719 0 0 0 0 -16062 5180
17:54:26.892 P 6932 6930 -734 0 0 0 0 -16214 5346
17:54:26.892 P 6933 6907 -752 0 0 0 0 -16360 5414
17:54:26.892 P 6934 6883 -779 0 0 0 0 -16624 5358
17:54:26.892 P 6935 6858 -820 0 0 0 0 -16842 5208
17:54:26.892 P 6936 6832 -860 0 0 0 0 -16996 5010
17:54:26.892 P 6937 6805 -906 0 0 0 0 -17146 5140
17:54:26.892 P 6938 6777 -961 0 0 0 0 -17312 5174
17:54:26.892 P 6939 6746 -1023 0 0 0 0 -17448 5228
17:54:26.892 P 6940 6714 -1085 0 0 0 0 -17412 5236
17:54:26.892 P 6941 6680 -1151 0 0 0 0 -17360 5310
17:54:26.892 P 6942 6644 -1216 0 0 0 0 -17286 5442
17:54:26.892 P 6943 6606 -1281 0 0 0 0 -17238 5588
17:54:26.892 P 6944 6565 -1349 0 0 0 0 -17072 5606
17:54:26.892 P 6945 6523 -1414 0 0 0 0 -17036 5844
17:54:26.892 P 6946 6479 -1477 0 0 0 0 -16920 5998
17:54:26.892 P 6947 6433 -1543 0 0 0 0 -17094 6102
17:54:26.892 P 6948 6384 -1613 0 0 0 0 -17204 6272
17:54:26.892 P 6949 6334 -1686 0 0 0 0 -17108 6382
17:54:26.892 P 6950 6281 -1755 0 0 0 0 -16956 6534
17:54:26.892 P 6951 6227 -1826 0 0 0 0 -16738 6598
17:54:26.892 P 6952 6170 -1900 0 0 0 0 -16530 6774
17:54:26.892 P 6953 6110 -1972 0 0 0 0 -16438 7072
17:54:26.892 P 6954 6049 -2047 0 0 0 0 -16222 7204
17:54:26.892 P 6955 5985 -2115 0 0 0 0 -16054 7338
17:54:26.892 P 6956 5919 -2178 0 0 0 -1 -15474 7200
17:54:26.892 P 6957 5853 -2219 0 0 1 0 -15538 7244
17:54:26.892 P 6958 5785 -2267 0 0 0 0 -15942 7650
17:54:26.892 P 6959 5715 -2338 0 0 0 0 -16082 7890
17:54:26.892 P 6960 5642 -2425 0 0 0 0 -16552 8446
17:54:26.892 P 6961 5566 -2517 0 0 0 0 -16740 8848
17:54:26.892 P 6962 5488 -2614 0 0 0 0 -16222 8460
17:54:26.892 P 6963 5408 -2690 0 0 0 0 -15404 7544
17:54:26.892 P 6964 5327 -2733 0 0 0 0 -14690 7198
17:54:26.892 P 6965 5247 -2743 0 0 1 0 -14238 6494
17:54:26.892 P 6966 5168 -2725 0 0 0 0 -14444 6254
17:54:26.892 P 6967 5087 -2746 0 0 0 0 -14600 7038
17:54:26.892 P 6968 5004 -2810 0 0 1 0 -14646 8400
17:54:26.892 P 6969 4917 -2889 0 0 0 0 -14052 9766
17:54:26.892 P 6970 4828 -2935 0 0 0 0 -13282 10436
17:54:26.892 P 6971 4739 -2938 0 0 2 0 -13180 10166
17:54:26.892 P 6972 4650 -2950 0 0 0 0 -12604 9512
17:54:26.892 P 6973 4560 -2971 0 0 0 0 -11748 9104
17:54:26.892 P 6974 4472 -2969 0 0 0 0 -12704 9270
17:54:26.892 P 6975 4382 -3007 0 0 1 0 -13512 10072
17:54:26.892 P 6976 4288 -3089 0 0 0 -1 -11150 11208
17:54:26.892 P 6977 4192 -3063 0 0 0 0 -9596 12376
17:54:26.892 P 6978 4099 -2989 0 0 0 0 -10252 12274
17:54:26.892 P 6979 4007 -2983 0 0 0 -1 -9414 11446
17:54:26.892 P 6980 3914 -2985 0 0 0 0 -7750 11258
17:54:26.892 P 6981 3822 -2911 0 0 1 -1 -7432 11574
17:54:26.892 P 6982 3734 -2815 0 0 0 0 -7524 12124
17:54:26.892 P 6983 3646 -2749 0 0 0 0 -7092 12560
17:54:26.892 P 6984 3560 -2705 0 0 0 -1 -6602 13182
17:54:26.892 P 6985 3475 -2649 0 0 0 0 -6488 13780
17:54:26.892 P 6986 3392 -2574 0 0 1 -1 -6252 14052
17:54:26.892 P 6987 3312 -2499 0 0 1 -1 -6092 13942
17:54:26.892 P 6988 3234 -2434 0 0 0 0 -6552 14024
17:54:26.892 P 6989 3158 -2391 0 0 0 -1 -6950 13982
17:54:26.892 P 6990 3084 -2361 0 0 1 0 -7412 13838
17:54:26.892 P 6991 3012 -2343 0 0 0 -1 -8096 13544
17:54:26.892 P 6992 2941 -2339 0 0 0 -1 -8270 13456
17:54:26.892 P 6993 2869 -2339 0 0 0 -1 -7792 13678
17:54:26.892 P 6994 2796 -2323 0 0 1 0 -7186 14070
17:54:26.892 P 6995 2724 -2301 0 0 0 -1 -6492 14448
17:54:26.892 P 6996 2652 -2274 0 0 0 -1 -5688 14554
17:54:26.892 P 6997 2581 -2227 0 0 1 -1 -5504 14500
17:54:26.892 P 6998 2512 -2187 0 0 1 -1 -5646 14464
17:54:26.892 P 6999 2443 -2163 0 0 0 -1 -4788 14656
17:54:26.892 P 7000 2375 -2110 0 0 0 -1 -4362 14964
17:54:26.892 P 7001 2309 -2043 0 0 0 -1 -4062 15126
17:54:26.892 P 7002 2245 -1976 0 0 1 -1 -3806 15160
17:54:26.892 P 7003 2183 -1924 0 0 0 -1 -3562 15036
17:54:27.666 P 7004 2122 -1875 0 0 0 -1 -3464 15244
17:54:27.666 P 7005 2063 -1822 0 0 1 -2 -3950 15464
17:54:27.666 P 7006 2006 -1781 0 0 0 -1 -4444 15342
17:54:27.666 P 7007 1950 -1760 0 0 1 -1 -4292 15650
17:54:27.666 P 7008 1895 -1737 0 0 1 -1 -4362 15914
17:54:27.666 P 7009 1841 -1714 0 0 0 -1 -4684 16010
17:54:27.666 P 7010 1788 -1702 0 0 0 -1 -4922 15936
17:54:27.666 P 7011 1735 -1700 0 0 1 -1 -5038 15954
17:54:27.666 P 7012 1682 -1708 0 0 0 -2 -5230 15916
17:54:27.666 P 7013 1628 -1730 0 0 1 -1 -4522 15868
17:54:27.666 P 7014 1573 -1729 0 0 0 -1 -3632 15628
17:54:27.666 P 7015 1519 -1702 0 0 1 -2 -3114 15458
17:54:27.666 P 7016 1465 -1675 0 0 1 -1 -2494 15548
17:54:27.666 P 7017 1412 -1634 0 0 1 -1 -2054 15710
17:54:27.666 P 7018 1360 -1592 0 0 0 -1 -1778 15746
17:54:27.666 P 7019 1309 -1547 0 0 1 -2 -1408 16032
17:54:27.666 P 7020 1260 -1491 0 0 1 -1 -1334 15988
17:54:27.666 P 7021 1212 -1445 0 0 1 -2 -1250 16198
17:54:27.666 P 7022 1166 -1408 0 0 1 -1 -1396 16594
17:54:27.666 P 7023 1122 -1373 0 0 1 -2 -2218 16602
17:54:27.666 P 7024 1079 -1347 0 0 0 -2 -2862 16464
17:54:27.666 P 7025 1037 -1340 0 0 2 -1 -3350 16446
17:54:27.666 P 7026 996 -1354 0 0 1 -2 -3690 16618
17:54:27.666 P 7027 954 -1383 0 0 1 -1 -3740 16598
17:54:27.666 P 7028 910 -1414 0 0 1 -2 -3380 16518
17:54:27.666 P 7029 866 -1436 0 0 1 -1 -2666 16310
17:54:27.666 P 7030 820 -1435 0 0 1 -1 -1806 15964
17:54:27.666 P 7031 775 -1412 0 0 1 -3 -1314 15906
17:54:27.666 P 7032 731 -1379 0 0 2 -1 -1106 15932
17:54:27.666 P 7033 688 -1359 0 0 1 -1 -1746 15798
17:54:27.666 P 7034 645 -1378 0 0 1 -2 -2306 15974
17:54:27.666 P 7035 601 -1430 0 0 1 -1 -2310 16322
17:54:27.666 P 7036 555 -1482 0 0 1 -2 -1876 16598
17:54:27.666 P 7037 509 -1505 0 0 1 -2 -1792 16588
17:54:27.666 P 7038 461 -1529 0 0 1 -1 -1492 16168
17:54:27.666 P 7039 412 -1561 0 0 2 -2 -934 16054
17:54:27.666 P 7040 362 -1590 0 0 1 -1 -842 15746
17:54:27.666 P 7041 311 -1630 0 0 1 -1 -452 15606
17:54:27.666 P 7042 259 -1666 0 0 2 -2 -564 16118
17:54:27.666 P 7043 206 -1703 0 0 1 -1 -652 16880
17:54:27.666 P 7044 152 -1727 0 0 0 -3 -410 17406
17:54:27.666 P 7045 98 -1733 0 0 1 -1 -76 17130
17:54:27.666 P 7046 43 -1746 0 0 2 -1 358 17028
17:54:27.666 P 7047 -12 -1760 0 0 1 -2 1144 16672
17:54:27.666 P 7048 -68 -1762 0 0 1 -2 976 16618
17:54:27.666 P 7049 -124 -1777 0 0 1 -2 1648 16782
17:54:27.666 P 7050 -181 -1776 0 0 1 -1 2046 16892
17:54:27.666 P 7051 -238 -1764 0 0 1 -2 2218 16884
17:54:27.666 P 7052 -294 -1737 0 0 0 -2 2458 17064
17:54:27.666 P 7053 -349 -1695 0 0 1 -1 3166 17048
17:54:27.666 P 7054 -402 -1626 0 0 1 -2 3366 17256
17:54:27.666 P 7055 -452 -1538 0 0 1 -1 2970 17188
17:54:27.666 P 7056 -498 -1466 0 0 1 -2 2186 17056
17:54:27.666 P 7057 -545 -1435 0 0 0 -2 2744 17288
17:54:27.666 P 7058 -590 -1389 0 0 0 -1 3710 17176
17:54:27.666 P 7059 -633 -1315 0 0 1 -2 3564 17254
17:54:27.666 P 7060 -673 -1236 0 0 0 -2 3112 17114
17:54:27.666 P 7061 -712 -1193 0 0 0 -2 3264 17252
17:54:27.666 P 7062 -750 -1148 0 0 1 -1 4422 17372
17:54:27.666 P 7063 -786 -1056 0 0 0 -3 4968 17454
17:54:27.666 P 7064 -818 -933 0 0 1 -1 4618 17448
17:54:27.666 P 7065 -846 -819 0 0 0 -3 3836 17342
17:54:27.666 P 7066 -870 -732 0 0 0 -1 3634 17422
17:54:27.666 P 7067 -892 -652 0 0 0 -3 3656 17486
17:54:27.666 P 7068 -912 -560 0 0 0 -1 3892 17490
17:54:27.666 P 7069 -928 -455 0 0 0 -3 3866 17460
17:54:27.666 P 7070 -940 -347 0 0 0 -1 3460 17394
17:54:27.666 P 7071 -949 -260 0 0 0 -3 2964 17262
17:54:27.666 P 7072 -956 -197 0 0 0 -1 2550 17306
17:54:27.666 P 7073 -962 -154 0 0 0 -3 2750 17068
17:54:27.666 P 7074 -966 -98 0 0 0 -1 2798 16868
17:54:27.666 P 7075 -968 -35 0 0 0 -3 2306 16770
17:54:27.666 P 7076 -967 18 0 0 0 -2 1688 16652
17:54:27.666 P 7077 -965 49 0 0 0 -2 1432 16490
17:54:27.666 P 7078 -963 68 0 0 0 -1 1582 16462
17:54:27.666 P 7079 -960 93 0 0 0 -3 1822 16384
17:54:27.666 P 7080 -957 120 0 0 0 -1 2132 16370
17:54:27.666 P 7081 -953 154 0 0 0 -3 2122 16530
17:54:27.666 P 7082 -948 182 0 0 0 -1 2356 16624
17:54:27.666 P 7083 -942 211 0 0 0 -2 2410 16760
17:54:27.666 P 7084 -935 244 0 0 0 -2 2460 16934
17:54:27.666 P 7085 -928 279 0 0 0 -2 2544 17232
17:54:27.666 P 7086 -920 308 0 0 0 -2 2750 17382
17:54:27.666 P 7087 -910 341 0 0 0 -1 2686 17508
17:54:27.666 P 7088 -899 374 0 0 0 -2 2166 17626
17:54:27.666 P 7089 -888 389 0 0 0 -1 1798 17484
17:54:27.666 P 7090 -876 392 0 0 0 -2 1738 17408
17:54:27.666 P 7091 -864 394 0 0 0 -1 1812 17282
17:54:27.666 P 7092 -852 397 0 0 0 -1 1764 16934
17:54:27.666 P 7093 -840 402 0 0 0 -2 1624 16670
17:54:27.666 P 7094 -828 406 0 0 0 -1 1358 16432
17:54:27.666 P 7095 -815 404 0 0 0 -1 1264 16108
17:54:27.666 P 7096 -803 399 0 0 0 -1 1140 15890
17:54:27.666 P 7097 -791 393 0 0 0 -2 1042 15740
17:54:27.666 P 7098 -779 384 0 0 0 -1 1006 15840
17:54:27.666 P 7099 -767 369 0 0 0 0 748 15898
17:54:27.666 P 7100 -756 342 0 0 0 -2 716 15908
17:54:27.666 P 7101 -747 307 0 0 0 -1 802 16082
17:54:27.666 P 7102 -738 271 0 0 0 -1 1034 16316
17:54:27.666 P 7103 -731 245 0 0 0 0 1412 16574
17:54:27.666 P 7104 -725 229 0 0 0 -1 1792 16802
17:54:27.666 P 7105 -719 226 0 0 0 -1 2250 16836
17:54:27.666 P 7106 -714 235 0 0 0 -1 2532 16722
17:54:27.666 P 7107 -708 258 0 0 0 0 2880 16604
17:54:27.666 P 7108 -701 293 0 0 0 -1 2942 16436
17:54:27.666 P 7109 -693 333 0 0 0 0 2620 16160
17:54:27.666 P 7110 -683 366 0 0 0 -1 1988 15910
17:54:27.666 P 7111 -672 378 0 0 0 0 1608 15656
17:54:27.666 P 7112 -662 382 0 0 0 0 1656 15546
17:54:27.666 P 7113 -651 386 0 0 0 -1 1742 15368
17:54:27.666 P 7114 -640 392 0 0 0 0 1654 15218
17:54:27.666 P 7115 -630 396 0 0 0 0 1982 15134
17:54:27.666 P 7116 -619 411 0 0 0 0 2382 15170
17:54:27.666 P 7117 -608 445 0 0 0 0 2536 15114
17:54:27.666 P 7118 -595 480 0 0 0 0 2106 15106
17:54:27.666 P 7119 -581 494 0 0 0 0 1742 15038
17:54:27.666 P 7120 -568 492 0 0 0 0 1492 14800
17:54:27.666 P 7121 -555 474 0 0 0 0 1578 14950
17:54:27.666 P 7122 -542 464 0 0 0 0 1694 14952
17:54:27.666 P 7123 -530 455 0 0 0 0 1788 14916
17:54:27.666 P 7124 -518 451 0 0 0 1 1778 14900
17:54:27.666 P 7125 -506 448 0 0 0 0 1704 14998
17:54:27.666 P 7126 -494 444 0 0 0 0 1590 14938
17:54:27.666 P 7127 -482 438 0 0 0 0 1434 14864
17:54:27.666 P 7128 -470 433 0 0 0 0 1410 14840
17:54:27.666 P 7129 -458 427 0 0 0 0 1322 14840
17:54:27.666 P 7130 -446 426 0 0 0 0 1238 14840
17:54:27.666 P 7131 -435 423 0 0 0 0 1040 14876
17:54:27.666 P 7132 -423 414 0 0 0 0 746 15062
17:54:27.666 P 7133 -411 400 0 0 0 0 488 15126
17:54:27.666 P 7134 -400 381 0 0 0 0 644 15270
17:54:27.666 P 7135 -390 364 0 0 0 0 822 15412
17:54:27.666 P 7136 -380 356 0 0 0 0 1046 15422
17:54:27.666 P 7137 -370 361 0 0 0 0 1088 15394
17:54:27.666 P 7138 -360 363 0 0 0 0 940 15360
17:54:27.666 P 7139 -350 360 0 0 0 0 380 15250
17:54:27.666 P 7140 -339 338 0 0 0 0 -74 15298
17:54:27.666 P 7141 -330 299 0 0 0 0 -278 15350
17:54:27.666 P 7142 -322 248 0 0 0 0 -128 15372
17:54:27.666 P 7143 -317 204 0 0 0 0 256 15580
17:54:27.666 P 7144 -312 176 0 0 0 0 634 15842
17:54:27.666 P 7145 -308 161 0 0 0 0 788 16152
17:54:27.666 P 7146 -304 156 0 0 0 0 634 16452
17:54:27.666 P 7147 -300 153 0 0 0 0 282 16744
17:54:27.666 P 7148 -296 138 0 0 0 0 26 16900
17:54:27.666 P 7149 -293 113 0 0 0 0 134 17148
17:54:27.666 P 7150 -291 95 0 0 0 0 570 17314
17:54:27.666 P 7151 -289 97 0 0 0 0 1104 17340
17:54:27.666 P 7152 -287 123 0 0 0 0 1468 17500
17:54:27.666 P 7153 -284 166 0 0 0 0 1576 17428
17:54:27.666 P 7154 -280 219 0 0 0 0 1664 17416
17:54:27.666 P 7155 -272 272 0 0 0 0 536 17670
17:54:27.666 P 7156 -264 270 0 0 0 0 -2 17960
17:54:27.666 P 7157 -259 225 0 0 0 0 1142 18092
17:54:27.666 P 7158 -255 217 0 0 0 0 2226 18036
17:54:27.666 P 7159 -250 251 0 0 0 0 2512 17982
17:54:27.666 P 7160 -244 311 0 0 0 0 2746 17538
17:54:27.666 P 7161 -234 388 0 0 0 0 1414 17232
17:54:27.666 P 7162 -222 419 0 0 0 0 746 17002
17:54:27.666 P 7163 -211 401 0 0 0 0 -62 17098
17:54:27.666 P 7164 -201 342 0 0 0 0 -112 17312
17:54:27.666 P 7165 -194 277 0 0 0 0 852 17548
17:54:27.666 P 7166 -188 247 0 0 0 0 1862 17798
17:54:27.666 P 7167 -184 263 0 0 0 0 2370 17834
17:54:27.666 P 7168 -177 303 0 0 0 0 2512 18102
17:54:27.666 P 7169 -170 349 0 0 0 0 2386 18320
17:54:27.666 P 7170 -161 394 0 0 0 0 2322 18472
17:54:27.666 P 7171 -151 435 0 0 0 0 2150 18346
17:54:27.666 P 7172 -139 470 0 0 0 0 1918 18306
17:54:27.666 P 7173 -127 491 0 0 0 0 1816 18118
17:54:27.666 P 7174 -114 505 0 0 0 0 1928 17624
17:54:27.666 P 7175 -101 520 0 0 0 0 1998 17158
17:54:27.666 P 7176 -88 535 0 0 0 0 1904 16646
17:54:27.666 P 7177 -74 543 0 0 0 0 1772 16142
17:54:27.666 P 7178 -61 544 0 0 0 0 1696 15720
17:54:27.666 P 7179 -47 541 0 0 0 0 1496 15266
17:54:27.666 P 7180 -34 534 0 0 0 0 1292 15078
17:54:27.666 P 7181 -20 527 0 0 0 0 1114 14828
17:54:27.666 P 7182 -7 512 0 0 0 0 668 14632
17:54:27.666 P 7183 6 488 0 0 0 0 28 14614
17:54:27.666 P 7184 19 445 0 0 0 0 -402 14550
17:54:27.666 P 7185 30 386 0 0 0 0 -606 14776
17:54:27.666 P 7186 39 321 0 0 0 0 -530 24104
17:54:27.666 P 7187 46 277 0 0 0 0 174 26834
17:54:27.666 P 7188 53 281 0 0 0 0 264 23652
17:54:27.666 P 7189 60 304 0 0 0 0 498 18778
17:54:27.666 P 7190 68 324 0 0 0 0 306 17562
17:54:27.666 P 7191 76 345 0 0 0 0 1142 15408
17:54:27.666 P 7192 86 401 0 0 0 0 438 12696
17:54:27.666 P 7193 99 440 0 0 0 0 -792 12164
17:54:27.666 P 7194 112 431 0 0 0 0 -1206 14204
17:54:27.666 P 7195 124 410 0 0 0 1 -922 18020
17:54:27.666 P 7196 136 415 0 0 0 0 -772 20020
17:54:27.666 P 7197 149 453 0 0 0 0 -1042 19510
17:54:27.666 P 7198 163 493 0 0 0 0 -994 18124
17:54:27.666 P 7199 179 533 0 0 0 0 -860 16624
17:54:27.666 P 7200 195 566 0 0 0 0 -862 15260
17:54:27.666 P 7201 212 575 0 0 0 0 -1042 14604
17:54:27.666 P 7202 229 567 0 0 0 0 -1244 15422
17:54:27.666 P 7203 246 560 0 0 0 1 -1350 16814
17:54:27.666 P 7204 262 559 0 0 0 0 -1550 17944
17:54:27.666 P 7205 279 560 0 0 0 0 -1594 18016
17:54:27.666 P 7206 296 560 0 0 0 0 -1694 17434
17:54:27.666 P 7207 312 556 0 0 0 0 -1476 16506
17:54:27.666 P 7208 329 553 0 0 0 0 -1580 15898
17:54:27.666 P 7209 345 548 0 0 0 0 -1670 15992
17:54:27.666 P 7210 361 539 0 0 0 0 -1744 16410
17:54:27.666 P 7211 377 534 0 0 0 0 -1766 16882
17:54:27.666 P 7212 393 536 0 0 0 0 -2040 17314
17:54:27.666 P 7213 409 532 0 0 0 0 -2160 16942
17:54:27.666 P 7214 425 524 0 0 0 0 -2396 16598
17:54:27.666 P 7215 441 509 0 0 0 0 -2556 16250
17:54:27.666 P 7216 456 487 0 0 0 0 -2578 16158
17:54:27.666 P 7217 471 469 0 0 0 0 -2656 16374
17:54:27.666 P 7218 485 456 0 0 0 0 -2460 16324
17:54:27.666 P 7219 499 455 0 0 0 0 -2574 16690
17:54:27.666 P 7220 513 455 0 0 0 0 -2890 17036
17:54:27.666 P 7221 526 438 0 0 0 0 -2352 16744
17:54:27.666 P 7222 539 413 0 0 0 0 -2648 16872
17:54:27.666 P 7223 550 380 0 0 0 0 -2730 16708
17:54:27.666 P 7224 561 348 0 0 0 0 -2766 16448
17:54:27.666 P 7225 572 331 0 0 0 0 -2954 16246
17:54:27.666 P 7226 582 321 0 0 0 0 -3188 16444
17:54:27.728 P 7227 592 310 0 0 0 0 -3344 16674
17:54:27.728 P 7228 601 288 0 0 0 0 -3396 16660
17:54:27.728 mt off, battery 12.43 V
17:54:28.537 D 36220 0 5.56 0.000 2050 1867 1.87
17:54:28.537 R 26270 2 35.3
17:54:28.537 E 0 -421 329 -502 -2331 -2137
17:54:28.537 E 1 -423 597 -505 -2328 -2152
17:54:28.537 E 2 -423 1012 -502 -2324 -2173
17:54:28.537 E 3 -420 1298 -509 -2324 -2177
17:54:28.537 E 4 -425 1378 -508 -2312 -2191
17:54:28.537 E 5 -426 2219 -507 -2265 -2215
17:54:28.537 E 6 -419 3006 -511 -2280 -2225
17:54:28.537 E 7 -419 3231 -505 -2295 -2221
17:54:28.537 E 8 -414 4249 -508 -2224 -2170
17:54:28.537 E 9 -400 5133 -502 -2123 -2107
17:54:28.537 E 10 -392 5536 -496 -1986 -2085
17:54:28.537 E 11 -377 6432 -499 -1823 -1924
17:54:28.537 E 12 -357 7395 -493 -1634 -1755
17:54:28.537 E 13 -317 8084 -490 -1523 -1648
17:54:28.537 E 14 -274 8560 -487 -1451 -1558
17:54:28.537 E 15 -248 8840 -478 -1424 -1522
17:54:28.537 E 16 -218 9492 -470 -1371 -1454
17:54:28.537 E 17 -188 10041 -467 -1318 -1389
17:54:28.537 E 18 -157 10736 -459 1309 -1319
17:54:28.537 E 19 -125 11431 -451 1416 1374
17:54:28.537 E 20 -63 12346 -438 1513 1478
17:54:28.537 E 21 -20 13419 -423 1587 1579
17:54:28.537 E 22 27 14382 -406 1619 1710
17:54:28.537 E 23 99 15174 -377 1672 1811
17:54:28.537 E 24 169 14034 -356 1505 1781
17:54:28.537 E 25 229 11791 -333 1549 1488
17:54:28.537 E 26 293 12236 -294 1605 1430
17:54:28.537 E 27 356 12010 -264 1581 -1423
17:54:28.537 E 28 407 9511 -242 1576 -1508
17:54:28.537 E 29 448 7541 -226 1592 -1513
17:54:28.537 E 30 487 7163 -200 1747 -1389
17:54:28.537 E 31 526 7541 -178 1968 1550
17:54:28.537 E 32 540 8803 -155 2128 1840
17:54:28.537 E 33 559 10389 -126 2225 1977
17:54:28.537 E 34 620 11913 -93 2262 2073
17:54:28.537 E 35 654 13327 -45 2229 2104
17:54:28.537 E 36 723 13839 1 2186 2017
17:54:28.537 E 37 782 11772 32 2160 1961
17:54:28.537 E 38 822 8139 54 2144 1976
17:54:28.537 E 39 815 5719 80 2196 1991
17:54:28.537 E 40 845 6170 110 2261 2004
17:54:28.537 E 41 883 7724 150 2299 2019
17:54:28.537 E 42 911 8133 180 2212 2055
17:54:28.537 E 43 945 7133 190 2220 2065
17:54:28.537 E 44 970 5042 198 2317 2131
17:54:28.537 E 45 991 4249 212 2367 2185
17:54:28.537 E 46 993 5725 233 2420 2176
17:54:28.537 E 47 1016 6285 263 2424 2208
17:54:28.537 E 48 1028 5255 277 2360 2212
17:54:28.537 E 49 1034 4566 289 2209 2261
17:54:28.537 E 50 1044 4481 315 2158 2283
17:54:28.537 E 51 1064 4200 325 2172 2267
17:54:28.537 E 52 1081 3463 344 2180 2282
17:54:28.537 E 53 1091 2871 360 2259 2287
17:54:28.537 E 54 1101 2402 365 2275 2312
17:54:28.537 E 55 1111 2231 376 2284 2352
17:54:28.537 E 56 1125 2048 391 2362 2391
17:54:28.537 E 57 1132 1408 398 2429 2430
17:54:28.537 E 58 1137 725 418 2473 2454
17:54:28.537 E 59 1138 177 430 2487 2477
17:54:28.537 E 60 1137 -328 439 2490 2470
17:54:28.537 E 61 1133 -1182 454 2477 2452
17:54:28.537 E 62 1117 -2169 464 2477 2423
17:54:28.537 E 63 1099 -2456 478 2505 2401
17:54:28.537 E 64 1085 -2669 497 2538 2381
17:54:28.537 E 65 1057 -3590 508 2530 2321
17:54:28.537 E 66 1020 -3627 516 2530 2287
17:54:28.537 E 67 994 -3041 540 2559 2266
17:54:28.537 E 68 960 -3358 542 2571 2252
17:54:28.537 E 69 925 -3090 552 2560 2267
17:54:28.537 E 70 898 -2279 569 2574 2265
17:54:28.537 E 71 874 -1944 575 2594 2338
17:54:28.537 E 72 850 -1846 588 2546 2421
17:54:28.537 E 73 825 -1493 594 2471 2421
17:54:28.537 E 74 814 -737 607 2418 2419
17:54:28.537 E 75 798 -718 619 2367 2431
17:54:28.537 E 76 786 -450 629 2305 2415
17:54:28.537 E 77 779 -182 638 2285 2416
17:54:28.537 E 78 762 -371 641 2288 2413
17:54:28.537 E 79 748 286 645 2277 2389
17:54:28.537 E 80 735 1219 651 2285 2370
17:54:28.537 E 81 732 2365 666 2269 2330
17:54:28.537 E 82 734 3280 671 2220 2298
17:54:28.537 E 83 733 3932 683 2178 2268
17:54:28.537 E 84 738 4749 687 2166 2224
17:54:28.537 E 85 756 5865 689 2165 2194
17:54:28.537 E 86 779 6773 694 2134 2174
17:54:28.537 E 87 805 7523 690 2102 2130
17:54:28.537 E 88 847 8383 695 2081 2093
17:54:28.537 E 89 883 8553 691 2053 2083
17:54:28.537 E 90 925 9340 695 2025 2069
17:54:28.537 E 91 970 10132 698 2016 2051
17:54:28.537 E 92 1022 11096 699 2020 2030
17:54:28.537 E 93 1086 11730 701 2010 2018
17:54:28.537 E 94 1144 11833 692 1983 1996
17:54:28.537 E 95 1208 12425 690 1977 1970
17:54:28.537 E 96 1274 13071 692 1971 1981
17:54:28.537 E 97 1342 13693 686 1959 1970
17:54:28.537 E 98 1414 14278 683 1966 1936
17:54:28.537 E 99 1484 14638 676 1964 1928
17:54:28.537 E 100 1555 15187 673 1957 1915
17:54:28.537 E 101 1630 16168 679 1964 1909
17:54:28.537 E 102 1713 17204 678 1971 1892
17:54:28.537 E 103 1806 17863 675 1955 1872
17:54:28.537 E 104 1899 17930 664 1936 1842
17:54:28.537 E 105 1989 17948 653 1918 1826
17:54:28.537 E 106 2088 18028 653 1912 1829
17:54:28.537 E 107 2189 18320 643 1918 1821
17:54:28.537 E 108 2294 18838 637 1931 1818
17:54:28.537 E 109 2400 19210 630 1932 1841
17:54:28.537 E 110 2511 19442 622 1936 1833
17:54:28.537 E 111 2619 19290 616 1946 1836
17:54:28.537 E 112 2716 19338 607 1960 1856
17:54:28.537 E 113 2816 20058 605 2021 1876
17:54:28.537 E 114 2921 20844 590 2045 1885
17:54:28.537 E 115 3038 21332 589 2043 1878
17:54:28.537 E 116 3156 21698 580 2040 1883
17:54:28.537 E 117 3279 21844 569 2014 1880
17:54:28.537 E 118 3407 21753 564 2026 1862
17:54:28.537 E 119 3529 21460 548 2050 1867
17:54:28.537 R end
17:54:28.537 T 4532 1730 2855 2604 5180 0 5254
17:54:28.537 P 7229 610 259 0 0 0 0 -3488 16414
17:54:28.537 P 7230 618 219 0 0 0 0 -3408 16586
17:54:28.537 P 7231 624 185 0 0 0 0 -3220 16548
17:54:28.537 P 7232 629 157 0 0 0 0 -3196 16452
17:54:28.537 P 7233 634 140 0 0 0 0 -3254 16512
17:54:28.537 P 7234 638 118 0 0 0 0 -3358 16522
17:54:28.537 P 7235 641 93 0 0 0 0 -3308 16564
17:54:28.537 P 7236 644 64 0 0 0 0 -3404 16590
17:54:28.537 P 7237 645 33 0 0 0 0 -3420 16474
17:54:28.537 P 7238 646 3 0 0 0 0 -3444 16484
17:54:28.537 P 7239 646 -22 0 0 0 0 -3430 16470
17:54:28.537 P 7240 645 -46 0 0 0 0 -3538 16516
17:54:28.537 P 7241 644 -77 0 0 0 0 -3586 16516
17:54:28.537 P 7242 641 -112 0 0 0 0 -3558 16450
17:54:28.537 P 7243 638 -145 0 0 0 0 -3554 16438
17:54:28.537 P 7244 633 -177 0 0 0 0 -3444 16458
17:54:28.537 P 7245 627 -207 0 0 0 0 -3310 16486
17:54:28.537 P 7246 620 -232 0 0 0 0 -3032 16526
17:54:28.537 P 7247 613 -251 0 0 0 0 -2842 16572
17:54:28.537 P 7248 604 -269 0 0 0 0 -2592 16662
17:54:28.537 P 7249 595 -283 0 0 0 0 -2274 16678
17:54:28.537 P 7250 586 -291 0 0 0 0 -1994 16642
17:54:28.537 P 7251 576 -294 0 0 0 0 -1818 16678
17:54:28.537 P 7252 566 -292 0 0 0 0 -1712 16560
17:54:28.537 P 7253 556 -285 0 0 0 0 -1622 16634
17:54:28.537 P 7254 546 -278 0 0 0 0 -1528 16626
17:54:28.537 P 7255 537 -267 0 0 0 0 -1506 16752
17:54:28.537 P 7256 528 -255 0 0 0 0 -1414 16636
17:54:28.537 P 7257 519 -242 0 0 0 0 -1176 16644
17:54:28.537 P 7258 511 -227 0 0 0 0 -1110 16626
17:54:28.537 P 7259 503 -209 0 0 0 0 -1156 16638
17:54:28.537 P 7260 496 -190 0 0 0 0 -1084 16726
17:54:28.537 P 7261 489 -176 0 0 0 0 -1154 16770
17:54:28.537 P 7262 483 -160 0 0 0 0 -1174 16866
17:54:28.537 P 7263 477 -144 0 0 0 0 -1284 16772
17:54:28.537 P 7264 472 -134 0 0 0 0 -1302 16670
17:54:28.537 P 7265 467 -128 0 0 0 0 -1340 16790
17:54:28.537 P 7266 462 -126 0 0 0 0 -1404 16680
17:54:28.537 P 7267 457 -124 0 0 0 0 -1294 16756
17:54:28.537 P 7268 452 -118 0 0 0 0 -1062 16812
17:54:28.537 P 7269 447 -101 0 0 0 0 -1044 16660
17:54:28.537 P 7270 444 -89 0 0 0 0 -1248 16652
17:54:28.537 P 7271 440 -79 0 0 0 0 -1136 16638
17:54:28.537 P 7272 437 -70 0 0 0 0 -1228 16730
17:54:28.537 P 7273 434 -59 0 0 0 0 -1336 16774
17:54:28.537 P 7274 431 -51 0 0 0 0 -1302 16694
17:54:28.537 P 7275 429 -40 0 0 0 0 -964 16628
17:54:28.537 P 7276 426 -20 0 0 0 0 -662 16684
17:54:28.537 P 7277 425 5 0 0 0 0 -694 16688
17:54:28.537 P 7278 425 22 0 0 0 0 -1910 16528
17:54:28.537 P 7279 426 -2 0 0 0 0 -3106 16712
17:54:28.537 P 7280 425 -54 0 0 0 0 -2520 17086
17:54:28.537 P 7281 421 -66 0 0 0 0 -542 17122
17:54:28.537 P 7282 417 -5 0 0 0 0 538 16816
17:54:28.537 P 7283 417 90 0 0 0 0 554 16562
17:54:28.537 P 7284 418 164 0 0 0 0 1228 16494
17:54:28.537 P 7285 425 241 0 0 0 0 -1406 16300
17:54:28.537 P 7286 430 225 0 0 0 0 -908 16784
17:54:28.537 P 7287 435 182 0 0 0 0 -1584 16874
17:54:28.537 P 7288 437 145 0 0 0 -1 -792 17036
17:54:28.537 P 7289 441 163 0 0 0 0 -932 16874
17:54:28.537 P 7290 447 199 0 0 0 0 -2046 16528
17:54:28.537 P 7291 453 190 0 0 0 0 -2878 16328
17:54:28.537 P 7292 458 147 0 0 0 0 -2708 16486
17:54:28.537 P 7293 462 114 0 0 0 0 -2898 16696
17:54:28.537 P 7294 466 88 0 0 0 0 -2982 16718
17:54:28.537 P 7295 469 63 0 0 0 0 -3146 16652
17:54:28.537 P 7296 470 32 0 0 0 0 -2996 16554
17:54:28.537 P 7297 471 -1 0 0 0 0 -2836 16490
17:54:28.537 P 7298 470 -29 0 0 0 0 -2726 16600
17:54:28.537 P 7299 469 -56 0 0 0 0 -2760 16646
17:54:28.537 P 7300 467 -88 0 0 0 0 -2760 16808
17:54:28.537 P 7301 464 -116 0 0 0 0 -2694 16678
17:54:28.537 P 7302 460 -140 0 0 0 0 -2608 16710
17:54:28.537 P 7303 455 -160 0 0 0 0 -2406 16662
17:54:28.537 P 7304 450 -180 0 0 0 0 -2282 16624
17:54:28.537 P 7305 443 -196 0 0 0 0 -2014 16762
17:54:28.537 P 7306 437 -207 0 0 0 0 -1738 16744
17:54:28.537 P 7307 429 -211 0 0 0 0 -1558 16714
17:54:28.537 P 7308 422 -214 0 0 0 0 -1394 16800
17:54:28.537 P 7309 415 -213 0 0 0 0 -1312 16750
17:54:28.537 P 7310 407 -211 0 0 0 0 -1314 16748
17:54:28.537 P 7311 400 -213 0 0 0 0 -1478 16616
17:54:28.537 P 7312 393 -219 0 0 0 0 -1546 16660
17:54:28.537 P 7313 385 -225 0 0 0 0 -1714 16758
17:54:28.537 P 7314 378 -237 0 0 0 0 -1936 16624
17:54:28.537 P 7315 370 -252 0 0 0 0 -1880 16724
17:54:28.537 P 7316 362 -261 0 0 0 0 -1980 16576
17:54:28.537 P 7317 354 -273 0 0 0 0 -2120 16566
17:54:28.537 P 7318 345 -290 0 0 0 0 -2000 16606
17:54:28.537 P 7319 336 -305 0 0 0 0 -1676 16738
17:54:28.537 P 7320 326 -313 0 0 0 0 -1424 16778
17:54:28.537 P 7321 316 -322 0 0 0 0 -1726 16578
17:54:28.537 P 7322 304 -335 0 0 0 0 -72 16982
17:54:28.537 P 7323 293 -297 0 0 0 0 -92 16884
17:54:28.537 P 7324 282 -269 0 0 0 0 238 16748
17:54:28.537 P 7325 272 -243 0 0 0 0 1076 16558
17:54:28.537 P 7326 263 -188 0 0 0 0 1098 16614
17:54:28.537 P 7327 255 -134 0 0 0 0 1100 16760
17:54:28.537 P 7328 250 -86 0 0 0 0 1004 16984
17:54:28.537 P 7329 246 -43 0 0 0 0 710 17088
17:54:28.537 P 7330 243 -8 0 0 0 0 438 16968
17:54:28.537 P 7331 242 17 0 0 0 0 102 16720
17:54:28.537 P 7332 241 32 0 0 0 0 -150 16570
17:54:28.537 P 7333 241 45 0 0 0 0 -344 16516
17:54:28.537 P 7334 241 58 0 0 0 0 -362 16834
17:54:28.537 P 7335 243 78 0 0 0 0 -900 17262
17:54:28.537 P 7336 245 83 0 0 0 0 -1172 16786
17:54:28.537 P 7337 246 82 0 0 0 0 -416 16446
17:54:28.537 P 7338 247 102 0 0 0 0 -594 16560
17:54:28.537 P 7339 250 116 0 0 0 0 -906 16592
17:54:28.537 P 7340 252 109 0 0 0 0 -566 16734
17:54:28.537 P 7341 254 115 0 0 0 0 -264 16882
17:54:28.537 P 7342 257 137 0 0 0 0 -226 16742
17:54:28.537 P 7343 260 159 0 0 0 0 -88 16608
17:54:28.537 P 7344 263 186 0 0 0 0 54 16704
17:54:28.537 P 7345 268 215 0 0 0 0 16 16850
17:54:28.537 P 7346 273 239 0 0 0 0 -276 16844
17:54:28.537 P 7347 280 249 0 0 0 0 -492 16714
17:54:28.537 P 7348 286 255 0 0 0 0 -610 16828
17:54:28.537 P 7349 293 271 0 0 0 0 -774 16562
17:54:28.537 P 7350 301 282 0 0 0 0 -932 16636
17:54:28.537 P 7351 309 294 0 0 0 0 -1010 16702
17:54:32.360 P 7352 317 301 0 0 0 0 -1150 16832
17:54:32.360 P 7353 325 302 0 0 0 0 -1202 16794
17:54:32.360 P 7354 334 298 0 0 0 0 -1240 16852
17:54:32.360 P 7355 342 300 0 0 0 0 -1638 16776
17:54:32.360 P 7356 350 291 0 0 0 0 -1286 17138
17:54:32.360 P 7357 359 297 0 0 0 0 -1500 16644
17:54:32.360 P 7358 368 289 0 0 0 0 -2288 16258
17:54:32.360 P 7359 374 250 0 0 0 0 -938 16272
17:54:32.360 P 7360 381 263 0 0 0 0 -1024 16488
17:54:32.360 P 7361 389 281 0 0 0 0 -1230 17004
17:54:32.360 P 7362 396 283 0 0 0 0 -1086 16870
17:54:32.360 P 7363 404 289 0 0 0 0 -896 16900
17:54:32.360 P 7364 412 303 0 0 0 0 -958 16652
17:54:32.360 P 7365 420 314 0 0 0 0 -1192 16544
17:54:32.360 P 7366 429 317 0 0 0 0 -1340 16590
17:54:32.360 P 7367 438 320 0 0 0 0 -1500 16762
17:54:32.360 P 7368 447 327 0 0 0 0 -1880 16792
17:54:32.360 P 7369 457 320 0 0 0 0 -2142 16692
17:54:32.360 P 7370 466 305 0 0 0 0 -2162 16552
17:54:32.360 P 7371 475 289 0 0 0 0 -2212 16562
17:54:32.360 P 7372 483 275 0 0 0 0 -2386 16608
17:54:32.360 P 7373 491 261 0 0 0 0 -2324 16714
17:54:32.360 P 7374 498 244 0 0 0 0 -2386 16684
17:54:32.360 P 7375 505 225 0 0 0 0 -2510 16656
17:54:32.360 P 7376 512 200 0 0 0 0 -2748 16486
17:54:32.360 P 7377 518 173 0 0 0 0 -2938 16458
17:54:32.360 P 7378 523 143 0 0 0 0 -3240 16550
17:54:32.360 P 7379 527 106 0 0 0 0 -3504 16542
17:54:32.360 P 7380 530 64 0 0 0 0 -3706 16720
17:54:32.360 P 7381 532 19 0 0 0 0 -3876 17048
17:54:32.360 P 7382 533 -35 0 0 0 0 -3936 16490
17:54:32.360 P 7383 531 -88 0 0 0 0 -3230 16130
17:54:32.360 P 7384 528 -118 0 0 0 0 -2636 16296
17:54:32.360 P 7385 524 -133 0 0 0 0 -2410 16520
17:54:32.360 P 7386 519 -150 0 0 0 0 -1910 16784
17:54:32.360 P 7387 512 -161 0 0 0 0 -1254 16966
17:54:32.360 P 7388 506 -150 0 0 0 0 -708 16910
17:54:32.360 P 7389 500 -129 0 0 0 0 -432 16748
17:54:32.360 P 7390 494 -104 0 0 0 0 -8 16542
17:54:32.360 P 7391 489 -71 0 0 0 0 -82 16644
17:54:32.360 P 7392 486 -36 0 0 0 0 -552 16890
17:54:32.360 P 7393 484 -16 0 0 0 0 -1076 16924
17:54:32.360 P 7394 483 -11 0 0 0 0 -1536 16842
17:54:32.360 P 7395 482 -9 0 0 0 0 -1954 16600
17:54:32.360 P 7396 482 -16 0 0 0 0 -2358 16388
17:54:32.360 P 7397 481 -29 0 0 0 0 -2656 16552
17:54:32.360 P 7398 480 -49 0 0 0 0 -2754 16762
17:54:32.360 P 7399 478 -73 0 0 0 0 -2764 16724
17:54:32.360 P 7400 476 -100 0 0 0 0 -2718 16616
17:54:32.360 P 7401 472 -133 0 0 0 0 -2532 16534
17:54:32.360 P 7402 467 -162 0 0 0 0 -2328 16524
17:54:32.360 P 7403 462 -184 0 0 0 0 -2198 16550
17:54:32.360 P 7404 455 -199 0 0 0 0 -1988 16832
17:54:32.360 P 7405 448 -208 0 0 0 0 -1622 16722
17:54:32.360 P 7406 441 -211 0 0 0 0 -1328 16718
17:54:32.360 P 7407 433 -207 0 0 0 0 -894 16664
17:54:32.360 P 7408 425 -199 0 0 0 0 -510 16768
17:54:32.360 P 7409 417 -179 0 0 0 0 -204 16748
17:54:32.360 P 7410 410 -153 0 0 0 0 -58 16832
17:54:32.360 P 7411 404 -124 0 0 0 0 -44 16848
17:54:32.360 P 7412 399 -96 0 0 0 0 -106 16912
17:54:32.360 P 7413 395 -68 0 0 0 0 -204 16806
17:54:32.360 P 7414 392 -44 0 0 0 0 -352 16762
17:54:32.360 P 7415 389 -20 0 0 0 0 -558 16664
17:54:32.360 P 7416 388 -1 1555 1527 0 0 -664 16716
17:54:32.360 P 7417 387 15 1573 1559 0 0 -888 16748
17:54:32.360 P 7418 386 22 1581 1580 0 0 -1026 16712
17:54:32.360 P 7419 386 28 1629 1636 0 1 -1232 16776
17:54:32.360 P 7420 387 27 1634 1631 0 0 -1634 16658
17:54:32.360 P 7421 386 11 1685 1604 1 0 -1302 16722
17:54:32.360 P 7422 385 6 1711 1563 0 0 -1140 16776
17:54:32.360 P 7423 385 2 1757 1544 1 1 -1368 16768
17:54:32.360 P 7424 383 -15 1823 1574 2 1 -866 16818
17:54:32.360 P 7425 381 -16 1876 1580 1 1 -774 16792
17:54:32.360 P 7426 379 -24 1877 1645 3 0 -840 16752
17:54:32.360 P 7427 376 -54 1842 1673 2 1 -1000 16920
17:54:32.360 P 7428 372 -104 1745 1645 3 0 -1524 16646
17:54:32.360 P 7429 366 -182 1702 1625 3 2 -1334 16826
17:54:32.360 P 7430 356 -289 1565 1546 4 1 -1334 17188
17:54:32.360 P 7431 342 -432 -1383 1447 3 1 -872 16866
17:54:32.360 P 7432 320 -619 -1675 1447 3 2 1108 16526
17:54:32.360 P 7433 296 -683 -1728 1455 3 1 446 16248
17:54:32.360 P 7434 275 -660 -1700 1415 4 1 -276 15968
17:54:32.360 P 7435 252 -632 -1657 1343 2 2 1236 16692
17:54:32.360 P 7436 233 -515 -1615 1377 2 1 1224 17280
17:54:32.360 P 7437 220 -376 -1524 1411 0 1 -186 17376
17:54:32.360 P 7438 210 -296 -1475 1408 1 2 -690 17086
17:54:32.360 P 7439 201 -240 -1545 1386 0 1 142 16516
17:54:32.360 P 7440 195 -143 -1535 1475 1 1 -526 16184
17:54:32.360 P 7441 194 -63 -1489 1603 0 1 -1774 16554
17:54:32.360 P 7442 192 -38 -1421 1538 0 1 -1136 16942
17:54:32.360 P 7443 192 14 1407 1548 0 1 -1036 17224
17:54:32.360 P 7444 195 80 1477 1554 0 1 -2080 16902
17:54:32.360 P 7445 199 94 1526 1518 -1 2 -2664 16514
17:54:32.360 P 7446 202 79 1507 1422 0 1 -1836 16312
17:54:32.360 P 7447 205 67 1608 1414 1 2 -2176 16450
17:54:32.360 P 7448 206 13 1650 1330 0 1 -2170 16680
17:54:32.360 P 7449 204 -45 1601 -1373 0 1 -974 16952
17:54:32.360 P 7450 202 -47 1696 -1338 1 2 -648 16916
17:54:32.360 P 7451 200 -25 1719 -1377 1 1 -670 16798
17:54:32.360 P 7452 198 -11 1743 -1383 0 1 -264 16666
17:54:32.360 P 7453 197 2 1766 -1353 1 1 -110 16656
17:54:32.360 P 7454 196 23 1747 -1346 2 1 -34 16702
17:54:32.360 P 7455 195 40 1751 1304 2 1 476 16868
17:54:32.360 P 7456 195 66 1719 1433 2 0 438 16980
17:54:32.360 P 7457 196 74 1689 1572 2 1 -436 17014
17:54:32.360 P 7458 195 28 1587 1606 3 0 -400 16990
17:54:32.360 P 7459 193 -45 1482 1626 3 0 -758 16764
17:54:32.360 P 7460 187 -168 -1371 1668 2 1 -908 16326
17:54:32.360 P 7461 176 -316 -1665 1601 2 1 -22 16124
17:54:32.360 P 7462 163 -361 -1689 1580 2 1 86 16370
17:54:32.360 P 7463 152 -338 -1649 1557 3 1 -234 16966
17:54:32.360 P 7464 141 -307 -1653 1450 1 1 -94 17294
17:54:32.360 P 7465 132 -256 -1557 1465 2 2 -444 17220
17:54:32.360 P 7466 125 -202 -1497 1382 0 1 -566 16808
17:54:32.360 P 7467 119 -159 -1441 1304 0 1 -146 16548
17:54:32.360 P 7468 115 -95 -1399 1333 0 1 -540 16364
17:54:32.360 P 7469 114 -53 -1399 1300 0 2 -1710 16472
17:54:32.360 P 7470 112 -55 -1406 -1361 0 1 -950 16696
17:54:32.360 P 7471 111 -3 1328 -1375 0 1 -426 17054
17:54:32.360 P 7472 113 69 1472 1315 0 1 -830 17054
17:54:32.360 P 7473 117 115 1499 1318 0 1 -1906 16700
17:54:32.360 P 7474 120 103 1471 -1353 0 0 -1292 16644
17:54:32.360 P 7475 122 86 1460 -1332 0 1 -824 16482
17:54:32.360 P 7476 125 76 1444 1323 1 1 -1196 16448
17:54:32.360 P 7477 126 48 1430 1309 0 1 -1446 16748
17:54:32.360 P 7478 125 21 1465 -1325 0 0 -22 17036
17:54:32.360 P 7479 126 62 1549 1339 0 1 -186 16866
17:54:32.360 P 7480 129 90 1523 1324 0 0 -1000 16744
17:54:32.360 P 7481 129 65 1453 -1338 0 0 -2 16754
17:54:32.360 P 7482 129 77 1509 1378 1 1 410 16670
17:54:32.360 P 7483 132 114 1466 1410 0 0 -564 16646
17:54:32.360 P 7484 134 115 1501 1425 0 0 -14 16932
17:54:32.360 P 7485 137 139 1568 1511 1 0 260 16936
17:54:32.360 P 7486 141 175 1547 1556 1 0 -858 16830
17:54:32.360 P 7487 146 157 1531 1547 0 0 -844 16746
17:54:32.360 P 7488 149 139 1545 1531 1 0 -326 16808
17:54:32.360 P 7489 152 135 1515 1548 0 0 -1056 16618
17:54:32.360 P 7490 154 66 1360 1546 1 0 -1080 16648
17:54:32.360 P 7491 153 1 -1374 1517 0 0 -362 16828
17:54:32.360 P 7492 152 5 -1386 1515 1 0 -644 16772
17:54:32.360 P 7493 153 19 -1317 1498 1 0 -1100 16732
17:54:32.360 P 7494 152 -1 -1356 1444 0 1 -654 16716
17:54:32.360 P 7495 151 -3 -1375 1455 0 0 -550 16694
17:54:32.360 P 7496 151 12 -1303 1499 1 1 -1264 16608
17:54:32.360 P 7497 151 5 -1306 1384 0 0 -844 16730
17:54:32.360 P 7498 150 14 1321 1336 0 0 -468 16784
17:54:32.360 P 7499 151 37 1382 1398 0 1 -1194 16674
17:54:32.360 P 7500 152 31 1322 -1334 0 0 -1214 16730
17:54:32.360 P 7501 152 25 1394 -1392 0 0 -550 16746
17:54:32.360 P 7502 152 32 1383 -1401 0 0 -938 16798
17:54:32.360 P 7503 152 10 1309 -1421 0 1 -1028 16774
17:54:32.360 P 7504 150 -20 -1354 -1460 0 0 -62 16798
17:54:32.360 P 7505 149 5 -1344 -1407 0 0 -10 16834
17:54:32.360 P 7506 149 41 1301 -1313 0 0 -544 16790
17:54:32.360 P 7507 149 51 -1303 -1305 0 0 -192 16844
17:54:32.360 P 7508 150 59 1318 1373 0 0 -600 16682
17:54:32.360 P 7509 151 52 -1300 1386 0 0 -768 16718
17:54:32.360 P 7510 151 42 -1313 1357 0 0 -334 16794
17:54:32.360 P 7511 152 53 1337 1377 0 0 -372 16736
17:54:32.360 P 7512 153 63 1343 1377 0 0 -666 16656
17:54:32.360 P 7513 154 48 1337 1377 0 0 -664 16782
17:54:32.360 P 7514 153 37 1351 1385 0 0 114 16772
17:54:32.360 P 7515 154 63 1373 1427 0 0 -520 16816
17:54:32.360 P 7516 155 67 1379 1439 0 0 -840 16748
17:54:32.360 P 7517 156 51 1376 1415 0 0 -360 16848
17:54:32.360 P 7518 156 59 1375 1422 0 0 -326 16764
17:54:32.360 P 7519 158 66 1352 1404 0 0 -732 16702
17:54:32.360 P 7520 158 56 1354 1397 0 0 -410 16892
17:54:32.360 P 7521 159 58 1380 1421 0 0 -274 16836
17:54:32.360 P 7522 160 68 1386 1428 0 0 -568 16762
17:54:32.360 P 7523 161 66 1389 1428 0 0 -550 16804
17:54:32.360 P 7524 162 62 1389 1440 0 0 -318 16720
17:54:32.360 P 7525 163 70 1404 1457 0 0 -526 16756
17:54:32.360 P 7526 164 72 1406 1443 0 0 -648 16754
17:54:32.360 P 7527 165 68 1414 1460 0 0 -532 16782
17:54:32.360 P 7528 167 70 1430 1482 0 0 -504 16742
17:54:32.360 P 7529 168 72 1413 1456 0 0 -740 16622
17:54:32.360 P 7530 169 65 1412 1453 0 0 -792 16736
17:54:32.360 P 7531 170 59 1397 1451 0 0 -796 16734
17:54:32.360 P 7532 171 53 1374 1418 0 0 -862 16848
17:54:32.360 P 7533 172 47 1368 1405 0 0 -790 16742
17:54:32.360 P 7536 173 38 1364 1382 0 0 -488 16760
17:54:32.360 P 7540 174 42 1377 1410 0 0 -440 16736
17:54:32.360 P 7543 175 46 1382 1407 0 0 -308 16812
17:54:32.360 P 7546 176 62 1410 1445 0 0 -268 16776
17:54:32.360 P 7549 179 84 1463 1514 0 0 -168 16662
17:54:32.360 P 7551 182 102 1510 1552 0 0 -268 16908
17:54:32.360 P 7554 189 122 1558 1573 0 0 -276 16792
17:54:32.360 P 7557 196 114 1604 1605 0 1 -224 16704
17:54:32.360 P 7561 203 84 1606 1596 0 0 -588 16722
17:54:32.360 P 7564 204 -5 1654 1452 1 0 -568 16770
17:54:32.360 P 7569 180 -169 -1332 1437 1 2 160 16846
17:54:32.360 P 7573 164 -44 1342 1577 1 1 -110 16736
17:54:32.360 P 7578 157 6 1632 1506 2 2 -452 16776
17:54:32.360 P 7582 153 13 1617 1485 0 1 -682 16708
17:54:32.360 P 7587 138 -69 1439 1453 1 1 -44 16736
17:54:32.360 P 7592 125 8 1495 1566 1 1 -1276 16660
17:54:32.360 P 7596 120 -16 1442 1476 1 1 -980 16734
17:54:32.360 P 7601 115 21 1565 1534 1 1 -252 16860
17:54:32.360 P 7606 109 5 1511 1442 0 1 -384 16778
17:54:32.360 P 7610 103 10 1487 1461 1 1 168 16732
17:54:32.360 P 7615 104 60 1594 1539 2 1 -832 16792
17:54:32.360 P 7620 105 42 1592 1533 1 2 -54 16814
17:54:32.360 P 7625 102 -5 1522 1469 1 1 220 16784
17:54:32.360 P 7630 96 -13 1356 1526 1 1 -618 16718
17:54:32.360 P 7635 90 -15 1430 1491 1 1 158 16882
17:54:32.360 P 7640 90 35 1570 1501 1 2 -434 16872
17:54:36.728 P 7644 92 60 1536 1546 1 1 -602 16640
17:54:36.728 P 7649 90 6 1472 1504 1 1 -246 16752
17:54:36.728 P 7654 86 -7 1408 1426 1 1 -242 16780
17:54:36.728 P 7659 87 58 1491 1562 1 1 -246 16708
17:54:36.728 P 7664 86 16 1584 1382 2 2 -50 16802
17:54:36.728 P 7668 81 8 1488 1409 0 2 464 16770
17:54:36.728 P 7673 81 33 1443 1499 1 1 -680 16794
17:54:36.728 P 7678 83 49 1479 1538 2 1 -692 16652
17:54:36.728 P 7683 81 30 1566 1439 1 2 -136 16852
17:54:36.728 P 7687 78 0 1446 1428 1 1 552 16700
17:54:36.728 P 7692 79 32 1428 1466 1 1 -1046 16664
17:54:36.728 P 7697 76 27 1509 1399 0 1 166 16828
17:54:36.728 P 7701 74 -8 1544 1441 1 1 638 16736
17:54:36.728 P 7706 72 -6 1450 1402 2 1 200 16812
17:54:36.728 P 7711 70 39 1451 1476 1 1 -570 16804
17:54:36.728 P 7715 70 45 1559 1427 1 1 -90 16774
17:54:36.728 P 7720 70 18 1550 1418 1 1 18 16730
17:54:36.728 P 7725 68 15 1488 1456 1 1 -164 16920
17:54:36.728 P 7729 66 43 1473 1415 1 1 62 16764
17:54:36.728 P 7734 71 55 1536 1450 2 1 -434 16748
17:54:36.728 P 7738 72 51 1512 1508 2 1 -546 16746
17:54:36.728 P 7743 73 14 1525 1352 1 1 194 16882
17:54:36.728 P 7747 73 40 1560 1418 2 1 -792 16850
17:54:36.728 P 7751 70 21 1412 1501 2 2 -282 16760
17:54:36.728 P 7756 70 26 1381 1423 0 1 -246 16724
17:54:36.728 P 7760 68 35 1438 1418 1 1 -100 16800
17:54:36.728 P 7764 73 82 1468 1483 0 1 -704 16750
17:54:36.728 P 7769 75 23 1482 1331 0 0 210 16774
17:54:36.728 P 7774 77 65 1345 1325 0 0 -502 16694
17:54:36.728 P 7778 83 103 1608 1464 0 1 -162 16818
17:54:36.728 P 7782 91 65 1451 1383 0 1 -476 16720
17:54:36.728 P 7786 91 45 1368 1469 1 0 -230 16736
17:54:36.728 P 7790 95 93 1398 1487 0 0 -18 16914
17:54:36.728 P 7794 106 126 1477 1475 1 0 62 16818
17:54:36.728 P 7798 120 169 1573 1554 0 0 -230 16768
17:54:36.728 P 7802 131 87 1480 1520 1 0 -686 16740
17:54:36.728 P 7806 135 75 1474 1509 1 0 -834 16680
17:54:36.728 P 7811 136 10 1460 1380 0 0 10 16748
17:54:36.728 P 7815 131 28 1462 1452 1 0 116 16722
17:54:36.728 P 7818 133 98 1498 1561 0 0 286 16864
17:54:36.728 P 7822 147 165 1621 1592 0 0 -932 16700
17:54:36.728 P 7827 155 -24 1541 1375 1 1 -366 16760
17:54:36.728 P 7831 136 -153 -1359 1363 1 1 456 16720
17:54:36.728 P 7836 120 11 1416 1410 1 1 -594 16804
17:54:36.728 P 7840 123 56 1445 1457 1 1 -78 16850
17:54:36.728 P 7843 125 17 1439 1421 0 0 -458 16786
17:54:36.728 P 7847 122 19 1479 1380 0 0 392 16844
17:54:36.728 P 7851 128 123 1430 1493 0 0 -162 16732
17:54:36.728 P 7855 140 129 1495 1490 0 0 -590 16778
17:54:36.728 P 7858 146 109 1477 1487 0 0 -456 16732
17:54:36.728 P 7862 155 96 1486 1477 0 0 -518 16782
17:54:36.728 P 7866 161 86 1482 1455 0 0 -404 16802
17:54:36.728 P 7870 167 78 1450 1431 0 0 -452 16798
17:54:36.728 P 7873 170 73 1468 1440 0 0 -418 16794
17:54:36.728 P 7877 174 67 1473 1451 0 0 -446 16722
17:54:36.728 P 7881 177 63 1468 1456 0 0 -448 16714
17:54:36.728 P 7885 180 60 1452 1453 0 0 -402 16760
17:54:36.728 P 7889 182 55 1449 1447 0 0 -456 16824
17:54:36.728 P 7892 184 54 1454 1451 0 0 -468 16702
17:54:36.728 P 7896 185 52 1461 1452 0 0 -392 16752
17:54:36.728 P 7900 187 50 1458 1447 0 0 -440 16728
17:54:36.728 P 7903 187 48 1453 1448 0 0 -458 16956
17:54:36.728 P 7907 188 47 1457 1443 0 0 -472 16720
17:54:36.728 P 7911 189 46 1457 1439 0 0 -372 16720
17:54:36.728 P 7915 190 45 1453 1438 0 0 -418 16788
17:54:36.728 P 7918 190 44 1453 1435 0 0 -424 16810
17:54:36.728 P 7922 191 43 1450 1436 0 0 -440 16718
17:54:36.728 P 7926 191 45 1448 1444 0 0 -398 16798
17:54:36.728 P 7930 192 46 1445 1448 0 0 -436 16804
17:54:36.728 P 7934 192 45 1447 1443 0 0 -462 16682
17:54:36.728 P 7938 193 44 1449 1438 0 0 -382 16762
17:54:36.728 P 7941 193 45 1449 1441 0 0 -422 16694
17:54:36.728 P 7945 194 47 1455 1440 0 0 -370 16852
17:54:36.728 P 7949 195 47 1459 1437 0 0 -514 16772
17:54:36.728 P 7953 195 48 1456 1444 0 0 -426 16698
17:54:36.728 P 7956 196 51 1461 1449 0 0 -474 16698
17:54:36.728 P 7960 197 52 1462 1453 0 0 -460 16658
17:54:36.728 P 7964 199 52 1459 1457 0 0 -434 16808
17:54:36.728 P 7968 200 53 1460 1462 0 0 -348 16702
17:54:36.728 P 7971 201 54 1461 1465 0 0 -464 16800
17:54:36.728 P 7975 203 56 1468 1467 0 0 -420 16712
17:54:36.728 P 7979 205 59 1480 1467 0 0 -386 16758
17:54:36.728 P 7982 207 59 1476 1473 0 0 -416 16772
17:54:36.728 P 7986 209 62 1489 1473 0 0 -436 16722
17:54:36.728 P 7990 211 65 1495 1478 0 0 -392 16688
17:54:36.728 P 7994 214 67 1499 1486 0 0 -480 16792
17:54:36.728 P 7997 217 72 1512 1492 0 0 -444 16764
17:54:36.728 P 8001 221 74 1514 1504 0 0 -458 16726
17:54:36.728 P 8005 225 78 1518 1519 0 0 -452 16764
17:54:36.728 P 8008 228 80 1528 1522 0 0 -438 16780
17:54:36.728 P 8012 234 86 1575 1561 0 0 -530 16722
17:54:36.728 P 8016 236 55 1463 1585 0 0 -558 16720
17:54:36.728 P 8020 239 69 1471 1546 0 0 -462 16694
17:54:36.728 P 8023 244 104 1580 1551 0 0 -480 16714
17:54:36.728 P 8027 250 89 1553 1609 1 0 -606 16782
17:54:36.728 P 8031 253 36 1499 1596 1 0 -802 16692
17:54:36.728 P 8035 247 -44 1532 1386 1 0 -378 16828
17:54:36.728 P 8039 236 -49 1400 1365 0 0 -334 16790
17:54:36.728 P 8043 226 -1 1416 1477 0 0 -344 16658
17:54:36.728 P 8047 226 76 1551 1543 0 0 -558 16766
17:54:36.728 P 8051 232 77 1547 1510 0 0 -622 16804
17:54:36.728 P 8054 232 33 1422 1580 1 1 -562 16696
17:54:36.728 P 8058 233 59 1388 1494 0 0 -844 16790
17:54:36.728 P 8062 235 54 1582 1467 0 0 -14 16906
17:54:36.728 P 8066 237 18 1530 1565 2 1 -622 16768
17:54:36.728 P 8070 228 -158 -1503 -1398 0 0 -2666 16492
17:54:36.728 P 8074 200 -281 -1592 -1637 0 0 -1772 16826
17:54:36.728 P 8078 169 -416 -1949 -1957 -1 -1 -4094 16888
17:54:36.728 P 8083 95 -192 -2041 -1961 -5 -4 -1012 17000
17:54:36.728 P 8087 144 864 -1424 1323 -7 -6 -4550 15752
17:54:36.728 P 8092 260 360 -1825 -1857 -7 -4 -4262 15710
17:54:36.728 P 8097 276 -176 -2137 -2217 -8 -6 -4212 17106
17:54:36.728 P 8101 280 195 -2012 -1959 -9 -9 -4650 16506
17:54:36.728 P 8105 309 154 -2454 -2243 -11 -10 -3062 16986
17:54:36.728 P 8110 372 907 -1779 -2030 -14 -13 1914 17870
17:54:36.728 P 8114 524 1542 -1434 -1439 -15 -14 384 15336
17:54:36.728 P 8119 758 1669 -1310 -1310 -13 -12 -628 15116
17:54:36.728 P 8123 950 1735 1704 1601 -12 -11 66 16208
17:54:36.728 P 8128 1170 724 1528 1428 -8 -9 -3976 18632
17:54:36.728 P 8132 1132 -528 -1657 -1877 -7 -7 -766 16504
17:54:36.728 P 8137 1059 -154 -1314 1330 -6 -8 -420 16588
17:54:36.728 P 8141 1042 30 -1435 1431 -6 -8 -3712 16284
17:54:36.728 P 8146 1019 -79 1398 1361 -6 -6 -1106 16938
17:54:36.728 P 8150 1002 -28 1672 1408 -4 -5 -1284 16962
17:54:36.728 P 8155 960 -322 1389 1389 -2 -4 -1456 16978
17:54:36.728 P 8160 867 -536 -1648 -1397 -3 -3 -1064 16060
17:54:36.728 P 8164 803 -316 -1698 -1321 -3 -3 -822 16352
17:54:36.728 P 8169 764 12 -1338 1538 -3 -3 -616 16804
17:54:36.728 P 8173 776 211 1496 1486 -3 -3 -1270 17112
17:54:36.728 P 8177 793 210 1783 1532 -2 -2 -1034 16966
17:54:36.728 P 8182 756 -650 -1604 -1334 1 0 150 16850
17:54:36.728 P 8186 665 -642 -1454 -1370 1 -1 126 16558
17:54:36.728 P 8189 617 -286 1303 1369 -1 0 -1182 16708
17:54:36.728 P 8193 586 -122 1453 1485 0 0 -390 16832
17:54:36.728 P 8197 563 -90 1524 1526 0 1 -830 16694
17:54:36.728 P 8201 546 -31 1780 1536 0 1 -920 16738
17:54:36.728 P 8204 535 -59 1699 1551 2 0 -1126 16774
17:54:36.728 P 8209 506 -183 1469 1698 3 1 -422 16602
17:54:36.728 P 8213 468 -270 1390 1545 2 2 -222 16968
17:54:36.728 P 8218 427 -113 1581 1459 1 2 -774 16858
17:54:36.728 P 8222 414 38 1802 1527 2 2 22 16742
17:54:36.728 P 8227 409 -106 1497 1667 3 1 -944 16806
17:54:36.728 P 8231 376 -235 1302 1622 3 2 -1120 16696
17:54:36.728 P 8235 347 -110 1518 1572 2 3 -1024 16642
17:54:36.728 P 8240 334 -1 1732 1607 2 2 134 16800
17:54:36.728 P 8244 318 -144 1368 1609 2 2 -162 16986
17:54:36.728 P 8249 295 -65 1564 1624 2 3 -880 16540
17:54:36.728 P 8254 279 -27 1670 1567 3 3 -442 16642
17:54:36.728 P 8258 267 -80 1673 1651 4 3 -364 17228
17:54:36.728 P 8263 245 -119 1564 1624 4 4 -508 16894
17:54:36.728 P 8268 226 -75 1619 1525 3 4 -154 16662
17:54:36.728 P 8272 212 -63 1593 1508 4 3 -578 16578
17:54:36.728 P 8277 202 0 1674 1642 3 3 -554 17398
17:54:36.728 P 8282 185 -115 1508 1578 4 4 -352 16324
17:54:36.728 P 8286 168 -115 1553 1375 4 4 240 16742
17:54:36.728 P 8291 153 16 1663 1629 3 3 -196 16984
17:54:36.728 P 8295 149 -13 1595 1653 3 3 -536 16300
17:54:36.728 P 8300 135 -72 1661 1492 4 4 -224 16996
17:54:36.728 P 8305 118 -60 1520 1548 4 4 -310 17016
17:54:36.728 P 8309 109 8 1578 1644 3 4 -296 16524
17:54:36.728 P 8314 106 18 1694 1709 4 4 -694 16470
17:54:36.728 P 8319 96 -67 1684 1466 4 4 -144 16876
17:54:36.728 P 8324 75 -91 1437 1553 4 4 162 16794
17:54:36.728 P 8328 63 -69 1419 1544 3 4 -72 16864
17:54:36.728 P 8333 52 34 1677 1601 3 4 -80 17136
17:54:36.728 P 8337 51 45 1748 1616 4 3 -646 16366
17:54:36.728 P 8342 40 -55 1535 1602 4 4 -538 16330
17:54:36.728 P 8347 23 -66 1473 1450 4 3 122 16904
17:54:36.728 P 8351 16 -6 1591 1557 4 3 -446 16568
17:54:36.728 P 8356 11 0 1621 1575 4 3 120 16362
17:54:36.728 P 8361 3 -49 1471 1517 4 4 -162 17120
17:54:36.728 P 8365 -7 -67 1476 1418 4 4 -14 16944
17:54:36.728 P 8370 -14 36 1592 1571 3 3 -468 16398
17:54:36.728 P 8374 -17 -7 1601 1522 4 3 -388 17194
17:54:36.728 P 8379 -23 0 1558 1529 3 4 -326 16810
17:54:36.728 P 8384 -28 7 1521 1526 4 3 -552 16582
17:54:36.728 P 8389 -36 -37 1427 1393 3 3 96 16850
17:54:36.728 P 8393 -41 15 1614 1458 3 3 96 16892
17:54:36.728 P 8398 -43 -2 1527 1422 3 2 -22 16820
17:54:36.728 P 8403 -51 -29 1444 1435 2 3 60 16550
17:54:36.728 P 8407 -59 -22 1418 1447 3 4 58 16656
17:54:36.728 P 8412 -65 7 1471 1423 2 3 138 17128
17:54:36.728 P 8416 -65 32 1488 1426 2 2 -340 16818
17:54:36.728 P 8421 -68 -4 1447 1444 2 3 -254 16370
17:54:36.728 P 8426 -73 4 1450 1356 2 3 314 17022
17:54:36.728 P 8430 -74 23 1402 1329 2 2 198 16678
17:54:36.728 P 8434 -75 15 1379 1314 1 2 182 16510
17:54:36.728 P 8439 -75 33 1355 -1301 1 2 -716 16826
17:54:36.728 P 8443 -74 82 1454 1365 2 2 -464 16578
17:54:36.728 P 8448 -66 135 1441 1566 2 1 -348 16594
17:54:36.728 P 8452 -58 78 1327 1368 2 1 -242 16836
17:54:36.728 P 8457 -52 49 1348 -1319 1 1 -42 16786
17:54:36.728 P 8461 -47 90 1425 1305 1 1 180 16850
17:54:36.728 P 8465 -42 60 -1319 1321 0 0 184 16720
17:54:36.728 P 8469 -32 153 1450 1482 0 1 -130 16774
17:54:36.728 P 8474 -13 153 1498 1416 1 0 -182 16694
17:54:36.728 P 8478 -3 87 1425 1398 1 1 -312 16754
17:54:36.728 P 8482 0 68 1329 1350 0 0 -126 16766
17:54:36.728 P 8486 10 158 1509 1311 0 0 4 16796
17:54:36.728 P 8489 22 192 1525 1456 0 0 -80 16726
17:54:36.728 P 8493 37 138 1444 1476 0 0 -240 16766
17:54:36.728 P 8496 46 137 1509 1446 0 0 -74 16794
17:54:41.061 P 8500 58 118 1482 1437 0 0 -302 16750
17:54:41.061 P 8504 65 95 1432 1429 0 0 -284 16788
17:54:41.061 P 8508 72 91 1481 1424 0 0 -276 16738
17:54:41.061 P 8511 76 68 1434 1425 0 0 -240 16756
17:54:41.061 P 8515 79 67 1452 1410 0 0 -286 16836
17:54:41.061 P 8519 81 49 1413 1384 0 0 -278 16780
17:54:41.061 P 8523 82 44 1420 1377 0 0 -286 16750
17:54:41.061 P 8526 82 35 1410 1373 0 0 -204 16792
17:54:41.061 P 8530 80 23 1391 1352 0 0 -224 16696
17:54:41.061 P 8534 78 15 1368 1330 0 0 -154 16734
17:54:41.061 P 8538 74 7 1336 1319 0 0 -210 16848
17:54:41.061 P 8541 71 1 1330 -1307 0 0 -236 16748
17:54:41.061 P 8545 65 -13 -1317 -1331 0 0 -180 16774
17:54:41.061 P 8549 58 -19 -1331 -1353 0 0 -114 16748
17:54:41.061 P 8553 50 -32 -1442 -1472 0 0 -170 16694
17:54:41.061 P 8557 41 -43 -1498 -1565 0 0 -80 16772
17:54:41.061 P 8561 28 -43 -1552 -1628 0 -1 1630 16838
17:54:41.061 P 8565 33 131 -1425 1431 -1 0 864 16926
17:54:41.061 P 8570 56 132 1323 1413 -1 0 -946 16760
17:54:41.061 P 8574 52 -32 1348 -1384 0 0 364 16626
17:54:41.061 P 8578 39 -77 -1424 -1414 0 0 98 16802
17:54:41.061 P 8582 28 -29 -1382 -1441 0 0 -106 16816
17:54:41.061 P 8585 21 -52 -1440 -1450 0 0 64 16770
17:54:41.061 P 8589 7 -60 -1488 -1455 0 0 62 16814
17:54:41.061 P 8593 -2 -47 -1440 -1481 0 0 40 16708
17:54:41.061 P 8597 -15 -75 -1562 -1528 0 0 26 16800
17:54:41.061 P 8600 -26 -66 -1555 -1593 0 -1 110 16722
17:54:41.061 P 8604 -37 -43 -1464 -1593 0 0 114 16794
17:54:41.061 P 8608 -41 111 -1478 -1338 0 -1 -266 16682
17:54:41.061 P 8613 -36 21 -1585 1408 0 -1 226 16650
17:54:41.061 P 8617 -42 -86 -1641 -1606 0 0 422 16894
17:54:41.061 P 8622 -47 133 1331 -1607 -1 0 378 16810
17:54:41.061 P 8627 -30 153 -1369 1301 0 -1 592 16794
17:54:41.061 P 8632 -27 -65 -1755 -1474 -1 0 -780 16818
17:54:41.061 P 8636 -41 -4 -1452 -1667 -1 0 1090 16986
17:54:41.061 P 8641 -15 300 1428 1304 -1 -1 -2 16756
17:54:41.061 P 8647 6 -13 -1608 1316 0 -1 -604 16656
17:54:41.061 P 8651 -9 -116 -1643 -1553 -1 -1 -246 16810
17:54:41.061 P 8656 -22 17 -1443 -1526 -1 0 398 16824
17:54:41.061 P 8661 -25 9 -1398 -1551 -1 0 186 16726
17:54:41.061 P 8666 -31 25 -1579 -1461 -1 0 306 16738
17:54:41.061 P 8671 -30 55 -1510 -1498 -1 0 -214 16738
17:54:41.061 P 8676 -31 88 1303 -1419 0 0 526 16648
17:54:41.061 P 8681 -27 15 -1481 -1394 0 0 188 16716
17:54:41.061 P 8686 -26 46 -1545 -1465 0 -1 -64 16790
17:54:41.061 P 8691 -24 68 1338 -1578 -1 0 234 16774
17:54:41.061 P 8696 -28 2 -1613 -1331 0 0 546 16670
17:54:41.061 P 8700 -29 59 -1597 -1488 -2 0 -68 16730
17:54:41.061 P 8705 -18 129 1476 -1480 0 0 326 16748
17:54:41.061 P 8710 -12 67 -1487 1313 0 -1 102 16724
17:54:41.061 P 8715 -12 19 -1434 -1485 0 -1 348 16856
17:54:41.061 P 8719 -12 73 -1411 -1402 -1 -1 -22 16698
17:54:41.061 P 8724 -11 37 -1474 1316 0 0 238 16854
17:54:41.061 P 8728 -8 49 -1479 -1596 -1 -1 -88 16644
17:54:41.061 P 8733 -13 15 -1495 -1386 0 0 24 16672
17:54:41.061 P 8737 -18 8 -1685 -1354 0 0 -396 16722
17:54:41.061 P 8742 -17 106 1323 -1531 -1 0 390 17002
17:54:41.061 P 8747 -4 112 1326 -1449 0 -1 390 16718
17:54:41.061 P 8751 2 61 -1612 -1308 0 -1 240 16844
17:54:41.061 P 8755 6 82 -1411 -1425 -1 0 6 16672
17:54:41.061 P 8760 7 38 -1408 -1445 0 -1 646 16764
17:54:41.061 P 8764 11 65 -1543 -1453 -1 -1 122 16724
17:54:41.061 P 8768 11 55 1367 -1440 -1 0 -168 16724
17:54:41.061 P 8773 6 -33 -1510 -1611 0 0 542 16674
17:54:41.061 P 8777 -4 -2 -1599 -1414 0 0 1338 16864
17:54:41.061 P 8780 -3 67 -1446 -1327 -1 0 724 16828
17:54:41.061 P 8785 2 43 1338 -1501 0 0 -476 16670
17:54:41.061 P 8789 -2 -9 -1440 -1568 0 0 384 16814
17:54:41.061 P 8793 -9 -13 -1416 -1476 0 0 696 16750
17:54:41.061 P 8797 -15 10 -1403 -1441 0 0 160 16716
17:54:41.061 P 8800 -19 8 -1447 -1456 0 0 274 16780
17:54:41.061 P 8804 -22 22 -1429 -1431 0 0 78 16802
17:54:41.061 P 8808 -25 28 -1399 -1424 0 0 118 16708
17:54:41.061 P 8812 -27 34 -1390 -1421 0 0 270 16768
17:54:41.061 P 8816 -27 43 -1408 -1427 0 0 262 16694
17:54:41.061 P 8820 -27 51 -1365 -1377 0 0 184 16798
17:54:41.061 P 8823 -26 56 -1356 -1383 0 0 242 16774
17:54:41.061 P 8827 -28 146 1406 1321 0 0 3886 16004
17:54:41.061 P 8831 -3 376 1710 1708 1 0 1596 14368
17:54:41.061 P 8835 45 560 1902 1905 2 2 1430 18174
17:54:41.061 P 8840 58 -563 -1344 -1349 4 4 2240 17142
17:54:41.061 P 8844 -30 -676 -1359 -1402 4 3 2040 15736
17:54:41.061 P 8849 -104 160 1611 1789 3 3 7890 17382
17:54:41.061 P 8854 -41 590 1933 1885 4 4 800 16890
17:54:41.061 P 8858 -10 641 2008 1952 5 4 3526 16136
17:54:41.061 P 8862 57 795 2006 1967 7 6 2920 17692
17:54:41.061 P 8867 141 772 1974 1911 8 7 3756 16328
17:54:41.061 P 8871 227 912 2025 2014 10 8 258 15798
17:54:41.061 P 8876 339 748 2062 2060 10 9 -542 17510
17:54:41.061 P 8880 406 518 2135 2103 10 10 -732 17838
17:54:41.061 P 8884 448 271 2310 2235 13 12 -1408 16700
17:54:41.061 P 8888 450 -182 2344 2247 15 13 -2070 17442
17:54:41.061 P 8893 361 -860 2092 2295 15 15 -2188 15930
17:54:41.061 P 8897 228 -1235 1724 1735 16 16 -146 16748
17:54:41.061 P 8901 71 -1266 1571 1609 16 16 24 15474
17:54:41.061 P 8905 -71 -1099 1511 1514 16 15 -44 17072
17:54:41.061 P 8910 -234 -1016 -1339 -1310 14 16 -146 16516
17:54:41.061 P 8914 -356 -1016 -1478 -1554 13 13 -546 17950
17:54:41.061 P 8919 -474 -151 -1348 1615 10 10 2228 18974
17:54:41.061 P 8923 -413 1212 1962 1884 9 9 1250 14680
17:54:41.061 P 8927 -247 1068 1688 1764 10 9 -2570 17528
17:54:41.061 P 8932 -128 668 1841 1645 8 9 -474 17308
17:54:41.061 P 8936 -61 611 1907 1681 10 9 230 15986
17:54:41.061 P 8940 7 509 1945 1710 9 9 -318 17836
17:54:41.061 P 8944 61 435 2054 1916 11 10 -130 15854
17:54:41.061 P 8948 100 218 2110 2073 10 10 -296 16562
17:54:41.061 P 8953 102 -216 2002 2034 12 11 -1120 16824
17:54:41.061 P 8957 48 -595 1699 1882 12 12 -348 14706
17:54:41.061 P 8962 -53 -622 1602 1702 12 12 -542 15926
17:54:41.061 P 8966 -125 -502 1905 1782 12 12 -366 14412
17:54:41.061 P 8970 -190 -505 1688 1538 12 11 -212 16718
17:54:41.061 P 8975 -276 -558 1438 1442 11 11 44 17296
17:54:41.061 P 8979 -346 -569 1366 1348 11 11 -12 16638
17:54:41.061 P 8984 -439 -643 -1383 -1457 11 10 96 17846
17:54:41.061 P 8988 -496 -195 -1365 1548 9 9 548 17298
17:54:41.061 P 8993 -489 224 1606 1709 8 8 380 16040
17:54:41.061 P 8997 -456 241 1652 1575 8 9 -78 16536
17:54:41.061 P 9002 -431 105 1731 1470 8 8 -74 18830
17:54:41.061 P 9006 -423 21 1754 1356 8 8 -360 14630
17:54:41.061 P 9011 -449 -104 1456 1622 8 8 3690 19476
17:54:41.061 P 9015 -459 -697 -1709 1367 6 6 -5850 20556
17:54:41.061 P 9019 -571 -663 -1685 -1717 5 5 2844 15544
17:54:41.061 P 9023 -546 460 -1632 1577 2 1 960 18228
17:54:41.061 P 9028 -444 542 -1403 1307 0 1 -2880 16122
17:54:41.061 P 9032 -399 243 -1699 1327 1 0 -50 16158
17:54:41.061 P 9036 -356 373 -1700 1307 0 0 -1324 16728
17:54:41.061 P 9039 -315 387 -1698 -1581 -2 0 -1370 17178
17:54:41.061 P 9044 -261 337 -1757 -1577 -3 -1 -522 16830
17:54:41.061 P 9048 -209 406 -1673 -1528 -4 -2 -1528 16408
17:54:41.061 P 9052 -166 199 -1889 -1748 -4 -3 -1784 16720
17:54:41.061 P 9057 -140 225 -1977 -1857 -5 -5 212 16350
17:54:41.061 P 9061 -76 651 -1751 -1384 -5 -7 -1148 14800
17:54:41.061 P 9065 5 562 -1687 -1567 -5 -7 -1558 19186
17:54:41.061 P 9069 63 430 -1725 -1555 -7 -6 -662 13888
17:54:41.061 P 9074 109 426 -1579 -1510 -6 -7 1478 21714
17:54:41.061 P 9078 158 414 -1688 1312 -6 -6 -244 13922
17:54:41.061 P 9082 202 405 -1565 1373 -7 -6 -302 19268
17:54:41.061 P 9086 243 332 -1388 1443 -6 -5 -540 14540
17:54:41.061 P 9090 273 166 1370 -1303 -5 -4 -2520 18330
17:54:41.061 P 9095 255 -179 -1535 -1702 -5 -3 -298 16234
17:54:41.061 P 9100 218 -232 -1538 -1918 -5 -5 -500 16616
17:54:41.061 P 9104 207 223 -1461 1504 -4 -6 -1092 16966
17:54:41.061 P 9108 224 245 -1420 1479 -4 -4 -544 16730
17:54:41.061 P 9113 244 -20 -1480 1397 -4 -3 -3876 16102
17:54:41.061 P 9118 188 -378 -1661 -1780 -4 -3 -212 16972
17:54:41.061 P 9123 116 -336 -1680 -1886 -4 -5 5854 17230
17:54:41.061 P 9127 120 136 -1514 1339 -4 -5 904 17094
17:54:41.061 P 9131 138 134 -1486 -1340 -4 -4 -510 16552
17:54:41.061 P 9136 140 -32 -1593 -1397 -4 -4 -856 16570
17:54:41.061 P 9140 121 -194 -1667 -1803 -4 -4 -620 16662
17:54:41.061 P 9145 96 46 -1727 -1311 -4 -5 304 16934
17:54:41.061 P 9149 108 178 -1630 -1301 -4 -5 -116 16846
17:54:41.061 P 9154 128 99 -1532 -1373 -4 -4 -500 16984
17:54:41.061 P 9158 126 -34 -1624 -1623 -4 -4 116 16656
17:54:41.061 P 9163 120 18 -1598 -1505 -4 -4 274 17214
17:54:41.061 P 9168 115 12 -1467 -1520 -3 -4 486 16476
17:54:41.061 P 9173 108 -1 -1554 -1509 -3 -4 -212 16896
17:54:41.061 P 9178 98 22 -1596 -1512 -4 -4 -584 16764
17:54:41.061 P 9183 90 2 -1555 -1538 -4 -3 596 16542
17:54:41.061 P 9188 90 67 -1514 -1479 -3 -4 -586 16790
17:54:41.061 P 9192 87 -4 -1629 -1555 -4 -3 -272 17016
17:54:41.061 P 9197 78 48 -1550 -1607 -4 -3 -56 16860
17:54:41.061 P 9202 81 84 -1640 -1488 -4 -4 -194 16782
17:54:41.061 P 9206 85 104 -1574 -1488 -4 -4 -614 16736
17:54:41.061 P 9211 92 92 -1464 -1539 -3 -3 458 17036
17:54:41.061 P 9216 99 106 -1508 -1481 -3 -4 -642 16330
17:54:41.061 P 9221 101 75 -1492 -1542 -3 -4 202 16918
17:54:41.061 P 9225 105 92 -1510 -1440 -3 -3 -490 16490
17:54:41.061 P 9230 106 28 -1554 -1549 -3 -3 230 16808
17:54:41.061 P 9235 108 85 -1487 -1500 -3 -3 -40 16626
17:54:41.061 P 9239 111 75 -1622 -1463 -4 -2 -512 16814
17:54:41.061 P 9244 116 104 -1525 -1446 -3 -3 -74 16488
17:54:41.061 P 9248 124 122 -1436 -1482 -3 -2 -204 16834
17:54:41.061 P 9253 132 88 -1499 -1527 -3 -3 -390 16772
17:54:41.061 P 9258 134 74 -1529 -1496 -3 -3 -274 16424
17:54:41.061 P 9262 137 90 -1568 -1541 -3 -3 -20 16946
17:54:41.061 P 9267 143 101 -1493 -1478 -3 -2 -46 16830
17:54:41.061 P 9272 151 94 -1580 -1498 -3 -3 -44 16770
17:54:41.061 P 9277 159 122 -1521 -1474 -3 -3 200 16914
17:54:41.061 P 9281 169 132 -1393 -1379 -2 -2 -170 16532
17:54:41.061 P 9286 181 124 -1462 -1405 -2 -3 -490 16866
17:54:41.061 P 9290 187 102 -1479 -1477 -2 -3 -508 16788
17:54:41.061 P 9295 194 97 -1500 -1461 -2 -3 -502 16690
17:54:41.061 P 9300 200 98 -1523 -1483 -2 -3 -266 16658
17:54:41.061 P 9305 208 88 -1457 -1419 -2 -2 252 16896
17:54:41.061 P 9309 217 116 -1438 -1440 -3 -2 -420 16740
17:54:41.061 P 9314 225 97 -1486 -1432 -2 -2 16 16880
17:54:41.061 P 9318 233 90 -1506 -1375 -3 -2 -506 16516
17:54:41.061 P 9323 238 103 -1480 -1310 -1 -2 -406 16854
17:54:41.061 P 9328 246 102 -1434 -1375 -3 -2 -190 16728
17:54:41.061 P 9333 251 89 -1389 -1316 -2 -1 -156 16666
17:54:41.061 P 9337 256 95 -1334 1331 -1 -2 -588 16724
17:54:45.469 > mt off
17:54:45.469 P 9342 260 71 1357 1358 -1 -2 -560 16772
17:54:45.469 P 9346 259 15 1310 1369 -1 -1 -556 16660
17:54:45.469 P 9350 246 -108 -1479 -1333 -1 0 -1490 16696
17:54:45.469 P 9354 213 -257 -1599 -1687 -1 -1 -6 16782
17:54:45.469 P 9359 169 -91 -1561 -1769 -1 -1 4632 17096
17:54:45.469 P 9363 196 386 1417 1547 -1 -1 728 16908
17:54:45.469 P 9368 252 339 1578 1609 -1 0 -1944 16736
17:54:45.469 P 9372 255 -155 1437 -1372 0 0 240 16772
17:54:45.469 P 9376 225 -175 -1413 -1407 0 -1 538 16824
17:54:45.469 P 9380 204 -95 -1420 -1367 0 0 166 16710
17:54:45.469 P 9384 193 -17 -1452 -1324 0 0 -128 16874
17:54:45.469 P 9388 186 6 -1438 1356 0 0 -180 16684
17:54:45.469 P 9392 183 63 1359 1473 0 0 -168 16728
17:54:45.469 P 9396 190 118 1566 1538 0 1 -390 16760
17:54:45.469 P 9400 194 92 1469 1544 0 0 -544 16734
17:54:45.469 P 9404 201 126 1655 1628 0 0 -456 16836
17:54:45.469 P 9409 207 -8 1520 1569 1 1 -988 16676
17:54:45.469 P 9414 173 -225 -1494 -1363 1 1 -534 16914
17:54:45.469 P 9418 147 -55 -1462 -1325 0 0 316 16922
17:54:45.469 P 9422 158 241 1593 1575 0 0 40 16696
17:54:45.469 P 9427 190 198 1573 1502 0 0 -1038 16686
17:54:45.469 P 9431 192 -43 1459 1500 1 1 -18 16700
17:54:45.469 P 9436 180 -44 -1342 1427 0 1 -394 16784
17:54:45.469 P 9440 172 -8 1320 1437 0 1 50 16892
17:54:45.469 P 9445 180 182 1669 1611 0 1 -510 16782
17:54:45.469 P 9450 200 53 1540 1519 0 1 -814 16738
17:54:45.469 P 9455 184 -72 -1314 1394 0 1 368 16874
17:54:45.469 P 9460 175 25 1406 1485 0 1 -1040 16742
17:54:45.469 P 9465 178 62 1603 1555 1 1 432 16840
17:54:45.469 P 9470 178 -23 1406 1430 1 1 -1064 16854
17:54:45.469 P 9475 173 30 1519 1414 1 0 672 16868
17:54:45.469 P 9480 178 107 1593 1557 0 0 -1086 16678
17:54:45.469 P 9485 181 -2 1501 1547 1 1 -416 16720
17:54:45.469 P 9491 167 -26 1489 1452 1 1 -506 16766
17:54:45.469 P 9496 160 45 1481 1414 1 0 -436 16786
17:54:45.469 P 9501 162 42 1502 1536 1 1 -628 16704
17:54:45.469 P 9505 163 45 1516 1446 0 0 -462 16718
17:54:45.469 P 9510 161 -27 1358 1391 1 1 -718 16710
17:54:45.469 P 9514 153 6 1363 1386 1 0 -244 16800
17:54:45.469 P 9519 152 13 1439 1394 1 1 -380 16844
17:54:45.469 P 9524 156 114 1547 1568 0 1 -388 16782
17:54:45.469 P 9528 167 117 1529 1441 0 0 -1100 16720
17:54:45.469 P 9533 168 25 1507 1457 1 1 60 16866
17:54:45.469 P 9538 169 84 1501 1509 2 1 -644 16706
17:54:45.469 P 9542 179 132 1586 1544 1 1 -988 16744
17:54:45.469 P 9547 178 -39 1396 1375 0 0 -256 16726
17:54:45.469 P 9552 170 23 1380 1419 1 0 -432 16810
17:54:45.469 P 9556 173 64 1494 1508 0 1 -202 16794
17:54:45.469 P 9561 174 27 1445 1523 0 1 -770 16790
17:54:45.469 P 9566 177 89 1581 1476 0 1 -244 16768
17:54:45.469 P 9570 183 93 1602 1525 0 1 -1128 16772
17:54:45.469 P 9574 181 -40 1320 1388 0 1 -554 16882
17:54:45.469 P 9578 173 13 1393 1428 1 0 84 16690
17:54:45.469 P 9583 180 108 1518 1526 0 0 -1038 16776
17:54:45.469 P 9587 188 51 1518 1328 0 0 -452 16904
17:54:45.469 P 9591 187 18 1530 1435 1 0 -276 16782
17:54:45.469 P 9596 185 9 1350 1362 0 0 -970 16722
17:54:45.469 P 9600 179 24 1351 1433 0 0 -206 16802
17:54:45.469 P 9604 186 123 1520 1462 0 0 -458 16754
17:54:45.469 P 9608 194 92 1452 1494 0 0 -786 16804
17:54:45.469 P 9612 201 103 1518 1487 0 0 -798 16740
17:54:45.469 P 9616 206 80 1461 1452 0 0 -500 16684
17:54:45.469 P 9620 211 79 1494 1486 0 0 -550 16798
17:54:45.469 P 9624 216 77 1487 1490 0 0 -662 16762
17:54:45.469 P 9629 221 71 1471 1484 0 0 -552 16724
17:54:45.469 P 9633 224 70 1497 1496 0 0 -712 16730
17:54:45.469 P 9637 228 70 1506 1497 0 0 -682 16806
17:54:45.469 P 9641 231 69 1515 1506 0 0 -622 16722
17:54:45.469 P 9645 234 66 1505 1511 0 0 -702 16812
17:54:45.469 P 9649 237 65 1507 1523 0 0 -614 16730
17:54:45.469 P 9653 240 70 1510 1534 0 0 -744 16794
17:54:45.469 P 9657 243 66 1523 1525 0 0 -684 16742
17:54:45.469 P 9661 246 65 1536 1515 0 0 -568 16798
17:54:45.469 P 9665 250 74 1544 1534 0 0 -660 16794
17:54:45.469 P 9669 254 77 1593 1568 0 0 -938 16742
17:54:45.469 P 9673 254 22 1524 1545 0 0 -794 16790
17:54:45.469 P 9678 251 21 1477 1484 0 0 -804 16820
17:54:45.469 P 9682 250 55 1610 1516 0 0 -1130 16708
17:54:45.469 P 9686 247 -22 1444 1454 1 1 -700 16850
17:54:45.469 P 9691 235 -29 1473 1454 0 1 -778 16768
17:54:45.469 P 9695 228 5 1391 1397 1 0 -496 16708
17:54:45.469 P 9699 228 71 1480 1506 0 0 -632 16682
17:54:45.469 P 9704 233 79 1492 1535 0 0 -928 16566
17:54:45.469 P 9708 237 67 1502 1516 0 0 -806 16804
17:54:45.469 P 9712 239 63 1493 1489 0 0 -544 16654
17:54:45.469 P 9716 242 65 1500 1488 0 0 -674 16696
17:54:45.469 P 9720 245 66 1503 1500 0 0 -756 16718
17:54:45.469 P 9724 248 66 1521 1523 0 0 -698 16772
17:54:45.469 P 9728 251 64 1499 1515 0 0 -732 16698
17:54:45.469 P 9731 253 66 1530 1531 0 0 -754 16774
17:54:45.469 P 9735 256 70 1529 1545 0 0 -758 16730
17:54:45.469 P 9739 260 69 1512 1531 0 0 -708 16788
17:54:45.469 P 9743 263 75 1552 1558 0 0 -788 16684
17:54:45.469 P 9747 267 63 1519 1553 0 0 -838 16724
17:54:45.469 P 9751 270 71 1594 1584 0 0 -824 16774
17:54:45.469 P 9754 271 30 1527 1449 0 0 -680 16742
17:54:45.469 P 9758 270 77 1564 1601 0 0 -756 16760
17:54:45.469 P 9762 275 84 1560 1577 0 0 -1316 16744
17:54:45.469 P 9766 278 54 1597 1554 0 0 -794 16860
17:54:45.469 P 9770 276 -58 1521 1494 0 1 -342 17004
17:54:45.469 P 9775 259 -150 -1380 -1302 1 0 -1572 17088
17:54:45.469 P 9779 235 -142 -1536 -1392 0 0 -1088 15372
17:54:45.469 P 9783 221 -227 -1654 -1698 0 0 -3416 16962
17:54:45.469 P 9787 177 -602 -2031 -2074 -1 -2 -5076 17072
17:54:45.469 P 9792 113 101 -1926 -1830 -5 -5 -5888 16638
17:54:45.469 P 9796 177 212 -2018 -2204 -6 -5 -10834 16282
17:54:45.469 P 9801 161 -202 -2387 -2287 -9 -9 -2922 17012
17:54:45.469 P 9806 210 561 -2196 -2206 -13 -12 -3186 15850
17:54:45.469 P 9811 314 784 -2159 -2334 -14 -14 -1124 17046
17:54:45.469 P 9816 473 1250 -1734 -1593 -14 -15 -182 14206
17:54:45.469 P 9820 620 1181 -1638 -1602 -15 -15 -1042 16584
17:54:45.469 P 9825 800 1338 1371 1393 -14 -14 -878 14896
17:54:45.469 P 9830 987 1229 1527 1661 -12 -12 -6398 17070
17:54:45.469 P 9835 1067 52 -1427 -1921 -10 -9 -3636 16816
17:54:45.469 P 9840 974 -478 -1705 -1651 -8 -9 -142 15658
17:54:45.469 P 9845 924 49 -1751 1360 -8 -9 230 17134
17:54:45.469 P 9850 941 91 -1496 1314 -8 -8 -596 18368
17:54:45.469 P 9855 952 182 1392 1415 -8 -8 -2744 16986
17:54:45.469 P 9860 943 -57 1401 -1485 -7 -7 -1886 15604
17:54:45.469 P 9865 897 -254 -1807 -1447 -5 -7 -1482 16754
17:54:45.469 P 9870 857 -6 -1652 1401 -6 -7 -528 16868
17:54:45.469 P 9875 862 185 1343 1568 -6 -5 -2984 16020
17:54:45.469 P 9880 865 55 1620 -1494 -5 -4 -740 17664
17:54:45.469 P 9885 874 92 1650 1446 -3 -4 -2284 16774
17:54:45.469 P 9890 783 -633 -1846 -1302 -2 -4 -2468 16000
17:54:45.469 P 9895 675 -390 -1584 -1471 -4 -3 496 17292
17:54:45.469 P 9900 678 409 1488 1532 -4 -3 -372 16778
17:54:45.469 P 9905 736 432 1518 1532 -3 -2 -1622 16406
17:54:45.469 P 9909 768 286 1957 1615 -1 -1 -2380 17172
17:54:45.469 P 9914 733 -735 -1573 -1441 2 0 -634 17170
17:54:45.469 P 9919 611 -557 -1350 1352 1 0 -642 16544
17:54:45.469 P 9923 562 -210 1340 1409 1 0 -506 16604
17:54:45.469 P 9927 538 -47 1460 1549 1 0 -380 16862
17:54:45.469 P 9932 532 74 1637 1636 0 0 -632 16842
17:54:45.469 P 9936 531 24 1728 1519 0 1 -1820 16600
17:54:45.469 P 9941 514 -37 1739 1694 2 1 -1262 16730
17:54:45.469 P 9946 484 -217 1403 1583 2 2 -870 16674
17:54:45.469 P 9950 449 -189 1648 1386 2 3 136 16898
17:54:45.469 P 9955 427 -40 1658 1514 2 2 -726 16758
17:54:45.469 P 9959 410 -85 1439 1614 2 3 -270 16718
17:54:45.469 P 9964 399 -7 1665 1609 2 3 -864 16804
17:54:45.469 P 9969 394 22 1824 1665 3 3 -1164 16992
17:54:45.469 P 9974 372 -227 1355 1595 4 3 -1138 16718
17:54:45.469 P 9978 329 -285 -1361 1603 4 3 -666 16588
17:54:45.469 P 9983 301 30 1643 1641 3 3 -432 16840
17:54:45.469 P 9988 315 91 1763 1627 4 3 -1436 16758
17:54:45.469 P 9993 280 -252 -1329 1558 4 4 -434 16894
17:54:45.469 P 9998 251 -6 1592 1575 3 3 -600 16094
17:54:45.469 P 10002 251 35 1726 1697 4 4 -740 17172
17:54:45.469 P 10007 239 -85 1531 1582 4 4 -480 16652
17:54:45.469 P 10012 220 -48 1616 1547 4 4 -856 16422
17:54:45.469 P 10017 210 5 1660 1661 4 4 -772 17360
17:54:45.469 P 10021 205 8 1719 1628 4 4 -980 15946
17:54:45.469 P 10027 189 -56 1586 1702 4 4 -288 16344
17:54:45.469 P 10032 174 -85 1659 1506 4 5 -456 16714
17:54:45.469 P 10036 161 -47 1669 1519 4 4 -608 16594
17:54:45.469 P 10041 148 -52 1582 1681 4 5 -480 16816
17:54:45.469 P 10046 137 -51 1672 1519 4 5 -1016 16790
17:54:45.469 P 10051 123 -51 1710 1521 5 4 -776 17412
17:54:45.469 P 10056 100 -110 1426 1558 5 4 -630 16536
17:54:45.469 P 10061 83 -58 1492 1545 4 4 -130 16558
17:54:45.469 P 10066 74 0 1613 1621 4 4 -904 16728
17:54:45.469 P 10071 69 -17 1624 1464 4 4 8 17032
17:54:45.469 P 10075 62 -38 1623 1460 4 4 -278 16450
17:54:45.469 P 10080 49 -37 1510 1542 4 4 -542 17242
17:54:45.469 P 10085 41 -4 1540 1512 3 3 -490 16662
17:54:45.469 P 10090 38 25 1618 1492 3 4 -570 16568
17:54:45.469 P 10095 32 8 1602 1594 4 4 -518 16920
17:54:45.469 P 10100 25 -46 1527 1465 3 4 -724 17190
17:54:45.469 P 10105 17 -6 1600 1406 3 3 -220 16374
17:54:45.469 P 10109 13 -9 1534 1397 3 3 -782 16744
17:54:45.469 P 10114 5 -28 1499 1387 2 3 -264 16908
17:54:45.469 P 10119 -3 -12 1444 1393 3 3 -238 16812
17:54:45.469 P 10124 -4 35 1606 1399 2 3 -340 16698
17:54:45.469 P 10128 -5 -6 1507 1375 2 2 38 16696
17:54:45.469 P 10133 -9 -13 1316 1351 2 2 -964 16846
17:54:45.469 P 10138 -15 5 1367 1314 2 2 -644 16834
17:54:45.469 P 10142 -17 26 1469 1364 3 2 -12 16626
17:54:45.469 P 10147 -14 62 1530 1318 1 2 -744 16758
17:54:45.469 P 10151 -12 46 1508 1337 2 1 -528 16730
17:54:45.469 P 10156 -9 50 1440 1383 2 2 -618 16736
17:54:45.469 P 10161 -5 70 1428 1382 1 2 -942 16790
17:54:45.469 P 10165 0 98 1461 1413 1 1 -658 16762
17:54:45.469 P 10170 8 69 1394 1433 2 0 -162 16768
17:54:45.469 P 10174 16 106 1394 1425 0 1 -422 16912
17:54:45.469 P 10178 24 84 1533 1341 0 1 4 16770
17:54:45.469 P 10183 36 115 1475 1403 0 1 -360 16662
17:54:45.469 P 10187 42 54 1394 1401 1 0 -182 16710
17:54:45.469 P 10191 46 93 1508 1460 0 1 -58 16788
17:54:45.469 P 10195 55 116 1490 1499 2 0 -306 16768
17:54:45.469 P 10200 67 80 1431 1538 1 1 -686 16774
17:54:45.469 P 10204 71 61 1520 1303 1 0 -752 16756
17:54:45.469 P 10208 74 88 1564 1391 0 0 -104 16782
17:54:45.469 P 10212 79 48 1322 1551 0 0 -140 16802
17:54:45.469 P 10216 80 14 1454 1464 1 1 -244 16882
17:54:45.469 P 10220 78 33 1529 1327 1 1 -616 16678
17:54:45.469 P 10224 80 93 1581 -1314 0 0 -844 16706
17:54:45.469 P 10228 85 78 1451 1459 0 0 332 16842
17:54:45.469 P 10232 93 99 1525 1516 0 0 108 16692
17:54:49.842 P 10236 100 69 1551 1398 0 0 -80 16794
17:54:49.842 P 10240 100 26 1412 1450 1 0 -866 16746
17:54:49.842 P 10244 94 -8 1347 1345 0 0 -1068 16718
17:54:49.842 P 10248 90 17 1435 1322 0 0 -168 16874
17:54:49.842 P 10251 91 80 1516 1416 0 0 -78 16770
17:54:49.842 P 10255 98 86 1436 1393 0 0 -378 16702
17:54:49.842 P 10259 104 84 1504 1442 0 0 -332 16774
17:54:49.842 P 10263 110 77 1481 1404 0 0 -398 16764
17:54:49.842 P 10267 114 73 1483 1409 0 0 -432 16672
17:54:49.842 P 10270 117 70 1481 1399 0 0 -376 16790
17:54:49.842 P 10274 120 67 1492 1422 0 0 -382 16788
17:54:49.842 P 10278 123 64 1481 1422 0 0 -426 16810
17:54:49.842 P 10281 125 61 1478 1409 0 0 -394 16730
17:54:49.842 P 10285 128 60 1488 1434 0 0 -378 16766
17:54:49.842 P 10289 130 59 1491 1436 0 0 -368 16750
17:54:49.842 P 10293 132 58 1480 1427 0 0 -386 16824
17:54:49.842 P 10296 134 59 1495 1442 0 0 -360 16778
17:54:49.842 P 10300 136 59 1488 1437 0 0 -380 16828
17:54:49.842 P 10304 138 61 1500 1438 0 0 -408 16882
17:54:49.842 P 10307 140 63 1502 1448 0 0 -420 16802
17:54:49.842 P 10311 143 65 1514 1446 0 0 -364 16722
17:54:49.842 P 10315 145 66 1517 1452 0 0 -368 16810
17:54:49.842 P 10319 149 68 1517 1463 0 0 -398 16814
17:54:49.842 P 10322 151 71 1527 1466 0 0 -430 16618
17:54:49.842 P 10326 155 73 1529 1477 0 0 -372 16784
17:54:49.842 P 10330 159 74 1565 1515 0 0 -340 16850
17:54:49.842 P 10334 161 47 1428 1512 0 0 -376 16648
17:54:49.842 P 10337 161 50 1418 1514 0 0 -394 16838
17:54:49.842 P 10342 168 99 1570 1523 0 0 -530 16764
17:54:49.842 P 10346 171 43 1487 1601 1 0 -620 16828
17:54:49.842 P 10350 168 1 1431 1397 0 0 -560 16668
17:54:49.842 P 10355 164 54 1450 1458 0 0 -298 16774
17:54:49.842 P 10359 165 39 1451 1581 0 0 -416 16742
17:54:49.842 P 10364 162 -18 1483 1306 0 0 -1326 16758
17:54:49.842 P 10369 150 2 1581 1309 0 0 764 16902
17:54:49.842 P 10373 151 51 1469 1463 0 0 -80 16780
17:54:49.842 P 10378 157 102 1540 1537 0 0 -522 16734
17:54:49.842 P 10382 165 84 1551 1494 0 0 -186 16760
17:54:49.842 P 10387 170 56 1477 1611 1 0 -744 16702
17:54:49.842 P 10392 171 7 1462 1431 0 1 -252 16856
17:54:49.842 P 10396 167 20 1471 1390 0 0 -334 16738
17:54:49.842 P 10401 165 16 1511 -1320 0 0 -890 16884
17:54:49.842 P 10405 161 31 1555 1440 1 0 276 16792
17:54:49.842 P 10409 166 78 1480 1563 0 1 -488 16794
17:54:49.842 P 10414 171 86 1535 1437 0 0 -504 16758
17:54:49.842 P 10418 177 107 1599 1538 0 0 -228 16696
17:54:49.842 P 10422 184 79 1530 1626 1 1 -800 16732
17:54:49.842 P 10426 185 35 1409 1448 0 0 -1358 16714
17:54:49.842 P 10431 181 18 1622 1385 0 0 -162 16824
17:54:49.842 P 10435 177 -20 1473 1425 1 0 -542 16840
17:54:49.842 P 10440 159 -113 -1540 1422 0 1 -848 16732
17:54:49.842 P 10444 143 3 -1324 1462 0 0 -36 16832
17:54:49.842 P 10448 153 144 1570 1523 0 0 -18 16856
17:54:49.842 P 10452 165 111 1509 1543 0 0 -660 16794
17:54:49.842 P 10457 164 -27 -1323 1546 0 0 -880 16602
17:54:49.842 P 10461 153 -70 -1393 -1349 0 0 96 16802
17:54:49.842 P 10465 153 89 1641 1379 0 0 54 16758
17:54:49.842 P 10470 160 59 1533 1464 1 0 -834 16768
17:54:49.842 P 10474 157 -187 -1602 1467 1 0 -6534 15668
17:54:49.842 P 10478 109 -719 -1906 -1993 -1 0 -7626 16130
17:54:49.842 P 10483 -32 -561 -1691 -1928 -4 -3 -3140 18688
17:54:49.842 P 10487 -18 -283 -2327 -2129 -5 -5 -10986 15658
17:54:49.842 P 10492 -116 -986 -2134 -2099 -9 -8 -8610 16134
17:54:49.842 P 10497 -251 -1238 -2144 -2089 -11 -9 -3052 17958
17:54:49.842 P 10501 -403 -1313 -2163 -2115 -13 -10 1812 16182
17:54:49.842 P 10506 -581 -962 -2126 -2103 -13 -12 3100 17070
17:54:49.842 P 10511 -710 -721 -2163 -2176 -15 -13 950 17500
17:54:49.842 P 10515 -801 -600 -2179 -2257 -15 -14 170 17938
17:54:49.842 P 10520 -898 -569 -2277 -2301 -16 -15 3604 15678
17:54:49.842 P 10524 -950 -421 -2397 -2356 -16 -16 2448 16360
17:54:49.842 P 10529 -991 -33 -2386 -2408 -18 -18 1040 17936
17:54:49.842 P 10534 -986 236 -2505 -2425 -19 -20 2864 16750
17:54:49.842 P 10539 -931 479 -2572 -2496 -21 -21 5076 18550
17:54:49.842 P 10543 -850 725 -2587 -2486 -22 -22 2750 16374
17:54:49.842 P 10548 -706 1046 -2516 -2419 -22 -23 2254 16082
17:54:49.842 P 10553 -524 1293 -2333 -2322 -24 -24 2214 14760
17:54:49.842 P 10557 -352 1381 -2153 -2203 -24 -24 -706 14588
17:54:49.842 P 10562 -170 1106 -2232 -2195 -23 -24 -460 18214
17:54:49.842 P 10567 -29 949 -2125 -2050 -23 -24 118 16714
17:54:49.842 P 10571 81 956 -2093 -2012 -22 -22 -142 15854
17:54:49.842 P 10576 205 842 -2090 -2008 -23 -24 124 16924
17:54:49.842 P 10580 292 752 -2117 -1934 -22 -22 -344 16264
17:54:49.842 P 10585 384 703 -2179 -1857 -22 -22 182 17216
17:54:49.842 P 10589 464 807 -2167 -1760 -21 -21 720 16652
17:54:49.842 P 10594 585 751 -2063 -1874 -21 -21 188 17664
17:54:49.842 P 10599 702 1014 -1746 -1619 -20 -21 746 17802
17:54:49.842 P 10604 848 1101 -1505 -1362 -21 -20 218 16156
17:54:49.842 P 10608 977 1230 -1347 1386 -20 -20 254 17804
17:54:49.842 P 10613 1160 1091 1637 1358 -17 -17 -2930 15966
17:54:49.842 P 10617 1209 -104 -1417 -1807 -13 -15 -2138 17856
17:54:49.842 P 10621 1141 -468 -1752 -1725 -12 -15 1380 14836
17:54:49.842 P 10626 1099 42 -1708 -1414 -12 -14 136 19030
17:54:49.842 P 10630 1102 351 -1476 1431 -12 -14 1816 15718
17:54:49.842 P 10634 1150 484 1313 1587 -12 -12 -580 18162
17:54:49.842 P 10639 1177 463 1696 -1528 -10 -7 5682 18882
17:54:49.842 P 10643 1181 418 1983 -1361 -8 -5 4934 14034
17:54:49.842 P 10647 1221 486 2079 2093 -2 -4 126 24382
17:54:49.842 P 10651 1228 -298 1890 2300 2 1 -5730 14836
17:54:49.842 P 10656 1050 -1485 1660 1321 4 4 -1804 13618
17:54:49.842 P 10660 845 -1244 1564 1589 6 4 1020 18372
17:54:49.842 P 10664 713 -665 1954 1448 4 4 1066 14726
17:54:49.842 P 10669 613 -405 1891 1800 6 4 1390 17092
17:54:49.842 P 10673 558 -303 1925 1840 6 5 742 17492
17:54:49.842 P 10678 496 -280 1978 1938 8 5 -670 15936
17:54:49.842 P 10682 432 -518 1806 1684 8 7 264 16676
17:54:49.842 P 10687 354 -289 1850 1866 8 8 536 17038
17:54:49.842 P 10692 316 -154 1894 1886 10 8 -388 17174
17:54:49.842 P 10697 278 -197 1777 1684 10 8 -1458 17336
17:54:49.842 P 10701 249 -24 1946 1741 10 8 -696 16414
17:54:49.842 P 10706 237 59 1851 1794 9 8 24 17184
17:54:49.842 P 10711 242 135 1841 1989 9 8 -286 17704
17:54:49.842 P 10715 256 156 1936 2095 10 9 -1796 15900
17:54:49.842 P 10720 255 -27 2207 1833 11 11 -26 17472
17:54:49.842 P 10724 232 -266 1929 1709 12 10 164 16656
17:54:49.842 P 10729 179 -242 1674 2003 11 11 116 16882
17:54:49.842 P 10734 144 -127 1858 1895 11 11 -1184 18692
17:54:49.842 P 10739 119 -86 2052 1674 10 12 -100 16278
17:54:49.842 P 10743 108 13 2049 1991 12 11 -1044 17150
17:54:49.842 P 10748 87 -223 1645 1929 12 11 -524 15934
17:54:49.842 P 10753 53 -153 1944 1785 12 12 468 15542
17:54:49.842 P 10757 35 -58 2015 1873 12 12 -288 15386
17:54:49.842 P 10762 19 -124 1869 1942 12 12 -1268 14558
17:54:49.842 P 10766 -9 -209 1791 1773 12 12 -208 15692
17:54:49.842 P 10771 -34 -90 2048 1784 12 12 -376 16394
17:54:49.842 P 10775 -53 -108 1945 1860 13 12 -128 16082
17:54:49.842 P 10780 -75 -133 1827 2006 13 13 -972 15770
17:54:49.842 P 10785 -106 -205 1830 1679 12 12 140 15612
17:54:49.842 P 10789 -127 -132 2012 1699 12 13 -570 16722
17:54:49.842 P 10794 -162 -217 1863 1582 12 12 -396 16210
17:54:49.842 P 10799 -206 -238 1679 1533 12 12 478 16692
17:54:49.842 P 10804 -229 -65 1894 1776 11 12 544 14994
17:54:49.842 P 10808 -229 121 2095 1957 12 11 320 17814
17:54:49.842 P 10813 -231 -170 1702 2008 12 12 -1132 16394
17:54:49.842 P 10818 -294 -529 1526 1383 13 12 598 14604
17:54:49.842 P 10823 -370 -449 1536 1356 12 12 370 16002
17:54:49.842 P 10827 -423 -421 1362 -1389 12 11 -32 16672
17:54:49.842 P 10832 -499 -346 -1422 -1398 11 9 5624 16504
17:54:49.842 P 10837 -483 248 1522 2026 9 9 534 15174
17:54:49.842 P 10841 -429 513 1861 1891 9 11 -3492 17146
17:54:49.842 P 10846 -411 55 1975 1507 9 10 376 19422
17:54:49.842 P 10851 -400 20 1978 1450 9 11 -986 15484
17:54:49.842 P 10855 -443 -640 -1498 -1556 11 10 -568 13908
17:54:49.842 P 10860 -534 -325 -1416 1362 8 7 2096 17780
17:54:49.842 P 10865 -538 195 1346 1882 7 8 902 18140
17:54:49.842 P 10869 -483 530 1833 1739 7 8 114 16740
17:54:49.842 P 10874 -417 230 1894 1553 7 8 164 14510
17:54:49.842 P 10878 -398 25 1815 1444 8 8 -914 19476
17:54:49.842 P 10883 -452 -533 -1381 -1438 8 8 240 16430
17:54:49.842 P 10887 -515 -242 -1310 1350 7 7 2324 16328
17:54:49.842 P 10892 -519 95 -1421 1724 6 5 352 19606
17:54:49.842 P 10896 -492 307 1598 1628 5 5 308 14740
17:54:49.842 P 10901 -442 284 1831 1539 6 6 180 17176
17:54:49.842 P 10906 -412 -53 1668 -1446 6 6 -900 16686
17:54:49.842 P 10910 -462 -602 -1622 -1695 6 5 -88 16384
17:54:49.842 P 10915 -507 45 -1595 1381 3 2 1516 16418
17:54:49.842 P 10919 -478 324 -1363 1791 2 3 54 17372
17:54:49.842 P 10924 -403 557 1744 1678 3 4 -46 16896
17:54:49.842 P 10929 -344 178 1718 -1413 4 4 -312 16396
17:54:49.842 P 10933 -357 -366 -1570 -1706 4 4 -1024 16560
17:54:49.842 P 10938 -417 172 -1476 1482 1 1 -468 17092
17:54:49.842 P 10943 -376 409 -1352 1791 0 2 112 16522
17:54:49.842 P 10947 -309 503 1588 1562 1 2 -4528 16568
17:54:49.842 P 10951 -288 117 1629 -1615 0 3 146 16918
17:54:49.842 P 10956 -291 -51 -1365 -1804 1 0 3542 16722
17:54:49.842 P 10960 -272 315 -1497 1683 1 -1 888 17140
17:54:49.842 P 10965 -215 364 1484 1721 0 1 -624 16984
17:54:49.842 P 10969 -190 -169 1418 -1573 1 2 -1058 16428
17:54:49.842 P 10973 -223 -285 -1600 -1828 0 0 80 16894
17:54:49.842 P 10977 -263 -62 -1676 -1856 0 -2 8042 17274
17:54:49.842 P 10981 -225 409 -1670 1503 -1 -3 1300 17058
17:54:49.842 P 10986 -134 688 1562 1570 -1 -1 -894 16868
17:54:49.842 P 10991 -77 40 1443 -1427 0 0 -756 16684
17:54:49.842 P 10995 -97 -233 -1565 -1591 0 0 136 16682
17:54:49.842 P 10999 -126 -207 -1655 -1688 -1 -1 130 16850
17:54:49.842 P 11003 -156 -29 -1656 -1593 -1 -2 4352 17124
17:54:49.842 P 11008 -122 364 -1353 1562 -1 -1 -1224 16412
17:54:49.842 P 11013 -94 38 -1388 1309 -2 -1 -1264 16708
17:54:49.842 P 11018 -128 -298 -1681 -1868 -1 0 -22 16580
17:54:49.842 P 11022 -170 -8 -1647 -1828 -2 -3 7636 17326
17:54:49.842 P 11027 -93 710 1397 1545 -2 -3 -868 16618
17:54:49.842 P 11032 -16 331 1368 1449 -2 -2 -2282 16362
17:54:49.842 P 11037 -14 -122 -1498 -1526 -1 -1 -766 16874
17:54:49.842 P 11042 -58 -385 -1831 -1927 -1 -2 200 16870
17:54:49.842 P 11046 -69 271 -1531 1515 -2 -3 130 16978
17:54:49.842 P 11051 -5 377 1338 1374 -3 -2 -850 16584
17:54:49.842 P 11057 17 -98 -1478 -1538 -2 -2 -532 16674
17:54:54.235 P 11062 -18 -295 -1768 -1906 -3 -2 1040 16838
17:54:54.235 P 11068 -2 481 1312 1571 -2 -3 -684 16708
17:54:54.235 P 11073 51 269 1320 1408 -2 -2 -722 17070
17:54:54.235 P 11079 48 -161 -1590 -1696 -3 -1 -570 16814
17:54:54.235 P 11085 9 256 -1518 1373 -3 -3 -894 16554
17:54:54.235 P 11091 62 364 1332 1377 -3 -3 -672 16406
17:54:54.235 P 11097 96 54 -1414 1393 -2 -2 -1576 16450
17:54:54.235 P 11103 69 -222 -1653 -1816 -2 -2 -396 16712
17:54:54.235 P 11109 56 308 -1499 1526 -3 -4 -100 16850
17:54:54.235 P 11115 138 446 1460 1611 -3 -2 -3888 16534
17:54:54.235 P 11121 114 -318 -1579 -1649 -1 -1 -424 16530
17:54:54.235 P 11126 49 -372 -1736 -1766 -1 -2 356 16772
17:54:54.235 P 11132 54 368 1358 1493 -2 -2 822 16762
17:54:54.235 P 11138 102 145 -1311 1321 -1 -2 -780 16600
17:54:54.235 P 11144 98 -89 -1441 -1580 -1 -1 -740 16742
17:54:54.235 P 11150 64 130 -1482 1458 -1 -2 -1218 16696
17:54:54.235 P 11156 78 129 -1344 1478 -1 -1 -506 16662
17:54:54.235 P 11162 79 -56 -1406 -1315 -2 0 -902 16680
17:54:54.235 P 11167 42 -198 -1568 -1798 -2 -1 -350 16602
17:54:54.235 P 11172 -5 -76 -1612 -1829 -1 -3 9696 17552
17:54:54.235 P 11177 67 713 1462 1719 -2 -3 -600 16464
17:54:54.235 P 11183 162 -3 -1303 1312 0 0 -3094 16812
17:54:54.235 P 11188 118 -298 -1478 -1475 0 0 -128 16770
17:54:54.235 P 11192 74 -266 -1530 -1507 0 0 -100 16528
17:54:54.235 P 11197 29 -269 -1922 -1738 -2 0 -300 16750
17:54:54.235 P 11203 33 717 1540 1501 -5 -3 2910 16818
17:54:54.235 P 11209 228 1079 1586 1597 -2 -1 -2380 16276
17:54:54.235 P 11214 295 129 1802 1314 -1 0 -830 16398
17:54:54.235 P 11219 269 -246 -1331 -1412 1 0 -156 16930
17:54:54.235 P 11224 228 -119 1308 1374 1 0 12 17050
17:54:54.235 P 11229 215 -9 1425 1439 0 0 -130 16964
17:54:54.235 P 11234 215 94 1662 1516 0 1 -234 16862
17:54:54.235 P 11238 220 86 1677 1627 0 0 -316 16490
17:54:54.235 P 11244 191 -327 -1330 -1307 2 1 -16 16686
17:54:54.235 P 11249 146 -119 1364 1395 1 0 278 16846
17:54:54.235 P 11254 132 -25 1334 1413 0 1 -418 16750
17:54:54.235 P 11259 127 24 1457 1420 0 1 140 16858
17:54:54.235 P 11263 130 108 1497 1569 0 1 -24 16742
17:54:54.235 P 11268 144 128 1569 1537 0 0 -616 16734
17:54:54.235 P 11273 152 46 1659 1464 1 1 -612 16704
17:54:54.235 P 11278 141 -85 -1302 1399 1 1 -150 16786
17:54:54.235 P 11283 126 33 1407 1446 0 0 -394 16644
17:54:54.235 P 11288 127 29 1559 1452 0 1 -62 16794
17:54:54.235 P 11292 131 103 1547 1480 1 0 -458 16888
17:54:54.235 P 11297 136 47 1492 1557 1 1 -988 16772
17:54:54.235 P 11301 133 -31 1485 1335 2 1 -632 16682
17:54:54.235 P 11306 124 29 1443 1306 0 1 56 16720
17:54:54.235 P 11310 130 117 1596 1505 0 1 -540 16842
17:54:54.235 P 11315 136 -11 1478 1400 1 1 -506 16804
17:54:54.235 P 11319 126 -25 1307 1419 1 1 -110 16790
17:54:54.235 P 11324 130 133 1521 1467 0 0 -386 16774
17:54:54.235 P 11328 143 150 1584 1524 0 0 -738 16720
17:54:54.235 P 11332 152 86 1499 1464 0 1 -888 16676
17:54:54.235 P 11336 155 70 1579 1454 0 1 -596 16754
17:54:54.235 P 11341 155 14 1455 1442 1 0 -176 16730
17:54:54.235 P 11345 152 27 -1367 1467 0 0 -394 16756
17:54:54.235 P 11350 159 147 1592 1541 0 0 -880 16704
17:54:54.235 P 11354 168 70 1622 1465 0 0 -126 16744
17:54:54.235 P 11359 162 -41 -1398 1541 0 0 -498 16786
17:54:54.235 P 11363 154 -13 1326 1466 0 1 -544 16882
17:54:54.235 P 11368 151 64 1563 1368 0 0 -126 16740
17:54:54.235 P 11372 157 95 1481 1594 0 0 -164 16700
17:54:54.235 P 11377 164 67 1544 1616 1 1 -1138 16776
17:54:54.235 P 11382 156 -70 1432 -1329 0 1 -196 16770
17:54:54.235 P 11386 143 -10 1379 -1337 1 0 156 16790
17:54:54.235 P 11391 153 168 1555 1585 0 0 -770 16740
17:54:54.235 P 11395 164 65 1511 1476 0 0 -688 16700
17:54:54.235 P 11400 159 -8 1365 1405 0 1 -622 16796
17:54:54.235 P 11405 150 2 1484 1308 0 0 -272 16760
17:54:54.235 P 11409 151 92 1503 1489 0 0 50 16800
17:54:54.235 P 11413 161 130 1530 1506 0 0 -304 16672
17:54:54.235 P 11417 172 119 1532 1522 0 0 -96 16816
17:54:54.235 P 11422 184 106 1498 1539 0 0 -1064 16698
17:54:54.235 P 11426 188 67 1458 1497 0 0 -430 16726
17:54:54.235 P 11431 198 133 1558 1593 0 0 -466 16778
17:54:54.235 P 11435 208 101 1657 1630 1 0 -1142 16686
17:54:54.235 P 11440 197 -144 1378 1342 2 1 -594 16768
17:54:54.235 P 11445 168 -59 1335 1378 0 0 148 16918
17:54:54.235 P 11449 168 118 1618 1564 0 0 -636 16742
17:54:54.235 P 11454 175 19 1429 1578 0 1 -296 16796
17:54:54.235 P 11458 172 -23 1585 1348 2 0 -476 16776
17:54:54.235 P 11463 164 15 1539 1353 0 1 -70 16756
17:54:54.235 P 11468 160 26 1408 1544 0 1 -476 16700
17:54:54.235 P 11473 157 -2 1468 1372 0 0 -762 16764
17:54:54.235 P 11477 153 48 1653 1444 0 0 -274 16800
17:54:54.235 P 11481 156 28 1427 1460 1 0 -566 16796
17:54:54.235 P 11486 148 -17 1387 1468 1 1 -714 16782
17:54:54.235 P 11491 143 48 1579 1426 0 0 -208 16692
17:54:54.235 P 11495 150 108 1509 1553 1 0 -580 16732
17:54:54.235 P 11500 155 42 1459 1434 0 0 -820 16814
17:54:54.235 P 11504 155 30 1542 1365 1 0 -486 16732
17:54:54.235 P 11508 150 -11 1411 1392 1 0 -516 16770
17:54:54.235 P 11513 145 53 1469 1383 0 0 -152 16824
17:54:54.235 P 11517 153 117 1514 1479 0 0 -374 16766
17:54:54.235 P 11521 161 105 1503 1497 0 0 -646 16636
17:54:54.235 P 11525 169 97 1500 1482 0 0 -554 16818
17:54:54.235 P 11529 176 97 1510 1470 0 0 -516 16712
17:54:54.235 P 11533 183 95 1527 1480 0 0 -566 16718
17:54:54.235 P 11537 189 94 1528 1491 0 0 -564 16720
17:54:54.235 P 11541 196 93 1546 1512 0 0 -572 16754
17:54:54.235 P 11545 202 94 1562 1517 0 0 -570 16818
17:54:54.235 P 11549 208 91 1573 1521 0 0 -536 16724
17:54:54.235 P 11553 214 94 1575 1515 0 0 -596 16700
17:54:54.235 P 11558 221 90 1589 1554 0 0 -524 16748
17:54:54.235 P 11562 226 59 1564 1587 1 0 -528 16832
17:54:54.235 P 11566 227 17 1543 1515 0 0 -762 16736
17:54:54.235 P 11571 213 -106 -1307 1365 1 0 -1324 16656
17:54:54.235 P 11576 191 -35 1387 1357 0 0 332 16768
17:54:54.235 P 11580 191 105 1503 1602 0 0 -260 16776
17:54:54.235 P 11584 202 126 1581 1565 0 0 -1162 16730
17:54:54.235 P 11589 204 0 1493 1450 1 0 -314 16782
17:54:54.235 P 11593 197 -19 1395 1451 0 0 -174 16674
17:54:54.235 P 11597 191 9 1421 1463 0 0 -408 16790
17:54:54.235 P 11602 194 93 1658 1509 0 1 -592 16760
17:54:54.235 P 11606 199 48 1494 1495 0 1 -754 16734
17:54:54.235 P 11611 195 39 1491 1512 1 1 -476 16786
17:54:54.235 P 11615 199 88 1474 1509 0 0 -820 16752
17:54:54.235 P 11620 202 54 1533 1573 1 1 -872 16654
17:54:54.235 P 11624 202 19 1552 1318 0 0 -720 16710
17:54:54.235 P 11629 192 -11 1577 1415 0 1 40 16746
17:54:54.235 P 11633 187 12 1327 1483 0 0 -462 16824
17:54:54.235 P 11638 188 55 1562 1511 0 1 -666 16808
17:54:54.235 P 11642 186 -24 1529 1376 1 0 -604 16764
17:54:54.235 P 11647 172 -11 1416 1427 0 1 -218 16748
17:54:54.235 P 11651 172 80 1535 1532 1 0 -212 16714
17:54:54.235 P 11655 179 89 1488 1540 1 0 -704 16710
17:54:54.235 P 11660 181 10 1492 1428 0 0 -952 16688
17:54:54.235 P 11665 169 -2 1539 1375 0 1 -272 16674
17:54:54.235 P 11669 168 58 1436 1441 0 0 -704 16758
17:54:54.235 P 11673 170 48 1581 1481 2 0 -58 16858
17:54:54.235 P 11678 169 4 1461 1434 0 0 -1028 16744
17:54:54.235 P 11683 162 34 1568 1414 0 1 -154 16788
17:54:54.235 P 11687 165 57 1446 1468 0 0 -650 16774
17:54:54.235 P 11691 161 -7 1385 1496 1 0 -760 16718
17:54:54.235 P 11696 155 9 1488 1389 0 1 -284 16798
17:54:54.235 P 11700 155 86 1459 1482 0 0 -266 16912
17:54:54.235 P 11705 167 120 1484 1489 0 0 -516 16764
17:54:54.235 P 11709 177 127 1551 1530 0 0 -632 16782
17:54:54.235 P 11713 186 96 1522 1559 0 0 -500 16724
17:54:54.235 P 11717 190 59 1441 1583 1 0 -574 16724
17:54:54.235 P 11722 193 63 1391 1496 0 0 -486 16836
17:54:54.235 P 11726 197 85 1471 1608 0 0 -658 16736
17:54:54.235 P 11730 202 65 1494 1600 0 1 -990 16778
17:54:54.235 P 11735 204 21 1575 1411 0 1 -522 16746
17:54:54.235 P 11739 198 -15 1437 1391 0 0 -284 16602
17:54:54.235 P 11743 196 68 1521 1447 0 0 -640 16748
17:54:54.235 P 11747 200 82 1523 1494 0 0 -838 16606
17:54:54.235 P 11751 204 82 1556 1561 0 0 -772 16664
17:54:54.235 P 11755 209 47 1591 1486 1 0 -634 16758
17:54:54.235 P 11760 205 -4 1480 1454 2 0 -522 16694
17:54:54.235 P 11764 200 27 1340 1495 0 0 -644 16726
17:54:54.235 P 11768 199 54 1396 1529 0 0 -356 16836
17:54:54.235 P 11772 204 86 1619 1544 0 0 -548 16730
17:54:54.235 P 11777 204 10 1417 1449 0 1 -484 16760
17:54:54.235 P 11781 203 55 1501 1477 0 1 -506 16808
17:54:54.235 P 11785 206 58 1505 1450 0 0 -756 16722
17:54:54.235 P 11789 206 21 1587 1465 1 0 -938 16644
17:54:54.235 P 11793 199 -25 1424 1356 0 1 -754 16674
17:54:54.235 P 11797 193 37 1429 1428 0 0 -324 16818
17:54:54.235 P 11801 198 71 1511 1468 0 0 -188 16846
17:54:54.235 P 11805 203 84 1524 1502 0 0 -566 16644
17:54:54.235 P 11809 208 87 1539 1518 0 0 -746 16718
17:54:54.235 P 11813 213 81 1531 1517 0 0 -640 16668
17:54:54.235 P 11817 217 81 1530 1509 0 0 -534 16652
17:54:54.235 P 11821 223 89 1566 1533 0 0 -630 16786
17:54:54.235 P 11825 228 86 1574 1545 0 0 -704 16712
17:54:54.235 P 11829 230 49 1559 1574 0 0 -462 16726
17:54:54.235 P 11833 229 -3 1494 1502 1 1 -756 16800
17:54:54.235 P 11837 224 17 1432 1455 1 0 -1102 16762
17:54:54.235 P 11841 217 -9 1404 1487 1 0 -642 16714
17:54:54.235 P 11845 214 21 1539 1464 0 0 -476 16674
17:54:54.235 P 11849 213 23 1574 1357 0 0 -376 16826
17:54:54.235 P 11853 210 19 1535 1488 1 0 -376 16768
17:54:54.235 P 11856 210 41 1458 1487 0 0 -372 16772
17:54:54.235 P 11860 210 64 1550 1555 1 1 -750 16680
17:54:54.235 P 11865 216 39 1485 1433 0 0 -490 16892
17:54:54.235 P 11868 213 -12 1384 1504 0 1 -358 16692
17:54:54.235 P 11873 212 55 1488 1560 1 0 -910 16714
17:54:54.235 P 11877 213 60 1459 1437 0 0 -1226 16658
17:54:54.235 P 11880 213 88 1482 1519 0 0 -890 16598
17:54:54.235 P 11884 217 82 1522 1507 0 0 -818 16782
17:54:54.235 P 11888 221 65 1498 1533 0 0 -502 16760
17:54:54.235 P 11892 224 54 1501 1547 0 0 -396 16772
17:54:54.235 P 11896 226 62 1547 1450 0 0 -864 16776
17:54:54.235 P 11900 229 80 1570 1526 0 0 -924 16646
17:54:54.235 P 11904 231 38 1456 1508 0 0 -464 16744
17:54:54.235 P 11908 232 55 1597 1466 0 0 -242 16878
17:54:54.235 P 11911 232 0 1557 1351 0 1 56 16868
17:54:54.235 P 11915 228 18 1615 1453 0 1 -806 16676
17:54:54.235 P 11919 222 -2 1437 1355 1 0 -1088 16692
17:54:54.235 P 11924 220 71 1528 1497 0 0 -136 16884
17:54:54.235 P 11928 225 85 1595 1572 0 0 -774 16708
17:54:54.235 P 11932 226 38 1435 1520 0 0 -1644 16630
17:54:54.235 P 11936 225 57 1447 1484 0 0 -504 16764
17:54:54.235 P 11939 229 96 1561 1503 0 0 -736 16716
17:54:54.235 P 11943 235 73 1524 1545 0 0 -198 16824
17:54:55.664 P 11947 238 58 1522 1563 0 0 -484 16850
17:54:55.664 P 11951 238 37 1564 1647 0 1 -1500 16574
17:54:55.664 P 11955 232 -57 1373 1323 0 0 -1716 16754
17:54:55.664 P 11960 216 7 1626 1355 0 1 224 16778
17:54:55.664 P 11964 217 90 1555 1480 0 0 -912 16712
17:54:55.664 P 11968 220 96 1609 1632 1 0 -322 16766
17:54:55.664 P 11972 229 48 1560 1541 0 1 -960 16790
17:54:55.664 P 11977 212 -149 1324 1366 1 1 -2278 16448
17:54:55.664 P 11981 186 -212 -1420 -1458 1 1 -1638 16672
17:54:55.664 P 11985 162 -175 -1665 -1569 0 0 -2014 16680
17:54:55.664 P 11989 137 -309 -1926 -1941 -1 -1 -2794 16650
17:54:55.664 P 11994 93 105 -1939 -1663 -5 -4 -2488 16700
17:54:55.664 P 11999 197 1124 1421 1378 -7 -5 -6324 15272
17:54:55.664 P 12004 294 217 -1612 -2012 -6 -4 -1280 16292
17:54:55.664 P 12008 318 217 -1778 -1916 -6 -7 -1196 17518
17:54:55.664 P 12013 361 333 -2039 -1485 -6 -7 -2604 15974
17:54:55.664 P 12018 412 464 -1970 -1534 -9 -7 -1160 15932
17:54:55.664 P 12022 499 807 1498 -1412 -9 -7 -3178 17380
17:54:55.664 P 12027 581 292 -1359 -1929 -8 -5 -1234 17420
17:54:55.664 P 12032 583 -50 -1862 -1837 -7 -8 -868 17190
17:54:55.664 P 12036 572 -106 -2138 -1722 -8 -9 -2304 16278
17:54:55.664 P 12041 605 211 -1814 -1813 -9 -8 -4244 16994
17:54:55.664 P 12046 619 -4 -1733 -1993 -9 -8 -1802 17592
17:54:55.664 P 12050 611 -17 -2021 -1928 -9 -9 -258 17114
17:54:55.664 P 12055 618 130 -2125 -1928 -9 -9 -3578 16498
17:54:55.664 P 12060 646 241 -1669 -2086 -10 -10 -5928 18170
17:54:55.664 P 12064 658 64 -1907 -2098 -10 -10 -2922 16204
17:54:55.664 P 12069 642 -285 -2225 -2061 -10 -11 -5370 14962
17:54:55.664 P 12073 616 -244 -2110 -2094 -13 -11 -5228 16338
17:54:55.664 P 12078 567 -430 -2131 -2107 -14 -12 -3580 15664
17:54:55.664 P 12082 508 -548 -2114 -2062 -13 -12 -2656 16968
17:54:55.664 P 12087 415 -688 -2122 -2024 -14 -13 -1302 16460
17:54:55.664 P 12091 323 -662 -2103 -2070 -15 -12 -842 16074
17:54:55.664 P 12096 220 -638 -2100 -2109 -14 -13 -310 16262
17:54:55.664 P 12101 121 -568 -2104 -2144 -15 -13 -2302 16594
17:54:55.664 P 12105 39 -652 -2124 -2140 -15 -13 -700 17274
17:54:55.664 P 12110 -66 -670 -2125 -2138 -15 -15 96 15732
17:54:55.664 P 12115 -175 -713 -2093 -2112 -15 -14 64 17962
17:54:55.664 P 12120 -294 -815 -2080 -2088 -15 -15 778 16206
17:54:55.664 P 12124 -404 -896 -2011 -2079 -15 -14 1832 16674
17:54:55.664 P 12129 -556 -1001 -2011 -2008 -14 -16 920 17820
17:54:55.664 P 12134 -730 -1239 -1988 -1953 -13 -14 1868 15780
17:54:55.664 P 12139 -939 -1201 -1944 -1931 -13 -15 5562 15228
17:54:55.664 P 12143 -1091 -1106 -1984 -1988 -13 -13 4986 15518
17:54:55.664 P 12148 -1274 -1186 -2001 -2044 -12 -13 3250 17576
17:54:55.664 P 12153 -1476 -1303 -1977 -1972 -12 -13 4624 14020
17:54:55.664 P 12157 -1643 -1251 -1975 -1985 -11 -12 5984 15838
17:54:55.664 P 12162 -1846 -1148 -2007 -2026 -14 -12 7740 13374
17:54:55.664 P 12167 -2009 -812 -2043 -2147 -13 -11 9068 17548
17:54:55.664 P 12172 -2122 -383 -2091 -2282 -12 -13 9894 16018
17:54:55.664 P 12177 -2155 179 -2373 -2496 -14 -14 9898 14978
17:54:55.664 P 12182 -2076 993 -2385 -2665 -15 -16 8548 17160
17:54:55.664 P 12186 -1920 1593 -2014 -2463 -16 -18 9186 15406
17:54:55.664 P 12192 -1585 1981 -1621 -2006 -16 -18 6954 14358
17:54:55.664 P 12197 -1310 1859 -1373 -1805 -15 -15 4002 14862
17:54:55.664 P 12202 -1083 1427 1404 -1939 -12 -14 5370 15208
17:54:55.664 P 12206 -966 919 -1410 -2069 -9 -13 7674 16792
17:54:55.664 P 12211 -937 424 -1661 -1937 -9 -11 10694 11918
17:54:55.664 P 12216 -910 725 -1597 -1872 -8 -11 14248 17854
17:54:55.664 P 12221 -657 1438 1612 -1339 -4 -6 7396 11768
17:54:55.664 P 12225 -550 782 1527 -1634 -2 -4 3880 15426
17:54:55.664 P 12230 -570 340 1623 -1481 0 -1 22102 14462
17:54:55.664 P 12234 -442 579 2100 1495 3 -1 6368 12438
17:54:55.664 P 12239 -347 1057 2077 2009 8 1 3372 17044
17:54:55.664 P 12243 -339 -146 2090 2103 10 4 6188 14924
17:54:55.664 P 12248 -362 63 2442 1949 11 7 6154 21618
17:54:55.664 P 12252 -383 -23 2383 2130 14 8 6168 14466
17:54:55.664 P 12257 -423 -229 2187 2219 15 11 1862 18538
17:54:55.664 P 12262 -482 -393 2159 2237 16 13 1604 15662
17:54:55.664 P 12267 -563 -343 2065 1833 16 14 3204 18304
17:54:55.664 P 12272 -603 151 2269 2130 16 14 5314 16734
17:54:55.664 P 12276 -576 499 2250 2151 17 14 2346 17284
17:54:55.664 P 12281 -529 270 2203 2145 17 14 1810 15344
17:54:55.664 P 12286 -494 222 2057 2186 19 17 6 16912
17:54:55.664 P 12291 -477 10 2237 2227 17 17 -626 17570
17:54:55.664 P 12296 -493 -325 2204 1923 20 18 -2828 17066
17:54:55.664 P 12301 -590 -749 1678 1489 18 18 78 17436
17:54:55.664 P 12305 -679 -618 1669 1544 19 17 1182 16092
17:54:55.664 P 12310 -754 -484 1467 1646 17 18 -366 17192
17:54:55.664 P 12315 -837 -618 1327 -1412 17 17 -260 15754
17:54:55.664 P 12320 -911 -219 1301 1471 16 14 -98 16804
17:54:55.664 P 12324 -922 -118 -1329 1628 15 12 -1318 16164
17:54:55.664 P 12329 -947 -221 -1508 -1383 13 13 -800 16414
17:54:55.664 P 12334 -955 392 1383 1380 10 11 2004 16706
17:54:55.664 P 12339 -828 699 1764 1748 9 10 -288 16886
17:54:55.664 P 12343 -753 404 1629 1484 9 10 -1370 16350
17:54:55.664 P 12348 -719 46 1443 -1365 8 10 794 15778
17:54:55.664 P 12353 -706 7 -1376 -1389 9 8 1344 16022
17:54:55.664 P 12358 -703 -39 -1677 -1417 7 7 -820 16816
17:54:55.664 P 12362 -663 468 -1312 -1333 4 6 -2566 18116
17:54:55.664 P 12367 -588 301 1314 -1752 4 5 24 15954
17:54:55.664 P 12371 -547 533 1367 1320 4 3 3390 17918
17:54:55.664 P 12376 -431 844 1661 1741 3 2 1122 16586
17:54:55.664 P 12381 -307 629 1679 1713 4 3 -2722 15824
17:54:55.664 P 12385 -272 445 1787 1807 4 4 1946 16938
17:54:55.664 P 12390 -211 478 1983 2035 6 6 1330 17010
17:54:55.664 P 12394 -179 191 2136 1928 7 7 214 17050
17:54:55.664 P 12399 -198 -144 2132 1935 10 8 2198 17508
17:54:55.664 P 12403 -265 -526 1580 1960 11 10 3228 16154
17:54:55.664 P 12408 -338 -280 1686 2103 9 9 416 15912
17:54:55.664 P 12413 -389 -269 2002 1940 10 11 922 15884
17:54:55.664 P 12418 -446 -374 2143 1679 10 12 2008 16716
17:54:55.664 P 12423 -534 -547 1592 1756 13 12 2168 14848
17:54:55.664 P 12428 -620 -406 1452 1870 13 11 2244 17134
17:54:55.664 P 12433 -677 -232 1542 2022 12 12 1002 16800
17:54:55.664 P 12437 -700 -185 1738 1844 12 12 28 16516
17:54:55.664 P 12442 -743 -326 1646 1615 11 12 318 17118
17:54:55.664 P 12447 -807 -540 -1303 -1486 12 11 270 17434
17:54:55.664 P 12451 -887 -586 -1527 -1685 11 10 7588 16988
17:54:55.664 P 12456 -887 223 -1305 1892 8 8 -394 17128
17:54:55.664 P 12461 -823 249 1451 1432 8 8 -1586 17810
17:54:55.664 P 12466 -811 89 1529 -1406 7 7 1942 16500
17:54:55.664 P 12471 -787 347 1515 1587 6 7 2030 15702
17:54:55.664 P 12475 -741 477 1656 1623 6 7 2964 18596
17:54:55.664 P 12480 -648 801 1856 1786 6 7 2874 16444
17:54:55.664 P 12484 -575 457 1732 1689 7 6 3090 17050
17:54:55.664 P 12489 -510 508 1808 1814 7 7 1918 15556
17:54:55.664 P 12494 -437 535 1897 1855 7 7 1942 17152
17:54:55.664 P 12498 -383 482 1973 1908 9 8 1568 16236
17:54:55.664 P 12503 -331 342 2018 2004 10 9 1004 15606
17:54:55.664 P 12508 -307 133 1991 1989 10 10 30 16808
17:54:55.664 P 12512 -315 -63 1982 2023 11 11 60 16586
17:54:55.664 P 12517 -352 -319 1923 1972 12 11 -480 16984
17:54:55.664 P 12522 -421 -559 1762 1662 12 12 136 17530
17:54:55.664 P 12527 -522 -702 1380 1383 12 12 1392 15864
17:54:55.664 P 12532 -625 -619 1310 1366 11 11 1180 17398
17:54:55.664 P 12536 -704 -673 -1510 -1412 10 11 660 18284
17:54:55.664 P 12541 -825 -751 -1661 -1793 8 9 7982 17056
17:54:55.664 P 12546 -747 951 1725 1825 6 7 -42 13246
17:54:55.664 P 12550 -644 427 1534 1439 5 6 -2700 18790
17:54:55.664 P 12555 -615 89 1405 -1328 6 7 -1124 16506
17:54:55.664 P 12559 -619 -95 -1378 -1485 5 6 -290 17406
17:54:55.664 P 12564 -631 -10 -1521 -1468 4 4 -208 17616
17:54:55.664 P 12569 -603 312 -1395 1707 3 4 140 16826
17:54:55.664 P 12574 -570 -170 -1567 -1689 3 4 992 16376
17:54:55.664 P 12579 -588 92 -1703 -1861 0 1 1822 17554
17:54:55.664 P 12584 -505 812 -1493 1400 -1 -2 824 16874
17:54:55.664 P 12590 -370 561 -1388 1368 -2 -1 384 16620
17:54:55.664 P 12595 -294 384 -1517 1304 -1 -1 -1750 16412
17:54:55.664 P 12600 -266 -155 -1780 -1830 0 -1 -3058 16530
17:54:55.664 P 12605 -316 -170 -1834 -1925 -2 -3 3218 17336
17:54:55.664 P 12610 -275 261 -2104 -1580 -5 -4 -4802 16648
17:54:55.664 P 12616 -226 238 -1759 -2236 -7 -6 -4096 16662
17:54:55.664 P 12621 -195 80 -2235 -2208 -7 -9 -2504 15728
17:54:55.664 P 12626 -165 -50 -2460 -2268 -11 -11 -7268 18140
17:54:55.664 P 12631 -156 -282 -2280 -2285 -13 -12 -5998 18044
17:54:55.664 P 12636 -205 -437 -2269 -2266 -15 -13 -2924 16148
17:54:55.664 P 12641 -283 -803 -2287 -2254 -16 -14 -1266 17118
17:54:55.664 P 12647 -446 -1153 -2192 -2182 -16 -14 -1258 14530
17:54:55.664 P 12652 -644 -1516 -2170 -2121 -16 -15 -1094 16198
17:54:55.664 P 12657 -906 -2000 -2179 -2077 -16 -14 -278 16206
17:54:55.664 P 12662 -1249 -2795 -2084 -2010 -16 -13 -2702 15528
17:54:55.664 P 12667 -1747 -3793 -1974 -1891 -15 -12 464 13656
17:54:55.664 P 12672 -2402 -4540 -1819 -1750 -13 -11 7058 11040
17:54:55.664 P 12677 -3154 -4998 -1724 -1674 -12 -11 8196 9474
17:54:55.664 P 12682 -3973 -5239 -1701 -1686 -10 -10 11716 7546
17:54:55.664 P 12684 -4311 -5258 0 0 -9 -11 6462 2988
17:54:55.664 P 12685 -4478 -5405 0 0 -10 -10 4454 3662
17:54:55.664 P 12686 -4659 -5740 0 0 -9 -11 6824 3952
17:54:55.664 P 12687 -4849 -5987 0 0 -9 -11 12592 4254
17:54:55.664 P 12688 -5040 -5979 0 0 -8 -9 17332 5282
17:54:55.664 P 12689 -5228 -5867 0 0 -8 -11 20428 5044
17:54:55.664 P 12690 -5413 -5765 0 0 -8 -9 25370 4026
17:54:55.664 P 12691 -5594 -5548 0 0 -8 -10 24730 1180
17:54:55.664 P 12692 -5765 -5253 0 0 -7 -10 25366 72
17:54:55.664 P 12693 -5926 -4883 0 0 -8 -9 26674 -568
17:54:55.664 P 12694 -6073 -4468 0 0 -7 -10 25342 -424
17:54:55.664 P 12695 -6209 -4139 0 0 -7 -9 26008 186
17:54:55.664 P 12696 -6338 -3933 0 0 -7 -9 28146 384
17:54:55.664 P 12697 -6461 -3707 0 0 -7 -10 29618 222
17:54:55.664 P 12698 -6572 -3348 0 0 -7 -9 31890 8
17:54:55.664 P 12700 -6738 -2060 0 0 -7 -9 32767 -1192
17:54:55.664 P 12701 -6790 -1439 0 0 -7 -9 32767 -834
17:54:55.664 P 12702 -6830 -1002 0 0 -6 -8 32767 -1686
17:54:55.664 P 12703 -6865 -774 0 0 -6 -9 19172 -2726
17:54:55.664 P 12704 -6910 -1152 0 0 -6 -8 14726 -1536
17:54:55.664 P 12705 -6968 -1660 0 0 -7 -9 18274 -154
17:54:55.664 P 12706 -7033 -1883 0 0 -7 -8 16708 -222
17:54:56.454 P 12707 -7094 -1779 0 0 -5 -7 20340 1220
17:54:56.454 P 12708 -7143 -1389 0 0 -7 -8 20996 52
17:54:56.454 P 12709 -7177 -871 0 0 -5 -8 18342 258
17:54:56.454 P 12710 -7195 -389 0 0 -7 -7 14380 462
17:54:56.454 P 12711 -7203 -45 0 0 -5 -6 14180 404
17:54:56.454 P 12712 -7203 270 0 0 -5 -7 12670 -458
17:54:56.454 P 12713 -7192 555 0 0 -6 -7 12746 306
17:54:56.454 P 12714 -7174 824 0 0 -6 -5 13566 492
17:54:56.454 P 12715 -7147 1070 0 0 -6 -7 15932 1474
17:54:56.454 P 12716 -7111 1326 0 0 -5 -5 16248 2480
17:54:56.454 P 12717 -7067 1575 0 0 -5 -5 17016 2614
17:54:56.454 P 12718 -7017 1787 0 0 -6 -6 16758 2976
17:54:56.454 P 12719 -6962 1945 0 0 -5 -4 16696 3100
17:54:56.454 P 12720 -6903 2033 0 0 -4 -5 13752 4172
17:54:56.454 P 12721 -6843 1966 0 0 -5 -4 28088 13344
17:54:56.454 P 12722 -6813 874 0 0 -6 -3 20222 14794
17:54:56.454 P 12723 -6824 -218 0 0 -5 -2 21188 3966
17:54:56.454 P 12724 -6830 -12 0 0 -4 -3 14430 2184
17:54:56.454 P 12725 -6824 443 0 0 -5 -3 15276 376
17:54:56.454 P 12726 -6802 881 0 0 -5 -2 17616 3888
17:54:56.454 P 12727 -6765 1164 0 0 -4 -3 15196 9220
17:54:56.454 P 12728 -6736 924 0 0 -4 -2 20478 11478
17:54:56.454 P 12729 -6718 663 0 0 -3 -2 25116 8170
17:54:56.454 P 12730 -6695 978 0 0 -4 -2 22434 3018
17:54:56.454 P 12731 -6656 1470 0 0 -3 -2 18754 2746
17:54:56.454 P 12732 -6608 1739 0 0 -3 -2 17384 3800
17:54:56.454 P 12733 -6561 1709 0 0 -4 -2 18928 4230
17:54:56.454 P 12734 -6517 1613 0 0 -2 -1 18378 4270
17:54:56.454 P 12735 -6469 1699 0 0 -3 -2 17812 5022
17:54:56.454 P 12736 -6416 1871 0 0 -3 -2 16162 5522
17:54:56.454 P 12737 -6360 1925 0 0 -3 -2 14858 6124
17:54:56.454 P 12738 -6304 1877 0 0 -3 -1 14556 6842
17:54:56.454 P 12739 -6252 1829 0 0 -3 -1 15102 5946
17:54:56.454 P 12740 -6199 1836 0 0 -2 -2 15754 6208
17:54:56.454 P 12741 -6145 1914 0 0 -2 -2 16744 6478
17:54:56.454 P 12742 -6087 2007 0 0 -3 -2 17790 7260
17:54:56.454 P 12743 -6028 2092 0 0 -2 -1 19710 7314
17:54:56.454 P 12744 -5964 2223 0 0 -3 -1 20098 7568
17:54:56.454 P 12745 -5895 2413 0 0 -1 -2 19900 7600
17:54:56.454 P 12746 -5820 2618 0 0 -3 -1 19428 7426
17:54:56.454 P 12747 -5739 2791 0 0 -3 -1 17906 7934
17:54:56.454 P 12748 -5654 2910 0 0 -1 -2 16194 8070
17:54:56.454 P 12749 -5567 2962 0 0 -3 -1 14668 8312
17:54:56.454 P 12750 -5482 2948 0 0 -2 -1 14386 6572
17:54:56.454 P 12751 -5398 2929 0 0 -2 -1 17264 7504
17:54:56.454 P 12752 -5308 3099 0 0 -2 -1 16520 8202
17:54:56.454 P 12753 -5212 3271 0 0 -3 0 13280 8304
17:54:56.454 P 12754 -5116 3244 0 0 -2 0 12328 8268
17:54:56.454 P 12755 -5023 3132 0 0 -2 -1 12568 8796
17:54:56.454 P 12756 -4932 3096 0 0 -3 0 12408 8894
17:54:56.454 P 12757 -4839 3139 0 0 -2 0 12242 9376
17:54:56.454 P 12758 -4744 3183 0 0 -3 0 10544 9092
17:54:56.454 P 12759 -4651 3128 0 0 -2 -1 11514 9264
17:54:56.454 P 12760 -4562 3068 0 0 -2 0 13162 9628
17:54:56.454 P 12761 -4472 3093 0 0 -3 -1 14250 9556
17:54:56.454 P 12762 -4381 3188 0 0 -2 0 14914 9892
17:54:56.454 P 12763 -4286 3301 0 0 -3 -1 14904 10292
17:54:56.454 P 12764 -4188 3380 0 0 -2 0 15518 10834
17:54:56.454 P 12765 -4088 3453 0 0 -2 -1 14086 10962
17:54:56.454 P 12766 -3986 3501 0 0 -3 0 12970 11426
17:54:56.454 P 12767 -3881 3539 0 0 -2 0 12334 12272
17:54:56.454 P 12768 -3774 3601 0 0 -3 -1 11616 12678
17:54:56.454 P 12769 -3664 3694 0 0 -3 0 11138 12952
17:54:56.454 P 12770 -3551 3808 0 0 -2 -1 11152 13086
17:54:56.454 P 12771 -3434 3936 0 0 -2 0 10422 13096
17:54:56.454 P 12772 -3313 4059 0 0 -2 -1 9860 12584
17:54:56.454 P 12773 -3188 4163 0 0 -3 0 8536 12668
17:54:56.454 P 12774 -3061 4211 0 0 -1 0 7056 12784
17:54:56.454 P 12775 -2934 4180 0 0 -3 0 6166 12600
17:54:56.454 P 12776 -2809 4093 0 0 -1 0 5828 12742
17:54:56.454 P 12777 -2689 3982 0 0 -3 0 6038 12592
17:54:56.454 P 12778 -2572 3885 0 0 -1 0 5930 12204
17:54:56.454 P 12779 -2458 3803 0 0 -3 0 5842 11752
17:54:56.454 P 12780 -2347 3751 0 0 -1 1 6812 11598
17:54:56.454 P 12781 -2237 3742 0 0 -3 0 6494 11356
17:54:56.454 P 12782 -2127 3726 0 0 -1 0 6676 11422
17:54:56.454 P 12783 -2018 3707 0 0 -2 0 6068 11568
17:54:56.454 P 12784 -1910 3658 0 0 -2 0 5198 11032
17:54:56.454 P 12785 -1804 3562 0 0 -2 0 4492 10848
17:54:56.454 P 12786 -1702 3436 0 0 -2 0 3814 11148
17:54:56.454 P 12787 -1603 3286 0 0 -2 0 3298 10788
17:54:56.454 P 12788 -1508 3158 0 0 -1 0 2578 9620
17:54:56.454 P 12789 -1415 3078 0 0 -3 0 1960 9698
17:54:56.454 P 12790 -1323 3009 0 0 -1 0 1944 11570
17:54:56.454 P 12791 -1236 2911 0 0 -1 0 2658 13556
17:54:56.454 P 12792 -1150 2813 0 0 -2 0 2058 14630
17:54:56.454 P 12793 -1067 2727 0 0 -1 0 3276 22522
17:54:56.454 P 12794 -989 2631 0 0 -1 0 6570 32767
17:54:56.454 P 12795 -913 2609 0 0 -2 0 7972 26772
17:54:56.454 P 12796 -837 2780 0 0 -1 0 7234 12110
17:54:56.454 P 12797 -756 3043 0 0 0 0 5512 6916
17:54:56.454 P 12798 -667 3229 0 0 -1 0 3910 7108
17:54:56.454 P 12799 -570 3312 0 0 -1 0 2358 9808
17:54:56.454 P 12800 -471 3328 0 0 -1 0 1890 13306
17:54:56.454 P 12801 -374 3307 0 0 0 1 3058 16378
17:54:56.454 P 12802 -276 3354 0 0 -1 0 3522 18384
17:54:56.454 P 12803 -171 3445 0 0 0 0 -180 20334
17:54:56.454 P 12804 -66 3380 0 0 -1 1 -3496 19098
17:54:56.454 P 12805 33 3175 0 0 0 0 -3372 14594
17:54:56.454 P 12806 128 3024 0 0 -1 0 -3322 11972
17:54:56.454 P 12807 222 2942 0 0 0 1 -4012 11856
17:54:56.454 P 12808 315 2890 0 0 0 0 -5848 13484
17:54:56.454 P 12809 407 2809 0 0 1 0 -7750 15794
17:54:56.454 P 12810 495 2672 0 0 0 1 -9008 17402
17:54:56.454 P 12811 577 2494 0 0 0 0 -9414 16954
17:54:56.454 P 12812 654 2293 0 0 0 1 -10152 16116
17:54:56.454 P 12813 725 2066 0 0 1 0 -10714 15390
17:54:56.454 P 12814 789 1835 0 0 0 1 -10460 14660
17:54:56.454 P 12815 846 1623 0 0 0 0 -10152 14328
17:54:56.454 P 12816 897 1453 0 0 1 0 -9678 14734
17:54:56.454 P 12817 943 1305 0 0 0 1 -9546 15624
17:54:56.454 P 12818 983 1167 0 0 1 0 -9136 16204
17:54:56.454 P 12819 1019 1024 0 0 1 1 -8380 16298
17:54:56.454 P 12820 1050 888 0 0 0 1 -7586 16166
17:54:56.454 P 12821 1076 776 0 0 1 0 -6872 15970
17:54:56.454 P 12822 1098 688 0 0 0 1 -5022 16022
17:54:56.454 P 12823 1117 665 0 0 0 0 -3012 16018
17:54:56.454 P 12824 1137 693 0 0 0 1 -3086 15828
17:54:56.454 P 12825 1156 698 0 0 1 0 -2732 16206
17:54:56.454 P 12826 1175 709 0 0 0 0 -2322 16550
17:54:56.454 P 12827 1196 741 0 0 0 1 -2570 16718
17:54:56.454 P 12828 1218 774 0 0 1 0 -3582 16860
17:54:56.454 P 12829 1242 778 0 0 0 1 -4974 16740
17:54:56.454 P 12830 1265 738 0 0 0 0 -5156 16198
17:54:56.454 P 12831 1287 698 0 0 1 0 -5584 15794
17:54:56.454 P 12832 1308 653 0 0 0 0 -6258 15652
17:54:56.454 P 12833 1328 585 0 0 0 0 -6378 15792
17:54:56.454 P 12834 1345 516 0 0 0 0 -6186 16022
17:54:56.454 P 12835 1360 462 0 0 0 0 -6300 16162
17:54:56.454 P 12836 1374 410 0 0 0 0 -6554 16140
17:54:56.454 P 12837 1387 351 0 0 0 0 -6560 16148
17:54:56.454 P 12838 1397 291 0 0 0 0 -6374 15798
17:54:56.454 P 12839 1406 240 0 0 0 0 -6358 15820
17:54:56.454 P 12840 1413 190 0 0 0 0 -6184 15916
17:54:56.454 P 12841 1418 144 0 0 0 0 -5560 15874
17:54:56.454 P 12842 1421 115 0 0 0 0 -4776 16048
17:54:56.454 P 12843 1423 99 0 0 0 0 -4384 16096
17:54:56.454 P 12844 1424 93 0 0 0 0 -3388 16378
17:54:56.454 P 12845 1424 106 0 0 0 0 -2950 16666
17:54:56.454 P 12846 1425 128 0 0 0 0 -2284 16520
17:54:56.454 P 12847 1427 158 0 0 0 0 -2734 15802
17:54:56.454 P 12848 1430 169 0 0 0 0 -3404 15888
17:54:56.454 P 12849 1434 167 0 0 0 0 -3748 16276
17:54:56.454 P 12850 1438 178 0 0 0 0 -4824 16854
17:54:56.454 P 12851 1445 166 0 0 0 0 -6874 17026
17:54:56.454 P 12852 1449 82 0 0 0 0 -6862 16180
17:54:56.454 P 12853 1451 -1 0 0 0 0 -7470 15428
17:54:56.454 P 12854 1452 -77 0 0 0 0 -7426 15178
17:54:56.454 P 12855 1450 -177 0 0 0 0 -8916 15240
17:54:56.454 P 12856 1445 -268 0 0 0 0 -7438 15674
17:54:56.454 P 12857 1437 -323 0 0 0 0 -7348 16024
17:54:56.454 P 12858 1427 -389 0 0 0 0 -6702 16190
17:54:56.454 P 12859 1413 -467 0 0 0 0 -5324 16260
17:54:56.454 P 12860 1396 -517 0 0 0 0 -4448 16356
17:54:56.454 P 12861 1378 -513 0 0 0 0 -2764 16254
17:54:56.454 P 12862 1361 -466 0 0 0 0 -2348 16222
17:54:56.454 P 12863 1345 -407 0 0 0 0 -1720 16364
17:54:56.454 P 12864 1331 -333 0 0 0 0 -1144 16424
17:54:56.454 P 12865 1320 -254 0 0 0 0 -2598 16414
17:54:56.454 P 12866 1313 -226 0 0 0 0 -4628 16350
17:54:56.454 P 12867 1302 -312 0 0 0 -1 -3664 16846
17:54:56.454 P 12868 1285 -359 0 0 0 0 1102 17206
17:54:56.454 P 12869 1272 -194 0 0 0 -1 780 16756
17:54:56.454 P 12870 1268 -57 0 0 0 0 -2338 16198
17:54:56.454 P 12871 1263 -73 0 0 0 0 -1960 16374
17:54:56.454 P 12872 1256 -72 0 0 0 -1 -692 16756
17:54:56.454 P 12873 1254 21 0 0 0 0 -2172 16660
17:54:56.454 P 12874 1254 76 0 0 0 0 -3198 16514
17:54:56.454 P 12875 1254 73 0 0 0 0 -2670 16330
17:54:56.454 P 12876 1254 88 0 0 0 0 -2668 16370
17:54:56.454 P 12877 1256 109 0 0 0 0 -3440 16292
17:54:56.454 P 12878 1258 98 0 0 0 0 -3838 16446
17:54:56.454 P 12879 1260 81 0 0 0 0 -3604 16652
17:54:56.454 P 12880 1261 83 0 0 0 0 -3874 16408
17:54:56.454 P 12881 1262 77 0 0 0 0 -3838 16300
17:54:56.454 P 12882 1263 64 0 0 0 0 -3674 16260
17:54:56.454 P 12883 1264 57 0 0 0 0 -3592 16256
17:54:56.454 P 12884 1264 60 0 0 0 0 -3630 16446
17:54:56.454 P 12885 1265 65 0 0 0 0 -3608 16492
17:54:56.454 P 12886 1265 63 0 0 0 0 -3566 16464
17:54:56.454 P 12887 1266 60 0 0 0 0 -3508 16294
17:54:56.454 P 12888 1266 58 0 0 0 0 -3618 16312
17:54:56.454 P 12889 1267 59 0 0 0 0 -3632 16294
17:54:56.454 P 12890 1268 57 0 0 0 0 -3774 16432
17:54:56.454 P 12891 1268 56 0 0 0 0 -3582 16364
17:54:56.454 P 12892 1268 57 0 0 0 0 -3398 16328
17:54:56.454 P 12893 1268 59 0 0 0 0 -3136 16344
17:54:56.454 P 12894 1268 72 0 0 0 0 -2882 16274
17:54:56.454 P 12895 1269 90 0 0 0 0 -2748 16370
17:54:56.454 P 12896 1270 110 0 0 0 0 -2680 16470
17:54:56.454 P 12897 1272 130 0 0 0 0 -2794 16598
17:54:56.454 P 12898 1274 149 0 0 0 0 -2868 16624
17:54:56.454 P 12899 1277 168 0 0 0 0 -3014 16444
17:54:56.454 P 12900 1281 184 0 0 0 0 -3142 16360
17:54:56.454 P 12901 1285 194 0 0 0 0 -3452 16284
17:54:56.454 P 12902 1290 198 0 0 0 0 -3522 16352
17:54:56.454 P 12903 1295 201 0 0 0 0 -3642 16472
17:54:56.454 P 12904 1299 204 0 0 0 0 -3744 16358
17:54:56.454 P 12905 1304 204 0 0 0 0 -3680 16364
17:54:56.454 P 12906 1309 203 0 0 0 0 -3690 16252
17:54:56.454 P 12907 1314 201 0 0 0 0 -3774 16292
17:54:56.454 P 12908 1319 199 0 0 0 0 -3866 16292
17:54:56.454 P 12909 1324 197 0 0 0 0 -4076 16278
17:54:56.454 P 12910 1329 190 0 0 0 0 -4222 16310
17:54:56.454 P 12911 1334 180 0 0 0 0 -4342 16276
17:54:56.454 P 12912 1338 166 0 0 0 0 -4442 16270
17:54:56.454 P 12913 1342 149 0 0 0 0 -4478 16218
17:54:56.454 P 12914 1346 131 0 0 0 0 -4488 16184
17:54:56.454 P 12915 1349 116 0 0 0 0 -4442 16246
17:54:56.454 P 12916 1351 102 0 0 0 0 -4328 16132
17:54:57.238 P 12917 1353 86 0 0 0 0 -4226 16202
17:54:57.238 P 12918 1354 75 0 0 0 0 -4152 16274
17:54:57.238 P 12919 1355 66 0 0 0 0 -4088 16308
17:54:57.238 P 12920 1356 61 0 0 0 0 -4034 16328
17:54:57.238 P 12921 1357 57 0 0 0 0 -3932 16250
17:54:57.238 P 12922 1357 54 0 0 0 0 -3674 16276
17:54:57.238 P 12923 1357 56 0 0 0 0 -3630 16142
17:54:57.238 P 12924 1357 61 0 0 0 0 -3614 16282
17:54:57.238 P 12925 1358 65 0 0 0 0 -3626 16356
17:54:57.238 P 12926 1358 67 0 0 0 0 -3804 16446
17:54:57.238 P 12927 1359 68 0 0 0 0 -3774 16354
17:54:57.238 P 12928 1360 68 0 0 0 0 -3970 16216
17:54:57.238 P 12929 1361 66 0 0 0 0 -4132 16258
17:54:57.238 P 12930 1362 59 0 0 0 0 -4146 16194
17:54:57.238 P 12931 1362 53 0 0 0 0 -4314 16318
17:54:57.238 P 12932 1363 43 0 0 0 0 -4378 16208
17:54:57.238 P 12933 1363 28 0 0 0 0 -4498 16220
17:54:57.238 P 12934 1363 13 0 0 0 0 -4566 16122
17:54:57.238 P 12935 1363 -3 0 0 0 0 -4562 16130
17:54:57.238 P 12936 1361 -23 0 0 0 0 -4584 16210
17:54:57.238 P 12937 1360 -42 0 0 0 0 -4536 16186
17:54:57.238 P 12938 1357 -60 0 0 0 0 -4554 16310
17:54:57.238 P 12939 1354 -77 0 0 0 0 -4488 16242
17:54:57.238 P 12940 1351 -95 0 0 0 0 -4422 16346
17:54:57.238 P 12941 1347 -114 0 0 0 0 -4382 16312
17:54:57.238 P 12942 1342 -127 0 0 0 0 -4510 16258
17:54:57.238 P 12943 1338 -144 0 0 0 0 -4572 16284
17:54:57.238 P 12944 1332 -163 0 0 0 0 -4558 16226
17:54:57.238 P 12945 1326 -181 0 0 0 0 -4630 16102
17:54:57.238 P 12946 1320 -204 0 0 0 0 -4548 16140
17:54:57.238 P 12947 1312 -224 0 0 0 0 -4446 16178
17:54:57.238 P 12948 1304 -243 0 0 0 0 -4242 16186
17:54:57.238 P 12949 1296 -259 0 0 0 0 -4090 16270
17:54:57.238 P 12950 1287 -270 0 0 0 0 -3926 16320
17:54:57.238 P 12951 1277 -280 0 0 0 0 -3740 16390
17:54:57.238 P 12952 1267 -284 0 0 0 0 -3576 16430
17:54:57.238 P 12953 1257 -288 0 0 0 0 -3536 16296
17:54:57.238 P 12954 1247 -288 0 0 0 0 -3404 16392
17:54:57.238 P 12955 1236 -286 0 0 0 0 -3286 16470
17:54:57.238 P 12956 1226 -282 0 0 0 0 -3236 16270
17:54:57.238 P 12957 1216 -276 0 0 0 0 -3016 16282
17:54:57.238 P 12958 1206 -270 0 0 0 0 -2848 16348
17:54:57.238 P 12959 1196 -257 0 0 0 0 -2756 16450
17:54:57.238 P 12960 1186 -242 0 0 0 0 -2578 16508
17:54:57.238 P 12961 1177 -221 0 0 0 0 -2194 16482
17:54:57.238 P 12962 1168 -195 0 0 0 0 -2034 16530
17:54:57.238 P 12963 1160 -167 0 0 0 0 -1916 16610
17:54:57.238 P 12964 1153 -134 0 0 0 0 -1774 16622
17:54:57.238 P 12965 1147 -97 0 0 0 0 -1660 16672
17:54:57.238 P 12966 1142 -58 0 0 0 0 -1636 16618
17:54:57.238 P 12967 1139 -23 0 0 0 0 -1656 16622
17:54:57.238 P 12968 1136 16 0 0 0 0 -1578 16648
17:54:57.238 P 12969 1135 55 0 0 0 0 -1670 16588
17:54:57.238 P 12970 1134 92 0 0 0 0 -1828 16556
17:54:57.238 P 12971 1135 124 0 0 0 0 -1918 16538
17:54:57.238 P 12972 1137 152 0 0 0 0 -2114 16564
17:54:57.238 P 12973 1141 181 0 0 0 0 -2346 16404
17:54:57.238 P 12974 1145 203 0 0 0 0 -2736 16380
17:54:57.238 P 12975 1150 216 0 0 0 0 -3002 16442
17:54:57.238 P 12976 1156 220 0 0 0 0 -3710 16246
17:54:57.238 P 12977 1162 209 0 0 0 0 -4158 16208
17:54:57.238 P 12978 1168 192 0 0 0 0 -4466 16226
17:54:57.238 P 12979 1173 169 0 0 0 0 -4606 16328
17:54:57.238 P 12980 1178 138 0 0 0 0 -4806 16314
17:54:57.238 P 12981 1181 102 0 0 0 0 -5026 16254
17:54:57.238 P 12982 1184 58 0 0 0 0 -5018 16204
17:54:57.238 P 12983 1185 20 0 0 0 0 -4932 16090
17:54:57.238 P 12984 1185 -14 0 0 0 0 -4838 16244
17:54:57.238 P 12985 1183 -47 0 0 0 0 -4606 16224
17:54:57.238 P 12986 1181 -78 0 0 0 0 -4362 16466
17:54:57.238 P 12987 1177 -103 0 0 0 0 -4174 16472
17:54:57.238 P 12988 1173 -126 0 0 0 0 -3850 16476
17:54:57.238 P 12989 1167 -140 0 0 0 0 -3602 16454
17:54:57.238 P 12990 1162 -148 0 0 0 0 -3360 16432
17:54:57.238 P 12991 1156 -154 0 0 0 0 -3416 16486
17:54:57.238 P 12992 1150 -162 0 0 0 0 -3476 16516
17:54:57.238 P 12993 1144 -176 0 0 0 0 -3796 16400
17:54:57.238 P 12994 1137 -193 0 0 0 0 -3650 16470
17:54:57.238 P 12995 1130 -207 0 0 0 0 -3404 16426
17:54:57.238 P 12996 1122 -221 0 0 0 0 -3420 16382
17:54:57.238 P 12997 1114 -240 0 0 0 0 -3418 16390
17:54:57.238 P 12998 1104 -262 0 0 0 0 -3316 16500
17:54:57.238 P 12999 1095 -278 0 0 0 0 -3492 16648
17:54:57.238 P 13000 1084 -296 0 0 0 0 -2534 16878
17:54:57.238 P 13001 1075 -279 0 0 0 0 -3924 16600
17:54:57.238 P 13002 1063 -280 0 0 0 0 -1320 16938
17:54:57.238 P 13003 1056 -205 0 0 0 0 -3534 16736
17:54:57.238 P 13004 1052 -207 0 0 0 0 -5642 16474
17:54:57.238 P 13005 1042 -308 0 0 0 0 -3900 16650
17:54:57.238 P 13006 1031 -333 0 0 0 0 -3216 16628
17:54:57.238 P 13007 1021 -315 0 0 0 1 -4126 16454
17:54:57.238 P 13008 1011 -339 0 0 0 0 -4142 16200
17:54:57.238 P 13009 1000 -375 0 0 0 0 -3746 16250
17:54:57.238 P 13010 988 -385 0 0 0 1 -4072 16246
17:54:57.238 P 13011 976 -401 0 0 0 1 -4418 16172
17:54:57.238 P 13012 963 -426 0 0 0 1 -3762 16344
17:54:57.238 P 13013 950 -430 0 0 0 0 -3688 16808
17:54:57.238 P 13014 937 -425 0 0 0 1 -3840 17062
17:54:57.238 P 13015 924 -427 0 0 0 1 -4114 16778
17:54:57.238 P 13016 911 -451 0 0 0 2 -4208 17026
17:54:57.238 P 13017 896 -495 0 0 0 0 -3906 16972
17:54:57.238 P 13018 880 -529 0 0 0 1 -3800 17354
17:54:57.238 P 13019 863 -563 0 0 0 2 -3638 17582
17:54:57.238 P 13020 844 -596 0 0 0 1 -3028 17880
17:54:57.238 P 13021 824 -601 0 0 0 1 -2812 18190
17:54:57.238 P 13022 806 -603 0 0 0 1 -3320 18170
17:54:57.238 P 13023 786 -625 0 0 0 2 -3012 18082
17:54:57.238 P 13024 765 -645 0 0 0 1 -2528 18108
17:54:57.238 P 13025 744 -656 0 0 0 1 -2344 17968
17:54:57.238 P 13026 722 -656 0 0 0 1 -1284 17952
17:54:57.238 P 13027 700 -622 0 0 0 1 -352 17646
17:54:57.238 P 13028 680 -552 0 0 0 2 -614 17936
17:54:57.238 P 13029 662 -485 0 0 0 1 -444 17534
17:54:57.238 P 13030 647 -425 0 0 0 1 -488 17164
17:54:57.238 P 13031 633 -375 0 0 0 1 -562 17206
17:54:57.238 P 13032 619 -334 0 0 0 2 -342 17206
17:54:57.238 P 13033 607 -293 0 0 0 1 320 17262
17:54:57.238 P 13034 596 -234 0 0 0 1 858 17226
17:54:57.238 P 13035 586 -157 0 0 0 1 1314 17140
17:54:57.238 P 13036 580 -66 0 0 0 1 1288 16876
17:54:57.238 P 13037 576 20 0 0 0 1 1200 16730
17:54:57.238 P 13038 574 95 0 0 0 0 1414 16636
17:54:57.238 P 13039 575 175 0 0 0 1 900 16312
17:54:57.238 P 13040 579 244 0 0 0 1 356 16144
17:54:57.238 P 13041 585 290 0 0 0 1 -278 15946
17:54:57.238 P 13042 592 313 0 0 0 0 -490 15846
17:54:57.238 P 13043 599 324 0 0 0 1 -294 15584
17:54:57.238 P 13044 607 337 0 0 0 0 -460 15446
17:54:57.238 P 13045 616 354 0 0 0 1 -1096 15404
17:54:57.238 P 13046 625 352 0 0 0 0 -1586 15252
17:54:57.238 P 13047 634 332 0 0 0 0 -2066 15310
17:54:57.238 P 13048 643 294 0 0 0 0 -2500 15304
17:54:57.238 P 13049 650 241 0 0 0 0 -2742 15162
17:54:57.238 P 13050 656 180 0 0 0 0 -2768 15140
17:54:57.238 P 13051 659 121 0 0 0 0 -2704 15138
17:54:57.238 P 13052 661 65 0 0 0 0 -2732 15176
17:54:57.238 P 13053 662 10 0 0 0 0 -2652 15318
17:54:57.238 P 13054 660 -42 0 0 0 0 -2258 15432
17:54:57.238 P 13055 656 -80 0 0 0 0 -1772 15540
17:54:57.238 P 13056 651 -103 0 0 0 0 -1244 15742
17:54:57.238 P 13057 645 -109 0 0 0 0 -772 15670
17:54:57.238 P 13058 639 -94 0 0 0 -1 -232 15712
17:54:57.238 P 13059 634 -58 0 0 0 0 -294 15742
17:54:57.238 P 13060 631 -18 0 0 0 0 -512 15774
17:54:57.238 P 13061 629 12 0 0 0 0 -360 15888
17:54:57.238 P 13062 627 46 0 0 0 0 -92 16118
17:54:57.238 P 13063 626 85 0 0 0 0 -150 16366
17:54:57.238 P 13064 627 125 0 0 0 0 -380 16386
17:54:57.238 P 13065 630 153 0 0 0 0 -1256 16398
17:54:57.238 P 13066 633 151 0 0 0 0 -1768 16510
17:54:57.238 P 13067 636 132 0 0 0 0 -1548 16498
17:54:57.238 P 13068 637 117 0 0 0 0 -1304 16550
17:54:57.238 P 13069 639 111 0 0 0 0 -1354 16576
17:54:57.238 P 13070 641 108 0 0 0 0 -1698 16598
17:54:57.238 P 13071 643 89 0 0 0 0 -2282 16584
17:54:57.238 P 13072 644 53 0 0 0 0 -2428 16820
17:54:57.238 P 13073 644 5 0 0 0 0 -2828 17008
17:54:57.238 P 13074 642 -49 0 0 0 0 -2782 17286
17:54:57.238 P 13075 638 -101 0 0 0 0 -2434 17532
17:54:57.238 P 13076 633 -137 0 0 0 0 -1920 17796
17:54:57.238 P 13077 626 -148 0 0 0 0 -1516 18020
17:54:57.238 P 13078 620 -142 0 0 0 0 -1612 18030
17:54:57.238 P 13079 615 -134 0 0 0 0 -1750 18072
17:54:57.238 P 13080 609 -134 0 0 0 0 -1922 17962
17:54:57.238 P 13081 604 -134 0 0 0 0 -1414 17954
17:54:57.238 P 13082 598 -120 0 0 0 0 -864 17900
17:54:57.238 P 13083 593 -84 0 0 0 0 -878 17718
17:54:57.238 P 13084 590 -51 0 0 0 0 -1426 17802
17:54:57.238 P 13085 587 -36 0 0 0 0 -1908 18040
17:54:57.238 P 13086 585 -41 0 0 0 0 -1982 18210
17:54:57.238 P 13087 582 -49 0 0 0 0 -1856 18378
17:54:57.238 P 13088 579 -54 0 0 0 0 -1674 18460
17:54:57.238 P 13089 576 -48 0 0 0 0 -1598 18450
17:54:57.238 P 13090 573 -40 0 0 0 0 -1662 18604
17:54:57.238 P 13091 571 -34 0 0 0 0 -1610 18522
17:54:57.238 P 13092 568 -28 0 0 0 0 -1438 18446
17:54:57.238 P 13093 566 -12 0 0 0 0 -1282 18364
17:54:57.238 P 13094 565 6 0 0 0 0 -1312 18250
17:54:57.238 P 13095 564 22 0 0 0 0 -1704 18140
17:54:57.238 P 13096 564 24 0 0 0 0 -1980 18180
17:54:57.238 P 13097 563 17 0 0 0 0 -2000 18264
17:54:57.238 P 13098 562 11 0 0 0 0 -1718 18258
17:54:57.238 P 13099 561 13 0 0 0 0 -1700 18376
17:54:57.238 P 13100 561 22 0 0 0 0 -1776 18486
17:54:57.238 P 13101 560 29 0 0 0 0 -1732 18454
17:54:57.238 P 13102 560 42 0 0 0 0 -1506 18502
17:54:57.238 P 13103 560 63 0 0 0 0 -1682 18358
17:54:57.238 P 13104 562 79 0 0 0 0 -1928 18204
17:54:57.238 P 13105 563 82 0 0 0 0 -1966 18026
17:54:57.238 P 13106 565 81 0 0 0 0 -2044 17876
17:54:57.238 P 13107 566 79 0 0 0 0 -1746 17646
17:54:57.238 P 13108 567 84 0 0 0 0 -1598 17350
17:54:57.238 P 13109 568 99 0 0 0 0 -1490 17130
17:54:57.238 P 13110 570 117 0 0 0 0 -1458 17106
17:54:57.238 P 13111 573 131 0 0 0 0 -1514 17036
17:54:57.238 P 13112 576 140 0 0 0 0 -1564 17182
17:54:57.238 P 13113 579 144 0 0 0 0 -1560 17122
17:54:57.238 P 13114 582 148 0 0 0 0 -1714 17276
17:54:57.238 P 13115 585 150 0 0 0 0 -1784 17488
17:54:57.238 P 13116 589 149 0 0 0 0 -2106 17622
17:54:57.238 P 13117 592 146 0 0 0 0 -2196 17742
17:54:57.238 P 13118 596 143 0 0 0 0 -2362 17940
17:54:57.238 P 13119 600 142 0 0 0 0 -2496 17944
17:54:57.238 P 13120 603 142 0 0 0 0 -2392 17806
17:54:57.238 P 13121 607 145 0 0 0 0 -2086 17770
17:54:57.238 P 13122 610 163 0 0 0 0 -1744 17622
17:54:57.238 P 13123 615 189 0 0 0 0 -1702 17472
17:54:57.238 P 13124 620 216 0 0 0 0 -1762 17244
17:54:57.238 P 13125 626 237 0 0 0 0 -1806 16966
17:54:57.238 P 13126 632 253 0 0 0 0 -1320 16968
17:54:57.238 P 13127 638 278 0 0 0 0 -988 16866
17:54:57.238 P 13128 645 310 0 0 0 0 -740 16846
17:54:57.238 P 13129 653 342 0 0 0 0 -736 16842
17:54:57.238 P 13130 661 370 0 0 0 0 -726 16844
17:54:57.238 P 13131 670 393 0 0 0 0 -602 16784
17:54:57.238 P 13132 680 420 0 0 0 0 -544 16724
17:54:57.238 P 13133 691 447 0 0 0 0 -752 16676
17:54:57.238 P 13134 703 467 0 0 0 0 -1172 16650
17:54:57.238 P 13135 716 478 0 0 0 0 -1414 16548
17:54:57.319 P 13136 729 482 0 0 0 0 -1578 16392
17:54:57.319 P 13137 742 484 0 0 0 0 -1700 16380
17:54:57.319 P 13138 755 486 0 0 0 0 -2118 16260
17:54:57.319 P 13139 769 479 0 0 0 0 -2528 16258
17:54:57.319 P 13140 782 463 0 0 0 0 -2820 16102
17:54:57.319 mt off, battery 12.38 V
17:54:58.101 D 65780 0 5.78 0.000 -1701 -1686 1.87
17:54:58.101 R 26335 2 36.5
17:54:58.101 E 0 -611 -670 170 -1482 -1507
17:54:58.101 E 1 -608 -298 156 -1521 -1468
17:54:58.101 E 2 -608 -182 145 -1549 -1406
17:54:58.101 E 3 -606 378 144 -1484 1431
17:54:58.101 E 4 -597 945 128 -1488 1535
17:54:58.101 E 5 -588 1225 126 -1466 1638
17:54:58.101 E 6 -577 1664 124 -1395 1707
17:54:58.101 E 7 -559 2048 115 -1374 1755
17:54:58.101 E 8 -529 1859 118 -1363 1749
17:54:58.101 E 9 -501 475 106 -1525 1535
17:54:58.101 E 10 -501 -1225 88 -1635 -1458
17:54:58.101 E 11 -508 -1273 91 -1567 -1689
17:54:58.101 E 12 -502 -944 85 -1653 -1785
17:54:58.101 E 13 -502 -1609 77 -1732 -1886
17:54:58.101 E 14 -515 -1804 68 -1786 -1963
17:54:58.101 E 15 -523 -792 58 -1772 -1958
17:54:58.101 E 16 -523 323 49 -1703 -1861
17:54:58.101 E 17 -522 1238 31 -1737 -1701
17:54:58.101 E 18 -514 2500 18 -1723 -1424
17:54:58.101 E 19 -497 3713 1 -1691 1365
17:54:58.101 E 20 -475 4420 -6 -1593 1428
17:54:58.101 E 21 -452 4713 -12 -1493 1400
17:54:58.101 E 22 -425 5017 -14 -1410 1410
17:54:58.101 E 23 -386 5060 -14 -1315 1385
17:54:58.101 E 24 -363 4139 -23 -1409 -1391
17:54:58.101 E 25 -343 3725 -22 -1364 -1387
17:54:58.101 E 26 -325 3469 -23 -1377 -1350
17:54:58.101 E 27 -309 3182 -25 -1388 1368
17:54:58.101 E 28 -295 3018 -22 -1435 1442
17:54:58.101 E 29 -280 3024 -22 -1463 1448
17:54:58.101 E 30 -264 2926 -22 -1473 1426
17:54:58.101 E 31 -248 2634 -20 -1467 1388
17:54:58.101 E 32 -231 2103 -23 -1517 1304
17:54:58.101 E 33 -218 1542 -18 -1512 -1390
17:54:58.101 E 34 -203 1189 -16 -1473 -1435
17:54:58.101 E 35 -189 518 -20 -1533 -1513
17:54:58.101 E 36 -179 -408 -26 -1655 -1667
17:54:58.101 E 37 -174 -1182 -34 -1780 -1830
17:54:58.101 E 38 -172 -1712 -33 -1828 -1915
17:54:58.101 E 39 -174 -2432 -42 -1898 -2001
17:54:58.101 E 40 -187 -3041 -45 -1915 -2023
17:54:58.101 E 41 -209 -2791 -60 -1913 -2024
17:54:58.101 E 42 -226 -1273 -67 -1834 -1925
17:54:58.101 E 43 -217 347 -69 -1712 -1750
17:54:58.101 E 44 -209 408 -89 -1860 -1769
17:54:58.101 E 45 -205 732 -103 -2003 -1695
17:54:58.101 E 46 -187 1616 -110 -2009 -1514
17:54:58.101 E 47 -164 1353 -123 -2104 -1580
17:54:58.101 E 48 -158 390 -133 -2164 -1678
17:54:58.101 E 49 -148 689 -139 -2109 -1715
17:54:58.101 E 50 -130 1116 -144 -2037 -1871
17:54:58.101 E 51 -116 872 -150 -1859 -2005
17:54:58.101 E 52 -105 860 -170 -1838 -2173
17:54:58.101 E 53 -86 1213 -176 -1759 -2236
17:54:58.101 E 54 -70 872 -190 -1831 -2270
17:54:58.101 E 55 -63 500 -208 -1899 -2322
17:54:58.101 E 56 -53 555 -212 -1990 -2295
17:54:58.101 E 57 -45 408 -220 -2075 -2239
17:54:58.101 E 58 -36 250 -233 -2235 -2208
17:54:58.101 E 59 -28 116 -246 -2419 -2177
17:54:58.101 E 60 -12 152 -258 -2460 -2102
17:54:58.101 E 61 5 -97 -283 -2477 -2141
17:54:58.101 E 62 2 -395 -297 -2469 -2201
17:54:58.101 E 63 0 -542 -318 -2460 -2268
17:54:58.101 E 64 -2 -456 -337 -2324 -2295
17:54:58.101 E 65 14 -1109 -349 -2296 -2322
17:54:58.101 E 66 24 -1572 -371 -2299 -2313
17:54:58.101 E 67 40 -1346 -386 -2274 -2309
17:54:58.101 E 68 31 -1956 -402 -2280 -2285
17:54:58.101 E 69 26 -2682 -422 -2296 -2293
17:54:58.101 E 70 26 -2541 -425 -2287 -2279
17:54:58.101 E 71 19 -2621 -433 -2286 -2284
17:54:58.101 E 72 5 -2895 -443 -2287 -2290
17:54:58.101 E 73 0 -2901 -447 -2269 -2266
17:54:58.101 E 74 -4 -3169 -469 -2266 -2277
17:54:58.101 E 75 -18 -3712 -472 -2281 -2287
17:54:58.101 E 76 -24 -3602 -479 -2268 -2279
17:54:58.101 E 77 -33 -4261 -487 -2268 -2246
17:54:58.101 E 78 -55 -5132 -492 -2287 -2254
17:54:58.101 E 79 -74 -5181 -496 -2276 -2241
17:54:58.101 E 80 -92 -5577 -506 -2233 -2216
17:54:58.101 E 81 -120 -6297 -523 -2219 -2219
17:54:58.101 E 82 -149 -6382 -515 -2217 -2206
17:54:58.101 E 83 -171 -6437 -523 -2194 -2183
17:54:58.101 E 84 -202 -7266 -524 -2192 -2182
17:54:58.101 E 85 -237 -7589 -522 -2219 -2172
17:54:58.101 E 86 -268 -7803 -535 -2205 -2153
17:54:58.101 E 87 -307 -8589 -531 -2198 -2145
17:54:58.101 E 88 -352 -9254 -535 -2191 -2141
17:54:58.101 E 89 -393 -9479 -536 -2170 -2121
17:54:58.101 E 90 -438 -10113 -535 -2164 -2116
17:54:58.101 E 91 -495 -10680 -538 -2194 -2111
17:54:58.101 E 92 -541 -10863 -539 -2179 -2091
17:54:58.101 E 93 -593 -11577 -535 -2179 -2074
17:54:58.101 E 94 -649 -12430 -539 -2179 -2077
17:54:58.101 E 95 -708 -13229 -547 -2139 -2067
17:54:58.101 E 96 -763 -13899 -546 -2114 -2053
17:54:58.101 E 97 -818 -14850 -551 -2110 -2065
17:54:58.101 E 98 -882 -16082 -553 -2112 -2036
17:54:58.101 E 99 -950 -17277 -555 -2084 -2010
17:54:58.101 E 100 -1025 -18630 -558 -2071 -1980
17:54:58.101 E 101 -1106 -20002 -560 -2059 -1974
17:54:58.101 E 102 -1213 -21471 -559 -2022 -1932
17:54:58.101 E 103 -1325 -22721 -560 -1997 -1891
17:54:58.101 E 104 -1441 -23361 -556 -1974 -1891
17:54:58.101 E 105 -1558 -24635 -557 -1928 -1816
17:54:58.101 E 106 -1687 -25891 -560 -1892 -1805
17:54:58.101 E 107 -1819 -26538 -548 -1872 -1761
17:54:58.101 E 108 -1954 -27184 -548 -1851 -1746
17:54:58.101 E 109 -2093 -27915 -535 -1819 -1750
17:54:58.101 E 110 -2235 -28543 -530 -1787 -1716
17:54:58.101 E 111 -2379 -28988 -523 -1766 -1714
17:54:58.101 E 112 -2526 -29501 -505 -1745 -1685
17:54:58.101 E 113 -2677 -30165 -506 -1734 -1677
17:54:58.101 E 114 -2830 -30708 -491 -1724 -1674
17:54:58.101 E 115 -2985 -31086 -482 -1714 -1669
17:54:58.101 E 116 -3143 -31671 -470 -1699 -1682
17:54:58.101 E 117 -3304 -32104 -458 -1701 -1686
17:54:58.101 E 118 -3464 -32110 -446 -1706 -1685
17:54:58.101 E 119 -3647 -32177 -426 -1701 -1686
17:54:58.101 R end
17:54:58.101 T 4545 1730 2854 2594 5191 0 5267
17:54:58.101 P 13141 795 439 0 0 0 0 -2928 15902
17:54:58.101 P 13142 807 410 0 0 0 0 -2840 15732
17:54:58.101 P 13143 818 382 0 0 0 0 -2452 15648
17:54:58.101 P 13144 827 360 0 0 0 0 -2128 15394
17:54:58.101 P 13145 836 348 0 0 0 0 -1980 15238
17:54:58.101 P 13146 845 334 0 0 0 0 -2020 15076
17:54:58.101 P 13147 853 314 0 0 0 0 -1638 15134
17:54:58.101 P 13148 859 302 0 0 0 0 -1360 15108
17:54:58.101 P 13149 866 298 0 0 0 0 -1566 15018
17:54:58.101 P 13150 873 289 0 0 0 0 -1884 14984
17:54:58.101 P 13151 880 270 0 0 0 0 -1840 15152
17:54:58.101 P 13152 885 251 0 0 0 0 -1868 15326
17:54:58.101 P 13153 891 239 0 0 0 0 -1834 15390
17:54:58.101 P 13154 896 227 0 0 0 0 -1976 15488
17:54:58.101 P 13155 900 216 0 0 0 0 -1914 15520
17:54:58.101 P 13156 905 212 0 0 0 0 -1754 15666
17:54:58.101 P 13157 909 214 0 0 0 0 -1708 15566
17:54:58.101 P 13158 913 222 0 0 0 0 -1574 15780
17:54:58.101 P 13159 918 235 0 0 0 0 -1488 15684
17:54:58.101 P 13160 923 254 0 0 0 0 -1524 15722
17:54:58.101 P 13161 929 269 0 0 0 0 -1494 15670
17:54:58.101 P 13162 935 282 0 0 0 0 -1740 15696
17:54:58.101 P 13163 942 287 0 0 0 0 -2016 15584
17:54:58.101 P 13164 949 282 0 0 0 0 -2124 15500
17:54:58.101 P 13165 955 273 0 0 0 0 -2172 15576
17:54:58.101 P 13166 961 260 0 0 0 0 -2238 15392
17:54:58.101 P 13167 967 246 0 0 0 0 -2516 15436
17:54:58.101 P 13168 973 219 0 0 0 0 -2506 15478
17:54:58.101 P 13169 976 189 0 0 0 0 -2150 15744
17:54:58.101 P 13170 979 166 0 0 0 0 -1828 15846
17:54:58.101 P 13171 981 156 0 0 0 0 -1752 15958
17:54:58.101 P 13172 984 144 0 0 0 0 -2478 15964
17:54:58.101 P 13173 986 110 0 0 0 0 -2806 16188
17:54:58.101 P 13174 987 66 0 0 0 0 -2596 16262
17:54:58.101 P 13175 986 26 0 0 0 0 -2306 16292
17:54:58.101 P 13176 984 0 0 0 0 0 -2358 16358
17:54:58.101 P 13177 981 -21 0 0 0 0 -2364 16190
17:54:58.101 P 13178 978 -42 0 0 0 0 -2396 16108
17:54:58.101 P 13179 975 -60 0 0 0 0 -2638 16104
17:54:58.101 P 13180 971 -90 0 0 0 0 -2836 15964
17:54:58.101 P 13181 966 -127 0 0 0 0 -2724 15896
17:54:58.101 P 13182 960 -165 0 0 0 0 -2764 15944
17:54:58.101 P 13183 952 -204 0 0 0 0 -2668 15884
17:54:58.101 P 13184 943 -242 0 0 0 0 -2424 16018
17:54:58.101 P 13185 933 -270 0 0 0 0 -2078 16024
17:54:58.101 P 13186 923 -282 0 0 0 0 -2142 16042
17:54:58.101 P 13187 912 -295 0 0 0 0 -2316 16044
17:54:58.101 P 13188 901 -314 0 0 0 0 -2302 16192
17:54:58.101 P 13189 889 -334 0 0 0 0 -2198 16214
17:54:58.101 P 13190 877 -348 0 0 0 0 -2772 16170
17:54:58.101 P 13191 865 -369 0 0 0 0 -2652 16126
17:54:58.101 P 13192 851 -378 0 0 0 0 -1814 15956
17:54:58.101 P 13193 838 -352 0 0 0 0 -1400 16000
17:54:58.101 P 13194 826 -307 0 0 0 0 -1290 15868
17:54:58.101 P 13195 816 -254 0 0 0 0 -1330 15830
17:54:58.101 P 13196 808 -209 0 0 0 0 -1598 15824
17:54:58.101 P 13197 801 -177 0 0 0 0 -1800 15692
17:54:58.101 P 13198 794 -154 0 0 0 0 -1750 15576
17:54:58.101 P 13199 788 -137 0 0 0 0 -1624 15608
17:54:58.101 P 13200 782 -118 0 0 0 0 -1364 15532
17:54:58.101 P 13201 777 -89 0 0 0 0 -1082 15502
17:54:58.101 P 13202 772 -56 0 0 0 0 -946 15392
17:54:58.101 P 13203 769 -17 0 0 0 0 -786 15166
17:54:58.101 P 13204 767 24 0 0 0 0 -796 15050
17:54:58.101 P 13205 766 63 0 0 0 0 -848 14922
17:54:58.101 P 13206 766 93 0 0 0 0 -1082 14712
17:54:58.101 P 13207 768 116 0 0 0 0 -1270 14630
17:54:58.101 P 13208 769 127 0 0 0 0 -1330 14446
17:54:58.101 P 13209 771 132 0 0 0 0 -1248 14330
17:54:58.101 P 13210 773 135 0 0 0 0 -1184 14272
17:54:58.101 P 13211 775 137 0 0 0 0 -1096 14212
17:54:58.101 P 13212 776 141 0 0 0 0 -878 14176
17:54:58.101 P 13213 778 151 0 0 0 0 -714 14094
17:54:58.101 P 13214 780 164 0 0 0 0 -742 14126
17:54:58.101 P 13215 783 172 0 0 0 0 -1012 14202
17:54:58.101 P 13216 785 169 0 0 0 0 -1152 14330
17:54:58.101 P 13217 788 154 0 0 0 0 -1350 14392
17:54:58.101 P 13218 790 132 0 0 0 0 -1422 14456
17:54:58.101 P 13219 791 103 0 0 0 0 -1634 14550
17:54:58.101 P 13220 791 69 0 0 0 0 -1418 14550
17:54:58.101 P 13221 790 41 0 0 0 0 -1416 14646
17:54:58.101 P 13222 789 13 0 0 0 0 -1702 14536
17:54:58.101 P 13223 787 -21 0 0 0 0 -1996 14672
17:54:58.101 P 13224 784 -63 0 0 0 0 -2026 14748
17:54:58.101 P 13225 779 -102 0 0 0 0 -1808 14942
17:54:58.101 P 13226 773 -130 0 0 0 0 -1612 14910
17:54:58.101 P 13227 767 -142 0 0 0 0 -1650 15004
17:54:58.101 P 13228 760 -150 0 0 0 0 -1660 15170
17:54:58.101 P 13229 754 -152 0 0 0 0 -1528 15242
17:54:58.101 P 13230 747 -149 0 0 0 0 -1352 15302
17:54:58.101 P 13231 740 -145 0 0 0 0 -1242 15214
17:54:58.101 P 13232 734 -134 0 0 0 0 -892 15278
17:54:58.101 P 13233 727 -115 0 0 0 0 -896 15238
17:54:58.101 P 13234 722 -95 0 0 0 0 -1050 15170
17:54:58.101 P 13235 717 -79 0 0 0 0 -1016 15180
17:54:58.101 P 13236 713 -63 0 0 0 0 -868 15144
17:54:58.101 P 13237 709 -41 0 0 0 0 -754 15162
17:54:58.101 P 13238 705 -13 0 0 0 0 -466 15246
17:54:58.101 P 13239 703 18 0 0 0 0 -528 15112
17:54:58.101 P 13240 701 43 0 0 0 0 -618 14984
17:54:58.101 P 13241 700 59 0 0 0 0 -634 14832
17:54:58.101 P 13242 700 74 0 0 0 0 -840 14706
17:54:58.101 P 13243 700 80 0 0 0 0 -1128 14714
17:54:58.101 P 13244 700 73 0 0 0 0 -1514 14508
17:54:58.101 P 13245 701 52 0 0 0 0 -1830 14542
17:54:58.101 P 13246 700 18 0 0 0 0 -1976 14566
17:54:58.101 P 13247 698 -23 0 0 0 0 -1918 14736
17:54:58.101 P 13248 695 -64 0 0 0 0 -1960 14686
17:54:58.101 P 13249 690 -104 0 0 0 0 -1922 14864
17:54:58.101 P 13250 685 -146 0 0 0 0 -1992 15094
17:54:58.101 P 13251 678 -187 0 0 0 0 -1990 15262
17:54:58.101 P 13252 670 -225 0 0 0 0 -2050 15450
17:54:58.777 P 13253 661 -261 0 0 0 0 -1870 15626
17:54:58.777 P 13254 650 -288 0 0 0 0 -1556 15794
17:54:58.777 P 13255 639 -301 0 0 0 0 -1184 16096
17:54:58.777 P 13256 628 -299 0 0 0 0 -1148 16176
17:54:58.777 P 13257 617 -293 0 0 0 0 -1200 16528
17:54:58.777 P 13258 606 -284 0 0 0 0 -1088 16678
17:54:58.777 P 13259 596 -270 0 0 0 0 -1140 16800
17:54:58.777 P 13260 586 -255 0 0 0 0 -1630 17050
17:54:58.777 P 13261 578 -254 0 0 0 0 -2414 17222
17:54:58.777 P 13262 569 -278 0 0 0 0 -2546 17544
17:54:58.777 P 13263 559 -304 0 0 0 0 -2246 17838
17:54:58.777 P 13264 548 -314 0 0 0 0 -1760 18076
17:54:58.777 P 13265 537 -305 0 0 0 0 -1744 17996
17:54:58.777 P 13266 528 -287 0 0 0 0 -2100 18100
17:54:58.777 P 13267 519 -273 0 0 0 0 -2282 18120
17:54:58.777 P 13268 510 -261 0 0 0 0 -2256 18112
17:54:58.777 P 13269 502 -249 0 0 0 0 -2234 17972
17:54:58.777 P 13270 494 -230 0 0 0 0 -2098 18036
17:54:58.777 P 13271 487 -208 0 0 0 0 -2018 17822
17:54:58.777 P 13272 480 -185 0 0 0 0 -1990 17572
17:54:58.777 P 13273 474 -154 0 0 0 0 -1732 17388
17:54:58.777 P 13274 470 -115 0 0 0 0 -1482 17110
17:54:58.777 P 13275 466 -67 0 0 0 0 -1290 16994
17:54:58.777 P 13276 464 -15 0 0 0 0 -1536 16884
17:54:58.777 P 13277 465 27 0 0 0 0 -1924 16824
17:54:58.777 P 13278 466 44 0 0 0 0 -2504 16938
17:54:58.777 P 13279 467 33 0 0 0 0 -2610 17140
17:54:58.777 P 13280 466 14 0 0 0 0 -1890 17278
17:54:58.777 P 13281 465 16 0 0 0 0 -962 17572
17:54:58.777 P 13282 464 50 0 0 0 0 -452 17744
17:54:58.777 P 13283 465 98 0 0 0 0 -436 17860
17:54:58.777 P 13284 467 139 0 0 0 0 -896 17952
17:54:58.777 P 13285 470 152 0 0 0 0 -1368 17778
17:54:58.777 P 13286 473 137 0 0 0 0 -1428 17638
17:54:58.777 P 13287 474 103 0 0 0 0 -1346 17476
17:54:58.777 P 13288 474 63 0 0 0 0 -1070 17224
17:54:58.777 P 13289 473 26 0 0 0 0 -654 17004
17:54:58.777 P 13290 470 -6 0 0 0 0 -272 16836
17:54:58.777 P 13291 466 -35 0 0 0 0 -104 16526
17:54:58.777 P 13292 462 -58 0 0 0 0 -160 16198
17:54:58.777 P 13293 456 -93 0 0 0 0 -272 16002
17:54:58.777 P 13294 450 -137 0 0 0 0 -336 15742
17:54:58.777 P 13295 442 -185 0 0 0 0 -324 15694
17:54:58.777 P 13296 432 -234 0 0 0 0 -314 15586
17:54:58.777 P 13297 421 -283 0 0 0 0 -206 15568
17:54:58.777 P 13298 408 -330 0 0 0 0 84 16074
17:54:58.777 P 13299 395 -356 0 0 0 0 -816 17902
17:54:58.777 P 13300 381 -413 0 0 0 0 -1474 21658
17:54:58.777 P 13301 364 -476 0 0 0 0 -86 18104
17:54:58.777 P 13302 352 -470 0 0 0 0 -4534 17306
17:54:58.777 P 13303 334 -549 0 0 0 0 -1676 32767
17:54:58.777 P 13304 317 -497 0 0 0 0 -194 32767
17:54:58.777 P 13305 304 -340 0 0 0 0 212 30676
17:54:58.777 P 13306 299 -124 0 0 0 0 -1810 23846
17:54:58.777 P 13307 303 34 0 0 0 0 -3234 12282
17:54:58.777 P 13308 311 62 0 0 0 0 -4144 8296
17:54:58.777 P 13309 313 -46 0 0 0 0 -2174 7256
17:54:58.777 P 13310 305 -141 0 0 0 0 520 7300
17:54:58.777 P 13311 293 -156 0 0 0 0 2308 8876
17:54:58.777 P 13312 285 -107 0 0 0 0 1760 14570
17:54:58.777 P 13313 281 -2 0 0 0 0 2020 22546
17:54:58.777 P 13314 280 105 0 0 0 0 1784 28066
17:54:58.777 P 13315 285 248 0 0 0 0 728 21614
17:54:58.777 P 13316 293 331 0 0 0 0 -664 18154
17:54:58.777 P 13317 302 311 0 0 0 0 -1128 17126
17:54:58.777 P 13318 308 243 0 0 0 0 -832 14230
17:54:58.777 P 13319 311 188 0 0 0 0 -98 12210
17:54:58.777 P 13320 313 182 0 0 0 0 554 12734
17:54:58.777 P 13321 316 209 0 0 0 0 942 16190
17:54:58.777 P 13322 321 268 0 0 0 0 634 19818
17:54:58.777 P 13323 329 324 0 0 0 0 232 20676
17:54:58.777 P 13324 336 342 0 0 0 0 -2 18764
17:54:58.777 P 13325 344 338 0 0 0 0 -152 16504
17:54:58.777 P 13326 353 338 0 0 0 0 -438 15014
17:54:58.777 P 13327 361 334 0 0 0 0 -682 14524
17:54:58.777 P 13328 370 333 0 0 0 0 -742 15298
17:54:58.777 P 13329 378 337 0 0 0 0 -1078 17266
17:54:58.777 P 13330 388 339 0 0 0 0 -1624 18578
17:54:58.777 P 13331 397 332 0 0 0 0 -2064 17856
17:54:58.777 P 13332 406 303 0 0 0 0 -2318 16676
17:54:58.777 P 13333 414 258 0 0 0 0 -2392 15762
17:54:58.777 P 13334 421 206 0 0 0 0 -2566 15764
17:54:58.777 P 13335 425 157 0 0 0 0 -2400 16448
17:54:58.777 P 13336 429 121 0 0 0 0 -2312 16970
17:54:58.777 P 13337 431 93 0 0 0 0 -2156 17432
17:54:58.777 P 13338 433 68 0 0 0 0 -2098 17098
17:54:58.777 P 13339 433 38 0 0 0 0 -1930 16724
17:54:58.777 P 13340 433 13 0 0 0 0 -1584 16426
17:54:58.777 P 13341 432 10 0 0 0 0 -1286 16268
17:54:58.777 P 13342 431 18 0 0 0 0 -1164 16338
17:54:58.777 P 13343 431 12 0 0 0 0 -2590 16450
17:54:58.777 P 13344 428 -40 0 0 0 0 -1006 17240
17:54:58.777 P 13345 425 -51 0 0 0 0 -1010 17250
17:54:58.777 P 13346 423 -53 0 0 0 0 -1718 16768
17:54:58.777 P 13347 419 -83 0 0 0 0 -1720 16486
17:54:58.777 P 13348 415 -108 0 0 0 0 -1538 16512
17:54:58.777 P 13349 410 -123 0 0 0 0 -1338 16650
17:54:58.777 P 13350 404 -133 0 0 0 0 -960 16828
17:54:58.777 P 13351 398 -139 0 0 0 0 -476 16868
17:54:58.777 P 13352 391 -137 0 0 0 0 -122 16760
17:54:58.777 P 13353 385 -125 0 0 0 0 14 16696
17:54:58.777 P 13354 378 -109 0 0 0 0 160 16696
17:54:58.777 P 13355 373 -86 0 0 0 0 234 16704
17:54:58.777 P 13356 368 -63 0 0 0 0 78 16802
17:54:58.777 P 13357 364 -44 0 0 0 0 8 16818
17:54:58.777 P 13358 361 -28 0 0 0 0 -162 16812
17:54:58.777 P 13359 358 -14 0 0 0 0 -328 16754
17:54:58.777 P 13360 356 -6 0 0 0 0 -444 16802
17:54:58.777 P 13361 354 3 0 0 0 0 -434 16696
17:54:58.777 P 13362 352 10 0 0 0 0 -488 16710
17:54:58.777 P 13363 351 14 0 0 0 0 -626 16750
17:54:58.777 P 13364 350 18 0 0 0 0 -548 16662
17:54:58.777 P 13365 348 20 0 0 0 0 -626 16712
17:54:58.777 P 13366 347 20 0 0 0 0 -798 16734
17:54:58.777 P 13367 346 18 0 0 0 0 -800 16800
17:54:58.777 P 13368 345 15 0 0 0 0 -748 16818
17:54:58.777 P 13369 344 17 0 0 0 0 -708 16758
17:54:58.777 P 13370 343 19 0 0 0 0 -708 16832
17:54:58.777 P 13371 341 20 0 0 0 0 -616 16770
17:54:58.777 P 13372 340 21 0 0 0 0 -558 16754
17:54:58.777 P 13373 339 22 0 0 0 0 -612 16736
17:54:58.777 P 13374 338 22 0 0 0 0 -762 16834
17:54:58.777 P 13375 337 20 0 0 0 0 -822 16840
17:54:58.777 P 13376 336 16 0 0 0 0 -940 16722
17:54:58.777 P 13377 335 9 0 0 0 0 -1054 16642
17:54:58.777 P 13378 334 -2 0 0 0 0 -1148 16706
17:54:58.777 P 13379 332 -14 0 0 0 0 -1190 16680
17:54:58.777 P 13380 330 -30 0 0 0 0 -1370 16792
17:54:58.777 P 13381 328 -48 0 0 0 0 -1534 16780
17:54:58.777 P 13382 325 -73 0 0 0 0 -1708 16898
17:54:58.777 P 13383 321 -101 0 0 0 0 -1796 16754
17:54:58.777 P 13384 317 -131 0 0 0 0 -1826 16782
17:54:58.777 P 13385 311 -160 0 0 0 0 -1308 16936
17:54:58.777 P 13386 304 -157 0 0 0 0 -24 16912
17:54:58.777 P 13387 297 -135 0 0 0 0 30 16646
17:54:58.777 P 13388 291 -125 0 0 0 0 148 16932
17:54:58.777 P 13389 285 -114 0 0 0 0 184 16946
17:54:58.777 P 13390 279 -100 0 0 0 0 530 17040
17:54:58.777 P 13391 273 -76 0 0 0 0 968 16698
17:54:58.777 P 13392 269 -34 0 0 0 0 758 16438
17:54:58.777 P 13393 266 -3 0 0 0 0 498 16674
17:54:58.777 P 13394 264 18 0 0 0 0 -28 16816
17:54:58.777 P 13395 263 25 0 0 0 0 -222 16998
17:54:58.777 P 13396 262 29 0 0 0 0 -16 17176
17:54:58.777 P 13397 261 44 0 0 0 0 80 16942
17:54:58.777 P 13398 260 66 0 0 0 0 46 16736
17:54:58.777 P 13399 261 80 0 0 0 0 -48 16692
17:54:58.777 P 13400 261 88 0 0 0 0 70 16520
17:54:58.777 P 13401 261 92 0 0 0 0 -44 16560
17:54:58.777 P 13402 262 99 0 0 0 0 -322 16604
17:54:58.777 P 13403 264 101 0 0 0 0 -632 16604
17:54:58.777 P 13404 266 97 0 0 0 0 -846 16798
17:54:58.777 P 13405 267 95 0 0 0 0 -960 16852
17:54:58.777 P 13406 269 89 0 0 0 0 -922 16766
17:54:58.777 P 13407 270 83 0 0 0 0 -860 16714
17:54:58.777 P 13408 270 77 0 0 0 0 -618 16762
17:54:58.777 P 13409 271 81 0 0 0 0 -592 16826
17:54:58.777 P 13410 272 87 0 0 0 0 -682 16672
17:54:58.777 P 13411 274 84 0 0 0 0 -824 16484
17:54:58.777 P 13412 274 76 0 0 0 0 -880 16616
17:54:58.777 P 13413 275 68 0 0 0 0 -892 16624
17:54:58.777 P 13414 276 63 0 0 0 0 -990 16604
17:54:58.777 P 13415 276 53 0 0 0 0 -1102 16586
17:54:58.777 P 13416 277 42 0 0 0 0 -1062 16776
17:54:58.777 P 13417 276 30 0 0 0 0 -1052 16650
17:54:58.777 P 13418 276 19 0 0 0 0 -1010 16612
17:54:58.777 P 13419 275 6 0 0 0 0 -1076 16586
17:54:58.777 P 13420 273 -11 0 0 0 0 -1032 16558
17:54:58.777 P 13421 271 -28 0 0 0 0 -658 16892
17:54:58.777 P 13422 268 -30 0 0 0 0 -504 16944
17:54:58.777 P 13423 266 -23 0 0 0 0 -502 16774
17:54:58.777 P 13424 263 -25 0 0 0 0 -636 16658
17:54:58.777 P 13425 261 -29 0 0 0 0 -752 16640
17:54:58.777 P 13426 258 -37 0 0 0 0 -706 16776
17:54:58.777 P 13427 255 -50 0 0 0 0 -708 16620
17:54:58.777 P 13428 252 -69 0 0 0 0 -512 16506
17:54:58.777 P 13429 248 -80 0 0 0 0 -750 16550
17:54:58.777 P 13430 244 -89 0 0 0 0 -806 16588
17:54:58.777 P 13431 239 -101 0 0 0 0 -834 16672
17:54:58.777 P 13432 235 -113 0 0 0 0 -846 16788
17:54:58.777 P 13433 229 -131 0 0 0 0 -748 16706
17:54:58.777 P 13434 223 -149 0 0 0 0 -632 16714
17:54:58.777 P 13435 217 -152 0 0 0 0 -442 17154
17:54:59.014 D 67255 0 -1.81 0.000 -1701 -1686 1.87
17:54:59.014 P 13436 212 -131 0 0 0 0 -628 17286
17:54:59.014 P 13437 207 -115 0 0 0 0 -672 16860
17:54:59.014 P 13438 201 -122 0 0 0 0 -374 16428
17:54:59.014 P 13439 195 -135 0 0 0 0 -6 16462
17:54:59.014 P 13440 189 -134 0 0 0 0 92 16762
17:54:59.014 P 13441 183 -122 0 0 0 0 -200 16708
17:54:59.014 P 13442 178 -120 0 0 0 0 -476 16792
17:54:59.014 P 13443 173 -122 0 0 0 0 -658 16960
17:54:59.014 P 13444 168 -137 0 0 0 0 -1146 17044
17:54:59.014 P 13445 162 -181 0 0 0 0 -1124 16606
17:54:59.014 P 13446 154 -226 0 0 0 0 -428 16402
17:54:59.014 P 13447 145 -235 0 0 0 0 22 16458
17:54:59.014 P 13448 136 -214 0 0 0 0 410 16954
17:54:59.014 P 13449 127 -178 0 0 0 0 1138 17150
17:54:59.014 P 13450 121 -131 0 0 0 0 296 17106
17:54:59.014 P 13451 114 -130 0 0 0 0 734 16930
17:54:59.014 P 13452 108 -106 0 0 0 0 1306 17208
17:54:59.014 P 13453 104 -49 0 0 0 0 790 16980
17:54:59.014 P 13454 101 -10 0 0 0 0 604 16570
17:54:59.014 P 13455 99 4 0 0 0 0 518 16346
17:54:59.014 P 13456 97 14 0 0 0 0 480 16468
17:54:59.014 P 13457 95 29 0 0 0 0 420 16780
17:54:59.014 P 13458 95 45 0 0 0 0 342 16822
17:54:59.014 P 13459 95 60 0 0 0 0 20 16976
17:54:59.014 P 13460 95 65 0 0 0 0 -316 16952
17:54:59.014 P 13461 96 61 0 0 0 0 -598 16860
17:54:59.014 P 13462 97 51 0 0 0 0 -720 16778
17:54:59.014 P 13463 97 36 0 0 0 0 -1100 16722
17:54:59.014 P 13464 98 12 0 0 0 0 -1648 16610
17:54:59.014 P 13465 97 -46 0 0 0 0 -1932 16684
17:54:59.014 P 13466 91 -120 0 0 0 0 -60 16924
17:54:59.014 P 13467 86 -113 0 0 0 0 20 16804
17:54:59.014 P 13468 82 -106 0 0 0 0 -692 16422
17:54:59.014 P 13469 76 -135 0 0 0 0 -68 16576
17:54:59.014 P 13470 70 -143 0 0 0 0 128 16822
17:54:59.014 P 13471 65 -129 0 0 0 0 -146 16862
17:54:59.014 P 13472 59 -132 0 0 0 0 -128 16680
17:54:59.014 P 13473 53 -139 0 0 0 0 288 16728
17:54:59.014 P 13474 47 -134 0 0 0 0 294 16660
17:54:59.014 P 13475 41 -128 0 0 0 0 296 16604
17:54:59.014 P 13476 35 -127 0 0 0 0 422 16762
17:54:59.014 P 13477 29 -120 0 0 0 0 456 16760
17:54:59.014 P 13478 24 -112 0 0 0 0 370 16842
17:54:59.014 P 13479 19 -107 0 0 0 0 272 16822
17:54:59.014 P 13480 14 -106 0 0 0 0 158 16804
17:54:59.014 P 13481 9 -105 0 0 0 0 -110 16756
17:54:59.014 P 13482 5 -113 0 0 0 0 -830 16658
17:55:02.551 D 67485 0 -3.77 0.000 -1701 -1686 1.87
17:55:02.551 P 13483 1 -137 0 0 0 0 -720 16482
17:55:02.551 P 13484 -4 -165 0 0 0 0 -376 16902
17:55:02.551 P 13485 -11 -191 0 0 0 0 -664 17162
17:55:02.551 P 13486 -19 -237 0 0 0 0 -778 16876
17:55:02.551 P 13487 -28 -281 0 0 0 0 -566 16558
17:55:02.551 P 13488 -38 -310 0 0 0 0 -426 16396
17:55:02.551 P 13489 -49 -332 0 0 0 0 -58 16504
17:55:02.551 P 13490 -61 -332 0 0 0 0 340 16678
17:55:02.551 P 13491 -75 -302 0 0 0 0 3218 17240
17:55:02.551 P 13492 -83 -195 0 0 0 0 390 17022
17:55:02.551 P 13493 -89 -196 0 0 0 0 -1078 16766
17:55:02.551 P 13494 -98 -264 0 0 0 0 500 16754
17:55:02.551 P 13495 -109 -239 0 0 0 0 1888 16704
17:55:02.551 P 13496 -116 -172 0 0 0 0 384 16466
17:55:02.551 P 13497 -123 -196 0 0 0 0 536 16802
17:55:02.551 P 13498 -133 -224 0 0 0 0 1644 17096
17:55:02.551 P 13499 -140 -176 0 0 0 0 1046 16844
17:55:02.551 P 13500 -146 -143 0 0 0 0 440 16718
17:55:02.551 P 13501 -153 -157 0 0 0 0 1078 16690
17:55:02.551 P 13502 -160 -158 0 0 0 0 1238 16686
17:55:02.551 P 13503 -166 -141 0 0 0 0 746 16796
17:55:02.551 P 13504 -172 -134 0 0 0 0 864 16854
17:55:02.551 P 13505 -178 -127 0 0 0 0 1058 16890
17:55:02.551 P 13506 -184 -117 0 0 0 0 798 16636
17:55:02.551 P 13507 -189 -120 0 0 0 0 480 16716
17:55:02.551 P 13508 -194 -130 0 0 0 0 500 16546
17:55:02.551 P 13509 -199 -131 0 0 0 0 338 16672
17:55:02.551 P 13510 -204 -135 0 0 0 0 90 16796
17:55:02.551 P 13511 -210 -153 0 0 0 0 66 16798
17:55:02.551 P 13512 -216 -176 0 0 0 0 20 16616
17:55:02.551 P 13513 -222 -194 0 0 0 0 -66 16526
17:55:02.551 P 13514 -230 -213 0 0 0 0 -42 16600
17:55:02.551 P 13515 -237 -235 0 0 0 0 10 16662
17:55:02.551 P 13516 -246 -257 0 0 0 0 -50 16818
17:55:02.551 P 13517 -255 -281 0 0 0 0 -64 16806
17:55:02.551 P 13518 -265 -304 0 0 0 0 106 16750
17:55:02.551 P 13519 -275 -323 0 0 0 0 60 16510
17:55:02.551 P 13520 -286 -342 0 0 0 0 196 16570
17:55:02.551 P 13521 -298 -362 0 0 0 0 420 16674
17:55:02.551 P 13522 -311 -379 0 0 0 0 522 16824
17:55:02.551 P 13523 -324 -390 0 0 0 0 840 16756
17:55:02.551 P 13524 -338 -396 -2058 -2166 0 0 1220 16762
17:55:02.551 P 13525 -352 -393 -2061 -2166 0 0 1644 16640
17:55:02.551 P 13526 -366 -385 -2058 -2164 0 0 1648 16616
17:55:02.551 P 13527 -383 -370 -2099 -2189 -2 -2 4982 17178
17:55:02.551 P 13528 -396 -157 -2133 -2145 -2 -2 8420 17922
17:55:02.551 P 13529 -394 266 -2046 -1812 -3 -4 5908 17902
17:55:02.551 P 13530 -379 665 -1725 -1420 -4 -4 4752 17928
17:55:02.551 P 13531 -353 1035 1401 1407 -5 -5 5276 17572
17:55:02.551 P 13532 -314 1392 1579 1520 -4 -4 2638 16816
17:55:02.551 P 13533 -267 1544 1563 1506 -6 -6 -874 16348
17:55:02.551 P 13534 -220 1514 1434 1421 -4 -4 -1260 16308
17:55:02.551 P 13535 -178 1421 1320 1328 -4 -4 74 15938
17:55:02.551 P 13536 -136 1377 -1309 -1330 -4 -3 -608 15732
17:55:02.551 P 13537 -96 1274 -1333 -1342 -3 -4 -1598 16390
17:55:02.551 P 13538 -64 1108 -1385 -1417 -3 -3 314 17002
17:55:02.551 P 13539 -37 1016 -1325 -1396 -4 -3 1690 16928
17:55:02.551 P 13540 -9 993 1367 -1305 -3 -4 848 16654
17:55:02.551 P 13541 17 941 1474 1305 -4 -3 676 16338
17:55:02.551 P 13542 40 877 1471 1324 -3 -3 1806 16104
17:55:02.551 P 13543 62 878 1490 1438 -2 -3 2452 16518
17:55:02.551 P 13544 88 977 1637 1522 -3 -3 1944 17096
17:55:02.551 P 13545 118 1087 1816 1561 -3 -3 698 16734
17:55:02.551 P 13546 149 1096 1840 1592 -2 -2 254 16566
17:55:02.551 P 13547 179 1051 1805 1595 -2 -2 236 16424
17:55:02.551 P 13548 207 1011 1776 1660 0 -2 278 16352
17:55:02.551 P 13549 235 980 1751 1739 0 -2 32 16310
17:55:02.551 P 13550 262 941 1754 1833 2 -1 -410 16494
17:55:02.551 P 13551 288 883 1803 1912 1 0 -1468 16662
17:55:02.551 P 13552 312 771 1840 1940 1 0 -3254 16860
17:55:02.551 P 13553 332 542 1850 1918 2 0 -5522 16642
17:55:02.551 P 13554 337 179 1904 1731 2 1 -1992 17066
17:55:02.551 P 13555 333 -73 1844 1694 2 2 -82 16752
17:55:02.551 P 13556 325 -246 1580 1680 3 2 -1750 16072
17:55:02.551 P 13557 307 -479 1360 1362 3 3 690 16224
17:55:02.551 P 13558 284 -562 1321 -1340 3 2 3190 16772
17:55:02.551 P 13559 265 -480 1421 1395 4 2 1402 16976
17:55:02.551 P 13560 248 -447 1481 1460 3 3 1124 17084
17:55:02.551 P 13561 230 -409 1474 1495 3 2 3258 17210
17:55:02.551 P 13562 216 -268 1588 1661 3 2 2910 16788
17:55:02.551 P 13563 209 -138 1682 1803 3 2 592 16376
17:55:02.551 P 13564 203 -108 1696 1933 3 3 586 16720
17:55:02.551 P 13565 197 -86 1678 1977 2 2 976 17012
17:55:02.551 P 13566 194 -51 1701 1980 4 3 -902 16906
17:55:02.551 P 13567 191 -93 1717 1853 3 4 -1766 16810
17:55:02.551 P 13568 186 -184 1676 1669 3 4 -2564 16600
17:55:02.551 P 13569 176 -304 1681 1594 4 4 -1270 16484
17:55:02.551 P 13570 164 -381 1704 1442 2 5 -1134 16530
17:55:02.551 P 13571 149 -436 1680 1323 4 5 -500 16596
17:55:02.551 P 13572 133 -468 1648 -1338 4 5 298 16660
17:55:02.551 P 13573 117 -465 1529 -1344 3 4 -94 16726
17:55:02.551 P 13574 101 -481 1524 -1312 4 4 -578 16890
17:55:02.551 P 13575 84 -506 1451 -1337 4 4 -514 16784
17:55:02.551 P 13576 66 -521 1384 -1317 4 5 296 16714
17:55:02.551 P 13577 49 -493 1404 1362 3 4 442 16794
17:55:02.551 P 13578 33 -448 1436 1421 4 4 416 16878
17:55:02.551 P 13579 20 -407 1391 1413 3 3 -166 16652
17:55:02.551 P 13580 6 -387 1307 1362 3 4 -226 16574
17:55:02.551 P 13581 -5 -374 1304 1355 4 4 -372 16636
17:55:02.551 P 13582 -18 -369 -1328 1315 3 4 -148 16694
17:55:02.551 P 13583 -30 -349 -1312 1310 3 3 292 16680
17:55:02.551 P 13584 -40 -315 1332 1321 4 4 -778 16766
17:55:02.551 P 13585 -51 -335 -1342 -1383 2 3 -482 16756
17:55:02.551 P 13586 -63 -357 -1381 -1447 3 3 -216 16662
17:55:02.551 P 13587 -75 -348 -1324 -1427 4 4 252 16400
17:55:02.551 P 13588 -86 -318 -1362 -1458 2 3 218 16752
17:55:02.551 P 13589 -96 -287 1333 -1436 3 3 106 16974
17:55:02.551 P 13590 -106 -253 1359 -1416 3 3 576 17104
17:55:02.551 P 13591 -114 -205 -1338 -1455 1 2 422 17100
17:55:02.551 P 13592 -120 -170 -1302 -1424 3 3 248 16794
17:55:02.551 P 13593 -126 -149 -1337 -1436 3 2 266 16448
17:55:02.551 P 13594 -132 -134 -1414 -1457 2 2 394 16508
17:55:02.551 P 13595 -137 -107 -1385 -1439 2 2 548 16744
17:55:02.551 P 13596 -140 -59 -1411 -1475 1 2 528 17036
17:55:02.551 P 13597 -142 -11 -1388 -1482 3 1 304 17096
17:55:02.551 P 13598 -143 14 -1429 -1494 1 2 278 16902
17:55:02.551 P 13599 -144 32 -1479 -1521 1 1 504 16772
17:55:02.551 P 13600 -143 76 -1406 -1484 2 1 618 16492
17:55:02.551 P 13601 -141 127 -1382 -1413 1 1 564 16666
17:55:02.551 P 13602 -137 179 1311 -1325 1 0 476 16856
17:55:02.551 P 13603 -132 229 1426 1381 2 1 488 16896
17:55:02.551 P 13604 -125 273 1419 1382 1 0 618 16970
17:55:02.551 P 13605 -118 310 1441 1433 0 1 738 16836
17:55:02.551 P 13606 -108 349 1464 1496 1 0 276 16636
17:55:02.551 P 13607 -99 370 1477 1543 2 1 260 16554
17:55:02.551 P 13608 -88 393 1475 1582 0 0 34 16658
17:55:02.551 P 13609 -76 395 1491 1578 1 0 -638 16730
17:55:02.551 P 13610 -66 367 1468 1602 1 1 -428 16876
17:55:02.551 P 13611 -57 346 1347 1559 0 0 0 16790
17:55:02.551 P 13612 -47 358 1477 1657 2 2 -198 16760
17:55:02.551 P 13613 -36 369 1459 1683 0 1 -1240 16588
17:55:02.551 P 13614 -24 308 1434 1604 1 0 -2980 16432
17:55:02.551 P 13615 -19 181 1474 1425 0 1 -1174 16646
17:55:02.551 P 13616 -15 137 1504 -1401 1 2 -680 16760
17:55:02.551 P 13617 -13 109 1462 -1493 0 1 -572 16716
17:55:02.551 P 13618 -12 73 1367 -1498 1 1 -198 16758
17:55:02.551 P 13619 -12 68 1394 -1441 1 2 286 16852
17:55:02.551 P 13620 -10 99 1387 -1441 1 1 264 16788
17:55:02.551 P 13621 -8 127 1386 -1418 0 0 208 16668
17:55:02.551 P 13622 -5 148 1365 -1373 0 0 284 16758
17:55:02.551 P 13623 -2 181 1368 -1344 1 1 304 16858
17:55:02.551 P 13624 2 214 1331 -1314 0 0 286 16798
17:55:02.551 P 13625 8 241 1366 1412 0 0 40 16860
17:55:02.551 P 13626 14 254 1429 1486 1 0 -242 16754
17:55:02.551 P 13627 20 267 1465 1470 1 0 242 16770
17:55:02.551 P 13628 28 299 1496 1515 0 0 52 16772
17:55:02.551 P 13629 37 313 1510 1533 0 0 -720 16758
17:55:02.551 P 13630 44 292 1490 1526 0 1 -492 16684
17:55:02.551 P 13631 52 283 1459 1508 0 0 -288 16794
17:55:02.551 P 13632 59 280 1534 1543 1 0 -732 16734
17:55:02.551 P 13633 66 252 1530 1529 0 0 -546 16658
17:55:02.551 P 13634 72 231 1530 1517 0 1 -178 16658
17:55:02.551 P 13635 78 241 1559 1554 0 0 -362 16756
17:55:02.551 P 13636 84 229 1533 1546 1 0 -706 16652
17:55:02.551 P 13637 88 188 1453 1535 0 0 -264 16756
17:55:02.551 P 13638 91 168 1459 1603 1 1 -348 16724
17:55:02.551 P 13639 95 162 1470 1617 1 0 -764 16774
17:55:02.551 P 13640 98 136 1421 1565 0 0 -358 16716
17:55:02.551 P 13641 101 132 1502 1630 1 1 -182 16894
17:55:02.551 P 13642 105 150 1462 1547 0 0 -1112 16808
17:55:02.551 P 13643 108 131 1531 1480 0 1 -962 16838
17:55:02.551 P 13644 110 106 1642 1452 1 1 -550 16778
17:55:02.551 P 13645 112 96 1615 1391 0 1 -704 16760
17:55:02.551 P 13646 113 76 1634 1397 0 1 -440 16766
17:55:02.551 P 13647 113 71 1719 1359 2 0 -190 16718
17:55:02.551 P 13648 113 58 1636 1360 0 1 -88 16682
17:55:02.551 P 13649 112 27 1525 1446 1 1 42 16716
17:55:02.551 P 13650 111 9 1419 1507 1 1 -416 16612
17:55:02.551 P 13651 109 -24 1313 1508 2 0 -490 16694
17:55:02.551 P 13652 105 -67 -1384 1521 1 1 54 16806
17:55:02.551 P 13653 102 -64 -1446 1510 1 0 -550 16730
17:55:02.551 P 13654 99 -54 -1373 1491 1 2 -726 16762
17:55:02.551 P 13655 96 -45 -1362 1418 1 0 30 16798
17:55:02.551 P 13656 94 -17 -1307 1450 1 1 -560 16566
17:55:02.551 P 13657 93 -18 1329 1450 1 1 -566 16812
17:55:02.551 P 13658 90 -19 -1305 1340 0 0 -140 16960
17:55:02.551 P 13659 89 6 1383 1417 1 2 -146 16650
17:55:02.551 P 13660 88 31 1399 1384 1 0 -290 16724
17:55:02.551 P 13661 88 42 1419 1396 0 1 -130 16736
17:55:02.551 P 13662 88 64 1476 1453 0 0 -66 16788
17:55:02.551 P 13663 90 92 1533 1445 1 1 -498 16676
17:55:02.551 P 13664 91 93 1564 1451 0 1 -552 16880
17:55:02.551 P 13665 93 81 1569 1441 0 1 -472 16782
17:55:02.551 P 13666 94 74 1619 1481 1 1 -444 16806
17:55:02.551 P 13667 94 65 1543 1387 0 0 -350 16778
17:55:02.551 P 13668 94 49 1534 1435 1 1 -134 16764
17:55:02.551 P 13669 94 39 1455 1499 1 0 -126 16670
17:55:02.551 P 13670 93 35 1349 1500 1 0 -528 16780
17:55:02.551 P 13671 93 18 1339 1558 0 1 -318 16816
17:55:02.551 P 13672 91 10 -1306 1554 1 1 -402 16696
17:55:02.551 P 13673 91 15 -1315 1523 1 0 -530 16664
17:55:02.551 P 13674 91 30 1390 1531 1 1 -734 16728
17:55:02.551 P 13675 91 28 1388 1432 0 0 -726 16720
17:55:02.551 P 13676 90 15 1348 1374 0 1 -350 16784
17:55:02.551 P 13677 89 34 1410 1353 1 0 -436 16880
17:55:02.551 P 13680 90 48 1469 1310 0 0 52 16732
17:55:02.551 P 13684 94 90 1457 1382 0 0 -232 16770
17:55:06.654 P 13688 102 134 1505 1549 0 0 -560 16758
17:55:06.654 P 13692 110 84 1389 1492 1 0 -598 16812
17:55:06.654 P 13697 116 91 1327 1471 0 0 -538 16728
17:55:06.654 P 13701 122 107 1415 1492 0 0 -606 16674
17:55:06.654 P 13705 129 96 1445 1507 0 0 -462 16778
17:55:06.654 P 13709 136 91 1441 1489 0 0 -484 16724
17:55:06.654 P 13713 141 88 1440 1482 0 0 -436 16862
17:55:06.654 P 13717 146 85 1454 1501 0 0 -506 16798
17:55:06.654 P 13721 150 81 1442 1493 0 0 -450 16708
17:55:06.654 P 13725 154 80 1464 1519 0 0 -426 16784
17:55:06.654 P 13729 158 78 1475 1517 0 0 -428 16796
17:55:06.654 P 13733 161 79 1479 1516 0 0 -438 16754
17:55:06.654 P 13737 165 84 1503 1539 0 0 -484 16790
17:55:06.654 P 13741 170 83 1493 1530 0 0 -606 16712
17:55:06.654 P 13745 173 77 1513 1532 0 0 -534 16782
17:55:06.654 P 13749 177 72 1542 1562 0 0 -618 16800
17:55:06.654 P 13753 178 24 1576 1458 0 0 -568 16768
17:55:06.654 P 13758 167 -57 1432 -1310 0 1 -570 16706
17:55:06.654 P 13762 158 37 1510 1346 0 0 574 16830
17:55:06.654 P 13766 164 109 1541 1567 0 0 -494 16698
17:55:06.654 P 13770 171 102 1552 1521 0 0 -1012 16736
17:55:06.654 P 13774 176 80 1629 1537 1 0 -720 16632
17:55:06.654 P 13778 175 -3 1470 1471 0 1 -360 16784
17:55:06.654 P 13782 166 -39 1335 1440 0 1 -404 16706
17:55:06.654 P 13787 156 -3 1414 1382 0 0 -496 16732
17:55:06.654 P 13791 152 26 1536 1402 0 0 136 16750
17:55:06.654 P 13794 153 66 1491 1425 0 0 -22 16826
17:55:06.654 P 13798 157 87 1456 1514 0 0 -232 16714
17:55:06.654 P 13802 165 116 1617 1615 0 0 -966 16736
17:55:06.654 P 13806 168 13 1510 1419 1 0 -912 16696
17:55:06.654 P 13811 156 -9 -1314 1412 0 0 -178 16768
17:55:06.654 P 13815 151 30 1420 1626 1 0 -340 16770
17:55:06.654 P 13819 154 38 1442 1450 0 1 -1484 16758
17:55:06.654 P 13824 148 7 1585 -1351 0 1 120 16864
17:55:06.654 P 13828 145 73 1442 1533 0 0 -174 16662
17:55:06.654 P 13832 151 110 1478 1511 0 0 -864 16816
17:55:06.654 P 13836 159 119 1621 1610 0 0 -518 16690
17:55:06.654 P 13841 158 -37 1380 1547 1 0 -714 16746
17:55:06.654 P 13845 149 -42 1332 1366 0 1 -820 16860
17:55:06.654 P 13850 139 38 1536 1398 0 1 184 16802
17:55:06.654 P 13854 144 95 1600 1518 0 1 -522 16696
17:55:06.654 P 13858 147 45 1439 1440 0 0 -1046 16732
17:55:06.654 P 13863 144 54 1530 1433 0 0 -86 16772
17:55:06.654 P 13867 150 118 1529 1537 0 0 -590 16758
17:55:06.654 P 13871 158 111 1541 1531 0 0 -780 16766
17:55:06.654 P 13875 164 82 1573 1538 0 0 -336 16670
17:55:06.654 P 13879 169 62 1573 1548 0 1 -390 16680
17:55:06.654 P 13883 165 -23 1379 1459 0 0 -682 16704
17:55:06.654 P 13887 156 -49 1371 1413 0 1 -840 16726
17:55:06.654 P 13892 146 36 1599 1474 0 0 20 16782
17:55:06.654 P 13896 152 118 1510 1576 0 0 -752 16638
17:55:06.654 P 13900 157 83 1456 1572 0 0 -758 16708
17:55:06.654 P 13904 162 90 1512 1578 0 0 -392 16840
17:55:06.654 P 13908 168 86 1495 1590 1 0 -460 16682
17:55:06.654 P 13912 171 48 1556 1628 1 1 -1258 16752
17:55:06.654 P 13916 165 -34 1476 1308 1 0 -1526 16704
17:55:06.654 P 13920 154 -31 1533 -1300 1 0 -74 16792
17:55:06.654 P 13924 150 31 1490 1445 0 0 424 16788
17:55:06.654 P 13928 148 39 1362 1660 0 1 -656 16762
17:55:06.654 P 13933 151 -7 1496 1416 0 1 -402 16848
17:55:06.654 P 13937 143 -36 1496 1311 0 0 74 16788
17:55:06.654 P 13941 136 12 1475 -1340 0 1 -404 16670
17:55:06.654 P 13945 139 136 1528 1528 0 0 -1118 16794
17:55:06.654 P 13949 146 97 1553 1564 0 1 -668 16696
17:55:06.654 P 13953 152 82 1502 1474 0 0 -936 16766
17:55:06.654 P 13957 155 63 1480 1495 1 0 -330 16780
17:55:06.654 P 13961 161 77 1500 1504 1 0 -462 16748
17:55:06.654 P 13965 166 84 1522 1513 0 0 -692 16700
17:55:06.654 P 13969 169 64 1439 1502 0 0 -558 16712
17:55:06.654 P 13972 173 82 1547 1506 0 0 -484 16714
17:55:06.654 P 13976 177 72 1516 1516 0 0 -486 16696
17:55:06.654 P 13980 182 82 1539 1523 0 0 -582 16772
17:55:06.654 P 13983 185 83 1561 1522 0 0 -620 16730
17:55:06.654 P 13987 190 84 1582 1549 0 0 -668 16738
17:55:06.654 P 13991 195 84 1567 1535 0 0 -640 16728
17:55:06.654 P 13994 198 77 1568 1556 0 0 -582 16700
17:55:06.654 P 13998 203 76 1564 1534 0 0 -540 16764
17:55:06.654 P 14002 206 72 1619 1549 0 0 -624 16702
17:55:06.654 P 14006 205 -9 1456 1586 0 0 -1298 16684
17:55:06.654 P 14011 182 -143 -1312 -1303 0 0 10 16760
17:55:06.654 P 14015 169 -5 1448 1353 0 0 -310 16738
17:55:06.654 P 14019 169 99 1544 1573 0 0 -1230 16616
17:55:06.654 P 14022 174 109 1530 1553 0 0 -1496 16618
17:55:06.654 P 14026 176 48 1576 1489 0 0 -1104 16632
17:55:06.654 P 14030 172 -22 1414 1453 1 0 402 16938
17:55:06.654 P 14034 171 52 1421 1544 0 0 -420 16648
17:55:06.654 P 14038 173 85 1463 1544 0 0 -1282 16714
17:55:06.654 P 14042 178 74 1487 1519 0 0 -738 16864
17:55:06.654 P 14046 180 47 1507 1540 0 0 -178 16750
17:55:06.654 P 14050 181 33 1385 1545 0 1 -822 16670
17:55:06.654 P 14054 180 52 1411 1568 0 0 -1368 16734
17:55:06.654 P 14058 178 15 1455 1444 0 0 -460 16736
17:55:06.654 P 14062 179 59 1496 1500 0 0 -16 16794
17:55:06.654 P 14066 184 83 1513 1547 0 0 -634 16610
17:55:06.654 P 14070 187 58 1570 1507 0 0 -1082 16684
17:55:06.654 P 14074 185 14 1564 1415 0 0 -876 16736
17:55:06.654 P 14078 181 -5 1497 1401 0 1 -480 16726
17:55:06.654 P 14082 175 22 1478 1351 0 0 52 16826
17:55:06.654 P 14085 177 82 1541 1499 0 0 -232 16756
17:55:06.654 P 14089 182 84 1537 1539 0 0 -568 16688
17:55:06.654 P 14093 187 90 1548 1543 0 0 -980 16804
17:55:06.654 P 14097 192 84 1561 1526 0 0 -626 16760
17:55:06.654 P 14101 197 77 1597 1544 0 0 -268 16782
17:55:06.654 P 14105 202 83 1593 1607 0 0 -1008 16762
17:55:06.654 P 14108 202 37 1519 1463 0 0 -638 16752
17:55:06.654 P 14113 204 72 1531 1535 0 0 -494 16696
17:55:06.654 P 14116 205 1 1482 1577 0 0 -1262 16762
17:55:06.654 P 14120 193 -143 1381 -1361 1 1 630 16858
17:55:06.654 P 14125 176 12 1551 1377 0 0 -1232 16704
17:55:06.654 P 14128 174 56 1547 1421 0 0 -716 16760
17:55:06.654 P 14132 175 74 1564 1626 0 1 -842 16614
17:55:06.654 P 14136 175 -2 1525 1448 1 0 -1304 16720
17:55:06.654 P 14140 165 -81 1536 -1350 0 1 26 16792
17:55:06.654 P 14144 148 -49 1349 1378 2 0 614 16826
17:55:06.654 P 14148 148 110 1393 1624 0 0 -1004 16714
17:55:06.654 P 14152 158 115 1546 1574 0 0 -1258 16686
17:55:06.654 P 14156 159 -34 1532 1392 1 0 -42 16848
17:55:06.654 P 14160 146 -87 1321 1401 1 0 -114 16696
17:55:06.654 P 14165 135 19 1422 1448 0 1 -398 16890
17:55:06.654 P 14169 139 100 1525 1508 0 0 -296 16748
17:55:06.654 P 14173 147 109 1547 1580 0 0 -222 16714
17:55:06.654 P 14176 153 70 1524 1545 1 1 -574 16756
17:55:06.654 P 14181 147 -58 1413 1329 1 1 -1534 16642
17:55:06.654 P 14185 134 -16 1483 1303 0 0 -152 16820
17:55:06.654 P 14189 131 9 1464 1492 1 1 190 16682
17:55:06.654 P 14193 129 25 1512 1578 1 0 -1052 16650
17:55:06.654 P 14197 124 -15 1475 1311 0 1 -738 16874
17:55:06.654 P 14201 119 31 1591 1428 1 0 -234 16740
17:55:06.654 P 14206 112 -45 1355 1477 1 0 -546 16668
17:55:06.654 P 14210 104 8 1360 1373 0 1 -62 16836
17:55:06.654 P 14215 111 128 1645 1590 0 1 -776 16766
17:55:06.654 P 14219 113 -36 1333 1381 1 0 -854 16730
17:55:06.654 P 14223 100 -50 1447 1310 1 0 284 16820
17:55:06.654 P 14228 96 65 1533 1384 0 0 -382 16814
17:55:06.654 P 14232 102 97 1541 1526 1 0 -322 16736
17:55:06.654 P 14236 106 29 1424 1434 0 0 -814 16688
17:55:06.654 P 14240 100 -4 1536 1394 1 1 -426 16740
17:55:06.654 P 14244 100 93 1482 1473 1 0 -448 16820
17:55:06.654 P 14248 108 118 1459 1565 1 0 -304 16700
17:55:06.654 P 14253 118 79 1594 1570 0 1 -856 16646
17:55:06.654 P 14257 116 -10 1486 1414 1 0 -998 16676
17:55:06.654 P 14261 105 -32 1417 1379 1 0 -456 16716
17:55:06.654 P 14266 101 74 1535 1514 0 1 -168 16722
17:55:06.654 P 14270 106 51 1530 1491 1 0 -1156 16662
17:55:06.654 P 14274 96 -45 1521 1358 1 1 -214 16750
17:55:06.654 P 14279 91 9 1488 1397 1 0 -122 16792
17:55:06.654 P 14283 85 5 1446 1458 0 0 -368 16792
17:55:06.654 P 14288 84 66 1563 1529 1 1 -196 16716
17:55:06.654 P 14292 91 99 1498 1542 0 1 -670 16788
17:55:06.654 P 14297 89 -21 1442 1458 0 0 -676 16776
17:55:06.654 P 14301 82 22 1513 1334 1 0 -220 16748
17:55:06.654 P 14305 85 89 1551 1549 1 1 -918 16754
17:55:06.654 P 14310 85 13 1502 1547 0 1 -242 16832
17:55:06.654 P 14314 85 19 1474 -1315 0 1 -752 16712
17:55:06.654 P 14318 82 47 1533 1438 1 0 -68 16740
17:55:06.654 P 14323 85 14 1326 1379 0 0 -896 16690
17:55:06.654 P 14327 80 8 1444 1381 1 0 -130 16824
17:55:06.654 P 14331 83 115 1547 1506 0 0 -228 16806
17:55:06.654 P 14335 94 123 1480 1467 0 0 -368 16788
17:55:06.654 P 14339 104 118 1520 1482 0 0 -460 16714
17:55:06.654 P 14343 114 110 1513 1471 0 0 -592 16760
17:55:06.654 P 14347 121 102 1517 1488 0 0 -512 16750
17:55:06.654 P 14351 129 92 1498 1471 0 0 -566 16774
17:55:06.654 P 14355 135 90 1522 1489 0 0 -552 16708
17:55:06.654 P 14359 141 90 1526 1487 0 0 -606 16802
17:55:06.654 P 14363 147 87 1534 1499 0 0 -614 16748
17:55:06.654 P 14366 151 84 1522 1509 0 0 -542 16804
17:55:06.654 P 14370 157 90 1566 1531 0 0 -590 16814
17:55:06.654 P 14374 162 77 1510 1531 0 0 -618 16736
17:55:06.654 P 14378 166 71 1470 1544 0 0 -496 16684
17:55:06.654 P 14382 171 94 1588 1596 0 0 -722 16700
17:55:06.654 P 14386 174 35 1490 1525 1 0 -738 16768
17:55:06.654 P 14390 171 22 1393 1606 0 0 -384 16718
17:55:06.654 P 14394 171 25 1469 1571 0 0 -538 16824
17:55:06.654 P 14398 169 14 1610 1386 0 0 -832 16758
17:55:06.654 P 14402 163 -3 1537 1408 0 0 -934 16710
17:55:06.654 P 14406 155 -41 1346 1465 0 0 -354 16806
17:55:06.654 P 14410 151 32 1494 1489 0 0 -230 16790
17:55:06.654 P 14414 151 60 1566 1436 0 0 -570 16668
17:55:06.654 P 14418 155 98 1585 1574 0 0 -860 16714
17:55:06.654 P 14422 158 15 1419 1542 0 0 -778 16760
17:55:06.654 P 14427 149 -16 1418 1471 1 0 -1146 16668
17:55:06.654 P 14431 144 32 1604 -1342 0 0 -1034 16688
17:55:06.654 P 14435 144 65 1633 1461 0 0 214 16816
17:55:06.654 P 14439 146 16 1405 1586 0 0 -438 16764
17:55:06.654 P 14443 135 -89 -1432 1471 0 0 -598 16714
17:55:06.654 P 14447 123 -14 1356 1338 0 1 -414 16638
17:55:06.654 P 14451 127 131 1668 1441 0 0 -698 16812
17:55:06.654 P 14455 134 54 1552 1526 1 0 -950 16640
17:55:06.654 P 14460 112 -138 -1482 1478 1 1 -160 16806
17:55:06.654 P 14464 96 -11 -1378 1392 0 1 -444 16716
17:55:06.654 P 14468 106 187 1540 1503 0 0 -426 16870
17:55:06.654 P 14472 121 140 1544 1558 0 0 -144 16752
17:55:06.654 P 14477 131 37 1471 1551 0 0 -1134 16698
17:55:06.654 P 14481 121 -86 -1303 1344 0 0 -926 16780
17:55:06.654 P 14485 109 22 1434 1368 0 0 -90 16828
17:55:06.654 P 14489 116 130 1591 1604 0 0 -228 16892
17:55:06.654 P 14493 128 75 1545 1470 0 0 -462 16804
17:55:06.654 P 14497 124 -25 1531 1444 2 0 -800 16696
17:55:11.075 P 14502 110 -72 -1318 -1307 0 1 226 16800
17:55:11.075 P 14506 103 40 1366 1549 0 0 550 16856
17:55:11.075 P 14510 115 150 1604 1553 0 1 -1144 16734
17:55:11.075 P 14514 124 85 1613 1433 1 0 -1530 16642
17:55:11.075 P 14518 116 -86 1354 1398 2 1 -520 16726
17:55:11.075 P 14523 93 -52 -1551 1444 1 0 -42 16824
17:55:11.075 P 14527 94 118 -1303 1415 -1 0 -440 16718
17:55:11.075 P 14531 108 136 1486 1476 0 0 -630 16780
17:55:11.075 P 14535 114 53 1338 1493 0 0 -572 16846
17:55:11.075 P 14539 117 80 1430 1447 0 0 -486 16668
17:55:11.075 P 14543 121 46 1348 1449 0 0 -550 16804
17:55:11.075 P 14547 121 50 1360 1436 0 0 -508 16760
17:55:11.075 P 14551 122 30 1338 1430 0 0 -590 16676
17:55:11.075 P 14555 121 30 1352 1411 0 0 -536 16800
17:55:11.075 P 14559 119 11 1307 1391 0 0 -538 16754
17:55:11.075 P 14563 116 11 -1320 1350 0 0 -520 16834
17:55:11.075 P 14567 112 -3 -1329 1361 0 0 -462 16670
17:55:11.075 P 14571 106 -6 -1337 1351 0 0 -488 16808
17:55:11.075 P 14575 101 -14 -1348 1329 0 0 -424 16724
17:55:11.075 P 14579 94 -20 -1371 -1302 0 0 -446 16766
17:55:11.075 P 14582 88 -27 -1392 -1318 0 0 -408 16840
17:55:11.075 P 14586 80 -33 -1451 -1407 0 -1 -440 16632
17:55:11.075 P 14590 70 -44 -1488 -1432 0 0 -362 16640
17:55:11.075 P 14595 57 -51 -1527 -1453 0 0 -204 16752
17:55:11.075 P 14599 49 -9 -1463 -1531 0 0 -230 16764
17:55:11.075 P 14602 45 14 1309 -1445 0 0 1144 16840
17:55:11.075 P 14607 46 0 -1471 -1353 0 -1 -532 16732
17:55:11.075 P 14611 38 -7 -1496 -1475 -1 -1 -76 16778
17:55:11.075 P 14615 34 18 -1334 -1347 0 0 -194 16848
17:55:11.075 P 14619 30 -18 -1424 -1403 0 0 -472 16754
17:55:11.075 P 14623 18 -68 -1525 -1466 0 0 -216 16694
17:55:11.075 P 14627 6 -45 -1482 -1504 0 0 -40 16762
17:55:11.075 P 14631 -4 -56 -1522 -1505 0 0 -44 16766
17:55:11.075 P 14635 -15 -51 -1505 -1489 0 0 -24 16740
17:55:11.075 P 14639 -27 -58 -1550 -1529 0 0 -80 16758
17:55:11.075 P 14644 -41 -51 -1565 -1576 0 0 6 16850
17:55:11.075 P 14648 -51 -17 -1554 -1547 -1 0 292 16738
17:55:11.075 P 14652 -54 26 -1529 -1536 -1 -1 306 16828
17:55:11.075 P 14656 -53 52 -1452 -1486 -1 0 222 16788
17:55:11.075 P 14661 -50 51 -1351 -1483 0 -1 -120 16762
17:55:11.075 P 14665 -53 -13 -1532 -1619 0 -1 1144 16804
17:55:11.075 P 14669 -54 97 -1515 1311 0 0 612 16816
17:55:11.075 P 14674 -42 57 -1417 -1445 0 -1 -1090 16678
17:55:11.075 P 14679 -52 -20 -1464 -1568 0 0 1090 16802
17:55:11.075 P 14682 -54 49 -1529 -1378 -1 0 796 16820
17:55:11.075 P 14687 -45 115 -1388 1312 0 0 102 16750
17:55:11.075 P 14691 -36 67 -1362 -1375 0 0 -178 16706
17:55:11.075 P 14695 -40 -46 -1482 -1499 0 0 -104 16778
17:55:11.075 P 14699 -53 -46 -1503 -1543 0 0 212 16774
17:55:11.075 P 14703 -62 -35 -1563 -1566 0 0 332 16738
17:55:11.075 P 14708 -71 17 -1598 -1520 0 -1 468 16890
17:55:11.075 P 14712 -65 111 -1357 -1409 -1 0 464 16822
17:55:11.075 P 14716 -56 72 -1329 -1433 0 0 -210 16688
17:55:11.075 P 14720 -56 22 -1449 -1551 0 -1 -102 16710
17:55:11.075 P 14725 -62 35 -1591 -1436 0 -1 200 16742
17:55:11.075 P 14729 -57 100 -1410 -1372 0 0 -874 16670
17:55:11.075 P 14734 -57 -22 -1473 -1691 -1 0 368 16744
17:55:11.075 P 14738 -64 47 -1520 -1544 0 -2 698 16766
17:55:11.075 P 14742 -54 168 -1491 1393 0 -1 -360 16724
17:55:11.075 P 14747 -42 54 -1468 -1359 0 0 190 16760
17:55:11.075 P 14751 -39 60 -1401 -1569 -1 0 -652 16652
17:55:11.075 P 14756 -41 69 -1491 -1449 -1 -1 1586 16880
17:55:11.075 P 14760 -29 93 -1559 1306 -1 0 -468 16794
17:55:11.075 P 14765 -30 -3 -1474 -1666 -1 0 -40 16748
17:55:11.075 P 14769 -36 51 -1444 -1562 -1 0 1692 16918
17:55:11.075 P 14773 -25 161 -1390 1415 0 -1 -546 16690
17:55:11.075 P 14778 -21 -34 -1583 -1574 -1 0 332 16794
17:55:11.075 P 14782 -29 -2 -1372 -1535 0 0 916 16948
17:55:11.075 P 14786 -26 102 -1423 -1439 -1 -1 -852 16686
17:55:11.075 P 14791 -21 100 -1335 1375 0 0 956 16776
17:55:11.075 P 14795 -12 69 -1380 -1380 0 0 -1310 16612
17:55:11.075 P 14799 -20 -28 -1431 -1485 0 0 -272 16694
17:55:11.075 P 14803 -31 -42 -1482 -1544 0 0 404 16860
17:55:11.075 P 14806 -36 -22 -1484 -1519 0 0 158 16790
17:55:11.075 P 14810 -44 -15 -1466 -1486 0 0 218 16752
17:55:11.075 P 14814 -49 -2 -1552 -1540 0 0 226 16672
17:55:11.075 P 14818 -53 20 -1472 -1512 0 0 228 16746
17:55:11.075 P 14822 -56 13 -1469 -1470 0 0 32 16812
17:55:11.075 P 14826 -60 11 -1474 -1475 0 0 70 16654
17:55:11.075 P 14830 -62 17 -1491 -1512 0 0 194 16832
17:55:11.075 P 14834 -65 21 -1431 -1457 0 0 100 16796
17:55:11.075 P 14837 -66 24 -1450 -1479 0 0 150 16750
17:55:11.075 P 14841 -68 26 -1472 -1499 0 0 156 16778
17:55:11.075 P 14845 -70 28 -1482 -1500 0 0 148 16722
17:55:11.075 P 14849 -72 29 -1485 -1494 0 0 176 16814
17:55:11.075 P 14853 -73 30 -1482 -1492 0 0 164 16754
17:55:11.075 P 14857 -74 33 -1471 -1496 0 0 220 16776
17:55:11.075 P 14861 -75 31 -1463 -1495 0 0 176 16748
17:55:11.075 P 14865 -76 33 -1467 -1499 0 0 208 16808
17:55:11.075 P 14869 -77 31 -1485 -1507 0 0 168 16800
17:55:11.075 P 14873 -78 31 -1487 -1505 0 0 190 16818
17:55:11.075 P 14877 -79 30 -1491 -1511 0 0 144 16756
17:55:11.075 P 14881 -81 25 -1500 -1524 0 0 158 16748
17:55:11.075 P 14885 -82 27 -1491 -1533 0 0 160 16766
17:55:11.075 P 14889 -84 26 -1495 -1538 0 0 194 16838
17:55:11.075 P 14893 -86 21 -1510 -1543 0 0 200 16704
17:55:11.075 P 14897 -88 21 -1519 -1540 0 0 204 16714
17:55:11.075 P 14901 -90 20 -1522 -1547 0 0 166 16734
17:55:11.075 P 14905 -92 22 -1511 -1556 0 0 126 16862
17:55:11.075 P 14909 -94 24 -1524 -1621 0 -1 246 16722
17:55:11.075 P 14913 -96 38 -1513 -1585 0 0 688 16758
17:55:11.075 P 14917 -90 141 -1440 -1442 -1 -1 2 16794
17:55:11.075 P 14922 -76 109 -1397 -1378 0 0 270 16670
17:55:11.075 P 14926 -72 45 -1575 -1463 0 0 96 16638
17:55:11.075 P 14930 -71 54 -1482 -1492 0 0 230 16856
17:55:11.075 P 14934 -70 44 -1490 -1402 0 0 96 16746
17:55:11.075 P 14938 -70 20 -1508 -1478 0 0 6 16812
17:55:11.075 P 14942 -72 21 -1514 -1489 0 0 348 16720
17:55:11.075 P 14946 -74 27 -1497 -1479 0 0 192 16764
17:55:11.075 P 14950 -76 28 -1500 -1494 0 0 178 16742
17:55:11.075 P 14954 -77 28 -1498 -1499 0 0 190 16766
17:55:11.075 P 14958 -79 27 -1495 -1496 0 0 166 16734
17:55:11.075 P 14962 -80 26 -1504 -1493 0 0 166 16754
17:55:11.075 P 14966 -82 25 -1526 -1510 0 0 240 16706
17:55:11.075 P 14970 -84 25 -1508 -1496 0 0 208 16752
17:55:11.075 P 14974 -86 20 -1526 -1523 0 0 172 16758
17:55:11.075 P 14978 -88 18 -1533 -1533 0 0 346 16722
17:55:11.075 P 14983 -91 37 -1538 -1495 0 0 522 16764
17:55:11.075 P 14987 -86 73 -1463 -1387 0 0 -206 16802
17:55:11.075 P 14991 -89 9 -1545 -1536 0 0 372 16880
17:55:11.075 P 14995 -91 30 -1517 -1540 0 0 -8 16740
17:55:11.075 P 14999 -94 20 -1544 -1544 0 0 352 16798
17:55:11.075 P 15003 -96 23 -1587 -1561 0 0 398 16838
17:55:11.075 P 15007 -97 45 -1523 -1501 0 0 60 16710
17:55:11.075 P 15011 -97 38 -1588 -1524 0 0 124 16702
17:55:11.075 P 15015 -97 30 -1513 -1575 0 0 1022 16906
17:55:11.075 P 15019 -95 67 -1507 -1461 -1 0 -42 16664
17:55:11.075 P 15023 -96 34 -1588 -1564 0 0 -350 16714
17:55:11.075 P 15027 -91 127 -1392 -1481 -1 0 1130 16918
17:55:11.075 P 15032 -75 128 -1331 -1358 0 0 -910 16598
17:55:11.075 P 15036 -72 38 -1458 -1556 0 0 490 16796
17:55:11.075 P 15040 -74 52 -1419 -1449 0 0 958 16798
17:55:11.075 P 15044 -69 101 -1443 -1348 0 -1 -268 16754
17:55:11.075 P 15048 -65 65 -1442 -1409 0 0 -86 16712
17:55:11.075 P 15052 -63 56 -1405 -1391 0 0 404 16760
17:55:11.075 P 15056 -60 68 -1402 -1378 0 0 306 16790
17:55:11.075 P 15060 -56 80 -1383 -1355 0 0 120 16728
17:55:11.075 P 15064 -51 85 -1381 -1361 0 0 154 16676
17:55:11.075 P 15068 -45 90 -1316 -1301 0 0 218 16798
17:55:11.075 P 15072 -39 95 -1355 -1328 0 0 144 16776
17:55:11.075 P 15076 -32 101 -1311 1314 0 0 104 16842
17:55:11.075 P 15079 -26 105 -1315 -1300 0 0 148 16704
17:55:11.075 P 15083 -18 113 1325 1355 0 0 44 16768
17:55:11.075 P 15087 -10 112 1308 1361 0 0 78 16702
17:55:11.075 P 15091 0 121 1346 1375 0 0 36 16744
17:55:11.075 P 15095 9 129 1380 1394 0 0 8 16780
17:55:11.075 P 15099 21 137 1406 1424 0 0 -36 16736
17:55:11.075 P 15103 33 145 1426 1453 0 0 -72 16718
17:55:11.075 P 15108 49 154 1457 1481 0 0 -92 16762
17:55:11.075 P 15112 63 164 1521 1551 0 0 -128 16860
17:55:11.075 P 15116 78 178 1530 1541 0 0 -84 16818
17:55:11.075 P 15120 96 196 1727 1725 1 0 -88 16702
17:55:11.075 P 15125 98 -210 1443 -1435 1 1 -2420 16352
17:55:11.075 P 15129 33 -556 -1565 -1572 2 1 -66 16874
17:55:11.075 P 15134 -48 -341 -1780 -1719 0 0 2050 17038
17:55:11.075 P 15138 -45 338 -1356 1408 -1 -2 1464 16970
17:55:11.075 P 15143 36 544 1415 1338 -1 -1 -534 16816
17:55:11.075 P 15147 79 280 1601 1340 -1 0 -504 16714
17:55:11.075 P 15151 105 229 1599 -1381 0 0 -654 16724
17:55:11.075 P 15155 113 60 1450 1434 1 0 -248 16718
17:55:11.075 P 15160 114 -18 -1400 1503 2 0 -614 16770
17:55:11.075 P 15164 102 18 -1397 1524 0 1 862 16826
17:55:11.075 P 15168 112 204 1591 1569 0 0 1716 16988
17:55:11.075 P 15172 129 222 1851 1579 1 1 2132 17020
17:55:11.075 P 15177 156 261 1869 1846 3 2 1408 16558
17:55:11.075 P 15182 143 -22 1635 2029 4 3 1022 16686
17:55:11.075 P 15187 122 -196 2016 1581 4 7 -2352 16816
17:55:11.075 P 15192 45 -687 1397 1373 7 6 -1166 16592
17:55:11.075 P 15197 -80 -757 -1389 -1335 6 5 490 17304
17:55:11.075 P 15202 -178 -498 -1705 -1423 4 5 262 16662
17:55:11.075 P 15207 -232 -191 -1712 -1478 1 3 492 16268
17:55:11.075 P 15212 -210 788 1948 1520 0 2 1928 16934
17:55:11.075 P 15216 -89 1062 1742 1762 2 3 824 16764
17:55:11.075 P 15221 22 65 1509 1418 3 3 -142 16428
17:55:11.075 P 15226 -2 -135 1416 1308 3 2 688 16700
17:55:11.075 P 15231 -6 -2 1571 1429 4 3 52 16804
17:55:11.075 P 15236 -9 35 1534 1474 3 3 -234 16722
17:55:11.075 P 15241 -11 18 1505 1457 3 2 -330 16770
17:55:11.075 P 15246 -11 19 1494 1477 2 2 -950 16696
17:55:11.075 P 15251 -18 -20 1525 1452 3 2 -132 16848
17:55:11.075 P 15256 -23 -3 1605 1493 3 2 -532 16524
17:55:11.075 P 15261 -35 -106 1318 1333 3 3 -56 16658
17:55:11.075 P 15266 -51 -82 -1384 -1339 2 3 -148 16784
17:55:11.075 P 15271 -57 31 1510 -1322 2 2 6 16878
17:55:11.075 P 15275 -54 89 1402 1332 1 1 1762 16798
17:55:11.075 P 15281 -17 376 1802 1761 3 2 1924 16456
17:55:11.075 P 15286 18 427 1878 1870 4 2 3038 16938
17:55:11.075 P 15291 64 503 1999 1955 5 4 3820 16914
17:55:11.075 P 15296 112 432 2081 2005 7 7 1948 16502
17:55:11.075 P 15300 139 309 2181 2070 9 7 1242 17748
17:55:11.075 P 15305 141 -214 2168 2123 11 9 -1176 17356
17:55:11.075 P 15310 54 -855 1737 1798 12 12 -1572 15794
17:55:11.075 P 15315 -113 -1218 1366 1353 11 12 -138 15958
17:55:11.915 P 15320 -285 -1030 -1385 -1357 12 11 18 16146
17:55:11.915 P 15324 -410 -1038 -1614 -1590 10 10 808 18130
17:55:11.915 P 15329 -514 -290 -1570 1516 5 6 3718 16960
17:55:11.915 P 15334 -439 911 1814 1692 6 8 172 16708
17:55:11.915 P 15339 -326 567 1780 1515 6 8 -558 15726
17:55:11.915 P 15344 -285 104 1758 -1395 6 7 172 16532
17:55:11.915 P 15349 -283 -25 1589 -1371 6 6 2424 18712
17:55:11.915 P 15353 -255 339 1764 1777 7 5 -320 16128
17:55:11.915 P 15358 -219 177 1653 1754 6 7 -376 16064
17:55:11.915 P 15363 -226 -191 1489 1422 7 7 154 17234
17:55:11.915 P 15367 -249 -190 1394 1362 6 7 8 16562
17:55:11.915 P 15372 -280 -199 1493 1402 7 6 -320 16520
17:55:11.915 P 15376 -310 -275 1425 -1391 6 5 -228 16064
17:55:11.915 P 15381 -361 -185 -1357 -1428 5 5 4834 17264
17:55:11.915 P 15386 -352 87 -1395 1681 4 4 240 17488
17:55:11.915 P 15390 -338 152 1342 1717 4 4 136 16582
17:55:11.915 P 15395 -313 -52 1512 1329 4 5 -1420 16602
17:55:11.915 P 15400 -334 -137 1425 -1625 4 4 -154 16802
17:55:11.915 P 15404 -346 354 1660 1430 4 2 2964 17222
17:55:11.915 P 15409 -281 326 1419 1697 3 2 -744 16224
17:55:11.915 P 15414 -245 160 1343 1717 4 3 -3316 16418
17:55:11.915 P 15418 -262 -199 -1385 -1486 2 4 -334 16838
17:55:11.915 P 15423 -304 -287 -1597 -1778 3 2 -128 16768
17:55:11.915 P 15428 -303 420 -1411 1736 0 -1 2024 17396
17:55:11.915 P 15432 -219 845 1716 1707 0 1 -62 16760
17:55:11.915 P 15436 -141 178 1380 1306 2 1 606 16594
17:55:11.915 P 15441 -121 -9 1494 -1447 2 2 -896 16680
17:55:11.915 P 15445 -155 -269 -1548 -1545 2 2 3310 17042
17:55:11.915 P 15450 -158 111 -1383 1626 1 0 814 16688
17:55:11.915 P 15454 -132 307 1594 1682 0 1 286 16882
17:55:11.915 P 15459 -111 -407 1329 -1776 1 2 -42 16512
17:55:11.915 P 15463 -166 -457 -1724 -1951 1 0 26 16650
17:55:11.915 P 15467 -179 395 -1529 1558 -2 -2 -1098 17288
17:55:11.915 P 15472 -111 528 1396 1598 -1 -1 -244 16802
17:55:11.915 P 15477 -52 -31 1478 -1404 -1 0 -274 16590
17:55:11.915 P 15481 -75 -245 -1500 -1497 0 0 -232 16718
17:55:11.915 P 15485 -109 -244 -1668 -1676 0 -1 -268 16786
17:55:11.915 P 15489 -142 28 -1619 -1509 -2 -2 2538 16892
17:55:11.915 P 15494 -98 455 1408 1467 -2 -2 -946 16530
17:55:11.915 P 15499 -62 75 -1339 -1302 -1 -1 -454 16774
17:55:11.915 P 15503 -71 -190 -1582 -1700 -1 -1 -498 16662
17:55:11.915 P 15507 -94 -71 -1616 -1475 -1 -2 496 16868
17:55:11.915 P 15512 -91 42 -1492 1333 -1 -1 1352 16970
17:55:11.915 P 15517 -86 -56 1309 -1466 0 -1 -396 16620
17:55:11.915 P 15521 -101 -120 -1530 -1652 -1 -1 194 16816
17:55:11.915 P 15526 -129 -100 -1700 -1613 -1 -2 1204 16828
17:55:11.915 P 15531 -133 95 -1555 -1412 -2 -2 -498 16730
17:55:11.915 P 15536 -121 95 -1304 -1567 -1 -2 236 16752
17:55:11.915 P 15541 -123 -3 -1487 -1605 -2 -1 900 16600
17:55:11.915 P 15545 -129 25 -1576 -1576 -2 -2 94 16676
17:55:11.915 P 15550 -129 35 -1564 -1525 -2 -2 -26 16718
17:55:11.915 P 15555 -130 18 -1470 -1536 -1 -1 552 16644
17:55:11.915 P 15560 -135 -7 -1586 -1634 -1 -3 98 16860
17:55:11.915 P 15565 -136 61 -1751 -1466 -3 -3 548 16908
17:55:11.915 P 15570 -118 191 -1361 -1619 -2 -2 -316 16966
17:55:11.915 P 15574 -105 116 -1446 -1602 -3 -3 146 16666
17:55:11.915 P 15579 -99 32 -1612 -1606 -3 -3 552 16866
17:55:11.915 P 15584 -96 56 -1684 -1600 -3 -3 -204 17038
17:55:11.915 P 15589 -87 144 -1508 -1594 -2 -3 1310 16550
17:55:11.915 P 15594 -64 178 -1391 -1577 -4 -3 -608 16602
17:55:11.915 P 15598 -56 94 -1547 -1632 -3 -4 -4 16812
17:55:11.915 P 15603 -49 78 -1670 -1519 -2 -3 670 16774
17:55:11.915 P 15608 -40 117 -1567 -1574 -4 -3 250 16664
17:55:11.915 P 15613 -27 121 -1482 -1638 -3 -4 118 16820
17:55:11.915 P 15618 -20 69 -1679 -1585 -3 -3 342 17056
17:55:11.915 P 15623 -13 96 -1661 -1620 -3 -3 302 16670
17:55:11.915 P 15628 7 228 -1364 -1530 -4 -3 -258 16654
17:55:11.915 P 15632 24 171 -1515 -1500 -4 -3 -396 16618
17:55:11.915 P 15637 37 68 -1624 -1680 -4 -4 -46 16820
17:55:11.915 P 15642 41 93 -1730 -1626 -4 -4 196 16978
17:55:11.915 P 15647 60 214 -1627 -1440 -4 -4 -682 16774
17:55:11.915 P 15652 81 143 -1543 -1615 -4 -3 -262 16774
17:55:11.915 P 15656 92 165 -1528 -1463 -3 -3 -694 16822
17:55:11.915 P 15661 110 150 -1521 -1546 -2 -4 -648 16740
17:55:11.915 P 15666 120 100 -1656 -1547 -3 -3 208 16662
17:55:11.915 P 15671 133 136 -1484 -1605 -4 -3 156 16882
17:55:11.915 P 15676 149 134 -1508 -1641 -3 -4 386 16846
17:55:11.915 P 15680 160 124 -1556 -1546 -4 -4 32 16774
17:55:11.915 P 15685 172 103 -1619 -1525 -2 -3 -482 16716
17:55:11.915 P 15689 179 101 -1609 -1591 -4 -4 -152 16518
17:55:11.915 P 15693 190 162 -1514 -1459 -4 -4 -670 16984
17:55:11.915 P 15698 206 157 -1427 -1423 -2 -3 -374 16428
17:55:11.915 P 15702 217 126 -1457 -1501 -4 -3 -132 16734
17:55:11.915 P 15707 225 97 -1529 -1441 -3 -3 -922 16554
17:55:11.915 P 15712 230 113 -1374 -1425 -3 -3 -362 16586
17:55:11.915 P 15716 237 95 -1454 -1501 -3 -3 -418 16964
17:55:11.915 P 15722 242 91 -1392 -1441 -2 -3 -28 16816
17:55:11.915 P 15727 248 106 -1408 -1340 -2 -2 -40 16682
17:55:11.915 P 15732 256 93 -1387 -1369 -2 -3 -842 16574
17:55:11.915 P 15737 258 67 -1371 -1353 -2 -2 50 16882
17:55:11.915 P 15742 260 54 -1372 -1420 -2 -3 -334 16774
17:55:11.915 P 15747 261 48 -1317 -1381 -2 -2 -508 16750
17:55:11.915 P 15753 258 -29 -1422 -1474 -1 -1 -622 16868
17:55:11.915 P 15757 248 -121 -1632 -1695 -1 -2 -1938 16482
17:55:11.915 P 15762 216 -181 -1880 -1875 -3 -3 -312 16596
17:55:11.915 P 15767 229 411 -1432 -1377 -4 -4 -1852 17408
17:55:11.915 P 15772 286 227 -1549 -1643 -4 -4 -2084 16188
17:55:11.915 P 15777 302 165 -1581 -1764 -4 -4 980 16758
17:55:11.915 P 15782 344 469 -1371 1394 -4 -5 -898 16804
17:55:11.915 P 15787 399 367 1307 1346 -4 -3 -898 16280
17:55:11.915 P 15793 447 414 1643 1604 -3 -3 1346 16524
17:55:11.915 P 15798 519 422 1829 1667 0 -1 -1308 16684
17:55:11.915 P 15802 518 -332 1775 1381 2 1 4568 17320
17:55:11.915 P 15807 449 -25 1702 2009 1 1 268 16828
17:55:11.915 P 15812 439 -214 2078 1740 3 3 -1830 16976
17:55:11.915 P 15817 333 -735 1469 -1314 4 4 4090 16884
17:55:11.915 P 15822 256 -276 1686 1855 4 3 -1080 16540
17:55:11.915 P 15827 204 -363 1675 1637 4 5 -108 16922
17:55:11.915 P 15832 144 18 2154 1941 4 4 4696 16620
17:55:11.915 P 15836 151 130 1995 2059 7 5 1384 16832
17:55:11.915 P 15841 140 292 2039 2085 7 7 408 16288
17:55:11.915 P 15846 169 363 2063 2125 9 8 1170 16136
17:55:11.915 P 15850 219 559 2112 2020 9 9 -552 17194
17:55:11.915 P 15855 349 947 1977 2080 11 10 -3172 16922
17:55:11.915 P 15859 502 1266 1862 2025 12 11 -6510 15946
17:55:11.915 P 15864 721 1503 2027 1952 11 11 -5092 15438
17:55:11.915 P 15869 1011 2112 1965 1879 12 11 -5970 15504
17:55:11.915 P 15873 1314 2602 1917 1810 12 11 -6920 14414
17:55:11.915 P 15878 1764 3054 1937 1776 11 10 -7368 14424
17:55:11.915 P 15883 2274 3392 1986 1788 12 12 -8870 14758
17:55:11.915 P 15887 2703 3555 2033 1787 13 10 -9754 13408
17:55:11.915 P 15892 3258 3581 2102 1826 13 11 -9046 11444
17:55:11.915 P 15897 3808 3501 2169 1838 15 11 -11392 10960
17:55:11.915 P 15900 4119 3255 0 0 15 10 -12110 10770
17:55:11.915 P 15901 4215 3153 0 0 15 12 -11576 10650
17:55:11.915 P 15902 4309 3078 0 0 14 9 -10940 11076
17:55:11.915 P 15903 4401 3030 0 0 15 11 -11108 10702
17:55:11.915 P 15904 4491 2999 0 0 15 10 -11948 11398
17:55:11.915 P 15905 4581 2941 0 0 14 10 -12522 11016
17:55:11.915 P 15906 4668 2862 0 0 15 11 -13006 11256
17:55:11.915 P 15907 4751 2772 0 0 13 10 -13126 11550
17:55:11.915 P 15908 4832 2676 0 0 15 10 -13050 11320
17:55:11.915 P 15909 4910 2582 0 0 14 9 -13338 11156
17:55:11.915 P 15910 4985 2486 0 0 14 11 -13728 11272
17:55:11.915 P 15911 5056 2383 0 0 13 9 -13806 11178
17:55:11.915 P 15912 5124 2258 0 0 15 9 -13662 10612
17:55:11.915 P 15913 5189 2138 0 0 13 11 -13312 10250
17:55:11.915 P 15914 5249 2037 0 0 14 9 -13176 10114
17:55:11.915 P 15915 5307 1951 0 0 13 9 -12648 9794
17:55:11.915 P 15916 5363 1873 0 0 13 10 -12818 9462
17:55:11.915 P 15917 5418 1796 0 0 13 9 -13100 8804
17:55:11.915 P 15918 5469 1704 0 0 13 9 -13400 8446
17:55:11.915 P 15919 5518 1597 0 0 13 9 -13798 8242
17:55:11.915 P 15920 5564 1485 0 0 13 9 -13708 8126
17:55:11.915 P 15921 5606 1359 0 0 12 9 -13668 7592
17:55:11.915 P 15922 5644 1237 0 0 14 9 -13780 7432
17:55:11.915 P 15923 5678 1107 0 0 12 9 -14016 7220
17:55:11.915 P 15924 5708 967 0 0 12 9 -13744 7422
17:55:11.915 P 15925 5737 838 0 0 13 8 -20114 7124
17:55:11.915 P 15926 5748 530 0 0 12 8 -9494 9600
17:55:11.915 P 15927 5756 478 0 0 12 7 -8044 8644
17:55:11.915 P 15928 5769 527 0 0 12 8 -10498 8742
17:55:11.915 P 15929 5783 593 0 0 12 7 -11372 10120
17:55:11.915 P 15930 5798 622 0 0 11 7 -12478 9800
17:55:11.915 P 15931 5813 574 0 0 12 7 -14652 10680
17:55:11.915 P 15932 5823 400 0 0 12 7 -14578 10506
17:55:11.915 P 15933 5828 322 0 0 11 6 -12270 10870
17:55:11.915 P 15934 5835 359 0 0 11 7 -11728 10412
17:55:11.915 P 15935 5844 430 0 0 11 6 -12178 10630
17:55:11.915 P 15936 5855 461 0 0 12 6 -13980 10598
17:55:11.915 P 15937 5864 411 0 0 11 5 -15050 10784
17:55:11.915 P 15938 5869 297 0 0 12 6 -13006 11038
17:55:11.915 P 15939 5870 227 0 0 10 5 -10692 11060
17:55:11.915 P 15940 5872 256 0 0 11 4 -10688 10986
17:55:11.915 P 15941 5877 309 0 0 11 4 -12272 11096
17:55:11.915 P 15942 5882 309 0 0 10 4 -13756 11430
17:55:11.915 P 15943 5887 258 0 0 10 4 -14496 11086
17:55:11.915 P 15944 5889 183 0 0 10 4 -14726 11192
17:55:11.915 P 15945 5889 112 0 0 11 3 -14132 11288
17:55:11.915 P 15946 5887 60 0 0 11 2 -14414 11290
17:55:11.915 P 15947 5884 19 0 0 9 3 -14824 11550
17:55:11.915 P 15948 5880 -16 0 0 11 2 -14986 11604
17:55:11.915 P 15949 5875 -39 0 0 9 2 -14626 11972
17:55:11.915 P 15950 5869 -42 0 0 11 1 -14108 12170
17:55:11.915 P 15951 5865 -4 0 0 9 2 -14376 12164
17:55:11.915 P 15952 5862 46 0 0 9 1 -14730 12382
17:55:11.915 P 15953 5861 90 0 0 10 0 -14758 12232
17:55:11.915 P 15954 5861 136 0 0 10 0 -14484 12306
17:55:11.915 P 15955 5863 191 0 0 9 0 -14504 11804
17:55:11.915 P 15956 5867 251 0 0 9 0 -14924 11312
17:55:11.915 P 15957 5873 288 0 0 9 -1 -15294 10972
17:55:11.915 P 15958 5880 294 0 0 9 0 -14880 10324
17:55:11.915 P 15959 5887 301 0 0 10 -1 -14642 9682
17:55:11.915 P 15960 5895 316 0 0 9 -1 -15006 9392
17:55:11.915 P 15961 5904 320 0 0 8 0 -15342 9052
17:55:11.915 P 15962 5912 312 0 0 9 0 -15250 8824
17:55:11.915 P 15963 5921 307 0 0 9 0 -15076 8630
17:55:11.915 P 15964 5929 313 0 0 9 -1 -15002 8542
17:55:11.915 P 15965 5938 321 0 0 8 0 -15324 8494
17:55:11.915 P 15966 5947 313 0 0 8 0 -15614 8270
17:55:11.915 P 15967 5956 289 0 0 9 0 -15844 8052
17:55:12.685 P 15968 5963 248 0 0 8 0 -15500 7994
17:55:12.685 P 15969 5969 210 0 0 8 1 -15002 7880
17:55:12.685 P 15970 5974 184 0 0 8 0 -14424 7918
17:55:12.685 P 15971 5979 179 0 0 8 0 -14080 8008
17:55:12.685 P 15972 5984 188 0 0 8 0 -13890 7650
17:55:12.685 P 15973 5989 202 0 0 8 0 -14100 7634
17:55:12.685 P 15974 5995 202 0 0 7 0 -14362 7528
17:55:12.685 P 15975 6000 192 0 0 8 0 -14572 7482
17:55:12.685 P 15976 6005 179 0 0 8 0 -14504 7738
17:55:12.685 P 15977 6009 173 0 0 6 1 -14308 7852
17:55:12.685 P 15978 6014 182 0 0 8 0 -14340 7754
17:55:12.685 P 15979 6020 198 0 0 7 0 -14656 7512
17:55:12.685 P 15980 6026 206 0 0 8 0 -15010 7480
17:55:12.685 P 15981 6032 202 0 0 7 1 -15276 7312
17:55:12.685 P 15982 6038 188 0 0 6 0 -15512 7282
17:55:12.685 P 15983 6044 167 0 0 7 0 -15690 7016
17:55:12.685 P 15984 6049 135 0 0 8 0 -16076 6938
17:55:12.685 P 15985 6052 91 0 0 6 0 -16196 6950
17:55:12.685 P 15986 6054 42 0 0 7 0 -16012 7230
17:55:12.685 P 15987 6054 -4 0 0 7 0 -15874 7310
17:55:12.685 P 15988 6053 -47 0 0 6 0 -15574 7424
17:55:12.685 P 15989 6050 -81 0 0 6 0 -15160 7876
17:55:12.685 P 15990 6046 -95 0 0 7 0 -14550 8334
17:55:12.685 P 15991 6042 -80 0 0 6 0 -14464 8766
17:55:12.685 P 15992 6038 -58 0 0 7 0 -14778 8818
17:55:12.685 P 15993 6035 -47 0 0 5 0 -15334 8778
17:55:12.685 P 15994 6033 -53 0 0 7 0 -15860 8624
17:55:12.685 P 15995 6030 -88 0 0 5 0 -16196 8424
17:55:12.685 P 15996 6025 -141 0 0 6 0 -16106 8284
17:55:12.685 P 15997 6019 -194 0 0 6 0 -15750 8194
17:55:12.685 P 15998 6011 -234 0 0 6 0 -15516 8304
17:55:12.685 P 15999 6002 -265 0 0 6 0 -15658 8168
17:55:12.685 P 16000 5993 -299 0 0 5 0 -15720 8050
17:55:12.685 P 16001 5983 -336 0 0 6 0 -15690 7750
17:55:12.685 P 16002 5972 -374 0 0 5 0 -15706 7824
17:55:12.685 P 16003 5959 -410 0 0 6 0 -15374 7948
17:55:12.685 P 16004 5945 -435 0 0 5 0 -15228 8048
17:55:12.685 P 16005 5931 -449 0 0 5 0 -15126 8106
17:55:12.685 P 16006 5917 -462 0 0 5 0 -15026 8194
17:55:12.685 P 16007 5902 -471 0 0 5 0 -14834 8322
17:55:12.685 P 16008 5887 -470 0 0 5 0 -14716 8250
17:55:12.685 P 16009 5872 -470 0 0 5 0 -14806 8280
17:55:12.685 P 16010 5857 -478 0 0 5 0 -14816 8320
17:55:12.685 P 16011 5842 -482 0 0 5 0 -14992 8258
17:55:12.685 P 16012 5827 -494 0 0 4 0 -15252 8264
17:55:12.685 P 16013 5811 -520 0 0 5 0 -15350 8318
17:55:12.685 P 16014 5794 -554 0 0 4 0 -15582 8414
17:55:12.685 P 16015 5775 -598 0 0 5 0 -15604 8582
17:55:12.685 P 16016 5755 -645 0 0 4 0 -15348 8804
17:55:12.685 P 16017 5734 -685 0 0 4 0 -14986 9010
17:55:12.685 P 16018 5711 -712 0 0 5 0 -14904 9162
17:55:12.685 P 16019 5689 -732 0 0 4 0 -15052 9088
17:55:12.685 P 16020 5665 -759 0 0 5 0 -15144 8790
17:55:12.685 P 16021 5641 -796 0 0 4 0 -15092 8652
17:55:12.685 P 16022 5616 -840 0 0 4 0 -15018 8528
17:55:12.685 P 16023 5589 -892 0 0 4 0 -14946 8580
17:55:12.685 P 16024 5560 -955 0 0 3 0 -14884 8632
17:55:12.685 P 16025 5529 -1026 0 0 3 0 -14856 8564
17:55:12.685 P 16026 5495 -1112 0 0 4 0 -14682 8706
17:55:12.685 P 16027 5459 -1200 0 0 4 0 -14558 8710
17:55:12.685 P 16028 5420 -1291 0 0 3 0 -14488 8722
17:55:12.685 P 16029 5378 -1383 0 0 4 0 -14434 8854
17:55:12.685 P 16030 5334 -1470 0 0 4 0 -14362 9004
17:55:12.685 P 16031 5287 -1542 0 0 3 0 -14196 9042
17:55:12.685 P 16032 5238 -1604 0 0 4 0 -14028 9288
17:55:12.685 P 16033 5188 -1654 0 0 2 0 -13866 9476
17:55:12.685 P 16034 5136 -1691 0 0 4 0 -13780 10000
17:55:12.685 P 16035 5083 -1722 0 0 3 0 -13524 10312
17:55:12.685 P 16036 5030 -1736 0 0 3 0 -13262 10502
17:55:12.685 P 16037 4976 -1733 0 0 3 0 -12658 10708
17:55:12.685 P 16038 4922 -1707 0 0 3 0 -12328 11092
17:55:12.685 P 16039 4869 -1671 0 0 3 0 -12098 11498
17:55:12.685 P 16040 4818 -1631 0 0 3 0 -12074 11702
17:55:12.685 P 16041 4767 -1600 0 0 2 0 -12096 11882
17:55:12.685 P 16042 4717 -1573 0 0 3 0 -11576 11962
17:55:12.685 P 16043 4668 -1534 0 0 3 0 -11252 11920
17:55:12.685 P 16044 4620 -1488 0 0 2 0 -11280 11984
17:55:12.685 P 16045 4574 -1452 0 0 3 0 -11408 12078
17:55:12.685 P 16046 4529 -1430 0 0 2 0 -11744 12030
17:55:12.685 P 16047 4484 -1435 0 0 2 0 -12152 12096
17:55:12.685 P 16048 4439 -1466 0 0 3 0 -12274 11976
17:55:12.685 P 16049 4392 -1518 0 0 2 0 -12350 12084
17:55:12.685 P 16050 4343 -1585 0 0 2 0 -12568 12162
17:55:12.685 P 16051 4292 -1664 0 0 2 0 -12386 12280
17:55:12.685 P 16052 4238 -1743 0 0 2 0 -11952 12218
17:55:12.685 P 16053 4183 -1808 0 0 2 0 -11474 12036
17:55:12.685 P 16054 4125 -1863 0 0 2 0 -11016 12058
17:55:12.685 P 16055 4066 -1907 0 0 2 0 -10706 12194
17:55:12.685 P 16056 4005 -1948 0 0 2 0 -10442 12462
17:55:12.685 P 16057 3943 -1988 0 0 1 0 -10020 12868
17:55:12.685 P 16058 3879 -2018 0 0 3 0 -9584 13260
17:55:12.685 P 16059 3815 -2039 0 0 1 0 -9370 13480
17:55:12.685 P 16060 3750 -2058 0 0 1 0 -9318 13646
17:55:12.685 P 16061 3684 -2085 0 0 2 0 -9220 13636
17:55:12.685 P 16062 3618 -2115 0 0 1 0 -8994 13736
17:55:12.685 P 16063 3550 -2149 0 0 2 0 -8564 13678
17:55:12.685 P 16064 3481 -2178 0 0 2 0 -8038 13476
17:55:12.685 P 16065 3411 -2193 0 0 1 0 -7460 13392
17:55:12.685 P 16066 3341 -2200 0 0 1 0 -7314 13334
17:55:12.685 P 16067 3272 -2209 0 0 1 0 -7366 13302
17:55:12.685 P 16068 3202 -2232 0 0 1 0 -7542 13372
17:55:12.685 P 16069 3131 -2264 0 0 1 0 -7664 13422
17:55:12.685 P 16070 3059 -2313 0 0 2 0 -7956 13442
17:55:12.685 P 16071 2986 -2374 0 0 1 0 -8004 13436
17:55:12.685 P 16072 2911 -2439 0 0 0 0 -7694 13368
17:55:12.685 P 16073 2833 -2498 0 0 1 0 -7012 13280
17:55:12.685 P 16074 2754 -2540 0 0 1 0 -6182 13364
17:55:12.685 P 16075 2673 -2555 0 0 1 0 -5594 13492
17:55:12.685 P 16076 2593 -2551 0 0 1 0 -5244 13542
17:55:12.685 P 16077 2512 -2538 0 0 0 0 -5034 13530
17:55:12.685 P 16078 2432 -2524 0 0 1 0 -4564 13534
17:55:12.685 P 16079 2353 -2493 0 0 0 0 -3888 13614
17:55:12.685 P 16080 2274 -2442 0 0 1 0 -3374 13846
17:55:12.685 P 16081 2198 -2373 0 0 1 0 -3242 13906
17:55:12.685 P 16082 2123 -2302 0 0 0 0 -3082 13944
17:55:12.685 P 16083 2051 -2228 0 0 1 0 -2612 14220
17:55:12.685 P 16084 1980 -2141 0 0 0 0 -2044 14320
17:55:12.685 P 16085 1913 -2041 0 0 0 0 -1838 14334
17:55:12.685 P 16086 1849 -1935 0 0 0 0 -1816 14344
17:55:12.685 P 16087 1788 -1828 0 0 0 0 -1542 14310
17:55:12.685 P 16088 1731 -1720 0 0 0 0 -1702 14282
17:55:12.685 P 16089 1677 -1621 0 0 0 0 -1868 14210
17:55:12.685 P 16090 1627 -1534 0 0 0 0 -2198 14142
17:55:12.685 P 16091 1579 -1472 0 0 0 0 -2546 14072
17:55:12.685 P 16092 1533 -1429 0 0 0 0 -2764 13990
17:55:12.685 P 16093 1487 -1406 0 0 0 0 -2854 13870
17:55:12.685 P 16094 1443 -1388 0 0 0 0 -2726 13796
17:55:12.685 P 16095 1399 -1374 0 0 0 0 -2738 13740
17:55:12.685 P 16096 1355 -1364 0 0 0 0 -2804 13640
17:55:12.685 P 16097 1312 -1358 0 0 0 0 -2580 13654
17:55:12.685 P 16098 1269 -1350 0 0 -1 0 -2584 13682
17:55:12.685 P 16099 1226 -1345 0 0 0 0 -2432 13802
17:55:12.685 P 16100 1183 -1339 0 0 0 0 -2258 13886
17:55:12.685 P 16101 1140 -1330 0 0 0 0 -1892 14116
17:55:12.685 P 16102 1097 -1311 0 0 0 0 -1468 14430
17:55:12.685 P 16103 1054 -1274 0 0 0 0 -794 14664
17:55:12.685 P 16104 1012 -1215 0 0 0 0 -118 14914
17:55:12.685 P 16105 972 -1127 0 0 0 0 1028 15296
17:55:12.685 P 16106 936 -1004 0 0 0 0 1326 15372
17:55:12.685 P 16107 904 -873 0 0 0 0 410 15582
17:55:12.685 P 16108 877 -778 0 0 0 0 -486 15552
17:55:12.685 P 16109 852 -718 0 0 0 0 -918 15878
17:55:12.685 P 16110 829 -679 0 0 0 0 -1102 16002
17:55:12.685 P 16111 806 -646 0 0 0 0 -936 16230
17:55:12.685 P 16112 784 -604 0 0 0 0 -478 16390
17:55:12.685 P 16113 764 -545 0 0 0 0 72 16654
17:55:12.685 P 16114 745 -471 0 0 0 0 8 16672
17:55:12.685 P 16115 730 -397 0 0 0 0 -438 16878
17:55:12.685 P 16116 717 -350 0 0 0 0 -1110 16918
17:55:12.685 P 16117 705 -336 0 0 0 0 -1576 16988
17:55:12.685 P 16118 692 -349 0 0 0 0 -1796 16952
17:55:12.685 P 16119 680 -371 0 0 0 0 -1988 16894
17:55:12.685 P 16120 666 -400 0 0 0 0 -2096 16886
17:55:12.685 P 16121 652 -432 0 0 0 0 -2026 16868
17:55:12.685 P 16122 637 -462 0 0 0 0 -1932 16950
17:55:12.685 P 16123 621 -488 0 0 0 0 -1956 17002
17:55:12.685 P 16124 604 -514 0 0 0 0 -1920 17088
17:55:12.685 P 16125 586 -541 0 0 0 0 -1814 17270
17:55:12.685 P 16126 567 -563 0 0 0 0 -1462 17406
17:55:12.685 P 16127 548 -572 0 0 0 0 -1116 17542
17:55:12.685 P 16128 528 -563 0 0 0 0 -722 17758
17:55:12.685 P 16129 509 -539 0 0 0 0 -366 17882
17:55:12.685 P 16130 491 -501 0 0 0 0 -32 17944
17:55:12.685 P 16131 474 -447 0 0 0 0 218 17904
17:55:12.685 P 16132 459 -382 0 0 0 0 300 17910
17:55:12.685 P 16133 447 -314 0 0 0 0 294 17918
17:55:12.685 P 16134 436 -256 0 0 0 0 158 17730
17:55:12.685 P 16135 427 -208 0 0 0 0 -60 17762
17:55:12.685 P 16136 419 -174 0 0 0 0 -116 17736
17:55:12.685 P 16137 412 -148 0 0 0 0 76 17632
17:55:12.685 P 16138 405 -120 0 0 0 0 466 17724
17:55:12.685 P 16139 399 -79 0 0 0 0 826 17838
17:55:12.685 P 16140 394 -24 0 0 0 0 1188 17904
17:55:12.685 P 16141 391 41 0 0 0 0 1392 17928
17:55:12.685 P 16142 390 113 0 0 0 0 1348 17750
17:55:12.685 P 16143 392 183 0 0 0 0 1134 17788
17:55:12.685 P 16144 396 242 0 0 0 0 838 17500
17:55:12.685 P 16145 401 289 0 0 0 0 602 17278
17:55:12.685 P 16146 408 321 0 0 0 0 388 17114
17:55:12.685 P 16147 415 341 0 0 0 0 176 16844
17:55:12.685 P 16148 423 352 0 0 0 0 68 16576
17:55:12.685 P 16149 431 360 0 0 0 0 52 16412
17:55:12.685 P 16150 440 362 0 0 0 0 -66 16342
17:55:12.685 P 16151 448 360 0 0 0 0 -196 16226
17:55:12.685 P 16152 456 352 0 0 0 0 -500 16338
17:55:12.685 P 16153 464 337 0 0 0 0 -698 16542
17:55:12.685 P 16154 472 313 0 0 0 0 -578 16804
17:55:12.685 P 16155 478 296 0 0 0 0 -470 16972
17:55:12.685 P 16156 484 289 0 0 0 0 -380 17168
17:55:12.685 P 16157 491 288 0 0 0 0 -410 17090
17:55:12.685 P 16158 497 289 0 0 0 0 -494 17064
17:55:12.685 P 16159 503 287 0 0 0 0 -696 17016
17:55:12.685 P 16160 510 280 0 0 0 0 -874 16998
17:55:12.685 P 16161 516 264 0 0 0 0 -1024 16970
17:55:12.685 P 16162 521 246 0 0 0 0 -1072 16906
17:55:12.685 P 16163 526 225 0 0 0 0 -1174 16804
17:55:12.685 P 16164 531 201 0 0 0 0 -1268 16726
17:55:12.685 P 16165 534 173 0 0 0 0 -1204 16800
17:55:12.685 P 16166 537 152 0 0 0 0 -908 16810
17:55:12.685 P 16167 539 143 0 0 0 0 -664 16836
17:55:12.685 P 16168 540 147 0 0 0 0 -574 16722
17:55:12.685 P 16169 543 160 0 0 0 0 -672 16530
17:55:12.685 P 16170 546 170 0 0 0 0 -776 16578
17:55:12.685 P 16171 549 178 0 0 0 0 -696 16514
17:55:12.685 P 16172 552 187 0 0 0 0 -566 16488
17:55:12.685 P 16173 555 207 0 0 0 0 -216 16382
17:55:12.685 P 16174 559 237 0 0 0 0 86 16280
17:55:12.685 P 16175 564 277 0 0 0 0 198 16092
17:55:12.685 P 16176 570 324 0 0 0 0 176 16252
17:55:12.685 P 16177 578 370 0 0 0 0 84 16318
17:55:12.685 P 16178 587 413 0 0 0 0 172 16254
17:55:12.685 P 16179 597 453 0 0 0 0 450 16202
17:55:12.685 P 16180 608 507 0 0 0 0 820 16246
17:55:12.685 P 16181 621 569 0 0 0 0 842 15964
17:55:13.264 P 16182 635 629 0 0 0 0 730 15686
17:55:13.264 P 16183 652 685 0 0 0 0 508 15484
17:55:13.264 P 16184 670 731 0 0 0 0 404 15278
17:55:13.264 P 16185 690 768 0 0 0 0 160 14998
17:55:13.264 P 16186 710 790 0 0 0 0 -180 14892
17:55:13.264 P 16187 731 794 0 0 0 0 -510 14710
17:55:13.264 P 16188 752 780 0 0 0 0 -608 14468
17:55:13.264 P 16189 771 761 0 0 0 0 -500 14342
17:55:13.264 P 16190 790 743 0 0 0 0 -454 14168
17:55:13.264 P 16191 809 726 0 0 0 0 -374 14308
17:55:13.264 P 16192 827 713 0 0 0 0 -166 14442
17:55:13.264 P 16193 844 705 0 0 0 0 -44 14504
17:55:13.264 P 16194 861 700 0 0 0 0 -66 14734
17:55:13.264 P 16195 878 694 0 0 0 0 -110 14942
17:55:13.264 P 16196 895 684 0 0 0 0 -404 15242
17:55:13.264 P 16197 911 668 0 0 0 0 -680 15202
17:55:13.264 P 16198 928 637 0 0 0 0 -1106 15380
17:55:13.264 P 16199 943 586 0 0 0 0 -1496 15486
17:55:13.264 P 16200 956 519 0 0 0 0 -1764 15614
17:55:13.264 P 16201 967 442 0 0 0 0 -1826 15816
17:55:13.264 P 16202 975 356 0 0 0 0 -2118 15850
17:55:13.264 P 16203 981 260 0 0 0 0 -2410 15948
17:55:13.264 P 16204 984 153 0 0 0 0 -2462 15996
17:55:13.264 P 16205 983 44 0 0 0 0 -2218 16182
17:55:13.264 P 16206 979 -58 0 0 0 0 -1814 16442
17:55:13.264 P 16207 971 -142 0 0 0 0 -1212 16614
17:55:13.264 P 16208 961 -203 0 0 0 0 -772 17040
17:55:13.264 P 16209 950 -241 0 0 0 0 -672 17986
17:55:13.264 P 16210 939 -200 0 0 0 0 52 26314
17:55:13.264 P 16211 931 -109 0 0 0 0 -816 32767
17:55:13.264 P 16212 933 118 0 0 0 0 -3514 28830
17:55:13.264 P 16213 938 205 0 0 0 0 -3776 17070
17:55:13.264 P 16214 942 121 0 0 0 0 -3962 15424
17:55:13.264 P 16215 940 -21 0 0 0 0 -2522 13684
17:55:13.264 P 16216 933 -134 0 0 0 0 -1004 15872
17:55:13.264 P 16217 923 -183 0 0 0 0 -126 14582
17:55:13.264 P 16218 912 -191 0 0 0 0 48 15384
17:55:13.264 P 16219 902 -187 0 0 0 0 82 14554
17:55:13.264 P 16220 892 -192 0 0 0 0 -408 16204
17:55:13.264 P 16221 883 -183 0 0 0 0 -1292 17282
17:55:13.264 P 16222 876 -121 0 0 0 0 -326 19832
17:55:13.264 P 16223 873 23 0 0 0 0 -1446 21516
17:55:13.264 P 16224 876 112 0 0 0 0 -4096 17562
17:55:13.264 P 16225 878 43 0 0 0 0 -3820 15242
17:55:13.264 P 16226 875 -73 0 0 0 0 -3242 14490
17:55:13.264 P 16227 868 -183 0 0 0 0 -2232 13706
17:55:13.264 P 16228 858 -273 0 0 0 0 -1546 14288
17:55:13.264 P 16229 846 -312 0 0 0 0 -1548 15818
17:55:13.264 P 16230 834 -287 0 0 0 0 -1498 17408
17:55:13.264 P 16231 825 -225 0 0 0 0 -2124 21146
17:55:13.264 P 16232 819 -124 0 0 0 0 -3258 23994
17:55:13.264 P 16233 816 -62 0 0 1 -1 -3150 24586
17:55:13.264 P 16234 811 -48 0 0 0 0 -1638 20628
17:55:13.264 P 16235 807 -15 0 0 0 0 -334 15512
17:55:13.264 P 16236 802 8 0 0 0 0 928 12188
17:55:13.264 P 16237 798 15 0 0 -1 0 284 13120
17:55:13.264 P 16238 793 1 0 0 0 0 448 13486
17:55:13.264 P 16239 788 -5 0 0 0 0 514 13880
17:55:13.264 P 16240 783 9 0 0 0 0 394 13912
17:55:13.264 P 16241 780 48 0 0 0 0 240 16750
17:55:13.264 P 16242 782 175 0 0 0 0 -390 18364
17:55:13.264 P 16243 790 358 0 0 0 0 -1260 19710
17:55:13.264 P 16244 805 558 0 0 1 0 -2234 18938
17:55:13.264 P 16245 823 664 0 0 0 0 -2266 17356
17:55:13.264 P 16246 841 654 0 0 0 0 -1952 16342
17:55:13.264 P 16247 857 608 0 0 0 0 -1890 16272
17:55:13.264 P 16248 871 543 0 0 0 0 -1596 16934
17:55:13.264 P 16249 883 493 0 0 0 0 -1462 16998
17:55:13.264 P 16250 894 466 0 0 -1 0 -1568 16966
17:55:13.264 P 16251 906 475 0 0 0 0 -1702 17108
17:55:13.264 P 16252 919 495 0 0 0 0 -1942 16628
17:55:13.264 P 16253 931 478 0 0 0 0 -2182 16112
17:55:13.264 P 16254 942 436 0 0 0 0 -1916 16320
17:55:13.264 P 16255 952 423 0 0 0 0 -1804 16890
17:55:13.264 P 16256 962 442 0 0 0 0 -1674 16932
17:55:13.264 P 16257 974 459 0 0 0 0 -2246 16714
17:55:13.264 P 16258 985 442 0 0 0 0 -2178 16676
17:55:13.264 P 16259 996 431 0 0 0 0 -2096 16558
17:55:13.264 P 16260 1007 440 0 0 0 0 -2204 16374
17:55:13.264 P 16261 1018 443 0 0 0 0 -2254 16472
17:55:13.264 P 16262 1028 430 0 0 0 0 -2160 16744
17:55:13.264 P 16263 1038 409 0 0 0 0 -2538 16844
17:55:13.264 P 16264 1048 381 0 0 0 0 -2986 16730
17:55:13.264 P 16265 1058 343 0 0 0 0 -4076 16488
17:55:13.264 P 16266 1067 272 0 0 0 0 -5064 16306
17:55:13.264 P 16267 1074 168 0 0 0 0 -6016 16166
17:55:13.264 P 16268 1077 38 0 0 0 0 -6614 16292
17:55:13.264 P 16269 1076 -106 0 0 0 0 -6502 16446
17:55:13.264 P 16270 1067 -208 0 0 0 1 -2196 16948
17:55:13.264 P 16271 1061 -139 0 0 0 0 -3030 16422
17:55:13.264 P 16272 1061 -93 0 0 0 0 -6790 15684
17:55:13.264 P 16273 1058 -221 0 0 0 0 -7854 15642
17:55:13.264 P 16274 1046 -407 0 0 0 1 -5430 16536
17:55:13.264 P 16275 1033 -461 0 0 0 0 -5428 16812
17:55:13.264 P 16276 1019 -515 0 0 0 0 -6426 16496
17:55:13.264 P 16277 1000 -654 0 0 0 0 -5118 16144
17:55:13.264 P 16278 977 -739 0 0 0 0 -3510 15814
17:55:13.264 P 16279 954 -741 0 0 0 0 -3738 16144
17:55:13.264 P 16280 929 -785 0 0 0 0 -3478 16714
17:55:13.264 P 16281 901 -863 0 0 0 0 -2358 17004
17:55:13.264 P 16282 872 -894 0 0 0 0 -1904 16910
17:55:13.264 P 16283 842 -885 0 0 0 0 -1266 16552
17:55:13.264 P 16284 812 -858 0 0 0 -1 -604 16090
17:55:13.264 P 16285 782 -837 0 0 0 0 48 16244
17:55:13.264 P 16286 753 -813 0 0 0 0 726 16834
17:55:13.264 P 16287 724 -763 0 0 0 0 1016 17082
17:55:13.264 P 16288 697 -695 0 0 0 0 1380 16896
17:55:13.264 P 16289 673 -614 0 0 0 0 1764 16640
17:55:13.264 P 16290 651 -533 0 0 0 0 1692 16564
17:55:13.264 P 16291 633 -454 0 0 0 0 614 16774
17:55:13.264 P 16292 616 -452 0 0 0 0 -636 16898
17:55:13.264 P 16293 595 -507 0 0 0 0 1494 16956
17:55:13.264 P 16294 576 -463 0 0 0 0 970 16776
17:55:13.264 P 16295 559 -435 0 0 0 0 446 16660
17:55:13.264 P 16296 542 -425 0 0 0 0 928 16710
17:55:13.264 P 16297 525 -384 0 0 0 0 1218 16776
17:55:13.264 P 16298 511 -335 0 0 0 0 732 16910
17:55:13.264 P 16299 497 -305 0 0 0 0 664 16772
17:55:13.264 P 16300 485 -282 0 0 0 0 658 16716
17:55:13.264 P 16301 473 -248 0 0 0 0 762 16794
17:55:13.264 P 16302 463 -212 0 0 0 0 638 16694
17:55:13.264 P 16303 453 -187 0 0 0 0 808 16706
17:55:13.264 P 16304 444 -159 0 0 0 0 874 16766
17:55:13.264 P 16305 436 -130 0 0 0 0 800 16892
17:55:13.264 P 16306 429 -100 0 0 0 0 798 16838
17:55:13.264 P 16307 423 -72 0 0 0 0 730 16718
17:55:13.264 P 16308 418 -44 0 0 0 0 602 16732
17:55:13.264 P 16309 414 -19 0 0 0 0 456 16830
17:55:13.264 P 16310 410 0 0 0 0 0 356 16596
17:55:13.264 P 16311 407 10 0 0 0 0 372 16810
17:55:13.264 P 16312 404 18 0 0 0 0 166 17104
17:55:13.264 P 16313 402 21 0 0 0 0 212 16972
17:55:13.264 P 16314 399 29 0 0 0 0 150 16698
17:55:13.264 P 16315 397 37 0 0 0 0 214 16496
17:55:13.264 P 16316 396 43 0 0 0 0 -312 16610
17:55:13.264 P 16317 394 38 0 0 0 0 -414 16726
17:55:13.264 P 16318 393 31 0 0 0 0 -456 16926
17:55:13.264 P 16319 391 22 0 0 0 0 -608 16734
17:55:13.264 P 16320 389 3 0 0 0 0 -538 16492
17:55:13.264 P 16321 386 -5 0 0 0 0 -638 16734
17:55:13.264 P 16322 383 -10 0 0 0 0 -152 16864
17:55:13.264 P 16323 380 -2 0 0 0 0 216 16704
17:55:13.264 P 16324 377 22 0 0 0 0 730 16900
17:55:13.264 P 16325 377 76 0 0 0 0 -240 16738
17:55:13.264 P 16326 378 92 0 0 0 0 -1490 16532
17:55:13.264 P 16327 378 54 0 0 0 0 -866 16652
17:55:13.264 P 16328 377 46 0 0 0 0 -696 16808
17:55:13.264 P 16329 377 49 0 0 0 0 -966 16904
17:55:13.264 P 16330 375 27 0 0 0 0 -878 16838
17:55:13.638 D 81730 0 -0.97 0.000 2184 1854 1.87
17:55:13.638 R 11875 2 38.7
17:55:13.638 E 0 118 1494 -110 -1517 -1534
17:55:13.638 E 1 120 1853 -116 -1499 -1402
17:55:13.638 E 2 129 2408 -109 -1416 1387
17:55:13.638 E 3 141 2621 -112 -1371 1394
17:55:13.638 E 4 153 2524 -116 -1361 1340
17:55:13.638 E 5 164 2457 -113 -1347 1336
17:55:13.638 E 6 176 2317 -109 -1337 1343
17:55:13.638 E 7 186 2146 -106 -1316 1338
17:55:13.638 E 8 195 2000 -103 1307 1346
17:55:13.638 E 9 203 1872 -96 1350 1380
17:55:13.638 E 10 210 1774 -105 1342 1367
17:55:13.638 E 11 215 1744 -93 1463 1435
17:55:13.638 E 12 219 1798 -93 1494 1462
17:55:13.638 E 13 222 1975 -92 1551 1521
17:55:13.638 E 14 225 2286 -82 1643 1604
17:55:13.638 E 15 229 2737 -75 1723 1681
17:55:13.638 E 16 237 3304 -60 1803 1774
17:55:13.638 E 17 256 3682 -46 1890 1825
17:55:13.638 E 18 280 3298 -32 1878 1839
17:55:13.638 E 19 292 2335 -26 1829 1667
17:55:13.638 E 20 293 1853 -13 1831 1601
17:55:13.638 E 21 304 1750 6 1915 1682
17:55:13.638 E 22 307 323 9 1887 1566
17:55:13.638 E 23 276 -2261 10 1775 1381
17:55:13.638 E 24 240 -3182 13 -1316 1531
17:55:13.638 E 25 220 -2371 21 1403 1680
17:55:13.638 E 26 196 -2060 27 1513 1600
17:55:13.638 E 27 173 -1328 32 1598 1793
17:55:13.638 E 28 166 -389 37 1702 2009
17:55:13.638 E 29 166 -152 34 1715 2000
17:55:13.638 E 30 159 -316 45 1839 2124
17:55:13.638 E 31 163 6 47 1939 2127
17:55:13.638 E 32 170 -469 61 2054 2023
17:55:13.638 E 33 165 -1542 70 2078 1740
17:55:13.638 E 34 158 -2206 74 1944 1446
17:55:13.638 E 35 144 -3066 93 1873 -1319
17:55:13.638 E 36 120 -3986 100 1790 -1455
17:55:13.638 E 37 83 -4748 115 1641 -1469
17:55:13.638 E 38 44 -4718 119 1469 -1314
17:55:13.638 E 39 15 -4011 124 1548 1478
17:55:13.638 E 40 -11 -3371 119 1601 1562
17:55:13.638 E 41 -29 -2535 116 1690 1692
17:55:13.638 E 42 -37 -1944 120 1762 1829
17:55:13.638 E 43 -44 -1920 112 1686 1855
17:55:13.638 E 44 -50 -1822 124 1779 1962
17:55:13.638 E 45 -54 -1798 121 1790 1918
17:55:13.638 E 46 -63 -2121 119 1730 1795
17:55:13.638 E 47 -74 -2291 130 1738 1739
17:55:13.638 E 48 -87 -2450 125 1675 1637
17:55:13.638 E 49 -108 -2615 128 1650 1484
17:55:13.638 E 50 -131 -2291 134 1776 1520
17:55:13.638 E 51 -152 -1615 134 1898 1636
17:55:13.638 E 52 -168 -853 142 2065 1820
17:55:13.638 E 53 -184 -127 142 2154 1941
17:55:13.638 E 54 -191 817 148 2136 2103
17:55:13.638 E 55 -191 1256 154 2124 2121
17:55:13.638 E 56 -190 1061 161 2044 2087
17:55:13.638 E 57 -192 555 174 1995 2059
17:55:13.638 E 58 -200 -121 182 1944 1998
17:55:13.638 E 59 -214 -529 196 1916 1978
17:55:13.638 E 60 -215 -164 206 1935 1969
17:55:13.638 E 61 -224 890 220 2013 2032
17:55:13.638 E 62 -218 1542 232 2039 2085
17:55:13.638 E 63 -218 1219 234 2001 2088
17:55:13.638 E 64 -218 1323 238 2038 2118
17:55:13.638 E 65 -212 1744 245 2076 2153
17:55:13.638 E 66 -206 1872 249 2075 2149
17:55:13.638 E 67 -200 1975 258 2063 2125
17:55:13.638 E 68 -190 2189 267 2038 2111
17:55:13.638 E 69 -175 2298 280 2042 2077
17:55:13.638 E 70 -163 2542 297 2097 2037
17:55:13.638 E 71 -146 3170 305 2112 2020
17:55:13.638 E 72 -124 3829 317 2113 2038
17:55:13.638 E 73 -94 4536 329 2111 2069
17:55:13.638 E 74 -58 4963 331 2106 2038
17:55:13.638 E 75 -21 5243 345 2044 2053
17:55:13.638 E 76 14 5536 355 1977 2080
17:55:13.638 E 77 53 5968 365 1953 2088
17:55:13.638 E 78 97 6603 377 1924 2082
17:55:13.638 E 79 151 7304 381 1893 2063
17:55:13.638 E 80 207 7480 390 1862 2025
17:55:13.638 E 81 259 7383 389 1866 1971
17:55:13.638 E 82 306 7487 394 1922 1954
17:55:13.638 E 83 355 8023 396 1979 1959
17:55:13.638 E 84 415 8651 400 2034 1965
17:55:13.638 E 85 472 8925 401 2027 1952
17:55:13.638 E 86 531 9486 408 1998 1927
17:55:13.638 E 87 590 10102 415 2000 1927
17:55:13.638 E 88 655 10949 416 1990 1917
17:55:13.638 E 89 724 11815 424 1980 1902
17:55:13.638 E 90 799 12638 428 1965 1879
17:55:13.638 E 91 874 13315 431 1952 1864
17:55:13.638 E 92 952 14174 439 1932 1839
17:55:13.638 E 93 1041 15034 443 1922 1823
17:55:13.638 E 94 1133 15625 445 1917 1810
17:55:13.638 E 95 1230 16192 454 1912 1793
17:55:13.638 E 96 1329 16723 452 1918 1782
17:55:13.638 E 97 1428 17156 452 1922 1777
17:55:13.638 E 98 1525 17662 461 1928 1773
17:55:13.638 E 99 1626 18381 451 1937 1776
17:55:13.638 E 100 1732 19033 456 1948 1777
17:55:14.090 E 101 1�mpu_set_sensor complete ......
17:55:14.307 mpu_set_sensor complete ......
17:55:14.307 mpu_configure_fifo complete ......
17:55:14.307 mpu_set_sample_rate complete ......
17:55:14.758 dmp_load_motion_driver_firmware complete ......
17:55:14.758 dmp_set_orientation complete ......
17:55:14.758 dmp_enable_feature complete ......
17:55:14.758 dmp_set_fifo_rate complete ......
17:55:15.615 > mt off
17:55:15.615 mpu_set_dmp_state complete ......
