:020000040800F2
:10000000980A002049010008D72F00083D24000865
:10001000D32F0008B51400080B540008000000009E
:100020000000000000000000000000005D4100082A
:10003000611A0008000000006D34000877430008D2
:100040006301000863010008630100086301000800
:1000500063010008630100086301000863010008F0
:1000600063010008630100086301000863010008E0
:1000700063010008630100086301000863010008D0
:1000800063010008630100086301000863010008C0
:1000900063010008630100086301000863010008B0
:1000A00063010008630100086301000863010008A0
:1000B000A14600086147000879470008630100086D
:1000C0006301000863010008630100086301000880
:1000D0006301000881510008C55100086301000850
:1000E000891A000863010008630100086301000821
:1000F0006301000863010008630100086301000850
:10010000630100086301000863010008630100083F
:100110006301000845510008914700086301000889
:10012000630100086301000863010008630100081F
:10013000DFF810D000F026FD00480047D57D00080C
:10014000AFF30080980A0020064880470648004721
:10015000FEE7FEE7FEE7FEE7FEE7FEE7FEE7FEE777
:10016000FEE7FEE779430008310100082DE9F04180
:100170000024061B254671F1000605DA012400273C
:10018000D0EB070067EB0101161E73F1000605DADC
:100190000027D2EB0702012567EB030300F076FB93
:1001A00086460E4617469C46AC4204D00025D0EB4E
:1001B000050E65EB010624B10020D2EB000760EBD1
:1001C000030C704631463A466346BDE8F08140EA8A
:1001D00001039B0703D009E008C9121F08C0042AC5
:1001E000FAD203E011F8013B00F8013B521EF9D2AC
:1001F0007047D2B201E000F8012B491EFBD27047D4
:100200000022F6E710B513460A4604461946FFF7E2
:10021000F0FF204610BD421E12F8013F002BFBD11B
:1002200011F8013B02F8013B002BF9D17047421C49
:1002300010F8011B0029FBD1801A704730B5044625
:100240000020034600E05B1C934203D2E05CCD5CDF
:10025000401BF8D030BDF0B480EA0102D40F420058
:10026000B2EB410F02D20246084611464A0042D084
:10027000C30DDDB2C1F3C752AD1A202D35DAC1F37B
:10028000160141F4000204B15242C5F1200602FAFF
:1002900006F12A411044B3EBD05F23D0C4B1012D45
:1002A000A0EBC35009DCF0BC4FF0004202EAC3529D
:1002B000DBB200F5000000F092BB400000F180705E
:1002C00000EBC350A0F1807040EAD170490009E012
:1002D000490841EAC071A0EBC35000F50000400896
:1002E00000EBC350F0BC00F071BB6142012202EB95
:1002F0004101001BF6E7F0BC704781F00041AAE71E
:1003000080F00040A7E780EA010210B502F0004348
:10031000400022D04A001FD0010E01EB1261C0F351
:100320005600C2F3560240F4000042F40002A0FB63
:10033000022000047F39140400D0401C50EA12400F
:1003400001D44000491EC2B20C0604EBD010401C80
:100350004008802A02D003E0002010BD20F00100F8
:10036000002900DA0020184310BD30B480EA0102F1
:1003700002F0004530F0004221F0004013D090B16F
:10038000C30DD40DC2F31601C0F31600E41A41F4F4
:10039000000140F400027D34914201D3641C00E06E
:1003A0004900002C02DA30BC002070474FF40000F6
:1003B0000023914201D3891A034340084FEA4101C7
:1003C000F7D151B1914202D14FF0004105E002D284
:1003D0004FF0010101E06FF0010103EBC45028442C
:1003E00030BC00F0F3BA2DE9FE4F804681EA0300ED
:1003F000C00F0C46009021F0004123F00045B8EBFF
:100400000200A94105D24046214690461C460B46B3
:10041000024623F00040104347D0270DC7F30A00DF
:10042000C3F30A510290401A019040286BDAC3F3DB
:10043000130040F4801B0098924620B10023D2EBB9
:10044000030A63EB0B0B01985946C0F1400250467A
:1004500000F04DFA06460D4650465946019A00F006
:1004600055FA10EB08006141002487EA115284EA32
:10047000E7731A4340D0009A62B3019A012A4FEA07
:10048000075215DC001B61EB02014FF0004202EA4B
:100490000752CDE90042001C41F5801132462B463F
:1004A00000F0DAFA03B0BDE8F08F40462146F9E7E4
:1004B000001B61EB0201001C41F5801300185B4139
:1004C0002018A2F5001747EB030140EAD570B619D2
:1004D0006D4111E06D084FEA360645EAC0754FEAF6
:1004E0000752001B61EB0201001C41F58011490815
:1004F0004FEA30000019514132462B4603B0BDE8A7
:10050000F04F00F09ABA0098012240000023D0EB8F
:10051000020263EBE073009821464FEAE074B8EB07
:10052000000061EB0401E9E783F000435BE781F041
:10053000004158E72DE9FE4F81EA030404F000442E
:1005400021F0004100944FF0000B23F0004350EAEB
:1005500001045ED052EA03045BD0C3F30A54C1F332
:100560000A552C44A4F2F3340194A0FB0254C1F3C5
:10057000130141F48011C3F3130343F4801301FB0F
:10058000024400FB034E840A970A44EA815447EA76
:100590008357A4FB076802958D0A05FB07854FEA80
:1005A000932C04FB0C542705029D4FEA065847EA9A
:1005B0001637B5EB08056EEB070C870E920E47EA6F
:1005C000811742EA8312A7FB0201B6EB0B0164EB31
:1005D00000042B0D43EA0C335E1844EB1C50DA4642
:1005E0005146E7FB0201C5F313044FEA0B3343EA1C
:1005F00014534FEA0432019C43EA0603A4F10C04AD
:100600000294009CCDE900B400F026FA03B0BDE8E6
:10061000F08F00200146F9E72DE9F04D81EA03044F
:1006200004F0004B21F0004514464FF0000A23F07F
:10063000004150EA050220D054EA01021DD0C5F362
:100640000A570246C5F31303C1F31300C1F30A5658
:1006500040F4801543F48013A7EB0608101BD64620
:1006600008F2FD3873EB050002D308F1010801E040
:1006700092185B41B8F1000F03DA00200146BDE893
:10068000F08D00204FF48011064684460EE0171BC3
:1006900073EB050705D3121B63EB050306434CEA16
:1006A000010C49084FEA300092185B4150EA0107FB
:1006B000EDD152EA030012D082EA040083EA050178
:1006C000084305D0101BAB4106D20122002306E0EF
:1006D00000224FF0004302E06FF0010253101AEBCA
:1006E00006004CEB085110EB0A0041EB0B01BDE892
:1006F000F04D00F0A2B9C10F80EAE0700844CA07CB
:100700009623002100F06BB996230022114600F0D9
:1007100066B90EB5C10F80EAE0700844CA0700212F
:1007200040F233438DE80E000A460B4600F094F980
:1007300003B000BD0EB540F2334102910021CDE976
:1007400000110A460B4600F087F903B000BD00F027
:10075000004220F00040C10DC0F3160040F400003C
:100760007F2901DA00207047962903DCC1F1960148
:10077000C84001E096398840002AF4D040427047D2
:1007800020F00040C10DC0F3160040F400007F29A6
:1007900001DA00207047962903DCC1F19601C840B8
:1007A000704796398840704700F0004230F00040B2
:1007B0000AD0C10D01F56071C0F3160042EA015183
:1007C000C2084007114370470020014670470000EF
:1007D00030B5041E71F1000404DB4FF000444042C8
:1007E00064EB0101141E73F1000405DB1C464FF09D
:1007F0000043524263EB04038B4208BF824230BD88
:1008000001F0004330B421F0004150EA010206D06B
:100810000A0DA2F56072C1F31301002A02DC30BC9C
:1008200000207047440F44EAC104C100E01830BC06
:1008300000EBC25000F0CAB8002801DBC0F1004054
:10084000002901DBC1F1004181427047002801DB32
:10085000C0F10040002901DBC1F10041884270472E
:1008600030B50B46014600202022012409E021FA80
:1008700002F59D4205D303FA02F5491B04FA02F57D
:100880002844151EA2F10102F1DC30BD2DE9F05F14
:100890000546002092469B468846064681464024EF
:1008A0001BE0284641464746224600F07DF9534664
:1008B0005A46C01A914110D311461846224600F0FC
:1008C00016F82D1A67EB01084F4622460120002139
:1008D00000F00DF817EB00094E41201EA4F10104B1
:1008E000DFDC484631462A464346BDE8F09F202AD1
:1008F00004DB203A00FA02F1002070479140C2F177
:10090000200320FA03F3194390407047202A06DBA6
:10091000CB17203A41FA02F043EAE07306E041FACD
:1009200002F3D040C2F120029140084319467047BB
:100930000FB4002300B589B00CA900910B996FF09A
:100940000042CB601E4B06931E4B07930423CDE958
:1009500001321D4A089202466B46002000F0CEF993
:1009600009B05DF814FB70B586B006464FF0FF3055
:100970000091CDE90101002015460C460490324655
:10098000694604A8FFF7D4FF02460498211825B150
:1009900008B1084600E020462860049800280DD0E1
:1009A000002A02DD0098884208D0081B0094CDE997
:1009B00001043246694604A8FFF7BAFF06B070BDCD
:1009C000350F0008530F0008C90B00080029A8BF05
:1009D0007047401C490008BF20F00100704710B468
:1009E000B0FA80FC00FA0CF050EA010404BF10BC1D
:1009F000704749B1CCF1200421FA04F411FA0CF14A
:100A000018BF012121430843A3EB0C01CB1D4FEA82
:100A100000614FEA102042BF002010BC704700EB7D
:100A2000C35010440029A4BF10BC7047401C4900AB
:100A300008BF20F0010010BC704710B5141E73F100
:100A4000000408DA401C41F1000192185B411A438E
:100A500001D120F0010010BD2DE9F04D92469B46DA
:100A600011B1B1FA81F202E0B0FA80F22032904680
:100A7000FFF73DFF04460F4640EA0A0041EA0B013A
:100A800053465A46084313D0114653EA010019D081
:100A9000C8F14002504600F087F805460E46504621
:100AA00059464246FFF723FF084305D0012004E0E2
:100AB00020463946BDE8F08D0020054346EAE07641
:100AC0002C4337430A986305E40AA0EB0800002290
:100AD000FD0A44EA47540A3002D500200146E9E7FE
:100AE000010510196941DDE9084500196941BDE8B2
:100AF000F04DA2E770B521F0004303430CD0C1F3E1
:100B00000A550024D5EB040564EB0403D617AD1A8F
:100B1000B34102DB0020014670BD201841EB0251B9
:100B200070BDC1F30A52C1F3130140F2FF3341F427
:100B300080119A4202DA00200146704740F23343A6
:100B40009A42A2F2334202DC524200F02DB8FFF783
:100B5000CEBE000030B5041E71F1000404DB4FF07E
:100B60000044404264EB0101141E73F1000405DBF4
:100B70001C464FF00043524263EB0403994208BF06
:100B8000904230BD064C074D06E0E06840F001039E
:100B900094E8070098471034AC42F6D3FFF7CCFA3C
:100BA00058C8000878C80008202A04DB203A21FA37
:100BB00002F00021704721FA02F3D040C2F1200276
:100BC0009140084319467047C0B24FF4F05100F00D
:100BD00023BA00002DE9FF4F087883B09946FF281B
:100BE00005D0491C2D2804D00024002008E0002056
:100BF0000BE00124F9E700EB800003EB4000491C07
:100C00000B78FF2BF7D104B14042002302931478F4
:100C100019461D462D2C01D02B2C04D1521C2D2CF5
:100C200013D000240294AA461478FF2C0FD00A2572
:100C3000A3FB057801FB05814FF0000C03FB0C11B1
:100C4000521CE3194AEB0101EEE70124EAE7814473
:100C500053EA010002D019F5C87F06DA0398002193
:100C6000C0E9001107B0BDE8F08F0025AE4E2F4659
:100C7000DFF8B882184600F0E3F9CDE90001B9F1D8
:100C8000000002DAC9F1000400E004460023A74A8C
:100C90001AEB030B42EB045A12E0E00707D02A4696
:100CA000334638464146FFF745FC074688462A4604
:100CB000334610461946FFF73DFC05460E466410C4
:100CC000002CEAD1DDE90001B9F1000F5A46534684
:100CD00006DAFFF7A1FC3A464346FFF79DFC05E024
:100CE000FFF728FC3A464346FFF724FC029A0AB174
:100CF00081F00041039AC2E90001B3E72DE9FF4FFB
:100D00001F468DB0D7E901464FF0FF382E204546EB
:100D10004FF000090B90B9696D1C0E988847396A2D
:100D2000824688470028F6D1BAF1FF3F0AD024F462
:100D3000D064002E11DDBAF12B0F08D0BAF12D0FBF
:100D40000BD102E0404611B08DE744F48064B969EC
:100D50006D1C0E9888478246761E6946600501D54F
:100D60002D2000E02B208DF8000001F1010B0DF18A
:100D7000200809E0B9696D1C0E98884782460F98D3
:100D800044F40074761E0560002E02DDBAF1300FC7
:100D9000F0D00B998A453ED144F0800406E00F99CB
:100DA000681CA9F1010944F400740860B9696D1C5C
:100DB000761E0E98884782463028F0D02BE00B999B
:100DC0008A4505D1200603D444F08004761E18E03D
:100DD000504604F05DFD08B30DF11301761E44F496
:100DE00000748B4508D2AAF130000BF8010B2006E5
:100DF00007D5A9F1010003E0200602D409F10100A2
:100E00008146A00502D50F99681C0860B9696D1C60
:100E10000E9888478246002ED1DC53E0002E51DD2B
:100E2000BAF1650F02D0BAF1450F4BD1A00549D5F3
:100E3000B9696D1C24F44074761E0E98884782466A
:100E4000002E0CDD2B2804D0BAF12D0F07D144F46D
:100E50008074B9696D1C0E9888478246761EE0053D
:100E600001D52D2100E02B2108F8011BCDF82C80A5
:100E700021E00DF12901761E44F4007488450CD25E
:100E8000AAF1300010F0FF0088F8000002D10B99A1
:100E9000884509D908F1010806E0E00501D5244894
:100EA00001E042F20F708146B9696D1C0E988847C7
:100EB00082460F980560002E04DD504604F0E8FCE1
:100EC0000028D6D1F9690E988847FF208BF80000DA
:100ED00088F800000020069007904B466A4608A953
:100EE00006A8FFF777FEA00502D46FF001002AE7FD
:100EF00014F0240F0AD0E00714D1DDE90612386897
:100F0000031D3B600068C0E900120BE0DDE906014B
:100F1000FFF776FC0146E00704D13868021D3A600D
:100F20000068016028460EE7000014400000F03F12
:100F3000F1D8FFFF426842B1016811F8013B23B1CB
:100F4000521EC0E90012184670470121C160881E78
:100F5000704742685AB1C368016843B983688B42DD
:100F600005D0491E521CC0E90012002070474FF006
:100F7000FF3070472DE9F04D00231A461B1A8A41B5
:100F800003DB00200146BDE8F08DC1F30A52C1F336
:100F9000130141F480154FF0000BD10702D1001866
:100FA0006D41521E0027044640F2FF11384601EB06
:100FB000620A3E468046024600204FF48011FFF749
:100FC000F3FDC2197141BB1846EB0100B4EB030CF1
:100FD00075EB000C04D3E41A65EB000517460E46CA
:100FE000241908F101006D4180463428E3DDF91928
:100FF00046EB0600091BA84103D24FF0FF3213460F
:1010000001E0002213461BEB070046EB0A51BDE846
:10101000F04DFFF712BD00007F2801D9002208E043
:10102000064A02EB5002C007127800D1120902F002
:101030000F0201209040084070470000C8C7000818
:101040000EB540F2334202920022CDE9002213464F
:10105000FFF702FD03B000BD70B58C1810F8015BFE
:1010600015F0070301D110F8013B2A1106D110F841
:10107000012B03E010F8016B01F8016B5B1EF9D145
:101080002B0705D40023521E0DD401F8013BFAE7CB
:1010900010F8013BCB1A921C03E013F8015B01F836
:1010A000015B521EF9D5A142D8D3002070BD21B1F9
:1010B000826842F00102826003E0826822F001024D
:1010C0008260704710B504461248844208D101215D
:1010D000401502F0F9FC0021601502F0F5FC17E064
:1010E0000D48844208D10121001502F0EDFC0021D9
:1010F000201502F0E9FC0BE00848844208D10121E8
:10110000C80302F0E1FC00214FF4004002F0DCFCD7
:1011100010BD00000024014000280140003C0140B7
:10112000014600208A6802F004020AB1012000E0B2
:10113000002070470146C86C80B27047024600200C
:1011400013680B400BB1012000E0002070470146FE
:1011500000208A6802F008020AB1012000E00020A5
:101160007047000030B502460020002350680F4C45
:1011700020400D790C6844EA0524204350609068B3
:101180000B4C2040D1E902542C434D7944EA4504EC
:1011900020439060D06A20F470000C7C641EE4B29E
:1011A000234340EA0350D06230BD0000FFFEF0FF51
:1011B000FDF7F1FFF0B504460D4600200021092D92
:1011C00011DDE068A5F10A0606EB4607072606FAD8
:1011D00007F18843A5F10A0606EB460603FA06F175
:1011E0000843E0600CE0206905EB4507072606FA96
:1011F00007F1884305EB450603FA06F10843206131
:10120000072A0FDA606B561E06EB86071F2606FAC2
:1012100007F18843561E06EB860605FA06F10843D9
:10122000606322E00D2A0FDA206BD61F06EB8607DB
:101230001F2606FA07F18843D61F06EB860605FA35
:1012400006F10843206310E0E06AA2F10D0606EB08
:1012500086071F2606FA07F18843A2F10D0606EB62
:10126000860605FA06F10843E062F0BD816841F0A8
:1012700008018160704721B1826842F4A002826057
:1012800003E0826822F4A00282607047816841F026
:10129000040181607047000008B50121102002F0B0
:1012A00003FC4FF47070ADF8000018208DF80300B7
:1012B00003208DF802006946014800F05DFD08BD7D
:1012C0000010014030B587B005460C4601214803A7
:1012D00002F0EAFB254803F019FB681E80B2ADF866
:1012E0001400ADF810400020ADF81600ADF8120063
:1012F00004A91E4803F022FE6020ADF80000012082
:10130000ADF802000020ADF80600ADF8080069460F
:10131000164803F089FC6946144803F0DBFC694673
:10132000124803F037FD6946104803F08DFD012196
:101330000E4803F0DBFA08210C4803F0C1FC082139
:101340000A4803F019FD0821084803F073FD08213D
:10135000064803F0B7FD0121044803F0A9FA012172
:10136000024803F0B7FA07B030BD00000034014076
:101370002DE9FC5F04460D4617480068FFF7BBF9EE
:1013800080462146FEF7B9FF064629460020FEF7B3
:10139000B4FF0190114801680198FEF7B4FF82463E
:1013A0000F49FEF7E2FF81460E48006880F0004BCF
:1013B0000B495846FEF7D9FF82463146FEF7A3FF98
:1013C00049460090FEF799FF8046FFF7C0F90746AF
:1013D0003846BDE8FC9F000024000020F4000020F7
:1013E0000000C842F000002070B504464FF47A7542
:1013F0000723012221460B48FFF7DCFE01210948A3
:10140000FFF739FF00BF02210648FFF797FE20B91A
:10141000281EA5F101018DB2F5D10248FFF78AFE21
:1014200070BD00000024014000B587B001214FF4D9
:10143000017002F039FB4FF4004002F009FB20205C
:10144000ADF8040000208DF8070001A9174800F04E
:1014500093FC1748FFF736FE002002908DF80C0031
:101460008DF80D004FF460200490002005900120BD
:101470008DF8180002A90E48FFF774FE01210C48F0
:10148000FFF715FE0A48FFF7F1FE00BF0848FFF717
:101490005EFE0028FAD10648FFF7F8FE00BF0448B8
:1014A000FFF73EFE0028FAD107B000BD000801405A
:1014B0000024014000BFFEE72DE9F04786480068A0
:1014C00001287DD185480468854805688549864896
:1014D0000068FEF74AFF854908608548006885492D
:1014E000086085480068FFF725F906460022834B0F
:1014F000FFF792F88146FFF783F980465021804834
:10150000FEF77EFE7E487FA1096801600A217E48C1
:10151000FEF776FE7D4800210160416001810A21CD
:101520007B48FEF76DFE7B48002101604160018130
:101530000A217948FEF764FE784800210160416085
:10154000018177492046FFF777F90FD87549204682
:10155000FFF77CF90AD82046FFF726F906463246FF
:101560000B4671A1684804F025F801E0BDE8F0875A
:101570006B492846FFF760F90FD86A492846FFF7FC
:1015800065F90AD82846FFF70FF9064632460B469A
:1015900065A15E4804F00EF800E0E7E764495348AF
:1015A0000068FFF753F913D2624950480068FFF70B
:1015B00043F90DD24D480068FFF7F6F8064600E003
:1015C00088E032460B4658A1514803F0F3FF00E093
:1015D000CCE7594947480068FFF738F911D2574915
:1015E00044480068FFF728F90BD242480068FFF72B
:1015F000DBF8064632460B464BA1464803F0DAFFBD
:1016000000E0B3E700214046FFF720F90FD84B492F
:101610004046FFF711F90AD24046FFF7C5F80646E3
:1016200032460B4640A13C4803F0C4FF00E09DE772
:10163000002143480068FFF709F911D841494048A3
:101640000068FFF7F9F80BD23D480068FFF7ACF8E7
:10165000064632460B4634A1304803F0ABFF00E0AB
:1016600084E729492648FEF7D6FD37A12448FEF72E
:10167000D2FD26492248FEF7CEFD34A12048FEF7D0
:10168000CAFD23491E48FEF7C6FD31A11C48FEF7DE
:10169000C2FD20491A48FEF7BEFD2EA11848FEF7EC
:1016A000BAFD1D491648FEF7B6FD2CA11448FEF7F9
:1016B000B2FD1A491248FEF7AEFD29A11048FEF707
:1016C000AAFD50212748FEF79BFD50220C492548D2
:1016D000FEF77DFD00BF49E72C010020E800002057
:1016E000EC0000200000C8421C0000207401002013
:1016F0000800002078010020D800002000002440CD
:1017000098040020244C5600380500204205002093
:101710004C05002056050020600500206A050020C9
:1017200000007A4400007AC425332E32660000009F
:101730000000FAC40000FA4400401CC600401C46E9
:10174000E00000200000A0412C5256002C41430034
:101750002C4759002C435342000000002C565400E3
:1017600023000000E80400202DE9F05F05460C4648
:10177000124E134801682046FEF7C5FD8346114806
:1017800001685846FEF767FD804631464FF07E50AF
:10179000FEF7B3FD82464146FEF7B5FD07463146EA
:1017A0002846FEF7B0FD81463946FEF754FD05494F
:1017B000086008460068BDE8F09F00000AD7A33C17
:1017C000AC010020EC0100202DE9F05F05460C463D
:1017D000124E134801682046FEF795FD83461148D6
:1017E00001685846FEF737FD804631464FF07E507F
:1017F000FEF783FD82464146FEF785FD07463146EA
:101800002846FEF780FD81463946FEF724FD05494E
:10181000086008460068BDE8F09F00000AD7A33CB6
:10182000AC0100202C0200200146072323EA01021C
:101830001202054B18684FF6FF031840034B18437C
:101840001043014B186070470CED00E00000FA05F2
:1018500038B5002000906B4601227521682006F003
:10186000DBF92CA003F096FE9DF8000068280ED04E
:1018700000BF3148006800F4E06030490843001DB3
:101880002D490860BFF34F8F00BF00BFFEE706F091
:1018900019FC00283CD1782007F01EFA10B91DA0D1
:1018A00003F078FE782006F0FBFA10B924A003F0CC
:1018B00071FEC82007F0C2F910B92BA003F06AFE30
:1018C00005F020FA10B932A003F064FE3D4806F09E
:1018D00045FA044605F070FC10B93BA003F05AFE2F
:1018E00040F2731005F0B6F810B941A003F052FEB3
:1018F000C82005F091FB10B947A003F04BFE07F09C
:101900001FFB012007F096F810B94CA003F042FE2F
:1019100038BD00006D70755F7365745F73656E73BD
:101920006F7220636F6D706C657465202E2E2E2E85
:101930002E2E0D0A000000000CED00E00000FA055C
:101940006D70755F636F6E6669677572655F6669F6
:10195000666F20636F6D706C657465202E2E2E2E61
:101960002E2E0D0A000000006D70755F7365745FA8
:1019700073616D706C655F7261746520636F6D700B
:101980006C657465202E2E2E2E2E2E0D0A00000062
:10199000646D705F6C6F61645F6D6F74696F6E5FB3
:1019A0006472697665725F6669726D7761726520CF
:1019B000636F6D706C657465202E2E2E2E2E2E0D8D
:1019C0000A0000008C000020646D705F7365745F16
:1019D0006F7269656E746174696F6E20636F6D708C
:1019E0006C657465202E2E2E2E2E2E0D0A00000002
:1019F000646D705F656E61626C655F66656174756C
:101A0000726520636F6D706C657465202E2E2E2EAE
:101A10002E2E0D0A00000000646D705F7365745F08
:101A20006669666F5F7261746520636F6D706C6567
:101A30007465202E2E2E2E2E2E0D0A006D70755FD1
:101A40007365745F646D705F737461746520636F38
:101A50006D706C657465202E2E2E2E2E2E0D0A00B4
:101A6000704701B500200AE0002001E0411CC8B227
:101A70000A28FBDB9DF80010491EC9B200919DF8B1
:101A800000100029F0D108BD2DE9F0412D48006873
:101A9000002855D14FF480502B4908602B4800781E
:101AA00000F0FEF9002002F0B7F98046012002F0B4
:101AB000B3F947423946404600F03AFC24480168F1
:101AC00024480068FFF754FC04463946404603F0BA
:101AD0009FFC05462048006803F0C4FA06466019DA
:101AE00030441E4908606019801B1D4908601B486E
:101AF000006801F0A5FC194908601948006801F068
:101B00009FFC17490860174A51421448006801F0C9
:101B1000A4FC12490860134A51421148006801F0C0
:101B20009CFC0F490860104801680A48006803F0EF
:101B300061FA28B90A4801680848006802F0A4FB65
:101B4000BDE8F08130012142140401400000002072
:101B500008000020040000200C00002010000020DD
:101B600014000020D8F5FFFFE000002000212349E9
:101B70008279002A3AD00A46126803689A430B46D3
:101B80001A600A1D126803689A430B1D1A600279D5
:101B900011440A6803681A430A60184A0832126836
:101BA00003689A43154B08331A601A1D12680368BC
:101BB0009A43124B0C331A604279102A0ED11A1F25
:101BC000126803681A430D4B08331A601A1D126815
:101BD00003681A43094B0C331A600DE00749427938
:101BE00011440A6803681A430A6005E00279114447
:101BF0000A6803689A430A607047000000040140C5
:101C000000B587B00121022001F02EFF0121042040
:101C100001F04AFFC020ADF8000004208DF8030059
:101C200069461C4800F0A8F804A803F0D9F9002080
:101C3000ADF810004FF6FF70ADF814000020ADF8BD
:101C40001600ADF8120004A9134803F077F9002339
:101C50001A460321104802F04DFF01A802F0D2FFFE
:101C60000A20ADF80C0001A90B4802F075FF012114
:101C7000094802F029FE01221146074802F0CBFF75
:101C80000021054803F02BF90121034802F022FE50
:101C900007B000BD000801400004004000B587B057
:101CA0000121042001F0E0FE0121082001F0FCFEEA
:101CB000C020ADF8000004208DF8030069461C48E0
:101CC00000F05AF804A803F08BF90020ADF81000DA
:101CD0004FF6FF70ADF814000020ADF81600ADF817
:101CE000120004A9134803F029F900231A4603211E
:101CF000104802F0FFFE01A802F084FF0A20ADF8B0
:101D00000C0001A90B4802F027FF0121094802F04D
:101D1000DBFD01221146074802F07DFF0021054846
:101D200003F0DDF80121034802F0D4FD07B000BD47
:101D3000000C01400008004030B500228B071C0F4A
:101D40000F2303FA04F20B4B8C1053F82430934307
:101D5000084C8D1044F8253023468C1053F824305D
:101D60008C07240F00FA04F42343024C8D1044F82E
:101D7000253030BD080001402DE9F0410246002524
:101D80000026002000230024002791F803C00CF057
:101D90000F0591F803C00CF0100CBCF1000F03D03C
:101DA00091F802C04CEA050591F800C0BCF1000FA3
:101DB00031D0146800202BE04FF0010C0CFA00F336
:101DC000B1F800C00CEA03069E4220D183004FF018
:101DD0000F0C0CFA03F7BC4305FA03FC4CEA0404AD
:101DE00091F803C0BCF1280F06D14FF0010C0CFA9A
:101DF00000FCC2F814C00AE091F803C0BCF1480F1F
:101E000005D14FF0010C0CFA00FCC2F810C0401CC8
:101E10000828D1D31460B1F800C0BCF1FF0F34DD45
:101E2000546800202EE000F1080C4FF0010808FA79
:101E30000CF3B1F800C00CEA03069E4221D18300E6
:101E40004FF00F0C0CFA03F7BC4305FA03FC4CEA05
:101E5000040491F803C0BCF1280F05D100F1080C6F
:101E600008FA0CF8C2F8148091F803C0BCF1480FCE
:101E700007D100F1080C4FF0010808FA0CF8C2F87D
:101E80001080401C0828CED35460BDE8F081024683
:101E9000002093680B400BB1012000E00020704748
:101EA0002DE9F04F91B0804601F0D2FFE249086081
:101EB000B8F1010F1BD101F081FEE0480068E04954
:101EC0000860E049B1F90000FEF715FCDE49086042
:101ED000DC49B1F90400FEF70EFCDC490860DC497E
:101EE000B1F90400FEF707FCDA490860A1E14421DA
:101EF000D02000F0A5FA83464321D02000F0A0FABC
:101F00000BEB00200990FEF7F6FB06464621D02099
:101F100000F096FA83464521D02000F091FA0BEBB1
:101F200000200990FEF7E7FB0A904821D02000F03E
:101F300087FA83464721D02000F082FA0BEB00207D
:101F40000990FEF7D8FB07463C21D02000F078FA34
:101F500083463B21D02000F073FA0BEB0020099060
:101F6000FEF7C9FB0D903E21D02000F069FA8346B0
:101F70003D21D02000F064FA0BEB00200990FEF721
:101F8000BAFB82464021D02000F05AFA83463F2116
:101F9000D02000F055FA0BEB00200990FEF7ABFBC8
:101FA00005464FF08E413046FEF750FC05D24FF00B
:101FB0008F413046FEF7A1F906464FF08E410A9850
:101FC000FEF744FC05D24FF08F410A98FEF795F9D1
:101FD0000A904FF08E413846FEF738FC05D24FF09C
:101FE0008F413846FEF789F907464FF08E410D982C
:101FF000FEF72CFC05D24FF08F410D98FEF77DF9CE
:102000000D904FF08E415046FEF720FC05D24FF068
:102010008F415046FEF771F982464FF08E412846B7
:10202000FEF714FC05D24FF08F412846FEF765F904
:10203000054686F00040844908600D98FEF7B4FB21
:10204000854A864BCDE90601FEF7E6FACDE908019F
:10205000FEF7D6FB10905046FEF7A6FB7E4A7F4B5C
:10206000CDE90601FEF7D8FACDE90801FEF7C8FB75
:102070000F902846FEF798FB774A784BCDE906018A
:10208000FEF7CAFACDE90801FEF7BAFB0E9030461A
:10209000FEF78AFB4FF06632714BCDE90601FEF781
:1020A000BBFACDE90801FEF7ABFB81460A98FEF7C3
:1020B0007BFB4FF066326A4BCDE90601FEF7ACFAC6
:1020C000CDE90801FEF79CFB04466648007802282B
:1020D00037D189F0004002460390DDE90E1000F090
:1020E000F3FB8346FEF760FB5F4A604BCDE90401DA
:1020F000FEF792FA00225E4BCDE90601FEF71AFACE
:10210000CDE90801FEF77CFB4C49086022460E9998
:10211000109800F035FD8346FEF746FB524A534BBC
:10212000CDE90401FEF778FA0022514BCDE9060112
:10213000FEF700FACDE90801FEF762FB4D490860A1
:102140006FE04848007803286BD12846FEF72CFB47
:10215000CDE902015046FEF727FBCDE90001DDE99C
:10216000022304F0C1F90022414BCDE90401FEF73E
:10217000E1F93D4A3D4BCDE90601FEF74DFACDE9C7
:102180000801FEF73DFB0C902846FEF70DFBCDE95C
:1021900002010D98FEF708FBCDE90001DDE90223FD
:1021A00004F0A2F90022324BCDE90401FEF7C2F996
:1021B0002D4A2E4BCDE90601FEF72EFACDE9080196
:1021C000FEF71EFB0B903046FEF7EEFA4FF066323C
:1021D000294BCDE90601FEF71FFACDE90801FEF70C
:1021E0000FFB834659460C98FFF7BEFA80F000407B
:1021F000124908600A98FEF7D7FA4FF066321E4B74
:10220000CDE90601FEF708FACDE90801FEF7F8FA74
:10221000834659460B98FFF7D7FA80F000401549DE
:1022200008600648006806490860084807600948D1
:10223000056011B0BDE8F08F180000207400002088
:102240000400002060000020080000200C00002096
:10225000660000201C0000208FC2F5285C1F9A40F9
:10226000665E8D4000000020F1D4C853FB21094078
:1022700000806640700000206666304010B500F0B7
:1022800045F8044603492046FEF73DF8044620463B
:1022900010BD0000C3F5804010B50120164908604C
:1022A0000F2004F09BFB00201449C1F88001144862
:1022B000007800F08000E8B11148007800F03F009D
:1022C0001049086008460088000408600846006855
:1022D0000D49098808440B49086008460068AA218E
:1022E00048434FF47A71B0FBF1F0064908600020D2
:1022F0000349088010BD00008001214200002142F6
:10230000DC000020D8000020DE00002070B5052091
:10231000FFF76AF805462846FEF7F6F90646034930
:10232000FDF7F1FF0446204670BD00003333533AF9
:102330002DE9F04F87B083468A465846FEF7E9F903
:102340000022344BCDE90001FEF7F4F80022324BB5
:10235000CDE90201FEF760F9804600222F4BFEF71F
:102360005BF9064600222E4BFEF756F90446FEF7AF
:1023700047FA05900598FEF717FA2A4A2A4BCDE945
:102380000201FEF7D7F880460022284BFEF7D2F86C
:1023900006460022264BFEF73FF90446FEF730FAC8
:1023A000244908605046FEF7B4F90022194BCDE9E4
:1023B0000001FEF7BFF806460022174BFEF72CF986
:1023C00004460022154BFEF727F980460022144BE5
:1023D000FEF722F9CDE90201FEF712FA0490049803
:1023E000FEF7E2F980460F4A0F4BFEF7A3F80022F2
:1023F0000E4BCDE90201FEF79DF8064600220C4B7C
:10240000FEF70AF90446FEF7FBF90B49086007B02E
:10241000BDE8F08F000069400000104000003E4021
:1024200000002640F1D4C853FB21094000C05040B1
:1024300000002440E8000020EC00002000BFFEE780
:1024400070B505460E46002400F0EAF8284600F074
:10245000B5F8641C00F03CF9304600F0AFF8641C9D
:1024600000F036F900F0DCF8691CC8B200F0A6F8FC
:10247000641C00F02DF9002000F068F8044600F01C
:1024800003F9204670BD000010B500200E49086019
:102490000E48006820F470600C4908600846006827
:1024A00040F44070086000200949C1F8A8010120EB
:1024B00004F094FA01200449086004F08FFA002027
:1024C0000349C1F8AC0110BDAC812142040C0140AC
:1024D0000080214208B50121082001F0E5FA4FF4FF
:1024E0004060ADF8000010208DF8030003208DF847
:1024F000020069460148FFF73FFC08BD000C01409F
:1025000010B500200E4908600E48006820F4706085
:102510000C4908600846006840F4407008600120DB
:102520000949C1F8A80104F059FA012004490860DA
:1025300004F054FA00200449C1F8AC0110BD0000B9
:10254000AC812142040C01400080214270B5054657
:1025500000241748006820F4706015490860084698
:10256000006840F400600860002616E00020114971
:102570000860022004F032FA01200F49C1F8AC01D2
:102580006006040E0B488438006808B1601CC4B2B1
:10259000022004F023FA701CC6B2082EE6DB15B147
:1025A000FFF772FF01E0FFF7ABFF204670BD0000B0
:1025B000040C0140AC8121420080214270B50446E8
:1025C0001448006820F470601249086008460068EA
:1025D00040F44070086000200F490860002516E0B4
:1025E000E0090D49091F08606006040E012004F08F
:1025F000F5F901200949C1F8AC0104F0EFF9002018
:1026000005490860012004F0E9F9681CC5B2082DED
:10261000E6DB70BD040C0140AC8121420080214208
:1026200010B51648006820F4706014490860084628
:10263000006840F4407008600120114908601148AA
:10264000D0F8280108B9002010BD01200C49091D4F
:10265000086004F0C3F900200A49C1F8A80108483D
:102660008038006808B10020EEE7012004F0B6F9D8
:1026700000200349091D08600120E5E7040C014022
:10268000A88121420080214210B50E48006820F444
:1026900070600C4908600846006840F440700860AB
:1026A0000020094908600949C1F8A801012004F087
:1026B00095F90120044908600449C1F8A80104F013
:1026C0008DF910BD040C0140AC81214200802142F3
:1026D00010B500241548006820F4706013490860A4
:1026E0000846006840F40060086001201049086056
:1026F00004F074F901200F49C1F8AC0104F06EF93F
:102700000AE0601CC4B2322C03DDFFF7BDFF0020DD
:1027100010BD012004F062F90548803800680028E7
:10272000EFD10349091D08600120F1E7040C0140C5
:10273000A88121420080214270B505460E4614460C
:1027400031462846FFF77CFE2070012070BDF8B5A9
:1027500006460F4614461D466A4639463046FFF780
:10276000EBFF2DB10120A0409DF80010084305E0CB
:102770000120A0409DF8001021EA0000C0B20090A6
:102780009DF800203946304600F036F8F8BD2DE9B6
:10279000F8430746884614461D46089E6A46414649
:1027A0003846FFF7C9FF28B3601CFF2101FA00F08B
:1027B000C4F108012944491EFF220A41104300F0D8
:1027C000FF09C5F1080006FA00F0C6B2C4F107001F
:1027D00006419DF8000000EA090000909DF8000005
:1027E000304300909DF800204146384600F004F840
:1027F000BDE8F8830020FBE737B504460D4602AB81
:1028000001222946204600F001F83EBD2DE9F041A5
:1028100080460D4616461F460024FFF701FF40463E
:10282000FFF7CCFEFFF754FF2846FFF7C7FEFFF780
:102830004FFF00BF06E0385DFFF7C0FEFFF748FF1F
:10284000601CC4B2B442F6DBFFF71EFF0120BDE8F6
:10285000F0810000094800680949086009480068DB
:10286000486009480068886008480068C8600848EF
:10287000006808610748006848617047F000002060
:1028800050060020F4000020F8000020FC0000208A
:10289000000100200401002001464906084A92690F
:1028A00042F00102064B9A61064A526822F0E06249
:1028B000044B5A601A4652680A435A607047000037
:1028C00000100240000001402DE9F04FADB0044679
:1028D00089469246A3482B90A349D1E90023D1E928
:1028E0000201CDE92723CDE92901CDF898A09E4B1F
:1028F0001033D3E90021D3E90203CDE92403CDE964
:1029000022219949203103C9CDE920019649283176
:1029100003C9CDE91E01944B30330FCB1AAD0FC55F
:1029200091484030006819908F4B4433D3E9002020
:10293000D3E9021316AD0BC515928B49543103C967
:10294000CDE913010020119012900F9010900B9080
:102950000C900D900E900790089009900A900590A9
:10296000069004904846FDF71FFF0746884684F00E
:1029700000400190FDF718FF3A464346CDE90201B9
:1029800003F0B2FD0546FDF73BFF834611A87749EA
:1029900022AA0123CDE9002102900222114610460D
:1029A00006F042FA0FA826A920AA0123CDE90021AA
:1029B00002901A461946022006F036FA0F9911982D
:1029C000FDF749FC6A49086010991298FDF743FC2D
:1029D000674948600BA8674922AA0223CDE9002174
:1029E00002901A461946184606F01EFA07A815A9BD
:1029F0000BAA0223CDE9002102901A461946184677
:102A000006F012FA1A990798FDF725FC5A49086052
:102A10001B990898FDF71FFC574948601C990998B5
:102A2000FDF719FC544988601D990A98FDF713FCBD
:102A30005149C86005A81EAA0223CDE900210290D1
:102A40001A461946012006F0EFF904A813A905AAB1
:102A50000123CDE90021029002221146184606F01A
:102A6000E3F919990498FDF7F6FB054629464FF05E
:102A70007E50FDF77AFC049011A813A93E4A012369
:102A8000CDE90021029002221146104606F0CCF951
:102A90003A4804A911AA0123CDE9002102901A465F
:102AA0001946022006F0C0F904A831491EAA0123E4
:102AB000CDE90021029002221146184606F0B4F931
:102AC00058460499FDF719FC049011A804A92B4A53
:102AD0000123CDE9002102901A461946022006F092
:102AE000A3F9234A11991068FDF7B5FB1F49086047
:102AF0001F4A12995068FDF7AEFB1C4948600BA8AD
:102B00001EA91E4A0223CDE900210290012211468E
:102B1000184606F089F90B992798FDF7EEFB0B9004
:102B20000C992898FDF7E9FB0C900D992998FDF771
:102B3000E4FB0D9027AA0E99D068FDF7DEFB0E90FE
:102B40000C480D490BAA0223CDE9002102901A4638
:102B50001946184606F068F9044800682DB0BDE82B
:102B6000F08F00000AD7A33B1CC6000830020020EB
:102B70003802002040020020780600205002002089
:102B80002DE9F04FADB0044689469246A3482B90FC
:102B9000A349D1E90023D1E90201CDE92723CDE9F9
:102BA0002901CDF898A09E4B1033D3E90021D3E939
:102BB0000203CDE92403CDE922219949203103C93B
:102BC000CDE920019649283103C9CDE91E01944B76
:102BD00030330FCB1AAD0FC59148403000681990C3
:102BE0008F4B4433D3E90020D3E9021316AD0BC554
:102BF00015928B49543103C9CDE91301002011907E
:102C000012900F9010900B900C900D900E900790DA
:102C1000089009900A900590069004904846FDF7A8
:102C2000C3FD0746884684F000400190FDF7BCFDD7
:102C30003A464346CDE9020103F056FC0546FDF74E
:102C4000DFFD834611A8774922AA0123CDE900219F
:102C5000029002221146104606F0E6F80FA826A9B7
:102C600020AA0123CDE9002102901A46194602202C
:102C700006F0DAF80F991198FDF7EDFA6A49086045
:102C800010991298FDF7E7FA674948600BA8674961
:102C900022AA0223CDE9002102901A4619461846BD
:102CA00006F0C2F807A815A90BAA0223CDE9002156
:102CB00002901A461946184606F0B6F81A9907986F
:102CC000FDF7C9FA5A4908601B990898FDF7C3FA3D
:102CD000574948601C990998FDF7BDFA5449886026
:102CE0001D990A98FDF7B7FA5149C86005A81EAAB0
:102CF0000223CDE9002102901A461946012006F070
:102D000093F804A813A905AA0123CDE90021029094
:102D100002221146184606F087F819990498FDF723
:102D20009AFA054629464FF07E50FDF71EFB0490A7
:102D300011A813A93E4A0123CDE9002102900222E5
:102D40001146104606F070F83A4804A911AA01236A
:102D5000CDE9002102901A461946022006F064F8D7
:102D600004A831491EAA0123CDE9002102900222C4
:102D70001146184606F058F858460499FDF7BDFA72
:102D8000049011A804A92B4A0123CDE90021029047
:102D90001A461946022006F047F8234A119910688E
:102DA000FDF759FA1F4908601F4A12995068FDF74C
:102DB00052FA1C4948600BA81EA91E4A0223CDE9FD
:102DC0000021029001221146184606F02DF80B99B9
:102DD0002798FDF792FA0B900C992898FDF78DFA39
:102DE0000C900D992998FDF788FA0D9027AA0E9955
:102DF000D068FDF782FA0E900C480D490BAA022309
:102E0000CDE9002102901A461946184606F00CF842
:102E1000044800682DB0BDE8F08F00000AD7A33B3E
:102E200078C60008580200206002002068020020D6
:102E3000880600207802002008B50121042000F057
:102E400033FE4FF48070ADF8000048208DF8030089
:102E500069460248FEF790FF08BD000000080140E7
:102E600010B5044600F022F801280BD1601C0D4972
:102E70000988B1EB400F0ADA0A480088401C09496A
:102E8000088004E0002007490880074908800548B9
:102E90000088022803D101200349088010BD0020CA
:102EA000FCE70000D4000020D200002010B54FF451
:102EB00080710448FEF7EBFF08B9012010BD002027
:102EC000FCE70000000801401FB50121084600F0A2
:102ED000EBFD0121042000F0E7FD4FF48050ADF838
:102EE0000C0048208DF80F0003A91248FEF744FF9C
:102EF0000C210020FEF720FF4FF4805001900020AD
:102F00008DF808000C208DF8090001208DF80A00CA
:102F100001A8FEF72BFE28208DF8000002208DF876
:102F2000010001208DF802008DF80300684600F0D2
:102F300053F81FBD0008014010B5022000F010F842
:102F4000032000F021F8002000F014F8002000F029
:102F500037F8002000F02BF8002000F01FF810BD1B
:102F600038B50446032302226B21D0200094FFF7DA
:102F70000EFC38BD38B50446022304221C21D020A3
:102F80000094FFF704FC38BD38B504460223042240
:102F90001B21D0200094FFF7FAFB38BD10B5044682
:102FA000234601223721D020FFF7D1FB10BD10B5F9
:102FB0000446234605226A21D020FFF7C8FB10BD36
:102FC00010B50446234606226B21D020FFF7BFFB35
:102FD00010BD00BFFEE7704770B5002100230F222F
:102FE000C47804B3154C246804F4E064C4F5E064C8
:102FF000210AC1F10403CA40447804FA03F1847839
:103000001440214309010E4C0678A155047804F0C0
:103010001F050124AC4005786D11AD0005F1E025D8
:10302000C5F8004109E0047804F01F050124AC4014
:10303000044D0678761145F8264070BD0CED00E091
:1030400000E400E080E100E010B5002000F0E2FFC5
:1030500010BDF8B507460C4615461E46002C0CDD83
:10306000032C0ADC601E00EB80004006020E2B469B
:1030700000213846009600F001F8F8BD2DE9F04136
:1030800007460C4615461E46DDF818800EB1FFF7C0
:10309000DBFF2946204600F0CDFF012205493846D6
:1030A00001F022F8B8F1000F01D000F095F9BDE869
:1030B000F0810000A800002010B500F013F800F027
:1030C000E9F801231A46194601A0FFF7C2FF10BD17
:1030D0006F6C656420696E697420737563636573D2
:1030E000732100000848806940F0080006498861A3
:1030F0000648006820F0FF000449086008460068A0
:1031000040F033000860704700100240040C01409A
:1031100070B504461448006820F0F00012490860B9
:103120000846006840F03000086000200F49086041
:10313000002516E0E0090D49091D08606006040E2F
:103140000120FEF78EFC01200949C1F8A001FEF71D
:1031500088FC0020054908600120FEF782FC681CFD
:10316000C5B2082DE6DB70BD040C0140A0812142F0
:103170000080214210B51648006820F0F000144984
:1031800008600846006840F03000086001201149DE
:1031900008601148D0F8240108B9002010BD0120B2
:1031A0000C49091F0860FEF75CFC00200A49C1F8C1
:1031B000A40108488038006808B10020EEE702202A
:1031C000FEF74FFC00200349091F08600120E5E7D6
:1031D000040C0140A48121420080214210B5104816
:1031E000006820F0F0000E4908600846006840F0D2
:1031F0003000086000200B4908600B49C1F8A401A9
:103200000220FEF72EFC012006490860FEF729FC8B
:1032100001200549C1F8A4010220FEF722FC10BDDF
:10322000040C0140A08121420080214210B50024FD
:103230001548006820F0F00013490860084600684F
:1032400040F080000860012010490860FEF709FC8A
:1032500001200F49C1F8A001FEF703FC0AE0601C41
:10326000C4B2322C03DDFFF7B9FF002010BD0120EE
:10327000FEF7F7FB0548803800680028EFD10349C6
:10328000091F08600120F1E7040C0140A4812142DC
:103290000080214210B540F6C41400E0641E002CEA
:1032A000FCD1AE2200213C2005F000FFA622002127
:1032B0003C2005F0FBFEAE2200213C2005F0F6FE8E
:1032C000D52200213C2005F0F1FE802200213C2087
:1032D00005F0ECFEA82200213C2005F0E7FE1F22AD
:1032E00000213C2005F0E2FED32200213C2005F025
:1032F000DDFE002211463C2005F0D8FE40220021D0
:103300003C2005F0D3FE8D2200213C2005F0CEFEAE
:10331000142200213C2005F0C9FE202200213C207F
:1033200005F0C4FE022200213C2005F0BFFEA122D0
:1033300000213C2005F0BAFEC82200213C2005F007
:10334000B5FEDA2200213C2005F0B0FE0222002169
:103350003C2005F0ABFE812200213C2005F0A6FEBA
:10336000CF2200213C2005F0A1FED92200213C20E3
:1033700005F09CFEF12200213C2005F097FEDB22A7
:1033800000213C2005F092FE402200213C2005F067
:103390008DFE2E2200213C2005F088FEA422002173
:1033A0003C2005F083FEA62200213C2005F07EFE95
:1033B000AF2200213C2005F079FE002000F02AFE1B
:1033C00000F0A8FE002003490880488001204871D1
:1033D00010BD0000A000002010B500F09BFE10BD45
:1033E0002DE9F04105460E4617469846FFF7C2FE06
:1033F00010B90120BDE8F0816906080EFFF788FECC
:10340000FFF714FF18B9FFF7E9FE0120F2E7304695
:10341000FFF77EFEFFF70AFF00240BE018F8040018
:10342000FFF776FEFFF702FF18B9FFF7D7FE00207F
:10343000E0E7641CBC42F1DBFFF7D0FE0020D9E7D7
:103440000146002902DD01F214507047002902DA1A
:10345000A1F21450F9E70846F7E7034618468842F8
:1034600000DD0846904200DA1046704770470000C1
:103470002DE9F0438BB0D34840783038052818D276
:10348000DFE800F01303070B0F000120CE4908709E
:1034900013E00220CC4908700FE00320CA490870ED
:1034A0000BE00420C849087007E00020C6490870F6
:1034B00003E00020C449087000BF00BFC148C078C5
:1034C000312802D10520C0490870BE48C078322892
:1034D00002D10620BC490870BA48FCF7A8FE15289E
:1034E0000CD20020B94908705021B648FCF788FE7C
:1034F000B7A001F039FE0BB0BDE8F083B1484079C8
:10350000312807D100F0A2F9052003F049FA00F0B4
:103510009DF90AE0AB484079322806D100F0D8FC8A
:1035200000F094F9AFA001F01FFEA648C079312841
:1035300006D10120AD490860AAA001F015FE09E0FE
:10354000A048C079322805D10020A8490860A5A06C
:1035500001F00AFE9B48407A312860D11C2104A862
:10356000FCF74EFE00200290039000900190A0A175
:10357000944800F0C7FE814609F1010000B9BAE79E
:103580009C480068A0EB09028E4800EB090104A8E2
:10359000FCF71DFE98A104A800F0B4FE0446601CD0
:1035A00000B9A8E7A21E0DF1120102A8FCF70FFE58
:1035B00002A803F067F807460022904BFCF7BAFF19
:1035C0000546FDF71DF98E4908601C2104A8FCF78B
:1035D00017FE09EB0400874B1B681A1A7948484408
:1035E0002044411C04A8FCF7F2FD83A104A800F0CC
:1035F00089FE0446601C00B97DE7A21E0DF1120190
:103600006846FCF7E4FD684603F03CF80546FDF724
:10361000F7F87C49086073A001F0A6FD00BF694877
:10362000C07A312860D11C2104A8FCF7E9FD0020F4
:10363000029003900090019073A1624800F062FE36
:10364000814609F1010000B955E76A480068A0EB1E
:1036500009025C4800EB090104A8FCF7B8FD66A16B
:1036600004A800F04FFE0446601C00B943E7A21E08
:103670000DF1120102A8FCF7AAFD02A803F002F85E
:10368000074600225D4BFCF755FF0546FDF7B8F8ED
:103690005E4908601C2104A8FCF7B2FD09EB040098
:1036A000544B1B681A1A474848442044411C04A83C
:1036B000FCF78DFD50A104A800F024FE0446601C18
:1036C00000B918E7A21E0DF112016846FCF77FFD54
:1036D000684602F0D7FF0546FDF792F84C490860AE
:1036E00040A001F041FD00BF3648407B312860D149
:1036F0001C2104A8FCF784FD002002900390009098
:10370000019044A12F4800F0FDFD814609F1010020
:1037100000B9F0E637480068A0EB0902294800EB41
:10372000090104A8FCF753FD33A104A800F0EAFD49
:103730000446601C00B9DEE6A21E0DF1120102A8CB
:10374000FCF745FD02A802F09DFF074600222B4B27
:10375000FCF7F0FE0546FDF753F82F4908601C21E1
:1037600004A8FCF74DFD09EB0400224B1B681A1A54
:10377000144848442044411C04A8FCF728FD27A114
:1037800004A800F0BFFD0446601C00B9B3E6A21E09
:103790000DF112016846FCF71AFD684602F072FF4F
:1037A0000546FDF72DF81E4908600EA001F0DCFC6F
:1037B00000BF00200549087050210248FCF720FD99
:1037C00000BF98E6C4050020400100203001002021
:1037D00024526563656976655061636B4572726FEB
:1037E00072230000244F4B23000000002C01002016
:1037F000415000003C0100202C0000000000594016
:10380000F0000020F400002056500000F8000020D6
:10381000FC000020545000000001002023000000A4
:103820000401002010B506480268521C05490648EC
:10383000FCF7CDFC50210348FCF7E2FC10BD000072
:103840003401002074050020C405002070B5322129
:103850006548FCF7D5FC644864A109680160002153
:1038600063480068FCF7F2FF0FD8624960480068BF
:10387000FCF77BFD0646FCF797FF044622460B4605
:103880005DA15F4801F096FE03E05EA001F06CFCD4
:1038900070BD00215F480068FCF7D8FF0BD85D4879
:1038A0000068FCF781FF044622460B4652A15A48A5
:1038B00001F080FE03E053A001F056FCE8E7002190
:1038C00056480068FCF7C2FF0FD84A4953480068C1
:1038D000FCF74BFD0646FCF767FF044622460B4605
:1038E00045A14F4801F066FE03E046A001F03CFC14
:1038F000CEE700214B480068FCF7A8FF0BD84948E9
:103900000068FCF751FF044622460B463AA14648A0
:1039100001F050FE03E03BA001F026FCB8E70021D7
:1039200042480068FCF792FF0FD832493F480068D0
:10393000FCF71BFD0646FCF737FF044622460B4604
:103940002DA13B4801F036FE03E02EA001F00CFC57
:103950009EE7002137480068FCF778FF0BD8354810
:103960000068FCF721FF044622460B4622A132489C
:1039700001F020FE03E023A001F0F6FB88E72049D8
:103980001948FCF748FC2DA11748FCF744FC2249D4
:103990001548FCF740FC2AA11348FCF73CFC2049E1
:1039A0001148FCF738FC27A10F48FCF734FC1E49EE
:1039B0000D48FCF730FC24A10B48FCF72CFC1C49FB
:1039C0000948FCF728FC21A10748FCF724FC1A4908
:1039D0000548FCF720FC0EA10348FCF71CFC02483C
:1039E00001F0C2FB00BF53E7410100202441500019
:1039F000F00000200000C84225332E32660000008F
:103A000014060020244765745049444572726F7251
:103A100023000000F40000201E060020F800002013
:103A200028060020FC0000203206002000010020B3
:103A30003C06002004010020460600202C414400E2
:103A40002C5650002C5649002C5450002C54440045
:103A500001460020034A506820F44040084350606B
:103A6000704700000010024029B1064AD2690243A3
:103A7000044BDA6104E0034AD2698243014BDA6104
:103A8000704700000010024029B1064A1269024343
:103A9000044B1A6104E0034A12698243014B1A6124
:103AA000704700000010024029B1064A92690243A3
:103AB000044B9A6104E0034A92698243014B9A6184
:103AC000704700000010024029B1064AD268024344
:103AD000044BDA6004E0034AD2688243014BDA60A7
:103AE000704700000010024030B500210022002481
:103AF00000232D4D6D6805F00C0121B1042905D07E
:103B0000082923D105E0294D056022E0274D0560F5
:103B10001FE0254D6D6805F47012234D6D6805F4A6
:103B20008034022505EB92421CB9214D55430560B6
:103B30000BE01D4D6D6805F400351DB11C4D55435E
:103B4000056002E0194D5543056002E0174D056020
:103B500000BF00BF144D6D6805F0F0010909154D57
:103B60006B5C0568DD4045600F4D6D6805F4E061F4
:103B7000090A104D6B5C4568DD4085600A4D6D6833
:103B800005F46051C90A0B4D6B5C4568DD40C560AA
:103B9000054D6D6805F44041890B074D6B5CC568A8
:103BA000B5FBF3F5056130BD0010024000127A004C
:103BB00000093D0048000020580000202DE9F04F8A
:103BC0008FB00CA889490DAB08AACDE9001088492F
:103BD000884803F0A3F88548008800F48070002826
:103BE0007ED00898FCF787FD04464FF09D41FCF716
:103BF000BCFB814908600998FCF77DFD04464FF045
:103C00009D41FCF7B2FB7D4908600A98FCF773FD03
:103C100004464FF09D41FCF7A8FB794908600B98DA
:103C2000FCF769FD04464FF09D41FCF79EFB75498A
:103C30000860714801684FF08040FCF764FB069013
:103C40006F4801680698FCF75EFB82466B48016886
:103C50004FF04040FCF757FB06906A480168069811
:103C6000FCF751FB83465146FCF7F5FA0790FCF749
:103C70009BFD804602F0F0F906464FF06632624B3B
:103C8000FCF758FC0446FCF7BBFD604908605C4843
:103C900001684FF08040FCF736FB039058480168FC
:103CA0000398FCF730FB8246544801684FF04040CF
:103CB000FCF729FB0390514801680398FCF723FBAC
:103CC00083465146FCF719FB81464FF07E51FCF7C5
:103CD000C2FA0446FCF768FDCDE90401464800E05D
:103CE00081E001684FF08040FCF70DFB83464348BC
:103CF00001685846FCF707FB8146414801684FF0D0
:103D00008040FCF700FB83463E4801685846FCF7BC
:103D1000FAFA82464946FCF79EFA0446FCF744FD4F
:103D20000746DDE9042302F0DFFB4FF06632364B35
:103D3000CDE90601FCF7FEFB0546FCF761FD3449C1
:103D40000860304801680068FCF7DDFA03902C48F1
:103D500001680068FCF7D7FA0290284801680068FB
:103D6000FCF7D1FA8346244801680068FCF7CBFAD7
:103D700059460190FCF76FFA82460299FCF7BDFAAA
:103D800081460399FCF7B9FA0446FCF70DFDCDE92D
:103D900004011C48016818480068FCF7B4FA824620
:103DA0001748016815480068FCF7ADFA834651468C
:103DB000FCF751FA81464FF08041FCF7A4FA044623
:103DC000FCF7F2FC0746DDE9042302F08DFB4FF01F
:103DD00066320D4BCDE90601FCF7ACFB0546FCF75E
:103DE0000FFD0C4908600FB0BDE8F08F6C0000209B
:103DF00066000020600000207C0000208000002081
:103E0000840000208800002066A64C40700000203E
:103E10007400002078000020014611B101290ED164
:103E200006E0094A128810B20022074B1A8008E007
:103E3000064A128810B20022044B1A8001E00020CA
:103E400000BF00BF70470000240400402408004069
:103E50002DE9F05F4221D020FEF7F2FA054641211C
:103E6000D020FEF7EDFA05EB00242046FCF743FCDA
:103E700082464FF08E415046FCF7E8FC05D24FF0E9
:103E80008F415046FCF739FA82460D495046FCF7FF
:103E90006CFA8346FCF788FC80460A4A0A4BFCF71A
:103EA000A2FA06460022094BFCF744FB0446FCF745
:103EB000A7FC82465046FCF74AFCBDE8F09F000094
:103EC0000000AA43A4703D0AD743424000002440AA
:103ED00010B52148016821480068FCF7ADFC03D00B
:103EE0001D4800681D4908601B4841681C4800685F
:103EF000FCF7A2FC03D0184840681949086016482E
:103F0000816818480068FCF797FC03D01248806865
:103F1000144908601048C16813480068FCF78CFC1D
:103F200003D00D48C068104908600B4801690F486C
:103F30000068FCF781FC03D0074800690B49086062
:103F4000054841690A480068FCF776FC03D002483E
:103F500040690749086010BD50060020F0000020AD
:103F6000F4000020F8000020FC00002000010020E8
:103F700004010020F0B503461446802B01DA202905
:103F800000DBF0BD2148007920B10CB9012000E030
:103F900000200446012C1CD1CD1701EB5575ED1006
:103FA00003EBC5151A4E755D0A46CE1701EB567622
:103FB000F610A1EBC6070126BE403543EEB2084617
:103FC000CD1701EB5575ED1003EBC515104F7E5560
:103FD0001AE0CD1701EB5575ED1003EBC5150C4E2E
:103FE000755D0A46CE1701EB5676F610A1EBC607B3
:103FF0000126BE40B5430846CE1701EB5676F610B3
:1040000003EBC616024FBD5500BFBAE7A000002063
:104010009802002010B504460CB9002000E0FF20F3
:1040200002464FF400710248FCF7E3F810BD0000AF
:1040300098020020014A108051807047A0000020A3
:104040002DE9F04307460C46904626480088217823
:104050000844802805DA23484088617808442028ED
:1040600002DB0020BDE8F083002530E0A7F120004E
:10407000617800FB0150616831F81090002622E061
:1040800009FA06F000F4004058B1164A52882A4452
:1040900091B2144A1288324490B24246FFF76AFF46
:1040A00010E0B8F1000F01D1012300E000231A460F
:1040B0000C4B5B882B4499B20A4B1B88334498B253
:1040C000FFF758FF761C2078B042D9D86D1C607875
:1040D000A842CBD8034800882178084401490880C9
:1040E0003846BFE7A000002070B504460D461646CE
:1040F0000AE0207832462946FFF7A2FF217888425D
:1041000001D0207870BD641C20780028F1D120787F
:10411000F8E7000010B500241BE004F1B000C2B2C3
:1041200000213C2004F0C2FF002211463C2004F094
:10413000BDFF102200213C2004F0B8FF064880217A
:1041400001FB04020B4640213C2004F0B9FF601C37
:10415000C4B2082CE1DB10BD9802002070470000BB
:1041600010B50C480068401E0A4908600A480068FB
:10417000012807D10846006820B9FDF79DF90748D6
:1041800000F0F2FF0348006810B9012001490860FF
:1041900010BD00007C0100202C010020E80400205C
:1041A00010B500F001F810BD0CB500200190009092
:1041B0003348006840F480303149086000BF30481F
:1041C000006800F4003000900198401C01900098B5
:1041D00018B90198B0F5A06FF1D12948006800F432
:1041E000003010B10120009001E000200090009804
:1041F000012843D12348006840F01000214908609D
:104200000846006820F0030008600846006840F097
:10421000020008601A48406819494860084640682A
:1042200048600846406840F480604860084640683E
:1042300020F47C1048600846406840F4E81048606C
:104240000846006840F08070086000BF0C480068B5
:1042500000F000700028F9D00948406820F0030001
:10426000074948600846406840F00200486000BFC7
:104270000348406800F00C000828F9D10CBD00008C
:10428000001002400020024070B505460C4625B9DA
:1042900000201B490880091D08802CB900201849FE
:1042A00008310880091D0880002D09DD284604F02A
:1042B00015FE1349091D08800020091F088008E029
:1042C00000200F49091D0880284604F007FE0C490C
:1042D0000880002C09DD204604F000FE0849083162
:1042E00008800020091D088009E0002004490831E9
:1042F0000880204604F0F2FD01490C31088070BDB1
:104300003434014030B503460C4600211AE0585CB5
:104310002578A84200D014E0002206E0521CA05CE0
:104320008D185D5DA84200D005E0A05C18B188182A
:10433000185C0028F2D100BFA05C08B9084630BD67
:1043400000BF491C585C0028E1D1401EF7E7042853
:1043500008D14FF0E021096941F004014FF0E0225B
:10436000116107E04FF0E021096921F004014FF0ED
:10437000E02211617047704710B51348006840F0A3
:1043800001001149086008464068104908400E497C
:104390004860084600680E4908400B490860084616
:1043A000006820F4802008600846406820F4FE0081
:1043B00048604FF41F008860FFF7F2FE4FF0006086
:1043C0000449086010BD0000001002400000FFF822
:1043D000FFFFF6FE08ED00E0F0B50C4615460022A2
:1043E0000021068C4FF6FE773E400684028B018C3E
:1043F0004FF60C7632407E1C06EA03162E433243FB
:10440000104EB0420ED0104EB0420BD0B0F1804FE3
:1044100008D00E4EB04205D00D4EB04202D00D4E27
:10442000B04206D14FF6FD76314044F001063143EB
:1044300005E04FF6F576314044F001063143028342
:104440000184F0BD002C0140003401400004004014
:1044500000080040000C0040F0B50C461546002254
:1044600000210026078C4FF6EF7C07EA0C07078433
:10447000028B018C4FF6FF7707EA041640F6FF47E0
:104480003A404FF6FF7707EA03373A434FF6FF7794
:1044900007EA05273A43114FB8420ED0104FB842F1
:1044A0000BD0B0F1804F08D00E4FB84205D00E4F60
:1044B000B84202D00D4FB84206D14FF6DF773940EF
:1044C00046F01007394305E04FF65F77394044F076
:1044D0001007394302830184F0BD0000002C014025
:1044E000003401400004004000080040000C00407F
:1044F000F0B50C461546002200210026078C4FF629
:10450000FF6C07EA0C070784828B018C4FF6FF775C
:1045100007EA04264FF60C773A404FF6FF7707EA92
:1045200003172F433A43114FB8420ED0104FB842F1
:104530000BD0B0F1804F08D00E4FB84205D00E4FCF
:10454000B84202D00D4FB84206D14FF6FF5739405E
:1045500046F48077394305E04FF2FF57394044F481
:104560008077394382830184F0BD0000002C014034
:10457000003401400004004000080040000C0040EE
:10458000F0B50C461546002200210026078C4EF699
:10459000FF7C07EA0C070784828B018C4FF6FF77BC
:1045A00007EA043640F6FF473A404FF6FF7707EA3E
:1045B00005273A434FF6FF7707EA03373A43114F8F
:1045C000B8420ED0104FB8420BD0B0F1804F08D097
:1045D0000E4FB84205D00E4FB84202D00D4FB84230
:1045E00006D14DF6FF77394046F48057394305E050
:1045F00047F6FF57394044F480573943828301849A
:10460000F0BD0000002C01400034014000040040D7
:1046100000080040000C004030B587B005460C464D
:1046200004F0ACFD01210846FFF71EFAADF8085072
:10463000ADF804400020ADF80A00ADF8060001A96D
:104640004FF0804000F07AFC0420ADF8100000200C
:10465000ADF812000120ADF814000020ADF81600EE
:10466000ADF8180004A94FF0804000F075FA1C2046
:104670008DF8000001208DF801008DF802008DF802
:1046800003006846FEF7A8FC01220521880700F018
:10469000C2FA0121880700F01DF907B030BD000003
:1046A0004FF08041088A2C49097801F080010029E7
:1046B0004DD100F00101D1B12749097801F0400145
:1046C000A9B12549097801F03F013F290AD12249C2
:1046D000098841F08001204A11804FF6FF711F4A7E
:1046E000118004E01C490988491C1B4A118000F014
:1046F000040161B31849097801F0400199B11649E4
:10470000098841F08001144A11804FF08041098FDF
:10471000124A11804FF08041098C21F020014FF0A6
:104720008042118413E000210B4A11800B4A118052
:104730000949098841F04001074A118000214FF0E2
:10474000804291841146098C41F02001118400219E
:104750004FF0804211827047DC000020DE00002014
:10476000044800880348008820F0010001490880BF
:104770007047000010040040044800880348008887
:1047800020F0010001490880704700001008004037
:1047900010B50121254800F0CEF9002845D00121AF
:1047A000224800F094F822480088401C20490880E4
:1047B00020480078401C1F4908701F4800880028C6
:1047C00004DD1D480088401E1B490880FDF764FD7C
:1047D00001201A49087017480078022823DD0020BC
:1047E00014490870FDF74AFD044615480168204643
:1047F000FBF731FD1249086012480078401C11494E
:1048000008700846007832280DD10F490C4800681E
:10481000FBF7ABFD0D490860002009490860094914
:10482000087004F063FB01F0D3FF10BD00100040DE
:10483000CC000020C5000020C6000020CF000020D2
:10484000C0000020C400002000004842E00000201A
:104850001FB501211020FFF707F941F61F40ADF801
:1048600004006320ADF8080001A9104800F066FBC1
:1048700001210E4800F028F8012211460B4800F0F3
:10488000CAF936208DF8000004208DF801000220BE
:104890008DF8020001208DF803006846FEF79CFBAE
:1048A0000121024800F016F81FBD00000010004072
:1048B00021B1028842F08002028004E002884FF6B3
:1048C0007F731A4002807047CA4302827047CA430E
:1048D0000282704721B1028842F00102028004E0A6
:1048E00002884FF6FE731A400280704731B1B0F86B
:1048F000442042F40042A0F8442005E0B0F84420EF
:10490000C2F30E02A0F844207047000010B5044620
:104910006848844208D10121C014FFF7D5F800216E
:10492000E014FFF7D1F8C4E0B4F1804F08D10121C1
:104930000846FFF7A9F800210120FFF7A5F8B8E025
:104940005D48844208D101210220FFF79DF8002133
:104950000220FFF799F8ACE05848844208D10121C1
:104960000420FFF791F800210420FFF78DF8A0E064
:104970005348844208D101210820FFF785F800211F
:104980000820FFF781F894E04E48844208D10121C5
:104990001020FFF779F800211020FFF775F888E064
:1049A0004948844208D101212020FFF76DF80021F9
:1049B0002020FFF769F87CE04448844208D10121B7
:1049C0004014FFF781F800216014FFF77DF870E0D4
:1049D0003F48844209D10121C804FFF775F800213E
:1049E0004FF40020FFF770F863E03A48844209D1A1
:1049F00001210805FFF768F800214FF48010FFF748
:104A000063F856E03448844209D101214805FFF794
:104A10005BF800214FF40010FFF756F849E02F48EB
:104A2000844208D101214020FFF72EF800214020C8
:104A3000FFF72AF83DE02A48844208D1012180206E
:104A4000FFF722F800218020FFF71EF831E025480B
:104A5000844208D101218015FFF716F80021A01526
:104A6000FFF712F825E02048844209D1012108040B
:104A7000FFF72AF800214FF48030FFF725F818E0FF
:104A80001A48844209D101214804FFF71DF800218A
:104A90004FF40030FFF718F80BE01548844208D1B6
:104AA00001218804FFF710F800214FF48020FFF760
:104AB0000BF810BD002C014000040040000800402D
:104AC000000C004000100040001400400034014081
:104AD000004C0140005001400054014000180040CB
:104AE000001C004000200040004001400044014004
:104AF00000480140F0B50C4615461E460021002234
:104B000000230189028B038C4FF6F877394021434B
:104B10004FF6FC473A4040F201173A434FF6DD7733
:104B20003B404FF6FF7707EA06172F433B430181CF
:104B300002830384F0BD30B5024600200023002428
:104B4000158A05EA0103958905EA010413B10CB140
:104B5000012000E0002030BD70B505460C46244819
:104B600085420ED0234885420BD0B5F1804F08D046
:104B70002148854205D02148854202D020488542FF
:104B800000D100E000BF208850B92389A288618845
:104B90002846FFF721FCE188284600F0A2F925E02D
:104BA000208804280AD12389A28861882846FFF733
:104BB00053FCE188284600F09DF917E0208808287A
:104BC0000AD12389A28861882846FFF791FCE188F1
:104BD000284600F09CF909E02389A28861882846CC
:104BE000FFF7CEFCE188284600F09AF970BD00007E
:104BF000002C014000340140000400400008004047
:104C0000000C0040002101804180012181800021B1
:104C1000C180018170471AB183890B43838102E00F
:104C200083898B438381704770B500240022002361
:104C3000058C4FF6FE7635400584028C8388048B04
:104C40004FF68F752C40B51E2C400D882C43751ED9
:104C50002A400D892A434D882A43144DA8420BD07F
:104C6000134DA84208D0134DA84205D0124DA842BA
:104C700002D0124DA84213D14FF6F7752A404D8944
:104C80002A434FF6FB752A408D882A434FF6FF656D
:104C90002B404FF6FF552B408D892B43CD892B435D
:104CA00083800483CD888586028470BD002C0140FA
:104CB00000340140004001400044014000480140F0
:104CC0000A460021018B4FF6F77319401143018307
:104CD0007047000070B5002400220023058C4FF6B9
:104CE000EF7635400584028C8388048B48F6FF7587
:104CF0002C404FF6FF452C400D884FF6FF7606EA14
:104D000005252C434FF6DF752A400D8906EA051567
:104D10002A434D8806EA05152A43154DA84202D0BC
:104D2000144DA8421DD14FF67F752A404D894FF68C
:104D3000FF7606EA05152A434FF6BF752A408D888F
:104D400006EA05152A434FF6FF352B404FF2FF7553
:104D50002B408D8906EA85052B43CD8906EA85051A
:104D60002B4383800483CD880587028470BD0000B7
:104D7000002C0140003401400A460021018B4FF213
:104D8000FF7319404FF6FF7303EA022319430183AF
:104D90007047000070B5002400220023058C4FF6F8
:104DA000FF6635400584028C8388848B4FF68F75AF
:104DB0002C404FF6FC752C400D882C434FF6FF55C8
:104DC0002A400D894FF6FF7606EA05252A434D88CD
:104DD00006EA05252A43154DA84202D0144DA842E3
:104DE0001DD14FF2FF752A404D894FF6FF7606EA36
:104DF00005252A434FF6FF352A408D8806EA05250A
:104E00002A434EF6FF752B404DF6FF752B408D89DA
:104E100006EA05152B43CD8906EA05152B43838049
:104E20008483CD888587028470BD0000002C0140FA
:104E3000003401400A460021818B4FF6F773194078
:104E4000114381837047000070B5002200230024C5
:104E5000058C4EF6FF7635400584038C8488828B62
:104E600048F6FF752A404FF6FF452A400D884FF659
:104E7000FF7606EA05252A434DF6FF752B400D897E
:104E800006EA05352B434D8806EA05352B430B4DC5
:104E9000A84202D00A4DA84208D14BF6FF752C401B
:104EA0008D894FF6FF7606EA85152C438480828330
:104EB000CD88A0F84050038470BD0000002C014054
:104EC000003401400A460021818B4FF2FF731940E4
:104ED0004FF6FF7303EA02231943818370478184ED
:104EE0007047028B4FF6F3731A400283028B0A431A
:104EF00002837047028B4FF2FF331A400283028B0A
:104F00004FF6FF7303EA01231A4302837047828B33
:104F10004FF6F3731A408283828B0A438283704771
:104F2000828B4FF2FF331A408283828B4FF6FF73DE
:104F300003EA01231A43828370470000002202889B
:104F40001D4B98420ED01D4B98420BD0B0F1804FB4
:104F500008D01B4B984205D01A4B984202D01A4BEE
:104F6000984204D14FF68F731A404B881A43174B5F
:104F7000984207D0164B984204D04FF6FF431A4090
:104F8000CB881A4302808B8883850B8803850A4B64
:104F900098420BD0094B984208D00E4B984205D04E
:104FA0000D4B984202D00D4B984201D10B7A0386EB
:104FB0000123838270470000002C0140003401402F
:104FC0000004004000080040000C004000100040B9
:104FD00000140040004001400044014000480140EE
:104FE0004FF6FF71818000210180C18041800172F4
:104FF000704700002DE9F0410546884613492846D0
:10500000FBF71AFC13D312492846FBF71FFC0ED3FB
:1050100010480068FBF7C8FB06464FF033320E4BD2
:10502000FBF7D6FB03D30D48007801280AD10124F1
:1050300000200B490880091D0880091D0880091DF2
:10504000088000E000242046BDE8F081000020C276
:1050500000002042E00000203333234030000020D5
:10506000343401402DE9F04705462C4806682C48A9
:105070000078032806D12B48006880F000402A49B8
:1050800008601BE026480078042804D12548006801
:105090002549086012E022480078052803D12348FA
:1050A000214908600AE01E480078062803D12048FC
:1050B0001D49086002E000201B490860184800787C
:1050C000012803D016480078022802D11948046844
:1050D00000E0002421462846FBF715F982461649D0
:1050E000FBF743F9804631460F480068FBF70BF9A0
:1050F00082461149FBF739F981464146FBF7ABF887
:1051000007460E4801683846FBF7A5F80C490860C9
:1051100008460068FBF71BFBBDE8F0870001002094
:10512000400100200C01002024010020000048C2A2
:1051300000004842040100200000C8422C0000206A
:105140002801002010B540F22551064800F098F8DB
:1051500030B1044800F050F9C4B2204601F08EFB93
:1051600010BD00000050004070B505462C4603E01D
:10517000207800F04DF8641C20780028F8D170BD2C
:1051800010B5002440F22551054800F079F830B1FF
:10519000034800F031F9C4B2204600F003F810BD16
:1051A0000038014010B5044600BF8021044800F0DB
:1051B0005AF80028F9D02146014800F022F910BD24
:1051C0000038014010B540F22551084800F058F869
:1051D00058B140F22551054800F02AF8034800F084
:1051E0000BF9C4B2204600F003F810BD00440040A3
:1051F00010B5044600BF8021044800F034F80028B0
:10520000F9D02146014800F0FCF810BD00440040F0
:1052100010B5044600BF8021044800F024F800289F
:10522000F9D02146014800F0ECF810BD00500040D4
:1052300010B50022002340F66A14A14200D100BF3D
:105240000A1201249440A3B2DC43048010BD21B1B2
:10525000828942F40052828104E082894DF6FF7314
:105260001A408281704702460020B1F5007F00D1CC
:1052700000BF13880B400BB1012000E000207047F5
:1052800070B50246002400230025002040F66A166F
:10529000B14200D100BFC1F3421501F01F03012646
:1052A00006FA03F3012D02D19689334006E0022D60
:1052B00002D1168A334001E0968A33400C1201264F
:1052C00006FA04F41688344013B10CB1012000E052
:1052D000002070BDF0B50346002400260025002004
:1052E00040F66A17B94200D100BF1846C1F3421414
:1052F00001F01F06012707FA06F5012C01D10C3039
:1053000004E0022C01D1103000E014301AB107681B
:105310002F43076002E00768AF430760F0BD00005D
:105320002DE9F04786B005460E460024A24600BF90
:10533000A1460027B08900B100BF2F462C8A4CF649
:10534000FF700440F08804432C82AC894EF6F310C1
:105350000440B08831890843718908430443AC8113
:10536000AC8A4FF6FF400440B0890443AC8201A8E8
:10537000FEF7BAFB1F48874202D1DDF810A001E01A
:10538000DDF80CA0A88900F4004040B10AEBCA0087
:1053900000EB0A1031684900B0FBF1F807E00AEBB6
:1053A000CA0000EB0A1031688900B0FBF1F86420F4
:1053B000B8FBF0F004012009642101FB1089A889E1
:1053C00000F4004040B1322000EBC900B0FBF1F026
:1053D00000F00700044308E0322000EB09106421CC
:1053E000B0FBF1F000F00F0004432C8106B0BDE8E3
:1053F000F08700000038014001468888C0F30800AB
:105400007047C1F308028280704700BFFEE70000CA
:105410002DE9FC5F044689464B480078012804D1F9
:105420004A4800684A4908600EE047480078022868
:1054300006D14648006880F000404549086003E016
:10544000444800684249086004EB09014842FBF700
:1054500052F94149086041480068FBF7A5F9074641
:105460003F4A404BFBF766F80546FBF7C9F93B4955
:10547000086039480068FBF797F907463A4A3B4B02
:10548000FBF758F805460E4634480068FBF78CF9E0
:1054900082462A463346FAF7A6FFCDE90001FBF71C
:1054A000AFF92E4908600846016831480068FAF7EC
:1054B000D2FE2F490860264801682D480068FAF797
:1054C000CAFE2B4908602B4929480068FBF7BEF942
:1054D00002D2284826490860274925480068FBF77A
:1054E000ABF902D2244822490860244801682048C8
:1054F0000068FAF708FF07462149FAF736FF054624
:105500001648006880F000481E4801684046FAF7D7
:10551000FAFE07461A49FAF728FF06462946FAF71F
:10552000ECFE194908601948016819480068FFF73E
:1055300061FD012802D100200D4908601248006871
:10554000FBF705F9BDE8FC9F4001002008010020A1
:105550001C01002028000020140100201801002058
:10556000E17A14AE47E1EA3F7B14AE47E17AC43FEB
:10557000200100200000FA450000FAC5FC000020D0
:105580000000C842F800002010010020E0000020C8
:10559000040000200FB4054B10B503A9044A02987B
:1055A00000F07EF910BC5DF814FB0000CD7500081A
:1055B0009C0000200FB4084B10B504A902AA039860
:1055C00000F06EF9044602A9002000F0ECFC204631
:1055D00010BC5DF814FB0000A75F0008490050EA0A
:1055E000C12018BF04204A0D18BF40F0010040F24E
:1055F000FF72B2EB515F08BF40F00200012808BF04
:10560000052070472DE9F0414F1E00EBC70104460D
:10561000D1E9000115461E4637F006020DD02A4694
:105620003346FAF787FF7F1E04EBC703D3E9002355
:10563000FAF7D9FE37F00602F1D1022F25D0042F58
:1056400013D0062F18BFBDE8F0812A463346FAF77B
:1056500071FFD4E90A23FAF7C6FE2A463346FAF761
:1056600069FFD4E90823FAF7BEFE2A463346FAF763
:1056700061FFD4E90623FAF7B6FE2A463346FAF765
:1056800059FFD4E90423FAF7AEFE2A463346FAF767
:1056900051FFD4E90223FAF7A6FE2A463346FAF769
:1056A00049FFD4E90023BDE8F041FAF79CBE01228E
:1056B000FBF720BAFAF797BE0022134610461146B0
:1056C000FAF7AABF024A00201107FBF713BA00003D
:1056D00001FDFFFF014800687047000080020020C4
:1056E00002E008C8121F08C1002AFAD170477047AB
:1056F000002001E001C1121F002AFBD17047000009
:105700000149086070470000800200202DE9FF5F1A
:1057100082B00021DDE90430020DDDF840B0034322
:1057200018D044F61050A2F2FF32424315141198DB
:1057300001281FD0A5EB0B00401C5FEA000A4FF0C8
:1057400000064E4FDFF83891B046504615D5CAF1E5
:10575000000413E0119801244AA3012801D16FEA43
:105760000B010298119AC0E90031C0E9024206B06B
:10577000BDE8F09FCBF10000DFE704460021404A7E
:10578000491842EB0450CDE9001012E0E00707D0C1
:1057900032463B4640464946FAF7CCFE80468946AB
:1057A00032463B4610461946FAF7C4FE06460F46F7
:1057B0006410002CEAD1DDE90401DDE90023BAF12F
:1057C000000F06DAFAF7B6FE42464B46FAF7B2FE8B
:1057D00005E0FAF721FF42464B46FAF71DFF044663
:1057E0000E460022284BFBF7B5F903D84FF0FF30E7
:1057F000014607E00022254B20463146FAF7F3FD2B
:10580000FBF78FF9102409E0002C0ADB0A220023A1
:10581000FBF73CF8039B30321A55641E50EA010234
:10582000F2D1641C039AC4F111031444119A012AA1
:1058300003D0012208430DD10AE0084304D0002020
:105840004FF0110B119072E7A3EB0B056D1E0DE0ED
:105850005B4504DD4FF0000205F1010504E003DAC9
:105860004FF00002A5F10105002AECD00298119931
:10587000C0E90231C0E9004579E7000000001440AA
:105880000000F03F300000000000F0430000E03F67
:1058900030380A2801D201207047002070470000EC
:1058A0002DE9FF4F95B09A46884606460025EEE161
:1058B000252877D100242746F94A0121039400E0E6
:1058C000044316F8013F203B01FA03F01042F7D1E0
:1058D00030782A2811D06FF02F033078A0F13002F1
:1058E000092A16D8039A44F0020402EB820203EB61
:1058F00042021044761C0390EFE758F8042B039201
:10590000002A03DA504244F40054039044F00204A5
:10591000761C30782E2816D116F8010F44F00404B6
:105920002A280DD06FF02F023078A0F13003092B18
:1059300009D807EB870302EB4303C718761CF3E78C
:1059400058F8047B761C30786C280FD006DC4C2885
:1059500017D068280DD06A2814D104E0742810D01C
:105960007A280FD10DE044F400140AE044F48014C6
:1059700001E044F440147278824202D104F58014AC
:10598000761C761C307866280BD013DC582877D02C
:1059900009DC002875D04528F6D04628F4D04728E1
:1059A0001AD193E118E0632835D0642879D06528AE
:1059B00012D18BE1702873D008DC6728F1D06928F8
:1059C0006FD06E280DD06F2806D1ACE073282CD094
:1059D000752874D0782853D05246179990476D1C7B
:1059E00054E1C4F30250022809D003280DD0D8F89E
:1059F000001004280DD00D6008F1040846E1D8F825
:105A00000010EA17C1E90052F6E7D8F800100D803F
:105A1000F2E70D70F0E718F8041B8DF80010002075
:105A20008DF80100EB46012003E058F804BB4FF06D
:105A3000FF3061074FF0000102D40DE009F10101D0
:105A40008946B9420FDA8145F8DB1BF809100029B5
:105A5000F4D108E009F1010189468142FADB1BF823
:105A600009100029F6D103985346A0EB09072146F7
:105A70003846179A00F080FA284400EB090507E041
:105A800044E008E10DE01BF8010B524617999047DE
:105A9000B9F10109F7D2534621463846179AF2E088
:105AA00039E00A21C4F302524FF0000B0091022AA0
:105AB00006D058F8040BC117032A09D00AE023E0E6
:105AC00008F1070020F00702F2E80201904605E025
:105AD00000B2C117042A01D140B2C117002906DA69
:105AE0000A460021404261EB02012D2202E022051C
:105AF00004D52B228DF80420012203E0E20701D017
:105B00002022F7E7914657E00A2100E010214FF0EC
:105B1000000B00910BE010214FF0000B44F0040447
:105B20000827009103E008204FF0000B0090C4F319
:105B30000252022A05D058F8040B0021032A08D08B
:105B400008E008F1070020F00702F2E802019046A1
:105B500003E080B2042A00D1C0B24FF0000922074E
:105B60002AD53278702A07D0DDF800C08CF0100CEE
:105B70005CEA0B0C05D00EE040228DF804200122D7
:105B800008E050EA010306D030238DF804308DF888
:105B9000052002229146009B83F0080353EA0B0381
:105BA0000AD150EA010201D1620705D530228DF8F1
:105BB00004204FF001097F1E3278582A04D039A200
:105BC0000C920CAA02920BE03BA2F9E75B46009A0A
:105BD000FAF75CFE0C9B9B5C029A521E02921370B9
:105BE00050EA0102F2D1029804A9081A00F1200B30
:105BF000600702D524F4803400E001275F4502DD10
:105C0000A7EB0B0000E0002000EB0B0100900398D5
:105C10004944401A0390E00306D453462146179A9C
:105C2000039800F0A9F90544002706E001A85246B0
:105C3000C05D179990476D1C7F1C4F45F6DBE00354
:105C40000CD553462146179A039800F095F9054460
:105C500004E030205246179990476D1C0099481E69
:105C600000900029F5DC08E002980299524600787D
:105C7000491C0291179990476D1CBBF10001ABF1D3
:105C8000010BF1DC5BE100F065F90544761C30782E
:105C900000287FF40DAE19B02846BDE8F08F000053
:105CA00009280100303132333435363738396162F2
:105CB00063646566000000003031323334353637B6
:105CC000383941424344454600000000600700D493
:105CD000062708F1070020F00700F0E802238046BD
:105CE00003F0004C5FEA0C0001D097A009E020050A
:105CF00001D596A005E0E00701D095A001E0AFF244
:105D00004C001390307823F0004365280CD006DC5B
:105D1000452809D046281DD047287FD13BE066287A
:105D200018D067287AD136E00021112F01DB11202D
:105D300000E0781CCDE9000104A90CA8FFF7E6FCFF
:105D4000DDE90D010C9A4FF0000B07F101091092EB
:105D500000914EE04FF000400097CDE9011004A9FA
:105D60000CA8FFF7D3FCDDE90D020C9B0F994FF057
:105D7000000B91461093009211B9791C00EB0109B8
:105D8000B7EB090003D4C0F1FF3B07F10109A9EB10
:105D90000700019042E0012F00DA01270021112FB6
:105DA00001DD112000E03846CDE9000104A90CA86E
:105DB000FFF7ACFCDDE90D010C9A00914FF0000BF0
:105DC000B946109221070FD4009A4A4503DA91464A
:105DD00001E0A9F10109B9F1010F05DD109AA9F15E
:105DE0000101515C3029F4D0B84202DA10F1040FFD
:105DF00003DA0121CDE9011010E0002803DC83441F
:105E0000A9EB000102E0411C494500DD8946A0EBF9
:105E10000B00401C01904FF000400290200705D479
:105E20000198484502DB4FF0FF30019000208DF8CB
:105E30004B0002980DF14B07B0F1004F25D0022026
:105E40000C902B200D90029800280CDA4042029012
:105E50002D200D9007E00A210298FAF701FD30315C
:105E6000029007F8011D0C99481E0C900029F2DCE5
:105E700002980028EFD1791E0D980870307800F054
:105E8000200040F0450007F8020D11A8C01BC01DFE
:105E900002901398007800B1012000EB09010198ED
:105EA00001EBE071029801440398401A401E0390F0
:105EB000E00306D453462146179A039800F05CF895
:105EC00005441398007818B15246179990476D1CF5
:105ED000E00323D553462146179A039800F04CF867
:105EE00005441BE0BBF1000F07DB0098584504DDBB
:105EF0001098179910F80B0001E0179930205246BE
:105F0000904701980BF1010B401E05F1010501902E
:105F100004D12E205246179990476D1CB9F100010B
:105F2000A9F10109DEDC05E017F8010B52461799CB
:105F300090476D1C0299481E02900029F4DC5346DC
:105F40002146179A03989EE62D0000002B000000C2
:105F5000200000002DE9F041044600251E461746AA
:105F6000880404D405E039462020B0476D1C641E27
:105F7000F9D52846BDE8F0812DE9F0410446002519
:105F80001E469046C80301D5302700E0202788042C
:105F900004D505E041463846B0476D1C641EF9D56E
:105FA0002846BDE8F0810A68531C0B6010707047EA
:105FB0002DE9FE4F06460F460025684601F014FB0A
:105FC000002442E056F8240057F82410A0EB010A00
:105FD000BAF1000F01DB514601E0CAF100010846A9
:105FE000FAF789FB83464FF08F41FAF7BEF98046F6
:105FF0005DF824000021FAF71FFC16D05DF824108C
:106000004046FAF7B2F982464FF07E51FAF775F939
:10601000814629F0004A0F48416A5046FAF716FCBB
:1060200012D20120A04005430EE00A48C169404653
:10603000FAF702FC05D30748016A4046FAF706FC66
:1060400002D20120A0400543641C032CBADB284681
:10605000BDE8FE8FFCB900082DE9F04D8D4F21F011
:10606000004A86B005460C46BA452ADBAAEB070073
:1060700028430AD08848824501DC1AD1CDB106B048
:106080002846BDE8F04DFFF712BB844A844B2846F2
:10609000FAF750FA07460E46824A834B28462146B5
:1060A000FAF748FA06B03A463346BDE8F04DFAF73B
:1060B0009AB90120FFF724FB06B0BDE8F04DFFF7C9
:1060C000FBBA7A48824542DABAF1795F0BDA2846A0
:1060D000FFF784FA042808BFFFF7F4FA284606B051
:1060E0002146BDE8F08D2A460B461046FAF722FA03
:1060F000834602466E480E460B4606217844FFF75B
:1061000081FA5A463346FAF715FA804669488A46B4
:106110005A46334604217844FFF774FA5A46334608
:10612000FAF708FA00223B46FAF75DF902460B46F9
:1061300040465146FAF770FA2A462346FAF7FAF92A
:1061400006B02A462346BDE8F04DFAF74CB928467A
:1061500024F0004100223D463B46FAF7E8F94FF0B3
:10616000FF32FAF7C7FC0646024653480F460B4675
:1061700006217844FFF746FA32463B46FAF7DAF949
:10618000CDE900014D4832463B4604217844FFF7F3
:1061900039FA32463B46FAF7CDF900222B46FAF798
:1061A00022F9834602913046394602F059FF804673
:1061B00043480D46504517DCDDE900015A46029B75
:1061C000FAF72AFA42462B46FAF7B4F942462B462A
:1061D000FAF709F90122FAF78DFC304A304BFAF749
:1061E000A3F9304A304B4CE04FF0000A52460B46C0
:1061F0004046FAF7F8F8CDE9031052462B46104610
:106200001946FAF797F932463B46FAF790F9DDE975
:106210000332FAF701FA06460F46DDE900015A4655
:10622000029BFAF7F9F9834600910122304639467C
:10623000FAF760FC194A1A4BFAF779F906460F4645
:10624000012240462946FAF755FC5A46009BFAF7C8
:1062500071F932463B46FAF767F906460F460122C6
:1062600050462946FAF746FC0E4DDFF858802A467C
:106270004346FAF75CF932463B46FAF758F92A46A4
:106280004346FAF754F9002CD8BF81F0004106B01C
:10629000BDE8F08D0000F03F0000F07F075C143394
:1062A00026A6913C182D4454FB21F93F0000E03F05
:1062B000D8650000EE6500006265000078650000AA
:1062C0003333EF3FFB21E93F2DE9F84F04460D46FC
:1062D00021F0004000917349814211DC72498842EB
:1062E00001DC06D12CB120462946BDE8F84FFFF766
:1062F000DEB96E48002DCCBF6D496E49BDE8F88F00
:106300006D49814211DD6D498142D8BF4FF0FF36A2
:106310006DDD20462946FFF761F9042808BFFFF725
:10632000D1F920462946BDE8F88F6549654F25F02B
:106330000045814233DD6449814219DD0026324641
:106340004FF0804320462946FAF74DF880468A46AA
:10635000012220462946FAF7CDFB00223B46FAF7F8
:10636000E3F842465346FAF757F904460D463EE035
:1063700001260022BA463B4620462946FAF733F862
:1063800080460F460022534620462946FAF7CCF8AD
:1063900042463B46FAF740F904460D4627E04B4992
:1063A00081421BDDDFF828A1022600225346204649
:1063B0002946FAF7BFF800223B46FAF714F8804660
:1063C0000F460022534620462946FAF7ADF84246CA
:1063D0003B46FAF721F904460D4608E0032622461B
:1063E0002B4600203B49FAF717F904460D46224692
:1063F0002B4610461946FAF79DF88B468246024610
:106400000B46FAF797F807460246334888460B468C
:1064100006217844FFF7F6F852465B46FAF78AF809
:1064200082462E488B463A46434605217844FFF77C
:10643000E9F83A464346FAF77DF802460B46002E45
:10644000504659460CDAF9F7CEFF22462B46FAF7AA
:1064500071F801B022462B46BDE8F04FFAF767B855
:10646000F9F7C1FF22462B46FAF764F81C4A7A4432
:1064700002EBC603D3E90023FAF756F822462B466F
:10648000FAF752F8174A7A4402EBC603D3E900231D
:10649000FAF74DF8009A002AB8BF81F00041BDE834
:1064A000F88F0000000010440000F07F182D4454C5
:1064B000FB21F93FFB21F9BF0000DC3F0000203E3B
:1064C0000000F33F0000F03F0000E63F0080034083
:1064D0000000F83F0000F0BF7A630000386300005E
:1064E000D66200009E6200002DE9F04D9446CCF18A
:1064F000000423F000464CEA0404594F46EAD474E1
:106500009A46884621F00042BC4206D8454240EAFD
:10651000050442EAD474BC4204D9BDE8F04D624699
:10652000FFF7C8B8AAF14055A5F17F6555EA0C04FC
:106530000BD0022404EAAA744A4DDFF82CE144EAA5
:10654000D87452EA000B04D00CE0BDE8F04DFFF720
:10655000BBBE002C14BF012CBDE8F08D022C30D046
:10656000032C32D056EA0C0B0AD0BE4220D1BA42DC
:1065700009D126F0804622F080423346114617E0CA
:1065800000291ADB25E0DFF8E4B0FB44002C04BF4F
:10659000DBE90001BDE8F08D012C02BFDBE9000161
:1065A00081F00041BDE8F08D022C0AD0032C0CD004
:1065B000BA4212D1B8F1000F0BDA2A482C49BDE8D3
:1065C000F08D28462B49BDE8F08D28467146BDE880
:1065D000F08D24482849BDE8F08D921B12153C2A05
:1065E000C4BF204F244E10DCBAF1000FBEBF12F121
:1065F0003C0F00273E4608DB6246FAF70DF821F013
:106600000041FFF761FE07460E4694B1012C08BF1A
:1066100086F000460DD0194A194B022C38463146F7
:1066200015D0F9F781FF2A46BDE8F04D114BF9F777
:106630007BBF0022134638463146FAF7C9F804BF3B
:106640000220FFF75DF838463146BDE8F08DF9F7D6
:106650006BFF2A46BDE8F04D064BF9F768BF000016
:106660000000F07F182D4454FB2109C03262000065
:10667000FB21F9BFFB210940FB21F93F075C1433E3
:1066800026A6A13C30B583B00446FFF723F80546A3
:106690000020CDE90000024621466846FAF763F97A
:1066A0002846FFF72DF8DDE9000103B030BD0000FA
:1066B00000B587B001210805FDF7D6F9012130208A
:1066C000FDF7F2F94FF48050ADF8180018208DF85E
:1066D0001B0003208DF81A0006A91D48FBF74CFB90
:1066E0000420ADF818008DF81B0006A91948FBF727
:1066F00043FB35208DF8040000208DF805000120B3
:106700008DF806008DF8070001A8FCF765FC4FF432
:10671000165002900020ADF80C00ADF80E00ADF858
:106720001000ADF814000C20ADF8120002A90A48C0
:10673000FEF7F6FD012240F225510748FEF7CAFD9B
:1067400001210548FEF783FDFCF784F807B000BD82
:1067500000100140001401400050004010B502201C
:10676000FBF762F800F0F6F80220FCF795F801203C
:10677000FCF792F801F0D8FA01F0BAFAFCF75CFBEA
:10678000FAF78AFD00214FF43460FAF79BFDFBF71E
:1067900037FAFBF783FA4FF4E13002F09FFCFFF782
:1067A00087FF4FF4967000F0FBF8FBF793FEFCF7C1
:1067B000C3FBFBF74DF8FCF77FFCFAF735FE4721EA
:1067C0004FF6FF70FDF728FFFEF742F810BD0000FE
:1067D0002348008858B923480088B0F5967F3DDDEE
:1067E00000202049088001201D49088036E01D480E
:1067F0000088142832DD00201A4908801A480078E1
:1068000040B91A48006808B9012000E00020174983
:1068100008600BE01648006808B9012000E000207D
:106820001349086001201349C1F88C0112480088FF
:10683000401C114908800846008806280ED10A48E5
:10684000007818B900200949086002E000200849D2
:10685000086000200849088001490880704700004E
:10686000C8000020CC000020CE0000208C812142F6
:10687000AC01214200802142CA00002001462429A7
:1068800005D10122154B1A700022154B1A60134ACC
:106890001278012A03D1134A114B1B68D1540F4AB5
:1068A0001278012A0AD1232908D10F4B1A7000222D
:1068B0000A4B1A700A4A12680C4B1A60084A12688E
:1068C000521C074B1A601A461268502A05DB002238
:1068D0001A60024B1A70044B1A707047380100207E
:1068E0003401002074050020300100203C0100200C
:1068F0002DE9F0410446E07800F0C006E07800F0B1
:106900003F05607800F0010098B1EF102846E917C4
:1069100005EB5171C910A5EBC101491C01F0FF083D
:106920000B48006820B10A48414602683846904743
:1069300000BF607800F0080030B10548406818B129
:10694000B011034A516888470020BDE8F08100007B
:106950006806002010B50E4800680E49B0FBF1F043
:10696000C4B26FF00400FDF7F2FCE11704EB5171C3
:10697000C910094A11701046007800EB4001C1EBC4
:10698000C0104FF6FF7101EAC0000449088010BD35
:106990003400002040420F005C0000205E00002018
:1069A00001460D4A12884A434FF0E0235A61002203
:1069B0009A6101221A6100BF4FF0E022106900F0D5
:1069C00001021AB100F48032002AF5D000224FF003
:1069D000E0231A619A6170475E00002001460D4A6B
:1069E00012784A434FF0E0235A6100229A61012253
:1069F0001A6100BF4FF0E022106900F001021AB1E5
:106A000000F48032002AF5D000224FF0E0231A6112
:106A10009A6170475C00002038B5044664B12020BC
:106A20008DF8000028208DF8010030208DF802003C
:106A300038208DF8030004E0A32204216846F9F70A
:106A4000D8FB6A46042140F69E2002F0ADF901F021
:106A50009DFD38BD3EB5044602208DF80000CA20D9
:106A60008DF80100E3208DF8020009208DF8030065
:106A70006A460421682002F097F9A3208DF80000EF
:106A800004F0400048B1C0208DF80100C8208DF806
:106A90000200C2208DF8030006E0A3208DF801005B
:106AA0008DF802008DF8030004F4C07048B1C420D2
:106AB0008DF80400CC208DF80500C6208DF8060066
:106AC00006E0A3208DF804008DF805008DF806007F
:106AD000A3208DF807008DF808008DF809006A469C
:106AE0000A2140F6A72002F05FF904F0030018B174
:106AF00020208DF8000002E0D8208DF800006A46C2
:106B0000012140F6B62002F04FF904F0200018B140
:106B1000012000F0ADF802E0002000F0A9F804F434
:106B2000C07008B304F4807060B1B2208DF800002A
:106B30008B208DF80100B6208DF802009B208DF887
:106B400003000BE0B0208DF8000080208DF80100DC
:106B5000B4208DF8020090208DF803006A460421CD
:106B600040F6A22002F020F904F0010020B3F82042
:106B70008DF800006A4601214FF40B6002F014F911
:106B8000FA21072000F02CFC072000F0F3FB012085
:106B900000F013FC642000F0F3FC4FF4FA7000F0F6
:106BA00002FDC821304800F0A3FB282000F0BCFB08
:106BB0000A2000F0CCFB08E0D8208DF800006A46DF
:106BC00001214FF40B6002F0EFF804F0020018B15D
:106BD000D9208DF8000002E0D8208DF800006A4628
:106BE000012140F23D7002F0DFF804F0040018B11A
:106BF000012000F069F802E0002000F065F804F0E0
:106C0000100018B10120FFF707FF02E00020FFF796
:106C100003FF44F008001549488101F0B7FC00204B
:106C20001249887304F0400018B10846807B801D2B
:106C3000887304F4C07020B10C48807B801D0B4920
:106C4000887304F0140020B10848807B1030074995
:106C5000887304F0030020B10448807B001D0349C1
:106C6000887300203EBD000009E3CA0268060020C8
:106C70003EB504466CB10EA1D1E900208968CDE98A
:106C8000002002916A4609214FF4976002F08CF8C7
:106C90003EBD0AA2D2E900109268CDE9010200913E
:106CA0006A4609214FF4976002F07EF8F0E7000091
:106CB000B8AAB38DB4980D355D000000B8AAAAAA91
:106CC000B088C3C5C700000038B5044664B1C02011
:106CD0008DF80000C2208DF80100C4208DF802005C
:106CE000C6208DF8030004E08B2204216846F9F7E2
:106CF00080FA6A46042140F6982002F055F801F027
:106D000045FC38BD10B5C8234FF48062024940F6F7
:106D1000F63001F0CFFA10BD24BA00082DE9F04F8B
:106D20008DB00746884615469946DDE9166B002466
:106D3000002030806B49887B5A4605A901F086FB0C
:106D400018B1601E0DB0BDE8F08F6648807A00F083
:106D50001400002867D09DF8140000069DF8151057
:106D600040EA01409DF8161040EA01209DF81710F6
:106D7000084328609DF8180000069DF8191040EAA5
:106D800001409DF81A1040EA01209DF81B100843AD
:106D900068609DF81C0000069DF81D1040EA014047
:106DA0009DF81E1040EA01209DF81F100843A860BE
:106DB0009DF8200000069DF8211040EA01409DF852
:106DC000221040EA01209DF823100843E86004F1F6
:106DD0001000C4B228680014019068680014029082
:106DE000A86800140390E8680014049001984043D8
:106DF000029901FB0100039901FB0100049901FBC9
:106E0000010ABAF1706F02DBBAF1885F05DD01F0AB
:106E1000BDFB00203080401E94E7B6F9000040F42E
:106E20008070308000BF2F48807A00F0400020B38F
:106E300005A9601C085C095D40EA012000B2A8F8C1
:106E4000000005A9E01C095C05AAA01C105C41EA31
:106E5000002000B2A8F8020005A9601D095C201DF1
:106E6000105C41EA002000B2A8F80400A01DC4B2E2
:106E7000B6F9000040F0080030801A48408900F45C
:106E8000C07008B305A9601C085C095D40EA0120D8
:106E900000B2388005A9E01C095C05AAA01C105CA2
:106EA00041EA002000B2788005A9601D095C201D20
:106EB000105C41EA002000B2B880A01DC4B2B6F94F
:106EC000000040F0700030800648807A00F0030037
:106ED00018B105A90819FFF70BFD484602F005F89F
:106EE00000202FE76806002070B588B0064601A88C
:106EF00001F034F8BDF804000021C90341EA50450F
:106F0000C4034448007A00F0030056F820000590BE
:106F10004048007A00F0040010B105984042059006
:106F20003C48007AC0F3C10056F82000069039486A
:106F3000007A00F0200010B10698404206903548D3
:106F4000007AC0F3811056F820000790314800897C
:106F500000F4807010B10798404207900598C1175F
:106F6000A0FB042301FB043100FB0510810041EA72
:106F7000927005900698C117A0FB042301FB043111
:106F800000FB0510810041EA927006900798C11736
:106F9000A0FB042301FB043100FB0510810041EA42
:106FA000927007900598000E8DF808000598000C67
:106FB0008DF809000598000A8DF80A000598C0B2FE
:106FC0008DF80B000698000E8DF80C000698000C4A
:106FD0008DF80D000698000A8DF80E000698C0B2D4
:106FE0008DF80F000798000E8DF810000798000C20
:106FF0008DF811000798000A8DF812000798C0B2AA
:107000008DF8130002AA0C214FF4257001F0CCFE7C
:1070100008B070BD6806002030B585B0044616A2E1
:1070200007CA02AB07C3C82C03DD4FF0FF3005B021
:1070300030BDC82090FBF4F0401E85B2280A8DF8C0
:107040000000E8B28DF801006A46022140F21620E5
:1070500001F0AAFE10B14FF0FF30E8E702AA0C21C0
:1070600040F6C12001F0A0FE10B14FF0FF30DEE786
:10707000044884810020DAE7FEF2ABC4AAF1DFDF26
:10708000BBAFDFDF680600201FB504464848007A22
:1070900000F0030054F8200001904548007A00F009
:1070A000040010B10198404201904148007AC0F3B9
:1070B000C10054F8200002903D48007A00F0200002
:1070C00010B10298404202903948007AC0F3811012
:1070D00054F8200003903648008900F4807010B105
:1070E0000398404203903349019880FB0101800FCF
:1070F00040EA810001902F49029880FB0110820034
:1071000042EA917002902B49039880FB01108200A3
:1071100042EA917003900198000E8DF800000198EA
:10712000000C8DF801000198000A8DF8020001980A
:10713000C0B28DF803006A4604214FF4747001F068
:1071400033FE18B14FF0FF3004B010BD0298000EAE
:107150008DF800000298000C8DF801000298000ADA
:107160008DF802000298C0B28DF803006A4604212F
:107170004FF4757001F018FE10B14FF0FF30E3E7E7
:107180000398000E8DF800000398000C8DF80100A4
:107190000398000A8DF802000398C0B28DF803002E
:1071A0006A4604214FF4767001F0FEFDCCE7000042
:1071B0006806002009E3CA0210B586B0044647A05D
:1071C0000068039046A00068029046A00068019005
:1071D00045A00068009004F0030003A9085C8DF846
:1071E000140003A8C4F3C101405C8DF8150003A886
:1071F000C4F38111405C8DF8160004F0030002A96D
:10720000085C8DF8100002A8C4F3C101405C8DF841
:10721000110002A8C4F38111405C8DF8120005AA88
:10722000032140F2264001F0BFFD18B14FF0FF30BE
:1072300006B010BD04AA032140F22A4001F0B4FDBB
:1072400010B14FF0FF30F3E70198059000980490DB
:1072500004F0040058B19DF8140040F001008DF8CE
:1072600014009DF8100040F001008DF8100004F0AB
:10727000200058B19DF8150040F001008DF8150070
:107280009DF8110040F001008DF8110004F48070A9
:1072900058B19DF8160040F001008DF816009DF8D9
:1072A000120040F001008DF8120005AA03214FF4EE
:1072B000886001F079FD10B14FF0FF30B8E704AA03
:1072C000032140F2314001F06FFD10B14FF0FF306B
:1072D000AEE7064804810020AAE700004CCD6C0010
:1072E0000CC92C003656760026466600680600203B
:1072F000F8B505460E464FF47A7095FBF0F000FBAA
:1073000006F4200E8DF80000200C8DF80100200AF4
:107310008DF80200E0B28DF803006A4604214FF4B4
:10732000AE7001F041FDF8BD38B50446052094FB70
:10733000F0F084B220128DF80000E0B28DF8010068
:107340006A4602214FF4AD7001F02EFD38BD38B50C
:107350000446052094FBF0F084B220128DF8000062
:10736000E0B28DF801006A4602214FF4AC7001F0E2
:107370001BFD38BD38B504460020009004F0010024
:1073800020B19DF8000040F03000009004F00200B1
:1073900020B19DF8000040F00C00009004F00400C3
:1073A00020B19DF8000040F0030000906A460121E2
:1073B0004FF4A47001F0F8FC38BD38B50446012C38
:1073C00001DA012402E0042C00DD0424601EC0B2B6
:1073D00000906A46012140F24F1001F0E5FC38BDF3
:1073E0002DE9FC4706460F4606F0070010B1B7F539
:1073F000C86F03DD4FF0FF30BDE8FC873846F9F772
:1074000083F981465949F8F7B0FF8046684600F095
:107410007FFD9DF80000022806D0042816D0082819
:1074200026D0102848D135E04FF08D414046F8F77E
:107430006AFF8146F9F7A4F984B24D494046F8F74E
:1074400062FF8146F9F79CF985B238E04FF08C4134
:107450004046F8F758FF8146F9F792F984B245495A
:107460004046F8F750FF8146F9F78AF985B226E0E1
:107470004FF08B414046F8F746FF8146F9F780F917
:1074800084B23D494046F8F73EFF8146F9F778F966
:1074900085B214E04FF08A414046F8F734FF814648
:1074A000F9F76EF984B235494046F8F72CFF81466A
:1074B000F9F766F985B202E04FF0FF309CE700BFB4
:1074C00020128DF80400E0B28DF8050028128DF826
:1074D0000600E8B28DF8070006F00100A0B101AA8D
:1074E00002214FF4EA7001F05FFC10B14FF0FF3061
:1074F00082E70DF1060202214FF4927001F054FC74
:1075000010B14FF0FF3077E706F00200A0B101AAFA
:1075100002214FF4EC7001F047FC10B14FF0FF3046
:107520006AE70DF1060202214FF4947001F03CFC71
:1075300010B14FF0FF305FE706F00400A0B101AAE0
:1075400002214FF4EE7001F02FFC10B14FF0FF302C
:1075500052E70DF1060202214FF4967001F024FC6F
:1075600010B14FF0FF3047E7002045E700004843E7
:10757000000040460000C045000040450000C044F7
:1075800038B50446052094FBF0F085B228128DF83A
:107590000000E8B28DF801006A4602214FF4EF7056
:1075A00001F002FC38BD38B50446052094FBF0F02C
:1075B00085B228128DF80000E8B28DF801006A4605
:1075C00002214FF4ED7001F0EFFB38BD00BF054A1A
:1075D000128802F04002002AF9D0C2B2014B1B1DF2
:1075E0001A807047003801407CB505462849496833
:1075F000087801AB04220D2100F00EFB08B1072032
:107600007CBD9DF80700C0F301109DF8041001F047
:10761000E00140EAE1008DF800009DF80700C0F3AA
:1076200081009DF8051001F0E00140EAE1008DF8CD
:1076300001009DF8070000F003009DF8061001F01E
:10764000E00140EAE1008DF8020000241CE01DF892
:10765000040018B9002045F8240013E00D4845F84F
:10766000240006E055F824000B49F8F74CFE45F8D5
:1076700024001DF80400401EC0B20DF804000028CC
:10768000F0D100BF601CC4B2032CE0DB0020B7E7E0
:10769000800100207B14AE3E1D5A843F2DE9F04F3F
:1076A00087B005460C46914601208DF81000002059
:1076B0008DF81100FE4A1268917CFD4A52681078DC
:1076C00004AB022200F0E3FA20B14FF0FF3007B024
:1076D000BDE8F08FC820FFF763F900208DF8100097
:1076E000F34A1268D17BF24A5268107804AB012247
:1076F00000F0CDFA10B14FF0FF30E8E7EC4A126825
:107700005179EB4A5268107804AB012200F0BFFABD
:1077100010B14FF0FF30DAE7E54A1268917CE44A95
:107720005268107804AB012200F0B1FA10B14FF0AA
:10773000FF30CCE7DE4A1268D17DDD4A526810780E
:1077400004AB012200F0A3FA10B14FF0FF30BEE706
:10775000D74A12681179D64A5268107804AB0122D0
:1077600000F095FA10B14FF0FF30B0E70C208DF823
:107770001000CF4A12681179CD4A5268107804ABD4
:10778000012200F084FA10B14FF0FF309FE70F2084
:10779000FFF706F9C648806A407A8DF81000C44A9F
:1077A00012689178C24A5268107804AB012200F046
:1077B0006EFA10B14FF0FF3089E7BD48806A007A59
:1077C0008DF81000BA4A12685178B94A5268107898
:1077D00004AB012200F05BFA10B14FF0FF3076E706
:1077E000B9F1000F07D0B248806A807A40F0E0001B
:1077F0008DF8100004E0AE48806A807A8DF81000A1
:10780000AB4A12689179AA4A5268107804AB0122F7
:1078100000F03DFA10B14FF0FF3058E7B9F1000F1A
:1078200007D0A348806AC07A40F0E0008DF81000CD
:1078300003E0A048C07A8DF810009D4A1268D17903
:107840009B4A5268107804AB012200F020FA10B174
:107850004FF0FF303BE7B9F1000F02D0C820FFF72F
:107860009FF840208DF81000914A12681179904AD3
:107870005268107804AB012200F009FA10B14FF001
:10788000FF3024E778208DF81000894A126851797A
:10789000874A5268107804AB012200F0F8F910B161
:1078A0004FF0FF3013E783498889FFF779F800200C
:1078B0008DF810007E4A126851797D4A526810781E
:1078C00004AB012200F0E3F910B14FF0FF30FEE607
:1078D000774A1268917A764A5268107804AB02228D
:1078E00000F09AF910B14FF0FF30F0E69DF811006A
:1078F0009DF8101040EA012B0C209BFBF0F0C6B263
:107900000020A86068602860A060606020608246F7
:1079100065E0674A1268D17A654A5268107804AB0C
:107920000C2200F079F910B14FF0FF30CFE69DF84E
:1079300011009DF8101040EA012000B2ADF80800D7
:107940009DF813009DF8121040EA012000B2ADF836
:107950000A009DF815009DF8141040EA012000B2BD
:10796000ADF80C00BDF90810206808442060BDF98E
:107970000A10606808446060BDF90C10A0680844F3
:10798000A0609DF817009DF8161040EA012000B293
:10799000ADF800009DF819009DF8181040EA01208C
:1079A00000B2ADF802009DF81B009DF81A1040EAE5
:1079B000012000B2ADF80400BDF9001028680844A9
:1079C0002860BDF90210686808446860BDF90410B9
:1079D000A8680844A8600AF1010000F0FF0AB24557
:1079E00097DB3448D0F800C02868C117090441EA81
:1079F00010410704624600233846F8F7B7FB3246C9
:107A00000023CDE90201F8F7B1FB28602948D0F83E
:107A100000C06868C117090441EA104107046246C2
:107A200000233846F8F7A2FB32460023CDE90201D5
:107A3000F8F79CFB68601F48D0F800C0A868C11721
:107A4000090441EA10410704624600233846F8F76A
:107A50008DFB32460023CDE90201F8F787FBA860D1
:107A60001448D0F804C02068C117090441EA104145
:107A70000704624600233846F8F778FB32460023B5
:107A8000CDE90201F8F772FB20600A48D0F804C083
:107A90006068C117090441EA1041070462460023E7
:107AA0003846F8F763FB32460023CDE9020103E0D4
:107AB00080010020FCB90008F8F758FB606011480D
:107AC000D0F804C0A068C117090441EA10410704B6
:107AD000624600233846F8F749FB32460023CDE9D9
:107AE0000201F8F743FBA060A068002804DDA0684D
:107AF000A0F58030A06003E0A06800F58030A060B1
:107B00000020E4E5FCB900082DE9FC5F06460F46BD
:107B100000253D494968087801AB03220D2100F09A
:107B20007BF810B10720BDE8FC9F9DF8040000F031
:107B30001F008DF804009DF8050000F01F008DF86F
:107B400005009DF8060000F01F008DF806000024D7
:107B500056E056F8240057F82410A0EB010BBBF1B7
:107B6000000F01DB594601E0CBF100010846F8F7B0
:107B7000C2FD4FF08F410090F8F7F7FB814601A856
:107B8000005D68B321490868F8F7BEFD8346594691
:107B90001F48F8F7EAFB804604E01E494046F8F724
:107BA000B2FB804601A8005D401EC0B201A9085585
:107BB0000028F2D141464846F8F7D7FB83464FF0FC
:107BC0007E51F8F79AFB82462AF0004B0F488169F4
:107BD0005846F8F73BFE12D20120A04005430EE0C4
:107BE0000A4801694846F8F727FE05D30748416966
:107BF0004846F8F72BFE02D20120A0400543641C42
:107C0000032CA6DB28468EE780010020FCB9000883
:107C100000B04C4554E3853F2DE9F04106460F4640
:107C200014461D46FAF7FCFC10B90120BDE8F081AE
:107C30007106080EFAF7C2FCFAF74AFD18B9FAF70E
:107C400023FD0120F2E73846FAF7B8FCFAF740FDC9
:107C5000FAF7E6FC012101EB4601C8B2FAF7AEFCE7
:107C6000FAF736FD0DE0012C04D10020FAF76EFC86
:107C7000287003E00120FAF769FC28706D1C601E73
:107C8000C4B2002CEFD1FAF7FFFC0020CEE72DE9BB
:107C9000F04105460E4617469846FAF7C1FC10B962
:107CA0000120BDE8F0816906080EFAF787FCFAF7B3
:107CB0000FFD18B9FAF7E8FC0120F2E73046FAF7B1
:107CC0007DFCFAF705FD00240BE018F80400FAF734
:107CD00075FCFAF7FDFC18B9FAF7D6FC0020E0E7CE
:107CE000641CBC42F1DBFAF7CFFC0020D9E70000AE
:107CF00008B501210420FBF7D7FE4FF40060ADF872
:107D0000000010208DF8030002208DF80200694663
:107D10000348FAF731F800200249086008BD000066
:107D200000080140AC01214208B501210820FBF701
:107D3000BBFE0820ADF8000010208DF803000220E3
:107D40008DF8020069460348FAF716F80020024948
:107D5000086008BD000C01408C81214270B50546C9
:107D6000284600F00FF80446E81C00F00BF844EA3F
:107D7000C00084B2A81D00F005F844EA801084B267
:107D8000204670BD014691F90020002A01DD002047
:107D90001EE091F90020002A01DA042018E091F990
:107DA0000120002A01DD012012E091F90120002AC2
:107DB00001DA05200CE091F90220002A01DD022001
:107DC00006E091F90220002A01DA062000E00720EF
:107DD0007047000001201F490860FEF7BFFCFBF759
:107DE00073F801231A4619461BA0FBF732F900BFAE
:107DF0000120FBF735F80028FAD000201B49087055
:107E000001231A4619461AA0FBF723F920E01C4863
:107E1000007818B1FBF706FDFBF72AFB194800783C
:107E2000012804D1002017490870FCF799F9164879
:107E30000068F8F7B9FC044622460B4613A1174820
:107E4000FDF7B8FB0123002203211448FBF701F9D9
:107E5000DDE700002400002070757420646F776EE9
:107E6000206B6579207374617274210030000020EA
:107E7000737461727420636F6E74726F6C21000092
:107E800030010020CF00002004000020616E676CEC
:107E900065203D20252E326620200000840200202F
:107EA00070B50446002624F00104184890F8240018
:107EB00008B1002070BD1548807A10B94FF0FF302E
:107EC000F8E71248057C807A20401049087408467B
:107ED000007CA04202D04FF0FF3600E0002614B92B
:107EE0000A48007D18B1012001F072F802E000207C
:107EF00001F06EF83CB100F049FB20B10348057475
:107F00004FF0FF30D6E73046D4E700008001002074
:107F100001461148407A30B1012807D0022808D024
:107F200003280CD108E0022008700BE00420087040
:107F300008E00820087005E01020087002E04FF00B
:107F4000FF30704700BF0448C07C18B10878400675
:107F5000000E08700020F4E780010020014613485D
:107F6000407A30B1012808D002280AD0032810D165
:107F70000BE04FF4804008800EE041F69C700880D2
:107F80000AE04FF48050088006E04FF4006008805B
:107F900002E04FF0FF30704700BF0448C07C10B1D2
:107FA0000888401008800020F5E7000080010020CC
:107FB00001460248007C08700020704780010020C4
:107FC00001460F48007A30B1012807D0022809D0B5
:107FD00003280FD10AE0FA2008800EE04FF4FA706F
:107FE00008800AE04FF47A70088006E04FF4FA60E7
:107FF000088002E00020088000BF00BF002070471A
:108000008001002001460E48007A30B1012807D0D7
:10801000022808D003280CD108E00A4808600BE0C9
:108020000948086008E00948086005E00848086059
:1080300002E04FF0FF30704700BF0020FBE7000078
:1080400080010020000003430000834233330342D9
:108050003333834101461248C07A082817D2DFE83B
:1080600000F01704070A0D101318BC20088013E055
:108070006220088010E02A2008800DE0142008808B
:108080000AE00A20088007E00520088004E000BF1D
:1080900000BF0020088000BF00BF00207047000024
:1080A000800100200146064890F8240010B14FF0EE
:1080B000FF3070470248C08908800020F9E70000BF
:1080C000800100201CB580208DF80000654A1268F0
:1080D000917C644A526810786B460122FFF7D7FD05
:1080E00010B14FF0FF301CBD6420FEF759FC00209A
:1080F0008DF800005B4A1268917C5A4A52681078E9
:108100006B460122FFF7C3FD10B14FF0FF30EAE7E5
:10811000544A1268917D534A526810786B46062281
:10812000FFF77AFD10B14FF0FF30DCE79DF8050056
:10813000C007400F9DF8031001F0010140EA410023
:108140009DF8011001F0010140EA010494B1012CF5
:1081500003D101214348C17431E0022C03D1002135
:108160004048C1742BE021463FA0FDF713FA4FF0C1
:10817000FF30B8E73B4A1268D1783A4A5268107823
:108180006B460122FFF748FD10B14FF0FF30AAE720
:108190009DF8000000F00F042CB93D48FDF7FAF9F6
:1081A0004FF0FF309FE7042C06D13AA0FDF7F2F91B
:1081B00001212C48C17402E000212A48C174FF212A
:1081C00028488172FF2027490872FF212548417203
:1081D000C1724FF6FF71C181FF21017481740121C9
:1081E000017380F82210002180F823104175017579
:1081F0001630016041608160163880F8241080F8E4
:108200002510C1844FF4FA6000F05CFC10B14FF00F
:10821000FF3068E7022000F025FB10B14FF0FF307F
:1082200061E72A2000F0C8FC10B14FF0FF305AE798
:10823000322000F003FD10B14FF0FF3053E7002073
:10824000FFF72EFE10B14FF0FF304CE7002000F09A
:108250004BFB10B14FF0FF3045E7002000F03CFD34
:10826000002040E780010020556E737570706F72BA
:1082700074656420736F6674776172652070726FC5
:1082800064756374207265762025642E0A000000F0
:1082900008C8000848616C662073656E736974696C
:1082A00076697479207061727420666F756E642EC1
:1082B0000D0A00002DE9F04385B005460E469046B4
:1082C0009946294890F8250020B14FF0FF3005B0BD
:1082D000BDE8F08316B94FF0FF30F8E7002423E043
:1082E000281B102801DD102000E0281B87B232195E
:1082F0003946204600F058FD10B14FF0FF30E6E758
:1083000001AA3946204600F001F910B14FF0FF30C4
:10831000DDE730193A4601A9F7F790FF10B16FF089
:108320000100D4E7E01984B2AC42D9DB4FEA28203F
:108330008DF8000008F0FF008DF801000A4A12686D
:10834000917E094A526810786B460222FFF79FFC23
:1083500010B14FF0FF30BAE70121034880F8251033
:10836000A0F826900020B2E78001002038B504462E
:10837000282C02DD4FF0FF3038BDDCB9002000F0C2
:10838000E5FB00208DF8000007208DF801002E4A43
:108390001268917C2C4A526810786B460222FFF7D3
:1083A00076FC10B14FF0FF30E6E70021264801755A
:1083B0000020E1E7012000F0C9FB20208DF800003B
:1083C000012C06D100208DF80100052000F0F4FBFF
:1083D00017E0052C06DC01208DF80100052000F0D7
:1083E000EBFB0EE0142C06DC02208DF801000A20C5
:1083F00000F0E2FB05E003208DF80100142000F0FE
:10840000DBFB9DF80100072101EB8010C0B28DF865
:1084100001000D4A1268917C0B4A526810786B4635
:108420000222FFF734FC10B14FF0FF30A4E708211F
:108430000548817200210173012101750020FFF7B9
:108440002FFD002098E7000080010020F8B50446C9
:108450000F4616462C4890F8240010B94FF0FF3014
:10846000F8BD2948807A10B94FF0FF30F8E7264A66
:108470001268917A244A526810786B460222FFF7FC
:10848000CBFB10B14FF0FF30EAE79DF801009DF8FB
:10849000001040EA0125A54203DA00203070401E9A
:1084A000DEE7194840684088B5EB600F17DD164AD3
:1084B0001268517C144A526810786B460122FFF70B
:1084C000ABFB10B14FF0FF30CAE79DF8000000F0A1
:1084D000100020B100F05AF86FF00100C0E7E2B2DE
:1084E000094B1B68D97A084B5B6818783B46FFF745
:1084F00093FB10B14FF0FF30B2E795FBF4F0401E54
:1085000030700020ACE7000080010020F8B5044680
:108510000D46164616B94FF0FF30F8BD1A48807A5E
:1085200010B94FF0FF30F8E720128DF80000E0B2EC
:108530008DF801009DF801002844134949684989D4
:10854000884202DD4FF0FF30E7E70F4A1268117EE4
:108550000D4A526810786B460222FFF798FB10B163
:108560004FF0FF30D9E7EAB2074B1B68597D064B45
:108570005B6818783346FFF74FFB10B14FF0FF30C0
:10858000CBE70020C9E700008001002008B56D4856
:10859000807A10B94FF0FF3008BD00200090694A82
:1085A0001268D17B674A526810786B460122FFF748
:1085B0006EFB10B14FF0FF30EEE7624A126851795E
:1085C000604A526810786B460122FFF760FB10B1D9
:1085D0004FF0FF30E0E75B4A12681179594A526860
:1085E00010786B460122FFF752FB10B14FF0FF30BD
:1085F000D2E7544890F82400002850D00C20009076
:10860000504A126811794F4A526810786B4601221D
:10861000FFF73DFB10B14FF0FF30BDE7C0200090E9
:108620004848807A00F0010020B19DF8000040F039
:1086300020000090434A12681179424A526810782B
:108640006B460122FFF723FB10B14FF0FF30A3E789
:108650003C48407C10B10220009001E000200090D6
:10866000384A1268D17B374A526810786B4601222B
:10867000FFF70DFB10B14FF0FF308DE700200090A9
:10868000304A126851792F4A526810786B4601229D
:10869000FFF7FDFA002852D04FF0FF307CE70420AE
:1086A0000090284A12681179264A526810786B4661
:1086B0000122FFF7ECFA10B14FF0FF306CE72148D0
:1086C000807C20B91F48807A00F0010010B940205A
:1086D000009001E0602000901A4A12681179194A4E
:1086E000526810786B460122FFF7D1FA10B14FF0B3
:1086F000FF3051E71348407C10B10120009001E0A9
:10870000002000900F4A1268D17B0E4A5268107800
:108710006B460122FFF7BBFA10B14FF0FF303BE789
:10872000084A12685179074A52681078054B10338D
:108730000122FFF7ACFA10B14FF0FF302CE7002018
:108740002AE70000800100202DE9F04F8DB083461C
:108750000F4602200C90424890F8240020B10020DF
:1087600000F068F9012600E0002603A8FFF728FCC6
:1087700005A8FFF7CDFB01A8FFF76CFC02A8FFF7E7
:1087800091FC374890F80AA004A8FFF711FC0024D8
:1087900007E0002239465846FEF780FF00B902E0A4
:1087A000641C022CF5DB00BF022C01D1002528E05F
:1087B000002407E0012206A909A8FEF76FFF00B90F
:1087C00002E0641C022CF5DB00BF022C01D1002565
:1087D00017E006A93846FDF7EBFB00F0FF0809A9F2
:1087E0005846FFF791F900F0FF090025B9F1000F95
:1087F00001D145F00105B8F1000F01D145F00205A6
:1088000000BFFF2016490872FF2115484172C1724E
:108810004FF6FF71C181FF21817201740121017343
:10882000BDF80C0000F04EF99DF8140000F01AF8A5
:10883000BDF8040000F0C0F9BDF8080000F0FEF932
:10884000504600F049FA9DF81000FFF729FB16B1D9
:10885000012000F0EFF828460DB0BDE8F08F0000D1
:108860008001002038B504461E48807A10B94FF0C8
:10887000FF3038BD022C06D0042C07D0082C08D0BD
:10888000102C0CD108E0002000900BE00820009094
:1088900008E01020009005E01820009002E04FF062
:1088A000FF30E6E700BF0F48407A9DF80010B0EBBC
:1088B000E10F01D10020DCE70A4A1268D179094AA8
:1088C000526810786B460122FFF7E1F910B14FF0C2
:1088D000FF30CEE79DF80000C11002484172002031
:1088E000C7E700008001002038B504465048807C6E
:1088F000A04201D1002038BD002C46D04C4A12685D
:1089000011794B4A526810786B460122FFF784F9BF
:1089100010B14FF0FF30EEE79DF8000020F020008E
:108920000090434A12681179414A526810786B46A8
:108930000122FFF7ACF910B14FF0FF30DBE7032065
:10894000FEF72EF802200090394890F8220020B15E
:108950009DF8000040F080000090354890F823001A
:1089600020B19DF8000040F030000090304A1268BD
:10897000117D2F4A526810786B460122FFF787F964
:10898000002851D04FF0FF30B5E7294A126811791D
:10899000274A526810786B460122FFF73DF910B163
:1089A0004FF0FF30A7E72248807A00F0010028B19D
:1089B0009DF8000040F02000009004E09DF80000C9
:1089C00020F0200000901A4A12681179184A526863
:1089D00010786B460122FFF75AF910B14FF0FF30C3
:1089E00089E70320FDF7DCFF114890F8220010B161
:1089F0008020009001E0002000900D4890F82300B6
:108A000020B19DF8000040F030000090084A126844
:108A1000117D074A526810786B460122FFF737F93B
:108A200010B14FF0FF3066E701488474002062E720
:108A30008001002038B50446214890F82400A04267
:108A400001D1002038BD24B31D4890F8250010B98D
:108A50004FF0FF30F6E7002000F0BAFA0020FFF7F1
:108A600043FF1749C88C00F0E9F800200090144932
:108A7000496808786B4601222321FFF708F9012194
:108A80000F4880F82410012000F0A2FAFFF77EFDC5
:108A900013E0002000F09CFA0948007C009008498F
:108AA000496808786B4601222321FFF7F0F800217E
:108AB000034880F82410FFF769FD0020C2E700009A
:108AC0008001002038B504461F48807A10B94FF065
:108AD000FF3038BDFA2C09D0B4F5FA7F09D0B4F5CF
:108AE0007A7F09D0B4F5FA6F0CD108E0002000902D
:108AF0000BE00820009008E01020009005E018200E
:108B0000009002E04FF0FF30E3E700BF0E48007A2C
:108B10009DF80010B0EBE10F01D10020D9E70A4A1F
:108B200012689179084A526810786B460122FFF763
:108B3000AEF810B14FF0FF30CBE79DF80000C01049
:108B4000014908720020C4E78001002038B50446BE
:108B5000184890F82300A04201D1002038BD14B17C
:108B60003020009001E0002000901248807C20B16D
:108B70009DF8000040F0020000900E4890F822009E
:108B800020B19DF8000040F080000090094A126872
:108B9000117D084A526810786B460122FFF777F87A
:108BA00010B14FF0FF30D9E7024880F82340002091
:108BB000D4E700008001002038B504461E48807AC2
:108BC00010B94FF0FF3038BDBC2C02DB0120009003
:108BD00015E0622C02DB0220009010E02A2C02DB60
:108BE000032000900BE0142C02DB0420009006E030
:108BF0000A2C02DB0520009001E0062000900E48C0
:108C0000C07A9DF80010884201D10020DBE70A4AB3
:108C100012689178084A526810786B460122FFF773
:108C200036F810B14FF0FF30CDE79DF80010024844
:108C3000C1720020C7E700008001002038B504465B
:108C40002448807A10B94FF0FF3038BD214890F8A1
:108C5000240010B14FF0FF30F7E71E48007D50B1FF
:108C600034B1282C04DCE0B2FFF780FB0020ECE7F5
:108C70000020FFF77BFB042C01DA042404E0B4F5A8
:108C80007A7F01DD4FF47A744FF47A7090FBF4F040
:108C9000401EC0B200900F4A126851780D4A5268C7
:108CA00010786B460122FEF7F2FF10B14FF0FF3053
:108CB000CBE79DF80000401C4FF47A7191FBF0F077
:108CC00081B20448C1810146C9894810FFF774FF89
:108CD0000020BAE78001002038B5044604F0700097
:108CE00010B10120009005E014B10020009001E0D7
:108CF000402000902B4A1268917C2A4A52681078D2
:108D00006B460122FEF7C3FF20B100212548817286
:108D1000481E38BD9DF8000020F040012148017335
:108D20000020009004F0400020B99DF8000040F0C1
:108D30000400009004F0200020B99DF8000040F0ED
:108D40000200009004F0100020B99DF8000040F0EF
:108D50000100009004F0080020B99DF8000040F0E8
:108D6000380000900F4A1268D17C0E4A5268107881
:108D70006B460122FEF78BFF20B10021094881726A
:108D8000481EC6E724B1082C02D00020FFF7DEFE03
:108D900004488472002101753220FDF701FE002095
:108DA000B7E7000080010020F8B504460D461646DE
:108DB00016B94FF0FF30F8BD1A48807A10B94FF05D
:108DC000FF30F8E720128DF80000E0B28DF80100C6
:108DD0009DF801002844134949684989884202DD09
:108DE0004FF0FF30E7E70F4A1268117E0D4A5268D4
:108DF00010786B460222FEF74AFF10B14FF0FF30A9
:108E0000D9E7EAB2074B1B68597D064B5B681878B7
:108E10003346FEF73CFF10B14FF0FF30CBE70020A8
:108E2000C9E70000800100202DE9FF4F83B0834691
:108E30000E461F46DDF8489002960197BA460598FF
:108E4000864238D1002433E000252EE000210AFBC1
:108E500004F009EB800040F82510884622E0019AD2
:108E600002FB08F2119B03EB820252F82510029AD2
:108E70006243109B03EB820252F82800F7F743FA93
:108E800000900AFB04F009EB800050F825100098D0
:108E9000F7F7E1F90AFB04F109EB810141F825003C
:108EA00008F10108B045DADB6D1CBD42CEDB641C65
:108EB0005C45C9DB02E003A0FCF76CFB07B0BDE832
:108EC000F08F0000B4EDCEF3A3BABED8D5F3B5C48D
:108ED000B3DFB4E7B2BBB6D4A3A1000001460029BA
:108EE00001DA484200E008467047704770B50F4805
:108EF0000068F7F759FC04464FF033320C4BF7F794
:108F000067FC06D201200B49087000200A4908704E
:108F10000BE00948007840B900200649087001209C
:108F20000549087000200549086070BDE000002078
:108F300033332340CE000020D0000020AC0121427A
:108F400070B588B002A905A8FFF7FEFB0446072C00
:108F50003CD101A8FFF756F80598F7F7CCFB064679
:108F60000199F7F7D0F90546F7F7F1FB0590069858
:108F7000F7F7C1FB06460199F7F7C5F90546F7F77C
:108F8000E6FB06900798F7F7B6FB06460199F7F758
:108F9000BAF90546F7F7DBFB079005A8FEF774F86A
:108FA0006846FEF7DBFFBDF80010029848430290C8
:108FB000BDF80010039848430390BDF800100498D2
:108FC0004843049002A8FDF78FFF00BF08B070BDB2
:108FD00038B50446214890F82400C0B114B10220ED
:108FE000009001E0002000901C4A1268D17B1B4ACF
:108FF000526810786B460122FEF749FE10B14FF01F
:10900000FF3038BD9DF800101448417423E0134828
:10901000807A10B94FF0FF30F3E724B10F48407C5D
:1090200008B10020EDE714B10120009001E000201C
:1090300000900A4A1268D17B084A526810786B4641
:109040000122FEF724FE10B14FF0FF30D9E79DF862
:109050000010024841740020D3E700008001002086
:109060002DE9F04106460F46F7F784FF041E0D4632
:1090700018BF0120284320F00040C0F17F6000F1BC
:10908000E040C00F0ED0301C18BF0120384320F044
:109090000040C0F17F6000F1E040C00F04BF01203C
:1090A000FCF72EFB20462946BDE8F08137B5044683
:1090B0000D4602AB012229462046FAF791F93EBD42
:1090C0002DE9F04106460F4614461D46EAB22346F6
:1090D00039463046FAF784F9BDE8F08110B586B01C
:1090E0000446012144F20400FAF7DEFC4FF400705C
:1090F000ADF8140003208DF8160018208DF8170025
:1091000005A91C48F8F738FE4FF48060ADF814004C
:1091100004208DF8170005A91648F8F72DFE0194D4
:109120000020ADF80800ADF80A00ADF80C00ADF86D
:1091300010000C20ADF80E0001A90F48FCF7F0F864
:10914000002240F225510C48FCF7C4F801210A48DE
:10915000FCF77DF825208DF8000000208DF8010037
:1091600001208DF802008DF803006846F9F734FFFE
:1091700006B010BD000801400038014008B50121CB
:109180000420FAF791FC0220ADF8000028208DF8A9
:10919000030003208DF8020069460848F8F7ECFD4B
:1091A0000120ADF8000010208DF8030003208DF899
:1091B000020069460148F8F7DFFD08BD00080140DC
:1091C000000000000000000000000000000000009F
:1091D000000000000010001000100010001000102F
:1091E00000000010000000000028002800280000F7
:1091F0000000000000000000000000000024002427
:10920000007C00240048007C00480048000000006A
:109210000038005400500038001400540054003846
:1092200000100000002000540058003000280054B6
:1092300000140008000000000010002800280010A2
:109240000034004800480034000000000010001006
:1092500000100000000000000000000000000000FE
:109260000008001000200020002000200020002026
:109270000010000800200010000800080008000886
:10928000000800080010002000100038001000281E
:1092900000000000000000000000000000000000CE
:1092A00000100010007C0010001000000000000002
:1092B000000000000000000000000000000000109E
:1092C0000010001000000000000000000000003846
:1092D000000000000000000000000000000000008E
:1092E000000000000000001000000000000800085E
:1092F00000100010001000100020002000000000EE
:109300000038004400440054004400440044003845
:10931000000000000010003000500010001000108D
:109320000010001000000000003800440044000459
:10933000000800100020007C0000000000380044FD
:10934000000400180004000400440038000000007D
:1093500000080018002800280048007C00080008C9
:1093600000000000007C0040004000780004000481
:10937000004400380000000000380044004000783D
:10938000004400440044003800000000007C000459
:109390000008001000100020002000200000000045
:1093A00000380044004400380044004400440038C1
:1093B000000000000038004400440044003C000469
:1093C0000044003800000000000000000010000011
:1093D000000000000000001000000000000000007D
:1093E000000000100000000000000010001000103D
:1093F00000000000000C003000400030000C0000B5
:1094000000000000000000000000007C0000007C64
:1094100000000000000000000000000000600018D4
:109420000004001800600000000000000038004444
:1094300000040008001000100000001000000000F0
:1094400000380044004C0054005C004000400038EC
:109450000000000000100028002800280028007CE0
:1094600000440044000000000078004400440078FC
:10947000004400440044007800000000003800442C
:109480000040004000400040004400380000000060
:10949000007000480044004400440044004800704C
:1094A00000000000007C00400040007C00400040C4
:1094B0000040007C00000000007C0040004000787C
:1094C0000040004000400040000000000038004420
:1094D00000400040005C00440044003800000000F0
:1094E000004400440044007C004400440044004424
:1094F00000000000003800100010001000100010E4
:109500000010003800000000000400040004000403
:10951000000400040044003800000000004400483B
:109520000050006000500048004800440000000067
:109530000040004000400040004000400040007CEF
:10954000000000000044006C006C00540044004423
:109550000044004400000000004400640064005423
:109560000054004C004C004400000000003800444F
:10957000004400440044004400440038000000005F
:10958000007800440044004400780040004000405F
:10959000000000000038004400440044004400443F
:1095A00000540038000400000078004400440044E7
:1095B00000780048004800440000000000380044E3
:1095C00000400030000800040044003800000000A3
:1095D000007C00100010001000100010001000109F
:1095E00000000000004400440044004400440044E3
:1095F00000440038000000000044004400440028FB
:109600000028002800100010000000000044004462
:10961000005400540054006C002800280000000092
:1096200000440028002800100010002800280044F2
:109630000000000000440044002800280010001032
:109640000010001000000000007C00040008001062
:10965000001000200040007C0000000000180010F6
:109660000010001000100010001000100010001872
:10967000002000200010001000100010000800085A
:10968000000000000030001000100010001000105A
:1096900000100010001000300010002800280044C6
:1096A00000000000000000000000000000000000BA
:1096B00000000000000000000000000000FE0000AC
:1096C000002000100000000000000000000000006A
:1096D000000000000000000000380044003C00448E
:1096E000004C0034000000000040004000580064BE
:1096F0000044004400640058000000000000000026
:1097000000380044004000400044003800000000E1
:10971000000400040034004C00440044004C0034B9
:10972000000000000000000000380044007C004001
:109730000044003800000000000C0010007C001005
:1097400000100010001000100000000000000000D9
:109750000034004C00440044004C00340004007805
:1097600000400040005800640044004400440044AD
:109770000000000000100000007000100010001039
:109780000010001000000000001000000070001029
:109790000010001000100010001000E00040004019
:1097A00000480050006000500048004400000000E5
:1097B00000700010001000100010001000100010C9
:1097C0000000000000000000007800540054005425
:1097D0000054005400000000000000000058006425
:1097E0000044004400440044000000000000000069
:1097F00000380044004400440044003800000000E9
:109800000000000000580064004400440064005858
:1098100000400040000000000034004C00440044C0
:10982000004C0034000400040000000000580064F4
:109830000040004000400040000000000000000028
:1098400000380044003000080044003800000000E8
:1098500000200020007800200020002000200018B8
:1098600000000000000000000044004400440044E8
:10987000004C0034000000000000000000440044E0
:109880000028002800280010000000000000000050
:10989000005400540054006C002800280000000010
:1098A00000000000004400280010001000280044C0
:1098B00000000000000000000044004400280028D0
:1098C000001000100010006000000000007C000884
:1098D000001000200040007C000000000018001074
:1098E00000100010002000200010001000100018D0
:1098F00000100010001000100010001000100010E8
:1099000000100010003000100010001000080008C7
:109910000010001000100030000000000000007473
:10992000004C0000000000000000000000000000EB
:109930000000000000000000000000000000000027
:109940000000000000000000000000000000000017
:109950000000000C000C000C000C000C000C000CB3
:10996000000C000C000C000C0000000C000C0000AF
:10997000000000000000001B001B001B001B001B60
:1099800000000000000000000000000000000000D7
:1099900000000000000000000000801980198019FC
:1099A0008019C07FC07F80190033C07FC07F003323
:1099B0000033003300330000000000000000001EF0
:1099C000003F807580650074003C001E0007800524
:1099D000806580658075003F001E00040004000063
:1099E0000000007000D840D8C0D880D900730006AD
:1099F000000C801BC036C066C046C0068003000055
:109A0000000000000000001E003F00330033003360
:109A1000001E000CC03CC066806380618063C03E55
:109A2000801C0000000000000000000C000C000C76
:109A3000000C000C0000000000000000000000000E
:109A40000000000000000000000000008000000195
:109A50000003000600060004000C000C000C000CC3
:109A6000000C000C0004000600060003000180004A
:109A7000002000100018000C000C00040006000676
:109A800000060006000600060004000C000C00188A
:109A9000001000200000000C002D003F001E0033CD
:109AA00000000000000000000000000000000000B6
:109AB0000000000000000000000000000000000C9A
:109AC000000C000C000CC0FFC0FF000C000C000CD0
:109AD000000C00000000000000000000000000007A
:109AE0000000000000000000000000000000000076
:109AF000000000000000000C000C0004000400083E
:109B00000000000000000000000000000000000055
:109B10000000001E001E0000000000000000000009
:109B20000000000000000000000000000000000035
:109B30000000000000000000000000000000000C19
:109B4000000C000000000000000000030003000300
:109B50000006000600060006000C000C000C000CBD
:109B60000018001800180000000000000000001E8F
:109B7000003F0033806180618061806D806D806115
:109B8000806180610033003F001E00000000000083
:109B900000000006000E001E00360026000600062B
:109BA000000600060006000600060006000600008B
:109BB000000000000000001E003F80738061806193
:109BC000800100030006000C001800300060807F58
:109BD000807F0000000000000000001C003E0063C9
:109BE00000630003000E000E00038001800180610D
:109BF0008073003F001E000000000000000000060F
:109C0000000E000E001E001E001600360036006614
:109C1000807F807F00060006000600000000000034
:109C20000000007F007F006000600060006E007F29
:109C300080638001800180618073003F001E00000E
:109C4000000000000000001E003F803380610060C3
:109C5000006E007F80738061806180618033003F8F
:109C6000001E0000000000000000807F807F800157
:109C70000003000300060006000C000C000C0008A6
:109C80000018001800180000000000000000001E6E
:109C9000003F8063806180610021001E003F806181
:109CA000806180618061003F001E000000000000B4
:109CB0000000001E003F007380618061806180733E
:109CC000803F801D800180610073003F001E000006
:109CD0000000000000000000000000000000000C78
:109CE000000C000000000000000000000000000C5C
:109CF000000C000000000000000000000000000058
:109D000000000000000C000C00000000000000003B
:109D10000000000C000C000400040008000000001B
:109D20000000000080008003000E00380060003852
:109D3000000E800380000000000000000000000012
:109D400000000000000000000000807F807F000015
:109D50000000807F807F0000000000000000000005
:109D60000000000000000000000000000040007043
:109D7000001C000780010007001C0070004000006C
:109D800000000000000000000000001F803FC071C4
:109D9000C060C000C00180030007000E000C000C72
:109DA0000000000C000C0000000000000000001E7D
:109DB000003F803180718063806F806D806D806F27
:109DC000806700600032003E001C000000000000C0
:109DD0000000000E000E001B001B001B001B80314A
:109DE0008031803F803F8031C060C060C060000033
:109DF000000000000000007C007E00630063006340
:109E00000063007E007E0063806180618063007F6C
:109E1000007E0000000000000000001E003F8031B6
:109E20008061006000600060006000600060806130
:109E30008031003F001E0000000000000000007C98
:109E4000007F0063806380618061806180618061E8
:109E5000806100630063007E007C00000000000061
:109E60000000807F807F0060006000600060007FF5
:109E7000007F0060006000600060807F807F0000E5
:109E8000000000000000807F807F006000600060B4
:109E90000060007F007F0060006000600060006084
:109EA00000600000000000000000001E003F803144
:109EB0008061006000600060806380638061806119
:109EC0008031803F001E0000000000000000806123
:109ED00080618061806180618061807F807F80613E
:109EE000806180618061806180610000000000000D
:109EF0000000003F003F000C000C000C000C000CA8
:109F0000000C000C000C000C000C003F003F000097
:109F100000000000000080018001800180018001BC
:109F20008001800180018001806180618073003F39
:109F3000001E0000000000000000C060806100639F
:109F400000660066006C0078007C006600660063B6
:109F500080618061C06000000000000000000060BF
:109F600000600060006000600060006000600060F1
:109F7000006000600060807F807F000000000000C3
:109F80000000C071C071C07BC07AC06AC06AC06E78
:109F9000C064C060C060C060C060C060C0600000DD
:109FA00000000000000080718071807980798079E4
:109FB000806D806D806D806580678067806780635D
:109FC00080630000000000000000001E003F00331E
:109FD0008061806180618061806180618061806179
:109FE0000033003F001E0000000000000000007E63
:109FF000007F80638061806180618063007F007E7C
:10A000000060006000600060006000000000000070
:10A010000000001E003F003380618061806180612C
:10A0200080618061806580670033803F401E000052
:10A03000000000000000007E007F8063806180617E
:10A040008063007F007E0066006300638061806142
:10A05000C0600000000000000000000E001F803102
:10A06000803100300038001E00078003806180616D
:10A070008031003F001E0000000000000000C0FF13
:10A08000C0FF000C000C000C000C000C000C000CBD
:10A09000000C000C000C000C000C00000000000084
:10A0A0000000806180618061806180618061806189
:10A0B00080618061806180618073003F001E0000CC
:10A0C000000000000000C060C060C06080318031CE
:10A0D0008031001B001B001B001B000E000E000E39
:10A0E00000040000000000000000C0C0C0C0C0C0EC
:10A0F000C0C0C0C0C0CC804C804C805E80528052BA
:10A100008073806180610000000000000000C0C01A
:10A11000806080610033003B001E000C000C001EBC
:10A12000001F003B80718061C0C000000000000083
:10A130000000C0C08061806100330033001E001E3B
:10A14000000C000C000C000C000C000C000C0000BB
:10A15000000000000000803F803F800100030003FA
:10A160000006000C000C0018001800300060807F12
:10A17000807F000000000000000F000F000C000CAA
:10A18000000C000C000C000C000C000C000C000C6F
:10A19000000C000C000C000C000F000F0000001859
:10A1A00000180018000C000C000C000C0006000643
:10A1B000000600060003000300030000000000008A
:10A1C000001E001E0006000600060006000600062F
:10A1D000000600060006000600060006000600064F
:10A1E000001E001E0000000C000C001E00120033B8
:10A1F000003380618061000000000000000000006A
:10A20000000000000000000000000000000000004E
:10A21000000000000000000000000000000000003E
:10A220000000000000000000E0FF00000000003817
:10A230000018000C000000000000000000000000FA
:10A24000000000000000000000000000000000000E
:10A2500000000000000000000000001F803F80613F
:10A260008001801F803F80618063807FC038000054
:10A270000000000000000060006000600060006EF0
:10A28000007F807380618061806180618073007F66
:10A29000006E000000000000000000000000000050
:10A2A0000000001E003F80738061006000608061DC
:10A2B0008073003F001E00000000000000008001CD
:10A2C000800180018001801D803F807380618061FA
:10A2D000806180618073803F801D0000000000006D
:10A2E00000000000000000000000001E003F00739E
:10A2F0008061807F807F00608071003F001E0000D1
:10A30000000000000000C007C00F000C000C807FA0
:10A31000807F000C000C000C000C000C000C000CEA
:10A32000000C000000000000000000000000000021
:10A33000801D803F80738061806180618061807357
:10A34000803F801D80018063007F003E0000006030
:10A35000006000600060006F807F807180618061BC
:10A360008061806180618061806100000000000088
:10A3700000000006000600000000003E003E00064F
:10A3800000060006000600060006000600060000A3
:10A39000000000000006000600000000003E003E35
:10A3A000000600060006000600060006000600067D
:10A3B00000060046007E003C000000600060006077
:10A3C0000060806100630066006C007C00760063C2
:10A3D00000638061C0600000000000000000003EDB
:10A3E000003E000600060006000600060006000605
:10A3F000000600060006000600060000000000003F
:10A400000000000000000000000080DDC0FFC0CEA2
:10A41000C0CCC0CCC0CCC0CCC0CCC0CCC0CC000068
:10A420000000000000000000000000000000006FBD
:10A43000807F8071806180618061806180618061E6
:10A44000806100000000000000000000000000002B
:10A450000000001E003F8073806180618061806128
:10A460008073003F001E000000000000000000009C
:10A4700000000000006E007F807380618061806159
:10A4800080618073007F006E00600060006000608B
:10A490000000000000000000801D803F807380618C
:10A4A0008061806180618073803F801D80018001B8
:10A4B0008001800100000000000000000000006733
:10A4C000803F003900300030003000300030003074
:10A4D000003000000000000000000000000000004C
:10A4E0000000001E803F80610060007F803F80018F
:10A4F0008061007F001E00000000000000000000DE
:10A50000000800180018007F007F001800180018CD
:10A51000001800180018801F800F000000000000C5
:10A520000000000000000000000080618061806188
:10A5300080618061806180618063807F803D0000F8
:10A540000000000000000000000000000000C060EB
:10A55000803180318031001B001B001B000E000E7B
:10A5600000060000000000000000000000000000E5
:10A57000000080DD80DD80DD00550055005500774E
:10A580000077002200220000000000000000000010
:10A59000000000000000806100330033001E000C4A
:10A5A000000C001E0033003380610000000000003A
:10A5B00000000000000000008061806180310033F5
:10A5C0000033001B001B001B000E000E000E001CC1
:10A5D000007C007000000000000000000000C07F50
:10A5E000C07F800100030006000C00180030C07F0F
:10A5F000C07F000000000000800380070006000606
:10A60000000600060006000E001C001C000E0006DE
:10A61000000600060006000680078003000600060C
:10A6200000060006000600060006000600060006FA
:10A6300000060006000600060006000600060006EA
:10A640000038003C000C000C000C000C000C000E4C
:10A6500000070007000E000C000C000C000C000CA2
:10A66000003C003800000000000000000000000076
:10A6700000008038807F00470000000000000000DC
:10A6800000000000000000000000000000000000CA
:10A6900000000000000000000000000000000000BA
:10A6A00000000000000000000000000000000000AA
:10A6B000000000000000000000000000E003E003D4
:10A6C000E003E003E003E003E003E003C003C003B2
:10A6D000C001C001C001C001C001000000000000B5
:10A6E000E003E003E00300000000000000000000C1
:10A6F0003C1E3C1E3C1E3C1E3C1E3C1E3C1E0000E4
:10A700000000000000000000000000000000000049
:10A710000000000000000000000000000000000039
:10A7200000000000CE01CE03DE039E039C039C07C5
:10A73000FF3FFF7F3807380F780F780F780EFFFF45
:10A74000FFFFF01EF01CE01CE03CE03DE0390000A3
:10A750000000000000000000FC03FE0FEE1FE01EE2
:10A76000E01EE01EE01EE01FE00FE007F003FC012A
:10A77000FE01FE01FE01FE01FE01FE01FE3DFC3F69
:10A78000F00FE001E001000000000000033E07F7C9
:10A790008FE78EE79EE3BCE3B8E7F8E7F0F7E03F2A
:10A7A000C001FF03FF07F307F30FF31EF33CF33879
:10A7B000F3787FF03FE000000000000000000000A0
:10A7C000E007F80F780F781F781F781F780FF00FC9
:10A7D000E00F801FC37FC3FBE7F3F7F1F7F0FFF053
:10A7E0007FF03EF87F7CFF3FEF1F0000000000007D
:10A7F00000000000E003E003E003E003E003C00327
:10A80000C001000000000000000000000000000087
:10A810000000000000000000000000000000000038
:10A8200000000000000000003F007C00F001E0019B
:10A83000C003C00780078007800F000F000F000FC4
:10A84000000F000F000F800F80078007C007C003B4
:10A85000E001F0017C003F000F000000007E001FBF
:10A86000C007C003E001F001F000F000F80078003C
:10A8700078007800780078007800F800F000F000A8
:10A88000F001E001C003C007001F007E0078000057
:10A89000E003C003C001CE39FF3F7F3F20037003B8
:10A8A000F807780F3C1F3806000000000000000089
:10A8B0000000000000000000000000000000000098
:10A8C0000000000000000000000000000000000088
:10A8D000C001C001C001C001C001C001C001FFFF33
:10A8E000FFFFC001C001C001C001C001C0010000E4
:10A8F0000000000000000000000000000000000058
:10A900000000000000000000000000000000000047
:10A9100000000000000000000000E003E003E0038E
:10A92000E003E001E001E001C0018003000000005D
:10A930000000000000000000000000000000000017
:10A940000000FE3FFE3F000000000000000000008D
:10A9500000000000000000000000000000000000F7
:10A9600000000000000000000000000000000000E7
:10A9700000000000000000000000000000000000D7
:10A980000000E003E003E003E0030000000000003B
:10A99000000000000F000F001E001E003C003C00E5
:10A9A00078007800F000F000E001E001C003C0038F
:10A9B00080078007000F000F001E001E003C003CB7
:10A9C0000078007800F00000F007F80F7C1F3E3E92
:10A9D0001E3C1F7C1F7C0F780F780F780F780F7844
:10A9E0000F780F781F7C1F7C1E3C3E3E7C1FF80FAB
:10A9F000F00700000000000000000000F000F00779
:10AA0000F03FF03FF001F001F001F001F001F00142
:10AA1000F001F001F001F001F001F001F001F001AE
:10AA2000F001FF3FFF3F00000000000000000000B9
:10AA3000E00FF83F7C3C3C003E003E003E003C0006
:10AA40003C007C00F800F001E003C0078007000F25
:10AA5000001E003E003CFE3FFE3F000000000000E4
:10AA600000000000F00FF81F7C1C3E003E003E007E
:10AA70003C003C00F800F00FF80F7C003E001E0088
:10AA80001E001E001E003E007C1CF81FE01F000080
:10AA900000000000000000007800F800F800F80155
:10AAA000F803F807F807780F781E781E783C787856
:10AAB0007878FFFFFFFF7800780078007800780052
:10AAC000780000000000000000000000FC1FFC1FD8
:10AAD000FC1F001E001E001E001E001EE01FF81FAF
:10AAE000FC007C003E003E001E003E003E003C009C
:10AAF0007C1CF81FE01F00000000000000000000A8
:10AB0000FC01FE078E0F001F001E003E003C003CB3
:10AB1000F83DFC3F3E7F1F7E0F3C0F3C0F3C0F3C3F
:10AB20000F3E1F1E3E1FFC0FF00300000000000040
:10AB300000000000FF3FFF3FFF3F0F001E001E0010
:10AB40003C0038007800F000F000E001E001C003B4
:10AB5000C0038007800F800F000F001F001F000040
:10AB60000000000000000000F807FC0F3E1F1E1E42
:10AB70001E3E1E3E1E1E3C1FF80FF007F80FFC1E67
:10AB80003E3E1F3C1F7C0F7C0F7C1F3C3E3FFC1F4A
:10AB9000F00700000000000000000000F007F80FC0
:10ABA0007C1E3E3C1E3C1F7C1F7C1F7C1F7C1F3C70
:10ABB0003F3EFF1FEF071F001E001E003E003C002F
:10ABC000F838F03FE01F0000000000000000000027
:10ABD000000000000000000000000000E003E003AF
:10ABE000E003E0030000000000000000000000009F
:10ABF0000000E003E003E003E003000000000000C9
:10AC00000000000000000000000000000000000044
:10AC1000E003E003E003E0030000000000000000A8
:10AC2000000000000000E003E003E003E003E001B7
:10AC3000E001E001C003800300000000000000000C
:10AC40000000000003000F003F00FC00F003C00FF5
:10AC5000003F00FE003FC00FF003FC003F000F006C
:10AC600003000000000000000000000000000000E1
:10AC700000000000000000000000000000000000D4
:10AC8000FFFFFFFF000000000000FFFFFFFF0000CC
:10AC900000000000000000000000000000000000B4
:10ACA00000000000000000000000000000E000F8CC
:10ACB000007E801FE007F8017E001F007E00F80183
:10ACC000E007801F007E00F800E0000000000000A8
:10ACD00000000000F01FFC3F3E381F381F381E00E8
:10ACE0001E003C007800F000E001C003C003C00774
:10ACF000C007000000000000C007C007C007000038
:10AD00000000000000000000F803FE0F1E1F0F3EB1
:10AD10007F3CFF78EF79C773C7F38FF38FF38FF31F
:10AD20009FF39FF3FF73FF7BF779003C1C1FFC0F21
:10AD3000F803000000000000000000000000000018
:10AD40000000E003E003F007F007F007780F780F4A
:10AD50007C0E3C1E3C1E3E3CFE3FFF3F1F780F78A2
:10AD60000FF007F007F000000000000000000000F6
:10AD7000000000000000F83FFC3F3E3C1E3C1E3C33
:10AD80001E3C3E3C7C3CF03FF83F7E3C1F3C1F3C61
:10AD90000F3C0F3C1F3CFE3FF83F0000000000004E
:10ADA00000000000000000000000FF01FF07871FF7
:10ADB000003E003C007C0078007800780078007845
:10ADC000007C007C003E003F831FFF07FF01000066
:10ADD0000000000000000000000000000000F07F04
:10ADE000FC7F7E781F781F780F780F780F780F78A8
:10ADF0000F780F780F780F781F781E787E78F87F9D
:10AE0000E07F0000000000000000000000000000E3
:10AE10000000FF3FFF3F003E003E003E003E003E80
:10AE2000003EFE3FFE3F003E003E003E003E003E34
:10AE3000003EFF3FFF3F0000000000000000000058
:10AE4000000000000000FF1FFF1F001E001E001E6C
:10AE5000001E001E001EFF1FFF1F001E001E001E02
:10AE6000001E001E001E001E001E0000000000004C
:10AE700000000000000000000000FE03FF0F871F1D
:10AE8000003E007C007C007800F800F87FF87FF836
:10AE90000F780F7C0F7C0F3E8F1FFF0FFE0300000B
:10AEA00000000000000000000000000000001F7C07
:10AEB0001F7C1F7C1F7C1F7C1F7C1F7C1F7CFF7FD7
:10AEC000FF7F1F7C1F7C1F7C1F7C1F7C1F7C1F7CC7
:10AED0001F7C0000000000000000000000000000D7
:10AEE0000000FF3FFF3FE003E003E003E003E00377
:10AEF000E003E003E003E003E003E003E003E0033A
:10AF0000E003FF3FFF3F00000000000000000000E2
:10AF1000000000000000FC1FFC1F7C007C007C0087
:10AF20007C007C007C007C007C007C007C007C0041
:10AF300078007800F838F03FC03F000000000000C3
:10AF4000000000000000000000001F3C1E3C3C3CD4
:10AF5000783CF03CE03DE03FC03F803FC03FE03FF9
:10AF6000F03DF03C783C7C3C3E3C1F3C0F3C0000FC
:10AF70000000000000000000000000000000003E93
:10AF8000003E003E003E003E003E003E003E003ED1
:10AF9000003E003E003E003E003E003E003EFF3FC1
:10AFA000FF3F000000000000000000000000000063
:10AFB00000001FF81FFC1FFC3FFE3FFE3FFE7FFF0F
:10AFC00077FF77FFF7F7E7F7E7F3E7F3C7F307F064
:10AFD00007F007F007F0000000000000000000008C
:10AFE0000000000000000F7C0F7C0F7E0F7F0F7FA2
:10AFF0008F7F8F7FCF7FEF7BEF79FF79FF78FF78AF
:10B000007F783F783F781F781F78000000000000AD
:10B0100000000000000000000000F007FC1F3E3EA2
:10B020001F7C0F780F780FF80FF80FF80FF80FF854
:10B030000FF80F780F781F7C3E3EFC1FF0070000D2
:10B040000000000000000000000000000000FC3FC5
:10B05000FF3F1F3E0F3E0F3E0F3E0F3E1F3E3F3E47
:10B06000FC3FF03F003E003E003E003E003E003E02
:10B07000003E000000000000000000000000000092
:10B080000000F007FC1F3E3E1F7C0F780F780FF882
:10B090000FF80FF80FF80FF80FF80F780F781F7CE4
:10B0A0003E3EFC1FF8077C003F000F00030000003D
:10B0B000000000000000F03FFC3F7E3C3E3C1E3C98
:10B0C0001E3C3E3C3C3CFC3CF03FE03FF03DF83C4D
:10B0D0007C3C3E3C1E3C1F3C0F3C0000000000003E
:10B0E00000000000000000000000FC07FE1F0E3EF4
:10B0F000003C003C003C003EC01FF80FFE037F00F8
:10B100001F000F000F001F203E3CFC3FF01F0000FF
:10B110000000000000000000000000000000FFFF31
:10B12000FFFFE003E003E003E003E003E003E003EC
:10B13000E003E003E003E003E003E003E003E003F7
:10B14000E00300000000000000000000000000001C
:10B1500000000F7C0F7C0F7C0F7C0F7C0F7C0F7C22
:10B160000F7C0F7C0F7C0F7C0F7C0F7C1E3C1E3CE9
:10B170003E3EFC1FF0070000000000000000000041
:10B1800000000000000007F007F007F80F780F7CC0
:10B190001E3C1E3C1E3E3C1E3C1F781F780FF80FC5
:10B1A000F007F007F007E003E003000000000000F4
:10B1B0000000000000000000000003E003F003F0C6
:10B1C00007F0E7F3E7F3E7F3E773F77BF77FFF7F3A
:10B1D0007F7F7F7F7E7F7E3F3E3E3E3E3E3E000045
:10B1E000000000000000000000000000000007F860
:10B1F0000F7C1E3E3E3E3C1FF80FF007E007E003C9
:10B20000E003F007F80F7C0F7C1E3E3C1F780F78A0
:10B210000FF000000000000000000000000000002F
:10B22000000007F807780F7C1E3C1E3E3C1F780F7D
:10B23000F80FF007E003E003E003E003E003E003BE
:10B24000E003E003E0030000000000000000000055
:10B25000000000000000FF7FFF7F0F001F003E0086
:10B260007C00F800F000E001E003C007800F000F51
:10B27000001E003E007CFF7FFF7F000000000000FA
:10B2800000000000FF078007800780078007800715
:10B290008007800780078007800780078007800776
:10B2A0008007800780078007800780078007800766
:10B2B0008007FF07FF07000000780078003C003C93
:10B2C000001E001E000F000F80078007C003C00390
:10B2D000E001E001F000F000780078003C003C0064
:10B2E0001E001E000F000F0007000000F07FF0009E
:10B2F000F000F000F000F000F000F000F000F000CE
:10B30000F000F000F000F000F000F000F000F000BD
:10B31000F000F000F000F000F000F07FF07F00009F
:10B32000C000C001C001E003E003F007F0077807A8
:10B33000780F380F3C1E3C1E1E3C1E3C0F380F7809
:10B34000077800000000000000000000000000007E
:10B3500000000000000000000000000000000000ED
:10B3600000000000000000000000000000000000DD
:10B370000000000000000000000000000000FFFFCF
:10B38000FFFF000000000000F000000000000000CF
:10B3900000000000000000000000000000000000AD
:10B3A000000000000000000000000000000000009D
:10B3B000000000000000000000000000000000008D
:10B3C0000000000000000000F80FFC3F7C3C3E0045
:10B3D0003E003E00FE07FE1F3E3E3E7C3E783E7C29
:10B3E0007E7CFF3FCF1F0000000000000000000037
:10B3F000003C003C003C003C003C003CF83DFE3F73
:10B400003E3F1F3E0F3C0F3C0F3C0F3C0F3C0F3CA0
:10B410001F3C1E3C3E3FFC3FF03B00000000000094
:10B42000000000000000000000000000000000001C
:10B43000FE03FF0F871F003E003E003C007C007CA7
:10B44000007C003C003E003E871FFF0FFE03000013
:10B4500000000000000000001F001F001F001F0070
:10B460001F001F00FF07FF1F3F3E1F3C1F7C1F7C6C
:10B470001F7C1F781F781F7C1F7C3F3C7F3EFF1F77
:10B48000DF0F0000000000000000000000000000CE
:10B490000000000000000000F803FC0F3E1F1E3EED
:10B4A0001F3C1F7CFF7FFF7F007C007C003C003E38
:10B4B000071FFF0FFE030000000000000000000057
:10B4C000FF01E103C003C007C007C007FF7FFF7F84
:10B4D000C007C007C007C007C007C007C007C00734
:10B4E000C007C007C007C007C00700000000000079
:10B4F000000000000000000000000000000000004C
:10B50000EF07FF1F7F3E1F3C1F7C1F7C1F781F78AB
:10B510001F781F7C1F7C3F3C7F3EFF1FDF0F1E00FC
:10B520001E001E007C38F83F003C003C003C003C04
:10B53000003C003CFC3DFE3F9E3F1F3F1F3E1F3C2A
:10B540001F3C1F3C1F3C1F3C1F3C1F3C1F3C1F3C23
:10B550001F3C00000000000000000000F001F001AE
:10B560000000000000000000E07FE07FE001E0015B
:10B57000E001E001E001E001E001E001E001E001C3
:10B58000E001E001E0010000000000000000000018
:10B59000F800F8000000000000000000F83FF83F4D
:10B5A000F800F800F800F800F800F800F800F800DB
:10B5B000F800F800F800F800F800F800F800F000D3
:10B5C000F071E07F003C003C003C003C003C003C53
:10B5D0001F3C3E3C7C3CF83CF03DE03DC03FC03F62
:10B5E000E03FF03DF83C7C3C3E3C1F3C1F3C0000F3
:10B5F0000000000000000000F07FF001F001F00109
:10B60000F001F001F001F001F001F001F001F001B2
:10B61000F001F001F001F001F001F001F001F001A2
:10B62000F001000000000000000000000000000029
:10B6300000000000000000009EF7FFFFFFFFFFFF7B
:10B64000E7FBE7F9C7F1C7F1C7F1C7F1C7F1C7F1E8
:10B65000C7F1C7F1C7F100000000000000000000C2
:10B66000000000000000000000000000FC3DFE3F64
:10B670009E3F1F3F1F3E1F3C1F3C1F3C1F3C1F3C6B
:10B680001F3C1F3C1F3C1F3C1F3C000000000000F3
:10B6900000000000000000000000000000000000AA
:10B6A000F007FC1F3E3E1F3C1F7C0F780F780F7881
:10B6B0000F780F781F7C1F3C3E3EFC1FF0070000F8
:10B6C000000000000000000000000000000000007A
:10B6D00000000000F83DFE3F3E3F1F3E0F3C0F3C88
:10B6E0000F3C0F3C0F3C0F3C1F3C1E3E3E3FFC3FBF
:10B6F000F83F003C003C003C003C003C00000000E7
:10B700000000000000000000EE07FE1F7E3E1E3C11
:10B710001E7C1E781E781E781E781E781E7C3E7C4D
:10B720007E3EFE1FDE0F1E001E001E001E001E00BD
:10B730000000000000000000000000007F1FFF1F4D
:10B74000E71FC71F871F001F001F001F001F001FCC
:10B75000001F001F001F001F001F0000000000004E
:10B7600000000000000000000000000000000000D9
:10B77000FC07FE1F0E1E003E003E003FE01FFC07C0
:10B78000FE003E001E001E003E3CFC3FF01F00007D
:10B790000000000000000000000000000000800722
:10B7A00080078007FF7FFF7F800780078007800773
:10B7B000800780078007800780078007C007FF0396
:10B7C000FF01000000000000000000000000000079
:10B7D00000000000000000001E3C1E3C1E3C1E3C01
:10B7E0001E3C1E3C1E3C1E3C1E3C1E3C3E3C7E3C09
:10B7F000FE3EFE1FDE0F0000000000000000000003
:10B8000000000000000000000000000007F00F78BA
:10B810000F781E3C1E3C1E3E3C1E3C1E780F780FCF
:10B82000F00FF007F007E003E00300000000000065
:10B830000000000000000000000000000000000008
:10B8400003F0E3F1E3F3E7F3F7F3F7F3F77F777F41
:10B850007F7F7F7F7F7F3E3E3E3E3E3E3E3E0000FE
:10B8600000000000000000000000000000000000D8
:10B87000000000000F7C1E3E3C3E3C1FF80FF0070E
:10B88000F007E003F007F807F80F7C1E3E3E1F3C70
:10B890001F78000000000000000000000000000011
:10B8A000000000000000000007F80F780F7C1E3C2D
:10B8B0001E3C3C1E3C1E3C1F780FF80FF007F007A3
:10B8C000E003E003C003C003C0038007800F007FD4
:10B8D000000000000000000000000000FF3FFF3FEC
:10B8E0001F003E007C00F800F001E003C007800F5D
:10B8F000001F001E003CFF7FFF7F000000000000D3
:10B9000000000000FE01E003C003C003C003C00349
:10B91000E001E001E001C001C003803F803FC003BF
:10B92000C001E001E001E001C003C003C003C003A7
:10B93000E003FE017E000000C001C001C001C001A3
:10B94000C001C001C001C001C001C001C001C001EF
:10B95000C001C001C001C001C001C001C001C001DF
:10B96000C001C001C001C001C0010000C03FE00330
:10B97000E001E001E001E001C001C003C003C0013B
:10B98000E001FE00FE00E001C001C003C003C001F1
:10B99000E001E001E001E001E003C03F003F000002
:10B9A0000000000000000000000000000000000097
:10B9B000000000000000073FC77FE773FFF17EF043
:10B9C0000000000000000000000000000000000077
:10B9D000000000006800000476005401F7FD00013B
:10B9E00075191A0C6A231B1C1F207274433B4138C3
:10B9F000393A6B6C376F06246D6E7000830000005F
:10BA0000000800000001001832000500000020417D
:10BA10000000D242295C0F3E9A99993E3333733F1E
:10BA2000295C0F3E000070000000002400000002AE
:10BA30000003000000650054FFEF0000FA80000BD7
:10BA400012820001030C30C30E8C8CE914D5400225
:10BA500013710F8E3883F8833000F883258EF883B6
:10BA60003000F883FFFFFFFF0FFEA9D6240004007B
:10BA70001A8279A10000003CFFFF000000100000C6
:10BA800038836FA2003E03304000000002CAE30981
:10BA90003E80000020000000000000004000000088
:10BAA00060000000000C0000000C186E0000069200
:10BAB0000A16C0DFFFFF0256FD8CD377FFE1C49664
:10BAC000E0C5BEAA00000000FFFF0B2B00001657C8
:10BAD000000003594000000000001DFA00026C1D28
:10BAE000000000003FFFDFEB003EB3B6000D227800
:10BAF00000002F3C00000000001942B5000039A2F0
:10BB00000000B365D90E9FC91DCF4C343000000032
:10BB1000500000003BB67AE80064000000C8000056
:10BB200000000000100000001000FA921000225ED9
:10BB3000000D229F0001000000320000FF460000BF
:10BB400063D400001000000004D6000004CC000004
:10BB500004CC000000001072000000400000000053
:10BB600000000000000600020005000700000000C1
:10BB700000640000000000000000000500050064F3
:10BB80000020000000000000000000000000400055
:10BB90000000030000000032F8980000FF6500007C
:10BBA000830F0000FF9BFC0000000000000000006D
:10BBB0000000000000000000000000000000000085
:10BBC0000000000000000000000000000000000075
:10BBD0000000100040000000000000060000B26AF3
:10BBE000000200000001FB830068000000D9FC0097
:10BBF0007CF1FF830000000000650000006403E8A2
:10BC000000640028000000250000000016A00000CD
:10BC10000000100000001000002F0000000001F4E0
:10BC20000000100000280000FFFF4581FFFFFA72AE
:10BC30000000000000000000004400050005BAC636
:10BC4000004778A20000000100000000000006008C
:10BC5000000000140000254D002F706D000005AE9F
:10BC6000000C02D0000000000000000000000000F6
:10BC700000000000001B00000000000000000000A9
:10BC80000000000000640000000800000000000048
:10BC900000000000000000000000000000000000A4
:10BCA0000000000000000000000000000000000094
:10BCB0000000000000000000000000000000000084
:10BCC0000000000000000000000000000000000074
:10BCD0000000000000000000000000000000000064
:10BCE00000000000001B0000000000000000000039
:10BCF000000E000E00000AC7000400000000003221
:10BD0000FFFFFF9C00000B2B000000020000000161
:10BD100000000064FFE500000000000000000000DB
:10BD20000000000000000001000000000001000011
:10BD30000000000000018000000180000001800080
:10BD4000002426D3000000000000000000060010C0
:10BD50000096003C00000000000000000000000011
:10BD6000000000000C0A4E68CDCF770950166759C5
:10BD7000C619CE8200000000000000000000000094
:10BD800000000000000000000000000017D7840041
:10BD9000030000000000000000000000C7938F9D1A
:10BDA0001E1B1C1900000000000000000000000025
:10BDB00000000000000000000000000002031885E1
:10BDC000000040000000000300000003000000002D
:10BDD0000000000040000000000000000000000023
:10BDE0000000000000000000000000000000000053
:10BDF0000000000000000000000000000000000043
:10BE00000000000000000000677DDF7E72902E556C
:10BE10004CF6E68800000000000000000000000072
:10BE200000000000D8DCB4B8B0D8B9ABF3F8FAB36E
:10BE3000B7BB8E9EAEF132F51BF1B4B8B08097F16E
:10BE4000A9DFDFDFAADFDFDFF2AAC5CDC7A90CC9F2
:10BE50002C97F1A989264666B28999A92D557DB0FE
:10BE6000B08AA896365676F1BAA3B4B280C0B8A804
:10BE70009711B28398BAA3F0240844106418B2B999
:10BE8000B49883F1A329557DBAB5B1A38393F0008B
:10BE90002850F5B2B6AA839328547CF1B9A38293B3
:10BEA00061BAA2DADEDFDB819AB9AEF5606870F1C3
:10BEB000DABAA2DFD9BAA2FAB9A38292DB31BAA266
:10BEC000D9BAA2F8DF85A4D0C1BBAD83C2C5C7B8BB
:10BED000A2DFDFDFBAA0DFDFDFD8D8F1B8AAB38DE9
:10BEE000B4980D355DB2B6BAAF8C96198F9FA70E78
:10BEF000161EB49AB8AA872C547CBAA4B08AB691FC
:10BF0000325676B28494A4C808CDD8B8B4B0F199AA
:10BF100082A82D557D98A80E161EA22C547C92A4A2
:10BF2000F02C5078F184A898C4CDFCD80DDBA8FC87
:10BF30002DF3D9BAA6F8DABAA6DED8BAB2B6869682
:10BF4000A6D0F3C841DAA6C8F8D8B0B4B882A8928F
:10BF5000F52C548898F135D9F418D8F1A2D0F8F915
:10BF6000A884D9C7DFF8F883C5DADF69DF83C1D8D1
:10BF7000F40114F1A8824EA884F311D182F5D9926C
:10BF8000289788F109F41C1CD884A8F3C0F9D1D9EA
:10BF90009782F129F40DD8F3F9F9D1D982F4C203CB
:10BFA000D8DEDF1AD8F1A2FAF9A88498D9C7DFF849
:10BFB000F8F883C7DADF69DFF883C3D8F40114F136
:10BFC00098A8822EA884F311D182F5D9925097882F
:10BFD000F109F41CD884A8F3C0F8F9D1D99782F1FB
:10BFE00049F40DD8F3F9F9D1D982F4C403D8DEDFCE
:10BFF000D8F1AD8898CCA809F9D98292A8F57CF13E
:10C00000883ACF944A6E98DB6931DAADF2DEF9D81E
:10C010008795A8F221D1DAA5F9F417D9F1AE8ED01F
:10C02000C0C3AE82C684C3A88595C8A588F2C0F1F6
:10C03000F4010EF18E9EA8C63E56F554F18872F4B6
:10C040000115F19845856EF58E9E0488F142985A47
:10C050008E9E068869F4011CF1981E1108D0F50423
:10C06000F11E970202983625DBF9D985A5F3C1DACE
:10C0700085A5F3DFD88595A8F309DAA5FAD88292C9
:10C08000A8F578F1881A849F26889821DAF41DF3A0
:10C09000D8879F39D1AFD9DFDFFBF9F40CF3D8FA99
:10C0A000D0F8DAF9F9D0DFD9F9D8F40BD8F3879FB3
:10C0B00039D1AFD9DFDFF41DF3D8FAFCA869F9F95B
:10C0C000AFD0DADEFAD9F88F9FA8F1CCF398DB4530
:10C0D000D9AFDFD0F8D8F18F9FA8CAF38809DAAFBB
:10C0E0008FCBF8D8F2AD978D0CD9A5DFF9BAA6F3AE
:10C0F000FAF412F2D8950DD1D9BAA6F3FADAA5F26C
:10C10000C1BAA6F3DFD8F1BAB2B68696A6D0CAF302
:10C1100049DAA6CBF8D8B0B4B8D8AD84F2C0DFF114
:10C120008FCBC3A8B2B68696C8C1CBC3F3B0B488D0
:10C1300098A821DB718D9D71859521D9ADF2FAD832
:10C140008597A828D9F408D8F28D29DAF405D9F210
:10C1500085A4C2F2D8A88D9401D1D9F411F2D88760
:10C1600021D8F40AD8F28498A8C801D1D9F411D8FA
:10C17000F3A4C8BBAFD0F2DEF8F8F8F8F8F8F8F896
:10C18000D8F1B8F6B5B9B08A95A3DE3CA3D9F8D8F2
:10C190005CA3D9F8D87CA3D9F8D8F8F9D1A5D9DF10
:10C1A000DAFAD8B18530F7D9DED8F830ADDADED892
:10C1B000F2B48C99A32D557DA083DFDFDFB591A06C
:10C1C000F629D9FBD8A0FC29D9FAD8A0D051D9F8A2
:10C1D000D8FC51D9F9D879D9FBD8A0D0FC79D9FAB3
:10C1E000D8A1F9F9F9F9F9A0DADFDFDFD8A1F8F879
:10C1F000F8F8F8ACDEF8ADDE8393AC2C547CF1A8F3
:10C20000DFDFDFF69D2CDAA0DFD9FADB2DF8D8A826
:10C2100050DAA0D0DED9D0F8F8F8DB55F8D8A878F5
:10C22000DAA0D0DFD9D0FAF8F8F8F8DB7DF8D89C9E
:10C23000A88CF530DB38D9D0DEDFA0D0DEDFD8A87F
:10C2400048DB58D9DFD0DEA0DFD0DED8A868DB70AD
:10C25000D9DFDFA0DFDFD8F1A888902C547C98A824
:10C26000D05C38D1DAF2AE8CDFF9D8B087A8C1C182
:10C27000B188A8C6F9F9DA36D8A8F9DA36D8A8F913
:10C28000DA36D8A8F9DA36D8A8F9DA36D8F78D9D93
:10C29000ADF818DAF2AEDFD8F7ADFA30D9A4DEF98E
:10C2A000D8F2AEDEFAF983A7D9C3C5C7F1889BA738
:10C2B0007AADF7DEDFA4F8849408A797F300AEF216
:10C2C0009819A488C6A39488F632DFF28393DB0919
:10C2D000D9F2AADFD8D8AEF8F9D1DAF3A4DEA7F103
:10C2E000889B7AD8F38494AE19F9DAAAF1DFD8A83A
:10C2F00081C0C3C5C7A39283F628ADDED9F8D8A301
:10C3000050ADD9F8D8A378ADD9F8D8F8F9D1A1DAD9
:10C31000DEC3C5C7D8A18194F818F2B089ACC3C5F3
:10C32000C7F1D8B8B4B09786A8319B069907AB97E8
:10C3300028889BF00C201440B0B4B8F0A88A9A2842
:10C340005078B79BA82951792470594469386448BA
:10C3500031F1BBAB88002C547CF0B38BB8A8042817
:10C360005078F1B088B49726A85998BBABB38B022C
:10C37000264666B0B8F08A9CA82951798B29517954
:10C380008A2470598B2058718A4469388B394068E7
:10C390008A6448318B30496088F1AC002C547CF0C1
:10C3A0008CA804285078F1889726A85998AC8C025C
:10C3B000264666F0899CA829517924705944693829
:10C3C000644831A98809205970AB11384069A8190F
:10C3D0003148608CA83C415C207C00F1879819862C
:10C3E000A86E767EA999882D557DD8B1B5B9A3DF01
:10C3F000DFDFAED0DFAAD0DEF2ABF8F9D9B087C468
:10C40000AAF1DFDFBBAFDFDFB9D8B1F1A3978E6050
:10C41000DFB084F2C8F8F9D9DED89385F14AB18348
:10C42000A308B5839A0810B79F10D8F1B0BAAEB080
:10C430008AC2B2B68E9EF1FBD9F41DD8F9D90CF19F
:10C44000D8F8F8AD61D9AEFBD8F40CF1D8F8F8AD56
:10C4500019D9AEFBDFD8F416F1D8F8AD8D61D9F457
:10C46000F4ACF59C9C8DDF2BBAB6AEFAF8F40BD881
:10C47000F1AED0F8AD51DAAEFAF8F1D8B9B1B6A351
:10C48000839C08B9B1839AB5AAC0FD3083B79F10C9
:10C49000B58B93F20202D1ABDADED8F1B080BAAB41
:10C4A000C0C3B284C1C3D8B1B9F38BA391B609B4E8
:10C4B000D9ABDEB0879CB9A3DDF1B38B8B8B8B8BB3
:10C4C000B087A3A3A3A3B28BB69BF2A3A3A3A3A3FA
:10C4D000A3A3A3A3A3F1B087B59AA3F39BA3A3DC63
:10C4E000BAACDFB9A3A3A3A3A3A3A3A3A3A3A3A3AA
:10C4F000A3A3A3A3D8D8D8BBB3B7F1AAF9DAFFD9BD
:10C50000809AAA28B48098A720B79787A86688F051
:10C510007951F1902C870CA781976293F07171602B
:10C5200085940129517990A5F1284C6C870C9518B8
:10C530008578A38390284C6C886CD8F3A28200F293
:10C5400010A8921980A2F2D926D8F188A84DD9480E
:10C55000D896A83980D93CD89580A839A68698D98C
:10C560002CDA87A72CD8A8899519A980D938D8A8FA
:10C570008939A980DA3CD8A82EA83990D90CD8A836
:10C58000953198D90CD8A809D9FFD801DAFFD895E8
:10C5900039A9DA26FFD890A80D8999A8108098218A
:10C5A000DA2ED88999A83180DA2ED8A886963180DB
:10C5B000DA2ED8A8873180DA2ED8A88292F341806B
:10C5C000F1D92ED8A882F31980F1D92ED882ACF3F4
:10C5D000C0A28022F1A62EA72EA92298A829DAAC03
:10C5E000DEFFD8A2F22AF1A92E8292A8F23180A60B
:10C5F00096F1D900AC8C9C0C30ACDED0DEFFD88C30
:10C600009CACD010ACDE8092A2F24C82A8F1CAF2AF
:10C6100035F19688A6D900D8F1FF00000000803FD0
:10C6200000000000000000000000803F0000803F8C
:10C630000AD7A3BB000000000000803F0AD7A33B3D
:10C64000000000000000803F00000000FFE6DB2E3D
:10C650000000000000000000FFE6DB2E17B7D13815
:10C660000000803F000000000AD7A3BB0000803F0D
:10C670000000803F000000000000803F000000003C
:10C68000000000000000803F0000803F0AD7A3BBED
:10C69000000000000000803F0AD7A33B000000001C
:10C6A0000000803F00000000FFE6DB2E00000000DD
:10C6B00000000000FFE6DB2E17B7D1380000803FF6
:10C6C000000000000AD7A3BB0000803F0000803FAD
:10C6D0000000000000000000555555555555C53F58
:10C6E0007D6FEB0312D6D4BF5544880E55C1C93FA8
:10C6F0003B8F68B52882A4BF88B20175E0EF493F3F
:10C7000009F7FD0DE13D023F4B2D8A1C273A03C07E
:10C71000C88A599CE52A004059018D1B6C06E6BF6A
:10C7200082922EB1C5B8B33F4FBB610567ACDD3F08
:10C73000182D4454FB21E93F9BF681D20B73EF3F48
:10C74000182D4454FB21F93FE2652F227F2B7A3CC0
:10C75000075C143326A6813CBDCBF07A8807703C79
:10C76000075C143326A6913CC4EB98999999C9BFEC
:10C77000711623FEC671BCBF6D9A74AFF2B0B3BF21
:10C780009AFDDE522DDEADBF2F6C6A2C44B4A2BFE1
:10C790000D5555555555D53FFF8300922449C23F4D
:10C7A0006E204CC5CD45B73F513DD0A0660DB13F81
:10C7B000EB0D76244B7BA93F11DA22E33AAD903F93
:10C7C0000000000000000000DDDDDDDDDCBBBBDDC6
:10C7D000DDDDDDDDDDDDDDDD988888888888888821
:10C7E0007777777777888888855555566666666641
:10C7F0006666666666688888833333322222222220
:10C80000222222222228888D50726F647563742040
:10C8100049442072656164206173203020696E6430
:10C820006963617465732064657669636520697303
:10C830002065697468657220696E636F6D706174DC
:10C8400069626C65206F7220616E204D50553330E7
:10C8500035302E0D0A00000078C8000800000020C6
:10C860008402000058100008FCC800088402002060
:10C8700014080000F0560008022F0242017CA24A70
:10C8800004106808020304060708090C6910052251
:10C8900002040608C3803F5AFF043964F123070AE3
:10C8A00013C09124080B12132C992408101A138812
:10C8B000A6F96409103CE340411B164614124224B9
:10C8C000C0C14513F8412480D4441AA0241AC804D6
:10C8D000DAF02C0123043824415029AC13E0B91BB1
:10C8E00008D40401201AFC24052E0AD7A33B0B14FC
:0CC8F000803F0C094A4009266409182802
:0400000508000131BD
:00000001FF
