:020000040800F2
:10000000684D002049010008FD4300080532000842
:1000100099430008FD150008FD7700080000000066
:100020000000000000000000000000004D5B000820
:10003000A122000800000000E74E000891600008BF
:100040006301000863010008630100086301000800
:1000500063010008630100086301000863010008F0
:1000600063010008630100086301000863010008E0
:1000700063010008630100086301000863010008D0
:1000800063010008630100086301000863010008C0
:1000900063010008630100086301000863010008B0
:1000A00063010008630100086301000863010008A0
:1000B00049630008B5630008C963000863010008CC
:1000C0006301000863010008630100086301000880
:1000D00063010008FD7300083D74000849750008BD
:1000E0004923000863010008630100086301000858
:1000F0006301000863010008630100086301000850
:10010000630100086301000863010008630100083F
:1001100063010008C1730008DD6300086301000883
:10012000630100086301000863010008630100081F
:10013000DFF810D000F0D8FD0048004729AD0008D6
:10014000AFF30080684D002006488047064800470E
:10015000FEE7FEE7FEE7FEE7FEE7FEE7FEE7FEE777
:10016000FEE7FEE795600008310100082DE9F04147
:100170000024061B254671F1000605DA012400273C
:10018000D0EB070067EB0101161E73F1000605DADC
:100190000027D2EB0702012567EB030300F0F6FB13
:1001A00086460E4617469C46AC4204D00025D0EB4E
:1001B000050E65EB010624B10020D2EB000760EBD1
:1001C000030C704631463A466346BDE8F08140EA8A
:1001D00001039B0703D009E008C9121F08C0042AC5
:1001E000FAD203E011F8013B00F8013B521EF9D2AC
:1001F0007047D2B201E000F8012B491EFBD27047D4
:100200000022F6E710B513460A4604461946FFF7E2
:10021000F0FF204610BD421E12F8013F002BFBD11B
:1002200011F8013B02F8013B002BF9D17047421C49
:1002300010F8011B0029FBD1801A704710B500226D
:1002400000E0521C835C8C5CA34201D1002BF8D1EE
:10025000D8B2E1B2401A10BD30B5044600200346C2
:1002600000E05B1C934203D2E05CCD5C401BF8D005
:1002700030BDF0B480EA0102D40F4200B2EB410F6E
:1002800002D20246084611464A0042D0C30DDDB2F2
:10029000C1F3C752AD1A202D35DAC1F3160141F46E
:1002A000000204B15242C5F1200602FA06F12A41C9
:1002B0001044B3EBD05F23D0C4B1012DA0EBC350E9
:1002C00009DCF0BC4FF0004202EAC352DBB200F599
:1002D000000000F014BC400000F1807000EBC3503F
:1002E000A0F1807040EAD170490009E0490841EA74
:1002F000C071A0EBC35000F50000400800EBC350F4
:10030000F0BC00F0F3BB6142012202EB4101001B93
:10031000F6E7F0BC704781F00041AAE780F00040AA
:10032000A7E780EA010210B502F00043400022D0A6
:100330004A001FD0010E01EB1261C0F35600C2F358
:10034000560240F4000042F40002A0FB0220000428
:100350007F39140400D0401C50EA124001D4400000
:10036000491EC2B20C0604EBD010401C4008802A83
:1003700002D003E0002010BD20F00100002900DAC7
:100380000020184310BD30B480EA010202F000459D
:1003900030F0004221F0004013D090B1C30DD40DD5
:1003A000C2F31601C0F31600E41A41F4000140F450
:1003B00000027D34914201D3641C00E04900002C0E
:1003C00002DA30BC002070474FF400000023914255
:1003D00001D3891A034340084FEA4101F7D151B1D3
:1003E000914202D14FF0004105E002D24FF00101ED
:1003F00001E06FF0010103EBC450284430BC00F071
:1004000075BB420005D0C0F3C7525242914201DC95
:100410000020704700EBC15070472DE9FE4F804629
:1004200081EA0300C00F0C46009021F0004123F048
:100430000045B8EB0200A94105D24046214690464E
:100440001C460B46024623F00040104347D0270DC0
:10045000C7F30A00C3F30A510290401A01904028E2
:100460006BDAC3F3130040F4801B0098924620B16E
:100470000023D2EB030A63EB0B0B01985946C0F142
:100480004002504600F0B3FA06460D465046594623
:10049000019A00F0CBFA10EB08006141002487EAD2
:1004A000115284EAE7731A4340D0009A62B3019A6A
:1004B000012A4FEA075215DC001B61EB02014FF0E5
:1004C000004202EA0752CDE90042001C41F58011CA
:1004D00032462B4600F050FB03B0BDE8F08F40469B
:1004E0002146F9E7001B61EB0201001C41F5801376
:1004F00000185B412018A2F5001747EB030140EA02
:10050000D570B6196D4111E06D084FEA360645EA1F
:10051000C0754FEA0752001B61EB0201001C41F558
:10052000801149084FEA30000019514132462B46EC
:1005300003B0BDE8F04F00F010BB0098012240006E
:100540000023D0EB020263EBE073009821464FEAF0
:10055000E074B8EB000061EB0401E9E783F00043CD
:100560005BE781F0004158E72DE9FE4F81EA030483
:1005700004F0004421F0004100944FF0000B23F000
:10058000004350EA01045ED052EA03045BD0C3F397
:100590000A54C1F30A552C44A4F2F3340194A0FB8D
:1005A0000254C1F3130141F48011C3F3130343F464
:1005B000801301FB024400FB034E840A970A44EABD
:1005C000815447EA8357A4FB076802958D0A05FB0F
:1005D00007854FEA932C04FB0C542705029D4FEA34
:1005E000065847EA1637B5EB08056EEB070C870E81
:1005F000920E47EA811742EA8312A7FB0201B6EB8B
:100600000B0164EB00042B0D43EA0C335E1844EB42
:100610001C50DA465146E7FB0201C5F313044FEACA
:100620000B3343EA14534FEA0432019C43EA0603B6
:10063000A4F10C040294009CCDE900B400F09CFAF3
:1006400003B0BDE8F08F00200146F9E72DE9F04D39
:1006500081EA030404F0004B21F0004514464FF0FA
:10066000000A23F0004150EA050220D054EA0102BA
:100670001DD0C5F30A570246C5F31303C1F3130097
:10068000C1F30A5640F4801543F48013A7EB060823
:10069000101BD64608F2FD3873EB050002D308F1B3
:1006A000010801E092185B41B8F1000F03DA002065
:1006B0000146BDE8F08D00204FF4801106468446C7
:1006C0000EE0171B73EB050705D3121B63EB050345
:1006D00006434CEA010C49084FEA300092185B418E
:1006E00050EA0107EDD152EA030012D082EA040079
:1006F00083EA0501084305D0101BAB4106D2012255
:10070000002306E000224FF0004302E06FF00102F8
:1007100053101AEB06004CEB085110EB0A0041EBAA
:100720000B01BDE8F04D00F018BA70B521F00043A0
:1007300003430CD0C1F30A550024D5EB040564EB48
:100740000403D617AD1AB34102DB0020014670BD89
:10075000201841EB025170BDC10F80EAE0700844DF
:10076000CA079623002100F0CAB996230022114639
:1007700000F0C5B90EB5C10F80EAE0700844CA07A1
:10078000002140F233438DE80E000A460B4600F08C
:10079000F3F903B000BD0EB540F2334102910021E0
:1007A000CDE900110A460B4600F0E6F903B000BDA2
:1007B00000F0004220F00040C10DC0F3160040F4EC
:1007C00000007F2901DA00207047962903DCC1F17F
:1007D0009601C84001E096398840002AF4D0404292
:1007E000704720F00040C10DC0F3160040F4000037
:1007F0007F2901DA00207047962903DCC1F19601B8
:10080000C840704796398840704770B5C1F30A52A6
:1008100001F000450024C1F3130140F2FF3341F41D
:1008200080119A4201DA002070BD40F233439A42AF
:10083000A2F2334203DC524200F0E8F800E09040BC
:100840002C43F1D0404270BDC1F30A5210B5C1F340
:10085000130140F2FF3341F480119A4201DA002083
:1008600010BD40F233439A42A2F2334203DC5242BB
:1008700000F0CCF810BD904010BD00F0004230F008
:1008800000400AD0C10D01F56071C0F3160042EAC4
:100890000151C208400711437047002001467047CC
:1008A00030B5041E71F1000404DB4FF000444042F7
:1008B00064EB0101141E73F1000405DB1C464FF0CC
:1008C0000043524263EB04038B4208BF824230BDB7
:1008D00030B5041E71F1000404DB4FF000444042C7
:1008E00064EB0101141E73F1000405DB1C464FF09C
:1008F0000043524263EB0403994208BF904230BD6B
:1009000001F0004330B421F0004150EA010206D06A
:100910000A0DA2F56072C1F31301002A02DC30BC9B
:1009200000207047440F44EAC104C100E01830BC05
:1009300000EBC25000F0DAB8002801DBC0F1004043
:10094000002901DBC1F1004181427047002801DB31
:10095000C0F10040002901DBC1F10041884270472D
:1009600030B50B46014600202022012409E021FA7F
:1009700002F59D4205D303FA02F5491B04FA02F57C
:100980002844151EA2F10102F1DC30BD2DE9F05F13
:100990000546002092469B468846064681464024EE
:1009A0001BE0284641464746224600F02FF85346B2
:1009B0005A46C01A914110D311461846224600F0FB
:1009C00016F82D1A67EB01084F4622460120002138
:1009D00000F00DF817EB00094E41201EA4F10104B0
:1009E000DFDC484631462A464346BDE8F09F202AD0
:1009F00004DB203A00FA02F1002070479140C2F176
:100A0000200320FA03F3194390407047202A04DBA7
:100A1000203A21FA02F00021704721FA02F3D04077
:100A2000C2F120029140084319467047202A06DB94
:100A3000CB17203A41FA02F043EAE07306E041FAAC
:100A400002F3D040C2F1200291400843194670479A
:100A50000FB4002300B589B00CA900910B996FF079
:100A60000042CB601E4B06931E4B07930423CDE937
:100A700001321D4A089202466B46002000F0E0F960
:100A800009B05DF814FB70B586B006464FF0FF3034
:100A90000091CDE90101002015460C460490324634
:100AA000694604A8FFF7D4FF02460498211825B12F
:100AB00008B1084600E020462860049800280DD0C0
:100AC000002A02DD0098884208D0081B0094CDE976
:100AD00001043246694604A8FFF7BAFF06B070BDAC
:100AE00079100008971000080D0D00080029A8BF14
:100AF0007047401C490008BF20F00100704710B447
:100B0000B0FA80FC00FA0CF050EA010404BF10BCFB
:100B1000704749B1CCF1200421FA04F411FA0CF128
:100B200018BF012121430843A3EB0C01CB1D4FEA61
:100B300000614FEA102042BF002010BC704700EB5C
:100B4000C35010440029A4BF10BC7047401C49008A
:100B500008BF20F0010010BC704710B5141E73F1DF
:100B6000000408DA401C41F1000192185B411A436D
:100B700001D120F0010010BD2DE9F04D92469B46B9
:100B800011B1B1FA81F202E0B0FA80F2203290465F
:100B9000FFF72DFF04460F4640EA0A0041EA0B0129
:100BA00053465A46084313D0114653EA010019D060
:100BB000C8F140025046FFF729FF05460E46504651
:100BC00059464246FFF713FF084305D0012004E0D1
:100BD00020463946BDE8F08D0020054346EAE07620
:100BE0002C4337430A986305E40AA0EB080000226F
:100BF000FD0A44EA47540A3002D500200146E9E7DD
:100C0000010510196941DDE9084500196941BDE890
:100C1000F04DA2E72DE9F04D00231A461B1A8A4138
:100C200003DB00200146BDE8F08DC1F30A52C1F399
:100C3000130141F480154FF0000BD10702D10018C9
:100C40006D41521E0027044640F2FF11384601EB69
:100C5000620A3E468046024600204FF48011FFF7AC
:100C6000D5FEC2197141BB1846EB0100B4EB030C71
:100C700075EB000C04D3E41A65EB000517460E462D
:100C8000241908F101006D4180463428E3DDF9198B
:100C900046EB0600091BA84103D24FF0FF32134672
:100CA00001E0002213461BEB070046EB0A51BDE8AA
:100CB000F04DFFF752BFC1F30A52C1F3130140F2E6
:100CC000FF3341F480119A4202DA00200146704756
:100CD00040F233439A42A2F2334202DC5242FFF71F
:100CE00095BEFFF784BE0000064C074D06E0E068A5
:100CF00040F0010394E8070098471034AC42F6D363
:100D0000FFF71AFAECE300080CE40008C0B24FF455
:100D1000F05100F0D1B900002DE9FF4F087883B001
:100D20009946FF2805D0491C2D2804D00024002016
:100D300008E000200BE00124F9E700EB800003EB62
:100D40004000491C0B78FF2BF7D104B1404200232F
:100D50000293147819461D462D2C01D02B2C04D15A
:100D6000521C2D2C13D000240294AA461478FF2C78
:100D70000FD00A25A3FB057801FB05814FF0000C7D
:100D800003FB0C11521CE3194AEB0101EEE70124AD
:100D9000EAE7814453EA010002D019F5C87F06DA78
:100DA00003980021C0E9001107B0BDE8F08F0025CD
:100DB000AE4E2F46DFF8B882184600F091F9CDE923
:100DC0000001B9F1000002DAC9F1000400E00446B4
:100DD0000023A74A1AEB030B42EB045A12E0E00788
:100DE00007D02A46334638464146FFF7BDFB074643
:100DF00088462A46334610461946FFF7B5FB054696
:100E00000E466410002CEAD1DDE90001B9F1000FB3
:100E10005A46534606DAFFF719FC3A464346FFF7AF
:100E200015FC05E0FFF7A0FB3A464346FFF79CFBA5
:100E3000029A0AB181F00041039AC2E90001B3E7C6
:100E40002DE9FF4F1F468DB0D7E901464FF0FF381F
:100E50002E2045464FF000090B90B9696D1C0E9885
:100E60008847396A824688470028F6D1BAF1FF3FA1
:100E70000AD024F4D064002E11DDBAF12B0F08D073
:100E8000BAF12D0F0BD102E0404611B08DE744F4CA
:100E90008064B9696D1C0E9888478246761E694643
:100EA000600501D52D2000E02B208DF8000001F118
:100EB000010B0DF1200809E0B9696D1C0E988847F7
:100EC00082460F9844F40074761E0560002E02DD01
:100ED000BAF1300FF0D00B998A453ED144F080042E
:100EE00006E00F99681CA9F1010944F40074086038
:100EF000B9696D1C761E0E98884782463028F0D05E
:100F00002BE00B998A4505D1200603D444F08004D8
:100F1000761E18E0504607F051F908B30DF11301A1
:100F2000761E44F400748B4508D2AAF130000BF809
:100F3000010B200607D5A9F1010003E0200602D429
:100F400009F101008146A00502D50F99681C0860CF
:100F5000B9696D1C0E9888478246002ED1DC53E09B
:100F6000002E51DDBAF1650F02D0BAF1450F4BD119
:100F7000A00549D5B9696D1C24F44074761E0E98FD
:100F800088478246002E0CDD2B2804D0BAF12D0FA5
:100F900007D144F48074B9696D1C0E988847824665
:100FA000761EE00501D52D2100E02B2108F8011B5C
:100FB000CDF82C8021E00DF12901761E44F4007457
:100FC00088450CD2AAF1300010F0FF0088F800002C
:100FD00002D10B99884509D908F1010806E0E0051E
:100FE00001D5244801E042F20F708146B9696D1CB9
:100FF0000E98884782460F980560002E04DD504603
:1010000007F0DCF80028D6D1F9690E988847FF2050
:101010008BF8000088F800000020069007904B46EF
:101020006A4608A906A8FFF777FEA00502D46FF06C
:1010300001002AE714F0240F0AD0E00714D1DDE9FB
:1010400006123868031D3B600068C0E900120BE01F
:10105000DDE90601FFF754FC0146E00704D13868DA
:10106000021D3A600068016028460EE70000144047
:101070000000F03FF1D8FFFF426842B1016811F86B
:10108000013B23B1521EC0E90012184670470121EE
:10109000C160881E704742685AB1C368016843B98D
:1010A00083688B4205D0491E521CC0E90012002003
:1010B00070474FF0FF3070477F2801D9002208E0C9
:1010C000064A02EB5002C007127800D1120902F062
:1010D0000F020120904008407047000018E300080C
:1010E0000EB540F2334202920022CDE900221346AF
:1010F000FFF742FD03B000BD70B58C1810F8015B1E
:1011000015F0070301D110F8013B2A1106D110F8A0
:10111000012B03E010F8016B01F8016B5B1EF9D1A4
:101120002B0705D40023521E0DD401F8013BFAE72A
:1011300010F8013BCB1A921C03E013F8015B01F895
:10114000015B521EF9D5A142D8D3002070BD002901
:1011500004D0816841F0010181607047816821F00D
:10116000010181607047000010B5154988420AD11D
:1011700044150121204604F025FA2046BDE8104020
:10118000002104F01FBA0F4988420AD10415012139
:10119000204604F017FA2046BDE81040002104F074
:1011A00011BA094988420AD10121CC03204604F032
:1011B00009FA2046BDE81040002104F003BA10BD32
:1011C0000024014000280140003C0140014600206D
:1011D0008968490700D501207047C06C80B270470C
:1011E0000246002012680A4200D0012070470146E2
:1011F00000208968090700D50120704710B54268B2
:101200000E4B1A400C790B6842EA042213434360E8
:1012100082680B4B1A40D1E9024323434C7942EADE
:10122000440213438360C26A22F47002097C491E9F
:10123000C9B242EA0151C16210BD0000FFFEF0FFD9
:10124000FDF7F1FF70B5072609290AD9C568A1F194
:101250000A0404EB4404A640B543A3401D43C56003
:1012600007E0056901EB4104A640B543A3401D43D7
:1012700005611F23072A09D2446B521E02EB82022A
:1012800093409C4391400C43446370BD0D2A09D2A6
:10129000046BD21F02EB820293409C4391400C43AB
:1012A000046370BDC46A0D3A02EB820293409C4312
:1012B00091400C43C46270BD816841F008018160B7
:1012C0007047002904D0816841F4A0018160704713
:1012D000816821F4A00181607047816841F00401B8
:1012E0008160704770B51948194A0188C1F1A001A1
:1012F0001181038943F2C8218B4200D90181018900
:1013000041F66410401A00B25081124D124C002276
:1013100049B100F57A6041F27D51884206D301F06F
:10132000F7FA206003E022602A6070BD226005F0B9
:10133000E3FF286009492068884201DD216070BD13
:1013400007498842FBD9216070BD0000EA030020F4
:10135000F4030020300000202C0000200000F041A9
:101360000000F0C170B50C4800240C4E40680C4DD4
:10137000FA280CD20B48306001200AF0D1FD34600D
:101380000948286001200AF0CBFD2C6070BD074899
:1013900030602C6070BD0000C40000202C000020D4
:1013A00030000020000020C10000E1430000704137
:1013B0000D490878002803D00B2801D00C2809D14A
:1013C0000A484068002805D0A0F115024F2A02D231
:1013D0000B2008707047F1383B2802D20C200870AF
:1013E00070470020087070476A020020C400002087
:1013F00008B50121102004F0D7F84FF47070ADF853
:10140000000018208DF8030003208DF802006946C3
:10141000014801F0BDFA08BD0010014070B588B068
:1014200004460D460121480304F0BEF8244E304620
:1014300005F086F8641EADF81840ADF8145000248D
:10144000ADF81A40ADF8164005A9304605F046FB48
:101450006020ADF804000120ADF80600ADF80A40A8
:10146000ADF80C4001A9304605F0F0F901A930466D
:1014700005F036FA01A9304605F080FA01A9304698
:1014800005F0C4FA0121304605F04CF80821304639
:1014900005F020FA0821304605F066FA08213046AA
:1014A00005F0AEFA0821304605F0E4FA0121304695
:1014B00005F01AF80121304605F028F808B070BD93
:1014C0000034014070B504460D4616480068FFF729
:1014D00043F92146FEF71FFF044685F00040124EF7
:1014E0003169FEF71EFF1149FEF74DFF0546104911
:1014F000F068FEF748FF2146FEF713FF2946FEF786
:101500000AFFFFF755F90B490978032908D1FFF7BE
:1015100023F93168FEF705FFBDE87040FFF748B9D1
:1015200070BD0000280000203C0100200000C842DF
:101530000000C8C2D502002070B54FF47A740C4D7B
:101540000146072301222846FFF77CFE0121284699
:10155000FFF7B7FE02212846FFF742FE10B9641ECE
:10156000A4B2F7D22846BDE87040FFF736BE0000AF
:101570000024014030B587B001214FF4017004F020
:1015800013F84FF4004003F0E9FF2020ADF8040009
:1015900000248DF8074001A9164801F0F9F9164D0D
:1015A0002846FFF7E1FD02948DF80C408DF80D40C0
:1015B0004FF460210491059401218DF8181002A9BF
:1015C0002846FFF71BFE01212846FFF7C0FD2846ED
:1015D000FFF772FE2846FFF70AFE0028FAD12846D8
:1015E000FFF77BFE2846FFF7F1FD0028FAD107B090
:1015F00030BD00000008014000240140FEE700006B
:1016000010B504F043F80020054A02F5807132F865
:101610001030DB080B54401C8028F8DB014810BD5B
:101620006C0600206C0700202DE9F04F8DB0334C84
:10163000606801285ED1324800680C903148D0F8CB
:101640000080324830490068FEF79DFE0646206162
:101650002F48076867612F480068FFF79CF8002251
:101660002D4BFEF7F3FFFFF74BF9044650212B48B3
:10167000FEF7C6FD29482AA10968016029480068CB
:10168000FFF7FBF882468B462046FFF7F6F8044644
:101690000D463846FFF7F1F8CDE90A013046FFF76D
:1016A000ECF806460F464046FFF7E7F880468946C5
:1016B0000C98FFF7E2F806AAA2E8300CDDE90A234D
:1016C000CDE90089CDE9042302460B46CDE9026746
:1016D00015A1124806F04AF9104850215030FEF783
:1016E0008FFD0DB00D49BDE8F04F502201F15000C3
:1016F000FEF76DBD0DB0BDE8F08F00006802002060
:1017000034010020380100200000C84224000020DD
:1017100010000020C800002000002440902300207A
:10172000244C560028010020244C5625332E3266C6
:101730002C525625332E32662C414325332E3266E9
:101740002C475925332E32662C43534225332E32F3
:10175000662C565425332E32662300002DE9F041C5
:10176000144E154F1548B2690025154C4FF4006111
:10177000BA4204DB2560BDE8F04101F092B9114B9B
:101780009A4202DC01F08FF908E00F4B9A4202DC2A
:1017900001F087F902E001F084F92560F06903287F
:1017A00003DA0A482060BDE8F08101DD2760FAE72E
:1017B0002560F8E7140400200000E1430008014020
:1017C00030000020000048430000BE430000E1C399
:1017D0002DE9F0472E4C2068FEF7C7FF8046D4F86D
:1017E0003804FEF7C2FF8146D4F86801FEF7BDFF5A
:1017F0000146284C284E294FE0780025062810D2B3
:10180000DFE800F003151D252D402548A8F5000848
:10181000804508D235603D600A2007F015FE0120A2
:10182000E070BDE8F0871F4830603D60F9E709F0DF
:1018300093F80028F5D1E078401CE070F1E71A48F1
:1018400030603D60642007F0FFFD0320E07009F088
:1018500083F80028E5D1E078401CE070E1E74846D5
:10186000FFF774F806D8356010483860642007F038
:10187000EBFD05E035600E483860642007F0E4FDBC
:101880000520E07009F068F80028CAD1E570C8E7C3
:1018900080270020140400202C00002030000020AD
:1018A00000002F430000A041000070C10000E1C310
:1018B0000000E1432DE9F0411C4D2868FEF755FF7B
:1018C0000446D5F8EC04FEF750FF0646D5F8B40000
:1018D000FEF74BFF0346164FA4F5000500201549FF
:1018E000154ABD4204D2154B0B601060BDE8F08173
:1018F000134D144F2544BD4203D2134B0B601060AF
:10190000F4E7124F124DBE4205DAAC4203DD086027
:1019100010481060EAE7BB4205DAAC4203DD08601C
:101920000D481060E2E708601060DFE780270020C4
:10193000000082422C00002030000020000070C116
:10194000FFFF5FBCFFFF4000000070410000AA43A2
:1019500000007A430000E1C30000E1432DE9F047B5
:1019600049480068FEF701FF484C00254FF0010888
:101970002379072B0FD301230022022144A002F078
:1019800074FD012002F0B6F80028FAD0257184F821
:101990000580BDE8F0873D4AA0F5000CDFF8049112
:1019A0004148424E424F12784FF40061CC450ED26E
:1019B000012AEED101F077F83068E06238682063E0
:1019C00035603D60257008F0C7FF2081E1E742B136
:1019D0003848082BDDD2DFE803F0111D25313942EC
:1019E0004A54E26A3260226B3A6001F05AF884F895
:1019F00000802089BDE8F0470AF0E6BB2E4901606F
:101A00002E4830603D60C82007F01EFD2079401C44
:101A10002071BEE708F0A0FF0028BAD12079401C51
:101A20002071B6E7264901603560264838603F20BE
:101A300007F00AFD2079401C2071AAE708F08CFF0E
:101A40000028A6D12079401C2071A2E735603D60B6
:101A50001E2007F0F9FC2079401C207199E708F05E
:101A60007BFF002895D12079401C207191E7607997
:101A7000082803D2401C607125718AE70720207175
:101A800087E735603D6084E780270020140400204C
:101A9000706174726F6C20707574206B6579312081
:101AA0002020200000001643000801402C000020E8
:101AB000300000206C01002000008C4200007041CA
:101AC00000000C420080A2442DE9F04137488178A3
:101AD00001292ED100278770354936A0FEF7AEFBCD
:101AE000364C374D012630B3314936A0FEF7A6FB00
:101AF00078B32F4935A0FEF7A1FB374C50B32C49E2
:101B000036A0FEF79BFBA0B3294937A0FEF796FB52
:101B100000280ED10024C5F8AC61142007F08CFC1D
:101B2000C5F8AC71142007F087FC641CE4B2032CE8
:101B3000F1D3BDE8F081C5F8AC61142007F07CFC5E
:101B4000C5F8AC712A48206002200AF0E9F9276044
:101B5000EFE700E00EE0C5F8AC61142007F06CFC84
:101B6000C5F8AC712348206002200AF0D9F927603B
:101B7000DFE70DE0C5F8AC61142007F05DFCC5F8A7
:101B8000AC711D48206001200AF0CAF92760D0E737
:101B9000C5F8AC61142007F04FFCC5F8AC711748CC
:101BA000206001200AF0BCF92760C2E7E4030020AE
:101BB00054250020676F6261636B00002C000020D9
:101BC00000002142676F6168656164007475726E20
:101BD0006C65667400000000300000207475726E41
:101BE000726967687400000062757A7A6572000035
:101BF000000070C1000070410000C8C30000C8436D
:101C000070B522488178012921D1002484702049AF
:101C100020A0FEF713FBD8B11D491FA0FEF70EFB55
:101C20001E4D10B31A491EA0FEF708FB00280ED166
:101C30000123002203211BA002F017FC1C4828608E
:101C400001200AF06DF901200AF06AF92C6070BDDC
:101C500001230022032117A002F007FC184D0120E8
:101C600028600AF05DF92C6070BD01230022032179
:101C700014A002F0FAFB1648286001200AF050F97F
:101C800001200AF04DF92C6070BD0000E403002033
:101C900054250020360000003200000030000020F3
:101CA000330000006E756D3A3321202000000000E3
:101CB0000000C8436E756D3A3621202000000000F8
:101CC000AC0121426E756D3A3221202000000000E7
:101CD0000000C8C32DE9F0411D488178012921D1B8
:101CE000002484701B491CA0FEF7A8FADFF86C8062
:101CF0001B4DC8B117491BA0FEF7A0FA1A4E1B4F87
:101D0000C8B114491AA0FEF799FA00280AD1C6F8FA
:101D1000008001200AF004F934602F6001200AF0ED
:101D2000FFF82C60BDE8F081C5F8008002200AF0C1
:101D3000F7F82C60F6E70F48306001200AF0F0F861
:101D400034602F6001200AF0EBF82C60EAE7000015
:101D5000E403002054250020310000000000C843A7
:101D60002C000020320000003000002000007041F4
:101D7000330000000000C8C32DE9F04107460846C3
:101D80000B4E0C4C2168FEF7CCFA216BFEF771FA72
:101D900001460948FEF7C5FA054631463846FEF7C2
:101DA000C0FA2946FEF765FA2063BDE8F08100001D
:101DB0000AD7A33C1003002048E17A3F2DE9F04107
:101DC000074608460B4E0C4C2168FEF7AAFA216E16
:101DD000FEF74FFA01460948FEF7A3FA05463146D9
:101DE0003846FEF79EFA2946FEF743FA2066BDE81C
:101DF000F08100000AD7A33C1003002048E17A3F9D
:101E0000072181430902054A10684FF6FF03184075
:101E1000034B184308431060704700000CED00E0CE
:101E20000000FA0508B5002000906B4601227521DC
:101E3000682008F01BFE29A005F088FD9DF8000031
:101E4000682809D02E4801682E4A01F4E061114348
:101E50000160BFF34F8FFEE709F048FA00283CD13C
:101E6000782009F085FF10B91CA005F06FFD7820DF
:101E700009F048F910B924A005F068FDC82009F060
:101E800035FF10B92AA005F061FD07F059FC10B923
:101E900031A005F05BFD3D4808F088FE07F05EFECE
:101EA00010B93BA005F052FD40F2731007F008FB9B
:101EB00010B941A005F04AFDC82007F093FD10B904
:101EC00047A005F043FD0AF007F9012009F026FEBE
:101ED000002802D14BA005F039FD08BD6D70755F7B
:101EE0007365745F73656E736F7220636F6D706C72
:101EF000657465202E2E2E2E2E2E0D0A0000000059
:101F00000CED00E00400FA056D70755F636F6E669E
:101F100069677572655F6669666F20636F6D706C67
:101F2000657465202E2E2E2E2E2E0D0A0000000028
:101F30006D70755F7365745F73616D706C655F72F2
:101F400061746520636F6D706C657465202E2E2E34
:101F50002E2E2E0D0A000000646D705F6C6F6164A0
:101F60005F6D6F74696F6E5F6472697665725F66CC
:101F700069726D7761726520636F6D706C657465F1
:101F8000202E2E2E2E2E2E0D0A0000008C0000205A
:101F9000646D705F7365745F6F7269656E74617490
:101FA000696F6E20636F6D706C657465202E2E2EC8
:101FB0002E2E2E0D0A000000646D705F656E61624A
:101FC0006C655F6665617475726520636F6D706CBA
:101FD000657465202E2E2E2E2E2E0D0A0000000078
:101FE000646D705F7365745F6669666F5F7261745C
:101FF0006520636F6D706C657465202E2E2E2E2EFD
:102000002E0D0A006D70755F7365745F646D705F8F
:10201000737461746520636F6D706C657465202ED8
:102020002E2E2E2E2E0D0A0070B5174B242819784F
:1020300000D1B1B1012926D10024232819D02428A8
:1020400021D05978114D4A1CD2B25A706854142AC2
:1020500019D95C701C702846BDE870401421FEF749
:10206000CFB801201870BDE8704014210748FEF772
:10207000C7B81C705C7000F053FFBDE870401421BD
:102080000248FEF7BDB870BDE803002068250020B7
:1020900030B4164B01222428197800D129B1012926
:1020A00021D10024232806D008E01A7030BC142166
:1020B0000F48FEF7A5B81C705C709A70197801295A
:1020C00011D124280FD05978094D4A1CD2B25A7028
:1020D0006854142A07D95C701C709C70284630BC68
:1020E0001421FEF78DB830BC70470000E4030020D7
:1020F0005425002030B4164B01222428197800D131
:1021000029B1012921D10024232806D008E01A7022
:1021100030BC14210F48FEF773B81C705C709A70C5
:102120001978012911D124280FD05978094D4A1C5A
:10213000D2B25A706854142A07D95C701C709C7013
:10214000284630BC1421FEF75BB830BC7047000055
:10215000E40300205425002030B4164B012224282B
:10216000197800D129B1012921D10024232806D0D2
:1021700008E01A7030BC14210F48FEF741B81C70FB
:102180005C709A701978012911D124280FD05978E0
:10219000094D4A1CD2B25A706854142A07D95C708F
:1021A0001C709C70284630BC1421FEF729B830BC46
:1021B00070470000E4030020542500202DE9F04181
:1021C000234CA4F5E953D87800EB4005002019789A
:1021D0005A7841EA022121809978A170D978E1707A
:1021E00019795A7941EA0221A1809979DA7941EA8B
:1021F0000221E180197A5A7A41EA022121810021E3
:1022000010E05A1804EB8007967A7E81D67A127B0A
:1022100046EA0226024604EB8202401CC0B29681C6
:10222000C91C89B2A942ECD3204604F0D3FE30B1D8
:102230002046BDE8F04140F2AA51FDF7E1BF054953
:1022400001204870BDE8F04101020348FDF7D8BF06
:10225000A04300200C0400208026002010B50D496A
:102260004FF48074224601F58070FDF7B0FF2146DF
:102270000848FDF7C5FFFFF7A1FF0748417801298E
:1022800006D100214170BDE81040044800F0D8BEDE
:1022900010BD0000802500200C040020A043002079
:1022A000704701B508E00020401CC0B20A28FBD3EB
:1022B0009DF80000401E00909DF800000028F2D11B
:1022C00008BD000070B5FEF729F80646094D3046F6
:1022D000A96AFEF720F80849FEF723F804464FF0F4
:1022E00040413046FEF71DF82146FEF714F8AE6275
:1022F00070BD0000140400200000404170B5FEF7DE
:102300000DF80C4C054660632846E16BFEF703F8B8
:102310000949FEF706F806464FF040412846FEF709
:1023200000F83146FDF7F7FF0146A063E563084674
:1023300070BD000014040020000040410020401C3B
:102340000A28FCDB704700002DE9FE4F9148006829
:1023500000287DD190494FF4805008608F4C6088F0
:1023600008B1401E6080DFF838A24FF000089AF8EC
:102370000000042812D005281BD006281CD01228E3
:102380001DD013282CD008282FD0092830D0102891
:1023900031D0112832D00E2833D034E06078401C80
:1023A000C0B2607014282ED984F8018002F014FBAA
:1023B00029E003F047FC26E003F044FC23E020780A
:1023C000401CC0B2207004281DD984F8008003F09E
:1023D00031FCFFF715F97349086006F0D7FF12E0EA
:1023E00008F04AF803F0C6FD0DE003F03BFC0AE0FC
:1023F000FEF778FF07E001F0A3FE04E001F0E8FE3D
:1024000001E000F031FD6848007800F083FB002017
:1024100003F04CFA0290012003F048FAC0F10009E1
:102420004946029800F082FE9AF800001538032809
:1024300001D801F0A5FD5D485D4F01683868FFF7E0
:1024400041F883464946029805F0DAF9064600E06D
:102450009EE09AF800005749052835D0062833D069
:10246000122836D0132839D008283CD0086804F048
:10247000E3FE054604F0C6FB0BEB06024E4E511977
:1024800001443160521B4D4D10442860084602F053
:1024900015FD3060286802F011FD2860DFF820B1DA
:1024A0004FF42F615A46306802F016FD30605A46EC
:1024B0004FF42F61286802F00FFD28609AF80000A1
:1024C000DFF800B1A0B129E0086804F0F3FD05468B
:1024D000D0E7086804F09AFD0546CBE7086804F0E9
:1024E000BDFD0546C6E7086804F04EFE0546C1E797
:1024F00004F0E0FB90B934484B46029A3968006812
:1025000002F0F2FC10B101208BF800004A4602995B
:10251000386802F0E9FF08B18BF80080216938685B
:1025200004F05AFE28B100249BF80000204302D09A
:1025300003E00124F8E704F029FB1CB129683068A6
:1025400003F096FC9AF8000019280ED1002C01D057
:10255000296801E04FF0000101D0306801E04FF040
:1025600000004B46029A01F00FFB0298CDE90009EA
:10257000002C01D02B6801E04FF0000301D032683D
:1025800001E04FF0000209483968006804F060FC7F
:10259000BDE8FE8F300121421404014018010020E3
:1025A000D5020020080000200000002010000020BC
:1025B0000C00002014000020180000201C00002047
:1025C00010F5FFFF040000202400002030B51B4A56
:1025D00083790168002B2AD013688B431360111D87
:1025E0000B680468A3430B60017911440B6804680D
:1025F00023430B60114C0834216803689943216020
:10260000231D19680568A94319604179102905D06F
:1026100011440A68006802430A6030BD21680268FC
:1026200011432160196800680143196030BD0079C9
:10263000104402688A43026030BD0000000401407B
:1026400010B588B020216846FDF7DAFD134C14A1BF
:1026500068466369226805F089F90123002219465A
:10266000684601F002FFD4E9012312A1684605F093
:102670007DF9012300220221684601F0F6FED4E92B
:10268000032311A1684605F071F9012300220321FB
:10269000684601F0EAFE08B010BD0000CC00002042
:1026A000736561743A256420204D49443A256420BD
:1026B000202000004C313A256420204C333A256418
:1026C000202020202000000052313A256420205292
:1026D000333A2564202020202000000010B588B067
:1026E0000121022002F044FF0121042002F05CFFDE
:1026F000C020ADF8040004208DF8070001A91C4893
:1027000000F046F905A804F037FA0020ADF81400EF
:102710004FF6FF71ADF81810ADF81A00ADF81600BD
:10272000144C05A9204604F0D9F900231A460321C8
:10273000204604F00DF802A804F076F80A21ADF85E
:10274000101002A9204604F029F80121204603F0C8
:10275000D7FE01221146204604F06EF800212046E3
:1027600004F092F90121204603F0D0FE08B010BD1C
:10277000000801400004004010B588B00121042089
:1027800002F0F6FE0121082002F00EFFC020ADF895
:10279000040004208DF8070001A91C4800F0F8F897
:1027A00005A804F0E9F90020ADF814004FF6FF7118
:1027B000ADF81810ADF81A00ADF81600144C05A9C4
:1027C000204604F08BF900231A460321204603F02B
:1027D000BFFF02A804F028F80A21ADF8101002A9E2
:1027E000204603F0DBFF0121204603F089FE012291
:1027F0001146204604F020F80021204604F044F958
:102800000121204603F082FE08B010BD000C0140FB
:102810000008004070B53C4B188806463B4C052527
:102820006580618833F81120824200D31046491C2C
:1028300089B261807B29F4D3A68165806188A689ED
:1028400033F81120B24200D8A281491C89B26180BC
:102850007B29F3D3A1890844C0F3470060706580E9
:10286000618833F8112082421BD94A1C33F81220A8
:10287000824216D98A1C33F81220824211D9CA1C0E
:1028800033F8122082420CD20A1D33F81220824201
:1028900007D24A1D33F81220824202D26188E180B9
:1028A00004E0491C89B261807629D9D37621A180C0
:1028B000A18833F8112082421BD24A1C33F812201F
:1028C000824216D28A1C33F81220824211D2CA1CCC
:1028D00033F8122082420CD90A1D33F812208242AA
:1028E00007D94A1D33F81220824202D9A0882081DC
:1028F00004E0491E89B2A1800529D9D82089E18840
:1029000008444008207070BD6C060020E4000020E0
:102910002DE9F041104FB7F90A603E80B7F9020087
:10292000301AFDF727FFDFF834800D4B4246FDF7E4
:102930001BFE04460D463046FDF71CFF4246094B80
:10294000FDF712FE22462B46FDF767FDFDF7D8FF87
:102950007E80BDE8F0810000F4030020FCA9F1D2E4
:102960004D62403F4D62503F10B58A07120F0F2352
:10297000934021F00304054921448C689C438C60FA
:102980008B68904003438B6010BD00000000014045
:102990002DE9F0410022CC7804F00F03E40601D5C4
:1029A0008C7823430C784FF00F0714F0FF0F4FF093
:1029B000010C1CD005680CFA02F40E882640A642D1
:1029C00011D1960007FA06F825EA080503FA06F879
:1029D00048EA0505CE78282E02D0482E02D002E023
:1029E000446100E00461521C082AE4D305600A88AF
:1029F000FF2A1ED94568002202F108060CFA06F4E7
:102A00000E882640A64210D1960007FA06F825EA5D
:102A1000080503FA06F848EA0505CE78282E00D105
:102A20004461CE78482E00D10461521C082AE3D3B9
:102A30004560BDE8F0810000F0B5154C002801DAD2
:102A4000E36900E06368C0F30346420D120185B2FA
:102A5000C0F301579540032F07D0C2020CD50322C3
:102A6000B240934343F0706209E023F07062636800
:102A700023F07063636002E0AB4343F0706201B126
:102A80002A43002801DAE261F0BD6260F0BD000077
:102A9000000001400246002092680A4200D0012056
:102AA00070474161704701617047000010B50B4CE1
:102AB0000146072301222046FEF7C4FB01212046E0
:102AC000FEF7FFFB02212046FEF78AFB0028F9D023
:102AD0002046BDE81040FEF780BB00000028014002
:102AE00010B50B4C0146072301222046FEF7AAFB36
:102AF00001212046FEF7E5FB02212046FEF770FB90
:102B00000028F9D02046BDE81040FEF766BB000063
:102B1000002801402DE9F04F8DB0044602F0DCFEA4
:102B2000BB490860DFF8ECB2BB4E012C7ED04421DB
:102B3000D02000F068FB04464321D02000F063FB66
:102B400004EB0020FDF711FE07464621D02000F0DF
:102B50005AFB04464521D02000F055FB04EB002031
:102B6000FDF703FE81464821D02000F04CFB0446CF
:102B70004721D02000F047FB04EB0020FDF7F5FDD6
:102B800005463C21D02000F03EFB04463B21D020EE
:102B900000F039FB04EB0020FDF7E7FD82463E2103
:102BA000D02000F030FB04463D21D02000F02BFB6C
:102BB00004EB0020FDF7D9FD80464021D02000F035
:102BC00022FB04463F21D02000F01DFB04EB002037
:102BD000FDF7CBFD0446B7F18E4F05DD4FF08F4179
:102BE0003846FDF798FB0746B9F18E4F05DD4FF0EB
:102BF0008F414846FDF78FFB8146B5F18E4F05DDCD
:102C00004FF08F412846FDF786FB0546BAF18E4FFF
:102C100005DD4FF08F415046FDF77DFB8246B8F150
:102C20008E4F07DD4FF08F41404600E05FE0FDF73B
:102C300072FB8046B4F18E4F05DD4FF08F41204688
:102C4000FDF769FB044687F00040CBF800005046D2
:102C5000FDF713FEDFF8C4A1DFF8C4B1CDE90B1016
:102C600052465B46FDF7F2FCFDF74AFE02904046F5
:102C7000FDF703FECDE9091052465B46FDF7E6FC81
:102C8000FDF73EFE01902046FDF7F7FDCDE9071068
:102C900052465B46FDF7DAFCFDF732FE00903846FF
:102CA000FDF7EBFDDFF87C81CDE905104FF06637CD
:102CB0003A464346FDF7CAFCFDF722FE82464846E7
:102CC000FDF7DBFDCDE903103A464346FDF7BEFCB8
:102CD000FDF716FE80465448544FDFF854B1007893
:102CE000DFF8509102281ED0032843D087E002F07D
:102CF00005FD514831680160504CB4F90000FDF702
:102D00002BFDCBF80000B4F90400FDF725FD4C497C
:102D100008604C48B0F90400FDF71EFD4A49086000
:102D20000DB0BDE8F08FDDE900108AF0004200F040
:102D300069FCFDF7A2FD3A465B46FDF787FC0022E1
:102D40004B46FDF711FCFDF7DBFD30604246009974
:102D5000029800F085FDFDF790FD3A465B46FDF7D1
:102D600075FC00224B46FDF7FFFBFDF7C9FD374917
:102D7000086044E0DDE90732DDE9091006F038F8C3
:102D800000224B46FDF7F0FB3A465B46FDF75EFC42
:102D9000FDF7B6FD8046DDE90732DDE90B1006F0F0
:102DA00027F800224B46FDF7DFFB3A465B46FDF76E
:102DB0004DFCFDF7A5FD0746DFF894A0DDE9051001
:102DC0004FF066394A465346FDF740FCFDF798FD43
:102DD00001464046FEF7D0FF80F000403060DDE95C
:102DE00003104A465346FDF731FCFDF789FD0146C5
:102DF0003846FEF7E3FF80F00041144801600E48BA
:102E0000316801600E4805600F48046088E70000E3
:102E10002000002010000020780000208FC2F5283C
:102E20005C1F9A40665E8D4000000020F1D4C853BC
:102E3000FB210940008066400C000020800000203B
:102E400014000020860000202400002074000020D0
:102E50006666304010B500F0B9F8BDE81040014991
:102E6000FDF75FBAC3F5804070B51A4E1848B061DF
:102E70000320F061184CD4F83804FDF776FC174DA8
:102E80006860D4F8B004FDF770FCA8602068FDF716
:102E90006CFCE860D4F8F000FDF767FC2861D4F81A
:102EA0006801FDF762FC6861002455F8241011F0F8
:102EB000FF4F07D0B069FDF749FD03D255F8240054
:102EC000B061F461641CE4B2072CEED370BD000065
:102ED000003C1C4614040020802700204C490020A0
:102EE00010B50D4C012020600F2006F0B7FA00222B
:102EF00022600A49088803060CD500F03F00000450
:102F00004B881844AA2358434FF47A73B0FBF3F06C
:102F100048600A8010BD000080012142C4000020EA
:102F200070B527496FF02F0408788A78303800EBA5
:102F3000C00303EB001002EB80024878214B3038CD
:102F400000EB800004EB400010441880C8784A79F8
:102F5000303800EBC00505EB001002EB8002087969
:102F6000303800EB800004EB4000104458801648D5
:102F70000078092823D188790A7A303800EBC00517
:102F800005EB001002EB8002C879303800EB8000BE
:102F900004EB400002449A80487ACD7A303800EB46
:102FA000C00606EB001005EB8005887A303800EB90
:102FB000800004EB40002844D88042431A8170BD51
:102FC00068250020EA030020D502002010B5052066
:102FD000FEF7B2FAFDF7C9FBBDE810400149FDF765
:102FE000A0B900003333533A2DE9F0470646DDE936
:102FF00008890F4610469A46FDF7CDFB04460D465C
:103000005046FDF7C8FB02460B4630463946FDF7F1
:103010001DFB22462B46FDF7A7FA42464B46FDF71D
:10302000FCF9BDE8F04708F045B810B54008FDF7D9
:10303000B2FBBDE810406FF00502FDF776BB000063
:103040002DE9FC4780460022DFF8CC9009E008EB30
:103050008200808900F064F809EB02110860521CBC
:10306000D2B298F803009042F1D8B8F80400FFF704
:10307000DCFF04460D46B8F80600FFF7D6FF06460B
:103080000F46C9E9024598F80300401E09EB0010FD
:10309000C0E902673B46324620462946FDF718FC48
:1030A0000CD222462B4600201C49FDF757FA324627
:1030B0003B46FDF7B2F906460F4607E022462B468F
:1030C00030463946FDF74AFA06460F4600221346B7
:1030D00030463946FDF7E4FB17D04FF0010A0FE008
:1030E000C3B2524630463946CDE90045FFF77CFF72
:1030F00009EB0A12C2E902010AF1010A0AF0FF0A09
:1031000098F80300401E5045EADC98F80300BDE83B
:10311000FC4702F05BBF0000202D002000807640BD
:10312000010AC0F3850040EA811070472DE9F35F82
:10313000FDF720FB2B4C00222346FDF715FA6FF01C
:1031400001052A46FDF7F1FA274E00223346FDF726
:103150007DFA0022254BFDF779FAFDF7D1FBFDF74B
:103160008CFB234FDFF88C903A464B46FDF7FCF979
:10317000DFF884A000225346FDF7F6F9DFF87CB0B3
:1031800000225B46FDF762FAFDF7BAFBDFF87080BC
:10319000C8F808000198FDF7EDFA00222346FDF774
:1031A000E3F92A46FDF7C1FA00223346FDF74EFA4D
:1031B00000220E4BFDF74AFAFDF7A2FBFDF75DFB7F
:1031C0003A464B46FDF7D0F900225346FDF7CCF9BD
:1031D00000225B46FDF73AFAFDF792FBC8F80C00B7
:1031E000BDE8FC9F0000694000003E400000264012
:1031F000F1D4C853FB21094000C0504000002440D6
:103200002C010020FEE770B504460D4600F0CEF814
:10321000204600F09BF800F011F9284600F096F8DF
:1032200000F00CF900F0C2F8641CE0B200F08EF877
:1032300000F004F9002000F053F8044600F0E2F832
:10324000204670BD70B50B4C002565600A480168CA
:1032500021F470610160016841F4407101602560F2
:10326000012006F0FBF80120606006F0F7F86560C9
:1032700070BD0000A8812142040C014008B5012165
:10328000082002F091F94FF44060ADF800001020E2
:103290008DF8030003208DF8020069460148FFF70E
:1032A00077FB08BD000C014070B50B4C0025656034
:1032B0000A48016821F470610160016841F44071BD
:1032C000016001262660012006F0C8F86660012032
:1032D00006F0C4F8656070BDA8812142040C01406D
:1032E0002DE9F047814600241648016821F47061F9
:1032F0000160016841F4006101600025124E002761
:103300004FF00108C6F8AC71022006F0A7F8C6F825
:10331000AC816006040ED6F8280108B1641CE4B242
:10332000022006F09BF86D1CEDB2082DEAD3B9F12E
:10333000000F02D0FFF786FF01E0FFF7B5FF204640
:10334000BDE8F087040C0140008021422DE9F041E6
:1033500005461448016821F470610160016841F478
:1033600040710160104E4FF00008C6F8AC81002497
:103370000127E809C6F8A8016806050E012006F035
:103380006DF8C6F8AC71012006F068F8C6F8AC819B
:10339000012006F063F8641CE4B2082CE9D3BDE810
:1033A000F0810000040C01400080214270B51348F8
:1033B000016821F470610160016841F440710160AD
:1033C0000F4C0120C4F8A801D4F8281100290BD013
:1033D000C4F8AC0106F042F80025C4F8A851D4F8AE
:1033E000280118B1002070BD002070BD012006F03A
:1033F00035F8C4F8AC51012070BD0000040C014048
:103400000080214210B50B48016821F47061016011
:10341000016841F440710160074C00206060206049
:10342000012006F01BF8012060602060BDE810401C
:1034300006F014B8040C0140A881214270B50024A4
:103440001448016821F470610160016841F4006171
:103450000160114D0126C5F8A861012005F0FEFFAD
:10346000C5F8AC61012005F0F9FF0AE0641CE4B284
:10347000322C03D9FFF7C6FF002070BD012005F0F4
:10348000EDFFD5F828010028F0D1C5F8AC010120E6
:1034900070BD0000040C01400080214210B51446AC
:1034A000FFF7B1FE2070012010BD2DE9F84305465D
:1034B0000E46174698466A4631462846FFF7EEFF05
:1034C0000124BC40B8F1000F04D09DF8000044EA8C
:1034D000000202E09DF80020A243D2B200923146E1
:1034E000284600F031F8BDE8F8832DE9F843064698
:1034F000DDF820800F4614461D466A4639463046A0
:10350000FFF7CCFFF0B1611CFF20C4F1080200FA04
:1035100001F12A44521ED0400143C8B2C5F108014E
:1035200008FA01F808F0FF03C4F10701CB409DF849
:10353000002002401A4300923946304600F004F859
:10354000BDE8F8830020FBE707B502AB012200F0DD
:1035500001F80EBD2DE9F04180460F4616461D4686
:103560000024FFF723FF4046FFF7F0FEFFF766FF5A
:103570003846FFF7EBFEFFF761FF06E0285DFFF737
:10358000E5FEFFF75BFF641CE4B2B442F6D3FFF73D
:1035900039FF0120BDE8F081094801680948016050
:1035A0000949096841600949096881600849096851
:1035B000C1600849096801610749096841617047AC
:1035C00048010020D02400204C01002050010020A0
:1035D00054010020580100205C01002041060748EA
:1035E000826942F0010282610548426822F0E0628D
:1035F000426042680A434260704700000010024087
:10360000000001402DE9F04FABB007469148D0E9EA
:103610001056D0E90E43CDE92956CDE9274326922D
:1036200000F1480222AE3CCA3CC6D0E90223CDE9F3
:103630002023D0E90423CDE91E2300F158021AAE5D
:103640003CCA3CC6066800F168023CCACDE91623B4
:10365000CDE91845C2698069CDE9140200201290B5
:103660001390109011900C900D900E900F90089068
:1036700009900A900B900690079005900846FDF778
:10368000FCF804460D4687F00040FDF7F6F82246A8
:103690002B4605F0ADFBFDF733F9049012AFDFF8D0
:1036A000B881CDE90187022222AC012311461046E0
:1036B000009408F0EDFB26A920AACDE9002110A86E
:1036C000012302901A461946022008F0E1FB1099E6
:1036D0001298FCF7CEFD08F108052860119913989F
:1036E000FCF7C7FD68600DF1300905F12800CDE950
:1036F000010902231A4619460094184608F0C8FB2F
:1037000016A90223CDE9009108A802901A4619468D
:10371000184608F0BDFB1A990898FCF7AAFD4F4C13
:1037200020601B990998FCF7A4FD60601C990A9819
:10373000FCF79FFDA0601D990B98FCF79AFDE060D7
:103740000DF1780B06A80223CDE900B402901A46C9
:103750001946012008F09CFB0DF1140A14A8CDE9CC
:10376000010A06A90123022200911146184608F019
:103770008FFB31460598FCF77CFD01464FF07E50EB
:10378000FCF701FE059014A8CDE9010702220123F0
:1037900011460094104608F07BFB0123CDE9007A26
:1037A00005F108061A4619460220029608F070FB39
:1037B000CDE900B50123022211461846CDF808A034
:1037C00008F066FBDDE90401FCF7A5FD0590CDE9F5
:1037D00001A701231A4619460220009608F058FB5B
:1037E00012992868FCF745FDC8F80000139968682D
:1037F000FCF73FFDC8F80400CDE901B9022301221E
:1038000011461846009608F043FB0C992798FCF7E0
:1038100082FD0C900D992898FCF77DFD0D900E9976
:103820002998FCF778FD0E900F992A98FCF773FD04
:103830000F90022305F12800CDE9009402901A466A
:103840001946184608F024FBD8F800002BB0BDE854
:10385000F08F000050E00008940300203425002081
:103860002DE9F04FABB007460B469549D1E92056FC
:10387000D1E91E40CDE92956CDE92740269201F134
:10388000800000F1080274CACDE92224CDE9245653
:10389000D1E90824CDE92024D1E90A24CDE91E2468
:1038A00000F1180274CACDE91A24CDE91C564E68FD
:1038B000D0E90B45826A406BCDE917451692199005
:1038C000D1E90C01CDE91401002012901390109061
:1038D00011900C900D900E900F90089009900A9006
:1038E0000B900690079005901846FCF7C6FF04461B
:1038F0000D4687F00040FCF7C0FF22462B4605F03E
:1039000077FAFCF7FDFF049012AFDFF8B881CDE93C
:103910000187022222AC012311461046009408F0D0
:10392000B7FA26A920AACDE9002110A80123029008
:103930001A461946022008F0ABFA10991298FCF7C3
:1039400098FC08F10805286011991398FCF791FC80
:1039500068600DF1300905F12000CDE9010902236D
:103960001A4619460094184608F092FA16A902233E
:10397000CDE9009108A802901A461946184608F0A9
:1039800087FA1A990898FCF774FC4F4C20601B9931
:103990000998FCF76EFC60601C990A98FCF769FCBA
:1039A000A0601D990B98FCF764FCE0600DF1780BAA
:1039B00006A80223CDE900B402901A461946012058
:1039C00008F066FA0DF1140A14A8CDE9010A06A957
:1039D0000123022200911146184608F059FA314697
:1039E0000598FCF746FC01464FF07E50FCF7CBFCF7
:1039F000059014A8CDE90107022201231146009485
:103A0000104608F045FA0123CDE9007A05F10806D1
:103A10001A4619460220029608F03AFACDE900B596
:103A20000123022211461846CDF808A008F030FA0A
:103A3000DDE90401FCF76FFC0590CDE901A7012346
:103A40001A4619460220009608F022FA12992868B0
:103A5000FCF70FFCC8F8000013996868FCF709FC34
:103A6000C8F80400CDE901B9022301221146184625
:103A7000009608F00DFA0C992798FCF74CFC0C9076
:103A80000D992898FCF747FC0D900E992998FCF7A2
:103A900042FC0E900F992A98FCF73DFC0F900223F0
:103AA00005F12000CDE9009402901A461946184607
:103AB00008F0EEF9D8F800002BB0BDE8F08F000058
:103AC00050E00008AC0300204425002008B5012187
:103AD000042001F069FD4FF48070ADF8000048202B
:103AE0008DF8030069460248FEF752FF08BD00004A
:103AF0000008014010B5044600F018F80A4A0128F1
:103B000007D00020508010805088022809D0002063
:103B100010BD5188641CB1EB440FF5D2491C518093
:103B2000F2E70120108010BDC000002010B54FF456
:103B300080710448FEF7AEFF08B1002010BD0120DF
:103B400010BD0000000801400E480021C16301645F
:103B500041648164C164016541658165C165016637
:103B600041668166C166016741678167C16781629D
:103B7000C162016341638169C1614FF0FF318163BB
:103B800007F07CB8C00100202DE9FF5F05460E4616
:103B9000D7480090A81900EBD0704010FCF7DCFD6E
:103BA0000446D4484FF400080068FCF7D5FD4445AE
:103BB00004DB2146FCF7B2FB814603E02146FCF71B
:103BC00058FB8146CC4F444501DBB94503D2BC428A
:103BD00003D3C14501DB4FF00009C84CC848E16E72
:103BE00000680390FCF797FBC649FCF79AFB8246F6
:103BF0000398E066616D48468B46FCF78CFBC24932
:103C0000FCF78FFB5946FCF734FB606501464846DC
:103C1000FCF781FBA16D8946FCF77DFBDFF8ECB278
:103C20005946FCF77EFB4946FCF723FB8146A0651D
:103C3000E16D50460291FCF76EFBB349FCF771FB56
:103C40000299FCF716FBE06501465046FCF763FB62
:103C5000216E8A46FCF75FFB5946FCF762FB514632
:103C6000FCF707FB8346206649464846FCF759FBAC
:103C70008246A749606EFCF754FB5146FCF7F9FAFF
:103C80008246606659464846FCF74BFB8146A04990
:103C9000A06EFCF746FB4946FCF7EBFAA0664FF036
:103CA0007E59CA4508DD5146FCF76DFB6063B8429A
:103CB00002D380F000406063E16B03988A46FCF712
:103CC0002AFB9449FCF72DFB5146FCF7D2FAE0633E
:103CD00001460398FCF71FFB216C8A46FCF71BFB8F
:103CE0008D49FCF71EFB5146FCF7C3FA20640146E0
:103CF000FCF717FB616C8B46FCF70DFBDFF81CA291
:103D00005146FCF70EFB5946FCF7B3FA6064FCF72A
:103D1000B4FD08F039FCFCF7F3FD8149FCF733FBF7
:103D2000A0628048A16C00688B460190FCF7F3FA12
:103D30007D49FCF7F6FA5946FCF79BFAA064014668
:103D40000198FCF7E8FAE16C8B46FCF7E4FA774956
:103D5000FCF7E7FA5946FCF78CFAE0640146FCF7F9
:103D6000E0FA216D8B46FCF7D6FA5146FCF7D9FAFA
:103D70005946FCF77EFA2065FCF77FFD08F004FC4D
:103D8000FCF7BEFDE0624FF42F60854208DA414245
:103D90008D4205DD864203DA8E4201DD4FF00009D7
:103DA0004846216B0D46FCF7B6FA5146FCF7B9FAC6
:103DB0002946FCF75EFA2063206A002804DBE061F4
:103DC000BDE8FF5F06F05ABFE06C0026B84201D3A1
:103DD00080F00040E168FCF7B9FD16D22168A06AC6
:103DE000FCF7AAFD11D2E06904280EDA0420E06194
:103DF00066644F48E067606A401C606226676667D9
:103E0000A667BDE8FF5F06F039BFE06F404503DB02
:103E10000099FCF780FAE067A06F404509DB009944
:103E2000FCF779FAA06726676667BDE8FF5F06F0D2
:103E300025BF2168A06AFCF789FD31D2E06900281E
:103E40002EDDE06F40452BDA01252769012120682E
:103E5000FCF7D7FAA16AFCF76FFD05D202253549B8
:103E60002069FCF75EFA074666670099206FFCF749
:103E700000FA20673946FCF769FD0DD8E069401B60
:103E8000E061002800DAE66126674FF0FF316069E3
:103E9000FCF7B7FAA0676664BDE8FF5F06F0EEBE08
:103EA00026676168E06AFCF751FD1CD2A168A06A30
:103EB000FCF742FD17D2E069042814DA0099606F1C
:103EC000FCF7D7F9054660671B492069FCF729FA1A
:103ED0002946FCF731FD07D8E069401CE0616667C0
:103EE0006069A06700E06667BDE8FF5F06F0C6BED8
:103EF0000AD7A33B2C01002000008080C0010020D5
:103F00001000002000004843D34D223E9487C53E58
:103F100077BE7F3F5CAB4D3E0745AB3E9D4A863C3E
:103F2000333383410C00002037FA183CD027723D10
:103F3000000040409A99993E9A99193F05480021FE
:103F40008161C161016241628162C16201210161DD
:103F50007047000088010020042800D30320064990
:103F60000860C0EBC002054800EBC200026B8A602B
:103F7000406BC8607047000088010020C4D2000870
:103F800010B51F48006810F0FF4F04D11D480068AD
:103F900010F0FF4F01D0012100E000211A48006815
:103FA00000F044F819494868012802D0022803D0DB
:103FB00004E00020086101E001200861144A08695A
:103FC00030B10868C0EBC00002EBC000183004E05C
:103FD0000868C0EBC00002EBC0000E4A0168116027
:103FE0000D4A416811600D4A816811600C4AC16830
:103FF00011600C4A016911600B494069086010BDED
:104000002C0000203000002010000020880100203B
:10401000C4D20008480100204C01002050010020BB
:1040200054010020580100205C0100202DE9F041DE
:1040300007460C463A4E3B4D3846A9698846FCF780
:104040006AF93949FCF76DF94146FCF712F9A861A4
:1040500001463846FCF75FF9E9690F46FCF75BF962
:104060003249FCF75EF93946FCF703F9E86101468D
:10407000FCF757F9296A0F46FCF74DF92C49FCF774
:1040800050F93946FCF7F5F82862FCF7F6FB08F022
:104090007BFAFCF735FC2749FCF775F9686126497E
:1040A000EA6A8A4207DA31461046FCF7E2F8E8622B
:1040B0002869BDE8F081002714B16F622869F8E72C
:1040C000AA6AB2F5000F07DB31461046FCF723F968
:1040D000A8626F622869ECE72C692CB9A968FCF723
:1040E0002BFC01D2012407E0286928B1E96868693E
:1040F000FCF72CFC00D20024286984420CD0314605
:10410000686AFCF7B6F86862B0F1804F05DB2C6195
:104110006F620A48A86200E06F622869C9E7000080
:104120000AD7A33B880100201FBAE83E9296163FAB
:104130009D4A863C333383416666663F00004040BB
:1041400070B51F4B5C8900211E4DD5F82001DA891E
:10415000C82A10D298B1B0F5C87F10D8521C92B2BC
:10416000DA81588100F1C8069E81C72A03D1012255
:104170005A70C822DA819A89904200D284B2491CCE
:10418000C9B20529E3D3D889C82809D328680E4DB8
:10419000401EB0F5C77F04D80C4900200860286095
:1041A00070BD01F0F9FE5889FCF7DFFA064620469B
:1041B000FCF7DBFA3146FEF785F8286070BD000099
:1041C0001404002080270020300000202C00002054
:1041D0002DE9F0472D4C258A00212D4E0123D6F8DC
:1041E0002001A28AC82A0FD290B1B0F5C87F0FD89B
:1041F000521C92B2A282208200F1C8076782C72AAD
:1042000002D1A370C822A282628A904200D285B2F3
:10421000491CC9B20529E4D3A08AC82818D330683C
:10422000DFF870801C4FDFF87490002690B1618A2F
:1042300088420FD2A07940B9A3711948C8F800008C
:1042400018483860012005F0FFF8C9F80060E663FF
:10425000BDE8F08706F080FB0028F9D1A07901289D
:104260000DD001F099FE208AFCF77FFA044628461B
:10427000FCF77BFA2146FEF741F83860E8E7A671C3
:10428000C9F800603E60C8F80060E1E7140400204F
:10429000802700206C010020300000202C0000202E
:1042A0000000F041000016C41FB50121084601F0CE
:1042B0007BF90121042001F077F94FF48054ADF827
:1042C0000C4048208DF80F0003A91148FEF760FB51
:1042D0000C210020FEF748FB019400208DF8080017
:1042E0000C208DF8090001248DF80A4001A8FEF782
:1042F0006DF928208DF8000002208DF801008DF85E
:1043000002408DF80340684600F07AF81FBD0000B7
:104310000008014010B5022000F011F8032000F061
:1043200020F8002000F014F8002000F02FF8002002
:1043300000F026F8BDE81040002000F01BB808B5DA
:104340000323009002226B21D020FFF7CEF808BD96
:1043500008B50223009004221C21D020FFF7C5F8E5
:1043600008BD08B50223009004221B21D020FFF7CE
:10437000BCF808BD034601223721D020FFF795B8CD
:10438000034605226A21D020FFF78FB80346062294
:104390006B21D020FFF789B8FEE7000010B500249C
:1043A00001231A46194611A000F05FF80FE0002023
:1043B00001F07CFA0444012001F078FA201A04B2DA
:1043C000204604F0F1FE07F005FF02F083FC012017
:1043D000FFF790FB0028EAD001F04CFC01F07CFDD7
:1043E00001F09CFDBDE8104001F06CBC312E53740F
:1043F000616E64617264204D6F64650070470000F7
:1044000070B50F23C27801260178002A1ED0144A05
:10441000126802F4E062C2F5E062120AC2F104041A
:10442000D3404578A54082781A402A43120101F111
:10443000E02181F80024007800F01F018E4040093F
:10444000800000F1E020C0F8006170BD01F01F00A5
:1044500086404809800000F1E020C0F8806170BD0E
:104460000CED00E0002001F0D5BA38B51446491E25
:10447000022908D801EB810149060A0E0093234660
:10448000002100F001F838BD2DE9F0410746069CF7
:104490000D461646002B01D0FFF7E4FF31462846B3
:1044A00001F0C4FA01220649384601F019FB002C3C
:1044B00003D0BDE8F04100F07DB9BDE8F081000017
:1044C000A400002010B500F015F800F0D3F8012387
:1044D000BDE810401A46194601A0FFF7C6BF00000C
:1044E0006F6C656420696E697420737563636573AE
:1044F000732100000748816941F008018161064885
:10450000016821F0FF010160016841F033010160A1
:104510007047000000100240040C01402DE9F041FA
:1045200005461448016821F0F0010160016841F07E
:1045300030010160104E4FF00008C6F8A081002441
:104540000127E809C6F8A4016806050E0120FDF759
:10455000A8FEC6F8A0710120FDF7A3FEC6F8A08151
:104560000120FDF79EFE641CE4B2082CE9D3BDE8EF
:10457000F0810000040C01400080214270B5134816
:10458000016821F0F0010160016841F03001016033
:104590000F4C0120C4F8A401D4F8241100290BD039
:1045A000C4F8A001FDF77DFE0025C4F8A451D4F89D
:1045B000240118B1002070BD002070BD0220FDF75D
:1045C00070FEC4F8A051012070BD0000040C014031
:1045D0000080214270B50D48016821F0F0010160B2
:1045E000016841F030010160094C002020606060EA
:1045F0000220FDF756FE012525600120FDF751FE42
:104600006560BDE870400220FDF74BBE040C014020
:10461000A081214270B500241448016821F0F00106
:104620000160016841F080010160114D0126C5F86B
:10463000A4610120FDF735FEC5F8A0610120FDF75A
:1046400030FE0AE0641CE4B2322C03D9FFF7C2FF4B
:10465000002070BD0120FDF724FED5F824010028BC
:10466000F0D1C5F8A001012070BD0000040C01408C
:104670000080214210B540F6C410401E0028FCD135
:10468000AE2200213C2007F0A5FFA62200213C20FD
:1046900007F0A0FFAE2200213C2007F09BFFD522AF
:1046A00000213C2007F096FF802200213C2007F0EB
:1046B00091FFA82200213C2007F08CFF1F2200213F
:1046C0003C2007F087FFD32200213C2007F082FF27
:1046D000002211463C2007F07DFF402200213C20B3
:1046E00007F078FF8D2200213C2007F073FF142291
:1046F00000213C2007F06EFF202200213C2007F023
:1047000069FF022200213C2007F064FFA122002162
:104710003C2007F05FFFC82200213C2007F05AFF31
:10472000DA2200213C2007F055FF022200213C2024
:1047300007F050FF812200213C2007F04BFFCF22E1
:1047400000213C2007F046FFD92200213C2007F041
:1047500041FFF12200213C2007F03CFFDB22002139
:104760003C2007F037FF402200213C2007F032FFB9
:104770002E2200213C2007F02DFFA42200213C2006
:1047800007F028FFA62200213C2007F023FFAF22DC
:1047900000213C2007F01EFF002001F03BF901F052
:1047A000B3F903480021018041800121417110BD0E
:1047B0009C00002001F0A8B970B50546FFF752FE35
:1047C0000024295D202903D2A0B2012201F000F9C2
:1047D000641C802CF5DBBDE87040FFF7EBBF2DE9D2
:1047E000F04104460F4616461D46FFF7C7FE68B166
:1047F0006006000EFFF792FEFFF70CFF48B1384647
:10480000FFF78CFEFFF706FF00240DE00120BDE856
:10481000F081FFF7DFFE0120F9E7285DFFF77EFE5C
:10482000FFF7F8FE30B1641CB442F6DBFFF7D2FEAE
:104830000020ECE7FFF7CEFE0020E8E71FB56B464F
:1048400001AA02A903A808F059F89DF80800394BFD
:1048500001280AD19DF80C1039B99DF804100129DE
:1048600003D19DF80010012905D09DF80C1050EAE5
:10487000010403D00AE0FF2018701FBD9DF804203A
:10488000012A03D19DF80020012A01D018B10CE0C3
:10489000FE2018701FBD012907D19DF80420012AB0
:1048A00003D19DF80020012A04D09DF80420144370
:1048B00003D006E0FD2018701FBD9DF80040012CBC
:1048C00002D0012803D009E0FC2018701FBD012987
:1048D00004D11AB99DF80040012C02D0012803D060
:1048E00008E0012018701FBD012903D112B99DF8FD
:1048F000004014B1012803D009E0022018701FBD48
:10490000012904D1012A02D19DF8004014B10128E7
:1049100003D007E0032018701FBD19B912B99DF824
:10492000000020B11143F7D1002018701FBD0420F2
:1049300018701FBDDC0200200149085C70470000B0
:10494000EC0700200020044A00211154401CC0B292
:104950000928FAD370470000EC0700202DE9F8433E
:104960008046012500951A4E002777700095194C56
:1049700024E0BDF8000010EA080F02D0C4F8BC51D2
:1049800001E0C4F8BC71C4F8B451052004F066FD20
:10499000C4F8B471052004F061FDC4F8B451D4F832
:1049A000380120B17178BDF8000001437170BDF885
:1049B00000004FF6FF7101EA40000090BDF80000D2
:1049C000FF28D6D9BDE8F843102004F047BD000009
:1049D000EC070020008021422DE9F05F0720FFF75F
:1049E000ABFF7A4CA0600820FFF7A6FFE06005202F
:1049F000FFF7A2FF20610620FFF79EFF606100F035
:104A0000F5F8A061A268724B4FF002094FF0030A5B
:104A10004FF0040B4FF0010C4FF00008FF2A08D1B3
:104A2000E168FF2905D12169FF2902D16169FF29C8
:104A300002D0616831B107E0616801295BD1C4F837
:104A4000048058E0C4F804C0322A02DAE16832294E
:104A500005DB2169322905DA6569322D02DA072181
:104A6000197048E0962A02DDE568322D04DB9629AC
:104A700005DD6569322D02DA082119703BE0322A22
:104A800002DAE568962D04DC322905DA6569962D8F
:104A900002DD092119702EE0962A02DDE568962DC7
:104AA00004DC962905DD6569962D02DD0A21197061
:104AB00021E0E5685A2D02DB66695A2E03DA83F895
:104AC00000C0BDE8F09F962D01DC962E02DD83F834
:104AD0000090F6E75A2A01DB5A2902DA83F800A08F
:104AE000EFE7962A01DC962902DD83F800B0E8E7BB
:104AF00008B983F80080401F3649374E374F384D8C
:104B00000C284AD2DFE800F03D4043460622062248
:104B10003D4043462078401CC0B22070052801D992
:104B2000052020703068FBF7A4FB0446306039464E
:104B30002868FBF79EFB014628602A48844200DD76
:104B4000306029488142BCDD2860BAE72078401EE9
:104B5000C0B2207008B984F800C088463068FBF7FE
:104B6000DAFB0446306039462868FBF7D4FB01467F
:104B70002860444501DAC6F80080B942A1DA2F6006
:104B80009FE783F800C09CE783F800B099E783F8BB
:104B9000009096E783F800A093E76068012802D0B0
:104BA00083F800808DE7E0685B38312889D25B3A72
:104BB000312A86D260695B38312882D220695B381D
:104BC000312886D283F800807BE70000B8020020FD
:104BD0006A020020000020416001002000004041E6
:104BE00064010020000048420000704270B5FFF7E9
:104BF000A9FE00F0BDF80D48C178007941EA002116
:104C00000B48418000200A4B1B1D012513F8104062
:104C1000641E05FA04F20A4202D1401CC0B270BD03
:104C2000401CC0B21028F1D3002070BDEC0700205A
:104C3000F200002010B5144C00202060102004F079
:104C40000DFC0120FFF78AFE4320FFF787FE0020BE
:104C5000FFF784FE0120FFF781FE0020FFF77EFEB4
:104C60000020FFF77BFE0020FFF778FE0020FFF713
:104C700075FE0020FFF772FE01202060BDE81040A5
:104C8000102004F0EBBB0000B081214210B5144CA1
:104C900000202060102004F0E1FB0120FFF75EFE01
:104CA0004320FFF75BFE0020FFF758FE0020FFF7D0
:104CB00055FE5A20FFF752FE5A20FFF74FFE5A20AA
:104CC000FFF74CFE5A20FFF749FE5A20FFF746FE39
:104CD00001202060BDE81040102004F0BFBB0000A0
:104CE000B0812142F8B50121082000F05DFC482088
:104CF0008DF803004FF48040ADF8000003248DF8D8
:104D000002401A4E69463046FDF742FE0121082056
:104D100000F04AFC10258DF80350E802ADF80000C1
:104D20008DF8024069463046FDF732FE0121082029
:104D300000F03AFC8DF803502802ADF800008DF821
:104D4000024069463046FDF723FE0121082000F0AD
:104D50002BFC8DF803506802ADF800008DF802407E
:104D600069463046FDF714FEF8BD0000000C014016
:104D70002DE9FC410027019701260096204CC4F83C
:104D8000B071204D2878FFF7E9FD6878FFF7E6FD60
:104D9000022001902CE000961B4D4FF6FF781CE09E
:104DA000C4F8B461052004F059FBC4F8B4710520BF
:104DB00004F054FBC4F8B461D4F8380140B19DF854
:104DC0000400BDF80010285C08439DF804106854E6
:104DD000BDF8000008EA40000090BDF80000FF2880
:104DE000DED9102004F03AFB9DF80400401C01902D
:104DF0009DF804000928CED3C4F8B061BDE8FC8159
:104E000000802142F2000020EC07002010B500F0E5
:104E10000DF800F00BF800F009F8FFF70BFF00F0B9
:104E200025F8BDE81040FFF731BF000010B50E4C6B
:104E300000202060102004F011FB0120FFF78EFD00
:104E40004220FFF78BFD0020FFF788FD0020FFF7D1
:104E500085FD0020FFF782FD01202060BDE81040A5
:104E6000102004F0FBBA0000B081214210B5124CB2
:104E7000002020600120FFF771FD4420FFF76EFD48
:104E80000020FFF76BFD0120FFF768FDEE20FFF724
:104E900065FD0020FFF762FD0020FFF75FFD0020A9
:104EA000FFF75CFD0020FFF759FD01202060BDE801
:104EB0001040102004F0D2BAB081214205490028E8
:104EC00002DD096808447047FDDA4968A0EB01007B
:104ED000704700002C010020884200DD0846904207
:104EE00000DA1046704770472DE9F0478046894642
:104EF00016461F46294C0025A088002814D13046AC
:104F000007F019F88246384607F015F85044322861
:104F100003DAE088401CE08000E0E580E0880A28B1
:104F200002D90120A080E580A088012820D1208915
:104F3000401C80B22081C82801D92581A58018484D
:104F4000DFF860A0804513DDDAF800001438FBF7C5
:104F500003FC4946FBF7F0FC0AD2DAF800001430F3
:104F6000FBF7FAFB4946FBF7F1FC01D20220A080D7
:104F7000A088022810D16089401C80B2608164281A
:104F800001D96581A580F01906F0D5FF322803DD2F
:104F9000A5800120BDE8F0870020FBE71801002074
:104FA00000E0AB46280000202DE9F04F8BB0DFF881
:104FB000E4820125002798F80100B74C3038052815
:104FC00011D2DFE800F00E0305080B00A5700BE01E
:104FD0000220A07008E00320A07005E00420A0706B
:104FE00002E0A77000E0A77098F80300312801D113
:104FF0000521A170322801D10620A070A548FBF739
:1050000016F915280AD227705021A248FBF7F8F8A4
:105010000BB0A2A0BDE8F04F02F0E6B998F8050089
:10502000312802D0322808D00EE000F071F90520B6
:1050300004F0EEF900F06CF906E000F07DFC00F001
:1050400067F99BA002F0D0F998F80700312802D048
:10505000322805D008E0656095A002F0C5F903E0AC
:10506000676093A002F0C0F998F80900DFF848B231
:10507000312853D11C2104A8FBF7C2F802970397EB
:10508000009701978DA1834800F0D6FF0646701C5B
:105090007ED0E06808EB0609821B494604A8FBF7AE
:1050A00096F887A104A800F0C7FF0546681C6FD0DA
:1050B000AA1E0DF1100A0DF1120102A8FBF787F8E4
:1050C00002A803F063FF00225B46FBF74DFAFBF7F3
:1050D00017FC7C4908601C2104A8FBF791F8E168E3
:1050E00070190A1A09EB0501491C04A8FBF76FF8AF
:1050F00073A104A800F0A0FF411C49D0821E0AF150
:1051000002016846FBF763F8684603F03FFFFBF7D0
:10511000F7FB6D49086066A002F066F998F80B008D
:10512000312855D11C2104A8FBF76AF80297039790
:105130000097019765A1574800F07EFF0646701C56
:1051400026D0E06808EB0609821B494604A8FBF755
:105150003EF85BA104A800F06FFF0546681C17D05D
:10516000AA1E0DF1100A0DF1120102A8FBF72FF88B
:1051700002A803F00BFF00225B46FBF7F5F9FBF7F3
:10518000BFFB534908601C2104A8FBF739F800E075
:105190007DE0E16870190A1A09EB0501491C04A8B1
:1051A000FBF715F846A104A800F046FF411C6ED09D
:1051B000821E0AF102016846FBF709F8684603F00F
:1051C000E5FEFBF79DFB4349086039A002F00CF9AE
:1051D00098F80D00312852D11C2104A8FBF710F8D3
:1051E00002970397009701973BA12A4800F024FFFC
:1051F0000646701C4BD0E068B044821B414604A8B0
:10520000FAF7E5FF2EA104A800F016FF0546681C7A
:105210003DD0AA1E0DF110090DF1120102A8FAF7F6
:10522000D6FF02A803F0B2FE00225B46FBF79CF912
:10523000FBF766FB294908601C2104A8FAF7E0FF88
:10524000E16870190A1A08EB0501491C04A8FAF76D
:10525000BEFF23A104A800F0EFFE411C17D0821E60
:1052600009F102016846FAF7B2FF684603F08EFEC4
:10527000FBF746FB1B4908600DA002F0B5F827704C
:105280000BB05021BDE8F04F0248FAF7B9BF0BB0A0
:10529000BDE8F08F8024002068020020245265635E
:1052A000656976655061636B4572726F72230000A9
:1052B000244F4B23000000000000594041500000E3
:1052C0002C000000480100204C0100205650000036
:1052D00050010020540100205450000058010020CB
:1052E000230000005C01002010B5074807498268D0
:1052F00001F15000521CFAF76AFFBDE8104050213E
:105300000248FAF77DBF0000680200203024002028
:1053100070B532215D48FAF773FF5C485CA11C3818
:105320000968C1615B485C4C0068A0427DD25B4D5E
:105330002946FBF728F8FBF7A0FA02460B4658A1CE
:10534000594802F013FB59480068A0426ED2FBF79F
:1053500094FA024654480B4651A10A3002F006FB6B
:1053600053480068A0427CD22946FBF70CF8FBF7B3
:1053700084FA02464C480B4649A1143002F0F6FA72
:105380004C480068A04271D2FBF777FA02464648C3
:105390000B4643A11E3002F0E9FA47480068A042DC
:1053A00069D22946FAF7EFFFFBF767FA02463E4853
:1053B0000B463BA1283002F0D9FA40480068A042D1
:1053C0005ED2FBF75AFA024637480B4634A1323018
:1053D00002F0CCFA34492D48FAF71DFF38A12B48CA
:1053E000FAF719FF304929480A31FAF714FF35A1B5
:1053F0002648FAF710FF2C4924481431FAF70BFF1E
:1054000031A12248FAF707FF274920481E31FAF751
:1054100002FF2EA11D48FAF7FEFE23491B48283142
:10542000FAF7F9FE2AA1194801E010E014E0FAF7B2
:10543000F2FE1D4915483231FAF7EDFE25A1134859
:10544000FAF7E9FEBDE87040104801F0CDBFBDE8B5
:10545000704021A001F0C8BFBDE870401EA001F05F
:10546000C3BFBDE870401CA001F0BEBFBDE87040E6
:1054700019A001F0B9BFBDE8704017A001F0B4BF9A
:10548000BDE8704014A001F0AFBF0000840200200E
:105490002441500048010020000080800000C842E4
:1054A00025332E3266000000E82400204C01002045
:1054B0005001002054010020580100205C01002010
:1054C0002C4144002C5650002C5649002C545000BE
:1054D0002C5444002300000024476574504944457F
:1054E00072726F72230000002DE9F04180460D4674
:1054F000164617480078002804D0164C164FA0898D
:1055000018B116E00020BDE8F08138680A38FBF7D2
:1055100023F94146FBF710FA0BD238680A30FBF743
:105520001BF94146FBF712FA03D215B90EB9012057
:10553000A081A089012809D12D1F242D02D3361F57
:10554000242E03D20020A0810120DCE70020DAE72E
:10555000040000201801002028000020034A5168A0
:1055600021F44041014351607047000000100240A7
:10557000054A002903D0D1690143D1617047D1693F
:105580008143D1617047000000100240054A0029A4
:1055900003D01169014311617047116981431161A1
:1055A0007047000000100240054A002903D09169AD
:1055B0000143916170479169814391617047000097
:1055C00000100240054A002903D0D1680143D16090
:1055D0007047D1688143D1607047000000100240DD
:1055E00010B5264A516801F00C01254B002927D03F
:1055F000042927D0082927D00360516801F0F00161
:105600000909204B5C5C0168E1404160546804F486
:10561000E064240A1C5D21FA04F48460546804F4F4
:105620006054E40A1B5DD940C160526802F44042F4
:10563000920B144B1B1F9A5CB1FBF2F1016110BD80
:105640000360DAE70360D8E7516801F4701153682A
:1056500003F48033022404EB914133B153689B037C
:1056600007D5094B59430160C7E7074B5943016010
:10567000C3E7034B59430160BFE70000001002403D
:1056800000127A004C00002000093D002DE9F0478F
:1056900000240025174E4FF00108C6F800800027AF
:1056A0007760FCF74BFEC6F804803760FCF746FED7
:1056B000C6F800807760A6F5C876FCF73FFEDFF8F5
:1056C0003890C6F89071FCF739FEFCF737FE0420DD
:1056D000FDF7ECF9000929F815006D1CEDB2C6F8CC
:1056E0009081FCF72BFE641CE4B2802CE9D3BDE86A
:1056F000F0870000908121426C0600202DE9F04FD8
:105700008BB0684E07A8CDE9006006F1260108AB12
:1057100003AA881F04F01EF83088C0057ED50398C0
:10572000FBF71AF86FF01D084146FAF76AFE0446C7
:1057300070600498FBF710F84146FAF762FE0746DE
:10574000B0600598FBF708F84146FAF75AFE05469F
:10575000F0600698FBF700F84146FAF752FE8046E3
:10576000306101212046FAF74CFE2946FAF7D9FDAF
:1057700005464FF0404421463846FAF7D2FD4146EF
:10578000FAF7CFFD2946FAF774FDFBF776F803F038
:10579000E7F8DFF814814FF066373A464346FAF7E8
:1057A000E3FEFBF7ADF87061F06801210546FAF7FA
:1057B00028FE82462946FAF7B4FD0546B068214620
:1057C0008146FAF7AEFD4946FAF7ABFD2946FAF7EE
:1057D000A2FD4FF07E51FAF74CFDFBF74EF8044660
:1057E0000D4601217068FAF70CFE4946FAF799FD5B
:1057F000814650463169FAF794FD4946FAF739FD7A
:10580000FBF73BF822462B4603F0F2FA3A464346B2
:10581000FAF7AAFEFBF774F8B06100E03FE03169E7
:1058200089464846FAF77DFDF168044608460A9124
:10583000FAF777FDB16805468A465046FAF771FDDA
:105840007168834608460991FAF76BFD5946FAF7E5
:1058500010FD2946FAF75FFD2146FAF75CFDFBF7DC
:105860000CF804460D4649460998FAF75AFD814658
:1058700050460A99FAF755FD4946FAF7FAFC012114
:10588000FAF7BFFDFAF7F9FF22462B4603F0B0FA0C
:105890003A464346FAF768FEFBF732F8F0610BB080
:1058A000BDE8F08F6000002066A64C400021002873
:1058B00003D0012806D000207047054AB2F9000045
:1058C00011807047034AB2F9000011807047000050
:1058D000240400402408004010B54221D020FDF7E8
:1058E00092FC04464121D020FDF78DFC04EB002002
:1058F000FAF73BFFB0F18E4F03DD4FF08F41FAF71F
:105900000AFD0949FAF73FFDFAF7B7FF074A084BC6
:10591000FAF783FD0022074BFAF726FEFAF7F0FFAD
:10592000BDE81040FAF744BF0000AA43A4703D0A46
:10593000D7434240000024402DE9F047DFF874A02F
:10594000DFF87490DFF874801D4F1E4D1E4C1F4E03
:10595000DAF800002168FAF7EFFF02D02068CAF8F1
:1059600000006168D9F80000FAF7E6FF02D060682D
:10597000C9F80000A168D8F80000FAF7DDFF02D0EE
:10598000A068C8F80000E1683868FAF7D5FF01D0D0
:10599000E068386021692868FAF7CEFF01D02069F5
:1059A000286061693068FAF7C7FF01D0606930602C
:1059B000BDE8F087480100204C0100205001002084
:1059C0005401002058010020D02400205C01002058
:1059D00030B5802813D2202911D20C4B1B790BB182
:1059E00072B10022012301F00704A340C908084D49
:1059F00000EBC110012A05D0295C9943295430BD20
:105A00000122EFE7295C1943295430BD9C00002096
:105A10006C040020002805D0FF224FF400710248DA
:105A2000FAF7E7BB0022F8E76C040020014A108077
:105A3000518070479C0000202DE9F04782460E46B9
:105A40009146DFF898803178B8F800000844802843
:105A500005D2B8F8020071780844202802D300204B
:105A6000BDE8F08700252BE0AAF1200101FB0050E2
:105A7000726832F8107000241EE007FA04F0000487
:105A80000BD5B8F802004A46284481B2B8F80000A5
:105A9000204480B2FFF79CFF0DE0B9F1000F1AD04F
:105AA0000022B8F80200284481B2B8F8000020446F
:105AB00080B2FFF78DFF641C3078A042DDD86D1CEA
:105AC0007078A842D0D8B8F8000031780844A8F817
:105AD00000005046C4E70122E3E700009C000020DC
:105AE00070B504460D46164609E032462946FFF7D2
:105AF000A3FF2178884201D0207870BD641C2078F3
:105B00000028F2D1207870BD70B500240E4D04F14C
:105B1000B000C2B200213C2006F05CFD002211461C
:105B20003C2006F057FD102200213C2006F052FDDB
:105B300005EBC412802340213C2006F051FD641C7B
:105B4000E4B2082CE3D370BD6C0400207047000061
:105B500010B5094CA069401EA0616168012905D1FA
:105B600020B9FBF761FD054801F03EFCA069002863
:105B700001D10120A06110BD68020020E0230020B7
:105B8000AFF300800CB50022019200922748016813
:105B900041F4803101604FF4A063016801F40031E9
:105BA00000910199491C0191009911B901999942FB
:105BB000F3D10168890302D50121009100E0009230
:105BC0000099012930D11A490A6842F010020A608E
:105BD0000A6822F003020A600A6842F002020A60C0
:105BE0004168416041684160416841F480614160C1
:105BF000416821F47C114160416841F4E811416041
:105C0000016841F08071016001688901FCD541683B
:105C100021F003014160416841F0020141604168A7
:105C2000C1F381010229FAD10CBD0000001002402D
:105C30000020024002490148086070470000F0411E
:105C40002C0000200448054902780548052A01D0A7
:105C50000160704701607047D5020020000070416C
:105C60002C00002002490148086070470000704184
:105C70002C00002011480021427811481A2A0FD226
:105C8000DFE802F00D0D0D0D0D0D0D161616161692
:105C90001A1A1A1A1A1A0F120D0D0D0D0D0D016098
:105CA00070470121016070476FF003010160704788
:105CB0004FF0FF310160704701607047D40200204F
:105CC000280000202DE9F05F4848DFF82481494A88
:105CD0004078DFF82491494BDFF824A1494CDFF8E4
:105CE00028B14A4D4A4E4B4F4B49032823D009282F
:105CF00021D0DFF828E1DFF828C1132828D00828B0
:105D000032D010283CD011283AD0142844D0192879
:105D100051D0A0F1150CBCF1030F56D816284ED067
:105D200017284ED018284ED00020FEF715F9BDE8F0
:105D3000F05FFEF703B9C2F80080C3F80090C4F822
:105D400000A0C5F800B0374830600F60BDE8F09F94
:105D500035481060C3F800E0C4F800A0C5F800B0F2
:105D6000C6F800C00F60F1E730481060C3F800E0EB
:105D70002F4820602F482860C6F800C00F60E5E774
:105D80002D481060C3F800902C4820602C482860F3
:105D9000C6F800C00F60D9E72A4810602A4818608A
:105DA0002A4820602A4828602A4830602A4808602B
:105DB0002A490860CAE7BDE8F05FFDF7C5BE0120CB
:105DC000B3E70220B1E70320AFE718B1042801D000
:105DD0000F28BBD1C2F800802148186021482060FC
:105DE00021482860214830600F60AFE7D4020020CE
:105DF0000000164648010020000096424C01002099
:105E000000C0DA455001002000000C42540100207F
:105E1000580100200000A0415C01002000009042D9
:105E200000401C450000AF4400B01A4600803B46CD
:105E30000000FA450000204200601F4600A00C460A
:105E400000003442CD9AAD463333054266DEE34569
:105E50009A99AD4166C01446333315426C01002057
:105E60000000404200C0C1450000F8410080D44419
:105E70002DE9F0478946174D00242E1D002801D139
:105E80002C803480134F083707F10408B9F1000F54
:105E900002D13C80A8F80040002804DD06F04BF851
:105EA00030802C8003E0348006F045F82880B9F17A
:105EB000000F07DD484606F03EF83880A8F800409D
:105EC000BDE8F0873C80484606F035F8A8F80000A9
:105ED000F6E70000343401400F494878052812D015
:105EE000132810D006280ED012280FD0072810D063
:105EF00008280ED009280CD00A280AD00B2808D070
:105F0000282008707047102008707047192008700A
:105F100070471E2008707047D402002010B50F484B
:105F20000F4B10494078104A00280FD003280DD09D
:105F3000A0F11504032C09D9192807D0142809D079
:105F4000042802D10B600948106010BD0B6008489E
:105F5000106010BD00200860106010BDD402002049
:105F60000000F04160010020640100200000404278
:105F700000001042054801680548002902D0054983
:105F8000016070470021016070470000CC000020D4
:105F90002C00002000000C420249014808607047B4
:105FA000000070412C00002010B5A52001F0E6FA99
:105FB000BDE81040602001F0E1BA10B5A52001F065
:105FC000DDFABDE81040652001F0D8BA2DE9F047B0
:105FD00006460024DFF85480DFF85490A8F5B46733
:105FE0001FE008EB04150022D5E90201114BFAF776
:105FF0006FFC14D3D5E9020100221346FAF750FCD6
:106000000DD3D5E90201FAF71FFC80B22A6847F8E0
:106010002020B9F806108A4201D947F82010641CE4
:10602000E4B2B442DDD3BDE8F0870000202D0020AB
:106030000C0400200080764030B50346002014E0B8
:106040000C78A24210D1002205E0521C85188C5C0D
:106050005D5DAC4205D18C5C1CB184181C5D002CCC
:10606000F3D18A5C002A04D0401C1A5C002AE7D1D4
:10607000501E30BD4FF0E021042804D0086920F004
:10608000040008617047086940F004000861704727
:106090007047000010B50F48016841F00101016030
:1060A00041680D4A1140416001680C4A114001608D
:1060B000016821F480210160416821F4FE01416002
:1060C0004FF41F018160FFF75BFD05494FF0006051
:1060D000086010BD001002400000FFF8FFFFF6FE50
:1060E00008ED00E070B5048C24F001040484058BF5
:1060F000048C25F0F3054FF6FF7606EA03131343ED
:106100002B43104A90420ED00F4A90420BD0B0F170
:10611000804F08D00D4A904205D00D4A904202D0DF
:106120000C4A904205D124F002020A4342F00101D8
:1061300004E024F00A020A4342F0010103830184CF
:1061400070BD0000002C01400034014000040040FC
:1061500000080040000C0040F0B5048C24F010044E
:106160000484068B048C4FF6FF7505EA011726F4AC
:10617000734605EA0333334305EA02221A43104B00
:1061800098420ED00F4B98420BD0B0F1804F08D000
:106190000D4B984205D00D4B984202D00C4B9842C3
:1061A00005D124F02001394341F0100104E024F02E
:1061B000A0030B4343F0100102830184F0BD0000F3
:1061C000002C014000340140000400400008004061
:1061D000000C0040F0B5048C24F480740484858B9A
:1061E000048C4FF6FF7707EA012625F0F30507EA4E
:1061F000031313432B43104A90420ED00F4A904290
:106200000BD0B0F1804F08D00D4A904205D00D4A16
:10621000904202D00C4A904205D124F400713143DF
:1062200041F4807104E024F420620A4342F4807156
:1062300083830184F0BD0000002C01400034014044
:106240000004004000080040000C0040F0B5048C41
:1062500024F480540484868B048C4FF6FF7505EA81
:10626000013726F4734605EA0222324305EA033376
:106270001343104A90420ED00F4A90420BD0B0F117
:10628000804F08D00D4A904205D00D4A904202D06E
:106290000C4A904205D124F40051394341F4805115
:1062A00004E024F402420A4342F4805183830184CF
:1062B000F0BD0000002C014000340140000400400B
:1062C00000080040000C004070B588B004460D4640
:1062D00006F020FC01210846FFF74AF9ADF80C4012
:1062E000ADF808500024ADF80E40ADF80A404FF06C
:1062F000804602A9304600F0F1FB0420ADF81400FE
:10630000ADF816400125ADF81850ADF81A40ADF8BB
:106310001C4005A9304600F041FA1C208DF804000D
:106320008DF805508DF806508DF8075001A8FEF73E
:1063300067F801220521304600F07EFA012130463F
:1063400000F0E4F808B070BD30B54FF08042118A1B
:10635000174B4FF000041888050626D4CD0706D049
:10636000450604D5C543AD0610D0401C188048072B
:106370001BD51888410610D540F080001880108F7A
:106380005880108C20F0200010840EE040F0800037
:1063900018804FF6FF705880E9E75C804020188035
:1063A0009484108C40F020001084148230BD0000D2
:1063B000C400002003480188018821F00101018008
:1063C000704700001004004003480188018821F054
:1063D00001010180704700001008004070B5254C95
:1063E0000121204600F0CDF9002841D001212046AE
:1063F00000F089F8204CA089401CA0816078401CE6
:106400006070E08808B1401EE0801C4D287828B1FB
:10641000012803D0022801D0032801D1FCF760FD38
:10642000287808B1032801D10121E170012801D1A8
:10643000FAF7BEFF6078022816D900256570FCF7D0
:1064400009FD2169F9F715FF20612178491CC9B2BE
:106450002170322908D10A49F9F795FF09490860E6
:106460002561257005F0C0FDBDE8704002F02EBF2B
:1064700070BD000000100040AC000020D5020020DC
:1064800000004842280100201FB501211020FFF71D
:106490006FF841F61F40ADF804006320ADF8080026
:1064A000104C01A9204600F019FB0121204600F004
:1064B00027F801221146204600F0BEF936218DF85A
:1064C000001004218DF8011002218DF80210012125
:1064D0008DF803106846FDF793FF0121204600F078
:1064E00015F81FBD00100040002904D0018841F0BC
:1064F000800101807047018821F080010180704790
:10650000C94301827047C94301827047002904D002
:10651000018841F0010101807047018821F00101EB
:1065200001807047002905D030F8441F41F4004134
:106530000180704730F8441FC1F30E01018070479D
:1065400010B5734988420AD1C41401212046FFF7CF
:1065500039F82046BDE810400021FFF733B8B0F10C
:10656000804F0CD06B49884213D101210220FFF7E4
:106570000DF80021BDE810400220FFF707B8012107
:106580000846FFF703F80021BDE810400120FEF7A0
:10659000FDBF6149884209D101210420FEF7F6FFC1
:1065A0000021BDE810400420FEF7F0BF5B4988429F
:1065B00009D101210820FEF7E9FF0021BDE81040C4
:1065C0000820FEF7E3BF5649884209D10121102077
:1065D000FEF7DCFF0021BDE810401020FEF7D6BF1B
:1065E0005049884209D101212020FEF7CFFF002128
:1065F000BDE810402020FEF7C9BF4B4988420AD1B0
:10660000441401212046FEF7DDFF2046BDE810407E
:106610000021FEF7D7BF454988420AD10121CC04A9
:106620002046FEF7CFFF2046BDE810400021FEF7D0
:10663000C9BF3F4988420AD101210C052046FEF717
:10664000C1FF2046BDE810400021FEF7BBBF39491D
:1066500088420AD101214C052046FEF7B3FF2046AF
:10666000BDE810400021FEF7ADBF3349884209D193
:1066700001214020FEF78AFF0021BDE810404020A4
:10668000FEF784BF2D49884209D101218020FEF701
:106690007DFF0021BDE810408020FEF777BF28492C
:1066A00088420AD1841501212046FEF76FFF20465B
:1066B000BDE810400021FEF769BF224988420AD197
:1066C00001210C042046FEF77DFF2046BDE8104066
:1066D0000021FEF777BF1C4988420AD101214C04F2
:1066E0002046FEF76FFF2046BDE810400021FEF770
:1066F00069BF164988420AD101218C042046FEF761
:1067000061FF2046BDE810400021FEF75BBF10BDD1
:10671000002C01400004004000080040000C004034
:10672000001000400014004000340140004C0140C3
:10673000005001400054014000180040001C00407F
:10674000002000400040014000440140004801405A
:1067500070B50589048B068C25F007050D434FF6AF
:10676000FC410C4040F201110C4326F022064FF68A
:10677000FF7101EA03111143314305810483018450
:1067800070BD02460020138A0B4092890A40002BFC
:1067900002D0002A00D001207047000070B50546E5
:1067A0000C461D48854209D01C48854206D0B5F1EB
:1067B000804F03D01A48854200D01A48208861884B
:1067C000A288238960B1042813D008281AD028464B
:1067D000FFF73CFDE1882846BDE8704000F072B943
:1067E0002846FFF77FFCE1882846BDE8704000F0AE
:1067F0004DB92846FFF7B0FCE1882846BDE8704057
:1068000000F04CB92846FFF7E5FCE1882846BDE8D2
:10681000704000F04FB90000002C014000340140EE
:106820000004004000080040002101804180012256
:106830008280C18001817047002A03D082890A4387
:106840008281704782898A438281704730B5028C89
:1068500022F001020284028C8388048B24F07004ED
:1068600024F003050C882C4322F002020D89154305
:106870004A882A43124DA8420BD0124DA84208D094
:10688000114DA84205D0114DA84202D0104DA8428A
:106890000FD122F008054A892A4322F004058A888C
:1068A0002A4323F4807323F400738D891D43CB891D
:1068B0002B4383800483C9888186028430BD000015
:1068C000002C0140003401400040014000440140E0
:1068D00000480140028B22F008020A4302837047FD
:1068E00070B5028C22F010020284028C8388048B23
:1068F00024F4E04424F440760D884FF6FF7404EA53
:106900000525354322F020020E8904EA06161643B7
:106910004A8804EA02123243114EB04202D0114EAC
:10692000B04217D122F080024E8904EA06161643BF
:1069300026F040068A8804EA0212324323F4806378
:1069400023F400638E8904EA86061E43CB8904EA99
:106950008303334383800583C9880187028470BD24
:10696000002C014000340140028B22F400624FF6FB
:10697000FF7303EA012111430183704770B5028C54
:1069800022F480720284028C8388848B24F0700449
:1069900024F003040D88254322F400720E894FF67B
:1069A000FF7404EA062616434A8804EA02223243A8
:1069B000114EB04202D0114EB04217D122F40066FF
:1069C0004A8904EA0222324322F480668A8804EA71
:1069D0000222324323F4805323F400538E8904EAC5
:1069E00006161E43CB8904EA031333438380858351
:1069F000C9888187028470BD002C014000340140A9
:106A0000828B22F008020A438283704770B5028CA1
:106A100022F480520284058C8288838B23F4E04325
:106A200023F440760C884FF6FF7303EA04243443C2
:106A300025F400550E8903EA06362E434D8803EAF5
:106A400005353543094EB04202D0094EB04205D15A
:106A500022F480468A8903EA821232438280848348
:106A6000C988A0F84010058470BD0000002C0140CA
:106A700000340140828B22F400624FF6FF7303EA78
:106A8000012111438183704781847047028B22F07A
:106A90000C020283028B0A4302837047028B22F4AA
:106AA00040620283028B4FF6FF7303EA01210A431F
:106AB00002837047828B22F00C028283828B0A430E
:106AC00082837047828B22F440628283828B4FF6EE
:106AD000FF7303EA01210A438283704730B50288BD
:106AE0001B4C1C4DA0420DD0A8420BD0B0F1804FE2
:106AF00008D0194B984205D0184B984202D0184B39
:106B0000984203D122F070034A881A43154B9842E9
:106B100006D0154B984203D022F44073CA881A431A
:106B200002808A8882850A880285A0420AD0A8420B
:106B300008D00E4A904205D00D4A904202D00D4A2C
:106B4000904201D1097A01860121818230BD000085
:106B5000002C0140003401400004004000080040C7
:106B6000000C0040001000400014004000400140B4
:106B700000440140004801404FF6FF718180002130
:106B80000180C180418001727047000001490120ED
:106B9000487170474002002010B50C480021016187
:106BA000C1800181418181818170C17001710122A7
:106BB00040F22551064800F0A0FD05F0C1F905A0FE
:106BC00005F04EFFBDE8104005F0BAB940020020C4
:106BD000003801402374756E655F696F20726561CE
:106BE0006479202D2D20273F2720666F7220737433
:106BF0006174652C2027722720746F207265636F83
:106C00007264000070B50020254C62690021012AE1
:106C100003D06269022A0AD040E0E269002A04DD5A
:106C2000E069401EE061A06938E0616136E0226AF7
:106C3000B2F57A6F31DA206AF9F78EFD1949F9F762
:106C4000A2FB1949F9F76DFB4FF07C51F9F711FBE5
:106C5000164D2946F9F765FB1549F9F794FB616A6A
:106C6000F9F707FB6062A84203DD2946F9F753FBF9
:106C70006062606AF9F701FE05F036FCF9F740FE44
:106C80000546A069F9F768FD2946F9F74AFBF9F7C7
:106C90008FFD216A491C216200E06161E08170BDC5
:106CA0004002002000007A450000C441DB0FC940CB
:106CB0000000484303484069002801D00120704784
:106CC0000020704740020020014800697047000022
:106CD000400200202DE9F041444EF07800270028C2
:106CE00003D0F770424803F0FDF8707980B17771F6
:106CF000776140A005F0B4FE708905F091FE40A0D8
:106D000005F0AEFE4048006805F026FE05F018F9D3
:106D1000302561E0308900EB400101EBC0003B49C8
:106D200001EB4004208805F07BFE2C2005F00AFED4
:106D3000B4F9020005F074FE2C2005F003FEB4F94E
:106D4000040005F06DFE2C2005F0FCFDB4F90600F2
:106D500005F066FE2C2005F0F5FDB4F9080005F0FD
:106D60005FFE2C2005F0EEFDB4F90A0005F058FE98
:106D70002C2005F0E7FDB4F90C0005F051FE2C20A5
:106D800005F0E0FDB4F90E0005F04AFE2C2005F0F8
:106D9000D9FDB4F9100005F043FE2C2005F0D2FD1A
:106DA000B4F9120005F03CFE2C2005F0CBFDB4F93F
:106DB000140005F035FE05F0C3F830894FF4A071DA
:106DC000401CB0FBF1F201FB12003081F07818B1E9
:106DD000F770074803F086F83089F188884203D0BD
:106DE000281EA5F1010595DCBDE8F08140020020D8
:106DF000762300202346454C4C207365713D0000EE
:106E000020616E673D0000000C000020F6070020A6
:106E100010B50D4B0D4A0D280BD00A2809D09178DA
:106E2000172903D291784C1C947058540A20107181
:106E300010BD0020107191780029F9D09178585434
:106E400090700120D07010BD7623002040020020F9
:106E50002DE9F05F0746DDF828A08B46904699465D
:106E6000554CA078002200280DD0207958B1207907
:106E7000401E10F0FF00207105D15048A178425407
:106E8000A2700120E0702069002818D06189481C98
:106E900060816078401CC0B26070237898420ED345
:106EA0006270E0884FF4A072401CB0FBF2F302FB6A
:106EB00013062089864204D1A089401CA081BDE828
:106EC000F09FE0883E4D00EB400202EBC00025F849
:106ED00010103846F9F76CFC0146E08800EB4002E0
:106EE00002EBC00005EB40004180364F5846394662
:106EF000F9F717FAF9F75CFCE18801EB410202EBC4
:106F0000C10105EB41018880E08800EB400101EB05
:106F1000C00005EB4000A0F80680E08800EB4001CF
:106F200001EBC00005EB4000A0F80890E08800EB02
:106F3000400101EBC00005EB4000A0F80AA0E0888A
:106F40000B9900EB400202EBC00005EB4000818191
:106F5000E189E08800EB400202EBC00005EB400055
:106F6000C181194839460068F9F7DBF9F9F720FCC7
:106F7000E18801EB410202EBC10105EB410108820E
:106F8000124839460068F9F7CCF9F9F711FCE188A5
:106F900001EB410202EBC10105EB410148820C48C3
:106FA0000188E08800EB400202EBC00005EB4000E6
:106FB0008182E68083E700004002002076230020E3
:106FC000F60700200000C842E8010020F40100207C
:106FD000DC01002010B58278C17842EA01230288E2
:106FE00084886240C4885C406240491E00EB810393
:106FF0005C8954409A896240C9B20029F5D1008960
:10700000904201D0012010BD002010BD70B5044693
:107010000E4800784038F9F79FFB06462046F9F7FE
:107020002CFC0B4A0B4BF9F79FFA04460D460A4914
:107030003046F9F776F9F9F720FC22462B46F9F7A6
:10704000ECF9BDE87040F9F7E0BB0000E400002077
:107050009A9999999999B93F0000304170B50446C1
:107060001048006800281AD08738F9F775FB0646E3
:107070002046F9F702FC0C4A0C4BF9F775FA044666
:107080000D460B493046F9F74CF9F9F7F6FB224665
:107090002B46F9F7C2F9BDE87040F9F7B6BB0020FE
:1070A00070BD0000CC0000209A9999999999B93F38
:1070B0000000C8412DE9F0410546FDF7BFFB294C12
:1070C00094F90000F9F748FB804641466068F9F7FB
:1070D000D0F806466060244804782846F9F7CDFBCE
:1070E0004FF03332214BF9F73FFA052C1CD0044600
:1070F0000D463046F9F7C1FB1D4A1E4BF9F734FA2D
:1071000006460F461C494046F9F70BF9F9F7B5FB5F
:1071100032463B46F9F781F922462B46F9F77DF9CD
:10712000BDE8F041F9F771BB04460D463046F9F76A
:10713000A4FB124A124BF9F717FA06460F461149FB
:107140004046F9F7EEF8F9F798FB32463B46F9F777
:1071500064F922462B46F9F760F9BDE8F041F9F7EA
:1071600054BB0000DC020020D50200203333C33FB3
:107170002D431CEBE2361A3F0000AF437B14AE47B1
:10718000E17A843F0000E14370B504460E48008870
:10719000A038F9F7E1FA06462046F9F76EFB0B4AEC
:1071A0000B4BF9F7E1F904460D460A493046F9F769
:1071B000B8F8F9F762FB22462B46F9F72EF9BDE83D
:1071C0007040F9F722BB0000EA0300209A999999D0
:1071D0009999B93F0000404010B5044610488442D8
:1071E00012D810480078F9F7C0FA2146F9F7A4FB45
:1071F0000AD30D4800680D49884205DB0C48007829
:10720000012801D0002010BD01200A4A0021118070
:10721000121D1180121D1180121D118010BD000061
:10722000000020C2D4020020280100209A991941B0
:1072300004000020343401402DE9F041274CE66978
:10724000274922460978926A03292FD007292DD091
:1072500009292BD004292DD008292BD00A2929D07F
:10726000052929D006292AD000226264012929D0C3
:10727000022927D0216BF9F754F81A4F3946F9F74C
:1072800082F805463146606CF9F74BF83946F9F754
:107290007AF82946F8F7EDFF13490968F8F7E9FF8E
:1072A000A0641249097803290ED011E082F000424F
:1072B0006264DBE76264D9E70D4A6264D6E70D4A8F
:1072C0006264D3E7216AD6E7A168F9F72AF8A064D7
:1072D000A06CBDE8F041F9F76BBA00003C0100205A
:1072E0006A0200200000C84230000020D5020020C1
:1072F000000048C2000048422DE9F047DFF89890AE
:10730000B9F90880A9F804802449D9F81400884202
:1073100002DDC9F8141004E02149884201D9C9F8F6
:107320001410B9F90600A8EB0000F9F723FA1D4A7A
:107330001D4BF9F719F904460D46D9F81400F9F771
:107340009CFA1A4A1A4BF9F70FF906460F464046BF
:10735000F9F710FA4FF03332164BF9F705F93246C8
:107360003B46F9F7FBF822462B46F9F7F7F8F9F711
:10737000C7FAC9F81000A9F806800F4801680F483D
:107380000068FFF729FF012802D10020C9F8140086
:10739000D9F81000BDE8F087F403002000002F4466
:1073A00000002FC49A9999999999C93F2D431CEBD4
:1073B000E2361A3F333301C0280100200C000020C0
:1073C00010B5084C40F22551204600F076F900280F
:1073D00007D0204600F00AFAC0B2BDE8104001F024
:1073E000B3BF10BD0050004010B5044602E000F0ED
:1073F00037F9641C20780028F9D110BD10B50E4C67
:107400000821204600F052F928B12088201D00886C
:10741000C0B2FFF7FDFC40F22551204600F04DF9C7
:10742000002807D0204600F0E1F9C0B2BDE81040C6
:10743000FFF7EEBC10BD00000038014070B5174CDE
:1074400040F225552946204600F037F9002823D080
:107450002946204600F016F9204600F0C7F9C0B2D0
:107460000F49097807290BD00A290DD00B290FD015
:10747000082901D009290FD1BDE87040FAF7D4BD21
:10748000BDE87040FAF704BEBDE87040FAF764BE8C
:10749000BDE87040FAF72EBE70BD00000044004009
:1074A000D502002070B586B0044601214804FEF7DD
:1074B0005FF801210420FEF777F80425ADF8145099
:1074C00018218DF8171003208DF816001C4E05A901
:1074D0003046FBF75DFA0820ADF814008DF8175020
:1074E00005A93046FBF754FA26208DF8000001214B
:1074F0008DF801108DF802108DF803106846FCF726
:107500007FFF01940020ADF80800ADF80A00ADF847
:107510000C00ADF810000C20ADF80E00094C01A9CC
:10752000204600F005F9012240F22551204600F0E6
:10753000E4F80121204600F0ADF806B070BD00006F
:10754000000801400044004070B50B4C40F2255546
:107550002946204600F0B1F800280BD029462046E5
:1075600000F090F8204600F041F9C0B2BDE870404C
:1075700004F056BD70BD00000048004070B50546DF
:10758000064C8021204600F091F80028F9D02946C9
:107590002046BDE8704000F02DB9000000480040D2
:1075A00030B587B0044601218804FDF7E1FF0121D1
:1075B0001120FDF7F9FF01212648FBF73DFA4FF4B2
:1075C0008060ADF8180018208DF81B0003208DF89E
:1075D0001A00214D06A92846FBF7DAF9E814ADF8A0
:1075E000180004208DF81B0006A92846FBF7D0F9E7
:1075F00002940020ADF80C00ADF80E00ADF81000BC
:10760000ADF814000C20ADF81200144C02A920466D
:1076100000F08EF8002240F22771204600F06DF84D
:10762000012240F22551204600F067F80121204652
:1076300000F030F827208DF8040001208DF80500B7
:1076400002218DF806108DF8070001A8FCF7D8FE7E
:1076500007B030BD10001400001001400048004089
:1076600070B50546064C8021204600F01FF8002822
:10767000F9D029462046BDE8704000F0BBB80000B4
:107680000050004040F66A120A0A01219140C943A5
:1076900001807047002904D0818941F40051818123
:1076A0007047818921F40051818170470246002092
:1076B00012880A4200D00120704770B5002440F6BD
:1076C0006A12C1F3421301F01F05012606FA05F202
:1076D000012B0CD0022B0DD0838A1340090A8E4057
:1076E000008830400BB100B10124204670BD838971
:1076F0001340F3E7038A1340F0E710B540F66A132E
:10770000C1F3421301F01F040121A140012B07D056
:10771000022B07D014303AB102680A43026010BD50
:107720000C30F8E71030F6E702688A43026010BDBB
:1077300030B585B004460D46208A4CF6FF710840EE
:10774000E98801432182A0894EF6F3110840A988F7
:107750002A8911436A8902431143A181A08A4FF605
:10776000FF410840A9890143A1826846FDF738FF1F
:107770001D48844201D1039800E00298A1890904C0
:1077800008D500EBC00101EB001029684900B0FBEF
:10779000F1F007E000EBC00101EB0010296889005F
:1077A000B0FBF1F06422B0FBF2F109010B096FF0BC
:1077B00018056B4300EB8300A3891D044FF03203CF
:1077C00007D503EBC000B0FBF2F000F00700084360
:1077D00006E003EB0010B0FBF2F000F00F000843EE
:1077E000208105B030BD0000003801408088C0F322
:1077F00008007047C1F3080181807047FEE7000070
:107800002DE9F041414A424E1278736A012A61D053
:10781000072A5FD0082A5DD0022A5DD0092A5BD0F2
:107820000A2A59D00B2A5BD00C2A5CD0394A12683C
:10783000326408444042F8F78FFF0446B063F06BAF
:10784000F9F71BF8344A354BF8F78EFEF9F758F87C
:1078500007462046F9F711F8314A324BF8F784FE13
:1078600004460D463846F9F708F822462B46F8F745
:10787000D4FDF9F745F80546F0630146F06AF8F7DC
:10788000F8FC316CF8F7F5FCF0622749884200DD1E
:10789000F1622648F16A814200D9F062B169F06A6A
:1078A000F8F73FFD2249F8F76EFD04462846716956
:1078B000F8F737FD1F49F8F766FD2146F8F72BFD6D
:1078C00070631D4801681D480068FFF785FC0128AA
:1078D0000CD00DE03364ACE783F000423264A8E7DB
:1078E000174A3264A5E7174A3264A2E70020F06223
:1078F00015480078032804D17168706BF8F711FD02
:107900007063706BBDE8F041F8F752BF6A02002067
:107910003C0100202C000020E17A14AE47E1EA3F50
:107920007B14AE47E17AC43F0000FA450000FAC577
:107930000000C8420000C8C2280100200C0000203E
:10794000000020C100002041D50200200FB4054BEB
:1079500010B503A9044A029800F038FC10BC5DF889
:1079600014FB000061A40008980000200FB4084B2D
:1079700010B504A902AA039800F028FC044602A945
:10798000002000F0A6FF204610BC5DF814FB0000AC
:10799000D3880008490050EAC12018BF04204A0DCE
:1079A00018BF40F0010040F2FF72B2EB515F08BF18
:1079B00040F00200012808BF052070472DE9F74F6D
:1079C000144694B00021C4E902111599079121F0E1
:1079D0000045C9498D4206DC1599C4E9000117B07C
:1079E0000020BDE8F08FC549DFF814A3A9423CDDB3
:1079F0000799C44E0029C44FC44A1599534619DD4E
:107A0000F8F7ACFD554506D0C14AC24BF8F7A6FDC4
:107A1000C4E900010AE04FF0D352BE4BF8F79EFDD7
:107A200032463B46F8F79AFDC4E9000117B0012041
:107A3000BDE8F08FF8F7F1FC554506D0B44AB54BD8
:107A4000F8F7EBFCC4E900010AE04FF0D352B14B68
:107A5000F8F7E3FC32463B46F8F7DFFCC4E90001E7
:107A600017B04FF0FF30BDE8F08FAB49A942159930
:107A700078DB21F0004183468846A84AA84BF8F7F6
:107A800073FD0022A74BF8F7C8FCF8F7BEFE09907B
:107A9000F8F770FE06460F469C4A5346F8F764FD19
:107AA00043465A46F8F75DFD80468A46984A994B08
:107AB00030463946F8F758FD2A0D01250B9242460B
:107AC0005346F8F74EFD032DC4E9000139D00B9859
:107AD000C1F30A51401A05EB45111139814230DAE0
:107AE0009148C346784400EB0510CDF80CA00C90EB
:107AF000D0E9002330463946F8F736FD02460B46FA
:107B00000491069058460399F8F728FD80468A4666
:107B100002460B4658460399F8F720FD049B069A47
:107B2000F8F71CFD83460C9803913946D0E90223EF
:107B30003046F8F719FD5A46039BF8F70FFD6D1C08
:107B4000BDE707980028A2BF099817B0BDE8F08FDD
:107B5000616881F000416160099817B04042BDE85A
:107B6000F08FFFE784461598C1F31301C0F30A5064
:107B7000A0F2F5304FEA601800F01F06C6F12000B1
:107B8000139000200690079041F4801E05206D465A
:107B900076B1664A08EB00017A4452F8213002EBD4
:107BA0008101B3404A68139922FA01F1194305E0B3
:107BB0005F4908EB0002794451F82210A1FB0E271F
:107BC000A1FB0C131A449A4234BF0123002303EB98
:107BD000070A05EB8003D3E901B70F448F4234BF96
:107BE0000121002193448B4411B1934502D903E054
:107BF000934501D2012100E00021C3E901B75144BE
:107C000045F82010011EA0F10100C1DC0298059F7B
:107C100000F10050800F12900298DDE903568000B9
:107C2000F8F7A8FD834628460D91F8F7B4FD6FF0EC
:107C30001D02F8F77AFDCDE90E013046F8F7ABFDED
:107C40006FF03D02F8F771FD80468A463846F8F736
:107C5000A2FD6FF05D02F8F768FD07464246534605
:107C60001191F8F7DAFBDDE90E23F8F7D6FB5A4657
:107C70000D9BF8F7D2FB00250E465A4628460D9B71
:107C8000F8F76CFCDDE90E23F8F768FC4246534632
:107C9000F8F764FC3A46119BF8F763FCDFF898A00C
:107CA000244A5346F8F760FC07468846234A244B8B
:107CB00031462846F8F758FC3A464346F8F7ADFBFC
:107CC000074688464FF0A842534631462846F8F703
:107CD0004BFC3A464346F8F7A0FB159A12F0004FCA
:107CE00004D0129A81F0004152421292C4E900017C
:107CF000129817B0BDE8F08FFB21E93F7CD9024014
:107D0000FB21F93F7370032E8A19A33B00004054F6
:107D10003163621A61B4D03DFB21394183C8C96D1A
:107D2000305FE43F0000E03F40670000BC660000B9
:107D30009E660000182D4454FB21F93D3326A61100
:107D4000460B113C2DE9FF4D21F0004807460C463B
:107D5000B8F1795F08DAF8F758FD002801BF002074
:107D6000324904B0BDE8F08D3A4623461046194624
:107D7000F8F7FAFB054602462D480E460B4606214B
:107D8000784400F05DF82A463346F8F7EDFBDDE96C
:107D9000022382468B4638462146F8F7E5FB044627
:107DA0000F4652465B4628463146F8F7DDFB224631
:107DB0003B46F8F7D3FB07468A464FF0FF3228468A
:107DC0003146F8F7B2FC1B4A90450ADA3A46534668
:107DD000F8F7C4FB04B00022BDE8F04D134BF8F7F0
:107DE000C0BB154A4245A8BFA8F500154FF00004D6
:107DF000B8BF124D22462B46F8F7B0FB0646884620
:107E000022462B4600200949F8F7A8FB04460D46F8
:107E10003A46534630464146F8F7A0FB04B02246A6
:107E20002B46BDE8F04DF8F79CBB00000000F03F8A
:107E30006C6400003333D33F0000E93F0000D23FC1
:107E40002DE9F0414F1E00EBC7010446D1E90001C6
:107E500015461E4637F006020DD02A463346F8F77F
:107E600083FB7F1E04EBC703D3E90023F8F7D5FAA1
:107E700037F00602F1D1022F25D0042F13D0062FA0
:107E800018BFBDE8F0812A463346F8F76DFBD4E908
:107E90000A23F8F7C2FA2A463346F8F765FBD4E915
:107EA0000823F8F7BAFA2A463346F8F75DFBD4E917
:107EB0000623F8F7B2FA2A463346F8F755FBD4E919
:107EC0000423F8F7AAFA2A463346F8F74DFBD4E91B
:107ED0000223F8F7A2FA2A463346F8F745FBD4E91D
:107EE0000023BDE8F041F8F798BA00002DE9FF4DF6
:107EF000054621F0004084B00C46B0F1795F0BDA02
:107F00002846FFF747FD042808BF00F071F828460F
:107F100008B02146BDE8F08D2A460B461046F8F71A
:107F200023FB06460F462A462346F8F71DFB8046EC
:107F300026488A4632463B4605217844FFF780FFB3
:107F400083461098029160B3214A224B4046514625
:107F5000F8F70AFBCDE900015A4640465146029B1C
:107F6000F8F702FB82468846DDE906014FF0FF3252
:107F7000F8F7DBFB52464346F8F7F0FA32463B4649
:107F8000F8F7F2FADDE90623F8F7E8FADDE900236D
:107F9000F8F7E4FA08B02A462346BDE8F04DF8F7B2
:107FA000E0BA0B465A4630463946F8F7DDFA084A39
:107FB000084BF8F732FA42465346F8F7D5FA08B0BC
:107FC0002A462346BDE8F04DF8F727BAB263000011
:107FD000495555555555C5BF0122F8F7A6BBF8F7C9
:107FE0001CBA0022134610461146F8F72FBB0000BA
:107FF000024A00201107F8F798BB000001FDFFFFBF
:1080000001480068704700005404002002E008C8DE
:10801000121F08C1002AFAD170477047002001E002
:1080200001C1121F002AFBD17047000001490860FE
:1080300070470000540400202DE9FF5F82B000214A
:10804000DDE90430020DDDF840B0034318D044F6FA
:108050001050A2F2FF3242431514119801281FD08C
:10806000A5EB0B00401C5FEA000A4FF000064E4FE4
:10807000DFF83891B046504615D5CAF1000413E038
:10808000119801244AA3012801D16FEA0B0102983B
:10809000119AC0E90031C0E9024206B0BDE8F09F84
:1080A000CBF10000DFE704460021404A491842EBCB
:1080B0000450CDE9001012E0E00707D032463B46FD
:1080C00040464946F8F750FA8046894632463B46D4
:1080D00010461946F8F748FA06460F466410002C79
:1080E000EAD1DDE90401DDE90023BAF1000F06DA87
:1080F000F8F73AFA42464B46F8F736FA05E0F8F751
:10810000A5FA42464B46F8F7A1FA04460E4600226D
:10811000284BF8F7DDFB03D84FF0FF30014607E0AE
:108120000022254B20463146F8F777F9F8F7C3FDD2
:10813000102409E0002C0ADB0A220023F8F726FCB1
:10814000039B30321A55641E50EA0102F2D1641CBE
:10815000039AC4F111031444119A012A03D0012295
:1081600008430DD10AE0084304D000204FF0110B62
:10817000119072E7A3EB0B056D1E0DE05B4504DD6E
:108180004FF0000205F1010504E003DA4FF00002B0
:10819000A5F10105002AECD002981199C0E902313D
:1081A000C0E9004579E70000000014400000F03FFE
:1081B000300000000000F0430000E03F30380A28A3
:1081C00001D2012070470020704700002DE9FF4FC9
:1081D00095B09A46884606460025EEE1252877D1D7
:1081E00000242746F94A0121039400E0044316F8CD
:1081F000013F203B01FA03F01042F7D130782A28E2
:1082000011D06FF02F033078A0F13002092A16D870
:10821000039A44F0020402EB820203EB4202104490
:10822000761C0390EFE758F8042B0392002A03DA38
:10823000504244F40054039044F00204761C307819
:108240002E2816D116F8010F44F004042A280DD068
:108250006FF02F023078A0F13003092B09D807EB1B
:10826000870302EB4303C718761CF3E758F8047B37
:10827000761C30786C280FD006DC4C2817D0682884
:108280000DD06A2814D104E0742810D07A280FD1B8
:108290000DE044F400140AE044F4801401E044F4D6
:1082A00040147278824202D104F58014761C761C48
:1082B000307866280BD013DC582877D009DC0028EA
:1082C00075D04528F6D04628F4D047281AD193E136
:1082D00018E0632835D0642879D0652812D18BE165
:1082E000702873D008DC6728F1D069286FD06E2819
:1082F0000DD06F2806D1ACE073282CD0752874D02F
:10830000782853D05246179990476D1C54E1C4F316
:108310000250022809D003280DD0D8F800100428F4
:108320000DD00D6008F1040846E1D8F80010EA17F6
:10833000C1E90052F6E7D8F800100D80F2E70D70A1
:10834000F0E718F8041B8DF8001000208DF80100EC
:10835000EB46012003E058F804BB4FF0FF30610703
:108360004FF0000102D40DE009F101018946B94244
:108370000FDA8145F8DB1BF809100029F4D108E079
:1083800009F1010189468142FADB1BF80910002935
:10839000F6D103985346A0EB090721463846179AB1
:1083A00000F080FA284400EB090507E044E008E10A
:1083B0000DE01BF8010B524617999047B9F10109DE
:1083C000F7D2534621463846179AF2E039E00A219F
:1083D000C4F302524FF0000B0091022A06D058F865
:1083E000040BC117032A09D00AE023E008F10700B3
:1083F00020F00702F2E80201904605E000B2C11742
:10840000042A01D140B2C117002906DA0A46002128
:10841000404261EB02012D2202E0220504D52B220D
:108420008DF80420012203E0E20701D02022F7E7C3
:10843000914657E00A2100E010214FF0000B009117
:108440000BE010214FF0000B44F0040408270091CA
:1084500003E008204FF0000B0090C4F30252022A00
:1084600005D058F8040B0021032A08D008E008F1D1
:10847000070020F00702F2E80201904603E080B214
:10848000042A00D1C0B24FF0000922072AD5327861
:10849000702A07D0DDF800C08CF0100C5CEA0B0CE1
:1084A00005D00EE040228DF80420012208E050EAB9
:1084B000010306D030238DF804308DF80520022208
:1084C0009146009B83F0080353EA0B030AD150EA5C
:1084D000010201D1620705D530228DF804204FF04A
:1084E00001097F1E3278582A04D039A20C920CAAB6
:1084F00002920BE03BA2F9E75B46009AF8F746FAD6
:108500000C9B9B5C029A521E0292137050EA01026D
:10851000F2D1029804A9081A00F1200B600702D5D5
:1085200024F4803400E001275F4502DDA7EB0B0057
:1085300000E0002000EB0B01009003984944401A32
:108540000390E00306D453462146179A039800F09F
:10855000A9F90544002706E001A85246C05D179915
:1085600090476D1C7F1C4F45F6DBE0030CD553464E
:108570002146179A039800F095F9054404E030204D
:108580005246179990476D1C0099481E009000298B
:10859000F5DC08E00298029952460078491C0291E5
:1085A000179990476D1CBBF10001ABF1010BF1DC99
:1085B0005BE100F065F90544761C307800287FF413
:1085C0000DAE19B02846BDE8F08F00000928010063
:1085D0003031323334353637383961626364656639
:1085E00000000000303132333435363738394142FB
:1085F0004344454600000000600700D4062708F108
:10860000070020F00700F0E80223804603F0004C4A
:108610005FEA0C0001D097A009E0200501D596A0E3
:1086200005E0E00701D095A001E0AFF24C00139007
:10863000307823F0004365280CD006DC452809D0AB
:1086400046281DD047287FD13BE0662818D06728F0
:108650007AD136E00021112F01DB112000E0781CD7
:10866000CDE9000104A90CA8FFF7E6FCDDE90D0146
:108670000C9A4FF0000B07F10109109200914EE0A7
:108680004FF000400097CDE9011004A90CA8FFF7B6
:10869000D3FCDDE90D020C9B0F994FF0000B9146C6
:1086A0001093009211B9791C00EB0109B7EB090096
:1086B00003D4C0F1FF3B07F10109A9EB07000190CA
:1086C00042E0012F00DA01270021112F01DD1120E6
:1086D00000E03846CDE9000104A90CA8FFF7ACFC86
:1086E000DDE90D010C9A00914FF0000BB946109294
:1086F00021070FD4009A4A4503DA914601E0A9F117
:108700000109B9F1010F05DD109AA9F10101515CD0
:108710003029F4D0B84202DA10F1040F03DA012153
:10872000CDE9011010E0002803DC8344A9EB00012F
:1087300002E0411C494500DD8946A0EB0B00401CCE
:1087400001904FF000400290200705D40198484561
:1087500002DB4FF0FF30019000208DF84B000298B3
:108760000DF14B07B0F1004F25D002200C902B20CB
:108770000D90029800280CDA404202902D200D90B6
:1087800007E00A210298F8F7EBF83031029007F879
:10879000011D0C99481E0C900029F2DC029800285B
:1087A000EFD1791E0D980870307800F0200040F06D
:1087B000450007F8020D11A8C01BC01D02901398B8
:1087C000007800B1012000EB0901019801EBE07194
:1087D000029801440398401A401E0390E00306D417
:1087E00053462146179A039800F05CF80544139805
:1087F000007818B15246179990476D1CE00323D5B5
:1088000053462146179A039800F04CF805441BE0A4
:10881000BBF1000F07DB0098584504DD109817994D
:1088200010F80B0001E0179930205246904701984C
:108830000BF1010B401E05F10105019004D12E2022
:108840005246179990476D1CB9F10001A9F1010931
:10885000DEDC05E017F8010B5246179990476D1CB6
:108860000299481E02900029F4DC53462146179ACB
:1088700003989EE62D0000002B0000002000000061
:108880002DE9F041044600251E461746880404D40D
:1088900005E039462020B0476D1C641EF9D52846F6
:1088A000BDE8F0812DE9F041044600251E469046C2
:1088B000C80301D5302700E02027880404D505E04F
:1088C00041463846B0476D1C641EF9D52846BDE8C0
:1088D000F0810A68531C0B60107070472DE9FE4F41
:1088E000074688460025684601F0F4FD00246FF035
:1088F0000F0AE946012657F8240058F82410401AB8
:1089000000D54042F7F728FF5146F7F77AFD59F8AE
:10891000241011F0FF4F0ED0F7F735FD4FF07E51C8
:10892000F7F7F9FC0B4920F0004088420BDD06FA0E
:1089300004F0054307E0084908440849884202D387
:1089400006FA04F00543641C032CD4DB2846BDE87A
:10895000FE8F0000295C0F3E666666C19A99D900B9
:108960002DE9F04D8D4F21F0004A86B005460C46AA
:10897000BA452ADBAAEB070028430AD0884882457B
:1089800001DC1AD1CDB106B02846BDE8F04DFFF7A5
:1089900023BB844A844B2846F7F7E6FD07460E467C
:1089A000824A834B28462146F7F7DEFD06B03A4659
:1089B0003346BDE8F04DF7F730BD0120FFF736FB39
:1089C00006B0BDE8F04DFFF70CBB7A48824542DAAD
:1089D000BAF1795F0BDA2846FEF7DCFF042808BFFE
:1089E000FFF706FB284606B02146BDE8F08D2A4673
:1089F0000B461046F7F7B8FD834602466E480E4612
:108A00000B4606217844FFF71BFA5A463346F7F720
:108A1000ABFD804669488A465A463346042178446D
:108A2000FFF70EFA5A463346F7F79EFD00223B4603
:108A3000F7F7F3FC02460B4640465146F7F706FEB1
:108A40002A462346F7F790FD06B02A462346BDE89E
:108A5000F04DF7F7E2BC284624F0004100223D46E5
:108A60003B46F7F77EFD4FF0FF32F7F75EFE064616
:108A7000024653480F460B4606217844FFF7E0F9BB
:108A800032463B46F7F770FDCDE900014D483246CE
:108A90003B4604217844FFF7D3F932463B46F7F7CB
:108AA00063FD00222B46F7F7B8FC8346029130465F
:108AB000394603F069FD804643480D46504517DCB2
:108AC000DDE900015A46029BF7F7C0FD42462B46FE
:108AD000F7F74AFD42462B46F7F79FFC0122F7F7CE
:108AE00024FE304A304BF7F739FD304A304B4CE02A
:108AF0004FF0000A52460B464046F7F78EFCCDE990
:108B0000031052462B4610461946F7F72DFD324604
:108B10003B46F7F726FDDDE90332F7F797FD0646FA
:108B20000F46DDE900015A46029BF7F78FFD8346A9
:108B30000091012230463946F7F7F7FD194A1A4BE2
:108B4000F7F70FFD06460F46012240462946F7F784
:108B5000ECFD5A46009BF7F707FD32463B46F7F718
:108B6000FDFC06460F46012250462946F7F7DDFD7B
:108B70000E4DDFF858802A464346F7F7F2FC32469E
:108B80003B46F7F7EEFC2A464346F7F7EAFC002C93
:108B9000D8BF81F0004106B0BDE8F08D0000F03F85
:108BA0000000F07F075C143326A6913C182D445436
:108BB000FB21F93F0000E03F00570000165700007E
:108BC0008A560000A05600003333EF3FFB21E93FF7
:108BD0002DE9F84F04460D4621F0004000917349FD
:108BE000814211DC7249884201DC06D12CB1204659
:108BF0002946BDE8F84FFFF7EFB96E48002DCCBF0E
:108C00006D496E49BDE8F88F6D49814211DD6D49AE
:108C10008142D8BF4FF0FF366DDD20462946FEF772
:108C2000B9FE042808BFFFF7E3F920462946BDE84E
:108C3000F88F6549654F25F00045814233DD644971
:108C4000814219DD002632464FF0804320462946F6
:108C5000F7F7E3FB80468A46012220462946F7F7CC
:108C600064FD00223B46F7F779FC42465346F7F78E
:108C7000EDFC04460D463EE001260022BA463B4686
:108C800020462946F7F7C9FB80460F460022534687
:108C900020462946F7F762FC42463B46F7F7D6FCEA
:108CA00004460D4627E04B4981421BDDDFF828A131
:108CB00002260022534620462946F7F755FC00229B
:108CC0003B46F7F7AAFB80460F4600225346204654
:108CD0002946F7F743FC42463B46F7F7B7FC044604
:108CE0000D4608E0032622462B4600203B49F7F7B5
:108CF000ADFC04460D4622462B4610461946F7F7B2
:108D000033FC8B46824602460B46F7F72DFC07469E
:108D10000246334888460B4606217844FFF790F810
:108D200052465B46F7F720FC82462E488B463A4671
:108D3000434605217844FFF783F83A464346F7F760
:108D400013FC02460B46002E504659460CDAF7F744
:108D500064FB22462B46F7F707FC01B022462B4660
:108D6000BDE8F04FF7F7FDBBF7F757FB22462B4660
:108D7000F7F7FAFB1C4A7A4402EBC603D3E9002357
:108D8000F7F7ECFB22462B46F7F7E8FB174A7A4445
:108D900002EBC603D3E90023F7F7E3FB009A002AAE
:108DA000B8BF81F00041BDE8F88F0000000010441A
:108DB0000000F07F182D4454FB21F93FFB21F9BF3F
:108DC0000000DC3F0000203E0000F33F0000F03FC9
:108DD0000000E63F008003400000F83F0000F0BFC5
:108DE000A254000060540000FE530000C65300006F
:108DF0002DE9F04D9446CCF1000423F000464CEAF6
:108E00000404594F46EAD4749A46884621F0004239
:108E1000BC4206D8454240EA050442EAD474BC424A
:108E200004D9BDE8F04D6246FFF7D9B8AAF1405524
:108E3000A5F17F6555EA0C040BD0022404EAAA745C
:108E40004A4DDFF82CE144EAD87452EA000B04D012
:108E50000CE0BDE8F04DFFF7BBBE002C14BF012CA9
:108E6000BDE8F08D022C30D0032C32D056EA0C0B2A
:108E70000AD0BE4220D1BA4209D126F0804622F063
:108E800080423346114617E000291ADB25E0DFF85F
:108E9000E4B0FB44002C04BFDBE90001BDE8F08D29
:108EA000012C02BFDBE9000181F00041BDE8F08D3B
:108EB000022C0AD0032C0CD0BA4212D1B8F1000F08
:108EC0000BDA2A482C49BDE8F08D28462B49BDE82D
:108ED000F08D28467146BDE8F08D24482849BDE84C
:108EE000F08D921B12153C2AC4BF204F244E10DC7B
:108EF000BAF1000FBEBF12F13C0F00273E4608DB5F
:108F00006246F7F7A3FB21F00041FFF761FE074639
:108F10000E4694B1012C08BF86F000460DD0194AC8
:108F2000194B022C3846314615D0F7F717FB2A4665
:108F3000BDE8F04D114BF7F711BB00221346384640
:108F40003146F7F7ADFC04BF0220FFF76FF8384653
:108F50003146BDE8F08DF7F701FB2A46BDE8F04D3C
:108F6000064BF7F7FEBA00000000F07F182D4454BE
:108F7000FB2109C08A530000FB21F9BFFB210940F6
:108F8000FB21F93F075C143326A6A13C30B583B022
:108F90000446FFF735F805460020CDE900000246FB
:108FA00021466846F7F76FFD2846FFF73FF8DDE9F1
:108FB000000103B030BD000010B586B001210805E6
:108FC000FCF7D6FA01213020FCF7EEFA4FF480507E
:108FD000ADF8140018208DF8170003208DF8160046
:108FE00005A91D48F9F7D4FC0420ADF814008DF84C
:108FF000170005A91948F9F7CBFC35208DF80000BA
:1090000000248DF8014001208DF802008DF8030046
:109010006846FBF7F5F94FF416500190ADF808409B
:10902000ADF80A40ADF80C40ADF810400C20ADF89A
:109030000E000B4C01A92046FEF77AFB012240F2FC
:1090400025512046FEF759FB01212046FEF722FB61
:10905000FAF7A2FA06B010BD00100140001401405A
:109060000050004010B50220F8F7CAFE00F0B2F937
:109070000220FAF7B3FA0120FAF7B0FA01F07CFD0A
:1090800001F05EFDFAF722FDF8F7B2F900214FF486
:109090003460F8F7C3F9F9F721FBF9F76DFB4FF4EA
:1090A000613003F0E7FC4FF4967000F0B1F9FAF785
:1090B000E5F8FBF72FF9F8F7B5FEFBF703FABDE883
:1090C0001040F8F757BA000070B5354C4FF6FF75F1
:1090D000217800292CD003292AD0A1F11502032AD6
:1090E00026D9192924D0022929D0012927D00429D9
:1090F0002AD005292DD006292BD012292CD01329AE
:109100002DD007292ED008292CD009292AD00A29A8
:1091100028D00B2926D00C2929D00D2927D00E299B
:1091200025D00F2923D0102921D011291FD022E0CA
:10913000FFF742FF47212846FDF7C6F81BE047210D
:109140002846FDF7C1F816E0FBF7CCFDFBF75EFE05
:1091500011E001F061FD0EE000F054F80BE001F0C9
:109160001DF908E04FF4E130FEF79CF903E04FF4FD
:109170006130FEF715FA20780C38062803D3BDE8D5
:109180007040FDF781B9074901200860FCF715FF21
:10919000C82000F03DF9BDE87040FCF705BF0000B5
:1091A000D50200208C81214270B50546284602F088
:1091B000C2FE134C0646B4F9020002F0BCFE301A9F
:1091C00002F0B9FEFA2819DDB4F902001A2185422D
:1091D0000CDA6278521E92FBF1F001FB1020C1B252
:1091E00061701A2909D91920607006E06278521C52
:1091F000B2FBF1F001FB10206070658070BD0000D3
:10920000D4020020F0B587B0012140F20440FCF701
:10921000CBF94FF40040FCF7A1F91025ADF804504C
:1092200000248DF8074001A92548F9F7B1FB012179
:109230000820FCF7B9F98DF807502020ADF804009C
:1092400001268DF806601F4F01A93846F9F7A0FBEB
:1092500001210820FCF7A8F98DF80750ADF804505B
:109260008DF8066001A93846F9F792FB164D28469D
:10927000F7F77AFF02948DF80C408DF80D404FF40B
:109280006020049005948DF8186002A92846F7F72D
:10929000B5FF01212846F7F75AFF2846F8F70CF8E2
:1092A0002846F7F7A4FF0028FAD12846F8F715F862
:1092B0002846F7F78BFF0028FAD107B0F0BD000071
:1092C00000080140000C01400028014070B51B4B14
:1092D0000125184619898089002200291AD01428EE
:1092E00017D99A819878164C164EC8B1D6F8AC1199
:1092F000F9B10021C6F8AC11C4F88C515989491C48
:1093000089B25981062904D1A8B1C6F8AC215A8185
:109310001A8170BDB0F5967FFBD99A811D8170BD11
:10932000D4F88C1119B10021C4F88C11E6E70121A1
:10933000FAE70121DEE7C4F88C21E8E7AC00002061
:10934000008021420000214230B5012300220D4956
:10935000242801D14B708A604C78012C02D10A4C30
:109360008D68605505D1232803D10B704A70886839
:10937000C8608868401C8860502802DB8A604A7098
:109380000A7030BD6802002030240020F9F742BA8C
:109390000A2800DC0020704770B50446E07800F031
:1093A000C00500F03F006178094EC90707D0C30827
:1093B00000F00701491C32680AB1184690476078EE
:1093C000000703D5716809B1A8098847002070BD5E
:1093D0002425002010B50B480B490068B0FBF1F0C4
:1093E000C4B26FF00400FCF745FE0849E0080870BD
:1093F00000EB4002C2EBC0104FF6FF7202EAC00061
:10940000488010BD3400002040420F005C00002066
:109410000849498848434FF0E021486100238B61A7
:10942000012008610869C20701D0C003FAD50B61A9
:109430008B6170475C0000200249C8800028FDD184
:1094400070470000AC0000204FF6FF7101EA4000B9
:109450000149488070470000180100200849097838
:1094600048434FF0E021486100238B6101200861EF
:109470000869C20701D0C003FAD50B618B61704740
:109480005C00002008B500280CD020208DF80000DA
:1094900028208DF8010030208DF8020038208DF84A
:1094A000030004E0A32204216846F6F7A2FE6A4600
:1094B000042140F69E2002F0B3FC02F03DF908BD05
:1094C0003EB5044602208DF80000CA208DF8010048
:1094D000E3208DF8020009208DF803006A4604217C
:1094E000682002F09DFCA3208DF80000610609D5DC
:1094F000C0218DF80110C8218DF80210C2218DF80D
:10950000031005E08DF801008DF802008DF80300CE
:1095100014F4C07F09D0C4218DF80410CC218DF83B
:109520000510C6218DF8061005E08DF804008DF8B1
:1095300005008DF806008DF807008DF808008DF8FD
:1095400009006A460A2140F6A72002F069FCA0073C
:109550004FF0D80503D020208DF8000001E08DF8F1
:1095600000506A46012140F6B62002F059FCA006E0
:1095700003D5012000F09AF802E0002000F096F8F0
:1095800014F4C07F20D0E0050CD5B2208DF8000087
:109590008B208DF80100B6208DF802009B208DF8FD
:1095A00003000BE0B0208DF8000080208DF8010052
:1095B000B4208DF8020090208DF803006A46042143
:1095C00040F6A22002F02CFCE0074FF40B6323D0FE
:1095D000F8208DF800006A460121184602F020FCB0
:1095E000FA21072000F0ACFB072000F07BFB0120F4
:1095F00000F094FB642000F055FC4FF4FA7000F08A
:1096000061FCC821274800F035FB282000F04AFB08
:109610000A2000F057FB06E08DF800506A46012151
:10962000184602F0FDFBA00703D5D9208DF80000F5
:1096300001E08DF800506A46012140F23D7002F0D1
:10964000EFFB600703D5012000F05CF802E000208A
:1096500000F058F8E00603D50120FFF713FF02E001
:109660000020FFF70FFF104D44F00800688102F062
:1096700063F80020A873600601D50620A87314F4CF
:10968000C07F02D0A87B801DA87314F0140F02D0F5
:10969000A87B1030A873A00702D0A87B001DA87378
:1096A00000203EBD09E3CA02242500200EB54FF478
:1096B000976300280CD00DA0D0E900128068CDE996
:1096C000001202906A460921184602F0A9FB0EBD5D
:1096D00009A0D0E900128068CDE9001202906A4624
:1096E0000921184602F09CFB0EBD0000B8AAB38DFC
:1096F000B4980D355D000000B8AAAAAAB088C3C509
:10970000C700000008B500280CD0C0208DF800006C
:10971000C2208DF80100C4208DF80200C6208DF80B
:10972000030004E08B2204216846F6F762FD6A46D6
:10973000042140F6982002F073FB01F0FDFF08BD04
:10974000C8234FF48062024940F6F63001F0A4BE0F
:1097500058D400082DE9FF4F8DB01646DDE91A52A6
:10976000074688460024A146A5F80090DFF864B1BA
:1097700005A99BF80E0001F051FF4FF0FF3A18B118
:10978000504611B0BDE8F08FBBF80A3013F0140F4B
:1097900061D09DF817009DF814109DF8162040EA3E
:1097A00001609DF81510090441EA02210843306068
:1097B0009DF81B109DF818209DF81A4041EA02619F
:1097C0009DF81920120442EA0422114371609DF8A9
:1097D0001F209DF81C409DF81EC042EA04629DF8BF
:1097E0001D40240444EA0C242243B2609DF8234027
:1097F0009DF820C09DF822B044EA0C6C9DF82140F1
:10980000240444EA0B244CEA040CC6F80CC01024CF
:109810000014019008140290101403904FEA2C4099
:10982000049001980299404301FB01010398049AB6
:10983000404302FB02000844A0F17060B0F1007FD9
:1098400005D901F079FFA5F80090504699E72888DE
:1098500040F480702880590605A818D50219065DC5
:10986000517841EA0621A8F80010D178967841EAAB
:109870000621A8F802105179127941EA0221A8F8CC
:109880000410A41DE4B2298841F00801298013F4D2
:10989000C07F15D00119065D4A7842EA06223A8057
:1098A000CA788E7842EA06227A804A79097942EAB1
:1098B0000121B980A41DE4B2298841F070012980FA
:1098C000990702D02044FFF767FD109802F037FB9C
:1098D000002056E72425002030B587B004466846AE
:1098E00001F062FCBDF80000420CC1033C48038952
:1098F00003F0030054F820000490580702D50498A0
:1099000040420490C3F3C10054F82000059098062B
:1099100002D5059840420590C3F3811054F8200009
:109920000690D80502D50698404206900498A0FB00
:109930000145C31703FB015300FB0230830043EAD8
:10994000947004900598A0FB0145C31703FB0153D5
:1099500000FB0230830043EA947005900698A0FB58
:109960000145C31703FB015100FB0210810041EACE
:10997000947006900498000E8DF804000498000C72
:109980008DF805000498000A8DF8060004988DF8FB
:1099900007000598000E8DF808000598000C8DF85A
:1099A00009000598000A8DF80A0005988DF80B004B
:1099B0000698000E8DF80C000698000C8DF80D002E
:1099C0000698000A8DF80E0006988DF80F0001AA7F
:1099D0000C214FF4257002F023FA07B030BD0000CF
:1099E0002425002030B585B0044616A1D1E9000237
:1099F0008968CDE9032102904FF0FF35C82C02D9C8
:109A0000284605B030BDC820B0FBF4F1491E080A55
:109A10008DF800008DF801106A46022140F21620F0
:109A200002F0FEF908B12846EBE702AA0C2140F645
:109A3000C12002F0F5F908B12846E2E70448848124
:109A40000020DEE7FEF2ABC4AAF1DFDFBBAFDFDF51
:109A5000242500201FB53F49098901F0030250F871
:109A6000222001924A0702D5019A52420192C1F383
:109A7000C10250F8222002928A0602D5029A52426E
:109A80000292C1F3811250F822000390C80502D55A
:109A90000398404203903048019981FB00218B00DC
:109AA00043EA92710191029981FB00218B0043EA04
:109AB00092710291039981FB0001800F40EA8100BD
:109AC00003900198000E8DF800000198000C8DF8AD
:109AD00001000198000A8DF8020001988DF803003A
:109AE0006A4604214FF4747002F09AF94FF0FF3483
:109AF00010B1204604B010BD0298000E8DF8000091
:109B00000298000C8DF801000298000A8DF80200FE
:109B100002988DF803006A4604214FF4757002F034
:109B20007FF908B12046E5E70398000E8DF80000A4
:109B30000398000C8DF801000398000A8DF80200CC
:109B400003988DF803006A4604214FF4767002F002
:109B500067F9CFE72425002009E3CA0230B587B0B2
:109B600004463FA0006804903EA0006803903EA019
:109B7000006802903DA00068019004F0030004AB6F
:109B8000195C8DF81810C4F3C102995C8DF8191096
:109B9000C4F381115B5C8DF81A3003AB185C8DF84F
:109BA0001400985C8DF81500585C8DF8160006AA14
:109BB000032140F2264002F033F94FF0FF3510B197
:109BC000284607B030BD05AA032140F22A4002F022
:109BD00027F908B12846F4E7029806900198059005
:109BE00060070BD59DF8180040F001008DF81800B3
:109BF0009DF8140040F001008DF81400A0060BD56C
:109C00009DF8190040F001008DF819009DF815002D
:109C100040F001008DF81500E0050BD59DF81A0005
:109C200040F001008DF81A009DF8160040F0010088
:109C30008DF8160006AA03214FF4886002F0F0F8B0
:109C400008B12846BDE705AA032140F2314002F0E1
:109C5000E7F808B12846B4E7054804810020B0E7DA
:109C60004CCD6C000CC92C0036567600264666009A
:109C70002425002008B54FF47A7290FBF2F0484397
:109C8000010E8DF80010010C8DF80110010A8DF8FD
:109C900002108DF803006A4604214FF4AE7002F002
:109CA000BFF808BD08B50521B0FBF1F0010A8DF839
:109CB00000108DF801006A4602214FF4AD7002F0E9
:109CC000AFF808BD08B50521B0FBF1F0010A8DF829
:109CD00000108DF801006A4602214FF4AC7002F0CA
:109CE0009FF808BD08B500210091C10701D03021BF
:109CF0000091810704D59DF8001041F00C010091FE
:109D0000400704D59DF8000040F0030000906A462B
:109D100001214FF4A47002F083F808BD08B50028B3
:109D20000BD0042800D90420401E00906A4601216F
:109D300040F24F1002F074F808BD0120F4E7000073
:109D40002DE9FC410546084669074FF0FF3602D071
:109D5000B0F5C86F02D93046BDE8FC81F6F705FDC5
:109D60004B49F6F710FB0746684601F0FBF99DF8F2
:109D70000000022807D0042814D0082821D0102879
:109D80002ED03046E8E70E213846F6F73AFBF6F7D4
:109D900028FD84B23F493846F6F7C3FAF6F721FDAD
:109DA00080B22BE00D213846F6F72BFBF6F719FDB4
:109DB00084B239493846F6F7B4FAF6F712FD80B2A4
:109DC0001CE00C213846F6F71CFBF6F70AFD84B2BE
:109DD00032493846F6F7A5FAF6F703FD80B20DE0F2
:109DE0000B213846F6F70DFBF6F7FBFC84B22C4945
:109DF0003846F6F796FAF6F7F4FC80B2210A8DF8A9
:109E000004108DF80540010A8DF806108DF8070042
:109E1000E80701AC11D001AA02214FF4EA7001F069
:109E2000FFFF08B1304697E7A21C02214FF4927061
:109E300001F0F6FF08B130468EE7A80711D501AA58
:109E400002214FF4EC7001F0EBFF08B1304683E7DC
:109E5000A21C02214FF4947001F0E2FF08B13046D9
:109E60007AE7680711D501AA02214FF4EE7001F0DC
:109E7000D7FF08B130466FE7A21C02214FF496705D
:109E800001F0CEFF08B1304666E7002064E700002D
:109E900000004843000040460000C0450000404527
:109EA0000000C04408B50521B0FBF1F0010A8DF8AF
:109EB00000108DF801006A4602214FF4EF7001F0A6
:109EC000AFFF08BD08B50521B0FBF1F0010A8DF820
:109ED00000108DF801006A4602214FF4ED7001F088
:109EE0009FFF08BD2DE9F04110F8011B0026C94D68
:109EF0000127722942D073294FD06D2966D0642979
:109F000072D070297ED071297DD076297CD06229CB
:109F10007BD074297AD0792979D04FF461786B2974
:109F200076D0632975D0782974D06E2973D06F29C3
:109F300072D0772971D0662970D067296FD06829CF
:109F40006ED06A296DD075296CD07A296BD06C29B6
:109F50006AD0652969D03F2968D0AF4802F080FDFA
:109F600001F0EEFFADA002F07BFD01F0E9FFBAA029
:109F700002F076FDBDE8F04101F0E2BFEE802E81F7
:109F80006E81AE81C4A002F033FBC5A002F068FD73
:109F900001F0D6FF2F61BDE8F0812E61CCA002F068
:109FA0005FFD688902F03CFDCCA002F059FDA88954
:109FB00002F036FD01F0C4FFA8890028EBD0CAA04A
:109FC00002F04EFDBDE8F04101F0BABF01F0C2FF62
:109FD000F6F7EEFB032800D30020CD490860BDE86A
:109FE000F041CCA002F004BB01F0B4FFF6F7E0FBB7
:109FF000002800DA00204FF41661884200DD084690
:10A00000C54914E01CE024E02CE034E03CE044E0EE
:10A010004CE065E082E089E093E09BE0A3E0ABE008
:10A02000B3E0BDE0C5E0CDE0DDE0E5E0EDE00860F7
:10A03000BA4919380860BDE8F041B6A002F0D8BAB4
:10A0400001F088FFB6490860BDE8F041B1A002F018
:10A05000CFBA01F07FFFB3490860BDE8F041ADA081
:10A0600002F0C6BA01F076FFAF490860BDE8F041E2
:10A07000A8A002F0BDBA01F06DFFAC490860BDE8D0
:10A08000F041A4A002F0B4BA01F064FFA84908604E
:10A09000BDE8F0419FA002F0ABBA01F05BFFA5491B
:10A0A0000860BDE8F0419BA002F0A2BA01F052FFA7
:10A0B000F6F77EFB0446002C01DC4FF41674444591
:10A0C00000DD4446AC611420E8616F619AA002F0A3
:10A0D000C7FC204602F0A4FCBDE8F04101F030BF0F
:10A0E00001F038FFF6F764FB0446002C01DC4FF466
:10A0F0009674444500DD4446AC612E626E620220D7
:10A10000686190A002F0ACFC204602F089FC90A0AF
:10A1100002F0A6FCBDE8F04101F012BF6E6190A014
:10A1200002F09EFCBDE8F04101F00ABF01F012FF11
:10A13000F6F73EFB8D490860BDE8F04175A002F0DE
:10A1400057BA01F007FF8A490860BDE8F04171A0E5
:10A1500002F04EBA01F0FEFE86490860BDE8F0410B
:10A160006CA002F045BA01F0F5FE83490860BDE835
:10A17000F04168A002F03CBA01F0ECFE7F490860B3
:10A18000BDE8F04163A002F033BA01F0E3FEF6F758
:10A190000FFB7B490860BDE8F0415EA002F028BAE1
:10A1A00001F0D8FE77490860BDE8F04159A002F0FF
:10A1B0001FBA01F0CFFE74490860BDE8F04155A018
:10A1C00002F016BA01F0C6FEF6F7F2FA012800DA3C
:10A1D0000120142800DD142028706E70BDE8F041C5
:10A1E0004CA002F005BA01F0B5FE68490860BDE870
:10A1F000F04148A002F0FCB901F0ACFE64490860EF
:10A20000BDE8F04143A002F0F3B9BDE8F04161A020
:10A2100002F0EEB94002002058E30008232020207D
:10A22000202020703D42616C4B7020713D42616C7A
:10A230004B6420763D56656C4B7020623D56656CD4
:10A240004B6920743D5475726E4B7020793D547586
:10A25000726E4B6400000000232020202020206E1E
:10A26000206F207720662067203D206D6F64652079
:10A270003236206C6164646572207C207A3C6E3ECC
:10A28000203D206C6F67206576657279206E2D7495
:10A2900068207469636B000023737461727400003A
:10A2A000237365712C6779726F2C616E675F632C05
:10A2B0006D6C2C6D722C656C2C65722C696E6A2C21
:10A2C0006F73635F632C6B5F632C6C766C000000B4
:10A2D00023656E6420726F77733D00002064726F97
:10A2E000707065643D000000235741524E494E474F
:10A2F0002064726F707065642073616D706C65733B
:10A300002C20736571206861732067617073000091
:10A310008C010020236F6B002C01002030010020F5
:10A32000480100204C010020500100205401002071
:10A33000580100205C010020236B69636B20616D74
:10A34000703D000023636869727020616D703D008C
:10A3500020302E352D3235487A20323073000000FF
:10A3600023696E6A656374206F666600E0010020F1
:10A37000C0010020C4010020C8010020CC01002041
:10A38000D8010020B8010020BC010020900100206D
:10A3900094010020237374617465000030B587B0A8
:10A3A00001214FF48360FBF7FFF84FF40040FBF707
:10A3B000D5F80720ADF8040028248DF80740254D76
:10A3C00001A92846F8F7E4FA0821ADF804108DF841
:10A3D000074001A92846F8F7DBFA3021ADF8041050
:10A3E0008DF8074001A92846F8F7D2FA0125ADF803
:10A3F00004508DF8074001A91748F8F7C9FA174C1F
:10A400002046F6F7B1FE002102918DF80C108DF870
:10A410000D104FF46020049005918DF8185002A99A
:10A420002046F6F7EBFE01212046F6F790FE204687
:10A43000F6F742FF2046F6F7DAFE0028FAD120466A
:10A44000F6F74BFF2046F6F7C1FE0028FAD107B019
:10A4500030BD000000100140000C01400028014008
:10A4600004490A885206FCD5024AC1B2121D118065
:10A47000704700000038014010B50A20F8F730FBA3
:10A48000134C000960600C20F8F72AFB0009A0605B
:10A490000D20F8F725FB000960610E20F8F720FB7E
:10A4A0000009E0600820F8F71BFB00092061A068A4
:10A4B000FEF76EFFA060E068FEF76AFFE06060698B
:10A4C000FEF766FF606100F04DFA206010BD0000ED
:10A4D000CC0000202DE9FC410546264801AB0422B2
:10A4E00040680D21007800F0C1FA10B10720BDE8E6
:10A4F000FC819DF807009DF80420C0F3011102F0D3
:10A50000E00241EAD2018DF800109DF80520C0F369
:10A51000810102F0E00241EAD2018DF801109DF8BC
:10A52000061000F0030001F0E00140EAD1008DF8D0
:10A53000020000246E46305D20B10F4845F824002B
:10A540000E4F0AE0002045F824000CE055F82400E6
:10A550003946F5F7E6FE45F82400305D401E10F060
:10A56000FF003055F2D1641CE4B2032CE3D3002089
:10A57000BDE70000E40200207B14AE3E1D5A843F7C
:10A580002DE9F04788B005460C46924601208DF82B
:10A59000140000278DF81570DFF8B88305AB022290
:10A5A000D8F80000817CD8F80400007800F099FA0F
:10A5B0004FF0FF3918B1484608B0BDE8F087C82011
:10A5C000FEF726FF8DF81470D8F8000005AB0122C5
:10A5D000C17BD8F80400007800F083FA08B148463F
:10A5E000EAE7D8F8000005AB01224179D8F8040069
:10A5F000007800F076FA08B14846DDE7D8F80000A8
:10A6000005AB0122817CD8F80400007800F069FADB
:10A6100008B14846D0E7D8F8000005AB0122C17D5B
:10A62000D8F80400007800F05CFA08B14846C3E7A7
:10A63000D8F8000005AB01220179D8F804000078B1
:10A6400000F04FFA08B14846B6E70C268DF81460C2
:10A65000D8F8000005AB01220179D8F80400007891
:10A6600000F03FFA08B14846A6E70F20FEF7D0FEFB
:10A67000D8F82800407A8DF81400D8F8000005AB0F
:10A6800001228178D8F80400007800F02AFA08B195
:10A69000484691E7D8F82800007A8DF81400D8F8D9
:10A6A000000005AB01224178D8F80400007800F0E2
:10A6B00018FA08B148467FE7BAF1000F07D0D8F87A
:10A6C0002800807A40F0E0008DF8140004E0D8F80B
:10A6D0002800807A8DF81400D8F8000005AB01221C
:10A6E0008179D8F80400007800F0FBF908B14846F9
:10A6F00062E7BAF1000F07D0D8F82800C07A40F01E
:10A70000E0008DF8140002E018208DF81400D8F84D
:10A71000000005AB0122C179D8F80400007800F0F0
:10A72000E0F908B1484647E7BAF1000F02D0C82067
:10A73000FEF76EFE40208DF81400D8F8000005AB3F
:10A7400001220179D8F80400007800F0CAF908B1B4
:10A75000484631E778208DF81400D8F8000005ABA2
:10A7600001224179D8F80400007800F0BAF908B164
:10A77000484621E73220FEF74BFE8DF81470D8F8DA
:10A78000000005AB01224179D8F80400007800F000
:10A79000A8F908B148460FE7D8F8000005AB022237
:10A7A000817AD8F80400007800F060F908B14846D2
:10A7B00002E79DF815009DF8141040EA0120B0FB57
:10A7C000F6F0C6B2AF606F602F60A7606760276069
:10A7D000002756E0D8F8000005AB0C22C17AD8F863
:10A7E0000400007800F042F908B14846E4E69DF81C
:10A7F00015009DF8141040EA012000B2ADF80C00DD
:10A800009DF817109DF8162041EA022109B2ADF813
:10A810000E109DF819209DF8183042EA032212B25A
:10A82000ADF8102023681844206060680844606018
:10A83000A0681044A0609DF81B009DF81A1040EA23
:10A84000012000B2ADF804009DF81D109DF81C20F9
:10A8500041EA022109B2ADF806109DF81F209DF8CB
:10A860001E3042EA032212B2ADF808202B681844C9
:10A870002860686808446860A8681044A8607F1C65
:10A88000FFB2B742A6D328688322C117090441EA60
:10A89000104100040023F5F769FC32460023F5F768
:10A8A00065FC286068688322C117090441EA1041E9
:10A8B00000040023F5F75AFC32460023F5F756FC56
:10A8C0006860A8688322C117090441EA10410004A6
:10A8D0000023F5F74BFC32460023F5F747FCA86050
:10A8E00020684FF40065C117090441EA10410004D3
:10A8F0002A460023F5F73AFC32460023F5F736FCEA
:10A90000206060682A46C117090441EA104100042A
:10A910000023F5F72BFC32460023F5F727FC606097
:10A92000A0682A46C117090441EA10410004002327
:10A93000F5F71CFC32460023F5F718FCA060002850
:10A9400003DDA0F58030A06002E000F58030A0605B
:10A95000002031E6E40200200148408870470000F2
:10A960001801002010B50949486900EBC00202EB4C
:10A9700000138A68C96802EB8304C72303FB014301
:10A980001044084493FBF0F010BD0000CC00002000
:10A990002DE9F84F81468A4600252F486B46032251
:10A9A00040680D21007800F061F810B10720BDE883
:10A9B000F88F9DF8000000F01F008DF800009DF852
:10A9C000010000F01F008DF801009DF8020000F06A
:10A9D0001F008DF8020000246F464FF0010859F85F
:10A9E00024005AF82410401A00D54042F5F7B4FE6E
:10A9F0006FF00F01F5F705FD0646385DF8B1174A0F
:10AA0000DFF85CB004E059461046F5F78AFC0246D0
:10AA1000385D401E10F0FF003855F4D11146304625
:10AA2000F5F7B1FC4FF07E51F5F775FC0D4920F0BC
:10AA3000004088420BDD08FA04F0054307E00A48AD
:10AA40003044B0F1D97F02D908FA04F00543641C00
:10AA5000032CC4DB2846AAE7E40200200000C8411A
:10AA600054E3853F295C0F3E0000E0BE2DE9F04134
:10AA700006460F4614461D46F8F798FCB0B170061E
:10AA8000000EF8F763FCF8F7D9FC90B13846F8F7F8
:10AA90005DFCF8F7D3FCF8F789FC012000EB4600D9
:10AAA000C0B2F8F753FCF8F7C9FC0FE00120BDE88D
:10AAB000F081F8F7A7FC0120F9E7012C0CD0012068
:10AAC000F8F70EFC28706D1C641EE4B2002CF4D163
:10AAD000F8F798FC0020EAE70020F8F701FC28705E
:10AAE000F1E72DE9F04104460F4616461D46F8F7FA
:10AAF0005DFC68B16006000EF8F728FCF8F79EFCD4
:10AB000048B13846F8F722FCF8F798FC00240DE02D
:10AB10000120BDE8F081F8F775FC0120F9E7285D18
:10AB2000F8F714FCF8F78AFC30B1641CB442F6DB89
:10AB3000F8F768FC0020ECE7F8F764FC0020E8E791
:10AB400008B501210420FAF72FFD4FF40060ADF89D
:10AB5000000010208DF8030002208DF802006946E5
:10AB60000348F7F715FF03490020086008BD0000FF
:10AB700000080140AC01214208B501210820FAF784
:10AB800013FD0820ADF8000010208DF8030002200E
:10AB90008DF8020069460348F7F7FAFE02490020E3
:10ABA000086008BD000C01408C81214270B504464C
:10ABB000204600F00DF80546E01C00F009F845EAD3
:10ABC000C005A01D00F004F845EA801080B270BDF9
:10ABD00090F90010002902DD4FF00000704702DA02
:10ABE0004FF00400704790F90110002902DD4FF08A
:10ABF0000100704702DA4FF00500704790F902003B
:10AC0000002802DD4FF00200704702DA4FF0060024
:10AC100070474FF00700704738B501211820FAF748
:10AC2000C3FC04248DF803401020ADF80000114D42
:10AC300069462846F7F7ACFE8DF803402021ADF8B1
:10AC4000001069462846F7F7A3FE8DF8034001205F
:10AC5000ADF80000084D69462846F7F799FE8DF8D3
:10AC600003400221ADF8001069462846F7F790FE30
:10AC700038BD000000100140000C01402DE9F041FA
:10AC80001F4DEC69002C00DA0024052C00DB0424A5
:10AC9000A86B1C4E00280FDB84420DD056F8241000
:10ACA000B1F5000F08DB56F82000F5F76CFB164FE6
:10ACB0003968F5F736FB3860AC63EC61114813492D
:10ACC0003C3850F8240008600E481149283850F8E4
:10ACD000240008600B480F49143850F8240008601D
:10ACE0000D4956F82400086006480C49143050F805
:10ACF000240008600B490A480860BDE8F0810000A4
:10AD0000C0010020E0D300086801002048010020B5
:10AD10004C01002050010020540100205801002067
:10AD20000000A0415C0100201FB5FEF79BF9FBF776
:10AD300033FFF9F733FBFEF7C7F9F9F7B5FA01234B
:10AD40000022022199A0F9F790FBDFF8749201E04C
:10AD5000FBF7C0FF0120F8F7CDFE18B999F8000005
:10AD60000128F5D0002689F8006001230022022185
:10AD700094A0F9F77AFBDFF864B2994FDFF86482A8
:10AD8000DFF864A2FBF7A6FF9AF800000C3805284C
:10AD900007D89BF80000012803D18BF80060F7F773
:10ADA0005DFA9AF80000D8B1032819D0192835D0D7
:10ADB000A0F11501032963D8387818B1FAF794FA8D
:10ADC000FAF7F2F8FBF780FF0028DBD1874800682C
:10ADD000F5F753FD864A1268002A42D085A241E069
:10ADE000387818B1FAF780FAFAF7DEF88348017874
:10ADF000012902D10670FAF7ABFEFBF765FF0028C8
:10AE0000C0D17FA18248D8F80020FCF7AFFD012314
:10AE1000002203217E48F9F728FBB3E7387818B100
:10AE2000FAF762FAFAF7C0F8FBF74EFF0028A9D14B
:10AE300078480068F5F721FD044677480D4600681C
:10AE4000F5F71BFD8DE83300744875A10268704862
:10AE5000FCF78CFD0123002203216D48F9F705FB67
:10AE600090E775A2009202460B4675A16848FCF770
:10AE70007DFD0123002203216548F9F7F6FA81E7F9
:10AE8000012827D0022832D0042833D005283ED00C
:10AE900006283CD0122867D013286AD007286BD028
:10AEA0000A286CD00B286DD00C2872D00D2873D0D6
:10AEB0000E2874D00F2875D01028AED164480178C0
:10AEC0000129AAD1067001230022032161A0F9F70C
:10AED000CCFA57E74AA14E48D8F80020FCF746FDC7
:10AEE0000123002203214A48F9F7BFFA4AE7F6F79F
:10AEF00039FA47E75C485DA102784548FCF736FD22
:10AF00000123002203214248F9F7AFFA3AE75B4DEB
:10AF100020212846F7F7BEFD044610212846F7F702
:10AF2000B9FD0246234656A13948FCF71FFD01230F
:10AF3000002202213648F9F798FA574D0221284697
:10AF4000F7F7A8FD044601212846F7F7A3FD0246BE
:10AF5000234652A12E48FCF709FD012300220321BC
:10AF60002B48F9F782FA0DE7D9F80400F9F724FC29
:10AF700008E7F7F765FB05E7F6F7A6FD02E7F6F742
:10AF8000A9FEFFE6F6F73CFEFCE602E004E006E080
:10AF900008E0F6F71DFCF5E6F6F78CFCF2E6F6F7AE
:10AFA000DDFBEFE6F6F7DAFCECE6000070757420E6
:10AFB000646F776E206B6579207374617274210001
:10AFC00004000020737461727420636F6E74726F7A
:10AFD0006C21202020202020202000000C040020B4
:10AFE00068020020C8000020D50200209C0100203B
:10AFF000980100204845415659000000AF0000204C
:10B00000646973203D2564206D6D202020000000C0
:10B0100058040020EC010020E8010020DC010020A1
:10B020004C2564206F736325342E3166206C6E25A9
:10B03000332E3166000000004E4F524D20000000BC
:10B04000726D733D25352E3166202573000000009A
:10B0500015040020737461727420747261636B2133
:10B060002020202020000000B802002073706565B9
:10B0700064203D20256420200000000000100140D5
:10B080007831203D20256420207832203D20256421
:10B090002020202000000000000C01407833203DDB
:10B0A00020256420207834203D2025642020202085
:10B0B0000000000070B504460D46114E00223346D4
:10B0C00020462946F5F704FC07D233462046294698
:10B0D000BDE870400022F5F741BA00221346204631
:10B0E0002946F5F7DDFB07D2334620462946BDE861
:10B0F00070400022F5F791B92046294670BD000046
:10B10000008076402DE9F041002620F00104144D26
:10B1100095F82400002802D00020BDE8F081A97A2B
:10B120004FF0FF3839B12F7C21402974A14200D063
:10B13000464624B901E04046EFE7287D18B10120DA
:10B1400001F008F802E0002001F004F82CB100F052
:10B15000F3FA10B12F744046DFE73046DDE7000018
:10B16000E40200200F4A517A002908D0012909D0B1
:10B1700002290AD003290BD04FF0FF30704702217B
:10B18000017007E00421017004E00821017001E072
:10B1900010210170D17C11B10178490001700020AB
:10B1A00070470000E4020020114A517A002908D0BB
:10B1B00001290AD002290CD003290ED04FF0FF300C
:10B1C00070474FF4804101800AE041F69C71018094
:10B1D00006E04FF48051018002E04FF400610180ED
:10B1E000D17C11B10188490801800020704700001E
:10B1F000E40200200249097C017000207047000031
:10B20000E40200200E49097A002909D001290AD058
:10B2100002290CD003290ED00021018000207047A4
:10B22000FA210180FAE74FF4FA710180F6E74FF452
:10B230007A710180F2E74FF4FA610180EEE70000D5
:10B24000E40200200C49097A002908D0012909D01C
:10B2500002290AD003290BD04FF0FF30704707496D
:10B26000016007E00649016004E00649016001E071
:10B270000549016000207047E402002000000343FC
:10B280000000834233330342333383410F49C97A89
:10B29000072917D2DFE801F01604070A0D10130082
:10B2A000BC21018010E0622101800DE02A21018093
:10B2B0000AE01421018007E00A21018004E0052151
:10B2C000018001E00021018000207047E40200209D
:10B2D000054991F82420002A02D04FF0FF30704732
:10B2E000C989018000207047E40200202DE9FC415B
:10B2F00080208DF80000544C6B4601222068817C30
:10B3000060680078FFF7EDFB4FF0FF3610B1304674
:10B31000BDE8FC816420FEF77BF800258DF8005025
:10B3200020686B460122817C60680078FFF7D9FBBA
:10B3300008B13046ECE720686B460622817D6068E4
:10B340000078FFF793FB08B13046E1E79DF8050070
:10B350009DF80310C007400F01F0010140EA4101D0
:10B360009DF8010000F001000143012761B10129AE
:10B3700006D0022906D035A0FCF7E8FA3046C7E728
:10B38000E77414E0E57412E020686B460122C1788E
:10B3900060680078FFF76AFB08B13046B8E79DF8AF
:10B3A000000000F00F0008B3042824D0E574FF214A
:10B3B00004F80A1F04F8021C04F8011C61704FF61F
:10B3C000FF70A080A1712172A77027766576E57263
:10B3D000A572E56025616561A576E576A5834FF4E4
:10B3E000FA6000F0D9FB58B1304691E72148FCF7EC
:10B3F000ADFA30468CE720A0FCF7A8FAE774D6E750
:10B40000022000F0C5FA08B1304681E72A2000F09A
:10B410002FFC08B130467BE7322000F067FC08B112
:10B42000304675E70020FFF76DFE08B130466FE744
:10B43000002000F0E7FA08B1304669E7002000F08C
:10B4400097FC002064E70000E4020020556E73754D
:10B4500070706F7274656420736F66747761726563
:10B460002070726F64756374207265762025642E77
:10B470000A0000009CE3000848616C662073656E5A
:10B480007369746976697479207061727420666F6B
:10B49000756E642E0D0A00002DE9FF4F85B005463C
:10B4A0000E461746DFF8A0804FF0FF3998F82500C8
:10B4B000002803D0484609B0BDE8F08F0EB1002443
:10B4C00025E04846F7E7281B102800DD10201FFA6A
:10B4D00080FA3019834602465146204600F0A0FC0F
:10B4E00008B14846E7E701AA5146204600F0ECF8CB
:10B4F00008B14846DFE75846524601A9F4F7ACFECA
:10B5000010B16FF00100D6E704EB0A0084B2AC4240
:10B51000D9D3380A8DF800008DF80170D8F80000F2
:10B520006B460222817ED8F804000078FFF7D9FA32
:10B5300008B14846BFE7012088F825000898A8F818
:10B5400026000020B7E70000E40200202DE9F843C0
:10B5500004464FF0FF37282C02D93846BDE8F8835F
:10B560002D4D4FF0070900268CB1012000F050FB53
:10B5700020208DF800004FF00108012C1CD0052C74
:10B5800020D88DF80180052000F072FB29E0002012
:10B5900000F03EFB8DF800608DF8019028686B4646
:10B5A0000222817C68680078FFF79BFA08B1384670
:10B5B000D4E72E750020D1E78DF80160052000F05A
:10B5C00057FB0EE0142C06D802208DF801000A204B
:10B5D00000F04EFB05E003208DF80100142000F080
:10B5E00047FB9DF8010009EB80108DF801002868E9
:10B5F0006B460222817C68680078FFF772FA08B116
:10B600003846ABE70820A8722E7385F81480002016
:10B61000FFF778FD0020A1E7E40200202DE9F843C0
:10B62000054689461746274E4FF0FF3896F8240006
:10B6300000280DD0B07A68B130686B460222817A5A
:10B6400070680078FFF712FA30B14046BDE8F88321
:10B650004046FBE74046F9E79DF801009DF80010E1
:10B6600040EA0124AC4203D2002038704046EDE7A6
:10B6700070684188B4EB510F12D9316800786B467D
:10B68000497C0122FFF7F2F908B14046DEE79DF858
:10B690000000C00604D500F04FF86FF00100D5E7B8
:10B6A0003068EAB24B46C17A70680078FFF7DEF97D
:10B6B00008B14046CAE7B4FBF5F0401E38700020E0
:10B6C000C4E70000E40200202DE9F8430E4690464E
:10B6D0004FF0FF35B8F1000F10D0164FB97A79B19D
:10B6E000010A8DF80010C4B28DF80140A0197C68E1
:10B6F0006189884206D92846BDE8F8832846FBE7D9
:10B700002846F9E738686B460222017E2078FFF769
:10B71000E8F908B12846EFE73868F2B24346417DC0
:10B7200078680078FFF7A2F908B12846E4E700201E
:10B73000E2E70000E4020020F8B5564D4FF0FF3676
:10B74000A87A00280CD00024009428686B460122B7
:10B75000C17B68680078FFF7C4F918B13046F8BDBE
:10B760003046F8BD28686B46012241796868007848
:10B77000FFF7B7F908B13046F8BD28686B460122DB
:10B78000017968680078FFF7ACF908B13046F8BD78
:10B7900095F8240078B30C20009028686B460122AD
:10B7A000017968680078FFF79CF908B13046F8BD68
:10B7B000C0200090A87AC00701D0E020009028683F
:10B7C0006B460122017968680078FFF78AF908B1B1
:10B7D0003046F8BD687C10B10220009000E0009473
:10B7E00028686B460122C17B68680078FFF779F909
:10B7F00010B13046F8BD0BE0009428686B4601227A
:10B80000417968680078FFF76CF9A0B33046F1E73A
:10B810000420009028686B4601220179686800784E
:10B82000FFF75FF908B13046E4E7A87C78B9A87A59
:10B83000C0070CD06020009028686B460122017977
:10B8400068680078FFF74DF920B13046D2E7402014
:10B850000090F1E7687C10B10120009000E00094B6
:10B8600028686B460122C17B68680078FFF739F9C8
:10B8700010B13046BEE70BE02868064B0122417943
:10B88000686810330078FFF72CF908B13046B1E74B
:10B890000020AFE7E40200202DE9F0438BB08146A1
:10B8A00088463A4D95F82400002804D0002000F086
:10B8B00035F9012600E0002602A8FFF7A3FC04A842
:10B8C000FFF750FC6846FFF7E1FC01A8FFF700FD19
:10B8D000AF7A03A8FFF78EFC0024002241464846B9
:10B8E000FEF74EFE10B1641C022CF6DB022C19D0C0
:10B8F0000024012205A908A8FEF742FE10B1641C2D
:10B90000022CF6DB022C0FD005A94046FCF7E6FF1F
:10B9100000F0FF0808A94846FFF73AF8C0B2002433
:10B9200020B104E0002407E0002405E00124B8F180
:10B93000000F01D144F00204FF2028726872E872FF
:10B940004FF6FF71E981A872287401202873BDF8B1
:10B95000080000F021F99DF8100000F019F8BDF87A
:10B96000000000F085F9BDF8040000F0BFF938468A
:10B9700000F0FEF99DF80C00FFF7C4FB16B10120A2
:10B9800000F0CCF80BB02046BDE8F083E4020020C4
:10B9900038B51B4C4FF0FF35A17A002909D0022899
:10B9A00009D004280AD008280BD010280CD028462B
:10B9B00038BD284638BD0020009007E008200090E0
:10B9C00004E01020009001E018200090607A9DF8BB
:10B9D0000010B0EBD10F01D1002038BD20686B46BC
:10B9E0000122C17960680078FFF77BF808B128462A
:10B9F00038BD9DF80000C0086072002038BD00000E
:10BA0000E4020020F8B50446434DA87CA04201D1D1
:10BA10000020F8BD40484FF0FF36D0E90010ACB32D
:10BA2000097900786B460122FFF720F808B130460B
:10BA3000F8BD9DF8000020F02000009028686B46BB
:10BA40000122017968680078FFF74BF808B13046A9
:10BA5000F8BD0320FDF7DCFC0220009095F82200E1
:10BA600008B18220009095F8230020B19DF80000D5
:10BA700040F03000009028686B460122017D686824
:10BA80000078FFF72EF8E8B33046F8BDFFE70979F4
:10BA900000786B460122FEF7E9FF08B13046F4E773
:10BAA000A87AC00705D09DF8000040F02000009063
:10BAB00004E09DF8000020F02000009028686B460C
:10BAC0000122017968680078FFF70BF808B1304669
:10BAD000DBE70320FDF79CFC95F8220010B18020E5
:10BAE000009001E00020009095F8230020B19DF81F
:10BAF000000040F03000009028686B46017D6868C7
:10BB0000007800E005E00122FEF7EBFF08B13046C7
:10BB1000BBE7AC740020B8E7E402002038B51D4C48
:10BB200094F82410814201D1002038BD0025F0B1E5
:10BB300094F82500C0B1002000F00CFB0020FFF7B6
:10BB400061FFE08C00F0D2F8009560686B4601223E
:10BB500000782321FEF7C5FF012084F8240000F0BF
:10BB6000F9FAFFF7E9FD12E04FF0FF3038BD002091
:10BB700000F0F0FA207C009060686B4601220078AB
:10BB80002321FEF7AEFF84F82450FFF7D5FD0020F7
:10BB900038BD0000E402002038B51C4C4FF0FF35E2
:10BBA000A17A00290CD0FA280CD0B0F5FA7F0CD07D
:10BBB000B0F57A7F0CD0B0F5FA6F0CD0284638BDBE
:10BBC000284638BD0020009007E00820009004E0DF
:10BBD0001020009001E018200090207A9DF80010BD
:10BBE000B0EBD10F01D1002038BD20686B46012297
:10BBF000817960680078FEF774FF08B1284638BD87
:10BC00009DF80000C0082072002038BDE40200202A
:10BC100038B50446154D95F82300A04201D1002007
:10BC200038BD14B13020009001E000200090A87CC5
:10BC300020B19DF8000040F00200009095F822002D
:10BC400020B19DF8000040F08000009028686B460D
:10BC50000122017D68680078FEF743FF10B14FF0C4
:10BC6000FF3038BD85F82340002038BDE4020020B5
:10BC700038B51D4C4FF0FF35A17A002904D0BC28FF
:10BC800004D30120009017E0284638BD622802D373
:10BC90000220009010E02A2802D3032000900BE03D
:10BCA000142802D30420009006E00A2802D30520BD
:10BCB000009001E006200090E07A9DF80010884294
:10BCC00001D1002038BD20686B4601228178606870
:10BCD0000078FEF706FF08B1284638BD9DF8000041
:10BCE000E072002038BD0000E4020020F8B50446F0
:10BCF0001E4D4FF0FF37A87A002804D095F8240095
:10BD000018B13846F8BD3846F8BD287D50B134B179
:10BD1000282C04D8E0B2FFF719FC0020F8BD002061
:10BD2000FFF714FC4FF47A76042C01D2042402E0CD
:10BD3000B44200D93446B6FBF4F0401E00902868A7
:10BD40006B460122417868680078FEF7CAFE08B1A8
:10BD50003846F8BD9DF80000401CB6FBF0F0E881C5
:10BD60004008FFF785FF0020F8BD0000E402002036
:10BD7000F8B5044614F0700F4FF0000602D0012011
:10BD8000009004E00CB1009601E040200090234DAB
:10BD90006B4601222868817C68680078FEF7A1FE66
:10BDA0004FF0FF3710B1AE723846F8BD9DF8000075
:10BDB00020F0400028730096600601D40420009013
:10BDC000A00604D49DF8000040F002000090E006B8
:10BDD00004D49DF8000040F001000090200704D436
:10BDE0009DF8000040F03800009028686B46012262
:10BDF000C17C68680078FEF774FE10B1AE723846F8
:10BE0000F8BD24B1082C02D00020FFF701FFAC726E
:10BE10002E753220FDF7FCFA0020F8BDE402002068
:10BE20002DE9F8430E4690464FF0FF35B8F1000F6C
:10BE300010D0164FB97A79B1010A8DF80010C4B24A
:10BE40008DF80140A0197C686189884206D928468E
:10BE5000BDE8F8832846FBE72846F9E738686B46D3
:10BE60000222017E2078FEF73CFE08B12846EFE76B
:10BE70003868F2B24346417D78680078FEF731FEBB
:10BE800008B12846E4E70020E2E70000E4020020D1
:10BE90002DE9FF5F8846DDE90EAB994690452DD12F
:10BEA000002626E0002421E0109A09FB06F002EBB0
:10BEB0008007002147F82410002514E009FB05F055
:10BEC0000BEB800050F8241008FB06F00AEB800012
:10BED00050F82500F4F725FA57F82410F4F7C9F9BB
:10BEE00047F824006D1C4545E8DB641C4C45DBDB52
:10BEF000761C00988642D5DBBDE8FF9F04B002A007
:10BF0000BDE8F05FFBF722BDB4EDCEF3A3BABED817
:10BF1000D5F3B5C4B3DFB4E7B2BBB6D4A3A1000078
:10BF200000B50346002203E06420FDF785FA521CA9
:10BF30009A42F9DB00BD002800DA404270477047A2
:10BF400010B50D2000F0FEFCBDE810400A2000F006
:10BF5000F9BC00002DE9F04704460025204F0026DB
:10BF600000E0641C20782028FBD03D28F9D0207800
:10BF70002D2801D10126641CDFF868800BE0F4F75E
:10BF8000EBFB814641462846F4F7CBF94946F4F7E6
:10BF900070F90546641C207830380928EFD92078DC
:10BFA0002E2815D1641CB8460EE0F4F7D5FB3946AF
:10BFB000F4F7B7F92946F4F75CF9054641463846E7
:10BFC000F4F7AFF90746641C207830380928ECD91B
:10BFD0001EB185F00040BDE8F0872846FBE7000071
:10BFE000CDCCCC3D0000204110B50948094C0021C2
:10BFF000036801220848A34202DA8270017110BD71
:10C000000379002BFBD1817002710448016010BDDF
:10C01000280100209A991941AC000020AC0121426E
:10C02000F0B42B49002401258B782A4A0B2B0BD224
:10C03000DFE803F0060C1317272B2F33373B3F00A5
:10C04000AA2801D18D701070F0BC70475528FBD123
:10C050000220887055205070F6E790700320887099
:10C06000F2E7D07004228A7000EB400088800A302A
:10C07000FF28E9D98C808C70F0BC91011548F4F749
:10C08000BFB8107105208870DEE7507106208870F7
:10C09000DAE7907107208870D6E7D07108208870A1
:10C0A000D2E7107209208870CEE750720A2088709B
:10C0B000CAE7CB7803F10A0690555B1CD8B2C8706A
:10C0C0008A889042C0D30D70CC708C808C70BBE796
:10C0D0000C0400208025002010B588B002A905A816
:10C0E000FFF7DAFB072832D101A8FFF7ABF8059874
:10C0F000F4F732FB01990C46F4F713F9F4F758FB07
:10C1000005900698F4F728FB2146F4F70AF9F4F7AE
:10C110004FFB06900798F4F71FFB2146F4F701F94F
:10C12000F4F746FB079005A8FDF794FC6846FFF777
:10C130003BF8BDF800000299414302910399414345
:10C14000039104994143049102A8FDF7C5FB08B08F
:10C1500010BD0000F8B51B4C0023224694F8246063
:10C1600006CA5D1E002E11D010B10220009000E022
:10C1700000931078C97B6B460122FEF7B2FC08B130
:10C180002846F8BD9DF80000607419E0A67A26B133
:10C1900028B1667C1EB10020F8BD2846F8BD10B15C
:10C1A0000120009000E000931078C97B6B460122CB
:10C1B000FEF797FC08B12846F8BD9DF800006074B2
:10C1C0000020F8BDE40200200149488070470000CB
:10C1D000180100205B485C4900780A78904275D0CD
:10C1E00008701A2872D2DFE800F00D13191F252BF2
:10C1F00031373D43494F555B61676D757B81878D55
:10C2000093999FA501231A46194650A0F8F72DB916
:10C2100001231A46194651A0F8F727B901231A46F7
:10C22000194651A0F8F721B901231A46194651A021
:10C23000F8F71BB901231A46194652A0F8F715B9A9
:10C2400001231A46194654A0F8F70FB901231A46DC
:10C25000194654A0F8F709B901231A46194655A002
:10C26000F8F703B901231A46194656A0F8F7FDB8A6
:10C2700001231A46194657A0F8F7F7B801231A46C2
:10C28000194658A0F8F7F1B801231A4619465AA0E2
:10C29000F8F7EBB801231A4619465BA0F8F7E5B8A2
:10C2A00001231A4619465CA0F8F7DFB801231A46A5
:10C2B00019465DA0F8F7D9B801231A4619465EA0C1
:10C2C000F8F7D3B801231A46194600E038E05EA01B
:10C2D000F8F7CBB801231A46194660A0F8F7C5B89D
:10C2E00001231A46194662A0F8F7BFB801231A467F
:10C2F000194663A0F8F7B9B801231A46194663A096
:10C30000F8F7B3B801231A46194663A0F8F7ADB899
:10C3100001231A46194664A0F8F7A7B801231A4664
:10C32000194665A0F8F7A1B801231A46194666A078
:10C33000F8F79BB801231A46194667A0F8F795B895
:10C3400070470000D5020020D8020020312E53741F
:10C35000616E64617264204D6F646500322E5554C5
:10C3600020466F6C6C6F7700332E55542041766FEA
:10C3700069640000342E4C6F6164204D6F76656DEA
:10C38000656E7400352E48616E646C6520436F6E77
:10C3900074726F6C00000000362E49522054726196
:10C3A000636B0000372E416476204952205472613D
:10C3B000636B0000382E4B323130205152205265D1
:10C3C00063000000392E4B32313020547261636BB0
:10C3D0000000000031302E4B32313020466F6C6C43
:10C3E0006F77000031312E4B3231302053656C664F
:10C3F000204C6561726E000031322E4B323130209C
:10C400004E756D205265630031332E4C69444152A4
:10C410002041766F6964000031342E4C69444152EA
:10C4200020466F6C6C6F770031352E4C6944415259
:10C43000204775617264000031362E4C69444152C8
:10C4400020506174726F6C0031372E4C6944415238
:10C45000205374724C696E653100000031382E4CE7
:10C4600069444152205374724C696E653200000079
:10C4700031392E43434420547261636B0000000045
:10C4800032302E454D20547261636B0032312E5094
:10C49000504F204E6176000032322E4175746F206D
:10C4A0004C6F61640000000032332E4C6F616420D9
:10C4B000444236353000000032342E4C6F61642027
:10C4C000444239303000000032352E4C6F61642018
:10C4D000444231333030000032362E416461707492
:10C4E000204C6F616400000000B5254B21F0004234
:10C4F00087B09A4203DC0022134600922BE0214BC6
:10C500009A4208D140B94FF00100FBF78FFDFBF7CD
:10C5100068FD07B000BD03DBFBF75EFD07B000BDA3
:10C5200002AAFBF74BFA10F003014FF001000DD007
:10C53000012914D002291AD00DF1080C9CE80F0033
:10C54000FBF700FC07B081F0004100BD0DF1080CC5
:10C5500000909CE80F00FBF7C9FC07B000BD0DF18F
:10C56000080C9CE80F00FBF7EDFB07B000BD0DF1D8
:10C57000080C00909CE80F00FBF7B8FCE2E7000015
:10C58000FB21E93F0000F07F2DE9F04106460F4610
:10C59000F4F740FB041E0D4618BF0120284320F08D
:10C5A0000040C0F17F6000F1E040C00F0ED0301CB1
:10C5B00018BF0120384320F00040C0F17F6000F137
:10C5C000E040C00F04BF0120FBF730FD20462946A4
:10C5D000BDE8F08107B502AB0122F8F700F90EBD06
:10C5E00030B41446DAB2234630BCF8F7F8B800008D
:10C5F00010B500F035FA6AA000F032FA6A48007807
:10C60000401C00F00DFA69A000F02AFA69480068A1
:10C6100000F006FA68A000F023FA6948006800F00C
:10C62000FFF968A000F01CFA6848006808B168A02B
:10C6300000E069A000F014FA69A000F011FA6A485D
:10C64000006800F089F969A000F00AFA69480068FA
:10C6500000F082F968A000F003FA6948006800F071
:10C660007BF968A000F0FCF96848006800F074F9F4
:10C6700067A000F0F5F96848006800F06DF967A060
:10C6800000F0EEF96748006800F066F966A000F077
:10C69000E7F96748006800F05FF966A000F0E0F98C
:10C6A0006648006800F0BCF965A000F0D9F965485B
:10C6B000006800F0B5F964A000F0D2F964480068A1
:10C6C00000F07AF963A000F0CBF96448006800F04C
:10C6D00073F963A000F0C4F96348006800F06CF9D6
:10C6E00062A000F0BDF96348006800F065F962A03F
:10C6F00000F0B6F96248006800F05EF961A000F051
:10C70000AFF96248006800F057F961A000F0A8F99D
:10C710006148006800F050F960A000F0A1F961489C
:10C72000006800F07DF960A000F09AF960480068A8
:10C7300000F076F95FA000F093F95F48006800F020
:10C740003BF95EA000F08CF95E48006800F034F917
:10C750005DA000F085F95E48006800F02DF95DA04D
:10C7600000F07EF95D48007800F05AF95CA000F016
:10C7700077F95D48006800F053F931A000F070F9D6
:10C780005A48006800F04CF959A000F069F95A487D
:10C79000006800F0E1F8BDE81040FFF7D1BB0000F1
:10C7A000206D6F64653D0000D50200202070726F1F
:10C7B000663D00008801002020666F7263653D00C1
:10C7C0008C01002020676561723D00009801002007
:10C7D00048454156590000004E4F524D414C000013
:10C7E000206B703D0000000048010020206B643D7C
:10C7F000000000004C01002020766B703D0000001E
:10C800005001002020766B693D000000540100209B
:10C81000206C623D00000000900100202065613D19
:10C82000000000009401002020726D733D000000A4
:10C830009C010020206C766C3D000000DC01002093
:10C840002F000000E0010020206F73633D00000016
:10C85000E8010020206C65616E3D0000EC010020C5
:10C86000207361743D000000F0010020206F4869D2
:10C870003D000000C0010020206C48693D00000020
:10C88000C4010020206F4C6F3D000000C801002053
:10C890002070616E3D000000CC010020206E7061B0
:10C8A0006E3D0000E401002020626F6F743D0000C7
:10C8B000D8010020206B3D00F4010020206B453D95
:10C8C00000000000B8010020206B463D0000000081
:10C8D000BC010020206469763D0000004002002079
:10C8E00020646561643D00002C01002030010020BF
:10C8F00020766261743D0000280100202DE9F0419E
:10C9000004460D4616461F46DFF83080102140468B
:10C91000F6F7C0F8207020214046F6F7BBF82870E3
:10C92000074C01212046F6F7B5F830700221204669
:10C93000F6F7B0F83870BDE8F08100000010014053
:10C94000000C014003490A881206FCD50149091D63
:10C95000088070470038014070B5044614F1FF4F5D
:10C9600004D32D20FFF7EEFF84F000442046F3F7B8
:10C970001FFF05462846F3F7EFFE2146F3F7CEFCEE
:10C980000C49F3F7CEFC4FF07C51F3F772FCF3F750
:10C990000FFF0446092C01DD6D1C0024284600F021
:10C9A0003FF82E20FFF7CEFF2046BDE8704000F094
:10C9B00037B800000000204170B5044614F1FF4F65
:10C9C00004D32D20FFF7BEFF84F000442046F3F788
:10C9D000EFFE05462846F3F7BFFE2146F3F79EFC1F
:10C9E0000E49F3F79EFC4FF07C51F3F742FCF3F74E
:10C9F000DFFE0446632C01DD6D1C0024284600F098
:10CA00000FF82E20FFF79EFF0A2C02DA3020FFF7E6
:10CA100099FF2046BDE8704000F002B80000C8420F
:10CA20007CB505460024002D03DA2D20FFF78AFF90
:10CA30006D420A206E4695FBF0F100FB115130313A
:10CA40002246641CB15495FBF0F535B1082CF2DB9D
:10CA500003E0641E305DFFF775FF002CF9D17CBD4B
:10CA600010B5044602E0641CFFF76CFF2078002834
:10CA7000F9D110BD30B587B00446012144F204005D
:10CA8000F8F792FD4FF40070ADF8180003208DF810
:10CA90001A0018208DF81B001C4D06A92846F5F732
:10CAA00077FF2815ADF8180004208DF81B0006A9A3
:10CAB0002846F5F76DFF02940024ADF80C40ADF860
:10CAC0000E40ADF81040ADF814400C20ADF8120047
:10CAD0000F4D02A92846FAF72BFE002240F22551FD
:10CAE0002846FAF70AFE01212846FAF7D3FD252049
:10CAF0008DF804008DF8054001208DF806008DF8B2
:10CB0000070001A8F7F77CFC07B030BD0008014022
:10CB10000038014038B501210420F8F745FD022016
:10CB2000ADF8000028208DF8030003248DF80240A2
:10CB3000084D69462846F5F72BFF0121ADF8001096
:10CB400010218DF803108DF8024069462846F5F74C
:10CB50001FFF38BD00080140000000000000000079
:10CB600000000000000000000000000000100010A5
:10CB70000010001000100010000000100000000065
:10CB8000002800280028000000000000000000002D
:10CB90000000000000240024007C00240048007CE9
:10CBA00000480048000000000038005400500038E1
:10CBB00000140054005400380010000000200054FD
:10CBC0000058003000280054001400080000000045
:10CBD00000100028002800100034004800480034ED
:10CBE0000000000000100010001000000000000015
:10CBF00000000000000000000008001000200020DD
:10CC0000002000200020002000100008002000105C
:10CC100000080008000800080008000800100020B4
:10CC20000010003800100028000000000000000084
:10CC3000000000000000000000100010007C001048
:10CC400000100000000000000000000000000000D4
:10CC500000000000000000100010001000000000A4
:10CC6000000000000000003800000000000000008C
:10CC700000000000000000000000000000000010A4
:10CC80000000000000080008001000100010001054
:10CC90000020002000000000003800440044005440
:10CCA0000044004400440038000000000010003040
:10CCB00000500010001000100010001000000000D4
:10CCC0000038004400440004000800100020007CEC
:10CCD00000000000003800440004001800040004B4
:10CCE0000044003800000000000800180028002858
:10CCF0000048007C0008000800000000007C0040A4
:10CD000000400078000400040044003800000000E7
:10CD100000380044004000780044004400440038DB
:10CD200000000000007C000400080010001000203B
:10CD300000200020000000000038004400440038BB
:10CD40000044004400440038000000000038004463
:10CD500000440044003C000400440038000000008F
:10CD600000000000001000000000000000000010A3
:10CD700000000000000000000000001000000000A3
:10CD8000000000100010001000000000000C003037
:10CD900000400030000C0000000000000000000017
:10CDA0000000007C0000007C00000000000000008B
:10CDB000000000000060001800040018006000007F
:10CDC00000000000003800440004000800100010BB
:10CDD000000000100000000000380044004C005427
:10CDE000005C0040004000380000000000100028F7
:10CDF000002800280028007C0044004400000000B7
:10CE00000078004400440078004400440044007866
:10CE10000000000000380044004000400040004096
:10CE20000044003800000000007000480044004446
:10CE3000004400440048007000000000007C0040F6
:10CE40000040007C004000400040007C00000000EA
:10CE5000007C00400040007800400040004000405E
:10CE6000000000000038004400400040005C004426
:10CE70000044003800000000004400440044007CEE
:10CE8000004400440044004400000000003800104A
:10CE9000001000100010001000100038000000000A
:10CEA00000040004000400040004000400440038EE
:10CEB000000000000044004800500060005000489E
:10CEC00000480044000000000040004000400040D6
:10CED000004000400040007C000000000044006C66
:10CEE000006C005400440044004400440000000072
:10CEF00000440064006400540054004C004C0044A2
:10CF00000000000000380044004400440044004495
:10CF10000044003800000000007800440044004451
:10CF2000007800400040004000000000003800444D
:10CF30000044004400440044005400380004000051
:10CF40000078004400440044007800480048004451
:10CF500000000000003800440040003000080004D9
:10CF60000044003800000000007C00100010001099
:10CF700000100010001000100000000000440044E9
:10CF80000044004400440044004400380000000015
:10CF9000004400440044002800280028001000102D
:10CFA0000000000000440044005400540054006C91
:10CFB000002800280000000000440028002800107D
:10CFC0000010002800280044000000000044004435
:10CFD00000280028001000100010001000000000C1
:10CFE000007C000400080010001000200040007CBD
:10CFF00000000000001800100010001000100010C9
:10D000000010001000100018002000200010001078
:10D0100000100010000800080000000000300010A0
:10D020000010001000100010001000100010003060
:10D03000001000280028004400000000000000004C
:10D0400000000000000000000000000000000000E0
:10D050000000000000FE00000020001000000000A2
:10D0600000000000000000000000000000000000C0
:10D0700000380044003C0044004C00340000000034
:10D080000040004000580064004400440064005820
:10D090000000000000000000003800440040004094
:10D0A0000044003800000000000400040034004C7C
:10D0B00000440044004C0034000000000000000068
:10D0C00000380044007C00400044003800000000AC
:10D0D000000C0010007C0010001000100010001068
:10D0E00000000000000000000034004C0044004438
:10D0F000004C0034000400780040004000580064F8
:10D1000000440044004400440000000000100000FF
:10D11000007000100010001000100010000000004F
:10D12000001000000070001000100010001000102F
:10D13000001000E000400040004800500060005037
:10D1400000480044000000000070001000100010B3
:10D15000001000100010001000000000000000008F
:10D1600000780054005400540054005400000000A3
:10D1700000000000005800640044004400440044E3
:10D18000000000000000000000380044004400449B
:10D190000044003800000000000000000058006457
:10D1A00000440044006400580040004000000000BB
:10D1B0000034004C00440044004C003400040004DF
:10D1C00000000000005800640040004000400040A3
:10D1D000000000000000000000380044003000089B
:10D1E00000440038000000000020002000780020EB
:10D1F00000200020002000180000000000000000B7
:10D200000044004400440044004C0034000000008E
:10D2100000000000004400440028002800280010FE
:10D220000000000000000000005400540054006C96
:10D230000028002800000000000000000044002832
:10D240000010001000280044000000000000000052
:10D250000044004400280028001000100010006066
:10D2600000000000007C0008001000200040007C4E
:10D270000000000000180010001000100020002026
:10D280000010001000100018001000100010001016
:10D2900000100010001000100010001000300010EE
:10D2A00000100010000800080010001000100030EE
:10D2B0000000000000000074004C000000000000AE
:10D2C00000000000000016470000404200E02B462E
:10D2D0000000B8420000AF440000A0410000164723
:10D2E0000000F042003072460000F0420000AF44FF
:10D2F0000000A041000028410000E8410000E14694
:10D30000000040420020004600008A420000AF4476
:10D310000000A0410000E1460000F0420040354618
:10D320000000B4420000AF440000A04133339B41F1
:10D33000CDCC12420000E1460000404200200046F1
:10D3400000008A420000AF440000A0410000E14616
:10D350000000F042004035460000B4420000AF44F7
:10D360000000A0416666C64066660442000016479B
:10D370000000404200E02B460000B8420000AF44ED
:10D380000000A041000016470000F0420030724645
:10D390000000F0420000AF440000A0410000F04057
:10D3A0003333AF410000164600803B460000614623
:10D3B0000040834600009646000040420000934231
:10D3C0000000C6420000F9420000164300C0C145FB
:10D3D0000020DB450088F44500F4064600A813460B
:10D3E0000000F84100000C4200001C4200002C42EA
:10D3F00000003C420080D4440020CB4400C0C14423
:10D400000060B8440000AF44680000047600540196
:10D41000F7FD000175191A0C6A231B1C1F2072747A
:10D42000433B4138393A6B6C376F06246D6E7000A0
:10D430008300000000080000000100183200050011
:10D44000000020410000D242295C0F3E9A99993E8B
:10D450003333733F295C0F3E00007000000000244E
:10D46000000000020003000000650054FFEF000010
:10D47000FA80000B12820001030C30C30E8C8CE981
:10D4800014D5400213710F8E3883F8833000F8836F
:10D49000258EF8833000F883FFFFFFFF0FFEA9D62B
:10D4A000240004001A8279A10000003CFFFF000064
:10D4B0000010000038836FA2003E033040000000DF
:10D4C00002CAE3093E8000002000000000000000C6
:10D4D0004000000060000000000C0000000C186E0E
:10D4E000000006920A16C0DFFFFF0256FD8CD377BC
:10D4F000FFE1C496E0C5BEAA00000000FFFF0B2BB1
:10D5000000001657000003594000000000001DFAFB
:10D5100000026C1D000000003FFFDFEB003EB3B6D1
:10D52000000D227800002F3C00000000001942B5D9
:10D53000000039A20000B365D90E9FC91DCF4C343D
:10D5400030000000500000003BB67AE800640000A4
:10D5500000C8000000000000100000001000FA9257
:10D560001000225E000D229F00010000003200002A
:10D57000FF46000063D400001000000004D6000045
:10D5800004CC000004CC0000000010720000004039
:10D590000000000000000000000600020005000777
:10D5A0000000000000640000000000000000000512
:10D5B00000050064002000000000000000000000E2
:10D5C000000040000000030000000032F898000056
:10D5D000FF650000830F0000FF9BFC0000000000BF
:10D5E000000000000000000000000000000000003B
:10D5F000000000000000000000000000000000002B
:10D6000000000000000010004000000000000006C4
:10D610000000B26A000200000001FB830068000005
:10D6200000D9FC007CF1FF830000000000650000D1
:10D63000006403E8006400280000002500000000EA
:10D6400016A000000000100000001000002F0000D5
:10D65000000001F40000100000280000FFFF4581D9
:10D66000FFFFFA7200000000000000000044000507
:10D670000005BAC6004778A20000000100000000C3
:10D6800000000600000000140000254D002F706D02
:10D69000000005AE000C02D00000000000000000F9
:10D6A0000000000000000000001B0000000000005F
:10D6B00000000000000000000064000000080000FE
:10D6C000000000000000000000000000000000005A
:10D6D000000000000000000000000000000000004A
:10D6E000000000000000000000000000000000003A
:10D6F000000000000000000000000000000000002A
:10D700000000000000000000000000000000000019
:10D710000000000000000000001B000000000000EE
:10D7200000000000000E000E00000AC70004000008
:10D7300000000032FFFFFF9C00000B2B00000002E6
:10D740000000000100000064FFE500000000000090
:10D7500000000000000000000000000100000000C8
:10D7600000010000000000000001800000018000B6
:10D7700000018000002426D300000000000000000B
:10D78000000600100096003C0000000000000000B1
:10D7900000000000000000000C0A4E68CDCF7709A1
:10D7A00050166759C619CE82000000000000000024
:10D7B0000000000000000000000000000000000069
:10D7C00017D78400030000000000000000000000E4
:10D7D000C7938F9D1E1B1C19000000000000000055
:10D7E0000000000000000000000000000000000039
:10D7F0000203188500004000000000030000000341
:10D8000000000000000000004000000000000000D8
:10D810000000000000000000000000000000000008
:10D8200000000000000000000000000000000000F8
:10D83000000000000000000000000000677DDF7EA7
:10D8400072902E554CF6E6880000000000000000A3
:10D850000000000000000000D8DCB4B8B0D8B9ABBC
:10D86000F3F8FAB3B7BB8E9EAEF132F51BF1B4B844
:10D87000B08097F1A9DFDFDFAADFDFDFF2AAC5CD35
:10D88000C7A90CC92C97F1A989264666B28999A91E
:10D890002D557DB0B08AA896365676F1BAA3B4B2AB
:10D8A00080C0B8A89711B28398BAA3F02408441096
:10D8B0006418B2B9B49883F1A329557DBAB5B1A360
:10D8C0008393F0002850F5B2B6AA839328547CF1D4
:10D8D000B9A3829361BAA2DADEDFDB819AB9AEF531
:10D8E000606870F1DABAA2DFD9BAA2FAB9A382925B
:10D8F000DB31BAA2D9BAA2F8DF85A4D0C1BBAD830F
:10D90000C2C5C7B8A2DFDFDFBAA0DFDFDFD8D8F13A
:10D91000B8AAB38DB4980D355DB2B6BAAF8C96196E
:10D920008F9FA70E161EB49AB8AA872C547CBAA44F
:10D93000B08AB691325676B28494A4C808CDD8B8CD
:10D94000B4B0F19982A82D557D98A80E161EA22C70
:10D95000547C92A4F02C5078F184A898C4CDFCD8C3
:10D960000DDBA8FC2DF3D9BAA6F8DABAA6DED8BA30
:10D97000B2B68696A6D0F3C841DAA6C8F8D8B0B435
:10D98000B882A892F52C548898F135D9F418D8F1BA
:10D99000A2D0F8F9A884D9C7DFF8F883C5DADF691F
:10D9A000DF83C1D8F40114F1A8824EA884F311D109
:10D9B00082F5D992289788F109F41C1CD884A8F321
:10D9C000C0F9D1D99782F129F40DD8F3F9F9D1D959
:10D9D00082F4C203D8DEDF1AD8F1A2FAF9A884983B
:10D9E000D9C7DFF8F8F883C7DADF69DFF883C3D86F
:10D9F000F40114F198A8822EA884F311D182F5D9EC
:10DA000092509788F109F41CD884A8F3C0F8F9D192
:10DA1000D99782F149F40DD8F3F9F9D1D982F4C438
:10DA200003D8DEDFD8F1AD8898CCA809F9D9829265
:10DA3000A8F57CF1883ACF944A6E98DB6931DAAD6B
:10DA4000F2DEF9D88795A8F221D1DAA5F9F417D931
:10DA5000F1AE8ED0C0C3AE82C684C3A88595C8A5DA
:10DA600088F2C0F1F4010EF18E9EA8C63E56F55420
:10DA7000F18872F40115F19845856EF58E9E048843
:10DA8000F142985A8E9E068869F4011CF1981E1185
:10DA900008D0F504F11E970202983625DBF9D985E6
:10DAA000A5F3C1DA85A5F3DFD88595A8F309DAA532
:10DAB000FAD88292A8F578F1881A849F268898214E
:10DAC000DAF41DF3D8879F39D1AFD9DFDFFBF9F442
:10DAD0000CF3D8FAD0F8DAF9F9D0DFD9F9D8F40B89
:10DAE000D8F3879F39D1AFD9DFDFF41DF3D8FAFC23
:10DAF000A869F9F9AFD0DADEFAD9F88F9FA8F1CC8E
:10DB0000F398DB45D9AFDFD0F8D8F18F9FA8CAF3DF
:10DB10008809DAAF8FCBF8D8F2AD978D0CD9A5DF95
:10DB2000F9BAA6F3FAF412F2D8950DD1D9BAA6F340
:10DB3000FADAA5F2C1BAA6F3DFD8F1BAB2B6869680
:10DB4000A6D0CAF349DAA6CBF8D8B0B4B8D8AD8419
:10DB5000F2C0DFF18FCBC3A8B2B68696C8C1CBC3E3
:10DB6000F3B0B48898A821DB718D9D71859521D97A
:10DB7000ADF2FAD88597A828D9F408D8F28D29DA19
:10DB8000F405D9F285A4C2F2D8A88D9401D1D9F4B4
:10DB900011F2D88721D8F40AD8F28498A8C801D104
:10DBA000D9F411D8F3A4C8BBAFD0F2DEF8F8F8F876
:10DBB000F8F8F8F8D8F1B8F6B5B9B08A95A3DE3C14
:10DBC000A3D9F8D85CA3D9F8D87CA3D9F8D8F8F9A8
:10DBD000D1A5D9DFDAFAD8B18530F7D9DED8F83057
:10DBE000ADDADED8F2B48C99A32D557DA083DFDFAA
:10DBF000DFB591A0F629D9FBD8A0FC29D9FAD8A085
:10DC0000D051D9F8D8FC51D9F9D879D9FBD8A0D0BE
:10DC1000FC79D9FAD8A1F9F9F9F9F9A0DADFDFDF4F
:10DC2000D8A1F8F8F8F8F8ACDEF8ADDE8393AC2CA8
:10DC3000547CF1A8DFDFDFF69D2CDAA0DFD9FADB18
:10DC40002DF8D8A850DAA0D0DED9D0F8F8F8DB55F6
:10DC5000F8D8A878DAA0D0DFD9D0FAF8F8F8F8DB4D
:10DC60007DF8D89CA88CF530DB38D9D0DEDFA0D089
:10DC7000DEDFD8A848DB58D9DFD0DEA0DFD0DED881
:10DC8000A868DB70D9DFDFA0DFDFD8F1A888902C8F
:10DC9000547C98A8D05C38D1DAF2AE8CDFF9D8B0D9
:10DCA00087A8C1C1B188A8C6F9F9DA36D8A8F9DAC7
:10DCB00036D8A8F9DA36D8A8F9DA36D8A8F9DA3693
:10DCC000D8F78D9DADF818DAF2AEDFD8F7ADFA309F
:10DCD000D9A4DEF9D8F2AEDEFAF983A7D9C3C5C755
:10DCE000F1889BA77AADF7DEDFA4F8849408A797A4
:10DCF000F300AEF29819A488C6A39488F632DFF236
:10DD00008393DB09D9F2AADFD8D8AEF8F9D1DAF3D8
:10DD1000A4DEA7F1889B7AD8F38494AE19F9DAAA25
:10DD2000F1DFD8A881C0C3C5C7A39283F628ADDEB2
:10DD3000D9F8D8A350ADD9F8D8A378ADD9F8D8F888
:10DD4000F9D1A1DADEC3C5C7D8A18194F818F2B021
:10DD500089ACC3C5C7F1D8B8B4B09786A8319B06C3
:10DD60009907AB9728889BF00C201440B0B4B8F00A
:10DD7000A88A9A285078B79BA829517924705944C9
:10DD80006938644831F1BBAB88002C547CF0B38B0C
:10DD9000B8A804285078F1B088B49726A85998BB41
:10DDA000ABB38B02264666B0B8F08A9CA82951799D
:10DDB0008B2951798A2470598B2058718A4469388B
:10DDC0008B3940688A6448318B30496088F1AC00F7
:10DDD0002C547CF08CA804285078F1889726A859F8
:10DDE00098AC8C02264666F0899CA829517924704B
:10DDF00059446938644831A98809205970AB1138F1
:10DE00004069A8193148608CA83C415C207C00F135
:10DE100087981986A86E767EA999882D557DD8B1E8
:10DE2000B5B9A3DFDFDFAED0DFAAD0DEF2ABF8F901
:10DE3000D9B087C4AAF1DFDFBBAFDFDFB9D8B1F15A
:10DE4000A3978E60DFB084F2C8F8F9D9DED8938545
:10DE5000F14AB183A308B5839A0810B79F10D8F18F
:10DE6000B0BAAEB08AC2B2B68E9EF1FBD9F41DD85C
:10DE7000F9D90CF1D8F8F8AD61D9AEFBD8F40CF1B2
:10DE8000D8F8F8AD19D9AEFBDFD8F416F1D8F8AD53
:10DE90008D61D9F4F4ACF59C9C8DDF2BBAB6AEFA4B
:10DEA000F8F40BD8F1AED0F8AD51DAAEFAF8F1D8FB
:10DEB000B9B1B6A3839C08B9B1839AB5AAC0FD30A5
:10DEC00083B79F10B58B93F20202D1ABDADED8F1A3
:10DED000B080BAABC0C3B284C1C3D8B1B9F38BA30D
:10DEE00091B609B4D9ABDEB0879CB9A3DDF1B38B91
:10DEF0008B8B8B8BB087A3A3A3A3B28BB69BF2A310
:10DF0000A3A3A3A3A3A3A3A3A3F1B087B59AA3F349
:10DF10009BA3A3DCBAACDFB9A3A3A3A3A3A3A3A32E
:10DF2000A3A3A3A3A3A3A3A3D8D8D8BBB3B7F1AA91
:10DF3000F9DAFFD9809AAA28B48098A720B79787E2
:10DF4000A86688F07951F1902C870CA7819762938D
:10DF5000F071716085940129517990A5F1284C6C7C
:10DF6000870C95188578A38390284C6C886CD8F31F
:10DF7000A28200F210A8921980A2F2D926D8F188C4
:10DF8000A84DD948D896A83980D93CD89580A839C9
:10DF9000A68698D92CDA87A72CD8A8899519A980A4
:10DFA000D938D8A88939A980DA3CD8A82EA83990C0
:10DFB000D90CD8A8953198D90CD8A809D9FFD8017F
:10DFC000DAFFD89539A9DA26FFD890A80D8999A843
:10DFD00010809821DA2ED88999A83180DA2ED8A815
:10DFE00086963180DA2ED8A8873180DA2ED8A8829A
:10DFF00092F34180F1D92ED8A882F31980F1D92E5D
:10E00000D882ACF3C0A28022F1A62EA72EA9229816
:10E01000A829DAACDEFFD8A2F22AF1A92E8292A8B2
:10E02000F23180A696F1D900AC8C9C0C30ACDED0DD
:10E03000DEFFD88C9CACD010ACDE8092A2F24C8279
:10E04000A8F1CAF235F19688A6D900D8F1FF0000F0
:10E0500017B7D13817B7D1380AD7A33B0000000053
:10E060000000803F000000000000803F0000000032
:10E070000AD7A33B000000000000803F0000000022
:10E080000000803F000000000000803F0000000012
:10E09000000000000000803F0000803F0AD7A3BBC3
:10E0A000000000000000803FFFE6DB2E00000000C3
:10E0B00000000000FFE6DB2E0000803F00000000B3
:10E0C0000AD7A3BB0000803F0000803F0000000093
:10E0D000000000000000803F0000803F0AD7A3BB83
:10E0E000000000000000803FFFE6DB2E0000000083
:10E0F00000000000FFE6DB2E0000803F0000000073
:10E100000AD7A3BB0000803F555555555555C53F0F
:10E110007D6FEB0312D6D4BF5544880E55C1C93F5D
:10E120003B8F68B52882A4BF88B20175E0EF493FF4
:10E1300009F7FD0DE13D023F4B2D8A1C273A03C034
:10E14000C88A599CE52A004059018D1B6C06E6BF20
:10E1500082922EB1C5B8B33F4FBB610567ACDD3FBE
:10E16000182D4454FB21E93F9BF681D20B73EF3FFE
:10E17000182D4454FB21F93FE2652F227F2B7A3C76
:10E18000075C143326A6813CBDCBF07A8807703C2F
:10E19000075C143326A6913CC4EB98999999C9BFA2
:10E1A000711623FEC671BCBF6D9A74AFF2B0B3BFD7
:10E1B0009AFDDE522DDEADBF2F6C6A2C44B4A2BF97
:10E1C0000D5555555555D53FFF8300922449C23F03
:10E1D0006E204CC5CD45B73F513DD0A0660DB13F37
:10E1E000EB0D76244B7BA93F11DA22E33AAD903F49
:10E1F0004C5555555555A53F7751C1166CC156BF65
:10E200009015CB19A001FA3EAD529C804F7E92BE74
:10E21000C4B1B4BD9EEE213ED43888BEE9FAA8BD93
:10E22000000000000000000000004054FB21F93F06
:10E230003163621A61B4D03D0000601A61B4D03D10
:10E240007370032E8A19A33B0000002E8A19A33B8A
:10E25000C14920259A837B3900000000000000009E
:10E260006E83F9A22915444ED15727FCC0DD34F541
:10E27000999562DB4190433CAB6351FE61C5BBDEC7
:10E280003A6E24B7E0D24D42EA2E49061C92D109DB
:10E290001CEB1DFE3EA729B1F53582E88444BB2E58
:10E2A00026709CE9417E5FB439D69139F4395383A5
:10E2B0008B5F849C3B28F9BDFF97F81F0F9805DE04
:10E2C0008B112FEF1F6D0A5ACF7E366DB709CB2702
:10E2D000663F464F2DEA5F9EC7BA27757BF1E5EB97
:10E2E000F739073DEA92528AB15FFB6B085D8D1FDB
:10E2F000A6F810111111813FD561C119A0012ABFE3
:10E300007DFEB157E31DC73EEB9C2B8AE6E55ABE66
:10E310007CD5CF5A3AD9E53DDDDDDDDDDCBBBBDDAB
:10E32000DDDDDDDDDDDDDDDD9888888888888888B5
:10E3300077777777778888888555555666666666D5
:10E3400066666666666888888333333222222222B4
:10E35000222222222228888D23636D64733A207240
:10E360002073203F207C2070207120762062207452
:10E3700020793D6761696E73207C206B3C616D7014
:10E380003E20633C616D703E20783D696E6A656336
:10E3900074207C206D206C206520640050726F64B6
:10E3A0007563742049442072656164206173203074
:10E3B00020696E646963617465732064657669635E
:10E3C000652069732065697468657220696E636F82
:10E3D0006D70617469626C65206F7220616E204D92
:10E3E0005055333035302E0D0A0000000CE4000883
:10E3F0000000002058040000F8100008ECE40008B9
:10E4000058040020104900001C800008320202302D
:10E410000184A24A04680D010203040607080902E8
:10E42000040608106914A10324803F5AFF04E990F0
:10E4300023070A1358CB496001412B0142461202BF
:10E4400012031204120512061A07591209120A12AF
:10E450000B120C120D120E120F021510254041C89E
:10E46000051AAF04A9151CCDCCACDC29E023164657
:10E470001396422480BB451BF0412A4A44080126DA
:10E4800092030F1EF0403333AF41E818086666066A
:10E49000409A9919781AC86429802A20084A400CA1
:10E4A0001133400229041AFF010114091618013022
:10E4B000091EA809224004312441500A19037CF2A4
:10E4C000281314D41B08080401201A302405620AFA
:10E4D000D7A33BCB803F0CE91009525012A0022574
:0CE4E0007844FF3F0139050112022704B7
:0400000508000131BD
:00000001FF
