record_time_s,sim_time_s,target_forward_speed_m_s,target_yaw_rate_rad_s,position_x_m,position_y_m,position_z_m,estimated_pitch_deg,truth_pitch_deg,estimated_pitch_rate_deg_s,truth_pitch_rate_deg_s,truth_yaw_deg,estimated_yaw_rate_deg_s,truth_yaw_rate_deg_s,estimated_forward_speed_m_s,truth_forward_speed_m_s,left_wheel_speed_rad_s,right_wheel_speed_rad_s,left_motor_torque_nm,right_motor_torque_nm,contact_count,controller_mode
0.002,13.112000000001048,0.0,0.0,-0.11342865382161697,1.4351563517192318e-06,0.15983500835149025,89.99046900416685,89.99046900416685,-4.232648597901455e-12,-4.235520924553124e-12,179.99855612158868,1.5777071008195056e-10,2.1785488975537278e-10,5.6856229374098294e-15,5.7016223705164334e-15,1.9686533987404576e-12,-2.1385604671385898e-12,0.0,0.0,8,UNCONFIGURED
0.01,13.12000000000105,0.0,0.0,-0.11342865382161708,1.4351563370898134e-06,0.15983500835149025,89.99046900416685,89.99046900416685,-4.214198271562125e-12,-4.2149770009571665e-12,179.99855612526176,-1.46826662389385e-10,-7.573080924427543e-12,5.609338632364386e-15,5.608910133148445e-15,7.253418569447569e-13,-8.94985211805361e-13,0.0,0.0,8,UNCONFIGURED
0.020000000000000004,13.130000000001054,0.0,0.0,-0.11342865382161722,1.435156319919733e-06,0.15983500835149025,89.99046900416685,89.99046900416685,-4.22205467657113e-12,-4.194792411224001e-12,179.99855612451057,2.367046267552242e-10,-3.4860476125124243e-10,5.641437717123881e-15,5.532125286049462e-15,1.3826028986344771e-12,-1.5521934841490262e-12,0.0,0.0,8,UNCONFIGURED
0.030000000000000013,13.140000000001058,0.0,0.0,-0.11342865382161736,1.4351563039185698e-06,0.15983500835149025,89.99046900416685,89.99046900416685,-4.217691516463599e-12,-4.211673982896439e-12,179.99855611873608,9.535157719199188e-11,1.7559409764718347e-10,5.632722157463761e-15,5.60749691129649e-15,3.743933167443484e-13,-5.439105292888445e-13,0.0,0.0,8,UNCONFIGURED
0.04000000000000002,13.15000000000106,0.0,0.0,-0.1134286538216175,1.4351562864770099e-06,0.15983500835149025,89.99046900416685,89.99046900416685,-4.214896480537945e-12,-4.220721121154453e-12,179.99855612041134,-1.5102369943825162e-10,-3.046648713154447e-11,5.6199100561049774e-15,5.635595987065486e-15,7.476533681815735e-13,-9.171133467638746e-13,0.0,0.0,8,UNCONFIGURED
0.05000000000000003,13.160000000001064,0.0,0.0,-0.11342865382161764,1.435156269480885e-06,0.15983500835149025,89.99046900416685,89.99046900416685,-4.219769660403994e-12,-4.194779613959702e-12,179.99855612115934,2.1595489599786613e-10,-3.8081345765564685e-10,5.629262664337376e-15,5.554529080563258e-15,1.4262515398334991e-12,-1.5956576905035958e-12,0.0,0.0,8,UNCONFIGURED
0.06000000000000004,13.170000000001068,0.0,0.0,-0.11342865382161778,1.4351562537067853e-06,0.15983500835149025,89.99046900416685,89.99046900416685,-4.2125438033899775e-12,-4.2132573282392835e-12,179.99855611665132,7.404325014131614e-11,1.5683407920326612e-10,5.6126825658428504e-15,5.6154998356754e-15,3.8799182176938906e-13,-5.573983453486707e-13,0.0,0.0,8,UNCONFIGURED
0.07000000000000005,13.18000000000107,0.0,0.0,-0.11342865382161792,1.4351562363765168e-06,0.15983500835149025,89.99046900416685,89.99046900416685,-4.199935952559577e-12,-4.201877679831352e-12,179.99855611956505,-1.7482853076332868e-10,-5.027239656726444e-11,5.565256661931889e-15,5.573640437311518e-15,7.719756252039192e-13,-9.414123119623046e-13,0.0,0.0,8,UNCONFIGURED
0.08000000000000006,13.190000000001074,0.0,0.0,-0.11342865382161806,1.4351562193893098e-06,0.15983500835149025,89.99046900416685,89.99046900416685,-4.217140125438332e-12,-4.135635732185388e-12,179.998556121291,2.0555821150290908e-10,-4.0602540402268057e-10,5.630754838858092e-15,5.3354527439385765e-15,1.468967652158908e-12,-1.6382882139218343e-12,0.0,0.0,8,UNCONFIGURED
0.09000000000000007,13.200000000001078,0.0,0.0,-0.1134286538216182,1.4351562035444468e-06,0.15983500835149025,89.99046900416685,89.99046900416685,-4.192486103565667e-12,-4.202079795650033e-12,179.99855611738926,6.37731578601476e-11,1.4967410942865856e-10,5.534072227904691e-15,5.570447623773139e-15,4.012024405009545e-13,-5.705796553588476e-13,0.0,0.0,8,UNCONFIGURED
0.10000000000000007,13.21000000000108,0.0,0.0,-0.11342865382161833,1.435156186005807e-06,0.15983500835149025,89.99046900416685,89.99046900416685,-4.160430895796256e-12,-4.1748237813083285e-12,179.9985561208964,-1.8812359455959961e-10,-5.953848082770694e-11,5.418637923576174e-15,5.470883914592095e-15,7.955878246126285e-13,-9.646935923960122e-13,0.0,0.0,8,UNCONFIGURED
0.11000000000000008,13.220000000001084,0.0,0.0,-0.11342865382161847,1.4351561687445336e-06,0.15983500835149025,89.99046900416685,89.99046900416685,-4.201740290604071e-12,-4.17071808667413e-12,179.99855612303818,2.0490300597657812e-10,-4.227305666825544e-10,5.575447182066854e-15,5.467309930758084e-15,1.5113466873362858e-12,-1.6797899778331064e-12,0.0,0.0,8,UNCONFIGURED
0.12000000000000009,13.230000000001088,0.0,0.0,-0.11342865382161861,1.4351561526020816e-06,0.15983500835149025,89.99046900416685,89.99046900416685,-4.2058225422497206e-12,-4.211055364427056e-12,179.99855611929397,6.107456917606271e-11,1.4967173821260743e-10,5.596776174306003e-15,5.609573062962205e-15,4.14408259652257e-13,-5.83461807991208e-13,0.0,0.0,8,UNCONFIGURED
0.1300000000000001,13.240000000001091,0.0,0.0,-0.11342865382161875,1.4351561346812406e-06,0.15983500835149025,89.99046900416685,89.99046900416685,-4.214040729969751e-12,-4.215424959302021e-12,179.99855612305979,-1.958505007756975e-10,-6.361377617240084e-11,5.609921654560286e-15,5.617597995697561e-15,8.193101761169572e-13,-9.881465921747151e-13,0.0,0.0,8,UNCONFIGURED
0.1400000000000001,13.250000000001094,0.0,0.0,-0.11342865382161889,1.435156117018077e-06,0.15983500835149025,89.99046900416685,89.99046900416685,-4.2243822174452245e-12,-4.244462053358302e-12,179.99855612536413,2.0846376316417848e-10,-4.353914379699957e-10,5.6577258206198495e-15,5.7481346755569284e-15,1.553782848254949e-12,-1.722445014642296e-12,0.0,0.0,8,UNCONFIGURED
0.1500000000000001,13.260000000001098,0.0,0.0,-0.11342865382161903,1.4351561004843263e-06,0.15983500835149025,89.99046900416685,89.99046900416685,-4.2319583220674516e-12,-4.227324395193854e-12,179.99855612158757,6.157999426508981e-11,1.5259815658015296e-10,5.693991057562159e-15,5.66833416113407e-15,4.276121223090612e-13,-5.968577303637839e-13,0.0,0.0,8,UNCONFIGURED
0.16000000000000011,13.270000000001101,0.0,0.0,-0.11342865382161917,1.4351560821093934e-06,0.15983500835149025,89.99046900416685,89.99046900416685,-4.215695648650971e-12,-4.221793797940442e-12,179.99855612556573,-2.0334806511916053e-10,-6.720174573492655e-11,5.618362692773594e-15,5.64970309400886e-15,8.430486997276722e-13,-1.0123416802839165e-12,0.0,0.0,8,UNCONFIGURED
0.17000000000000012,13.280000000001104,0.0,0.0,-0.1134286538216193,1.4351560661008066e-06,0.15983500835149025,89.99046900416685,89.99046900416685,-4.222665167872417e-12,-4.2271052562154325e-12,179.9985561196859,2.1307394532223575e-10,2.599754583163863e-10,5.651514210778112e-15,5.667744825700749e-15,1.5978664056571099e-12,-1.7670426006455082e-12,0.0,0.0,8,UNCONFIGURED
0.18000000000000013,13.290000000001108,0.0,0.0,-0.11342865382161944,1.4351560496137336e-06,0.15983500835149025,89.99046900416685,89.99046900416685,-4.2103184009472346e-12,-4.213088109497322e-12,179.99855611728705,3.9101289615276863e-11,1.3032216426884738e-10,5.6169008585523985e-15,5.626263418160761e-15,4.4199701511425467e-13,-6.112605132786837e-13,0.0,0.0,8,UNCONFIGURED
0.19000000000000014,13.300000000001111,0.0,0.0,-0.11342865382161958,1.4351560313937487e-06,0.15983500835149025,89.99046900416685,89.99046900416685,-4.204845711889392e-12,-4.218545192414396e-12,179.9985561228398,-2.3247680241032934e-10,-9.299985210099563e-11,5.5986964360646e-15,5.6633972098032835e-15,8.7124501098429e-13,-1.0401419972706117e-12,0.0,0.0,8,UNCONFIGURED
0.20000000000000015,13.310000000001114,0.0,0.0,-0.11342865382161972,1.4351560155857515e-06,0.15983500835149025,89.99046900416685,89.99046900416685,-4.220795766855789e-12,-4.222973010079537e-12,179.99855611814112,1.9579767440862844e-10,2.4473595458892396e-10,5.645359843880728e-15,5.641660698798612e-15,1.6482477512358154e-12,-1.817148286934631e-12,0.0,0.0,8,UNCONFIGURED
0.21000000000000016,13.320000000001118,0.0,0.0,-0.11342865382161986,1.435155999188012e-06,0.15983500835149025,89.99046900416685,89.99046900416685,-4.221294301960107e-12,-4.226701268919618e-12,179.9985561167423,2.224716564524276e-11,1.166510427080529e-10,5.679929577557484e-15,5.700316489388927e-15,4.576717919077049e-13,-6.266713491096081e-13,0.0,0.0,8,UNCONFIGURED
0.22000000000000017,13.330000000001121,0.0,0.0,-0.11342865382162,1.435155980905527e-06,0.15983500835149025,89.99046900416685,89.99046900416685,-4.2209421811549456e-12,-4.222467980670767e-12,179.99855612326797,-2.5232989713047196e-10,-1.0843489886341594e-10,5.6673676164360046e-15,5.666479697644247e-15,8.983780614318309e-13,-1.0672449072816974e-12,0.0,0.0,8,UNCONFIGURED
0.23000000000000018,13.340000000001124,0.0,0.0,-0.11342865382162014,1.4351559649947826e-06,0.15983500835149025,89.99046900416685,89.99046900416685,-4.228847149618493e-12,-4.2328783946083006e-12,179.99855611907608,1.902866931180366e-10,2.412228858997492e-10,5.68684021482789e-15,5.701989377213866e-15,1.6956060235041283e-12,-1.8643765682284744e-12,0.0,0.0,8,UNCONFIGURED
0.24000000000000019,13.350000000001128,0.0,0.0,-0.11342865382162028,1.4351559483947806e-06,0.15983500835149025,89.99046900416685,89.99046900416685,-4.2150135567395524e-12,-4.220613830113374e-12,179.99855611809522,1.51858023828191e-11,1.126412943262636e-10,5.635958803212237e-15,5.6577475646519275e-15,4.72354791482867e-13,-6.413742818481665e-13,0.0,0.0,8,UNCONFIGURED
0.25000000000000017,13.360000000001131,0.0,0.0,-0.11342865382162041,1.4351559297955096e-06,0.15983500835149025,89.99046900416685,89.99046900416685,-4.210676593619916e-12,-4.209646077071625e-12,179.99855612512755,-2.6464332813536086e-10,-1.1648229932145338e-10,5.606762063546882e-15,5.602037599064597e-15,9.243222485970178e-13,-1.0934118781939228e-12,0.0,0.0,8,UNCONFIGURED
0.2600000000000002,13.370000000001134,0.0,0.0,-0.11342865382162055,1.4351559135766974e-06,0.15983500835149025,89.99046900416685,89.99046900416685,-4.219536002120405e-12,-4.216303932075626e-12,179.99855612107245,1.9142179112054072e-10,2.440978020038817e-10,5.631832524732606e-15,5.619963425525226e-15,1.742306844609459e-12,-1.9113617342286286e-12,0.0,0.0,8,UNCONFIGURED
0.2700000000000002,13.380000000001138,0.0,0.0,-0.11342865382162069,1.4351558966104847e-06,0.15983500835149025,89.99046900416685,89.99046900416685,-4.242667668121678e-12,-4.242553768627081e-12,179.9985561202619,1.227799898157896e-11,1.1277567255453461e-10,5.726145432217653e-15,5.731778292250648e-15,4.869361892651966e-13,-6.560118858314804e-13,0.0,0.0,8,UNCONFIGURED
0.2800000000000002,13.390000000001141,0.0,0.0,-0.11342865382162083,1.4351558797719564e-06,0.15983500835149025,89.99046900416685,89.99046900416685,-4.257224165099734e-12,-4.252791525226995e-12,179.99855611996742,-1.8505578597888646e-10,-1.4137690845973838e-10,5.812650296120078e-15,5.792998598348152e-15,9.51600993451205e-13,-1.1208158790812046e-12,0.0,0.0,8,UNCONFIGURED
0.2900000000000002,13.400000000001144,0.0,0.0,-0.11342865382162097,1.4351558637355542e-06,0.15983500835149025,89.99046900416685,89.99046900416685,-4.238713832916668e-12,-4.237950747649538e-12,179.9985561173834,1.6930861438292333e-10,2.2291047755783997e-10,5.724188178018429e-15,5.719384713261222e-15,1.7966208801747254e-12,-1.9662274779673618e-12,0.0,0.0,8,UNCONFIGURED
0.3000000000000002,13.410000000001148,0.0,0.0,-0.11342865382162111,1.435155846971195e-06,0.15983500835149025,89.99046900416685,89.99046900416685,-4.229484447432761e-12,-4.227034421840085e-12,179.99855611800726,-1.1843714107884847e-11,9.163613147101515e-11,5.681525996402061e-15,5.675032178378708e-15,5.037713649771841e-13,-6.731620133891947e-13,0.0,0.0,8,UNCONFIGURED
0.3100000000000002,13.420000000001151,0.0,0.0,-0.11342865382162125,1.4351558302756808e-06,0.15983500835149025,89.99046900416685,89.99046900416685,-4.275198575954472e-12,-4.272127514341665e-12,179.99855611892323,-2.0967207251530208e-10,-1.6386697669813008e-10,5.8572746584395e-15,5.845057559709662e-15,9.823653472888862e-13,-1.15173199779013e-12,0.0,0.0,8,UNCONFIGURED
0.32000000000000023,13.430000000001154,0.0,0.0,-0.11342865382162139,1.4351558142928693e-06,0.15983500835149025,89.99046900416685,89.99046900416685,-4.244978326339811e-12,-4.243029434900749e-12,179.9985561172409,1.5733431927072627e-10,2.1324895374499807e-10,5.732630404417264e-15,5.733057759972187e-15,1.8500608551882428e-12,-2.020129380057317e-12,0.0,0.0,8,UNCONFIGURED
0.33000000000000024,13.440000000001158,0.0,0.0,-0.11342865382162153,1.4351557974546836e-06,0.15983500835149025,89.99046900416685,89.99046900416685,-4.242066019332978e-12,-4.236796470313388e-12,179.99855611862031,-2.4598954033476282e-11,8.241389159934681e-11,5.704175738466554e-15,5.693836414062723e-15,5.203137391963784e-13,-6.899214372919049e-13,0.0,0.0,8,UNCONFIGURED
0.34000000000000025,13.450000000001161,0.0,0.0,-0.11342865382162166,1.4351557805886734e-06,0.15983500835149025,89.99046900416685,89.99046900416685,-4.24174328540732e-12,-4.23787443535588e-12,179.9985561201415,-2.253125509719973e-10,-1.7756691042205578e-10,5.699582156026078e-15,5.685517897103225e-15,1.0113557060369772e-12,-1.1809670786225683e-12,0.0,0.0,8,UNCONFIGURED
0.35000000000000026,13.460000000001164,0.0,0.0,-0.1134286538216218,1.435155764373408e-06,0.15983500835149025,89.99046900416685,89.99046900416685,-4.235837190879272e-12,-4.230331942263589e-12,179.99855611883615,1.5455853581962876e-10,2.125791022702089e-10,5.692347615059162e-15,5.668952457229102e-15,1.9025095289059564e-12,-2.072234919695176e-12,0.0,0.0,8,UNCONFIGURED
0.36000000000000026,13.470000000001168,0.0,0.0,-0.11342865382162194,1.4351557472164763e-06,0.15983500835149025,89.99046900416685,89.99046900416685,-4.2523832805282265e-12,-4.25094298316886e-12,179.99855612054847,-3.0247700108313016e-11,8.016085597447224e-11,5.765266362862238e-15,5.765583850134959e-15,5.367688368897965e-13,-7.060432405416247e-13,0.0,0.0,8,UNCONFIGURED
0.3700000000000003,13.480000000001171,0.0,0.0,-0.11342865382162208,1.435155729986886e-06,0.15983500835149025,89.99046900416685,89.99046900416685,-4.270329483949449e-12,-4.269278024413287e-12,179.99855612228717,-2.3415201651304656e-10,-1.8482404137502098e-10,5.832560181531666e-15,5.826168873344624e-15,1.0410922180144945e-12,-1.210469665193593e-12,0.0,0.0,8,UNCONFIGURED
0.3800000000000003,13.490000000001174,0.0,0.0,-0.11342865382162222,1.4351557133965885e-06,0.15983500835149025,89.99046900416685,89.99046900416685,-4.248559257278285e-12,-4.242495299837122e-12,179.99855612106597,1.5672161656718917e-10,2.1648386700018906e-10,5.7519778857479755e-15,5.724141073851295e-15,1.9558974210815258e-12,-2.1256365022791635e-12,0.0,0.0,8,UNCONFIGURED
0.3900000000000003,13.500000000001178,0.0,0.0,-0.11342865382162236,1.4351556958198584e-06,0.15983500835149025,89.99046900416685,89.99046900416685,-4.258547328654911e-12,-4.2506416201203585e-12,179.9985561229113,-3.2521509353107564e-11,8.102022960787649e-11,5.796242002113834e-15,5.7647719191759705e-15,5.533618991550876e-13,-7.227818202951256e-13,0.0,0.0,8,UNCONFIGURED
0.4000000000000003,13.510000000001181,0.0,0.0,-0.1134286538216225,1.4351556781534207e-06,0.15983500835149025,89.99046900416685,89.99046900416685,-4.2725971539224535e-12,-4.274271243552738e-12,179.99855612474437,-2.4119234547967865e-10,-1.9044050518704435e-10,5.86461073166879e-15,5.873269829690229e-15,1.0711811774794593e-12,-1.2407863401623696e-12,0.0,0.0,8,UNCONFIGURED
0.4100000000000003,13.520000000001184,0.0,0.0,-0.11342865382162264,1.4351556631941792e-06,0.15983500835149025,89.99046900416685,89.99046900416685,-4.246492536535776e-12,-4.2449658221671385e-12,179.99855611511006,1.6043691381615017e-10,2.218364653028194e-10,5.747548816574383e-15,5.738272330915184e-15,2.773275356079716e-13,-4.465950152550003e-13,0.0,0.0,8,UNCONFIGURED
0.4200000000000003,13.530000000001188,0.0,0.0,-0.11342865382162277,1.435155645549887e-06,0.15983500835149025,89.99046900416685,89.99046900416685,-4.235809213258234e-12,-4.2317360661176304e-12,179.99855611826715,-5.105644074165325e-11,5.931107194172618e-11,5.6941153745970155e-15,5.683952249534204e-15,5.709992417435358e-13,-7.405703669739872e-13,0.0,0.0,8,UNCONFIGURED
0.4300000000000003,13.540000000001191,0.0,0.0,-0.11342865382162291,1.4351556280696037e-06,0.15983500835149025,89.99046900416685,89.99046900416685,-4.201796154561854e-12,-4.196727576656661e-12,179.9985561216318,-2.7102650184899446e-10,-2.1900878485347056e-10,5.5564814889428124e-15,5.541074910462216e-15,1.1048576498690343e-12,-1.2747172440750806e-12,0.0,0.0,8,UNCONFIGURED
0.44000000000000034,13.550000000001194,0.0,0.0,-0.11342865382162305,1.4351556133672458e-06,0.15983500835149025,89.99046900416685,89.99046900416685,-4.209181981917544e-12,-4.214553599366201e-12,179.99855611314598,1.41109361938158e-10,2.0472179691351172e-10,5.587418956458066e-15,5.611510742560241e-15,2.876769322240399e-13,-4.571790666799191e-13,0.0,0.0,8,UNCONFIGURED
0.45000000000000034,13.560000000001198,0.0,0.0,-0.11342865382162319,1.43515559581544e-06,0.15983500835149025,89.99046900416685,89.99046900416685,-4.210137896187515e-12,-4.212629977263133e-12,179.99855611754137,-7.183534429293624e-11,4.237304225329817e-11,5.597204253232078e-15,5.606331239471064e-15,5.897560794565087e-13,-7.591522074177814e-13,0.0,0.0,8,UNCONFIGURED
0.46000000000000035,13.570000000001201,0.0,0.0,-0.11342865382162333,1.43515557831486e-06,0.15983500835149025,89.99046900416685,89.99046900416685,-4.224514088710668e-12,-4.2262474153845406e-12,179.9985561219111,-2.9356853972162194e-10,-2.391891105045167e-10,5.675488228220065e-15,5.684132978974029e-15,1.1380333533178877e-12,-1.3073608668187284e-12,0.0,0.0,8,UNCONFIGURED
0.47000000000000036,13.580000000001204,0.0,0.0,-0.11342865382162347,1.435155563554103e-06,0.15983500835149025,89.99046900416685,89.99046900416685,-4.224434333591433e-12,-4.224099501015605e-12,179.99855611388807,1.3326130098326268e-10,1.9942228773456622e-10,5.6576405270205876e-15,5.64843257965136e-15,2.978869404121454e-13,-4.672921199345975e-13,0.0,0.0,8,UNCONFIGURED
0.48000000000000037,13.590000000001208,0.0,0.0,-0.1134286538216236,1.4351555457745003e-06,0.15983500835149025,89.99046900416685,89.99046900416685,-4.243932990486601e-12,-4.2426629332247325e-12,179.99855611891365,-8.23758513540798e-11,3.5615043563504394e-11,5.726793044675102e-15,5.720852176478258e-15,6.080206212699608e-13,-7.771854029978704e-13,0.0,0.0,8,UNCONFIGURED
0.4900000000000004,13.600000000001211,0.0,0.0,-0.11342865382162375,1.4351555279725283e-06,0.15983500835149025,89.99046900416685,89.99046900416685,-4.223402089524754e-12,-4.223312129784578e-12,179.9985561237532,-3.0738640432506707e-10,-2.5099180899924053e-10,5.635620968144655e-15,5.6500503339660245e-15,1.1708393039516258e-12,-1.3401053235967965e-12,0.0,0.0,8,UNCONFIGURED
0.5000000000000003,13.610000000001214,0.0,0.0,-0.11342865382162388,1.4351555129301563e-06,0.15983500835149025,89.99046900416685,89.99046900416685,-4.225565018728619e-12,-4.228991145100668e-12,179.99855611575398,1.328242787318012e-10,2.0112591826933667e-10,5.674757999153918e-15,5.687781367146001e-15,3.081204366528512e-13,-4.774539141541916e-13,0.0,0.0,8,UNCONFIGURED
0.5100000000000003,13.620000000001218,0.0,0.0,-0.11342865382162402,1.4351554947538925e-06,0.15983500835149025,89.99046900416685,89.99046900416685,-4.235195767469313e-12,-4.232328399290289e-12,179.99855612105577,-8.696846389025931e-11,3.4342294955258894e-11,5.717005019665863e-15,5.700505442516448e-15,6.264635528548914e-13,-7.957573291289812e-13,0.0,0.0,8,UNCONFIGURED
0.5200000000000004,13.630000000001221,0.0,0.0,-0.11342865382162416,1.435155476532034e-06,0.15983500835149025,89.99046900416685,89.99046900416685,-4.215971610030078e-12,-4.215597454064831e-12,179.99855612612433,-3.1722377468375017e-10,-2.5919518862039614e-10,5.629935264174406e-15,5.629279253290427e-15,1.204154225879481e-12,-1.3736145306150902e-12,0.0,0.0,8,UNCONFIGURED
0.5300000000000004,13.640000000001224,0.0,0.0,-0.1134286538216243,1.4351554611247702e-06,0.15983500835149025,89.99046900416685,89.99046900416685,-4.222277447457877e-12,-4.222602272178219e-12,179.9985561179795,1.3521672786469993e-10,2.0543572354956488e-10,5.653399237396071e-15,5.655620398283294e-15,3.1848298435680685e-13,-4.879553819620361e-13,0.0,0.0,8,UNCONFIGURED
0.5400000000000004,13.650000000001228,0.0,0.0,-0.11342865382162444,1.4351554424868493e-06,0.15983500835149025,89.99046900416685,89.99046900416685,-4.240222119503809e-12,-4.2366451817252055e-12,179.9985561234832,-9.033235881987589e-11,3.43837026570009e-11,5.715859595695614e-15,5.697169049691981e-15,6.452828530068425e-13,-8.14637184818996e-13,0.0,0.0,8,UNCONFIGURED
0.5500000000000004,13.660000000001231,0.0,0.0,-0.11342865382162458,1.4351554259509218e-06,0.15983500835149025,89.99046900416685,89.99046900416685,-4.223801968765328e-12,-4.221241697406191e-12,179.99855612070508,2.498703026249276e-10,-2.8284490595234375e-10,5.647701292912397e-15,5.648215209465923e-15,1.2388918380141784e-12,-1.4083688296761448e-12,0.0,0.0,8,UNCONFIGURED
0.5600000000000004,13.670000000001234,0.0,0.0,-0.11342865382162472,1.4351554107001507e-06,0.15983500835149025,89.99046900416685,89.99046900416685,-4.224270664014587e-12,-4.227390531374112e-12,179.99855611387434,1.1328842589168274e-10,1.8411172015522642e-10,5.656317242194366e-15,5.675992237969106e-15,3.2985404572378003e-13,-4.991107509652262e-13,0.0,0.0,8,UNCONFIGURED
0.5700000000000004,13.680000000001238,0.0,0.0,-0.11342865382162486,1.4351553922190438e-06,0.15983500835149025,89.99046900416685,89.99046900416685,-4.207868037870904e-12,-4.209768576176687e-12,179.9985561209569,-1.1678061759357834e-10,1.1128928744063595e-11,5.595753905201679e-15,5.602366782169637e-15,6.668143489505423e-13,-8.362324077428077e-13,0.0,0.0,8,UNCONFIGURED
0.5800000000000004,13.690000000001241,0.0,0.0,-0.113428653821625,1.435155375861499e-06,0.15983500835149025,89.99046900416685,89.99046900416685,-4.219277616299033e-12,-4.1991608728306164e-12,179.99855611940396,2.340423478761195e-10,-3.10180841593802e-10,5.63477224683972e-15,5.5663262454407695e-15,1.277671285789202e-12,-1.4470086409462733e-12,0.0,0.0,8,UNCONFIGURED
0.5900000000000004,13.700000000001245,0.0,0.0,-0.11342865382162513,1.4351553607142378e-06,0.15983500835149025,89.99046900416685,89.99046900416685,-4.2161802776374295e-12,-4.213255186832577e-12,179.998556113438,9.871123742005988e-11,1.7230255056253532e-10,5.631766245776789e-15,5.6154941522096e-15,3.417749891581422e-13,-5.111003041121803e-13,0.0,0.0,8,UNCONFIGURED
0.6000000000000004,13.710000000001248,0.0,0.0,-0.11342865382162527,1.4351553421417008e-06,0.15983500835149025,89.99046900416685,89.99046900416685,-4.1911795914614375e-12,-4.2010200899369955e-12,179.9985561215028,-1.332617399987563e-10,-1.0970993961762866e-12,5.5418576892708126e-15,5.578813680280868e-15,6.879008687488071e-13,-8.571040776711467e-13,0.0,0.0,8,UNCONFIGURED
0.6100000000000004,13.720000000001251,0.0,0.0,-0.11342865382162541,1.4351553256441415e-06,0.15983500835149025,89.99046900416685,89.99046900416685,-4.223492695878614e-12,-4.184218719650742e-12,179.9985561204934,2.3019076450026047e-10,-3.271176887861886e-10,5.663309133743358e-15,5.5148796824119235e-15,1.3148825187999463e-12,-1.4836202426662194e-12,0.0,0.0,8,UNCONFIGURED
0.6200000000000004,13.730000000001255,0.0,0.0,-0.11342865382162555,1.4351553103060226e-06,0.15983500835149025,89.99046900416685,89.99046900416685,-4.208018348029117e-12,-4.211137972214429e-12,179.99855611478512,9.433333660382458e-11,1.7038845486601081e-10,5.60045914363566e-15,5.617274586587596e-15,3.5335683185849343e-13,-5.224329649729758e-13,0.0,0.0,8,UNCONFIGURED
0.6300000000000004,13.740000000001258,0.0,0.0,-0.11342865382162569,1.4351552913932303e-06,0.15983500835149025,89.99046900416685,89.99046900416685,-4.1705232410372365e-12,-4.18477121586658e-12,179.99855612337018,-1.4194680846022515e-10,-5.890463635638423e-12,5.4757976368660505e-15,5.520105685018369e-15,7.084345231965885e-13,-8.774684975055362e-13,0.0,0.0,8,UNCONFIGURED
0.6400000000000005,13.750000000001261,0.0,0.0,-0.11342865382162583,1.435155274562952e-06,0.15983500835149025,89.99046900416685,89.99046900416685,-4.214671044355258e-12,-4.208471566245846e-12,179.9985561225518,2.3269870634327476e-10,-3.392645329045242e-10,5.623956992109397e-15,5.6362750962043305e-15,1.3519112072201414e-12,-1.5203229327815845e-12,0.0,0.0,8,UNCONFIGURED
0.6500000000000005,13.760000000001265,0.0,0.0,-0.11342865382162597,1.4351552588899224e-06,0.15983500835149025,89.99046900416685,89.99046900416685,-4.22199688002846e-12,-4.2301094371052476e-12,179.99855611684382,9.426237403503577e-11,1.726061689756512e-10,5.677434339176682e-15,5.7094932423003245e-15,3.6497524538652914e-13,-5.337944658458472e-13,0.0,0.0,8,UNCONFIGURED
0.6600000000000005,13.770000000001268,0.0,0.0,-0.1134286538216261,1.4351552395216247e-06,0.15983500835149025,89.99046900416685,89.99046900416685,-4.199053886631995e-12,-4.206401830749222e-12,179.99855612575863,-1.4740843649699825e-10,-7.553720910138412e-12,5.582978361148998e-15,5.60452374811677e-15,7.293198484568109e-13,-8.983128342367152e-13,0.0,0.0,8,UNCONFIGURED
0.6700000000000005,13.780000000001271,0.0,0.0,-0.11342865382162624,1.4351552222721875e-06,0.15983500835149025,89.99046900416685,89.99046900416685,-4.223387301061061e-12,-4.169546477636875e-12,179.99855612503086,2.377935604983379e-10,-3.5145322853629995e-10,5.6630744519995864e-15,5.471636254295936e-15,1.3896637035130032e-12,-1.5583859053108683e-12,0.0,0.0,8,UNCONFIGURED
0.6800000000000005,13.790000000001275,0.0,0.0,-0.11342865382162638,1.4351552061953313e-06,0.15983500835149025,89.99046900416685,89.99046900416685,-4.2083498160589206e-12,-4.211595681133724e-12,179.9985561192579,9.530109176238812e-11,1.7608774768525636e-10,5.615236095618702e-15,5.622247630834474e-15,3.7668220071176723e-13,-5.457707413843142e-13,0.0,0.0,8,UNCONFIGURED
0.6900000000000005,13.800000000001278,0.0,0.0,-0.11342865382162652,1.4351551886636161e-06,0.15983500835149025,89.99046900416685,89.99046900416685,-4.221416565580103e-12,-4.2258300740494794e-12,179.99855612097792,-1.5256015896083988e-10,-3.11945711001771e-11,5.675042796327984e-15,5.690491208158854e-15,7.520433180480609e-13,-9.208071320868595e-13,0.0,0.0,8,UNCONFIGURED
0.7000000000000005,13.810000000001281,0.0,0.0,-0.11342865382162666,1.4351551715717593e-06,0.15983500835149025,89.99046900416685,89.99046900416685,-4.227971136866676e-12,-4.237130295500531e-12,179.99855612178632,2.1694032919648996e-10,-3.8505669820016526e-10,5.689551777184678e-15,5.7283950578131686e-15,1.4345116117973242e-12,-1.6032303243781272e-12,0.0,0.0,8,UNCONFIGURED
0.7100000000000005,13.820000000001285,0.0,0.0,-0.1134286538216268,1.435155155704815e-06,0.15983500835149025,89.99046900416685,89.99046900416685,-4.2335805410748926e-12,-4.232951812139652e-12,179.99855611730223,7.361534477490142e-11,1.5716079217335924e-10,5.706858887980452e-15,5.702185856045475e-15,3.9060365763325673e-13,-5.596875103180763e-13,0.0,0.0,8,UNCONFIGURED
0.7200000000000005,13.830000000001288,0.0,0.0,-0.11342865382162694,1.4351551382606284e-06,0.15983500835149025,89.99046900416685,89.99046900416685,-4.237834748940348e-12,-4.233782126784878e-12,179.9985561202481,-1.7619556354721883e-10,-5.071611995193048e-11,5.737948219931952e-15,5.723118360624797e-15,7.771205641133401e-13,-9.462993969007756e-13,0.0,0.0,8,UNCONFIGURED
0.7300000000000005,13.840000000001291,0.0,0.0,-0.11342865382162708,1.4351551211572533e-06,0.15983500835149025,89.99046900416685,89.99046900416685,-4.218927744386061e-12,-4.298469686230927e-12,179.99855612198985,2.0697413645961228e-10,-4.0897985640796934e-10,5.646197946150936e-15,5.9608585868785995e-15,1.4787216558981115e-12,-1.6480821186292003e-12,0.0,0.0,8,UNCONFIGURED
0.7400000000000005,13.850000000001295,0.0,0.0,-0.11342865382162721,1.4351551052034869e-06,0.15983500835149025,89.99046900416685,89.99046900416685,-4.252496532857061e-12,-4.243904249768813e-12,179.998556118065,6.416480346261805e-11,1.5064325553808826e-10,5.7797009776501295e-15,5.735411566862435e-15,4.0422610149451565e-13,-5.736764063217509e-13,0.0,0.0,8,UNCONFIGURED
0.7500000000000006,13.860000000001298,0.0,0.0,-0.11342865382162735,1.4351550875416831e-06,0.15983500835149025,89.99046900416685,89.99046900416685,-4.262685587379333e-12,-4.2564399359866645e-12,179.9985561216251,-1.900730634802137e-10,-6.047010206077669e-11,5.808481259923247e-15,5.77664239614112e-15,8.01134971129171e-13,-9.707267775154043e-13,0.0,0.0,8,UNCONFIGURED
0.7600000000000006,13.870000000001301,0.0,0.0,-0.11342865382162749,1.4351550701572314e-06,0.15983500835149025,89.99046900416685,89.99046900416685,-4.2405624966252256e-12,-4.273682899284847e-12,179.99855612380284,2.0611109197974807e-10,-4.262102143513235e-10,5.727059611684738e-15,5.826805160171684e-15,1.5216787198283488e-12,-1.6916021096350262e-12,0.0,0.0,8,UNCONFIGURED
0.7700000000000006,13.880000000001305,0.0,0.0,-0.11342865382162763,1.4351550538950732e-06,0.15983500835149025,89.99046900416685,89.99046900416685,-4.249166555229093e-12,-4.242944388172442e-12,179.99855612003677,6.144496834002445e-11,1.5072496030929171e-10,5.742317432584995e-15,5.721608777036239e-15,4.1762004102630933e-13,-5.871708747304603e-13,0.0,0.0,8,UNCONFIGURED
0.7800000000000006,13.890000000001308,0.0,0.0,-0.11342865382162777,1.4351550358372113e-06,0.15983500835149025,89.99046900416685,89.99046900416685,-4.243037946034108e-12,-4.239556974947715e-12,179.9985561238788,-1.9840988710969693e-10,-6.495598403635081e-11,5.705810990206958e-15,5.7012681108038406e-15,8.253984215565946e-13,-9.950402242393673e-13,0.0,0.0,8,UNCONFIGURED
0.7900000000000006,13.900000000001311,0.0,0.0,-0.11342865382162791,1.4351550201109443e-06,0.15983500835149025,89.99046900416685,89.99046900416685,-4.233992425359565e-12,-4.233442410855517e-12,179.99855611805833,2.0978195106235393e-10,2.557197792396699e-10,5.694292308302416e-15,5.692286527843853e-15,1.5660096180044943e-12,-1.735813331110776e-12,0.0,0.0,8,UNCONFIGURED
0.8000000000000006,13.910000000001315,0.0,0.0,-0.11342865382162805,1.4351550039243774e-06,0.15983500835149025,89.99046900416685,89.99046900416685,-4.237221717616508e-12,-4.232808496212028e-12,179.9985561156569,3.917497236591328e-11,1.28521675660166e-10,5.699161106071723e-15,5.683100110237095e-15,4.3204428596682593e-13,-6.014756036588344e-13,0.0,0.0,8,UNCONFIGURED
0.8100000000000006,13.920000000001318,0.0,0.0,-0.11342865382162819,1.4351549860456996e-06,0.15983500835149025,89.99046900416685,89.99046900416685,-4.269871806482692e-12,-4.264370933669228e-12,179.99855612108126,-2.2766101280175565e-10,-9.092939536040653e-11,5.8304200964382565e-15,5.816696473656245e-15,8.528903344200896e-13,-1.022299415966498e-12,0.0,0.0,8,UNCONFIGURED
0.8200000000000006,13.930000000001321,0.0,0.0,-0.11342865382162833,1.4351549705368558e-06,0.15983500835149025,89.99046900416685,89.99046900416685,-4.243796390929803e-12,-4.235017432967628e-12,179.99855611646473,1.9220071014923783e-10,2.40186357713247e-10,5.742223151299721e-15,5.704006427551018e-15,1.6147326581942428e-12,-1.7844488651493572e-12,0.0,0.0,8,UNCONFIGURED
0.8300000000000006,13.940000000001325,0.0,0.0,-0.11342865382162846,1.4351549544501863e-06,0.15983500835149025,89.99046900416685,89.99046900416685,-4.26801157773968e-12,-4.256194008616717e-12,179.9985561150896,2.1876918102391186e-11,1.1448928859715913e-10,5.819144341929073e-15,5.768501701566815e-15,4.470531921631063e-13,-6.165667850803759e-13,0.0,0.0,8,UNCONFIGURED
0.8400000000000006,13.950000000001328,0.0,0.0,-0.1134286538216286,1.4351549365176373e-06,0.15983500835149025,89.99046900416685,89.99046900416685,-4.246426122538528e-12,-4.238577335440098e-12,179.9985561214461,-2.4649666530634e-10,-1.0555649040573803e-10,5.7065343840329126e-15,5.676191468921599e-15,8.790451424857159e-13,-1.0489720237978433e-12,0.0,0.0,8,UNCONFIGURED
0.8500000000000006,13.960000000001331,0.0,0.0,-0.11342865382162874,1.435154920914264e-06,0.15983500835149025,89.99046900416685,89.99046900416685,-4.234037278310838e-12,-4.230366379836468e-12,179.9985561173255,1.8688909885370304e-10,2.367858464906709e-10,5.6831668277978965e-15,5.672784864222825e-15,1.6604871514509417e-12,-1.830465496532772e-12,0.0,0.0,8,UNCONFIGURED
0.8600000000000007,13.970000000001335,0.0,0.0,-0.11342865382162888,1.4351549046385247e-06,0.15983500835149025,89.99046900416685,89.99046900416685,-4.246657934168122e-12,-4.246106357880416e-12,179.99855611638293,1.4564021562111374e-11,1.10205422204062e-10,5.72284465693423e-15,5.730123490090033e-15,4.613707141765599e-13,-6.307823119082986e-13,0.0,0.0,8,UNCONFIGURED
0.8700000000000007,13.980000000001338,0.0,0.0,-0.11342865382162902,1.4351548863995845e-06,0.15983500835149025,89.99046900416685,89.99046900416685,-4.267982593264043e-12,-4.257368635692056e-12,179.9985561232614,-2.5907828943170813e-10,-1.138668779005403e-10,5.789453910862113e-15,5.752964480171155e-15,9.044418818552814e-13,-1.0742139657814455e-12,0.0,0.0,8,UNCONFIGURED
0.8800000000000007,13.990000000001341,0.0,0.0,-0.11342865382162916,1.4351548704970474e-06,0.15983500835149025,89.99046900416685,89.99046900416685,-4.23391475424446e-12,-4.229198544078716e-12,179.99855611926162,1.8783700768659786e-10,2.3942824925877124e-10,5.681278602012209e-15,5.669639483226113e-15,1.706202410753663e-12,-1.876471334748635e-12,0.0,0.0,8,UNCONFIGURED
0.8900000000000007,14.000000000001345,0.0,0.0,-0.1134286538216293,1.435154853866879e-06,0.15983500835149025,89.99046900416685,89.99046900416685,-4.251193967504366e-12,-4.254622980994835e-12,179.99855611842906,1.2670676111426923e-11,1.1099523402779393e-10,5.733265557397366e-15,5.756793927219392e-15,4.756388953531038e-13,-6.45103846680445e-13,0.0,0.0,8,UNCONFIGURED
0.9000000000000007,14.010000000001348,0.0,0.0,-0.11342865382162944,1.435154835198863e-06,0.15983500835149025,89.99046900416685,89.99046900416685,-4.292127578826519e-12,-4.276981410071701e-12,179.9985561256039,-2.6795386298168757e-10,-1.1868749612953148e-10,5.897708545414544e-15,5.846908377151596e-15,9.302869490282598e-13,-1.1000846810188432e-12,0.0,0.0,8,UNCONFIGURED
0.9100000000000007,14.020000000001351,0.0,0.0,-0.11342865382162957,1.435154818909715e-06,0.15983500835149025,89.99046900416685,89.99046900416685,-4.239336367851371e-12,-4.229925679791625e-12,179.99855612158692,1.915459851917297e-10,2.4465002840338193e-10,5.708365799512659e-15,5.667856593603126e-15,1.7530943027582362e-12,-1.92326109840256e-12,0.0,0.0,8,UNCONFIGURED
0.9200000000000007,14.030000000001355,0.0,0.0,-0.11342865382162971,1.4351548018589449e-06,0.15983500835149025,89.99046900416685,89.99046900416685,-4.270955827822474e-12,-4.260098385938824e-12,179.99855612081376,1.1630110596548555e-11,1.1282419689218429e-10,5.835190534620245e-15,5.793972781982376e-15,4.902234686913245e-13,-6.598041101317774e-13,0.0,0.0,8,UNCONFIGURED
0.9300000000000007,14.040000000001358,0.0,0.0,-0.11342865382162985,1.4351547849320299e-06,0.15983500835149025,89.99046900416685,89.99046900416685,-4.258219328127088e-12,-4.255215724874788e-12,179.99855612050385,-1.8549487778706232e-10,-1.4152795385372363e-10,5.775879699676211e-15,5.765866833276489e-15,9.577479281774665e-13,-1.1276045560288556e-12,0.0,0.0,8,UNCONFIGURED
0.9400000000000007,14.050000000001361,0.0,0.0,-0.11342865382162999,1.4351547688128034e-06,0.15983500835149025,89.99046900416685,89.99046900416685,-4.240442639557606e-12,-4.239295782411204e-12,179.99855611789425,1.7037107157872084e-10,2.2420154944534763e-10,5.718639727912075e-15,5.719265988008884e-15,1.8074075688542683e-12,-1.9774267087283445e-12,0.0,0.0,8,UNCONFIGURED
0.9500000000000007,14.060000000001365,0.0,0.0,-0.11342865382163013,1.4351547519637479e-06,0.15983500835149025,89.99046900416685,89.99046900416685,-4.241522428759274e-12,-4.233853071749054e-12,179.99855611851805,-1.1860569180716479e-11,9.215907207216837e-11,5.7225187943774404e-15,5.689651422459909e-15,5.071415414572892e-13,-6.766893878145345e-13,0.0,0.0,8,UNCONFIGURED
0.9600000000000007,14.070000000001368,0.0,0.0,-0.11342865382163027,1.435154735184504e-06,0.15983500835149025,89.99046900416685,89.99046900416685,-4.2567113449071385e-12,-4.253920958146983e-12,179.99855611942255,-2.1029352475893942e-10,-1.6429468559545875e-10,5.781410233007045e-15,5.76612033302373e-15,9.880661631572952e-13,-1.1576978856919512e-12,0.0,0.0,8,UNCONFIGURED
0.9700000000000008,14.080000000001371,0.0,0.0,-0.1134286538216304,1.4351547191251159e-06,0.15983500835149025,89.99046900416685,89.99046900416685,-4.241090602414489e-12,-4.243199463328151e-12,179.99855611771062,1.5823583976672296e-10,2.1435168379804425e-10,5.724659161193864e-15,5.737256433543511e-15,1.860152546304256e-12,-2.0299914936481382e-12,0.0,0.0,8,UNCONFIGURED
0.9800000000000008,14.090000000001375,0.0,0.0,-0.11342865382163055,1.4351547022097762e-06,0.15983500835149025,89.99046900416685,89.99046900416685,-4.2226949473138385e-12,-4.222927127455334e-12,179.99855611906128,-2.411495449438365e-11,8.324287268058121e-11,5.6520596771266205e-15,5.652754425956675e-15,5.234769536918157e-13,-6.930075911737291e-13,0.0,0.0,8,UNCONFIGURED
0.9900000000000008,14.100000000001378,0.0,0.0,-0.11342865382163068,1.4351546852733889e-06,0.15983500835149025,89.99046900416685,89.99046900416685,-4.246193420008217e-12,-4.251072219682634e-12,179.99855612055345,-2.2538355043763404e-10,-1.7752351080491544e-10,5.745719382724262e-15,5.765931824739116e-15,1.0166884012464167e-12,-1.1860474135723438e-12,0.0,0.0,8,UNCONFIGURED
1.0000000000000007,14.110000000001381,0.0,0.0,-0.11342865382163082,1.435154668995503e-06,0.15983500835149025,89.99046900416685,89.99046900416685,-4.236789646712861e-12,-4.241865446259469e-12,179.9985561192148,1.5545948782106797e-10,2.1361582534122624e-10,5.716603801685477e-15,5.741144867529354e-15,1.9110116133133307e-12,-2.0806957543144503e-12,0.0,0.0,8,UNCONFIGURED
1.0100000000000007,14.120000000001385,0.0,0.0,-0.11342865382163096,1.435154651777143e-06,0.15983500835149025,89.99046900416685,89.99046900416685,-4.207840419637695e-12,-4.213366329249529e-12,179.9985561209048,-2.987541359025419e-11,8.079789463288516e-11,5.600549794263208e-15,5.619533897245092e-15,5.393675755117761e-13,-7.087546486916751e-13,0.0,0.0,8,UNCONFIGURED
1.0200000000000007,14.130000000001388,0.0,0.0,-0.1134286538216311,1.4351546344904382e-06,0.15983500835149025,89.99046900416685,89.99046900416685,-4.215756427092126e-12,-4.216570685445951e-12,179.99855612263278,-2.3458650228870415e-10,-1.851220841708518e-10,5.6223760600044906e-15,5.624420874019018e-15,1.0454203231200992e-12,-1.214701967745191e-12,0.0,0.0,8,UNCONFIGURED
1.0300000000000007,14.140000000001391,0.0,0.0,-0.11342865382163124,1.435154617847539e-06,0.15983500835149025,89.99046900416685,89.99046900416685,-4.222215033987459e-12,-4.2246171125187644e-12,179.99855612140126,1.5734590682995777e-10,2.1726096996139642e-10,5.650174918916847e-15,5.657305987031544e-15,1.9632548141076692e-12,-2.1324174423986436e-12,0.0,0.0,8,UNCONFIGURED
1.0400000000000007,14.150000000001395,0.0,0.0,-0.11342865382163138,1.4351546002169182e-06,0.15983500835149025,89.99046900416685,89.99046900416685,-4.226678554899519e-12,-4.221813422037301e-12,179.9985561232535,-3.26494504745033e-11,8.122813070277232e-11,5.678814700958976e-15,5.653496775314899e-15,5.556429434620151e-13,-7.249195511730675e-13,0.0,0.0,8,UNCONFIGURED
1.0500000000000007,14.160000000001398,0.0,0.0,-0.11342865382163152,1.4351545824956522e-06,0.15983500835149025,89.99046900416685,89.99046900416685,-4.179026283490488e-12,-4.183525101546205e-12,179.99855612510743,-2.4234531394172277e-10,-1.9141281410338315e-10,5.488932956221104e-15,5.505530565028469e-15,1.0751690219262825e-12,-1.2443718843931835e-12,0.0,0.0,8,UNCONFIGURED
1.0600000000000007,14.170000000001401,0.0,0.0,-0.11342865382163166,1.4351545674892927e-06,0.15983500835149025,89.99046900416685,89.99046900416685,-4.209977316639304e-12,-4.216960805482961e-12,179.99855611545186,1.607925860936297e-10,2.2243322166072067e-10,5.60306648582169e-15,5.629212825881856e-15,2.785053128530647e-13,-4.4779058500891957e-13,0.0,0.0,8,UNCONFIGURED
1.0700000000000007,14.180000000001405,0.0,0.0,-0.1134286538216318,1.4351545497831101e-06,0.15983500835149025,89.99046900416685,89.99046900416685,-4.215755925285244e-12,-4.217276966156432e-12,179.99855611866622,-5.200964508318776e-11,5.895692169124145e-11,5.6424768288063516e-15,5.645022493842893e-15,5.733975378411302e-13,-7.425275095814685e-13,0.0,0.0,8,UNCONFIGURED
1.0800000000000007,14.190000000001408,0.0,0.0,-0.11342865382163193,1.435154532235204e-06,0.15983500835149025,89.99046900416685,89.99046900416685,-4.203006472732846e-12,-4.202302337587598e-12,179.99855612207182,-2.726917958621698e-10,-2.2039104152478067e-10,5.604220553890424e-15,5.5972241234029605e-15,1.1096392602572014e-12,-1.278646919670012e-12,0.0,0.0,8,UNCONFIGURED
1.0900000000000007,14.200000000001411,0.0,0.0,-0.11342865382163207,1.435154517474157e-06,0.15983500835149025,89.99046900416685,89.99046900416685,-4.219824831789976e-12,-4.223528618121754e-12,179.9985561135647,1.4146609898608362e-10,2.0537318858828205e-10,5.661826447821812e-15,5.665595139579762e-15,2.891510182529787e-13,-4.584393512527182e-13,0.0,0.0,8,UNCONFIGURED
1.1000000000000008,14.210000000001415,0.0,0.0,-0.11342865382163221,1.435154499849444e-06,0.15983500835149025,89.99046900416685,89.99046900416685,-4.246684106642445e-12,-4.24409034104766e-12,179.99855611798537,-7.225127148898093e-11,4.245766706921392e-11,5.746214408856708e-15,5.743394935564459e-15,5.925855607967268e-13,-7.616646440663276e-13,0.0,0.0,8,UNCONFIGURED
1.1100000000000008,14.220000000001418,0.0,0.0,-0.11342865382163235,1.4351544822773092e-06,0.15983500835149025,89.99046900416685,89.99046900416685,-4.253362918449336e-12,-4.246553423406401e-12,179.9985561223424,-2.939107379809969e-10,-2.392880729664923e-10,5.751587063128945e-15,5.720105914470115e-15,1.143033431843824e-12,-1.312419520612354e-12,0.0,0.0,8,UNCONFIGURED
1.1200000000000008,14.230000000001422,0.0,0.0,-0.11342865382163249,1.4351544674559548e-06,0.15983500835149025,89.99046900416685,89.99046900416685,-4.238064879951328e-12,-4.237102708713076e-12,179.99855611426452,1.3419186650733022e-10,2.004881272379032e-10,5.700991081175633e-15,5.7058817252412794e-15,2.99506927451414e-13,-4.688271497324534e-13,0.0,0.0,8,UNCONFIGURED
1.1300000000000008,14.240000000001425,0.0,0.0,-0.11342865382163263,1.435154449611641e-06,0.15983500835149025,89.99046900416685,89.99046900416685,-4.242593172556474e-12,-4.238081055780783e-12,179.99855611929001,-8.239294341158048e-11,3.596579394705755e-11,5.724740576017434e-15,5.712254019930668e-15,6.106114967458071e-13,-7.800454229596098e-13,0.0,0.0,8,UNCONFIGURED
1.1400000000000008,14.250000000001428,0.0,0.0,-0.11342865382163277,1.435154431746893e-06,0.15983500835149025,89.99046900416685,89.99046900416685,-4.208906284488395e-12,-4.2087713767903065e-12,179.99855612415797,-3.0882765008184304e-10,-2.5227715141082773e-10,5.591013720404577e-15,5.5922011418645e-15,1.1753450323998297e-12,-1.3449661446231266e-12,0.0,0.0,8,UNCONFIGURED
1.1500000000000008,14.260000000001432,0.0,0.0,-0.1134286538216329,1.4351544166516678e-06,0.15983500835149025,89.99046900416685,89.99046900416685,-4.21360413551355e-12,-4.2185415171248754e-12,179.99855611613984,1.3313330745066163e-10,2.0171309259289884e-10,5.612883777875224e-15,5.633467121648437e-15,3.0945123598708955e-13,-4.790335172228856e-13,0.0,0.0,8,UNCONFIGURED
1.1600000000000008,14.270000000001435,0.0,0.0,-0.11342865382163304,1.4351543984073574e-06,0.15983500835149025,89.99046900416685,89.99046900416685,-4.2434784290647885e-12,-4.240132429535392e-12,179.9985561214666,-8.73983603693116e-11,3.44263078967149e-11,5.7248137676756996e-15,5.7140373644712215e-15,6.290503001249507e-13,-7.984471746103781e-13,0.0,0.0,8,UNCONFIGURED
1.1700000000000008,14.280000000001438,0.0,0.0,-0.11342865382163318,1.4351543801154308e-06,0.15983500835149025,89.99046900416685,89.99046900416685,-4.23964241167234e-12,-4.2380538164352264e-12,179.99855612656893,-3.1882607670959747e-10,-2.6055990311886263e-10,5.703417598135397e-15,5.697220256072308e-15,1.2089545306533281e-12,-1.3784926997527104e-12,0.0,0.0,8,UNCONFIGURED
1.1800000000000008,14.290000000001442,0.0,0.0,-0.11342865382163332,1.4351543646481364e-06,0.15983500835149025,89.99046900416685,89.99046900416685,-4.2320876200618184e-12,-4.232071735845699e-12,179.9985561184005,1.3560073620566906e-10,2.0615414679905291e-10,5.6778398602957755e-15,5.68111620106665e-15,3.2004161157695473e-13,-4.893965098137802e-13,0.0,0.0,8,UNCONFIGURED
1.1900000000000008,14.300000000001445,0.0,0.0,-0.11342865382163346,1.4351543459346294e-06,0.15983500835149025,89.99046900416685,89.99046900416685,-4.22822279442434e-12,-4.225895145182671e-12,179.99855612395206,-9.11127022258319e-11,3.4175903923874484e-11,5.644742697563046e-15,5.63830597790801e-15,6.48034880061523e-13,-8.175942339735249e-13,0.0,0.0,8,UNCONFIGURED
1.2000000000000008,14.310000000001448,0.0,0.0,-0.1134286538216336,1.4351543293279577e-06,0.15983500835149025,89.99046900416685,89.99046900416685,-4.2271992184347474e-12,-4.219036984210751e-12,179.9985561211884,2.5078913124792786e-10,-2.84979690745415e-10,5.663177088782787e-15,5.6310598008059055e-15,1.2442338094059093e-12,-1.4138062932147034e-12,0.0,0.0,8,UNCONFIGURED
1.2100000000000009,14.320000000001452,0.0,0.0,-0.11342865382163374,1.435154314008227e-06,0.15983500835149025,89.99046900416685,89.99046900416685,-4.229106654875287e-12,-4.2342611966082635e-12,179.99855611434677,1.1346072637584036e-10,1.847065747921776e-10,5.680303223206699e-15,5.701971825999667e-15,3.3152177456474194e-13,-5.008125934238582e-13,0.0,0.0,8,UNCONFIGURED
1.2200000000000009,14.330000000001455,0.0,0.0,-0.11342865382163388,1.4351542954354206e-06,0.15983500835149025,89.99046900416685,89.99046900416685,-4.243517222441248e-12,-4.240548011017955e-12,179.9985561215188,-1.1828213268732634e-10,1.0511146479255556e-11,5.743407705989804e-15,5.7375957197214295e-15,6.701723216034941e-13,-8.394769641391901e-13,0.0,0.0,8,UNCONFIGURED
1.2300000000000009,14.340000000001458,0.0,0.0,-0.11342865382163402,1.435154278990403e-06,0.15983500835149025,89.99046900416685,89.99046900416685,-4.242177542661765e-12,-4.237233536806442e-12,179.9985561199815,2.3503156811649933e-10,-3.12402823551268e-10,5.745250109911289e-15,5.713712088639483e-15,1.2843428975449009e-12,-1.4537133109687083e-12,0.0,0.0,8,UNCONFIGURED
1.2400000000000009,14.350000000001462,0.0,0.0,-0.11342865382163415,1.4351542637580266e-06,0.15983500835149025,89.99046900416685,89.99046900416685,-4.2326312155949385e-12,-4.2303666674874184e-12,179.99855611399312,9.90777873416092e-11,1.731516811215895e-10,5.702699439079627e-15,5.6989643743965204e-15,3.4383287068840073e-13,-5.131878521933955e-13,0.0,0.0,8,UNCONFIGURED
1.2500000000000009,14.360000000001465,0.0,0.0,-0.11342865382163429,1.4351542450782379e-06,0.15983500835149025,89.99046900416685,89.99046900416685,-4.231025995164427e-12,-4.2297708315969356e-12,179.99855612210496,-1.3403722814505652e-10,-1.122025610874874e-12,5.700738112090273e-15,5.689879782517986e-15,6.919145971669309e-13,-8.613227972636765e-13,0.0,0.0,8,UNCONFIGURED
1.260000000000001,14.370000000001468,0.0,0.0,-0.11342865382163443,1.4351542284839464e-06,0.15983500835149025,89.99046900416685,89.99046900416685,-4.225865548062104e-12,-4.232255001388498e-12,179.998556121119,2.3152531791284016e-10,-3.3035969229794863e-10,5.678715331040534e-15,5.689086944989696e-15,1.3222279810429764e-12,-1.4917708281566075e-12,0.0,0.0,8,UNCONFIGURED
1.270000000000001,14.380000000001472,0.0,0.0,-0.11342865382163457,1.4351542130544889e-06,0.15983500835149025,89.99046900416685,89.99046900416685,-4.230089507314111e-12,-4.224098781280257e-12,179.9985561154087,9.436183531108698e-11,1.710336254669057e-10,5.680256573115368e-15,5.652169121036614e-15,3.5558668656073743e-13,-5.250270788786416e-13,0.0,0.0,8,UNCONFIGURED
1.280000000000001,14.390000000001475,0.0,0.0,-0.11342865382163471,1.4351541940198283e-06,0.15983500835149025,89.99046900416685,89.99046900416685,-4.223955278382256e-12,-4.224470297112061e-12,179.99855612407,-1.4322450417632235e-10,-6.1538987150718805e-12,5.663489576323707e-15,5.660648379209395e-15,7.129419017748375e-13,-8.823943060906431e-13,0.0,0.0,8,UNCONFIGURED
1.290000000000001,14.400000000001478,0.0,0.0,-0.11342865382163485,1.4351541770784233e-06,0.15983500835149025,89.99046900416685,89.99046900416685,-4.22803739177811e-12,-4.21507116152182e-12,179.9985561232725,2.3410502958876087e-10,-3.424950220863504e-10,5.676352275265979e-15,5.616642583692218e-15,1.3604332651427568e-12,-1.529910347680836e-12,0.0,0.0,8,UNCONFIGURED
1.300000000000001,14.410000000001482,0.0,0.0,-0.11342865382163499,1.4351541612980574e-06,0.15983500835149025,89.99046900416685,89.99046900416685,-4.215298237618609e-12,-4.220554520290603e-12,179.99855611754526,9.457993027068597e-11,1.7358033495049746e-10,5.610357490255331e-15,5.63514727757865e-15,3.6757601378629257e-13,-5.368414784237698e-13,0.0,0.0,8,UNCONFIGURED
1.310000000000001,14.420000000001485,0.0,0.0,-0.11342865382163513,1.4351541441068398e-06,0.15983500835149025,89.99046900416685,89.99046900416685,-4.22613467993438e-12,-4.22374213386732e-12,179.99855611913722,-1.4758080922303872e-10,-2.904814806608597e-11,5.666786347207859e-15,5.658688289874413e-15,7.351837033171331e-13,-9.045845321283603e-13,0.0,0.0,8,UNCONFIGURED
1.320000000000001,14.430000000001488,0.0,0.0,-0.11342865382163526,1.4351541273628998e-06,0.15983500835149025,89.99046900416685,89.99046900416685,-4.22490899471457e-12,-4.2249660992193985e-12,179.99855611982258,2.1320373460871513e-10,-3.736591266701238e-10,5.66531476596244e-15,5.661983015027288e-15,1.4033193684848252e-12,-1.5726090367545903e-12,0.0,0.0,8,UNCONFIGURED
1.330000000000001,14.440000000001492,0.0,0.0,-0.1134286538216354,1.4351541118297174e-06,0.15983500835149025,89.99046900416685,89.99046900416685,-4.220016037878603e-12,-4.2178316134942365e-12,179.99855611535182,7.344795890732221e-11,1.548271649617264e-10,5.638335053840812e-15,5.635294862355963e-15,3.807719616522135e-13,-5.502428023969423e-13,0.0,0.0,8,UNCONFIGURED
1.340000000000001,14.450000000001495,0.0,0.0,-0.11342865382163554,1.4351540947727187e-06,0.15983500835149025,89.99046900416685,89.99046900416685,-4.231879325912013e-12,-4.230346068436206e-12,179.99855611816542,-1.7090558968459707e-10,-4.85776178924645e-11,5.690222157891048e-15,5.683947945417435e-15,7.586108837565055e-13,-9.280147924984557e-13,0.0,0.0,8,UNCONFIGURED
1.350000000000001,14.460000000001498,0.0,0.0,-0.11342865382163568,1.4351540780612726e-06,0.15983500835149025,89.99046900416685,89.99046900416685,-4.229002502741755e-12,-4.220918102063776e-12,179.99855611982787,2.0259548589999849e-10,-3.985556850458725e-10,5.67254347290605e-15,5.636122938258262e-15,1.4437982483320139e-12,-1.6135332260524388e-12,0.0,0.0,8,UNCONFIGURED
1.360000000000001,14.470000000001502,0.0,0.0,-0.11342865382163582,1.4351540624787746e-06,0.15983500835149025,89.99046900416685,89.99046900416685,-4.2278034178141776e-12,-4.228748622279737e-12,179.99855611597266,6.303103324875802e-11,1.4742144583010415e-10,5.682674766095955e-15,5.6871279301070304e-15,3.9339423277953674e-13,-5.628164525452055e-13,0.0,0.0,8,UNCONFIGURED
1.370000000000001,14.480000000001505,0.0,0.0,-0.11342865382163596,1.435154045234753e-06,0.15983500835149025,89.99046900416685,89.99046900416685,-4.203728836053874e-12,-4.205559540774422e-12,179.99855611942294,-1.8502435278468023e-10,-5.863975985631942e-11,5.577715203941426e-15,5.591034589734029e-15,7.809898024550241e-13,-9.504063490838317e-13,0.0,0.0,8,UNCONFIGURED
1.380000000000001,14.490000000001508,0.0,0.0,-0.1134286538216361,1.4351540282641823e-06,0.15983500835149025,89.99046900416685,89.99046900416685,-4.218982513338875e-12,-4.229549370354284e-12,179.99855612153308,2.0139281611153795e-10,-4.157195382346961e-10,5.639269322677027e-15,5.693022409346921e-15,1.4844989477064767e-12,-1.6537279416148943e-12,0.0,0.0,8,UNCONFIGURED
1.390000000000001,14.500000000001512,0.0,0.0,-0.11342865382163624,1.4351540123925084e-06,0.15983500835149025,89.99046900416685,89.99046900416685,-4.230176827638625e-12,-4.227537202675771e-12,179.99855611785276,6.003146572085811e-11,1.4713397726565012e-10,5.690104760230011e-15,5.676386900728177e-15,4.06040092123233e-13,-5.753293892109253e-13,0.0,0.0,8,UNCONFIGURED
1.400000000000001,14.510000000001515,0.0,0.0,-0.11342865382163637,1.435153994773052e-06,0.15983500835149025,89.99046900416685,89.99046900416685,-4.232809538763241e-12,-4.231292355017804e-12,179.99855612153652,-1.9212899886193995e-10,-6.221934295599719e-11,5.704404845259117e-15,5.697715298397482e-15,8.039102988447447e-13,-9.733887260219338e-13,0.0,0.0,8,UNCONFIGURED
1.410000000000001,14.520000000001518,0.0,0.0,-0.11342865382163651,1.4351539774091218e-06,0.15983500835149025,89.99046900416685,89.99046900416685,-4.222363509481735e-12,-4.2028645760300636e-12,179.9985561237927,2.050780223069261e-10,-4.2789156944848485e-10,5.658062919341368e-15,5.576295926263489e-15,1.5256953445260479e-12,-1.695293046109728e-12,0.0,0.0,8,UNCONFIGURED
1.420000000000001,14.530000000001522,0.0,0.0,-0.11342865382163665,1.4351539611574772e-06,0.15983500835149025,89.99046900416685,89.99046900416685,-4.218607278694869e-12,-4.219455920907615e-12,179.99855612007917,6.054422475063933e-11,1.5000362313662457e-10,5.646263147532551e-15,5.647148073994273e-15,4.1886439882922006e-13,-5.88326643580698e-13,0.0,0.0,8,UNCONFIGURED
1.430000000000001,14.540000000001525,0.0,0.0,-0.11342865382163679,1.4351539431003418e-06,0.15983500835149025,89.99046900416685,89.99046900416685,-4.218899627520222e-12,-4.223820707996542e-12,179.998556123949,-1.9892176524892623e-10,-6.534931330393938e-11,5.6387012164517025e-15,5.658900060782952e-15,8.273019949988653e-13,-9.966268266901878e-13,0.0,0.0,8,UNCONFIGURED
1.440000000000001,14.550000000001528,0.0,0.0,-0.11342865382163693,1.435153927372207e-06,0.15983500835149025,89.99046900416685,89.99046900416685,-4.225090919734829e-12,-4.232488062235699e-12,179.9985561181407,2.0964040863467685e-10,2.5561370776000673e-10,5.669221205129482e-15,5.700937306496979e-15,1.5686823304673745e-12,-1.737870291761485e-12,0.0,0.0,8,UNCONFIGURED
1.450000000000001,14.560000000001532,0.0,0.0,-0.11342865382163707,1.4351539111812481e-06,0.15983500835149025,89.99046900416685,89.99046900416685,-4.203575708580879e-12,-4.213837522312636e-12,179.99855611574867,3.9005326464330734e-11,1.2841713370995234e-10,5.5811556484092345e-15,5.620804173673179e-15,4.3291094069434116e-13,-6.02080497267446e-13,0.0,0.0,8,UNCONFIGURED
1.460000000000001,14.570000000001535,0.0,0.0,-0.11342865382163721,1.4351538932975603e-06,0.15983500835149025,89.99046900416685,89.99046900416685,-4.224116079720123e-12,-4.21834134526024e-12,179.9985561211621,-2.2741895283803264e-10,-9.069116679012083e-11,5.675713640749236e-15,5.647887278619846e-15,8.541198566980178e-13,-1.0231922595733307e-12,0.0,0.0,8,UNCONFIGURED
1.470000000000001,14.580000000001538,0.0,0.0,-0.11342865382163735,1.4351538777848708e-06,0.15983500835149025,89.99046900416685,89.99046900416685,-4.230350274190755e-12,-4.223595991722175e-12,179.9985561165334,1.9237085434795326e-10,2.4032253470073084e-10,5.708403046394202e-15,5.6695152616895586e-15,1.6164929826592068e-12,-1.78539480670153e-12,0.0,0.0,8,UNCONFIGURED
1.480000000000001,14.590000000001542,0.0,0.0,-0.11342865382163748,1.435153861696803e-06,0.15983500835149025,89.99046900416685,89.99046900416685,-4.2585366209948006e-12,-4.254165963841138e-12,179.99855611514693,2.206693284575526e-11,1.1463206124857067e-10,5.8245601373328645e-15,5.796701228116487e-15,4.4771324618102593e-13,-6.167768711129877e-13,0.0,0.0,8,UNCONFIGURED
1.490000000000001,14.600000000001545,0.0,0.0,-0.11342865382163762,1.4351538437652928e-06,0.15983500835149025,89.99046900416685,89.99046900416685,-4.260440798038891e-12,-4.250084005581535e-12,179.99855612149233,-2.4626989472388046e-10,-1.053828924565517e-10,5.788701542078642e-15,5.752050917664823e-15,8.797363584883095e-13,-1.0491593544673516e-12,0.0,0.0,8,UNCONFIGURED
1.500000000000001,14.610000000001548,0.0,0.0,-0.11342865382163776,1.4351538281635943e-06,0.15983500835149025,89.99046900416685,89.99046900416685,-4.238738732348249e-12,-4.2380995862795815e-12,179.99855611735842,1.8696340215368145e-10,2.3682268171721373e-10,5.708580389049835e-15,5.708566164649904e-15,1.6609308712756512e-12,-1.830611071600559e-12,0.0,0.0,8,UNCONFIGURED
1.5100000000000011,14.620000000001552,0.0,0.0,-0.1134286538216379,1.435153811891504e-06,0.15983500835149025,89.99046900416685,89.99046900416685,-4.241435454175458e-12,-4.240917614698749e-12,179.99855611639262,1.4957181249811182e-11,1.1045250255758296e-10,5.7169945463851575e-15,5.712413731701414e-15,4.614847243702608e-13,-6.308613855703949e-13,0.0,0.0,8,UNCONFIGURED
1.5200000000000011,14.630000000001555,0.0,0.0,-0.11342865382163804,1.4351537936599818e-06,0.15983500835149025,89.99046900416685,89.99046900416685,-4.271900309641081e-12,-4.265334622671397e-12,179.99855612328182,-2.593249086916622e-10,-1.1411226897402461e-10,5.806569278292822e-15,5.78937278899176e-15,9.044087937336973e-13,-1.0739685595711975e-12,0.0,0.0,8,UNCONFIGURED
1.5300000000000011,14.640000000001558,0.0,0.0,-0.11342865382163818,1.4351537777621697e-06,0.15983500835149025,89.99046900416685,89.99046900416685,-4.234243919175736e-12,-4.235308603180222e-12,179.99855611930008,1.8766665752984047e-10,2.39289645951131e-10,5.673531362805175e-15,5.678611961838002e-15,1.705965111007045e-12,-1.8759316702645447e-12,0.0,0.0,8,UNCONFIGURED
1.5400000000000011,14.650000000001562,0.0,0.0,-0.11342865382163832,1.4351537611335313e-06,0.15983500835149025,89.99046900416685,89.99046900416685,-4.22854172768149e-12,-4.232245215373233e-12,179.99855611849438,1.2221141973476432e-11,1.106559960010052e-10,5.661432975949096e-15,5.689063276655641e-15,4.755248232244366e-13,-6.449977334165804e-13,0.0,0.0,8,UNCONFIGURED
1.5500000000000012,14.660000000001565,0.0,0.0,-0.11342865382163846,1.4351537424600634e-06,0.15983500835149025,89.99046900416685,89.99046900416685,-4.215462378819701e-12,-4.21247061653762e-12,179.9985561257192,-2.6906889567663335e-10,-1.1954348582827197e-10,5.625760768506656e-15,5.609641079932221e-15,9.304039947871448e-13,-1.099956513604272e-12,0.0,0.0,8,UNCONFIGURED
1.5600000000000012,14.670000000001568,0.0,0.0,-0.1134286538216386,1.4351537261614238e-06,0.15983500835149025,89.99046900416685,89.99046900416685,-4.222199877918731e-12,-4.219877582908024e-12,179.99855612172593,1.9135786322598692e-10,2.445907180325618e-10,5.65813708361509e-15,5.640804276880505e-15,1.754301840543934e-12,-1.9236112884024743e-12,0.0,0.0,8,UNCONFIGURED
1.5700000000000012,14.680000000001572,0.0,0.0,-0.11342865382163873,1.4351537090951141e-06,0.15983500835149025,89.99046900416685,89.99046900416685,-4.2388843379553725e-12,-4.2335896116167296e-12,179.99855612097477,1.126204159738698e-11,1.1265503051159102e-10,5.7173432321918825e-15,5.6926820668809375e-15,4.905849904272332e-13,-6.599272245872376e-13,0.0,0.0,8,UNCONFIGURED
1.5800000000000012,14.690000000001575,0.0,0.0,-0.11342865382163887,1.4351536921453638e-06,0.15983500835149025,89.99046900416685,89.99046900416685,-4.2348412034826316e-12,-4.22636389582751e-12,179.99855612073296,-1.8756331611581645e-10,-1.4346694579260525e-10,5.686102132779516e-15,5.6507864756753804e-15,9.587199870063185e-13,-1.128234292481592e-12,0.0,0.0,8,UNCONFIGURED
1.5900000000000012,14.700000000001578,0.0,0.0,-0.11342865382163901,1.4351536759963403e-06,0.15983500835149025,89.99046900416685,89.99046900416685,-4.225885539980911e-12,-4.227306932521037e-12,179.99855611817387,1.7000087055698939e-10,2.2411587897324143e-10,5.646454354365756e-15,5.660807888531317e-15,1.810625608041735e-12,-1.9802856744656637e-12,0.0,0.0,8,UNCONFIGURED
1.6000000000000012,14.710000000001582,0.0,0.0,-0.11342865382163915,1.4351536591052243e-06,0.15983500835149025,89.99046900416685,89.99046900416685,-4.217478845336387e-12,-4.219805080731743e-12,179.99855611883947,-1.2564419216833922e-11,9.189936326577185e-11,5.609604454625261e-15,5.625649872508633e-15,5.080863523718833e-13,-6.776103818811801e-13,0.0,0.0,8,UNCONFIGURED
1.6100000000000012,14.720000000001585,0.0,0.0,-0.11342865382163929,1.4351536422777637e-06,0.15983500835149025,89.99046900416685,89.99046900416685,-4.194433734327008e-12,-4.1957752730280715e-12,179.99855611977313,-2.1150021267368912e-10,-1.6526167525568752e-10,5.537607890642392e-15,5.5422519946573876e-15,9.906256511539504e-13,-1.1600330995684749e-12,0.0,0.0,8,UNCONFIGURED
1.6200000000000012,14.730000000001588,0.0,0.0,-0.11342865382163943,1.4351536261673745e-06,0.15983500835149025,89.99046900416685,89.99046900416685,-4.219303062161327e-12,-4.225543027852899e-12,179.99855611808428,1.5852754770261298e-10,2.1491564727932258e-10,5.63853771420928e-15,5.671019084776757e-15,1.865907805646313e-12,-2.034848555603504e-12,0.0,0.0,8,UNCONFIGURED
1.6300000000000012,14.740000000001592,0.0,0.0,-0.11342865382163957,1.4351536091924467e-06,0.15983500835149025,89.99046900416685,89.99046900416685,-4.2038700927778275e-12,-4.209480661034742e-12,179.99855611948132,-2.4914138452015122e-11,8.301364872068084e-11,5.586151966737924e-15,5.605333019258384e-15,5.253260423333062e-13,-6.944495060940743e-13,0.0,0.0,8,UNCONFIGURED
1.6400000000000012,14.750000000001595,0.0,0.0,-0.1134286538216397,1.4351535921910653e-06,0.15983500835149025,89.99046900416685,89.99046900416685,-4.225835965184858e-12,-4.225074241483245e-12,179.99855612098528,-2.2627693317226393e-10,-1.781754840905747e-10,5.694081391725038e-15,5.6847152385182974e-15,1.0204509550210416e-12,-1.1894907900786173e-12,0.0,0.0,8,UNCONFIGURED
1.6500000000000012,0.01,0.0,0.0,-1.598078612998403e-05,-1.6320362764988974e-06,0.1599190810263337,4.004897677449674,4.007476765141575,0.6851123773325535,1.0140308731461745,0.0002577185008511682,0.02607284009435133,0.019695263497363606,-0.0008978785408705417,-0.001490953558847569,-0.03913762249599371,-0.038821763754727366,0.0,0.0,4,UNCONFIGURED
1.6600000000000013,0.020000000000000004,0.0,0.0,-6.155120508809979e-05,-2.6660311215213082e-06,0.15980416547979234,4.023438667360798,4.028867670585741,2.074063662494989,2.4244049833197634,0.00030127869585841834,0.004654479288868745,0.0010296649077084685,-0.0035960576136188096,-0.004329368437742234,-0.08246915624152609,-0.08256523009307157,0.0,0.0,4,UNCONFIGURED
1.6700000000000013,0.030000000000000013,0.0,0.0,-0.0001380325634015666,-2.867588711446925e-06,0.15969728847408457,4.0564599050311125,4.0648425311855405,3.531226847971074,3.8929980071347545,0.00023040411488267596,-0.007029984511913696,-0.00886195563927468,-0.0067252215291574505,-0.007523175898152278,-0.1276336606603673,-0.1279424517204207,0.0,0.0,4,UNCONFIGURED
1.6800000000000013,0.04000000000000002,0.0,0.0,-0.00024616590691737167,-2.4027733230264516e-06,0.15961521920916275,4.1043854450035395,4.1157844456053025,5.027033510019405,5.395891440671363,0.00010857569842857817,-0.012318621187779752,-0.012872265112539336,-0.010049586005484328,-0.01087423388218432,-0.17388599774433502,-0.17425990071709846,0.0,0.0,4,UNCONFIGURED
1.6900000000000013,0.05000000000000003,0.0,0.0,-0.0003864345297410408,-1.5630099396077113e-06,0.15956080183300664,4.167487526655148,4.181948586358677,6.548389935038304,6.9226202138149295,-1.8872498269964427e-05,-0.012989414987226265,-0.012648096308912067,-0.013446118924600198,-0.014277630487717593,-0.22089102321475648,-0.2212247193490548,0.0,0.0,4,UNCONFIGURED
1.7000000000000013,0.06000000000000004,0.0,0.0,-0.0005592538350482252,-6.335879489355821e-07,0.15952960160578405,4.2459868659517985,4.263554567197074,8.09147518544771,8.471216707744032,-0.0001229233356102808,-0.010666414708213338,-0.009845020522484052,-0.016855421601513373,-0.017686596162040987,-0.26857677359258153,-0.2688128087872392,0.0,0.0,4,UNCONFIGURED
1.7100000000000013,0.07000000000000005,0.0,0.0,-0.0007651077003354309,1.8326364741381076e-07,0.15951463496669532,4.340123577814112,4.360852952034814,9.659217678059436,10.04593399200549,-0.00019098094177236917,-0.007019312952282894,-0.006091310850926528,-0.02026390376701892,-0.021096463147202992,-0.3170662814915369,-0.3171915767148836,0.0,0.0,4,UNCONFIGURED
1.7200000000000013,0.08000000000000006,0.0,0.0,-0.0010046372862241488,7.901751806841319e-07,0.15950934650817788,4.45020559686046,4.47416897148906,11.25902276645132,11.654920753763443,-0.00022344559832829976,-0.003385698321733287,-0.0025961903680223504,-0.02368792417466423,-0.0245284762261193,-0.3666055567045992,-0.3666367766612253,0.0,0.0,4,UNCONFIGURED
1.7300000000000013,0.09000000000000007,0.0,0.0,-0.001278683405003171,1.1744058899694614e-06,0.15950890420589622,4.576634114310969,4.603923811864771,12.900490287250408,13.30803556202116,-0.00022810283398829633,-0.0005328782774348659,1.3427696432910939e-05,-0.02715797005133172,-0.028014655836213598,-0.41749539842808914,-0.41746211090390223,0.0,0.0,4,UNCONFIGURED
1.7400000000000013,0.10000000000000007,0.0,0.0,-0.0015882955267036746,1.3725077859316352e-06,0.15951032893638195,4.71991123663842,4.750639701996901,14.593752224745497,15.01538907237772,-0.00021505861277839531,0.0012922448668329493,0.0015919145265636794,-0.030707152804799756,-0.031587703587831306,-0.4700456486266345,-0.469977901079844,0.0,0.0,4,UNCONFIGURED
1.7500000000000013,0.11000000000000008,0.0,0.0,-0.0019347243119273642,1.4392964781513403e-06,0.15951207980684307,4.880638059680496,4.914936965822674,16.348644311384735,16.78669761411458,-0.00019350556587433056,0.0021770484031922678,0.002279676595553389,-0.034365428545039226,-0.035276464844451336,-0.5245544544336397,-0.5244761956537911,0.0,0.0,4,UNCONFIGURED
1.7600000000000013,0.12000000000000009,0.0,0.0,-0.0023194102081329927,1.4278902788537552e-06,0.15951353109477684,5.059509841500217,5.09752915021064,18.17450415134325,18.631188049704928,-0.0001702632857683292,0.0023612659260256403,0.002332898305662745,-0.038158079338260376,-0.039105130781325825,-0.5813045399456703,-0.5812315664644103,0.0,0.0,4,UNCONFIGURED
1.7700000000000014,0.1300000000000001,0.0,0.0,-0.0027439744892000136,1.3800668393283998e-06,0.15951454594276968,5.257311973534618,5.29921937158316,20.080292258811227,20.557760753958043,-0.00014952876861433755,0.002112324119932037,0.00201402067315894,-0.04210636430349571,-0.04309416756376595,-0.6405675396883368,-0.6405081158234309,0.0,0.0,4,UNCONFIGURED
1.7800000000000014,0.1400000000000001,0.0,0.0,-0.003210214669066694,1.323755329031087e-06,0.15951519717865775,5.474918080790116,5.520898870989565,22.074815325143422,22.575217638920016,-0.00013327299213130951,0.001658359134068453,0.0015366300095682017,-0.046228839178126424,-0.047261663077717626,-0.7026105056044535,-0.7025671788969181,0.0,0.0,4,UNCONFIGURED
1.7900000000000014,0.1500000000000001,0.0,0.0,-0.0037201039436412105,1.2745262230455072e-06,0.1595156138279409,5.713290285779151,5.763547661421002,24.166938403193768,24.69246380287874,-0.00012187944155098347,0.0011627394946720855,0.001047552347903888,-0.0505425836640315,-0.05162448005185813,-0.7677017631927325,-0.7676734264595453,0.0,0.0,4,UNCONFIGURED
1.8000000000000014,0.16000000000000011,0.0,0.0,-0.004275793518555076,1.2387518348576362e-06,0.15951591230347087,5.9734811708045,6.028236763233983,26.36574616341084,26.91865513600405,-0.00011478272702028921,0.0007235608563771369,0.0006304358694170532,-0.0550640750493122,-0.05619903597363813,-0.8361152053721504,-0.8360988927809047,0.0,0.0,4,UNCONFIGURED
1.8100000000000014,0.17000000000000012,0.0,0.0,-0.004879616628654582,1.2169772549387222e-06,0.15951617550787467,6.256636899143494,6.316131499743987,28.680650613749407,29.26329441635033,-0.00011098753222125723,0.0003856201422126183,0.0003194071271058676,-0.05980969541160797,-0.061001730920677066,-0.9081330245731358,-0.9081252319409717,0.0,0.0,4,UNCONFIGURED
1.8200000000000014,0.18000000000000013,0.0,0.0,-0.005534093275628835,1.206740140112049e-06,0.15951645434686298,6.564001052643976,6.628495436903917,31.121456574796984,31.736288496892406,-0.00010942874350352587,0.00015657439164972956,0.00011541830525434261,-0.06479594996513317,-0.06604910895259551,-0.9840471987668954,-0.9840447062980404,0.0,0.0,4,UNCONFIGURED
1.8300000000000014,0.19000000000000014,0.0,0.0,-0.006241934964116865,1.2045659727224275e-06,0.15951677680351226,6.896918876336324,6.9666946826824985,33.69839828048067,34.34797957431728,-0.0001091810747129433,2.2362798112243385e-05,1.0541918407248714e-06,-0.07003948560268637,-0.07135783914082876,-1.0641600747321582,-1.0641603511373572,0.0,0.0,4,UNCONFIGURED
1.8400000000000014,0.20000000000000015,0.0,0.0,-0.007006048908433006,1.2071614674041103e-06,0.15951715735284294,7.256841732602701,7.33220236666955,36.42215778739562,37.109160309611894,-0.0001095496863382977,-4.0540570965088504e-05,-4.814614357029436e-05,-0.07555697938730749,-0.07694457971928548,-1.148784309220516,-1.1487856152756042,0.0,0.0,4,UNCONFIGURED
1.8500000000000014,0.21000000000000016,0.0,0.0,-0.007829541288910195,1.2119735581539754e-06,0.1595176040725647,7.645331641883821,7.7266031872953915,39.303872026681525,40.03107872162047,-0.0001100800154709632,-5.677477066307254e-05,-5.6272584337571446e-05,-0.08136494066478386,-0.08282576294338334,-1.2382423225679637,-1.2382436320069783,0.0,0.0,4,UNCONFIGURED
1.8600000000000014,0.22000000000000017,0.0,0.0,-0.008715719167165237,1.2173219363215292e-06,0.15951812311484528,8.064065825895396,8.151597946885262,42.355131881840876,43.12543551994251,-0.0001105218588318512,-4.734103316127684e-05,-4.306437637747602e-05,-0.08747944765532888,-0.08901731683357957,-1.3328653255509288,-1.3328661599976936,0.0,0.0,4,UNCONFIGURED
1.8700000000000014,0.23000000000000018,0.0,0.0,-0.009668090641160351,1.2222929023890617e-06,0.15951872110979515,8.514841181220929,8.609008002345664,45.58797411132257,46.40437420419616,-0.00011077482303166584,-2.7651087748337876e-05,-2.2504085813358996e-05,-0.0939158227543398,-0.09553432488386059,-1.4329919090760757,-1.4329921549494105,0.0,0.0,4,UNCONFIGURED
1.8800000000000014,0.24000000000000019,0.0,0.0,-0.010690362750987094,1.226535298800698e-06,0.15951940624381133,8.99957860478357,9.10077955018091,49.014865240683534,49.8804627482475,-0.00011083316306369699,-7.443369699129218e-06,-3.060244173399405e-06,-0.1006882400127149,-0.10239061529264994,-1.538966136334985,-1.538965883930689,0.0,0.0,4,UNCONFIGURED
1.8900000000000015,0.25000000000000017,0.0,0.0,-0.01178643654781881,1.230048042453381e-06,0.15952018862305586,9.52032707510389,9.62898764533471,52.64867552276649,53.56666479004484,-0.00011073991433924837,8.269444263683065e-06,1.1215548159057682e-05,-0.10780925193941077,-0.10959826579568319,-1.6511350431630987,-1.651134465891504,0.0,0.0,4,UNCONFIGURED
1.9000000000000015,0.2600000000000002,0.0,0.0,-0.012960398619902112,1.2330055039437512e-06,0.15952108032553797,10.079267369171115,10.19583982836799,56.502640477768274,57.47629773940418,-0.00011055406951135956,1.785874699141827e-05,1.932001654311645e-05,-0.115289219362084,-0.11716700730017456,-1.769845429190416,-1.7698447056650275,0.0,0.0,4,UNCONFIGURED
1.9100000000000015,0.2700000000000002,0.0,0.0,-0.014216508235808238,1.2356362534468802e-06,0.15952209536585787,10.678715267047146,10.803679207271465,60.590307197642915,61.62297493271478,-0.00011033054477696126,2.176058334981157e-05,2.2023433302970655e-05,-0.12313562645152196,-0.12510350820686664,-1.895439806067662,-1.8954390789400604,0.0,0.0,4,UNCONFIGURED
1.9200000000000015,0.2800000000000002,0.0,0.0,-0.015559179119629528,1.2381523109321224e-06,0.15952324967337697,11.321124066605343,11.454986810226123,64.92546241857666,66.0205288093497,-0.00011011054485319156,2.140145025698789e-05,2.0871176346283585e-05,-0.13135226249598586,-0.1334105210092125,-2.0282513575550527,-2.028250719278289,0.0,0.0,4,UNCONFIGURED
1.9300000000000015,0.2900000000000002,0.0,0.0,-0.016992954718271346,1.240717455016043e-06,0.15952456111285684,12.009086200125525,12.152382994865738,69.52203928351335,70.68291202582287,-0.00010991919406877266,1.8447523532937073e-05,1.7512282816200432e-05,-0.13993825237496132,-0.1420858733439433,-2.1685977592670374,-2.168597254688101,0.0,0.0,4,UNCONFIGURED
1.9400000000000015,0.3000000000000002,0.0,0.0,-0.01852247566135993,1.2434411467670165e-06,0.1595260495412773,12.74533371383245,12.898627669119078,74.39399973812384,75.6240734753598,-0.00010976744984710517,1.4362685901296371e-05,1.332467604737776e-05,-0.14888691905110535,-0.15112128732994,-2.316773704529281,-2.316773341853463,0.0,0.0,4,UNCONFIGURED
1.9500000000000015,0.3100000000000002,0.0,0.0,-0.020152437955575284,1.2463863034486511e-06,0.1595277368806156,13.532737342262545,13.696619050014398,79.55518967130308,80.85780639343324,-0.00010965592416828517,1.021251548127933e-05,9.267772269814388e-06,-0.15818446416230367,-0.16050101421457896,-2.4730419894616293,-2.473041753534526,0.0,0.0,4,UNCONFIGURED
1.9600000000000015,0.32000000000000023,0.0,0.0,-0.021887540306454522,1.2495823321210844e-06,0.15952964718284574,14.374303883628826,14.54939066213303,85.0191642965014,86.39756618082494,-0.00010957899237178541,6.636099512668663e-06,5.8840875474094286e-06,-0.16780845753831292,-0.17020027667444418,-2.637623028348701,-2.637622892593419,0.0,0.0,4,UNCONFIGURED
1.9700000000000015,0.33000000000000024,0.0,0.0,-0.02373241883468154,1.2530381201815614e-06,0.15953180666359734,15.27317156306697,15.460106259838572,90.7989819642082,92.25625635997476,-0.00010952826819957912,3.913022109905331e-06,3.3804110111559257e-06,-0.1777261339199041,-0.18018351935045732,-2.810682703639679,-2.8106826389454795,0.0,0.0,4,UNCONFIGURED
1.9800000000000015,0.34000000000000025,0.0,0.0,-0.025691567367665723,1.2567523671995968e-06,0.15953424368140842,16.232603061747188,16.432052351157957,96.90696570256287,98.4459823035207,-0.00010949506947712301,2.0688428069781914e-06,1.736419137689902e-06,-0.18789250615000072,-0.19040248017814343,-2.9923185080465924,-2.9923184882754446,0.0,0.0,4,UNCONFIGURED
1.9900000000000015,0.35000000000000026,0.0,0.0,-0.027769241462419395,1.2607204948498765e-06,0.15953698863903673,17.255975896362028,17.46862801149596,103.35443340999197,104.97777414287201,-0.00010947186253409364,9.81305333243782e-07,8.074577998844858e-07,-0.19824831949376853,-0.20079411165431793,-3.182544013756983,-3.182544018335711,0.0,0.0,4,UNCONFIGURED
2.0000000000000013,0.36000000000000026,0.0,0.0,-0.029969344378202863,1.2649384392506724e-06,0.1595400737817649,18.34676986148725,18.573331708442545,110.15139986948242,111.86128267322083,-0.00010945287230786149,4.667025844615891e-07,4.0456823479730124e-07,-0.20871789231749582,-0.2112784031154267,-3.38127180971377,-3.381271824124175,0.0,0.0,4,UNCONFIGURED
2.0100000000000002,0.3700000000000003,0.0,0.0,-0.032295293396100884,1.2694040945657944e-06,0.15954353286552217,19.50855130355731,19.749744921678513,117.30625668923682,119.10445517989452,-0.00010943411779621492,3.389757769089196e-07,3.468615809590292e-07,-0.21920691468805728,-0.22175618288332097,-3.588295184652665,-3.588295199664712,0.0,0.0,4,UNCONFIGURED
2.019999999999999,0.3800000000000003,0.0,0.0,-0.034749865207573706,1.2741172498381944e-06,0.15954740066569126,20.74495408675286,21.001512441419198,124.82543991572307,126.71320191836338,-0.0001094131231425408,4.42675158789155e-07,4.888226149334079e-07,-0.2296003086978861,-0.2321070127743036,-3.8032690006889216,-3.8032690110388723,0.0,0.0,4,UNCONFIGURED
2.029999999999998,0.3900000000000003,0.0,0.0,-0.03733501959241353,1.2790787265360066e-06,0.15955171229653517,22.059657244468593,22.332319371223697,132.71309934266,134.69106839031366,-0.00010938850227908385,6.653637831763625e-07,7.287144005787483e-07,-0.23976029194381948,-0.2421873262268144,-4.025690394871445,-4.025690397874992,0.0,0.0,4,UNCONFIGURED
2.039999999999997,0.4000000000000003,0.0,0.0,-0.04005170129795684,1.2842892152410034e-06,0.15955650231220062,23.456359489994263,23.74586505059853,140.97078826063495,143.0389333431967,-0.00010935954907422277,9.364250815584231e-07,1.0050545384543237e-06,-0.24952482708350604,-0.25182900339219644,-4.2548801534031035,-4.25488014778452,0.0,0.0,4,UNCONFIGURED
2.049999999999996,0.4100000000000003,0.0,0.0,-0.04289962092090806,1.2897481073169138e-06,0.15956180356420743,24.938750988147355,25.24583435033929,149.59719720830327,151.75475719042265,-0.00010932590399167431,1.2186633015965046e-06,1.2872376714896915e-06,-0.25870668299460703,-0.2608386188467168,-4.489965806907534,-4.489965791958546,0.0,0.0,4,UNCONFIGURED
2.0599999999999947,0.4200000000000003,0.0,0.0,-0.04587701666366751,1.2954524599402256e-06,0.15956764579815777,26.510483062431454,26.83586707436786,158.58795967396608,160.8334097375765,-0.00010928732163182146,1.4975524885311452e-06,1.5647291463738654e-06,-0.26709337256444793,-0.26899763555764383,-4.729867669032371,-4.729867644101866,0.0,0.0,4,UNCONFIGURED
2.0699999999999936,0.4300000000000003,0.0,0.0,-0.048980400041984624,1.3013961303515569e-06,0.1595740539848822,28.17513681980854,28.51952651438586,167.93556096637337,170.26660898255926,-0.00010924353353721808,1.771220241384213e-06,1.8375049474297367e-06,-0.2744482629201605,-0.27606384644205223,-4.973289151663588,-4.9732891159182735,0.0,0.0,4,UNCONFIGURED
2.0799999999999925,0.44000000000000034,0.0,0.0,-0.052204289878283267,1.3075690610414647e-06,0.15958104639879428,29.93619199944124,30.3002685284084,177.62938282331217,180.04300351776646,-0.00010919418538367174,2.042697704587349e-06,2.108946374594293e-06,-0.2805131692896498,-0.28177437544987877,-5.218712701011576,-5.218712653386309,0.0,0.0,4,UNCONFIGURED
2.0899999999999914,0.45000000000000034,0.0,0.0,-0.05554094010682879,1.3139566784493252e-06,0.15958863247864974,31.796997666754375,32.18141282361278,187.6559149481407,190.1484289132449,-0.00010913882321584698,2.3148316463766278e-06,2.381377167711417e-06,-0.28501273670294236,-0.2858505367206232,-5.464402574371648,-5.464402513632161,0.0,0.0,4,UNCONFIGURED
2.0999999999999903,0.46000000000000035,0.0,0.0,-0.05898006789340721,1.3205393695908246e-06,0.1595968105320664,33.760746647044634,34.16611838406397,197.99915990837894,200.56636281894077,-0.00010907690543982378,2.5875734267200152e-06,2.6538520251088895e-06,-0.28766087840355103,-0.2880048074650574,-5.708415391461569,-5.708415316318827,0.0,0.0,4,UNCONFIGURED
2.109999999999989,0.47000000000000036,0.0,0.0,-0.06250858916588503,1.327292012319853e-06,0.1596055653727767,35.830455787286,36.257365158283015,208.64124940711628,211.27859422024125,-0.00010900782219731512,2.8570589971318038e-06,2.921578687719384e-06,-0.28816947268527043,-0.2879500952208195,-5.948618939319518,-5.948618848554691,0.0,0.0,4,UNCONFIGURED
2.119999999999988,0.48000000000000037,0.0,0.0,-0.06611036869940884,1.334183547857825e-06,0.15961486600510452,38.008954216132544,38.457944176838026,219.56327811659563,222.26610974348898,-0.00010893090895579177,3.1158510496539584e-06,3.176361605676396e-06,-0.286259421630472,-0.2854113749837763,-6.182719104696315,-6.182718997272828,0.0,0.0,4,UNCONFIGURED
2.129999999999987,0.4900000000000004,0.0,0.0,-0.06976599126949416,1.3411765942439406e-06,0.15962466348892015,40.29888171435063,40.770458182675455,230.74634700947178,233.51018528022053,-0.00010884544503059882,3.35382093779479e-06,3.407579274422699e-06,-0.2816740520736599,-0.2801396440237377,-6.408294102404115,-6.4082939775558385,0.0,0.0,4,UNCONFIGURED
2.139999999999986,0.5000000000000003,0.0,0.0,-0.07345255900725434,1.3482271047792632e-06,0.1596348891250201,42.70269910059493,43.19733462023976,242.17279310926378,244.99365630861922,-0.00010875062957051516,3.559296664738318e-06,3.603358462300802e-06,-0.2741947030264323,-0.27192800526528066,-6.6228344407139845,-6.622834298006644,0.0,0.0,4,UNCONFIGURED
2.149999999999985,0.5100000000000003,0.0,0.0,-0.07714351797715045,1.3552840762248995e-06,0.15964545309035533,45.22271219152557,45.74085245922432,253.8275690233514,256.7023274431237,-0.00010864552674839848,3.72024731537793e-06,3.7517459706444656e-06,-0.2636582116145244,-0.26062956168063434,-6.823786413137607,-6.823786252504626,0.0,0.0,4,UNCONFIGURED
2.1599999999999837,0.5200000000000004,0.0,0.0,-0.08080851425672647,1.36228930847102e-06,0.15965624362087008,47.86111044571662,48.4031838647531,265.699725939747,268.6264733437515,-0.0001085289678670648,3.8253762555152796e-06,3.841768674899727e-06,-0.2499759006245594,-0.24617670366266328,-7.008596429389768,-7.00859625114562,0.0,0.0,4,UNCONFIGURED
2.1699999999999826,0.5300000000000004,0.0,0.0,-0.08441327662333968,1.369177211846085e-06,0.15966712678530415,50.62002090479656,51.18645122890658,277.78395012935533,280.76238119988136,-0.00010839938908817004,3.86506056285751e-06,3.864329600441369e-06,-0.23315360339980026,-0.22860131638570075,-7.174753278162902,-7.17475308299777,0.0,0.0,4,UNCONFIGURED
2.1799999999999815,0.5400000000000004,0.0,0.0,-0.08791951959623638,1.3758746515625572e-06,0.15967794681766115,53.50157757573214,54.09279962372145,290.08210684805755,293.1138907866316,-0.0001082545655113267,3.832103638400977e-06,3.8129127203935615e-06,-0.21331224966539597,-0.20805543666015364,-7.319825494464942,-7.319825283424853,0.0,0.0,4,UNCONFIGURED
2.1899999999999804,0.5500000000000004,0.0,0.0,-0.091284857309986,1.3823008120024872e-06,0.15968852688399068,56.50800603374677,57.12448440152721,302.6047572758253,305.69390169273964,-0.00010809116568743616,3.7222876114837655e-06,3.6840857226727183e-06,-0.1907085846287178,-0.18483195224152923,-7.44149138004334,-7.441491154500185,0.0,0.0,4,UNCONFIGURED
2.1999999999999793,0.5600000000000004,0.0,0.0,-0.09446271574123372,1.388367057453807e-06,0.15969867005819505,59.64172283900415,60.28397352524558,315.3726330149637,318.5258377251766,-0.00010790397189705475,3.5347224298754125e-06,3.4778000963507097e-06,-0.16575569965952053,-0.15938505490950566,-7.537559843803859,-7.537559605419992,0.0,0.0,4,UNCONFIGURED
2.209999999999978,0.5700000000000004,0.0,0.0,-0.09740222833524637,1.3939767608860196e-06,0.1597081601805039,62.9054494091076,63.57406431223563,328.4180769820554,331.64508380977605,-0.00010768442924771282,3.2720026971909544e-06,3.197504839773458e-06,-0.13904320320010444,-0.13235031711533574,-7.605981000853666,-7.605980751545846,0.0,0.0,4,UNCONFIGURED
2.219999999999977,0.5800000000000004,0.0,0.0,-0.10004809814509731,1.399025068540809e-06,0.1597167621790046,66.30234030880403,66.99801465079345,341.7864869852001,345.10043857740095,-0.00010741772417204781,2.940200265216504e-06,2.8501051283706476e-06,-0.11135703543505768,-0.1045644394346897,-7.644846289465417,-7.644846031372574,0.0,0.0,4,UNCONFIGURED
2.229999999999976,0.5900000000000004,0.0,0.0,-0.10234040817292502,1.403398565281762e-06,0.1597242213542561,69.83612651938797,70.55968940527193,355.537826501623,358.95565391182083,-0.00010707627326566928,2.5487409592502706e-06,2.4458194974823787e-06,-0.0836991054785828,-0.07708488756512336,-7.6523786400797,-7.652378375538378,0.0,0.0,4,UNCONFIGURED
2.239999999999975,0.6000000000000004,0.0,0.0,-0.10421436059434838,1.4069748036095628e-06,0.15973026106044894,73.51127512290219,74.26372364979193,369.7482940481102,373.2911590140284,-0.00010660310436630361,2.1102265179424267e-06,1.997998340801289e-06,-0.057307078830651295,-0.05120977605758027,-7.626913897087819,-7.6269136286181025,0.0,0.0,4,UNCONFIGURED
2.249999999999974,0.6100000000000004,0.0,0.0,-0.10559992485876116,1.4096216576697654e-06,0.15973457816081793,77.33316795155429,78.11570552934431,384.5122662648201,388.2060892344791,-0.00010586035323381849,1.6402724390613737e-06,1.5229764231373415e-06,-0.03367473605935364,-0.028498430577399324,-7.566875240527827,-7.566874970831062,0.0,0.0,4,UNCONFIGURED
2.2599999999999727,0.6200000000000004,0.0,0.0,-0.10642137429864074,1.4111964624073473e-06,0.15973683558628846,81.3083030626726,82.12238288773183,399.9446484228488,403.8207568506587,-0.00010441132843338112,1.1574330294427312e-06,1.0400284427685706e-06,-0.014573323495684014,-0.010793030258620004,-7.470742833045804,-7.470742565013542,0.0,0.0,4,UNCONFIGURED
2.2699999999999716,0.6300000000000004,0.0,0.0,-0.10659669113017609,1.4115448978105481e-06,0.1597366512879404,85.44452432351929,86.29189923384081,416.18377599089337,420.2797078860732,-9.977591739063205e-05,6.832693448077406e-07,5.71476848540908e-07,-0.0020741652018887924,-0.00024153074172687938,-7.33702145918152,-7.337021195912363,0.0,0.0,4,UNCONFIGURED
2.2799999999999705,0.6400000000000005,0.0,0.0,-0.10536247268676725,1.4105718556031783e-06,0.15999262838374606,89.716206128517,89.46474361443939,433.3950042779294,420.2156721589539,179.99979410546115,2.425862924912336e-07,6.686153719062641e-05,0.0014276002354733648,-0.0446234351929446,-5.665785768441577,-5.665783139255657,0.0,0.0,6,UNCONFIGURED
2.2899999999999694,0.6500000000000005,0.0,0.0,-0.10376197396398254,1.4105223748689884e-06,0.1609010352849088,87.59216078533146,87.36703033333077,212.92796345607755,152.0494275484609,179.9998623572588,4.419904976236637e-05,2.4702731639666757e-05,-0.09631944493946801,-0.0965889312962123,-2.763058841697375,-2.7630567764267573,0.0,0.0,2,UNCONFIGURED
2.2999999999999683,0.6600000000000005,0.0,0.0,-0.10403456669646788,1.412980327827253e-06,0.16174545925548978,87.0133045414126,87.01748813886485,36.077959920558484,12.81373486786659,179.9998676834263,-9.834452077643359e-06,-1.5966381071123854e-05,-0.08536834907511684,-0.0777542555587565,-1.7946162349217682,-1.7946141776894284,0.0,0.0,2,UNCONFIGURED
2.309999999999967,0.6700000000000005,0.0,0.0,-0.10530122931239104,1.4168086013751953e-06,0.16218288590608498,87.2377299257464,87.32678491260988,-30.557348411245904,-39.09629638823833,179.99987022293018,-2.4940753646916946e-05,-2.5958285324310153e-05,-0.04097330073262426,-0.02587164580365038,-1.4331851320483227,-1.4331830828229748,0.0,0.0,2,UNCONFIGURED
2.319999999999966,0.6800000000000005,0.0,0.0,-0.10701000256959714,1.4211459119407851e-06,0.1619233131627494,87.75710070792084,87.8772836847527,-54.88348725907639,-58.03446342202686,179.99987150399508,-2.5539594241247918e-05,-2.4639110574275006e-05,0.029063215700146593,0.0484809844790216,-1.2976061936473724,-1.2976041523978523,0.0,0.0,2,UNCONFIGURED
2.329999999999965,0.6900000000000005,0.0,0.0,-0.10891110573901162,1.4256128785208923e-06,0.16082010833280913,88.38850782921462,88.52231594052486,-64.34061119708429,-65.8171350115647,179.99987084544046,-2.10209810304875e-05,-1.978006473560444e-05,0.11212697861083638,0.1332375163424513,-1.2356463526173975,-1.2356443193126625,0.0,0.0,2,UNCONFIGURED
2.339999999999964,0.7000000000000005,0.0,0.0,-0.11072596950893708,1.4296487339594968e-06,0.1594090489881553,89.03478093985164,89.13796913535906,-63.735017996345235,-56.72773834162225,179.99986615647674,-1.6369329488023635e-05,-1.3591773004083202e-05,0.15769024394236703,0.12140517241903591,-0.8579939368962566,-0.8579922742122981,0.0,0.0,8,UNCONFIGURED
2.349999999999963,0.7100000000000005,0.0,0.0,-0.11195126645066661,1.4321463452583373e-06,0.15899798356156225,89.46785404539025,89.53291261187027,-40.04179350216431,-35.74416026655594,179.9998518336148,-5.907147916878044e-06,-4.370751909345214e-06,0.04320580729577377,0.027258186090931356,-0.31569301012262657,-0.31569218199395843,0.0,0.0,8,UNCONFIGURED
2.3599999999999617,0.7200000000000005,0.0,0.0,-0.11271425394034136,1.4336122563529422e-06,0.1590217776072512,89.73595605660212,89.77370054660078,-24.564926667283444,-21.370824993445588,179.9998131063449,-1.4540150319075735e-06,-8.548475168632371e-07,-0.0018465799625133161,-0.007248285653827678,-0.12899441925334212,-0.1289939928574791,0.0,0.0,8,UNCONFIGURED
2.3699999999999606,0.7300000000000005,0.0,0.0,-0.11312307622839039,1.4343656092853445e-06,0.15917860090970243,89.88084206848198,89.89887339501503,-12.748022630515646,-10.537749427404648,179.99971564016755,3.94755485543923e-07,4.090006629117493e-08,-0.015726208305388678,-0.016824431198637593,-0.053639028138944805,-0.05363881003672507,0.0,0.0,8,UNCONFIGURED
2.3799999999999595,0.7400000000000005,0.0,0.0,-0.11331090959042614,1.4347417902163172e-06,0.15934889073358324,89.94826177673475,89.95643819703731,-5.835696524434642,-4.791752031955285,179.99949795316897,-1.1269111260303755e-06,-1.3831363583838202e-06,-0.01719432259027722,-0.016773900030404756,-0.020752870016876354,-0.02075279565969374,0.0,0.0,8,UNCONFIGURED
2.3899999999999584,0.7500000000000006,0.0,0.0,-0.1133950628188946,1.4349468849183464e-06,0.1594924526820953,89.97870236205773,89.98233318730193,-2.628961395801919,-2.1456902620657012,179.9989794104179,-1.8226265714674475e-06,-1.8787153597220001e-06,-0.01452955342428966,-0.013667741869458827,-0.008539609518495314,-0.008539583406997822,0.0,0.0,8,UNCONFIGURED
2.3999999999999573,0.7600000000000006,0.0,0.0,-0.11343130659986375,1.4350633682523107e-06,0.15960022925158457,89.99185211270576,89.99328846760548,-1.1160578550357536,-0.880399431420303,179.99764262625027,-1.8097107951519366e-06,-1.7420014030226345e-06,-0.01091441563406111,-0.010060812154172236,-0.0038794427084593752,-0.0038794330576450062,0.0,0.0,8,UNCONFIGURED
2.409999999999956,0.7700000000000006,0.0,0.0,-0.11344451732642026,1.4351263546375942e-06,0.15967620808792496,89.99659816743133,89.99698007552709,-0.3774399146187684,-0.26573497577423655,179.99515455248144,-1.3985887985900549e-06,-1.278257179461211e-06,-0.007692921998214447,-0.007021473272446431,-0.0018710347839949494,-0.0018710311716359166,0.0,0.0,8,UNCONFIGURED
2.419999999999955,0.7800000000000006,0.0,0.0,-0.11344707535064165,1.4351572500464868e-06,0.15972818579652415,89.99743683813286,89.99736653674488,-0.0410538491233561,0.005413090251980136,179.9946607001761,-9.382586179188556e-07,-8.431238792610304e-07,-0.005261982988959688,-0.004780951936493453,-0.0008913665811717878,-0.0008913652227396221,0.0,0.0,8,UNCONFIGURED
2.429999999999954,0.7900000000000006,0.0,0.0,-0.1134452718886311,1.4351708249207643e-06,0.15976326734224242,89.99669530424624,89.99646894980752,0.08982836748098309,0.10475580933048317,179.99608691655743,-6.023281818829474e-07,-5.391000867218485e-07,-0.0035511043103444986,-0.0032203378410833043,-0.0003950880323771246,-0.0003950875230780358,0.0,0.0,8,UNCONFIGURED
2.439999999999953,0.8000000000000006,0.0,0.0,-0.11344212075558016,1.4351758307184574e-06,0.15978681997291802,89.99548494910101,89.99523569182328,0.1242773949303917,0.12531768206608906,179.99711757212697,-3.850854511044371e-07,-3.4559250320381533e-07,-0.0023839255486117084,-0.002160585576118277,-0.00014868350666459514,-0.00014868331979000368,0.0,0.0,8,UNCONFIGURED
2.4499999999999518,0.8100000000000006,0.0,0.0,-0.11343894414095149,1.4351769950864305e-06,0.15980261219927497,89.99428610904246,89.99406616136788,0.11807921179625652,0.11388514436237446,179.99768827974208,-2.506136264497433e-07,-2.2639296618577472e-07,-0.0015983687253018032,-0.001448649808512565,-3.330805260628539e-05,-3.3307988488341e-05,0.0,0.0,8,UNCONFIGURED
2.4599999999999507,0.8200000000000006,0.0,0.0,-0.11343623435701364,1.4351766858492025e-06,0.1598132067045794,89.99327260686127,89.99309657323593,0.0979778308757804,0.0925105736060495,179.99801155969627,-1.6804053922576936e-07,-1.5306524210769125e-07,-0.001072266341412074,-0.0009720874739200491,1.5130966849391875e-05,1.5130984791478929e-05,0.0,0.0,8,UNCONFIGURED
2.4699999999999496,0.8300000000000006,0.0,0.0,-0.11343410260240556,1.4351759905833389e-06,0.15982032282264563,89.99247976431978,89.99234632529699,0.07585082483035216,0.07074627240581484,179.99820450303255,-1.1654305816899175e-07,-1.0702833263729472e-07,-0.0007202093798671168,-0.0006531389603984756,3.104613999845552e-05,3.104614138979694e-05,0.0,0.0,8,UNCONFIGURED
2.4799999999999485,0.8400000000000006,0.0,0.0,-0.11343250296786607,1.4351753466969175e-06,0.1598251088381838,89.99188709778221,89.9917893377606,0.05632975916543861,0.05212841325602845,179.9983247232706,-8.336818727659419e-08,-7.707850736777358e-08,-0.0004843805639606943,-0.00043940774685991165,3.236905124320161e-05,3.2369047509096396e-05,0.0,0.0,8,UNCONFIGURED
2.4899999999999474,0.8500000000000006,0.0,0.0,-0.11343133870203663,1.435174885359604e-06,0.15982833143343303,89.9914569082064,89.99138691915024,0.0407065114603962,0.03746874712175808,179.99840196286635,-6.108227262696554e-08,-5.673926126150544e-08,-0.00032615000489958436,-0.0002959428530429382,2.804240101793395e-05,2.8042396426481757e-05,0.0,0.0,8,UNCONFIGURED
2.4999999999999463,0.8600000000000007,0.0,0.0,-0.11343050892371978,1.4351746086875767e-06,0.15983050329550985,89.99115092115547,89.99110162707302,0.028863040193312754,0.026465434122943644,179.99845262683056,-4.545863243398919e-08,-4.233985855601021e-08,-0.00021980829801883302,-0.0001994878280767517,2.2259546120092004e-05,2.225954210981877e-05,0.0,0.0,8,UNCONFIGURED
2.509999999999945,0.8700000000000007,0.0,0.0,-0.113429926390354,1.4351744752495142e-06,0.15983196798667043,89.99093642887563,89.99090212460011,0.02018595116767681,0.01845674280608405,179.9984863121292,-3.410481475367553e-08,-3.179820033283708e-08,-0.000148237728335349,-0.00013455130861837793,1.680004166349909e-05,1.6800038574036985e-05,0.0,0.0,8,UNCONFIGURED
2.519999999999944,0.8800000000000007,0.0,0.0,-0.11342952196814321,1.4351744376706967e-06,0.15983295620791865,89.99078768822667,89.99076402967562,0.013973818429835586,0.01274950420521663,179.99850890151347,-2.5642360161371424e-08,-2.3904832810965398e-08,-0.00010001565971984861,-9.078910350453879e-05,1.2275737039412275e-05,1.2275734812617385e-05,0.0,0.0,8,UNCONFIGURED
2.529999999999943,0.8900000000000007,0.0,0.0,-0.11342924355168053,1.43517445659982e-06,0.15983362314243477,89.99068538123653,89.99066917628225,0.009598803287931747,0.008743529875754759,179.99852412903888,-1.924284454960777e-08,-1.7922709535702862e-08,-6.749913228277248e-05,-6.127525733933361e-05,8.773087720628405e-06,8.773086182943673e-06,0.0,0.0,8,UNCONFIGURED
2.539999999999942,0.9000000000000007,0.0,0.0,-0.11342905310963941,1.4351745038651177e-06,0.1598340733149562,89.99061544990002,89.99060440872043,0.0065545406525108485,0.00596302629968193,179.99853442450632,-1.4375629509356674e-08,-1.3371089897439006e-08,-4.556119190059679e-05,-4.136113232352539e-05,6.171108294427038e-06,6.171107265484542e-06,0.0,0.0,8,UNCONFIGURED
2.5499999999999408,0.9100000000000007,0.0,0.0,-0.11342892348655396,1.4351745613067659e-06,0.15983437719638366,89.99056787787389,89.99056038561679,0.004455354252918309,0.004049356870969348,179.99854139601914,-1.0675428574094036e-08,-9.91350863504128e-09,-3.075538709276497e-05,-2.792040770154869e-05,4.290325456780403e-06,4.290324785614973e-06,0.0,0.0,8,UNCONFIGURED
2.5599999999999397,0.9200000000000007,0.0,0.0,-0.1134288355953882,1.4351746183444789e-06,0.15983458232898295,89.99053563588143,89.99053056766145,0.003017808887830915,0.002740764778853739,179.99854611967268,-7.874682630691573e-09,-7.300159710794688e-09,-2.0761201284099438e-05,-1.884741977547731e-05,2.9565942384078487e-06,2.956593810333489e-06,0.0,0.0,8,UNCONFIGURED
2.5699999999999386,0.9300000000000007,0.0,0.0,-0.11342877617521,1.435174669577058e-06,0.15983472079927535,89.99051384564162,89.99051042535564,0.002038572374640751,0.0018503707506613016,179.9985493204968,-5.768587194120877e-09,-5.338581505322633e-09,-1.4014414673723434e-05,-1.272245644161909e-05,2.0238385366725705e-06,2.0238382693893283e-06,0.0,0.0,8,UNCONFIGURED
2.5799999999999375,0.9400000000000007,0.0,0.0,-0.11342873609314277,1.4351747128587516e-06,0.15983481426733848,89.99049915130632,89.99049684737702,0.0013742529459518245,0.001246845620610697,179.99855148892,-4.196917141331179e-09,-3.877622796586974e-09,-9.459800236970602e-06,-8.587637791147316e-06,1.3782192819154585e-06,1.378219118570794e-06,0.0,0.0,8,UNCONFIGURED
2.5899999999999364,0.9500000000000007,0.0,0.0,-0.1134287091012239,1.4351747479228445e-06,0.15983487735622348,89.99048925809603,89.99048770808433,0.0009249916128962696,0.0008389689654866462,179.99855295736097,-3.0333668630097077e-09,-2.798174389361084e-09,-6.3851597558048805e-06,-5.796413698969601e-06,9.348324669229126e-07,9.348323693568951e-07,0.0,0.0,8,UNCONFIGURED
2.5999999999999353,0.9600000000000007,0.0,0.0,-0.1134286909470234,1.4351747754716732e-06,0.15983491993830537,89.99048260507291,89.99048156351711,0.0006218985006920963,0.0005639347326393242,179.99855395133073,-2.1788031443922334e-09,-2.0068947118000335e-09,-4.309688153974706e-06,-3.91228059136136e-06,6.321520576119047e-07,6.321520008555674e-07,0.0,0.0,8,UNCONFIGURED
2.609999999999934,0.9700000000000008,0.0,0.0,-0.11342867874773184,1.4351747966119998e-06,0.15983494867843254,89.99047813538246,89.99047743582652,0.0004177885208880863,0.00037879001794888256,179.99855462382902,-1.5558871262209285e-09,-1.4311242878739285e-09,-2.9087577257959466e-06,-2.640518669908207e-06,4.2647711764106345e-07,4.2647708566287555e-07,0.0,0.0,8,UNCONFIGURED
2.619999999999933,0.9800000000000008,0.0,0.0,-0.11342867055497204,1.4351748125343282e-06,0.15983496807578654,89.99047513389736,89.99047466428813,0.00028052072571379774,0.0002543108444810071,179.99855507863163,-1.1050709275353153e-09,-1.0151729285157689e-09,-1.963184692861864e-06,-1.7821387811680783e-06,2.8721418598842326e-07,2.8721416873288903e-07,0.0,0.0,8,UNCONFIGURED
2.629999999999932,0.9900000000000008,0.0,0.0,-0.11342866505496436,1.4351748243460752e-06,0.15983498116739034,89.99047311906098,89.99047280387124,0.00018829457534749362,0.00017069301111603856,179.9985553860913,-7.809860851292354e-10,-7.166268205700963e-10,-1.324985840190797e-06,-1.2027943881145222e-06,1.9317529813068493e-07,1.9317528938260777e-07,0.0,0.0,8,UNCONFIGURED
2.639999999999931,1.0000000000000007,0.0,0.0,-0.11342866136337872,1.4351748329993655e-06,0.15983499000315562,89.9904717668294,89.99047155530356,0.00012637144114273217,0.00011455677054014247,179.99855559387422,-5.494660439076203e-10,-5.036338965025386e-10,-8.942567048965878e-07,-8.117890727901653e-07,1.2980546896894833e-07,1.298054649798323e-07,0.0,0.0,8,UNCONFIGURED
2.6499999999999297,1.0100000000000007,0.0,0.0,-0.113428658885719,1.4351748392714503e-06,0.15983499596664494,89.9904708593287,89.99047071731722,8.481183811211846e-05,7.68837569545456e-05,179.9985557342538,-3.84933702100886e-10,-3.524667352312207e-10,-6.035567125750588e-07,-5.47899422044579e-07,8.716831304091213e-08,8.716831160233264e-08,0.0,0.0,8,UNCONFIGURED
2.6599999999999286,1.0200000000000007,0.0,0.0,-0.11342865722269643,1.4351748437775633e-06,0.1598349999916381,89.99047025018206,89.99047015487615,5.692532760101188e-05,5.160591490600069e-05,179.99855582907432,-2.686848477620692e-10,-2.4580563258701416e-10,-4.0736372814758277e-07,-3.698006351228079e-07,5.8512882707819454e-08,5.851288256306546e-08,0.0,0.0,8,UNCONFIGURED
2.6699999999999275,1.0300000000000007,0.0,0.0,-0.11342865610629664,1.43517484698931e-06,0.15983500270833473,89.99046984123768,89.99046977729509,3.821470292198838e-05,3.464554502964727e-05,179.99855589310752,-1.8685412856726435e-10,-1.7080323608138067e-10,-2.7495264652971855e-07,-2.4960102478993876e-07,3.926933578661329e-08,3.926933621861332e-08,0.0,0.0,8,UNCONFIGURED
2.6799999999999264,1.0400000000000007,0.0,0.0,-0.11342865535668825,1.4351748492637313e-06,0.15983500454204497,89.99046956669298,89.99046952370885,2.5660008937591652e-05,2.326493606535464e-05,179.99855593634402,-1.2955031758008683e-10,-1.1834256757551046e-10,-1.8558676772357502e-07,-1.6847641435026528e-07,2.635297239651116e-08,2.6352973019795874e-08,0.0,0.0,8,UNCONFIGURED
2.6899999999999253,1.0500000000000007,0.0,0.0,-0.1134286548532312,1.4351748508647913e-06,0.15983500577980236,89.99046938229088,89.99046935341863,1.723465768243448e-05,1.5627138068371766e-05,179.9985559655339,-8.956774789770365e-11,-8.176674062157356e-11,-1.2527124053817486e-07,-1.137227806508079e-07,1.768602305262874e-08,1.768602368996891e-08,0.0,0.0,8,UNCONFIGURED
2.6999999999999242,1.0600000000000007,0.0,0.0,-0.11342865451499692,1.435174851986459e-06,0.15983500661532227,89.99046925842761,89.9904692390777,1.1579245653843196e-05,1.050004242727672e-05,179.99855598523953,-6.176477142420487e-11,-5.6352326281916837e-11,-8.456140916064332e-08,-7.676663772901989e-08,1.1871184205522956e-08,1.1871184761186764e-08,0.0,0.0,8,UNCONFIGURED
2.709999999999923,1.0700000000000007,0.0,0.0,-0.11342865428769204,1.4351748527691469e-06,0.1598350071793433,89.99046917521564,89.99046916217559,7.782103764187902e-06,7.057372306808186e-06,179.99855599854234,-4.251530095072993e-11,-3.8772514021958746e-11,-5.708345482418378e-08,-5.1822086774855e-08,7.969850183246077e-09,7.969850632310391e-09,0.0,0.0,8,UNCONFIGURED
2.719999999999922,1.0800000000000007,0.0,0.0,-0.11342865413488597,1.4351748533134905e-06,0.15983500756010324,89.99046911923152,89.99046911047448,5.231863586449265e-06,4.745019700310263e-06,179.99855600752304,-2.921648822703972e-11,-2.6630008026607267e-11,-3.8535929567660136e-08,-3.498443474985423e-08,5.35204175062793e-09,5.352042106971547e-09,0.0,0.0,8,UNCONFIGURED
2.729999999999921,1.0900000000000007,0.0,0.0,-0.11342865403212829,1.435174853690374e-06,0.15983500781715754,89.99046908160304,89.99046907571405,3.518510459397937e-06,3.191359887814155e-06,179.99855601358482,-2.002261732247611e-11,-1.825165652204227e-11,-2.6015909421445392e-08,-2.36185032649409e-08,3.595144001662615e-09,3.5951442671645657e-09,0.0,0.0,8,UNCONFIGURED
2.73999999999992,1.1000000000000008,0.0,0.0,-0.11342865396300432,1.4351748539503142e-06,0.159835007990704,89.99046905640276,89.99046905238754,2.3670225338511324e-06,2.147107934560433e-06,179.9985560176759,-1.3697103713969163e-11,-1.2463850683062714e-11,-1.7564246804270046e-08,-1.594583054698031e-08,2.415735379031585e-09,2.415735584352019e-09,0.0,0.0,8,UNCONFIGURED
2.7499999999999187,1.1100000000000008,0.0,0.0,-0.11342865391649068,1.4351748541292181e-06,0.15983500810787593,89.99046903927118,89.99046903659436,1.5928806165443214e-06,1.4450008553014675e-06,179.99855602043718,-9.363439456499753e-12,-8.505952563879972e-12,-1.1858696471221832e-08,-1.0766106591850896e-08,1.623763838521189e-09,1.6237639725320301e-09,0.0,0.0,8,UNCONFIGURED
2.7599999999999176,1.1200000000000008,0.0,0.0,-0.11342865388518199,1.4351748542510573e-06,0.15983500818698887,89.99046902779916,89.99046902604012,1.0722505724872431e-06,9.72776534248901e-07,179.9985560222986,-6.331928784415818e-12,-5.749771302410467e-12,-8.006830415945106e-09,-7.269194402290054e-09,1.0917855749592585e-09,1.091785696076044e-09,0.0,0.0,8,UNCONFIGURED
2.7699999999999165,1.1300000000000008,0.0,0.0,-0.11342865386410173,1.4351748543352424e-06,0.15983500824040683,89.99046902011291,89.99046901888923,7.219967183757347e-07,6.550618477626814e-07,179.9985560235565,-4.353678722874392e-12,-3.9634609220594015e-12,-5.406296541489488e-09,-4.9082793038960866e-09,7.343280451362252e-10,7.343281498501638e-10,0.0,0.0,8,UNCONFIGURED
2.7799999999999154,1.1400000000000008,0.0,0.0,-0.11342865384990437,1.4351748543923426e-06,0.15983500827647645,89.99046901491226,89.99046901410924,4.86287775671063e-07,4.412340493286748e-07,179.99855602440442,-2.9297962224336004e-12,-2.686297250851063e-12,-3.6505127056678954e-09,-3.314261777957138e-09,4.940546745477077e-10,4.940547382768718e-10,0.0,0.0,8,UNCONFIGURED
2.7899999999999143,1.1500000000000008,0.0,0.0,-0.11342865384034008,1.435174854431601e-06,0.15983500830083266,89.99046901135596,89.9904690108206,3.2761479035390627e-07,2.9728010778692176e-07,179.9985560249774,-2.010215922200262e-12,-1.8171958273250233e-12,-2.465027279441295e-09,-2.237989136477544e-09,3.3249406194722617e-10,3.32494107963849e-10,0.0,0.0,8,UNCONFIGURED
2.7999999999999132,1.1600000000000008,0.0,0.0,-0.11342865383389537,1.4351748544584687e-06,0.1598350083172798,89.99046900894685,89.99046900856445,2.2076900243973955e-07,2.0033895578381237e-07,179.99855602536434,-1.3586241034575134e-12,-1.2402086221346056e-12,-1.664571573860011e-09,-1.5112691966884069e-09,2.2382314387258726e-10,2.2382315991454578e-10,0.0,0.0,8,UNCONFIGURED
2.809999999999912,1.1700000000000008,0.0,0.0,-0.11342865382955175,1.4351748544763195e-06,0.15983500832838646,89.990469007379,89.99046900714957,1.4880258582817036e-07,1.3503952240822817e-07,179.9985560256245,-9.025868929845461e-13,-8.16654788809227e-13,-1.1240754391678121e-09,-1.0205579236036695e-09,1.5070329146148794e-10,1.5070330740966604e-10,0.0,0.0,8,UNCONFIGURED
2.819999999999911,1.1800000000000008,0.0,0.0,-0.11342865382662362,1.4351748544884226e-06,0.15983500833588693,89.99046900642301,89.99046900623179,1.0031649353937754e-07,9.104238718570581e-08,179.99855602580013,-6.119788743264117e-13,-5.666499048020953e-13,-7.591015293625057e-10,-6.891993331796927e-10,1.0148927399243117e-10,1.0148928528498177e-10,0.0,0.0,8,UNCONFIGURED
2.82999999999991,1.1900000000000008,0.0,0.0,-0.11342865382464933,1.4351748544966951e-06,0.1598350083409522,89.9904690057347,89.99046900561996,6.764194981232044e-08,6.139133079970035e-08,179.9985560259189,-4.2339906903171867e-13,-3.7534149048051844e-13,-5.126427693701382e-10,-4.6543849073559894e-10,6.835456803393282e-11,6.835456903633644e-11,0.0,0.0,8,UNCONFIGURED
2.839999999999909,1.2000000000000008,0.0,0.0,-0.11342865382331793,1.4351748545007774e-06,0.15983500834437303,89.99046900523757,89.99046900519933,4.561792906350294e-08,4.140420597612857e-08,179.99855602599558,-2.261152593272285e-13,-1.9768217499647438e-13,-3.4621004518851294e-10,-3.143326299583403e-10,4.603943681335857e-11,4.603944914561274e-11,0.0,0.0,8,UNCONFIGURED
2.8499999999999077,1.2100000000000009,0.0,0.0,-0.11342865382241991,1.4351748545033695e-06,0.1598350083466833,89.99046900496988,89.99046900485517,3.076999796219196e-08,2.7928854122583228e-08,179.99855602604705,-1.4728018420253422e-13,-1.3820737417836814e-13,-2.338152546044536e-10,-2.1228769056775443e-10,3.1006891652720744e-11,3.100690865175857e-11,0.0,0.0,8,UNCONFIGURED
2.8599999999999066,1.2200000000000009,0.0,0.0,-0.11342865382181415,1.4351748545057008e-06,0.1598350083482436,89.99046900462572,89.99046900462572,2.0757927617611462e-08,1.884191428987479e-08,179.9985560260831,-1.2199919492684696e-13,-1.1883030929680357e-13,-1.5791128618957807e-10,-1.433725924379998e-10,2.0877883318026633e-11,2.0877902882488717e-11,0.0,0.0,8,UNCONFIGURED
2.8699999999999055,1.2300000000000009,0.0,0.0,-0.11342865382140545,1.435174854508149e-06,0.1598350083492974,89.99046900451101,89.99046900447277,1.4005466943558724e-08,1.2713085718662503e-08,179.99855602610927,-1.1202116097728492e-13,-1.1062324613268552e-13,-1.0664946684695253e-10,-9.683066461064254e-11,1.405146831197624e-11,1.405146825172854e-11,0.0,0.0,8,UNCONFIGURED
2.8799999999999044,1.2400000000000009,0.0,0.0,-0.11342865382112967,1.435174854510765e-06,0.15983500835000908,89.99046900439629,89.9904690043198,9.450744799096047e-09,8.578929465309872e-09,179.998556026129,-1.1064920412341719e-13,-1.1062456997997883e-13,-7.202946837072604e-11,-6.539829248129232e-11,9.44972207184438e-12,9.44973695876648e-12,0.0,0.0,8,UNCONFIGURED
2.8899999999999033,1.2500000000000009,0.0,0.0,-0.1134286538209436,1.4351748545135371e-06,0.15983500835048978,89.9904690043198,89.99046900428156,6.377839095633224e-09,5.789619692634413e-09,179.99855602614457,-1.1207555702735689e-13,-1.1214241112098899e-13,-4.864855028405435e-11,-4.4170074850799383e-11,6.34692369759411e-12,6.346933974654136e-12,0.0,0.0,8,UNCONFIGURED
2.899999999999902,1.260000000000001,0.0,0.0,-0.113428653820818,1.4351748545163255e-06,0.15983500835081443,89.99046900428156,89.99046900428156,4.304485850258801e-09,3.907594367193687e-09,179.99855602615693,-1.112794891997211e-13,-1.1101898269734678e-13,-3.285768509160174e-11,-2.983298865610573e-11,4.2544154970906565e-12,4.254419073043998e-12,0.0,0.0,8,UNCONFIGURED
2.909999999999901,1.270000000000001,0.0,0.0,-0.11342865382073325,1.4351748545176355e-06,0.1598350083510337,89.99046900428156,89.99046900428156,2.9054261538850498e-09,2.637610116993678e-09,179.99855602616398,-5.077277829711288e-14,-3.880293692398488e-14,-2.2192583050497245e-11,-2.0149825576329266e-11,2.843032940067923e-12,2.8430241473943998e-12,0.0,0.0,8,UNCONFIGURED
2.9199999999999,1.280000000000001,0.0,0.0,-0.11342865382067606,1.4351748545180584e-06,0.15983500835118183,89.99046900424332,89.99046900424332,1.961320383571753e-09,1.7805411101510698e-09,179.99855602616768,-1.736524113686645e-14,-1.3219541081982802e-14,-1.4989704868446897e-11,-1.3609879702032729e-11,1.891215570562506e-12,1.8912115421820217e-12,0.0,0.0,8,UNCONFIGURED
2.929999999999899,1.290000000000001,0.0,0.0,-0.11342865382063747,1.4351748545181484e-06,0.15983500835128184,89.99046900424332,89.9904690042051,1.3240134569499154e-09,1.2019833737919036e-09,179.99855602616984,-5.816393967804136e-15,-3.905957008451839e-15,-1.0124198921737841e-11,-9.192353754766838e-12,1.2489364764583062e-12,1.2489156211860315e-12,0.0,0.0,8,UNCONFIGURED
2.939999999999898,1.300000000000001,0.0,0.0,-0.1134286538206114,1.4351748545181412e-06,0.15983500835135128,89.9904690042051,89.9904690042051,8.936624529277528e-10,8.112060306747394e-10,179.99855602617112,-6.810271050213674e-17,2.388818965204692e-16,-6.83853787572888e-12,-6.209272411255549e-12,-3.687247313344979e-13,-3.6869600701264604e-13,0.0,0.0,8,UNCONFIGURED
2.9499999999998967,1.310000000000001,0.0,0.0,-0.11342865382059394,1.4351748545181056e-06,0.1598350083514016,89.99046900416685,89.99046900416685,6.745623501150036e-10,5.965582076240007e-10,179.998556026172,1.2948088715079171e-15,1.4679572313620545e-15,-5.091134340282532e-12,-4.518139851541208e-12,1.7515391786994004e-13,1.7514556496242127e-13,0.0,0.0,8,UNCONFIGURED
2.9599999999998956,1.320000000000001,0.0,0.0,-0.11342865382058331,1.4351748545180817e-06,0.15983500835144,89.99046900416685,89.99046900416685,5.397048886592714e-10,4.5835502243709406e-10,179.99855602617248,3.756176500793526e-15,3.411360658072531e-15,-3.880672914415357e-12,-3.3363275166747114e-12,-1.3882912338054538e-13,-1.3878817843150173e-13,0.0,0.0,8,UNCONFIGURED
2.9699999999998945,1.330000000000001,0.0,0.0,-0.1134286538205779,1.4351748545180226e-06,0.15983500835146777,89.99046900416685,89.99046900416685,4.708177597749863e-10,3.845846904375997e-10,179.99855602617316,-2.4535115247649956e-15,-2.2273175775310954e-15,-3.0771680502547898e-12,-2.5661754364895998e-12,-1.0008737188793165e-13,-1.0004910422436938e-13,0.0,0.0,8,UNCONFIGURED
2.9799999999998934,1.340000000000001,0.0,0.0,-0.11342865382057657,1.435174854517971e-06,0.15983500835148762,89.99046900416685,89.99046900416685,4.2091651743424077e-10,3.688407957373272e-10,179.99855602617376,-5.3461441706806234e-15,-3.823376310355639e-15,-2.4337771394615895e-12,-2.131345398644257e-12,3.6525087394627457e-13,3.6533421352244964e-13,0.0,0.0,8,UNCONFIGURED
2.9899999999998923,1.350000000000001,0.0,0.0,-0.11342865382057842,1.4351748545179065e-06,0.15983500835150144,89.99046900416685,89.99046900416685,1.353098967650121e-10,4.1172475539108726e-10,179.99855602617424,-1.5749792800194815e-16,-4.721993661488266e-15,-9.266447059393952e-13,-1.993924235991461e-12,1.362746228601871e-12,1.3628607562154563e-12,0.0,0.0,8,UNCONFIGURED
2.999999999999891,1.360000000000001,0.0,0.0,-0.11342865382058273,1.4351748545178468e-06,0.15983500835151077,89.99046900416685,89.99046900416685,1.1610655914313404e-10,5.744710481571982e-11,179.99855602617458,-4.935835117053381e-16,-5.1655138646673474e-17,-6.678299368267065e-13,-4.001508035764191e-13,3.0379246262182988e-12,3.0379967250336635e-12,0.0,0.0,8,UNCONFIGURED
3.00999999999989,1.370000000000001,0.0,0.0,-0.11342865382058893,1.435174854517793e-06,0.15983500835151657,89.99046900416685,89.99046900416685,1.3343968151192148e-10,5.747886300038263e-11,179.9985560261749,-1.521045220439274e-15,-1.3160494585289279e-15,-5.889803996231609e-13,-2.8369570187284503e-13,9.579573521586893e-13,9.579850135729558e-13,0.0,0.0,8,UNCONFIGURED
3.019999999999889,1.380000000000001,0.0,0.0,-0.11342865382059689,1.435174854517724e-06,0.15983500835152084,89.99046900416685,89.99046900416685,1.9250578859318361e-10,1.058118459931635e-10,179.99855602617527,-5.0828770024931515e-15,-2.946038739270915e-15,-6.970519511713099e-13,-3.7650014662509563e-13,1.7148518644485111e-12,1.7149035415043584e-12,0.0,0.0,8,UNCONFIGURED
3.029999999999888,1.390000000000001,0.0,0.0,-0.11342865382060624,1.4351748545176592e-06,0.15983500835152414,89.99046900416685,89.99046900416685,2.390569314999946e-10,1.933572798047067e-10,179.9985560261757,-6.468772403166443e-15,-6.393560249419772e-15,-7.703228174402978e-13,-6.074348080178426e-13,2.93504442026067e-12,2.9350994273976856e-12,0.0,0.0,8,UNCONFIGURED
3.039999999999887,1.400000000000001,0.0,0.0,-0.1134286538206155,1.435174854517562e-06,0.15983500835152403,89.99046900416685,89.99046900416685,-5.455667709920585e-11,-9.975193252083923e-11,179.998556026176,-2.2149504643234908e-15,-9.53066364243378e-16,2.390880686879058e-13,3.918718957057107e-13,4.690051814562005e-12,4.690111989622143e-12,0.0,0.0,8,UNCONFIGURED
3.0499999999998857,1.410000000000001,0.0,0.0,-0.11342865382062532,1.43517485451742e-06,0.1598350083515234,89.99046900416685,89.99046900416685,2.1437042043613577e-12,-6.073964178474093e-11,179.99855602617637,-6.3361721337402706e-15,-3.4083542595113932e-15,6.037842164939567e-14,2.642890062251367e-13,1.4314764420372378e-12,1.4314952448383263e-12,0.0,0.0,8,UNCONFIGURED
3.0599999999998846,1.420000000000001,0.0,0.0,-0.11342865382063706,1.4351748545172418e-06,0.15983500835152545,89.99046900416685,89.99046900416685,8.556122148182884e-11,-3.648993506696167e-13,179.9985560261771,-9.676424805927238e-15,-7.817265969146989e-15,-2.033476429481028e-13,6.865483427773031e-14,2.2749333212193825e-12,2.274974611499043e-12,0.0,0.0,8,UNCONFIGURED
3.0699999999998835,1.430000000000001,0.0,0.0,-0.11342865382064832,1.435174854517036e-06,0.15983500835152542,89.99046900416685,89.99046900416685,1.409220505126228e-10,1.0389777005437988e-10,179.99855602617785,-1.8146442808885376e-14,-1.6959024239268922e-14,-3.784255613394985e-13,-2.643255235990282e-13,3.436780535055479e-12,3.436773924704587e-12,0.0,0.0,8,UNCONFIGURED
3.0799999999998824,1.440000000000001,0.0,0.0,-0.11342865382065881,1.4351748545168568e-06,0.1598350083515234,89.99046900416685,89.99046900416685,-1.1088784421526252e-10,-1.4824922146999688e-10,179.99855602617833,-5.923302906554473e-15,-4.336926155581387e-15,4.018034116287378e-13,5.160331484098782e-13,5.136802027073365e-12,5.136673353741063e-12,0.0,0.0,8,UNCONFIGURED
3.0899999999998813,1.450000000000001,0.0,0.0,-0.1134286538206693,1.4351748545166633e-06,0.15983500835152165,89.99046900416685,89.99046900416685,-4.256116048184835e-11,-9.679327050865192e-11,179.99855602617893,-1.0496475649393437e-14,-7.667780006584894e-15,1.7675056105979684e-13,3.4341663391701315e-13,1.5534576413649699e-12,1.5534127990903432e-12,0.0,0.0,8,UNCONFIGURED
3.09999999999988,1.460000000000001,0.0,0.0,-0.1134286538206812,1.4351748545152272e-06,0.15983500835152278,89.99046900416685,89.99046900416685,4.692723240067338e-11,-2.935258699416152e-11,179.9985560261776,4.463037086468864e-14,4.313092783432634e-14,-1.086282413049325e-13,1.2554368237255169e-13,2.361108985230541e-12,2.3610721733779047e-12,0.0,0.0,8,UNCONFIGURED
3.109999999999879,1.470000000000001,0.0,0.0,-0.11342865382069228,1.4351748545143392e-06,0.1598350083515224,89.99046900416685,89.99046900416685,1.0747491452486591e-10,7.540230338973305e-11,179.99855602617572,3.759285545618903e-14,3.2147562610640696e-14,-2.992747606661539e-13,-2.0195132567340509e-13,3.456561545145321e-12,3.456451371661788e-12,0.0,0.0,8,UNCONFIGURED
3.119999999999878,1.480000000000001,0.0,0.0,-0.11342865382070359,1.4351748545139712e-06,0.15983500835152256,89.99046900416685,89.99046900416685,-1.167992074663639e-10,2.150764489846538e-10,179.99855602617455,1.658964321255941e-14,2.4345368288574258e-14,3.8466922350381604e-13,-6.319748044748492e-13,5.09594330019964e-12,5.0958189958315645e-12,0.0,0.0,8,UNCONFIGURED
3.129999999999877,1.490000000000001,0.0,0.0,-0.11342865382071385,1.4351748545138238e-06,0.15983500835152042,89.99046900416685,89.99046900416685,-6.134661031827132e-11,-1.1139291713638454e-10,179.9985560261738,1.1391651462107507e-14,8.904752803451384e-15,2.10241763702784e-13,3.6204482021399356e-13,1.5461088959983526e-12,1.5460663124923031e-12,0.0,0.0,8,UNCONFIGURED
3.139999999999876,1.500000000000001,0.0,0.0,-0.11342865382072538,1.4351748545138327e-06,0.15983500835152112,89.99046900416685,89.99046900416685,2.65969081603404e-11,-4.349057944974561e-11,179.99855602617288,1.5890634369372985e-14,1.2871085819285481e-14,-6.42256858454739e-14,1.4941493264965082e-13,2.250960843138186e-12,2.250891780611304e-12,0.0,0.0,8,UNCONFIGURED
3.1499999999998747,1.5100000000000011,0.0,0.0,-0.11342865382073736,1.4351748545139568e-06,0.15983500835152256,89.99046900416685,89.99046900416685,1.3475338860750516e-10,4.691982015855335e-11,179.99855602617197,2.0632674189659606e-14,1.5773892794833445e-14,-3.9591819624424496e-13,-1.282481300901903e-13,3.302062301542139e-12,3.3020208181383714e-12,0.0,0.0,8,UNCONFIGURED
3.1599999999998736,1.5200000000000011,0.0,0.0,-0.11342865382074847,1.435174854514075e-06,0.15983500835152215,89.99046900416685,89.99046900416685,-1.3238040011675203e-10,1.8089202663457153e-10,179.99855602617114,8.316723185459575e-15,2.2419428640711782e-14,4.172538200843956e-13,-5.415809808684752e-13,4.752511390165589e-12,4.75244840420336e-12,0.0,0.0,8,UNCONFIGURED
3.1699999999998725,1.5300000000000011,0.0,0.0,-0.11342865382075859,1.4351748545141546e-06,0.15983500835151973,89.99046900416685,89.99046900416685,-7.592359450569263e-11,-1.2185853243172786e-10,179.9985560261704,1.0007572606547441e-14,7.95728440425184e-15,2.4148370397912806e-13,3.81475518380123e-13,1.4346021872105755e-12,1.4345852603178137e-12,0.0,0.0,8,UNCONFIGURED
3.1799999999998714,1.5400000000000011,0.0,0.0,-0.11342865382076978,1.4351748545143352e-06,0.15983500835151998,89.99046900416685,89.99046900416685,1.0458553455059977e-11,-5.4160997864741344e-11,179.99855602616955,1.421895952499326e-14,1.1767856024122779e-14,-2.2594129655971924e-14,1.7447654527158072e-13,2.086389118176243e-12,2.0863865322765806e-12,0.0,0.0,8,UNCONFIGURED
3.1899999999998703,1.5500000000000012,0.0,0.0,-0.11342865382078127,1.435174854515085e-06,0.1598350083515211,89.99046900416685,89.99046900416685,1.1373689698547843e-10,3.266296640932017e-11,179.99855602616955,7.149150933361121e-15,-2.0522402735815847e-14,-3.4074361955266427e-13,-9.294550953562081e-14,3.0747509948996873e-12,3.0748094281677604e-12,0.0,0.0,8,UNCONFIGURED
3.199999999999869,1.5600000000000012,0.0,0.0,-0.1134286538207919,1.4351748545158084e-06,0.1598350083515205,89.99046900416685,89.99046900416685,-1.3238325631337495e-10,1.6005490497630736e-10,179.9985560261698,-9.042628033300003e-15,3.827952123061235e-15,4.105783046512285e-13,-4.86398331760821e-13,4.427430262519181e-12,4.427553890719001e-12,0.0,0.0,8,UNCONFIGURED
3.209999999999868,1.5700000000000012,0.0,0.0,-0.11342865382080262,1.4351748545162468e-06,0.1598350083515203,89.99046900416685,89.99046900416685,-7.768372725004332e-11,-1.1999546421721408e-10,179.99855602616955,1.6013150833235683e-15,1.5582379141913076e-15,2.4083643116729716e-13,3.7051653970359046e-13,6.4636872361159555e-12,6.463861569533467e-12,0.0,0.0,8,UNCONFIGURED
3.219999999999867,1.5800000000000012,0.0,0.0,-0.11342865382081342,1.4351748545167603e-06,0.15983500835152006,89.99046900416685,89.99046900416685,-7.869697817556879e-12,-7.01206541315096e-11,179.99855602616947,9.10190181485639e-15,-1.4307260529298372e-14,2.3916461155398947e-14,2.150445672177571e-13,1.9802984201546396e-12,1.9803439448740133e-12,0.0,0.0,8,UNCONFIGURED
3.229999999999866,1.5900000000000012,0.0,0.0,-0.11342865382082455,1.435174854517228e-06,0.1598350083515206,89.99046900416685,89.99046900416685,8.787639518344478e-11,1.2824008626645875e-11,179.99855602617012,-1.198707244034937e-14,-9.12094441267e-15,-2.692663224429283e-13,-3.901614348763278e-14,2.8502915269681842e-12,2.8504142727570604e-12,0.0,0.0,8,UNCONFIGURED
3.2399999999998648,1.6000000000000012,0.0,0.0,-0.11342865382083601,1.4351748545175004e-06,0.15983500835152173,89.99046900416685,89.99046900416685,1.6124977874333989e-10,1.2338040651530716e-10,179.9985560261703,-1.220834776526086e-15,-5.045733086378854e-16,-4.94718105687331e-13,-3.7838057459610774e-13,4.152922656043907e-12,4.15311890032813e-12,0.0,0.0,8,UNCONFIGURED
3.2499999999998637,1.6100000000000012,0.0,0.0,-0.11342865382084659,1.4351748545176727e-06,0.15983500835152079,89.99046900416685,89.99046900416685,-9.825206359148566e-11,-1.3717652540746264e-10,179.9985560261701,5.786683796364887e-16,8.847981323407123e-17,3.021374845779785e-13,4.216929265446954e-13,5.93697484186376e-12,5.937196348328966e-12,0.0,0.0,8,UNCONFIGURED
3.2599999999998626,1.6200000000000012,0.0,0.0,-0.11342865382085718,1.43517485451781e-06,0.15983500835151987,89.99046900416685,89.99046900416685,-2.814057632836327e-11,-8.537178900573809e-11,179.9985560261696,6.600806698352977e-15,6.45838717942409e-15,8.7348083673346e-14,2.628844133963538e-13,1.8110775799291154e-12,1.811138286786367e-12,0.0,0.0,8,UNCONFIGURED
3.2699999999998615,1.6300000000000012,0.0,0.0,-0.11342865382086932,1.4351748545182566e-06,0.1598350083515218,89.99046900416685,89.99046900416685,6.275581576035389e-11,-1.7682290156706386e-11,179.9985560261694,1.3233758958731041e-14,-1.2122124070927253e-14,-1.9402505939133183e-13,5.319197629621175e-14,2.658472284846896e-12,2.6586048802922325e-12,0.0,0.0,8,UNCONFIGURED
3.2799999999998604,1.6400000000000012,0.0,0.0,-0.11342865382088069,1.4351748545186742e-06,0.15983500835152206,89.99046900416685,89.99046900416685,1.2408208265063421e-10,8.974298323638521e-11,179.9985560261698,-7.464437501039165e-15,-6.204988265203447e-15,-3.817764686857301e-13,-2.7634120929285224e-13,3.806212199111472e-12,3.806400883059135e-12,0.0,0.0,8,UNCONFIGURED
3.2899999999998593,1.6500000000000012,0.0,0.0,-0.11342865382089115,1.4351748545188643e-06,0.1598350083515205,89.99046900416685,89.99046900416685,-1.1381770541649693e-10,-1.4884617097931596e-10,179.9985560261699,-1.5828590440514474e-15,-6.223895349987007e-16,3.492335429187503e-13,4.572655756514179e-13,5.442157223173895e-12,5.442555119318966e-12,0.0,0.0,8,UNCONFIGURED
3.299999999999858,1.6600000000000013,0.0,0.0,-0.11342865382090149,1.4351748545189547e-06,0.15983500835151918,89.99046900416685,89.99046900416685,-4.2540591927675135e-11,-9.484691063033542e-11,179.99855602616998,-2.1407401409585576e-15,-1.122808545671721e-15,1.3308833619950326e-13,2.9362926825771895e-13,1.648989839144936e-12,1.6491125611896824e-12,0.0,0.0,8,UNCONFIGURED
3.309999999999857,1.6700000000000013,0.0,0.0,-0.11342865382091318,1.4351748545190773e-06,0.15983500835152062,89.99046900416685,89.99046900416685,4.746964099377913e-11,-2.6850359152102142e-11,179.9985560261697,5.340067852382245e-15,4.493488351949662e-15,-1.4271266239785844e-13,8.53953855386239e-14,2.435216327879565e-12,2.4353530637262652e-12,0.0,0.0,8,UNCONFIGURED
3.319999999999856,1.6800000000000013,0.0,0.0,-0.11342865382092403,1.4351748545191781e-06,0.15983500835152056,89.99046900416685,89.99046900416685,1.0779582258048481e-10,7.631605129819629e-11,179.99855602616933,8.172890016752866e-15,8.068044327246944e-15,-3.290439506118436e-13,-2.3293132728275596e-13,3.507622020670786e-12,3.5078517361314915e-12,0.0,0.0,8,UNCONFIGURED
3.329999999999855,1.6900000000000013,0.0,0.0,-0.11342865382093509,1.435174854518866e-06,0.15983500835152104,89.99046900416685,89.99046900416685,-1.1222983968688571e-10,2.122976864270528e-10,179.99855602618123,3.4341865697288473e-15,-5.573825596087506e-13,3.455951306773218e-13,-6.540149835666817e-13,5.12415951601286e-12,5.124521778928769e-12,0.0,0.0,8,UNCONFIGURED
3.3399999999998538,1.7000000000000013,0.0,0.0,-0.11342865382094512,1.4351748545162216e-06,0.15983500835151923,89.99046900416685,89.99046900416685,-5.866790615180982e-11,-1.0778338926973292e-10,179.99855602618996,-1.4884836826306253e-13,-6.396904944370574e-14,1.7906701687176546e-13,3.3013066089016426e-13,1.5562651943941431e-12,1.5563668195457115e-12,0.0,0.0,8,UNCONFIGURED
3.3499999999998527,1.7100000000000013,0.0,0.0,-0.11342865382095642,1.435174854508146e-06,0.15983500835152006,89.99046900416685,89.99046900416685,2.6718853954763787e-11,-4.1939835691761176e-11,179.9985560262044,-2.38764912159107e-13,-1.3164517896738997e-13,-8.22545738791617e-14,1.2865377749269219e-13,2.249337233097748e-12,2.2493162570198632e-12,0.0,0.0,8,UNCONFIGURED
3.3599999999998515,1.7200000000000013,0.0,0.0,-0.11342865382096813,1.435174854496631e-06,0.15983500835152162,89.99046900416685,89.99046900416685,1.3098964286377678e-10,4.5049679340814e-11,179.99855602622327,-4.5090578001446513e-13,-3.067576491840272e-13,-3.999535172165243e-13,-1.3688878789464913e-13,3.2858697343195865e-12,3.285229378597043e-12,0.0,0.0,8,UNCONFIGURED
3.3699999999998504,1.7300000000000013,0.0,0.0,-0.11342865382097903,1.4351748544847041e-06,0.1598350083515213,89.99046900416685,89.99046900416685,-1.302886373682876e-10,1.7671502640051152e-10,179.99855602623822,-1.0255051419542863e-14,-6.376702323278068e-13,3.9997973449692485e-13,-5.407870703431548e-13,4.697307478468583e-12,4.695327939792731e-12,0.0,0.0,8,UNCONFIGURED
3.3799999999998493,1.7400000000000013,0.0,0.0,-0.11342865382099011,1.435174854469483e-06,0.15983500835152134,89.99046900416685,89.99046900416685,-7.496845357756974e-11,-1.200812191009504e-10,179.99855602625485,-8.426986592114044e-14,1.6606741886524073e-14,2.2983357224910514e-13,3.6789870054225106e-13,6.809633494383796e-12,6.805137116880173e-12,0.0,0.0,8,UNCONFIGURED
3.3899999999998482,1.7500000000000013,0.0,0.0,-0.11342865382100133,1.4351748544510155e-06,0.15983500835152126,89.99046900416685,89.99046900416685,-2.128515401478889e-12,-6.83769749108268e-11,179.9985560262716,-2.9055351725835074e-13,-9.095109139541907e-14,7.427235406951107e-15,2.1016888769168736e-13,2.092024070583843e-12,2.090619835666524e-12,0.0,0.0,8,UNCONFIGURED
3.399999999999847,1.7600000000000013,0.0,0.0,-0.11342865382101294,1.4351748544259878e-06,0.15983500835152195,89.99046900416685,89.99046900416685,9.873448306610936e-11,1.891538184833957e-11,179.9985560262956,-6.479635782606667e-13,-3.9077642531215126e-13,-3.021333522443396e-13,-5.721235285955783e-14,3.0031081834410008e-12,3.0002817758337363e-12,0.0,0.0,8,UNCONFIGURED
3.409999999999846,1.7700000000000014,0.0,0.0,-0.1134286538210237,1.4351748543981102e-06,0.15983500835152104,89.99046900416685,89.99046900416685,-1.4240846765419314e-10,1.4623583543454427e-10,179.99855602632317,2.0105883822073257e-13,-1.5384630991803144e-12,4.3776231872995013e-13,-4.46236700082925e-13,4.319971474468698e-12,4.314433008041398e-12,0.0,0.0,8,UNCONFIGURED
3.419999999999845,1.7800000000000014,0.0,0.0,-0.1134286538210345,1.435174854364687e-06,0.15983500835152054,89.99046900416685,89.99046900416685,-8.555179592310039e-11,-1.265499112662192e-10,179.9985560263675,-2.806421711676789e-13,-4.8888392314693017e-14,2.6490582786206697e-13,3.908556231060629e-13,6.3132691721855226e-12,6.302058581504676e-12,0.0,0.0,8,UNCONFIGURED
3.429999999999844,1.7900000000000014,0.0,0.0,-0.11342865382104529,1.435174854322636e-06,0.15983500835152006,89.99046900416685,89.99046900416685,-1.3810704912528297e-11,-7.461955157704678e-11,179.9985560264105,-7.229445129280097e-13,-3.0091825030468377e-13,4.4620289687627176e-14,2.3121238212981785e-13,1.929935302206656e-12,1.9264541187709347e-12,0.0,0.0,8,UNCONFIGURED
3.4399999999998427,1.8000000000000014,0.0,0.0,-0.11342865382105637,1.4351748542677398e-06,0.15983500835152042,89.99046900416685,89.99046900416685,8.307894188267172e-11,9.327218168293304e-12,179.9985560264718,-1.6002072489808266e-12,-9.692906612651962e-13,-2.499268096673826e-13,-2.464639674458994e-14,2.7842470610817365e-12,2.7774029470038e-12,0.0,0.0,8,UNCONFIGURED
3.4499999999998416,1.8100000000000014,0.0,0.0,-0.11342865382106777,1.4351748541970248e-06,0.15983500835152145,89.99046900416685,89.99046900416685,1.5688479028537653e-10,1.1966560140675526e-10,179.99855602655563,-2.6379287518383252e-12,-2.2780466695162147e-12,-4.783148127001441e-13,-3.645875646725512e-13,4.069691301671249e-12,4.056659941222933e-12,0.0,0.0,8,UNCONFIGURED
3.4599999999998405,1.8200000000000014,0.0,0.0,-0.11342865382107827,1.4351748541224324e-06,0.15983500835152045,89.99046900416685,89.99046900416685,-9.88463036889932e-11,-1.3715016225233611e-10,179.99855602660247,2.1288300556682938e-14,4.4764926755455604e-13,3.0383369364843833e-13,4.211122771447915e-13,5.843452762266664e-12,5.819326691522015e-12,0.0,0.0,8,UNCONFIGURED
3.4699999999998394,1.8300000000000014,0.0,0.0,-0.11342865382108876,1.4351748540353218e-06,0.15983500835151956,89.99046900416685,89.99046900416685,-2.9371693508162124e-11,-8.569459650127566e-11,179.99855602665204,-8.371262096312659e-13,-1.18152021389114e-13,8.92299762857902e-14,2.622225842959265e-13,1.780717949079023e-12,1.7731837770476903e-12,0.0,0.0,8,UNCONFIGURED
3.4799999999998383,1.8400000000000014,0.0,0.0,-0.11342865382110076,1.4351748539090252e-06,0.15983500835152148,89.99046900416685,89.99046900416685,6.117504773265189e-11,-1.817250568772834e-11,179.99855602679983,-2.4589336680743847e-12,-1.2486313213740565e-12,-1.884059184981683e-13,5.533263581612042e-14,2.6189327285975995e-12,2.605160118715201e-12,0.0,0.0,8,UNCONFIGURED
3.4899999999998372,1.8500000000000014,0.0,0.0,-0.11342865382111199,1.4351748537709795e-06,0.1598350083515217,89.99046900416685,89.99046900416685,1.2192776275414134e-10,8.806262236239205e-11,179.9985560269193,-4.173196134782188e-12,-3.548203049277382e-12,-3.7653396008830017e-13,-2.726194076052023e-13,3.758081445305318e-12,3.733236183878224e-12,0.0,0.0,8,UNCONFIGURED
3.499999999999836,1.8600000000000014,0.0,0.0,-0.11342865382112231,1.4351748536297035e-06,0.15983500835152012,89.99046900416685,89.99046900416685,-1.1283198275037946e-10,-1.4747594838622162e-10,179.99855602698082,3.7032504904373935e-13,1.093627988725713e-12,3.454824266624131e-13,4.520822560854631e-13,5.394454525228197e-12,5.349697832775771e-12,0.0,0.0,8,UNCONFIGURED
3.509999999999835,1.8700000000000014,0.0,0.0,-0.11342865382113253,1.4351748534685532e-06,0.1598350083515188,89.99046900416685,89.99046900416685,-4.374795211782969e-11,-9.527981044854503e-11,179.99855602704983,-1.1817897716273928e-12,8.508204219718045e-14,1.315936058359996e-13,2.9008881396845703e-13,1.634348893718719e-12,1.620381426485439e-12,0.0,0.0,8,UNCONFIGURED
3.519999999999834,1.8800000000000014,0.0,0.0,-0.11342865382114406,1.4351748532403225e-06,0.1598350083515202,89.99046900416685,89.99046900416685,4.39849643054808e-11,-2.8859354479447305e-11,179.99855602729505,-4.0884917541656225e-12,-1.9591912069945954e-12,-1.3775232722959322e-13,8.643129576339875e-14,2.4177829707407096e-12,2.3928079279365705e-12,0.0,0.0,8,UNCONFIGURED
3.529999999999833,1.8900000000000015,0.0,0.0,-0.11342865382115477,1.4351748529969939e-06,0.15983500835152015,89.99046900416685,89.99046900416685,1.032450812010014e-10,7.251602048598965e-11,179.99855602751146,-7.545836405948506e-12,-6.455416594405461e-12,-3.2244775970936527e-13,-2.277504183619482e-13,3.4848435976941355e-12,3.440351150050882e-12,0.0,0.0,8,UNCONFIGURED
3.5399999999998317,1.9000000000000015,0.0,0.0,-0.11342865382116567,1.4351748526982767e-06,0.1598350083515206,89.99046900416685,89.99046900416685,-1.119746700641105e-10,2.0779877985991985e-10,179.99855602781722,5.969783697243859e-13,-1.4091584605980119e-11,3.4160219142356173e-13,-6.393129276037269e-13,5.078728734500025e-12,4.998990204029474e-12,0.0,0.0,8,UNCONFIGURED
3.5499999999998306,1.9100000000000015,0.0,0.0,-0.11342865382117555,1.4351748524014033e-06,0.1598350083515188,89.99046900416685,89.99046900416685,-5.842329936508349e-11,-1.0664345557083061e-10,179.9985560279221,-1.8125224063192693e-12,5.351649546780144e-13,1.7880757649108485e-13,3.2714123617067033e-13,1.5414161928807444e-12,1.5165326387466712e-12,0.0,0.0,8,UNCONFIGURED
3.5599999999998295,1.9200000000000015,0.0,0.0,-0.11342865382118666,1.4351748519771e-06,0.1598350083515196,89.99046900416685,89.99046900416685,2.5456814702541837e-11,-4.1885547019309186e-11,179.99855602833625,-6.899420609335754e-12,-3.005618956092715e-12,-7.819029761123713e-14,1.288340045027508e-13,2.235022211532161e-12,2.190449151030315e-12,0.0,0.0,8,UNCONFIGURED
3.5699999999998284,1.9300000000000015,0.0,0.0,-0.1134286538211982,1.4351748514404713e-06,0.15983500835152112,89.99046900416685,89.99046900416685,1.2837039434609255e-10,4.4050547633303906e-11,179.99855602897148,-1.6238321585721862e-11,-1.02537874884514e-11,-3.93437919302809e-13,-1.345869826563247e-13,3.2698483473164146e-12,3.1901457104954975e-12,0.0,0.0,8,UNCONFIGURED
3.5799999999998273,1.9400000000000015,0.0,0.0,-0.11342865382120891,1.4351748508666262e-06,0.1598350083515208,89.99046900416685,89.99046900416685,-1.2816633187549852e-10,1.7323362421729156e-10,179.99855602944774,2.586417032435949e-12,-2.4626059762972966e-11,3.937408068157547e-13,-5.309568469957864e-13,4.688635420427891e-12,4.546019086437946e-12,0.0,0.0,8,UNCONFIGURED
3.589999999999826,1.9500000000000015,0.0,0.0,-0.1134286538212198,1.4351748501721263e-06,0.15983500835152079,89.99046900416685,89.99046900416685,-7.380520806395921e-11,-1.1811888806703108e-10,179.9985560300633,-2.1473733935197127e-12,2.084703749982508e-12,2.2654016961255956e-13,3.6209612412001703e-13,6.8227316922428995e-12,6.566514916998304e-12,0.0,0.0,8,UNCONFIGURED
3.599999999999825,1.9600000000000015,0.0,0.0,-0.11342865382123082,1.435174849350771e-06,0.15983500835152065,89.99046900416685,89.99046900416685,-2.5199027712663266e-12,-6.75115411369623e-11,179.99855603070085,-1.0810256914696501e-11,-3.3600415367796763e-12,6.887742836720761e-15,2.0598073003007855e-13,2.0957025140286603e-12,2.0157553207355746e-12,0.0,0.0,8,UNCONFIGURED
3.609999999999824,1.9700000000000015,0.0,0.0,-0.11342865382124226,1.4351748483114988e-06,0.15983500835152134,89.99046900416685,89.99046900416685,9.512762732736976e-11,1.703509900380938e-11,179.99855603174765,-2.789131371965261e-11,-1.6862675128790868e-11,-2.947575130207506e-13,-5.48528478524227e-14,3.0282312075149688e-12,2.884706537534599e-12,0.0,0.0,8,UNCONFIGURED
3.619999999999823,1.9800000000000015,0.0,0.0,-0.11342865382125285,1.4351748472078445e-06,0.15983500835152045,89.99046900416685,89.99046900416685,-1.4083613194141273e-10,1.4146704668616652e-10,179.99855603251373,6.565599460568215e-12,-4.345514671779498e-11,4.2994626425638006e-13,-4.3638053738925606e-13,4.37306300001773e-12,4.1148202753599486e-12,0.0,0.0,8,UNCONFIGURED
3.629999999999822,1.9900000000000015,0.0,0.0,-0.11342865382126345,1.4351748458906142e-06,0.15983500835151992,89.99046900416685,89.99046900416685,-8.569319099004675e-11,-1.2582281300164335e-10,179.99855603357304,-2.4650352325538407e-12,5.269934130485687e-12,2.604975227957672e-13,3.837758929292337e-13,6.425598430606911e-12,5.95939673881696e-12,0.0,0.0,8,UNCONFIGURED
3.6399999999998207,2.0000000000000013,0.0,0.0,-0.11342865382127405,1.4351748443466574e-06,0.15983500835151948,89.99046900412861,89.99046900412861,-1.5496480513173994e-11,-7.491400708211499e-11,179.99855603471912,-1.944842302705202e-11,-5.62361554055259e-12,4.476586159600602e-14,2.2738409230747e-13,1.964323076283191e-12,1.8188789414148179e-12,0.0,0.0,8,UNCONFIGURED
3.6499999999998196,2.0100000000000002,0.0,0.0,-0.11342865382128493,1.4351748424018833e-06,0.15983500835151984,89.99046900412861,89.99046900412861,7.819421225065227e-11,6.4582095087595405e-12,179.9985560366363,-5.139312810024458e-11,-3.090894388349137e-11,-2.4348940055647734e-13,-2.2762071987082587e-14,2.864303752620033e-12,2.6016891798397735e-12,0.0,0.0,8,UNCONFIGURED
3.6599999999998185,2.019999999999999,0.0,0.0,-0.1134286538212961,1.435174839953836e-06,0.1598350083515208,89.99046900412861,89.99046900412861,1.5038050698501727e-10,1.1426397655946252e-10,179.99855603943774,-8.924917196242948e-11,-7.680788987802229e-11,-4.623571079511614e-13,-3.5122890307656493e-13,4.2246221772379075e-12,3.749612424787681e-12,0.0,0.0,8,UNCONFIGURED
3.6699999999998174,2.029999999999998,0.0,0.0,-0.11342865382130639,1.4351748374027107e-06,0.1598350083515198,89.99046900412861,89.99046900412861,-9.802795495747507e-11,-1.351487943087321e-10,179.9985560410996,4.858208937817279e-13,1.4965720747118695e-11,3.0038517489536664e-13,4.144675046682637e-13,6.143482627348939e-12,5.285687986146322e-12,0.0,0.0,8,UNCONFIGURED
3.6799999999998163,2.039999999999997,0.0,0.0,-0.11342865382131664,1.4351748344208869e-06,0.15983500835151887,89.99046900412861,89.99046900412861,-2.988946842542916e-11,-8.450580883179015e-11,179.99855604292955,-3.1116441890695216e-11,-5.602487979476765e-12,9.061607732189112e-14,2.5895062528970797e-13,1.8734186720779344e-12,1.605787949697174e-12,0.0,0.0,8,UNCONFIGURED
3.689999999999815,2.049999999999996,0.0,0.0,-0.11342865382132837,1.4351748300347893e-06,0.1598350083515207,89.99046900412861,89.99046900412861,5.916536782635485e-11,-1.817161746624607e-11,179.99855604832422,-9.001810351308204e-11,-4.6031518677650345e-11,-1.8203791861090593e-13,5.545308072449785e-14,2.7921208151511354e-12,2.308687410228258e-12,0.0,0.0,8,UNCONFIGURED
3.699999999999814,2.0599999999999947,0.0,0.0,-0.11342865382133933,1.435174825245777e-06,0.1598350083515209,89.99046900412861,89.99046900412861,1.1821325720257024e-10,8.530569212938063e-11,179.99855605288397,-1.551909688503686e-10,-1.3240978266740414e-10,-3.632136034421828e-13,-2.6199604761267455e-13,4.091525124928726e-12,3.2188093531315884e-12,0.0,0.0,8,UNCONFIGURED
3.709999999999813,2.0699999999999936,0.0,0.0,-0.11342865382134941,1.4351748202759629e-06,0.15983500835151937,89.99046900412861,89.99046900412861,-1.1028699568716127e-10,-1.4407292149943103e-10,179.9985560554161,1.0219660457271025e-11,3.670992972082584e-11,3.38385414111992e-13,4.4190961401693167e-13,6.023408523774073e-12,4.446050475647284e-12,0.0,0.0,8,UNCONFIGURED
3.719999999999812,2.0799999999999925,0.0,0.0,-0.1134286538213594,1.4351748145472366e-06,0.15983500835151807,89.99046900412861,89.99046900412861,-4.246870327056539e-11,-9.27294661046642e-11,179.9985560583702,-5.029689013309909e-11,-3.4023511869530945e-12,1.2879944015620175e-13,2.83120540103453e-13,1.830398377782718e-12,1.338200339633964e-12,0.0,0.0,8,UNCONFIGURED
3.729999999999811,2.0899999999999914,0.0,0.0,-0.11342865382136948,1.4351748075129054e-06,0.15983500835151768,89.99046900412861,89.99046900412861,4.464949583263389e-11,-1.5969210564266684e-11,179.99855606407672,-1.6128355265109813e-10,-9.205838470380918e-11,-1.399293577374887e-13,4.71040912979512e-14,2.750391670942129e-12,1.8587368160595427e-12,0.0,0.0,8,UNCONFIGURED
3.7399999999998097,2.0999999999999903,0.0,0.0,-0.11342865382137865,1.4351748001623424e-06,0.1598350083515162,89.99046900412861,89.99046900412861,-1.364089658261232e-10,9.161121399219345e-11,179.99855606818963,5.4106315882267675e-11,-2.636834056306089e-10,4.197726173539831e-13,-2.7770824586837076e-13,4.152047373392214e-12,2.535325502076742e-12,0.0,0.0,8,UNCONFIGURED
3.7499999999998086,2.109999999999989,0.0,0.0,-0.11342865382138678,1.4351747929871911e-06,0.15983500835151354,89.99046900412861,89.99046900412861,-8.508598601312086e-11,-1.1583721504222957e-10,179.998556068497,-6.1728695084529185e-12,4.207618239226894e-11,2.650677931219234e-13,3.5941675670449126e-13,1.231853229822266e-12,7.273141530950308e-13,0.0,0.0,8,UNCONFIGURED
3.7599999999998075,2.119999999999988,0.0,0.0,-0.11342865382139547,1.4351747832867121e-06,0.159835008351513,89.99046900412861,89.99046900412861,-1.6046847444044387e-11,-6.031146346071584e-11,179.9985560762263,-1.2861742720853822e-10,-4.581736394150441e-11,5.2292579361697307e-14,1.8834090295179818e-13,1.9161808089848892e-12,1.0003558876720387e-12,0.0,0.0,8,UNCONFIGURED
3.7699999999998064,2.129999999999987,0.0,0.0,-0.11342865382140331,1.4351747730592873e-06,0.15983500835151188,89.99046900412861,89.99046900412861,3.202456245799776e-11,1.4856869756426093e-11,179.9985560828047,-2.611043132527984e-10,-2.1956616958840224e-10,-9.56529717624006e-14,-4.2715197905304373e-14,2.976317400232053e-12,1.314336044454638e-12,0.0,0.0,8,UNCONFIGURED
3.7799999999998053,2.139999999999986,0.0,0.0,-0.1134286538214103,1.4351747627419026e-06,0.15983500835151,89.99046900412861,89.99046900412861,-9.638399437653996e-11,-1.146271474199364e-10,179.99855608599162,4.727276179593007e-11,9.601386198656566e-11,2.991577128909765e-13,3.5514188858123504e-13,4.647107734048721e-12,1.6339053301335537e-12,0.0,0.0,8,UNCONFIGURED
3.789999999999804,2.149999999999985,0.0,0.0,-0.11342865382141698,1.4351747511899004e-06,0.1598350083515085,89.99046900412861,89.99046900412861,-4.7635863960773796e-11,-7.600618652805752e-11,179.9985560904055,-7.536843915232243e-11,1.2609889390404795e-11,1.4914018774095678e-13,2.363685848064074e-13,1.3866508030109261e-12,4.459118423375911e-13,0.0,0.0,8,UNCONFIGURED
3.799999999999803,2.1599999999999837,0.0,0.0,-0.11342865382142352,1.4351747373230727e-06,0.15983500835150768,89.99046900412861,89.99046900412861,1.1084655668692643e-11,-2.4014579611558198e-11,179.99855610036352,-2.918349553012323e-10,-1.6112852677382933e-10,-2.6851062241639548e-14,7.973332781069976e-14,2.213847756547213e-12,5.081792729596409e-13,0.0,0.0,8,UNCONFIGURED
3.809999999999802,2.1699999999999826,0.0,0.0,-0.1134286538214289,1.435174724939717e-06,0.15983500835150555,89.99046900412861,89.99046900412861,-9.274794484748342e-11,-1.0308931837219656e-10,179.99855609984056,1.1393027603165489e-10,1.6258099001144364e-10,2.886946272465007e-13,3.202609238758679e-13,3.541218941079184e-12,4.498632821611934e-13,0.0,0.0,8,UNCONFIGURED
3.819999999999801,2.1799999999999815,0.0,0.0,-0.11342865382143391,1.4351747115058679e-06,0.15983500835150388,89.99046900412861,89.99046900412861,-5.4835457492116006e-11,-7.161729282809535e-11,179.99855610126068,-2.5074666798153707e-11,6.361414940465201e-11,1.7021572078618645e-13,2.224612815825905e-13,1.035847137397286e-12,6.986885564082008e-14,0.0,0.0,8,UNCONFIGURED
3.8299999999998,2.1899999999999804,0.0,0.0,-0.11342865382143866,1.435174695969269e-06,0.15983500835150283,89.99046900412861,89.99046900412861,-1.1528239439587332e-11,-3.2601626476829276e-11,179.99855610907474,-2.6026763048883646e-10,-1.2756326666952553e-10,3.8443187354695464e-14,1.0371909192123995e-13,1.7233489765632552e-12,-3.1475740256981776e-14,0.0,0.0,8,UNCONFIGURED
3.8399999999997987,2.1999999999999793,0.0,0.0,-0.1134286538214425,1.4351746822610449e-06,0.159835008351501,89.99046900412861,89.99046900412861,-7.274082195374323e-11,-7.828243473479022e-11,179.99855610663454,1.4951190869440305e-10,1.9752446071324664e-10,2.2856196122441773e-13,2.458176249406161e-13,2.839270620595407e-12,-3.47849724510145e-13,0.0,0.0,8,UNCONFIGURED
3.8499999999997976,2.209999999999978,0.0,0.0,-0.11342865382144601,1.4351746677163914e-06,0.1598350083514996,89.99046900412861,89.99046900412861,-4.378000184387344e-11,-5.398595163353757e-11,179.99855610669442,-2.2315266798417595e-12,8.746214083911959e-11,1.4094705456204157e-13,1.7188917354596602e-13,8.171835611277915e-13,-1.7935674621244627e-13,0.0,0.0,8,UNCONFIGURED
3.8599999999997965,2.219999999999977,0.0,0.0,-0.11342865382144929,1.4351746512025037e-06,0.15983500835149872,89.99046900412861,89.99046900412861,-1.3846534794789564e-11,-2.683061998724508e-11,179.99855611374412,-2.5138114808792225e-10,-1.1597686279218045e-10,4.919262848612001e-14,8.871636955611859e-14,1.4193984970408506e-12,-3.9190075173328226e-13,0.0,0.0,8,UNCONFIGURED
3.8699999999997954,2.229999999999976,0.0,0.0,-0.11342865382145191,1.435174636727313e-06,0.15983500835149742,89.99046900412861,89.99046900412861,-5.1182102970960684e-11,-5.437098912300516e-11,179.99855611053135,1.6589687111974248e-10,2.143985452323376e-10,1.629844336675342e-13,1.7260776857305634e-13,2.4272531100537337e-12,-8.62102393283172e-13,0.0,0.0,8,UNCONFIGURED
3.8799999999997943,2.239999999999975,0.0,0.0,-0.11342865382145427,1.4351746214970944e-06,0.1598350083514964,89.99046900412861,89.99046900412861,-3.1665254367231866e-11,-3.77355872294073e-11,179.99855611012237,5.640194509362906e-12,9.736969196703624e-11,1.03060574200047e-13,1.2141358061097736e-13,6.910374498479874e-13,-3.377185955570659e-13,0.0,0.0,8,UNCONFIGURED
3.889999999999793,2.249999999999974,0.0,0.0,-0.11342865382145642,1.4351746043167186e-06,0.1598350083514957,89.99046900412861,89.99046900412861,-1.1927883238801172e-11,-1.979198789220615e-11,179.99855611702336,-2.5264716919542355e-10,-1.1384803062311102e-10,4.209692452078205e-14,6.593891011610392e-14,1.2403753416633274e-12,-6.289365083644745e-13,0.0,0.0,8,UNCONFIGURED
3.899999999999792,2.2599999999999727,0.0,0.0,-0.11342865382145814,1.4351745892958784e-06,0.15983500835149478,89.99046900412861,89.99046900412861,-3.4384952533708115e-11,-3.613286856175554e-11,179.9985561134536,1.7490066383163254e-10,2.244108226769605e-10,1.0959946006837808e-13,1.147911642334371e-13,2.1831884805070753e-12,-1.209472082501088e-12,0.0,0.0,8,UNCONFIGURED
3.909999999999791,2.2699999999999716,0.0,0.0,-0.11342865382145965,1.4351745735411916e-06,0.1598350083514941,89.99046900412861,89.99046900412861,-2.196401171841607e-11,-2.5340788808104344e-11,179.9985561128251,9.289548854979458e-12,1.0323153163554406e-10,7.038217071244206e-14,8.120126094694604e-14,6.171803359580784e-13,-4.4397215415503354e-13,0.0,0.0,8,UNCONFIGURED
3.91999999999979,2.2799999999999705,0.0,0.0,-0.11342865382146103,1.4351745558170808e-06,0.15983500835149364,89.99046900412861,89.99046900412861,-8.937400173332552e-12,-1.3568719808518898e-11,179.99855611977245,-2.5716317718215167e-10,-1.1478069595691769e-10,2.883989979083093e-14,4.350745830551353e-14,1.1290936739159817e-12,-7.970439271850012e-13,0.0,0.0,8,UNCONFIGURED
3.9299999999997888,2.2899999999999694,0.0,0.0,-0.11342865382146214,1.4351745403380026e-06,0.15983500835149306,89.99046900412861,89.99046900412861,-2.192191659680872e-11,-2.29269145620468e-11,179.99855611601458,1.8123603287911367e-10,2.3193782761877625e-10,7.073337916221791e-14,7.393515875639929e-14,2.016639715709096e-12,-1.476035062007007e-12,0.0,0.0,8,UNCONFIGURED
3.9399999999997877,2.2999999999999683,0.0,0.0,-0.11342865382146311,1.4351745241204872e-06,0.1598350083514926,89.99046900412861,89.99046900412861,-1.3567718583786017e-11,-1.5739013379539957e-11,179.9985561153128,1.0491101812064866e-11,1.0693106985683868e-10,4.6878931051080316e-14,5.3334108151159075e-14,5.678881746032492e-13,-5.246463453628077e-13,0.0,0.0,8,UNCONFIGURED
3.9499999999997866,2.309999999999967,0.0,0.0,-0.11342865382146397,1.435174505887802e-06,0.15983500835149228,89.99046900412861,89.99046900412861,-6.140860737312104e-12,-8.837252234375418e-12,179.9985561224135,-2.63601202286837e-10,-1.1738097862895523e-10,2.3768186281087468e-14,3.1787520078169793e-14,1.0668194807223468e-12,-9.14997827056185e-13,0.0,0.0,8,UNCONFIGURED
3.9599999999997855,2.319999999999966,0.0,0.0,-0.11342865382146466,1.4351744899697012e-06,0.15983500835149192,89.99046900412861,89.99046900412861,-1.3777709609806767e-11,-1.432153917616243e-11,179.9985561185264,1.8662599509319198e-10,2.386872766176434e-10,4.599904874166166e-14,4.7470872644530207e-14,1.929847339647066e-12,-1.6622033089446475e-12,0.0,0.0,8,UNCONFIGURED
3.9699999999997844,2.329999999999965,0.0,0.0,-0.11342865382146528,1.4351744732974992e-06,0.15983500835149161,89.99046900412861,89.99046900412861,-8.188794923349375e-12,-9.536452134799634e-12,179.998556117786,1.1125701746093011e-11,1.1013087864677407e-10,3.029757465716081e-14,3.3931027925147896e-14,5.425585968351804e-13,-5.810712892171726e-13,0.0,0.0,8,UNCONFIGURED
3.9799999999997833,2.339999999999964,0.0,0.0,-0.11342865382146582,1.4351744545593517e-06,0.1598350083514914,89.99046900412861,89.99046900412861,-4.282962220083051e-12,-5.9582045441651936e-12,179.99855612508938,-2.7107616388705484e-10,-1.2077492068550513e-10,1.5139742901849744e-14,1.987163872945548e-14,1.0369764392886479e-12,-1.0004747737996955e-12,0.0,0.0,8,UNCONFIGURED
3.989999999999782,2.349999999999963,0.0,0.0,-0.11342865382146626,1.4351744382003956e-06,0.15983500835149114,89.99046900412861,89.99046900412861,-8.739044407300702e-12,-8.993865235298194e-12,179.9985561211073,1.917162940790563e-10,2.4523877846050786e-10,2.815279558618302e-14,2.8892086164087316e-14,1.9113690427693505e-12,-1.78113824812078e-12,0.0,0.0,8,UNCONFIGURED
3.999999999999781,2.3599999999999617,0.0,0.0,-0.11342865382146665,1.4351744210646658e-06,0.15983500835149095,89.99046900412861,89.99046900412861,-5.992735505169833e-12,-6.4524656545631776e-12,179.9985561203673,1.1059042015259357e-11,1.1295470990118228e-10,1.958714362981675e-14,2.1322866361202037e-14,5.374544713686457e-13,-6.175937801660086e-13,0.0,0.0,8,UNCONFIGURED
4.00999999999978,0.01,0.0,0.0,-1.598078612998403e-05,-1.6320362764988974e-06,0.1599190810263337,4.004897677449674,4.007476765141575,0.6851123773325535,1.0140308731461745,0.0002577185008511682,0.02607284009435133,0.019695263497363606,-0.0008978785408705417,-0.001490953558847569,-0.03913762249599371,-0.038821763754727366,0.0,0.0,4,UNCONFIGURED
4.019999999999779,0.020000000000000004,0.0,0.0,-6.155120508809979e-05,-2.6660311215213082e-06,0.15980416547979234,4.023438667360798,4.028867670585741,2.074063662494989,2.4244049833197634,0.00030127869585841834,0.004654479288868745,0.0010296649077084685,-0.0035960576136188096,-0.004329368437742234,-0.08246915624152609,-0.08256523009307157,0.0,0.0,4,UNCONFIGURED
4.029999999999778,0.030000000000000013,0.0,0.0,-0.0001380325634015666,-2.867588711446925e-06,0.15969728847408457,4.0564599050311125,4.0648425311855405,3.531226847971074,3.8929980071347545,0.00023040411488267596,-0.007029984511913696,-0.00886195563927468,-0.0067252215291574505,-0.007523175898152278,-0.1276336606603673,-0.1279424517204207,0.0,0.0,4,UNCONFIGURED
4.039999999999777,0.04000000000000002,0.0,0.0,-0.00024616590691737167,-2.4027733230264516e-06,0.15961521920916275,4.1043854450035395,4.1157844456053025,5.027033510019405,5.395891440671363,0.00010857569842857817,-0.012318621187779752,-0.012872265112539336,-0.010049586005484328,-0.01087423388218432,-0.17388599774433502,-0.17425990071709846,0.0,0.0,4,UNCONFIGURED
4.049999999999776,0.05000000000000003,0.0,0.0,-0.0003864345297410408,-1.5630099396077113e-06,0.15956080183300664,4.167487526655148,4.181948586358677,6.548389935038304,6.9226202138149295,-1.8872498269964427e-05,-0.012989414987226265,-0.012648096308912067,-0.013446118924600198,-0.014277630487717593,-0.22089102321475648,-0.2212247193490548,0.0,0.0,4,UNCONFIGURED
4.059999999999775,0.06000000000000004,0.0,0.0,-0.0005592538350482252,-6.335879489355821e-07,0.15952960160578405,4.2459868659517985,4.263554567197074,8.09147518544771,8.471216707744032,-0.0001229233356102808,-0.010666414708213338,-0.009845020522484052,-0.016855421601513373,-0.017686596162040987,-0.26857677359258153,-0.2688128087872392,0.0,0.0,4,UNCONFIGURED
4.069999999999774,0.07000000000000005,0.0,0.0,-0.0007651077003354309,1.8326364741381076e-07,0.15951463496669532,4.340123577814112,4.360852952034814,9.659217678059436,10.04593399200549,-0.00019098094177236917,-0.007019312952282894,-0.006091310850926528,-0.02026390376701892,-0.021096463147202992,-0.3170662814915369,-0.3171915767148836,0.0,0.0,4,UNCONFIGURED
4.079999999999773,0.08000000000000006,0.0,0.0,-0.0010046372862241488,7.901751806841319e-07,0.15950934650817788,4.45020559686046,4.47416897148906,11.25902276645132,11.654920753763443,-0.00022344559832829976,-0.003385698321733287,-0.0025961903680223504,-0.02368792417466423,-0.0245284762261193,-0.3666055567045992,-0.3666367766612253,0.0,0.0,4,UNCONFIGURED
4.089999999999772,0.09000000000000007,0.0,0.0,-0.001278683405003171,1.1744058899694614e-06,0.15950890420589622,4.576634114310969,4.603923811864771,12.900490287250408,13.30803556202116,-0.00022810283398829633,-0.0005328782774348659,1.3427696432910939e-05,-0.02715797005133172,-0.028014655836213598,-0.41749539842808914,-0.41746211090390223,0.0,0.0,4,UNCONFIGURED
4.0999999999997705,0.10000000000000007,0.0,0.0,-0.0015882955267036746,1.3725077859316352e-06,0.15951032893638195,4.71991123663842,4.750639701996901,14.593752224745497,15.01538907237772,-0.00021505861277839531,0.0012922448668329493,0.0015919145265636794,-0.030707152804799756,-0.031587703587831306,-0.4700456486266345,-0.469977901079844,0.0,0.0,4,UNCONFIGURED
4.109999999999769,0.11000000000000008,0.0,0.0,-0.0019347243119273642,1.4392964781513403e-06,0.15951207980684307,4.880638059680496,4.914936965822674,16.348644311384735,16.78669761411458,-0.00019350556587433056,0.0021770484031922678,0.002279676595553389,-0.034365428545039226,-0.035276464844451336,-0.5245544544336397,-0.5244761956537911,0.0,0.0,4,UNCONFIGURED
4.119999999999768,0.12000000000000009,0.0,0.0,-0.0023194102081329927,1.4278902788537552e-06,0.15951353109477684,5.059509841500217,5.09752915021064,18.17450415134325,18.631188049704928,-0.0001702632857683292,0.0023612659260256403,0.002332898305662745,-0.038158079338260376,-0.039105130781325825,-0.5813045399456703,-0.5812315664644103,0.0,0.0,4,UNCONFIGURED
4.129999999999767,0.1300000000000001,0.0,0.0,-0.0027439744892000136,1.3800668393283998e-06,0.15951454594276968,5.257311973534618,5.29921937158316,20.080292258811227,20.557760753958043,-0.00014952876861433755,0.002112324119932037,0.00201402067315894,-0.04210636430349571,-0.04309416756376595,-0.6405675396883368,-0.6405081158234309,0.0,0.0,4,UNCONFIGURED
4.139999999999766,0.1400000000000001,0.0,0.0,-0.003210214669066694,1.323755329031087e-06,0.15951519717865775,5.474918080790116,5.520898870989565,22.074815325143422,22.575217638920016,-0.00013327299213130951,0.001658359134068453,0.0015366300095682017,-0.046228839178126424,-0.047261663077717626,-0.7026105056044535,-0.7025671788969181,0.0,0.0,4,UNCONFIGURED
4.149999999999765,0.1500000000000001,0.0,0.0,-0.0037201039436412105,1.2745262230455072e-06,0.1595156138279409,5.713290285779151,5.763547661421002,24.166938403193768,24.69246380287874,-0.00012187944155098347,0.0011627394946720855,0.001047552347903888,-0.0505425836640315,-0.05162448005185813,-0.7677017631927325,-0.7676734264595453,0.0,0.0,4,UNCONFIGURED
4.159999999999764,0.16000000000000011,0.0,0.0,-0.004275793518555076,1.2387518348576362e-06,0.15951591230347087,5.9734811708045,6.028236763233983,26.36574616341084,26.91865513600405,-0.00011478272702028921,0.0007235608563771369,0.0006304358694170532,-0.0550640750493122,-0.05619903597363813,-0.8361152053721504,-0.8360988927809047,0.0,0.0,4,UNCONFIGURED
4.169999999999763,0.17000000000000012,0.0,0.0,-0.004879616628654582,1.2169772549387222e-06,0.15951617550787467,6.256636899143494,6.316131499743987,28.680650613749407,29.26329441635033,-0.00011098753222125723,0.0003856201422126183,0.0003194071271058676,-0.05980969541160797,-0.061001730920677066,-0.9081330245731358,-0.9081252319409717,0.0,0.0,4,UNCONFIGURED
4.179999999999762,0.18000000000000013,0.0,0.0,-0.005534093275628835,1.206740140112049e-06,0.15951645434686298,6.564001052643976,6.628495436903917,31.121456574796984,31.736288496892406,-0.00010942874350352587,0.00015657439164972956,0.00011541830525434261,-0.06479594996513317,-0.06604910895259551,-0.9840471987668954,-0.9840447062980404,0.0,0.0,4,UNCONFIGURED
4.189999999999761,0.19000000000000014,0.0,0.0,-0.006241934964116865,1.2045659727224275e-06,0.15951677680351226,6.896918876336324,6.9666946826824985,33.69839828048067,34.34797957431728,-0.0001091810747129433,2.2362798112243385e-05,1.0541918407248714e-06,-0.07003948560268637,-0.07135783914082876,-1.0641600747321582,-1.0641603511373572,0.0,0.0,4,UNCONFIGURED
4.1999999999997595,0.20000000000000015,0.0,0.0,-0.007006048908433006,1.2071614674041103e-06,0.15951715735284294,7.256841732602701,7.33220236666955,36.42215778739562,37.109160309611894,-0.0001095496863382977,-4.0540570965088504e-05,-4.814614357029436e-05,-0.07555697938730749,-0.07694457971928548,-1.148784309220516,-1.1487856152756042,0.0,0.0,4,UNCONFIGURED
4.209999999999758,0.21000000000000016,0.0,0.0,-0.007829541288910195,1.2119735581539754e-06,0.1595176040725647,7.645331641883821,7.7266031872953915,39.303872026681525,40.03107872162047,-0.0001100800154709632,-5.677477066307254e-05,-5.6272584337571446e-05,-0.08136494066478386,-0.08282576294338334,-1.2382423225679637,-1.2382436320069783,0.0,0.0,4,UNCONFIGURED
4.219999999999757,0.22000000000000017,0.0,0.0,-0.008715719167165237,1.2173219363215292e-06,0.15951812311484528,8.064065825895396,8.151597946885262,42.355131881840876,43.12543551994251,-0.0001105218588318512,-4.734103316127684e-05,-4.306437637747602e-05,-0.08747944765532888,-0.08901731683357957,-1.3328653255509288,-1.3328661599976936,0.0,0.0,4,UNCONFIGURED
4.229999999999756,0.23000000000000018,0.0,0.0,-0.009668090641160351,1.2222929023890617e-06,0.15951872110979515,8.514841181220929,8.609008002345664,45.58797411132257,46.40437420419616,-0.00011077482303166584,-2.7651087748337876e-05,-2.2504085813358996e-05,-0.0939158227543398,-0.09553432488386059,-1.4329919090760757,-1.4329921549494105,0.0,0.0,4,UNCONFIGURED
4.239999999999755,0.24000000000000019,0.0,0.0,-0.010690362750987094,1.226535298800698e-06,0.15951940624381133,8.99957860478357,9.10077955018091,49.014865240683534,49.8804627482475,-0.00011083316306369699,-7.443369699129218e-06,-3.060244173399405e-06,-0.1006882400127149,-0.10239061529264994,-1.538966136334985,-1.538965883930689,0.0,0.0,4,UNCONFIGURED
4.249999999999754,0.25000000000000017,0.0,0.0,-0.01178643654781881,1.230048042453381e-06,0.15952018862305586,9.52032707510389,9.62898764533471,52.64867552276649,53.56666479004484,-0.00011073991433924837,8.269444263683065e-06,1.1215548159057682e-05,-0.10780925193941077,-0.10959826579568319,-1.6511350431630987,-1.651134465891504,0.0,0.0,4,UNCONFIGURED
4.259999999999753,0.2600000000000002,0.0,0.0,-0.012960398619902112,1.2330055039437512e-06,0.15952108032553797,10.079267369171115,10.19583982836799,56.502640477768274,57.47629773940418,-0.00011055406951135956,1.785874699141827e-05,1.932001654311645e-05,-0.115289219362084,-0.11716700730017456,-1.769845429190416,-1.7698447056650275,0.0,0.0,4,UNCONFIGURED
4.269999999999752,0.2700000000000002,0.0,0.0,-0.014216508235808238,1.2356362534468802e-06,0.15952209536585787,10.678715267047146,10.803679207271465,60.590307197642915,61.62297493271478,-0.00011033054477696126,2.176058334981157e-05,2.2023433302970655e-05,-0.12313562645152196,-0.12510350820686664,-1.895439806067662,-1.8954390789400604,0.0,0.0,4,UNCONFIGURED
4.279999999999751,0.2800000000000002,0.0,0.0,-0.015559179119629528,1.2381523109321224e-06,0.15952324967337697,11.321124066605343,11.454986810226123,64.92546241857666,66.0205288093497,-0.00011011054485319156,2.140145025698789e-05,2.0871176346283585e-05,-0.13135226249598586,-0.1334105210092125,-2.0282513575550527,-2.028250719278289,0.0,0.0,4,UNCONFIGURED
4.28999999999975,0.2900000000000002,0.0,0.0,-0.016992954718271346,1.240717455016043e-06,0.15952456111285684,12.009086200125525,12.152382994865738,69.52203928351335,70.68291202582287,-0.00010991919406877266,1.8447523532937073e-05,1.7512282816200432e-05,-0.13993825237496132,-0.1420858733439433,-2.1685977592670374,-2.168597254688101,0.0,0.0,4,UNCONFIGURED
4.2999999999997485,0.3000000000000002,0.0,0.0,-0.01852247566135993,1.2434411467670165e-06,0.1595260495412773,12.74533371383245,12.898627669119078,74.39399973812384,75.6240734753598,-0.00010976744984710517,1.4362685901296371e-05,1.332467604737776e-05,-0.14888691905110535,-0.15112128732994,-2.316773704529281,-2.316773341853463,0.0,0.0,4,UNCONFIGURED
4.309999999999747,0.3100000000000002,0.0,0.0,-0.020152437955575284,1.2463863034486511e-06,0.1595277368806156,13.532737342262545,13.696619050014398,79.55518967130308,80.85780639343324,-0.00010965592416828517,1.021251548127933e-05,9.267772269814388e-06,-0.15818446416230367,-0.16050101421457896,-2.4730419894616293,-2.473041753534526,0.0,0.0,4,UNCONFIGURED
4.319999999999746,0.32000000000000023,0.0,0.0,-0.021887540306454522,1.2495823321210844e-06,0.15952964718284574,14.374303883628826,14.54939066213303,85.0191642965014,86.39756618082494,-0.00010957899237178541,6.636099512668663e-06,5.8840875474094286e-06,-0.16780845753831292,-0.17020027667444418,-2.637623028348701,-2.637622892593419,0.0,0.0,4,UNCONFIGURED
4.329999999999745,0.33000000000000024,0.0,0.0,-0.02373241883468154,1.2530381201815614e-06,0.15953180666359734,15.27317156306697,15.460106259838572,90.7989819642082,92.25625635997476,-0.00010952826819957912,3.913022109905331e-06,3.3804110111559257e-06,-0.1777261339199041,-0.18018351935045732,-2.810682703639679,-2.8106826389454795,0.0,0.0,4,UNCONFIGURED
4.339999999999744,0.34000000000000025,0.0,0.0,-0.025691567367665723,1.2567523671995968e-06,0.15953424368140842,16.232603061747188,16.432052351157957,96.90696570256287,98.4459823035207,-0.00010949506947712301,2.0688428069781914e-06,1.736419137689902e-06,-0.18789250615000072,-0.19040248017814343,-2.9923185080465924,-2.9923184882754446,0.0,0.0,4,UNCONFIGURED
4.349999999999743,0.35000000000000026,0.0,0.0,-0.027769241462419395,1.2607204948498765e-06,0.15953698863903673,17.255975896362028,17.46862801149596,103.35443340999197,104.97777414287201,-0.00010947186253409364,9.81305333243782e-07,8.074577998844858e-07,-0.19824831949376853,-0.20079411165431793,-3.182544013756983,-3.182544018335711,0.0,0.0,4,UNCONFIGURED
4.359999999999742,0.36000000000000026,0.0,0.0,-0.029969344378202863,1.2649384392506724e-06,0.1595400737817649,18.34676986148725,18.573331708442545,110.15139986948242,111.86128267322083,-0.00010945287230786149,4.667025844615891e-07,4.0456823479730124e-07,-0.20871789231749582,-0.2112784031154267,-3.38127180971377,-3.381271824124175,0.0,0.0,4,UNCONFIGURED
4.369999999999741,0.3700000000000003,0.0,0.0,-0.032295293396100884,1.2694040945657944e-06,0.15954353286552217,19.50855130355731,19.749744921678513,117.30625668923682,119.10445517989452,-0.00010943411779621492,3.389757769089196e-07,3.468615809590292e-07,-0.21920691468805728,-0.22175618288332097,-3.588295184652665,-3.588295199664712,0.0,0.0,4,UNCONFIGURED
4.37999999999974,0.3800000000000003,0.0,0.0,-0.034749865207573706,1.2741172498381944e-06,0.15954740066569126,20.74495408675286,21.001512441419198,124.82543991572307,126.71320191836338,-0.0001094131231425408,4.42675158789155e-07,4.888226149334079e-07,-0.2296003086978861,-0.2321070127743036,-3.8032690006889216,-3.8032690110388723,0.0,0.0,4,UNCONFIGURED
4.3899999999997386,0.3900000000000003,0.0,0.0,-0.03733501959241353,1.2790787265360066e-06,0.15955171229653517,22.059657244468593,22.332319371223697,132.71309934266,134.69106839031366,-0.00010938850227908385,6.653637831763625e-07,7.287144005787483e-07,-0.23976029194381948,-0.2421873262268144,-4.025690394871445,-4.025690397874992,0.0,0.0,4,UNCONFIGURED
4.3999999999997375,0.4000000000000003,0.0,0.0,-0.04005170129795684,1.2842892152410034e-06,0.15955650231220062,23.456359489994263,23.74586505059853,140.97078826063495,143.0389333431967,-0.00010935954907422277,9.364250815584231e-07,1.0050545384543237e-06,-0.24952482708350604,-0.25182900339219644,-4.2548801534031035,-4.25488014778452,0.0,0.0,4,UNCONFIGURED
4.409999999999736,0.4100000000000003,0.0,0.0,-0.04289962092090806,1.2897481073169138e-06,0.15956180356420743,24.938750988147355,25.24583435033929,149.59719720830327,151.75475719042265,-0.00010932590399167431,1.2186633015965046e-06,1.2872376714896915e-06,-0.25870668299460703,-0.2608386188467168,-4.489965806907534,-4.489965791958546,0.0,0.0,4,UNCONFIGURED
4.419999999999735,0.4200000000000003,0.0,0.0,-0.04587701666366751,1.2954524599402256e-06,0.15956764579815777,26.510483062431454,26.83586707436786,158.58795967396608,160.8334097375765,-0.00010928732163182146,1.4975524885311452e-06,1.5647291463738654e-06,-0.26709337256444793,-0.26899763555764383,-4.729867669032371,-4.729867644101866,0.0,0.0,4,UNCONFIGURED
4.429999999999734,0.4300000000000003,0.0,0.0,-0.048980400041984624,1.3013961303515569e-06,0.1595740539848822,28.17513681980854,28.51952651438586,167.93556096637337,170.26660898255926,-0.00010924353353721808,1.771220241384213e-06,1.8375049474297367e-06,-0.2744482629201605,-0.27606384644205223,-4.973289151663588,-4.9732891159182735,0.0,0.0,4,UNCONFIGURED
4.439999999999733,0.44000000000000034,0.0,0.0,-0.052204289878283267,1.3075690610414647e-06,0.15958104639879428,29.93619199944124,30.3002685284084,177.62938282331217,180.04300351776646,-0.00010919418538367174,2.042697704587349e-06,2.108946374594293e-06,-0.2805131692896498,-0.28177437544987877,-5.218712701011576,-5.218712653386309,0.0,0.0,4,UNCONFIGURED
4.449999999999732,0.45000000000000034,0.0,0.0,-0.05554094010682879,1.3139566784493252e-06,0.15958863247864974,31.796997666754375,32.18141282361278,187.6559149481407,190.1484289132449,-0.00010913882321584698,2.3148316463766278e-06,2.381377167711417e-06,-0.28501273670294236,-0.2858505367206232,-5.464402574371648,-5.464402513632161,0.0,0.0,4,UNCONFIGURED
4.459999999999731,0.46000000000000035,0.0,0.0,-0.05898006789340721,1.3205393695908246e-06,0.1595968105320664,33.760746647044634,34.16611838406397,197.99915990837894,200.56636281894077,-0.00010907690543982378,2.5875734267200152e-06,2.6538520251088895e-06,-0.28766087840355103,-0.2880048074650574,-5.708415391461569,-5.708415316318827,0.0,0.0,4,UNCONFIGURED
4.46999999999973,0.47000000000000036,0.0,0.0,-0.06250858916588503,1.327292012319853e-06,0.1596055653727767,35.830455787286,36.257365158283015,208.64124940711628,211.27859422024125,-0.00010900782219731512,2.8570589971318038e-06,2.921578687719384e-06,-0.28816947268527043,-0.2879500952208195,-5.948618939319518,-5.948618848554691,0.0,0.0,4,UNCONFIGURED
4.479999999999729,0.48000000000000037,0.0,0.0,-0.06611036869940884,1.334183547857825e-06,0.15961486600510452,38.008954216132544,38.457944176838026,219.56327811659563,222.26610974348898,-0.00010893090895579177,3.1158510496539584e-06,3.176361605676396e-06,-0.286259421630472,-0.2854113749837763,-6.182719104696315,-6.182718997272828,0.0,0.0,4,UNCONFIGURED
4.4899999999997275,0.4900000000000004,0.0,0.0,-0.06976599126949416,1.3411765942439406e-06,0.15962466348892015,40.29888171435063,40.770458182675455,230.74634700947178,233.51018528022053,-0.00010884544503059882,3.35382093779479e-06,3.407579274422699e-06,-0.2816740520736599,-0.2801396440237377,-6.408294102404115,-6.4082939775558385,0.0,0.0,4,UNCONFIGURED
4.499999999999726,0.5000000000000003,0.0,0.0,-0.07345255900725434,1.3482271047792632e-06,0.1596348891250201,42.70269910059493,43.19733462023976,242.17279310926378,244.99365630861922,-0.00010875062957051516,3.559296664738318e-06,3.603358462300802e-06,-0.2741947030264323,-0.27192800526528066,-6.6228344407139845,-6.622834298006644,0.0,0.0,4,UNCONFIGURED
4.509999999999725,0.5100000000000003,0.0,0.0,-0.07714351797715045,1.3552840762248995e-06,0.15964545309035533,45.22271219152557,45.74085245922432,253.8275690233514,256.7023274431237,-0.00010864552674839848,3.72024731537793e-06,3.7517459706444656e-06,-0.2636582116145244,-0.26062956168063434,-6.823786413137607,-6.823786252504626,0.0,0.0,4,UNCONFIGURED
4.519999999999724,0.5200000000000004,0.0,0.0,-0.08080851425672647,1.36228930847102e-06,0.15965624362087008,47.86111044571662,48.4031838647531,265.699725939747,268.6264733437515,-0.0001085289678670648,3.8253762555152796e-06,3.841768674899727e-06,-0.2499759006245594,-0.24617670366266328,-7.008596429389768,-7.00859625114562,0.0,0.0,4,UNCONFIGURED
4.529999999999723,0.5300000000000004,0.0,0.0,-0.08441327662333968,1.369177211846085e-06,0.15966712678530415,50.62002090479656,51.18645122890658,277.78395012935533,280.76238119988136,-0.00010839938908817004,3.86506056285751e-06,3.864329600441369e-06,-0.23315360339980026,-0.22860131638570075,-7.174753278162902,-7.17475308299777,0.0,0.0,4,UNCONFIGURED
4.539999999999722,0.5400000000000004,0.0,0.0,-0.08791951959623638,1.3758746515625572e-06,0.15967794681766115,53.50157757573214,54.09279962372145,290.08210684805755,293.1138907866316,-0.0001082545655113267,3.832103638400977e-06,3.8129127203935615e-06,-0.21331224966539597,-0.20805543666015364,-7.319825494464942,-7.319825283424853,0.0,0.0,4,UNCONFIGURED
4.549999999999721,0.5500000000000004,0.0,0.0,-0.091284857309986,1.3823008120024872e-06,0.15968852688399068,56.50800603374677,57.12448440152721,302.6047572758253,305.69390169273964,-0.00010809116568743616,3.7222876114837655e-06,3.6840857226727183e-06,-0.1907085846287178,-0.18483195224152923,-7.44149138004334,-7.441491154500185,0.0,0.0,4,UNCONFIGURED
4.55999999999972,0.5600000000000004,0.0,0.0,-0.09446271574123372,1.388367057453807e-06,0.15969867005819505,59.64172283900415,60.28397352524558,315.3726330149637,318.5258377251766,-0.00010790397189705475,3.5347224298754125e-06,3.4778000963507097e-06,-0.16575569965952053,-0.15938505490950566,-7.537559843803859,-7.537559605419992,0.0,0.0,4,UNCONFIGURED
4.569999999999719,0.5700000000000004,0.0,0.0,-0.09740222833524637,1.3939767608860196e-06,0.1597081601805039,62.9054494091076,63.57406431223563,328.4180769820554,331.64508380977605,-0.00010768442924771282,3.2720026971909544e-06,3.197504839773458e-06,-0.13904320320010444,-0.13235031711533574,-7.605981000853666,-7.605980751545846,0.0,0.0,4,UNCONFIGURED
4.579999999999718,0.5800000000000004,0.0,0.0,-0.10004809814509731,1.399025068540809e-06,0.1597167621790046,66.30234030880403,66.99801465079345,341.7864869852001,345.10043857740095,-0.00010741772417204781,2.940200265216504e-06,2.8501051283706476e-06,-0.11135703543505768,-0.1045644394346897,-7.644846289465417,-7.644846031372574,0.0,0.0,4,UNCONFIGURED
4.5899999999997165,0.5900000000000004,0.0,0.0,-0.10234040817292502,1.403398565281762e-06,0.1597242213542561,69.83612651938797,70.55968940527193,355.537826501623,358.95565391182083,-0.00010707627326566928,2.5487409592502706e-06,2.4458194974823787e-06,-0.0836991054785828,-0.07708488756512336,-7.6523786400797,-7.652378375538378,0.0,0.0,4,UNCONFIGURED
4.599999999999715,0.6000000000000004,0.0,0.0,-0.10421436059434838,1.4069748036095628e-06,0.15973026106044894,73.51127512290219,74.26372364979193,369.7482940481102,373.2911590140284,-0.00010660310436630361,2.1102265179424267e-06,1.997998340801289e-06,-0.057307078830651295,-0.05120977605758027,-7.626913897087819,-7.6269136286181025,0.0,0.0,4,UNCONFIGURED
4.609999999999714,0.6100000000000004,0.0,0.0,-0.10559992485876116,1.4096216576697654e-06,0.15973457816081793,77.33316795155429,78.11570552934431,384.5122662648201,388.2060892344791,-0.00010586035323381849,1.6402724390613737e-06,1.5229764231373415e-06,-0.03367473605935364,-0.028498430577399324,-7.566875240527827,-7.566874970831062,0.0,0.0,4,UNCONFIGURED
4.619999999999713,0.6200000000000004,0.0,0.0,-0.10642137429864074,1.4111964624073473e-06,0.15973683558628846,81.3083030626726,82.12238288773183,399.9446484228488,403.8207568506587,-0.00010441132843338112,1.1574330294427312e-06,1.0400284427685706e-06,-0.014573323495684014,-0.010793030258620004,-7.470742833045804,-7.470742565013542,0.0,0.0,4,UNCONFIGURED
4.629999999999712,0.6300000000000004,0.0,0.0,-0.10659669113017609,1.4115448978105481e-06,0.1597366512879404,85.44452432351929,86.29189923384081,416.18377599089337,420.2797078860732,-9.977591739063205e-05,6.832693448077406e-07,5.71476848540908e-07,-0.0020741652018887924,-0.00024153074172687938,-7.33702145918152,-7.337021195912363,0.0,0.0,4,UNCONFIGURED
4.639999999999711,0.6400000000000005,0.0,0.0,-0.10536247268676725,1.4105718556031783e-06,0.15999262838374606,89.716206128517,89.46474361443939,433.3950042779294,420.2156721589539,179.99979410546115,2.425862924912336e-07,6.686153719062641e-05,0.0014276002354733648,-0.0446234351929446,-5.665785768441577,-5.665783139255657,0.0,0.0,6,UNCONFIGURED
4.64999999999971,0.6500000000000005,0.0,0.0,-0.10376197396398254,1.4105223748689884e-06,0.1609010352849088,87.59216078533146,87.36703033333077,212.92796345607755,152.0494275484609,179.9998623572588,4.419904976236637e-05,2.4702731639666757e-05,-0.09631944493946801,-0.0965889312962123,-2.763058841697375,-2.7630567764267573,0.0,0.0,2,UNCONFIGURED
4.659999999999709,0.6600000000000005,0.0,0.0,-0.10403456669646788,1.412980327827253e-06,0.16174545925548978,87.0133045414126,87.01748813886485,36.077959920558484,12.81373486786659,179.9998676834263,-9.834452077643359e-06,-1.5966381071123854e-05,-0.08536834907511684,-0.0777542555587565,-1.7946162349217682,-1.7946141776894284,0.0,0.0,2,UNCONFIGURED
4.669999999999708,0.6700000000000005,0.0,0.0,-0.10530122931239104,1.4168086013751953e-06,0.16218288590608498,87.2377299257464,87.32678491260988,-30.557348411245904,-39.09629638823833,179.99987022293018,-2.4940753646916946e-05,-2.5958285324310153e-05,-0.04097330073262426,-0.02587164580365038,-1.4331851320483227,-1.4331830828229748,0.0,0.0,2,UNCONFIGURED
4.679999999999707,0.6800000000000005,0.0,0.0,-0.10701000256959714,1.4211459119407851e-06,0.1619233131627494,87.75710070792084,87.8772836847527,-54.88348725907639,-58.03446342202686,179.99987150399508,-2.5539594241247918e-05,-2.4639110574275006e-05,0.029063215700146593,0.0484809844790216,-1.2976061936473724,-1.2976041523978523,0.0,0.0,2,UNCONFIGURED
4.6899999999997055,0.6900000000000005,0.0,0.0,-0.10891110573901162,1.4256128785208923e-06,0.16082010833280913,88.38850782921462,88.52231594052486,-64.34061119708429,-65.8171350115647,179.99987084544046,-2.10209810304875e-05,-1.978006473560444e-05,0.11212697861083638,0.1332375163424513,-1.2356463526173975,-1.2356443193126625,0.0,0.0,2,UNCONFIGURED
4.699999999999704,0.7000000000000005,0.0,0.0,-0.11072596950893708,1.4296487339594968e-06,0.1594090489881553,89.03478093985164,89.13796913535906,-63.735017996345235,-56.72773834162225,179.99986615647674,-1.6369329488023635e-05,-1.3591773004083202e-05,0.15769024394236703,0.12140517241903591,-0.8579939368962566,-0.8579922742122981,0.0,0.0,8,UNCONFIGURED
4.709999999999703,0.7100000000000005,0.0,0.0,-0.11195126645066661,1.4321463452583373e-06,0.15899798356156225,89.46785404539025,89.53291261187027,-40.04179350216431,-35.74416026655594,179.9998518336148,-5.907147916878044e-06,-4.370751909345214e-06,0.04320580729577377,0.027258186090931356,-0.31569301012262657,-0.31569218199395843,0.0,0.0,8,UNCONFIGURED
4.719999999999702,0.7200000000000005,0.0,0.0,-0.11271425394034136,1.4336122563529422e-06,0.1590217776072512,89.73595605660212,89.77370054660078,-24.564926667283444,-21.370824993445588,179.9998131063449,-1.4540150319075735e-06,-8.548475168632371e-07,-0.0018465799625133161,-0.007248285653827678,-0.12899441925334212,-0.1289939928574791,0.0,0.0,8,UNCONFIGURED
4.729999999999701,0.7300000000000005,0.0,0.0,-0.11312307622839039,1.4343656092853445e-06,0.15917860090970243,89.88084206848198,89.89887339501503,-12.748022630515646,-10.537749427404648,179.99971564016755,3.94755485543923e-07,4.090006629117493e-08,-0.015726208305388678,-0.016824431198637593,-0.053639028138944805,-0.05363881003672507,0.0,0.0,8,UNCONFIGURED
4.7399999999997,0.7400000000000005,0.0,0.0,-0.11331090959042614,1.4347417902163172e-06,0.15934889073358324,89.94826177673475,89.95643819703731,-5.835696524434642,-4.791752031955285,179.99949795316897,-1.1269111260303755e-06,-1.3831363583838202e-06,-0.01719432259027722,-0.016773900030404756,-0.020752870016876354,-0.02075279565969374,0.0,0.0,8,UNCONFIGURED
4.749999999999699,0.7500000000000006,0.0,0.0,-0.1133950628188946,1.4349468849183464e-06,0.1594924526820953,89.97870236205773,89.98233318730193,-2.628961395801919,-2.1456902620657012,179.9989794104179,-1.8226265714674475e-06,-1.8787153597220001e-06,-0.01452955342428966,-0.013667741869458827,-0.008539609518495314,-0.008539583406997822,0.0,0.0,8,UNCONFIGURED
4.759999999999698,0.7600000000000006,0.0,0.0,-0.11343130659986375,1.4350633682523107e-06,0.15960022925158457,89.99185211270576,89.99328846760548,-1.1160578550357536,-0.880399431420303,179.99764262625027,-1.8097107951519366e-06,-1.7420014030226345e-06,-0.01091441563406111,-0.010060812154172236,-0.0038794427084593752,-0.0038794330576450062,0.0,0.0,8,UNCONFIGURED
4.769999999999697,0.7700000000000006,0.0,0.0,-0.11344451732642026,1.4351263546375942e-06,0.15967620808792496,89.99659816743133,89.99698007552709,-0.3774399146187684,-0.26573497577423655,179.99515455248144,-1.3985887985900549e-06,-1.278257179461211e-06,-0.007692921998214447,-0.007021473272446431,-0.0018710347839949494,-0.0018710311716359166,0.0,0.0,8,UNCONFIGURED
4.779999999999696,0.7800000000000006,0.0,0.0,-0.11344707535064165,1.4351572500464868e-06,0.15972818579652415,89.99743683813286,89.99736653674488,-0.0410538491233561,0.005413090251980136,179.9946607001761,-9.382586179188556e-07,-8.431238792610304e-07,-0.005261982988959688,-0.004780951936493453,-0.0008913665811717878,-0.0008913652227396221,0.0,0.0,8,UNCONFIGURED
4.7899999999996945,0.7900000000000006,0.0,0.0,-0.1134452718886311,1.4351708249207643e-06,0.15976326734224242,89.99669530424624,89.99646894980752,0.08982836748098309,0.10475580933048317,179.99608691655743,-6.023281818829474e-07,-5.391000867218485e-07,-0.0035511043103444986,-0.0032203378410833043,-0.0003950880323771246,-0.0003950875230780358,0.0,0.0,8,UNCONFIGURED
4.799999999999693,0.8000000000000006,0.0,0.0,-0.11344212075558016,1.4351758307184574e-06,0.15978681997291802,89.99548494910101,89.99523569182328,0.1242773949303917,0.12531768206608906,179.99711757212697,-3.850854511044371e-07,-3.4559250320381533e-07,-0.0023839255486117084,-0.002160585576118277,-0.00014868350666459514,-0.00014868331979000368,0.0,0.0,8,UNCONFIGURED
4.809999999999692,0.8100000000000006,0.0,0.0,-0.11343894414095149,1.4351769950864305e-06,0.15980261219927497,89.99428610904246,89.99406616136788,0.11807921179625652,0.11388514436237446,179.99768827974208,-2.506136264497433e-07,-2.2639296618577472e-07,-0.0015983687253018032,-0.001448649808512565,-3.330805260628539e-05,-3.3307988488341e-05,0.0,0.0,8,UNCONFIGURED
4.819999999999691,0.8200000000000006,0.0,0.0,-0.11343623435701364,1.4351766858492025e-06,0.1598132067045794,89.99327260686127,89.99309657323593,0.0979778308757804,0.0925105736060495,179.99801155969627,-1.6804053922576936e-07,-1.5306524210769125e-07,-0.001072266341412074,-0.0009720874739200491,1.5130966849391875e-05,1.5130984791478929e-05,0.0,0.0,8,UNCONFIGURED
4.82999999999969,0.8300000000000006,0.0,0.0,-0.11343410260240556,1.4351759905833389e-06,0.15982032282264563,89.99247976431978,89.99234632529699,0.07585082483035216,0.07074627240581484,179.99820450303255,-1.1654305816899175e-07,-1.0702833263729472e-07,-0.0007202093798671168,-0.0006531389603984756,3.104613999845552e-05,3.104614138979694e-05,0.0,0.0,8,UNCONFIGURED
4.839999999999689,0.8400000000000006,0.0,0.0,-0.11343250296786607,1.4351753466969175e-06,0.1598251088381838,89.99188709778221,89.9917893377606,0.05632975916543861,0.05212841325602845,179.9983247232706,-8.336818727659419e-08,-7.707850736777358e-08,-0.0004843805639606943,-0.00043940774685991165,3.236905124320161e-05,3.2369047509096396e-05,0.0,0.0,8,UNCONFIGURED
4.849999999999688,0.8500000000000006,0.0,0.0,-0.11343133870203663,1.435174885359604e-06,0.15982833143343303,89.9914569082064,89.99138691915024,0.0407065114603962,0.03746874712175808,179.99840196286635,-6.108227262696554e-08,-5.673926126150544e-08,-0.00032615000489958436,-0.0002959428530429382,2.804240101793395e-05,2.8042396426481757e-05,0.0,0.0,8,UNCONFIGURED
4.859999999999687,0.8600000000000007,0.0,0.0,-0.11343050892371978,1.4351746086875767e-06,0.15983050329550985,89.99115092115547,89.99110162707302,0.028863040193312754,0.026465434122943644,179.99845262683056,-4.545863243398919e-08,-4.233985855601021e-08,-0.00021980829801883302,-0.0001994878280767517,2.2259546120092004e-05,2.225954210981877e-05,0.0,0.0,8,UNCONFIGURED
4.869999999999686,0.8700000000000007,0.0,0.0,-0.113429926390354,1.4351744752495142e-06,0.15983196798667043,89.99093642887563,89.99090212460011,0.02018595116767681,0.01845674280608405,179.9984863121292,-3.410481475367553e-08,-3.179820033283708e-08,-0.000148237728335349,-0.00013455130861837793,1.680004166349909e-05,1.6800038574036985e-05,0.0,0.0,8,UNCONFIGURED
4.879999999999685,0.8800000000000007,0.0,0.0,-0.11342952196814321,1.4351744376706967e-06,0.15983295620791865,89.99078768822667,89.99076402967562,0.013973818429835586,0.01274950420521663,179.99850890151347,-2.5642360161371424e-08,-2.3904832810965398e-08,-0.00010001565971984861,-9.078910350453879e-05,1.2275737039412275e-05,1.2275734812617385e-05,0.0,0.0,8,UNCONFIGURED
4.8899999999996835,0.8900000000000007,0.0,0.0,-0.11342924355168053,1.43517445659982e-06,0.15983362314243477,89.99068538123653,89.99066917628225,0.009598803287931747,0.008743529875754759,179.99852412903888,-1.924284454960777e-08,-1.7922709535702862e-08,-6.749913228277248e-05,-6.127525733933361e-05,8.773087720628405e-06,8.773086182943673e-06,0.0,0.0,8,UNCONFIGURED
4.899999999999682,0.9000000000000007,0.0,0.0,-0.11342905310963941,1.4351745038651177e-06,0.1598340733149562,89.99061544990002,89.99060440872043,0.0065545406525108485,0.00596302629968193,179.99853442450632,-1.4375629509356674e-08,-1.3371089897439006e-08,-4.556119190059679e-05,-4.136113232352539e-05,6.171108294427038e-06,6.171107265484542e-06,0.0,0.0,8,UNCONFIGURED
4.909999999999681,0.9100000000000007,0.0,0.0,-0.11342892348655396,1.4351745613067659e-06,0.15983437719638366,89.99056787787389,89.99056038561679,0.004455354252918309,0.004049356870969348,179.99854139601914,-1.0675428574094036e-08,-9.91350863504128e-09,-3.075538709276497e-05,-2.792040770154869e-05,4.290325456780403e-06,4.290324785614973e-06,0.0,0.0,8,UNCONFIGURED
4.91999999999968,0.9200000000000007,0.0,0.0,-0.1134288355953882,1.4351746183444789e-06,0.15983458232898295,89.99053563588143,89.99053056766145,0.003017808887830915,0.002740764778853739,179.99854611967268,-7.874682630691573e-09,-7.300159710794688e-09,-2.0761201284099438e-05,-1.884741977547731e-05,2.9565942384078487e-06,2.956593810333489e-06,0.0,0.0,8,UNCONFIGURED
4.929999999999679,0.9300000000000007,0.0,0.0,-0.11342877617521,1.435174669577058e-06,0.15983472079927535,89.99051384564162,89.99051042535564,0.002038572374640751,0.0018503707506613016,179.9985493204968,-5.768587194120877e-09,-5.338581505322633e-09,-1.4014414673723434e-05,-1.272245644161909e-05,2.0238385366725705e-06,2.0238382693893283e-06,0.0,0.0,8,UNCONFIGURED
4.939999999999678,0.9400000000000007,0.0,0.0,-0.11342873609314277,1.4351747128587516e-06,0.15983481426733848,89.99049915130632,89.99049684737702,0.0013742529459518245,0.001246845620610697,179.99855148892,-4.196917141331179e-09,-3.877622796586974e-09,-9.459800236970602e-06,-8.587637791147316e-06,1.3782192819154585e-06,1.378219118570794e-06,0.0,0.0,8,UNCONFIGURED
4.949999999999677,0.9500000000000007,0.0,0.0,-0.1134287091012239,1.4351747479228445e-06,0.15983487735622348,89.99048925809603,89.99048770808433,0.0009249916128962696,0.0008389689654866462,179.99855295736097,-3.0333668630097077e-09,-2.798174389361084e-09,-6.3851597558048805e-06,-5.796413698969601e-06,9.348324669229126e-07,9.348323693568951e-07,0.0,0.0,8,UNCONFIGURED
4.959999999999676,0.9600000000000007,0.0,0.0,-0.1134286909470234,1.4351747754716732e-06,0.15983491993830537,89.99048260507291,89.99048156351711,0.0006218985006920963,0.0005639347326393242,179.99855395133073,-2.1788031443922334e-09,-2.0068947118000335e-09,-4.309688153974706e-06,-3.91228059136136e-06,6.321520576119047e-07,6.321520008555674e-07,0.0,0.0,8,UNCONFIGURED
4.969999999999675,0.9700000000000008,0.0,0.0,-0.11342867874773184,1.4351747966119998e-06,0.15983494867843254,89.99047813538246,89.99047743582652,0.0004177885208880863,0.00037879001794888256,179.99855462382902,-1.5558871262209285e-09,-1.4311242878739285e-09,-2.9087577257959466e-06,-2.640518669908207e-06,4.2647711764106345e-07,4.2647708566287555e-07,0.0,0.0,8,UNCONFIGURED
4.979999999999674,0.9800000000000008,0.0,0.0,-0.11342867055497204,1.4351748125343282e-06,0.15983496807578654,89.99047513389736,89.99047466428813,0.00028052072571379774,0.0002543108444810071,179.99855507863163,-1.1050709275353153e-09,-1.0151729285157689e-09,-1.963184692861864e-06,-1.7821387811680783e-06,2.8721418598842326e-07,2.8721416873288903e-07,0.0,0.0,8,UNCONFIGURED
4.9899999999996725,0.9900000000000008,0.0,0.0,-0.11342866505496436,1.4351748243460752e-06,0.15983498116739034,89.99047311906098,89.99047280387124,0.00018829457534749362,0.00017069301111603856,179.9985553860913,-7.809860851292354e-10,-7.166268205700963e-10,-1.324985840190797e-06,-1.2027943881145222e-06,1.9317529813068493e-07,1.9317528938260777e-07,0.0,0.0,8,UNCONFIGURED
4.999999999999671,1.0000000000000007,0.0,0.0,-0.11342866136337872,1.4351748329993655e-06,0.15983499000315562,89.9904717668294,89.99047155530356,0.00012637144114273217,0.00011455677054014247,179.99855559387422,-5.494660439076203e-10,-5.036338965025386e-10,-8.942567048965878e-07,-8.117890727901653e-07,1.2980546896894833e-07,1.298054649798323e-07,0.0,0.0,8,UNCONFIGURED
5.00999999999967,1.0100000000000007,0.0,0.0,-0.113428658885719,1.4351748392714503e-06,0.15983499596664494,89.9904708593287,89.99047071731722,8.481183811211846e-05,7.68837569545456e-05,179.9985557342538,-3.84933702100886e-10,-3.524667352312207e-10,-6.035567125750588e-07,-5.47899422044579e-07,8.716831304091213e-08,8.716831160233264e-08,0.0,0.0,8,UNCONFIGURED
5.019999999999669,1.0200000000000007,0.0,0.0,-0.11342865722269643,1.4351748437775633e-06,0.1598349999916381,89.99047025018206,89.99047015487615,5.692532760101188e-05,5.160591490600069e-05,179.99855582907432,-2.686848477620692e-10,-2.4580563258701416e-10,-4.0736372814758277e-07,-3.698006351228079e-07,5.8512882707819454e-08,5.851288256306546e-08,0.0,0.0,8,UNCONFIGURED
5.029999999999668,1.0300000000000007,0.0,0.0,-0.11342865610629664,1.43517484698931e-06,0.15983500270833473,89.99046984123768,89.99046977729509,3.821470292198838e-05,3.464554502964727e-05,179.99855589310752,-1.8685412856726435e-10,-1.7080323608138067e-10,-2.7495264652971855e-07,-2.4960102478993876e-07,3.926933578661329e-08,3.926933621861332e-08,0.0,0.0,8,UNCONFIGURED
5.039999999999667,1.0400000000000007,0.0,0.0,-0.11342865535668825,1.4351748492637313e-06,0.15983500454204497,89.99046956669298,89.99046952370885,2.5660008937591652e-05,2.326493606535464e-05,179.99855593634402,-1.2955031758008683e-10,-1.1834256757551046e-10,-1.8558676772357502e-07,-1.6847641435026528e-07,2.635297239651116e-08,2.6352973019795874e-08,0.0,0.0,8,UNCONFIGURED
5.049999999999666,1.0500000000000007,0.0,0.0,-0.1134286548532312,1.4351748508647913e-06,0.15983500577980236,89.99046938229088,89.99046935341863,1.723465768243448e-05,1.5627138068371766e-05,179.9985559655339,-8.956774789770365e-11,-8.176674062157356e-11,-1.2527124053817486e-07,-1.137227806508079e-07,1.768602305262874e-08,1.768602368996891e-08,0.0,0.0,8,UNCONFIGURED
5.059999999999665,1.0600000000000007,0.0,0.0,-0.11342865451499692,1.435174851986459e-06,0.15983500661532227,89.99046925842761,89.9904692390777,1.1579245653843196e-05,1.050004242727672e-05,179.99855598523953,-6.176477142420487e-11,-5.6352326281916837e-11,-8.456140916064332e-08,-7.676663772901989e-08,1.1871184205522956e-08,1.1871184761186764e-08,0.0,0.0,8,UNCONFIGURED
5.069999999999664,1.0700000000000007,0.0,0.0,-0.11342865428769204,1.4351748527691469e-06,0.1598350071793433,89.99046917521564,89.99046916217559,7.782103764187902e-06,7.057372306808186e-06,179.99855599854234,-4.251530095072993e-11,-3.8772514021958746e-11,-5.708345482418378e-08,-5.1822086774855e-08,7.969850183246077e-09,7.969850632310391e-09,0.0,0.0,8,UNCONFIGURED
5.079999999999663,1.0800000000000007,0.0,0.0,-0.11342865413488597,1.4351748533134905e-06,0.15983500756010324,89.99046911923152,89.99046911047448,5.231863586449265e-06,4.745019700310263e-06,179.99855600752304,-2.921648822703972e-11,-2.6630008026607267e-11,-3.8535929567660136e-08,-3.498443474985423e-08,5.35204175062793e-09,5.352042106971547e-09,0.0,0.0,8,UNCONFIGURED
5.0899999999996615,1.0900000000000007,0.0,0.0,-0.11342865403212829,1.435174853690374e-06,0.15983500781715754,89.99046908160304,89.99046907571405,3.518510459397937e-06,3.191359887814155e-06,179.99855601358482,-2.002261732247611e-11,-1.825165652204227e-11,-2.6015909421445392e-08,-2.36185032649409e-08,3.595144001662615e-09,3.5951442671645657e-09,0.0,0.0,8,UNCONFIGURED
5.09999999999966,1.1000000000000008,0.0,0.0,-0.11342865396300432,1.4351748539503142e-06,0.159835007990704,89.99046905640276,89.99046905238754,2.3670225338511324e-06,2.147107934560433e-06,179.9985560176759,-1.3697103713969163e-11,-1.2463850683062714e-11,-1.7564246804270046e-08,-1.594583054698031e-08,2.415735379031585e-09,2.415735584352019e-09,0.0,0.0,8,UNCONFIGURED
5.109999999999659,1.1100000000000008,0.0,0.0,-0.11342865391649068,1.4351748541292181e-06,0.15983500810787593,89.99046903927118,89.99046903659436,1.5928806165443214e-06,1.4450008553014675e-06,179.99855602043718,-9.363439456499753e-12,-8.505952563879972e-12,-1.1858696471221832e-08,-1.0766106591850896e-08,1.623763838521189e-09,1.6237639725320301e-09,0.0,0.0,8,UNCONFIGURED
5.119999999999658,1.1200000000000008,0.0,0.0,-0.11342865388518199,1.4351748542510573e-06,0.15983500818698887,89.99046902779916,89.99046902604012,1.0722505724872431e-06,9.72776534248901e-07,179.9985560222986,-6.331928784415818e-12,-5.749771302410467e-12,-8.006830415945106e-09,-7.269194402290054e-09,1.0917855749592585e-09,1.091785696076044e-09,0.0,0.0,8,UNCONFIGURED
5.129999999999657,1.1300000000000008,0.0,0.0,-0.11342865386410173,1.4351748543352424e-06,0.15983500824040683,89.99046902011291,89.99046901888923,7.219967183757347e-07,6.550618477626814e-07,179.9985560235565,-4.353678722874392e-12,-3.9634609220594015e-12,-5.406296541489488e-09,-4.9082793038960866e-09,7.343280451362252e-10,7.343281498501638e-10,0.0,0.0,8,UNCONFIGURED
5.139999999999656,1.1400000000000008,0.0,0.0,-0.11342865384990437,1.4351748543923426e-06,0.15983500827647645,89.99046901491226,89.99046901410924,4.86287775671063e-07,4.412340493286748e-07,179.99855602440442,-2.9297962224336004e-12,-2.686297250851063e-12,-3.6505127056678954e-09,-3.314261777957138e-09,4.940546745477077e-10,4.940547382768718e-10,0.0,0.0,8,UNCONFIGURED
5.149999999999655,1.1500000000000008,0.0,0.0,-0.11342865384034008,1.435174854431601e-06,0.15983500830083266,89.99046901135596,89.9904690108206,3.2761479035390627e-07,2.9728010778692176e-07,179.9985560249774,-2.010215922200262e-12,-1.8171958273250233e-12,-2.465027279441295e-09,-2.237989136477544e-09,3.3249406194722617e-10,3.32494107963849e-10,0.0,0.0,8,UNCONFIGURED
5.159999999999654,1.1600000000000008,0.0,0.0,-0.11342865383389537,1.4351748544584687e-06,0.1598350083172798,89.99046900894685,89.99046900856445,2.2076900243973955e-07,2.0033895578381237e-07,179.99855602536434,-1.3586241034575134e-12,-1.2402086221346056e-12,-1.664571573860011e-09,-1.5112691966884069e-09,2.2382314387258726e-10,2.2382315991454578e-10,0.0,0.0,8,UNCONFIGURED
5.169999999999653,1.1700000000000008,0.0,0.0,-0.11342865382955175,1.4351748544763195e-06,0.15983500832838646,89.990469007379,89.99046900714957,1.4880258582817036e-07,1.3503952240822817e-07,179.9985560256245,-9.025868929845461e-13,-8.16654788809227e-13,-1.1240754391678121e-09,-1.0205579236036695e-09,1.5070329146148794e-10,1.5070330740966604e-10,0.0,0.0,8,UNCONFIGURED
5.1799999999996515,1.1800000000000008,0.0,0.0,-0.11342865382662362,1.4351748544884226e-06,0.15983500833588693,89.99046900642301,89.99046900623179,1.0031649353937754e-07,9.104238718570581e-08,179.99855602580013,-6.119788743264117e-13,-5.666499048020953e-13,-7.591015293625057e-10,-6.891993331796927e-10,1.0148927399243117e-10,1.0148928528498177e-10,0.0,0.0,8,UNCONFIGURED
5.1899999999996504,1.1900000000000008,0.0,0.0,-0.11342865382464933,1.4351748544966951e-06,0.1598350083409522,89.9904690057347,89.99046900561996,6.764194981232044e-08,6.139133079970035e-08,179.9985560259189,-4.2339906903171867e-13,-3.7534149048051844e-13,-5.126427693701382e-10,-4.6543849073559894e-10,6.835456803393282e-11,6.835456903633644e-11,0.0,0.0,8,UNCONFIGURED
5.199999999999649,1.2000000000000008,0.0,0.0,-0.11342865382331793,1.4351748545007774e-06,0.15983500834437303,89.99046900523757,89.99046900519933,4.561792906350294e-08,4.140420597612857e-08,179.99855602599558,-2.261152593272285e-13,-1.9768217499647438e-13,-3.4621004518851294e-10,-3.143326299583403e-10,4.603943681335857e-11,4.603944914561274e-11,0.0,0.0,8,UNCONFIGURED
5.209999999999648,1.2100000000000009,0.0,0.0,-0.11342865382241991,1.4351748545033695e-06,0.1598350083466833,89.99046900496988,89.99046900485517,3.076999796219196e-08,2.7928854122583228e-08,179.99855602604705,-1.4728018420253422e-13,-1.3820737417836814e-13,-2.338152546044536e-10,-2.1228769056775443e-10,3.1006891652720744e-11,3.100690865175857e-11,0.0,0.0,8,UNCONFIGURED
5.219999999999647,1.2200000000000009,0.0,0.0,-0.11342865382181415,1.4351748545057008e-06,0.1598350083482436,89.99046900462572,89.99046900462572,2.0757927617611462e-08,1.884191428987479e-08,179.9985560260831,-1.2199919492684696e-13,-1.1883030929680357e-13,-1.5791128618957807e-10,-1.433725924379998e-10,2.0877883318026633e-11,2.0877902882488717e-11,0.0,0.0,8,UNCONFIGURED
5.229999999999646,1.2300000000000009,0.0,0.0,-0.11342865382140545,1.435174854508149e-06,0.1598350083492974,89.99046900451101,89.99046900447277,1.4005466943558724e-08,1.2713085718662503e-08,179.99855602610927,-1.1202116097728492e-13,-1.1062324613268552e-13,-1.0664946684695253e-10,-9.683066461064254e-11,1.405146831197624e-11,1.405146825172854e-11,0.0,0.0,8,UNCONFIGURED
5.239999999999645,1.2400000000000009,0.0,0.0,-0.11342865382112967,1.435174854510765e-06,0.15983500835000908,89.99046900439629,89.9904690043198,9.450744799096047e-09,8.578929465309872e-09,179.998556026129,-1.1064920412341719e-13,-1.1062456997997883e-13,-7.202946837072604e-11,-6.539829248129232e-11,9.44972207184438e-12,9.44973695876648e-12,0.0,0.0,8,UNCONFIGURED
5.249999999999644,1.2500000000000009,0.0,0.0,-0.1134286538209436,1.4351748545135371e-06,0.15983500835048978,89.9904690043198,89.99046900428156,6.377839095633224e-09,5.789619692634413e-09,179.99855602614457,-1.1207555702735689e-13,-1.1214241112098899e-13,-4.864855028405435e-11,-4.4170074850799383e-11,6.34692369759411e-12,6.346933974654136e-12,0.0,0.0,8,UNCONFIGURED
5.259999999999643,1.260000000000001,0.0,0.0,-0.113428653820818,1.4351748545163255e-06,0.15983500835081443,89.99046900428156,89.99046900428156,4.304485850258801e-09,3.907594367193687e-09,179.99855602615693,-1.112794891997211e-13,-1.1101898269734678e-13,-3.285768509160174e-11,-2.983298865610573e-11,4.2544154970906565e-12,4.254419073043998e-12,0.0,0.0,8,UNCONFIGURED
5.269999999999642,1.270000000000001,0.0,0.0,-0.11342865382073325,1.4351748545176355e-06,0.1598350083510337,89.99046900428156,89.99046900428156,2.9054261538850498e-09,2.637610116993678e-09,179.99855602616398,-5.077277829711288e-14,-3.880293692398488e-14,-2.2192583050497245e-11,-2.0149825576329266e-11,2.843032940067923e-12,2.8430241473943998e-12,0.0,0.0,8,UNCONFIGURED
5.2799999999996405,1.280000000000001,0.0,0.0,-0.11342865382067606,1.4351748545180584e-06,0.15983500835118183,89.99046900424332,89.99046900424332,1.961320383571753e-09,1.7805411101510698e-09,179.99855602616768,-1.736524113686645e-14,-1.3219541081982802e-14,-1.4989704868446897e-11,-1.3609879702032729e-11,1.891215570562506e-12,1.8912115421820217e-12,0.0,0.0,8,UNCONFIGURED
5.289999999999639,1.290000000000001,0.0,0.0,-0.11342865382063747,1.4351748545181484e-06,0.15983500835128184,89.99046900424332,89.9904690042051,1.3240134569499154e-09,1.2019833737919036e-09,179.99855602616984,-5.816393967804136e-15,-3.905957008451839e-15,-1.0124198921737841e-11,-9.192353754766838e-12,1.2489364764583062e-12,1.2489156211860315e-12,0.0,0.0,8,UNCONFIGURED
5.299999999999638,1.300000000000001,0.0,0.0,-0.1134286538206114,1.4351748545181412e-06,0.15983500835135128,89.9904690042051,89.9904690042051,8.936624529277528e-10,8.112060306747394e-10,179.99855602617112,-6.810271050213674e-17,2.388818965204692e-16,-6.83853787572888e-12,-6.209272411255549e-12,-3.687247313344979e-13,-3.6869600701264604e-13,0.0,0.0,8,UNCONFIGURED
5.309999999999637,1.310000000000001,0.0,0.0,-0.11342865382059394,1.4351748545181056e-06,0.1598350083514016,89.99046900416685,89.99046900416685,6.745623501150036e-10,5.965582076240007e-10,179.998556026172,1.2948088715079171e-15,1.4679572313620545e-15,-5.091134340282532e-12,-4.518139851541208e-12,1.7515391786994004e-13,1.7514556496242127e-13,0.0,0.0,8,UNCONFIGURED
5.319999999999636,1.320000000000001,0.0,0.0,-0.11342865382058331,1.4351748545180817e-06,0.15983500835144,89.99046900416685,89.99046900416685,5.397048886592714e-10,4.5835502243709406e-10,179.99855602617248,3.756176500793526e-15,3.411360658072531e-15,-3.880672914415357e-12,-3.3363275166747114e-12,-1.3882912338054538e-13,-1.3878817843150173e-13,0.0,0.0,8,UNCONFIGURED
5.329999999999635,1.330000000000001,0.0,0.0,-0.1134286538205779,1.4351748545180226e-06,0.15983500835146777,89.99046900416685,89.99046900416685,4.708177597749863e-10,3.845846904375997e-10,179.99855602617316,-2.4535115247649956e-15,-2.2273175775310954e-15,-3.0771680502547898e-12,-2.5661754364895998e-12,-1.0008737188793165e-13,-1.0004910422436938e-13,0.0,0.0,8,UNCONFIGURED
5.339999999999634,1.340000000000001,0.0,0.0,-0.11342865382057657,1.435174854517971e-06,0.15983500835148762,89.99046900416685,89.99046900416685,4.2091651743424077e-10,3.688407957373272e-10,179.99855602617376,-5.3461441706806234e-15,-3.823376310355639e-15,-2.4337771394615895e-12,-2.131345398644257e-12,3.6525087394627457e-13,3.6533421352244964e-13,0.0,0.0,8,UNCONFIGURED
5.349999999999633,1.350000000000001,0.0,0.0,-0.11342865382057842,1.4351748545179065e-06,0.15983500835150144,89.99046900416685,89.99046900416685,1.353098967650121e-10,4.1172475539108726e-10,179.99855602617424,-1.5749792800194815e-16,-4.721993661488266e-15,-9.266447059393952e-13,-1.993924235991461e-12,1.362746228601871e-12,1.3628607562154563e-12,0.0,0.0,8,UNCONFIGURED
5.359999999999632,1.360000000000001,0.0,0.0,-0.11342865382058273,1.4351748545178468e-06,0.15983500835151077,89.99046900416685,89.99046900416685,1.1610655914313404e-10,5.744710481571982e-11,179.99855602617458,-4.935835117053381e-16,-5.1655138646673474e-17,-6.678299368267065e-13,-4.001508035764191e-13,3.0379246262182988e-12,3.0379967250336635e-12,0.0,0.0,8,UNCONFIGURED
5.369999999999631,1.370000000000001,0.0,0.0,-0.11342865382058893,1.435174854517793e-06,0.15983500835151657,89.99046900416685,89.99046900416685,1.3343968151192148e-10,5.747886300038263e-11,179.9985560261749,-1.521045220439274e-15,-1.3160494585289279e-15,-5.889803996231609e-13,-2.8369570187284503e-13,9.579573521586893e-13,9.579850135729558e-13,0.0,0.0,8,UNCONFIGURED
5.3799999999996295,1.380000000000001,0.0,0.0,-0.11342865382059689,1.435174854517724e-06,0.15983500835152084,89.99046900416685,89.99046900416685,1.9250578859318361e-10,1.058118459931635e-10,179.99855602617527,-5.0828770024931515e-15,-2.946038739270915e-15,-6.970519511713099e-13,-3.7650014662509563e-13,1.7148518644485111e-12,1.7149035415043584e-12,0.0,0.0,8,UNCONFIGURED
5.389999999999628,1.390000000000001,0.0,0.0,-0.11342865382060624,1.4351748545176592e-06,0.15983500835152414,89.99046900416685,89.99046900416685,2.390569314999946e-10,1.933572798047067e-10,179.9985560261757,-6.468772403166443e-15,-6.393560249419772e-15,-7.703228174402978e-13,-6.074348080178426e-13,2.93504442026067e-12,2.9350994273976856e-12,0.0,0.0,8,UNCONFIGURED
5.399999999999627,1.400000000000001,0.0,0.0,-0.1134286538206155,1.435174854517562e-06,0.15983500835152403,89.99046900416685,89.99046900416685,-5.455667709920585e-11,-9.975193252083923e-11,179.998556026176,-2.2149504643234908e-15,-9.53066364243378e-16,2.390880686879058e-13,3.918718957057107e-13,4.690051814562005e-12,4.690111989622143e-12,0.0,0.0,8,UNCONFIGURED
5.409999999999626,1.410000000000001,0.0,0.0,-0.11342865382062532,1.43517485451742e-06,0.1598350083515234,89.99046900416685,89.99046900416685,2.1437042043613577e-12,-6.073964178474093e-11,179.99855602617637,-6.3361721337402706e-15,-3.4083542595113932e-15,6.037842164939567e-14,2.642890062251367e-13,1.4314764420372378e-12,1.4314952448383263e-12,0.0,0.0,8,UNCONFIGURED
5.419999999999625,1.420000000000001,0.0,0.0,-0.11342865382063706,1.4351748545172418e-06,0.15983500835152545,89.99046900416685,89.99046900416685,8.556122148182884e-11,-3.648993506696167e-13,179.9985560261771,-9.676424805927238e-15,-7.817265969146989e-15,-2.033476429481028e-13,6.865483427773031e-14,2.2749333212193825e-12,2.274974611499043e-12,0.0,0.0,8,UNCONFIGURED
5.429999999999624,1.430000000000001,0.0,0.0,-0.11342865382064832,1.435174854517036e-06,0.15983500835152542,89.99046900416685,89.99046900416685,1.409220505126228e-10,1.0389777005437988e-10,179.99855602617785,-1.8146442808885376e-14,-1.6959024239268922e-14,-3.784255613394985e-13,-2.643255235990282e-13,3.436780535055479e-12,3.436773924704587e-12,0.0,0.0,8,UNCONFIGURED
5.439999999999623,1.440000000000001,0.0,0.0,-0.11342865382065881,1.4351748545168568e-06,0.1598350083515234,89.99046900416685,89.99046900416685,-1.1088784421526252e-10,-1.4824922146999688e-10,179.99855602617833,-5.923302906554473e-15,-4.336926155581387e-15,4.018034116287378e-13,5.160331484098782e-13,5.136802027073365e-12,5.136673353741063e-12,0.0,0.0,8,UNCONFIGURED
5.449999999999622,1.450000000000001,0.0,0.0,-0.1134286538206693,1.4351748545166633e-06,0.15983500835152165,89.99046900416685,89.99046900416685,-4.256116048184835e-11,-9.679327050865192e-11,179.99855602617893,-1.0496475649393437e-14,-7.667780006584894e-15,1.7675056105979684e-13,3.4341663391701315e-13,1.5534576413649699e-12,1.5534127990903432e-12,0.0,0.0,8,UNCONFIGURED
5.459999999999621,1.460000000000001,0.0,0.0,-0.1134286538206812,1.4351748545152272e-06,0.15983500835152278,89.99046900416685,89.99046900416685,4.692723240067338e-11,-2.935258699416152e-11,179.9985560261776,4.463037086468864e-14,4.313092783432634e-14,-1.086282413049325e-13,1.2554368237255169e-13,2.361108985230541e-12,2.3610721733779047e-12,0.0,0.0,8,UNCONFIGURED
5.46999999999962,1.470000000000001,0.0,0.0,-0.11342865382069228,1.4351748545143392e-06,0.1598350083515224,89.99046900416685,89.99046900416685,1.0747491452486591e-10,7.540230338973305e-11,179.99855602617572,3.759285545618903e-14,3.2147562610640696e-14,-2.992747606661539e-13,-2.0195132567340509e-13,3.456561545145321e-12,3.456451371661788e-12,0.0,0.0,8,UNCONFIGURED
5.4799999999996185,1.480000000000001,0.0,0.0,-0.11342865382070359,1.4351748545139712e-06,0.15983500835152256,89.99046900416685,89.99046900416685,-1.167992074663639e-10,2.150764489846538e-10,179.99855602617455,1.658964321255941e-14,2.4345368288574258e-14,3.8466922350381604e-13,-6.319748044748492e-13,5.09594330019964e-12,5.0958189958315645e-12,0.0,0.0,8,UNCONFIGURED
5.489999999999617,1.490000000000001,0.0,0.0,-0.11342865382071385,1.4351748545138238e-06,0.15983500835152042,89.99046900416685,89.99046900416685,-6.134661031827132e-11,-1.1139291713638454e-10,179.9985560261738,1.1391651462107507e-14,8.904752803451384e-15,2.10241763702784e-13,3.6204482021399356e-13,1.5461088959983526e-12,1.5460663124923031e-12,0.0,0.0,8,UNCONFIGURED
5.499999999999616,1.500000000000001,0.0,0.0,-0.11342865382072538,1.4351748545138327e-06,0.15983500835152112,89.99046900416685,89.99046900416685,2.65969081603404e-11,-4.349057944974561e-11,179.99855602617288,1.5890634369372985e-14,1.2871085819285481e-14,-6.42256858454739e-14,1.4941493264965082e-13,2.250960843138186e-12,2.250891780611304e-12,0.0,0.0,8,UNCONFIGURED
5.509999999999615,1.5100000000000011,0.0,0.0,-0.11342865382073736,1.4351748545139568e-06,0.15983500835152256,89.99046900416685,89.99046900416685,1.3475338860750516e-10,4.691982015855335e-11,179.99855602617197,2.0632674189659606e-14,1.5773892794833445e-14,-3.9591819624424496e-13,-1.282481300901903e-13,3.302062301542139e-12,3.3020208181383714e-12,0.0,0.0,8,UNCONFIGURED
5.519999999999614,1.5200000000000011,0.0,0.0,-0.11342865382074847,1.435174854514075e-06,0.15983500835152215,89.99046900416685,89.99046900416685,-1.3238040011675203e-10,1.8089202663457153e-10,179.99855602617114,8.316723185459575e-15,2.2419428640711782e-14,4.172538200843956e-13,-5.415809808684752e-13,4.752511390165589e-12,4.75244840420336e-12,0.0,0.0,8,UNCONFIGURED
5.529999999999613,1.5300000000000011,0.0,0.0,-0.11342865382075859,1.4351748545141546e-06,0.15983500835151973,89.99046900416685,89.99046900416685,-7.592359450569263e-11,-1.2185853243172786e-10,179.9985560261704,1.0007572606547441e-14,7.95728440425184e-15,2.4148370397912806e-13,3.81475518380123e-13,1.4346021872105755e-12,1.4345852603178137e-12,0.0,0.0,8,UNCONFIGURED
5.539999999999612,1.5400000000000011,0.0,0.0,-0.11342865382076978,1.4351748545143352e-06,0.15983500835151998,89.99046900416685,89.99046900416685,1.0458553455059977e-11,-5.4160997864741344e-11,179.99855602616955,1.421895952499326e-14,1.1767856024122779e-14,-2.2594129655971924e-14,1.7447654527158072e-13,2.086389118176243e-12,2.0863865322765806e-12,0.0,0.0,8,UNCONFIGURED
5.549999999999611,1.5500000000000012,0.0,0.0,-0.11342865382078127,1.435174854515085e-06,0.1598350083515211,89.99046900416685,89.99046900416685,1.1373689698547843e-10,3.266296640932017e-11,179.99855602616955,7.149150933361121e-15,-2.0522402735815847e-14,-3.4074361955266427e-13,-9.294550953562081e-14,3.0747509948996873e-12,3.0748094281677604e-12,0.0,0.0,8,UNCONFIGURED
5.55999999999961,1.5600000000000012,0.0,0.0,-0.1134286538207919,1.4351748545158084e-06,0.1598350083515205,89.99046900416685,89.99046900416685,-1.3238325631337495e-10,1.6005490497630736e-10,179.9985560261698,-9.042628033300003e-15,3.827952123061235e-15,4.105783046512285e-13,-4.86398331760821e-13,4.427430262519181e-12,4.427553890719001e-12,0.0,0.0,8,UNCONFIGURED
5.569999999999609,1.5700000000000012,0.0,0.0,-0.11342865382080262,1.4351748545162468e-06,0.1598350083515203,89.99046900416685,89.99046900416685,-7.768372725004332e-11,-1.1999546421721408e-10,179.99855602616955,1.6013150833235683e-15,1.5582379141913076e-15,2.4083643116729716e-13,3.7051653970359046e-13,6.4636872361159555e-12,6.463861569533467e-12,0.0,0.0,8,UNCONFIGURED
5.5799999999996075,1.5800000000000012,0.0,0.0,-0.11342865382081342,1.4351748545167603e-06,0.15983500835152006,89.99046900416685,89.99046900416685,-7.869697817556879e-12,-7.01206541315096e-11,179.99855602616947,9.10190181485639e-15,-1.4307260529298372e-14,2.3916461155398947e-14,2.150445672177571e-13,1.9802984201546396e-12,1.9803439448740133e-12,0.0,0.0,8,UNCONFIGURED
5.589999999999606,1.5900000000000012,0.0,0.0,-0.11342865382082455,1.435174854517228e-06,0.1598350083515206,89.99046900416685,89.99046900416685,8.787639518344478e-11,1.2824008626645875e-11,179.99855602617012,-1.198707244034937e-14,-9.12094441267e-15,-2.692663224429283e-13,-3.901614348763278e-14,2.8502915269681842e-12,2.8504142727570604e-12,0.0,0.0,8,UNCONFIGURED
5.599999999999605,1.6000000000000012,0.0,0.0,-0.11342865382083601,1.4351748545175004e-06,0.15983500835152173,89.99046900416685,89.99046900416685,1.6124977874333989e-10,1.2338040651530716e-10,179.9985560261703,-1.220834776526086e-15,-5.045733086378854e-16,-4.94718105687331e-13,-3.7838057459610774e-13,4.152922656043907e-12,4.15311890032813e-12,0.0,0.0,8,UNCONFIGURED
5.609999999999604,1.6100000000000012,0.0,0.0,-0.11342865382084659,1.4351748545176727e-06,0.15983500835152079,89.99046900416685,89.99046900416685,-9.825206359148566e-11,-1.3717652540746264e-10,179.9985560261701,5.786683796364887e-16,8.847981323407123e-17,3.021374845779785e-13,4.216929265446954e-13,5.93697484186376e-12,5.937196348328966e-12,0.0,0.0,8,UNCONFIGURED
5.619999999999603,1.6200000000000012,0.0,0.0,-0.11342865382085718,1.43517485451781e-06,0.15983500835151987,89.99046900416685,89.99046900416685,-2.814057632836327e-11,-8.537178900573809e-11,179.9985560261696,6.600806698352977e-15,6.45838717942409e-15,8.7348083673346e-14,2.628844133963538e-13,1.8110775799291154e-12,1.811138286786367e-12,0.0,0.0,8,UNCONFIGURED
5.629999999999602,1.6300000000000012,0.0,0.0,-0.11342865382086932,1.4351748545182566e-06,0.1598350083515218,89.99046900416685,89.99046900416685,6.275581576035389e-11,-1.7682290156706386e-11,179.9985560261694,1.3233758958731041e-14,-1.2122124070927253e-14,-1.9402505939133183e-13,5.319197629621175e-14,2.658472284846896e-12,2.6586048802922325e-12,0.0,0.0,8,UNCONFIGURED
5.639999999999601,1.6400000000000012,0.0,0.0,-0.11342865382088069,1.4351748545186742e-06,0.15983500835152206,89.99046900416685,89.99046900416685,1.2408208265063421e-10,8.974298323638521e-11,179.9985560261698,-7.464437501039165e-15,-6.204988265203447e-15,-3.817764686857301e-13,-2.7634120929285224e-13,3.806212199111472e-12,3.806400883059135e-12,0.0,0.0,8,UNCONFIGURED
5.6499999999996,1.6500000000000012,0.0,0.0,-0.11342865382089115,1.4351748545188643e-06,0.1598350083515205,89.99046900416685,89.99046900416685,-1.1381770541649693e-10,-1.4884617097931596e-10,179.9985560261699,-1.5828590440514474e-15,-6.223895349987007e-16,3.492335429187503e-13,4.572655756514179e-13,5.442157223173895e-12,5.442555119318966e-12,0.0,0.0,8,UNCONFIGURED
5.659999999999599,1.6600000000000013,0.0,0.0,-0.11342865382090149,1.4351748545189547e-06,0.15983500835151918,89.99046900416685,89.99046900416685,-4.2540591927675135e-11,-9.484691063033542e-11,179.99855602616998,-2.1407401409585576e-15,-1.122808545671721e-15,1.3308833619950326e-13,2.9362926825771895e-13,1.648989839144936e-12,1.6491125611896824e-12,0.0,0.0,8,UNCONFIGURED
5.669999999999598,1.6700000000000013,0.0,0.0,-0.11342865382091318,1.4351748545190773e-06,0.15983500835152062,89.99046900416685,89.99046900416685,4.746964099377913e-11,-2.6850359152102142e-11,179.9985560261697,5.340067852382245e-15,4.493488351949662e-15,-1.4271266239785844e-13,8.53953855386239e-14,2.435216327879565e-12,2.4353530637262652e-12,0.0,0.0,8,UNCONFIGURED
5.6799999999995965,1.6800000000000013,0.0,0.0,-0.11342865382092403,1.4351748545191781e-06,0.15983500835152056,89.99046900416685,89.99046900416685,1.0779582258048481e-10,7.631605129819629e-11,179.99855602616933,8.172890016752866e-15,8.068044327246944e-15,-3.290439506118436e-13,-2.3293132728275596e-13,3.507622020670786e-12,3.5078517361314915e-12,0.0,0.0,8,UNCONFIGURED
5.689999999999595,1.6900000000000013,0.0,0.0,-0.11342865382093509,1.435174854518866e-06,0.15983500835152104,89.99046900416685,89.99046900416685,-1.1222983968688571e-10,2.122976864270528e-10,179.99855602618123,3.4341865697288473e-15,-5.573825596087506e-13,3.455951306773218e-13,-6.540149835666817e-13,5.12415951601286e-12,5.124521778928769e-12,0.0,0.0,8,UNCONFIGURED
5.699999999999594,1.7000000000000013,0.0,0.0,-0.11342865382094512,1.4351748545162216e-06,0.15983500835151923,89.99046900416685,89.99046900416685,-5.866790615180982e-11,-1.0778338926973292e-10,179.99855602618996,-1.4884836826306253e-13,-6.396904944370574e-14,1.7906701687176546e-13,3.3013066089016426e-13,1.5562651943941431e-12,1.5563668195457115e-12,0.0,0.0,8,UNCONFIGURED
5.709999999999593,1.7100000000000013,0.0,0.0,-0.11342865382095642,1.435174854508146e-06,0.15983500835152006,89.99046900416685,89.99046900416685,2.6718853954763787e-11,-4.1939835691761176e-11,179.9985560262044,-2.38764912159107e-13,-1.3164517896738997e-13,-8.22545738791617e-14,1.2865377749269219e-13,2.249337233097748e-12,2.2493162570198632e-12,0.0,0.0,8,UNCONFIGURED
5.719999999999592,1.7200000000000013,0.0,0.0,-0.11342865382096813,1.435174854496631e-06,0.15983500835152162,89.99046900416685,89.99046900416685,1.3098964286377678e-10,4.5049679340814e-11,179.99855602622327,-4.5090578001446513e-13,-3.067576491840272e-13,-3.999535172165243e-13,-1.3688878789464913e-13,3.2858697343195865e-12,3.285229378597043e-12,0.0,0.0,8,UNCONFIGURED
5.729999999999591,1.7300000000000013,0.0,0.0,-0.11342865382097903,1.4351748544847041e-06,0.1598350083515213,89.99046900416685,89.99046900416685,-1.302886373682876e-10,1.7671502640051152e-10,179.99855602623822,-1.0255051419542863e-14,-6.376702323278068e-13,3.9997973449692485e-13,-5.407870703431548e-13,4.697307478468583e-12,4.695327939792731e-12,0.0,0.0,8,UNCONFIGURED
5.73999999999959,1.7400000000000013,0.0,0.0,-0.11342865382099011,1.435174854469483e-06,0.15983500835152134,89.99046900416685,89.99046900416685,-7.496845357756974e-11,-1.200812191009504e-10,179.99855602625485,-8.426986592114044e-14,1.6606741886524073e-14,2.2983357224910514e-13,3.6789870054225106e-13,6.809633494383796e-12,6.805137116880173e-12,0.0,0.0,8,UNCONFIGURED
5.749999999999589,1.7500000000000013,0.0,0.0,-0.11342865382100133,1.4351748544510155e-06,0.15983500835152126,89.99046900416685,89.99046900416685,-2.128515401478889e-12,-6.83769749108268e-11,179.9985560262716,-2.9055351725835074e-13,-9.095109139541907e-14,7.427235406951107e-15,2.1016888769168736e-13,2.092024070583843e-12,2.090619835666524e-12,0.0,0.0,8,UNCONFIGURED
5.759999999999588,1.7600000000000013,0.0,0.0,-0.11342865382101294,1.4351748544259878e-06,0.15983500835152195,89.99046900416685,89.99046900416685,9.873448306610936e-11,1.891538184833957e-11,179.9985560262956,-6.479635782606667e-13,-3.9077642531215126e-13,-3.021333522443396e-13,-5.721235285955783e-14,3.0031081834410008e-12,3.0002817758337363e-12,0.0,0.0,8,UNCONFIGURED
5.769999999999587,1.7700000000000014,0.0,0.0,-0.1134286538210237,1.4351748543981102e-06,0.15983500835152104,89.99046900416685,89.99046900416685,-1.4240846765419314e-10,1.4623583543454427e-10,179.99855602632317,2.0105883822073257e-13,-1.5384630991803144e-12,4.3776231872995013e-13,-4.46236700082925e-13,4.319971474468698e-12,4.314433008041398e-12,0.0,0.0,8,UNCONFIGURED
5.7799999999995855,1.7800000000000014,0.0,0.0,-0.1134286538210345,1.435174854364687e-06,0.15983500835152054,89.99046900416685,89.99046900416685,-8.555179592310039e-11,-1.265499112662192e-10,179.9985560263675,-2.806421711676789e-13,-4.8888392314693017e-14,2.6490582786206697e-13,3.908556231060629e-13,6.3132691721855226e-12,6.302058581504676e-12,0.0,0.0,8,UNCONFIGURED
5.789999999999584,1.7900000000000014,0.0,0.0,-0.11342865382104529,1.435174854322636e-06,0.15983500835152006,89.99046900416685,89.99046900416685,-1.3810704912528297e-11,-7.461955157704678e-11,179.9985560264105,-7.229445129280097e-13,-3.0091825030468377e-13,4.4620289687627176e-14,2.3121238212981785e-13,1.929935302206656e-12,1.9264541187709347e-12,0.0,0.0,8,UNCONFIGURED
5.799999999999583,1.8000000000000014,0.0,0.0,-0.11342865382105637,1.4351748542677398e-06,0.15983500835152042,89.99046900416685,89.99046900416685,8.307894188267172e-11,9.327218168293304e-12,179.9985560264718,-1.6002072489808266e-12,-9.692906612651962e-13,-2.499268096673826e-13,-2.464639674458994e-14,2.7842470610817365e-12,2.7774029470038e-12,0.0,0.0,8,UNCONFIGURED
5.809999999999582,1.8100000000000014,0.0,0.0,-0.11342865382106777,1.4351748541970248e-06,0.15983500835152145,89.99046900416685,89.99046900416685,1.5688479028537653e-10,1.1966560140675526e-10,179.99855602655563,-2.6379287518383252e-12,-2.2780466695162147e-12,-4.783148127001441e-13,-3.645875646725512e-13,4.069691301671249e-12,4.056659941222933e-12,0.0,0.0,8,UNCONFIGURED
5.819999999999581,1.8200000000000014,0.0,0.0,-0.11342865382107827,1.4351748541224324e-06,0.15983500835152045,89.99046900416685,89.99046900416685,-9.88463036889932e-11,-1.3715016225233611e-10,179.99855602660247,2.1288300556682938e-14,4.4764926755455604e-13,3.0383369364843833e-13,4.211122771447915e-13,5.843452762266664e-12,5.819326691522015e-12,0.0,0.0,8,UNCONFIGURED
5.82999999999958,1.8300000000000014,0.0,0.0,-0.11342865382108876,1.4351748540353218e-06,0.15983500835151956,89.99046900416685,89.99046900416685,-2.9371693508162124e-11,-8.569459650127566e-11,179.99855602665204,-8.371262096312659e-13,-1.18152021389114e-13,8.92299762857902e-14,2.622225842959265e-13,1.780717949079023e-12,1.7731837770476903e-12,0.0,0.0,8,UNCONFIGURED
5.839999999999579,1.8400000000000014,0.0,0.0,-0.11342865382110076,1.4351748539090252e-06,0.15983500835152148,89.99046900416685,89.99046900416685,6.117504773265189e-11,-1.817250568772834e-11,179.99855602679983,-2.4589336680743847e-12,-1.2486313213740565e-12,-1.884059184981683e-13,5.533263581612042e-14,2.6189327285975995e-12,2.605160118715201e-12,0.0,0.0,8,UNCONFIGURED
5.849999999999578,1.8500000000000014,0.0,0.0,-0.11342865382111199,1.4351748537709795e-06,0.1598350083515217,89.99046900416685,89.99046900416685,1.2192776275414134e-10,8.806262236239205e-11,179.9985560269193,-4.173196134782188e-12,-3.548203049277382e-12,-3.7653396008830017e-13,-2.726194076052023e-13,3.758081445305318e-12,3.733236183878224e-12,0.0,0.0,8,UNCONFIGURED
5.859999999999577,1.8600000000000014,0.0,0.0,-0.11342865382112231,1.4351748536297035e-06,0.15983500835152012,89.99046900416685,89.99046900416685,-1.1283198275037946e-10,-1.4747594838622162e-10,179.99855602698082,3.7032504904373935e-13,1.093627988725713e-12,3.454824266624131e-13,4.520822560854631e-13,5.394454525228197e-12,5.349697832775771e-12,0.0,0.0,8,UNCONFIGURED
5.869999999999576,1.8700000000000014,0.0,0.0,-0.11342865382113253,1.4351748534685532e-06,0.1598350083515188,89.99046900416685,89.99046900416685,-4.374795211782969e-11,-9.527981044854503e-11,179.99855602704983,-1.1817897716273928e-12,8.508204219718045e-14,1.315936058359996e-13,2.9008881396845703e-13,1.634348893718719e-12,1.620381426485439e-12,0.0,0.0,8,UNCONFIGURED
5.8799999999995745,1.8800000000000014,0.0,0.0,-0.11342865382114406,1.4351748532403225e-06,0.1598350083515202,89.99046900416685,89.99046900416685,4.39849643054808e-11,-2.8859354479447305e-11,179.99855602729505,-4.0884917541656225e-12,-1.9591912069945954e-12,-1.3775232722959322e-13,8.643129576339875e-14,2.4177829707407096e-12,2.3928079279365705e-12,0.0,0.0,8,UNCONFIGURED
5.889999999999573,1.8900000000000015,0.0,0.0,-0.11342865382115477,1.4351748529969939e-06,0.15983500835152015,89.99046900416685,89.99046900416685,1.032450812010014e-10,7.251602048598965e-11,179.99855602751146,-7.545836405948506e-12,-6.455416594405461e-12,-3.2244775970936527e-13,-2.277504183619482e-13,3.4848435976941355e-12,3.440351150050882e-12,0.0,0.0,8,UNCONFIGURED
5.899999999999572,1.9000000000000015,0.0,0.0,-0.11342865382116567,1.4351748526982767e-06,0.1598350083515206,89.99046900416685,89.99046900416685,-1.119746700641105e-10,2.0779877985991985e-10,179.99855602781722,5.969783697243859e-13,-1.4091584605980119e-11,3.4160219142356173e-13,-6.393129276037269e-13,5.078728734500025e-12,4.998990204029474e-12,0.0,0.0,8,UNCONFIGURED
5.909999999999571,1.9100000000000015,0.0,0.0,-0.11342865382117555,1.4351748524014033e-06,0.1598350083515188,89.99046900416685,89.99046900416685,-5.842329936508349e-11,-1.0664345557083061e-10,179.9985560279221,-1.8125224063192693e-12,5.351649546780144e-13,1.7880757649108485e-13,3.2714123617067033e-13,1.5414161928807444e-12,1.5165326387466712e-12,0.0,0.0,8,UNCONFIGURED
5.91999999999957,1.9200000000000015,0.0,0.0,-0.11342865382118666,1.4351748519771e-06,0.1598350083515196,89.99046900416685,89.99046900416685,2.5456814702541837e-11,-4.1885547019309186e-11,179.99855602833625,-6.899420609335754e-12,-3.005618956092715e-12,-7.819029761123713e-14,1.288340045027508e-13,2.235022211532161e-12,2.190449151030315e-12,0.0,0.0,8,UNCONFIGURED
5.929999999999569,1.9300000000000015,0.0,0.0,-0.1134286538211982,1.4351748514404713e-06,0.15983500835152112,89.99046900416685,89.99046900416685,1.2837039434609255e-10,4.4050547633303906e-11,179.99855602897148,-1.6238321585721862e-11,-1.02537874884514e-11,-3.93437919302809e-13,-1.345869826563247e-13,3.2698483473164146e-12,3.1901457104954975e-12,0.0,0.0,8,UNCONFIGURED
5.939999999999568,1.9400000000000015,0.0,0.0,-0.11342865382120891,1.4351748508666262e-06,0.1598350083515208,89.99046900416685,89.99046900416685,-1.2816633187549852e-10,1.7323362421729156e-10,179.99855602944774,2.586417032435949e-12,-2.4626059762972966e-11,3.937408068157547e-13,-5.309568469957864e-13,4.688635420427891e-12,4.546019086437946e-12,0.0,0.0,8,UNCONFIGURED
5.949999999999567,1.9500000000000015,0.0,0.0,-0.1134286538212198,1.4351748501721263e-06,0.15983500835152079,89.99046900416685,89.99046900416685,-7.380520806395921e-11,-1.1811888806703108e-10,179.9985560300633,-2.1473733935197127e-12,2.084703749982508e-12,2.2654016961255956e-13,3.6209612412001703e-13,6.8227316922428995e-12,6.566514916998304e-12,0.0,0.0,8,UNCONFIGURED
5.959999999999566,1.9600000000000015,0.0,0.0,-0.11342865382123082,1.435174849350771e-06,0.15983500835152065,89.99046900416685,89.99046900416685,-2.5199027712663266e-12,-6.75115411369623e-11,179.99855603070085,-1.0810256914696501e-11,-3.3600415367796763e-12,6.887742836720761e-15,2.0598073003007855e-13,2.0957025140286603e-12,2.0157553207355746e-12,0.0,0.0,8,UNCONFIGURED
5.9699999999995645,1.9700000000000015,0.0,0.0,-0.11342865382124226,1.4351748483114988e-06,0.15983500835152134,89.99046900416685,89.99046900416685,9.512762732736976e-11,1.703509900380938e-11,179.99855603174765,-2.789131371965261e-11,-1.6862675128790868e-11,-2.947575130207506e-13,-5.48528478524227e-14,3.0282312075149688e-12,2.884706537534599e-12,0.0,0.0,8,UNCONFIGURED
5.979999999999563,0.008,0.0,0.0,-1.0475803032277704e-05,-1.3329041290963816e-06,0.1599399820215674,4.00286961631071,4.004897677449674,0.42246935788393764,0.7427657230651765,0.00022757803374101292,0.030993692564430814,0.024992652966772902,-0.0004537263706939078,-0.000995375358714193,-0.03080951194609781,-0.03037959768130468,0.0,0.0,4,UNCONFIGURED
5.989999999999562,0.018000000000000002,0.0,0.0,-4.999532905305348e-05,-2.526815957607889e-06,0.15982738633848884,4.018589857448485,4.023438667360798,1.7893868877591916,2.136553686217481,0.0003041834738030241,0.008010505214408723,0.003917790671067286,-0.003011174278175302,-0.0037244466384722627,-0.0736216113449719,-0.0736534946751764,0.0,0.0,4,UNCONFIGURED
5.999999999999561,0.02800000000000001,0.0,0.0,-0.00012022268435210453,-2.8887597498207188e-06,0.15971696459098475,4.04867390853753,4.0564599050311125,3.236074658230075,3.5960163530361715,0.00025038339207659116,-0.005276967320112625,-0.007414793163772468,-0.006078390722461899,-0.006867208779407694,-0.11849737012816654,-0.11877673041889755,0.0,0.0,4,UNCONFIGURED
6.00999999999956,0.03800000000000002,0.0,0.0,-0.00022198188943226018,-2.5356325361690832e-06,0.15962937162169066,4.093593661513257,4.1043854450035395,4.725563645397258,5.09320982176573,0.00013461505641031312,-0.011679739730205172,-0.01245886345895466,-0.009376067218541895,-0.010197431592861935,-0.16456885945239727,-0.16493960441216599,0.0,0.0,4,UNCONFIGURED
6.019999999999559,0.04800000000000003,0.0,0.0,-0.000355790299008151,-1.7463951539786862e-06,0.1595696242788158,4.153642285777057,4.167487526655148,6.24236851553841,6.6155653685870615,5.429033526676867e-06,-0.013149174009808423,-0.012954345933488716,-0.012764642716038117,-0.013595711263065045,-0.21143648617676475,-0.21178439270363622,0.0,0.0,4,UNCONFIGURED
6.029999999999558,0.05800000000000004,0.0,0.0,-0.0005220645428890735,-8.154073493942779e-07,0.15953431220454123,4.229044432309277,4.2459868659517985,7.781059060839563,8.159615310361692,-0.00010480907064423488,-0.01128816494960145,-0.010529932947908629,-0.016173729575613957,-0.017005061314515683,-0.2589815094923642,-0.2592393800378705,0.0,0.0,4,UNCONFIGURED
6.039999999999557,0.06800000000000005,0.0,0.0,-0.0007212661155448315,3.500023296905133e-08,0.1595166652191634,4.3200317097552805,4.340123577814112,9.34338608909276,9.728546563442366,-0.00018037297859346946,-0.007782779536191189,-0.006851722726546928,-0.01958178352813956,-0.02041363747799244,-0.3072934412941485,-0.3074402471167508,0.0,0.0,4,UNCONFIGURED
6.049999999999556,0.07800000000000006,0.0,0.0,-0.0009539999702129695,6.871377791392231e-07,0.15950989012028496,4.426895755341328,4.45020559686046,10.93605159401853,11.329918877473151,-0.00021948709712555522,-0.004066044962584126,-0.003236353937156274,-0.023000506739466547,-0.02383882068482957,-0.3565996211362379,-0.3566474866454323,0.0,0.0,4,UNCONFIGURED
6.059999999999555,0.08800000000000006,0.0,0.0,-0.0012210654529014283,1.1140489664258462e-06,0.1595087720564354,4.550018043186923,4.576634114310969,12.56837615492978,12.973393389467132,-0.0002289123601009239,-0.0010230180249826283,-0.0004252866255341375,-0.026458665102070157,-0.027311476015803773,-0.4071944114823082,-0.4071715073022618,0.0,0.0,4,UNCONFIGURED
6.0699999999995535,0.09800000000000007,0.0,0.0,-0.0015234705934303965,1.3452143881974643e-06,0.15950998494630722,4.689880458489469,4.71991123663842,14.25047693851665,14.669105336356706,-0.00021861297586196516,0.001008442959761474,0.0013545428464340047,-0.029989480702507388,-0.030864690583351742,-0.4593882220278655,-0.45932520285210443,0.0,0.0,4,UNCONFIGURED
6.079999999999552,0.10800000000000008,0.0,0.0,-0.0018624267286350385,1.4337661319273122e-06,0.15951174288290723,4.847064664444812,4.880638059680496,15.99228055534016,16.426870501735987,-0.00019813077245351402,0.0020648064348246327,0.002201686884053456,-0.033623766883711194,-0.03452823232435513,-0.5134822388102809,-0.5134045547749594,0.0,0.0,4,UNCONFIGURED
6.089999999999551,0.11800000000000009,0.0,0.0,-0.002239337192571409,1.434222635020983e-06,0.15951327573731675,5.02224746539395,5.059509841500217,17.80322096804006,18.256005337921998,-0.00017480970977929553,0.0023673441571703305,0.002359931680164611,-0.037387731100502086,-0.03832718017093903,-0.5697620744903416,-0.56968716383182,0.0,0.0,4,UNCONFIGURED
6.09999999999955,0.12800000000000009,0.0,0.0,-0.002655787604638759,1.3910094074854427e-06,0.15951437586734543,5.216196452022283,5.257311973534618,19.692317280544675,20.165457497942906,-0.0001533533031730062,0.002184949510462957,0.002096381961035006,-0.041303337784839196,-0.04228263841734714,-0.6285010735555099,-0.6284385831756424,0.0,0.0,4,UNCONFIGURED
6.109999999999549,0.1380000000000001,0.0,0.0,-0.0031135403898681735,1.3347947307067305e-06,0.15951508989693117,5.429767645510142,5.474918080790116,21.668388702126887,22.164030925317782,-0.00013612998590027673,0.0017567246838304693,0.0016367666963158153,-0.04538957613273419,-0.0464130676515052,-0.6899666934135756,-0.6899201473944269,0.0,0.0,4,UNCONFIGURED
6.119999999999548,0.1480000000000001,0.0,0.0,-0.0036145334957668656,1.2833952869811825e-06,0.15951554323392805,5.663905358172651,5.713290285779151,23.74027389735496,24.26059646545107,-0.0001237872890572032,0.0012596226912201492,0.0011414724515273885,-0.0496637386844212,-0.050735500854677665,-0.7544266078652635,-0.7543954732081869,0.0,0.0,4,UNCONFIGURED
6.129999999999547,0.1580000000000001,0.0,0.0,-0.004160882242877438,1.2447453085712917e-06,0.15951585757606862,5.919643860532347,5.9734811708045,25.91700340451374,26.464250671461425,-0.00011590328857366513,0.0008040912320813195,0.0007058834568323163,-0.05414237177357862,-0.05526640015861957,-0.8221533315248081,-0.8221348920684796,0.0,0.0,4,UNCONFIGURED
6.139999999999546,0.16800000000000012,0.0,0.0,-0.004754883092319055,1.2203056945726793e-06,0.15951612285062472,6.198110310310814,6.256636899143494,28.207917374515,28.784421324800867,-0.00011153466305399874,0.0004443386579255283,0.0003727307119341746,-0.058841851155384275,-0.06002214902882781,-0.893427243426075,-0.8934180216302419,0.0,0.0,4,UNCONFIGURED
6.149999999999545,0.17800000000000013,0.0,0.0,-0.005399018304907886,1.2080285437007427e-06,0.15951639573621101,6.500528475650215,6.564001052643976,30.622738390872083,31.230931298097573,-0.00010960903738123094,0.00019414432154241503,0.00014832733386840836,-0.0637786507073122,-0.06501925955831339,-0.9685382933037218,-0.9685349683660269,0.0,0.0,4,UNCONFIGURED
6.159999999999544,0.18800000000000014,0.0,0.0,-0.006095960724723386,1.2045225071281246e-06,0.15951670799903217,6.8282229171876905,6.896918876336324,33.17161287278957,33.81403410168115,-0.00010916264721669336,4.269019313705995e-05,1.7900687009234872e-05,-0.06896939453742712,-0.07027438364140182,-1.0477867412221105,-1.0477866280319905,0.0,0.0,4,UNCONFIGURED
6.1699999999995425,0.19800000000000015,0.0,0.0,-0.006848578127606291,1.206396003993832e-06,0.15951707615891142,7.182623411983467,7.256841732602701,35.86513245291489,36.54443164130602,-0.00010945173680293292,-3.2450065043062823e-05,-4.231653567967951e-05,-0.07443076716922013,-0.075804196703473,-1.1314832114537983,-1.131484414421506,0.0,0.0,4,UNCONFIGURED
6.179999999999541,0.20800000000000016,0.0,0.0,-0.007659936698838585,1.21092662464462e-06,0.1595175091362233,7.565269484440573,7.645331641883821,38.714342931341136,39.43328085248795,-0.00010997554534607876,-5.617851350565023e-05,-5.6905656380555484e-05,-0.08017933061525576,-0.08162519652931442,-1.2199482360458507,-1.2199495979346549,0.0,0.0,4,UNCONFIGURED
6.18999999999954,0.21800000000000017,0.0,0.0,-0.008533303248548174,1.2162627234324826e-06,0.15951801322072404,7.977814954855508,8.064065825895396,41.730744814157866,42.49219245767373,-0.00011044708164582166,-5.0456219114377995e-05,-4.6657211854498534e-05,-0.08623127329434231,-0.08775343714920397,-1.3135113659139974,-1.3135123135825881,0.0,0.0,4,UNCONFIGURED
6.199999999999539,0.22800000000000017,0.0,0.0,-0.009472145755219966,1.2213520718866177e-06,0.1595185948283214,8.422032432812536,8.514841181220929,44.926286694008645,45.733222568781734,-0.00011074057264446439,-3.186619184584225e-05,-2.6725820995227154e-05,-0.0926020978425956,-0.09420420139350315,-1.4125098514644565,-1.4125102123353346,0.0,0.0,4,UNCONFIGURED
6.209999999999538,0.23800000000000018,0.0,0.0,-0.010480131764857573,1.22574863796637e-06,0.1595192617893161,8.899817679287072,8.99957860478357,48.3133508753106,49.168856198936126,-0.00011083539701222318,-1.122813509678125e-05,-6.612567538669017e-06,-0.09930624303480699,-0.10099160520298736,-1.5172868408972608,-1.5172866755518157,0.0,0.0,4,UNCONFIGURED
6.219999999999537,0.2480000000000002,0.0,0.0,-0.011561124079756725,1.2293968837068082e-06,0.1595200238159915,9.413193745523799,9.52032707510389,51.90472950578981,52.811980746005275,-0.00011076789297253862,5.602205104380717e-06,8.854935786456752e-06,-0.10635662794610073,-0.10812812062086906,-1.6281890076943644,-1.6281884804747573,0.0,0.0,4,UNCONFIGURED
6.229999999999536,0.2580000000000002,0.0,0.0,-0.012719173055805971,1.2324475390425865e-06,0.15952089259407506,9.964314773692305,10.079267369171115,55.71358881795799,56.67584693967785,-0.00011059584796894163,1.6429980639281592e-05,1.8172378629692176e-05,-0.11376410259914725,-0.11562400109053353,-1.745563493864253,-1.7455627866822152,0.0,0.0,4,UNCONFIGURED
6.239999999999535,0.2680000000000002,0.0,0.0,-0.013958504696304852,1.235125476102216e-06,0.15952188175376758,10.555469317181716,10.678715267047146,59.753418716121885,60.77401442529386,-0.00011037605335355867,2.1373974190733003e-05,2.1845448774975157e-05,-0.12153678742531332,-0.12348659111581166,-1.8697540380642153,-1.8697533026131679,0.0,0.0,4,UNCONFIGURED
6.249999999999534,0.2780000000000002,0.0,0.0,-0.015283503586911194,1.2376496147361144e-06,0.15952300684123794,11.189083008986643,11.321124066605343,64.03796474019653,65.12027898212352,-0.00011015283238393553,2.1733235260777222e-05,2.132861940249755e-05,-0.12967928315750823,-0.13171950186296877,-2.0010961453396217,-2.0010954843076973,0.0,0.0,4,UNCONFIGURED
6.259999999999533,0.2880000000000002,0.0,0.0,-0.01669868956333149,1.2401945007105e-06,0.1595242853305344,11.867720376073878,12.009086200125525,68.58113933717225,69.72857829612481,-0.00010995447059648222,1.917052943875248e-05,1.82888149194654e-05,-0.13819173295931814,-0.14032163468571227,-2.139911147275379,-2.139910614318362,0.0,0.0,4,UNCONFIGURED
6.2699999999995315,0.2980000000000002,0.0,0.0,-0.018208686844357887,1.2428801343709773e-06,0.1595257366745445,12.594085566881729,12.74533371383245,73.39690936948637,74.6128732336784,-0.00010979448598357685,1.521264445191471e-05,1.4176109634087468e-05,-0.14706871973947913,-0.14928603597316964,-2.286498998733605,-2.2864986083297447,0.0,0.0,4,UNCONFIGURED
6.27999999999953,0.3080000000000002,0.0,0.0,-0.019818184203346235,1.2457777713593217e-06,0.1595273823764529,13.371021729475677,13.532737342262545,78.49915692305818,79.78700173799098,-0.00010967522278394516,1.1011320408917233e-05,1.0037168058139303e-05,-0.15629798404376274,-0.1585985695541785,-2.4411296621741303,-2.441129402807676,0.0,0.0,4,UNCONFIGURED
6.289999999999529,0.3180000000000002,0.0,0.0,-0.021531884599582905,1.248922427850694e-06,0.1595292460582054,14.201508751267175,14.374303883628826,83.90151081269573,85.2645028661173,-0.00010959199705309365,7.287694850440853e-06,6.493066389743059e-06,-0.16585895220849145,-0.16823639773266397,-2.604032945941537,-2.6040327924997553,0.0,0.0,4,UNCONFIGURED
6.299999999999528,0.32800000000000024,0.0,0.0,-0.02335444255918843,1.2523261633333286e-06,0.15953135350228695,15.088659050347015,15.27317156306697,89.61714680682,91.05840919387877,-0.00010953674335268457,4.385382875163862e-06,3.809333161433946e-06,-0.17572107130726036,-0.1781662696153625,-2.775386692765036,-2.7753866160984013,0.0,0.0,4,UNCONFIGURED
6.309999999999527,0.33800000000000024,0.0,0.0,-0.02529038749944562,1.2559890523374217e-06,0.15953373264370616,16.03571109714015,16.232603061747188,95.65855560893911,97.18100694262664,-0.00010950069232263636,2.3718804663551276e-06,2.0023223451637424e-06,-0.18584195763758787,-0.1883426265551645,-2.95530326350403,-2.9553032365899714,0.0,0.0,4,UNCONFIGURED
6.319999999999526,0.34800000000000025,0.0,0.0,-0.027344031151421973,1.259906778530941e-06,0.15953641348883887,17.046020348076286,17.255975896362028,102.0372791477736,103.64356483340576,-0.00010947600866484513,1.146773872414619e-06,9.449829709867689e-07,-0.19616537993538746,-0.1987055501285351,-3.143814333486386,-3.1438143345449356,0.0,0.0,4,UNCONFIGURED
6.329999999999525,0.35800000000000026,0.0,0.0,-0.029519357278523558,1.2640749969899596e-06,0.15953942793643827,18.12304729614081,18.34676986148725,108.76361784301814,110.45603494846239,-0.00010945654820830139,5.330210525716004e-07,4.5214487194963533e-07,-0.2066191179855591,-0.20917859887816487,-3.3408541187860394,-3.3408541321204654,0.0,0.0,4,UNCONFIGURED
6.339999999999524,0.36800000000000027,0.0,0.0,-0.03181989204165829,1.2684911785101692e-06,0.1595428094740701,19.27034239319752,19.50855130355731,115.84631430747791,117.62673184620829,-0.00010943798712664905,3.416231338548551e-07,3.38394649774446e-07,-0.21711276244804745,-0.2196666066431814,-3.546241280286686,-3.5462412957057716,0.0,0.0,4,UNCONFIGURED
6.349999999999523,0.3780000000000003,0.0,0.0,-0.0342485536549949,1.2731547851398872e-06,0.15954659272118007,20.491527682916132,20.74495408675286,123.29222244866749,125.16199984751576,-0.00010941758003863626,4.094570498027891e-07,4.4996693881055236e-07,-0.2275355527960766,-0.23005354779828333,-3.75965991462951,-3.75965992619041,0.0,0.0,4,UNCONFIGURED
6.359999999999522,0.3880000000000003,0.0,0.0,-0.03680748043809078,1.278066520738897e-06,0.15955081278878874,21.790275107687965,22.059657244468593,131.1059750941927,133.06588271427478,-0.00010939375725636066,6.152433825479821e-07,6.763658223386898e-07,-0.23775438689573636,-0.24020061256413044,-3.9806402293181558,-3.9806402339237956,0.0,0.0,4,UNCONFIGURED
6.3699999999995205,0.3980000000000003,0.0,0.0,-0.03949783702200183,1.2832271981997836e-06,0.15955550442636338,23.170281623307872,23.456359489994263,139.2896679201606,141.33981467683665,-0.00010936570637367573,8.805238708121732e-07,9.486960790393073e-07,-0.24761217665451862,-0.249944677177674,-4.208539704813389,-4.208539700984732,0.0,0.0,4,UNCONFIGURED
6.379999999999519,0.4080000000000003,0.0,0.0,-0.04231959931741867,1.288636556802323e-06,0.15956070092970476,24.635241473766506,24.938750988147355,147.8425822952804,149.98235657945466,-0.00010933302042123402,1.1622589070444663e-06,1.2310447540591471e-06,-0.25692676683574106,-0.25909739629777273,-4.442525752693736,-4.442525739659814,0.0,0.0,4,UNCONFIGURED
6.389999999999518,0.4180000000000003,0.0,0.0,-0.04527131988989109,1.2942921951914786e-06,0.15956643279066637,26.1888162429563,26.510483062431454,156.76097417713012,158.9890052708325,-0.00010929544495411967,1.442244243896924e-06,1.5096933227191452e-06,-0.2654906746650667,-0.2674451842984584,-4.681561061280202,-4.681561038405162,0.0,0.0,4,UNCONFIGURED
6.399999999999517,0.4280000000000003,0.0,0.0,-0.04834987657061732,1.300188672112648e-06,0.1595727260810269,27.834603601843355,28.17513681980854,166.03795975244032,168.3521075743099,-0.00010925272317008285,1.7167807983453229e-06,1.7831703630268964e-06,-0.2730719408906918,-0.27475038239004385,-4.924392946597139,-4.924392913092976,0.0,0.0,4,UNCONFIGURED
6.409999999999516,0.43800000000000033,0.0,0.0,-0.05155020838660361,1.3063167641776634e-06,0.15957960057936912,29.576105992405708,29.93619199944124,175.66353031350428,178.06091142302606,-0.00010920452022781309,1.9884100966051945e-06,2.0546144965834315e-06,-0.2794164019824021,-0.28075392308880176,-5.169548060514885,-5.169548015360404,0.0,0.0,4,UNCONFIGURED
6.419999999999515,0.44800000000000034,0.0,0.0,-0.05486504411006897,1.3126628449653012e-06,0.15958706767132588,31.416700808927885,31.796997666754375,185.6247280898199,188.10178523411355,-0.00010915040166367447,2.2603013336241873e-06,2.3268017150296024e-06,-0.28425169117791194,-0.28517979547672956,-5.4153337130596295,-5.41533365504618,0.0,0.0,4,UNCONFIGURED
6.429999999999514,0.45800000000000035,0.0,0.0,-0.058284629759625846,1.3192083484298531e-06,0.15959512807910986,33.35961392140674,33.760746647044634,195.9060107112909,198.4586316833495,-0.00010908984187728781,2.5331064212387475e-06,2.5995295986549283e-06,-0.28729324679899754,-0.2877415780240628,-5.659846813589293,-5.659846741428696,0.0,0.0,4,UNCONFIGURED
6.439999999999513,0.46800000000000036,0.0,0.0,-0.06179646206960911,1.3259292897380125e-06,0.15960376950381194,35.40789859884552,35.830455787286,206.48982428831215,209.11351345758547,-0.00010902224323834688,2.803733830484644e-06,2.8687645215177657e-06,-0.28825254556618746,-0.2881512371748252,-5.900991013849311,-5.900990926299096,0.0,0.0,4,UNCONFIGURED
6.449999999999512,0.47800000000000037,0.0,0.0,-0.06538503511255642,1.3327958297098763e-06,0.1596129642902338,37.56442199664558,38.008954216132544,217.35739389846566,220.0474966035022,-0.00010894695167310433,3.0654044690410814e-06,3.1269246893006876e-06,-0.28684768631123914,-0.2861302903590841,-6.136502057926513,-6.136501953905757,0.0,0.0,4,UNCONFIGURED
6.459999999999511,0.4880000000000004,0.0,0.0,-0.0690316067729069,1.3397718798622986e-06,0.15962266724454846,39.83186134379019,40.29888171435063,228.48972638983417,231.24170275524588,-0.00010886325882171354,3.3084404845443795e-06,3.363782500703417e-06,-0.28281633054001776,-0.2814233080200692,-6.363980653281521,-6.363980531964235,0.0,0.0,4,UNCONFIGURED
6.4699999999995095,0.4980000000000004,0.0,0.0,-0.07271399054253729,1.3468147514333353e-06,0.15963281374461932,42.21271178797769,42.70269910059493,239.8688053852515,242.67854651209572,-0.00010877038312550112,3.5213825927999187e-06,3.567619265895527e-06,-0.2759308715809451,-0.2738135928559295,-6.580931446651658,-6.580931307533548,0.0,0.0,4,UNCONFIGURED
6.479999999999508,0.5080000000000003,0.0,0.0,-0.07640637613625184,1.3538748533508972e-06,0.15964331827609893,44.709307536639315,45.22271219152557,251.47894432928786,254.3431207854629,-0.00010866742197479143,3.6921800818580952e-06,3.7264084154188702e-06,-0.266015569577006,-0.26314074279349187,-6.784806013548342,-6.784805856487553,0.0,0.0,4,UNCONFIGURED
6.489999999999507,0.5180000000000003,0.0,0.0,-0.0800791797968116,1.3608954417116488e-06,0.15965407350021088,47.323857499029124,47.86111044571662,263.308252773953,266.22468346394567,-0.00010855326375327533,3.8093088555213777e-06,3.828903245757844e-06,-0.252965274424476,-0.24931969661969966,-6.973047251108356,-6.973047076343041,0.0,0.0,4,UNCONFIGURED
6.499999999999506,0.5280000000000004,0.0,0.0,-0.08369892205254256,1.367812418181816e-06,0.15966494990924607,50.05849614239681,50.62002090479656,275.35016610613195,278.3181954027458,-0.00010842644082595326,3.862744724694053e-06,3.8655689175763175e-06,-0.23676528179143863,-0.2323607959479772,-7.143132287687873,-7.143132095834261,0.0,0.0,4,UNCONFIGURED
6.509999999999505,0.5380000000000004,0.0,0.0,-0.08722812734881814,1.3745541681878928e-06,0.1596757960541185,52.91534979415888,53.50157757573214,287.60499120535763,290.62586394035753,-0.00010828488885427742,3.844755064591422e-06,3.829326496066489e-06,-0.21751184340580337,-0.21239038762481874,-7.2926110413909395,-7.292610833426029,0.0,0.0,4,UNCONFIGURED
6.519999999999504,0.5480000000000004,0.0,0.0,-0.0906252366650808,1.381041422924823e-06,0.15968643923902004,55.896618230361305,56.50800603374677,300.0814307094058,303.15865822942953,-0.0001081255461534817,3.7504919776622205e-06,3.7160964091519097e-06,-0.19543288937164255,-0.18967154212417334,-7.419137879162953,-7.419137656396188,0.0,0.0,4,UNCONFIGURED
6.529999999999503,0.5580000000000004,0.0,0.0,-0.09384452119570073,1.3871871229313264e-06,0.1596966864783646,59.00467116355381,59.64172283900415,312.79806613260274,315.937781842799,-0.00010794365959059053,3.578381391974909e-06,3.5251387552682054e-06,-0.17090861554796666,-0.16462457178156892,-7.520494404186695,-7.52049416822527,0.0,0.0,4,UNCONFIGURED
6.539999999999502,0.5680000000000004,0.0,0.0,-0.09683598259345692,1.3928962557299106e-06,0.1597063254094788,62.242159241488075,62.9054494091076,325.78480347999033,328.99611262885026,-0.0001077315104373334,3.3303168919065405e-06,3.2592020203021673e-06,-0.14449173189356423,-0.13784718470641813,-7.594602148590813,-7.594601901303366,0.0,0.0,4,UNCONFIGURED
6.549999999999501,0.5780000000000004,0.0,0.0,-0.09954522323217774,1.3980656359809605e-06,0.1597151247591537,65.61213943164924,66.30234030880403,339.08431202232373,342.37964734290466,-0.00010747589292657354,3.0116818423078222e-06,2.92450918731841e-06,-0.11692733948792193,-0.11013428576491674,-7.639524767603424,-7.6395245110867105,0.0,0.0,4,UNCONFIGURED
6.5599999999995,0.5880000000000004,0.0,0.0,-0.10191326842590485,1.4025835935921705e-06,0.15972283387901823,69.1182152115643,69.83612651938797,352.7535151478106,356.1490167988013,-0.00010715261992578334,2.631244737662168e-06,2.53063037374522e-06,-0.08917258115987392,-0.08249761081683596,-7.653460121592153,-7.653459858144685,0.0,0.0,4,UNCONFIGURED
6.5699999999994985,0.5980000000000004,0.0,0.0,-0.10387632145938856,1.4063295330477793e-06,0.1597291807955082,72.76469280487414,73.51127512290219,366.86521950427147,370.3811640699285,-0.0001067129238997624,2.2009867155377172e-06,2.090303547738583e-06,-0.062416367127233995,-0.05618552774115753,-7.634723323482903,-7.63472305558862,0.0,0.0,4,UNCONFIGURED
6.579999999999497,0.6080000000000004,0.0,0.0,-0.10536543153688376,1.409173325577071e-06,0.15973386816263863,76.55675577308533,77.33316795155429,381.5099931437125,385.17130182799,-0.00010604318579528823,1.735930197268783e-06,1.6192743945768207e-06,-0.03809958404283295,-0.032703427965419155,-7.5817223975603865,-7.581722127884002,0.0,0.0,4,UNCONFIGURED
6.589999999999496,0.6180000000000004,0.0,0.0,-0.10630605432028752,1.4109744944980991e-06,0.15973656645578502,80.50066154897127,81.3083030626726,396.79842320299434,400.63528322720714,-0.0001048071915754534,1.2540415282103224e-06,1.1362262858108212e-06,-0.017936218076470455,-0.01383512712429187,-7.492928679806606,-7.492928411200458,0.0,0.0,4,UNCONFIGURED
6.599999999999495,0.6280000000000004,0.0,0.0,-0.10661748481144905,1.411581153598936e-06,0.15973690370315816,84.60396490774706,85.44452432351929,412.8638957459783,416.9125301909967,-0.00010139256618822052,7.762668321476055e-07,6.628552622209411e-07,-0.003935707711674083,-0.001665533919252997,-7.366844603813328,-7.366844339333086,0.0,0.0,4,UNCONFIGURED
6.609999999999494,0.6380000000000005,0.0,0.0,-0.10597296090381118,1.410864272970075e-06,0.15982632804922253,88.87577478418919,89.716206128517,429.8660380762221,434.16965539537733,3.109555145467213e-05,3.267356721519785e-07,2.2411447744375297e-07,0.001573501258649947,0.0013955731816053345,-6.380674087228901,-6.380672469107022,0.0,0.0,6,UNCONFIGURED
6.619999999999493,0.6480000000000005,0.0,0.0,-0.10390157641468382,1.4103019040429664e-06,0.16071625652569138,87.89625964042865,87.59216078533146,272.7262783979636,199.80150407859037,179.99986020964417,6.355864303233947e-05,3.994938294700642e-05,-0.09500510004671084,-0.09660795967202447,-3.0958834195975955,-3.095881352715557,0.0,0.0,2,UNCONFIGURED
6.629999999999492,0.6580000000000005,0.0,0.0,-0.10387617140499855,1.4123423952922126e-06,0.16159738685954006,87.03893201114865,87.0133045414126,59.28458420725878,30.983822882014515,179.99986696718653,-3.3512606754099434e-06,-1.1257591653743379e-05,-0.09019228704148231,-0.08430943586298784,-1.9208459893379066,-1.9208439305004181,0.0,0.0,2,UNCONFIGURED
6.639999999999491,0.6680000000000005,0.0,0.0,-0.10500008405941666,1.415982417732815e-06,0.16214406998294867,87.15953733296989,87.2377299257464,-21.980368359742474,-32.440100129868604,179.9998698204931,-2.3568175155235305e-05,-2.524205136460316e-05,-0.05232247475258202,-0.038482018630682305,-1.4797880665249,-1.4797860157006508,0.0,0.0,2,UNCONFIGURED
6.64999999999949,0.6780000000000005,0.0,0.0,-0.10664809047880126,1.4202606894855652e-06,0.1620398223390603,87.64103178107665,87.75710070792084,-51.753156195234226,-55.57063310235882,179.99987136200767,-2.5990975934445725e-05,-2.5440510454936204e-05,0.013647006050093662,0.03244726172088992,-1.3158456330284352,-1.3158435901862369,0.0,0.0,2,UNCONFIGURED
6.6599999999994886,0.6880000000000005,0.0,0.0,-0.10852084496621221,1.4247173314650139e-06,0.16111149191570856,88.25687355919113,88.38850782921462,-62.98522877742323,-64.63813416725378,179.999871223633,-2.2026947386754233e-05,-2.080015914740456e-05,0.09496757538023427,0.11589367688096855,-1.2457131060996696,-1.2457110712084551,0.0,0.0,2,UNCONFIGURED
6.6699999999994874,0.6980000000000005,0.0,0.0,-0.11041145291302981,1.4289748266656052e-06,0.15959481085116042,88.92132546316773,89.03478093985164,-68.70850981319485,-62.64327589020752,179.9998675431902,-1.6991110034215033e-05,-1.6232841075445035e-05,0.18184139188934945,0.1523887724418099,-1.0459047854628798,-1.045902989515081,0.0,0.0,8,UNCONFIGURED
6.679999999999486,0.7080000000000005,0.0,0.0,-0.11174763538893066,1.4317432935890595e-06,0.15903050514369133,89.39636572485544,89.46785404539025,-43.870934679127814,-39.2012503169772,179.9998559623351,-7.408323374837603e-06,-5.577621596838141e-06,0.05909472112288276,0.039717996943481555,-0.38342024773918876,-0.3834192797321363,0.0,0.0,8,UNCONFIGURED
6.689999999999485,0.7180000000000005,0.0,0.0,-0.11259304675359191,1.4333846320668615e-06,0.1590003100707037,89.69321440661007,89.73595605660212,-27.30391383439434,-23.963685581820076,179.9998241311435,-2.0459035583389383e-06,-1.3240882822031276e-06,0.003751588617264947,-0.003075446236123179,-0.1524137795141285,-0.15241330116615068,0.0,0.0,8,UNCONFIGURED
6.699999999999484,0.7280000000000005,0.0,0.0,-0.11306399327579626,1.4342550563126547e-06,0.1591439563490377,89.8597665696226,89.88084206848198,-14.7618135496451,-12.305970965340888,179.9997419374001,1.0282474076609191e-07,4.5883784415369086e-07,-0.01434839095021528,-0.016028656017499913,-0.06485625400886967,-0.06485598260219286,0.0,0.0,8,UNCONFIGURED
6.709999999999483,0.7380000000000005,0.0,0.0,-0.11328432748814896,1.4346844124595814e-06,0.15931630398316873,89.93867827265619,89.94826177673475,-6.836669008995367,-5.6159708570920435,179.9995567822026,-8.696683402318899e-07,-1.183379054620287e-06,-0.017386942183802358,-0.017152040240479022,-0.02502235121389143,-0.02502225888106743,0.0,0.0,8,UNCONFIGURED
6.719999999999482,0.7480000000000006,0.0,0.0,-0.1133832284581784,1.4349145911296798e-06,0.15946657288783897,89.97441098154725,89.97870236205773,-3.0888948238259375,-2.5280003994064035,179.9991247792212,-1.7458624375685568e-06,-1.8394772350062283e-06,-0.015203678629140101,-0.014381574720785904,-0.010120757873474712,-0.01012072584887684,0.0,0.0,8,UNCONFIGURED
6.729999999999481,0.7580000000000006,0.0,0.0,-0.11342645006593313,1.4350451353432173e-06,0.15958144682977457,89.9900913139202,89.99185211270576,-1.3383862202361512,-1.0672540675527398,179.99801572011307,-1.852077689879274e-06,-1.800410745089838e-06,-0.011633529142039132,-0.010756561449383008,-0.004509725698433063,-0.004509713941085462,0.0,0.0,8,UNCONFIGURED
6.73999999999948,0.7680000000000006,0.0,0.0,-0.11344301250928235,1.4351169214128313e-06,0.1596631860090713,89.99606669752023,89.99659816743133,-0.4847334653701231,-0.3538876717709101,179.99564655886996,-1.4971083555661244e-06,-1.3769625543757957e-06,-0.008276451439549344,-0.007564830169628737,-0.0021625420623687577,-0.0021625376677545083,0.0,0.0,8,UNCONFIGURED
6.749999999999479,0.7780000000000006,0.0,0.0,-0.1134470534622911,1.4351528306158826e-06,0.15971934540580485,89.99744766413984,89.99743683813286,-0.08709630673212629,-0.030946968184845568,179.99448271826242,-1.0216863045033288e-06,-9.199452233027519e-07,-0.005685472013289353,-0.005169021983619029,-0.0010378320121972858,-0.0010378303604494854,0.0,0.0,8,UNCONFIGURED
6.7599999999994775,0.7880000000000006,0.0,0.0,-0.11344580509653011,1.4351690050012716e-06,0.15975731979102506,89.99690481570573,89.99669530424624,0.07389578838000982,0.09332576289339187,179.99580921764903,-6.58982046454146e-07,-5.898919677087819e-07,-0.0038440015303919796,-0.003486809798626759,-0.0004691284709795308,-0.0004691278507201094,0.0,0.0,8,UNCONFIGURED
6.769999999999476,0.7980000000000006,0.0,0.0,-0.1134427794698557,1.43517524545567e-06,0.15978283094067733,89.9957355844705,89.99548494910101,0.12188703912651302,0.12480210718002362,179.99695637810677,-4.207547056333556e-07,-3.772556147444306e-07,-0.0025821918433548722,-0.0023404036790339406,-0.00018468985009478954,-0.00018468962097526262,0.0,0.0,8,UNCONFIGURED
6.779999999999475,0.8080000000000006,0.0,0.0,-0.11343955039533975,1.4351769321679633e-06,0.15979993739112855,89.99451387927445,89.99428610904246,0.12100710147656223,0.11743650430545771,179.9975992727536,-2.725162791491349e-07,-2.458057270767061e-07,-0.0017313971524302678,-0.0015691673632492133,-4.951518771294268e-05,-4.9515107546102655e-05,0.0,0.0,8,UNCONFIGURED
6.789999999999474,0.8180000000000006,0.0,0.0,-0.11343673040158427,1.4351768010701736e-06,0.15981141141640845,89.99345762808434,89.99327260686127,0.10240165473909675,0.09700674758871096,179.99795994008184,-1.8153740842897686e-07,-1.6507781183969946e-07,-0.0011612871538764795,-0.0010527251874564729,8.846742671726092e-06,8.846766564191731e-06,0.0,0.0,8,UNCONFIGURED
6.799999999999473,0.8280000000000006,0.0,0.0,-0.11343448374133373,1.4351761335566175e-06,0.15981911626888656,89.99262125682408,89.99247976431978,0.08015069891228793,0.07490695003187846,179.99817304027118,-1.2506136500377394e-07,-1.146731859369664e-07,-0.0007797958336665531,-0.0007071294265940698,2.9439329159536166e-05,2.943933258908193e-05,0.0,0.0,8,UNCONFIGURED
6.809999999999472,0.8380000000000006,0.0,0.0,-0.11343278472835266,1.4351754624349353e-06,0.15982429692555655,89.99199135461812,89.99188709778221,0.05993488752191647,0.05553838952621176,179.99830481800635,-8.89513478059371e-08,-8.214261545307989e-08,-0.0005243216892302433,-0.0004756129998771348,3.2754375509246045e-05,3.275437231718005e-05,0.0,0.0,8,UNCONFIGURED
6.819999999999471,0.8480000000000006,0.0,0.0,-0.11343154170568949,1.435174961937947e-06,0.1598277845063703,89.99153184570535,89.9914569082064,0.04351405572636083,0.040090221255672256,179.99838904050586,-6.490440712413562e-08,-6.02432674934404e-08,-0.0003529685285585179,-0.0003202630119012819,2.911292490450942e-05,2.9112920313672846e-05,0.0,0.0,8,UNCONFIGURED
6.82999999999947,0.8580000000000007,0.0,0.0,-0.11343065256392498,1.4351746510070468e-06,0.15983013457566372,89.99120385203042,89.99115092115547,0.030955918518212288,0.028403627878090903,179.9984440924466,-4.818371991476696e-08,-4.486044249918432e-08,-0.00023784411014131569,-0.00021584921730901974,2.342476389803967e-05,2.34247597232662e-05,0.0,0.0,8,UNCONFIGURED
6.839999999999469,0.8680000000000007,0.0,0.0,-0.11343002669667808,1.4351744928234103e-06,0.15983171926832385,89.99097334225786,89.99093642887563,0.021702220944065573,0.019853111460664645,179.99848061295128,-3.6110238256071176e-08,-3.366459983851551e-08,-0.00016038270563799447,-0.00014557175770793903,1.7826307737591488e-05,1.7826304461599644e-05,0.0,0.0,8,UNCONFIGURED
6.849999999999468,0.8780000000000007,0.0,0.0,-0.1134295913282047,1.4351744395663294e-06,0.15983278837448456,89.99081318731267,89.99078768822667,0.015050833649203406,0.013737400454852406,179.99850506933112,-2.7148740819440125e-08,-2.5311691236429513e-08,-0.0001082017820250117,-9.821870604310549e-05,1.3097282029624064e-05,1.3097279642731274e-05,0.0,0.0,8,UNCONFIGURED
6.8599999999994665,0.8880000000000007,0.0,0.0,-0.11342929115619042,1.4351744498034154e-06,0.1598335098649232,89.99070286833638,89.99068538123653,0.010352964980578732,0.009433255599301922,179.9985215416867,-2.038615536977986e-08,-1.8991873881765115e-08,-7.302059090908227e-05,-6.628710477943618e-05,9.396238880509569e-06,9.396237220023082e-06,0.0,0.0,8,UNCONFIGURED
6.869999999999465,0.8980000000000007,0.0,0.0,-0.1134290855959157,1.4351744931423682e-06,0.1598339968509397,89.99062737602635,89.99061544990002,0.007077057254839873,0.0064398418861459404,179.9985326736934,-1.5245746044378417e-08,-1.4184628318742142e-08,-4.928699911373577e-05,-4.4743331780639456e-05,6.627900854002103e-06,6.627899736529355e-06,0.0,0.0,8,UNCONFIGURED
6.879999999999464,0.9080000000000007,0.0,0.0,-0.1134289455582295,1.435174549600771e-06,0.1598343255799941,89.9905759765592,89.99056787787389,0.00481448249032615,0.004376521225194636,179.9985402100124,-1.1336025185836877e-08,-1.0530419561760241e-08,-3.327016506699909e-05,-3.0203362659396514e-05,4.617481179843523e-06,4.6174804474242925e-06,0.0,0.0,8,UNCONFIGURED
6.889999999999463,0.9180000000000007,0.0,0.0,-0.1134288505403115,1.4351746072859208e-06,0.1598345474859407,89.99054111739943,89.99053563588143,0.00326312728975442,0.0029639585069208777,179.9985453159958,-8.373425512953587e-09,-7.765202485804789e-09,-2.2458802757069505e-05,-2.0388557058325522e-05,3.187057947260064e-06,3.187057478094086e-06,0.0,0.0,8,UNCONFIGURED
6.899999999999462,0.9280000000000007,0.0,0.0,-0.11342878626818462,1.4351746599320964e-06,0.15983469727956115,89.99051754646932,89.99051384564162,0.002205356745030469,0.0020019611713844713,179.99854877594717,-6.142457378507436e-09,-5.686518129255535e-09,-1.5160431971987948e-05,-1.3762849900933664e-05,2.1842246984949605e-06,2.184224404316126e-06,0.0,0.0,8,UNCONFIGURED
6.909999999999461,0.9380000000000007,0.0,0.0,-0.11342874289588993,1.4351747048698266e-06,0.15983479839169565,89.990501644925,89.99049915130632,0.00148723157612452,0.0013494527588407451,179.99855112006676,-4.474986102506998e-09,-4.135877613268194e-09,-1.02334469358065e-05,-9.289975351860282e-06,1.4888212683919936e-06,1.488821087820145e-06,0.0,0.0,8,UNCONFIGURED
6.91999999999946,0.9480000000000007,0.0,0.0,-0.11342871367955026,1.4351747415422874e-06,0.15983486664069002,89.99049093606888,89.99048925809603,0.0010013085522976055,0.0009082391140032934,179.99855270762365,-3.2385231107211093e-09,-2.9883325647315947e-09,-6.90740859283995e-06,-6.270519767187427e-06,1.010574425548359e-06,1.0105743171760554e-06,0.0,0.0,8,UNCONFIGURED
6.929999999999459,0.9580000000000007,0.0,0.0,-0.1134286940249694,1.4351747705126637e-06,0.15983491270591402,89.99048373287708,89.99048260507291,0.0006733407927409734,0.0006106062902423428,179.9985537823202,-2.328978288924201e-09,-2.145837868763265e-09,-4.66221337491924e-06,-4.232304568889321e-06,6.837449033085341e-07,6.837448399144532e-07,0.0,0.0,8,UNCONFIGURED
6.939999999999458,0.9680000000000007,0.0,0.0,-0.1134286808154309,1.4351747928390449e-06,0.15983494379708715,89.99047889294503,89.99047813538246,0.0004524084849197727,0.0004101890165884478,179.99855450950218,-1.6650222530682898e-09,-1.5319306349617517e-09,-3.1467047882463014e-06,-2.8565254437946496e-06,4.614760948467349e-07,4.6147605886507186e-07,0.0,0.0,8,UNCONFIGURED
6.949999999999457,0.9780000000000008,0.0,0.0,-0.11342867194331992,1.4351748097122478e-06,0.15983496478127435,89.9904756424851,89.99047513389736,0.0003037923177685952,0.0002754123274578666,179.99855500132728,-1.1838320319528183e-09,-1.0877819046144e-09,-2.123786549248077e-06,-1.927930626825866e-06,3.10881424430153e-07,3.108814048178341e-07,0.0,0.0,8,UNCONFIGURED
6.9599999999994555,0.9880000000000008,0.0,0.0,-0.11342866598689563,1.4351748222642929e-06,0.1598349789438695,89.99047346046771,89.99047311906098,0.000203924916744833,0.0001848635247968581,179.9985553338389,-8.374395538975667e-10,-7.685938602776505e-10,-1.4333798243978723e-06,-1.301192038779488e-06,2.0914111600787368e-07,2.091411059203785e-07,0.0,0.0,8,UNCONFIGURED
6.969999999999454,0.9980000000000008,0.0,0.0,-0.11342866198886167,1.4351748314816404e-06,0.15983498850245506,89.99047199595582,89.9904717668294,0.00013686381981069183,0.00012406823606927762,179.99855555856664,-5.896920205588446e-10,-5.406359514719858e-10,-9.674126012363018e-07,-8.781980935049433e-07,1.40556353770036e-07,1.405563490444399e-07,0.0,0.0,8,UNCONFIGURED
6.979999999999453,1.0080000000000007,0.0,0.0,-0.11342865930552555,1.4351748381757204e-06,0.15983499495377557,89.99047101308444,89.9904708593287,9.185291044077335e-05,8.326623686924298e-05,179.99855571040212,-4.134484643575828e-10,-3.786743640445379e-10,-6.529295739166206e-07,-5.927187674025209e-07,9.439789310342042e-08,9.439789128470152e-08,0.0,0.0,8,UNCONFIGURED
6.989999999999452,1.0180000000000007,0.0,0.0,-0.11342865750448834,1.4351748429932038e-06,0.1598349993080058,89.99047035340571,89.99047025018206,6.164965009627926e-05,5.588828119961173e-05,179.9985558129652,-2.887879775587262e-10,-2.6427196561158356e-10,-4.4068542149786677e-07,-4.0004921009508144e-07,6.336982997675447e-08,6.336982964361196e-08,0.0,0.0,8,UNCONFIGURED
6.999999999999451,1.0280000000000007,0.0,0.0,-0.11342865629548152,1.435174846431804e-06,0.15983500224690655,89.99046991057303,89.99046984123768,4.138453591819114e-05,3.751888592282192e-05,179.99855588222943,-2.0096727927696436e-10,-1.8375611987489116e-10,-2.974416452666525e-07,-2.700160370508794e-07,4.253016577746969e-08,4.2530166131930256e-08,0.0,0.0,8,UNCONFIGURED
7.00999999999945,1.0380000000000007,0.0,0.0,-0.11342865548373024,1.4351748488701416e-06,0.15983500423058658,89.99046961323386,89.99046956669298,2.7787051449347515e-05,2.5193097166718415e-05,179.99855592899974,-1.394454949337752e-10,-1.2737820547805768e-10,-2.0076500448101887e-07,-1.8225495965486785e-07,2.85413077460771e-08,2.8541308344027996e-08,0.0,0.0,8,UNCONFIGURED
7.019999999999449,1.0480000000000007,0.0,0.0,-0.11342865493856642,1.435174850588247e-06,0.1598350055695641,89.99046941357246,89.99046938229088,1.8662218249829652e-05,1.6921290728616026e-05,179.9985559605756,-9.643591671707949e-11,-8.806010108369431e-11,-1.3551557695405117e-07,-1.230224837639581e-07,1.915429160700519e-08,1.9154292258734275e-08,0.0,0.0,8,UNCONFIGURED
7.029999999999448,1.0580000000000007,0.0,0.0,-0.11342865457233474,1.435174851793144e-06,0.15983500647340332,89.99046927942193,89.99046925842761,1.2537582132845424e-05,1.1368879109671978e-05,179.99855598189245,-6.655017682984949e-11,-6.071431657906337e-11,-9.147589894586313e-08,-8.304359432974141e-08,1.2856261476030194e-08,1.2856262051732642e-08,0.0,0.0,8,UNCONFIGURED
7.039999999999447,1.0680000000000007,0.0,0.0,-0.11342865432623034,1.4351748526344024e-06,0.15983500708353868,89.99046918932645,89.99046917521564,8.425628744452142e-06,7.64084218315429e-06,179.99855599628268,-4.5813270926610025e-11,-4.1791356321878206e-11,-6.175060880223342e-08,-5.605895760948995e-08,8.630787938188274e-09,8.630788415942558e-09,0.0,0.0,8,UNCONFIGURED
7.049999999999446,1.0780000000000007,0.0,0.0,-0.11342865416079706,1.4351748532199755e-06,0.15983500749542623,89.99046912871515,89.99046911923152,5.6641280443618866e-06,5.136976266419665e-06,179.99855600599767,-3.1492053328829376e-11,-2.8716973936402965e-11,-4.168629636381003e-08,-3.7844385636797965e-08,5.795565215541246e-09,5.7955655896768e-09,0.0,0.0,8,UNCONFIGURED
7.0599999999994445,1.0880000000000007,0.0,0.0,-0.1134286540495552,1.4351748536257585e-06,0.15983500777349277,89.99046908798918,89.99046908160304,3.8089649716429602e-06,3.4547521518319567e-06,179.99855601255533,-2.1580220921783068e-11,-1.9680704337262386e-11,-2.8142519756563884e-08,-2.5549092518614503e-08,3.892837328001362e-09,3.8928376133237985e-09,0.0,0.0,8,UNCONFIGURED
7.069999999999443,1.0980000000000008,0.0,0.0,-0.11342865397472883,1.4351748539058371e-06,0.15983500796122385,89.99046906064741,89.99046905640276,2.5622562365112726e-06,2.3241663552184186e-06,179.9985560169812,-1.4775774011810093e-11,-1.3460322429077252e-11,-1.8999844992183244e-08,-1.7249115494728123e-08,2.6156014421199114e-09,2.615601659996278e-09,0.0,0.0,8,UNCONFIGURED
7.079999999999442,1.1080000000000008,0.0,0.0,-0.11342865392438119,1.435174854098734e-06,0.15983500808797174,89.99046904217744,89.99046903927118,1.7241549884404115e-06,1.5640642910061551e-06,179.99855601996848,-1.0096205700036113e-11,-9.202588329869822e-12,-1.282785806635911e-08,-1.1645953682045357e-08,1.7579918573557903e-09,1.7579919930396607e-09,0.0,0.0,8,UNCONFIGURED
7.089999999999441,1.1180000000000008,0.0,0.0,-0.11342865389049382,1.4351748542301758e-06,0.15983500817354962,89.9904690297494,89.99046902779916,1.1605487539173677e-06,1.0528680448562404e-06,179.99855602198232,-6.848866618749461e-12,-6.2184546256596526e-12,-8.661131426613404e-09,-7.863203364822797e-09,1.1819612877262233e-09,1.1819614141159291e-09,0.0,0.0,8,UNCONFIGURED
7.09999999999944,1.1280000000000008,0.0,0.0,-0.11342865386767864,1.4351748543209195e-06,0.15983500823133237,89.99046902141306,89.99046902011291,7.814076780478683e-07,7.089552882038029e-07,179.99855602334296,-4.683846356792364e-12,-4.281202900794838e-12,-5.848046489769812e-09,-5.309327040647465e-09,7.949297310640576e-10,7.949298281126158e-10,0.0,0.0,8,UNCONFIGURED
7.109999999999439,1.1380000000000008,0.0,0.0,-0.11342865385231367,1.4351748543826008e-06,0.15983500827034897,89.99046901579179,89.99046901491226,5.262747440489593e-07,4.77510148466159e-07,179.99855602426038,-3.167265433515346e-12,-2.877668834635168e-12,-3.948770717236435e-09,-3.585041434835777e-09,5.34795615920531e-10,5.347956812689662e-10,0.0,0.0,8,UNCONFIGURED
7.119999999999438,1.1480000000000008,0.0,0.0,-0.11342865384196332,1.4351748544248974e-06,0.159835008296695,89.99046901200603,89.99046901135596,3.5453642466427796e-07,3.2170516331016617e-07,179.99855602488006,-2.1762511885926208e-12,-1.973769156406817e-12,-2.6664109702107413e-09,-2.420821103418733e-09,3.5989245734060496e-10,3.5989250496298633e-10,0.0,0.0,8,UNCONFIGURED
7.129999999999437,1.1580000000000008,0.0,0.0,-0.11342865383498928,1.4351748544539123e-06,0.1598350083144857,89.99046900936749,89.99046900894685,2.388994600467207e-07,2.1678914589186565e-07,179.99855602529868,-1.4776005005881833e-12,-1.3325073333556592e-12,-1.8005505890620031e-09,-1.6347225217425004e-09,2.422548529197958e-10,2.422548720561429e-10,0.0,0.0,8,UNCONFIGURED
7.139999999999436,1.1680000000000008,0.0,0.0,-0.11342865383028909,1.4351748544732889e-06,0.1598350083264996,89.99046900764668,89.990469007379,1.6101583481711315e-07,1.4612162873303657e-07,179.9985560255803,-9.882661338962941e-13,-8.837792547356258e-13,-1.215894692108617e-09,-1.1039199934003184e-09,1.6310688040611285e-10,1.6310689583892967e-10,0.0,0.0,8,UNCONFIGURED
7.149999999999435,1.1780000000000008,0.0,0.0,-0.11342865382712072,1.4351748544862684e-06,0.1598350083346127,89.99046900657596,89.99046900642301,1.085458550173209e-07,9.851004833690218e-08,179.99855602577006,-6.585789997074856e-13,-6.01749578511054e-13,-8.211037812832383e-10,-7.454912789408816e-10,1.098386912315372e-10,1.0983871283346851e-10,0.0,0.0,8,UNCONFIGURED
7.1599999999994335,1.1880000000000008,0.0,0.0,-0.11342865382498452,1.4351748544954523e-06,0.15983500834009168,89.9904690058494,89.9904690057347,7.318820462962907e-08,6.642447924266732e-08,179.9985560258991,-4.705276679469841e-13,-4.130537668308068e-13,-5.54512181563124e-10,-5.034519227911901e-10,7.397681661653802e-11,7.397681348279226e-11,0.0,0.0,8,UNCONFIGURED
7.169999999999432,1.1980000000000008,0.0,0.0,-0.11342865382354399,1.4351748545001462e-06,0.15983500834379186,89.99046900531404,89.99046900523757,4.935666157414994e-08,4.4797231683117016e-08,179.99855602598268,-2.543424391027619e-13,-2.1991904913259919e-13,-3.744845482668484e-10,-3.4000344695180514e-10,4.982637075112935e-11,4.9826389784173625e-11,0.0,0.0,8,UNCONFIGURED
7.179999999999431,1.2080000000000009,0.0,0.0,-0.1134286538225724,1.4351748545028918e-06,0.1598350083462908,89.99046900504636,89.99046900496988,3.3290733413332253e-08,3.021666578999043e-08,179.99855602603822,-1.57467512771807e-13,-1.4504394134586461e-13,-2.529097126328911e-10,-2.2962378820796731e-10,3.355811400674476e-11,3.355812688212504e-11,0.0,0.0,8,UNCONFIGURED
7.18999999999943,1.2180000000000009,0.0,0.0,-0.11342865382191701,1.435174854505233e-06,0.1598350083479785,89.9904690047022,89.99046900462572,2.24577994855543e-08,2.0384785012453275e-08,179.9985560260768,-1.25264339470192e-13,-1.2128245588074685e-13,-1.708067170043044e-10,-1.5508058186439422e-10,2.2597136081179837e-11,2.2597155133363975e-11,0.0,0.0,8,UNCONFIGURED
7.199999999999429,1.2280000000000009,0.0,0.0,-0.11342865382147485,1.4351748545076439e-06,0.15983500834911837,89.99046900451101,89.99046900451101,1.51520230541222e-08,1.3753783894898447e-08,179.99855602610464,-1.1348981899789898e-13,-1.1169877263129645e-13,-1.1535843338922124e-10,-1.0473774248401549e-10,1.521037075539746e-11,1.521037377693363e-11,0.0,0.0,8,UNCONFIGURED
7.209999999999428,1.2380000000000009,0.0,0.0,-0.1134286538211765,1.4351748545102284e-06,0.15983500834988817,89.99046900439629,89.99046900439629,1.0224142336008074e-08,9.280974608066575e-09,179.99855602612544,-1.1066803802820655e-13,-1.1064506985163418e-13,-7.791109592601003e-11,-7.073837939517589e-11,1.0230860204343279e-11,1.0230870965986666e-11,0.0,0.0,8,UNCONFIGURED
7.219999999999427,1.2480000000000009,0.0,0.0,-0.1134286538209752,1.4351748545129702e-06,0.15983500835040812,89.9904690043198,89.9904690043198,6.899669758899458e-09,6.263290901257709e-09,179.9985560261417,-1.1193395929650942e-13,-1.1210663945607952e-13,-5.2620852852939413e-11,-4.777658142746982e-11,6.87376908264813e-12,6.873775230837668e-12,0.0,0.0,8,UNCONFIGURED
7.229999999999426,1.258000000000001,0.0,0.0,-0.11342865382083933,1.4351748545158497e-06,0.15983500835075928,89.99046900428156,89.99046900428156,4.6566111941259705e-09,4.227190043068448e-09,179.99855602615483,-1.1128352679189136e-13,-1.112786028990008e-13,-3.554047739112701e-11,-3.226877946487668e-11,4.609805342896731e-12,4.6098141014148376e-12,0.0,0.0,8,UNCONFIGURED
7.239999999999425,1.268000000000001,0.0,0.0,-0.11342865382074764,1.4351748545174733e-06,0.15983500835099645,89.99046900428156,89.99046900428156,3.1430405959014265e-09,2.853266886125357e-09,179.9985560261629,-6.213661248018933e-14,-4.827827811058391e-14,-2.4004550550610963e-11,-2.1794834087057646e-11,3.0828161649710278e-12,3.0828089358322707e-12,0.0,0.0,8,UNCONFIGURED
7.249999999999424,1.278000000000001,0.0,0.0,-0.11342865382068577,1.435174854518011e-06,0.15983500835115666,89.99046900424332,89.99046900424332,2.1217171802538975e-09,1.9261113306415266e-09,179.9985560261671,-2.0983414549399805e-14,-1.6571007948749374e-14,-1.6213483938304876e-11,-1.4721070438478073e-11,2.052816647342897e-12,2.052802772201489e-12,0.0,0.0,8,UNCONFIGURED
7.2599999999994225,1.288000000000001,0.0,0.0,-0.11342865382064402,1.4351748545181422e-06,0.15983500835126485,89.99046900424332,89.99046900424332,1.4322527784726725e-09,1.3002536058839442e-09,179.9985560261695,-7.033884988760338e-15,-5.549139841252774e-15,-1.0950816481186277e-11,-9.942746286736966e-12,1.3579021930980908e-12,1.3578786966698536e-12,0.0,0.0,8,UNCONFIGURED
7.269999999999421,1.298000000000001,0.0,0.0,-0.11342865382061583,1.4351748545181437e-06,0.1598350083513379,89.9904690042051,89.9904690042051,9.66783846152864e-10,8.776114153905331e-10,179.9985560261709,-5.801131402477781e-16,4.428982285666262e-17,-7.396732398294435e-12,-6.716007370775466e-12,8.894327738452533e-13,8.894068528382807e-13,0.0,0.0,8,UNCONFIGURED
7.27999999999942,1.308000000000001,0.0,0.0,-0.11342865382059687,1.4351748545181145e-06,0.1598350083513934,89.9904690042051,89.99046900416685,7.453348286974648e-10,6.590269279871463e-10,179.99855602617183,1.0484039042199299e-15,1.3488977667662557e-15,-5.609515517865053e-12,-4.977343350081491e-12,1.251851119013036e-13,1.2518193223517123e-13,0.0,0.0,8,UNCONFIGURED
7.289999999999419,1.318000000000001,0.0,0.0,-0.11342865382058508,1.4351748545180895e-06,0.15983500835143408,89.99046900416685,89.99046900416685,6.110874817178296e-10,5.240355389634903e-10,179.99855602617242,4.593335800394809e-15,3.572409825271294e-15,-4.3595951434871585e-12,-3.775543644619108e-12,-2.393996657012463e-13,-2.3934838795298616e-13,0.0,0.0,8,UNCONFIGURED
7.299999999999418,1.328000000000001,0.0,0.0,-0.11342865382057872,1.435174854518034e-06,0.15983500835146341,89.99046900416685,89.99046900416685,5.167245194177299e-10,4.607406661948719e-10,179.99855602617305,-2.296839252194879e-15,-2.4879029992316068e-15,-3.3790494685595644e-12,-3.0109013974561805e-12,-1.677040595247496e-13,-1.6766116815419417e-13,0.0,0.0,8,UNCONFIGURED
7.309999999999417,1.338000000000001,0.0,0.0,-0.11342865382057657,1.4351748545179798e-06,0.15983500835148415,89.99046900416685,89.99046900416685,2.2943842048416383e-10,4.6294829481352593e-10,179.99855602617367,-6.433512373346197e-16,-6.378464570683405e-15,-1.6432439909784535e-12,-2.60730880620179e-12,4.365451781397155e-13,4.366481999644551e-13,0.0,0.0,8,UNCONFIGURED
7.319999999999416,1.348000000000001,0.0,0.0,-0.11342865382057764,1.4351748545179226e-06,0.15983500835149836,89.99046900416685,89.99046900416685,1.8256124583502438e-10,1.2493764940818017e-10,179.99855602617413,-8.392540117795102e-16,-7.84415351419057e-18,-1.1740707092221882e-12,-8.723316808285382e-13,1.708322431866755e-12,1.708471103529622e-12,0.0,0.0,8,UNCONFIGURED
7.329999999999415,1.358000000000001,0.0,0.0,-0.11342865382058114,1.4351748545178659e-06,0.15983500835150755,89.99046900416685,89.99046900416685,1.7473260765205419e-10,1.0323742654361497e-10,179.99855602617444,-1.2115555639750649e-15,-3.3597989047539806e-16,-9.334815689512245e-13,-6.095161639213245e-13,5.596002456539481e-13,5.596429985484165e-13,0.0,0.0,8,UNCONFIGURED
7.339999999999414,1.368000000000001,0.0,0.0,-0.11342865382058782,1.4351748545178006e-06,0.15983500835151637,89.99046900416685,89.99046900416685,2.0815385017637102e-10,1.1703901034167647e-10,179.99855602617487,-1.5249292012879062e-15,-1.5201926392773794e-15,-8.889853208598282e-13,-5.231256608151119e-13,1.2086462997922529e-12,1.2086734555435004e-12,0.0,0.0,8,UNCONFIGURED
7.349999999999413,1.378000000000001,0.0,0.0,-0.11342865382059536,1.4351748545177354e-06,0.15983500835152056,89.99046900416685,89.99046900416685,2.2750257401608072e-10,1.8482356740279153e-10,179.9985560261752,-6.273026640462533e-15,-4.821624642938896e-15,-8.342032534685088e-13,-6.669455677402175e-13,2.1677149362350404e-12,2.1677877825636405e-12,0.0,0.0,8,UNCONFIGURED
7.3599999999994115,1.388000000000001,0.0,0.0,-0.11342865382060427,1.4351748545176732e-06,0.15983500835152353,89.99046900416685,89.99046900416685,-4.081940341213331e-11,3.0049320013924226e-10,179.9985560261756,-2.4213977614641316e-15,-7.357220495247438e-15,1.6166174318517813e-13,-9.749047941629634e-13,3.708918333007852e-12,3.708994512015797e-12,0.0,0.0,8,UNCONFIGURED
7.36999999999941,1.398000000000001,0.0,0.0,-0.113428653820613,1.43517485451761e-06,0.1598350083515227,89.99046900416685,89.99046900416685,-7.366895122890717e-12,-6.491540972815308e-11,179.99855602617578,-3.094590658490281e-15,-2.021858714384439e-15,7.878687357276218e-14,2.742761359083032e-13,1.133701110737805e-12,1.1337298329333646e-12,0.0,0.0,8,UNCONFIGURED
7.379999999999409,1.408000000000001,0.0,0.0,-0.11342865382062359,1.4351748545174409e-06,0.15983500835152417,89.99046900416685,89.99046900416685,6.521694467962506e-11,-1.1701641265818483e-11,179.99855602617637,-9.335822211635797e-15,-5.677712360543691e-15,-1.4517217666636927e-13,1.054992846943197e-13,1.822511376274596e-12,1.8225389828700107e-12,0.0,0.0,8,UNCONFIGURED
7.389999999999408,1.418000000000001,0.0,0.0,-0.11342865382063506,1.4351748545172662e-06,0.15983500835152592,89.99046900416685,89.99046900416685,1.624315297837963e-10,6.86872513667628e-11,179.99855602617708,-1.1945767745438438e-14,-9.178276355790635e-15,-4.4736036458179725e-13,-1.4978387478460892e-13,2.882944699802867e-12,2.8830035418856e-12,0.0,0.0,8,UNCONFIGURED
7.399999999999407,1.428000000000001,0.0,0.0,-0.11342865382064603,1.4351748545170828e-06,0.15983500835152537,89.99046900416685,89.99046900416685,-1.2376515233011783e-10,1.9902411942932197e-10,179.99855602617768,-3.0322819913020122e-15,-2.1464185427379284e-14,4.557422263152217e-13,-5.615355635076079e-13,4.349942302234182e-12,4.3499186243770366e-12,0.0,0.0,8,UNCONFIGURED
7.409999999999406,1.438000000000001,0.0,0.0,-0.11342865382065613,1.4351748545169257e-06,0.15983500835152256,89.99046900416685,89.99046900416685,-7.096386612017182e-11,-1.1965164428491656e-10,179.99855602617808,-8.222509553063074e-15,-5.41859900854039e-15,2.789107445227236e-13,4.2877985074957016e-13,1.3118519587687949e-12,1.3118474738840652e-12,0.0,0.0,8,UNCONFIGURED
7.419999999999405,1.448000000000001,0.0,0.0,-0.11342865382066747,1.4351748545166887e-06,0.15983500835152253,89.99046900416685,89.99046900416685,1.2404902835186397e-11,-5.462688169778281e-11,179.99855602617887,-1.3150837497494665e-14,-9.913810853468777e-15,7.474420604062764e-15,2.1390873823300677e-13,1.983085452873212e-12,1.983034927270492e-12,0.0,0.0,8,UNCONFIGURED
7.429999999999404,1.458000000000001,0.0,0.0,-0.11342865382067918,1.4351748545155162e-06,0.15983500835152334,89.99046900416685,89.99046900416685,1.1522459448782782e-10,3.193512852788338e-11,179.99855602617805,8.11784888719482e-15,5.26453147134068e-14,-3.1856320184657907e-13,-6.254495728359542e-14,2.9964422672365446e-12,2.996399192401581e-12,0.0,0.0,8,UNCONFIGURED
7.439999999999403,1.468000000000001,0.0,0.0,-0.11342865382069005,1.4351748545144636e-06,0.15983500835152242,89.99046900416685,89.99046900416685,-1.3738138975541444e-10,1.612238593668787e-10,179.99855602617606,2.555153188272481e-14,4.0236072825973865e-14,4.554455979978688e-13,-4.649450832997199e-13,4.377983179183634e-12,4.377839908189843e-12,0.0,0.0,8,UNCONFIGURED
7.4499999999994015,1.478000000000001,0.0,0.0,-0.11342865382070101,1.4351748545140212e-06,0.1598350083515219,89.99046900416685,89.99046900416685,-8.135288547936121e-11,-1.2458010741473036e-10,179.99855602617475,1.9147155901521997e-14,1.602823798815299e-14,2.770062081644038e-13,4.083025683344187e-13,6.444536385958469e-12,6.444391898795156e-12,0.0,0.0,8,UNCONFIGURED
7.4599999999994,1.488000000000001,0.0,0.0,-0.11342865382071204,1.4351748545138446e-06,0.15983500835152134,89.99046900416685,89.99046900416685,-9.215044574913304e-12,-7.279012474974015e-11,179.99855602617393,1.387755409681819e-14,1.0845965517902723e-14,5.1728696491168685e-14,2.450373150419191e-13,1.9729479979623783e-12,1.9728997328900946e-12,0.0,0.0,8,UNCONFIGURED
7.469999999999399,1.498000000000001,0.0,0.0,-0.11342865382072342,1.4351748545138361e-06,0.15983500835152167,89.99046900416685,89.99046900416685,8.950158194689792e-11,1.2788565134022884e-11,179.99855602617302,1.8372782694185826e-14,1.5345772541975045e-14,-2.5579457244176925e-13,-2.217397903165296e-14,2.858612306106204e-12,2.858539053080717e-12,0.0,0.0,8,UNCONFIGURED
7.479999999999398,1.5080000000000011,0.0,0.0,-0.11342865382073516,1.435174854513936e-06,0.1598350083515227,89.99046900416685,89.99046900416685,1.6645838952738837e-10,1.277937542592381e-10,179.99855602617214,2.230951722218716e-14,2.0264586694714532e-14,-4.924490110476314e-13,-3.7472850518984304e-13,4.179454536732722e-12,4.179398056250747e-12,0.0,0.0,8,UNCONFIGURED
7.489999999999397,1.5180000000000011,0.0,0.0,-0.11342865382074596,1.4351748545140364e-06,0.15983500835152162,89.99046900416685,89.99046900416685,-9.963597926742965e-11,-1.3956819981538377e-10,179.99855602617131,9.675135415721908e-15,8.018535134914184e-15,3.177795905250143e-13,4.390896265730403e-13,6.011659424395673e-12,6.0115742058445985e-12,0.0,0.0,8,UNCONFIGURED
7.499999999999396,1.5280000000000011,0.0,0.0,-0.1134286538207568,1.4351748545141472e-06,0.15983500835152065,89.99046900416685,89.99046900416685,-2.7786838554627918e-11,-8.649019947056049e-11,179.99855602617055,1.217760487564613e-14,9.531224059672118e-15,9.482092458674975e-14,2.736779726262355e-13,1.834017781072542e-12,1.8339879739006345e-12,0.0,0.0,8,UNCONFIGURED
7.509999999999395,1.5380000000000011,0.0,0.0,-0.11342865382076787,1.4351748545143155e-06,0.15983500835152056,89.99046900416685,89.99046900416685,6.844659073570031e-11,-2.2705278992269274e-12,179.99855602616967,1.7663174195509675e-14,1.3462912402196971e-14,-1.9957855125567498e-13,1.6256109231767784e-14,2.6530609670362166e-12,2.653061461238706e-12,0.0,0.0,8,UNCONFIGURED
7.519999999999394,1.5480000000000012,0.0,0.0,-0.11342865382077916,1.4351748545148754e-06,0.15983500835152126,89.99046900416685,89.99046900416685,1.4269650872165063e-10,1.0737990904339185e-10,179.99855602616933,2.6584476417599472e-14,2.8828599734063606e-15,-4.292343278291467e-13,-3.2131882993099737e-13,3.894826460820698e-12,3.894908166277124e-12,0.0,0.0,8,UNCONFIGURED
7.529999999999393,1.5580000000000012,0.0,0.0,-0.11342865382078951,1.435174854515675e-06,0.15983500835152004,89.99046900416685,89.99046900416685,-1.0232199856530532e-10,-1.389820689897805e-10,179.99855602616984,-1.0778005380946646e-14,-8.661691542353178e-15,3.1910433891727043e-13,4.3065795566599977e-13,5.602939828102486e-12,5.603102728549716e-12,0.0,0.0,8,UNCONFIGURED
7.539999999999392,1.5680000000000012,0.0,0.0,-0.11342865382079981,1.435174854516131e-06,0.159835008351519,89.99046900416685,89.99046900416685,-3.322415227862341e-11,-8.744314614620866e-11,179.99855602616967,1.6463249088974837e-15,1.5914348777097816e-15,1.0473470524883853e-13,2.707124197835442e-13,1.702960355939328e-12,1.7030079703154576e-12,0.0,0.0,8,UNCONFIGURED
7.5499999999993905,1.5780000000000012,0.0,0.0,-0.11342865382081156,1.4351748545166307e-06,0.15983500835152073,89.99046900416685,89.99046900416685,5.474442434633158e-11,-2.161426121938606e-11,179.99855602616935,1.1149522922148617e-14,8.652424010816632e-15,-1.6841997469927182e-13,6.613665439179011e-14,2.517143556473388e-12,2.517194296475541e-12,0.0,0.0,8,UNCONFIGURED
7.559999999999389,1.5880000000000012,0.0,0.0,-0.1134286538208225,1.4351748545171635e-06,0.15983500835152084,89.99046900416685,89.99046900416685,1.1448423764359207e-10,8.203564927755878e-11,179.99855602617006,-1.3249373576921372e-14,-1.1709981946955517e-14,-3.509798579109486e-13,-2.5132920490116776e-13,3.612615364667838e-12,3.6127737726476126e-12,0.0,0.0,8,UNCONFIGURED
7.569999999999388,1.5980000000000012,0.0,0.0,-0.11342865382083368,1.435174854517453e-06,0.15983500835152145,89.99046900416685,89.99046900416685,-1.111303324283562e-10,2.210405348542e-10,179.9985560261703,-5.539506696801054e-15,-2.7283362329499506e-16,3.419098605685452e-13,-6.783681470605723e-13,5.252082668304986e-12,5.252332678957025e-12,0.0,0.0,8,UNCONFIGURED
7.579999999999387,1.6080000000000012,0.0,0.0,-0.11342865382084386,1.4351748545176173e-06,0.1598350083515197,89.99046900416685,89.99046900416685,-5.6898583405689977e-11,-1.0732965680300179e-10,179.99855602617018,9.090809704122928e-16,5.06138786539361e-16,1.7507522390191339e-13,3.300292003361391e-13,1.5979253478187475e-12,1.5980093439507411e-12,0.0,0.0,8,UNCONFIGURED
7.589999999999386,1.6180000000000012,0.0,0.0,-0.11342865382085533,1.4351748545177947e-06,0.15983500835152062,89.99046900416685,89.99046900416685,2.9703837698699175e-11,-4.083813062698674e-11,179.99855602616972,8.68397416363288e-15,6.1435260352427536e-15,-8.997928153170699e-14,1.262736028646991e-13,2.3056578444425354e-12,2.3057418252565056e-12,0.0,0.0,8,UNCONFIGURED
7.599999999999385,1.6280000000000012,0.0,0.0,-0.11342865382086727,1.4351748545181354e-06,0.15983500835152223,89.99046900416685,89.99046900416685,1.3479103985007676e-10,4.694320559431715e-11,179.99855602616933,1.5210633156072986e-14,1.2799810964192563e-14,-4.153781859567147e-13,-1.4543534868185753e-13,3.369098716879259e-12,3.3692597634707603e-12,0.0,0.0,8,UNCONFIGURED
7.609999999999384,1.6380000000000012,0.0,0.0,-0.11342865382087838,1.4351748545186098e-06,0.15983500835152195,89.99046900416685,89.99046900416685,-1.3218082664240878e-10,1.8033491639788758e-10,179.99855602616975,-5.80420353219992e-15,-7.828879103955096e-15,4.0521670804542756e-13,-5.545310684559843e-13,4.816510350752271e-12,4.8167455764363445e-12,0.0,0.0,8,UNCONFIGURED
7.619999999999383,1.6480000000000012,0.0,0.0,-0.1134286538208885,1.435174854518828e-06,0.15983500835151962,89.99046900416685,89.99046900416685,-7.619784964811678e-11,-1.2207572253638525e-10,179.99855602616978,-2.3306745036803127e-15,-1.4187044309621844e-15,2.3340427380229613e-13,3.746594800418744e-13,1.4556248450095398e-12,1.4556919743941009e-12,0.0,0.0,8,UNCONFIGURED
7.629999999999382,1.6580000000000013,0.0,0.0,-0.11342865382089969,1.4351748545189456e-06,0.15983500835151995,89.99046900416685,89.99046900416685,1.0449282222337366e-11,-5.417251552158032e-11,179.99855602616998,-3.009213852049561e-15,-1.9500995702312644e-15,-2.9618949836951296e-14,1.6880456971970063e-13,2.103570907361527e-12,2.103720561117294e-12,0.0,0.0,8,UNCONFIGURED
7.639999999999381,1.6680000000000013,0.0,0.0,-0.1134286538209112,1.435174854519066e-06,0.1598350083515211,89.99046900416685,89.99046900416685,1.1399560334648242e-10,3.286638096513694e-11,179.99855602616978,6.5819636674981035e-15,5.067456575893398e-15,-3.4703639375239934e-13,-9.78611116127153e-14,3.089734353939605e-12,3.0899160792627945e-12,0.0,0.0,8,UNCONFIGURED
7.6499999999993795,1.6780000000000013,0.0,0.0,-0.11342865382092183,1.4351748545191527e-06,0.1598350083515205,89.99046900416685,89.99046900416685,-1.3229962893024092e-10,1.6049970218040024e-10,179.9985560261694,2.8818970133939142e-15,9.334327505295074e-15,4.0844460136499347e-13,-4.909316815335883e-13,4.4418619711973265e-12,4.44214757677775e-12,0.0,0.0,8,UNCONFIGURED
7.659999999999378,1.6880000000000013,0.0,0.0,-0.11342865382093256,1.4351748545190108e-06,0.1598350083515203,89.99046900416685,89.99046900416685,-7.749538015229192e-11,-1.19854477145699e-10,179.99855602617586,4.415951586269312e-15,3.218677175854111e-15,2.388703387968763e-13,3.690225240169318e-13,6.479388540387238e-12,6.479839281179769e-12,0.0,0.0,8,UNCONFIGURED
7.669999999999377,1.6980000000000013,0.0,0.0,-0.11342865382094336,1.4351748545169466e-06,0.15983500835152006,89.99046900416685,89.99046900416685,-7.555712211456098e-12,-6.988765604115575e-11,179.99855602618987,-2.354435528424291e-13,-1.2983966920905522e-13,2.192838440347648e-14,2.1356086302334112e-13,1.9852885815829027e-12,1.9854243403718947e-12,0.0,0.0,8,UNCONFIGURED
7.679999999999376,1.7080000000000013,0.0,0.0,-0.1134286538209545,1.4351748545095436e-06,0.1598350083515206,89.99046900416685,89.99046900416685,8.834407844194792e-11,1.319136565269897e-11,179.9985560262037,-3.3582034010202836e-13,-2.1746006212285598e-13,-2.7145294859018566e-13,-4.072322333283937e-14,2.8564369297864763e-12,2.856403069913603e-12,0.0,0.0,8,UNCONFIGURED
7.689999999999375,1.7180000000000013,0.0,0.0,-0.11342865382096598,1.435174854498724e-06,0.15983500835152173,89.99046900416685,89.99046900416685,1.6219281183991088e-10,1.2414016674706442e-10,179.99855602622085,-5.021920906245839e-13,-4.396478093927317e-13,-4.956073529504622e-13,-3.7895633376273305e-13,4.158832160930227e-12,4.158010309655056e-12,0.0,0.0,8,UNCONFIGURED
7.699999999999374,1.7280000000000013,0.0,0.0,-0.11342865382097655,1.4351748544878563e-06,0.15983500835152079,89.99046900416685,89.99046900416685,-9.82703781351029e-11,-1.3731703573654765e-10,179.9985560262329,-6.612055675731318e-14,2.008108288748187e-15,3.018777572915016e-13,4.21514314859091e-13,5.941736098610549e-12,5.939223911253316e-12,0.0,0.0,8,UNCONFIGURED
7.709999999999373,1.7380000000000013,0.0,0.0,-0.11342865382098719,1.4351748544745154e-06,0.15983500835151992,89.99046900416685,89.99046900416685,-2.778901038754397e-11,-8.532491671684369e-11,179.99855602624405,-1.8810247996724062e-13,-6.147734088663063e-14,8.529339166151743e-14,2.6156190457320977e-13,1.8129295495369697e-12,1.81215039292031e-12,0.0,0.0,8,UNCONFIGURED
7.719999999999372,1.7480000000000013,0.0,0.0,-0.11342865382099938,1.4351748544543098e-06,0.15983500835152192,89.99046900416685,89.99046900416685,6.444244485009995e-11,-1.6741653017679127e-11,179.99855602627204,-4.830354406178467e-13,-2.483013877404126e-13,-1.9630184161946859e-13,5.2148252315189586e-14,2.657081170044829e-12,2.6553092541113707e-12,0.0,0.0,8,UNCONFIGURED
7.729999999999371,1.7580000000000013,0.0,0.0,-0.1134286538210108,1.435174854430717e-06,0.1598350083515222,89.99046900416685,89.99046900416685,1.2707545166582123e-10,9.251329483690432e-11,179.99855602629344,-7.399671523422261e-13,-6.277676717549585e-13,-3.8919704695317534e-13,-2.8302180950337564e-13,3.804526996112847e-12,3.800965154450881e-12,0.0,0.0,8,UNCONFIGURED
7.73999999999937,1.7680000000000013,0.0,0.0,-0.11342865382102128,1.4351748544051578e-06,0.15983500835152065,89.99046900416685,89.99046900416685,-1.1332309864431615e-10,-1.487930608514832e-10,179.99855602631,8.879913448078976e-14,2.2570121221242734e-13,3.4833588156719767e-13,4.573925122534812e-13,5.468863720065005e-12,5.461867342016768e-12,0.0,0.0,8,UNCONFIGURED
7.7499999999993685,1.7780000000000014,0.0,0.0,-0.11342865382103168,1.4351748543759972e-06,0.15983500835151931,89.99046900416685,89.99046900416685,-4.23524038870723e-11,-9.503458929686266e-11,179.99855602634074,-5.16425378179023e-13,-2.2888488182372525e-13,1.324298507483154e-13,2.9398592039923195e-13,1.6572840854300927e-12,1.6551113895645025e-12,0.0,0.0,8,UNCONFIGURED
7.759999999999367,1.7880000000000014,0.0,0.0,-0.11342865382104343,1.4351748543297814e-06,0.15983500835152076,89.99046900416685,89.99046900416685,4.7418805452682744e-11,-2.7251329139038037e-11,179.99855602641006,-1.1469183283406357e-12,-6.298770900325551e-13,-1.4327916871417082e-13,8.586651226363164e-14,2.4545504819637655e-12,2.4501549827706773e-12,0.0,0.0,8,UNCONFIGURED
7.769999999999366,1.7980000000000014,0.0,0.0,-0.11342865382105433,1.4351748542781104e-06,0.1598350083515207,89.99046900416685,89.99046900416685,1.0896642979982787e-10,7.739632258378377e-11,179.99855602646574,-1.8147061002037033e-12,-1.5531221352977562e-12,-3.2911350376587383e-13,-2.325443646213723e-13,3.5299711717213958e-12,3.521324311484337e-12,0.0,0.0,8,UNCONFIGURED
7.779999999999365,1.8080000000000014,0.0,0.0,-0.11342865382106546,1.4351748542123432e-06,0.1598350083515212,89.99046900416685,89.99046900416685,-1.126329358927667e-10,2.1604721798301773e-10,179.99855602653784,9.04819412256282e-14,-3.236848172266998e-12,3.4781063779072357e-13,-6.596594237835054e-13,5.147717567677343e-12,5.131268270128087e-12,0.0,0.0,8,UNCONFIGURED
7.789999999999364,1.8180000000000014,0.0,0.0,-0.11342865382107556,1.4351748541458047e-06,0.1598350083515194,89.99046900416685,89.99046900416685,-5.807782860417585e-11,-1.0779548114663604e-10,179.9985560265622,-4.1842234424928033e-13,1.1781014941652858e-13,1.7911336853556744e-13,3.3121132599028803e-13,1.5640711744383117e-12,1.5589326741813828e-12,0.0,0.0,8,UNCONFIGURED
7.799999999999363,1.8280000000000014,0.0,0.0,-0.11342865382108694,1.435174854050239e-06,0.15983500835152029,89.99046900416685,89.99046900416685,2.7571717173746626e-11,-4.1871466584678676e-11,179.99855602665605,-1.557941555034637e-12,-6.788984508841843e-13,-8.544598085875771e-14,1.275734790736178e-13,2.267695093098721e-12,2.2581904335170074e-12,0.0,0.0,8,UNCONFIGURED
7.809999999999362,1.8380000000000014,0.0,0.0,-0.11342865382109873,1.4351748539298361e-06,0.1598350083515219,89.99046900416685,89.99046900416685,1.3219955234463637e-10,4.558430281782603e-11,179.99855602679483,-3.5471713703347326e-12,-2.220052221236747e-12,-4.066799874383692e-13,-1.4049209848690464e-13,3.319435779850882e-12,3.3020461395812985e-12,0.0,0.0,8,UNCONFIGURED
7.819999999999361,1.8480000000000014,0.0,0.0,-0.11342865382110971,1.4351748538005279e-06,0.1598350083515216,89.99046900416685,89.99046900416685,-1.3106464713703895e-10,1.7746268199854678e-10,179.99855602689317,6.496025150206082e-13,-5.231859253031582e-12,4.0244450573371275e-13,-5.475292330736202e-13,4.755990097565588e-12,4.724631673267393e-12,0.0,0.0,8,UNCONFIGURED
7.82999999999936,1.8580000000000014,0.0,0.0,-0.11342865382111969,1.4351748536726204e-06,0.15983500835151926,89.99046900416685,89.99046900416685,-7.570581680096685e-11,-1.2098162893439686e-10,179.99855602691434,-3.7513471215997165e-13,5.339625576006517e-13,2.311045367343883e-13,3.7058976835393074e-13,1.436501389621912e-12,1.4267201005511986e-12,0.0,0.0,8,UNCONFIGURED
7.839999999999359,1.8680000000000014,0.0,0.0,-0.11342865382113075,1.4351748534963564e-06,0.15983500835151956,89.99046900416685,89.99046900416685,8.508632827428995e-12,-5.5218909788740135e-11,179.99855602706032,-2.442664347706517e-12,-9.050124256588045e-13,-2.902928389233217e-14,1.6685228894709682e-13,2.0851139874753737e-12,2.0674881229682504e-12,0.0,0.0,8,UNCONFIGURED
7.8499999999993575,1.8780000000000014,0.0,0.0,-0.11342865382114212,1.4351748532777622e-06,0.15983500835152065,89.99046900416685,89.99046900416685,1.092568909013509e-10,2.9656980418582476e-11,179.99855602728817,-5.962760002495513e-12,-3.677067016727353e-12,-3.3849610322797853e-13,-9.36866203031184e-14,3.0679345803583682e-12,3.036408082187552e-12,0.0,0.0,8,UNCONFIGURED
7.859999999999356,1.8880000000000015,0.0,0.0,-0.11342865382115261,1.4351748530488145e-06,0.1598350083515201,89.99046900416685,89.99046900416685,-1.3202934421732965e-10,1.5489068678063507e-10,179.99855602746328,1.1978427740604743e-12,-9.465180616194381e-12,4.041210528861537e-13,-4.819384746693574e-13,4.413407249044266e-12,4.357241450477431e-12,0.0,0.0,8,UNCONFIGURED
7.869999999999355,1.8980000000000015,0.0,0.0,-0.11342865382116318,1.435174852775359e-06,0.1598350083515199,89.99046900416685,89.99046900416685,-7.799140961113114e-11,-1.19434410163545e-10,179.99855602769887,-7.596670894615026e-13,8.947785924725077e-13,2.365852676866045e-13,3.6465468687801576e-13,6.422327471920628e-12,6.321711569285433e-12,0.0,0.0,8,UNCONFIGURED
7.879999999999354,1.9080000000000015,0.0,0.0,-0.11342865382117381,1.4351748524534784e-06,0.15983500835151962,89.99046900416685,89.99046900416685,-8.161817933629548e-12,-6.945630748418315e-11,179.99855602794597,-4.203891434933786e-12,-1.2875877415014485e-12,2.4426171197250837e-14,2.1269617765314597e-13,1.9667924124984173e-12,1.9353791305215018e-12,0.0,0.0,8,UNCONFIGURED
7.889999999999353,1.9180000000000015,0.0,0.0,-0.11342865382118478,1.4351748520476023e-06,0.15983500835152012,89.99046900416685,89.99046900416685,8.588791817656943e-11,1.2191450525316263e-11,179.9985560283304,-1.034247066336906e-11,-6.143629134060151e-12,-2.639368779018468e-13,-3.741665803524963e-14,2.8385528192787107e-12,2.7822825913510294e-12,0.0,0.0,8,UNCONFIGURED
7.899999999999352,1.9280000000000015,0.0,0.0,-0.11342865382119607,1.4351748515401465e-06,0.15983500835152123,89.99046900416685,89.99046900416685,1.5888742254461096e-10,1.2167153449763726e-10,179.99855602890247,-1.831417025801746e-11,-1.5782647486925266e-11,-4.87204233546246e-13,-3.728550698347375e-13,4.1386986277142e-12,4.038080455372568e-12,0.0,0.0,8,UNCONFIGURED
7.909999999999351,1.9380000000000015,0.0,0.0,-0.11342865382120648,1.4351748510126396e-06,0.15983500835152029,89.99046900416685,89.99046900416685,-9.670997151812935e-11,-1.3507138658809178e-10,179.9985560292453,1.410473514709144e-13,3.1232054989892497e-12,2.972109864232584e-13,4.1493027958483927e-13,5.9310691170097996e-12,5.751099539138044e-12,0.0,0.0,8,UNCONFIGURED
7.91999999999935,1.9480000000000015,0.0,0.0,-0.11342865382121693,1.4351748503962465e-06,0.1598350083515194,89.99046900416685,89.99046900416685,-2.741549451861725e-11,-8.398831591537574e-11,179.99855602962717,-6.47791398552946e-12,-1.1967669221029386e-12,8.454632519231228e-14,2.577095500950529e-13,1.8093803954740317e-12,1.7532035981685982e-12,0.0,0.0,8,UNCONFIGURED
7.929999999999349,1.9580000000000015,0.0,0.0,-0.11342865382122892,1.4351748494907342e-06,0.1598350083515213,89.99046900416685,89.99046900416685,6.280564837168434e-11,-1.685965790020672e-11,179.9985560307167,-1.8172824977684938e-11,-9.194083437455135e-12,-1.9313379197136658e-13,5.07949090141058e-14,2.6618182046424654e-12,2.560893925813229e-12,0.0,0.0,8,UNCONFIGURED
7.939999999999348,1.9680000000000015,0.0,0.0,-0.11342865382124015,1.4351748485052326e-06,0.1598350083515216,89.99046900416685,89.99046900416685,1.2296084434732634e-10,8.901789676201344e-11,179.99855603164406,-3.169098576333086e-11,-2.7057239368601278e-11,-3.801761442728258e-13,-2.7600708177029507e-13,3.8360982148132025e-12,3.654936550342734e-12,0.0,0.0,8,UNCONFIGURED
7.9499999999993465,1.9780000000000015,0.0,0.0,-0.11342865382125047,1.4351748474852382e-06,0.15983500835152006,89.99046900416685,89.99046900416685,-1.1232353043925215e-10,-1.4709499568578947e-10,179.9985560321624,2.1291037865917178e-12,7.539464364611835e-12,3.4236434613789064e-13,4.491715633555607e-13,5.535492707360645e-12,5.2095982248034046e-12,0.0,0.0,8,UNCONFIGURED
7.959999999999345,1.9880000000000015,0.0,0.0,-0.11342865382126069,1.435174846310666e-06,0.15983500835151873,89.99046900416685,89.99046900416685,-4.3359173153661737e-11,-9.498602417364348e-11,179.99855603277067,-1.0356005045609142e-11,-7.328711272490177e-13,1.3062537439391988e-13,2.890060431766605e-13,1.6786526180724935e-12,1.5769430371232337e-12,0.0,0.0,8,UNCONFIGURED
7.969999999999344,1.9980000000000016,0.0,0.0,-0.11342865382127222,1.4351748446100823e-06,0.15983500835152015,89.99046900412861,89.99046900412861,4.434260717884035e-11,-2.8631890006543e-11,179.99855603475578,-3.309552192798196e-11,-1.645271839026252e-11,-1.3911876048109886e-13,8.513077863732173e-14,2.4983421844015402e-12,2.314699519687078e-12,0.0,0.0,8,UNCONFIGURED
7.979999999999343,2.0080000000000005,0.0,0.0,-0.11342865382128293,1.4351748427646233e-06,0.15983500835152012,89.99046900412861,89.99046900412861,1.0343728758629145e-10,7.265304937209734e-11,179.9985560364495,-5.842830302443792e-11,-4.984882140956799e-11,-3.212605704703888e-13,-2.2641768033147233e-13,3.6313764251859704e-12,3.299848526245959e-12,0.0,0.0,8,UNCONFIGURED
7.989999999999342,2.0179999999999993,0.0,0.0,-0.11342865382129384,1.4351748404819423e-06,0.15983500835152056,89.99046900412861,89.99046900412861,-1.12030615287625e-10,2.0798294845949975e-10,179.99855603883793,4.388820021944206e-12,-1.0980385312973105e-10,3.4194444265083034e-13,-6.389111068637937e-13,5.3437573742836215e-12,4.744173058833993e-12,0.0,0.0,8,UNCONFIGURED
7.999999999999341,2.0279999999999982,0.0,0.0,-0.11342865382130374,1.4351748382035488e-06,0.15983500835151876,89.99046900412861,89.99046900412861,-5.845531945872797e-11,-1.067146310425659e-10,179.99855603967399,-1.4418188759694725e-11,3.757432768935096e-12,1.788153737418944e-13,3.270712288071044e-13,1.624034361787403e-12,1.43710330767644e-12,0.0,0.0,8,UNCONFIGURED
8.009999999999344,2.037999999999997,0.0,0.0,-0.11342865382131487,1.4351748349334223e-06,0.1598350083515196,89.99046900412861,89.99046900412861,2.5346506769774234e-11,-4.2014438590229913e-11,179.9985560430539,-5.634404943692818e-11,-2.5578674380546513e-11,-7.946449729163234e-14,1.2795083760290849e-13,2.384850173143328e-12,2.0469631355921727e-12,0.0,0.0,8,UNCONFIGURED
8.019999999999348,2.047999999999996,0.0,0.0,-0.1134286538213264,1.4351748307558956e-06,0.15983500835152112,89.99046900412861,89.99046900412861,1.2832777148293627e-10,4.398337677978819e-11,179.99855604811512,-1.2876573646122664e-10,-8.151252554885519e-11,-3.945472669458161e-13,-1.3538952507397442e-13,3.5383338310624795e-12,2.927951546475242e-12,0.0,0.0,8,UNCONFIGURED
8.029999999999351,2.057999999999995,0.0,0.0,-0.11342865382133711,1.4351748262743072e-06,0.1598350083515208,89.99046900412861,89.99046900412861,-1.2828964608170316e-10,1.7232365060643517e-10,179.9985560518909,1.9523161007787453e-11,-1.9354285101435413e-10,3.935864320202334e-13,-5.293404404949084e-13,5.1773651756592074e-12,4.075809079509029e-12,0.0,0.0,8,UNCONFIGURED
8.039999999999354,2.067999999999994,0.0,0.0,-0.11342865382134686,1.4351748218047839e-06,0.1598350083515185,89.99046900412861,89.99046900412861,-7.405411966014596e-11,-1.1824055383943294e-10,179.9985560528714,-1.7173428627095848e-11,1.6232777573351558e-11,2.2739549109412787e-13,3.6274905575005975e-13,1.567651827978328e-12,1.2241428058774772e-12,0.0,0.0,8,UNCONFIGURED
8.049999999999358,2.0779999999999927,0.0,0.0,-0.11342865382135767,1.4351748155342074e-06,0.15983500835151881,89.99046900412861,89.99046900412861,8.5127716395918e-12,-5.365975873864869e-11,179.9985560586803,-9.675528940352282e-11,-4.0098704927396314e-11,-2.7640094382808466e-14,1.631398257867162e-13,2.332431729682768e-12,1.7110546027685827e-12,0.0,0.0,8,UNCONFIGURED
8.059999999999361,2.0879999999999916,0.0,0.0,-0.11342865382136763,1.43517480882359e-06,0.15983500835151804,89.99046900412861,89.99046900412861,6.524502442237415e-11,4.0128526142203104e-11,179.99855606359245,-1.8483876863324007e-10,-1.5611289548428648e-10,-2.035229086787454e-13,-1.259697977747738e-13,3.4917393312749455e-12,2.3662123548417325e-12,0.0,0.0,8,UNCONFIGURED
8.069999999999364,0.004,0.0,0.0,-2.9668376740322235e-06,-6.752323193798438e-07,0.1599760432250136,4.000431308414639,4.001384085457483,0.0,0.21565430872757446,0.00013793464324867526,0.0,0.037802279214409214,0.0,-0.00011061461401490043,-0.014635133412196204,-0.01393631965347419,0.0,0.0,4,UNCONFIGURED
8.079999999999368,0.014,0.0,0.0,-3.056567848827828e-05,-2.144928206869969e-06,0.15987407882743762,4.010614291415601,4.01431675026854,1.2292947780030266,1.5687633636019254,0.0002940351736736256,0.016059739331622837,0.010859243323352356,-0.00190179380624377,-0.0025647050511520136,-0.056175150855347994,-0.05605289693207863,0.0,0.0,4,UNCONFIGURED
8.089999999999371,0.024000000000000007,0.0,0.0,-8.838440388956718e-05,-2.8420780971841733e-06,0.15975910249540895,4.034880875280544,4.041481875428076,2.650933128192024,3.006602246737227,0.0002826085653299875,-0.0009441751560604505,-0.0037627330840748195,-0.004812822928744043,-0.00557817509400464,-0.1003690878996206,-0.10057063572958402,0.0,0.0,4,UNCONFIGURED
8.099999999999374,0.034000000000000016,0.0,0.0,-0.00017745717820221243,-2.7464228657521414e-06,0.1596610950443983,4.0738242271515075,4.083407241256661,4.125894758579127,4.490847693551883,0.0001848971760793107,-0.009798947981732994,-0.01107328585712138,-0.008040152604733819,-0.008852133139630017,-0.14602965026091008,-0.14637994257531825,0.0,0.0,4,UNCONFIGURED
8.109999999999378,0.044000000000000025,0.0,0.0,-0.00029839401405751904,-2.094671926553178e-06,0.1595902778767339,4.127792440347105,4.140411154545894,5.6328994659600164,6.003997087303329,5.6266176050642644e-05,-0.013053927323373663,-0.0132017350799084,-0.011404061545113742,-0.012233048148404885,-0.19260684405160386,-0.19297471021163803,0.0,0.0,4,UNCONFIGURED
8.119999999999381,0.054000000000000034,0.0,0.0,-0.0004516317938406394,-1.188325542747107e-06,0.15954591021774325,4.1970272108103215,4.212725201420124,7.16298088997586,7.539312046697989,-6.435439618838657e-05,-0.012323419037257954,-0.01174000250344056,-0.014809934319766618,-0.015641586507279665,-0.23988038146662521,-0.24017919107952113,0.0,0.0,4,UNCONFIGURED
8.129999999999384,0.06400000000000004,0.0,0.0,-0.000637599504417004,-2.8561930175646087e-07,0.15952206454424636,4.281749715664622,4.3005746165309615,8.715272815183727,9.097574156538276,-0.0001546769989956457,-0.009280040371366103,-0.008377182108172447,-0.018218486607358395,-0.01904964591638077,-0.2878642969194261,-0.2880555438000312,0.0,0.0,4,UNCONFIGURED
8.139999999999388,0.07400000000000005,0.0,0.0,-0.0008568360472429261,4.534624502321772e-07,0.15951167271433664,4.382222717632745,4.404235917567675,10.294781917543732,10.684882778711465,-0.0002079056692078306,-0.0055079504022432415,-0.004614305672613218,-0.021630105399684213,-0.02246492213693955,-0.3367397828107881,-0.3368243783850002,0.0,0.0,4,UNCONFIGURED
8.149999999999391,0.08400000000000006,0.0,0.0,-0.0011100596148794835,9.692663661633142e-07,0.1595087932172415,4.498789572409637,4.524071256407809,11.91004223593113,12.310300458705322,-0.00022808734043559218,-0.0021271709116532783,-0.0014291794596331287,-0.02506853681100534,-0.02591456042414852,-0.3867819505912752,-0.3867835797091303,0.0,0.0,4,UNCONFIGURED
8.159999999999394,0.09400000000000007,0.0,0.0,-0.0013981946785241192,1.273052554077232e-06,0.15950936276992353,4.631891636910946,4.660542247813599,13.571017931160705,13.983912522516155,-0.00022445122936499208,0.00032091519729007584,0.0007650088085196415,-0.028566367352916393,-0.029431728138984377,-0.4382991945646525,-0.4382487690234541,0.0,0.0,4,UNCONFIGURED
8.169999999999398,0.10400000000000008,0.0,0.0,-0.0017223725119046736,1.4118229451178457e-06,0.1595110404292113,4.78207112465043,4.814210923434205,15.287779794030339,15.715711323776242,-0.00020701649006807336,0.0017473535670903793,0.001960685181044947,-0.03215585257229611,-0.033047869248909005,-0.49159799224530853,-0.49152361379849513,0.0,0.0,4,UNCONFIGURED
8.179999999999401,0.11400000000000009,0.0,0.0,-0.0020839210059694366,1.441471373827419e-06,0.1595127112084675,4.94996738316727,4.9857354547108965,17.06996415870677,17.515208668497397,-0.00018411993414410254,0.002319492913739983,0.0023617447952210846,-0.035865096686948546,-0.03678992761666094,-0.5469701439472969,-0.5468925578980568,0.0,0.0,4,UNCONFIGURED
8.189999999999404,0.1240000000000001,0.0,0.0,-0.00248435377889045,1.4112603292533422e-06,0.159513987879376,5.136312099307163,5.175865537021456,18.92673385927406,19.391474545278594,-0.0001615147430761207,0.0022995861071734235,0.002236617803901788,-0.03971763212922913,-0.040680448806955226,-0.6046932019915032,-0.6046250233904045,0.0,0.0,4,UNCONFIGURED
8.199999999999408,0.1340000000000001,0.0,0.0,-0.002925362904040556,1.3574423449514945e-06,0.15951484306320993,5.341926057352615,5.385439583656981,20.866960154770247,21.353342883018474,-0.00014243921320914406,0.0019446525819369997,0.0018323370417267723,-0.04373347316005423,-0.04473878915797446,-0.6650361864027743,-0.6649831452625402,0.0,0.0,4,UNCONFIGURED
8.209999999999411,0.1440000000000001,0.0,0.0,-0.003408816045247956,1.3026885037323753e-06,0.15951538480904437,5.567718142045426,5.615384165240802,22.899450121084257,23.40963552719864,-0.00012814880117465734,0.0014582476580265618,0.0013364221929811056,-0.04793045542025152,-0.048982428007288595,-0.7282660364069755,-0.7282289782009314,0.0,0.0,4,UNCONFIGURED
8.219999999999414,0.1540000000000001,0.0,0.0,-0.003936757203329216,1.2584747453908609e-06,0.15951574196080376,5.814686348011321,5.866715359189207,25.033140474492516,25.56934329494622,-0.00011857587035890368,0.0009767609562992983,0.0008692256028745104,-0.052325334541816926,-0.05342797771696527,-0.7946528819983119,-0.7946297649924692,0.0,0.0,4,UNCONFIGURED
8.229999999999418,0.16400000000000012,0.0,0.0,-0.004511409854132768,1.228458009453532e-06,0.15951601833510548,6.083920266819662,6.14054146766122,27.277236569821255,27.841751792817476,-0.00011292944722281082,0.0005751521654398825,0.0004926701226821026,-0.05693450712918154,-0.05809181449256516,-0.8644736860189391,-0.8644611994088097,0.0,0.0,4,UNCONFIGURED
8.239999999999421,0.17400000000000013,0.0,0.0,-0.005135181357142524,1.2116860868005413e-06,0.15951628319574424,6.376604540307706,6.438066613054047,29.641301581951705,30.236520281874007,-0.00011015203904908645,0.00028138490411890477,0.00022567075393668289,-0.061774391359670416,-0.06299038846935225,-0.9380144343962735,-0.9380091148896454,0.0,0.0,4,UNCONFIGURED
8.249999999999424,0.18400000000000014,0.0,0.0,-0.005810667766259194,1.205099900470582e-06,0.15951657707163933,6.694022891065872,6.760594848984332,32.13530892174805,32.76372708098464,-0.00010921681081335566,9.272313715727995e-05,6.022718620035746e-05,-0.06686155545761255,-0.06814030366623995,-1.0155712232802152,-1.0155700976008282,0.0,0.0,4,UNCONFIGURED
8.259999999999428,0.19400000000000014,0.0,0.0,-0.006540658409620735,1.20519431038886e-06,0.15951692151598795,7.037562469531178,7.109534548700847,34.76967049138729,35.43389342433724,-0.00010928515973468416,-9.934347936913158e-06,-2.5031201177842578e-05,-0.07221267730845495,-0.07355824614469604,-1.0974505601579299,-1.0974514141202487,0.0,0.0,4,UNCONFIGURED
8.269999999999431,0.20400000000000015,0.0,0.0,-0.007328139763462066,1.2089335575820506e-06,0.15951732774637942,7.408718354634545,7.486402922735586,37.555249941414274,38.25799398249164,-0.00010976045132698888,-5.13450871574889e-05,-5.509778264765517e-05,-0.07784439456240946,-0.07926081326944892,-1.1839690971670491,-1.1839704929047954,0.0,0.0,4,UNCONFIGURED
8.279999999999434,0.21400000000000016,0.0,0.0,-0.008176298219387841,1.214114903657794e-06,0.15951780266636997,7.80909810442223,7.892830569940154,40.503366291715984,41.24745856341661,-0.00011027572881239921,-5.508562785653604e-05,-5.2634404877423225e-05,-0.08377307911085638,-0.08526427236576378,-1.2754529112192445,-1.2754540636449658,0.0,0.0,4,UNCONFIGURED
8.289999999999438,0.22400000000000017,0.0,0.0,-0.009088521349000669,1.219385489806971e-06,0.1595183524210438,8.240426280112523,8.33056598767497,43.625790161558136,44.41416661362766,-0.00011064760172071113,-4.003041900926046e-05,-3.5134123378383064e-05,-0.09001454937465529,-0.09158425816198859,-1.3722363604637604,-1.3722369584789462,0.0,0.0,4,UNCONFIGURED
8.299999999999441,0.23400000000000018,0.0,0.0,-0.010068397222926413,1.2240830779265513e-06,0.1595189841851191,8.704548870654879,8.801479966889204,46.93473265488927,47.77043415460539,-0.00011081978047634365,-1.925731697452179e-05,-1.4281233832376884e-05,-0.09658371969654585,-0.09823540570040422,-1.4746604844034754,-1.4746605132448913,0.0,0.0,4,UNCONFIGURED
8.309999999999444,0.2440000000000002,0.0,0.0,-0.01111971125862852,1.2280205609948264e-06,0.1595197068935856,9.203437533288694,9.307569784031788,50.442825548349006,51.328991553891264,-0.00011081083713617991,-4.66820322386236e-07,3.37998571892049e-06,-0.10349417733496204,-0.1052309076855103,-1.5830708721293727,-1.5830704673686242,0.0,0.0,4,UNCONFIGURED
8.319999999999448,0.25400000000000017,0.0,0.0,-0.012246439964097513,1.2312851002142067e-06,0.15952053144340808,9.739193544959068,9.850963079812951,54.1630906045841,55.10294981218118,-0.0001106733761632007,1.2848826350458336e-05,1.5182241598252217e-05,-0.11075767256321918,-0.11258198095402741,-1.697814894121482,-1.6978142383451125,0.0,0.0,4,UNCONFIGURED
8.329999999999451,0.2640000000000002,0.0,0.0,-0.013452740819432873,1.234084273429889e-06,0.1595214706919878,10.314051333658607,10.433921288331128,58.10889536853411,59.10575264530818,-0.00011046651450004575,2.0034663776803537e-05,2.09715974025125e-05,-0.11838350479265429,-0.12029722459404123,-1.8192381730164298,-1.8192374336497594,0.0,0.0,4,UNCONFIGURED
8.339999999999455,0.2740000000000002,0.0,0.0,-0.014742937399597155,1.2366460320835514e-06,0.159522539420209,10.930381430103562,11.058842451022395,62.2938925452438,63.35111141604797,-0.0001102403614127161,2.203423096587404e-05,2.1929910336431884e-05,-0.1263777865060144,-0.1283818513749738,-1.9476801545029834,-1.9476794546696437,0.0,0.0,4,UNCONFIGURED
8.349999999999458,0.2840000000000002,0.0,0.0,-0.01612149869211034,1.2391651736554558e-06,0.15952375432672966,11.590692649937502,11.72826321948163,66.7319399191431,67.85291985568952,-0.00011002967232832076,2.044166676095898e-05,1.9706714097749968e-05,-0.13474256662658546,-0.13683677420120335,-2.083468629759763,-2.0834680419254497,0.0,0.0,4,UNCONFIGURED
8.359999999999461,0.2940000000000002,0.0,0.0,-0.017593011406315282,1.2417834708270522e-06,0.15952513406496663,12.29763328585904,12.444859820414374,71.43699773128364,72.62514549665292,-0.00010985352315623598,1.6879795687091392e-05,1.5873079218997697e-05,-0.14347479568295582,-0.1456575302793483,-2.2269130559078345,-2.226912608708773,0.0,0.0,4,UNCONFIGURED
8.369999999999465,0.3040000000000002,0.0,0.0,-0.01916214391071058,1.2445903843517086e-06,0.15952669930906413,13.0539910588107,13.211447725999692,76.42300050399402,77.68169484581067,-0.00010971823026211944,1.2665539593384397e-05,1.1647150382063532e-05,-0.1525651169972258,-0.15483302789518658,-2.378296522472743,-2.3782962131934307,0.0,0.0,4,UNCONFIGURED
8.379999999999468,0.3140000000000002,0.0,0.0,-0.020833600278835837,1.2476337796094361e-06,0.15952847282643387,13.8626915492662,14.030979745534937,81.70370054728158,83.03624962590018,-0.00010962143947625245,8.690448358838215e-06,7.815545440446407e-06,-0.16199647159986472,-0.16434410465295096,-2.5378662225819886,-2.5378660302166822,0.0,0.0,4,UNCONFIGURED
8.389999999999471,0.32400000000000023,0.0,0.0,-0.022612062782758693,1.2509334111233267e-06,0.1595304795330036,14.726794806102061,14.906542231959264,87.29248087821998,88.702071984516,-0.00010955605735629362,5.4385473629822086e-06,4.774252045947743e-06,-0.1717425103069905,-0.17416189242254745,-2.7058223111858486,-2.705822207270474,0.0,0.0,4,UNCONFIGURED
8.399999999999475,0.33400000000000024,0.0,0.0,-0.024502121060807538,1.2544930406669107e-06,0.15953274650788127,15.64948981487245,15.841349083254899,93.20213613073037,94.69177751694009,-0.00010951334315137572,3.0744667971152474e-06,2.6259551737010433e-06,-0.18176581516182588,-0.18424599386884608,-2.8823050732519464,-2.8823050293832573,0.0,0.0,4,UNCONFIGURED
8.409999999999478,0.34400000000000025,0.0,0.0,-0.0265081861217059,1.258309416178331e-06,0.15953530294432086,16.63408650391408,16.838733218409473,99.44462133517696,101.0170763780627,-0.0001094849529359248,1.5527082837131442e-06,1.2893117819027988e-06,-0.1920159450902332,-0.19454248915813047,-3.067380387246633,-3.0673803793388705,0.0,0.0,4,UNCONFIGURED
8.419999999999481,0.35400000000000026,0.0,0.0,-0.028634387354061475,1.2623778609290928e-06,0.15953818001295128,17.68400498104298,17.902135226243892,106.03077031087977,107.68848477351116,-0.00010946402145211064,7.175449411299892e-07,5.938823064575114e-07,-0.20242733799529267,-0.20498181007861913,-3.2610235577047075,-3.2610235676361916,0.0,0.0,4,UNCONFIGURED
8.429999999999485,0.36400000000000027,0.0,0.0,-0.03088445081552149,1.2666950234258722e-06,0.1595414106113915,18.802761732050826,19.035088929505108,112.9699879300101,114.71501180414135,-0.00010944551033739933,3.787911693149286e-07,3.491672561603509e-07,-0.21291712434192056,-0.21547654304671376,-3.4631017087841482,-3.463101724288611,0.0,0.0,4,UNCONFIGURED
8.439999999999488,0.3740000000000003,0.0,0.0,-0.03326155730953065,1.271259621839602e-06,0.15954502897222678,19.993952581740018,20.2412036832211,120.26992373097657,122.10383003075441,-0.00010942608613365309,3.59979130279516e-07,3.863662702303515e-07,-0.2233829359925695,-0.22591925262904242,-3.6733550798477395,-3.6733550934525283,0.0,0.0,4,UNCONFIGURED
8.449999999999491,0.3840000000000003,0.0,0.0,-0.03576817914893551,1.2760719873572225e-06,0.15954907009966854,21.261232325804183,21.524143342259418,127.93613826961885,129.859942192495,-0.00010940376068137169,5.222936874980954e-07,5.772869532226814e-07,-0.23370082856201857,-0.2361804530391541,-3.8913777423076166,-3.8913777499393425,0.0,0.0,4,UNCONFIGURED
8.459999999999495,0.3940000000000003,0.0,0.0,-0.038405895079583564,1.2811330336500745e-06,0.15955356900495168,22.608291093440318,22.887601993954203,135.9717780827057,137.98586110830956,-0.00010937746579668251,7.707017707512517e-07,8.371649315560115e-07,-0.24372347497720503,-0.24610689544238828,-4.116598457150431,-4.116598456811331,0.0,0.0,4,UNCONFIGURED
8.469999999999498,0.4040000000000003,0.0,0.0,-0.041175183608174425,1.2864430660894234e-06,0.15955855971260144,24.038827699851293,24.3352767606076,144.37727994884855,146.48132462638227,-0.00010934666848476949,1.049184406368476e-06,1.1181535339271682e-06,-0.2532788302759182,-0.2555203815343968,-4.348262601036366,-4.348262591759256,0.0,0.0,4,UNCONFIGURED
8.479999999999501,0.4140000000000003,0.0,0.0,-0.04407519594408531,1.2920006571063628e-06,0.15956407401509465,25.5565204945418,25.87083823241463,153.1501298495488,155.3430721012583,-0.00010931107707328364,1.3309134796176987e-06,1.398944953931527e-06,-0.2621695096275177,-0.2642173550664223,-4.585416284210753,-4.585416265354561,0.0,0.0,4,UNCONFIGURED
8.489999999999505,0.4240000000000003,0.0,0.0,-0.04710351089666154,1.2978016785955455e-06,0.15957013996304964,27.1649964996447,27.49789938669474,162.28470606462642,164.56471263842096,-0.00010927044868129141,1.6075193231593269e-06,1.6742324778202563e-06,-0.2701731583193821,-0.2719695576349846,-4.826893936499198,-4.826893907356173,0.0,0.0,4,UNCONFIGURED
8.499999999999508,0.43400000000000033,0.0,0.0,-0.05025587530731878,1.303838500432211e-06,0.15957678009256906,28.867799949344644,29.219984169559666,171.77223843783878,174.1367174793906,-0.00010922448472876824,1.8798714610017505e-06,1.9460548642201295e-06,-0.2770441179142808,-0.27852605676171355,-5.07131071315153,-5.071310672793721,0.0,0.0,4,UNCONFIGURED
8.509999999999511,0.44400000000000034,0.0,0.0,-0.05352593484319859,1.3100993257800489e-06,0.15958400941093304,30.66836166557692,31.04049723845966,181.60091619923432,184.04656858426208,-0.0001091727907729958,2.1513936027904204e-06,2.2177673228940585e-06,-0.2825167000332944,-0.2836169560756267,-5.317061033027706,-5.317060980310751,0.0,0.0,4,UNCONFIGURED
8.519999999999515,0.45400000000000035,0.0,0.0,-0.05690496110416256,1.3165676247108062e-06,0.15959183318595327,32.56997100756148,32.96269665804004,191.75617406386232,194.27909197434002,-0.00010911487559845882,2.423984870141055e-06,2.4905453085949015e-06,-0.28631036150966127,-0.2869590727593028,-5.562324374874963,-5.562324308527663,0.0,0.0,4,UNCONFIGURED
8.529999999999518,0.46400000000000036,0.0,0.0,-0.060381581838736945,1.3232216344500026e-06,0.15960024461138814,34.57575237862822,34.989671571930344,202.2211801110338,204.81699728212953,-0.00010905016805982232,2.6961023355250376e-06,2.7619041180635665e-06,-0.2881370268085808,-0.2882638117692643,-5.8050791035191684,-5.805079022265926,0.0,0.0,4,UNCONFIGURED
8.539999999999521,0.47400000000000037,0.0,0.0,-0.06394152145829542,1.3300339072542378e-06,0.15960922244808806,36.688648426819704,37.124327003438566,212.97753909647318,215.64163426834742,-0.00010897803546441602,2.9623777156563975e-06,3.025597815784047e-06,-0.2877107236483549,-0.2872473787453772,-6.043124578869452,-6.043124481552094,0.0,0.0,4,UNCONFIGURED
8.549999999999525,0.4840000000000004,0.0,0.0,-0.06756735882799673,1.3369708990576618e-06,0.15961872876396968,38.91141210386587,39.3693779382797,224.0062118983642,226.73396351391858,-0.00010889779209562955,3.214169691349288e-06,3.2723263303626703e-06,-0.28475958848344957,-0.28364335811484215,-6.274111147711863,-6.274111033392901,0.0,0.0,4,UNCONFIGURED
8.559999999999528,0.4940000000000004,0.0,0.0,-0.0712383083872543,1.3439926002933587e-06,0.15962870691050027,41.2466096296941,41.72735469495349,235.28863700360267,238.07572350932077,-0.0001088086895976477,3.4405886308454018e-06,3.490823221483536e-06,-0.27904016843730206,-0.27721754961958994,-6.495576893245007,-6.495576761285172,0.0,0.0,4,UNCONFIGURED
8.569999999999531,0.5040000000000003,0.0,0.0,-0.07493002897269901,1.3510522137675148e-06,0.15963907987375547,43.69663614423635,44.2006212950684,246.8080252222709,249.650761998296,-0.00010870988177551466,3.6296798907929802e-06,3.6690473709847224e-06,-0.2703538095184715,-0.26778482066782866,-6.704989307927959,-6.704989158037092,0.0,0.0,4,UNCONFIGURED
8.579999999999535,0.5140000000000003,0.0,0.0,-0.07861446233376393,1.358095883509609e-06,0.15964974911949792,46.263745435396075,46.79140813210123,258.55078652345173,261.4464880858768,-0.00010860035439175598,3.769582850105374e-06,3.7953187689587687e-06,-0.2585647957103419,-0.2552276123425656,-6.899789462152208,-6.899789294415688,0.0,0.0,4,UNCONFIGURED
8.589999999999538,0.5240000000000004,0.0,0.0,-0.08225970038941133,1.3650624743186567e-06,0.15966059401099694,48.950094655967256,49.501859751591326,270.5080403909368,273.45539560708033,-0.00010847880481558935,3.849567597352553e-06,3.859317519836568e-06,-0.24361980918986664,-0.23951565275745093,-7.0774358592417315,-7.077435674125866,0.0,0.0,4,UNCONFIGURED
8.599999999999541,0.5340000000000004,0.0,0.0,-0.08582987699511221,1.3718833955747379e-06,0.15967147181503116,51.75780444756161,52.334098066278166,282.67716033440126,285.6766093275068,-0.00010834344448015645,3.860902371759925e-06,3.852905597527998e-06,-0.22556823540441434,-0.2207263984657954,-7.235445064541343,-7.235444862881706,0.0,0.0,4,UNCONFIGURED
8.609999999999545,0.5440000000000004,0.0,0.0,-0.08928507663504257,1.3784824560590677e-06,0.15968221822855094,54.68903445273948,55.29030091390245,295.06331021759837,298.11741450901195,-0.00010819167331734496,3.797527217552344e-06,3.7707516634510125e-06,-0.20458284877434055,-0.19906575162115495,-7.371426398139078,-7.371426181116047,0.0,0.0,4,UNCONFIGURED
8.619999999999548,0.5540000000000004,0.0,0.0,-0.09258124928471297,1.3847757299346678e-06,0.15969264826185595,57.74607389527864,58.37279559986821,307.68094481557023,310.79474687571627,-0.00010801952596084543,3.656524791685707e-06,3.610751863221068e-06,-0.18098048741687292,-0.17488868725612292,-7.483108462370176,-7.483108231476221,0.0,0.0,4,UNCONFIGURED
8.629999999999551,0.5640000000000004,0.0,0.0,-0.09567011791254454,1.3906714083471727e-06,0.15970255721210128,60.931446810543754,61.58416701623037,320.55526831691225,323.73664264907455,-0.0001078206804102724,3.4383900472778492e-06,3.374252682822382e-06,-0.15524245099073483,-0.148719561645241,-7.56835596706926,-7.568355724072704,0.0,0.0,4,UNCONFIGURED
8.639999999999555,0.5740000000000004,0.0,0.0,-0.09849906282823233,1.396069606571205e-06,0.15971172136216752,64.24803166213245,64.92738013696342,333.72367034701904,336.9836749483987,-0.00010758455854761402,3.147117135020714e-06,3.0660975502275422e-06,-0.1280345186047876,-0.12127204158718113,-7.625176119381637,-7.625175866291621,0.0,0.0,4,UNCONFIGURED
8.649999999999558,0.5840000000000004,0.0,0.0,-0.10101096536458266,1.4008620932408204e-06,0.1597198979514404,67.69919551294747,68.40591717796671,347.23718712799894,350.5904310769916,-0.00010729235549847474,2.7901388095621786e-06,2.6945378073296168e-06,-0.10022666181442581,-0.0934687726276152,-7.651714657296565,-7.651714396333476,0.0,0.0,4,UNCONFIGURED
8.659999999999561,0.5940000000000004,0.0,0.0,-0.10314399213533497,1.4049319057114688e-06,0.15972682389034354,71.28894363087124,72.02393047673432,361.16206330846256,364.62711279964947,-0.00010690774410100873,2.3781734715299677e-06,2.271066314477263e-06,-0.07291269576919204,-0.06646106590924541,-7.646242342613763,-7.646242076188599,0.0,0.0,4,UNCONFIGURED
8.669999999999565,0.6040000000000004,0.0,0.0,-0.10483130023956308,1.4081528137915234e-06,0.1597322126287374,75.02208638334419,75.78641316942932,375.5815158224163,379.18136677612284,-0.00010635146663703172,1.9250443908651545e-06,1.8102405150459979e-06,-0.04743024207384105,-0.041649000298383504,-7.607133345728885,-7.607133076433843,0.0,0.0,4,UNCONFIGURED
8.679999999999568,0.6140000000000004,0.0,0.0,-0.10600064321482916,1.4103885926325538e-06,0.15973574853565603,78.90442647540587,79.69939098251682,390.59782309188415,394.3604730307833,-0.00010541388961665075,1.4475446028067003e-06,1.3295688162862045e-06,-0.025381438055450595,-0.020702374979242714,-7.532837463462318,-7.532837194073203,0.0,0.0,4,UNCONFIGURED
8.689999999999571,0.6240000000000004,0.0,0.0,-0.10657385736856952,1.4114920646834499e-06,0.1597370781020396,82.9429709536748,83.77013984736502,406.33487859429846,410.29403297144853,-0.00010330735120733195,9.654136222823362e-07,8.495223524987589e-07,-0.008654775164400798,-0.005582859242163319,-7.421848593785809,-7.421848327274717,0.0,0.0,4,UNCONFIGURED
8.699999999999575,0.6340000000000005,0.0,0.0,-0.10646620879927642,1.4113038710975853e-06,0.15973579724922207,87.14617383217829,88.00743547339677,422.94135245781456,427.13729916865725,-9.233497626040635e-05,5.014723112389242e-07,3.9371184937664313e-07,0.0005517878805750435,0.0014326120764415176,-7.272672517984601,-7.2726722575381695,0.0,0.0,4,UNCONFIGURED
8.709999999999578,0.6440000000000005,0.0,0.0,-0.10443865428789531,1.4102030989947715e-06,0.16035047622959422,88.81078848608784,88.29586264858621,411.87643674526714,326.9775641738817,179.99985156673893,0.0001004601453904945,8.196386835073004e-05,-0.07705859343032803,-0.09449270050237216,-3.983835784507452,-3.9838337143987985,0.0,0.0,4,UNCONFIGURED
8.719999999999581,0.6540000000000005,0.0,0.0,-0.1037005251699641,1.411265255606392e-06,0.1612636859985791,87.20709491940546,87.1008996569127,121.64484684230219,79.96770696253937,179.99986514588258,1.527025540873937e-05,2.6165655105931883e-06,-0.09568593164048494,-0.09315408592287837,-2.2613292778883634,-2.261327215836819,0.0,0.0,2,UNCONFIGURED
8.729999999999585,0.6640000000000005,0.0,0.0,-0.104461166489571,1.4144074216745212e-06,0.16198885357367315,87.04608820570276,87.09465713271048,1.3449582123951933,-14.300033418930452,179.9998688707112,-1.869162137881683e-05,-2.21583783092137e-05,-0.07149090109638416,-0.06056108246017791,-1.606186455633242,-1.6061844016074465,0.0,0.0,2,UNCONFIGURED
8.739999999999588,0.6740000000000005,0.0,0.0,-0.10595093595848486,1.418512384978151e-06,0.1621738062335258,87.42470934131912,87.52989051487161,-43.2732160493575,-48.96221435460125,179.99987089197788,-2.617378512536756e-05,-2.6232655997509557e-05,-0.015284844223508048,0.0019286146481402996,-1.3635067865805115,-1.3635047405492278,0.0,0.0,2,UNCONFIGURED
8.749999999999591,0.6840000000000005,0.0,0.0,-0.10775436978251517,1.422928042775948e-06,0.16158752804976367,88.000945224345,88.1275972908561,-59.61913228927722,-61.83076979618772,179.999871562443,-2.393985458276921e-05,-2.280132110827991e-05,0.061329553256762925,0.08167655459184926,-1.2685277487402664,-1.2685257106723786,0.0,0.0,2,UNCONFIGURED
8.759999999999595,0.6940000000000005,0.0,0.0,-0.10970439583266059,1.4274046560593965e-06,0.160129848768357,88.65818063632005,88.79603891138686,-66.66057056744634,-67.93234789711953,179.99986944552623,-1.8986432719229254e-05,-1.775875933375299e-05,0.14685250431191416,0.16816853313844593,-1.2167808478307156,-1.2167788176952294,0.0,0.0,2,UNCONFIGURED
8.769999999999598,0.7040000000000005,0.0,0.0,-0.111281084076269,1.4308019758679246e-06,0.15915982699324868,89.2320666543195,89.31796322421964,-52.74518891984842,-47.048759479590764,179.9998621073749,-1.1643034221632559e-05,-8.67490369276794e-06,0.1011223536795299,0.07323227747642272,-0.571779921628466,-0.5717785887007112,0.0,0.0,8,UNCONFIGURED
8.779999999999601,0.7140000000000005,0.0,0.0,-0.1123049433886198,1.432835088005056e-06,0.15897822135285805,89.5919453580107,89.64528703544345,-33.24720442156248,-29.516373069653167,179.9998406794765,-3.6094074739527816e-06,-2.5692348827446025e-06,0.019437192423841534,0.008847398118606183,-0.2169544493420168,-0.21695383079419334,0.0,0.0,8,UNCONFIGURED
8.789999999999605,0.7240000000000005,0.0,0.0,-0.11291418923647192,1.4339817243509314e-06,0.1590779087780079,89.80660877145321,89.8351546276921,-19.42547828962526,-16.454112442862762,179.99978379277348,-5.566512728736886e-07,-1.3764774943483496e-07,-0.009735019328114422,-0.012973004245083361,-0.09314329685358204,-0.09314294337361234,0.0,0.0,8,UNCONFIGURED
8.799999999999608,0.7340000000000005,0.0,0.0,-0.11321650629046852,1.4345457615670406e-06,0.15924838470090524,89.914285469014,89.92744633094827,-9.36125162704572,-7.7060370032941705,179.99964882861443,-2.7780307143767864e-07,-6.790373321615189e-07,-0.01715430777405919,-0.017440402988202593,-0.036603207929092,-0.03660306500199864,0.0,0.0,8,UNCONFIGURED
8.809999999999611,0.7440000000000005,0.0,0.0,-0.11335285367997465,1.4348380264743756e-06,0.1594104617293237,89.96341215144146,89.96935498076314,-4.248671493481058,-3.4869772078703987,179.99934482093428,-1.5011707924041487e-06,-1.6680589987227845e-06,-0.016385201286841896,-0.015706639722122575,-0.01438993626920878,-0.014389887715408396,0.0,0.0,8,UNCONFIGURED
8.819999999999615,0.7540000000000006,0.0,0.0,-0.11341350120983891,1.435001549327754e-06,0.15953981002346168,89.98539252770745,89.98795680580315,-1.8905205853092173,-1.5296702373962419,179.9985888103523,-1.8861297289184752e-06,-1.8769671272423237e-06,-0.013097335259156812,-0.012203392779295963,-0.00615662789520432,-0.0061566104146500685,0.0,0.0,8,UNCONFIGURED
8.829999999999618,0.7640000000000006,0.0,0.0,-0.11343848045940426,1.4350936522925009e-06,0.15963401310941555,89.99444437312152,89.99535892234586,-0.7550127355821862,-0.5779528454352765,179.99671454090017,-1.6799068286425274e-06,-1.57310788013105e-06,-0.009539162586385217,-0.008750349280947896,-0.0028900331444693173,-0.0028900266357682453,0.0,0.0,8,UNCONFIGURED
8.839999999999621,0.7740000000000006,0.0,0.0,-0.11344636767990558,1.4351415807275334e-06,0.1596994454273535,89.99723581278575,89.9973857704685,-0.20803385825501974,-0.12786878555002873,179.9945110995265,-1.2032969050886137e-06,-1.0897985888443249e-06,-0.0066246399310576,-0.006032777637589647,-0.0013976120907553168,-0.0013976096486083183,0.0,0.0,8,UNCONFIGURED
8.849999999999625,0.7840000000000006,0.0,0.0,-0.1134466565329464,1.435164154752505e-06,0.1597439055434316,89.9972481562829,89.99709146722432,0.02829232512454398,0.0591902857336644,179.99520866438186,-7.877507610263622e-07,-7.059987498602921e-07,-0.0045007165332744715,-0.004085256493886915,-0.0006516784546964094,-0.0006516775362175348,0.0,0.0,8,UNCONFIGURED
8.859999999999628,0.7940000000000006,0.0,0.0,-0.11344407300766732,1.435173521393436e-06,0.1597738290612747,89.99623082615263,89.9959851888201,0.1111777469626934,0.11906182226191905,179.99657000127175,-5.031433830074356e-07,-4.5053582359391536e-07,-0.0030288871124056985,-0.002745809506937295,-0.0002748552718970585,-0.0002748549294075765,0.0,0.0,8,UNCONFIGURED
8.869999999999632,0.8040000000000006,0.0,0.0,-0.1134408132291694,1.435176586111553e-06,0.15979390188015408,89.99498976954949,89.99474875221111,0.12471900111438708,0.12296117388583482,179.99738699614682,-3.233197077750926e-07,-2.908255032654753e-07,-0.0020316672891672835,-0.0018412534539769987,-9.12756372794505e-05,-9.127551395203811e-05,0.0,0.0,8,UNCONFIGURED
8.879999999999635,0.8140000000000006,0.0,0.0,-0.11343779259324861,1.4351769671062089e-06,0.1598073619140236,89.99385455555772,89.99365164153903,0.11081369831444751,0.10580290917984725,179.99783885589855,-2.1273693592469293e-07,-1.927973942414425e-07,-0.0013623049351480668,-0.0012348096702019635,-8.315098345714433e-06,-8.3150582727256e-06,0.0,0.0,8,UNCONFIGURED
8.889999999999638,0.8240000000000006,0.0,0.0,-0.11343531286604236,1.4351764197175036e-06,0.15981639583986285,89.9929294436082,89.99277107085312,0.08900280745431614,0.08356478855859965,179.99810026583071,-1.4457600114110223e-07,-1.3213690399021543e-07,-0.0009143141899049106,-0.0008290013899593186,2.4126499717055817e-05,2.4126508878885647e-05,0.0,0.0,8,UNCONFIGURED
8.899999999999642,0.8340000000000006,0.0,0.0,-0.11343340386364342,1.4351757151309938e-06,0.15982246697113192,89.99222064962052,89.9921024314583,0.06760971114247769,0.06283783359587405,179.99825923830323,-1.0158337326972913e-07,-9.356215717009256e-08,-0.0006144460056934221,-0.0005572968718069718,3.2681228156978026e-05,3.2681226674064414e-05,0.0,0.0,8,UNCONFIGURED
8.909999999999645,0.8440000000000006,0.0,0.0,-0.11343199085386182,1.4351751384690704e-06,0.15982655216129363,89.99169775307504,89.9916120261234,0.049600830740837806,0.045792356512933785,179.99835965259433,-7.343784862786241e-08,-6.804202201746018e-08,-0.0004134512420855919,-0.0003751046058126785,3.100685151092441e-05,3.100684713821452e-05,0.0,0.0,8,UNCONFIGURED
8.919999999999648,0.8540000000000006,0.0,0.0,-0.11343097193018925,1.4351747544331976e-06,0.15982930395073516,89.99132159413938,89.9912606593463,0.035544778244715865,0.03266251669502077,179.99842477090894,-5.4197516191987824e-08,-5.040934186136579e-08,-0.0002785010303610845,-0.0002527279398799972,2.5767391287286805e-05,2.5767386840686954e-05,0.0,0.0,8,UNCONFIGURED
8.929999999999652,0.8640000000000007,0.0,0.0,-0.11343025052118935,1.4351745408668124e-06,0.15983115905751613,89.99105574172592,89.99101304852991,0.025052038761739955,0.022942675548667628,179.99846774722127,-4.0498378160907154e-08,-3.774212103301144e-08,-0.00018775047371897747,-0.0001704036374239681,1.9985447757536373e-05,1.9985444106628645e-05,0.0,0.0,8,UNCONFIGURED
8.939999999999655,0.8740000000000007,0.0,0.0,-0.11342974651934369,1.4351744511633044e-06,0.1598324103837772,89.99087025674419,89.99084066207715,0.017442961222343543,0.01593397475401682,179.99849643350478,-3.0428164067188154e-08,-2.8371956852441097e-08,-0.00012664372660612833,-0.00011495546653805785,1.4865969399185716e-05,1.486596667200851e-05,0.0,0.0,8,UNCONFIGURED
8.949999999999658,0.8840000000000007,0.0,0.0,-0.11342939789053015,1.435174440287549e-06,0.15983325475753057,89.99074208479848,89.99072173478558,0.012034560198963845,0.010972418024955076,179.99851571703317,-2.2869550903289105e-08,-2.1313731333457487e-08,-8.545727022794952e-05,-7.75755392055905e-05,1.0756353159033493e-05,1.0756351230445664e-05,0.0,0.0,8,UNCONFIGURED
8.959999999999662,0.8940000000000007,0.0,0.0,-0.11342915854956406,1.4351744733225856e-06,0.1598338246539505,89.99065416280294,89.99064025566683,0.00824554987408173,0.007506787283930731,179.99852873438053,-1.713533574827099e-08,-1.59517089343686e-08,-5.7678157543249875e-05,-5.236047343016182e-05,7.633909963032664e-06,7.633908649202302e-06,0.0,0.0,8,UNCONFIGURED
8.969999999999665,0.9040000000000007,0.0,0.0,-0.11342899518492812,1.4351745263553735e-06,0.1598342093406178,89.99059418849642,89.9905847295346,0.005619380283689877,0.005110123824918352,179.99853754213262,-1.277220099197522e-08,-1.1872313307883889e-08,-3.893351624616062e-05,-3.5344589476295514e-05,5.342492481881373e-06,5.342491612115787e-06,0.0,0.0,8,UNCONFIGURED
8.979999999999668,0.9140000000000007,0.0,0.0,-0.11342888417475239,1.4351745845654398e-06,0.15983446901954018,89.99055345517185,89.990547045244,0.0038138875597718376,0.003465228202948564,179.99854350824114,-9.459842931587031e-09,-8.778685802047682e-09,-2.6281737059657155e-05,-2.3859127673209146e-05,3.700093911457239e-06,3.7000933493424485e-06,0.0,0.0,8,UNCONFIGURED
8.989999999999672,0.9240000000000007,0.0,0.0,-0.1134288089994555,1.435174639709859e-06,0.15983464431271047,89.99052588191607,89.99052155043107,0.0025802946961010096,0.0023428375499482527,179.99854755099187,-6.958710626034583e-09,-6.446568804405139e-09,-1.7741201908497864e-05,-1.6105762005854035e-05,2.5424553813874672e-06,2.5424550259398187e-06,0.0,0.0,8,UNCONFIGURED
8.999999999999675,0.9340000000000007,0.0,0.0,-0.11342875822532791,1.435174687889126e-06,0.15983476263901047,89.99050726457536,89.99050434377372,0.0017414697125594193,0.0015804011899146508,179.99855029024337,-5.083554836508047e-09,-4.701423342433015e-09,-1.1975669676186229e-05,-1.0871617223110719e-05,1.7364808532727731e-06,1.7364806332034562e-06,0.0,0.0,8,UNCONFIGURED
9.009999999999678,0.9440000000000007,0.0,0.0,-0.11342872400061939,1.4351747278454189e-06,0.15983484250853586,89.99049471888871,89.99049275249787,0.001173179562886818,0.0010642657190815493,179.99855214570337,-3.6886245653470143e-09,-3.4058034124242187e-09,-8.083508941880224e-06,-7.3382071076349e-06,1.1805032358917054e-06,1.1805031025943744e-06,0.0,0.0,8,UNCONFIGURED
9.019999999999682,0.9540000000000007,0.0,0.0,-0.11342870096570849,1.4351747597867977e-06,0.15983489641789633,89.99048627647052,89.9904849541614,0.000789260553296485,0.0007157885748325162,179.9985534019853,-2.659237860398503e-09,-2.4515463952875094e-09,-5.45611014003089e-06,-4.953010480429843e-06,7.996666365083187e-07,7.996665576821167e-07,0.0,0.0,8,UNCONFIGURED
9.029999999999685,0.9640000000000007,0.0,0.0,-0.11342868547900904,1.4351747846297074e-06,0.15983493280377375,89.99048060159605,89.99047971327516,0.0005304550545607739,0.0004809806495432677,179.99855425219093,-1.905531796976564e-09,-1.7541635061667487e-09,-3.682576568167949e-06,-3.3429880293660077e-06,5.402037764182697e-07,5.402037311066107e-07,0.0,0.0,8,UNCONFIGURED
9.039999999999688,0.9740000000000008,0.0,0.0,-0.11342867507505998,1.435174803542153e-06,0.15983495736165604,89.99047678978667,89.99047619331037,0.00035627195111893184,0.000323001172861602,179.99855482731994,-1.3577140810878513e-09,-1.2481974268973322e-09,-2.4854767803357603e-06,-2.2562682565824672e-06,3.6416592868039304e-07,3.6416590353869297e-07,0.0,0.0,8,UNCONFIGURED
9.049999999999692,0.9840000000000008,0.0,0.0,-0.11342866808922834,1.435174817695002e-06,0.15983497393624613,89.99047423062896,89.99047383019855,0.0002391805400684564,0.00021682772467323361,179.99855521621046,-9.623511937929325e-10,-8.836337059667661e-10,-1.6774954847358575e-06,-1.522795229073472e-06,2.45110629576892e-07,2.451106163097431e-07,0.0,0.0,8,UNCONFIGURED
9.059999999999695,0.9940000000000008,0.0,0.0,-0.11342866339991418,1.435174828138959e-06,0.15983498512271532,89.99047251283018,89.9904722440612,0.00016053365403060908,0.000145525762271471,179.99855547907575,-6.788824352723834e-10,-6.226441039972212e-10,-1.1321690576294192e-06,-1.0277598651896046e-06,1.6478923295914147e-07,1.6478922645765662e-07,0.0,0.0,8,UNCONFIGURED
9.069999999999698,1.0040000000000007,0.0,0.0,-0.11342866025257217,1.4351748357559853e-06,0.15983499267269669,89.99047135992365,89.99047117957946,0.00010773816941212843,9.766582439275184e-05,179.9985556566996,-4.767845069767922e-10,-4.36831328525997e-10,-7.641238574755439e-07,-6.93657933064881e-07,1.1069960129983532e-07,1.1069959854395191e-07,0.0,0.0,8,UNCONFIGURED
9.079999999999702,1.0140000000000007,0.0,0.0,-0.11342865814016032,1.4351748412564752e-06,0.1598349977684118,89.99047058620803,89.9904704651593,7.230843708634311e-05,6.554995912898896e-05,179.99855577669217,-3.335126694018314e-10,-3.052897327093049e-10,-5.157302566153913e-07,-4.6817293077285073e-07,7.432441517821317e-08,7.432441438118229e-08,0.0,0.0,8,UNCONFIGURED
9.089999999999705,1.0240000000000007,0.0,0.0,-0.11342865672222241,1.4351748451951396e-06,0.15983500120774338,89.99047006687582,89.99046998560723,4.8536091904723406e-05,4.400147096722718e-05,179.99855585773457,-2.3243592699801496e-10,-2.1256485633154593e-10,-3.480896269780757e-07,-3.1599308324513035e-07,4.988606362499865e-08,4.9886063767939774e-08,0.0,0.0,8,UNCONFIGURED
9.099999999999708,1.0340000000000007,0.0,0.0,-0.11342865577027456,1.43517484799515e-06,0.1598350035291715,89.99046971820978,89.99046966363746,3.2585747251638924e-05,2.9543050014022615e-05,179.99855591246077,-1.614592095527658e-10,-1.4757110639110962e-10,-2.3494803162663932e-07,-2.1328567040027896e-07,3.347834471094857e-08,3.347834526597761e-08,0.0,0.0,8,UNCONFIGURED
9.109999999999712,1.0440000000000007,0.0,0.0,-0.11342865513102396,1.4351748499725926e-06,0.15983500509610557,89.9904694840137,89.9904694474163,2.188265416408461e-05,1.9840718613023542e-05,179.99855594940968,-1.1179135409123563e-10,-1.0208686053412747e-10,-1.58586730715126e-07,-1.4396618961706226e-07,2.2466968912479813e-08,2.2466969569844518e-08,0.0,0.0,8,UNCONFIGURED
9.119999999999715,1.0540000000000007,0.0,0.0,-0.11342865470163721,1.435174851362183e-06,0.15983500615380436,89.99046932680271,89.99046930217536,1.4699324736723364e-05,1.3328692929414015e-05,179.9985559743548,-7.721705971962853e-11,-7.048265722155896e-11,-1.0704778477824869e-07,-9.717967489811886e-08,1.5078783951338413e-08,1.507878455574647e-08,0.0,0.0,8,UNCONFIGURED
9.129999999999718,1.0640000000000007,0.0,0.0,-0.1134286544131295,1.4351748523337616e-06,0.15983500686779104,89.99046922118099,89.99046920462273,9.877112392967534e-06,8.956839208521917e-06,179.99855599119402,-5.319641247636953e-11,-4.85294756129045e-11,-7.226122739440975e-08,-6.56005330825782e-08,1.0121947518576956e-08,1.0121948026995831e-08,0.0,0.0,8,UNCONFIGURED
9.139999999999722,1.0740000000000007,0.0,0.0,-0.11342865421921759,1.4351748530109477e-06,0.15983500734977832,89.99046915012983,89.99046913900185,6.639013858138089e-06,6.020933352030872e-06,179.99855600256228,-3.659689578451001e-11,-3.337042378188706e-11,-4.8780963225126074e-08,-4.428501210173018e-08,6.796156475106567e-09,6.796156888481723e-09,0.0,0.0,8,UNCONFIGURED
9.149999999999725,1.0840000000000007,0.0,0.0,-0.11342865408884296,1.4351748534810294e-06,0.15983500767516412,89.99046910236753,89.99046909487242,4.463959879078832e-06,4.048704542959666e-06,179.99855601023637,-2.5118177313251105e-11,-2.2891371050246493e-11,-3.293161324251439e-08,-2.989673573632382e-08,4.56438556986517e-09,4.564385888570896e-09,0.0,0.0,8,UNCONFIGURED
9.159999999999728,1.0940000000000007,0.0,0.0,-0.11342865400115837,1.4351748538060994e-06,0.15983500789483837,89.99046907028395,89.99046906527447,3.0024757864896817e-06,2.7233934562589833e-06,179.99855601541623,-1.7197452998322183e-11,-1.5659055038328404e-11,-2.2232748598549536e-08,-2.0184046324564194e-08,3.0664283837416352e-09,3.066428618955585e-09,0.0,0.0,8,UNCONFIGURED
9.169999999999732,1.1040000000000008,0.0,0.0,-0.11342865394216638,1.4351748540300774e-06,0.15983500804315057,89.99046904871648,89.9904690453131,2.0201262470858086e-06,1.832497945963768e-06,179.99855601891215,-1.1744266802267259e-11,-1.0710836772906994e-11,-1.5010339193678433e-08,-1.3627298830197462e-08,2.0607334588867943e-09,2.0607336231969656e-09,0.0,0.0,8,UNCONFIGURED
9.179999999999735,1.1140000000000008,0.0,0.0,-0.11342865390246563,1.4351748541836184e-06,0.15983500814328683,89.99046903414701,89.99046903189085,1.3596055036414248e-06,1.2334193642257888e-06,179.99855602127064,-8.002374387389314e-12,-7.27614480520159e-12,-1.0134551028008098e-08,-9.200847345128926e-09,1.3853254004254301e-09,1.3853255367907528e-09,0.0,0.0,8,UNCONFIGURED
9.189999999999738,1.1240000000000008,0.0,0.0,-0.11342865387573961,1.435174854288522e-06,0.1598350082108985,89.99046902435755,89.99046902282795,9.153287817367857e-07,8.304361223633431e-07,179.99855602286152,-5.441810367778736e-12,-4.969134391956212e-12,-6.842810317914184e-09,-6.21243258194393e-09,9.315842673696178e-10,9.315843779585338e-10,0.0,0.0,8,UNCONFIGURED
9.199999999999742,1.1340000000000008,0.0,0.0,-0.11342865385774284,1.4351748543606953e-06,0.15983500825655125,89.99046901781851,89.99046901674781,6.164027212968932e-07,5.592722748508384e-07,179.99855602393598,-3.71707249330918e-12,-3.3705136800648762e-12,-4.620401703464723e-09,-4.194793360283622e-09,6.266551609401054e-10,6.266552557375833e-10,0.0,0.0,8,UNCONFIGURED
9.209999999999745,1.1440000000000008,0.0,0.0,-0.1134286538456209,1.435174854409902e-06,0.15983500828737798,89.99046901338268,89.9904690126561,4.152106048347452e-07,3.767514948434605e-07,179.99855602466099,-2.518868576885196e-12,-2.300641872048371e-12,-3.1198909124666995e-09,-2.832524616966078e-09,4.216619375165777e-10,4.2166199498791956e-10,0.0,0.0,8,UNCONFIGURED
9.219999999999748,1.1540000000000008,0.0,0.0,-0.11342865383745393,1.4351748544436844e-06,0.15983500830819414,89.99046901028525,89.99046900978811,2.797571898616677e-07,2.538596938333654e-07,179.99855602515083,-1.7202156184367667e-12,-1.5897398065911281e-12,-2.10674776759141e-09,-1.9127139906424066e-09,2.8380483419972367e-10,2.8380488842050184e-10,0.0,0.0,8,UNCONFIGURED
9.229999999999752,1.1640000000000008,0.0,0.0,-0.11342865383195028,1.4351748544665676e-06,0.15983500832225092,89.99046900822029,89.99046900787611,1.88536621616964e-07,1.710931020210756e-07,179.99855602548107,-1.1654233708103153e-12,-1.0675549212562509e-12,-1.4226506838231762e-09,-1.2916320466937347e-09,1.9106504475737642e-10,1.9106505974246712e-10,0.0,0.0,8,UNCONFIGURED
9.239999999999755,1.1740000000000008,0.0,0.0,-0.11342865382824059,1.4351748544816353e-06,0.1598350083317435,89.99046900692012,89.99046900672893,1.2708815882070925e-07,1.1533578551368579e-07,179.9985560257029,-7.768858079252504e-13,-6.990110733043867e-13,-9.607177648477e-10,-8.722464340005499e-10,1.2865706188810353e-10,1.2865707886454077e-10,0.0,0.0,8,UNCONFIGURED
9.249999999999758,1.1840000000000008,0.0,0.0,-0.11342865382573962,1.4351748544923405e-06,0.15983500833815403,89.9904690061171,89.99046900596412,8.568408046788819e-08,7.776420547259654e-08,179.99855602585382,-5.451632786601608e-13,-5.162428941296198e-13,-6.487907768529789e-10,-5.8904799031072e-10,8.664720775857754e-11,8.664720927363724e-11,0.0,0.0,8,UNCONFIGURED
9.259999999999762,1.1940000000000008,0.0,0.0,-0.1134286538240532,1.4351748544986564e-06,0.15983500834248326,89.99046900550525,89.99046900542878,5.777971061017284e-08,5.244130366166213e-08,179.9985560259535,-3.337428052548435e-13,-2.8028724543018087e-13,-4.3815076366680595e-10,-3.978066588314067e-10,5.83598605036219e-11,5.83598640677368e-11,0.0,0.0,8,UNCONFIGURED
9.269999999999765,1.2040000000000008,0.0,0.0,-0.11342865382291588,1.435174854501894e-06,0.15983500834540704,89.9904690050846,89.99046900504636,3.8969423436367455e-08,3.537037843938956e-08,179.9985560260185,-1.8404470390128654e-13,-1.6607721526192758e-13,-2.95904877331875e-10,-2.686596828290923e-10,3.930684630363888e-11,3.9306863268679724e-11,0.0,0.0,8,UNCONFIGURED
9.279999999999768,1.2140000000000009,0.0,0.0,-0.1134286538221487,1.4351748545043053e-06,0.15983500834738165,89.99046900477869,89.9904690047022,2.628706996647696e-08,2.3860219924298866e-08,179.99855602606294,-1.339099847335209e-13,-1.279790677570318e-13,-1.9984291085669655e-10,-1.8144337250130966e-10,2.6470790447408714e-11,2.647080485883153e-11,0.0,0.0,8,UNCONFIGURED
9.289999999999772,1.2240000000000009,0.0,0.0,-0.11342865382163118,1.4351748545066573e-06,0.15983500834871525,89.99046900454924,89.99046900451101,1.773468100342511e-08,1.6097910036393784e-08,179.99855602609455,-1.1759056931697878e-13,-1.150528778604446e-13,-1.3496807349250542e-10,-1.2254194046041122e-10,1.7821032170188315e-11,1.782103985241339e-11,0.0,0.0,8,UNCONFIGURED
9.299999999999775,1.2340000000000009,0.0,0.0,-0.11342865382128199,1.4351748545091749e-06,0.15983500834961592,89.99046900443453,89.99046900439629,1.1966245109383035e-08,1.0862190629898984e-08,179.99855602611777,-1.1026925849300885e-13,-1.1060278815480862e-13,-9.115458970503943e-11,-8.276241894192441e-11,1.1990875798157199e-11,1.1990878296762213e-11,0.0,0.0,8,UNCONFIGURED
9.309999999999778,1.2440000000000009,0.0,0.0,-0.11342865382104637,1.4351748545118551e-06,0.15983500835022424,89.9904690043198,89.9904690043198,8.075038644598528e-09,7.330180496311435e-09,179.99855602613562,-1.1060018294180952e-13,-1.1113916235138135e-13,-6.156491757922859e-11,-5.5897310637570344e-11,8.060503577657322e-12,8.060512287714563e-12,0.0,0.0,8,UNCONFIGURED
9.319999999999782,1.254000000000001,0.0,0.0,-0.11342865382088738,1.4351748545146846e-06,0.15983500835063508,89.99046900428156,89.99046900428156,5.449655764946291e-09,4.947080748466647e-09,179.9985560261499,-1.1147849805043741e-13,-1.1188561956422006e-13,-4.1581100771020854e-11,-3.775326885732239e-11,5.410113712504238e-12,5.410114213323453e-12,0.0,0.0,8,UNCONFIGURED
9.329999999999785,1.264000000000001,0.0,0.0,-0.11342865382078006,1.4351748545170214e-06,0.15983500835091258,89.99046900428156,89.99046900428156,3.678228167660995e-09,3.3390554839667533e-09,179.99855602616034,-9.325855173236238e-14,-7.29185278927418e-14,-2.8084363336812966e-11,-2.5499018906974003e-11,3.6226821233693605e-12,3.6226795366946316e-12,0.0,0.0,8,UNCONFIGURED
9.339999999999788,1.274000000000001,0.0,0.0,-0.11342865382070765,1.4351748545178676e-06,0.15983500835109998,89.99046900424332,89.99046900424332,2.482855894357461e-09,2.254015833113513e-09,179.9985560261657,-3.26070444600415e-14,-2.4087682692026953e-14,-1.8968887304756357e-11,-1.7222898948861316e-11,2.416861575494778e-12,2.416859546712121e-12,0.0,0.0,8,UNCONFIGURED
9.349999999999792,1.284000000000001,0.0,0.0,-0.11342865382065878,1.4351748545181164e-06,0.1598350083512266,89.99046900424332,89.99046900424332,1.676011757799833e-09,1.5215275649160021e-09,179.99855602616867,-1.0416707705027823e-14,-8.491286023810366e-15,-1.281214437552343e-11,-1.1632665561881996e-11,1.6036170765413046e-12,1.6035939974413566e-12,0.0,0.0,8,UNCONFIGURED
9.359999999999795,1.294000000000001,0.0,0.0,-0.1134286538206258,1.4351748545181515e-06,0.15983500835131206,89.9904690042051,89.9904690042051,1.1314053986998236e-09,1.0270624006324785e-09,179.99855602617043,-3.5018744944236687e-15,-1.604630375313731e-15,-8.653667008466789e-12,-7.857155764773737e-12,1.0550046319939035e-12,1.0549956737129114e-12,0.0,0.0,8,UNCONFIGURED
9.369999999999798,1.304000000000001,0.0,0.0,-0.11342865382060353,1.4351748545181287e-06,0.15983500835137437,89.9904690042051,89.9904690042051,8.82268180539052e-10,8.06994986986383e-10,179.9985560261715,1.935881601835292e-15,1.2073786329292858e-15,-6.627268274273739e-12,-6.058317667060279e-12,-4.832878661026379e-14,-4.832580178087748e-14,0.0,0.0,8,UNCONFIGURED
9.379999999999802,1.314000000000001,0.0,0.0,-0.11342865382058914,1.4351748545181003e-06,0.15983500835141987,89.99046900416685,89.99046900416685,5.532173489949225e-10,6.869632109418962e-10,179.99855602617222,1.4267929837516094e-15,4.83168352400447e-15,-4.197868945139397e-12,-4.851539278414944e-12,-5.453974459713167e-13,-5.453182596990268e-13,0.0,0.0,8,UNCONFIGURED
9.389999999999805,1.324000000000001,0.0,0.0,-0.11342865382058064,1.4351748545180594e-06,0.15983500835145226,89.99046900416685,89.99046900416685,4.141908899325533e-10,3.515805217892169e-10,179.99855602617274,3.0126541314940964e-15,3.2400686407676576e-15,-3.038531850849779e-12,-2.614264096457666e-12,-3.6876739890983307e-13,-3.686929999224932e-13,0.0,0.0,8,UNCONFIGURED
9.399999999999809,1.334000000000001,0.0,0.0,-0.11342865382057654,1.435174854518006e-06,0.15983500835147466,89.99046900416685,89.99046900416685,3.344157592715035e-10,2.6519089750578267e-10,179.9985560261733,-1.791223309539019e-15,-1.0097494477042026e-15,-2.270342012359414e-12,-1.858944759469117e-12,-1.3061189357646232e-14,-1.3039949595980681e-14,0.0,0.0,8,UNCONFIGURED
9.409999999999812,1.344000000000001,0.0,0.0,-0.11342865382057665,1.4351748545179518e-06,0.1598350083514926,89.99046900416685,89.99046900416685,3.060359099657103e-10,2.2460381965279098e-10,179.9985560261739,-2.8601243882946713e-15,-1.0652521925523286e-15,-1.8122029097546578e-12,-1.3927204184532808e-12,2.598457424062247e-13,2.5989243888256117e-13,0.0,0.0,8,UNCONFIGURED
9.419999999999815,1.354000000000001,0.0,0.0,-0.11342865382057982,1.4351748545178845e-06,0.15983500835150552,89.99046900416685,89.99046900416685,3.202791992695679e-10,2.2791985989535568e-10,179.99855602617438,-3.2208699423633648e-15,-1.8423464718964594e-15,-1.5918145438165237e-12,-1.1731297415682165e-12,8.732014343971437e-13,8.732648609612754e-13,0.0,0.0,8,UNCONFIGURED
9.429999999999819,1.364000000000001,0.0,0.0,-0.11342865382058545,1.4351748545178189e-06,0.15983500835151476,89.99046900416685,89.99046900416685,3.3155908384168125e-10,2.800976321946805e-10,179.99855602617475,-3.858671771979526e-15,-2.7844674289264117e-15,-1.4022543736288073e-12,-1.1758638208946323e-12,1.91498313835668e-12,1.915030946243652e-12,0.0,0.0,8,UNCONFIGURED
9.439999999999822,1.374000000000001,0.0,0.0,-0.11342865382059197,1.4351748545177638e-06,0.15983500835151848,89.99046900416685,89.99046900416685,2.0626624115587844e-11,-2.8778827212968345e-11,179.99855602617504,-1.435409678757981e-15,-6.751524549506012e-16,-1.349362956579593e-13,6.499444547948377e-14,3.4600972402140634e-12,3.4602196877538784e-12,0.0,0.0,8,UNCONFIGURED
9.449999999999825,1.384000000000001,0.0,0.0,-0.11342865382059972,1.4351748545177075e-06,0.15983500835152037,89.99046900416685,89.99046900416685,5.616208013665969e-11,-9.495086619425098e-12,179.99855602617532,-2.7324771759722978e-15,-2.7964804073928214e-15,-1.9417198306915218e-13,4.691076800440479e-14,1.0661339747500722e-12,1.0661773238449754e-12,0.0,0.0,8,UNCONFIGURED
9.459999999999829,1.394000000000001,0.0,0.0,-0.11342865382060979,1.4351748545176334e-06,0.15983500835152403,89.99046900416685,89.99046900416685,1.2343616061136316e-10,3.5950644852615834e-11,179.99855602617578,-5.419858836508874e-15,-3.373812530876755e-15,-3.68046206948546e-13,-6.879535634271486e-14,1.8335544589167882e-12,1.8335872949592257e-12,0.0,0.0,8,UNCONFIGURED
9.469999999999832,1.404000000000001,0.0,0.0,-0.11342865382061984,1.4351748545174917e-06,0.15983500835152492,89.99046900416685,89.99046900416685,1.6591581414326386e-10,1.2711821981018033e-10,179.99855602617632,-1.1952580160998278e-14,-1.1367923998964544e-14,-4.757315326165064e-13,-3.4758030228390397e-13,2.92986903894296e-12,2.9299013379213445e-12,0.0,0.0,8,UNCONFIGURED
9.479999999999835,1.414000000000001,0.0,0.0,-0.11342865382063064,1.4351748545173305e-06,0.15983500835152575,89.99046900416685,89.99046900416685,-9.013177072315128e-11,2.609576314494026e-10,179.99855602617686,-2.8685315110460598e-15,-1.5797857703611475e-14,3.590539153136639e-13,-7.610420385597087e-13,4.613109973906391e-12,4.613201858599878e-12,0.0,0.0,8,UNCONFIGURED
9.489999999999839,1.424000000000001,0.0,0.0,-0.11342865382064075,1.435174854517208e-06,0.15983500835152373,89.99046900416685,89.99046900416685,-4.258624585030694e-11,-9.83219745422966e-11,179.99855602617714,-6.2235322648149174e-15,-4.294632035933344e-15,2.0159863322601189e-13,3.765073438048009e-13,1.4043770371547907e-12,1.404399197638156e-12,0.0,0.0,8,UNCONFIGURED
9.499999999999842,1.434000000000001,0.0,0.0,-0.11342865382065244,1.43517485451697e-06,0.15983500835152445,89.99046900416685,89.99046900416685,4.224470381293259e-11,-3.389807636507639e-11,179.99855602617805,-1.4120905741128657e-14,-9.974918884307114e-15,-7.225925643785931e-14,1.6429152692227257e-13,2.1363136586980246e-12,2.1363117184595794e-12,0.0,0.0,8,UNCONFIGURED
9.509999999999845,1.444000000000001,0.0,0.0,-0.11342865382066346,1.4351748545167548e-06,0.15983500835152364,89.99046900416685,89.99046900416685,9.872544125554065e-11,6.69256865507541e-11,179.99855602617873,-1.6973048980515413e-14,-1.57233111618111e-14,-2.570403802601022e-13,-1.609050808458177e-13,3.2011748665026944e-12,3.2010907087455735e-12,0.0,0.0,8,UNCONFIGURED
9.519999999999849,1.454000000000001,0.0,0.0,-0.1134286538206747,1.435174854516297e-06,0.15983500835152345,89.99046900416685,89.99046900416685,-1.2168867807208186e-10,2.0383588527089228e-10,179.9985560261792,-6.404773862516844e-15,-3.0003708980909073e-14,4.1950209983961524e-13,-5.918790423470769e-13,4.804818439052216e-12,4.8047294035103464e-12,0.0,0.0,8,UNCONFIGURED
9.529999999999852,1.464000000000001,0.0,0.0,-0.1134286538206849,1.4351748545147969e-06,0.15983500835152106,89.99046900416685,89.99046900416685,-6.660603911631273e-11,-1.1543073871270372e-10,179.99855602617686,3.703975013436974e-14,3.037207060820514e-14,2.3948399356290813e-13,3.886944197741358e-13,1.4522674612205677e-12,1.4522404836733114e-12,0.0,0.0,8,UNCONFIGURED
9.539999999999855,1.474000000000001,0.0,0.0,-0.1134286538206963,1.4351748545141512e-06,0.15983500835152142,89.99046900416685,89.99046900416685,1.99369666824727e-11,-4.827740576226423e-11,179.9985560261752,2.7876460195858474e-14,2.1532082048343793e-14,-3.214459051645008e-14,1.763264711173331e-13,2.144595179361817e-12,2.1445366972947916e-12,0.0,0.0,8,UNCONFIGURED
9.549999999999859,1.484000000000001,0.0,0.0,-0.1134286538207081,1.435174854513897e-06,0.15983500835152256,89.99046900416685,89.99046900416685,1.2457243644614984e-10,3.941290519398288e-11,179.99855602617419,2.0394478411286476e-14,1.5318544198074307e-14,-3.557130041997338e-13,-9.627596097055672e-14,3.1811108317923734e-12,3.181031040181239e-12,0.0,0.0,8,UNCONFIGURED
9.559999999999862,1.494000000000001,0.0,0.0,-0.11342865382071907,1.435174854513833e-06,0.15983500835152192,89.99046900416685,89.99046900416685,-1.3400453590457653e-10,1.7163524514117251e-10,179.9985560261734,7.750383286912645e-15,2.132621982871415e-14,4.303528932688958e-13,-5.06465545236077e-13,4.587472644914938e-12,4.587372951433164e-12,0.0,0.0,8,UNCONFIGURED
9.569999999999865,1.5040000000000011,0.0,0.0,-0.11342865382073015,1.4351748545138738e-06,0.1598350083515217,89.99046900416685,89.99046900416685,-7.752052021803582e-11,-1.2201559147159865e-10,179.9985560261725,1.0605413120580022e-14,8.206895254446963e-15,2.5301308806991746e-13,3.884253857489984e-13,6.683065711021598e-12,6.682961151620006e-12,0.0,0.0,8,UNCONFIGURED
9.579999999999869,1.5140000000000011,0.0,0.0,-0.11342865382074134,1.4351748545139805e-06,0.15983500835152142,89.99046900416685,89.99046900416685,-3.290405759547922e-12,-6.899744149427925e-11,179.99855602617168,1.330337230579688e-14,1.0642791655185673e-14,2.4639539178494898e-14,2.2454659674682615e-13,2.0501535831843016e-12,2.0501147282475845e-12,0.0,0.0,8,UNCONFIGURED
9.589999999999872,1.5240000000000011,0.0,0.0,-0.11342865382075291,1.4351748545141194e-06,0.15983500835152195,89.99046900416685,89.99046900416685,9.637360118605446e-11,1.7288138818248953e-11,179.9985560261708,1.8272749436018405e-14,1.4420159772683463e-14,-2.8360146948380787e-13,-4.251382961993445e-14,2.963724021551536e-12,2.9637003344898277e-12,0.0,0.0,8,UNCONFIGURED
9.599999999999875,1.5340000000000011,0.0,0.0,-0.11342865382076364,1.4351748545142552e-06,0.15983500835152095,89.99046900416685,89.99046900416685,-1.4234642106161374e-10,1.44598673224625e-10,179.99855602617,7.235930233582451e-15,2.2199832756730495e-14,4.439850783740513e-13,-4.321215325079644e-13,4.264971061330218e-12,4.264992756409517e-12,0.0,0.0,8,UNCONFIGURED
9.609999999999879,1.5440000000000011,0.0,0.0,-0.11342865382077437,1.4351748545144388e-06,0.15983500835152042,89.99046900416685,89.99046900416685,-8.542001821226994e-11,-1.261313907391414e-10,179.9985560261691,1.0021629365452357e-14,7.584410009835654e-15,2.696189118376537e-13,3.937704507633301e-13,6.2346459263484296e-12,6.2347793495408205e-12,0.0,0.0,8,UNCONFIGURED
9.619999999999882,1.5540000000000012,0.0,0.0,-0.1134286538207851,1.4351748545153957e-06,0.15983500835151992,89.99046900416685,89.99046900416685,-1.3643882055714648e-11,-7.415805238098191e-11,179.99855602616978,-1.6366091660929313e-14,-1.3200813027131517e-14,4.8492960192185866e-14,2.3326340793163113e-13,1.905078056712606e-12,1.9051116280883518e-12,0.0,0.0,8,UNCONFIGURED
9.629999999999885,1.5640000000000012,0.0,0.0,-0.11342865382079612,1.4351748545160024e-06,0.15983500835152029,89.99046900416685,89.99046900416685,8.16248753379939e-11,8.44975098543784e-12,179.99855602616978,2.852219608509489e-15,1.8872335156240614e-15,-2.4653447792926023e-13,-2.277090865224357e-14,2.7575062516695953e-12,2.7575874758605905e-12,0.0,0.0,8,UNCONFIGURED
9.639999999999889,1.5740000000000012,0.0,0.0,-0.11342865382080745,1.4351748545164122e-06,0.15983500835152128,89.99046900416685,89.99046900416685,1.5336772751550903e-10,1.1650375229161723e-10,179.99855602616933,1.2543234368843943e-14,1.2497155591805103e-14,-4.707603592980714e-13,-3.5806104317067114e-13,4.041145409089528e-12,4.041255041958879e-12,0.0,0.0,8,UNCONFIGURED
9.649999999999892,1.5840000000000012,0.0,0.0,-0.11342865382081788,1.435174854516986e-06,0.15983500835152026,89.99046900416685,89.99046900416685,-9.914025247778729e-11,-1.3690191219435726e-10,179.99855602616978,-1.2001684457730547e-14,-9.397126268307079e-15,3.041990223666908e-13,4.201922693869258e-13,5.786064938673987e-12,5.786338665743221e-12,0.0,0.0,8,UNCONFIGURED
9.659999999999895,1.5940000000000012,0.0,0.0,-0.11342865382082827,1.4351748545173187e-06,0.15983500835151934,89.99046900416685,89.99046900416685,-2.989066963999453e-11,-8.552035073110086e-11,179.9985560261702,-7.603428674177793e-15,-5.795055319334981e-15,9.212543063321704e-14,2.6300113904014057e-13,1.7620509295041716e-12,1.7621270822891598e-12,0.0,0.0,8,UNCONFIGURED
9.669999999999899,1.6040000000000012,0.0,0.0,-0.11342865382084018,1.4351748545175703e-06,0.1598350083515212,89.99046900416685,89.99046900416685,5.997598047403974e-11,-1.8513541890178363e-11,179.99855602617026,3.70612092359752e-16,8.841242285313747e-16,-1.8372086660900068e-13,5.724777364581009e-14,2.5885747049468547e-12,2.5887031974232955e-12,0.0,0.0,8,UNCONFIGURED
9.679999999999902,1.6140000000000012,0.0,0.0,-0.1134286538208513,1.4351748545177486e-06,0.1598350083515214,89.99046900416685,89.99046900416685,1.2032928540569123e-10,8.691850028310094e-11,179.9985560261699,9.540438409787615e-15,9.396514059284373e-15,-3.6834308765712725e-13,-2.655803343775457e-13,3.708372211561472e-12,3.7085021987845185e-12,0.0,0.0,8,UNCONFIGURED
9.689999999999905,1.6240000000000012,0.0,0.0,-0.1134286538208627,1.4351748545179406e-06,0.15983500835152206,89.99046900416685,89.99046900416685,-1.1181837295087337e-10,2.2794060322163233e-10,179.99855602616933,5.497054460889518e-15,1.881929412602228e-14,3.439730984177787e-13,-7.01800389807852e-13,5.390954375124605e-12,5.391213623159207e-12,0.0,0.0,8,UNCONFIGURED
9.699999999999909,1.6340000000000012,0.0,0.0,-0.11342865382087308,1.4351748545184349e-06,0.15983500835152029,89.99046900416685,89.99046900416685,-5.702013039966984e-11,-1.0875524520789707e-10,179.9985560261695,-9.549599688632625e-15,-7.43921811115269e-15,1.740797391763608e-13,3.331903870083848e-13,1.6421812966969005e-12,1.6422498488987224e-12,0.0,0.0,8,UNCONFIGURED
9.709999999999912,1.6440000000000012,0.0,0.0,-0.11342865382088482,1.4351748545187675e-06,0.15983500835152128,89.99046900416685,89.99046900416685,3.113057924586821e-11,-4.112577493711418e-11,179.9985560261698,-5.029891082540149e-15,-2.896222948140482e-15,-9.632009340737213e-14,1.2558219442732714e-13,2.367457605197351e-12,2.3675929753272357e-12,0.0,0.0,8,UNCONFIGURED
9.719999999999915,1.6540000000000012,0.0,0.0,-0.11342865382089574,1.4351748545189164e-06,0.15983500835152087,89.99046900416685,89.99046900416685,9.291589752991116e-11,6.306684762844166e-11,179.99855602617,-5.075629569796483e-15,-4.397424200727562e-15,-2.834194436517519e-13,-1.9126857163823082e-13,3.3931250293003037e-12,3.3933806704657277e-12,0.0,0.0,8,UNCONFIGURED
9.729999999999919,1.6640000000000013,0.0,0.0,-0.1134286538209068,1.4351748545190274e-06,0.15983500835152106,89.99046900416685,89.99046900416685,-1.188134703832449e-10,2.0042648831980675e-10,179.99855602616987,-1.4536228308311934e-15,8.501676804428442e-15,3.6737282890310013e-13,-6.125157541036987e-13,4.9524140542740986e-12,4.952721375632879e-12,0.0,0.0,8,UNCONFIGURED
9.739999999999922,1.6740000000000013,0.0,0.0,-0.1134286538209168,1.4351748545190826e-06,0.15983500835151906,89.99046900416685,89.99046900416685,-6.313203596683359e-11,-1.1079596757751309e-10,179.99855602616955,4.128742618806239e-15,3.2366704325193812e-15,1.9669242424153884e-13,3.4273296989134273e-13,1.4995576498575193e-12,1.499631843750812e-12,0.0,0.0,8,UNCONFIGURED
9.749999999999925,1.6840000000000013,0.0,0.0,-0.11342865382092795,1.4351748545192141e-06,0.15983500835151976,89.99046900416685,89.99046900416685,2.1916800528341335e-11,-4.5040767324779437e-11,179.99855602616915,7.218532165778202e-15,5.6068287089876705e-15,-6.609642247966187e-14,1.3924175172523276e-13,2.1775250174603104e-12,2.17765599457896e-12,0.0,0.0,8,UNCONFIGURED
9.759999999999929,1.6940000000000013,0.0,0.0,-0.11342865382093952,1.4351748545181333e-06,0.15983500835152115,89.99046900416685,89.99046900416685,1.2361905700916963e-10,4.0106766056096725e-11,179.99855602618757,-4.462588069613981e-13,-3.154054935585448e-13,-3.813705793130984e-13,-1.247078664983028e-13,3.1997012090840305e-12,3.1999233703675494e-12,0.0,0.0,8,UNCONFIGURED
9.769999999999932,1.7040000000000013,0.0,0.0,-0.11342865382095023,1.435174854512606e-06,0.15983500835152076,89.99046900416685,89.99046900416685,-1.299505497615522e-10,1.6875110909843547e-10,179.99855602619948,-2.270285476968034e-14,-4.615950963980951e-13,3.983225218796718e-13,-5.183601784270864e-13,4.5828977774841366e-12,4.582845341420421e-12,0.0,0.0,8,UNCONFIGURED
9.779999999999935,1.7140000000000013,0.0,0.0,-0.11342865382096108,1.4351748545037378e-06,0.1598350083515207,89.99046900416685,89.99046900416685,-7.526682510560509e-11,-1.188878675614748e-10,179.99855602621184,-7.839992697625119e-14,-7.822948720175119e-15,2.311327483009368e-13,3.651274203744442e-13,6.648748600940254e-12,6.647431856556217e-12,0.0,0.0,8,UNCONFIGURED
9.789999999999939,1.7240000000000013,0.0,0.0,-0.11342865382097203,1.4351748544930035e-06,0.15983500835152054,89.99046900416685,89.99046900416685,-4.057709380520953e-12,-6.831920553486785e-11,179.99855602622523,-2.2498011952883456e-13,-1.1740778367369916e-13,1.3393875450982626e-14,2.100469156490244e-13,2.0405011555102333e-12,2.040093572805356e-12,0.0,0.0,8,UNCONFIGURED
9.799999999999942,1.7340000000000013,0.0,0.0,-0.11342865382098338,1.4351748544792382e-06,0.15983500835152117,89.99046900416685,89.99046900416685,9.39157602067595e-11,1.6380950972576037e-11,179.99855602624356,-4.558679024102e-13,-2.848728099036761e-13,-2.8712516484742094e-13,-4.987276437665931e-14,2.9294773571962902e-12,2.928233769753566e-12,0.0,0.0,8,UNCONFIGURED
9.809999999999945,1.7440000000000013,0.0,0.0,-0.11342865382099512,1.4351748544613211e-06,0.15983500835152245,89.99046900416685,89.99046900416685,1.6934888642168802e-10,1.300306253951844e-10,179.99855602626798,-7.330006805000579e-13,-6.433410335291107e-13,-5.171607860674983e-13,-3.9691775763614393e-13,4.260700684789218e-12,4.2578763574010026e-12,0.0,0.0,8,UNCONFIGURED
9.819999999999949,1.7540000000000013,0.0,0.0,-0.11342865382100596,1.435174854441436e-06,0.15983500835152153,89.99046900416685,89.99046900416685,-9.927879239991124e-11,-1.395972848128098e-10,179.99855602628114,4.851362669082659e-15,1.3336554934527478e-13,3.048082945096344e-13,4.283457363912702e-13,6.089512851332884e-12,6.083819250598629e-12,0.0,0.0,8,UNCONFIGURED
9.829999999999952,1.7640000000000013,0.0,0.0,-0.11342865382101683,1.4351748544172619e-06,0.15983500835152067,89.99046900416685,89.99046900416685,-2.6549683382718623e-11,-8.589131099491849e-11,179.99855602629424,-2.2678796078808308e-13,-1.3338849504975521e-14,8.229310383539066e-14,2.641903212697395e-13,1.8593735849372963e-12,1.8576124987497404e-12,0.0,0.0,8,UNCONFIGURED
9.839999999999955,1.7740000000000014,0.0,0.0,-0.11342865382102796,1.435174854386117e-06,0.15983500835152067,89.99046900416685,89.99046900416685,6.950673657084509e-11,-1.7837732016688779e-12,179.99855602633744,-1.1152057336551272e-12,-7.35618545343657e-13,-2.1083671524658603e-13,8.031863027519363e-15,2.687848380262393e-12,2.6843786366653032e-12,0.0,0.0,8,UNCONFIGURED
9.849999999999959,1.7840000000000014,0.0,0.0,-0.11342865382103932,1.4351748543456427e-06,0.1598350083515214,89.99046900416685,89.99046900416685,1.4345892769750948e-10,1.0787010278498586e-10,179.9985560263989,-1.838154726161542e-12,-1.5656800499871903e-12,-4.380357491360177e-13,-3.28785466231947e-13,3.9443185770417256e-12,3.937301662977678e-12,0.0,0.0,8,UNCONFIGURED
9.859999999999962,1.7940000000000014,0.0,0.0,-0.11342865382104972,1.4351748543017676e-06,0.15983500835152017,89.99046900416685,89.99046900416685,-1.0294672624049938e-10,-1.39784036671298e-10,179.99855602643538,-9.959316512772884e-14,1.6991267942387873e-13,3.179654409091942e-13,4.306492012962948e-13,5.656585356516983e-12,5.6427875517016125e-12,0.0,0.0,8,UNCONFIGURED
9.869999999999965,1.8040000000000014,0.0,0.0,-0.11342865382106009,1.4351748542489234e-06,0.15983500835151915,89.99046900416685,89.99046900416685,-3.271473407583578e-11,-8.742571442603111e-11,179.99855602647148,-6.088004544486394e-13,-1.3484209961624738e-13,1.0371946616938342e-13,2.7076736133897477e-13,1.7200514633569245e-12,1.7157702316517226e-12,0.0,0.0,8,UNCONFIGURED
9.879999999999969,1.8140000000000014,0.0,0.0,-0.11342865382107191,1.4351748541698675e-06,0.1598350083515209,89.99046900416685,89.99046900416685,5.7146860161868087e-11,-2.021247704482519e-11,179.99855602656905,-1.6332914563119596e-12,-8.202384199622169e-13,-1.731494436165046e-13,6.347400234764231e-14,2.5355403036572107e-12,2.527356789213635e-12,0.0,0.0,8,UNCONFIGURED
9.889999999999972,1.8240000000000014,0.0,0.0,-0.11342865382108294,1.4351748540831872e-06,0.15983500835152106,89.99046900416685,89.99046900416685,1.1679164896426808e-10,8.389298479636471e-11,179.9985560266465,-2.6771261560521475e-12,-2.2747509750221916e-12,-3.5918276247597094e-13,-2.584416257465455e-13,3.6488421656742184e-12,3.6337029165750425e-12,0.0,0.0,8,UNCONFIGURED
9.899999999999975,1.8340000000000014,0.0,0.0,-0.11342865382109422,1.4351748539766603e-06,0.15983500835152173,89.99046900416685,89.99046900416685,-1.1166067766548557e-10,2.2408264335855643e-10,179.9985560267531,2.2490391690079013e-13,-4.954475782811855e-12,3.4219239824298467e-13,-6.890029809400026e-13,5.312646295133139e-12,5.2849387952068e-12,0.0,0.0,8,UNCONFIGURED
9.909999999999979,1.8440000000000014,0.0,0.0,-0.11342865382110447,1.4351748538705648e-06,0.15983500835151995,89.99046900416685,89.99046900416685,-5.6967932140823363e-11,-1.0797752949366342e-10,179.99855602678753,-6.056826312530408e-13,2.443585622642218e-13,1.7457209752620188e-13,3.3144602570196725e-13,1.6168876566655224e-12,1.6082422253653467e-12,0.0,0.0,8,UNCONFIGURED
9.919999999999982,1.8540000000000014,0.0,0.0,-0.11342865382111607,1.4351748537187267e-06,0.15983500835152092,89.99046900416685,89.99046900416685,3.021511666258669e-11,-4.109820652979997e-11,179.99855602693398,-2.4395719664437288e-12,-1.056896345825245e-12,-9.471723165486325e-14,1.2456722125039804e-13,2.3370311131181842e-12,2.3214327582624213e-12,0.0,0.0,8,UNCONFIGURED
9.929999999999986,1.8640000000000014,0.0,0.0,-0.11342865382112685,1.4351748535573784e-06,0.15983500835152048,89.99046900416685,89.99046900416685,8.998117129050878e-11,6.038996466947976e-11,179.9985560270505,-4.35571543134644e-12,-3.6445181414615126e-12,-2.7942772503387376e-13,-1.886291284706e-13,3.363400717992774e-12,3.3353059047633506e-12,0.0,0.0,8,UNCONFIGURED
9.939999999999989,1.8740000000000014,0.0,0.0,-0.11342865382113777,1.4351748533624869e-06,0.15983500835152062,89.99046900416685,89.99046900416685,-1.1884584008302943e-10,1.9410759179608565e-10,179.9985560272204,6.885502042014867e-13,-8.394442328568565e-12,3.6271897853913194e-13,-5.992661088926438e-13,4.918260101710811e-12,4.868026712681648e-12,0.0,0.0,8,UNCONFIGURED
9.949999999999992,1.8840000000000015,0.0,0.0,-0.11342865382114763,1.435174853171925e-06,0.15983500835151868,89.99046900416685,89.99046900416685,-6.438079910714948e-11,-1.1101797586365313e-10,179.9985560272718,-8.924721716807718e-13,5.275241468432936e-13,1.9577181721180625e-13,3.394061566046229e-13,1.4881935282323496e-12,1.4725278043158372e-12,0.0,0.0,8,UNCONFIGURED
9.959999999999996,1.8940000000000015,0.0,0.0,-0.11342865382115865,1.4351748529051372e-06,0.15983500835151934,89.99046900416685,89.99046900416685,1.9295891318808023e-11,-4.621141097026497e-11,179.9985560275402,-4.483652404871917e-12,-2.0026946054679785e-12,-6.348740260548989e-14,1.3858840234127303e-13,2.1630193386975506e-12,2.1351045148727715e-12,0.0,0.0,8,UNCONFIGURED
9.969999999999999,1.9040000000000015,0.0,0.0,-0.11342865382117003,1.4351748525665906e-06,0.1598350083515207,89.99046900416685,89.99046900416685,1.2065019686685147e-10,3.865413651780732e-11,179.99855602793696,-1.0129371534949874e-11,-6.383187567986162e-12,-3.7152182099677325e-13,-1.1952030737588077e-13,3.1707405017654156e-12,3.120680960524441e-12,0.0,0.0,8,UNCONFIGURED
9.980000000000002,1.9140000000000015,0.0,0.0,-0.11342865382118059,1.435174852205924e-06,0.15983500835152029,89.99046900416685,89.99046900416685,-1.283778721365622e-10,1.647531591969959e-10,179.99855602822038,1.6461383706526565e-12,-1.4789840728069792e-11,3.940464361065709e-13,-5.061700751308223e-13,4.554971782100106e-12,4.46532642137341e-12,0.0,0.0,8,UNCONFIGURED
9.990000000000006,1.9240000000000015,0.0,0.0,-0.11342865382119126,1.4351748517713442e-06,0.1598350083515202,89.99046900416685,89.99046900416685,-7.453929873745919e-11,-1.1728258940418903e-10,179.9985560285894,-1.068313155301397e-12,1.5113504175047558e-12,2.293365234436254e-13,3.60810055313059e-13,6.6175090961006775e-12,6.457273834120608e-12,0.0,0.0,8,UNCONFIGURED
10.000000000000009,1.9340000000000015,0.0,0.0,-0.11342865382120203,1.4351748512608808e-06,0.15983500835152006,89.99046900416685,89.99046900416685,-4.1552239076423346e-12,-6.723938145134242e-11,179.99855602898674,-6.74594925766379e-12,-2.0889363439411885e-12,1.3376798518312372e-14,2.0688965085867332e-13,2.0303080791704643e-12,1.9803003042153214e-12,0.0,0.0,8,UNCONFIGURED
