#start mode=1 prof=3 force=0 gear=HEAVY kp=9600.0 kd=48.0 vkp=6200.0 vki=31.0 lb=7.5 ea=21.9 rms=0.0 dead=1500 vbat=12.1
#seq,gyro,ang_c,ml,mr,el,er,inj
0,33,0,-1587,-1587,-1,0,0
1,104,-1,-1564,-1564,-1,-1,0
2,277,5,1527,1527,0,-1,0
3,374,16,1566,1566,-1,-2,0
4,354,26,1550,1550,-2,-1,0
5,331,35,1564,1564,0,0,0
6,314,44,1578,1578,0,0,0
7,275,52,1569,1569,0,-1,0
8,221,58,1560,1560,0,0,0
9,167,63,1558,1558,0,1,0
10,110,66,1550,1550,1,0,0
11,52,67,1536,1536,1,0,0
12,16,65,1519,1519,0,0,0
13,32,65,1548,1548,1,1,0
14,58,66,1570,1570,1,0,0
15,61,67,1578,1578,0,1,0
16,22,67,1575,1575,1,1,0
17,-49,65,1551,1551,1,1,0
18,-89,61,1531,1531,1,0,0
19,-90,60,1531,1531,0,1,0
20,-211,54,-1521,-1521,1,1,0
21,-280,44,-1555,-1555,1,1,0
22,-240,35,-1546,-1546,1,0,0
23,-232,26,-1552,-1552,0,1,0
24,-172,19,-1542,-1542,0,0,0
25,-75,15,1501,1501,1,0,0
26,7,13,1518,1518,-1,0,0
27,46,13,1522,1522,0,-1,0
28,82,15,1537,1537,0,0,0
29,87,18,1559,1559,1,1,0
30,44,18,1532,1532,0,0,0
31,21,17,1515,1515,0,0,0
32,49,18,1526,1526,0,0,0
33,37,19,1527,1527,0,1,0
34,8,18,1508,1508,0,0,0
35,-6,20,1510,1510,0,1,0
36,-118,15,-1543,-1543,0,1,0
37,-110,10,-1540,-1540,0,1,0
38,-76,6,-1533,-1533,0,0,0
39,-57,4,-1531,-1531,0,0,0
40,-53,0,-1547,-1547,-1,0,0
41,-4,-1,-1528,-1528,0,0,0
42,35,-1,-1512,-1512,0,0,0
43,27,0,-1536,-1536,-2,0,0
44,1,-1,-1556,-1556,0,-1,0
45,2,-2,-1554,-1554,0,0,0
46,11,-2,-1568,-1568,-1,-1,0
47,2,-3,-1577,-1577,0,-1,0
48,-9,-4,-1587,-1587,-1,0,0
49,-12,-6,-1603,-1603,-1,-1,0
50,17,-6,-1593,-1593,-1,0,0
51,61,-7,-1584,-1584,-1,-1,0
52,190,-3,-1537,-1537,-1,-2,0
53,266,0,-1503,-1503,-1,-1,0
54,357,9,1553,1553,-1,0,0
55,397,20,1567,1567,-1,-2,0
56,396,32,1573,1573,-1,-1,0
57,394,43,1600,1600,0,0,0
58,356,53,1596,1596,0,-1,0
59,305,62,1593,1593,0,0,0
60,251,69,1585,1585,0,0,0
61,196,74,1583,1583,0,1,0
62,135,78,1564,1564,0,0,0
63,77,80,1563,1563,1,1,0
64,37,80,1555,1555,0,1,0
65,41,81,1578,1578,1,1,0
66,18,84,1566,1566,0,0,0
67,-113,79,1524,1524,2,1,0
68,-104,73,1535,1535,1,1,0
69,-34,71,1568,1568,0,1,0
70,-101,69,1545,1545,1,1,0
71,-267,59,-1535,-1535,2,0,0
72,-248,50,-1536,-1536,0,1,0
73,-214,44,-1517,-1517,1,1,0
74,-269,34,-1557,-1557,0,1,0
75,-209,25,-1549,-1549,0,0,0
76,-105,19,-1515,-1515,0,0,0
77,1,16,1524,1524,0,0,0
78,88,18,1561,1561,0,0,0
79,110,21,1568,1568,0,0,0
80,92,23,1556,1556,0,0,0
81,63,25,1540,1540,0,0,0
82,24,25,1528,1528,0,1,0
83,13,24,1516,1516,0,0,0
84,26,24,1530,1530,1,0,0
85,5,24,1515,1515,0,0,0
86,-50,22,-1507,-1507,0,1,0
87,-88,18,-1524,-1524,1,0,0
88,-91,15,-1525,-1525,1,0,0
89,-106,10,-1542,-1542,0,0,0
90,-63,6,-1532,-1532,0,0,0
91,29,5,1507,1507,0,0,0
92,67,7,1523,1523,0,0,0
93,73,8,1514,1514,0,-1,0
94,82,10,1519,1519,0,0,0
95,58,11,1508,1508,0,0,0
96,10,11,-1507,-1507,0,1,0
97,5,10,-1502,-1502,1,0,0
98,3,11,-1505,-1505,0,0,0
99,-53,7,-1548,-1548,-1,0,0
100,1,5,-1535,-1535,0,-1,0
101,67,7,-1501,-1501,0,0,0
102,38,8,-1514,-1514,0,0,0
103,-6,7,-1535,-1535,0,0,0
104,-20,5,-1562,-1562,-1,-1,0
105,2,4,-1570,-1570,-1,-1,0
106,3,4,-1564,-1564,0,0,0
107,-17,2,-1579,-1579,0,-1,0
108,-23,1,-1597,-1597,-1,-1,0
109,-5,0,-1582,-1582,0,0,0
110,24,-1,-1584,-1584,-1,-1,0
111,83,-2,-1577,-1577,-1,-2,0
112,174,1,-1537,-1537,-1,-1,0
113,209,7,-1512,-1512,-1,0,0
114,248,12,-1505,-1505,-1,-2,0
115,370,22,1558,1558,-1,-1,0
116,407,35,1584,1584,-1,-1,0
117,361,44,1566,1566,-1,-1,0
118,368,54,1597,1597,0,0,0
119,347,64,1600,1600,0,-1,0
120,296,73,1598,1598,0,0,0
121,242,80,1600,1600,1,0,0
122,184,86,1596,1596,0,1,0
123,123,89,1585,1585,1,0,0
124,59,90,1578,1578,1,1,0
125,31,89,1573,1573,1,0,0
126,28,90,1579,1579,0,1,0
127,-40,88,1552,1552,1,0,0
128,-156,83,1515,1515,2,1,0
129,-186,78,-1501,-1501,0,1,0
130,-231,71,-1517,-1517,1,1,0
131,-289,61,-1545,-1545,1,1,0
132,-303,50,-1574,-1574,0,0,0
133,-260,40,-1573,-1573,0,0,0
134,-166,33,-1543,-1543,0,0,0
135,-70,29,-1506,-1506,0,0,0
136,15,28,1526,1526,0,0,0
137,49,28,1527,1527,0,-1,0
138,64,29,1533,1533,0,0,0
139,57,30,1528,1528,0,0,0
140,38,30,1518,1518,0,0,0
141,36,31,1526,1526,1,0,0
142,8,30,1518,1518,1,0,0
143,-23,28,-1502,-1502,0,0,0
144,-4,27,1503,1503,0,0,0
145,-15,26,1504,1504,1,0,0
146,-49,23,-1508,-1508,0,1,0
147,-3,22,1507,1507,0,0,0
148,16,22,1512,1512,0,0,0
149,-25,20,-1513,-1513,0,0,0
150,20,19,1505,1505,0,0,0
151,64,21,1526,1526,0,0,0
152,14,20,-1501,-1501,0,0,0
153,27,20,1503,1503,0,0,0
154,66,22,1512,1512,0,-1,0
155,36,22,-1502,-1502,0,0,0
156,25,21,-1508,-1508,0,0,0
157,47,22,1505,1505,0,0,0
158,31,22,-1503,-1503,0,0,0
159,15,21,-1511,-1511,0,0,0
160,28,21,-1515,-1515,-1,0,0
161,31,22,-1511,-1511,0,0,0
162,15,21,-1519,-1519,0,0,0
163,19,21,-1526,-1526,0,-1,0
164,27,21,-1519,-1519,0,0,0
165,22,21,-1530,-1530,-1,0,0
166,14,20,-1540,-1540,0,-1,0
167,28,19,-1541,-1541,-1,0,0
168,66,20,-1527,-1527,0,-1,0
169,72,21,-1516,-1516,0,0,0
170,62,22,-1525,-1525,-1,0,0
171,74,23,-1523,-1523,0,-1,0
172,85,24,-1520,-1520,-1,0,0
173,87,26,-1510,-1510,0,0,0
174,100,27,-1517,-1517,-1,-1,0
175,155,30,0,0,-1,-1,0
176,219,36,1537,1537,0,-1,0
177,244,42,1554,1554,-1,0,0
178,255,49,1575,1575,0,0,0
179,249,56,1578,1578,-1,0,0
180,202,62,1570,1570,0,0,0
181,147,66,1564,1564,1,0,0
182,108,68,1551,1551,0,0,0
183,109,70,1557,1557,0,0,0
184,118,73,1577,1577,0,1,0
185,106,75,1595,1595,1,1,0
186,81,76,1592,1592,0,1,0
187,66,77,1592,1592,1,0,0
188,16,77,1583,1583,1,1,0
189,-84,73,1544,1544,1,1,0
190,-88,71,1540,1540,0,1,0
191,-123,70,1534,1534,1,1,0
192,-293,59,-1557,-1557,0,1,0
193,-300,48,-1562,-1562,1,1,0
194,-259,39,-1543,-1543,1,1,0
195,-233,30,-1552,-1552,0,0,0
196,-158,23,-1534,-1534,0,0,0
197,-55,19,1503,1503,0,0,0
198,29,18,1533,1533,0,0,0
199,61,19,1544,1544,0,0,0
200,84,21,1551,1551,0,0,0
201,78,22,1546,1546,0,0,0
202,43,23,1545,1545,1,1,0
203,13,22,1523,1523,0,0,0
204,32,22,1528,1528,0,0,0
205,32,23,1535,1535,0,1,0
206,-36,24,-1503,-1503,0,0,0
207,-128,18,-1546,-1546,0,1,0
208,-78,14,-1523,-1523,0,1,0
209,-78,11,-1529,-1529,0,0,0
210,-86,6,-1544,-1544,0,0,0
211,1,4,-1519,-1519,-1,0,0
212,60,5,1508,1508,0,0,0
213,49,7,1503,1503,0,0,0
214,10,6,-1519,-1519,0,0,0
215,2,5,-1524,-1524,0,0,0
216,15,4,-1520,-1520,0,0,0
217,14,4,-1531,-1531,-1,0,0
218,-7,3,-1541,-1541,0,0,0
219,4,2,-1546,-1546,0,-1,0
220,6,2,-1544,-1544,0,0,0
221,-7,0,-1558,-1558,0,-1,0
222,-8,0,-1567,-1567,-1,0,0
223,-4,-1,-1572,-1572,0,-1,0
224,-13,-2,-1572,-1572,0,0,0
225,-22,-4,-1574,-1574,0,0,0
226,-19,-5,-1590,-1590,-1,-1,0
227,-17,-7,-1605,-1605,0,-2,0
228,3,-9,-1609,-1609,-1,-1,0
229,52,-12,-1580,-1580,0,0,0
230,225,-7,-1512,-1512,-2,-1,0
231,309,2,1518,1518,-1,-2,0
232,296,10,1525,1525,0,-1,0
233,313,18,1534,1534,-1,-1,0
234,376,28,1588,1588,0,0,0
235,386,39,1596,1596,-1,-1,0
236,335,49,1585,1585,0,-1,0
237,279,58,1589,1589,1,0,0
238,223,64,1577,1577,0,0,0
239,165,69,1571,1571,0,1,0
240,104,71,1559,1559,1,0,0
241,63,72,1553,1553,0,1,0
242,41,72,1554,1554,1,0,0
243,-32,70,1525,1525,0,1,0
244,-65,67,1514,1514,1,0,0
245,-51,65,1534,1534,1,1,0
246,-60,62,1541,1541,1,1,0
247,-85,60,1529,1529,0,1,0
248,-150,56,-1503,-1503,0,1,0
249,-209,48,-1538,-1538,1,0,0
250,-182,41,-1531,-1531,0,1,0
251,-191,34,-1541,-1541,1,0,0
252,-179,27,-1541,-1541,1,0,0
253,-96,22,-1515,-1515,0,0,0
254,-4,20,1518,1518,0,0,0
255,36,20,1522,1522,-1,0,0
256,57,20,1529,1529,0,0,0
257,70,22,1543,1543,1,0,0
258,51,23,1530,1530,0,0,0
259,19,22,1511,1511,0,0,0
260,-4,21,-1504,-1504,0,0,0
261,-1,20,1504,1504,1,0,0
262,-8,19,-1504,-1504,0,0,0
263,-23,17,-1517,-1517,0,0,0
264,-1,16,-1509,-1509,0,0,0
265,30,17,-1506,-1506,0,-1,0
266,30,16,-1507,-1507,0,0,0
267,55,17,-1504,-1504,-1,0,0
268,60,18,1501,1501,0,0,0
269,47,19,-1514,-1514,0,-1,0
270,39,19,-1515,-1515,0,0,0
271,35,19,-1535,-1535,-1,-1,0
272,32,19,-1531,-1531,0,0,0
273,26,19,-1551,-1551,-1,-1,0
274,32,19,-1541,-1541,0,0,0
275,34,19,-1535,-1535,0,0,0
276,51,17,-1533,-1533,0,-1,0
277,124,20,0,0,-1,0,0
278,136,24,1515,1515,0,0,0
279,107,25,-1501,-1501,0,-1,0
280,140,28,1522,1522,0,0,0
281,163,34,1524,1524,-1,-1,0
282,109,37,-1501,-1501,0,-1,0
283,86,37,-1506,-1506,0,0,0
284,146,41,1535,1535,0,0,0
285,108,45,1525,1525,0,0,0
286,46,44,-1510,-1510,-1,0,0
287,94,45,1519,1519,0,0,0
288,136,50,1547,1547,0,0,0
289,76,52,1524,1524,0,0,0
290,32,52,1506,1506,0,0,0
291,38,52,1522,1522,1,0,0
292,52,52,1530,1530,0,0,0
293,62,53,1545,1545,0,1,0
294,66,54,1557,1557,0,1,0
295,59,54,1553,1553,0,0,0
296,50,55,1567,1567,1,1,0
297,48,55,1561,1561,0,0,0
298,46,56,1566,1566,0,1,0
299,41,56,1570,1570,1,0,0
300,33,56,1579,1579,1,1,0
301,9,59,1582,1582,1,1,0
302,-119,56,1519,1519,0,1,0
303,-283,46,-1559,-1559,1,1,0
304,-336,34,-1588,-1588,1,1,0
305,-255,24,-1560,-1560,0,1,0
306,-195,17,-1550,-1550,0,0,0
307,-153,11,-1547,-1547,0,0,0
308,-59,7,-1514,-1514,0,0,0
309,34,6,1513,1513,-1,0,0
310,74,8,1529,1529,0,0,0
311,61,9,1511,1511,-1,0,0
312,28,9,-1507,-1507,0,0,0
313,23,9,-1511,-1511,0,0,0
314,22,8,-1513,-1513,0,0,0
315,10,8,-1519,-1519,0,0,0
316,3,7,-1535,-1535,0,-1,0
317,15,7,-1528,-1528,0,0,0
318,17,7,-1548,-1548,-1,-1,0
319,7,6,-1549,-1549,0,0,0
320,4,5,-1568,-1568,-1,-1,0
321,2,4,-1564,-1564,0,0,0
322,0,3,-1571,-1571,0,-1,0
323,12,2,-1590,-1590,-1,-2,0
324,58,0,-1561,-1561,0,0,0
325,177,4,-1502,-1502,0,-1,0
326,194,10,0,0,-1,-1,0
327,182,13,-1513,-1513,-1,-1,0
328,279,20,1531,1531,-1,-1,0
329,335,30,1571,1571,0,-1,0
330,289,38,1558,1558,-1,0,0
331,283,45,1564,1564,0,-1,0
332,313,55,1600,1600,0,0,0
333,266,63,1594,1594,0,0,0
334,204,69,1578,1578,0,0,0
335,145,73,1571,1571,0,1,0
336,111,75,1560,1560,0,0,0
337,121,77,1581,1581,1,0,0
338,133,79,1600,1600,0,1,0
339,120,83,1607,1607,0,1,0
340,40,84,1588,1588,1,1,0
341,-109,80,1526,1526,1,1,0
342,-151,78,1517,1517,1,1,0
343,-244,70,-1533,-1533,0,1,0
344,-251,60,-1535,-1535,1,1,0
345,-243,52,-1540,-1540,0,1,0
346,-275,41,-1566,-1566,0,1,0
347,-199,33,-1548,-1548,0,0,0
348,-98,28,-1513,-1513,0,0,0
349,0,26,1525,1525,0,0,0
350,79,27,1558,1558,0,0,0
351,96,29,1543,1543,-1,-1,0
352,65,30,1527,1527,0,0,0
353,43,30,1526,1526,1,0,0
354,51,31,1528,1528,0,0,0
355,63,32,1543,1543,0,1,0
356,61,33,1539,1539,0,0,0
357,58,33,1556,1556,2,0,0
358,43,35,1544,1544,0,0,0
359,-47,32,-1506,-1506,0,0,0
360,-61,29,1501,1501,1,1,0
361,-44,29,1503,1503,0,0,0
362,-124,24,-1546,-1546,0,0,0
363,-83,19,-1535,-1535,0,0,0
364,5,18,-1508,-1508,0,-1,0
365,16,18,-1504,-1504,0,0,0
366,32,18,1501,1501,0,0,0
367,66,19,1508,1508,0,-1,0
368,62,20,-1502,-1502,-1,0,0
369,67,21,1503,1503,0,0,0
370,66,22,1506,1506,0,0,0
371,46,23,-1502,-1502,0,0,0
372,34,22,-1507,-1507,0,0,0
373,37,23,-1504,-1504,0,0,0
374,25,23,-1519,-1519,0,-1,0
375,24,23,-1518,-1518,0,0,0
376,37,23,-1509,-1509,0,0,0
377,35,23,-1508,-1508,0,0,0
378,25,23,-1512,-1512,0,0,0
379,24,23,-1512,-1512,0,0,0
380,26,23,-1520,-1520,-1,0,0
381,19,22,-1530,-1530,0,-1,0
382,17,22,-1539,-1539,-1,0,0
383,21,22,-1532,-1532,0,0,0
384,16,21,-1531,-1531,0,0,0
385,15,20,-1540,-1540,0,-1,0
386,43,20,-1532,-1532,-1,0,0
387,60,21,-1518,-1518,0,0,0
388,51,21,-1528,-1528,0,-1,0
389,62,22,-1526,-1526,-1,0,0
390,83,23,-1510,-1510,0,0,0
391,113,25,-1519,-1519,-2,-1,0
392,166,29,1519,1519,0,0,0
393,205,34,1531,1531,-1,-1,0
394,230,40,1548,1548,0,-1,0
395,229,46,1552,1552,-1,0,0
396,222,52,1565,1565,0,0,0
397,177,58,1546,1546,0,-1,0
398,120,61,1540,1540,0,1,0
399,73,62,1534,1534,1,0,0
400,65,62,1533,1533,0,0,0
401,72,63,1549,1549,0,1,0
402,61,64,1546,1546,0,0,0
403,37,64,1554,1554,1,1,0
404,31,64,1558,1558,0,1,0
405,45,64,1572,1572,1,0,0
406,58,65,1593,1593,1,1,0
407,59,65,1597,1597,1,0,0
408,38,67,1601,1601,0,2,0
409,-97,67,1546,1546,1,1,0
410,-271,56,-1557,-1557,0,0,0
411,-224,48,-1522,-1522,2,1,0
412,-204,43,-1520,-1520,0,1,0
413,-297,32,-1577,-1577,0,1,0
414,-247,22,-1564,-1564,1,0,0
415,-142,15,-1531,-1531,0,0,0
416,-36,12,1507,1507,0,0,0
417,58,12,1535,1535,0,-1,0
418,86,15,1545,1545,0,0,0
419,57,16,1527,1527,0,0,0
420,37,16,1515,1515,0,0,0
421,35,16,1511,1511,0,0,0
422,39,16,1510,1510,0,0,0
423,31,17,1515,1515,0,1,0
424,-8,15,-1509,-1509,0,0,0
425,-7,14,-1502,-1502,0,1,0
426,22,14,1508,1508,0,0,0
427,2,13,-1506,-1506,0,0,0
428,2,12,-1510,-1510,0,0,0
429,30,13,1502,1502,0,0,0
430,-10,11,-1521,-1521,0,0,0
431,-4,10,-1530,-1530,-1,0,0
432,13,10,-1522,-1522,0,0,0
433,-6,9,-1542,-1542,0,-1,0
434,-17,7,-1546,-1546,0,0,0
435,1,6,-1559,-1559,-1,-1,0
436,5,6,-1562,-1562,-1,0,0
437,-11,4,-1575,-1575,0,-1,0
438,-16,3,-1583,-1583,0,-1,0
439,-5,2,-1583,-1583,-1,0,0
440,1,0,-1596,-1596,0,-2,0
441,40,-2,-1590,-1590,-1,-1,0
442,145,0,-1548,-1548,-1,-1,0
443,245,6,1509,1509,-1,0,0
444,265,13,1508,1508,-1,-2,0
445,297,19,1533,1533,0,-1,0
446,409,31,1602,1602,-1,0,0
447,391,44,1608,1608,0,-1,0
448,333,54,1602,1602,0,0,0
449,276,62,1594,1594,0,0,0
450,222,68,1582,1582,0,0,0
451,165,73,1587,1587,1,1,0
452,118,75,1569,1569,0,0,0
453,113,77,1591,1591,1,1,0
454,93,79,1594,1594,0,1,0
455,-16,78,1557,1557,1,1,0
456,-71,75,1532,1532,1,0,0
457,-64,73,1547,1547,1,1,0
458,-133,72,1515,1515,0,1,0
459,-285,61,-1555,-1555,1,1,0
460,-252,51,-1549,-1549,0,1,0
461,-216,43,-1549,-1549,0,0,0
462,-207,35,-1541,-1541,1,1,0
463,-131,29,-1520,-1520,0,0,0
464,-45,26,1508,1508,0,0,0
465,31,25,1528,1528,-1,0,0
466,80,26,1549,1549,0,0,0
467,66,28,1539,1539,1,-1,0
468,32,28,1520,1520,0,0,0
469,12,27,1527,1527,1,1,0
470,2,26,1516,1516,0,0,0
471,-8,25,1505,1505,0,0,0
472,-17,24,1507,1507,1,0,0
473,-24,22,-1503,-1503,0,0,0
474,-23,20,-1509,-1509,0,0,0
475,-21,20,-1511,-1511,0,0,0
476,-46,17,-1528,-1528,0,0,0
477,2,15,-1511,-1511,0,0,0
478,77,17,1516,1516,0,-1,0
479,81,19,1519,1519,0,0,0
480,60,19,-1501,-1501,-1,0,0
481,63,20,1503,1503,0,0,0
482,65,21,1506,1506,0,0,0
483,47,22,-1501,-1501,0,0,0
484,35,21,-1506,-1506,0,0,0
485,41,22,-1501,-1501,0,0,0
486,35,22,-1504,-1504,0,0,0
487,24,22,-1508,-1508,0,0,0
488,35,22,-1503,-1503,0,0,0
489,36,22,-1501,-1501,0,0,0
490,21,22,-1519,-1519,0,-1,0
491,16,22,-1519,-1519,0,0,0
492,17,21,-1518,-1518,0,0,0
493,13,21,-1529,-1529,-1,0,0
494,13,20,-1547,-1547,-1,-1,0
495,16,20,-1540,-1540,0,0,0
496,15,19,-1547,-1547,0,-1,0
497,14,19,-1543,-1543,0,0,0
498,21,18,-1545,-1545,-1,0,0
499,15,17,-1554,-1554,0,-1,0
500,63,16,-1527,-1527,0,0,0
501,148,20,1503,1503,-1,-1,0
502,131,23,-1514,-1514,-1,-1,0
503,132,24,-1523,-1523,-1,-1,0
504,252,32,1553,1553,0,0,0
505,266,40,1556,1556,-1,-1,0
506,211,46,1546,1546,0,0,0
507,224,50,1565,1565,0,0,0
508,281,58,1598,1598,-1,0,0
509,238,65,1602,1602,1,0,0
510,180,71,1584,1584,0,0,0
511,124,74,1574,1574,0,1,0
512,101,75,1567,1567,0,0,0
513,111,77,1595,1595,1,1,0
514,110,79,1605,1605,0,1,0
515,83,81,1620,1620,2,1,0
516,26,83,1597,1597,0,1,0
517,-146,81,1526,1526,1,1,0
518,-311,69,-1564,-1564,0,1,0
519,-265,59,-1540,-1540,1,1,0
520,-195,54,-1513,-1513,0,1,0
521,-287,44,-1568,-1568,1,0,0
522,-275,33,-1583,-1583,0,0,0
523,-177,25,-1543,-1543,0,1,0
524,-72,21,-1515,-1515,0,-1,0
525,30,20,1526,1526,0,0,0
526,90,22,1542,1542,-1,0,0
527,82,24,1528,1528,0,-1,0
528,45,24,1510,1510,0,0,0
529,38,24,1515,1515,1,0,0
530,53,25,1531,1531,1,0,0
531,61,26,1533,1533,0,0,0
532,51,27,1526,1526,0,0,0
533,-6,26,1506,1506,1,0,0
534,-68,22,-1530,-1530,0,0,0
535,-25,21,-1505,-1505,0,1,0
536,-1,21,1502,1502,0,0,0
537,-39,18,-1520,-1520,0,0,0
538,-2,17,-1518,-1518,0,-1,0
539,61,18,1513,1513,0,0,0
540,59,19,1513,1513,0,0,0
541,44,19,1505,1505,0,0,0
542,51,20,1509,1509,0,0,0
543,42,21,1504,1504,0,0,0
544,17,20,-1508,-1508,0,0,0
545,15,19,-1511,-1511,0,0,0
546,22,19,-1508,-1508,0,0,0
547,15,19,-1511,-1511,0,0,0
548,9,18,-1515,-1515,0,0,0
549,17,18,-1522,-1522,-1,0,0
550,14,18,-1522,-1522,0,0,0
551,3,17,-1537,-1537,0,-1,0
552,2,16,-1536,-1536,0,0,0
553,9,15,-1541,-1541,-1,0,0
554,9,15,-1557,-1557,-1,-1,0
555,-4,13,-1560,-1560,0,0,0
556,15,11,-1558,-1558,0,-1,0
557,73,13,-1533,-1533,-1,0,0
558,71,15,-1526,-1526,0,0,0
559,53,14,-1549,-1549,-1,-1,0
560,87,16,-1524,-1524,0,0,0
561,129,18,-1514,-1514,-1,-1,0
562,176,22,0,0,-1,-1,0
563,220,27,1517,1517,-1,-1,0
564,268,35,1558,1558,0,0,0
565,261,42,1552,1552,-1,-1,0
566,242,48,1560,1560,0,0,0
567,228,55,1569,1569,0,0,0
568,180,61,1560,1560,0,0,0
569,123,64,1542,1542,0,0,0
570,76,65,1536,1536,0,1,0
571,69,65,1546,1546,1,0,0
572,74,67,1550,1550,0,0,0
573,55,67,1553,1553,0,1,0
574,29,67,1559,1559,1,1,0
575,23,66,1563,1563,0,1,0
576,34,66,1582,1582,2,0,0
577,19,67,1578,1578,0,1,0
578,-74,66,1545,1545,1,1,0
579,-227,59,-1533,-1533,0,1,0
580,-235,50,-1535,-1535,1,1,0
581,-181,44,-1516,-1516,0,1,0
582,-244,35,-1555,-1555,1,0,0
583,-245,26,-1576,-1576,0,0,0
584,-151,19,-1546,-1546,0,0,0
585,-49,15,-1508,-1508,0,0,0
586,47,15,1532,1532,0,0,0
587,97,17,1552,1552,0,0,0
588,80,19,1531,1531,0,-1,0
589,50,19,1515,1515,0,0,0
590,46,19,1522,1522,1,0,0
591,61,21,1527,1527,0,0,0
592,13,20,1501,1501,0,0,0
593,-23,18,-1511,-1511,1,0,0
594,9,18,1502,1502,0,0,0
595,2,18,-1505,-1505,0,0,0
596,-27,15,-1515,-1515,0,1,0
597,25,15,-1503,-1503,0,-1,0
598,44,16,1506,1506,0,0,0
599,15,15,-1510,-1510,0,0,0
600,58,16,1510,1510,0,0,0
601,76,18,1519,1519,0,0,0
602,52,18,1509,1509,0,0,0
603,39,18,1501,1501,0,0,0
604,43,19,1504,1504,0,0,0
605,23,19,-1507,-1507,0,0,0
606,2,18,-1518,-1518,0,0,0
607,-2,17,-1522,-1522,0,0,0
608,12,17,-1515,-1515,0,0,0
609,23,17,-1510,-1510,0,0,0
610,23,16,-1520,-1520,-1,0,0
611,13,16,-1524,-1524,0,0,0
612,0,15,-1540,-1540,0,-1,0
613,-13,14,-1555,-1555,-1,0,0
614,-9,13,-1570,-1570,-1,-1,0
615,4,11,-1569,-1569,0,-1,0
616,12,11,-1569,-1569,-1,0,0
617,3,8,-1569,-1569,0,0,0
618,79,8,-1546,-1546,-1,-1,0
619,132,12,-1509,-1509,0,0,0
620,98,13,-1547,-1547,-2,-1,0
621,163,16,-1523,-1523,0,-2,0
622,269,24,1538,1538,-1,0,0
623,286,31,1544,1544,-1,-1,0
624,312,38,1577,1577,0,0,0
625,356,49,1609,1609,0,-1,0
626,319,59,1601,1601,-1,0,0
627,261,67,1590,1590,0,0,0
628,205,73,1598,1598,1,1,0
629,152,76,1580,1580,0,0,0
630,125,78,1593,1593,1,1,0
631,130,81,1598,1598,0,0,0
632,117,84,1625,1625,1,2,0
633,11,84,1579,1579,0,1,0
634,-108,81,1523,1523,1,0,0
635,-174,78,1503,1503,1,1,0
636,-280,68,-1536,-1536,1,2,0
637,-276,58,-1546,-1546,0,1,0
638,-286,47,-1562,-1562,1,0,0
639,-245,38,-1553,-1553,0,1,0
640,-156,32,-1526,-1526,0,0,0
641,-101,27,-1504,-1504,0,1,0
642,-29,24,1509,1509,0,-1,0
643,58,24,1544,1544,0,0,0
644,100,26,1561,1561,0,0,0
645,91,28,1554,1554,0,0,0
646,51,29,1542,1542,1,0,0
647,23,28,1543,1543,1,1,0
648,21,28,1536,1536,0,0,0
649,2,28,1521,1521,0,0,0
650,-50,27,1509,1509,1,1,0
651,-93,22,-1522,-1522,0,0,0
652,-76,19,-1513,-1513,0,1,0
653,-89,16,-1519,-1519,1,0,0
654,-104,12,-1538,-1538,0,0,0
655,-45,8,-1528,-1528,-1,0,0
656,42,8,1509,1509,0,0,0
657,82,10,1518,1518,0,-1,0
658,51,11,1503,1503,0,0,0
659,29,11,-1509,-1509,0,0,0
660,34,11,-1517,-1517,-1,0,0
661,26,11,-1520,-1520,0,0,0
662,14,11,-1525,-1525,0,0,0
663,17,10,-1523,-1523,0,0,0
664,25,10,-1529,-1529,0,-1,0
665,18,10,-1531,-1531,0,0,0
666,9,9,-1554,-1554,-1,-1,0
667,9,9,-1550,-1550,0,0,0
668,5,8,-1568,-1568,-1,-1,0
669,-1,7,-1576,-1576,0,-1,0
670,6,6,-1577,-1577,0,-1,0
671,36,3,-1577,-1577,-1,-1,0
672,128,5,-1523,-1523,0,0,0
673,191,11,1501,1501,-1,-1,0
674,163,14,-1519,-1519,-1,-1,0
675,225,19,1506,1506,-1,-1,0
676,306,28,1557,1557,0,-1,0
677,278,37,1544,1544,-1,-1,0
678,241,42,1544,1544,0,0,0
679,281,50,1582,1582,0,0,0
680,258,58,1588,1588,0,0,0
681,201,65,1574,1574,0,0,0
682,143,69,1558,1558,0,0,0
683,91,70,1539,1539,0,0,0
684,83,71,1551,1551,0,1,0
685,95,73,1570,1570,1,0,0
686,89,75,1579,1579,0,1,0
687,62,76,1586,1586,1,1,0
688,0,75,1572,1572,1,1,0
689,-94,72,1526,1526,0,1,0
690,-152,69,-1501,-1501,1,0,0
691,-230,61,-1533,-1533,0,2,0
692,-248,52,-1560,-1560,0,0,0
693,-239,42,-1552,-1552,1,1,0
694,-168,35,-1535,-1535,0,0,0
695,-69,31,-1509,-1509,-1,0,0
696,22,29,1527,1527,0,0,0
697,70,30,1547,1547,0,0,0
698,64,32,1541,1541,0,0,0
699,40,32,1527,1527,0,0,0
700,39,32,1524,1524,0,0,0
701,55,33,1530,1530,0,0,0
702,63,34,1533,1533,0,0,0
703,42,35,1532,1532,0,1,0
704,20,34,1518,1518,0,0,0
705,39,34,1535,1535,1,0,0
706,41,35,1533,1533,0,0,0
707,-16,33,1501,1501,0,0,0
708,-62,30,-1506,-1506,2,0,0
709,-27,29,1514,1514,0,1,0
710,-42,27,-1501,-1501,0,0,0
711,-75,23,-1515,-1515,1,0,0
712,-35,20,-1515,-1515,0,-1,0
713,20,20,1508,1508,0,0,0
714,20,20,1506,1506,0,0,0
715,43,20,1514,1514,0,0,0
716,87,22,1525,1525,0,-1,0
717,55,23,1511,1511,0,0,0
718,17,22,-1509,-1509,0,0,0
719,48,23,1507,1507,0,0,0
720,43,24,1505,1505,0,0,0
721,21,23,-1506,-1506,0,0,0
722,55,24,1511,1511,0,0,0
723,62,25,1516,1516,0,0,0
724,36,25,1503,1503,0,0,0
725,32,25,1501,1501,0,0,0
726,23,25,-1503,-1503,0,0,0
727,1,24,-1514,-1514,0,0,0
728,13,24,-1509,-1509,0,0,0
729,22,23,-1505,-1505,0,0,0
730,31,24,-1511,-1511,-1,0,0
731,27,24,-1510,-1510,0,0,0
732,16,23,-1515,-1515,0,0,0
733,6,23,-1530,-1530,0,-1,0
734,1,22,-1541,-1541,-1,0,0
735,2,21,-1557,-1557,-1,-1,0
736,6,20,-1560,-1560,0,-1,0
737,9,19,-1552,-1552,0,0,0
738,10,18,-1557,-1557,-1,0,0
739,25,16,-1556,-1556,0,-1,0
740,117,18,-1512,-1512,-1,0,0
741,135,22,-1503,-1503,0,-1,0
742,108,23,-1537,-1537,-2,-1,0
743,188,27,1506,1506,0,-1,0
744,267,35,1543,1543,-1,-1,0
745,250,41,1552,1552,0,0,0
746,296,49,1572,1572,-1,-1,0
747,316,58,1602,1602,0,0,0
748,265,66,1596,1596,0,0,0
749,209,72,1583,1583,0,0,0
750,154,77,1577,1577,0,1,0
751,119,79,1577,1577,1,0,0
752,124,81,1593,1593,0,1,0
753,130,84,1619,1619,1,1,0
754,109,87,1618,1618,0,1,0
755,15,87,1590,1590,1,1,0
756,-119,83,1535,1535,1,1,0
757,-204,79,-1508,-1508,1,0,0
758,-301,68,-1554,-1554,0,2,0
759,-274,59,-1540,-1540,1,1,0
760,-292,48,-1571,-1571,0,0,0
761,-254,38,-1563,-1563,0,1,0
762,-157,31,-1533,-1533,0,0,0
763,-58,27,1503,1503,0,0,0
764,39,26,1531,1531,-1,0,0
765,95,28,1557,1557,0,0,0
766,74,30,1534,1534,0,-1,0
767,41,30,1517,1517,0,0,0
768,37,30,1513,1513,0,0,0
769,49,30,1539,1539,1,1,0
770,51,31,1536,1536,0,0,0
771,49,31,1533,1533,0,0,0
772,52,32,1532,1532,0,0,0
773,51,33,1550,1550,2,0,0
774,15,33,1538,1538,0,1,0
775,-89,30,-1511,-1511,1,0,0
776,-122,25,-1537,-1537,0,0,0
777,-82,22,-1517,-1517,0,1,0
778,-105,18,-1537,-1537,0,0,0
779,-107,12,-1558,-1558,0,-1,0
780,-9,11,-1517,-1517,0,0,0
781,62,13,1507,1507,0,-1,0
782,61,14,1507,1507,0,0,0
783,47,14,-1520,-1520,-1,-1,0
784,59,15,-1510,-1510,0,0,0
785,49,16,-1512,-1512,0,0,0
786,24,16,-1533,-1533,0,-1,0
787,16,15,-1534,-1534,0,0,0
788,21,15,-1539,-1539,0,-1,0
789,23,15,-1554,-1554,-1,-1,0
790,24,14,-1558,-1558,-1,0,0
791,59,13,-1536,-1536,0,0,0
792,132,16,-1501,-1501,0,-1,0
793,116,19,-1510,-1510,-1,0,0
794,102,20,-1519,-1519,0,-1,0
795,148,24,-1505,-1505,-1,-1,0
796,162,28,1505,1505,0,-1,0
797,155,31,-1506,-1506,-1,-1,0
798,219,37,1530,1530,-1,0,0
799,271,45,1574,1574,0,0,0
800,233,52,1561,1561,0,-1,0
801,211,57,1555,1555,-1,0,0
802,199,63,1564,1564,0,0,0
803,149,68,1572,1572,1,1,0
804,109,70,1558,1558,0,0,0
805,110,71,1563,1563,0,0,0
806,123,74,1585,1585,0,1,0
807,121,77,1607,1607,1,1,0
808,93,79,1612,1612,1,1,0
809,17,80,1582,1582,0,1,0
810,-116,75,1526,1526,1,1,0
811,-120,73,1515,1515,0,0,0
812,-195,68,-1502,-1502,1,2,0
813,-272,59,-1549,-1549,0,1,0
814,-294,48,-1580,-1580,0,0,0
815,-279,37,-1572,-1572,1,1,0
816,-188,29,-1546,-1546,0,0,0
817,-87,24,-1511,-1511,0,0,0
818,10,23,1527,1527,0,0,0
819,76,24,1543,1543,-1,0,0
820,79,26,1553,1553,1,0,0
821,49,26,1535,1535,0,0,0
822,29,26,1531,1531,1,0,0
823,22,26,1523,1523,0,0,0
824,-16,25,1509,1509,0,1,0
825,-29,23,1506,1506,1,0,0
826,-22,22,1503,1503,0,0,0
827,-67,20,-1514,-1514,0,1,0
828,-98,15,-1540,-1540,0,0,0
829,-53,13,-1515,-1515,1,0,0
830,-61,10,-1537,-1537,-1,0,0
831,-41,6,-1534,-1534,0,0,0
832,54,7,1509,1509,0,0,0
833,70,9,1507,1507,0,-1,0
834,32,9,-1522,-1522,-1,0,0
835,21,9,-1537,-1537,0,-1,0
836,25,9,-1532,-1532,0,0,0
837,5,8,-1540,-1540,0,0,0
838,-9,7,-1546,-1546,0,0,0
839,6,6,-1557,-1557,-1,-1,0
840,12,6,-1561,-1561,-1,0,0
841,-2,5,-1573,-1573,0,-1,0
842,-6,3,-1581,-1581,0,-1,0
843,7,2,-1589,-1589,-1,-1,0
844,55,0,-1569,-1569,0,-1,0
845,169,4,-1512,-1512,-1,0,0
846,162,9,-1512,-1512,0,-1,0
847,156,11,-1533,-1533,-2,-1,0
848,266,17,1528,1528,0,-1,0
849,321,27,1556,1556,-1,-1,0
850,303,35,1548,1548,-1,-1,0
851,334,44,1586,1586,0,0,0
852,330,54,1595,1595,0,-1,0
853,274,63,1588,1588,0,0,0
854,213,69,1584,1584,0,1,0
855,155,73,1567,1567,0,0,0
856,116,75,1576,1576,1,1,0
857,119,77,1580,1580,0,0,0
858,122,80,1605,1605,1,1,0
859,69,82,1590,1590,0,1,0
860,-65,79,1540,1540,1,1,0
861,-120,75,1523,1523,1,1,0
862,-149,73,1510,1510,0,1,0
863,-268,64,-1544,-1544,1,1,0
864,-296,53,-1569,-1569,0,1,0
865,-268,42,-1555,-1555,1,1,0
866,-197,34,-1541,-1541,0,0,0
867,-127,28,-1512,-1512,0,1,0
868,-48,26,1513,1513,0,0,0
869,-9,23,1521,1521,0,0,0
870,49,23,1542,1542,0,0,0
871,89,24,1557,1557,0,0,0
872,90,27,1555,1555,0,0,0
873,53,28,1534,1534,0,0,0
874,22,27,1516,1516,0,0,0
875,2,27,1513,1513,1,0,0
876,-31,25,1510,1510,1,1,0
877,-35,23,1501,1501,0,0,0
878,-42,21,0,0,1,0,0
879,-64,18,-1518,-1518,0,0,0
880,-61,15,-1515,-1515,0,1,0
881,-53,13,-1519,-1519,0,0,0
882,-42,10,-1531,-1531,0,-1,0
883,30,9,-1501,-1501,0,0,0
884,82,12,1515,1515,0,-1,0
885,66,13,1508,1508,0,0,0
886,51,13,-1510,-1510,0,-1,0
887,59,15,-1513,-1513,-1,0,0
888,47,15,-1515,-1515,0,0,0
889,22,15,-1525,-1525,0,0,0
890,20,15,-1534,-1534,0,-1,0
891,28,15,-1528,-1528,0,0,0
892,24,14,-1537,-1537,0,-1,0
893,28,14,-1552,-1552,-1,-1,0
894,31,14,-1554,-1554,-1,0,0
895,49,13,-1540,-1540,0,0,0
896,121,16,-1507,-1507,0,-1,0
897,118,19,-1508,-1508,-1,0,0
898,100,20,-1520,-1520,0,-1,0
899,145,23,1503,1503,0,-1,0
900,169,28,1507,1507,-1,-1,0
901,153,31,1501,1501,0,-1,0
902,205,36,1531,1531,-1,0,0
903,240,43,1564,1564,0,0,0
904,190,49,1554,1554,0,0,0
905,132,53,1536,1536,0,0,0
906,103,55,1530,1530,0,0,0
907,105,57,1548,1548,1,0,0
908,105,59,1562,1562,0,1,0
909,105,61,1564,1564,0,0,0
910,95,63,1582,1582,1,1,0
911,78,64,1582,1582,0,1,0
912,50,65,1576,1576,0,1,0
913,-65,63,1523,1523,1,0,0
914,-116,58,-1501,-1501,0,1,0
915,-66,57,1535,1535,1,1,0
916,-131,55,1514,1514,1,1,0
917,-288,45,-1571,-1571,0,1,0
918,-271,34,-1573,-1573,1,0,0
919,-175,28,-1533,-1533,0,1,0
920,-176,21,-1551,-1551,0,0,0
921,-146,14,-1550,-1550,0,0,0
922,-47,11,-1522,-1522,-1,0,0
923,48,11,1508,1508,0,-1,0
924,77,13,1522,1522,0,0,0
925,43,14,1505,1505,0,0,0
926,19,13,-1510,-1510,0,0,0
927,24,13,-1508,-1508,0,0,0
928,23,12,-1510,-1510,0,0,0
929,17,12,-1514,-1514,0,0,0
930,20,11,-1514,-1514,0,0,0
931,26,11,-1522,-1522,0,-1,0
932,19,11,-1524,-1524,0,0,0
933,12,11,-1527,-1527,0,0,0
934,13,10,-1526,-1526,0,0,0
935,13,10,-1547,-1547,-1,-1,0
936,7,9,-1546,-1546,0,0,0
937,9,8,-1563,-1563,-1,-1,0
938,14,8,-1556,-1556,0,0,0
939,9,7,-1554,-1554,0,0,0
940,19,5,-1567,-1567,-1,-1,0
941,85,5,-1528,-1528,0,0,0
942,122,9,-1512,-1512,0,-1,0
943,95,10,-1528,-1528,-1,0,0
944,123,12,-1536,-1536,-1,-2,0
945,178,17,-1504,-1504,-1,0,0
946,201,22,1511,1511,0,-1,0
947,234,27,1523,1523,-1,-1,0
948,296,35,1562,1562,-1,0,0
949,293,44,1570,1570,0,-1,0
950,255,51,1570,1570,0,0,0
951,217,58,1568,1568,0,0,0
952,164,63,1564,1564,0,1,0
953,118,65,1549,1549,0,0,0
954,114,67,1573,1573,1,1,0
955,124,69,1581,1581,0,0,0
956,118,72,1590,1590,0,1,0
957,90,73,1597,1597,1,1,0
958,67,75,1594,1594,0,1,0
959,-11,75,1580,1580,2,1,0
960,-112,73,1532,1532,0,1,0
961,-243,66,-1526,-1526,1,1,0
962,-282,56,-1556,-1556,0,1,0
963,-263,46,-1547,-1547,1,1,0
964,-264,36,-1569,-1569,0,0,0
965,-185,28,-1539,-1539,0,1,0
966,-92,24,-1508,-1508,0,0,0
967,-29,21,1510,1510,0,0,0
968,44,21,1539,1539,0,0,0
969,89,22,1546,1546,0,-1,0
970,85,24,1543,1543,0,0,0
971,53,25,1525,1525,0,0,0
972,41,25,1518,1518,0,0,0
973,61,26,1536,1536,0,1,0
974,73,27,1549,1549,1,0,0
975,37,28,1539,1539,1,0,0
976,-44,25,-1508,-1508,0,0,0
977,-43,24,-1502,-1502,1,0,0
978,-69,22,-1522,-1522,0,0,0
979,-99,17,-1545,-1545,0,0,0
980,-66,13,-1537,-1537,0,0,0
981,30,13,-1505,-1505,0,-1,0
982,84,15,1522,1522,0,0,0
983,69,17,1505,1505,-1,0,0
984,56,17,-1510,-1510,0,-1,0
985,59,18,-1504,-1504,0,0,0
986,48,19,-1518,-1518,0,-1,0
987,26,19,-1525,-1525,0,0,0
988,26,18,-1533,-1533,0,-1,0
989,44,19,-1530,-1530,-1,0,0
990,41,19,-1526,-1526,0,0,0
991,46,18,-1541,-1541,-1,-1,0
992,105,20,-1505,-1505,0,0,0
993,126,24,1515,1515,0,0,0
994,96,25,-1504,-1504,0,-1,0
995,124,27,1516,1516,0,0,0
996,162,32,1524,1524,-1,-1,0
997,118,36,1514,1514,0,0,0
998,56,37,1502,1502,1,0,0
999,37,37,-1505,-1505,0,0,0
1000,54,39,1508,1508,0,0,0
1001,16,38,-1509,-1509,0,0,0
1002,2,37,-1515,-1515,0,0,0
1003,13,36,-1508,-1508,0,0,0
1004,22,36,-1503,-1503,0,0,0
1005,13,35,-1517,-1517,0,-1,0
1006,26,34,-1509,-1509,0,0,0
1007,87,36,1524,1524,0,0,0
1008,76,38,1523,1523,0,0,0
1009,47,37,1509,1509,0,0,0
1010,80,39,1528,1528,0,0,0
1011,65,41,1524,1524,0,0,0
1012,7,41,1507,1507,1,0,0
1013,-10,39,1506,1506,1,0,0
1014,6,38,1510,1510,0,0,0
1015,19,37,1534,1534,1,1,0
1016,22,38,1541,1541,0,1,0
1017,-43,36,1503,1503,0,0,0
1018,-138,30,-1533,-1533,1,1,0
1019,-78,27,-1514,-1514,0,0,0
1020,-10,26,1512,1512,0,0,0
1021,-51,24,-1514,-1514,0,0,0
1022,-64,21,-1527,-1527,0,0,0
1023,4,20,0,0,0,0,0
1024,42,20,1505,1505,-1,0,0
1025,40,20,1503,1503,0,0,0
1026,48,20,1507,1507,0,0,0
1027,60,21,1513,1513,0,0,0
1028,53,22,1509,1509,0,0,0
1029,48,22,1507,1507,0,0,0
1030,37,23,1502,1502,0,0,0
1031,-11,21,-1513,-1513,0,1,0
1032,-16,19,-1518,-1518,0,0,0
1033,9,19,-1508,-1508,0,0,0
1034,-6,18,-1518,-1518,0,0,0
1035,-4,16,-1519,-1519,0,0,0
1036,38,17,-1520,-1520,-1,-1,0
1037,37,17,-1518,-1518,0,0,0
1038,18,17,-1525,-1525,0,0,0
1039,16,16,-1545,-1545,-1,-1,0
1040,15,16,-1542,-1542,0,0,0
1041,5,15,-1573,-1573,-1,-2,0
1042,4,14,-1567,-1567,0,0,0
1043,13,11,-1578,-1578,-1,-1,0
1044,118,10,-1531,-1531,0,-1,0
1045,292,19,1551,1551,-1,-1,0
1046,254,28,1540,1540,0,-1,0
1047,172,33,1508,1508,-1,0,0
1048,120,35,-1516,-1516,-1,0,0
1049,161,39,1508,1508,0,-1,0
1050,153,44,1519,1519,0,0,0
1051,78,46,-1506,-1506,0,0,0
1052,43,46,-1506,-1506,0,1,0
1053,71,47,1512,1512,0,0,0
1054,83,48,1523,1523,0,0,0
1055,81,49,1526,1526,0,0,0
1056,83,51,1532,1532,0,0,0
1057,79,52,1533,1533,0,0,0
1058,73,53,1553,1553,1,1,0
1059,74,54,1562,1562,0,1,0
1060,69,55,1568,1568,1,0,0
1061,61,56,1571,1571,0,1,0
1062,59,56,1584,1584,1,1,0
1063,62,58,1581,1581,0,0,0
1064,39,59,1585,1585,0,2,0
1065,-16,61,1571,1571,1,1,0
1066,-151,56,-1507,-1507,0,0,0
1067,-272,45,-1554,-1554,2,1,0
1068,-232,36,-1535,-1535,0,2,0
1069,-182,31,-1518,-1518,1,0,0
1070,-247,22,-1561,-1561,0,1,0
1071,-196,14,-1556,-1556,0,0,0
1072,-90,9,-1520,-1520,0,0,0
1073,8,7,1516,1516,0,0,0
1074,54,7,1532,1532,0,0,0
1075,80,9,1530,1530,-1,0,0
1076,87,11,1532,1532,0,0,0
1077,62,12,1528,1528,1,0,0
1078,50,12,1529,1529,0,1,0
1079,65,13,1532,1532,0,0,0
1080,71,15,1532,1532,0,0,0
1081,51,16,1520,1520,0,0,0
1082,-7,16,-1511,-1511,0,0,0
1083,-39,13,-1530,-1530,0,0,0
1084,5,12,-1513,-1513,0,0,0
1085,0,11,-1518,-1518,0,0,0
1086,10,10,-1516,-1516,0,0,0
1087,75,12,1516,1516,0,0,0
1088,61,13,-1510,-1510,-1,-1,0
1089,23,13,-1527,-1527,0,0,0
1090,22,12,-1526,-1526,0,0,0
1091,22,12,-1544,-1544,-1,-1,0
1092,8,12,-1567,-1567,-1,-1,0
1093,12,11,-1569,-1569,0,-1,0
1094,24,10,-1556,-1556,0,0,0
1095,33,10,-1566,-1566,-1,-1,0
1096,46,8,-1554,-1554,0,0,0
1097,145,11,-1517,-1517,-1,-1,0
1098,192,16,0,0,0,-2,0
1099,195,21,-1504,-1504,-2,0,0
1100,265,27,1538,1538,0,-1,0
1101,315,36,1562,1562,-1,-1,0
1102,299,45,1565,1565,0,-1,0
1103,270,52,1562,1562,-1,0,0
1104,247,60,1570,1570,0,0,0
1105,193,65,1559,1559,0,0,0
1106,138,69,1565,1565,1,1,0
1107,94,71,1549,1549,0,0,0
1108,93,72,1563,1563,0,1,0
1109,100,74,1579,1579,1,0,0
1110,89,76,1585,1585,0,1,0
1111,62,76,1591,1591,1,1,0
1112,43,77,1596,1596,1,1,0
1113,12,78,1586,1586,0,1,0
1114,-131,77,1528,1528,1,1,0
1115,-302,66,-1563,-1563,0,1,0
1116,-264,55,-1545,-1545,1,1,0
1117,-219,48,-1521,-1521,1,1,0
1118,-260,40,-1551,-1551,1,0,0
1119,-262,29,-1564,-1564,0,1,0
1120,-169,22,-1537,-1537,0,0,0
1121,-62,18,0,0,0,0,0
1122,38,17,1539,1539,0,0,0
1123,94,19,1561,1561,0,0,0
1124,80,21,1551,1551,0,0,0
1125,42,22,1518,1518,0,-1,0
1126,31,21,1520,1520,0,1,0
1127,31,22,1527,1527,1,0,0
1128,-20,20,-1504,-1504,0,0,0
1129,-30,18,-1514,-1514,0,0,0
1130,2,18,-1503,-1503,0,0,0
1131,-18,16,-1516,-1516,0,0,0
1132,0,15,-1522,-1522,0,-1,0
1133,57,16,1507,1507,0,0,0
1134,47,17,-1507,-1507,-1,0,0
1135,26,17,-1517,-1517,0,0,0
1136,29,17,-1514,-1514,0,0,0
1137,12,17,-1531,-1531,0,-1,0
1138,-8,15,-1540,-1540,0,0,0
1139,7,14,-1532,-1532,0,0,0
1140,19,14,-1544,-1544,-1,-1,0
1141,5,13,-1548,-1548,0,0,0
1142,0,12,-1567,-1567,-1,-1,0
1143,8,11,-1558,-1558,0,0,0
1144,10,10,-1562,-1562,0,-1,0
1145,45,8,-1551,-1551,-1,0,0
1146,131,12,-1511,-1511,0,-1,0
1147,131,15,-1521,-1521,-1,-1,0
1148,116,16,-1538,-1538,-1,-1,0
1149,179,21,-1512,-1512,-1,-1,0
1150,241,27,1536,1536,0,0,0
1151,255,33,1538,1538,-1,-1,0
1152,302,41,1561,1561,-1,-1,0
1153,323,51,1583,1583,0,-1,0
1154,284,60,1585,1585,0,0,0
1155,227,67,1574,1574,0,0,0
1156,169,72,1570,1570,0,1,0
1157,121,74,1555,1555,0,0,0
1158,116,76,1579,1579,1,1,0
1159,127,78,1598,1598,0,1,0
1160,117,81,1605,1605,1,0,0
1161,90,83,1602,1602,0,1,0
1162,57,84,1612,1612,1,2,0
1163,-44,84,1576,1576,1,1,0
1164,-182,80,1508,1508,1,0,0
1165,-296,70,-1556,-1556,0,1,0
1166,-268,60,-1532,-1532,1,2,0
1167,-265,51,-1542,-1542,0,1,0
1168,-288,41,-1544,-1544,2,1,0
1169,-276,31,-1563,-1563,0,0,0
1170,-192,23,-1543,-1543,0,0,0
1171,-87,18,-1508,-1508,0,0,0
1172,16,16,1530,1530,0,0,0
1173,69,17,1550,1550,0,0,0
1174,58,18,1539,1539,0,0,0
1175,53,19,1533,1533,0,0,0
1176,56,20,1531,1531,0,0,0
1177,19,20,1509,1509,0,0,0
1178,-19,18,-1504,-1504,1,0,0
1179,8,18,1505,1505,0,0,0
1180,9,17,1501,1501,0,0,0
1181,-23,15,-1509,-1509,0,1,0
1182,12,14,1504,1504,0,0,0
1183,48,16,1518,1518,0,0,0
1184,3,15,-1507,-1507,0,0,0
1185,15,13,-1505,-1505,0,0,0
1186,61,16,1507,1507,0,-1,0
1187,20,15,-1513,-1513,0,0,0
1188,-3,14,-1525,-1525,0,0,0
1189,21,14,-1524,-1524,-1,0,0
1190,20,14,-1533,-1533,0,-1,0
1191,1,13,-1540,-1540,0,0,0
1192,10,12,-1545,-1545,0,-1,0
1193,15,12,-1548,-1548,-1,0,0
1194,2,11,-1571,-1571,-1,-1,0
1195,-1,10,-1577,-1577,0,-1,0
1196,14,9,-1572,-1572,0,-1,0
1197,33,7,-1569,-1569,-1,0,0
1198,139,8,-1518,-1518,0,-1,0
1199,204,15,1508,1508,-1,-1,0
1200,157,18,-1511,-1511,0,-1,0
1201,179,21,-1518,-1518,-2,-1,0
1202,295,30,1549,1549,0,-1,0
1203,303,39,1555,1555,-1,-1,0
1204,244,46,1536,1536,0,-1,0
1205,256,51,1550,1550,-1,0,0
1206,302,60,1594,1594,0,0,0
1207,254,68,1588,1588,0,0,0
1208,192,74,1583,1583,1,0,0
1209,132,77,1573,1573,0,1,0
1210,105,79,1575,1575,0,1,0
1211,116,81,1603,1603,1,1,0
1212,122,84,1607,1607,0,0,0
1213,100,87,1607,1607,0,1,0
1214,-16,87,1588,1588,2,2,0
1215,-178,83,1508,1508,0,1,0
1216,-273,74,-1544,-1544,1,0,0
1217,-278,64,-1555,-1555,0,1,0
1218,-211,57,-1510,-1510,1,2,0
1219,-269,47,-1559,-1559,0,0,0
1220,-246,37,-1557,-1557,0,1,0
1221,-148,30,-1527,-1527,0,0,0
1222,-41,27,1511,1511,0,0,0
1223,55,27,1541,1541,-1,0,0
1224,82,29,1551,1551,0,0,0
1225,58,30,1537,1537,0,0,0
1226,55,31,1533,1533,0,0,0
1227,38,31,1523,1523,0,0,0
1228,19,31,1520,1520,1,0,0
1229,39,31,1527,1527,0,0,0
1230,47,31,1539,1539,0,1,0
1231,27,31,1535,1535,1,0,0
1232,23,31,1538,1538,1,0,0
1233,-13,31,1515,1515,0,0,0
1234,-100,26,-1525,-1525,1,0,0
1235,-80,23,-1524,-1524,0,0,0
1236,-62,21,-1522,-1522,0,0,0
1237,-97,16,-1547,-1547,0,0,0
1238,-57,12,-1535,-1535,0,0,0
1239,30,13,-1506,-1506,0,-1,0
1240,68,15,1513,1513,0,0,0
1241,59,15,1508,1508,0,0,0
1242,54,16,-1514,-1514,-1,-1,0
1243,58,17,-1509,-1509,0,0,0
1244,40,18,-1514,-1514,0,0,0
1245,19,17,-1523,-1523,0,0,0
1246,18,17,-1532,-1532,0,-1,0
1247,23,17,-1527,-1527,0,0,0
1248,19,16,-1547,-1547,-1,-1,0
1249,21,16,-1541,-1541,0,0,0
1250,26,16,-1544,-1544,-1,0,0
1251,13,16,-1556,-1556,0,-1,0
1252,19,13,-1549,-1549,0,0,0
1253,99,15,-1514,-1514,-1,0,0
1254,122,18,-1504,-1504,0,-1,0
1255,95,19,-1530,-1530,-1,-1,0
1256,136,22,-1510,-1510,0,-1,0
1257,198,27,1514,1514,-1,-1,0
1258,214,32,1527,1527,-1,0,0
1259,256,39,1554,1554,0,-1,0
1260,289,47,1578,1578,-1,0,0
1261,252,55,1578,1578,0,0,0
1262,196,61,1565,1565,0,0,0
1263,140,65,1549,1549,0,0,0
1264,93,67,1544,1544,0,1,0
1265,86,68,1545,1545,0,0,0
1266,95,69,1564,1564,1,0,0
1267,86,71,1573,1573,0,1,0
1268,58,72,1579,1579,1,1,0
1269,38,72,1586,1586,1,1,0
1270,14,72,1577,1577,0,1,0
1271,-50,73,1561,1561,1,1,0
1272,-247,66,-1549,-1549,0,0,0
1273,-303,54,-1565,-1565,1,2,0
1274,-207,46,-1527,-1527,0,1,0
1275,-192,40,-1537,-1537,0,0,0
1276,-196,32,-1556,-1556,0,0,0
1277,-112,26,-1528,-1528,0,0,0
1278,-13,24,1511,1511,0,0,0
1279,46,24,1534,1534,0,0,0
1280,71,25,1532,1532,-1,0,0
1281,64,26,1528,1528,0,0,0
1282,39,26,1524,1524,1,0,0
1283,34,26,1518,1518,0,0,0
1284,57,27,1528,1528,0,0,0
1285,64,29,1530,1530,0,0,0
1286,26,29,1531,1531,1,1,0
1287,6,28,1526,1526,1,0,0
1288,-21,27,1506,1506,0,0,0
1289,-92,23,-1525,-1525,1,0,0
1290,-74,20,-1526,-1526,0,0,0
1291,-59,17,-1525,-1525,0,0,0
1292,-86,13,-1546,-1546,0,0,0
1293,-46,10,-1533,-1533,0,0,0
1294,29,10,-1510,-1510,0,-1,0
1295,56,12,1504,1504,0,0,0
1296,53,12,1502,1502,0,0,0
1297,54,13,-1517,-1517,-1,-1,0
1298,50,14,-1516,-1516,0,0,0
1299,28,14,-1524,-1524,0,0,0
1300,13,13,-1540,-1540,0,-1,0
1301,10,12,-1538,-1538,0,0,0
1302,13,12,-1545,-1545,0,-1,0
1303,12,11,-1552,-1552,-1,0,0
1304,16,11,-1556,-1556,-1,0,0
1305,12,10,-1563,-1563,0,-1,0
1306,21,8,-1555,-1555,0,0,0
1307,106,10,-1527,-1527,-1,-1,0
1308,128,14,-1505,-1505,0,0,0
1309,95,14,-1545,-1545,-1,-2,0
1310,144,18,-1508,-1508,0,0,0
1311,171,22,-1502,-1502,-1,-1,0
1312,197,27,1505,1505,-1,-1,0
1313,253,33,1549,1549,0,0,0
1314,279,41,1559,1559,-1,-1,0
1315,266,49,1562,1562,0,-1,0
1316,219,56,1557,1557,0,0,0
1317,161,61,1544,1544,0,0,0
1318,111,63,1539,1539,0,1,0
1319,98,64,1549,1549,0,1,0
1320,107,66,1558,1558,0,0,0
1321,109,68,1583,1583,1,1,0
1322,90,70,1585,1585,0,1,0
1323,65,71,1570,1570,0,0,0
1324,50,72,1601,1601,2,2,0
1325,5,73,1582,1582,0,1,0
1326,-124,71,1521,1521,1,0,0
1327,-271,62,-1557,-1557,0,1,0
1328,-257,51,-1539,-1539,1,2,0
1329,-198,45,-1519,-1519,0,1,0
1330,-254,36,-1565,-1565,0,0,0
1331,-229,27,-1572,-1572,0,0,0
1332,-131,20,-1529,-1529,0,1,0
1333,-31,18,1506,1506,0,0,0
1334,42,17,1525,1525,0,-1,0
1335,85,19,1543,1543,0,0,0
1336,86,21,1541,1541,0,0,0
1337,54,22,1524,1524,0,0,0
1338,36,22,1513,1513,0,0,0
1339,53,22,1529,1529,1,0,0
1340,66,23,1553,1553,1,1,0
1341,49,25,1540,1540,0,0,0
1342,-46,23,-1502,-1502,1,0,0
1343,-119,18,-1547,-1547,0,0,0
1344,-73,15,-1531,-1531,0,0,0
1345,-68,12,-1537,-1537,0,0,0
1346,-71,8,-1545,-1545,0,0,0
1347,11,7,-1521,-1521,0,-1,0
1348,67,9,1507,1507,0,0,0
1349,50,10,-1510,-1510,-1,0,0
1350,34,10,-1528,-1528,0,-1,0
1351,42,10,-1521,-1521,0,0,0
1352,26,10,-1537,-1537,0,-1,0
1353,-1,9,-1548,-1548,0,0,0
1354,7,8,-1562,-1562,-1,-1,0
1355,25,8,-1558,-1558,-1,0,0
1356,28,8,-1561,-1561,0,-1,0
1357,25,6,-1567,-1567,-1,0,0
1358,100,7,-1534,-1534,0,-1,0
1359,161,12,-1511,-1511,-1,-1,0
1360,126,14,-1527,-1527,0,-1,0
1361,161,17,-1518,-1518,-1,-1,0
1362,261,25,1539,1539,-1,0,0
1363,273,32,1543,1543,-1,-1,0
1364,291,39,1560,1560,0,-1,0
1365,325,49,1578,1578,-1,-1,0
1366,292,58,1583,1583,0,0,0
1367,236,65,1574,1574,0,0,0
1368,179,70,1571,1571,0,1,0
1369,130,73,1576,1576,1,1,0
1370,118,75,1584,1584,0,1,0
1371,128,77,1592,1592,0,0,0
1372,123,80,1612,1612,1,1,0
1373,94,83,1607,1607,0,1,0
1374,19,83,1588,1588,1,1,0
1375,-102,81,1540,1540,1,1,0
1376,-239,75,-1518,-1518,1,1,0
1377,-300,64,-1559,-1559,0,1,0
1378,-251,55,-1535,-1535,1,1,0
1379,-259,45,-1549,-1549,0,1,0
1380,-200,37,-1541,-1541,0,0,0
1381,-110,32,-1511,-1511,0,0,0
1382,-51,29,1505,1505,0,0,0
1383,23,27,1523,1523,-1,0,0
1384,82,28,1548,1548,0,0,0
1385,90,30,1551,1551,0,0,0
1386,60,31,1535,1535,0,0,0
1387,37,31,1541,1541,1,1,0
1388,42,32,1539,1539,0,0,0
1389,39,32,1534,1534,0,0,0
1390,35,33,1538,1538,1,0,0
1391,5,33,1530,1530,1,0,0
1392,-90,28,-1525,-1525,0,0,0
1393,-85,25,-1520,-1520,1,0,0
1394,-59,23,-1515,-1515,0,0,0
1395,-85,19,-1536,-1536,0,0,0
1396,-40,16,-1521,-1521,0,0,0
1397,36,16,1502,1502,0,-1,0
1398,61,18,1514,1514,0,0,0
1399,50,18,-1501,-1501,0,-1,0
1400,47,19,-1512,-1512,-1,0,0
1401,48,20,-1508,-1508,0,0,0
1402,19,19,-1530,-1530,0,-1,0
1403,5,18,-1535,-1535,0,0,0
1404,21,18,-1536,-1536,0,-1,0
1405,35,18,-1535,-1535,-1,0,0
1406,28,18,-1543,-1543,0,-1,0
1407,34,16,-1547,-1547,-1,0,0
1408,109,18,-1512,-1512,0,-1,0
1409,135,22,1510,1510,0,0,0
1410,103,23,-1518,-1518,-1,-1,0
1411,144,26,1502,1502,0,-1,0
1412,165,32,1515,1515,0,-1,0
1413,120,34,1505,1505,0,0,0
1414,111,36,1509,1509,0,0,0
1415,117,40,1522,1522,0,0,0
1416,64,43,1504,1504,0,0,0
1417,7,42,-1520,-1520,0,0,0
1418,-6,40,-1524,-1524,0,0,0
1419,7,39,-1516,-1516,0,0,0
1420,17,39,1501,1501,0,1,0
1421,17,39,1501,1501,0,0,0
1422,9,38,-1503,-1503,0,0,0
1423,9,37,-1503,-1503,0,0,0
1424,8,36,-1504,-1504,0,0,0
1425,5,35,-1507,-1507,0,0,0
1426,5,35,-1517,-1517,0,-1,0
1427,7,34,-1515,-1515,0,0,0
1428,4,33,-1525,-1525,-1,0,0
1429,4,32,-1524,-1524,0,0,0
1430,8,30,-1521,-1521,0,0,0
1431,58,30,-1516,-1516,-1,-1,0
1432,110,33,1507,1507,-1,0,0
1433,108,35,1514,1514,0,0,0
1434,136,37,1514,1514,-1,-1,0
1435,187,43,1551,1551,0,0,0
1436,162,48,1560,1560,0,1,0
1437,101,50,1536,1536,0,0,0
1438,69,51,1524,1524,0,0,0
1439,81,52,1542,1542,0,1,0
1440,89,53,1549,1549,0,0,0
1441,73,55,1562,1562,1,1,0
1442,52,55,1560,1560,0,1,0
1443,42,56,1561,1561,0,1,0
1444,23,55,1566,1566,1,1,0
1445,9,56,1563,1563,1,0,0
1446,-46,56,1540,1540,0,1,0
1447,-140,50,1502,1502,1,1,0
1448,-103,45,1515,1515,0,1,0
1449,-142,41,1502,1502,1,1,0
1450,-264,32,-1566,-1566,0,1,0
1451,-288,22,-1568,-1568,2,1,0
1452,-242,13,-1559,-1559,0,1,0
1453,-171,6,-1544,-1544,0,0,0
1454,-98,1,-1525,-1525,0,0,0
1455,-22,-1,-1501,-1501,0,0,0
1456,-2,-3,0,0,0,0,0
1457,61,-2,1514,1514,0,-1,0
1458,93,0,1527,1527,0,0,0
1459,75,2,1517,1517,0,0,0
1460,40,2,-1502,-1502,0,0,0
1461,29,1,-1510,-1510,0,0,0
1462,39,2,-1507,-1507,0,0,0
1463,43,2,-1516,-1516,0,-1,0
1464,25,2,-1525,-1525,0,0,0
1465,15,2,-1530,-1530,0,0,0
1466,46,2,-1525,-1525,0,-1,0
1467,46,3,-1522,-1522,0,0,0
1468,28,3,-1540,-1540,0,-1,0
1469,18,3,-1552,-1552,-1,0,0
1470,16,2,-1570,-1570,-1,-1,0
1471,43,2,-1561,-1561,0,-1,0
1472,81,1,-1546,-1546,0,-1,0
1473,165,5,-1504,-1504,-1,0,0
1474,164,10,-1503,-1503,0,-1,0
1475,132,11,-1519,-1519,0,-1,0
1476,186,16,0,0,-1,-1,0
1477,211,22,1509,1509,-1,-1,0
1478,173,26,-1515,-1515,-1,-1,0
1479,219,31,1515,1515,0,-1,0
1480,279,40,1544,1544,-1,-1,0
1481,235,47,1544,1544,0,0,0
1482,192,51,1538,1538,0,0,0
1483,199,57,1556,1556,0,0,0
1484,159,62,1550,1550,0,0,0
1485,102,64,1532,1532,0,0,0
1486,89,65,1543,1543,0,1,0
1487,99,67,1572,1572,1,1,0
1488,107,69,1587,1587,0,1,0
1489,100,71,1583,1583,0,0,0
1490,79,72,1593,1593,1,1,0
1491,61,74,1600,1600,1,1,0
1492,7,75,1578,1578,0,1,0
1493,-163,72,1508,1508,1,1,0
1494,-299,61,-1557,-1557,1,1,0
1495,-238,52,-1537,-1537,0,1,0
1496,-212,46,-1511,-1511,1,2,0
1497,-303,35,-1579,-1579,0,0,0
1498,-256,25,-1568,-1568,1,0,0
1499,-154,18,-1527,-1527,0,1,0
1500,-47,14,1510,1510,0,0,0
1501,46,14,1535,1535,-1,0,0
1502,91,16,1543,1543,0,-1,0
1503,77,17,1544,1544,1,0,0
1504,43,18,1524,1524,0,0,0
1505,32,18,1514,1514,0,0,0
1506,46,19,1529,1529,0,1,0
1507,4,18,1513,1513,1,0,0
1508,-66,15,-1528,-1528,0,0,0
1509,-24,13,-1514,-1514,0,0,0
1510,-17,14,-1514,-1514,0,0,0
1511,-88,9,-1554,-1554,0,0,0
1512,-57,5,-1545,-1545,0,0,0
1513,40,6,-1511,-1511,0,-1,0
1514,68,8,1503,1503,0,0,0
1515,34,8,-1533,-1533,-1,-1,0
1516,20,7,-1537,-1537,0,0,0
1517,22,7,-1553,-1553,-1,-1,0
1518,9,7,-1575,-1575,-1,-1,0
1519,-1,6,-1574,-1574,0,0,0
1520,21,5,-1568,-1568,0,-1,0
1521,33,4,-1566,-1566,-1,0,0
1522,91,3,-1542,-1542,0,-1,0
1523,195,9,1501,1501,-1,-1,0
1524,175,14,-1514,-1514,-1,-1,0
1525,206,17,-1504,-1504,-1,-1,0
1526,302,27,1562,1562,0,0,0
1527,287,36,1555,1555,-1,-1,0
1528,222,41,1541,1541,0,0,0
1529,216,46,1552,1552,0,0,0
1530,235,53,1577,1577,0,0,0
1531,185,59,1565,1565,0,0,0
1532,125,62,1556,1556,0,1,0
1533,80,63,1538,1538,0,0,0
1534,77,64,1551,1551,1,0,0
1535,85,66,1567,1567,0,1,0
1536,71,67,1570,1570,0,1,0
1537,41,67,1584,1584,2,1,0
1538,16,68,1574,1574,0,1,0
1539,-19,70,1563,1563,1,0,0
1540,-190,64,-1522,-1522,0,1,0
1541,-288,53,-1557,-1557,1,2,0
1542,-255,43,-1552,-1552,0,1,0
1543,-195,36,-1531,-1531,1,0,0
1544,-211,29,-1555,-1555,0,0,0
1545,-195,21,-1554,-1554,0,1,0
1546,-98,16,-1522,-1522,0,0,0
1547,3,14,1507,1507,0,-1,0
1548,63,15,1522,1522,-1,0,0
1549,60,16,1518,1518,0,0,0
1550,28,16,1511,1511,1,0,0
1551,16,16,1512,1512,1,0,0
1552,35,16,1517,1517,0,0,0
1553,22,16,1507,1507,0,0,0
1554,-45,13,-1530,-1530,0,0,0
1555,-33,11,-1509,-1509,1,1,0
1556,-6,11,-1502,-1502,0,0,0
1557,-41,8,-1536,-1536,0,-1,0
1558,-15,6,-1527,-1527,0,0,0
1559,49,8,1502,1502,0,0,0
1560,54,9,-1506,-1506,-1,0,0
1561,40,8,-1513,-1513,0,0,0
1562,46,9,-1518,-1518,0,-1,0
1563,33,9,-1523,-1523,0,0,0
1564,7,8,-1535,-1535,0,0,0
1565,19,8,-1528,-1528,0,0,0
1566,35,8,-1529,-1529,0,-1,0
1567,25,8,-1542,-1542,-1,0,0
1568,16,8,-1563,-1563,-1,-1,0
1569,17,7,-1557,-1557,0,0,0
1570,13,7,-1564,-1564,0,-1,0
1571,14,6,-1558,-1558,0,0,0
1572,30,4,-1558,-1558,-1,0,0
1573,129,5,-1513,-1513,0,-1,0
1574,176,11,-1509,-1509,-1,-2,0
1575,125,14,-1531,-1531,-1,0,0
1576,146,16,-1529,-1529,-1,-1,0
1577,241,23,1524,1524,0,-1,0
1578,256,30,1531,1531,-1,-1,0
1579,261,36,1530,1530,-1,-1,0
1580,318,45,1581,1581,0,0,0
1581,302,54,1593,1593,0,0,0
1582,241,62,1581,1581,0,0,0
1583,176,67,1563,1563,0,0,0
1584,119,70,1544,1544,0,0,0
1585,103,71,1574,1574,1,2,0
1586,113,73,1580,1580,0,0,0
1587,107,75,1590,1590,0,1,0
1588,80,77,1597,1597,1,1,0
1589,15,77,1571,1571,0,1,0
1590,-90,75,1542,1542,2,1,0
1591,-187,71,-1506,-1506,0,1,0
1592,-265,61,-1542,-1542,1,1,0
1593,-242,52,-1550,-1550,0,0,0
1594,-249,42,-1562,-1562,0,1,0
1595,-186,34,-1538,-1538,0,1,0
1596,-88,30,-1505,-1505,0,0,0
1597,12,28,1532,1532,0,0,0
1598,91,30,1566,1566,0,0,0
1599,80,31,1557,1557,0,0,0
1600,71,32,1549,1549,0,0,0
1601,77,35,1561,1561,0,1,0
1602,30,35,1534,1534,0,0,0
1603,26,34,1527,1527,0,0,0
1604,50,35,1536,1536,0,0,0
1605,21,35,1530,1530,0,1,0
1606,0,34,1524,1524,1,0,0
1607,18,34,1528,1528,0,0,0
1608,-46,32,1511,1511,1,1,0
1609,-99,27,-1515,-1515,1,0,0
1610,-47,26,1510,1510,0,1,0
1611,-65,23,1503,1503,1,0,0
1612,-116,17,-1535,-1535,0,0,0
1613,-59,14,-1517,-1517,0,0,0
1614,-8,15,1503,1503,0,0,0
1615,-92,11,-1546,-1546,0,0,0
1616,-57,6,-1537,-1537,0,0,0
1617,56,7,1514,1514,0,0,0
1618,89,10,1529,1529,0,0,0
1619,47,11,1508,1508,0,0,0
1620,19,10,-1508,-1508,0,0,0
1621,19,10,-1510,-1510,0,0,0
1622,12,10,-1515,-1515,0,0,0
1623,2,9,-1521,-1521,0,0,0
1624,2,8,-1533,-1533,-1,0,0
1625,9,8,-1529,-1529,0,0,0
1626,-3,7,-1546,-1546,0,-1,0
1627,-14,6,-1559,-1559,0,-1,0
1628,-14,4,-1567,-1567,-1,0,0
1629,-16,3,-1575,-1575,0,-1,0
1630,-21,2,-1593,-1593,-1,-1,0
1631,-22,0,-1598,-1598,0,-1,0
1632,-7,-1,-1605,-1605,-1,-1,0
1633,50,-4,-1582,-1582,0,-1,0
1634,182,0,-1514,-1514,-1,0,0
1635,202,5,-1529,-1529,-2,-2,0
1636,226,10,-1509,-1509,0,-1,0
1637,337,18,1546,1546,-1,-1,0
1638,394,30,1579,1579,-1,-1,0
1639,359,40,1567,1567,0,-2,0
1640,360,50,1573,1573,-2,0,0
1641,347,61,1584,1584,0,-1,0
1642,289,69,1579,1579,0,0,0
1643,228,76,1580,1580,0,1,0
1644,165,81,1583,1583,2,0,0
1645,106,83,1562,1562,0,0,0
1646,88,84,1578,1578,0,2,0
1647,93,86,1592,1592,1,0,0
1648,76,88,1605,1605,1,1,0
1649,-38,86,1554,1554,0,1,0
1650,-148,82,1510,1510,1,1,0
1651,-189,78,1501,1501,1,1,0
1652,-272,69,-1537,-1537,1,1,0
1653,-300,58,-1561,-1561,0,1,0
1654,-314,46,-1571,-1571,1,1,0
1655,-254,36,-1553,-1553,0,1,0
1656,-161,29,-1527,-1527,0,0,0
1657,-82,25,1506,1506,0,1,0
1658,-16,23,1526,1526,0,0,0
1659,18,22,1533,1533,0,0,0
1660,44,22,1539,1539,0,0,0
1661,50,24,1538,1538,0,0,0
1662,-25,22,1506,1506,1,0,0
1663,-37,20,1511,1511,1,1,0
1664,-8,19,1517,1517,0,0,0
1665,-61,16,-1517,-1517,0,0,0
1666,-74,13,-1522,-1522,1,0,0
1667,-49,11,-1517,-1517,0,0,0
1668,-76,7,-1539,-1539,0,0,0
1669,-36,4,-1528,-1528,0,0,0
1670,48,5,0,0,0,-1,0
1671,69,7,-1501,-1501,-1,0,0
1672,41,7,-1514,-1514,0,0,0
1673,35,7,-1526,-1526,0,-1,0
1674,30,7,-1537,-1537,0,-1,0
1675,12,7,-1553,-1553,0,-1,0
1676,11,6,-1560,-1560,-1,0,0
1677,28,6,-1567,-1567,-1,-1,0
1678,37,6,-1555,-1555,0,0,0
1679,56,3,-1562,-1562,-1,-1,0
1680,174,7,-1503,-1503,0,-1,0
1681,197,14,1513,1513,0,-1,0
1682,147,17,-1520,-1520,-1,-1,0
1683,182,20,1501,1501,-1,0,0
1684,245,27,1528,1528,-1,-1,0
1685,254,35,1542,1542,0,-1,0
1686,232,42,1549,1549,0,0,0
1687,185,47,1541,1541,0,0,0
1688,172,52,1547,1547,0,0,0
1689,147,56,1555,1555,0,1,0
1690,104,58,1541,1541,0,0,0
1691,103,59,1556,1556,0,1,0
1692,117,62,1575,1575,1,0,0
1693,115,64,1597,1597,1,1,0
1694,92,66,1594,1594,0,1,0
1695,74,68,1593,1593,0,1,0
1696,19,69,1580,1580,1,1,0
1697,-112,66,1509,1509,0,0,0
1698,-213,61,-1530,-1530,1,1,0
1699,-270,51,-1557,-1557,0,2,0
1700,-200,43,-1530,-1530,0,1,0
1701,-224,35,-1550,-1550,1,0,0
1702,-211,26,-1562,-1562,0,0,0
1703,-114,21,-1520,-1520,0,1,0
1704,-24,19,1513,1513,0,0,0
1705,30,18,1512,1512,-1,-1,0
1706,69,19,1528,1528,0,0,0
1707,70,20,1527,1527,0,0,0
1708,39,21,1521,1521,1,0,0
1709,21,20,1518,1518,1,0,0
1710,38,20,1522,1522,0,0,0
1711,46,22,1534,1534,0,1,0
1712,-35,19,-1502,-1502,1,0,0
1713,-76,16,-1529,-1529,0,0,0
1714,-47,15,-1521,-1521,0,0,0
1715,-69,12,-1539,-1539,0,0,0
1716,-70,8,-1556,-1556,0,-1,0
1717,2,6,-1525,-1525,0,0,0
1718,65,8,1506,1506,0,0,0
1719,44,9,-1525,-1525,-1,-1,0
1720,20,8,-1534,-1534,0,0,0
1721,23,8,-1540,-1540,0,-1,0
1722,8,8,-1555,-1555,-1,0,0
1723,-8,6,-1580,-1580,-1,-1,0
1724,4,5,-1568,-1568,0,0,0
1725,19,5,-1565,-1565,0,-1,0
1726,22,2,-1570,-1570,-1,0,0
1727,118,3,-1526,-1526,0,-1,0
1728,194,10,-1507,-1507,-1,-2,0
1729,149,13,-1534,-1534,-1,-1,0
1730,187,16,-1511,-1511,-1,0,0
1731,296,24,1542,1542,-1,-1,0
1732,310,33,1560,1560,0,-1,0
1733,309,41,1558,1558,-1,-1,0
1734,340,51,1597,1597,0,0,0
1735,301,60,1598,1598,0,0,0
1736,240,67,1586,1586,0,0,0
1737,181,73,1571,1571,0,0,0
1738,129,75,1574,1574,1,1,0
1739,118,77,1584,1584,0,1,0
1740,123,79,1598,1598,0,1,0
1741,102,82,1610,1610,1,1,0
1742,-15,82,1559,1559,0,1,0
1743,-135,78,1522,1522,2,1,0
1744,-192,74,-1506,-1506,0,1,0
1745,-272,63,-1544,-1544,1,1,0
1746,-239,55,-1537,-1537,0,1,0
1747,-267,45,-1560,-1560,0,1,0
1748,-234,35,-1554,-1554,1,0,0
1749,-138,29,-1524,-1524,-1,1,0
1750,-41,27,1511,1511,0,0,0
1751,15,26,1530,1530,0,0,0
1752,47,25,1539,1539,0,0,0
1753,81,27,1551,1551,0,0,0
1754,72,29,1546,1546,0,0,0
1755,6,28,1509,1509,0,0,0
1756,20,27,1512,1512,0,0,0
1757,56,29,1538,1538,1,0,0
1758,25,28,1529,1529,0,1,0
1759,24,28,1524,1524,0,0,0
1760,41,29,1529,1529,0,0,0
1761,-23,28,1513,1513,2,0,0
1762,-89,23,-1527,-1527,0,0,0
1763,-47,21,-1513,-1513,0,0,0
1764,-61,19,-1516,-1516,1,0,0
1765,-101,14,-1545,-1545,0,0,0
1766,-39,11,-1523,-1523,0,0,0
1767,34,12,-1501,-1501,0,-1,0
1768,59,13,1510,1510,0,0,0
1769,49,14,-1515,-1515,-1,-1,0
1770,42,14,-1516,-1516,0,0,0
1771,37,14,-1526,-1526,0,-1,0
1772,16,14,-1544,-1544,0,-1,0
1773,3,13,-1547,-1547,0,0,0
1774,24,13,-1553,-1553,-1,-1,0
1775,39,11,-1551,-1551,-1,0,0
1776,108,12,-1521,-1521,0,-1,0
1777,166,17,1508,1508,0,-1,0
1778,130,20,-1518,-1518,-1,-1,0
1779,145,23,0,0,0,0,0
1780,182,28,1522,1522,0,-1,0
1781,139,32,1503,1503,-1,0,0
1782,114,34,-1509,-1509,0,-1,0
1783,156,39,1524,1524,0,0,0
1784,130,43,1514,1514,0,-1,0
1785,62,45,-1510,-1510,0,0,0
1786,41,43,-1525,-1525,-1,0,0
1787,119,47,1523,1523,0,0,0
1788,80,50,1502,1502,-1,0,0
1789,20,50,-1520,-1520,0,0,0
1790,24,48,-1515,-1515,0,0,0
1791,81,50,1520,1520,0,0,0
1792,55,51,1513,1513,0,0,0
1793,17,51,-1503,-1503,0,0,0
1794,22,49,1511,1511,0,1,0
1795,46,50,1523,1523,0,0,0
1796,30,50,1517,1517,0,0,0
1797,12,49,1507,1507,0,0,0
1798,27,49,1525,1525,0,1,0
1799,34,49,1527,1527,0,0,0
1800,29,49,1524,1524,0,0,0
1801,36,49,1546,1546,1,1,0
1802,44,49,1556,1556,1,0,0
1803,39,49,1559,1559,0,1,0
1804,35,49,1561,1561,0,1,0
1805,23,50,1569,1569,1,1,0
1806,-6,50,1548,1548,0,0,0
1807,-81,48,1522,1522,1,1,0
1808,-119,42,0,0,0,1,0
1809,-73,39,1529,1529,1,1,0
1810,-94,38,1528,1528,1,1,0
1811,-276,27,-1571,-1571,0,1,0
1812,-292,16,-1582,-1582,1,1,0
1813,-201,10,-1547,-1547,0,1,0
1814,-196,3,-1553,-1553,1,0,0
1815,-191,-3,-1580,-1580,-1,0,0
1816,-146,-10,-1574,-1574,0,0,0
1817,-41,-14,-1533,-1533,0,0,0
1818,51,-13,-1505,-1505,0,-1,0
1819,62,-11,-1521,-1521,-1,-1,0
1820,14,-11,-1543,-1543,0,0,0
1821,-17,-13,-1589,-1589,-2,-1,0
1822,-8,-14,-1581,-1581,0,0,0
1823,12,-15,-1589,-1589,-1,-1,0
1824,28,-17,-1595,-1595,0,-2,0
1825,86,-17,-1571,-1571,-1,0,0
1826,201,-12,-1522,-1522,-1,-1,0
1827,244,-5,-1505,-1505,-1,-1,0
1828,283,0,1502,1502,-1,-2,0
1829,385,10,1556,1556,-1,-1,0
1830,409,22,1594,1594,0,0,0
1831,372,33,1569,1569,-2,-1,0
1832,335,43,1567,1567,0,-1,0
1833,280,51,1563,1563,0,0,0
1834,222,58,1553,1553,0,0,0
1835,164,63,1561,1561,1,1,0
1836,100,65,1548,1548,1,0,0
1837,44,65,1534,1534,0,1,0
1838,31,65,1538,1538,1,0,0
1839,39,65,1551,1551,0,1,0
1840,43,65,1571,1571,1,1,0
1841,46,66,1587,1587,1,1,0
1842,-21,68,1570,1570,1,1,0
1843,-200,61,-1530,-1530,0,0,0
1844,-240,52,-1547,-1547,1,1,0
1845,-192,45,-1519,-1519,1,1,0
1846,-236,37,-1548,-1548,0,1,0
1847,-237,28,-1569,-1569,0,0,0
1848,-145,21,-1530,-1530,0,1,0
1849,-42,18,1506,1506,0,0,0
1850,54,18,1544,1544,0,0,0
1851,99,20,1561,1561,0,0,0
1852,85,22,1552,1552,0,0,0
1853,37,23,1524,1524,0,0,0
1854,15,22,1509,1509,0,0,0
1855,8,22,1513,1513,1,0,0
1856,-61,19,-1516,-1516,1,0,0
1857,-77,15,-1522,-1522,0,1,0
1858,-47,14,-1515,-1515,0,0,0
1859,-83,10,-1531,-1531,1,0,0
1860,-67,6,-1544,-1544,0,-1,0
1861,26,5,-1503,-1503,0,0,0
1862,70,7,1507,1507,-1,0,0
1863,48,8,-1504,-1504,0,0,0
1864,32,8,-1522,-1522,0,-1,0
1865,36,8,-1519,-1519,0,0,0
1866,22,8,-1525,-1525,0,0,0
1867,4,7,-1534,-1534,0,0,0
1868,20,7,-1536,-1536,0,-1,0
1869,32,7,-1528,-1528,0,0,0
1870,17,7,-1554,-1554,-1,-1,0
1871,11,6,-1552,-1552,0,0,0
1872,17,5,-1567,-1567,-1,-1,0
1873,21,5,-1558,-1558,0,0,0
1874,26,3,-1563,-1563,0,-1,0
1875,118,4,-1532,-1532,-1,-1,0
1876,195,10,1509,1509,0,-1,0
1877,146,13,-1522,-1522,-1,-1,0
1878,146,15,-1510,-1510,0,0,0
1879,212,22,1516,1516,-1,-1,0
1880,183,28,-1501,-1501,-1,-1,0
1881,145,30,-1516,-1516,0,-1,0
1882,224,35,1538,1538,0,0,0
1883,267,44,1557,1557,-1,-1,0
1884,201,49,1541,1541,0,0,0
1885,186,53,1547,1547,0,0,0
1886,208,60,1572,1572,0,0,0
1887,153,64,1566,1566,0,1,0
1888,102,66,1547,1547,0,0,0
1889,98,68,1560,1560,0,1,0
1890,109,69,1589,1589,1,1,0
1891,116,72,1603,1603,0,1,0
1892,101,74,1603,1603,1,0,0
1893,74,76,1609,1609,1,1,0
1894,-33,76,1569,1569,0,2,0
1895,-198,72,-1502,-1502,1,1,0
1896,-303,61,-1563,-1563,0,1,0
1897,-250,52,-1537,-1537,1,1,0
1898,-203,45,-1522,-1522,0,1,0
1899,-274,35,-1567,-1567,0,1,0
1900,-217,26,-1560,-1560,0,0,0
1901,-113,20,-1525,-1525,0,0,0
1902,-8,18,1515,1515,0,0,0
1903,54,19,1540,1540,0,0,0
1904,44,19,1529,1529,0,0,0
1905,60,20,1533,1533,0,0,0
1906,47,21,1534,1534,1,0,0
1907,9,20,1520,1520,1,0,0
1908,33,20,1526,1526,0,0,0
1909,39,21,1525,1525,0,0,0
1910,-72,18,-1525,-1525,1,0,0
1911,-88,14,-1541,-1541,0,0,0
1912,-37,13,-1522,-1522,0,0,0
1913,-48,10,-1533,-1533,0,0,0
1914,-23,7,-1526,-1526,0,0,0
1915,46,8,1505,1505,0,0,0
1916,64,10,-1507,-1507,-1,-1,0
1917,38,10,-1518,-1518,0,0,0
1918,37,10,-1528,-1528,0,-1,0
1919,33,10,-1526,-1526,0,0,0
1920,6,10,-1558,-1558,-1,-1,0
1921,2,8,-1566,-1566,-1,0,0
1922,19,8,-1562,-1562,0,-1,0
1923,21,8,-1555,-1555,0,0,0
1924,19,8,-1572,-1572,-1,-1,0
1925,42,4,-1556,-1556,0,0,0
1926,182,9,-1508,-1508,-1,-2,0
1927,212,16,1513,1513,0,-1,0
1928,149,19,-1524,-1524,-2,0,0
1929,192,22,0,0,0,-1,0
1930,311,31,1558,1558,-1,-1,0
1931,308,41,1568,1568,0,-1,0
1932,241,48,1555,1555,0,0,0
1933,202,53,1541,1541,-1,0,0
1934,201,59,1566,1566,1,0,0
1935,151,63,1563,1563,0,1,0
1936,102,65,1545,1545,0,0,0
1937,95,66,1557,1557,0,1,0
1938,103,68,1584,1584,1,1,0
1939,96,70,1581,1581,0,0,0
1940,68,71,1577,1577,0,1,0
1941,49,72,1595,1595,2,1,0
1942,21,73,1585,1585,0,1,0
1943,-89,74,1545,1545,1,1,0
1944,-302,63,-1566,-1566,0,1,0
1945,-287,52,-1559,-1559,1,1,0
1946,-223,44,-1537,-1537,0,1,0
1947,-258,36,-1553,-1553,1,1,0
1948,-271,25,-1581,-1581,0,0,0
1949,-178,17,-1544,-1544,0,1,0
1950,-74,13,-1508,-1508,0,0,0
1951,24,12,1509,1509,-1,-1,0
1952,75,13,1531,1531,0,0,0
1953,59,15,1522,1522,0,0,0
1954,19,14,-1501,-1501,0,0,0
1955,15,14,1504,1504,1,0,0
1956,37,14,1511,1511,0,0,0
1957,33,14,1506,1506,0,0,0
1958,26,14,1501,1501,0,0,0
1959,33,14,1511,1511,1,0,0
1960,29,14,1506,1506,0,0,0
1961,13,14,-1505,-1505,0,0,0
1962,-44,11,-1525,-1525,1,0,0
1963,-47,9,-1533,-1533,0,0,0
1964,-11,8,-1521,-1521,0,0,0
1965,-4,7,-1521,-1521,0,0,0
1966,24,6,-1520,-1520,-1,0,0
1967,53,7,-1505,-1505,0,0,0
1968,36,7,-1523,-1523,0,-1,0
1969,17,7,-1531,-1531,0,0,0
1970,15,6,-1552,-1552,-1,-1,0
1971,12,6,-1570,-1570,-1,-1,0
1972,12,5,-1563,-1563,0,0,0
1973,18,5,-1566,-1566,0,-1,0
1974,24,4,-1566,-1566,-1,0,0
1975,28,1,-1571,-1571,0,-1,0
1976,148,3,-1524,-1524,-1,-1,0
1977,230,10,1521,1521,0,-1,0
1978,175,16,-1521,-1521,-2,-1,0
1979,154,17,-1528,-1528,0,-1,0
1980,279,26,1532,1532,-1,-1,0
1981,292,35,1552,1552,0,-1,0
1982,242,41,1536,1536,-1,0,0
1983,251,47,1547,1547,0,-1,0
1984,286,56,1585,1585,0,0,0
1985,232,63,1576,1576,0,0,0
1986,165,68,1566,1566,0,1,0
1987,107,70,1545,1545,0,0,0
1988,96,71,1566,1566,1,1,0
1989,106,73,1584,1584,0,1,0
1990,103,75,1603,1603,1,1,0
1991,74,76,1587,1587,0,0,0
1992,-6,76,1564,1564,1,1,0
1993,-100,73,1539,1539,1,2,0
1994,-182,70,1509,1509,1,1,0
1995,-284,60,-1561,-1561,0,0,0
1996,-276,50,-1557,-1557,1,1,0
1997,-280,39,-1560,-1560,0,2,0
1998,-225,30,-1554,-1554,0,0,0
1999,-136,24,-1517,-1517,0,1,0
2000,-65,21,1504,1504,0,0,0
2001,-47,18,1501,1501,0,0,0
2002,17,16,1523,1523,0,0,0
2003,78,17,1547,1547,0,0,0
2004,69,20,1540,1540,0,0,0
2005,-11,18,1514,1514,1,1,0
2006,8,17,1526,1526,1,0,0
2007,19,17,1525,1525,0,0,0
2008,-52,15,-1517,-1517,0,0,0
2009,-41,12,-1509,-1509,1,0,0
2010,-21,11,-1506,-1506,0,0,0
2011,-59,8,-1532,-1532,0,0,0
2012,-6,6,-1523,-1523,0,-1,0
2013,68,7,1512,1512,0,0,0
2014,79,9,1517,1517,0,0,0
2015,56,10,1505,1505,0,0,0
2016,57,11,1505,1505,0,0,0
2017,51,11,1502,1502,0,0,0
2018,30,11,-1509,-1509,0,0,0
2019,30,11,-1510,-1510,0,0,0
2020,44,12,-1503,-1503,0,0,0
2021,36,12,-1507,-1507,0,0,0
2022,28,12,-1521,-1521,-1,0,0
2023,32,12,-1518,-1518,0,0,0
2024,28,12,-1529,-1529,0,-1,0
2025,20,12,-1530,-1530,0,0,0
2026,19,12,-1539,-1539,-1,0,0
2027,19,11,-1546,-1546,0,-1,0
2028,12,11,-1556,-1556,-1,0,0
2029,9,10,-1563,-1563,0,-1,0
2030,8,10,-1568,-1568,-1,0,0
2031,11,9,-1570,-1570,0,-1,0
2032,15,8,-1562,-1562,0,0,0
2033,24,5,-1574,-1574,-1,-1,0
2034,139,8,-1529,-1529,-1,-1,0
2035,203,13,-1503,-1503,-1,-1,0
2036,218,19,1501,1501,-1,-1,0
2037,267,24,1543,1543,0,0,0
2038,355,35,1585,1585,-1,-1,0
2039,331,45,1585,1585,0,-1,0
2040,271,53,1576,1576,0,0,0
2041,212,59,1564,1564,0,0,0
2042,154,64,1558,1558,0,1,0
2043,98,66,1538,1538,0,0,0
2044,64,66,1537,1537,0,1,0
2045,64,67,1550,1550,1,0,0
2046,54,68,1556,1556,0,1,0
2047,27,67,1562,1562,1,1,0
2048,22,67,1565,1565,0,1,0
2049,34,68,1596,1596,2,1,0
2050,-48,70,1549,1549,0,0,0
2051,-268,60,-1553,-1553,1,1,0
2052,-278,49,-1557,-1557,0,2,0
2053,-215,41,-1536,-1536,1,0,0
2054,-199,35,-1535,-1535,0,1,0
2055,-220,26,-1564,-1564,0,0,0
2056,-166,19,-1553,-1553,0,0,0
2057,-63,15,-1515,-1515,0,0,0
2058,38,14,1526,1526,0,0,0
2059,97,16,1551,1551,0,0,0
2060,80,18,1540,1540,0,0,0
2061,48,18,1521,1521,0,0,0
2062,47,19,1517,1517,0,0,0
2063,69,20,1527,1527,0,0,0
2064,72,21,1538,1538,1,0,0
2065,61,22,1550,1550,1,1,0
2066,5,23,1517,1517,0,0,0
2067,-85,19,-1523,-1523,1,0,0
2068,-78,16,-1529,-1529,0,0,0
2069,-53,14,-1523,-1523,0,0,0
2070,-90,9,-1550,-1550,0,0,0
2071,-48,6,-1536,-1536,0,0,0
2072,35,7,-1510,-1510,0,-1,0
2073,62,8,1504,1504,0,0,0
2074,50,9,-1512,-1512,-1,0,0
2075,43,9,-1524,-1524,0,-1,0
2076,42,10,-1522,-1522,0,0,0
2077,19,9,-1541,-1541,0,-1,0
2078,-4,8,-1560,-1560,-1,0,0
2079,4,7,-1562,-1562,0,-1,0
2080,10,7,-1565,-1565,-1,0,0
2081,12,6,-1568,-1568,0,-1,0
2082,14,4,-1574,-1574,-1,0,0
2083,102,5,-1534,-1534,0,-1,0
2084,152,10,-1508,-1508,0,-1,0
2085,113,11,-1537,-1537,-1,-1,0
2086,150,14,-1527,-1527,-1,-1,0
2087,241,21,1525,1525,-1,0,0
2088,241,27,1512,1512,-1,-2,0
2089,269,34,1535,1535,0,-1,0
2090,317,43,1571,1571,-1,0,0
2091,288,52,1578,1578,0,0,0
2092,227,59,1566,1566,0,0,0
2093,164,64,1549,1549,0,0,0
2094,110,66,1533,1533,0,0,0
2095,94,67,1553,1553,1,1,0
2096,102,69,1570,1570,0,1,0
2097,101,71,1582,1582,0,1,0
2098,77,72,1580,1580,1,0,0
2099,52,73,1576,1576,0,1,0
2100,-5,72,1564,1564,1,1,0
2101,-69,71,1545,1545,1,1,0
2102,-176,67,1503,1503,1,1,0
2103,-258,57,-1547,-1547,0,1,0
2104,-229,49,-1531,-1531,1,1,0
2105,-223,40,-1538,-1538,0,1,0
2106,-195,34,-1531,-1531,0,1,0
2107,-181,26,-1543,-1543,0,0,0
2108,-103,21,-1521,-1521,0,0,0
2109,-1,18,1518,1518,0,0,0
2110,70,19,1547,1547,0,0,0
2111,78,20,1547,1547,0,0,0
2112,72,22,1540,1540,0,0,0
2113,60,23,1532,1532,0,0,0
2114,50,24,1545,1545,1,1,0
2115,20,24,1533,1533,1,0,0
2116,-24,22,1505,1505,0,0,0
2117,-20,21,0,0,0,0,0
2118,-31,19,-1501,-1501,1,0,0
2119,-69,16,-1527,-1527,0,0,0
2120,-49,13,-1524,-1524,0,0,0
2121,5,12,-1504,-1504,0,0,0
2122,17,12,-1511,-1511,0,-1,0
2123,34,12,-1504,-1504,0,0,0
2124,60,13,1508,1508,0,0,0
2125,51,14,-1516,-1516,-1,-1,0
2126,33,14,-1522,-1522,0,0,0
2127,22,14,-1535,-1535,0,-1,0
2128,9,13,-1549,-1549,-1,0,0
2129,-1,12,-1571,-1571,-1,-1,0
2130,5,11,-1562,-1562,0,0,0
2131,10,11,-1564,-1564,0,-1,0
2132,10,10,-1569,-1569,-1,0,0
2133,25,7,-1568,-1568,0,-1,0
2134,140,9,-1523,-1523,-1,-1,0
2135,183,15,1502,1502,0,-1,0
2136,137,17,-1538,-1538,-2,-1,0
2137,221,22,1519,1519,0,0,0
2138,313,31,1563,1563,-1,-1,0
2139,291,41,1563,1563,0,-1,0
2140,228,47,1550,1550,0,0,0
2141,206,52,1535,1535,-1,-1,0
2142,183,58,1560,1560,1,1,0
2143,126,61,1542,1542,0,0,0
2144,81,62,1537,1537,0,1,0
2145,81,63,1550,1550,0,1,0
2146,91,65,1558,1558,0,0,0
2147,82,66,1576,1576,1,1,0
2148,59,67,1563,1563,0,0,0
2149,47,68,1586,1586,1,2,0
2150,43,68,1597,1597,1,1,0
2151,18,72,1590,1590,1,0,0
2152,-171,66,-1503,-1503,0,1,0
2153,-264,56,-1547,-1547,1,1,0
2154,-238,47,-1544,-1544,0,1,0
2155,-196,39,-1531,-1531,0,1,0
2156,-140,35,-1519,-1519,0,0,0
2157,-114,29,-1521,-1521,0,0,0
2158,-47,26,1501,1501,0,0,0
2159,41,25,1537,1537,0,0,0
2160,73,26,1548,1548,0,0,0
2161,66,27,1541,1541,0,0,0
2162,48,28,1530,1530,0,0,0
2163,47,29,1537,1537,1,0,0
2164,30,29,1544,1544,1,1,0
2165,-30,27,1508,1508,0,0,0
2166,-55,25,-1510,-1510,0,0,0
2167,-64,23,-1512,-1512,1,0,0
2168,-82,19,-1529,-1529,0,0,0
2169,-88,15,-1541,-1541,0,0,0
2170,-44,12,-1527,-1527,0,0,0
2171,23,12,-1508,-1508,0,-1,0
2172,44,13,1502,1502,0,0,0
2173,28,13,-1517,-1517,-1,0,0
2174,23,12,-1529,-1529,0,-1,0
2175,17,12,-1530,-1530,0,0,0
2176,-6,11,-1550,-1550,0,-1,0
2177,-12,10,-1571,-1571,-1,-1,0
2178,4,9,-1568,-1568,-1,0,0
2179,12,9,-1569,-1569,0,-1,0
2180,11,7,-1574,-1574,-1,0,0
2181,77,5,-1547,-1547,0,-1,0
2182,193,11,-1508,-1508,-1,-2,0
2183,165,16,-1506,-1506,0,0,0
2184,140,17,-1537,-1537,-2,-1,0
2185,249,24,1524,1524,0,-1,0
2186,309,33,1554,1554,-1,-1,0
2187,290,40,1555,1555,0,-1,0
2188,320,49,1581,1581,-1,0,0
2189,306,59,1595,1595,0,0,0
2190,246,66,1584,1584,0,0,0
2191,186,72,1569,1569,0,0,0
2192,135,75,1574,1574,1,1,0
2193,125,77,1585,1585,0,1,0
2194,133,79,1612,1612,1,1,0
2195,125,82,1608,1608,0,0,0
2196,73,85,1594,1594,0,1,0
2197,-52,83,1568,1568,2,2,0
2198,-140,81,1525,1525,0,1,0
2199,-258,73,-1528,-1528,1,1,0
2200,-282,63,-1559,-1559,0,0,0
2201,-276,53,-1545,-1545,1,2,0
2202,-280,42,-1560,-1560,0,1,0
2203,-201,34,-1541,-1541,0,0,0
2204,-115,29,-1514,-1514,0,0,0
2205,-73,25,-1507,-1507,0,0,0
2206,2,23,1521,1521,0,0,0
2207,60,23,1543,1543,0,0,0
2208,76,25,1547,1547,0,0,0
2209,49,26,1531,1531,0,0,0
2210,33,26,1519,1519,0,0,0
2211,42,26,1521,1521,0,0,0
2212,56,26,1536,1536,1,0,0
2213,49,28,1550,1550,1,1,0
2214,-14,26,1513,1513,0,0,0
2215,-80,24,-1516,-1516,1,0,0
2216,-85,20,-1527,-1527,0,0,0
2217,-80,17,-1533,-1533,0,0,0
2218,-103,12,-1553,-1553,0,0,0
2219,-55,9,-1537,-1537,0,0,0
2220,20,9,-1514,-1514,0,-1,0
2221,47,10,-1501,-1501,0,0,0
2222,43,10,-1514,-1514,-1,0,0
2223,42,10,-1523,-1523,0,-1,0
2224,34,11,-1534,-1534,0,-1,0
2225,8,10,-1563,-1563,-1,-1,0
2226,-3,9,-1574,-1574,-1,0,0
2227,14,8,-1570,-1570,0,-1,0
2228,36,6,-1564,-1564,-1,0,0
2229,146,7,-1513,-1513,0,-1,0
2230,221,15,1508,1508,-1,-2,0
2231,172,19,-1521,-1521,-1,-1,0
2232,210,22,1504,1504,-1,0,0
2233,320,32,1568,1568,0,-1,0
2234,314,42,1567,1567,-1,-1,0
2235,251,49,1557,1557,0,0,0
2236,217,55,1556,1556,0,0,0
2237,193,61,1560,1560,0,0,0
2238,139,65,1555,1555,0,1,0
2239,92,66,1539,1539,0,0,0
2240,90,67,1563,1563,1,1,0
2241,96,69,1567,1567,0,0,0
2242,82,71,1573,1573,0,1,0
2243,53,71,1578,1578,1,1,0
2244,35,71,1585,1585,1,1,0
2245,10,72,1576,1576,0,1,0
2246,-118,72,1527,1527,1,1,0
2247,-302,60,-1580,-1580,0,0,0
2248,-254,50,-1544,-1544,1,2,0
2249,-202,43,-1527,-1527,0,1,0
2250,-230,36,-1548,-1548,1,0,0
2251,-245,26,-1565,-1565,0,1,0
2252,-163,19,-1543,-1543,0,0,0
2253,-55,15,-1504,-1504,0,0,0
2254,42,14,1524,1524,0,-1,0
2255,85,16,1532,1532,-1,0,0
2256,56,18,1517,1517,0,0,0
2257,19,17,-1503,-1503,0,0,0
2258,22,16,1506,1506,1,0,0
2259,41,17,1513,1513,0,0,0
2260,32,17,1506,1506,0,0,0
2261,24,17,1510,1510,1,0,0
2262,32,17,1511,1511,0,0,0
2263,27,17,1505,1505,0,0,0
2264,-10,16,-1515,-1515,0,0,0
2265,-57,13,-1532,-1532,1,0,0
2266,-26,11,-1521,-1521,0,0,0
2267,-18,10,-1523,-1523,0,0,0
2268,-19,8,-1526,-1526,0,0,0
2269,35,8,-1513,-1513,-1,0,0
2270,46,9,-1507,-1507,0,0,0
2271,18,9,-1531,-1531,0,-1,0
2272,8,8,-1536,-1536,0,0,0
2273,3,7,-1557,-1557,-1,-1,0
2274,-4,6,-1577,-1577,-1,-1,0
2275,3,5,-1569,-1569,0,0,0
2276,14,5,-1568,-1568,0,-1,0
2277,14,4,-1572,-1572,-1,0,0
2278,34,1,-1569,-1569,0,-1,0
2279,172,4,-1512,-1512,-1,-1,0
2280,204,11,0,0,-1,-1,0
2281,148,14,-1535,-1535,-1,-1,0
2282,224,18,-1502,-1502,-1,-1,0
2283,353,28,1574,1574,0,-1,0
2284,332,39,1567,1567,-1,-1,0
2285,279,45,1550,1550,0,-1,0
2286,333,54,1589,1589,-1,0,0
2287,330,64,1609,1609,0,0,0
2288,268,73,1598,1598,0,0,0
2289,200,79,1591,1591,1,0,0
2290,139,82,1579,1579,0,1,0
2291,118,84,1585,1585,1,0,0
2292,127,86,1613,1613,0,2,0
2293,126,90,1633,1633,1,1,0
2294,47,92,1593,1593,0,0,0
2295,-119,87,1534,1534,2,1,0
2296,-183,84,1513,1513,0,2,0
2297,-283,76,-1533,-1533,1,1,0
2298,-321,65,-1553,-1553,1,1,0
2299,-332,53,-1572,-1572,0,1,0
2300,-342,41,-1591,-1591,0,1,0
2301,-254,31,-1561,-1561,1,0,0
2302,-150,24,-1528,-1528,0,0,0
2303,-46,20,1518,1518,0,1,0
2304,50,20,1544,1544,-1,0,0
2305,96,22,1562,1562,0,0,0
2306,86,24,1564,1564,1,0,0
2307,52,25,1552,1552,1,0,0
2308,38,24,1539,1539,0,0,0
2309,52,26,1550,1550,0,1,0
2310,1,26,1529,1529,1,0,0
2311,-110,23,-1532,-1532,0,0,0
2312,-162,16,-1560,-1560,0,1,0
2313,-97,12,-1529,-1529,1,0,0
2314,-70,9,-1525,-1525,0,0,0
2315,-90,4,-1555,-1555,-1,0,0
2316,4,3,-1525,-1525,0,-1,0
2317,75,5,1510,1510,0,0,0
2318,59,7,-1517,-1517,-1,-1,0
2319,27,6,-1531,-1531,0,0,0
2320,30,6,-1528,-1528,0,0,0
2321,21,6,-1541,-1541,0,-1,0
2322,-2,5,-1570,-1570,-1,-1,0
2323,8,4,-1570,-1570,-1,0,0
2324,30,4,-1563,-1563,0,-1,0
2325,27,4,-1579,-1579,-1,-1,0
2326,64,2,-1553,-1553,0,0,0
2327,159,7,-1506,-1506,0,-1,0
2328,147,10,-1521,-1521,-1,-1,0
2329,178,13,-1514,-1514,-1,-1,0
2330,277,21,1533,1533,-1,-1,0
2331,305,30,1557,1557,-1,0,0
2332,304,37,1566,1566,0,-1,0
2333,326,47,1577,1577,-1,-1,0
2334,308,56,1591,1591,0,0,0
2335,253,64,1581,1581,0,0,0
2336,196,69,1569,1569,0,0,0
2337,139,73,1573,1573,1,1,0
2338,93,74,1565,1565,0,1,0
2339,90,76,1567,1567,0,0,0
2340,93,77,1590,1590,1,1,0
2341,71,79,1589,1589,0,1,0
2342,31,79,1596,1596,2,1,0
2343,-54,79,1557,1557,0,1,0
2344,-211,74,-1520,-1520,1,0,0
2345,-296,63,-1570,-1570,0,1,0
2346,-253,54,-1546,-1546,1,1,0
2347,-250,44,-1554,-1554,0,1,0
2348,-192,36,-1535,-1535,0,1,0
2349,-100,32,-1505,-1505,0,0,0
2350,-31,29,1517,1517,0,0,0
2351,32,28,1530,1530,-1,0,0
2352,71,29,1546,1546,0,0,0
2353,67,31,1542,1542,0,0,0
2354,32,31,1522,1522,0,0,0
2355,3,30,1505,1505,0,0,0
2356,9,30,1515,1515,1,0,0
2357,20,29,1517,1517,0,0,0
2358,6,29,1506,1506,0,0,0
2359,0,28,1519,1519,1,1,0
2360,-24,26,1512,1512,1,0,0
2361,-97,22,-1531,-1531,0,0,0
2362,-77,19,-1530,-1530,0,0,0
2363,-58,17,-1518,-1518,1,0,0
2364,-92,12,-1544,-1544,0,0,0
2365,-34,10,-1532,-1532,0,-1,0
2366,32,10,-1503,-1503,0,0,0
2367,53,11,-1503,-1503,-1,0,0
2368,39,11,-1520,-1520,0,-1,0
2369,31,11,-1531,-1531,0,-1,0
2370,21,11,-1543,-1543,0,-1,0
2371,0,10,-1560,-1560,-1,0,0
2372,8,9,-1572,-1572,-1,-1,0
2373,33,9,-1554,-1554,0,0,0
2374,87,7,-1543,-1543,-1,-1,0
2375,202,13,1515,1515,0,-1,0
2376,184,19,1511,1511,0,-1,0
2377,138,20,-1521,-1521,-1,-1,0
2378,196,26,1523,1523,0,0,0
2379,202,32,1530,1530,0,-1,0
2380,144,37,1516,1516,0,0,0
2381,86,40,-1502,-1502,0,0,0
2382,64,40,-1506,-1506,0,0,0
2383,83,42,0,0,-1,0,0
2384,68,43,0,0,0,0,0
2385,47,43,-1505,-1505,0,0,0
2386,69,44,1501,1501,-1,0,0
2387,49,46,-1503,-1503,0,0,0
2388,14,44,-1516,-1516,0,0,0
2389,39,44,-1501,-1501,0,0,0
2390,30,45,-1501,-1501,0,0,0
2391,-4,43,-1517,-1517,0,0,0
2392,50,43,1501,1501,-1,0,0
2393,96,46,1529,1529,0,0,0
2394,64,46,1517,1517,0,0,0
2395,73,48,1525,1525,0,0,0
2396,61,49,1522,1522,0,0,0
2397,30,48,1519,1519,0,1,0
2398,27,48,1527,1527,1,0,0
2399,32,48,1527,1527,0,0,0
2400,29,48,1535,1535,0,1,0
2401,33,48,1544,1544,0,1,0
2402,45,48,1566,1566,1,1,0
2403,42,48,1578,1578,1,1,0
2404,19,48,1558,1558,0,0,0
2405,-14,49,1556,1556,1,1,0
2406,-103,46,1501,1501,0,0,0
2407,-119,40,1510,1510,1,2,0
2408,-65,37,1521,1521,0,0,0
2409,-85,35,1522,1522,1,1,0
2410,-206,28,-1534,-1534,1,1,0
2411,-292,17,-1578,-1578,1,1,0
2412,-238,9,-1562,-1562,0,1,0
2413,-228,2,-1578,-1578,0,0,0
2414,-226,-6,-1597,-1597,0,0,0
2415,-148,-13,-1575,-1575,0,0,0
2416,-38,-17,-1532,-1532,0,0,0
2417,58,-16,-1502,-1502,0,-1,0
2418,67,-14,-1519,-1519,-1,-1,0
2419,22,-14,-1541,-1541,0,0,0
2420,-7,-15,-1586,-1586,-2,-1,0
2421,8,-16,-1574,-1574,0,0,0
2422,26,-16,-1582,-1582,-1,-1,0
2423,44,-17,-1589,-1589,0,-2,0
2424,98,-18,-1565,-1565,-1,0,0
2425,211,-12,-1517,-1517,-1,-1,0
2426,260,-5,1504,1504,-1,-1,0
2427,297,1,1511,1511,-1,-2,0
2428,393,11,1571,1571,0,-1,0
2429,440,25,1610,1610,-1,0,0
2430,396,37,1603,1603,0,-1,0
2431,336,47,1597,1597,0,0,0
2432,277,55,1587,1587,0,0,0
2433,218,61,1584,1584,0,1,0
2434,157,66,1565,1565,0,0,0
2435,92,68,1550,1550,1,0,0
2436,53,68,1544,1544,0,1,0
2437,48,68,1562,1562,1,1,0
2438,44,69,1568,1568,0,1,0
2439,16,70,1581,1581,2,1,0
2440,-104,68,1516,1516,0,0,0
2441,-223,60,-1536,-1536,1,1,0
2442,-226,52,-1544,-1544,0,1,0
2443,-206,44,-1531,-1531,1,1,0
2444,-216,37,-1543,-1543,0,1,0
2445,-212,29,-1559,-1559,0,0,0
2446,-127,22,-1534,-1534,0,0,0
2447,-22,19,1507,1507,0,0,0
2448,60,20,1541,1541,0,0,0
2449,58,21,1536,1536,0,0,0
2450,47,21,1527,1527,0,0,0
2451,43,22,1532,1532,1,0,0
2452,29,23,1531,1531,1,0,0
2453,-35,21,-1507,-1507,0,0,0
2454,-52,18,-1522,-1522,0,0,0
2455,-36,17,-1508,-1508,1,0,0
2456,-75,13,-1536,-1536,0,0,0
2457,-64,9,-1538,-1538,0,0,0
2458,21,9,-1502,-1502,0,0,0
2459,56,10,1504,1504,-1,0,0
2460,37,11,-1516,-1516,0,-1,0
2461,27,10,-1520,-1520,0,0,0
2462,29,10,-1518,-1518,0,0,0
2463,11,10,-1537,-1537,0,-1,0
2464,1,9,-1551,-1551,0,-1,0
2465,20,9,-1548,-1548,-1,0,0
2466,24,9,-1552,-1552,-1,0,0
2467,11,8,-1564,-1564,0,-1,0
2468,14,7,-1557,-1557,0,0,0
2469,24,5,-1570,-1570,-1,-1,0
2470,122,5,-1525,-1525,0,-1,0
2471,210,12,1521,1521,0,-1,0
2472,157,17,-1512,-1512,-1,-1,0
2473,132,18,-1523,-1523,-1,0,0
2474,213,24,1511,1511,-1,-1,0
2475,230,31,1528,1528,0,-1,0
2476,202,37,1511,1511,-1,-1,0
2477,208,41,1530,1530,0,0,0
2478,261,49,1574,1574,0,0,0
2479,212,56,1565,1565,0,0,0
2480,144,60,1545,1545,0,0,0
2481,96,61,1539,1539,0,1,0
2482,93,63,1552,1552,0,1,0
2483,103,64,1570,1570,1,0,0
2484,105,67,1582,1582,0,1,0
2485,89,68,1595,1595,1,1,0
2486,67,70,1600,1600,1,1,0
2487,37,71,1589,1589,0,1,0
2488,-22,73,1576,1576,1,1,0
2489,-215,66,-1522,-1522,0,1,0
2490,-300,55,-1573,-1573,1,0,0
2491,-234,46,-1539,-1539,0,2,0
2492,-217,40,-1528,-1528,1,1,0
2493,-276,29,-1568,-1568,1,0,0
2494,-204,21,-1554,-1554,0,0,0
2495,-97,15,-1518,-1518,0,0,0
2496,4,13,1520,1520,0,0,0
2497,67,14,1545,1545,0,0,0
2498,76,16,1545,1545,0,0,0
2499,45,17,1525,1525,0,0,0
2500,22,16,1510,1510,0,0,0
2501,27,16,1508,1508,0,0,0
2502,-12,15,1506,1506,1,1,0
2503,-47,12,-1519,-1519,0,0,0
2504,-24,12,-1513,-1513,0,0,0
2505,-53,9,-1533,-1533,0,0,0
2506,-60,5,-1543,-1543,0,0,0
2507,5,4,-1527,-1527,0,-1,0
2508,64,6,1502,1502,0,0,0
2509,42,7,-1518,-1518,-1,0,0
2510,17,6,-1530,-1530,0,0,0
2511,22,5,-1537,-1537,0,-1,0
2512,13,5,-1539,-1539,0,0,0
2513,-5,4,-1548,-1548,0,0,0
2514,13,3,-1558,-1558,-1,-1,0
2515,25,3,-1567,-1567,-1,-1,0
2516,13,3,-1567,-1567,0,0,0
2517,4,2,-1576,-1576,0,-1,0
2518,14,1,-1576,-1576,-1,0,0
2519,19,0,-1568,-1568,0,0,0
2520,97,0,-1545,-1545,-1,-1,0
2521,195,5,-1505,-1505,0,-2,0
2522,163,9,-1526,-1526,-2,0,0
2523,184,12,-1512,-1512,0,-1,0
2524,292,20,1539,1539,-1,-1,0
2525,317,30,1563,1563,0,-1,0
2526,311,37,1559,1559,-1,-1,0
2527,336,47,1594,1594,0,0,0
2528,300,57,1596,1596,0,0,0
2529,239,64,1583,1583,0,0,0
2530,175,69,1565,1565,0,0,0
2531,117,71,1556,1556,0,1,0
2532,103,73,1574,1574,1,1,0
2533,106,75,1588,1588,0,1,0
2534,94,77,1603,1603,1,1,0
2535,42,78,1575,1575,0,0,0
2536,-65,76,1557,1557,2,2,0
2537,-164,74,1509,1509,0,1,0
2538,-282,63,-1547,-1547,1,1,0
2539,-268,53,-1561,-1561,0,0,0
2540,-261,44,-1545,-1545,1,2,0
2541,-244,35,-1558,-1558,0,0,0
2542,-207,27,-1548,-1548,0,1,0
2543,-132,21,-1529,-1529,0,0,0
2544,-30,18,1508,1508,0,0,0
2545,46,18,1538,1538,0,0,0
2546,55,18,1537,1537,0,0,0
2547,66,19,1538,1538,0,0,0
2548,42,20,1522,1522,0,0,0
2549,19,19,1518,1518,1,0,0
2550,45,20,1536,1536,1,0,0
2551,-3,20,1507,1507,0,0,0
2552,-66,16,-1531,-1531,0,0,0
2553,-25,15,-1506,-1506,1,0,0
2554,-40,13,-1519,-1519,0,0,0
2555,-73,9,-1542,-1542,0,0,0
2556,-6,8,-1517,-1517,0,0,0
2557,58,9,1513,1513,0,0,0
2558,65,10,-1505,-1505,-1,-1,0
2559,52,10,-1510,-1510,0,0,0
2560,54,11,-1507,-1507,0,0,0
2561,41,12,-1522,-1522,0,-1,0
2562,15,11,-1533,-1533,0,0,0
2563,22,11,-1548,-1548,-1,-1,0
2564,36,11,-1546,-1546,-1,0,0
2565,31,11,-1553,-1553,0,-1,0
2566,25,11,-1550,-1550,0,0,0
2567,29,11,-1553,-1553,0,-1,0
2568,43,8,-1553,-1553,-1,0,0
2569,162,11,1503,1503,0,-1,0
2570,205,18,1518,1518,-1,-1,0
2571,142,22,-1510,-1510,0,-1,0
2572,140,23,-1511,-1511,-1,0,0
2573,216,30,1522,1522,-1,-1,0
2574,214,37,1538,1538,0,0,0
2575,164,42,1518,1518,0,-1,0
2576,148,43,1521,1521,0,0,0
2577,228,50,1573,1573,0,0,0
2578,196,56,1571,1571,0,0,0
2579,130,60,1558,1558,0,1,0
2580,79,61,1538,1538,0,0,0
2581,73,62,1548,1548,0,1,0
2582,82,63,1554,1554,0,0,0
2583,81,65,1576,1576,1,1,0
2584,60,66,1584,1584,1,1,0
2585,26,66,1573,1573,0,1,0
2586,-7,67,1570,1570,1,1,0
2587,-105,65,1523,1523,0,1,0
2588,-258,56,-1556,-1556,1,0,0
2589,-299,45,-1576,-1576,0,2,0
2590,-213,36,-1532,-1532,1,1,0
2591,-156,31,-1522,-1522,0,0,0
2592,-169,25,-1534,-1534,1,0,0
2593,-109,19,-1531,-1531,-1,0,0
2594,-7,17,1510,1510,0,0,0
2595,63,17,1538,1538,0,0,0
2596,71,19,1538,1538,0,0,0
2597,36,19,1518,1518,0,0,0
2598,20,19,1517,1517,1,0,0
2599,34,19,1519,1519,0,0,0
2600,12,19,1505,1505,0,0,0
2601,-54,17,-1511,-1511,1,1,0
2602,-62,14,-1523,-1523,0,0,0
2603,-55,11,-1528,-1528,0,0,0
2604,-59,8,-1547,-1547,0,-1,0
2605,-32,6,-1538,-1538,0,0,0
2606,35,6,-1507,-1507,0,0,0
2607,50,7,-1510,-1510,-1,0,0
2608,31,7,-1529,-1529,0,-1,0
2609,27,7,-1529,-1529,0,0,0
2610,17,7,-1552,-1552,-1,-1,0
2611,-6,6,-1580,-1580,-1,-1,0
2612,-3,5,-1573,-1573,0,0,0
2613,12,4,-1580,-1580,-1,-1,0
2614,17,3,-1581,-1581,0,-1,0
2615,52,0,-1579,-1579,-1,-1,0
2616,202,5,-1502,-1502,0,-1,0
2617,217,12,-1508,-1508,-2,-1,0
2618,202,17,-1518,-1518,-1,-1,0
2619,270,22,1524,1524,0,-1,0
2620,373,34,1578,1578,-1,-1,0
2621,349,44,1580,1580,0,-1,0
2622,321,53,1579,1579,-1,0,0
2623,294,62,1577,1577,-1,0,0
2624,233,69,1578,1578,1,0,0
2625,169,74,1581,1581,1,1,0
2626,113,76,1560,1560,0,0,0
2627,99,77,1568,1568,0,1,0
2628,104,79,1593,1593,1,1,0
2629,92,81,1598,1598,0,1,0
2630,35,81,1578,1578,1,0,0
2631,-63,78,1544,1544,1,1,0
2632,-122,76,1535,1535,1,2,0
2633,-221,71,-1506,-1506,1,1,0
2634,-319,60,-1566,-1566,0,1,0
2635,-305,49,-1571,-1571,1,0,0
2636,-293,38,-1576,-1576,0,1,0
2637,-225,29,-1553,-1553,0,1,0
2638,-126,23,-1522,-1522,0,0,0
2639,-23,20,1515,1515,0,0,0
2640,66,20,1551,1551,0,0,0
2641,104,22,1565,1565,0,0,0
2642,84,24,1562,1562,0,1,0
2643,50,25,1540,1540,0,0,0
2644,43,26,1543,1543,1,0,0
2645,-21,27,1517,1517,1,0,0
2646,-116,21,-1531,-1531,0,1,0
2647,-71,18,-1509,-1509,1,0,0
2648,-81,16,-1523,-1523,0,0,0
2649,-145,9,-1565,-1565,0,0,0
2650,-75,5,-1541,-1541,0,0,0
2651,32,4,1505,1505,0,0,0
2652,86,7,1520,1520,0,-1,0
2653,58,8,1505,1505,0,0,0
2654,35,8,-1507,-1507,0,0,0
2655,34,8,-1508,-1508,0,0,0
2656,26,8,-1513,-1513,0,0,0
2657,16,7,-1529,-1529,-1,0,0
2658,23,7,-1535,-1535,0,-1,0
2659,33,8,-1528,-1528,0,0,0
2660,23,7,-1531,-1531,0,0,0
2661,13,7,-1534,-1534,0,0,0
2662,15,6,-1553,-1553,-1,-1,0
2663,14,6,-1559,-1559,0,-1,0
2664,12,5,-1565,-1565,-1,0,0
2665,18,5,-1557,-1557,0,0,0
2666,11,4,-1577,-1577,-1,-1,0
2667,32,2,-1561,-1561,0,0,0
2668,126,5,-1527,-1527,-1,-1,0
2669,130,9,-1523,-1523,0,-1,0
2670,107,9,-1556,-1556,-2,-1,0
2671,204,14,-1503,-1503,0,-1,0
2672,269,22,1538,1538,-1,0,0
2673,282,29,1552,1552,0,-1,0
2674,319,37,1569,1569,-1,-1,0
2675,319,47,1590,1590,0,0,0
2676,264,55,1581,1581,0,0,0
2677,203,61,1567,1567,0,0,0
2678,142,65,1559,1559,0,1,0
2679,87,66,1538,1538,0,0,0
2680,74,67,1556,1556,1,1,0
2681,75,68,1557,1557,0,0,0
2682,60,69,1571,1571,1,1,0
2683,28,69,1563,1563,0,1,0
2684,3,69,1567,1567,1,1,0
2685,-86,69,1537,1537,1,1,0
2686,-245,60,-1536,-1536,1,1,0
2687,-250,51,-1557,-1557,0,0,0
2688,-215,43,-1547,-1547,0,1,0
2689,-230,35,-1551,-1551,1,1,0
2690,-209,27,-1559,-1559,0,0,0
2691,-118,21,-1520,-1520,0,1,0
2692,-16,18,1508,1508,-1,0,0
2693,68,19,1543,1543,0,0,0
2694,82,21,1547,1547,0,0,0
2695,44,21,1525,1525,0,0,0
2696,37,21,1517,1517,0,0,0
2697,47,23,1520,1520,0,0,0
2698,18,23,1505,1505,0,0,0
2699,1,21,-1507,-1507,0,0,0
2700,31,21,1505,1505,0,0,0
2701,12,21,-1506,-1506,0,0,0
2702,-6,19,-1518,-1518,0,0,0
2703,49,19,1508,1508,0,0,0
2704,84,21,1525,1525,0,0,0
2705,53,22,1511,1511,0,0,0
2706,37,22,1503,1503,0,0,0
2707,52,22,1509,1509,0,0,0
2708,57,23,1513,1513,0,0,0
2709,47,24,1518,1518,1,0,0
2710,45,24,1526,1526,0,1,0
2711,46,25,1524,1524,0,0,0
2712,14,25,1506,1506,0,0,0
2713,-5,24,1503,1503,1,0,0
2714,-53,21,-1515,-1515,1,0,0
2715,-69,18,-1530,-1530,0,0,0
2716,-50,16,-1527,-1527,0,0,0
2717,-60,13,-1528,-1528,1,0,0
2718,-48,10,-1539,-1539,0,-1,0
2719,6,9,-1516,-1516,0,0,0
2720,34,10,-1513,-1513,-1,0,0
2721,41,10,-1520,-1520,0,-1,0
2722,35,10,-1531,-1531,0,-1,0
2723,23,10,-1544,-1544,0,-1,0
2724,-2,10,-1562,-1562,-1,0,0
2725,-8,8,-1581,-1581,-1,-1,0
2726,17,7,-1563,-1563,0,0,0
2727,65,5,-1546,-1546,0,-1,0
2728,184,9,1502,1502,-1,-1,0
2729,187,15,1508,1508,0,-1,0
2730,138,17,-1525,-1525,-1,-1,0
2731,178,22,1509,1509,0,0,0
2732,199,28,1514,1514,-1,-1,0
2733,141,32,-1509,-1509,0,-1,0
2734,111,35,-1520,-1520,-1,0,0
2735,121,38,-1503,-1503,0,0,0
2736,120,41,1508,1508,0,0,0
2737,81,42,-1512,-1512,0,-1,0
2738,99,44,1505,1505,0,0,0
2739,115,47,1524,1524,0,0,0
2740,67,49,1507,1507,0,0,0
2741,33,48,1505,1505,0,1,0
2742,54,48,1517,1517,0,0,0
2743,47,49,1526,1526,0,1,0
2744,36,49,1531,1531,0,1,0
2745,35,49,1528,1528,0,0,0
2746,39,49,1529,1529,0,0,0
2747,43,49,1551,1551,1,1,0
2748,49,50,1570,1570,1,1,0
2749,35,50,1566,1566,0,1,0
2750,7,50,1555,1555,0,1,0
2751,-38,50,1537,1537,1,0,0
2752,-111,46,1501,1501,0,1,0
2753,-117,40,1504,1504,1,1,0
2754,-73,37,1522,1522,0,1,0
2755,-130,34,1503,1503,1,1,0
2756,-290,23,-1576,-1576,1,1,0
2757,-262,14,-1574,-1574,0,1,0
2758,-220,7,-1553,-1553,1,1,0
2759,-221,0,-1574,-1574,0,0,0
2760,-236,-9,-1602,-1602,0,0,0
2761,-169,-17,-1586,-1586,0,0,0
2762,-60,-21,-1546,-1546,0,0,0
2763,38,-21,-1524,-1524,-1,-1,0
2764,54,-19,-1528,-1528,0,-1,0
2765,14,-19,-1557,-1557,-1,0,0
2766,-19,-21,-1593,-1593,-1,-1,0
2767,-20,-22,-1601,-1601,0,-1,0
2768,-5,-24,-1610,-1610,-1,-1,0
2769,18,-26,-1614,-1614,-1,-1,0
2770,94,-28,-1581,-1581,0,-1,0
2771,246,-21,-1522,-1522,-2,-1,0
2772,306,-12,1508,1508,-1,-1,0
2773,340,-3,1536,1536,0,-1,0
2774,414,6,1575,1575,-1,-1,0
2775,454,20,1591,1591,-2,-1,0
2776,413,32,1589,1589,0,-1,0
2777,351,43,1585,1585,0,0,0
2778,289,51,1576,1576,0,0,0
2779,229,58,1565,1565,0,0,0
2780,163,63,1577,1577,2,1,0
2781,95,65,1549,1549,0,0,0
2782,50,65,1550,1550,1,1,0
2783,47,65,1557,1557,0,1,0
2784,46,66,1565,1565,1,0,0
2785,12,67,1556,1556,0,1,0
2786,-131,65,1511,1511,2,1,0
2787,-259,55,-1559,-1559,0,1,0
2788,-222,46,-1538,-1538,1,1,0
2789,-203,39,-1546,-1546,0,0,0
2790,-227,31,-1575,-1575,0,0,0
2791,-165,23,-1549,-1549,0,1,0
2792,-69,19,-1514,-1514,0,0,0
2793,30,18,1516,1516,0,-1,0
2794,99,20,1547,1547,0,0,0
2795,88,23,1541,1541,0,0,0
2796,51,23,1510,1510,-1,0,0
2797,49,23,1519,1519,1,0,0
2798,60,24,1533,1533,0,1,0
2799,60,25,1541,1541,0,1,0
2800,63,27,1539,1539,0,0,0
2801,14,28,1524,1524,0,1,0
2802,-65,24,-1522,-1522,0,0,0
2803,-19,22,1503,1503,1,0,0
2804,-10,22,1513,1513,0,1,0
2805,-71,19,-1524,-1524,0,0,0
2806,-79,14,-1538,-1538,0,0,0
2807,-32,12,-1502,-1502,1,1,0
2808,-26,11,-1515,-1515,0,-1,0
2809,-42,8,-1530,-1530,0,0,0
2810,51,8,1511,1511,0,0,0
2811,98,10,1523,1523,0,-1,0
2812,67,12,1508,1508,0,0,0
2813,44,12,-1503,-1503,0,0,0
2814,48,12,1509,1509,1,0,0
2815,45,13,1506,1506,0,0,0
2816,-5,12,-1521,-1521,0,0,0
2817,6,11,-1518,-1518,0,0,0
2818,48,12,1502,1502,0,0,0
2819,-2,11,-1523,-1523,0,0,0
2820,-27,9,-1538,-1538,0,0,0
2821,38,9,-1508,-1508,0,0,0
2822,58,11,1503,1503,0,0,0
2823,36,11,-1508,-1508,0,0,0
2824,19,10,-1517,-1517,0,0,0
2825,13,10,-1531,-1531,0,-1,0
2826,-3,9,-1538,-1538,0,0,0
2827,-1,8,-1537,-1537,0,0,0
2828,12,8,-1530,-1530,0,0,0
2829,2,7,-1545,-1545,-1,0,0
2830,-17,6,-1572,-1572,-1,-1,0
2831,-19,4,-1569,-1569,0,0,0
2832,-13,3,-1574,-1574,0,-1,0
2833,-9,2,-1568,-1568,0,0,0
2834,-16,0,-1589,-1589,-1,-1,0
2835,15,-2,-1571,-1571,0,0,0
2836,105,0,-1540,-1540,-1,-1,0
2837,99,2,-1543,-1543,0,-1,0
2838,79,2,-1574,-1574,-2,-1,0
2839,152,5,-1534,-1534,0,-1,0
2840,219,11,1505,1505,-1,0,0
2841,251,17,1507,1507,-1,-2,0
2842,319,25,1551,1551,0,-1,0
2843,347,35,1567,1567,-2,0,0
2844,307,45,1561,1561,0,-1,0
2845,240,52,1549,1549,0,0,0
2846,175,57,1535,1535,0,0,0
2847,113,60,1527,1527,0,1,0
2848,78,60,1526,1526,1,0,0
2849,77,61,1551,1551,1,1,0
2850,72,62,1559,1559,0,1,0
2851,50,63,1558,1558,1,0,0
2852,34,62,1557,1557,0,1,0
2853,48,63,1581,1581,1,1,0
2854,-1,63,1570,1570,1,1,0
2855,-91,61,1536,1536,1,1,0
2856,-194,56,-1517,-1517,0,1,0
2857,-247,47,-1542,-1542,1,1,0
2858,-223,39,-1550,-1550,0,0,0
2859,-238,29,-1555,-1555,1,1,0
2860,-187,22,-1540,-1540,0,1,0
2861,-95,17,-1512,-1512,0,0,0
2862,3,16,1524,1524,0,0,0
2863,62,16,1536,1536,-1,0,0
2864,85,17,1543,1543,0,0,0
2865,102,20,1550,1550,0,0,0
2866,61,22,1549,1549,1,1,0
2867,5,21,1515,1515,0,0,0
2868,26,21,1520,1520,0,0,0
2869,25,22,1516,1516,0,0,0
2870,-63,18,-1503,-1503,2,1,0
2871,-98,14,-1532,-1532,0,0,0
2872,-53,13,-1516,-1516,0,0,0
2873,-83,8,-1541,-1541,0,0,0
2874,-70,4,-1543,-1543,0,0,0
2875,12,3,-1519,-1519,0,-1,0
2876,72,5,1509,1509,0,0,0
2877,57,6,1502,1502,0,0,0
2878,30,6,-1522,-1522,0,-1,0
2879,24,6,-1525,-1525,0,0,0
2880,28,6,-1522,-1522,0,0,0
2881,14,6,-1539,-1539,0,-1,0
2882,14,5,-1538,-1538,0,0,0
2883,27,5,-1539,-1539,0,-1,0
2884,23,5,-1549,-1549,-1,0,0
2885,21,4,-1556,-1556,0,-1,0
2886,17,3,-1564,-1564,-1,0,0
2887,63,2,-1538,-1538,0,0,0
2888,154,6,1505,1505,0,-1,0
2889,139,10,-1513,-1513,-1,-1,0
2890,126,12,-1520,-1520,0,-1,0
2891,177,17,1507,1507,0,-1,0
2892,159,22,1512,1512,0,0,0
2893,112,23,-1502,-1502,0,0,0
2894,142,27,1512,1512,0,-1,0
2895,120,31,1512,1512,0,0,0
2896,53,33,-1514,-1514,0,0,0
2897,4,31,-1534,-1534,0,0,0
2898,36,32,-1514,-1514,0,0,0
2899,30,32,-1514,-1514,0,0,0
2900,4,32,-1534,-1534,-1,0,0
2901,0,30,-1533,-1533,0,0,0
2902,36,29,-1514,-1514,0,0,0
2903,65,31,-1506,-1506,-1,0,0
2904,35,31,-1537,-1537,-1,-1,0
2905,48,30,-1524,-1524,0,0,0
2906,115,34,1506,1506,-1,0,0
2907,125,36,1510,1510,0,-1,0
2908,140,38,1526,1526,0,0,0
2909,168,44,1550,1550,-1,1,0
2910,121,47,1535,1535,0,0,0
2911,73,48,1527,1527,0,1,0
2912,71,49,1538,1538,1,0,0
2913,79,50,1553,1553,0,1,0
2914,63,51,1545,1545,0,0,0
2915,36,51,1540,1540,0,1,0
2916,24,50,1551,1551,1,1,0
2917,21,50,1554,1554,0,1,0
2918,8,50,1561,1561,1,1,0
2919,-27,51,1547,1547,1,0,0
2920,-119,46,0,0,0,1,0
2921,-127,40,1502,1502,1,1,0
2922,-84,37,1520,1520,0,1,0
2923,-186,32,-1535,-1535,0,1,0
2924,-283,21,-1592,-1592,1,0,0
2925,-218,14,-1567,-1567,0,1,0
2926,-196,6,-1575,-1575,0,0,0
2927,-128,0,-1557,-1557,0,0,0
2928,-28,-3,-1518,-1518,0,0,0
2929,56,-2,1506,1506,0,-1,0
2930,74,-1,1503,1503,-1,0,0
2931,35,0,-1516,-1516,0,0,0
2932,20,-1,-1525,-1525,0,0,0
2933,42,0,-1525,-1525,0,-1,0
2934,51,0,-1520,-1520,0,0,0
2935,43,0,-1543,-1543,-1,-1,0
2936,35,0,-1542,-1542,0,0,0
2937,32,0,-1551,-1551,0,-1,0
2938,44,0,-1561,-1561,-2,0,0
2939,70,1,-1550,-1550,0,-1,0
2940,71,1,-1553,-1553,-1,0,0
2941,135,2,-1524,-1524,0,-1,0
2942,247,9,1524,1524,-1,-1,0
2943,293,17,1544,1544,-1,-1,0
2944,332,25,1561,1561,-1,-1,0
2945,355,35,1594,1594,0,0,0
2946,317,45,1596,1596,0,0,0
2947,256,52,1583,1583,0,0,0
2948,195,58,1576,1576,1,0,0
2949,132,62,1565,1565,1,0,0
2950,68,64,1548,1548,0,1,0
2951,29,63,1539,1539,1,0,0
2952,54,63,1579,1579,1,2,0
2953,84,65,1591,1591,0,0,0
2954,68,66,1608,1608,2,1,0
2955,14,70,1577,1577,0,0,0
2956,-204,64,-1520,-1520,1,1,0
2957,-302,52,-1557,-1557,1,2,0
2958,-223,44,-1540,-1540,0,0,0
2959,-222,38,-1525,-1525,2,1,0
2960,-281,27,-1577,-1577,0,0,0
2961,-200,19,-1558,-1558,0,0,0
2962,-93,14,-1520,-1520,0,0,0
2963,11,13,1519,1519,0,0,0
2964,48,13,1532,1532,0,0,0
2965,41,13,1524,1524,0,0,0
2966,55,15,1526,1526,0,0,0
2967,46,15,1519,1519,0,0,0
2968,-4,14,1501,1501,1,0,0
2969,-3,13,-1504,-1504,0,0,0
2970,22,13,1514,1514,0,1,0
2971,-3,12,-1504,-1504,0,0,0
2972,-13,10,-1513,-1513,0,0,0
2973,38,11,-1502,-1502,0,-1,0
2974,40,12,-1511,-1511,-1,0,0
2975,20,11,-1521,-1521,0,0,0
2976,23,11,-1519,-1519,0,0,0
2977,12,11,-1534,-1534,0,-1,0
2978,-5,10,-1551,-1551,-1,0,0
2979,3,9,-1565,-1565,-1,-1,0
2980,15,9,-1565,-1565,0,-1,0
2981,8,8,-1561,-1561,0,0,0
2982,-2,7,-1582,-1582,-1,-1,0
2983,2,6,-1573,-1573,0,0,0
2984,18,3,-1583,-1583,-1,-1,0
2985,130,4,-1529,-1529,0,-1,0
2986,230,11,1504,1504,-2,-1,0
2987,196,17,-1505,-1505,0,-1,0
2988,230,21,1507,1507,-1,-1,0
2989,339,31,1582,1582,0,0,0
2990,335,41,1581,1581,-1,-1,0
2991,266,50,1558,1558,0,-1,0
2992,202,56,1544,1544,0,0,0
2993,142,60,1539,1539,0,1,0
2994,95,61,1535,1535,0,1,0
2995,83,62,1544,1544,1,0,0
2996,84,64,1558,1558,0,1,0
2997,65,65,1560,1560,1,0,0
2998,34,64,1553,1553,0,1,0
2999,21,64,1553,1553,0,1,0
3000,28,64,1582,1582,2,1,0
3001,-4,65,1570,1570,0,1,0
3002,-163,62,-1507,-1507,1,0,0
3003,-290,50,-1577,-1577,0,1,0
3004,-216,42,-1548,-1548,0,1,0
3005,-178,36,-1535,-1535,0,1,0
3006,-173,28,-1549,-1549,0,0,0
3007,-98,23,-1524,-1524,0,0,0
3008,-7,22,1510,1510,0,0,0
3009,41,22,1528,1528,0,0,0
3010,51,22,1530,1530,0,0,0
3011,47,23,1514,1514,-1,0,0
3012,27,23,1503,1503,0,0,0
3013,6,23,1502,1502,0,1,0
3014,-6,21,1501,1501,1,0,0
3015,5,20,1503,1503,0,0,0
3016,-2,20,-1505,-1505,0,0,0
3017,-21,18,-1518,-1518,0,0,0
3018,-13,16,-1509,-1509,0,1,0
3019,4,15,-1515,-1515,0,-1,0
3020,27,14,-1506,-1506,0,0,0
3021,64,15,1512,1512,0,0,0
3022,51,16,1506,1506,0,0,0
3023,33,16,-1504,-1504,0,0,0
3024,43,16,0,0,0,0,0
3025,59,17,-1501,-1501,-1,0,0
3026,47,18,-1505,-1505,0,0,0
3027,30,18,-1513,-1513,0,0,0
3028,40,18,-1508,-1508,0,0,0
3029,48,19,-1502,-1502,0,0,0
3030,45,19,-1512,-1512,0,-1,0
3031,41,19,-1522,-1522,-1,0,0
3032,37,19,-1531,-1531,-1,0,0
3033,33,20,-1528,-1528,0,0,0
3034,36,20,-1533,-1533,-1,0,0
3035,38,20,-1538,-1538,0,-1,0
3036,33,20,-1544,-1544,-1,0,0
3037,56,20,-1537,-1537,0,-1,0
3038,82,22,-1527,-1527,-1,0,0
3039,135,25,-1510,-1510,-1,-1,0
3040,150,28,1509,1509,0,0,0
3041,147,31,1507,1507,-1,0,0
3042,158,33,1513,1513,0,-1,0
3043,217,38,1555,1555,0,0,0
3044,243,45,1560,1560,-1,-1,0
3045,188,50,1547,1547,0,0,0
3046,126,53,1548,1548,1,1,0
3047,94,55,1538,1538,0,0,0
3048,88,57,1540,1540,0,0,0
3049,96,59,1568,1568,1,1,0
3050,85,61,1563,1563,0,0,0
3051,55,62,1569,1569,2,0,0
3052,48,61,1571,1571,0,1,0
3053,71,63,1588,1588,1,0,0
3054,73,65,1605,1605,1,1,0
3055,2,67,1585,1585,1,1,0
3056,-138,62,1523,1523,1,1,0
3057,-214,54,-1522,-1522,1,0,0
3058,-250,46,-1538,-1538,1,1,0
3059,-283,38,-1564,-1564,0,1,0
3060,-307,26,-1578,-1578,2,0,0
3061,-220,17,-1548,-1548,0,1,0
3062,-112,11,-1525,-1525,0,-1,0
3063,-36,8,0,0,0,0,0
3064,8,8,1503,1503,0,-1,0
3065,50,8,1519,1519,0,0,0
3066,79,10,1531,1531,0,0,0
3067,70,12,1515,1515,0,-1,0
3068,25,12,1501,1501,1,0,0
3069,1,11,-1513,-1513,0,0,0
3070,18,11,-1507,-1507,0,0,0
3071,8,10,-1514,-1514,0,0,0
3072,-11,9,-1527,-1527,0,0,0
3073,24,9,-1521,-1521,-1,0,0
3074,38,10,-1514,-1514,0,0,0
3075,10,9,-1527,-1527,0,0,0
3076,-5,8,-1545,-1545,0,-1,0
3077,-9,7,-1556,-1556,-1,0,0
3078,-7,6,-1573,-1573,-1,-1,0
3079,-2,5,-1565,-1565,0,0,0
3080,4,3,-1570,-1570,0,-1,0
3081,45,2,-1555,-1555,-1,0,0
3082,72,4,-1545,-1545,0,-1,0
3083,53,4,-1556,-1556,-1,0,0
3084,75,5,-1558,-1558,-1,-1,0
3085,121,7,-1544,-1544,-1,-1,0
3086,172,11,-1526,-1526,-1,-1,0
3087,231,17,1511,1511,0,-1,0
3088,293,24,1549,1549,-1,0,0
3089,333,34,1569,1569,-1,-1,0
3090,321,43,1565,1565,-1,-1,0
3091,289,51,1571,1571,0,0,0
3092,231,58,1552,1552,0,-1,0
3093,169,63,1548,1548,0,1,0
3094,108,66,1539,1539,0,1,0
3095,59,66,1531,1531,1,0,0
3096,49,66,1549,1549,1,1,0
3097,46,67,1547,1547,0,0,0
3098,24,66,1555,1555,1,1,0
3099,18,65,1567,1567,1,1,0
3100,31,66,1578,1578,0,1,0
3101,-6,67,1574,1574,1,1,0
3102,-193,62,-1518,-1518,1,0,0
3103,-310,50,-1575,-1575,1,1,0
3104,-233,42,-1557,-1557,0,0,0
3105,-186,35,-1539,-1539,0,1,0
3106,-186,28,-1546,-1546,0,1,0
3107,-112,22,-1525,-1525,0,0,0
3108,-13,19,1512,1512,0,0,0
3109,66,20,1545,1545,0,0,0
3110,71,22,1534,1534,-1,0,0
3111,32,22,1512,1512,0,0,0
3112,19,21,1502,1502,0,0,0
3113,34,22,1528,1528,1,1,0
3114,11,23,1513,1513,0,0,0
3115,-55,19,-1525,-1525,0,0,0
3116,-21,17,-1514,-1514,0,0,0
3117,-5,17,0,0,0,1,0
3118,-58,14,-1532,-1532,0,0,0
3119,-33,10,-1527,-1527,0,0,0
3120,42,10,-1504,-1504,0,-1,0
3121,71,12,1511,1511,0,0,0
3122,40,13,-1505,-1505,0,0,0
3123,23,12,-1523,-1523,-1,0,0
3124,45,12,-1511,-1511,0,0,0
3125,55,13,-1515,-1515,0,-1,0
3126,38,13,-1531,-1531,-1,0,0
3127,35,13,-1548,-1548,-1,-1,0
3128,43,14,-1548,-1548,0,-1,0
3129,46,14,-1550,-1550,-1,0,0
3130,47,15,-1552,-1552,-1,0,0
3131,48,15,-1554,-1554,0,-1,0
3132,82,15,-1539,-1539,-1,0,0
3133,153,16,-1516,-1516,-1,-1,0
3134,309,24,1546,1546,-1,-2,0
3135,381,35,1605,1605,0,0,0
3136,323,44,1586,1586,0,-1,0
3137,300,52,1584,1584,-1,0,0
3138,279,60,1592,1592,0,0,0
3139,225,67,1591,1591,1,0,0
3140,167,72,1574,1574,0,0,0
3141,106,74,1562,1562,0,1,0
3142,67,76,1557,1557,1,0,0
3143,65,76,1577,1577,1,1,0
3144,93,78,1609,1609,1,1,0
3145,100,80,1629,1629,1,1,0
3146,75,83,1621,1621,1,0,0
3147,-19,85,1592,1592,1,1,0
3148,-219,78,-1501,-1501,1,1,0
3149,-319,66,-1541,-1541,1,2,0
3150,-326,54,-1561,-1561,1,0,0
3151,-252,46,-1526,-1526,1,1,0
3152,-264,38,-1544,-1544,1,0,0
3153,-247,28,-1559,-1559,0,0,0
3154,-145,21,-1527,-1527,0,0,0
3155,-49,18,1506,1506,0,0,0
3156,-7,16,1515,1515,0,0,0
3157,43,16,1523,1523,0,-1,0
3158,87,18,1542,1542,0,0,0
3159,80,21,1538,1538,0,0,0
3160,13,20,1503,1503,0,0,0
3161,-2,19,1501,1501,1,0,0
3162,30,19,1514,1514,0,0,0
3163,3,19,-1503,-1503,0,0,0
3164,-12,17,-1515,-1515,0,0,0
3165,20,17,1509,1509,0,1,0
3166,13,17,1502,1502,0,0,0
3167,7,16,-1505,-1505,0,0,0
3168,46,16,1513,1513,0,0,0
3169,40,17,-1501,-1501,0,-1,0
3170,-7,16,-1525,-1525,0,0,0
3171,-4,15,-1526,-1526,0,0,0
3172,21,15,-1513,-1513,0,0,0
3173,12,15,-1528,-1528,-1,0,0
3174,6,14,-1530,-1530,0,0,0
3175,4,13,-1540,-1540,0,-1,0
3176,-10,12,-1545,-1545,0,0,0
3177,-15,11,-1567,-1567,-1,-1,0
3178,-2,10,-1577,-1577,-1,-1,0
3179,0,9,-1570,-1570,0,0,0
3180,7,6,-1583,-1583,-1,-1,0
3181,87,7,-1535,-1535,0,0,0
3182,108,10,-1535,-1535,-1,-1,0
3183,81,11,-1549,-1549,0,-1,0
3184,127,13,-1546,-1546,-2,-1,0
3185,221,19,1509,1509,0,-1,0
3186,241,25,1525,1525,-1,0,0
3187,279,32,1541,1541,-1,-1,0
3188,325,42,1576,1576,0,-1,0
3189,279,50,1574,1574,0,0,0
3190,215,57,1560,1560,0,0,0
3191,150,61,1542,1542,0,0,0
3192,88,63,1531,1531,0,1,0
3193,45,63,1515,1515,0,0,0
3194,41,63,1536,1536,1,1,0
3195,37,63,1534,1534,0,0,0
3196,5,62,1528,1528,0,1,0
3197,-20,61,1534,1534,1,1,0
3198,-34,59,1531,1531,0,1,0
3199,-88,58,1517,1517,1,1,0
3200,-229,51,-1553,-1553,1,0,0
3201,-256,40,-1574,-1574,0,1,0
3202,-179,34,-1541,-1541,1,0,0
3203,-194,27,-1553,-1553,0,1,0
3204,-186,19,-1566,-1566,0,0,0
3205,-97,14,-1544,-1544,-1,0,0
3206,3,12,-1504,-1504,0,0,0
3207,72,13,1517,1517,0,-1,0
3208,58,14,-1510,-1510,-2,0,0
3209,19,14,-1528,-1528,0,0,0
3210,27,13,-1523,-1523,0,0,0
3211,55,14,-1518,-1518,-1,0,0
3212,51,15,-1527,-1527,0,-1,0
3213,51,15,-1532,-1532,-1,0,0
3214,56,16,-1525,-1525,0,0,0
3215,74,17,-1541,-1541,-2,-1,0
3216,110,19,-1524,-1524,0,-1,0
3217,162,22,1503,1503,0,-1,0
3218,195,25,1510,1510,-1,-1,0
3219,266,29,1558,1558,0,0,0
3220,372,40,1628,1628,0,0,0
3221,329,50,1624,1624,0,0,0
3222,262,58,1605,1605,0,0,0
3223,199,64,1586,1586,0,0,0
3224,146,68,1588,1588,1,1,0
3225,112,71,1576,1576,0,0,0
3226,93,73,1598,1598,2,1,0
3227,88,76,1605,1605,0,1,0
3228,-7,77,1575,1575,1,1,0
3229,-101,72,1526,1526,1,0,0
3230,-41,70,1575,1575,2,1,0
3231,-90,69,1570,1570,1,2,0
3232,-314,57,-1552,-1552,0,1,0
3233,-343,45,-1580,-1580,1,0,0
3234,-289,37,-1545,-1545,2,1,0
3235,-301,26,-1568,-1568,0,1,0
3236,-232,17,-1548,-1548,1,0,0
3237,-147,10,-1527,-1527,0,0,0
3238,-122,5,-1531,-1531,0,0,0
3239,-45,1,-1518,-1518,0,-1,0
3240,60,2,1528,1528,0,0,0
3241,102,5,1535,1535,0,-1,0
3242,76,7,1511,1511,-1,0,0
3243,42,7,-1506,-1506,0,0,0
3244,38,7,-1509,-1509,0,0,0
3245,38,7,-1510,-1510,0,0,0
3246,42,8,-1517,-1517,0,-1,0
3247,36,9,-1519,-1519,0,0,0
3248,30,9,-1520,-1520,0,0,0
3249,28,9,-1520,-1520,0,0,0
3250,25,8,-1532,-1532,0,-1,0
3251,27,8,-1529,-1529,0,0,0
3252,45,9,-1528,-1528,-1,0,0
3253,44,9,-1545,-1545,-1,-1,0
3254,41,9,-1540,-1540,0,0,0
3255,53,10,-1530,-1530,0,0,0
3256,58,11,-1533,-1533,-1,0,0
3257,57,11,-1538,-1538,0,-1,0
3258,72,12,-1524,-1524,0,0,0
3259,87,14,-1530,-1530,-1,-1,0
3260,90,15,-1520,-1520,0,0,0
3261,131,18,-1522,-1522,-2,-1,0
3262,202,23,1516,1516,0,-1,0
3263,220,29,1520,1520,-1,-1,0
3264,250,35,1551,1551,0,0,0
3265,262,43,1575,1575,0,0,0
3266,210,49,1554,1554,-1,0,0
3267,145,54,1535,1535,0,0,0
3268,84,56,1525,1525,1,0,0
3269,40,55,1507,1507,0,0,0
3270,38,55,1519,1519,0,1,0
3271,32,55,1518,1518,0,0,0
3272,4,54,1525,1525,1,1,0
3273,-12,53,1524,1524,0,1,0
3274,7,52,1538,1538,0,1,0
3275,19,51,1558,1558,2,0,0
3276,13,51,1549,1549,0,0,0
3277,-15,52,1542,1542,0,1,0
3278,-116,48,1503,1503,1,1,0
3279,-188,41,-1537,-1537,0,1,0
3280,-206,33,-1542,-1542,1,1,0
3281,-198,28,-1554,-1554,0,0,0
3282,-218,19,-1580,-1580,0,0,0
3283,-186,12,-1578,-1578,0,0,0
3284,-108,6,-1552,-1552,0,0,0
3285,-24,3,-1519,-1519,0,0,0
3286,40,4,1507,1507,0,0,0
3287,32,4,-1511,-1511,-1,0,0
3288,-11,3,-1533,-1533,0,0,0
3289,-9,1,-1545,-1545,0,-1,0
3290,16,1,-1534,-1534,0,0,0
3291,12,0,-1536,-1536,0,0,0
3292,1,0,-1561,-1561,-1,-1,0
3293,1,-1,-1558,-1558,0,0,0
3294,3,-1,-1585,-1585,-2,-1,0
3295,4,-2,-1578,-1578,0,0,0
3296,9,-4,-1592,-1592,-1,-1,0
3297,22,-4,-1588,-1588,-1,0,0
3298,60,-6,-1574,-1574,0,-1,0
3299,210,-3,-1520,-1520,-2,-1,0
3300,362,7,1565,1565,0,-1,0
3301,360,18,1566,1566,-1,-1,0
3302,336,25,1554,1554,-1,-1,0
3303,394,37,1607,1607,0,0,0
3304,365,47,1605,1605,0,-1,0
3305,300,56,1604,1604,0,1,0
3306,229,63,1584,1584,0,0,0
3307,157,68,1560,1560,0,0,0
3308,85,70,1544,1544,0,1,0
3309,36,69,1543,1543,1,1,0
3310,55,70,1551,1551,0,0,0
3311,77,72,1584,1584,1,1,0
3312,31,75,1572,1572,0,1,0
3313,-96,70,1530,1530,2,1,0
3314,-67,65,1541,1541,0,1,0
3315,3,65,1576,1576,1,0,0
3316,-49,64,1571,1571,1,2,0
3317,-200,56,-1510,-1510,0,1,0
3318,-225,47,-1522,-1522,2,0,0
3319,-200,42,-1517,-1517,0,1,0
3320,-251,33,-1554,-1554,1,0,0
3321,-193,24,-1537,-1537,0,1,0
3322,-89,19,-1503,-1503,0,0,0
3323,20,17,1527,1527,0,-1,0
3324,114,19,1569,1569,0,0,0
3325,137,23,1578,1578,0,0,0
3326,112,26,1564,1564,0,0,0
3327,92,28,1553,1553,0,0,0
3328,83,29,1546,1546,0,0,0
3329,85,31,1546,1546,0,0,0
3330,59,33,1543,1543,1,0,0
3331,-7,31,1507,1507,0,0,0
3332,3,30,1518,1518,0,1,0
3333,20,31,1541,1541,2,0,0
3334,-37,31,1508,1508,0,0,0
3335,-113,26,-1529,-1529,0,1,0
3336,-83,22,-1514,-1514,1,0,0
3337,-93,20,-1527,-1527,0,0,0
3338,-153,13,-1568,-1568,0,0,0
3339,-87,8,-1545,-1545,0,0,0
3340,23,8,1503,1503,0,0,0
3341,76,10,1526,1526,0,0,0
3342,48,11,1502,1502,0,-1,0
3343,24,10,-1511,-1511,0,0,0
3344,25,10,-1512,-1512,0,0,0
3345,10,10,-1519,-1519,0,0,0
3346,-7,9,-1530,-1530,0,0,0
3347,-4,8,-1549,-1549,-1,-1,0
3348,8,8,-1542,-1542,0,0,0
3349,-1,7,-1554,-1554,0,-1,0
3350,-14,6,-1557,-1557,0,0,0
3351,-16,4,-1577,-1577,-1,-1,0
3352,-18,2,-1594,-1594,-1,-1,0
3353,5,1,-1587,-1587,0,-1,0
3354,38,0,-1575,-1575,-1,0,0
3355,123,1,-1534,-1534,0,-1,0
3356,142,5,-1532,-1532,-1,-1,0
3357,121,7,-1550,-1550,0,-2,0
3358,184,11,-1534,-1534,-2,-1,0
3359,284,19,1536,1536,0,0,0
3360,279,26,1523,1523,-1,-2,0
3361,311,34,1540,1540,-1,-1,0
3362,348,45,1584,1584,0,0,0
3363,311,55,1569,1569,-1,-1,0
3364,245,62,1558,1558,0,0,0
3365,178,68,1543,1543,0,0,0
3366,114,71,1545,1545,1,1,0
3367,74,71,1532,1532,0,0,0
3368,74,72,1537,1537,0,0,0
3369,76,73,1563,1563,1,1,0
3370,57,74,1564,1564,0,1,0
3371,13,73,1562,1562,1,1,0
3372,-46,71,1536,1536,0,1,0
3373,-110,67,1506,1506,0,1,0
3374,-127,65,1519,1519,2,1,0
3375,-218,59,-1529,-1529,0,1,0
3376,-297,48,-1576,-1576,1,0,0
3377,-276,38,-1576,-1576,0,1,0
3378,-240,29,-1578,-1578,0,0,0
3379,-172,21,-1560,-1560,0,0,0
3380,-77,17,-1525,-1525,0,0,0
3381,14,15,1501,1501,-1,0,0
3382,63,16,1522,1522,0,0,0
3383,51,17,1515,1515,0,0,0
3384,19,16,-1504,-1504,0,0,0
3385,21,16,-1505,-1505,0,0,0
3386,47,16,1506,1506,-1,1,0
3387,48,17,1506,1506,0,0,0
3388,36,17,-1502,-1502,0,0,0
3389,39,17,-1510,-1510,-1,0,0
3390,47,17,-1506,-1506,0,0,0
3391,42,18,-1507,-1507,0,0,0
3392,42,18,-1507,-1507,0,0,0
3393,51,18,-1511,-1511,0,-1,0
3394,46,19,-1511,-1511,0,0,0
3395,41,19,-1522,-1522,-1,0,0
3396,48,20,-1515,-1515,0,0,0
3397,52,20,-1530,-1530,-1,-1,0
3398,45,21,-1528,-1528,0,0,0
3399,49,21,-1532,-1532,0,-1,0
3400,85,23,-1517,-1517,-1,0,0
3401,84,24,-1541,-1541,-1,-2,0
3402,109,25,-1517,-1517,0,0,0
3403,178,26,1505,1505,-1,-1,0
3404,316,34,1589,1589,0,0,0
3405,337,45,1607,1607,0,-1,0
3406,284,53,1598,1598,0,0,0
3407,263,60,1592,1592,0,-1,0
3408,213,67,1591,1591,0,1,0
3409,152,71,1581,1581,1,0,0
3410,90,73,1567,1567,0,1,0
3411,55,73,1570,1570,2,0,0
3412,83,74,1592,1592,0,1,0
3413,111,77,1624,1624,1,1,0
3414,98,81,1633,1633,1,1,0
3415,-3,84,1610,1610,2,1,0
3416,-204,77,1506,1506,0,1,0
3417,-297,66,-1540,-1540,1,1,0
3418,-330,54,-1551,-1551,1,2,0
3419,-270,46,-1525,-1525,2,0,0
3420,-279,37,-1543,-1543,0,1,0
3421,-281,27,-1559,-1559,1,0,0
3422,-192,19,-1538,-1538,0,0,0
3423,-137,13,-1529,-1529,0,0,0
3424,-65,9,-1509,-1509,0,0,0
3425,44,8,1534,1534,0,0,0
3426,111,12,1553,1553,0,-1,0
3427,87,14,1540,1540,0,0,0
3428,53,15,1521,1521,0,0,0
3429,40,15,1511,1511,0,0,0
3430,38,15,1508,1508,0,0,0
3431,33,15,1504,1504,0,0,0
3432,31,16,1501,1501,0,0,0
3433,29,16,-1501,-1501,0,0,0
3434,-12,15,-1523,-1523,0,0,0
3435,-11,13,-1514,-1514,0,1,0
3436,22,14,-1511,-1511,0,-1,0
3437,30,14,-1507,-1507,0,0,0
3438,22,14,-1522,-1522,-1,0,0
3439,9,13,-1528,-1528,0,0,0
3440,-13,12,-1548,-1548,0,-1,0
3441,-24,11,-1561,-1561,-1,0,0
3442,-14,9,-1576,-1576,-1,-1,0
3443,6,8,-1560,-1560,0,0,0
3444,2,7,-1578,-1578,-1,-1,0
3445,22,5,-1564,-1564,0,0,0
3446,84,7,-1546,-1546,-1,-1,0
3447,83,8,-1556,-1556,-1,-1,0
3448,105,9,-1555,-1555,-1,-1,0
3449,216,15,-1505,-1505,-1,-1,0
3450,278,22,1535,1535,0,-1,0
3451,290,29,1550,1550,-1,0,0
3452,328,39,1558,1558,-2,-1,0
3453,326,48,1572,1572,0,-1,0
3454,274,57,1569,1569,0,0,0
3455,214,63,1558,1558,0,0,0
3456,154,67,1543,1543,0,0,0
3457,95,70,1535,1535,0,1,0
3458,46,70,1527,1527,1,0,0
3459,37,69,1545,1545,1,1,0
3460,32,69,1542,1542,0,0,0
3461,10,68,1549,1549,1,1,0
3462,5,67,1563,1563,1,1,0
3463,24,67,1576,1576,0,1,0
3464,-15,68,1570,1570,1,1,0
3465,-178,64,-1510,-1510,1,0,0
3466,-291,52,-1564,-1564,1,1,0
3467,-234,44,-1555,-1555,0,0,0
3468,-219,36,-1555,-1555,0,1,0
3469,-184,28,-1554,-1554,0,0,0
3470,-90,23,-1511,-1511,0,1,0
3471,9,22,1526,1526,0,0,0
3472,65,23,1538,1538,0,-1,0
3473,56,24,1521,1521,-1,0,0
3474,34,24,1518,1518,0,1,0
3475,27,23,1511,1511,0,0,0
3476,29,24,1511,1511,0,0,0
3477,-6,24,1511,1511,1,1,0
3478,-31,21,-1509,-1509,0,0,0
3479,-5,21,-1501,-1501,0,0,0
3480,-29,19,-1516,-1516,0,0,0
3481,-60,16,-1537,-1537,0,0,0
3482,-15,13,-1521,-1521,0,0,0
3483,49,13,1507,1507,0,0,0
3484,60,15,1503,1503,-1,0,0
3485,30,15,-1511,-1511,0,0,0
3486,23,14,-1515,-1515,0,0,0
3487,46,15,-1504,-1504,0,0,0
3488,41,15,-1506,-1506,0,0,0
3489,24,15,-1534,-1534,-1,-1,0
3490,27,15,-1540,-1540,-1,0,0
3491,33,15,-1532,-1532,0,0,0
3492,34,15,-1548,-1548,-1,-1,0
3493,33,15,-1553,-1553,0,-1,0
3494,32,15,-1556,-1556,-1,0,0
3495,30,15,-1550,-1550,0,0,0
3496,61,15,-1559,-1559,-2,-1,0
3497,116,17,-1521,-1521,0,0,0
3498,204,22,1514,1514,-1,-1,0
3499,231,25,1530,1530,0,-1,0
3500,312,33,1566,1566,-1,-1,0
3501,354,43,1597,1597,0,-1,0
3502,340,53,1611,1611,0,0,0
3503,287,61,1603,1603,0,0,0
3504,225,68,1587,1587,0,0,0
3505,163,72,1579,1579,0,1,0
3506,110,75,1570,1570,1,0,0
3507,88,77,1573,1573,0,1,0
3508,84,79,1592,1592,1,1,0
3509,91,81,1594,1594,0,0,0
3510,62,85,1611,1611,2,1,0
3511,-66,82,1550,1550,1,0,0
3512,-74,77,1553,1553,1,1,0
3513,-6,77,1587,1587,0,1,0
3514,-131,74,1555,1555,2,2,0
3515,-315,62,-1548,-1548,1,0,0
3516,-281,53,-1534,-1534,1,1,0
3517,-266,45,-1538,-1538,0,1,0
3518,-291,34,-1544,-1544,2,1,0
3519,-248,24,-1549,-1549,0,0,0
3520,-161,17,-1528,-1528,0,0,0
3521,-52,13,1520,1520,1,0,0
3522,16,13,1540,1540,0,0,0
3523,44,13,1544,1544,0,0,0
3524,80,15,1556,1556,0,0,0
3525,59,17,1542,1542,0,0,0
3526,8,16,1520,1520,0,1,0
3527,27,16,1523,1523,0,0,0
3528,33,18,1523,1523,0,0,0
3529,-63,16,-1527,-1527,0,0,0
3530,-90,11,-1539,-1539,0,1,0
3531,-30,11,-1515,-1515,0,0,0
3532,-77,7,-1545,-1545,0,0,0
3533,-41,3,-1545,-1545,-1,0,0
3534,40,4,-1508,-1508,0,0,0
3535,41,5,-1518,-1518,0,-1,0
3536,-2,4,-1548,-1548,-1,0,0
3537,-27,2,-1569,-1569,-1,0,0
3538,-18,1,-1572,-1572,0,-1,0
3539,-6,0,-1573,-1573,-1,0,0
3540,-18,0,-1595,-1595,0,-2,0
3541,-35,-2,-1607,-1607,-1,0,0
3542,-39,-5,-1623,-1623,-1,-1,0
3543,15,-8,-1611,-1611,-1,-1,0
3544,177,-7,-1552,-1552,-1,-2,0
3545,394,3,1557,1557,-1,-1,0
3546,411,16,1572,1572,-1,-1,0
3547,384,27,1565,1565,-1,-1,0
3548,364,37,1573,1573,0,-1,0
3549,315,46,1563,1563,-1,0,0
3550,255,54,1545,1545,0,-1,0
3551,196,60,1546,1546,1,0,0
3552,133,63,1529,1529,0,0,0
3553,70,65,1519,1519,0,1,0
3554,1,65,1501,1501,1,0,0
3555,-35,62,-1506,-1506,1,0,0
3556,-3,60,1518,1518,1,0,0
3557,31,61,1544,1544,0,1,0
3558,17,60,1545,1545,1,0,0
3559,-5,59,1540,1540,0,1,0
3560,-45,56,1513,1513,0,0,0
3561,-72,53,1523,1523,2,1,0
3562,-76,50,1511,1511,0,0,0
3563,-77,47,1510,1510,1,0,0
3564,-100,44,0,0,0,1,0
3565,-151,39,-1535,-1535,0,0,0
3566,-156,33,-1542,-1542,1,0,0
3567,-128,27,-1529,-1529,0,1,0
3568,-105,22,-1530,-1530,0,0,0
3569,-28,19,-1503,-1503,0,0,0
3570,53,20,1512,1512,-1,-1,0
3571,69,22,1520,1520,0,0,0
3572,37,22,1504,1504,0,0,0
3573,19,21,-1507,-1507,0,0,0
3574,23,21,-1505,-1505,0,0,0
3575,24,21,-1506,-1506,0,0,0
3576,20,20,-1509,-1509,0,0,0
3577,32,20,-1503,-1503,0,0,0
3578,35,20,-1512,-1512,-1,0,0
3579,23,20,-1527,-1527,0,-1,0
3580,23,20,-1524,-1524,0,0,0
3581,29,20,-1529,-1529,-1,0,0
3582,27,20,-1547,-1547,-1,-1,0
3583,26,19,-1552,-1552,0,-1,0
3584,29,19,-1564,-1564,-1,-1,0
3585,29,19,-1566,-1566,-1,0,0
3586,50,16,-1560,-1560,0,-1,0
3587,227,19,1507,1507,-2,-1,0
3588,370,30,1589,1589,0,-1,0
3589,362,41,1587,1587,-1,-1,0
3590,340,51,1599,1599,0,0,0
3591,288,60,1594,1594,0,0,0
3592,229,67,1581,1581,0,0,0
3593,171,71,1565,1565,0,0,0
3594,131,74,1575,1575,1,1,0
3595,128,76,1587,1587,0,1,0
3596,120,79,1617,1617,2,1,0
3597,93,80,1621,1621,1,1,0
3598,77,82,1616,1616,0,1,0
3599,59,84,1623,1623,1,1,0
3600,-108,85,1565,1565,2,1,0
3601,-367,72,-1563,-1563,1,1,0
3602,-331,59,-1552,-1552,0,2,0
3603,-247,51,-1514,-1514,1,1,0
3604,-296,42,-1551,-1551,1,0,0
3605,-352,29,-1585,-1585,1,1,0
3606,-273,19,-1572,-1572,0,0,0
3607,-164,11,-1540,-1540,0,0,0
3608,-53,8,1510,1510,1,0,0
3609,54,7,1549,1549,0,0,0
3610,119,10,1574,1574,0,0,0
3611,109,13,1565,1565,0,0,0
3612,72,15,1544,1544,0,0,0
3613,39,15,1523,1523,0,0,0
3614,14,15,1516,1516,0,1,0
3615,12,14,1509,1509,0,0,0
3616,16,14,1517,1517,0,1,0
3617,5,15,1507,1507,0,0,0
3618,-47,13,-1523,-1523,0,0,0
3619,-63,10,-1528,-1528,0,1,0
3620,-24,9,-1514,-1514,0,0,0
3621,-57,6,-1537,-1537,0,0,0
3622,-37,3,-1534,-1534,0,0,0
3623,36,3,-1512,-1512,-1,0,0
3624,40,4,-1520,-1520,0,-1,0
3625,-5,3,-1541,-1541,0,0,0
3626,-32,1,-1584,-1584,-2,-1,0
3627,-20,0,-1585,-1585,0,-1,0
3628,-8,0,-1584,-1584,0,-1,0
3629,-23,-2,-1595,-1595,-1,0,0
3630,-34,-4,-1616,-1616,-1,-1,0
3631,-17,-7,-1622,-1622,0,-2,0
3632,97,-9,-1589,-1589,-2,-1,0
3633,284,-1,1512,1512,-1,0,0
3634,320,8,1521,1521,-1,-2,0
3635,352,16,1551,1551,0,-1,0
3636,420,27,1578,1578,-2,-1,0
3637,442,40,1608,1608,0,-1,0
3638,390,52,1610,1610,0,0,0
3639,331,62,1604,1604,0,0,0
3640,271,70,1594,1594,0,0,0
3641,211,76,1581,1581,0,0,0
3642,146,80,1592,1592,2,1,0
3643,76,82,1561,1561,0,0,0
3644,17,82,1555,1555,1,1,0
3645,-49,81,1530,1530,0,1,0
3646,-154,76,-1507,-1507,1,1,0
3647,-251,69,-1546,-1546,1,1,0
3648,-277,59,-1567,-1567,1,0,0
3649,-239,50,-1555,-1555,0,1,0
3650,-228,41,-1567,-1567,0,0,0
3651,-161,34,-1548,-1548,0,0,0
3652,-65,30,-1521,-1521,0,-1,0
3653,29,29,1519,1519,0,0,0
3654,80,31,1532,1532,-1,0,0
3655,56,32,1501,1501,-1,-1,0
3656,19,31,-1515,-1515,0,0,0
3657,30,31,-1508,-1508,0,0,0
3658,47,32,1502,1502,0,0,0
3659,41,32,-1509,-1509,0,-1,0
3660,40,32,-1526,-1526,-1,-1,0
3661,53,32,-1515,-1515,0,0,0
3662,52,33,-1509,-1509,0,0,0
3663,38,32,-1524,-1524,0,-1,0
3664,92,32,-1503,-1503,-1,0,0
3665,173,37,1547,1547,0,0,0
3666,130,41,1524,1524,0,-1,0
3667,88,42,1510,1510,0,0,0
3668,159,45,1542,1542,-1,0,0
3669,184,51,1565,1565,0,0,0
3670,119,55,1552,1552,1,0,0
3671,53,55,1533,1533,0,1,0
3672,34,55,1524,1524,0,0,0
3673,59,55,1546,1546,1,0,0
3674,76,57,1565,1565,0,1,0
3675,67,58,1579,1579,1,1,0
3676,68,59,1585,1585,0,1,0
3677,72,60,1611,1611,2,1,0
3678,64,62,1599,1599,0,0,0
3679,-9,65,1579,1579,1,1,0
3680,-154,59,1515,1515,1,1,0
3681,-255,50,-1544,-1544,0,1,0
3682,-338,38,-1577,-1577,2,1,0
3683,-253,28,-1550,-1550,0,1,0
3684,-175,25,-1518,-1518,1,0,0
3685,-285,14,-1584,-1584,0,1,0
3686,-269,4,-1598,-1598,0,0,0
3687,-161,-3,-1565,-1565,0,0,0
3688,-46,-6,-1530,-1530,0,-1,0
3689,46,-6,1507,1507,0,0,0
3690,77,-4,-1501,-1501,-1,-1,0
3691,43,-3,-1517,-1517,0,0,0
3692,4,-4,-1546,-1546,0,-1,0
3693,14,-5,-1552,-1552,-1,0,0
3694,49,-6,-1555,-1555,-1,-1,0
3695,124,-4,-1521,-1521,0,-1,0
3696,137,0,-1525,-1525,-1,-1,0
3697,96,1,-1535,-1535,0,0,0
3698,117,3,-1536,-1536,-1,-1,0
3699,148,7,-1519,-1519,0,-1,0
3700,161,10,-1521,-1521,-1,-1,0
3701,234,16,1511,1511,-1,-1,0
3702,272,23,1538,1538,-1,0,0
3703,282,31,1551,1551,0,-1,0
3704,282,39,1551,1551,-1,-1,0
3705,258,47,1559,1559,0,0,0
3706,197,53,1546,1546,0,0,0
3707,132,57,1528,1528,0,0,0
3708,73,58,1518,1518,0,1,0
3709,53,58,1523,1523,1,0,0
3710,58,59,1538,1538,0,1,0
3711,53,59,1536,1536,0,0,0
3712,28,59,1545,1545,1,1,0
3713,8,58,1532,1532,0,0,0
3714,16,58,1553,1553,0,2,0
3715,22,58,1570,1570,2,0,0
3716,6,59,1566,1566,0,1,0
3717,-106,57,1522,1522,1,1,0
3718,-226,49,-1552,-1552,0,0,0
3719,-257,39,-1564,-1564,0,2,0
3720,-216,30,-1553,-1553,1,0,0
3721,-175,26,-1537,-1537,0,1,0
3722,-214,17,-1574,-1574,0,0,0
3723,-142,10,-1554,-1554,0,0,0
3724,-38,7,-1514,-1514,0,0,0
3725,31,6,1502,1502,-1,0,0
3726,49,7,1508,1508,0,0,0
3727,18,7,-1510,-1510,0,0,0
3728,-5,6,-1524,-1524,0,0,0
3729,21,5,-1514,-1514,0,0,0
3730,39,6,-1527,-1527,-1,-1,0
3731,22,5,-1533,-1533,0,0,0
3732,12,5,-1537,-1537,0,0,0
3733,11,4,-1557,-1557,-2,0,0
3734,15,4,-1561,-1561,0,-1,0
3735,22,4,-1563,-1563,-1,0,0
3736,21,3,-1568,-1568,0,-1,0
3737,24,3,-1571,-1571,-1,0,0
3738,66,4,-1563,-1563,-1,-1,0
3739,114,5,-1539,-1539,-1,0,0
3740,203,9,1507,1507,0,-1,0
3741,260,13,1527,1527,-1,-1,0
3742,351,23,1571,1571,-1,-1,0
3743,357,33,1595,1595,0,0,0
3744,323,43,1588,1588,0,-1,0
3745,266,51,1578,1578,0,0,0
3746,199,56,1571,1571,0,1,0
3747,134,60,1548,1548,0,0,0
3748,84,62,1541,1541,1,0,0
3749,68,64,1547,1547,0,1,0
3750,69,65,1569,1569,1,1,0
3751,82,66,1574,1574,0,0,0
3752,49,69,1589,1589,2,1,0
3753,-53,66,1539,1539,1,0,0
3754,-44,62,1543,1543,0,1,0
3755,19,63,1577,1577,1,0,0
3756,-62,62,1569,1569,2,2,0
3757,-225,53,-1520,-1520,0,1,0
3758,-248,45,-1541,-1541,1,0,0
3759,-219,39,-1525,-1525,1,1,0
3760,-263,29,-1568,-1568,0,0,0
3761,-243,20,-1569,-1569,1,0,0
3762,-165,12,-1540,-1540,1,0,0
3763,-59,8,-1503,-1503,0,0,0
3764,24,7,1527,1527,0,0,0
3765,74,9,1535,1535,0,-1,0
3766,90,11,1540,1540,0,0,0
3767,76,13,1531,1531,0,0,0
3768,22,13,1502,1502,0,0,0
3769,2,12,-1512,-1512,0,0,0
3770,16,12,-1507,-1507,0,0,0
3771,-6,11,-1511,-1511,1,0,0
3772,-24,9,-1523,-1523,0,0,0
3773,5,8,-1524,-1524,-1,0,0
3774,47,9,-1504,-1504,0,0,0
3775,44,9,-1505,-1505,0,0,0
3776,30,9,-1523,-1523,0,-1,0
3777,19,9,-1527,-1527,0,0,0
3778,-1,9,-1546,-1546,-1,0,0
3779,-7,7,-1567,-1567,-1,-1,0
3780,13,7,-1563,-1563,0,-1,0
3781,13,7,-1558,-1558,0,0,0
3782,8,4,-1567,-1567,-1,0,0
3783,69,5,-1543,-1543,0,-1,0
3784,100,7,-1528,-1528,-1,0,0
3785,76,8,-1543,-1543,0,-1,0
3786,102,10,-1551,-1551,-2,-1,0
3787,149,13,-1524,-1524,0,-1,0
3788,203,18,-1503,-1503,-1,-1,0
3789,229,24,1517,1517,-1,0,0
3790,279,31,1550,1550,0,-1,0
3791,311,40,1555,1555,-2,-1,0
3792,288,48,1555,1555,0,-1,0
3793,276,56,1571,1571,0,0,0
3794,221,63,1562,1562,0,0,0
3795,157,68,1545,1545,0,0,0
3796,94,69,1535,1535,0,1,0
3797,67,70,1557,1557,2,1,0
3798,69,71,1569,1569,0,1,0
3799,59,72,1573,1573,1,0,0
3800,32,71,1567,1567,0,1,0
3801,23,71,1578,1578,1,1,0
3802,16,71,1577,1577,0,1,0
3803,-80,71,1554,1554,2,1,0
3804,-265,63,-1552,-1552,0,0,0
3805,-289,52,-1563,-1563,1,1,0
3806,-223,45,-1539,-1539,0,1,0
3807,-257,35,-1565,-1565,0,1,0
3808,-211,26,-1562,-1562,0,0,0
3809,-112,21,-1528,-1528,0,0,0
3810,-9,18,1511,1511,0,0,0
3811,73,20,1546,1546,0,0,0
3812,77,22,1545,1545,0,0,0
3813,38,22,1522,1522,0,0,0
3814,23,21,1520,1520,0,1,0
3815,24,22,1518,1518,0,0,0
3816,-25,21,-1511,-1511,0,0,0
3817,-31,18,-1520,-1520,0,0,0
3818,4,18,-1506,-1506,0,0,0
3819,-26,16,-1525,-1525,0,0,0
3820,-13,13,-1523,-1523,0,0,0
3821,39,13,-1509,-1509,-1,0,0
3822,49,14,-1504,-1504,0,0,0
3823,24,14,-1525,-1525,0,-1,0
3824,13,13,-1540,-1540,-1,0,0
3825,27,13,-1550,-1550,-1,-1,0
3826,23,13,-1546,-1546,0,0,0
3827,14,13,-1566,-1566,-1,-1,0
3828,19,12,-1567,-1567,-1,0,0
3829,47,12,-1557,-1557,0,-1,0
3830,87,13,-1559,-1559,-2,-1,0
3831,172,16,-1514,-1514,0,-1,0
3832,277,20,1531,1531,-1,-1,0
3833,382,31,1596,1596,0,-1,0
3834,353,42,1592,1592,-1,0,0
3835,328,51,1601,1601,0,0,0
3836,306,60,1609,1609,0,0,0
3837,250,67,1598,1598,0,0,0
3838,190,73,1581,1581,0,0,0
3839,126,76,1559,1559,0,0,0
3840,67,78,1557,1557,1,1,0
3841,42,78,1556,1556,0,1,0
3842,72,78,1590,1590,1,1,0
3843,92,83,1620,1620,1,1,0
3844,-28,83,1566,1566,1,0,0
3845,-125,77,1526,1526,1,1,0
3846,-52,73,1569,1569,1,1,0
3847,-63,73,1573,1573,1,1,0
3848,-285,63,-1534,-1534,1,1,0
3849,-331,51,-1561,-1561,1,1,0
3850,-270,43,-1553,-1553,0,0,0
3851,-268,33,-1554,-1554,1,1,0
3852,-193,25,-1539,-1539,0,0,0
3853,-85,20,-1503,-1503,0,0,0
3854,25,18,1529,1529,0,-1,0
3855,113,21,1569,1569,0,0,0
3856,109,24,1564,1564,0,0,0
3857,71,26,1543,1543,0,0,0
3858,50,26,1539,1539,1,0,0
3859,45,27,1543,1543,1,0,0
3860,23,27,1527,1527,0,0,0
3861,-48,24,-1514,-1514,0,0,0
3862,-41,22,-1506,-1506,1,0,0
3863,-30,21,-1507,-1507,0,0,0
3864,-73,18,-1534,-1534,0,0,0
3865,-57,15,-1532,-1532,0,0,0
3866,8,15,-1515,-1515,0,-1,0
3867,35,15,-1503,-1503,0,0,0
3868,30,15,-1515,-1515,-1,0,0
3869,29,15,-1525,-1525,0,-1,0
3870,14,15,-1540,-1540,0,-1,0
3871,-15,14,-1561,-1561,-1,0,0
3872,-19,12,-1580,-1580,-1,-1,0
3873,-2,9,-1578,-1578,0,-1,0
3874,90,10,-1536,-1536,-1,0,0
3875,136,14,-1512,-1512,0,-1,0
3876,94,16,-1543,-1543,-1,-1,0
3877,119,17,-1540,-1540,-1,-1,0
3878,178,22,-1515,-1515,-1,-1,0
3879,217,28,1512,1512,-1,0,0
3880,257,34,1539,1539,0,-1,0
3881,303,42,1561,1561,-1,-1,0
3882,299,51,1571,1571,0,-1,0
3883,243,59,1563,1563,0,0,0
3884,179,64,1549,1549,0,0,0
3885,116,67,1530,1530,0,0,0
3886,72,68,1527,1527,0,1,0
3887,69,69,1541,1541,0,1,0
3888,74,70,1556,1556,1,0,0
3889,59,71,1560,1560,0,1,0
3890,28,70,1554,1554,0,1,0
3891,14,69,1554,1554,1,0,0
3892,13,69,1570,1570,0,2,0
3893,-24,70,1576,1576,2,1,0
3894,-180,65,-1513,-1513,0,0,0
3895,-293,54,-1567,-1567,1,1,0
3896,-228,46,-1544,-1544,0,1,0
3897,-219,38,-1546,-1546,0,1,0
3898,-225,29,-1568,-1568,0,0,0
3899,-135,23,-1539,-1539,0,0,0
3900,-32,20,1501,1501,0,0,0
3901,50,21,1535,1535,0,0,0
3902,49,21,1530,1530,0,0,0
3903,33,21,1528,1528,0,1,0
3904,10,21,1512,1512,0,0,0
3905,-15,20,-1505,-1505,0,0,0
3906,-1,19,-1504,-1504,0,0,0
3907,5,18,-1504,-1504,0,0,0
3908,-16,16,-1518,-1518,0,0,0
3909,-8,14,-1518,-1518,0,0,0
3910,33,14,-1501,-1501,0,0,0
3911,39,15,-1508,-1508,-1,0,0
3912,21,15,-1527,-1527,0,-1,0
3913,16,14,-1538,-1538,-1,0,0
3914,24,14,-1541,-1541,-1,0,0
3915,18,14,-1550,-1550,0,-1,0
3916,9,13,-1570,-1570,-1,-1,0
3917,15,12,-1561,-1561,0,0,0
3918,20,12,-1573,-1573,-1,-1,0
3919,43,12,-1563,-1563,-1,0,0
3920,89,12,-1552,-1552,-1,-1,0
3921,180,16,-1516,-1516,-1,-1,0
3922,271,19,1534,1534,0,-1,0
3923,384,31,1591,1591,-1,-1,0
3924,360,41,1601,1601,0,0,0
3925,350,51,1597,1597,-1,-1,0
3926,348,61,1608,1608,-1,0,0
3927,293,70,1600,1600,0,0,0
3928,233,76,1608,1608,1,1,0
3929,164,81,1595,1595,1,0,0
3930,95,84,1567,1567,0,0,0
3931,45,84,1555,1555,0,1,0
3932,65,84,1586,1586,1,1,0
3933,72,90,1602,1602,0,1,0
3934,-90,86,1536,1536,1,1,0
3935,-102,80,1528,1528,0,1,0
3936,-23,76,1575,1575,2,0,0
3937,21,78,1619,1619,1,2,0
3938,-82,77,1566,1566,0,1,0
3939,-248,67,-1524,-1524,1,0,0
3940,-253,57,-1518,-1518,2,1,0
3941,-204,52,-1503,-1503,0,1,0
3942,-267,42,-1536,-1536,1,1,0
3943,-211,33,-1533,-1533,0,0,0
3944,-98,27,1504,1504,0,0,0
3945,18,25,1547,1547,0,0,0
3946,112,27,1585,1585,0,0,0
3947,149,31,1600,1600,0,0,0
3948,149,35,1598,1598,0,0,0
3949,108,40,1597,1597,1,1,0
3950,-13,39,1531,1531,0,0,0
3951,-42,36,1509,1509,0,0,0
3952,-37,36,1524,1524,1,1,0
3953,-135,31,-1523,-1523,1,0,0
3954,-159,25,-1539,-1539,0,1,0
3955,-126,21,-1514,-1514,1,1,0
3956,-188,14,-1561,-1561,0,0,0
3957,-174,6,-1570,-1570,0,0,0
3958,-57,3,-1523,-1523,0,0,0
3959,13,3,1504,1504,0,0,0
3960,30,3,1507,1507,0,0,0
3961,43,4,1510,1510,0,0,0
3962,27,4,-1511,-1511,-1,0,0
3963,5,3,-1524,-1524,0,0,0
3964,-11,2,-1532,-1532,0,0,0
3965,-12,2,-1534,-1534,0,0,0
3966,-23,0,-1542,-1542,0,0,0
3967,-10,-1,-1548,-1548,0,-1,0
3968,-6,-1,-1546,-1546,0,0,0
3969,-36,-3,-1571,-1571,0,-1,0
3970,-47,-5,-1587,-1587,-1,0,0
3971,-35,-7,-1589,-1589,-1,0,0
3972,-35,-9,-1596,-1596,0,-1,0
3973,-53,-11,-1611,-1611,-1,0,0
3974,-61,-14,-1631,-1631,0,-2,0
3975,-56,-17,-1644,-1644,-1,-1,0
3976,-28,-21,-1645,-1645,-1,-1,0
3977,125,-22,-1583,-1583,-1,-1,0
3978,335,-13,1511,1511,-1,-2,0
3979,368,-2,1532,1532,-1,-1,0
3980,389,8,1539,1539,-2,-1,0
3981,397,20,1562,1562,0,-1,0
3982,364,30,1552,1552,-1,-1,0
3983,333,40,1554,1554,0,-1,0
3984,274,48,1549,1549,0,0,0
3985,210,54,1538,1538,0,0,0
3986,142,58,1531,1531,1,0,0
3987,71,60,1506,1506,0,0,0
3988,-4,59,-1524,-1524,0,0,0
3989,-57,56,-1517,-1517,2,1,0
3990,-39,53,-1511,-1511,0,0,0
3991,7,52,1511,1511,0,0,0
3992,-1,51,1516,1516,1,0,0
3993,-21,49,1502,1502,0,0,0
3994,-11,48,1505,1505,0,0,0
3995,-24,46,1506,1506,0,1,0
3996,-42,43,-1509,-1509,0,0,0
3997,-31,41,1503,1503,1,0,0
3998,-27,39,1510,1510,0,1,0
3999,-33,37,1501,1501,0,0,0
4000,-6,35,1508,1508,0,0,0
4001,25,35,1520,1520,0,0,0
4002,7,34,1508,1508,0,0,0
4003,5,33,1513,1513,0,1,0
4004,24,33,1519,1519,0,0,0
4005,18,33,1513,1513,0,0,0
4006,-10,31,-1504,-1504,0,0,0
4007,2,30,-1501,-1501,0,0,0
4008,19,30,1505,1505,0,0,0
4009,5,28,-1505,-1505,0,0,0
4010,56,28,1519,1519,0,0,0
4011,99,30,1541,1541,0,0,0
4012,75,32,1530,1530,0,0,0
4013,48,32,1516,1516,0,0,0
4014,66,33,1525,1525,0,0,0
4015,82,34,1533,1533,0,0,0
4016,79,36,1533,1533,0,0,0
4017,85,37,1546,1546,1,0,0
4018,52,39,1531,1531,0,0,0
4019,-25,37,1511,1511,1,1,0
4020,-5,36,1514,1514,0,0,0
4021,23,36,1525,1525,0,0,0
4022,-40,34,-1501,-1501,0,1,0
4023,-30,32,1507,1507,0,1,0
4024,3,32,1518,1518,0,0,0
4025,-37,29,1502,1502,0,1,0
4026,8,28,1517,1517,0,0,0
4027,39,29,1530,1530,0,0,0
4028,-30,26,0,0,0,1,0
4029,-2,25,1508,1508,0,0,0
4030,30,26,1520,1520,0,0,0
4031,-18,23,1502,1502,0,1,0
4032,20,22,1514,1514,0,0,0
4033,65,25,1545,1545,0,1,0
4034,5,23,1510,1510,0,0,0
4035,23,22,1524,1524,1,0,0
4036,52,24,1545,1545,0,1,0
4037,-6,23,1510,1510,0,0,0
4038,-4,21,1505,1505,0,0,0
4039,22,22,1524,1524,0,1,0
4040,-27,21,-1505,-1505,0,0,0
4041,-41,18,-1517,-1517,0,0,0
4042,-13,17,0,0,0,1,0
4043,-47,15,-1521,-1521,0,0,0
4044,-37,11,-1524,-1524,0,0,0
4045,61,12,1520,1520,0,0,0
4046,64,13,1510,1510,-1,0,0
4047,32,13,-1506,-1506,0,0,0
4048,58,13,1506,1506,0,0,0
4049,86,16,1522,1522,0,0,0
4050,38,17,-1501,-1501,0,0,0
4051,16,15,-1514,-1514,0,0,0
4052,66,17,1512,1512,0,0,0
4053,34,18,-1513,-1513,-1,0,0
4054,-4,16,-1542,-1542,0,-1,0
4055,47,16,-1524,-1524,-1,0,0
4056,64,17,-1512,-1512,0,0,0
4057,43,18,-1517,-1517,0,0,0
4058,31,18,-1521,-1521,0,0,0
4059,41,18,-1533,-1533,-1,-1,0
4060,45,19,-1525,-1525,0,0,0
4061,32,19,-1537,-1537,-1,0,0
4062,12,19,-1542,-1542,0,0,0
4063,16,18,-1557,-1557,-1,-1,0
4064,57,19,-1550,-1550,-1,-1,0
4065,61,20,-1548,-1548,0,-1,0
4066,71,21,-1554,-1554,-1,-1,0
4067,114,22,-1531,-1531,0,-1,0
4068,153,24,-1520,-1520,-1,-1,0
4069,199,27,1506,1506,0,-1,0
4070,293,35,1551,1551,-1,-1,0
4071,311,44,1561,1561,-1,-1,0
4072,317,52,1585,1585,0,0,0
4073,298,61,1587,1587,0,-1,0
4074,238,68,1575,1575,0,0,0
4075,175,73,1560,1560,0,0,0
4076,119,76,1544,1544,0,0,0
4077,87,78,1546,1546,0,1,0
4078,81,79,1569,1569,2,0,0
4079,79,81,1571,1571,0,0,0
4080,55,82,1570,1570,0,1,0
4081,38,82,1571,1571,1,0,0
4082,53,82,1585,1585,0,1,0
4083,40,86,1588,1588,1,0,0
4084,-69,82,1547,1547,1,1,0
4085,-68,78,1556,1556,1,1,0
4086,-6,78,1597,1597,1,1,0
4087,-110,76,1544,1544,1,0,0
4088,-298,65,-1556,-1556,0,1,0
4089,-292,54,-1544,-1544,2,1,0
4090,-243,47,-1520,-1520,1,1,0
4091,-278,37,-1551,-1551,0,1,0
4092,-253,27,-1563,-1563,0,0,0
4093,-158,20,-1525,-1525,1,0,0
4094,-44,16,1515,1515,0,0,0
4095,52,17,1541,1541,-1,0,0
4096,88,19,1555,1555,0,0,0
4097,77,20,1556,1556,1,0,0
4098,45,21,1536,1536,0,0,0
4099,15,21,1516,1516,0,0,0
4100,-2,20,1502,1502,0,0,0
4101,-41,20,0,0,1,1,0
4102,-134,15,-1545,-1545,1,0,0
4103,-137,9,-1558,-1558,0,0,0
4104,-111,5,-1555,-1555,0,0,0
4105,-147,0,-1582,-1582,0,0,0
4106,-87,-5,-1562,-1562,0,0,0
4107,19,-5,-1516,-1516,0,0,0
4108,51,-4,-1502,-1502,0,0,0
4109,16,-4,-1532,-1532,0,-1,0
4110,-22,-5,-1561,-1561,-1,0,0
4111,-24,-7,-1572,-1572,-1,0,0
4112,-7,-8,-1572,-1572,0,-1,0
4113,-8,-9,-1589,-1589,0,-2,0
4114,-17,-10,-1599,-1599,-1,0,0
4115,-14,-12,-1602,-1602,0,-1,0
4116,24,-17,-1601,-1601,-1,-1,0
4117,200,-12,-1534,-1534,-1,-2,0
4118,239,-4,-1515,-1515,-1,-1,0
4119,184,0,-1544,-1544,-1,-1,0
4120,205,4,-1535,-1535,-1,-1,0
4121,312,10,1528,1528,0,-1,0
4122,453,24,1593,1593,-2,-1,0
4123,420,37,1576,1576,-1,-2,0
4124,375,47,1572,1572,0,-1,0
4125,357,58,1592,1592,0,0,0
4126,300,67,1587,1587,0,0,0
4127,235,74,1574,1574,0,0,0
4128,168,79,1557,1557,0,0,0
4129,97,81,1554,1554,1,1,0
4130,43,81,1542,1542,0,1,0
4131,28,80,1566,1566,2,1,0
4132,16,80,1557,1557,0,0,0
4133,-34,78,1549,1549,1,1,0
4134,-126,75,1515,1515,1,1,0
4135,-232,69,-1538,-1538,0,1,0
4136,-312,58,-1565,-1565,2,1,0
4137,-276,48,-1568,-1568,0,0,0
4138,-262,39,-1580,-1580,0,0,0
4139,-232,29,-1572,-1572,0,1,0
4140,-146,23,-1554,-1554,0,-1,0
4141,-52,19,-1528,-1528,-1,0,0
4142,26,19,-1506,-1506,-1,0,0
4143,54,19,-1502,-1502,0,-1,0
4144,32,20,-1532,-1532,-1,-1,0
4145,-1,19,-1555,-1555,0,-1,0
4146,14,18,-1553,-1553,-1,0,0
4147,59,14,-1540,-1540,0,-1,0
4148,215,19,1515,1515,-2,-1,0
4149,266,27,1548,1548,0,-1,0
4150,248,35,1536,1536,-1,-1,0
4151,244,41,1552,1552,0,0,0
4152,244,48,1568,1568,0,0,0
4153,236,54,1579,1579,0,0,0
4154,189,60,1568,1568,0,0,0
4155,129,63,1557,1557,0,1,0
4156,105,64,1570,1570,1,1,0
4157,109,66,1574,1574,0,0,0
4158,105,69,1603,1603,2,1,0
4159,93,70,1605,1605,0,1,0
4160,101,72,1624,1624,1,1,0
4161,120,75,1648,1648,1,1,0
4162,39,82,1625,1625,1,1,0
4163,-303,71,-1539,-1539,1,1,0
4164,-382,57,-1584,-1584,1,1,0
4165,-278,47,-1527,-1527,1,2,0
4166,-246,38,-1537,-1537,0,0,0
4167,-216,29,-1523,-1523,1,1,0
4168,-141,24,-1508,-1508,0,0,0
4169,-78,20,1516,1516,1,0,0
4170,23,18,1552,1552,0,0,0
4171,90,20,1575,1575,0,0,0
4172,81,22,1564,1564,0,0,0
4173,55,23,1546,1546,0,0,0
4174,38,23,1534,1534,0,0,0
4175,-4,23,1519,1519,1,0,0
4176,-63,21,-1508,-1508,0,1,0
4177,-61,18,-1515,-1515,0,0,0
4178,-49,16,-1517,-1517,0,0,0
4179,-76,12,-1538,-1538,0,0,0
4180,-29,9,-1522,-1522,0,0,0
4181,61,11,1509,1509,0,-1,0
4182,58,13,1508,1508,0,0,0
4183,22,12,-1531,-1531,-1,-1,0
4184,19,12,-1531,-1531,0,0,0
4185,14,12,-1531,-1531,0,0,0
4186,-14,10,-1554,-1554,0,-1,0
4187,-14,9,-1572,-1572,-1,-1,0
4188,5,8,-1578,-1578,-1,-1,0
4189,11,8,-1568,-1568,0,0,0
4190,6,5,-1576,-1576,0,-1,0
4191,84,4,-1543,-1543,-1,0,0
4192,181,10,1507,1507,0,-1,0
4193,138,14,-1522,-1522,-1,-1,0
4194,128,15,-1526,-1526,0,-1,0
4195,216,21,1502,1502,-2,-1,0
4196,266,30,1546,1546,0,0,0
4197,236,36,1529,1529,-1,-1,0
4198,232,42,1544,1544,0,0,0
4199,243,49,1567,1567,0,0,0
4200,190,55,1556,1556,0,0,0
4201,127,59,1536,1536,0,0,0
4202,77,60,1529,1529,0,1,0
4203,75,61,1543,1543,1,0,0
4204,79,62,1547,1547,0,0,0
4205,66,63,1553,1553,0,1,0
4206,36,63,1558,1558,1,1,0
4207,13,63,1563,1563,1,1,0
4208,-6,62,1557,1557,0,1,0
4209,-68,63,1531,1531,1,0,0
4210,-263,54,-1567,-1567,0,1,0
4211,-293,43,-1590,-1590,0,1,0
4212,-209,35,-1545,-1545,1,1,0
4213,-211,27,-1563,-1563,0,0,0
4214,-181,20,-1564,-1564,-1,1,0
4215,-105,15,-1538,-1538,0,0,0
4216,-23,13,-1508,-1508,0,0,0
4217,21,12,-1503,-1503,-1,0,0
4218,21,12,-1514,-1514,0,-1,0
4219,-13,11,-1543,-1543,-1,0,0
4220,-33,9,-1563,-1563,-1,0,0
4221,-10,7,-1571,-1571,-1,-1,0
4222,5,7,-1569,-1569,0,-1,0
4223,-5,5,-1580,-1580,-1,0,0
4224,27,5,-1579,-1579,-1,-1,0
4225,76,6,-1555,-1555,-1,0,0
4226,141,9,-1532,-1532,-1,-1,0
4227,180,13,-1509,-1509,0,-1,0
4228,196,13,-1512,-1512,-1,-1,0
4229,365,22,1560,1560,-2,-1,0
4230,440,35,1613,1613,0,-1,0
4231,432,47,1625,1625,-1,0,0
4232,439,60,1644,1644,0,-1,0
4233,399,71,1648,1648,0,0,0
4234,336,81,1648,1648,0,1,0
4235,270,89,1631,1631,0,0,0
4236,193,95,1626,1626,1,1,0
4237,101,98,1587,1587,0,0,0
4238,15,101,1580,1580,2,1,0
4239,-123,96,1534,1534,1,2,0
4240,-98,90,1553,1553,1,1,0
4241,-17,88,1591,1591,0,1,0
4242,-59,88,1581,1581,2,0,0
4243,-263,78,-1506,-1506,1,2,0
4244,-286,67,-1521,-1521,1,1,0
4245,-232,61,1504,1504,1,1,0
4246,-314,51,-1541,-1541,1,1,0
4247,-316,38,-1550,-1550,1,1,0
4248,-209,29,-1523,-1523,0,0,0
4249,-93,24,1524,1524,0,1,0
4250,-20,23,1543,1543,0,0,0
4251,-14,22,1543,1543,1,0,0
4252,39,21,1556,1556,0,0,0
4253,113,25,1588,1588,0,0,0
4254,6,25,1529,1529,0,0,0
4255,-55,21,0,0,1,0,0
4256,-9,22,1535,1535,1,1,0
4257,-90,19,-1515,-1515,0,0,0
4258,-142,13,-1533,-1533,1,1,0
4259,-89,10,-1520,-1520,0,0,0
4260,-108,6,-1541,-1541,0,0,0
4261,-101,0,-1548,-1548,0,0,0
4262,14,0,-1501,-1501,0,0,0
4263,91,1,1523,1523,0,-1,0
4264,76,4,1506,1506,-1,0,0
4265,33,4,-1514,-1514,0,0,0
4266,5,3,-1530,-1530,0,0,0
4267,19,3,-1523,-1523,0,0,0
4268,29,3,-1518,-1518,0,0,0
4269,16,3,-1535,-1535,0,-1,0
4270,11,2,-1546,-1546,-1,0,0
4271,9,2,-1546,-1546,0,0,0
4272,3,2,-1556,-1556,-1,0,0
4273,1,1,-1565,-1565,0,-1,0
4274,-1,0,-1571,-1571,0,-1,0
4275,-8,0,-1590,-1590,-1,-1,0
4276,-9,-1,-1593,-1593,0,-1,0
4277,12,-5,-1591,-1591,-1,0,0
4278,142,-3,-1528,-1528,0,-1,0
4279,214,2,-1519,-1519,-2,-2,0
4280,211,8,-1512,-1512,0,-1,0
4281,231,15,1507,1507,-1,0,0
4282,235,19,-1505,-1505,-1,-2,0
4283,321,27,1549,1549,0,-1,0
4284,376,39,1571,1571,-2,-1,0
4285,316,49,1568,1568,0,0,0
4286,238,56,1542,1542,0,-1,0
4287,184,60,1533,1533,0,0,0
4288,161,65,1537,1537,0,0,0
4289,101,68,1520,1520,0,0,0
4290,32,69,-1504,-1504,0,0,0
4291,-33,66,-1521,-1521,1,0,0
4292,-54,63,-1510,-1510,1,1,0
4293,-48,61,-1510,-1510,0,0,0
4294,-36,59,-1505,-1505,0,0,0
4295,-29,57,-1514,-1514,0,-1,0
4296,-19,55,-1509,-1509,0,0,0
4297,-17,53,-1508,-1508,0,0,0
4298,-23,51,-1522,-1522,-1,0,0
4299,-23,49,-1531,-1531,0,-1,0
4300,-9,48,-1543,-1543,-1,-1,0
4301,17,45,-1526,-1526,0,0,0
4302,97,47,1520,1520,0,0,0
4303,84,50,1510,1510,0,-1,0
4304,47,48,-1514,-1514,-1,0,0
4305,117,51,1528,1528,0,0,0
4306,109,55,1533,1533,0,0,0
4307,45,55,1518,1518,1,0,0
4308,18,54,1515,1515,0,1,0
4309,49,54,1530,1530,0,0,0
4310,77,55,1545,1545,0,0,0
4311,83,57,1579,1579,2,1,0
4312,77,58,1582,1582,0,1,0
4313,86,59,1602,1602,1,1,0
4314,102,61,1604,1604,0,0,0
4315,107,64,1622,1622,1,1,0
4316,75,67,1632,1632,1,2,0
4317,-55,68,1578,1578,1,1,0
4318,-262,59,-1533,-1533,1,0,0
4319,-283,48,-1544,-1544,1,1,0
4320,-246,41,-1527,-1527,0,2,0
4321,-303,30,-1549,-1549,2,1,0
4322,-254,21,-1552,-1552,0,0,0
4323,-150,14,-1523,-1523,0,0,0
4324,-67,11,1502,1502,0,0,0
4325,-43,7,1501,1501,0,0,0
4326,20,6,1519,1519,0,0,0
4327,108,9,1558,1558,0,0,0
4328,79,11,1542,1542,0,0,0
4329,4,10,1510,1510,0,1,0
4330,28,10,1515,1515,0,0,0
4331,34,11,1524,1524,1,0,0
4332,-21,9,-1509,-1509,0,0,0
4333,-10,8,-1510,-1510,0,0,0
4334,13,8,-1503,-1503,0,0,0
4335,-34,6,-1529,-1529,0,0,0
4336,-26,4,-1531,-1531,0,0,0
4337,50,5,-1517,-1517,-1,-1,0
4338,37,5,-1521,-1521,0,0,0
4339,-1,4,-1539,-1539,0,0,0
4340,-8,3,-1563,-1563,-1,-1,0
4341,-8,2,-1570,-1570,0,-1,0
4342,-14,1,-1589,-1589,-1,-1,0
4343,-6,0,-1579,-1579,0,0,0
4344,10,0,-1587,-1587,-1,-1,0
4345,18,-4,-1589,-1589,0,-1,0
4346,146,-2,-1537,-1537,-1,-1,0
4347,232,4,1502,1502,-1,-1,0
4348,174,9,-1531,-1531,-1,-1,0
4349,200,12,-1523,-1523,-1,-1,0
4350,349,22,1563,1563,0,-1,0
4351,365,34,1575,1575,-1,-1,0
4352,300,43,1556,1556,0,-1,0
4353,264,49,1549,1549,-1,0,0
4354,280,58,1578,1578,0,0,0
4355,233,65,1573,1573,0,0,0
4356,168,70,1576,1576,1,1,0
4357,113,72,1555,1555,0,0,0
4358,104,73,1576,1576,1,1,0
4359,110,75,1591,1591,0,1,0
4360,100,77,1606,1606,1,1,0
4361,40,79,1585,1585,0,1,0
4362,-85,76,1536,1536,1,1,0
4363,-164,72,1507,1507,1,1,0
4364,-236,66,-1522,-1522,1,1,0
4365,-297,55,-1563,-1563,0,1,0
4366,-307,44,-1569,-1569,1,1,0
4367,-299,33,-1578,-1578,0,1,0
4368,-217,25,-1559,-1559,0,0,0
4369,-116,19,-1526,-1526,0,0,0
4370,-14,16,1522,1522,0,1,0
4371,50,16,1536,1536,-1,0,0
4372,62,18,1537,1537,0,0,0
4373,28,18,1516,1516,0,0,0
4374,-19,17,-1512,-1512,0,0,0
4375,-14,15,-1504,-1504,1,0,0
4376,1,15,-1501,-1501,0,0,0
4377,-10,13,-1523,-1523,-1,0,0
4378,14,12,-1513,-1513,0,0,0
4379,33,12,-1506,-1506,0,0,0
4380,18,12,-1524,-1524,0,-1,0
4381,12,11,-1526,-1526,0,0,0
4382,25,11,-1529,-1529,-1,0,0
4383,27,11,-1536,-1536,0,-1,0
4384,13,10,-1561,-1561,-2,0,0
4385,12,10,-1566,-1566,0,-1,0
4386,20,10,-1566,-1566,-1,0,0
4387,23,9,-1568,-1568,0,-1,0
4388,24,8,-1580,-1580,-1,-1,0
4389,80,9,-1564,-1564,-1,-1,0
4390,177,10,-1526,-1526,-1,-1,0
4391,372,19,1569,1569,-1,-1,0
4392,430,32,1613,1613,-1,0,0
4393,361,43,1593,1593,0,-1,0
4394,317,52,1583,1583,0,-1,0
4395,315,61,1593,1593,-1,0,0
4396,272,69,1591,1591,0,0,0
4397,212,75,1578,1578,0,0,0
4398,149,79,1579,1579,1,1,0
4399,81,81,1562,1562,0,1,0
4400,41,80,1544,1544,0,0,0
4401,67,81,1568,1568,0,1,0
4402,98,83,1605,1605,1,1,0
4403,92,86,1611,1611,0,1,0
4404,21,89,1596,1596,1,1,0
4405,-131,83,1529,1529,1,1,0
4406,-92,78,1553,1553,1,1,0
4407,-25,78,1596,1596,1,1,0
4408,-145,74,1543,1543,1,1,0
4409,-325,62,-1549,-1549,1,1,0
4410,-310,51,-1546,-1546,1,1,0
4411,-284,43,-1536,-1536,1,1,0
4412,-318,31,-1569,-1569,0,1,0
4413,-238,21,-1545,-1545,1,0,0
4414,-125,15,-1511,-1511,0,0,0
4415,-8,12,1530,1530,0,0,0
4416,91,14,1560,1560,-1,0,0
4417,128,17,1575,1575,0,0,0
4418,116,20,1566,1566,0,0,0
4419,89,22,1551,1551,0,0,0
4420,51,25,1541,1541,1,0,0
4421,-19,23,1511,1511,0,1,0
4422,-9,22,1509,1509,0,0,0
4423,5,23,1541,1541,2,1,0
4424,-126,18,-1534,-1534,0,0,0
4425,-182,11,-1566,-1566,0,1,0
4426,-139,7,-1546,-1546,1,0,0
4427,-161,1,-1560,-1560,0,1,0
4428,-148,-5,-1569,-1569,0,0,0
4429,-49,-9,-1532,-1532,0,0,0
4430,44,-8,-1502,-1502,0,-1,0
4431,60,-6,-1506,-1506,-1,0,0
4432,30,-6,-1522,-1522,0,0,0
4433,-6,-6,-1550,-1550,0,-1,0
4434,-26,-8,-1580,-1580,-1,-1,0
4435,-25,-10,-1587,-1587,-1,0,0
4436,-20,-11,-1592,-1592,0,-1,0
4437,-31,-12,-1603,-1603,-1,0,0
4438,-45,-15,-1616,-1616,0,-1,0
4439,-51,-17,-1634,-1634,-1,-1,0
4440,-33,-20,-1650,-1650,-2,-1,0
4441,52,-24,-1612,-1612,0,-1,0
4442,281,-17,-1504,-1504,-1,-1,0
4443,407,-6,1551,1551,-1,-2,0
4444,429,6,1559,1559,-2,-1,0
4445,410,18,1550,1550,-1,-2,0
4446,361,28,1545,1545,0,-1,0
4447,342,38,1542,1542,-1,-1,0
4448,317,47,1558,1558,0,0,0
4449,252,54,1549,1549,0,0,0
4450,184,60,1534,1534,0,0,0
4451,113,63,1514,1514,0,0,0
4452,41,64,-1511,-1511,0,0,0
4453,-22,63,-1534,-1534,0,0,0
4454,-39,60,-1529,-1529,1,0,0
4455,-2,58,-1509,-1509,0,0,0
4456,18,58,-1507,-1507,-1,0,0
4457,-2,57,-1513,-1513,0,0,0
4458,-10,55,-1515,-1515,0,0,0
4459,2,54,-1507,-1507,0,0,0
4460,13,54,-1510,-1510,-1,0,0
4461,15,53,-1526,-1526,-1,-1,0
4462,15,52,-1521,-1521,0,0,0
4463,48,52,-1510,-1510,0,-1,0
4464,130,55,1528,1528,-1,0,0
4465,157,56,1539,1539,0,-1,0
4466,238,62,1590,1590,0,0,0
4467,233,68,1601,1601,0,0,0
4468,166,73,1578,1578,0,0,0
4469,108,76,1567,1567,0,1,0
4470,65,77,1559,1559,0,1,0
4471,57,77,1565,1565,1,0,0
4472,95,78,1603,1603,1,1,0
4473,119,81,1633,1633,1,1,0
4474,92,83,1634,1634,1,1,0
4475,51,87,1619,1619,0,1,0
4476,-74,85,1568,1568,1,1,0
4477,-118,79,1561,1561,2,1,0
4478,-108,76,1569,1569,1,1,0
4479,-255,68,1508,1508,1,2,0
4480,-386,55,-1555,-1555,2,1,0
4481,-346,43,-1545,-1545,1,1,0
4482,-314,33,-1549,-1549,0,1,0
4483,-291,22,-1546,-1546,1,1,0
4484,-206,13,-1531,-1531,0,0,0
4485,-100,8,1510,1510,1,0,0
4486,-26,5,1538,1538,1,0,0
4487,41,5,1557,1557,0,0,0
4488,79,8,1577,1577,0,1,0
4489,19,8,1537,1537,0,0,0
4490,-26,6,1515,1515,1,0,0
4491,-32,6,1512,1512,0,1,0
4492,-83,3,-1524,-1524,0,0,0
4493,-100,-1,-1525,-1525,1,1,0
4494,-80,-3,-1527,-1527,0,0,0
4495,-100,-7,-1539,-1539,0,1,0
4496,-55,-11,-1529,-1529,0,0,0
4497,54,-11,1507,1507,-1,0,0
4498,80,-8,1506,1506,0,-1,0
4499,34,-8,-1517,-1517,0,0,0
4500,8,-9,-1541,-1541,-1,0,0
4501,4,-9,-1534,-1534,0,1,0
4502,5,-9,-1544,-1544,0,-1,0
4503,-12,-11,-1554,-1554,0,0,0
4504,-7,-12,-1562,-1562,-1,0,0
4505,-8,-12,-1572,-1572,-1,0,0
4506,-34,-14,-1593,-1593,0,-1,0
4507,-41,-16,-1604,-1604,0,-1,0
4508,-36,-18,-1608,-1608,-1,0,0
4509,-42,-20,-1627,-1627,-1,-1,0
4510,-42,-22,-1631,-1631,0,-1,0
4511,-4,-24,-1637,-1637,-2,-1,0
4512,50,-25,-1620,-1620,-1,-1,0
4513,199,-24,-1545,-1545,0,-1,0
4514,397,-12,1543,1543,-1,-2,0
4515,413,0,1547,1547,-2,-1,0
4516,396,10,1547,1547,-1,-1,0
4517,409,22,1552,1552,-1,-2,0
4518,378,33,1557,1557,0,-1,0
4519,316,42,1554,1554,0,0,0
4520,250,49,1534,1534,0,-1,0
4521,181,55,1520,1520,0,0,0
4522,110,58,1501,1501,0,0,0
4523,37,59,-1523,-1523,0,0,0
4524,-21,57,-1543,-1543,0,0,0
4525,-41,55,-1548,-1548,0,0,0
4526,-18,53,-1534,-1534,0,0,0
4527,4,52,-1529,-1529,-1,0,0
4528,-4,51,-1538,-1538,-1,0,0
4529,-21,49,-1541,-1541,0,0,0
4530,-14,47,-1535,-1535,0,0,0
4531,31,46,-1530,-1530,-1,-1,0
4532,113,47,1518,1518,0,0,0
4533,169,50,1543,1543,0,-1,0
4534,215,56,1567,1567,-1,0,0
4535,158,60,1551,1551,0,0,0
4536,122,63,1552,1552,1,0,0
4537,85,65,1539,1539,0,0,0
4538,29,65,1525,1525,0,1,0
4539,22,64,1542,1542,1,1,0
4540,70,65,1563,1563,0,0,0
4541,91,66,1602,1602,2,1,0
4542,75,67,1590,1590,0,0,0
4543,69,68,1612,1612,1,2,0
4544,68,71,1624,1624,1,1,0
4545,-11,73,1578,1578,0,0,0
4546,-142,67,1531,1531,2,1,0
4547,-194,59,1506,1506,1,1,0
4548,-240,50,-1508,-1508,1,2,0
4549,-246,44,-1523,-1523,1,0,0
4550,-316,33,-1562,-1562,1,1,0
4551,-302,22,-1562,-1562,1,1,0
4552,-214,13,-1544,-1544,0,0,0
4553,-128,7,-1512,-1512,0,1,0
4554,-29,3,1509,1509,0,-1,0
4555,76,4,1549,1549,0,0,0
4556,141,8,1577,1577,0,0,0
4557,137,12,1573,1573,0,0,0
4558,109,14,1556,1556,0,0,0
4559,83,16,1541,1541,0,0,0
4560,83,17,1548,1548,0,1,0
4561,74,19,1551,1551,1,0,0
4562,25,20,1532,1532,0,1,0
4563,-42,20,-1505,-1505,0,0,0
4564,-81,15,-1523,-1523,1,0,0
4565,-64,13,-1504,-1504,1,1,0
4566,-116,9,-1541,-1541,0,0,0
4567,-122,3,-1556,-1556,0,0,0
4568,-14,0,-1513,-1513,0,0,0
4569,82,3,1520,1520,0,-1,0
4570,64,4,1511,1511,0,0,0
4571,29,4,-1508,-1508,0,0,0
4572,37,5,-1506,-1506,0,0,0
4573,39,5,-1505,-1505,0,0,0
4574,4,5,-1525,-1525,0,0,0
4575,-23,3,-1539,-1539,0,0,0
4576,19,3,-1521,-1521,0,0,0
4577,29,3,-1516,-1516,0,0,0
4578,0,2,-1542,-1542,0,-1,0
4579,-19,1,-1560,-1560,-1,0,0
4580,-27,0,-1583,-1583,-1,-1,0
4581,-29,-1,-1590,-1590,0,-1,0
4582,-23,-3,-1593,-1593,0,-1,0
4583,-21,-5,-1598,-1598,-1,0,0
4584,-9,-8,-1598,-1598,0,-1,0
4585,75,-10,-1582,-1582,-1,-2,0
4586,195,-4,-1518,-1518,0,-1,0
4587,150,0,-1545,-1545,-2,0,0
4588,103,1,-1585,-1585,-1,-2,0
4589,204,4,-1528,-1528,0,-1,0
4590,339,14,1541,1541,-1,-1,0
4591,344,24,1528,1528,-2,-2,0
4592,364,34,1555,1555,0,-1,0
4593,404,45,1582,1582,-1,-1,0
4594,386,57,1602,1602,0,0,0
4595,319,67,1594,1594,0,0,0
4596,250,74,1581,1581,0,0,0
4597,180,80,1563,1563,0,0,0
4598,112,83,1542,1542,0,0,0
4599,71,83,1540,1540,1,0,0
4600,64,84,1552,1552,0,1,0
4601,40,84,1573,1573,2,1,0
4602,-35,82,1542,1542,0,1,0
4603,-79,78,1533,1533,1,1,0
4604,-101,74,1523,1523,1,0,0
4605,-124,73,1513,1513,0,1,0
4606,-261,66,-1536,-1536,2,1,0
4607,-326,54,-1569,-1569,0,2,0
4608,-291,44,-1564,-1564,1,0,0
4609,-301,33,-1591,-1591,0,0,0
4610,-261,23,-1582,-1582,0,1,0
4611,-171,16,-1556,-1556,0,0,0
4612,-75,12,-1541,-1541,-1,-1,0
4613,9,10,-1507,-1507,0,0,0
4614,49,10,1510,1510,0,0,0
4615,52,11,-1521,-1521,-2,-1,0
4616,25,11,-1542,-1542,0,-1,0
4617,30,10,-1557,-1557,-1,-1,0
4618,58,10,-1538,-1538,0,0,0
4619,129,11,-1517,-1517,-1,-1,0
4620,204,17,1532,1532,0,0,0
4621,169,21,-1504,-1504,-2,-1,0
4622,191,25,1520,1520,0,0,0
4623,254,33,1555,1555,0,-1,0
4624,242,40,1546,1546,-1,-1,0
4625,201,44,1540,1540,0,0,0
4626,208,51,1558,1558,0,0,0
4627,156,55,1545,1545,0,0,0
4628,87,57,1540,1540,1,1,0
4629,52,57,1535,1535,0,1,0
4630,56,57,1537,1537,0,0,0
4631,71,59,1575,1575,2,1,0
4632,80,60,1577,1577,0,0,0
4633,87,61,1598,1598,1,1,0
4634,96,63,1616,1616,1,1,0
4635,79,66,1613,1613,0,1,0
4636,-11,69,1593,1593,2,1,0
4637,-214,62,-1503,-1503,1,1,0
4638,-297,51,-1556,-1556,0,1,0
4639,-295,40,-1557,-1557,1,1,0
4640,-232,32,-1529,-1529,1,1,0
4641,-178,26,-1524,-1524,0,0,0
4642,-156,19,-1512,-1512,1,1,0
4643,-90,15,1503,1503,0,0,0
4644,-29,12,1518,1518,0,0,0
4645,44,11,1542,1542,0,0,0
4646,103,14,1565,1565,0,0,0
4647,74,16,1548,1548,0,0,0
4648,17,15,1514,1514,0,0,0
4649,20,15,1511,1511,0,0,0
4650,13,15,1513,1513,1,0,0
4651,-19,13,-1508,-1508,0,0,0
4652,-15,12,-1512,-1512,0,0,0
4653,-12,12,-1514,-1514,0,0,0
4654,-63,9,-1544,-1544,0,0,0
4655,-18,6,-1527,-1527,0,0,0
4656,58,8,-1502,-1502,0,-1,0
4657,45,9,-1517,-1517,-1,0,0
4658,6,8,-1535,-1535,0,0,0
4659,-5,7,-1551,-1551,0,-1,0
4660,-16,6,-1573,-1573,-1,-1,0
4661,-31,4,-1597,-1597,-1,-1,0
4662,-27,2,-1599,-1599,0,-1,0
4663,-6,0,-1592,-1592,-1,0,0
4664,39,-2,-1577,-1577,0,-1,0
4665,174,2,-1520,-1520,-1,-1,0
4666,172,7,-1535,-1535,-2,-1,0
4667,136,9,-1547,-1547,0,-1,0
4668,264,15,1512,1512,-1,-1,0
4669,336,26,1541,1541,-1,-2,0
4670,317,34,1556,1556,0,0,0
4671,348,44,1564,1564,-2,-1,0
4672,334,54,1583,1583,0,0,0
4673,270,62,1573,1573,0,0,0
4674,201,68,1558,1558,0,0,0
4675,137,72,1550,1550,1,0,0
4676,101,73,1550,1550,1,0,0
4677,101,75,1565,1565,0,1,0
4678,99,77,1578,1578,1,0,0
4679,45,78,1573,1573,0,2,0
4680,-68,75,1532,1532,1,1,0
4681,-107,70,1503,1503,0,0,0
4682,-57,68,1540,1540,1,1,0
4683,-85,69,1539,1539,1,1,0
4684,-275,59,-1559,-1559,0,1,0
4685,-291,48,-1566,-1566,1,1,0
4686,-235,40,-1559,-1559,0,0,0
4687,-241,31,-1569,-1569,0,1,0
4688,-189,23,-1561,-1561,0,0,0
4689,-94,18,-1527,-1527,0,0,0
4690,1,16,1510,1510,0,0,0
4691,60,16,1512,1512,-1,-1,0
4692,69,18,1517,1517,0,0,0
4693,40,18,1503,1503,0,0,0
4694,16,17,-1521,-1521,-1,0,0
4695,30,17,-1514,-1514,0,0,0
4696,48,18,-1504,-1504,0,0,0
4697,39,18,-1508,-1508,0,0,0
4698,20,18,-1526,-1526,-1,0,0
4699,23,18,-1533,-1533,0,-1,0
4700,25,18,-1529,-1529,0,0,0
4701,27,17,-1547,-1547,-1,-1,0
4702,39,18,-1544,-1544,0,-1,0
4703,31,15,-1545,-1545,0,0,0
4704,124,16,-1514,-1514,-1,-1,0
4705,206,22,1538,1538,0,0,0
4706,202,28,1528,1528,-1,-1,0
4707,181,33,1511,1511,-1,-1,0
4708,188,37,1529,1529,0,0,0
4709,204,43,1550,1550,0,0,0
4710,148,48,1545,1545,1,0,0
4711,79,49,1538,1538,1,1,0
4712,37,49,1518,1518,0,0,0
4713,38,49,1529,1529,0,1,0
4714,53,49,1546,1546,1,0,0
4715,64,50,1559,1559,0,1,0
4716,70,51,1579,1579,1,1,0
4717,81,53,1598,1598,1,1,0
4718,75,54,1609,1609,1,1,0
4719,24,59,1589,1589,1,0,0
4720,-188,52,-1518,-1518,0,1,0
4721,-292,41,-1568,-1568,1,1,0
4722,-259,32,-1564,-1564,0,1,0
4723,-208,24,-1538,-1538,1,1,0
4724,-157,17,-1522,-1522,1,0,0
4725,-94,14,-1507,-1507,0,0,0
4726,-46,10,1503,1503,0,0,0
4727,16,9,1522,1522,0,0,0
4728,51,9,1532,1532,0,0,0
4729,75,11,1540,1540,0,0,0
4730,57,13,1527,1527,0,0,0
4731,14,12,1502,1502,0,0,0
4732,-16,10,-1518,-1518,0,0,0
4733,-14,10,0,0,1,1,0
4734,-48,9,-1522,-1522,0,0,0
4735,-78,4,-1555,-1555,0,-1,0
4736,-15,2,-1529,-1529,0,0,0
4737,21,3,-1524,-1524,-1,0,0
4738,3,2,-1534,-1534,0,0,0
4739,-3,1,-1538,-1538,0,0,0
4740,-1,0,-1548,-1548,0,-1,0
4741,-13,0,-1562,-1562,-1,0,0
4742,-32,-2,-1590,-1590,-1,-1,0
4743,-32,-4,-1597,-1597,0,-1,0
4744,-25,-5,-1599,-1599,0,-1,0
4745,-22,-7,-1602,-1602,-1,0,0
4746,-14,-10,-1614,-1614,-1,-1,0
4747,67,-13,-1580,-1580,0,-1,0
4748,224,-6,-1529,-1529,-2,-2,0
4749,214,0,-1524,-1524,-1,0,0
4750,238,5,-1523,-1523,-1,-2,0
4751,322,12,1519,1519,-1,-1,0
4752,437,26,1584,1584,-1,-1,0
4753,405,37,1577,1577,-1,-1,0
4754,380,47,1582,1582,0,-1,0
4755,392,59,1605,1605,0,-1,0
4756,329,69,1600,1600,0,0,0
4757,254,77,1584,1584,0,0,0
4758,179,82,1563,1563,0,0,0
4759,121,84,1556,1556,0,1,0
4760,107,86,1567,1567,1,0,0
4761,100,88,1588,1588,1,1,0
4762,48,89,1574,1574,1,0,0
4763,-48,86,1533,1533,0,1,0
4764,-67,82,1528,1528,1,0,0
4765,-45,80,1552,1552,1,1,0
4766,-65,78,1543,1543,0,1,0
4767,-92,74,1549,1549,2,1,0
4768,-91,71,1557,1557,1,1,0
4769,-146,68,1527,1527,0,1,0
4770,-263,59,-1531,-1531,1,1,0
4771,-257,50,-1540,-1540,0,1,0
4772,-232,42,-1517,-1517,2,1,0
4773,-242,33,-1546,-1546,0,0,0
4774,-209,25,-1541,-1541,0,1,0
4775,-118,20,-1514,-1514,0,0,0
4776,-70,16,-1504,-1504,0,0,0
4777,-54,13,-1508,-1508,0,0,0
4778,21,12,1519,1519,0,0,0
4779,83,13,1534,1534,0,-1,0
4780,83,15,1533,1533,0,0,0
4781,53,16,1517,1517,0,0,0
4782,36,16,1505,1505,0,0,0
4783,32,16,1502,1502,0,0,0
4784,11,16,0,0,0,1,0
4785,-23,14,-1511,-1511,1,0,0
4786,-2,13,-1507,-1507,0,0,0
4787,5,13,-1507,-1507,0,0,0
4788,3,11,-1522,-1522,-1,0,0
4789,47,12,-1501,-1501,0,0,0
4790,60,13,1507,1507,0,0,0
4791,42,14,-1513,-1513,0,-1,0
4792,37,14,-1514,-1514,0,0,0
4793,32,14,-1515,-1515,0,0,0
4794,20,14,-1530,-1530,0,-1,0
4795,12,13,-1543,-1543,-1,0,0
4796,26,13,-1543,-1543,0,-1,0
4797,38,13,-1552,-1552,-1,-1,0
4798,39,12,-1557,-1557,0,-1,0
4799,109,11,-1516,-1516,0,0,0
4800,243,19,1552,1552,0,-1,0
4801,201,26,1524,1524,-1,-1,0
4802,121,29,-1502,-1502,0,0,0
4803,107,30,-1511,-1511,0,-1,0
4804,155,35,1525,1525,0,0,0
4805,105,39,1511,1511,0,0,0
4806,27,39,-1521,-1521,0,0,0
4807,19,37,-1523,-1523,0,0,0
4808,71,39,1509,1509,0,0,0
4809,33,40,-1506,-1506,0,0,0
4810,-3,38,-1522,-1522,0,0,0
4811,-2,37,-1520,-1520,0,0,0
4812,8,36,-1515,-1515,0,0,0
4813,34,36,0,0,0,0,0
4814,27,36,-1502,-1502,0,0,0
4815,19,35,-1516,-1516,-1,0,0
4816,34,36,-1505,-1505,0,0,0
4817,4,36,-1518,-1518,0,0,0
4818,-11,33,-1525,-1525,0,0,0
4819,27,34,-1526,-1526,-2,0,0
4820,13,33,-1528,-1528,0,0,0
4821,0,31,-1533,-1533,0,0,0
4822,77,32,-1512,-1512,-1,-1,0
4823,121,35,1518,1518,0,0,0
4824,127,37,1518,1518,-1,0,0
4825,161,41,1543,1543,0,0,0
4826,158,46,1541,1541,-1,0,0
4827,101,49,1521,1521,0,0,0
4828,60,49,1527,1527,1,1,0
4829,63,49,1530,1530,0,0,0
4830,64,50,1541,1541,0,1,0
4831,47,50,1542,1542,0,1,0
4832,27,50,1550,1550,1,1,0
4833,30,50,1546,1546,0,0,0
4834,47,51,1570,1570,1,1,0
4835,38,52,1570,1570,0,1,0
4836,-4,53,1563,1563,1,1,0
4837,-89,50,1530,1530,1,1,0
4838,-121,45,1511,1511,1,0,0
4839,-136,40,-1501,-1501,0,1,0
4840,-274,31,-1558,-1558,1,2,0
4841,-284,21,-1575,-1575,0,1,0
4842,-245,12,-1578,-1578,0,0,0
4843,-178,4,-1564,-1564,0,0,0
4844,-75,0,-1528,-1528,0,0,0
4845,21,0,1509,1509,0,0,0
4846,65,0,1525,1525,0,0,0
4847,78,1,1527,1527,0,0,0
4848,61,2,1516,1516,0,0,0
4849,39,3,1502,1502,0,0,0
4850,41,3,1511,1511,1,0,0
4851,51,4,1522,1522,1,0,0
4852,2,4,1503,1503,0,1,0
4853,-80,0,-1545,-1545,0,0,0
4854,-50,-1,-1527,-1527,1,0,0
4855,-47,-3,-1543,-1543,0,-1,0
4856,-73,-7,-1563,-1563,0,0,0
4857,-12,-8,-1538,-1538,0,0,0
4858,37,-7,-1526,-1526,-1,0,0
4859,24,-7,-1543,-1543,0,-1,0
4860,0,-8,-1563,-1563,0,-1,0
4861,-6,-9,-1585,-1585,-1,-1,0
4862,-25,-11,-1599,-1599,-1,0,0
4863,-36,-13,-1611,-1611,0,-1,0
4864,-8,-14,-1603,-1603,-1,0,0
4865,18,-17,-1606,-1606,0,-2,0
4866,127,-17,-1565,-1565,-1,-1,0
4867,246,-9,-1510,-1510,-1,-1,0
4868,194,-3,-1537,-1537,-1,-1,0
4869,179,-1,-1558,-1558,-1,-2,0
4870,310,5,1507,1507,-1,-1,0
4871,413,19,1556,1556,-2,-1,0
4872,378,28,1557,1557,0,-1,0
4873,394,38,1571,1571,-1,-1,0
4874,420,51,1614,1614,0,0,0
4875,354,62,1597,1597,0,-1,0
4876,278,71,1583,1583,0,0,0
4877,206,77,1566,1566,0,0,0
4878,143,80,1568,1568,1,1,0
4879,117,82,1562,1562,0,0,0
4880,120,84,1590,1590,1,1,0
4881,98,87,1602,1602,1,1,0
4882,2,86,1573,1573,1,1,0
4883,-82,82,1523,1523,0,0,0
4884,-60,79,1546,1546,1,1,0
4885,-52,78,1561,1561,1,1,0
4886,-149,76,1534,1534,1,2,0
4887,-283,66,-1541,-1541,1,0,0
4888,-257,57,-1539,-1539,0,1,0
4889,-262,48,-1532,-1532,1,2,0
4890,-274,38,-1561,-1561,0,0,0
4891,-203,30,-1537,-1537,0,1,0
4892,-107,24,-1508,-1508,0,0,0
4893,-15,23,1524,1524,0,0,0
4894,10,21,1527,1527,0,0,0
4895,19,20,1525,1525,0,0,0
4896,60,21,1538,1538,0,0,0
4897,80,23,1545,1545,0,0,0
4898,53,23,1529,1529,0,0,0
4899,32,23,1526,1526,1,0,0
4900,3,23,1516,1516,1,0,0
4901,-16,21,1501,1501,0,0,0
4902,-9,20,-1501,-1501,0,0,0
4903,-25,19,1506,1506,1,1,0
4904,-45,16,-1511,-1511,0,0,0
4905,-43,15,-1517,-1517,0,0,0
4906,-61,12,-1532,-1532,0,0,0
4907,-39,10,-1528,-1528,0,0,0
4908,-9,8,-1520,-1520,0,0,0
4909,43,8,-1517,-1517,-1,-1,0
4910,68,9,-1502,-1502,0,0,0
4911,53,10,-1509,-1509,0,0,0
4912,33,10,-1537,-1537,-1,-1,0
4913,29,10,-1555,-1555,-1,-1,0
4914,25,10,-1561,-1561,0,-1,0
4915,25,9,-1565,-1565,0,-1,0
4916,49,9,-1557,-1557,-1,0,0
4917,128,8,-1523,-1523,0,-1,0
4918,281,17,1547,1547,-1,-1,0
4919,248,25,1539,1539,0,-1,0
4920,169,30,-1514,-1514,-2,-1,0
4921,160,32,-1504,-1504,0,0,0
4922,280,41,1574,1574,0,0,0
4923,257,50,1560,1560,-1,-1,0
4924,180,53,1536,1536,0,0,0
4925,220,57,1568,1568,0,0,0
4926,289,66,1618,1618,0,0,0
4927,230,73,1603,1603,0,0,0
4928,157,78,1578,1578,0,0,0
4929,113,80,1573,1573,0,1,0
4930,117,82,1589,1589,1,0,0
4931,126,84,1605,1605,0,1,0
4932,121,88,1605,1605,0,0,0
4933,20,88,1595,1595,2,2,0
4934,-120,83,1526,1526,0,1,0
4935,-111,80,1530,1530,1,0,0
4936,-122,80,1526,1526,0,1,0
4937,-298,70,-1545,-1545,1,2,0
4938,-371,56,-1594,-1594,0,1,0
4939,-319,45,-1572,-1572,1,1,0
4940,-260,35,-1555,-1555,1,0,0
4941,-244,26,-1558,-1558,0,1,0
4942,-167,18,-1541,-1541,0,0,0
4943,-58,14,-1502,-1502,0,0,0
4944,34,14,1524,1524,-1,0,0
4945,65,15,1535,1535,0,0,0
4946,39,16,1518,1518,0,0,0
4947,5,15,1508,1508,0,1,0
4948,7,14,1513,1513,1,0,0
4949,27,14,1526,1526,0,1,0
4950,21,15,1519,1519,0,0,0
4951,-100,13,-1536,-1536,1,0,0
4952,-175,5,-1585,-1585,0,0,0
4953,-89,2,-1542,-1542,0,1,0
4954,-94,-1,-1554,-1554,0,0,0
4955,-94,-6,-1574,-1574,0,-1,0
4956,4,-8,-1541,-1541,-1,0,0
4957,65,-6,-1512,-1512,0,0,0
4958,34,-5,-1536,-1536,0,-1,0
4959,-5,-7,-1564,-1564,-1,0,0
4960,-4,-8,-1581,-1581,-1,-1,0
4961,6,-8,-1582,-1582,0,-1,0
4962,4,-9,-1598,-1598,-1,-1,0
4963,10,-10,-1588,-1588,0,0,0
4964,29,-12,-1595,-1595,-1,-1,0
4965,132,-12,-1566,-1566,-1,-2,0
4966,258,-5,-1506,-1506,-1,-1,0
4967,293,3,1522,1522,-1,0,0
4968,314,12,1523,1523,-1,-2,0
4969,347,20,1552,1552,0,-1,0
4970,414,32,1590,1590,-2,0,0
4971,404,45,1603,1603,0,-1,0
4972,340,55,1596,1596,0,0,0
4973,273,63,1584,1584,0,0,0
4974,207,69,1578,1578,0,1,0
4975,137,73,1575,1575,2,0,0
4976,73,74,1557,1557,0,1,0
4977,47,74,1565,1565,1,1,0
4978,-7,74,1547,1547,0,1,0
4979,-117,70,1507,1507,1,1,0
4980,-201,66,-1542,-1542,0,0,0
4981,-312,55,-1572,-1572,2,2,0
4982,-291,45,-1583,-1583,0,0,0
4983,-240,36,-1566,-1566,0,1,0
4984,-223,27,-1575,-1575,0,0,0
4985,-145,20,-1550,-1550,0,0,0
4986,-52,16,-1536,-1536,-1,-1,0
4987,35,16,-1508,-1508,-1,0,0
4988,66,17,-1502,-1502,0,-1,0
4989,28,17,-1539,-1539,-1,-1,0
4990,1,16,-1569,-1569,-1,-1,0
4991,37,16,-1545,-1545,0,0,0
4992,84,14,-1538,-1538,-1,-1,0
4993,189,17,1502,1502,-1,-1,0
4994,269,25,1538,1538,-1,-1,0
4995,268,33,1556,1556,0,0,0
4996,303,41,1581,1581,0,-1,0
4997,299,50,1587,1587,-1,0,0
4998,251,57,1580,1580,0,0,0
4999,205,63,1581,1581,1,0,0
5000,144,67,1571,1571,0,1,0
5001,106,68,1566,1566,1,0,0
5002,100,70,1586,1586,0,2,0
5003,95,72,1593,1593,1,0,0
5004,102,74,1615,1615,1,1,0
5005,124,76,1641,1641,1,1,0
5006,125,82,1658,1658,1,1,0
5007,-71,84,1586,1586,1,2,0
5008,-379,71,-1567,-1567,1,1,0
5009,-345,57,-1557,-1557,1,1,0
5010,-241,49,-1511,-1511,1,1,0
5011,-247,41,-1526,-1526,0,1,0
5012,-274,31,-1554,-1554,1,0,0
5013,-198,23,-1539,-1539,0,0,0
5014,-86,18,1518,1518,1,1,0
5015,21,17,1555,1555,0,0,0
5016,80,18,1564,1564,0,-1,0
5017,114,21,1575,1575,0,0,0
5018,104,24,1577,1577,0,1,0
5019,58,26,1551,1551,0,0,0
5020,-33,24,1508,1508,1,0,0
5021,-64,21,-1514,-1514,0,0,0
5022,-50,19,-1514,-1514,0,0,0
5023,-82,16,-1527,-1527,1,0,0
5024,-72,12,-1531,-1531,0,0,0
5025,-8,10,-1518,-1518,-1,0,0
5026,53,12,1501,1501,0,-1,0
5027,48,13,-1501,-1501,0,0,0
5028,23,13,-1514,-1514,0,0,0
5029,22,13,-1534,-1534,-1,-1,0
5030,7,12,-1539,-1539,0,0,0
5031,-20,11,-1570,-1570,-1,-1,0
5032,-16,9,-1585,-1585,-1,-1,0
5033,-1,9,-1571,-1571,0,0,0
5034,2,8,-1585,-1585,-1,-1,0
5035,0,5,-1579,-1579,0,0,0
5036,66,3,-1562,-1562,-1,-1,0
5037,192,9,-1507,-1507,0,-2,0
5038,193,15,-1520,-1520,-2,-1,0
5039,222,19,1501,1501,-1,0,0
5040,308,27,1552,1552,0,-1,0
5041,370,38,1576,1576,-1,-2,0
5042,325,48,1579,1579,0,0,0
5043,264,56,1560,1560,-1,0,0
5044,205,62,1550,1550,0,0,0
5045,146,66,1536,1536,0,0,0
5046,90,68,1529,1529,1,0,0
5047,58,69,1530,1530,0,1,0
5048,55,69,1542,1542,0,1,0
5049,39,69,1555,1555,1,1,0
5050,4,68,1536,1536,0,0,0
5051,-8,67,1546,1546,1,1,0
5052,6,66,1558,1558,0,1,0
5053,-14,67,1573,1573,2,1,0
5054,-180,63,-1508,-1508,0,1,0
5055,-313,51,-1583,-1583,1,0,0
5056,-240,42,-1557,-1557,0,1,0
5057,-215,35,-1561,-1561,0,0,0
5058,-228,26,-1584,-1584,0,0,0
5059,-147,19,-1548,-1548,0,1,0
5060,39,20,1514,1514,-1,-1,0
5061,36,20,1512,1512,0,0,0
5062,-14,19,-1527,-1527,-1,0,0
5063,-20,17,-1542,-1542,-1,0,0
5064,12,16,-1536,-1536,0,-1,0
5065,15,16,-1542,-1542,-1,0,0
5066,6,15,-1544,-1544,0,0,0
5067,12,14,-1549,-1549,-1,0,0
5068,15,13,-1554,-1554,0,-1,0
5069,30,13,-1562,-1562,-1,-1,0
5070,72,13,-1554,-1554,-1,-1,0
5071,145,15,-1518,-1518,0,-1,0
5072,238,18,1518,1518,-1,-1,0
5073,371,29,1594,1594,0,-1,0
5074,340,39,1580,1580,-1,-1,0
5075,323,48,1592,1592,0,0,0
5076,318,57,1609,1609,0,0,0
5077,262,65,1598,1598,0,0,0
5078,197,71,1580,1580,0,0,0
5079,129,75,1567,1567,0,1,0
5080,64,75,1559,1559,1,1,0
5081,47,75,1560,1560,0,1,0
5082,77,76,1594,1594,1,1,0
5083,89,80,1609,1609,1,0,0
5084,-15,82,1585,1585,1,2,0
5085,-157,75,1521,1521,1,1,0
5086,-100,70,1543,1543,1,0,0
5087,-123,66,1527,1527,0,1,0
5088,-257,58,-1515,-1515,2,2,0
5089,-341,47,-1560,-1560,1,1,0
5090,-348,35,-1581,-1581,0,1,0
5091,-273,25,-1559,-1559,1,0,0
5092,-222,16,-1557,-1557,0,0,0
5093,-142,10,-1536,-1536,0,0,0
5094,-34,6,1503,1503,0,0,0
5095,71,7,1544,1544,0,0,0
5096,107,10,1559,1559,0,0,0
5097,76,12,1540,1540,0,0,0
5098,45,12,1530,1530,1,0,0
5099,35,13,1529,1529,1,0,0
5100,17,13,1515,1515,0,0,0
5101,-36,10,-1506,-1506,0,1,0
5102,-33,9,-1503,-1503,1,0,0
5103,-44,8,-1515,-1515,0,0,0
5104,-102,3,-1553,-1553,0,0,0
5105,-44,0,-1544,-1544,0,-1,0
5106,45,1,-1503,-1503,0,0,0
5107,61,2,-1506,-1506,0,-1,0
5108,38,3,-1526,-1526,-1,0,0
5109,21,2,-1544,-1544,0,-1,0
5110,20,2,-1551,-1551,0,-1,0
5111,7,2,-1574,-1574,-1,-1,0
5112,8,1,-1578,-1578,-1,0,0
5113,33,0,-1571,-1571,0,-1,0
5114,131,0,-1536,-1536,-1,-1,0
5115,217,7,1512,1512,0,-1,0
5116,162,11,-1521,-1521,-1,-1,0
5117,139,13,-1540,-1540,-1,-1,0
5118,215,19,1504,1504,-1,0,0
5119,241,27,1526,1526,0,-1,0
5120,193,33,1521,1521,0,0,0
5121,141,35,-1512,-1512,-1,-1,0
5122,162,40,1514,1514,0,0,0
5123,143,45,1518,1518,0,0,0
5124,71,47,-1506,-1506,0,0,0
5125,13,46,-1519,-1519,0,1,0
5126,6,45,-1518,-1518,0,0,0
5127,8,44,-1515,-1515,0,0,0
5128,-12,43,-1523,-1523,0,0,0
5129,-38,40,-1536,-1536,0,0,0
5130,-40,38,-1547,-1547,0,-1,0
5131,-28,36,-1540,-1540,0,0,0
5132,-21,34,-1555,-1555,-1,-1,0
5133,-3,31,-1544,-1544,0,0,0
5134,62,33,-1507,-1507,0,0,0
5135,46,33,-1530,-1530,-1,-1,0
5136,58,32,-1529,-1529,-1,0,0
5137,162,36,1531,1531,0,0,0
5138,171,41,1536,1536,0,-1,0
5139,148,43,1523,1523,-1,0,0
5140,202,49,1552,1552,0,-1,0
5141,174,54,1551,1551,0,0,0
5142,93,57,1531,1531,1,0,0
5143,28,56,1502,1502,0,0,0
5144,32,56,1517,1517,0,1,0
5145,43,56,1543,1543,2,0,0
5146,43,56,1541,1541,0,0,0
5147,60,56,1558,1558,1,0,0
5148,78,58,1575,1575,0,1,0
5149,83,59,1584,1584,1,0,0
5150,80,60,1597,1597,1,1,0
5151,78,62,1601,1601,1,0,0
5152,9,62,1580,1580,1,1,0
5153,-80,59,1545,1545,0,2,0
5154,-107,55,1528,1528,1,0,0
5155,-121,53,1529,1529,1,1,0
5156,-222,47,-1509,-1509,1,2,0
5157,-298,36,-1550,-1550,1,1,0
5158,-278,27,-1565,-1565,0,0,0
5159,-287,17,-1571,-1571,1,1,0
5160,-266,7,-1586,-1586,0,0,0
5161,-172,0,-1558,-1558,0,0,0
5162,-69,-3,-1513,-1513,0,1,0
5163,9,-4,1503,1503,-1,0,0
5164,34,-4,-1501,-1501,0,-1,0
5165,54,-4,-1506,-1506,-1,0,0
5166,70,-3,1501,1501,0,0,0
5167,53,-1,-1518,-1518,-1,0,0
5168,7,-2,-1540,-1540,0,0,0
5169,0,-3,-1553,-1553,-1,0,0
5170,12,-3,-1547,-1547,0,0,0
5171,-2,-4,-1552,-1552,0,0,0
5172,-5,-5,-1563,-1563,0,-1,0
5173,0,-6,-1570,-1570,-1,0,0
5174,-6,-7,-1570,-1570,0,0,0
5175,-16,-9,-1593,-1593,-1,-1,0
5176,-5,-10,-1593,-1593,0,-1,0
5177,63,-13,-1588,-1588,-2,-1,0
5178,251,-7,1508,1508,0,-1,0
5179,315,1,1548,1548,-1,0,0
5180,298,10,1538,1538,-1,-1,0
5181,303,18,1550,1550,0,-1,0
5182,293,27,1564,1564,0,0,0
5183,257,34,1563,1563,0,0,0
5184,194,40,1547,1547,0,0,0
5185,129,44,1535,1535,0,1,0
5186,74,44,1513,1513,0,0,0
5187,59,45,1520,1520,0,1,0
5188,51,45,1528,1528,1,0,0
5189,29,45,1526,1526,0,1,0
5190,37,45,1539,1539,1,0,0
5191,65,46,1569,1569,0,2,0
5192,72,48,1579,1579,1,0,0
5193,-15,50,1552,1552,1,1,0
5194,-198,42,-1550,-1550,0,0,0
5195,-195,34,-1545,-1545,1,1,0
5196,-149,29,-1526,-1526,0,1,0
5197,-175,23,-1554,-1554,0,0,0
5198,-153,16,-1557,-1557,0,0,0
5199,-57,12,-1521,-1521,0,0,0
5200,44,12,1521,1521,0,0,0
5201,87,14,1529,1529,-1,0,0
5202,45,15,1508,1508,0,0,0
5203,9,14,-1512,-1512,0,0,0
5204,25,14,1503,1503,0,1,0
5205,38,14,1507,1507,0,0,0
5206,24,15,-1501,-1501,0,0,0
5207,-25,13,-1529,-1529,0,0,0
5208,-12,12,-1526,-1526,0,0,0
5209,-10,10,-1527,-1527,0,0,0
5210,-7,8,-1540,-1540,-1,0,0
5211,32,8,-1530,-1530,-1,0,0
5212,28,9,-1529,-1529,0,0,0
5213,4,8,-1539,-1539,0,0,0
5214,6,7,-1558,-1558,-1,-1,0
5215,19,7,-1559,-1559,0,-1,0
5216,15,6,-1565,-1565,-1,0,0
5217,16,5,-1560,-1560,0,0,0
5218,47,6,-1570,-1570,-2,-1,0
5219,105,8,-1531,-1531,0,0,0
5220,146,11,-1520,-1520,-1,-1,0
5221,136,14,-1533,-1533,0,-2,0
5222,164,14,-1529,-1529,-1,-1,0
5223,334,21,1572,1572,0,0,0
5224,409,33,1600,1600,-2,-1,0
5225,386,44,1603,1603,0,-1,0
5226,405,56,1616,1616,-1,-1,0
5227,393,67,1634,1634,0,0,0
5228,332,77,1626,1626,0,0,0
5229,270,85,1624,1624,0,1,0
5230,203,90,1623,1623,1,1,0
5231,126,94,1603,1603,0,1,0
5232,63,95,1593,1593,2,0,0
5233,37,99,1592,1592,0,1,0
5234,-96,95,1540,1540,1,1,0
5235,-97,89,1547,1547,1,1,0
5236,-26,87,1591,1591,1,1,0
5237,-58,87,1586,1586,1,1,0
5238,-257,77,-1510,-1510,1,1,0
5239,-280,66,-1515,-1515,1,2,0
5240,-227,60,0,0,1,0,0
5241,-283,50,-1532,-1532,1,1,0
5242,-240,40,-1536,-1536,0,0,0
5243,-130,33,1517,1517,1,1,0
5244,-20,32,1554,1554,0,0,0
5245,9,31,1555,1555,0,0,0
5246,63,30,1571,1571,0,0,0
5247,142,35,1605,1605,0,0,0
5248,61,37,1563,1563,0,0,0
5249,2,35,1527,1527,0,0,0
5250,43,37,1553,1553,0,1,0
5251,-11,36,1530,1530,1,0,0
5252,-71,32,1502,1502,0,1,0
5253,-31,32,1522,1522,1,0,0
5254,-71,29,1505,1505,1,0,0
5255,-123,24,-1533,-1533,0,0,0
5256,-96,21,-1509,-1509,1,1,0
5257,-128,17,-1537,-1537,0,0,0
5258,-174,10,-1573,-1573,0,0,0
5259,-109,4,-1552,-1552,0,0,0
5260,-7,3,-1510,-1510,0,0,0
5261,30,3,1504,1504,0,0,0
5262,43,4,-1503,-1503,0,-1,0
5263,23,4,-1524,-1524,-1,0,0
5264,-2,4,-1536,-1536,0,0,0
5265,-14,3,-1542,-1542,0,0,0
5266,-16,1,-1563,-1563,-1,-1,0
5267,-12,0,-1569,-1569,-1,0,0
5268,-15,0,-1578,-1578,0,-1,0
5269,-26,-1,-1599,-1599,-1,-1,0
5270,-33,-4,-1608,-1608,0,-1,0
5271,-17,-7,-1615,-1615,-1,-1,0
5272,74,-9,-1584,-1584,-1,-1,0
5273,245,-2,-1505,-1505,-1,-1,0
5274,287,5,1516,1516,-1,-1,0
5275,278,13,1513,1513,-1,-1,0
5276,307,20,1529,1529,0,-2,0
5277,375,30,1576,1576,-1,0,0
5278,383,42,1585,1585,-1,-1,0
5279,323,52,1580,1580,0,0,0
5280,259,59,1570,1570,0,0,0
5281,195,65,1566,1566,1,0,0
5282,131,69,1556,1556,1,0,0
5283,62,70,1529,1529,0,0,0
5284,-9,69,1518,1518,1,1,0
5285,-43,66,-1501,-1501,0,0,0
5286,-31,65,1523,1523,1,1,0
5287,-85,61,1501,1501,0,1,0
5288,-147,56,-1527,-1527,1,0,0
5289,-126,52,-1506,-1506,1,1,0
5290,-151,48,-1529,-1529,0,0,0
5291,-199,40,-1565,-1565,0,0,0
5292,-172,33,-1564,-1564,0,0,0
5293,-84,28,-1531,-1531,0,0,0
5294,1,26,-1516,-1516,-1,-1,0
5295,27,27,-1523,-1523,-1,-1,0
5296,-9,26,-1549,-1549,0,-1,0
5297,-41,23,-1571,-1571,-1,0,0
5298,-26,21,-1571,-1571,0,-1,0
5299,1,20,-1564,-1564,-1,0,0
5300,46,16,-1550,-1550,0,-1,0
5301,202,21,-1503,-1503,-2,-2,0
5302,198,28,-1506,-1506,-1,-1,0
5303,143,32,-1516,-1516,0,0,0
5304,172,33,-1509,-1509,-1,-1,0
5305,330,42,1567,1567,0,-2,0
5306,383,53,1597,1597,-2,0,0
5307,340,62,1589,1589,0,-1,0
5308,339,72,1602,1602,-1,0,0
5309,301,81,1606,1606,0,0,0
5310,227,88,1588,1588,0,0,0
5311,153,92,1566,1566,0,0,0
5312,92,93,1565,1565,1,1,0
5313,79,94,1573,1573,0,1,0
5314,82,95,1597,1597,1,1,0
5315,92,96,1621,1621,1,1,0
5316,105,99,1624,1624,0,0,0
5317,100,102,1641,1641,1,1,0
5318,51,106,1645,1645,1,2,0
5319,-98,102,1578,1578,1,1,0
5320,-121,97,1571,1571,1,1,0
5321,-197,90,1546,1546,1,2,0
5322,-338,80,-1527,-1527,1,1,0
5323,-391,67,-1552,-1552,2,1,0
5324,-353,55,-1543,-1543,0,2,0
5325,-299,43,-1526,-1526,1,1,0
5326,-206,35,1502,1502,0,1,0
5327,-101,30,1530,1530,0,0,0
5328,-46,28,1559,1559,1,1,0
5329,-27,26,1552,1552,0,0,0
5330,-21,24,1550,1550,0,1,0
5331,-45,22,1545,1545,1,1,0
5332,-63,20,1532,1532,1,0,0
5333,-87,17,1514,1514,0,1,0
5334,-121,13,-1508,-1508,1,0,0
5335,-152,8,-1530,-1530,0,1,0
5336,-169,2,-1535,-1535,1,1,0
5337,-160,-4,-1551,-1551,0,0,0
5338,-79,-8,-1516,-1516,0,1,0
5339,9,-9,1505,1505,-1,0,0
5340,48,-9,1507,1507,0,-1,0
5341,67,-8,1512,1512,0,0,0
5342,58,-7,1505,1505,0,0,0
5343,36,-5,1502,1502,0,1,0
5344,-5,-6,-1521,-1521,0,0,0
5345,-20,-8,-1534,-1534,0,0,0
5346,18,-8,-1520,-1520,0,0,0
5347,-2,-8,-1541,-1541,-1,0,0
5348,-24,-11,-1565,-1565,0,-1,0
5349,7,-11,-1549,-1549,0,0,0
5350,16,-11,-1544,-1544,0,0,0
5351,12,-12,-1555,-1555,0,-1,0
5352,-3,-12,-1571,-1571,-1,0,0
5353,-22,-13,-1597,-1597,-1,-1,0
5354,-33,-15,-1609,-1609,0,-1,0
5355,-41,-17,-1618,-1618,-1,0,0
5356,-51,-19,-1628,-1628,0,-1,0
5357,-57,-22,-1646,-1646,-1,-1,0
5358,-24,-25,-1643,-1643,-1,-1,0
5359,84,-28,-1604,-1604,-1,-1,0
5360,310,-20,-1506,-1506,-1,-2,0
5361,417,-8,1542,1542,-1,-2,0
5362,411,3,1539,1539,-2,-1,0
5363,395,15,1541,1541,0,-2,0
5364,381,25,1553,1553,-1,0,0
5365,369,36,1565,1565,0,-1,0
5366,314,45,1544,1544,-1,-1,0
5367,247,52,1536,1536,0,0,0
5368,179,57,1532,1532,1,0,0
5369,108,60,1511,1511,0,0,0
5370,30,61,-1517,-1517,0,0,0
5371,-39,60,-1535,-1535,0,1,0
5372,-69,56,-1547,-1547,0,0,0
5373,-42,53,-1523,-1523,1,0,0
5374,-8,52,-1517,-1517,0,-1,0
5375,-19,51,-1531,-1531,-1,0,0
5376,-35,48,-1537,-1537,0,0,0
5377,-25,46,-1540,-1540,0,-1,0
5378,-10,45,-1530,-1530,0,0,0
5379,-2,43,-1543,-1543,-1,-1,0
5380,-3,42,-1539,-1539,0,0,0
5381,-2,40,-1545,-1545,0,-1,0
5382,47,37,-1539,-1539,-2,0,0
5383,171,43,1524,1524,0,-1,0
5384,149,47,1506,1506,-1,-1,0
5385,176,49,1522,1522,0,-1,0
5386,319,57,1607,1607,0,0,0
5387,366,68,1649,1649,0,0,0
5388,296,77,1631,1631,0,0,0
5389,221,83,1607,1607,0,0,0
5390,146,87,1589,1589,1,0,0
5391,89,88,1576,1576,0,1,0
5392,78,88,1601,1601,2,1,0
5393,91,90,1615,1615,0,1,0
5394,112,92,1632,1632,1,0,0
5395,104,95,1645,1645,1,1,0
5396,9,96,1621,1621,1,2,0
5397,-129,92,1561,1561,1,1,0
5398,-227,87,1517,1517,1,1,0
5399,-308,77,-1515,-1515,1,2,0
5400,-344,64,-1530,-1530,2,1,0
5401,-331,52,-1535,-1535,1,1,0
5402,-272,43,-1523,-1523,0,1,0
5403,-250,34,-1518,-1518,1,1,0
5404,-187,26,-1503,-1503,0,1,0
5405,-85,22,1526,1526,0,0,0
5406,-6,20,1547,1547,0,0,0
5407,16,19,1556,1556,1,0,0
5408,39,20,1567,1567,0,1,0
5409,44,21,1569,1569,1,0,0
5410,-10,19,1531,1531,0,0,0
5411,-28,18,1522,1522,0,1,0
5412,-35,17,1529,1529,1,1,0
5413,-77,13,-1505,-1505,0,0,0
5414,-76,10,-1507,-1507,0,1,0
5415,-62,8,-1501,-1501,1,0,0
5416,-80,4,-1523,-1523,0,0,0
5417,-12,1,-1510,-1510,-1,0,0
5418,94,3,1537,1537,0,0,0
5419,114,6,1546,1546,0,0,0
5420,68,8,1521,1521,0,0,0
5421,36,8,1504,1504,0,0,0
5422,30,8,-1502,-1502,0,0,0
5423,33,8,-1502,-1502,0,0,0
5424,16,10,-1511,-1511,0,0,0
5425,-40,7,-1541,-1541,0,0,0
5426,-1,5,-1536,-1536,-1,0,0
5427,37,6,-1517,-1517,0,0,0
5428,14,6,-1537,-1537,0,-1,0
5429,-18,5,-1550,-1550,0,0,0
5430,-20,3,-1572,-1572,-1,-1,0
5431,-8,2,-1582,-1582,-1,-1,0
5432,-17,1,-1590,-1590,0,-1,0
5433,-36,0,-1604,-1604,0,-1,0
5434,-37,-2,-1619,-1619,-1,-1,0
5435,6,-7,-1613,-1613,-1,-1,0
5436,149,-4,-1542,-1542,0,-1,0
5437,235,1,-1514,-1514,-2,-1,0
5438,263,9,-1509,-1509,-1,-2,0
5439,284,15,1502,1502,-1,-1,0
5440,378,25,1565,1565,0,-1,0
5441,391,37,1559,1559,-2,-2,0
5442,341,47,1563,1563,0,0,0
5443,314,56,1555,1555,-1,-1,0
5444,262,64,1555,1555,0,0,0
5445,197,70,1543,1543,0,0,0
5446,129,74,1536,1536,1,0,0
5447,58,76,1511,1511,0,0,0
5448,2,74,0,0,0,1,0
5449,-14,72,1505,1505,1,0,0
5450,-18,70,1523,1523,1,1,0
5451,-26,68,1526,1526,0,1,0
5452,-20,66,1544,1544,1,1,0
5453,0,66,1548,1548,0,0,0
5454,-53,64,1536,1536,1,1,0
5455,-151,59,-1521,-1521,0,0,0
5456,-202,54,-1538,-1538,1,1,0
5457,-238,45,-1551,-1551,1,1,0
5458,-215,37,-1548,-1548,0,1,0
5459,-216,28,-1566,-1566,0,0,0
5460,-150,22,-1549,-1549,0,0,0
5461,-55,18,-1533,-1533,-1,-1,0
5462,22,17,-1510,-1510,-1,0,0
5463,51,18,-1507,-1507,0,-1,0
5464,31,18,-1525,-1525,0,-1,0
5465,-2,17,-1550,-1550,-1,0,0
5466,9,15,-1562,-1562,-1,-1,0
5467,49,16,-1536,-1536,0,0,0
5468,72,14,-1542,-1542,-1,-1,0
5469,185,17,-1506,-1506,-1,-2,0
5470,240,24,1527,1527,-1,0,0
5471,240,31,1534,1534,0,-1,0
5472,245,38,1534,1534,-1,-1,0
5473,289,44,1572,1572,0,0,0
5474,355,54,1624,1624,0,0,0
5475,310,64,1620,1620,0,0,0
5476,237,71,1599,1599,0,0,0
5477,164,76,1575,1575,0,0,0
5478,102,77,1561,1561,0,1,0
5479,83,78,1565,1565,1,0,0
5480,82,80,1577,1577,0,1,0
5481,83,81,1588,1588,1,0,0
5482,93,82,1630,1630,2,2,0
5483,109,85,1642,1642,0,1,0
5484,81,91,1646,1646,1,1,0
5485,-181,87,1527,1527,1,1,0
5486,-370,73,-1569,-1569,1,1,0
5487,-292,62,-1535,-1535,1,1,0
5488,-234,55,-1508,-1508,1,1,0
5489,-308,46,-1547,-1547,1,1,0
5490,-345,33,-1582,-1582,0,1,0
5491,-251,23,-1551,-1551,0,1,0
5492,-138,17,-1517,-1517,0,0,0
5493,-25,14,1522,1522,0,0,0
5494,81,14,1564,1564,0,0,0
5495,133,18,1584,1584,0,0,0
5496,121,21,1575,1575,0,0,0
5497,80,23,1560,1560,1,0,0
5498,60,24,1565,1565,1,1,0
5499,47,26,1553,1553,0,0,0
5500,-76,23,-1506,-1506,1,0,0
5501,-98,18,-1528,-1528,0,0,0
5502,-57,17,-1515,-1515,0,0,0
5503,-112,12,-1551,-1551,0,0,0
5504,-72,8,-1540,-1540,0,0,0
5505,36,8,1507,1507,0,0,0
5506,90,10,1522,1522,0,-1,0
5507,61,12,1509,1509,0,0,0
5508,34,12,-1506,-1506,0,0,0
5509,30,12,-1508,-1508,0,0,0
5510,16,12,-1516,-1516,0,0,0
5511,-2,11,-1526,-1526,0,0,0
5512,1,10,-1546,-1546,-1,-1,0
5513,11,10,-1539,-1539,0,0,0
5514,2,9,-1541,-1541,0,0,0
5515,-11,8,-1557,-1557,0,-1,0
5516,-16,7,-1566,-1566,-1,0,0
5517,-19,5,-1584,-1584,-1,-1,0
5518,-14,4,-1577,-1577,0,0,0
5519,-21,2,-1586,-1586,0,-1,0
5520,10,0,-1579,-1579,-1,0,0
5521,103,1,-1535,-1535,0,-1,0
5522,96,4,-1549,-1549,-1,-1,0
5523,76,3,-1579,-1579,-2,-1,0
5524,203,9,-1511,-1511,0,-1,0
5525,255,16,1513,1513,-1,-1,0
5526,251,22,1509,1509,-1,-1,0
5527,299,30,1544,1544,0,-1,0
5528,311,39,1563,1563,-1,0,0
5529,251,47,1543,1543,-1,0,0
5530,183,52,1529,1529,0,0,0
5531,114,56,1509,1509,0,0,0
5532,51,56,-1501,-1501,1,0,0
5533,21,55,-1502,-1502,1,0,0
5534,18,55,1510,1510,0,1,0
5535,2,54,1503,1503,0,0,0
5536,-30,52,-1513,-1513,0,0,0
5537,-30,50,-1505,-1505,0,1,0
5538,4,49,1510,1510,0,0,0
5539,11,48,1511,1511,0,0,0
5540,2,47,1505,1505,0,0,0
5541,7,45,1506,1506,0,0,0
5542,17,45,1510,1510,0,0,0
5543,15,44,1517,1517,0,1,0
5544,28,43,1531,1531,1,0,0
5545,39,44,1534,1534,0,0,0
5546,36,44,1530,1530,0,0,0
5547,31,43,1544,1544,1,1,0
5548,39,44,1544,1544,0,0,0
5549,7,45,1535,1535,0,1,0
5550,-75,42,1507,1507,1,1,0
5551,-123,37,-1507,-1507,1,1,0
5552,-96,33,-1507,-1507,0,0,0
5553,-115,29,-1526,-1526,0,0,0
5554,-142,23,-1553,-1553,0,0,0
5555,-72,18,-1528,-1528,0,0,0
5556,24,17,1511,1511,0,0,0
5557,87,18,1528,1528,-1,0,0
5558,80,20,1526,1526,0,0,0
5559,40,20,1505,1505,0,0,0
5560,39,20,1503,1503,0,0,0
5561,65,21,1515,1515,0,0,0
5562,73,22,1520,1520,0,0,0
5563,64,23,1526,1526,1,0,0
5564,60,24,1522,1522,0,0,0
5565,61,25,1532,1532,0,1,0
5566,65,26,1532,1532,0,0,0
5567,55,29,1527,1527,0,0,0
5568,-27,27,1504,1504,1,1,0
5569,-67,23,-1513,-1513,0,1,0
5570,-47,21,-1511,-1511,0,0,0
5571,-62,19,-1515,-1515,0,1,0
5572,-81,15,-1534,-1534,0,0,0
5573,-2,12,-1504,-1504,0,0,0
5574,74,13,1519,1519,-1,0,0
5575,88,15,1527,1527,0,0,0
5576,43,16,1504,1504,0,0,0
5577,36,16,-1501,-1501,0,0,0
5578,68,17,1505,1505,-1,0,0
5579,78,19,1512,1512,0,0,0
5580,53,19,1501,1501,0,0,0
5581,39,19,-1505,-1505,0,0,0
5582,57,20,1505,1505,0,0,0
5583,42,21,-1502,-1502,0,0,0
5584,35,20,-1505,-1505,0,0,0
5585,71,22,1504,1504,-1,0,0
5586,65,23,1505,1505,0,0,0
5587,33,23,-1510,-1510,0,0,0
5588,36,23,-1507,-1507,0,0,0
5589,50,25,1502,1502,0,0,0
5590,16,24,-1514,-1514,0,0,0
5591,13,22,-1516,-1516,0,0,0
5592,58,24,1508,1508,0,0,0
5593,36,25,-1502,-1502,0,0,0
5594,-3,23,-1523,-1523,0,0,0
5595,38,23,-1502,-1502,0,0,0
5596,41,24,1501,1501,0,0,0
5597,11,23,-1514,-1514,0,0,0
5598,4,22,-1518,-1518,0,0,0
5599,26,22,-1517,-1517,0,-1,0
5600,20,22,-1528,-1528,-1,0,0
5601,4,21,-1534,-1534,0,0,0
5602,11,20,-1529,-1529,0,0,0
5603,16,20,-1525,-1525,0,0,0
5604,9,20,-1537,-1537,-1,0,0
5605,13,19,-1543,-1543,0,-1,0
5606,23,18,-1554,-1554,-1,-1,0
5607,48,19,-1545,-1545,-1,0,0
5608,62,20,-1530,-1530,0,0,0
5609,76,21,-1526,-1526,0,-1,0
5610,94,23,-1520,-1520,-1,0,0
5611,95,24,-1521,-1521,0,-1,0
5612,115,26,-1522,-1522,-1,-1,0
5613,151,27,-1505,-1505,0,-1,0
5614,255,33,1550,1550,0,-1,0
5615,305,41,1572,1572,-2,0,0
5616,297,49,1577,1577,0,-1,0
5617,304,58,1599,1599,0,0,0
5618,280,66,1595,1595,0,-1,0
5619,217,72,1589,1589,0,1,0
5620,152,76,1568,1568,0,0,0
5621,91,79,1556,1556,0,1,0
5622,51,79,1551,1551,1,0,0
5623,48,79,1570,1570,1,1,0
5624,75,80,1581,1581,0,0,0
5625,85,82,1616,1616,1,2,0
5626,22,87,1584,1584,0,0,0
5627,-152,80,1507,1507,1,1,0
5628,-120,73,1528,1528,1,1,0
5629,-25,72,1583,1583,1,1,0
5630,-68,72,1571,1571,1,1,0
5631,-249,62,-1516,-1516,1,1,0
5632,-289,51,-1540,-1540,1,1,0
5633,-251,44,-1522,-1522,1,1,0
5634,-307,33,-1565,-1565,1,0,0
5635,-278,22,-1566,-1566,0,1,0
5636,-172,14,-1536,-1536,0,0,0
5637,-57,10,1503,1503,0,0,0
5638,49,10,1534,1534,0,-1,0
5639,102,12,1556,1556,0,0,0
5640,118,15,1561,1561,0,0,0
5641,100,18,1550,1550,0,0,0
5642,72,19,1544,1544,0,1,0
5643,55,21,1534,1534,0,0,0
5644,-3,21,1512,1512,1,0,0
5645,-64,17,-1515,-1515,0,1,0
5646,-40,16,-1511,-1511,0,0,0
5647,-73,14,-1534,-1534,0,0,0
5648,-98,8,-1545,-1545,1,0,0
5649,0,6,-1516,-1516,-1,0,0
5650,63,8,1514,1514,0,0,0
5651,56,9,0,0,0,-1,0
5652,48,10,-1504,-1504,0,0,0
5653,35,10,-1510,-1510,0,0,0
5654,19,10,-1528,-1528,0,-1,0
5655,5,10,-1544,-1544,0,-1,0
5656,5,9,-1542,-1542,0,0,0
5657,8,9,-1549,-1549,0,-1,0
5658,-3,8,-1551,-1551,0,0,0
5659,-10,6,-1563,-1563,0,-1,0
5660,1,5,-1574,-1574,-1,-1,0
5661,30,2,-1567,-1567,0,-1,0
5662,133,5,-1528,-1528,-1,-1,0
5663,147,10,-1508,-1508,0,0,0
5664,97,12,-1542,-1542,-1,-1,0
5665,122,13,-1550,-1550,-1,-2,0
5666,187,18,-1521,-1521,-1,-1,0
5667,162,22,-1535,-1535,-1,-1,0
5668,186,26,-1516,-1516,0,-1,0
5669,261,33,1511,1511,-2,-1,0
5670,299,42,1544,1544,0,-1,0
5671,304,49,1548,1548,-1,-1,0
5672,318,59,1580,1580,0,0,0
5673,276,68,1571,1571,0,-1,0
5674,203,74,1555,1555,0,0,0
5675,138,77,1528,1528,0,-1,0
5676,118,80,1551,1551,1,1,0
5677,81,82,1541,1541,0,0,0
5678,23,81,1518,1518,0,0,0
5679,10,80,1544,1544,2,1,0
5680,-14,78,1531,1531,0,0,0
5681,-67,75,1521,1521,1,1,0
5682,-108,70,-1507,-1507,0,0,0
5683,-96,66,1501,1501,1,0,0
5684,-76,63,1513,1513,0,1,0
5685,-75,60,1515,1515,1,0,0
5686,-58,56,1533,1533,1,1,0
5687,-19,55,1553,1553,0,1,0
5688,-39,54,1533,1533,0,0,0
5689,-70,51,1528,1528,1,1,0
5690,-85,48,1520,1520,0,1,0
5691,-114,45,-1506,-1506,0,0,0
5692,-156,38,-1530,-1530,0,1,0
5693,-141,33,-1516,-1516,1,1,0
5694,-123,28,-1511,-1511,0,1,0
5695,-88,23,-1519,-1519,-1,0,0
5696,-6,21,1511,1511,0,0,0
5697,46,21,1531,1531,0,0,0
5698,57,21,1532,1532,0,0,0
5699,70,22,1535,1535,0,0,0
5700,78,24,1537,1537,0,0,0
5701,54,24,1523,1523,0,0,0
5702,50,25,1520,1520,0,0,0
5703,71,26,1549,1549,1,1,0
5704,29,28,1526,1526,0,0,0
5705,-71,24,-1529,-1529,0,0,0
5706,-40,22,-1520,-1520,0,0,0
5707,-35,21,-1511,-1511,0,1,0
5708,-103,16,-1552,-1552,0,0,0
5709,-33,13,-1524,-1524,0,0,0
5710,65,14,1509,1509,0,-1,0
5711,85,16,1520,1520,0,0,0
5712,42,17,-1501,-1501,0,0,0
5713,18,16,-1513,-1513,0,0,0
5714,27,16,-1510,-1510,0,0,0
5715,18,16,-1514,-1514,0,0,0
5716,15,15,-1516,-1516,0,0,0
5717,28,15,-1520,-1520,0,-1,0
5718,23,15,-1532,-1532,-1,0,0
5719,7,14,-1537,-1537,0,0,0
5720,6,14,-1546,-1546,0,-1,0
5721,12,13,-1551,-1551,0,-1,0
5722,11,12,-1567,-1567,-1,-1,0
5723,16,12,-1578,-1578,-1,-1,0
5724,50,8,-1568,-1568,-1,0,0
5725,216,14,1517,1517,0,-1,0
5726,236,22,1523,1523,-1,-1,0
5727,166,26,-1515,-1515,-1,-1,0
5728,182,31,1509,1509,0,0,0
5729,190,37,1519,1519,0,-1,0
5730,169,40,1523,1523,0,0,0
5731,177,45,1539,1539,0,0,0
5732,142,50,1534,1534,0,0,0
5733,75,51,1519,1519,0,1,0
5734,44,51,1508,1508,0,0,0
5735,44,51,1520,1520,0,1,0
5736,44,51,1541,1541,1,1,0
5737,34,51,1534,1534,0,0,0
5738,34,51,1552,1552,1,1,0
5739,52,51,1566,1566,0,1,0
5740,60,52,1566,1566,0,0,0
5741,41,55,1583,1583,2,1,0
5742,-54,55,1539,1539,0,1,0
5743,-173,48,-1512,-1512,1,1,0
5744,-216,41,-1541,-1541,0,1,0
5745,-267,30,-1575,-1575,1,0,0
5746,-216,22,-1559,-1559,0,1,0
5747,-129,17,-1523,-1523,0,1,0
5748,-87,12,-1517,-1517,0,0,0
5749,-14,10,1507,1507,0,0,0
5750,51,10,1532,1532,0,0,0
5751,73,11,1538,1538,0,0,0
5752,53,12,1524,1524,0,0,0
5753,10,13,0,0,0,0,0
5754,-21,11,-1511,-1511,0,1,0
5755,-15,10,-1513,-1513,0,0,0
5756,-60,7,-1540,-1540,0,0,0
5757,-57,3,-1545,-1545,0,0,0
5758,11,2,-1517,-1517,0,0,0
5759,52,4,1501,1501,0,0,0
5760,35,4,-1518,-1518,0,-1,0
5761,5,3,-1534,-1534,0,0,0
5762,1,2,-1536,-1536,0,0,0
5763,5,2,-1535,-1535,0,0,0
5764,5,1,-1556,-1556,-1,-1,0
5765,12,0,-1550,-1550,0,0,0
5766,7,0,-1560,-1560,0,-1,0
5767,-6,0,-1573,-1573,-1,0,0
5768,-10,-2,-1581,-1581,0,-1,0
5769,-5,-3,-1594,-1594,-2,0,0
5770,-3,-4,-1597,-1597,0,-1,0
5771,1,-7,-1620,-1620,-1,-2,0
5772,108,-9,-1569,-1569,-1,0,0
5773,325,0,1524,1524,-2,-1,0
5774,373,10,1562,1562,0,-1,0
5775,405,22,1572,1572,-1,-2,0
5776,369,33,1561,1561,-1,-1,0
5777,307,42,1555,1555,0,0,0
5778,277,49,1562,1562,0,0,0
5779,236,56,1561,1561,0,0,0
5780,164,61,1540,1540,0,0,0
5781,90,63,1515,1515,0,0,0
5782,27,63,1501,1501,0,1,0
5783,16,62,-1501,-1501,0,0,0
5784,37,61,1533,1533,1,1,0
5785,59,62,1554,1554,0,1,0
5786,66,63,1556,1556,0,0,0
5787,76,64,1581,1581,1,1,0
5788,79,65,1589,1589,0,1,0
5789,67,69,1591,1591,1,0,0
5790,-33,69,1557,1557,1,1,0
5791,-119,63,1521,1521,1,1,0
5792,-59,60,1547,1547,0,1,0
5793,-98,57,1536,1536,1,1,0
5794,-236,50,-1538,-1538,1,0,0
5795,-293,39,-1556,-1556,1,2,0
5796,-250,30,-1538,-1538,1,1,0
5797,-195,23,-1534,-1534,0,0,0
5798,-154,16,-1533,-1533,0,0,0
5799,-63,12,-1504,-1504,0,0,0
5800,39,12,1536,1536,0,0,0
5801,84,13,1552,1552,0,0,0
5802,94,14,1552,1552,0,0,0
5803,90,16,1547,1547,0,0,0
5804,73,18,1536,1536,0,0,0
5805,68,20,1531,1531,0,0,0
5806,52,21,1532,1532,0,1,0
5807,27,20,1525,1525,1,0,0
5808,-11,19,1501,1501,0,0,0
5809,-13,18,-1506,-1506,0,0,0
5810,-10,17,-1508,-1508,0,0,0
5811,-29,15,-1513,-1513,1,0,0
5812,-36,13,-1521,-1521,0,0,0
5813,-13,11,-1526,-1526,0,-1,0
5814,27,12,-1508,-1508,0,0,0
5815,29,12,-1508,-1508,0,0,0
5816,27,12,-1530,-1530,-1,-1,0
5817,28,12,-1526,-1526,0,0,0
5818,11,12,-1543,-1543,0,-1,0
5819,-7,10,-1559,-1559,0,-1,0
5820,-3,9,-1554,-1554,0,0,0
5821,5,8,-1568,-1568,-1,-1,0
5822,11,8,-1559,-1559,0,0,0
5823,33,4,-1557,-1557,0,-1,0
5824,166,8,-1503,-1503,-1,-1,0
5825,185,14,1509,1509,0,-1,0
5826,122,17,-1540,-1540,-2,-1,0
5827,133,19,-1531,-1531,0,-1,0
5828,207,25,1501,1501,-1,-1,0
5829,205,31,1508,1508,0,-1,0
5830,200,37,1514,1514,-1,0,0
5831,196,41,1517,1517,0,-1,0
5832,212,47,1543,1543,0,0,0
5833,161,53,1533,1533,0,0,0
5834,93,55,1520,1520,0,1,0
5835,48,55,1504,1504,0,0,0
5836,46,55,1518,1518,1,0,0
5837,52,55,1533,1533,0,1,0
5838,44,56,1540,1540,0,1,0
5839,18,55,1546,1546,1,1,0
5840,9,54,1535,1535,0,0,0
5841,22,54,1548,1548,0,1,0
5842,24,54,1573,1573,2,1,0
5843,-4,56,1564,1564,0,1,0
5844,-186,51,-1516,-1516,1,1,0
5845,-298,40,-1591,-1591,0,0,0
5846,-217,31,-1559,-1559,0,1,0
5847,-170,24,-1552,-1552,0,0,0
5848,-139,18,-1549,-1549,0,0,0
5849,-52,14,-1517,-1517,0,0,0
5850,34,14,1517,1517,0,0,0
5851,58,15,1516,1516,-1,0,0
5852,23,15,-1503,-1503,0,0,0
5853,-2,14,-1519,-1519,0,0,0
5854,8,13,-1526,-1526,-1,0,0
5855,12,13,-1544,-1544,-1,-1,0
5856,12,12,-1542,-1542,0,0,0
5857,14,12,-1538,-1538,0,0,0
5858,8,11,-1560,-1560,-1,-1,0
5859,-1,10,-1580,-1580,-1,-1,0
5860,4,9,-1580,-1580,0,-1,0
5861,24,8,-1584,-1584,-1,-1,0
5862,82,9,-1556,-1556,-1,0,0
5863,175,9,-1522,-1522,-1,-1,0
5864,389,20,1583,1583,0,-2,0
5865,392,32,1598,1598,-1,0,0
5866,335,42,1583,1583,0,-1,0
5867,319,51,1585,1585,-1,0,0
5868,278,59,1584,1584,0,0,0
5869,212,65,1569,1569,0,0,0
5870,142,69,1547,1547,0,0,0
5871,80,70,1535,1535,1,0,0
5872,57,70,1538,1538,0,1,0
5873,70,71,1557,1557,0,1,0
5874,89,73,1578,1578,0,1,0
5875,103,75,1604,1604,1,1,0
5876,112,77,1607,1607,0,0,0
5877,105,81,1623,1623,1,1,0
5878,9,85,1594,1594,1,1,0
5879,-159,77,1528,1528,1,2,0
5880,-104,72,1547,1547,1,0,0
5881,-78,69,1564,1564,1,1,0
5882,-227,63,1506,1506,1,2,0
5883,-365,51,-1568,-1568,1,1,0
5884,-361,38,-1573,-1573,1,1,0
5885,-294,28,-1547,-1547,1,1,0
5886,-270,18,-1552,-1552,0,1,0
5887,-197,10,-1541,-1541,0,0,0
5888,-91,4,-1509,-1509,0,0,0
5889,22,3,1532,1532,0,0,0
5890,118,6,1562,1562,0,-1,0
5891,120,9,1561,1561,0,0,0
5892,78,11,1537,1537,0,0,0
5893,55,11,1532,1532,1,0,0
5894,56,12,1548,1548,1,1,0
5895,59,14,1542,1542,0,0,0
5896,26,14,1522,1522,0,0,0
5897,-85,12,-1519,-1519,1,1,0
5898,-162,7,-1569,-1569,0,0,0
5899,-131,1,-1565,-1565,0,0,0
5900,-102,-1,-1559,-1559,0,0,0
5901,-136,-7,-1585,-1585,0,0,0
5902,-49,-11,-1551,-1551,0,0,0
5903,35,-10,-1514,-1514,0,0,0
5904,34,-9,-1536,-1536,-1,-1,0
5905,-11,-10,-1566,-1566,0,-1,0
5906,-45,-12,-1603,-1603,-1,-1,0
5907,-45,-14,-1620,-1620,-1,-1,0
5908,-43,-16,-1623,-1623,-1,0,0
5909,-44,-19,-1629,-1629,0,-1,0
5910,-10,-24,-1638,-1638,-1,-2,0
5911,146,-23,-1583,-1583,-2,-1,0
5912,312,-13,0,0,-1,-1,0
5913,331,-4,1503,1503,-1,-2,0
5914,369,4,1528,1528,-1,-1,0
5915,447,16,1574,1574,-1,-1,0
5916,460,30,1592,1592,-1,-1,0
5917,402,42,1583,1583,0,-1,0
5918,339,52,1580,1580,0,0,0
5919,276,60,1571,1571,0,0,0
5920,212,67,1559,1559,0,0,0
5921,145,71,1561,1561,1,1,0
5922,70,73,1541,1541,0,1,0
5923,1,71,1530,1530,1,1,0
5924,-17,69,1529,1529,1,0,0
5925,-27,68,1540,1540,1,1,0
5926,-91,66,1502,1502,0,0,0
5927,-218,60,-1538,-1538,1,2,0
5928,-291,49,-1592,-1592,0,0,0
5929,-236,40,-1561,-1561,1,1,0
5930,-198,33,-1549,-1549,1,0,0
5931,-181,25,-1557,-1557,0,0,0
5932,-101,20,-1539,-1539,-1,0,0
5933,-10,18,-1524,-1524,-1,-1,0
5934,58,19,1509,1509,0,0,0
5935,41,20,-1509,-1509,0,-1,0
5936,-1,18,-1550,-1550,-1,-1,0
5937,2,17,-1546,-1546,0,0,0
5938,17,17,-1556,-1556,-1,-1,0
5939,16,16,-1551,-1551,0,0,0
5940,29,16,-1560,-1560,-1,-1,0
5941,71,13,-1555,-1555,-1,-1,0
5942,204,19,1504,1504,-1,-1,0
5943,234,26,1525,1525,0,-1,0
5944,229,32,1530,1530,-1,0,0
5945,247,38,1554,1554,0,0,0
5946,293,46,1583,1583,0,-1,0
5947,261,54,1584,1584,0,0,0
5948,185,60,1561,1561,0,0,0
5949,113,63,1545,1545,0,1,0
5950,75,63,1542,1542,1,0,0
5951,70,64,1541,1541,0,0,0
5952,72,65,1554,1554,0,1,0
5953,77,66,1567,1567,1,0,0
5954,94,67,1595,1595,0,2,0
5955,117,70,1632,1632,2,1,0
5956,115,72,1636,1636,1,0,0
5957,75,77,1621,1621,0,1,0
5958,-119,76,1549,1549,1,2,0
5959,-333,63,-1547,-1547,2,1,0
5960,-290,53,-1532,-1532,1,1,0
5961,-243,45,-1522,-1522,0,1,0
5962,-298,35,-1552,-1552,1,1,0
5963,-285,25,-1572,-1572,0,0,0
5964,-184,17,-1534,-1534,0,1,0
5965,-72,12,1503,1503,0,0,0
5966,40,12,1545,1545,0,0,0
5967,120,15,1578,1578,0,0,0
5968,98,17,1564,1564,0,0,0
5969,73,18,1546,1546,0,0,0
5970,62,20,1556,1556,2,0,0
5971,13,20,1526,1526,0,0,0
5972,-46,17,-1501,-1501,0,1,0
5973,-47,16,0,0,1,0,0
5974,-66,13,-1518,-1518,0,0,0
5975,-81,9,-1545,-1545,0,-1,0
5976,-6,7,-1515,-1515,0,0,0
5977,43,8,1507,1507,0,0,0
5978,30,9,-1502,-1502,0,0,0
5979,43,9,1502,1502,0,0,0
5980,50,10,-1516,-1516,-1,-1,0
5981,37,10,-1519,-1519,0,0,0
5982,15,10,-1529,-1529,0,0,0
5983,4,9,-1534,-1534,0,0,0
5984,0,9,-1546,-1546,0,-1,0
5985,2,8,-1552,-1552,-1,0,0
5986,1,7,-1571,-1571,-1,-1,0
5987,-1,6,-1566,-1566,0,0,0
5988,-12,5,-1567,-1567,0,0,0
5989,-18,4,-1586,-1586,-1,-1,0
5990,-16,2,-1580,-1580,0,0,0
5991,7,-1,-1588,-1588,-1,-1,0
5992,136,1,-1525,-1525,0,-1,0
5993,159,6,-1532,-1532,-2,-1,0
5994,141,8,-1537,-1537,0,-1,0
5995,246,14,1511,1511,-1,-1,0
5996,299,23,1537,1537,-1,-1,0
5997,276,30,1536,1536,0,-1,0
5998,298,39,1548,1548,-2,0,0
5999,273,47,1548,1548,0,-1,0
6000,208,54,1536,1536,0,0,0
6001,139,58,1528,1528,0,1,0
6002,73,59,1516,1516,1,0,0
6003,34,59,1512,1512,1,0,0
6004,32,58,1523,1523,0,1,0
6005,22,58,1538,1538,1,1,0
6006,-7,57,1531,1531,0,1,0
6007,-19,55,1529,1529,1,0,0
6008,-3,54,1542,1542,0,1,0
6009,-45,53,1515,1515,0,0,0
6010,-138,50,1502,1502,2,2,0
6011,-228,42,-1558,-1558,0,0,0
6012,-239,33,-1570,-1570,0,1,0
6013,-212,25,-1563,-1563,1,0,0
6014,-206,17,-1576,-1576,0,0,0
6015,-134,11,-1555,-1555,0,0,0
6016,-39,8,-1528,-1528,-1,0,0
6017,45,8,1507,1507,0,0,0
6018,64,9,1505,1505,-1,0,0
6019,22,9,-1537,-1537,-1,-1,0
6020,2,8,-1545,-1545,0,0,0
6021,27,8,-1542,-1542,0,-1,0
6022,33,8,-1554,-1554,-1,-1,0
6023,25,8,-1554,-1554,0,0,0
6024,31,7,-1566,-1566,-1,-1,0
6025,37,7,-1557,-1557,0,0,0
6026,95,4,-1555,-1555,-2,-1,0
6027,276,13,1530,1530,0,-2,0
6028,294,22,1548,1548,-1,0,0
6029,276,30,1548,1548,0,-1,0
6030,266,36,1560,1560,0,0,0
6031,261,44,1574,1574,0,0,0
6032,226,50,1572,1572,0,0,0
6033,156,55,1549,1549,0,0,0
6034,87,56,1542,1542,1,1,0
6035,57,57,1530,1530,0,0,0
6036,58,57,1552,1552,1,1,0
6037,66,58,1574,1574,1,1,0
6038,75,59,1594,1594,1,1,0
6039,92,61,1597,1597,0,0,0
6040,79,63,1607,1607,1,1,0
6041,-65,65,1550,1550,1,1,0
6042,-305,55,-1554,-1554,1,2,0
6043,-318,42,-1575,-1575,1,0,0
6044,-220,35,-1527,-1527,1,1,0
6045,-246,27,-1551,-1551,0,1,0
6046,-283,16,-1592,-1592,0,0,0
6047,-192,8,-1557,-1557,0,1,0
6048,-83,3,-1520,-1520,0,0,0
6049,25,2,1521,1521,0,0,0
6050,102,4,1553,1553,0,0,0
6051,103,7,1550,1550,0,0,0
6052,61,8,1526,1526,0,0,0
6053,47,8,1515,1515,0,0,0
6054,54,9,1525,1525,0,1,0
6055,50,12,1532,1532,1,0,0
6056,-24,11,0,0,1,0,0
6057,-45,8,-1519,-1519,0,0,0
6058,-69,5,-1528,-1528,0,1,0
6059,-124,1,-1565,-1565,0,0,0
6060,-94,-3,-1550,-1550,1,0,0
6061,-14,-5,-1540,-1540,-1,-1,0
6062,73,-3,1502,1502,0,0,0
6063,69,-1,0,0,0,0,0
6064,27,-2,-1522,-1522,0,0,0
6065,16,-2,-1538,-1538,0,-1,0
6066,16,-2,-1537,-1537,0,0,0
6067,1,-3,-1554,-1554,0,-1,0
6068,4,-4,-1552,-1552,0,0,0
6069,14,-4,-1566,-1566,-1,-1,0
6070,1,-5,-1577,-1577,-1,0,0
6071,-11,-6,-1589,-1589,0,-1,0
6072,-6,-8,-1582,-1582,0,0,0
6073,44,-11,-1577,-1577,-1,-1,0
6074,169,-6,-1525,-1525,0,-2,0
6075,155,-1,-1537,-1537,-1,-1,0
6076,105,0,-1550,-1550,0,0,0
6077,164,3,-1539,-1539,-2,-1,0
6078,196,8,-1536,-1536,-1,-2,0
6079,222,14,-1513,-1513,0,-1,0
6080,277,20,1514,1514,-1,-1,0
6081,322,29,1530,1530,-2,-1,0
6082,327,38,1548,1548,0,-1,0
6083,330,46,1553,1553,-1,-1,0
6084,338,57,1583,1583,0,0,0
6085,277,66,1576,1576,0,0,0
6086,204,72,1559,1559,0,0,0
6087,142,76,1543,1543,0,0,0
6088,98,77,1541,1541,1,0,0
6089,85,78,1551,1551,0,1,0
6090,85,79,1575,1575,1,1,0
6091,77,81,1592,1592,1,1,0
6092,4,80,1573,1573,1,1,0
6093,-95,76,1515,1515,0,0,0
6094,-121,71,1512,1512,1,1,0
6095,-114,68,1515,1515,0,1,0
6096,-193,64,1506,1506,2,2,0
6097,-309,53,-1573,-1573,0,0,0
6098,-277,43,-1558,-1558,1,1,0
6099,-254,34,-1558,-1558,0,1,0
6100,-253,24,-1568,-1568,0,1,0
6101,-194,16,-1549,-1549,0,1,0
6102,-101,11,-1520,-1520,0,0,0
6103,-9,9,1511,1511,0,0,0
6104,44,9,1521,1521,0,-1,0
6105,59,9,1523,1523,0,0,0
6106,72,10,1526,1526,0,0,0
6107,58,12,1517,1517,0,0,0
6108,39,11,1515,1515,0,1,0
6109,55,12,1519,1519,0,0,0
6110,72,13,1524,1524,0,0,0
6111,64,14,1518,1518,0,0,0
6112,52,15,1511,1511,0,0,0
6113,54,15,1521,1521,1,0,0
6114,54,18,1530,1530,0,1,0
6115,-23,17,-1513,-1513,0,0,0
6116,-94,12,-1554,-1554,0,0,0
6117,-39,11,-1532,-1532,0,0,0
6118,-47,8,-1531,-1531,1,0,0
6119,-41,5,-1544,-1544,-1,0,0
6120,46,5,-1505,-1505,0,0,0
6121,84,7,1504,1504,0,-1,0
6122,45,8,-1514,-1514,0,0,0
6123,20,7,-1525,-1525,0,0,0
6124,29,7,-1521,-1521,0,0,0
6125,34,8,-1528,-1528,0,-1,0
6126,20,7,-1553,-1553,-1,-1,0
6127,25,7,-1556,-1556,0,-1,0
6128,33,7,-1557,-1557,0,-1,0
6129,37,6,-1561,-1561,-1,0,0
6130,113,5,-1528,-1528,0,-1,0
6131,238,13,1526,1526,-1,-1,0
6132,186,19,-1504,-1504,-1,-1,0
6133,112,21,-1536,-1536,0,-1,0
6134,123,23,-1528,-1528,-1,0,0
6135,178,29,1514,1514,0,0,0
6136,172,33,1505,1505,-1,-1,0
6137,177,36,1519,1519,0,0,0
6138,256,43,1574,1574,0,0,0
6139,232,51,1576,1576,0,0,0
6140,156,56,1551,1551,0,0,0
6141,91,57,1527,1527,0,0,0
6142,75,58,1534,1534,1,0,0
6143,79,59,1549,1549,0,1,0
6144,82,61,1561,1561,1,0,0
6145,71,62,1556,1556,0,0,0
6146,48,62,1555,1555,0,1,0
6147,38,63,1577,1577,2,1,0
6148,-23,61,1550,1550,0,1,0
6149,-94,57,1524,1524,1,1,0
6150,-69,55,1535,1535,0,1,0
6151,-98,55,1512,1512,0,0,0
6152,-270,45,-1557,-1557,1,2,0
6153,-272,35,-1569,-1569,0,1,0
6154,-215,27,-1540,-1540,2,0,0
6155,-217,19,-1551,-1551,0,1,0
6156,-196,11,-1560,-1560,0,0,0
6157,-99,6,-1529,-1529,0,0,0
6158,2,4,1509,1509,0,0,0
6159,68,5,1536,1536,0,0,0
6160,77,7,1535,1535,0,0,0
6161,58,8,1522,1522,0,0,0
6162,32,8,1506,1506,0,0,0
6163,27,8,1509,1509,0,1,0
6164,14,8,-1501,-1501,0,0,0
6165,-34,6,-1509,-1509,1,1,0
6166,-67,6,-1532,-1532,0,0,0
6167,-126,0,-1560,-1560,0,1,0
6168,-110,-4,-1564,-1564,0,0,0
6169,-54,-8,-1555,-1555,-1,0,0
6170,21,-9,-1533,-1533,0,-1,0
6171,47,-7,-1521,-1521,0,0,0
6172,11,-7,-1548,-1548,-1,0,0
6173,-23,-9,-1585,-1585,-1,-1,0
6174,-17,-11,-1579,-1579,0,0,0
6175,-5,-11,-1580,-1580,0,-1,0
6176,-14,-13,-1592,-1592,-1,0,0
6177,-25,-14,-1604,-1604,0,-1,0
6178,-27,-16,-1620,-1620,-1,-1,0
6179,-27,-18,-1643,-1643,-2,-1,0
6180,-2,-24,-1636,-1636,0,-1,0
6181,228,-20,-1531,-1531,-1,-1,0
6182,394,-8,1553,1553,-1,-1,0
6183,410,4,1545,1545,-2,-2,0
6184,399,16,1549,1549,-1,-1,0
6185,367,25,1561,1561,0,0,0
6186,376,36,1581,1581,0,-1,0
6187,340,46,1578,1578,-1,0,0
6188,268,54,1564,1564,0,0,0
6189,195,60,1556,1556,1,0,0
6190,119,64,1531,1531,0,0,0
6191,47,64,1503,1503,0,0,0
6192,14,62,1512,1512,1,1,0
6193,17,61,1513,1513,0,0,0
6194,33,61,1533,1533,1,0,0
6195,52,62,1561,1561,1,1,0
6196,53,62,1579,1579,1,1,0
6197,-13,62,1551,1551,0,1,0
6198,-110,57,1512,1512,1,1,0
6199,-100,54,1505,1505,0,0,0
6200,-129,53,1514,1514,2,1,0
6201,-258,43,-1558,-1558,0,1,0
6202,-263,33,-1560,-1560,1,1,0
6203,-233,25,-1556,-1556,0,1,0
6204,-194,17,-1557,-1557,0,0,0
6205,-131,11,-1542,-1542,0,0,0
6206,-38,8,-1509,-1509,0,0,0
6207,55,7,1528,1528,0,0,0
6208,107,10,1551,1551,0,0,0
6209,95,12,1532,1532,0,-1,0
6210,58,13,1512,1512,0,0,0
6211,51,13,1507,1507,0,0,0
6212,68,14,1524,1524,0,1,0
6213,71,16,1524,1524,0,0,0
6214,67,17,1521,1521,0,0,0
6215,67,18,1520,1520,0,0,0
6216,63,19,1517,1517,0,0,0
6217,51,20,1520,1520,1,0,0
6218,5,19,1505,1505,0,1,0
6219,-3,17,-1504,-1504,0,0,0
6220,15,19,1503,1503,0,0,0
6221,-78,17,-1535,-1535,1,0,0
6222,-121,11,-1566,-1566,0,0,0
6223,-43,8,-1535,-1535,0,0,0
6224,11,7,-1513,-1513,0,0,0
6225,17,6,-1524,-1524,-1,0,0
6226,54,7,-1505,-1505,0,0,0
6227,53,8,-1505,-1505,0,0,0
6228,32,8,-1525,-1525,0,-1,0
6229,24,8,-1528,-1528,0,0,0
6230,14,8,-1532,-1532,0,0,0
6231,4,7,-1557,-1557,-1,-1,0
6232,15,6,-1558,-1558,0,-1,0
6233,26,6,-1558,-1558,0,-1,0
6234,26,6,-1573,-1573,-1,-1,0
6235,57,2,-1564,-1564,-1,0,0
6236,233,9,1515,1515,-1,-1,0
6237,232,16,1502,1502,-1,-2,0
6238,160,21,-1515,-1515,0,0,0
6239,148,24,-1527,-1527,-1,-1,0
6240,228,29,1529,1529,0,0,0
6241,269,38,1547,1547,-1,-1,0
6242,229,43,1534,1534,-1,0,0
6243,251,49,1553,1553,0,-1,0
6244,263,57,1567,1567,0,-1,0
6245,193,63,1550,1550,0,0,0
6246,119,67,1527,1527,0,0,0
6247,75,67,1534,1534,1,1,0
6248,82,68,1552,1552,1,0,0
6249,71,69,1559,1559,0,1,0
6250,57,70,1562,1562,1,0,0
6251,44,70,1564,1564,0,1,0
6252,45,70,1571,1571,1,0,0
6253,23,71,1567,1567,1,0,0
6254,-61,68,1538,1538,1,1,0
6255,-91,63,1522,1522,0,1,0
6256,-57,61,1548,1548,1,1,0
6257,-88,59,1532,1532,0,1,0
6258,-178,55,-1504,-1504,1,1,0
6259,-242,46,-1535,-1535,1,1,0
6260,-235,38,-1531,-1531,1,1,0
6261,-257,29,-1564,-1564,0,0,0
6262,-234,20,-1563,-1563,0,1,0
6263,-137,14,-1533,-1533,0,0,0
6264,-64,11,-1511,-1511,0,0,0
6265,-52,8,-1525,-1525,0,-1,0
6266,-6,6,-1510,-1510,0,0,0
6267,42,6,-1512,-1512,-1,-1,0
6268,56,7,-1515,-1515,0,-1,0
6269,34,7,-1534,-1534,-1,0,0
6270,23,6,-1547,-1547,0,-1,0
6271,66,4,-1526,-1526,0,0,0
6272,208,10,1542,1542,0,-1,0
6273,192,17,1525,1525,-1,-1,0
6274,120,21,-1509,-1509,0,-1,0
6275,80,21,-1522,-1522,0,0,0
6276,139,25,1517,1517,0,0,0
6277,102,29,1508,1508,0,0,0
6278,30,28,-1544,-1544,-1,-1,0
6279,74,28,-1516,-1516,0,0,0
6280,121,32,1517,1517,0,0,0
6281,50,34,-1511,-1511,0,0,0
6282,-18,33,-1541,-1541,0,0,0
6283,-2,30,-1543,-1543,-1,0,0
6284,66,32,-1513,-1513,-1,0,0
6285,18,32,-1532,-1532,0,0,0
6286,13,29,-1533,-1533,0,0,0
6287,101,32,1506,1506,-1,0,0
6288,130,35,1518,1518,0,-1,0
6289,129,36,1514,1514,-1,0,0
6290,188,42,1554,1554,0,0,0
6291,150,47,1545,1545,0,0,0
6292,82,49,1529,1529,0,1,0
6293,64,49,1533,1533,1,0,0
6294,70,50,1537,1537,0,0,0
6295,69,51,1547,1547,0,1,0
6296,56,52,1550,1550,1,0,0
6297,32,52,1546,1546,0,1,0
6298,30,51,1551,1551,0,1,0
6299,44,52,1572,1572,1,1,0
6300,43,52,1575,1575,1,0,0
6301,17,54,1576,1576,1,1,0
6302,-83,53,1528,1528,0,1,0
6303,-274,44,-1562,-1562,0,2,0
6304,-313,32,-1593,-1593,1,0,0
6305,-224,23,-1559,-1559,0,1,0
6306,-172,17,-1551,-1551,0,0,0
6307,-143,11,-1552,-1552,0,0,0
6308,-61,6,-1523,-1523,0,0,0
6309,34,6,1515,1515,0,0,0
6310,76,8,1532,1532,0,0,0
6311,44,8,1512,1512,0,0,0
6312,9,7,-1509,-1509,0,0,0
6313,14,7,-1510,-1510,0,0,0
6314,26,7,-1507,-1507,0,0,0
6315,23,6,-1511,-1511,0,0,0
6316,18,6,-1516,-1516,0,0,0
6317,20,6,-1527,-1527,0,-1,0
6318,16,5,-1528,-1528,0,0,0
6319,10,5,-1532,-1532,0,0,0
6320,13,4,-1551,-1551,-1,-1,0
6321,13,4,-1558,-1558,0,-1,0
6322,4,3,-1568,-1568,0,-1,0
6323,3,2,-1575,-1575,0,-1,0
6324,20,0,-1572,-1572,-1,0,0
6325,89,-1,-1555,-1555,-1,-1,0
6326,249,6,1518,1518,-1,-1,0
6327,218,13,0,0,-1,-1,0
6328,141,17,-1531,-1531,0,-1,0
6329,139,18,-1530,-1530,-1,0,0
6330,254,25,1533,1533,0,-1,0
6331,273,34,1531,1531,-2,-1,0
6332,237,38,1522,1522,0,-1,0
6333,291,47,1570,1570,0,0,0
6334,269,55,1578,1578,0,0,0
6335,192,62,1556,1556,0,0,0
6336,115,65,1530,1530,0,0,0
6337,75,65,1539,1539,2,0,0
6338,75,66,1552,1552,0,1,0
6339,77,67,1573,1573,1,1,0
6340,76,68,1572,1572,0,0,0
6341,68,69,1586,1586,1,1,0
6342,44,70,1570,1570,0,0,0
6343,-32,69,1557,1557,2,1,0
6344,-101,64,1522,1522,0,1,0
6345,-92,62,1535,1535,1,1,0
6346,-128,60,1517,1517,0,1,0
6347,-272,51,-1551,-1551,1,1,0
6348,-276,41,-1554,-1554,1,1,0
6349,-240,33,-1537,-1537,1,1,0
6350,-247,23,-1553,-1553,0,1,0
6351,-190,16,-1546,-1546,0,0,0
6352,-90,11,-1514,-1514,0,0,0
6353,-23,9,1507,1507,0,0,0
6354,-14,7,-1509,-1509,0,-1,0
6355,29,6,1506,1506,0,0,0
6356,73,8,1524,1524,0,0,0
6357,64,9,1509,1509,0,-1,0
6358,33,9,-1508,-1508,0,0,0
6359,32,9,-1510,-1510,0,0,0
6360,19,9,-1517,-1517,0,0,0
6361,-26,7,-1541,-1541,0,0,0
6362,13,7,-1524,-1524,0,0,0
6363,55,8,-1513,-1513,0,-1,0
6364,48,8,-1515,-1515,0,0,0
6365,41,9,-1527,-1527,0,-1,0
6366,34,7,-1540,-1540,-1,0,0
6367,92,8,-1508,-1508,0,0,0
6368,142,12,1504,1504,-1,-1,0
6369,88,15,-1515,-1515,0,0,0
6370,68,14,-1530,-1530,0,-1,0
6371,136,18,1502,1502,0,-1,0
6372,122,22,1505,1505,0,0,0
6373,48,22,-1525,-1525,0,0,0
6374,54,23,-1517,-1517,0,0,0
6375,59,25,-1509,-1509,0,0,0
6376,-3,24,-1536,-1536,0,0,0
6377,-23,21,-1546,-1546,0,0,0
6378,26,21,-1532,-1532,-1,0,0
6379,54,22,-1513,-1513,0,0,0
6380,17,21,-1529,-1529,0,0,0
6381,30,20,-1531,-1531,0,-1,0
6382,59,22,-1522,-1522,-1,0,0
6383,32,22,-1530,-1530,0,0,0
6384,36,21,-1535,-1535,-1,0,0
6385,70,23,-1532,-1532,-1,-1,0
6386,62,23,-1539,-1539,-1,0,0
6387,103,24,-1521,-1521,0,-1,0
6388,194,29,1515,1515,-1,-1,0
6389,218,35,1542,1542,0,0,0
6390,237,41,1545,1545,-2,0,0
6391,242,48,1554,1554,0,-1,0
6392,204,54,1562,1562,0,1,0
6393,142,58,1542,1542,0,0,0
6394,100,59,1529,1529,0,0,0
6395,99,61,1555,1555,1,1,0
6396,102,63,1579,1579,1,1,0
6397,97,64,1575,1575,0,0,0
6398,79,66,1586,1586,1,1,0
6399,56,66,1571,1571,0,0,0
#end rows=6434 dropped=0
6400,46,67,1583,1583,1,1,0
6401,13,67,1571,1571,0,1,0
6402,-126,63,1522,1522,2,1,0
6403,-214,57,-1515,-1515,1,1,0
6404,-239,50,-1536,-1536,0,1,0
6405,-256,41,-1545,-1545,1,1,0
6406,-286,31,-1572,-1572,0,1,0
6407,-263,21,-1572,-1572,0,1,0
6408,-170,13,-1547,-1547,0,0,0
6409,-71,9,-1513,-1513,0,0,0
6410,18,8,1519,1519,0,0,0
6411,65,9,1526,1526,0,-1,0
6412,79,10,1529,1529,0,0,0
6413,67,11,1522,1522,0,0,0
6414,39,12,1506,1506,0,0,0
6415,40,12,1503,1503,0,0,0
6416,63,13,1513,1513,0,0,0
6417,62,14,1522,1522,0,1,0
6418,5,13,1501,1501,1,0,0
6419,-33,11,-1513,-1513,1,0,0
6420,3,11,-1501,-1501,0,0,0
6421,-12,10,-1514,-1514,0,0,0
6422,-57,7,-1531,-1531,1,0,0
6423,-26,5,-1523,-1523,0,0,0
6424,31,5,-1509,-1509,-1,0,0
6425,36,6,-1518,-1518,0,-1,0
6426,35,5,-1519,-1519,0,0,0
6427,46,6,-1523,-1523,0,-1,0
6428,28,7,-1539,-1539,0,-1,0
6429,5,6,-1568,-1568,-1,-1,0
6430,7,5,-1572,-1572,-1,0,0
6431,21,2,-1572,-1572,0,-1,0
6432,140,3,-1517,-1517,0,-1,0
6433,232,11,1522,1522,-1,-1,0
