#start mode=1 prof=3 force=0 gear=HEAVY kp=9600.0 kd=120.0 vkp=6200.0 vki=31.0 lb=7.5 ea=21.9 rms=0.0 dead=1500 vbat=11.1
#seq,gyro,ang_c,ml,mr,el,er,inj
0,-1947,40,-2600,-2600,-4,-2,0
1,-1998,-30,-2600,-2600,-4,-5,0
2,-1530,-90,-2600,-2600,-6,-6,0
3,-380,-118,-2600,-2600,-7,-8,0
4,879,-106,-1526,-1526,-8,-8,0
5,1718,-66,2418,2418,-9,-11,0
6,2279,-8,2600,2600,-10,-9,0
7,2837,67,2600,2600,-6,-7,0
8,3236,160,2600,2600,-4,-4,0
9,3324,268,2600,2600,-3,-3,0
10,2876,370,2600,2600,0,-1,0
11,1474,430,2600,2600,0,2,0
12,-46,439,-1859,-1859,3,2,0
13,-1005,416,-2600,-2600,4,4,0
14,-1545,377,-2600,-2600,4,3,0
15,-2085,320,-2600,-2600,1,0,0
16,-2475,242,-2600,-2600,-2,-2,0
17,-2446,157,-2600,-2600,-3,-4,0
18,-1867,84,-2600,-2600,-4,-5,0
19,-504,54,-2600,-2600,-6,-7,0
20,841,67,1783,1783,-6,-8,0
21,1650,107,2600,2600,-8,-9,0
22,2107,160,2600,2600,-7,-8,0
23,2527,229,2600,2600,-5,-5,0
24,2823,308,2600,2600,-3,-4,0
25,2960,401,2600,2600,-1,-2,0
26,2673,494,2600,2600,1,0,0
27,1437,552,2600,2600,2,2,0
28,-49,561,-1589,-1589,5,4,0
29,-1058,537,-2600,-2600,5,4,0
30,-1734,493,-2600,-2600,5,4,0
31,-2314,428,-2600,-2600,3,1,0
32,-2668,343,-2600,-2600,2,-1,0
33,-2622,254,-2600,-2600,-1,-2,0
34,-2276,166,-2600,-2600,-2,-5,0
35,-1282,111,-2600,-2600,-4,-5,0
36,-56,95,-2112,-2112,-5,-8,0
37,1037,115,2106,2106,-7,-8,0
38,1730,159,2600,2600,-7,-9,0
39,2186,217,2600,2600,-5,-8,0
40,2555,285,2600,2600,-4,-6,0
41,2859,365,2600,2600,-2,-4,0
42,3023,472,2600,2600,0,-1,0
43,2136,556,2600,2600,2,0,0
44,-11,566,-1627,-1627,4,1,0
45,-1478,518,-2600,-2600,4,3,0
46,-1619,473,-2600,-2600,4,3,0
47,-1795,418,-2600,-2600,2,1,0
48,-1921,356,-2600,-2600,0,-2,0
49,-1846,292,-2600,-2600,-2,-3,0
50,-1488,228,-2600,-2600,-4,-5,0
51,-14,210,-1961,-1961,-4,-6,0
52,1673,255,2600,2600,-7,-8,0
53,2211,320,2600,2600,-7,-8,0
54,2359,379,2600,2600,-4,-6,0
55,2768,458,2600,2600,-1,-3,0
56,2942,553,2600,2600,-1,-2,0
57,2489,647,2600,2600,1,0,0
58,526,676,2128,2128,3,2,0
59,-1033,641,-2600,-2600,4,3,0
60,-1187,600,-2600,-2600,5,3,0
61,-1170,574,-2600,-2600,3,3,0
62,-1725,522,-2600,-2600,1,0,0
63,-1960,458,-2600,-2600,-1,-2,0
64,-1771,385,-2600,-2600,-3,-2,0
65,-373,353,-2168,-2168,-4,-5,0
66,1607,394,2600,2600,-6,-6,0
67,2274,463,2600,2600,-6,-6,0
68,2309,526,2600,2600,-3,-5,0
69,2533,598,2600,2600,-1,-2,0
70,2747,680,2600,2600,0,0,0
71,2605,775,2600,2600,2,2,0
72,909,820,2600,2600,3,3,0
73,-982,789,-2334,-2334,5,6,0
74,-1373,739,-2600,-2600,6,5,0
75,-1184,708,-2470,-2470,5,5,0
76,-1601,664,-2600,-2600,2,2,0
77,-2022,600,-2600,-2600,0,0,0
78,-1919,524,-2600,-2600,-2,-2,0
79,-786,478,-2378,-2378,-2,-3,0
80,1326,503,2600,2600,-6,-5,0
81,2422,576,2600,2600,-4,-6,0
82,2606,652,2600,2600,-3,-3,0
83,2727,729,2600,2600,-1,-1,0
84,2930,814,2600,2600,2,0,0
85,2860,915,2600,2600,2,1,0
86,1256,968,2600,2600,4,3,0
87,-554,948,-1589,-1589,6,5,0
88,-820,916,-1845,-1845,6,5,0
89,-719,903,-1650,-1650,6,6,0
90,-1289,869,-2321,-2321,5,4,0
91,-1670,814,-2600,-2600,4,3,0
92,-1529,761,-2600,-2600,3,2,0
93,-1185,710,-2377,-2377,1,0,0
94,-471,679,-1628,-1628,-2,-1,0
95,614,683,2593,2593,-2,-3,0
96,1735,729,2600,2600,-3,-4,0
97,2334,793,2600,2600,-1,-2,0
98,2648,866,2600,2600,1,1,0
99,2896,952,2600,2600,3,2,0
100,2585,1047,2600,2600,4,3,0
101,626,1076,2600,2600,4,4,0
102,-694,1049,1541,1541,7,7,0
103,-639,1029,1691,1691,8,7,0
104,-777,1011,1596,1596,8,7,0
105,-1324,972,-2024,-2024,8,7,0
106,-1586,921,-2335,-2335,7,7,0
107,-1468,874,-2222,-2222,6,5,0
108,-1374,831,-2157,-2157,5,4,0
109,-1338,787,-2211,-2211,3,1,0
110,-1147,742,-2101,-2101,1,0,0
111,-537,713,1520,1520,0,-1,0
112,374,713,2533,2533,0,-2,0
113,1157,740,2600,2600,0,-2,0
114,1695,784,2600,2600,0,0,0
115,2008,836,2600,2600,4,3,0
116,2324,911,2600,2600,4,3,0
117,1998,984,2600,2600,5,5,0
118,733,1014,2600,2600,6,6,0
119,-417,1006,2047,2047,8,7,0
120,-981,982,-1557,-1557,10,7,0
121,-1361,946,-1966,-1966,9,8,0
122,-1800,896,-2482,-2482,9,7,0
123,-2214,829,-2600,-2600,7,6,0
124,-2313,753,-2600,-2600,5,3,0
125,-2147,683,-2600,-2600,4,2,0
126,-1890,610,-2600,-2600,1,-1,0
127,-1010,563,-2115,-2115,0,-2,0
128,211,555,2227,2227,-2,-3,0
129,1201,580,2600,2600,-3,-4,0
130,1865,627,2600,2600,-1,-3,0
131,2344,688,2600,2600,1,0,0
132,2757,765,2600,2600,3,1,0
133,2914,863,2600,2600,4,4,0
134,2027,935,2600,2600,4,4,0
135,713,964,2600,2600,6,7,0
136,-170,965,2278,2278,8,6,0
137,-709,949,1731,1731,10,8,0
138,-1213,918,-1805,-1805,9,9,0
139,-1780,869,-2460,-2460,9,8,0
140,-2227,799,-2600,-2600,8,6,0
141,-2261,726,-2600,-2600,6,5,0
142,-2138,658,-2600,-2600,4,3,0
143,-2001,585,-2600,-2600,2,0,0
144,-1204,532,-2290,-2290,0,-1,0
145,297,525,2370,2370,-2,-4,0
146,1498,560,2600,2600,-3,-4,0
147,2142,615,2600,2600,-1,-2,0
148,2629,685,2600,2600,1,1,0
149,2952,768,2600,2600,3,2,0
150,2995,870,2600,2600,2,4,0
151,1971,940,2600,2600,6,6,0
152,595,964,2600,2600,6,6,0
153,-180,964,2330,2330,7,7,0
154,-629,948,1878,1878,9,8,0
155,-1012,921,-1503,-1503,10,9,0
156,-1480,878,-2017,-2017,9,10,0
157,-1858,821,-2479,-2479,8,8,0
158,-1955,758,-2600,-2600,7,6,0
159,-1864,700,-2600,-2600,5,5,0
160,-1814,639,-2600,-2600,2,2,0
161,-1451,579,-2388,-2388,2,1,0
162,-157,556,2030,2030,-1,-1,0
163,1337,582,2600,2600,-2,-3,0
164,2177,635,2600,2600,-1,-1,0
165,2734,706,2600,2600,1,1,0
166,3203,798,2600,2600,3,3,0
167,3366,904,2600,2600,4,4,0
168,2849,1000,2600,2600,4,5,0
169,1620,1054,2600,2600,7,7,0
170,804,1079,2600,2600,7,8,0
171,569,1097,2600,2600,9,9,0
172,341,1110,2600,2600,9,11,0
173,-136,1109,2600,2600,11,12,0
174,-670,1089,2406,2406,12,12,0
175,-1034,1063,2060,2060,13,13,0
176,-1449,1021,1619,1619,12,14,0
177,-1796,963,-1760,-1760,13,14,0
178,-1906,903,-1860,-1860,14,14,0
179,-2029,842,-2020,-2020,12,13,0
180,-2088,777,-2153,-2153,10,11,0
181,-2076,714,-2207,-2207,10,10,0
182,-2054,639,-2298,-2298,8,8,0
183,-1488,576,-1758,-1758,5,7,0
184,103,564,2600,2600,5,5,0
185,1367,601,2600,2600,3,4,0
186,1728,648,2600,2600,5,5,0
187,1955,699,2600,2600,7,7,0
188,2215,759,2600,2600,8,8,0
189,2256,841,2600,2600,9,9,0
190,1271,891,2600,2600,10,10,0
191,-86,888,2600,2600,10,11,0
192,-524,867,2600,2600,12,12,0
193,-390,860,2600,2600,13,13,0
194,-800,842,2475,2475,14,13,0
195,-1249,803,1988,1988,14,15,0
196,-1433,761,1824,1824,15,16,0
197,-1695,711,1535,1535,15,15,0
198,-1941,649,-1768,-1768,15,14,0
199,-1892,587,-1722,-1722,14,15,0
200,-1743,532,-1566,-1566,14,14,0
201,-1676,478,-1550,-1550,12,12,0
202,-1599,427,-1547,-1547,10,11,0
203,-1497,375,1504,1504,11,11,0
204,-1168,326,1814,1814,10,10,0
205,-341,305,2600,2600,10,10,0
206,417,314,2600,2600,10,11,0
207,690,332,2600,2600,11,11,0
208,856,360,2600,2600,11,11,0
209,726,397,2600,2600,13,13,0
210,-84,401,2600,2600,14,14,0
211,-967,372,2196,2196,13,15,0
212,-1373,325,1726,1726,16,14,0
213,-1344,289,1790,1790,15,16,0
214,-1552,248,1534,1534,14,15,0
215,-1890,188,-1878,-1878,15,16,0
216,-1897,127,-1920,-1920,15,14,0
217,-1781,69,-1835,-1835,13,14,0
218,-1647,18,-1750,-1750,12,12,0
219,-1611,-32,-1798,-1798,11,11,0
220,-1443,-88,-1714,-1714,9,10,0
221,-802,-125,1948,1948,8,9,0
222,-2,-132,2600,2600,8,8,0
223,692,-115,2600,2600,8,9,0
224,1100,-85,2600,2600,9,10,0
225,1289,-49,2600,2600,11,11,0
226,1413,2,2600,2600,12,12,0
227,790,42,2600,2600,12,12,0
228,-581,27,2344,2344,13,13,0
229,-1232,-13,1593,1593,14,15,0
230,-1204,-51,1649,1649,14,15,0
231,-1213,-79,1654,1654,14,14,0
232,-1618,-128,-1833,-1833,14,15,0
233,-1758,-183,-2033,-2033,14,13,0
234,-1700,-235,-2015,-2015,12,13,0
235,-1697,-286,-2100,-2100,10,11,0
236,-1714,-345,-2240,-2240,8,10,0
237,-1417,-402,-2010,-2010,8,8,0
238,-372,-427,2122,2122,6,6,0
239,927,-401,2600,2600,5,5,0
240,1529,-355,2600,2600,5,6,0
241,1731,-309,2600,2600,7,6,0
242,2007,-251,2600,2600,8,8,0
243,2163,-185,2600,2600,8,10,0
244,1962,-107,2600,2600,10,9,0
245,680,-71,2600,2600,11,12,0
246,-573,-90,2141,2141,12,12,0
247,-830,-118,1879,1879,13,13,0
248,-835,-138,1927,1927,13,14,0
249,-1190,-167,1527,1527,13,13,0
250,-1652,-218,-2031,-2031,13,13,0
251,-1742,-272,-2132,-2132,14,14,0
252,-1700,-325,-2121,-2121,12,12,0
253,-1676,-376,-2180,-2180,9,10,0
254,-1623,-434,-2224,-2224,8,9,0
255,-1137,-481,-1758,-1758,7,7,0
256,-250,-496,2192,2192,5,5,0
257,733,-474,2600,2600,5,5,0
258,1377,-433,2600,2600,6,5,0
259,1638,-386,2600,2600,6,7,0
260,1835,-331,2600,2600,8,8,0
261,1861,-266,2600,2600,10,9,0
262,1155,-212,2600,2600,9,10,0
263,-397,-213,2252,2252,11,12,0
264,-1211,-252,-1695,-1695,12,12,0
265,-1249,-288,-1717,-1717,12,12,0
266,-1379,-321,-1856,-1856,12,12,0
267,-1875,-374,-2499,-2499,10,10,0
268,-2150,-436,-2600,-2600,10,10,0
269,-2280,-509,-2600,-2600,6,7,0
270,-2025,-585,-2600,-2600,6,5,0
271,-846,-624,-1763,-1763,2,3,0
272,651,-608,2600,2600,2,2,0
273,1463,-565,2600,2600,1,0,0
274,1861,-510,2600,2600,1,2,0
275,2128,-443,2600,2600,4,3,0
276,2163,-375,2600,2600,6,6,0
277,2076,-295,2600,2600,6,6,0
278,1071,-240,2600,2600,7,7,0
279,-760,-254,1501,1501,9,9,0
280,-1602,-302,-2464,-2464,10,11,0
281,-1710,-351,-2592,-2592,9,9,0
282,-1871,-401,-2600,-2600,8,8,0
283,-2203,-461,-2600,-2600,5,5,0
284,-2454,-533,-2600,-2600,4,3,0
285,-2393,-619,-2600,-2600,2,2,0
286,-1016,-664,-2346,-2346,-1,0,0
287,760,-648,2600,2600,-2,-3,0
288,1748,-592,2600,2600,-4,-4,0
289,1910,-538,2600,2600,0,0,0
290,2192,-469,2600,2600,1,1,0
291,2236,-395,2600,2600,2,3,0
292,1948,-315,2600,2600,4,3,0
293,466,-279,2556,2556,5,5,0
294,-1282,-312,-2483,-2483,7,7,0
295,-1923,-371,-2600,-2600,7,8,0
296,-2030,-425,-2600,-2600,6,6,0
297,-2437,-491,-2600,-2600,4,3,0
298,-2845,-573,-2600,-2600,1,2,0
299,-2919,-675,-2600,-2600,-1,0,0
300,-1793,-744,-2600,-2600,-1,-2,0
301,46,-751,-1544,-1544,-4,-4,0
302,1185,-712,2600,2600,-6,-4,0
303,1267,-676,2600,2600,-5,-6,0
304,1590,-635,2600,2600,-3,-3,0
305,2074,-571,2600,2600,-1,-1,0
306,2093,-499,2600,2600,0,1,0
307,1599,-427,2600,2600,3,2,0
308,-175,-410,-1614,-1614,2,4,0
309,-1825,-463,-2600,-2600,6,6,0
310,-2318,-533,-2600,-2600,4,5,0
311,-2453,-604,-2600,-2600,2,3,0
312,-2629,-679,-2600,-2600,1,1,0
313,-2844,-770,-2600,-2600,-2,-1,0
314,-2596,-863,-2600,-2600,-1,-2,0
315,-1038,-906,-2600,-2600,-4,-3,0
316,462,-890,1560,1560,-6,-5,0
317,634,-872,1680,1680,-6,-6,0
318,731,-860,1719,1719,-6,-6,0
319,1384,-819,2487,2487,-5,-5,0
320,1566,-769,2600,2600,-4,-4,0
321,1416,-722,2589,2589,-3,-3,0
322,1139,-675,2360,2360,0,0,0
323,498,-642,1711,1711,2,2,0
324,-750,-646,-2600,-2600,2,3,0
325,-2065,-705,-2600,-2600,3,3,0
326,-2639,-783,-2600,-2600,1,1,0
327,-2862,-866,-2600,-2600,-1,-1,0
328,-3058,-965,-2600,-2600,-3,-2,0
329,-2512,-1056,-2600,-2600,-4,-4,0
330,-509,-1079,-2600,-2600,-5,-6,0
331,639,-1056,-1639,-1639,-6,-8,0
332,564,-1041,-1821,-1821,-8,-8,0
333,707,-1031,-1721,-1721,-7,-8,0
334,1433,-994,2096,2096,-8,-9,0
335,1830,-936,2564,2564,-8,-8,0
336,1697,-882,2419,2419,-7,-7,0
337,1540,-834,2307,2307,-4,-4,0
338,1371,-786,2215,2215,-1,-3,0
339,938,-739,1803,1803,-2,-1,0
340,-121,-722,-2357,-2357,1,0,0
341,-1491,-757,-2600,-2600,1,1,0
342,-2244,-823,-2600,-2600,-2,-1,0
343,-2500,-896,-2600,-2600,-2,-2,0
344,-2691,-979,-2600,-2600,-4,-4,0
345,-2488,-1068,-2600,-2600,-6,-6,0
346,-841,-1104,-2600,-2600,-6,-6,0
347,672,-1082,-1871,-1871,-7,-9,0
348,758,-1058,-1839,-1839,-9,-9,0
349,694,-1047,-2006,-2006,-10,-10,0
350,1199,-1017,1553,1553,-9,-10,0
351,1602,-966,2031,2031,-9,-9,0
352,1552,-918,1980,1980,-8,-9,0
353,1395,-873,1834,1834,-7,-7,0
354,1188,-836,1639,1639,-5,-7,0
355,1026,-802,1511,1511,-5,-5,0
356,791,-762,-1704,-1704,-5,-5,0
357,70,-743,-2506,-2506,-4,-4,0
358,-904,-766,-2600,-2600,-4,-5,0
359,-1368,-806,-2600,-2600,-5,-6,0
360,-1584,-855,-2600,-2600,-7,-7,0
361,-1541,-915,-2600,-2600,-8,-9,0
362,-480,-939,-2600,-2600,-9,-9,0
363,770,-917,-2017,-2017,-9,-11,0
364,1202,-877,-1550,-1550,-11,-12,0
365,1116,-852,-1713,-1713,-12,-12,0
366,1466,-817,1686,1686,-10,-12,0
367,1921,-759,2253,2253,-10,-11,0
368,1813,-705,2163,2163,-9,-10,0
369,1671,-657,2069,2069,-7,-8,0
370,1550,-602,2020,2020,-6,-7,0
371,983,-557,-1551,-1551,-4,-6,0
372,52,-545,-2581,-2581,-3,-5,0
373,-671,-564,-2600,-2600,-3,-4,0
374,-993,-594,-2600,-2600,-4,-5,0
375,-1241,-628,-2600,-2600,-5,-7,0
376,-1558,-683,-2600,-2600,-7,-9,0
377,-1188,-733,-2600,-2600,-8,-8,0
378,278,-733,-2499,-2499,-8,-11,0
379,1107,-698,-1551,-1551,-10,-12,0
380,1065,-671,-1643,-1643,-10,-12,0
381,1334,-640,1641,1641,-11,-12,0
382,1951,-581,2390,2390,-10,-12,0
383,2023,-519,2495,2495,-10,-12,0
384,1864,-462,2382,2382,-7,-9,0
385,1762,-409,2369,2369,-5,-7,0
386,1633,-349,2352,2352,-4,-5,0
387,921,-301,1648,1648,-1,-4,0
388,-599,-304,-2600,-2600,-1,-1,0
389,-1845,-357,-2600,-2600,0,-2,0
390,-2389,-430,-2600,-2600,-2,-3,0
391,-2609,-507,-2600,-2600,-2,-4,0
392,-2783,-590,-2600,-2600,-6,-6,0
393,-2751,-688,-2600,-2600,-5,-7,0
394,-1512,-747,-2600,-2600,-7,-9,0
395,36,-746,-2600,-2600,-8,-9,0
396,430,-731,-2314,-2314,-9,-11,0
397,369,-729,-2487,-2487,-11,-12,0
398,887,-710,-1925,-1925,-10,-12,0
399,1418,-668,1648,1648,-12,-14,0
400,1586,-623,1803,1803,-12,-14,0
401,1780,-576,2034,2034,-11,-12,0
402,2006,-517,2352,2352,-9,-11,0
403,1843,-464,2227,2227,-8,-9,0
404,1535,-410,1955,1955,-6,-8,0
405,843,-371,-1761,-1761,-4,-6,0
406,-52,-362,-2600,-2600,-2,-5,0
407,-785,-386,-2600,-2600,-3,-6,0
408,-1169,-428,-2600,-2600,-3,-7,0
409,-1192,-471,-2600,-2600,-5,-8,0
410,-983,-510,-2600,-2600,-5,-9,0
411,-441,-538,-2600,-2600,-7,-10,0
412,570,-533,-2146,-2146,-7,-12,0
413,1386,-496,1795,1795,-9,-13,0
414,1643,-451,2102,2102,-8,-12,0
415,1935,-402,2472,2472,-7,-12,0
416,2343,-330,2600,2600,-5,-9,0
417,2207,-261,2600,2600,-4,-8,0
418,1855,-192,2600,2600,-1,-6,0
419,1083,-143,1967,1967,1,-3,0
420,-132,-134,-2362,-2362,2,-2,0
421,-1324,-166,-2600,-2600,3,0,0
422,-2232,-231,-2600,-2600,1,-2,0
423,-2632,-307,-2600,-2600,-1,-4,0
424,-2826,-391,-2600,-2600,-1,-5,0
425,-2753,-490,-2600,-2600,-3,-6,0
426,-1513,-549,-2600,-2600,-5,-8,0
427,23,-551,-2499,-2499,-5,-9,0
428,464,-535,-2049,-2049,-8,-10,0
429,465,-530,-2142,-2142,-8,-12,0
430,1041,-507,-1513,-1513,-9,-11,0
431,1624,-456,2155,2155,-9,-12,0
432,1620,-404,2150,2150,-8,-11,0
433,1462,-361,1989,1989,-7,-9,0
434,1409,-319,1974,1974,-6,-8,0
435,1254,-282,1870,1870,-4,-6,0
436,1011,-244,1673,1673,-2,-6,0
437,429,-215,-1928,-1928,-2,-4,0
438,-594,-224,-2600,-2600,-1,-4,0
439,-1333,-263,-2600,-2600,-3,-4,0
440,-1662,-311,-2600,-2600,-4,-6,0
441,-1908,-377,-2600,-2600,-5,-7,0
442,-1450,-437,-2600,-2600,-6,-8,0
443,48,-444,-2600,-2600,-8,-11,0
444,932,-414,-1612,-1612,-8,-10,0
445,875,-392,-1731,-1731,-9,-11,0
446,1138,-369,1527,1527,-10,-12,0
447,1793,-317,2303,2303,-9,-12,0
448,1934,-259,2487,2487,-9,-11,0
449,1728,-209,2293,2293,-7,-9,0
450,1570,-164,2199,2199,-4,-7,0
451,1415,-116,2134,2134,-3,-5,0
452,764,-79,-1520,-1520,-1,-4,0
453,-274,-78,-2600,-2600,0,-3,0
454,-1045,-113,-2600,-2600,-1,-2,0
455,-1296,-157,-2600,-2600,-1,-4,0
456,-1427,-204,-2600,-2600,-3,-6,0
457,-1486,-259,-2600,-2600,-5,-6,0
458,-1080,-308,-2600,-2600,-6,-8,0
459,458,-307,-2018,-2018,-7,-10,0
460,1665,-256,2399,2399,-9,-10,0
461,1676,-209,2390,2390,-8,-11,0
462,1809,-165,2573,2573,-7,-8,0
463,2410,-94,2600,2600,-5,-7,0
464,2462,-16,2600,2600,-2,-4,0
465,2067,64,2600,2600,0,-3,0
466,744,105,1833,1833,1,-1,0
467,-976,81,-2600,-2600,3,3,0
468,-1868,26,-2600,-2600,4,2,0
469,-2247,-34,-2600,-2600,1,1,0
470,-2623,-112,-2600,-2600,0,-1,0
471,-2794,-198,-2600,-2600,-3,-3,0
472,-2671,-295,-2600,-2600,-4,-3,0
473,-1271,-350,-2600,-2600,-5,-6,0
474,573,-334,-1645,-1645,-6,-7,0
475,939,-302,1738,1738,-7,-8,0
476,785,-288,-1517,-1517,-8,-8,0
477,1345,-256,2135,2135,-7,-7,0
478,1838,-199,2600,2600,-7,-7,0
479,1757,-144,2600,2600,-5,-6,0
480,1601,-93,2581,2581,-3,-4,0
481,1394,-39,2451,2451,-1,-2,0
482,613,-4,1634,1634,0,0,0
483,-942,-22,-2600,-2600,1,2,0
484,-1985,-80,-2600,-2600,2,2,0
485,-2338,-149,-2600,-2600,0,0,0
486,-2488,-222,-2600,-2600,-2,-1,0
487,-2634,-303,-2600,-2600,-4,-4,0
488,-2465,-392,-2600,-2600,-4,-4,0
489,-959,-436,-2600,-2600,-5,-6,0
490,622,-418,-1750,-1750,-8,-7,0
491,836,-390,-1555,-1555,-8,-8,0
492,747,-378,-1726,-1726,-8,-8,0
493,1306,-344,1902,1902,-8,-9,0
494,1627,-292,2284,2284,-8,-8,0
495,1441,-246,2089,2089,-7,-6,0
496,1184,-210,1831,1831,-5,-5,0
497,965,-179,1641,1641,-3,-4,0
498,623,-156,-1691,-1691,-2,-3,0
499,187,-143,-2156,-2156,-3,-2,0
500,-459,-150,-2600,-2600,-3,-2,0
501,-1054,-185,-2600,-2600,-4,-3,0
502,-1161,-226,-2600,-2600,-5,-5,0
503,-1044,-265,-2600,-2600,-7,-5,0
504,-686,-297,-2600,-2600,-8,-7,0
505,331,-299,-2272,-2272,-9,-8,0
506,1574,-259,2186,2186,-9,-9,0
507,2078,-202,2600,2600,-10,-9,0
508,2237,-144,2600,2600,-8,-7,0
509,2471,-73,2600,2600,-5,-5,0
510,2440,0,2600,2600,-3,-2,0
511,2175,74,2600,2600,-1,-1,0
512,1565,132,2600,2600,1,2,0
513,553,162,1751,1751,3,4,0
514,-609,155,-2505,-2505,4,5,0
515,-1532,115,-2600,-2600,4,6,0
516,-2082,58,-2600,-2600,3,4,0
517,-2544,-12,-2600,-2600,1,1,0
518,-2883,-98,-2600,-2600,-1,0,0
519,-3044,-203,-2600,-2600,-3,-2,0
520,-2356,-290,-2600,-2600,-3,-3,0
521,-973,-332,-2600,-2600,-5,-5,0
522,169,-335,-2118,-2118,-7,-6,0
523,804,-320,1551,1551,-8,-7,0
524,1390,-288,2176,2176,-9,-8,0
525,2074,-232,2600,2600,-7,-6,0
526,2575,-156,2600,2600,-6,-6,0
527,2628,-74,2600,2600,-4,-3,0
528,2501,6,2600,2600,-3,-2,0
529,2040,84,2600,2600,0,1,0
530,716,120,1911,1911,1,2,0
531,-539,112,-2491,-2491,3,3,0
532,-1283,78,-2600,-2600,3,4,0
533,-1727,35,-2600,-2600,2,2,0
534,-2277,-30,-2600,-2600,0,0,0
535,-2550,-106,-2600,-2600,-1,-2,0
536,-2494,-197,-2600,-2600,-3,-3,0
537,-1627,-261,-2600,-2600,-4,-5,0
538,-146,-275,-2461,-2461,-6,-6,0
539,838,-256,1642,1642,-7,-7,0
540,1271,-223,2091,2091,-8,-8,0
541,1659,-177,2544,2544,-7,-6,0
542,2086,-113,2600,2600,-5,-6,0
543,2113,-46,2600,2600,-3,-3,0
544,1961,14,2600,2600,-1,0,0
545,1627,77,2600,2600,0,1,0
546,386,102,1530,1530,1,3,0
547,-956,75,-2600,-2600,3,4,0
548,-1665,17,-2600,-2600,3,4,0
549,-1772,-52,-2600,-2600,1,1,0
550,-1440,-110,-2600,-2600,0,0,0
551,-889,-149,-2600,-2600,-3,-1,0
552,-362,-177,-2491,-2491,-4,-3,0
553,570,-177,1555,1555,-4,-5,0
554,1764,-138,2600,2600,-6,-6,0
555,2921,-58,2600,2600,-6,-4,0
556,3558,47,2600,2600,-2,-3,0
557,3628,153,2600,2600,-2,-1,0
558,3579,273,2600,2600,0,0,0
559,2687,371,2600,2600,3,2,0
560,1068,413,2600,2600,3,4,0
561,-5,412,1654,1654,5,5,0
562,-248,405,-1521,-1521,7,6,0
563,-428,399,-1648,-1648,6,6,0
564,-983,369,-2263,-2263,6,6,0
565,-1212,331,-2536,-2536,4,5,0
566,-1194,295,-2538,-2538,4,3,0
567,-1206,253,-2600,-2600,1,2,0
568,-1003,211,-2492,-2492,-1,-1,0
569,-287,188,-1736,-1736,-3,-1,0
570,1044,211,2600,2600,-3,-2,0
571,2136,271,2600,2600,-4,-3,0
572,2542,346,2600,2600,-1,0,0
573,2653,432,2600,2600,1,2,0
574,2484,516,2600,2600,2,3,0
575,1873,586,2600,2600,2,6,0
576,473,612,2600,2600,5,5,0
577,-602,595,-1583,-1583,6,8,0
578,-934,565,-1902,-1902,7,9,0
579,-1136,533,-2122,-2122,5,7,0
580,-1599,483,-2600,-2600,5,7,0
581,-1748,425,-2600,-2600,3,4,0
582,-1671,365,-2600,-2600,1,3,0
583,-1366,310,-2600,-2600,0,1,0
584,-409,284,-1642,-1642,-1,-1,0
585,954,302,2600,2600,-3,-3,0
586,1866,351,2600,2600,-4,-3,0
587,2387,423,2600,2600,-1,0,0
588,2519,507,2600,2600,0,1,0
589,2238,587,2600,2600,1,3,0
590,1745,654,2600,2600,4,4,0
591,1076,704,2600,2600,4,6,0
592,-357,706,1842,1842,6,7,0
593,-1675,656,-2600,-2600,8,8,0
594,-2000,595,-2600,-2600,6,9,0
595,-2114,533,-2600,-2600,7,6,0
596,-2346,457,-2600,-2600,3,5,0
597,-2321,380,-2600,-2600,1,2,0
598,-2091,296,-2600,-2600,0,1,0
599,-776,253,-2083,-2083,-1,-2,0
600,1141,285,2600,2600,-4,-4,0
601,1803,343,2600,2600,-3,-4,0
602,1837,387,2600,2600,-3,-2,0
603,2346,458,2600,2600,0,0,0
604,2498,542,2600,2600,2,3,0
605,2007,578,2600,2600,3,3,0
606,30,591,2086,2086,5,5,0
607,-1408,542,-2598,-2598,5,7,0
608,-1465,491,-2600,-2600,7,6,0
609,-1359,457,-2483,-2483,5,6,0
610,-1864,397,-2600,-2600,3,2,0
611,-2015,328,-2600,-2600,0,1,0
612,-1711,258,-2600,-2600,-1,-1,0
613,-438,226,-1844,-1844,-3,-3,0
614,1540,270,2600,2600,-4,-5,0
615,2166,340,2600,2600,-4,-4,0
616,2137,396,2600,2600,-2,-3,0
617,2473,474,2600,2600,0,-1,0
618,2466,555,2600,2600,2,2,0
619,2067,637,2600,2600,2,3,0
620,243,660,2324,2324,4,4,0
621,-1479,610,-2600,-2600,7,6,0
622,-1604,554,-2600,-2600,6,7,0
623,-1451,517,-2586,-2586,5,5,0
624,-1944,463,-2600,-2600,3,2,0
625,-2338,387,-2600,-2600,1,1,0
626,-2137,306,-2600,-2600,0,-2,0
627,-901,257,-2362,-2362,-2,-2,0
628,1038,289,2600,2600,-2,-5,0
629,1517,344,2600,2600,-4,-5,0
630,1286,374,2600,2600,-2,-2,0
631,1728,432,2600,2600,0,-1,0
632,1724,493,2600,2600,3,2,0
633,1213,549,2600,2600,3,3,0
634,-498,550,-1627,-1627,5,4,0
635,-2223,478,-2600,-2600,5,5,0
636,-2470,397,-2600,-2600,4,5,0
637,-2342,321,-2600,-2600,3,3,0
638,-2237,250,-2600,-2600,1,1,0
639,-2159,177,-2600,-2600,0,-1,0
640,-1872,107,-2600,-2600,-1,-3,0
641,-776,68,-2509,-2509,-3,-4,0
642,629,81,2083,2083,-5,-5,0
643,1103,116,2575,2575,-5,-7,0
644,1204,146,2600,2600,-3,-4,0
645,1665,202,2600,2600,-1,-3,0
646,1559,255,2600,2600,1,-1,0
647,1241,309,2600,2600,1,2,0
648,8,327,1586,1586,4,2,0
649,-1978,267,-2600,-2600,4,4,0
650,-2587,181,-2600,-2600,6,4,0
651,-2436,103,-2600,-2600,2,3,0
652,-2391,22,-2600,-2600,0,-1,0
653,-2254,-52,-2600,-2600,0,-2,0
654,-1963,-126,-2600,-2600,-1,-4,0
655,-739,-165,-2600,-2600,-4,-5,0
656,776,-146,1931,1931,-4,-7,0
657,1162,-108,2317,2317,-7,-7,0
658,1182,-80,2293,2293,-5,-7,0
659,1778,-29,2600,2600,-4,-6,0
660,2115,39,2600,2600,-2,-3,0
661,1906,104,2600,2600,0,-2,0
662,1385,163,2600,2600,2,1,0
663,-254,168,-2000,-2000,3,3,0
664,-1694,116,-2600,-2600,4,3,0
665,-2103,43,-2600,-2600,4,2,0
666,-2044,-27,-2600,-2600,1,1,0
667,-1877,-91,-2600,-2600,0,-1,0
668,-1710,-152,-2600,-2600,-1,-3,0
669,-1248,-207,-2600,-2600,-3,-4,0
670,389,-208,-1626,-1626,-5,-6,0
671,1720,-150,2600,2600,-6,-7,0
672,1695,-103,2600,2600,-6,-6,0
673,1821,-56,2600,2600,-3,-5,0
674,2228,9,2600,2600,-2,-2,0
675,2231,81,2600,2600,1,0,0
676,1889,147,2600,2600,1,3,0
677,939,185,2488,2488,3,4,0
678,-219,170,-1799,-1799,4,6,0
679,-556,147,-2109,-2109,5,7,0
680,-658,130,-2158,-2158,5,6,0
681,-1068,103,-2600,-2600,3,4,0
682,-1611,48,-2600,-2600,3,3,0
683,-1527,-5,-2600,-2600,0,0,0
684,-1182,-56,-2600,-2600,-1,-1,0
685,-35,-75,-1726,-1726,-2,-3,0
686,1587,-27,2600,2600,-3,-4,0
687,2035,39,2600,2600,-4,-5,0
688,1988,100,2600,2600,-1,-3,0
689,2084,167,2600,2600,0,0,0
690,1973,230,2600,2600,2,2,0
691,1742,294,2600,2600,3,2,0
692,792,333,2600,2600,5,5,0
693,-700,311,-2031,-2031,6,6,0
694,-1287,265,-2600,-2600,7,6,0
695,-1324,222,-2600,-2600,5,5,0
696,-1447,168,-2600,-2600,3,3,0
697,-1294,122,-2600,-2600,1,1,0
698,-1043,77,-2600,-2600,0,-2,0
699,-316,48,-1847,-1847,-1,-2,0
700,1358,82,2600,2600,-3,-4,0
701,2265,161,2600,2600,-3,-4,0
702,2190,231,2600,2600,-2,-3,0
703,2232,302,2600,2600,1,0,0
704,2228,376,2600,2600,1,1,0
705,1927,448,2600,2600,3,3,0
706,704,485,2600,2600,5,5,0
707,-971,448,-2190,-2190,6,6,0
708,-1239,405,-2471,-2471,6,6,0
709,-1242,364,-2474,-2474,5,4,0
710,-1443,309,-2600,-2600,2,3,0
711,-1221,264,-2586,-2586,1,1,0
712,-940,222,-2358,-2358,-1,-1,0
713,-174,200,-1557,-1557,-3,-3,0
714,1408,236,2600,2600,-2,-4,0
715,2396,319,2600,2600,-4,-3,0
716,2339,398,2600,2600,-1,-2,0
717,2079,468,2600,2600,1,0,0
718,1867,531,2600,2600,2,2,0
719,1426,586,2600,2600,4,3,0
720,70,598,2132,2132,5,4,0
721,-1113,564,-2226,-2226,6,6,0
722,-1445,517,-2589,-2589,7,5,0
723,-1549,465,-2600,-2600,5,4,0
724,-1642,404,-2600,-2600,2,2,0
725,-1386,353,-2600,-2600,1,-1,0
726,-1008,306,-2386,-2386,-3,-1,0
727,-17,289,1695,1695,-3,-3,0
728,1499,338,2600,2600,-4,-5,0
729,2184,413,2600,2600,-4,-4,0
730,2256,482,2600,2600,-2,-2,0
731,2346,562,2600,2600,0,0,0
732,2109,637,2600,2600,1,2,0
733,1374,694,2600,2600,3,4,0
734,-471,691,1539,1539,4,5,0
735,-1771,622,-2600,-2600,5,6,0
736,-1465,573,-2600,-2600,5,5,0
737,-1442,526,-2578,-2578,4,5,0
738,-1697,463,-2600,-2600,2,2,0
739,-1420,411,-2600,-2600,0,-1,0
740,-1059,363,-2412,-2412,-1,-2,0
741,-115,343,1614,1614,-3,-3,0
742,1354,388,2600,2600,-4,-5,0
743,1933,457,2600,2600,-3,-4,0
744,1883,518,2600,2600,-1,-2,0
745,1872,584,2600,2600,0,0,0
746,1584,640,2600,2600,2,2,0
747,1006,683,2600,2600,4,3,0
748,-574,675,-1592,-1592,4,4,0
749,-1831,612,-2600,-2600,7,5,0
750,-1860,548,-2600,-2600,5,4,0
751,-1746,482,-2600,-2600,3,3,0
752,-1516,427,-2600,-2600,2,0,0
753,-1267,382,-2600,-2600,0,-2,0
754,-1009,337,-2440,-2440,-2,-4,0
755,-99,317,1556,1556,-2,-4,0
756,1382,366,2600,2600,-5,-6,0
757,1813,432,2600,2600,-2,-5,0
758,1688,486,2600,2600,-2,-3,0
759,1724,547,2600,2600,1,-1,0
760,1465,599,2600,2600,2,2,0
761,882,639,2600,2600,4,4,0
762,-722,626,-1837,-1837,4,4,0
763,-2106,553,-2600,-2600,6,5,0
764,-2173,474,-2600,-2600,5,4,0
765,-1772,409,-2600,-2600,3,3,0
766,-1491,354,-2600,-2600,1,0,0
767,-1193,312,-2600,-2600,-2,-1,0
768,-940,270,-2447,-2447,-3,-3,0
769,-64,252,-1506,-1506,-4,-4,0
770,1479,300,2600,2600,-6,-6,0
771,2062,374,2600,2600,-4,-5,0
772,1885,433,2600,2600,-4,-3,0
773,1849,497,2600,2600,0,0,0
774,1575,551,2600,2600,1,2,0
775,1116,601,2600,2600,2,3,0
776,-451,597,-1597,-1597,4,5,0
777,-1968,526,-2600,-2600,4,5,0
778,-2016,453,-2600,-2600,4,4,0
779,-1668,391,-2600,-2600,2,3,0
780,-1433,338,-2600,-2600,0,1,0
781,-1128,297,-2600,-2600,-2,-1,0
782,-864,258,-2426,-2426,-4,-4,0
783,-21,241,-1515,-1515,-4,-4,0
784,1586,290,2600,2600,-6,-5,0
785,2211,367,2600,2600,-5,-5,0
786,1965,431,2600,2600,-3,-3,0
787,1824,493,2600,2600,-1,0,0
788,1541,545,2600,2600,1,2,0
789,1140,595,2600,2600,2,3,0
790,-481,594,-1653,-1653,4,5,0
791,-2030,519,-2600,-2600,5,6,0
792,-1907,451,-2600,-2600,3,4,0
793,-1656,389,-2600,-2600,2,2,0
794,-1417,335,-2600,-2600,-1,0,0
795,-1086,296,-2577,-2577,-1,-1,0
796,-795,259,-2359,-2359,-4,-4,0
797,171,247,1697,1697,-5,-4,0
798,1773,303,2600,2600,-6,-6,0
799,2235,382,2600,2600,-4,-5,0
800,1942,447,2600,2600,-3,-1,0
801,1734,505,2600,2600,0,0,0
802,1487,555,2600,2600,2,2,0
803,1019,602,2600,2600,2,3,0
804,-804,588,-2021,-2021,4,6,0
805,-2087,510,-2600,-2600,6,5,0
806,-1764,448,-2600,-2600,4,5,0
807,-1700,392,-2600,-2600,3,3,0
808,-1907,321,-2600,-2600,1,1,0
809,-1532,264,-2600,-2600,-2,-1,0
810,-997,215,-2560,-2560,-2,-2,0
811,432,214,2059,2059,-4,-4,0
812,1826,279,2600,2600,-6,-5,0
813,1990,340,2600,2600,-4,-4,0
814,2078,408,2600,2600,-2,-2,0
815,2040,476,2600,2600,0,1,0
816,1758,539,2600,2600,1,1,0
817,1066,589,2600,2600,3,4,0
818,-891,568,-2123,-2123,4,4,0
819,-1831,496,-2600,-2600,5,6,0
820,-1388,455,-2600,-2600,4,5,0
821,-1747,396,-2600,-2600,2,3,0
822,-1973,324,-2600,-2600,1,0,0
823,-1542,265,-2600,-2600,-3,-2,0
824,-796,222,-2353,-2353,-3,-3,0
825,931,240,2600,2600,-4,-5,0
826,2126,316,2600,2600,-5,-5,0
827,2004,377,2600,2600,-3,-4,0
828,2069,445,2600,2600,0,0,0
829,2026,514,2600,2600,0,0,0
830,1653,580,2600,2600,3,1,0
831,302,603,2287,2287,3,4,0
832,-1446,552,-2600,-2600,5,4,0
833,-1626,493,-2600,-2600,5,6,0
834,-1473,451,-2600,-2600,5,4,0
835,-1927,380,-2600,-2600,2,1,0
836,-1784,313,-2600,-2600,0,0,0
837,-1295,258,-2600,-2600,-1,-3,0
838,-296,231,-1751,-1751,-3,-4,0
839,1327,273,2600,2600,-3,-5,0
840,1979,345,2600,2600,-4,-6,0
841,1832,398,2600,2600,-2,-2,0
842,1988,467,2600,2600,1,-2,0
843,1787,530,2600,2600,2,1,0
844,1318,585,2600,2600,3,1,0
845,-213,591,1691,1691,4,3,0
846,-1776,526,-2600,-2600,6,4,0
847,-1680,469,-2600,-2600,6,4,0
848,-1595,422,-2600,-2600,4,1,0
849,-1849,353,-2600,-2600,2,0,0
850,-1526,296,-2600,-2600,0,-2,0
851,-1042,247,-2586,-2586,-2,-3,0
852,67,234,1639,1639,-3,-5,0
853,1390,284,2600,2600,-4,-6,0
854,1791,346,2600,2600,-3,-6,0
855,1866,402,2600,2600,-2,-2,0
856,1979,471,2600,2600,2,-1,0
857,1676,533,2600,2600,1,1,0
858,849,573,2600,2600,4,4,0
859,-1009,555,-2255,-2255,5,4,0
860,-2258,473,-2600,-2600,6,5,0
861,-2034,404,-2600,-2600,4,3,0
862,-1797,336,-2600,-2600,1,1,0
863,-1507,279,-2600,-2600,0,-1,0
864,-1144,233,-2600,-2600,-3,-3,0
865,-535,198,-2111,-2111,-3,-4,0
866,816,215,2425,2425,-5,-5,0
867,1891,282,2600,2600,-5,-6,0
868,2002,351,2600,2600,-3,-4,0
869,1885,411,2600,2600,-1,-2,0
870,1842,475,2600,2600,0,1,0
871,1438,531,2600,2600,1,3,0
872,248,553,2133,2133,3,3,0
873,-1344,518,-2600,-2600,5,5,0
874,-2040,444,-2600,-2600,5,5,0
875,-1756,385,-2600,-2600,4,4,0
876,-1794,320,-2600,-2600,2,2,0
877,-1796,254,-2600,-2600,0,0,0
878,-1421,200,-2600,-2600,-3,-2,0
879,-816,157,-2456,-2456,-2,-4,0
880,739,168,2316,2316,-5,-5,0
881,1975,241,2600,2600,-6,-6,0
882,1920,301,2600,2600,-3,-4,0
883,1994,364,2600,2600,-2,-2,0
884,2050,434,2600,2600,0,0,0
885,1719,499,2600,2600,1,2,0
886,674,537,2600,2600,3,3,0
887,-1422,498,-2600,-2600,5,6,0
888,-2251,413,-2600,-2600,5,5,0
889,-1676,362,-2600,-2600,5,5,0
890,-1890,304,-2600,-2600,2,3,0
891,-2293,222,-2600,-2600,1,-1,0
892,-1863,149,-2600,-2600,-2,-2,0
893,-867,103,-2536,-2536,-3,-2,0
894,956,128,2566,2566,-4,-6,0
895,1917,197,2600,2600,-5,-5,0
896,1836,253,2600,2600,-3,-4,0
897,1936,312,2600,2600,-1,-1,0
898,2071,381,2600,2600,0,1,0
899,1755,449,2600,2600,2,1,0
900,434,479,2308,2308,3,3,0
901,-1451,433,-2600,-2600,5,4,0
902,-1831,369,-2600,-2600,6,5,0
903,-1641,326,-2600,-2600,4,3,0
904,-2146,252,-2600,-2600,2,2,0
905,-2189,176,-2600,-2600,0,-1,0
906,-1826,103,-2600,-2600,-1,-1,0
907,-737,62,-2440,-2440,-3,-4,0
908,1022,91,2600,2600,-3,-5,0
909,1733,152,2600,2600,-5,-6,0
910,1655,198,2600,2600,-2,-3,0
911,1864,253,2600,2600,0,-1,0
912,2048,318,2600,2600,2,0,0
913,1811,389,2600,2600,3,3,0
914,303,416,2146,2146,4,3,0
915,-1773,360,-2600,-2600,5,5,0
916,-2162,286,-2600,-2600,7,6,0
917,-1817,230,-2600,-2600,4,4,0
918,-1884,175,-2600,-2600,3,2,0
919,-2166,103,-2600,-2600,1,0,0
920,-1973,30,-2600,-2600,-1,-3,0
921,-1110,-22,-2600,-2600,-2,-3,0
922,757,-8,2229,2229,-4,-6,0
923,1713,47,2600,2600,-4,-5,0
924,1681,99,2600,2600,-2,-4,0
925,1792,149,2600,2600,-1,-3,0
926,1992,210,2600,2600,2,1,0
927,1926,278,2600,2600,3,2,0
928,957,326,2600,2600,4,3,0
929,-1145,301,-2600,-2600,5,5,0
930,-2064,231,-2600,-2600,7,6,0
931,-1851,178,-2600,-2600,5,4,0
932,-2089,117,-2600,-2600,3,2,0
933,-2412,38,-2600,-2600,1,0,0
934,-2217,-44,-2600,-2600,-1,-2,0
935,-1156,-98,-2600,-2600,-3,-3,0
936,807,-81,2245,2245,-3,-5,0
937,1721,-24,2600,2600,-5,-5,0
938,1667,27,2600,2600,-3,-4,0
939,1686,75,2600,2600,0,-2,0
940,1791,130,2600,2600,2,1,0
941,1708,191,2600,2600,2,1,0
942,887,236,2600,2600,4,4,0
943,-994,217,-2500,-2500,6,4,0
944,-1976,150,-2600,-2600,6,5,0
945,-1837,100,-2600,-2600,6,4,0
946,-2182,33,-2600,-2600,2,3,0
947,-2450,-44,-2600,-2600,1,-1,0
948,-2245,-130,-2600,-2600,-1,-2,0
949,-1023,-180,-2600,-2600,-2,-4,0
950,843,-158,2201,2201,-4,-5,0
951,1630,-105,2600,2600,-4,-6,0
952,1630,-53,2600,2600,-4,-6,0
953,1705,-13,2600,2600,-3,-4,0
954,2336,58,2600,2600,0,-1,0
955,2383,141,2600,2600,1,0,0
956,1598,210,2600,2600,3,2,0
957,-509,207,-2051,-2051,5,3,0
958,-1673,150,-2600,-2600,5,4,0
959,-1602,99,-2600,-2600,4,4,0
960,-1652,49,-2600,-2600,2,0,0
961,-1840,-8,-2600,-2600,0,0,0
962,-1758,-69,-2600,-2600,-3,-3,0
963,-1239,-126,-2600,-2600,-2,-4,0
964,629,-122,1868,1868,-6,-5,0
965,2080,-54,2600,2600,-6,-8,0
966,2103,11,2600,2600,-6,-6,0
967,2127,67,2600,2600,-2,-4,0
968,2534,145,2600,2600,-2,-1,0
969,2512,227,2600,2600,0,0,0
970,1995,308,2600,2600,2,3,0
971,53,325,1642,1642,2,4,0
972,-1452,275,-2600,-2600,4,4,0
973,-1517,228,-2600,-2600,4,5,0
974,-1614,180,-2600,-2600,3,4,0
975,-1886,118,-2600,-2600,0,1,0
976,-1805,56,-2600,-2600,-1,-1,0
977,-1481,-6,-2600,-2600,-2,-2,0
978,-217,-30,-1984,-1984,-4,-4,0
979,1488,13,2600,2600,-5,-6,0
980,1999,76,2600,2600,-5,-5,0
981,1985,127,2600,2600,-4,-4,0
982,2351,198,2600,2600,-1,0,0
983,2433,277,2600,2600,1,0,0
984,2107,360,2600,2600,1,1,0
985,430,388,2186,2186,4,3,0
986,-1206,347,-2600,-2600,5,4,0
987,-1393,301,-2600,-2600,5,5,0
988,-1416,268,-2600,-2600,4,4,0
989,-2009,204,-2600,-2600,1,2,0
990,-2134,134,-2600,-2600,0,-1,0
991,-1865,59,-2600,-2600,-3,-2,0
992,-409,27,-2127,-2127,-4,-4,0
993,1581,74,2600,2600,-5,-5,0
994,2145,145,2600,2600,-5,-6,0
995,1977,205,2600,2600,-3,-3,0
996,2018,266,2600,2600,-1,-2,0
997,2064,330,2600,2600,1,1,0
998,1918,400,2600,2600,2,2,0
999,853,444,2600,2600,4,3,0
1000,-1116,414,-2511,-2511,5,5,0
1001,-1810,352,-2600,-2600,6,6,0
1002,-1593,311,-2600,-2600,5,4,0
1003,-2019,249,-2600,-2600,2,3,0
1004,-2314,174,-2600,-2600,1,0,0
1005,-2089,93,-2600,-2600,-1,-2,0
1006,-874,47,-2577,-2577,-3,-3,0
1007,1114,78,2600,2600,-4,-5,0
1008,1870,140,2600,2600,-5,-6,0
1009,1782,189,2600,2600,-3,-3,0
1010,1942,246,2600,2600,0,-1,0
1011,2071,310,2600,2600,1,1,0
1012,1935,385,2600,2600,3,3,0
1013,425,417,2310,2310,4,4,0
1014,-1646,366,-2600,-2600,7,6,0
1015,-2047,296,-2600,-2600,6,6,0
1016,-1800,249,-2600,-2600,4,5,0
1017,-2189,181,-2600,-2600,3,2,0
1018,-2420,102,-2600,-2600,0,0,0
1019,-2169,18,-2600,-2600,0,-2,0
1020,-879,-27,-2600,-2600,-3,-2,0
1021,1008,0,2584,2584,-3,-5,0
1022,1610,53,2600,2600,-5,-6,0
1023,1520,90,2600,2600,-4,-5,0
1024,2055,144,2600,2600,-2,-3,0
1025,2602,226,2600,2600,0,-1,0
1026,2462,317,2600,2600,1,1,0
1027,1277,375,2600,2600,3,3,0
1028,-869,353,-2309,-2309,4,4,0
1029,-1681,296,-2600,-2600,5,5,0
1030,-1464,252,-2600,-2600,3,4,0
1031,-1641,206,-2600,-2600,2,1,0
1032,-1990,141,-2600,-2600,-1,-1,0
1033,-1852,71,-2600,-2600,-1,-1,0
1034,-989,21,-2600,-2600,-3,-4,0
1035,940,41,2429,2429,-5,-5,0
1036,1883,102,2600,2600,-6,-7,0
1037,1786,152,2600,2600,-5,-5,0
1038,2111,208,2600,2600,-2,-3,0
1039,2578,287,2600,2600,-1,-2,0
1040,2493,375,2600,2600,2,2,0
1041,1552,442,2600,2600,2,2,0
1042,-617,432,-1992,-1992,4,4,0
1043,-1767,372,-2600,-2600,6,6,0
1044,-1625,324,-2600,-2600,4,4,0
1045,-1742,271,-2600,-2600,1,1,0
1046,-1933,208,-2600,-2600,0,0,0
1047,-1800,141,-2600,-2600,-3,-1,0
1048,-1102,88,-2600,-2600,-3,-3,0
1049,744,98,2240,2240,-5,-5,0
1050,2007,162,2600,2600,-6,-6,0
1051,2065,227,2600,2600,-5,-5,0
1052,2080,280,2600,2600,-3,-3,0
1053,2493,356,2600,2600,0,-1,0
1054,2463,441,2600,2600,0,1,0
1055,1741,513,2600,2600,2,3,0
1056,-351,513,-1615,-1615,3,4,0
1057,-1570,458,-2600,-2600,5,5,0
1058,-1432,414,-2600,-2600,4,5,0
1059,-1490,369,-2600,-2600,2,2,0
1060,-1683,314,-2600,-2600,0,1,0
1061,-1552,261,-2600,-2600,-2,-1,0
1062,-1219,206,-2600,-2600,-2,-3,0
1063,115,190,1615,1615,-4,-4,0
1064,1823,246,2600,2600,-6,-6,0
1065,2215,317,2600,2600,-5,-5,0
1066,2143,376,2600,2600,-3,-3,0
1067,2281,444,2600,2600,0,0,0
1068,2317,516,2600,2600,2,1,0
1069,2028,596,2600,2600,2,4,0
1070,191,616,2184,2184,4,4,0
1071,-1579,562,-2600,-2600,6,6,0
1072,-1628,504,-2600,-2600,5,6,0
1073,-1354,471,-2550,-2550,4,5,0
1074,-1820,412,-2600,-2600,2,2,0
1075,-1961,345,-2600,-2600,0,1,0
1076,-1634,278,-2600,-2600,-2,-1,0
1077,-431,245,-1848,-1848,-3,-3,0
1078,1414,284,2600,2600,-5,-4,0
1079,2206,354,2600,2600,-4,-4,0
1080,2220,423,2600,2600,-3,-2,0
1081,2171,488,2600,2600,0,1,0
1082,2194,556,2600,2600,2,2,0
1083,1912,631,2600,2600,2,3,0
1084,136,652,2246,2246,5,5,0
1085,-1669,596,-2600,-2600,6,7,0
1086,-1743,535,-2600,-2600,6,7,0
1087,-1461,499,-2559,-2559,5,5,0
1088,-1987,440,-2600,-2600,2,3,0
1089,-2307,364,-2600,-2600,0,0,0
1090,-2073,284,-2600,-2600,-1,-1,0
1091,-829,239,-2255,-2255,-2,-2,0
1092,1211,271,2600,2600,-4,-5,0
1093,1883,334,2600,2600,-5,-6,0
1094,1750,382,2600,2600,-4,-4,0
1095,2009,441,2600,2600,-1,-2,0
1096,2276,513,2600,2600,0,1,0
1097,2198,593,2600,2600,2,1,0
1098,1185,648,2600,2600,3,4,0
1099,-976,623,-2117,-2117,4,5,0
1100,-1855,560,-2600,-2600,6,6,0
1101,-1721,512,-2600,-2600,4,5,0
1102,-2015,450,-2600,-2600,1,3,0
1103,-2214,379,-2600,-2600,0,0,0
1104,-2044,304,-2600,-2600,-1,-2,0
1105,-1318,244,-2600,-2600,-4,-3,0
1106,651,249,2341,2341,-4,-5,0
1107,1971,314,2600,2600,-7,-6,0
1108,1917,373,2600,2600,-5,-5,0
1109,1911,423,2600,2600,-3,-3,0
1110,2227,490,2600,2600,0,0,0
1111,2249,567,2600,2600,1,1,0
1112,1682,593,2600,2600,2,3,0
1113,-379,593,-1524,-1524,4,4,0
1114,-1911,529,-2600,-2600,5,6,0
1115,-1933,463,-2600,-2600,5,6,0
1116,-1733,414,-2600,-2600,2,3,0
1117,-1939,350,-2600,-2600,1,1,0
1118,-1844,288,-2600,-2600,0,-2,0
1119,-1560,225,-2600,-2600,-3,-2,0
1120,-534,189,-2101,-2101,-3,-4,0
1121,1206,221,2600,2600,-5,-6,0
1122,1888,281,2600,2600,-5,-6,0
1123,1892,333,2600,2600,-3,-4,0
1124,2146,396,2600,2600,-1,-1,0
1125,2255,465,2600,2600,1,1,0
1126,2142,547,2600,2600,2,1,0
1127,489,579,2483,2483,4,4,0
1128,-1633,525,-2600,-2600,5,6,0
1129,-1912,458,-2600,-2600,6,6,0
1130,-1574,418,-2600,-2600,5,4,0
1131,-1987,360,-2600,-2600,2,3,0
1132,-2394,282,-2600,-2600,0,-1,0
1133,-2166,200,-2600,-2600,-1,-2,0
1134,-1013,149,-2600,-2600,-4,-2,0
1135,1068,175,2600,2600,-4,-6,0
1136,1974,240,2600,2600,-5,-5,0
1137,1915,298,2600,2600,-3,-4,0
1138,1912,354,2600,2600,-1,-1,0
1139,2010,414,2600,2600,1,1,0
1140,1981,485,2600,2600,3,1,0
1141,980,533,2600,2600,3,3,0
1142,-1126,502,-2408,-2408,5,5,0
1143,-1822,439,-2600,-2600,6,6,0
1144,-1507,398,-2600,-2600,6,4,0
1145,-1794,347,-2600,-2600,2,1,0
1146,-2193,276,-2600,-2600,0,0,0
1147,-2001,200,-2600,-2600,-1,-2,0
1148,-954,150,-2578,-2578,-3,-4,0
1149,1080,175,2600,2600,-5,-5,0
1150,2001,240,2600,2600,-4,-5,0
1151,2036,301,2600,2600,-3,-4,0
1152,2088,362,2600,2600,-1,-1,0
1153,2190,430,2600,2600,1,1,0
1154,2023,504,2600,2600,3,1,0
1155,662,542,2600,2600,3,3,0
1156,-1235,506,-2532,-2532,5,5,0
1157,-1647,448,-2600,-2600,7,6,0
1158,-1370,415,-2600,-2600,4,4,0
1159,-1853,359,-2600,-2600,2,1,0
1160,-2183,288,-2600,-2600,0,0,0
1161,-1928,211,-2600,-2600,-1,-3,0
1162,-642,171,-2165,-2165,-1,-3,0
1163,1201,206,2600,2600,-4,-5,0
1164,1781,265,2600,2600,-5,-6,0
1165,1751,316,2600,2600,-3,-6,0
1166,2009,370,2600,2600,-1,-2,0
1167,2367,442,2600,2600,1,0,0
1168,2334,526,2600,2600,1,2,0
1169,1288,584,2600,2600,4,3,0
1170,-944,563,-2153,-2153,4,5,0
1171,-1882,499,-2600,-2600,7,6,0
1172,-1615,452,-2600,-2600,4,4,0
1173,-1745,401,-2600,-2600,2,2,0
1174,-2044,336,-2600,-2600,1,1,0
1175,-1903,267,-2600,-2600,-1,-1,0
1176,-1268,207,-2600,-2600,-2,-3,0
1177,380,205,2028,2028,-3,-4,0
1178,1589,257,2600,2600,-5,-6,0
1179,1691,307,2600,2600,-4,-4,0
1180,1880,356,2600,2600,-3,-4,0
1181,2330,427,2600,2600,0,0,0
1182,2306,505,2600,2600,1,2,0
1183,1676,532,2600,2600,3,3,0
1184,-495,528,-1685,-1685,3,4,0
1185,-1779,466,-2600,-2600,5,6,0
1186,-1581,413,-2600,-2600,4,5,0
1187,-1446,374,-2600,-2600,3,3,0
1188,-1719,317,-2600,-2600,0,1,0
1189,-1601,264,-2600,-2600,-2,-2,0
1190,-1356,207,-2600,-2600,-2,-2,0
1191,-259,179,-1798,-1798,-4,-5,0
1192,1551,224,2600,2600,-6,-6,0
1193,2144,294,2600,2600,-5,-5,0
1194,2101,352,2600,2600,-3,-4,0
1195,2300,421,2600,2600,-1,-1,0
1196,2381,495,2600,2600,0,1,0
1197,2200,578,2600,2600,3,1,0
1198,529,611,2566,2566,4,4,0
1199,-1529,560,-2600,-2600,4,6,0
1200,-1767,498,-2600,-2600,6,6,0
1201,-1461,463,-2600,-2600,6,4,0
1202,-1979,403,-2600,-2600,2,3,0
1203,-2312,328,-2600,-2600,0,0,0
1204,-2058,249,-2600,-2600,-2,-1,0
1205,-924,200,-2473,-2473,-3,-3,0
1206,1083,227,2600,2600,-4,-5,0
1207,1999,292,2600,2600,-5,-6,0
1208,2054,355,2600,2600,-3,-4,0
1209,2059,415,2600,2600,0,-1,0
1210,2171,481,2600,2600,1,1,0
1211,2084,555,2600,2600,2,1,0
1212,860,598,2600,2600,4,2,0
1213,-1049,569,-2243,-2243,5,5,0
1214,-1554,517,-2600,-2600,7,6,0
1215,-1374,483,-2557,-2557,4,4,0
1216,-1774,430,-2600,-2600,3,1,0
1217,-2135,361,-2600,-2600,1,0,0
1218,-1920,286,-2600,-2600,-2,-2,0
1219,-852,239,-2343,-2343,-2,-3,0
1220,1005,263,2600,2600,-5,-6,0
1221,1914,325,2600,2600,-5,-5,0
1222,2104,390,2600,2600,-1,-3,0
1223,2139,454,2600,2600,-1,-1,0
1224,2152,522,2600,2600,1,0,0
1225,1861,590,2600,2600,1,1,0
1226,377,617,2427,2427,4,4,0
1227,-1197,581,-2406,-2406,5,4,0
1228,-1472,533,-2600,-2600,6,6,0
1229,-1340,500,-2505,-2505,4,4,0
1230,-1811,445,-2600,-2600,3,1,0
1231,-2141,375,-2600,-2600,1,0,0
1232,-1892,300,-2600,-2600,-1,-2,0
1233,-733,257,-2186,-2186,-3,-3,0
1234,1015,284,2600,2600,-3,-6,0
1235,1729,342,2600,2600,-4,-6,0
1236,1752,397,2600,2600,-4,-5,0
1237,1853,445,2600,2600,0,-2,0
1238,2208,514,2600,2600,2,0,0
1239,2183,591,2600,2600,1,1,0
1240,1287,648,2600,2600,4,4,0
1241,-952,630,-2074,-2074,5,4,0
1242,-2098,559,-2600,-2600,7,7,0
1243,-1846,499,-2600,-2600,4,4,0
1244,-1714,450,-2600,-2600,3,3,0
1245,-1928,389,-2600,-2600,1,0,0
1246,-1826,325,-2600,-2600,-2,-2,0
1247,-1386,263,-2600,-2600,-3,-2,0
1248,168,251,1805,1805,-4,-5,0
1249,1755,307,2600,2600,-6,-6,0
1250,2093,376,2600,2600,-5,-5,0
1251,2043,432,2600,2600,-4,-3,0
1252,2282,501,2600,2600,0,-1,0
1253,2366,577,2600,2600,0,1,0
1254,1949,653,2600,2600,2,3,0
1255,-34,666,1972,1972,3,5,0
1256,-1725,609,-2600,-2600,6,5,0
1257,-1756,551,-2600,-2600,5,6,0
1258,-1596,510,-2600,-2600,3,5,0
1259,-2066,443,-2600,-2600,2,1,0
1260,-2142,373,-2600,-2600,-1,0,0
1261,-1901,300,-2600,-2600,-1,-1,0
1262,-861,254,-2372,-2372,-4,-4,0
1263,1054,280,2600,2600,-5,-5,0
1264,1864,341,2600,2600,-5,-6,0
1265,1832,387,2600,2600,-4,-3,0
1266,2169,451,2600,2600,-1,-1,0
1267,2348,525,2600,2600,1,-1,0
1268,2110,605,2600,2600,2,1,0
1269,510,636,2555,2555,2,3,0
1270,-1290,590,-2541,-2541,6,4,0
1271,-1344,544,-2561,-2561,5,5,0
1272,-1240,518,-2406,-2406,4,4,0
1273,-1995,458,-2600,-2600,3,1,0
1274,-2272,383,-2600,-2600,0,0,0
1275,-1973,306,-2600,-2600,-2,-2,0
1276,-740,263,-2231,-2231,-4,-3,0
1277,1123,294,2600,2600,-4,-5,0
1278,1856,356,2600,2600,-5,-5,0
1279,1879,413,2600,2600,-3,-3,0
1280,1933,470,2600,2600,0,-1,0
1281,2050,533,2600,2600,1,1,0
1282,1926,603,2600,2600,2,1,0
1283,582,638,2600,2600,4,4,0
1284,-1386,597,-2600,-2600,5,5,0
1285,-1857,533,-2600,-2600,7,6,0
1286,-1550,493,-2600,-2600,4,4,0
1287,-1991,435,-2600,-2600,3,2,0
1288,-2370,357,-2600,-2600,0,0,0
1289,-2113,275,-2600,-2600,-2,-1,0
1290,-883,228,-2380,-2380,-2,-4,0
1291,1084,257,2600,2600,-6,-4,0
1292,1905,319,2600,2600,-4,-5,0
1293,2012,382,2600,2600,-3,-4,0
1294,1950,440,2600,2600,-1,0,0
1295,1946,499,2600,2600,2,1,0
1296,1832,566,2600,2600,2,3,0
1297,566,601,2600,2600,4,4,0
1298,-1369,564,-2568,-2568,6,5,0
1299,-2016,495,-2600,-2600,6,7,0
1300,-1709,449,-2600,-2600,4,5,0
1301,-1967,390,-2600,-2600,3,2,0
1302,-2288,315,-2600,-2600,1,1,0
1303,-2053,236,-2600,-2600,-1,-1,0
1304,-1033,185,-2536,-2536,-1,-3,0
1305,660,199,2408,2408,-4,-4,0
1306,1514,248,2600,2600,-4,-6,0
1307,1672,300,2600,2600,-4,-5,0
1308,1809,345,2600,2600,-2,-2,0
1309,2272,415,2600,2600,1,0,0
1310,2272,493,2600,2600,2,2,0
1311,1467,513,2600,2600,3,3,0
1312,-808,500,-2002,-2002,5,5,0
1313,-1993,432,-2600,-2600,5,6,0
1314,-1775,375,-2600,-2600,5,4,0
1315,-1703,327,-2600,-2600,3,2,0
1316,-1981,264,-2600,-2600,0,1,0
1317,-1880,201,-2600,-2600,-1,-2,0
1318,-1479,137,-2600,-2600,-1,-3,0
1319,48,121,1567,1567,-4,-4,0
1320,1663,177,2600,2600,-6,-6,0
1321,1841,238,2600,2600,-4,-6,0
1322,1761,285,2600,2600,-3,-3,0
1323,2082,349,2600,2600,-1,-1,0
1324,2109,418,2600,2600,2,1,0
1325,1760,488,2600,2600,1,2,0
1326,0,505,1883,1883,4,5,0
1327,-1860,445,-2600,-2600,5,5,0
1328,-2029,377,-2600,-2600,5,6,0
1329,-1809,328,-2600,-2600,4,4,0
1330,-2075,263,-2600,-2600,2,1,0
1331,-2200,191,-2600,-2600,-1,0,0
1332,-1973,115,-2600,-2600,-3,-2,0
1333,-925,67,-2600,-2600,-3,-3,0
1334,925,89,2515,2515,-5,-5,0
1335,1813,149,2600,2600,-6,-6,0
1336,1771,204,2600,2600,-3,-4,0
1337,1785,256,2600,2600,-2,-1,0
1338,1895,313,2600,2600,0,0,0
1339,1839,378,2600,2600,2,3,0
1340,913,425,2600,2600,3,3,0
1341,-1212,399,-2595,-2595,5,6,0
1342,-2222,324,-2600,-2600,5,5,0
1343,-1991,261,-2600,-2600,5,6,0
1344,-1976,205,-2600,-2600,2,2,0
1345,-2314,131,-2600,-2600,0,0,0
1346,-2195,51,-2600,-2600,-2,-1,0
1347,-1435,-11,-2600,-2600,-3,-2,0
1348,445,-8,1892,1892,-5,-4,0
1349,1616,43,2600,2600,-5,-5,0
1350,1728,96,2600,2600,-4,-4,0
1351,1679,144,2600,2600,-3,-2,0
1352,1764,197,2600,2600,0,0,0
1353,1751,253,2600,2600,2,2,0
1354,1400,314,2600,2600,2,3,0
1355,-322,321,-1630,-1630,4,5,0
1356,-2016,253,-2600,-2600,6,6,0
1357,-2081,183,-2600,-2600,4,5,0
1358,-1801,132,-2600,-2600,2,3,0
1359,-1914,70,-2600,-2600,0,1,0
1360,-1867,8,-2600,-2600,-1,-2,0
1361,-1594,-57,-2600,-2600,-3,-2,0
1362,-257,-82,-2019,-2019,-4,-5,0
1363,1577,-34,2600,2600,-5,-6,0
1364,2000,30,2600,2600,-5,-6,0
1365,1843,86,2600,2600,-4,-4,0
1366,1897,141,2600,2600,-2,-2,0
1367,1997,203,2600,2600,2,0,0
1368,1906,272,2600,2600,1,2,0
1369,1030,323,2600,2600,3,2,0
1370,-1019,302,-2490,-2490,5,6,0
1371,-2089,232,-2600,-2600,6,5,0
1372,-1911,172,-2600,-2600,5,5,0
1373,-2000,120,-2600,-2600,4,3,0
1374,-2524,40,-2600,-2600,0,1,0
1375,-2405,-44,-2600,-2600,-1,-1,0
1376,-1697,-115,-2600,-2600,-2,-2,0
1377,263,-119,1593,1593,-4,-5,0
1378,1603,-69,2600,2600,-5,-5,0
1379,1764,-12,2600,2600,-6,-5,0
1380,1658,34,2600,2600,-2,-3,0
1381,1765,86,2600,2600,-2,-2,0
1382,1821,141,2600,2600,2,2,0
1383,1731,205,2600,2600,1,2,0
1384,803,250,2577,2577,3,3,0
1385,-1227,220,-2600,-2600,5,6,0
1386,-2073,151,-2600,-2600,6,6,0
1387,-1871,92,-2600,-2600,4,4,0
1388,-1916,36,-2600,-2600,2,2,0
1389,-2120,-31,-2600,-2600,-1,0,0
1390,-1994,-106,-2600,-2600,-2,-2,0
1391,-1087,-158,-2600,-2600,-4,-3,0
1392,957,-139,2340,2340,-5,-5,0
1393,2017,-74,2600,2600,-5,-7,0
1394,1916,-15,2600,2600,-6,-5,0
1395,1949,35,2600,2600,-2,-4,0
1396,2374,107,2600,2600,-2,0,0
1397,2359,186,2600,2600,2,0,0
1398,1808,261,2600,2600,2,3,0
1399,-218,269,-1639,-1639,3,4,0
1400,-1688,212,-2600,-2600,5,5,0
1401,-1721,156,-2600,-2600,4,4,0
1402,-1655,108,-2600,-2600,3,3,0
1403,-1778,52,-2600,-2600,0,0,0
1404,-1743,-4,-2600,-2600,-2,-2,0
1405,-1477,-67,-2600,-2600,-3,-3,0
1406,-108,-87,-1890,-1890,-4,-4,0
1407,1758,-32,2600,2600,-6,-7,0
1408,2094,37,2600,2600,-6,-6,0
1409,1901,87,2600,2600,-4,-4,0
1410,2186,151,2600,2600,-2,-2,0
1411,2299,223,2600,2600,0,0,0
1412,2084,302,2600,2600,2,0,0
1413,692,341,2419,2419,2,2,0
1414,-1104,306,-2600,-2600,4,4,0
1415,-1450,256,-2600,-2600,6,5,0
1416,-1237,226,-2600,-2600,4,2,0
1417,-1751,177,-2600,-2600,1,1,0
1418,-2179,105,-2600,-2600,0,-1,0
1419,-1916,30,-2600,-2600,-3,-2,0
1420,-696,-12,-2500,-2500,-3,-4,0
1421,1210,21,2600,2600,-5,-6,0
1422,1962,85,2600,2600,-5,-6,0
1423,1890,140,2600,2600,-3,-4,0
1424,1991,198,2600,2600,-1,-2,0
1425,2113,262,2600,2600,1,0,0
1426,1996,335,2600,2600,2,3,0
1427,822,380,2600,2600,2,3,0
1428,-1194,347,-2600,-2600,4,5,0
1429,-1815,285,-2600,-2600,6,6,0
1430,-1527,240,-2600,-2600,4,4,0
1432,-2123,126,-2600,-2600,0,0,0
1433,-1989,52,-2600,-2600,-2,-2,0
1434,-1097,0,-2600,-2600,-3,-3,0
1435,1012,20,2539,2539,-5,-6,0
1436,2091,89,2600,2600,-5,-5,0
1437,1992,150,2600,2600,-3,-3,0
1438,1959,207,2600,2600,-2,-1,0
1439,2040,269,2600,2600,2,0,0
1440,1954,339,2600,2600,1,1,0
1441,879,384,2600,2600,3,3,0
1442,-1029,356,-2435,-2435,5,5,0
1443,-1546,302,-2600,-2600,5,5,0
1445,-1866,214,-2600,-2600,2,2,0
1446,-2192,145,-2600,-2600,1,-1,0
1447,-2034,65,-2600,-2600,-1,-2,0
1448,-843,20,-2560,-2560,-2,-4,0
1449,1116,53,2600,2600,-4,-5,0
1450,1682,110,2600,2600,-5,-6,0
1451,1593,154,2600,2600,-4,-6,0
1453,2566,282,2600,2600,0,-1,0
1454,2530,372,2600,2600,1,0,0
1455,1427,435,2600,2600,3,2,0
1456,-750,416,-2122,-2122,4,3,0
1457,-1504,365,-2600,-2600,5,4,0
1458,-1273,325,-2600,-2600,4,3,0
1459,-1376,289,-2600,-2600,2,1,0
1460,-1710,235,-2600,-2600,0,-1,0
1461,-1660,178,-2600,-2600,-1,-3,0
1462,-1163,124,-2600,-2600,-3,-4,0
1464,1933,192,2600,2600,-5,-7,0
1465,1978,251,2600,2600,-4,-5,0
1466,2057,306,2600,2600,-3,-4,0
1467,2401,379,2600,2600,-1,-2,0
1468,2392,457,2600,2600,1,0,0
1469,1832,531,2600,2600,3,3,0
1470,-205,537,1611,1611,4,4,0
1471,-1592,484,-2600,-2600,5,4,0
1472,-1618,435,-2600,-2600,6,5,0
1473,-1681,387,-2600,-2600,3,3,0
1474,-1998,325,-2600,-2600,2,1,0
1476,-1687,189,-2600,-2600,-3,-2,0
1477,-448,158,-2018,-2018,-3,-4,0
1478,1238,193,2600,2600,-5,-6,0
1479,1922,256,2600,2600,-5,-5,0
1480,1942,306,2600,2600,-3,-3,0
1481,2241,373,2600,2600,-1,-2,0
1482,2361,448,2600,2600,1,0,0
1483,1993,525,2600,2600,1,2,0
1484,251,548,2160,2160,3,3,0
1485,-1270,504,-2600,-2600,5,4,0
1487,-1266,429,-2532,-2532,3,4,0
1488,-1850,371,-2600,-2600,2,1,0
1489,-1984,306,-2600,-2600,-1,-1,0
1490,-1774,236,-2600,-2600,-3,-2,0
1491,-617,198,-2171,-2171,-3,-3,0
1492,1273,234,2600,2600,-5,-5,0
1493,1946,299,2600,2600,-4,-6,0
1495,2072,412,2600,2600,-1,-1,0
1496,2190,481,2600,2600,1,1,0
1497,1913,554,2600,2600,2,3,0
1498,288,579,2292,2292,4,4,0
1499,-1438,532,-2600,-2600,5,5,0
1500,-1639,476,-2600,-2600,5,6,0
1501,-1450,440,-2600,-2600,4,4,0
1502,-1948,382,-2600,-2600,2,1,0
1503,-2227,309,-2600,-2600,0,0,0
1504,-1975,232,-2600,-2600,-1,-1,0
1505,-676,192,-2181,-2181,-3,-3,0
1507,1603,279,2600,2600,-4,-5,0
1508,1590,318,2600,2600,-3,-3,0
1509,2034,377,2600,2600,0,0,0
1510,2180,446,2600,2600,1,1,0
1511,1858,520,2600,2600,3,3,0
1512,2,535,1950,1950,4,3,0
1514,-1629,423,-2600,-2600,6,6,0
1515,-1428,390,-2600,-2600,4,4,0
1516,-2090,327,-2600,-2600,1,1,0
1517,-2306,252,-2600,-2600,0,0,0
1518,-2045,171,-2600,-2600,-1,-2,0
1519,-578,134,-2109,-2109,-3,-3,0
1520,1288,172,2600,2600,-4,-5,0
1521,1736,231,2600,2600,-5,-6,0
1522,1588,272,2600,2600,-3,-4,0
1523,2004,329,2600,2600,-2,-2,0
1524,2316,400,2600,2600,1,-1,0
1526,1195,536,2600,2600,3,2,0
1527,-855,511,-2117,-2117,4,4,0
1528,-1540,457,-2600,-2600,5,5,0
1529,-1275,419,-2567,-2567,4,3,0
1530,-1520,380,-2600,-2600,2,1,0
1531,-1947,318,-2600,-2600,-1,0,0
1532,-1851,252,-2600,-2600,-1,-1,0
1533,-1153,196,-2600,-2600,-4,-3,0
1535,1787,266,2600,2600,-6,-6,0
1536,1701,311,2600,2600,-5,-5,0
1537,2042,364,2600,2600,-2,-2,0
1538,2533,441,2600,2600,-1,-1,0
1539,2503,530,2600,2600,1,0,0
1540,1501,593,2600,2600,2,2,0
1541,-630,575,-1852,-1852,4,3,0
1542,-1421,525,-2600,-2600,4,5,0
1544,-1415,451,-2600,-2600,2,2,0
1545,-1770,395,-2600,-2600,0,-1,0
1546,-1717,335,-2600,-2600,-2,-1,0
1547,-1197,279,-2600,-2600,-4,-4,0
1548,587,281,2252,2252,-4,-4,0
1549,1981,347,2600,2600,-6,-7,0
1550,1942,405,2600,2600,-4,-5,0
1551,2043,460,2600,2600,-3,-3,0
1552,2410,531,2600,2600,-1,-1,0
1553,2444,613,2600,2600,1,1,0
1554,1678,682,2600,2600,3,3,0
1556,-1591,621,-2600,-2600,5,5,0
1557,-1480,576,-2600,-2600,4,4,0
1558,-1505,534,-2600,-2600,3,3,0
1559,-1765,479,-2600,-2600,0,1,0
1560,-1710,422,-2600,-2600,-2,-1,0
1561,-1384,361,-2600,-2600,-2,-2,0
1562,31,344,1709,1709,-4,-4,0
1564,1956,462,2600,2600,-5,-5,0
1565,1880,512,2600,2600,-3,-2,0
1566,2106,573,2600,2600,0,0,0
1567,2191,642,2600,2600,2,1,0
1568,1816,714,2600,2600,2,2,0
1569,-108,723,1953,1953,4,4,0
1570,-1531,669,-2600,-2600,5,6,0
1571,-1416,621,-2527,-2527,5,5,0
1572,-1364,590,-2447,-2447,4,4,0
1574,-1984,464,-2600,-2600,0,0,0
1575,-1684,395,-2600,-2600,-1,-2,0
1576,-329,365,-1615,-1615,-3,-3,0
1577,1391,408,2600,2600,-4,-5,0
1578,1729,464,2600,2600,-4,-5,0
1579,1721,509,2600,2600,-1,-2,0
1580,2106,572,2600,2600,0,0,0
1581,2162,643,2600,2600,2,1,0
1582,1680,712,2600,2600,3,4,0
1583,-389,711,1681,1681,4,4,0
1584,-1827,649,-2600,-2600,7,7,0
1585,-1686,592,-2600,-2600,5,5,0
1587,-2272,489,-2600,-2600,3,3,0
1588,-2436,409,-2600,-2600,0,0,0
1589,-2049,326,-2600,-2600,-2,-1,0
1590,-407,295,-1696,-1696,-1,-3,0
1591,1223,335,2600,2600,-4,-4,0
1592,1484,384,2600,2600,-4,-5,0
1593,1440,422,2600,2600,-3,-3,0
1594,1783,473,2600,2600,-1,-1,0
1595,1999,533,2600,2600,2,1,0
1597,650,642,2600,2600,4,3,0
1598,-1258,601,-2419,-2419,5,5,0
1599,-1561,551,-2600,-2600,7,5,0
1600,-1488,518,-2600,-2600,4,4,0
1601,-2133,451,-2600,-2600,3,1,0
1602,-2303,376,-2600,-2600,0,-1,0
1603,-2023,294,-2600,-2600,-2,-1,0
1605,1159,288,2600,2600,-4,-5,0
1606,1882,349,2600,2600,-5,-6,0
1607,1956,412,2600,2600,-4,-5,0
1608,1846,465,2600,2600,-1,-2,0
1609,1908,522,2600,2600,1,0,0
1610,1928,586,2600,2600,1,2,0
1611,1282,641,2600,2600,4,3,0
1612,-656,635,-1724,-1724,4,5,0
1613,-1974,569,-2600,-2600,6,5,0
1615,-1680,460,-2600,-2600,3,3,0
1616,-1883,400,-2600,-2600,1,1,0
1617,-1837,341,-2600,-2600,-1,-1,0
1618,-1613,273,-2600,-2600,-2,-3,0
1619,-411,241,-1865,-1865,-4,-4,0
1620,1408,282,2600,2600,-5,-6,0
1621,2070,350,2600,2600,-5,-5,0
1622,1998,411,2600,2600,-3,-4,0
1624,2021,531,2600,2600,1,1,0
1625,1923,601,2600,2600,1,2,0
1626,697,640,2600,2600,3,4,0
1627,-1341,601,-2566,-2566,5,5,0
1628,-1830,538,-2600,-2600,6,7,0
1629,-1535,499,-2600,-2600,4,4,0
1630,-1978,442,-2600,-2600,2,3,0
1631,-2411,366,-2600,-2600,0,0,0
1633,-1130,225,-2600,-2600,-3,-2,0
1634,850,243,2600,2600,-5,-5,0
1635,1828,302,2600,2600,-5,-6,0
1636,1893,361,2600,2600,-3,-3,0
1637,1844,414,2600,2600,-1,-1,0
1638,1926,471,2600,2600,1,1,0
1639,1890,540,2600,2600,2,2,0
1640,842,584,2600,2600,3,4,0
1641,-1269,551,-2483,-2483,6,5,0
1642,-2023,482,-2600,-2600,5,7,0
1644,-1888,379,-2600,-2600,2,2,0
1645,-2251,309,-2600,-2600,0,1,0
1646,-2136,229,-2600,-2600,-2,-2,0
1647,-1288,170,-2600,-2600,-2,-3,0
1648,674,179,2366,2366,-4,-4,0
1649,1826,238,2600,2600,-6,-5,0
1650,1876,297,2600,2600,-2,-4,0
1651,1808,351,2600,2600,-2,-1,0
1653,1796,470,2600,2600,2,2,0
1654,803,513,2600,2600,3,4,0
1655,-1305,479,-2592,-2592,5,5,0
1656,-2051,410,-2600,-2600,7,6,0
1657,-1764,360,-2600,-2600,4,4,0
1658,-1944,304,-2600,-2600,2,3,0
1659,-2247,233,-2600,-2600,0,0,0
1660,-2116,154,-2600,-2600,-2,-2,0
1662,734,109,2355,2355,-4,-5,0
1663,1777,168,2600,2600,-5,-6,0
1664,1748,223,2600,2600,-5,-5,0
1665,1756,268,2600,2600,-3,-3,0
1666,2185,333,2600,2600,0,-1,0
1667,2258,406,2600,2600,1,1,0
1668,1713,477,2600,2600,2,2,0
1669,-361,480,-1576,-1576,4,4,0
1670,-1778,420,-2600,-2600,5,5,0
1672,-1680,317,-2600,-2600,3,3,0
1673,-1940,257,-2600,-2600,1,0,0
1674,-1920,195,-2600,-2600,-1,-2,0
1675,-1707,126,-2600,-2600,-1,-2,0
1676,-518,92,-2149,-2149,-4,-4,0
1677,1262,129,2600,2600,-4,-6,0
1678,1773,188,2600,2600,-6,-6,0
1680,2016,291,2600,2600,-1,-3,0
1681,2203,358,2600,2600,1,1,0
1682,2094,438,2600,2600,2,2,0
1683,586,474,2524,2524,4,4,0
1684,-1536,426,-2600,-2600,5,5,0
1685,-1963,359,-2600,-2600,5,5,0
1686,-1688,316,-2600,-2600,6,5,0
1688,-2508,175,-2600,-2600,0,1,0
1689,-2350,87,-2600,-2600,-1,-1,0
1690,-1303,27,-2600,-2600,-3,-3,0
1691,654,42,2198,2198,-4,-5,0
1692,1618,93,2600,2600,-5,-5,0
1693,1750,147,2600,2600,-4,-4,0
1694,1699,196,2600,2600,-1,-2,0
1695,1766,248,2600,2600,1,-1,0
1696,1784,306,2600,2600,1,2,0
1697,1239,360,2600,2600,4,3,0
1699,-1773,297,-2600,-2600,6,5,0
1700,-1684,246,-2600,-2600,5,5,0
1701,-1740,197,-2600,-2600,3,2,0
1702,-2095,132,-2600,-2600,1,0,0
1703,-2030,59,-2600,-2600,-1,-1,0
1704,-1409,-3,-2600,-2600,-4,-4,0
1705,427,-3,1878,1878,-4,-4,0
1707,2084,116,2600,2600,-4,-4,0
1708,2015,178,2600,2600,-2,-2,0
1709,1941,236,2600,2600,0,-1,0
1710,1894,298,2600,2600,1,1,0
1711,1377,358,2600,2600,3,4,0
1712,-371,362,-1656,-1656,4,4,0
1713,-1771,302,-2600,-2600,6,5,0
1714,-1732,247,-2600,-2600,5,5,0
1715,-1703,200,-2600,-2600,2,2,0
1717,-1999,68,-2600,-2600,-1,-1,0
1718,-1469,3,-2600,-2600,-3,-3,0
1719,325,0,1748,1748,-5,-4,0
1720,1700,53,2600,2600,-5,-5,0
1721,1945,115,2600,2600,-3,-4,0
1722,1844,171,2600,2600,-3,-3,0
1723,1770,224,2600,2600,0,0,0
1724,1745,278,2600,2600,2,1,0
1725,1391,338,2600,2600,4,3,0
1726,-339,345,-1626,-1626,4,4,0
1727,-1836,285,-2600,-2600,5,5,0
1729,-1776,170,-2600,-2600,4,3,0
1730,-1922,109,-2600,-2600,2,1,0
1731,-1883,49,-2600,-2600,-1,-1,0
1732,-1712,-18,-2600,-2600,-2,-3,0
1733,-639,-57,-2400,-2400,-4,-3,0
1734,1205,-24,2600,2600,-5,-6,0
1735,2023,40,2600,2600,-6,-6,0
1736,1991,103,2600,2600,-4,-6,0
1738,2131,223,2600,2600,0,-1,0
1739,2067,295,2600,2600,2,0,0
1740,1270,352,2600,2600,3,1,0
1741,-626,341,-2033,-2033,4,4,0
1742,-1588,287,-2600,-2600,7,4,0
1743,-1425,248,-2600,-2600,5,4,0
1744,-1664,207,-2600,-2600,3,1,0
1745,-2272,137,-2600,-2600,0,0,0
1747,-1340,-5,-2600,-2600,-3,-3,0
1748,481,2,1918,1918,-4,-5,0
1749,1543,51,2600,2600,-5,-5,0
1750,1776,108,2600,2600,-4,-6,0
1751,1714,152,2600,2600,-2,-2,0
1752,1951,211,2600,2600,-1,-1,0
1753,1979,275,2600,2600,1,1,0
1754,1542,339,2600,2600,3,2,0
1755,-102,351,1597,1597,3,3,0
1756,-1456,302,-2600,-2600,6,5,0
1758,-1628,211,-2600,-2600,3,2,0
1759,-2097,146,-2600,-2600,1,1,0
1760,-2102,73,-2600,-2600,-1,-1,0
1761,-1618,3,-2600,-2600,-1,-3,0
1762,95,-7,-1510,-1510,-4,-4,0
1763,1473,39,2600,2600,-4,-5,0
1764,1671,92,2600,2600,-5,-5,0
1766,1872,193,2600,2600,-1,-1,0
1767,2041,255,2600,2600,1,1,0
1768,1894,328,2600,2600,3,3,0
1769,511,362,2375,2375,3,4,0
1770,-1554,316,-2600,-2600,6,5,0
1771,-2042,247,-2600,-2600,5,6,0
1772,-1740,196,-2600,-2600,4,4,0
1773,-1851,140,-2600,-2600,1,2,0
1775,-1863,4,-2600,-2600,-2,-2,0
1776,-745,-38,-2510,-2510,-4,-4,0
1777,1278,-3,2600,2600,-6,-5,0
1778,2058,65,2600,2600,-5,-6,0
1779,1932,123,2600,2600,-5,-5,0
1780,2095,178,2600,2600,-3,-2,0
1781,2494,255,2600,2600,0,0,0
1782,2403,341,2600,2600,1,2,0
1783,1302,400,2600,2600,3,3,0
1784,-876,380,-2263,-2263,4,5,0
1785,-1725,322,-2600,-2600,4,6,0
1786,-1571,277,-2600,-2600,3,3,0
1788,-1857,164,-2600,-2600,-1,0,0
1789,-1763,96,-2600,-2600,-2,-2,0
1790,-906,49,-2600,-2600,-3,-3,0
1791,1016,74,2586,2586,-5,-5,0
1792,1805,134,2600,2600,-6,-6,0
1793,1690,177,2600,2600,-4,-4,0
1794,2105,237,2600,2600,-2,-1,0
1795,2447,312,2600,2600,0,0,0
1796,2308,399,2600,2600,0,2,0
1798,-1097,416,-2473,-2473,5,5,0
1799,-1783,355,-2600,-2600,6,6,0
1800,-1556,311,-2600,-2600,5,6,0
1801,-1899,261,-2600,-2600,2,3,0
1802,-2448,183,-2600,-2600,1,1,0
1803,-2324,98,-2600,-2600,-1,0,0
1804,-1406,35,-2600,-2600,-2,-2,0
1806,1499,94,2600,2600,-4,-5,0
1807,1468,137,2600,2600,-4,-3,0
1808,1686,181,2600,2600,-1,-1,0
1809,2071,242,2600,2600,1,0,0
1810,2101,314,2600,2600,1,3,0
1811,1355,374,2600,2600,3,3,0
1812,-697,362,-1982,-1982,4,5,0
1813,-1641,305,-2600,-2600,7,6,0
1814,-1490,262,-2600,-2600,5,6,0
1816,-2226,144,-2600,-2600,1,2,0
1817,-2135,68,-2600,-2600,-1,-1,0
1818,-1471,4,-2600,-2600,-2,-2,0
1819,397,3,1926,1926,-4,-4,0
1820,1652,57,2600,2600,-4,-4,0
1821,1672,106,2600,2600,-4,-4,0
1822,1838,157,2600,2600,-1,-1,0
1823,2087,220,2600,2600,0,0,0
1824,2043,288,2600,2600,3,1,0
1825,1494,353,2600,2600,3,3,0
1827,-1744,291,-2600,-2600,6,5,0
1828,-1672,235,-2600,-2600,6,5,0
1829,-1551,196,-2600,-2600,2,3,0
1830,-1948,136,-2600,-2600,2,0,0
1831,-1985,72,-2600,-2600,-1,-1,0
1832,-1685,1,-2600,-2600,-2,-3,0
1833,-88,-19,-1698,-1698,-4,-4,0
1834,1693,34,2600,2600,-5,-6,0
1835,2038,100,2600,2600,-4,-6,0
1837,1920,216,2600,2600,0,-1,0
1838,1981,276,2600,2600,0,0,0
1839,1939,345,2600,2600,2,2,0
1840,988,395,2600,2600,3,3,0
1841,-1085,370,-2466,-2466,5,5,0
1842,-1935,304,-2600,-2600,6,6,0
1843,-1677,256,-2600,-2600,3,4,0
1844,-1836,200,-2600,-2600,2,1,0
1845,-2025,135,-2600,-2600,0,0,0
1846,-1869,63,-2600,-2600,-1,-2,0
1847,-983,13,-2600,-2600,-3,-3,0
1849,1650,85,2600,2600,-6,-6,0
1850,1627,130,2600,2600,-4,-5,0
1851,1924,181,2600,2600,-2,-1,0
1852,2362,253,2600,2600,1,0,0
1853,2329,337,2600,2600,2,0,0
1854,1235,394,2600,2600,2,4,0
1855,-978,367,-2373,-2373,4,4,0
1856,-1791,307,-2600,-2600,6,5,0
1857,-1585,260,-2600,-2600,3,3,0
1859,-1756,153,-2600,-2600,0,-1,0
1860,-1612,92,-2600,-2600,-3,-3,0
1861,-825,47,-2571,-2571,-4,-4,0
1862,1028,69,2588,2588,-4,-5,0
1863,2030,135,2600,2600,-7,-7,0
1864,1988,196,2600,2600,-4,-5,0
1865,2092,254,2600,2600,-2,-2,0
1866,2392,327,2600,2600,0,-1,0
1867,2313,408,2600,2600,1,0,0
1868,1320,467,2600,2600,3,3,0
1869,-792,449,-2139,-2139,4,3,0
1871,-1406,350,-2600,-2600,4,4,0
1872,-1591,313,-2600,-2600,3,2,0
1873,-2291,241,-2600,-2600,1,0,0
1874,-2215,159,-2600,-2600,-1,-1,0
1875,-1438,95,-2600,-2600,-3,-2,0
1876,415,101,1956,1956,-4,-4,0
1877,1503,149,2600,2600,-5,-6,0
1879,1730,243,2600,2600,-2,-2,0
1880,1962,303,2600,2600,-1,0,0
1881,1933,365,2600,2600,1,1,0
1882,1554,430,2600,2600,2,4,0
1883,-152,442,1674,1674,4,4,0
1884,-1687,384,-2600,-2600,5,5,0
1885,-1701,326,-2600,-2600,4,7,0
1886,-1598,287,-2600,-2600,3,4,0
1887,-2150,219,-2600,-2600,1,1,0
1888,-2197,147,-2600,-2600,-1,-1,0
1890,-354,41,-1952,-1952,-4,-3,0
1891,1462,86,2600,2600,-5,-5,0
1892,1843,145,2600,2600,-5,-6,0
1893,1749,192,2600,2600,-4,-4,0
1894,2082,253,2600,2600,-3,-1,0
1895,2256,323,2600,2600,1,1,0
1896,2153,404,2600,2600,2,2,0
1897,1030,454,2600,2600,3,4,0
1898,-1071,424,-2394,-2394,5,5,0
1899,-1915,359,-2600,-2600,5,6,0
1901,-1893,252,-2600,-2600,2,2,0
1902,-2066,186,-2600,-2600,0,0,0
1903,-1899,114,-2600,-2600,-1,-2,0
1904,-1072,62,-2600,-2600,-3,-2,0
1905,800,77,2398,2398,-4,-5,0
1906,1641,133,2600,2600,-5,-6,0
1907,1500,173,2600,2600,-4,-5,0
1908,1923,225,2600,2600,-1,-2,0
1909,2369,297,2600,2600,0,0,0
1910,2324,380,2600,2600,1,2,0
1911,1225,393,2600,2600,3,3,0
1912,-1098,365,-2509,-2509,5,4,0
1914,-1650,252,-2600,-2600,3,4,0
1915,-1764,199,-2600,-2600,1,1,0
1916,-1923,137,-2600,-2600,-1,-1,0
1917,-1765,68,-2600,-2600,-2,-1,0
1918,-771,25,-2510,-2510,-4,-4,0
1919,1114,53,2600,2600,-5,-5,0
1920,1865,114,2600,2600,-6,-6,0
1921,1784,163,2600,2600,-4,-5,0
1922,2114,221,2600,2600,-2,-3,0
1923,2466,297,2600,2600,0,0,0
1924,2364,383,2600,2600,0,1,0
1926,-1026,407,-2443,-2443,4,4,0
1927,-1682,348,-2600,-2600,5,4,0
1928,-1424,306,-2600,-2600,3,3,0
1929,-1607,259,-2600,-2600,0,1,0
1930,-1808,200,-2600,-2600,-1,-2,0
1931,-1638,134,-2600,-2600,-3,-3,0
1932,-493,99,-2175,-2175,-4,-4,0
1934,2247,215,2600,2600,-5,-6,0
1935,2071,279,2600,2600,-5,-5,0
1936,2069,338,2600,2600,-2,-2,0
1937,2241,406,2600,2600,0,0,0
1938,2173,483,2600,2600,2,0,0
1939,1336,542,2600,2600,2,2,0
1940,-633,526,-1891,-1891,5,3,0
1941,-1491,475,-2600,-2600,6,5,0
1942,-1351,436,-2600,-2600,5,5,0
1943,-1601,398,-2600,-2600,3,2,0
1945,-2135,249,-2600,-2600,-1,-1,0
1946,-1444,184,-2600,-2600,-2,-2,0
1947,460,187,2111,2111,-3,-4,0
1948,1693,241,2600,2600,-6,-5,0
1949,1790,299,2600,2600,-4,-4,0
1950,1706,349,2600,2600,-1,-2,0
1951,1759,402,2600,2600,0,0,0
1952,1783,457,2600,2600,1,1,0
1953,1489,516,2600,2600,3,3,0
1954,73,534,2043,2043,4,4,0
1956,-1746,434,-2600,-2600,5,6,0
1957,-1693,390,-2600,-2600,4,3,0
1958,-2185,322,-2600,-2600,2,2,0
1959,-2252,247,-2600,-2600,-1,0,0
1960,-1913,169,-2600,-2600,-1,-2,0
1961,-425,137,-1920,-1920,-4,-3,0
1962,1324,180,2600,2600,-4,-5,0
1963,1832,239,2600,2600,-5,-5,0
1964,1798,292,2600,2600,-4,-4,0
1965,1917,346,2600,2600,-2,-1,0
1966,2164,412,2600,2600,1,1,0
1968,883,534,2600,2600,4,4,0
1969,-1192,502,-2450,-2450,4,6,0
1970,-1904,438,-2600,-2600,5,5,0
1971,-1664,388,-2600,-2600,4,4,0
1972,-1882,332,-2600,-2600,1,2,0
1973,-2081,267,-2600,-2600,-1,0,0
1974,-1978,192,-2600,-2600,-1,-2,0
1975,-1029,140,-2600,-2600,-4,-4,0
1977,1963,227,2600,2600,-6,-6,0
1978,1791,278,2600,2600,-5,-5,0
1979,2041,334,2600,2600,-2,-2,0
1980,2464,408,2600,2600,-1,-1,0
1981,2421,496,2600,2600,1,2,0
1982,1321,555,2600,2600,1,3,0
1983,-838,534,-2097,-2097,4,5,0
1984,-1703,476,-2600,-2600,4,5,0
1985,-1569,434,-2600,-2600,3,4,0
1987,-2040,311,-2600,-2600,-1,0,0
1988,-1929,238,-2600,-2600,-3,-2,0
1989,-1033,186,-2600,-2600,-4,-2,0
1990,968,208,2600,2600,-5,-6,0
1991,1845,269,2600,2600,-7,-5,0
1992,1716,315,2600,2600,-4,-5,0
1993,1968,369,2600,2600,-2,-2,0
1994,2326,440,2600,2600,-1,0,0
1995,2241,523,2600,2600,1,2,0
1996,1092,574,2600,2600,2,3,0
1998,-1734,493,-2600,-2600,4,5,0
1999,-1699,446,-2600,-2600,4,4,0
2000,-1920,385,-2600,-2600,1,2,0
2001,-1938,321,-2600,-2600,-1,-1,0
2002,-1758,253,-2600,-2600,-2,-1,0
2003,-951,204,-2573,-2573,-4,-4,0
2004,900,222,2578,2578,-4,-5,0
2005,1905,284,2600,2600,-7,-6,0
2007,2013,391,2600,2600,-2,-2,0
2008,2367,464,2600,2600,0,0,0
2009,2271,546,2600,2600,1,1,0
2010,1092,598,2600,2600,3,1,0
2011,-996,566,-2269,-2269,4,4,0
2012,-1553,512,-2600,-2600,6,6,0
2013,-1348,478,-2596,-2596,4,4,0
2014,-1804,432,-2600,-2600,3,2,0
2016,-2253,273,-2600,-2600,0,-1,0
2017,-1362,211,-2600,-2600,-2,-2,0
2018,604,221,2321,2321,-3,-4,0
2019,1549,274,2600,2600,-4,-6,0
2020,1434,316,2600,2600,-4,-3,0
2021,1640,360,2600,2600,0,-2,0
2022,2003,421,2600,2600,0,0,0
2023,1960,489,2600,2600,2,1,0
2024,1087,540,2600,2600,3,2,0
2025,-862,518,-2073,-2073,5,4,0
2026,-1563,464,-2600,-2600,7,6,0
2027,-1407,428,-2600,-2600,5,4,0
2029,-2246,305,-2600,-2600,1,0,0
2030,-2085,230,-2600,-2600,-1,-2,0
2031,-1361,168,-2600,-2600,-2,-2,0
2032,495,172,2149,2149,-4,-5,0
2033,1704,226,2600,2600,-5,-5,0
2034,1926,286,2600,2600,-3,-4,0
2035,1920,344,2600,2600,-2,-2,0
2036,1911,402,2600,2600,1,-1,0
2037,1857,463,2600,2600,2,2,0
2038,1295,518,2600,2600,2,2,0
2040,-1566,466,-2600,-2600,6,6,0
2041,-1499,423,-2600,-2600,5,4,0
2042,-1681,378,-2600,-2600,3,3,0
2043,-2160,312,-2600,-2600,1,1,0
2044,-2137,235,-2600,-2600,-1,-2,0
2045,-1497,169,-2600,-2600,-3,-2,0
2046,351,167,1981,1981,-3,-4,0
2048,1843,277,2600,2600,-4,-4,0
2049,1839,331,2600,2600,-1,-2,0
2050,1877,388,2600,2600,0,-1,0
2051,1832,449,2600,2600,2,1,0
2052,1213,501,2600,2600,3,2,0
2053,-498,497,-1686,-1686,4,3,0
2054,-1536,446,-2600,-2600,7,6,0
2055,-1480,406,-2600,-2600,4,4,0
2056,-1810,354,-2600,-2600,3,1,0
2058,-2100,209,-2600,-2600,-2,0,0
2059,-1271,149,-2600,-2600,-3,-3,0
2060,547,158,2177,2177,-4,-4,0
2061,1613,209,2600,2600,-5,-5,0
2062,1877,268,2600,2600,-4,-3,0
2063,1822,322,2600,2600,-1,-1,0
2064,1818,377,2600,2600,0,0,0
2065,1781,439,2600,2600,3,1,0
2066,953,483,2600,2600,2,3,0
2067,-824,464,-2061,-2061,6,4,0
2069,-1523,372,-2600,-2600,4,4,0
2070,-1893,315,-2600,-2600,3,2,0
2071,-2171,247,-2600,-2600,0,0,0
2072,-2015,168,-2600,-2600,-1,-2,0
2073,-970,118,-2591,-2591,-3,-3,0
2074,829,138,2488,2488,-4,-5,0
2075,1757,195,2600,2600,-4,-5,0
2077,1925,313,2600,2600,-1,-1,0
2078,1936,374,2600,2600,1,0,0
2079,1740,441,2600,2600,3,1,0
2080,403,467,2345,2345,4,3,0
2081,-1222,428,-2555,-2555,5,4,0
2082,-1486,381,-2600,-2600,6,5,0
2083,-1485,348,-2600,-2600,5,4,0
2084,-2100,283,-2600,-2600,1,1,0
2085,-2240,209,-2600,-2600,0,-1,0
2087,-457,100,-2014,-2014,-4,-4,0
2088,1067,132,2600,2600,-4,-4,0
2089,1715,187,2600,2600,-5,-6,0
2090,1878,248,2600,2600,-4,-5,0
2091,1758,297,2600,2600,-2,-1,0
2092,1882,354,2600,2600,1,0,0
2093,1912,419,2600,2600,2,1,0
2094,1160,470,2600,2600,3,4,0
2095,-703,463,-1942,-1942,4,4,0
2096,-1908,402,-2600,-2600,6,7,0
2097,-1885,341,-2600,-2600,4,4,0
2099,-1965,227,-2600,-2600,1,1,0
2100,-1930,161,-2600,-2600,-1,-2,0
2101,-1548,94,-2600,-2600,-2,-2,0
2102,-76,75,-1602,-1602,-3,-4,0
2103,1425,118,2600,2600,-6,-6,0
2104,1886,179,2600,2600,-5,-6,0
2105,1862,236,2600,2600,-3,-4,0
2107,2014,353,2600,2600,1,1,0
2108,1911,422,2600,2600,3,2,0
2109,751,463,2600,2600,3,3,0
2110,-1357,428,-2600,-2600,5,6,0
2111,-2046,359,-2600,-2600,6,6,0
2112,-1751,305,-2600,-2600,5,5,0
2113,-1809,258,-2600,-2600,2,3,0
2114,-2341,186,-2600,-2600,2,0,0
2116,-1442,37,-2600,-2600,-2,-2,0
2117,367,40,1915,1915,-3,-4,0
2118,1385,83,2600,2600,-4,-6,0
2119,1584,132,2600,2600,-2,-4,0
2120,1651,178,2600,2600,-2,-2,0
2121,1770,231,2600,2600,2,1,0
2122,1804,289,2600,2600,2,2,0
2123,1325,346,2600,2600,3,4,0
2124,-514,346,-1748,-1748,5,5,0
2126,-2046,209,-2600,-2600,6,5,0
2127,-1779,159,-2600,-2600,3,4,0
2128,-1939,99,-2600,-2600,1,1,0
2129,-1937,35,-2600,-2600,0,-1,0
2130,-1651,-32,-2600,-2600,-2,-1,0
2131,-387,-60,-2029,-2029,-3,-3,0
2133,1594,23,2600,2600,-4,-5,0
2134,1676,72,2600,2600,-4,-3,0
2135,1837,122,2600,2600,0,-2,0
2136,2099,187,2600,2600,0,1,0
2137,2019,261,2600,2600,3,2,0
2138,804,305,2600,2600,2,4,0
2139,-1376,267,-2600,-2600,6,5,0
2140,-1959,201,-2600,-2600,5,6,0
2141,-1709,152,-2600,-2600,3,3,0
2143,-1996,32,-2600,-2600,0,0,0
2144,-1864,-40,-2600,-2600,-3,-2,0
2145,-813,-83,-2600,-2600,-4,-3,0
2146,1060,-56,2549,2549,-5,-5,0
2147,1854,4,2600,2600,-5,-6,0
2148,1784,59,2600,2600,-5,-5,0
2149,1882,108,2600,2600,-2,-2,0
2150,2257,177,2600,2600,-1,0,0
2151,2226,255,2600,2600,1,1,0
2152,1393,316,2600,2600,3,3,0
2153,-751,301,-2199,-2199,3,4,0
2155,-1602,195,-2600,-2600,4,5,0
2156,-1891,146,-2600,-2600,3,3,0
2157,-2472,69,-2600,-2600,0,0,0
2158,-2392,-17,-2600,-2600,-2,0,0
2159,-1610,-86,-2600,-2600,-2,-2,0
2160,338,-87,1710,1710,-5,-4,0
2161,1610,-37,2600,2600,-6,-5,0
2162,1776,18,2600,2600,-4,-5,0
2163,1730,67,2600,2600,-4,-3,0
2164,1837,122,2600,2600,-1,-1,0
2166,1753,241,2600,2600,2,3,0
2167,759,283,2577,2577,3,3,0
2168,-1107,256,-2586,-2586,5,5,0
2169,-1803,196,-2600,-2600,6,5,0
2170,-1698,151,-2600,-2600,4,4,0
2171,-2044,87,-2600,-2600,1,3,0
2173,-1918,-59,-2600,-2600,-2,-2,0
2174,-780,-102,-2581,-2581,-3,-3,0
2175,1075,-74,2565,2565,-5,-5,0
2176,1913,-13,2600,2600,-6,-7,0
2177,1984,49,2600,2600,-5,-5,0
2178,2037,102,2600,2600,-3,-3,0
2179,2436,175,2600,2600,0,-1,0
2180,2470,257,2600,2600,2,1,0
2181,1779,332,2600,2600,1,2,0
2182,-356,335,-1705,-1705,4,5,0
2184,-1645,224,-2600,-2600,5,4,0
2185,-1584,179,-2600,-2600,2,3,0
2186,-1797,123,-2600,-2600,0,0,0
2187,-1777,64,-2600,-2600,-2,-1,0
2188,-1473,1,-2600,-2600,-3,-3,0
2189,-11,-15,-1673,-1673,-4,-4,0
2190,1647,35,2600,2600,-7,-5,0
2191,2036,101,2600,2600,-5,-6,0
2192,1921,151,2600,2600,-4,-3,0
2193,2209,217,2600,2600,-2,-2,0
2195,2033,370,2600,2600,2,2,0
2196,456,401,2280,2280,3,3,0
2197,-1377,355,-2600,-2600,4,4,0
2198,-1628,299,-2600,-2600,5,5,0
2199,-1390,263,-2600,-2600,4,4,0
2200,-1814,211,-2600,-2600,1,1,0
2202,-2033,64,-2600,-2600,-2,-1,0
2203,-902,17,-2600,-2600,-3,-4,0
2204,1159,48,2600,2600,-5,-5,0
2205,1928,111,2600,2600,-6,-6,0
2206,1822,166,2600,2600,-3,-3,0
2207,1855,220,2600,2600,-1,-2,0
2208,1964,279,2600,2600,0,1,0
2209,1919,347,2600,2600,2,3,0
2210,1025,397,2600,2600,2,3,0
2211,-1051,372,-2427,-2427,5,5,0
2212,-1859,308,-2600,-2600,6,6,0
2214,-1717,214,-2600,-2600,3,2,0
2215,-2172,145,-2600,-2600,0,0,0
2216,-2062,68,-2600,-2600,-1,0,0
2217,-1202,12,-2600,-2600,-2,-3,0
2218,676,24,2225,2225,-4,-5,0
2219,1615,76,2600,2600,-4,-5,0
2220,1627,124,2600,2600,-2,-3,0
2221,1743,173,2600,2600,-1,-2,0
2222,1878,230,2600,2600,2,1,0
2223,1841,295,2600,2600,3,2,0
2225,-1135,319,-2502,-2502,6,5,0
2226,-2092,249,-2600,-2600,6,6,0
2227,-1845,190,-2600,-2600,6,5,0
2228,-1770,139,-2600,-2600,2,2,0
2229,-1994,77,-2600,-2600,1,0,0
2230,-1927,8,-2600,-2600,-1,-2,0
2231,-1348,-52,-2600,-2600,-1,-2,0
2232,358,-55,1811,1811,-4,-5,0
2233,1682,-1,2600,2600,-4,-6,0
2235,1830,105,2600,2600,-3,-4,0
2236,2194,172,2600,2600,0,-1,0
2237,2259,244,2600,2600,2,0,0
2238,1917,319,2600,2600,2,3,0
2239,181,343,1980,1980,4,4,0
2240,-1569,293,-2600,-2600,6,5,0
2241,-1822,232,-2600,-2600,5,5,0
2242,-1623,189,-2600,-2600,4,4,0
2243,-1982,129,-2600,-2600,3,2,0
2245,-2014,-17,-2600,-2600,-2,-1,0
2246,-1051,-68,-2600,-2600,-2,-3,0
2247,672,-53,2159,2159,-4,-4,0
2248,1562,-4,2600,2600,-5,-6,0
2249,1708,48,2600,2600,-3,-4,0
2250,1780,98,2600,2600,-2,-2,0
2251,1921,157,2600,2600,0,0,0
2252,1866,217,2600,2600,1,1,0
2253,1353,274,2600,2600,2,3,0
2254,-351,280,-1684,-1684,4,5,0
2256,-1684,169,-2600,-2600,4,5,0
2257,-1689,123,-2600,-2600,3,3,0
2258,-2121,57,-2600,-2600,1,0,0
2259,-2098,-14,-2600,-2600,-2,-1,0
2260,-1632,-84,-2600,-2600,-3,-2,0
2261,27,-99,-1669,-1669,-4,-5,0
2262,1572,-51,2600,2600,-5,-6,0
2263,1990,11,2600,2600,-5,-5,0
2264,1936,72,2600,2600,-4,-4,0
2265,1848,126,2600,2600,-2,-2,0
2266,1897,182,2600,2600,1,1,0
2267,1882,247,2600,2600,2,2,0
2269,-825,292,-2236,-2236,4,5,0
2270,-2105,221,-2600,-2600,6,6,0
2271,-1975,155,-2600,-2600,3,4,0
2272,-1765,100,-2600,-2600,3,2,0
2273,-1707,46,-2600,-2600,0,-1,0
2274,-1619,-8,-2600,-2600,-2,-1,0
2275,-1286,-66,-2600,-2600,-2,-3,0
2276,111,-79,-1561,-1561,-4,-4,0
2277,1651,-28,2600,2600,-6,-7,0
2278,1979,35,2600,2600,-5,-5,0
2279,1933,90,2600,2600,-3,-4,0
2281,2178,220,2600,2600,1,0,0
2282,1968,295,2600,2600,2,1,0
2283,438,327,2207,2207,4,3,0
2284,-1380,282,-2600,-2600,5,4,0
2285,-1689,225,-2600,-2600,5,5,0
2286,-1472,187,-2600,-2600,4,3,0
2287,-1816,132,-2600,-2600,2,1,0
2288,-1998,68,-2600,-2600,0,-1,0
2289,-1797,-3,-2600,-2600,-2,-2,0
2291,972,-17,2474,2474,-5,-5,0
2292,1731,37,2600,2600,-5,-5,0
2293,1840,93,2600,2600,-2,-3,0
2294,1911,148,2600,2600,-1,-2,0
2295,2024,211,2600,2600,1,2,0
2296,1892,281,2600,2600,1,2,0
2297,590,318,2435,2435,4,4,0
2298,-1368,282,-2600,-2600,5,6,0
2300,-1646,167,-2600,-2600,4,5,0
2301,-1889,111,-2600,-2600,1,2,0
2302,-2232,40,-2600,-2600,0,0,0
2303,-2087,-38,-2600,-2600,-1,-1,0
2304,-1052,-90,-2600,-2600,-2,-3,0
2305,828,-69,2336,2336,-4,-4,0
2306,1620,-17,2600,2600,-5,-5,0
2307,1639,32,2600,2600,-4,-5,0
2308,1846,75,2600,2600,-2,-3,0
2309,2480,152,2600,2600,0,-1,0
2310,2482,237,2600,2600,1,1,0
2311,1710,310,2600,2600,2,1,0
2313,-1512,255,-2600,-2600,6,5,0
2314,-1370,211,-2600,-2600,4,4,0
2315,-1361,174,-2600,-2600,3,2,0
2316,-1676,122,-2600,-2600,1,0,0
2317,-1673,69,-2600,-2600,-2,-2,0
2318,-1481,6,-2600,-2600,-2,-2,0
2319,-220,-17,-1912,-1912,-4,-5,0
2320,1533,29,2600,2600,-5,-6,0
2321,2025,96,2600,2600,-5,-6,0
2322,1942,147,2600,2600,-4,-4,0
2324,2334,288,2600,2600,1,1,0
2325,2142,369,2600,2600,2,2,0
2326,646,407,2527,2527,3,3,0
2327,-1383,365,-2600,-2600,5,5,0
2328,-1811,303,-2600,-2600,6,5,0
2329,-1557,257,-2600,-2600,4,5,0
2330,-1891,206,-2600,-2600,3,2,0
2332,-2261,48,-2600,-2600,-2,-1,0
2333,-1318,-11,-2600,-2600,-3,-3,0
2334,778,4,2309,2309,-4,-5,0
2335,1853,62,2600,2600,-6,-6,0
2336,1939,122,2600,2600,-3,-3,0
2337,1882,178,2600,2600,-1,-1,0
2338,1935,235,2600,2600,0,0,0
2339,1939,300,2600,2600,2,0,0
2340,1270,354,2600,2600,2,3,0
2341,-463,351,-1751,-1751,5,4,0
2343,-1436,261,-2600,-2600,4,4,0
2344,-1729,211,-2600,-2600,3,3,0
2345,-2076,146,-2600,-2600,1,0,0
2346,-1997,72,-2600,-2600,-1,-2,0
2347,-1234,14,-2600,-2600,-2,-2,0
2348,625,24,2179,2179,-3,-5,0
2349,1666,77,2600,2600,-5,-5,0
2350,1824,133,2600,2600,-2,-4,0
2351,1849,189,2600,2600,0,-1,0
2352,1849,246,2600,2600,1,0,0
2353,1785,308,2600,2600,2,1,0
2354,1086,357,2600,2600,3,3,0
2356,-1622,293,-2600,-2600,6,5,0
2357,-1581,251,-2600,-2600,5,4,0
2358,-1895,195,-2600,-2600,3,2,0
2359,-2175,127,-2600,-2600,0,0,0
2360,-2083,48,-2600,-2600,-1,-2,0
2361,-1101,-5,-2600,-2600,-3,-3,0
2362,785,12,2345,2345,-4,-5,0
2363,1775,69,2600,2600,-4,-5,0
2364,2008,132,2600,2600,-3,-3,0
2365,1964,191,2600,2600,-1,-1,0
2367,1771,318,2600,2600,2,1,0
2368,581,352,2455,2455,3,3,0
2369,-1046,320,-2439,-2439,5,4,0
2370,-1415,274,-2600,-2600,5,5,0
2371,-1427,242,-2600,-2600,4,4,0
2372,-2033,178,-2600,-2600,2,2,0
2373,-2177,108,-2600,-2600,0,-1,0
2374,-1916,30,-2600,-2600,-2,-2,0
2375,-549,-4,-2213,-2213,-4,-3,0
2376,1133,26,2600,2600,-5,-5,0
2377,1890,87,2600,2600,-5,-5,0
2378,2044,154,2600,2600,-4,-5,0
2380,1912,269,2600,2600,-1,0,0
2381,1919,330,2600,2600,1,2,0
2382,1465,389,2600,2600,3,3,0
2383,-108,402,1698,1698,4,4,0
2384,-1586,357,-2600,-2600,5,6,0
2385,-1940,292,-2600,-2600,6,6,0
2387,-1924,179,-2600,-2600,2,3,0
2388,-2003,115,-2600,-2600,-1,0,0
2389,-1849,43,-2600,-2600,-3,-2,0
2390,-923,-4,-2600,-2600,-3,-2,0
2391,927,19,2505,2505,-5,-5,0
2392,1861,77,2600,2600,-6,-6,0
2393,2042,140,2600,2600,-4,-3,0
2394,2072,199,2600,2600,-2,-1,0
2395,2228,266,2600,2600,0,0,0
2396,2148,346,2600,2600,1,3,0
2397,1100,399,2600,2600,3,3,0
2398,-959,378,-2291,-2291,4,6,0
2400,-1599,263,-2600,-2600,5,5,0
2401,-1729,218,-2600,-2600,1,3,0
2402,-2232,147,-2600,-2600,1,1,0
2403,-2150,71,-2600,-2600,-2,0,0
2404,-1492,6,-2600,-2600,-3,-2,0
2405,391,4,1910,1910,-4,-3,0
2406,1700,58,2600,2600,-5,-5,0
2407,1791,115,2600,2600,-4,-3,0
2408,1665,165,2600,2600,-2,-2,0
2409,1648,213,2600,2600,0,1,0
2410,1660,264,2600,2600,1,3,0
2412,149,350,2020,2020,4,4,0
2413,-1774,292,-2600,-2600,5,7,0
2414,-2066,222,-2600,-2600,6,6,0
2415,-1863,165,-2600,-2600,4,4,0
2416,-1968,104,-2600,-2600,0,3,0
2417,-1974,41,-2600,-2600,-1,0,0
2418,-1841,-28,-2600,-2600,-2,-2,0
2419,-926,-75,-2600,-2600,-4,-3,0
2420,1061,-55,2600,2600,-5,-5,0
2421,2145,14,2600,2600,-7,-6,0
2422,2039,77,2600,2600,-4,-4,0
2424,2258,202,2600,2600,0,0,0
2425,2240,278,2600,2600,1,2,0
2426,1633,348,2600,2600,3,3,0
2427,-461,345,-1762,-1762,4,4,0
2428,-1836,284,-2600,-2600,4,5,0
2429,-1840,223,-2600,-2600,4,4,0
2430,-1628,170,-2600,-2600,2,3,0
2431,-1504,123,-2600,-2600,0,0,0
2432,-1440,77,-2600,-2600,-3,-2,0
2434,-190,0,-1875,-1875,-4,-5,0
2435,1675,46,2600,2600,-7,-5,0
2436,2172,117,2600,2600,-5,-5,0
2437,1996,172,2600,2600,-4,-4,0
2438,2103,235,2600,2600,-1,-1,0
2439,2131,302,2600,2600,0,1,0
2440,1936,378,2600,2600,1,2,0
2441,509,411,2361,2361,3,3,0
2442,-1375,366,-2600,-2600,4,6,0
2444,-1603,260,-2600,-2600,3,4,0
2445,-1921,205,-2600,-2600,1,2,0
2446,-2215,134,-2600,-2600,-1,0,0
2447,-2046,56,-2600,-2600,-2,-1,0
2448,-995,6,-2600,-2600,-2,-3,0
2449,980,29,2563,2563,-5,-4,0
2450,1682,84,2600,2600,-6,-6,0
2451,1578,130,2600,2600,-5,-5,0
2452,1884,177,2600,2600,-2,-3,0
2453,2452,250,2600,2600,-1,0,0
2454,2451,334,2600,2600,1,1,0
2456,-617,394,-1940,-1940,4,4,0
2457,-1744,334,-2600,-2600,5,5,0
2458,-1537,284,-2600,-2600,3,4,0
2459,-1570,239,-2600,-2600,2,3,0
2460,-1820,181,-2600,-2600,0,0,0
2461,-1761,123,-2600,-2600,-1,-1,0
2462,-1495,60,-2600,-2600,-3,-3,0
2463,-100,40,-1712,-1712,-4,-4,0
2464,1547,88,2600,2600,-5,-7,0
2465,1833,147,2600,2600,-5,-5,0
2466,1778,192,2600,2600,-3,-4,0
2468,2283,330,2600,2600,1,0,0
2469,2029,410,2600,2600,1,2,0
2470,419,441,2288,2288,3,3,0
2471,-1497,391,-2600,-2600,5,5,0
2472,-1810,329,-2600,-2600,6,6,0
2473,-1572,284,-2600,-2600,4,4,0
2474,-1854,232,-2600,-2600,1,1,0
2475,-2225,162,-2600,-2600,1,0,0
2477,-1302,25,-2600,-2600,-3,-3,0
2478,660,35,2199,2199,-4,-5,0
2479,1687,89,2600,2600,-4,-6,0
2480,1587,136,2600,2600,-2,-4,0
2481,1694,185,2600,2600,-2,-2,0
2482,1868,240,2600,2600,2,1,0
2483,1883,302,2600,2600,1,1,0
2484,1293,361,2600,2600,4,3,0
2485,-849,346,-2191,-2191,4,4,0
2487,-1797,220,-2600,-2600,4,4,0
2488,-1738,171,-2600,-2600,3,2,0
2489,-2005,108,-2600,-2600,1,0,0
2490,-1946,44,-2600,-2600,-2,-1,0
2491,-1537,-21,-2600,-2600,-2,-3,0
2492,219,-30,1646,1646,-4,-4,0
2493,1819,27,2600,2600,-6,-6,0
2494,1970,89,2600,2600,-4,-5,0
2495,1840,144,2600,2600,-2,-2,0
2496,1833,199,2600,2600,0,-1,0
2497,1867,255,2600,2600,1,2,0
2498,1761,323,2600,2600,1,2,0
2500,-1501,313,-2600,-2600,5,6,0
2501,-1983,245,-2600,-2600,5,6,0
2502,-1713,192,-2600,-2600,4,3,0
2503,-1771,137,-2600,-2600,0,2,0
2504,-1803,80,-2600,-2600,-1,0,0
2505,-1716,14,-2600,-2600,-3,-3,0
2506,-790,-28,-2532,-2532,-3,-3,0
2507,1177,-1,2600,2600,-5,-5,0
2508,2085,66,2600,2600,-7,-6,0
2509,1919,118,2600,2600,-4,-4,0
2510,2154,179,2600,2600,-3,-2,0
2512,2389,340,2600,2600,1,1,0
2513,1339,400,2600,2600,2,3,0
2514,-841,375,-2223,-2223,4,4,0
2515,-1618,319,-2600,-2600,5,5,0
2516,-1455,271,-2600,-2600,6,5,0
2517,-1549,234,-2600,-2600,2,2,0
2518,-2080,168,-2600,-2600,0,1,0
2519,-2061,98,-2600,-2600,-2,-2,0
2520,-1570,31,-2600,-2600,-3,-3,0
2521,324,24,1785,1785,-4,-4,0
2522,1909,86,2600,2600,-5,-5,0
2524,1885,203,2600,2600,-2,-3,0
2525,1995,261,2600,2600,-2,-1,0
2526,2059,324,2600,2600,2,2,0
2527,1915,398,2600,2600,2,2,0
2528,525,433,2446,2446,3,3,0
2529,-1483,386,-2600,-2600,5,6,0
2530,-1869,322,-2600,-2600,6,6,0
2531,-1623,274,-2600,-2600,4,4,0
2533,-2048,153,-2600,-2600,0,0,0
2534,-1954,80,-2600,-2600,-3,-2,0
2535,-1058,29,-2600,-2600,-3,-2,0
2536,916,45,2506,2506,-5,-5,0
2537,1965,109,2600,2600,-6,-6,0
2538,1887,162,2600,2600,-4,-5,0
2539,2047,217,2600,2600,-3,-3,0
2540,2461,291,2600,2600,-1,0,0
2541,2438,376,2600,2600,1,1,0
2542,1655,446,2600,2600,3,2,0
2543,-418,440,-1658,-1658,4,4,0
2544,-1576,386,-2600,-2600,4,4,0
2545,-1477,336,-2600,-2600,4,5,0
2547,-1547,251,-2600,-2600,0,0,0
2548,-1559,200,-2600,-2600,-2,-2,0
2549,-1383,142,-2600,-2600,-3,-2,0
2550,-271,115,-1868,-1868,-4,-5,0
2551,1619,161,2600,2600,-6,-5,0
2552,2170,231,2600,2600,-6,-5,0
2553,2030,285,2600,2600,-4,-4,0
2554,2271,352,2600,2600,-1,-2,0
2555,2396,426,2600,2600,1,0,0
2556,2173,509,2600,2600,1,2,0
2558,-1176,506,-2492,-2492,5,4,0
2559,-1526,452,-2600,-2600,6,6,0
2560,-1303,414,-2568,-2568,4,3,0
2561,-1610,373,-2600,-2600,2,2,0
2562,-2079,305,-2600,-2600,0,0,0
2563,-1903,234,-2600,-2600,0,-2,0
2564,-1084,181,-2600,-2600,-2,-3,0
2565,801,194,2536,2536,-3,-4,0
2566,1724,251,2600,2600,-5,-5,0
2567,1621,295,2600,2600,-2,-3,0
2568,1837,348,2600,2600,0,-1,0
2569,2041,409,2600,2600,2,0,0
2571,794,525,2600,2600,4,2,0
2572,-1221,483,-2468,-2468,6,4,0
2573,-1494,430,-2600,-2600,6,6,0
2574,-1242,402,-2423,-2423,5,3,0
2575,-1803,350,-2600,-2600,2,2,0
2576,-2153,280,-2600,-2600,1,-1,0
2577,-1907,206,-2600,-2600,-1,-1,0
2578,-818,161,-2308,-2308,-1,-3,0
2579,1029,185,2600,2600,-4,-5,0
2580,1886,246,2600,2600,-4,-6,0
2581,1872,303,2600,2600,-4,-5,0
2583,2359,427,2600,2600,0,-1,0
2584,2383,505,2600,2600,2,2,0
2585,1781,578,2600,2600,3,3,0
2586,-263,583,1728,1728,5,4,0
2587,-1590,528,-2600,-2600,5,6,0
2588,-1520,477,-2600,-2600,6,5,0
2589,-1450,442,-2588,-2588,5,5,0
2590,-1954,377,-2600,-2600,1,2,0
2592,-1725,248,-2600,-2600,-1,-1,0
2593,-801,203,-2266,-2266,-4,-4,0
2594,1054,227,2600,2600,-4,-4,0
2595,2101,294,2600,2600,-6,-6,0
2596,2220,362,2600,2600,-4,-4,0
2597,2219,425,2600,2600,-1,-1,0
2598,2401,498,2600,2600,0,0,0
2599,2333,582,2600,2600,2,3,0
2600,1047,632,2600,2600,3,3,0
2601,-1113,597,-2256,-2256,4,5,0
2603,-1322,513,-2413,-2413,4,5,0
2604,-1877,459,-2600,-2600,3,3,0
2605,-2281,386,-2600,-2600,1,0,0
2606,-2109,306,-2600,-2600,-1,0,0
2607,-1225,248,-2600,-2600,-2,-2,0
2608,633,257,2448,2448,-4,-5,0
2609,1693,312,2600,2600,-4,-5,0
2610,1769,364,2600,2600,-2,-4,0
2611,1893,419,2600,2600,-1,-1,0
2612,2064,481,2600,2600,1,1,0
2613,2064,553,2600,2600,2,3,0
2615,-1213,529,-2370,-2370,6,4,0
2616,-2025,460,-2600,-2600,6,7,0
2617,-1660,404,-2600,-2600,5,5,0
2618,-1543,366,-2600,-2600,3,3,0
2619,-2044,300,-2600,-2600,1,0,0
2620,-1963,233,-2600,-2600,-1,-1,0
2621,-1523,167,-2600,-2600,-1,-2,0
2622,94,153,1752,1752,-3,-4,0
2623,1649,205,2600,2600,-4,-5,0
2624,1876,264,2600,2600,-4,-5,0
2625,1814,319,2600,2600,-1,-2,0
2627,1971,435,2600,2600,2,2,0
2628,1742,505,2600,2600,4,3,0
2629,-55,520,1970,1970,4,4,0
2630,-1918,453,-2600,-2600,6,7,0
2631,-1890,389,-2600,-2600,6,5,0
2632,-1616,345,-2600,-2600,4,4,0
2633,-1930,287,-2600,-2600,1,2,0
2634,-2040,221,-2600,-2600,0,-1,0
2635,-1842,148,-2600,-2600,-1,-2,0
2636,-654,108,-2152,-2152,-3,-3,0
2638,1788,200,2600,2600,-4,-4,0
2639,1681,247,2600,2600,-3,-4,0
2640,1919,302,2600,2600,-1,-1,0
2641,2181,368,2600,2600,1,0,0
2642,2125,447,2600,2600,2,2,0
2643,1067,498,2600,2600,3,4,0
2644,-1121,468,-2347,-2347,5,4,0
2646,-1600,353,-2600,-2600,4,3,0
2647,-1628,304,-2600,-2600,1,1,0
2648,-1722,250,-2600,-2600,-1,0,0
2649,-1627,191,-2600,-2600,-3,-1,0
2650,-1053,140,-2600,-2600,-4,-3,0
2651,743,150,2411,2411,-5,-4,0
2652,1989,215,2600,2600,-5,-6,0
2653,2000,279,2600,2600,-5,-5,0
2654,1960,334,2600,2600,-2,-1,0
2655,2139,399,2600,2600,-1,0,0
2657,1582,537,2600,2600,2,3,0
2658,-603,530,-1744,-1744,4,5,0
2659,-2035,461,-2600,-2600,6,6,0
2660,-1851,397,-2600,-2600,5,5,0
2661,-1652,356,-2600,-2600,3,4,0
2662,-2082,290,-2600,-2600,1,1,0
2663,-2107,222,-2600,-2600,-1,-1,0
2664,-1865,146,-2600,-2600,-2,-2,0
2665,-522,111,-2062,-2062,-4,-4,0
2667,1959,216,2600,2600,-7,-6,0
2668,1822,272,2600,2600,-4,-5,0
2669,1904,325,2600,2600,-1,-2,0
2670,2177,389,2600,2600,0,0,0
2671,2213,463,2600,2600,1,1,0
2672,1606,531,2600,2600,3,3,0
2673,-590,525,-1742,-1742,4,4,0
2674,-1953,458,-2600,-2600,5,5,0
2676,-1592,353,-2600,-2600,3,3,0
2677,-1790,297,-2600,-2600,1,1,0
2678,-1735,240,-2600,-2600,-1,-1,0
2679,-1541,177,-2600,-2600,-2,-2,0
2680,-568,141,-2099,-2099,-3,-4,0
2681,1189,172,2600,2600,-5,-6,0
2682,1899,233,2600,2600,-5,-5,0
2683,1889,290,2600,2600,-4,-4,0
2684,1968,347,2600,2600,0,-1,0
2685,2087,410,2600,2600,1,1,0
2686,2053,484,2600,2600,2,1,0
2688,-1236,501,-2480,-2480,4,5,0
2689,-2042,431,-2600,-2600,6,6,0
2690,-1678,377,-2600,-2600,5,5,0
2691,-1677,334,-2600,-2600,3,3,0
2692,-2139,266,-2600,-2600,0,0,0
2693,-2050,192,-2600,-2600,-1,-2,0
2694,-1422,128,-2600,-2600,-3,-2,0
2696,1844,183,2600,2600,-5,-6,0
2697,2158,251,2600,2600,-4,-4,0
2698,2105,315,2600,2600,-1,-1,0
2699,2107,377,2600,2600,0,-1,0
2700,2117,450,2600,2600,2,1,0
2701,1302,506,2600,2600,3,2,0
2702,-672,490,-1853,-1853,4,3,0
2703,-1445,439,-2600,-2600,6,5,0
2705,-1566,369,-2600,-2600,2,2,0
2706,-2052,304,-2600,-2600,1,-1,0
2707,-1916,232,-2600,-2600,-2,-1,0
2708,-1114,177,-2600,-2600,-2,-2,0
2709,520,185,2220,2220,-4,-4,0
2710,1582,234,2600,2600,-5,-5,0
2711,1931,294,2600,2600,-2,-3,0
2712,1942,353,2600,2600,-1,-2,0
2713,1932,412,2600,2600,1,0,0
2715,826,522,2600,2600,4,3,0
2716,-1156,490,-2359,-2359,5,5,0
2717,-1818,428,-2600,-2600,6,5,0
2718,-1549,388,-2600,-2600,4,4,0
2719,-1891,333,-2600,-2600,3,2,0
2720,-2174,264,-2600,-2600,0,0,0
2722,-1005,136,-2566,-2566,-3,-3,0
2723,858,154,2588,2588,-4,-5,0
2724,1874,213,2600,2600,-6,-6,0
2725,2073,281,2600,2600,-5,-6,0
2726,1992,339,2600,2600,-2,-3,0
2727,2088,402,2600,2600,-1,-1,0
2728,2154,469,2600,2600,1,0,0
2729,1932,542,2600,2600,2,2,0
2730,390,569,2422,2422,4,2,0
2731,-1277,530,-2510,-2510,5,5,0
2733,-1457,440,-2600,-2600,6,5,0
2734,-1853,387,-2600,-2600,2,1,0
2735,-2255,314,-2600,-2600,1,0,0
2736,-2118,235,-2600,-2600,-1,-1,0
2737,-1263,176,-2600,-2600,-1,-3,0
2738,477,181,2190,2190,-4,-4,0
2739,1529,229,2600,2600,-4,-5,0
2740,1746,284,2600,2600,-3,-5,0
2741,1749,335,2600,2600,-1,-3,0
2743,1860,449,2600,2600,3,1,0
2744,1458,508,2600,2600,3,2,0
2745,-190,517,1782,1782,5,3,0
2746,-1609,465,-2600,-2600,7,5,0
2747,-1709,411,-2600,-2600,5,5,0
2748,-1668,366,-2600,-2600,5,2,0
2749,-1974,303,-2600,-2600,2,1,0
2751,-1681,168,-2600,-2600,-2,-2,0
2752,-442,135,-1901,-1901,-3,-4,0
2753,1201,168,2600,2600,-4,-5,0
2754,1978,231,2600,2600,-5,-6,0
2755,2165,300,2600,2600,-2,-5,0
2756,2052,363,2600,2600,0,-1,0
2757,2041,424,2600,2600,0,0,0
2758,1965,496,2600,2600,2,1,0
2759,698,535,2600,2600,4,4,0
2760,-1226,501,-2441,-2441,6,4,0
2762,-1612,401,-2600,-2600,4,4,0
2763,-1951,341,-2600,-2600,2,1,0
2764,-2101,273,-2600,-2600,-1,0,0
2765,-1927,197,-2600,-2600,-1,-2,0
2766,-873,150,-2412,-2412,-3,-4,0
2767,1012,176,2600,2600,-5,-5,0
2768,1878,236,2600,2600,-5,-5,0
2769,1960,299,2600,2600,-4,-5,0
2770,1935,353,2600,2600,-2,-2,0
2771,2085,415,2600,2600,1,0,0
2773,1511,549,2600,2600,3,3,0
2774,-499,545,-1595,-1595,4,4,0
2775,-1699,486,-2600,-2600,5,4,0
2776,-1511,437,-2600,-2600,4,4,0
2777,-1441,395,-2600,-2600,2,2,0
2778,-1624,341,-2600,-2600,1,1,0
2780,-1214,236,-2600,-2600,-3,-2,0
2781,-135,213,-1549,-1549,-4,-4,0
2782,1608,259,2600,2600,-5,-5,0
2783,2247,332,2600,2600,-5,-5,0
2784,2195,399,2600,2600,-3,-3,0
2785,2150,465,2600,2600,0,0,0
2786,2144,531,2600,2600,1,1,0
2787,1966,605,2600,2600,2,3,0
2788,453,637,2600,2600,4,4,0
2789,-1602,586,-2600,-2600,5,6,0
2791,-1549,478,-2600,-2600,5,5,0
2792,-1868,426,-2600,-2600,1,2,0
2793,-2254,353,-2600,-2600,0,0,0
2794,-2082,274,-2600,-2600,-1,0,0
2795,-1153,218,-2600,-2600,-3,-2,0
2796,850,238,2600,2600,-5,-4,0
2797,1848,297,2600,2600,-6,-6,0
2798,1924,360,2600,2600,-4,-4,0
2799,1927,408,2600,2600,-3,-3,0
2801,2401,562,2600,2600,2,2,0
2802,1832,593,2600,2600,1,3,0
2803,-351,595,1630,1630,4,4,0
2804,-1767,534,-2600,-2600,5,6,0
2805,-1551,481,-2600,-2600,4,5,0
2806,-1445,444,-2600,-2600,4,4,0
2808,-1928,320,-2600,-2600,-2,-1,0
2809,-1694,253,-2600,-2600,-2,-1,0
2810,-751,210,-2201,-2201,-3,-3,0
2811,1141,240,2600,2600,-5,-5,0
2812,1987,303,2600,2600,-6,-5,0
2813,2018,360,2600,2600,-3,-4,0
2814,2212,425,2600,2600,-2,-1,0
2815,2385,498,2600,2600,1,1,0
2816,2286,580,2600,2600,2,2,0
2817,984,629,2600,2600,3,3,0
2819,-1678,535,-2600,-2600,5,7,0
2820,-1442,493,-2551,-2551,5,4,0
2821,-1726,448,-2600,-2600,3,3,0
2822,-2192,375,-2600,-2600,0,1,0
2823,-1991,302,-2600,-2600,-1,-1,0
2824,-1254,243,-2600,-2600,-3,-3,0
2826,1908,308,2600,2600,-5,-5,0
2827,2209,378,2600,2600,-4,-4,0
2828,2147,443,2600,2600,-1,0,0
2829,2187,508,2600,2600,1,0,0
2830,2170,583,2600,2600,1,3,0
2831,1248,639,2600,2600,3,4,0
2832,-881,621,-1887,-1887,5,5,0
2833,-1813,558,-2600,-2600,5,6,0
2834,-1523,509,-2597,-2597,6,5,0
2836,-2026,403,-2600,-2600,1,1,0
2837,-1948,334,-2600,-2600,-1,0,0
2838,-1427,270,-2600,-2600,-3,-2,0
2839,268,262,2082,2082,-3,-3,0
2840,1760,316,2600,2600,-6,-5,0
2841,2103,383,2600,2600,-2,-2,0
2842,2010,444,2600,2600,-2,-2,0
2843,2003,504,2600,2600,1,2,0
2844,2010,573,2600,2600,2,2,0
2846,-952,565,-1987,-1987,4,6,0
2847,-1900,499,-2600,-2600,7,6,0
2848,-1619,447,-2600,-2600,4,6,0
2849,-1644,405,-2600,-2600,2,2,0
2850,-2026,339,-2600,-2600,1,1,0
2851,-1927,271,-2600,-2600,-1,0,0
2853,399,205,2189,2189,-3,-4,0
2854,1872,264,2600,2600,-6,-4,0
2855,2115,331,2600,2600,-2,-3,0
2856,2013,393,2600,2600,-2,0,0
2857,2008,452,2600,2600,2,2,0
2858,1995,524,2600,2600,2,2,0
2859,1079,575,2600,2600,3,4,0
2860,-1076,545,-2142,-2142,5,5,0
2861,-1855,480,-2600,-2600,6,7,0
2862,-1586,429,-2600,-2600,5,4,0
2864,-1965,324,-2600,-2600,0,1,0
2865,-1865,257,-2600,-2600,-2,-1,0
2866,-1226,199,-2600,-2600,-3,-2,0
2867,721,207,2568,2568,-4,-3,0
2868,2099,276,2600,2600,-5,-6,0
2869,2138,348,2600,2600,-5,-4,0
2870,2029,401,2600,2600,-3,-2,0
2871,2363,474,2600,2600,0,0,0
2872,2377,550,2600,2600,1,1,0
2873,1935,627,2600,2600,2,1,0
2875,-1464,589,-2596,-2596,5,5,0
2876,-1400,540,-2475,-2475,5,6,0
2877,-1268,512,-2287,-2287,5,4,0
2878,-1875,458,-2600,-2600,2,2,0
2879,-2174,388,-2600,-2600,0,0,0
2880,-1978,312,-2600,-2600,0,-1,0
2881,-943,263,-2281,-2281,-1,-2,0
2882,888,284,2600,2600,-4,-4,0
2884,1619,382,2600,2600,-2,-2,0
2885,1949,439,2600,2600,0,-2,0
2886,2165,505,2600,2600,2,2,0
2887,2061,582,2600,2600,2,1,0
2888,781,623,2600,2600,4,3,0
2889,-1255,582,-2311,-2311,6,5,0
2890,-1640,525,-2600,-2600,6,6,0
2891,-1376,490,-2379,-2379,6,5,0
2892,-1795,443,-2600,-2600,3,2,0
2894,-2138,288,-2600,-2600,0,0,0
2895,-1211,231,-2598,-2598,-3,-2,0
2896,655,242,2558,2558,-3,-4,0
2897,1759,297,2600,2600,-4,-4,0
2898,1990,359,2600,2600,-2,-3,0
2899,1980,418,2600,2600,-2,-1,0
2900,2036,481,2600,2600,2,0,0
2901,1948,549,2600,2600,2,1,0
2902,1102,599,2600,2600,3,3,0
2903,-662,585,-1612,-1612,5,5,0
2904,-1465,537,-2523,-2523,7,5,0
2906,-1709,450,-2600,-2600,3,3,0
2907,-2032,385,-2600,-2600,2,1,0
2908,-1936,313,-2600,-2600,-1,-1,0
2909,-1288,254,-2600,-2600,-2,-2,0
2910,269,249,2105,2105,-3,-4,0
2911,1540,295,2600,2600,-4,-5,0
2913,2159,427,2600,2600,-1,-1,0
2914,2117,493,2600,2600,1,0,0
2915,2009,562,2600,2600,2,2,0
2916,1057,611,2600,2600,3,3,0
2917,-854,592,-1846,-1846,5,4,0
2918,-1614,536,-2600,-2600,5,6,0
2919,-1429,496,-2478,-2478,5,4,0
2920,-1667,450,-2600,-2600,3,2,0
2922,-1885,314,-2600,-2600,0,-1,0
2923,-1092,261,-2448,-2448,-1,-3,0
2924,594,267,2483,2483,-4,-4,0
2925,1694,321,2600,2600,-3,-5,0
2926,1902,380,2600,2600,-3,-3,0
2927,1991,440,2600,2600,1,-1,0
2928,2030,502,2600,2600,2,1,0
2929,1931,575,2600,2600,3,3,0
2930,548,608,2600,2600,4,4,0
2931,-1411,565,-2474,-2474,5,5,0
2932,-1831,502,-2600,-2600,7,6,0
2934,-1955,402,-2600,-2600,2,2,0
2935,-2206,331,-2600,-2600,1,0,0
2936,-1999,252,-2600,-2600,-2,-2,0
2937,-873,206,-2230,-2230,-2,-3,0
2938,1023,228,2600,2600,-4,-4,0
2939,2041,293,2600,2600,-6,-6,0
2940,2201,364,2600,2600,-3,-4,0
2941,2108,425,2600,2600,-2,-3,0
2943,2162,563,2600,2600,2,1,0
2944,1713,632,2600,2600,2,2,0
2945,-22,643,2135,2135,5,3,0
2946,-1450,592,-2531,-2531,5,5,0
2947,-1426,547,-2458,-2458,6,5,0
2948,-1449,512,-2464,-2464,5,4,0
2949,-2023,449,-2600,-2600,3,3,0
2950,-2189,378,-2600,-2600,0,0,0
2951,-1979,300,-2600,-2600,-1,-1,0
2953,844,269,2600,2600,-5,-4,0
2954,1817,327,2600,2600,-4,-6,0
2955,2030,387,2600,2600,-3,-4,0
2956,2143,451,2600,2600,-1,-1,0
2957,2284,520,2600,2600,1,1,0
2958,2162,599,2600,2600,2,3,0
2959,842,642,2600,2600,4,4,0
2960,-1239,607,-2276,-2276,4,4,0
2961,-1746,546,-2600,-2600,6,7,0
2963,-1613,462,-2600,-2600,2,3,0
2964,-2114,394,-2600,-2600,2,1,0
2965,-2039,319,-2600,-2600,-1,0,0
2966,-1347,258,-2600,-2600,-2,-3,0
2967,412,257,2317,2317,-3,-3,0
2968,1645,311,2600,2600,-3,-5,0
2969,1739,366,2600,2600,-2,-2,0
2970,1725,417,2600,2600,-1,-1,0
2971,1805,470,2600,2600,1,2,0
2973,1164,588,2600,2600,4,4,0
2974,-926,567,-1851,-1851,5,6,0
2975,-1940,501,-2600,-2600,7,7,0
2976,-1737,445,-2600,-2600,5,5,0
2977,-1743,400,-2600,-2600,3,4,0
2978,-2186,330,-2600,-2600,1,2,0
2979,-2115,255,-2600,-2600,0,-1,0
2981,314,181,2150,2150,-4,-4,0
2982,1839,240,2600,2600,-4,-4,0
2983,2044,303,2600,2600,-2,-3,0
2984,2079,366,2600,2600,-2,-1,0
2985,2117,431,2600,2600,2,1,0
2986,2071,503,2600,2600,1,2,0
2987,1250,559,2600,2600,4,2,0
2988,-786,541,-1750,-1750,4,6,0
2989,-1615,486,-2600,-2600,7,5,0
2991,-1683,399,-2600,-2600,2,3,0
2992,-2042,335,-2600,-2600,1,0,0
2993,-1949,262,-2600,-2600,0,0,0
2994,-1221,206,-2586,-2586,-2,-2,0
2995,435,208,2320,2320,-2,-4,0
2996,1554,259,2600,2600,-3,-4,0
2997,1650,306,2600,2600,-2,-2,0
2998,1761,359,2600,2600,0,-1,0
2999,1841,416,2600,2600,2,2,0
3000,1767,483,2600,2600,2,3,0
3001,688,522,2600,2600,4,4,0
3003,-1904,420,-2600,-2600,6,7,0
3004,-1664,373,-2600,-2600,5,5,0
3005,-1958,316,-2600,-2600,2,3,0
3006,-2229,244,-2600,-2600,1,2,0
3007,-2037,168,-2600,-2600,-1,-1,0
3008,-1173,113,-2580,-2580,-2,-2,0
3010,1925,183,2600,2600,-6,-6,0
3011,2076,248,2600,2600,-5,-4,0
3012,2165,305,2600,2600,-2,-2,0
3013,2540,383,2600,2600,0,0,0
3014,2535,471,2600,2600,1,0,0
3015,1713,540,2600,2600,2,2,0
3016,-286,539,1746,1746,4,3,0
3017,-1209,495,-2297,-2297,6,5,0
3018,-1061,470,-2066,-2066,5,5,0
3019,-1417,433,-2481,-2481,4,4,0
3021,-1789,312,-2600,-2600,0,0,0
3022,-1497,253,-2600,-2600,0,-1,0
3023,-759,212,-2058,-2058,-3,-2,0
3024,509,218,2373,2373,-3,-5,0
3025,1558,266,2600,2600,-4,-5,0
3026,1926,320,2600,2600,-2,-3,0
3027,2129,384,2600,2600,0,-1,0
3028,2270,455,2600,2600,1,1,0
3029,2109,533,2600,2600,2,3,0
3030,554,566,2600,2600,3,3,0
3031,-1279,525,-2332,-2332,6,5,0
3033,-1262,444,-2232,-2232,5,5,0
3034,-1821,391,-2600,-2600,3,2,0
3035,-2251,317,-2600,-2600,2,2,0
3036,-2013,240,-2600,-2600,-1,0,0
3037,-1107,187,-2431,-2431,-2,-2,0
3038,582,194,2506,2506,-4,-3,0
3039,1676,247,2600,2600,-4,-5,0
3040,1872,303,2600,2600,-1,-2,0
3041,2005,361,2600,2600,-1,0,0
3042,2216,427,2600,2600,1,2,0
3043,2163,507,2600,2600,2,3,0
3045,-1151,512,-2144,-2144,5,5,0
3046,-1486,460,-2496,-2496,6,7,0
3047,-1276,430,-2218,-2218,5,5,0
3048,-1802,377,-2600,-2600,3,3,0
3049,-2195,306,-2600,-2600,1,2,0
3050,-1984,231,-2600,-2600,0,0,0
3051,-1051,179,-2337,-2337,-2,-2,0
3053,1821,248,2600,2600,-4,-4,0
3054,2057,304,2600,2600,-1,-2,0
3055,2331,375,2600,2600,0,0,0
3056,2424,453,2600,2600,2,1,0
3057,2032,531,2600,2600,3,3,0
3058,298,554,2588,2588,4,4,0
3059,-1261,513,-2222,-2222,6,6,0
3060,-1416,467,-2359,-2359,7,6,0
3061,-1350,436,-2240,-2240,6,6,0
3062,-1957,376,-2600,-2600,4,3,0
3064,-2006,228,-2600,-2600,0,1,0
3065,-1089,176,-2332,-2332,-1,-2,0
3066,515,181,2491,2491,-4,-3,0
3067,1607,230,2600,2600,-3,-4,0
3068,1952,286,2600,2600,-1,-1,0
3069,2173,352,2600,2600,0,-1,0
3070,2254,423,2600,2600,2,1,0
3071,1943,496,2600,2600,3,2,0
3072,276,517,2537,2537,4,3,0
3073,-1188,478,-2158,-2158,7,5,0
3074,-1289,438,-2233,-2233,6,6,0
3076,-1788,355,-2600,-2600,4,3,0
3077,-2094,286,-2600,-2600,2,1,0
3078,-1884,215,-2600,-2600,0,0,0
3079,-1069,164,-2318,-2318,0,-3,0
3080,414,166,2379,2379,-2,-3,0
3081,1474,212,2600,2600,-3,-5,0
3082,1755,267,2600,2600,-2,-4,0
3083,1890,317,2600,2600,-1,-1,0
3084,2228,385,2600,2600,2,0,0
3085,2262,463,2600,2600,2,3,0
3087,-451,524,1734,1734,5,5,0
3088,-1616,468,-2600,-2600,6,6,0
3089,-1510,423,-2454,-2454,7,6,0
3090,-1621,379,-2600,-2600,4,4,0
3091,-2021,315,-2600,-2600,3,2,0
3092,-1983,249,-2600,-2600,1,1,0
3093,-1713,182,-2600,-2600,-2,-1,0
3095,1068,170,2600,2600,-4,-4,0
3096,1950,234,2600,2600,-4,-5,0
3097,2031,292,2600,2600,-2,-2,0
3098,2196,356,2600,2600,-1,-1,0
3099,2378,430,2600,2600,2,2,0
3100,2184,512,2600,2600,2,3,0
3101,598,547,2600,2600,4,4,0
3102,-1286,506,-2270,-2270,5,5,0
3103,-1566,452,-2546,-2546,7,7,0
3105,-1953,364,-2600,-2600,3,3,0
3106,-2397,286,-2600,-2600,2,2,0
3107,-2201,205,-2600,-2600,0,0,0
3108,-1251,147,-2551,-2551,-3,-2,0
3109,590,154,2564,2564,-3,-4,0
3110,1713,208,2600,2600,-4,-4,0
3111,1927,261,2600,2600,-1,-3,0
3112,2239,328,2600,2600,0,-1,0
3113,2408,404,2600,2600,1,1,0
3114,2144,485,2600,2600,3,2,0
3116,-1129,481,-2087,-2087,6,4,0
3117,-1354,437,-2310,-2310,6,6,0
3118,-1322,407,-2234,-2234,6,5,0
3119,-1929,350,-2600,-2600,4,3,0
3120,-2252,278,-2600,-2600,2,1,0
3121,-2071,202,-2600,-2600,0,0,0
3122,-1317,143,-2600,-2600,-1,-2,0
3123,195,138,2102,2102,-3,-3,0
3125,1719,229,2600,2600,-2,-4,0
3126,2002,287,2600,2600,-1,0,0
3127,2221,356,2600,2600,1,1,0
3128,2137,434,2600,2600,3,3,0
3129,885,479,2600,2600,4,4,0
3130,-1193,447,-2179,-2179,5,5,0
3131,-1782,384,-2600,-2600,7,6,0
3132,-1482,345,-2471,-2471,5,5,0
3133,-1850,294,-2600,-2600,3,3,0
3135,-2119,142,-2600,-2600,-1,-1,0
3136,-1143,88,-2477,-2477,-2,-1,0
3137,670,98,2600,2600,-2,-4,0
3138,1655,151,2600,2600,-4,-4,0
3139,1751,197,2600,2600,-2,-3,0
3140,2044,257,2600,2600,1,0,0
3141,2213,325,2600,2600,2,2,0
3142,2019,404,2600,2600,3,3,0
3143,406,431,2600,2600,4,4,0
3144,-1362,386,-2394,-2394,6,6,0
3145,-1568,332,-2600,-2600,7,6,0
3147,-1939,244,-2600,-2600,3,3,0
3148,-2307,172,-2600,-2600,1,1,0
3149,-2150,90,-2600,-2600,0,-1,0
3150,-956,43,-2263,-2263,-1,-2,0
3151,843,61,2600,2600,-3,-4,0
3152,1713,113,2600,2600,-4,-5,0
3153,1850,163,2600,2600,-2,-3,0
3154,2151,220,2600,2600,-2,-2,0
3155,2520,292,2600,2600,2,0,0
3156,2646,384,2600,2600,2,3,0
3158,-171,459,2033,2033,5,5,0
3159,-1276,414,-2238,-2238,6,6,0
3160,-1189,378,-2087,-2087,6,6,0
3161,-1312,348,-2195,-2195,6,6,0
3162,-1865,291,-2600,-2600,4,3,0
3163,-1964,229,-2600,-2600,2,3,0
3165,-1228,107,-2443,-2443,-1,-1,0
3166,207,99,2177,2177,-3,-2,0
3167,1523,143,2600,2600,-3,-4,0
3168,1971,203,2600,2600,-3,-2,0
3169,2117,263,2600,2600,0,0,0
3170,2282,328,2600,2600,2,0,0
3171,2390,406,2600,2600,3,3,0
3172,1556,470,2600,2600,3,3,0
3173,-267,470,2011,2011,6,5,0
3174,-1126,431,-1960,-1960,7,6,0
3175,-1045,400,-1802,-1802,7,7,0
3177,-1758,321,-2600,-2600,6,4,0
3178,-1858,261,-2600,-2600,3,3,0
3179,-1691,199,-2600,-2600,2,2,0
3180,-1148,149,-2207,-2207,0,0,0
3181,-111,132,1946,1946,0,-2,0
3182,1069,160,2600,2600,-3,-2,0
3183,1694,210,2600,2600,-1,-2,0
3184,1922,263,2600,2600,1,1,0
3185,2130,322,2600,2600,2,3,0
3186,2302,398,2600,2600,4,3,0
3188,-310,463,2089,2089,6,6,0
3189,-1260,418,-2005,-2005,7,7,0
3190,-1093,385,-1742,-1742,8,8,0
3191,-1211,358,-1860,-1860,6,7,0
3192,-1803,302,-2600,-2600,6,5,0
3193,-1864,242,-2600,-2600,4,4,0
3195,-1350,126,-2338,-2338,0,1,0
3196,-262,102,1844,1844,-2,-1,0
3197,1166,131,2600,2600,-1,-3,0
3198,1934,184,2600,2600,-2,-1,0
3199,2275,251,2600,2600,0,0,0
3200,2398,320,2600,2600,2,2,0
3201,2473,401,2600,2600,3,3,0
3202,1766,470,2600,2600,4,4,0
3203,159,483,2600,2600,5,6,0
3204,-749,456,1651,1651,7,6,0
3205,-718,437,1767,1767,8,8,0
3207,-1568,367,-2187,-2187,7,7,0
3208,-1607,314,-2232,-2232,7,8,0
3209,-1383,268,-1991,-1991,7,5,0
3210,-1241,230,-1884,-1884,4,4,0
3211,-1205,192,-1919,-1919,3,3,0
3212,-1084,148,-1861,-1861,2,3,0
3213,-480,118,1778,1778,2,1,0
3214,594,129,2600,2600,1,1,0
3215,1302,167,2600,2600,2,2,0
3216,1483,209,2600,2600,3,4,0
3217,1603,258,2600,2600,6,4,0
3219,381,342,2600,2600,7,8,0
3220,-1062,308,-1603,-1603,8,8,0
3221,-1397,260,-1968,-1968,9,9,0
3222,-1323,229,-1838,-1838,9,9,0
3223,-1751,182,-2366,-2366,8,7,0
3224,-2182,115,-2600,-2600,7,7,0
3225,-2140,42,-2600,-2600,5,4,0
3226,-1775,-25,-2600,-2600,3,3,0
3227,-872,-67,-1719,-1719,1,1,0
3228,470,-61,2600,2600,-1,-1,0
3230,1996,33,2600,2600,0,0,0
3231,2333,100,2600,2600,1,2,0
3232,2479,175,2600,2600,4,3,0
3233,2366,263,2600,2600,4,5,0
3234,1026,310,2600,2600,6,5,0
3235,-582,291,1888,1888,8,8,0
3236,-900,259,1556,1556,8,8,0
3238,-1221,211,-1739,-1739,9,8,0
3239,-1639,158,-2243,-2243,8,8,0
3240,-1611,106,-2228,-2228,7,8,0
3241,-1485,59,-2135,-2135,6,5,0
3242,-1384,15,-2096,-2096,4,4,0
3243,-1262,-32,-2050,-2050,3,3,0
3244,-693,-69,1534,1534,2,2,0
3245,538,-62,2600,2600,1,1,0
3246,1508,-17,2600,2600,1,1,0
3247,1745,34,2600,2600,3,1,0
3249,1855,148,2600,2600,5,6,0
3250,1374,205,2600,2600,7,6,0
3251,-239,205,2341,2341,7,7,0
3252,-1193,165,-1753,-1753,9,9,0
3253,-1151,129,-1652,-1652,9,10,0
3254,-1214,102,-1700,-1700,9,8,0
3255,-1755,50,-2365,-2365,8,8,0
3256,-1951,-10,-2600,-2600,7,7,0
3257,-1896,-72,-2600,-2600,5,5,0
3259,-817,-175,-1626,-1626,1,2,0
3260,633,-164,2600,2600,0,-1,0
3261,1600,-118,2600,2600,0,-1,0
3262,1970,-62,2600,2600,1,1,0
3263,2173,1,2600,2600,3,3,0
3264,2273,68,2600,2600,4,4,0
3265,2176,150,2600,2600,4,5,0
3266,865,194,2600,2600,7,6,0
3267,-763,179,1712,1712,7,8,0
3269,-1205,130,-1715,-1715,8,9,0
3270,-1918,78,-2569,-2569,8,8,0
3271,-2345,5,-2600,-2600,6,7,0
3272,-2323,-66,-2600,-2600,4,5,0
3273,-2271,-140,-2600,-2600,3,3,0
3274,-1816,-211,-2600,-2600,1,2,0
3275,-260,-234,1864,1864,-1,-1,0
3276,1098,-205,2600,2600,-1,-2,0
3278,1848,-107,2600,2600,0,1,0
3279,1971,-44,2600,2600,3,3,0
3280,1763,25,2600,2600,3,4,0
3281,580,63,2600,2600,5,7,0
3282,-915,42,-1673,-1673,7,7,0
3283,-1468,-1,-2309,-2309,6,8,0
3284,-1882,-50,-2600,-2600,7,7,0
3285,-2489,-122,-2600,-2600,4,5,0
3286,-2738,-206,-2600,-2600,2,4,0
3287,-2671,-293,-2600,-2600,1,1,0
3288,-1463,-354,-2600,-2600,-1,0,0
3290,867,-339,2600,2600,-4,-4,0
3291,984,-312,2600,2600,-4,-3,0
3292,1167,-285,2600,2600,-1,-2,0
3293,1681,-237,2600,2600,1,2,0
3294,1820,-172,2600,2600,3,2,0
3295,1234,-115,2600,2600,3,3,0
3296,-282,-107,1727,1727,5,5,0
3297,-1596,-157,-2600,-2600,6,7,0
3298,-1949,-218,-2600,-2600,7,6,0
3299,-2039,-272,-2600,-2600,4,5,0
3301,-2410,-398,-2600,-2600,-1,1,0
3302,-2317,-483,-2600,-2600,-2,-1,0
3303,-1496,-544,-2600,-2600,-4,-2,0
3304,-661,-577,-2344,-2344,-6,-3,0
3305,308,-573,1707,1707,-6,-5,0
3306,1190,-539,2600,2600,-8,-6,0
3307,1738,-485,2600,2600,-6,-6,0
3308,1825,-438,2600,2600,-5,-3,0
3309,2061,-378,2600,2600,-2,-1,0
3311,1580,-236,2600,2600,2,2,0
3312,-242,-225,-1635,-1635,2,4,0
3313,-1816,-278,-2600,-2600,4,5,0
3314,-2179,-347,-2600,-2600,3,4,0
3315,-2105,-412,-2600,-2600,1,3,0
3316,-2128,-473,-2600,-2600,0,0,0
3317,-2259,-543,-2600,-2600,-2,-2,0
3318,-2094,-622,-2600,-2600,-3,-2,0
3319,-668,-656,-2577,-2577,-5,-4,0
3320,946,-627,2282,2282,-6,-6,0
3322,1191,-559,2483,2483,-5,-5,0
3323,1731,-510,2600,2600,-4,-2,0
3324,1982,-452,2600,2600,-1,-2,0
3325,1869,-376,2600,2600,1,0,0
3326,563,-338,2109,2109,2,2,0
3327,-1290,-373,-2600,-2600,4,3,0
3328,-2058,-438,-2600,-2600,4,4,0
3329,-2109,-504,-2600,-2600,3,2,0
3330,-2125,-565,-2600,-2600,1,1,0
3331,-2279,-631,-2600,-2600,0,-1,0
3333,-1633,-779,-2600,-2600,-3,-4,0
3334,219,-779,-1712,-1712,-4,-6,0
3335,990,-745,2143,2143,-6,-7,0
3336,876,-725,1958,1958,-5,-6,0
3337,1270,-693,2415,2415,-5,-5,0
3338,1640,-642,2600,2600,-2,-4,0
3339,1595,-592,2600,2600,-2,-2,0
3340,1407,-537,2600,2600,0,0,0
3341,619,-498,1974,1974,2,1,0
3342,-1029,-514,-2600,-2600,4,4,0
3343,-2123,-579,-2600,-2600,3,3,0
3344,-2362,-646,-2600,-2600,2,1,0
3345,-2563,-721,-2600,-2600,-1,0,0
3347,-2292,-895,-2600,-2600,-3,-4,0
3348,-329,-915,-2525,-2525,-4,-4,0
3349,940,-882,1927,1927,-6,-7,0
3350,802,-859,1689,1689,-7,-7,0
3351,899,-844,1740,1740,-7,-7,0
3352,1648,-795,2600,2600,-5,-5,0
3353,1867,-737,2600,2600,-4,-4,0
3354,1730,-680,2600,2600,-2,-3,0
3355,1322,-624,2520,2520,0,0,0
3356,267,-596,-1638,-1638,1,1,0
3357,-1296,-624,-2600,-2600,2,3,0
3358,-2136,-686,-2600,-2600,2,1,0
3360,-2491,-831,-2600,-2600,-2,-1,0
3361,-2568,-917,-2600,-2600,-4,-3,0
3362,-1569,-978,-2600,-2600,-4,-4,0
3363,219,-977,-2072,-2072,-6,-5,0
3364,791,-950,1548,1548,-7,-7,0
3365,609,-938,-1746,-1746,-7,-8,0
3366,954,-918,1613,1613,-8,-7,0
3368,1612,-818,2409,2409,-6,-7,0
3369,1430,-773,2233,2233,-6,-4,0
3370,1266,-733,2123,2123,-2,-3,0
3371,1077,-690,1989,1989,-2,-2,0
3372,461,-655,-1634,-1634,0,0,0
3373,-692,-660,-2600,-2600,0,0,0
3374,-1741,-711,-2600,-2600,0,0,0
3375,-2125,-774,-2600,-2600,-1,-1,0
3376,-2273,-842,-2600,-2600,-3,-3,0
3377,-2366,-923,-2600,-2600,-4,-4,0
3378,-1515,-982,-2600,-2600,-5,-6,0
3379,248,-976,-2229,-2229,-7,-7,0
3380,777,-949,-1665,-1665,-8,-9,0
3381,597,-938,-1953,-1953,-8,-9,0
3383,1603,-867,2190,2190,-9,-9,0
3384,1618,-815,2208,2208,-8,-9,0
3385,1402,-771,1986,1986,-6,-7,0
3386,1296,-732,1913,1913,-5,-6,0
3387,1222,-693,1904,1904,-4,-4,0
3388,1040,-650,1783,1783,-2,-4,0
3389,451,-620,-1828,-1828,-2,-2,0
3390,-550,-627,-2600,-2600,-2,-2,0
3391,-1392,-665,-2600,-2600,-2,-3,0
3392,-1784,-717,-2600,-2600,-4,-3,0
3393,-1957,-779,-2600,-2600,-4,-6,0
3394,-1854,-848,-2600,-2600,-6,-5,0
3396,594,-863,-1976,-1976,-8,-9,0
3397,909,-832,-1653,-1653,-9,-10,0
3398,831,-816,-1812,-1812,-10,-10,0
3399,1312,-784,1737,1737,-9,-10,0
3400,1797,-726,2333,2333,-9,-9,0
3401,1692,-673,2234,2234,-8,-9,0
3402,1509,-625,2067,2067,-7,-7,0
3403,1385,-580,1998,1998,-5,-6,0
3404,1120,-534,1785,1785,-3,-5,0
3405,386,-506,-1989,-1989,-3,-2,0
3406,-726,-519,-2600,-2600,-2,-3,0
3407,-1580,-564,-2600,-2600,-3,-4,0
3408,-1940,-622,-2600,-2600,-4,-4,0
3410,-1889,-761,-2600,-2600,-6,-7,0
3411,-617,-789,-2600,-2600,-8,-8,0
3412,669,-767,-1968,-1968,-9,-10,0
3413,803,-743,-1861,-1861,-10,-10,0
3414,821,-729,-1900,-1900,-10,-11,0
3415,1360,-693,1717,1717,-10,-11,0
3416,1711,-640,2154,2154,-9,-10,0
3417,1647,-588,2097,2097,-9,-10,0
3418,1525,-542,2008,2008,-7,-8,0
3419,1428,-497,1975,1975,-6,-6,0
3421,672,-411,-1730,-1730,-3,-4,0
3422,-468,-415,-2600,-2600,-3,-3,0
3423,-1381,-454,-2600,-2600,-4,-4,0
3424,-1735,-505,-2600,-2600,-4,-5,0
3425,-1920,-561,-2600,-2600,-7,-7,0
3426,-1971,-634,-2600,-2600,-7,-7,0
3428,623,-653,-2055,-2055,-9,-10,0
3429,896,-623,-1784,-1784,-11,-11,0
3430,837,-607,-1901,-1901,-10,-11,0
3431,1259,-576,1571,1571,-11,-11,0
3432,1635,-524,2027,2027,-10,-11,0
3433,1611,-473,1999,1999,-10,-12,0
3434,1505,-426,1935,1935,-8,-8,0
3435,1385,-385,1845,1845,-8,-8,0
3436,1294,-343,1826,1826,-5,-7,0
3438,230,-274,-2268,-2268,-4,-5,0
3439,-944,-300,-2600,-2600,-4,-4,0
3440,-1470,-343,-2600,-2600,-5,-6,0
3441,-1669,-391,-2600,-2600,-5,-6,0
3442,-1882,-450,-2600,-2600,-8,-7,0
3444,-593,-549,-2600,-2600,-9,-10,0
3445,716,-527,-2005,-2005,-10,-10,0
3446,977,-496,-1752,-1752,-12,-12,0
3447,962,-474,-1825,-1825,-11,-13,0
3448,1303,-440,1563,1563,-12,-11,0
3449,1609,-390,1939,1939,-10,-12,0
3450,1603,-340,1947,1947,-11,-11,0
3452,1467,-249,1894,1894,-8,-8,0
3453,1395,-202,1889,1889,-7,-8,0
3454,1002,-158,1529,1529,-5,-6,0
3455,-5,-148,-2600,-2600,-6,-6,0
3456,-967,-175,-2600,-2600,-4,-5,0
3458,-1511,-258,-2600,-2600,-8,-8,0
3459,-1733,-309,-2600,-2600,-8,-9,0
3460,-1745,-376,-2600,-2600,-8,-9,0
3461,-463,-403,-2600,-2600,-10,-11,0
3462,957,-373,-1771,-1771,-11,-12,0
3463,1067,-337,-1677,-1677,-11,-13,0
3465,1211,-290,-1573,-1573,-12,-12,0
3466,1620,-238,1931,1931,-11,-12,0
3467,1481,-192,1768,1768,-12,-12,0
3468,1344,-156,1652,1652,-9,-10,0
3469,1433,-112,1812,1812,-9,-10,0
3470,1360,-69,1803,1803,-8,-8,0
3471,1170,-31,1664,1664,-7,-7,0
3473,30,7,-2562,-2562,-6,-6,0
3474,-676,-10,-2600,-2600,-6,-6,0
3475,-990,-38,-2600,-2600,-7,-7,0
3476,-1196,-71,-2600,-2600,-9,-8,0
3477,-1399,-125,-2600,-2600,-9,-9,0
3478,-850,-167,-2600,-2600,-10,-10,0
3480,1545,-110,1997,1997,-12,-12,0
3481,1540,-67,1974,1974,-12,-12,0
3482,1600,-27,2064,2064,-11,-10,0
3483,1889,28,2477,2477,-9,-9,0
3484,1934,86,2600,2600,-8,-7,0
3485,1860,148,2600,2600,-6,-5,0
3486,1353,204,2202,2202,-4,-4,0
3488,-1330,176,-2600,-2600,0,1,0
3489,-1999,115,-2600,-2600,-3,-1,0
3490,-2257,44,-2600,-2600,-3,-3,0
3491,-2271,-36,-2600,-2600,-5,-4,0
3492,-1998,-108,-2600,-2600,-7,-4,0
3493,-1449,-163,-2600,-2600,-6,-7,0
3494,-362,-185,-2600,-2600,-10,-6,0
3496,1290,-136,1919,1919,-11,-10,0
3497,1592,-95,2271,2271,-10,-8,0
3498,1862,-47,2600,2600,-9,-7,0
3499,2115,15,2600,2600,-7,-5,0
3500,2156,79,2600,2600,-4,-4,0
3501,2085,148,2600,2600,-4,0,0
3503,347,224,-1525,-1525,1,3,0
3504,-703,208,-2600,-2600,1,4,0
3505,-1313,172,-2600,-2600,2,4,0
3506,-1664,124,-2600,-2600,0,2,0
3507,-1927,70,-2600,-2600,-2,1,0
3509,-2272,-70,-2600,-2600,-4,-3,0
3510,-1778,-137,-2600,-2600,-6,-4,0
3511,-395,-162,-2600,-2600,-7,-6,0
3512,765,-149,1624,1624,-8,-6,0
3513,1394,-116,2292,2292,-11,-8,0
3514,1834,-68,2600,2600,-9,-7,0
3515,2182,-6,2600,2600,-7,-5,0
3517,2460,143,2600,2600,-4,-1,0
3518,2252,221,2600,2600,-1,1,0
3519,1411,274,2600,2600,1,2,0
3520,175,288,1505,1505,1,5,0
3521,-810,269,-2553,-2553,4,6,0
3523,-1762,185,-2600,-2600,1,3,0
3524,-2219,123,-2600,-2600,0,2,0
3525,-2461,48,-2600,-2600,-3,-1,0
3526,-2463,-36,-2600,-2600,-4,-2,0
3527,-1635,-100,-2600,-2600,-5,-3,0
3529,913,-97,1953,1953,-8,-6,0
3530,1421,-62,2508,2508,-8,-6,0
3531,1762,-18,2600,2600,-7,-5,0
3532,2152,45,2600,2600,-5,-3,0
3533,2266,112,2600,2600,-3,-1,0
3534,2229,189,2600,2600,0,1,0
3535,1734,251,2600,2600,0,1,0
3537,-642,269,-2320,-2320,4,5,0
3538,-1375,230,-2600,-2600,4,5,0
3539,-1685,185,-2600,-2600,2,3,0
3540,-2086,126,-2600,-2600,1,2,0
3542,-2348,-25,-2600,-2600,-3,-2,0
3543,-1741,-92,-2600,-2600,-4,-4,0
3544,-333,-116,-2426,-2426,-5,-5,0
3545,938,-97,2014,2014,-7,-6,0
3546,1582,-58,2600,2600,-8,-7,0
3548,2377,62,2600,2600,-4,-3,0
3549,2501,136,2600,2600,-2,-1,0
3550,2469,222,2600,2600,0,1,0
3551,1834,288,2600,2600,1,3,0
3552,633,318,2179,2179,2,4,0
3553,-605,308,-2215,-2215,4,4,0
3555,-1834,224,-2600,-2600,3,3,0
3556,-2325,154,-2600,-2600,1,2,0
3557,-2457,78,-2600,-2600,-1,0,0
3558,-2367,-6,-2600,-2600,-1,-2,0
3560,-437,-96,-2473,-2473,-5,-5,0
3561,719,-84,1822,1822,-7,-5,0
3562,1394,-51,2577,2577,-6,-6,0
3563,1878,-3,2600,2600,-5,-5,0
3565,2465,138,2600,2600,-1,-1,0
3566,2422,221,2600,2600,0,1,0
3567,1833,288,2600,2600,2,3,0
3568,575,316,2162,2162,3,4,0
3569,-651,303,-2189,-2189,6,6,0
3570,-1321,268,-2600,-2600,4,5,0
3572,-2052,164,-2600,-2600,1,1,0
3573,-2188,97,-2600,-2600,0,0,0
3574,-2153,22,-2600,-2600,-1,-2,0
3575,-1589,-39,-2600,-2600,-3,-4,0
3577,813,-45,1982,1982,-7,-7,0
3578,1394,-11,2600,2600,-6,-7,0
3579,1832,33,2600,2600,-6,-5,0
3580,2407,99,2600,2600,-3,-4,0
3581,2736,179,2600,2600,-2,-3,0
3583,2331,349,2600,2600,1,3,0
3584,1205,397,2600,2600,3,3,0
3585,-1,405,1607,1607,4,4,0
3586,-747,387,-2182,-2182,7,5,0
3587,-1202,358,-2600,-2600,5,6,0
3588,-1746,313,-2600,-2600,5,5,0
3590,-2442,169,-2600,-2600,1,1,0
3591,-2368,85,-2600,-2600,-1,-1,0
3592,-1573,23,-2600,-2600,-3,-4,0
3593,-228,5,-2040,-2040,-4,-4,0
3595,1496,59,2600,2600,-6,-6,0
3596,1942,107,2600,2600,-5,-4,0
3597,2496,179,2600,2600,-2,-2,0
3598,2660,259,2600,2600,-1,-1,0
3600,1898,415,2600,2600,2,2,0
3601,747,446,2554,2554,4,4,0
3602,-236,444,-1507,-1507,6,6,0
3603,-788,425,-2106,-2106,5,5,0
3604,-1183,396,-2508,-2508,7,6,0
3606,-2057,287,-2600,-2600,2,2,0
3607,-2108,223,-2600,-2600,1,1,0
3608,-2059,150,-2600,-2600,-1,-1,0
3609,-1427,93,-2600,-2600,-3,-3,0
3610,-104,78,-1781,-1781,-4,-4,0
3612,1606,141,2600,2600,-6,-5,0
3613,1997,193,2600,2600,-4,-3,0
3614,2362,260,2600,2600,-2,-1,0
3616,2465,420,2600,2600,2,2,0
3617,1693,482,2600,2600,2,4,0
3618,415,502,2281,2281,4,5,0
3619,-475,491,-1676,-1676,7,6,0
3620,-866,471,-2074,-2074,6,6,0
3621,-1227,441,-2459,-2459,6,6,0
3623,-2137,324,-2600,-2600,2,3,0
3624,-2142,257,-2600,-2600,0,1,0
3625,-2011,183,-2600,-2600,-1,-1,0
3626,-1098,134,-2600,-2600,-3,-3,0
3627,346,132,1835,1835,-5,-3,0
3628,1368,163,2600,2600,-5,-5,0
3630,2377,274,2600,2600,-3,-1,0
3631,2737,355,2600,2600,0,0,0
3632,2773,444,2600,2600,1,1,0
3633,2407,526,2600,2600,2,3,0
3634,1298,575,2600,2600,4,4,0
3635,92,585,2070,2070,5,5,0
3636,-584,571,-1648,-1648,6,7,0
3638,-1478,511,-2600,-2600,6,5,0
3639,-2055,448,-2600,-2600,4,4,0
3640,-2135,383,-2600,-2600,2,3,0
3641,-2108,310,-2600,-2600,0,0,0
3642,-1667,244,-2600,-2600,-2,0,0
3643,-460,213,-1922,-1922,-3,-3,0
3645,2036,284,2600,2600,-5,-3,0
3646,2620,353,2600,2600,-3,-3,0
3647,3043,441,2600,2600,-2,0,0
3648,3204,538,2600,2600,0,1,0
3649,3081,643,2600,2600,2,3,0
3650,2059,712,2600,2600,2,5,0
3651,917,746,2600,2600,5,7,0
3653,-28,762,2335,2335,7,8,0
3654,-497,753,1875,1875,7,10,0
3655,-1139,722,-1810,-1810,9,10,0
3656,-1554,677,-2254,-2254,9,10,0
3657,-1863,622,-2600,-2600,7,10,0
3658,-2093,556,-2600,-2600,6,8,0
3659,-2049,492,-2600,-2600,4,5,0
3661,-1136,372,-2128,-2128,0,2,0
3662,364,366,2554,2554,-2,0,0
3663,1406,401,2600,2600,-2,-1,0
3664,1855,451,2600,2600,-1,0,0
3665,2286,513,2600,2600,1,2,0
3666,2662,590,2600,2600,2,3,0
3667,2811,682,2600,2600,3,4,0
3668,2052,758,2600,2600,5,6,0
3669,146,766,2600,2600,6,7,0
3670,-605,741,1811,1811,7,8,0
3672,-660,720,1897,1897,8,9,0
3673,-1386,679,-1930,-1930,9,10,0
3674,-1686,622,-2284,-2284,9,9,0
3675,-1482,574,-2054,-2054,7,9,0
3676,-1361,531,-1942,-1942,7,7,0
3677,-1307,489,-1960,-1960,4,5,0
3679,-888,402,-1654,-1654,2,3,0
3680,48,387,2398,2398,2,3,0
3681,1168,418,2600,2600,1,1,0
3682,1680,466,2600,2600,3,4,0
3683,1824,516,2600,2600,4,4,0
3684,2031,579,2600,2600,5,5,0
3685,1838,649,2600,2600,6,7,0
3686,505,674,2600,2600,7,8,0
3687,-737,648,1807,1807,8,9,0
3688,-882,617,1693,1693,10,10,0
3690,-1301,563,-1747,-1747,9,10,0
3691,-1556,511,-2044,-2044,10,10,0
3692,-1408,465,-1888,-1888,9,8,0
3693,-1313,424,-1815,-1815,7,8,0
3694,-1282,381,-1869,-1869,5,5,0
3695,-1093,336,-1728,-1728,4,6,0
3696,-469,309,1952,1952,4,5,0
3698,580,323,2600,2600,4,4,0
3699,1061,350,2600,2600,5,6,0
3700,1418,390,2600,2600,8,7,0
3701,1495,449,2600,2600,8,8,0
3702,564,480,2600,2600,8,9,0
3703,-897,453,1687,1687,10,10,0
3704,-1576,401,-2098,-2098,10,12,0
3705,-1523,351,-2015,-2015,11,11,0
3706,-1395,316,-1876,-1876,9,9,0
3708,-1753,211,-2450,-2450,7,6,0
3709,-1666,151,-2458,-2458,4,6,0
3710,-1152,99,-1977,-1977,3,3,0
3711,192,91,2526,2526,2,1,0
3712,1485,133,2600,2600,1,1,0
3713,2028,191,2600,2600,3,3,0
3714,2206,253,2600,2600,4,5,0
3715,2345,325,2600,2600,7,6,0
3716,2089,405,2600,2600,6,6,0
3717,643,438,2600,2600,7,8,0
3718,-736,413,1776,1776,9,10,0
3720,-861,362,1722,1722,9,10,0
3721,-1312,327,-1795,-1795,10,10,0
3722,-1701,272,-2264,-2264,10,10,0
3723,-1641,219,-2220,-2220,9,9,0
3724,-1570,170,-2191,-2191,7,8,0
3725,-1524,117,-2234,-2234,6,5,0
3726,-1237,67,-1997,-1997,4,5,0
3727,-434,40,1852,1852,2,3,0
3728,743,56,2600,2600,2,2,0
3729,1603,102,2600,2600,2,1,0
3730,1980,159,2600,2600,4,4,0
3732,2253,294,2600,2600,6,7,0
3733,1775,365,2600,2600,7,7,0
3734,159,378,2600,2600,8,8,0
3735,-868,347,1653,1653,9,10,0
3736,-849,320,1744,1744,11,11,0
3737,-887,303,1743,1743,10,10,0
3738,-1425,262,-1869,-1869,11,11,0
3739,-1816,205,-2341,-2341,11,10,0
3741,-1746,93,-2367,-2367,7,8,0
3742,-1663,35,-2387,-2387,5,5,0
3743,-1271,-17,-2030,-2030,4,5,0
3744,-280,-40,2036,2036,2,2,0
3745,1046,-13,2600,2600,2,1,0
3746,1835,38,2600,2600,2,2,0
3747,2177,102,2600,2600,4,3,0
3748,2334,169,2600,2600,5,5,0
3749,2424,249,2600,2600,6,6,0
3750,1688,316,2600,2600,7,7,0
3752,-830,295,1721,1721,10,10,0
3753,-733,272,1899,1899,11,10,0
3754,-783,259,1899,1899,10,11,0
3755,-1452,215,-1904,-1904,10,9,0
3756,-1725,159,-2219,-2219,11,11,0
3757,-1635,107,-2144,-2144,9,9,0
3758,-1530,60,-2090,-2090,7,7,0
3759,-1500,11,-2140,-2140,6,6,0
3760,-1310,-40,-2015,-2015,5,5,0
3761,-562,-72,1768,1768,3,3,0
3763,1501,-14,2600,2600,4,2,0
3764,1740,34,2600,2600,4,5,0
3765,1898,88,2600,2600,6,5,0
3766,2038,159,2600,2600,7,7,0
3767,1323,216,2600,2600,7,8,0
3768,-347,211,2287,2287,9,9,0
3769,-1084,173,-1549,-1549,11,10,0
3771,-1151,118,-1558,-1558,9,11,0
3772,-1616,68,-2120,-2120,11,9,0
3773,-1766,12,-2335,-2335,9,9,0
3774,-1698,-41,-2319,-2319,7,8,0
3775,-1612,-94,-2307,-2307,6,6,0
3776,-1392,-148,-2168,-2168,4,4,0
3777,-576,-179,1700,1700,3,3,0
3778,797,-161,2600,2600,2,1,0
3779,1641,-113,2600,2600,2,2,0
3780,1868,-60,2600,2600,4,4,0
3781,2016,-5,2600,2600,5,5,0
3782,2204,70,2600,2600,7,6,0
3784,-224,135,2381,2381,9,9,0
3785,-977,101,1508,1508,9,9,0
3786,-899,76,1670,1670,11,11,0
3787,-1083,52,-1534,-1534,9,9,0
3788,-1646,1,-2185,-2185,11,11,0
3789,-1775,-54,-2380,-2380,9,8,0
3790,-1722,-107,-2375,-2375,7,8,0
3791,-1683,-161,-2426,-2426,6,5,0
3792,-1488,-219,-2316,-2316,4,4,0
3793,-646,-253,1565,1565,2,2,0
3794,792,-235,2600,2600,1,1,0
3795,1705,-185,2600,2600,1,0,0
3797,2164,-63,2600,2600,4,4,0
3798,2230,1,2600,2600,5,4,0
3799,2130,79,2600,2600,7,7,0
3800,923,124,2600,2600,7,6,0
3801,-651,107,1836,1836,8,9,0
3802,-1015,72,-1552,-1552,10,9,0
3803,-895,50,1642,1642,10,9,0
3804,-1257,19,-1782,-1782,9,8,0
3805,-1663,-33,-2265,-2265,9,10,0
3807,-1612,-136,-2310,-2310,7,5,0
3808,-1558,-190,-2337,-2337,5,5,0
3809,-1219,-241,-2052,-2052,3,3,0
3810,-233,-260,2042,2042,3,2,0
3811,1012,-232,2600,2600,1,1,0
3812,1614,-182,2600,2600,1,1,0
3813,1741,-135,2600,2600,3,3,0
3814,1927,-79,2600,2600,5,4,0
3815,1996,-14,2600,2600,6,5,0
3816,1570,51,2600,2600,6,7,0
3817,-82,60,2498,2498,8,8,0
3818,-1168,21,-1754,-1754,10,9,0
3819,-1232,-16,-1793,-1793,9,10,0
3820,-1294,-47,-1813,-1813,11,10,0
3822,-2089,-162,-2600,-2600,6,6,0
3823,-2068,-231,-2600,-2600,6,5,0
3824,-1760,-299,-2600,-2600,4,4,0
3825,-636,-332,1522,1522,1,1,0
3826,863,-310,2600,2600,0,0,0
3827,1571,-265,2600,2600,1,0,0
3828,1796,-215,2600,2600,2,2,0
3829,1963,-158,2600,2600,4,3,0
3830,2008,-94,2600,2600,5,5,0
3831,1634,-25,2600,2600,7,6,0
3832,68,-10,2594,2594,6,8,0
3833,-1150,-47,-1823,-1823,9,8,0
3835,-1260,-117,-1910,-1910,8,7,0
3836,-1753,-167,-2530,-2530,7,7,0
3837,-2009,-228,-2600,-2600,6,6,0
3838,-2020,-300,-2600,-2600,4,3,0
3839,-1446,-359,-2461,-2461,2,3,0
3840,81,-366,2262,2262,0,0,0
3841,1278,-327,2600,2600,-2,-2,0
3842,1550,-287,2600,2600,0,-1,0
3843,2022,-233,2600,2600,2,2,0
3844,2395,-162,2600,2600,3,3,0
3845,2385,-74,2600,2600,5,5,0
3846,1421,-11,2600,2600,6,6,0
3848,-1200,-62,-1939,-1939,8,7,0
3849,-1180,-96,-1879,-1879,8,8,0
3850,-1302,-126,-2025,-2025,6,7,0
3851,-1524,-162,-2310,-2310,6,6,0
3852,-1530,-204,-2384,-2384,3,5,0
3853,-1443,-266,-2400,-2400,1,3,0
3854,-888,-304,-1852,-1852,0,1,0
3855,-476,-327,1512,1512,-3,0,0
3856,213,-329,2246,2246,-3,0,0
3857,936,-301,2600,2600,-2,0,0
3858,1084,-267,2600,2600,-1,1,0
3859,1008,-238,2600,2600,1,3,0
3860,986,-204,2600,2600,3,5,0
3861,708,-165,2600,2600,4,5,0
3863,-1665,-205,-2600,-2600,6,8,0
3864,-2022,-257,-2600,-2600,5,8,0
3865,-2449,-321,-2600,-2600,4,7,0
3866,-2872,-401,-2600,-2600,1,4,0
3867,-2922,-504,-2600,-2600,-1,3,0
3868,-2314,-590,-2600,-2600,-3,1,0
3869,-1378,-643,-2600,-2600,-4,0,0
3870,-519,-662,-2105,-2105,-6,-3,0
3871,-87,-669,-1712,-1712,-6,-4,0
3872,628,-655,2048,2048,-7,-4,0
3873,1478,-616,2600,2600,-8,-5,0
3874,1749,-564,2600,2600,-5,-4,0
3875,1768,-511,2600,2600,-4,-1,0
3876,1713,-460,2600,2600,-2,0,0
3877,1504,-401,2600,2600,0,2,0
3879,-1513,-410,-2600,-2600,4,5,0
3880,-2232,-481,-2600,-2600,4,5,0
3881,-2278,-551,-2600,-2600,2,3,0
3882,-2388,-621,-2600,-2600,0,2,0
3883,-2550,-697,-2600,-2600,-1,0,0
3884,-2608,-788,-2600,-2600,-4,-2,0
3885,-1650,-852,-2600,-2600,-4,-2,0
3886,141,-852,-1762,-1762,-5,-5,0
3887,838,-824,1993,1993,-7,-6,0
3888,771,-809,1835,1835,-7,-6,0
3889,1207,-778,2340,2340,-5,-5,0
3890,1573,-731,2600,2600,-5,-3,0
3891,1545,-683,2600,2600,-3,-2,0
3893,918,-587,2271,2271,1,0,0
3894,-311,-578,-2120,-2120,1,2,0
3895,-1622,-624,-2600,-2600,3,3,0
3896,-2217,-691,-2600,-2600,3,1,0
3897,-2397,-763,-2600,-2600,0,0,0
3898,-2548,-839,-2600,-2600,-2,-3,0
3899,-2549,-928,-2600,-2600,-2,-3,0
3900,-1240,-979,-2600,-2600,-4,-5,0
3901,428,-967,-1678,-1678,-5,-6,0
3902,694,-943,1565,1565,-6,-8,0
3903,636,-934,-1587,-1587,-7,-8,0
3904,1274,-901,2151,2151,-6,-7,0
3905,1689,-848,2600,2600,-5,-6,0
3907,1349,-755,2382,2382,-2,-2,0
3908,1058,-709,2135,2135,0,-2,0
3909,175,-682,-1819,-1819,1,0,0
3910,-1307,-709,-2600,-2600,2,1,0
3911,-2231,-778,-2600,-2600,2,0,0
3912,-2396,-848,-2600,-2600,-1,-2,0
3913,-2549,-926,-2600,-2600,-1,-3,0
3914,-2530,-1014,-2600,-2600,-2,-4,0
3915,-1318,-1066,-2600,-2600,-4,-6,0
3917,426,-1042,-1973,-1973,-7,-8,0
3918,394,-1040,-2097,-2097,-8,-8,0
3919,1007,-1016,1587,1587,-7,-9,0
3920,1432,-970,2069,2069,-7,-10,0
3921,1319,-928,1930,1930,-7,-8,0
3922,1206,-890,1824,1824,-5,-7,0
3923,1138,-855,1780,1780,-5,-6,0
3924,996,-823,1683,1683,-3,-4,0
3925,817,-791,1534,1534,-3,-4,0
3926,334,-766,-1990,-1990,-3,-4,0
3927,-568,-773,-2600,-2600,-2,-4,0
3928,-1280,-809,-2600,-2600,-3,-4,0
3930,-1692,-915,-2600,-2600,-6,-7,0
3931,-1166,-963,-2600,-2600,-6,-7,0
3932,246,-957,-2393,-2393,-8,-9,0
3933,964,-925,-1591,-1591,-9,-11,0
3934,885,-903,-1742,-1742,-10,-10,0
3935,1152,-879,1536,1536,-9,-11,0
3936,1758,-824,2250,2250,-10,-11,0
3937,1778,-767,2301,2301,-9,-9,0
3938,1573,-717,2090,2090,-8,-9,0
3939,1404,-674,1967,1967,-5,-7,0
3940,1260,-628,1909,1909,-4,-4,0
3941,768,-589,-1585,-1585,-3,-5,0
3942,-148,-580,-2600,-2600,-3,-3,0
3944,-1738,-660,-2600,-2600,-4,-4,0
3945,-1965,-720,-2600,-2600,-6,-6,0
3946,-2058,-793,-2600,-2600,-6,-7,0
3947,-1412,-850,-2600,-2600,-7,-7,0
3948,141,-849,-2569,-2569,-8,-10,0
3949,942,-819,-1657,-1657,-9,-11,0
3950,929,-791,-1730,-1730,-11,-11,0
3951,952,-775,-1751,-1751,-10,-11,0
3952,1641,-731,2064,2064,-10,-11,0
3953,1940,-671,2425,2425,-11,-11,0
3954,1818,-614,2314,2314,-9,-10,0
3955,1636,-564,2167,2167,-7,-8,0
3957,1163,-466,1838,1838,-4,-5,0
3958,334,-439,-2034,-2034,-2,-3,0
3959,-846,-459,-2600,-2600,-2,-3,0
3960,-1626,-511,-2600,-2600,-2,-3,0
3961,-1862,-570,-2600,-2600,-5,-5,0
3962,-1926,-631,-2600,-2600,-6,-6,0
3963,-1917,-701,-2600,-2600,-6,-7,0
3965,846,-721,-1706,-1706,-9,-11,0
3966,1316,-681,1825,1825,-10,-10,0
3967,1225,-652,1682,1682,-9,-11,0
3968,1558,-615,2085,2085,-9,-9,0
3969,2006,-557,2600,2600,-7,-8,0
3970,2060,-496,2600,2600,-7,-7,0
3971,1961,-428,2600,2600,-4,-5,0
3972,1429,-369,2324,2324,-2,-3,0
3973,306,-344,-1906,-1906,-1,-2,0
3974,-1083,-375,-2600,-2600,2,-1,0
3976,-2008,-493,-2600,-2600,-2,-3,0
3977,-2066,-558,-2600,-2600,-4,-4,0
3978,-2045,-630,-2600,-2600,-4,-5,0
3979,-1326,-685,-2600,-2600,-6,-7,0
3980,437,-681,-1996,-1996,-7,-8,0
3981,1371,-639,2088,2088,-8,-9,0
3982,1379,-603,2048,2048,-9,-10,0
3983,1554,-567,2281,2281,-6,-7,0
3984,2038,-507,2600,2600,-5,-6,0
3985,2099,-441,2600,2600,-4,-5,0
3986,1868,-369,2600,2600,-2,-3,0
3988,-799,-338,-2600,-2600,1,1,0
3989,-1742,-390,-2600,-2600,2,2,0
3990,-2035,-448,-2600,-2600,0,0,0
3991,-2286,-518,-2600,-2600,-2,-1,0
3992,-2420,-594,-2600,-2600,-3,-4,0
3993,-2297,-678,-2600,-2600,-4,-4,0
3994,-998,-723,-2600,-2600,-6,-7,0
3995,718,-703,-1582,-1582,-6,-7,0
3996,1134,-666,1875,1875,-7,-8,0
3998,1453,-605,2207,2207,-7,-6,0
3999,1772,-551,2600,2600,-5,-7,0
4000,1700,-496,2600,2600,-4,-4,0
4001,1453,-442,2415,2415,-2,-3,0
4002,918,-396,1888,1888,-1,-1,0
4003,-292,-388,-2456,-2456,1,1,0
4004,-1546,-431,-2600,-2600,2,1,0
4006,-2366,-565,-2600,-2600,-1,-1,0
4007,-2545,-641,-2600,-2600,-3,-2,0
4008,-2619,-729,-2600,-2600,-3,-4,0
4009,-2021,-805,-2600,-2600,-5,-5,0
4010,-265,-822,-2600,-2600,-7,-7,0
4011,759,-796,-1692,-1692,-7,-8,0
4013,838,-762,-1752,-1752,-9,-9,0
4014,1479,-721,1972,1972,-9,-10,0
4015,1834,-663,2414,2414,-8,-8,0
4016,1705,-610,2275,2275,-8,-8,0
4017,1567,-562,2154,2154,-6,-7,0
4018,1485,-516,2149,2149,-4,-4,0
4019,1305,-463,2054,2054,-2,-3,0
4021,-1088,-452,-2600,-2600,-1,0,0
4022,-1869,-510,-2600,-2600,-1,-1,0
4023,-2021,-572,-2600,-2600,-3,-3,0
4024,-2110,-636,-2600,-2600,-4,-4,0
4025,-2189,-712,-2600,-2600,-6,-6,0
4027,143,-781,-2583,-2583,-8,-8,0
4028,1172,-746,1600,1600,-9,-9,0
4029,1156,-711,1513,1513,-10,-11,0
4030,1145,-689,-1534,-1534,-9,-9,0
4031,1781,-640,2247,2247,-8,-8,0
4032,2133,-578,2600,2600,-8,-9,0
4033,2076,-513,2600,2600,-7,-7,0
4034,1897,-454,2572,2572,-5,-5,0
4036,803,-349,1522,1522,-1,-2,0
4037,-526,-356,-2600,-2600,0,0,0
4038,-1451,-403,-2600,-2600,0,0,0
4039,-1777,-459,-2600,-2600,-1,-1,0
4040,-1917,-520,-2600,-2600,-3,-4,0
4041,-1969,-584,-2600,-2600,-4,-5,0
4043,-284,-675,-2600,-2600,-7,-7,0
4044,1298,-639,1871,1871,-8,-9,0
4045,1613,-591,2213,2213,-9,-9,0
4046,1583,-554,2173,2173,-7,-8,0
4047,2114,-493,2600,2600,-6,-6,0
4048,2316,-424,2600,2600,-4,-5,0
4049,2221,-344,2600,2600,-2,-3,0
4051,21,-264,-2152,-2152,1,0,0
4052,-1277,-302,-2600,-2600,2,2,0
4053,-1830,-360,-2600,-2600,1,1,0
4054,-1997,-422,-2600,-2600,-1,-2,0
4055,-2085,-486,-2600,-2600,-3,-3,0
4057,-1139,-611,-2600,-2600,-5,-6,0
4058,703,-597,-1650,-1650,-6,-7,0
4059,1487,-551,2245,2245,-8,-8,0
4060,1397,-517,2112,2112,-6,-8,0
4061,1672,-473,2445,2445,-7,-6,0
4063,2050,-350,2600,2600,-1,-4,0
4064,1873,-278,2600,2600,-1,0,0
4065,908,-230,1991,1991,2,0,0
4066,-783,-245,-2600,-2600,3,4,0
4067,-1902,-303,-2600,-2600,2,3,0
4068,-2335,-374,-2600,-2600,1,1,0
4069,-2510,-452,-2600,-2600,-1,-1,0
4070,-2546,-536,-2600,-2600,-2,-3,0
4072,-388,-639,-2600,-2600,-6,-5,0
4073,1114,-607,1890,1890,-6,-7,0
4074,1259,-569,2006,2006,-7,-8,0
4075,1273,-543,1988,1988,-7,-6,0
4077,2355,-417,2600,2600,-4,-4,0
4078,2302,-339,2600,2600,-2,-2,0
4079,1721,-268,2600,2600,-1,-1,0
4080,338,-241,-1667,-1667,2,2,0
4081,-1034,-270,-2600,-2600,3,4,0
4082,-1692,-322,-2600,-2600,3,3,0
4084,-2481,-454,-2600,-2600,-2,-1,0
4085,-2569,-540,-2600,-2600,-3,-3,0
4086,-2002,-618,-2600,-2600,-3,-3,0
4087,76,-627,-2282,-2282,-5,-5,0
4088,1380,-584,2231,2231,-6,-7,0
4090,1277,-515,2024,2024,-6,-6,0
4091,1955,-464,2600,2600,-5,-5,0
4092,2382,-394,2600,2600,-3,-3,0
4093,2330,-318,2600,2600,-1,-3,0
4095,174,-222,-1822,-1822,1,3,0
4096,-1194,-259,-2600,-2600,3,2,0
4097,-1557,-305,-2600,-2600,2,2,0
4098,-1784,-359,-2600,-2600,0,0,0
4099,-1920,-417,-2600,-2600,-2,-1,0
4100,-1970,-485,-2600,-2600,-3,-4,0
4102,454,-543,-1825,-1825,-5,-6,0
4103,1670,-491,2581,2581,-7,-8,0
4104,1646,-442,2512,2512,-8,-7,0
4105,1678,-404,2572,2572,-4,-5,0
4106,2280,-337,2600,2600,-3,-2,0
4108,2118,-177,2600,2600,1,1,0
4109,653,-136,1867,1867,3,3,0
4110,-1225,-167,-2600,-2600,3,4,0
4111,-2086,-231,-2600,-2600,4,4,0
4113,-2278,-375,-2600,-2600,1,0,0
4114,-2303,-446,-2600,-2600,-2,-1,0
4115,-2302,-529,-2600,-2600,-2,-2,0
4116,-1368,-587,-2600,-2600,-4,-4,0
4117,626,-577,-1563,-1563,-5,-6,0
4118,1500,-529,2442,2442,-6,-6,0
4119,1339,-494,2196,2196,-7,-6,0
4121,2142,-393,2600,2600,-2,-3,0
4122,2202,-325,2600,2600,-2,-2,0
4123,2022,-248,2600,2600,1,0,0
4124,866,-201,2061,2061,2,2,0
4126,-1569,-270,-2600,-2600,4,3,0
4127,-1737,-323,-2600,-2600,1,2,0
4128,-1840,-379,-2600,-2600,0,-1,0
4129,-1917,-440,-2600,-2600,-2,-3,0
4130,-1816,-511,-2600,-2600,-3,-4,0
4131,-500,-541,-2600,-2600,-4,-5,0
4133,1846,-446,2600,2600,-7,-7,0
4134,1712,-403,2600,2600,-5,-6,0
4135,2159,-344,2600,2600,-3,-4,0
4136,2523,-269,2600,2600,-1,-2,0
4137,2454,-181,2600,2600,0,-1,0
4138,1540,-113,2600,2600,1,2,0
4140,-1541,-158,-2600,-2600,4,5,0
4141,-1756,-214,-2600,-2600,4,4,0
4142,-1828,-263,-2600,-2600,2,2,0
4143,-2183,-329,-2600,-2600,0,-1,0
4144,-2311,-405,-2600,-2600,-2,-2,0
4146,-298,-506,-2563,-2563,-4,-5,0
4147,1318,-466,2314,2314,-6,-6,0
4148,1542,-417,2525,2525,-6,-8,0
4149,1477,-381,2412,2412,-6,-6,0
4150,2102,-329,2600,2600,-4,-4,0
4151,2692,-248,2600,2600,-2,-3,0
4152,2647,-156,2600,2600,0,-1,0
4154,-123,-66,-1972,-1972,3,4,0
4155,-1560,-113,-2600,-2600,4,4,0
4156,-1889,-173,-2600,-2600,4,4,0
4157,-1930,-232,-2600,-2600,1,1,0
4159,-2072,-361,-2600,-2600,-2,-2,0
4160,-1769,-431,-2600,-2600,-4,-3,0
4161,-151,-450,-2366,-2366,-4,-4,0
4162,1327,-408,2350,2350,-6,-6,0
4163,1406,-367,2392,2392,-7,-6,0
4164,1520,-333,2523,2523,-4,-5,0
4166,2407,-195,2600,2600,-1,0,0
4167,2233,-110,2600,2600,0,0,0
4168,958,-60,2308,2308,3,3,0
4169,-823,-73,-2600,-2600,3,5,0
4170,-1789,-130,-2600,-2600,5,5,0
4171,-1984,-193,-2600,-2600,3,4,0
4173,-2339,-327,-2600,-2600,-1,0,0
4174,-2360,-411,-2600,-2600,-1,-2,0
4175,-1623,-477,-2600,-2600,-2,-3,0
4176,307,-478,-1799,-1799,-5,-4,0
4178,1300,-402,2291,2291,-5,-5,0
4179,1597,-362,2600,2600,-4,-5,0
4180,2076,-301,2600,2600,-2,-3,0
4181,2095,-237,2600,2600,0,-1,0
4182,1933,-164,2600,2600,1,0,0
4183,999,-113,2321,2321,2,2,0
4185,-1677,-178,-2600,-2600,5,4,0
4186,-1745,-232,-2600,-2600,2,1,0
4187,-1778,-285,-2600,-2600,0,1,0
4188,-1899,-343,-2600,-2600,-1,-2,0
4189,-1892,-416,-2600,-2600,-4,-3,0
4190,-729,-454,-2600,-2600,-4,-4,0
4192,1804,-363,2600,2600,-7,-7,0
4193,1579,-324,2581,2581,-6,-5,0
4194,1987,-273,2600,2600,-3,-4,0
4195,2491,-199,2600,2600,-1,0,0
4196,2422,-111,2600,2600,0,0,0
4197,1479,-44,2600,2600,3,3,0
4199,-1782,-96,-2600,-2600,5,5,0
4200,-2094,-160,-2600,-2600,2,3,0
4201,-2208,-227,-2600,-2600,0,1,0
4202,-2315,-297,-2600,-2600,0,0,0
4203,-2275,-381,-2600,-2600,-1,-3,0
4204,-1104,-431,-2600,-2600,-3,-4,0
4205,722,-414,1685,1685,-5,-5,0
4207,1049,-352,1977,1977,-6,-5,0
4208,1680,-308,2600,2600,-2,-4,0
4209,2137,-244,2600,2600,-2,-2,0
4210,2052,-174,2600,2600,0,0,0
4211,1449,-110,2600,2600,2,1,0
4212,-185,-97,-2064,-2064,2,3,0
4214,-1992,-211,-2600,-2600,4,4,0
4215,-2040,-267,-2600,-2600,3,3,0
4216,-2411,-338,-2600,-2600,-1,0,0
4217,-2576,-423,-2600,-2600,-3,-2,0
4218,-2177,-506,-2600,-2600,-3,-3,0
4219,-267,-527,-2597,-2597,-5,-5,0
4221,1293,-449,2146,2146,-7,-7,0
4222,1288,-422,2088,2088,-7,-6,0
4223,2072,-366,2600,2600,-4,-5,0
4224,2504,-290,2600,2600,-4,-3,0
4225,2385,-206,2600,2600,-1,-2,0
4226,1686,-134,2600,2600,0,1,0
4228,-1250,-151,-2600,-2600,4,4,0
4229,-1727,-201,-2600,-2600,1,2,0
4230,-2009,-260,-2600,-2600,2,1,0
4231,-2220,-324,-2600,-2600,-2,-1,0
4232,-2391,-405,-2600,-2600,-1,-3,0
4233,-1818,-476,-2600,-2600,-3,-4,0
4235,1064,-450,1860,1860,-7,-7,0
4236,907,-424,1617,1617,-6,-7,0
4237,1082,-403,1780,1780,-6,-7,0
4238,1845,-348,2600,2600,-4,-5,0
4239,1940,-288,2600,2600,-4,-5,0
4240,1762,-230,2600,2600,-2,-3,0
4242,319,-148,-1749,-1749,2,2,0
4243,-1050,-171,-2600,-2600,2,2,0
4244,-1827,-224,-2600,-2600,2,2,0
4245,-2194,-288,-2600,-2600,0,1,0
4246,-2429,-359,-2600,-2600,-2,-1,0
4247,-2593,-445,-2600,-2600,-3,-3,0
4249,-276,-542,-2600,-2600,-5,-6,0
4250,806,-516,-1592,-1592,-7,-7,0
4251,764,-497,-1714,-1714,-8,-7,0
4252,939,-481,-1586,-1586,-9,-8,0
4253,1775,-432,2403,2403,-7,-8,0
4255,1942,-310,2600,2600,-6,-6,0
4256,1832,-254,2600,2600,-3,-4,0
4257,1663,-193,2542,2542,-2,-1,0
4258,932,-146,1796,1796,0,0,0
4259,-567,-151,-2600,-2600,1,1,0
4260,-1687,-207,-2600,-2600,2,1,0
4261,-1947,-266,-2600,-2600,0,0,0
4262,-2092,-332,-2600,-2600,-2,-2,0
4264,-1874,-472,-2600,-2600,-5,-5,0
4265,-400,-499,-2600,-2600,-6,-6,0
4266,1144,-468,1726,1726,-7,-8,0
4267,1371,-427,1953,1953,-8,-8,0
4268,1302,-399,1844,1844,-6,-8,0
4270,2397,-280,2600,2600,-4,-6,0
4271,2402,-205,2600,2600,-3,-3,0
4272,2048,-125,2600,2600,-1,-1,0
4273,636,-88,1516,1516,1,0,0
4274,-898,-115,-2600,-2600,3,3,0
4275,-1536,-160,-2600,-2600,3,1,0
4276,-1873,-217,-2600,-2600,1,1,0
4278,-2060,-349,-2600,-2600,-3,-2,0
4279,-1778,-418,-2600,-2600,-3,-4,0
4280,-353,-444,-2600,-2600,-5,-6,0
4281,1237,-411,1974,1974,-6,-6,0
4282,1565,-365,2321,2321,-7,-8,0
4284,2079,-269,2600,2600,-4,-4,0
4285,2251,-203,2600,2600,-2,-2,0
4286,2180,-124,2600,2600,0,-1,0
4287,1362,-62,2528,2528,2,2,0
4288,-347,-60,-2436,-2436,2,2,0
4289,-1485,-108,-2600,-2600,5,3,0
4290,-1736,-159,-2600,-2600,3,3,0
4292,-2162,-288,-2600,-2600,0,-1,0
4293,-2099,-366,-2600,-2600,-2,-3,0
4294,-1102,-416,-2600,-2600,-3,-4,0
4295,763,-401,1560,1560,-5,-5,0
4296,1509,-354,2402,2402,-6,-7,0
4297,1449,-319,2301,2301,-5,-6,0
4299,2421,-200,2600,2600,-3,-2,0
4300,2421,-122,2600,2600,0,-2,0
4301,2023,-40,2600,2600,2,2,0
4302,376,-10,-1502,-1502,2,2,0
4303,-1251,-47,-2600,-2600,5,4,0
4304,-1768,-103,-2600,-2600,3,4,0
4305,-1868,-160,-2600,-2600,3,3,0
4307,-2030,-283,-2600,-2600,-1,-1,0
4308,-1875,-355,-2600,-2600,-3,-3,0
4309,-483,-386,-2600,-2600,-4,-4,0
4310,1198,-352,2126,2126,-6,-5,0
4311,1532,-306,2472,2472,-6,-7,0
4313,2130,-209,2600,2600,-4,-3,0
4314,2310,-138,2600,2600,-1,-1,0
4315,2147,-57,2600,2600,1,0,0
4316,1158,-2,2426,2426,1,3,0
4317,-718,-13,-2600,-2600,4,4,0
4318,-1762,-68,-2600,-2600,5,5,0
4319,-1965,-130,-2600,-2600,3,4,0
4320,-2049,-187,-2600,-2600,2,1,0
4322,-2488,-343,-2600,-2600,-2,-2,0
4323,-1699,-412,-2600,-2600,-3,-3,0
4324,361,-410,-1872,-1872,-5,-5,0
4325,1370,-366,2281,2281,-6,-6,0
4326,1233,-334,2073,2073,-5,-6,0
4328,1939,-243,2600,2600,-3,-3,0
4329,1947,-182,2600,2600,-1,-2,0
4330,1723,-116,2600,2600,0,0,0
4331,868,-70,1998,1998,2,3,0
4332,-855,-85,-2600,-2600,3,3,0
4333,-1921,-144,-2600,-2600,4,4,0
4334,-2124,-209,-2600,-2600,1,2,0
4336,-2391,-352,-2600,-2600,-1,-1,0
4337,-2108,-431,-2600,-2600,-4,-4,0
4338,-274,-453,-2600,-2600,-4,-4,0
4339,1192,-414,1973,1973,-6,-7,0
4340,1153,-381,1849,1849,-8,-7,0
4341,1198,-358,1873,1873,-5,-6,0
4343,2220,-236,2600,2600,-4,-4,0
4344,2091,-166,2600,2600,-2,-2,0
4345,1608,-101,2600,2600,0,0,0
4346,279,-74,-1804,-1804,3,2,0
4347,-1098,-101,-2600,-2600,3,3,0
4348,-1811,-154,-2600,-2600,1,2,0
4349,-2132,-220,-2600,-2600,1,0,0
4350,-2259,-289,-2600,-2600,-1,-1,0
4352,-1412,-429,-2600,-2600,-3,-3,0
4353,447,-422,-1936,-1936,-5,-6,0
4354,1046,-389,1732,1732,-6,-6,0
4355,1010,-368,1621,1621,-7,-7,0
4356,1545,-331,2224,2224,-7,-7,0
4357,2046,-269,2600,2600,-5,-5,0
4358,1983,-209,2600,2600,-4,-5,0
4360,1642,-92,2600,2600,0,-1,0
4361,910,-47,1882,1882,2,0,0
4362,-580,-56,-2600,-2600,3,2,0
4363,-1550,-104,-2600,-2600,3,2,0
4364,-1860,-163,-2600,-2600,3,2,0
4366,-2052,-286,-2600,-2600,-3,-3,0
4367,-1934,-360,-2600,-2600,-3,-3,0
4368,-507,-390,-2600,-2600,-5,-6,0
4369,1142,-357,1873,1873,-5,-6,0
4370,1495,-313,2238,2238,-7,-8,0
4371,1511,-280,2234,2234,-6,-6,0
4373,2312,-152,2600,2600,-3,-3,0
4374,2131,-78,2600,2600,-1,-2,0
4375,1499,-16,2588,2588,1,0,0
4376,305,5,-1751,-1751,1,1,0
4377,-920,-21,-2600,-2600,4,3,0
4378,-1431,-67,-2600,-2600,3,2,0
4380,-1866,-167,-2600,-2600,0,-1,0
4381,-2005,-236,-2600,-2600,-1,-3,0
4382,-1541,-300,-2600,-2600,-3,-4,0
4383,188,-305,-2137,-2137,-4,-5,0
4384,1313,-263,2166,2166,-5,-7,0
4385,1271,-231,2072,2072,-5,-7,0
4386,1621,-193,2467,2467,-6,-6,0
4388,2205,-62,2600,2600,-1,-3,0
4389,2028,4,2600,2600,0,-1,0
4390,1457,66,2600,2600,2,1,0
4391,24,82,-1915,-1915,4,3,0
4392,-1260,44,-2600,-2600,4,4,0
4394,-1935,-64,-2600,-2600,1,1,0
4395,-2102,-128,-2600,-2600,0,0,0
4396,-2150,-208,-2600,-2600,-1,-3,0
4397,-1165,-260,-2600,-2600,-3,-3,0
4398,748,-245,1643,1643,-4,-5,0
4399,1521,-198,2520,2520,-6,-6,0
4401,1946,-114,2600,2600,-3,-3,0
4402,2375,-45,2600,2600,-1,-1,0
4403,2281,31,2600,2600,1,0,0
4404,1587,98,2600,2600,3,3,0
4405,37,113,-1764,-1764,4,4,0
4406,-1137,80,-2600,-2600,4,4,0
4407,-1621,32,-2600,-2600,4,4,0
4409,-1934,-82,-2600,-2600,0,0,0
4410,-1978,-156,-2600,-2600,-2,-1,0
4411,-1030,-204,-2600,-2600,-4,-3,0
4412,925,-183,1945,1945,-5,-5,0
4413,1746,-130,2600,2600,-5,-5,0
4415,2176,-27,2600,2600,-2,-3,0
4416,2463,45,2600,2600,-1,0,0
4417,2345,127,2600,2600,1,2,0
4418,1529,193,2600,2600,3,2,0
4419,-247,198,-1983,-1983,4,4,0
4420,-1320,156,-2600,-2600,4,6,0
4421,-1547,107,-2600,-2600,4,3,0
4422,-1664,57,-2600,-2600,1,2,0
4424,-1875,-66,-2600,-2600,-3,-1,0
4425,-835,-109,-2600,-2600,-3,-3,0
4426,1005,-84,2155,2155,-5,-4,0
4427,1682,-31,2600,2600,-6,-5,0
4428,1616,7,2600,2600,-4,-3,0
4430,2396,134,2600,2600,-1,0,0
4431,2323,220,2600,2600,1,2,0
4432,1325,280,2600,2600,3,2,0
4433,-513,272,-2217,-2217,4,5,0
4434,-1511,224,-2600,-2600,5,6,0
4435,-1690,170,-2600,-2600,5,5,0
4436,-1783,120,-2600,-2600,3,3,0
4437,-2088,58,-2600,-2600,0,0,0
4439,-1868,-89,-2600,-2600,-1,-3,0
4440,-83,-106,-2080,-2080,-4,-4,0
4441,1257,-67,2474,2474,-4,-5,0
4442,1332,-29,2494,2494,-6,-6,0
4443,1444,5,2600,2600,-4,-5,0
4444,2038,64,2600,2600,-2,-2,0
4446,2108,207,2600,2600,2,1,0
4447,970,256,2458,2458,3,3,0
4448,-866,238,-2600,-2600,4,4,0
4449,-1765,181,-2600,-2600,5,5,0
4450,-1873,126,-2600,-2600,4,4,0
4451,-2094,65,-2600,-2600,1,0,0
4452,-2352,-4,-2600,-2600,-1,0,0
4453,-2339,-92,-2600,-2600,-2,-3,0
4455,1014,-103,2123,2123,-4,-5,0
4456,1367,-59,2466,2466,-7,-7,0
4457,1316,-30,2368,2368,-5,-5,0
4458,1941,19,2600,2600,-3,-4,0
4459,2376,89,2600,2600,-1,-1,0
4461,1287,230,2600,2600,1,1,0
4462,-480,225,-2345,-2345,3,3,0
4463,-1443,179,-2600,-2600,4,4,0
4464,-1614,130,-2600,-2600,2,2,0
4465,-1799,78,-2600,-2600,0,0,0
4466,-2014,18,-2600,-2600,-2,-1,0
4467,-2088,-58,-2600,-2600,-3,-2,0
4468,-886,-102,-2600,-2600,-4,-4,0
4470,1404,-32,2429,2429,-8,-7,0
4471,1352,-2,2337,2337,-6,-5,0
4472,1907,47,2600,2600,-4,-4,0
4473,2289,115,2600,2600,-1,-1,0
4474,2192,191,2600,2600,-1,-1,0
4475,1442,253,2600,2600,1,1,0
4476,-185,260,-2039,-2039,3,2,0
4478,-1665,166,-2600,-2600,2,2,0
4479,-1829,111,-2600,-2600,1,1,0
4480,-1989,53,-2600,-2600,-1,-2,0
4481,-2122,-21,-2600,-2600,-3,-2,0
4482,-1387,-80,-2600,-2600,-3,-4,0
4483,332,-79,-1797,-1797,-5,-5,0
4485,1207,-15,2143,2143,-7,-6,0
4486,1600,24,2600,2600,-4,-5,0
4487,2013,83,2600,2600,-3,-3,0
4488,1968,145,2600,2600,-1,-1,0
4489,1691,212,2600,2600,0,1,0
4490,575,247,1804,1804,2,2,0
4492,-1910,164,-2600,-2600,3,3,0
4493,-2113,99,-2600,-2600,1,3,0
4494,-2236,33,-2600,-2600,0,0,0
4495,-2389,-43,-2600,-2600,-1,-2,0
4496,-2112,-123,-2600,-2600,-3,-2,0
4497,-571,-154,-2600,-2600,-4,-4,0
4499,806,-112,1611,1611,-7,-6,0
4500,1026,-93,1804,1804,-7,-7,0
4501,1777,-44,2600,2600,-5,-6,0
4502,2070,18,2600,2600,-5,-5,0
4503,1929,76,2600,2600,-3,-3,0
4504,1768,133,2600,2600,-1,-1,0
4505,1362,190,2546,2546,0,1,0
4506,-12,205,-1998,-1998,2,2,0
4507,-1420,164,-2600,-2600,4,4,0
4509,-2153,42,-2600,-2600,1,0,0
4510,-2470,-29,-2600,-2600,-1,0,0
4511,-2685,-119,-2600,-2600,-2,-1,0
4512,-2123,-200,-2600,-2600,-3,-3,0
4513,-282,-220,-2600,-2600,-5,-5,0
4515,912,-173,1607,1607,-7,-7,0
4516,1183,-148,1875,1875,-7,-7,0
4517,1838,-97,2600,2600,-6,-6,0
4518,2065,-33,2600,2600,-5,-5,0
4519,1920,24,2600,2600,-4,-3,0
4520,1732,78,2600,2600,-1,-1,0
4521,1295,132,2358,2358,1,0,0
4522,72,148,-1998,-1998,2,2,0
4523,-1160,117,-2600,-2600,3,3,0
4525,-1945,7,-2600,-2600,0,0,0
4526,-2227,-57,-2600,-2600,-2,0,0
4527,-2434,-140,-2600,-2600,-2,-3,0
4528,-1824,-211,-2600,-2600,-4,-3,0
4529,4,-221,-2409,-2409,-5,-5,0
4531,1052,-166,1718,1718,-8,-7,0
4532,1325,-137,2009,2009,-7,-6,0
4533,1919,-81,2600,2600,-6,-5,0
4534,2047,-17,2600,2600,-4,-5,0
4535,1844,40,2600,2600,-3,-1,0
4536,1533,90,2546,2546,0,0,0
4537,992,132,2030,2030,1,2,0
4538,-12,141,-2059,-2059,2,4,0
4539,-811,127,-2600,-2600,2,4,0
4540,-1521,89,-2600,-2600,2,3,0
4542,-2511,-47,-2600,-2600,-1,0,0
4543,-2545,-140,-2600,-2600,-3,-2,0
4544,-1246,-192,-2600,-2600,-4,-3,0
4545,481,-182,-1790,-1790,-5,-5,0
4546,997,-153,1769,1769,-6,-6,0
4547,1041,-131,1780,1780,-6,-5,0
4548,1400,-96,2190,2190,-6,-5,0
4549,1740,-47,2600,2600,-5,-3,0
4550,1778,6,2600,2600,-3,-2,0
4552,1322,103,2424,2424,0,3,0
4553,602,131,1689,1689,2,4,0
4554,-305,131,-2295,-2295,2,6,0
4555,-990,106,-2600,-2600,3,5,0
4556,-1507,62,-2600,-2600,1,4,0
4557,-1854,10,-2600,-2600,0,1,0
4558,-2176,-56,-2600,-2600,-3,0,0
4559,-1996,-131,-2600,-2600,-4,-1,0
4561,1194,-126,2127,2127,-6,-5,0
4562,1606,-80,2575,2575,-8,-4,0
4563,1629,-41,2600,2600,-5,-3,0
4564,1909,12,2600,2600,-3,-1,0
4565,1989,71,2600,2600,-2,0,0
4566,1889,132,2600,2600,1,3,0
4567,1473,188,2600,2600,2,4,0
4568,470,216,1761,1761,3,5,0
4570,-1569,164,-2600,-2600,4,6,0
4571,-2236,98,-2600,-2600,4,6,0
4572,-2494,23,-2600,-2600,1,3,0
4573,-2619,-59,-2600,-2600,0,1,0
4574,-2349,-148,-2600,-2600,-2,0,0
4575,-686,-184,-2600,-2600,-4,-2,0
4576,817,-162,1817,1817,-4,-4,0
4577,1258,-127,2261,2261,-7,-5,0
4578,1471,-95,2487,2487,-5,-3,0
4579,2085,-36,2600,2600,-3,-2,0
4581,2151,106,2600,2600,0,2,0
4582,1518,167,2600,2600,1,2,0
4583,142,187,-1650,-1650,3,5,0
4584,-1094,156,-2600,-2600,4,5,0
4585,-1547,109,-2600,-2600,4,5,0
4586,-1793,59,-2600,-2600,1,4,0
4587,-2144,-5,-2600,-2600,1,1,0
4588,-2265,-82,-2600,-2600,-1,-1,0
4589,-1788,-152,-2600,-2600,-2,-2,0
4590,-144,-171,-2348,-2348,-3,-4,0
4592,1409,-100,2374,2374,-6,-6,0
4593,1691,-58,2600,2600,-4,-5,0
4594,2209,5,2600,2600,-3,-3,0
4595,2370,76,2600,2600,-1,-1,0
4596,2226,151,2600,2600,1,0,0
4597,1487,210,2600,2600,2,1,0
4598,109,228,-1712,-1712,3,4,0
4600,-1507,163,-2600,-2600,4,4,0
4601,-1890,105,-2600,-2600,2,1,0
4602,-2064,43,-2600,-2600,0,1,0
4603,-2134,-34,-2600,-2600,0,-1,0
4604,-1349,-91,-2600,-2600,-2,-3,0
4605,278,-92,-1807,-1807,-3,-4,0
4606,1148,-57,2178,2178,-4,-6,0
4607,1260,-28,2262,2262,-5,-5,0
4608,1751,16,2600,2600,-3,-3,0
4610,1935,143,2600,2600,1,0,0
4611,1677,201,2600,2600,1,2,0
4612,935,240,2283,2283,4,2,0
4613,-108,247,-1864,-1864,4,5,0
4614,-947,225,-2600,-2600,5,5,0
4615,-1554,183,-2600,-2600,5,4,0
4616,-1995,124,-2600,-2600,2,2,0
4617,-2222,57,-2600,-2600,1,1,0
4618,-2258,-26,-2600,-2600,-2,-2,0
4620,632,-68,1643,1643,-4,-4,0
4621,1578,-20,2600,2600,-4,-5,0
4622,1672,22,2600,2600,-5,-4,0
4623,1950,78,2600,2600,-3,-2,0
4624,2044,142,2600,2600,0,-1,0
4625,1852,199,2600,2600,1,2,0
4627,422,283,1788,1788,4,4,0
4628,-618,271,-2364,-2364,5,6,0
4629,-1272,239,-2600,-2600,4,5,0
4630,-1821,187,-2600,-2600,3,3,0
4631,-2133,123,-2600,-2600,1,1,0
4632,-2243,43,-2600,-2600,0,0,0
4633,-1580,-21,-2600,-2600,-3,-2,0
4634,92,-32,-1915,-1915,-4,-3,0
4635,1340,7,2528,2528,-4,-5,0
4636,1637,50,2600,2600,-5,-5,0
4638,2112,165,2600,2600,-1,-1,0
4639,2019,226,2600,2600,1,2,0
4640,1782,292,2600,2600,2,3,0
4641,838,334,2342,2342,3,4,0
4642,-605,330,-2287,-2287,5,6,0
4643,-1537,285,-2600,-2600,5,7,0
4645,-2116,164,-2600,-2600,3,4,0
4646,-2279,95,-2600,-2600,1,2,0
4647,-2353,11,-2600,-2600,-1,0,0
4648,-1665,-56,-2600,-2600,-1,-2,0
4649,-123,-74,-2148,-2148,-3,-4,0
4650,1037,-46,2170,2170,-4,-5,0
4651,1373,-10,2511,2511,-5,-5,0
4652,1775,36,2600,2600,-4,-4,0
4653,2195,101,2600,2600,-3,-3,0
4655,2197,244,2600,2600,1,0,0
4656,1476,307,2600,2600,3,3,0
4657,-256,311,-1994,-1994,4,3,0
4658,-1371,267,-2600,-2600,5,5,0
4659,-1593,217,-2600,-2600,5,4,0
4660,-1706,168,-2600,-2600,2,1,0
4661,-1925,111,-2600,-2600,1,1,0
4662,-2024,41,-2600,-2600,-1,-1,0
4664,126,-29,-1892,-1892,-3,-4,0
4665,1126,5,2244,2244,-5,-5,0
4666,1200,32,2276,2276,-5,-5,0
4667,1726,74,2600,2600,-3,-4,0
4668,2267,142,2600,2600,-2,-2,0
4669,2247,213,2600,2600,0,0,0
4670,1910,286,2600,2600,2,1,0
4672,-855,296,-2600,-2600,5,4,0
4673,-1469,250,-2600,-2600,4,5,0
4674,-1633,204,-2600,-2600,4,3,0
4675,-1901,148,-2600,-2600,0,0,0
4676,-2092,82,-2600,-2600,-1,-1,0
4677,-1951,5,-2600,-2600,-2,-2,0
4678,-538,-26,-2600,-2600,-4,-4,0
4679,1090,1,2159,2159,-5,-6,0
4680,1684,52,2600,2600,-7,-6,0
4681,1768,95,2600,2600,-4,-4,0
4682,2203,160,2600,2600,-3,-2,0
4684,2009,299,2600,2600,2,2,0
4685,1137,345,2596,2596,2,4,0
4686,-38,356,-1701,-1701,4,5,0
4687,-932,339,-2600,-2600,5,6,0
4688,-1662,296,-2600,-2600,5,5,0
4690,-2506,152,-2600,-2600,1,1,0
4691,-2501,59,-2600,-2600,-1,0,0
4692,-1372,1,-2600,-2600,-1,-2,0
4693,295,0,-1634,-1634,-3,-4,0
4694,1090,31,2247,2247,-5,-5,0
4695,1247,60,2396,2396,-4,-4,0
4696,1687,109,2600,2600,-3,-4,0
4697,1833,165,2600,2600,-1,-1,0
4698,1680,215,2600,2600,1,1,0
4699,1498,270,2600,2600,2,3,0
4700,692,306,2139,2139,3,5,0
4702,-1508,264,-2600,-2600,5,5,0
4703,-2071,204,-2600,-2600,3,4,0
4704,-2373,131,-2600,-2600,1,1,0
4705,-2460,46,-2600,-2600,-1,0,0
4706,-1858,-26,-2600,-2600,-2,-1,0
4707,-223,-47,-2285,-2285,-3,-4,0
4708,1008,-17,2125,2125,-5,-4,0
4709,1278,14,2389,2389,-5,-5,0
4710,1584,53,2600,2600,-4,-4,0
4711,2043,112,2600,2600,-1,-2,0
4713,1873,246,2600,2600,1,1,0
4714,997,296,2426,2426,3,3,0
4715,-402,298,-2153,-2153,5,4,0
4716,-1283,262,-2600,-2600,5,5,0
4717,-1759,212,-2600,-2600,4,5,0
4718,-2164,148,-2600,-2600,3,2,0
4720,-2474,-15,-2600,-2600,-1,-1,0
4721,-1547,-79,-2600,-2600,-3,-3,0
4722,172,-83,-1899,-1899,-4,-4,0
4723,1202,-49,2264,2264,-5,-6,0
4724,1487,-12,2561,2561,-5,-5,0
4725,1874,38,2600,2600,-5,-4,0
4726,2157,104,2600,2600,-2,-3,0
4727,1991,166,2600,2600,-1,0,0
4728,1751,224,2600,2600,1,1,0
4729,1165,274,2559,2559,2,4,0
4731,-926,270,-2600,-2600,5,6,0
4732,-1724,224,-2600,-2600,4,5,0
4733,-2267,155,-2600,-2600,2,3,0
4734,-2442,80,-2600,-2600,0,2,0
4735,-2437,-10,-2600,-2600,-1,-1,0
4736,-1269,-65,-2600,-2600,-3,-2,0
4737,392,-60,-1608,-1608,-4,-3,0
4739,1305,0,2348,2348,-6,-5,0
4740,1846,49,2600,2600,-4,-3,0
4741,2231,116,2600,2600,-2,-1,0
4742,2095,181,2600,2600,0,0,0
4743,1741,246,2600,2600,1,2,0
4744,802,286,2158,2158,2,3,0
4745,-337,290,-2104,-2104,4,5,0
4746,-1230,261,-2600,-2600,5,6,0
4748,-2152,138,-2600,-2600,1,2,0
4749,-2241,69,-2600,-2600,0,0,0
4750,-2182,-13,-2600,-2600,-1,-1,0
4751,-1031,-61,-2600,-2600,-4,-3,0
4752,553,-54,1536,1536,-4,-5,0
4753,1347,-15,2437,2437,-5,-5,0
4754,1534,21,2600,2600,-4,-4,0
4755,1958,79,2600,2600,-4,-3,0
4756,2020,139,2600,2600,0,-1,0
4757,1851,196,2600,2600,1,0,0
4758,1487,254,2600,2600,2,3,0
4759,490,284,1836,1836,3,4,0
4761,-1521,237,-2600,-2600,5,5,0
4762,-2039,176,-2600,-2600,3,3,0
4763,-2317,106,-2600,-2600,1,1,0
4764,-2397,19,-2600,-2600,0,-1,0
4765,-1668,-47,-2600,-2600,-1,-2,0
4766,-92,-63,-2164,-2164,-3,-4,0
4767,1095,-29,2199,2199,-4,-5,0
4768,1324,2,2417,2417,-5,-5,0
4769,1640,43,2600,2600,-4,-4,0
4770,2039,106,2600,2600,-2,-3,0
4772,1737,223,2600,2600,2,2,0
4773,1144,271,2588,2588,2,4,0
4774,1,288,-1663,-1663,5,5,0
4775,-988,266,-2600,-2600,5,6,0
4776,-1718,221,-2600,-2600,4,4,0
4777,-2276,150,-2600,-2600,2,3,0
4778,-2397,75,-2600,-2600,0,1,0
4779,-2260,-9,-2600,-2600,-1,-1,0
4780,-1042,-57,-2600,-2600,-4,-2,0
4781,495,-51,1516,1516,-4,-4,0
4782,1281,-15,2396,2396,-5,-5,0
4784,2032,80,2600,2600,-4,-2,0
4785,2163,146,2600,2600,-1,-2,0
4786,2017,209,2600,2600,1,0,0
4787,1709,273,2600,2600,1,2,0
4788,757,313,2151,2151,3,3,0
4789,-543,308,-2316,-2316,4,5,0
4791,-1731,218,-2600,-2600,4,3,0
4792,-2095,154,-2600,-2600,2,2,0
4793,-2267,83,-2600,-2600,1,-1,0
4794,-2107,1,-2600,-2600,-2,-1,0
4795,-854,-41,-2600,-2600,-1,-3,0
4796,662,-26,1713,1713,-4,-5,0
4797,1196,8,2285,2285,-5,-6,0
4798,1348,38,2429,2429,-4,-5,0
4799,2010,94,2600,2600,-3,-4,0
4800,2288,164,2600,2600,-1,-2,0
4802,1687,296,2600,2600,2,2,0
4803,524,326,1860,1860,3,2,0
4804,-631,315,-2436,-2436,5,4,0
4805,-1272,279,-2600,-2600,5,4,0
4806,-1633,230,-2600,-2600,3,3,0
4807,-1869,175,-2600,-2600,3,1,0
4808,-2026,110,-2600,-2600,0,0,0
4809,-1865,37,-2600,-2600,-2,-1,0
4810,-679,1,-2600,-2600,-2,-3,0
4811,740,21,1829,1829,-4,-5,0
4812,1222,55,2360,2360,-4,-5,0
4814,1978,145,2600,2600,-3,-3,0
4815,2039,208,2600,2600,0,-1,0
4816,1800,266,2600,2600,2,1,0
4817,1359,322,2600,2600,1,2,0
4818,162,338,1501,1501,4,4,0
4819,-863,317,-2600,-2600,5,5,0
4820,-1365,282,-2600,-2600,5,5,0
4822,-2114,164,-2600,-2600,1,2,0
4823,-2212,84,-2600,-2600,-1,-2,0
4824,-1539,20,-2600,-2600,-2,-2,0
4825,92,11,-1908,-1908,-4,-4,0
4826,1334,51,2524,2524,-5,-5,0
4827,1564,93,2600,2600,-5,-6,0
4828,1796,138,2600,2600,-4,-4,0
4829,2185,204,2600,2600,-1,-1,0
4830,2146,269,2600,2600,0,1,0
4831,1934,341,2600,2600,2,3,0
4833,-578,379,-2274,-2274,4,5,0
4834,-1455,341,-2600,-2600,6,5,0
4835,-1903,285,-2600,-2600,3,4,0
4836,-2194,218,-2600,-2600,2,3,0
4837,-2306,143,-2600,-2600,0,0,0
4838,-2005,65,-2600,-2600,-1,-2,0
4839,-570,31,-2600,-2600,-3,-3,0
4840,908,55,2082,2082,-4,-5,0
4841,1306,92,2491,2491,-5,-6,0
4842,1485,126,2600,2600,-4,-4,0
4843,2113,187,2600,2600,-2,-3,0
4845,2185,337,2600,2600,2,1,0
4846,1135,390,2600,2600,2,3,0
4847,-643,382,-2397,-2397,4,4,0
4848,-1533,330,-2600,-2600,5,5,0
4849,-1622,285,-2600,-2600,3,3,0
4850,-1922,228,-2600,-2600,0,1,0
4851,-2124,161,-2600,-2600,-1,-1,0
4852,-1993,83,-2600,-2600,-1,-2,0
4853,-468,52,-2550,-2550,-4,-3,0
4854,1195,87,2362,2362,-6,-6,0
4856,1609,167,2600,2600,-4,-4,0
4857,2203,231,2600,2600,-3,-3,0
4858,2381,303,2600,2600,0,0,0
4859,2198,384,2600,2600,1,1,0
4860,1072,432,2580,2580,3,3,0
4861,-624,426,-2365,-2365,4,4,0
4863,-1791,320,-2600,-2600,4,4,0
4864,-2062,262,-2600,-2600,3,3,0
4865,-2464,188,-2600,-2600,1,1,0
4866,-2531,96,-2600,-2600,-1,-2,0
4867,-1686,28,-2600,-2600,-1,-2,0
4868,112,20,-1875,-1875,-4,-4,0
4869,1152,57,2310,2310,-5,-5,0
4870,1189,86,2289,2289,-5,-6,0
4871,1479,120,2600,2600,-4,-4,0
4872,1957,178,2600,2600,-2,-2,0
4874,1818,304,2600,2600,1,0,0
4875,1001,352,2418,2418,3,2,0
4876,-567,341,-2389,-2389,4,3,0
4877,-1506,291,-2600,-2600,4,4,0
4878,-1662,242,-2600,-2600,4,3,0
4879,-1871,188,-2600,-2600,1,0,0
4880,-2157,123,-2600,-2600,-1,-1,0
4881,-2183,41,-2600,-2600,-2,-4,0
4882,-889,-2,-2600,-2600,-4,-4,0
4883,1006,24,2054,2054,-4,-5,0
4884,1483,69,2564,2564,-6,-7,0
4886,2000,157,2600,2600,-2,-4,0
4887,2327,226,2600,2600,-2,-2,0
4888,2212,304,2600,2600,0,1,0
4889,1354,363,2600,2600,2,2,0
4890,-339,366,-2172,-2172,3,4,0
4891,-1451,322,-2600,-2600,4,4,0
4892,-1770,271,-2600,-2600,3,3,0
4894,-2158,143,-2600,-2600,-1,0,0
4895,-2189,63,-2600,-2600,-3,-2,0
4896,-1239,8,-2600,-2600,-4,-2,0
4897,569,20,1501,1501,-5,-6,0
4898,1232,58,2239,2239,-7,-5,0
4899,1222,84,2193,2193,-5,-5,0
4900,1735,128,2600,2600,-5,-3,0
4901,2085,189,2600,2600,-2,-3,0
4902,1891,252,2600,2600,-1,0,0
4903,1227,304,2513,2513,2,2,0
4904,98,318,-1746,-1746,3,2,0
4906,-1449,252,-2600,-2600,3,3,0
4907,-1932,193,-2600,-2600,1,1,0
4908,-2113,128,-2600,-2600,0,-1,0
4909,-2170,49,-2600,-2600,-1,-1,0
4910,-1170,-2,-2600,-2600,-3,-3,0
4911,564,8,1506,1506,-4,-5,0
4912,1119,40,2116,2116,-5,-6,0
4913,1162,63,2133,2133,-4,-5,0
4914,1797,110,2600,2600,-4,-4,0
4915,2112,171,2600,2600,-1,-3,0
4916,1859,234,2600,2600,0,0,0
4917,1184,283,2468,2468,2,2,0
4919,-763,277,-2600,-2600,4,4,0
4920,-1205,239,-2600,-2600,4,3,0
4921,-1395,195,-2600,-2600,2,1,0
4922,-1546,148,-2600,-2600,-1,-1,0
4923,-1667,86,-2600,-2600,-2,-1,0
4924,-1128,35,-2600,-2600,-3,-3,0
4925,589,43,1571,1571,-4,-5,0
4926,1655,92,2600,2600,-6,-6,0
4927,1689,133,2600,2600,-4,-5,0
4928,1961,182,2600,2600,-3,-4,0
4930,2288,318,2600,2600,0,0,0
4931,1667,383,2600,2600,3,2,0
4932,516,410,1916,1916,5,4,0
4933,-466,397,-2179,-2179,5,4,0
4934,-926,367,-2600,-2600,6,5,0
4935,-1348,333,-2600,-2600,5,4,0
4936,-1961,273,-2600,-2600,2,2,0
4937,-2137,206,-2600,-2600,1,0,0
4938,-2040,127,-2600,-2600,-1,-1,0
4939,-702,89,-2600,-2600,-2,-2,0
4941,1635,171,2600,2600,-5,-6,0
4942,1596,208,2600,2600,-4,-4,0
4943,2137,263,2600,2600,-2,-2,0
4944,2609,340,2600,2600,0,0,0
4945,2550,431,2600,2600,1,1,0
4946,1552,495,2600,2600,3,3,0
4947,-307,492,-1917,-1917,3,4,0
4948,-1215,451,-2600,-2600,5,5,0
4950,-1564,370,-2600,-2600,3,2,0
4951,-1830,314,-2600,-2600,0,1,0
4952,-1848,248,-2600,-2600,-2,-1,0
4953,-1209,193,-2600,-2600,-3,-3,0
4954,666,201,1902,1902,-5,-3,0
4955,1837,257,2600,2600,-5,-5,0
4956,1860,307,2600,2600,-5,-5,0
4957,2112,361,2600,2600,-2,-3,0
4958,2524,434,2600,2600,-1,0,0
4959,2510,519,2600,2600,1,1,0
4960,1742,590,2600,2600,3,2,0
4961,-114,594,-1618,-1618,3,4,0
4963,-1330,513,-2600,-2600,4,4,0
4964,-1440,472,-2600,-2600,3,3,0
4965,-1644,420,-2600,-2600,0,0,0
4966,-1671,363,-2600,-2600,0,-1,0
4967,-1348,304,-2600,-2600,-2,-2,0
4968,170,295,-1587,-1587,-4,-4,0
4969,1539,341,2600,2600,-5,-5,0
4970,1729,388,2600,2600,-4,-4,0
4971,1973,435,2600,2600,-3,-3,0
4972,2458,505,2600,2600,0,-1,0
4974,1961,664,2600,2600,2,2,0
4975,19,676,1630,1630,4,4,0
4976,-1233,634,-2600,-2600,5,5,0
4977,-1354,588,-2600,-2600,4,5,0
4978,-1373,552,-2600,-2600,4,4,0
4979,-1681,500,-2600,-2600,1,0,0
4980,-1775,442,-2600,-2600,-1,0,0
4981,-1613,375,-2600,-2600,-2,-3,0
4982,-285,348,-2046,-2046,-3,-3,0
4984,1965,450,2600,2600,-5,-5,0
4985,1963,498,2600,2600,-2,-3,0
4986,2356,564,2600,2600,-1,-1,0
4987,2536,644,2600,2600,0,1,0
4988,2101,725,2600,2600,2,2,0
4989,277,744,1980,1980,3,3,0
4990,-1009,707,-2497,-2497,5,5,0
4991,-996,673,-2448,-2448,4,4,0
4993,-1601,600,-2600,-2600,1,2,0
4994,-1749,541,-2600,-2600,0,-1,0
4995,-1537,476,-2600,-2600,-2,-2,0
4996,-237,451,-1893,-1893,-3,-3,0
4997,1442,491,2600,2600,-4,-5,0
4998,1938,550,2600,2600,-5,-5,0
4999,1964,599,2600,2600,-4,-4,0
5000,2313,664,2600,2600,-2,-1,0
5001,2528,737,2600,2600,0,0,0
5002,2524,827,2600,2600,2,1,0
5004,-460,876,-1715,-1715,5,4,0
5005,-1248,831,-2600,-2600,5,6,0
5006,-1144,800,-2431,-2431,5,5,0
5007,-1417,759,-2600,-2600,3,3,0
5008,-1716,706,-2600,-2600,1,2,0
5009,-1693,645,-2600,-2600,0,0,0
5010,-1261,587,-2600,-2600,-3,-2,0
5011,195,576,1757,1757,-4,-4,0
5012,1667,623,2600,2600,-4,-5,0
5014,2251,739,2600,2600,-3,-2,0
5015,2659,814,2600,2600,0,0,0
5016,2796,903,2600,2600,0,1,0
5017,2219,987,2600,2600,3,2,0
5018,226,1001,2208,2208,3,4,0
5019,-893,966,-2063,-2063,5,6,0
5020,-793,940,-1889,-1889,5,5,0
5021,-895,922,-1962,-1962,5,5,0
5023,-1734,815,-2600,-2600,2,3,0
5024,-1561,757,-2600,-2600,0,1,0
5025,-1098,706,-2467,-2467,0,-1,0
5026,33,690,1770,1770,-4,-3,0
5027,1424,728,2600,2600,-3,-3,0
5028,2005,783,2600,2600,-4,-3,0
5029,2252,845,2600,2600,-1,-2,0
5030,2468,913,2600,2600,1,2,0
5031,2657,1000,2600,2600,2,2,0
5032,1801,1071,2600,2600,3,3,0
5034,-976,1029,-1971,-1971,5,6,0
5035,-809,1007,-1692,-1692,7,7,0
5036,-1140,981,-2080,-2080,4,5,0
5037,-1751,923,-2600,-2600,4,4,0
5038,-1713,866,-2600,-2600,2,3,0
5039,-1488,807,-2600,-2600,2,2,0
5040,-828,764,-2014,-2014,-2,-1,0
5041,468,763,2455,2455,-2,-2,0
5042,1641,806,2600,2600,-3,-3,0
5043,2083,864,2600,2600,-1,-2,0
5044,2290,927,2600,2600,0,1,0
5046,2517,1087,2600,2600,3,3,0
5047,1171,1136,2600,2600,4,4,0
5048,-464,1115,1749,1749,5,6,0
5049,-627,1091,1620,1620,7,6,0
5050,-606,1082,1711,1711,6,7,0
5051,-1257,1042,-2054,-2054,6,6,0
5052,-1498,991,-2337,-2337,6,7,0
5054,-1122,907,-1966,-1966,2,4,0
5055,-992,872,-1884,-1884,2,2,0
5056,-778,834,-1718,-1718,1,1,0
5057,-120,814,1996,1996,0,1,0
5058,805,829,2600,2600,1,0,0
5059,1545,871,2600,2600,0,1,0
5060,1836,922,2600,2600,4,3,0
5061,1906,987,2600,2600,4,4,0
5062,1446,1044,2600,2600,5,5,0
5064,-875,1017,-1543,-1543,8,7,0
5065,-997,991,-1637,-1637,8,8,0
5066,-1318,960,-1996,-1996,8,7,0
5067,-1833,898,-2600,-2600,7,6,0
5068,-1782,837,-2600,-2600,5,6,0
5069,-1566,784,-2467,-2467,4,3,0
5070,-1329,736,-2307,-2307,1,1,0
5071,-834,695,-1819,-1819,2,0,0
5072,491,696,2600,2600,-1,-2,0
5073,1675,742,2600,2600,-1,-2,0
5074,1988,800,2600,2600,0,-1,0
5075,2051,855,2600,2600,2,2,0
5077,2289,999,2600,2600,4,3,0
5078,1064,1045,2600,2600,6,6,0
5079,-550,1025,1794,1794,7,6,0
5080,-875,992,-1536,-1536,8,8,0
5081,-782,975,1619,1619,7,7,0
5082,-1270,939,-1941,-1941,7,8,0
5083,-1648,884,-2397,-2397,8,7,0
5084,-1559,831,-2308,-2308,7,7,0
5086,-1226,738,-2073,-2073,3,3,0
5087,-887,696,-1765,-1765,2,2,0
5088,-86,677,2089,2089,0,0,0
5089,1030,700,2600,2600,1,0,0
5090,1765,751,2600,2600,1,1,0
5091,1972,805,2600,2600,2,3,0
5092,2072,864,2600,2600,5,4,0
5093,2014,939,2600,2600,5,5,0
5095,-575,956,1867,1867,8,8,0
5096,-872,922,1562,1562,8,9,0
5097,-720,906,1798,1798,9,8,0
5098,-1166,876,-1706,-1706,9,8,0
5099,-1607,822,-2236,-2236,8,9,0
5100,-1511,771,-2136,-2136,8,8,0
5101,-1356,726,-2014,-2014,5,6,0
5102,-1233,685,-1952,-1952,4,4,0
5103,-1051,640,-1816,-1816,4,4,0
5104,-444,609,1810,1810,2,2,0
5106,1478,657,2600,2600,1,2,0
5107,1780,705,2600,2600,4,4,0
5108,1983,767,2600,2600,6,5,0
5109,1747,834,2600,2600,5,6,0
5110,540,857,2600,2600,8,8,0
5111,-578,836,1933,1933,8,8,0
5113,-757,786,1814,1814,9,10,0
5114,-1144,758,-1616,-1616,10,9,0
5115,-1583,705,-2162,-2162,8,9,0
5116,-1470,656,-2035,-2035,9,9,0
5117,-1350,611,-1941,-1941,7,7,0
5118,-1268,565,-1932,-1932,4,6,0
5119,-896,524,-1573,-1573,5,4,0
5120,-176,506,2213,2213,3,4,0
5121,433,513,2600,2600,3,3,0
5123,1323,564,2600,2600,6,6,0
5124,1631,614,2600,2600,7,7,0
5125,1471,674,2600,2600,8,7,0
5126,113,685,2600,2600,8,9,0
5127,-1073,648,-1594,-1594,10,10,0
5128,-1212,606,-1729,-1729,10,11,0
5129,-1107,581,-1574,-1574,10,10,0
5130,-1507,533,-2084,-2084,9,8,0
5131,-1607,479,-2252,-2252,8,8,0
5132,-1445,430,-2140,-2140,6,6,0
5134,-748,345,1504,1504,4,4,0
5135,213,338,2569,2569,3,2,0
5136,1239,371,2600,2600,4,3,0
5137,1702,418,2600,2600,4,5,0
5138,1912,470,2600,2600,7,6,0
5139,2062,546,2600,2600,6,6,0
5140,1167,596,2600,2600,8,8,0
5142,-1100,535,-1658,-1658,10,9,0
5143,-866,507,1678,1678,11,11,0
5144,-979,489,1555,1555,9,9,0
5145,-1709,435,-2338,-2338,10,9,0
5146,-1783,376,-2453,-2453,9,10,0
5147,-1639,321,-2336,-2336,8,8,0
5148,-1393,270,-2130,-2130,6,6,0
5149,-947,229,-1700,-1700,5,4,0
5150,-166,211,2126,2126,2,3,0
5152,1496,269,2600,2600,3,2,0
5153,1782,320,2600,2600,5,5,0
5154,1927,374,2600,2600,5,6,0
5155,2015,446,2600,2600,7,7,0
5156,1135,495,2600,2600,8,8,0
5157,-400,483,2119,2119,9,9,0
5158,-935,450,1519,1519,10,10,0
5159,-875,427,1631,1631,10,10,0
5160,-1152,399,-1655,-1655,11,11,0
5161,-1641,344,-2241,-2241,11,10,0
5163,-1490,244,-2147,-2147,8,7,0
5164,-1435,198,-2170,-2170,5,7,0
5165,-1283,146,-2093,-2093,6,4,0
5166,-631,112,1570,1570,2,4,0
5167,394,115,2600,2600,3,3,0
5168,1296,149,2600,2600,3,2,0
5169,1827,202,2600,2600,4,3,0
5170,1989,257,2600,2600,5,6,0
5171,2148,325,2600,2600,7,6,0
5172,1733,394,2600,2600,6,7,0
5174,-855,378,1581,1581,10,10,0
5175,-938,345,1518,1518,10,10,0
5176,-917,325,1592,1592,10,11,0
5177,-1440,283,-2028,-2028,11,9,0
5178,-1718,226,-2375,-2375,9,11,0
5179,-1557,175,-2224,-2224,9,8,0
5180,-1448,131,-2161,-2161,7,7,0
5182,-1245,30,-2143,-2143,3,5,0
5183,-383,2,1778,1778,3,2,0
5184,839,22,2600,2600,1,1,0
5185,1655,70,2600,2600,3,2,0
5186,1969,126,2600,2600,2,3,0
5187,2103,186,2600,2600,6,6,0
5188,2195,255,2600,2600,6,5,0
5189,1761,327,2600,2600,7,7,0
5190,224,346,2600,2600,8,9,0
5191,-960,313,-1599,-1599,9,9,0
5193,-1058,252,-1634,-1634,9,10,0
5194,-1577,206,-2273,-2273,9,8,0
5195,-1914,147,-2600,-2600,7,8,0
5196,-1884,83,-2600,-2600,6,6,0
5197,-1583,20,-2543,-2543,4,4,0
5198,-704,-16,-1615,-1615,2,2,0
5199,660,-4,2600,2600,1,0,0
5200,1599,39,2600,2600,1,0,0
5201,2118,98,2600,2600,1,3,0
5202,2341,165,2600,2600,4,3,0
5203,2464,238,2600,2600,5,5,0
5204,2319,322,2600,2600,6,5,0
5205,1079,371,2600,2600,6,7,0
5207,-873,325,1520,1520,9,9,0
5208,-792,306,1664,1664,9,9,0
5209,-1126,276,-1710,-1710,9,9,0
5210,-1478,228,-2120,-2120,10,9,0
5211,-1469,180,-2135,-2135,8,8,0
5212,-1414,135,-2125,-2125,6,7,0
5213,-1383,88,-2162,-2162,6,5,0
5214,-1182,41,-2021,-2021,4,4,0
5215,-508,12,1685,1685,2,3,0
5217,1414,64,2600,2600,2,2,0
5218,1746,114,2600,2600,3,3,0
5219,1853,166,2600,2600,5,5,0
5220,1999,228,2600,2600,6,6,0
5221,1683,295,2600,2600,7,6,0
5222,145,310,2600,2600,8,8,0
5223,-997,275,-1588,-1588,9,10,0
5224,-1048,241,-1611,-1611,10,9,0
5225,-1078,219,-1607,-1607,10,9,0
5226,-1640,169,-2298,-2298,8,9,0
5228,-1788,50,-2600,-2600,6,6,0
5229,-1501,-6,-2374,-2374,4,4,0
5230,-845,-46,-1693,-1693,3,3,0
5231,153,-52,2401,2401,1,1,0
5232,1252,-19,2600,2600,0,0,0
5233,1912,31,2600,2600,3,2,0
5234,2287,96,2600,2600,4,3,0
5235,2452,169,2600,2600,5,5,0
5236,2273,254,2600,2600,6,6,0
5237,735,291,2600,2600,6,7,0
5238,-714,266,1713,1713,10,8,0
5239,-869,236,1572,1572,9,9,0
5240,-819,220,1679,1679,9,9,0
5241,-1373,182,-1948,-1948,10,10,0
5243,-1750,67,-2451,-2451,8,8,0
5244,-1661,15,-2419,-2419,7,5,0
5245,-1628,-41,-2494,-2494,4,4,0
5246,-1290,-96,-2221,-2221,2,3,0
5247,-180,-116,2004,2004,2,1,0
5248,1259,-83,2600,2600,0,-1,0
5249,1980,-28,2600,2600,1,1,0
5250,2272,37,2600,2600,3,2,0
5251,2395,106,2600,2600,4,4,0
5252,2403,189,2600,2600,5,5,0
5253,1495,252,2600,2600,7,6,0
5254,-194,252,2288,2288,7,7,0
5255,-887,220,1514,1514,9,9,0
5257,-996,179,-1518,-1518,9,9,0
5258,-1668,125,-2321,-2321,10,8,0
5259,-1789,68,-2495,-2495,8,8,0
5260,-1701,14,-2448,-2448,6,7,0
5261,-1628,-38,-2446,-2446,6,4,0
5262,-1450,-95,-2365,-2365,2,3,0
5263,-565,-129,1578,1578,2,1,0
5264,946,-108,2600,2600,1,0,0
5265,1803,-55,2600,2600,1,1,0
5266,1962,2,2600,2600,3,1,0
5267,1974,58,2600,2600,4,3,0
5268,2051,121,2600,2600,5,4,0
5270,220,209,2600,2600,8,7,0
5271,-982,175,-1609,-1609,9,8,0
5272,-1009,143,-1604,-1604,9,8,0
5273,-1015,122,-1584,-1584,8,8,0
5274,-1566,75,-2260,-2260,8,7,0
5275,-1733,19,-2498,-2498,7,7,0
5276,-1621,-37,-2443,-2443,5,5,0
5277,-1253,-87,-2099,-2099,4,3,0
5278,-590,-118,1585,1585,2,1,0
5279,401,-115,2600,2600,1,1,0
5280,1410,-75,2600,2600,0,0,0
5281,1837,-19,2600,2600,3,2,0
5282,1886,34,2600,2600,4,3,0
5284,1567,160,2600,2600,5,6,0
5285,-26,171,2483,2483,7,7,0
5286,-1132,132,-1799,-1799,9,8,0
5287,-1126,98,-1744,-1744,9,9,0
5288,-1236,71,-1854,-1854,8,8,0
5289,-1827,16,-2595,-2595,7,7,0
5290,-2028,-47,-2600,-2600,6,6,0
5291,-1966,-117,-2600,-2600,5,5,0
5292,-1500,-178,-2478,-2478,3,2,0
5293,-448,-203,1664,1664,0,1,0
5294,785,-185,2600,2600,-2,-2,0
5295,1582,-142,2600,2600,0,0,0
5296,2074,-88,2600,2600,0,0,0
5297,2465,-17,2600,2600,3,4,0
5299,1865,143,2600,2600,5,4,0
5300,-55,148,2376,2376,7,7,0
5301,-982,114,-1692,-1692,7,8,0
5302,-965,86,-1614,-1614,9,8,0
5303,-1160,60,-1799,-1799,8,9,0
5304,-1770,6,-2552,-2552,7,7,0
5305,-1984,-56,-2600,-2600,6,5,0
5306,-1934,-118,-2600,-2600,4,5,0
5307,-1785,-184,-2600,-2600,3,3,0
5308,-1061,-232,-2102,-2102,0,0,0
5309,556,-226,2600,2600,0,-1,0
5310,1628,-176,2600,2600,-1,-2,0
5312,1919,-72,2600,2600,2,1,0
5313,2098,-12,2600,2600,3,3,0
5314,2124,59,2600,2600,4,4,0
5315,1542,124,2600,2600,5,5,0
5316,-208,127,2183,2183,7,7,0
5317,-1256,85,-2024,-2024,8,8,0
5318,-1275,43,-2009,-2009,8,8,0
5320,-1812,-41,-2600,-2600,6,5,0
5321,-2053,-104,-2600,-2600,4,4,0
5322,-2034,-177,-2600,-2600,3,3,0
5323,-1422,-237,-2536,-2536,1,0,0
5324,174,-244,2274,2274,-1,-1,0
5325,1445,-199,2600,2600,-2,-2,0
5326,1706,-153,2600,2600,-1,0,0
5327,1969,-97,2600,2600,3,1,0
5328,2150,-35,2600,2600,3,3,0
5329,2116,41,2600,2600,4,4,0
5330,1108,93,2600,2600,5,4,0
5331,-671,77,1601,1601,7,7,0
5332,-1301,33,-2104,-2104,8,8,0
5333,-1255,-2,-2015,-2015,8,7,0
5334,-1471,-39,-2281,-2281,6,6,0
5335,-1898,-96,-2600,-2600,4,4,0
5336,-1993,-161,-2600,-2600,4,3,0
5337,-1759,-230,-2600,-2600,2,1,0
5338,-605,-264,-1642,-1642,-1,0,0
5339,939,-239,2600,2600,-2,-2,0
5340,1646,-191,2600,2600,-2,-2,0
5341,1829,-141,2600,2600,-1,0,0
5343,2113,-18,2600,2600,3,3,0
5344,1919,56,2600,2600,3,4,0
5345,586,89,2600,2600,6,5,0
5346,-980,59,-1793,-1793,6,7,0
5347,-1309,15,-2141,-2141,8,7,0
5348,-1274,-14,-2084,-2084,6,6,0
5349,-1690,-66,-2600,-2600,5,4,0
5350,-1872,-123,-2600,-2600,3,4,0
5351,-1871,-191,-2600,-2600,1,1,0
5352,-1257,-246,-2418,-2418,0,0,0
5353,299,-248,2347,2347,-2,-2,0
5354,1567,-201,2600,2600,-3,-4,0
5355,1849,-151,2600,2600,-3,-1,0
5356,2154,-90,2600,2600,0,0,0
5357,2342,-21,2600,2600,2,2,0
5358,2266,63,2600,2600,3,3,0
5360,-545,104,1702,1702,6,6,0
5361,-1256,62,-2109,-2109,6,7,0
5362,-1228,25,-2031,-2031,7,7,0
5363,-1428,-5,-2253,-2253,6,6,0
5364,-2134,-70,-2600,-2600,5,4,0
5365,-2281,-145,-2600,-2600,2,3,0
5366,-2035,-223,-2600,-2600,2,2,0
5367,-833,-264,-1930,-1930,-1,-1,0
5368,676,-248,2600,2600,-2,-3,0
5369,1388,-209,2600,2600,-4,-3,0
5370,1655,-167,2600,2600,-1,-1,0
5371,2034,-108,2600,2600,1,0,0
5372,2173,-44,2600,2600,3,2,0
5373,2046,36,2600,2600,3,3,0
5375,-973,46,-1825,-1825,6,7,0
5376,-1481,-3,-2392,-2392,7,7,0
5377,-1446,-45,-2335,-2335,7,5,0
5378,-1653,-91,-2600,-2600,4,5,0
5379,-1963,-150,-2600,-2600,2,3,0
5380,-2010,-217,-2600,-2600,2,0,0
5381,-1635,-284,-2600,-2600,-2,-1,0
5382,-19,-298,1888,1888,-2,-3,0
5383,1503,-254,2600,2600,-3,-4,0
5384,1790,-201,2600,2600,-4,-3,0
5385,1981,-149,2600,2600,-1,-2,0
5386,2320,-83,2600,2600,1,1,0
5387,2381,-3,2600,2600,3,1,0
5388,1753,69,2600,2600,4,2,0
5390,-1309,28,-2276,-2276,7,5,0
5391,-1305,-13,-2235,-2235,6,6,0
5392,-1312,-46,-2229,-2229,6,4,0
5393,-1757,-97,-2600,-2600,3,3,0
5394,-1997,-157,-2600,-2600,2,1,0
5395,-1971,-231,-2600,-2600,0,0,0
5396,-1083,-280,-2352,-2352,-1,-3,0
5397,800,-263,2600,2600,-3,-4,0
5398,1651,-209,2600,2600,-4,-4,0
5399,1552,-169,2600,2600,-1,-2,0
5400,1753,-119,2600,2600,1,-1,0
5401,1873,-63,2600,2600,3,2,0
5402,1754,6,2600,2600,3,2,0
5403,326,35,2587,2587,5,4,0
5404,-1433,-10,-2472,-2472,6,6,0
5405,-1761,-66,-2600,-2600,7,6,0
5407,-1742,-140,-2600,-2600,3,3,0
5408,-2279,-202,-2600,-2600,0,1,0
5409,-2354,-288,-2600,-2600,-3,-1,0
5410,-1617,-354,-2600,-2600,-3,-1,0
5411,-574,-386,-1997,-1997,-5,-4,0
5412,353,-377,2006,2006,-6,-5,0
5413,718,-359,2363,2363,-6,-5,0
5414,1243,-325,2600,2600,-5,-4,0
5415,1738,-275,2600,2600,-3,-2,0
5416,1784,-223,2600,2600,0,-1,0
5417,1709,-158,2600,2600,0,2,0
5418,655,-118,2600,2600,3,3,0
5420,-2274,-213,-2600,-2600,5,4,0
5421,-2335,-285,-2600,-2600,3,3,0
5422,-2352,-355,-2600,-2600,0,1,0
5423,-2479,-430,-2600,-2600,-1,-1,0
5424,-2345,-517,-2600,-2600,-3,-3,0
5425,-895,-560,-2600,-2600,-3,-4,0
5426,794,-535,2305,2305,-5,-5,0
5427,995,-504,2470,2470,-6,-7,0
5428,937,-486,2357,2357,-5,-5,0
5430,1838,-390,2600,2600,-2,-1,0
5431,1753,-322,2600,2600,0,-1,0
5432,689,-280,2388,2388,2,2,0
5433,-1197,-311,-2600,-2600,4,3,0
5434,-1990,-375,-2600,-2600,4,4,0
5435,-2012,-437,-2600,-2600,3,3,0
5436,-2129,-495,-2600,-2600,1,2,0
5437,-2541,-569,-2600,-2600,-2,-1,0
5438,-2695,-661,-2600,-2600,-2,-3,0
5439,-1995,-738,-2600,-2600,-3,-3,0
5440,24,-746,-1840,-1840,-5,-5,0
5441,1049,-712,2307,2307,-7,-7,0
5443,1110,-664,2292,2292,-5,-6,0
5444,1634,-616,2600,2600,-4,-3,0
5445,1680,-564,2600,2600,-2,-2,0
5446,1507,-505,2600,2600,0,-1,0
5447,696,-464,2125,2125,1,1,0
5448,-912,-478,-2600,-2600,3,4,0
5449,-2043,-543,-2600,-2600,2,3,0
5450,-2264,-608,-2600,-2600,2,1,0
5451,-2450,-681,-2600,-2600,-2,0,0
5452,-2645,-763,-2600,-2600,-2,-2,0
5453,-2465,-852,-2600,-2600,-3,-3,0
5454,-829,-890,-2600,-2600,-5,-5,0
5456,854,-838,1803,1803,-7,-8,0
5457,797,-825,1671,1671,-7,-7,0
5458,1434,-788,2436,2436,-6,-5,0
5459,1835,-732,2600,2600,-4,-4,0
5460,1719,-675,2600,2600,-3,-4,0
5461,1335,-619,2543,2543,-1,-1,0
5462,294,-593,-1601,-1601,0,1,0
5463,-1138,-622,-2600,-2600,3,1,0
5465,-2289,-742,-2600,-2600,0,0,0
5466,-2474,-815,-2600,-2600,-1,-2,0
5467,-2627,-900,-2600,-2600,-2,-2,0
5468,-2181,-980,-2600,-2600,-4,-5,0
5469,-486,-1003,-2600,-2600,-5,-6,0
5470,516,-985,-1752,-1752,-6,-7,0
5471,434,-976,-1920,-1920,-7,-7,0
5472,652,-966,-1726,-1726,-7,-8,0
5473,1311,-927,2025,2025,-8,-8,0
5474,1425,-881,2162,2162,-7,-7,0
5475,1186,-842,1885,1885,-6,-7,0
5477,830,-789,1548,1548,-4,-4,0
5478,707,-764,-1548,-1548,-3,-4,0
5479,451,-740,-1797,-1797,-3,-3,0
5480,-182,-735,-2534,-2534,-3,-4,0
5481,-882,-759,-2600,-2600,-3,-4,0
5482,-1190,-794,-2600,-2600,-6,-5,0
5483,-1359,-844,-2600,-2600,-6,-7,0
5484,-998,-888,-2600,-2600,-7,-7,0
5485,196,-889,-2402,-2402,-8,-9,0
5486,1202,-852,1760,1760,-9,-10,0
5487,1383,-809,1940,1940,-10,-10,0
5489,1806,-726,2498,2498,-6,-7,0
5490,1903,-670,2600,2600,-7,-7,0
5491,1801,-606,2600,2600,-4,-5,0
5492,1250,-551,2130,2130,-1,-3,0
5493,18,-535,-2239,-2239,-1,-1,0
5494,-1340,-574,-2600,-2600,1,0,0
5495,-1942,-635,-2600,-2600,-1,0,0
5496,-2110,-703,-2600,-2600,-2,-3,0
5497,-2153,-771,-2600,-2600,-3,-4,0
5498,-2163,-844,-2600,-2600,-5,-5,0
5499,-1681,-910,-2600,-2600,-5,-7,0
5501,1201,-881,1809,1809,-8,-10,0
5502,1182,-850,1739,1739,-9,-9,0
5503,1336,-822,1894,1894,-8,-9,0
5504,2061,-766,2600,2600,-7,-7,0
5505,2316,-698,2600,2600,-5,-7,0
5506,2267,-621,2600,2600,-4,-4,0
5507,1765,-550,2600,2600,-3,-4,0
5509,-585,-533,-2600,-2600,1,1,0
5510,-1242,-569,-2600,-2600,2,1,0
5511,-1706,-612,-2600,-2600,0,0,0
5512,-2236,-683,-2600,-2600,-3,-3,0
5513,-2302,-761,-2600,-2600,-3,-3,0
5514,-1804,-832,-2600,-2600,-5,-6,0
5515,153,-838,-2226,-2226,-5,-6,0
5516,1413,-795,2244,2244,-8,-7,0
5517,1433,-753,2239,2239,-7,-8,0
5518,1453,-721,2235,2235,-7,-8,0
5520,2361,-597,2600,2600,-3,-4,0
5521,2327,-515,2600,2600,-1,-2,0
5522,1541,-448,2600,2600,0,-1,0
5523,-241,-441,-2252,-2252,1,3,0
5524,-1432,-486,-2600,-2600,3,2,0
5525,-1681,-530,-2600,-2600,1,2,0
5526,-2073,-590,-2600,-2600,0,-1,0
5527,-2345,-660,-2600,-2600,-2,-2,0
5528,-2400,-746,-2600,-2600,-3,-4,0
5529,-1192,-796,-2600,-2600,-5,-4,0
5531,1052,-742,1917,1917,-7,-7,0
5532,906,-723,1687,1687,-7,-7,0
5533,1390,-689,2249,2249,-6,-7,0
5534,1859,-632,2600,2600,-5,-4,0
5535,1762,-574,2600,2600,-3,-4,0
5536,1406,-519,2505,2505,-1,-1,0
5538,-636,-488,-2600,-2600,1,1,0
5539,-1769,-538,-2600,-2600,3,1,0
5540,-2209,-606,-2600,-2600,0,0,0
5541,-2319,-674,-2600,-2600,-1,-2,0
5542,-2490,-754,-2600,-2600,-2,-3,0
5543,-2226,-835,-2600,-2600,-4,-4,0
5544,-703,-866,-2600,-2600,-4,-6,0
5545,515,-847,-1817,-1817,-6,-7,0
5546,515,-834,-1893,-1893,-7,-8,0
5547,627,-825,-1845,-1845,-8,-9,0
5549,1411,-744,2061,2061,-7,-8,0
5550,1238,-705,1866,1866,-6,-7,0
5551,1043,-673,1662,1662,-5,-6,0
5552,917,-645,1557,1557,-4,-5,0
5553,778,-619,-1550,-1550,-3,-4,0
5554,565,-592,-1751,-1751,-3,-4,0
5556,-648,-597,-2600,-2600,-4,-5,0
5557,-988,-624,-2600,-2600,-4,-6,0
5558,-1221,-668,-2600,-2600,-6,-6,0
5559,-988,-712,-2600,-2600,-8,-8,0
5560,84,-717,-2600,-2600,-8,-10,0
5561,1110,-684,1591,1591,-9,-9,0
5562,1420,-638,1923,1923,-10,-11,0
5564,1568,-564,2113,2113,-8,-8,0
5565,1768,-511,2409,2409,-7,-7,0
5566,1676,-458,2374,2374,-5,-7,0
5567,1411,-403,2179,2179,-3,-4,0
5568,571,-367,-1717,-1717,-2,-3,0
5569,-843,-383,-2600,-2600,-2,-1,0
5571,-2061,-497,-2600,-2600,-2,-3,0
5572,-2196,-561,-2600,-2600,-4,-4,0
5573,-2380,-635,-2600,-2600,-5,-6,0
5574,-2227,-717,-2600,-2600,-6,-6,0
5575,-704,-749,-2600,-2600,-7,-8,0
5576,586,-729,-2054,-2054,-9,-10,0
5577,585,-709,-2112,-2112,-9,-10,0
5579,995,-682,-1733,-1733,-9,-10,0
5580,1477,-635,1815,1815,-11,-11,0
5581,1406,-590,1708,1708,-10,-12,0
5582,1285,-551,1565,1565,-10,-10,0
5583,1245,-513,1553,1553,-8,-9,0
5585,1071,-444,-1553,-1553,-6,-7,0
5586,920,-413,-1694,-1694,-7,-8,0
5587,692,-387,-1923,-1923,-7,-7,0
5588,204,-373,-2469,-2469,-6,-7,0
5589,-445,-385,-2600,-2600,-8,-8,0
5590,-708,-404,-2600,-2600,-8,-9,0
5591,-943,-431,-2600,-2600,-10,-10,0
5592,-955,-474,-2600,-2600,-9,-10,0
5594,1348,-439,1600,1600,-12,-13,0
5595,1403,-393,1642,1642,-12,-13,0
5596,1249,-364,-1571,-1571,-12,-13,0
5597,1617,-320,1902,1902,-10,-11,0
5598,1866,-263,2236,2236,-11,-11,0
5600,1495,-157,1945,1945,-8,-8,0
5601,1151,-119,1632,1632,-6,-7,0
5602,696,-89,-1803,-1803,-5,-5,0
5603,-320,-88,-2600,-2600,-5,-5,0
5604,-1294,-122,-2600,-2600,-6,-5,0
5605,-1744,-186,-2600,-2600,-6,-6,0
5606,-1478,-243,-2600,-2600,-8,-6,0
5608,-315,-306,-2600,-2600,-10,-8,0
5609,630,-295,-2037,-2037,-10,-10,0
5610,1367,-260,1838,1838,-11,-9,0
5611,1582,-225,2062,2062,-12,-11,0
5613,2483,-110,2600,2600,-7,-6,0
5614,2482,-41,2600,2600,-6,-4,0
5615,2193,19,2600,2600,-3,-2,0
5616,1811,70,2600,2600,-1,1,0
5617,1385,111,2600,2600,0,2,0
5618,814,135,2134,2134,3,5,0
5620,-454,134,-2080,-2080,5,6,0
5621,-1212,106,-2600,-2600,4,5,0
5622,-2059,46,-2600,-2600,4,4,0
5623,-2446,-26,-2600,-2600,1,3,0
5624,-2541,-113,-2600,-2600,-1,0,0
5625,-1949,-190,-2600,-2600,-2,-2,0
5627,1310,-162,2600,2600,-6,-5,0
5628,1388,-122,2600,2600,-4,-4,0
5629,1393,-92,2600,2600,-3,-2,0
5630,1800,-41,2600,2600,-1,-1,0
5631,1909,16,2600,2600,2,2,0
5633,412,118,2073,2073,3,4,0
5634,-1448,74,-2600,-2600,5,5,0
5635,-2071,8,-2600,-2600,6,7,0
5636,-2087,-57,-2600,-2600,4,5,0
5637,-2066,-119,-2600,-2600,2,3,0
5638,-2181,-184,-2600,-2600,2,1,0
5640,-1784,-332,-2600,-2600,-1,-2,0
5641,-22,-345,-1863,-1863,-4,-4,0
5642,1288,-304,2600,2600,-4,-5,0
5643,1282,-265,2591,2591,-5,-5,0
5645,1959,-181,2600,2600,-2,-2,0
5646,2157,-117,2600,2600,1,1,0
5647,2077,-36,2600,2600,2,1,0
5648,757,6,2349,2349,3,4,0
5649,-1346,-30,-2600,-2600,5,5,0
5650,-2141,-98,-2600,-2600,5,6,0
5652,-2174,-230,-2600,-2600,1,1,0
5653,-2279,-299,-2600,-2600,0,0,0
5654,-2241,-381,-2600,-2600,-1,-1,0
5655,-1300,-437,-2600,-2600,-1,-4,0
5656,521,-426,1638,1638,-4,-4,0
5657,1218,-386,2398,2398,-6,-6,0
5659,1484,-328,2600,2600,-3,-3,0
5660,2122,-266,2600,2600,-1,-1,0
5661,2097,-194,2600,2600,0,-1,0
5662,1521,-128,2600,2600,3,1,0
5663,-67,-116,-1806,-1806,3,2,0
5665,-1926,-217,-2600,-2600,3,3,0
5666,-2046,-279,-2600,-2600,3,1,0
5667,-2122,-344,-2600,-2600,-1,-1,0
5668,-2041,-418,-2600,-2600,-2,-1,0
5669,-1312,-472,-2600,-2600,-2,-4,0
5670,140,-473,-1958,-1958,-4,-5,0
5671,1049,-440,2062,2062,-6,-6,0
5673,1470,-379,2499,2499,-5,-4,0
5674,1976,-320,2600,2600,-3,-4,0
5675,1977,-259,2600,2600,-1,-1,0
5676,1773,-190,2600,2600,1,0,0
5678,-585,-151,-2497,-2497,3,4,0
5679,-1773,-201,-2600,-2600,4,4,0
5680,-2293,-273,-2600,-2600,3,3,0
5681,-2385,-344,-2600,-2600,1,0,0
5682,-2475,-419,-2600,-2600,-1,0,0
5683,-2426,-508,-2600,-2600,-2,-3,0
5684,-1234,-561,-2600,-2600,-3,-3,0
5685,535,-545,-1603,-1603,-5,-5,0
5687,776,-501,1564,1564,-5,-6,0
5688,1339,-466,2223,2223,-5,-5,0
5689,1744,-413,2600,2600,-5,-4,0
5690,1687,-361,2600,2600,-2,-3,0
5692,1188,-261,2323,2323,1,0,0
5693,160,-238,-1794,-1794,2,3,0
5694,-1324,-272,-2600,-2600,3,3,0
5695,-2084,-335,-2600,-2600,1,2,0
5696,-2269,-404,-2600,-2600,0,1,0
5697,-2351,-474,-2600,-2600,-2,-1,0
5699,-1238,-614,-2600,-2600,-5,-4,0
5700,727,-595,-1545,-1545,-6,-5,0
5701,1250,-553,2025,2025,-7,-7,0
5702,996,-530,1659,1659,-7,-7,0
5703,1315,-501,2020,2020,-6,-6,0
5704,1946,-443,2600,2600,-5,-5,0
5706,1833,-322,2600,2600,-2,-1,0
5707,1472,-265,2508,2508,0,-1,0
5708,454,-234,-1600,-1600,0,2,0
5709,-1014,-255,-2600,-2600,3,3,0
5710,-1892,-310,-2600,-2600,1,4,0
5712,-2349,-447,-2600,-2600,-2,-1,0
5713,-2465,-525,-2600,-2600,-3,-2,0
5714,-2209,-608,-2600,-2600,-4,-3,0
5715,-533,-637,-2600,-2600,-6,-5,0
5716,980,-606,1639,1639,-7,-6,0
5717,1094,-573,1703,1703,-8,-8,0
5719,1724,-503,2427,2427,-6,-6,0
5720,1987,-443,2600,2600,-6,-4,0
5721,1860,-383,2600,2600,-4,-4,0
5722,1541,-325,2417,2417,-2,-2,0
5724,-58,-272,-2276,-2276,1,2,0
5725,-1282,-306,-2600,-2600,1,2,0
5726,-1975,-366,-2600,-2600,0,2,0
5727,-2166,-432,-2600,-2600,-2,-1,0
5728,-2285,-501,-2600,-2600,-3,-2,0
5729,-2223,-582,-2600,-2600,-4,-3,0
5731,643,-609,-1826,-1826,-7,-5,0
5732,1026,-578,1564,1564,-8,-8,0
5733,956,-557,-1576,-1576,-8,-7,0
5734,1488,-521,2043,2043,-8,-6,0
5736,1969,-402,2600,2600,-5,-5,0
5737,1811,-344,2586,2586,-4,-3,0
5738,1521,-286,2339,2339,-2,-3,0
5739,777,-247,1560,1560,-1,0,0
5740,-307,-249,-2600,-2600,1,2,0
5742,-1885,-340,-2600,-2600,-2,-1,0
5743,-2155,-406,-2600,-2600,-2,-1,0
5744,-2257,-479,-2600,-2600,-4,-3,0
5745,-1892,-551,-2600,-2600,-4,-5,0
5747,1134,-537,1702,1702,-7,-7,0
5748,1207,-500,1719,1719,-9,-9,0
5749,1164,-476,1632,1632,-8,-7,0
5750,1845,-426,2466,2466,-7,-6,0
5751,2203,-360,2600,2600,-5,-7,0
5752,2136,-292,2600,2600,-4,-4,0
5754,952,-176,1784,1784,0,-1,0
5755,-547,-186,-2600,-2600,2,2,0
5756,-1502,-229,-2600,-2600,1,2,0
5757,-1935,-286,-2600,-2600,0,0,0
5758,-2183,-352,-2600,-2600,-3,-1,0
5760,-2205,-504,-2600,-2600,-5,-4,0
5761,-926,-547,-2600,-2600,-6,-6,0
5762,749,-527,-1762,-1762,-7,-7,0
5763,1156,-490,1673,1673,-8,-8,0
5764,1063,-467,1519,1519,-8,-7,0
5765,1537,-426,2080,2080,-7,-7,0
5766,1850,-371,2470,2470,-7,-7,0
5767,1766,-318,2426,2426,-5,-5,0
5769,1429,-214,2224,2224,-2,-1,0
5770,745,-176,1527,1527,0,0,0
5771,-631,-186,-2600,-2600,2,1,0
5772,-1649,-235,-2600,-2600,0,0,0
5773,-2001,-297,-2600,-2600,-1,0,0
5774,-2076,-361,-2600,-2600,-3,-2,0
5775,-2114,-434,-2600,-2600,-4,-4,0
5776,-1538,-496,-2600,-2600,-6,-5,0
5778,1295,-458,1874,1874,-7,-7,0
5779,1185,-429,1668,1668,-9,-9,0
5780,1437,-398,1945,1945,-8,-7,0
5781,2167,-333,2600,2600,-7,-7,0
5782,2298,-262,2600,2600,-7,-5,0
5783,2095,-198,2600,2600,-4,-4,0
5784,1918,-136,2600,2600,-1,-1,0
5785,1371,-81,2311,2311,-1,0,0
5786,87,-63,-2116,-2116,1,1,0
5788,-1583,-144,-2600,-2600,2,2,0
5789,-1679,-194,-2600,-2600,-1,-1,0
5790,-1818,-249,-2600,-2600,-2,-2,0
5791,-1877,-316,-2600,-2600,-4,-4,0
5792,-1246,-371,-2600,-2600,-5,-5,0
5793,516,-365,-1883,-1883,-6,-6,0
5795,1507,-280,2220,2220,-8,-7,0
5796,1865,-235,2600,2600,-5,-6,0
5797,2326,-164,2600,2600,-5,-4,0
5798,2114,-99,2600,2600,-2,-3,0
5799,1731,-45,2600,2600,-1,0,0
5800,1276,4,2409,2409,2,2,0
5801,420,32,1521,1521,3,3,0
5802,-732,17,-2600,-2600,4,5,0
5804,-2060,-96,-2600,-2600,2,3,0
5805,-2132,-160,-2600,-2600,0,1,0
5806,-2221,-235,-2600,-2600,-2,-1,0
5807,-1736,-306,-2600,-2600,-3,-2,0
5808,43,-318,-2157,-2157,-4,-4,0
5809,1310,-278,2308,2308,-5,-6,0
5810,1413,-239,2381,2381,-6,-6,0
5812,2296,-140,2600,2600,-3,-3,0
5813,2240,-73,2600,2600,1,0,0
5814,1837,-5,2600,2600,2,2,0
5815,973,40,2305,2305,2,3,0
5816,-128,44,-1897,-1897,5,5,0
5818,-1515,-31,-2600,-2600,4,5,0
5819,-1722,-83,-2600,-2600,2,3,0
5820,-1823,-137,-2600,-2600,1,0,0
5821,-1873,-203,-2600,-2600,0,0,0
5822,-1224,-258,-2600,-2600,-2,-3,0
5823,549,-252,1619,1619,-4,-3,0
5824,1508,-205,2600,2600,-4,-5,0
5825,1413,-169,2592,2592,-3,-4,0
5827,2047,-64,2600,2600,0,0,0
5828,1919,-3,2600,2600,3,1,0
5829,1542,59,2600,2600,4,3,0
5830,337,84,1783,1783,4,4,0
5831,-1160,49,-2600,-2600,7,6,0
5833,-1653,-48,-2600,-2600,3,4,0
5834,-1862,-103,-2600,-2600,3,1,0
5835,-1960,-166,-2600,-2600,0,0,0
5836,-1721,-236,-2600,-2600,-2,-2,0
5837,-276,-259,-2275,-2275,-2,-3,0
5838,1345,-219,2600,2600,-3,-5,0
5839,1663,-166,2600,2600,-5,-5,0
5841,2079,-73,2600,2600,-1,-1,0
5842,2330,-3,2600,2600,3,0,0
5843,2156,78,2600,2600,2,2,0
5844,970,126,2534,2534,4,3,0
5845,-934,100,-2600,-2600,6,4,0
5847,-1583,-3,-2600,-2600,5,5,0
5848,-1641,-48,-2600,-2600,4,3,0
5849,-1964,-106,-2600,-2600,1,1,0
5850,-2103,-173,-2600,-2600,0,-1,0
5851,-1804,-245,-2600,-2600,-2,-1,0
5852,-37,-260,-1988,-1988,-3,-3,0
5853,1511,-213,2600,2600,-5,-4,0
5855,1687,-120,2600,2600,-4,-4,0
5856,2165,-60,2600,2600,-1,-2,0
5857,2403,10,2600,2600,0,0,0
5858,2362,97,2600,2600,1,2,0
5859,1292,156,2600,2600,3,4,0
5860,-718,139,-2445,-2445,4,4,0
5862,-1493,40,-2600,-2600,3,4,0
5863,-1560,-5,-2600,-2600,2,3,0
5864,-1729,-57,-2600,-2600,-1,0,0
5865,-1780,-120,-2600,-2600,-1,-2,0
5866,-1177,-173,-2600,-2600,-3,-3,0
5867,712,-164,1871,1871,-4,-4,0
5869,1820,-51,2600,2600,-5,-5,0
5870,1880,-4,2600,2600,-3,-3,0
5871,2358,62,2600,2600,-1,0,0
5872,2449,141,2600,2600,1,0,0
5873,2012,221,2600,2600,3,3,0
5874,101,239,1562,1562,3,4,0
5876,-1582,141,-2600,-2600,5,6,0
5877,-1486,98,-2600,-2600,3,3,0
5878,-1647,49,-2600,-2600,1,2,0
5879,-1803,-6,-2600,-2600,0,0,0
5880,-1784,-74,-2600,-2600,-1,-3,0
5881,-850,-117,-2600,-2600,-3,-2,0
5883,1768,-42,2600,2600,-5,-6,0
5884,1714,3,2600,2600,-3,-4,0
5885,1969,58,2600,2600,-1,-1,0
5886,2177,121,2600,2600,0,0,0
5887,2160,199,2600,2600,2,1,0
5888,1295,258,2600,2600,3,3,0
5890,-1708,186,-2600,-2600,5,6,0
5891,-1651,132,-2600,-2600,6,4,0
5892,-1609,85,-2600,-2600,2,3,0
5893,-1782,32,-2600,-2600,0,0,0
5894,-1879,-28,-2600,-2600,-2,-2,0
5895,-1541,-93,-2600,-2600,-3,-2,0
5897,1781,-46,2600,2600,-5,-6,0
5898,1911,12,2600,2600,-6,-5,0
5899,1809,60,2600,2600,-4,-4,0
5900,2015,119,2600,2600,-1,-1,0
5901,2106,180,2600,2600,1,1,0
5902,2059,259,2600,2600,2,2,0
5903,834,304,2469,2469,2,4,0
5905,-1786,210,-2600,-2600,5,5,0
5906,-1734,158,-2600,-2600,3,3,0
5907,-1850,103,-2600,-2600,1,1,0
5908,-2023,41,-2600,-2600,0,0,0
5909,-1948,-33,-2600,-2600,-1,-1,0
5910,-770,-74,-2600,-2600,-3,-3,0
5912,1447,-2,2600,2600,-5,-5,0
5913,1386,29,2600,2600,-4,-4,0
5914,1925,81,2600,2600,-2,-3,0
5915,2321,148,2600,2600,0,0,0
5916,2279,235,2600,2600,2,2,0
5917,1036,286,2600,2600,2,4,0
5918,-1042,257,-2600,-2600,6,4,0
5920,-1728,143,-2600,-2600,4,3,0
5921,-1692,92,-2600,-2600,0,1,0
5922,-1779,38,-2600,-2600,0,-1,0
5923,-1756,-29,-2600,-2600,-3,-2,0
5924,-765,-70,-2600,-2600,-3,-4,0
5926,1754,10,2600,2600,-5,-5,0
5927,1659,51,2600,2600,-5,-5,0
5928,2076,108,2600,2600,-2,-2,0
5929,2412,179,2600,2600,-1,-1,0
5930,2376,267,2600,2600,1,1,0
5931,1263,325,2600,2600,3,3,0
5932,-723,308,-2368,-2368,3,4,0
5934,-1538,204,-2600,-2600,4,5,0
5935,-1604,165,-2600,-2600,2,2,0
5936,-2125,100,-2600,-2600,0,0,0
5937,-2200,22,-2600,-2600,0,-1,0
5938,-1526,-42,-2600,-2600,-2,-2,0
5940,1395,0,2600,2600,-4,-5,0
5941,1356,38,2600,2600,-4,-5,0
5942,1524,73,2600,2600,-3,-3,0
5943,1968,130,2600,2600,-1,0,0
5944,2047,191,2600,2600,1,1,0
5945,1834,265,2600,2600,2,2,0
5946,198,288,1721,1721,3,3,0
5947,-1523,236,-2600,-2600,5,6,0
5948,-1662,180,-2600,-2600,5,5,0
5949,-1548,138,-2600,-2600,3,4,0
5951,-2046,17,-2600,-2600,0,-1,0
5952,-1911,-58,-2600,-2600,-3,-2,0
5953,-528,-92,-2496,-2496,-3,-3,0
5954,1348,-54,2600,2600,-5,-6,0
5955,1776,1,2600,2600,-5,-5,0
5956,1665,46,2600,2600,-6,-5,0
5957,1997,96,2600,2600,-1,-3,0
5959,2535,260,2600,2600,1,0,0
5960,1458,323,2600,2600,3,3,0
5961,-578,311,-2185,-2185,4,4,0
5962,-1411,264,-2600,-2600,5,5,0
5963,-1419,225,-2600,-2600,4,4,0
5964,-1678,175,-2600,-2600,1,1,0
5965,-1861,119,-2600,-2600,-1,-1,0
5966,-1852,48,-2600,-2600,-3,-1,0
5967,-921,1,-2600,-2600,-2,-3,0
5969,1985,88,2600,2600,-5,-6,0
5970,1906,146,2600,2600,-5,-5,0
5971,1902,196,2600,2600,-3,-3,0
5972,2195,258,2600,2600,0,0,0
5973,2299,333,2600,2600,1,2,0
5974,1773,406,2600,2600,3,2,0
5975,-214,412,-1657,-1657,4,4,0
5976,-1494,362,-2600,-2600,4,6,0
5977,-1551,311,-2600,-2600,4,4,0
5978,-1510,264,-2600,-2600,3,2,0
5979,-1534,218,-2600,-2600,0,1,0
5981,-1416,108,-2600,-2600,-3,-1,0
5982,-36,89,-1792,-1792,-4,-4,0
5983,1676,139,2600,2600,-6,-5,0
5984,1993,200,2600,2600,-5,-5,0
5985,1917,250,2600,2600,-3,-2,0
5986,2141,311,2600,2600,-2,-1,0
5987,2243,377,2600,2600,2,1,0
5988,2101,459,2600,2600,1,3,0
5989,545,492,2328,2328,4,4,0
5991,-1676,393,-2600,-2600,7,6,0
5992,-1514,345,-2600,-2600,4,5,0
5993,-1650,300,-2600,-2600,1,2,0
5994,-1948,241,-2600,-2600,0,0,0
5995,-1940,170,-2600,-2600,-1,-1,0
5996,-1079,118,-2600,-2600,-3,-3,0
5998,1878,194,2600,2600,-5,-5,0
5999,1785,242,2600,2600,-6,-5,0
6000,2054,293,2600,2600,-2,-3,0
6001,2590,368,2600,2600,0,0,0
6002,2661,460,2600,2600,1,0,0
6003,1865,535,2600,2600,3,3,0
6004,-217,534,-1529,-1529,3,4,0
6005,-1304,489,-2600,-2600,5,5,0
6006,-1266,449,-2600,-2600,5,5,0
6007,-1294,417,-2600,-2600,3,3,0
6009,-1677,310,-2600,-2600,0,-1,0
6010,-1402,249,-2600,-2600,-3,-2,0
6011,-112,228,-1692,-1692,-2,-4,0
6012,1494,269,2600,2600,-6,-5,0
6013,2084,333,2600,2600,-5,-6,0
6014,2103,392,2600,2600,-3,-3,0
6015,2280,456,2600,2600,0,-1,0
6016,2443,528,2600,2600,0,-1,0
6017,2389,614,2600,2600,2,1,0
6018,1148,664,2600,2600,4,2,0
6020,-969,604,-2236,-2236,6,5,0
6021,-734,587,-1893,-1893,6,4,0
6022,-1160,562,-2413,-2413,2,3,0
6023,-1831,504,-2600,-2600,3,1,0
6024,-1789,439,-2600,-2600,0,0,0
6025,-1237,383,-2600,-2600,-1,-1,0
6026,146,372,1805,1805,-2,-4,0
6027,1498,413,2600,2600,-4,-4,0
6028,2018,473,2600,2600,-2,-4,0
6029,2109,534,2600,2600,-1,-1,0
6030,2182,595,2600,2600,1,0,0
6031,2297,667,2600,2600,1,2,0
6033,-88,745,1951,1951,5,5,0
6034,-1135,703,-2255,-2255,5,6,0
6035,-996,670,-2026,-2026,7,6,0
6036,-1092,646,-2133,-2133,4,4,0
6037,-1711,592,-2600,-2600,3,3,0
6039,-1506,471,-2600,-2600,0,0,0
6040,-447,439,-1694,-1694,-1,-1,0
6041,1102,463,2600,2600,-2,-4,0
6042,1805,515,2600,2600,-2,-4,0
6043,1944,568,2600,2600,-1,-1,0
6044,2159,626,2600,2600,2,0,0
6045,2402,697,2600,2600,3,2,0
6046,2225,781,2600,2600,4,3,0
6047,425,806,2600,2600,5,5,0
6048,-1008,768,-1945,-1945,7,6,0
6049,-978,733,-1869,-1869,6,6,0
6050,-985,715,-1834,-1834,6,6,0
6052,-1786,604,-2600,-2600,4,4,0
6053,-1614,543,-2600,-2600,1,1,0
6054,-1001,496,-2138,-2138,1,0,0
6055,173,486,2186,2186,-1,-1,0
6056,1275,519,2600,2600,-2,-3,0
6057,1837,570,2600,2600,0,-1,0
6058,2084,628,2600,2600,0,1,0
6059,2259,692,2600,2600,2,1,0
6060,2364,774,2600,2600,3,4,0
6061,1432,833,2600,2600,5,4,0
6062,-349,822,1939,1939,6,6,0
6064,-698,772,1638,1638,7,7,0
6065,-1147,745,-1863,-1863,7,7,0
6066,-1756,687,-2600,-2600,7,6,0
6067,-1689,630,-2561,-2561,5,6,0
6068,-1485,579,-2380,-2380,4,4,0
6069,-1236,533,-2187,-2187,2,1,0
6070,-757,493,-1721,-1721,1,0,0
6071,252,485,2391,2391,-2,0,0
6072,1370,520,2600,2600,-1,-1,0
6074,2267,641,2600,2600,3,1,0
6075,2434,714,2600,2600,2,3,0
6076,2218,796,2600,2600,4,4,0
6077,669,826,2600,2600,6,5,0
6078,-614,801,1743,1743,7,7,0
6079,-668,777,1748,1748,8,8,0
6080,-673,766,1820,1820,9,8,0
6081,-1296,732,-1897,-1897,8,8,0
6082,-1728,673,-2416,-2416,8,8,0
6084,-1378,575,-2078,-2078,6,5,0
6085,-1243,534,-1998,-1998,3,4,0
6086,-1072,489,-1902,-1902,2,2,0
6087,-451,457,1747,1747,1,2,0
6088,559,464,2600,2600,1,0,0
6089,1380,500,2600,2600,1,1,0
6090,1868,554,2600,2600,2,3,0
6091,2019,612,2600,2600,4,3,0
6092,2034,684,2600,2600,6,5,0
6094,-357,720,2130,2130,7,7,0
6095,-855,689,1597,1597,9,9,0
6096,-806,669,1708,1708,8,9,0
6097,-1141,642,-1641,-1641,10,9,0
6098,-1669,586,-2289,-2289,8,8,0
6099,-1617,532,-2246,-2246,8,8,0
6100,-1407,486,-2060,-2060,6,5,0
6101,-1238,444,-1925,-1925,5,5,0
6102,-1065,401,-1811,-1811,3,4,0
6103,-542,370,1723,1723,3,2,0
6105,922,388,2600,2600,3,3,0
6106,1509,429,2600,2600,3,4,0
6107,1835,485,2600,2600,5,4,0
6108,1760,550,2600,2600,7,6,0
6109,943,591,2600,2600,7,7,0
6110,-320,582,2235,2235,8,8,0
6111,-1062,546,-1606,-1606,9,10,0
6112,-1160,511,-1677,-1677,10,10,0
6113,-1240,483,-1762,-1762,9,8,0
6115,-1705,374,-2400,-2400,7,7,0
6116,-1585,318,-2349,-2349,5,5,0
6117,-1223,267,-2025,-2025,3,4,0
6118,-475,240,1775,1775,2,3,0
6119,372,243,2600,2600,1,1,0
6120,1252,274,2600,2600,3,2,0
6121,1997,329,2600,2600,2,4,0
6123,2305,480,2600,2600,5,6,0
6124,1255,533,2600,2600,7,7,0
6125,-517,517,1983,1983,8,8,0
6126,-1110,478,-1693,-1693,9,9,0
6127,-995,443,-1514,-1514,9,10,0
6128,-941,422,1572,1572,8,9,0
6129,-1334,380,-1913,-1913,8,8,0
6130,-1424,334,-2062,-2062,7,7,0
6131,-1311,291,-1975,-1975,7,6,0
6132,-1191,250,-1905,-1905,4,6,0
6133,-926,208,-1675,-1675,4,4,0
6135,739,208,2600,2600,2,2,0
6136,1327,245,2600,2600,4,4,0
6137,1569,288,2600,2600,5,4,0
6138,1757,339,2600,2600,6,6,0
6139,1732,406,2600,2600,7,7,0
6140,580,436,2600,2600,7,8,0
6141,-777,410,1745,1745,10,10,0
6143,-1102,343,-1558,-1558,11,11,0
6144,-1436,309,-1958,-1958,9,9,0
6145,-1928,248,-2577,-2577,9,9,0
6146,-1952,185,-2600,-2600,7,7,0
6147,-1823,120,-2600,-2600,6,5,0
6148,-1367,64,-2201,-2201,4,4,0
6149,-341,40,1903,1903,1,2,0
6150,966,63,2600,2600,1,1,0
6152,2124,171,2600,2600,2,3,0
6153,2419,240,2600,2600,4,5,0
6154,2616,323,2600,2600,5,5,0
6155,2158,405,2600,2600,7,6,0
6156,400,426,2600,2600,7,8,0
6157,-662,401,1844,1844,8,9,0
6158,-642,380,1927,1927,10,9,0
6159,-711,367,1921,1921,10,11,0
6160,-1366,330,-1847,-1847,10,9,0
6161,-1722,272,-2262,-2262,10,11,0
6163,-1512,174,-2090,-2090,8,8,0
6164,-1477,126,-2146,-2146,5,5,0
6165,-1344,73,-2091,-2091,4,5,0
6166,-669,37,1609,1609,3,3,0
6167,497,43,2600,2600,2,3,0
6168,1419,81,2600,2600,3,2,0
6169,1848,135,2600,2600,4,4,0
6171,2149,263,2600,2600,6,6,0
6172,1586,327,2600,2600,6,7,0
6173,-96,329,2552,2552,9,9,0
6174,-967,295,1559,1559,10,10,0
6175,-871,266,1709,1709,9,10,0
6176,-901,249,1729,1729,11,10,0
6177,-1564,202,-2069,-2069,9,10,0
6178,-1801,144,-2353,-2353,11,10,0
6179,-1716,89,-2295,-2295,8,9,0
6181,-1563,-16,-2291,-2291,5,6,0
6182,-1159,-67,-1943,-1943,3,3,0
6183,45,-79,2397,2397,2,2,0
6184,1335,-40,2600,2600,2,2,0
6185,1747,12,2600,2600,2,2,0
6186,1861,64,2600,2600,4,4,0
6187,2021,121,2600,2600,7,6,0
6188,2159,196,2600,2600,5,6,0
6189,1284,253,2600,2600,8,8,0
6190,-512,239,2047,2047,8,9,0
6191,-1106,200,-1610,-1610,11,10,0
6193,-1038,149,1541,1541,10,10,0
6194,-1554,99,-2094,-2094,9,9,0
6195,-1580,48,-2157,-2157,9,8,0
6196,-1496,1,-2105,-2105,7,8,0
6197,-1443,-46,-2111,-2111,7,6,0
6198,-1250,-96,-1985,-1985,4,5,0
6199,-576,-126,1736,1736,4,4,0
6200,558,-115,2600,2600,2,2,0
6201,1352,-76,2600,2600,3,3,0
6202,1575,-32,2600,2600,5,4,0
6203,1705,16,2600,2600,7,7,0
6204,1778,82,2600,2600,7,6,0
6205,844,125,2600,2600,8,8,0
6207,-1185,62,-1721,-1721,11,9,0
6208,-1124,35,-1602,-1602,10,11,0
6209,-1562,-6,-2128,-2128,10,9,0
6210,-1999,-68,-2600,-2600,8,8,0
6211,-2030,-132,-2600,-2600,7,8,0
6212,-1921,-201,-2600,-2600,6,5,0
6213,-1382,-258,-2281,-2281,3,3,0
6214,-144,-274,2097,2097,2,2,0
6215,1061,-246,2600,2600,0,0,0
6216,1653,-201,2600,2600,1,1,0
6217,2063,-146,2600,2600,2,2,0
6218,2441,-75,2600,2600,4,3,0
6219,2486,9,2600,2600,5,6,0
6221,328,106,2600,2600,7,8,0
6222,-824,78,1581,1581,9,8,0
6223,-897,47,1556,1556,10,10,0
6224,-904,30,1610,1610,10,10,0
6225,-1527,-10,-2130,-2130,9,9,0
6226,-1995,-74,-2600,-2600,10,9,0
6227,-1966,-135,-2600,-2600,8,8,0
6228,-1916,-196,-2600,-2600,6,6,0
6229,-1775,-261,-2600,-2600,4,4,0
6230,-1124,-311,-2044,-2044,3,2,0
6231,335,-310,2578,2578,0,-1,0
6232,1501,-265,2600,2600,0,0,0
6233,1886,-215,2600,2600,1,1,0
6234,2272,-149,2600,2600,4,3,0
6235,2424,-75,2600,2600,4,3,0
6237,1041,58,2600,2600,7,7,0
6238,-593,39,1802,1802,8,7,0
6239,-973,5,-1593,-1593,10,9,0
6240,-907,-18,1514,1514,8,8,0
6241,-1213,-45,-1817,-1817,9,9,0
6242,-1782,-100,-2529,-2529,8,7,0
6243,-1864,-159,-2600,-2600,7,7,0
6244,-1813,-221,-2600,-2600,5,5,0
6245,-1544,-279,-2489,-2489,4,3,0
6247,651,-305,2600,2600,0,0,0
6248,1561,-258,2600,2600,-1,-1,0
6249,1834,-209,2600,2600,2,1,0
6250,2106,-147,2600,2600,3,3,0
6251,2168,-81,2600,2600,4,4,0
6252,1997,-4,2600,2600,5,5,0
6253,601,31,2600,2600,7,7,0
6254,-953,0,-1651,-1651,8,7,0
6255,-1164,-39,-1853,-1853,9,9,0
6257,-1496,-105,-2223,-2223,7,7,0
6258,-1901,-162,-2600,-2600,6,6,0
6259,-1929,-228,-2600,-2600,5,4,0
6260,-1620,-292,-2600,-2600,2,3,0
6261,-608,-324,-1545,-1545,1,0,0
6262,756,-306,2600,2600,-1,-1,0
6263,1540,-264,2600,2600,0,-1,0
6264,1926,-210,2600,2600,1,1,0
6265,2120,-147,2600,2600,3,3,0
6266,2149,-80,2600,2600,4,4,0
6267,1844,-5,2600,2600,5,6,0
6268,371,21,2600,2600,6,6,0
6269,-1034,-12,-1749,-1749,8,8,0
6271,-1184,-81,-1879,-1879,7,7,0
6272,-1655,-131,-2475,-2475,6,6,0
6273,-1833,-187,-2600,-2600,5,5,0
6274,-1799,-252,-2600,-2600,3,3,0
6275,-1333,-307,-2364,-2364,2,2,0
6276,-148,-324,1945,1945,0,-1,0
6277,1139,-291,2600,2600,-3,-2,0
6278,1694,-243,2600,2600,-1,0,0
6279,2001,-187,2600,2600,0,0,0
6280,2197,-123,2600,2600,2,2,0
6281,2208,-50,2600,2600,4,3,0
6282,1756,21,2600,2600,4,4,0
6283,108,36,2520,2520,6,6,0
6285,-1160,-37,-1892,-1892,8,8,0
6286,-1171,-62,-1884,-1884,7,6,0
6287,-1711,-112,-2553,-2553,6,6,0
6288,-2012,-175,-2600,-2600,5,5,0
6289,-1948,-243,-2600,-2600,3,3,0
6290,-1115,-286,-2105,-2105,1,1,0
6291,392,-280,2600,2600,-1,0,0
6292,1064,-249,2600,2600,-3,-2,0
6293,943,-225,2600,2600,-1,0,0
6294,1157,-192,2600,2600,0,2,0
6295,1372,-148,2600,2600,3,3,0
6296,1127,-98,2600,2600,2,5,0
6297,-195,-86,2017,2017,4,5,0
6298,-1221,-115,-2181,-2181,4,7,0
6300,-2069,-204,-2600,-2600,2,6,0
6301,-2385,-272,-2600,-2600,2,4,0
6302,-2398,-357,-2600,-2600,-2,2,0
6303,-1720,-422,-2600,-2600,-3,1,0
6304,-756,-449,-2122,-2122,-5,-1,0
6305,-417,-463,-1838,-1838,-5,-3,0
6306,-189,-480,-1702,-1702,-7,-4,0
6307,789,-461,2405,2405,-5,-4,0
6308,1578,-413,2600,2600,-7,-4,0
6309,1606,-364,2600,2600,-4,-2,0
6310,1500,-320,2600,2600,-2,-2,0
6311,1459,-274,2600,2600,-1,1,0
6312,1080,-225,2600,2600,1,2,0
6313,-521,-225,-1878,-1878,3,3,0
6315,-2029,-347,-2600,-2600,3,4,0
6316,-2120,-401,-2600,-2600,2,1,0
6317,-2552,-476,-2600,-2600,0,0,0
6318,-2732,-568,-2600,-2600,-1,-3,0
6319,-2141,-650,-2600,-2600,-3,-2,0
6320,-219,-664,-1979,-1979,-4,-5,0
6321,788,-636,2172,2172,-4,-6,0
6322,634,-617,1915,1915,-5,-7,0
6323,727,-606,1989,1989,-4,-5,0
6324,1326,-566,2600,2600,-4,-3,0
6325,1428,-522,2600,2600,-2,-3,0
6326,1265,-475,2600,2600,0,-1,0
6327,728,-434,2265,2265,2,2,0
6329,-2064,-502,-2600,-2600,3,3,0
6330,-2329,-572,-2600,-2600,2,2,0
6331,-2422,-643,-2600,-2600,-1,-1,0
6332,-2617,-720,-2600,-2600,-2,-1,0
6333,-2546,-810,-2600,-2600,-3,-3,0
6334,-1035,-855,-2600,-2600,-5,-4,0
6335,559,-836,1635,1635,-5,-5,0
6336,617,-817,1621,1621,-7,-7,0
6337,555,-811,-1524,-1524,-7,-6,0
6339,1475,-734,2581,2581,-5,-4,0
6340,1349,-690,2478,2478,-3,-4,0
6341,1017,-649,2153,2153,-3,-1,0
6342,380,-625,-1519,-1519,0,0,0
6343,-441,-625,-2436,-2436,1,0,0
6344,-1472,-660,-2600,-2600,-1,1,0
6345,-2231,-726,-2600,-2600,-1,-1,0
6346,-2428,-800,-2600,-2600,-3,-3,0
6347,-2428,-887,-2600,-2600,-4,-3,0
6348,-1360,-940,-2600,-2600,-5,-5,0
6350,619,-909,-1642,-1642,-8,-7,0
6351,475,-903,-1892,-1892,-8,-8,0
6352,946,-885,1620,1620,-8,-8,0
6353,1487,-838,2254,2254,-8,-8,0
6354,1420,-792,2187,2187,-6,-8,0
6355,1215,-753,1962,1962,-7,-6,0
6356,1039,-721,1816,1816,-4,-4,0
6357,861,-691,1671,1671,-3,-4,0
6358,503,-661,-1667,-1667,-2,-2,0
6359,-258,-655,-2531,-2531,-2,-3,0
6360,-1069,-682,-2600,-2600,-2,-2,0
6361,-1649,-730,-2600,-2600,-4,-3,0
6362,-1905,-790,-2600,-2600,-4,-5,0
6364,-855,-897,-2600,-2600,-7,-7,0
6365,542,-880,-1931,-1931,-8,-9,0
6366,978,-847,1548,1548,-9,-9,0
6367,852,-830,-1660,-1660,-9,-10,0
6368,1215,-803,1750,1750,-9,-9,0
6369,1648,-751,2274,2274,-9,-9,0
6370,1569,-700,2208,2208,-8,-8,0
6372,1185,-616,1892,1892,-4,-5,0
6373,813,-578,1533,1533,-4,-4,0
6374,6,-568,-2361,-2361,-3,-3,0
6375,-742,-586,-2600,-2600,-2,-4,0
6376,-1352,-623,-2600,-2600,-3,-3,0
6377,-1850,-676,-2600,-2600,-6,-5,0
6378,-2086,-747,-2600,-2600,-5,-7,0
6379,-1808,-816,-2600,-2600,-8,-7,0
6380,-362,-834,-2600,-2600,-7,-9,0
6381,791,-809,-1764,-1764,-9,-10,0
6382,854,-780,-1754,-1754,-11,-11,0
6384,1258,-738,1680,1680,-9,-10,0
6385,1610,-687,2084,2084,-11,-11,0
6386,1473,-640,1948,1948,-9,-9,0
6387,1307,-600,1793,1793,-7,-9,0
6388,1163,-559,1682,1682,-7,-7,0
6389,794,-524,-1678,-1678,-5,-6,0
6390,172,-512,-2362,-2362,-4,-6,0
6391,-280,-519,-2600,-2600,-5,-6,0
6392,-546,-534,-2600,-2600,-7,-6,0
6393,-889,-557,-2600,-2600,-8,-8,0
6394,-1150,-600,-2600,-2600,-8,-9,0
6396,-7,-649,-2600,-2600,-11,-12,0
6397,1022,-620,-1664,-1664,-11,-12,0
6398,1521,-572,1902,1902,-12,-13,0
6399,1440,-532,1785,1785,-12,-12,0
6400,1505,-494,1880,1880,-10,-11,0
6401,1725,-442,2186,2186,-10,-10,0
6402,1689,-390,2216,2216,-8,-9,0
6403,1552,-336,2161,2161,-6,-7,0
6405,57,-271,-2416,-2416,-3,-5,0
6406,-1193,-305,-2600,-2600,-4,-4,0
6407,-1732,-356,-2600,-2600,-5,-5,0
6408,-1941,-413,-2600,-2600,-6,-7,0
6409,-2153,-482,-2600,-2600,-8,-8,0
6410,-1964,-556,-2600,-2600,-8,-8,0
6411,-437,-579,-2600,-2600,-9,-11,0
6412,717,-556,-1957,-1957,-10,-11,0
6414,658,-522,-2141,-2141,-11,-13,0
6415,1070,-501,-1688,-1688,-12,-12,0
6416,1598,-455,1946,1946,-11,-12,0
6417,1654,-406,2003,2003,-12,-13,0
6418,1607,-361,1980,1980,-10,-11,0
6419,1668,-315,2119,2119,-9,-9,0
6420,1737,-265,2305,2305,-6,-8,0
6421,1680,-204,2333,2333,-7,-8,0
6422,1083,-157,1741,1741,-5,-5,0
6423,-59,-151,-2527,-2527,-3,-4,0
6424,-992,-184,-2600,-2600,-3,-3,0
6426,-1550,-278,-2600,-2600,-6,-5,0
6427,-1636,-334,-2600,-2600,-6,-7,0
6428,-1551,-391,-2600,-2600,-7,-9,0
6429,-1000,-439,-2600,-2600,-8,-9,0
6430,618,-432,-1952,-1952,-9,-10,0
6431,1728,-383,2340,2340,-11,-12,0
6432,1911,-329,2546,2546,-11,-11,0
6434,2369,-214,2600,2600,-7,-7,0
6435,2622,-141,2600,2600,-4,-7,0
6436,2653,-44,2600,2600,-4,-4,0
6437,1493,20,2600,2600,-1,-1,0
6438,-517,10,-2600,-2600,1,-1,0
6439,-1532,-42,-2600,-2600,2,0,0
6440,-1579,-89,-2600,-2600,0,-1,0
6441,-1840,-148,-2600,-2600,-2,-3,0
6443,-1828,-281,-2600,-2600,-5,-6,0
6444,-920,-325,-2600,-2600,-5,-6,0
6445,808,-311,1643,1643,-8,-9,0
6446,1797,-259,2600,2600,-8,-9,0
6447,1923,-201,2600,2600,-8,-9,0
6449,2252,-90,2600,2600,-2,-4,0
6450,2444,-18,2600,2600,-2,-2,0
6451,2243,68,2600,2600,0,-2,0
6452,463,99,1780,1780,1,2,0
6453,-1325,57,-2600,-2600,3,2,0
6454,-1700,2,-2600,-2600,3,2,0
6455,-1668,-46,-2600,-2600,1,1,0
6456,-1867,-105,-2600,-2600,0,-1,0
6458,-1724,-235,-2600,-2600,-4,-4,0
6459,-759,-276,-2600,-2600,-4,-5,0
6460,920,-256,2057,2057,-5,-7,0
6461,1907,-200,2600,2600,-7,-8,0
6462,2091,-140,2600,2600,-5,-6,0
6464,2193,-18,2600,2600,-1,-1,0
6465,2256,57,2600,2600,0,-1,0
6466,1553,124,2600,2600,1,0,0
6467,-292,125,-1900,-1900,3,2,0
6468,-1366,78,-2600,-2600,5,4,0
6469,-1334,36,-2600,-2600,3,2,0
6470,-1484,-1,-2600,-2600,1,1,0
6471,-1885,-61,-2600,-2600,0,-1,0
6473,-1269,-184,-2600,-2600,-4,-4,0
6474,595,-179,1866,1866,-5,-4,0
6475,1902,-123,2600,2600,-5,-7,0
6476,2026,-64,2600,2600,-4,-5,0
6477,2071,-5,2600,2600,-3,-3,0
6479,2248,127,2600,2600,1,1,0
6480,1754,199,2600,2600,2,3,0
6481,-25,215,1654,1654,4,4,0
6482,-1455,169,-2600,-2600,5,5,0
6483,-1739,111,-2600,-2600,5,5,0
6484,-1673,63,-2600,-2600,3,3,0
6485,-1871,6,-2600,-2600,1,0,0
6487,-1634,-124,-2600,-2600,-1,-1,0
6488,-150,-145,-1798,-1798,-3,-4,0
6489,1494,-101,2600,2600,-5,-6,0
6490,1783,-45,2600,2600,-4,-5,0
6492,2146,56,2600,2600,-1,-1,0
6493,2443,127,2600,2600,1,1,0
6494,2416,217,2600,2600,1,1,0
6495,1028,268,2600,2600,4,4,0
6496,-904,244,-2255,-2255,4,5,0
6497,-1515,193,-2600,-2600,7,6,0
6499,-1729,107,-2600,-2600,3,3,0
6500,-2262,38,-2600,-2600,1,1,0
6501,-2284,-41,-2600,-2600,0,0,0
6502,-1585,-108,-2600,-2600,-2,-2,0
6503,368,-110,1911,1911,-3,-4,0
6504,1657,-60,2600,2600,-4,-4,0
6506,1805,43,2600,2600,-2,-3,0
6507,1953,98,2600,2600,1,0,0
6508,2061,158,2600,2600,2,2,0
6509,1864,233,2600,2600,3,2,0
6510,138,256,2031,2031,5,4,0
6512,-1627,151,-2600,-2600,7,6,0
6513,-1543,108,-2600,-2600,4,4,0
6514,-1838,54,-2600,-2600,2,2,0
6515,-2005,-7,-2600,-2600,0,0,0
6516,-1886,-79,-2600,-2600,-1,-2,0
6517,-803,-121,-2437,-2437,-3,-2,0
6518,1107,-97,2600,2600,-4,-5,0
6520,1883,12,2600,2600,-4,-4,0
6521,2134,70,2600,2600,-1,-2,0
6522,2500,142,2600,2600,0,0,0
6523,2537,231,2600,2600,1,2,0
6524,1658,301,2600,2600,4,3,0
6526,-1343,246,-2600,-2600,5,6,0
6527,-1309,207,-2600,-2600,4,4,0
6528,-1471,165,-2600,-2600,3,4,0
6529,-1623,116,-2600,-2600,0,0,0
6530,-1608,66,-2600,-2600,-1,0,0
6532,-86,-13,-1583,-1583,-4,-4,0
6533,1776,38,2600,2600,-5,-5,0
6534,2179,103,2600,2600,-6,-5,0
6535,2142,161,2600,2600,-2,-3,0
6536,2420,230,2600,2600,-2,-1,0
6537,2563,307,2600,2600,1,1,0
6539,622,429,2600,2600,3,3,0
6540,-999,395,-2215,-2215,4,5,0
6541,-1135,356,-2307,-2307,6,6,0
6542,-1076,329,-2201,-2201,4,5,0
6544,-1974,229,-2600,-2600,1,2,0
6545,-1938,160,-2600,-2600,0,0,0
6546,-1329,101,-2600,-2600,-1,-2,0
6547,384,101,2162,2162,-3,-2,0
6548,1524,147,2600,2600,-3,-4,0
6550,1708,239,2600,2600,0,0,0
6551,1934,294,2600,2600,1,1,0
6552,2048,363,2600,2600,3,3,0
6553,1273,421,2600,2600,3,3,0
6554,-788,402,-1845,-1845,5,5,0
6555,-1550,350,-2600,-2600,7,7,0
6557,-1584,264,-2600,-2600,3,3,0
6558,-2011,202,-2600,-2600,1,1,0
6559,-2024,132,-2600,-2600,-1,-1,0
6560,-1404,70,-2600,-2600,-2,-2,0
6562,1910,127,2600,2600,-5,-5,0
6563,2208,194,2600,2600,-4,-5,0
6564,2315,258,2600,2600,-3,-2,0
6565,2554,331,2600,2600,0,-1,0
6567,2233,500,2600,2600,2,1,0
6568,418,526,2578,2578,4,3,0
6569,-870,495,-1892,-1892,6,5,0
6570,-985,460,-1964,-1964,6,6,0
6571,-999,440,-1916,-1916,7,5,0
6572,-1694,394,-2600,-2600,4,4,0
6574,-1982,261,-2600,-2600,1,0,0
6575,-1658,196,-2600,-2600,0,0,0
6576,-623,160,-1862,-1862,-1,-3,0
6577,892,180,2600,2600,-3,-4,0
6578,1702,230,2600,2600,-3,-4,0
6580,2091,341,2600,2600,0,-1,0
6581,2292,405,2600,2600,2,1,0
6582,2388,488,2600,2600,3,3,0
6583,1408,550,2600,2600,3,3,0
6584,-649,533,-1524,-1524,6,5,0
6585,-1327,487,-2302,-2302,6,5,0
6586,-1199,449,-2107,-2107,6,6,0
6588,-1480,366,-2507,-2507,2,2,0
6589,-1498,319,-2589,-2589,2,2,0
6590,-1408,269,-2591,-2591,0,-1,0
6591,-905,225,-2113,-2113,-2,-2,0
6592,672,229,2600,2600,-3,-4,0
6594,2234,353,2600,2600,-2,-3,0
6595,2281,417,2600,2600,0,0,0
6596,2364,485,2600,2600,2,1,0
6597,2356,568,2600,2600,3,2,0
6598,1183,620,2600,2600,4,3,0
6599,-651,598,1562,1562,6,5,0
6600,-968,562,-1755,-1755,7,6,0
6601,-823,544,-1525,-1525,6,6,0
6602,-1308,513,-2076,-2076,7,5,0
6603,-1860,453,-2600,-2600,5,4,0
6604,-1811,395,-2600,-2600,3,4,0
6606,-1192,283,-2238,-2238,0,-1,0
6607,-128,264,1935,1935,-1,-2,0
6608,1206,293,2600,2600,-2,-3,0
6609,1900,349,2600,2600,-1,-3,0
6610,2103,407,2600,2600,1,0,0
6611,2292,472,2600,2600,2,1,0
6613,1657,619,2600,2600,4,3,0
6614,-283,614,2120,2120,6,6,0
6615,-1113,575,-1828,-1828,7,6,0
6616,-944,546,-1560,-1560,7,8,0
6617,-1106,522,-1729,-1729,7,5,0
6618,-1720,468,-2477,-2477,6,6,0
6619,-1782,410,-2590,-2590,5,5,0
6620,-1666,355,-2551,-2551,2,2,0
6621,-1418,300,-2355,-2355,2,1,0
6623,614,267,2600,2600,-2,-2,0
6624,1786,319,2600,2600,-1,-2,0
6625,2145,382,2600,2600,0,0,0
6626,2229,445,2600,2600,3,2,0
6627,2353,519,2600,2600,4,3,0
6628,1894,592,2600,2600,4,4,0
6629,96,605,2600,2600,5,5,0
6630,-1059,566,-1676,-1676,8,8,0
6631,-954,534,1501,1501,8,7,0
6632,-976,515,1536,1536,8,8,0
6633,-1733,465,-2353,-2353,8,8,0
6635,-1967,334,-2600,-2600,7,6,0
6636,-1840,275,-2600,-2600,4,4,0
6637,-1686,211,-2581,-2581,2,1,0
6638,-1035,162,-1939,-1939,0,0,0
6639,354,159,2600,2600,-1,-1,0
6640,1642,206,2600,2600,-2,-3,0
6641,2126,267,2600,2600,0,0,0
6642,2334,333,2600,2600,2,1,0
6643,2527,407,2600,2600,4,3,0
6644,2489,496,2600,2600,4,4,0
6646,-611,527,1853,1853,7,6,0
6647,-925,493,1538,1538,8,8,0
6648,-803,476,1746,1746,8,8,0
6649,-1289,444,-1791,-1791,9,8,0
6650,-1834,384,-2447,-2447,8,8,0
6651,-1775,326,-2404,-2404,7,7,0
6652,-1636,274,-2303,-2303,5,5,0
6653,-1554,222,-2298,-2298,4,3,0
6655,-435,140,1826,1826,1,1,0
6656,928,162,2600,2600,0,-1,0
6657,1642,210,2600,2600,0,0,0
6658,1846,264,2600,2600,1,2,0
6659,1912,318,2600,2600,4,4,0
6660,2003,380,2600,2600,5,4,0
6661,1599,445,2600,2600,6,6,0
6662,-57,453,2580,2580,7,7,0
6663,-1097,415,-1625,-1625,8,8,0
6665,-1059,358,1501,1501,9,8,0
6666,-1645,308,-2203,-2203,8,8,0
6667,-1808,248,-2426,-2426,7,8,0
6668,-1636,194,-2285,-2285,6,5,0
6669,-1459,144,-2151,-2151,4,5,0
6670,-1207,97,-1960,-1960,3,2,0
6671,-604,64,1659,1659,1,2,0
6672,488,71,2600,2600,2,1,0
6673,1409,109,2600,2600,1,1,0
6674,1756,160,2600,2600,3,1,0
6676,1828,282,2600,2600,5,5,0
6677,883,325,2600,2600,7,6,0
6678,-734,300,1757,1757,8,8,0
6679,-1136,260,-1689,-1689,9,8,0
6680,-1055,234,-1562,-1562,8,8,0
6681,-1456,200,-2039,-2039,8,7,0
6682,-1963,137,-2600,-2600,7,6,0
6683,-1928,74,-2600,-2600,7,6,0
6684,-1778,12,-2600,-2600,4,3,0
6685,-1355,-42,-2262,-2262,1,2,0
6687,1189,-27,2600,2600,-1,-2,0
6688,1690,20,2600,2600,0,0,0
6689,1915,73,2600,2600,3,2,0
6690,2125,133,2600,2600,3,3,0
6691,2226,211,2600,2600,5,4,0
6692,1448,272,2600,2600,5,6,0
6693,-314,269,2169,2169,8,6,0
6694,-1188,227,-1837,-1837,8,8,0
6695,-1114,193,-1712,-1712,8,8,0
6696,-1229,166,-1827,-1827,8,7,0
6697,-1785,110,-2516,-2516,7,7,0
6699,-1809,-10,-2600,-2600,4,4,0
6700,-1441,-69,-2400,-2400,2,1,0
6701,-262,-92,1891,1891,0,-1,0
6702,1200,-61,2600,2600,-1,-3,0
6703,1836,-7,2600,2600,-1,-1,0
6704,2068,46,2600,2600,0,-1,0
6705,2417,116,2600,2600,3,1,0
6706,2492,194,2600,2600,4,2,0
6708,790,315,2600,2600,6,5,0
6709,-673,292,1727,1727,7,6,0
6710,-895,260,1523,1523,9,7,0
6711,-842,243,1648,1648,8,8,0
6712,-1364,210,-1924,-1924,10,8,0
6713,-1891,149,-2570,-2570,8,7,0
6714,-1879,90,-2595,-2595,7,6,0
6715,-1809,32,-2590,-2590,5,4,0
6716,-1673,-27,-2525,-2525,4,3,0
6717,-1195,-79,-2084,-2084,1,1,0
6719,1232,-59,2600,2600,0,-2,0
6720,1834,-7,2600,2600,0,-1,0
6721,2137,53,2600,2600,1,1,0
6722,2282,119,2600,2600,4,2,0
6723,2274,198,2600,2600,4,4,0
6724,1407,257,2600,2600,6,4,0
6725,-310,254,2180,2180,6,7,0
6726,-965,219,-1549,-1549,9,7,0
6727,-881,198,1618,1618,9,8,0
6728,-1179,171,-1712,-1712,8,7,0
6730,-1803,58,-2523,-2523,6,5,0
6731,-1693,2,-2435,-2435,6,6,0
6732,-1500,-52,-2316,-2316,3,2,0
6733,-1016,-96,-1848,-1848,2,1,0
6734,49,-106,2340,2340,1,0,0
6735,1166,-72,2600,2600,0,-1,0
6736,1555,-27,2600,2600,2,0,0
6737,1684,21,2600,2600,3,3,0
6738,1758,71,2600,2600,5,4,0
6739,1763,135,2600,2600,5,4,0
6740,855,178,2600,2600,7,6,0
6741,-765,160,1696,1696,8,7,0
6742,-1377,113,-1999,-1999,9,8,0
6744,-1542,40,-2166,-2166,7,7,0
6745,-2067,-22,-2600,-2600,7,6,0
6746,-2119,-90,-2600,-2600,5,5,0
6747,-1913,-162,-2600,-2600,3,2,0
6748,-910,-205,-1788,-1788,1,1,0
6749,621,-194,2600,2600,0,-1,0
6750,1397,-151,2600,2600,0,-1,0
6751,1491,-110,2600,2600,1,0,0
6752,1680,-62,2600,2600,3,2,0
6753,1807,-11,2600,2600,4,3,0
6754,1867,56,2600,2600,6,4,0
6756,-764,90,1642,1642,8,7,0
6757,-1556,38,-2271,-2271,9,8,0
6758,-1423,-5,-2099,-2099,8,7,0
6759,-1417,-41,-2079,-2079,8,7,0
6760,-1749,-94,-2538,-2538,6,4,0
6761,-1863,-152,-2600,-2600,4,4,0
6762,-1774,-218,-2600,-2600,2,1,0
6763,-1028,-265,-2029,-2029,0,0,0
6764,411,-263,2600,2600,-1,-1,0
6765,1597,-215,2600,2600,-1,-3,0
6766,1995,-158,2600,2600,1,0,0
6767,2160,-95,2600,2600,2,2,0
6768,2222,-28,2600,2600,3,2,0
6770,539,78,2600,2600,5,6,0
6771,-929,51,-1627,-1627,8,6,0
6772,-1220,12,-1925,-1925,8,8,0
6773,-1170,-14,-1826,-1826,8,7,0
6774,-1559,-58,-2309,-2309,7,5,0
6775,-1979,-118,-2600,-2600,5,6,0
6776,-2008,-187,-2600,-2600,4,4,0
6777,-1636,-250,-2600,-2600,3,1,0
6778,-801,-287,-1769,-1769,0,0,0
6779,281,-286,2417,2417,-2,-2,0
6780,1286,-251,2600,2600,-2,-3,0
6781,1941,-200,2600,2600,0,-2,0
6782,2372,-129,2600,2600,1,1,0
6784,2242,28,2600,2600,4,2,0
6785,800,68,2600,2600,5,4,0
6786,-688,47,1597,1597,7,6,0
6787,-894,24,-1590,-1590,7,7,0
6788,-750,18,1638,1638,7,6,0
6789,-1321,-14,-2017,-2017,7,7,0
6790,-1719,-59,-2517,-2517,5,6,0
6791,-1982,-115,-2600,-2600,4,6,0
6792,-2032,-184,-2600,-2600,2,3,0
6793,-1601,-242,-2600,-2600,0,2,0
6794,-887,-274,-1925,-1925,-2,-1,0
6795,-277,-287,1677,1677,-4,-2,0
6796,175,-287,2120,2120,-4,-2,0
6798,1007,-249,2600,2600,-3,-1,0
6799,1256,-213,2600,2600,0,0,0
6800,1296,-164,2600,2600,2,3,0
6801,761,-126,2600,2600,3,3,0
6802,-478,-129,1528,1528,4,5,0
6803,-1759,-182,-2600,-2600,6,5,0
6804,-2147,-246,-2600,-2600,5,7,0
6805,-2064,-298,-2600,-2600,3,4,0
6806,-2395,-362,-2600,-2600,0,1,0
6807,-2619,-444,-2600,-2600,-2,0,0
6808,-2219,-526,-2600,-2600,-2,-1,0
6809,-1195,-577,-2600,-2600,-6,-3,0
6810,-89,-584,-1663,-1663,-5,-4,0
6811,576,-568,2016,2016,-7,-7,0
6812,1093,-537,2584,2584,-6,-5,0
6813,1443,-502,2600,2600,-5,-4,0
6814,1797,-448,2600,2600,-3,-4,0
6816,1602,-326,2600,2600,0,0,0
6817,193,-300,1833,1833,3,3,0
6818,-1514,-336,-2600,-2600,3,3,0
6819,-2278,-407,-2600,-2600,4,4,0
6820,-2344,-480,-2600,-2600,2,2,0
6821,-2366,-550,-2600,-2600,0,0,0
6822,-2479,-626,-2600,-2600,-1,-1,0
6823,-2396,-713,-2600,-2600,-4,-2,0
6824,-1184,-763,-2600,-2600,-4,-4,0
6825,448,-750,1650,1650,-5,-6,0
6826,878,-720,2095,2095,-7,-6,0
6827,776,-705,1934,1934,-5,-5,0
6828,1167,-674,2399,2399,-4,-5,0
6830,1315,-590,2600,2600,-1,-1,0
6831,1032,-544,2458,2458,1,0,0
6832,72,-523,-1609,-1609,1,1,0
6833,-1430,-557,-2600,-2600,3,3,0
6834,-2277,-628,-2600,-2600,2,2,0
6835,-2437,-700,-2600,-2600,1,0,0
6836,-2545,-776,-2600,-2600,-1,-1,0
6837,-2647,-866,-2600,-2600,-2,-4,0
6838,-1943,-940,-2600,-2600,-3,-4,0
6840,620,-928,1546,1546,-7,-7,0
6841,459,-921,-1729,-1729,-6,-8,0
6842,860,-904,1702,1702,-6,-7,0
6843,1484,-858,2450,2450,-5,-7,0
6844,1476,-811,2458,2458,-5,-6,0
6845,1274,-770,2250,2250,-4,-5,0
6846,1084,-737,2089,2089,-2,-3,0
6847,873,-698,1940,1940,0,-1,0
6848,128,-676,-1862,-1862,0,0,0
6849,-1184,-705,-2600,-2600,1,0,0
6850,-1942,-764,-2600,-2600,0,1,0
6851,-2121,-828,-2600,-2600,-1,-2,0
6852,-2233,-894,-2600,-2600,-2,-3,0
6853,-2319,-974,-2600,-2600,-4,-4,0
6855,167,-1032,-2223,-2223,-7,-7,0
6856,731,-1005,-1604,-1604,-7,-8,0
6857,539,-995,-1916,-1916,-8,-9,0
6858,976,-975,1550,1550,-8,-9,0
6859,1609,-924,2303,2303,-8,-8,0
6860,1561,-874,2257,2257,-7,-8,0
6861,1369,-830,2055,2055,-6,-7,0
6862,1177,-794,1888,1888,-4,-5,0
6863,1026,-757,1796,1796,-3,-3,0
6864,664,-722,-1550,-1550,-2,-3,0
6865,-167,-712,-2481,-2481,-2,-2,0
6866,-1199,-743,-2600,-2600,-1,-3,0
6867,-1778,-796,-2600,-2600,-4,-3,0
6868,-1975,-855,-2600,-2600,-4,-5,0
6870,-1248,-977,-2600,-2600,-7,-8,0
6871,216,-971,-2374,-2374,-7,-8,0
6872,770,-945,-1764,-1764,-9,-9,0
6873,688,-933,-1928,-1928,-9,-10,0
6874,1111,-909,1526,1526,-10,-10,0
6875,1644,-857,2160,2160,-9,-10,0
6876,1639,-805,2177,2177,-8,-9,0
6877,1476,-758,2013,2013,-8,-8,0
6878,1280,-717,1855,1855,-5,-6,0
6879,1040,-676,1657,1657,-4,-5,0
6880,524,-647,-1891,-1891,-4,-5,0
6881,-266,-644,-2600,-2600,-3,-3,0
6882,-1045,-670,-2600,-2600,-4,-5,0
6884,-1864,-777,-2600,-2600,-7,-7,0
6885,-1732,-843,-2600,-2600,-7,-8,0
6886,-636,-871,-2600,-2600,-8,-9,0
6887,616,-852,-2048,-2048,-9,-9,0
6888,877,-821,-1794,-1794,-11,-11,0
6889,756,-807,-2001,-2001,-10,-12,0
6890,1134,-782,-1586,-1586,-11,-11,0
6891,1578,-732,1960,1960,-10,-10,0
6892,1514,-683,1890,1890,-10,-11,0
6893,1338,-640,1695,1695,-9,-11,0
6894,1144,-605,1514,1514,-8,-8,0
6895,991,-573,-1614,-1614,-7,-8,0
6897,341,-519,-2287,-2287,-7,-7,0
6898,-168,-521,-2600,-2600,-7,-8,0
6899,-449,-533,-2600,-2600,-7,-8,0
6900,-683,-553,-2600,-2600,-9,-10,0
6901,-799,-588,-2600,-2600,-11,-10,0
6902,-245,-607,-2600,-2600,-11,-11,0
6903,623,-592,-2186,-2186,-10,-12,0
6904,1308,-552,1596,1596,-13,-13,0
6905,1483,-505,1774,1774,-13,-14,0
6906,1367,-469,1652,1652,-10,-12,0
6907,1544,-426,1891,1891,-11,-11,0
6909,1533,-329,2029,2029,-8,-8,0
6910,1396,-277,1960,1960,-7,-8,0
6911,802,-237,-1658,-1658,-6,-7,0
6912,-388,-238,-2600,-2600,-5,-5,0
6913,-1305,-277,-2600,-2600,-4,-5,0
6914,-1619,-325,-2600,-2600,-6,-7,0
6916,-2010,-438,-2600,-2600,-8,-9,0
6917,-1893,-510,-2600,-2600,-8,-9,0
6918,-465,-535,-2600,-2600,-10,-11,0
6919,679,-512,-2063,-2063,-11,-12,0
6920,629,-493,-2165,-2165,-11,-12,0
6921,576,-485,-2302,-2302,-13,-13,0
6922,1087,-458,-1722,-1722,-12,-13,0
6923,1446,-412,1701,1701,-12,-13,0
6924,1385,-369,1625,1625,-12,-13,0
6925,1303,-329,1526,1526,-12,-13,0
6926,1302,-290,1559,1559,-11,-11,0
6927,1225,-253,1518,1518,-9,-11,0
6928,1100,-219,-1577,-1577,-9,-10,0
6930,753,-156,-1891,-1891,-9,-9,0
6931,68,-148,-2600,-2600,-8,-9,0
6932,-527,-163,-2600,-2600,-9,-10,0
6933,-714,-183,-2600,-2600,-10,-11,0
6934,-913,-210,-2600,-2600,-11,-11,0
6935,-908,-253,-2600,-2600,-11,-12,0
6936,186,-259,-2600,-2600,-12,-14,0
6938,1453,-175,1696,1696,-14,-15,0
6939,1471,-143,1726,1726,-12,-13,0
6940,1922,-94,2304,2304,-12,-12,0
6941,2237,-31,2600,2600,-11,-11,0
6942,2273,31,2600,2600,-9,-9,0
6943,2223,100,2600,2600,-8,-8,0
6944,1521,153,2296,2296,-5,-4,0
6946,-235,151,-2555,-2555,-3,-1,0
6947,-563,128,-2600,-2600,-3,-1,0
6948,-725,93,-2600,-2600,-4,-3,0
6949,-611,63,-2600,-2600,-5,-4,0
6950,-464,41,-2600,-2600,-8,-6,0
6951,-217,24,-2513,-2513,-8,-7,0
6953,1621,60,2600,2600,-11,-9,0
6954,2523,125,2600,2600,-9,-7,0
6955,3025,203,2600,2600,-7,-7,0
6956,3413,299,2600,2600,-5,-3,0
6957,3455,412,2600,2600,-4,-1,0
6958,2698,503,2600,2600,-1,1,0
6959,1659,557,2600,2600,0,3,0
6961,510,606,2467,2467,4,7,0
6962,185,613,2226,2226,4,7,0
6963,-206,608,1919,1919,7,9,0
6964,-633,589,1512,1512,6,8,0
6966,-1280,521,-2113,-2113,5,9,0
6967,-1544,478,-2411,-2411,6,7,0
6968,-2057,414,-2600,-2600,4,6,0
6969,-2197,341,-2600,-2600,2,4,0
6970,-1973,260,-2600,-2600,-1,1,0
6971,-1324,198,-2568,-2568,-1,0,0
6972,-330,168,1503,1503,-3,-1,0
6973,690,172,2600,2600,-4,-4,0
6975,3105,315,2600,2600,-1,-1,0
6976,3289,411,2600,2600,0,1,0
6977,3244,521,2600,2600,1,2,0
6978,2349,610,2600,2600,4,3,0
6979,867,646,2600,2600,4,5,0
6981,-202,643,2253,2253,8,7,0
6982,-543,631,1934,1934,8,8,0
6983,-1180,596,-1759,-1759,8,10,0
6984,-1516,548,-2120,-2120,9,9,0
6985,-1619,499,-2235,-2235,8,8,0
6986,-1733,444,-2397,-2397,7,7,0
6987,-1714,389,-2452,-2452,4,5,0
6988,-1644,336,-2451,-2451,4,4,0
6990,-485,244,1684,1684,0,1,0
6991,1249,272,2600,2600,-1,-1,0
6992,2176,336,2600,2600,-2,-1,0
6993,2366,405,2600,2600,1,0,0
6994,2472,475,2600,2600,2,2,0
6996,2350,640,2600,2600,5,4,0
6997,721,673,2600,2600,6,6,0
6998,-549,653,1984,1984,8,6,0
6999,-665,633,1911,1911,8,8,0
7000,-750,619,1879,1879,9,8,0
7001,-1234,585,-1665,-1665,9,8,0
7003,-1493,486,-1969,-1969,9,8,0
7004,-1525,443,-2064,-2064,6,5,0
7005,-1664,388,-2304,-2304,6,4,0
7006,-1548,337,-2263,-2263,4,3,0
7007,-1316,288,-2101,-2101,3,1,0
7008,-542,258,1721,1721,2,0,0
7010,1444,304,2600,2600,1,0,0
7011,1725,354,2600,2600,3,1,0
7012,1828,405,2600,2600,4,2,0
7013,1937,468,2600,2600,5,4,0
7014,1498,529,2600,2600,6,5,0
7016,-1056,492,-1612,-1612,9,7,0
7017,-953,467,1566,1566,9,8,0
7018,-1191,442,-1698,-1698,8,7,0
7019,-1800,383,-2446,-2446,8,7,0
7020,-1802,322,-2483,-2483,8,6,0
7021,-1563,270,-2276,-2276,5,4,0
7023,-1086,184,-1895,-1895,3,2,0
7024,-283,165,1955,1955,1,-1,0
7025,811,185,2600,2600,1,-1,0
7026,1326,222,2600,2600,2,0,0
7027,1496,264,2600,2600,3,1,0
7028,1584,308,2600,2600,4,3,0
7030,564,403,2600,2600,7,6,0
7031,-1060,368,-1743,-1743,8,7,0
7032,-1327,329,-2026,-2026,9,7,0
7033,-1403,296,-2094,-2094,8,7,0
7035,-2145,172,-2600,-2600,5,4,0
7036,-1953,108,-2600,-2600,4,1,0
7037,-1648,46,-2600,-2600,1,-1,0
7038,-568,15,-1602,-1602,0,-1,0
7039,856,32,2600,2600,-2,-3,0
7041,1863,132,2600,2600,0,-1,0
7042,1953,189,2600,2600,2,1,0
7043,1981,250,2600,2600,2,1,0
7044,1799,321,2600,2600,4,3,0
7045,484,349,2600,2600,5,5,0
7047,-1157,285,-2020,-2020,8,6,0
7048,-1320,255,-2201,-2201,6,5,0
7049,-1834,196,-2600,-2600,5,3,0
7050,-1818,135,-2600,-2600,3,3,0
7052,-1316,30,-2552,-2552,0,-1,0
7053,-282,7,1557,1557,-3,-3,0
7054,1245,40,2600,2600,-4,-4,0
7055,1904,95,2600,2600,-3,-3,0
7056,2126,156,2600,2600,-2,-2,0
7057,2296,228,2600,2600,0,1,0
7058,2213,299,2600,2600,1,1,0
7060,27,383,2225,2225,3,5,0
7061,-1208,342,-2199,-2199,6,6,0
7062,-1271,306,-2227,-2227,6,6,0
7063,-1464,271,-2443,-2443,5,5,0
7065,-2069,136,-2600,-2600,2,2,0
7066,-1851,70,-2600,-2600,-1,-1,0
7067,-1201,17,-2550,-2550,-2,-2,0
7068,362,16,2215,2215,-4,-4,0
7070,1719,104,2600,2600,-4,-4,0
7071,2163,163,2600,2600,-2,-2,0
7072,2470,240,2600,2600,-1,0,0
7073,2342,321,2600,2600,2,2,0
7074,1376,382,2600,2600,2,3,0
7076,-1418,319,-2539,-2539,5,5,0
7077,-1364,275,-2423,-2423,6,6,0
7078,-1378,237,-2477,-2477,2,2,0
7079,-1649,183,-2600,-2600,2,2,0
7080,-1573,131,-2600,-2600,0,-1,0
7082,-381,45,-1667,-1667,-2,-4,0
7083,1339,79,2600,2600,-4,-5,0
7084,2009,144,2600,2600,-5,-6,0
7085,1973,196,2600,2600,-2,-2,0
7087,2310,339,2600,2600,1,1,0
7088,1927,415,2600,2600,3,1,0
7089,122,432,2285,2285,4,4,0
7090,-1329,388,-2412,-2412,5,4,0
7091,-1390,346,-2435,-2435,5,6,0
7093,-2024,249,-2600,-2600,2,2,0
7094,-2202,178,-2600,-2600,0,1,0
7095,-2036,102,-2600,-2600,0,-1,0
7096,-1131,49,-2503,-2503,-2,-3,0
7097,700,63,2600,2600,-4,-4,0
7098,1632,114,2600,2600,-5,-5,0
7099,1717,165,2600,2600,-3,-2,0
7101,1907,272,2600,2600,1,0,0
7102,1820,339,2600,2600,1,3,0
7103,784,380,2600,2600,3,3,0
7104,-990,354,-2025,-2025,5,5,0
7105,-1581,303,-2600,-2600,6,5,0
7106,-1577,260,-2600,-2600,5,5,0
7107,-1903,203,-2600,-2600,3,3,0
7108,-2155,133,-2600,-2600,0,0,0
7109,-1989,63,-2600,-2600,0,-1,0
7110,-1349,3,-2600,-2600,-2,-2,0
7111,368,2,2193,2193,-2,-4,0
7112,1500,50,2600,2600,-3,-4,0
7113,1517,90,2600,2600,-3,-3,0
7114,1697,137,2600,2600,0,0,0
7115,1885,193,2600,2600,2,1,0
7117,832,307,2600,2600,4,4,0
7118,-1164,275,-2242,-2242,5,6,0
7119,-1824,214,-2600,-2600,7,7,0
7120,-1671,163,-2600,-2600,4,5,0
7121,-1856,113,-2600,-2600,3,3,0
7122,-2241,44,-2600,-2600,1,1,0
7123,-2227,-35,-2600,-2600,-1,-1,0
7125,514,-95,2303,2303,-4,-3,0
7126,1719,-41,2600,2600,-5,-6,0
7127,1770,11,2600,2600,-4,-4,0
7128,1853,56,2600,2600,-2,-2,0
7129,2312,126,2600,2600,0,0,0
7130,2338,206,2600,2600,1,0,0
7131,1702,278,2600,2600,2,1,0
7132,-144,282,1837,1837,4,3,0
7133,-1316,240,-2504,-2504,6,5,0
7134,-1386,193,-2564,-2564,5,4,0
7135,-1310,155,-2462,-2462,4,4,0
7137,-1918,54,-2600,-2600,1,0,0
7138,-1872,-13,-2600,-2600,-1,-2,0
7139,-1128,-66,-2600,-2600,-1,-3,0
7140,865,-48,2600,2600,-4,-4,0
7141,1770,9,2600,2600,-4,-6,0
7142,1654,54,2600,2600,-4,-4,0
7143,1820,106,2600,2600,0,-2,0
7144,2023,169,2600,2600,1,0,0
7145,1929,239,2600,2600,2,2,0
7146,1000,289,2600,2600,4,3,0
7147,-1083,263,-2234,-2234,5,4,0
7148,-1961,199,-2600,-2600,6,6,0
7149,-1880,139,-2600,-2600,6,5,0
7150,-1863,89,-2600,-2600,3,3,0
7152,-2227,-49,-2600,-2600,0,-2,0
7153,-1854,-124,-2600,-2600,-1,-2,0
7154,-125,-144,-1518,-1518,-3,-4,0
7155,1299,-102,2600,2600,-4,-5,0
7156,1411,-61,2600,2600,-4,-6,0
7157,1509,-21,2600,2600,-3,-3,0
7158,1784,32,2600,2600,0,-2,0
7159,1824,89,2600,2600,2,1,0
7160,1669,156,2600,2600,2,1,0
7161,441,189,2434,2434,3,3,0
7162,-1447,146,-2600,-2600,5,4,0
7164,-1851,26,-2600,-2600,4,3,0
7165,-2005,-34,-2600,-2600,1,1,0
7166,-2139,-100,-2600,-2600,0,0,0
7167,-2064,-177,-2600,-2600,-1,-2,0
7168,-1066,-227,-2600,-2600,-3,-3,0
7169,861,-205,2506,2506,-4,-5,0
7170,1505,-154,2600,2600,-5,-5,0
7171,1331,-120,2600,2600,-4,-4,0
7172,1645,-78,2600,2600,-2,-3,0
7173,2083,-13,2600,2600,0,0,0
7174,2039,61,2600,2600,2,2,0
7175,1079,115,2600,2600,2,3,0
7177,-1980,27,-2600,-2600,5,5mpu_set_sensor complete ......
mpu_set_sensor complete ......
mpu_configure_fifo complete ......
mpu_set_sample_rate complete ......
dmp_load_motion_driver_firmware complete ......
dmp_set_orientation complete ......
dmp_enable_feature complete ......
dmp_set_fifo_rate complete ......
