#start mode=1 prof=3 force=0 gear=HEAVY kp=9600.0 kd=48.0 vkp=6200.0 vki=31.0 lb=7.5 ea=21.9 rms=0.0 dead=1500 vbat=12.0
#seq,gyro,ang_c,ml,mr,el,er,inj
0,220,-142,1524,1524,0,-1,0
1,238,-139,1525,1525,-1,-1,0
2,340,-130,1582,1582,0,-1,0
3,363,-120,1603,1603,-1,0,0
4,349,-110,1617,1617,0,0,0
5,301,-101,1612,1612,0,0,0
6,227,-94,1610,1610,1,1,0
7,149,-89,1591,1591,0,1,0
8,82,-87,1582,1582,1,1,0
9,46,-87,1573,1573,1,0,0
10,31,-83,1576,1576,0,1,0
11,-101,-86,1535,1535,2,1,0
12,-164,-93,1510,1510,1,1,0
13,-146,-99,1513,1513,0,1,0
14,-190,-106,-1505,-1505,1,1,0
15,-264,-114,-1530,-1530,2,1,0
16,-330,-124,-1575,-1575,0,1,0
17,-359,-137,-1616,-1616,0,0,0
18,-273,-148,-1576,-1576,1,1,0
19,-173,-155,-1548,-1548,0,0,0
20,-81,-160,-1519,-1519,0,0,0
21,10,-161,-1505,-1505,-1,-1,0
22,61,-160,1516,1516,0,0,0
23,79,-157,1523,1523,0,0,0
24,66,-156,1515,1515,0,0,0
25,48,-156,1504,1504,0,0,0
26,47,-156,1502,1502,0,0,0
27,40,-155,1507,1507,1,0,0
28,40,-155,1514,1514,0,1,0
29,50,-155,1515,1515,0,0,0
30,44,-154,1519,1519,1,0,0
31,25,-152,1517,1517,0,1,0
32,-54,-153,-1517,-1517,1,0,0
33,-93,-159,-1537,-1537,1,0,0
34,-33,-160,-1516,-1516,0,0,0
35,-103,-164,-1559,-1559,0,0,0
36,-149,-171,-1593,-1593,0,0,0
37,-63,-174,-1568,-1568,-1,0,0
38,-12,-175,-1556,-1556,-1,0,0
39,-1,-176,-1561,-1561,0,-1,0
40,3,-176,-1569,-1569,-1,0,0
41,-2,-177,-1579,-1579,0,-1,0
42,-8,-178,-1609,-1609,-1,-2,0
43,-22,-180,-1619,-1619,-1,0,0
44,-6,-182,-1625,-1625,-1,-1,0
45,88,-183,-1591,-1591,-1,-1,0
46,285,-179,-1511,-1511,-1,-2,0
47,424,-165,1563,1563,-1,-1,0
48,364,-155,1539,1539,-1,-1,0
49,371,-146,1546,1546,-1,-1,0
50,463,-133,1610,1610,0,-1,0
51,423,-120,1609,1609,-1,0,0
52,345,-109,1596,1596,0,0,0
53,265,-102,1577,1577,0,0,0
54,189,-96,1567,1567,1,0,0
55,107,-93,1537,1537,0,0,0
56,24,-92,1514,1514,0,1,0
57,-22,-95,1513,1513,1,1,0
58,2,-95,1543,1543,1,1,0
59,-4,-96,1557,1557,1,1,0
60,-79,-96,1515,1515,0,0,0
61,-215,-104,-1543,-1543,1,1,0
62,-265,-114,-1574,-1574,0,1,0
63,-258,-124,-1568,-1568,1,1,0
64,-196,-132,-1556,-1556,0,0,0
65,-118,-137,-1531,-1531,0,0,0
66,-68,-141,-1517,-1517,0,0,0
67,-8,-143,-1516,-1516,-1,-1,0
68,50,-142,1511,1511,0,0,0
69,47,-141,-1501,-1501,0,-1,0
70,20,-142,-1525,-1525,-1,0,0
71,21,-143,-1533,-1533,0,-1,0
72,32,-142,-1523,-1523,0,0,0
73,19,-143,-1558,-1558,-2,-1,0
74,25,-144,-1549,-1549,0,0,0
75,45,-143,-1553,-1553,-1,-1,0
76,61,-143,-1547,-1547,0,-1,0
77,106,-143,-1538,-1538,-1,-1,0
78,284,-137,1553,1553,0,-1,0
79,363,-126,1601,1601,-1,0,0
80,290,-118,1564,1564,-1,-1,0
81,268,-112,1571,1571,0,0,0
82,275,-103,1592,1592,0,0,0
83,202,-97,1571,1571,0,0,0
84,117,-94,1551,1551,1,0,0
85,50,-93,1543,1543,1,1,0
86,54,-94,1545,1545,0,0,0
87,101,-92,1579,1579,1,0,0
88,103,-89,1602,1602,1,1,0
89,73,-89,1584,1584,0,0,0
90,83,-87,1626,1626,2,2,0
91,80,-85,1638,1638,1,1,0
92,6,-84,1592,1592,0,0,0
93,-171,-86,1517,1517,1,1,0
94,-387,-99,-1571,-1571,2,2,0
95,-358,-113,-1565,-1565,1,1,0
96,-254,-122,-1520,-1520,1,1,0
97,-239,-129,-1536,-1536,0,0,0
98,-322,-141,-1571,-1571,2,1,0
99,-256,-151,-1565,-1565,0,0,0
100,-156,-158,-1538,-1538,0,0,0
101,-55,-162,-1504,-1504,0,0,0
102,40,-162,1532,1532,0,0,0
103,101,-159,1546,1546,-1,0,0
104,94,-157,1530,1530,-1,0,0
105,74,-156,1518,1518,0,0,0
106,75,-155,1518,1518,0,0,0
107,58,-153,1519,1519,0,1,0
108,42,-153,1508,1508,0,0,0
109,47,-151,1530,1530,1,1,0
110,-29,-151,-1513,-1513,0,0,0
111,-67,-156,-1530,-1530,1,0,0
112,-12,-157,1501,1501,0,1,0
113,-24,-157,-1522,-1522,-1,0,0
114,-72,-162,-1553,-1553,0,0,0
115,-3,-164,-1535,-1535,-1,0,0
116,56,-163,-1516,-1516,0,-1,0
117,28,-162,-1528,-1528,0,0,0
118,-11,-163,-1557,-1557,-1,0,0
119,0,-164,-1551,-1551,0,0,0
120,15,-165,-1563,-1563,-1,-1,0
121,3,-166,-1574,-1574,0,-1,0
122,2,-166,-1590,-1590,-1,-1,0
123,12,-167,-1589,-1589,-1,0,0
124,71,-166,-1562,-1562,0,-1,0
125,129,-164,-1544,-1544,-1,-1,0
126,157,-162,-1538,-1538,-1,-1,0
127,231,-159,1502,1502,0,-1,0
128,357,-149,1553,1553,-2,-1,0
129,359,-138,1568,1568,0,-1,0
130,350,-128,1577,1577,-1,0,0
131,302,-119,1565,1565,0,-1,0
132,228,-112,1549,1549,0,0,0
133,154,-108,1528,1528,0,0,0
134,80,-106,1514,1514,0,1,0
135,12,-106,-1504,-1504,1,0,0
136,-13,-107,-1503,-1503,0,1,0
137,8,-109,1507,1507,0,0,0
138,30,-109,1518,1518,0,0,0
139,12,-109,1520,1520,0,1,0
140,-1,-110,1512,1512,0,0,0
141,11,-111,1516,1516,0,0,0
142,22,-112,1529,1529,1,0,0
143,23,-112,1548,1548,1,1,0
144,11,-112,1537,1537,0,0,0
145,-25,-113,1514,1514,0,0,0
146,-29,-116,1527,1527,1,1,0
147,4,-117,1536,1536,0,0,0
148,-17,-118,1520,1520,0,0,0
149,-64,-121,1510,1510,1,1,0
150,-52,-124,1506,1506,0,0,0
151,-55,-126,-1502,-1502,0,0,0
152,-108,-130,-1517,-1517,1,1,0
153,-144,-136,-1536,-1536,1,0,0
154,-130,-141,-1543,-1543,0,0,0
155,-73,-146,-1526,-1526,0,0,0
156,10,-147,-1502,-1502,-1,0,0
157,57,-146,1508,1508,0,-1,0
158,53,-145,-1503,-1503,-1,0,0
159,29,-145,-1514,-1514,0,0,0
160,28,-146,-1514,-1514,0,0,0
161,30,-145,-1513,-1513,0,0,0
162,23,-146,-1536,-1536,-1,-1,0
163,31,-146,-1529,-1529,0,0,0
164,39,-146,-1542,-1542,-1,-1,0
165,30,-146,-1550,-1550,0,-1,0
166,21,-146,-1559,-1559,-1,0,0
167,30,-146,-1568,-1568,-1,-1,0
168,51,-147,-1569,-1569,-1,-1,0
169,145,-146,-1524,-1524,0,-1,0
170,320,-139,1557,1557,-1,-1,0
171,387,-127,1603,1603,0,-1,0
172,316,-118,1568,1568,-2,0,0
173,292,-110,1577,1577,0,0,0
174,275,-102,1587,1587,0,0,0
175,202,-96,1577,1577,1,0,0
176,120,-93,1558,1558,1,0,0
177,47,-92,1527,1527,0,0,0
178,35,-93,1544,1544,1,1,0
179,79,-92,1565,1565,0,0,0
180,93,-90,1602,1602,1,2,0
181,70,-89,1607,1607,1,1,0
182,66,-88,1609,1609,1,0,0
183,44,-87,1612,1612,1,1,0
184,-57,-84,1576,1576,1,1,0
185,-332,-95,-1558,-1558,0,2,0
186,-375,-110,-1584,-1584,2,0,0
187,-271,-120,-1538,-1538,1,1,0
188,-199,-126,-1524,-1524,0,0,0
189,-243,-135,-1547,-1547,1,1,0
190,-200,-144,-1547,-1547,0,0,0
191,-98,-149,-1514,-1514,0,0,0
192,3,-151,1524,1524,0,0,0
193,72,-149,1550,1550,0,0,0
194,89,-147,1554,1554,0,0,0
195,79,-146,1545,1545,0,0,0
196,64,-145,1534,1534,0,0,0
197,59,-144,1538,1538,0,1,0
198,52,-143,1531,1531,0,0,0
199,10,-141,1528,1528,1,1,0
200,-61,-144,-1516,-1516,0,0,0
201,-68,-148,-1518,-1518,1,0,0
202,-70,-151,-1527,-1527,0,0,0
203,-88,-154,-1554,-1554,-1,0,0
204,-55,-158,-1555,-1555,-1,0,0
205,38,-159,-1512,-1512,0,0,0
206,73,-157,1506,1506,0,0,0
207,29,-156,-1525,-1525,-1,0,0
208,1,-157,-1549,-1549,0,-1,0
209,15,-158,-1550,-1550,-1,0,0
210,25,-158,-1551,-1551,0,-1,0
211,8,-158,-1555,-1555,0,0,0
212,-4,-160,-1588,-1588,-2,-1,0
213,12,-160,-1583,-1583,0,-1,0
214,19,-161,-1582,-1582,-1,0,0
215,82,-160,-1554,-1554,0,-1,0
216,188,-156,-1509,-1509,-1,-1,0
217,204,-153,-1519,-1519,-2,-1,0
218,286,-147,1530,1530,0,-1,0
219,373,-136,1574,1574,-1,-1,0
220,373,-125,1578,1578,-1,-1,0
221,335,-115,1584,1584,0,0,0
222,285,-107,1570,1570,0,-1,0
223,217,-101,1566,1566,0,1,0
224,145,-96,1544,1544,0,0,0
225,70,-95,1537,1537,1,1,0
226,12,-95,1512,1512,0,0,0
227,0,-96,1528,1528,1,1,0
228,24,-97,1547,1547,0,1,0
229,44,-96,1565,1565,1,0,0
230,10,-97,1564,1564,1,1,0
231,-22,-95,1564,1564,1,1,0
232,-164,-101,-1507,-1507,0,1,0
233,-207,-110,-1536,-1536,1,0,0
234,-141,-115,-1507,-1507,0,1,0
235,-181,-121,-1541,-1541,0,0,0
236,-221,-130,-1576,-1576,0,0,0
237,-143,-137,-1552,-1552,0,0,0
238,-50,-140,-1515,-1515,0,0,0
239,9,-140,-1501,-1501,0,-1,0
240,23,-140,-1507,-1507,-1,0,0
241,31,-140,-1504,-1504,0,0,0
242,33,-141,-1523,-1523,-1,-1,0
243,20,-141,-1527,-1527,0,0,0
244,9,-142,-1550,-1550,-1,-1,0
245,23,-142,-1558,-1558,-1,-1,0
246,64,-142,-1551,-1551,-1,-1,0
247,166,-138,1511,1511,0,0,0
248,205,-134,1522,1522,-1,-1,0
249,233,-132,1536,1536,0,-1,0
250,350,-122,1611,1611,0,0,0
251,342,-112,1615,1615,-1,0,0
252,278,-103,1610,1610,1,0,0
253,203,-97,1596,1596,0,1,0
254,134,-94,1580,1580,0,1,0
255,93,-90,1575,1575,1,0,0
256,56,-89,1578,1578,1,1,0
257,1,-87,1550,1550,0,0,0
258,-133,-93,1516,1516,2,2,0
259,-120,-99,1528,1528,1,1,0
260,-84,-103,1531,1531,0,0,0
261,-123,-105,1521,1521,1,1,0
262,-290,-114,-1548,-1548,2,1,0
263,-348,-127,-1592,-1592,0,1,0
264,-291,-137,-1567,-1567,1,1,0
265,-267,-146,-1578,-1578,0,0,0
266,-245,-156,-1578,-1578,1,0,0
267,-154,-163,-1553,-1553,0,0,0
268,-56,-167,-1519,-1519,0,0,0
269,31,-167,1515,1515,0,0,0
270,64,-165,1515,1515,-1,0,0
271,66,-164,1513,1513,0,0,0
272,45,-163,1501,1501,0,0,0
273,22,-164,-1504,-1504,1,0,0
274,24,-164,-1507,-1507,0,0,0
275,29,-164,-1508,-1508,0,0,0
276,22,-164,-1514,-1514,0,0,0
277,18,-165,-1519,-1519,0,0,0
278,19,-165,-1531,-1531,-1,0,0
279,12,-165,-1535,-1535,0,0,0
280,5,-166,-1549,-1549,0,-1,0
281,9,-167,-1546,-1546,0,0,0
282,4,-167,-1568,-1568,-1,-1,0
283,-6,-168,-1569,-1569,0,0,0
284,-6,-169,-1576,-1576,0,-1,0
285,-5,-170,-1583,-1583,-1,0,0
286,-11,-171,-1602,-1602,-1,-1,0
287,-13,-173,-1616,-1616,-1,-1,0
288,11,-174,-1607,-1607,0,-1,0
289,99,-176,-1576,-1576,-1,-1,0
290,318,-168,1517,1517,-2,-1,0
291,389,-156,1566,1566,0,-1,0
292,343,-148,1545,1545,-1,-1,0
293,395,-137,1585,1585,0,-1,0
294,386,-125,1595,1595,-1,0,0
295,314,-115,1583,1583,0,0,0
296,235,-108,1563,1563,0,0,0
297,158,-104,1550,1550,1,0,0
298,76,-102,1529,1529,0,1,0
299,0,-103,1505,1505,0,1,0
300,-7,-105,1521,1521,1,1,0
301,38,-104,1541,1541,0,0,0
302,31,-104,1566,1566,2,1,0
303,-26,-102,1544,1544,0,1,0
304,-178,-109,-1521,-1521,1,1,0
305,-201,-117,-1539,-1539,0,1,0
306,-172,-124,-1530,-1530,1,0,0
307,-209,-131,-1564,-1564,0,0,0
308,-193,-139,-1571,-1571,0,0,0
309,-150,-145,-1564,-1564,0,0,0
310,-70,-150,-1534,-1534,0,0,0
311,-1,-150,-1516,-1516,-1,0,0
312,16,-150,-1520,-1520,0,-1,0
313,29,-150,-1534,-1534,-1,-1,0
314,37,-150,-1538,-1538,0,-1,0
315,26,-151,-1569,-1569,-2,-1,0
316,31,-151,-1559,-1559,0,0,0
317,91,-150,-1543,-1543,-1,-1,0
318,215,-145,1511,1511,-1,-1,0
319,247,-141,1530,1530,0,-1,0
320,338,-133,1561,1561,-2,-1,0
321,371,-122,1601,1601,0,0,0
322,328,-113,1600,1600,0,0,0
323,284,-104,1596,1596,0,0,0
324,204,-98,1572,1572,0,0,0
325,118,-95,1552,1552,1,0,0
326,59,-94,1549,1549,1,1,0
327,50,-94,1544,1544,0,0,0
328,85,-93,1582,1582,1,1,0
329,102,-90,1609,1609,1,1,0
330,65,-89,1597,1597,0,1,0
331,41,-85,1603,1603,2,0,0
332,-124,-88,1533,1533,1,1,0
333,-220,-97,-1501,-1501,1,2,0
334,-271,-106,-1538,-1538,0,1,0
335,-303,-118,-1557,-1557,2,0,0
336,-237,-126,-1547,-1547,0,0,0
337,-187,-133,-1531,-1531,0,1,0
338,-168,-140,-1540,-1540,0,0,0
339,-81,-145,-1512,-1512,0,0,0
340,18,-146,1516,1516,0,-1,0
341,93,-144,1550,1550,0,0,0
342,107,-141,1554,1554,0,0,0
343,83,-140,1551,1551,1,0,0
344,70,-139,1550,1550,0,1,0
345,70,-138,1547,1547,0,0,0
346,68,-136,1552,1552,1,0,0
347,66,-133,1559,1559,0,1,0
348,-46,-133,1519,1519,1,1,0
349,-213,-142,-1557,-1557,1,1,0
350,-175,-149,-1556,-1556,0,0,0
351,-95,-151,-1518,-1518,0,1,0
352,-166,-157,-1566,-1566,0,0,0
353,-173,-165,-1584,-1584,0,0,0
354,-72,-169,-1546,-1546,0,0,0
355,30,-170,-1513,-1513,0,-1,0
356,72,-168,-1504,-1504,-1,0,0
357,28,-167,-1535,-1535,-1,0,0
358,-4,-168,-1561,-1561,0,-1,0
359,6,-169,-1574,-1574,-1,-1,0
360,18,-169,-1583,-1583,-1,-1,0
361,5,-170,-1583,-1583,0,0,0
362,-5,-171,-1613,-1613,-2,-1,0
363,38,-172,-1583,-1583,0,0,0
364,161,-171,-1545,-1545,-1,-2,0
365,340,-162,1540,1540,-1,-1,0
366,381,-151,1564,1564,-1,-1,0
367,327,-143,1540,1540,-1,-1,0
368,363,-133,1571,1571,-1,0,0
369,385,-121,1596,1596,0,-1,0
370,318,-112,1587,1587,0,0,0
371,242,-105,1569,1569,0,0,0
372,167,-100,1558,1558,0,1,0
373,91,-97,1550,1550,1,1,0
374,15,-97,1515,1515,0,0,0
375,-13,-99,1512,1512,0,1,0
376,16,-99,1545,1545,2,0,0
377,24,-99,1556,1556,0,1,0
378,-35,-98,1545,1545,1,1,0
379,-157,-105,-1517,-1517,0,1,0
380,-161,-112,-1523,-1523,1,0,0
381,-98,-116,1507,1507,0,1,0
382,-139,-120,-1524,-1524,0,0,0
383,-232,-129,-1586,-1586,0,0,0
384,-147,-137,-1557,-1557,0,0,0
385,-52,-139,-1518,-1518,0,0,0
386,-36,-141,-1517,-1517,0,0,0
387,-7,-143,-1508,-1508,0,0,0
388,55,-142,1510,1510,-1,0,0
389,39,-142,-1508,-1508,0,-1,0
390,1,-143,-1527,-1527,0,0,0
391,5,-144,-1535,-1535,-1,0,0
392,21,-144,-1525,-1525,0,0,0
393,14,-144,-1537,-1537,-1,0,0
394,10,-145,-1557,-1557,-1,-1,0
395,17,-146,-1548,-1548,0,0,0
396,29,-146,-1558,-1558,-1,-1,0
397,107,-144,-1521,-1521,0,-1,0
398,172,-140,1502,1502,-1,-1,0
399,147,-137,1502,1502,0,0,0
400,180,-137,-1504,-1504,-2,-1,0
401,343,-127,1584,1584,0,-1,0
402,341,-116,1604,1604,0,0,0
403,253,-109,1569,1569,0,-1,0
404,203,-104,1569,1569,0,1,0
405,201,-98,1579,1579,0,0,0
406,134,-94,1567,1567,0,1,0
407,71,-93,1571,1571,2,1,0
408,51,-92,1560,1560,0,0,0
409,53,-91,1580,1580,1,1,0
410,20,-88,1562,1562,0,0,0
#chirp amp=300 0.5-25Hz 20s
411,-130,-94,1515,1515,1,2,4
412,-115,-100,1543,1543,2,1,9
413,-53,-103,1564,1564,0,0,14
414,-79,-104,1567,1567,1,1,19
415,-263,-113,-1517,-1517,1,1,24
416,-325,-125,-1546,-1546,1,1,29
417,-264,-133,-1513,-1513,1,1,34
418,-283,-142,-1541,-1541,0,0,39
419,-259,-153,-1546,-1546,0,0,44
420,-165,-160,-1503,-1503,1,0,49
421,-68,-165,1534,1534,0,0,54
422,17,-165,1571,1571,0,0,59
423,49,-164,1586,1586,0,0,65
424,69,-163,1596,1596,0,0,70
425,70,-161,1608,1608,0,1,75
426,16,-160,1593,1593,1,0,81
427,-37,-162,1564,1564,0,0,86
428,-45,-163,1590,1590,2,1,92
429,-150,-168,1541,1541,0,1,97
430,-245,-177,1503,1503,1,1,103
431,-221,-184,1502,1502,0,0,108
432,-222,-191,1512,1512,1,1,114
433,-220,-199,1509,1509,0,1,119
434,-235,-206,1520,1520,2,1,125
435,-318,-217,-1518,-1518,1,1,130
436,-322,-228,-1539,-1539,0,0,136
437,-287,-237,-1528,-1528,1,0,141
438,-294,-248,-1538,-1538,0,1,147
439,-267,-258,-1541,-1541,0,0,152
440,-172,-265,-1515,-1515,0,-1,158
441,-90,-268,1519,1519,0,0,163
442,-65,-271,1529,1529,0,0,168
443,-60,-273,1520,1520,0,-1,174
444,-65,-275,1518,1518,0,0,179
445,-79,-279,1512,1512,0,0,184
446,-101,-282,1502,1502,0,0,190
447,-118,-287,-1507,-1507,0,0,195
448,-116,-291,-1506,-1506,0,0,200
449,-112,-295,-1504,-1504,0,0,205
450,-127,-299,-1511,-1511,0,0,210
451,-147,-305,-1522,-1522,0,0,215
452,-151,-310,-1534,-1534,0,-1,220
453,-156,-315,-1535,-1535,0,0,225
454,-167,-321,-1561,-1561,-1,-1,229
455,-177,-327,-1564,-1564,0,0,234
456,-185,-333,-1576,-1576,-1,0,238
457,-197,-340,-1589,-1589,0,-1,243
458,-208,-347,-1602,-1602,-1,0,247
459,-210,-354,-1610,-1610,-1,0,251
460,-195,-361,-1618,-1618,-1,-1,255
461,-175,-370,-1615,-1615,0,-1,259
462,-30,-373,-1556,-1556,-1,-1,263
463,113,-370,0,0,-2,-1,267
464,84,-368,-1515,-1515,-1,-1,270
465,98,-367,-1501,-1501,0,-1,273
466,151,-362,1527,1527,-1,-1,276
467,78,-360,-1509,-1509,-1,-1,279
468,14,-361,-1532,-1532,-1,0,282
469,60,-360,-1502,-1502,0,-1,285
470,13,-359,-1527,-1527,-1,-1,287
471,-86,-363,-1573,-1573,0,-1,289
472,-40,-366,-1548,-1548,-1,0,291
473,21,-366,-1524,-1524,-1,-1,293
474,-13,-368,-1546,-1546,-1,-1,295
475,16,-369,-1537,-1537,-1,-1,296
476,68,-367,-1503,-1503,0,-1,297
477,25,-368,-1528,-1528,-1,-1,298
478,9,-369,-1531,-1531,-1,0,299
479,61,-368,-1520,-1520,-1,-2,299
480,43,-368,-1531,-1531,-1,-1,299
481,27,-368,-1533,-1533,0,-1,299
482,63,-368,-1509,-1509,-1,0,299
483,72,-366,-1518,-1518,-1,-2,299
484,57,-365,-1527,-1527,-1,-1,298
485,67,-365,-1525,-1525,-1,-1,297
486,77,-363,-1513,-1513,0,-1,295
487,61,-362,-1525,-1525,-1,-1,293
488,38,-362,-1532,-1532,0,-1,291
489,46,-362,-1543,-1543,-2,-1,289
490,64,-361,-1528,-1528,0,-1,287
491,49,-360,-1540,-1540,-1,-1,284
492,45,-360,-1539,-1539,0,-1,281
493,47,-359,-1545,-1545,-1,-1,277
494,51,-359,-1550,-1550,-1,-1,273
495,51,-359,-1567,-1567,-1,-2,269
496,66,-358,-1564,-1564,-1,-1,265
497,72,-356,-1565,-1565,-1,-1,260
498,65,-355,-1563,-1563,0,-1,256
499,68,-355,-1579,-1579,-2,-1,250
500,101,-353,-1567,-1567,-1,-1,245
501,103,-350,-1581,-1581,-1,-2,239
502,109,-349,-1582,-1582,-1,-1,233
503,166,-345,-1557,-1557,-1,-1,226
504,179,-340,-1560,-1560,-1,-2,220
505,132,-337,-1596,-1596,-1,-2,213
506,137,-335,-1607,-1607,-2,-1,205
507,200,-330,-1585,-1585,-1,-2,198
508,197,-324,-1583,-1583,-1,-1,190
509,163,-321,-1611,-1611,-2,-1,182
510,227,-316,-1589,-1589,-1,-2,173
511,263,-308,-1567,-1567,-1,-1,165
512,216,-303,-1619,-1619,-2,-3,156
513,248,-297,-1599,-1599,-1,-1,147
514,308,-288,-1584,-1584,-2,-2,137
515,273,-281,-1614,-1614,-2,-2,128
516,281,-275,-1605,-1605,-1,-1,118
517,338,-265,-1599,-1599,-2,-3,108
518,360,-255,-1587,-1587,-2,-1,98
519,372,-245,-1602,-1602,-2,-3,87
520,398,-234,-1575,-1575,-1,-1,77
521,398,-223,-1603,-1603,-3,-3,66
522,411,-212,-1581,-1581,-1,-1,55
523,428,-200,-1601,-1601,-3,-3,44
524,444,-188,-1585,-1585,-1,-2,33
525,443,-176,-1598,-1598,-3,-2,22
526,444,-164,-1591,-1591,-1,-2,10
527,484,-150,-1582,-1582,-3,-2,0
528,495,-137,-1578,-1578,-1,-3,-12
529,502,-122,-1583,-1583,-3,-2,-23
530,507,-109,-1589,-1589,-2,-3,-35
531,542,-93,-1566,-1566,-2,-2,-46
532,541,-78,-1563,-1563,-2,-2,-58
533,527,-63,-1577,-1577,-2,-3,-69
534,556,-48,-1559,-1559,-2,-2,-81
535,615,-31,-1533,-1533,-3,-2,-92
536,596,-14,-1534,-1534,-1,-3,-103
537,577,1,-1547,-1547,-3,-2,-114
538,571,18,-1552,-1552,-2,-3,-125
539,579,34,-1539,-1539,-2,-2,-136
540,602,51,-1530,-1530,-3,-2,-147
541,632,68,-1505,-1505,-1,-3,-157
542,630,87,-1506,-1506,-3,-2,-168
543,619,104,-1511,-1511,-2,-3,-178
544,647,122,1513,1513,-2,-2,-188
545,669,141,1537,1537,-2,-2,-197
546,667,159,1548,1548,-2,-2,-206
547,666,178,1569,1569,-1,-2,-215
548,649,196,1589,1589,-1,-1,-224
549,630,214,1586,1586,-2,-2,-232
550,617,231,1605,1605,-1,-1,-240
551,603,248,1642,1642,0,0,-247
552,583,266,1661,1661,0,-1,-254
553,489,284,1652,1652,0,0,-261
554,258,294,1576,1576,0,1,-267
555,24,292,-1527,-1527,0,0,-273
556,-17,290,-1530,-1530,0,1,-278
557,-63,289,-1537,-1537,0,1,-282
558,-169,280,-1595,-1595,0,0,-287
559,-82,274,-1557,-1557,0,0,-290
560,67,272,1516,1516,0,0,-293
561,171,276,1560,1560,-1,0,-296
562,175,280,1569,1569,0,0,-297
563,168,283,1571,1571,0,0,-299
564,187,287,1588,1588,0,0,-299
565,203,292,1613,1613,0,1,-299
566,171,296,1612,1612,1,0,-299
567,173,299,1617,1617,0,0,-298
568,208,304,1650,1650,0,1,-296
569,187,309,1656,1656,1,0,-293
570,145,312,1668,1668,1,2,-290
571,85,313,1655,1655,1,1,-287
572,27,313,1643,1643,1,1,-282
573,-8,312,1650,1650,1,2,-277
574,-37,310,1656,1656,2,1,-271
575,-100,306,1631,1631,1,1,-265
576,-141,299,1625,1625,1,2,-258
577,-116,295,1661,1661,2,2,-251
578,-127,290,1677,1677,2,2,-243
579,-170,283,1664,1664,2,1,-234
580,-159,277,1698,1698,2,3,-225
581,-192,270,1686,1686,2,1,-215
582,-235,262,1690,1690,2,3,-204
583,-227,254,1705,1705,2,2,-193
584,-249,246,1714,1714,2,3,-182
585,-308,235,1702,1702,3,2,-170
586,-319,225,1711,1711,3,2,-158
587,-347,214,1709,1709,2,3,-145
588,-409,200,1699,1699,3,3,-132
589,-424,186,1710,1710,3,3,-118
590,-439,172,1717,1717,3,3,-104
591,-478,156,1709,1709,3,3,-90
592,-526,139,1705,1705,3,4,-75
593,-549,121,1710,1710,4,3,-60
594,-561,104,1707,1707,3,3,-45
595,-616,84,1701,1701,4,4,-30
596,-629,63,1691,1691,3,3,-15
597,-638,44,1695,1695,3,4,0
598,-692,21,1681,1681,4,4,15
599,-696,0,1691,1691,4,4,31
600,-699,-22,1698,1698,4,4,46
601,-720,-45,1684,1684,3,4,62
602,-750,-69,1675,1675,4,4,77
603,-740,-93,1683,1683,4,4,92
604,-732,-115,1690,1690,4,4,107
605,-776,-140,1668,1668,4,4,122
606,-794,-166,1657,1657,4,4,136
607,-781,-190,1660,1660,4,4,150
608,-808,-215,1643,1643,4,4,164
609,-844,-241,1620,1620,4,4,177
610,-870,-269,1598,1598,4,4,190
611,-854,-295,1597,1597,4,4,202
612,-848,-322,1601,1601,4,5,214
613,-865,-349,1580,1580,4,4,225
614,-862,-376,1568,1568,4,4,236
615,-851,-403,1560,1560,4,4,245
616,-858,-429,1543,1543,4,4,254
617,-878,-456,1519,1519,4,4,263
618,-891,-484,-1505,-1505,4,4,270
619,-889,-511,-1521,-1521,4,4,277
620,-883,-538,-1545,-1545,3,4,283
621,-895,-566,-1579,-1579,4,3,288
622,-857,-593,-1607,-1607,2,3,292
623,-819,-619,-1641,-1641,2,2,295
624,-786,-643,-1660,-1660,2,3,298
625,-761,-666,-1703,-1703,2,1,299
626,-738,-690,-1752,-1752,1,1,299
627,-603,-713,-1739,-1739,1,1,299
628,-295,-728,-1654,-1654,0,0,297
629,100,-725,-1503,-1503,0,0,295
630,233,-718,1532,1532,0,0,291
631,247,-711,1514,1514,0,0,287
632,346,-702,1531,1531,-1,0,281
633,382,-688,1537,1537,0,0,274
634,263,-678,-1533,-1533,0,0,267
635,129,-674,-1614,-1614,0,0,258
636,55,-673,-1668,-1668,0,0,249
637,44,-672,-1682,-1682,0,1,239
638,43,-670,-1710,-1710,0,-1,228
639,18,-669,-1760,-1760,-1,-1,216
640,20,-669,-1782,-1782,0,-1,203
641,101,-667,-1786,-1786,-2,-1,189
642,204,-665,-1764,-1764,-1,-1,175
643,359,-655,-1718,-1718,-1,-2,160
644,407,-642,-1738,-1738,-3,-2,144
645,478,-630,-1722,-1722,-1,-2,128
646,633,-611,-1677,-1677,-3,-2,111
647,637,-591,-1709,-1709,-3,-3,94
648,582,-575,-1759,-1759,-2,-3,76
649,688,-556,-1725,-1725,-3,-2,58
650,783,-531,-1700,-1700,-3,-3,40
651,719,-510,-1750,-1750,-2,-4,22
652,751,-489,-1751,-1751,-3,-3,3
653,839,-463,-1738,-1738,-4,-4,-15
654,823,-439,-1752,-1752,-3,-3,-33
655,841,-415,-1769,-1769,-4,-4,-52
656,919,-388,-1738,-1738,-4,-3,-70
657,962,-359,-1720,-1720,-3,-4,-88
658,954,-332,-1737,-1737,-4,-4,-106
659,1015,-303,-1726,-1726,-4,-5,-124
660,1084,-270,-1692,-1692,-4,-4,-141
661,1068,-239,-1699,-1699,-4,-4,-158
662,1097,-207,-1701,-1701,-5,-5,-174
663,1148,-173,-1665,-1665,-4,-4,-189
664,1137,-140,-1669,-1669,-4,-5,-204
665,1152,-106,-1646,-1646,-4,-4,-217
666,1192,-71,-1620,-1620,-5,-4,-230
667,1184,-36,-1613,-1613,-4,-5,-242
668,1185,-1,-1592,-1592,-4,-4,-253
669,1208,33,-1567,-1567,-4,-5,-263
670,1230,69,-1540,-1540,-4,-5,-272
671,1217,105,-1518,-1518,-4,-4,-280
672,1218,140,1511,1511,-4,-4,-286
673,1250,176,1546,1546,-4,-5,-291
674,1249,213,1579,1579,-4,-4,-295
675,1229,249,1612,1612,-4,-3,-298
676,1219,285,1650,1650,-3,-4,-299
677,1218,320,1720,1720,-2,-2,-299
678,1229,355,1780,1780,-2,-3,-298
679,1239,393,1862,1862,-2,-1,-295
680,1129,430,1890,1890,-1,-1,-291
681,790,462,1796,1796,-1,-1,-286
682,177,468,1584,1584,1,1,-279
683,-195,459,-1537,-1537,1,1,-271
684,-237,453,-1506,-1506,1,1,-262
685,-375,442,-1551,-1551,0,0,-251
686,-463,424,-1571,-1571,0,1,-240
687,-385,409,-1523,-1523,0,0,-227
688,-262,397,1549,1549,0,0,-213
689,-103,389,1643,1643,0,0,-198
690,67,389,1748,1748,0,0,-182
691,159,391,1828,1828,0,1,-165
692,183,395,1885,1885,1,1,-147
693,189,402,1933,1933,1,1,-128
694,7,405,1895,1895,2,1,-109
695,-288,394,1796,1796,1,3,-89
696,-368,382,1805,1805,3,2,-68
697,-492,370,1796,1796,3,3,-48
698,-750,347,1698,1698,2,3,-26
699,-830,318,1695,1695,3,4,-5
700,-757,295,1763,1763,4,3,15
701,-865,270,1739,1739,3,4,37
702,-989,236,1693,1693,4,3,58
703,-895,207,1744,1744,2,4,79
704,-892,181,1770,1770,4,4,99
705,-1012,148,1718,1718,4,3,120
706,-1006,115,1741,1741,4,5,139
707,-974,85,1766,1766,4,4,158
708,-1011,54,1752,1752,4,4,176
709,-1050,20,1743,1743,4,5,193
710,-1079,-12,1723,1723,4,4,210
711,-1121,-47,1705,1705,4,5,225
712,-1158,-82,1683,1683,5,4,239
713,-1202,-119,1664,1664,5,5,251
714,-1241,-158,1620,1620,4,4,263
715,-1256,-198,1596,1596,4,5,273
716,-1255,-237,1587,1587,5,5,281
717,-1270,-277,1556,1556,4,5,288
718,-1251,-316,1528,1528,4,4,293
719,-1224,-354,1517,1517,5,4,297
720,-1239,-392,-1519,-1519,4,5,299
721,-1243,-431,-1562,-1562,4,4,299
722,-1234,-470,-1598,-1598,4,4,298
723,-1232,-508,-1639,-1639,4,4,295
724,-1203,-545,-1688,-1688,3,3,290
725,-1169,-582,-1739,-1739,2,3,284
726,-1143,-617,-1803,-1803,2,2,275
727,-1124,-652,-1883,-1883,1,1,266
728,-1027,-688,-1903,-1903,2,2,254
729,-660,-715,-1822,-1822,0,0,241
730,-91,-722,-1637,-1637,-1,-1,227
731,211,-717,-1570,-1570,-1,-2,211
732,296,-710,-1586,-1586,-1,-1,194
733,484,-696,-1539,-1539,-1,-1,176
734,569,-677,-1542,-1542,-1,-2,156
735,473,-662,-1620,-1620,-1,-1,136
736,401,-651,-1686,-1686,-1,-1,115
737,386,-639,-1734,-1734,-1,-2,92
738,406,-626,-1768,-1768,-2,-2,70
739,412,-615,-1797,-1797,-1,-2,47
740,477,-603,-1813,-1813,-3,-2,23
741,548,-586,-1806,-1806,-1,-3,0
742,593,-570,-1828,-1828,-3,-3,-23
743,703,-550,-1802,-1802,-3,-2,-47
744,798,-527,-1796,-1796,-3,-4,-71
745,850,-503,-1795,-1795,-3,-3,-94
746,942,-475,-1785,-1785,-4,-4,-116
747,1015,-445,-1778,-1778,-4,-4,-138
748,1062,-415,-1775,-1775,-4,-4,-159
749,1129,-381,-1755,-1755,-4,-4,-179
750,1162,-347,-1757,-1757,-4,-5,-198
751,1229,-311,-1723,-1723,-4,-4,-215
752,1269,-274,-1719,-1719,-4,-6,-232
753,1293,-236,-1704,-1704,-5,-4,-246
754,1328,-196,-1679,-1679,-4,-5,-259
755,1337,-157,-1663,-1663,-5,-4,-271
756,1348,-118,-1652,-1652,-5,-5,-280
757,1386,-77,-1611,-1611,-4,-5,-288
758,1386,-36,-1596,-1596,-5,-5,-294
759,1379,3,-1571,-1571,-4,-5,-298
760,1408,44,-1514,-1514,-4,-4,-299
761,1412,87,1512,1512,-5,-5,-299
762,1392,127,1538,1538,-4,-5,-297
763,1405,168,1595,1595,-4,-4,-292
764,1425,210,1666,1666,-3,-4,-286
765,1417,252,1723,1723,-4,-3,-277
766,1412,293,1799,1799,-2,-3,-267
767,1416,335,1889,1889,-2,-2,-254
768,1372,379,1962,1962,-1,-2,-240
769,1093,420,1926,1926,-2,0,-224
770,542,439,1764,1764,1,0,-206
771,30,439,1592,1592,1,0,-187
772,-177,431,1562,1562,1,1,-166
773,-242,427,1596,1596,1,1,-145
774,-469,413,1555,1555,2,2,-122
775,-562,392,1534,1534,1,0,-98
776,-466,374,1625,1625,1,2,-73
777,-378,359,1720,1720,2,2,-48
778,-316,350,1783,1783,1,1,-22
779,-398,338,1769,1769,1,1,3
780,-460,321,1789,1789,3,2,29
781,-395,308,1849,1849,1,2,55
782,-493,295,1856,1856,3,3,80
783,-683,272,1806,1806,3,3,105
784,-701,250,1819,1819,2,3,129
785,-737,229,1832,1832,4,2,152
786,-914,201,1775,1775,3,4,174
787,-1026,167,1749,1749,4,4,195
788,-1027,135,1769,1769,4,4,214
789,-1071,103,1763,1763,4,4,232
790,-1154,66,1728,1728,4,4,248
791,-1179,29,1714,1714,4,4,262
792,-1193,-7,1711,1711,4,5,274
793,-1252,-45,1690,1690,5,5,284
794,-1297,-86,1644,1644,4,4,291
795,-1294,-126,1630,1630,4,5,296
796,-1339,-167,1587,1587,5,4,299
797,-1387,-210,1526,1526,4,4,299
798,-1385,-254,1507,1507,5,5,297
799,-1358,-296,-1525,-1525,4,4,293
800,-1339,-337,-1552,-1552,4,5,286
801,-1305,-378,-1595,-1595,4,3,277
802,-1277,-418,-1641,-1641,3,4,265
803,-1240,-457,-1692,-1692,3,3,251
804,-1200,-494,-1738,-1738,3,3,235
805,-1171,-530,-1818,-1818,1,2,217
806,-1143,-566,-1892,-1892,2,1,198
807,-1060,-603,-1949,-1949,1,1,176
808,-723,-634,-1893,-1893,0,0,153
809,-64,-638,-1669,-1669,-1,-1,129
810,275,-629,-1586,-1586,-2,-1,103
811,308,-625,-1646,-1646,-1,-2,77
812,585,-610,-1583,-1583,-2,-2,49
813,763,-585,-1546,-1546,-2,-2,22
814,690,-562,-1616,-1616,-1,-2,-5
815,593,-543,-1718,-1718,-3,-2,-33
816,557,-529,-1767,-1767,-1,-2,-61
817,629,-511,-1776,-1776,-3,-2,-88
818,650,-490,-1793,-1793,-1,-3,-115
819,608,-473,-1859,-1859,-3,-3,-140
820,719,-454,-1834,-1834,-3,-2,-165
821,853,-429,-1796,-1796,-3,-3,-188
822,869,-405,-1820,-1820,-3,-4,-209
823,995,-377,-1791,-1791,-4,-4,-228
824,1156,-342,-1732,-1732,-4,-4,-246
825,1175,-308,-1733,-1733,-4,-4,-261
826,1203,-274,-1724,-1724,-4,-4,-274
827,1315,-235,-1663,-1663,-4,-4,-284
828,1336,-194,-1649,-1649,-4,-5,-292
829,1311,-157,-1644,-1644,-4,-4,-297
830,1358,-117,-1618,-1618,-5,-5,-299
831,1422,-75,-1563,-1563,-4,-5,-299
832,1387,-34,-1553,-1553,-5,-4,-296
833,1384,5,-1523,-1523,-4,-5,-290
834,1419,48,1543,1543,-4,-4,-281
835,1394,89,1581,1581,-4,-4,-269
836,1378,129,1623,1623,-4,-4,-255
837,1403,170,1710,1710,-2,-4,-239
838,1398,211,1780,1780,-3,-3,-220
839,1389,252,1868,1868,-3,-1,-199
840,1393,293,1959,1959,-1,-3,-176
841,1353,336,2058,2058,0,-1,-152
842,1069,377,2042,2042,0,0,-125
843,473,396,1856,1856,0,1,-98
844,-133,391,1665,1665,2,2,-69
845,-405,381,1618,1618,2,2,-40
846,-652,363,1566,1566,2,2,-10
847,-830,335,1528,1528,2,2,18
848,-758,308,1626,1626,3,3,48
849,-664,284,1696,1696,1,2,77
850,-591,266,1780,1780,3,2,106
851,-640,247,1797,1797,2,3,134
852,-710,223,1782,1782,2,2,160
853,-701,201,1834,1834,4,3,185
854,-759,178,1834,1834,2,4,207
855,-868,151,1799,1799,3,3,228
856,-911,122,1810,1810,4,4,247
857,-957,94,1809,1809,4,4,263
858,-1095,59,1752,1752,4,4,276
859,-1164,23,1719,1719,4,4,286
860,-1187,-12,1702,1702,4,4,294
861,-1263,-51,1661,1661,4,5,298
862,-1319,-93,1618,1618,5,4,299
863,-1341,-134,1578,1578,4,4,298
864,-1379,-176,1533,1533,4,5,293
865,-1411,-221,-1527,-1527,4,4,284
866,-1383,-265,-1551,-1551,4,5,273
867,-1344,-306,-1582,-1582,4,4,259
868,-1333,-348,-1640,-1640,4,3,242
869,-1291,-388,-1683,-1683,3,4,223
870,-1244,-427,-1733,-1733,3,3,201
871,-1206,-465,-1817,-1817,2,1,176
872,-1171,-502,-1897,-1897,1,2,150
873,-1072,-540,-1953,-1953,1,1,122
874,-743,-571,-1906,-1906,0,0,93
875,-172,-579,-1723,-1723,0,-1,63
876,170,-574,-1662,-1662,-2,-2,31
877,306,-569,-1667,-1667,-1,-1,0
878,534,-555,-1621,-1621,-1,-2,-31
879,638,-534,-1632,-1632,-2,-2,-62
880,561,-517,-1714,-1714,-1,-2,-93
881,573,-502,-1760,-1760,-2,-2,-122
882,664,-482,-1757,-1757,-2,-2,-151
883,645,-462,-1810,-1810,-3,-2,-178
884,642,-445,-1849,-1849,-2,-3,-202
885,776,-424,-1823,-1823,-3,-3,-225
886,885,-397,-1797,-1797,-3,-3,-245
887,903,-372,-1807,-1807,-2,-4,-262
888,1007,-344,-1786,-1786,-4,-4,-276
889,1184,-309,-1714,-1714,-4,-4,-287
890,1196,-273,-1711,-1711,-4,-4,-294
891,1201,-239,-1707,-1707,-4,-4,-299
892,1327,-200,-1632,-1632,-4,-4,-299
893,1362,-159,-1601,-1601,-4,-5,-297
894,1306,-121,-1600,-1600,-4,-4,-290
895,1355,-82,-1552,-1552,-4,-5,-280
896,1413,-40,1519,1519,-4,-4,-267
897,1382,0,1552,1552,-4,-4,-251
898,1357,40,1589,1589,-4,-4,-232
899,1365,81,1657,1657,-3,-4,-210
900,1346,121,1734,1734,-3,-2,-185
901,1312,159,1800,1800,-2,-3,-158
902,1292,197,1891,1891,-2,-1,-129
903,1282,236,1984,1984,-1,-2,-98
904,1179,278,2061,2061,0,0,-66
905,756,310,1966,1966,0,0,-34
906,121,314,1768,1768,1,2,0
907,-307,302,1651,1651,3,1,32
908,-494,291,1649,1649,2,3,65
909,-738,270,1581,1581,2,1,97
910,-881,239,1575,1575,3,3,128
911,-798,212,1650,1650,2,2,158
912,-694,188,1751,1751,3,3,185
913,-673,169,1786,1786,2,2,210
914,-775,144,1763,1763,3,2,233
915,-775,118,1800,1800,3,4,253
916,-764,96,1826,1826,3,3,269
917,-895,69,1763,1763,3,2,282
918,-998,36,1723,1723,3,4,292
919,-1001,6,1734,1734,4,4,298
920,-1072,-25,1701,1701,4,4,300
921,-1190,-63,1633,1633,4,4,298
922,-1210,-102,1593,1593,3,4,292
923,-1179,-136,1584,1584,4,4,282
924,-1251,-175,1518,1518,4,4,269
925,-1297,-216,-1546,-1546,4,4,252
926,-1268,-257,-1587,-1587,4,3,232
927,-1243,-295,-1632,-1632,3,4,208
928,-1253,-334,-1698,-1698,4,3,182
929,-1227,-372,-1777,-1777,2,2,154
930,-1182,-409,-1835,-1835,2,3,123
931,-1147,-445,-1925,-1925,1,1,90
932,-1110,-482,-2030,-2030,0,0,57
933,-912,-519,-2051,-2051,0,0,22
934,-260,-534,-1844,-1844,-1,-1,-12
935,372,-521,-1631,-1631,-2,-2,-46
936,459,-510,-1682,-1682,-3,-2,-81
937,652,-497,-1666,-1666,-2,-3,-114
938,1012,-465,-1543,-1543,-3,-2,-145
939,1006,-433,-1596,-1596,-3,-3,-175
940,889,-406,-1685,-1685,-2,-3,-202
941,877,-382,-1721,-1721,-3,-2,-227
942,978,-353,-1709,-1709,-4,-3,-248
943,941,-323,-1734,-1734,-2,-3,-266
944,881,-298,-1788,-1788,-3,-4,-281
945,960,-272,-1744,-1744,-3,-2,-291
946,1043,-240,-1718,-1718,-4,-4,-297
947,1043,-210,-1713,-1713,-4,-3,-299
948,1107,-179,-1670,-1670,-3,-4,-297
949,1200,-144,-1602,-1602,-3,-4,-291
950,1216,-108,-1574,-1574,-4,-4,-281
951,1236,-72,-1536,-1536,-4,-4,-266
952,1293,-34,1528,1528,-4,-4,-248
953,1292,3,1581,1581,-3,-4,-226
954,1254,40,1619,1619,-4,-3,-200
955,1256,77,1690,1690,-3,-3,-172
956,1245,114,1775,1775,-2,-2,-141
957,1212,149,1845,1845,-2,-2,-109
958,1192,184,1941,1941,-1,-1,-74
959,1177,221,2036,2036,-1,-1,-38
960,1037,260,2108,2108,1,1,-2
961,524,285,1966,1966,0,1,33
962,-122,281,1756,1756,2,2,69
963,-484,263,1666,1666,2,3,104
964,-622,248,1668,1668,2,2,138
965,-886,224,1608,1608,2,4,169
966,-1101,187,1548,1548,3,3,198
967,-997,153,1624,1624,2,3,224
968,-846,123,1728,1728,3,3,247
969,-721,101,1817,1817,3,3,266
970,-794,79,1793,1793,2,3,281
971,-972,47,1732,1732,4,4,291
972,-920,17,1764,1764,3,4,298
973,-922,-9,1761,1761,4,3,299
974,-1105,-43,1660,1660,3,4,297
975,-1187,-81,1602,1602,4,4,289
976,-1154,-116,1596,1596,4,4,277
977,-1224,-153,1531,1531,3,5,261
978,-1272,-194,-1545,-1545,3,4,241
979,-1223,-233,-1566,-1566,4,4,216
980,-1198,-269,-1612,-1612,4,3,189
981,-1227,-308,-1700,-1700,3,3,158
982,-1213,-346,-1778,-1778,2,3,125
983,-1162,-382,-1846,-1846,2,2,90
984,-1121,-417,-1935,-1935,1,1,53
985,-1090,-452,-2033,-2033,0,1,16
986,-966,-490,-2092,-2092,0,0,-21
987,-414,-512,-1934,-1934,0,-1,-59
988,352,-501,-1672,-1672,-2,-3,-95
989,504,-488,-1680,-1680,-2,-2,-131
990,625,-476,-1702,-1702,-2,-3,-164
991,1032,-444,-1567,-1567,-3,-3,-194
992,1063,-410,-1597,-1597,-3,-3,-222
993,935,-380,-1675,-1675,-2,-2,-246
994,838,-357,-1769,-1769,-3,-4,-265
995,971,-331,-1726,-1726,-3,-3,-281
996,1082,-297,-1668,-1668,-2,-3,-292
997,985,-267,-1716,-1716,-3,-3,-298
998,951,-242,-1751,-1751,-4,-4,-299
999,1136,-208,-1642,-1642,-3,-3,-296
1000,1189,-171,-1604,-1604,-4,-4,-287
1001,1104,-140,-1608,-1608,-2,-4,-273
1002,1158,-108,-1561,-1561,-4,-4,-255
1003,1275,-69,1542,1542,-3,-4,-233
1004,1248,-31,1580,1580,-4,-3,-207
1005,1175,1,1597,1597,-3,-4,-177
1006,1217,37,1707,1707,-2,-2,-144
1007,1238,73,1785,1785,-3,-3,-108
1008,1201,109,1866,1866,-1,-2,-71
1009,1170,143,1946,1946,-2,-1,-32
1010,1142,179,2055,2055,0,0,6
1011,989,217,2098,2098,0,0,45
1012,476,240,1987,1987,2,2,83
1013,-178,235,1766,1766,2,2,120
1014,-591,215,1658,1658,3,3,155
1015,-810,194,1638,1638,3,4,188
1016,-1081,163,1556,1556,3,3,217
1017,-1223,122,1517,1517,3,3,242
1018,-1121,84,1587,1587,3,3,263
1019,-981,51,1680,1680,3,4,280
1020,-891,26,1735,1735,3,3,292
1021,-1001,-4,1689,1689,3,4,298
1022,-1047,-39,1652,1652,3,3,299
1023,-982,-70,1683,1683,4,4,295
1024,-1031,-100,1630,1630,3,3,286
1025,-1146,-136,1543,1543,4,3,271
1026,-1125,-172,1506,1506,2,4,252
1027,-1092,-205,-1510,-1510,4,4,228
1028,-1139,-240,-1594,-1594,3,3,200
1029,-1169,-278,-1654,-1654,4,4,168
1030,-1137,-314,-1720,-1720,2,3,133
1031,-1075,-348,-1779,-1779,2,2,96
1032,-1026,-380,-1853,-1853,1,2,56
1033,-987,-410,-1925,-1925,2,1,16
1034,-958,-441,-2029,-2029,0,0,-24
1035,-874,-475,-2111,-2111,0,-1,-64
1036,-437,-498,-2035,-2035,-2,-2,-103
1037,348,-489,-1737,-1737,-1,-2,-140
1038,577,-470,-1718,-1718,-3,-3,-175
1039,603,-459,-1776,-1776,-2,-3,-206
1040,991,-431,-1656,-1656,-3,-4,-234
1041,1166,-394,-1603,-1603,-3,-3,-257
1042,1046,-361,-1675,-1675,-2,-3,-276
1043,965,-336,-1754,-1754,-4,-4,-289
1044,1127,-303,-1678,-1678,-3,-3,-297
1045,1203,-265,-1638,-1638,-3,-4,-299
1046,1086,-232,-1697,-1697,-4,-4,-296
1047,1059,-204,-1684,-1684,-2,-4,-287
1048,1220,-168,-1587,-1587,-4,-4,-272
1049,1232,-129,-1541,-1541,-3,-4,-253
1050,1148,-97,-1548,-1548,-4,-4,-228
1051,1193,-63,1516,1516,-4,-4,-199
1052,1278,-24,1629,1629,-3,-3,-166
1053,1245,12,1677,1677,-3,-4,-130
1054,1196,48,1730,1730,-3,-3,-91
1055,1153,82,1805,1805,-2,-2,-50
1056,1118,114,1890,1890,-1,-2,-8
1057,1098,147,1987,1987,-1,-1,33
1058,1076,180,2097,2097,0,0,74
1059,918,215,2145,2145,1,0,114
1060,441,237,2037,2037,1,2,152
1061,-300,227,1759,1759,2,1,186
1062,-606,205,1686,1686,2,3,217
1063,-654,190,1739,1739,3,3,244
1064,-948,165,1660,1660,4,3,266
1065,-1234,125,1546,1546,3,3,283
1066,-1201,85,1582,1582,4,3,294
1067,-1097,48,1622,1622,2,3,299
1068,-993,15,1677,1677,4,3,298
1069,-936,-13,1700,1700,3,4,291
1070,-974,-40,1660,1660,3,3,278
1071,-1119,-76,1573,1573,4,4,260
1072,-1092,-112,1537,1537,3,3,236
1073,-1023,-143,1518,1518,3,3,207
1074,-1077,-175,-1564,-1564,3,3,174
1075,-1182,-213,-1660,-1660,4,4,138
1076,-1136,-249,-1710,-1710,3,3,98
1077,-1066,-283,-1768,-1768,2,2,56
1078,-1007,-315,-1828,-1828,2,2,13
1079,-956,-345,-1907,-1907,1,1,-29
1080,-921,-374,-2007,-2007,0,0,-71
1081,-885,-403,-2099,-2099,0,0,-113
1082,-694,-435,-2130,-2130,-1,-1,-152
1083,-5,-443,-1916,-1916,-3,-2,-187
1084,687,-421,-1668,-1668,-3,-3,-219
1085,818,-399,-1682,-1682,-3,-4,-246
1086,978,-377,-1658,-1658,-3,-3,-269
1087,1363,-336,-1511,-1511,-4,-4,-285
1088,1409,-292,-1510,-1510,-4,-4,-295
1089,1317,-251,-1554,-1554,-3,-4,-299
1090,1230,-213,-1596,-1596,-4,-4,-297
1091,1188,-177,-1596,-1596,-3,-4,-288
1092,1125,-144,-1600,-1600,-4,-3,-273
1093,1129,-114,-1568,-1568,-3,-4,-253
1094,1251,-77,1539,1539,-3,-4,-226
1095,1255,-39,1606,1606,-3,-3,-195
1096,1237,-2,1656,1656,-4,-3,-159
1097,1200,33,1711,1711,-3,-3,-120
1098,1150,67,1789,1789,-1,-2,-79
1099,1106,100,1857,1857,-2,-2,-35
1100,1077,131,1948,1948,-1,-1,8
1101,1052,162,2057,2057,0,0,53
1102,963,195,2138,2138,0,1,96
1103,562,224,2075,2075,2,1,137
1104,-300,216,1762,1762,2,3,175
1105,-693,191,1655,1655,3,3,209
1106,-717,172,1704,1704,3,2,239
1107,-940,148,1669,1669,4,4,263
1108,-1251,107,1530,1530,2,3,282
1109,-1248,65,1560,1560,4,4,294
1110,-1121,28,1617,1617,3,3,299
1111,-988,-4,1682,1682,4,3,298
1112,-882,-30,1718,1718,3,3,290
1113,-992,-58,1639,1639,2,4,275
1114,-1134,-96,1537,1537,4,3,254
1115,-1055,-130,1535,1535,3,4,228
1116,-999,-159,1530,1530,4,4,196
1117,-1141,-194,-1606,-1606,3,3,159
1118,-1182,-232,-1689,-1689,4,3,119
1119,-1103,-267,-1736,-1736,2,3,76
1120,-1047,-301,-1793,-1793,2,3,31
1122,-959,-362,-1967,-1967,0,1,-59
1123,-929,-391,-2059,-2059,1,0,-103
1124,-879,-422,-2166,-2166,-1,-1,-145
1125,-580,-451,-2137,-2137,-1,-1,-183
1127,748,-425,-1681,-1681,-3,-3,-246
1128,807,-407,-1737,-1737,-4,-4,-269
1130,1485,-329,1521,1521,-4,-4,-296
1131,1424,-284,-1518,-1518,-4,-4,-299
1132,1303,-244,-1556,-1556,-3,-3,-295
1134,1106,-174,-1597,-1597,-3,-3,-266
1135,1111,-143,-1563,-1563,-3,-4,-242
1136,1195,-107,1513,1513,-4,-4,-212
1138,1139,-39,1616,1616,-3,-3,-137
1139,1179,-4,1718,1718,-2,-3,-94
1140,1145,29,1785,1785,-3,-2,-49
1141,1094,62,1871,1871,-1,-1,-2
1142,1054,93,1957,1957,-1,-1,44
1143,1022,123,2060,2060,0,0,90
1144,920,156,2132,2132,1,0,133
1146,-223,176,1801,1801,3,3,210
1147,-612,155,1685,1685,2,3,241
1148,-672,138,1726,1726,3,3,266
1149,-976,114,1636,1636,3,4,284
1150,-1319,71,-1507,-1507,4,3,295
1152,-1234,-13,1525,1525,3,4,296
1153,-1116,-50,1559,1559,3,3,285
1154,-1015,-83,1556,1556,2,2,267
1155,-911,-114,1572,1572,3,3,242
1156,-805,-141,1592,1592,3,4,211
1157,-702,-161,1579,1579,2,2,175
1159,-993,-213,-1669,-1669,3,3,90
1160,-991,-245,-1745,-1745,2,3,43
1161,-937,-275,-1804,-1804,2,2,-4
1162,-885,-304,-1862,-1862,2,2,-52
1164,-809,-355,-2042,-2042,-1,0,-142
1165,-788,-380,-2131,-2131,0,0,-183
1166,-728,-410,-2224,-2224,-1,-2,-218
1168,748,-407,-1714,-1714,-3,-4,-272
1169,1018,-375,-1647,-1647,-4,-4,-289
1170,1024,-352,-1695,-1695,-4,-4,-298
1172,1703,-257,1617,1617,-5,-4,-293
1173,1593,-208,1599,1599,-3,-4,-278
1174,1488,-163,1590,1590,-3,-4,-257
1176,1329,-80,1637,1637,-3,-3,-194
1177,1256,-42,1691,1691,-2,-2,-154
1178,1168,-6,1738,1738,-2,-2,-110
1180,792,56,1764,1764,-1,-1,-15
1181,526,71,1739,1739,0,0,33
1182,365,83,1755,1755,0,0,82
1184,-117,87,1704,1704,1,1,170
1185,-278,78,1691,1691,1,1,209
1186,-362,68,1721,1721,2,2,241
1188,-563,33,1695,1695,2,2,286
1189,-524,16,1741,1741,2,2,297
1191,-675,-20,1690,1690,2,3,294
1192,-755,-44,1642,1642,3,2,280
1193,-773,-67,1623,1623,3,3,259
1195,-910,-123,-1513,-1513,3,3,196
1196,-885,-151,-1557,-1557,3,2,156
1197,-873,-177,-1611,-1611,2,3,111
1198,-950,-207,-1726,-1726,2,2,63
1200,-862,-265,-1869,-1869,0,1,-36
1201,-801,-291,-1939,-1939,1,0,-85
1202,-758,-315,-2029,-2029,-1,0,-132
1203,-691,-340,-2099,-2099,0,-1,-175
1204,-382,-363,-2070,-2070,-2,-2,-213
1205,383,-355,-1778,-1778,-2,-2,-246
1206,785,-330,-1649,-1649,-3,-3,-271
1208,1035,-286,-1618,-1618,-3,-3,-298
1209,1335,-245,1509,1509,-4,-4,-299
1210,1267,-205,-1516,-1516,-3,-4,-291
1211,1173,-170,-1533,-1533,-3,-3,-275
1212,1149,-135,-1505,-1505,-3,-3,-251
1214,1059,-73,1531,1531,-4,-3,-182
1215,1167,-39,1649,1649,-3,-3,-139
1216,1198,-3,1748,1748,-2,-3,-92
1217,1136,30,1813,1813,-2,-2,-42
1218,1079,62,1895,1895,-1,-1,8
1220,1001,123,2082,2082,0,0,108
1221,829,157,2133,2133,1,1,155
1222,308,171,1993,1993,2,1,196
1223,-100,168,1885,1885,2,2,232
1225,-816,134,1694,1694,3,3,282
1226,-1167,100,1573,1573,4,4,295
1227,-1315,57,0,0,3,3,299
1228,-1198,17,1555,1555,3,4,295
1230,-1043,-47,1596,1596,4,3,259
1231,-1118,-83,1521,1521,3,4,229
1232,-1154,-120,-1547,-1547,4,3,192
1234,-1054,-187,-1628,-1628,3,3,103
1235,-1119,-222,-1759,-1759,2,2,52
1236,-1115,-257,-1835,-1835,3,3,0
1238,-1007,-322,-2018,-2018,1,0,-102
1239,-963,-354,-2116,-2116,0,0,-149
1240,-815,-389,-2176,-2176,-1,-1,-192
1242,493,-390,-1743,-1743,-3,-3,-260
1243,795,-365,-1673,-1673,-3,-4,-282
1245,1206,-312,-1549,-1549,-2,-3,-299
1246,1347,-270,1505,1505,-4,-4,-295
1247,1262,-231,-1522,-1522,-3,-4,-280
1249,1165,-159,-1507,-1507,-3,-4,-226
1250,1097,-128,1514,1514,-3,-3,-188
1251,1135,-97,1594,1594,-3,-3,-144
1252,1207,-60,1701,1701,-3,-3,-96
1254,1086,6,1825,1825,-1,-2,8
1255,1030,36,1908,1908,-1,-1,61
1256,991,66,2003,2003,-1,0,112
1257,952,96,2109,2109,1,0,160
1258,783,129,2152,2152,1,1,203
1259,241,142,1984,1984,1,1,239
1260,-253,135,1853,1853,3,4,267
1262,-1006,88,1613,1613,4,4,298
1263,-1342,49,-1523,-1523,4,4,299
1264,-1477,1,-1601,-1601,3,4,290
1265,-1373,-43,-1577,-1577,3,4,272
1266,-1262,-84,-1568,-1568,3,3,246
1268,-1099,-157,-1624,-1624,2,3,169
1269,-1023,-190,-1680,-1680,2,1,122
1270,-947,-220,-1736,-1736,1,2,71
1271,-861,-249,-1795,-1795,1,1,17
1272,-729,-274,-1836,-1836,1,0,-36
1273,-550,-297,-1858,-1858,0,0,-90
1275,118,-307,-1721,-1721,-1,-1,-186
1276,248,-301,-1737,-1737,-1,-2,-225
1277,381,-294,-1745,-1745,-2,-2,-257
1278,566,-277,-1705,-1705,-2,-2,-281
1280,595,-244,-1750,-1750,-2,-3,-299
1281,740,-224,-1679,-1679,-2,-2,-294
1282,815,-199,-1632,-1632,-2,-3,-278
1284,887,-153,-1559,-1559,-3,-3,-220
1285,994,-123,1536,1536,-3,-3,-179
1286,959,-95,1592,1592,-2,-2,-132
1288,974,-39,1739,1739,-2,-2,-26
1289,943,-11,1806,1806,-2,-2,28
1291,831,38,1966,1966,0,0,134
1292,789,62,2056,2056,0,1,181
1293,685,88,2117,2117,1,1,222
1294,281,107,2040,2040,3,2,255
1296,-818,68,1640,1640,3,3,295
1297,-919,41,1637,1637,4,4,299
1298,-1117,13,1558,1558,3,4,294
1300,-1519,-83,-1687,-1687,3,4,252
1301,-1425,-128,-1692,-1692,4,3,218
1302,-1332,-171,-1736,-1736,2,2,176
1303,-1264,-211,-1786,-1786,2,3,128
1304,-1204,-250,-1873,-1873,1,1,75
1305,-1100,-287,-1936,-1936,1,1,19
1306,-823,-321,-1928,-1928,0,0,-36
1308,148,-328,-1672,-1672,-1,-1,-143
1309,211,-326,-1733,-1733,-1,-2,-190
1310,482,-315,-1682,-1682,-2,-2,-230
1311,679,-293,-1641,-1641,-1,-3,-262
1312,608,-274,-1725,-1725,-3,-2,-285
1314,747,-239,-1701,-1701,-3,-3,-299
1315,795,-214,-1673,-1673,-3,-2,-290
1316,720,-195,-1696,-1696,-2,-3,-271
1317,841,-173,-1628,-1628,-3,-4,-242
1319,950,-115,1528,1528,-2,-3,-159
1320,935,-89,1578,1578,-3,-3,-108
1321,1027,-59,1689,1689,-3,-3,-53
1322,1043,-27,1799,1799,-1,-2,3
1324,915,28,1939,1939,-1,0,115
1325,869,54,2020,2020,0,-1,166
1326,836,78,2114,2114,0,1,210
1328,263,126,2052,2052,1,2,275
1329,-579,108,1729,1729,4,3,293
1330,-929,77,1604,1604,3,4,299
1332,-1124,19,1540,1540,3,4,280
1333,-1455,-27,-1649,-1649,3,4,254
1334,-1487,-75,-1711,-1711,4,3,219
1336,-1282,-160,-1753,-1753,3,2,126
1337,-1216,-199,-1829,-1829,1,2,71
1338,-1156,-236,-1917,-1917,1,1,13
1339,-1047,-273,-1985,-1985,0,1,-44
1340,-716,-304,-1957,-1957,0,-1,-100
1341,-17,-308,-1726,-1726,-1,-1,-153
1342,309,-298,-1646,-1646,-1,-1,-200
1344,652,-278,-1632,-1632,-2,-2,-270
1345,825,-252,-1591,-1591,-2,-3,-290
1346,728,-229,-1656,-1656,-2,-2,-299
1347,670,-210,-1698,-1698,-3,-2,-297
1348,719,-192,-1674,-1674,-2,-3,-283
1349,843,-167,-1582,-1582,-2,-2,-258
1351,790,-120,-1525,-1525,-2,-2,-180
1352,895,-95,1572,1572,-3,-3,-130
1353,951,-66,1658,1658,-3,-3,-75
1354,907,-40,1731,1731,-2,-1,-16
1356,861,10,1892,1892,-1,0,99
1357,810,34,1969,1969,0,-1,153
1358,772,56,2062,2062,0,1,201
1359,730,80,2147,2147,1,1,240
1361,-89,107,1926,1926,1,2,291
1362,-514,91,1798,1798,4,4,299
1364,-1153,35,1539,1539,4,4,281
1365,-1473,-7,-1631,-1631,4,4,255
1366,-1612,-59,-1742,-1742,4,4,218
1368,-1425,-152,-1815,-1815,3,3,121
1369,-1360,-196,-1888,-1888,2,2,64
1370,-1280,-238,-1974,-1974,1,1,5
1372,-471,-300,-1841,-1841,-1,-1,-112
1373,161,-299,-1638,-1638,-1,-1,-165
1374,373,-289,-1635,-1635,-2,-2,-212
1376,738,-257,-1582,-1582,-2,-2,-278
1377,803,-233,-1581,-1581,-2,-2,-295
1378,731,-211,-1631,-1631,-2,-2,-299
1379,690,-192,-1661,-1661,-2,-3,-292
1380,709,-171,-1634,-1634,-2,-2,-273
1381,732,-150,-1591,-1591,-2,-2,-242
1383,845,-103,1562,1562,-1,-2,-153
1384,854,-78,1616,1616,-3,-3,-98
1385,831,-54,1691,1691,-2,-1,-39
1386,863,-29,1784,1784,-2,-2,21
1387,857,-4,1890,1890,0,-1,81
1388,805,19,1965,1965,-1,0,138
1389,761,41,2052,2052,1,0,189
1391,560,90,2175,2175,2,2,266
1392,-39,98,1973,1973,2,3,288
1393,-789,72,1678,1678,4,4,299
1394,-1057,37,1578,1578,4,4,297
1396,-1445,-33,-1615,-1615,4,4,256
1397,-1638,-85,-1765,-1765,3,4,219
1399,-1497,-183,-1866,-1866,2,2,119
1400,-1431,-228,-1945,-1945,2,2,60
1401,-1351,-274,-2036,-2036,1,1,0
1403,-273,-330,-1773,-1773,0,-1,-121
1404,203,-322,-1650,-1650,-1,-2,-174
1405,251,-320,-1722,-1722,-2,-1,-221
1407,810,-283,-1568,-1568,-1,-2,-284
1408,733,-260,-1655,-1655,-3,-3,-297
1409,631,-241,-1705,-1705,-1,-2,-298
1411,826,-201,-1594,-1594,-1,-3,-262
1412,826,-176,-1562,-1562,-3,-2,-226
1413,765,-155,-1560,-1560,-3,-3,-181
1414,862,-131,1555,1555,-2,-2,-127
1415,962,-102,1673,1673,-2,-3,-68
1416,896,-74,1725,1725,-2,-2,-6
1417,836,-51,1776,1776,-2,-2,55
1419,783,-3,1960,1960,0,0,170
1420,739,17,2035,2035,0,0,218
1421,699,40,2119,2119,1,1,256
1422,530,64,2144,2144,3,1,283
1423,-37,72,1952,1952,2,3,297
1425,-1106,13,1509,1509,4,4,286
1426,-1174,-21,-1525,-1525,4,4,262
1427,-1319,-56,-1616,-1616,4,4,225
1428,-1574,-106,-1812,-1812,3,3,179
1430,-1468,-201,-1951,-1951,2,3,64
1431,-1404,-246,-2040,-2040,2,1,1
1432,-1313,-293,-2145,-2145,0,0,-61
1434,81,-332,-1731,-1731,-2,-1,-177
1435,529,-315,-1615,-1615,-2,-3,-224
1436,545,-304,-1701,-1701,-3,-3,-261
1438,1191,-248,1538,1538,-2,-3,-298
1439,1148,-212,1510,1510,-3,-3,-297
1440,1030,-179,-1538,-1538,-3,-3,-282
1442,839,-125,-1541,-1541,-2,-3,-215
1443,742,-102,-1524,-1524,-2,-2,-166
1444,645,-82,-1510,-1510,-3,-2,-109
1446,823,-47,1717,1717,-2,-3,16
1447,940,-18,1864,1864,-2,-2,80
1448,869,7,1933,1933,-1,-1,140
1449,803,30,1993,1993,-1,-1,193
1450,755,52,2078,2078,0,1,238
1451,726,74,2165,2165,2,0,271
1452,596,101,2206,2206,2,2,292
1453,60,111,2026,2026,3,2,299
1455,-1060,56,1538,1538,3,4,272
1456,-1175,25,-1520,-1520,4,4,239
1457,-1477,-16,-1698,-1698,4,4,195
1458,-1684,-70,-1860,-1860,4,4,141
1460,-1533,-169,-1986,-1986,3,2,17
1461,-1467,-216,-2091,-2091,1,1,-48
1462,-1320,-267,-2163,-2163,0,1,-110
1463,-671,-298,-1985,-1985,0,-1,-168
1465,332,-283,-1687,-1687,-2,-1,-257
1466,409,-279,-1735,-1735,-2,-3,-284
1467,823,-257,-1583,-1583,-3,-2,-298
1469,922,-197,-1550,-1550,-2,-3,-282
1470,855,-171,-1570,-1570,-3,-3,-254
1472,959,-120,1585,1585,-2,-3,-162
1473,974,-90,1651,1651,-3,-3,-103
1474,883,-64,1692,1692,-2,-2,-39
1476,812,-15,1845,1845,-1,-2,91
1477,758,6,1935,1935,0,0,151
1478,705,27,2010,2010,0,0,204
1479,655,46,2082,2082,1,0,247
1481,275,83,2091,2091,2,2,296
1482,-347,77,1851,1851,3,3,299
1483,-920,47,1608,1608,4,4,287
1484,-1114,16,1520,1520,4,4,261
1485,-1354,-20,-1617,-1617,4,4,223
1486,-1614,-71,-1798,-1798,4,4,173
1487,-1596,-122,-1860,-1860,4,4,114
1489,-1449,-215,-2025,-2025,1,2,-15
1490,-1395,-260,-2133,-2133,1,1,-81
1491,-1202,-308,-2190,-2190,0,0,-143
1492,-527,-333,-1999,-1999,-1,-1,-198
1493,258,-326,-1746,-1746,-3,-3,-243
1495,735,-294,-1655,-1655,-3,-2,-295
1496,1118,-263,-1518,-1518,-4,-4,-299
1497,1253,-224,1552,1552,-3,-3,-288
1499,1069,-156,1535,1535,-3,-3,-224
1500,1039,-124,1574,1574,-3,-3,-174
1501,970,-94,1634,1634,-2,-1,-115
1503,818,-43,1753,1753,-1,-1,16
1504,746,-21,1820,1820,-1,-1,83
1505,686,-1,1903,1903,0,0,145
1507,514,34,2023,2023,1,1,245
1508,293,50,2009,2009,1,2,278
1509,-250,48,1824,1824,3,2,296
1511,-893,-3,1563,1563,2,3,286
1512,-1037,-32,-1520,-1520,3,3,259
1513,-1223,-72,-1652,-1652,3,3,218
1514,-1199,-111,-1699,-1699,3,3,166
1515,-1106,-147,-1734,-1734,2,3,105
1517,-962,-210,-1881,-1881,1,1,-28
1518,-911,-239,-1963,-1963,1,1,-95
1519,-849,-268,-2054,-2054,0,0,-157
1520,-664,-297,-2092,-2092,-1,-1,-211
1521,-60,-307,-1904,-1904,-2,-1,-254
1522,527,-290,-1694,-1694,-2,-3,-283
1523,521,-277,-1742,-1742,-2,-2,-298
1525,1128,-228,1513,1513,-3,-3,-280
1526,1119,-193,1525,1525,-3,-4,-249
1527,1001,-162,1521,1521,-3,-2,-204
1529,1003,-105,1662,1662,-3,-2,-85
1530,973,-76,1750,1750,-1,-2,-17
1531,895,-49,1812,1812,-2,-1,51
1533,763,-2,1974,1974,0,0,178
1534,697,18,2040,2040,0,0,229
1535,542,38,2072,2072,2,1,267
1536,198,53,1999,1999,2,2,291
1538,-907,10,1549,1549,3,3,292
1539,-992,-15,1526,1526,4,4,268
1541,-1405,-97,-1773,-1773,3,3,180
1542,-1359,-141,-1826,-1826,3,3,120
1543,-1280,-181,-1892,-1892,3,1,53
1544,-1225,-220,-1980,-1980,1,2,-16
1545,-1179,-258,-2099,-2099,0,0,-85
1546,-1050,-300,-2173,-2173,0,0,-149
1547,-458,-325,-2026,-2026,-1,-2,-206
1549,591,-294,-1693,-1693,-2,-3,-282
1550,617,-284,-1743,-1743,-3,-3,-298
1551,1022,-258,-1581,-1581,-3,-4,-297
1552,1284,-218,1570,1570,-2,-3,-280
1553,1188,-181,1547,1547,-3,-4,-248
1554,1093,-148,1552,1552,-3,-3,-201
1556,1017,-83,1682,1682,-2,-3,-78
1557,933,-55,1747,1747,-2,-1,-9
1558,857,-29,1821,1821,0,-2,61
1560,713,15,1968,1968,0,0,188
1561,585,33,2021,2021,1,1,238
1562,370,48,2017,2017,1,2,274
1563,-104,49,1863,1863,3,1,295
1565,-887,12,1561,1561,4,3,286
1566,-1061,-20,-1528,-1528,3,4,258
1568,-1182,-91,-1685,-1685,3,3,159
1569,-1182,-129,-1780,-1780,2,2,94
1570,-1130,-165,-1845,-1845,3,2,24
1572,-1018,-231,-2034,-2034,0,1,-115
1573,-959,-264,-2128,-2128,0,0,-177
1574,-730,-298,-2158,-2158,-1,-2,-229
1575,-3,-305,-1912,-1912,-2,-2,-269
1576,616,-285,-1678,-1678,-2,-3,-292
1578,890,-248,-1623,-1623,-3,-3,-289
1579,1360,-207,1608,1608,-4,-4,-262
1580,1414,-163,1677,1677,-3,-4,-220
1581,1303,-123,1693,1693,-3,-3,-165
1582,1199,-86,1731,1731,-3,-2,-101
1583,1128,-52,1799,1799,-1,-3,-31
1584,1062,-20,1880,1880,-2,-1,41
1586,940,38,2082,2082,0,0,174
1587,739,68,2114,2114,2,0,227
1588,195,81,1944,1944,1,1,268
1589,-477,64,1704,1704,3,3,292
1591,-803,27,1622,1622,3,2,289
1592,-1201,-8,-1587,-1587,3,3,262
1593,-1348,-51,-1685,-1685,4,4,219
1595,-1300,-134,-1819,-1819,3,2,98
1596,-1259,-175,-1927,-1927,1,1,27
1597,-1177,-215,-2013,-2013,1,1,-45
1599,-499,-272,-1937,-1937,0,-1,-179
1600,-194,-281,-1905,-1905,-1,-2,-232
1601,121,-284,-1859,-1859,-3,-2,-271
1603,960,-238,-1541,-1541,-2,-3,-299
1604,990,-211,-1546,-1546,-3,-4,-287
1605,1062,-180,1519,1519,-3,-2,-257
1606,1050,-147,1555,1555,-3,-3,-212
1607,974,-119,1584,1584,-2,-3,-154
1609,925,-62,1731,1731,-2,-3,-14
1610,851,-36,1810,1810,-1,-1,59
1611,784,-13,1894,1894,-1,0,129
1612,733,7,1971,1971,0,-1,191
1613,691,27,2068,2068,1,1,242
1614,630,49,2133,2133,1,1,278
1616,-369,65,1806,1806,3,2,298
1617,-1001,32,1518,1518,3,4,280
1618,-1078,-1,-1531,-1531,3,4,246
1619,-1159,-30,-1590,-1590,4,4,197
1621,-1519,-124,-1924,-1924,3,4,65
1622,-1473,-170,-2020,-2020,2,2,-8
1624,-1296,-264,-2217,-2217,0,1,-150
1625,-820,-300,-2136,-2136,-1,-1,-210
1626,-119,-307,-1916,-1916,-2,-2,-256
1628,776,-279,-1643,-1643,-4,-3,-299
1629,1137,-252,1511,1511,-2,-4,-293
1630,1406,-208,1652,1652,-4,-3,-269
1632,1236,-128,1669,1669,-3,-3,-172
1633,1152,-93,1733,1733,-2,-1,-106
1634,1079,-61,1786,1786,-2,-3,-33
1635,1016,-30,1877,1877,-1,-1,41
1636,924,-1,1967,1967,0,0,114
1637,778,27,2017,2017,0,0,179
1638,431,45,1966,1966,1,1,233
1639,28,47,1881,1881,2,3,273
1640,-310,40,1781,1781,2,2,295
1642,-968,-8,1515,1515,3,3,283
1643,-1108,-42,-1577,-1577,2,4,250
1644,-1126,-79,-1634,-1634,3,3,200
1646,-973,-144,-1718,-1718,2,3,67
1647,-934,-174,-1809,-1809,2,1,-8
1648,-881,-202,-1900,-1900,0,2,-83
1650,-788,-255,-2095,-2095,-1,0,-212
1651,-685,-285,-2153,-2153,0,-1,-259
1652,-205,-301,-2025,-2025,-2,-2,-288
1654,788,-263,-1651,-1651,-3,-4,-291
1655,910,-243,-1591,-1591,-3,-3,-264
1656,1234,-210,1589,1589,-4,-3,-220
1658,1341,-125,1784,1784,-3,-3,-92
1659,1240,-87,1835,1835,-2,-3,-17
1660,1167,-52,1918,1918,-2,-1,59
1661,1111,-19,2013,2013,-1,-1,131
1663,884,49,2180,2180,2,1,247
1664,347,66,2013,2013,1,1,282
1665,-194,61,1840,1840,3,3,298
1666,-683,42,1656,1656,3,4,295
1667,-1118,12,-1554,-1554,3,3,273
1668,-1392,-29,-1703,-1703,4,4,232
1669,-1497,-77,-1822,-1822,3,3,176
1671,-1362,-165,-1958,-1958,2,3,34
1672,-1304,-206,-2063,-2063,1,1,-43
1673,-1187,-248,-2153,-2153,0,0,-117
1675,202,-282,-1747,-1747,-2,-2,-238
1676,589,-264,-1654,-1654,-3,-3,-277
1677,605,-253,-1715,-1715,-3,-3,-297
1679,1341,-183,1623,1623,-3,-4,-277
1680,1249,-144,1620,1620,-3,-3,-239
1681,1135,-109,1625,1625,-3,-3,-184
1683,963,-50,1722,1722,-2,-3,-42
1684,905,-23,1815,1815,-1,-1,35
1685,841,1,1919,1919,0,0,111
1687,733,46,2090,2090,1,1,235
1688,635,68,2144,2144,1,1,275
1689,315,87,2073,2073,1,2,296
1690,-338,80,1822,1822,3,3,297
1691,-814,53,1614,1614,4,3,278
1692,-956,29,1541,1541,3,4,240
1694,-1491,-54,-1812,-1812,4,4,118
1695,-1485,-101,-1919,-1919,2,3,42
1696,-1404,-146,-1981,-1981,3,3,-35
1697,-1347,-188,-2094,-2094,1,1,-112
1698,-1304,-230,-2211,-2211,0,1,-180
1700,-287,-296,-1974,-1974,-1,-1,-276
1701,641,-275,-1609,-1609,-3,-3,-297
1702,731,-256,-1635,-1635,-4,-4,-297
1704,1520,-193,1756,1756,-4,-3,-237
1705,1601,-143,1843,1843,-4,-4,-180
1706,1515,-97,1896,1896,-2,-3,-111
1708,1353,-12,2066,2066,0,-1,44
1709,1188,31,2128,2128,-1,0,120
1710,768,60,2060,2060,1,0,188
1712,-18,76,1912,1912,2,2,280
1713,-657,58,1672,1672,3,3,298
1714,-1070,25,1511,1511,4,4,295
1716,-1325,-49,-1664,-1664,2,4,228
1717,-1341,-92,-1735,-1735,4,3,168
1718,-1263,-132,-1804,-1804,2,2,97
1719,-1196,-170,-1874,-1874,2,3,18
1720,-1141,-206,-1971,-1971,2,1,-61
1721,-1085,-242,-2090,-2090,0,0,-136
1722,-912,-280,-2142,-2142,0,0,-202
1723,-247,-297,-1956,-1956,-2,-2,-253
1725,619,-265,-1689,-1689,-3,-4,-299
1726,784,-251,-1633,-1633,-3,-2,-291
1727,1290,-212,1630,1630,-2,-4,-261
1729,1247,-131,1727,1727,-2,-3,-148
1730,1147,-96,1786,1786,-2,-1,-74
1731,1072,-64,1851,1851,-2,-2,6
1733,943,-4,2040,2040,0,0,159
1734,795,26,2107,2107,1,1,221
1735,341,43,2008,2008,2,2,267
1737,-428,28,1756,1756,2,2,299
1738,-895,6,1566,1566,4,4,282
1739,-1258,-32,-1640,-1640,2,4,245
1741,-1280,-115,-1774,-1774,3,3,120
1742,-1259,-155,-1877,-1877,1,3,42
1743,-1217,-194,-1981,-1981,2,1,-38
1744,-1171,-231,-2090,-2090,1,1,-117
1745,-1094,-269,-2192,-2192,0,0,-187
1746,-773,-304,-2175,-2175,-1,-1,-243
1748,634,-287,-1663,-1663,-3,-3,-299
1749,603,-274,-1722,-1722,-3,-3,-294
1750,931,-253,-1577,-1577,-3,-4,-267
1751,1364,-211,1665,1665,-4,-3,-221
1752,1319,-170,1712,1712,-3,-3,-158
1754,1091,-100,1782,1782,-3,-3,-1
1755,1016,-69,1872,1872,-1,-1,79
1756,953,-42,1949,1949,-2,-1,154
1758,847,10,2152,2152,2,1,266
1759,682,40,2167,2167,1,1,293
1760,82,53,1971,1971,3,3,299
1762,-1065,-5,-1567,-1567,4,4,243
1763,-1100,-35,-1608,-1608,4,4,186
1764,-1336,-70,-1794,-1794,3,3,115
1766,-1644,-174,-2170,-2170,2,2,-46
1767,-1588,-225,-2298,-2298,0,1,-125
1768,-1426,-280,-2376,-2376,0,0,-195
1769,-616,-311,-2128,-2128,-2,-1,-250
1771,768,-272,-1631,-1631,-3,-4,-299
1772,837,-258,-1638,-1638,-4,-3,-290
1773,1427,-219,1650,1650,-4,-4,-259
1774,1667,-168,1821,1821,-4,-3,-208
1775,1562,-120,1867,1867,-3,-2,-140
1776,1442,-77,1914,1914,-2,-3,-62
1778,1153,9,2045,2045,-1,-1,102
1779,695,34,1966,1966,0,1,175
1780,374,45,1938,1938,2,1,235
1781,184,56,1955,1955,1,3,277
1783,-868,22,1535,1535,2,3,295
1784,-938,-5,1522,1522,4,4,269
1785,-1051,-33,-1564,-1564,3,3,222
1787,-1249,-115,-1821,-1821,3,3,82
1788,-1167,-153,-1905,-1905,1,2,-1
1789,-1104,-189,-1984,-1984,2,2,-84
1791,-996,-257,-2209,-2209,-1,0,-224
1792,-704,-290,-2200,-2200,-1,-2,-271
1793,231,-291,-1830,-1830,-2,-2,-296
1794,886,-262,-1567,-1567,-4,-3,-297
1796,1183,-212,1555,1555,-4,-4,-232
1797,1598,-163,1811,1811,-4,-4,-170
1798,1565,-115,1891,1891,-3,-3,-94
1799,1482,-71,1957,1957,-3,-3,-11
1800,1398,-29,2061,2061,-1,-1,72
1801,1332,12,2178,2178,-1,0,151
1802,1096,57,2216,2216,1,0,217
1804,-30,76,1887,1887,2,3,294
1805,-385,68,1782,1782,2,4,298
1806,-922,44,1540,1540,3,3,279
1807,-1280,4,-1644,-1644,4,4,236
1809,-1348,-80,-1806,-1806,4,3,100
1810,-1340,-122,-1922,-1922,1,3,16
1812,-1260,-204,-2138,-2138,1,1,-147
1813,-1194,-244,-2245,-2245,0,0,-215
1814,-902,-283,-2261,-2261,-2,-2,-265
1816,856,-267,-1573,-1573,-4,-4,-298
1817,923,-242,-1563,-1563,-3,-4,-279
1818,1029,-217,-1512,-1512,-4,-4,-237
1819,1436,-174,1762,1762,-2,-3,-175
1821,1421,-84,1926,1926,-3,-3,-15
1822,1314,-45,2007,2007,-1,-2,70
1823,1259,-7,2113,2113,-1,-1,149
1824,1215,28,2230,2230,0,0,217
1825,1086,70,2308,2308,1,1,267
1826,476,98,2129,2129,2,2,294
1828,-963,50,1528,1528,4,4,277
1829,-1029,23,-1516,-1516,3,4,233
1830,-1305,-11,-1687,-1687,4,4,169
1832,-1593,-113,-2022,-2022,3,3,6
1833,-1527,-161,-2121,-2121,2,2,-79
1834,-1461,-209,-2243,-2243,0,1,-158
1836,-581,-288,-2114,-2114,-2,-2,-272
1837,427,-277,-1712,-1712,-2,-3,-296
1838,806,-256,-1578,-1578,-3,-3,-296
1840,1386,-193,1692,1692,-4,-4,-224
1841,1517,-146,1822,1822,-3,-4,-157
1842,1505,-101,1911,1911,-3,-3,-77
1843,1460,-58,2003,2003,-2,-3,8
1844,1391,-16,2113,2113,-1,-1,94
1845,1318,25,2231,2231,0,0,172
1846,1102,69,2272,2272,0,1,235
1848,-231,84,1846,1846,3,3,298
1849,-730,61,1641,1641,3,3,293
1850,-1010,36,1524,1524,4,4,262
1851,-1368,-1,-1676,-1676,4,4,210
1852,-1600,-53,-1867,-1867,3,4,139
1854,-1469,-148,-2029,-2029,2,2,-31
1855,-1423,-193,-2155,-2155,1,1,-116
1856,-1353,-240,-2279,-2279,0,0,-191
1858,126,-286,-1831,-1831,-2,-3,-287
1859,803,-260,-1575,-1575,-4,-3,-299
1860,865,-242,-1574,-1574,-2,-4,-286
1862,1473,-164,1782,1782,-3,-4,-189
1863,1404,-121,1833,1833,-3,-3,-113
1864,1322,-82,1909,1909,-2,-2,-27
1866,1225,-6,2133,2133,0,0,143
1867,1101,34,2211,2211,0,0,213
1868,669,63,2137,2137,2,1,265
1869,105,68,1955,1955,2,2,294
1870,-320,59,1814,1814,3,3,298
1871,-839,38,1599,1599,4,4,275
1872,-1328,3,-1653,-1653,4,4,228
1874,-1599,-100,-1949,-1949,3,3,80
1875,-1519,-147,-2032,-2032,2,3,-7
1876,-1462,-193,-2145,-2145,2,1,-95
1878,-1016,-283,-2250,-2250,-2,0,-238
1879,51,-292,-1862,-1862,-2,-3,-281
1880,801,-268,-1580,-1580,-3,-4,-299
1882,1236,-214,1579,1579,-4,-4,-256
1883,1579,-165,1811,1811,-3,-3,-199
1884,1533,-119,1877,1877,-3,-3,-125
1886,1392,-34,2065,2065,-1,-1,50
1887,1337,5,2186,2186,-1,0,135
1888,1211,49,2279,2279,1,0,208
1889,695,83,2162,2162,1,1,262
1891,-774,48,1607,1607,3,3,298
1892,-889,28,1574,1574,3,4,276
1893,-1281,-6,-1641,-1641,4,3,229
1894,-1596,-57,-1853,-1853,4,4,161
1895,-1585,-107,-1953,-1953,3,3,79
1896,-1503,-155,-2024,-2024,3,3,-9
1898,-1356,-250,-2271,-2271,0,0,-178
1899,-956,-291,-2234,-2234,-1,-1,-241
1900,-46,-299,-1918,-1918,-2,-3,-283
1901,652,-278,-1652,-1652,-3,-3,-299
1903,1232,-231,1580,1580,-4,-4,-251
1904,1600,-182,1807,1807,-4,-4,-190
1906,1462,-90,1939,1939,-3,-3,-25
1907,1405,-47,2061,2061,-1,-1,65
1908,1316,-5,2160,2160,0,-2,150
1910,547,59,2064,2064,1,2,271
1911,49,62,1921,1921,3,2,297
1912,-496,48,1712,1712,3,3,295
1913,-957,22,1514,1514,4,4,266
1915,-1509,-61,-1865,-1865,3,3,140
1916,-1479,-108,-1942,-1942,4,3,53
1917,-1401,-152,-2032,-2032,2,2,-37
1918,-1367,-194,-2159,-2159,1,1,-125
1919,-1326,-238,-2291,-2291,0,0,-201
1920,-1034,-283,-2300,-2300,-1,-1,-259
1922,715,-267,-1615,-1615,-3,-3,-298
1923,703,-251,-1665,-1665,-4,-4,-277
1924,1053,-229,1517,1517,-3,-4,-229
1926,1534,-132,1903,1903,-3,-4,-76
1927,1426,-90,1968,1968,-3,-2,14
1929,1306,-9,2191,2191,-1,0,184
1930,1142,34,2259,2259,1,0,247
1931,580,61,2110,2110,1,2,287
1932,-122,60,1840,1840,2,2,299
1934,-1007,11,-1547,-1547,4,3,241
1935,-1306,-23,-1734,-1734,3,4,175
1936,-1600,-73,-1969,-1969,3,3,93
1938,-1528,-172,-2190,-2190,2,2,-89
1939,-1457,-220,-2308,-2308,0,1,-172
1940,-1140,-268,-2305,-2305,0,-1,-238
1941,-112,-280,-1939,-1939,-3,-2,-282
1942,633,-259,-1660,-1660,-3,-4,-299
1943,685,-245,-1679,-1679,-4,-3,-288
1944,1074,-222,1513,1513,-3,-4,-248
1946,1541,-126,1886,1886,-3,-3,-104
1947,1442,-83,1946,1946,-3,-3,-13
1948,1394,-41,2072,2072,-1,-1,78
1950,1098,43,2215,2215,1,0,232
1951,561,67,2084,2084,1,2,279
1952,25,69,1916,1916,2,3,299
1954,-997,35,-1520,-1520,3,3,252
1955,-1391,-7,-1745,-1745,4,4,190
1956,-1504,-54,-1889,-1889,2,4,110
1958,-1430,-146,-2098,-2098,1,2,-74
1959,-1382,-190,-2225,-2225,0,1,-160
1960,-1274,-234,-2315,-2315,0,0,-230
1961,-746,-268,-2188,-2188,-1,-1,-278
1962,253,-270,-1808,-1808,-4,-2,-299
1964,870,-224,-1569,-1569,-4,-4,-253
1965,1200,-195,1625,1625,-4,-3,-191
1966,1672,-145,1928,1928,-4,-4,-110
1967,1645,-95,2028,2028,-3,-3,-18
1968,1564,-49,2134,2134,-2,-1,74
1970,1402,47,2339,2339,0,0,231
1971,888,86,2249,2249,2,2,279
1972,48,91,1929,1929,2,2,299
1974,-920,44,1531,1531,4,4,251
1975,-1149,18,-1613,-1613,4,3,187
1977,-1695,-86,-2055,-2055,3,4,12
1978,-1621,-137,-2160,-2160,2,2,-81
1979,-1572,-188,-2288,-2288,1,1,-167
1981,-957,-285,-2296,-2296,-2,-2,-282
1982,177,-284,-1837,-1837,-2,-3,-299
1983,807,-260,-1579,-1579,-3,-4,-287
1984,922,-241,-1539,-1539,-4,-4,-245
1985,1375,-203,1727,1727,-3,-4,-179
1986,1631,-153,1926,1926,-4,-4,-95
1988,1447,-63,2079,2079,-2,-3,93
1989,1402,-20,2210,2210,-1,0,177
1990,1314,24,2311,2311,0,0,244
1991,943,65,2271,2271,2,1,286
1992,202,78,2008,2008,2,3,299
1994,-1075,31,-1549,-1549,4,5,236
1995,-1396,-5,-1746,-1746,4,4,166
1997,-1878,-115,-2197,-2197,3,3,-16
1998,-1838,-172,-2334,-2334,1,2,-110
1999,-1774,-234,-2461,-2461,1,1,-192
2001,9,-293,-1890,-1890,-3,-2,-292
2002,710,-270,-1611,-1611,-3,-3,-298
2003,751,-256,-1636,-1636,-4,-4,-274
2004,1237,-226,1619,1619,-4,-3,-222
2006,1616,-125,1975,1975,-3,-3,-56
2007,1496,-79,2040,2040,-3,-2,39
2008,1424,-36,2146,2146,-1,-2,132
2009,1334,10,2261,2261,0,0,210
2010,902,47,2195,2195,1,1,267
2011,286,59,1990,1990,1,2,296
2013,-762,36,1587,1587,4,4,262
2014,-1229,3,-1668,-1668,3,4,203
2015,-1535,-43,-1891,-1891,4,3,122
2017,-1511,-141,-2113,-2113,3,3,-68
2018,-1482,-187,-2258,-2258,0,1,-158
2019,-1443,-236,-2390,-2390,0,0,-231
2021,181,-284,-1850,-1850,-3,-3,-299
2022,861,-256,-1561,-1561,-4,-3,-287
2023,876,-238,-1569,-1569,-4,-4,-245
2025,1756,-150,1977,1977,-5,-3,-90
2026,1675,-98,2058,2058,-3,-3,5
2027,1552,-52,2118,2118,-3,-3,101
2028,1518,-6,2253,2253,-1,-1,187
2029,1427,44,2361,2361,0,0,252
2030,961,85,2268,2268,1,1,291
2031,168,95,1977,1977,2,3,298
2033,-968,51,-1535,-1535,4,4,221
2034,-1255,21,-1700,-1700,4,5,144
2035,-1676,-30,-2008,-2008,3,3,52
2037,-1715,-140,-2298,-2298,1,1,-139
2038,-1648,-196,-2410,-2410,0,2,-217
2039,-1342,-250,-2410,-2410,0,-1,-272
2041,708,-246,-1610,-1610,-4,-4,-292
2042,923,-224,-1526,-1526,-4,-4,-254
2043,1268,-194,1669,1669,-4,-4,-189
2045,1687,-91,2058,2058,-4,-3,-7
2046,1580,-44,2147,2147,-2,-2,90
2047,1526,0,2250,2250,-2,-2,178
2048,1488,52,2399,2399,1,0,247
2049,1023,96,2320,2320,1,2,288
2050,196,106,2004,2004,2,2,299
2051,-504,92,1725,1725,4,4,277
2053,-1316,28,-1714,-1714,4,4,148
2054,-1798,-25,-2034,-2034,4,4,55
2055,-1980,-87,-2253,-2253,3,3,-43
2057,-1813,-212,-2484,-2484,0,0,-217
2058,-1286,-265,-2391,-2391,-1,-1,-273
2059,-80,-275,-1912,-1912,-2,-2,-298
2061,971,-233,1502,1502,-4,-4,-252
2062,1407,-196,1748,1748,-4,-4,-185
2063,1690,-144,1964,1964,-4,-4,-97
2065,1576,-46,2166,2166,-2,-1,98
2066,1528,-1,2290,2290,0,-2,186
2067,1466,52,2423,2423,0,1,253
2068,889,93,2279,2279,2,1,291
2069,-116,92,1880,1880,3,3,298
2070,-868,64,1551,1551,4,4,271
2072,-1299,0,-1723,-1723,4,4,133
2073,-1771,-54,-2057,-2057,4,3,37
2074,-1857,-113,-2229,-2229,3,3,-62
2075,-1784,-170,-2350,-2350,1,2,-155
2077,-1154,-279,-2365,-2365,-1,-1,-281
2078,-40,-286,-1939,-1939,-3,-3,-299
2079,762,-264,-1598,-1598,-4,-3,-284
2081,1436,-204,1754,1754,-4,-4,-163
2082,1770,-150,2004,2004,-4,-4,-71
2083,1739,-97,2105,2105,-4,-3,29
2085,1610,0,2333,2333,-2,-1,209
2086,1449,55,2424,2424,1,1,268
2087,796,91,2243,2243,2,2,297
2088,-113,92,1867,1867,3,2,292
2090,-1247,26,-1666,-1666,4,5,187
2091,-1450,-8,-1827,-1827,4,4,99
2092,-1859,-67,-2149,-2149,3,3,0
2093,-1888,-126,-2304,-2304,2,3,-100
2094,-1846,-184,-2425,-2425,2,2,-188
2096,-1012,-293,-2342,-2342,-2,-2,-293
2097,273,-290,-1806,-1806,-3,-3,-297
2098,914,-264,-1542,-1542,-4,-5,-267
2100,1553,-197,1833,1833,-4,-4,-122
2101,1863,-141,2085,2085,-4,-4,-23
2103,1732,-35,2305,2305,-1,-2,170
2104,1685,21,2448,2448,0,0,243
2105,1303,74,2413,2413,1,1,287
2106,405,96,2088,2088,2,3,299
2108,-1164,41,-1625,-1625,4,4,221
2109,-1295,11,-1722,-1722,4,5,140
2110,-1746,-38,-2039,-2039,4,3,43
2111,-2019,-101,-2306,-2306,2,4,-59
2112,-1994,-164,-2445,-2445,2,2,-154
2113,-1896,-232,-2558,-2558,1,1,-232
2115,-177,-298,-1993,-1993,-3,-2,-299
2116,580,-282,-1672,-1672,-2,-4,-282
2117,832,-265,-1566,-1566,-4,-4,-231
2119,1672,-182,1946,1946,-4,-5,-57
2120,1670,-130,2061,2061,-4,-3,45
2121,1569,-84,2151,2151,-2,-2,142
2123,1493,10,2398,2398,1,0,278
2124,1165,59,2368,2368,1,2,299
2125,256,78,2005,2005,2,3,286
2127,-1234,15,-1728,-1728,4,4,162
2128,-1392,-20,-1860,-1860,4,5,67
2129,-1729,-72,-2142,-2142,3,3,-35
2130,-1855,-130,-2349,-2349,2,2,-134
2132,-1749,-252,-2600,-2600,-1,0,-274
2133,-1065,-299,-2399,-2399,-1,-2,-299
2134,364,-292,-1793,-1793,-4,-4,-288
2135,961,-264,-1535,-1535,-5,-5,-242
2136,1168,-241,1595,1595,-4,-4,-167
2138,2122,-123,2226,2226,-4,-5,30
2139,2027,-62,2324,2324,-3,-3,130
2140,1954,-3,2437,2437,-2,-2,215
2142,1246,112,2389,2389,1,1,299
2143,284,129,2032,2032,3,4,288
2144,-691,108,1594,1594,4,4,243
2146,-1472,38,-1871,-1871,4,4,73
2147,-1874,-19,-2176,-2176,3,4,-30
2148,-1939,-81,-2337,-2337,3,3,-131
2150,-1781,-207,-2564,-2564,0,0,-274
2151,-1104,-255,-2357,-2357,0,-2,-299
2152,143,-254,-1828,-1828,-3,-3,-288
2153,785,-230,-1538,-1538,-4,-4,-241
2154,938,-213,1545,1545,-4,-5,-165
2155,1561,-171,1919,1919,-4,-4,-69
2157,1794,-59,2266,2266,-3,-3,135
2158,1694,-7,2362,2362,-1,-2,219
2159,1557,47,2443,2443,0,0,276
2161,310,112,2068,2068,3,3,285
2162,-638,95,1627,1627,3,4,237
2163,-1302,54,-1714,-1714,5,5,158
2165,-1943,-43,-2198,-2198,4,4,-44
2166,-2096,-108,-2410,-2410,3,3,-144
2167,-2073,-172,-2554,-2554,1,2,-226
2168,-1977,-245,-2600,-2600,0,0,-280
2170,337,-288,-1749,-1749,-3,-3,-282
2171,947,-259,1524,1524,-4,-5,-229
2172,1039,-238,1596,1596,-4,-4,-148
2173,1591,-195,1939,1939,-4,-4,-48
2174,1897,-138,2213,2213,-3,-3,57
2175,1815,-82,2319,2319,-2,-2,156
2177,1376,26,2387,2387,1,0,285
2178,752,55,2175,2175,1,1,299
2179,182,64,1954,1954,3,2,276
2181,-1201,17,-1737,-1737,4,4,132
2182,-1548,-24,-1983,-1983,5,3,30
2184,-1807,-137,-2368,-2368,3,1,-172
2185,-1792,-193,-2524,-2524,0,0,-247
2186,-1636,-255,-2592,-2592,0,-1,-291
2187,-553,-287,-2192,-2192,-3,-3,-298
2189,1206,-227,1621,1621,-5,-5,-202
2190,1326,-198,1725,1725,-4,-5,-112
2191,1973,-140,2146,2146,-4,-4,-7
2192,2147,-75,2364,2364,-3,-4,97
2193,2071,-11,2475,2475,-2,-3,191
2194,1926,55,2572,2572,-1,0,260
2196,336,134,2064,2064,2,3,294
2197,-839,109,1531,1531,3,5,254
2198,-1234,74,-1664,-1664,5,5,182
2200,-1876,-23,-2140,-2140,4,4,-19
2201,-1946,-84,-2302,-2302,3,4,-123
2202,-1945,-144,-2458,-2458,2,1,-212
2204,-1562,-273,-2577,-2577,-2,-1,-299
2205,-370,-295,-2096,-2096,-2,-4,-286
2206,902,-268,-1501,-1501,-4,-4,-237
2207,1224,-235,1669,1669,-5,-5,-157
2209,2040,-141,2219,2219,-4,-5,51
2210,2081,-77,2381,2381,-3,-3,152
2211,1993,-13,2495,2495,-1,-2,234
2212,1728,49,2520,2520,0,0,285
2213,1121,95,2351,2351,1,2,299
2214,274,112,2018,2018,3,3,274
2216,-1410,51,-1811,-1811,4,5,125
2217,-1684,5,-2019,-2019,4,5,20
2219,-2003,-118,-2431,-2431,2,3,-183
2220,-1972,-179,-2566,-2566,1,1,-255
2221,-1885,-248,-2600,-2600,0,0,-294
2222,-1009,-294,-2368,-2368,-3,-2,-295
2224,1110,-249,1611,1611,-5,-5,-184
2225,1197,-222,1688,1688,-5,-5,-88
2226,1784,-174,2049,2049,-5,-5,19
2227,2155,-109,2363,2363,-4,-3,125
2228,2095,-46,2486,2486,-2,-2,214
2230,1614,83,2544,2544,0,2,299
2231,617,114,2150,2150,2,2,284
2232,-638,94,1572,1572,4,4,231
2233,-1121,60,-1694,-1694,4,4,147
2234,-1328,29,-1856,-1856,4,4,44
2236,-1989,-89,-2417,-2417,3,2,-165
2237,-1950,-150,-2549,-2549,1,1,-244
2239,-1126,-266,-2405,-2405,-1,-2,-297
2240,184,-265,-1829,-1829,-3,-4,-265
2241,864,-240,-1506,-1506,-4,-5,-197
2243,1635,-175,1985,1985,-4,-5,5
2244,1980,-114,2260,2260,-4,-5,112
2245,1916,-56,2370,2370,-2,-3,205
2246,1822,0,2456,2456,-1,-2,270
2247,1667,58,2519,2519,1,0,299
2248,1190,107,2377,2377,1,1,287
2250,-983,92,-1619,-1619,5,5,154
2251,-1404,49,-1881,-1881,4,5,51
2252,-1613,10,-2068,-2068,4,4,-59
2253,-2057,-53,-2424,-2424,3,2,-161
2255,-2086,-194,-2600,-2600,0,0,-289
2256,-1515,-256,-2576,-2576,-1,-2,-298
2258,969,-236,1570,1570,-4,-5,-197
2259,1052,-211,1648,1648,-4,-5,-102
2260,1409,-178,1889,1889,-4,-5,6
2262,1934,-59,2413,2413,-2,-3,208
2263,1806,2,2473,2473,-1,-3,272
2264,1425,55,2434,2434,2,1,299
2265,780,91,2213,2213,2,2,285
2266,-360,88,1705,1705,4,4,232
2267,-1341,46,-1810,-1810,4,4,147
2269,-1853,-49,-2221,-2221,4,4,-69
2270,-2067,-113,-2479,-2479,2,2,-171
2271,-2067,-177,-2600,-2600,1,1,-249
2273,-1144,-301,-2471,-2471,-2,-2,-296
2274,465,-291,-1755,-1755,-4,-5,-258
2275,1236,-252,1609,1609,-6,-6,-184
2277,1674,-182,1960,1960,-4,-5,25
2278,2331,-112,2403,2403,-4,-5,133
2279,2352,-38,2571,2571,-3,-2,222
2281,1536,96,2443,2443,0,0,299
2282,594,123,2074,2074,2,2,277
2283,-480,110,1572,1572,3,3,216
2284,-1050,79,-1741,-1741,4,3,124
2285,-1292,48,-1926,-1926,4,3,15
2287,-1817,-61,-2410,-2410,3,2,-193
2288,-1801,-118,-2551,-2551,0,0,-264
2289,-1681,-180,-2600,-2600,0,-1,-298
2290,-1013,-226,-2405,-2405,-3,-3,-289
2292,1056,-192,1589,1589,-5,-5,-157
2293,1249,-164,1726,1726,-5,-6,-52
2295,2034,-56,2325,2325,-4,-4,164
2296,1991,3,2433,2433,-3,-3,245
2297,1905,66,2540,2540,0,-1,291
2298,1599,128,2502,2502,0,0,296
2300,-377,161,1675,1675,4,4,185
2301,-1401,117,-1862,-1862,4,5,85
2302,-1729,70,-2106,-2106,4,4,-27
2303,-2054,11,-2368,-2368,4,4,-136
2304,-2264,-58,-2600,-2600,1,2,-225
2306,-2021,-208,-2600,-2600,-1,-2,-299
2307,-647,-242,-2216,-2216,-3,-3,-273
2308,850,-218,-1514,-1514,-5,-5,-208
2310,1308,-156,1807,1807,-5,-5,-1
2311,1858,-101,2170,2170,-5,-5,109
2312,1991,-41,2384,2384,-2,-3,205
2314,1799,80,2536,2536,0,0,299
2315,1340,133,2411,2411,1,1,283
2316,346,158,1990,1990,3,3,226
2318,-1521,81,-1980,-1980,5,5,27
2319,-1671,36,-2143,-2143,4,4,-86
2320,-2027,-24,-2438,-2438,3,3,-187
2321,-2181,-91,-2600,-2600,1,1,-261
2322,-2173,-165,-2600,-2600,0,0,-297
2323,-1764,-235,-2600,-2600,-2,-1,-290
2325,1044,-223,1598,1598,-5,-5,-156
2326,1209,-186,1724,1724,-5,-6,-49
2328,1914,-105,2268,2268,-3,-3,170
2329,2049,-44,2444,2444,-3,-4,250
2330,1990,23,2541,2541,-2,-1,294
2331,1541,82,2436,2436,1,0,294
2333,-377,111,1599,1599,3,4,172
2334,-1239,75,-1868,-1868,4,4,67
2335,-1594,31,-2132,-2132,3,4,-47
2337,-1955,-86,-2559,-2559,1,2,-240
2338,-1961,-147,-2600,-2600,-1,0,-290
2339,-1875,-217,-2600,-2600,-1,-1,-297
2340,-896,-260,-2392,-2392,-4,-3,-260
2341,759,-240,-1592,-1592,-5,-4,-184
2343,1369,-171,1802,1802,-5,-5,33
2344,1949,-117,2185,2185,-5,-5,143
2345,2220,-50,2429,2429,-5,-4,232
2347,2015,86,2570,2570,-1,-1,298
2348,1442,143,2388,2388,1,1,265
2349,431,168,1952,1952,3,3,193
2351,-1492,100,-2052,-2052,4,5,-23
2352,-1781,54,-2284,-2284,4,3,-134
2353,-2179,-13,-2600,-2600,1,2,-226
2355,-2215,-162,-2600,-2600,-1,-1,-299
2356,-1366,-220,-2573,-2573,-3,-2,-269
2357,436,-213,-1714,-1714,-4,-4,-199
2358,1190,-174,1686,1686,-5,-6,-98
2359,1153,-150,1720,1720,-6,-5,16
2361,2083,-45,2388,2388,-4,-4,222
2362,2029,17,2483,2483,-2,-3,282
2363,1857,82,2511,2511,-1,-1,299
2365,465,158,1961,1961,2,3,202
2366,-485,146,-1513,-1513,4,3,102
2368,-1544,69,-2181,-2181,3,3,-126
2369,-1935,9,-2475,-2475,3,3,-221
2370,-2055,-53,-2600,-2600,1,1,-281
2371,-2057,-121,-2600,-2600,0,-1,-299
2373,113,-195,-1851,-1851,-4,-4,-202
2374,1280,-153,1746,1746,-5,-6,-102
2375,1298,-120,1816,1816,-6,-5,13
2376,1601,-83,2048,2048,-5,-5,127
2377,2249,-16,2495,2495,-3,-4,222
2379,2095,128,2600,2600,-1,0,299
2380,1388,186,2434,2434,1,1,270
2381,107,199,1842,1842,2,3,199
2383,-1343,132,-1952,-1952,4,4,-18
2384,-1662,83,-2206,-2206,3,4,-132
2385,-1854,25,-2425,-2425,2,2,-225
2387,-1843,-97,-2600,-2600,-2,0,-299
2388,-1406,-156,-2515,-2515,-2,-1,-267
2389,-81,-168,-1904,-1904,-4,-4,-194
2391,1262,-104,1846,1846,-6,-5,26
2392,1543,-69,2070,2070,-5,-4,139
2393,2031,-8,2417,2417,-4,-4,231
2394,2049,52,2568,2568,-1,-1,287
2395,1963,119,2600,2600,-2,-1,298
2396,1534,180,2501,2501,2,1,262
2398,-722,188,-1589,-1589,3,4,80
2399,-1338,144,-1941,-1941,5,5,-37
2401,-1796,54,-2346,-2346,3,3,-239
2402,-2056,-9,-2591,-2591,1,1,-290
2403,-2065,-77,-2600,-2600,0,0,-296
2404,-1773,-147,-2600,-2600,-2,-2,-255
2406,1179,-136,1791,1791,-5,-5,-66
2407,1487,-92,1997,1997,-6,-6,53
2408,1587,-57,2141,2141,-4,-4,163
2409,2171,6,2555,2555,-2,-3,248
2411,2170,153,2600,2600,0,-1,293
2412,1483,214,2519,2519,2,1,246
2413,87,224,1856,1856,4,2,159
2414,-1002,192,-1708,-1708,5,4,47
2416,-1367,112,-2047,-2047,4,4,-179
2417,-1661,64,-2280,-2280,4,2,-259
2418,-1892,6,-2495,-2495,1,1,-297
2420,-1609,-121,-2501,-2501,-1,-2,-233
2421,-286,-143,-1881,-1881,-3,-4,-140
2422,1134,-109,1857,1857,-4,-5,-25
2423,1404,-66,2057,2057,-5,-5,93
2425,1979,26,2519,2519,-3,-3,270
2426,2084,88,2600,2600,-1,0,299
2427,2026,158,2600,2600,1,0,280
2428,1459,219,2549,2549,2,3,216
2429,74,234,1882,1882,3,4,117
2431,-1494,150,-2009,-2009,4,5,-118
2432,-1716,107,-2192,-2192,4,5,-217
2433,-2194,39,-2527,-2527,3,3,-281
2435,-2182,-113,-2600,-2600,0,0,-269
2436,-1259,-167,-2320,-2320,-3,-2,-195
2437,438,-159,1509,1509,-4,-4,-90
2439,1330,-93,2074,2074,-4,-4,145
2440,1916,-38,2462,2462,-3,-3,237
2441,2082,23,2600,2600,-1,-1,290
2442,2026,92,2600,2600,0,1,296
2443,1610,156,2600,2600,3,2,254
2445,-1143,146,-1716,-1716,6,5,58
2446,-1633,92,-2043,-2043,5,5,-62
2447,-1668,47,-2155,-2155,4,5,-174
2448,-1957,-11,-2413,-2413,3,3,-256
2450,-2117,-148,-2600,-2600,0,0,-288
2451,-1696,-216,-2563,-2563,-2,-1,-233
2453,1128,-200,1829,1829,-5,-4,-22
2454,1368,-158,2019,2019,-5,-4,98
2455,1468,-126,2130,2130,-5,-4,203
2456,2008,-67,2495,2495,-2,-3,274
2458,2007,66,2600,2600,2,1,276
2459,1434,127,2461,2461,1,3,206
2460,-5,139,1769,1769,4,4,102
2461,-1288,98,-1918,-1918,4,5,-18
2463,-1657,0,-2239,-2239,5,5,-231
2464,-2017,-58,-2518,-2518,2,3,-288
2465,-2243,-127,-2600,-2600,1,1,-297
2466,-2252,-206,-2600,-2600,0,0,-256
2468,238,-273,-1637,-1637,-4,-3,-60
2469,1295,-231,1914,1914,-6,-5,61
2471,1670,-158,2238,2238,-3,-3,257
2472,2055,-97,2511,2511,-2,-2,297
2473,2051,-33,2573,2573,-2,0,287
2474,1799,35,2519,2519,2,1,229
2475,868,78,2078,2078,1,3,133
2477,-1447,20,-2153,-2153,4,5,-107
2478,-1632,-31,-2331,-2331,3,5,-210
2479,-1679,-79,-2444,-2444,2,3,-278
2480,-1819,-134,-2600,-2600,0,0,-299
2482,-1625,-258,-2600,-2600,-3,-2,-194
2483,-21,-274,-1865,-1865,-4,-4,-86
2484,1498,-228,1924,1924,-5,-6,36
2486,1690,-137,2162,2162,-4,-4,244
2487,2205,-72,2496,2496,-4,-3,293
2488,2289,-3,2600,2600,-1,-3,293
2489,2172,73,2600,2600,0,0,242
2491,101,152,1662,1662,3,4,33
2492,-1184,114,-2020,-2020,4,4,-90
2493,-1530,64,-2255,-2255,4,5,-198
2494,-1538,23,-2308,-2308,4,4,-272
2496,-2037,-93,-2600,-2600,0,1,-276
2497,-2029,-167,-2600,-2600,0,-2,-205
2498,-1295,-223,-2371,-2371,-2,-2,-98
2499,466,-216,1516,1516,-3,-5,24
2501,1231,-145,2014,2014,-4,-4,238
2502,1640,-100,2267,2267,-3,-4,291
2504,1844,12,2469,2469,0,-1,247
2505,1571,75,2367,2367,1,2,156
2506,433,104,1803,1803,3,2,39
2507,-1048,71,-1974,-1974,4,4,-84
2509,-1494,-21,-2355,-2355,2,3,-270
2510,-1606,-70,-2476,-2476,2,1,-299
2511,-1719,-121,-2600,-2600,-1,-1,-276
2512,-1761,-186,-2600,-2600,-2,-1,-205
2514,920,-210,1665,1665,-4,-5,25
2515,1639,-157,2079,2079,-6,-6,145
2516,1573,-118,2113,2113,-5,-5,239
2518,2218,0,2573,2573,-2,-2,294
2519,2169,71,2600,2600,0,-1,244
2520,1769,141,2447,2447,0,2,151
2522,-922,147,-1902,-1902,4,4,-92
2523,-1414,100,-2200,-2200,4,5,-201
2524,-1466,61,-2289,-2289,3,3,-274
2525,-1783,6,-2487,-2487,3,2,-299
2527,-1954,-121,-2600,-2600,-1,-1,-197
2528,-1447,-183,-2405,-2405,-2,-2,-86
2529,203,-187,-1558,-1558,-3,-3,38
2530,1257,-146,2010,2010,-4,-6,157
2532,1473,-82,2194,2194,-3,-4,295
2533,2060,-21,2546,2546,-1,-1,290
2534,2076,44,2584,2584,0,-1,233
2536,679,152,1919,1919,3,2,13
2537,-855,125,-1885,-1885,4,3,-111
2538,-1406,79,-2221,-2221,4,4,-216
2540,-1734,-13,-2504,-2504,1,1,-298
2541,-1855,-70,-2600,-2600,0,0,-261
2542,-1830,-139,-2600,-2600,-1,-1,-177
2543,-842,-181,-2149,-2149,-4,-4,-61
2544,981,-154,1791,1791,-4,-5,65
2546,1503,-72,2168,2168,-4,-4,263
2547,1864,-18,2428,2428,-2,-2,299
2548,1993,40,2528,2528,-2,-2,281
2550,1509,168,2354,2354,2,1,106
2551,234,189,1719,1719,3,3,-19
2552,-1144,153,-2011,-2011,4,4,-141
2554,-1506,58,-2308,-2308,3,3,-292
2555,-1621,10,-2405,-2405,1,2,-293
2556,-1754,-43,-2482,-2482,1,0,-241
2557,-1774,-106,-2498,-2498,-1,-1,-145
2559,571,-147,1695,1695,-4,-4,103
2560,1221,-107,2070,2070,-4,-5,210
2561,1173,-81,2082,2082,-4,-4,280
2562,1653,-35,2353,2353,-2,-3,299
2564,1887,80,2484,2484,0,0,179
2565,1586,144,2362,2362,2,3,63
2566,375,172,1766,1766,4,3,-64
2568,-1636,82,-2316,-2316,4,5,-264
2569,-1630,37,-2346,-2346,4,3,-299
2570,-1844,-18,-2473,-2473,1,3,-279
2571,-2004,-80,-2561,-2561,1,0,-208
2573,-1256,-208,-2209,-2209,-3,-3,28
2574,532,-197,1702,1702,-3,-4,150
2575,1321,-154,2130,2130,-5,-4,245
2576,1244,-123,2119,2119,-3,-4,295
2577,1523,-86,2259,2259,-2,-3,290
2579,1820,26,2394,2394,0,0,131
2580,1439,86,2194,2194,1,2,6
2581,33,102,-1527,-1527,3,2,-120
2583,-1437,14,-2359,-2359,3,3,-287
2584,-1375,-28,-2366,-2366,2,1,-296
2585,-1378,-69,-2391,-2391,-1,0,-251
2586,-1447,-116,-2420,-2420,-2,-1,-159
2588,216,-177,-1574,-1574,-4,-5,91
2589,1575,-127,2153,2153,-5,-5,203
2590,1611,-76,2232,2232,-4,-5,277
2591,1497,-39,2203,2203,-4,-3,299
2592,1742,11,2349,2349,-1,-2,266
2594,1765,131,2361,2361,1,1,65
2595,939,177,1956,1956,3,2,-64
2596,-622,161,-1851,-1851,4,2,-182
2598,-1344,74,-2266,-2266,3,3,-299
2599,-1387,35,-2279,-2279,2,2,-277
2600,-1584,-11,-2375,-2375,0,-1,-202
2602,-1370,-125,-2246,-2246,-3,-3,39
2603,104,-135,1514,1514,-3,-3,161
2604,1427,-91,2194,2194,-5,-5,253
2605,1530,-43,2267,2267,-4,-5,297
2606,1448,-7,2233,2233,-2,-3,285
2608,1769,94,2353,2353,0,0,111
2609,1677,156,2291,2291,2,0,-16
2610,864,200,1877,1877,1,3,-142
2612,-1361,133,-2254,-2254,4,4,-294
2613,-1300,91,-2223,-2223,2,3,-291
2614,-1277,53,-2198,-2198,1,0,-232
2616,-1376,-34,-2187,-2187,-1,-3,-2
2617,-941,-79,-1946,-1946,-3,-2,125
2618,672,-70,1867,1867,-4,-4,229
2619,1677,-17,2407,2407,-3,-4,289
2620,1612,32,2394,2394,-3,-3,295
2622,1486,117,2332,2332,1,0,145
2623,1408,173,2281,2281,1,3,19
2624,222,198,1687,1687,3,4,-110
2625,-1374,157,-2149,-2149,4,4,-218
2627,-1638,49,-2359,-2359,3,2,-297
2628,-1605,0,-2363,-2363,0,1,-252
2629,-1670,-50,-2396,-2396,-1,-1,-158
2631,-407,-142,-1761,-1761,-4,-3,97
2632,1254,-105,2096,2096,-4,-5,209
2633,1636,-54,2328,2328,-5,-4,281
2634,1538,-13,2304,2304,-3,-3,298
2635,1676,33,2389,2389,-1,-1,258
2636,1774,85,2424,2424,0,0,167
2638,750,191,1913,1913,3,3,-87
2639,-1042,163,-1995,-1995,4,5,-202
2641,-1625,57,-2339,-2339,3,4,-299
2642,-1620,7,-2347,-2347,2,1,-262
2643,-1663,-42,-2370,-2370,-1,0,-175
2645,-1363,-158,-2195,-2195,-3,-3,79
2646,272,-162,1617,1617,-4,-4,196
2647,1506,-114,2262,2262,-4,-4,275
2648,1511,-70,2269,2269,-4,-4,299
2650,1712,17,2309,2309,-1,-1,179
2651,1735,68,2289,2289,0,1,58
2652,1586,133,2202,2202,1,2,-74
2653,297,160,1566,1566,3,3,-192
2654,-1232,120,-2203,-2203,4,4,-273
2656,-1456,21,-2317,-2317,2,2,-267
2657,-1409,-20,-2242,-2242,2,1,-182
2658,-1478,-65,-2250,-2250,-2,-1,-61
2660,-768,-161,-1871,-1871,-3,-4,191
2661,920,-138,1966,1966,-4,-4,272
2662,1621,-86,2315,2315,-4,-4,299
2664,1386,-2,2135,2135,-1,-1,182
2665,1393,35,2083,2083,0,0,60
2666,1443,82,2076,2076,1,2,-72
2667,965,130,1819,1819,1,2,-192
2668,-635,119,-1962,-1962,3,4,-273
2670,-1387,26,-2346,-2346,1,2,-266
2671,-1345,-14,-2281,-2281,0,1,-180
2672,-1357,-60,-2240,-2240,-1,-1,-58
2674,55,-119,1538,1538,-3,-2,194
2675,1127,-84,2094,2094,-4,-4,274
2676,1186,-47,2152,2152,-2,-3,299
2678,1097,11,2052,2052,-1,0,176
2679,1143,44,2024,2024,1,1,52
2680,1099,88,1968,1968,2,2,-81
2681,332,115,1554,1554,2,2,-199
2683,-1478,32,-2386,-2386,2,3,-299
2684,-1448,-13,-2374,-2374,1,1,-260
2685,-1423,-58,-2331,-2331,0,0,-169
2686,-1404,-109,-2300,-2300,-3,-1,-43
2688,549,-140,1742,1742,-3,-4,206
2689,1401,-97,2190,2190,-5,-4,281
2690,1392,-55,2217,2217,-2,-3,298
2692,1476,20,2199,2199,0,-1,160
2693,1522,67,2174,2174,0,1,32
2694,1237,121,1997,1997,1,1,-101
2695,-70,131,-1670,-1670,2,3,-215
2697,-1156,53,-2240,-2240,3,3,-297
2698,-1069,19,-2174,-2174,1,1,-248
2699,-1075,-13,-2132,-2132,0,-1,-148
2700,-1147,-48,-2111,-2111,-2,-1,-18
2702,-309,-120,-1625,-1625,-2,-3,225
2703,1163,-88,2106,2106,-4,-4,289
2705,1387,0,2168,2168,-3,-3,238
2706,1277,36,2078,2078,0,0,133
2707,1272,72,2006,2006,0,0,1
2708,1235,119,1955,1955,2,1,-131
2709,601,154,1632,1632,1,3,-237
2711,-1266,90,-2274,-2274,2,3,-290
2712,-1199,50,-2186,-2186,2,2,-226
2713,-1128,16,-2090,-2090,0,0,-116
2714,-1144,-20,-2050,-2050,-2,-2,18
2715,-1068,-65,-1949,-1949,-1,-1,149
2717,1028,-58,2101,2101,-2,-4,297
2718,1408,-14,2269,2269,-3,-3,283
2719,1296,24,2173,2173,-1,-2,211
2721,1198,95,2007,2007,1,1,-41
2722,1028,139,1885,1885,1,2,-168
2723,33,153,-1615,-1615,3,2,-261
2724,-1187,115,-2217,-2217,3,3,-299
2726,-1327,28,-2246,-2246,0,1,-193
2727,-1307,-14,-2177,-2177,0,-1,-70
2728,-1157,-62,-2044,-2044,-1,-1,66
2729,-258,-82,-1564,-1564,-3,-2,189
2730,919,-54,2065,2065,-2,-3,273
2732,991,6,2087,2087,-1,-2,263
2733,1009,34,2051,2051,0,0,171
2734,1065,63,2025,2025,1,2,43
2736,518,135,1670,1670,3,3,-211
2737,-904,110,-2053,-2053,3,3,-284
2738,-1523,61,-2375,-2375,2,3,-297
2739,-1482,13,-2330,-2330,2,2,-247
2740,-1417,-31,-2262,-2262,0,0,-145
2742,-806,-121,-1887,-1887,-2,-2,122
2743,540,-111,1815,1815,-3,-3,232
2744,1363,-69,2237,2237,-4,-4,292
2745,1362,-27,2254,2254,-2,-2,291
2747,1212,42,2106,2106,0,1,115
2748,1219,80,2057,2057,2,1,-20
2749,878,123,1860,1860,2,3,-152
2751,-1613,62,-2410,-2410,4,4,-298
2752,-1589,11,-2419,-2419,1,2,-280
2753,-1527,-36,-2359,-2359,2,0,-202
2754,-1526,-85,-2337,-2337,-2,-1,-81
2755,-1238,-138,-2155,-2155,-1,-2,56
2757,1383,-102,2209,2209,-4,-4,270
2758,1407,-58,2248,2248,-2,-4,299
2759,1252,-21,2156,2156,-2,-2,264
2761,1235,45,2058,2058,2,1,43
2762,1216,92,2012,2012,1,3,-94
2763,436,123,1603,1603,3,2,-213
2765,-1589,40,-2427,-2427,3,3,-296
2766,-1525,-8,-2368,-2368,2,2,-243
2767,-1477,-53,-2295,-2295,0,1,-137
2768,-1481,-104,-2261,-2261,-1,-2,-2
2769,-1062,-152,-2012,-2012,-2,-1,133
2771,1323,-105,2198,2198,-4,-4,295
2772,1257,-66,2141,2141,-4,-3,286
2773,1135,-38,2032,2032,-1,-2,215
2774,1259,-2,2033,2033,0,0,96
2776,1184,84,1890,1890,1,2,-172
2777,236,107,-1587,-1587,2,2,-265
2778,-1083,71,-2237,-2237,2,3,-299
2779,-1326,27,-2324,-2324,3,2,-269
2781,-1215,-49,-2142,-2142,0,0,-51
2782,-1208,-94,-2103,-2103,-3,-2,88
2783,-650,-130,-1800,-1800,-2,-3,209
2784,852,-110,1962,1962,-3,-3,284
2785,1529,-62,2280,2280,-4,-4,296
2787,1320,19,2066,2066,-1,-2,138
2788,1301,56,2005,2005,1,1,1
2789,1289,99,1957,1957,2,1,-135
2791,-656,126,-2009,-2009,3,3,-296
2792,-1372,80,-2339,-2339,2,3,-285
2793,-1324,37,-2262,-2262,2,1,-210
2794,-1255,0,-2157,-2157,0,0,-90
2795,-1282,-40,-2100,-2100,-1,-1,50
2797,95,-100,1610,1610,-3,-3,269
2798,1376,-58,2227,2227,-4,-4,299
2799,1462,-12,2250,2250,-2,-3,263
2800,1324,25,2111,2111,-2,-2,168
2802,1305,102,1976,1976,1,1,-104
2803,1019,149,1823,1823,1,3,-221
2804,-316,151,-1835,-1835,2,2,-289
2806,-1321,64,-2280,-2280,1,2,-231
2807,-1247,25,-2178,-2178,0,0,-118
2808,-1231,-16,-2108,-2108,-2,-1,21
2809,-927,-59,-1920,-1920,-3,-2,156
2810,353,-59,1739,1739,-3,-3,256
2811,1369,-17,2245,2245,-4,-4,299
2813,1300,62,2171,2171,-1,0,189
2814,1279,98,2112,2112,1,1,60
2815,1256,142,2050,2050,1,2,-81
2817,-903,155,-2052,-2052,3,3,-282
2818,-1526,104,-2364,-2364,2,4,-297
2819,-1433,58,-2287,-2287,2,2,-244
2821,-1370,-26,-2151,-2151,-1,-1,1
2822,-1246,-77,-2041,-2041,-2,-1,139
2823,-218,-99,-1517,-1517,-2,-3,246
2824,1117,-65,2151,2151,-3,-3,297
2825,1292,-25,2200,2200,-3,-4,281
2826,1150,8,2087,2087,-1,-1,201
2828,1088,69,1906,1906,1,1,-67
2829,986,112,1833,1833,3,2,-194
2830,114,131,-1620,-1620,1,2,-278
2832,-1506,43,-2389,-2389,1,1,-250
2833,-1454,-3,-2298,-2298,1,1,-146
2834,-1381,-53,-2207,-2207,-1,-1,-8
2835,-984,-97,-1976,-1976,-3,-2,131
2836,125,-102,1612,1612,-2,-3,241
2837,1160,-68,2123,2123,-4,-4,296
2839,1272,9,2116,2116,-1,-2,205
2840,1222,44,2026,2026,0,0,80
2841,1201,79,1950,1950,1,1,-62
2842,1023,120,1810,1810,1,1,-191
2844,-1078,100,-2250,-2250,1,2,-298
2845,-1231,60,-2287,-2287,2,1,-251
2846,-1165,23,-2192,-2192,0,0,-146
2848,-968,-53,-1970,-1970,-2,-3,132
2849,78,-65,1568,1568,-3,-4,242
2850,1312,-26,2187,2187,-4,-4,296
2851,1497,19,2272,2272,-3,-3,282
2852,1389,60,2182,2182,-1,-2,203
2854,1333,140,2048,2048,1,1,-67
2855,983,186,1852,1852,2,2,-196
2856,-381,184,-1828,-1828,2,3,-279
2857,-1324,140,-2293,-2293,2,3,-298
2859,-1245,56,-2148,-2148,0,1,-139
2860,-1219,18,-2055,-2055,-1,0,1
2861,-1174,-26,-1965,-1965,-1,-1,141
2862,-521,-57,-1628,-1628,-2,-3,249
2864,1230,2,2204,2204,-3,-3,278
2865,1131,35,2092,2092,-2,-1,193
2866,1038,64,1965,1965,0,0,62
2867,1017,93,1884,1884,2,1,-82
2868,978,131,1807,1807,1,1,-207
2870,-976,123,-2142,-2142,3,2,-295
2871,-1232,82,-2223,-2223,1,2,-236
2872,-1168,44,-2116,-2116,0,1,-122
2874,-1029,-33,-1902,-1902,-2,-1,159
2875,-318,-56,-1524,-1524,-2,-2,260
2876,874,-32,2065,2065,-2,-3,299
2877,1179,4,2177,2177,-3,-2,269
2878,1087,35,2057,2057,-1,-2,174
2880,1030,93,1870,1870,1,2,-105
2881,942,130,1783,1783,1,2,-225
2882,115,148,-1620,-1620,2,2,-292
2883,-1104,113,-2200,-2200,2,2,-289
2885,-1223,31,-2106,-2106,1,1,-95
2886,-1161,-6,-1993,-1993,-1,0,49
2887,-1022,-48,-1872,-1872,-2,-1,183
2888,-168,-66,1575,1575,-1,-2,273
2890,1073,-5,2128,2128,-1,-3,253
2891,965,22,2001,2001,-1,0,147
2892,900,47,1864,1864,0,0,5
2893,887,71,1770,1770,1,1,-136
2894,802,104,1676,1676,1,1,-247
2895,-9,117,-1700,-1700,3,2,-298
2897,-1034,49,-2105,-2105,2,2,-191
2898,-970,18,-1986,-1986,0,0,-59
2899,-932,-11,-1871,-1871,0,-1,87
2901,-160,-64,1572,1572,-1,-2,287
2902,927,-37,2090,2090,-2,-2,293
2903,1118,-2,2119,2119,-2,-2,228
2904,1024,26,1987,1987,0,-1,108
2905,977,54,1880,1880,1,1,-37
2906,953,84,1798,1798,2,1,-174
2908,-583,105,-1974,-1974,2,2,-299
2909,-1173,67,-2221,-2221,2,2,-257
2910,-1124,30,-2121,-2121,1,1,-152
2912,-1031,-38,-1903,-1903,-1,-1,132
2913,-734,-74,-1720,-1720,-1,-2,245
2914,413,-71,1834,1834,-3,-2,297
2916,1156,0,2085,2085,-2,-2,191
2917,1055,30,1949,1949,0,0,58
2918,1019,58,1847,1847,1,1,-89
2919,1008,92,1787,1787,2,1,-215
2920,553,125,1559,1559,1,2,-289
2921,-717,104,-2035,-2035,2,2,-292
2923,-1080,30,-2050,-2050,1,1,-101
2924,-1022,-1,-1930,-1930,-1,0,46
2925,-1010,-35,-1851,-1851,-1,-1,182
2927,435,-66,1864,1864,-1,-2,298
2928,1153,-30,2149,2149,-3,-2,250
2929,1126,2,2040,2040,-1,-2,140
2931,1012,60,1801,1801,1,1,-147
2932,959,96,1749,1749,2,2,-254
2933,313,120,-1562,-1562,1,1,-299
2934,-854,93,-2093,-2093,1,2,-270
2935,-1085,56,-2112,-2112,2,2,-175
2937,-953,-7,-1850,-1850,-1,0,110
2938,-895,-42,-1762,-1762,-1,-1,231
2939,-380,-67,-1520,-1520,-2,-2,294
2940,750,-47,2005,2005,-1,-2,285
2942,1027,17,1948,1948,-1,-1,74
2943,941,44,1808,1808,1,0,-74
2944,929,70,1726,1726,1,1,-205
2945,817,107,1663,1663,1,2,-285
2946,-72,114,-1737,-1737,2,1,-294
2948,-955,52,-1991,-1991,1,1,-109
2949,-886,23,-1849,-1849,0,0,39
2950,-867,-5,-1758,-1758,-1,-1,178
2951,-723,-39,-1662,-1662,-2,-1,272
2953,941,-21,2087,2087,-1,-1,251
2954,1066,10,2033,2033,-2,-2,140
2955,1002,39,1898,1898,0,0,-5
2956,949,68,1794,1794,2,1,-150
2958,211,120,-1605,-1605,1,1,-299
2959,-754,96,-2025,-2025,2,2,-267
2960,-998,62,-2053,-2053,2,1,-167
2961,-935,31,-1915,-1915,0,1,-26
2963,-806,-29,-1697,-1697,-1,-1,239
2964,-334,-52,1532,1532,-1,-2,297
2965,601,-37,1947,1947,-1,-2,279
2967,999,24,1956,1956,-1,0,55
2968,928,50,1817,1817,1,0,-94
2969,894,80,1727,1727,1,1,-221
2970,589,111,1571,1571,2,1,-291
2971,-364,102,-1864,-1864,1,2,-288
2972,-919,70,-2063,-2063,1,2,-212
2974,-860,11,-1815,-1815,0,0,68
2975,-817,-19,-1720,-1720,-1,-1,202
2976,-530,-47,-1552,-1552,-1,-1,284
2977,214,-46,1792,1792,-1,-1,294
2979,959,6,1963,1963,-1,-1,106
2980,886,32,1813,1813,0,0,-43
2981,834,56,1690,1690,1,0,-182
2982,776,84,1611,1611,0,1,-275
2984,-384,95,-1852,-1852,1,1,-244
2985,-720,70,-1918,-1918,0,1,-128
2986,-688,46,-1772,-1772,1,0,20
2987,-617,25,-1632,-1632,-1,0,164
2988,-528,0,-1533,-1533,-1,-1,266
2990,324,-5,1811,1811,-2,-1,256
2991,586,10,1851,1851,0,0,147
2992,718,31,1793,1793,0,0,0
2993,692,51,1659,1659,0,0,-146
2994,635,72,1566,1566,1,1,-256
2996,-72,90,-1727,-1727,1,2,-266
2997,-284,80,-1741,-1741,0,0,-164
2998,-426,64,-1684,-1684,0,0,-19
2999,-430,49,-1556,-1556,0,0,130
3000,-367,34,1553,1553,-1,-1,246
3001,-216,19,1664,1664,0,0,298
3002,90,18,1773,1773,0,-1,273
3004,348,35,1689,1689,0,1,36
3005,329,44,1549,1549,0,1,-114
3006,285,53,-1568,-1568,1,1,-236
3007,177,63,-1663,-1663,1,0,-296
3009,-247,52,-1771,-1771,1,0,-190
3010,-188,44,-1617,-1617,0,0,-51
3011,-138,38,1529,1529,-1,-1,101
3012,-115,30,1638,1638,-1,-1,227
3013,24,22,1755,1755,0,-1,294
3014,354,31,1915,1915,0,0,284
3016,382,53,1755,1755,1,1,63
3017,339,64,1622,1622,2,1,-89
3018,201,79,-1537,-1537,2,1,-219
3019,-254,74,-1810,-1810,2,1,-291
3021,-779,29,-2009,-2009,1,0,-208
3022,-755,4,-1912,-1912,-1,0,-74
3023,-657,-23,-1768,-1768,-1,-1,79
3024,-305,-43,-1520,-1520,-2,-1,212
3025,224,-38,1774,1774,-2,-2,289
3027,896,-1,2024,2024,0,-1,214
3028,1023,28,1983,1983,-1,0,82
3029,1012,57,1874,1874,1,0,-71
3030,957,90,1782,1782,2,1,-206
3032,-677,96,-2033,-2033,1,1,-292
3033,-1011,62,-2111,-2111,3,2,-219
3034,-924,31,-1970,-1970,0,1,-88
3035,-839,4,-1815,-1815,0,0,65
3036,-803,-22,-1735,-1735,-2,-2,202
3037,-602,-53,-1608,-1608,-1,-1,285
3039,1021,-22,2074,2074,-2,-2,222
3040,1028,8,1979,1979,0,-1,93
3041,957,36,1829,1829,0,0,-61
3042,925,63,1709,1709,0,0,-199
3044,-16,107,-1724,-1724,1,2,-293
3045,-848,79,-2065,-2065,1,1,-224
3046,-881,49,-1967,-1967,2,0,-95
3047,-799,23,-1816,-1816,-1,0,59
3048,-746,-2,-1701,-1701,-1,-1,198
3049,-580,-31,-1584,-1584,-1,-1,284
3051,865,-11,2018,2018,-2,-1,225
3052,953,17,1948,1948,0,-2,95
3053,886,43,1807,1807,0,1,-59
3054,847,69,1713,1713,2,1,-198
3056,23,109,-1699,-1699,1,1,-293
3057,-738,85,-1991,-1991,1,2,-224
3058,-943,54,-1978,-1978,1,1,-94
3059,-870,25,-1825,-1825,0,0,61
3060,-793,-4,-1717,-1717,-2,-1,200
3061,-497,-31,-1537,-1537,-1,-1,285
3063,615,-15,1902,1902,-2,-1,221
3064,851,9,1907,1907,0,-1,90
3065,831,33,1774,1774,0,0,-65
3066,797,58,1670,1670,1,1,-203
3068,168,101,-1647,-1647,1,1,-292
3069,-612,81,-1937,-1937,1,2,-218
3070,-829,53,-1931,-1931,0,1,-84
3071,-755,28,-1782,-1782,0,-1,71
3072,-672,3,-1644,-1644,-1,0,208
3073,-467,-21,-1521,-1521,-1,-2,288
3075,587,-9,1887,1887,-1,-1,212
3076,815,14,1893,1893,0,0,77
3077,817,38,1766,1766,0,0,-79
3078,778,61,1661,1661,1,1,-214
3080,23,96,-1710,-1710,1,1,-287
3081,-581,78,-1908,-1908,1,2,-205
3082,-851,49,-1915,-1915,1,1,-67
3083,-802,22,-1780,-1780,0,-1,89
3084,-702,-5,-1643,-1643,-1,0,222
3085,-375,-27,1531,1531,-1,-2,293
3087,516,-12,1851,1851,-1,0,197
3088,785,9,1846,1846,-1,-1,55
3089,804,33,1758,1758,2,1,-101
3090,764,58,1646,1646,1,0,-230
3092,-122,83,-1766,-1766,1,2,-279
3093,-673,61,-1936,-1936,2,1,-186
3094,-796,34,-1885,-1885,0,0,-41
3095,-718,10,-1721,-1721,0,0,115
3096,-640,-15,-1622,-1622,-2,-1,239
3097,-336,-36,1532,1532,-1,-2,298
3099,714,-13,1903,1903,-2,0,173
3100,905,13,1870,1870,0,-1,25
3101,890,40,1761,1761,1,1,-130
3102,816,70,1651,1651,1,0,-249
3103,453,94,-1529,-1529,1,1,-299
3105,-779,60,-1978,-1978,1,0,-158
3106,-831,32,-1875,-1875,0,1,-6
3107,-753,6,-1737,-1737,-1,-1,146
3108,-596,-22,-1609,-1609,-1,-2,259
3109,-56,-32,1662,1662,-1,-1,299
3111,930,8,1990,1990,0,-1,141
3112,977,36,1894,1894,0,0,-13
3113,956,66,1789,1789,1,1,-164
3114,779,101,1656,1656,1,1,-269
3116,-826,82,-2035,-2035,2,2,-244
3117,-1026,47,-2032,-2032,1,1,-121
3118,-938,17,-1876,-1876,0,0,35
3119,-867,-12,-1743,-1743,-1,0,183
3120,-698,-44,-1635,-1635,-2,-1,278
3121,-4,-54,1675,1675,-1,-2,296
3123,1091,1,2008,2008,-1,-1,98
3124,1038,31,1864,1864,0,0,-60
3125,1007,60,1754,1754,0,1,-202
3126,925,99,1692,1692,2,0,-287
3127,157,114,-1634,-1634,1,2,-290
3129,-940,56,-1959,-1959,2,0,-73
3130,-846,28,-1780,-1780,0,1,86
3131,-786,1,-1681,-1681,-2,-1,221
3132,-649,-28,-1586,-1586,0,-1,293
3133,-12,-38,1668,1668,-1,-2,282
3134,734,-18,1938,1938,-1,-1,191
3136,871,34,1746,1746,0,0,-113
3137,838,59,1654,1654,2,0,-240
3138,732,89,1587,1587,1,0,-298
3139,220,104,-1607,-1607,0,1,-271
3140,-506,89,-1837,-1837,1,2,-167
3142,-643,41,-1624,-1624,0,1,141
3143,-559,21,-1514,-1514,-1,-1,257
3144,-448,0,1548,1548,-1,0,299
3145,-104,-9,1648,1648,0,-1,256
3146,266,-3,1705,1705,-1,0,139
3147,394,7,1622,1622,0,0,-17
3148,435,19,1503,1503,0,0,-169
3149,415,31,-1577,-1577,1,1,-272
3151,227,52,-1615,-1615,0,0,-237
3152,30,51,-1583,-1583,0,0,-108
3153,-21,49,1528,1528,-1,-1,51
3154,-27,46,1659,1659,0,-1,196
3155,-18,43,1752,1752,0,0,285
3156,27,41,1781,1781,0,0,291
3157,86,42,1735,1735,0,0,213
3158,104,43,1628,1628,1,1,74
3159,93,45,-1508,-1508,2,1,-87
3161,52,47,-1718,-1718,0,1,-294
3162,-51,47,-1760,-1760,0,0,-280
3163,-242,40,-1770,-1770,0,0,-185
3164,-291,29,-1661,-1661,0,0,-36
3165,-214,20,1502,1502,-1,-1,123
3166,-130,14,1619,1619,-2,-2,247
3167,-30,10,1701,1701,-1,-1,299
3168,146,9,1756,1756,0,0,264
3170,461,31,1673,1673,0,1,-4
3171,443,43,1526,1526,0,0,-159
3172,417,55,-1561,-1561,1,1,-268
3173,369,67,-1583,-1583,1,1,-298
3174,189,77,-1597,-1597,0,1,-242
3176,-303,60,-1568,-1568,0,0,46
3177,-219,51,1589,1589,-1,-1,194
3178,-120,45,1711,1711,0,-1,284
3179,-20,42,1745,1745,-1,-1,292
3180,78,42,1719,1719,0,0,213
3181,114,44,1620,1620,1,1,72
3182,105,46,-1534,-1534,0,1,-90
3184,57,47,-1737,-1737,0,0,-295
3185,38,47,-1735,-1735,0,0,-278
3186,43,47,-1636,-1636,0,0,-178
3187,51,48,1506,1506,0,-1,-26
3188,44,48,1631,1631,-2,-1,133
3189,36,48,1742,1742,0,-1,254
3191,40,47,1746,1746,0,0,257
3192,47,46,1634,1634,0,0,138
3193,77,47,1514,1514,1,1,-21
3194,65,48,-1625,-1625,1,1,-175
3195,47,48,-1717,-1717,1,1,-276
3196,54,48,-1730,-1730,1,0,-296
3198,47,50,-1548,-1548,-1,0,-91
3199,7,48,1580,1580,0,-1,71
3200,50,48,1722,1722,-1,-1,213
3201,72,49,1795,1795,-1,-1,292
3202,59,49,1785,1785,0,0,283
3203,65,49,1710,1710,0,1,190
3205,63,51,-1552,-1552,1,1,-121
3206,62,51,-1685,-1685,0,0,-247
3207,70,53,-1716,-1716,1,1,-299
3208,-34,53,-1736,-1736,0,0,-262
3209,-232,46,-1727,-1727,0,0,-146
3211,-179,28,1570,1570,0,-1,169
3212,-83,23,1695,1695,-1,-1,274
3213,27,22,1752,1752,-1,-1,297
3214,122,23,1717,1717,-1,-1,230
3215,166,26,1624,1624,1,0,95
3216,194,31,1502,1502,1,1,-69
3218,156,40,-1709,-1709,1,1,-292
3219,108,42,-1723,-1723,0,0,-283
3220,60,43,-1654,-1654,0,0,-189
3221,29,43,-1539,-1539,-1,-1,-38
3222,15,42,1607,1607,0,-1,124
3223,9,41,1701,1701,-2,-1,249
3224,29,37,1765,1765,0,0,299
3225,162,39,1796,1796,0,0,259
3227,242,51,1595,1595,1,1,-21
3228,218,57,-1546,-1546,1,1,-176
3229,180,63,-1633,-1633,1,2,-278
3230,23,72,-1715,-1715,1,0,-295
3231,-370,59,-1848,-1848,0,0,-222
3233,-459,25,-1630,-1630,0,0,83
3234,-355,8,1519,1519,-1,-1,223
3235,-74,-4,1684,1684,-1,-2,295
3236,404,5,1878,1878,-2,-1,277
3237,524,20,1856,1856,0,0,175
3238,541,35,1730,1730,0,0,19
3239,543,52,1602,1602,0,1,-142
3240,414,74,-1535,-1535,2,0,-261
3242,-279,65,-1825,-1825,1,1,-246
3243,-287,56,-1715,-1715,0,0,-118
3244,-398,42,-1643,-1643,-1,-1,46
3245,-392,23,-1518,-1518,0,-1,197
3246,-80,10,1680,1680,-2,-1,287
3248,437,34,1846,1846,-1,-1,202
3249,418,45,1706,1706,0,0,53
3250,452,57,1597,1597,1,1,-112
3251,430,74,-1517,-1517,0,1,-243
3252,169,88,-1654,-1654,2,1,-299
3253,-288,77,-1830,-1830,1,1,-263
3255,-294,53,-1589,-1589,0,0,16
3256,-275,41,1541,1541,-1,-1,173
3257,-141,27,1664,1664,-2,-1,277
3258,258,30,1880,1880,0,0,295
3259,447,43,1914,1914,0,0,222
3260,428,54,1775,1775,0,0,79
3261,407,66,1623,1623,0,1,-87
3263,-9,90,-1717,-1717,1,1,-296
3264,-372,77,-1869,-1869,1,1,-274
3265,-491,61,-1822,-1822,1,1,-166
3266,-591,40,-1750,-1750,0,-1,-6
3268,-375,1,1549,1549,-1,-1,268
3269,23,-5,1763,1763,0,0,298
3270,365,4,1852,1852,-1,-1,235
3271,444,16,1769,1769,0,0,99
3272,464,29,1626,1626,0,0,-68
3273,464,44,1516,1516,1,1,-214
3274,393,62,-1571,-1571,1,0,-293
3276,-244,58,-1744,-1744,2,0,-180
3277,-239,50,-1599,-1599,0,0,-23
3278,-250,40,1545,1545,0,0,141
3279,-260,28,1634,1634,0,-1,261
3280,-94,18,1740,1740,0,0,299
3281,210,22,1831,1831,0,0,243
3282,300,30,1758,1758,0,1,111
3284,95,41,-1605,-1605,1,2,-205
3285,-41,42,-1734,-1734,2,1,-290
3286,-247,42,-1829,-1829,0,1,-284
3287,-557,22,-1912,-1912,0,0,-188
3288,-527,4,-1779,-1779,0,-1,-32
3290,-272,-31,1541,1541,-1,-1,257
3291,252,-31,1805,1805,-2,-1,299
3292,626,-14,1936,1936,-1,-1,247
3293,688,5,1853,1853,-1,0,117
3294,708,26,1725,1725,0,0,-50
3295,638,55,1604,1604,1,2,-202
3296,125,66,-1688,-1688,2,1,-289
3298,-321,43,-1802,-1802,1,0,-190
3299,-460,29,-1735,-1735,0,0,-35
3300,-623,7,-1684,-1684,-1,0,131
3301,-495,-17,-1544,-1544,-1,-1,256
3302,-38,-26,1680,1680,-2,-1,299
3303,328,-17,1797,1797,-1,-1,247
3304,412,-7,1723,1723,0,0,116
3305,532,7,1634,1634,0,0,-51
3306,574,25,1545,1545,1,1,-203
3307,457,48,-1575,-1575,0,0,-290
3309,-224,40,-1778,-1778,0,0,-187
3310,-235,32,-1637,-1637,0,0,-30
3311,-294,21,-1513,-1513,0,0,136
3312,-306,9,1590,1590,0,0,259
3313,-185,-2,1656,1656,-1,-1,299
3314,49,-5,1709,1709,0,0,243
3315,223,0,1666,1666,0,0,109
3316,221,5,1522,1522,1,1,-60
3317,200,10,-1625,-1625,1,0,-210
3319,117,21,-1724,-1724,0,0,-281
3320,-79,20,-1719,-1719,0,0,-179
3321,-251,10,-1665,-1665,0,-1,-19
3322,-171,3,1511,1511,-1,-1,146
3323,-70,-1,1656,1656,-1,-1,265
3324,26,-2,1718,1718,-1,-1,298
3326,87,-1,1559,1559,0,0,95
3327,90,0,-1592,-1592,1,0,-74
3328,76,1,-1713,-1713,1,2,-221
3329,47,2,-1802,-1802,0,0,-295
3330,1,1,-1806,-1806,0,0,-274
3331,-8,0,-1713,-1713,0,-1,-164
3332,18,0,-1567,-1567,-2,-1,0
3333,13,0,1579,1579,-1,-1,163
3334,-15,-3,1672,1672,0,-1,274
3335,43,-10,1691,1691,-1,-2,296
3336,376,-1,1796,1796,0,0,221
3337,505,13,1734,1734,0,0,74
3338,488,27,1577,1577,0,0,-96
3340,366,59,-1613,-1613,1,1,-298
3341,15,62,-1733,-1733,1,0,-264
3342,-242,54,-1734,-1734,1,0,-143
3343,-366,42,-1651,-1651,0,-1,24
3344,-407,27,-1536,-1536,-1,0,184
3345,-282,10,1589,1589,-1,-1,284
3346,92,5,1773,1773,0,0,290
3347,409,17,1831,1831,-1,-1,201
3348,395,28,1695,1695,1,0,46
3349,376,38,1540,1540,0,1,-123
3351,274,66,-1620,-1620,1,0,-299
3352,-193,64,-1789,-1789,0,1,-247
3353,-571,44,-1860,-1860,0,0,-114
3354,-552,25,-1704,-1704,0,0,57
3355,-452,8,-1534,-1534,0,-1,209
3356,-254,-10,1605,1605,-1,-1,293
3357,275,-7,1829,1829,-2,0,279
3359,508,22,1692,1692,-1,0,11
3360,529,37,1576,1576,1,1,-155
3361,513,56,-1517,-1517,1,0,-271
3362,297,73,-1609,-1609,1,1,-296
3363,-132,68,-1741,-1741,1,0,-224
3364,-267,60,-1670,-1670,0,0,-77
3365,-447,44,-1604,-1604,0,0,95
3366,-435,25,1513,1513,-1,0,236
3368,232,15,1847,1847,0,0,262
3369,355,25,1790,1790,0,0,138
3370,339,34,1643,1643,1,1,-31
3371,324,43,-1509,-1509,0,1,-190
3372,295,55,-1594,-1594,1,1,-287
3373,31,65,-1699,-1699,1,1,-287
3374,-495,48,-1880,-1880,0,0,-192
3375,-512,29,-1763,-1763,-1,0,-32
3376,-408,14,-1572,-1572,0,-1,137
3378,-16,-11,1701,1701,-2,-1,299
3379,511,2,1888,1888,-1,-1,235
3380,677,21,1852,1852,0,0,93
3381,680,41,1716,1716,0,1,-80
3382,658,64,1595,1595,1,0,-226
3383,449,87,-1532,-1532,1,1,-297
3384,-54,84,-1729,-1729,1,1,-268
3386,-457,63,-1654,-1654,0,0,20
3387,-581,42,-1576,-1576,0,0,182
3388,-451,20,1554,1554,-1,0,284
3389,-59,11,1727,1727,0,-1,289
3390,281,18,1794,1794,-1,0,197
3391,360,28,1684,1684,0,0,38
3392,405,39,1568,1568,1,1,-132
3394,357,67,-1580,-1580,1,1,-299
3395,105,75,-1635,-1635,0,0,-237
3396,-183,68,-1641,-1641,0,0,-95
3397,-190,60,1519,1519,0,0,79
3398,-158,53,1673,1673,0,0,226
3399,-117,45,1743,1743,-1,0,297
3400,-19,40,1765,1765,0,1,267
3401,112,41,1725,1725,1,1,146
3403,168,48,-1546,-1546,1,1,-186
3404,155,53,-1626,-1626,1,2,-285
3405,43,58,-1680,-1680,0,1,-288
3406,-251,53,-1739,-1739,0,0,-192
3407,-435,38,-1691,-1691,0,0,-30
3408,-347,24,1501,1501,0,0,141
3409,-237,15,1641,1641,-1,-1,264
3411,36,4,1714,1714,0,0,230
3412,186,8,1652,1652,0,1,83
3413,221,13,1517,1517,1,1,-92
3414,218,19,-1628,-1628,0,0,-236
3415,208,24,-1676,-1676,1,1,-299
3416,181,29,-1649,-1649,0,0,-259
3417,121,33,-1542,-1542,0,1,-131
3418,33,34,1574,1574,0,-1,42
3419,-23,31,1698,1698,0,0,201
3420,72,31,1831,1831,0,0,291
3422,128,36,1762,1762,1,1,174
3423,100,41,1610,1610,1,2,7
3424,-129,43,-1654,-1654,1,1,-161
3425,-482,26,-1935,-1935,1,2,-275
3426,-478,9,-1951,-1951,2,1,-294
3427,-410,-5,-1865,-1865,0,0,-211
3428,-372,-18,-1748,-1748,-2,-1,-56
3430,-224,-38,1546,1546,-2,-1,253
3431,-96,-47,1619,1619,-2,-1,299
3432,236,-49,1696,1696,-1,-2,242
3433,764,-28,1831,1831,-1,0,101
3435,882,24,1635,1635,0,1,-225
3436,819,58,1582,1582,1,0,-297
3437,360,78,-1574,-1574,0,1,-266
3438,-202,70,-1705,-1705,1,1,-143
3439,-374,57,-1619,-1619,0,1,29
3440,-470,39,-1521,-1521,0,0,192
3441,-406,24,1589,1589,0,0,288
3442,-281,12,1631,1631,0,0,284
3444,51,2,1508,1508,0,0,14
3445,147,5,-1605,-1605,0,1,-157
3446,155,9,-1697,-1697,1,1,-274
3447,137,12,-1729,-1729,0,0,-295
3448,107,14,-1663,-1663,0,0,-213
3449,86,16,-1528,-1528,0,-1,-56
3450,82,18,1636,1636,-1,0,119
3452,66,21,1793,1793,0,-1,299
3453,45,20,1726,1726,0,0,240
3454,52,20,1597,1597,0,1,96
3455,74,21,-1558,-1558,1,0,-81
3456,82,22,-1673,-1673,2,1,-230
3457,73,24,-1740,-1740,0,1,-298
3458,-30,24,-1749,-1749,1,0,-261
3459,-188,16,-1728,-1728,-1,-1,-132
3460,-144,10,-1541,-1541,0,0,42
3461,-79,7,1626,1626,-1,-1,203
3463,5,3,1702,1702,-1,-1,278
3464,77,4,1622,1622,0,-1,166
3465,111,5,-1504,-1504,1,1,-5
3466,119,8,-1664,-1664,0,0,-174
3467,116,10,-1759,-1759,0,1,-282
3468,93,12,-1785,-1785,0,-1,-290
3469,72,13,-1697,-1697,0,0,-195
3470,48,14,-1563,-1563,-1,-1,-31
3472,104,9,1730,1730,-1,-1,267
3473,356,17,1877,1877,-1,-1,297
3474,527,31,1906,1906,0,0,220
3475,596,48,1810,1810,0,0,66
3476,596,66,1696,1696,2,2,-112
3477,524,91,1567,1567,1,1,-250
3478,54,99,-1682,-1682,1,1,-299
3479,-435,86,-1839,-1839,2,2,-242
3480,-673,65,-1820,-1820,1,1,-98
3482,-781,9,-1620,-1620,0,0,230
3483,-585,-19,-1513,-1513,-1,-1,298
3484,-93,-28,1653,1653,-2,0,260
3485,279,-21,1695,1695,0,-1,128
3486,445,-10,1609,1609,0,0,-49
3487,599,6,1541,1541,0,0,-209
3489,555,46,1503,1503,0,1,-274
3490,302,60,1524,1524,1,0,-155
3491,-7,58,1545,1545,0,0,19
3492,-59,54,1691,1691,1,0,186
3493,-78,49,1776,1776,0,0,287
3494,-84,44,1782,1782,1,1,284
3495,-32,40,1702,1702,0,1,179
3496,28,39,1584,1584,1,2,9
3497,-28,44,-1591,-1591,2,1,-163
3499,-608,16,-2002,-2002,1,1,-292
3500,-523,-1,-1904,-1904,0,0,-201
3501,-411,-16,-1713,-1713,0,0,-37
3502,-329,-28,-1540,-1540,-1,-1,139
3503,-237,-41,1572,1572,-2,-2,266
3504,57,-49,1717,1717,-1,-1,297
3506,587,-19,1754,1754,-1,0,63
3507,605,-2,1626,1626,1,1,-116
3508,572,21,-1503,-1503,0,0,-254
3509,226,38,-1677,-1677,1,1,-299
3510,-307,26,-1872,-1872,0,1,-236
3511,-339,13,-1754,-1754,0,0,-87
3512,-253,3,-1555,-1555,-1,0,93
3513,-215,-5,1590,1590,0,-1,240
3515,195,-17,1748,1748,-2,-1,250
3516,384,-7,1723,1723,0,1,109
3517,454,3,1602,1602,0,1,-71
3518,540,19,1506,1506,0,0,-226
3519,429,43,-1565,-1565,2,1,-298
3521,-304,29,-1757,-1757,1,0,-129
3522,-209,21,-1554,-1554,-1,0,50
3523,-141,14,1622,1622,0,-1,211
3524,-89,6,1713,1713,0,-1,295
3525,113,2,1772,1772,-1,0,271
3526,366,12,1782,1782,0,0,147
3527,391,22,1650,1650,1,1,-30
3528,389,33,1511,1511,1,1,-197
3529,364,50,-1582,-1582,0,0,-291
3531,-322,47,-1774,-1774,1,0,-163
3532,-293,35,-1602,-1602,0,0,11
3533,-228,25,1577,1577,-1,0,183
3534,-141,15,1700,1700,0,-1,286
3535,112,10,1803,1803,0,-1,284
3536,449,22,1871,1871,0,0,177
3537,498,36,1748,1748,0,1,5
3538,491,51,1613,1613,2,1,-169
3540,-142,73,-1771,-1771,1,1,-289
3541,-611,52,-1904,-1904,2,0,-190
3542,-544,33,-1722,-1722,1,0,-21
3543,-433,17,-1526,-1526,0,-1,156
3544,-330,2,1611,1611,-1,0,275
3545,-56,-10,1735,1735,0,-1,293
3546,462,2,1871,1871,-2,-1,201
3547,591,18,1786,1786,1,-1,35
3549,585,55,1554,1554,1,1,-270
3550,384,77,-1539,-1539,1,0,-295
3551,-175,73,-1713,-1713,1,1,-211
3552,-424,58,-1680,-1680,1,0,-48
3554,-429,23,1581,1581,0,0,264
3555,-220,7,1695,1695,0,0,297
3556,195,9,1813,1813,0,0,219
3557,404,20,1761,1761,0,0,59
3558,402,32,1596,1596,1,0,-122
3559,383,43,-1524,-1524,1,1,-259
3560,244,52,-1618,-1618,1,0,-298
3561,-28,56,-1660,-1660,1,1,-226
3562,-267,48,-1633,-1633,0,0,-69
3563,-299,37,1507,1507,0,-1,114
3564,-198,28,1682,1682,0,0,254
3565,-87,23,1772,1772,0,0,299
3566,37,22,1758,1758,0,0,231
3567,159,23,1661,1661,0,0,77
3568,250,29,1543,1543,1,1,-106
3570,220,45,-1613,-1613,1,1,-299
3571,-18,44,-1666,-1666,1,0,-236
3572,-160,40,-1586,-1586,0,1,-84
3573,-225,34,1551,1551,0,0,99
3575,-180,15,1748,1748,0,1,299
3576,-48,11,1740,1740,0,0,240
3577,93,11,1670,1670,1,1,89
3578,190,14,1538,1538,1,0,-94
3579,254,21,-1573,-1573,0,1,-243
3580,225,32,-1602,-1602,2,2,-299
3581,-138,32,-1721,-1721,0,1,-242
3583,-421,0,-1579,-1579,0,0,91
3584,-310,-11,1604,1604,0,0,241
3585,-214,-20,1682,1682,-1,0,299
3586,-90,-27,1666,1666,-1,0,244
3587,113,-28,1611,1611,0,0,96
3588,292,-20,1528,1528,0,1,-88
3589,310,-12,-1610,-1610,0,0,-239
3590,290,-4,-1646,-1646,1,2,-299
3591,257,3,-1607,-1607,0,0,-245
3592,204,8,1506,1506,-1,0,-97
3593,163,12,1670,1670,0,0,87
3594,158,15,1820,1820,0,0,239
3595,155,19,1880,1880,0,0,299
3596,146,22,1833,1833,0,1,245
3598,118,33,1546,1546,1,2,-88
3599,-104,32,-1693,-1693,1,2,-239
3600,-254,23,-1808,-1808,2,2,-299
3601,-381,11,-1825,-1825,1,1,-245
3602,-530,-7,-1783,-1783,0,0,-96
3604,-424,-39,1537,1537,-1,0,241
3605,-341,-52,1602,1602,0,-1,299
3606,-191,-66,1599,1599,0,0,243
3607,193,-65,1619,1619,-1,0,93
3608,469,-52,1585,1585,1,0,-92
3609,468,-39,-1557,-1557,0,0,-243
3610,436,-26,-1610,-1610,0,1,-299
3611,389,-14,-1567,-1567,0,0,-241
3612,295,-2,1540,1540,0,-1,-89
3613,128,0,1646,1646,0,0,97
3614,89,1,1766,1766,0,-1,246
3616,184,6,1827,1827,0,1,237
3617,204,11,1705,1705,1,1,83
3618,200,16,1545,1545,2,1,-103
3619,162,27,-1587,-1587,1,2,-249
3620,-186,26,-1786,-1786,2,1,-299
3621,-574,7,-1900,-1900,2,2,-233
3622,-654,-14,-1821,-1821,0,0,-76
3624,-485,-52,1516,1516,0,-1,254
3625,-287,-72,1607,1607,-1,-1,299
3626,257,-69,1792,1792,0,0,227
3627,568,-52,1794,1794,0,0,67
3628,595,-35,1635,1635,0,0,-118
3629,576,-17,1510,1510,1,0,-258
3630,497,4,-1551,-1551,0,0,-298
3631,180,14,-1600,-1600,1,1,-221
3632,-111,9,-1576,-1576,1,0,-57
3633,-90,5,1619,1619,1,0,128
3634,-88,1,1736,1736,0,-1,264
3636,-22,-13,1714,1714,1,1,213
3637,209,-7,1657,1657,0,0,46
3638,153,-2,-1525,-1525,1,2,-138
3639,-20,-4,-1719,-1719,2,1,-269
3640,-53,-7,-1755,-1755,1,1,-294
3641,-24,-8,-1665,-1665,0,0,-204
3642,-42,-10,-1516,-1516,0,0,-33
3643,-21,-12,1656,1656,0,-1,150
3645,163,-8,1868,1868,0,0,292
3646,221,-3,1799,1799,0,0,193
3647,229,1,1651,1651,1,1,19
3648,251,8,1511,1511,1,2,-163
3649,211,21,-1603,-1603,1,1,-281
3650,-268,18,-1823,-1823,1,2,-288
3652,-585,-24,-1731,-1731,0,0,-3
3653,-477,-40,-1530,-1530,0,0,176
3654,-387,-55,1578,1578,-1,-1,286
3655,-206,-72,1629,1629,-1,0,283
3656,295,-67,1744,1744,-1,0,167
3657,559,-51,1704,1704,0,0,-14
3658,565,-34,1545,1545,0,0,-190
3659,529,-18,-1539,-1539,1,1,-291
3661,55,5,-1603,-1603,0,0,-151
3662,-132,0,-1517,-1517,0,0,33
3663,-118,-5,1651,1651,0,0,204
3664,-83,-10,1752,1752,0,0,295
3665,-32,-14,1743,1743,0,0,268
3666,63,-16,1670,1670,1,1,134
3667,149,-13,1542,1542,0,2,-53
3668,180,-8,-1591,-1591,1,1,-219
3669,102,-4,-1684,-1684,2,1,-298
3670,-96,-8,-1733,-1733,1,1,-258
3672,-423,-25,-1591,-1591,0,0,74
3673,-403,-39,1533,1533,-1,-1,233
3674,-315,-51,1614,1614,0,-1,299
3675,-194,-62,1605,1605,0,0,245
3676,68,-66,1562,1562,-1,0,93
3677,379,-56,1530,1530,0,0,-96
3678,403,-44,-1590,-1590,1,0,-247
3679,368,-33,-1640,-1640,0,1,-299
3681,268,-15,1535,1535,-1,-1,-69
3682,185,-9,1689,1689,0,0,119
3683,122,-6,1793,1793,-1,0,261
3684,113,-5,1838,1838,1,0,297
3685,141,-2,1781,1781,1,0,214
3686,142,0,1643,1643,1,2,44
3688,118,11,-1628,-1628,2,2,-273
3689,-158,13,-1771,-1771,1,1,-292
3690,-566,-5,-1880,-1880,1,1,-194
3691,-641,-27,-1775,-1775,0,0,-17
3692,-552,-46,-1580,-1580,0,0,166
3693,-446,-68,1556,1556,0,0,283
3694,-70,-80,1699,1699,-1,-1,285
3696,519,-53,1677,1677,0,-1,-11
3697,545,-37,1546,1546,1,1,-189
3698,528,-20,-1549,-1549,0,0,-291
3699,387,0,-1564,-1564,1,1,-275
3700,8,0,-1622,-1622,0,0,-146
3701,-130,-5,1502,1502,1,0,41
3702,-80,-9,1678,1678,0,-1,212
3703,-39,-13,1786,1786,1,0,297
3705,65,-16,1675,1675,1,1,118
3706,97,-14,1505,1505,1,0,-72
3707,20,-15,-1670,-1670,1,2,-233
3708,-67,-18,-1762,-1762,1,2,-299
3709,-79,-21,-1718,-1718,1,0,-243
3710,-131,-20,-1600,-1600,0,0,-88
3711,-323,-32,-1523,-1523,0,0,103
3712,-289,-43,1623,1623,0,0,253
3713,-190,-51,1690,1690,-1,0,298
3714,-69,-57,1662,1662,0,0,222
3716,206,-54,-1551,-1551,0,1,-135
3717,228,-47,-1654,-1654,1,1,-269
3718,195,-42,-1687,-1687,0,1,-293
3719,146,-39,-1620,-1620,0,0,-197
3720,131,-36,1547,1547,0,0,-19
3721,149,-32,1728,1728,0,-1,166
3722,155,-29,1848,1848,0,0,283
3723,160,-25,1853,1853,0,0,284
3724,161,-22,1767,1767,2,1,168
3725,158,-18,1589,1589,0,1,-17
3727,-76,-16,-1753,-1753,2,2,-293
3728,-321,-19,-1846,-1846,1,1,-270
3729,-592,-39,-1874,-1874,0,0,-135
3730,-558,-58,-1699,-1699,0,0,55
3731,-473,-76,-1527,-1527,0,-1,223
3732,-296,-96,1578,1578,-2,-1,299
3733,239,-95,1774,1774,0,-1,250
3734,605,-77,1806,1806,-1,0,98
3736,634,-39,1534,1534,1,1,-248
3737,545,-15,-1529,-1529,0,1,-299
3738,157,-5,-1615,-1615,2,0,-226
3739,-176,-12,-1600,-1600,1,1,-59
3740,-169,-19,1579,1579,0,0,132
3741,-136,-25,1721,1721,0,0,269
3742,-125,-32,1749,1749,1,0,294
3743,-57,-39,1680,1680,0,1,196
3745,101,-34,-1572,-1572,1,2,-169
3746,14,-35,-1731,-1731,1,0,-285
3747,-12,-36,-1744,-1744,0,1,-282
3748,-17,-36,-1626,-1626,1,0,-161
3749,-64,-37,1517,1517,-1,0,26
3750,-109,-42,1659,1659,0,0,203
3752,81,-46,1780,1780,0,0,264
3753,189,-43,1699,1699,0,1,121
3754,250,-36,1558,1558,1,1,-71
3755,255,-29,-1572,-1572,1,2,-234
3756,233,-23,-1630,-1630,2,0,-299
3757,172,-11,-1589,-1589,0,1,-239
3758,-200,-17,-1601,-1601,1,1,-77
3759,-413,-32,-1538,-1538,0,0,115
3760,-336,-44,1622,1622,0,0,261
3761,-224,-54,1683,1683,0,-1,296
3763,183,-61,1604,1604,0,1,30
3764,334,-52,1513,1513,1,1,-158
3765,317,-43,-1608,-1608,0,1,-281
3766,272,-35,-1634,-1634,0,0,-285
3767,225,-27,-1540,-1540,0,0,-169
3768,124,-23,1597,1597,0,0,18
3769,61,-23,1742,1742,0,0,198
3770,131,-21,1869,1869,0,0,294
3771,216,-16,1893,1893,0,1,266
3773,140,0,1587,1587,2,2,-68
3774,-129,-2,-1690,-1690,1,2,-233
3775,-406,-16,-1877,-1877,2,2,-299
3776,-544,-34,-1898,-1898,1,1,-238
3777,-552,-53,-1757,-1757,0,2,-76
3778,-485,-69,-1565,-1565,0,0,118
3779,-410,-84,1587,1587,0,0,263
3780,-327,-97,1613,1613,-1,-1,296
3782,123,-106,1534,1534,0,0,23
3783,351,-96,-1533,-1533,0,1,-165
3784,351,-86,-1648,-1648,0,0,-284
3785,313,-77,-1661,-1661,0,0,-282
3786,261,-69,-1560,-1560,0,0,-159
3787,200,-63,1582,1582,-1,-1,31
3788,133,-60,1721,1721,-1,0,208
3789,88,-58,1783,1783,0,-1,297
3790,98,-57,1762,1762,0,1,258
3791,141,-54,1656,1656,1,1,109
3793,158,-47,-1650,-1650,1,1,-245
3794,128,-39,-1709,-1709,1,0,-299
3795,-68,-38,-1724,-1724,0,1,-225
3796,-267,-48,-1676,-1676,0,-1,-54
3797,-232,-57,1519,1519,0,0,139
3799,-23,-68,1736,1736,0,0,290
3800,114,-69,1681,1681,0,-1,182
3801,261,-63,1572,1572,0,0,-4
3802,287,-55,-1592,-1592,0,0,-189
3803,268,-48,-1686,-1686,1,0,-292
3804,244,-41,-1670,-1670,0,0,-270
3805,222,-34,-1536,-1536,0,0,-131
3806,172,-28,1620,1620,-1,-1,64
3807,135,-24,1767,1767,0,-1,232
3808,113,-21,1831,1831,0,0,299
3809,77,-20,1756,1756,0,0,238
3811,56,-19,-1571,-1571,1,2,-122
3812,58,-15,-1693,-1693,2,0,-266
3813,-111,-14,-1786,-1786,1,1,-294
3814,-388,-27,-1842,-1842,0,0,-195
3815,-428,-42,-1699,-1699,0,0,-11
3816,-350,-55,-1512,-1512,-1,-1,177
3818,-36,-77,1668,1668,-1,-1,275
3819,377,-67,1738,1738,0,-1,142
3820,484,-53,1604,1604,-1,0,-52
3821,498,-39,-1542,-1542,0,0,-225
3822,485,-22,-1601,-1601,0,0,-299
3823,306,-4,-1608,-1608,0,0,-243
3824,-146,-9,-1663,-1663,0,0,-81
3826,-136,-25,1658,1658,-1,0,262
3827,-78,-30,1708,1708,-1,0,295
3828,-10,-35,1647,1647,0,0,199
3829,112,-33,1536,1536,1,0,15
3830,168,-29,-1609,-1609,0,1,-174
3831,146,-26,-1711,-1711,1,1,-288
3832,115,-23,-1703,-1703,0,1,-276
3833,67,-21,-1595,-1595,0,0,-143
3835,-2,-22,1734,1734,0,0,225
3836,42,-22,1817,1817,-1,0,299
3837,59,-22,1778,1778,1,0,242
3838,36,-22,1613,1613,0,1,79
3839,18,-21,-1586,-1586,1,0,-119
3840,-56,-20,-1751,-1751,1,1,-265
3841,-174,-27,-1851,-1851,0,0,-294
3842,-134,-34,-1743,-1743,0,0,-194
3843,-79,-38,-1549,-1549,0,-1,-8
3845,-11,-44,1726,1726,-1,-2,290
3846,44,-45,1719,1719,-1,-1,272
3847,89,-45,1600,1600,-1,0,134
3848,160,-42,-1543,-1543,1,0,-63
3849,186,-37,-1680,-1680,0,1,-232
3850,170,-33,-1748,-1748,0,0,-299
3851,146,-29,-1689,-1689,0,0,-234
3853,63,-23,1639,1639,0,0,132
3854,34,-23,1750,1750,-1,-1,272
3855,28,-24,1770,1770,0,0,291
3856,134,-22,1717,1717,0,0,181
3857,185,-17,1578,1578,1,1,-9
3858,169,-13,-1592,-1592,0,2,-195
3860,-77,-4,-1737,-1737,1,0,-263
3861,-340,-16,-1735,-1735,0,0,-115
3862,-382,-30,-1576,-1576,0,0,84
3863,-318,-42,1579,1579,-1,-1,246
3864,-208,-52,1674,1674,0,0,299
3865,-30,-61,1649,1649,-1,-1,218
3866,269,-54,1622,1622,0,0,40
3868,315,-36,-1637,-1637,1,1,-282
3869,281,-25,-1647,-1647,0,0,-283
3870,117,-15,-1600,-1600,0,-1,-157
3871,-169,-23,-1549,-1549,0,0,38
3872,-139,-30,1619,1619,-1,-1,217
3873,-50,-34,1734,1734,-1,0,299
3875,44,-36,1569,1569,0,0,84
3876,59,-36,-1601,-1601,1,1,-116
3877,61,-35,-1729,-1729,1,1,-264
3878,67,-34,-1758,-1758,0,0,-294
3879,58,-32,-1652,-1652,0,1,-192
3880,30,-32,0,0,-1,-1,-3
3882,29,-33,1758,1758,-1,-1,293
3883,33,-33,1740,1740,0,0,267
3884,24,-34,1602,1602,0,1,121
3885,42,-34,-1566,-1566,1,1,-78
3886,37,-34,-1716,-1716,1,1,-244
3887,22,-34,-1772,-1772,1,0,-299
3889,-19,-34,-1543,-1543,0,0,-41
3890,-51,-38,1612,1612,-1,-1,156
3891,15,-39,1750,1750,-1,-1,283
3892,50,-39,1760,1760,0,-1,282
3893,39,-39,1629,1629,0,0,153
3894,48,-40,-1541,-1541,1,1,-44
3895,77,-39,-1684,-1684,1,1,-222
3897,53,-35,-1699,-1699,1,0,-241
3898,17,-35,-1574,-1574,-1,-1,-73
3899,20,-36,1626,1626,0,0,127
3900,50,-35,1744,1744,-2,-2,270
3901,47,-35,1769,1769,0,0,291
3903,35,-36,-1515,-1515,1,1,-14
3904,53,-36,-1673,-1673,1,1,-201
3905,49,-35,-1762,-1762,0,1,-296
3906,36,-35,-1734,-1734,0,0,-257
3907,31,-33,-1581,-1581,0,0,-100
3908,-23,-36,1569,1569,-1,-1,102
3909,18,-38,1726,1726,-1,-1,258
3911,58,-36,1685,1685,0,0,199
3912,45,-36,1514,1514,1,1,11
3913,62,-36,-1649,-1649,1,1,-181
3914,80,-34,-1734,-1734,1,1,-292
3915,65,-32,-1720,-1720,0,0,-268
3916,-31,-31,-1624,-1624,0,0,-122
3917,-118,-37,1507,1507,-1,-1,80
3919,35,-41,1767,1767,-1,-1,299
3920,63,-40,1702,1702,0,0,215
3921,54,-40,1518,1518,0,0,32
3922,70,-40,-1649,-1649,1,1,-165
3923,98,-38,-1746,-1746,0,1,-286
3925,61,-34,-1607,-1607,0,0,-139
3926,30,-34,1566,1566,0,-1,62
3927,26,-34,1727,1727,-1,0,235
3928,52,-34,1785,1785,-1,-1,299
3929,54,-33,1718,1718,0,0,226
3930,36,-34,1553,1553,1,1,48
3932,50,-34,-1744,-1744,1,0,-282
3933,56,-31,-1734,-1734,0,1,-282
3934,-47,-30,-1657,-1657,0,0,-151
3935,-165,-37,-1535,-1535,0,-1,48
3936,-89,-42,1663,1663,0,-1,226
3937,-10,-45,1751,1751,-1,-1,299
3938,43,-46,1704,1704,0,-1,234
3940,131,-44,-1623,-1623,0,0,-142
3941,178,-40,-1720,-1720,0,1,-278
3942,177,-35,-1722,-1722,0,0,-285
3943,155,-31,-1602,-1602,0,0,-160
3944,127,-27,1578,1578,0,-1,39
3945,107,-24,1736,1736,-2,0,221
3946,86,-22,1810,1810,0,0,299
3948,54,-21,1600,1600,1,2,66
3949,47,-21,-1588,-1588,1,1,-136
3950,43,-18,-1711,-1711,1,1,-276
3951,-106,-17,-1799,-1799,0,0,-287
3952,-309,-28,-1781,-1781,1,0,-164
3953,-254,-38,-1581,-1581,-1,0,35
3955,-121,-53,1697,1697,-1,-1,299
3956,-10,-61,1677,1677,-1,0,240
3957,271,-56,1628,1628,-1,-1,69
3958,379,-46,-1508,-1508,0,0,-134
3959,362,-36,-1635,-1635,1,0,-275
3960,348,-24,-1639,-1639,0,0,-287
3962,-105,-15,-1537,-1537,0,0,35
3963,-108,-21,1633,1633,0,-1,218
3964,-26,-24,1745,1745,-1,0,299
3965,25,-26,1713,1713,0,0,239
3966,102,-24,1583,1583,0,0,66
3967,130,-22,-1581,-1581,1,1,-137
3969,89,-17,-1700,-1700,1,1,-286
3970,53,-16,-1597,-1597,0,0,-160
3971,2,-14,1576,1576,0,0,40
3972,-91,-19,1693,1693,0,-1,222
3973,-19,-22,1799,1799,0,0,299
3974,57,-23,1778,1778,1,0,235
3975,98,-21,1631,1631,0,1,60
3977,94,-18,-1676,-1676,2,1,-279
3978,15,-13,-1721,-1721,0,0,-283
3979,-268,-22,-1744,-1744,0,0,-153
3980,-324,-34,-1596,-1596,0,-1,49
3981,-223,-43,1609,1609,0,-1,229
3982,-120,-49,1693,1693,-2,-1,299
3983,-13,-52,1664,1664,0,-1,228
3984,103,-52,1543,1543,0,0,48
3986,244,-40,-1695,-1695,1,0,-284
3987,217,-34,-1685,-1685,0,1,-278
3988,172,-29,-1565,-1565,0,0,-141
3989,104,-25,1590,1590,-1,-1,63
3990,38,-25,1737,1737,0,0,238
3991,17,-26,1780,1780,-1,0,299
3993,70,-25,1572,1572,0,2,32
3994,63,-24,-1603,-1603,2,1,-168
3995,58,-23,-1712,-1712,1,1,-289
3996,9,-17,-1719,-1719,0,0,-271
3997,-230,-25,-1702,-1702,0,0,-124
3998,-264,-36,-1528,-1528,0,0,82
3999,-176,-43,1659,1659,0,-1,249
4001,-42,-55,1643,1643,0,-1,203
4002,126,-57,1530,1530,0,0,11
4003,298,-49,-1566,-1566,1,0,-186
4004,291,-41,-1671,-1671,0,0,-294
4005,265,-33,-1644,-1644,0,0,-261
4006,231,-25,-1504,-1504,0,-1,-103
4007,132,-18,1653,1653,0,-1,104
4008,-3,-20,1747,1747,0,0,262
4010,83,-20,1724,1724,0,1,184
4011,66,-18,1539,1539,1,1,-14
4012,-45,-20,-1680,-1680,2,1,-205
4013,-198,-21,-1834,-1834,1,1,-298
4014,-479,-36,-1940,-1940,0,0,-246
4015,-514,-53,-1812,-1812,0,0,-76
4017,-348,-81,1524,1524,-2,-2,275
4018,-180,-98,1583,1583,-1,-1,286
4019,381,-91,1718,1718,-1,-1,159
4020,708,-71,1671,1671,-2,-1,-44
4021,727,-49,1530,1530,0,0,-227
4022,683,-24,-1529,-1529,0,0,-299
4024,-17,-5,-1576,-1576,0,0,-44
4025,-83,-9,1587,1587,0,-1,159
4026,-62,-13,1728,1728,0,0,286
4027,-38,-17,1728,1728,0,0,274
4028,8,-20,1617,1617,0,1,129
4029,73,-20,-1528,-1528,2,1,-78
4030,103,-18,-1685,-1685,0,0,-248
4031,43,-16,-1743,-1743,1,1,-297
4032,-80,-20,-1713,-1713,0,0,-201
4033,-132,-25,-1544,-1544,0,1,-7
4035,-36,-30,1772,1772,-1,0,295
4036,5,-32,1750,1750,0,0,256
4037,72,-31,1628,1628,0,1,92
4038,101,-29,-1548,-1548,1,1,-116
4039,97,-25,-1682,-1682,1,1,-269
4040,-36,-22,-1772,-1772,0,0,-290
4041,-235,-31,-1760,-1760,0,0,-169
4043,-270,-52,1572,1572,0,-1,220
4044,-158,-60,1665,1665,-1,-2,299
4045,-9,-67,1665,1665,0,0,231
4046,247,-62,1614,1614,0,0,50
4047,336,-52,-1537,-1537,0,0,-155
4048,322,-43,-1644,-1644,1,1,-285
4049,292,-34,-1630,-1630,0,1,-275
4050,189,-22,-1516,-1516,1,0,-129
4052,-164,-33,1668,1668,0,0,249
4053,-61,-37,1760,1760,0,0,297
4054,31,-38,1702,1702,0,0,198
4055,37,-39,1527,1527,1,1,1
4056,9,-40,-1668,-1668,1,1,-195
4057,-11,-41,-1785,-1785,0,0,-296
4058,-55,-41,-1758,-1758,0,1,-251
4059,-145,-45,-1652,-1652,0,-1,-82
4061,-103,-57,1658,1658,-2,-2,274
4062,0,-60,1703,1703,-1,-1,286
4063,81,-59,1621,1621,0,0,156
4064,114,-59,-1564,-1564,0,0,-51
4065,189,-54,-1702,-1702,0,0,-233
4066,206,-48,-1750,-1750,0,0,-299
4067,162,-43,-1682,-1682,0,0,-218
4068,96,-40,-1537,-1537,-1,-1,-28
4070,2,-41,1708,1708,-2,-2,292
4071,86,-44,1728,1728,0,0,264
4072,323,-36,1696,1696,0,0,104
4073,427,-24,1565,1565,0,1,-106
4074,409,-12,-1558,-1558,2,1,-265
4075,379,0,-1577,-1577,1,0,-291
4076,280,14,1504,1504,0,0,-173
4077,-81,14,1544,1544,0,1,31
4078,-376,0,1585,1585,1,0,220
4080,-197,-21,1680,1680,1,1,229
4081,-133,-26,1533,1533,1,1,44
4082,-157,-34,-1681,-1681,1,1,-162
4083,-119,-39,-1795,-1795,0,1,-288
4084,-71,-38,-1752,-1752,1,0,-270
4086,-352,-56,-1578,-1578,0,-1,94
4087,-269,-66,1592,1592,-1,-1,259
4088,-158,-74,1643,1643,-2,-1,294
4089,30,-82,1586,1586,-1,-2,181
4090,415,-71,1587,1587,0,0,-21
4091,529,-56,-1531,-1531,0,0,-214
4092,512,-41,-1603,-1603,0,0,-299
4094,248,-9,1557,1557,0,0,-51
4095,-87,-14,1603,1603,0,0,157
4096,-120,-20,1715,1715,0,0,287
4097,-80,-24,1716,1716,0,0,272
4098,-31,-28,1606,1606,1,1,120
4099,23,-30,-1541,-1541,2,2,-91
4100,77,-29,-1680,-1680,1,0,-258
4102,-165,-23,-1711,-1711,1,0,-182
4103,-472,-40,-1689,-1689,-1,0,21
4104,-417,-54,1503,1503,0,-1,215
4105,-312,-67,1602,1602,-1,-1,299
4107,160,-80,1538,1538,-1,-1,48
4108,424,-69,-1528,-1528,0,0,-160
4109,447,-56,-1629,-1629,0,0,-288
4110,423,-42,-1616,-1616,0,-1,-270
4111,353,-30,1522,1522,0,0,-115
4112,196,-21,1662,1662,-1,0,98
4113,20,-22,1735,1735,0,-1,261
4114,5,-24,1782,1782,1,1,292
4115,51,-24,1686,1686,0,0,175
4117,83,-17,-1633,-1633,1,1,-222
4118,-97,-16,-1781,-1781,1,1,-299
4119,-315,-27,-1822,-1822,1,0,-225
4120,-371,-38,-1679,-1679,0,0,-35
4121,-493,-55,-1566,-1566,-1,0,171
4122,-453,-72,1543,1543,0,-1,292
4123,-303,-90,1556,1556,-1,0,263
4125,377,-82,-1513,-1513,0,-1,-113
4126,401,-70,-1644,-1644,0,0,-269
4127,398,-58,-1678,-1678,-2,-1,-288
4128,344,-46,-1557,-1557,0,0,-159
4129,249,-38,1600,1600,-1,-1,50
4130,181,-33,1756,1756,0,-1,235
4132,218,-21,1757,1757,0,-1,210
4133,201,-17,1584,1584,1,1,13
4134,223,-13,-1580,-1580,1,1,-190
4135,248,-6,-1648,-1648,1,1,-296
4136,204,0,-1599,-1599,1,1,-250
4137,-38,3,-1542,-1542,0,0,-76
4138,-412,-10,-1518,-1518,0,1,137
4140,-303,-37,1642,1642,0,0,279
4141,-186,-46,1541,1541,0,0,134
4142,-54,-50,-1616,-1616,0,0,-79
4143,68,-49,-1733,-1733,0,0,-252
4144,112,-46,-1744,-1744,0,1,-295
4145,85,-44,-1658,-1658,0,-1,-186
4146,50,-43,1507,1507,-1,-1,18
4148,43,-43,1763,1763,-1,0,299
4149,76,-42,1717,1717,0,0,230
4150,132,-40,1560,1560,0,0,41
4151,166,-36,-1606,-1606,1,1,-168
4152,159,-32,-1708,-1708,1,1,-291
4153,152,-28,-1663,-1663,1,1,-263
4155,88,-23,1680,1680,0,0,116
4156,47,-22,1792,1792,-1,-1,271
4157,32,-23,1810,1810,1,0,286
4158,52,-23,1693,1693,0,1,152
4159,72,-22,-1501,-1501,1,0,-60
4161,-64,-18,-1790,-1790,0,0,-298
4162,-353,-30,-1837,-1837,1,0,-199
4163,-391,-44,-1673,-1673,0,0,3
4164,-293,-55,1540,1540,-1,-1,204
4165,-202,-63,1648,1648,-1,-1,298
4166,-107,-69,1611,1611,-1,-1,238
4168,278,-68,-1600,-1600,0,0,-159
4169,374,-57,-1679,-1679,-1,0,-289
4170,345,-46,-1675,-1675,-1,-1,-267
4171,288,-37,-1525,-1525,0,0,-106
4172,219,-30,1651,1651,-1,-1,110
4173,149,-26,1778,1778,0,-1,269
4174,151,-22,1790,1790,-1,-1,287
4175,200,-17,1697,1697,0,0,155
4177,209,-8,-1634,-1634,1,1,-241
4178,222,-3,-1659,-1659,1,1,-298
4179,195,2,-1560,-1560,1,0,-199
4180,57,5,1575,1575,0,0,4
4181,-128,0,1679,1679,0,0,205
4182,-123,-6,1767,1767,0,0,299
4183,-29,-8,1754,1754,0,1,235
4184,36,-8,1614,1614,1,1,48
4186,27,0,-1685,-1685,1,1,-290
4187,-342,-10,-1847,-1847,1,0,-264
4188,-533,-29,-1791,-1791,0,1,-98
4189,-485,-45,-1578,-1578,0,0,119
4190,-389,-59,1579,1579,-1,-1,273
4192,-87,-83,1537,1537,-1,0,144
4193,320,-75,1526,1526,0,0,-71
4194,453,-61,-1584,-1584,0,-1,-249
4195,432,-48,-1636,-1636,-1,0,-296
4196,389,-36,-1532,-1532,0,0,-186
4197,301,-25,1637,1637,0,-1,22
4199,102,-16,1809,1809,0,0,299
4200,106,-15,1743,1743,0,0,222
4201,146,-12,1613,1613,2,2,26
4202,172,-8,-1560,-1560,1,1,-182
4203,169,1,-1659,-1659,1,0,-295
4204,-59,1,-1720,-1720,0,1,-251
4205,-246,-7,-1645,-1645,0,0,-73
4207,-356,-32,1625,1625,0,0,284
4208,-245,-43,1645,1645,0,-1,274
4209,-70,-51,1563,1563,0,0,118
4210,155,-47,-1535,-1535,0,1,-100
4211,205,-42,-1673,-1673,0,0,-265
4212,182,-37,-1695,-1695,1,0,-289
4213,141,-33,-1585,-1585,0,0,-159
4215,82,-28,1770,1770,0,0,241
4216,76,-26,1817,1817,0,-1,298
4217,70,-25,1714,1714,0,0,195
4218,54,-24,1513,1513,0,1,-11
4219,48,-24,-1670,-1670,2,0,-212
4220,50,-24,-1751,-1751,1,0,-299
4221,29,-23,-1690,-1690,0,0,-226
4222,-98,-26,-1563,-1563,0,0,-32
4223,-146,-33,1596,1596,-1,-1,179
4224,-77,-36,1723,1723,0,-2,295
4225,-29,-37,1704,1704,0,0,252
4227,214,-36,-1568,-1568,0,0,-143
4228,259,-29,-1658,-1658,1,1,-284
4229,231,-22,-1645,-1645,0,1,-272
4230,180,-16,-1508,-1508,0,0,-114
4231,93,-12,1670,1670,0,0,105
4233,22,-16,1815,1815,1,0,287
4234,91,-14,1711,1711,0,0,151
4235,89,-11,1514,1514,1,1,-66
4236,12,-11,-1689,-1689,1,1,-248
4237,-141,-13,-1798,-1798,1,1,-296
4238,-368,-23,-1793,-1793,1,1,-184
4240,-412,-53,1524,1524,-1,-1,223
4241,-327,-65,1616,1616,0,-1,299
4242,-226,-76,1537,1537,-2,-1,214
4243,-40,-84,-1581,-1581,0,0,12
4244,265,-77,-1634,-1634,0,0,-195
4245,344,-66,-1705,-1705,-1,-1,-298
4246,293,-57,-1667,-1667,0,-1,-239
4247,223,-50,-1519,-1519,-1,-1,-50
4249,189,-39,1794,1794,-1,-1,291
4250,175,-38,1757,1757,-1,0,259
4251,339,-33,1679,1679,0,0,86
4252,536,-18,1578,1578,0,0,-133
4253,537,-3,-1527,-1527,1,1,-281
4255,335,32,1584,1584,0,0,-120
4256,-167,27,1581,1581,1,1,100
4257,-419,11,1618,1618,0,1,266
4258,-343,-2,1681,1681,1,1,288
4259,-198,-11,1600,1600,0,0,152
4260,-87,-15,-1554,-1554,1,1,-66
4261,-110,-20,-1731,-1731,1,2,-249
4263,-118,-26,-1683,-1683,0,0,-181
4264,-282,-34,-1566,-1566,0,0,32
4265,-336,-47,1575,1575,0,-1,228
4266,-243,-57,1656,1656,-1,-1,299
4267,-117,-64,1606,1606,0,-1,206
4268,42,-66,-1525,-1525,0,0,0
4270,189,-57,-1745,-1745,0,0,-299
4271,143,-52,-1702,-1702,-1,0,-229
4272,84,-50,-1538,-1538,0,-1,-32
4273,42,-49,1630,1630,-2,-1,181
4274,32,-52,1716,1716,-1,-2,296
4276,519,-38,1749,1749,0,0,64
4277,576,-21,1581,1581,0,0,-155
4278,565,-4,-1525,-1525,0,1,-289
4279,488,19,1508,1508,1,1,-264
4280,66,26,-1516,-1516,0,0,-93
4281,-280,16,1550,1550,1,1,128
4282,-313,5,1683,1683,1,0,280
4283,-351,-8,1644,1644,0,0,277
4285,-55,-25,-1595,-1595,1,1,-101
4286,-17,-26,-1730,-1730,1,1,-268
4287,-110,-31,-1794,-1794,0,1,-286
4288,-112,-35,-1667,-1667,0,0,-146
4289,-83,-38,1547,1547,0,-1,74
4290,-65,-41,1709,1709,-1,-1,254
4292,45,-43,1666,1666,0,0,170
4293,91,-42,-1527,-1527,0,0,-47
4294,91,-40,-1696,-1696,1,1,-238
4295,74,-38,-1764,-1764,0,0,-298
4296,50,-38,-1680,-1680,0,-1,-191
4297,32,-37,1512,1512,-1,0,20
4298,28,-37,1704,1704,0,-1,221
4299,54,-41,1773,1773,-1,-1,299
4301,402,-26,1672,1672,1,0,5
4302,396,-15,-1506,-1506,0,2,-203
4303,382,-2,-1587,-1587,1,0,-299
4304,273,15,-1522,-1522,2,1,-228
4305,-213,10,-1566,-1566,0,0,-29
4306,-503,-7,-1513,-1513,0,0,185
4307,-439,-23,1610,1610,0,0,297
4308,-302,-37,1594,1594,0,-1,243
4310,269,-38,-1535,-1535,0,1,-166
4311,278,-30,-1651,-1651,0,0,-292
4312,233,-22,-1631,-1631,0,0,-255
4313,123,-18,-1511,-1511,0,-1,-75
4314,39,-17,1670,1670,0,0,146
4316,68,-15,1781,1781,0,0,266
4317,73,-15,1617,1617,0,0,96
4318,104,-13,-1557,-1557,2,1,-127
4319,118,-10,-1691,-1691,0,1,-280
4320,90,-7,-1701,-1701,0,0,-275
4321,-8,-8,-1591,-1591,0,0,-116
4322,-80,-12,1593,1593,0,0,108
4323,-5,-14,1759,1759,-2,-1,272
4325,81,-11,1671,1671,0,0,135
4326,87,-10,-1547,-1547,0,0,-89
4327,111,-8,-1706,-1706,0,0,-263
4328,110,-5,-1708,-1708,1,1,-289
4329,81,-4,-1585,-1585,0,0,-151
4330,59,-3,1605,1605,-1,-1,70
4331,55,-2,1779,1779,0,-1,253
4332,55,-2,1823,1823,0,0,293
4333,70,-1,1707,1707,0,0,167
4334,86,0,1507,1507,0,1,-53
4335,91,0,-1648,-1648,2,1,-243
4337,58,5,-1590,-1590,0,0,-181
4338,-97,1,1546,1546,0,0,36
4339,-171,-5,1696,1696,0,0,233
4340,-99,-10,1786,1786,0,0,298
4341,25,-11,1746,1746,0,1,194
4342,116,-7,1596,1596,1,1,-19
4343,77,-2,-1609,-1609,1,1,-223
4344,-86,-4,-1753,-1753,1,1,-299
4346,-402,-26,-1625,-1625,0,0,4
4347,-384,-40,1558,1558,-1,0,212
4348,-280,-51,1678,1678,0,0,299
4349,-166,-59,1626,1626,0,-1,216
4350,-29,-63,-1512,-1512,0,1,9
4351,110,-61,-1658,-1658,0,0,-202
4352,138,-57,-1743,-1743,0,0,-299
4354,44,-53,-1523,-1523,0,-1,-23
4355,20,-54,1659,1659,-2,0,192
4356,32,-53,1764,1764,0,-1,298
4357,40,-53,1707,1707,0,0,234
4358,60,-53,1521,1521,0,0,35
4359,104,-51,-1671,-1671,0,0,-182
4360,99,-49,-1754,-1754,2,1,-297
4361,64,-48,-1716,-1716,0,0,-241
4362,25,-48,-1543,-1543,0,0,-47
4364,29,-48,1788,1788,-1,0,295
4365,38,-48,1744,1744,0,0,247
4366,41,-48,1565,1565,1,0,57
4367,46,-48,-1646,-1646,0,1,-165
4368,45,-48,-1756,-1756,1,1,-293
4369,30,-47,-1709,-1709,1,1,-253
4370,17,-48,-1538,-1538,0,0,-67
4372,-22,-50,1760,1760,-1,-1,291
4373,15,-50,1743,1743,0,0,257
4374,51,-50,1590,1590,1,0,76
4375,54,-49,-1625,-1625,0,1,-149
4376,43,-48,-1773,-1773,0,0,-289
4377,-41,-50,-1770,-1770,1,1,-262
4378,-122,-55,-1660,-1660,-1,-1,-83
4379,-81,-58,1571,1571,0,-1,142
4381,-15,-62,1687,1687,-1,-1,265
4382,38,-62,1543,1543,0,0,90
4383,59,-62,-1667,-1667,0,0,-136
4384,48,-61,-1808,-1808,1,0,-285
4385,34,-61,-1795,-1795,0,0,-268
4386,19,-61,-1639,-1639,-1,0,-96
4388,-22,-64,1686,1686,-2,-1,283
4389,19,-69,1686,1686,0,-1,270
4390,238,-64,1634,1634,0,0,101
4391,368,-54,-1514,-1514,0,0,-126
4392,349,-44,-1653,-1653,0,1,-281
4394,242,-25,1504,1504,0,0,-105
4395,104,-21,1671,1671,0,0,123
4396,-4,-23,1766,1766,0,-1,280
4397,-4,-25,1770,1770,0,1,274
4398,29,-25,1640,1640,1,1,108
4399,40,-25,-1564,-1564,1,1,-120
4400,-50,-21,-1749,-1749,1,1,-279
4401,-394,-31,-1927,-1927,0,0,-275
4403,-504,-68,-1638,-1638,-1,-1,118
4404,-412,-83,1529,1529,-1,-1,278
4405,-317,-97,1547,1547,-1,0,275
4406,-71,-109,-1517,-1517,0,-1,112
4407,406,-98,-1535,-1535,-2,-1,-117
4409,538,-63,-1613,-1613,-1,-1,-276
4410,465,-48,1530,1530,-1,0,-112
4411,356,-36,1580,1580,-1,-2,0
4412,279,-28,1544,1544,-1,-1,0
4413,290,-20,1550,1550,-1,-1,0
4414,279,-12,1568,1568,0,0,0
4415,237,-5,1566,1566,0,0,0
4417,193,2,1582,1582,0,1,0
4418,207,7,1598,1598,0,0,0
4419,194,12,1621,1621,1,1,0
4420,166,17,1623,1623,0,1,0
4421,88,19,1597,1597,0,1,0
4422,-50,19,1560,1560,2,1,0
4423,-214,14,-1521,-1521,0,1,0
4424,-292,3,-1557,-1557,1,1,0
4425,-212,-4,-1525,-1525,0,1,0
4426,-190,-11,-1530,-1530,0,0,0
4427,-186,-20,-1543,-1543,0,0,0
4428,-79,-25,-1504,-1504,0,0,0
4429,43,-25,1549,1549,0,0,0
4430,109,-22,1568,1568,-1,0,0
4431,80,-21,1553,1553,0,0,0
4432,54,-20,1539,1539,0,0,0
4433,51,-19,1548,1548,0,1,0
4434,31,-18,1547,1547,1,0,0
4435,-5,-20,1524,1524,0,0,0
4436,14,-21,1539,1539,0,1,0
4438,-25,-22,1530,1530,1,0,0
4439,-67,-25,1511,1511,0,1,0
4440,-115,-30,-1524,-1524,0,0,0
4441,-115,-34,-1513,-1513,2,0,0
4442,-105,-38,-1510,-1510,0,1,0
4443,-110,-43,-1525,-1525,0,0,0
4444,-63,-48,-1514,-1514,0,0,0
4445,51,-48,1525,1525,0,-1,0
4446,120,-45,1557,1557,0,0,0
4447,120,-42,1557,1557,0,0,0
4448,91,-40,1543,1543,0,0,0
4449,72,-39,1534,1534,0,0,0
4450,65,-38,1530,1530,0,0,0
4451,21,-38,1518,1518,1,0,0
4452,-21,-39,1503,1503,0,1,0
4453,-40,-40,-1501,-1501,1,0,0
4455,-75,-48,-1533,-1533,0,0,0
4456,-53,-51,-1529,-1529,0,0,0
4457,-18,-53,-1518,-1518,0,0,0
4458,57,-53,1507,1507,0,-1,0
4459,95,-50,1528,1528,0,0,0
4460,71,-48,1517,1517,0,0,0
4461,47,-48,1505,1505,0,0,0
4462,49,-48,1507,1507,0,0,0
4463,43,-47,1504,1504,0,0,0
4464,38,-47,1501,1501,0,0,0
4465,44,-47,1504,1504,0,0,0
4466,52,-46,1508,1508,0,0,0
4467,41,-46,1504,1504,0,0,0
4468,29,-46,1518,1518,1,1,0
4469,5,-47,1502,1502,0,0,0
4470,2,-48,-1503,-1503,0,0,0
4471,26,-46,1508,1508,0,0,0
4472,-35,-47,-1514,-1514,0,1,0
4473,-83,-52,-1545,-1545,0,0,0
4474,4,-55,-1509,-1509,0,0,0
4475,65,-53,0,0,-1,-1,0
4476,40,-53,-1510,-1510,0,0,0
4477,7,-53,-1526,-1526,0,0,0
4478,8,-54,-1525,-1525,0,0,0
4479,24,-54,-1536,-1536,-1,-1,0
4480,21,-54,-1534,-1534,0,0,0
4481,9,-55,-1547,-1547,-1,0,0
4482,3,-56,-1556,-1556,0,-1,0
4483,8,-57,-1570,-1570,0,-2,0
4484,17,-57,-1579,-1579,-2,0,0
4485,25,-58,-1576,-1576,0,-1,0
4486,74,-61,-1566,-1566,-1,-1,0
4487,272,-54,1526,1526,-1,-1,0
4488,345,-43,1573,1573,0,-1,0
4489,309,-35,1546,1546,-2,-1,0
4490,298,-27,1563,1563,0,0,0
4491,307,-18,1578,1578,0,-1,0
4492,269,-10,1579,1579,0,0,0
4493,220,-4,1572,1572,0,0,0
4494,174,0,1562,1562,0,0,0
4495,131,3,1552,1552,0,0,0
4496,84,6,1538,1538,0,0,0
4497,40,5,1550,1550,2,1,0
4498,34,5,1547,1547,0,0,0
4499,54,5,1566,1566,1,0,0
4500,62,6,1569,1569,0,0,0
4501,59,7,1587,1587,1,1,0
4502,65,8,1585,1585,0,0,0
4503,58,9,1620,1620,2,2,0
4505,-140,3,1522,1522,1,1,0
4506,-148,0,1526,1526,1,1,0
4507,-259,-6,-1525,-1525,1,1,0
4508,-346,-18,-1571,-1571,1,1,0
4509,-320,-30,-1573,-1573,0,1,0
4510,-266,-40,-1560,-1560,1,0,0
4511,-173,-48,-1535,-1535,0,0,0
4512,-57,-52,1506,1506,0,0,0
4513,49,-52,1548,1548,0,0,0
4514,92,-50,1563,1563,0,0,0
4515,75,-48,1551,1551,0,0,0
4516,52,-47,1535,1535,0,0,0
4517,25,-47,1517,1517,0,0,0
4518,-8,-48,1509,1509,0,1,0
4519,-55,-50,-1511,-1511,1,0,0
4520,-63,-53,-1525,-1525,0,0,0
4521,-51,-56,-1525,-1525,0,0,0
4523,-8,-62,-1517,-1517,0,0,0
4524,86,-60,1527,1527,0,0,0
4525,77,-57,1513,1513,0,-1,0
4526,34,-58,-1508,-1508,0,0,0
4527,34,-58,-1509,-1509,0,0,0
4528,42,-57,-1505,-1505,0,0,0
4529,25,-57,-1523,-1523,0,-1,0
4530,18,-58,-1526,-1526,0,0,0
4531,38,-58,-1535,-1535,-1,-1,0
4532,41,-57,-1538,-1538,0,-1,0
4533,24,-58,-1543,-1543,0,0,0
4534,18,-58,-1550,-1550,0,-1,0
4535,29,-58,-1550,-1550,-1,0,0
4536,46,-60,-1549,-1549,0,-1,0
4537,142,-58,-1505,-1505,-1,0,0
4538,197,-52,1505,1505,-1,-2,0
4540,127,-47,-1523,-1523,0,-1,0
4541,215,-41,1524,1524,-1,0,0
4542,289,-33,1568,1568,0,-1,0
4543,250,-26,1556,1556,0,-1,0
4544,249,-21,1560,1560,0,-1,0
4545,314,-12,1610,1610,0,0,0
4546,290,-4,1626,1626,0,1,0
4547,246,3,1617,1617,0,0,0
4548,202,8,1625,1625,1,1,0
4549,156,13,1627,1627,1,1,0
4550,82,15,1592,1592,0,0,0
4551,-73,12,1544,1544,2,1,0
4552,-189,6,-1515,-1515,0,1,0
4553,-191,0,-1510,-1510,1,1,0
4554,-172,-3,1508,1508,1,1,0
4555,-285,-12,-1566,-1566,0,0,0
4556,-293,-24,-1579,-1579,0,1,0
4557,-209,-31,-1545,-1545,1,0,0
4558,-190,-39,-1553,-1553,0,0,0
4559,-145,-46,-1546,-1546,0,0,0
4560,-33,-49,-1511,-1511,-1,0,0
4561,64,-49,1532,1532,0,0,0
4562,99,-47,1547,1547,0,0,0
4563,83,-45,1539,1539,0,0,0
4564,56,-44,1525,1525,0,0,0
4565,46,-44,1518,1518,0,0,0
4566,48,-44,1517,1517,0,0,0
4567,49,-43,1547,1547,2,1,0
4568,25,-43,1530,1530,0,0,0
4569,-30,-45,1506,1506,0,1,0
4570,-23,-47,1522,1522,1,1,0
4571,-3,-47,1524,1524,0,0,0
4572,-33,-47,1513,1513,0,1,0
4573,-121,-50,-1529,-1529,1,0,0
4574,-175,-58,-1570,-1570,0,0,0
4575,-119,-63,-1544,-1544,0,1,0
4576,-108,-68,-1551,-1551,0,0,0
4577,-41,-72,-1528,-1528,0,0,0
4578,66,-71,0,0,-1,-1,0
4579,88,-68,1512,1512,0,0,0
4580,46,-68,-1509,-1509,0,0,0
4581,25,-68,-1531,-1531,-1,0,0
4582,32,-68,-1536,-1536,0,-1,0
4583,22,-68,-1538,-1538,0,0,0
4584,6,-69,-1563,-1563,-1,-1,0
4585,22,-69,-1561,-1561,-1,0,0
4586,30,-69,-1572,-1572,0,-2,0
4587,14,-70,-1582,-1582,-1,0,0
4588,17,-72,-1585,-1585,0,-1,0
4589,107,-73,-1554,-1554,-1,-1,0
4590,317,-64,1545,1545,-1,-1,0
4591,357,-53,1565,1565,-1,-1,0
4592,324,-44,1552,1552,-1,-1,0
4593,318,-36,1570,1570,0,0,0
4594,358,-26,1601,1601,0,-1,0
4595,331,-16,1609,1609,0,0,0
4596,287,-8,1604,1604,0,0,0
4597,242,-1,1597,1597,0,0,0
4598,200,4,1600,1600,1,0,0
4599,153,8,1595,1595,0,1,0
4600,61,10,1574,1574,2,0,0
4601,-88,6,-1502,-1502,0,0,0
4602,-132,0,-1510,-1510,1,1,0
4603,-65,-2,1515,1515,0,0,0
4604,-40,-4,1521,1521,0,0,0
4605,-47,-7,1513,1513,0,0,0
4606,13,-8,1548,1548,1,0,0
4607,39,-7,1566,1566,0,1,0
4608,-16,-9,1535,1535,0,0,0
4609,-14,-10,1550,1550,1,1,0
4610,1,-11,1561,1561,1,0,0
4611,-37,-13,1544,1544,0,1,0
4612,-73,-15,1527,1527,1,0,0
4613,-132,-19,-1502,-1502,0,1,0
4614,-165,-25,-1512,-1512,1,1,0
4615,-152,-31,-1512,-1512,0,1,0
4616,-153,-37,-1528,-1528,0,0,0
4617,-107,-42,-1519,-1519,0,0,0
4618,-3,-44,1522,1522,0,0,0
4619,55,-44,1544,1544,0,0,0
4620,81,-43,1542,1542,-1,0,0
4621,99,-41,1550,1550,0,0,0
4622,80,-39,1560,1560,1,1,0
4623,53,-38,1545,1545,0,0,0
4624,5,-38,1517,1517,0,0,0
4625,-38,-40,-1509,-1509,0,0,0
4626,-23,-42,-1506,-1506,0,0,0
4627,-30,-43,-1503,-1503,0,1,0
4628,-44,-47,-1517,-1517,0,0,0
4629,28,-48,1503,1503,0,-1,0
4630,101,-46,1539,1539,0,0,0
4631,93,-43,1526,1526,-1,0,0
4632,61,-43,1513,1513,0,0,0
4633,47,-43,1518,1518,1,0,0
4634,52,-42,1520,1520,0,0,0
4635,53,-41,1530,1530,0,1,0
4636,52,-41,1528,1528,0,0,0
4637,45,-39,1524,1524,0,0,0
4638,-21,-40,-1511,-1511,0,0,0
4639,-55,-43,-1531,-1531,0,0,0
4640,-12,-45,-1512,-1512,0,0,0
4641,-24,-47,-1521,-1521,0,0,0
4642,9,-49,-1509,-1509,0,0,0
4643,95,-46,1534,1534,0,0,0
4644,82,-44,1530,1530,0,0,0
4645,42,-44,-1509,-1509,-1,-1,0
4646,32,-45,-1512,-1512,0,0,0
4647,40,-44,-1505,-1505,0,0,0
4648,29,-44,-1508,-1508,0,0,0
4649,20,-44,-1512,-1512,0,0,0
4650,36,-44,-1502,-1502,0,0,0
4651,38,-44,-1520,-1520,-1,-1,0
4652,20,-44,-1534,-1534,0,-1,0
4653,16,-45,-1541,-1541,0,-1,0
4654,24,-45,-1543,-1543,-1,0,0
4655,32,-45,-1552,-1552,-1,-1,0
4656,38,-47,-1543,-1543,0,0,0
4657,111,-46,-1521,-1521,-1,-1,0
4658,188,-41,1520,1520,0,-1,0
4659,229,-35,1535,1535,-1,-1,0
4660,245,-29,1559,1559,0,0,0
4661,259,-22,1571,1571,0,-1,0
4662,272,-14,1595,1595,0,0,0
4663,231,-7,1589,1589,0,0,0
4664,185,-2,1579,1579,0,0,0
4665,139,1,1565,1565,0,0,0
4666,94,3,1570,1570,1,1,0
4667,75,3,1561,1561,0,0,0
4668,85,5,1578,1578,1,0,0
4669,76,7,1595,1595,1,1,0
4670,-26,6,1562,1562,1,1,0
4671,-134,0,1517,1517,1,1,0
4672,-92,-3,1536,1536,0,1,0
4673,-60,-4,1561,1561,1,1,0
4674,-181,-7,1521,1521,2,1,0
4675,-333,-19,-1568,-1568,0,1,0
4676,-279,-29,-1545,-1545,1,1,0
4677,-261,-39,-1558,-1558,0,0,0
4678,-275,-49,-1577,-1577,0,1,0
4679,-189,-57,-1555,-1555,0,0,0
4680,-71,-62,-1512,-1512,0,0,0
4681,44,-62,1534,1534,0,0,0
4682,107,-59,1551,1551,0,-1,0
4683,89,-57,1541,1541,0,0,0
4684,61,-57,1524,1524,0,0,0
4685,60,-56,1521,1521,0,0,0
4686,61,-55,1530,1530,0,1,0
4687,43,-55,1518,1518,0,0,0
4688,37,-55,1522,1522,0,1,0
4689,44,-53,1533,1533,1,0,0
4690,-17,-52,1510,1510,0,1,0
4691,-106,-57,-1544,-1544,0,0,0
4692,-130,-63,-1555,-1555,0,1,0
4693,-116,-66,-1547,-1547,1,0,0
4694,-151,-72,-1576,-1576,0,0,0
4695,-101,-77,-1573,-1573,-1,0,0
4696,-6,-79,-1531,-1531,0,0,0
4697,41,-80,-1512,-1512,0,0,0
4698,50,-78,-1518,-1518,0,-1,0
4699,17,-78,-1544,-1544,-1,0,0
4700,-8,-80,-1555,-1555,0,0,0
4701,2,-81,-1550,-1550,0,0,0
4702,17,-81,-1562,-1562,-1,-1,0
4703,5,-81,-1575,-1575,-1,0,0
4704,-9,-83,-1597,-1597,-1,-1,0
4705,-10,-84,-1612,-1612,-1,-1,0
4706,19,-86,-1610,-1610,-1,-1,0
4707,98,-84,-1570,-1570,-1,0,0
4708,189,-83,-1535,-1535,-1,-1,0
4709,381,-73,1548,1548,-1,-2,0
4710,440,-60,1584,1584,-1,-1,0
4711,391,-49,1557,1557,-2,-1,0
4712,396,-38,1587,1587,0,0,0
4713,394,-27,1592,1592,-1,-1,0
4714,349,-16,1596,1596,0,0,0
4715,305,-8,1596,1596,0,0,0
4716,262,-1,1603,1603,0,1,0
4717,219,4,1605,1605,1,0,0
4718,172,9,1601,1601,0,1,0
4719,125,12,1605,1605,1,1,0
4720,68,14,1588,1588,1,0,0
4721,-8,16,1570,1570,0,2,0
4722,-192,11,-1506,-1506,1,1,0
4723,-317,0,-1565,-1565,1,1,0
4724,-265,-10,-1559,-1559,0,0,0
4725,-244,-19,-1556,-1556,0,1,0
4726,-202,-28,-1541,-1541,1,0,0
4727,-115,-33,-1514,-1514,0,0,0
4728,-17,-36,1513,1513,-1,0,0
4729,74,-35,1553,1553,0,0,0
4730,102,-32,1565,1565,0,0,0
4731,82,-31,1564,1564,1,0,0
4732,55,-30,1558,1558,1,0,0
4733,48,-30,1561,1561,0,1,0
4734,38,-28,1552,1552,0,0,0
4735,-52,-29,1522,1522,1,1,0
4736,-151,-36,-1539,-1539,0,0,0
4737,-124,-40,-1516,-1516,1,1,0
4738,-128,-43,-1529,-1529,0,0,0
4739,-186,-51,-1572,-1572,0,0,0
4740,-116,-58,-1549,-1549,0,0,0
4741,2,-60,0,0,0,0,0
4742,84,-59,1537,1537,0,0,0
4743,87,-57,1527,1527,-1,0,0
4744,55,-56,1511,1511,0,0,0
4745,42,-55,1504,1504,0,0,0
4746,49,-55,1507,1507,0,0,0
4747,52,-54,1508,1508,0,0,0
4748,33,-53,1519,1519,1,1,0
4749,3,-55,0,0,0,0,0
4750,23,-56,1506,1506,0,0,0
4751,48,-54,1516,1516,0,0,0
4752,22,-55,1501,1501,0,0,0
4753,7,-57,-1510,-1510,0,0,0
4754,26,-56,-1501,-1501,0,0,0
4755,14,-56,-1509,-1509,0,0,0
4756,9,-58,-1524,-1524,0,-1,0
4757,62,-57,1503,1503,0,0,0
4758,72,-55,1511,1511,0,0,0
4759,39,-55,-1505,-1505,0,0,0
4760,23,-56,-1513,-1513,0,0,0
4761,37,-55,-1515,-1515,-1,0,0
4762,42,-55,-1520,-1520,0,-1,0
4763,39,-55,-1519,-1519,0,0,0
4764,40,-55,-1516,-1516,0,0,0
4765,39,-54,-1524,-1524,-1,0,0
4766,33,-54,-1523,-1523,0,0,0
4767,32,-54,-1531,-1531,-1,0,0
4768,37,-54,-1534,-1534,-1,0,0
4769,36,-54,-1531,-1531,0,0,0
4770,34,-54,-1536,-1536,-1,0,0
4771,64,-53,-1525,-1525,0,-1,0
4772,79,-52,-1522,-1522,-1,0,0
4773,81,-51,-1513,-1513,0,0,0
4774,110,-49,-1513,-1513,-1,-1,0
4775,160,-45,1503,1503,-1,-1,0
4776,172,-41,1511,1511,-1,0,0
4777,181,-37,1530,1530,0,0,0
4778,191,-32,1547,1547,0,0,0
4779,183,-27,1554,1554,0,0,0
4780,143,-24,1544,1544,0,0,0
4781,99,-22,1529,1529,0,0,0
4782,57,-21,1513,1513,0,0,0
4783,46,-21,1531,1531,1,1,0
4784,68,-20,1552,1552,0,1,0
4785,86,-18,1581,1581,2,0,0
4786,73,-17,1581,1581,0,1,0
4787,54,-16,1567,1567,0,0,0
4788,46,-14,1581,1581,1,1,0
4789,-37,-12,1557,1557,1,1,0
4790,-203,-20,-1520,-1520,1,1,0
4791,-219,-29,-1526,-1526,1,1,0
4792,-245,-38,-1541,-1541,1,1,0
4793,-254,-48,-1567,-1567,0,0,0
4794,-234,-54,-1565,-1565,1,0,0
4795,-246,-65,-1591,-1591,0,0,0
4796,-151,-72,-1562,-1562,0,0,0
4797,-30,-74,-1523,-1523,-1,0,0
4798,41,-74,-1503,-1503,0,-1,0
4799,71,-73,1509,1509,0,0,0
4800,81,-71,-1506,-1506,-1,-1,0
4801,53,-69,-1516,-1516,0,0,0
4802,22,-70,-1540,-1540,0,-1,0
4803,16,-70,-1552,-1552,0,-1,0
4804,25,-71,-1563,-1563,-1,-1,0
4805,48,-71,-1556,-1556,-1,0,0
4806,79,-71,-1544,-1544,0,-1,0
4807,159,-69,-1508,-1508,-1,0,0
4808,242,-62,1537,1537,0,-1,0
4809,234,-55,1527,1527,-1,-1,0
4810,255,-49,1543,1543,0,-1,0
4811,278,-41,1571,1571,0,0,0
4812,253,-34,1574,1574,0,0,0
4813,204,-28,1563,1563,0,0,0
4814,156,-24,1550,1550,0,0,0
4815,109,-21,1534,1534,0,0,0
4816,58,-20,1525,1525,0,1,0
4817,24,-20,1520,1520,1,0,0
4818,38,-21,1528,1528,0,0,0
4819,69,-19,1562,1562,1,1,0
4820,65,-18,1568,1568,0,1,0
4821,51,-18,1587,1587,2,1,0
4822,55,-17,1592,1592,1,0,0
4823,35,-15,1587,1587,0,1,0
4824,-132,-15,1518,1518,1,1,0
4825,-388,-29,-1609,-1609,1,1,0
4826,-333,-43,-1587,-1587,1,1,0
4827,-215,-50,-1530,-1530,1,1,0
4828,-240,-57,-1563,-1563,0,0,0
4829,-271,-68,-1601,-1601,0,0,0
4830,-165,-76,-1567,-1567,0,0,0
4831,-41,-79,-1529,-1529,-1,0,0
4832,55,-78,1503,1503,0,-1,0
4833,73,-76,1501,1501,-1,0,0
4834,43,-76,-1534,-1534,-1,-1,0
4835,13,-76,-1547,-1547,0,0,0
4836,15,-77,-1545,-1545,0,0,0
4837,13,-77,-1573,-1573,-1,-2,0
4838,11,-78,-1579,-1579,-1,0,0
4839,46,-78,-1566,-1566,0,-1,0
4840,85,-78,-1550,-1550,-1,0,0
4841,198,-76,-1507,-1507,-1,-1,0
4842,337,-66,1559,1559,-1,-1,0
4843,312,-56,1557,1557,0,-1,0
4844,272,-49,1545,1545,-1,0,0
4845,270,-42,1553,1553,0,-1,0
4846,246,-35,1558,1558,0,0,0
4847,202,-29,1551,1551,0,0,0
4848,152,-25,1548,1548,0,1,0
4849,99,-22,1540,1540,1,0,0
4850,40,-21,1515,1515,0,0,0
4851,11,-22,1512,1512,0,1,0
4852,31,-23,1541,1541,1,1,0
4853,60,-22,1552,1552,0,0,0
4854,51,-21,1576,1576,2,1,0
4855,38,-21,1564,1564,0,0,0
4856,31,-19,1577,1577,1,1,0
4857,-88,-18,1532,1532,1,1,0
4858,-309,-30,-1574,-1574,1,1,0
4859,-317,-42,-1582,-1582,1,1,0
4860,-245,-52,-1558,-1558,1,0,0
4861,-206,-58,-1548,-1548,0,1,0
4862,-217,-66,-1573,-1573,0,0,0
4863,-165,-74,-1565,-1565,0,0,0
4864,-48,-78,-1521,-1521,0,0,0
4865,55,-77,1502,1502,-1,-1,0
4866,78,-75,1513,1513,0,0,0
4867,44,-74,-1525,-1525,-1,-1,0
4868,13,-75,-1550,-1550,-1,0,0
4869,20,-75,-1544,-1544,0,0,0
4870,20,-75,-1562,-1562,-1,-1,0
4871,13,-76,-1570,-1570,0,-1,0
4872,19,-77,-1582,-1582,-1,-1,0
4873,55,-76,-1557,-1557,0,0,0
4874,88,-77,-1554,-1554,-1,-1,0
4875,202,-74,-1509,-1509,-1,-1,0
4876,337,-64,1555,1555,-1,-1,0
4877,324,-54,1560,1560,0,-1,0
4878,283,-46,1549,1549,-1,0,0
4879,275,-39,1565,1565,0,0,0
4880,262,-31,1565,1565,0,-1,0
4881,219,-25,1559,1559,0,0,0
4882,170,-21,1558,1558,0,1,0
4883,118,-18,1540,1540,0,0,0
4884,63,-16,1520,1520,0,0,0
4885,17,-17,1511,1511,0,1,0
4886,18,-18,1522,1522,1,0,0
4887,52,-17,1537,1537,0,0,0
4888,58,-16,1561,1561,1,1,0
4889,45,-16,1562,1562,0,1,0
4890,50,-16,1590,1590,2,1,0
4891,45,-15,1580,1580,0,0,0
4892,-15,-12,1569,1569,1,1,0
4893,-244,-20,-1528,-1528,1,2,0
4894,-324,-32,-1580,-1580,1,0,0
4895,-267,-42,-1555,-1555,1,1,0
4896,-223,-49,-1554,-1554,0,0,0
4897,-218,-58,-1570,-1570,0,0,0
4898,-143,-65,-1550,-1550,0,0,0
4899,-27,-68,-1506,-1506,0,0,0
4900,71,-67,1527,1527,-1,0,0
4901,90,-65,1524,1524,-1,0,0
4902,57,-63,-1503,-1503,0,-1,0
4903,29,-64,-1516,-1516,0,0,0
4904,34,-64,-1513,-1513,0,0,0
4905,43,-63,-1528,-1528,-1,-1,0
4906,33,-63,-1530,-1530,0,0,0
4907,37,-63,-1535,-1535,0,-1,0
4908,42,-63,-1539,-1539,-1,0,0
4909,33,-63,-1548,-1548,0,-1,0
4910,46,-63,-1545,-1545,-1,0,0
4911,89,-62,-1538,-1538,-1,-1,0
4912,130,-61,-1510,-1510,0,0,0
4913,220,-55,1526,1526,-1,-1,0
4914,265,-48,1553,1553,0,-1,0
4915,268,-40,1561,1561,-1,0,0
4916,240,-33,1553,1553,0,-1,0
4917,201,-28,1550,1550,0,0,0
4918,157,-24,1540,1540,0,0,0
4919,108,-21,1526,1526,0,0,0
4920,60,-20,1528,1528,1,1,0
4921,26,-20,1514,1514,0,0,0
4922,40,-20,1532,1532,1,0,0
4923,70,-19,1555,1555,0,1,0
4924,63,-18,1571,1571,1,1,0
4925,54,-18,1583,1583,1,1,0
4926,60,-17,1589,1589,1,0,0
4927,64,-16,1605,1605,1,1,0
4928,33,-14,1593,1593,0,1,0
4929,-141,-14,1530,1530,2,1,0
4930,-381,-28,-1592,-1592,1,1,0
4931,-328,-41,-1582,-1582,0,1,0
4932,-258,-50,-1549,-1549,1,1,0
4933,-295,-59,-1590,-1590,0,0,0
4934,-282,-70,-1587,-1587,1,1,0
4935,-168,-78,-1553,-1553,0,0,0
4936,-43,-82,-1527,-1527,-1,-1,0
4937,58,-81,1516,1516,0,0,0
4938,81,-78,1515,1515,0,-1,0
4939,48,-78,-1503,-1503,0,0,0
4940,21,-78,-1519,-1519,0,0,0
4941,26,-78,-1519,-1519,0,0,0
4942,24,-78,-1522,-1522,0,0,0
4943,12,-79,-1529,-1529,0,0,0
4944,23,-79,-1535,-1535,0,-1,0
4945,31,-79,-1530,-1530,0,0,0
4946,16,-80,-1548,-1548,-1,0,0
4947,6,-80,-1561,-1561,0,-1,0
4948,7,-81,-1568,-1568,0,-1,0
4949,13,-82,-1580,-1580,-1,-1,0
4950,26,-83,-1590,-1590,-1,-1,0
4951,102,-84,-1555,-1555,-1,0,0
4952,236,-78,1504,1504,-1,-1,0
4953,281,-70,1523,1523,-1,-1,0
4954,269,-62,1526,1526,0,-1,0
4955,304,-54,1543,1543,-1,-1,0
4956,330,-44,1568,1568,-1,0,0
4957,288,-36,1568,1568,0,0,0
4958,240,-29,1562,1562,0,0,0
4959,193,-23,1563,1563,1,0,0
4960,146,-19,1559,1559,1,0,0
4961,97,-17,1551,1551,0,1,0
4962,69,-17,1549,1549,1,0,0
4963,54,-16,1553,1553,0,1,0
4964,4,-16,1547,1547,1,1,0
4965,-48,-19,1525,1525,0,1,0
4966,-72,-23,1524,1524,2,0,0
4967,-78,-25,1520,1520,0,1,0
4968,-111,-26,1516,1516,1,1,0
4969,-259,-34,-1563,-1563,0,1,0
4970,-309,-45,-1587,-1587,1,1,0
4971,-246,-55,-1577,-1577,0,0,0
4972,-237,-64,-1581,-1581,0,1,0
4973,-171,-72,-1567,-1567,0,0,0
4974,-62,-76,-1536,-1536,0,-1,0
4975,41,-75,1508,1508,0,0,0
4976,65,-73,1518,1518,0,0,0
4977,26,-73,-1515,-1515,-1,0,0
4978,1,-75,-1540,-1540,0,-1,0
4979,12,-75,-1535,-1535,0,0,0
4980,12,-76,-1535,-1535,0,0,0
4981,-4,-77,-1554,-1554,0,-1,0
4982,7,-78,-1557,-1557,0,-1,0
4983,17,-78,-1559,-1559,-1,0,0
4984,3,-79,-1573,-1573,0,-1,0
4985,4,-80,-1588,-1588,-2,0,0
4986,29,-83,-1582,-1582,0,-1,0
4987,150,-81,-1533,-1533,-1,-1,0
4988,231,-74,0,0,-1,-1,0
4989,241,-67,1503,1503,-1,-1,0
4990,262,-61,1511,1511,-1,-1,0
4991,338,-53,1558,1558,-1,0,0
4992,398,-42,1601,1601,0,-1,0
4993,377,-30,1605,1605,0,-1,0
4994,325,-21,1601,1601,0,0,0
4995,277,-13,1605,1605,0,1,0
4996,230,-7,1605,1605,1,0,0
4997,179,-2,1599,1599,0,1,0
4998,123,1,1608,1608,2,1,0
4999,26,1,1558,1558,0,0,0
5000,-72,-1,1526,1526,1,1,0
5001,-137,-7,1505,1505,1,1,0
5002,-141,-9,1513,1513,1,1,0
5003,-227,-15,-1523,-1523,1,1,0
5004,-306,-26,-1563,-1563,1,1,0
5005,-299,-37,-1582,-1582,0,0,0
5006,-265,-48,-1567,-1567,1,1,0
5007,-164,-55,-1526,-1526,0,1,0
5008,-57,-58,0,0,-1,0,0
5009,29,-59,1522,1522,0,-1,0
5010,85,-58,1545,1545,0,0,0
5011,97,-56,1549,1549,0,0,0
5012,70,-54,1533,1533,0,0,0
5013,44,-54,1518,1518,0,0,0
5014,42,-54,1514,1514,0,0,0
5015,53,-53,1538,1538,1,1,0
5016,56,-52,1536,1536,0,0,0
5017,29,-51,1520,1520,0,0,0
5018,-79,-55,-1529,-1529,1,0,0
5019,-85,-59,-1530,-1530,1,0,0
5020,-38,-60,-1514,-1514,0,0,0
5021,-91,-65,-1549,-1549,0,0,0
5022,-56,-69,-1539,-1539,0,0,0
5023,44,-68,-1504,-1504,0,-1,0
5024,62,-66,-1505,-1505,0,-1,0
5025,32,-66,-1518,-1518,0,0,0
5026,28,-67,-1530,-1530,0,-1,0
5027,37,-66,-1533,-1533,-1,0,0
5028,23,-66,-1556,-1556,-1,-1,0
5029,19,-67,-1563,-1563,0,-1,0
5030,43,-68,-1555,-1555,0,-1,0
5031,95,-69,-1534,-1534,-1,0,0
5032,207,-63,1521,1521,0,-1,0
5033,193,-57,1508,1508,-1,-1,0
5034,138,-55,-1506,-1506,0,0,0
5035,176,-51,1514,1514,0,-1,0
5036,202,-44,1521,1521,-1,-1,0
5037,147,-40,-1502,-1502,-1,0,0
5038,140,-36,1508,1508,0,0,0
5039,134,-33,1518,1518,0,0,0
5040,117,-31,1519,1519,0,0,0
5041,118,-28,1528,1528,0,0,0
5042,98,-25,1525,1525,0,0,0
5043,63,-25,1523,1523,1,0,0
5044,66,-24,1546,1546,1,1,0
5045,75,-23,1560,1560,0,1,0
5046,70,-22,1557,1557,0,0,0
5047,54,-21,1566,1566,1,1,0
5048,59,-21,1574,1574,0,1,0
5049,70,-20,1575,1575,0,0,0
5050,68,-18,1591,1591,1,1,0
5051,40,-16,1592,1592,1,1,0
5052,-71,-15,1551,1551,1,1,0
5053,-317,-27,-1569,-1569,1,1,0
5054,-326,-39,-1577,-1577,0,2,0
5055,-248,-46,-1549,-1549,1,0,0
5056,-311,-57,-1593,-1593,0,1,0
5057,-272,-68,-1596,-1596,0,0,0
5058,-160,-75,-1560,-1560,0,0,0
5059,-44,-78,-1526,-1526,-1,0,0
5060,41,-79,-1502,-1502,0,-1,0
5061,71,-77,1501,1501,-1,0,0
5062,54,-76,-1527,-1527,0,-2,0
5063,14,-77,-1555,-1555,-1,0,0
5064,9,-78,-1574,-1574,-1,-1,0
5065,44,-77,-1551,-1551,0,0,0
5066,42,-79,-1559,-1559,-1,0,0
5067,127,-78,-1521,-1521,0,-1,0
5068,239,-71,1526,1526,-1,-1,0
5069,229,-64,1515,1515,-1,-1,0
5070,215,-59,1514,1514,-1,0,0
5071,220,-54,1531,1531,0,0,0
5072,236,-47,1555,1555,0,0,0
5073,188,-41,1544,1544,0,0,0
5074,134,-37,1528,1528,0,0,0
5075,81,-35,1508,1508,0,0,0
5076,39,-35,1503,1503,0,1,0
5077,30,-36,0,0,0,0,0
5078,38,-36,1526,1526,1,1,0
5079,38,-36,1524,1524,0,0,0
5080,43,-36,1544,1544,1,1,0
5081,61,-35,1550,1550,0,0,0
5082,64,-34,1559,1559,0,1,0
5083,42,-33,1564,1564,1,1,0
5084,7,-31,1553,1553,0,1,0
5085,-121,-35,0,0,1,1,0
5086,-133,-42,-1522,-1522,0,0,0
5087,-58,-45,1533,1533,2,1,0
5088,-81,-46,1510,1510,0,0,0
5089,-225,-56,-1567,-1567,0,1,0
5090,-185,-64,-1546,-1546,1,1,0
5091,-82,-66,-1510,-1510,0,0,0
5092,-108,-70,-1535,-1535,0,0,0
5093,-126,-76,-1557,-1557,0,0,0
5094,-56,-80,-1534,-1534,0,0,0
5095,50,-80,1511,1511,0,0,0
5096,81,-78,1504,1504,-1,-1,0
5097,39,-77,-1516,-1516,0,0,0
5098,8,-78,-1533,-1533,0,0,0
5099,19,-78,-1528,-1528,0,0,0
5100,29,-78,-1534,-1534,0,-1,0
5101,21,-79,-1548,-1548,-1,0,0
5102,14,-79,-1558,-1558,-1,0,0
5103,11,-80,-1566,-1566,0,-1,0
5104,14,-80,-1561,-1561,0,0,0
5105,14,-81,-1577,-1577,-1,-1,0
5106,10,-82,-1583,-1583,0,-1,0
5107,23,-84,-1591,-1591,-1,-1,0
5108,98,-85,-1558,-1558,0,-1,0
5109,249,-78,1509,1509,-2,0,0
5110,278,-70,1531,1531,0,-1,0
5111,302,-62,1541,1541,-1,-1,0
5112,359,-52,1580,1580,0,-1,0
5113,339,-42,1581,1581,-1,0,0
5114,287,-34,1577,1577,0,0,0
5115,236,-27,1567,1567,0,0,0
5116,185,-22,1575,1575,1,1,0
5117,130,-18,1565,1565,0,1,0
5118,74,-16,1542,1542,0,0,0
5119,31,-17,1543,1543,1,1,0
5120,15,-18,1542,1542,0,1,0
5121,4,-15,1557,1557,2,0,0
5122,-120,-18,1509,1509,0,2,0
5123,-208,-26,-1540,-1540,1,0,0
5124,-190,-34,-1538,-1538,0,1,0
5125,-208,-42,-1562,-1562,0,0,0
5126,-184,-50,-1555,-1555,0,1,0
5127,-121,-54,-1537,-1537,0,0,0
5128,-104,-59,-1540,-1540,0,0,0
5129,-15,-62,-1515,-1515,0,-1,0
5130,77,-61,1518,1518,-1,0,0
5131,75,-59,1518,1518,0,0,0
5132,34,-58,-1503,-1503,0,0,0
5133,15,-59,-1524,-1524,-1,0,0
5134,34,-59,-1524,-1524,0,-1,0
5135,44,-59,-1525,-1525,-1,0,0
5136,28,-59,-1530,-1530,0,0,0
5137,30,-59,-1545,-1545,-1,-1,0
5138,35,-59,-1547,-1547,0,-1,0
5139,43,-59,-1557,-1557,-1,-1,0
5140,50,-59,-1544,-1544,0,0,0
5141,111,-58,-1518,-1518,0,-1,0
5142,239,-54,1534,1534,-2,0,0
5143,319,-44,1582,1582,0,-1,0
5144,279,-37,1569,1569,0,-1,0
5145,246,-30,1558,1558,-1,0,0
5146,237,-23,1580,1580,1,0,0
5147,194,-18,1571,1571,0,0,0
5148,140,-14,1564,1564,0,1,0
5149,88,-12,1574,1574,2,1,0
5150,63,-11,1559,1559,0,0,0
5151,71,-10,1583,1583,1,1,0
5152,85,-9,1606,1606,1,1,0
5153,80,-7,1619,1619,1,1,0
5154,10,-2,1601,1601,1,1,0
5155,-217,-10,-1505,-1505,1,1,0
5156,-348,-22,-1572,-1572,1,1,0
5157,-341,-35,-1584,-1584,1,0,0
5158,-277,-46,-1547,-1547,1,2,0
5159,-196,-52,-1529,-1529,0,0,0
5160,-170,-59,-1527,-1527,1,0,0
5161,-104,-65,-1513,-1513,0,0,0
5162,15,-67,1533,1533,0,0,0
5163,83,-65,1559,1559,0,0,0
5164,65,-63,1544,1544,0,0,0
5165,64,-62,1539,1539,0,0,0
5166,68,-61,1536,1536,0,0,0
5167,50,-61,1524,1524,0,0,0
5168,9,-60,1511,1511,0,1,0
5169,-65,-62,-1531,-1531,0,0,0
5170,-69,-66,-1540,-1540,0,0,0
5171,-33,-67,-1518,-1518,0,1,0
5172,-66,-71,-1542,-1542,0,0,0
5173,-33,-74,-1532,-1532,0,0,0
5174,64,-74,-1508,-1508,-1,-1,0
5175,83,-71,1504,1504,0,0,0
5176,36,-71,-1518,-1518,0,0,0
5177,10,-72,-1541,-1541,-1,0,0
5178,35,-72,-1537,-1537,-1,0,0
5179,50,-71,-1536,-1536,0,-1,0
5180,26,-71,-1543,-1543,0,0,0
5181,18,-72,-1563,-1563,-1,-1,0
5182,26,-72,-1563,-1563,0,-1,0
5183,29,-72,-1565,-1565,-1,0,0
5184,39,-72,-1563,-1563,0,-1,0
5185,69,-71,-1550,-1550,-1,0,0
5186,110,-70,-1542,-1542,-1,-1,0
5187,177,-69,-1530,-1530,-1,-2,0
5188,346,-60,1563,1563,-1,0,0
5189,399,-48,1602,1602,0,-1,0
5190,373,-37,1581,1581,-2,-1,0
5191,373,-27,1606,1606,0,0,0
5192,360,-17,1622,1622,0,0,0
5193,323,-8,1623,1623,0,0,0
5194,284,0,1649,1649,2,1,0
5195,238,6,1637,1637,0,0,0
5196,177,12,1636,1636,1,1,0
5197,47,18,1598,1598,1,1,0
5198,-185,12,-1503,-1503,1,1,0
5199,-236,2,-1523,-1523,1,1,0
5200,-222,-4,-1513,-1513,1,1,0
5201,-301,-16,-1571,-1571,0,0,0
5202,-285,-27,-1564,-1564,1,1,0
5203,-182,-33,-1530,-1530,0,0,0
5204,-139,-38,-1524,-1524,0,0,0
5205,-105,-44,-1530,-1530,-1,0,0
5206,7,-46,1517,1517,0,0,0
5207,83,-44,1541,1541,0,-1,0
5208,86,-42,1543,1543,0,0,0
5209,54,-41,1527,1527,0,0,0
5210,35,-41,1517,1517,0,0,0
5211,40,-41,1529,1529,0,1,0
5212,49,-41,1540,1540,0,1,0
5213,49,-40,1538,1538,0,0,0
5214,36,-38,1541,1541,0,1,0
5215,-58,-40,0,0,1,0,0
5216,-73,-45,-1517,-1517,0,0,0
5217,-10,-45,1529,1529,1,1,0
5218,-45,-47,1513,1513,1,0,0
5219,-77,-52,-1514,-1514,0,0,0
5220,8,-54,1519,1519,0,0,0
5221,44,-51,1554,1554,1,1,0
5222,-119,-57,-1537,-1537,0,0,0
5223,-122,-64,-1551,-1551,0,0,0
5224,-3,-63,1501,1501,0,0,0
5225,-6,-64,-1505,-1505,0,0,0
5226,-9,-67,-1514,-1514,0,0,0
5227,82,-66,1518,1518,0,-1,0
5228,93,-63,1525,1525,0,0,0
5229,51,-62,1506,1506,0,0,0
5230,29,-63,-1506,-1506,0,0,0
5231,40,-62,-1502,-1502,0,0,0
5232,51,-62,1504,1504,0,0,0
5233,43,-61,0,0,0,0,0
5234,33,-61,-1505,-1505,0,0,0
5235,36,-61,-1503,-1503,0,0,0
5236,41,-61,-1501,-1501,0,0,0
5237,35,-61,-1514,-1514,-1,0,0
5238,33,-61,-1523,-1523,0,-1,0
5239,34,-60,-1521,-1521,0,0,0
5240,25,-60,-1522,-1522,0,0,0
5241,25,-61,-1530,-1530,-1,0,0
5242,28,-61,-1545,-1545,-1,-1,0
5243,23,-61,-1553,-1553,0,-1,0
5244,17,-62,-1559,-1559,0,-1,0
5245,28,-62,-1557,-1557,-1,0,0
5246,44,-62,-1552,-1552,0,-1,0
5247,75,-64,-1541,-1541,-1,0,0
5248,210,-59,1516,1516,-1,-1,0
5249,256,-51,1525,1525,-1,-2,0
5250,240,-45,1536,1536,0,0,0
5251,283,-38,1554,1554,-1,-1,0
5252,317,-29,1592,1592,0,0,0
5253,271,-21,1587,1587,0,0,0
5254,221,-15,1578,1578,0,0,0
5255,176,-10,1577,1577,0,1,0
5256,129,-6,1572,1572,1,0,0
5257,78,-5,1562,1562,0,1,0
5258,31,-5,1560,1560,1,1,0
5259,14,-5,1568,1568,1,1,0
5260,22,-5,1567,1567,0,0,0
5261,-15,-2,1568,1568,1,1,0
5262,-161,-9,1504,1504,1,1,0
5263,-170,-16,-1506,-1506,0,1,0
5264,-183,-23,1502,1502,2,1,0
5265,-255,-30,-1541,-1541,0,1,0
5266,-341,-41,-1585,-1585,1,1,0
5267,-311,-54,-1596,-1596,0,0,0
5268,-193,-62,-1538,-1538,1,1,0
5269,-86,-66,-1504,-1504,0,0,0
5270,-11,-69,0,0,-1,-1,0
5271,72,-68,1535,1535,0,0,0
5272,91,-66,1542,1542,0,0,0
5273,58,-65,1513,1513,0,-1,0
5274,37,-65,1501,1501,0,0,0
5275,40,-64,1511,1511,0,1,0
5276,51,-64,1514,1514,0,0,0
5277,50,-63,1512,1512,0,0,0
5278,39,-63,1505,1505,0,0,0
5279,35,-63,1511,1511,0,1,0
5280,35,-62,1509,1509,0,0,0
5281,1,-62,-1509,-1509,0,0,0
5282,-20,-65,-1514,-1514,1,0,0
5283,15,-65,-1501,-1501,0,0,0
5284,12,-66,-1515,-1515,-1,0,0
5285,4,-67,-1522,-1522,0,0,0
5286,44,-67,-1513,-1513,0,-1,0
5287,46,-66,-1530,-1530,-1,-1,0
5288,23,-66,-1537,-1537,0,0,0
5289,5,-67,-1554,-1554,0,-1,0
5290,11,-67,-1565,-1565,-2,0,0
5291,16,-68,-1566,-1566,0,-1,0
5292,14,-69,-1591,-1591,-1,-2,0
5293,38,-71,-1571,-1571,0,0,0
5294,133,-70,-1536,-1536,-1,-1,0
5295,277,-62,1520,1520,-2,-1,0
5296,291,-54,1528,1528,0,-2,0
5297,341,-45,1555,1555,-1,-1,0
5298,397,-34,1609,1609,0,0,0
5299,365,-23,1617,1617,0,0,0
5300,315,-14,1611,1611,0,0,0
5301,271,-7,1607,1607,0,0,0
5302,228,0,1600,1600,0,0,0
5303,180,3,1597,1597,0,1,0
5304,131,7,1600,1600,1,1,0
5305,78,9,1597,1597,1,1,0
5306,21,11,1588,1588,1,1,0
5307,-72,11,1559,1559,1,1,0
5308,-245,2,-1530,-1530,0,1,0
5309,-260,-7,-1536,-1536,1,1,0
5310,-284,-18,-1547,-1547,1,1,0
5311,-265,-27,-1548,-1548,1,0,0
5312,-221,-34,-1535,-1535,0,1,0
5313,-209,-43,-1549,-1549,0,0,0
5314,-110,-49,-1516,-1516,0,0,0
5315,8,-51,1531,1531,0,0,0
5316,97,-49,1569,1569,0,0,0
5317,98,-47,1565,1565,0,0,0
5318,68,-45,1549,1549,0,0,0
5319,48,-45,1536,1536,0,0,0
5320,46,-45,1542,1542,1,0,0
5321,51,-43,1541,1541,0,0,0
5322,-4,-43,1522,1522,0,1,0
5323,-90,-48,-1519,-1519,1,0,0
5324,-76,-51,-1511,-1511,0,1,0
5325,-45,-52,-1503,-1503,0,0,0
5326,-66,-57,-1522,-1522,0,0,0
5327,-1,-59,-1508,-1508,0,-1,0
5328,87,-57,1524,1524,-1,0,0
5329,83,-55,1514,1514,0,-1,0
5330,41,-55,-1504,-1504,0,0,0
5331,24,-55,-1511,-1511,0,0,0
5332,47,-55,-1519,-1519,-1,-1,0
5333,53,-54,-1511,-1511,0,0,0
5334,40,-54,-1514,-1514,0,0,0
5335,37,-54,-1513,-1513,0,0,0
5336,41,-53,-1529,-1529,-1,-1,0
5337,43,-53,-1531,-1531,-1,0,0
5338,49,-53,-1532,-1532,0,-1,0
5339,65,-52,-1527,-1527,0,-1,0
5340,64,-52,-1531,-1531,-1,0,0
5341,119,-51,-1507,-1507,0,-1,0
5342,195,-46,1533,1533,-1,0,0
5343,207,-40,1542,1542,0,-1,0
5344,204,-36,1552,1552,0,0,0
5345,247,-29,1567,1567,-1,-1,0
5346,246,-22,1572,1572,0,-1,0
5347,196,-16,1572,1572,1,0,0
5348,143,-12,1566,1566,0,1,0
5349,89,-10,1546,1546,0,0,0
5350,48,-9,1540,1540,1,0,0
5351,36,-10,1545,1545,0,1,0
5352,63,-9,1557,1557,0,0,0
5353,74,-8,1583,1583,1,1,0
5354,60,-7,1594,1594,2,0,0
5355,49,-7,1592,1592,0,1,0
5356,57,-5,1611,1611,1,1,0
5357,28,-5,1609,1609,1,1,0
5358,-111,-4,1552,1552,1,1,0
5359,-361,-16,-1571,-1571,1,1,0
5360,-368,-30,-1581,-1581,1,1,0
5361,-264,-38,-1532,-1532,1,1,0
5362,-312,-49,-1581,-1581,0,0,0
5363,-291,-60,-1594,-1594,0,0,0
5364,-175,-68,-1557,-1557,0,0,0
5365,-47,-72,-1507,-1507,0,0,0
5366,62,-71,1538,1538,0,0,0
5367,79,-69,1532,1532,0,-1,0
5368,33,-69,-1503,-1503,0,-1,0
5369,8,-70,-1517,-1517,0,0,0
5370,23,-70,-1512,-1512,0,0,0
5371,29,-70,-1530,-1530,-1,-1,0
5372,17,-71,-1534,-1534,0,0,0
5373,25,-71,-1529,-1529,0,0,0
5374,34,-71,-1532,-1532,0,-1,0
5375,23,-72,-1536,-1536,0,0,0
5376,68,-73,-1533,-1533,-1,-1,0
5377,142,-69,1501,1501,0,-1,0
5378,119,-65,0,0,0,0,0
5379,84,-64,-1521,-1521,-1,0,0
5380,112,-62,-1518,-1518,-1,-1,0
5381,110,-58,-1508,-1508,0,0,0
5382,59,-57,-1526,-1526,0,0,0
5383,44,-58,-1548,-1548,-1,-1,0
5384,116,-56,-1504,-1504,0,0,0
5385,177,-51,1516,1516,-1,-1,0
5386,168,-48,1504,1504,-1,-1,0
5387,209,-43,1528,1528,-1,0,0
5388,258,-35,1559,1559,0,-1,0
5389,223,-29,1558,1558,0,0,0
5390,170,-24,1557,1557,0,1,0
5391,117,-20,1549,1549,1,0,0
5392,64,-20,1537,1537,1,0,0
5393,40,-20,1538,1538,0,1,0
5394,45,-20,1559,1559,1,1,0
5395,35,-19,1551,1551,0,0,0
5396,11,-20,1556,1556,1,1,0
5397,23,-21,1565,1565,1,0,0
5398,28,-20,1583,1583,1,1,0
5399,-60,-21,1541,1541,0,1,0
5400,-211,-26,-1525,-1525,1,1,0
5401,-304,-37,-1570,-1570,1,1,0
5402,-257,-46,-1558,-1558,0,1,0
5403,-257,-54,-1568,-1568,1,0,0
5404,-303,-66,-1612,-1612,0,0,0
5405,-216,-75,-1588,-1588,0,0,0
5406,-97,-80,-1554,-1554,-1,0,0
5407,13,-81,-1508,-1508,0,0,0
5408,57,-79,1501,1501,0,-1,0
5409,19,-79,-1529,-1529,-1,0,0
5410,-16,-81,-1548,-1548,0,0,0
5411,-6,-82,-1544,-1544,0,0,0
5412,5,-83,-1559,-1559,-1,-1,0
5413,-7,-84,-1573,-1573,0,-1,0
5414,-1,-86,-1587,-1587,-1,-1,0
5415,15,-86,-1583,-1583,-1,0,0
5416,31,-89,-1592,-1592,-1,-1,0
5417,179,-86,-1529,-1529,-1,-1,0
5418,252,-79,1513,1513,0,-1,0
5419,268,-72,1509,1509,-2,-1,0
5420,340,-64,1544,1544,-1,-1,0
5421,412,-52,1605,1605,0,0,0
5422,383,-41,1614,1614,0,0,0
5423,328,-31,1607,1607,0,0,0
5424,275,-23,1597,1597,0,0,0
5425,224,-17,1586,1586,0,0,0
5426,170,-12,1589,1589,1,1,0
5427,112,-9,1576,1576,0,1,0
5428,56,-8,1581,1581,2,1,0
5429,-2,-7,1560,1560,0,1,0
5430,-131,-8,1511,1511,1,1,0
5431,-338,-21,-1587,-1587,1,1,0
5432,-320,-33,-1580,-1580,1,1,0
5433,-251,-42,-1546,-1546,1,1,0
5434,-269,-49,-1575,-1575,0,0,0
5435,-292,-61,-1598,-1598,0,1,0
5436,-198,-69,-1571,-1571,0,0,0
5437,-85,-75,-1540,-1540,-1,0,0
5438,22,-76,-1515,-1515,-1,-1,0
5439,77,-74,1511,1511,0,0,0
5440,49,-73,-1512,-1512,-1,0,0
5441,7,-74,-1533,-1533,0,0,0
5442,16,-74,-1550,-1550,-1,-1,0
5443,40,-74,-1534,-1534,0,0,0
5444,29,-74,-1557,-1557,-2,0,0
5445,61,-74,-1544,-1544,0,-1,0
5446,69,-73,-1554,-1554,-1,-1,0
5447,111,-71,-1534,-1534,0,-1,0
5448,190,-67,1506,1506,-1,0,0
5449,210,-63,1508,1508,-1,-1,0
5450,284,-57,1550,1550,-1,0,0
5451,342,-47,1587,1587,0,-1,0
5452,312,-38,1591,1591,0,0,0
5453,258,-31,1581,1581,0,0,0
5454,201,-25,1566,1566,0,0,0
5455,149,-21,1550,1550,0,0,0
5456,99,-19,1543,1543,0,1,0
5457,76,-17,1547,1547,1,0,0
5458,84,-16,1563,1563,1,0,0
5459,77,-14,1571,1571,0,1,0
5460,48,-14,1564,1564,1,0,0
5461,51,-13,1573,1573,0,1,0
5462,27,-10,1569,1569,1,0,0
5463,-83,-14,1539,1539,2,1,0
5464,-63,-19,1545,1545,0,1,0
5465,-36,-19,1568,1568,1,1,0
5466,-198,-24,-1506,-1506,1,1,0
5467,-332,-37,-1575,-1575,1,1,0
5468,-267,-46,-1545,-1545,1,1,0
5469,-226,-54,-1547,-1547,0,0,0
5470,-180,-62,-1545,-1545,0,0,0
5471,-72,-67,-1508,-1508,0,0,0
5472,43,-68,1538,1538,0,0,0
5473,119,-65,1560,1560,0,-1,0
5474,98,-62,1548,1548,0,0,0
5475,63,-61,1529,1529,0,0,0
5476,53,-61,1531,1531,1,0,0
5477,66,-60,1543,1543,0,1,0
5478,66,-58,1540,1540,0,0,0
5479,3,-59,1505,1505,0,0,0
5480,-13,-61,1512,1512,1,1,0
5481,17,-59,1521,1521,0,0,0
5482,-70,-61,-1517,-1517,1,0,0
5483,-140,-68,-1563,-1563,0,0,0
5484,-69,-72,-1527,-1527,1,0,0
5485,-34,-74,-1518,-1518,0,0,0
5486,-11,-76,-1514,-1514,0,0,0
5487,54,-75,-1506,-1506,-1,-1,0
5488,73,-73,1505,1505,0,0,0
5489,43,-72,-1529,-1529,-1,-1,0
5490,27,-73,-1544,-1544,0,-1,0
5491,31,-73,-1538,-1538,0,0,0
5492,18,-73,-1551,-1551,0,-1,0
5493,19,-74,-1558,-1558,-1,0,0
5494,51,-73,-1546,-1546,0,-1,0
5495,67,-75,-1543,-1543,0,-1,0
5496,166,-72,-1507,-1507,-1,-1,0
5497,195,-66,1502,1502,-1,-1,0
5498,140,-61,-1521,-1521,-1,0,0
5499,117,-61,-1530,-1530,0,-1,0
5500,225,-55,1518,1518,-1,-1,0
5501,259,-46,1533,1533,-1,-1,0
5502,207,-41,1526,1526,0,0,0
5503,219,-37,1537,1537,0,-1,0
5504,256,-29,1572,1572,0,0,0
5505,213,-23,1566,1566,0,0,0
5506,161,-18,1563,1563,0,1,0
5507,105,-15,1543,1543,0,0,0
5508,56,-15,1534,1534,1,0,0
5509,40,-15,1548,1548,0,2,0
5510,48,-15,1561,1561,1,0,0
5511,40,-14,1565,1565,0,1,0
5512,19,-14,1562,1562,1,0,0
5513,7,-15,1570,1570,1,1,0
5514,2,-12,1582,1582,1,1,0
5515,-193,-18,-1516,-1516,0,1,0
5516,-328,-30,-1582,-1582,1,1,0
5517,-257,-40,-1558,-1558,0,1,0
5518,-215,-46,-1545,-1545,1,0,0
5519,-250,-56,-1581,-1581,0,0,0
5520,-173,-64,-1560,-1560,0,0,0
5521,-56,-68,-1525,-1525,-1,0,0
5522,45,-68,1518,1518,0,0,0
5523,71,-66,1528,1528,0,0,0
5524,34,-66,-1502,-1502,0,-1,0
5525,5,-67,-1518,-1518,0,0,0
5526,19,-68,-1523,-1523,-1,0,0
5527,34,-67,-1515,-1515,0,0,0
5528,20,-68,-1521,-1521,0,0,0
5529,19,-68,-1522,-1522,0,0,0
5530,24,-68,-1529,-1529,0,-1,0
5531,18,-69,-1530,-1530,0,0,0
5532,15,-69,-1551,-1551,-1,-1,0
5533,18,-70,-1546,-1546,0,0,0
5534,27,-70,-1556,-1556,-1,-1,0
5535,25,-71,-1572,-1572,-1,-1,0
5536,52,-73,-1563,-1563,-1,0,0
5537,174,-69,-1503,-1503,0,-1,0
5538,264,-61,1537,1537,-1,-1,0
5539,239,-55,1521,1521,-1,-1,0
5540,251,-50,1533,1533,-1,0,0
5541,363,-40,1598,1598,0,-1,0
5542,347,-29,1612,1612,0,0,0
5543,293,-21,1604,1604,0,0,0
5544,243,-14,1603,1603,0,1,0
5545,193,-8,1600,1600,1,0,0
5546,138,-4,1600,1600,1,1,0
5547,81,-3,1593,1593,1,1,0
5548,45,-2,1593,1593,1,1,0
5549,-28,-3,1562,1562,0,1,0
5550,-176,-6,1501,1501,2,0,0
5551,-344,-17,-1570,-1570,1,2,0
5552,-328,-30,-1576,-1576,0,1,0
5553,-241,-37,-1543,-1543,1,0,0
5554,-309,-48,-1587,-1587,0,1,0
5555,-282,-59,-1596,-1596,0,0,0
5556,-172,-67,-1561,-1561,0,0,0
5557,-55,-71,-1515,-1515,0,0,0
5558,48,-71,1527,1527,0,0,0
5559,83,-69,1521,1521,-1,-1,0
5560,45,-68,1501,1501,0,0,0
5561,18,-69,-1513,-1513,0,0,0
5562,29,-69,-1509,-1509,0,0,0
5563,43,-68,-1503,-1503,0,0,0
5564,33,-68,-1509,-1509,0,0,0
5565,28,-69,-1512,-1512,0,0,0
5566,40,-68,-1506,-1506,0,0,0
5567,35,-68,-1509,-1509,0,0,0
5568,25,-68,-1515,-1515,0,0,0
5569,31,-68,-1522,-1522,0,-1,0
5570,35,-68,-1529,-1529,-1,0,0
5571,26,-68,-1540,-1540,0,-1,0
5572,22,-69,-1559,-1559,-1,-1,0
5573,41,-69,-1552,-1552,-1,0,0
5574,36,-69,-1558,-1558,0,-1,0
5575,73,-71,-1545,-1545,-1,0,0
5576,224,-65,1520,1520,-1,-1,0
5577,257,-57,1542,1542,0,-1,0
5578,236,-52,1527,1527,-1,-1,0
5579,303,-44,1568,1568,-1,0,0
5580,324,-35,1598,1598,0,0,0
5581,271,-27,1589,1589,0,0,0
5582,218,-21,1586,1586,1,0,0
5583,166,-16,1580,1580,1,0,0
5584,114,-13,1571,1571,0,1,0
5585,64,-13,1568,1568,1,1,0
5586,46,-13,1567,1567,1,0,0
5587,44,-12,1573,1573,0,1,0
5588,-7,-12,1574,1574,2,1,0
5589,-108,-17,1523,1523,1,0,0
5590,-133,-20,1519,1519,0,2,0
5591,-194,-23,-1505,-1505,1,1,0
5592,-320,-35,-1578,-1578,1,0,0
5593,-317,-46,-1579,-1579,1,1,0
5594,-304,-58,-1596,-1596,0,0,0
5595,-229,-67,-1570,-1570,0,1,0
5596,-116,-73,-1532,-1532,0,0,0
5597,-4,-75,1501,1501,0,-1,0
5598,81,-73,1538,1538,0,0,0
5599,70,-72,1529,1529,0,0,0
5600,33,-72,1507,1507,0,0,0
5601,24,-72,-1501,-1501,0,0,0
5602,30,-72,-1501,-1501,0,0,0
5603,23,-72,-1507,-1507,0,0,0
5604,19,-73,-1512,-1512,0,0,0
5605,29,-73,-1509,-1509,0,0,0
5606,31,-72,-1519,-1519,0,-1,0
5607,17,-73,-1536,-1536,-1,0,0
5608,12,-73,-1547,-1547,-1,0,0
5609,21,-74,-1540,-1540,0,0,0
5610,18,-74,-1548,-1548,0,-1,0
5611,10,-75,-1568,-1568,-1,-1,0
5612,13,-75,-1571,-1571,0,-1,0
5613,23,-76,-1570,-1570,-1,0,0
5614,48,-78,-1573,-1573,-1,-1,0
5615,158,-76,-1530,-1530,-1,-1,0
5616,242,-68,1509,1509,-1,-1,0
5617,231,-62,1501,1501,-1,-1,0
5618,266,-57,1527,1527,0,-1,0
5619,416,-45,1612,1612,-1,0,0
5620,410,-33,1624,1624,-1,0,0
5621,357,-22,1620,1620,0,0,0
5622,309,-14,1625,1625,1,0,0
5623,262,-6,1636,1636,1,1,0
5624,212,0,1621,1621,0,0,0
5625,155,4,1630,1630,1,2,0
5626,43,6,1595,1595,1,1,0
5627,-116,3,1521,1521,0,1,0
5628,-264,-2,-1532,-1532,2,1,0
5629,-388,-16,-1594,-1594,1,1,0
5630,-343,-29,-1586,-1586,0,1,0
5631,-239,-38,-1546,-1546,0,1,0
5632,-209,-46,-1540,-1540,1,0,0
5633,-157,-53,-1533,-1533,0,0,0
5634,-56,-57,-1507,-1507,-1,0,0
5635,40,-57,1533,1533,0,0,0
5636,81,-55,1550,1550,0,0,0
5637,59,-54,1535,1535,0,0,0
5638,29,-55,1517,1517,0,0,0
5639,33,-55,1516,1516,0,0,0
5640,50,-54,1522,1522,0,0,0
5641,50,-54,1530,1530,1,0,0
5642,42,-54,1524,1524,0,0,0
5643,21,-52,1532,1532,1,1,0
5644,-95,-56,-1532,-1532,0,0,0
5645,-128,-62,-1549,-1549,1,0,0
5646,-50,-63,-1518,-1518,0,0,0
5647,-70,-67,-1536,-1536,0,0,0
5648,-31,-71,-1525,-1525,0,0,0
5649,65,-69,1510,1510,0,-1,0
5650,70,-67,1503,1503,-1,0,0
5651,24,-67,-1528,-1528,0,-1,0
5652,9,-69,-1544,-1544,-1,0,0
5653,28,-68,-1532,-1532,0,0,0
5654,27,-68,-1539,-1539,0,-1,0
5655,18,-69,-1540,-1540,0,0,0
5656,27,-69,-1554,-1554,-1,-1,0
5657,41,-69,-1549,-1549,0,-1,0
5658,34,-70,-1558,-1558,-1,0,0
5659,85,-70,-1537,-1537,0,-1,0
5660,173,-66,1507,1507,-1,0,0
5661,158,-61,-1508,-1508,-1,-1,0
5662,142,-59,-1525,-1525,-1,-1,0
5663,236,-53,1528,1528,0,-1,0
5664,244,-45,1529,1529,-1,-1,0
5665,224,-40,1538,1538,0,0,0
5666,262,-33,1573,1573,0,0,0
5667,258,-26,1587,1587,0,0,0
5668,209,-20,1576,1576,0,0,0
5669,157,-15,1571,1571,0,1,0
5670,109,-13,1563,1563,1,0,0
5671,94,-12,1579,1579,0,2,0
5672,93,-10,1588,1588,1,0,0
5673,71,-9,1586,1586,0,1,0
5674,37,-8,1586,1586,1,1,0
5675,-11,-8,1577,1577,1,1,0
5676,-127,-9,1532,1532,1,1,0
5677,-313,-20,-1569,-1569,0,1,0
5678,-288,-31,-1557,-1557,1,1,0
5679,-245,-39,-1536,-1536,1,1,0
5680,-299,-49,-1565,-1565,1,1,0
5681,-277,-60,-1579,-1579,0,0,0
5682,-165,-68,-1544,-1544,0,0,0
5683,-45,-71,0,0,0,0,0
5684,61,-71,1523,1523,-1,-1,0
5685,85,-68,1533,1533,0,0,0
5686,44,-68,1511,1511,0,0,0
5687,17,-68,-1506,-1506,0,0,0
5688,27,-69,-1503,-1503,0,0,0
5689,41,-68,1502,1502,0,0,0
5690,28,-68,-1505,-1505,0,0,0
5691,20,-69,-1512,-1512,0,0,0
5692,36,-69,-1515,-1515,0,-1,0
5693,27,-69,-1518,-1518,0,0,0
5694,12,-69,-1536,-1536,-1,0,0
5695,24,-70,-1528,-1528,0,0,0
5696,27,-69,-1535,-1535,0,-1,0
5697,12,-70,-1549,-1549,-1,0,0
5698,13,-71,-1546,-1546,0,0,0
5699,18,-71,-1551,-1551,0,-1,0
5700,27,-71,-1561,-1561,-1,-1,0
5701,34,-73,-1572,-1572,-1,-1,0
5702,106,-73,-1549,-1549,-1,-1,0
5703,198,-67,0,0,-1,0,0
5704,214,-61,1514,1514,0,-1,0
5705,211,-57,1508,1508,-1,-1,0
5706,324,-49,1561,1561,-1,-1,0
5707,380,-37,1602,1602,-1,0,0
5708,333,-28,1591,1591,0,-1,0
5709,280,-20,1586,1586,0,0,0
5710,229,-13,1606,1606,2,1,0
5711,181,-8,1591,1591,0,0,0
5712,128,-5,1592,1592,1,1,0
5713,77,-4,1579,1579,0,1,0
5714,55,-3,1586,1586,1,1,0
5715,25,-3,1577,1577,1,0,0
5716,-50,-4,1556,1556,1,1,0
5717,-132,-8,1525,1525,1,1,0
5718,-189,-11,-1505,-1505,0,1,0
5719,-310,-23,-1564,-1564,1,1,0
5720,-306,-34,-1553,-1553,2,1,0
5721,-305,-45,-1577,-1577,0,0,0
5722,-279,-56,-1577,-1577,0,1,0
5723,-173,-63,-1546,-1546,0,0,0
5724,-60,-68,-1505,-1505,0,0,0
5725,52,-67,1531,1531,0,-1,0
5726,96,-64,1550,1550,0,0,0
5727,59,-63,1529,1529,0,0,0
5728,35,-64,1514,1514,0,0,0
5729,39,-63,1512,1512,0,0,0
5730,34,-63,1508,1508,0,0,0
5731,25,-64,1501,1501,0,0,0
5732,37,-64,1515,1515,1,0,0
5733,45,-63,1526,1526,0,1,0
5734,16,-63,1508,1508,0,0,0
5735,-40,-66,-1515,-1515,0,1,0
5736,-32,-66,-1515,-1515,0,0,0
5737,-76,-68,-1543,-1543,0,0,0
5738,-111,-74,-1568,-1568,0,0,0
5739,-57,-78,-1549,-1549,0,0,0
5740,39,-77,-1515,-1515,0,-1,0
5741,54,-76,-1516,-1516,0,-1,0
5742,8,-76,-1547,-1547,-1,0,0
5743,-17,-78,-1568,-1568,0,-1,0
5744,-5,-79,-1579,-1579,-1,-1,0
5745,7,-81,-1588,-1588,-1,-1,0
5746,26,-81,-1592,-1592,-1,-1,0
5747,74,-84,-1571,-1571,0,-1,0
5748,209,-78,-1501,-1501,-1,0,0
5749,226,-71,-1517,-1517,-2,-2,0
5750,225,-66,-1517,-1517,-1,-1,0
5751,303,-60,1521,1521,-1,-1,0
5752,453,-46,1612,1612,0,-1,0
5753,432,-34,1599,1599,-2,-1,0
5754,388,-22,1606,1606,0,0,0
5755,352,-12,1613,1613,0,0,0
5756,305,-3,1611,1611,0,0,0
5757,252,3,1613,1613,0,1,0
5758,193,8,1606,1606,1,0,0
5759,137,11,1606,1606,1,1,0
5760,101,13,1611,1611,1,1,0
5761,34,13,1586,1586,0,1,0
5762,-84,11,1545,1545,1,1,0
5763,-219,8,0,0,2,1,0
5764,-381,-4,-1579,-1579,1,1,0
5765,-393,-18,-1590,-1590,0,2,0
5766,-282,-29,-1560,-1560,0,0,0
5767,-240,-38,-1539,-1539,1,1,0
5768,-213,-47,-1547,-1547,0,0,0
5769,-110,-53,-1513,-1513,0,0,0
5770,4,-55,1521,1521,-1,0,0
5771,96,-53,1561,1561,0,0,0
5772,93,-50,1558,1558,0,0,0
5773,55,-50,1537,1537,0,0,0
5774,43,-50,1537,1537,1,0,0
5775,59,-49,1551,1551,0,1,0
5776,69,-48,1552,1552,0,0,0
5777,55,-45,1553,1553,1,0,0
5778,-64,-46,1510,1510,1,1,0
5779,-181,-54,-1551,-1551,0,1,0
5780,-97,-58,-1513,-1513,1,0,0
5781,-78,-60,-1513,-1513,0,0,0
5782,-165,-67,-1559,-1559,0,1,0
5783,-102,-73,-1551,-1551,0,-1,0
5784,20,-74,-1509,-1509,-1,0,0
5785,90,-72,1515,1515,0,-1,0
5786,59,-70,-1508,-1508,0,-1,0
5787,16,-71,-1528,-1528,0,0,0
5788,20,-72,-1546,-1546,-1,-1,0
5789,42,-71,-1541,-1541,-1,0,0
5790,29,-71,-1542,-1542,0,0,0
5791,27,-71,-1550,-1550,0,-1,0
5792,47,-73,-1555,-1555,-1,-1,0
5793,121,-72,-1522,-1522,0,-1,0
5794,204,-66,1511,1511,-1,-1,0
5795,168,-61,-1503,-1503,-1,0,0
5796,149,-58,-1519,-1519,-1,-1,0
5797,206,-53,1524,1524,0,0,0
5798,209,-47,1511,1511,-1,-2,0
5799,214,-43,1530,1530,0,0,0
5800,292,-35,1586,1586,0,0,0
5801,286,-26,1599,1599,0,0,0
5802,230,-19,1587,1587,0,0,0
5803,177,-14,1571,1571,0,0,0
5804,127,-11,1556,1556,0,0,0
5805,86,-10,1552,1552,0,1,0
5806,82,-9,1573,1573,1,1,0
5807,81,-7,1582,1582,0,1,0
5808,53,-6,1577,1577,1,0,0
5809,39,-6,1587,1587,1,1,0
5810,43,-6,1593,1593,0,1,0
5811,24,-2,1600,1600,1,1,0
5812,-150,-6,1525,1525,1,1,0
5813,-297,-17,-1557,-1557,0,1,0
5814,-294,-28,-1546,-1546,2,1,0
5815,-267,-36,-1544,-1544,0,1,0
5816,-310,-47,-1568,-1568,1,1,0
5817,-268,-58,-1572,-1572,0,0,0
5818,-153,-65,-1536,-1536,0,0,0
5819,-33,-68,1510,1510,0,0,0
5820,72,-67,1532,1532,-1,-1,0
5821,78,-65,1534,1534,0,0,0
5822,38,-65,1512,1512,0,0,0
5823,15,-65,-1502,-1502,0,0,0
5824,21,-66,1508,1508,1,0,0
5825,34,-65,1511,1511,0,0,0
5826,24,-65,1503,1503,0,0,0
5827,20,-66,-1502,-1502,0,0,0
5828,31,-66,1502,1502,0,0,0
5829,22,-66,-1505,-1505,0,0,0
5830,9,-67,-1513,-1513,0,0,0
5831,21,-67,-1510,-1510,0,0,0
5832,27,-67,-1507,-1507,0,0,0
5833,8,-68,-1537,-1537,-1,-1,0
5834,10,-69,-1535,-1535,0,0,0
5835,21,-69,-1538,-1538,0,-1,0
5836,9,-69,-1561,-1561,-1,-1,0
5837,2,-70,-1568,-1568,-1,0,0
5838,13,-71,-1567,-1567,0,-1,0
5839,39,-72,-1568,-1568,-1,-1,0
5840,72,-73,-1555,-1555,0,-1,0
5841,182,-69,-1510,-1510,-1,-1,0
5842,191,-63,0,0,-1,0,0
5843,189,-58,-1505,-1505,-1,-1,0
5844,224,-55,-1503,-1503,-1,-2,0
5845,369,-44,1572,1572,-1,-1,0
5846,400,-32,1613,1613,0,0,0
5847,342,-23,1577,1577,-2,-1,0
5848,343,-14,1602,1602,0,0,0
5849,327,-4,1617,1617,0,0,0
5850,281,3,1624,1624,0,1,0
5851,229,9,1631,1631,2,0,0
5852,175,14,1623,1623,0,1,0
5853,123,17,1623,1623,1,1,0
5854,72,19,1618,1618,1,1,0
5855,-14,22,1584,1584,0,1,0
5856,-268,15,-1519,-1519,2,1,0
5857,-444,0,-1598,-1598,1,2,0
5858,-344,-13,-1566,-1566,0,1,0
5859,-260,-22,-1535,-1535,1,0,0
5860,-265,-32,-1550,-1550,0,1,0
5861,-195,-40,-1535,-1535,0,0,0
5862,-81,-45,1506,1506,0,0,0
5863,32,-46,1551,1551,0,0,0
5864,99,-44,1577,1577,0,0,0
5865,84,-42,1567,1567,0,0,0
5866,49,-41,1546,1546,0,0,0
5867,36,-41,1556,1556,1,1,0
5868,9,-40,1538,1538,0,0,0
5869,-68,-44,1512,1512,1,1,0
5870,-58,-47,1506,1506,0,0,0
5871,-30,-48,1512,1512,0,0,0
5872,-70,-51,1504,1504,1,1,0
5873,-67,-55,-1506,-1506,0,0,0
5874,-28,-57,1505,1505,0,0,0
5875,-46,-59,-1510,-1510,0,0,0
5876,-54,-63,-1523,-1523,0,0,0
5877,17,-63,1507,1507,0,0,0
5878,25,-64,1507,1507,0,0,0
5879,47,-64,1515,1515,0,0,0
5880,101,-61,1541,1541,0,0,0
5881,82,-59,1532,1532,0,0,0
5882,23,-60,1512,1512,1,0,0
5883,20,-60,1507,1507,0,0,0
5884,43,-58,1517,1517,0,0,0
5885,-26,-59,-1509,-1509,0,1,0
5886,-52,-63,-1529,-1529,0,0,0
5887,0,-63,-1507,-1507,0,0,0
5888,-33,-65,-1527,-1527,0,0,0
5889,-13,-68,-1532,-1532,0,-1,0
5890,80,-66,1515,1515,0,0,0
5891,62,-64,-1502,-1502,-1,0,0
5892,8,-65,-1526,-1526,0,0,0
5893,-5,-66,-1543,-1543,0,-1,0
5894,9,-67,-1534,-1534,0,0,0
5895,0,-67,-1557,-1557,-1,-1,0
5896,-6,-69,-1566,-1566,0,-1,0
5897,-1,-70,-1578,-1578,-1,-1,0
5898,8,-71,-1577,-1577,-1,0,0
5899,28,-74,-1581,-1581,-1,-1,0
5900,144,-72,-1534,-1534,0,-2,0
5901,234,-65,1506,1506,-1,-1,0
5902,254,-58,1525,1525,-1,0,0
5903,234,-51,1514,1514,-1,-1,0
5904,256,-46,1533,1533,0,-1,0
5905,303,-36,1557,1557,-1,-1,0
5906,264,-28,1560,1560,0,0,0
5907,202,-22,1548,1548,0,0,0
5908,143,-18,1533,1533,0,0,0
5909,87,-16,1517,1517,0,0,0
5910,46,-16,1504,1504,0,0,0
5911,41,-17,1526,1526,1,1,0
5912,40,-16,1528,1528,0,0,0
5913,18,-17,1529,1529,0,1,0
5914,12,-18,1525,1525,0,0,0
5915,46,-18,1560,1560,1,1,0
5916,57,-17,1572,1572,1,0,0
5917,43,-17,1572,1572,0,1,0
5918,47,-17,1579,1579,1,0,0
5919,47,-16,1593,1593,0,2,0
5920,28,-13,1599,1599,1,1,0
5921,-104,-14,1525,1525,0,0,0
5922,-279,-25,-1547,-1547,2,1,0
5923,-298,-36,-1559,-1559,0,2,0
5924,-269,-45,-1556,-1556,1,0,0
5925,-268,-54,-1566,-1566,0,1,0
5926,-250,-64,-1579,-1579,0,0,0
5927,-143,-71,-1544,-1544,0,0,0
5928,-28,-74,0,0,0,0,0
5929,63,-73,1527,1527,0,-1,0
5930,74,-71,1529,1529,0,0,0
5931,32,-71,-1504,-1504,0,-1,0
5932,7,-72,-1529,-1529,-1,0,0
5933,27,-72,-1529,-1529,0,-1,0
5934,33,-72,-1524,-1524,0,0,0
5935,14,-72,-1532,-1532,0,0,0
5936,11,-73,-1553,-1553,-1,-1,0
5937,27,-73,-1542,-1542,0,0,0
5938,46,-73,-1548,-1548,-1,-1,0
5939,63,-74,-1544,-1544,0,-1,0
5940,132,-71,-1522,-1522,-1,-1,0
5941,146,-67,-1503,-1503,0,0,0
5942,106,-65,-1533,-1533,-1,-1,0
5943,143,-63,-1525,-1525,-1,-1,0
5944,214,-58,1505,1505,-1,-1,0
5945,258,-51,1525,1525,-1,-1,0
5946,301,-43,1567,1567,0,0,0
5947,339,-34,1596,1596,0,-1,0
5948,311,-24,1592,1592,-1,0,0
5949,256,-17,1584,1584,0,0,0
5950,204,-11,1573,1573,0,0,0
5951,151,-7,1578,1578,1,1,0
5952,100,-5,1568,1568,0,1,0
5953,80,-4,1571,1571,0,1,0
5954,86,-3,1595,1595,1,1,0
5955,71,-1,1585,1585,0,0,0
5956,37,-1,1596,1596,2,1,0
5957,25,0,1595,1595,0,1,0
5958,-79,0,1559,1559,1,1,0
5959,-244,-9,-1529,-1529,0,1,0
5960,-272,-19,-1542,-1542,1,1,0
5961,-256,-28,-1525,-1525,1,2,0
5962,-261,-36,-1537,-1537,1,0,0
5963,-286,-47,-1564,-1564,0,1,0
5964,-186,-55,-1536,-1536,0,0,0
5965,-66,-60,1506,1506,0,0,0
5966,45,-60,1540,1540,0,-1,0
5967,103,-58,1564,1564,0,0,0
5968,83,-56,1551,1551,0,0,0
5969,57,-55,1536,1536,0,0,0
5970,49,-54,1548,1548,1,1,0
5971,48,-54,1542,1542,0,0,0
5972,8,-55,1517,1517,0,0,0
5973,3,-56,1510,1510,0,0,0
5974,16,-54,1514,1514,0,0,0
5975,-73,-56,-1514,-1514,1,1,0
5976,-113,-62,-1544,-1544,0,0,0
5977,-51,-65,-1521,-1521,0,0,0
5978,-64,-67,-1534,-1534,0,0,0
5979,-37,-71,-1528,-1528,0,0,0
5980,67,-70,1510,1510,-1,0,0
5981,78,-68,1507,1507,0,-1,0
5982,28,-68,-1516,-1516,0,0,0
5983,9,-69,-1526,-1526,0,0,0
5984,26,-69,-1517,-1517,0,0,0
5985,29,-68,-1515,-1515,0,0,0
5986,18,-69,-1531,-1531,-1,0,0
5987,22,-69,-1537,-1537,0,-1,0
5988,24,-69,-1533,-1533,0,0,0
5989,12,-70,-1565,-1565,-1,-2,0
5990,11,-70,-1569,-1569,-1,0,0
5991,23,-71,-1567,-1567,0,-1,0
5992,48,-73,-1569,-1569,-1,-1,0
5993,136,-73,-1526,-1526,0,-1,0
5994,279,-64,1538,1538,-1,-1,0
5995,284,-56,1540,1540,-1,-1,0
5996,260,-49,1538,1538,-1,0,0
5997,297,-40,1566,1566,0,-1,0
5998,282,-32,1579,1579,0,0,0
5999,228,-25,1558,1558,-1,0,0
6000,172,-20,1556,1556,1,0,0
6001,116,-17,1538,1538,0,0,0
6002,70,-17,1532,1532,0,1,0
6003,57,-16,1529,1529,0,0,0
6004,49,-15,1529,1529,0,0,0
6005,20,-16,1537,1537,1,1,0
6006,16,-17,1544,1544,1,0,0
6007,50,-16,1566,1566,0,1,0
6008,57,-16,1587,1587,1,1,0
6009,41,-15,1583,1583,0,1,0
6010,22,-14,1589,1589,1,1,0
6011,-65,-12,1541,1541,0,0,0
6012,-287,-23,-1544,-1544,2,2,0
6013,-336,-35,-1581,-1581,0,1,0
6014,-320,-47,-1587,-1587,1,0,0
6015,-251,-57,-1575,-1575,0,0,0
6016,-145,-64,-1540,-1540,0,0,0
6017,-43,-67,-1503,-1503,0,0,0
6018,28,-67,1525,1525,0,0,0
6019,59,-66,1535,1535,0,0,0
6020,37,-66,1510,1510,-1,0,0
6021,19,-66,-1512,-1512,0,-1,0
6022,21,-67,-1512,-1512,0,0,0
6023,24,-67,-1511,-1511,0,0,0
6024,28,-67,-1510,-1510,0,0,0
6025,28,-67,-1510,-1510,0,0,0
6026,28,-67,-1521,-1521,0,-1,0
6027,21,-67,-1532,-1532,0,-1,0
6028,20,-68,-1541,-1541,-1,0,0
6029,27,-68,-1553,-1553,-1,-1,0
6030,31,-68,-1547,-1547,0,0,0
6031,46,-69,-1553,-1553,-1,-1,0
6032,109,-69,-1526,-1526,0,-1,0
6033,205,-63,1513,1513,-1,-1,0
6034,175,-58,1503,1503,0,-1,0
6035,157,-54,-1502,-1502,-1,0,0
6036,195,-50,1529,1529,0,0,0
6037,252,-43,1553,1553,-1,-1,0
6038,207,-36,1547,1547,0,0,0
6039,143,-32,1529,1529,0,0,0
6040,86,-30,1511,1511,0,0,0
6041,44,-30,-1504,-1504,0,0,0
6042,39,-30,1519,1519,1,1,0
6043,41,-30,1521,1521,0,0,0
6044,22,-30,1512,1512,0,0,0
6045,15,-31,1508,1508,0,0,0
6046,49,-30,1526,1526,0,0,0
6047,44,-30,1534,1534,1,0,0
6048,25,-30,1524,1524,0,0,0
6049,26,-31,1533,1533,0,1,0
6050,37,-31,1536,1536,0,0,0
6051,37,-31,1554,1554,1,1,0
6052,40,-31,1561,1561,0,1,0
6053,42,-30,1578,1578,1,1,0
6054,17,-30,1557,1557,0,0,0
6055,-15,-28,1567,1567,2,1,0
6056,-148,-33,1509,1509,1,1,0
6057,-223,-41,-1536,-1536,0,1,0
6058,-289,-51,-1570,-1570,1,1,0
6059,-295,-63,-1586,-1586,0,1,0
6060,-196,-70,-1557,-1557,0,0,0
6061,-142,-75,-1547,-1547,0,0,0
6062,-97,-80,-1539,-1539,0,0,0
6063,11,-82,-1505,-1505,0,-1,0
6064,76,-80,1513,1513,-1,0,0
6065,48,-79,-1502,-1502,0,0,0
6066,3,-80,-1536,-1536,0,-1,0
6067,7,-81,-1545,-1545,-1,0,0
6068,35,-80,-1539,-1539,0,-1,0
6069,19,-81,-1554,-1554,0,-1,0
6070,6,-82,-1577,-1577,-1,-1,0
6071,27,-82,-1571,-1571,-1,0,0
6072,58,-84,-1571,-1571,-1,-1,0
6073,179,-82,-1512,-1512,0,-1,0
6074,278,-73,1532,1532,-1,-1,0
6075,255,-66,1519,1519,-1,-1,0
6076,282,-59,1541,1541,-1,0,0
6077,338,-49,1579,1579,0,-1,0
6078,326,-40,1593,1593,0,0,0
6079,271,-32,1584,1584,0,0,0
6080,211,-26,1569,1569,0,0,0
6081,153,-21,1552,1552,0,0,0
6082,95,-19,1541,1541,0,1,0
6083,61,-19,1528,1528,0,0,0
6084,53,-19,1538,1538,1,0,0
6085,32,-18,1549,1549,1,1,0
6086,21,-19,1551,1551,0,1,0
6087,48,-19,1579,1579,1,1,0
6088,61,-18,1590,1590,0,1,0
6089,11,-17,1571,1571,1,0,0
6090,-119,-17,1511,1511,0,1,0
6091,-315,-29,-1572,-1572,2,1,0
6092,-308,-40,-1570,-1570,0,2,0
6093,-280,-51,-1569,-1569,1,0,0
6094,-265,-60,-1582,-1582,0,0,0
6095,-227,-68,-1583,-1583,0,0,0
6096,-150,-76,-1561,-1561,0,0,0
6097,-36,-79,-1516,-1516,0,0,0
6098,61,-78,1516,1516,-1,0,0
6099,63,-76,1504,1504,0,-1,0
6100,16,-76,-1530,-1530,0,-1,0
6101,6,-78,-1546,-1546,-1,0,0
6102,33,-78,-1541,-1541,0,-1,0
6103,25,-77,-1560,-1560,-1,-1,0
6104,12,-79,-1563,-1563,0,0,0
6105,35,-79,-1566,-1566,-1,-1,0
6106,78,-81,-1540,-1540,0,0,0
6107,194,-76,-1505,-1505,-1,-2,0
6108,240,-69,1534,1534,0,0,0
6109,220,-63,1508,1508,-2,-1,0
6110,222,-58,1525,1525,0,0,0
6111,319,-50,1579,1579,0,-1,0
6112,324,-40,1591,1591,-1,0,0
6113,264,-32,1580,1580,0,0,0
6114,207,-26,1566,1566,0,0,0
6115,148,-22,1557,1557,1,0,0
6116,91,-20,1546,1546,0,1,0
6117,56,-20,1532,1532,0,0,0
6118,56,-20,1543,1543,0,1,0
6119,52,-19,1552,1552,1,0,0
6120,50,-19,1579,1579,1,2,0
6121,67,-17,1583,1583,0,0,0
6122,55,-16,1593,1593,1,1,0
6123,-19,-13,1564,1564,0,1,0
6124,-189,-20,-1512,-1512,1,1,0
6125,-221,-29,-1526,-1526,1,1,0
6126,-252,-38,-1540,-1540,1,1,0
6127,-272,-48,-1572,-1572,0,0,0
6128,-207,-56,-1549,-1549,1,0,0
6129,-160,-63,-1543,-1543,0,0,0
6130,-67,-68,-1522,-1522,-1,0,0
6131,43,-67,1525,1525,0,0,0
6132,90,-65,1536,1536,0,-1,0
6133,57,-64,1518,1518,0,0,0
6134,27,-64,1501,1501,0,0,0
6135,36,-64,1504,1504,0,0,0
6136,43,-64,1506,1506,0,0,0
6137,37,-64,1502,1502,0,0,0
6138,40,-64,1502,1502,0,0,0
6139,47,-63,1515,1515,1,0,0
6140,41,-63,1520,1520,0,1,0
6141,34,-63,1514,1514,0,0,0
6142,42,-63,1515,1515,0,0,0
6143,47,-62,1525,1525,1,0,0
6144,33,-61,1516,1516,0,0,0
6145,-45,-64,-1517,-1517,0,1,0
6146,-94,-66,-1536,-1536,1,0,0
6147,-118,-71,-1547,-1547,1,0,0
6148,-87,-75,-1543,-1543,0,0,0
6149,-52,-79,-1545,-1545,-1,0,0
6150,26,-79,-1510,-1510,0,0,0
6151,74,-77,-1507,-1507,-1,-1,0
6152,35,-77,-1524,-1524,0,0,0
6153,1,-78,-1560,-1560,-1,-1,0
6154,4,-79,-1556,-1556,0,0,0
6155,7,-79,-1580,-1580,-1,-2,0
6156,-2,-80,-1578,-1578,0,0,0
6157,8,-81,-1598,-1598,-2,-1,0
6158,49,-84,-1592,-1592,-1,-1,0
6159,211,-81,-1509,-1509,0,-1,0
6160,340,-71,1543,1543,-1,-2,0
6161,327,-61,1540,1540,-2,0,0
6162,324,-52,1553,1553,0,-1,0
6163,363,-41,1566,1566,-1,-2,0
6164,348,-32,1583,1583,0,0,0
6165,346,-22,1596,1596,-1,0,0
6166,306,-13,1598,1598,0,0,0
6167,