#start mode=1 prof=3 force=0 gear=HEAVY kp=9600.0 kd=48.0 vkp=6200.0 vki=31.0 lb=7.5 ea=21.9 rms=0.0 dead=1500 vbat=12.0
#seq,gyro,ang_c,ml,mr,el,er,inj
0,-166,-70,-1536,-1536,0,0,0
1,-118,-77,-1518,-1518,1,0,0
2,-8,-80,1524,1524,0,0,0
3,81,-78,1561,1561,0,0,0
4,77,-76,1554,1554,0,0,0
5,67,-75,1555,1555,0,1,0
6,50,-74,1542,1542,0,0,0
7,-17,-75,1505,1505,0,0,0
8,-38,-77,-1502,-1502,1,0,0
9,-34,-79,-1507,-1507,0,0,0
10,-61,-82,-1527,-1527,0,0,0
11,-41,-86,-1524,-1524,0,0,0
12,51,-86,1517,1517,0,0,0
13,103,-83,1542,1542,0,0,0
14,88,-81,1535,1535,0,0,0
15,56,-80,1518,1518,0,0,0
16,40,-80,1509,1509,0,0,0
17,48,-80,1513,1513,0,0,0
18,54,-79,1515,1515,0,0,0
19,49,-78,1513,1513,0,0,0
20,9,-77,-1507,-1507,0,0,0
21,-35,-81,-1532,-1532,0,0,0
22,8,-82,-1513,-1513,0,0,0
23,37,-82,0,0,0,0,0
24,54,-81,1509,1509,0,0,0
25,53,-80,1510,1510,0,0,0
26,34,-80,-1510,-1510,-1,0,0
27,25,-81,-1513,-1513,0,0,0
28,34,-80,-1508,-1508,0,0,0
29,35,-80,-1506,-1506,0,0,0
30,31,-80,-1507,-1507,0,0,0
31,34,-80,-1516,-1516,0,-1,0
32,31,-80,-1515,-1515,0,0,0
33,29,-80,-1524,-1524,-1,0,0
34,29,-81,-1521,-1521,0,0,0
35,30,-81,-1538,-1538,-1,-1,0
36,28,-81,-1534,-1534,0,0,0
37,30,-81,-1539,-1539,0,-1,0
38,29,-81,-1544,-1544,-1,0,0
39,26,-81,-1549,-1549,0,-1,0
40,33,-81,-1540,-1540,0,0,0
41,49,-81,-1536,-1536,-1,0,0
42,59,-81,-1535,-1535,0,-1,0
43,133,-82,-1533,-1533,-2,-2,0
44,323,-73,1578,1578,0,0,0
45,338,-63,1585,1585,-1,-1,0
46,281,-56,1575,1575,0,0,0
47,294,-47,1590,1590,0,-1,0
48,272,-40,1594,1594,0,0,0
49,217,-33,1592,1592,0,1,0
50,160,-29,1585,1585,1,0,0
51,100,-26,1561,1561,0,0,0
52,63,-25,1557,1557,0,1,0
53,57,-25,1585,1585,2,1,0
54,71,-23,1599,1599,0,1,0
55,66,-22,1612,1612,1,1,0
56,22,-18,1588,1588,0,0,0
57,-149,-23,1515,1515,1,1,0
58,-210,-32,1510,1510,2,2,0
59,-201,-40,1512,1512,1,1,0
60,-256,-47,-1535,-1535,0,0,0
61,-336,-57,-1575,-1575,1,1,0
62,-364,-70,-1594,-1594,1,1,0
63,-281,-82,-1579,-1579,0,0,0
64,-170,-90,-1536,-1536,0,1,0
65,-58,-94,-1507,-1507,0,-1,0
66,47,-94,1526,1526,-1,0,0
67,96,-91,1537,1537,0,-1,0
68,84,-89,1530,1530,0,0,0
69,49,-88,1511,1511,0,0,0
70,22,-89,-1514,-1514,-1,0,0
71,27,-89,-1512,-1512,0,0,0
72,39,-88,-1506,-1506,0,0,0
73,31,-88,-1520,-1520,0,-1,0
74,23,-88,-1523,-1523,0,0,0
75,25,-88,-1530,-1530,-1,0,0
76,20,-88,-1530,-1530,0,0,0
77,16,-89,-1541,-1541,0,-1,0
78,32,-89,-1549,-1549,-1,-1,0
79,21,-90,-1569,-1569,-1,-1,0
80,49,-90,-1548,-1548,0,0,0
81,119,-89,-1526,-1526,-1,-1,0
82,184,-85,1515,1515,0,0,0
83,228,-80,1540,1540,0,-1,0
84,245,-73,1552,1552,-1,0,0
85,254,-66,1562,1562,0,-1,0
86,215,-60,1557,1557,0,0,0
87,158,-56,1541,1541,0,0,0
88,101,-53,1533,1533,1,0,0
89,49,-52,1522,1522,0,1,0
90,24,-52,1511,1511,0,0,0
91,20,-52,1520,1520,1,0,0
92,31,-53,1534,1534,0,1,0
93,38,-53,1535,1535,0,0,0
94,22,-53,1545,1545,2,0,0
95,15,-54,1546,1546,0,1,0
96,26,-54,1557,1557,1,0,0
97,-2,-54,1557,1557,1,1,0
98,-76,-55,1523,1523,0,1,0
99,-240,-62,-1551,-1551,1,1,0
100,-311,-74,-1597,-1597,1,0,0
101,-233,-82,-1568,-1568,0,1,0
102,-174,-89,-1556,-1556,0,0,0
103,-122,-95,-1545,-1545,0,0,0
104,-53,-99,-1533,-1533,0,-1,0
105,21,-99,-1502,-1502,0,0,0
106,38,-98,-1507,-1507,-1,0,0
107,-4,-99,-1549,-1549,-1,-1,0
108,-30,-101,-1561,-1561,0,0,0
109,-15,-102,-1574,-1574,-1,-1,0
110,-3,-103,-1584,-1584,-1,-1,0
111,-15,-105,-1596,-1596,0,-1,0
112,-11,-106,-1607,-1607,-2,0,0
113,31,-110,-1601,-1601,-1,-1,0
114,228,-107,-1513,-1513,0,-2,0
115,420,-94,1583,1583,-1,-1,0
116,387,-83,1561,1561,-2,-1,0
117,350,-75,1557,1557,0,-1,0
118,412,-63,1603,1603,-1,0,0
119,379,-52,1612,1612,0,0,0
120,316,-42,1603,1603,0,0,0
121,255,-35,1590,1590,0,0,0
122,194,-29,1584,1584,0,1,0
123,129,-26,1581,1581,1,1,0
124,59,-24,1551,1551,0,0,0
125,3,-25,1536,1536,0,1,0
126,-37,-23,1547,1547,2,1,0
127,-164,-30,-1515,-1515,0,1,0
128,-139,-37,1504,1504,1,1,0
129,-84,-41,1518,1518,0,0,0
130,-96,-45,1512,1512,0,1,0
131,-145,-50,-1504,-1504,1,1,0
132,-164,-56,-1518,-1518,0,1,0
133,-145,-62,-1523,-1523,0,0,0
134,-95,-67,-1502,-1502,1,0,0
135,-30,-70,1518,1518,0,0,0
136,29,-71,1549,1549,0,1,0
137,48,-71,1551,1551,0,0,0
138,65,-70,1564,1564,1,0,0
139,35,-69,1545,1545,0,0,0
140,-19,-71,1511,1511,0,0,0
141,-25,-72,1512,1512,1,0,0
142,-50,-74,-1507,-1507,0,0,0
143,-76,-78,-1528,-1528,0,0,0
144,-46,-81,-1521,-1521,0,0,0
145,-18,-83,-1513,-1513,0,0,0
146,39,-83,1512,1512,0,0,0
147,85,-81,1534,1534,0,0,0
148,93,-79,1538,1538,0,0,0
149,72,-78,1528,1528,0,0,0
150,47,-78,1514,1514,0,0,0
151,50,-78,1515,1515,0,0,0
152,60,-77,1519,1519,0,0,0
153,58,-76,1518,1518,0,0,0
154,56,-74,1529,1529,0,1,0
155,23,-73,1511,1511,0,0,0
156,-38,-76,-1513,-1513,1,0,0
157,-5,-78,-1502,-1502,0,0,0
158,20,-78,-1502,-1502,-1,0,0
159,0,-80,-1515,-1515,0,0,0
160,68,-79,1509,1509,0,-1,0
161,94,-77,1525,1525,0,0,0
162,54,-76,-1503,-1503,-1,0,0
163,29,-76,-1513,-1513,0,0,0
164,34,-76,-1508,-1508,0,0,0
165,40,-75,-1513,-1513,0,-1,0
166,41,-75,-1509,-1509,0,0,0
167,38,-75,-1518,-1518,-1,0,0
168,29,-75,-1529,-1529,0,-1,0
169,31,-75,-1533,-1533,-1,0,0
170,33,-75,-1537,-1537,0,-1,0
171,27,-75,-1534,-1534,0,0,0
172,21,-76,-1552,-1552,-1,-1,0
173,40,-76,-1536,-1536,0,0,0
174,74,-75,-1522,-1522,0,-1,0
175,60,-76,-1533,-1533,-1,0,0
176,151,-74,-1501,-1501,0,-2,0
177,268,-67,1561,1561,-1,0,0
178,287,-59,1568,1568,-1,-1,0
179,271,-51,1578,1578,0,0,0
180,259,-44,1579,1579,0,-1,0
181,226,-38,1577,1577,0,0,0
182,171,-33,1572,1572,0,1,0
183,110,-30,1551,1551,0,0,0
184,54,-29,1541,1541,1,0,0
185,32,-30,1551,1551,1,1,0
186,52,-30,1560,1560,0,0,0
187,76,-28,1600,1600,1,2,0
188,67,-27,1591,1591,0,0,0
189,41,-27,1595,1595,1,1,0
190,24,-23,1603,1603,1,1,0
191,-138,-27,1533,1533,1,1,0
192,-232,-36,-1512,-1512,1,1,0
193,-271,-46,-1532,-1532,1,1,0
194,-303,-56,-1560,-1560,0,1,0
195,-297,-64,-1568,-1568,1,0,0
196,-318,-76,-1602,-1602,0,0,0
197,-230,-86,-1589,-1589,-1,0,0
198,-116,-92,-1547,-1547,0,0,0
199,-1,-94,-1510,-1510,0,-1,0
200,81,-92,1517,1517,-1,0,0
201,76,-90,-1504,-1504,-1,-1,0
202,36,-90,-1521,-1521,0,0,0
203,38,-90,-1528,-1528,0,-1,0
204,48,-89,-1550,-1550,-2,-1,0
205,92,-89,-1521,-1521,0,0,0
206,158,-84,1511,1511,0,-1,0
207,144,-82,1503,1503,-1,0,0
208,156,-80,1518,1518,0,0,0
209,228,-74,1563,1563,0,0,0
210,201,-68,1560,1560,0,0,0
211,144,-64,1542,1542,0,0,0
212,91,-62,1522,1522,0,0,0
213,57,-61,1520,1520,1,0,0
214,47,-60,1517,1517,0,0,0
215,41,-59,1536,1536,1,1,0
216,32,-60,1538,1538,1,0,0
217,35,-60,1546,1546,0,1,0
218,35,-60,1562,1562,1,1,0
219,23,-60,1569,1569,1,1,0
220,7,-58,1554,1554,0,0,0
221,-119,-59,1515,1515,2,1,0
222,-294,-70,-1591,-1591,0,0,0
223,-300,-82,-1595,-1595,1,1,0
224,-202,-90,-1555,-1555,0,1,0
225,-154,-95,-1548,-1548,0,0,0
226,-140,-102,-1567,-1567,0,-1,0
227,-35,-105,-1526,-1526,0,0,0
228,47,-104,0,0,0,-1,0
229,36,-103,-1517,-1517,0,-1,0
230,-16,-104,-1554,-1554,-1,0,0
231,-37,-107,-1575,-1575,0,-1,0
232,-26,-109,-1580,-1580,-1,0,0
233,-19,-110,-1604,-1604,-1,-2,0
234,-24,-112,-1601,-1601,0,0,0
235,-11,-116,-1612,-1612,-1,-1,0
236,110,-116,-1565,-1565,-1,-1,0
237,216,-110,-1537,-1537,-2,-2,0
238,220,-104,-1526,-1526,0,-1,0
239,319,-97,1523,1523,-1,-1,0
240,435,-85,1574,1574,-1,-2,0
241,442,-72,1598,1598,-1,0,0
242,392,-61,1580,1580,-1,-1,0
243,331,-51,1577,1577,0,0,0
244,267,-43,1568,1568,0,0,0
245,202,-37,1553,1553,0,0,0
246,135,-33,1534,1534,0,0,0
247,65,-32,1530,1530,1,1,0
248,11,-33,1517,1517,1,0,0
249,13,-35,1528,1528,0,1,0
250,34,-35,1548,1548,0,1,0
251,26,-35,1563,1563,1,1,0
252,13,-36,1561,1561,0,1,0
253,-14,-34,1555,1555,1,0,0
254,-183,-39,-1527,-1527,0,1,0
255,-280,-50,-1572,-1572,1,1,0
256,-190,-58,-1525,-1525,1,1,0
257,-150,-64,-1522,-1522,0,0,0
258,-122,-70,-1523,-1523,0,0,0
259,-39,-74,1506,1506,0,0,0
260,58,-74,1547,1547,0,0,0
261,105,-71,1567,1567,0,0,0
262,90,-69,1557,1557,0,0,0
263,55,-69,1537,1537,0,0,0
264,29,-69,1530,1530,1,0,0
265,12,-69,1519,1519,0,0,0
266,-32,-70,1504,1504,0,1,0
267,-57,-73,-1517,-1517,0,0,0
268,-28,-75,-1508,-1508,0,0,0
269,-41,-77,-1518,-1518,0,0,0
270,-53,-81,-1531,-1531,0,0,0
271,33,-82,1507,1507,0,0,0
272,98,-79,1539,1539,0,0,0
273,69,-78,1514,1514,-1,0,0
274,33,-78,-1502,-1502,0,0,0
275,39,-79,0,0,0,0,0
276,53,-78,1508,1508,0,0,0
277,45,-77,1504,1504,0,0,0
278,47,-77,1516,1516,1,0,0
279,48,-76,1516,1516,0,0,0
280,27,-76,1514,1514,0,1,0
281,23,-77,1509,1509,0,0,0
282,26,-77,1519,1519,0,1,0
283,7,-77,1505,1505,0,0,0
284,-7,-78,1504,1504,0,1,0
285,-13,-79,-1502,-1502,0,0,0
286,-54,-82,-1519,-1519,1,0,0
287,-56,-85,-1536,-1536,-1,0,0
288,-14,-87,-1520,-1520,0,0,0
289,49,-88,1507,1507,0,0,0
290,92,-86,1529,1529,0,0,0
291,68,-85,1506,1506,-1,0,0
292,51,-84,0,0,0,0,0
293,62,-83,1506,1506,0,0,0
294,69,-82,1511,1511,0,0,0
295,61,-81,1508,1508,0,0,0
296,56,-81,1517,1517,1,0,0
297,50,-79,1514,1514,0,0,0
298,32,-79,1504,1504,0,0,0
299,42,-80,1508,1508,0,0,0
300,64,-78,1518,1518,0,0,0
301,46,-78,1509,1509,0,0,0
302,30,-78,1511,1511,1,0,0
303,35,-78,1512,1512,0,0,0
304,2,-79,-1506,-1506,0,0,0
305,-13,-80,-1516,-1516,0,0,0
306,20,-80,-1501,-1501,0,0,0
307,21,-81,-1502,-1502,0,0,0
308,32,-81,-1508,-1508,-1,0,0
309,32,-80,-1507,-1507,0,0,0
310,7,-81,-1529,-1529,0,-1,0
311,-4,-82,-1543,-1543,-1,0,0
312,6,-83,-1546,-1546,0,-1,0
313,7,-84,-1572,-1572,-2,-1,0
314,3,-84,-1566,-1566,0,0,0
315,1,-86,-1581,-1581,-1,-1,0
316,15,-86,-1565,-1565,0,0,0
317,29,-88,-1572,-1572,-1,-1,0
318,115,-86,-1540,-1540,-1,-1,0
319,241,-83,1514,1514,-1,-1,0
320,371,-73,1578,1578,-1,-1,0
321,374,-63,1593,1593,0,-1,0
322,352,-53,1594,1594,-1,0,0
323,350,-43,1615,1615,0,0,0
324,300,-35,1610,1610,0,0,0
325,243,-28,1597,1597,0,0,0
326,186,-23,1601,1601,1,1,0
327,126,-19,1579,1579,0,0,0
328,67,-17,1576,1576,1,1,0
329,24,-15,1567,1567,0,1,0
330,-66,-16,1550,1550,2,1,0
331,-127,-23,1518,1518,0,1,0
332,-65,-27,1555,1555,1,1,0
333,-62,-28,1557,1557,1,0,0
334,-191,-35,0,0,0,2,0
335,-277,-46,-1533,-1533,2,1,0
336,-210,-52,-1520,-1520,0,0,0
337,-204,-59,-1515,-1515,1,1,0
338,-214,-68,-1542,-1542,0,0,0
339,-148,-75,-1527,-1527,0,0,0
340,-42,-79,1511,1511,0,0,0
341,64,-79,1554,1554,0,0,0
342,117,-76,1576,1576,0,0,0
343,137,-73,1583,1583,0,0,0
344,121,-69,1574,1574,0,0,0
345,64,-67,1555,1555,1,0,0
346,7,-68,1522,1522,0,0,0
347,9,-69,1518,1518,0,0,0
348,4,-69,1512,1512,0,0,0
349,-21,-71,-1505,-1505,0,0,0
350,-1,-73,1502,1502,0,0,0
351,17,-73,1509,1509,0,0,0
352,16,-74,1505,1505,0,0,0
353,69,-73,1530,1530,0,0,0
354,72,-71,1533,1533,0,0,0
355,13,-71,1503,1503,0,0,0
356,12,-72,1510,1510,1,0,0
357,38,-72,1522,1522,0,0,0
358,14,-72,1507,1507,0,0,0
359,14,-73,1504,1504,0,0,0
360,38,-73,1516,1516,0,0,0
361,19,-73,1505,1505,0,0,0
362,14,-74,1501,1501,0,0,0
363,30,-74,1508,1508,0,0,0
364,21,-74,1502,1502,0,0,0
365,13,-75,-1502,-1502,0,0,0
366,23,-75,1501,1501,0,0,0
367,19,-75,-1511,-1511,-1,0,0
368,14,-76,-1513,-1513,0,0,0
369,36,-76,-1501,-1501,0,0,0
370,21,-75,-1507,-1507,0,0,0
371,-4,-77,-1540,-1540,-1,-1,0
372,-3,-78,-1536,-1536,0,0,0
373,6,-78,-1539,-1539,0,-1,0
374,4,-79,-1547,-1547,-1,0,0
#chirp amp=500 0.5-25Hz 20s
375,-3,-80,-1566,-1566,-1,-1,0
376,0,-81,-1571,-1571,-1,-1,7
377,5,-83,-1572,-1572,-1,-1,15
378,46,-83,-1535,-1535,0,0,23
379,110,-84,-1507,-1507,-1,-1,31
380,277,-78,1568,1568,-1,-2,40
381,365,-67,1622,1622,-1,-1,48
382,347,-57,1646,1646,0,0,56
383,317,-48,1661,1661,0,0,65
384,269,-41,1662,1662,0,0,73
385,217,-35,1661,1661,0,0,82
386,166,-30,1657,1657,0,0,91
387,112,-27,1678,1678,2,1,99
388,57,-26,1672,1672,0,1,108
389,21,-26,1694,1694,1,2,117
390,-5,-22,1708,1708,1,1,126
391,-227,-27,1628,1628,2,1,135
392,-429,-42,1555,1555,2,2,144
393,-506,-59,1525,1525,2,1,153
394,-553,-78,1515,1515,1,3,162
395,-520,-92,1525,1525,1,1,171
396,-584,-109,1506,1506,2,2,180
397,-600,-131,-1517,-1517,1,1,190
398,-485,-147,1540,1540,2,1,199
399,-487,-160,1541,1541,1,2,208
400,-608,-180,-1532,-1532,1,1,217
401,-550,-200,1502,1502,2,2,226
402,-442,-212,1545,1545,1,1,236
403,-457,-226,1528,1528,1,1,245
404,-490,-243,1502,1502,1,1,254
405,-479,-259,1516,1516,2,2,263
406,-435,-272,1528,1528,1,1,272
407,-469,-285,-1516,-1516,0,0,281
408,-515,-303,-1547,-1547,1,1,290
409,-492,-318,-1523,-1523,2,2,299
410,-501,-334,-1556,-1556,0,0,308
411,-485,-350,-1566,-1566,0,1,316
412,-414,-364,-1555,-1555,0,0,325
413,-330,-376,-1532,-1532,0,0,334
414,-252,-385,-1517,-1517,0,-1,342
415,-206,-391,-1501,-1501,0,0,351
416,-217,-397,-1512,-1512,0,0,359
417,-259,-405,-1569,-1569,-2,-1,367
418,-287,-414,-1593,-1593,0,-1,375
419,-305,-423,-1612,-1612,-1,0,383
420,-332,-433,-1635,-1635,0,-1,390
421,-344,-444,-1661,-1661,-1,-1,398
422,-327,-455,-1670,-1670,-1,-1,405
423,-284,-465,-1663,-1663,-1,-1,412
424,-151,-474,-1610,-1610,-1,-1,419
425,40,-474,-1540,-1540,-2,-2,426
426,70,-472,-1531,-1531,-1,-2,432
427,53,-471,-1534,-1534,-1,-1,439
428,102,-468,-1523,-1523,-2,-2,445
429,53,-466,-1538,-1538,-1,-1,450
430,-11,-468,-1574,-1574,-1,-2,456
431,14,-468,-1574,-1574,-2,-2,461
432,14,-467,-1573,-1573,-2,-1,466
433,-45,-470,-1604,-1604,-1,-2,471
434,-24,-472,-1586,-1586,-1,-1,475
435,12,-472,-1579,-1579,-2,-2,479
436,-6,-473,-1587,-1587,-1,-2,483
437,0,-474,-1585,-1585,-2,-1,486
438,15,-475,-1577,-1577,-1,-2,489
439,8,-475,-1580,-1580,-1,-2,492
440,5,-476,-1593,-1593,-2,-2,494
441,21,-476,-1593,-1593,-2,-2,496
442,15,-476,-1603,-1603,-2,-2,497
443,10,-477,-1593,-1593,-1,-1,498
444,15,-477,-1600,-1600,-1,-3,499
445,11,-478,-1600,-1600,-2,-1,499
446,2,-478,-1624,-1624,-2,-3,499
447,12,-479,-1615,-1615,-2,-1,499
448,29,-479,-1615,-1615,-1,-3,498
449,13,-479,-1641,-1641,-3,-2,496
450,24,-480,-1631,-1631,-1,-2,495
451,54,-479,-1623,-1623,-2,-2,492
452,72,-478,-1631,-1631,-2,-3,489
453,63,-477,-1639,-1639,-2,-2,486
454,73,-476,-1639,-1639,-2,-2,482
455,94,-474,-1654,-1654,-3,-3,478
456,111,-471,-1636,-1636,-1,-2,473
457,134,-468,-1648,-1648,-3,-3,468
458,152,-464,-1649,-1649,-2,-3,462
459,143,-461,-1663,-1663,-3,-2,456
460,146,-458,-1671,-1671,-2,-3,449
461,183,-453,-1661,-1661,-2,-3,442
462,202,-447,-1669,-1669,-3,-3,434
463,190,-442,-1681,-1681,-2,-3,426
464,205,-437,-1690,-1690,-3,-3,418
465,237,-431,-1688,-1688,-3,-3,408
466,245,-424,-1696,-1696,-2,-4,399
467,253,-418,-1716,-1716,-4,-3,388
468,300,-410,-1700,-1700,-3,-3,378
469,299,-402,-1710,-1710,-3,-3,366
470,333,-393,-1711,-1711,-3,-4,355
471,386,-382,-1699,-1699,-3,-4,343
472,379,-372,-1717,-1717,-3,-4,330
473,409,-361,-1724,-1724,-4,-4,317
474,462,-347,-1717,-1717,-4,-4,303
475,450,-334,-1728,-1728,-3,-4,289
476,449,-323,-1746,-1746,-4,-4,275
477,531,-308,-1720,-1720,-4,-4,260
478,538,-292,-1726,-1726,-4,-4,245
479,545,-278,-1745,-1745,-4,-5,229
480,626,-260,-1712,-1712,-4,-4,213
481,622,-242,-1729,-1729,-4,-5,197
482,624,-225,-1742,-1742,-4,-5,180
483,688,-205,-1722,-1722,-4,-5,163
484,714,-185,-1718,-1718,-5,-4,146
485,744,-164,-1710,-1710,-4,-5,128
486,755,-143,-1720,-1720,-4,-6,110
487,787,-120,-1718,-1718,-5,-5,92
488,827,-96,-1688,-1688,-4,-4,74
489,833,-73,-1706,-1706,-5,-6,55
490,867,-49,-1698,-1698,-5,-5,36
491,920,-23,-1665,-1665,-4,-5,18
492,943,3,-1658,-1658,-5,-5,-1
493,954,31,-1656,-1656,-4,-6,-20
494,993,60,-1636,-1636,-5,-5,-39
495,1018,89,-1623,-1623,-5,-5,-58
496,1009,118,-1636,-1636,-5,-6,-77
497,1019,146,-1616,-1616,-4,-5,-96
498,1037,176,-1605,-1605,-5,-5,-116
499,1044,206,-1598,-1598,-4,-6,-135
500,1067,237,-1582,-1582,-5,-5,-154
501,1088,267,-1545,-1545,-4,-4,-172
502,1128,300,-1522,-1522,-5,-5,-191
503,1125,332,-1527,-1527,-5,-6,-209
504,1117,364,-1512,-1512,-4,-5,-227
505,1133,396,1522,1522,-4,-4,-245
506,1169,430,1545,1545,-5,-5,-263
507,1198,463,1585,1585,-3,-5,-280
508,1269,499,1647,1647,-4,-4,-297
509,1334,536,1736,1736,-2,-3,-313
510,1399,576,1811,1811,-3,-3,-329
511,1375,621,1845,1845,-3,-3,-344
512,1019,660,1751,1751,-1,-1,-359
513,283,669,-1563,-1563,-1,-1,-374
514,45,666,-1645,-1645,0,-1,-387
515,125,671,-1574,-1574,0,-1,-400
516,-37,669,-1652,-1652,-2,-1,-413
517,-143,662,-1680,-1680,0,0,-424
518,-86,656,-1664,-1664,-1,-2,-435
519,-31,653,-1657,-1657,-2,-2,-445
520,19,650,-1641,-1641,-2,-1,-455
521,83,647,-1617,-1617,-1,-2,-463
522,273,647,-1531,-1531,-2,-1,-471
523,616,662,1634,1634,-1,-3,-478
524,803,683,1741,1741,-2,-1,-484
525,896,707,1807,1807,-1,-2,-489
526,990,733,1885,1885,-1,-1,-493
527,1104,763,1995,1995,0,0,-496
528,1149,805,2091,2091,0,1,-498
529,707,834,1965,1965,2,2,-499
530,1,831,1663,1663,2,1,-499
531,-314,816,1553,1553,2,3,-498
532,-305,811,1599,1599,2,3,-496
533,-520,795,1522,1522,3,2,-493
534,-607,771,-1507,-1507,2,3,-489
535,-447,753,1585,1585,2,3,-484
536,-365,737,1630,1630,2,2,-478
537,-236,725,1707,1707,2,3,-471
538,-32,724,1822,1822,2,2,-462
539,-92,722,1807,1807,2,2,-453
540,-230,710,1768,1768,2,4,-442
541,-125,704,1845,1845,3,3,-431
542,-156,701,1849,1849,3,2,-418
543,-335,689,1782,1782,2,4,-405
544,-338,675,1818,1818,4,4,-390
545,-278,667,1874,1874,3,4,-375
546,-452,653,1821,1821,4,4,-358
547,-569,632,1794,1794,4,5,-341
548,-465,617,1877,1877,4,5,-323
549,-528,601,1875,1875,5,4,-304
550,-687,577,1816,1816,4,5,-284
551,-642,555,1865,1865,5,5,-263
552,-636,536,1904,1904,5,6,-242
553,-747,512,1869,1869,5,5,-220
554,-808,484,1873,1873,5,7,-197
555,-779,460,1907,1907,6,5,-174
556,-848,434,1901,1901,5,7,-150
557,-938,403,1889,1889,7,6,-126
558,-947,373,1910,1910,6,7,-101
559,-994,342,1909,1909,6,7,-76
560,-1053,310,1886,1886,6,6,-51
561,-1114,274,1878,1878,7,7,-25
562,-1121,238,1902,1902,7,8,0
563,-1120,204,1917,1917,7,7,26
564,-1193,167,1901,1901,7,8,52
565,-1266,128,1869,1869,7,7,77
566,-1320,87,1863,1863,8,8,103
567,-1352,45,1861,1861,8,8,129
568,-1376,2,1838,1838,7,7,154
569,-1411,-40,1830,1830,8,8,179
570,-1478,-87,1798,1798,8,8,203
571,-1504,-133,1794,1794,8,9,227
572,-1538,-180,1752,1752,7,7,251
573,-1598,-230,1714,1714,7,9,273
574,-1583,-280,1712,1712,8,8,296
575,-1542,-327,1710,1710,8,7,317
576,-1557,-374,1690,1690,8,8,337
577,-1575,-423,1657,1657,7,8,357
578,-1558,-472,1649,1649,8,8,375
579,-1527,-519,1648,1648,8,8,393
580,-1501,-566,1632,1632,7,8,409
581,-1504,-611,1602,1602,8,7,424
582,-1546,-658,1553,1553,7,8,438
583,-1585,-707,1503,1503,7,8,451
584,-1595,-755,-1546,-1546,7,7,462
585,-1595,-804,-1567,-1567,8,8,472
586,-1599,-852,-1633,-1633,6,6,481
587,-1631,-900,-1711,-1711,6,6,487
588,-1685,-950,-1817,-1817,5,5,493
589,-1738,-1004,-1932,-1932,4,5,497
590,-1592,-1061,-1958,-1958,4,4,499
591,-857,-1093,-1694,-1694,3,3,499
592,-262,-1100,1518,1518,2,2,498
593,-196,-1109,-1518,-1518,2,2,496
594,96,-1109,1550,1550,1,1,491
595,354,-1097,1634,1634,2,1,485
596,301,-1086,1583,1583,2,2,478
597,243,-1077,1520,1520,2,1,469
598,197,-1070,-1534,-1534,1,2,458
599,137,-1065,-1604,-1604,1,1,445
600,86,-1060,-1657,-1657,2,1,431
601,22,-1058,-1726,-1726,1,1,415
602,-58,-1058,-1802,-1802,1,1,398
603,-127,-1060,-1893,-1893,0,0,380
604,-217,-1065,-2002,-2002,0,-1,360
605,-231,-1073,-2094,-2094,-1,-2,338
606,123,-1077,-1986,-1986,-1,-1,316
607,743,-1058,-1765,-1765,-3,-3,292
608,971,-1026,-1719,-1719,-3,-4,267
609,908,-1000,-1798,-1798,-3,-3,241
610,1120,-968,-1744,-1744,-3,-4,214
611,1305,-925,-1685,-1685,-3,-4,186
612,1184,-889,-1784,-1784,-4,-4,157
613,1116,-856,-1853,-1853,-4,-4,128
614,1175,-820,-1844,-1844,-3,-4,98
615,1201,-782,-1856,-1856,-4,-4,67
616,1200,-749,-1891,-1891,-4,-5,37
617,1301,-711,-1868,-1868,-5,-4,6
618,1394,-667,-1849,-1849,-4,-6,-25
619,1385,-626,-1885,-1885,-5,-6,-56
620,1476,-583,-1866,-1866,-6,-5,-87
621,1552,-536,-1845,-1845,-5,-6,-117
622,1550,-490,-1847,-1847,-5,-5,-148
623,1620,-443,-1842,-1842,-6,-7,-178
624,1720,-392,-1802,-1802,-6,-6,-207
625,1770,-338,-1787,-1787,-6,-7,-235
626,1766,-285,-1785,-1785,-6,-6,-263
627,1786,-232,-1768,-1768,-6,-6,-290
628,1833,-178,-1743,-1743,-6,-7,-315
629,1848,-123,-1729,-1729,-6,-7,-340
630,1864,-69,-1699,-1699,-6,-6,-362
631,1914,-11,-1670,-1670,-7,-7,-384
632,1927,45,-1623,-1623,-5,-6,-404
633,1936,102,-1606,-1606,-7,-7,-422
634,1959,160,-1569,-1569,-6,-7,-439
635,1962,218,-1527,-1527,-6,-6,-453
636,1971,276,1519,1519,-6,-6,-466
637,1973,335,1563,1563,-6,-6,-477
638,1971,392,1617,1617,-5,-6,-486
639,1993,450,1693,1693,-5,-5,-492
640,2039,509,1790,1790,-4,-5,-497
641,2099,572,1915,1915,-3,-4,-499
642,2066,642,2010,2010,-3,-3,-499
643,1624,698,1888,1888,-3,-3,-497
644,1071,730,1727,1727,-1,-1,-493
645,643,748,1624,1624,0,0,-486
646,356,762,1573,1573,0,0,-477
647,55,767,1510,1510,0,1,-466
648,-171,756,-1551,-1551,0,0,-453
649,-62,749,1557,1557,0,1,-437
650,70,749,1669,1669,0,0,-419
651,59,750,1728,1728,1,1,-400
652,42,747,1758,1758,0,0,-378
653,140,750,1865,1865,1,1,-355
654,120,753,1914,1914,1,1,-330
655,-19,751,1907,1907,1,2,-303
656,-108,747,1936,1936,3,2,-275
657,-225,741,1946,1946,2,3,-245
658,-396,728,1928,1928,3,3,-214
659,-535,711,1925,1925,3,4,-182
660,-626,691,1948,1948,4,4,-148
661,-737,669,1950,1950,4,4,-114
662,-887,640,1931,1931,4,5,-80
663,-985,609,1940,1940,5,5,-44
664,-1070,577,1945,1945,5,5,-9
665,-1202,540,1938,1938,6,6,26
666,-1288,498,1929,1929,5,6,61
667,-1324,457,1950,1950,6,6,97
668,-1386,414,1960,1960,6,7,132
669,-1479,368,1946,1946,7,6,166
670,-1565,320,1925,1925,6,7,200
671,-1633,269,1925,1925,7,8,232
672,-1716,216,1898,1898,7,7,264
673,-1765,161,1899,1899,8,8,294
674,-1794,106,1880,1880,7,7,323
675,-1834,49,1852,1852,7,7,350
676,-1891,-7,1831,1831,8,8,375
677,-1977,-68,1785,1785,8,8,398
678,-2016,-130,1744,1744,7,8,419
679,-2020,-193,1725,1725,8,8,438
680,-2019,-255,1705,1705,8,8,455
681,-2056,-318,1660,1660,8,8,469
682,-2084,-382,1604,1604,7,8,481
683,-2079,-447,1568,1568,8,8,489
684,-2049,-509,1534,1534,7,8,495
685,-2039,-572,-1524,-1524,7,7,499
686,-2029,-634,-1563,-1563,8,8,499
687,-2019,-695,-1634,-1634,6,7,497
688,-2046,-757,-1734,-1734,6,6,492
689,-2082,-820,-1837,-1837,6,6,484
690,-2120,-884,-1973,-1973,4,5,473
691,-2051,-951,-2075,-2075,4,3,459
692,-1573,-1007,-1973,-1973,3,3,443
693,-827,-1038,-1752,-1752,1,1,424
694,-377,-1052,-1645,-1645,1,1,402
695,-137,-1058,-1641,-1641,0,0,378
696,172,-1055,-1594,-1594,0,-1,352
697,329,-1044,-1592,-1592,0,0,324
698,309,-1034,-1680,-1680,0,-1,293
699,278,-1025,-1767,-1767,0,-1,261
700,308,-1015,-1828,-1828,-1,-1,227
701,333,-1005,-1884,-1884,-1,-1,191
702,325,-996,-1972,-1972,-2,-2,154
703,416,-985,-1991,-1991,-1,-2,117
704,534,-969,-2020,-2020,-3,-3,78
705,665,-951,-2040,-2040,-3,-4,39
706,866,-927,-2021,-2021,-4,-4,0
707,1058,-896,-1990,-1990,-4,-4,-39
708,1172,-862,-2008,-2008,-4,-6,-79
709,1357,-823,-1985,-1985,-5,-6,-118
710,1523,-777,-1944,-1944,-5,-5,-156
711,1586,-730,-1986,-1986,-7,-7,-194
712,1706,-682,-1963,-1963,-5,-7,-230
713,1899,-624,-1910,-1910,-7,-7,-265
714,1936,-566,-1921,-1921,-7,-7,-299
715,1988,-508,-1916,-1916,-6,-8,-330
716,2105,-445,-1865,-1865,-7,-7,-359
717,2168,-380,-1850,-1850,-8,-8,-386
718,2222,-313,-1820,-1820,-7,-8,-411
719,2269,-246,-1784,-1784,-7,-8,-433
720,2325,-176,-1735,-1735,-7,-8,-452
721,2338,-107,-1710,-1710,-8,-8,-468
722,2345,-37,-1670,-1670,-7,-8,-480
723,2343,33,-1628,-1628,-7,-8,-490
724,2308,103,-1608,-1608,-8,-8,-496
725,2282,171,-1559,-1559,-6,-8,-499
726,2290,238,-1512,-1512,-8,-8,-499
727,2337,308,1572,1572,-7,-8,-495
728,2362,378,1661,1661,-7,-7,-487
729,2381,448,1760,1760,-6,-7,-476
730,2418,518,1887,1887,-5,-6,-462
731,2476,591,2045,2045,-5,-4,-445
732,2480,669,2179,2179,-4,-5,-424
733,2122,744,2173,2173,-2,-3,-400
734,1128,784,1838,1838,-2,-1,-374
735,470,795,1658,1658,0,0,-344
736,339,809,1731,1731,1,0,-312
737,-73,811,1654,1654,1,1,-278
738,-468,791,1555,1555,1,1,-241
739,-372,774,1683,1683,1,1,-203
740,-222,768,1840,1840,1,1,-163
741,-298,757,1877,1877,1,1,-122
742,-331,742,1945,1945,2,2,-80
743,-248,734,2067,2067,2,2,-37
744,-368,725,2102,2102,3,3,5
745,-598,705,2067,2067,3,3,48
746,-718,682,2093,2093,4,4,91
747,-888,658,2095,2095,4,5,134
748,-1205,621,2021,2021,6,5,175
749,-1369,578,2005,2005,5,6,216
750,-1490,534,2016,2016,7,6,254
751,-1679,483,1975,1975,6,7,291
752,-1812,427,1954,1954,7,7,326
753,-1867,369,1957,1957,7,7,358
754,-1967,309,1937,1937,7,8,387
755,-2087,245,1891,1891,7,8,414
756,-2148,178,1861,1861,8,7,437
757,-2169,112,1863,1863,8,9,457
758,-2263,43,1784,1784,7,7,473
759,-2326,-29,1741,1741,8,9,485
760,-2318,-101,1712,1712,8,8,494
761,-2307,-172,1680,1680,8,8,499
762,-2338,-243,1597,1597,7,7,499
763,-2349,-316,1551,1551,8,9,496
764,-2323,-388,-1506,-1506,8,7,488
765,-2292,-458,-1562,-1562,7,8,477
766,-2289,-528,-1647,-1647,7,7,461
767,-2289,-598,-1755,-1755,6,6,442
768,-2303,-668,-1879,-1879,5,6,419
769,-2334,-738,-2020,-2020,5,5,393
770,-2349,-815,-2188,-2188,3,4,363
771,-1990,-886,-2175,-2175,3,3,330
772,-986,-921,-1849,-1849,1,1,294
773,-392,-931,-1697,-1697,1,0,255
774,-317,-947,-1817,-1817,-1,-1,215
775,165,-948,-1703,-1703,0,-1,172
776,558,-928,-1622,-1622,-1,-2,128
777,486,-910,-1754,-1754,-2,-1,83
778,370,-900,-1904,-1904,-1,-2,36
779,443,-889,-1954,-1954,-1,-2,-9
780,578,-870,-1979,-1979,-2,-3,-56
781,544,-855,-2079,-2079,-2,-3,-102
782,684,-838,-2114,-2114,-4,-4,-147
783,982,-809,-2059,-2059,-4,-5,-192
784,1095,-777,-2077,-2077,-4,-5,-234
785,1229,-745,-2095,-2095,-5,-6,-275
786,1570,-698,-1997,-1997,-6,-6,-313
787,1720,-646,-1969,-1969,-5,-7,-348
788,1783,-596,-1995,-1995,-7,-7,-381
789,2041,-536,-1913,-1913,-7,-8,-410
790,2191,-469,-1842,-1842,-6,-7,-435
791,2187,-405,-1858,-1858,-7,-8,-457
792,2255,-338,-1834,-1834,-8,-8,-474
793,2339,-267,-1777,-1777,-7,-8,-487
794,2374,-196,-1732,-1732,-7,-8,-495
795,2394,-125,-1687,-1687,-7,-8,-499
796,2458,-52,-1620,-1620,-8,-8,-499
797,2460,22,-1561,-1561,-7,-8,-493
798,2400,95,-1527,-1527,-7,-8,-483
799,2351,165,1526,1526,-7,-7,-469
800,2354,234,1599,1599,-7,-8,-449
801,2406,305,1721,1721,-6,-7,-426
802,2437,377,1847,1847,-6,-6,-399
803,2476,449,1999,1999,-4,-6,-367
804,2513,526,2171,2171,-4,-4,-332
805,2356,608,2271,2271,-3,-3,-294
806,1485,662,2034,2034,-1,-1,-253
807,577,677,1741,1741,-1,0,-209
808,330,692,1772,1772,1,0,-164
809,-121,695,1703,1703,1,2,-116
810,-655,671,1554,1554,1,2,-67
811,-649,646,1650,1650,2,1,-18
812,-510,626,1813,1813,1,3,31
813,-453,613,1915,1915,1,1,81
814,-567,596,1952,1952,2,3,129
815,-643,573,1993,1993,2,3,177
816,-628,554,2081,2081,3,3,223
817,-764,532,2104,2104,4,4,267
818,-1030,501,2053,2053,4,5,308
819,-1203,464,2038,2038,5,5,346
820,-1328,426,2031,2031,5,5,381
821,-1596,378,1963,1963,6,7,411
822,-1799,321,1894,1894,6,6,438
823,-1860,264,1879,1879,6,6,460
824,-1974,205,1855,1855,7,8,478
825,-2098,139,1783,1783,6,7,490
826,-2124,74,1749,1749,7,6,497
827,-2175,8,1712,1712,7,8,499
828,-2259,-62,1634,1634,7,7,496
829,-2255,-132,1578,1578,6,7,488
830,-2198,-200,1551,1551,7,7,474
831,-2166,-266,-1503,-1503,6,7,456
832,-2185,-334,-1580,-1580,7,7,432
833,-2165,-401,-1665,-1665,6,6,404
834,-2138,-467,-1749,-1749,6,6,371
835,-2121,-532,-1879,-1879,4,4,335
836,-2125,-596,-2017,-2017,4,4,294
837,-2142,-663,-2180,-2180,3,3,251
838,-2000,-734,-2287,-2287,2,2,204
839,-1132,-778,-2041,-2041,0,1,155
840,-212,-784,-1752,-1752,-1,-1,105
841,-10,-789,-1813,-1813,-2,-2,53
842,392,-784,-1755,-1755,-2,-2,0
843,939,-753,-1597,-1597,-3,-2,-52
844,913,-723,-1700,-1700,-2,-3,-104
845,757,-698,-1871,-1871,-3,-3,-155
846,704,-680,-1975,-1975,-3,-2,-204
847,836,-655,-1986,-1986,-3,-3,-252
848,881,-628,-2034,-2034,-3,-4,-296
849,918,-605,-2099,-2099,-5,-4,-337
850,1174,-572,-2048,-2048,-5,-5,-375
851,1354,-532,-2021,-2021,-5,-6,-408
852,1477,-491,-2005,-2005,-5,-6,-436
853,1707,-441,-1948,-1948,-7,-7,-460
854,1890,-387,-1881,-1881,-6,-7,-478
855,2031,-327,-1826,-1826,-7,-7,-491
856,2141,-264,-1768,-1768,-7,-7,-498
857,2235,-198,-1701,-1701,-7,-7,-499
858,2308,-129,-1632,-1632,-6,-8,-495
859,2318,-59,-1579,-1579,-7,-7,-484
860,2253,8,-1555,-1555,-7,-7,-468
861,2219,74,1502,1502,-6,-7,-446
862,2227,140,1573,1573,-7,-7,-419
863,2253,206,1674,1674,-6,-7,-387
864,2282,274,1811,1811,-5,-5,-350
865,2298,341,1944,1944,-5,-5,-308
866,2334,411,2107,2107,-4,-4,-263
867,2288,488,2256,2256,-3,-3,-215
868,1791,554,2201,2201,-1,-2,-164
869,767,578,1875,1875,0,0,-111
870,219,584,1768,1768,1,1,-56
871,-69,590,1789,1789,2,2,-1
872,-605,572,1653,1653,2,2,53
873,-843,542,1635,1635,2,2,108
874,-761,515,1772,1772,2,3,162
875,-683,492,1896,1896,3,2,214
876,-682,473,1987,1987,3,3,263
877,-808,447,1988,1988,2,3,309
878,-874,418,2036,2036,4,4,351
879,-924,392,2079,2079,4,4,389
880,-1175,358,2014,2014,4,5,421
881,-1389,315,1965,1965,6,5,449
882,-1494,270,1950,1950,5,6,471
883,-1691,220,1892,1892,7,6,487
884,-1880,162,1793,1793,5,6,496
885,-1947,102,1770,1770,7,7,500
886,-2006,41,1713,1713,6,6,496
887,-2102,-22,1644,1644,7,7,487
888,-2163,-90,1556,1556,5,7,471
889,-2143,-156,1506,1506,7,6,448
890,-2126,-222,-1552,-1552,6,7,420
891,-2102,-287,-1616,-1616,6,7,386
892,-2076,-351,-1713,-1713,5,5,348
893,-2073,-415,-1816,-1816,6,5,304
894,-2056,-478,-1945,-1945,4,4,256
895,-2057,-541,-2110,-2110,2,3,205
896,-2049,-607,-2259,-2259,3,3,151
897,-1765,-672,-2310,-2310,1,1,95
898,-760,-703,-2003,-2003,-1,0,37
899,7,-701,-1783,-1783,-1,-2,-20
900,120,-703,-1877,-1877,-2,-2,-78
901,533,-693,-1801,-1801,-2,-2,-135
902,951,-661,-1708,-1708,-3,-3,-190
903,885,-634,-1847,-1847,-4,-3,-243
904,839,-613,-1954,-1954,-3,-3,-292
905,1016,-582,-1944,-1944,-3,-4,-338
906,1056,-548,-1991,-1991,-4,-4,-378
907,1026,-521,-2085,-2085,-5,-5,-414
908,1249,-488,-2018,-2018,-4,-4,-444
909,1489,-443,-1957,-1957,-5,-7,-468
910,1531,-399,-1974,-1974,-7,-5,-485
911,1753,-350,-1885,-1885,-5,-7,-496
912,2026,-291,-1764,-1764,-7,-7,-499
913,2097,-228,-1702,-1702,-6,-6,-496
914,2110,-165,-1686,-1686,-7,-8,-485
915,2169,-100,-1609,-1609,-6,-7,-468
916,2188,-34,-1529,-1529,-6,-6,-444
917,2139,29,1505,1505,-7,-7,-413
918,2138,91,1580,1580,-6,-7,-377
919,2180,157,1708,1708,-6,-5,-334
920,2173,221,1815,1815,-5,-6,-287
921,2180,285,1952,1952,-4,-5,-236
922,2206,351,2119,2119,-4,-3,-181
923,2182,422,2294,2294,-2,-2,-124
924,1787,488,2289,2289,-1,-2,-64
925,766,515,1974,1974,0,1,-4
926,70,516,1797,1797,2,1,56
927,-233,516,1813,1813,2,3,116
928,-746,497,1691,1691,3,2,174
929,-1073,460,1638,1638,3,3,230
930,-1013,426,1753,1753,2,4,282
931,-921,394,1873,1873,3,3,330
932,-885,368,1958,1958,3,3,374
933,-987,339,1981,1981,4,4,412
934,-1114,304,1969,1969,4,4,443
935,-1142,268,2001,2001,4,5,468
936,-1269,232,1979,1979,5,5,486
937,-1530,185,1868,1868,5,5,497
938,-1663,134,1806,1806,5,6,499
939,-1729,83,1774,1774,6,6,495
940,-1880,25,1678,1678,5,7,482
941,-1964,-36,1587,1587,6,5,462
942,-1970,-96,1544,1544,6,7,435
943,-2018,-158,-1555,-1555,6,5,401
944,-2024,-221,-1633,-1633,5,7,361
945,-1997,-283,-1734,-1734,5,4,315
946,-1975,-344,-1838,-1838,4,5,264
947,-1957,-404,-1957,-1957,4,4,209
948,-1945,-464,-2100,-2100,3,3,150
949,-1928,-527,-2280,-2280,1,1,89
950,-1561,-587,-2279,-2279,1,1,27
951,-506,-609,-1943,-1943,-1,-1,-36
952,224,-602,-1751,-1751,-2,-3,-98
953,372,-598,-1823,-1823,-3,-2,-159
954,849,-578,-1726,-1726,-3,-4,-218
955,1222,-538,-1644,-1644,-4,-3,-273
956,1132,-502,-1759,-1759,-2,-4,-324
957,1020,-470,-1885,-1885,-4,-3,-370
958,1018,-442,-1948,-1948,-3,-4,-410
959,1134,-410,-1945,-1945,-4,-4,-443
960,1224,-374,-1946,-1946,-5,-4,-469
961,1293,-337,-1942,-1942,-4,-5,-487
962,1474,-296,-1884,-1884,-6,-5,-497
963,1658,-247,-1800,-1800,-5,-6,-499
964,1699,-198,-1769,-1769,-5,-6,-493
965,1795,-146,-1705,-1705,-6,-6,-479
966,1945,-87,-1583,-1583,-5,-6,-456
967,1940,-30,-1545,-1545,-7,-6,-426
968,1937,26,1525,1525,-5,-6,-389
969,1979,85,1631,1631,-5,-6,-345
970,1979,144,1723,1723,-6,-5,-295
971,1971,203,1838,1838,-4,-5,-240
972,1974,261,1991,1991,-3,-3,-181
973,1996,319,2148,2148,-3,-3,-119
974,1979,383,2312,2312,-2,-2,-54
975,1615,445,2337,2337,0,0,10
976,592,468,2028,2028,2,1,75
977,-162,462,1825,1825,2,3,139
978,-461,454,1830,1830,3,3,201
979,-919,429,1724,1724,3,3,259
980,-1195,389,1672,1672,3,3,313
981,-1134,351,1781,1781,3,4,362
982,-1092,315,1874,1874,4,4,404
983,-1090,283,1936,1936,4,4,439
984,-1204,247,1923,1923,4,4,467
985,-1312,205,1899,1899,4,5,486
986,-1300,165,1939,1939,6,5,497
987,-1417,124,1879,1879,4,5,499
988,-1643,73,1764,1764,5,6,492
989,-1706,21,1719,1719,6,6,477
990,-1747,-31,1657,1657,6,5,452
991,-1868,-88,1551,1551,5,7,420
992,-1930,-148,-1554,-1554,6,5,380
993,-1915,-208,-1631,-1631,5,6,333
994,-1894,-266,-1723,-1723,5,5,280
995,-1907,-325,-1857,-1857,4,4,222
996,-1906,-384,-1995,-1995,3,4,160
997,-1894,-442,-2138,-2138,3,3,94
998,-1864,-503,-2312,-2312,1,1,27
999,-1472,-561,-2319,-2319,0,0,-40
1000,-338,-579,-1929,-1929,0,-1,-107
1001,396,-566,-1738,-1738,-3,-3,-172
1002,463,-558,-1843,-1843,-2,-3,-234
1003,824,-539,-1799,-1799,-3,-4,-292
1004,1220,-500,-1690,-1690,-3,-3,-344
1005,1198,-462,-1774,-1774,-3,-4,-390
1006,1098,-428,-1883,-1883,-3,-4,-429
1007,1074,-400,-1954,-1954,-4,-4,-460
1008,1280,-364,-1901,-1901,-4,-5,-482
1009,1390,-321,-1860,-1860,-4,-4,-496
1010,1372,-283,-1888,-1888,-5,-5,-499
1011,1560,-238,-1805,-1805,-5,-6,-494
1012,1721,-187,-1710,-1710,-5,-6,-479
1013,1741,-136,-1657,-1657,-5,-5,-454
1014,1808,-83,-1577,-1577,-5,-6,-421
1015,1903,-26,1544,1544,-5,-5,-380
1016,1901,29,1617,1617,-5,-6,-332
1017,1897,85,1710,1710,-5,-5,-277
1018,1897,141,1823,1823,-4,-5,-216
1019,1885,197,1963,1963,-3,-3,-152
1020,1894,253,2122,2122,-3,-2,-84
1021,1878,312,2288,2288,-1,-2,-14
1022,1630,374,2367,2367,0,0,55
1023,617,401,2053,2053,1,1,123
1024,-301,389,1764,1764,2,3,190
1025,-481,379,1821,1821,3,3,253
1026,-848,361,1772,1772,3,4,311
1027,-1320,317,1629,1629,3,4,363
1028,-1322,273,1701,1701,4,4,407
1029,-1227,233,1805,1805,4,4,444
1030,-1179,194,1860,1860,3,4,472
1031,-1132,157,1920,1920,4,5,490
1032,-1133,127,1937,1937,4,4,499
1033,-1371,86,1842,1842,5,6,497
1034,-1471,38,1770,1770,4,5,486
1035,-1484,-5,1736,1736,5,5,464
1036,-1660,-53,1616,1616,5,6,433
1037,-1813,-110,-1525,-1525,5,5,394
1039,-1789,-222,-1673,-1673,5,6,291
1040,-1782,-278,-1799,-1799,3,4,230
1041,-1771,-333,-1915,-1915,4,4,164
1043,-1739,-441,-2221,-2221,2,2,23
1044,-1575,-500,-2328,-2328,0,1,-48
1045,-756,-533,-2118,-2118,-1,-1,-119
1047,401,-519,-1852,-1852,-3,-2,-253
1048,699,-505,-1835,-1835,-3,-3,-313
1049,1147,-469,-1717,-1717,-4,-3,-366
1050,1156,-433,-1788,-1788,-3,-4,-411
1052,1254,-368,-1852,-1852,-4,-3,-475
1053,1358,-326,-1848,-1848,-5,-5,-493
1054,1309,-289,-1880,-1880,-4,-4,-499
1055,1443,-249,-1826,-1826,-5,-5,-496
1056,1604,-201,-1732,-1732,-5,-5,-481
1057,1614,-153,-1695,-1695,-5,-5,-456
1058,1683,-105,-1622,-1622,-5,-6,-421
1060,1816,2,1583,1583,-5,-6,-325
1061,1791,54,1673,1673,-4,-5,-266
1062,1825,109,1789,1789,-5,-5,-201
1063,1826,163,1937,1937,-3,-3,-131
1064,1827,216,2081,2081,-3,-3,-59
1065,1852,271,2256,2256,-2,-2,14
1067,1277,387,2387,2387,1,1,160
1068,57,391,1971,1971,2,3,228
1069,-679,368,1761,1761,3,4,292
1070,-859,350,1809,1809,4,4,349
1071,-1345,312,1670,1670,4,4,398
1072,-1649,258,1581,1581,4,4,439
1073,-1574,207,1677,1677,5,5,470
1075,-1439,112,1794,1794,5,6,499
1076,-1367,68,1812,1812,4,4,497
1077,-1285,27,1834,1834,4,5,484
1078,-1307,-6,1805,1805,5,5,459
1080,-1710,-108,-1503,-1503,4,6,380
1081,-1678,-160,-1567,-1567,6,4,327
1082,-1703,-213,-1680,-1680,4,5,266
1083,-1709,-266,-1801,-1801,4,4,199
1085,-1670,-370,-2067,-2067,2,3,52
1086,-1664,-421,-2241,-2241,1,1,-23
1087,-1584,-475,-2383,-2383,1,0,-98
1089,109,-522,-1925,-1925,-2,-2,-241
1090,714,-501,-1769,-1769,-3,-3,-305
1091,896,-480,-1812,-1812,-4,-4,-362
1093,1492,-396,-1691,-1691,-5,-4,-449
1094,1412,-356,-1795,-1795,-5,-5,-477
1095,1448,-314,-1798,-1798,-4,-4,-494
1097,1480,-223,-1793,-1793,-5,-5,-493
1098,1541,-179,-1725,-1725,-4,-4,-474
1099,1620,-131,-1650,-1650,-5,-5,-444
1101,1681,-33,-1506,-1506,-4,-5,-354
1102,1722,17,1608,1608,-5,-4,-295
1103,1742,68,1711,1711,-5,-5,-229
1105,1775,172,1986,1986,-3,-4,-81
1106,1779,224,2143,2143,-3,-2,-4
1107,1792,277,2331,2331,-1,-1,73
1109,996,383,2339,2339,1,1,222
1110,-165,378,1946,1946,3,3,289
1111,-658,357,1846,1846,3,4,350
1112,-800,340,1904,1904,4,4,401
1114,-1530,253,1695,1695,4,5,474
1115,-1472,205,1769,1769,5,5,493
1116,-1411,159,1813,1813,4,5,499
1117,-1423,118,1817,1817,5,5,494
1118,-1579,70,1714,1714,4,5,476
1119,-1633,17,1669,1669,6,6,446
1121,-1670,-80,1514,1514,5,5,353
1122,-1745,-135,-1612,-1612,5,5,292
1123,-1705,-189,-1681,-1681,5,6,224
1124,-1681,-240,-1797,-1797,4,4,150
1125,-1686,-293,-1939,-1939,3,4,72
1126,-1676,-344,-2093,-2093,3,2,-7
1128,-1644,-450,-2449,-2449,0,0,-164
1129,-1201,-500,-2433,-2433,-1,-1,-237
1130,62,-507,-1995,-1995,-2,-3,-305
1131,837,-481,-1767,-1767,-4,-4,-364
1132,968,-459,-1847,-1847,-5,-5,-414
1133,1477,-419,-1678,-1678,-4,-4,-454
1134,1832,-362,-1573,-1573,-5,-6,-481
1136,1586,-259,-1718,-1718,-5,-4,-499
1137,1561,-216,-1721,-1721,-4,-5,-488
1138,1714,-163,-1619,-1619,-5,-5,-464
1139,1680,-112,-1589,-1589,-5,-5,-428
1141,1654,-16,1544,1544,-4,-5,-323
1142,1733,35,1672,1672,-5,-5,-257
1143,1717,85,1793,1793,-3,-4,-184
1145,1718,187,2070,2070,-3,-3,-25
1146,1724,238,2255,2255,-1,-1,56
1147,1693,291,2426,2426,0,-1,137
1148,1396,348,2489,2489,1,1,213
1150,-752,339,1784,1784,4,3,348
1151,-902,314,1842,1842,4,5,402
1152,-1188,284,1806,1806,4,5,445
1154,-1657,177,1680,1680,6,4,495
1155,-1559,127,1731,1731,4,5,499
1157,-1479,36,1756,1756,5,5,468
1158,-1607,-11,1629,1629,4,4,432
1159,-1713,-65,1532,1532,6,6,385
1161,-1644,-169,-1621,-1621,4,5,260
1162,-1681,-220,-1752,-1752,5,4,185
1164,-1713,-326,-2051,-2051,3,4,22
1165,-1694,-378,-2221,-2221,2,1,-60
1166,-1678,-432,-2407,-2407,0,1,-142
1168,-258,-504,-2101,-2101,-2,-2,-292
1169,652,-483,-1813,-1813,-4,-3,-356
1170,812,-466,-1871,-1871,-4,-4,-410
1171,1276,-435,-1754,-1754,-4,-5,-452
1173,1710,-326,-1649,-1649,-5,-5,-497
1174,1594,-277,-1721,-1721,-5,-5,-498
1175,1538,-231,-1725,-1725,-4,-4,-486
1177,1656,-138,-1601,-1601,-4,-6,-419
1178,1678,-87,-1525,-1525,-5,-5,-366
1179,1636,-38,1544,1544,-5,-4,-304
1180,1663,10,1649,1649,-5,-5,-232
1181,1727,61,1805,1805,-4,-4,-153
1182,1743,113,1951,1951,-3,-4,-70
1184,1716,214,2270,2270,-2,-1,99
1185,1694,267,2457,2457,0,0,181
1186,1388,324,2506,2506,0,1,258
1187,154,338,2100,2100,3,3,327
1188,-793,311,1797,1797,4,5,387
1190,-1322,252,1752,1752,4,5,471
1191,-1727,197,1607,1607,5,5,493
1192,-1715,141,1643,1643,5,6,499
1193,-1622,89,1676,1676,5,4,492
1194,-1554,42,1680,1680,4,5,469
1196,-1737,-60,-1514,-1514,4,5,382
1197,-1701,-114,-1568,-1568,6,5,321
1198,-1650,-165,-1659,-1659,4,4,250
1200,-1582,-265,-1893,-1893,3,4,87
1201,-1550,-313,-2024,-2024,3,3,0
1202,-1523,-360,-2191,-2191,1,1,-85
1204,-1154,-456,-2404,-2404,-1,-1,-249
1205,-107,-469,-2076,-2076,-3,-2,-321
1206,652,-450,-1852,-1852,-3,-4,-383
1208,1285,-398,-1772,-1772,-4,-5,-470
1209,1700,-345,-1626,-1626,-5,-5,-492
1211,1523,-253,-1732,-1732,-4,-5,-491
1212,1697,-203,-1649,-1649,-6,-6,-468
1213,1767,-148,-1556,-1556,-4,-5,-429
1215,1618,-49,1513,1513,-5,-6,-314
1216,1638,-3,1623,1623,-4,-5,-241
1218,1737,98,1928,1928,-3,-4,-73
1219,1709,149,2076,2076,-3,-2,14
1220,1704,198,2251,2251,-1,-2,103
1221,1701,251,2420,2420,-2,-1,188
1223,346,330,2179,2179,2,3,338
1224,-706,306,1811,1811,3,4,398
1225,-910,280,1828,1828,4,4,445
1226,-1149,252,1821,1821,5,5,479
1228,-1695,145,1630,1630,6,5,498
1229,-1608,93,1658,1658,4,5,484
1230,-1524,44,1674,1674,5,5,454
1231,-1531,0,1619,1619,4,5,410
1232,-1665,-50,-1513,-1513,5,5,352
1233,-1710,-104,-1633,-1633,4,5,282
1235,-1604,-206,-1825,-1825,4,4,118
1236,-1567,-255,-1956,-1956,3,3,28
1237,-1534,-303,-2114,-2114,1,2,-61
1238,-1515,-350,-2273,-2273,2,1,-150
1239,-1415,-401,-2424,-2424,0,-1,-233
1241,309,-432,-1919,-1919,-1,-3,-375
1242,715,-412,-1862,-1862,-4,-4,-429
1243,833,-393,-1925,-1925,-4,-5,-468
1245,1540,-308,-1675,-1675,-4,-5,-499
1246,1439,-267,-1746,-1746,-4,-6,-490
1247,1529,-225,-1695,-1695,-5,-5,-464
1249,1630,-122,-1534,-1534,-5,-5,-367
1250,1537,-77,-1506,-1506,-5,-5,-299
1251,1594,-31,1621,1621,-4,-5,-221
1253,1667,69,1905,1905,-4,-4,-44
1254,1634,117,2051,2051,-2,-3,47
1256,1657,214,2398,2398,-1,-1,224
1257,1580,270,2562,2562,1,0,302
1258,837,310,2400,2400,2,2,370
1260,-857,266,1842,1842,4,4,467
1261,-889,249,1928,1928,5,4,492
1262,-1507,207,1676,1676,5,4,499
1264,-1754,91,1559,1559,5,5,464
1265,-1668,38,1551,1551,4,5,421
1266,-1622,-12,1513,1513,5,5,364
1267,-1571,-62,-1541,-1541,6,4,294
1269,-1568,-154,-1751,-1751,5,4,125
1270,-1677,-206,-1950,-1950,3,4,32
1271,-1661,-258,-2105,-2105,3,2,-60
1272,-1633,-308,-2259,-2259,2,2,-152
1273,-1612,-361,-2450,-2450,0,0,-238
1274,-1318,-415,-2512,-2512,-1,-1,-317
1276,793,-407,-1827,-1827,-4,-5,-437
1277,1064,-383,-1810,-1810,-5,-4,-475
1278,1526,-344,-1662,-1662,-5,-5,-495
1279,1944,-283,1515,1515,-5,-5,-499
1281,1824,-167,-1505,-1505,-4,-5,-452
1282,1731,-116,1512,1512,-5,-4,-403
1283,1693,-64,1584,1584,-4,-4,-340
1284,1621,-14,1653,1653,-4,-4,-265
1286,1506,76,1861,1861,-3,-3,-88
1287,1460,119,1997,1997,-2,-2,6
1288,1382,161,2124,2124,-2,-1,101
1290,636,235,2133,2133,1,1,277
1291,-167,230,1892,1892,2,2,351
1292,-425,219,1901,1901,3,3,412
1294,-1161,168,1732,1732,3,4,488
1295,-1249,127,1727,1727,4,4,499
1297,-1308,55,1712,1712,5,5,467
1298,-1469,7,1583,1583,4,4,424
1299,-1414,-38,1560,1560,5,5,365
1301,-1440,-123,-1635,-1635,4,4,210
1302,-1512,-170,-1790,-1790,4,4,118
1304,-1480,-263,-2085,-2085,2,2,-73
1305,-1457,-308,-2242,-2242,1,2,-168
1306,-1462,-353,-2420,-2420,0,1,-255
1307,-1356,-406,-2567,-2567,-1,-1,-334
1309,795,-408,-1842,-1842,-4,-4,-450
1310,1084,-380,-1819,-1819,-5,-5,-484
1311,1362,-349,-1769,-1769,-5,-6,-499
1312,1921,-290,-1506,-1506,-4,-5,-495
1313,1993,-228,1546,1546,-5,-5,-472
1315,1831,-115,1568,1568,-4,-5,-373
1316,1811,-60,1664,1664,-4,-4,-301
1317,1753,-7,1756,1756,-4,-4,-217
1318,1689,44,1882,1882,-2,-3,-125
1319,1608,93,2001,2001,-3,-2,-28
1321,1181,186,2155,2155,0,-1,166
1322,615,208,2061,2061,1,1,255
1323,-2,210,1926,1926,1,3,335
1324,-448,201,1844,1844,3,2,401
1326,-966,148,1764,1764,3,3,485
1327,-1029,116,1779,1779,3,4,499
1328,-1127,83,1757,1757,4,4,493
1330,-1289,3,1632,1632,4,4,425
1331,-1259,-34,1587,1587,4,4,364
1333,-1406,-119,-1676,-1676,4,4,202
1334,-1384,-162,-1777,-1777,4,4,107
1335,-1365,-205,-1906,-1906,3,3,8
1337,-1331,-287,-2225,-2225,1,2,-187
1338,-1318,-329,-2406,-2406,-1,0,-276
1340,-86,-389,-2160,-2160,-3,-2,-417
1341,900,-361,-1803,-1803,-4,-4,-463
1342,1019,-335,-1839,-1839,-4,-5,-491
1344,1903,-244,1517,1517,-6,-4,-487
1345,1909,-184,1547,1547,-5,-5,-455
1346,1776,-130,1543,1543,-4,-5,-404
1347,1716,-78,1605,1605,-4,-4,-337
1348,1670,-28,1691,1691,-4,-4,-256
1350,1541,66,1913,1913,-2,-3,-65
1351,1495,111,2064,2064,-2,-1,35
1352,1367,159,2172,2172,-1,-2,135
1353,990,196,2183,2183,0,1,230
1354,368,210,2053,2053,1,2,315
1356,-578,193,1851,1851,2,3,443
1357,-873,167,1808,1808,4,4,481
1358,-1018,134,1779,1779,3,3,498
1359,-1097,101,1782,1782,4,5,495
1361,-1364,20,1599,1599,4,4,427
1362,-1361,-21,1539,1539,4,4,365
1363,-1397,-64,-1563,-1563,3,5,288
1364,-1435,-109,-1684,-1684,4,4,199
1366,-1378,-197,-1924,-1924,2,4,-1
1367,-1336,-239,-2063,-2063,2,2,-103
1369,-1316,-321,-2411,-2411,0,0,-291
1370,-1186,-369,-2542,-2542,-1,-2,-368
1371,-187,-388,-2240,-2240,-4,-3,-430
1373,1246,-323,-1757,-1757,-5,-6,-496
1374,1484,-287,-1702,-1702,-6,-5,-498
1375,2036,-225,1575,1575,-5,-5,-478
1377,1976,-100,1672,1672,-4,-4,-378
1378,1877,-44,1721,1721,-4,-5,-302
1379,1852,11,1843,1843,-4,-3,-213
1381,1675,123,2102,2102,-1,-2,-11
1382,1321,172,2129,2129,-1,0,92
1383,719,196,2022,2022,1,0,192
1384,184,203,1923,1923,1,1,284
1385,-228,196,1860,1860,2,1,364
1387,-774,163,1814,1814,3,3,472
1388,-898,133,1808,1808,3,3,496
1389,-893,108,1848,1848,4,3,498
1390,-1070,77,1774,1774,4,4,478
1391,-1274,36,1645,1645,4,4,436
1393,-1295,-39,1504,1504,4,4,298
1394,-1440,-85,-1668,-1668,4,4,207
1395,-1453,-131,-1793,-1793,4,4,107
1396,-1417,-175,-1930,-1930,2,3,2
1398,-1398,-261,-2239,-2239,1,2,-203
1399,-1399,-305,-2423,-2423,0,0,-295
1400,-1315,-356,-2584,-2584,-2,-1,-374
1402,832,-357,-1845,-1845,-4,-4,-477
1403,1098,-328,-1811,-1811,-5,-5,-498
1404,1397,-296,-1730,-1730,-6,-5,-495
1406,2106,-168,1665,1665,-5,-5,-424
1407,1980,-108,1679,1679,-6,-4,-359
1409,1848,3,1858,1858,-4,-4,-182
1410,1796,58,2004,2004,-2,-3,-78
1411,1660,115,2130,2130,-2,-1,28
1413,823,186,2106,2106,0,1,233
1414,351,201,2042,2042,1,1,322
1415,-294,197,1883,1883,2,3,397
1416,-748,176,1767,1767,3,2,452
1418,-989,116,1791,1791,3,4,499
1419,-1116,82,1729,1729,3,3,488
1420,-1225,44,1673,1673,4,5,454
1421,-1257,4,1610,1610,4,4,399
1422,-1283,-33,1528,1528,4,4,325
1423,-1374,-76,-1623,-1623,3,4,236
1425,-1367,-163,-1876,-1876,3,3,28
1426,-1344,-205,-2018,-2018,2,3,-80
1427,-1324,-246,-2176,-2176,2,1,-184
1428,-1311,-286,-2354,-2354,0,0,-281
1429,-1290,-331,-2521,-2521,-1,0,-363
1431,372,-366,-2035,-2035,-4,-4,-474
1432,1001,-334,-1813,-1813,-4,-4,-497
1433,1101,-311,-1855,-1855,-6,-6,-496
1435,2062,-200,1635,1635,-6,-5,-424
1436,1960,-139,1639,1639,-6,-6,-356
1438,1842,-29,1831,1831,-4,-4,-172
1439,1809,24,1957,1957,-4,-4,-66
1440,1760,77,2120,2120,-2,-2,43
1442,1303,182,2298,2298,0,0,252
1443,649,208,2186,2186,1,3,341
1444,-150,205,1943,1943,2,2,412
1446,-990,163,1751,1751,4,4,493
1447,-1270,122,1658,1658,4,4,498
1448,-1331,80,1631,1631,4,4,479
1449,-1373,38,1582,1582,4,4,436
1451,-1463,-52,-1622,-1622,3,4,288
1452,-1468,-98,-1731,-1731,4,4,191
1453,-1442,-143,-1870,-1870,2,3,84
1454,-1395,-187,-1989,-1989,3,3,-26
1455,-1346,-229,-2148,-2148,1,1,-136
1457,-1201,-316,-2451,-2451,-1,0,-330
1458,-465,-343,-2290,-2290,-3,-3,-405
1459,694,-327,-1869,-1869,-4,-4,-460
1460,1082,-295,-1765,-1765,-4,-4,-492
1461,1197,-266,-1779,-1779,-5,-5,-499
1463,1913,-158,1598,1598,-5,-5,-439
1464,1794,-103,1594,1594,-6,-5,-374
1465,1668,-54,1629,1629,-4,-5,-291
1467,1548,40,1860,1860,-3,-3,-84
1468,1504,85,2004,2004,-3,-2,27
1469,1458,128,2162,2162,-1,-2,138
1471,1160,219,2411,2411,1,0,334
1472,303,236,2168,2168,2,2,409
1473,-558,217,1875,1875,3,3,463
1475,-995,173,1817,1817,4,4,498
1476,-1567,124,1560,1560,6,4,477
1477,-1692,70,-1534,-1534,4,5,432
1479,-1575,-31,-1634,-1634,4,4,277
1480,-1556,-79,-1753,-1753,4,3,176
1481,-1539,-128,-1895,-1895,3,3,66
1482,-1497,-174,-2048,-2048,2,2,-47
1484,-1329,-269,-2341,-2341,1,0,-262
1485,-813,-304,-2288,-2288,-2,-1,-352
1486,80,-306,-2001,-2001,-1,-3,-423
1487,569,-291,-1882,-1882,-3,-3,-473
1488,796,-275,-1868,-1868,-4,-4,-497
1489,1212,-242,-1717,-1717,-4,-5,-495
1491,1507,-150,-1526,-1526,-4,-5,-415
1492,1477,-109,1532,1532,-4,-4,-340
1493,1558,-64,1661,1661,-4,-5,-248
1494,1619,-14,1814,1814,-4,-4,-142
1496,1513,77,2080,2080,-3,-3,86
1497,1488,120,2276,2276,0,0,197
1498,1460,167,2453,2453,0,0,297
1500,206,234,2201,2201,2,3,445
1501,-831,206,1824,1824,4,5,485
1502,-1088,176,1786,1786,5,5,499
1504,-1836,83,-1557,-1557,5,5,448
1505,-1916,22,-1667,-1667,4,5,384
1506,-1867,-36,-1731,-1731,5,5,300
1508,-1813,-150,-2009,-2009,3,3,88
1509,-1747,-205,-2163,-2163,1,3,-27
1510,-1587,-263,-2282,-2282,2,1,-142
1512,-235,-315,-2014,-2014,-2,-2,-343
1513,286,-311,-1915,-1915,-2,-3,-418
1514,643,-300,-1873,-1873,-4,-3,-470
1515,1046,-269,-1750,-1750,-3,-4,-497
1516,1180,-234,-1721,-1721,-4,-4,-496
1517,1277,-196,-1669,-1669,-4,-4,-467
1519,1450,-116,1518,1518,-4,-4,-336
1520,1461,-71,1637,1637,-3,-4,-240
1521,1378,-31,1712,1712,-4,-4,-131
1522,1398,10,1881,1881,-2,-3,-15
1523,1359,50,2020,2020,-3,-2,102
1525,1295,126,2343,2343,0,0,314
1526,1241,169,2501,2501,1,1,396
1527,766,208,2452,2452,3,2,457
1529,-1201,158,1695,1695,6,5,499
1530,-1215,125,1723,1723,4,6,478
1531,-1524,86,1553,1553,5,4,430
1533,-2004,-39,-1845,-1845,4,6,265
1534,-1945,-100,-1955,-1955,4,4,158
1536,-1792,-218,-2244,-2244,2,3,-77
1537,-1555,-277,-2345,-2345,1,0,-192
1538,-878,-313,-2217,-2217,-1,0,-296
1540,430,-309,-1899,-1899,-3,-2,-448
1541,808,-292,-1826,-1826,-3,-4,-488
1542,1183,-257,-1692,-1692,-3,-4,-499
1543,1272,-219,-1663,-1663,-4,-4,-482
1544,1356,-179,-1600,-1600,-4,-4,-438
1546,1504,-94,1616,1616,-4,-4,-276
1547,1484,-49,1722,1722,-4,-4,-169
1548,1394,-8,1817,1817,-3,-4,-51
1549,1354,32,1959,1959,-3,-2,68
1550,1327,71,2123,2123,-1,-2,185
1551,1300,109,2280,2280,-1,-1,290
1553,1055,194,2529,2529,1,2,446
1554,120,210,2220,2220,3,3,487
1555,-991,178,1768,1768,4,5,499
1556,-1314,134,1649,1649,5,5,482
1558,-1906,44,-1682,-1682,4,5,366
1559,-2104,-21,-1878,-1878,5,5,273
1560,-2060,-86,-2000,-2000,4,4,164
1562,-1921,-211,-2305,-2305,1,3,-75
1563,-1671,-274,-2406,-2406,1,0,-192
1565,14,-312,-1961,-1961,-1,-3,-386
1566,422,-304,-1910,-1910,-3,-3,-452
1567,693,-293,-1888,-1888,-4,-3,-490
1569,1343,-218,-1631,-1631,-4,-5,-478
1570,1383,-177,-1591,-1591,-4,-5,-429
1571,1381,-138,-1535,-1535,-5,-4,-353
1572,1460,-97,1600,1600,-4,-4,-257
1574,1478,-6,1878,1878,-4,-4,-23
1575,1440,36,2036,2036,-2,-2,98
1576,1411,78,2192,2192,-2,-2,215
1577,1381,118,2370,2370,0,0,319
1578,1334,163,2556,2556,2,2,403
1579,920,207,2528,2528,2,2,463
1580,-318,205,2051,2051,3,4,495
1582,-1427,119,1623,1623,6,6,468
1583,-1590,80,1521,1521,5,5,410
1584,-2072,15,-1785,-1785,5,6,328
1585,-2137,-51,-1934,-1934,5,5,225
1587,-2035,-182,-2228,-2228,3,3,-14
1588,-1941,-249,-2400,-2400,2,1,-137
1589,-1564,-308,-2436,-2436,0,1,-251
1591,127,-338,-2000,-2000,-2,-3,-427
1592,637,-326,-1876,-1876,-3,-3,-478
1594,1360,-259,-1646,-1646,-4,-4,-489
1595,1463,-215,-1586,-1586,-4,-5,-449
1596,1529,-170,-1512,-1512,-5,-5,-380
1598,1617,-76,1741,1741,-4,-4,-177
1599,1570,-29,1867,1867,-3,-4,-56
1600,1512,15,2002,2002,-3,-3,69
1601,1477,59,2163,2163,-2,-2,190
1603,1402,146,2508,2508,0,0,389
1604,1043,193,2523,2523,2,2,455
1605,-177,198,2074,2074,3,4,492
1606,-1174,159,1674,1674,5,5,498
1607,-1285,123,1653,1653,5,5,472
1608,-1577,82,1506,1506,5,6,416
1609,-2026,18,-1788,-1788,5,5,334
1611,-2004,-109,-2050,-2050,4,4,112
1612,-1951,-171,-2204,-2204,3,3,-13
1613,-1871,-234,-2378,-2378,1,2,-138
1615,-700,-324,-2243,-2243,-2,-1,-354
1616,285,-316,-1931,-1931,-3,-3,-431
1617,674,-301,-1879,-1879,-4,-4,-481
1619,1593,-233,-1547,-1547,-6,-4,-486
1620,1711,-180,1541,1541,-4,-5,-440
1622,1651,-80,1687,1687,-4,-4,-269
1623,1606,-32,1804,1804,-3,-4,-154
1624,1575,13,1952,1952,-3,-3,-28
1626,1482,105,2293,2293,-1,-1,219
1627,1314,152,2418,2418,1,0,326
1628,804,188,2359,2359,1,2,411
1629,-189,187,2025,2025,3,3,470
1631,-1039,132,1765,1765,5,4,492
1632,-1419,94,1583,1583,4,5,455
1633,-1730,38,-1616,-1616,6,4,387
1634,-1711,-16,-1701,-1701,4,5,294
1635,-1673,-69,-1813,-1813,4,4,181
1637,-1645,-171,-2153,-2153,3,2,-72
1638,-1595,-222,-2333,-2333,1,1,-196
1639,-1444,-277,-2469,-2469,0,0,-307
1640,-754,-311,-2330,-2330,-2,-1,-398
1642,804,-282,-1833,-1833,-4,-4,-495
1643,1070,-261,-1772,-1772,-4,-5,-495
1644,1637,-213,1503,1503,-5,-4,-462
1646,1788,-103,1711,1711,-4,-5,-307
1647,1757,-51,1843,1843,-3,-3,-195
1648,1724,0,1990,1990,-3,-3,-70
1650,1558,104,2303,2303,0,-1,185
1651,1205,149,2334,2334,0,0,298
1652,599,173,2224,2224,2,1,392
1654,-748,152,1828,1828,3,4,494
1655,-1071,125,1738,1738,5,4,496
1656,-1383,83,1591,1591,5,4,464
1658,-1478,-11,-1592,-1592,4,5,309
1659,-1451,-57,-1708,-1708,4,3,197
1660,-1423,-102,-1831,-1831,4,4,71
1661,-1388,-146,-1987,-1987,2,3,-59
1662,-1333,-187,-2148,-2148,2,1,-186
1664,-1253,-270,-2485,-2485,0,0,-394
1665,-839,-309,-2474,-2474,-3,-2,-461
1666,379,-305,-2000,-2000,-3,-3,-495
1667,1080,-273,-1741,-1741,-5,-5,-495
1668,1250,-244,-1688,-1688,-5,-5,-461
1670,2059,-131,1819,1819,-5,-5,-301
1671,1973,-70,1906,1906,-4,-5,-186
1672,1873,-14,2033,2033,-3,-3,-58
1674,1839,94,2417,2417,-2,0,201
1675,1655,156,2549,2549,0,0,314
1677,-272,188,1974,1974,3,3,468
1678,-839,163,1800,1800,4,4,497
1679,-1103,137,1732,1732,5,4,492
1681,-1752,37,-1649,-1649,5,4,380
1682,-1712,-17,-1729,-1729,4,5,280
1683,-1665,-69,-1839,-1839,4,4,161
1684,-1654,-121,-2005,-2005,3,3,30
1686,-1585,-225,-2370,-2370,0,1,-227
1687,-1335,-277,-2454,-2454,0,0,-337
1688,-578,-304,-2290,-2290,-2,-3,-423
1689,399,-294,-1949,-1949,-3,-3,-478
1690,877,-274,-1832,-1832,-5,-5,-499
1692,1769,-190,1589,1589,-5,-4,-435
1693,1835,-134,1687,1687,-5,-5,-354
1694,1798,-79,1788,1788,-4,-4,-248
1695,1762,-26,1924,1924,-3,-4,-123
1697,1711,74,2284,2284,-1,-1,143
1698,1618,128,2449,2449,0,-1,265
1699,1215,178,2469,2469,0,2,369
1701,-668,170,1838,1838,2,4,490
1702,-968,144,1782,1782,5,5,498
1703,-1265,111,1660,1660,5,4,470
1705,-1696,6,-1680,-1680,4,5,316
1706,-1660,-47,-1790,-1790,4,4,201
1708,-1578,-146,-2098,-2098,2,3,-64
1709,-1549,-194,-2290,-2290,1,1,-195
1710,-1497,-245,-2465,-2465,0,1,-312
1711,-1116,-292,-2479,-2479,-1,-1,-405
1712,30,-299,-2089,-2089,-3,-3,-469
1714,975,-253,-1797,-1797,-5,-4,-490
1715,1485,-215,-1559,-1559,-5,-5,-446
1716,1927,-156,1725,1725,-5,-4,-368
1717,1921,-97,1821,1821,-5,-5,-263
1718,1840,-41,1927,1927,-4,-4,-138
1720,1743,63,2263,2263,-2,-2,132
1721,1622,120,2425,2425,-1,0,258
1722,1151,165,2410,2410,1,1,364
1724,-301,177,2020,2020,3,4,489
1725,-995,153,1769,1769,4,5,498
1726,-1532,111,1534,1534,5,5,470
1728,-1791,-5,-1730,-1730,4,5,311
1729,-1670,-58,-1804,-1804,4,4,193
1730,-1589,-108,-1916,-1916,4,4,59
1732,-1505,-202,-2269,-2269,1,2,-209
1733,-1470,-249,-2460,-2460,0,0,-325
1734,-1280,-300,-2570,-2570,-1,-1,-417
1736,864,-296,-1808,-1808,-5,-4,-499
1737,1117,-266,-1732,-1732,-4,-5,-484
1738,1352,-234,-1624,-1624,-5,-5,-432
1739,1934,-176,1705,1705,-6,-6,-346
1740,2034,-113,1876,1876,-4,-5,-234
1742,1816,-1,2107,2107,-3,-3,34
1743,1802,52,2312,2312,-2,-1,170
1744,1745,110,2503,2503,0,-1,292
1745,1334,165,2523,2523,1,1,393
1746,276,182,2204,2204,3,4,463
1748,-1123,132,1692,1692,4,4,492
1749,-1512,90,1512,1512,5,5,449
1750,-1823,32,-1686,-1686,5,6,371
1752,-1790,-82,-1929,-1929,4,4,136
1753,-1754,-136,-2102,-2102,2,3,-1
1754,-1756,-190,-2304,-2304,2,2,-140
1756,-1441,-304,-2587,-2587,-1,-1,-374
1757,-398,-326,-2269,-2269,-2,-3,-451
1759,973,-283,-1810,-1810,-5,-4,-496
1760,1284,-253,-1675,-1675,-4,-5,-459
1761,1823,-198,1632,1632,-5,-5,-387
1763,1826,-82,1865,1865,-4,-4,-157
1764,1737,-31,1991,1991,-3,-4,-18
1765,1707,19,2179,2179,-2,-2,121
1766,1656,69,2363,2363,-1,-1,251
1767,1526,123,2510,2510,0,0,362
1768,976,168,2448,2448,2,2,444
1770,-986,135,1717,1717,4,5,497
1771,-1231,104,1634,1634,6,4,465
1772,-1644,59,-1607,-1607,4,5,394
1773,-1935,-2,-1838,-1838,5,5,292
1775,-1902,-121,-2146,-2146,3,3,28
1776,-1869,-181,-2347,-2347,1,2,-113
1778,-1204,-292,-2474,-2474,-1,-1,-358
1779,-180,-305,-2167,-2167,-3,-3,-442
1780,696,-285,-1883,-1883,-4,-5,-490
1782,1552,-222,-1568,-1568,-5,-5,-465
1783,1891,-164,1650,1650,-5,-5,-395
1784,1904,-105,1746,1746,-5,-6,-292
1786,1786,2,2005,2005,-4,-4,-25
1787,1771,55,2209,2209,-2,-2,116
1788,1731,106,2407,2407,0,-2,249
1789,1627,163,2574,2574,0,0,362
1790,1061,210,2492,2492,1,1,445
1791,-120,209,2051,2051,3,2,491
1793,-963,158,1759,1759,5,4,461
1794,-1346,126,1561,1561,5,5,388
1795,-1850,66,-1780,-1780,5,4,282
1796,-1847,7,-1909,-1909,5,4,153
1798,-1784,-105,-2241,-2241,2,3,-131
1799,-1729,-164,-2420,-2420,2,1,-263
1800,-1416,-218,-2487,-2487,-1,0,-374
1802,116,-251,-2062,-2062,-3,-3,-494
1803,878,-228,-1766,-1766,-4,-4,-494
1804,1281,-199,-1599,-1599,-5,-5,-453
1806,1884,-93,1841,1841,-5,-5,-262
1807,1775,-39,1944,1944,-4,-3,-129
1809,1656,58,2269,2269,-1,-2,157
1810,1602,112,2458,2458,-1,0,287
1811,1308,162,2519,2519,1,0,392
1812,605,190,2361,2361,2,3,465
1813,-232,186,2085,2085,4,4,498
1814,-984,156,1780,1780,4,5,489
1816,-1816,69,-1680,-1680,5,5,350
1817,-2041,4,-1895,-1895,5,6,232
1818,-1958,-57,-2021,-2021,4,4,94
1819,-1883,-116,-2178,-2178,3,3,-51
1821,-1753,-236,-2553,-2553,1,0,-318
1822,-1188,-286,-2492,-2492,-1,-1,-416
1823,-4,-293,-2077,-2077,-2,-3,-478
1825,959,-251,-1778,-1778,-4,-5,-478
1826,1486,-211,-1502,-1502,-4,-5,-414
1827,1865,-154,1767,1767,-4,-5,-315
1829,1741,-44,1990,1990,-3,-4,-46
1830,1655,3,2138,2138,-2,-3,100
1832,1634,102,2540,2540,0,0,356
1833,1437,158,2600,2600,1,2,443
1834,470,188,2343,2343,2,3,491
1835,-833,163,1794,1794,4,4,496
1837,-1332,93,1565,1565,6,5,380
1838,-1914,34,-1813,-1813,4,6,269
1839,-2080,-30,-2032,-2032,5,5,134
1840,-2033,-94,-2185,-2185,4,4,-12
1841,-1982,-155,-2389,-2389,1,2,-158
1843,-1581,-282,-2600,-2600,-2,-1,-397
1844,-415,-306,-2265,-2265,-2,-2,-469
1845,794,-283,-1805,-1805,-4,-5,-499
1847,1479,-218,-1544,-1544,-5,-5,-428
1848,1931,-159,1760,1760,-4,-5,-333
1849,2015,-97,1921,1921,-5,-5,-208
1851,1862,14,2203,2203,-3,-3,83
1852,1875,71,2437,2437,-1,-1,225
1853,1781,132,2600,2600,0,0,347
1855,42,193,2143,2143,3,3,489
1856,-915,163,1757,1757,4,4,497
1857,-1164,133,1661,1661,4,5,460
1859,-1936,32,-1831,-1831,5,5,269
1860,-1974,-29,-2006,-2006,4,4,132
1861,-1931,-89,-2168,-2168,3,4,-16
1862,-1894,-149,-2384,-2384,1,1,-164
1863,-1796,-213,-2535,-2535,2,2,-297
1865,-273,-282,-2201,-2201,-1,-3,-473
1866,657,-263,-1862,-1862,-4,-4,-499
1867,953,-243,-1776,-1776,-4,-5,-481
1868,1393,-208,-1557,-1557,-5,-5,-418
1870,1882,-94,1887,1887,-5,-5,-188
1871,1811,-40,2036,2036,-3,-3,-41
1872,1764,12,2201,2201,-3,-3,109
1874,1679,116,2583,2583,0,0,368
1875,1407,173,2600,2600,1,2,452
1876,280,196,2270,2270,3,3,495
1878,-1334,120,1572,1572,5,5,444
1879,-1440,86,-1519,-1519,5,5,355
1881,-2114,-39,-2102,-2102,5,4,89
1882,-2090,-104,-2303,-2303,2,3,-62
1883,-2040,-170,-2498,-2498,2,2,-208
1884,-1839,-237,-2600,-2600,1,0,-335
1885,-1143,-284,-2500,-2500,-1,-1,-431
1887,792,-269,-1822,-1822,-4,-5,-498
1888,1096,-245,-1707,-1707,-5,-4,-462
1889,1526,-204,1542,1542,-4,-5,-383
1890,1843,-148,1768,1768,-6,-6,-268
1892,1811,-36,2108,2108,-2,-3,24
1893,1740,15,2269,2269,-3,-2,174
1894,1716,67,2478,2478,0,-1,308
1896,851,166,2442,2442,2,1,479
1897,-405,155,1943,1943,3,4,499
1898,-1080,121,1656,1656,4,5,473
1900,-1711,41,-1734,-1734,4,5,293
1901,-1978,-21,-1992,-1992,5,5,156
1902,-1962,-83,-2170,-2170,3,4,4
1904,-1903,-205,-2582,-2582,1,1,-286
1905,-1633,-268,-2600,-2600,-1,0,-398
1906,-710,-301,-2402,-2402,-1,-2,-471
1907,469,-287,-1954,-1954,-4,-4,-499
1909,1139,-243,-1683,-1683,-5,-4,-414
1910,1842,-189,1722,1722,-6,-5,-309
1911,2055,-125,1964,1964,-4,-5,-174
1912,1969,-65,2095,2095,-4,-4,-22
1913,1869,-10,2242,2242,-3,-3,131
1915,1718,107,2600,2600,0,1,388
1916,1141,157,2532,2532,2,1,466
1917,21,165,2132,2132,3,4,499
1919,-1444,94,-1520,-1520,5,5,421
1920,-1768,47,-1742,-1742,4,6,318
1922,-2116,-85,-2239,-2239,3,3,31
1923,-2047,-150,-2415,-2415,3,2,-123
1924,-1974,-218,-2600,-2600,0,1,-266
1926,-276,-297,-2241,-2241,-3,-4,-464
1927,814,-271,-1833,-1833,-5,-4,-498
1928,1099,-247,-1755,-1755,-5,-5,-484
1929,1561,-209,-1518,-1518,-5,-5,-422
1931,2095,-82,1950,1950,-6,-5,-184
1932,2004,-21,2091,2091,-4,-4,-31
1933,1930,36,2272,2272,-2,-3,124
1934,1875,95,2472,2472,-2,-1,268
1935,1634,155,2592,2592,1,0,386
1937,62,203,2168,2168,3,4,499
1938,-833,180,1794,1794,4,4,483
1939,-1389,142,1536,1536,5,6,418
1941,-2034,29,-1983,-1983,5,4,176
1942,-2007,-34,-2146,-2146,4,4,21
1943,-1934,-94,-2310,-2310,3,3,-135
1945,-1793,-221,-2600,-2600,1,0,-394
1946,-965,-265,-2481,-2481,-2,-2,-470
1948,868,-230,-1763,-1763,-4,-5,-478
1949,991,-212,-1703,-1703,-4,-5,-409
1950,1707,-163,1724,1724,-4,-5,-299
1951,1990,-102,1999,1999,-4,-5,-158
1952,1882,-44,2128,2128,-3,-4,-1
1954,1753,61,2482,2482,0,-1,296
1955,1578,119,2600,2600,2,0,408
1956,944,162,2502,2502,2,2,478
1957,-161,164,2082,2082,3,4,499
1958,-1142,130,1656,1656,5,5,470
1960,-1905,34,-1817,-1817,5,5,276
1961,-2141,-32,-2088,-2088,4,5,131
1962,-2155,-99,-2284,-2284,4,4,-27
1964,-2060,-238,-2600,-2600,1,1,-321
1965,-1484,-298,-2600,-2600,0,-1,-425
1966,-214,-312,-2207,-2207,-3,-3,-486
1968,902,-274,-1822,-1822,-5,-6,-457
1969,1474,-237,-1502,-1502,-4,-5,-370
1970,1962,-177,1840,1840,-5,-5,-245
1972,1957,-56,2167,2167,-4,-4,66
1973,1870,0,2343,2343,-2,-2,220
1974,1833,55,2530,2530,-1,-2,351
1975,1658,115,2600,2600,0,0,446
1976,1005,160,2510,2510,3,2,494
1977,-252,158,1975,1975,2,3,491
1979,-1264,89,-1531,-1531,5,4,338
1980,-1624,47,-1798,-1798,5,5,203
1981,-2037,-16,-2164,-2164,4,4,47
1983,-2054,-146,-2596,-2596,2,1,-263
1984,-1887,-215,-2600,-2600,-1,0,-385
1985,-1183,-265,-2600,-2600,-1,-2,-467
1987,1013,-239,-1758,-1758,-6,-6,-479
1988,1346,-209,-1588,-1588,-5,-5,-409
1990,2232,-90,2057,2057,-6,-5,-150
1991,2151,-24,2199,2199,-4,-5,9
1992,2053,36,2377,2377,-2,-3,169
1993,1993,98,2574,2574,-2,-1,311
1994,1780,164,2600,2600,1,0,420
1996,-166,210,2079,2079,3,4,498
1997,-1127,176,1656,1656,5,5,458
1998,-1540,134,-1567,-1567,5,6,369
1999,-1910,81,-1846,-1846,5,5,241
2000,-2185,12,-2133,-2133,5,5,86
2002,-2160,-122,-2569,-2569,2,1,-231
2003,-2083,-197,-2600,-2600,1,1,-362
2004,-1417,-255,-2600,-2600,-1,-1,-454
2006,771,-238,-1798,-1798,-4,-4,-487
2007,876,-222,-1760,-1760,-4,-5,-424
2009,1934,-128,1948,1948,-5,-4,-173
2010,1896,-70,2102,2102,-3,-5,-11
2011,1807,-17,2253,2253,-3,-3,150
2013,1603,96,2591,2591,1,0,411
2014,1035,139,2503,2503,2,2,481
2015,200,153,2216,2216,4,2,499
2016,-781,131,1786,1786,4,5,462
2017,-1424,92,-1553,-1553,5,5,375
2019,-2167,-21,-2185,-2185,4,4,92
2020,-2190,-89,-2384,-2384,4,4,-72
2021,-2163,-156,-2600,-2600,2,1,-230
2022,-2055,-231,-2600,-2600,0,0,-362
2024,217,-285,-2069,-2069,-4,-4,-497
2025,1048,-254,-1737,-1737,-5,-5,-485
2026,1257,-225,-1646,-1646,-5,-6,-420
2028,2158,-113,2011,2011,-5,-5,-162
2029,2154,-48,2201,2201,-4,-4,1
2030,2070,13,2373,2373,-3,-3,164
2032,1739,140,2600,2600,0,0,421
2033,985,183,2487,2487,2,2,486
2034,-159,184,2028,2028,2,3,497
2035,-1016,153,1667,1667,6,5,452
2037,-1690,72,-1803,-1803,5,5,223
2038,-2016,8,-2130,-2130,4,4,63
2039,-2027,-54,-2339,-2339,3,3,-103
2040,-2025,-118,-2555,-2555,2,2,-259
2041,-1917,-187,-2600,-2600,-1,0,-385
2043,-151,-257,-2222,-2222,-3,-3,-499
2044,986,-227,-1731,-1731,-5,-5,-474
2045,1316,-194,-1566,-1566,-5,-6,-396
2047,2153,-87,2069,2069,-4,-5,-118
2048,2163,-21,2260,2260,-5,-4,48
2050,2001,106,2600,2600,0,-2,349
2051,1693,169,2600,2600,0,1,448
2052,926,209,2509,2509,3,2,496
2054,-1045,183,1660,1660,4,5,424
2055,-1641,138,-1676,-1676,5,6,313
2056,-2009,82,-1977,-1977,5,5,165
2057,-2286,10,-2288,-2288,5,4,0
2058,-2234,-58,-2478,-2478,3,3,-167
2060,-2022,-204,-2600,-2600,0,-1,-426
2061,-899,-247,-2500,-2500,-3,-3,-488
2062,656,-231,-1846,-1846,-4,-4,-495
2063,1189,-196,-1608,-1608,-5,-5,-445
2064,1319,-165,-1504,-1504,-4,-6,-344
2066,2178,-46,2194,2194,-4,-5,-39
2067,2093,16,2348,2348,-4,-4,129
2069,1938,143,2600,2600,0,-1,405
2070,1457,201,2600,2600,1,1,479
2071,331,221,2282,2282,4,2,499
2073,-1271,159,1521,1521,6,4,368
2074,-1510,124,-1676,-1676,5,5,233
2075,-2022,62,-2080,-2080,5,4,71
2077,-2087,-71,-2526,-2526,3,2,-257
2078,-2016,-140,-2600,-2600,1,0,-386
2079,-1639,-205,-2600,-2600,-1,-1,-470
2080,-631,-236,-2405,-2405,-3,-3,-499
2081,612,-219,-1859,-1859,-4,-4,-470
2083,1425,-155,1623,1623,-5,-6,-256
2084,2024,-96,2057,2057,-5,-5,-95
2085,2190,-30,2321,2321,-4,-5,75
2087,2011,100,2600,2600,-1,-1,372
2088,1655,162,2600,2600,1,0,463
2089,838,199,2462,2462,1,3,499
2091,-1054,167,1614,1614,4,5,397
2092,-1547,126,-1684,-1684,6,5,271
2093,-1956,70,-2026,-2026,5,4,112
2095,-2129,-64,-2507,-2507,3,3,-224
2096,-2083,-129,-2600,-2600,0,1,-363
2097,-1952,-202,-2600,-2600,0,-1,-458
2098,-997,-248,-2585,-2585,-3,-3,-498
2099,651,-233,-1857,-1857,-4,-4,-480
2101,1331,-163,1525,1525,-6,-6,-279
2102,1928,-110,1952,1952,-5,-5,-121
2103,2300,-40,2313,2313,-5,-5,51
2104,2234,26,2503,2503,-3,-3,218
2106,1847,163,2600,2600,0,-1,456
2107,1045,207,2530,2530,2,2,498
2108,-136,208,2036,2036,3,3,481
2110,-1419,141,-1640,-1640,4,6,281
2111,-1838,89,-1967,-1967,6,4,122
2112,-2071,24,-2264,-2264,4,4,-51
2114,-2016,-103,-2600,-2600,2,1,-359
2115,-1906,-173,-2600,-2600,-2,-1,-456
2116,-1138,-223,-2600,-2600,-1,-2,-498
2117,385,-216,-1966,-1966,-4,-4,-480
2119,1237,-156,-1502,-1502,-6,-5,-276
2120,1908,-103,1961,1961,-5,-5,-116
2121,2239,-35,2301,2301,-5,-5,58
2122,2150,29,2457,2457,-4,-4,225
2123,2051,93,2600,2600,-2,-2,365
2125,1272,210,2600,2600,3,2,499
2126,156,227,2199,2199,3,4,476
2128,-1668,145,-1749,-1749,5,6,264
2129,-1954,94,-2029,-2029,4,5,102
2130,-2349,21,-2415,-2415,4,4,-73
2132,-2353,-131,-2600,-2600,1,1,-377
2133,-2007,-207,-2600,-2600,0,-1,-467
2134,-628,-240,-2395,-2395,-2,-3,-499
2135,700,-220,-1818,-1818,-4,-5,-470
2137,1229,-168,1544,1544,-4,-5,-246
2138,1806,-114,1953,1953,-5,-6,-80
2139,1990,-54,2234,2234,-4,-4,96
2140,1909,2,2398,2398,-2,-4,260
2141,1853,59,2584,2584,-1,-1,392
2143,1062,168,2512,2512,1,0,499
2144,-114,171,2007,2007,4,3,460
2145,-1118,135,-1504,-1504,5,4,363
2147,-1461,56,-1919,-1919,4,3,50
2148,-1940,-2,-2338,-2338,4,3,-126
2150,-2071,-137,-2600,-2600,1,-1,-412
2151,-1722,-205,-2600,-2600,-1,-2,-485
2152,-540,-234,-2411,-2411,-2,-3,-496
2153,824,-210,-1779,-1779,-4,-5,-445
2155,1290,-145,1574,1574,-6,-6,-187
2156,1871,-92,2026,2026,-4,-5,-12
2157,2118,-28,2326,2326,-4,-6,163
2158,2026,32,2499,2499,-2,-3,318
2160,1724,156,2600,2600,1,0,493
2161,1014,203,2525,2525,2,3,490
2162,-369,200,1896,1896,4,4,424
2163,-1455,155,-1681,-1681,6,4,304
2165,-2046,48,-2255,-2255,4,4,-32
2166,-2291,-22,-2587,-2587,3,3,-206
2167,-2291,-93,-2600,-2600,1,1,-353
2169,-1333,-230,-2600,-2600,-1,-3,-498
2170,339,-227,-2007,-2007,-3,-5,-478
2171,1075,-193,-1630,-1630,-4,-5,-395
2173,1580,-129,1804,1804,-5,-6,-94
2174,2046,-66,2216,2216,-4,-5,85
2175,1976,-6,2375,2375,-3,-5,254
2176,1887,48,2543,2543,-1,-2,390
2177,1873,109,2600,2600,0,-1,475
2179,427,198,2253,2253,3,3,458
2180,-1054,167,1509,1509,4,4,357
2181,-1583,119,-1840,-1840,5,5,209
2182,-1734,72,-2047,-2047,6,4,34
2184,-2174,-56,-2600,-2600,2,2,-305
2185,-2208,-127,-2600,-2600,0,0,-426
2186,-2032,-204,-2600,-2600,0,-2,-491
2188,638,-233,-1867,-1867,-4,-5,-428
2189,1234,-194,-1518,-1518,-4,-6,-307
2191,1816,-118,2000,2000,-5,-6,33
2192,2142,-54,2351,2351,-4,-5,209
2193,2105,8,2524,2524,-3,-4,357
2194,2036,72,2600,2600,0,-1,458
2195,1823,138,2600,2600,1,0,499
2196,1065,186,2484,2484,2,1,474
2198,-1502,137,-1805,-1805,5,5,246
2199,-1752,87,-2043,-2043,6,5,73
2200,-1980,29,-2330,-2330,4,4,-108
2201,-2199,-37,-2600,-2600,2,2,-276
2203,-2099,-185,-2600,-2600,-1,-1,-484
2204,-1055,-234,-2600,-2600,-3,-2,-496
2205,625,-218,-1891,-1891,-4,-5,-442
2207,1269,-155,1568,1568,-6,-5,-171
2208,1898,-101,2015,2015,-6,-6,8
2210,2109,27,2526,2526,-4,-3,342
2211,2021,90,2600,2600,-1,-2,450
2212,1812,155,2600,2600,0,0,498
2213,1128,204,2499,2499,1,1,479
2214,-92,208,1946,1946,4,4,395
2215,-1053,175,-1589,-1589,4,4,257
2217,-1563,93,-2121,-2121,4,4,-98
2218,-1980,31,-2524,-2524,3,2,-269
2219,-2078,-33,-2600,-2600,1,1,-403
2221,-1427,-166,-2600,-2600,-3,-4,-497
2222,339,-165,-1992,-1992,-4,-4,-443
2223,1389,-121,1576,1576,-5,-5,-329
2225,1774,-42,2024,2024,-5,-5,11
2226,2267,25,2472,2472,-4,-4,192
2228,2167,164,2600,2600,0,-1,454
2229,1747,232,2600,2600,0,2,499
2230,513,263,2344,2344,2,4,475
2231,-893,237,1656,1656,4,4,387
2232,-1385,194,-1662,-1662,4,6,245
2233,-1553,154,-1871,-1871,5,5,69
2235,-2176,26,-2578,-2578,2,3,-285
2236,-2183,-41,-2600,-2600,1,3,-415
2237,-2083,-117,-2600,-2600,-1,0,-488
2238,-1310,-173,-2600,-2600,-3,-3,-493
2240,1317,-127,1597,1597,-5,-5,-308
2241,1424,-94,1763,1763,-6,-4,-142
2243,2188,19,2507,2507,-3,-4,221
2244,2182,85,2600,2600,-2,-1,370
2245,2047,157,2600,2600,0,0,467
2247,299,233,2237,2237,3,3,462
2248,-760,210,1698,1698,4,4,360
2249,-1231,170,-1634,-1634,4,5,207
2250,-1403,138,-1845,-1845,5,5,25
2251,-1946,79,-2295,-2295,4,4,-159
2253,-2161,-57,-2600,-2600,1,1,-440
2254,-1946,-130,-2600,-2600,-1,-1,-496
2255,-1053,-178,-2559,-2559,-1,-3,-482
2257,1360,-127,1680,1680,-4,-5,-262
2258,1457,-93,1827,1827,-6,-6,-87
2259,1880,-42,2215,2215,-3,-5,100
2261,2094,86,2600,2600,0,-2,409
2262,1930,154,2600,2600,1,0,486
2263,1374,210,2600,2600,2,2,494
2265,-1110,194,1512,1512,5,4,309
2266,-1601,142,-1833,-1833,6,6,141
2267,-1629,99,-1991,-1991,6,5,-45
2268,-1970,43,-2359,-2359,4,3,-227
2270,-2266,-98,-2600,-2600,1,2,-471
2271,-2008,-175,-2600,-2600,-1,-1,-499
2272,-779,-213,-2408,-2408,-2,-2,-456
2273,805,-190,-1628,-1628,-4,-5,-347
2275,1354,-119,1847,1847,-6,-5,-3
2276,1953,-65,2331,2331,-4,-3,183
2277,2230,1,2600,2600,-2,-2,343
2279,1910,139,2600,2600,2,0,499
2280,1068,187,2562,2562,2,2,472
2281,-441,176,1827,1827,4,4,377
2283,-1422,95,-1874,-1874,4,5,45
2284,-1699,53,-2174,-2174,5,4,-143
2285,-2166,-14,-2600,-2600,3,2,-312
2286,-2214,-83,-2600,-2600,2,2,-435
2288,-1303,-216,-2600,-2600,-2,-3,-484
2289,314,-212,-1894,-1894,-2,-3,-401
2290,1103,-177,1559,1559,-4,-5,-261
2291,1117,-153,1683,1683,-4,-5,-82
2293,2004,-52,2477,2477,-3,-3,283
2294,1971,8,2600,2600,-1,-3,417
2295,1846,72,2600,2600,1,0,490
2297,395,150,2207,2207,3,3,420
2298,-834,126,1567,1567,6,4,287
2299,-1459,79,-1866,-1866,5,5,112
2301,-1890,-14,-2433,-2433,4,3,-259
2302,-2165,-80,-2600,-2600,2,2,-401
2303,-2198,-152,-2600,-2600,1,0,-484
2304,-1847,-225,-2600,-2600,-1,-2,-495
2305,-329,-248,-2261,-2261,-3,-3,-433
2307,1285,-179,1682,1682,-5,-5,-135
2308,1503,-146,1939,1939,-4,-5,56
2309,2073,-83,2406,2406,-4,-4,239
2310,2139,-18,2600,2600,-3,-3,387
2312,1873,113,2600,2600,1,0,497
2313,1036,160,2469,2469,3,1,443
2314,-364,153,1769,1769,5,3,322
2316,-1510,63,-2059,-2059,5,4,-38
2317,-1512,25,-2247,-2247,4,2,-224
2318,-1834,-30,-2587,-2587,3,2,-377
2320,-1964,-161,-2600,-2600,0,-2,-498
2321,-1140,-213,-2600,-2600,-3,-2,-449
2322,682,-198,-1731,-1731,-4,-5,-331
2323,1349,-154,1694,1694,-5,-6,-164
2324,1300,-125,1811,1811,-5,-5,27
2326,2245,-9,2600,2600,-3,-4,371
2327,2224,58,2600,2600,-1,-1,470
2328,2058,131,2600,2600,1,1,499
2330,-345,191,1822,1822,4,4,336
2331,-1529,143,-1856,-1856,5,5,170
2332,-1714,92,-2100,-2100,5,5,-22
2334,-2153,-26,-2600,-2600,2,3,-368
2335,-2220,-95,-2600,-2600,0,0,-469
2336,-2110,-175,-2600,-2600,-1,0,-499
2337,-1031,-223,-2597,-2597,-3,-3,-452
2339,1391,-158,1702,1702,-6,-6,-170
2340,1431,-126,1856,1856,-6,-5,23
2341,1988,-71,2311,2311,-4,-5,213
2342,2278,-2,2600,2600,-3,-2,370
2343,2228,65,2600,2600,-2,-2,471
2345,1236,193,2575,2575,2,2,450
2346,-162,199,1884,1884,3,4,333
2347,-1291,158,-1739,-1739,5,7,164
2349,-1898,58,-2380,-2380,3,4,-220
2350,-2184,-8,-2600,-2600,2,3,-376
2351,-2246,-78,-2600,-2600,0,1,-474
2353,-1143,-210,-2600,-2600,-3,-2,-446
2354,753,-190,-1676,-1676,-4,-5,-324
2355,1367,-146,1737,1737,-5,-5,-152
2356,1295,-118,1833,1833,-6,-5,43
2357,1799,-70,2262,2262,-4,-4,232
2359,2160,62,2600,2600,-1,-1,478
2360,1899,131,2600,2600,1,1,497
2361,1135,182,2525,2525,2,3,438
2362,-236,185,1830,1830,3,4,310
2364,-1682,88,-2147,-2147,4,5,-63
2365,-1792,40,-2387,-2387,3,4,-250
2367,-2201,-92,-2600,-2600,0,0,-484
2368,-2115,-171,-2600,-2600,-1,-1,-494
2369,-903,-215,-2533,-2533,-3,-3,-426
2370,903,-190,-1594,-1594,-4,-4,-291
2372,1322,-122,1861,1861,-6,-5,88
2373,1967,-65,2355,2355,-4,-5,273
2374,2215,0,2600,2600,-3,-3,414
2375,2170,67,2600,2600,-1,-1,490
2376,1953,139,2600,2600,0,0,489
2378,-316,184,1704,1704,3,3,266
2379,-1230,144,-1860,-1860,5,4,79
2380,-1406,99,-2112,-2112,4,4,-119
2382,-1812,8,-2600,-2600,2,2,-432
2383,-1959,-52,-2600,-2600,0,-1,-496
2384,-1910,-124,-2600,-2600,-1,-1,-480
2386,855,-145,-1563,-1563,-4,-5,-234
2387,1413,-100,1844,1844,-5,-6,-42
2388,1365,-70,1985,1985,-5,-4,156
2389,1866,-19,2405,2405,-4,-4,329
2390,2137,44,2600,2600,-3,-3,450
2392,1867,181,2600,2600,0,2,467
2393,859,224,2358,2358,3,3,361
2394,-718,209,1508,1508,3,4,196
2395,-1598,157,-2049,-2049,5,6,0
2396,-1680,107,-2258,-2258,4,5,-197
2398,-2077,-7,-2600,-2600,1,1,-468
2399,-2136,-74,-2600,-2600,-1,0,-499
2401,-472,-181,-2251,-2251,-3,-4,-326
2402,1262,-143,1693,1693,-5,-5,-150
2403,1597,-93,2018,2018,-5,-5,50
2404,1570,-58,2160,2160,-5,-5,242
2406,2142,65,2600,2600,-1,-1,484
2407,2075,135,2600,2600,0,0,494
2408,1540,200,2600,2600,1,2,423
2409,-68,211,1871,1871,3,4,283
2410,-1372,166,-1886,-1886,4,5,97
2412,-1766,74,-2420,-2420,3,3,-290
2413,-2117,9,-2600,-2600,1,2,-427
2414,-2198,-59,-2600,-2600,0,0,-495
2416,-964,-183,-2515,-2515,-3,-3,-388
2417,752,-162,-1611,-1611,-4,-5,-231
2418,1292,-122,1792,1792,-5,-5,-36
2420,1854,-42,2400,2400,-4,-4,338
2421,2062,19,2600,2600,-3,-2,457
2422,2001,80,2600,2600,-1,-1,499
2423,1786,147,2600,2600,1,1,460
2424,921,192,2333,2333,3,2,344
2426,-1486,132,-2075,-2075,4,5,-30
2427,-1608,81,-2311,-2311,4,4,-226
2428,-1637,36,-2499,-2499,2,3,-385
2429,-1858,-20,-2600,-2600,2,1,-480
2431,-1885,-152,-2600,-2600,-1,-2,-427
2432,-532,-185,-2264,-2264,-3,-4,-288
2434,1536,-101,2018,2018,-5,-6,103
2435,1418,-68,2120,2120,-4,-5,290
2436,1858,-14,2513,2513,-3,-2,429
2437,2004,45,2600,2600,-1,-2,495
2439,1478,174,2579,2579,2,2,383
2440,-6,187,1800,1800,3,3,221
2441,-1375,143,-1999,-1999,5,4,23
2442,-1642,89,-2307,-2307,4,4,-179
2443,-1637,43,-2468,-2468,4,3,-351
2445,-1980,-71,-2600,-2600,0,-1,-499
2446,-1973,-144,-2600,-2600,-2,-2,-450
2447,-865,-188,-2486,-2486,-4,-4,-324
2449,1788,-101,2052,2052,-6,-6,61
2450,1610,-61,2138,2138,-5,-5,256
2451,1902,-8,2445,2445,-4,-4,407
2453,2129,120,2600,2600,0,-1,488
2454,1817,192,2600,2600,1,1,404
2455,478,224,2025,2025,3,2,251
2456,-1064,190,-1852,-1852,3,4,55
2457,-1494,140,-2218,-2218,5,4,-150
2458,-1471,100,-2374,-2374,3,3,-330
2460,-1898,-8,-2600,-2600,-1,-1,-499
2461,-1921,-78,-2600,-2600,-1,-3,-460
2462,-1077,-129,-2583,-2583,-4,-4,-341
2464,1765,-53,2028,2028,-6,-7,40
2465,1678,-9,2149,2149,-6,-6,239
2467,2280,109,2600,2600,-2,-3,486
2468,2265,179,2600,2600,-1,0,491
2469,2017,256,2600,2600,1,1,412
2470,844,300,2250,2250,2,3,261
2472,-1693,226,-2240,-2240,4,5,-141
2473,-1747,175,-2435,-2435,3,4,-324
2474,-1885,117,-2600,-2600,1,3,-451
2475,-1972,57,-2600,-2600,0,0,-499
2476,-1985,-10,-2600,-2600,-2,-1,-461
2478,355,-75,-1720,-1720,-4,-5,-164
2479,1634,-24,2036,2036,-7,-6,42
2480,1685,23,2239,2239,-5,-5,241
2482,2088,128,2600,2600,-3,-3,487
2483,2114,193,2600,2600,-1,0,490
2484,1896,265,2600,2600,1,2,407
2486,-869,289,-1653,-1653,4,4,54
2487,-1763,231,-2255,-2255,4,5,-153
2488,-1808,177,-2453,-2453,3,4,-335
2489,-1922,119,-2600,-2600,2,3,-457
2490,-2045,57,-2600,-2600,-1,0,-499
2492,-1488,-77,-2600,-2600,-2,-2,-328
2493,411,-78,-1663,-1663,-6,-4,-144
2494,1535,-29,2025,2025,-6,-6,64
2496,1755,57,2446,2446,-4,-4,414
2497,2124,118,2600,2600,-2,-1,492
2498,2107,183,2600,2600,0,-1,483
2500,698,294,2149,2149,2,2,225
2501,-839,267,-1719,-1719,4,4,21
2502,-1340,223,-2122,-2122,4,4,-185
2503,-1464,187,-2331,-2331,4,3,-360
2505,-2032,65,-2600,-2600,0,0,-498
2506,-2012,-8,-2600,-2600,-2,-1,-436
2507,-1263,-64,-2510,-2510,-1,-3,-296
2508,503,-55,-1553,-1553,-4,-5,-103
2509,1287,-14,1985,1985,-5,-5,108
2511,1763,62,2522,2522,-2,-3,438
2512,2038,121,2600,2600,-2,-3,498
2513,2019,184,2600,2600,0,-1,468
2515,603,288,2102,2102,4,2,177
2516,-1035,258,-1830,-1830,4,4,-32
2517,-1710,202,-2316,-2316,5,5,-236
2519,-1864,98,-2600,-2600,1,1,-487
2520,-2011,37,-2600,-2600,1,-1,-489
2521,-2026,-36,-2600,-2600,-1,-1,-402
2522,-1168,-89,-2436,-2436,-2,-4,-242
2523,729,-75,1598,1598,-4,-5,-39
2525,1397,4,2234,2234,-4,-4,351
2526,1821,56,2578,2578,-2,-4,467
2527,2007,115,2600,2600,-1,-1,498
2529,1548,245,2600,2600,3,2,299
2530,-35,260,1766,1766,4,4,105
2532,-1952,147,-2487,-2487,5,4,-301
2533,-1968,92,-2600,-2600,3,4,-440
2534,-2187,26,-2600,-2600,1,0,-499
2535,-2276,-46,-2600,-2600,0,0,-466
2536,-2038,-125,-2600,-2600,-2,-2,-347
2537,-381,-152,-2037,-2037,-3,-3,-165
2539,1448,-69,2126,2126,-6,-5,251
2540,1487,-35,2285,2285,-4,-4,409
2541,1910,21,2600,2600,-2,-1,491
2542,1930,80,2600,2600,0,-1,484
2544,908,191,2227,2227,3,4,218
2545,-676,180,-1667,-1667,4,4,10
2547,-2027,60,-2600,-2600,4,5,-374
2548,-2093,-1,-2600,-2600,1,2,-479
2549,-2213,-68,-2600,-2600,0,0,-494
2550,-2182,-146,-2600,-2600,-1,-1,-418
2551,-1102,-195,-2510,-2510,-3,-3,-265
2553,1413,-140,1969,1969,-6,-5,152
2554,1407,-105,2101,2101,-5,-6,338
2555,1759,-55,2409,2409,-4,-3,462
2556,1974,3,2600,2600,-2,-2,499
2557,1912,62,2600,2600,0,-1,443
2559,681,164,1908,1908,3,1,109
2560,-842,141,-1962,-1962,4,4,-107
2561,-1631,89,-2517,-2517,4,3,-303
2563,-1710,-17,-2600,-2600,1,0,-499
2564,-1756,-70,-2600,-2600,-1,-2,-462
2565,-1711,-135,-2600,-2600,-2,-3,-338
2566,-437,-165,-2195,-2195,-4,-5,-150
2568,1725,-75,2166,2166,-5,-6,269
2569,1657,-33,2271,2271,-5,-5,422
2570,1924,22,2519,2519,-3,-3,496
2571,2011,82,2600,2600,-1,-2,475
2572,1957,151,2600,2600,1,-1,365
2574,69,225,1533,1533,4,2,-28
2575,-1257,185,-2265,-2265,4,3,-237
2576,-1603,133,-2573,-2573,3,4,-402
2578,-1722,35,-2600,-2600,-1,-1,-485
2579,-1828,-21,-2600,-2600,-2,-3,-388
2580,-1569,-86,-2600,-2600,-3,-3,-217
2582,1687,-43,2128,2128,-6,-6,208
2583,1795,7,2325,2325,-6,-6,382
2584,1814,54,2452,2452,-4,-4,483
2585,2057,112,2600,2600,-2,-2,491
2586,2139,179,2600,2600,-1,-1,406
2588,780,295,1961,1961,3,3,32
2589,-953,271,-1998,-1998,4,5,-183
2590,-1757,216,-2525,-2525,4,5,-364
2592,-1981,100,-2600,-2600,0,1,-495
2593,-2043,37,-2600,-2600,-2,-1,-420
2594,-1989,-39,-2600,-2600,-3,-3,-263
2596,1223,-43,1916,1916,-6,-6,162
2597,1728,10,2308,2308,-6,-6,349
2598,1647,52,2394,2394,-4,-4,469
2599,1907,106,2588,2588,-3,-3,497
2600,2022,166,2600,2600,-1,0,430
2602,1066,288,2106,2106,2,2,74
2603,-655,272,-1860,-1860,4,3,-145
2604,-1514,222,-2432,-2432,4,3,-336
2606,-1661,126,-2600,-2600,1,0,-499
2607,-1817,71,-2600,-2600,-2,-2,-438
2608,-1824,3,-2600,-2600,-2,-3,-291
2610,1218,-4,1887,1887,-6,-6,132
2611,1771,49,2324,2324,-5,-6,327
2612,1728,93,2422,2422,-5,-5,458
2613,2015,150,2600,2600,-2,-3,499
2614,2084,213,2600,2600,-1,-1,443
2616,1136,337,2213,2213,3,3,97
2617,-612,331,-1751,-1751,4,4,-124
2618,-1747,274,-2451,-2451,4,5,-321
2620,-1897,157,-2600,-2600,1,2,-499
2621,-1958,98,-2600,-2600,0,0,-445
2622,-2001,27,-2600,-2600,-1,-3,-303
2624,451,-29,1580,1580,-4,-5,120
2625,1509,17,2240,2240,-4,-7,318
2626,1518,58,2371,2371,-4,-4,454
2627,1677,105,2508,2508,-3,-4,499
2628,1838,158,2600,2600,0,-2,446
2630,1385,279,2291,2291,2,2,101
2631,-269,285,-1631,-1631,4,3,-121
2632,-1564,234,-2414,-2414,5,3,-320
2633,-1771,178,-2600,-2600,4,2,-455
2635,-1814,71,-2600,-2600,0,-1,-444
2636,-1879,8,-2600,-2600,-1,-2,-300
2637,-1425,-51,-2479,-2479,-3,-4,-96
2639,1395,-11,2157,2157,-4,-6,324
2640,1458,26,2280,2280,-5,-6,458
2641,1710,73,2462,2462,-3,-4,499
2642,1940,129,2600,2600,0,-1,440
2643,1942,192,2550,2550,0,-1,293
2645,219,279,1529,1529,4,1,-136
2646,-1335,237,-2360,-2360,4,4,-333
2647,-1697,181,-2600,-2600,4,2,-462
2648,-1625,132,-2600,-2600,1,1,-498
2650,-1694,30,-2600,-2600,-2,-2,-282
2651,-1486,-30,-2504,-2504,-3,-4,-73
2653,1635,4,2259,2259,-6,-6,344
2654,1826,59,2446,2446,-5,-7,468
2655,1773,107,2467,2467,-4,-4,497
2656,1928,161,2556,2556,-1,-1,425
2658,1743,293,2334,2334,1,1,54
2659,317,319,1534,1534,4,1,-169
2660,-1251,280,-2357,-2357,4,3,-359
2661,-1677,226,-2600,-2600,4,3,-475
2663,-1664,127,-2600,-2600,0,-1,-413
2664,-1713,73,-2600,-2600,-2,-2,-247
2665,-1546,10,-2457,-2457,-2,-4,-30
2666,-169,-10,-1674,-1674,-4,-5,192
2668,1651,78,2414,2414,-4,-5,482
2669,1658,122,2435,2435,-4,-4,490
2670,1795,174,2478,2478,-1,-2,397
2672,1596,295,2222,2222,2,1,2
2673,322,320,-1516,-1516,3,1,-218
2674,-1170,284,-2375,-2375,3,2,-395
2675,-1591,232,-2600,-2600,3,2,-489
2677,-1529,138,-2600,-2600,-1,-3,-377
2678,-1523,81,-2581,-2581,-3,-4,-193
2679,-811,39,-2141,-2141,-5,-5,30
2681,1890,117,2433,2433,-6,-7,415
2682,1883,169,2525,2525,-4,-5,495
2683,1938,225,2593,2593,-2,-3,473
2685,2003,355,2553,2553,2,0,158
2686,1086,405,2004,2004,3,0,-68
2687,-683,391,-1973,-1973,4,3,-281
2688,-1572,339,-2530,-2530,4,2,-435
2689,-1584,288,-2597,-2597,3,2,-499
2691,-1530,195,-2553,-2553,-2,-3,-322
2692,-1544,137,-2467,-2467,-2,-4,-118
2693,-766,96,-1991,-1991,-4,-6,110
2694,1117,121,2048,2048,-6,-6,316
2696,1909,237,2600,2600,-4,-4,499
2697,1911,291,2600,2600,-1,-3,438
2699,1937,422,2550,2550,2,2,72
2700,685,460,1848,1848,4,2,-156
2701,-1251,428,-2201,-2201,4,5,-351
2702,-2017,362,-2600,-2600,5,5,-473
2704,-1905,243,-2600,-2600,0,1,-412
2705,-1946,183,-2580,-2580,0,-2,-242
2706,-1865,110,-2462,-2462,-3,-3,-21
2707,-668,73,-1770,-1770,-3,-4,204
2708,1091,101,2183,2183,-5,-6,387
2710,1565,195,2500,2500,-3,-3,485
2711,1597,240,2483,2483,0,-1,379
2713,1610,349,2302,2302,2,3,-34
2714,506,382,1670,1670,4,3,-254
2715,-1388,342,-2360,-2360,4,4,-420
2716,-1965,279,-2600,-2600,4,4,-497
2718,-1865,164,-2600,-2600,0,0,-337
2719,-1909,98,-2561,-2561,-2,-1,-136
2720,-1319,39,-2183,-2183,-4,-3,94
2721,541,44,1836,1836,-4,-5,305
2722,1655,95,2473,2473,-6,-5,451
2724,1638,190,2504,2504,-1,-2,441
2725,1716,238,2482,2482,0,1,288
2727,1041,349,1935,1935,2,2,-158
2728,-817,333,-2067,-2067,4,5,-355
2729,-1768,275,-2600,-2600,4,4,-475
2731,-1669,169,-2596,-2596,0,1,-405
2732,-1710,114,-2551,-2551,-2,-2,-229
2733,-1548,49,-2379,-2379,-3,-3,-3
2734,-190,26,-1601,-1601,-4,-4,223
2735,1588,73,2368,2368,-6,-6,401
2737,1857,190,2600,2600,-2,-3,477
2738,1807,241,2534,2534,-1,-1,358
2739,1841,295,2464,2464,1,1,161
2741,145,384,-1546,-1546,4,4,-287
2742,-1473,337,-2438,-2438,4,4,-441
2744,-1701,227,-2600,-2600,1,1,-449
2745,-1680,176,-2529,-2529,-1,-1,-300
2746,-1672,113,-2434,-2434,-2,-3,-85
2747,-788,70,-1902,-1902,-4,-4,147
2748,1159,99,2170,2170,-5,-5,348
2750,1914,215,2600,2600,-2,-3,494
2751,1860,268,2600,2600,-1,-2,407
2752,1896,324,2600,2600,1,2,230
2753,1713,392,2420,2420,2,2,3
2755,-1436,371,-2337,-2337,5,5,-403
2756,-1727,314,-2554,-2554,4,4,-493
2758,-1610,215,-2452,-2452,0,0,-351
2759,-1648,162,-2372,-2372,-1,-2,-150
2760,-1478,99,-2180,-2180,-3,-2,84
2761,-72,80,1616,1616,-3,-4,300
2762,1626,128,2545,2545,-4,-5,449
2764,1819,240,2600,2600,0,-1,439
2765,1822,290,2600,2600,2,0,281
2766,1811,359,2540,2540,2,3,60
2767,491,392,1793,1793,4,4,-173
2769,-1866,288,-2584,-2584,4,5,-482
2770,-1741,234,-2543,-2543,4,3,-488
2771,-1684,183,-2500,-2500,0,0,-386
2773,-1567,64,-2251,-2251,-3,-2,35
2774,-268,39,-1509,-1509,-3,-4,260
2775,1412,81,2424,2424,-3,-5,427
2776,1758,135,2600,2600,-3,-4,498
2777,1670,184,2600,2600,-2,-2,458
2779,1715,282,2461,2461,2,2,101
2780,1360,340,2180,2180,3,3,-135
2781,-445,342,-1803,-1803,5,4,-341
2783,-1771,227,-2588,-2588,4,3,-495
2784,-1664,176,-2502,-2502,2,1,-407
2785,-1667,125,-2425,-2425,-1,-1,-228
2786,-1626,62,-2300,-2300,-2,-2,2
2788,1132,51,2265,2265,-3,-4,411
2789,1895,109,2600,2600,-4,-5,496
2790,1885,165,2600,2600,-2,-2,468
2791,1834,218,2600,2600,0,0,335
2793,1441,339,2225,2225,3,2,-111
2794,-424,340,-1792,-1792,4,5,-324
2795,-1766,281,-2544,-2544,5,5,-463
2797,-1665,172,-2517,-2517,2,1,-418
2798,-1661,122,-2422,-2422,0,0,-243
2799,-1638,60,-2305,-2305,-2,-2,-13
2800,-906,15,-1833,-1833,-2,-3,219
2802,1689,85,2600,2600,-3,-4,494
2803,1664,134,2585,2585,-2,-3,472
2804,1605,180,2493,2493,0,0,342
2805,1632,228,2392,2392,3,0,134
2806,1510,287,2203,2203,2,2,-104
2808,-1383,268,-2417,-2417,4,4,-461
2809,-1638,214,-2577,-2577,4,3,-497
2810,-1524,167,-2476,-2476,3,1,-419
2812,-1479,67,-2245,-2245,-1,-3,-13
2813,-814,24,-1808,-1808,-2,-4,220
2814,926,43,2148,2148,-3,-5,404
2815,1746,97,2600,2600,-2,-4,494
2817,1650,195,2525,2525,0,-1,338
2818,1654,251,2397,2397,1,0,127
2819,1243,305,2087,2087,4,2,-112
2820,-203,309,-1756,-1756,4,2,-327
2822,-1412,218,-2495,-2495,3,2,-496
2823,-1306,178,-2401,-2401,1,1,-412
2824,-1271,139,-2282,-2282,0,-2,-231
2826,-695,54,-1732,-1732,-2,-3,236
2827,908,73,2157,2157,-4,-4,415
2828,1765,127,2600,2600,-3,-4,497
2829,1757,179,2600,2600,-1,-3,463
2831,1715,288,2453,2453,3,1,104
2832,1112,338,2024,2024,2,2,-136
2833,-606,329,-1936,-1936,4,4,-346
2834,-1485,279,-2473,-2473,4,3,-475
2836,-1353,194,-2385,-2385,1,0,-394
2837,-1375,152,-2286,-2286,0,-2,-203
2838,-1381,101,-2147,-2147,-1,-2,34
2840,926,78,2208,2208,-3,-4,433
2841,1726,131,2600,2600,-3,-4,499
2842,1693,182,2600,2600,-1,-3,448
2843,1655,229,2527,2527,1,1,291
2845,962,335,1962,1962,2,4,-175
2846,-844,317,-2036,-2036,5,4,-375
2847,-1787,258,-2585,-2585,4,5,-486
2849,-1660,153,-2485,-2485,1,1,-364
2850,-1681,101,-2400,-2400,-1,-2,-159
2851,-1609,38,-2236,-2236,-1,-2,82
2853,1300,40,2381,2381,-3,-4,456
2854,1752,94,2600,2600,-3,-4,498
2855,1645,143,2532,2532,-1,-3,422
2856,1603,188,2421,2421,1,1,245
2858,1149,296,1957,1957,3,3,-228
2859,-636,289,-2002,-2002,4,5,-411
2860,-1814,230,-2600,-2600,4,4,-497
2861,-1842,171,-2600,-2600,3,3,-463
2863,-1766,60,-2435,-2435,-1,-2,-98
2864,-1472,-1,-2158,-2158,-1,-2,146
2865,47,-16,1685,1685,-3,-4,355
2867,1593,78,2524,2524,-3,-4,488
2868,1500,122,2415,2415,0,-2,380
2869,1487,164,2310,2310,2,2,180
2871,886,262,1759,1759,3,3,-291
2872,-985,240,-2244,-2244,4,4,-449
2873,-1953,177,-2600,-2600,4,4,-499
2874,-1912,118,-2600,-2600,1,1,-429
2875,-1853,61,-2600,-2600,0,0,-254
2877,-728,-44,-1832,-1832,-3,-4,221
2878,1110,-18,2172,2172,-5,-4,408
2879,1795,38,2566,2566,-4,-5,496
2881,1607,134,2385,2385,0,-1,319
2882,1639,180,2278,2278,1,2,97
2883,1632,244,2158,2158,2,3,-149
2884,338,274,-1569,-1569,4,3,-359
2886,-1913,165,-2600,-2600,3,4,-487
2887,-1839,108,-2600,-2600,0,1,-373
2888,-1806,49,-2548,-2548,0,-1,-169
2889,-1580,-13,-2313,-2313,-2,-2,76
2891,1365,4,2344,2344,-4,-5,457
2892,1625,55,2495,2495,-4,-4,498
2893,1503,99,2394,2394,-1,-2,417
2895,1546,185,2142,2142,1,0,-6
2896,1270,241,1889,1889,3,2,-245
2897,-257,246,-1952,-1952,4,2,-424
2898,-1453,199,-2591,-2591,3,3,-499
2900,-1417,108,-2451,-2451,0,0,-292
2901,-1441,63,-2319,-2319,-1,-2,-61
2902,-1223,11,-2075,-2075,-2,-3,184
2903,206,1,1734,1734,-3,-4,385
2905,1649,98,2506,2506,-3,-3,475
2906,1536,143,2371,2371,0,-2,342
2907,1524,186,2225,2225,1,0,124
2909,609,276,1529,1529,3,2,-342
2910,-1116,251,-2383,-2383,4,3,-475
2911,-1759,194,-2600,-2600,3,3,-490
2912,-1696,141,-2600,-2600,1,1,-384
2914,-1525,31,-2278,-2278,-2,-2,65
2915,-319,4,-1556,-1556,-3,-3,297
2916,1280,40,2327,2327,-4,-4,454
2917,1605,90,2513,2513,-4,-4,498
2919,1496,173,2308,2308,0,1,233
2920,1529,219,2178,2178,1,2,-9
2921,1262,275,1944,1944,3,4,-250
2923,-1764,223,-2600,-2600,4,4,-499
2924,-1879,163,-2600,-2600,2,2,-445
2925,-1812,106,-2584,-2584,0,1,-279
2926,-1774,43,-2431,-2431,-1,-1,-43
2927,-1155,-9,-2003,-2003,-2,-3,203
2929,1501,46,2478,2478,-4,-4,495
2930,1434,89,2426,2426,-2,-3,466
2931,1327,126,2285,2285,0,0,319
2932,1345,164,2151,2151,2,1,92
2934,677,252,1577,1577,3,3,-368
2935,-1220,220,-2419,-2419,3,4,-486
2936,-1917,159,-2600,-2600,2,3,-481
2938,-1812,41,-2541,-2541,-2,-1,-137
2939,-1474,-19,-2232,-2232,-1,-2,113
2940,90,-31,1641,1641,-4,-4,336
2941,1495,14,2424,2424,-4,-4,474
2942,1603,64,2488,2488,-3,-4,491
2944,1457,148,2236,2236,1,1,178
2945,1495,195,2126,2126,3,3,-72
2947,-810,234,-2218,-2218,2,4,-459
2948,-1966,170,-2600,-2600,3,4,-497
2949,-1960,108,-2600,-2600,2,2,-407
2950,-1889,49,-2600,-2600,-1,0,-214
2952,-308,-41,-1594,-1594,-3,-3,273
2953,1282,-4,2284,2284,-4,-5,443
2954,1550,44,2462,2462,-4,-3,499
2955,1407,82,2351,2351,-1,-2,427
2956,1452,123,2266,2266,0,1,246
2958,1434,227,1977,1977,2,3,-244
2959,34,246,-1787,-1787,4,3,-426
2961,-1896,133,-2600,-2600,2,2,-443
2962,-1834,76,-2600,-2600,0,1,-273
2963,-1764,12,-2450,-2450,-1,-1,-32
2964,-1116,-37,-2002,-2002,-2,-3,216
2965,578,-29,1938,1938,-3,-4,410
2967,1438,61,2390,2390,-2,-2,456
2968,1334,99,2230,2230,0,-1,297
2969,1332,134,2076,2076,2,1,60
2971,742,223,1531,1531,3,2,-394
2972,-1129,197,-2437,-2437,2,4,-494
2973,-1839,138,-2600,-2600,3,3,-466
2975,-1732,23,-2475,-2475,0,-1,-85
2976,-1342,-32,-2123,-2123,-1,-1,168
2977,145,-40,1724,1724,-3,-3,379
2978,1260,0,2332,2332,-4,-4,490
2979,1268,38,2321,2321,-2,-3,474
2980,1166,71,2162,2162,-1,-1,333
2982,1267,143,1889,1889,1,2,-149
2983,1003,190,1637,1637,2,2,-365
2984,-470,190,-2143,-2143,2,3,-486
2986,-1677,82,-2600,-2600,1,2,-347
2987,-1598,28,-2476,-2476,-2,-1,-123
2988,-1261,-24,-2160,-2160,-2,-2,132
2990,1310,4,2311,2311,-4,-4,482
2991,1463,47,2398,2398,-3,-2,484
2992,1438,86,2292,2292,-2,-1,358
2993,1549,129,2212,2212,1,1,137
2995,1026,231,1677,1677,1,3,-344
2996,-838,216,-2305,-2305,3,3,-479
2997,-1719,160,-2600,-2600,2,4,-486
2999,-1633,55,-2497,-2497,-3,0,-148
3000,-1459,-2,-2272,-2272,-3,-2,109
3001,-197,-25,-1528,-1528,-4,-3,337
3002,1486,18,2381,2381,-5,-4,476
3004,1713,125,2442,2442,-2,-1,371
3005,1667,172,2280,2280,-1,1,155
3006,1683,226,2147,2147,2,2,-102
3007,1148,279,1766,1766,1,3,-332
3009,-1634,219,-2600,-2600,1,3,-489
3010,-1599,167,-2571,-2571,1,2,-374
3011,-1526,120,-2389,-2389,-1,0,-159
3013,-647,26,-1680,-1680,-3,-3,330
3014,1110,52,2248,2248,-5,-4,473
3015,1791,107,2600,2600,-3,-3,490
3016,1720,158,2471,2471,-3,-3,375
3017,1659,205,2312,2312,0,1,159
3019,1334,315,1893,1893,3,2,-331
3020,-430,313,-2034,-2034,3,3,-474
3021,-1582,261,-2595,-2595,2,4,-489
3023,-1503,163,-2308,-2308,0,0,-156
3024,-1470,111,-2128,-2128,-1,-2,102
3025,-1003,64,-1765,-1765,-2,-2,334
3026,546,69,2064,2064,-3,-3,475
3028,1453,158,2423,2423,-1,-2,369
3029,1380,197,2235,2235,1,0,150
3030,1379,240,2059,2059,1,2,-109
3031,1104,289,1791,1791,3,1,-339
3033,-1426,245,-2511,-2511,3,3,-486
3034,-1448,198,-2440,-2440,1,1,-363
3035,-1348,156,-2227,-2227,0,0,-141
3036,-1288,109,-2028,-2028,-2,-1,119
3038,736,83,2175,2175,-2,-3,481
3039,1589,132,2592,2592,-3,-2,483
3040,1581,178,2500,2500,-1,-1,354
3041,1524,222,2325,2325,1,1,128
3043,700,311,1626,1626,3,3,-357
3044,-807,289,-2201,-2201,2,3,-485
3045,-1352,245,-2451,-2451,3,3,-479
3046,-1259,205,-2308,-2308,1,1,-343
3048,-1204,127,-1947,-1947,-1,-3,149
3049,-850,85,-1643,-1643,-2,-2,370
3050,714,93,2195,2195,-2,-2,489
3052,1750,198,2587,2587,0,0,328
3053,1702,250,2392,2392,0,0,92
3054,1469,307,2115,2115,2,1,-169
3055,222,327,-1613,-1613,3,3,-384
3056,-1023,294,-2276,-2276,4,4,-493
3057,-1190,255,-2333,-2333,3,2,-466
3059,-1153,184,-2028,-2028,0,-1,-69
3060,-1164,145,-1866,-1866,-2,-2,191
3061,-792,104,-1574,-1574,-2,-3,399
3063,1685,167,2600,2600,-1,-2,456
3064,1646,215,2527,2527,0,-1,289
3065,1640,263,2356,2356,1,1,42
3066,1489,323,2129,2129,2,2,-217
3068,-1327,295,-2394,-2394,4,3,-499
3069,-1420,247,-2400,-2400,2,3,-443
3070,-1256,208,-2175,-2175,2,1,-264
3071,-1207,171,-1990,-1990,-2,-1,-11
3073,-668,92,1557,1557,-1,-2,432
3074,853,107,2312,2312,-3,-2,499
3075,1610,155,2600,2600,-1,-2,427
3076,1612,203,2495,2495,1,0,235
3078,1062,298,1890,1890,3,2,-274
3079,-383,296,-1918,-1918,4,3,-449
3080,-1272,253,-2390,-2390,3,3,-498
3081,-1251,215,-2309,-2309,2,2,-407
3083,-1202,140,-1950,-1950,-1,-1,59
3084,-1113,94,-1772,-1772,-2,-3,305
3085,-51,76,1832,1832,-2,-2,464
3087,1743,169,2600,2600,-1,-1,383
3088,1704,220,2473,2473,1,0,164
3089,1606,277,2254,2254,2,1,-100
3090,741,315,1680,1680,3,1,-337
3092,-1215,250,-2348,-2348,4,3,-484
3093,-1100,219,-2185,-2185,2,1,-353
3094,-1163,183,-2034,-2034,1,0,-122
3095,-1177,145,-1864,-1864,-2,-1,143
3096,-1035,100,-1655,-1655,-1,-2,369
3098,1342,125,2522,2522,-2,-3,471
3099,1525,171,2508,2508,0,0,319
3100,1459,215,2282,2282,0,0,76
3101,1363,265,2064,2064,3,1,-188
3103,-660,281,-2103,-2103,2,3,-497
3104,-1266,239,-2347,-2347,4,2,-452
3105,-1193,200,-2169,-2169,1,2,-279
3106,-1112,166,-1944,-1944,0,-1,-25
3108,-857,92,-1520,-1520,-1,-1,428
3109,375,88,2092,2092,-1,-3,499
3110,1429,132,2538,2538,-2,-1,427
3112,1488,221,2236,2236,2,1,-28
3113,1273,274,1979,1979,2,3,-282
3114,-88,287,-1772,-1772,3,4,-454
3115,-1515,237,-2495,-2495,4,3,-496
3116,-1611,184,-2457,-2457,3,3,-395
3118,-1436,90,-2041,-2041,-1,0,85
3119,-1192,38,-1783,-1783,-1,-2,328
3120,2,23,1860,1860,-2,-3,476
3121,1316,63,2495,2495,-1,-3,486
3123,1460,152,2306,2306,2,1,123
3124,1399,202,2096,2096,2,2,-145
3125,775,243,1663,1663,3,3,-372
3127,-1711,166,-2596,-2596,4,4,-468
3128,-1704,113,-2496,-2496,1,1,-309
3129,-1645,62,-2294,-2294,0,0,-60
3130,-1545,2,-2083,-2083,-1,-1,205
3131,-599,-32,-1522,-1522,-3,-2,412
3133,1588,44,2507,2507,-3,-3,440
3134,1531,90,2338,2338,0,-1,253
3135,1516,133,2124,2124,0,0,-7
3136,1496,186,1947,1947,1,2,-265
3138,-857,206,-2295,-2295,2,3,-498
3139,-1453,159,-2504,-2504,3,1,-403
3140,-1347,116,-2287,-2287,0,1,-190
3141,-1263,76,-2052,-2052,-1,-1,77
3143,-243,5,1675,1675,-2,-2,474
3144,1176,38,2354,2354,-2,-3,486
3145,1513,84,2402,2402,-2,-2,356
3147,1451,172,2008,2008,1,1,-150
3148,1127,223,1721,1721,2,2,-377
3149,-419,222,-2098,-2098,2,2,-493
3150,-1491,174,-2575,-2575,3,3,-463
3152,-1433,80,-2248,-2248,-1,-1,-44
3153,-1315,27,-2046,-2046,-3,-3,222
3154,-458,-3,-1513,-1513,-2,-3,423
3155,1153,27,2305,2305,-3,-4,499
3157,1667,130,2335,2335,0,-2,230
3158,1630,176,2121,2121,0,0,-36
3159,1612,235,1954,1954,1,1,-292
3160,719,275,-1542,-1542,3,2,-461
3162,-1433,195,-2496,-2496,1,2,-379
3163,-1348,153,-2286,-2286,0,-1,-152
3164,-1294,109,-2075,-2075,-2,-2,119
3165,-963,64,-1780,-1780,-3,-3,356
3167,1720,118,2587,2587,-3,-3,473
3168,1788,171,2482,2482,-3,-3,318
3169,1733,221,2283,2283,0,0,68
3171,1005,328,1668,1668,1,3,-412
3172,-798,307,-2235,-2235,3,3,-499
3173,-1415,260,-2477,-2477,2,2,-437
3174,-1311,218,-2262,-2262,1,1,-243
3176,-1191,135,-1814,-1814,-1,-1,282
3177,-618,100,1560,1560,-1,-3,457
3178,764,117,2232,2232,-3,-2,495
3179,1352,157,2424,2424,-1,-2,384
3181,1301,234,2021,2021,1,1,-115
3182,1183,283,1820,1820,2,2,-354
3183,84,300,-1784,-1784,2,2,-487
3185,-1406,214,-2359,-2359,1,1,-316
3186,-1311,172,-2116,-2116,0,0,-64
3187,-1198,126,-1867,-1867,-1,-1,207
3188,-689,90,1504,1504,-2,-2,416
3189,559,100,2156,2156,-2,-2,499
3191,1407,182,2354,2354,1,-1,233
3192,1376,223,2150,2150,2,1,-36
3193,1227,273,1912,1912,2,2,-294
3195,-1301,249,-2427,-2427,3,2,-492
3196,-1498,201,-2426,-2426,2,2,-371
3197,-1404,156,-2200,-2200,1,0,-137
3199,-1047,65,-1690,-1690,-2,-1,372
3200,267,60,2010,2010,-1,-3,492
3201,1290,99,2461,2461,-2,-3,463
3202,1325,139,2343,2343,0,-1,292
3203,1274,176,2122,2122,2,0,32
3205,753,256,1573,1573,3,2,-435
3206,-751,241,-2176,-2176,3,3,-499
3207,-1498,192,-2472,-2472,3,1,-411
3209,-1340,106,-2023,-2023,0,-1,77
3210,-1226,57,-1799,-1799,-1,-1,328
3211,-298,32,1701,1701,-3,-3,478
3212,1141,63,2397,2397,-1,-2,482
3213,1464,108,2415,2415,-2,-2,337
3215,1381,192,1999,1999,2,2,-187
3216,1063,238,1703,1703,2,1,-405
3217,-314,241,-2004,-2004,2,3,-499
3219,-1448,149,-2329,-2329,1,2,-243
3220,-1384,106,-2099,-2099,0,-1,27
3221,-1271,56,-1865,-1865,0,-2,289
3222,-420,28,1650,1650,-1,-2,462
3224,1270,91,2359,2359,-1,-2,370
3225,1206,126,2133,2133,1,-1,133
3226,1178,160,1920,1920,2,2,-145
3227,1078,202,1708,1708,2,1,-378
3229,-1169,184,-2393,-2393,2,2,-457
3230,-1357,140,-2342,-2342,2,0,-277
3231,-1276,100,-2103,-2103,0,-1,-11
3233,-490,25,1573,1573,-1,-3,447
3234,905,45,2271,2271,-2,-2,497
3235,1443,89,2444,2444,0,-3,392
3236,1384,130,2239,2239,0,0,165
3237,1339,170,2037,2037,3,2,-113
3239,-68,230,-1863,-1863,3,3,-489
3240,-1398,185,-2488,-2488,3,2,-468
3241,-1551,136,-2421,-2421,2,2,-300
3243,-1421,37,-2000,-2000,-1,-2,235
3244,-740,-2,-1551,-1551,-1,-2,435
3245,908,17,2258,2258,-3,-3,499
3246,1588,66,2505,2505,-1,-3,406
3248,1481,154,2071,2071,1,1,-93
3249,1414,207,1875,1875,2,1,-343
3250,585,241,-1580,-1580,3,2,-484
3251,-1008,211,-2310,-2310,3,3,-474
3253,-1358,123,-2128,-2128,1,0,-54
3254,-1298,80,-1891,-1891,0,-1,222
3255,-1012,35,-1644,-1644,-2,-2,428
3257,1286,69,2420,2420,0,-2,412
3258,1319,109,2261,2261,0,0,195
3259,1257,146,2021,2021,1,2,-84
3260,1162,190,1802,1802,3,1,-336
3261,389,219,-1636,-1636,3,3,-483
3263,-1548,136,-2417,-2417,3,2,-317
3264,-1465,90,-2187,-2187,0,0,-58
3265,-1386,39,-1961,-1961,-1,-1,219
3266,-855,-2,-1594,-1594,-2,-2,427
3268,1425,52,2450,2450,-2,-3,412
3269,1389,93,2251,2251,0,-1,194
3270,1331,131,2018,2018,2,1,-86
3271,1305,176,1836,1836,2,2,-339
3273,-858,193,-2225,-2225,3,3,-474
3274,-1511,145,-2423,-2423,1,1,-312
3275,-1461,99,-2171,-2171,2,1,-51
3277,-904,7,-1584,-1584,-1,-1,432
3278,477,12,2092,2092,-2,-3,499
3279,1271,51,2387,2387,-1,-2,406
3280,1249,88,2193,2193,1,-1,182
3281,1194,123,1942,1942,1,1,-100
3283,773,197,-1522,-1522,2,1,-488
3284,-509,188,-2083,-2083,3,2,-468
3285,-1172,151,-2272,-2272,1,0,-298
3286,-1133,115,-2025,-2025,1,0,-31
3288,-794,43,-1527,-1527,0,-2,442
3289,322,40,2027,2027,-1,-2,497
3290,1246,78,2384,2384,0,-2,391
3292,1232,154,1975,1975,2,1,-124
3293,1115,197,1756,1756,2,2,-368
3294,246,220,-1731,-1731,2,2,-493
3295,-1127,187,-2338,-2338,3,3,-457
3296,-1438,141,-2337,-2337,2,1,-273
3298,-1286,51,-1866,-1866,-2,-1,272
3299,-731,12,-1503,-1503,-1,-3,457
3300,739,27,2200,2200,-3,-2,493
3302,1413,113,2221,2221,0,0,124
3303,1370,153,1982,1982,1,1,-160
3304,1275,204,1804,1804,3,2,-393
3305,354,231,-1672,-1672,3,2,-498
3306,-1211,194,-2372,-2372,1,3,-440
3308,-1466,96,-2111,-2111,0,0,41
3309,-1304,45,-1853,-1853,-1,-1,307
3310,-511,14,1634,1634,-1,-1,473
3311,894,38,2287,2287,-3,-2,484
3313,1278,116,2120,2120,0,0,77
3314,1243,153,1883,1883,1,1,-206
3315,1148,196,1694,1694,2,1,-422
3316,420,222,-1680,-1680,2,1,-499
3318,-1101,160,-2129,-2129,1,0,-190
3319,-1017,127,-1847,-1847,0,0,95
3320,-928,96,-1600,-1600,0,-1,349
3321,-638,64,1611,1611,-1,-2,488
3323,1219,104,2313,2313,0,-1,290
3324,1225,140,2082,2082,0,0,18
3325,1162,176,1842,1842,2,1,-259
3326,876,215,1577,1577,2,1,-452
3328,-1115,179,-2264,-2264,3,1,-374
3329,-1102,143,-2064,-2064,0,0,-129
3330,-1023,111,-1795,-1795,0,-1,158
3331,-955,75,-1592,-1592,0,-2,393
3332,-376,48,1739,1739,-1,-1,498
3334,1289,110,2282,2282,0,-1,231
3335,1238,147,2035,2035,2,0,-52
3336,1174,185,1807,1807,1,2,-318
3338,-558,212,-2093,-2093,1,2,-479
3339,-1276,170,-2282,-2282,3,2,-320
3340,-1228,131,-2039,-2039,1,0,-54
3341,-1144,94,-1779,-1779,-1,0,229
3342,-976,52,-1555,-1555,0,-1,437
3344,1014,66,2297,2297,-1,-1,392
3345,1160,101,2174,2174,1,0,155
3346,1114,133,1916,1916,1,1,-133
3347,1065,171,1721,1721,2,2,-378
3349,-869,178,-2211,-2211,3,2,-447
3350,-1352,135,-2274,-2274,1,2,-248
3351,-1291,94,-2023,-2023,0,0,33
3352,-1204,50,-1788,-1788,-1,-1,304
3354,526,20,2132,2132,-1,-2,482
3355,1216,56,2314,2314,-2,-1,329
3356,1202,92,2099,2099,2,0,64
3357,1156,127,1846,1846,1,1,-221
3359,-51,181,-1893,-1893,2,1,-498
3360,-1221,142,-2352,-2352,2,3,-395
3361,-1358,99,-2231,-2231,1,0,-158
3362,-1285,58,-1964,-1964,0,0,131
3363,-1144,11,-1740,-1740,-1,-2,378
3365,938,15,2254,2254,-1,-2,446
3366,1188,52,2191,2191,-1,-1,244
3367,1128,85,1928,1928,1,0,-39
3369,951,158,1540,1540,2,2,-476
3370,-119,166,-1946,-1946,2,1,-480
3371,-1139,130,-2289,-2289,2,1,-320
3372,-1210,91,-2103,-2103,0,0,-51
3373,-1138,54,-1849,-1849,-1,-1,235
3375,48,0,1853,1853,-2,-2,497
3376,1173,35,2289,2289,-1,-2,383
3377,1299,75,2132,2132,-1,-1,138
3379,1171,153,1681,1681,1,1,-393
3380,594,186,-1630,-1630,2,2,-498
3381,-834,163,-2236,-2236,2,2,-433
3382,-1399,118,-2337,-2337,0,1,-219
3384,-1244,27,-1844,-1844,-1,-1,335
3385,-541,-4,1560,1560,-3,-2,485
3386,896,17,2219,2219,-2,-2,468
3387,1419,61,2304,2304,-2,-2,291
3389,1319,141,1829,1829,1,1,-269
3390,1091,187,1611,1611,1,2,-459
3391,-126,197,-1955,-1955,2,2,-491
3392,-1241,157,-2356,-2356,2,2,-353
3394,-1297,73,-1932,-1932,0,0,198
3395,-1187,25,-1750,-1750,-2,-2,421
3396,-286,1,1697,1697,-2,-2,499
3397,1085,32,2265,2265,-2,-1,404
3398,1363,74,2183,2183,-1,-2,169
3400,1234,153,1723,1723,2,1,-375
3401,766,192,-1553,-1553,1,2,-496
3402,-683,176,-2185,-2185,1,2,-444
3404,-1290,92,-2062,-2062,-1,0,49
3405,-1224,50,-1826,-1826,-1,-1,321
3406,-854,9,-1560,-1560,-1,-2,481
3407,455,13,2025,2025,-2,-2,473
3408,1259,51,2243,2243,-2,-2,301
3410,1176,123,1752,1752,1,1,-262
3411,1056,164,1576,1576,2,1,-456
3412,268,187,-1785,-1785,1,2,-491
3414,-1252,115,-2156,-2156,1,1,-94
3415,-1186,78,-1897,-1897,-1,-1,199
3416,-1085,34,-1690,-1690,-1,-1,423
3417,-373,8,1672,1672,-1,-2,499
3418,847,32,2146,2146,-2,-2,400
3420,1053,98,1801,1801,1,1,-135
3421,998,129,1581,1581,1,1,-384
3422,738,163,-1603,-1603,1,1,-497
3423,-298,162,-2022,-2022,1,1,-436
3425,-1132,90,-1996,-1996,-1,-1,71
3426,-1070,54,-1756,-1756,-1,-1,339
3427,-726,17,-1507,-1507,-1,-2,487
3428,496,23,2036,2036,-2,-1,464
3430,1177,95,1951,1951,0,0,-8
3431,1104,127,1685,1685,1,0,-290
3432,984,163,1518,1518,1,2,-470
3433,296,185,-1781,-1781,1,1,-483
3435,-1115,123,-2063,-2063,1,0,-52
3436,-1057,90,-1802,-1802,-1,-1,239
3437,-956,51,-1615,-1615,-1,-2,446
3438,-239,29,1740,1740,0,-2,495
3439,934,55,2186,2186,-1,-1,368
3441,1095,124,1791,1791,0,1,-186
3442,997,158,1573,1573,1,1,-417
3443,506,188,-1676,-1676,2,2,-499
3445,-1176,133,-2174,-2174,1,0,-164
3446,-1145,97,-1915,-1915,-1,0,134
3447,-1081,57,-1708,-1708,-2,-1,384
3448,-580,24,1585,1585,-1,-2,498
3449,744,40,2154,2154,-1,-1,433
3450,1272,79,2211,2211,-2,0,213
3452,1144,151,1712,1712,1,2,-349
3453,820,190,-1508,-1508,2,2,-491
3454,-471,184,-2073,-2073,1,2,-456
3456,-1308,100,-2070,-2070,0,0,31
3457,-1237,56,-1838,-1838,-2,-1,311
3458,-791,17,-1527,-1527,-1,-2,479
3459,605,26,2109,2109,-2,-2,474
3460,1372,68,2320,2320,-1,-2,299
3462,1274,145,1816,1816,1,1,-272
3463,1147,189,1651,1651,2,2,-463
3464,246,212,-1765,-1765,1,1,-487
3465,-1061,179,-2236,-2236,2,2,-335
3467,-1285,95,-1879,-1879,-1,-1,233
3468,-1163,47,-1672,-1672,0,-1,444
3469,-257,24,1748,1748,-2,-2,495
3470,1047,55,2246,2246,-1,-2,366
3471,1277,94,2120,2120,-1,-1,105
3473,1145,167,1662,1662,1,2,-423
3474,765,205,-1531,-1531,2,1,-499
3475,-471,197,-2020,-2020,0,1,-393
3477,-1122,123,-1851,-1851,0,-1,156
3478,-1037,86,-1628,-1628,-1,-1,400
3479,-609,53,1612,1612,-2,-1,499
3480,611,64,2107,2107,-1,-1,416
3481,1179,100,2164,2164,0,-2,181
3483,1090,167,1670,1670,1,1,-377
3484,865,203,1508,1508,2,1,-497
3485,-87,211,-1866,-1866,1,1,-436
3486,-940,180,-2059,-2059,1,2,-215
3488,-889,119,-1564,-1564,-1,-1,352
3489,-755,85,1584,1584,-1,-1,492
3490,-4,72,1880,1880,0,-1,451
3491,942,99,2146,2146,0,-1,245
3492,1038,131,1930,1930,0,0,-50
3494,842,193,1511,1511,2,1,-485
3495,169,209,-1761,-1761,1,1,-464
3496,-756,185,-2013,-2013,2,1,-272
3498,-839,127,-1563,-1563,0,-1,305
3499,-765,99,1602,1602,0,-1,477
3500,-388,73,1731,1731,-1,-1,474
3501,625,89,2053,2053,0,0,296
3502,940,118,1954,1954,1,0,8
3503,900,145,1680,1680,1,0,-282
3505,377,198,-1671,-1671,1,2,-482
3506,-531,182,-1946,-1946,1,1,-317
3507,-948,151,-1896,-1896,1,0,-35
3508,-922,120,-1640,-1640,0,-1,260
3510,-213,66,1835,1835,0,-1,488
3511,600,82,2075,2075,0,-1,336
3512,885,109,1970,1970,0,1,58
3513,856,135,1722,1722,2,2,-240
3514,734,167,1506,1506,2,1,-450
3516,-702,164,-2043,-2043,1,2,-351
3517,-1168,126,-2048,-2048,0,0,-80
3518,-1160,87,-1796,-1796,0,0,221
3519,-944,46,-1535,-1535,-1,0,440
3521,594,40,2069,2069,-1,-1,365
3522,1035,71,2022,2022,-1,-1,98
3523,1042,103,1777,1777,1,1,-204
3524,965,137,1573,1573,2,1,-432
3525,599,167,-1623,-1623,1,1,-497
3527,-833,133,-1956,-1956,0,1,-115
3528,-878,104,-1709,-1709,0,0,190
3529,-798,75,-1501,-1501,-1,-2,424
3530,-557,45,1649,1649,-1,0,498
3531,213,45,1885,1885,-1,-1,386
3533,919,97,1718,1718,0,0,-177
3534,859,126,1510,1510,2,1,-416
3535,603,154,-1660,-1660,0,1,-499
3536,-80,155,-1867,-1867,1,1,-394
3537,-611,135,-1892,-1892,0,0,-140
3539,-707,80,1520,1520,-2,-1,410
3540,-366,57,1732,1732,-1,-1,499
3541,211,60,1906,1906,-1,0,400
3542,560,74,1840,1840,0,0,149
3543,760,97,1665,1665,0,1,-158
3545,278,144,-1821,-1821,1,1,-499
3546,-217,136,-1977,-1977,0,0,-404
3547,-353,124,-1817,-1817,-1,0,-156
3548,-433,109,-1575,-1575,-1,0,151
3550,-132,73,1846,1846,-2,0,499
3551,332,82,1981,1981,-1,0,407
3552,436,93,1810,1810,0,1,160
3553,508,108,1576,1576,1,1,-147
3554,451,132,-1659,-1659,1,1,-399
3556,-540,116,-2129,-2129,1,1,-409
3557,-502,99,-1897,-1897,0,-1,-162
3558,-462,80,-1613,-1613,-1,-1,146
3559,-248,60,1683,1683,-2,-2,399
3561,618,79,2100,2100,-1,0,409
3562,594,96,1876,1876,1,0,162
3563,557,116,1597,1597,1,1,-146
3564,299,138,-1737,-1737,1,1,-399
3566,-641,106,-2176,-2176,1,1,-408
3567,-552,87,-1922,-1922,0,-1,-160
3568,-509,66,-1650,-1650,-1,-2,149
3569,-278,44,1662,1662,-2,-1,401
3571,633,66,2085,2085,-1,-1,405
3572,611,83,1851,1851,0,0,155
3573,579,103,1584,1584,1,2,-154
3574,327,126,-1743,-1743,1,1,-405
3575,-334,119,-2131,-2131,2,1,-499
3577,-520,81,-1908,-1908,0,0,-148
3578,-554,61,-1659,-1659,-1,-1,162
3579,-449,35,1583,1583,-2,-1,410
3580,115,31,1912,1912,-2,-1,499
3582,506,56,1753,1753,0,0,139
3583,615,75,1542,1542,1,1,-171
3584,531,102,-1692,-1692,1,1,-416
3585,-42,106,-2027,-2027,1,1,-499
3586,-422,91,-2113,-2113,0,0,-388
3587,-449,75,-1902,-1902,-1,-1,-127
3589,-277,40,1635,1635,-2,-1,423
3590,218,36,1904,1904,-3,-2,498
3591,712,53,2035,2035,-1,-1,379
3593,1145,122,1766,1766,0,1,-197
3594,872,161,-1539,-1539,1,0,-431
3595,135,169,-1913,-1913,1,2,-497
3596,-310,160,-2003,-2003,0,0,-368
3597,-686,139,-1928,-1928,0,0,-96
3598,-891,107,-1767,-1767,-1,-1,213
3600,-112,61,1785,1785,-2,-2,494
3601,526,71,1956,1956,-1,-1,355
3602,1062,102,1969,1969,0,-1,77
3603,1151,137,1751,1751,0,0,-231
3605,457,202,-1722,-1722,1,1,-491
3606,-289,195,-1924,-1924,0,1,-340
3607,-830,168,-1923,-1923,0,0,-55
3608,-945,136,-1703,-1703,0,0,250
3609,-839,102,1514,1514,-1,0,459
3611,316,81,1885,1885,-1,-1,322
3612,829,105,1880,1880,1,0,31
3613,867,132,1635,1635,0,1,-271
3614,760,163,-1563,-1563,1,1,-468
3616,-361,171,-1903,-1903,0,1,-302
3617,-725,147,-1810,-1810,0,0,-5
3618,-809,119,-1593,-1593,0,-1,294
3619,-638,88,1620,1620,-2,0,477
3620,-85,77,1850,1850,-1,-1,471
3622,795,108,1814,1814,0,0,-23
3623,855,135,1598,1598,1,1,-317
3624,646,165,-1612,-1612,2,1,-485
3625,21,169,-1869,-1869,0,2,-460
3626,-348,158,-1846,-1846,1,0,-253
3628,-653,115,1538,1538,0,0,341
3629,-502,89,1702,1702,-2,-1,492
3630,18,83,1900,1900,0,0,446
3631,361,91,1860,1860,0,1,223
3632,547,106,1663,1663,0,1,-88
3634,270,149,-1817,-1817,0,1,-497
3635,-267,138,-2013,-2013,1,0,-430
3636,-318,126,-1816,-1816,0,0,-191
3637,-253,116,-1504,-1504,-1,-1,124
3638,-187,102,1747,1747,-2,-1,389
3640,583,110,2114,2114,-1,-1,409
3641,659,129,1942,1942,1,1,155
3642,648,149,1664,1664,1,1,-161
3643,483,176,-1611,-1611,2,1,-413
3645,-481,158,-2025,-2025,1,1,-385
3646,-429,144,-1745,-1745,1,0,-116
3647,-475,126,-1509,-1509,-2,-1,199
3648,-374,102,1729,1729,-1,-1,435
3649,195,100,2049,2049,0,-1,495
3650,593,116,2117,2117,0,0,356
3652,608,155,1618,1618,3,1,-238
3653,365,178,-1670,-1670,1,2,-455
3654,-263,172,-1981,-1981,3,1,-488
3655,-519,155,-1949,-1949,1,1,-324
3656,-640,136,-1747,-1747,0,0,-29
3657,-790,106,-1574,-1574,-1,-1,277
3659,-69,67,1898,1898,-1,0,475
3660,321,72,1900,1900,0,0,286
3661,657,90,1781,1781,0,1,-18
3662,794,120,1594,1594,1,1,-316
3663,470,145,-1692,-1692,1,1,-485
3665,-242,131,-1804,-1804,0,0,-244
3666,-328,120,-1552,-1552,0,0,68
3667,-428,103,1652,1652,-1,0,353
3668,-311,82,1806,1806,-1,-1,495
3669,185,83,1974,1974,-1,0,435
3670,456,94,1888,1888,0,1,197
3672,472,132,-1611,-1611,1,1,-389
3673,42,143,-1904,-1904,1,1,-499
3674,-455,126,-2044,-2044,2,1,-406
3675,-425,111,-1798,-1798,0,0,-146
3676,-365,97,1516,1516,-1,0,172
3677,-325,77,1738,1738,-1,-1,421
3679,561,86,2116,2116,0,1,370
3680,595,103,1887,1887,1,1,91
3681,555,126,1598,1598,2,1,-225
3683,-616,126,-2171,-2171,1,2,-489
3684,-911,97,-2177,-2177,1,1,-328
3685,-987,65,-1976,-1976,0,-1,-32
3686,-940,26,-1715,-1715,-1,-1,277
3687,-484,-1,1623,1623,-3,-1,472
3689,959,24,2102,2102,-1,-1,280
3690,1384,65,2034,2034,0,-1,-29
3691,1363,112,1799,1799,1,1,-326
3692,1006,156,1519,1519,1,0,-489
3693,124,166,-1835,-1835,0,2,-450
3695,-1000,111,-1854,-1854,0,1,92
3696,-948,78,-1617,-1617,-2,-1,372
3697,-758,44,1546,1546,-1,-1,498
3698,-140,29,1741,1741,0,-1,418
3699,727,48,1913,1913,-1,0,164
3701,993,109,1541,1541,1,0,-413
3702,831,144,-1589,-1589,0,0,-499
3703,248,157,-1723,-1723,0,1,-377
3704,-336,146,-1734,-1734,0,0,-98
3705,-556,125,-1552,-1552,0,-1,220
3706,-502,106,1674,1674,-1,0,448
3707,-337,88,1770,1770,0,-1,490
3709,354,91,1659,1659,0,1,28
3710,484,104,-1565,-1565,1,0,-282
3711,475,120,-1728,-1728,1,1,-475
3712,276,137,-1806,-1806,0,0,-470
3713,-171,130,-1839,-1839,0,-1,-269
3714,-214,121,-1566,-1566,-1,0,44
3716,-52,102,1915,1915,-1,-1,493
3717,321,105,2039,2039,-1,0,440
3718,609,121,1981,1981,1,1,203
3719,628,139,1706,1706,1,1,-119
3721,-81,174,-1918,-1918,2,2,-499
3722,-643,153,-2097,-2097,1,1,-398
3723,-753,129,-1907,-1907,1,0,-129
3724,-802,97,-1671,-1671,-1,-1,193
3725,-542,67,1640,1640,-1,-1,435
3727,474,76,2013,2013,0,-1,345
3728,589,92,1792,1792,0,0,51
3729,667,112,1546,1546,1,0,-264
3730,557,139,-1656,-1656,2,1,-469
3731,86,148,-1856,-1856,2,1,-476
3733,-288,128,-1564,-1564,0,-1,30
3734,-348,115,1669,1669,-1,-1,331
3735,-306,95,1818,1818,0,-1,491
3736,163,92,1993,1993,0,0,444
3737,524,106,1964,1964,1,1,208
3738,572,123,1707,1707,2,1,-114
3740,77,159,-1846,-1846,2,1,-499
3741,-633,140,-2087,-2087,2,1,-398
3742,-895,111,-1984,-1984,0,0,-127
3743,-905,79,-1727,-1727,-1,-1,197
3744,-691,46,1556,1556,-1,-1,438
3746,589,48,2020,2020,-1,-1,338
3747,980,76,1942,1942,0,0,39
3748,1082,110,1722,1722,1,0,-276
3749,954,149,1532,1532,2,1,-474
3751,-262,164,-1798,-1798,1,1,-266
3752,-758,140,-1740,-1740,1,0,51
3753,-826,111,-1522,-1522,-1,0,347
3754,-660,81,1661,1661,0,-1,495
3755,-177,68,1813,1813,0,0,431
3757,522,87,1598,1598,0,1,-143
3758,594,105,-1589,-1589,2,1,-409
3759,516,127,-1693,-1693,1,0,-499
3760,173,138,-1732,-1732,0,0,-375
3761,-177,132,-1626,-1626,0,0,-90
3763,-291,107,1822,1822,0,-1,456
3764,-62,94,1945,1945,0,0,484
3765,421,105,2015,2015,0,1,304
3766,525,121,1786,1786,1,1,-6
3767,461,138,1506,1506,3,2,-315
3768,112,154,-1799,-1799,1,2,-487
3770,-993,100,-2088,-2088,1,1,-219
3771,-937,70,-1804,-1804,-1,-1,106
3772,-826,35,-1536,-1536,-1,-1,386
3773,-356,10,1731,1731,-2,-2,499
3774,457,19,2007,2007,-1,-1,397
3776,1171,83,1815,1815,0,0,-204
3777,1113,123,1609,1609,1,1,-443
3778,731,157,-1580,-1580,1,0,-490
3779,-20,159,-1757,-1757,1,1,-325
3780,-634,139,-1760,-1760,1,0,-19
3781,-830,110,-1573,-1573,0,0,295
3782,-725,79,1619,1619,-1,0,482
3783,-315,59,1761,1761,-1,0,459
3785,394,73,1596,1596,2,1,-87
3786,502,88,-1621,-1621,0,1,-375
3787,457,105,-1736,-1736,1,1,-499
3788,249,119,-1727,-1727,1,0,-406
3790,-158,108,1631,1631,0,-1,192
3791,-126,101,1862,1862,-1,-1,438
3792,-9,91,1974,1974,1,0,492
3793,342,97,1998,1998,0,1,332
3794,505,112,1820,1820,2,2,26
3795,445,126,1502,1502,1,1,-290
3797,-557,134,-2090,-2090,2,1,-461
3798,-1004,101,-2112,-2112,1,1,-239
3799,-951,70,-1807,-1807,0,0,87
3801,-525,8,1684,1684,-1,-1,499
3802,266,8,1932,1932,-2,-1,404
3803,828,31,1952,1952,0,0,131
3804,990,61,1730,1730,0,0,-198
3805,947,95,1529,1529,2,1,-441
3807,25,127,-1746,-1746,1,1,-324
3808,-385,116,-1649,-1649,0,0,-14
3809,-687,94,-1508,-1508,0,0,301
3810,-640,67,1667,1667,0,0,484
3811,-307,48,1773,1773,0,0,454
3812,153,51,1763,1763,0,0,224
3813,316,59,1527,1527,0,1,-105
3814,382,70,-1698,-1698,1,1,-388
3816,130,96,-1791,-1791,0,0,-390
3817,-221,88,-1692,-1692,0,0,-108
3818,-243,78,1581,1581,-2,-1,221
3819,-188,68,1809,1809,-1,-1,453
3820,3,56,1913,1913,0,-1,485
3821,477,69,1983,1983,0,1,301
3822,611,86,1769,1769,0,2,-15
3824,396,131,-1723,-1723,2,1,-491
3825,-303,125,-1991,-1991,1,2,-439
3826,-638,104,-1934,-1934,0,0,-191
3827,-710,81,-1679,-1679,-1,0,141
3828,-661,51,1558,1558,-2,0,411
3830,375,42,1968,1968,-1,0,363
3831,545,57,1769,1769,0,0,67
3832,678,77,1529,1529,0,0,-259
3833,649,105,-1649,-1649,1,1,-470
3834,256,120,-1825,-1825,0,0,-471
3835,-132,114,-1800,-1800,1,0,-262
3837,-182,99,1754,1754,0,-1,362
3838,-131,86,1885,1885,-1,-1,498
3839,200,85,1961,1961,0,0,411
3840,465,97,1862,1862,1,2,140
3841,499,111,1577,1577,1,1,-193
3842,448,134,-1647,-1647,2,1,-441
3844,-641,121,-2049,-2049,1,0,-320
3845,-746,97,-1836,-1836,-1,-1,-5
3846,-729,68,-1565,-1565,-1,-1,311
3847,-428,42,1700,1700,-2,-1,488
3849,638,59,1922,1922,0,-1,203
3850,919,85,1755,1755,0,0,-131
3851,993,121,1565,1565,0,1,-406
3852,702,154,-1611,-1611,1,1,-498
3853,56,156,-1778,-1778,0,1,-366
3854,-232,150,-1627,-1627,0,0,-68
3856,-560,110,1715,1715,0,0,471
3857,-317,90,1810,1810,0,0,470
3858,131,92,1810,1810,0,0,255
3859,288,99,1572,1572,0,1,-74
3860,356,109,-1654,-1654,2,1,-370
3861,339,126,-1762,-1762,1,1,-499
3863,-413,120,-1765,-1765,0,0,-122
3864,-452,103,-1502,-1502,-1,-2,212
3865,-365,84,1750,1750,-1,0,451
3866,16,74,1937,1937,-1,-1,485
3867,515,88,1998,1998,-1,0,298
3868,595,105,1746,1746,1,0,-23
3870,466,149,-1713,-1713,1,0,-494
3871,-103,149,-1902,-1902,1,1,-428
3872,-398,136,-1810,-1810,0,-1,-167
3873,-411,122,-1506,-1506,-1,0,170
3875,-46,89,1922,1922,-2,-1,494
3876,490,102,2035,2035,0,0,332
3877,593,119,1793,1793,0,0,19
3878,601,137,1526,1526,2,1,-303
3879,498,163,-1673,-1673,1,0,-486
3880,-36,167,-1880,-1880,1,0,-447
3881,-426,153,-1829,-1829,1,0,-203
3883,-572,111,1644,1644,-1,-1,409
3884,-264,90,1851,1851,0,-1,498
3885,316,98,1986,1986,0,-1,358
3886,518,112,1814,1814,1,1,53
3887,565,130,1546,1546,1,1,-275
3888,485,154,-1646,-1646,2,1,-478
3889,-20,161,-1853,-1853,2,0,-461
3891,-760,121,-1702,-1702,0,-1,103
3892,-701,91,1570,1570,-1,0,391
3893,-299,69,1826,1826,-1,-1,499
3894,309,77,1992,1992,0,-1,377
3895,512,92,1819,1819,0,1,81
3896,547,108,1518,1518,0,0,-252
3898,236,145,-1780,-1780,1,0,-470
3899,-212,137,-1791,-1791,0,0,-253
3900,-317,126,-1521,-1521,0,0,81
3901,-347,112,1733,1733,0,-1,377
3902,-222,94,1886,1886,-1,0,499
3903,254,96,2016,2016,1,0,390
3905,530,127,1569,1569,1,1,-236
3906,365,148,-1691,-1691,2,1,-463
3907,-323,146,-2003,-2003,2,2,-475
3908,-854,118,-2089,-2089,0,0,-266
3909,-802,91,-1778,-1778,0,-1,66
3911,-465,39,1716,1716,-1,-1,499
3912,248,37,1915,1915,-2,-2,398
3913,816,61,1920,1920,0,-1,111
3914,932,89,1681,1681,0,1,-227
3915,883,121,-1520,-1520,2,0,-460
3916,583,150,-1645,-1645,0,1,-478
3917,7,151,-1705,-1705,1,0,-273
3919,-593,121,1599,1599,-1,0,363
3920,-475,97,1769,1769,0,0,499
3921,-52,88,1865,1865,0,0,401
3922,300,96,1775,1775,1,1,115
3923,353,105,-1532,-1532,0,0,-224
3924,339,116,-1746,-1746,1,1,-459
3926,-259,126,-1832,-1832,0,0,-274
3927,-546,107,-1680,-1680,-1,-1,59
3928,-478,90,1618,1618,-1,-1,364
3929,-335,70,1785,1785,-1,-1,499
3930,137,65,1899,1899,-1,0,399
3932,645,100,1559,1559,0,0,-228
3933,627,121,-1640,-1640,1,1,-461
3934,455,144,-1705,-1705,1,0,-476
3935,-17,144,-1724,-1724,0,0,-267
3936,-213,136,-1504,-1504,0,-1,67
3937,-269,126,1746,1746,-1,-1,371
3938,-240,110,1875,1875,0,0,499
3940,419,116,1822,1822,1,1,100
3941,455,130,1533,1533,1,1,-239
3942,323,146,-1716,-1716,1,2,-466
3943,-229,148,-1973,-1973,1,1,-472
3944,-774,122,-2041,-2041,1,0,-255
3945,-758,97,-1740,-1740,-1,0,83
3947,-428,47,1720,1720,-1,-1,499
3948,266,46,1917,1917,-1,-1,380
3949,810,69,1906,1906,0,0,80
3950,944,98,1666,1666,0,0,-257
3951,894,131,-1527,-1527,1,0,-473
3952,559,157,-1652,-1652,0,0,-464
3953,56,160,-1651,-1651,1,0,-235
3954,-244,152,1539,1539,0,0,106
3955,-484,134,1689,1689,-1,0,397
3957,-11,109,1869,1869,1,0,363
3958,277,115,1722,1722,1,1,53
3959,333,124,-1559,-1559,1,1,-281
3960,287,136,-1757,-1757,1,1,-482
3961,-2,144,-1847,-1847,1,1,-452
3962,-557,127,-1893,-1893,0,0,-207
3963,-666,105,-1641,-1641,0,-1,137
3965,-418,62,1759,1759,0,-1,496
3966,122,55,1844,1844,-1,0,338
3967,698,75,1830,1830,1,0,18
3968,756,98,1552,1552,0,0,-310
3969,733,122,-1606,-1606,1,0,-490
3970,513,147,-1614,-1614,2,0,-435
3971,-54,148,-1626,-1626,0,0,-171
3972,-533,130,-1521,-1521,1,0,174
3974,-394,86,1793,1793,0,0,489
3975,74,83,1840,1840,1,0,306
3976,369,93,1670,1670,0,1,-23
3977,407,105,-1613,-1613,1,0,-343
3978,389,117,-1749,-1749,1,1,-497
3979,231,133,-1720,-1720,1,0,-411
3980,-290,124,-1701,-1701,0,0,-127
3982,-376,92,1776,1776,0,0,458
3983,-214,77,1848,1848,0,-1,477
3984,204,76,1836,1836,0,0,265
3985,528,91,1677,1677,0,1,-74
3986,556,107,-1579,-1579,2,0,-378
3987,525,125,-1681,-1681,1,1,-499
3988,210,142,-1702,-1702,0,0,-379
3990,-572,106,1515,1515,0,-1,266
3991,-461,88,1760,1760,0,0,477
3992,-259,70,1807,1807,0,-1,457
3993,251,72,1812,1812,0,0,215
3994,540,88,1639,1639,1,1,-131
3995,551,104,-1626,-1626,0,0,-414
3996,521,121,-1678,-1678,2,1,-496
3998,-318,130,-1610,-1610,0,-1,-12
3999,-507,112,1607,1607,0,0,317
4000,-404,95,1813,1813,0,0,492
4001,-151,79,1842,1842,0,-1,428
4002,337,87,1820,1820,0,1,154
4003,500,102,1572,1572,1,0,-194
4004,510,117,-1646,-1646,1,1,-448
4005,415,136,-1684,-1684,1,2,-483
4007,-630,118,-1672,-1672,0,0,56
4008,-579,98,1617,1617,-1,-1,368
4009,-453,79,1768,1768,-1,-1,499
4010,-177,63,1781,1781,0,1,386
4012,522,87,1528,1528,1,1,-259
4013,527,104,-1658,-1658,1,1,-476
4014,432,126,-1664,-1664,1,0,-459
4015,-52,129,-1649,-1649,0,1,-216
4016,-516,113,-1547,-1547,0,0,132
4017,-607,91,1665,1665,0,0,416
4019,18,60,1847,1847,0,0,331
4020,401,71,1737,1737,2,1,3
4021,437,84,-1563,-1563,0,1,-326
4022,388,100,-1718,-1718,1,2,-494
4023,20,111,-1803,-1803,1,1,-419
4024,-608,90,-1855,-1855,0,0,-137
4026,-508,49,1699,1699,-1,-1,457
4027,-317,28,1786,1786,0,0,476
4028,205,28,1816,1816,0,0,260
4029,568,43,1667,1667,0,1,-85
4030,616,62,-1588,-1588,0,1,-388
4031,533,88,-1699,-1699,1,1,-499
4032,55,97,-1782,-1782,0,1,-363
4034,-335,72,1631,1631,-1,0,292
4035,-252,57,1839,1839,0,-1,487
4036,60,48,1923,1923,-1,0,440
4037,467,61,1885,1885,1,1,174
4038,524,76,1592,1592,0,2,-178
4040,233,113,-1802,-1802,1,0,-486
4041,-456,99,-1923,-1923,2,1,-288
4042,-711,75,-1740,-1740,0,0,52
4043,-648,52,1543,1543,-2,-1,367
4044,-467,26,1734,1734,0,0,499
4045,87,21,1865,1865,-1,0,382
4046,494,34,1773,1773,1,0,74
4048,525,75,-1693,-1693,2,1,-481
4049,94,87,-1865,-1865,0,0,-450
4050,-374,72,-1843,-1843,1,0,-195
4051,-330,59,-1509,-1509,-1,-1,157
4052,-232,48,1789,1789,0,-1,432
4053,-46,35,1913,1913,0,-1,490
4055,618,61,1742,1742,0,1,-36
4056,629,82,-1525,-1525,1,2,-357
4057,359,107,-1758,-1758,1,1,-499
4058,-562,93,-2091,-2091,2,0,-390
4059,-902,63,-1978,-1978,0,1,-85
4061,-657,6,1586,1586,-1,-1,478
4062,-163,-10,1763,1763,-1,-1,454
4063,547,1,1835,1835,-2,-1,201
4064,954,29,1711,1711,0,0,-153
4065,1019,64,1514,1514,0,1,-430
4066,787,99,-1589,-1589,2,1,-490
4068,-185,101,-1531,-1531,0,0,36
4069,-418,86,1665,1665,0,0,358
4070,-447,67,1773,1773,0,0,499
4071,-234,51,1748,1748,0,0,388
4072,116,53,1617,1617,0,1,80
4073,250,59,-1642,-1642,1,1,-267
4074,285,68,-1814,-1814,1,1,-480
4076,-319,74,-1821,-1821,0,0,-191
4077,-512,56,-1602,-1602,-1,-1,163
4078,-431,40,1674,1674,-1,-1,436
4079,-284,22,1751,1751,-2,-1,488
4080,160,18,1769,1769,0,0,291
4081,579,33,1647,1647,0,0,-52
4083,637,82,-1698,-1698,2,0,-499
4084,183,96,-1778,-1778,0,0,-375
4085,-301,85,-1703,-1703,0,0,-59
4086,-320,73,1591,1591,-1,-2,286
4087,-254,58,1803,1803,-1,0,486
4088,9,48,1877,1877,0,0,439
4090,503,73,1548,1548,1,1,-189
4091,495,93,-1668,-1668,1,2,-449
4092,159,110,-1840,-1840,1,0,-480
4093,-584,92,-1994,-1994,1,0,-265
4094,-806,65,-1795,-1795,-1,0,84
4095,-728,37,1520,1520,0,0,392
4096,-466,11,1703,1703,-1,-1,499
4098,494,22,1681,1681,-1,1,22
4099,594,39,-1581,-1581,1,0,-317
4100,586,65,-1736,-1736,0,0,-494
4101,164,79,-1848,-1848,0,0,-417
4102,-299,68,-1788,-1788,0,0,-126
4103,-323,55,1504,1504,-2,-2,229
4105,-5,30,1862,1862,0,0,465
4106,512,43,1889,1889,0,0,224
4107,682,63,1650,1650,0,1,-132
4108,685,87,-1601,-1601,1,0,-421
4109,423,112,-1743,-1743,2,1,-493
4111,-488,88,-1677,-1677,1,-1,31
4112,-503,70,1601,1601,-1,-1,357
4113,-406,46,1767,1767,0,0,499
4114,74,40,1875,1875,0,0,383
4115,425,51,1750,1750,0,1,69
4116,461,65,-1551,-1551,1,1,-280
4117,405,85,-1748,-1748,1,1,-485
4119,-620,72,-1943,-1943,0,0,-165
4120,-629,50,-1626,-1626,0,-1,193
4121,-519,27,1633,1633,-2,-1,453
4122,-166,9,1791,1791,-1,-1,477
4123,432,20,1851,1851,-1,-1,254
4124,625,37,1623,1623,0,1,-100
4126,533,86,-1753,-1753,1,0,-497
4127,-42,89,-1849,-1849,1,0,-332
4128,-364,76,-1688,-1688,-1,0,5
4129,-331,63,1632,1632,-1,-1,340
4130,-213,48,1817,1817,-1,-1,498
4131,146,43,1887,1887,0,0,396
4132,544,58,1791,1791,0,0,88
4134,574,98,-1680,-1680,2,0,-481
4135,227,116,-1787,-1787,1,0,-446
4136,-370,103,-1818,-1818,0,0,-177
4137,-522,86,-1551,-1551,0,0,183
4138,-543,64,1670,1670,0,-1,448
4139,-298,43,1798,1798,0,0,479
4140,266,47,1851,1851,0,0,259
4141,500,61,1622,1622,0,0,-96
4143,409,99,-1761,-1761,1,0,-497
4144,-87,102,-1835,-1835,0,0,-332
4145,-495,86,-1720,-1720,-1,0,7
4146,-463,69,1603,1603,0,-1,342
4147,-324,51,1778,1778,-1,-2,498
4148,91,43,1858,1858,-1,0,392
4149,551,59,1788,1788,0,0,80
4151,595,97,-1691,-1691,0,1,-484
4152,342,118,-1738,-1738,1,0,-440
4153,-187,111,-1734,-1734,0,-1,-164
4154,-293,100,1558,1558,-1,0,198
4155,-268,88,1808,1808,0,-1,456
4156,-84,75,1905,1905,0,0,474
4158,473,95,1632,1632,1,1,-118
4159,457,110,-1641,-1641,0,2,-416
4160,202,128,-1808,-1808,2,0,-493
4161,-507,116,-1974,-1974,0,1,-310
4162,-775,90,-1789,-1789,0,0,36
4163,-677,67,1528,1528,-2,-1,364
4165,45,30,1815,1815,-1,0,370
4166,702,49,1826,1826,0,0,44
4167,872,76,1588,1588,0,0,-304
4168,822,108,-1580,-1580,1,0,-492
4169,460,131,-1648,-1648,0,1,-419
4170,-65,128,-1599,-1599,1,0,-123
4171,-168,121,1684,1684,-1,-1,238
4173,-189,97,1891,1891,1,1,456
4174,128,97,1781,1781,0,0,197
4175,315,105,1553,1553,2,2,-167
4176,208,113,-1744,-1744,1,2,-442
4177,-65,118,-1901,-1901,1,1,-482
4178,-493,110,-1899,-1899,0,1,-265
4179,-803,84,-1737,-1737,0,-1,93
4180,-731,59,1564,1564,-1,0,402
4182,-20,18,1760,1760,-1,0,325
4183,691,37,1775,1775,0,0,-19
4184,818,62,1533,1533,0,1,-354
4185,770,91,-1600,-1600,1,0,-499
4186,454,114,-1611,-1611,0,0,-377
4187,-65,111,-1532,-1532,1,0,-53
4188,-225,102,1722,1722,-1,0,299
4190,-179,79,1850,1850,1,0,421
4191,52,76,1677,1677,1,1,124
4192,223,82,-1574,-1574,1,2,-239
4193,150,88,-1827,-1827,1,1,-474
4194,-130,84,-1935,-1935,1,1,-454
4195,-277,79,-1759,-1759,0,0,-190
4196,-403,66,1503,1503,-1,-1,175
4198,-275,39,1814,1814,-1,0,479
4199,44,35,1735,1735,0,0,252
4200,383,45,1554,1554,1,0,-110
4201,443,58,-1701,-1701,0,1,-413
4202,437,70,-1755,-1755,1,1,-493
4203,369,84,-1585,-1585,0,1,-307
4204,97,87,1622,1622,-1,0,44
4206,-47,78,1983,1983,-1,1,499
4207,44,77,1902,1902,1,1,356
4208,110,84,1620,1620,1,1,20
4209,-42,86,-1774,-1774,2,1,-326
4210,-223,77,-2021,-2021,1,2,-497
4212,-430,56,-1760,-1760,-1,0,-84
4213,-532,38,1505,1505,-1,-1,276
4214,-457,21,1692,1692,-2,-2,486
4215,-275,2,1700,1700,0,-1,433
4216,390,7,1729,1729,-1,0,144
4217,913,33,1644,1644,0,0,-222
4218,952,62,-1550,-1550,0,0,-468
4219,869,97,-1536,-1536,1,0,-460
4221,-214,110,1570,1570,0,0,167
4222,-358,95,1769,1769,0,0,444
4223,-237,84,1855,1855,0,0,480
4224,-76,77,1720,1720,1,1,253
4225,93,78,-1543,-1543,1,1,-110
4226,160,83,-1795,-1795,1,1,-415
4227,42,85,-1913,-1913,1,1,-493
4229,-287,72,-1579,-1579,-1,-1,54
4230,-327,60,1686,1686,-1,-2,381
4231,-222,50,1827,1827,-1,-1,499
4232,33,46,1776,1776,-1,-1,344
4233,458,57,1655,1655,0,0,0
4234,606,74,-1575,-1575,1,1,-343
4236,559,111,-1584,-1584,0,1,-381
4237,183,119,1570,1570,0,0,-54
4238,-200,112,1735,1735,0,0,302
4239,-209,103,1915,1915,0,0,493
4240,-143,98,1870,1870,1,0,413
4241,-93,96,1594,1594,0,1,106
4242,-107,93,-1742,-1742,2,2,-258
4244,-153,82,-1946,-1946,0,0,-440
4245,-128,78,-1663,-1663,0,0,-155
4246,-186,71,1634,1634,-1,-2,214
4247,-206,62,1826,1826,-2,-2,466
4248,-94,53,1858,1858,-1,0,461
4249,213,52,1751,1751,0,0,202
4250,488,65,1539,1539,1,0,-169
4251,528,80,-1704,-1704,0,0,-447
4252,509,100,-1702,-1702,2,0,-478
4254,-256,106,1525,1525,-1,0,123
4255,-243,95,1811,1811,0,-1,423
4256,-132,87,1913,1913,-1,0,489
4257,4,82,1801,1801,2,1,284
4258,182,85,1526,1526,0,0,-78
4259,224,92,-1739,-1739,1,2,-398
4260,40,95,-1909,-1909,1,1,-496
4262,-318,82,-1578,-1578,0,-1,34
4263,-419,67,1668,1668,0,-2,369
4264,-337,54,1804,1804,-1,-1,499
4265,-164,44,1731,1731,0,0,351
4266,111,45,1531,1531,1,0,8
4267,287,52,-1724,-1724,0,0,-339
4269,297,70,-1725,-1725,1,0,-380
4270,229,78,1558,1558,-1,-1,-49
4271,110,81,1841,1841,-1,-1,308
4272,28,80,1981,1981,0,-1,495
4273,55,77,1926,1926,1,1,405
4274,174,81,1701,1701,1,2,89
4276,129,94,-1836,-1836,2,2,-488
4277,-257,95,-1950,-1950,1,1,-426
4278,-749,72,-1919,-1919,0,0,-126
4279,-863,45,-1671,-1671,-2,-1,244
4280,-761,18,1562,1562,-1,-1,478
4281,-434,-9,1637,1637,-1,-1,444
4283,1044,31,1715,1715,-1,0,-212
4284,1045,63,-1514,-1514,0,-1,-467
4285,950,97,-1513,-1513,0,0,-459
4286,541,125,1576,1576,-1,0,-194
4287,-233,116,1577,1577,0,0,180
4288,-409,100,1754,1754,0,0,453
4289,-270,87,1852,1852,1,1,472
4290,-108,80,1685,1685,1,0,225
4292,145,83,-1820,-1820,0,2,-438
4293,41,86,-1896,-1896,1,1,-481
4294,-291,82,-1849,-1849,-1,0,-253
4295,-488,65,-1615,-1615,0,-2,118
4296,-438,49,1667,1667,-2,-1,423
4297,-305,35,1766,1766,-1,-1,489
4299,614,41,1629,1629,0,0,-88
4300,834,65,-1543,-1543,1,0,-406
4301,836,90,-1602,-1602,0,0,-494
4302,732,119,1570,1570,0,0,-302
4303,144,130,1664,1664,0,0,60
4304,-379,115,1731,1731,0,0,389
4305,-300,102,1876,1876,0,1,497
4307,34,93,1535,1535,2,1,-33
4308,118,103,-1729,-1729,1,2,-371
4309,-159,102,-1980,-1980,1,1,-499
4310,-521,87,-2013,-2013,1,0,-343
4311,-741,63,-1813,-1813,-1,0,7
4312,-697,38,-1515,-1515,-2,-2,354
4313,-481,10,1687,1687,-1,-1,499
4315,865,30,1818,1818,-1,-2,16
4316,1143,65,1643,1643,0,0,-337
4317,1102,106,1518,1518,1,0,-499
4318,675,137,-1517,-1517,0,1,-376
4319,53,139,1528,1528,0,0,-38
4321,-509,112,1793,1793,1,1,497
4322,-416,95,1723,1723,1,0,390
4323,-221,84,-1508,-1508,1,1,59
4324,-29,79,-1759,-1759,1,2,-304
4325,117,83,-1875,-1875,0,1,-495
4327,-190,78,-1635,-1635,-1,0,-78
4328,-163,72,1714,1714,-1,-1,289
4329,-104,68,1909,1909,-1,-2,492
4330,-29,65,1856,1856,-1,0,412
4331,122,65,1628,1628,1,0,96
4332,300,73,-1638,-1638,1,0,-275
4333,340,82,-1823,-1823,0,0,-488
4334,335,92,-1738,-1738,1,0,-421
4336,173,107,1860,1860,0,-1,261
4337,75,108,2039,2039,0,0,485
4338,83,108,1990,1990,0,0,429
4339,111,109,1712,1712,1,0,126
4340,139,113,-1596,-1596,3,2,-249
4341,19,115,-1861,-1861,1,2,-481
4343,-630,93,-1864,-1864,0,0,-139
4344,-761,69,-1583,-1583,0,0,237
4345,-670,46,1641,1641,-1,-2,478
4346,-444,21,1678,1678,0,-1,442
4347,302,20,1732,1732,0,-1,150
4348,896,46,1668,1668,0,0,-227
4349,931,74,-1526,-1526,1,0,-475
4350,868,103,-1501,-1501,0,0,-447
4351,551,132,1651,1651,0,-1,-160
4352,-291,121,1618,1618,0,0,219
4353,-460,104,1794,1794,1,1,472
4355,-157,82,1637,1637,1,1,168
4356,21,79,-1645,-1645,1,1,-211
4357,169,84,-1796,-1796,2,2,-469
4358,84,95,-1824,-1824,0,0,-454
4359,-467,81,-1833,-1833,0,0,-175
4361,-534,41,1684,1684,-2,-1,467
4362,-367,21,1713,1713,-1,-1,456
4363,134,15,1663,1663,0,-1,180
4364,700,35,1579,1579,0,0,-200
4365,772,58,-1627,-1627,0,0,-465
4366,745,83,-1606,-1606,0,0,-458
4367,548,108,1600,1600,0,0,-184
4368,107,111,1774,1774,0,0,197
4369,-30,107,1973,1973,0,0,464
4370,-23,104,1969,1969,0,0,459
4372,-13,100,-1626,-1626,2,2,-195
4373,-116,95,-1935,-1935,1,1,-463
4374,-269,94,-1997,-1997,1,1,-460
4375,-611,79,-1913,-1913,0,0,-187
4376,-787,54,-1853,-1853,0,-1,0
4377,-713,28,-1870,-1870,-1,-1,0
4378,-406,1,-1780,-1780,-1,-2,0
4380,974,36,1848,1848,-1,-2,0
4381,1048,67,1887,1887,-2,-2,0
4382,1014,97,1896,1896,-1,-1,0
4383,1008,127,1939,1939,0,0,0
4384,1005,161,2005,2005,1,1,0
4385,738,194,1939,1939,1,1,0
4386,88,200,1666,1666,2,1,0
4387,-518,183,-1601,-1601,1,3,0
4388,-783,156,-1712,-1712,3,2,0
4390,-644,118,-1651,-1651,2,1,0
4391,-687,95,-1712,-1712,0,0,0
4392,-572,75,-1671,-1671,1,1,0
4393,-445,59,-1641,-1641,0,0,0
4394,-309,46,-1621,-1621,-1,-1,0
4395,-100,36,-1538,-1538,0,0,0
4396,207,38,1574,1574,-2,-1,0
4397,375,49,1664,1664,0,0,0
4398,371,60,1661,1661,-1,0,0
4399,381,70,1677,1677,0,0,0
4400,384,81,1689,1689,0,0,0
4401,381,91,1718,1718,1,1,0
4402,367,103,1730,1730,0,1,0
4403,290,117,1743,1743,2,2,0
4404,-3,121,1616,1616,1,1,0
4405,-327,110,-1530,-1530,1,2,0
4407,-478,75,-1625,-1625,1,1,0
4408,-344,62,-1559,-1559,1,2,0
4409,-211,54,-1520,-1520,0,0,0
4410,-147,49,1501,1501,0,1,0
4411,-93,43,1508,1508,0,0,0
4412,7,41,1542,1542,0,0,0
4413,55,42,1555,1555,0,0,0
4414,52,44,1558,1558,1,0,0
4415,14,43,1540,1540,0,1,0
4416,24,42,1535,1535,0,0,0
4417,27,43,1530,1530,0,0,0
4418,-10,42,1505,1505,0,0,0
4419,-5,40,1501,1501,0,0,0
4420,17,40,1517,1517,1,0,0
4421,-3,39,1511,1511,0,1,0
4422,-3,38,1504,1504,0,0,0
4423,24,38,1512,1512,0,0,0
4424,13,37,1512,1512,0,1,0
4426,21,36,1513,1513,0,0,0
4427,19,35,1508,1508,0,0,0
4428,2,34,1504,1504,0,1,0
4429,1,33,-1501,-1501,0,0,0
4430,-7,33,-1521,-1521,-1,0,0
4431,-19,31,-1530,-1530,0,0,0
4432,-7,29,-1538,-1538,-1,0,0
4433,48,28,-1512,-1512,0,0,0
4434,65,30,-1502,-1502,0,0,0
4435,46,30,-1531,-1531,-1,-1,0
4436,49,30,-1526,-1526,0,0,0
4437,67,32,-1534,-1534,-1,-1,0
4438,66,33,-1537,-1537,0,-1,0
4439,48,34,-1559,-1559,-1,-1,0
4441,42,34,-1565,-1565,0,-1,0
4442,61,34,-1577,-1577,-1,-2,0
4443,98,35,-1566,-1566,-1,-1,0
4444,199,38,-1512,-1512,-1,0,0
4445,320,45,1536,1536,-1,-2,0
4446,399,56,1579,1579,-1,-1,0
4447,398,67,1595,1595,0,-1,0
4448,407,78,1614,1614,-1,0,0
4449,404,89,1637,1637,0,0,0
4450,393,100,1654,1654,0,0,0
4451,383,110,1679,1679,1,0,0
4452,372,121,1692,1692,0,0,0
4453,318,133,1702,1702,1,1,0
4455,-248,134,-1520,-1520,1,1,0
4456,-368,120,-1575,-1575,1,1,0
4457,-391,106,-1598,-1598,0,1,0
4458,-308,94,-1558,-1558,1,1,0
4459,-183,87,-1504,-1504,0,1,0
4460,-130,82,1516,1516,1,0,0
4461,-84,77,1522,1522,0,0,0
4462,48,75,1575,1575,0,0,0
4463,136,79,1615,1615,0,0,0
4464,91,83,1590,1590,0,0,0
4465,-9,80,1546,1546,0,1,0
4466,-4,79,1551,1551,1,0,0
4468,-78,75,1510,1510,1,0,0
4469,-73,71,1502,1502,0,0,0
4470,-49,69,1517,1517,1,0,0
4471,-75,66,1505,1505,1,0,0
4472,-57,62,1504,1504,0,0,0
4473,-14,61,1518,1518,0,0,0
4474,-24,59,1518,1518,1,0,0
4475,-23,57,1511,1511,0,0,0
4476,9,57,1531,1531,1,0,0
4477,-4,56,1519,1519,0,0,0
4478,-30,54,-1501,-1501,0,0,0
4479,-15,52,1511,1511,1,0,0
4480,-17,51,1515,1515,1,0,0
4481,-31,49,0,0,0,0,0
4482,14,48,1517,1517,0,0,0
4483,18,48,1515,1515,0,0,0
4484,-23,46,-1501,-1501,1,0,0
4485,6,45,1508,1508,0,0,0
4486,38,46,1521,1521,0,0,0
4487,10,45,1504,1504,0,0,0
4488,40,45,1515,1515,0,0,0
4490,40,47,1513,1513,0,0,0
4491,35,46,1509,1509,0,0,0
4492,64,48,1522,1522,0,0,0
4493,51,49,1516,1516,0,0,0
4494,28,48,1503,1503,0,0,0
4495,51,48,1515,1515,0,0,0
4496,59,49,1519,1519,0,0,0
4497,40,49,1510,1510,0,0,0
4498,45,49,1511,1511,0,0,0
4499,55,50,1517,1517,0,0,0
4500,43,51,1510,1510,0,0,0
4501,40,51,1509,1509,0,0,0
4502,50,51,1514,1514,0,0,0
4503,47,52,1513,1513,0,0,0
4504,40,52,1510,1510,0,0,0
4505,44,52,1511,1511,0,0,0
4506,43,53,1511,1511,0,0,0
4507,38,53,1509,1509,0,0,0
4508,37,53,1508,1508,0,0,0
4509,39,53,1510,1510,0,0,0
4510,36,53,1508,1508,0,0,0
4511,34,53,1507,1507,0,0,0
4512,35,53,1508,1508,0,0,0
4513,33,53,1507,1507,0,0,0
4514,32,53,1506,1506,0,0,0
4515,30,53,1505,1505,0,0,0
4516,29,53,1505,1505,0,0,0
4517,29,53,1505,1505,0,0,0
4518,28,53,1504,1504,0,0,0
4519,27,52,1503,1503,0,0,0
4520,27,52,1503,1503,0,0,0
4521,27,52,1503,1503,0,0,0
4522,28,52,1503,1503,0,0,0
4523,27,52,1502,1502,0,0,0
4524,29,51,1503,1503,0,0,0
4525,28,51,1503,1503,0,0,0
4526,29,51,1503,1503,0,0,0
4527,32,51,1504,1504,0,0,0
4528,31,51,1504,1504,0,0,0
4529,31,51,1504,1504,0,0,0
4530,31,51,1503,1503,0,0,0
4531,33,51,1504,1504,0,0,0
4532,34,51,1505,1505,0,0,0
4533,34,51,1505,1505,0,0,0
4534,35,51,1505,1505,0,0,0
4535,36,51,1506,1506,0,0,0
4536,37,51,1506,1506,0,0,0
4537,36,51,1506,1506,0,0,0
4538,36,51,1506,1506,0,0,0
4539,39,51,1508,1508,0,0,0
4540,39,51,1508,1508,0,0,0
4541,38,51,1507,1507,0,0,0
4542,38,51,1507,1507,0,0,0
4543,38,51,1508,1508,0,0,0
4544,38,52,1508,1508,0,0,0
4545,38,52,1508,1508,0,0,0
4546,38,52,1508,1508,0,0,0
4547,39,52,1508,1508,0,0,0
4548,38,52,1508,1508,0,0,0
4549,37,52,1508,1508,0,0,0
4550,36,52,1507,1507,0,0,0
4551,35,52,1507,1507,0,0,0
4552,34,52,1506,1506,0,0,0
4553,34,52,1506,1506,0,0,0
4554,33,52,1506,1506,0,0,0
4555,32,52,1505,1505,0,0,0
4556,32,52,1505,1505,0,0,0
4557,32,52,1505,1505,0,0,0
4558,32,52,1505,1505,0,0,0
4559,33,52,1506,1506,0,0,0
4560,32,52,1505,1505,0,0,0
4561,32,52,1505,1505,0,0,0
4562,32,52,1505,1505,0,0,0
4563,34,52,1506,1506,0,0,0
4564,33,52,1505,1505,0,0,0
4565,34,52,1506,1506,0,0,0
4566,36,52,1507,1507,0,0,0
4567,35,52,1506,1506,0,0,0
4568,36,52,1507,1507,0,0,0
4569,36,52,1507,1507,0,0,0
4570,38,52,1508,1508,0,0,0
4571,38,52,1508,1508,0,0,0
4572,38,52,1508,1508,0,0,0
4573,38,52,1508,1508,0,0,0
4574,40,52,1509,1509,0,0,0
4575,41,52,1510,1510,0,0,0
4576,42,53,1511,1511,0,0,0
4577,42,53,1511,1511,0,0,0
4578,44,53,1512,1512,0,0,0
4579,45,54,1513,1513,0,0,0
4580,44,54,1513,1513,0,0,0
4581,44,54,1513,1513,0,0,0
4582,46,54,1514,1514,0,0,0
4583,46,55,1515,1515,0,0,0
4584,48,55,1516,1516,0,0,0
4585,48,56,1516,1516,0,0,0
4586,49,56,1517,1517,0,0,0
4587,48,56,1517,1517,0,0,0
4588,47,57,1517,1517,0,0,0
4589,46,57,1517,1517,0,0,0
4590,46,57,1517,1517,0,0,0
4591,47,58,1518,1518,0,0,0
4592,48,58,1519,1519,0,0,0
4593,46,59,1518,1518,0,0,0
4594,46,59,1519,1519,0,0,0
4595,46,59,1519,1519,0,0,0
4596,46,60,1519,1519,0,0,0
4597,46,60,1520,1520,0,0,0
4598,47,60,1521,1521,0,0,0
4599,47,61,1521,1521,0,0,0
4600,47,61,1521,1521,0,0,0
4601,47,62,1522,1522,0,0,0
4602,48,62,1523,1523,0,0,0
4603,49,62,1523,1523,0,0,0
4604,50,63,1524,1524,0,0,0
4605,49,63,1524,1524,0,0,0
4606,50,64,1525,1525,0,0,0
4607,51,64,1526,1526,0,0,0
4608,52,65,1527,1527,0,0,0
4609,53,66,1528,1528,0,0,0
4610,52,66,1528,1528,0,0,0
4611,53,67,1529,1529,0,0,0
4612,55,67,1531,1531,0,0,0
4613,57,68,1533,1533,0,0,0
4614,59,69,1534,1534,0,0,0
4615,58,69,1535,1535,0,0,0
4616,59,70,1536,1536,0,0,0
4617,60,71,1537,1537,0,0,0
4618,60,72,1538,1538,0,0,0
4619,60,72,1538,1538,0,0,0
4620,63,73,1541,1541,0,0,0
4621,63,74,1541,1541,0,0,0
4622,62,75,1542,1542,0,0,0
4623,64,76,1543,1543,0,0,0
4624,63,77,1544,1544,0,0,0
4625,63,77,1545,1545,0,0,0
4626,66,78,1547,1547,0,0,0
4627,65,79,1547,1547,0,0,0
4628,64,80,1548,1548,0,0,0
4629,64,81,1549,1549,0,0,0
4630,64,82,1549,1549,0,0,0
4631,65,83,1551,1551,0,0,0
4632,65,84,1552,1552,0,0,0
4633,63,85,1552,1552,0,0,0
4634,64,86,1553,1553,0,0,0
4635,65,87,1554,1554,0,0,0
4636,65,88,1555,1555,0,0,0
4637,63,88,1555,1555,0,0,0
4638,64,89,1557,1557,0,0,0
4639,62,90,1556,1556,0,0,0
4640,64,91,1558,1558,0,0,0
4641,63,92,1558,1558,0,0,0
4642,62,93,1559,1559,0,0,0
4643,60,94,1559,1559,0,0,0
4644,61,94,1560,1560,0,0,0
4645,60,95,1570,1570,1,0,0
4646,58,96,1568,1568,0,0,0
4647,55,96,1576,1576,0,1,0
4648,51,97,1572,1572,0,0,0
4649,42,97,1566,1566,0,0,0
4650,35,98,1561,1561,0,0,0
4651,23,98,1554,1554,0,0,0
4652,11,97,1555,1555,0,1,0
4653,3,96,1569,1569,1,1,0
4654,-10,95,1555,1555,0,0,0
4655,-24,94,1563,1563,1,1,0
4656,-30,92,1552,1552,0,0,0
4657,-47,90,1536,1536,0,0,0
4658,-65,87,1529,1529,0,1,0
4659,-72,84,1538,1538,1,1,0
4660,-80,81,1533,1533,0,1,0
4661,-89,77,1527,1527,0,1,0
4662,-88,73,1515,1515,0,0,0
4663,-92,70,1513,1513,0,1,0
4664,-98,66,1509,1509,1,0,0
4665,-87,62,1512,1512,0,1,0
4666,-81,58,1514,1514,0,1,0
4667,-91,55,1516,1516,1,1,0
4668,-102,51,1507,1507,1,0,0
4669,-114,47,-1502,-1502,0,1,0
4670,-137,42,-1517,-1517,0,1,0
4671,-164,36,-1526,-1526,1,1,0
4672,-151,29,-1538,-1538,0,0,0
4673,-56,25,-1505,-1505,0,0,0
4674,45,25,1534,1534,0,0,0
4675,96,27,1534,1534,-1,-1,0
4676,101,29,1536,1536,0,0,0
4677,88,30,1529,1529,0,0,0
4678,89,31,1539,1539,1,0,0
4679,96,35,1543,1543,0,0,0
4680,49,36,1528,1528,0,1,0
4681,25,35,1512,1512,0,0,0
4682,18,35,1505,1505,0,0,0
4683,-13,34,-1513,-1513,0,0,0
4684,2,32,-1510,-1510,0,0,0
4685,39,32,1507,1507,0,0,0
4686,44,32,-1503,-1503,0,-1,0
4687,70,33,1510,1510,0,0,0
4688,95,35,1525,1525,0,0,0
4689,85,37,1512,1512,0,-1,0
4690,69,38,1506,1506,0,0,0
4691,70,39,1520,1520,0,1,0
4692,77,41,1524,1524,0,0,0
4693,71,43,1523,1523,0,0,0
4694,24,43,0,0,0,0,0
4695,19,41,-1503,-1503,0,0,0
4696,51,43,1512,1512,0,0,0
4697,25,42,-1501,-1501,0,0,0
4698,31,41,1501,1501,0,0,0
4699,92,43,1532,1532,0,0,0
4700,88,45,1533,1533,0,0,0
4701,51,46,1516,1516,0,0,0
4702,36,46,1509,1509,0,0,0
4703,35,46,1508,1508,0,0,0
4704,41,46,1511,1511,0,0,0
4705,40,47,1511,1511,0,0,0
4706,15,46,-1502,-1502,0,0,0
4707,21,46,1501,1501,0,0,0
4708,49,46,1515,1515,0,0,0
4709,52,46,1516,1516,0,0,0
4710,69,47,1525,1525,0,0,0
4711,60,49,1523,1523,0,0,0
4712,29,49,1508,1508,0,0,0
4713,26,48,1506,1506,0,0,0
4714,42,49,1514,1514,0,0,0
4715,17,48,1511,1511,0,1,0
4716,23,48,1512,1512,0,0,0
4717,52,48,1525,1525,0,0,0
4718,40,49,1519,1519,0,0,0
4719,27,48,1511,1511,0,0,0
4720,41,49,1517,1517,0,0,0
4721,42,49,1517,1517,0,0,0
4722,39,49,1516,1516,0,0,0
4723,41,49,1516,1516,0,0,0
4724,41,49,1516,1516,0,0,0
4725,38,49,1515,1515,0,0,0
4726,44,50,1517,1517,0,0,0
4727,42,50,1516,1516,0,0,0
4728,39,50,1515,1515,0,0,0
4729,43,50,1517,1517,0,0,0
4730,46,51,1519,1519,0,0,0
4731,42,51,1516,1516,0,0,0
4732,44,51,1517,1517,0,0,0
4733,46,52,1519,1519,0,0,0
4734,48,52,1520,1520,0,0,0
4735,45,52,1519,1519,0,0,0
4736,47,53,1520,1520,0,0,0
4737,50,53,1522,1522,0,0,0
4738,51,54,1523,1523,0,0,0
4739,49,54,1523,1523,0,0,0
4740,48,55,1522,1522,0,0,0
4741,52,55,1525,1525,0,0,0
4742,52,56,1525,1525,0,0,0
4743,52,56,1526,1526,0,0,0
4744,53,57,1527,1527,0,0,0
4745,53,57,1528,1528,0,0,0
4746,54,58,1529,1529,0,0,0
4747,53,59,1529,1529,0,0,0
4748,53,59,1529,1529,0,0,0
4749,54,60,1530,1530,0,0,0
4750,55,60,1531,1531,0,0,0
4751,55,61,1532,1532,0,0,0
4752,55,62,1533,1533,0,0,0
4753,56,62,1534,1534,0,0,0
4754,56,63,1534,1534,0,0,0
4755,54,64,1534,1534,0,0,0
4756,55,64,1535,1535,0,0,0
4757,56,65,1536,1536,0,0,0
4758,56,66,1537,1537,0,0,0
4759,56,66,1537,1537,0,0,0
4760,59,67,1539,1539,0,0,0
4761,63,68,1542,1542,0,0,0
4762,62,68,1542,1542,0,0,0
4763,64,69,1544,1544,0,0,0
4764,66,70,1546,1546,0,0,0
4765,66,71,1547,1547,0,0,0
4766,68,72,1549,1549,0,0,0
4767,68,73,1550,1550,0,0,0
4768,69,74,1552,1552,0,0,0
4769,71,75,1554,1554,0,0,0
4770,73,77,1556,1556,0,0,0
4771,75,78,1558,1558,0,0,0
4772,75,79,1559,1559,0,0,0
4773,75,80,1560,1560,0,0,0
4774,75,82,1561,1561,0,0,0
4775,76,83,1563,1563,0,0,0
4776,74,84,1563,1563,0,0,0
4777,71,85,1563,1563,0,0,0
4778,69,86,1563,1563,0,0,0
4779,67,88,1563,1563,0,0,0
4780,66,89,1574,1574,0,1,0
4781,61,89,1570,1570,0,0,0
4782,57,90,1568,1568,0,0,0
4783,52,91,1565,1565,0,0,0
4784,42,91,1560,1560,0,0,0
4785,30,91,1573,1573,1,1,0
4786,21,91,1565,1565,0,0,0
4787,9,91,1566,1566,0,1,0
4788,-3,90,1565,1565,0,1,0
4789,-16,89,1553,1553,0,0,0
4790,-32,87,1549,1549,0,1,0
4791,-47,85,1545,1545,0,1,0
4792,-52,82,1534,1534,0,0,0
4793,-49,80,1538,1538,0,1,0
4794,-51,77,1538,1538,0,1,0
4795,-47,74,1542,1542,0,1,0
4796,-32,72,1540,1540,0,0,0
4797,-32,70,1542,1542,0,1,0
4798,-25,68,1537,1537,0,0,0
4799,-15,67,1545,1545,0,1,0
4800,-21,65,1545,1545,0,1,0
4801,-31,63,1542,1542,0,1,0
4802,-28,62,1535,1535,0,0,0
4803,-34,60,1534,1534,0,1,0
4804,-43,57,1520,1520,0,0,0
4805,-34,55,1526,1526,0,1,0
4806,-11,53,1540,1540,0,1,0
4807,-4,52,1545,1545,0,1,0
4808,6,51,1542,1542,0,0,0
4809,16,51,1540,1540,0,0,0
4810,5,50,1539,1539,0,1,0
4811,-8,49,1526,1526,0,0,0
4812,-8,48,1530,1530,0,1,0
4813,-7,46,1534,1534,0,1,0
4814,-12,45,1534,1534,0,1,0
4815,-14,44,1525,1525,0,0,0
4816,-11,42,1529,1529,0,1,0
4817,-8,41,1523,1523,0,0,0
4818,-20,40,1521,1521,0,1,0
4819,-23,38,1521,1521,0,1,0
4820,-10,37,1519,1519,0,0,0
4821,-8,35,1524,1524,0,1,0
4822,-6,34,1518,1518,0,0,0
4823,1,33,1524,1524,0,1,0
4824,4,32,1519,1519,0,0,0
4825,-10,31,1516,1516,0,1,0
4826,-23,30,1514,1514,0,1,0
4827,-27,28,1503,1503,0,0,0
4828,-25,26,1507,1507,0,1,0
4829,-14,24,1504,1504,0,0,0
4830,5,23,1507,1507,0,0,0
4831,25,22,1512,1512,0,0,0
4832,40,22,1525,1525,0,1,0
4833,52,22,1526,1526,0,0,0
4834,66,23,1541,1541,1,0,0
4835,75,24,1541,1541,0,0,0
4836,76,26,1539,1539,0,0,0
4837,83,27,1540,1540,0,0,0
4838,83,29,1539,1539,0,0,0
4839,78,30,1535,1535,0,0,0
4840,82,31,1536,1536,0,0,0
4841,83,33,1537,1537,0,0,0
4842,78,34,1544,1544,1,0,0
4843,78,35,1542,1542,0,0,0
4844,78,37,1542,1542,0,0,0
4845,72,38,1538,1538,0,0,0
4846,67,39,1535,1535,0,0,0
4847,62,40,1542,1542,1,0,0
4848,55,40,1537,1537,0,0,0
4849,48,41,1531,1531,0,0,0
4850,40,41,1526,1526,0,0,0
4851,31,41,1530,1530,1,0,0
4852,26,41,1525,1525,0,0,0
4853,10,40,1524,1524,1,0,0
4854,4,40,1527,1527,1,0,0
4855,9,39,1524,1524,0,0,0
4856,10,38,1530,1530,1,0,0
4857,6,37,1523,1523,0,0,0
4858,7,37,1529,1529,1,0,0
4859,3,36,1521,1521,0,0,0
4860,-4,35,1523,1523,1,0,0
4861,-4,34,1527,1527,1,0,0
4862,-9,33,1517,1517,0,0,0
4863,-13,31,1519,1519,1,0,0
4864,-13,30,1512,1512,0,0,0
4865,-17,29,1514,1514,1,0,0
4866,-21,27,1515,1515,1,0,0
4867,-38,25,1508,1508,1,0,0
4868,-54,22,-1507,-1507,0,0,0
4869,-53,20,-1505,-1505,1,0,0
4870,-41,18,-1507,-1507,0,0,0
4871,-33,16,-1521,-1521,0,-1,0
4872,11,15,-1504,-1504,0,0,0
4873,70,16,1523,1523,0,0,0
4874,96,19,1526,1526,0,-1,0
4875,75,20,1517,1517,0,0,0
4876,60,21,0,0,0,-1,0
4877,54,22,0,0,0,0,0
4878,44,22,-1503,-1503,0,0,0
4879,38,23,-1505,-1505,0,0,0
4880,46,23,-1510,-1510,-1,0,0
4881,43,24,-1509,-1509,0,0,0
4882,33,24,-1521,-1521,0,-1,0
4883,30,24,-1520,-1520,0,0,0
4884,34,24,-1525,-1525,-1,0,0
4885,46,24,-1525,-1525,-1,0,0
4886,45,25,-1521,-1521,0,0,0
4887,36,25,-1531,-1531,-1,0,0
4888,40,25,-1524,-1524,0,0,0
4889,56,25,-1512,-1512,0,0,0
4890,83,27,-1513,-1513,-1,-1,0
4891,90,28,-1502,-1502,0,0,0
4892,113,31,1506,1506,-1,0,0
4893,130,34,1513,1513,-1,0,0
4894,127,36,1520,1520,0,0,0
4895,127,40,1528,1528,0,0,0
4896,105,42,1525,1525,0,0,0
4897,71,43,1524,1524,0,1,0
4898,35,43,1507,1507,0,0,0
4899,15,43,1528,1528,1,2,0
4900,26,43,1540,1540,1,0,0
4901,40,44,1554,1554,0,1,0
4902,-46,46,1509,1509,0,0,0
4903,-187,37,-1551,-1551,1,1,0
4904,-113,31,-1528,-1528,0,0,0
4905,-27,28,1514,1514,1,0,0
4906,-25,27,1508,1508,0,0,0
4907,-69,23,-1503,-1503,1,1,0
4908,-24,21,1518,1518,1,0,0
4909,-20,21,1513,1513,0,0,0
4910,-118,15,-1545,-1545,0,0,0
4911,-45,12,-1519,-1519,0,0,0
4912,14,14,-1504,-1504,0,-1,0
4913,-71,9,-1551,-1551,0,0,0
4914,-10,7,-1527,-1527,0,0,0
4915,68,9,1501,1501,0,-1,0
4916,45,10,-1519,-1519,-1,0,0
4917,1,9,-1559,-1559,-1,-1,0
4918,-11,7,-1562,-1562,0,0,0
4919,4,7,-1572,-1572,0,-2,0
4920,4,6,-1576,-1576,-1,0,0
4921,10,4,-1578,-1578,0,-1,0
4922,56,3,-1550,-1550,0,0,0
4923,99,5,-1552,-1552,-1,-2,0
4924,134,8,-1542,-1542,-1,-1,0
4925,173,11,-1528,-1528,-1,-1,0
4926,226,17,-1506,-1506,-1,-1,0
4927,290,24,1536,1536,0,-1,0
4928,335,33,1560,1560,-1,-1,0
4929,338,42,1574,1574,0,-1,0
4930,333,52,1583,1583,-1,0,0
4931,305,60,1591,1591,0,0,0
4932,273,68,1594,1594,0,0,0
4933,245,74,1606,1606,1,0,0
4934,215,81,1604,1604,0,0,0
4935,148,86,1602,1602,1,1,0
4936,19,91,1545,1545,0,0,0
4937,-186,83,-1528,-1528,1,2,0
4938,-166,75,-1520,-1520,0,1,0
4939,-74,72,1525,1525,1,0,0
4940,-117,69,1506,1506,1,0,0
4941,-204,60,-1541,-1541,0,1,0
4942,-134,55,-1518,-1518,0,0,0
4943,-100,52,-1511,-1511,0,0,0
4944,-173,44,-1557,-1557,0,0,0
4945,-86,39,-1525,-1525,0,0,0
4946,34,38,1528,1528,0,0,0
4947,68,40,1533,1533,-1,0,0
4948,33,40,1515,1515,0,0,0
4949,16,39,1505,1505,0,0,0
4950,41,39,1527,1527,1,0,0
4951,63,40,1536,1536,0,0,0
4952,52,40,1530,1530,0,0,0
4953,29,42,1519,1519,0,0,0
4954,-33,41,1507,1507,1,1,0
4955,-124,35,-1546,-1546,0,0,0
4956,-109,30,-1536,-1536,0,1,0
4957,-69,29,-1524,-1524,0,0,0
4958,-103,23,-1558,-1558,0,-1,0
4959,-33,20,-1531,-1531,0,0,0
4960,52,21,0,0,0,-1,0
4961,59,22,1504,1504,0,0,0
4962,37,22,-1515,-1515,0,-1,0
4963,22,22,-1522,-1522,0,0,0
4964,24,22,-1519,-1519,0,0,0
4965,22,21,-1519,-1519,0,0,0
4966,14,21,-1532,-1532,0,-1,0
4967,14,20,-1540,-1540,0,-1,0
4968,26,19,-1532,-1532,0,0,0
4969,48,20,-1527,-1527,0,-1,0
4970,57,19,-1539,-1539,-1,-1,0
4971,105,21,-1509,-1509,0,0,0
4972,130,24,1512,1512,0,0,0
4973,120,26,-1506,-1506,-1,-1,0
4974,134,29,0,0,0,-1,0
4975,148,33,-1501,-1501,-1,-1,0
4976,122,37,-1501,-1501,0,0,0
4977,94,39,-1515,-1515,0,-1,0
4978,90,39,-1518,-1518,-1,0,0
4979,157,42,1516,1516,0,-1,0
4980,192,48,1536,1536,0,-1,0
4981,163,51,1525,1525,-1,0,0
4982,175,56,1544,1544,0,0,0
4983,166,61,1551,1551,0,0,0
4984,126,64,1551,1551,1,0,0
4985,82,66,1546,1546,0,1,0
4986,38,67,1537,1537,0,1,0
4987,17,66,1526,1526,0,0,0
4988,35,65,1553,1553,1,1,0
4989,51,66,1569,1569,1,0,0
4990,37,66,1578,1578,1,1,0
4991,21,68,1575,1575,0,1,0
4992,-64,67,1546,1546,1,1,0
4993,-165,61,-1507,-1507,1,0,0
4994,-241,52,-1552,-1552,0,1,0
4995,-303,41,-1571,-1571,2,1,0
4996,-237,33,-1549,-1549,0,1,0
4997,-185,25,-1543,-1543,0,0,0
4998,-102,20,-1518,-1518,0,0,0
4999,-38,17,0,0,0,0,0
5000,31,16,1526,1526,0,0,0
5001,79,18,1544,1544,0,0,0
5002,60,19,1521,1521,-1,0,0
5003,32,19,1515,1515,1,0,0
5004,16,19,1514,1514,0,1,0
5005,0,20,1502,1502,0,0,0
5006,-43,17,-1524,-1524,0,0,0
5007,-29,15,-1524,-1524,0,0,0
5008,-31,14,-1527,-1527,0,0,0
5009,-92,9,-1565,-1565,0,0,0
5010,-11,6,-1531,-1531,0,0,0
5011,73,8,0,0,-1,0,0
5012,55,9,-1518,-1518,-1,0,0
5013,15,9,-1535,-1535,0,0,0
5014,-7,8,-1556,-1556,0,-1,0
5015,-2,6,-1562,-1562,-1,0,0
5016,8,6,-1564,-1564,0,-1,0
5017,-2,5,-1575,-1575,0,-1,0
5018,-14,4,-1585,-1585,-1,0,0
5019,-13,2,-1590,-1590,0,-1,0
5020,3,1,-1598,-1598,-2,0,0
5021,50,0,-1588,-1588,0,-2,0
5022,151,1,-1548,-1548,-1,-1,0
5023,285,8,1516,1516,-1,-1,0
5024,348,18,1549,1549,-1,-1,0
5025,371,27,1563,1563,-1,-1,0
5026,387,38,1587,1587,0,-1,0
5027,353,48,1584,1584,-1,0,0
5028,317,57,1588,1588,0,0,0
5029,281,65,1599,1599,1,0,0
5030,246,72,1607,1607,0,1,0
5031,203,79,1618,1618,1,1,0
5032,120,83,1593,1593,1,0,0
5033,5,86,1551,1551,0,1,0
5034,-165,80,-1518,-1518,1,1,0
5035,-204,72,-1539,-1539,1,0,0
5036,-206,64,-1543,-1543,0,1,0
5037,-250,54,-1570,-1570,0,1,0
5038,-180,46,-1551,-1551,0,0,0
5039,-66,42,-1507,-1507,0,0,0
5040,52,42,1535,1535,0,-1,0
5041,108,45,1562,1562,0,0,0
5042,78,47,1537,1537,0,-1,0
5043,44,47,1521,1521,0,0,0
5044,43,47,1520,1520,0,0,0
5045,61,48,1540,1540,0,1,0
5046,67,49,1542,1542,0,0,0
5047,60,49,1548,1548,1,0,0
5048,62,50,1567,1567,1,1,0
5049,50,51,1556,1556,0,0,0
5050,-32,51,1532,1532,1,1,0
5051,-115,46,-1518,-1518,0,0,0
5052,-98,42,-1520,-1520,0,0,0
5053,-92,39,-1515,-1515,1,0,0
5054,-135,33,-1547,-1547,0,0,0
5055,-51,28,-1516,-1516,0,0,0
5056,66,30,1537,1537,0,0,0
5057,76,31,1540,1540,0,0,0
5058,64,32,1533,1533,0,0,0
5059,75,34,1537,1537,0,0,0
5060,54,35,1536,1536,0,1,0
5061,0,34,1505,1505,0,0,0
5062,-23,34,1502,1502,1,0,0
5063,-85,31,-1513,-1513,1,1,0
5064,-102,26,-1533,-1533,0,0,0
5065,-74,23,-1518,-1518,0,1,0
5066,-68,20,-1524,-1524,0,0,0
5067,-11,17,-1505,-1505,0,0,0
5068,81,18,1526,1526,-1,0,0
5069,98,20,1534,1534,0,0,0
5070,68,22,1519,1519,0,0,0
5071,40,22,1505,1505,0,0,0
5072,28,23,-1501,-1501,0,0,0
5073,-3,22,-1507,-1507,1,0,0
5074,-26,20,-1523,-1523,0,0,0
5075,2,18,-1524,-1524,-1,0,0
5076,29,18,-1511,-1511,0,0,0
5077,38,18,-1506,-1506,0,0,0
5078,39,19,-1515,-1515,-1,0,0
5079,37,19,-1525,-1525,0,-1,0
5080,21,19,-1529,-1529,0,0,0
5081,4,18,-1546,-1546,0,-1,0
5082,6,17,-1552,-1552,-1,0,0
5083,16,17,-1553,-1553,0,-1,0
5084,5,17,-1554,-1554,0,0,0
5085,-4,16,-1565,-1565,-1,0,0
5086,-1,14,-1569,-1569,0,-1,0
5087,21,14,-1583,-1583,-1,-2,0
5088,47,12,-1572,-1572,-1,0,0
5089,150,13,-1532,-1532,-1,-1,0
5090,265,21,1532,1532,0,-1,0
5091,294,29,1535,1535,-1,-2,0
5092,332,38,1575,1575,0,0,0
5093,355,48,1587,1587,-1,-1,0
5094,320,57,1592,1592,0,0,0
5095,281,65,1592,1592,0,0,0
5096,243,72,1590,1590,0,0,0
5097,203,77,1593,1593,1,0,0
5098,165,82,1594,1594,0,1,0
5099,121,85,1598,1598,1,1,0
5100,80,87,1590,1590,0,1,0
5101,17,86,1576,1576,1,1,0
5102,-36,87,1546,1546,0,0,0
5103,-221,82,-1521,-1521,2,1,0
5104,-342,69,-1580,-1580,0,2,0
5105,-253,59,-1546,-1546,1,0,0
5106,-225,50,-1542,-1542,0,1,0
5107,-171,43,-1533,-1533,0,0,0
5108,-44,39,1515,1515,0,0,0
5109,79,40,1569,1569,0,0,0
5110,120,42,1585,1585,0,0,0
5111,93,44,1569,1569,0,0,0
5112,66,46,1553,1553,0,0,0
5113,37,48,1538,1538,0,0,0
5114,-75,46,-1501,-1501,1,1,0
5115,-137,39,-1541,-1541,0,0,0
5116,-106,36,-1515,-1515,1,1,0
5117,-136,30,-1542,-1542,0,0,0
5118,-80,25,-1526,-1526,0,0,0
5119,44,25,1528,1528,0,0,0
5120,75,26,1540,1540,0,0,0
5121,62,27,1531,1531,0,0,0
5122,66,29,1531,1531,0,0,0
5123,53,30,1535,1535,1,0,0
5124,-9,30,1510,1510,0,1,0
5125,-61,26,-1521,-1521,0,0,0
5126,-34,25,-1514,-1514,0,0,0
5127,-50,23,-1516,-1516,0,1,0
5128,-62,19,-1531,-1531,0,0,0
5129,34,18,0,0,-1,0,0
5130,88,20,1516,1516,0,-1,0
5131,62,21,-1504,-1504,-1,0,0
5132,34,21,-1515,-1515,0,0,0
5133,32,21,-1515,-1515,0,0,0
5134,30,22,-1515,-1515,0,0,0
5135,27,21,-1516,-1516,0,0,0
5136,28,21,-1514,-1514,0,0,0
5137,20,21,-1527,-1527,0,-1,0
5138,16,21,-1527,-1527,0,0,0
5139,19,20,-1524,-1524,0,0,0
5140,15,20,-1545,-1545,-1,-1,0
5141,8,19,-1545,-1545,0,0,0
5142,6,19,-1552,-1552,0,-1,0
5143,7,18,-1547,-1547,0,0,0
5144,3,17,-1567,-1567,-1,-1,0
5145,7,16,-1569,-1569,0,-1,0
5146,28,15,-1564,-1564,0,-1,0
5147,84,14,-1561,-1561,-2,-1,0
5148,193,18,1507,1507,0,0,0
5149,229,25,1520,1520,-1,-1,0
5150,243,30,1523,1523,0,-2,0
5151,296,39,1568,1568,0,0,0
5152,283,47,1580,1580,0,0,0
5153,239,54,1574,1574,0,0,0
5154,197,59,1566,1566,0,0,0
5155,155,64,1556,1556,0,0,0
5156,110,66,1553,1553,0,1,0
5157,65,68,1555,1555,1,1,0
5158,25,68,1555,1555,1,1,0
5159,-7,66,1544,1544,1,0,0
5160,-13,67,1547,1547,0,1,0
5161,-116,66,1509,1509,1,1,0
5162,-297,55,-1584,-1584,0,1,0
5163,-309,43,-1589,-1589,1,1,0
5164,-223,34,-1566,-1566,0,0,0
5165,-184,27,-1553,-1553,1,0,0
5166,-120,21,-1537,-1537,0,0,0
5167,0,19,1512,1512,0,0,0
5168,75,21,1544,1544,0,0,0
5169,55,22,1530,1530,0,0,0
5170,32,22,1515,1515,0,0,0
5171,25,21,1507,1507,0,0,0
5172,10,21,1507,1507,1,0,0
5173,-4,19,1505,1505,0,1,0
5174,9,21,1507,1507,0,0,0
5175,-59,19,-1530,-1530,0,0,0
5176,-89,14,-1544,-1544,0,1,0
5177,-38,12,-1525,-1525,0,0,0
5178,-32,10,-1538,-1538,-1,0,0
5179,-13,7,-1533,-1533,0,0,0
5180,38,7,-1521,-1521,-1,0,0
5181,48,8,-1524,-1524,0,-1,0
5182,21,8,-1536,-1536,0,0,0
5183,14,7,-1548,-1548,-1,0,0
5184,22,7,-1551,-1551,0,-1,0
5185,11,7,-1553,-1553,0,0,0
5186,-4,6,-1568,-1568,-1,0,0
5187,-6,5,-1585,-1585,-1,-1,0
5188,-1,4,-1607,-1607,-1,-2,0
5189,22,3,-1597,-1597,-1,0,0
5190,85,1,-1568,-1568,0,-1,0
5191,279,6,1520,1520,-1,-1,0
5192,424,19,1584,1584,-1,-2,0
5193,395,30,1574,1574,-1,-1,0
5194,373,41,1580,1580,-1,0,0
5195,342,51,1589,1589,0,0,0
5196,302,59,1590,1590,0,0,0
5197,263,66,1598,1598,1,0,0
5198,223,73,1592,1592,0,0,0
5199,174,78,1600,1600,1,1,0
5200,92,81,1574,1574,1,0,0
5201,32,81,1566,1566,1,1,0
5202,-31,82,1543,1543,0,1,0
5203,-161,76,-1508,-1508,1,1,0
5204,-213,68,-1538,-1538,0,1,0
5205,-258,59,-1556,-1556,2,0,0
5206,-243,50,-1566,-1566,0,0,0
5207,-174,42,-1539,-1539,0,1,0
5208,-54,38,-1502,-1502,0,-1,0
5209,63,38,1538,1538,-1,0,0
5210,118,41,1565,1565,0,0,0
5211,95,43,1553,1553,0,0,0
5212,65,44,1528,1528,0,-1,0
5213,65,45,1538,1538,1,0,0
5214,83,46,1547,1547,0,0,0
5215,88,48,1559,1559,0,1,0
5216,74,49,1562,1562,1,0,0
5217,16,49,1529,1529,0,0,0
5218,-9,47,1513,1513,0,0,0
5219,32,47,1550,1550,1,1,0
5220,14,47,1536,1536,0,0,0
5221,-35,45,1525,1525,1,1,0
5222,-32,45,1529,1529,1,0,0
5223,-105,41,1504,1504,1,1,0
5224,-134,35,-1524,-1524,0,0,0
5225,-88,31,-1513,-1513,0,0,0
5226,-68,30,-1512,-1512,0,0,0
5227,-106,25,-1540,-1540,0,0,0
5228,-21,22,-1508,-1508,0,0,0
5229,82,23,1538,1538,0,0,0
5230,111,25,1552,1552,0,0,0
5231,97,27,1534,1534,-1,0,0
5232,75,29,1525,1525,0,0,0
5233,60,30,1517,1517,0,0,0
5234,48,30,1522,1522,0,1,0
5235,44,31,1519,1519,0,0,0
5236,5,33,1520,1520,1,1,0
5237,-84,29,-1531,-1531,0,0,0
5238,-42,25,-1508,-1508,0,1,0
5239,-5,26,1505,1505,0,0,0
5240,-85,22,-1530,-1530,0,1,0
5241,-64,17,-1539,-1539,-1,0,0
5242,44,17,1509,1509,0,0,0
5243,44,19,1508,1508,0,0,0
5244,-13,16,-1524,-1524,0,0,0
5245,26,16,-1506,-1506,0,0,0
5246,43,18,-1507,-1507,-1,0,0
5247,-17,16,-1538,-1538,0,0,0
5248,11,14,-1545,-1545,-1,-1,0
5249,48,15,-1523,-1523,0,0,0
5250,28,15,-1530,-1530,0,0,0
5251,14,15,-1555,-1555,-1,-1,0
5252,20,15,-1556,-1556,0,-1,0
5253,20,15,-1551,-1551,0,0,0
5254,2,14,-1566,-1566,0,-1,0
5255,-11,13,-1577,-1577,-1,0,0
5256,9,12,-1582,-1582,-1,-1,0
5257,24,11,-1587,-1587,-1,-1,0
5258,86,10,-1558,-1558,0,-1,0
5259,224,14,1502,1502,-1,-1,0
5260,347,23,1562,1562,-1,-1,0
5261,350,33,1576,1576,0,-1,0
5262,343,43,1573,1573,-1,-1,0
5263,328,52,1588,1588,0,0,0
5264,294,60,1592,1592,0,0,0
5265,258,67,1600,1600,0,1,0
5266,220,73,1604,1604,1,0,0
5267,170,79,1599,1599,0,1,0
5268,78,82,1580,1580,1,1,0
5269,-52,83,1517,1517,0,0,0
5270,-190,75,-1537,-1537,1,1,0
5271,-128,69,-1510,-1510,0,1,0
5272,-82,65,1523,1523,1,1,0
5273,-154,59,-1522,-1522,0,0,0
5274,-177,51,-1537,-1537,1,0,0
5275,-56,48,1510,1510,0,0,0
5276,0,47,1530,1530,0,0,0
5277,29,46,1538,1538,0,0,0
5278,74,47,1567,1567,0,1,0
5279,38,49,1546,1546,0,0,0
5280,-20,47,1513,1513,0,0,0
5281,-22,45,1507,1507,0,0,0
5282,-32,44,1508,1508,1,0,0
5283,-87,40,-1515,-1515,0,1,0
5284,-80,37,-1520,-1520,0,0,0
5285,-64,34,-1520,-1520,0,0,0
5286,-85,29,-1538,-1538,0,0,0
5287,-13,26,-1510,-1510,0,0,0
5288,93,29,1541,1541,0,0,0
5289,97,31,1543,1543,0,0,0
5290,60,32,1524,1524,0,0,0
5291,49,32,1518,1518,0,0,0
5292,64,34,1526,1526,0,0,0
5293,26,36,1528,1528,1,1,0
5294,-93,31,-1536,-1536,0,0,0
5295,-72,27,-1513,-1513,1,1,0
5296,-50,27,-1510,-1510,0,0,0
5297,-128,20,-1558,-1558,0,0,0
5298,-43,16,-1525,-1525,0,0,0
5299,69,18,1516,1516,0,-1,0
5300,74,19,1508,1508,-1,0,0
5301,49,20,-1502,-1502,0,0,0
5302,42,20,1504,1504,1,0,0
5303,44,21,1505,1505,0,0,0
5304,32,21,1508,1508,0,1,0
5305,24,21,1502,1502,0,0,0
5306,4,21,0,0,1,0,0
5307,-35,19,-1524,-1524,0,0,0
5308,-54,16,-1538,-1538,0,0,0
5309,-30,14,-1540,-1540,-1,0,0
5310,7,13,-1526,-1526,0,0,0
5311,45,13,-1517,-1517,-1,0,0
5312,35,13,-1530,-1530,0,-1,0
5313,2,13,-1544,-1544,0,0,0
5314,-1,12,-1554,-1554,0,-1,0
5315,13,11,-1554,-1554,-1,0,0
5316,10,11,-1562,-1562,0,-1,0
5317,-13,10,-1569,-1569,0,0,0
5318,-17,8,-1587,-1587,-1,-1,0
5319,-6,7,-1587,-1587,0,-1,0
5320,16,6,-1600,-1600,-2,-1,0
5321,60,4,-1590,-1590,-1,-1,0
5322,194,7,-1521,-1521,0,-1,0
5323,316,15,1538,1538,-1,-1,0
5324,373,26,1569,1569,-1,-1,0
5325,412,37,1593,1593,-1,-1,0
5326,385,49,1595,1595,-1,0,0
5327,342,58,1588,1588,0,-1,0
5328,301,67,1589,1589,0,0,0
5329,263,74,1599,1599,1,0,0
5330,224,80,1604,1604,0,1,0
5331,183,85,1604,1604,1,0,0
5332,135,89,1607,1607,1,1,0
5333,62,90,1583,1583,1,0,0
5334,-12,89,1554,1554,0,1,0
5335,-118,88,1519,1519,1,1,0
5336,-289,78,-1559,-1559,1,1,0
5337,-269,68,-1547,-1547,1,1,0
5338,-214,61,-1537,-1537,0,0,0
5339,-260,51,-1558,-1558,1,1,0
5340,-186,43,-1540,-1540,0,0,0
5341,-64,38,1506,1506,0,0,0
5342,54,38,1535,1535,-1,-1,0
5343,113,40,1563,1563,0,0,0
5344,110,43,1571,1571,1,0,0
5345,82,44,1556,1556,0,0,0
5346,61,45,1554,1554,0,1,0
5347,51,46,1546,1546,0,0,0
5348,1,45,1536,1536,1,1,0
5349,-9,44,1525,1525,0,0,0
5350,-25,45,1532,1532,1,1,0
5351,-136,39,-1523,-1523,1,0,0
5352,-138,33,-1537,-1537,0,0,0
5353,-90,29,-1514,-1514,1,0,0
5354,-77,26,-1517,-1517,0,0,0
5355,-37,23,-1518,-1518,-1,0,0
5356,75,23,1532,1532,0,0,0
5357,118,26,1554,1554,0,0,0
5358,94,28,1541,1541,0,0,0
5359,69,30,1529,1529,0,0,0
5360,54,30,1531,1531,0,1,0
5361,51,31,1527,1527,0,0,0
5362,45,33,1524,1524,0,0,0
5363,-39,32,-1510,-1510,0,1,0
5364,-57,28,-1515,-1515,0,1,0
5365,-16,28,-1501,-1501,0,0,0
5366,-77,24,-1536,-1536,0,0,0
5367,-39,20,-1525,-1525,0,0,0
5368,64,21,1512,1512,-1,0,0
5369,77,23,1520,1520,0,0,0
5370,47,23,-1505,-1505,-1,0,0
5371,29,23,-1513,-1513,0,0,0
5372,29,24,-1511,-1511,0,0,0
5373,2,23,-1524,-1524,0,0,0
5374,13,22,-1519,-1519,0,0,0
5375,37,22,-1517,-1517,0,-1,0
5376,17,22,-1525,-1525,0,0,0
5377,8,21,-1538,-1538,0,-1,0
5378,15,21,-1542,-1542,-1,0,0
5379,10,20,-1541,-1541,0,0,0
5380,-1,19,-1554,-1554,0,-1,0
5381,-5,18,-1552,-1552,0,0,0
5382,2,17,-1555,-1555,0,-1,0
5383,1,16,-1573,-1573,-1,-1,0
5384,17,15,-1569,-1569,0,-1,0
5385,57,14,-1564,-1564,-1,-1,0
5386,168,16,-1509,-1509,-1,0,0
5387,251,23,1528,1528,0,-2,0
5388,261,30,1530,1530,-1,-1,0
5389,276,38,1557,1557,0,0,0
5390,302,46,1577,1577,0,-1,0
5391,272,54,1581,1581,0,0,0
5392,228,61,1575,1575,0,0,0
5393,186,66,1566,1566,0,0,0
5394,144,70,1556,1556,0,0,0
5395,99,72,1562,1562,1,1,0
5396,55,73,1543,1543,0,0,0
5397,30,72,1561,1561,2,1,0
5398,35,72,1570,1570,0,1,0
5399,23,73,1580,1580,1,1,0
5400,-67,71,1537,1537,0,1,0
5401,-178,67,-1517,-1517,1,0,0
5402,-285,58,-1565,-1565,1,1,0
5403,-282,48,-1562,-1562,1,1,0
5404,-302,37,-1595,-1595,0,0,0
5405,-260,27,-1593,-1593,0,0,0
5406,-141,20,-1549,-1549,0,0,0
5407,-20,17,-1502,-1502,0,0,0
5408,62,18,1513,1513,-1,-1,0
5409,77,20,0,0,-1,-1,0
5410,46,21,-1512,-1512,0,0,0
5411,30,20,-1528,-1528,0,-1,0
5412,42,20,-1520,-1520,0,0,0
5413,48,20,-1515,-1515,0,0,0
5414,98,21,1502,1502,0,-1,0
5415,137,24,1507,1507,-1,-1,0
5416,127,27,1511,1511,0,0,0
5417,101,30,1516,1516,1,0,0
5418,84,32,1512,1512,0,0,0
5419,63,34,1515,1515,0,1,0
5420,31,34,1510,1510,1,0,0
5421,21,33,1523,1523,1,1,0
5422,40,33,1529,1529,0,0,0
5423,44,34,1548,1548,1,1,0
5424,-10,33,1515,1515,0,0,0
5425,-97,29,-1525,-1525,0,1,0
5426,-68,25,-1501,-1501,1,1,0
5427,-18,26,1515,1515,0,0,0
5428,-97,22,-1532,-1532,0,0,0
5429,-96,17,-1552,-1552,-1,0,0
5430,11,16,-1505,-1505,0,0,0
5431,34,16,1503,1503,0,0,0
5432,20,15,-1507,-1507,0,0,0
5433,31,15,-1513,-1513,-1,0,0
5434,25,16,-1516,-1516,0,0,0
5435,7,15,-1545,-1545,-1,-1,0
5436,7,14,-1553,-1553,-1,0,0
5437,15,14,-1556,-1556,0,-1,0
5438,6,13,-1576,-1576,-1,-1,0
5439,-2,12,-1574,-1574,0,0,0
5440,15,11,-1579,-1579,-1,-1,0
5441,50,10,-1565,-1565,0,-1,0
5442,140,10,-1544,-1544,-2,-1,0
5443,321,19,1543,1543,-1,-1,0
5444,350,29,1570,1570,0,-1,0
5445,316,38,1565,1565,-1,0,0
5446,314,46,1574,1574,0,-1,0
5447,307,55,1590,1590,0,0,0
5448,269,63,1589,1589,0,0,0
5449,229,69,1584,1584,0,0,0
5450,187,74,1586,1586,0,1,0
5451,140,78,1581,1581,1,0,0
5452,95,80,1573,1573,0,1,0
5453,70,80,1562,1562,0,0,0
5454,60,81,1577,1577,1,1,0
5455,22,81,1577,1577,1,1,0
5456,-80,78,1539,1539,1,1,0
5457,-148,76,1516,1516,1,1,0
5458,-234,68,-1542,-1542,0,0,0
5459,-240,59,-1542,-1542,1,1,0
5460,-245,50,-1553,-1553,0,1,0
5461,-221,40,-1550,-1550,1,0,0
5462,-114,35,-1515,-1515,0,0,0
5463,-3,33,1529,1529,0,0,0
5464,43,33,1544,1544,0,0,0
5465,84,34,1559,1559,0,0,0
5466,125,37,1578,1578,0,0,0
5467,86,39,1566,1566,0,1,0
5468,38,39,1548,1548,1,0,0
5469,60,41,1556,1556,0,0,0
5470,3,42,1533,1533,0,1,0
5471,-58,38,-1506,-1506,0,0,0
5472,-9,37,1512,1512,0,0,0
5473,-33,37,1506,1506,0,1,0
5474,-70,32,-1519,-1519,0,0,0
5475,29,31,1523,1523,0,0,0
5476,36,33,1534,1534,0,1,0
5477,-61,29,-1520,-1520,0,0,0
5478,9,27,1517,1517,0,1,0
5479,62,31,1541,1541,0,0,0
5480,-37,27,-1514,-1514,0,0,0
5481,-18,24,-1510,-1510,0,0,0
5482,47,27,1530,1530,0,1,0
5483,-16,25,-1506,-1506,0,0,0
5484,-2,22,-1505,-1505,0,0,0
5485,79,24,1533,1533,0,0,0
5486,61,26,1514,1514,0,-1,0
5487,13,25,-1510,-1510,0,0,0
5488,38,25,1511,1511,0,1,0
5489,50,27,1518,1518,0,0,0
5490,-6,24,-1513,-1513,0,0,0
5491,28,24,1501,1501,0,0,0
5492,44,26,1510,1510,0,0,0
5493,-11,24,-1520,-1520,0,0,0
5494,30,23,-1502,-1502,0,0,0
5495,48,25,1508,1508,0,0,0
5496,-20,23,-1527,-1527,0,0,0
5497,10,21,-1515,-1515,0,0,0
5498,61,22,-1509,-1509,-1,-1,0
5499,36,23,-1517,-1517,0,0,0
5500,-7,22,-1537,-1537,0,0,0
5501,11,21,-1537,-1537,-1,0,0
5502,24,21,-1538,-1538,0,-1,0
5503,8,21,-1541,-1541,0,0,0
5504,-9,19,-1568,-1568,-1,-1,0
5505,-3,18,-1560,-1560,0,0,0
5506,7,18,-1561,-1561,0,-1,0
5507,-2,17,-1570,-1570,-1,0,0
5508,-17,15,-1581,-1581,0,-1,0
5509,-9,13,-1593,-1593,-1,-1,0
5510,49,12,-1577,-1577,-1,-1,0
5511,122,12,-1552,-1552,-1,-1,0
5512,253,18,1519,1519,0,-1,0
5513,359,28,1571,1571,-1,-1,0
5514,382,39,1586,1586,-1,-1,0
5515,353,49,1575,1575,-1,-1,0
5516,315,58,1581,1581,0,0,0
5517,276,65,1581,1581,0,0,0
5518,238,72,1590,1590,1,0,0
5519,197,77,1593,1593,0,1,0
5520,152,82,1590,1590,1,0,0
5521,81,84,1570,1570,0,1,0
5522,11,84,1557,1557,1,1,0
5523,-21,85,1549,1549,0,1,0
5524,-113,81,1507,1507,1,0,0
5525,-146,74,0,0,1,1,0
5526,-159,69,1502,1502,1,1,0
5527,-252,60,-1550,-1550,0,1,0
5528,-259,50,-1553,-1553,1,1,0
5529,-177,44,-1530,-1530,0,0,0
5530,-109,38,-1511,-1511,0,0,0
5531,-62,35,-1501,-1501,0,0,0
5532,-14,32,1513,1513,0,0,0
5533,82,33,1555,1555,0,0,0
5534,120,36,1572,1572,0,0,0
5535,92,38,1557,1557,0,0,0
5536,41,39,1540,1540,1,0,0
5537,-18,39,1507,1507,0,0,0
5538,-69,36,-1514,-1514,0,1,0
5539,-86,32,-1519,-1519,1,0,0
5540,-113,28,-1531,-1531,1,0,0
5541,-111,22,-1542,-1542,0,0,0
5542,-8,20,-1501,-1501,0,0,0
5543,67,21,1531,1531,0,0,0
5544,81,23,1527,1527,-1,0,0
5545,75,24,1523,1523,0,0,0
5546,62,25,1517,1517,0,0,0
5547,48,26,1520,1520,1,0,0
5548,31,27,1521,1521,0,1,0
5549,-16,26,-1507,-1507,0,0,0
5550,-20,24,-1503,-1503,0,1,0
5551,-42,23,-1519,-1519,0,0,0
5552,-77,18,-1542,-1542,0,0,0
5553,7,17,-1508,-1508,0,0,0
5554,80,18,1516,1516,-1,0,0
5555,59,20,-1513,-1513,-1,-1,0
5556,23,19,-1527,-1527,0,0,0
5557,19,19,-1528,-1528,0,0,0
5558,32,19,-1519,-1519,0,0,0
5559,27,19,-1520,-1520,0,0,0
5560,7,19,-1539,-1539,0,-1,0
5561,0,18,-1551,-1551,-1,0,0
5562,9,17,-1543,-1543,0,0,0
5563,5,16,-1553,-1553,0,-1,0
5564,-4,15,-1553,-1553,0,0,0
5565,-8,14,-1563,-1563,-1,0,0
5566,-8,13,-1569,-1569,0,-1,0
5567,-11,11,-1588,-1588,-1,-1,0
5568,26,10,-1583,-1583,-1,-1,0
5569,78,9,-1560,-1560,0,-1,0
5570,217,13,0,0,-1,-1,0
5571,329,22,1544,1544,-1,-2,0
5572,372,32,1589,1589,0,0,0
5573,359,43,1584,1584,-1,-1,0
5574,314,52,1574,1574,-1,0,0
5575,271,59,1573,1573,0,0,0
5576,230,66,1580,1580,1,0,0
5577,188,71,1572,1572,0,0,0
5578,142,75,1570,1570,1,0,0
5579,94,77,1562,1562,0,1,0
5580,48,77,1552,1552,1,0,0
5581,26,77,1551,1551,0,1,0
5582,30,77,1570,1570,1,1,0
5583,51,80,1589,1589,0,1,0
5584,-67,79,1545,1545,2,0,0
5585,-212,71,-1529,-1529,0,1,0
5586,-266,61,-1553,-1553,1,1,0
5587,-232,52,-1545,-1545,0,1,0
5588,-154,46,-1513,-1513,1,0,0
5589,-112,41,-1508,-1508,0,0,0
5590,-42,37,1515,1515,0,0,0
5591,25,36,1538,1538,0,0,0
5592,87,37,1564,1564,0,0,0
5593,112,40,1583,1583,0,1,0
5594,70,42,1560,1560,0,0,0
5595,5,43,1524,1524,0,0,0
5596,-52,40,1501,1501,1,0,0
5597,-79,37,-1501,-1501,1,1,0
5598,-102,33,-1521,-1521,0,0,0
5599,-111,29,-1535,-1535,0,0,0
5600,-87,24,-1524,-1524,0,1,0
5601,-9,22,1504,1504,0,0,0
5602,66,22,1526,1526,0,-1,0
5603,87,24,1545,1545,0,1,0
5604,61,26,1531,1531,0,0,0
5605,15,26,1506,1506,0,0,0
5606,-6,25,-1508,-1508,0,0,0
5607,11,24,1508,1508,0,1,0
5608,-5,24,-1504,-1504,0,0,0
5609,-35,21,-1524,-1524,0,0,0
5610,14,20,-1504,-1504,0,0,0
5611,22,20,-1502,-1502,0,0,0
5612,14,19,-1518,-1518,-1,0,0
5613,44,19,-1513,-1513,0,-1,0
5614,44,20,-1522,-1522,-1,0,0
5615,38,20,-1521,-1521,0,0,0
5616,38,21,-1528,-1528,0,-1,0
5617,31,21,-1537,-1537,-1,0,0
5618,20,21,-1549,-1549,0,-1,0
5619,14,20,-1546,-1546,0,0,0
5620,11,20,-1554,-1554,-1,0,0
5621,10,19,-1560,-1560,0,-1,0
5622,12,18,-1573,-1573,-1,-1,0
5623,53,18,-1565,-1565,-1,-1,0
5624,94,18,-1556,-1556,-1,-1,0
5625,224,21,1511,1511,0,-1,0
5626,368,32,1582,1582,-1,-1,0
5627,373,42,1597,1597,0,-1,0
5628,343,52,1594,1594,-1,0,0
5629,308,61,1597,1597,0,0,0
5630,272,68,1596,1596,0,0,0
5631,234,75,1603,1603,1,0,0
5632,195,80,1605,1605,0,1,0
5633,132,85,1602,1602,1,1,0
5634,46,86,1571,1571,0,1,0
5635,-48,87,1534,1534,1,0,0
5636,-160,80,-1509,-1509,1,1,0
5637,-114,74,1521,1521,1,1,0
5638,-97,72,1528,1528,0,1,0
5639,-233,62,-1533,-1533,1,1,0
5640,-222,54,-1546,-1546,0,0,0
5641,-148,50,-1522,-1522,0,0,0
5642,-141,43,-1524,-1524,1,0,0
5643,-65,39,1502,1502,0,0,0
5644,-29,36,1509,1509,0,0,0
5645,25,34,1539,1539,0,1,0
5646,111,37,1577,1577,0,0,0
5647,90,40,1565,1565,0,0,0
5648,-14,40,1511,1511,0,0,0
5649,-76,37,-1505,-1505,1,1,0
5650,-64,34,1501,1501,1,0,0
5651,-116,30,-1525,-1525,0,1,0
5652,-126,24,-1542,-1542,0,0,0
5653,-34,22,-1506,-1506,0,0,0
5654,0,21,1504,1504,0,0,0
5655,-1,19,-1503,-1503,0,0,0
5656,63,19,1525,1525,0,0,0
5657,78,22,1531,1531,0,0,0
5658,27,22,-1505,-1505,-1,0,0
5659,9,21,-1505,-1505,1,0,0
5660,26,22,-1509,-1509,-1,0,0
5661,1,20,-1522,-1522,0,0,0
5662,24,19,-1512,-1512,0,0,0
5663,50,20,1501,1501,0,0,0
5664,45,20,-1511,-1511,-1,0,0
5665,43,21,-1521,-1521,0,-1,0
5666,45,21,-1516,-1516,0,0,0
5667,31,21,-1520,-1520,0,0,0
5668,15,21,-1527,-1527,0,0,0
5669,13,21,-1536,-1536,0,-1,0
5670,14,20,-1533,-1533,0,0,0
5671,8,19,-1534,-1534,0,0,0
5672,0,19,-1556,-1556,-1,-1,0
5673,-2,18,-1553,-1553,0,0,0
5674,-2,17,-1550,-1550,0,0,0
5675,-7,16,-1560,-1560,0,-1,0
5676,-9,13,-1579,-1579,0,-2,0
5677,14,12,-1573,-1573,-1,0,0
5678,61,10,-1554,-1554,0,-1,0
5679,176,14,-1518,-1518,-2,-1,0
5680,232,20,1506,1506,0,-2,0
5681,214,26,1506,1506,-1,0,0
5682,217,31,1514,1514,0,-1,0
5683,289,39,1567,1567,0,0,0
5684,280,47,1571,1571,0,-1,0
5685,230,54,1563,1563,0,0,0
5686,179,59,1551,1551,0,0,0
5687,129,62,1538,1538,0,0,0
5688,80,64,1522,1522,0,0,0
5689,34,64,1524,1524,1,1,0
5690,18,63,1516,1516,0,0,0
5691,26,63,1541,1541,2,0,0
5692,35,63,1553,1553,0,1,0
5693,30,63,1557,1557,1,0,0
5694,-6,62,1545,1545,0,1,0
5695,-96,58,1511,1511,1,1,0
5696,-116,53,-1501,-1501,0,1,0
5697,-77,53,1520,1520,1,0,0
5698,-225,46,-1545,-1545,1,1,0
5699,-299,35,-1602,-1602,0,0,0
5700,-192,27,-1546,-1546,1,1,0
5701,-146,22,-1548,-1548,-1,0,0
5702,-115,16,-1556,-1556,0,-1,0
5703,-6,14,-1512,-1512,0,0,0
5704,71,14,1503,1503,-1,-1,0
5705,92,16,1505,1505,-1,0,0
5706,74,17,-1501,-1501,0,0,0
5707,71,18,0,0,0,0,0
5708,65,19,-1511,-1511,0,-1,0
5709,64,20,-1508,-1508,0,0,0
5710,95,22,1511,1511,0,0,0
5711,86,24,-1501,-1501,0,-1,0
5712,64,25,-1508,-1508,0,0,0
5713,72,26,1501,1501,0,0,0
5714,49,27,-1507,-1507,0,0,0
5715,27,27,-1516,-1516,0,0,0
5716,41,27,-1508,-1508,0,0,0
5717,38,27,-1507,-1507,0,0,0
5718,24,27,-1513,-1513,0,0,0
5719,31,27,-1509,-1509,0,0,0
5720,40,27,-1505,-1505,0,0,0
5721,48,27,0,0,0,0,0
5722,51,28,1503,1503,0,0,0
5723,44,28,0,0,0,0,0
5724,49,29,1503,1503,0,0,0
5725,35,29,-1502,-1502,0,0,0
5726,17,28,-1502,-1502,1,0,0
5727,33,28,1515,1515,0,1,0
5728,38,29,1515,1515,0,0,0
5729,29,28,1508,1508,0,0,0
5730,37,28,1520,1520,1,0,0
5731,42,29,1530,1530,0,1,0
5732,35,29,1521,1521,0,0,0
5733,33,29,1517,1517,0,0,0
5734,40,29,1538,1538,1,1,0
5735,15,29,1520,1520,0,0,0
5736,-33,27,1501,1501,0,1,0
5737,-11,25,1514,1514,0,1,0
5738,27,27,1538,1538,0,1,0
5739,-78,25,-1521,-1521,0,0,0
5740,-109,19,-1546,-1546,0,0,0
5741,-28,18,-1504,-1504,0,1,0
5742,-56,15,-1535,-1535,-1,0,0
5743,-55,11,-1542,-1542,0,0,0
5744,8,10,-1536,-1536,-1,-1,0
5745,45,10,-1526,-1526,-1,0,0
5746,28,11,-1532,-1532,0,0,0
5747,10,10,-1549,-1549,-1,0,0
5748,12,10,-1556,-1556,0,-1,0
5749,11,9,-1573,-1573,-1,-1,0
5750,15,8,-1575,-1575,0,-1,0
5751,35,9,-1588,-1588,-2,-1,0
5752,56,8,-1568,-1568,0,0,0
5753,166,9,-1524,-1524,-1,-1,0
5754,313,16,1533,1533,-1,-2,0
5755,398,27,1578,1578,-1,-1,0
5756,366,38,1578,1578,-1,0,0
5757,363,48,1599,1599,0,0,0
5758,341,57,1600,1600,0,-1,0
5759,302,66,1600,1600,0,0,0
5760,264,73,1608,1608,0,1,0
5761,221,79,1600,1600,0,0,0
5762,165,85,1604,1604,2,0,0
5763,74,86,1572,1572,0,1,0
5764,32,88,1574,1574,1,1,0
5765,-42,88,1555,1555,1,1,0
5766,-150,82,1501,1501,0,1,0
5767,-189,74,-1511,-1511,2,0,0
5768,-258,65,-1552,-1552,0,1,0
5769,-262,57,-1550,-1550,1,1,0
5770,-247,47,-1563,-1563,0,0,0
5771,-146,40,-1530,-1530,0,0,0
5772,-30,37,1515,1515,0,0,0
5773,48,37,1546,1546,0,0,0
5774,81,38,1558,1558,0,0,0
5775,118,40,1573,1573,0,0,0
5776,107,43,1577,1577,1,0,0
5777,50,44,1546,1546,0,0,0
5778,27,44,1541,1541,0,1,0
5779,25,44,1545,1545,1,0,0
5780,-9,44,1542,1542,1,1,0
5781,-84,42,-1502,-1502,0,0,0
5782,-127,36,-1516,-1516,1,1,0
5783,-82,33,-1506,-1506,0,0,0
5784,-94,28,-1522,-1522,0,0,0
5785,-40,25,-1506,-1506,0,0,0
5786,73,26,1534,1534,-1,0,0
5787,116,28,1554,1554,0,0,0
5788,95,31,1544,1544,0,0,0
5789,72,32,1532,1532,0,0,0
5790,53,33,1523,1523,0,0,0
5791,12,34,1512,1512,0,1,0
5792,-32,32,-1504,-1504,0,1,0
5793,-3,30,1506,1506,0,0,0
5794,-3,31,1502,1502,0,0,0
5795,-56,27,-1518,-1518,0,1,0
5796,-10,25,-1503,-1503,0,0,0
5797,14,26,1507,1507,0,0,0
5798,-42,23,-1526,-1526,0,0,0
5799,-4,20,-1512,-1512,0,0,0
5800,57,21,1516,1516,0,0,0
5801,37,23,1505,1505,0,0,0
5802,3,21,-1513,-1513,0,0,0
5803,28,21,-1512,-1512,-1,0,0
5804,31,22,-1509,-1509,0,0,0
5805,-18,20,-1534,-1534,0,0,0
5806,-4,19,-1538,-1538,0,-1,0
5807,33,19,-1529,-1529,-1,0,0
5808,25,19,-1529,-1529,0,0,0
5809,4,18,-1548,-1548,0,-1,0
5810,-3,17,-1548,-1548,0,0,0
5811,1,16,-1564,-1564,-1,-1,0
5812,-1,16,-1559,-1559,0,0,0
5813,-18,14,-1574,-1574,0,-1,0
5814,-24,12,-1584,-1584,-1,0,0
5815,-2,10,-1578,-1578,0,-1,0
5816,37,10,-1583,-1583,-1,-2,0
5817,85,9,-1571,-1571,-1,-1,0
5818,229,13,1505,1505,-1,0,0
5819,346,23,1561,1561,0,-2,0
5820,341,33,1561,1561,-1,-1,0
5821,315,42,1571,1571,0,0,0
5822,280,49,1563,1563,0,-1,0
5823,240,56,1562,1562,0,0,0
5824,201,62,1568,1568,0,1,0
5825,158,66,1558,1558,0,0,0
5826,109,69,1552,1552,1,0,0
5827,61,70,1543,1543,0,1,0
5828,14,70,1532,1532,0,1,0
5829,-11,68,1537,1537,1,1,0
5830,15,70,1547,1547,0,0,0
5831,-83,68,1526,1526,2,1,0
5832,-193,60,-1541,-1541,0,0,0
5833,-178,53,-1527,-1527,1,1,0
5834,-220,45,-1555,-1555,0,1,0
5835,-201,36,-1561,-1561,0,0,0
5836,-90,31,-1519,-1519,0,0,0
5837,9,30,1520,1520,0,0,0
5838,67,31,1534,1534,0,-1,0
5839,75,33,1536,1536,0,0,0
5840,50,33,1523,1523,0,0,0
5841,34,33,1533,1533,1,1,0
5842,29,33,1526,1526,0,0,0
5843,-16,32,-1501,-1501,0,0,0
5844,-37,30,1504,1504,1,1,0
5845,-63,29,-1504,-1504,1,0,0
5846,-116,23,-1541,-1541,0,0,0
5847,-51,20,-1519,-1519,0,0,0
5848,-4,18,-1503,-1503,0,0,0
5849,45,19,1506,1506,0,-1,0
5850,82,21,1514,1514,-1,0,0
5851,60,22,1505,1505,0,0,0
5852,34,22,-1507,-1507,0,0,0
5853,30,21,-1509,-1509,0,0,0
5854,31,22,-1508,-1508,0,0,0
5855,26,21,-1511,-1511,0,0,0
5856,33,21,-1518,-1518,0,-1,0
5857,35,22,-1525,-1525,-1,0,0
5858,23,21,-1539,-1539,0,-1,0
5859,17,21,-1538,-1538,0,0,0
5860,27,21,-1539,-1539,0,-1,0
5861,28,21,-1545,-1545,-1,0,0
5862,25,20,-1552,-1552,0,-1,0
5863,52,18,-1545,-1545,0,-1,0
5864,145,20,-1501,-1501,0,-1,0
5865,192,26,1514,1514,-1,-1,0
5866,150,30,1507,1507,0,0,0
5867,152,32,1507,1507,0,-1,0
5868,208,38,1547,1547,0,0,0
5869,196,44,1544,1544,0,-1,0
5870,154,49,1536,1536,0,0,0
5871,106,52,1521,1521,0,0,0
5872,58,53,1525,1525,1,1,0
5873,32,52,1513,1513,0,0,0
5874,42,52,1528,1528,1,0,0
5875,57,53,1545,1545,0,1,0
5876,65,54,1568,1568,2,0,0
5877,61,55,1562,1562,0,0,0
5878,-5,55,1546,1546,1,1,0
5879,-135,49,-1528,-1528,0,0,0
5880,-90,44,1503,1503,1,1,0
5881,-16,45,1540,1540,0,1,0
5882,-79,41,1508,1508,0,1,0
5883,-67,38,1504,1504,0,0,0
5884,-40,38,1529,1529,1,1,0
5885,-137,33,-1520,-1520,1,0,0
5886,-165,26,-1539,-1539,0,1,0
5887,-113,22,-1529,-1529,0,0,0
5888,-98,17,-1523,-1523,0,1,0
5889,-44,14,-1527,-1527,-1,-1,0
5890,37,13,1506,1506,0,0,0
5891,70,14,1510,1510,-1,0,0
5892,77,16,1514,1514,0,0,0
5893,61,17,-1504,-1504,0,-1,0
5894,37,17,-1514,-1514,0,0,0
5895,25,17,-1519,-1519,0,0,0
5896,20,17,-1522,-1522,0,0,0
5897,21,16,-1520,-1520,0,0,0
5898,23,16,-1539,-1539,-1,-1,0
5899,19,16,-1538,-1538,0,0,0
5900,11,15,-1549,-1549,0,-1,0
5901,11,15,-1566,-1566,-1,-1,0
5902,27,13,-1573,-1573,-1,-1,0
5903,76,13,-1551,-1551,-1,0,0
5904,158,16,-1520,-1520,-1,-1,0
5905,198,22,1515,1515,0,0,0
5906,208,26,1513,1513,-1,-1,0
5907,309,33,1568,1568,0,-1,0
5908,366,44,1596,1596,-1,-1,0
5909,326,54,1598,1598,0,0,0
5910,282,62,1605,1605,1,0,0
5911,239,69,1598,1598,0,0,0
5912,198,74,1598,1598,0,1,0
5913,152,78,1594,1594,1,0,0
5914,60,80,1562,1562,0,1,0
5915,-92,75,1504,1504,1,1,0
5916,-131,69,-1515,-1515,1,0,0
5917,-44,68,1542,1542,1,1,0
5918,-86,65,1521,1521,1,0,0
5919,-146,60,-1509,-1509,0,1,0
5920,-118,56,1503,1503,0,1,0
5921,-128,52,-1504,-1504,0,1,0
5922,-170,45,-1530,-1530,1,0,0
5923,-119,39,-1519,-1519,0,0,0
5924,-26,37,1507,1507,-1,0,0
5925,17,36,1531,1531,0,1,0
5926,46,35,1540,1540,0,0,0
5927,75,36,1551,1551,0,0,0
5928,87,38,1555,1555,0,0,0
5929,63,40,1541,1541,0,0,0
5930,40,41,1528,1528,0,0,0
5931,13,40,1513,1513,0,0,0
5932,11,39,1529,1529,1,1,0
5933,-12,38,1512,1512,0,0,0
5934,-44,36,-1510,-1510,0,0,0
5935,-8,35,1514,1514,0,1,0
5936,-8,34,1509,1509,0,0,0
5937,-28,31,-1508,-1508,0,0,0
5938,54,31,1529,1529,0,0,0
5939,74,34,1538,1538,0,0,0
5940,-20,31,-1512,-1512,0,0,0
5941,33,31,1512,1512,0,0,0
5942,78,34,1535,1535,0,0,0
5943,2,32,-1504,-1504,0,0,0
5944,14,31,-1501,-1501,0,0,0
5945,62,33,1524,1524,0,0,0
5946,5,32,-1506,-1506,0,0,0
5947,19,30,-1502,-1502,0,0,0
5948,69,32,1514,1514,-1,0,0
5949,45,33,1504,1504,0,0,0
5950,11,32,-1512,-1512,0,0,0
5951,25,32,-1505,-1505,0,0,0
5952,39,32,-1507,-1507,0,-1,0
5953,16,32,-1517,-1517,0,0,0
5954,10,31,-1528,-1528,-1,0,0
5955,24,31,-1529,-1529,0,-1,0
5956,20,31,-1537,-1537,-1,0,0
5957,3,30,-1561,-1561,-1,-1,0
5958,6,29,-1552,-1552,0,0,0
5959,10,29,-1565,-1565,-1,-1,0
5960,32,28,-1567,-1567,0,-2,0
5961,75,27,-1547,-1547,-1,0,0
5962,196,30,1504,1504,-1,-1,0
5963,327,40,1568,1568,-1,-1,0
5964,306,48,1578,1578,0,0,0
5965,282,56,1575,1575,0,-1,0
5966,271,63,1578,1578,-1,0,0
5967,236,70,1587,1587,1,0,0
5968,197,75,1581,1581,0,0,0
5969,155,80,1581,1581,0,1,0
5970,109,83,1586,1586,2,0,0
5971,71,83,1577,1577,0,1,0
5972,61,84,1581,1581,1,0,0
5973,56,85,1587,1587,0,1,0
5974,-3,85,1565,1565,1,0,0
5975,-151,79,1523,1523,2,2,0
5976,-184,75,1513,1513,1,1,0
5977,-260,68,-1542,-1542,0,0,0
5978,-328,56,-1575,-1575,1,1,0
5979,-311,45,-1580,-1580,0,1,0
5980,-271,35,-1582,-1582,0,0,0
5981,-165,28,-1547,-1547,0,0,0
5982,-43,24,1501,1501,0,0,0
5983,49,24,1538,1538,0,0,0
5984,85,25,1541,1541,0,-1,0
5985,101,27,1548,1548,0,0,0
5986,80,29,1536,1536,0,0,0
5987,52,30,1532,1532,0,1,0
5988,36,30,1521,1521,0,0,0
5989,23,30,1512,1512,0,0,0
5990,-4,29,1515,1515,1,1,0
5991,7,28,1524,1524,1,0,0
5992,12,28,1530,1530,0,1,0
5993,-11,26,1512,1512,0,0,0
5994,-11,25,1505,1505,0,0,0
5995,-34,27,1501,1501,0,1,0
5996,-161,21,-1561,-1561,1,0,0
5997,-157,14,-1561,-1561,0,1,0
5998,-122,9,-1555,-1555,0,0,0
5999,-106,5,-1568,-1568,-1,0,0
6000,-48,2,-1546,-1546,0,0,0
6001,16,0,-1520,-1520,0,0,0
6002,46,1,-1507,-1507,0,0,0
6003,25,2,-1538,-1538,-1,-1,0
6004,-16,1,-1566,-1566,-1,0,0
6005,-37,-1,-1585,-1585,0,-1,0
6006,-29,-2,-1589,-1589,-1,0,0
6007,-23,-4,-1592,-1592,-1,0,0
6008,-42,-6,-1619,-1619,-1,-1,0
6009,-40,-9,-1643,-1643,-1,-2,0
6010,32,-10,-1619,-1619,-1,-1,0
6011,191,-10,-1550,-1550,-1,-1,0
6012,418,1,1544,1544,-2,-2,0
6013,463,15,1576,1576,-1,-1,0
6014,405,26,1567,1567,-1,0,0
6015,373,37,1569,1569,0,-1,0
6016,349,47,1572,1572,-1,0,0
6017,309,55,1566,1566,0,-1,0
6018,266,63,1567,1567,0,0,0
6019,222,69,1573,1573,0,1,0
6020,177,74,1564,1564,0,0,0
6021,124,77,1558,1558,1,0,0
6022,70,79,1548,1548,0,1,0
6023,2,77,1526,1526,1,0,0
6024,-10,75,1518,1518,0,0,0
6025,6,77,1538,1538,0,1,0
6026,-89,74,-1502,-1502,1,0,0
6027,-142,68,-1525,-1525,0,1,0
6028,-138,62,-1513,-1513,1,1,0
6029,-147,55,-1529,-1529,0,0,0
6030,-97,51,-1516,-1516,0,0,0
6031,-29,48,-1501,-1501,-1,0,0
6032,50,48,1535,1535,0,0,0
6033,90,49,1554,1554,0,0,0
6034,76,51,1547,1547,0,0,0
6035,57,51,1547,1547,0,1,0
6036,50,53,1543,1543,0,0,0
6037,28,53,1529,1529,0,0,0
6038,28,52,1536,1536,1,0,0
6039,33,52,1556,1556,1,1,0
6040,-3,52,1533,1533,0,0,0
6041,-66,48,1504,1504,1,0,0
6042,-57,45,0,0,0,0,0
6043,-44,43,1509,1509,0,1,0
6044,-69,39,-1501,-1501,1,0,0
6045,-52,36,-1503,-1503,0,0,0
6046,-9,35,1523,1523,1,0,0
6047,-28,33,1505,1505,0,0,0
6048,24,31,1534,1534,1,0,0
6049,89,34,1561,1561,0,0,0
6050,52,35,1539,1539,0,0,0
6051,23,35,1531,1531,0,1,0
6052,34,35,1532,1532,0,0,0
6053,9,35,1525,1525,1,0,0
6054,-2,33,1514,1514,0,0,0
6055,16,34,1529,1529,0,1,0
6056,1,33,1516,1516,0,0,0
6057,-9,31,1506,1506,0,0,0
6058,6,31,1519,1519,0,1,0
6059,-12,30,1504,1504,0,0,0
6060,-27,28,1501,1501,0,1,0
6061,-19,27,1510,1510,0,1,0
6062,-34,25,-1505,-1505,0,0,0
6063,-50,23,-1509,-1509,0,1,0
6064,-48,20,-1516,-1516,0,0,0
6065,-42,17,-1531,-1531,-1,0,0
6066,1,15,-1515,-1515,0,0,0
6067,28,15,-1504,-1504,0,0,0
6068,38,15,-1520,-1520,-2,0,0
6069,55,16,-1511,-1511,0,0,0
6070,68,17,-1511,-1511,0,-1,0
6071,66,18,-1518,-1518,-1,0,0
6072,53,19,-1521,-1521,0,0,0
6073,52,19,-1537,-1537,-1,-1,0
6074,70,20,-1531,-1531,0,-1,0
6075,77,22,-1530,-1530,-1,0,0
6076,72,23,-1545,-1545,-1,-1,0
6077,119,25,-1511,-1511,0,0,0
6078,185,30,1513,1513,-1,-1,0
6079,182,34,1525,1525,0,0,0
6080,159,38,1506,1506,-1,-1,0
6081,176,42,1518,1518,0,-1,0
6082,160,46,1523,1523,0,0,0
6083,122,49,1517,1517,0,0,0
6084,83,50,1505,1505,0,0,0
6085,52,51,-1503,-1503,0,0,0
6086,60,51,1516,1516,1,0,0
6087,88,53,1533,1533,0,0,0
6088,86,55,1547,1547,0,1,0
6089,60,56,1536,1536,0,0,0
6090,45,56,1529,1529,0,0,0
6091,47,57,1540,1540,1,0,0
6092,52,58,1552,1552,0,1,0
6093,40,58,1554,1554,1,0,0
6094,28,59,1565,1565,1,1,0
6095,-23,58,1534,1534,0,0,0
6096,-62,54,1515,1515,1,0,0
6097,-35,53,1540,1540,1,1,0
6098,-102,51,-1501,-1501,0,0,0
6099,-243,41,-1555,-1555,2,1,0
6100,-231,33,-1558,-1558,0,1,0
6101,-185,26,-1542,-1542,1,0,0
6102,-155,19,-1545,-1545,0,0,0
6103,-51,15,-1507,-1507,0,0,0
6104,46,15,1523,1523,-1,0,0
6105,70,17,1521,1521,0,-1,0
6106,47,18,1519,1519,0,1,0
6107,25,18,1505,1505,0,0,0
6108,19,18,-1501,-1501,0,0,0
6109,-3,18,-1514,-1514,0,0,0
6110,-44,15,-1538,-1538,0,0,0
6111,-21,12,-1531,-1531,0,0,0
6112,21,12,-1523,-1523,-1,0,0
6113,18,12,-1524,-1524,0,0,0
6114,15,11,-1546,-1546,-1,-1,0
6115,23,11,-1539,-1539,0,0,0
6116,16,11,-1550,-1550,0,-1,0
6117,-9,10,-1569,-1569,-1,0,0
6118,-19,9,-1579,-1579,0,-1,0
6119,-14,7,-1583,-1583,-1,0,0
6120,-13,6,-1587,-1587,0,-1,0
6121,-10,4,-1600,-1600,-1,-1,0
6122,21,3,-1599,-1599,-1,-1,0
6123,96,2,-1573,-1573,-1,-1,0
6124,298,8,1522,1522,-1,-1,0
6125,407,20,1579,1579,0,-2,0
6126,384,31,1562,1562,-2,-1,0
6127,370,41,1582,1582,0,0,0
6128,337,51,1589,1589,0,0,0
6129,294,59,1588,1588,0,0,0
6130,249,66,1583,1583,0,0,0
6131,205,71,1575,1575,0,0,0
6132,156,76,1573,1573,1,0,0
6133,83,79,1565,1565,1,1,0
6134,3,77,1536,1536,1,0,0
6135,14,78,1549,1549,0,1,0
6136,-20,79,1552,1552,1,1,0
6137,-129,73,-1501,-1501,0,1,0
6138,-156,67,-1506,-1506,2,0,0
6139,-214,59,-1539,-1539,0,1,0
6140,-237,51,-1566,-1566,0,0,0
6141,-191,42,-1559,-1559,0,0,0
6142,-83,37,-1518,-1518,0,0,0
6143,32,36,1530,1530,0,0,0
6144,110,39,1556,1556,0,-1,0
6145,94,41,1549,1549,0,0,0
6146,60,42,1532,1532,0,0,0
6147,53,42,1527,1527,0,0,0
6148,68,43,1534,1534,0,0,0
6149,78,44,1539,1539,0,0,0
6150,73,45,1548,1548,1,0,0
6151,73,46,1556,1556,0,1,0
6152,58,48,1557,1557,1,0,0
6153,-26,46,1509,1509,0,0,0
6154,-42,43,1516,1516,1,1,0
6155,-5,43,1537,1537,1,0,0
6156,-78,42,1513,1513,1,1,0
6157,-160,34,-1541,-1541,0,0,0
6158,-81,30,-1514,-1514,0,0,0
6159,-58,29,1508,1508,1,1,0
6160,-104,24,-1526,-1526,0,0,0
6161,-17,20,1505,1505,0,0,0
6162,105,23,1550,1550,-1,0,0
6163,129,26,1562,1562,0,0,0
6164,82,28,1538,1538,0,0,0
6165,51,29,1532,1532,1,0,0
6166,22,30,1515,1515,0,0,0
6167,-28,28,-1514,-1514,0,0,0
6168,-29,26,-1509,-1509,0,1,0
6169,-31,25,-1514,-1514,0,0,0
6170,-48,21,-1538,-1538,-1,0,0
6171,25,20,-1506,-1506,0,0,0
6172,75,21,1519,1519,0,0,0
6173,67,23,1505,1505,-1,0,0
6174,29,23,-1512,-1512,0,0,0
6175,16,23,-1518,-1518,0,0,0
6176,25,23,-1522,-1522,-1,0,0
6177,19,22,-1543,-1543,-1,-1,0
6178,12,22,-1542,-1542,0,0,0
6179,13,21,-1538,-1538,0,0,0
6180,10,21,-1547,-1547,-1,0,0
6181,18,20,-1549,-1549,0,-1,0
6182,26,20,-1550,-1550,-1,0,0
6183,28,20,-1564,-1564,0,-2,0
6184,44,20,-1558,-1558,-1,0,0
6185,105,21,-1538,-1538,-1,-1,0
6186,163,23,-1508,-1508,0,-1,0
6187,237,27,1521,1521,-1,-1,0
6188,338,37,1579,1579,0,-1,0
6189,343,46,1593,1593,-1,0,0
6190,339,56,1601,1601,0,-1,0
6191,309,64,1605,1605,0,0,0
6192,272,72,1604,1604,0,0,0
6193,234,78,1610,1610,0,1,0
6194,188,85,1609,1609,1,0,0
6195,99,88,1581,1581,0,1,0
6196,26,90,1569,1569,1,1,0
6197,-91,87,1527,1527,1,1,0
6198,-135,81,1514,1514,1,1,0
6199,-103,77,1538,1538,1,1,0
6200,-205,71,-1515,-1515,0,1,0
6201,-318,59,-1571,-1571,1,1,0
6202,-246,51,-1546,-1546,1,0,0
6203,-199,43,-1531,-1531,1,0,0
6204,-152,36,-1525,-1525,0,0,0
6205,-100,31,-1515,-1515,0,0,0
6206,0,29,1523,1523,0,0,0
6207,92,31,1564,1564,0,0,0
6208,100,33,1565,1565,0,0,0
6209,76,35,1550,1550,0,0,0
6210,53,35,1545,1545,0,1,0
6211,32,37,1533,1533,0,0,0
6212,-52,36,-1513,-1513,0,0,0
6213,-103,30,-1535,-1535,0,1,0
6214,-50,28,-1517,-1517,0,0,0
6215,-61,25,-1528,-1528,0,0,0
6216,-18,22,-1515,-1515,0,0,0
6217,63,23,1513,1513,-1,0,0
6218,60,24,1502,1502,-1,0,0
6219,25,24,-1514,-1514,0,0,0
6220,29,23,-1512,-1512,0,0,0
6221,41,25,-1503,-1503,0,0,0
6222,0,23,-1524,-1524,0,0,0
6223,12,22,-1529,-1529,0,-1,0
6224,38,23,-1514,-1514,0,0,0
6225,29,23,-1516,-1516,0,0,0
6226,25,23,-1527,-1527,0,-1,0
6227,23,23,-1525,-1525,0,0,0
6228,11,22,-1540,-1540,-1,0,0
6229,2,21,-1551,-1551,0,-1,0
6230,0,20,-1549,-1549,0,0,0
6231,5,19,-1563,-1563,0,-2,0
6232,7,18,-1558,-1558,0,0,0
6233,34,16,-1561,-1561,-1,-1,0
6234,99,15,-1533,-1533,0,-1,0
6235,213,21,1526,1526,0,-1,0
6236,235,28,1531,1531,-1,-1,0
6237,213,34,1516,1516,-1,-1,0
6238,198,39,1525,1525,0,0,0
6239,176,44,1529,1529,0,0,0
6240,131,48,1519,1519,0,0,0
6241,80,50,1514,1514,1,0,0
6242,27,51,1503,1503,1,0,0
6243,-5,49,-1512,-1512,0,0,0
6244,8,48,-1506,-1506,0,0,0
6245,29,48,1506,1506,0,0,0
6246,17,47,1510,1510,1,0,0
6247,8,46,1504,1504,0,0,0
6248,30,46,1514,1514,0,0,0
6249,33,46,1516,1516,0,0,0
6250,19,45,1517,1517,1,0,0
6251,22,44,1516,1516,0,0,0
6252,39,45,1543,1543,1,1,0
6253,38,45,1548,1548,1,0,0
6254,4,45,1537,1537,0,1,0
6255,-86,40,150