:020000040800F2
:10000000C856002049010008654400086D32000808
:10001000014400085916000841790008000000005A
:10002000000000000000000000000000B55B0008B8
:10003000FD220008000000004F4F00080D6100087D
:100040006301000863010008630100086301000800
:1000500063010008630100086301000863010008F0
:1000600063010008630100086301000863010008E0
:1000700063010008630100086301000863010008D0
:1000800063010008630100086301000863010008C0
:1000900063010008630100086301000863010008B0
:1000A00063010008630100086301000863010008A0
:1000B000C563000831640008456400086301000856
:1000C0006301000863010008630100086301000880
:1000D0006301000841750008817500088D760008ED
:1000E000A5230008630100086301000863010008FC
:1000F0006301000863010008630100086301000850
:10010000630100086301000863010008630100083F
:1001100063010008057500085964000863010008C0
:10012000630100086301000863010008630100081F
:10013000DFF810D000F006FE004800479DB9000827
:10014000AFF30080C85600200648804706480047A5
:10015000FEE7FEE7FEE7FEE7FEE7FEE7FEE7FEE777
:10016000FEE7FEE711610008310100082DE9F041CA
:100170000024061B254671F1000605DA012400273C
:10018000D0EB070067EB0101161E73F1000605DADC
:100190000027D2EB0702012567EB030300F0F6FB13
:1001A00086460E4617469C46AC4204D00025D0EB4E
:1001B000050E65EB010624B10020D2EB000760EBD1
:1001C000030C704631463A466346BDE8F08140EA8A
:1001D00001039B0703D009E008C9121F08C0042AC5
:1001E000FAD203E011F8013B00F8013B521EF9D2AC
:1001F0007047D2B201E000F8012B491EFBD27047D4
:100200000022F6E710B513460A4604461946FFF7E2
:10021000F0FF204610BD421E12F8013F002BFBD11B
:1002200011F8013B02F8013B002BF9D17047421C49
:1002300010F8011B0029FBD1801A704710B500226D
:1002400000E0521C835C8C5CA34201D1002BF8D1EE
:10025000D8B2E1B2401A10BD30B5044600200346C2
:1002600000E05B1C934203D2E05CCD5C401BF8D005
:1002700030BDF0B480EA0102D40F4200B2EB410F6E
:1002800002D20246084611464A0042D0C30DDDB2F2
:10029000C1F3C752AD1A202D35DAC1F3160141F46E
:1002A000000204B15242C5F1200602FA06F12A41C9
:1002B0001044B3EBD05F23D0C4B1012DA0EBC350E9
:1002C00009DCF0BC4FF0004202EAC352DBB200F599
:1002D000000000F014BC400000F1807000EBC3503F
:1002E000A0F1807040EAD170490009E0490841EA74
:1002F000C071A0EBC35000F50000400800EBC350F4
:10030000F0BC00F0F3BB6142012202EB4101001B93
:10031000F6E7F0BC704781F00041AAE780F00040AA
:10032000A7E780EA010210B502F00043400022D0A6
:100330004A001FD0010E01EB1261C0F35600C2F358
:10034000560240F4000042F40002A0FB0220000428
:100350007F39140400D0401C50EA124001D4400000
:10036000491EC2B20C0604EBD010401C4008802A83
:1003700002D003E0002010BD20F00100002900DAC7
:100380000020184310BD30B480EA010202F000459D
:1003900030F0004221F0004013D090B1C30DD40DD5
:1003A000C2F31601C0F31600E41A41F4000140F450
:1003B00000027D34914201D3641C00E04900002C0E
:1003C00002DA30BC002070474FF400000023914255
:1003D00001D3891A034340084FEA4101F7D151B1D3
:1003E000914202D14FF0004105E002D24FF00101ED
:1003F00001E06FF0010103EBC450284430BC00F071
:1004000075BB420005D0C0F3C7525242914201DC95
:100410000020704700EBC15070472DE9FE4F804629
:1004200081EA0300C00F0C46009021F0004123F048
:100430000045B8EB0200A94105D24046214690464E
:100440001C460B46024623F00040104347D0270DC0
:10045000C7F30A00C3F30A510290401A01904028E2
:100460006BDAC3F3130040F4801B0098924620B16E
:100470000023D2EB030A63EB0B0B01985946C0F142
:100480004002504600F0B3FA06460D465046594623
:10049000019A00F0CBFA10EB08006141002487EAD2
:1004A000115284EAE7731A4340D0009A62B3019A6A
:1004B000012A4FEA075215DC001B61EB02014FF0E5
:1004C000004202EA0752CDE90042001C41F58011CA
:1004D00032462B4600F07FFB03B0BDE8F08F40466C
:1004E0002146F9E7001B61EB0201001C41F5801376
:1004F00000185B412018A2F5001747EB030140EA02
:10050000D570B6196D4111E06D084FEA360645EA1F
:10051000C0754FEA0752001B61EB0201001C41F558
:10052000801149084FEA30000019514132462B46EC
:1005300003B0BDE8F04F00F03FBB0098012240003F
:100540000023D0EB020263EBE073009821464FEAF0
:10055000E074B8EB000061EB0401E9E783F00043CD
:100560005BE781F0004158E72DE9FE4F81EA030483
:1005700004F0004421F0004100944FF0000B23F000
:10058000004350EA01045ED052EA03045BD0C3F397
:100590000A54C1F30A552C44A4F2F3340194A0FB8D
:1005A0000254C1F3130141F48011C3F3130343F464
:1005B000801301FB024400FB034E840A970A44EABD
:1005C000815447EA8357A4FB076802958D0A05FB0F
:1005D00007854FEA932C04FB0C542705029D4FEA34
:1005E000065847EA1637B5EB08056EEB070C870E81
:1005F000920E47EA811742EA8312A7FB0201B6EB8B
:100600000B0164EB00042B0D43EA0C335E1844EB42
:100610001C50DA465146E7FB0201C5F313044FEACA
:100620000B3343EA14534FEA0432019C43EA0603B6
:10063000A4F10C040294009CCDE900B400F0CBFAC4
:1006400003B0BDE8F08F00200146F9E72DE9F04D39
:1006500081EA030404F0004B21F0004514464FF0FA
:10066000000A23F0004150EA050220D054EA0102BA
:100670001DD0C5F30A570246C5F31303C1F3130097
:10068000C1F30A5640F4801543F48013A7EB060823
:10069000101BD64608F2FD3873EB050002D308F1B3
:1006A000010801E092185B41B8F1000F03DA002065
:1006B0000146BDE8F08D00204FF4801106468446C7
:1006C0000EE0171B73EB050705D3121B63EB050345
:1006D00006434CEA010C49084FEA300092185B418E
:1006E00050EA0107EDD152EA030012D082EA040079
:1006F00083EA0501084305D0101BAB4106D2012255
:10070000002306E000224FF0004302E06FF00102F8
:1007100053101AEB06004CEB085110EB0A0041EBAA
:100720000B01BDE8F04D00F047BA70B521F0004371
:1007300003430CD0C1F30A550024D5EB040564EB48
:100740000403D617AD1AB34102DB0020014670BD89
:10075000201841EB025170BDC10F80EAE0700844DF
:10076000CA079623002100F0CAB996230022114639
:1007700000F0C5B90EB5C10F80EAE0700844CA07A1
:10078000002140F233438DE80E000A460B4600F08C
:1007900022FA03B000BD0EB540F2334102910021B0
:1007A000CDE900110A460B4600F015FA03B000BD72
:1007B00000F0004220F00040C10DC0F3160040F4EC
:1007C00000007F2901DA00207047962903DCC1F17F
:1007D0009601C84001E096398840002AF4D0404292
:1007E000704720F00040C10DC0F3160040F4000037
:1007F0007F2901DA00207047962903DCC1F19601B8
:10080000C840704796398840704770B5C1F30A52A6
:1008100001F000450024C1F3130140F2FF3341F41D
:1008200080119A4201DA002070BD40F233439A42AF
:10083000A2F2334203DC524200F0E8F800E09040BC
:100840002C43F1D0404270BDC1F30A5210B5C1F340
:10085000130140F2FF3341F480119A4201DA002083
:1008600010BD40F233439A42A2F2334203DC5242BB
:1008700000F0CCF810BD904010BD00F0004230F008
:1008800000400AD0C10D01F56071C0F3160042EAC4
:100890000151C208400711437047002001467047CC
:1008A00030B5041E71F1000404DB4FF000444042F7
:1008B00064EB0101141E73F1000405DB1C464FF0CC
:1008C0000043524263EB04038B4208BF824230BDB7
:1008D00030B5041E71F1000404DB4FF000444042C7
:1008E00064EB0101141E73F1000405DB1C464FF09C
:1008F0000043524263EB0403994208BF904230BD6B
:1009000001F0004330B421F0004150EA010206D06A
:100910000A0DA2F56072C1F31301002A02DC30BC9B
:1009200000207047440F44EAC104C100E01830BC05
:1009300000EBC25000F0DAB8002801DBC0F1004043
:10094000002901DBC1F1004181427047002801DB31
:10095000C0F10040002901DBC1F10041884270472D
:1009600030B50B46014600202022012409E021FA7F
:1009700002F59D4205D303FA02F5491B04FA02F57C
:100980002844151EA2F10102F1DC30BD2DE9F05F13
:100990000546002092469B468846064681464024EE
:1009A0001BE0284641464746224600F02FF85346B2
:1009B0005A46C01A914110D311461846224600F0FB
:1009C00016F82D1A67EB01084F4622460120002138
:1009D00000F00DF817EB00094E41201EA4F10104B0
:1009E000DFDC484631462A464346BDE8F09F202AD0
:1009F00004DB203A00FA02F1002070479140C2F176
:100A0000200320FA03F3194390407047202A04DBA7
:100A1000203A21FA02F00021704721FA02F3D04077
:100A2000C2F120029140084319467047202A06DB94
:100A3000CB17203A41FA02F043EAE07306E041FAAC
:100A400002F3D040C2F1200291400843194670479A
:100A50000FB4002300B589B00CA900910B996FF079
:100A60000042CB601E4B06931E4B07930423CDE937
:100A700001321D4A089202466B46002000F00EFA31
:100A800009B05DF814FB70B586B006464FF0FF3034
:100A90000091CDE90101002015460C460490324634
:100AA000694604A8FFF7D4FF02460498211825B12F
:100AB00008B1084600E020462860049800280DD0C0
:100AC000002A02DD0098884208D0081B0094CDE976
:100AD00001043246694604A8FFF7BAFF06B070BDAC
:100AE000D5100008F3100008690D00080029A8BF00
:100AF0007047401C490008BF20F00100704710B447
:100B0000B0FA80FC00FA0CF050EA010404BF10BCFB
:100B1000704749B1CCF1200421FA04F411FA0CF128
:100B200018BF012121430843A3EB0C01CB1D4FEA61
:100B300000614FEA102042BF002010BC704700EB5C
:100B4000C35010440029A4BF10BC7047401C49008A
:100B500008BF20F0010010BC7047F0B4002802DC90
:100B6000F0BC00207047C0F3C751C0F3160040F43A
:100B70000000CA0701D14000491E3F2202EB610577
:100B8000002211464FF4000626FA01F31344D4184C
:100B9000844201D8001B1A464000491C1729F3DD86
:100BA0005100814202D24FF0FF3100E0002102EB00
:100BB000C550F0BCFFF79ABF10B5141E73F10004C6
:100BC00008DA401C41F1000192185B411A4301D13F
:100BD00020F0010010BD2DE9F04D92469B4611B169
:100BE000B1FA81F202E0B0FA80F220329046FFF7CB
:100BF000FEFE04460F4640EA0A0041EA0B01534656
:100C00005A46084313D0114653EA010019D0C8F1DF
:100C100040025046FFF7FAFE05460E46504659463A
:100C20004246FFF7E4FE084305D0012004E02046D9
:100C30003946BDE8F08D0020054346EAE0762C43B6
:100C400037430A986305E40AA0EB08000022FD0A76
:100C500044EA47540A3002D500200146E9E701057D
:100C600010196941DDE9084500196941BDE8F04DF9
:100C7000A2E72DE9F04D00231A461B1A8A4103DB37
:100C800000200146BDE8F08DC1F30A52C1F3130103
:100C900041F480154FF0000BD10702D100186D41CF
:100CA000521E0027044640F2FF11384601EB620A4B
:100CB0003E468046024600204FF48011FFF7A6FE14
:100CC000C2197141BB1846EB0100B4EB030C75EB84
:100CD000000C04D3E41A65EB000517460E462419F0
:100CE00008F101006D4180463428E3DDF91946EB37
:100CF0000600091BA84103D24FF0FF32134601E062
:100D0000002213461BEB070046EB0A51BDE8F04DED
:100D1000FFF752BFC1F30A52C1F3130140F2FF3390
:100D200041F480119A4202DA00200146704740F2F5
:100D300033439A42A2F2334202DC5242FFF766BECC
:100D4000FFF755BE064C074D06E0E06840F0010392
:100D500094E8070098471034AC42F6D3FFF7ECF95B
:100D6000BCF10008DCF10008C0B24FF4F05100F013
:100D7000D1B900002DE9FF4F087883B09946FF28CC
:100D800005D0491C2D2804D00024002008E00020B4
:100D90000BE00124F9E700EB800003EB4000491C65
:100DA0000B78FF2BF7D104B1404200230293147853
:100DB00019461D462D2C01D02B2C04D1521C2D2C54
:100DC00013D000240294AA461478FF2C0FD00A25D1
:100DD000A3FB057801FB05814FF0000C03FB0C1110
:100DE000521CE3194AEB0101EEE70124EAE78144D2
:100DF00053EA010002D019F5C87F06DA03980021F2
:100E0000C0E9001107B0BDE8F08F0025AE4E2F46B7
:100E1000DFF8B882184600F091F9CDE90001B9F188
:100E2000000002DAC9F1000400E004460023A74AEA
:100E30001AEB030B42EB045A12E0E00707D02A46F4
:100E4000334638464146FFF78FFB074688462A4619
:100E5000334610461946FFF787FB05460E466410D9
:100E6000002CEAD1DDE90001B9F1000F5A465346E2
:100E700006DAFFF7EBFB3A464346FFF7E7FB05E0F0
:100E8000FFF772FB3A464346FFF76EFB029A0AB140
:100E900081F00041039AC2E90001B3E72DE9FF4F59
:100EA0001F468DB0D7E901464FF0FF382E2045464A
:100EB0004FF000090B90B9696D1C0E988847396A8C
:100EC000824688470028F6D1BAF1FF3F0AD024F4C1
:100ED000D064002E11DDBAF12B0F08D0BAF12D0F1E
:100EE0000BD102E0404611B08DE744F48064B9694B
:100EF0006D1C0E9888478246761E6946600501D5AE
:100F00002D2000E02B208DF8000001F1010B0DF1E8
:100F1000200809E0B9696D1C0E98884782460F9831
:100F200044F40074761E0560002E02DDBAF1300F25
:100F3000F0D00B998A453ED144F0800406E00F9929
:100F4000681CA9F1010944F400740860B9696D1CBA
:100F5000761E0E98884782463028F0D02BE00B99F9
:100F60008A4505D1200603D444F08004761E18E09B
:100F7000504607F077FE08B30DF11301761E44F4D6
:100F800000748B4508D2AAF130000BF8010B200643
:100F900007D5A9F1010003E0200602D409F1010000
:100FA0008146A00502D50F99681C0860B9696D1CBF
:100FB0000E9888478246002ED1DC53E0002E51DD8A
:100FC000BAF1650F02D0BAF1450F4BD1A00549D552
:100FD000B9696D1C24F44074761E0E9888478246C9
:100FE000002E0CDD2B2804D0BAF12D0F07D144F4CC
:100FF0008074B9696D1C0E9888478246761EE0059C
:1010000001D52D2100E02B2108F8011BCDF82C8003
:1010100021E00DF12901761E44F4007488450CD2BC
:10102000AAF1300010F0FF0088F8000002D10B99FF
:10103000884509D908F1010806E0E00501D52448F2
:1010400001E042F20F708146B9696D1C0E98884725
:1010500082460F980560002E04DD504607F002FE20
:101060000028D6D1F9690E988847FF208BF8000038
:1010700088F800000020069007904B466A4608A9B1
:1010800006A8FFF777FEA00502D46FF001002AE75B
:1010900014F0240F0AD0E00714D1DDE906123868F5
:1010A000031D3B600068C0E900120BE0DDE90601AA
:1010B000FFF726FC0146E00704D13868021D3A60BC
:1010C0000068016028460EE7000014400000F03F71
:1010D000F1D8FFFF426842B1016811F8013B23B12A
:1010E000521EC0E90012184670470121C160881ED7
:1010F000704742685AB1C368016843B983688B423C
:1011000005D0491E521CC0E90012002070474FF064
:10111000FF3070477F2801D9002208E0064A02EB21
:101120005002C007127800D1120902F00F0201200C
:101130009040084070470000E8F000080EB540F20B
:10114000334202920022CDE900221346FFF743FD0D
:1011500003B000BD70B58C1810F8015B15F00703E3
:1011600001D110F8013B2A1106D110F8012B03E040
:1011700010F8016B01F8016B5B1EF9D12B0705D448
:101180000023521E0DD401F8013BFAE710F8013B91
:10119000CB1A921C03E013F8015B01F8015B521EAD
:1011A000F9D5A142D8D3002070BD002904D08168B0
:1011B00041F0010181607047816821F00101816087
:1011C0007047000010B5154988420AD14415012125
:1011D000204604F02BFA2046BDE81040002104F020
:1011E00025BA0F4988420AD104150121204604F08E
:1011F0001DFA2046BDE81040002104F017BA094945
:1012000088420AD10121CC03204604F00FFA20467F
:10121000BDE81040002104F009BA10BD00240140CF
:1012200000280140003C0140014600208968490730
:1012300000D501207047C06C80B270470246002084
:1012400012680A4200D001207047014600208968D8
:10125000090700D50120704710B542680E4B1A40AF
:101260000C790B6842EA04221343436082680B4BFB
:101270001A40D1E9024323434C7942EA4402134322
:101280008360C26A22F47002097C491EC9B242EA34
:101290000151C16210BD0000FFFEF0FFFDF7F1FF3C
:1012A00070B5072609290AD9C568A1F10A0404EB1B
:1012B0004404A640B543A3401D43C56007E005694B
:1012C00001EB4104A640B543A3401D4305611F2324
:1012D000072A09D2446B521E02EB820293409C43C0
:1012E00091400C43446370BD0D2A09D2046BD21F98
:1012F00002EB820293409C4391400C43046370BD17
:10130000C46A0D3A02EB820293409C4391400C4325
:10131000C46270BD816841F0080181607047002996
:1013200004D0816841F4A00181607047816821F494
:10133000A00181607047816841F0040181607047BD
:1013400070B51948194A0188C1F1A00111810389BA
:1013500043F2C8218B4200D90181018941F6641012
:10136000401A00B25081124D124C002249B100F5D2
:101370007A6041F27D51884206D301F0FDFA206087
:1013800003E022602A6070BD226006F057F82860F2
:1013900009492068884201DD216070BD0749884203
:1013A000FBD9216070BD000006040020100400205D
:1013B000300000202C0000200000F0410000F0C1AF
:1013C00070B50C4800240C4E40680C4DFA280CD225
:1013D0000B48306001200BF023FC34600948286082
:1013E00001200BF01DFC2C6070BD074830602C60A4
:1013F00070BD0000C40000202C0000203000002040
:10140000000020C10000E143000070410D49087850
:10141000002803D00B2801D00C2809D10A484068C5
:10142000002805D0A0F115024F2A02D20B20087027
:101430007047F1383B2802D20C200870704700201A
:101440000870704786020020C400002008B5012102
:10145000102004F0DDF84FF47070ADF80000182093
:101460008DF8030003208DF802006946014801F061
:10147000C3FA08BD0010014070B588B004460D469F
:101480000121480304F0C4F8244E304605F096F8D4
:10149000641EADF81840ADF814500024ADF81A40A1
:1014A000ADF8164005A9304605F056FB6020ADF8B2
:1014B00004000120ADF80600ADF80A40ADF80C407C
:1014C00001A9304605F000FA01A9304605F046FAB8
:1014D00001A9304605F090FA01A9304605F0D4FA8A
:1014E0000121304605F05CF80821304605F030FA5D
:1014F0000821304605F076FA0821304605F0BEFA9C
:101500000821304605F0F4FA0121304605F02AF8AA
:101510000121304605F038F808B070BD00340140B4
:1015200070B504460D4616480068FFF715F92146C8
:10153000FEF7F1FE044685F00040124E3169FEF7D9
:10154000F0FE1149FEF71FFF05461049F068FEF74F
:101550001AFF2146FEF7E5FE2946FEF7DCFEFFF7FF
:1015600027F90B490978032908D1FFF7F5F8316805
:10157000FEF7D7FEBDE87040FFF71AB970BD000056
:10158000280000203C0100200000C8420000C8C222
:10159000F102002070B54FF47A740C4D0146072318
:1015A00001222846FFF77CFE01212846FFF7B7FEFF
:1015B00002212846FFF742FE10B9641EA4B2F7D2FA
:1015C0002846BDE87040FFF736BE00000024014009
:1015D00030B587B001214FF4017004F019F84FF4D1
:1015E000004003F0EFFF2020ADF8040000248DF848
:1015F000074001A9164801F0FFF9164D2846FFF7EC
:10160000E1FD02948DF80C408DF80D404FF46021FF
:101610000491059401218DF8181002A92846FFF7BE
:101620001BFE01212846FFF7C0FD2846FFF772FE8A
:101630002846FFF70AFE0028FAD12846FFF77BFE6E
:101640002846FFF7F1FD0028FAD107B030BD0000B1
:101650000008014000240140FEE7000010B504F03E
:1016600049F80020054A02F5807132F81030DB0895
:101670000B54401C8028F8DB014810BD8806002070
:10168000880700202DE9F04F8DB0334C60680128A9
:101690005ED1324800680C903148D0F80080324862
:1016A00030490068FEF76FFE064620612F48076844
:1016B00067612F480068FFF76EF800222D4BFEF798
:1016C000C5FFFFF71DF9044650212B48FEF798FD92
:1016D00029482AA10968016029480068FFF7CDF868
:1016E00082468B462046FFF7C8F804460D4638462A
:1016F000FFF7C3F8CDE90A013046FFF7BEF806460A
:101700000F464046FFF7B9F8804689460C98FFF728
:10171000B4F806AAA2E8300CDDE90A23CDE9008975
:10172000CDE9042302460B46CDE9026715A1124814
:1017300006F070FE104850215030FEF761FD0DB0EC
:101740000D49BDE8F04F502201F15000FEF73FBDBA
:101750000DB0BDE8F08F00008402002034010020AD
:10176000380100200000C8422400002010000020A2
:10177000C800002000002440F02C0020244C56001B
:1017800028010020244C5625332E32662C52562533
:10179000332E32662C414325332E32662C47592591
:1017A000332E32662C43534225332E32662C565448
:1017B00025332E32662300002DE9F041144E154FDB
:1017C0001548B2690025154C4FF40061BA4204DB9C
:1017D0002560BDE8F04101F098B9114B9A4202DC56
:1017E00001F095F908E00F4B9A4202DC01F08DF907
:1017F00002E001F08AF92560F069032803DA0A485B
:101800002060BDE8F08101DD2760FAE72560F8E798
:10181000300400200000E1430008014030000020B7
:10182000000048430000BE430000E1C32DE9F0473B
:101830002E4C2068FEF799FF8046D4F83804FEF756
:1018400094FF8146D4F86801FEF78FFF0146284CCB
:10185000284E294FE0780025062810D2DFE800F056
:1018600003151D252D402548A8F50008804508D200
:1018700035603D600A2008F01FFC0120E070BDE8E3
:10188000F0871F4830603D60F9E709F09FFE0028AF
:10189000F5D1E078401CE070F1E71A4830603D6017
:1018A000642008F009FC0320E07009F08FFE002896
:1018B000E5D1E078401CE070E1E74846FFF746F8E4
:1018C00006D8356010483860642008F0F5FB05E064
:1018D00035600E483860642008F0EEFB0520E070AB
:1018E00009F074FE0028CAD1E570C8E7E030002096
:1018F000300400202C0000203000002000002F4386
:101900000000A041000070C10000E1C30000E143FD
:101910002DE9F0411C4D2868FEF727FF0446D5F855
:10192000EC04FEF722FF0646D5F8B400FEF71DFFD3
:101930000346164FA4F5000500201549154ABD427F
:1019400004D2154B0B601060BDE8F081134D144FAD
:101950002544BD4203D2134B0B601060F4E7124FD5
:10196000124DBE4205DAAC4203DD0860104810603B
:10197000EAE7BB4205DAAC4203DD08600D481060BF
:10198000E2E708601060DFE7E030002000008242FC
:101990002C00002030000020000070C1FFFF5FBC61
:1019A000FFFF4000000070410000AA4300007A439E
:1019B0000000E1C30000E1432DE9F0474948006819
:1019C000FEF7D3FE484C00254FF001082379072B82
:1019D0000FD301230022022144A002F07AFD01204E
:1019E00002F0BCF80028FAD0257184F80580BDE823
:1019F000F0873D4AA0F5000CDFF804914148424EC3
:101A0000424F12784FF40061CC450ED2012AEED13C
:101A100001F07DF83068E0623868206335603D6031
:101A2000257009F0D3FD2081E1E742B13848082B49
:101A3000DDD2DFE803F0111D253139424A54E26A54
:101A40003260226B3A6001F060F884F800802089EF
:101A5000BDE8F0470BF07CBA2E4901602E4830609B
:101A60003D60C82008F028FB2079401C2071BEE7AB
:101A700009F0ACFD0028BAD12079401C2071B6E7EE
:101A8000264901603560264838603F2008F014FB85
:101A90002079401C2071AAE709F098FD0028A6D102
:101AA0002079401C2071A2E735603D601E2008F0BF
:101AB00003FB2079401C207199E709F087FD00287D
:101AC00095D12079401C207191E76079082803D2D4
:101AD000401C607125718AE70720207187E7356017
:101AE0003D6084E7E03000203004002070617472B3
:101AF0006F6C20707574206B657931202020200078
:101B000000001643000801402C0000203000002097
:101B10006C01002000008C420000704100000C426B
:101B20000080A2442DE9F0413748817801292ED167
:101B300000278770354936A0FEF780FB364C374DBD
:101B4000012630B3314936A0FEF778FB78B32F4930
:101B500035A0FEF773FB374C50B32C4936A0FEF787
:101B60006DFBA0B3294937A0FEF768FB00280ED112
:101B70000024C5F8AC61142008F096FAC5F8AC71E1
:101B8000142008F091FA641CE4B2032CF1D3BDE8F0
:101B9000F081C5F8AC61142008F086FAC5F8AC7184
:101BA0002A48206002200BF03BF82760EFE700E0B6
:101BB0000EE0C5F8AC61142008F076FAC5F8AC71F7
:101BC0002348206002200BF02BF82760DFE70DE0B0
:101BD000C5F8AC61142008F067FAC5F8AC711D486F
:101BE000206001200BF01CF82760D0E7C5F8AC613D
:101BF000142008F059FAC5F8AC711748206001208C
:101C00000BF00EF82760C2E700040020B42E00207D
:101C1000676F6261636B00002C00002000002142AE
:101C2000676F6168656164007475726E6C65667477
:101C300000000000300000207475726E72696768E1
:101C40007400000062757A7A65720000000070C14D
:101C5000000070410000C8C30000C84370B52248AE
:101C60008178012921D100248470204920A0FEF729
:101C7000E5FAD8B11D491FA0FEF7E0FA1E4D10B3DA
:101C80001A491EA0FEF7DAFA00280ED1012300221D
:101C900003211BA002F01DFC1C48286001200AF053
:101CA000BFFF01200AF0BCFF2C6070BD01230022A1
:101CB000032117A002F00DFC184D012028600AF046
:101CC000AFFF2C6070BD01230022032114A002F09D
:101CD00000FC1648286001200AF0A2FF01200AF04B
:101CE0009FFF2C6070BD000000040020B42E002077
:101CF00036000000320000003000002033000000F9
:101D00006E756D3A33212020000000000000C843AA
:101D10006E756D3A3621202000000000AC01214292
:101D20006E756D3A32212020000000000000C8C30B
:101D30002DE9F0411D488178012921D100248470CA
:101D40001B491CA0FEF77AFADFF86C801B4DC8B166
:101D500017491BA0FEF772FA1A4E1B4FC8B114495F
:101D60001AA0FEF76BFA00280AD1C6F800800120FD
:101D70000AF056FF34602F6001200AF051FF2C60FA
:101D8000BDE8F081C5F8008002200AF049FF2C6010
:101D9000F6E70F48306001200AF042FF34602F6000
:101DA00001200AF03DFF2C60EAE70000000400205B
:101DB000B42E0020310000000000C8432C00002099
:101DC00032000000300000200000704133000000AD
:101DD0000000C8C32DE9F041074608460B4E0C4CE5
:101DE0002168FEF79EFA216BFEF743FA0146094887
:101DF000FEF797FA054631463846FEF792FA29462D
:101E0000FEF737FA2063BDE8F08100000AD7A33C53
:101E10002C03002048E17A3F2DE9F04107460846AF
:101E20000B4E0C4C2168FEF77CFA216EFEF721FA6E
:101E300001460948FEF775FA054631463846FEF771
:101E400070FA2946FEF715FA2066BDE8F081000019
:101E50000AD7A33C2C03002048E17A3F07218143A5
:101E60000902054A10684FF6FF031840034B184358
:101E700008431060704700000CED00E00000FA0518
:101E800008B5002000906B4601227521682009F0FA
:101E900027FC29A006F0AEFA9DF80000682809D0BA
:101EA0002E4801682E4A01F4E06111430160BFF33E
:101EB0004F8FFEE70AF09AF800283CD178200AF00C
:101EC000D7FD10B91CA006F095FA782009F09AFF0A
:101ED00010B924A006F08EFAC8200AF087FD10B9C8
:101EE0002AA006F087FA08F063FA10B931A006F0CC
:101EF00081FA3D4809F094FC08F068FC10B93BA059
:101F000006F078FA40F2731008F012F910B941A007
:101F100006F070FAC82008F09DFB10B947A006F043
:101F200069FA0AF09EFF01200AF078FC002802D12D
:101F30004BA006F05FFA08BD6D70755F7365745F46
:101F400073656E736F7220636F6D706C657465205E
:101F50002E2E2E2E2E2E0D0A000000000CED00E07D
:101F60000400FA056D70755F636F6E666967757260
:101F7000655F6669666F20636F6D706C6574652060
:101F80002E2E2E2E2E2E0D0A000000006D70755F75
:101F90007365745F73616D706C655F7261746520E9
:101FA000636F6D706C657465202E2E2E2E2E2E0D97
:101FB0000A000000646D705F6C6F61645F6D6F7428
:101FC000696F6E5F6472697665725F6669726D775C
:101FD00061726520636F6D706C657465202E2E2EA6
:101FE0002E2E2E0D0A0000008C000020646D705F04
:101FF0007365745F6F7269656E746174696F6E206A
:10200000636F6D706C657465202E2E2E2E2E2E0D36
:102010000A000000646D705F656E61626C655F66EA
:1020200065617475726520636F6D706C6574652091
:102030002E2E2E2E2E2E0D0A00000000646D705FD5
:102040007365745F6669666F5F7261746520636F44
:102050006D706C657465202E2E2E2E2E2E0D0A00AE
:102060006D70755F7365745F646D705F73746174B8
:102070006520636F6D706C657465202E2E2E2E2E7C
:102080002E0D0A0070B5174B2428197800D1B1B174
:10209000012926D10024232819D0242821D05978B9
:1020A000114D4A1CD2B25A706854142A19D95C7066
:1020B0001C702846BDE870401421FEF7A1B801202D
:1020C0001870BDE8704014210748FEF799B81C70DD
:1020D0005C7000F059FFBDE8704014210248FEF723
:1020E0008FB870BD04040020C82E002030B4164BF9
:1020F00001222428197800D129B1012921D10024F5
:10210000232806D008E01A7030BC14210F48FEF7CF
:1021100077B81C705C709A701978012911D1242845
:102120000FD05978094D4A1CD2B25A706854142AFB
:1021300007D95C701C709C70284630BC1421FEF7D7
:102140005FB830BC7047000000040020B42E0020AF
:1021500030B4164B01222428197800D129B1012965
:1021600021D10024232806D008E01A7030BC1421A5
:102170000F48FEF745B81C705C709A7019780129F9
:1021800011D124280FD05978094D4A1CD2B25A7067
:102190006854142A07D95C701C709C70284630BCA7
:1021A0001421FEF72DB830BC704700000004002059
:1021B000B42E002030B4164B01222428197800D107
:1021C00029B1012921D10024232806D008E01A7062
:1021D00030BC14210F48FEF713B81C705C709A7065
:1021E0001978012911D124280FD05978094D4A1C9A
:1021F000D2B25A706854142A07D95C701C709C7053
:10220000284630BC1421FDF7FBBF30BC70470000EE
:1022100000040020B42E00202DE9F041234CA4F549
:10222000E953D87800EB4005002019785A7841EA44
:10223000022121809978A170D978E17019795A79B1
:1022400041EA0221A1809979DA7941EA0221E1800B
:10225000197A5A7A41EA02212181002110E05A18A4
:1022600004EB8007967A7E81D67A127B46EA0226B4
:10227000024604EB8202401CC0B29681C91C89B29E
:10228000A942ECD3204604F047FF30B12046BDE818
:10229000F04140F2AA51FDF7B3BF05490120487053
:1022A000BDE8F04101020348FDF7AABF004D002040
:1022B00028040020E02F002010B50D494FF4807451
:1022C000224601F58070FDF782FF21460848FDF7A0
:1022D00097FFFFF7A1FF07484178012906D10021A8
:1022E0004170BDE81040044800F0DEBE10BD0000A3
:1022F000E02E002028040020004D0020704701B58A
:1023000008E00020401CC0B20A28FBD39DF8000062
:10231000401E00909DF800000028F2D108BD00008A
:1023200070B5FDF7FBFF0646094D3046A96AFDF77B
:10233000F2FF0849FDF7F5FF04464FF040413046F3
:10234000FDF7EFFF2146FDF7E6FFAE6270BD00002E
:10235000300400200000404170B5FDF7DFFF0C4C59
:10236000054660632846E16BFDF7D5FF0949FDF797
:10237000D8FF06464FF040412846FDF7D2FF3146D0
:10238000FDF7C9FF0146A063E563084670BD000084
:1023900030040020000040410020401C0A28FCDBE3
:1023A000704700002DE9FE4F9448006800287DD159
:1023B00093494FF480500860924C608808B1401EE9
:1023C0006080DFF844A24FF000089AF8000004286B
:1023D00012D005281BD006281CD012281DD0132887
:1023E0002CD008282FD0092830D0102831D011281F
:1023F00032D00E2833D034E06078401CC0B2607018
:1024000014282ED984F8018002F01AFB29E003F089
:102410004DFC26E003F04AFC23E02078401CC0B2CB
:10242000207004281DD984F8008003F037FCFFF7E2
:1024300015F97649086007F0E1FD12E008F056FE54
:1024400003F0D6FD0DE003F041FC0AE0FEF778FF53
:1024500007E001F0A9FE04E001F0EEFE01E000F06B
:1024600037FD6B48007800F089FB002003F052FA3A
:102470000290012003F04EFAC0F10009494602988B
:1024800000F088FE9AF800001538032801D801F002
:10249000ABFD9AF800001A2801D105F0B7FE5D489F
:1024A0005D4F01683868FFF73BF800E0A4E0834621
:1024B0004946029805F0F8FE06469AF8000057498A
:1024C000052835D0062833D0122836D0132839D025
:1024D00008283CD0086804F051FF054604F0D0FB02
:1024E0000BEB06024E4E511901443160521B4D4D0B
:1024F00010442860084602F015FD3060286802F09C
:1025000011FD2860DFF820B14FF42F615A46306882
:1025100002F016FD30605A464FF42F61286802F031
:102520000FFD28609AF80000DFF800B1A0B129E0A3
:10253000086804F061FE0546D0E7086804F008FE6C
:102540000546CBE7086804F02BFE0546C6E7086899
:1025500004F0BCFE0546C1E704F0EAFB90B934483C
:102560004B46029A3968006802F0F2FC10B1012073
:102570008BF800004A460299386802F0E9FF08B17A
:102580008BF800802169386804F0C8FE28B1002467
:102590009BF80000204302D003E00124F8E704F098
:1025A00033FB1CB12968306803F09EFC9AF80000E8
:1025B00019280ED1002C01D0296801E04FF000014C
:1025C00001D0306801E04FF000004B46029A01F064
:1025D0000FFB0298CDE90009002C01D02B6801E027
:1025E0004FF0000301D0326801E04FF000020948CB
:1025F0003968006804F078FCBDE8FE8F30012142A4
:102600001404014018010020F102002008000020FD
:1026100000000020100000200C000020140000200A
:10262000180000201C00002010F5FFFF040000200F
:102630002400002030B51B4A83790168002B2AD082
:1026400013688B431360111D0B680468A3430B6070
:10265000017911440B68046823430B60114C083462
:102660002168036899432160231D19680568A943FF
:1026700019604179102905D011440A6800680243A5
:102680000A6030BD21680268114321601968006842
:102690000143196030BD0079104402688A4302602A
:1026A00030BD00000004014010B588B0202168460C
:1026B000FDF7A6FD134C14A168466369226805F076
:1026C000A9FE012300221946684601F002FFD4E961
:1026D000012312A1684605F09DFE0123002202217C
:1026E000684601F0F6FED4E9032311A1684605F01F
:1026F00091FE012300220321684601F0EAFE08B0A2
:1027000010BD0000CC000020736561743A25642080
:10271000204D49443A256420202000004C313A25C0
:102720006420204C333A2564202020202000000023
:1027300052313A2564202052333A2564202020204B
:102740002000000010B588B00121022002F044FFF3
:102750000121042002F05CFFC020ADF80400042039
:102760008DF8070001A91C4800F046F905A804F0FF
:1027700041FA0020ADF814004FF6FF71ADF81810C3
:10278000ADF81A00ADF81600144C05A9204604F067
:10279000E3F900231A460321204604F017F802A8A3
:1027A00004F080F80A21ADF8101002A9204604F0C8
:1027B00033F80121204603F0E1FE012211462046B4
:1027C00004F078F80021204604F09CF9012120460D
:1027D00003F0DAFE08B010BD00080140000400401C
:1027E00010B588B00121042002F0F6FE0121082076
:1027F00002F00EFFC020ADF8040004208DF80700A1
:1028000001A91C4800F0F8F805A804F0F3F900202D
:10281000ADF814004FF6FF71ADF81810ADF81A00BE
:10282000ADF81600144C05A9204604F095F90023D4
:102830001A460321204603F0C9FF02A804F032F82B
:102840000A21ADF8101002A9204603F0E5FF01218E
:10285000204603F093FE01221146204604F02AF898
:102860000021204604F04EF90121204603F08CFEA1
:1028700008B010BD000C01400008004070B53C4B92
:10288000188806463B4C05256580618833F8112081
:10289000824200D31046491C89B261807B29F4D35F
:1028A000A68165806188A68933F81120B24200D8DC
:1028B000A281491C89B261807B29F3D3A189084494
:1028C000C0F3470060706580618833F81120824250
:1028D0001BD94A1C33F81220824216D98A1C33F8BD
:1028E0001220824211D9CA1C33F8122082420CD223
:1028F0000A1D33F81220824207D24A1D33F81220F3
:10290000824202D26188E18004E0491C89B2618080
:102910007629D9D37621A180A18833F8112082426B
:102920001BD24A1C33F81220824216D28A1C33F87A
:102930001220824211D2CA1C33F8122082420CD9D2
:102940000A1D33F81220824207D94A1D33F812209B
:10295000824202D9A088208104E0491E89B2A18068
:102960000529D9D82089E18808444008207070BD25
:1029700088060020E40000202DE9F041104FB7F94F
:102980000A603E80B7F90200301AFDF7F3FEDFF867
:1029900034800D4B4246FDF7E7FD04460D463046B8
:1029A000FDF7E8FE4246094BFDF7DEFD22462B46C9
:1029B000FDF733FDFDF7A4FF7E80BDE8F081000048
:1029C00010040020FCA9F1D24D62403F4D62503FFF
:1029D00010B58A07120F0F23934021F00304054915
:1029E00021448C689C438C608B68904003438B60CF
:1029F00010BD0000000001402DE9F0410022CC781C
:102A000004F00F03E40601D58C7823430C784FF0D3
:102A10000F0714F0FF0F4FF0010C1CD005680CFAE3
:102A200002F40E882640A64211D1960007FA06F855
:102A300025EA080503FA06F848EA0505CE78282EA7
:102A400002D0482E02D002E0446100E00461521C32
:102A5000082AE4D305600A88FF2A1ED945680022A7
:102A600002F108060CFA06F40E882640A64210D1A0
:102A7000960007FA06F825EA080503FA06F848EA78
:102A80000505CE78282E00D14461CE78482E00D19D
:102A90000461521C082AE3D34560BDE8F0810000C0
:102AA000F0B5154C002801DAE36900E06368C0F373
:102AB0000346420D120185B2C0F301579540032F22
:102AC00007D0C2020CD50322B240934343F0706298
:102AD00009E023F07062636823F07063636002E0D2
:102AE000AB4343F0706201B12A43002801DAE2618E
:102AF000F0BD6260F0BD0000000001400246002011
:102B000092680A4200D0012070474161704701611C
:102B10007047000010B50B4C0146072301222046E8
:102B2000FEF7BEFB01212046FEF7F9FB02212046FD
:102B3000FEF784FB0028F9D02046BDE81040FEF7E0
:102B40007ABB00000028014010B50B4C014607235A
:102B500001222046FEF7A4FB01212046FEF7DFFB01
:102B600002212046FEF76AFB0028F9D02046BDE886
:102B70001040FEF760BB0000002801402DE9F04F37
:102B80008DB0044602F0DCFEBB490860DFF8ECB211
:102B9000BB4E012C7ED04421D02000F068FB0446BF
:102BA0004321D02000F063FB04EB0020FDF7DDFDA6
:102BB00007464621D02000F05AFB04464521D0208C
:102BC00000F055FB04EB0020FDF7CFFD81464821C6
:102BD000D02000F04CFB04464721D02000F047FBFA
:102BE00004EB0020FDF7C1FD05463C21D02000F09C
:102BF0003EFB04463B21D02000F039FB04EB0020D3
:102C0000FDF7B3FD82463E21D02000F030FB0446A4
:102C10003D21D02000F02BFB04EB0020FDF7A5FDAB
:102C200080464021D02000F022FB04463F21D020E6
:102C300000F01DFB04EB0020FDF797FD0446B7F103
:102C40008E4F05DD4FF08F413846FDF764FB074698
:102C5000B9F18E4F05DD4FF08F414846FDF75BFB24
:102C60008146B5F18E4F05DD4FF08F412846FDF7C7
:102C700052FB0546BAF18E4F05DD4FF08F415046AD
:102C8000FDF749FB8246B8F18E4F07DD4FF08F41CB
:102C9000404600E05FE0FDF73EFB8046B4F18E4F1A
:102CA00005DD4FF08F412046FDF735FB044687F0E8
:102CB0000040CBF800005046FDF7DFFDDFF8C4A16F
:102CC000DFF8C4B1CDE90B1052465B46FDF7BEFC00
:102CD000FDF716FE02904046FDF7CFFDCDE9091045
:102CE00052465B46FDF7B2FCFDF70AFE0190204616
:102CF000FDF7C3FDCDE9071052465B46FDF7A6FC84
:102D0000FDF7FEFD00903846FDF7B7FDDFF87C814A
:102D1000CDE905104FF066373A464346FDF796FC7D
:102D2000FDF7EEFD82464846FDF7A7FDCDE903100D
:102D30003A464346FDF78AFCFDF7E2FD80465448DB
:102D4000544FDFF854B10078DFF8509102281ED0BC
:102D5000032843D087E002F005FD51483168016047
:102D6000504CB4F90000FDF7F7FCCBF80000B4F9C3
:102D70000400FDF7F1FC4C4908604C48B0F9040030
:102D8000FDF7EAFC4A4908600DB0BDE8F08FDDE9C7
:102D900000108AF0004200F069FCFDF76EFD3A4633
:102DA0005B46FDF753FC00224B46FDF7DDFBFDF7CC
:102DB000A7FD306042460099029800F085FDFDF7BE
:102DC0005CFD3A465B46FDF741FC00224B46FDF7B1
:102DD000CBFBFDF795FD3749086044E0DDE907329C
:102DE000DDE9091006F09AFD00224B46FDF7BCFB19
:102DF0003A465B46FDF72AFCFDF782FD8046DDE999
:102E00000732DDE90B1006F089FD00224B46FDF785
:102E1000ABFB3A465B46FDF719FCFDF771FD074633
:102E2000DFF894A0DDE905104FF066394A465346B5
:102E3000FDF70CFCFDF764FD01464046FEF7CAFFB6
:102E400080F000403060DDE903104A465346FDF74C
:102E5000FDFBFDF755FD01463846FEF7DDFF80F02E
:102E60000041144801600E48316801600E48056059
:102E70000F48046088E700002000002010000020B8
:102E8000780000208FC2F5285C1F9A40665E8D4056
:102E900000000020F1D4C853FB21094000806640A7
:102EA0000C0000208000002014000020860000207C
:102EB00024000020740000206666304010B500F049
:102EC000B9F8BDE810400149FDF72BBAC3F58040C1
:102ED00070B51A4E1848B0610320F061184CD4F850
:102EE0003804FDF742FC174D6860D4F8B004FDF7D4
:102EF0003CFCA8602068FDF738FCE860D4F8F000DE
:102F0000FDF733FC2861D4F86801FDF72EFC6861F9
:102F1000002455F8241011F0FF4F07D0B069FDF7D9
:102F200015FD03D255F82400B061F461641CE4B2CD
:102F3000072CEED370BD0000003C1C46300400207E
:102F4000E0300020AC52002010B50D4C0120206074
:102F50000F2007F0BBF8002222600A490888030608
:102F60000CD500F03F0000044B881844AA235843B6
:102F70004FF47A73B0FBF3F048600A8010BD000094
:102F800080012142C400002070B527496FF02F0452
:102F900008788A78303800EBC00303EB001002EBAE
:102FA00080024878214B303800EB800004EB400071
:102FB00010441880C8784A79303800EBC00505EB1A
:102FC000001002EB80020879303800EB800004EB3F
:102FD00040001044588016480078092823D1887989
:102FE0000A7A303800EBC00505EB001002EB8002D6
:102FF000C879303800EB800004EB400002449A802E
:10300000487ACD7A303800EBC00606EB001005EBAD
:103010008005887A303800EB800004EB40002844BB
:10302000D88042431A8170BDC82E002006040020BB
:10303000F102002010B50520FEF7ACFAFDF795FB74
:10304000BDE810400149FDF76CB900003333533A35
:103050002DE9F0470646DDE908890F4610469A46F5
:10306000FDF799FB04460D465046FDF794FB0246DA
:103070000B4630463946FDF7E9FA22462B46FDF766
:1030800073FA42464B46FDF7C8F9BDE8F04708F031
:1030900091BE10B54008FDF77EFBBDE810406FF013
:1030A0000502FDF742BB00002DE9FC4780460022E7
:1030B000DFF8CC9009E008EB8200808900F064F82A
:1030C00009EB02110860521CD2B298F8030090423A
:1030D000F1D8B8F80400FFF7DCFF04460D46B8F855
:1030E0000600FFF7D6FF06460F46C9E9024598F8E5
:1030F0000300401E09EB0010C0E902673B46324660
:1031000020462946FDF7E4FB0CD222462B46002040
:103110001C49FDF723FA32463B46FDF77EF9064689
:103120000F4607E022462B4630463946FDF716FA91
:1031300006460F460022134630463946FDF7B0FBDF
:1031400017D04FF0010A0FE0C3B25246304639465D
:10315000CDE90045FFF77CFF09EB0A12C2E9020145
:103160000AF1010A0AF0FF0A98F80300401E5045D0
:10317000EADC98F80300BDE8FC4702F065BF0000F8
:103180008036002000807640010AC0F3850040EAC6
:10319000811070472DE9F35FFDF7ECFA2B4C00220C
:1031A0002346FDF7E1F96FF001052A46FDF7BDFA68
:1031B000274E00223346FDF749FA0022254BFDF742
:1031C00045FAFDF79DFBFDF758FB234FDFF88C9088
:1031D0003A464B46FDF7C8F9DFF884A00022534673
:1031E000FDF7C2F9DFF87CB000225B46FDF72EFA4E
:1031F000FDF786FBDFF87080C8F808000198FDF73E
:10320000B9FA00222346FDF7AFF92A46FDF78DFAF9
:1032100000223346FDF71AFA00220E4BFDF716FA8C
:10322000FDF76EFBFDF729FB3A464B46FDF79CF98F
:1032300000225346FDF798F900225B46FDF706FA97
:10324000FDF75EFBC8F80C00BDE8FC9F000069407C
:1032500000003E4000002640F1D4C853FB21094045
:1032600000C05040000024402C010020FEE770B553
:1032700004460D4600F0CEF8204600F09BF800F022
:1032800011F9284600F096F800F00CF900F0C2F8A9
:10329000641CE0B200F08EF800F004F9002000F0A9
:1032A00053F8044600F0E2F8204670BD70B50B4CB0
:1032B000002565600A48016821F4706101600168B9
:1032C00041F4407101602560012006F0FFFE0120FD
:1032D000606006F0FBFE656070BD0000A8812142C1
:1032E000040C014008B50121082002F091F94FF4C7
:1032F0004060ADF8000010208DF8030003208DF829
:10330000020069460148FFF777FB08BD000C014049
:1033100070B50B4C002565600A48016821F47061A6
:103320000160016841F440710160012626600120BE
:1033300006F0CCFE6660012006F0C8FE656070BD38
:10334000A8812142040C01402DE9F0478146002468
:103350001648016821F470610160016841F4006160
:1033600001600025124E00274FF00108C6F8AC712D
:10337000022006F0ABFEC6F8AC816006040ED6F85B
:10338000280108B1641CE4B2022006F09FFE6D1C07
:10339000EDB2082DEAD3B9F1000F02D0FFF786FF96
:1033A00001E0FFF7B5FF2046BDE8F087040C0140BF
:1033B000008021422DE9F04105461448016821F4BE
:1033C00070610160016841F440710160104E4FF07E
:1033D0000008C6F8AC8100240127E809C6F8A80156
:1033E0006806050E012006F071FEC6F8AC710120DA
:1033F00006F06CFEC6F8AC81012006F067FE641C86
:10340000E4B2082CE9D3BDE8F0810000040C0140CF
:103410000080214270B51348016821F47061016099
:10342000016841F4407101600F4C0120C4F8A8010B
:10343000D4F8281100290BD0C4F8AC0106F046FEE0
:103440000025C4F8A851D4F8280118B1002070BD97
:10345000002070BD012006F039FEC4F8AC510120F7
:1034600070BD0000040C01400080214210B50B48E3
:10347000016821F470610160016841F440710160EC
:10348000074C002060602060012006F01FFE012034
:1034900060602060BDE8104006F018BE040C0140DA
:1034A000A881214270B500241448016821F470619C
:1034B0000160016841F400610160114D0126C5F809
:1034C000A861012006F002FEC5F8AC61012006F0FB
:1034D000FDFD0AE0641CE4B2322C03D9FFF7C6FFFD
:1034E000002070BD012006F0F1FDD5F8280100286C
:1034F000F0D1C5F8AC01012070BD0000040C014002
:103500000080214210B51446FFF7B1FE2070012063
:1035100010BD2DE9F84305460E46174698466A4603
:1035200031462846FFF7EEFF0124BC40B8F1000FFA
:1035300004D09DF8000044EA000202E09DF800205B
:10354000A243D2B200923146284600F031F8BDE8DD
:10355000F8832DE9F8430646DDF820800F4614462F
:103560001D466A4639463046FFF7CCFFF0B1611C74
:10357000FF20C4F1080200FA01F12A44521ED04093
:103580000143C8B2C5F1080108FA01F808F0FF03C9
:10359000C4F10701CB409DF8002002401A4300927D
:1035A0003946304600F004F8BDE8F8830020FBE718
:1035B00007B502AB012200F001F80EBD2DE9F04184
:1035C00080460F4616461D460024FFF723FF40465F
:1035D000FFF7F0FEFFF766FF3846FFF7EBFEFFF759
:1035E00061FF06E0285DFFF7E5FEFFF75BFF641C67
:1035F000E4B2B442F6D3FFF739FF0120BDE8F08111
:103600000948016809480160094909684160094998
:103610000968816008490968C16008490968016151
:10362000074909684161704748010020302E002099
:103630004C010020500100205401002058010020BE
:103640005C01002041060748826942F00102826164
:103650000548426822F0E062426042680A434260E4
:103660007047000000100240000001402DE9F04FBB
:10367000ABB007469148D0E91056D0E90E43CDE9EA
:103680002956CDE92743269200F1480222AE3CCAD2
:103690003CC6D0E90223CDE92023D0E90423CDE9BB
:1036A0001E2300F158021AAE3CCA3CC6066800F15F
:1036B00068023CCACDE91623CDE91845C269806984
:1036C000CDE91402002012901390109011900C90EC
:1036D0000D900E900F90089009900A900B90069014
:1036E000079005900846FDF7C8F804460D4687F098
:1036F0000040FDF7C2F822462B4606F00FF9FDF711
:10370000FFF8049012AFDFF8B881CDE901870222FB
:1037100022AC012311461046009409F039FA26A97B
:1037200020AACDE9002110A8012302901A461946CB
:10373000022009F02DFA10991298FCF79AFD08F171
:103740000805286011991398FCF793FD68600DF146
:10375000300905F12800CDE9010902231A4619466E
:103760000094184609F014FA16A90223CDE9009135
:1037700008A802901A461946184609F009FA1A993B
:103780000898FCF776FD4F4C20601B990998FCF7D0
:1037900070FD60601C990A98FCF76BFDA0601D9994
:1037A0000B98FCF766FDE0600DF1780B06A802238C
:1037B000CDE900B402901A461946012009F0E8F953
:1037C0000DF1140A14A8CDE9010A06A90123022269
:1037D00000911146184609F0DBF931460598FCF7CF
:1037E00048FD01464FF07E50FCF7CDFD059014A832
:1037F000CDE901070222012311460094104609F089
:10380000C7F90123CDE9007A05F108061A461946E1
:103810000220029609F0BCF9CDE900B5012302228D
:1038200011461846CDF808A009F0B2F9DDE9040107
:10383000FCF771FD0590CDE901A701231A46194651
:103840000220009609F0A4F912992868FCF711FDEE
:10385000C8F8000013996868FCF70BFDC8F804006D
:10386000CDE901B90223012211461846009609F05C
:103870008FF90C992798FCF74EFD0C900D9928981C
:10388000FCF749FD0D900E992998FCF744FD0E9028
:103890000F992A98FCF73FFD0F90022305F12800AD
:1038A000CDE9009402901A461946184609F070F9BD
:1038B000D8F800002BB0BDE8F08F00001CEE000827
:1038C000B0030020942E00202DE9F04FABB0074646
:1038D0000B469549D1E92056D1E91E40CDE929563C
:1038E000CDE92740269201F1800000F1080274CA58
:1038F000CDE92224CDE92456D1E90824CDE92024BC
:10390000D1E90A24CDE91E2400F1180274CACDE9D8
:103910001A24CDE91C564E68D0E90B45826A406BEB
:10392000CDE9174516921990D1E90C01CDE91401A2
:10393000002012901390109011900C900D900E900A
:103940000F90089009900A900B90069007900590B0
:103950001846FCF792FF04460D4687F00040FCF73E
:103960008CFF22462B4605F0D9FFFCF7C9FF0490D7
:1039700012AFDFF8B881CDE90187022222AC012322
:1039800011461046009409F003F926A920AACDE9B2
:10399000002110A8012302901A461946022009F0BE
:1039A000F7F810991298FCF764FC08F108052860F4
:1039B00011991398FCF75DFC68600DF1300905F171
:1039C0002000CDE9010902231A4619460094184641
:1039D00009F0DEF816A90223CDE9009108A80290AB
:1039E0001A461946184609F0D3F81A990898FCF7B0
:1039F00040FC4F4C20601B990998FCF73AFC606032
:103A00001C990A98FCF735FCA0601D990B98FCF7EF
:103A100030FCE0600DF1780B06A80223CDE900B47C
:103A200002901A461946012009F0B2F80DF1140A65
:103A300014A8CDE9010A06A901230222009111462A
:103A4000184609F0A5F831460598FCF712FC014626
:103A50004FF07E50FCF797FC059014A8CDE90107C4
:103A60000222012311460094104609F091F8012327
:103A7000CDE9007A05F108061A4619460220029699
:103A800009F086F8CDE900B5012302221146184657
:103A9000CDF808A009F07CF8DDE90401FCF73BFC57
:103AA0000590CDE901A701231A4619460220009688
:103AB00009F06EF812992868FCF7DBFBC8F80000E3
:103AC00013996868FCF7D5FBC8F80400CDE901B983
:103AD0000223012211461846009609F059F80C9964
:103AE0002798FCF718FC0C900D992898FCF713FC0C
:103AF0000D900E992998FCF70EFC0E900F992A98BC
:103B0000FCF709FC0F90022305F12000CDE9009499
:103B100002901A461946184609F03AF8D8F80000FB
:103B20002BB0BDE8F08F00001CEE0008C803002099
:103B3000A42E002008B50121042001F069FD4FF4F6
:103B40008070ADF8000048208DF8030069460248F7
:103B5000FEF752FF08BD00000008014010B5044602
:103B600000F018F80A4A012807D000205080108081
:103B70005088022809D0002010BD5188641CB1EB88
:103B8000440FF5D2491C5180F2E70120108010BD8E
:103B9000C000002010B54FF480710448FEF7AEFF5E
:103BA00008B1002010BD012010BD00000008014038
:103BB0000E480021C163016441648164C1640165F0
:103BC00041658165C165016641668166C1660167BF
:103BD00041678167C1678162C16201634163816935
:103BE000C1614FF0FF31816307F082BEC001002048
:103BF0002DE9FF5F05460E46D7480090A81900EB57
:103C0000D0704010FCF7A8FD0446D4484FF40008DB
:103C10000068FCF7A1FD444504DB2146FCF77EFB70
:103C2000814603E02146FCF724FB8146CC4F444506
:103C300001DBB94503D2BC4203D3C14501DB4FF0E0
:103C40000009C84CC848E16E00680390FCF763FBAC
:103C5000C649FCF766FB82460398E066616D4846FC
:103C60008B46FCF758FBC249FCF75BFB5946FCF757
:103C700000FB606501464846FCF74DFBA16D894697
:103C8000FCF749FBDFF8ECB25946FCF74AFB494622
:103C9000FCF7EFFA8146A065E16D50460291FCF712
:103CA0003AFBB349FCF73DFB0299FCF7E2FAE06509
:103CB00001465046FCF72FFB216E8A46FCF72BFB92
:103CC0005946FCF72EFB5146FCF7D3FA8346206693
:103CD00049464846FCF725FB8246A749606EFCF73B
:103CE00020FB5146FCF7C5FA8246606659464846B5
:103CF000FCF717FB8146A049A06EFCF712FB494672
:103D0000FCF7B7FAA0664FF07E59CA4508DD514668
:103D1000FCF739FB6063B84202D380F00040606377
:103D2000E16B03988A46FCF7F6FA9449FCF7F9FA36
:103D30005146FCF79EFAE06301460398FCF7EBFA64
:103D4000216C8A46FCF7E7FA8D49FCF7EAFA5146FE
:103D5000FCF78FFA20640146FCF7E3FA616C8B46AE
:103D6000FCF7D9FADFF81CA25146FCF7DAFA5946FB
:103D7000FCF77FFA6064FCF780FD09F0D5FAFCF7E8
:103D8000BFFD8149FCF7FFFAA0628048A16C006882
:103D90008B460190FCF7BFFA7D49FCF7C2FA594601
:103DA000FCF767FAA06401460198FCF7B4FAE16CED
:103DB0008B46FCF7B0FA7749FCF7B3FA5946FCF7A3
:103DC00058FAE0640146FCF7ACFA216D8B46FCF72B
:103DD000A2FA5146FCF7A5FA5946FCF74AFA2065C3
:103DE000FCF74BFD09F0A0FAFCF78AFDE0624FF406
:103DF0002F60854208DA41428D4205DD864203DAB2
:103E00008E4201DD4FF000094846216B0D46FCF75C
:103E100082FA5146FCF785FA2946FCF72AFA206314
:103E2000206A002804DBE061BDE8FF5F07F060BDA9
:103E3000E06C0026B84201D380F00040E168FCF756
:103E400085FD16D22168A06AFCF776FD11D2E069E3
:103E500004280EDA0420E06166644F48E067606A77
:103E6000401C606226676667A667BDE8FF5F07F0D3
:103E70003FBDE06F404503DB0099FCF74CFAE0677B
:103E8000A06F404509DB0099FCF745FAA06726675B
:103E90006667BDE8FF5F07F02BBD2168A06AFCF7ED
:103EA00055FD31D2E06900282EDDE06F40452BDA68
:103EB0000125276901212068FCF7A3FAA16AFCF714
:103EC0003BFD05D2022535492069FCF72AFA074651
:103ED00066670099206FFCF7CCF920673946FCF73C
:103EE00035FD0DD8E069401BE061002800DAE6618D
:103EF00026674FF0FF316069FCF783FAA0676664BC
:103F0000BDE8FF5F07F0F4BC26676168E06AFCF774
:103F10001DFD1CD2A168A06AFCF70EFD17D2E06956
:103F2000042814DA0099606FFCF7A3F9054660676E
:103F30001B492069FCF7F5F92946FCF7FDFC07D879
:103F4000E069401CE06166676069A06700E0666741
:103F5000BDE8FF5F07F0CCBC0AD7A33B2C010020D3
:103F600000008080C00100201000002000004843B5
:103F7000D34D223E9487C53E77BE7F3F5CAB4D3E1E
:103F80000745AB3E9D4A863C333383410C000020FD
:103F900037FA183CD027723D000040409A99993E6C
:103FA0009A99193F054800218161C161016241620E
:103FB0008162C16201210161704700008801002017
:103FC000042800D3032006490860C0EBC00205485E
:103FD00000EBC200026B8A60406BC8607047000053
:103FE0008801002090E0000810B51F48006810F01C
:103FF000FF4F04D11D48006810F0FF4F01D0012190
:1040000000E000211A48006800F044F819494868A7
:10401000012802D0022803D004E00020086101E05A
:1040200001200861144A086930B10868C0EBC0007B
:1040300002EBC000183004E00868C0EBC00002EBDF
:10404000C0000E4A016811600D4A416811600D4AB6
:10405000816811600C4AC16811600C4A01691160E5
:104060000B494069086010BD2C0000203000002082
:10407000100000208801002090E000084801002086
:104080004C01002050010020540100205801002064
:104090005C0100202DE9F04107460C463A4E3B4DAD
:1040A0003846A9698846FCF736F93949FCF739F9E9
:1040B0004146FCF7DEF8A86101463846FCF72BF9CB
:1040C000E9690F46FCF727F93249FCF72AF9394626
:1040D000FCF7CFF8E8610146FCF723F9296A0F469F
:1040E000FCF719F92C49FCF71CF93946FCF7C1F823
:1040F0002862FCF7C2FB09F017F9FCF701FC27491D
:10410000FCF741F968612649EA6A8A4207DA3146D2
:104110001046FCF7AEF8E8622869BDE8F081002798
:1041200014B16F622869F8E7AA6AB2F5000F07DBDD
:1041300031461046FCF7EFF8A8626F622869ECE799
:104140002C692CB9A968FCF7F7FB01D2012407E020
:10415000286928B1E9686869FCF7F8FB00D20024F7
:10416000286984420CD03146686AFCF782F868629C
:10417000B0F1804F05DB2C616F620A48A86200E055
:104180006F622869C9E700000AD7A33B88010020B5
:104190001FBAE83E9296163F9D4A863C33338341D0
:1041A0006666663F0000404070B51F4B5C89002189
:1041B0001E4DD5F82001DA89C82A10D298B1B0F581
:1041C000C87F10D8521C92B2DA81588100F1C8061B
:1041D0009E81C72A03D101225A70C822DA819A89A6
:1041E000904200D284B2491CC9B20529E3D3D889D0
:1041F000C82809D328680E4D401EB0F5C77F04D8E3
:104200000C4900200860286070BD01F003FF588948
:10421000FCF7ABFA06462046FCF7A7FA3146FEF754
:104220007FF8286070BD000030040020E0300020DE
:10423000300000202C0000202DE9F0472D4C258A6D
:1042400000212D4E0123D6F82001A28AC82A0FD2C0
:1042500090B1B0F5C87F0FD8521C92B2A2822082D2
:1042600000F1C8076782C72A02D1A370C822A282C0
:10427000628A904200D285B2491CC9B20529E4D3B2
:10428000A08AC82818D33068DFF870801C4FDFF888
:104290007490002690B1618A88420FD2A07940B90B
:1042A000A3711948C8F8000018483860012005F0CB
:1042B00003FFC9F80060E663BDE8F08707F086F900
:1042C0000028F9D1A07901280DD001F0A3FE208AA1
:1042D000FCF74BFA04462846FCF747FA2146FEF75E
:1042E0003BF83860E8E7A671C9F800603E60C8F89E
:1042F0000060E1E730040020E03000206C01002085
:10430000300000202C0000200000F041000016C406
:104310001FB50121084601F07BF90121042001F0BD
:1043200077F94FF48054ADF80C4048208DF80F0019
:1043300003A91148FEF760FB0C210020FEF748FBA3
:10434000019400208DF808000C208DF8090001244C
:104350008DF80A4001A8FEF76DF928208DF80000BD
:1043600002208DF801008DF802408DF80340684668
:1043700000F07AF81FBD00000008014010B50220CF
:1043800000F011F8032000F020F8002000F014F8ED
:10439000002000F02FF8002000F026F8BDE81040C3
:1043A000002000F01BB808B50323009002226B2107
:1043B000D020FFF7CEF808BD08B5022300900422F4
:1043C0001C21D020FFF7C5F808BD08B502230090D6
:1043D00004221B21D020FFF7BCF808BD03460122B0
:1043E0003721D020FFF795B8034605226A21D02057
:1043F000FFF78FB8034606226B21D020FFF789B85C
:10440000FEE7000010B5002401231A46194611A04A
:1044100000F05FF80FE0002001F07CFA0444012076
:1044200001F078FA201A04B2204605F099FC08F051
:1044300095FD02F08DFC0120FFF790FB0028EAD0EB
:1044400001F04CFC01F084FD01F0A4FDBDE810403A
:1044500001F06EBC312E5374616E64617264204D44
:104460006F6465007047000070B50F23C2780126A5
:104470000178002A1ED0144A126802F4E062C2F5E4
:10448000E062120AC2F10404D3404578A540827864
:104490001A402A43120101F1E02181F8002400783A
:1044A00000F01F018E404009800000F1E020C0F8BC
:1044B000006170BD01F01F0086404809800000F1D6
:1044C000E020C0F8806170BD0CED00E0002001F03C
:1044D000D5BA38B51446491E022908D801EB810126
:1044E00049060A0E00932346002100F001F838BD6A
:1044F0002DE9F0410746069C0D461646002B01D0DB
:10450000FFF7E4FF3146284601F0C4FA01220649CC
:10451000384601F019FB002C03D0BDE8F04100F053
:104520007DB9BDE8F0810000A400002010B500F0C6
:1045300015F800F0D3F80123BDE810401A461946DB
:1045400001A0FFF7C6BF00006F6C656420696E694B
:104550007420737563636573732100000748816974
:1045600041F0080181610648016821F0FF01016006
:10457000016841F033010160704700000010024003
:10458000040C01402DE9F04105461448016821F072
:10459000F0010160016841F030010160104E4FF000
:1045A0000008C6F8A08100240127E809C6F8A40184
:1045B0006806050E0120FDF7A2FEC6F8A0710120D5
:1045C000FDF79DFEC6F8A0810120FDF798FE641C52
:1045D000E4B2082CE9D3BDE8F0810000040C0140EE
:1045E0000080214270B51348016821F0F00101609C
:1045F000016841F0300101600F4C0120C4F8A401B2
:10460000D4F8241100290BD0C4F8A001FDF777FEDF
:104610000025C4F8A451D4F8240118B1002070BDBD
:10462000002070BD0220FDF76AFEC4F8A0510120F1
:1046300070BD0000040C01400080214270B50D489F
:10464000016821F0F0010160016841F03001016072
:10465000094C0020206060600220FDF750FE01251B
:1046600025600120FDF74BFE6560BDE8704002202B
:10467000FDF745BE040C0140A081214270B5002425
:104680001448016821F0F0010160016841F08001E7
:104690000160114D0126C5F8A4610120FDF72FFE30
:1046A000C5F8A0610120FDF72AFE0AE0641CE4B20F
:1046B000322C03D9FFF7C2FF002070BD0120FDF7A7
:1046C0001EFED5F824010028F0D1C5F8A001012074
:1046D00070BD0000040C01400080214210B540F67E
:1046E000C410401E0028FCD1AE2200213C2008F05E
:1046F00057FEA62200213C2008F052FEAE220021E7
:104700003C2008F04DFED52200213C2008F048FE58
:10471000802200213C2008F043FEA82200213C20FA
:1047200008F03EFE1F2200213C2008F039FED32273
:1047300000213C2008F034FE002211463C2008F005
:104740002FFE402200213C2008F02AFE8D2200216D
:104750003C2008F025FE142200213C2008F020FE19
:10476000202200213C2008F01BFE022200213C20D8
:1047700008F016FEA12200213C2008F011FEC822FC
:1047800000213C2008F00CFEDA2200213C2008F039
:1047900007FE022200213C2008F002FE81220021B7
:1047A0003C2008F0FDFDCF2200213C2008F0F8FD60
:1047B000D92200213C2008F0F3FDF12200213C2009
:1047C00008F0EEFDDB2200213C2008F0E9FD40224C
:1047D00000213C2008F0E4FD2E2200213C2008F0BE
:1047E000DFFDA42200213C2008F0DAFDA6220021F2
:1047F0003C2008F0D5FDAF2200213C2008F0D0FD80
:10480000002001F03BF901F0B3F9034800210180D9
:1048100041800121417110BD9C00002001F0A8B928
:1048200070B50546FFF752FE0024295D202903D20A
:10483000A0B2012201F000F9641C802CF5DBBDE878
:104840007040FFF7EBBF2DE9F04104460F461646D6
:104850001D46FFF7C7FE68B16006000EFFF792FE27
:10486000FFF70CFF48B13846FFF78CFEFFF706FF55
:1048700000240DE00120BDE8F081FFF7DFFE0120FC
:10488000F9E7285DFFF77EFEFFF7F8FE30B1641C04
:10489000B442F6DBFFF7D2FE0020ECE7FFF7CEFED6
:1048A0000020E8E71FB56B4601AA02A903A808F09B
:1048B0000BFF9DF80800394B01280AD19DF80C1018
:1048C00039B99DF80410012903D19DF80010012980
:1048D00005D09DF80C1050EA010403D00AE0FF2037
:1048E00018701FBD9DF80420012A03D19DF80020F7
:1048F000012A01D018B10CE0FE2018701FBD01295B
:1049000007D19DF80420012A03D19DF80020012A37
:1049100004D09DF80420144303D006E0FD20187055
:104920001FBD9DF80040012C02D0012803D009E0F2
:10493000FC2018701FBD012904D11AB99DF8004050
:10494000012C02D0012803D008E0012018701FBDFF
:10495000012903D112B99DF8004014B1012803D0F8
:1049600009E0022018701FBD012904D1012A02D1DB
:104970009DF8004014B1012803D007E0032018700F
:104980001FBD19B912B99DF8000020B11143F7D12C
:10499000002018701FBD042018701FBDF8020020F1
:1049A0000149085C70470000080800200020044A04
:1049B00000211154401CC0B20928FAD370470000EE
:1049C000080800202DE9F8438046012500951A4E7D
:1049D000002777700095194C24E0BDF8000010EA1C
:1049E000080F02D0C4F8BC5101E0C4F8BC71C4F88F
:1049F000B451052005F06AFBC4F8B471052005F038
:104A000065FBC4F8B451D4F8380120B17178BDF811
:104A1000000001437170BDF800004FF6FF7101EA1C
:104A200040000090BDF80000FF28D6D9BDE8F8434B
:104A3000102005F04BBB0000080800200080214238
:104A40002DE9F05F0720FFF7ABFF7A4CA06008204C
:104A5000FFF7A6FFE0600520FFF7A2FF2061062018
:104A6000FFF79EFF606100F0F5F8A061A268724B4D
:104A70004FF002094FF0030A4FF0040B4FF0010C06
:104A80004FF00008FF2A08D1E168FF2905D121690C
:104A9000FF2902D16169FF2902D0616831B107E0C5
:104AA000616801295BD1C4F8048058E0C4F804C0EF
:104AB000322A02DAE168322905DB2169322905DA76
:104AC0006569322D02DA0721197048E0962A02DD65
:104AD000E568322D04DB962905DD6569322D02DAA1
:104AE000082119703BE0322A02DAE568962D04DCD1
:104AF000322905DA6569962D02DD092119702EE04B
:104B0000962A02DDE568962D04DC962905DD6569A7
:104B1000962D02DD0A21197021E0E5685A2D02DB8D
:104B200066695A2E03DA83F800C0BDE8F09F962D1F
:104B300001DC962E02DD83F80090F6E75A2A01DBAD
:104B40005A2902DA83F800A0EFE7962A01DC9629B9
:104B500002DD83F800B0E8E708B983F80080401F61
:104B60003649374E374F384D0C284AD2DFE800F02F
:104B70003D404346062206223D4043462078401CE5
:104B8000C0B22070052801D9052020703068FBF7DD
:104B900070FB0446306039462868FBF76AFB014623
:104BA00028602A48844200DD306029488142BCDD0B
:104BB0002860BAE72078401EC0B2207008B984F897
:104BC00000C088463068FBF7A6FB044630603946D3
:104BD0002868FBF7A0FB01462860444501DAC6F8C7
:104BE0000080B942A1DA2F609FE783F800C09CE7FC
:104BF00083F800B099E783F8009096E783F800A067
:104C000093E76068012802D083F800808DE7E068B0
:104C10005B38312889D25B3A312A86D260695B38A9
:104C2000312882D220695B38312886D283F800800F
:104C30007BE70000D4020020860200200000204113
:104C40006001002000004041640100200000484253
:104C50000000704270B5FFF7A9FE00F0BDF80D48E6
:104C6000C178007941EA00210B48418000200A4BBD
:104C70001B1D012513F81040641E05FA04F20A42B8
:104C800002D1401CC0B270BD401CC0B21028F1D38C
:104C9000002070BD08080020F200002010B5144C60
:104CA00000202060102005F011FA0120FFF78AFE95
:104CB0004320FFF787FE0020FFF784FE0120FFF767
:104CC00081FE0020FFF77EFE0020FFF77BFE002024
:104CD000FFF778FE0020FFF775FE0020FFF772FE59
:104CE00001202060BDE81040102005F0EFB9000061
:104CF000B081214210B5144C00202060102005F036
:104D0000E5F90120FFF75EFE4320FFF75BFE002080
:104D1000FFF758FE0020FFF755FE5A20FFF752FE1E
:104D20005A20FFF74FFE5A20FFF74CFE5A20FFF79C
:104D300049FE5A20FFF746FE01202060BDE81040E2
:104D4000102005F0C3B90000B0812142F8B501215F
:104D5000082000F05DFC48208DF803004FF48040EF
:104D6000ADF8000003248DF802401A4E6946304623
:104D7000FDF742FE0121082000F04AFC10258DF8C5
:104D80000350E802ADF800008DF802406946304655
:104D9000FDF732FE0121082000F03AFC8DF80350A7
:104DA0002802ADF800008DF8024069463046FDF754
:104DB00023FE0121082000F02BFC8DF8035068022F
:104DC000ADF800008DF8024069463046FDF714FE4C
:104DD000F8BD0000000C01402DE9FC4100270197BF
:104DE00001260096204CC4F8B071204D2878FFF7BA
:104DF000E9FD6878FFF7E6FD022001902CE00096BF
:104E00001B4D4FF6FF781CE0C4F8B461052005F097
:104E10005DF9C4F8B471052005F058F9C4F8B4611F
:104E2000D4F8380140B19DF80400BDF80010285CAA
:104E300008439DF804106854BDF8000008EA4000DB
:104E40000090BDF80000FF28DED9102005F03EF9E3
:104E50009DF80400401C01909DF804000928CED361
:104E6000C4F8B061BDE8FC8100802142F20000205E
:104E70000808002010B500F00DF800F00BF800F065
:104E800009F8FFF70BFF00F025F8BDE81040FFF729
:104E900031BF000010B50E4C00202060102005F03E
:104EA00015F90120FFF78EFD4220FFF78BFD002052
:104EB000FFF788FD0020FFF785FD0020FFF782FD4A
:104EC00001202060BDE81040102005F0FFB8000070
:104ED000B081214210B5124C002020600120FFF764
:104EE00071FD4420FFF76EFD0020FFF76BFD0120F0
:104EF000FFF768FDEE20FFF765FD0020FFF762FD7C
:104F00000020FFF75FFD0020FFF75CFD0020FFF7AA
:104F100059FD01202060BDE81040102005F0D6B8F2
:104F2000B08121420549002802DD09680844704724
:104F3000FDDA4968A0EB0100704700002C01002059
:104F4000884200DD0846904200DA104670477047FC
:104F50002DE9F0478046894616461F46294C002514
:104F6000A088002814D1304607F065FE82463846F6
:104F700007F061FE5044322803DAE088401CE080EC
:104F800000E0E580E0880A2802D90120A080E580C1
:104F9000A088012820D12089401C80B22081C82807
:104FA00001D92581A5801848DFF860A0804513DD70
:104FB000DAF800001438FBF7CFFB4946FBF7BCFCDE
:104FC0000AD2DAF800001430FBF7C6FB4946FBF7BB
:104FD000BDFC01D20220A080A088022810D16089E7
:104FE000401C80B26081642801D96581A580F019D8
:104FF00007F021FE322803DDA5800120BDE8F087FF
:105000000020FBE71801002000E0AB46280000204C
:105010002DE9F04F8BB0DFF8E4820125002798F8E6
:105020000100B74C3038052811D2DFE800F00E033C
:1050300005080B00A5700BE00220A07008E003201B
:10504000A07005E00420A07002E0A77000E0A77047
:1050500098F80300312801D10521A170322801D12F
:105060000620A070A548FBF7E2F815280AD22770A1
:105070005021A248FBF7C4F80BB0A2A0BDE8F04F46
:1050800002F054BA98F80500312802D0322808D02E
:105090000EE000F071F9052004F0F2FF00F06CF969
:1050A00006E000F07DFC00F067F99BA002F03EFAFC
:1050B00098F80700312802D0322805D008E0656052
:1050C00095A002F033FA03E0676093A002F02EFA95
:1050D00098F80900DFF848B2312853D11C2104A800
:1050E000FBF78EF802970397009701978DA18348ED
:1050F00000F0E0FF0646701C7ED0E06808EB060971
:10510000821B494604A8FBF762F887A104A800F0B7
:10511000D1FF0546681C6FD0AA1E0DF1100A0DF1D3
:10512000120102A8FBF753F802A804F0C5FC002204
:105130005B46FBF719FAFBF7E3FB7C4908601C218F
:1051400004A8FBF75DF8E16870190A1A09EB05017C
:10515000491C04A8FBF73BF873A104A800F0AAFFC0
:10516000411C49D0821E0AF102016846FBF72FF864
:10517000684604F0A1FCFBF7C3FB6D49086066A01C
:1051800002F0D4F998F80B00312855D11C2104A85D
:10519000FBF736F8029703970097019765A15748E8
:1051A00000F088FF0646701C26D0E06808EB060970
:1051B000821B494604A8FBF70AF85BA104A800F08B
:1051C00079FF0546681C17D0AA1E0DF1100A0DF1D3
:1051D000120102A8FAF7FBFF02A804F06DFC0022FE
:1051E0005B46FBF7C1F9FBF78BFB534908601C21B9
:1051F00004A8FBF705F800E07DE0E16870190A1AE1
:1052000009EB0501491C04A8FAF7E1FF46A104A82F
:1052100000F050FF411C6ED0821E0AF10201684668
:10522000FAF7D5FF684604F047FCFBF769FB4349F2
:10523000086039A002F07AF998F80D00312852D1AF
:105240001C2104A8FAF7DCFF029703970097019747
:105250003BA12A4800F02EFF0646701C4BD0E068A8
:10526000B044821B414604A8FAF7B1FF2EA104A85E
:1052700000F020FF0546681C3DD0AA1E0DF1100964
:105280000DF1120102A8FAF7A2FF02A804F014FC23
:1052900000225B46FBF768F9FBF732FB29490860FF
:1052A0001C2104A8FAF7ACFFE16870190A1A08EB90
:1052B0000501491C04A8FAF78AFF23A104A800F0FD
:1052C000F9FE411C17D0821E09F102016846FAF767
:1052D0007EFF684604F0F0FBFBF712FB1B490860F9
:1052E0000DA002F023F927700BB05021BDE8F04F5C
:1052F0000248FAF785BF0BB0BDE8F08FE02D002023
:105300008402002024526563656976655061636B91
:105310004572726F72230000244F4B23000000007F
:1053200000005940415000002C00000048010020BE
:105330004C01002056500000500100205401002074
:105340005450000058010020230000005C010020A0
:1053500010B507480749826801F15000521CFAF75E
:1053600036FFBDE8104050210248FAF749BF00005F
:1053700084020020902D002070B532215D48FAF79C
:105380003FFF5C485CA11C380968C1615B485C4C0C
:105390000068A0427DD25B4D2946FAF7F4FFFBF787
:1053A0006CFA02460B4658A1594803F033F85948A5
:1053B0000068A0426ED2FBF760FA024654480B46E2
:1053C00051A10A3003F026F853480068A0427CD26D
:1053D0002946FAF7D8FFFBF750FA02464C480B462D
:1053E00049A1143003F016F84C480068A04271D26D
:1053F000FBF743FA024646480B4643A11E3003F032
:1054000009F847480068A04269D22946FAF7BBFF6D
:10541000FBF733FA02463E480B463BA1283002F028
:10542000F9FF40480068A0425ED2FBF726FA024628
:1054300037480B4634A1323002F0ECFF34492D4896
:10544000FAF7E9FE38A12B48FAF7E5FE304929487A
:105450000A31FAF7E0FE35A12648FAF7DCFE2C49BE
:1054600024481431FAF7D7FE31A12248FAF7D3FEC7
:10547000274920481E31FAF7CEFE2EA11D48FAF723
:10548000CAFE23491B482831FAF7C5FE2AA119484C
:1054900001E010E014E0FAF7BEFE1D491548323174
:1054A000FAF7B9FE25A11348FAF7B5FEBDE870403A
:1054B000104802F03BB8BDE8704021A002F036B8B9
:1054C000BDE870401EA002F031B8BDE870401CA0DD
:1054D00002F02CB8BDE8704019A002F027B8BDE872
:1054E000704017A002F022B8BDE8704014A002F08E
:1054F0001DB80000A00200202441500048010020F7
:10550000000080800000C84225332E326600000073
:10551000482E00204C0100205001002054010020A2
:10552000580100205C0100202C4144002C56500002
:105530002C5649002C5450002C54440023000000E9
:10554000244765745049444572726F72230000000D
:105550002DE9F04180460D46164617480078002890
:1055600004D0164C164FA08918B116E00020BDE8F3
:10557000F08138680A38FBF7EFF84146FBF7DCF9B1
:105580000BD238680A30FBF7E7F84146FBF7DEF943
:1055900003D215B90EB90120A081A089012809D133
:1055A0002D1F242D02D3361F242E03D20020A081CC
:1055B0000120DCE70020DAE70400002018010020C9
:1055C00028000020034A516821F440410143516002
:1055D0007047000000100240054A002903D0D1693D
:1055E0000143D1617047D1698143D16170470000A7
:1055F00000100240054A002903D0116901431161DE
:10560000704711698143116170470000001002402A
:10561000054A002903D0916901439161704791695E
:10562000814391617047000000100240054A002943
:1056300003D0D1680143D1607047D1688143D16004
:10564000704700000010024010B5264A516801F072
:105650000C01254B002927D0042927D0082927D061
:105660000360516801F0F0010909204B5C5C01689E
:10567000E1404160546804F4E064240A1C5D21FAAE
:1056800004F48460546804F46054E40A1B5DD94057
:10569000C160526802F44042920B144B1B1F9A5C8B
:1056A000B1FBF2F1016110BD0360DAE70360D8E7F6
:1056B000516801F47011536803F48033022404EB41
:1056C000914133B153689B0307D5094B594301609E
:1056D000C7E7074B59430160C3E7034B59430160D8
:1056E000BFE700000010024000127A004C000020CA
:1056F00000093D002DE9F04700240025174E4FF02A
:105700000108C6F8008000277760FCF745FEC6F860
:1057100004803760FCF740FEC6F800807760A6F58D
:10572000C876FCF739FEDFF83890C6F89071FCF7C0
:1057300033FEFCF731FE0420FDF7ECF9000929F8EF
:1057400015006D1CEDB2C6F89081FCF725FE641CB7
:10575000E4B2802CE9D3BDE8F087000090812142BB
:10576000880600202DE9F04F8BB0684E07A8CDE9E0
:10577000006006F1260108AB03AA881F04F022FE90
:105780003088C0057ED50398FAF7E6FF6FF01D0854
:105790004146FAF736FE044670600498FAF7DCFFDB
:1057A0004146FAF72EFE0746B0600598FAF7D4FF97
:1057B0004146FAF726FE0546F0600698FAF7CCFF58
:1057C0004146FAF71EFE8046306101212046FAF775
:1057D00018FE2946FAF7A5FD05464FF0404421463C
:1057E0003846FAF79EFD4146FAF79BFD2946FAF73F
:1057F00040FDFBF742F803F049FEDFF814814FF05B
:1058000066373A464346FAF7AFFEFBF779F8706120
:10581000F06801210546FAF7F4FD82462946FAF7B9
:1058200080FD0546B06821468146FAF77AFD494673
:10583000FAF777FD2946FAF76EFD4FF07E51FAF739
:1058400018FDFBF71AF804460D4601217068FAF7B7
:10585000D8FD4946FAF765FD814650463169FAF7A9
:1058600060FD4946FAF705FDFBF707F822462B468F
:1058700004F054F83A464346FAF776FEFBF740F850
:10588000B06100E03FE0316989464846FAF749FDDA
:10589000F168044608460A91FAF743FDB1680546E7
:1058A0008A465046FAF73DFD7168834608460991DD
:1058B000FAF737FD5946FAF7DCFC2946FAF72BFDD3
:1058C0002146FAF728FDFAF7D8FF04460D46494667
:1058D0000998FAF726FD814650460A99FAF721FD04
:1058E0004946FAF7C6FC0121FAF78BFDFAF7C5FF26
:1058F00022462B4604F012F83A464346FAF734FEA5
:10590000FAF7FEFFF0610BB0BDE8F08F60000020F9
:1059100066A64C400021002803D0012806D00020B4
:105920007047054AB2F9000011807047034AB2F986
:10593000000011807047000024040040240800404B
:1059400010B54221D020FDF792FC04464121D02021
:10595000FDF78DFC04EB0020FAF707FFB0F18E4F46
:1059600003DD4FF08F41FAF7D6FC0949FAF70BFD3A
:10597000FAF783FF074A084BFAF74FFD0022074B5F
:10598000FAF7F2FDFAF7BCFFBDE81040FAF710BFD6
:105990000000AA43A4703D0AD743424000002440BF
:1059A0002DE9F047DFF874A0DFF87490DFF8748019
:1059B0001D4F1E4D1E4C1F4EDAF800002168FAF7ED
:1059C000BBFF02D02068CAF800006168D9F8000067
:1059D000FAF7B2FF02D06068C9F80000A168D8F8F1
:1059E0000000FAF7A9FF02D0A068C8F80000E1683B
:1059F0003868FAF7A1FF01D0E068386021692868AB
:105A0000FAF79AFF01D02069286061693068FAF7D7
:105A100093FF01D060693060BDE8F0874801002045
:105A20004C010020500100205401002058010020AA
:105A3000302E00205C01002030B5802813D22029B0
:105A400011D20C4B1B790BB172B10022012301F072
:105A50000704A340C908084D00EBC110012A05D076
:105A6000295C9943295430BD0122EFE7295C194391
:105A7000295430BD9C00002088040020002805D057
:105A8000FF224FF400710248FAF7B3BB0022F8E797
:105A900088040020014A1080518070479C0000203B
:105AA0002DE9F04782460E469146DFF8988031781E
:105AB000B8F800000844802805D2B8F802007178D0
:105AC0000844202802D30020BDE8F08700252BE001
:105AD000AAF1200101FB0050726832F81070002416
:105AE0001EE007FA04F000040BD5B8F802004A469D
:105AF000284481B2B8F80000204480B2FFF79CFF30
:105B00000DE0B9F1000F1AD00022B8F802002844C5
:105B100081B2B8F80000204480B2FFF78DFF641C0A
:105B20003078A042DDD86D1C7078A842D0D8B8F883
:105B3000000031780844A8F800005046C4E701226C
:105B4000E3E700009C00002070B504460D461646B1
:105B500009E032462946FFF7A3FF2178884201D0A9
:105B6000207870BD641C20780028F2D1207870BDA8
:105B700070B500240E4D04F1B000C2B200213C20EB
:105B800007F00EFC002211463C2007F009FC102211
:105B900000213C2007F004FC05EBC41280234021C7
:105BA0003C2007F003FC641CE4B2082CE3D370BD76
:105BB000880400207047000010B5094CA069401E01
:105BC000A0616168012905D120B9FBF75BFD05489B
:105BD00001F0ACFCA069002801D10120A06110BD3A
:105BE00084020020402D0020AFF300800CB500227D
:105BF000019200922748016841F4803101604FF41E
:105C0000A063016801F4003100910199491C0191E0
:105C1000009911B901999942F3D10168890302D51C
:105C20000121009100E000920099012930D11A4928
:105C30000A6842F010020A600A6822F003020A6051
:105C40000A6842F002020A604168416041684160AE
:105C5000416841F480614160416821F47C114160F8
:105C6000416841F4E8114160016841F080710160D0
:105C700001688901FCD5416821F003014160416858
:105C800041F0020141604168C1F381010229FAD16A
:105C90000CBD0000001002400020024002490148F3
:105CA000086070470000F0412C00002004480549BE
:105CB00002780548052A01D00160704701607047ED
:105CC000F1020020000070412C0000200249014830
:105CD00008607047000070412C000020124800212D
:105CE000427812481B2A10D2DFE802F00E0E0E0E88
:105CF0000E0E0E17171717171B1B1B1B1B1B101342
:105D00000E0E0E0E0E0E0E00016070470121016096
:105D100070476FF00301016070474FF0FF31016081
:105D20007047016070470000F0020020280000204A
:105D30002DE9F05F4B48DFF830814C4A4078DFF8BE
:105D400030914C4BDFF830A14C4CDFF834B14D4D65
:105D50004D4E4E4F4E49032825D0092823D0DFF859
:105D600034E1DFF834C113282AD0082834D01028B1
:105D70003ED011283CD0142846D0192853D01A28D8
:105D800055D0A0F1150CBCF1030F5AD8162852D0EB
:105D9000172852D0182852D00020FEF711F9BDE87C
:105DA000F05FFEF7FFB8C2F80080C3F80090C4F8B7
:105DB00000A0C5F800B0394830600F60BDE8F09F22
:105DC00037481060C3F800E0C4F800A0C5F800B080
:105DD000C6F800C00F60F1E732481060C3F800E079
:105DE0003148206031482860C6F800C00F60E5E700
:105DF0002F481060C3F800902E4820602E4828607D
:105E0000C6F800C00F60D9E72C4810602C48186015
:105E10002C4820602C4828602C4830602C480860B2
:105E20002C490860CAE7BDE8F05FFDF7C1BEBDE8D8
:105E3000F05F01F04BBE0120AFE70220ADE7032089
:105E4000ABE718B1042801D00F28B7D1C2F8008001
:105E5000214818602148206021482860214830608E
:105E60000F60ABE7F002002000001646480100205A
:105E7000000096424C01002000C0DA45500100208D
:105E800000000C4254010020580100200000A041F5
:105E90005C0100200000904200401C450000AF441F
:105EA00000B01A4600803B460000FA450000204240
:105EB00000601F4600A00C4600003442CD9AAD465B
:105EC0003333054266DEE3459A99AD4166C0144618
:105ED000333315426C0100200000404200C0C14530
:105EE0000000F8410080D4442DE9F0478946174D61
:105EF00000242E1D002801D12C803480134F083738
:105F000007F10408B9F1000F02D13C80A8F8004065
:105F1000002804DD06F08FFE30802C8003E0348002
:105F200006F089FE2880B9F1000F07DD484606F02B
:105F300082FE3880A8F80040BDE8F0873C804846E3
:105F400006F079FEA8F80000F6E7000034340140BE
:105F50000F494878052812D0132810D006280ED0F3
:105F600012280FD0072810D008280ED009280CD0EE
:105F70000A280AD00B2808D0282008707047102063
:105F8000087070471920087070471E20087070470D
:105F9000F002002010B51048104B11494078114A0A
:105FA000002811D003280FD0A0F11504032C0BD921
:105FB000192809D01A2807D0142809D0042802D19A
:105FC0000B600948106010BD0B600848106010BDE0
:105FD00000200860106010BDF00200200000F041B9
:105FE00060010020640100200000404200001042D7
:105FF000054801680548002902D00549016070473D
:106000000021016070470000CC0000202C0000201F
:1060100000000C42024901480860704700007041CE
:106020002C00002010B5A52001F04AFBBDE810406F
:10603000602001F045BB10B5A52001F041FBBDE893
:106040001040652001F03CBB2DE9F04706460024D6
:10605000DFF85480DFF85490A8F5B4671FE008EB30
:1060600004150022D5E90201114BFAF731FC14D3D3
:10607000D5E9020100221346FAF712FC0DD3D5E947
:106080000201FAF7E1FB80B22A6847F82020B9F84C
:1060900006108A4201D947F82010641CE4B2B442C9
:1060A000DDD3BDE8F0870000803600202804002002
:1060B0000080764030B50346002014E00C78A24200
:1060C00010D1002205E0521C85188C5C5D5DAC424D
:1060D00005D18C5C1CB184181C5D002CF3D18A5C4A
:1060E000002A04D0401C1A5C002AE7D1501E30BDA3
:1060F0004FF0E021042804D0086920F00400086172
:106100007047086940F0040008617047704700005C
:1061100010B50F48016841F00101016041680D4A66
:106120001140416001680C4A11400160016821F48E
:1061300080210160416821F4FE0141604FF41F019C
:106140008160FFF751FD05494FF00060086010BD08
:10615000001002400000FFF8FFFFF6FE08ED00E02F
:1061600070B5048C24F001040484058B048C25F0A4
:10617000F3054FF6FF7606EA031313432B43104A49
:1061800090420ED00F4A90420BD0B0F1804F08D011
:106190000D4A904205D00D4A904202D00C4A9042DE
:1061A00005D124F002020A4342F0010104E024F088
:1061B0000A020A4342F001010383018470BD00001A
:1061C000002C014000340140000400400008004061
:1061D000000C0040F0B5048C24F010040484068BFD
:1061E000048C4FF6FF7505EA011726F4734605EA9D
:1061F0000333334305EA02221A43104B98420ED070
:106200000F4B98420BD0B0F1804F08D00D4B984205
:1062100005D00D4B984202D00C4B984205D124F08A
:106220002001394341F0100104E024F0A0030B43A6
:1062300043F0100102830184F0BD0000002C0140F6
:10624000003401400004004000080040000C004001
:10625000F0B5048C24F480740484858B048C4FF690
:10626000FF7707EA012625F0F30507EA0313134336
:106270002B43104A90420ED00F4A90420BD0B0F1FF
:10628000804F08D00D4A904205D00D4A904202D06E
:106290000C4A904205D124F40071314341F48071DD
:1062A00004E024F420620A4342F480718383018471
:1062B000F0BD0000002C014000340140000400400B
:1062C00000080040000C0040F0B5048C24F4805419
:1062D0000484868B048C4FF6FF7505EA013726F49B
:1062E000734605EA0222324305EA03331343104A98
:1062F00090420ED00F4A90420BD0B0F1804F08D0A0
:106300000D4A904205D00D4A904202D00C4A90426C
:1063100005D124F40051394341F4805104E024F4C0
:1063200002420A4342F4805183830184F0BD00009D
:10633000002C0140003401400004004000080040EF
:10634000000C004070B588B004460D4607F0C8FA4E
:1063500001210846FFF740F9ADF80C40ADF80850B0
:106360000024ADF80E40ADF80A404FF0804602A977
:10637000304600F0F1FB0420ADF81400ADF81640F3
:106380000125ADF81850ADF81A40ADF81C4005A92C
:10639000304600F041FA1C208DF804008DF80550BD
:1063A0008DF806508DF8075001A8FEF75DF8012220
:1063B0000521304600F07EFA0121304600F0E4F875
:1063C00008B070BD30B54FF08042118A174B4FF0C6
:1063D00000041888050626D4CD0706D0450604D546
:1063E000C543AD0610D0401C188048071BD518883F
:1063F000410610D540F080001880108F5880108C16
:1064000020F0200010840EE040F0800018804FF64D
:10641000FF705880E9E75C80402018809484108CDD
:1064200040F020001084148230BD0000C400002021
:1064300003480188018821F00101018070470000B4
:106440001004004003480188018821F00101018007
:10645000704700001008004070B5254C012120460F
:1064600000F0CDF9002841D00121204600F089F844
:10647000204CA089401CA0816078401C6070E0889E
:1064800008B1401EE0801C4D287828B1012803D0B7
:10649000022801D0032801D1FCF756FD287808B165
:1064A000032801D10121E170012801D1FAF7AEFFE3
:1064B0006078022816D900256570FCF7FFFC216979
:1064C000F9F7D7FE20612178491CC9B22170322921
:1064D00008D10A49F9F757FF094908602561257075
:1064E00006F002FCBDE8704003F028BD70BD00005E
:1064F00000100040AC000020F102002000004842E3
:10650000280100201FB501211020FFF765F841F692
:106510001F40ADF804006320ADF80800104C01A93D
:10652000204600F019FB0121204600F027F8012247
:106530001146204600F0BEF936218DF800100421E6
:106540008DF8011002218DF8021001218DF8031041
:106550006846FDF789FF0121204600F015F81FBDB0
:1065600000100040002904D0018841F08001018022
:106570007047018821F0800101807047C943018282
:106580007047C94301827047002904D0018841F057
:10659000010101807047018821F0010101807047ED
:1065A000002905D030F8441F41F4004101807047B4
:1065B00030F8441FC1F30E010180704710B57349D4
:1065C00088420AD1C41401212046FFF72FF8204643
:1065D000BDE810400021FFF729B8B0F1804F0CD082
:1065E0006B49884213D101210220FFF703F80021F3
:1065F000BDE810400220FEF7FDBF01210846FEF76E
:10660000F9FF0021BDE810400120FEF7F3BF61490A
:10661000884209D101210420FEF7ECFF0021BDE8EA
:1066200010400420FEF7E6BF5B49884209D10121F2
:106630000820FEF7DFFF0021BDE810400820FEF72C
:10664000D9BF5649884209D101211020FEF7D2FF57
:106650000021BDE810401020FEF7CCBF5049884211
:1066600009D101212020FEF7C5FF0021BDE810401F
:106670002020FEF7BFBF4B4988420AD144140121B4
:106680002046FEF7D3FF2046BDE810400021FEF76C
:10669000CDBF454988420AD10121CC042046FEF7EE
:1066A000C5FF2046BDE810400021FEF7BFBF3F49AF
:1066B00088420AD101210C052046FEF7B7FF20468B
:1066C000BDE810400021FEF7B1BF394988420AD128
:1066D00001214C052046FEF7A9FF2046BDE81040E9
:1066E0000021FEF7A3BF3349884209D10121402090
:1066F000FEF780FF0021BDE810404020FEF77ABF82
:106700002D49884209D101218020FEF773FF002125
:10671000BDE810408020FEF76DBF284988420AD1AD
:10672000841501212046FEF765FF2046BDE8104094
:106730000021FEF75FBF224988420AD101210C04E3
:106740002046FEF773FF2046BDE810400021FEF70B
:106750006DBF1C4988420AD101214C042046FEF736
:1067600065FF2046BDE810400021FEF75FBF1649D7
:1067700088420AD101218C042046FEF757FF2046AB
:10678000BDE810400021FEF751BF10BD002C0140B4
:106790000004004000080040000C004000100040D1
:1067A0000014004000340140004C01400050014002
:1067B0000054014000180040001C00400020004030
:1067C00000400140004401400048014070B5058987
:1067D000048B068C25F007050D434FF6FC410C4059
:1067E00040F201110C4326F022064FF6FF7101EA38
:1067F00003111143314305810483018470BD0246B6
:106800000020138A0B4092890A40002B02D0002AF4
:1068100000D001207047000070B505460C461D48A9
:10682000854209D01C48854206D0B5F1804F03D07F
:106830001A48854200D01A4820886188A288238996
:1068400060B1042813D008281AD02846FFF73CFD71
:10685000E1882846BDE8704000F072B92846FFF78D
:106860007FFCE1882846BDE8704000F04DB928461D
:10687000FFF7B0FCE1882846BDE8704000F04CB955
:106880002846FFF7E5FCE1882846BDE8704000F0A7
:106890004FB90000002C01400034014000040040CA
:1068A0000008004000210180418001228280C180D7
:1068B00001817047002A03D082890A438281704790
:1068C00082898A438281704730B5028C22F00102AE
:1068D0000284028C8388048B24F0700424F0030566
:1068E0000C882C4322F002020D8915434A882A4362
:1068F000124DA8420BD0124DA84208D0114DA8420B
:1069000005D0114DA84202D0104DA8420FD122F05F
:1069100008054A892A4322F004058A882A4323F479
:10692000807323F400738D891D43CB892B438380AF
:106930000483C9888186028430BD0000002C014098
:106940000034014000400140004401400048014043
:10695000028B22F008020A430283704770B5028C52
:1069600022F010020284028C8388048B24F4E04419
:1069700024F440760D884FF6FF7404EA052535436C
:1069800022F020020E8904EA061616434A8804EA19
:1069900002123243114EB04202D0114EB04217D112
:1069A00022F080024E8904EA0616164326F04006BD
:1069B0008A8804EA0212324323F4806323F40063DA
:1069C0008E8904EA86061E43CB8904EA8303334397
:1069D00083800583C9880187028470BD002C014033
:1069E00000340140028B22F400624FF6FF7303EA89
:1069F000012111430183704770B5028C22F480722B
:106A00000284028C8388848B24F0700424F00304B5
:106A10000D88254322F400720E894FF6FF7404EAB4
:106A2000062616434A8804EA02223243114EB04237
:106A300002D0114EB04217D122F400664A8904EA0E
:106A40000222324322F480668A8804EA0222324318
:106A500023F4805323F400538E8904EA06161E4360
:106A6000CB8904EA0313334383808583C9888187F4
:106A7000028470BD002C014000340140828B22F062
:106A800008020A438283704770B5028C22F4805258
:106A90000284058C8288838B23F4E04323F44076C0
:106AA0000C884FF6FF7303EA0424344325F40055A1
:106AB0000E8903EA06362E434D8803EA0535354331
:106AC000094EB04202D0094EB04205D122F48046B0
:106AD0008A8903EA8212324382808483C988A0F8BB
:106AE0004010058470BD0000002C014000340140BE
:106AF000828B22F400624FF6FF7303EA01211143F7
:106B00008183704781847047028B22F00C020283DC
:106B1000028B0A4302837047028B22F44062028395
:106B2000028B4FF6FF7303EA01210A430283704789
:106B3000828B22F00C028283828B0A43828370470D
:106B4000828B22F440628283828B4FF6FF7303EACA
:106B500001210A438283704730B502881B4C1C4DCB
:106B6000A0420DD0A8420BD0B0F1804F08D0194BF5
:106B7000984205D0184B984202D0184B984203D146
:106B800022F070034A881A43154B984206D0154BE1
:106B9000984203D022F44073CA881A4302808A883C
:106BA00082850A880285A0420AD0A84208D00E4AEF
:106BB000904205D00D4A904202D00D4A904201D138
:106BC000097A01860121818230BD0000002C01403C
:106BD000003401400004004000080040000C004068
:106BE00000100040001400400040014000440140FB
:106BF000004801404FF6FF71818000210180C18073
:106C000041800172704700000149012048717047BE
:106C10005C02002010B50C4800210161C180018197
:106C2000418181818170C1700171012240F2255141
:106C3000064800F004FE06F003F805A006F0F6FD95
:106C4000BDE8104005F0FCBF5C02002000380140A8
:106C50002374756E655F696F207265616479202D9C
:106C60002D20273F2720666F722073746174652C76
:106C70002027722720746F207265636F7264000092
:106C800070B50020254C62690021012A03D0626999
:106C9000022A0AD040E0E269002A04DDE069401ED1
:106CA000E061A06938E0616136E0226AB2F57A6F8E
:106CB00031DA206AF9F750FD1949F9F764FB1949EF
:106CC000F9F72FFB4FF07C51F9F7D3FA164D29460F
:106CD000F9F727FB1549F9F756FB616AF9F7C9FA85
:106CE0006062A84203DD2946F9F715FB6062606A1D
:106CF000F9F7C3FD06F0C8FAF9F702FE0546A069E8
:106D0000F9F72AFD2946F9F70CFBF9F751FD216A3D
:106D1000491C216200E06161E08170BD5C020020DD
:106D200000007A450000C441DB0FC9400000484321
:106D300003484069002801D00120704700207047B7
:106D40005C02002001480069704700005C020020DE
:106D50002DE9F0414B4EF0780027002803D0F77062
:106D6000494803F0F7FE707980B17771776147A0E9
:106D700006F05CFD708906F039FD47A006F056FD6F
:106D80004748006806F0CEFC05F05AFF30256FE05A
:106D9000308900EB800101EBC000424901EB400467
:106DA000208806F023FD2C2006F0B2FCB4F9020086
:106DB00006F01CFD2C2006F0ABFCB4F9040006F034
:106DC00015FD2C2006F0A4FCB4F9060006F00EFD1B
:106DD0002C2006F09DFCB4F9080006F007FD2C20DD
:106DE00006F096FCB4F90A0006F000FD2C2006F02F
:106DF0008FFCB4F90C0006F0F9FC2C2006F088FC9E
:106E0000B4F90E0006F0F2FC2C2006F081FCB4F977
:106E1000100006F0EBFC2C2006F07AFCB4F912000E
:106E200006F0E4FC2C2006F073FCB4F9140006F024
:106E3000DDFC2C2006F06CFCB4F9160006F0D6FC44
:106E40002C2006F065FCB4F9180006F0CFFC05F024
:106E5000F7FE30894FF4A071401CB0FBF1F201FB4A
:106E600012003081F07818B1F770074803F072FE15
:106E70003089F188884203D0281EA5F1010587DCFE
:106E8000BDE8F0815C020020D82C00202346454C50
:106E90004C207365713D000020616E673D0000006D
:106EA0000C000020580C002010B50D4B0D4A0D2889
:106EB0000BD00A2809D09178172903D291784C1C5D
:106EC000947058540A20107110BD002010719178F0
:106ED0000029F9D09178585490700120D07010BDDD
:106EE000D82C00205C0200202DE9F05F0746DDF879
:106EF00028B08A4690469946764CA0780022002811
:106F00000DD0207958B12079401E10F0FF0020717B
:106F100005D17148A1784254A2700120E070206927
:106F2000002818D06189481C60816078401CC0B27C
:106F30006070237898420ED36270E0884FF4A0729C
:106F4000401CB0FBF2F302FB13062089864204D1F9
:106F5000A089401CA081BDE8F09FE0885F4D00EB58
:106F6000800202EBC00025F810103846F9F720FC2B
:106F70000146E08800EB800202EBC00005EB400018
:106F80004180574F50463946F9F7CBF9F9F710FCD5
:106F9000E18801EB810202EBC10105EB4101888030
:106FA000E08800EB800101EBC00005EB4000A0F899
:106FB0000680E08800EB800101EBC00005EB40009B
:106FC000A0F80890E08800EB800101EBC00005EB21
:106FD0004000A0F80AB0E0880B9900EB800202EBB9
:106FE000C00005EB40008181E189E08800EB800270
:106FF00002EBC00005EB4000C1813A4890F80080E8
:10700000B8F11A0F49D0384800683946F9F789F9BC
:10701000F9F7CEFBE28802EB820101EBC20105EB3E
:1070200041010882B8F11A0F3AD030480068394659
:10703000F9F777F9F9F7BCFBE28802EB820101EB83
:10704000C20105EB41014882B8F11A0F2BD0284844
:107050000068F9F781FBF9F7ABFBE18801EB8102EE
:1070600002EBC10105EB4101888222480178E088EA
:1070700000EB800202EBC00005EB4000C1821E481D
:107080000068F9F795FBE18801EB810202EBC10191
:1070900005EB41010883E6805DE718480068B4E726
:1070A00017480068C3E7174839460068F9F739F907
:1070B0001549096809B1154900E00021F9F7D9F827
:1070C0001349096809B1134900E00021F9F7D1F823
:1070D000C1E700005C020020D82C0020580C0020E2
:1070E0000000C842F1020020E8010020F401002065
:1070F000DC01002086020020600100204402002004
:1071000050020020400200204802002000007A4483
:10711000540200200000FA4410B58278C17842EA97
:107120000123028884886240C4885C406240491E12
:1071300000EB81035C8954409A896240C9B20029FE
:10714000F5D10089904201D0012010BD002010BD72
:1071500070B504460E4800784038F9F7FDFA064647
:107160002046F9F78AFB0B4A0B4BF9F7FDF9044669
:107170000D460A493046F9F7D4F8F9F77EFB224666
:107180002B46F9F74AF9BDE87040F9F73EBB00001D
:10719000E40000209A9999999999B93F00003041EB
:1071A00070B504461048006800281AD08738F9F7EF
:1071B000D3FA06462046F9F760FB0C4A0C4BF9F768
:1071C000D3F904460D460B493046F9F7AAF8F9F70A
:1071D00054FB22462B46F9F720F9BDE87040F9F739
:1071E00014BB002070BD0000CC0000209A99999932
:1071F0009999B93F0000C8412DE9F0410546FDF7D6
:1072000051FB294C94F90000F9F7A6FA8046414653
:107210006068F9F72EF8064660602448047828462E
:10722000F9F72BFB4FF03332214BF9F79DF9052C81
:107230001CD004460D463046F9F71FFB1D4A1E4B75
:10724000F9F792F906460F461C494046F9F769F8E6
:10725000F9F713FB32463B46F9F7DFF822462B4697
:10726000F9F7DBF8BDE8F041F9F7CFBA04460D466F
:107270003046F9F702FB124A124BF9F775F9064648
:107280000F4611494046F9F74CF8F9F7F6FA32463D
:107290003B46F9F7C2F822462B46F9F7BEF8BDE89F
:1072A000F041F9F7B2BA0000F8020020F102002024
:1072B0003333C33F2D431CEBE2361A3F0000AF438C
:1072C0007B14AE47E17A843F0000E14370B5044689
:1072D0000E480088A038F9F73FFA06462046F9F72D
:1072E000CCFA0B4A0B4BF9F73FF904460D460A4915
:1072F0003046F9F716F8F9F7C0FA22462B46F9F7A7
:107300008CF8BDE87040F9F780BA00000604002050
:107310009A9999999999B93F0000404010B504464F
:107320001048844212D810480078F9F71EFA214616
:10733000F9F702FB0AD30D4800680D49884205DBC6
:107340000C480078012801D0002010BD01200A4A15
:1073500000211180121D1180121D1180121D11803B
:1073600010BD0000000020C2F00200202801002013
:107370009A99194104000020343401402DE9F0416C
:10738000274CE669274922460978926A03292FD0BB
:1073900007292DD009292BD004292DD008292BD03D
:1073A0000A2929D0052929D006292AD00022626479
:1073B000012929D0022927D0216BF8F7B2FF1A4FF3
:1073C0003946F8F7E0FF05463146606CF8F7A9FF4B
:1073D0003946F8F7D8FF2946F8F74BFF13490968F3
:1073E000F8F747FFA0641249097803290ED011E08D
:1073F00082F000426264DBE76264D9E70D4A6264AE
:10740000D6E70D4A6264D3E7216AD6E7A168F8F7A8
:1074100088FFA064A06CBDE8F041F9F7C9B900008D
:107420003C010020860200200000C84230000020FD
:10743000F1020020000048C2000048422DE9F04758
:10744000DFF89890B9F90880A9F804802449D9F8A0
:107450001400884202DDC9F8141004E02149884272
:1074600001D9C9F81410B9F90600A8EB0000F9F722
:1074700081F91D4A1D4BF9F777F804460D46D9F8F6
:107480001400F9F7FAF91A4A1A4BF9F76DF806469B
:107490000F464046F9F76EF94FF03332164BF9F7C5
:1074A00063F832463B46F9F759F822462B46F9F77E
:1074B00055F8F9F725FAC9F81000A9F806800F4821
:1074C00001680F480068FFF729FF012802D100205A
:1074D000C9F81400D9F81000BDE8F08710040020A6
:1074E00000002F4400002FC49A9999999999C93F97
:1074F0002D431CEBE2361A3F333301C02801002034
:107500000C00002010B5084C40F22551204600F038
:1075100076F9002807D0204600F00AFAC0B2BDE88C
:10752000104002F049BD10BD0050004010B50446A7
:1075300002E000F037F9641C20780028F9D110BD72
:1075400010B50E4C0821204600F052F928B12088D1
:10755000201D0088C0B2FFF7A7FC40F2255120464D
:1075600000F04DF9002807D0204600F0E1F9C0B244
:10757000BDE81040FFF798BC10BD00000038014086
:1075800070B5174C40F225552946204600F037F9D2
:10759000002823D02946204600F016F9204600F0A6
:1075A000C7F9C0B20F49097807290BD00A290DD0B5
:1075B0000B290FD0082901D009290FD1BDE870404F
:1075C000FAF760BDBDE87040FAF790BDBDE87040C5
:1075D000FAF7F0BDBDE87040FAF7BABD70BD000023
:1075E00000440040F102002070B586B0044601213D
:1075F0004804FDF7F1FF01210420FEF709F80425F6
:10760000ADF8145018218DF8171003208DF81600CE
:107610001C4E05A93046FBF7EFF90820ADF8140021
:107620008DF8175005A93046FBF7E6F926208DF8AE
:10763000000001218DF801108DF802108DF8031063
:107640006846FCF711FF01940020ADF80800ADF882
:107650000A00ADF80C00ADF810000C20ADF80E00DB
:10766000094C01A9204600F005F9012240F22551FC
:10767000204600F0E4F80121204600F0ADF806B005
:1076800070BD0000000801400044004070B50B4C84
:1076900040F225552946204600F0B1F800280BD0CD
:1076A0002946204600F090F8204600F041F9C0B28B
:1076B000BDE8704005F060BB70BD000000480040B0
:1076C00070B50546064C8021204600F091F8002850
:1076D000F9D029462046BDE8704000F02DB90000E1
:1076E0000048004030B587B0044601218804FDF70A
:1076F00073FF01211120FDF78BFF01212648FBF7C5
:10770000CFF94FF48060ADF8180018208DF81B00F9
:1077100003208DF81A00214D06A92846FBF76CF9C5
:10772000E814ADF8180004208DF81B0006A92846BF
:10773000FBF762F902940020ADF80C00ADF80E00E2
:10774000ADF81000ADF814000C20ADF81200144C88
:1077500002A9204600F08EF8002240F22771204650
:1077600000F06DF8012240F22551204600F067F844
:107770000121204600F030F827208DF80400012078
:107780008DF8050002218DF806108DF8070001A87C
:10779000FCF76AFE07B030BD100014000010014075
:1077A0000048004070B50546064C8021204600F098
:1077B0001FF80028F9D029462046BDE8704000F0A7
:1077C000BBB800000050004040F66A120A0A0121CE
:1077D0009140C94301807047002904D0818941F458
:1077E000005181817047818921F400518181704766
:1077F0000246002012880A4200D00120704770B56E
:10780000002440F66A12C1F3421301F01F0501265D
:1078100006FA05F2012B0CD0022B0DD0838A1340FF
:10782000090A8E40008830400BB100B10124204687
:1078300070BD83891340F3E7038A1340F0E710B566
:1078400040F66A13C1F3421301F01F040121A14065
:10785000012B07D0022B07D014303AB102680A433B
:10786000026010BD0C30F8E71030F6E702688A437A
:10787000026010BD30B585B004460D46208A4CF636
:10788000FF710840E98801432182A0894EF6F31177
:107890000840A9882A8911436A8902431143A181BA
:1078A000A08A4FF6FF410840A9890143A18268469A
:1078B000FDF7CAFE1D48844201D1039800E00298FA
:1078C000A189090408D500EBC00101EB001029686B
:1078D0004900B0FBF1F007E000EBC00101EB001044
:1078E00029688900B0FBF1F06422B0FBF2F10901D4
:1078F0000B096FF018056B4300EB8300A3891D048F
:107900004FF0320307D503EBC000B0FBF2F000F0FC
:107910000700084306E003EB0010B0FBF2F000F0B4
:107920000F000843208105B030BD00000038014041
:107930008088C0F308007047C1F308018180704758
:10794000FEE70021C0F834147047000070B505460A
:107950000C46164E28463146F8F7E3FC3146F8F758
:1079600088FC206012492846F8F7DBFC1149F8F73B
:1079700080FC606010492846F8F7D3FC0F49F8F7FF
:1079800078FCA0600E492846F8F7CBFC0D49F8F7C3
:1079900070FCE0600C492846F8F7C3FC0B49F8F787
:1079A00068FC20610A48606170BD00000000164656
:1079B0000000CC420000404200204B4500C0C145C1
:1079C000000082410000F841000096C30080D444CA
:1079D0000000A04110B50021C160816041600160DC
:1079E0000161416181614FF07E53C3610362416275
:1079F0008162C162002200EB82042163521C3C2A96
:107A0000F9DB002200EB8204C4F82811521C642A1E
:107A1000F8DBC0F82411C0F82011C0F8BC12C0F87F
:107A2000B812C0F8C0124FF0FF32C0F8C422C0F83C
:107A3000C812C0F8CC12C0F8D012C0F8D412C0F8E6
:107A4000D812C0F8DC12C0F8E012C0F8E412C0F896
:107A5000E812C0F8EC12C0F8F012C0F8F412C0F846
:107A6000F812C0F8FC12C0F80013C0F80413C0F8F4
:107A70000813C0F80C13C0F81013C0F81413C0F8A2
:107A80001813C0F81C33C0F82013C0F82413C0F832
:107A90002813C0F82C13C0F83013002200EB820327
:107AA000C3F83413521C3C2AF8DB00F22440416036
:107AB00001608160C1604FF4967202614161024AC7
:107AC0008261C16110BD000040420F0010B508483E
:107AD000FFF780FF06480749C069086000224A6036
:107AE0008A60CA6004490A60BDE8104001F092BC97
:107AF0001408002040020020540100202DE9FF4F0F
:107B000085B004469946FE490798F8F73CFC029078
:107B1000D4F8045302982946F8F7FDFBF949F8F721
:107B200000FC2946F8F7A5FBC4F80403D4F8D402F6
:107B3000012720B90698C4F8D802C4F8D472D4F842
:107B4000D8120698F8F7E7FB0190EF4EB9F1000F55
:107B500001D0002002E0D4F8E002401CC4F8E002AA
:107B6000C82802DB4FF0010801E04FF00008E749A8
:107B70000298F8F7D6FB0199F8F77BFB0146C4F8A9
:107B8000DC02D4F83404B0F5967F02DA401CC4F865
:107B900034040025B9F1000F09D0D4F82C03401C9F
:107BA000C4F82C03C4F82453C4F8285318E0D4F8BC
:107BB0002403A8B9084601F0E5FBD549884203DA59
:107BC000D4F82803401C00E00020C4F828037828DB
:107BD00006DBB8F1000F03D0C4F82473C4F82C53AB
:107BE000B8F1000F05D0D4F8240310B14FF0010A0A
:107BF00001E04FF0000AD4F80803B0F5000F00DAF6
:107C0000002005F0B7FBC349F8F78BFB80464FF027
:107C1000824BD84500DDD84631464046F8F796FEFF
:107C200000D3B046206910B3D4F8E802F8B1BAF135
:107C3000000F1CD0D4F8F002C8B9D4F8DC0201F06F
:107C4000A1FB4146F8F778FE11D2D4F8DC020146D8
:107C5000F8F767FBD4F808834146F8F75CFBAE49B8
:107C6000F8F75FFB4146F8F704FBC4F80803D4F8C3
:107C70000803B0F5000F00DA002005F07BFBA549F2
:107C8000F8F74FFB8046D84500DDD84631464046E0
:107C9000F8F75CFE00D24646C4F80C63BAF1000F58
:107CA00007D14FF0834831464046F8F74FFE00D2E7
:107CB0004646D4F8100348B39449D4F80403F8F7BF
:107CC00030FB0199F8F7D5FA01F05CFB8046D4F857
:107CD0001403401CC4F814034046D4F81813F8F7F2
:107CE00035FE01D2C4F81883D4F814033C280DDB08
:107CF000C4F810538748D4F81813814206DA206973
:107D000020B92046D4F81C1305F092F8206930B150
:107D1000824A216A914202DA4FF0010801E04FF0F5
:107D200000084FF4167BC8B1D4F8EC12B1B9C4F80E
:107D3000E852C4F8E452D4F83C1459450EDA6FF016
:107D40006301C4F83414C4F8E052C4F82453C4F8EE
:107D50002853D4F84014491CC4F84014704AD4F88D
:107D60003C14914202DA491CC4F83C14C4F8EC02F9
:107D7000D4F8E81299B980B1D4F8DC0201F002FB22
:107D80006349884209DAD4F8E402401CC4F8E402EA
:107D9000282804DBC4F8E87201E0C4F8E452B8F122
:107DA000000F02D0D4F8E80200B95E4ED4F8F00219
:107DB000A8B1019801F0E6FA534988426ADA0298BC
:107DC00001F0E0FA5849884264DAD4F8F402401C21
:107DD000C4F8F40204286ADBC4F8F05267E0BAF190
:107DE000000F17D0019801F0CDFAB0F1814F09DAF8
:107DF00049490198F8F795FAD4F8D812F8F739FA02
:107E0000C4F8D802D4F83404B0F5967F0DDADDF862
:107E100004800CE045490198F8F783FAD4F8D812A9
:107E2000F8F727FAC4F8D802ECE7D4F8DC82404629
:107E300001F0A8FA3146F8F77FFD0CD8D4F8DC023F
:107E400001F0A0FA3146F8F781FD04D2D4F83804E5
:107E5000401CC4F83804404601F094FA3146F8F763
:107E600075FD24D2266AC4F8F072D4F8FC02401CD6
:107E7000C4F8FC02C4F8F452C4F83C54204604F0A0
:107E800061FFC4F81073C4F81453C4F81853C4F84D
:107E90001C630CE0C4F8F452D4F8DC0201F072FA6E
:107EA0003146F8F753FD02D2204604F04BFF266816
:107EB00007983146F8F72FFA1D49F8F732FA31469C
:107EC000F8F7D7F9206001460798F8F724FA6668B2
:107ED0003146F8F720FA1749F8F723FA3146F8F750
:107EE000C8F960600146F8F71CFAA6683146F8F751
:107EF00012FA1149F8F715FA3146F8F7BAF91DE008
:107F000033338341E933B83D00004040CDCCCC3D14
:107F1000000020400000C0400AD7233B77BE7F3FCF
:107F200040420F00CAF24971000070420AD7A33CD8
:107F30005CAB4D3E0745AB3E9D4A863CA060B0F52C
:107F4000000F00DA002005F015FAA449F8F71BFA33
:107F5000E060D4F8C012491CC4F8C01204F130012A
:107F60000491B9F1000F17D0A562C4F82051C4F8EC
:107F7000245104F594700390B9F1000F18D0E06A11
:107F8000401CE062E06804F52F7300901A1F642122
:107F9000039804F0C5FE10E0A16A491CA16204F533
:107FA000927300901A1F3C21049804F0B9FEE0E798
:107FB000E562C4F8B852C4F8BC52206904F54D7AA1
:107FC00030B1C4F82C54C4F82454C4F828540DE03B
:107FD000D4F82C04401CC4F82C04E06804F5856334
:107FE00000901A1F3C21504604F09AFEDFF8F091F1
:107FF000DFF8F08120694FF07E5618BB3146E0690A
:10800000F8F789F901F0BEF948451BDAD4F82C04D9
:10801000642817DBD4F824143C2913DB504601F004
:1080200089FE40450EDBD4F8C002C4F8C402E06803
:1080300060622562E56127616561D4F83004401C07
:10804000C4F830042069F0B93146E069F8F763F903
:1080500001F098F9484516DAE06AC82813DBD4F82D
:10806000B81264290FDB039801F064FE5E49884270
:1080700009DBD4F8C002C4F8C402E068606225627B
:10808000E5612761A761206950B1D4F8D81206983C
:10809000F8F741F901F076F9D4F8F012F1B361E0A4
:1080A0000020A16A594501DB012026E0F02924DBEC
:1080B000D4F820113C2920DB049801F03BFE8146D6
:1080C000D4F82011049801F007FE8246D4F820115C
:1080D000049801F016FE06464448864200DA064639
:1080E00049465046F8F717F93146F8F74CF9404938
:1080F000884201DC012000E0002028B3D4F8C0024F
:10810000C4F8C402E0686062616981B1D4F82011EA
:1081100000290ADD049801F00DFE00E015E041465B
:10812000F8F714FC01D8012006E0002004E04045E7
:1081300001DB012000E0002008B1002000E02D4814
:1081400020626561E06127613CE0D4F8C87239467D
:10815000F8F7E1F82849F8F7E4F83946F8F789F82C
:10816000C4F8C8022549D4F8C802884210DD244961
:10817000D4F8CC02F8F77DF8C4F8CC02B04201DDA7
:10818000C4F8CC62D4F8D002401CC4F8D0020BE092
:108190001C49D4F8CC02F8F7C4F8C4F8CC021A4948
:1081A000884201DAC4F8CC52D4F8CC12206AF8F72D
:1081B00060F8E061B04200DDE661E06910F1FF4F78
:1081C00000D3E561D4F8F00220B1D4F8F802401CE5
:1081D000C4F8F802E06909B0BDE8F08F3333834199
:1081E0006F12833A0000B8410000A041BD378635C8
:1081F0009A99193ECDCCCC3E0AD7233C984CE3400B
:108200005839B43CE9257F3F17B7D1382DE9F04103
:108210001F48204E01683068FFF780F81E4D1F4C44
:10822000012826D01E4FA0693978814206D0002847
:1082300002DB2846FFF785FB3878A06101F022FEBB
:1082400003461848316802681348FFF757FC20605E
:10825000E96861602969A160D5F80013E160D5F88B
:10826000D8122161D5F8F0126161BDE8F04101F04A
:10827000D1B80948FFF7AEFBE869206000216160D2
:10828000A160326822616161BDE8F04101F0C2B8CD
:10829000280100200C0000201408002040020020CB
:1082A00086020020100000202DE9F041414A424E94
:1082B0001278736A012A61D0072A5FD0082A5DD03C
:1082C000022A5DD0092A5BD00A2A59D00B2A5BD03A
:1082D0000C2A5CD0394A1268326408444042F8F7EC
:1082E0003BFA0446B063F06BF8F7C7FA344A354BF3
:1082F000F8F73AF9F8F704FB07462046F8F7BDFA15
:10830000314A324BF8F730F904460D463846F8F753
:10831000B4FA22462B46F8F780F8F8F7F1FA05464A
:10832000F0630146F06AF7F7A4FF316CF7F7A1FF9D
:10833000F0622749884200DDF1622648F16A8142F5
:1083400000D9F062B169F06AF7F7EBFF2249F8F75C
:108350001AF8044628467169F7F7E3FF1F49F8F752
:1083600012F82146F7F7D7FF70631D4801681D48D2
:108370000068FEF7D3FF01280CD00DE03364ACE7B2
:1083800083F000423264A8E7174A3264A5E7174A2F
:108390003264A2E70020F06215480078032804D177
:1083A0007168706BF7F7BDFF7063706BBDE8F041EB
:1083B000F8F7FEB9860200203C0100202C000020C6
:1083C000E17A14AE47E1EA3F7B14AE47E17AC43F5D
:1083D0000000FA450000FAC50000C8420000C8C20B
:1083E000280100200C000020000020C100002041D6
:1083F000F10200200FB4054B10B503A9044A0298FE
:1084000000F038FC10BC5DF814FB0000D5B000088B
:10841000980000200FB4084B10B504A902AA0398D5
:1084200000F028FC044602A9002000F0A6FF204628
:1084300010BC5DF814FB00007B930008490050EA73
:10844000C12018BF04204A0D18BF40F0010040F2BF
:10845000FF72B2EB515F08BF40F00200012808BF75
:10846000052070472DE9F74F144694B00021C4E968
:1084700002111599079121F00045C9498D4206DC8A
:108480001599C4E9000117B00020BDE8F08FC54977
:10849000DFF814A3A9423CDD0799C44E0029C44F5C
:1084A000C44A1599534619DDF8F758F8554506D0D2
:1084B000C14AC24BF8F752F8C4E900010AE04FF094
:1084C000D352BE4BF8F74AF832463B46F8F746F827
:1084D000C4E9000117B00120BDE8F08FF7F79DFF58
:1084E000554506D0B44AB54BF7F797FFC4E90001EC
:1084F0000AE04FF0D352B14BF7F78FFF32463B46BD
:10850000F7F78BFFC4E9000117B04FF0FF30BDE86B
:10851000F08FAB49A942159978DB21F000418346E1
:108520008846A84AA84BF8F71FF80022A74BF7F790
:1085300074FFF8F76AF90990F8F71CF906460F4638
:108540009C4A5346F8F710F843465A46F8F709F89C
:1085500080468A46984A994B30463946F8F704F8DF
:108560002A0D01250B9242465346F7F7FAFF032DD9
:10857000C4E9000139D00B98C1F30A51401A05EB48
:1085800045111139814230DA9148C346784400EBF5
:108590000510CDF80CA00C90D0E9002330463946E8
:1085A000F7F7E2FF02460B460491069058460399FE
:1085B000F7F7D4FF80468A4602460B465846039991
:1085C000F7F7CCFF049B069AF7F7C8FF83460C9891
:1085D00003913946D0E902233046F7F7C5FF5A46E2
:1085E000039BF7F7BBFF6D1CBDE707980028A2BFF0
:1085F000099817B0BDE8F08F616881F000416160B3
:10860000099817B04042BDE8F08FFFE784461598FF
:10861000C1F31301C0F30A50A0F2F5304FEA60181D
:1086200000F01F06C6F1200013900020069007906E
:1086300041F4801E05206D4676B1664A08EB0001C4
:108640007A4452F8213002EB8101B3404A68139911
:1086500022FA01F1194305E05F4908EB0002794471
:1086600051F82210A1FB0E27A1FB0C131A449A42C9
:1086700034BF0123002303EB070A05EB8003D3E992
:1086800001B70F448F4234BF0121002193448B4432
:1086900011B1934502D903E0934501D2012100E0D5
:1086A0000021C3E901B7514445F82010011EA0F193
:1086B0000100C1DC0298059F00F10050800F12906C
:1086C0000298DDE903568000F8F754F883462846FF
:1086D0000D91F8F760F86FF01D02F8F726F8CDE974
:1086E0000E013046F8F757F86FF03D02F8F71DF825
:1086F00080468A463846F8F74EF86FF05D02F8F784
:1087000014F80746424653461191F7F786FEDDE915
:108710000E23F7F782FE5A460D9BF7F77EFE0025E3
:108720000E465A4628460D9BF7F718FFDDE90E2343
:10873000F7F714FF42465346F7F710FF3A46119BEE
:10874000F7F70FFFDFF898A0244A5346F7F70CFF1E
:1087500007468846234A244B31462846F7F704FF4C
:108760003A464346F7F759FE074688464FF0A84277
:10877000534631462846F7F7F7FE3A464346F7F7A1
:108780004CFE159A12F0004F04D0129A81F000416D
:1087900052421292C4E90001129817B0BDE8F08F5E
:1087A000FB21E93F7CD90240FB21F93F7370032E86
:1087B0008A19A33B000040543163621A61B4D03D72
:1087C000FB21394183C8C96D305FE43F0000E03FC1
:1087D000686A0000E4690000C6690000182D44546E
:1087E000FB21F93D3326A611460B113C2DE9FF4D27
:1087F00021F0004807460C46B8F1795F08DAF8F72F
:1088000004F8002801BF0020324904B0BDE8F08D13
:108810003A46234610461946F7F7A6FE0546024695
:108820002D480E460B460621784400F05DF82A4696
:108830003346F7F799FEDDE9022382468B46384638
:108840002146F7F791FE04460F4652465B462846FE
:108850003146F7F789FE22463B46F7F77FFE07468B
:108860008A464FF0FF3228463146F7F75EFF1B4A33
:1088700090450ADA3A465346F7F770FE04B00022F4
:10888000BDE8F04D134BF7F76CBE154A4245A8BF43
:10889000A8F500154FF00004B8BF124D22462B4634
:1088A000F7F75CFE0646884622462B46002009491B
:1088B000F7F754FE04460D463A46534630464146C5
:1088C000F7F74CFE04B022462B46BDE8F04DF7F713
:1088D00048BE00000000F03F946700003333D33FF0
:1088E0000000E93F0000D23F2DE9F0414F1E00EBB0
:1088F000C7010446D1E9000115461E4637F00602BD
:108900000DD02A463346F7F72FFE7F1E04EBC70330
:10891000D3E90023F7F781FD37F00602F1D1022FEA
:1089200025D0042F13D0062F18BFBDE8F0812A46AA
:108930003346F7F719FED4E90A23F7F76EFD2A4606
:108940003346F7F711FED4E90823F7F766FD2A4608
:108950003346F7F709FED4E90623F7F75EFD2A460A
:108960003346F7F701FED4E90423F7F756FD2A460C
:108970003346F7F7F9FDD4E90223F7F74EFD2A460F
:108980003346F7F7F1FDD4E90023BDE8F041F7F7EE
:1089900044BD00002DE9FF4D054621F0004084B0A4
:1089A0000C46B0F1795F0BDA2846FFF747FD042843
:1089B00008BF00F071F8284608B02146BDE8F08DE8
:1089C0002A460B461046F7F7CFFD06460F462A46C5
:1089D0002346F7F7C9FD804626488A4632463B467D
:1089E00005217844FFF780FF83461098029160B319
:1089F000214A224B40465146F7F7B6FDCDE900012A
:108A00005A4640465146029BF7F7AEFD82468846DD
:108A1000DDE906014FF0FF32F7F787FE5246434685
:108A2000F7F79CFD32463B46F7F79EFDDDE906234E
:108A3000F7F794FDDDE90023F7F790FD08B02A462B
:108A40002346BDE8F04DF7F78CBD0B465A4630463D
:108A50003946F7F789FD084A084BF7F7DEFC42462E
:108A60005346F7F781FD08B02A462346BDE8F04D8E
:108A7000F7F7D3BCDA660000495555555555C5BFC3
:108A80000122F7F752BEF7F7C8BC00221346104682
:108A90001146F7F7DBBD0000024A00201107F7F787
:108AA00044BE000001FDFFFF014800687047000060
:108AB0007004002002E008C8121F08C1002AFAD181
:108AC00070477047002001E001C1121F002AFBD14E
:108AD00070470000014908607047000070040020E2
:108AE0002DE9FF5F82B00021DDE90430020DDDF8E1
:108AF00040B0034318D044F61050A2F2FF32424374
:108B00001514119801281FD0A5EB0B00401C5FEA3B
:108B1000000A4FF000064E4FDFF83891B04650463D
:108B200015D5CAF1000413E0119801244AA30128C5
:108B300001D16FEA0B010298119AC0E90031C0E936
:108B4000024206B0BDE8F09FCBF10000DFE704462B
:108B50000021404A491842EB0450CDE9001012E0D0
:108B6000E00707D032463B4640464946F7F7FCFC53
:108B70008046894632463B4610461946F7F7F4FCD4
:108B800006460F466410002CEAD1DDE90401DDE958
:108B90000023BAF1000F06DAF7F7E6FC42464B462F
:108BA000F7F7E2FC05E0F7F751FD42464B46F7F7D1
:108BB0004DFD04460E460022284BF7F789FE03D8E8
:108BC0004FF0FF30014607E00022254B204631469A
:108BD000F7F723FCF8F79EF8102409E0002C0ADBD5
:108BE0000A220023F7F7D2FE039B30321A55641E87
:108BF00050EA0102F2D1641C039AC4F11103144437
:108C0000119A012A03D0012208430DD10AE008433A
:108C100004D000204FF0110B119072E7A3EB0B056D
:108C20006D1E0DE05B4504DD4FF0000205F101050E
:108C300004E003DA4FF00002A5F10105002AECD0B0
:108C400002981199C0E90231C0E9004579E70000B6
:108C5000000014400000F03F300000000000F0432E
:108C60000000E03F30380A2801D201207047002080
:108C7000704700002DE9FF4F95B09A46884606469A
:108C80000025EEE1252877D100242746F94A012165
:108C9000039400E0044316F8013F203B01FA03F07F
:108CA0001042F7D130782A2811D06FF02F03307896
:108CB000A0F13002092A16D8039A44F0020402EB0C
:108CC000820203EB42021044761C0390EFE758F84F
:108CD000042B0392002A03DA504244F40054039018
:108CE00044F00204761C30782E2816D116F8010FB5
:108CF00044F004042A280DD06FF02F023078A0F140
:108D00003003092B09D807EB870302EB4303C7188D
:108D1000761CF3E758F8047B761C30786C280FD06B
:108D200006DC4C2817D068280DD06A2814D104E03E
:108D3000742810D07A280FD10DE044F400140AE012
:108D400044F4801401E044F440147278824202D169
:108D500004F58014761C761C307866280BD013DC62
:108D6000582877D009DC002875D04528F6D0462849
:108D7000F4D047281AD193E118E0632835D064284D
:108D800079D0652812D18BE1702873D008DC672870
:108D9000F1D069286FD06E280DD06F2806D1ACE0D5
:108DA00073282CD0752874D0782853D05246179940
:108DB00090476D1C54E1C4F30250022809D00328E7
:108DC0000DD0D8F8001004280DD00D6008F104086B
:108DD00046E1D8F80010EA17C1E90052F6E7D8F8E2
:108DE00000100D80F2E70D70F0E718F8041B8DF805
:108DF000001000208DF80100EB46012003E058F838
:108E000004BB4FF0FF3061074FF0000102D40DE0CA
:108E100009F101018946B9420FDA8145F8DB1BF8F7
:108E200009100029F4D108E009F1010189468142C5
:108E3000FADB1BF809100029F6D103985346A0EB82
:108E4000090721463846179A00F080FA284400EBBB
:108E5000090507E044E008E10DE01BF8010B52466C
:108E600017999047B9F10109F7D253462146384680
:108E7000179AF2E039E00A21C4F302524FF0000BD6
:108E80000091022A06D058F8040BC117032A09D012
:108E90000AE023E008F1070020F00702F2E80201EF
:108EA000904605E000B2C117042A01D140B2C117B3
:108EB000002906DA0A460021404261EB02012D2218
:108EC00002E0220504D52B228DF80420012203E0C4
:108ED000E20701D02022F7E7914657E00A2100E09F
:108EE00010214FF0000B00910BE010214FF0000B10
:108EF00044F004040827009103E008204FF0000B21
:108F00000090C4F30252022A05D058F8040B002145
:108F1000032A08D008E008F1070020F00702F2E871
:108F20000201904603E080B2042A00D1C0B24FF0A3
:108F3000000922072AD53278702A07D0DDF800C050
:108F40008CF0100C5CEA0B0C05D00EE040228DF882
:108F50000420012208E050EA010306D030238DF8F6
:108F600004308DF8052002229146009B83F008030F
:108F700053EA0B030AD150EA010201D1620705D579
:108F800030228DF804204FF001097F1E3278582AD4
:108F900004D039A20C920CAA02920BE03BA2F9E792
:108FA0005B46009AF7F7F2FC0C9B9B5C029A521E00
:108FB0000292137050EA0102F2D1029804A9081A31
:108FC00000F1200B600702D524F4803400E0012773
:108FD0005F4502DDA7EB0B0000E0002000EB0B017A
:108FE000009003984944401A0390E00306D4534686
:108FF0002146179A039800F0A9F90544002706E0D6
:1090000001A85246C05D179990476D1C7F1C4F45C3
:10901000F6DBE0030CD553462146179A039800F07F
:1090200095F9054404E030205246179990476D1C8D
:109030000099481E00900029F5DC08E0029802998A
:1090400052460078491C0291179990476D1CBBF15C
:109050000001ABF1010BF1DC5BE100F065F90544C7
:10906000761C307800287FF40DAE19B02846BDE894
:10907000F08F0000092801003031323334353637A3
:109080003839616263646566000000003031323354
:1090900034353637383941424344454600000000F4
:1090A000600700D4062708F1070020F00700F0E869
:1090B0000223804603F0004C5FEA0C0001D097A029
:1090C00009E0200501D596A005E0E00701D095A0B4
:1090D00001E0AFF24C001390307823F00043652894
:1090E0000CD006DC452809D046281DD047287FD162
:1090F0003BE0662818D067287AD136E00021112F8E
:1091000001DB112000E0781CCDE9000104A90CA8C6
:10911000FFF7E6FCDDE90D010C9A4FF0000B07F1BB
:109120000109109200914EE04FF000400097CDE908
:10913000011004A90CA8FFF7D3FCDDE90D020C9B7C
:109140000F994FF0000B91461093009211B9791CC2
:1091500000EB0109B7EB090003D4C0F1FF3B07F1B5
:109160000109A9EB0700019042E0012F00DA012775
:109170000021112F01DD112000E03846CDE900016A
:1091800004A90CA8FFF7ACFCDDE90D010C9A0091D5
:109190004FF0000BB946109221070FD4009A4A45B0
:1091A00003DA914601E0A9F10109B9F1010F05DDEA
:1091B000109AA9F10101515C3029F4D0B84202DAC9
:1091C00010F1040F03DA0121CDE9011010E00028AD
:1091D00003DC8344A9EB000102E0411C494500DDAA
:1091E0008946A0EB0B00401C01904FF0004002901C
:1091F000200705D40198484502DB4FF0FF3001906D
:1092000000208DF84B0002980DF14B07B0F1004F94
:1092100025D002200C902B200D90029800280CDA0B
:10922000404202902D200D9007E00A210298F7F7A6
:1092300097FB3031029007F8011D0C99481E0C90E5
:109240000029F2DC02980028EFD1791E0D980870F1
:10925000307800F0200040F0450007F8020D11A81A
:10926000C01BC01D02901398007800B1012000EBD4
:109270000901019801EBE071029801440398401A3A
:10928000401E0390E00306D453462146179A0398E4
:1092900000F05CF805441398007818B1524617990D
:1092A00090476D1CE00323D553462146179A039837
:1092B00000F04CF805441BE0BBF1000F07DB009801
:1092C000584504DD1098179910F80B0001E0179924
:1092D00030205246904701980BF1010B401E05F1DA
:1092E0000105019004D12E205246179990476D1C1C
:1092F000B9F10001A9F10109DEDC05E017F8010B65
:109300005246179990476D1C0299481E02900029F9
:10931000F4DC53462146179A03989EE62D00000080
:109320002B000000200000002DE9F041044600253C
:109330001E461746880404D405E039462020B0476D
:109340006D1C641EF9D52846BDE8F0812DE9F04179
:10935000044600251E469046C80301D5302700E08C
:109360002027880404D505E041463846B0476D1CE7
:10937000641EF9D52846BDE8F0810A68531C0B60CD
:109380001070704710F1FF4F01D380F0004070471C
:109390002DE9FE4F074688460025684601F0D4FEB9
:1093A00000246FF00F0AE946012657F8240058F808
:1093B0002410401A00D54042F7F7CEF95146F7F78E
:1093C00020F859F8241011F0FF4F0ED0F6F7DBFF0C
:1093D0004FF07E51F6F79FFF0B4920F00040884286
:1093E0000BDD06FA04F0054307E008490844084984
:1093F000884202D306FA04F00543641C032CD4DB34
:109400002846BDE8FE8F0000295C0F3E666666C1F7
:109410009A99D90030B587B001A9FEF797FA049858
:109420004FF40002124C90420FDB216891420CDB9A
:109430000498F7F781FA08D004992068F6F7A3FF9B
:109440000C4D2968F6F76DFF28600B4901980860FC
:109450000A49029808600A49039808600498206045
:1094600008490598086008490698086007B030BDAB
:109470005401002068010020480100204C01002018
:1094800050010020580100205C0100202DE9F04D22
:109490008D4F21F0004A86B005460C46BA452ADBBE
:1094A000AAEB070028430AD08848824501DC1AD17C
:1094B000CDB106B02846BDE8F04DFFF7E1BA844AC9
:1094C000844B2846F7F750F807460E46824A834BEE
:1094D00028462146F7F748F806B03A463346BDE835
:1094E000F04DF6F79ABF0120FFF7F4FA06B0BDE899
:1094F000F04DFFF7CABA7A48824542DABAF1795F8D
:109500000BDA2846FEF79AFF042808BFFFF7C4FAD3
:10951000284606B02146BDE8F08D2A460B46104687
:10952000F7F722F8834602466E480E460B460621A0
:109530007844FFF7D9F95A463346F7F715F88046CD
:1095400069488A465A46334604217844FFF7CCF9E5
:109550005A463346F7F708F800223B46F6F75DFF18
:1095600002460B4640465146F7F770F82A46234616
:10957000F6F7FAFF06B02A462346BDE8F04DF6F7A7
:109580004CBF284624F0004100223D463B46F6F7FA
:10959000E8FF4FF0FF32F7F7C8F806460246534897
:1095A0000F460B4606217844FFF79EF932463B46AC
:1095B000F6F7DAFFCDE900014D4832463B4604217B
:1095C0007844FFF791F932463B46F6F7CDFF00228B
:1095D0002B46F6F722FF834602913046394603F0C8
:1095E000A3FE804643480D46504517DCDDE90001E7
:1095F0005A46029BF7F72AF842462B46F6F7B4FF85
:1096000042462B46F6F709FF0122F7F78EF8304A5B
:10961000304BF6F7A3FF304A304B4CE04FF0000AD6
:1096200052460B464046F6F7F8FECDE90310524687
:109630002B4610461946F6F797FF32463B46F6F79B
:1096400090FFDDE90332F7F701F806460F46DDE942
:1096500000015A46029BF6F7F9FF8346009101226A
:1096600030463946F7F761F8194A1A4BF6F779FF91
:1096700006460F46012240462946F7F756F85A4655
:10968000009BF6F771FF32463B46F6F767FF06464A
:109690000F46012250462946F7F747F80E4DDFF8EE
:1096A00058802A464346F6F75CFF32463B46F6F7BB
:1096B00058FF2A464346F6F754FF002CD8BF81F0E6
:1096C000004106B0BDE8F08D0000F03F0000F07FE3
:1096D000075C143326A6913C182D4454FB21F93F16
:1096E0000000E03FA4590000BA5900002E590000C4
:1096F000445900003333EF3FFB21E93F2DE9F84F98
:1097000004460D4621F0004000917349814211DC6E
:109710007249884201DC06D12CB120462946BDE8B9
:10972000F84FFFF7ADB96E48002DCCBF6D496E49BB
:10973000BDE8F88F6D49814211DD6D498142D8BF86
:109740004FF0FF366DDD20462946FEF777FE0428F0
:1097500008BFFFF7A1F920462946BDE8F88F654903
:10976000654F25F00045814233DD6449814219DDB2
:10977000002632464FF0804320462946F6F74DFE3C
:1097800080468A46012220462946F6F7CEFF00226F
:109790003B46F6F7E3FE42465346F6F757FF0446CC
:1097A0000D463EE001260022BA463B4620462946A9
:1097B000F6F733FE80460F460022534620462946E0
:1097C000F6F7CCFE42463B46F6F740FF04460D4610
:1097D00027E04B4981421BDDDFF828A10226002249
:1097E000534620462946F6F7BFFE00223B46F6F7D1
:1097F00014FE80460F460022534620462946F6F7BF
:10980000ADFE42463B46F6F721FF04460D4608E012
:10981000032622462B4600203B49F6F717FF044655
:109820000D4622462B4610461946F6F79DFE8B46FE
:10983000824602460B46F6F797FE07460246334835
:1098400088460B4606217844FFF74EF852465B46A1
:10985000F6F78AFE82462E488B463A464346052155
:109860007844FFF741F83A464346F6F77DFE024654
:109870000B46002E504659460CDAF6F7CEFD22462E
:109880002B46F6F771FE01B022462B46BDE8F04F9D
:10989000F6F767BEF6F7C1FD22462B46F6F764FEE3
:1098A0001C4A7A4402EBC603D3E90023F6F756FEBE
:1098B00022462B46F6F752FE174A7A4402EBC603BD
:1098C000D3E90023F6F74DFE009A002AB8BF81F0D5
:1098D0000041BDE8F88F0000000010440000F07F58
:1098E000182D4454FB21F93FFB21F9BF0000DC3F58
:1098F0000000203E0000F33F0000F03F0000E63F84
:10990000008003400000F83F0000F0BF4657000011
:1099100004570000A25600006A5600002DE9F04DE1
:109920009446CCF1000423F000464CEA0404594F5D
:1099300046EAD4749A46884621F00042BC4206D8D2
:10994000454240EA050442EAD474BC4204D9BDE869
:10995000F04D6246FFF797B8AAF14055A5F17F6533
:1099600055EA0C040BD0022404EAAA744A4DDFF82D
:109970002CE144EAD87452EA000B04D00CE0BDE8B4
:10998000F04DFFF7BBBE002C14BF012CBDE8F08DDD
:10999000022C30D0032C32D056EA0C0B0AD0BE4237
:1099A00020D1BA4209D126F0804622F080423346C7
:1099B000114617E000291ADB25E0DFF8E4B0FB448C
:1099C000002C04BFDBE90001BDE8F08D012C02BFD3
:1099D000DBE9000181F00041BDE8F08D022C0AD0E6
:1099E000032C0CD0BA4212D1B8F1000F0BDA2A487E
:1099F0002C49BDE8F08D28462B49BDE8F08D28465E
:109A00007146BDE8F08D24482849BDE8F08D921BD1
:109A100012153C2AC4BF204F244E10DCBAF1000FAF
:109A2000BEBF12F13C0F00273E4608DB6246F6F748
:109A30000DFE21F00041FFF761FE07460E4694B18E
:109A4000012C08BF86F000460DD0194A194B022C94
:109A50003846314615D0F6F781FD2A46BDE8F04D6F
:109A6000114BF6F77BBD0022134638463146F6F718
:109A700017FF04BF0220FFF72DF838463146BDE836
:109A8000F08DF6F76BFD2A46BDE8F04D064BF6F774
:109A900068BD00000000F07F182D4454FB2109C070
:109AA0002E560000FB21F9BFFB210940FB21F93FA5
:109AB000075C143326A6A13C30B583B00446FEF7FC
:109AC000F3FF05460020CDE9000002462146684626
:109AD000F6F7D9FF2846FEF7FDFFDDE9000103B0E8
:109AE00030BD000010B586B001210805FBF774FDFC
:109AF00001213020FBF78CFD4FF48050ADF81400AD
:109B000018208DF8170003208DF8160005A91D48B0
:109B1000F8F772FF0420ADF814008DF8170005A9BE
:109B20001948F8F769FF35208DF8000000248DF8FA
:109B3000014001208DF802008DF803006846FAF715
:109B400093FC4FF416500190ADF80840ADF80A4070
:109B5000ADF80C40ADF810400C20ADF80E000B4CE9
:109B600001A92046FDF786FE012240F2255120463C
:109B7000FDF765FE01212046FDF72EFEF9F740FDB9
:109B800006B010BD0010014000140140005000401C
:109B900010B50220F8F762F900F054FA0220F9F744
:109BA00051FD0120F9F74EFD01F020FE01F002FE0B
:109BB000F9F7C0FFF7F74AFC00214FF43460F7F7DC
:109BC0005BFCF8F7BFFDF8F70BFE4FF4613003F0D4
:109BD00037FE4FF4967000F053FAF9F783FBFAF76B
:109BE000CDFBF8F74DF9FAF7A1FCBDE81040F7F707
:109BF000EFBC000070B5364C4FF6FF752178002998
:109C00002ED003292CD0A1F11502032A28D9192915
:109C100026D01A2924D0022929D0012927D00429A5
:109C20002AD005292DD006292BD012292CD0132972
:109C30002DD007292ED008292CD009292AD00A296D
:109C400028D00B2926D00C2929D00D2927D00E2960
:109C500025D00F2923D0102921D011291FD022E08F
:109C6000FFF740FF47212846FCF76CFB1BE047212C
:109C70002846FCF767FB16E0FBF768F8FBF7FAF8F5
:109C800011E001F003FE0EE000F098F80BE001F0A7
:109C9000BFF908E04FF4E130FDF7A6FC03E04FF414
:109CA0006130FDF71FFD20780C38062803D3BDE88E
:109CB0007040FCF727BC074901200860FCF7BBF99E
:109CC000C82000F0DDF9BDE87040FCF7ABB900003A
:109CD000F10200208C8121422DE9F04105460F461A
:109CE0002E68012408E055F824003146F6F72EFED0
:109CF00001D255F82460641CBC42F4DB3046BDE858
:109D0000F0812DE9F04106460F460025002406E0CB
:109D100056F824102846F6F7ACFA0546641CBC42F7
:109D2000F6DB3846F6F718FD01462846BDE8F04157
:109D3000F6F729BB2DE9F04105460F462E680124B0
:109D400008E055F824003146F6F7F6FD01D255F843
:109D50002460641CBC42F4DB3046BDE8F0810000A6
:109D600070B50546284602F066FF134C0646B4F966
:109D7000020002F060FF301A02F05DFFFA2819DDE0
:109D8000B4F902001B2185420CDA6278521E92FB64
:109D9000F1F001FB1020C1B261701B2909D91A2012
:109DA000607006E06278521CB2FBF1F001FB1020FB
:109DB0006070658070BD0000F0020020F0B587B0D3
:109DC000012140F20440FBF723FC4FF40040FBF775
:109DD000F9FB1025ADF8045000248DF8074001A9C7
:109DE0002548F8F709FE01210820FBF711FC8DF842
:109DF00007502020ADF8040001268DF806601F4FA3
:109E000001A93846F8F7F8FD01210820FBF700FC0E
:109E10008DF80750ADF804508DF8066001A938465A
:109E2000F8F7EAFD164D2846F7F7CCF902948DF8BD
:109E30000C408DF80D404FF46020049005948DF88F
:109E4000186002A92846F7F707FA01212846F7F714
:109E5000ACF92846F7F75EFA2846F7F7F6F9002836
:109E6000FAD12846F7F767FA2846F7F7DDF9002810
:109E7000FAD107B0F0BD000000080140000C01401D
:109E800000280140244825490078096801280FD09E
:109E900007280DD008280BD0022811D009280FD090
:109EA0000A280DD00B280ED00C280ED01C490968AA
:109EB0001C4A914202DC1C4B994208D90120704790
:109EC00081F00041F4E71949F2E71949F0E7032866
:109ED00009D0072807D0092805D0042803D008286E
:109EE00001D00A2807D113490968914201DC99423F
:109EF00001D901207047052809D0062807D00E484F
:109F00000068904201DC984203D90120704701208B
:109F1000704700207047000086020020600100208A
:109F20002C000020BD378635BD3786B5000020C126
:109F300000002041640100203000002070B51B4B60
:109F40000125184619898089002200291AD0142871
:109F500017D99A819878164C164EC8B1D6F8AC111C
:109F6000F9B10021C6F8AC11C4F88C515989491CCB
:109F700089B25981062904D1A8B1C6F8AC215A8109
:109F80001A8170BDB0F5967FFBD99A811D8170BD95
:109F9000D4F88C1119B10021C4F88C11E6E7012125
:109FA000FAE70121DEE7C4F88C21E8E7AC000020E5
:109FB000008021420000214230B5012300220D49DA
:109FC000242801D14B708A604C78012C02D10A4CB4
:109FD0008D68605505D1232803D10B704A708868BD
:109FE000C8608868401C8860502802DB8A604A701C
:109FF0000A7030BD84020020902D0020F8F73EBC8E
:10A000000A2800DC0020704770B50446E07800F0B4
:10A01000C00500F03F006178094EC90707D0C308AA
:10A0200000F00701491C32680AB118469047607871
:10A03000000703D5716809B1A8098847002070BDE1
:10A04000842E002010B50B480B490068B0FBF1F0DE
:10A05000C4B26FF00400FCF74BF80849E008087040
:10A0600000EB4002C2EBC0104FF6FF7202EAC000E4
:10A07000488010BD3400002040420F005C000020EA
:10A080000849498848434FF0E021486100238B612B
:10A09000012008610869C20701D0C003FAD50B612D
:10A0A0008B6170475C0000200249C8800028FDD108
:10A0B00070470000AC0000204FF6FF7101EA40003D
:10A0C00001494880704700001801002008490978BC
:10A0D00048434FF0E021486100238B610120086173
:10A0E0000869C20701D0C003FAD50B618B617047C4
:10A0F0005C00002008B500280CD020208DF800005E
:10A1000028208DF8010030208DF8020038208DF8CD
:10A11000030004E0A32204216846F6F76AF86A46C1
:10A12000042140F69E2002F0FBFC02F085F908BDF8
:10A130003EB5044602208DF80000CA208DF80100CB
:10A14000E3208DF8020009208DF803006A460421FF
:10A15000682002F0E5FCA3208DF80000610609D517
:10A16000C0218DF80110C8218DF80210C2218DF890
:10A17000031005E08DF801008DF802008DF8030052
:10A1800014F4C07F09D0C4218DF80410CC218DF8BF
:10A190000510C6218DF8061005E08DF804008DF835
:10A1A00005008DF806008DF807008DF808008DF881
:10A1B00009006A460A2140F6A72002F0B1FCA00778
:10A1C0004FF0D80503D020208DF8000001E08DF875
:10A1D00000506A46012140F6B62002F0A1FCA0061C
:10A1E00003D5012000F09AF802E0002000F096F874
:10A1F00014F4C07F20D0E0050CD5B2208DF800000B
:10A200008B208DF80100B6208DF802009B208DF880
:10A2100003000BE0B0208DF8000080208DF80100D5
:10A22000B4208DF8020090208DF803006A460421C6
:10A2300040F6A22002F074FCE0074FF40B6323D039
:10A24000F8208DF800006A460121184602F068FCEB
:10A25000FA21072000F0ACFB072000F07BFB012077
:10A2600000F094FB642000F055FC4FF4FA7000F00D
:10A2700061FCC821274800F035FB282000F04AFB8C
:10A280000A2000F057FB06E08DF800506A460121D5
:10A29000184602F045FCA00703D5D9208DF8000030
:10A2A00001E08DF800506A46012140F23D7002F055
:10A2B00037FC600703D5012000F05CF802E00020C5
:10A2C00000F058F8E00603D50120FFF713FF02E085
:10A2D0000020FFF70FFF104D44F00800688102F0E6
:10A2E000ABF80020A873600601D50620A87314F40B
:10A2F000C07F02D0A87B801DA87314F0140F02D079
:10A30000A87B1030A873A00702D0A87B001DA873FB
:10A3100000203EBD09E3CA02842E00200EB54FF492
:10A32000976300280CD00DA0D0E900128068CDE919
:10A33000001202906A460921184602F0F1FB0EBD98
:10A3400009A0D0E900128068CDE9001202906A46A7
:10A350000921184602F0E4FB0EBD0000B8AAB38D37
:10A36000B4980D355D000000B8AAAAAAB088C3C58C
:10A37000C700000008B500280CD0C0208DF80000F0
:10A38000C2208DF80100C4208DF80200C6208DF88F
:10A39000030004E08B2204216846F5F72AFF6A4691
:10A3A000042140F6982002F0BBFB02F045F808BDFE
:10A3B000C8234FF48062024940F6F63001F0ECBE4B
:10A3C00024E200082DE9FF4F8DB01646DDE91A5250
:10A3D000074688460024A146A5F80090DFF864B13E
:10A3E00005A99BF80E0001F099FF4FF0FF3A18B154
:10A3F000504611B0BDE8F08FBBF80A3013F0140FCF
:10A4000061D09DF817009DF814109DF8162040EAC1
:10A4100001609DF81510090441EA022108433060EB
:10A420009DF81B109DF818209DF81A4041EA026122
:10A430009DF81920120442EA0422114371609DF82C
:10A440001F209DF81C409DF81EC042EA04629DF842
:10A450001D40240444EA0C242243B2609DF82340AA
:10A460009DF820C09DF822B044EA0C6C9DF8214074
:10A47000240444EA0B244CEA040CC6F80CC0102453
:10A480000014019008140290101403904FEA2C401D
:10A49000049001980299404301FB01010398049A3A
:10A4A000404302FB02000844A0F17060B0F1007F5D
:10A4B00005D901F0C1FFA5F80090504699E728881A
:10A4C00040F480702880590605A818D50219065D49
:10A4D000517841EA0621A8F80010D178967841EA2F
:10A4E0000621A8F802105179127941EA0221A8F850
:10A4F0000410A41DE4B2298841F00801298013F456
:10A50000C07F15D00119065D4A7842EA06223A80DA
:10A51000CA788E7842EA06227A804A79097942EA34
:10A520000121B980A41DE4B2298841F0700129807D
:10A53000990702D02044FFF767FD109802F07FFBD7
:10A54000002056E7842E002030B587B004466846C8
:10A5500001F0AAFCBDF80000420CC1033C4803898D
:10A5600003F0030054F820000490580702D5049823
:10A5700040420490C3F3C10054F8200005909806AF
:10A5800002D5059840420590C3F3811054F820008D
:10A590000690D80502D50698404206900498A0FB84
:10A5A0000145C31703FB015300FB0230830043EA5C
:10A5B000947004900598A0FB0145C31703FB015359
:10A5C00000FB0230830043EA947005900698A0FBDC
:10A5D0000145C31703FB015100FB0210810041EA52
:10A5E000947006900498000E8DF804000498000CF6
:10A5F0008DF805000498000A8DF8060004988DF87F
:10A6000007000598000E8DF808000598000C8DF8DD
:10A6100009000598000A8DF80A0005988DF80B00CE
:10A620000698000E8DF80C000698000C8DF80D00B1
:10A630000698000A8DF80E0006988DF80F0001AA02
:10A640000C214FF4257002F06BFA07B030BD00000A
:10A65000842E002030B585B0044616A1D1E9000251
:10A660008968CDE9032102904FF0FF35C82C02D94B
:10A67000284605B030BDC820B0FBF4F1491E080AD9
:10A680008DF800008DF801106A46022140F2162074
:10A6900002F046FA08B12846EBE702AA0C2140F680
:10A6A000C12002F03DFA08B12846E2E7044884815F
:10A6B0000020DEE7FEF2ABC4AAF1DFDFBBAFDFDFD5
:10A6C000842E00201FB53F49098901F0030250F88C
:10A6D000222001924A0702D5019A52420192C1F307
:10A6E000C10250F8222002928A0602D5029A5242F2
:10A6F0000292C1F3811250F822000390C80502D5DE
:10A700000398404203903048019981FB00218B005F
:10A7100043EA92710191029981FB00218B0043EA87
:10A7200092710291039981FB0001800F40EA810040
:10A7300003900198000E8DF800000198000C8DF830
:10A7400001000198000A8DF8020001988DF80300BD
:10A750006A4604214FF4747002F0E2F94FF0FF34BE
:10A7600010B1204604B010BD0298000E8DF8000014
:10A770000298000C8DF801000298000A8DF8020082
:10A7800002988DF803006A4604214FF4757002F0B8
:10A79000C7F908B12046E5E70398000E8DF80000E0
:10A7A0000398000C8DF801000398000A8DF8020050
:10A7B00003988DF803006A4604214FF4767002F086
:10A7C000AFF9CFE7842E002009E3CA0230B587B085
:10A7D00004463FA0006804903EA0006803903EA09D
:10A7E000006802903DA00068019004F0030004ABF3
:10A7F000195C8DF81810C4F3C102995C8DF819101A
:10A80000C4F381115B5C8DF81A3003AB185C8DF8D2
:10A810001400985C8DF81500585C8DF8160006AA97
:10A82000032140F2264002F07BF94FF0FF3510B1D2
:10A83000284607B030BD05AA032140F22A4002F0A5
:10A840006FF908B12846F4E7029806900198059040
:10A8500060070BD59DF8180040F001008DF8180036
:10A860009DF8140040F001008DF81400A0060BD5EF
:10A870009DF8190040F001008DF819009DF81500B1
:10A8800040F001008DF81500E0050BD59DF81A0089
:10A8900040F001008DF81A009DF8160040F001000C
:10A8A0008DF8160006AA03214FF4886002F038F9EB
:10A8B00008B12846BDE705AA032140F2314002F065
:10A8C0002FF908B12846B4E7054804810020B0E715
:10A8D0004CCD6C000CC92C0036567600264666001E
:10A8E000842E002008B54FF47A7290FBF2F04843B2
:10A8F000010E8DF80010010C8DF80110010A8DF881
:10A9000002108DF803006A4604214FF4AE7002F085
:10A9100007F908BD08B50521B0FBF1F0010A8DF873
:10A9200000108DF801006A4602214FF4AD7002F06C
:10A93000F7F808BD08B50521B0FBF1F0010A8DF864
:10A9400000108DF801006A4602214FF4AC7002F04D
:10A95000E7F808BD08B500210091C10701D03021FA
:10A960000091810704D59DF8001041F00C01009181
:10A97000400704D59DF8000040F0030000906A46AF
:10A9800001214FF4A47002F0CBF808BD08B50028EF
:10A990000BD0042800D90420401E00906A460121F3
:10A9A00040F24F1002F0BCF808BD0120F4E70000AF
:10A9B0002DE9FC410546084669074FF0FF3602D0F5
:10A9C000B0F5C86F02D93046BDE8FC81F5F7CDFE81
:10A9D0004B49F5F7D8FC0746684601F043FA9DF865
:10A9E0000000022807D0042814D0082821D01028FD
:10A9F0002ED03046E8E70E213846F5F702FDF5F790
:10AA0000F0FE84B23F493846F5F78BFCF5F7E9FED6
:10AA100080B22BE00D213846F5F7F3FCF5F7E1FEA7
:10AA200084B239493846F5F77CFCF5F7DAFE80B296
:10AA30001CE00C213846F5F7E4FCF5F7D2FE84B2B1
:10AA400032493846F5F76DFCF5F7CBFE80B20DE0E4
:10AA50000B213846F5F7D5FCF5F7C3FE84B22C4937
:10AA60003846F5F75EFCF5F7BCFE80B2210A8DF89A
:10AA700004108DF80540010A8DF806108DF80700C6
:10AA8000E80701AC11D001AA02214FF4EA7002F0EC
:10AA900047F808B1304697E7A21C02214FF49270A4
:10AAA00002F03EF808B130468EE7A80711D501AA9A
:10AAB00002214FF4EC7002F033F808B1304683E71E
:10AAC000A21C02214FF4947002F02AF808B130461B
:10AAD0007AE7680711D501AA02214FF4EE7002F05F
:10AAE0001FF808B130466FE7A21C02214FF49670A0
:10AAF00002F016F808B1304666E7002064E700006F
:10AB000000004843000040460000C04500004045AA
:10AB10000000C04408B50521B0FBF1F0010A8DF832
:10AB200000108DF801006A4602214FF4EF7001F029
:10AB3000F7FF08BD08B50521B0FBF1F0010A8DF85B
:10AB400000108DF801006A4602214FF4ED7001F00B
:10AB5000E7FF08BD2DE9F04110F8011B0026C94DA3
:10AB60000127722942D073294FD06D2966D06429FC
:10AB700072D070297ED071297DD076297CD062294F
:10AB80007BD074297AD0792979D04FF461786B29F8
:10AB900076D0632975D0782974D06E2973D06F2947
:10ABA00072D0772971D0662970D067296FD0682953
:10ABB0006ED06A296DD075296CD07A296BD06C293A
:10ABC0006AD0652969D03F2968D0AF4802F02EFECF
:10ABD00002F036F8ADA002F029FE02F031F8BAA07A
:10ABE00002F024FEBDE8F04102F02AB8EE802E818A
:10ABF0006E81AE81C4A002F0E1FBC5A002F016FE9A
:10AC000002F01EF82F61BDE8F0812E61CDA002F0A8
:10AC10000DFE688902F0EAFDCDA002F007FEA889CA
:10AC200002F0E4FD02F00CF8A8890028EBD0CBA0DC
:10AC300002F0FCFDBDE8F04102F002B802F00AF8B3
:10AC4000F5F7B6FD032800D30020CE490860BDE823
:10AC5000F041CDA002F0B2BB01F0FCFFF5F7A8FD7A
:10AC6000002800DA00204FF41661884200DD084613
:10AC7000C64914E01CE024E02CE034E03CE044E071
:10AC80004CE065E082E089E093E09BE0A3E0ABE08C
:10AC9000B3E0BDE0C5E0CDE0DDE0E5E0EDE008607B
:10ACA000BB4919380860BDE8F041B7A002F086BB87
:10ACB00001F0D0FFB7490860BDE8F041B2A002F052
:10ACC0007DBB01F0C7FFB4490860BDE8F041AEA00C
:10ACD00002F074BB01F0BEFFB0490860BDE8F0416E
:10ACE000A9A002F06BBB01F0B5FFAD490860BDE85B
:10ACF000F041A5A002F062BB01F0ACFFA9490860D9
:10AD0000BDE8F041A0A002F059BB01F0A3FFA649A5
:10AD10000860BDE8F0419CA002F050BB01F09AFF32
:10AD2000F5F746FD0446002C01DC4FF4167444454B
:10AD300000DD4446AC611420E8616F619BA002F025
:10AD400075FD204602F052FDBDE8F04101F078BFEC
:10AD500001F080FFF5F72CFD0446002C01DC4FF4D8
:10AD60009674444500DD4446AC612E626E6202205A
:10AD7000686191A002F05AFD204602F037FD91A0D3
:10AD800002F054FDBDE8F04101F05ABF6E6191A0A0
:10AD900002F04CFDBDE8F04101F052BF01F05AFF56
:10ADA000F5F706FD8E490860BDE8F04176A002F097
:10ADB00005BB01F04FFF8B490860BDE8F04172A070
:10ADC00002F0FCBA01F046FF87490860BDE8F04197
:10ADD0006DA002F0F3BA01F03DFF84490860BDE8C0
:10ADE000F04169A002F0EABA01F034FF804908603E
:10ADF000BDE8F04164A002F0E1BA01F02BFFF5F7E5
:10AE0000D7FC7C490860BDE8F0415FA002F0D6BAEB
:10AE100001F020FF78490860BDE8F0415AA002F037
:10AE2000CDBA01F017FF75490860BDE8F04156A0A2
:10AE300002F0C4BA01F00EFFF5F7BAFC012800DAFF
:10AE40000120142800DD142028706E70BDE8F04148
:10AE50004DA002F0B3BA01F0FDFE69490860BDE8FB
:10AE6000F04149A002F0AABA01F0F4FE6549086079
:10AE7000BDE8F04144A002F0A1BABDE8F04162A0F3
:10AE800002F09CBA5C02002028F100082320202058
:10AE9000202020703D42616C4B7020713D42616CFE
:10AEA0004B6420763D56656C4B7020623D56656C58
:10AEB0004B6920743D5475726E4B7020793D54750A
:10AEC000726E4B6400000000232020202020206EA2
:10AED000206F207720662067203D206D6F646520FD
:10AEE0003236206C6164646572207C207A3C6E3E50
:10AEF000203D206C6F67206576657279206E2D7419
:10AF000068207469636B00002373746172740000BD
:10AF1000237365712C6779726F2C616E675F632C88
:10AF20006D6C2C6D722C656C2C65722C696E6A2CA4
:10AF30006F73635F632C6B5F632C6C766C2C637335
:10AF40002C74760023656E6420726F77733D000069
:10AF50002064726F707065643D0000002357415299
:10AF60004E494E472064726F707065642073616D46
:10AF7000706C65732C207365712068617320676144
:10AF8000707300008C010020236F6B002C010020E7
:10AF900030010020480100204C0100205001002019
:10AFA00054010020580100205C010020236B6963DC
:10AFB0006B20616D703D00002363686972702061D1
:10AFC0006D703D0020302E352D3235487A203230DC
:10AFD0007300000023696E6A656374206F66660003
:10AFE000E0010020C0010020C4010020C8010020B1
:10AFF000CC010020D8010020B8010020BC010020B5
:10B000009001002094010020237374617465000096
:10B0100030B587B001214FF48360FAF7F9FA4FF4A5
:10B020000040FAF7CFFA0720ADF8040028248DF885
:10B030000740254D01A92846F7F7DEFC0821ADF8A9
:10B0400004108DF8074001A92846F7F7D5FC3021F8
:10B05000ADF804108DF8074001A92846F7F7CCFC9D
:10B060000125ADF804508DF8074001A91748F7F7FE
:10B07000C3FC174C2046F6F7A5F8002102918DF885
:10B080000C108DF80D104FF46020049005918DF890
:10B09000185002A92046F6F7DFF801212046F6F7FE
:10B0A00084F82046F6F736F92046F6F7CEF8002861
:10B0B000FAD12046F6F73FF92046F6F7B5F8002812
:10B0C000FAD107B030BD000000100140000C014073
:10B0D0000028014004490A885206FCD5024AC1B240
:10B0E000121D1180704700000038014010B50A2081
:10B0F000F7F72AFD134C000960600C20F7F724FDD8
:10B100000009A0600D20F7F71FFD000960610E2007
:10B11000F7F71AFD0009E0600820F7F715FD0009B0
:10B120002061A068FEF76CFFA060E068FEF768FF92
:10B13000E0606069FEF764FF606100F04DFA206036
:10B1400010BD0000CC0000202DE9FC41054626483A
:10B1500001AB042240680D21007800F0C1FA10B163
:10B160000720BDE8FC819DF807009DF80420C0F38E
:10B17000011102F0E00241EAD2018DF800109DF8C1
:10B180000520C0F3810102F0E00241EAD2018DF80E
:10B1900001109DF8061000F0030001F0E00140EA04
:10B1A000D1008DF8020000246E46305D20B10F48BA
:10B1B00045F824000E4F0AE0002045F824000CE07A
:10B1C00055F824003946F5F7ACF845F82400305D11
:10B1D000401E10F0FF003055F2D1641CE4B2032C85
:10B1E000E3D30020BDE70000000300207B14AE3E47
:10B1F0001D5A843F2DE9F04788B005460C4692461B
:10B2000001208DF8140000278DF81570DFF8B88341
:10B2100005AB0222D8F80000817CD8F80400007841
:10B2200000F099FA4FF0FF3918B1484608B0BDE870
:10B23000F087C820FEF724FF8DF81470D8F80000BE
:10B2400005AB0122C17BD8F80400007800F083FA36
:10B2500008B14846EAE7D8F8000005AB0122417979
:10B26000D8F80400007800F076FA08B14846DDE727
:10B27000D8F8000005AB0122817CD8F804000078E2
:10B2800000F069FA08B14846D0E7D8F8000005ABED
:10B290000122C17DD8F80400007800F05CFA08B102
:10B2A0004846C3E7D8F8000005AB01220179D8F879
:10B2B0000400007800F04FFA08B14846B6E70C26C3
:10B2C0008DF81460D8F8000005AB01220179D8F898
:10B2D0000400007800F03FFA08B14846A6E70F20C6
:10B2E000FEF7CEFED8F82800407A8DF81400D8F882
:10B2F000000005AB01228178D8F80400007800F046
:10B300002AFA08B1484691E7D8F82800007A8DF863
:10B310001400D8F8000005AB01224178D8F80400E9
:10B32000007800F018FA08B148467FE7BAF1000F3C
:10B3300007D0D8F82800807A40F0E0008DF814009B
:10B3400004E0D8F82800807A8DF81400D8F80000BE
:10B3500005AB01228179D8F80400007800F0FBF9F0
:10B3600008B1484662E7BAF1000F07D0D8F82800C4
:10B37000C07A40F0E0008DF8140002E018208DF84B
:10B380001400D8F8000005AB0122C179D8F80400F8
:10B39000007800F0E0F908B1484647E7BAF1000F3D
:10B3A00002D0C820FEF76CFE40208DF81400D8F8BB
:10B3B000000005AB01220179D8F80400007800F004
:10B3C000CAF908B1484631E778208DF81400D8F85A
:10B3D000000005AB01224179D8F80400007800F0A4
:10B3E000BAF908B1484621E73220FEF749FE8DF848
:10B3F0001470D8F8000005AB01224179D8F8040098
:10B40000007800F0A8F908B148460FE7D8F8000026
:10B4100005AB0222817AD8F80400007800F060F9C8
:10B4200008B1484602E79DF815009DF8141040EA5F
:10B430000120B0FBF6F0C6B2AF606F602F60A7606E
:10B4400067602760002756E0D8F8000005AB0C22A3
:10B45000C17AD8F80400007800F042F908B14846F3
:10B46000E4E69DF815009DF8141040EA012000B2B2
:10B47000ADF80C009DF817109DF8162041EA022146
:10B4800009B2ADF80E109DF819209DF8183042EA67
:10B49000032212B2ADF810202368184420606068BF
:10B4A00008446060A0681044A0609DF81B009DF8EF
:10B4B0001A1040EA012000B2ADF804009DF81D10FA
:10B4C0009DF81C2041EA022109B2ADF806109DF852
:10B4D0001F209DF81E3042EA032212B2ADF8082068
:10B4E0002B6818442860686808446860A86810449D
:10B4F000A8607F1CFFB2B742A6D328688322C11779
:10B50000090441EA104100040023F4F72FFE3246FB
:10B510000023F4F72BFE286068688322C117090412
:10B5200041EA104100040023F4F720FE32460023D4
:10B53000F4F71CFE6860A8688322C117090441EA79
:10B54000104100040023F4F711FE32460023F4F703
:10B550000DFEA86020684FF40065C117090441EA98
:10B56000104100042A460023F4F700FE324600236F
:10B57000F4F7FCFD206060682A46C117090441EA1F
:10B58000104100040023F4F7F1FD32460023F4F7E4
:10B59000EDFD6060A0682A46C117090441EA104128
:10B5A00000040023F4F7E2FD32460023F4F7DEFD49
:10B5B000A060002803DDA0F58030A06002E000F567
:10B5C0008030A060002031E6000300200148408860
:10B5D000704700001801002010B50949486900EBC8
:10B5E000C00202EB00138A68C96802EB8304C72318
:10B5F00003FB01431044084493FBF0F010BD00002E
:10B60000CC0000202DE9F84F81468A4600252F48BE
:10B610006B46032240680D21007800F061F810B1FC
:10B620000720BDE8F88F9DF8000000F01F008DF89E
:10B6300000009DF8010000F01F008DF801009DF84A
:10B64000020000F01F008DF8020000246F464FF04A
:10B65000010859F824005AF82410401A00D5404235
:10B66000F5F77AF86FF00F01F4F7CBFE0646385D78
:10B67000F8B1174ADFF85CB004E059461046F4F719
:10B6800050FE0246385D401E10F0FF003855F4D1E0
:10B6900011463046F4F777FE4FF07E51F4F73BFE4B
:10B6A0000D4920F0004088420BDD08FA04F0054304
:10B6B00007E00A483044B0F1D97F02D908FA04F013
:10B6C0000543641C032CC4DB2846AAE700030020C2
:10B6D0000000C84154E3853F295C0F3E0000E0BEF6
:10B6E0002DE9F04106460F4614461D46F7F792FE37
:10B6F000B0B17006000EF7F75DFEF7F7D3FE90B11C
:10B700003846F7F757FEF7F7CDFEF7F783FE01202F
:10B7100000EB4600C0B2F7F74DFEF7F7C3FE0FE0AF
:10B720000120BDE8F081F7F7A1FE0120F9E7012C27
:10B730000CD00120F7F708FE28706D1C641EE4B2DF
:10B74000002CF4D1F7F792FE0020EAE70020F7F78B
:10B75000FBFD2870F1E72DE9F04104460F4616463F
:10B760001D46F7F757FE68B16006000EF7F722FE98
:10B77000F7F798FE48B13846F7F71CFEF7F792FE48
:10B7800000240DE00120BDE8F081F7F76FFE0120F5
:10B79000F9E7285DF7F70EFEF7F784FE30B1641C79
:10B7A000B442F6DBF7F762FE0020ECE7F7F75EFE47
:10B7B0000020E8E708B501210420F9F729FF4FF43C
:10B7C0000060ADF8000010208DF8030002208DF815
:10B7D000020069460348F7F70FF9034900200860A3
:10B7E00008BD000000080140AC01214208B501215C
:10B7F0000820F9F70DFF0820ADF8000010208DF8A3
:10B80000030002208DF8020069460348F7F7F4F8B8
:10B8100002490020086008BD000C01408C812142D3
:10B8200070B50446204600F00DF80546E01C00F017
:10B8300009F845EAC005A01D00F004F845EA8010AB
:10B8400080B270BD90F90010002902DD4FF00000B9
:10B85000704702DA4FF00400704790F90110002998
:10B8600002DD4FF00100704702DA4FF0050070472B
:10B8700090F90200002802DD4FF00200704702DA62
:10B880004FF0060070474FF00700704738B50121B0
:10B890001820F9F7BDFE04248DF803401020ADF800
:10B8A0000000114D69462846F7F7A6F88DF80340C9
:10B8B0002021ADF8001069462846F7F79DF88DF86D
:10B8C00003400120ADF80000084D69462846F7F70F
:10B8D00093F88DF803400221ADF800106946284620
:10B8E000F7F78AF838BD000000100140000C014055
:10B8F0002DE9F0411F4DEC69002C00DA0024052CE5
:10B9000000DB0424A86B1C4E00280FDB84420DD002
:10B9100056F82410B1F5000F08DB56F82000F4F7B4
:10B9200032FD164F3968F4F7FCFC3860AC63EC610B
:10B93000114813493C3850F8240008600E4811495A
:10B94000283850F8240008600B480F49143850F884
:10B95000240008600D4956F82400086006480C4988
:10B96000143050F8240008600B490A480860BDE80C
:10B97000F0810000C0010020ACE100086801002057
:10B98000480100204C0100205001002054010020FB
:10B99000580100200000A0415C01002086B0FEF7A5
:10B9A000F7F8FBF737F9F8F72DFDFEF723F9F8F76D
:10B9B000AFFC012300220221B2A0F8F78AFDDFF8D4
:10B9C000D89201E0FBF7C4F90120F8F7C7F818B9DD
:10B9D00099F800000128F5D0002789F800700123AC
:10B9E00000220221ADA0F8F774FDDFF8C8B2B24E14
:10B9F000DFF8C882DFF8C8A2FBF7AAF99AF80000BE
:10BA00000C38052807D89BF80000012803D18BF8D3
:10BA10000070F6F751FC9AF80000E8B103281BD03B
:10BA20001A2837D0192862D0A0F1150103297DD832
:10BA3000307818B1F9F78CFCF9F7EAFAFBF782F9DC
:10BA40000028D9D19F480068F4F717FF9E4A126872
:10BA5000002A72D09DA271E0307818B1F9F778FC15
:10BA6000F9F7D6FA9B480178012902D10770FAF755
:10BA7000A3F8FBF767F90028BED197A19A48D8F838
:10BA80000020FCF7C7FC0123002203219648F8F7A9
:10BA900020FDB1E7307818B1F9F75AFCF9F7B8FA98
:10BAA000FBF750F90028A7D190480068F4F7E5FEAD
:10BAB00004468F480D460068F4F7DFFE8D4A126891
:10BAC00004928D4ACDE9024512680AB14C2200E089
:10BAD0005022009202460B4688A18348FCF79AFC4C
:10BAE0000123002203218048F8F7F3FC84E7307833
:10BAF00018B1F9F72DFCF9F78BFAFBF723F90028B9
:10BB0000C7D184480068F4F7B8FE044682480D4661
:10BB10000068F4F7B2FE8DE83300804880A1026827
:10BB20007148FCF777FC0123002201E014E004E0F7
:10BB300003216D48F8F7CDFC5EE77FA20092024634
:10BB40000B467FA16848FCF765FC01230022032116
:10BB50006548F8F7BEFC4FE7012827D0022832D00D
:10BB6000042833D005283ED006283CD0122867D0C0
:10BB700013286AD007286BD00A286CD00B286DD008
:10BB80000C2872D00D2873D00E2874D00F2875D0D1
:10BB90001028ABD16E4801780129A7D10770012385
:10BBA000002203216BA0F8F794FC25E74AA14E4838
:10BBB000D8F80020FCF72EFC0123002203214A487C
:10BBC000F8F787FC18E7F5F7FBFB15E7664867A170
:10BBD00002784548FCF71EFC01230022032142485D
:10BBE000F8F777FC08E7654D20212846F6F786FF31
:10BBF000044610212846F6F781FF0246234660A13D
:10BC00003948FCF707FC0123002202213648F8F7E7
:10BC100060FC614D02212846F6F770FF04460121C1
:10BC20002846F6F76BFF024623465CA12E48FCF738
:10BC3000F1FB0123002203212B48F8F74AFCDBE645
:10BC4000D9F80400F8F7ECFDD6E6F6F72DFDD3E6BB
:10BC5000F5F768FFD0E6F6F76BF8CDE6F5F7FEFFEF
:10BC6000CAE602E004E006E008E0F5F7DFFDC3E61F
:10BC7000F5F74EFEC0E6F5F79FFDBDE6F5F79CFE35
:10BC8000BAE6000070757420646F776E206B65797A
:10BC90002073746172742100040000207374617257
:10BCA0007420636F6E74726F6C212020202020201E
:10BCB000202000002804002084020020C80000206A
:10BCC000F10200209C0100209801002048454156C7
:10BCD00059000000AF000020646973203D256420F6
:10BCE0006D6D20202000000074040020440200201C
:10BCF000400200204C020020480200206625342E1D
:10BD000032662563206F736325342E3166207525D6
:10BD10006C640000EC010020E8010020DC01002040
:10BD20004C2564206F736325342E3166206C6E259C
:10BD3000332E3166000000004E4F524D20000000AF
:10BD4000726D733D25352E3166202573000000008D
:10BD500031040020737461727420747261636B210A
:10BD60002020202020000000D40200207370656590
:10BD700064203D20256420200000000000100140C8
:10BD80007831203D20256420207832203D20256414
:10BD90002020202000000000000C01407833203DCE
:10BDA00020256420207834203D2025642020202078
:10BDB0000000000070B504460D46114E00223346C7
:10BDC00020462946F4F784FD07D23346204629460B
:10BDD000BDE870400022F4F7C1BB002213462046A4
:10BDE0002946F4F75DFD07D2334620462946BDE8D3
:10BDF00070400022F4F711BB2046294670BD0000B8
:10BE0000008076402DE9F041002620F00104144D19
:10BE100095F82400002802D00020BDE8F081A97A1E
:10BE20004FF0FF3839B12F7C21402974A14200D056
:10BE3000464624B901E04046EFE7287D18B10120CD
:10BE400001F04CF802E0002001F048F82CB100F0BD
:10BE5000F3FA10B12F744046DFE73046DDE700000B
:10BE6000000300200F4A517A002908D0012909D087
:10BE700002290AD003290BD04FF0FF30704702216E
:10BE8000017007E00421017004E00821017001E065
:10BE900010210170D17C11B101784900017000209E
:10BEA0007047000000030020114A517A002908D091
:10BEB00001290AD002290CD003290ED04FF0FF30FF
:10BEC00070474FF4804101800AE041F69C71018087
:10BED00006E04FF48051018002E04FF400610180E0
:10BEE000D17C11B101884908018000207047000011
:10BEF000000300200249097C017000207047000007
:10BF0000000300200E49097A002909D001290AD02E
:10BF100002290CD003290ED0002101800020704797
:10BF2000FA210180FAE74FF4FA710180F6E74FF445
:10BF30007A710180F2E74FF4FA610180EEE70000C8
:10BF4000000300200C49097A002908D0012909D0F2
:10BF500002290AD003290BD04FF0FF307047074960
:10BF6000016007E00649016004E00649016001E064
:10BF700005490160002070470003002000000343D2
:10BF80000000834233330342333383410F49C97A7C
:10BF9000072917D2DFE801F01604070A0D10130075
:10BFA000BC21018010E0622101800DE02A21018086
:10BFB0000AE01421018007E00A21018004E0052144
:10BFC000018001E000210180002070470003002073
:10BFD000054991F82420002A02D04FF0FF30704725
:10BFE000C989018000207047000300202DE9FC4131
:10BFF00080208DF80000544C6B4601222068817C23
:10C0000060680078FFF7A7FB4FF0FF3610B13046AD
:10C01000BDE8FC816420FEF733F800258DF8005060
:10C0200020686B460122817C60680078FFF793FBF3
:10C0300008B13046ECE720686B460622817D6068D7
:10C040000078FFF74DFB08B13046E1E79DF80500A9
:10C050009DF80310C007400F01F0010140EA4101C3
:10C060009DF8010000F001000143012761B10129A1
:10C0700006D0022906D035A0FCF7BCF93046C7E748
:10C08000E77414E0E57412E020686B460122C17881
:10C0900060680078FFF724FB08B13046B8E79DF8E8
:10C0A000000000F00F0008B3042824D0E574FF213D
:10C0B00004F80A1F04F8021C04F8011C61704FF612
:10C0C000FF70A080A1712172A77027766576E57256
:10C0D000A572E56025616561A576E576A5834FF4D7
:10C0E000FA6000F0D9FB58B1304691E72148FCF7DF
:10C0F00081F930468CE720A0FCF77CF9E774D6E79D
:10C10000022000F0C5FA08B1304681E72A2000F08D
:10C110002FFC08B130467BE7322000F067FC08B105
:10C12000304675E70020FFF76DFE08B130466FE737
:10C13000002000F0E7FA08B1304669E7002000F07F
:10C1400097FC002064E7000000030020556E737523
:10C1500070706F7274656420736F66747761726556
:10C160002070726F64756374207265762025642E6A
:10C170000A0000006CF1000848616C662073656E6F
:10C180007369746976697479207061727420666F5E
:10C19000756E642E0D0A00002DE9FF4F85B005462F
:10C1A0000E461746DFF8A0804FF0FF3998F82500BB
:10C1B000002803D0484609B0BDE8F08F0EB1002436
:10C1C00025E04846F7E7281B102800DD10201FFA5D
:10C1D00080FA3019834602465146204600F0A0FC02
:10C1E00008B14846E7E701AA5146204600F0ECF8BE
:10C1F00008B14846DFE75846524601A9F4F72CF843
:10C2000010B16FF00100D6E704EB0A0084B2AC4233
:10C21000D9D3380A8DF800008DF80170D8F80000E5
:10C220006B460222817ED8F804000078FFF793FA6B
:10C2300008B14846BFE7012088F825000898A8F80B
:10C2400026000020B7E70000000300202DE9F84396
:10C2500004464FF0FF37282C02D93846BDE8F88352
:10C260002D4D4FF0070900268CB1012000F050FB46
:10C2700020208DF800004FF00108012C1CD0052C67
:10C2800020D88DF80180052000F072FB29E0002005
:10C2900000F03EFB8DF800608DF8019028686B4639
:10C2A0000222817C68680078FFF755FA08B13846A9
:10C2B000D4E72E750020D1E78DF80160052000F04D
:10C2C00057FB0EE0142C06D802208DF801000A203E
:10C2D00000F04EFB05E003208DF80100142000F073
:10C2E00047FB9DF8010009EB80108DF801002868DC
:10C2F0006B460222817C68680078FFF72CFA08B14F
:10C300003846ABE70820A8722E7385F81480002009
:10C31000FFF778FD0020A1E7000300202DE9F84396
:10C32000054689461746274E4FF0FF3896F82400F9
:10C3300000280DD0B07A68B130686B460222817A4D
:10C3400070680078FFF7CCF930B14046BDE8F8835B
:10C350004046FBE74046F9E79DF801009DF80010D4
:10C3600040EA0124AC4203D2002038704046EDE799
:10C3700070684188B4EB510F12D9316800786B4670
:10C38000497C0122FFF7ACF908B14046DEE79DF891
:10C390000000C00604D500F04FF86FF00100D5E7AB
:10C3A0003068EAB24B46C17A70680078FFF798F9B6
:10C3B00008B14046CAE7B4FBF5F0401E38700020D3
:10C3C000C4E70000000300202DE9F8430E46904624
:10C3D0004FF0FF35B8F1000F10D0164FB97A79B190
:10C3E000010A8DF80010C4B28DF80140A0197C68D4
:10C3F0006189884206D92846BDE8F8832846FBE7CC
:10C400002846F9E738686B460222017E2078FFF75C
:10C41000A2F908B12846EFE73868F2B24346417DF9
:10C4200078680078FFF75CF908B12846E4E7002057
:10C43000E2E7000000030020F8B5564D4FF0FF364C
:10C44000A87A00280CD00024009428686B460122AA
:10C45000C17B68680078FFF77EF918B13046F8BDF7
:10C460003046F8BD28686B4601224179686800783B
:10C47000FFF771F908B13046F8BD28686B46012214
:10C48000017968680078FFF766F908B13046F8BDB1
:10C4900095F8240078B30C20009028686B460122A0
:10C4A000017968680078FFF756F908B13046F8BDA1
:10C4B000C0200090A87AC00701D0E0200090286832
:10C4C0006B460122017968680078FFF744F908B1EA
:10C4D0003046F8BD687C10B10220009000E0009466
:10C4E00028686B460122C17B68680078FFF733F942
:10C4F00010B13046F8BD0BE0009428686B4601226D
:10C50000417968680078FFF726F9A0B33046F1E773
:10C510000420009028686B46012201796868007841
:10C52000FFF719F908B13046E4E7A87C78B9A87A92
:10C53000C0070CD06020009028686B46012201796A
:10C5400068680078FFF707F920B13046D2E740204D
:10C550000090F1E7687C10B10120009000E00094A9
:10C5600028686B460122C17B68680078FFF7F3F802
:10C5700010B13046BEE70BE02868064B0122417936
:10C58000686810330078FFF7E6F808B13046B1E785
:10C590000020AFE7000300202DE9F0438BB0814677
:10C5A00088463A4D95F82400002804D0002000F079
:10C5B00035F9012600E0002602A8FFF7A3FC04A835
:10C5C000FFF750FC6846FFF7E1FC01A8FFF700FD0C
:10C5D000AF7A03A8FFF78EFC0024002241464846AC
:10C5E000FEF708FE10B1641C022CF6DB022C19D0F9
:10C5F0000024012205A908A8FEF7FCFD10B1641C67
:10C60000022CF6DB022C0FD005A94046FCF7C0FE39
:10C6100000F0FF0808A94846FEF7F4FFC0B2002466
:10C6200020B104E0002407E0002405E00124B8F173
:10C63000000F01D144F00204FF2028726872E872F2
:10C640004FF6FF71E981A872287401202873BDF8A4
:10C65000080000F021F99DF8100000F019F8BDF86D
:10C66000000000F085F9BDF8040000F0BFF938467D
:10C6700000F0FEF99DF80C00FFF7C4FB16B1012095
:10C6800000F0CCF80BB02046BDE8F083000300209A
:10C6900038B51B4C4FF0FF35A17A002909D002288C
:10C6A00009D004280AD008280BD010280CD028461E
:10C6B00038BD284638BD0020009007E008200090D3
:10C6C00004E01020009001E018200090607A9DF8AE
:10C6D0000010B0EBD10F01D1002038BD20686B46AF
:10C6E0000122C17960680078FFF735F808B1284663
:10C6F00038BD9DF80000C0086072002038BD000001
:10C7000000030020F8B50446434DA87CA04201D1A7
:10C710000020F8BD40484FF0FF36D0E90010ACB320
:10C72000097900786B460122FEF7DAFF08B130463E
:10C73000F8BD9DF8000020F02000009028686B46AE
:10C740000122017968680078FFF705F808B13046E2
:10C75000F8BD0320FDF794FC0220009095F822001C
:10C7600008B18220009095F8230020B19DF80000C8
:10C7700040F03000009028686B460122017D686817
:10C780000078FEF7E8FFE8B33046F8BDFFE7097927
:10C7900000786B460122FEF7A3FF08B13046F4E7AC
:10C7A000A87AC00705D09DF8000040F02000009056
:10C7B00004E09DF8000020F02000009028686B46FF
:10C7C0000122017968680078FEF7C5FF08B130469C
:10C7D000DBE70320FDF754FC95F8220010B1802020
:10C7E000009001E00020009095F8230020B19DF812
:10C7F000000040F03000009028686B46017D6868BA
:10C80000007800E005E00122FEF7A5FF08B1304600
:10C81000BBE7AC740020B8E70003002038B51D4C1E
:10C8200094F82410814201D1002038BD0025F0B1D8
:10C8300094F82500C0B1002000F050FB0020FFF765
:10C8400061FFE08C00F0D2F8009560686B46012231
:10C8500000782321FEF77FFF012084F8240000F0F8
:10C860003DFBFFF7E9FD12E04FF0FF3038BD00203F
:10C8700000F034FB207C009060686B460122007859
:10C880002321FEF768FF84F82450FFF7D5FD002030
:10C8900038BD00000003002038B51C4C4FF0FF35B8
:10C8A000A17A00290CD0FA280CD0B0F5FA7F0CD070
:10C8B000B0F57A7F0CD0B0F5FA6F0CD0284638BDB1
:10C8C000284638BD0020009007E00820009004E0D2
:10C8D0001020009001E018200090207A9DF80010B0
:10C8E000B0EBD10F01D1002038BD20686B4601228A
:10C8F000817960680078FEF72EFF08B1284638BDC0
:10C900009DF80000C0082072002038BD0003002000
:10C9100038B50446154D95F82300A04201D10020FA
:10C9200038BD14B13020009001E000200090A87CB8
:10C9300020B19DF8000040F00200009095F8220020
:10C9400020B19DF8000040F08000009028686B4600
:10C950000122017D68680078FEF7FDFE10B14FF0FE
:10C96000FF3038BD85F82340002038BD000300208B
:10C9700038B51D4C4FF0FF35A17A002904D0BC28F2
:10C9800004D30120009017E0284638BD622802D366
:10C990000220009010E02A2802D3032000900BE030
:10C9A000142802D30420009006E00A2802D30520B0
:10C9B000009001E006200090E07A9DF80010884287
:10C9C00001D1002038BD20686B4601228178606863
:10C9D0000078FEF7C0FE08B1284638BD9DF800007B
:10C9E000E072002038BD000000030020F8B50446C6
:10C9F0001E4D4FF0FF37A87A002804D095F8240088
:10CA000018B13846F8BD3846F8BD287D50B134B16C
:10CA1000282C04D8E0B2FFF719FC0020F8BD002054
:10CA2000FFF714FC4FF47A76042C01D2042402E0C0
:10CA3000B44200D93446B6FBF4F0401E009028689A
:10CA40006B460122417868680078FEF784FE08B1E1
:10CA50003846F8BD9DF80000401CB6FBF0F0E881B8
:10CA60004008FFF785FF0020F8BD0000000300200C
:10CA7000F8B5044614F0700F4FF0000602D0012004
:10CA8000009004E00CB1009601E040200090234D9E
:10CA90006B4601222868817C68680078FEF75BFE9F
:10CAA0004FF0FF3710B1AE723846F8BD9DF8000068
:10CAB00020F0400028730096600601D40420009006
:10CAC000A00604D49DF8000040F002000090E006AB
:10CAD00004D49DF8000040F001000090200704D429
:10CAE0009DF8000040F03800009028686B46012255
:10CAF000C17C68680078FEF72EFE10B1AE72384631
:10CB0000F8BD24B1082C02D00020FFF701FFAC7261
:10CB10002E753220FDF7B4FA0020F8BD0003002086
:10CB20002DE9F8430E4690464FF0FF35B8F1000F5F
:10CB300010D0164FB97A79B1010A8DF80010C4B23D
:10CB40008DF80140A0197C686189884206D9284681
:10CB5000BDE8F8832846FBE72846F9E738686B46C6
:10CB60000222017E2078FEF7F6FD08B12846EFE7A5
:10CB70003868F2B24346417D78680078FEF7EBFDF5
:10CB800008B12846E4E70020E2E7000000030020A7
:10CB90002DE9FF5F8846DDE90EAB994690452DD122
:10CBA000002626E0002421E0109A09FB06F002EBA3
:10CBB0008007002147F82410002514E009FB05F048
:10CBC0000BEB800050F8241008FB06F00AEB800005
:10CBD00050F82500F3F7A5FB57F82410F3F749FBAD
:10CBE00047F824006D1C4545E8DB641C4C45DBDB45
:10CBF000761C00988642D5DBBDE8FF9F04B002A0FA
:10CC0000BDE8F05FFBF7F6BBB4EDCEF3A3BABED838
:10CC1000D5F3B5C4B3DFB4E7B2BBB6D4A3A100006B
:10CC200000B50346002203E06420FDF73DFA521CE4
:10CC30009A42F9DB00BD002800DA40427047704795
:10CC400010B50D2000F064FDBDE810400A2000F092
:10CC50005FBD00002DE9F04704460025204F002667
:10CC600000E0641C20782028FBD03D28F9D02078F3
:10CC70002D2801D10126641CDFF868800BE0F3F752
:10CC80006BFD814641462846F3F74BFB4946F3F7D7
:10CC9000F0FA0546641C207830380928EFD920784E
:10CCA0002E2815D1641CB8460EE0F3F755FD394621
:10CCB000F3F737FB2946F3F7DCFA054641463846D9
:10CCC000F3F72FFB0746641C207830380928ECD98D
:10CCD0001EB185F00040BDE8F0872846FBE7000064
:10CCE000CDCCCC3D0000204110B50948094C0021B5
:10CCF000036801220848A34202DA8270017110BD64
:10CD00000379002BFBD1817002710448016010BDD2
:10CD1000280100209A991941AC000020AC01214261
:10CD200030B5039C1D6840F825401868401C90FBF6
:10CD3000F1F401FB140018601068884201DA401C0D
:10CD4000106030BD4FF07E51C16101620021016170
:10CD5000C0F8E812C0F8E412C0F8CC128162C0F842
:10CD60002011C0F8241101214161D0F80013491CA1
:10CD7000C0F8001370470000F0B42B4900240125CF
:10CD80008B782A4A0B2B0BD2DFE803F0060C131723
:10CD9000272B2F33373B3F00AA2801D18D7010700D
:10CDA000F0BC70475528FBD1022088705520507088
:10CDB000F6E7907003208870F2E7D07004228A7042
:10CDC00000EB400088800A30FF28E9D98C808C7005
:10CDD000F0BC91011548F3F713BA10710520887063
:10CDE000DEE7507106208870DAE7907107208870BE
:10CDF000D6E7D07108208870D2E7107209208870B9
:10CE0000CEE750720A208870CAE7CB7803F10A0691
:10CE100090555B1CD8B2C8708A889042C0D30D7000
:10CE2000CC708C808C70BBE728040020E02E0020A2
:10CE3000C16101620121016100214161C0F8CC1290
:10CE4000C0F8F0128162C0F82011C0F82411C0F8B7
:10CE5000E812C0F8E412D0F82013491CC0F82013DF
:10CE6000704710B588B002A905A8FFF795FB072801
:10CE700032D101A8FFF766F80598F3F76DFC019928
:10CE80000C46F3F74EFAF3F793FC05900698F3F788
:10CE900063FC2146F3F745FAF3F78AFC06900798FE
:10CEA000F3F75AFC2146F3F73CFAF3F781FC0790BD
:10CEB00005A8FDF707FC6846FEF7F6FFBDF8000081
:10CEC00002994143029103994143039104994143DB
:10CED000049102A8FDF738FB08B010BDF8B51B4C53
:10CEE0000023224694F8246006CA5D1E002E11D04D
:10CEF00010B10220009000E000931078C97B6B46CF
:10CF00000122FEF728FC08B12846F8BD9DF8000074
:10CF1000607419E0A67A26B128B1667C1EB10020A3
:10CF2000F8BD2846F8BD10B10120009000E0009344
:10CF30001078C97B6B460122FEF70DFC08B128462C
:10CF4000F8BD9DF8000060740020F8BD00030020CB
:10CF50000149488070470000180100205E485F4981
:10CF600000780A78904276D008701B2873D2DFE8E8
:10CF700000F00E141A20262C32383E444A50565CDB
:10CF800062686E767C82888E949AA0A6AC0001239B
:10CF90001A46194652A0F7F79CBA01231A461946B9
:10CFA00053A0F7F796BA01231A46194653A0F7F78C
:10CFB00090BA01231A46194653A0F7F78ABA0123FB
:10CFC0001A46194654A0F7F784BA01231A4619469F
:10CFD00056A0F7F77EBA01231A46194656A0F7F76E
:10CFE00078BA01231A46194657A0F7F772BA0123F7
:10CFF0001A46194658A0F7F76CBA01231A46194683
:10D0000059A0F7F766BA01231A4619465AA0F7F74E
:10D0100060BA01231A4619465CA0F7F75ABA0123F1
:10D020001A4619465DA0F7F754BA01231A46194665
:10D030005EA0F7F74EBA01231A4619465FA0F7F72C
:10D0400048BA01231A46194660A0F7F742BA0123ED
:10D050001A46194600E03EE060A0F7F73ABA01230D
:10D060001A46194662A0F7F734BA01231A46194640
:10D0700064A0F7F72EBA01231A46194665A0F7F700
:10D0800028BA01231A46194665A0F7F722BA0123E8
:10D090001A46194665A0F7F71CBA01231A46194625
:10D0A00066A0F7F716BA01231A46194667A0F7F7E4
:10D0B00010BA01231A46194668A0F7F70ABA0123E5
:10D0C0001A46194669A0F7F704BA01231A46194609
:10D0D0006AA0F7F7FEB97047F1020020F4020020C1
:10D0E000312E5374616E64617264204D6F6465000B
:10D0F000322E555420466F6C6C6F7700332E55548A
:10D100002041766F69640000342E4C6F6164204DBD
:10D110006F76656D656E7400352E48616E646C6562
:10D1200020436F6E74726F6C00000000362E4952FF
:10D1300020547261636B0000372E4164762049529F
:10D1400020547261636B0000382E4B323130205115
:10D150005220526563000000392E4B32313020548A
:10D160007261636B0000000031302E4B3231302091
:10D17000466F6C6C6F77000031312E4B32313020AE
:10D1800053656C66204C6561726E000031322E4B27
:10D19000323130204E756D205265630031332E4C94
:10D1A000694441522041766F6964000031342E4C4D
:10D1B0006944415220466F6C6C6F770031352E4CBC
:10D1C00069444152204775617264000031362E4C2B
:10D1D0006944415220506174726F6C0031372E4C9B
:10D1E00069444152205374724C696E6531000000ED
:10D1F00031382E4C69444152205374724C696E652B
:10D200003200000031392E43434420547261636B75
:10D210000000000032302E454D20547261636B00D7
:10D2200032312E50504F204E6176000032322E4166
:10D2300075746F204C6F61640000000032332E4C17
:10D240006F616420444236353000000032342E4C89
:10D250006F616420444239303000000032352E4C7A
:10D260006F616420444231333030000032362E4149
:10D2700064617074204C6F616400000032372E418D
:10D28000646170742056340000B5254B21F00042D3
:10D2900087B09A4203DC0022134600922BE0214B18
:10D2A0009A4208D140B94FF00100FBF713FCFBF79D
:10D2B000ECFB07B000BD03DBFBF7E2FB07B000BDF2
:10D2C00002AAFBF7CFF810F003014FF001000DD0D8
:10D2D000012914D002291AD00DF1080C9CE80F0086
:10D2E000FBF784FA07B081F0004100BD0DF1080C96
:10D2F00000909CE80F00FBF74DFB07B000BD0DF15F
:10D30000080C9CE80F00FBF771FA07B000BD0DF1A7
:10D31000080C00909CE80F00FBF73CFBE2E70000E4
:10D32000FB21E93F0000F07F2DE9F04106460F4662
:10D33000F3F79FFC041E0D4618BF0120284320F080
:10D340000040C0F17F6000F1E040C00F0ED0301C03
:10D3500018BF0120384320F00040C0F17F6000F189
:10D36000E040C00F04BF0120FBF7B4FB2046294674
:10D37000BDE8F08170B50546F3F7EFFB044620F0F9
:10D380000040C0F1FF40C00F08D025F00040C0F1C0
:10D39000FF40C00F04BF0120FBF79CFB204670BD7F
:10D3A00007B502AB0122F7F74EFA0EBD30B41446B2
:10D3B000DAB2234630BCF7F746BA000010B500F0E9
:10D3C00035FA6AA000F032FA6A480078401C00F092
:10D3D0000DFA69A000F02AFA6948006800F006FA20
:10D3E00068A000F023FA6948006800F0FFF968A01F
:10D3F00000F01CFA6848006808B168A000E069A065
:10D4000000F014FA69A000F011FA6A48006800F010
:10D4100089F969A000F00AFA6948006800F082F909
:10D4200068A000F003FA6948006800F07BF968A082
:10D4300000F0FCF96848006800F074F967A000F09B
:10D44000F5F96848006800F06DF967A000F0EEF9A2
:10D450006748006800F066F966A000F0E7F96748E1
:10D46000006800F05FF966A000F0E0F96648006827
:10D4700000F0BCF965A000F0D9F96548006800F03B
:10D48000B5F964A000F0D2F96448006800F07AF9B8
:10D4900063A000F0CBF96448006800F073F963A062
:10D4A00000F0C4F96348006800F06CF962A000F075
:10D4B000BDF96348006800F065F962A000F0B6F9B4
:10D4C0006248006800F05EF961A000F0AFF96248C0
:10D4D000006800F057F961A000F0A8F96148006801
:10D4E00000F050F960A000F0A1F96148006800F078
:10D4F0007DF960A000F09AF96048006800F076F9C4
:10D500005FA000F093F95F48006800F03BF95EA06F
:10D5100000F08CF95E48006800F034F95DA000F07E
:10D5200085F95E48006800F02DF95DA000F07EF9F5
:10D530005D48007800F05AF95CA000F077F95D488A
:10D54000006800F053F931A000F070F95A48006803
:10D5500000F04CF959A000F069F95A48006800F051
:10D56000E1F8BDE81040FFF76BBB0000206D6F6471
:10D57000653D0000F10200202070726F663D0000E2
:10D580008801002020666F7263653D008C010020D9
:10D5900020676561723D00009801002048454156B2
:10D5A000590000004E4F524D414C0000206B703D21
:10D5B0000000000048010020206B643D00000000D6
:10D5C0004C01002020766B703D00000050010020CF
:10D5D00020766B693D00000054010020206C623D04
:10D5E00000000000900100202065613D0000000067
:10D5F0009401002020726D733D0000009C0100200A
:10D60000206C766C3D000000DC0100202F00000043
:10D61000E0010020206F73633D000000E80100205E
:10D62000206C65616E3D0000EC0100202073617488
:10D630003D000000F0010020206F48693D0000001F
:10D64000C0010020206C48693D000000C40100209A
:10D65000206F4C6F3D000000C80100202070616EFB
:10D660003D000000CC010020206E70616E3D000086
:10D67000E401002020626F6F743D0000D80100209B
:10D68000206B3D00F4010020206B453D00000000B0
:10D69000B8010020206B463D00000000BC010020C6
:10D6A000206469763D0000005C0200202064656112
:10D6B000643D00002C0100203001002020766261D2
:10D6C000743D0000280100202DE9F04104460D467C
:10D6D00016461F46DFF8308010214046F5F70EFA57
:10D6E000207020214046F5F709FA2870074C0121E7
:10D6F0002046F5F703FA307002212046F5F7FEF9CF
:10D700003870BDE8F081000000100140000C0140BD
:10D7100003490A881206FCD50149091D0880704793
:10D720000038014070B5044614F1FF4F04D32D209A
:10D73000FFF7EEFF84F000442046F3F739F8054682
:10D740002846F3F709F82146F2F7E8FD0C49F2F70D
:10D75000E8FD4FF07C51F2F78CFDF3F729F8044611
:10D76000092C01DD6D1C0024284600F03FF82E2016
:10D77000FFF7CEFF2046BDE8704000F037B800004C
:10D780000000204170B5044614F1FF4F04D32D2052
:10D79000FFF7BEFF84F000442046F3F709F8054682
:10D7A0002846F2F7D9FF2146F2F7B8FD0E49F2F705
:10D7B000B8FD4FF07C51F2F75CFDF2F7F9FF04463B
:10D7C000632C01DD6D1C0024284600F00FF82E208C
:10D7D000FFF79EFF0A2C02DA3020FFF799FF204660
:10D7E000BDE8704000F002B80000C8427CB50546B4
:10D7F0000024002D03DA2D20FFF78AFF6D420A2056
:10D800006E4695FBF0F100FB115130312246641C4D
:10D81000B15495FBF0F535B1082CF2DB03E0641E42
:10D82000305DFFF775FF002CF9D17CBD10B50446C3
:10D8300002E0641CFFF76CFF20780028F9D110BDCE
:10D8400030B587B00446012144F20400F7F7E0FE4A
:10D850004FF40070ADF8180003208DF81A0018205E
:10D860008DF81B001C4D06A92846F5F7C5F82815AC
:10D87000ADF8180004208DF81B0006A92846F5F71E
:10D88000BBF802940024ADF80C40ADF80E40ADF8A2
:10D890001040ADF814400C20ADF812000F4D02A955
:10D8A0002846F9F7E7FF002240F225512846F9F70C
:10D8B000C6FF01212846F9F78FFF25208DF80400C7
:10D8C0008DF8054001208DF806008DF8070001A8AD
:10D8D000F6F7CAFD07B030BD00080140003801402E
:10D8E00038B501210420F7F793FE0220ADF80000BF
:10D8F00028208DF8030003248DF80240084D694666
:10D900002846F5F779F80121ADF8001010218DF8BF
:10D9100003108DF8024069462846F5F76DF838BDCA
:10D9200000080140000000000000000000000000AE
:10D9300000000000000000000010001000100010A7
:10D940000010001000000010000000000028002857
:10D95000002800000000000000000000000000009F
:10D9600000240024007C00240048007C004800487B
:10D97000000000000038005400500038001400542B
:10D9800000540038001000000020005400580030FF
:10D9900000280054001400080000000000100028B7
:10D9A0000028001000340048004800340000000047
:10D9B0000010001000100000000000000000000037
:10D9C00000000000000800100020002000200020BF
:10D9D00000200020001000080020001000080008AF
:10D9E000000800080008000800100020001000389F
:10D9F00000100028000000000000000000000000EF
:10DA00000000000000100010007C0010001000005A
:10DA10000000000000000000000000000000000006
:10DA200000000010001000100000000000000000C6
:10DA300000000038000000000000000000000000AE
:10DA400000000000000000000000001000000000C6
:10DA50000008000800100010001000100020002036
:10DA6000000000000038004400440054004400441A
:10DA7000004400380000000000100030005000108A
:10DA800000100010001000100000000000380044DA
:10DA900000440004000800100020007C000000008A
:10DAA000003800440004001800040004004400385A
:10DAB0000000000000080018002800280048007C32
:10DAC0000008000800000000007C004000400078D2
:10DAD0000004000400440038000000000038004446
:10DAE000004000780044004400440038000000007A
:10DAF000007C00040008001000100020002000201E
:10DB00000000000000380044004400380044004495
:10DB10000044003800000000003800440044004485
:10DB2000003C000400440038000000000000000039
:10DB300000100000000000000000001000000000C5
:10DB400000000000000000100000000000000010B5
:10DB50000010001000000000000C003000400030F9
:10DB6000000C000000000000000000000000007C2D
:10DB70000000007C00000000000000000000000029
:10DB800000600018000400180060000000000000A1
:10DB900000380044000400080010001000000010CD
:10DBA0000000000000380044004C0054005C0040BD
:10DBB0000040003800000000001000280028002865
:10DBC0000028007C0044004400000000007800446D
:10DBD0000044007800440044004400780000000045
:10DBE000003800440040004000400040004400383D
:10DBF000000000000070004800440044004400445D
:10DC00000048007000000000007C00400040007CE4
:10DC1000004000400040007C00000000007C00400C
:10DC2000004000780040004000400040000000003C
:10DC30000038004400400040005C004400440038CC
:10DC400000000000004400440044007C0044004404
:10DC500000440044000000000038001000100010D4
:10DC60000010001000100038000000000004000444
:10DC70000004000400040004004400380000000018
:10DC80000044004800500060005000480048004434
:10DC90000000000000400040004000400040004004
:10DCA0000040007C000000000044006C006C005448
:10DCB00000440044004400440000000000440064AC
:10DCC000006400540054004C004C0044000000006C
:10DCD000003800440044004400440044004400383C
:10DCE0000000000000780044004400440078004038
:10DCF00000400040000000000038004400440044A0
:10DD0000004400440054003800040000007800443F
:10DD1000004400440078004800480044000000002F
:10DD2000003800440040003000080004004400387F
:10DD300000000000007C0010001000100010001017
:10DD400000100010000000000044004400440044A3
:10DD50000044004400440038000000000044004437
:10DD600000440028002800280010001000000000D7
:10DD700000440044005400540054006C0028002863
:10DD800000000000004400280028001000100028B7
:10DD9000002800440000000000440044002800283F
:10DDA000001000100010001000000000007C0004B3
:10DDB00000080010001000200040007C000000005F
:10DDC00000180010001000100010001000100010CB
:10DDD000001000180020002000100010001000109B
:10DDE00000080008000000000030001000100010C3
:10DDF000001000100010001000100030001000286B
:10DE000000280044000000000000000000000000A6
:10DE10000000000000000000000000000000000002
:10DE200000FE0000002000100000000000000000C4
:10DE30000000000000000000000000000038004466
:10DE4000003C0044004C0034000000000040004052
:10DE500000580064004400440064005800000000C2
:10DE6000000000000038004400400040004400383A
:10DE700000000000000400040034004C0044004492
:10DE8000004C003400000000000000000038004496
:10DE9000007C00400044003800000000000C00102E
:10DEA000007C0010001000100010001000000000A6
:10DEB000000000000034004C00440044004C0034DA
:10DEC0000004007800400040005800640044004412
:10DED000004400440000000000100000007000102A
:10DEE00000100010001000100000000000100000E2
:10DEF000007000100010001000100010001000E072
:10DF000000400040004800500060005000480044BD
:10DF10000000000000700010001000100010001041
:10DF20000010001000000000000000000078005405
:10DF30000054005400540054000000000000000091
:10DF40000058006400440044004400440000000005
:10DF50000000000000380044004400440044003841
:10DF6000000000000000000000580064004400446D
:10DF70000064005800400040000000000034004CE5
:10DF800000440044004C0034000400040000000081
:10DF900000580064004000400040004000000000C5
:10DFA0000000000000380044003000080044003841
:10DFB0000000000000200020007800200020002049
:10DFC0000020001800000000000000000044004491
:10DFD00000440044004C0034000000000000000039
:10DFE0000044004400280028002800100000000021
:10DFF00000000000005400540054006C0028002869
:10E000000000000000000000004400280010001084
:10E01000002800440000000000000000004400440C
:10E020000028002800100010001000600000000010
:10E03000007C0008001000200040007C0000000070
:10E040000018001000100010002000200010001028
:10E050000010001800100010001000100010001038
:10E060000010001000100010003000100010001010
:10E070000008000800100010001000300000000030
:10E0800000000074004C00000000000000000000D0
:10E09000000016470000404200E02B460000B84256
:10E0A0000000AF440000A041000016470000F0420D
:10E0B000003072460000F0420000AF440000A04172
:10E0C000000028410000E8410000E1460000404215
:10E0D0000020004600008A420000AF440000A0413A
:10E0E0000000E1460000F042004035460000B44226
:10E0F0000000AF440000A04133339B41CDCC12421D
:10E100000000E146000040420020004600008A4234
:10E110000000AF440000A0410000E1460000F042D2
:10E12000004035460000B4420000AF440000A0416A
:10E130006666C6406666044200001647000040421C
:10E1400000E02B460000B8420000AF440000A041B0
:10E15000000016470000F042003072460000F04216
:10E160000000AF440000A0410000F0403333AF4155
:10E170000000164600803B46000061460040834692
:10E180000000964600004042000093420000C64254
:10E190000000F9420000164300C0C1450020DB45E5
:10E1A0000088F44500F4064600A813460000F84134
:10E1B00000000C4200001C4200002C4200003C42C7
:10E1C0000080D4440020CB4400C0C1440060B84467
:10E1D0000000AF446800000476005401F7FD000120
:10E1E00075191A0C6A231B1C1F207274433B41389B
:10E1F000393A6B6C376F06246D6E70008300000037
:10E200000008000000010018320005000000204155
:10E210000000D242295C0F3E9A99993E3333733FF6
:10E22000295C0F3E00007000000000240000000286
:10E230000003000000650054FFEF0000FA80000BAF
:10E2400012820001030C30C30E8C8CE914D54002FD
:10E2500013710F8E3883F8833000F883258EF8838E
:10E260003000F883FFFFFFFF0FFEA9D62400040053
:10E270001A8279A10000003CFFFF0000001000009E
:10E2800038836FA2003E03304000000002CAE30959
:10E290003E80000020000000000000004000000060
:10E2A00060000000000C0000000C186E00000692D8
:10E2B0000A16C0DFFFFF0256FD8CD377FFE1C4963C
:10E2C000E0C5BEAA00000000FFFF0B2B00001657A0
:10E2D000000003594000000000001DFA00026C1D00
:10E2E000000000003FFFDFEB003EB3B6000D2278D8
:10E2F00000002F3C00000000001942B5000039A2C8
:10E300000000B365D90E9FC91DCF4C34300000000A
:10E31000500000003BB67AE80064000000C800002E
:10E3200000000000100000001000FA921000225EB1
:10E33000000D229F0001000000320000FF46000097
:10E3400063D400001000000004D6000004CC0000DC
:10E3500004CC00000000107200000040000000002B
:10E360000000000000060002000500070000000099
:10E3700000640000000000000000000500050064CB
:10E38000002000000000000000000000000040002D
:10E390000000030000000032F8980000FF65000054
:10E3A000830F0000FF9BFC00000000000000000045
:10E3B000000000000000000000000000000000005D
:10E3C000000000000000000000000000000000004D
:10E3D0000000100040000000000000060000B26ACB
:10E3E000000200000001FB830068000000D9FC006F
:10E3F0007CF1FF830000000000650000006403E87A
:10E4000000640028000000250000000016A00000A5
:10E410000000100000001000002F0000000001F4B8
:10E420000000100000280000FFFF4581FFFFFA7286
:10E430000000000000000000004400050005BAC60E
:10E44000004778A200000001000000000000060064
:10E45000000000140000254D002F706D000005AE77
:10E46000000C02D0000000000000000000000000CE
:10E4700000000000001B0000000000000000000081
:10E480000000000000640000000800000000000020
:10E49000000000000000000000000000000000007C
:10E4A000000000000000000000000000000000006C
:10E4B000000000000000000000000000000000005C
:10E4C000000000000000000000000000000000004C
:10E4D000000000000000000000000000000000003C
:10E4E00000000000001B0000000000000000000011
:10E4F000000E000E00000AC70004000000000032F9
:10E50000FFFFFF9C00000B2B000000020000000139
:10E5100000000064FFE500000000000000000000B3
:10E5200000000000000000010000000000010000E9
:10E530000000000000018000000180000001800058
:10E54000002426D300000000000000000006001098
:10E550000096003C000000000000000000000000E9
:10E56000000000000C0A4E68CDCF7709501667599D
:10E57000C619CE820000000000000000000000006C
:10E5800000000000000000000000000017D7840019
:10E59000030000000000000000000000C7938F9DF2
:10E5A0001E1B1C19000000000000000000000000FD
:10E5B00000000000000000000000000002031885B9
:10E5C0000000400000000003000000030000000005
:10E5D00000000000400000000000000000000000FB
:10E5E000000000000000000000000000000000002B
:10E5F000000000000000000000000000000000001B
:10E600000000000000000000677DDF7E72902E5544
:10E610004CF6E6880000000000000000000000004A
:10E6200000000000D8DCB4B8B0D8B9ABF3F8FAB346
:10E63000B7BB8E9EAEF132F51BF1B4B8B08097F146
:10E64000A9DFDFDFAADFDFDFF2AAC5CDC7A90CC9CA
:10E650002C97F1A989264666B28999A92D557DB0D6
:10E66000B08AA896365676F1BAA3B4B280C0B8A8DC
:10E670009711B28398BAA3F0240844106418B2B971
:10E68000B49883F1A329557DBAB5B1A38393F00063
:10E690002850F5B2B6AA839328547CF1B9A382938B
:10E6A00061BAA2DADEDFDB819AB9AEF5606870F19B
:10E6B000DABAA2DFD9BAA2FAB9A38292DB31BAA23E
:10E6C000D9BAA2F8DF85A4D0C1BBAD83C2C5C7B893
:10E6D000A2DFDFDFBAA0DFDFDFD8D8F1B8AAB38DC1
:10E6E000B4980D355DB2B6BAAF8C96198F9FA70E50
:10E6F000161EB49AB8AA872C547CBAA4B08AB691D4
:10E70000325676B28494A4C808CDD8B8B4B0F19982
:10E7100082A82D557D98A80E161EA22C547C92A47A
:10E72000F02C5078F184A898C4CDFCD80DDBA8FC5F
:10E730002DF3D9BAA6F8DABAA6DED8BAB2B686965A
:10E74000A6D0F3C841DAA6C8F8D8B0B4B882A89267
:10E75000F52C548898F135D9F418D8F1A2D0F8F9ED
:10E76000A884D9C7DFF8F883C5DADF69DF83C1D8A9
:10E77000F40114F1A8824EA884F311D182F5D99244
:10E78000289788F109F41C1CD884A8F3C0F9D1D9C2
:10E790009782F129F40DD8F3F9F9D1D982F4C203A3
:10E7A000D8DEDF1AD8F1A2FAF9A88498D9C7DFF821
:10E7B000F8F883C7DADF69DFF883C3D8F40114F10E
:10E7C00098A8822EA884F311D182F5D99250978807
:10E7D000F109F41CD884A8F3C0F8F9D1D99782F1D3
:10E7E00049F40DD8F3F9F9D1D982F4C403D8DEDFA6
:10E7F000D8F1AD8898CCA809F9D98292A8F57CF116
:10E80000883ACF944A6E98DB6931DAADF2DEF9D8F6
:10E810008795A8F221D1DAA5F9F417D9F1AE8ED0F7
:10E82000C0C3AE82C684C3A88595C8A588F2C0F1CE
:10E83000F4010EF18E9EA8C63E56F554F18872F48E
:10E840000115F19845856EF58E9E0488F142985A1F
:10E850008E9E068869F4011CF1981E1108D0F504FB
:10E86000F11E970202983625DBF9D985A5F3C1DAA6
:10E8700085A5F3DFD88595A8F309DAA5FAD88292A1
:10E88000A8F578F1881A849F26889821DAF41DF378
:10E89000D8879F39D1AFD9DFDFFBF9F40CF3D8FA71
:10E8A000D0F8DAF9F9D0DFD9F9D8F40BD8F3879F8B
:10E8B00039D1AFD9DFDFF41DF3D8FAFCA869F9F933
:10E8C000AFD0DADEFAD9F88F9FA8F1CCF398DB4508
:10E8D000D9AFDFD0F8D8F18F9FA8CAF38809DAAF93
:10E8E0008FCBF8D8F2AD978D0CD9A5DFF9BAA6F386
:10E8F000FAF412F2D8950DD1D9BAA6F3FADAA5F244
:10E90000C1BAA6F3DFD8F1BAB2B68696A6D0CAF3DA
:10E9100049DAA6CBF8D8B0B4B8D8AD84F2C0DFF1EC
:10E920008FCBC3A8B2B68696C8C1CBC3F3B0B488A8
:10E9300098A821DB718D9D71859521D9ADF2FAD80A
:10E940008597A828D9F408D8F28D29DAF405D9F2E8
:10E9500085A4C2F2D8A88D9401D1D9F411F2D88738
:10E9600021D8F40AD8F28498A8C801D1D9F411D8D2
:10E97000F3A4C8BBAFD0F2DEF8F8F8F8F8F8F8F86E
:10E98000D8F1B8F6B5B9B08A95A3DE3CA3D9F8D8CA
:10E990005CA3D9F8D87CA3D9F8D8F8F9D1A5D9DFE8
:10E9A000DAFAD8B18530F7D9DED8F830ADDADED86A
:10E9B000F2B48C99A32D557DA083DFDFDFB591A044
:10E9C000F629D9FBD8A0FC29D9FAD8A0D051D9F87A
:10E9D000D8FC51D9F9D879D9FBD8A0D0FC79D9FA8B
:10E9E000D8A1F9F9F9F9F9A0DADFDFDFD8A1F8F851
:10E9F000F8F8F8ACDEF8ADDE8393AC2C547CF1A8CB
:10EA0000DFDFDFF69D2CDAA0DFD9FADB2DF8D8A8FE
:10EA100050DAA0D0DED9D0F8F8F8DB55F8D8A878CD
:10EA2000DAA0D0DFD9D0FAF8F8F8F8DB7DF8D89C76
:10EA3000A88CF530DB38D9D0DEDFA0D0DEDFD8A857
:10EA400048DB58D9DFD0DEA0DFD0DED8A868DB7085
:10EA5000D9DFDFA0DFDFD8F1A888902C547C98A8FC
:10EA6000D05C38D1DAF2AE8CDFF9D8B087A8C1C15A
:10EA7000B188A8C6F9F9DA36D8A8F9DA36D8A8F9EB
:10EA8000DA36D8A8F9DA36D8A8F9DA36D8F78D9D6B
:10EA9000ADF818DAF2AEDFD8F7ADFA30D9A4DEF966
:10EAA000D8F2AEDEFAF983A7D9C3C5C7F1889BA710
:10EAB0007AADF7DEDFA4F8849408A797F300AEF2EE
:10EAC0009819A488C6A39488F632DFF28393DB09F1
:10EAD000D9F2AADFD8D8AEF8F9D1DAF3A4DEA7F1DB
:10EAE000889B7AD8F38494AE19F9DAAAF1DFD8A812
:10EAF00081C0C3C5C7A39283F628ADDED9F8D8A3D9
:10EB000050ADD9F8D8A378ADD9F8D8F8F9D1A1DAB1
:10EB1000DEC3C5C7D8A18194F818F2B089ACC3C5CB
:10EB2000C7F1D8B8B4B09786A8319B069907AB97C0
:10EB300028889BF00C201440B0B4B8F0A88A9A281A
:10EB40005078B79BA8295179247059446938644892
:10EB500031F1BBAB88002C547CF0B38BB8A80428EF
:10EB60005078F1B088B49726A85998BBABB38B0204
:10EB7000264666B0B8F08A9CA82951798B2951792C
:10EB80008A2470598B2058718A4469388B394068BF
:10EB90008A6448318B30496088F1AC002C547CF099
:10EBA0008CA804285078F1889726A85998AC8C0234
:10EBB000264666F0899CA829517924705944693801
:10EBC000644831A98809205970AB11384069A819E7
:10EBD0003148608CA83C415C207C00F18798198604
:10EBE000A86E767EA999882D557DD8B1B5B9A3DFD9
:10EBF000DFDFAED0DFAAD0DEF2ABF8F9D9B087C440
:10EC0000AAF1DFDFBBAFDFDFB9D8B1F1A3978E6028
:10EC1000DFB084F2C8F8F9D9DED89385F14AB18320
:10EC2000A308B5839A0810B79F10D8F1B0BAAEB058
:10EC30008AC2B2B68E9EF1FBD9F41DD8F9D90CF177
:10EC4000D8F8F8AD61D9AEFBD8F40CF1D8F8F8AD2E
:10EC500019D9AEFBDFD8F416F1D8F8AD8D61D9F42F
:10EC6000F4ACF59C9C8DDF2BBAB6AEFAF8F40BD859
:10EC7000F1AED0F8AD51DAAEFAF8F1D8B9B1B6A329
:10EC8000839C08B9B1839AB5AAC0FD3083B79F10A1
:10EC9000B58B93F20202D1ABDADED8F1B080BAAB19
:10ECA000C0C3B284C1C3D8B1B9F38BA391B609B4C0
:10ECB000D9ABDEB0879CB9A3DDF1B38B8B8B8B8B8B
:10ECC000B087A3A3A3A3B28BB69BF2A3A3A3A3A3D2
:10ECD000A3A3A3A3A3F1B087B59AA3F39BA3A3DC3B
:10ECE000BAACDFB9A3A3A3A3A3A3A3A3A3A3A3A382
:10ECF000A3A3A3A3D8D8D8BBB3B7F1AAF9DAFFD995
:10ED0000809AAA28B48098A720B79787A86688F029
:10ED10007951F1902C870CA781976293F071716003
:10ED200085940129517990A5F1284C6C870C951890
:10ED30008578A38390284C6C886CD8F3A28200F26B
:10ED400010A8921980A2F2D926D8F188A84DD948E6
:10ED5000D896A83980D93CD89580A839A68698D964
:10ED60002CDA87A72CD8A8899519A980D938D8A8D2
:10ED70008939A980DA3CD8A82EA83990D90CD8A80E
:10ED8000953198D90CD8A809D9FFD801DAFFD895C0
:10ED900039A9DA26FFD890A80D8999A81080982162
:10EDA000DA2ED88999A83180DA2ED8A886963180B3
:10EDB000DA2ED8A8873180DA2ED8A88292F3418043
:10EDC000F1D92ED8A882F31980F1D92ED882ACF3CC
:10EDD000C0A28022F1A62EA72EA92298A829DAACDB
:10EDE000DEFFD8A2F22AF1A92E8292A8F23180A6E3
:10EDF00096F1D900AC8C9C0C30ACDED0DEFFD88C08
:10EE00009CACD010ACDE8092A2F24C82A8F1CAF287
:10EE100035F19688A6D900D8F1FF000017B7D13890
:10EE200017B7D1380AD7A33B000000000000803F8D
:10EE3000000000000000803F000000000AD7A33B54
:10EE4000000000000000803F000000000000803F44
:10EE5000000000000000803F0000000000000000F3
:10EE60000000803F0000803F0AD7A3BB00000000E5
:10EE70000000803FFFE6DB2E0000000000000000E5
:10EE8000FFE6DB2E0000803F000000000AD7A3BB96
:10EE90000000803F0000803F0000000000000000F4
:10EEA0000000803F0000803F0AD7A3BB00000000A5
:10EEB0000000803FFFE6DB2E0000000000000000A5
:10EEC000FFE6DB2E0000803F000000000AD7A3BB56
:10EED0000000803F00000000555555555555C53F71
:10EEE0007D6FEB0312D6D4BF5544880E55C1C93F80
:10EEF0003B8F68B52882A4BF88B20175E0EF493F17
:10EF000009F7FD0DE13D023F4B2D8A1C273A03C056
:10EF1000C88A599CE52A004059018D1B6C06E6BF42
:10EF200082922EB1C5B8B33F4FBB610567ACDD3FE0
:10EF3000182D4454FB21E93F9BF681D20B73EF3F20
:10EF4000182D4454FB21F93FE2652F227F2B7A3C98
:10EF5000075C143326A6813CBDCBF07A8807703C51
:10EF6000075C143326A6913CC4EB98999999C9BFC4
:10EF7000711623FEC671BCBF6D9A74AFF2B0B3BFF9
:10EF80009AFDDE522DDEADBF2F6C6A2C44B4A2BFB9
:10EF90000D5555555555D53FFF8300922449C23F25
:10EFA0006E204CC5CD45B73F513DD0A0660DB13F59
:10EFB000EB0D76244B7BA93F11DA22E33AAD903F6B
:10EFC0004C5555555555A53F7751C1166CC156BF87
:10EFD0009015CB19A001FA3EAD529C804F7E92BE97
:10EFE000C4B1B4BD9EEE213ED43888BEE9FAA8BDB6
:10EFF000000000000000000000004054FB21F93F29
:10F000003163621A61B4D03D0000601A61B4D03D32
:10F010007370032E8A19A33B0000002E8A19A33BAC
:10F02000C14920259A837B390000000000000000C0
:10F030006E83F9A22915444ED15727FCC0DD34F563
:10F04000999562DB4190433CAB6351FE61C5BBDEE9
:10F050003A6E24B7E0D24D42EA2E49061C92D109FD
:10F060001CEB1DFE3EA729B1F53582E88444BB2E7A
:10F0700026709CE9417E5FB439D69139F4395383C7
:10F080008B5F849C3B28F9BDFF97F81F0F9805DE26
:10F090008B112FEF1F6D0A5ACF7E366DB709CB2724
:10F0A000663F464F2DEA5F9EC7BA27757BF1E5EBB9
:10F0B000F739073DEA92528AB15FFB6B085D8D1FFD
:10F0C000A6F810111111813FD561C119A0012ABF05
:10F0D0007DFEB157E31DC73EEB9C2B8AE6E55ABE89
:10F0E0007CD5CF5A3AD9E53DDDDDDDDDDCBBBBDDCE
:10F0F000DDDDDDDDDDDDDDDD9888888888888888D8
:10F1000077777777778888888555555666666666F7
:10F1100066666666666888888333333222222222D6
:10F12000222222222228888D23636D64733A207262
:10F130002073203F207C2070207120762062207474
:10F1400020793D6761696E73207C206B3C616D7036
:10F150003E20633C616D703E20783D696E6A656358
:10F1600074207C206D206C206520640050726F64D8
:10F170007563742049442072656164206173203096
:10F1800020696E6469636174657320646576696380
:10F19000652069732065697468657220696E636FA4
:10F1A0006D70617469626C65206F7220616E204DB4
:10F1B0005055333035302E0D0A000000DCF10008C8
:10F1C000000000207404000054110008C4F200087C
:10F1D0007404002054520000C48A00083202023035
:10F1E0000184A24A04680D0102030406070809020B
:10F1F000040608106914A10324803F5AFF04E99013
:10F2000023070A1324D9496001412B014246120207
:10F2100012031204120512061A07591209120A12D1
:10F220000B120C120D120E120F021510254041C8C0
:10F23000051AAF04A9151CCDCCACDC29E023164679
:10F240001396422480BB451BF0412A4A44080126FC
:10F2500092030F1EF0403333AF41E818086666068C
:10F26000409A9919781AC86429802A20084A400CC3
:10F270001133400229041AFF010114091618013242
:10F280003970091360091EC401202940043124414A
:10F29000505A033C0114F22813E0E11B08D4040186
:10F2A000201AFC2405620AD7A33BCB803F0CE9104F
:10F2B00009525012A002257844FF3F01390501127E
:04F2C000022704001D
:0400000508000131BD
:00000001FF
