14:54:13 mode 28 RL
14:54:13 D 175 1 11.96 0.000 0 0 0.00
14:54:13 D 355 1 10.78 0.000 0 0 0.00
14:54:14 D 535 1 10.95 0.000 0 0 0.00
14:54:14 D 715 1 11.29 0.000 0 0 0.00
14:54:14 D 900 1 11.61 0.000 0 0 0.00
14:54:14 D 1080 1 11.66 0.000 0 0 0.00
14:54:14 D 1260 1 11.74 0.000 0 0 0.00
14:54:15 D 1440 1 11.46 0.000 0 0 0.00
14:54:15 D 1620 1 11.89 0.000 0 0 0.00
14:54:15 D 1805 1 13.40 0.000 0 0 0.00
14:54:15 D 1985 1 16.74 0.000 0 0 0.00
14:54:15 D 2165 1 16.86 0.000 0 0 0.00
14:54:15 D 2345 1 17.19 0.000 0 0 0.00
14:54:16 D 2525 1 16.93 0.000 0 0 0.00
14:54:16 D 2705 1 16.63 0.000 0 0 0.00
14:54:16 D 2890 1 15.87 0.000 0 0 0.00
14:54:16 D 3070 1 16.47 0.000 0 0 0.00
14:54:16 D 3250 1 -50.10 0.000 0 0 0.00
14:54:16 D 3430 1 -49.76 0.000 0 0 0.00
14:54:17 D 3610 1 14.45 0.000 0 0 0.00
14:54:17 D 3795 1 -49.75 0.000 0 0 0.00
14:54:17 D 3975 1 12.67 0.000 0 0 0.00
14:54:17 D 4155 1 -51.22 0.000 0 0 0.00
14:54:17 D 4335 1 12.04 0.000 0 0 0.00
14:54:18 D 4515 1 12.64 0.000 0 0 0.00
14:54:18 D 4695 1 13.83 0.000 0 0 0.00
14:54:18 D 4880 1 14.11 0.000 0 0 0.00
14:54:18 D 5060 1 14.47 0.000 0 0 0.00
14:54:18 D 5240 1 14.76 0.000 0 0 0.00
14:54:18 D 5425 1 15.19 0.000 0 0 0.00
14:54:19 D 5605 1 15.61 0.000 0 0 0.00
14:54:19 D 5790 1 15.60 0.000 0 0 0.00
14:54:19 D 5970 1 16.45 0.000 0 0 0.00
14:54:19 D 6155 1 16.42 0.000 0 0 0.00
14:54:19 D 6335 1 16.70 0.000 0 0 0.00
14:54:20 D 6515 1 16.53 0.000 0 0 0.00
14:54:20 D 6700 1 16.53 0.000 0 0 0.00
14:54:20 D 6880 1 16.41 0.000 0 0 0.00
14:54:20 cal done: pitch zero 15.01 roll zero -1.51 bias -0.0472 0.0039 -0.0013
14:54:20 D 6980 0 0.05 0.000 0 0 15.01
14:54:20 D 7080 0 0.06 0.000 0 0 15.01
14:54:20 D 7180 0 0.21 0.000 0 0 15.01
14:54:20 D 7280 0 0.27 0.000 0 0 15.01
14:54:20 D 7380 0 0.20 0.000 0 0 15.01
14:54:21 D 7480 0 0.22 0.000 0 0 15.01
14:54:21 D 7580 0 -47.32 0.000 0 0 15.01
14:54:21 D 7680 0 -74.82 0.000 0 0 15.01
14:54:21 D 7780 0 1.42 0.000 0 0 15.01
14:54:21 D 7880 0 1.09 0.000 0 0 15.01
14:54:21 D 7980 0 -75.23 0.000 0 0 15.01
14:54:21 D 8080 0 -75.30 0.000 0 0 15.01
14:54:21 D 8180 0 0.82 0.000 0 0 15.01
14:54:21 D 8280 0 0.64 0.000 0 0 15.01
14:54:21 D 8380 0 -76.19 0.000 0 0 15.01
14:54:22 D 8480 0 -77.04 0.000 0 0 15.01
14:54:22 D 8580 0 0.11 0.000 0 0 15.01
14:54:22 D 8680 0 -1.66 0.000 0 0 15.01
14:54:22 D 8780 0 0.08 0.000 0 0 15.01
14:54:22 D 8880 0 0.64 0.000 0 0 15.01
14:54:22 D 8980 0 1.11 0.000 0 0 15.01
14:54:22 D 9080 0 4.60 0.000 0 0 15.01
14:54:22 D 9180 0 5.45 0.000 0 0 15.01
14:54:22 D 9280 0 4.22 0.000 0 0 15.01
14:54:22 D 9380 0 2.46 0.000 0 0 15.01
14:54:23 D 9480 0 1.61 0.000 0 0 15.01
14:54:23 D 9580 0 -8.82 0.000 0 0 15.01
14:54:23 D 9680 0 1.92 0.000 0 0 15.01
14:54:23 D 9780 0 1.91 0.000 0 0 15.01
14:54:23 D 9880 0 1.64 0.000 0 0 15.01
14:54:23 D 9980 0 2.14 0.000 0 0 15.01
14:54:23 D 10080 0 3.11 0.000 0 0 15.01
14:54:23 D 10180 0 2.56 0.000 0 0 15.01
14:54:23 D 10280 0 0.63 0.000 0 0 15.01
14:54:23 D 10380 0 -2.96 0.000 0 0 15.01
14:54:24 D 10480 0 -2.68 0.000 0 0 15.01
14:54:24 D 10580 0 -1.61 0.000 0 0 15.01
14:54:24 D 10680 0 -1.64 0.000 0 0 15.01
14:54:24 D 10780 0 -1.01 0.000 0 0 15.01
14:54:24 D 10880 0 -2.02 0.000 0 0 15.01
14:54:24 D 10980 0 -5.61 0.000 0 0 15.01
14:54:24 D 11080 0 -6.17 0.000 0 0 15.01
14:54:24 D 11180 0 -3.65 0.000 0 0 15.01
14:54:24 D 11280 0 -2.55 0.000 0 0 15.01
14:54:24 D 11380 0 0.39 0.000 0 0 15.01
14:54:25 D 11480 0 3.76 0.000 0 0 15.01
14:54:25 D 11580 0 3.78 0.000 0 0 15.01
14:54:25 D 11680 0 3.27 0.000 0 0 15.01
14:54:25 D 11780 0 -41.59 0.000 0 0 15.01
14:54:25 D 11880 0 -41.16 0.000 0 0 15.01
14:54:25 D 11980 0 0.12 0.000 0 0 15.01
14:54:25 D 12080 0 -0.90 0.000 0 0 15.01
14:54:25 D 12180 0 -65.42 0.000 0 0 15.01
14:54:25 D 12280 0 -65.79 0.000 0 0 15.01
14:54:25 D 12380 0 -66.27 0.000 0 0 15.01
14:54:26 D 12480 0 -6.19 0.000 0 0 15.01
14:54:26 D 12580 0 -4.79 0.000 0 0 15.01
14:54:26 D 12680 0 -66.36 0.000 0 0 15.01
14:54:26 D 12780 0 -67.95 0.000 0 0 15.01
14:54:26 D 12880 0 -7.89 0.000 0 0 15.01
14:54:26 D 12980 0 -7.31 0.000 0 0 15.01
14:54:26 D 13080 0 -7.78 0.000 0 0 15.01
14:54:26 D 13180 0 -8.17 0.000 0 0 15.01
14:54:26 D 13280 0 -8.40 0.000 0 0 15.01
14:54:26 D 13380 0 -10.42 0.000 0 0 15.01
14:54:27 D 13480 0 -13.29 0.000 0 0 15.01
14:54:27 D 13580 0 -10.95 0.000 0 0 15.01
14:54:27 D 13680 0 -11.12 0.000 0 0 15.01
14:54:27 D 13780 0 -11.41 0.000 0 0 15.01
14:54:27 D 13880 0 -9.88 0.000 0 0 15.01
14:54:27 D 13980 0 -8.97 0.000 0 0 15.01
14:54:27 D 14080 0 -9.39 0.000 0 0 15.01
14:54:27 D 14180 0 -9.18 0.000 0 0 15.01
14:54:27 D 14280 0 -11.80 0.000 0 0 15.01
14:54:27 D 14380 0 -12.45 0.000 0 0 15.01
14:54:28 D 14480 0 -10.77 0.000 0 0 15.01
14:54:28 D 14580 0 -10.71 0.000 0 0 15.01
14:54:28 D 14680 0 -10.11 0.000 0 0 15.01
14:54:28 D 14780 0 -8.16 0.000 0 0 15.01
14:54:28 D 14880 0 -8.96 0.000 0 0 15.01
14:54:28 D 14980 0 -10.56 0.000 0 0 15.01
14:54:28 D 15080 0 -8.43 0.000 0 0 15.01
14:54:28 D 15180 0 -6.83 0.000 0 0 15.01
14:54:28 D 15280 0 -8.22 0.000 0 0 15.01
14:54:28 D 15380 0 -7.74 0.000 0 0 15.01
14:54:29 D 15480 0 -5.87 0.000 0 0 15.01
14:54:29 D 15580 0 -6.51 0.000 0 0 15.01
14:54:29 D 15680 0 -6.05 0.000 0 0 15.01
14:54:29 D 15780 0 -6.15 0.000 0 0 15.01
14:54:29 D 15880 0 -6.93 0.000 0 0 15.01
14:54:29 D 15980 0 -6.34 0.000 0 0 15.01
14:54:29 D 16080 0 -52.69 0.000 0 0 15.01
14:54:29 D 16180 0 -50.83 0.000 0 0 15.01
14:54:29 D 16280 0 -4.19 0.000 0 0 15.01
14:54:29 D 16380 0 -5.62 0.000 0 0 15.01
14:54:30 D 16480 0 -71.47 0.000 0 0 15.01
14:54:30 D 16580 0 -71.25 0.000 0 0 15.01
14:54:30 D 16680 0 -8.48 0.000 0 0 15.01
14:54:30 D 16780 0 -8.20 0.000 0 0 15.01
14:54:30 D 16880 0 -72.51 0.000 0 0 15.01
14:54:30 D 16980 0 -72.32 0.000 0 0 15.01
14:54:30 D 17080 0 -7.44 0.000 0 0 15.01
14:54:30 D 17180 0 -7.58 0.000 0 0 15.01
14:54:30 D 17280 0 -7.50 0.000 0 0 15.01
14:54:30 D 17380 0 -6.93 0.000 0 0 15.01
14:54:31 D 17480 0 -7.47 0.000 0 0 15.01
14:54:31 D 17580 0 -7.62 0.000 0 0 15.01
14:54:31 D 17680 0 -7.43 0.000 0 0 15.01
14:54:31 D 17780 0 -7.68 0.000 0 0 15.01
14:54:31 D 17880 0 -7.69 0.000 0 0 15.01
14:54:31 D 17980 0 -8.20 0.000 0 0 15.01
14:54:31 D 18080 0 -8.27 0.000 0 0 15.01
14:54:31 D 18180 0 -8.32 0.000 0 0 15.01
14:54:31 D 18280 0 -8.64 0.000 0 0 15.01
14:54:31 D 18380 0 -8.49 0.000 0 0 15.01
14:54:32 D 18480 0 -8.37 0.000 0 0 15.01
14:54:32 D 18580 0 -7.97 0.000 0 0 15.01
14:54:32 D 18680 0 -8.14 0.000 0 0 15.01
14:54:32 D 18780 0 -8.42 0.000 0 0 15.01
14:54:32 D 18880 0 -7.87 0.000 0 0 15.01
14:54:32 D 18980 0 -7.66 0.000 0 0 15.01
14:54:32 D 19080 0 -7.70 0.000 0 0 15.01
14:54:32 D 19180 0 -7.81 0.000 0 0 15.01
14:54:32 D 19280 0 -7.93 0.000 0 0 15.01
14:54:32 D 19380 0 -7.86 0.000 0 0 15.01
14:54:33 D 19480 0 -8.52 0.000 0 0 15.01
14:54:33 D 19580 0 -9.13 0.000 0 0 15.01
14:54:33 D 19680 0 -9.62 0.000 0 0 15.01
14:54:33 D 19780 0 -9.57 0.000 0 0 15.01
14:54:33 D 19880 0 -10.18 0.000 0 0 15.01
14:54:33 D 19980 0 -11.26 0.000 0 0 15.01
14:54:33 D 20080 0 -12.19 0.000 0 0 15.01
14:54:33 D 20180 0 -10.51 0.000 0 0 15.01
14:54:33 D 20280 0 -9.20 0.000 0 0 15.01
14:54:33 D 20380 0 -34.86 0.000 0 0 15.01
14:54:34 D 20480 0 -65.06 0.000 0 0 15.01
14:54:34 D 20580 0 -15.04 0.000 0 0 15.01
14:54:34 D 20680 0 -17.63 0.000 0 0 15.01
14:54:34 D 20780 0 -67.40 0.000 0 0 15.01
14:54:34 D 20880 0 -69.90 0.000 0 0 15.01
14:54:34 D 20980 0 -21.52 0.000 0 0 15.01
14:54:34 D 21080 0 -18.89 0.000 0 0 15.01
14:54:34 D 21180 0 -66.64 0.000 0 0 15.01
14:54:34 D 21280 0 -67.13 0.000 0 0 15.01
14:54:34 D 21380 0 -13.76 0.000 0 0 15.01
14:54:35 D 21480 0 -13.27 0.000 0 0 15.01
14:54:35 D 21580 0 -13.06 0.000 0 0 15.01
14:54:35 D 21680 0 -13.09 0.000 0 0 15.01
14:54:35 D 21780 0 -12.02 0.000 0 0 15.01
14:54:35 D 21880 0 -10.95 0.000 0 0 15.01
14:54:35 D 21980 0 -10.66 0.000 0 0 15.01
14:54:35 D 22080 0 -10.38 0.000 0 0 15.01
14:54:35 D 22180 0 -10.72 0.000 0 0 15.01
14:54:35 D 22280 0 -11.40 0.000 0 0 15.01
14:54:35 D 22380 0 -11.88 0.000 0 0 15.01
14:54:36 D 22480 0 -11.53 0.000 0 0 15.01
14:54:36 D 22580 0 -11.58 0.000 0 0 15.01
14:54:36 D 22680 0 -11.71 0.000 0 0 15.01
14:54:36 D 22780 0 -12.14 0.000 0 0 15.01
14:54:36 D 22880 0 -12.49 0.000 0 0 15.01
14:54:36 D 22980 0 -12.87 0.000 0 0 15.01
14:54:36 D 23080 0 -12.29 0.000 0 0 15.01
14:54:36 D 23180 0 -12.45 0.000 0 0 15.01
14:54:36 D 23280 0 -12.27 0.000 0 0 15.01
14:54:36 D 23380 0 -12.47 0.000 0 0 15.01
14:54:37 D 23480 0 -12.93 0.000 0 0 15.01
14:54:37 D 23580 0 -12.78 0.000 0 0 15.01
14:54:37 D 23680 0 -12.91 0.000 0 0 15.01
14:54:37 D 23780 0 -13.01 0.000 0 0 15.01
14:54:37 D 23880 0 -13.24 0.000 0 0 15.01
14:54:37 D 23980 0 -13.26 0.000 0 0 15.01
14:54:37 D 24080 0 -13.33 0.000 0 0 15.01
14:54:37 D 24180 0 -13.47 0.000 0 0 15.01
14:54:37 D 24280 0 -13.30 0.000 0 0 15.01
14:54:37 D 24380 0 -13.50 0.000 0 0 15.01
14:54:38 D 24480 0 -13.99 0.000 0 0 15.01
14:54:38 D 24580 0 -21.55 0.000 0 0 15.01
14:54:38 D 24680 0 -22.56 0.000 0 0 15.01
14:54:38 D 24780 0 -13.28 0.000 0 0 15.01
14:54:38 D 24880 0 -13.51 0.000 0 0 15.01
14:54:38 D 24980 0 -55.93 0.000 0 0 15.01
14:54:38 D 25080 0 -73.23 0.000 0 0 15.01
14:54:38 D 25180 0 -73.15 0.000 0 0 15.01
14:54:38 D 25280 0 -20.97 0.000 0 0 15.01
14:54:38 D 25380 0 -19.27 0.000 0 0 15.01
14:54:39 D 25480 0 -58.52 0.000 0 0 15.01
14:54:39 D 25580 0 -18.53 0.000 0 0 15.01
14:54:39 D 25680 0 -17.07 0.000 0 0 15.01
14:54:39 D 25780 0 -15.76 0.000 0 0 15.01
14:54:39 D 25880 0 -16.07 0.000 0 0 15.01
14:54:39 D 25980 0 -15.70 0.000 0 0 15.01
14:54:39 D 26080 0 -14.86 0.000 0 0 15.01
14:54:39 D 26180 0 -14.70 0.000 0 0 15.01
14:54:39 D 26280 0 -14.93 0.000 0 0 15.01
14:54:39 D 26380 0 -14.70 0.000 0 0 15.01
14:54:40 D 26480 0 -13.55 0.000 0 0 15.01
14:54:40 D 26580 0 -12.92 0.000 0 0 15.01
14:54:40 D 26680 0 -13.37 0.000 0 0 15.01
14:54:40 D 26780 0 -12.67 0.000 0 0 15.01
14:54:40 D 26880 0 -13.54 0.000 0 0 15.01
14:54:40 D 26980 0 -13.76 0.000 0 0 15.01
14:54:40 D 27080 0 -13.72 0.000 0 0 15.01
14:54:40 D 27180 0 -14.48 0.000 0 0 15.01
14:54:40 D 27280 0 -14.56 0.000 0 0 15.01
14:54:40 D 27380 0 -13.70 0.000 0 0 15.01
14:54:41 D 27480 0 -13.90 0.000 0 0 15.01
14:54:41 D 27580 0 -14.20 0.000 0 0 15.01
14:54:41 D 27680 0 -13.96 0.000 0 0 15.01
14:54:41 D 27780 0 -13.94 0.000 0 0 15.01
14:54:41 D 27880 0 -14.77 0.000 0 0 15.01
14:54:41 D 28020 0 -12.53 0.000 0 0 15.01
14:54:41 D 28205 0 -16.64 0.000 0 0 15.01
14:54:41 D 28385 0 -15.97 0.000 0 0 15.01
14:54:42 D 28565 0 -16.30 0.000 0 0 15.01
14:54:42 D 28750 0 -17.19 0.000 0 0 15.01
14:54:42 D 28930 0 -16.88 0.000 0 0 15.01
14:54:42 D 29110 0 -17.19 0.000 0 0 15.01
14:54:42 D 29295 0 -17.09 0.000 0 0 15.01
14:54:43 D 29475 0 -17.02 0.000 0 0 15.01
14:54:43 D 29655 0 -18.00 0.000 0 0 15.01
14:54:43 D 29840 0 -16.16 0.000 0 0 15.01
14:54:43 D 30020 0 -17.47 0.000 0 0 15.01
14:54:43 D 30200 0 -18.70 0.000 0 0 15.01
14:54:43 D 30385 0 -23.38 0.000 0 0 15.01
14:54:44 D 30565 0 -28.19 0.000 0 0 15.01
14:54:44 D 30745 0 -29.34 0.000 0 0 15.01
14:54:44 D 30930 0 -32.35 0.000 0 0 15.01
14:54:44 D 31110 0 -40.44 0.000 0 0 15.01
14:54:44 D 31295 0 -41.35 0.000 0 0 15.01
14:54:45 D 31475 0 -37.06 0.000 0 0 15.01
14:54:45 D 31660 0 -26.43 0.000 0 0 15.01
14:54:45 D 31845 0 -18.56 0.000 0 0 15.01
14:54:45 D 32035 0 -8.54 0.000 0 0 15.01
14:54:45 D 32220 0 -2.16 0.000 0 0 15.01
14:54:45 D 32400 0 -0.40 0.000 0 0 15.01
14:54:46 D 32580 0 0.55 0.000 0 0 15.01
14:54:46 D 32760 0 1.83 0.000 0 0 15.01
14:54:46 D 32945 0 2.67 0.000 0 0 15.01
14:54:46 D 33125 0 1.65 0.000 0 0 15.01
14:54:47 D 33610 2 -3.10 -0.323 -2800 -2800 15.01
14:54:47 D 34140 2 -17.73 -0.975 -2800 -2800 15.01
14:54:47 D 34315 0 -19.06 0.000 -2800 -2689 15.01
14:54:47 R 1110 3 22.4
14:54:47 E 0 -476 -10677 -527 -2800 -2800
14:54:47 E 1 -536 -12012 -570 -2800 -2800
14:54:47 E 2 -605 -12695 -597 -2800 -2800
14:54:47 E 3 -667 -13116 -622 -2800 -2800
14:54:47 E 4 -742 -14006 -654 -2800 -2800
14:54:47 E 5 -818 -14433 -679 -2800 -2800
14:54:47 E 6 -890 -14707 -707 -2800 -2800
14:54:47 E 7 -967 -15329 -724 -2800 -2800
14:54:47 E 8 -1048 -15756 -749 -2800 -2800
14:54:47 E 9 -1130 -15835 -763 -2800 -2800
14:54:47 E 10 -1213 -15658 -771 -2800 -2800
14:54:47 E 11 -1288 -15030 -785 -2800 -2800
14:54:47 E 12 -1367 -14170 -797 -2800 -2800
14:54:47 E 13 -1436 -12658 -797 -2800 -2800
14:54:47 E 14 -1494 -11134 -802 -2800 -2800
14:54:47 E 15 -1548 -9872 -808 -2800 -2800
14:54:47 E 16 -1601 -8659 -807 -2800 -2800
14:54:47 E 17 -1636 -7220 -809 -2800 -2800
14:54:47 E 18 -1666 -5885 -812 -2800 -2800
14:54:47 E 19 -1689 -4721 -816 -2800 -2800
14:54:47 E 20 -1708 -3940 -814 -2800 -2800
14:54:47 E 21 -1725 -3416 -826 -2800 -2800
14:54:47 E 22 -1744 -3111 -838 -2800 -2800
14:54:47 E 23 -1762 -3221 -838 -2800 -2800
14:54:47 E 24 -1781 -3514 -846 -2800 -2800
14:54:47 E 25 -1801 -3910 -851 -2800 -2800
14:54:47 E 26 -1822 -4404 -853 -2800 -2800
14:54:48 E 27 -1845 -4977 -870 -2800 -2800
14:54:48 E 28 -1873 -5592 -880 -2800 -2800
14:54:48 E 29 -1904 -6111 -885 -2800 -2800
14:54:48 E 30 -1936 -6330 -884 -2800 -2800
14:54:48 E 31 -1968 -6501 -887 -2800 -2800
14:54:48 E 32 -2001 -6476 -889 -2800 -2800
14:54:48 E 33 -2032 -6172 -886 -2800 -2800
14:54:48 E 34 -2061 -5763 -889 -2800 -2800
14:54:48 E 35 -2089 -5184 -888 -2800 -2800
14:54:48 E 36 -2115 -4587 -887 -2800 -2800
14:54:48 E 37 -2139 -3867 -885 -2800 -2800
14:54:48 E 38 -2157 -3038 -887 -2800 -2800
14:54:48 E 39 -2170 -2239 -878 -2800 -2800
14:54:48 E 40 -2179 -1526 -881 -2800 -2800
14:54:48 E 41 -2180 -855 -885 -2800 -2800
14:54:48 E 42 -2173 -416 -883 -2800 -2800
14:54:48 E 43 -2162 -288 -887 -2800 -2800
14:54:48 E 44 -2151 -356 -888 -2800 -2800
14:54:48 E 45 -2140 -514 -893 -2800 -2800
14:54:48 E 46 -2130 -886 -896 -2800 -2800
14:54:48 E 47 -2125 -1361 -906 -2800 -2800
14:54:48 E 48 -2125 -1855 -909 -2800 -2800
14:54:48 E 49 -2137 -2373 -907 -2800 -2800
14:54:48 E 50 -2151 -2739 -916 -2800 -2800
14:54:48 E 51 -2166 -2837 -919 -2800 -2800
14:54:48 E 52 -2180 -2794 -921 -2800 -2800
14:54:48 E 53 -2195 -2654 -927 -2800 -2800
14:54:48 E 54 -2207 -2209 -920 -2800 -2800
14:54:48 E 55 -2217 -1630 -916 -2800 -2800
14:54:48 E 56 -2229 -1002 -912 -2800 -2800
14:54:48 E 57 -2238 -319 -912 -2800 -2800
14:54:48 E 58 -2241 314 -908 -2800 -2800
14:54:48 E 59 -2235 936 -909 -2800 -2800
14:54:48 E 60 -2221 1332 -908 -2800 -2800
14:54:48 E 61 -2201 1424 -908 -2800 -2800
14:54:48 E 62 -2179 1290 -918 -2800 -2800
14:54:48 E 63 -2157 985 -921 -2800 -2800
14:54:48 E 64 -2137 552 -928 -2800 -2800
14:54:48 E 65 -2122 131 -932 -2800 -2800
14:54:48 E 66 -2111 -215 -934 -2800 -2800
14:54:48 E 67 -2105 -532 -932 -2800 -2800
14:54:48 E 68 -2106 -648 -937 -2800 -2800
14:54:48 E 69 -2104 -398 -939 -2800 -2800
14:54:48 E 70 -2102 -246 -942 -2800 -2800
14:54:48 E 71 -2103 -136 -945 -2800 -2800
14:54:48 E 72 -2104 107 -948 -2800 -2800
14:54:48 E 73 -2102 515 -942 -2800 -2800
14:54:48 E 74 -2098 948 -940 -2800 -2800
14:54:48 E 75 -2089 1247 -939 -2800 -2800
14:54:48 E 76 -2078 1466 -938 -2800 -2800
14:54:48 E 77 -2065 1564 -946 -2800 -2800
14:54:48 E 78 -2052 1491 -947 -2800 -2800
14:54:48 E 79 -2038 1442 -952 -2800 -2800
14:54:48 E 80 -2024 1338 -950 -2800 -2800
14:54:48 E 81 -2017 1387 -946 -2800 -2800
14:54:48 E 82 -1995 4509 -930 -2800 -2800
14:54:48 E 83 -1946 8508 -911 -2800 -2627
14:54:48 E 84 -1898 9733 -903 -2800 -2453
14:54:48 E 85 -1859 7862 -912 -2800 -2549
14:54:48 E 86 -1806 5624 -923 -2800 -2701
14:54:48 E 87 -1776 3618 -936 -2786 -2782
14:54:48 E 88 -1761 2192 -941 -2756 -2800
14:54:48 E 89 -1755 1198 -947 -2800 -2800
14:54:48 E 90 -1753 527 -951 -2800 -2800
14:54:48 E 91 -1752 192 -953 -2800 -2800
14:54:48 E 92 -1753 -32 -961 -2800 -2800
14:54:48 E 93 -1746 150 -965 -2800 -2719
14:54:48 E 94 -1739 -234 -967 -2781 -2649
14:54:48 E 95 -1736 -801 -967 -2758 -2643
14:54:48 E 96 -1736 -1496 -974 -2800 -2699
14:54:48 E 97 -1742 -2050 -977 -2800 -2757
14:54:48 E 98 -1751 -2447 -979 -2800 -2800
14:54:48 E 99 -1762 -2581 -975 -2800 -2800
14:54:48 E 100 -1773 -2502 -974 -2800 -2800
14:54:48 E 101 -1785 -2562 -974 -2800 -2800
14:54:48 E 102 -1798 -2623 -977 -2800 -2800
14:54:48 E 103 -1812 -2611 -984 -2800 -2800
14:54:48 E 104 -1826 -2508 -983 -2800 -2800
14:54:48 E 105 -1838 -2386 -977 -2800 -2800
14:54:48 E 106 -1849 -2294 -980 -2800 -2800
14:54:48 E 107 -1859 -2221 -979 -2800 -2800
14:54:48 E 108 -1871 -2117 -978 -2800 -2800
14:54:48 E 109 -1880 -1764 -983 -2800 -2797
14:54:48 E 110 -1886 -1459 -977 -2800 -2778
14:54:48 E 111 -1892 -1270 -976 -2800 -2766
14:54:48 E 112 -1897 -1063 -978 -2800 -2760
14:54:48 E 113 -1901 -862 -977 -2800 -2755
14:54:48 E 114 -1903 -679 -979 -2800 -2753
14:54:48 E 115 -1904 -532 -978 -2800 -2743
14:54:48 E 116 -1905 -441 -978 -2800 -2732
14:54:48 E 117 -1908 -313 -973 -2800 -2716
14:54:48 E 118 -1906 -63 -972 -2800 -2700
14:54:48 E 119 -1903 -99 -976 -2800 -2689
14:54:48 R end
14:54:48 T 4495 1712 2804 2550 5168 0 222
14:54:48 D 34835 0 -19.96 0.000 -2800 -2689 15.01
14:54:48 D 35025 0 -19.12 0.000 -2800 -2689 15.01
14:54:48 D 35215 0 -18.33 0.000 -2800 -2689 15.01
14:54:48 D 35405 0 -17.97 0.000 -2800 -2689 15.01
14:54:49 D 35590 0 -17.50 0.000 -2800 -2689 15.01
14:54:49 D 35770 0 -16.91 0.000 -2800 -2689 15.01
14:54:49 D 35955 0 -16.54 0.000 -2800 -2689 15.01
14:54:49 D 36135 0 -15.88 0.000 -2800 -2689 15.01
14:54:49 D 36320 0 -16.85 0.000 -2800 -2689 15.01
14:54:50 D 36500 0 -16.71 0.000 -2800 -2689 15.01
14:54:50 D 36685 0 -16.93 0.000 -2800 -2689 15.01
14:54:50 D 36865 0 -19.29 0.000 -2800 -2689 15.01
14:54:50 D 37050 0 -22.57 0.000 -2800 -2689 15.01
14:54:50 D 37230 0 -23.69 0.000 -2800 -2689 15.01
14:54:50 D 37415 0 -26.03 0.000 -2800 -2689 15.01
14:54:51 D 37595 0 -25.83 0.000 -2800 -2689 15.01
14:54:51 D 37780 0 -25.86 0.000 -2800 -2689 15.01
14:54:51 D 37960 0 -25.80 0.000 -2800 -2689 15.01
14:54:51 D 38145 0 -24.58 0.000 -2800 -2689 15.01
14:54:51 D 38325 0 -23.97 0.000 -2800 -2689 15.01
14:54:52 D 38510 0 -24.24 0.000 -2800 -2689 15.01
14:54:52 D 38690 0 -23.39 0.000 -2800 -2689 15.01
14:54:52 D 38875 0 -21.70 0.000 -2800 -2689 15.01
14:54:52 D 39055 0 -21.25 0.000 -2800 -2689 15.01
14:54:52 D 39235 0 -21.32 0.000 -2800 -2689 15.01
14:54:53 D 39420 0 -19.04 0.000 -2800 -2689 15.01
14:54:53 D 39600 0 -17.97 0.000 -2800 -2689 15.01
14:54:53 D 39785 0 -18.00 0.000 -2800 -2689 15.01
14:54:53 D 39965 0 -17.75 0.000 -2800 -2689 15.01
14:54:53 D 40145 0 -18.27 0.000 -2800 -2689 15.01
14:54:53 D 40330 0 -17.41 0.000 -2800 -2689 15.01
14:54:54 D 40510 0 -16.86 0.000 -2800 -2689 15.01
14:54:54 D 40695 0 -16.66 0.000 -2800 -2689 15.01
14:54:54 D 40875 0 -17.39 0.000 -2800 -2689 15.01
14:54:54 D 41055 0 -16.04 0.000 -2800 -2689 15.01
14:54:54 D 41240 0 -16.46 0.000 -2800 -2689 15.01
14:54:54 D 41420 0 -16.02 0.000 -2800 -2689 15.01
14:54:55 D 41605 0 -15.74 0.000 -2800 -2689 15.01
14:54:55 D 41785 0 -17.21 0.000 -2800 -2689 15.01
14:54:55 D 41965 0 -18.44 0.000 -2800 -2689 15.01
14:54:55 D 42150 0 -17.72 0.000 -2800 -2689 15.01
14:54:55 D 42330 0 -17.04 0.000 -2800 -2689 15.01
14:54:56 D 42515 0 -17.25 0.000 -2800 -2689 15.01
14:54:56 D 42695 0 -17.98 0.000 -2800 -2689 15.01
14:54:56 D 42875 0 -16.08 0.000 -2800 -2689 15.01
14:54:56 D 43060 0 -14.54 0.000 -2800 -2689 15.01
14:54:56 D 43240 0 -15.62 0.000 -2800 -2689 15.01
14:54:57 D 43425 0 -16.58 0.000 -2800 -2689 15.01
14:54:57 D 43605 0 -16.26 0.000 -2800 -2689 15.01
14:54:57 D 43785 0 -18.07 0.000 -2800 -2689 15.01
14:54:57 D 43970 0 -15.39 0.000 -2800 -2689 15.01
14:54:57 D 44150 0 -13.22 0.000 -2800 -2689 15.01
14:54:57 D 44335 0 -14.05 0.000 -2800 -2689 15.01
14:54:58 D 44515 0 -14.69 0.000 -2800 -2689 15.01
14:54:58 D 44695 0 -12.78 0.000 -2800 -2689 15.01
14:54:58 D 44880 0 -31.38 0.000 -2800 -2689 15.01
14:54:58 D 45060 0 -5.17 0.000 -2800 -2689 15.01
14:54:58 D 45245 0 -10.59 0.000 -2800 -2689 15.01
14:54:59 D 45425 0 -12.44 0.000 -2800 -2689 15.01
14:54:59 D 45610 0 -10.13 0.000 -2800 -2689 15.01
14:54:59 D 45795 0 -5.46 0.000 -2800 -2689 15.01
14:54:59 D 45975 0 -22.00 0.000 -2800 -2689 15.01
14:54:59 D 46160 0 -15.05 0.000 -2800 -2689 15.01
14:54:59 D 46340 0 -22.78 0.000 -2800 -2689 15.01
14:55:00 D 46525 0 -20.17 0.000 -2800 -2689 15.01
14:55:00 D 46705 0 -3.04 0.000 -2800 -2689 15.01
14:55:00 D 46890 0 -9.77 0.000 -2800 -2689 15.01
14:55:00 D 47070 0 -10.74 0.000 -2800 -2689 15.01
14:55:00 D 47255 0 -18.64 0.000 -2800 -2689 15.01
14:55:01 D 47435 0 -18.12 0.000 -2800 -2689 15.01
14:55:01 D 47620 0 -17.25 0.000 -2800 -2689 15.01
14:55:01 D 47800 0 -15.66 0.000 -2800 -2689 15.01
14:55:01 D 47985 0 -11.48 0.000 -2800 -2689 15.01
14:55:01 D 48165 0 -7.83 0.000 -2800 -2689 15.01
14:55:01 D 48345 0 -6.61 0.000 -2800 -2689 15.01
14:55:02 D 48530 0 -6.27 0.000 -2800 -2689 15.01
14:55:02 D 48710 0 -5.35 0.000 -2800 -2689 15.01
14:55:02 D 48895 0 -3.38 0.000 -2800 -2689 15.01
14:55:02 D 49075 0 -2.56 0.000 -2800 -2689 15.01
14:55:02 D 49255 0 -1.62 0.000 -2800 -2689 15.01
14:55:03 D 49440 0 -1.82 0.000 -2800 -2689 15.01
14:55:03 D 49620 0 -0.36 0.000 -2800 -2689 15.01
14:55:03 D 49860 2 -6.34 -0.875 -2800 -2800 15.01
14:55:03 D 50355 0 -9.62 0.000 -2723 -2637 15.01
14:55:03 R 665 3 9.5
14:55:03 E 0 -237 -2252 -431 -2800 -2800
14:55:03 E 1 -251 -2130 -466 -2800 -2800
14:55:03 E 2 -264 -1959 -505 -2800 -2800
14:55:03 E 3 -273 -1898 -536 -2800 -2800
14:55:03 E 4 -282 -2105 -569 -2800 -2800
14:55:03 E 5 -288 -2313 -602 -2800 -2800
14:55:03 E 6 -299 -2806 -625 -2800 -2800
14:55:03 E 7 -311 -3227 -651 -2800 -2800
14:55:03 E 8 -322 -3605 -685 -2800 -2800
14:55:03 E 9 -340 -4062 -696 -2800 -2800
14:55:03 E 10 -355 -4324 -725 -2800 -2800
14:55:03 E 11 -378 -4708 -751 -2800 -2800
14:55:03 E 12 -399 -4818 -759 -2800 -2800
14:55:03 E 13 -427 -4928 -784 -2800 -2800
14:55:03 E 14 -453 -4757 -794 -2800 -2800
14:55:03 E 15 -482 -4605 -805 -2800 -2800
14:55:03 E 16 -510 -4257 -818 -2800 -2800
14:55:03 E 17 -538 -3794 -823 -2800 -2800
14:55:03 E 18 -564 -3209 -831 -2800 -2800
14:55:03 E 19 -584 -2605 -836 -2800 -2800
14:55:03 E 20 -600 -2233 -841 -2800 -2800
14:55:03 E 21 -614 -2044 -860 -2800 -2800
14:55:03 E 22 -625 -1874 -866 -2800 -2800
14:55:03 E 23 -634 -1922 -874 -2800 -2800
14:55:03 E 24 -643 -2087 -883 -2800 -2800
14:55:03 E 25 -654 -2178 -891 -2800 -2800
14:55:03 E 26 -666 -2215 -895 -2800 -2800
14:55:03 E 27 -679 -2124 -902 -2800 -2800
14:55:04 E 28 -693 -1904 -909 -2800 -2800
14:55:04 E 29 -707 -1642 -911 -2800 -2800
14:55:04 E 30 -717 -1264 -917 -2800 -2800
14:55:04 E 31 -725 -1008 -923 -2800 -2800
14:55:04 E 32 -735 -794 -921 -2800 -2800
14:55:04 E 33 -743 -435 -923 -2800 -2800
14:55:04 E 34 -751 -38 -932 -2800 -2800
14:55:04 E 35 -755 406 -930 -2800 -2800
14:55:04 E 36 -756 759 -932 -2800 -2800
14:55:04 E 37 -754 1009 -930 -2800 -2800
14:55:04 E 38 -751 1192 -929 -2800 -2800
14:55:04 E 39 -743 1393 -936 -2800 -2800
14:55:04 E 40 -734 1344 -941 -2800 -2800
14:55:04 E 41 -729 1235 -945 -2800 -2800
14:55:04 E 42 -721 1210 -950 -2800 -2800
14:55:04 E 43 -714 1052 -955 -2800 -2800
14:55:04 E 44 -710 887 -956 -2800 -2800
14:55:04 E 45 -709 924 -959 -2800 -2800
14:55:04 E 46 -706 1155 -954 -2800 -2800
14:55:04 E 47 -702 1357 -957 -2800 -2800
14:55:04 E 48 -698 1540 -964 -2800 -2800
14:55:04 E 49 -692 1722 -967 -2800 -2800
14:55:04 E 50 -685 1753 -967 -2800 -2800
14:55:04 E 51 -678 1741 -971 -2800 -2800
14:55:04 E 52 -672 1735 -975 -2800 -2800
14:55:04 E 53 -663 1729 -975 -2800 -2800
14:55:04 E 54 -654 1558 -985 -2800 -2800
14:55:04 E 55 -646 1283 -986 -2800 -2800
14:55:04 E 56 -639 912 -985 -2800 -2800
14:55:04 E 57 -635 558 -991 -2800 -2800
14:55:04 E 58 -633 168 -997 -2800 -2800
14:55:04 E 59 -633 -221 -995 -2800 -2800
14:55:04 E 60 -634 -593 -1001 -2800 -2800
14:55:04 E 61 -639 -892 -1003 -2800 -2800
14:55:04 E 62 -645 -1008 -1000 -2800 -2800
14:55:04 E 63 -652 -1063 -1008 -2800 -2800
14:55:04 E 64 -658 -1093 -1008 -2800 -2800
14:55:04 E 65 -665 -1069 -1011 -2800 -2800
14:55:04 E 66 -671 -983 -1015 -2800 -2800
14:55:04 E 67 -677 -892 -1010 -2800 -2800
14:55:04 E 68 -682 -831 -1014 -2800 -2800
14:55:04 E 69 -687 -709 -1013 -2800 -2800
14:55:04 E 70 -689 -654 -1009 -2800 -2800
14:55:04 E 71 -692 -685 -1017 -2800 -2800
14:55:04 E 72 -692 -709 -1013 -2800 -2800
14:55:04 E 73 -692 -752 -1017 -2800 -2800
14:55:04 E 74 -692 -1038 -1019 -2800 -2800
14:55:04 E 75 -694 -1410 -1021 -2800 -2800
14:55:04 E 76 -697 -1691 -1030 -2800 -2800
14:55:04 E 77 -703 -1977 -1024 -2800 -2800
14:55:04 E 78 -711 -2221 -1037 -2800 -2800
14:55:04 E 79 -721 -2337 -1033 -2800 -2800
14:55:04 E 80 -733 -2313 -1029 -2800 -2800
14:55:04 E 81 -744 -2136 -1028 -2800 -2800
14:55:04 E 82 -755 -1935 -1026 -2800 -2800
14:55:04 E 83 -765 -1715 -1029 -2800 -2800
14:55:04 E 84 -774 -1569 -1028 -2800 -2800
14:55:04 E 85 -783 -1398 -1034 -2800 -2800
14:55:04 E 86 -790 -1136 -1025 -2800 -2796
14:55:04 E 87 -796 -916 -1023 -2800 -2792
14:55:04 E 88 -801 -721 -1026 -2800 -2794
14:55:04 E 89 -804 -490 -1025 -2800 -2788
14:55:04 E 90 -804 -392 -1024 -2800 -2784
14:55:04 E 91 -804 -484 -1029 -2800 -2790
14:55:04 E 92 -805 -618 -1029 -2800 -2786
14:55:04 E 93 -806 -721 -1030 -2800 -2781
14:55:04 E 94 -807 -843 -1031 -2800 -2772
14:55:04 E 95 -810 -1081 -1040 -2800 -2776
14:55:04 E 96 -815 -1276 -1033 -2800 -2768
14:55:04 E 97 -822 -1349 -1029 -2800 -2755
14:55:04 E 98 -830 -1368 -1033 -2800 -2748
14:55:04 E 99 -837 -1227 -1020 -2800 -2722
14:55:04 E 100 -844 -1111 -1031 -2800 -2711
14:55:04 E 101 -850 -1075 -1035 -2800 -2704
14:55:04 E 102 -857 -1032 -1034 -2800 -2704
14:55:04 E 103 -863 -904 -1029 -2800 -2700
14:55:04 E 104 -868 -807 -1025 -2800 -2699
14:55:04 E 105 -872 -727 -1024 -2800 -2699
14:55:04 E 106 -875 -673 -1028 -2797 -2701
14:55:04 E 107 -876 -648 -1032 -2797 -2703
14:55:04 E 108 -879 -727 -1028 -2791 -2700
14:55:04 E 109 -882 -813 -1028 -2791 -2701
14:55:04 E 110 -884 -886 -1021 -2783 -2692
14:55:04 E 111 -888 -1026 -1022 -2784 -2689
14:55:04 E 112 -894 -1154 -1026 -2785 -2692
14:55:04 E 113 -900 -1185 -1022 -2777 -2681
14:55:04 E 114 -905 -1185 -1022 -2773 -2673
14:55:04 E 115 -911 -1319 -1023 -2771 -2668
14:55:04 E 116 -920 -1404 -1023 -2763 -2662
14:55:04 E 117 -928 -1319 -1022 -2755 -2653
14:55:04 E 118 -935 -1246 -1022 -2737 -2642
14:55:04 E 119 -943 -1142 -1017 -2723 -2637
14:55:04 R end
14:55:04 T 4497 1683 2841 2567 5171 0 133
14:55:04 D 50860 0 -12.67 0.000 -2723 -2637 15.01
14:55:04 D 51050 0 -12.11 0.000 -2723 -2637 15.01
14:55:04 D 51240 0 -10.40 0.000 -2723 -2637 15.01
14:55:05 D 51430 0 -10.78 0.000 -2723 -2637 15.01
14:55:05 D 51615 0 -10.39 0.000 -2723 -2637 15.01
14:55:05 D 51800 0 -10.29 0.000 -2723 -2637 15.01
14:55:05 D 51980 0 -9.95 0.000 -2723 -2637 15.01
14:55:05 D 52165 0 -9.91 0.000 -2723 -2637 15.01
14:55:05 D 52345 0 -9.83 0.000 -2723 -2637 15.01
14:55:06 D 52530 0 -9.27 0.000 -2723 -2637 15.01
14:55:06 D 52710 0 -9.93 0.000 -2723 -2637 15.01
14:55:06 D 52895 0 -7.95 0.000 -2723 -2637 15.01
14:55:06 D 53075 0 -7.37 0.000 -2723 -2637 15.01
14:55:06 D 53255 0 -7.19 0.000 -2723 -2637 15.01
14:55:07 D 53440 0 -6.60 0.000 -2723 -2637 15.01
14:55:07 D 53620 0 -7.08 0.000 -2723 -2637 15.01
14:55:07 D 53805 0 -6.61 0.000 -2723 -2637 15.01
14:55:07 D 53985 0 -8.32 0.000 -2723 -2637 15.01
14:55:07 D 54170 0 -7.58 0.000 -2723 -2637 15.01
14:55:08 mpu_set_sensor complete ......
14:55:08 mpu_set_sensor complete ......
14:55:08 mpu_configure_fifo complete ......
14:55:08 mpu_set_sample_rate complete ......
14:55:09 dmp_load_motion_driver_firmware complete ......
14:55:09 dmp_set_orientation complete ......
14:55:09 dmp_enable_feature complete ......
14:55:09 dmp_set_fifo_rate complete ......
14:55:09 mpu_set_dmp_state complete ......
14:55:23 mode 28 RL
14:55:24 D 175 1 6.34 0.000 0 0 0.00
14:55:24 D 360 1 4.84 0.000 0 0 0.00
14:55:24 D 540 1 5.61 0.000 0 0 0.00
14:55:24 D 720 1 5.72 0.000 0 0 0.00
14:55:24 D 905 1 5.57 0.000 0 0 0.00
14:55:24 D 1085 1 5.94 0.000 0 0 0.00
14:55:25 D 1265 1 5.35 0.000 0 0 0.00
14:55:25 D 1450 1 5.71 0.000 0 0 0.00
14:55:25 D 1630 1 5.47 0.000 0 0 0.00
14:55:25 D 1810 1 5.16 0.000 0 0 0.00
14:55:25 D 1995 1 5.32 0.000 0 0 0.00
14:55:26 D 2175 1 5.12 0.000 0 0 0.00
14:55:26 D 2355 1 5.17 0.000 0 0 0.00
14:55:26 D 2540 1 4.64 0.000 0 0 0.00
14:55:26 D 2720 1 4.85 0.000 0 0 0.00
14:55:26 D 2900 1 4.51 0.000 0 0 0.00
14:55:26 D 3080 1 4.09 0.000 0 0 0.00
14:55:27 D 3265 1 4.35 0.000 0 0 0.00
14:55:27 D 3445 1 4.10 0.000 0 0 0.00
14:55:27 D 3630 1 4.01 0.000 0 0 0.00
14:55:27 D 3810 1 4.02 0.000 0 0 0.00
14:55:27 D 3990 1 4.15 0.000 0 0 0.00
14:55:28 D 4175 1 3.97 0.000 0 0 0.00
14:55:28 D 4355 1 3.66 0.000 0 0 0.00
14:55:28 D 4540 1 3.77 0.000 0 0 0.00
14:55:28 D 4720 1 3.68 0.000 0 0 0.00
14:55:28 D 4905 1 3.96 0.000 0 0 0.00
14:55:28 cal done: pitch zero 2.79 roll zero -1.72 bias -0.0326 0.0045 0.0058
14:55:28 D 5090 0 -0.63 0.000 0 0 2.79
14:55:29 D 5190 0 -0.53 0.000 0 0 2.79
14:55:29 D 5290 0 -0.67 0.000 0 0 2.79
14:55:29 D 5390 0 -0.45 0.000 0 0 2.79
14:55:29 D 5490 0 -0.38 0.000 0 0 2.79
14:55:29 D 5590 0 -0.48 0.000 0 0 2.79
14:55:29 D 5690 0 -0.45 0.000 0 0 2.79
14:55:29 D 5790 0 -0.25 0.000 0 0 2.79
14:55:29 D 5890 0 -0.20 0.000 0 0 2.79
14:55:29 D 5990 0 -0.34 0.000 0 0 2.79
14:55:29 D 6090 0 -0.28 0.000 0 0 2.79
14:55:30 D 6190 0 -0.39 0.000 0 0 2.79
14:55:30 D 6290 0 -0.15 0.000 0 0 2.79
14:55:30 D 6390 0 -0.34 0.000 0 0 2.79
14:55:30 D 6490 0 -0.43 0.000 0 0 2.79
14:55:30 D 6590 0 -0.24 0.000 0 0 2.79
14:55:30 D 6690 0 -0.26 0.000 0 0 2.79
14:55:30 D 6790 0 -0.31 0.000 0 0 2.79
14:55:30 D 6890 0 -0.20 0.000 0 0 2.79
14:55:30 D 6990 0 -0.23 0.000 0 0 2.79
14:55:30 D 7090 0 -0.26 0.000 0 0 2.79
14:55:31 D 7190 0 -0.22 0.000 0 0 2.79
14:55:31 D 7290 0 -0.14 0.000 0 0 2.79
14:55:31 D 7390 0 -0.18 0.000 0 0 2.79
14:55:31 D 7490 0 -0.22 0.000 0 0 2.79
14:55:31 D 7590 0 -0.19 0.000 0 0 2.79
14:55:31 D 7690 0 -0.26 0.000 0 0 2.79
14:55:31 D 7790 0 -0.40 0.000 0 0 2.79
14:55:31 D 7890 0 -0.32 0.000 0 0 2.79
14:55:31 D 7990 0 -0.34 0.000 0 0 2.79
14:55:31 D 8090 0 -0.35 0.000 0 0 2.79
14:55:32 D 8190 0 -0.42 0.000 0 0 2.79
14:55:32 D 8290 0 -0.41 0.000 0 0 2.79
14:55:32 D 8390 0 -0.55 0.000 0 0 2.79
14:55:32 D 8490 0 -0.17 0.000 0 0 2.79
14:55:32 D 8590 0 -0.41 0.000 0 0 2.79
14:55:32 D 8690 0 -0.27 0.000 0 0 2.79
14:55:32 D 8790 0 -0.28 0.000 0 0 2.79
14:55:32 D 8890 0 -0.50 0.000 0 0 2.79
14:55:32 D 8990 0 -0.64 0.000 0 0 2.79
14:55:32 D 9090 0 -0.42 0.000 0 0 2.79
14:55:33 D 9190 0 -0.57 0.000 0 0 2.79
14:55:33 D 9290 0 -0.74 0.000 0 0 2.79
14:55:33 D 9390 0 -0.64 0.000 0 0 2.79
14:55:33 D 9490 0 -0.65 0.000 0 0 2.79
14:55:33 D 9590 0 -0.47 0.000 0 0 2.79
14:55:33 D 9690 0 -0.61 0.000 0 0 2.79
14:55:33 D 9790 0 -0.56 0.000 0 0 2.79
14:55:33 D 9890 0 -0.34 0.000 0 0 2.79
14:55:33 D 9990 0 -0.28 0.000 0 0 2.79
14:55:33 D 10090 0 -0.33 0.000 0 0 2.79
14:55:34 D 10190 0 -0.34 0.000 0 0 2.79
14:55:34 D 10290 0 -0.46 0.000 0 0 2.79
14:55:34 D 10390 0 -0.54 0.000 0 0 2.79
14:55:34 D 10490 0 -0.46 0.000 0 0 2.79
14:55:34 D 10590 0 -0.52 0.000 0 0 2.79
14:55:34 D 10690 0 -0.54 0.000 0 0 2.79
14:55:34 D 10790 0 -0.49 0.000 0 0 2.79
14:55:34 D 10890 0 -0.58 0.000 0 0 2.79
14:55:34 D 10990 0 -0.61 0.000 0 0 2.79
14:55:34 D 11090 0 -0.47 0.000 0 0 2.79
14:55:35 D 11190 0 -0.60 0.000 0 0 2.79
14:55:35 D 11290 0 -0.67 0.000 0 0 2.79
14:55:35 D 11390 0 -0.63 0.000 0 0 2.79
14:55:35 D 11490 0 -0.52 0.000 0 0 2.79
14:55:35 D 11590 0 -0.63 0.000 0 0 2.79
14:55:35 D 11690 0 -0.53 0.000 0 0 2.79
14:55:35 D 11790 0 -0.59 0.000 0 0 2.79
14:55:35 D 11890 0 -0.73 0.000 0 0 2.79
14:55:35 D 11990 0 -0.59 0.000 0 0 2.79
14:55:35 D 12090 0 -0.54 0.000 0 0 2.79
14:55:36 D 12190 0 -0.41 0.000 0 0 2.79
14:55:36 D 12290 0 -0.39 0.000 0 0 2.79
14:55:36 D 12390 0 -0.42 0.000 0 0 2.79
14:55:36 D 12490 0 -0.49 0.000 0 0 2.79
14:55:36 D 12590 0 -0.61 0.000 0 0 2.79
14:55:36 D 12690 0 -0.64 0.000 0 0 2.79
14:55:36 D 12790 0 -0.75 0.000 0 0 2.79
14:55:36 D 12890 0 -0.69 0.000 0 0 2.79
14:55:36 D 12990 0 -0.57 0.000 0 0 2.79
14:55:36 D 13090 0 -0.67 0.000 0 0 2.79
14:55:37 D 13190 0 -0.30 0.000 0 0 2.79
14:55:37 D 13290 0 -0.44 0.000 0 0 2.79
14:55:37 D 13390 0 -1.16 0.000 0 0 2.79
14:55:37 D 13490 0 -1.02 0.000 0 0 2.79
14:55:37 D 13590 0 -0.93 0.000 0 0 2.79
14:55:37 D 13690 0 -0.94 0.000 0 0 2.79
14:55:37 D 13790 0 -1.16 0.000 0 0 2.79
14:55:37 D 13890 0 -2.03 0.000 0 0 2.79
14:55:37 D 13990 0 -1.80 0.000 0 0 2.79
14:55:37 D 14090 0 -1.47 0.000 0 0 2.79
14:55:38 D 14190 0 -1.65 0.000 0 0 2.79
14:55:38 D 14290 0 -1.56 0.000 0 0 2.79
14:55:38 D 14390 0 -1.24 0.000 0 0 2.79
14:55:38 D 14490 0 -1.34 0.000 0 0 2.79
14:55:38 D 14590 0 -1.30 0.000 0 0 2.79
14:55:38 D 14690 0 -1.21 0.000 0 0 2.79
14:55:38 D 14790 0 -1.14 0.000 0 0 2.79
14:55:38 D 14890 0 -1.16 0.000 0 0 2.79
14:55:38 D 14990 0 -1.12 0.000 0 0 2.79
14:55:38 D 15090 0 -1.13 0.000 0 0 2.79
14:55:39 D 15190 0 -1.22 0.000 0 0 2.79
14:55:39 D 15290 0 -1.12 0.000 0 0 2.79
14:55:39 D 15390 0 -1.08 0.000 0 0 2.79
14:55:39 D 15490 0 -1.23 0.000 0 0 2.79
14:55:39 D 15590 0 -1.21 0.000 0 0 2.79
14:55:39 D 15690 0 -1.19 0.000 0 0 2.79
14:55:39 D 15790 0 -1.26 0.000 0 0 2.79
14:55:39 D 15890 0 -1.32 0.000 0 0 2.79
14:55:39 D 15990 0 -1.18 0.000 0 0 2.79
14:55:39 D 16090 0 -1.29 0.000 0 0 2.79
14:55:40 D 16190 0 -1.39 0.000 0 0 2.79
14:55:40 D 16290 0 -1.07 0.000 0 0 2.79
14:55:40 D 16390 0 -1.09 0.000 0 0 2.79
14:55:40 D 16490 0 -1.00 0.000 0 0 2.79
14:55:40 D 16590 0 -1.05 0.000 0 0 2.79
14:55:40 D 16690 0 -0.79 0.000 0 0 2.79
14:55:40 D 16790 0 -0.80 0.000 0 0 2.79
14:55:40 D 16890 0 -1.05 0.000 0 0 2.79
14:55:40 D 16990 0 -1.21 0.000 0 0 2.79
14:55:40 D 17090 0 -1.35 0.000 0 0 2.79
14:55:41 D 17190 0 -1.36 0.000 0 0 2.79
14:55:41 D 17290 0 -1.33 0.000 0 0 2.79
14:55:41 D 17390 0 -1.56 0.000 0 0 2.79
14:55:41 D 17490 0 -1.75 0.000 0 0 2.79
14:55:41 D 17590 0 -1.75 0.000 0 0 2.79
14:55:41 D 17690 0 -1.84 0.000 0 0 2.79
14:55:41 D 17790 0 -2.50 0.000 0 0 2.79
14:55:41 D 17890 0 -2.53 0.000 0 0 2.79
14:55:41 D 17990 0 -1.85 0.000 0 0 2.79
14:55:41 D 18090 0 -2.21 0.000 0 0 2.79
14:55:42 D 18190 0 -2.41 0.000 0 0 2.79
14:55:42 D 18290 0 -1.73 0.000 0 0 2.79
14:55:42 D 18390 0 -1.16 0.000 0 0 2.79
14:55:42 D 18490 0 -1.71 0.000 0 0 2.79
14:55:42 D 18590 0 -1.78 0.000 0 0 2.79
14:55:42 D 18690 0 -0.96 0.000 0 0 2.79
14:55:42 D 18790 0 0.66 0.000 0 0 2.79
14:55:42 D 18890 0 1.23 0.000 0 0 2.79
14:55:42 D 18990 0 1.17 0.000 0 0 2.79
14:55:42 D 19090 0 1.49 0.000 0 0 2.79
14:55:43 D 19190 0 -0.67 0.000 0 0 2.79
14:55:43 D 19290 0 -0.86 0.000 0 0 2.79
14:55:43 D 19470 0 -0.01 0.000 0 0 2.79
14:55:43 D 19655 0 -0.71 0.000 0 0 2.79
14:55:43 D 19835 0 -1.02 0.000 0 0 2.79
14:55:43 D 20015 0 -1.06 0.000 0 0 2.79
14:55:44 D 20195 0 -2.11 0.000 0 0 2.79
14:55:44 D 20380 0 -1.57 0.000 0 0 2.79
14:55:44 D 20840 2 2.86 0.084 2053 2715 2.79
14:55:45 D 21360 2 4.11 -0.001 2691 2337 2.79
14:55:45 D 21885 2 4.66 0.033 2800 2645 2.79
14:55:46 D 22400 2 2.03 -0.065 2800 2479 2.79
14:55:46 D 22920 2 0.71 -0.160 2548 2264 2.79
14:55:47 D 23440 2 -0.93 -0.171 2205 1894 2.79
14:55:47 D 23955 2 -1.27 -0.040 1726 -1826 2.79
14:55:48 D 24470 2 -4.31 -0.070 -2088 -2500 2.79
14:55:48 D 24985 2 -5.37 -0.038 -2800 -2800 2.79
14:55:49 D 25495 2 2.15 0.172 -1876 1987 2.79
14:55:49 D 26015 2 -0.94 0.039 -2800 -1648 2.79
14:55:50 D 26520 2 -0.50 -0.066 2126 2123 2.79
14:55:50 D 27030 2 -3.67 -0.026 -1685 -2176 2.79
14:55:51 D 27555 2 -6.02 -0.088 -1416 -2316 2.79
14:55:52 D 28090 2 -5.17 -1.035 -2800 -2800 2.79
14:55:52 D 28380 0 -6.43 0.000 -2545 -2621 2.79
14:55:52 R 7945 3 7.0
14:55:52 E 0 -222 5629 -337 -2353 -2740
14:55:52 E 1 -200 3416 -358 -2769 -2800
14:55:52 E 2 -188 1318 -386 -2800 -2800
14:55:52 E 3 -187 -558 -417 -2800 -2800
14:55:52 E 4 -194 -2143 -454 -2800 -2800
14:55:52 E 5 -207 -3320 -493 -2800 -2800
14:55:52 E 6 -227 -4198 -538 -2800 -2800
14:55:52 E 7 -251 -4704 -565 -2800 -2800
14:55:52 E 8 -279 -4881 -597 -2800 -2800
14:55:52 E 9 -311 -4680 -624 -2800 -2800
14:55:52 E 10 -340 -4088 -640 -2800 -2800
14:55:52 E 11 -367 -3284 -671 -2800 -2800
14:55:52 E 12 -390 -2400 -686 -2800 -2800
14:55:52 E 13 -405 -1430 -700 -2800 -2800
14:55:52 E 14 -418 -692 -715 -2800 -2800
14:55:52 E 15 -423 -34 -731 -2800 -2800
14:55:52 E 16 -428 343 -745 -2800 -2800
14:55:52 E 17 -430 514 -760 -2800 -2800
14:55:52 E 18 -431 569 -779 -2800 -2800
14:55:52 E 19 -428 483 -784 -2800 -2800
14:55:52 E 20 -430 465 -808 -2800 -2800
14:55:52 E 21 -434 245 -817 -2800 -2800
14:55:52 E 22 -438 69 -826 -2800 -2800
14:55:52 E 23 -443 -126 -843 -2800 -2800
14:55:52 E 24 -449 -278 -844 -2800 -2800
14:55:52 E 25 -454 -382 -860 -2800 -2800
14:55:52 E 26 -461 -510 -873 -2800 -2800
14:55:52 E 27 -468 -595 -881 -2800 -2800
14:55:52 E 28 -476 -577 -893 -2800 -2800
14:55:52 E 29 -483 -369 -899 -2800 -2800
14:55:52 E 30 -490 -119 -906 -2800 -2800
14:55:52 E 31 -494 215 -908 -2800 -2800
14:55:52 E 32 -494 581 -914 -2800 -2800
14:55:52 E 33 -493 800 -912 -2800 -2800
14:55:52 E 34 -492 946 -923 -2800 -2800
14:55:52 E 35 -492 1239 -930 -2800 -2800
14:55:52 E 36 -489 1574 -928 -2800 -2800
14:55:52 E 37 -486 1745 -939 -2800 -2800
14:55:52 E 38 -481 1971 -937 -2800 -2800
14:55:52 E 39 -475 2166 -944 -2800 -2800
14:55:52 E 40 -466 2215 -944 -2800 -2800
14:55:52 E 41 -457 2093 -953 -2800 -2800
14:55:52 E 42 -451 2019 -957 -2770 -2800
14:55:52 E 43 -442 1934 -958 -2746 -2800
14:55:52 E 44 -434 1654 -968 -2758 -2800
14:55:52 E 45 -427 1355 -970 -2790 -2800
14:55:52 E 46 -424 1068 -975 -2800 -2800
14:55:52 E 47 -419 861 -977 -2800 -2800
14:55:52 E 48 -416 514 -987 -2800 -2800
14:55:52 E 49 -416 178 -992 -2800 -2800
14:55:52 E 50 -418 -77 -986 -2800 -2800
14:55:52 E 51 -420 -193 -999 -2800 -2800
14:55:52 E 52 -424 -406 -1000 -2800 -2800
14:55:52 E 53 -431 -534 -1000 -2800 -2800
14:55:52 E 54 -436 -552 -1004 -2800 -2800
14:55:52 E 55 -443 -583 -1004 -2800 -2800
14:55:52 E 56 -448 -595 -1004 -2800 -2800
14:55:52 E 57 -453 -571 -1004 -2800 -2800
14:55:52 E 58 -458 -522 -1012 -2800 -2800
14:55:52 E 59 -462 -528 -1012 -2800 -2800
14:55:52 E 60 -467 -497 -1012 -2800 -2800
14:55:52 E 61 -470 -351 -1011 -2800 -2800
14:55:52 E 62 -471 -272 -1010 -2800 -2800
14:55:52 E 63 -474 -266 -1010 -2800 -2800
14:55:52 E 64 -475 -260 -1014 -2800 -2800
14:55:52 E 65 -476 -327 -1018 -2800 -2800
14:55:52 E 66 -477 -479 -1019 -2800 -2800
14:55:52 E 67 -483 -662 -1020 -2800 -2800
14:55:52 E 68 -487 -717 -1021 -2800 -2800
14:55:52 E 69 -492 -881 -1025 -2800 -2800
14:55:52 E 70 -499 -1022 -1030 -2800 -2800
14:55:52 E 71 -508 -1113 -1030 -2800 -2800
14:55:52 E 72 -516 -1070 -1034 -2800 -2800
14:55:52 E 73 -523 -1022 -1034 -2800 -2800
14:55:52 E 74 -529 -949 -1033 -2800 -2800
14:55:52 E 75 -534 -918 -1033 -2789 -2800
14:55:52 E 76 -540 -961 -1029 -2770 -2800
14:55:52 E 77 -547 -949 -1029 -2756 -2800
14:55:52 E 78 -554 -863 -1032 -2746 -2800
14:55:52 E 79 -560 -760 -1039 -2738 -2800
14:55:52 E 80 -566 -632 -1039 -2728 -2800
14:55:52 E 81 -571 -400 -1045 -2710 -2800
14:55:52 E 82 -574 -254 -1028 -2700 -2800
14:55:52 E 83 -578 -162 -1024 -2695 -2793
14:55:52 E 84 -580 8 -1031 -2673 -2778
14:55:52 E 85 -582 111 -1022 -2661 -2762
14:55:52 E 86 -582 130 -1030 -2663 -2757
14:55:52 E 87 -583 123 -1030 -2660 -2752
14:55:52 E 88 -585 117 -1022 -2658 -2745
14:55:52 E 89 -586 87 -1018 -2659 -2742
14:55:52 E 90 -588 8 -1023 -2666 -2742
14:55:52 E 91 -590 -10 -1023 -2653 -2737
14:55:52 E 92 -592 -77 -1023 -2653 -2731
14:55:52 E 93 -595 -193 -1020 -2655 -2731
14:55:52 E 94 -598 -260 -1016 -2649 -2723
14:55:52 E 95 -601 -284 -1016 -2642 -2718
14:55:52 E 96 -603 -375 -1013 -2644 -2720
14:55:52 E 97 -606 -522 -1017 -2645 -2720
14:55:52 E 98 -610 -674 -1022 -2647 -2725
14:55:52 E 99 -615 -778 -1011 -2648 -2726
14:55:52 E 100 -621 -802 -1015 -2641 -2721
14:55:52 E 101 -627 -741 -1014 -2635 -2715
14:55:52 E 102 -632 -680 -1006 -2625 -2706
14:55:52 E 103 -638 -638 -1006 -2623 -2701
14:55:52 E 104 -643 -528 -1001 -2626 -2697
14:55:52 E 105 -648 -351 -1000 -2620 -2690
14:55:52 E 106 -652 -193 -999 -2611 -2682
14:55:52 E 107 -655 -28 -998 -2606 -2674
14:55:52 E 108 -658 142 -997 -2603 -2668
14:55:52 E 109 -659 331 -992 -2587 -2653
14:55:52 E 110 -660 501 -987 -2582 -2651
14:55:52 E 111 -659 684 -990 -2567 -2639
14:55:52 E 112 -657 800 -985 -2556 -2636
14:55:52 E 113 -654 782 -981 -2554 -2638
14:55:52 E 114 -652 703 -982 -2554 -2637
14:55:52 E 115 -649 690 -974 -2543 -2631
14:55:52 E 116 -647 599 -974 -2538 -2629
14:55:52 E 117 -645 410 -976 -2541 -2627
14:55:52 E 118 -645 221 -973 -2543 -2618
14:55:52 E 119 -645 117 -977 -2545 -2621
14:55:52 R end
14:55:52 T 4506 1717 2823 2571 5171 0 1589
14:55:52 D 28875 0 -6.54 0.000 -2545 -2621 2.79
14:55:52 D 28975 0 -6.66 0.000 -2545 -2621 2.79
14:55:53 D 29160 0 -5.19 0.000 -2545 -2621 2.79
14:55:53 D 29260 0 -4.36 0.000 -2545 -2621 2.79
14:55:53 D 29450 0 -4.68 0.000 -2545 -2621 2.79
14:55:53 D 29635 0 -5.19 0.000 -2545 -2621 2.79
14:55:53 D 29815 0 -4.30 0.000 -2545 -2621 2.79
14:55:53 D 30000 0 -5.53 0.000 -2545 -2621 2.79
14:55:54 D 30180 0 -4.65 0.000 -2545 -2621 2.79
14:55:54 D 30365 0 -5.97 0.000 -2545 -2621 2.79
14:55:54 D 30545 0 -5.43 0.000 -2545 -2621 2.79
14:55:54 D 30725 0 -9.96 0.000 -2545 -2621 2.79
14:55:54 D 30910 0 -31.23 0.000 -2545 -2621 2.79
14:55:54 D 31095 0 -60.17 0.000 -2545 -2621 2.79
14:55:55 D 31285 0 -75.25 0.000 -2545 -2621 2.79
14:55:55 D 31470 0 -73.91 0.000 -2545 -2621 2.79
14:55:55 D 31660 0 -71.20 0.000 -2545 -2621 2.79
14:55:55 D 31845 0 -60.25 0.000 -2545 -2621 2.79
14:55:55 D 32035 0 -35.27 0.000 -2545 -2621 2.79
14:55:56 D 32220 0 -14.58 0.000 -2545 -2621 2.79
14:55:56 D 32400 0 -4.32 0.000 -2545 -2621 2.79
14:55:56 D 32580 0 2.73 0.000 -2545 -2621 2.79
14:55:56 D 32765 0 4.31 0.000 -2545 -2621 2.79
14:55:56 D 32945 0 4.26 0.000 -2545 -2621 2.79
14:55:57 D 33130 0 5.36 0.000 -2545 -2621 2.79
14:55:57 D 33310 0 4.73 0.000 -2545 -2621 2.79
14:55:57 D 33495 0 4.73 0.000 -2545 -2621 2.79
14:55:57 D 34005 2 5.41 0.048 1687 2232 2.79
14:55:58 D 34520 2 4.12 0.018 2193 2247 2.79
14:55:58 D 35045 2 4.85 0.031 2544 2399 2.79
14:55:59 D 35560 2 4.34 0.045 2800 2644 2.79
14:56:00 D 36085 2 3.07 -0.001 2800 2528 2.79
14:56:00 D 36600 2 0.81 -0.110 2732 2443 2.79
14:56:01 D 37120 2 0.02 -0.131 2381 2216 2.79
14:56:01 D 37645 2 -0.17 -0.138 2469 2244 2.79
14:56:02 D 38165 2 -1.83 -0.124 1636 -1369 2.79
14:56:02 D 38690 2 -2.90 -0.105 -1346 -2063 2.79
14:56:03 D 39210 2 -4.42 -0.028 -2373 -2377 2.79
14:56:03 D 39740 2 -3.55 -0.086 1437 -2100 2.79
14:56:04 D 40275 2 -1.82 -0.928 -2800 -2800 2.79
14:56:04 D 40740 0 -2.44 0.000 -2532 -2504 2.79
14:56:04 R 7125 3 9.0
14:56:04 E 0 -21 -1180 -345 -2800 -2768
14:56:04 E 1 -35 -1290 -382 -2800 -2800
14:56:04 E 2 -47 -1235 -421 -2800 -2800
14:56:04 E 3 -58 -1144 -457 -2800 -2800
14:56:04 E 4 -68 -1052 -492 -2800 -2800
14:56:04 E 5 -79 -997 -528 -2800 -2800
14:56:04 E 6 -86 -894 -555 -2800 -2800
14:56:04 E 7 -94 -949 -587 -2800 -2800
14:56:04 E 8 -99 -985 -619 -2800 -2800
14:56:04 E 9 -104 -1119 -640 -2800 -2800
14:56:04 E 10 -111 -1339 -665 -2800 -2800
14:56:04 E 11 -117 -1455 -690 -2800 -2800
14:56:04 E 12 -126 -1619 -702 -2800 -2800
14:56:04 E 13 -134 -1558 -730 -2800 -2800
14:56:04 E 14 -143 -1473 -745 -2800 -2800
14:56:04 E 15 -150 -1253 -760 -2800 -2800
14:56:04 E 16 -158 -1070 -775 -2800 -2800
14:56:04 E 17 -165 -729 -785 -2800 -2800
14:56:04 E 18 -171 -382 -803 -2800 -2800
14:56:04 E 19 -173 -16 -808 -2800 -2800
14:56:04 E 20 -173 166 -827 -2800 -2800
14:56:04 E 21 -174 288 -835 -2800 -2800
14:56:04 E 22 -172 361 -842 -2800 -2800
14:56:04 E 23 -170 373 -862 -2800 -2800
14:56:04 E 24 -167 197 -863 -2800 -2800
14:56:04 E 25 -166 -71 -877 -2800 -2800
14:56:04 E 26 -167 -339 -890 -2800 -2800
14:56:04 E 27 -168 -516 -895 -2800 -2800
14:56:04 E 28 -170 -808 -905 -2800 -2800
14:56:04 E 29 -175 -1077 -914 -2800 -2800
14:56:04 E 30 -181 -1259 -927 -2800 -2800
14:56:04 E 31 -188 -1351 -932 -2800 -2800
14:56:04 E 32 -195 -1430 -940 -2800 -2800
14:56:04 E 33 -202 -1455 -948 -2800 -2800
14:56:04 E 34 -210 -1387 -944 -2800 -2800
14:56:04 E 35 -217 -1217 -951 -2800 -2800
14:56:04 E 36 -222 -1107 -958 -2800 -2800
14:56:04 E 37 -230 -1052 -966 -2800 -2800
14:56:04 E 38 -237 -875 -969 -2800 -2800
14:56:04 E 39 -243 -674 -975 -2800 -2800
14:56:04 E 40 -247 -491 -974 -2800 -2800
14:56:04 E 41 -253 -345 -977 -2800 -2800
14:56:04 E 42 -256 -101 -992 -2800 -2800
14:56:04 E 43 -257 50 -979 -2800 -2800
14:56:04 E 44 -259 105 -990 -2800 -2800
14:56:04 E 45 -261 172 -990 -2800 -2800
14:56:04 E 46 -260 203 -982 -2800 -2800
14:56:04 E 47 -260 93 -1003 -2800 -2800
14:56:04 E 48 -261 -71 -999 -2800 -2800
14:56:04 E 49 -262 -168 -1000 -2800 -2800
14:56:04 E 50 -263 -351 -1005 -2800 -2800
14:56:04 E 51 -266 -546 -1006 -2800 -2800
14:56:04 E 52 -271 -692 -1011 -2800 -2800
14:56:04 E 53 -275 -778 -1011 -2800 -2800
14:56:04 E 54 -279 -900 -1016 -2800 -2800
14:56:04 E 55 -286 -979 -1017 -2800 -2800
14:56:04 E 56 -292 -942 -1020 -2800 -2800
14:56:04 E 57 -297 -930 -1024 -2800 -2800
14:56:04 E 58 -303 -851 -1028 -2800 -2800
14:56:04 E 59 -310 -747 -1023 -2800 -2800
14:56:04 E 60 -315 -516 -1025 -2800 -2800
14:56:04 E 61 -317 -333 -1024 -2800 -2800
14:56:04 E 62 -320 -162 -1019 -2800 -2800
14:56:04 E 63 -321 2 -1026 -2800 -2800
14:56:04 E 64 -320 136 -1022 -2800 -2800
14:56:04 E 65 -319 191 -1025 -2800 -2800
14:56:04 E 66 -317 239 -1025 -2800 -2800
14:56:04 E 67 -315 282 -1021 -2800 -2800
14:56:04 E 68 -314 270 -1025 -2800 -2800
14:56:04 E 69 -313 264 -1025 -2800 -2800
14:56:04 E 70 -311 331 -1029 -2800 -2800
14:56:04 E 71 -310 410 -1036 -2800 -2800
14:56:04 E 72 -309 434 -1036 -2791 -2800
14:56:04 E 73 -308 495 -1036 -2766 -2800
14:56:04 E 74 -306 562 -1035 -2741 -2800
14:56:04 E 75 -305 581 -1027 -2720 -2800
14:56:04 E 76 -301 617 -1031 -2710 -2799
14:56:04 E 77 -298 587 -1031 -2702 -2794
14:56:04 E 78 -296 489 -1036 -2701 -2794
14:56:04 E 79 -296 447 -1040 -2701 -2792
14:56:04 E 80 -295 477 -1036 -2708 -2784
14:56:04 E 81 -293 514 -1036 -2705 -2770
14:56:04 E 82 -292 495 -1032 -2698 -2757
14:56:04 E 83 -291 508 -1032 -2696 -2748
14:56:04 E 84 -289 562 -1035 -2690 -2735
14:56:04 E 85 -287 581 -1035 -2680 -2725
14:56:04 E 86 -285 581 -1031 -2666 -2709
14:56:04 E 87 -282 623 -1027 -2658 -2693
14:56:04 E 88 -279 575 -1023 -2651 -2684
14:56:04 E 89 -277 501 -1024 -2642 -2675
14:56:04 E 90 -275 410 -1028 -2646 -2674
14:56:05 E 91 -274 361 -1029 -2640 -2665
14:56:05 E 92 -272 331 -1025 -2631 -2654
14:56:05 E 93 -273 325 -1021 -2629 -2649
14:56:05 E 94 -271 428 -1016 -2620 -2635
14:56:05 E 95 -269 459 -1016 -2611 -2631
14:56:05 E 96 -268 465 -1016 -2602 -2626
14:56:05 E 97 -267 544 -1012 -2594 -2617
14:56:05 E 98 -266 672 -1011 -2583 -2611
14:56:05 E 99 -264 806 -1002 -2567 -2607
14:56:05 E 100 -260 898 -998 -2558 -2604
14:56:05 E 101 -256 940 -1002 -2555 -2598
14:56:05 E 102 -252 904 -994 -2549 -2592
14:56:05 E 103 -248 825 -1006 -2545 -2589
14:56:05 E 104 -245 709 -991 -2545 -2581
14:56:05 E 105 -243 593 -984 -2549 -2572
14:56:05 E 106 -240 550 -988 -2542 -2571
14:56:05 E 107 -238 483 -973 -2535 -2560
14:56:05 E 108 -236 355 -989 -2539 -2559
14:56:05 E 109 -236 245 -986 -2539 -2553
14:56:05 E 110 -236 142 -975 -2535 -2540
14:56:05 E 111 -237 69 -975 -2538 -2535
14:56:05 E 112 -237 38 -975 -2538 -2528
14:56:05 E 113 -238 8 -971 -2537 -2530
14:56:05 E 114 -239 -34 -972 -2540 -2529
14:56:05 E 115 -239 -40 -972 -2544 -2527
14:56:05 E 116 -240 -65 -960 -2542 -2520
14:56:05 E 117 -242 -28 -960 -2536 -2517
14:56:05 E 118 -243 32 -963 -2532 -2509
14:56:05 E 119 -243 81 -955 -2532 -2504
14:56:05 R end
14:56:05 T 4505 1713 2823 2570 5208 0 1425
14:56:05 D 41230 0 -3.79 0.000 -2532 -2504 2.79
14:56:05 D 41415 0 -6.31 0.000 -2532 -2504 2.79
14:56:05 D 41515 0 -13.23 0.000 -2532 -2504 2.79
14:56:05 D 41700 0 -16.11 0.000 -2532 -2504 2.79
14:56:05 D 41800 0 4.33 0.000 -2532 -2504 2.79
14:56:05 D 41985 0 -9.12 0.000 -2532 -2504 2.79
14:56:06 D 42170 0 -9.76 0.000 -2532 -2504 2.79
14:56:06 D 42350 0 3.64 0.000 -2532 -2504 2.79
14:56:06 D 42530 0 5.16 0.000 -2532 -2504 2.79
14:56:06 D 42710 0 3.15 0.000 -2532 -2504 2.79
14:56:06 D 42895 0 2.57 0.000 -2532 -2504 2.79
14:56:06 D 43075 0 4.17 0.000 -2532 -2504 2.79
14:56:07 D 43260 0 3.93 0.000 -2532 -2504 2.79
14:56:07 D 43440 0 7.30 0.000 -2532 -2504 2.79
14:56:07 D 43620 0 3.94 0.000 -2532 -2504 2.79
14:56:07 D 43805 0 0.69 0.000 -2532 -2504 2.79
14:56:07 D 43985 0 2.77 0.000 -2532 -2504 2.79
14:56:08 D 44165 0 4.55 0.000 -2532 -2504 2.79
14:56:08 D 44350 0 5.66 0.000 -2532 -2504 2.79
14:56:08 D 44530 0 6.36 0.000 -2532 -2504 2.79
14:56:08 D 44710 0 9.01 0.000 -2532 -2504 2.79
14:56:08 D 44895 0 10.33 0.000 -2532 -2504 2.79
14:56:08 D 45075 0 11.29 0.000 -2532 -2504 2.79
14:56:09 D 45255 0 13.59 0.000 -2532 -2504 2.79
14:56:09 D 45440 0 13.52 0.000 -2532 -2504 2.79
14:56:09 D 45620 0 15.81 0.000 -2532 -2504 2.79
14:56:09 D 45805 0 15.79 0.000 -2532 -2504 2.79
14:56:09 D 45985 0 14.92 0.000 -2532 -2504 2.79
14:56:10 D 46165 0 13.65 0.000 -2532 -2504 2.79
14:56:10 D 46350 0 12.61 0.000 -2532 -2504 2.79
14:56:10 D 46530 0 12.85 0.000 -2532 -2504 2.79
14:56:10 D 46710 0 11.10 0.000 -2532 -2504 2.79
14:56:10 D 46895 0 12.66 0.000 -2532 -2504 2.79
14:56:10 D 47075 0 12.90 0.000 -2532 -2504 2.79
14:56:11 D 47255 0 12.38 0.000 -2532 -2504 2.79
14:56:11 D 47440 0 13.72 0.000 -2532 -2504 2.79
14:56:11 D 47620 0 13.29 0.000 -2532 -2504 2.79
14:56:11 D 47800 0 10.01 0.000 -2532 -2504 2.79
14:56:11 D 47985 0 10.19 0.000 -2532 -2504 2.79
14:56:12 D 48165 0 11.00 0.000 -2532 -2504 2.79
14:56:12 D 48345 0 10.80 0.000 -2532 -2504 2.79
14:56:12 D 48530 0 12.37 0.000 -2532 -2504 2.79
14:56:12 D 48710 0 12.07 0.000 -2532 -2504 2.79
14:56:12 D 48895 0 11.95 0.000 -2532 -2504 2.79
14:56:12 D 49075 0 12.14 0.000 -2532 -2504 2.79
14:56:13 D 49255 0 12.43 0.000 -2532 -2504 2.79
14:56:13 D 49440 0 12.64 0.000 -2532 -2504 2.79
14:56:13 D 49620 0 13.03 0.000 -2532 -2504 2.79
14:56:13 D 49800 0 12.60 0.000 -2532 -2504 2.79
14:56:13 D 49985 0 13.04 0.000 -2532 -2504 2.79
14:56:14 D 50165 0 13.00 0.000 -2532 -2504 2.79
14:56:14 D 50345 0 13.37 0.000 -2532 -2504 2.79
14:56:14 D 50530 0 13.31 0.000 -2532 -2504 2.79
14:56:14 D 50710 0 13.25 0.000 -2532 -2504 2.79
14:56:14 D 50890 0 13.22 0.000 -2532 -2504 2.79
14:56:14 D 51075 0 13.04 0.000 -2532 -2504 2.79
14:56:15 D 51255 0 13.42 0.000 -2532 -2504 2.79
14:56:15 D 51435 0 13.28 0.000 -2532 -2504 2.79
14:56:15 D 51620 0 13.53 0.000 -2532 -2504 2.79
14:56:15 D 51800 0 14.06 0.000 -2532 -2504 2.79
14:56:15 D 51980 0 13.66 0.000 -2532 -2504 2.79
14:56:16 D 52165 0 13.81 0.000 -2532 -2504 2.79
14:56:16 D 52345 0 14.19 0.000 -2532 -2504 2.79
14:56:16 D 52530 0 14.29 0.000 -2532 -2504 2.79
14:56:16 D 52710 0 14.31 0.000 -2532 -2504 2.79
14:56:16 D 52890 0 14.31 0.000 -2532 -2504 2.79
14:56:16 D 53075 0 14.32 0.000 -2532 -2504 2.79
14:56:17 D 53255 0 13.62 0.000 -2532 -2504 2.79
14:56:17 D 53435 0 14.06 0.000 -2532 -2504 2.79
14:56:17 D 53620 0 13.47 0.000 -2532 -2504 2.79
14:56:17 D 53800 0 14.23 0.000 -2532 -2504 2.79
14:56:17 D 53980 0 14.21 0.000 -2532 -2504 2.79
14:56:18 D 54165 0 14.27 0.000 -2532 -2504 2.79
14:56:18 D 54345 0 14.44 0.000 -2532 -2504 2.79
14:56:18 D 54530 0 14.27 0.000 -2532 -2504 2.79
14:56:18 D 54710 0 14.26 0.000 -2532 -2504 2.79
14:56:18 D 54890 0 13.84 0.000 -2532 -2504 2.79
14:56:18 D 55075 0 13.42 0.000 -2532 -2504 2.79
14:56:19 D 55255 0 13.84 0.000 -2532 -2504 2.79
14:56:19 D 55435 0 13.67 0.000 -2532 -2504 2.79
14:56:19 D 55620 0 13.53 0.000 -2532 -2504 2.79
14:56:19 D 55800 0 13.13 0.000 -2532 -2504 2.79
14:56:19 D 55980 0 13.55 0.000 -2532 -2504 2.79
14:56:20 D 56165 0 13.48 0.000 -2532 -2504 2.79
14:56:20 D 56345 0 13.80 0.000 -2532 -2504 2.79
14:56:20 D 56525 0 13.08 0.000 -2532 -2504 2.79
14:56:20 D 56710 0 13.96 0.000 -2532 -2504 2.79
14:56:20 D 56890 0 12.71 0.000 -2532 -2504 2.79
14:56:20 D 57075 0 13.22 0.000 -2532 -2504 2.79
14:56:21 D 57255 0 13.85 0.000 -2532 -2504 2.79
14:56:21 D 57435 0 14.33 0.000 -2532 -2504 2.79
14:56:21 D 57620 0 13.95 0.000 -2532 -2504 2.79
14:56:21 D 57800 0 14.09 0.000 -2532 -2504 2.79
14:56:21 D 57980 0 14.09 0.000 -2532 -2504 2.79
14:56:22 D 58165 0 13.86 0.000 -2532 -2504 2.79
14:56:22 D 58345 0 13.75 0.000 -2532 -2504 2.79
14:56:22 D 58530 0 13.27 0.000 -2532 -2504 2.79
14:56:22 D 58710 0 11.99 0.000 -2532 -2504 2.79
14:56:22 D 58890 0 12.17 0.000 -2532 -2504 2.79
14:56:23 D 59075 0 12.21 0.000 -2532 -2504 2.79
14:56:23 D 59255 0 11.99 0.000 -2532 -2504 2.79
14:56:23 D 59435 0 12.22 0.000 -2532 -2504 2.79
14:56:23 D 59620 0 11.94 0.000 -2532 -2504 2.79
14:56:23 D 59800 0 12.01 0.000 -2532 -2504 2.79
14:56:23 D 59980 0 12.07 0.000 -2532 -2504 2.79
14:56:24 D 60165 0 12.05 0.000 -2532 -2504 2.79
14:56:24 D 60345 0 12.15 0.000 -2532 -2504 2.79
14:56:24 D 60525 0 12.23 0.000 -2532 -2504 2.79
14:56:24 D 60710 0 12.17 0.000 -2532 -2504 2.79
14:56:24 D 60890 0 12.22 0.000 -2532 -2504 2.79
14:56:24 D 61075 0 12.16 0.000 -2532 -2504 2.79
14:56:25 D 61255 0 12.16 0.000 -2532 -2504 2.79
14:56:25 D 61435 0 12.12 0.000 -2532 -2504 2.79
14:56:25 D 61620 0 12.18 0.000 -2532 -2504 2.79
14:56:25 D 61800 0 11.90 0.000 -2532 -2504 2.79
14:56:25 D 61980 0 11.73 0.000 -2532 -2504 2.79
14:56:26 D 62165 0 11.79 0.000 -2532 -2504 2.79
14:56:26 D 62345 0 11.96 0.000 -2532 -2504 2.79
14:56:26 D 62525 0 11.90 0.000 -2532 -2504 2.79
14:56:26 D 62710 0 12.11 0.000 -2532 -2504 2.79
14:56:26 D 62890 0 12.81 0.000 -2532 -2504 2.79
14:56:26 D 63075 0 12.19 0.000 -2532 -2504 2.79
14:56:27 D 63255 0 12.69 0.000 -2532 -2504 2.79
14:56:27 D 63435 0 12.50 0.000 -2532 -2504 2.79
14:56:27 D 63620 0 12.38 0.000 -2532 -2504 2.79
14:56:27 D 63800 0 12.22 0.000 -2532 -2504 2.79
14:56:27 D 63980 0 12.44 0.000 -2532 -2504 2.79
14:56:28 D 64165 0 12.60 0.000 -2532 -2504 2.79
14:56:28 D 64345 0 12.49 0.000 -2532 -2504 2.79
14:56:28 D 64530 0 12.62 0.000 -2532 -2504 2.79
14:56:28 D 64710 0 12.46 0.000 -2532 -2504 2.79
14:56:28 D 64890 0 12.49 0.000 -2532 -2504 2.79
14:56:28 D 65075 0 12.45 0.000 -2532 -2504 2.79
14:56:29 D 65255 0 12.41 0.000 -2532 -2504 2.79
14:56:29 D 65435 0 12.35 0.000 -2532 -2504 2.79
14:56:29 D 65620 0 11.93 0.000 -2532 -2504 2.79
14:56:29 D 65800 0 11.91 0.000 -2532 -2504 2.79
14:56:29 D 65985 0 12.14 0.000 -2532 -2504 2.79
14:56:30 D 66165 0 11.73 0.000 -2532 -2504 2.79
14:56:30 D 66345 0 11.75 0.000 -2532 -2504 2.79
14:56:30 D 66530 0 11.36 0.000 -2532 -2504 2.79
14:56:30 D 66710 0 11.18 0.000 -2532 -2504 2.79
14:56:30 D 66890 0 11.18 0.000 -2532 -2504 2.79
14:56:30 D 67075 0 11.02 0.000 -2532 -2504 2.79
14:56:31 D 67255 0 11.29 0.000 -2532 -2504 2.79
14:56:31 D 67435 0 11.30 0.000 -2532 -2504 2.79
14:56:31 D 67620 0 11.40 0.000 -2532 -2504 2.79
14:56:31 D 67800 0 11.37 0.000 -2532 -2504 2.79
14:56:31 D 67985 0 11.26 0.000 -2532 -2504 2.79
14:56:32 D 68165 0 11.17 0.000 -2532 -2504 2.79
14:56:32 D 68345 0 11.20 0.000 -2532 -2504 2.79
14:56:32 D 68530 0 11.57 0.000 -2532 -2504 2.79
14:56:32 D 68710 0 11.76 0.000 -2532 -2504 2.79
14:56:32 D 68890 0 12.15 0.000 -2532 -2504 2.79
14:56:33 D 69075 0 12.13 0.000 -2532 -2504 2.79
14:56:33 D 69255 0 11.71 0.000 -2532 -2504 2.79
14:56:33 D 69435 0 11.70 0.000 -2532 -2504 2.79
14:56:33 D 69620 0 11.60 0.000 -2532 -2504 2.79
14:56:33 D 69800 0 11.53 0.000 -2532 -2504 2.79
14:56:33 D 69985 0 11.42 0.000 -2532 -2504 2.79
14:56:34 D 70165 0 10.91 0.000 -2532 -2504 2.79
14:56:34 D 70345 0 12.17 0.000 -2532 -2504 2.79
14:56:34 D 70530 0 11.14 0.000 -2532 -2504 2.79
14:56:34 D 70710 0 11.34 0.000 -2532 -2504 2.79
14:56:34 D 70890 0 11.81 0.000 -2532 -2504 2.79
14:56:35 D 71075 0 10.84 0.000 -2532 -2504 2.79
14:56:35 D 71255 0 11.09 0.000 -2532 -2504 2.79
14:56:35 D 71435 0 11.23 0.000 -2532 -2504 2.79
14:56:35 D 71620 0 11.51 0.000 -2532 -2504 2.79
14:56:35 D 71800 0 11.38 0.000 -2532 -2504 2.79
14:56:35 D 71985 0 11.43 0.000 -2532 -2504 2.79
14:56:36 D 72165 0 11.44 0.000 -2532 -2504 2.79
14:56:36 D 72345 0 11.53 0.000 -2532 -2504 2.79
14:56:36 D 72530 0 11.65 0.000 -2532 -2504 2.79
14:56:36 D 72710 0 11.43 0.000 -2532 -2504 2.79
14:56:36 D 72890 0 11.59 0.000 -2532 -2504 2.79
14:56:36 D 73075 0 11.00 0.000 -2532 -2504 2.79
14:56:37 D 73255 0 11.25 0.000 -2532 -2504 2.79
14:56:37 D 73435 0 11.40 0.000 -2532 -2504 2.79
14:56:37 D 73620 0 11.18 0.000 -2532 -2504 2.79
14:56:37 D 73800 0 11.16 0.000 -2532 -2504 2.79
14:56:37 D 73985 0 11.41 0.000 -2532 -2504 2.79
14:56:38 D 74165 0 11.40 0.000 -2532 -2504 2.79
14:56:38 D 74345 0 11.30 0.000 -2532 -2504 2.79
14:56:38 D 74530 0 11.39 0.000 -2532 -2504 2.79
14:56:38 D 74710 0 11.41 0.000 -2532 -2504 2.79
14:56:38 D 74890 0 11.48 0.000 -2532 -2504 2.79
14:56:39 D 75075 0 11.51 0.000 -2532 -2504 2.79
14:56:39 D 75255 0 11.56 0.000 -2532 -2504 2.79
14:56:39 D 75435 0 12.30 0.000 -2532 -2504 2.79
14:56:39 D 75620 0 12.03 0.000 -2532 -2504 2.79
14:56:39 D 75800 0 12.06 0.000 -2532 -2504 2.79
14:56:39 D 75980 0 12.01 0.000 -2532 -2504 2.79
14:56:40 D 76165 0 11.89 0.000 -2532 -2504 2.79
14:56:40 D 76345 0 11.48 0.000 -2532 -2504 2.79
14:56:40 D 76525 0 12.17 0.000 -2532 -2504 2.79
14:56:40 D 76710 0 11.58 0.000 -2532 -2504 2.79
14:56:40 D 76890 0 11.90 0.000 -2532 -2504 2.79
14:56:41 D 77075 0 12.01 0.000 -2532 -2504 2.79
14:56:41 D 77255 0 11.96 0.000 -2532 -2504 2.79
14:56:41 D 77435 0 12.01 0.000 -2532 -2504 2.79
14:56:41 D 77620 0 11.96 0.000 -2532 -2504 2.79
14:56:41 D 77800 0 12.03 0.000 -2532 -2504 2.79
14:56:41 D 77980 0 11.95 0.000 -2532 -2504 2.79
14:56:42 D 78165 0 11.44 0.000 -2532 -2504 2.79
14:56:42 D 78345 0 12.46 0.000 -2532 -2504 2.79
14:56:42 D 78525 0 11.51 0.000 -2532 -2504 2.79
14:56:42 D 78710 0 11.72 0.000 -2532 -2504 2.79
14:56:42 D 78890 0 11.34 0.000 -2532 -2504 2.79
14:56:43 D 79070 0 11.49 0.000 -2532 -2504 2.79
14:56:43 D 79255 0 11.79 0.000 -2532 -2504 2.79
14:56:43 D 79435 0 11.72 0.000 -2532 -2504 2.79
14:56:43 D 79615 0 11.85 0.000 -2532 -2504 2.79
14:56:43 D 79800 0 11.98 0.000 -2532 -2504 2.79
14:56:43 D 79980 0 11.81 0.000 -2532 -2504 2.79
14:56:44 D 80160 0 11.75 0.000 -2532 -2504 2.79
14:56:44 D 80345 0 12.11 0.000 -2532 -2504 2.79
14:56:44 D 80525 0 12.22 0.000 -2532 -2504 2.79
14:56:44 D 80710 0 11.82 0.000 -2532 -2504 2.79
14:56:44 D 80890 0 12.28 0.000 -2532 -2504 2.79
14:56:45 D 81070 0 12.07 0.000 -2532 -2504 2.79
14:56:45 D 81255 0 12.08 0.000 -2532 -2504 2.79
14:56:45 D 81435 0 11.99 0.000 -2532 -2504 2.79
14:56:45 D 81615 0 12.14 0.000 -2532 -2504 2.79
14:56:45 D 81800 0 11.72 0.000 -2532 -2504 2.79
14:56:45 D 81980 0 11.59 0.000 -2532 -2504 2.79
14:56:46 D 82160 0 11.66 0.000 -2532 -2504 2.79
14:56:46 D 82345 0 11.73 0.000 -2532 -2504 2.79
14:56:46 D 82525 0 11.67 0.000 -2532 -2504 2.79
14:56:46 D 82705 0 11.48 0.000 -2532 -2504 2.79
14:56:46 D 82890 0 11.85 0.000 -2532 -2504 2.79
14:56:46 D 83070 0 11.78 0.000 -2532 -2504 2.79
14:56:47 D 83250 0 11.78 0.000 -2532 -2504 2.79
14:56:47 D 83435 0 12.11 0.000 -2532 -2504 2.79
14:56:47 D 83615 0 11.83 0.000 -2532 -2504 2.79
14:56:47 D 83800 0 11.87 0.000 -2532 -2504 2.79
14:56:47 D 83980 0 11.97 0.000 -2532 -2504 2.79
14:56:48 D 84160 0 12.05 0.000 -2532 -2504 2.79
14:56:48 D 84345 0 12.37 0.000 -2532 -2504 2.79
14:56:48 D 84525 0 12.51 0.000 -2532 -2504 2.79
14:56:48 D 84705 0 13.46 0.000 -2532 -2504 2.79
14:56:48 D 84890 0 13.56 0.000 -2532 -2504 2.79
14:56:49 D 85070 0 12.08 0.000 -2532 -2504 2.79
14:56:49 D 85250 0 13.01 0.000 -2532 -2504 2.79
14:56:49 D 85435 0 12.93 0.000 -2532 -2504 2.79
14:56:49 D 85615 0 13.53 0.000 -2532 -2504 2.79
14:56:49 D 85800 0 14.82 0.000 -2532 -2504 2.79
14:56:49 D 85980 0 14.61 0.000 -2532 -2504 2.79
14:56:50 D 86160 0 14.59 0.000 -2532 -2504 2.79
14:56:50 D 86345 0 13.71 0.000 -2532 -2504 2.79
14:56:50 D 86525 0 13.75 0.000 -2532 -2504 2.79
14:56:50 D 86705 0 13.34 0.000 -2532 -2504 2.79
14:56:50 D 86890 0 13.05 0.000 -2532 -2504 2.79
14:56:51 D 87070 0 12.67 0.000 -2532 -2504 2.79
14:56:51 D 87250 0 12.51 0.000 -2532 -2504 2.79
14:56:51 D 87435 0 12.19 0.000 -2532 -2504 2.79
14:56:51 D 87615 0 12.90 0.000 -2532 -2504 2.79
14:56:51 D 87795 0 11.93 0.000 -2532 -2504 2.79
14:56:51 D 87980 0 12.15 0.000 -2532 -2504 2.79
14:56:52 D 88160 0 12.01 0.000 -2532 -2504 2.79
14:56:52 D 88345 0 12.15 0.000 -2532 -2504 2.79
14:56:52 D 88525 0 12.34 0.000 -2532 -2504 2.79
14:56:52 D 88705 0 12.32 0.000 -2532 -2504 2.79
14:56:52 D 88890 0 12.63 0.000 -2532 -2504 2.79
14:56:53 D 89070 0 12.51 0.000 -2532 -2504 2.79
14:56:53 D 89250 0 12.31 0.000 -2532 -2504 2.79
14:56:53 D 89435 0 12.07 0.000 -2532 -2504 2.79
14:56:53 D 89615 0 12.00 0.000 -2532 -2504 2.79
14:56:53 D 89800 0 12.35 0.000 -2532 -2504 2.79
14:56:53 D 89980 0 12.12 0.000 -2532 -2504 2.79
14:56:54 D 90160 0 12.04 0.000 -2532 -2504 2.79
14:56:54 D 90345 0 11.53 0.000 -2532 -2504 2.79
14:56:54 D 90525 0 12.01 0.000 -2532 -2504 2.79
14:56:54 D 90705 0 12.14 0.000 -2532 -2504 2.79
14:56:54 D 90890 0 12.68 0.000 -2532 -2504 2.79
14:56:55 D 91070 0 12.58 0.000 -2532 -2504 2.79
14:56:55 D 91250 0 12.39 0.000 -2532 -2504 2.79
14:56:55 D 91435 0 12.33 0.000 -2532 -2504 2.79
14:56:55 D 91615 0 12.50 0.000 -2532 -2504 2.79
14:56:55 D 91795 0 12.39 0.000 -2532 -2504 2.79
14:56:55 D 91980 0 12.33 0.000 -2532 -2504 2.79
14:56:56 D 92160 0 12.54 0.000 -2532 -2504 2.79
14:56:56 D 92340 0 12.51 0.000 -2532 -2504 2.79
14:56:56 D 92525 0 12.43 0.000 -2532 -2504 2.79
14:56:56 D 92705 0 12.31 0.000 -2532 -2504 2.79
14:56:56 D 92890 0 12.38 0.000 -2532 -2504 2.79
14:56:57 D 93070 0 12.29 0.000 -2532 -2504 2.79
14:56:57 D 93250 0 12.36 0.000 -2532 -2504 2.79
14:56:57 D 93435 0 12.39 0.000 -2532 -2504 2.79
14:56:57 D 93615 0 12.15 0.000 -2532 -2504 2.79
14:56:57 D 93795 0 12.22 0.000 -2532 -2504 2.79
14:56:57 D 93980 0 12.29 0.000 -2532 -2504 2.79
14:56:58 D 94160 0 12.25 0.000 -2532 -2504 2.79
14:56:58 D 94340 0 12.31 0.000 -2532 -2504 2.79
14:56:58 D 94525 0 12.34 0.000 -2532 -2504 2.79
14:56:58 D 94705 0 12.45 0.000 -2532 -2504 2.79
14:56:58 D 94890 0 12.42 0.000 -2532 -2504 2.79
14:56:59 D 95070 0 12.32 0.000 -2532 -2504 2.79
14:56:59 D 95250 0 12.23 0.000 -2532 -2504 2.79
14:56:59 D 95435 0 12.05 0.000 -2532 -2504 2.79
14:56:59 D 95615 0 12.01 0.000 -2532 -2504 2.79
14:56:59 D 95795 0 11.93 0.000 -2532 -2504 2.79
14:56:59 D 95980 0 11.92 0.000 -2532 -2504 2.79
14:57:00 D 96160 0 11.89 0.000 -2532 -2504 2.79
14:57:00 D 96340 0 11.83 0.000 -2532 -2504 2.79
14:57:00 D 96525 0 11.78 0.000 -2532 -2504 2.79
14:57:00 D 96705 0 11.65 0.000 -2532 -2504 2.79
14:57:00 D 96890 0 11.71 0.000 -2532 -2504 2.79
14:57:01 D 97070 0 11.65 0.000 -2532 -2504 2.79
14:57:01 D 97250 0 11.66 0.000 -2532 -2504 2.79
14:57:01 D 97435 0 11.58 0.000 -2532 -2504 2.79
14:57:01 D 97615 0 11.72 0.000 -2532 -2504 2.79
14:57:01 D 97795 0 11.70 0.000 -2532 -2504 2.79
14:57:01 D 97980 0 11.92 0.000 -2532 -2504 2.79
14:57:02 D 98160 0 11.87 0.000 -2532 -2504 2.79
14:57:02 D 98340 0 11.84 0.000 -2532 -2504 2.79
14:57:02 D 98525 0 11.77 0.000 -2532 -2504 2.79
14:57:02 D 98705 0 11.79 0.000 -2532 -2504 2.79
14:57:02 D 98885 0 11.66 0.000 -2532 -2504 2.79
14:57:03 D 99070 0 11.51 0.000 -2532 -2504 2.79
14:57:03 D 99250 0 11.52 0.000 -2532 -2504 2.79
14:57:03 D 99435 0 11.56 0.000 -2532 -2504 2.79
14:57:03 D 99615 0 11.67 0.000 -2532 -2504 2.79
14:57:03 D 99795 0 11.81 0.000 -2532 -2504 2.79
14:57:03 D 99980 0 12.05 0.000 -2532 -2504 2.79
14:57:04 D 100160 0 12.11 0.000 -2532 -2504 2.79
14:57:04 D 100340 0 12.04 0.000 -2532 -2504 2.79
14:57:04 D 100525 0 11.92 0.000 -2532 -2504 2.79
14:57:04 D 100705 0 11.73 0.000 -2532 -2504 2.79
14:57:04 D 100890 0 11.70 0.000 -2532 -2504 2.79
14:57:05 D 101070 0 11.64 0.000 -2532 -2504 2.79
14:57:05 D 101250 0 11.58 0.000 -2532 -2504 2.79
14:57:05 D 101435 0 11.93 0.000 -2532 -2504 2.79
14:57:05 D 101615 0 12.78 0.000 -2532 -2504 2.79
14:57:05 D 101795 0 12.31 0.000 -2532 -2504 2.79
14:57:05 D 101980 0 12.71 0.000 -2532 -2504 2.79
14:57:06 D 102160 0 12.97 0.000 -2532 -2504 2.79
14:57:06 D 102345 0 13.01 0.000 -2532 -2504 2.79
14:57:06 D 102525 0 12.99 0.000 -2532 -2504 2.79
14:57:06 D 102705 0 12.80 0.000 -2532 -2504 2.79
14:57:06 D 102890 0 12.51 0.000 -2532 -2504 2.79
14:57:07 D 103070 0 12.50 0.000 -2532 -2504 2.79
14:57:07 D 103255 0 12.15 0.000 -2532 -2504 2.79
14:57:07 D 103435 0 12.17 0.000 -2532 -2504 2.79
14:57:07 D 103615 0 12.09 0.000 -2532 -2504 2.79
14:57:07 D 103800 0 12.17 0.000 -2532 -2504 2.79
14:57:07 D 103980 0 11.81 0.000 -2532 -2504 2.79
14:57:08 D 104165 0 11.95 0.000 -2532 -2504 2.79
14:57:08 D 104345 0 12.01 0.000 -2532 -2504 2.79
14:57:08 D 104525 0 11.79 0.000 -2532 -2504 2.79
14:57:08 D 104710 0 11.67 0.000 -2532 -2504 2.79
14:57:08 D 104890 0 11.68 0.000 -2532 -2504 2.79
14:57:09 D 105070 0 11.70 0.000 -2532 -2504 2.79
14:57:09 D 105255 0 11.75 0.000 -2532 -2504 2.79
14:57:09 D 105435 0 11.99 0.000 -2532 -2504 2.79
14:57:09 D 105620 0 11.95 0.000 -2532 -2504 2.79
14:57:09 D 105800 0 11.86 0.000 -2532 -2504 2.79
14:57:09 D 105980 0 12.41 0.000 -2532 -2504 2.79
14:57:10 D 106165 0 12.32 0.000 -2532 -2504 2.79
14:57:10 D 106345 0 12.38 0.000 -2532 -2504 2.79
14:57:10 D 106530 0 12.12 0.000 -2532 -2504 2.79
14:57:10 D 106710 0 12.37 0.000 -2532 -2504 2.79
14:57:10 D 106890 0 12.19 0.000 -2532 -2504 2.79
14:57:11 D 107075 0 12.19 0.000 -2532 -2504 2.79
14:57:11 D 107255 0 11.90 0.000 -2532 -2504 2.79
14:57:11 D 107435 0 11.83 0.000 -2532 -2504 2.79
14:57:11 D 107620 0 11.93 0.000 -2532 -2504 2.79
14:57:11 D 107800 0 12.03 0.000 -2532 -2504 2.79
14:57:11 D 107985 0 11.96 0.000 -2532 -2504 2.79
14:57:12 D 108165 0 12.09 0.000 -2532 -2504 2.79
14:57:12 D 108345 0 11.99 0.000 -2532 -2504 2.79
14:57:12 D 108530 0 12.21 0.000 -2532 -2504 2.79
14:57:12 D 108710 0 12.39 0.000 -2532 -2504 2.79
14:57:12 D 108895 0 12.28 0.000 -2532 -2504 2.79
14:57:13 D 109075 0 11.97 0.000 -2532 -2504 2.79
14:57:13 D 109255 0 12.22 0.000 -2532 -2504 2.79
14:57:13 D 109440 0 12.08 0.000 -2532 -2504 2.79
14:57:13 D 109620 0 12.16 0.000 -2532 -2504 2.79
14:57:13 D 109800 0 12.26 0.000 -2532 -2504 2.79
14:57:13 D 109985 0 12.26 0.000 -2532 -2504 2.79
14:57:14 D 110165 0 12.32 0.000 -2532 -2504 2.79
14:57:14 D 110350 0 12.44 0.000 -2532 -2504 2.79
14:57:14 D 110530 0 12.42 0.000 -2532 -2504 2.79
14:57:14 D 110710 0 12.62 0.000 -2532 -2504 2.79
14:57:14 D 110895 0 12.02 0.000 -2532 -2504 2.79
14:57:15 D 111075 0 12.23 0.000 -2532 -2504 2.79
14:57:15 D 111260 0 12.31 0.000 -2532 -2504 2.79
14:57:15 D 111440 0 12.51 0.000 -2532 -2504 2.79
14:57:15 D 111620 0 12.34 0.000 -2532 -2504 2.79
14:57:15 D 111805 0 12.49 0.000 -2532 -2504 2.79
14:57:15 D 111985 0 12.56 0.000 -2532 -2504 2.79
14:57:16 D 112165 0 12.44 0.000 -2532 -2504 2.79
14:57:16 D 112350 0 12.71 0.000 -2532 -2504 2.79
14:57:16 D 112530 0 12.66 0.000 -2532 -2504 2.79
14:57:16 D 112715 0 12.88 0.000 -2532 -2504 2.79
14:57:16 D 112895 0 12.63 0.000 -2532 -2504 2.79
14:57:17 D 113075 0 12.63 0.000 -2532 -2504 2.79
14:57:17 D 113260 0 12.45 0.000 -2532 -2504 2.79
14:57:17 D 113440 0 12.55 0.000 -2532 -2504 2.79
14:57:17 D 113625 0 12.64 0.000 -2532 -2504 2.79
14:57:17 D 113805 0 12.44 0.000 -2532 -2504 2.79
14:57:17 D 113985 0 12.45 0.000 -2532 -2504 2.79
14:57:18 D 114170 0 12.41 0.000 -2532 -2504 2.79
14:57:18 D 114350 0 12.39 0.000 -2532 -2504 2.79
14:57:18 D 114535 0 12.55 0.000 -2532 -2504 2.79
14:57:18 D 114715 0 12.74 0.000 -2532 -2504 2.79
14:57:18 D 114895 0 13.02 0.000 -2532 -2504 2.79
14:57:19 D 115080 0 13.22 0.000 -2532 -2504 2.79
14:57:19 D 115260 0 13.10 0.000 -2532 -2504 2.79
14:57:19 D 115445 0 13.22 0.000 -2532 -2504 2.79
14:57:19 D 115625 0 13.07 0.000 -2532 -2504 2.79
14:57:19 D 115805 0 13.57 0.000 -2532 -2504 2.79
14:57:19 D 115990 0 13.23 0.000 -2532 -2504 2.79
14:57:20 D 116170 0 12.28 0.000 -2532 -2504 2.79
14:57:20 D 116350 0 11.91 0.000 -2532 -2504 2.79
14:57:20 D 116535 0 11.61 0.000 -2532 -2504 2.79
14:57:20 D 116715 0 11.46 0.000 -2532 -2504 2.79
14:57:20 D 116900 0 11.98 0.000 -2532 -2504 2.79
14:57:21 D 117080 0 12.37 0.000 -2532 -2504 2.79
14:57:21 D 117260 0 12.32 0.000 -2532 -2504 2.79
14:57:21 D 117445 0 12.16 0.000 -2532 -2504 2.79
14:57:21 D 117625 0 12.12 0.000 -2532 -2504 2.79
14:57:21 D 117810 0 12.12 0.000 -2532 -2504 2.79
14:57:21 D 117990 0 11.85 0.000 -2532 -2504 2.79
14:57:22 D 118170 0 12.13 0.000 -2532 -2504 2.79
14:57:22 D 118355 0 12.16 0.000 -2532 -2504 2.79
14:57:22 D 118535 0 12.09 0.000 -2532 -2504 2.79
14:57:22 D 118715 0 12.15 0.000 -2532 -2504 2.79
14:57:22 D 118900 0 12.07 0.000 -2532 -2504 2.79
14:57:23 D 119080 0 11.72 0.000 -2532 -2504 2.79
14:57:23 D 119265 0 11.75 0.000 -2532 -2504 2.79
14:57:23 D 119445 0 11.76 0.000 -2532 -2504 2.79
14:57:23 D 119625 0 12.10 0.000 -2532 -2504 2.79
14:57:23 D 119810 0 12.30 0.000 -2532 -2504 2.79
14:57:23 D 119990 0 12.32 0.000 -2532 -2504 2.79
14:57:24 D 120175 0 12.23 0.000 -2532 -2504 2.79
14:57:24 D 120355 0 12.28 0.000 -2532 -2504 2.79
14:57:24 D 120535 0 12.29 0.000 -2532 -2504 2.79
14:57:24 D 120720 0 12.32 0.000 -2532 -2504 2.79
14:57:24 D 120900 0 12.18 0.000 -2532 -2504 2.79
14:57:25 D 121080 0 12.35 0.000 -2532 -2504 2.79
14:57:25 D 121265 0 12.27 0.000 -2532 -2504 2.79
14:57:25 D 121445 0 12.21 0.000 -2532 -2504 2.79
14:57:25 D 121625 0 12.13 0.000 -2532 -2504 2.79
14:57:25 D 121810 0 11.89 0.000 -2532 -2504 2.79
14:57:25 D 121990 0 12.07 0.000 -2532 -2504 2.79
14:57:26 D 122175 0 12.10 0.000 -2532 -2504 2.79
14:57:26 D 122355 0 11.89 0.000 -2532 -2504 2.79
14:57:26 D 122535 0 11.50 0.000 -2532 -2504 2.79
14:57:26 D 122720 0 11.25 0.000 -2532 -2504 2.79
14:57:26 D 122900 0 11.34 0.000 -2532 -2504 2.79
14:57:27 D 123080 0 11.07 0.000 -2532 -2504 2.79
14:57:27 D 123265 0 11.46 0.000 -2532 -2504 2.79
14:57:27 D 123445 0 11.65 0.000 -2532 -2504 2.79
14:57:27 D 123625 0 11.89 0.000 -2532 -2504 2.79
14:57:27 D 123810 0 12.00 0.000 -2532 -2504 2.79
14:57:27 D 123990 0 12.22 0.000 -2532 -2504 2.79
14:57:28 D 124175 0 12.22 0.000 -2532 -2504 2.79
14:57:28 D 124355 0 12.10 0.000 -2532 -2504 2.79
14:57:28 D 124535 0 12.14 0.000 -2532 -2504 2.79
14:57:28 D 124720 0 12.08 0.000 -2532 -2504 2.79
14:57:28 D 124900 0 12.16 0.000 -2532 -2504 2.79
14:57:29 D 125080 0 12.16 0.000 -2532 -2504 2.79
14:57:29 D 125265 0 12.09 0.000 -2532 -2504 2.79
14:57:29 D 125445 0 12.31 0.000 -2532 -2504 2.79
14:57:29 D 125625 0 12.19 0.000 -2532 -2504 2.79
14:57:29 D 125810 0 12.16 0.000 -2532 -2504 2.79
14:57:29 D 125990 0 12.08 0.000 -2532 -2504 2.79
14:57:30 D 126170 0 12.08 0.000 -2532 -2504 2.79
14:57:30 D 126355 0 11.98 0.000 -2532 -2504 2.79
14:57:30 D 126535 0 11.88 0.000 -2532 -2504 2.79
14:57:30 D 126720 0 12.00 0.000 -2532 -2504 2.79
14:57:30 D 126900 0 12.11 0.000 -2532 -2504 2.79
14:57:31 D 127080 0 12.23 0.000 -2532 -2504 2.79
14:57:31 D 127265 0 12.59 0.000 -2532 -2504 2.79
14:57:31 D 127445 0 12.80 0.000 -2532 -2504 2.79
14:57:31 D 127625 0 13.07 0.000 -2532 -2504 2.79
14:57:31 D 127810 0 13.07 0.000 -2532 -2504 2.79
14:57:31 D 127990 0 13.49 0.000 -2532 -2504 2.79
14:57:32 D 128170 0 13.40 0.000 -2532 -2504 2.79
14:57:32 D 128355 0 13.48 0.000 -2532 -2504 2.79
14:57:32 D 128535 0 13.45 0.000 -2532 -2504 2.79
14:57:32 D 128720 0 13.47 0.000 -2532 -2504 2.79
14:57:32 D 128900 0 13.41 0.000 -2532 -2504 2.79
14:57:33 D 129080 0 13.24 0.000 -2532 -2504 2.79
14:57:33 D 129265 0 13.32 0.000 -2532 -2504 2.79
14:57:33 D 129445 0 13.35 0.000 -2532 -2504 2.79
14:57:33 D 129625 0 13.41 0.000 -2532 -2504 2.79
14:57:33 D 129810 0 13.67 0.000 -2532 -2504 2.79
14:57:33 D 129990 0 13.65 0.000 -2532 -2504 2.79
14:57:34 D 130175 0 13.79 0.000 -2532 -2504 2.79
14:57:34 D 130355 0 13.70 0.000 -2532 -2504 2.79
14:57:34 D 130535 0 13.72 0.000 -2532 -2504 2.79
14:57:34 D 130720 0 13.79 0.000 -2532 -2504 2.79
14:57:34 D 130900 0 13.56 0.000 -2532 -2504 2.79
14:57:35 D 131080 0 13.80 0.000 -2532 -2504 2.79
14:57:35 D 131265 0 13.99 0.000 -2532 -2504 2.79
14:57:35 D 131445 0 13.92 0.000 -2532 -2504 2.79
14:57:35 D 131630 0 14.05 0.000 -2532 -2504 2.79
14:57:35 D 131810 0 13.94 0.000 -2532 -2504 2.79
14:57:35 D 131990 0 13.96 0.000 -2532 -2504 2.79
14:57:36 D 132175 0 13.83 0.000 -2532 -2504 2.79
14:57:36 D 132355 0 13.76 0.000 -2532 -2504 2.79
14:57:36 D 132535 0 13.83 0.000 -2532 -2504 2.79
14:57:36 D 132720 0 13.87 0.000 -2532 -2504 2.79
14:57:36 D 132900 0 13.87 0.000 -2532 -2504 2.79
14:57:37 D 133085 0 13.82 0.000 -2532 -2504 2.79
14:57:37 D 133265 0 13.97 0.000 -2532 -2504 2.79
14:57:37 D 133445 0 13.83 0.000 -2532 -2504 2.79
14:57:37 D 133630 0 14.01 0.000 -2532 -2504 2.79
14:57:37 D 133810 0 14.07 0.000 -2532 -2504 2.79
14:57:37 D 133990 0 13.97 0.000 -2532 -2504 2.79
14:57:38 D 134175 0 13.98 0.000 -2532 -2504 2.79
14:57:38 D 134355 0 14.03 0.000 -2532 -2504 2.79
14:57:38 D 134540 0 13.90 0.000 -2532 -2504 2.79
14:57:38 D 134720 0 13.80 0.000 -2532 -2504 2.79
14:57:38 D 134900 0 13.88 0.000 -2532 -2504 2.79
14:57:39 D 135085 0 13.85 0.000 -2532 -2504 2.79
14:57:39 D 135265 0 13.99 0.000 -2532 -2504 2.79
14:57:39 D 135445 0 14.09 0.000 -2532 -2504 2.79
14:57:39 D 135630 0 14.07 0.000 -2532 -2504 2.79
14:57:39 D 135810 0 13.80 0.000 -2532 -2504 2.79
14:57:39 D 135995 0 13.81 0.000 -2532 -2504 2.79
14:57:40 D 136175 0 14.00 0.000 -2532 -2504 2.79
14:57:40 D 136355 0 13.99 0.000 -2532 -2504 2.79
14:57:40 D 136540 0 13.73 0.000 -2532 -2504 2.79
14:57:40 D 136720 0 13.72 0.000 -2532 -2504 2.79
14:57:40 D 136900 0 13.86 0.000 -2532 -2504 2.79
14:57:41 D 137085 0 13.72 0.000 -2532 -2504 2.79
14:57:41 D 137265 0 13.73 0.000 -2532 -2504 2.79
14:57:41 D 137445 0 13.50 0.000 -2532 -2504 2.79
14:57:41 D 137630 0 13.72 0.000 -2532 -2504 2.79
14:57:41 D 137810 0 13.56 0.000 -2532 -2504 2.79
14:57:41 D 137995 0 13.69 0.000 -2532 -2504 2.79
14:57:42 D 138175 0 13.72 0.000 -2532 -2504 2.79
14:57:42 D 138355 0 14.01 0.000 -2532 -2504 2.79
14:57:42 D 138540 0 14.06 0.000 -2532 -2504 2.79
14:57:42 D 138720 0 14.29 0.000 -2532 -2504 2.79
14:57:42 D 138900 0 14.32 0.000 -2532 -2504 2.79
14:57:43 D 139085 0 14.02 0.000 -2532 -2504 2.79
14:57:43 D 139265 0 13.83 0.000 -2532 -2504 2.79
14:57:43 D 139445 0 13.94 0.000 -2532 -2504 2.79
14:57:43 D 139630 0 13.89 0.000 -2532 -2504 2.79
14:57:43 D 139810 0 13.58 0.000 -2532 -2504 2.79
14:57:43 D 139995 0 13.47 0.000 -2532 -2504 2.79
14:57:44 D 140175 0 13.89 0.000 -2532 -2504 2.79
14:57:44 D 140355 0 13.78 0.000 -2532 -2504 2.79
14:57:44 D 140540 0 13.67 0.000 -2532 -2504 2.79
14:57:44 D 140720 0 15.35 0.000 -2532 -2504 2.79
14:57:44 D 140900 0 15.51 0.000 -2532 -2504 2.79
14:57:45 D 141085 0 14.83 0.000 -2532 -2504 2.79
14:57:45 D 141265 0 15.11 0.000 -2532 -2504 2.79
14:57:45 D 141445 0 14.82 0.000 -2532 -2504 2.79
14:57:45 D 141630 0 13.67 0.000 -2532 -2504 2.79
14:57:45 D 141810 0 13.55 0.000 -2532 -2504 2.79
14:57:45 D 141995 0 12.74 0.000 -2532 -2504 2.79
14:57:46 D 142175 0 12.97 0.000 -2532 -2504 2.79
14:57:46 D 142355 0 13.39 0.000 -2532 -2504 2.79
14:57:46 D 142540 0 13.16 0.000 -2532 -2504 2.79
14:57:46 D 142720 0 13.21 0.000 -2532 -2504 2.79
14:57:46 D 142900 0 13.23 0.000 -2532 -2504 2.79
14:57:47 D 143085 0 13.12 0.000 -2532 -2504 2.79
14:57:47 D 143265 0 13.63 0.000 -2532 -2504 2.79
14:57:47 D 143450 0 14.11 0.000 -2532 -2504 2.79
14:57:47 D 143630 0 15.05 0.000 -2532 -2504 2.79
14:57:47 D 143810 0 14.27 0.000 -2532 -2504 2.79
14:57:47 D 143995 0 14.93 0.000 -2532 -2504 2.79
14:57:48 D 144175 0 14.95 0.000 -2532 -2504 2.79
14:57:48 D 144355 0 14.83 0.000 -2532 -2504 2.79
14:57:48 D 144540 0 14.61 0.000 -2532 -2504 2.79
14:57:48 D 144720 0 14.79 0.000 -2532 -2504 2.79
14:57:48 D 144900 0 14.88 0.000 -2532 -2504 2.79
14:57:49 D 145085 0 15.18 0.000 -2532 -2504 2.79
14:57:49 D 145265 0 15.03 0.000 -2532 -2504 2.79
14:57:49 D 145450 0 15.48 0.000 -2532 -2504 2.79
14:57:49 D 145630 0 15.32 0.000 -2532 -2504 2.79
14:57:49 D 145810 0 15.57 0.000 -2532 -2504 2.79
14:57:49 D 145995 0 15.69 0.000 -2532 -2504 2.79
14:57:50 D 146175 0 15.76 0.000 -2532 -2504 2.79
14:57:50 D 146355 0 15.79 0.000 -2532 -2504 2.79
14:57:50 D 146540 0 15.51 0.000 -2532 -2504 2.79
14:57:50 D 146720 0 15.59 0.000 -2532 -2504 2.79
14:57:50 D 146905 0 15.01 0.000 -2532 -2504 2.79
14:57:51 D 147085 0 14.93 0.000 -2532 -2504 2.79
14:57:51 D 147265 0 15.30 0.000 -2532 -2504 2.79
14:57:51 D 147450 0 15.34 0.000 -2532 -2504 2.79
14:57:51 D 147630 0 15.22 0.000 -2532 -2504 2.79
14:57:51 D 147810 0 15.10 0.000 -2532 -2504 2.79
14:57:51 D 147995 0 15.15 0.000 -2532 -2504 2.79
14:57:52 D 148175 0 15.49 0.000 -2532 -2504 2.79
14:57:52 D 148360 0 15.34 0.000 -2532 -2504 2.79
14:57:52 D 148540 0 15.12 0.000 -2532 -2504 2.79
14:57:52 D 148720 0 15.24 0.000 -2532 -2504 2.79
14:57:52 D 148905 0 15.40 0.000 -2532 -2504 2.79
14:57:53 D 149085 0 15.53 0.000 -2532 -2504 2.79
14:57:53 D 149265 0 15.48 0.000 -2532 -2504 2.79
14:57:53 D 149450 0 15.44 0.000 -2532 -2504 2.79
14:57:53 D 149630 0 15.56 0.000 -2532 -2504 2.79
14:57:53 D 149815 0 15.43 0.000 -2532 -2504 2.79
14:57:53 D 149995 0 15.53 0.000 -2532 -2504 2.79
14:57:54 D 150175 0 15.48 0.000 -2532 -2504 2.79
14:57:54 D 150360 0 15.31 0.000 -2532 -2504 2.79
14:57:54 D 150540 0 15.28 0.000 -2532 -2504 2.79
14:57:54 D 150720 0 15.19 0.000 -2532 -2504 2.79
14:57:54 D 150905 0 15.21 0.000 -2532 -2504 2.79
14:57:55 D 151085 0 14.98 0.000 -2532 -2504 2.79
14:57:55 D 151270 0 14.75 0.000 -2532 -2504 2.79
14:57:55 D 151450 0 14.32 0.000 -2532 -2504 2.79
14:57:55 D 151630 0 14.11 0.000 -2532 -2504 2.79
14:57:55 D 151815 0 13.85 0.000 -2532 -2504 2.79
14:57:55 D 151995 0 13.71 0.000 -2532 -2504 2.79
14:57:56 D 152175 0 13.72 0.000 -2532 -2504 2.79
14:57:56 D 152360 0 14.06 0.000 -2532 -2504 2.79
14:57:56 D 152540 0 14.01 0.000 -2532 -2504 2.79
14:57:56 D 152720 0 13.95 0.000 -2532 -2504 2.79
14:57:56 D 152905 0 14.02 0.000 -2532 -2504 2.79
14:57:57 D 153085 0 13.88 0.000 -2532 -2504 2.79
14:57:57 D 153270 0 13.89 0.000 -2532 -2504 2.79
14:57:57 D 153450 0 13.82 0.000 -2532 -2504 2.79
14:57:57 D 153630 0 13.49 0.000 -2532 -2504 2.79
14:57:57 D 153815 0 13.63 0.000 -2532 -2504 2.79
14:57:57 D 153995 0 13.55 0.000 -2532 -2504 2.79
14:57:58 D 154175 0 13.67 0.000 -2532 -2504 2.79
14:57:58 D 154360 0 13.79 0.000 -2532 -2504 2.79
14:57:58 D 154540 0 13.66 0.000 -2532 -2504 2.79
14:57:58 D 154725 0 13.95 0.000 -2532 -2504 2.79
14:57:58 D 154905 0 13.78 0.000 -2532 -2504 2.79
14:57:59 D 155085 0 13.79 0.000 -2532 -2504 2.79
14:57:59 D 155270 0 13.92 0.000 -2532 -2504 2.79
14:57:59 D 155450 0 14.12 0.000 -2532 -2504 2.79
14:57:59 D 155630 0 14.05 0.000 -2532 -2504 2.79
14:57:59 D 155815 0 14.12 0.000 -2532 -2504 2.79
14:57:59 D 155995 0 14.12 0.000 -2532 -2504 2.79
14:58:00 D 156180 0 14.11 0.000 -2532 -2504 2.79
14:58:00 D 156360 0 14.17 0.000 -2532 -2504 2.79
14:58:00 D 156540 0 14.15 0.000 -2532 -2504 2.79
14:58:00 D 156725 0 14.16 0.000 -2532 -2504 2.79
14:58:00 D 156905 0 14.17 0.000 -2532 -2504 2.79
14:58:01 D 157085 0 14.15 0.000 -2532 -2504 2.79
14:58:01 D 157270 0 14.09 0.000 -2532 -2504 2.79
14:58:01 D 157450 0 14.17 0.000 -2532 -2504 2.79
14:58:01 D 157635 0 14.18 0.000 -2532 -2504 2.79
14:58:01 D 157815 0 14.13 0.000 -2532 -2504 2.79
14:58:01 D 157995 0 14.11 0.000 -2532 -2504 2.79
14:58:02 D 158180 0 14.23 0.000 -2532 -2504 2.79
14:58:02 D 158360 0 14.44 0.000 -2532 -2504 2.79
14:58:02 D 158540 0 14.60 0.000 -2532 -2504 2.79
14:58:02 D 158725 0 14.74 0.000 -2532 -2504 2.79
14:58:02 D 158905 0 14.88 0.000 -2532 -2504 2.79
14:58:03 D 159090 0 14.97 0.000 -2532 -2504 2.79
14:58:03 D 159270 0 15.01 0.000 -2532 -2504 2.79
14:58:03 D 159450 0 14.92 0.000 -2532 -2504 2.79
14:58:03 D 159635 0 14.94 0.000 -2532 -2504 2.79
14:58:03 D 159815 0 14.84 0.000 -2532 -2504 2.79
14:58:03 D 160000 0 14.89 0.000 -2532 -2504 2.79
14:58:04 D 160180 0 14.77 0.000 -2532 -2504 2.79
14:58:04 D 160360 0 14.72 0.000 -2532 -2504 2.79
14:58:04 D 160545 0 14.61 0.000 -2532 -2504 2.79
14:58:04 D 160725 0 14.60 0.000 -2532 -2504 2.79
14:58:04 D 160905 0 14.57 0.000 -2532 -2504 2.79
14:58:05 D 161090 0 14.60 0.000 -2532 -2504 2.79
14:58:05 D 161270 0 14.67 0.000 -2532 -2504 2.79
14:58:05 D 161455 0 14.58 0.000 -2532 -2504 2.79
14:58:05 D 161635 0 14.69 0.000 -2532 -2504 2.79
14:58:05 D 161815 0 14.77 0.000 -2532 -2504 2.79
14:58:05 D 162000 0 14.86 0.000 -2532 -2504 2.79
14:58:06 D 162180 0 14.93 0.000 -2532 -2504 2.79
14:58:06 D 162360 0 14.78 0.000 -2532 -2504 2.79
14:58:06 D 162545 0 14.90 0.000 -2532 -2504 2.79
14:58:06 D 162725 0 14.69 0.000 -2532 -2504 2.79
14:58:06 D 162910 0 14.36 0.000 -2532 -2504 2.79
14:58:07 D 163090 0 14.43 0.000 -2532 -2504 2.79
14:58:07 D 163270 0 14.55 0.000 -2532 -2504 2.79
14:58:07 D 163455 0 14.46 0.000 -2532 -2504 2.79
14:58:07 D 163635 0 14.43 0.000 -2532 -2504 2.79
14:58:07 D 163815 0 14.34 0.000 -2532 -2504 2.79
14:58:07 D 164000 0 14.31 0.000 -2532 -2504 2.79
14:58:08 D 164180 0 14.46 0.000 -2532 -2504 2.79
14:58:08 D 164360 0 15.19 0.000 -2532 -2504 2.79
14:58:08 D 164545 0 15.31 0.000 -2532 -2504 2.79
14:58:08 D 164725 0 15.45 0.000 -2532 -2504 2.79
14:58:08 D 164910 0 15.32 0.000 -2532 -2504 2.79
14:58:09 D 165090 0 15.24 0.000 -2532 -2504 2.79
14:58:09 D 165270 0 15.37 0.000 -2532 -2504 2.79
14:58:09 D 165455 0 15.33 0.000 -2532 -2504 2.79
14:58:09 D 165635 0 15.49 0.000 -2532 -2504 2.79
14:58:09 D 165815 0 15.37 0.000 -2532 -2504 2.79
14:58:09 D 166000 0 15.37 0.000 -2532 -2504 2.79
14:58:10 D 166180 0 15.52 0.000 -2532 -2504 2.79
14:58:10 D 166365 0 15.26 0.000 -2532 -2504 2.79
14:58:10 D 166545 0 15.23 0.000 -2532 -2504 2.79
14:58:10 D 166725 0 15.10 0.000 -2532 -2504 2.79
14:58:10 D 166910 0 15.22 0.000 -2532 -2504 2.79
14:58:11 D 167090 0 15.24 0.000 -2532 -2504 2.79
14:58:11 D 167270 0 15.22 0.000 -2532 -2504 2.79
14:58:11 D 167455 0 15.47 0.000 -2532 -2504 2.79
14:58:11 D 167635 0 15.24 0.000 -2532 -2504 2.79
14:58:11 D 167820 0 15.16 0.000 -2532 -2504 2.79
14:58:11 D 168000 0 15.27 0.000 -2532 -2504 2.79
14:58:12 D 168180 0 15.38 0.000 -2532 -2504 2.79
14:58:12 D 168365 0 15.45 0.000 -2532 -2504 2.79
14:58:12 D 168545 0 15.35 0.000 -2532 -2504 2.79
14:58:12 D 168725 0 15.46 0.000 -2532 -2504 2.79
14:58:12 D 168910 0 15.38 0.000 -2532 -2504 2.79
14:58:13 D 169090 0 15.42 0.000 -2532 -2504 2.79
14:58:13 D 169275 0 15.46 0.000 -2532 -2504 2.79
14:58:13 D 169455 0 15.38 0.000 -2532 -2504 2.79
14:58:13 D 169635 0 15.56 0.000 -2532 -2504 2.79
14:58:13 D 169820 0 15.53 0.000 -2532 -2504 2.79
14:58:13 D 170000 0 15.59 0.000 -2532 -2504 2.79
14:58:14 D 170185 0 15.63 0.000 -2532 -2504 2.79
14:58:14 D 170365 0 15.82 0.000 -2532 -2504 2.79
14:58:14 D 170545 0 15.87 0.000 -2532 -2504 2.79
14:58:14 D 170730 0 15.95 0.000 -2532 -2504 2.79
14:58:14 D 170910 0 15.79 0.000 -2532 -2504 2.79
14:58:15 D 171090 0 15.86 0.000 -2532 -2504 2.79
14:58:15 D 171275 0 15.90 0.000 -2532 -2504 2.79
14:58:15 D 171455 0 15.85 0.000 -2532 -2504 2.79
14:58:15 D 171635 0 15.89 0.000 -2532 -2504 2.79
14:58:15 D 171820 0 15.83 0.000 -2532 -2504 2.79
14:58:15 D 172000 0 15.80 0.000 -2532 -2504 2.79
14:58:16 D 172185 0 15.65 0.000 -2532 -2504 2.79
14:58:16 D 172365 0 15.43 0.000 -2532 -2504 2.79
14:58:16 D 172545 0 15.52 0.000 -2532 -2504 2.79
14:58:16 D 172730 0 15.38 0.000 -2532 -2504 2.79
14:58:16 D 172910 0 15.46 0.000 -2532 -2504 2.79
14:58:17 D 173090 0 15.48 0.000 -2532 -2504 2.79
14:58:17 D 173275 0 15.60 0.000 -2532 -2504 2.79
14:58:17 D 173455 0 15.57 0.000 -2532 -2504 2.79
14:58:17 D 173640 0 15.42 0.000 -2532 -2504 2.79
14:58:17 D 173820 0 15.62 0.000 -2532 -2504 2.79
14:58:17 D 174000 0 15.64 0.000 -2532 -2504 2.79
14:58:18 D 174185 0 15.73 0.000 -2532 -2504 2.79
14:58:18 D 174365 0 15.78 0.000 -2532 -2504 2.79
14:58:18 D 174545 0 15.71 0.000 -2532 -2504 2.79
14:58:18 D 174730 0 15.73 0.000 -2532 -2504 2.79
14:58:18 D 174910 0 15.76 0.000 -2532 -2504 2.79
14:58:19 D 175090 0 15.73 0.000 -2532 -2504 2.79
14:58:19 D 175275 0 15.58 0.000 -2532 -2504 2.79
14:58:19 D 175455 0 15.55 0.000 -2532 -2504 2.79
14:58:19 D 175640 0 16.04 0.000 -2532 -2504 2.79
14:58:19 D 175820 0 16.59 0.000 -2532 -2504 2.79
14:58:19 D 176000 0 16.98 0.000 -2532 -2504 2.79
14:58:20 D 176185 0 17.12 0.000 -2532 -2504 2.79
14:58:20 D 176365 0 17.06 0.000 -2532 -2504 2.79
14:58:20 D 176545 0 17.00 0.000 -2532 -2504 2.79
14:58:20 D 176730 0 16.94 0.000 -2532 -2504 2.79
14:58:20 D 176910 0 16.54 0.000 -2532 -2504 2.79
14:58:21 D 177095 0 16.52 0.000 -2532 -2504 2.79
14:58:21 D 177275 0 17.04 0.000 -2532 -2504 2.79
14:58:21 D 177455 0 17.05 0.000 -2532 -2504 2.79
14:58:21 D 177640 0 17.33 0.000 -2532 -2504 2.79
14:58:21 D 177820 0 17.25 0.000 -2532 -2504 2.79
14:58:21 D 178000 0 17.00 0.000 -2532 -2504 2.79
14:58:22 D 178185 0 17.02 0.000 -2532 -2504 2.79
14:58:22 D 178365 0 17.28 0.000 -2532 -2504 2.79
14:58:22 D 178550 0 17.06 0.000 -2532 -2504 2.79
14:58:22 D 178730 0 17.22 0.000 -2532 -2504 2.79
14:58:22 D 178910 0 17.08 0.000 -2532 -2504 2.79
14:58:23 D 179095 0 17.02 0.000 -2532 -2504 2.79
14:58:23 D 179275 0 17.05 0.000 -2532 -2504 2.79
14:58:23 D 179455 0 17.25 0.000 -2532 -2504 2.79
14:58:23 D 179640 0 17.26 0.000 -2532 -2504 2.79
14:58:23 D 179820 0 17.25 0.000 -2532 -2504 2.79
14:58:23 D 180005 0 17.68 0.000 -2532 -2504 2.79
14:58:24 D 180185 0 17.64 0.000 -2532 -2504 2.79
14:58:24 D 180365 0 17.81 0.000 -2532 -2504 2.79
14:58:24 D 180550 0 17.92 0.000 -2532 -2504 2.79
14:58:24 D 180730 0 16.43 0.000 -2532 -2504 2.79
14:58:24 D 180910 0 15.51 0.000 -2532 -2504 2.79
14:58:25 D 181095 0 8.51 0.000 -2532 -2504 2.79
14:58:25 D 181275 0 2.00 0.000 -2532 -2504 2.79
14:58:25 D 181460 0 0.53 0.000 -2532 -2504 2.79
14:58:25 D 181640 0 -0.81 0.000 -2532 -2504 2.79
14:58:25 D 181820 0 -1.53 0.000 -2532 -2504 2.79
14:58:25 D 182005 0 6.58 0.000 -2532 -2504 2.79
14:58:26 D 182185 0 17.35 0.000 -2532 -2504 2.79
14:58:26 D 182370 0 24.19 0.000 -2532 -2504 2.79
14:58:26 D 182550 0 26.52 0.000 -2532 -2504 2.79
14:58:26 D 182735 0 33.79 0.000 -2532 -2504 2.79
14:58:26 D 182920 0 39.38 0.000 -2532 -2504 2.79
14:58:27 D 183105 0 45.61 0.000 -2532 -2504 2.79
14:58:27 D 183290 0 49.05 0.000 -2532 -2504 2.79
14:58:27 D 183475 0 52.86 0.000 -2532 -2504 2.79
14:58:27 D 183660 0 55.04 0.000 -2532 -2504 2.79
14:58:27 D 183845 0 55.10 0.000 -2532 -2504 2.79
14:58:28 D 184035 0 54.91 0.000 -2532 -2504 2.79
14:58:28 D 184220 0 45.31 0.000 -2532 -2504 2.79
14:58:28 D 184405 0 29.58 0.000 -2532 -2504 2.79
14:58:28 D 184585 0 18.24 0.000 -2532 -2504 2.79
14:58:28 D 184770 0 12.87 0.000 -2532 -2504 2.79
14:58:28 D 184950 0 6.65 0.000 -2532 -2504 2.79
14:58:29 D 185130 0 4.38 0.000 -2532 -2504 2.79
14:58:29 D 185310 0 4.78 0.000 -2532 -2504 2.79
14:58:29 D 185495 0 3.56 0.000 -2532 -2504 2.79
14:58:29 D 185675 0 1.99 0.000 -2532 -2504 2.79
14:58:29 D 185855 0 0.62 0.000 -2532 -2504 2.79
14:58:30 D 186235 2 0.82 0.909 2800 2800 2.79
14:58:30 D 186685 0 1.07 0.000 2445 2483 2.79
14:58:30 R 685 3 1.1
14:58:30 E 0 77 -113 190 2800 2788
14:58:30 E 1 77 14 239 2800 2800
14:58:30 E 2 75 239 292 2800 2800
14:58:30 E 3 76 440 341 2800 2800
14:58:30 E 4 81 416 381 2800 2800
14:58:30 E 5 83 258 420 2800 2800
14:58:30 E 6 86 154 459 2800 2800
14:58:30 E 7 90 50 494 2800 2800
14:58:30 E 8 90 -156 529 2800 2800
14:58:30 E 9 89 -150 565 2800 2800
14:58:30 E 10 90 -199 592 2800 2800
14:58:30 E 11 89 -272 612 2800 2800
14:58:30 E 12 87 -254 640 2800 2800
14:58:30 E 13 86 -180 660 2800 2800
14:58:30 E 14 83 -119 680 2800 2800
14:58:30 E 15 82 2 709 2800 2800
14:58:30 E 16 81 117 726 2800 2800
14:58:30 E 17 81 221 746 2800 2800
14:58:30 E 18 82 306 763 2800 2800
14:58:30 E 19 85 349 779 2800 2800
14:58:30 E 20 87 282 794 2800 2800
14:58:30 E 21 90 227 810 2800 2800
14:58:30 E 22 93 111 817 2800 2800
14:58:30 E 23 94 -65 832 2800 2800
14:58:30 E 24 95 -168 836 2800 2800
14:58:30 E 25 95 -266 843 2800 2800
14:58:30 E 26 94 -333 863 2800 2800
14:58:30 E 27 92 -333 866 2800 2800
14:58:30 E 28 91 -284 887 2800 2800
14:58:30 E 29 87 -266 891 2800 2800
14:58:30 E 30 86 -144 896 2800 2800
14:58:30 E 31 84 -119 908 2800 2800
14:58:30 E 32 82 -16 908 2800 2800
14:58:30 E 33 81 111 921 2800 2800
14:58:30 E 34 82 191 921 2800 2800
14:58:30 E 35 83 197 925 2800 2800
14:58:30 E 36 83 166 929 2800 2800
14:58:30 E 37 85 215 933 2800 2800
14:58:30 E 38 87 221 941 2800 2800
14:58:30 E 39 90 130 945 2800 2800
14:58:30 E 40 92 -65 948 2800 2800
14:58:30 E 41 93 -223 951 2800 2800
14:58:30 E 42 93 -382 954 2800 2800
14:58:30 E 43 92 -522 953 2800 2800
14:58:30 E 44 88 -638 960 2800 2800
14:58:30 E 45 84 -699 964 2800 2800
14:58:30 E 46 80 -711 964 2800 2800
14:58:30 E 47 74 -711 972 2800 2800
14:58:30 E 48 67 -546 973 2800 2800
14:58:30 E 49 63 -302 974 2800 2800
14:58:30 E 50 59 -101 980 2800 2800
14:58:30 E 51 56 136 985 2800 2800
14:58:30 E 52 55 325 986 2800 2800
14:58:30 E 53 56 489 995 2800 2800
14:58:30 E 54 58 538 995 2800 2800
14:58:30 E 55 61 538 995 2800 2800
14:58:30 E 56 66 514 1003 2800 2800
14:58:30 E 57 70 337 1002 2800 2800
14:58:30 E 58 73 99 1001 2800 2800
14:58:30 E 59 74 -46 1004 2800 2800
14:58:30 E 60 75 -138 1007 2800 2800
14:58:30 E 61 76 -278 1006 2800 2800
14:58:30 E 62 74 -388 1010 2800 2800
14:58:30 E 63 71 -400 1014 2800 2800
14:58:30 E 64 69 -357 1010 2800 2800
14:58:30 E 65 67 -351 1014 2800 2800
14:58:30 E 66 64 -369 1018 2800 2800
14:58:30 E 67 61 -314 1018 2800 2800
14:58:30 E 68 58 -193 1023 2800 2800
14:58:30 E 69 55 -28 1028 2799 2800
14:58:30 E 70 53 221 1037 2800 2800
14:58:30 E 71 55 373 1042 2800 2800
14:58:30 E 72 57 373 1038 2795 2800
14:58:30 E 73 60 422 1034 2787 2800
14:58:30 E 74 62 373 1034 2788 2792
14:58:30 E 75 66 276 1034 2782 2780
14:58:30 E 76 67 75 1040 2761 2768
14:58:30 E 77 67 -40 1040 2749 2754
14:58:30 E 78 67 -89 1039 2736 2746
14:58:30 E 79 67 -186 1035 2716 2736
14:58:30 E 80 63 -327 1038 2696 2729
14:58:30 E 81 59 -193 1035 2691 2733
14:58:30 E 82 57 44 1040 2691 2737
14:58:30 E 83 56 197 1045 2674 2735
14:58:30 E 84 54 306 1038 2659 2731
14:58:30 E 85 55 422 1046 2646 2729
14:58:30 E 86 56 483 1043 2626 2716
14:58:30 E 87 57 538 1043 2612 2700
14:58:30 E 88 59 599 1043 2599 2688
14:58:30 E 89 62 654 1040 2590 2677
14:58:30 E 90 66 623 1036 2577 2663
14:58:30 E 91 69 611 1028 2562 2648
14:58:30 E 92 73 599 1031 2563 2646
14:58:30 E 93 76 520 1031 2564 2643
14:58:30 E 94 79 483 1027 2567 2641
14:58:30 E 95 81 453 1027 2570 2641
14:58:30 E 96 84 459 1023 2574 2641
14:58:30 E 97 86 447 1015 2571 2639
14:58:30 E 98 89 410 1018 2574 2638
14:58:30 E 99 92 361 1014 2579 2634
14:58:30 E 100 95 288 1006 2578 2627
14:58:30 E 101 97 197 1005 2571 2616
14:58:30 E 102 99 184 1001 2573 2606
14:58:30 E 103 102 148 997 2564 2593
14:58:30 E 104 103 2 1000 2552 2578
14:58:30 E 105 103 -4 1000 2547 2566
14:58:30 E 106 103 32 992 2544 2554
14:58:30 E 107 104 50 992 2535 2549
14:58:31 E 108 104 44 988 2521 2539
14:58:31 E 109 105 50 980 2515 2530
14:58:31 E 110 104 50 980 2510 2524
14:58:31 E 111 103 56 976 2499 2520
14:58:31 E 112 102 117 973 2490 2513
14:58:31 E 113 102 172 973 2489 2509
14:58:31 E 114 102 184 969 2485 2506
14:58:31 E 115 102 191 965 2473 2499
14:58:31 E 116 103 233 965 2471 2498
14:58:31 E 117 105 233 961 2475 2499
14:58:31 E 118 107 136 957 2455 2491
14:58:31 E 119 108 -28 952 2445 2483
14:58:31 R end
14:58:31 T 4448 1682 2774 2530 5170 0 137
14:58:31 D 187120 0 0.83 0.000 2445 2483 2.79
14:58:31 D 187220 0 0.80 0.000 2445 2483 2.79
14:58:31 D 187405 0 0.54 0.000 2445 2483 2.79
14:58:31 D 187505 0 0.56 0.000 2445 2483 2.79
14:58:31 D 187760 2 0.92 0.654 2800 2800 2.79
14:58:32 D 188265 2 13.74 1.080 2800 2800 2.79
14:58:32 D 188395 0 21.71 0.000 2800 2800 2.79
14:58:32 R 630 3 15.7
14:58:32 E 0 88 386 225 2800 2800
14:58:32 E 1 90 81 271 2800 2800
14:58:32 E 2 91 -28 326 2800 2800
14:58:32 E 3 91 -34 370 2800 2800
14:58:32 E 4 90 32 414 2800 2800
14:58:32 E 5 89 32 458 2800 2800
14:58:32 E 6 90 99 494 2800 2800
14:58:32 E 7 91 117 530 2800 2800
14:58:32 E 8 90 81 566 2800 2800
14:58:32 E 9 91 136 594 2800 2800
14:58:32 E 10 91 75 626 2800 2800
14:58:32 E 11 91 38 653 2800 2800
14:58:32 E 12 91 -28 673 2800 2800
14:58:32 E 13 92 -101 696 2800 2800
14:58:32 E 14 92 -199 712 2800 2800
14:58:32 E 15 90 -247 731 2800 2800
14:58:32 E 16 88 -254 751 2800 2800
14:58:32 E 17 86 -266 763 2800 2800
14:58:32 E 18 84 -254 787 2800 2800
14:58:32 E 19 83 -193 800 2800 2800
14:58:32 E 20 81 -119 812 2800 2800
14:58:32 E 21 80 -83 832 2800 2800
14:58:32 E 22 79 -46 836 2800 2800
14:58:32 E 23 80 -16 852 2800 2800
14:58:32 E 24 79 -34 868 2800 2800
14:58:32 E 25 80 8 873 2800 2800
14:58:32 E 26 81 -58 888 2800 2800
14:58:32 E 27 80 -126 896 2800 2800
14:58:32 E 28 80 -180 895 2800 2800
14:58:32 E 29 79 -266 911 2800 2800
14:58:32 E 30 77 -351 910 2800 2800
14:58:32 E 31 76 -400 914 2800 2800
14:58:32 E 32 72 -412 926 2800 2800
14:58:32 E 33 68 -321 926 2800 2800
14:58:32 E 34 66 -205 935 2800 2800
14:58:32 E 35 64 -162 943 2800 2800
14:58:32 E 36 62 -83 940 2800 2800
14:58:32 E 37 60 2 952 2800 2800
14:58:32 E 38 59 93 957 2800 2800
14:58:32 E 39 60 148 957 2800 2800
14:58:32 E 40 61 111 969 2800 2800
14:58:32 E 41 61 99 969 2800 2800
14:58:32 E 42 62 154 973 2800 2800
14:58:32 E 43 63 148 977 2800 2800
14:58:32 E 44 62 142 981 2800 2800
14:58:32 E 45 62 148 977 2800 2800
14:58:32 E 46 64 172 985 2800 2800
14:58:32 E 47 64 148 989 2800 2800
14:58:32 E 48 63 184 993 2800 2800
14:58:32 E 49 62 300 998 2800 2800
14:58:32 E 50 62 483 1011 2800 2800
14:58:32 E 51 65 569 1003 2800 2800
14:58:32 E 52 67 556 1003 2800 2800
14:58:32 E 53 70 629 1012 2800 2800
14:58:32 E 54 73 629 1000 2800 2800
14:58:32 E 55 75 648 1012 2800 2800
14:58:32 E 56 76 782 1017 2800 2800
14:58:32 E 57 80 989 1018 2800 2800
14:58:32 E 58 84 1123 1023 2800 2800
14:58:32 E 59 88 1245 1027 2800 2800
14:58:32 E 60 94 1434 1028 2800 2800
14:58:32 E 61 101 1605 1029 2800 2800
14:58:32 E 62 107 1672 1034 2800 2800
14:58:32 E 63 113 1806 1042 2800 2800
14:58:32 E 64 118 2074 1044 2800 2800
14:58:32 E 65 126 2452 1050 2800 2800
14:58:32 E 66 134 2897 1053 2800 2800
14:58:32 E 67 143 3470 1052 2800 2800
14:58:32 E 68 158 4092 1060 2800 2800
14:58:32 E 69 178 4580 1066 2800 2800
14:58:32 E 70 203 4885 1072 2800 2800
14:58:32 E 71 232 4873 1068 2800 2800
14:58:32 E 72 260 4684 1070 2800 2800
14:58:32 E 73 288 4397 1068 2800 2800
14:58:32 E 74 315 4044 1062 2800 2800
14:58:32 E 75 341 3629 1067 2800 2800
14:58:32 E 76 363 3135 1064 2800 2800
14:58:32 E 77 381 2769 1062 2800 2800
14:58:32 E 78 397 2538 1064 2800 2800
14:58:32 E 79 410 2404 1063 2786 2800
14:58:32 E 80 421 2410 1063 2765 2800
14:58:32 E 81 431 2647 1068 2761 2800
14:58:32 E 82 443 3032 1070 2756 2800
14:58:32 E 83 457 3470 1073 2756 2800
14:58:32 E 84 473 3909 1075 2761 2800
14:58:32 E 85 491 4348 1077 2771 2800
14:58:32 E 86 512 4769 1079 2780 2800
14:58:32 E 87 535 5226 1086 2800 2800
14:58:32 E 88 562 5708 1088 2800 2800
14:58:32 E 89 592 6086 1090 2800 2800
14:58:32 E 90 625 6366 1091 2800 2800
14:58:32 E 91 659 6385 1086 2800 2800
14:58:32 E 92 696 6372 1085 2800 2800
14:58:32 E 93 733 6269 1088 2800 2800
14:58:32 E 94 769 6074 1082 2800 2800
14:58:32 E 95 805 5799 1083 2800 2800
14:58:32 E 96 839 5434 1084 2800 2800
14:58:32 E 97 870 5013 1077 2800 2800
14:58:32 E 98 897 4714 1082 2800 2800
14:58:32 E 99 922 4537 1076 2800 2800
14:58:32 E 100 942 4452 1075 2800 2800
14:58:32 E 101 962 4684 1076 2800 2800
14:58:32 E 102 981 5178 1078 2800 2800
14:58:32 E 103 1004 5842 1081 2800 2800
14:58:32 E 104 1029 6519 1088 2800 2800
14:58:32 E 105 1058 7238 1091 2800 2800
14:58:32 E 106 1095 8006 1094 2800 2800
14:58:32 E 107 1139 8494 1099 2800 2800
14:58:32 E 108 1189 8604 1090 2800 2800
14:58:32 E 109 1239 8226 1090 2800 2800
14:58:32 E 110 1287 7567 1088 2800 2800
14:58:32 E 111 1333 6842 1094 2800 2800
14:58:32 E 112 1373 6129 1080 2800 2800
14:58:32 E 113 1408 5488 1071 2800 2800
14:58:32 E 114 1440 4946 1058 2800 2800
14:58:32 E 115 1467 4568 1051 2800 2800
14:58:32 E 116 1491 4397 1061 2800 2800
14:58:32 E 117 1511 4367 1059 2800 2800
14:58:32 E 118 1529 4501 1067 2800 2800
14:58:32 E 119 1549 4928 1061 2800 2800
14:58:32 R end
14:58:32 T 4434 1681 2756 2504 5191 0 126
14:58:32 D 188850 0 21.14 0.000 2800 2800 2.79
14:58:33 D 189040 0 20.88 0.000 2800 2800 2.79
14:58:33 D 189230 0 21.40 0.000 2800 2800 2.79
14:58:33 D 189330 0 21.99 0.000 2800 2800 2.79
14:58:33 D 189520 0 20.99 0.000 2800 2800 2.79
14:58:33 D 189705 0 18.60 0.000 2800 2800 2.79
14:58:33 D 189890 0 17.01 0.000 2800 2800 2.79
14:58:34 D 190075 0 15.21 0.000 2800 2800 2.79
14:58:34 D 190255 0 14.32 0.000 2800 2800 2.79
14:58:34 D 190440 0 13.71 0.000 2800 2800 2.79
14:58:34 D 190620 0 13.27 0.000 2800 2800 2.79
14:58:34 D 190800 0 13.47 0.000 2800 2800 2.79
14:58:34 D 190985 0 12.57 0.000 2800 2800 2.79
14:58:35 D 191165 0 11.84 0.000 2800 2800 2.79
14:58:35 D 191350 0 11.64 0.000 2800 2800 2.79
14:58:35 D 191530 0 10.88 0.000 2800 2800 2.79
14:58:36 mpu_set_sensor complete ......
14:58:36 mpu_set_sensor complete ......
14:58:36 mpu_configure_fifo complete ......
14:58:36 mpu_set_sample_rate complete ......
14:58:36 dmp_load_motion_driver_firmware complete ......
14:58:36 dmp_set_orientation complete ......
14:58:36 dmp_enable_feature complete ......
14:58:36 dmp_set_fifo_rate complete ......
14:58:37 mpu_set_dmp_state complete ......
15:05:01 mpu_set_sensor complete ......
15:05:02 mpu_set_sensor complete ......
15:05:02 mpu_configure_fifo complete ......
15:05:02 mpu_set_sample_rate complete ......
15:05:02 mpu_set_sensor complete ......
15:05:03 mpu_set_sensor complete ......
15:05:03 mpu_configure_fifo complete ......
15:05:03 mpu_set_sample_rate complete ......
15:05:03 dmp_load_motion_driver_firmware complete ......
15:05:03 dmp_set_orientation complete ......
15:05:03 dmp_enable_feature complete ......
15:05:03 dmp_set_fifo_rate complete ......
15:05:04 mpu_set_dmp_state complete ......
15:05:06 mode 28 RL
15:05:06 D 175 1 9.66 0.000 0 0 0.00
15:05:06 D 355 1 11.77 0.000 0 0 0.00
15:05:06 D 535 1 11.02 0.000 0 0 0.00
15:05:06 D 720 1 10.42 0.000 0 0 0.00
15:05:07 D 900 1 8.72 0.000 0 0 0.00
15:05:07 D 1080 1 6.48 0.000 0 0 0.00
15:05:07 D 1260 1 6.01 0.000 0 0 0.00
15:05:07 D 1440 1 6.08 0.000 0 0 0.00
15:05:07 D 1620 1 6.54 0.000 0 0 0.00
15:05:07 D 1805 1 5.99 0.000 0 0 0.00
15:05:08 D 1985 1 5.81 0.000 0 0 0.00
15:05:08 D 2165 1 5.79 0.000 0 0 0.00
15:05:08 D 2345 1 5.79 0.000 0 0 0.00
15:05:08 D 2525 1 7.39 0.000 0 0 0.00
15:05:08 D 2705 1 7.52 0.000 0 0 0.00
15:05:09 D 2885 1 6.91 0.000 0 0 0.00
15:05:09 D 3070 1 8.75 0.000 0 0 0.00
15:05:09 D 3250 1 8.43 0.000 0 0 0.00
15:05:09 D 3430 1 7.91 0.000 0 0 0.00
15:05:09 D 3610 1 7.42 0.000 0 0 0.00
15:05:09 D 3790 1 6.73 0.000 0 0 0.00
15:05:10 D 3975 1 6.93 0.000 0 0 0.00
15:05:10 D 4155 1 6.37 0.000 0 0 0.00
15:05:10 D 4335 1 6.12 0.000 0 0 0.00
15:05:10 D 4515 1 5.49 0.000 0 0 0.00
15:05:10 D 4695 1 5.39 0.000 0 0 0.00
15:05:11 D 4875 1 5.00 0.000 0 0 0.00
15:05:11 D 5060 1 4.40 0.000 0 0 0.00
15:05:11 D 5240 1 2.08 0.000 0 0 0.00
15:05:11 D 5420 1 2.77 0.000 0 0 0.00
15:05:11 D 5600 1 3.31 0.000 0 0 0.00
15:05:11 D 5780 1 3.65 0.000 0 0 0.00
15:05:12 D 5960 1 3.79 0.000 0 0 0.00
15:05:12 D 6140 1 3.78 0.000 0 0 0.00
15:05:12 D 6325 1 3.78 0.000 0 0 0.00
15:05:12 D 6505 1 3.85 0.000 0 0 0.00
15:05:12 D 6685 1 4.18 0.000 0 0 0.00
15:05:13 D 6865 1 4.49 0.000 0 0 0.00
15:05:13 D 7045 1 4.55 0.000 0 0 0.00
15:05:13 D 7225 1 4.58 0.000 0 0 0.00
15:05:13 D 7410 1 4.46 0.000 0 0 0.00
15:05:13 D 7590 1 4.38 0.000 0 0 0.00
15:05:13 D 7770 1 4.37 0.000 0 0 0.00
15:05:14 D 7950 1 4.41 0.000 0 0 0.00
15:05:14 D 8130 1 4.34 0.000 0 0 0.00
15:05:14 D 8315 1 4.36 0.000 0 0 0.00
15:05:14 D 8495 1 4.45 0.000 0 0 0.00
15:05:14 D 8675 1 4.56 0.000 0 0 0.00
15:05:15 D 8860 1 4.56 0.000 0 0 0.00
15:05:15 D 9040 1 4.78 0.000 0 0 0.00
15:05:15 D 9225 1 4.69 0.000 0 0 0.00
15:05:15 D 9405 1 4.65 0.000 0 0 0.00
15:05:15 D 9585 1 4.57 0.000 0 0 0.00
15:05:15 D 9770 1 4.49 0.000 0 0 0.00
15:05:16 D 9950 1 4.49 0.000 0 0 0.00
15:05:16 D 10135 1 4.53 0.000 0 0 0.00
15:05:16 cal done: pitch zero 3.39 roll zero -1.66 bias -0.0419 0.0131 -0.0027
15:05:16 D 10320 0 -0.15 0.000 0 0 3.39
15:05:16 D 10420 0 -0.08 0.000 0 0 3.39
15:05:16 D 10520 0 -0.02 0.000 0 0 3.39
15:05:16 D 10620 0 -0.08 0.000 0 0 3.39
15:05:16 D 10720 0 -0.04 0.000 0 0 3.39
15:05:16 D 10820 0 -0.13 0.000 0 0 3.39
15:05:17 D 10920 0 0.33 0.000 0 0 3.39
15:05:17 D 11020 0 -1.00 0.000 0 0 3.39
15:05:17 D 11120 0 -1.79 0.000 0 0 3.39
15:05:17 D 11220 0 -2.10 0.000 0 0 3.39
15:05:17 D 11320 0 2.87 0.000 0 0 3.39
15:05:17 D 11420 0 11.59 0.000 0 0 3.39
15:05:17 D 11520 0 11.41 0.000 0 0 3.39
15:05:17 D 11620 0 10.38 0.000 0 0 3.39
15:05:17 D 11720 0 9.53 0.000 0 0 3.39
15:05:17 D 11820 0 11.56 0.000 0 0 3.39
15:05:18 D 11920 0 17.68 0.000 0 0 3.39
15:05:18 D 12020 0 44.58 0.000 0 0 3.39
15:05:18 D 12120 0 25.11 0.000 0 0 3.39
15:05:18 D 12220 0 19.75 0.000 0 0 3.39
15:05:18 D 12320 0 14.33 0.000 0 0 3.39
15:05:18 D 12420 0 8.03 0.000 0 0 3.39
15:05:18 D 12520 0 5.35 0.000 0 0 3.39
15:05:18 D 12620 0 4.64 0.000 0 0 3.39
15:05:18 D 12720 0 2.84 0.000 0 0 3.39
15:05:18 D 12820 0 1.22 0.000 0 0 3.39
15:05:19 D 12920 0 -0.06 0.000 0 0 3.39
15:05:19 D 13020 0 -0.02 0.000 0 0 3.39
15:05:19 D 13120 0 -0.21 0.000 0 0 3.39
15:05:19 D 13220 0 0.65 0.000 0 0 3.39
15:05:19 D 13320 0 0.61 0.000 0 0 3.39
15:05:19 D 13420 0 -0.21 0.000 0 0 3.39
15:05:19 D 13520 0 0.70 0.000 0 0 3.39
15:05:19 D 13620 0 1.51 0.000 0 0 3.39
15:05:19 D 13790 0 2.90 0.000 0 0 3.39
15:05:20 D 13970 0 1.05 0.000 0 0 3.39
15:05:20 D 14150 0 1.95 0.000 0 0 3.39
15:05:20 D 14335 0 1.11 0.000 0 0 3.39
15:05:20 D 14515 0 0.21 0.000 0 0 3.39
15:05:20 D 14695 0 0.31 0.000 0 0 3.39
15:05:21 D 15170 2 -2.87 -0.052 -1555 -2155 3.39
15:05:21 D 15690 2 0.37 -0.100 2622 1843 3.39
15:05:22 D 16210 2 -0.73 -0.233 -1461 1427 3.39
15:05:22 D 16745 2 1.78 -0.946 -2800 -1747 3.39
15:05:23 D 16930 0 0.12 0.000 -2800 -2213 3.39
15:05:23 R 2155 3 8.0
15:05:23 E 0 36 -3757 -312 -2800 -2800
15:05:23 E 1 17 -4392 -344 -2800 -2800
15:05:23 E 2 -6 -4721 -382 -2800 -2800
15:05:23 E 3 -32 -4763 -422 -2800 -2800
15:05:23 E 4 -58 -4617 -461 -2800 -2800
15:05:23 E 5 -84 -4233 -503 -2800 -2800
15:05:23 E 6 -107 -3629 -535 -2800 -2800
15:05:23 E 7 -127 -3026 -567 -2800 -2800
15:05:23 E 8 -142 -2319 -587 -2800 -2800
15:05:23 E 9 -152 -1636 -607 -2800 -2800
15:05:23 E 10 -160 -1136 -640 -2800 -2800
15:05:23 E 11 -163 -612 -653 -2800 -2800
15:05:23 E 12 -166 -276 -679 -2800 -2800
15:05:23 E 13 -164 82 -700 -2800 -2800
15:05:23 E 14 -162 223 -711 -2800 -2800
15:05:23 E 15 -157 320 -735 -2800 -2800
15:05:23 E 16 -156 284 -755 -2800 -2800
15:05:23 E 17 -152 296 -771 -2800 -2800
15:05:23 E 18 -149 186 -787 -2800 -2800
15:05:23 E 19 -147 52 -804 -2800 -2800
15:05:23 E 20 -147 -148 -817 -2800 -2800
15:05:23 E 21 -149 -325 -834 -2800 -2800
15:05:23 E 22 -149 -423 -843 -2800 -2800
15:05:23 E 23 -150 -654 -852 -2800 -2800
15:05:23 E 24 -152 -910 -866 -2800 -2800
15:05:23 E 25 -154 -1099 -875 -2800 -2800
15:05:23 E 26 -158 -1270 -884 -2800 -2800
15:05:23 E 27 -161 -1422 -896 -2800 -2800
15:05:23 E 28 -165 -1593 -909 -2800 -2800
15:05:23 E 29 -173 -1715 -918 -2800 -2800
15:05:23 E 30 -179 -1672 -930 -2800 -2800
15:05:23 E 31 -186 -1642 -933 -2800 -2800
15:05:23 E 32 -193 -1581 -941 -2800 -2800
15:05:23 E 33 -200 -1520 -941 -2800 -2800
15:05:23 E 34 -206 -1404 -952 -2800 -2800
15:05:23 E 35 -213 -1355 -956 -2800 -2800
15:05:23 E 36 -220 -1307 -955 -2800 -2800
15:05:23 E 37 -226 -1173 -970 -2800 -2800
15:05:23 E 38 -230 -1026 -965 -2800 -2800
15:05:23 E 39 -234 -1008 -977 -2800 -2800
15:05:23 E 40 -239 -984 -985 -2800 -2800
15:05:23 E 41 -244 -898 -981 -2800 -2800
15:05:23 E 42 -249 -770 -992 -2800 -2800
15:05:23 E 43 -254 -624 -987 -2800 -2800
15:05:23 E 44 -259 -392 -989 -2800 -2800
15:05:23 E 45 -263 -112 -996 -2800 -2800
15:05:23 E 46 -266 119 -994 -2800 -2800
15:05:23 E 47 -270 412 -1001 -2800 -2800
15:05:23 E 48 -270 832 -1002 -2800 -2800
15:05:23 E 49 -267 1229 -1000 -2800 -2800
15:05:23 E 50 -264 1533 -998 -2800 -2800
15:05:23 E 51 -258 1905 -1000 -2800 -2800
15:05:23 E 52 -249 2247 -1002 -2800 -2800
15:05:23 E 53 -240 2460 -1001 -2800 -2800
15:05:23 E 54 -231 2673 -1008 -2800 -2800
15:05:23 E 55 -219 2850 -1003 -2800 -2800
15:05:23 E 56 -207 2929 -1002 -2800 -2760
15:05:23 E 57 -194 2966 -1018 -2800 -2705
15:05:23 E 58 -181 2990 -1010 -2800 -2642
15:05:23 E 59 -167 2948 -1010 -2800 -2587
15:05:23 E 60 -154 2808 -1007 -2800 -2528
15:05:23 E 61 -142 2661 -996 -2800 -2491
15:05:23 E 62 -130 2570 -1001 -2800 -2469
15:05:23 E 63 -119 2448 -1009 -2800 -2453
15:05:23 E 64 -111 2344 -1014 -2800 -2444
15:05:23 E 65 -102 2369 -1010 -2800 -2422
15:05:23 E 66 -93 2362 -1010 -2800 -2405
15:05:23 E 67 -84 2350 -1006 -2800 -2387
15:05:23 E 68 -76 2320 -1002 -2800 -2359
15:05:23 E 69 -68 2302 -1007 -2800 -2348
15:05:23 E 70 -59 2295 -1011 -2800 -2331
15:05:23 E 71 -51 2277 -1007 -2800 -2307
15:05:23 E 72 -45 2265 -1003 -2800 -2280
15:05:23 E 73 -38 2314 -1003 -2800 -2246
15:05:23 E 74 -31 2381 -994 -2800 -2196
15:05:23 E 75 -24 2442 -994 -2800 -2155
15:05:23 E 76 -18 2521 -993 -2800 -2112
15:05:23 E 77 -11 2673 -988 -2800 -2052
15:05:23 E 78 -2 2759 -988 -2800 -2011
15:05:23 E 79 6 2789 -988 -2800 -1978
15:05:23 E 80 15 2734 -984 -2800 -1939
15:05:23 E 81 24 2704 -984 -2800 -1916
15:05:23 E 82 32 2686 -980 -2800 -1893
15:05:23 E 83 39 2698 -972 -2800 -1865
15:05:23 E 84 47 2759 -980 -2800 -1859
15:05:23 E 85 55 2826 -968 -2800 -1833
15:05:23 E 86 64 2838 -968 -2800 -1813
15:05:23 E 87 73 2844 -967 -2800 -1794
15:05:23 E 88 82 2923 -959 -2800 -1767
15:05:23 E 89 92 2978 -967 -2800 -1772
15:05:23 E 90 103 2966 -959 -2800 -1749
15:05:23 E 91 114 2911 -959 -2800 -1760
15:05:23 E 92 125 2832 -955 -2800 -1751
15:05:23 E 93 135 2680 -952 -2800 -1724
15:05:23 E 94 145 2515 -953 -2800 -1737
15:05:23 E 95 155 2369 -950 -2800 -1733
15:05:23 E 96 163 2161 -947 -2800 -1738
15:05:23 E 97 170 1960 -944 -2800 -1749
15:05:23 E 98 178 1802 -945 -2800 -1747
15:05:23 E 99 183 1582 -947 -2800 -1748
15:05:23 E 100 188 1393 -948 -2800 -1753
15:05:23 E 101 191 1168 -945 -2800 -1813
15:05:23 E 102 193 887 -943 -2800 -1804
15:05:23 E 103 194 613 -940 -2800 -1837
15:05:23 E 104 192 399 -937 -2800 -1870
15:05:23 E 105 191 229 -938 -2800 -1896
15:05:23 E 106 188 88 -939 -2800 -1971
15:05:23 E 107 185 -20 -936 -2800 -2023
15:05:23 E 108 181 -106 -936 -2800 -2060
15:05:23 E 109 178 -136 -937 -2800 -2072
15:05:23 E 110 176 -276 -930 -2800 -2082
15:05:23 E 111 170 -410 -930 -2800 -2144
15:05:23 E 112 165 -459 -927 -2800 -2169
15:05:23 E 113 159 -484 -923 -2800 -2154
15:05:23 E 114 153 -471 -931 -2800 -2198
15:05:23 E 115 148 -441 -927 -2800 -2182
15:05:23 E 116 143 -484 -923 -2800 -2196
15:05:23 E 117 138 -545 -919 -2800 -2204
15:05:23 E 118 134 -630 -924 -2800 -2220
15:05:23 E 119 128 -734 -916 -2800 -2213
15:05:23 R end
15:05:23 T 4493 1710 2835 2586 5169 0 431
15:05:23 D 17420 0 1.36 0.000 -2800 -2213 3.39
15:05:23 D 17605 0 2.73 0.000 -2800 -2213 3.39
15:05:23 D 17705 0 3.31 0.000 -2800 -2213 3.39
15:05:24 D 17895 0 3.51 0.000 -2800 -2213 3.39
15:05:24 D 18155 2 4.93 -0.648 -2800 -2800 3.39
15:05:24 D 18680 2 5.54 -0.988 -2570 -2795 3.39
15:05:25 D 18800 0 4.58 0.000 -2443 -2776 3.39
15:05:25 R 760 3 9.0
15:05:25 E 0 512 -106 -350 -2800 -2800
15:05:25 E 1 515 -252 -394 -2800 -2800
15:05:25 E 2 516 -459 -431 -2800 -2800
15:05:25 E 3 516 -679 -472 -2800 -2800
15:05:25 E 4 516 -874 -509 -2800 -2800
15:05:25 E 5 512 -1118 -542 -2800 -2800
15:05:25 E 6 507 -1197 -574 -2800 -2800
15:05:25 E 7 501 -1148 -598 -2800 -2800
15:05:25 E 8 495 -1008 -629 -2800 -2800
15:05:25 E 9 492 -813 -648 -2800 -2800
15:05:25 E 10 487 -679 -675 -2800 -2800
15:05:25 E 11 485 -349 -693 -2800 -2800
15:05:25 E 12 483 -160 -708 -2800 -2800
15:05:25 E 13 487 58 -730 -2800 -2800
15:05:25 E 14 488 119 -738 -2800 -2800
15:05:25 E 15 490 186 -761 -2800 -2800
15:05:25 E 16 492 277 -768 -2800 -2800
15:05:25 E 17 492 369 -784 -2800 -2800
15:05:25 E 18 496 540 -799 -2800 -2800
15:05:25 E 19 499 790 -809 -2800 -2800
15:05:25 E 20 504 1168 -819 -2800 -2800
15:05:25 E 21 508 1478 -829 -2800 -2800
15:05:25 E 22 514 1948 -834 -2800 -2800
15:05:25 E 23 524 2405 -843 -2800 -2800
15:05:25 E 24 535 2948 -856 -2800 -2800
15:05:25 E 25 550 3442 -852 -2800 -2800
15:05:25 E 26 566 3813 -866 -2800 -2800
15:05:25 E 27 584 4131 -868 -2800 -2800
15:05:25 E 28 605 4429 -870 -2800 -2800
15:05:25 E 29 628 4569 -876 -2800 -2800
15:05:25 E 30 650 4600 -888 -2800 -2800
15:05:25 E 31 672 4612 -887 -2800 -2800
15:05:25 E 32 692 4630 -899 -2800 -2800
15:05:25 E 33 714 4716 -906 -2800 -2800
15:05:25 E 34 739 4795 -905 -2796 -2800
15:05:25 E 35 763 4783 -916 -2796 -2800
15:05:25 E 36 788 4697 -912 -2783 -2800
15:05:25 E 37 810 4435 -921 -2792 -2800
15:05:25 E 38 831 4124 -926 -2796 -2800
15:05:25 E 39 853 3722 -940 -2800 -2800
15:05:25 E 40 872 3058 -947 -2800 -2800
15:05:25 E 41 886 2271 -959 -2800 -2800
15:05:25 E 42 896 1491 -967 -2800 -2800
15:05:25 E 43 903 741 -968 -2800 -2800
15:05:25 E 44 903 -26 -980 -2800 -2800
15:05:25 E 45 899 -581 -983 -2800 -2800
15:05:25 E 46 892 -892 -989 -2800 -2800
15:05:25 E 47 883 -1105 -995 -2800 -2800
15:05:25 E 48 873 -1221 -1000 -2800 -2800
15:05:25 E 49 860 -1191 -1004 -2800 -2800
15:05:25 E 50 849 -996 -1003 -2800 -2800
15:05:25 E 51 838 -697 -997 -2800 -2800
15:05:25 E 52 829 -337 -1011 -2800 -2800
15:05:25 E 53 822 88 -1001 -2785 -2800
15:05:25 E 54 819 497 -1007 -2766 -2800
15:05:25 E 55 819 790 -1009 -2741 -2800
15:05:25 E 56 822 887 -1000 -2725 -2800
15:05:25 E 57 827 857 -1008 -2713 -2800
15:05:25 E 58 830 564 -1006 -2708 -2800
15:05:25 E 59 830 70 -1017 -2741 -2800
15:05:25 E 60 829 -331 -1015 -2764 -2800
15:05:25 E 61 826 -740 -1014 -2794 -2800
15:05:25 E 62 819 -1191 -1020 -2800 -2800
15:05:25 E 63 813 -1447 -1022 -2800 -2800
15:05:25 E 64 806 -1636 -1023 -2793 -2800
15:05:25 E 65 794 -1849 -1029 -2778 -2800
15:05:25 E 66 780 -1916 -1034 -2759 -2800
15:05:25 E 67 768 -1733 -1029 -2738 -2800
15:05:25 E 68 757 -1465 -1031 -2704 -2800
15:05:25 E 69 748 -1252 -1034 -2658 -2792
15:05:25 E 70 741 -1020 -1029 -2614 -2783
15:05:25 E 71 736 -910 -1033 -2573 -2773
15:05:25 E 72 729 -874 -1033 -2535 -2764
15:05:25 E 73 724 -831 -1033 -2505 -2763
15:05:25 E 74 720 -801 -1028 -2481 -2750
15:05:25 E 75 715 -825 -1025 -2455 -2748
15:05:25 E 76 711 -898 -1029 -2452 -2752
15:05:25 E 77 707 -941 -1026 -2448 -2748
15:05:25 E 78 703 -1063 -1022 -2450 -2749
15:05:25 E 79 697 -1227 -1028 -2453 -2757
15:05:25 E 80 691 -1307 -1020 -2455 -2757
15:05:25 E 81 683 -1392 -1017 -2474 -2760
15:05:25 E 82 675 -1404 -1025 -2494 -2761
15:05:25 E 83 667 -1392 -1021 -2512 -2757
15:05:25 E 84 659 -1252 -1013 -2529 -2759
15:05:25 E 85 651 -1173 -1020 -2546 -2756
15:05:25 E 86 644 -1087 -1008 -2556 -2753
15:05:25 E 87 640 -996 -1008 -2563 -2757
15:05:25 E 88 636 -1136 -1012 -2574 -2775
15:05:25 E 89 631 -1288 -1005 -2577 -2791
15:05:25 E 90 626 -1337 -1010 -2566 -2800
15:05:25 E 91 621 -1477 -1007 -2570 -2800
15:05:25 E 92 615 -1563 -1007 -2547 -2800
15:05:25 E 93 608 -1569 -1004 -2526 -2800
15:05:25 E 94 599 -1465 -1007 -2507 -2800
15:05:25 E 95 592 -1185 -1006 -2472 -2800
15:05:25 E 96 586 -776 -1003 -2452 -2800
15:05:25 E 97 584 -337 -1001 -2412 -2800
15:05:25 E 98 583 27 -995 -2386 -2800
15:05:25 E 99 584 393 -993 -2377 -2800
15:05:25 E 100 587 783 -986 -2349 -2798
15:05:25 E 101 595 1040 -985 -2346 -2790
15:05:25 E 102 604 1021 -985 -2358 -2775
15:05:25 E 103 612 783 -982 -2378 -2758
15:05:25 E 104 619 448 -984 -2422 -2760
15:05:25 E 105 624 -81 -983 -2465 -2752
15:05:25 E 106 627 -654 -986 -2515 -2766
15:05:25 E 107 628 -1240 -985 -2552 -2775
15:05:25 E 108 624 -1849 -981 -2581 -2782
15:05:25 E 109 619 -2270 -984 -2609 -2800
15:05:25 E 110 611 -2672 -982 -2614 -2800
15:05:25 E 111 597 -2910 -988 -2616 -2800
15:05:25 E 112 581 -2837 -992 -2604 -2800
15:05:25 E 113 566 -2477 -1002 -2586 -2798
15:05:25 E 114 554 -2057 -988 -2570 -2795
15:05:25 E 115 545 -1703 -986 -2544 -2788
15:05:25 E 116 538 -1362 -984 -2527 -2795
15:05:25 E 117 533 -1057 -970 -2499 -2786
15:05:25 E 118 528 -782 -981 -2469 -2780
15:05:25 E 119 527 -453 -979 -2443 -2776
15:05:25 R end
15:05:25 T 4455 1682 2781 2530 5166 0 152
15:05:25 mpu_set_sensor complete ......
15:05:26 mpu_set_sensor complete ......
15:05:26 mpu_configure_fifo complete ......
15:05:26 mpu_set_sample_rate complete ......
15:05:26 dmp_load_motion_driver_firmware complete ......
15:05:26 dmp_set_orientation complete ......
15:05:26 dmp_enable_feature complete ......
15:05:26 dmp_set_fifo_rate complete ......
15:05:27 mpu_set_dmp_state complete ......
15:07:14 mpu_set_dmp_state complete ......
15:07:18 mode 28 RL
15:07:18 D 175 1 -0.86 0.000 0 0 0.00
15:07:18 D 355 1 0.27 0.000 0 0 0.00
15:07:19 D 535 1 1.19 0.000 0 0 0.00
15:07:19 D 720 1 2.24 0.000 0 0 0.00
15:07:19 D 900 1 2.24 0.000 0 0 0.00
15:07:19 D 1080 1 2.24 0.000 0 0 0.00
15:07:19 D 1265 1 2.30 0.000 0 0 0.00
15:07:19 D 1445 1 2.32 0.000 0 0 0.00
15:07:20 D 1625 1 2.70 0.000 0 0 0.00
15:07:20 D 1810 1 2.63 0.000 0 0 0.00
15:07:20 D 1990 1 2.75 0.000 0 0 0.00
15:07:20 D 2170 1 2.28 0.000 0 0 0.00
15:07:20 D 2355 1 2.25 0.000 0 0 0.00
15:07:21 D 2535 1 2.36 0.000 0 0 0.00
15:07:21 D 2715 1 2.36 0.000 0 0 0.00
15:07:21 D 2895 1 2.33 0.000 0 0 0.00
15:07:21 D 3080 1 2.33 0.000 0 0 0.00
15:07:21 D 3260 1 -44.60 0.000 0 0 0.00
15:07:21 D 3440 1 0.12 0.000 0 0 0.00
15:07:22 D 3625 1 0.84 0.000 0 0 0.00
15:07:22 D 3805 1 -51.89 0.000 0 0 0.00
15:07:22 D 3990 1 1.52 0.000 0 0 0.00
15:07:22 D 4170 1 -53.00 0.000 0 0 0.00
15:07:22 D 4355 1 1.43 0.000 0 0 0.00
15:07:23 D 4535 1 1.90 0.000 0 0 0.00
15:07:23 D 4720 1 2.09 0.000 0 0 0.00
15:07:23 D 4900 1 2.29 0.000 0 0 0.00
15:07:23 cal done: pitch zero -24.18 roll zero -1.75 bias -0.0440 0.0040 0.0060
15:07:23 D 5085 0 25.75 0.000 0 0 -24.18
15:07:23 D 5185 0 25.67 0.000 0 0 -24.18
15:07:23 D 5285 0 25.51 0.000 0 0 -24.18
15:07:23 D 5385 0 27.14 0.000 0 0 -24.18
15:07:24 D 5485 0 25.66 0.000 0 0 -24.18
15:07:24 D 5585 0 25.48 0.000 0 0 -24.18
15:07:24 D 5685 0 25.13 0.000 0 0 -24.18
15:07:24 D 5785 0 24.94 0.000 0 0 -24.18
15:07:24 D 5885 0 25.22 0.000 0 0 -24.18
15:07:24 D 5985 0 25.03 0.000 0 0 -24.18
15:07:24 D 6085 0 24.65 0.000 0 0 -24.18
15:07:24 D 6185 0 24.77 0.000 0 0 -24.18
15:07:24 D 6285 0 24.99 0.000 0 0 -24.18
15:07:24 D 6385 0 24.76 0.000 0 0 -24.18
15:07:25 D 6485 0 24.68 0.000 0 0 -24.18
15:07:25 D 6585 0 25.16 0.000 0 0 -24.18
15:07:25 D 6685 0 25.42 0.000 0 0 -24.18
15:07:25 D 6785 0 25.46 0.000 0 0 -24.18
15:07:25 D 6885 0 25.82 0.000 0 0 -24.18
15:07:25 D 6985 0 26.56 0.000 0 0 -24.18
15:07:25 D 7085 0 26.03 0.000 0 0 -24.18
15:07:25 D 7185 0 25.98 0.000 0 0 -24.18
15:07:25 D 7285 0 25.94 0.000 0 0 -24.18
15:07:25 D 7385 0 26.38 0.000 0 0 -24.18
15:07:26 D 7485 0 26.98 0.000 0 0 -24.18
15:07:26 D 7585 0 18.78 0.000 0 0 -24.18
15:07:26 D 7685 0 19.74 0.000 0 0 -24.18
15:07:26 D 7785 0 21.02 0.000 0 0 -24.18
15:07:26 D 7885 0 22.10 0.000 0 0 -24.18
15:07:26 D 7985 0 22.95 0.000 0 0 -24.18
15:07:26 D 8085 0 23.21 0.000 0 0 -24.18
15:07:26 D 8185 0 23.05 0.000 0 0 -24.18
15:07:26 D 8285 0 23.63 0.000 0 0 -24.18
15:07:26 D 8385 0 23.75 0.000 0 0 -24.18
15:07:27 D 8485 0 24.00 0.000 0 0 -24.18
15:07:27 D 8585 0 24.38 0.000 0 0 -24.18
15:07:27 D 8685 0 24.03 0.000 0 0 -24.18
15:07:27 D 8785 0 24.49 0.000 0 0 -24.18
15:07:27 D 8885 0 24.72 0.000 0 0 -24.18
15:07:27 D 8985 0 24.41 0.000 0 0 -24.18
15:07:27 D 9085 0 24.10 0.000 0 0 -24.18
15:07:27 D 9185 0 24.82 0.000 0 0 -24.18
15:07:27 D 9285 0 24.68 0.000 0 0 -24.18
15:07:27 D 9385 0 24.33 0.000 0 0 -24.18
15:07:28 D 9485 0 24.46 0.000 0 0 -24.18
15:07:28 D 9585 0 24.25 0.000 0 0 -24.18
15:07:28 D 9685 0 23.86 0.000 0 0 -24.18
15:07:28 D 9785 0 23.66 0.000 0 0 -24.18
15:07:28 D 9885 0 23.57 0.000 0 0 -24.18
15:07:28 D 9985 0 23.48 0.000 0 0 -24.18
15:07:28 D 10085 0 23.55 0.000 0 0 -24.18
15:07:28 D 10185 0 23.55 0.000 0 0 -24.18
15:07:28 D 10285 0 23.59 0.000 0 0 -24.18
15:07:28 D 10385 0 23.72 0.000 0 0 -24.18
15:07:29 D 10485 0 23.84 0.000 0 0 -24.18
15:07:29 D 10585 0 23.76 0.000 0 0 -24.18
15:07:29 D 10685 0 23.68 0.000 0 0 -24.18
15:07:29 D 10785 0 23.84 0.000 0 0 -24.18
15:07:29 D 10885 0 23.82 0.000 0 0 -24.18
15:07:29 D 10985 0 23.70 0.000 0 0 -24.18
15:07:29 D 11085 0 23.72 0.000 0 0 -24.18
15:07:29 D 11185 0 23.78 0.000 0 0 -24.18
15:07:29 D 11285 0 23.79 0.000 0 0 -24.18
15:07:29 D 11385 0 23.97 0.000 0 0 -24.18
15:07:30 D 11485 0 24.11 0.000 0 0 -24.18
15:07:30 D 11585 0 23.92 0.000 0 0 -24.18
15:07:30 D 11685 0 23.87 0.000 0 0 -24.18
15:07:30 D 11785 0 24.04 0.000 0 0 -24.18
15:07:30 D 11885 0 24.06 0.000 0 0 -24.18
15:07:30 D 11985 0 24.01 0.000 0 0 -24.18
15:07:30 D 12085 0 24.10 0.000 0 0 -24.18
15:07:30 D 12185 0 24.14 0.000 0 0 -24.18
15:07:30 D 12285 0 24.18 0.000 0 0 -24.18
15:07:30 D 12385 0 24.23 0.000 0 0 -24.18
15:07:31 D 12485 0 24.07 0.000 0 0 -24.18
15:07:31 D 12585 0 24.04 0.000 0 0 -24.18
15:07:31 D 12685 0 24.08 0.000 0 0 -24.18
15:07:31 D 12785 0 23.99 0.000 0 0 -24.18
15:07:31 D 12885 0 24.01 0.000 0 0 -24.18
15:07:31 D 12985 0 24.07 0.000 0 0 -24.18
15:07:31 D 13085 0 23.94 0.000 0 0 -24.18
15:07:31 D 13185 0 23.98 0.000 0 0 -24.18
15:07:31 D 13285 0 23.97 0.000 0 0 -24.18
15:07:31 D 13385 0 23.85 0.000 0 0 -24.18
15:07:32 D 13485 0 23.89 0.000 0 0 -24.18
15:07:32 D 13585 0 24.39 0.000 0 0 -24.18
15:07:32 D 13685 0 23.88 0.000 0 0 -24.18
15:07:32 D 13785 0 23.79 0.000 0 0 -24.18
15:07:32 D 13885 0 24.19 0.000 0 0 -24.18
15:07:32 D 13985 0 24.16 0.000 0 0 -24.18
15:07:32 D 14085 0 24.04 0.000 0 0 -24.18
15:07:32 D 14185 0 23.69 0.000 0 0 -24.18
15:07:32 D 14285 0 24.12 0.000 0 0 -24.18
15:07:32 D 14385 0 24.33 0.000 0 0 -24.18
15:07:33 D 14485 0 23.83 0.000 0 0 -24.18
15:07:33 D 14585 0 23.89 0.000 0 0 -24.18
15:07:33 D 14685 0 24.22 0.000 0 0 -24.18
15:07:33 D 14785 0 24.05 0.000 0 0 -24.18
15:07:33 D 14885 0 24.00 0.000 0 0 -24.18
15:07:33 D 14985 0 24.24 0.000 0 0 -24.18
15:07:33 D 15085 0 24.19 0.000 0 0 -24.18
15:07:33 D 15185 0 24.17 0.000 0 0 -24.18
15:07:33 D 15285 0 24.20 0.000 0 0 -24.18
15:07:33 D 15385 0 24.14 0.000 0 0 -24.18
15:07:33 D 15485 0 24.23 0.000 0 0 -24.18
15:07:34 D 15585 0 24.35 0.000 0 0 -24.18
15:07:34 D 15685 0 24.26 0.000 0 0 -24.18
15:07:34 D 15785 0 24.34 0.000 0 0 -24.18
15:07:34 D 15885 0 24.24 0.000 0 0 -24.18
15:07:34 D 15985 0 24.18 0.000 0 0 -24.18
15:07:34 D 16085 0 24.23 0.000 0 0 -24.18
15:07:34 D 16185 0 24.21 0.000 0 0 -24.18
15:07:34 D 16285 0 24.02 0.000 0 0 -24.18
15:07:34 D 16385 0 23.91 0.000 0 0 -24.18
15:07:35 D 16485 0 23.97 0.000 0 0 -24.18
15:07:35 D 16585 0 23.96 0.000 0 0 -24.18
15:07:35 D 16685 0 23.52 0.000 0 0 -24.18
15:07:35 D 16785 0 23.93 0.000 0 0 -24.18
15:07:35 D 16885 0 24.35 0.000 0 0 -24.18
15:07:35 D 16985 0 23.95 0.000 0 0 -24.18
15:07:35 D 17085 0 24.35 0.000 0 0 -24.18
15:07:35 D 17185 0 24.63 0.000 0 0 -24.18
15:07:35 D 17285 0 25.12 0.000 0 0 -24.18
15:07:35 D 17385 0 25.29 0.000 0 0 -24.18
15:07:36 D 17485 0 25.36 0.000 0 0 -24.18
15:07:36 D 17585 0 24.94 0.000 0 0 -24.18
15:07:36 D 17685 0 25.36 0.000 0 0 -24.18
15:07:36 D 17845 0 28.19 0.000 0 0 -24.18
15:07:36 D 18025 0 26.27 0.000 0 0 -24.18
15:07:36 D 18205 0 26.12 0.000 0 0 -24.18
15:07:36 D 18390 0 25.59 0.000 0 0 -24.18
15:07:37 D 18570 0 24.26 0.000 0 0 -24.18
15:07:37 D 18750 0 24.89 0.000 0 0 -24.18
15:07:37 D 18935 0 24.61 0.000 0 0 -24.18
15:07:37 D 19115 0 24.60 0.000 0 0 -24.18
15:07:37 D 19295 0 24.51 0.000 0 0 -24.18
15:07:38 D 19480 0 25.87 0.000 0 0 -24.18
15:07:38 D 19660 0 25.68 0.000 0 0 -24.18
15:07:38 D 19840 0 24.69 0.000 0 0 -24.18
15:07:38 D 20025 0 24.81 0.000 0 0 -24.18
15:07:38 D 20205 0 24.90 0.000 0 0 -24.18
15:07:38 D 20385 0 24.83 0.000 0 0 -24.18
15:07:39 D 20570 0 24.82 0.000 0 0 -24.18
15:07:39 D 20750 0 24.86 0.000 0 0 -24.18
15:07:39 D 20930 0 24.95 0.000 0 0 -24.18
15:07:39 D 21110 0 25.07 0.000 0 0 -24.18
15:07:39 D 21290 0 25.14 0.000 0 0 -24.18
15:07:40 D 21475 0 25.14 0.000 0 0 -24.18
15:07:40 D 21655 0 25.18 0.000 0 0 -24.18
15:07:40 D 21835 0 25.19 0.000 0 0 -24.18
15:07:40 D 22015 0 25.22 0.000 0 0 -24.18
15:07:40 D 22200 0 25.21 0.000 0 0 -24.18
15:07:40 D 22380 0 25.23 0.000 0 0 -24.18
15:07:41 D 22560 0 25.27 0.000 0 0 -24.18
15:07:41 D 22740 0 25.30 0.000 0 0 -24.18
15:07:41 D 22925 0 25.32 0.000 0 0 -24.18
15:07:41 D 23105 0 25.34 0.000 0 0 -24.18
15:07:41 D 23285 0 25.35 0.000 0 0 -24.18
15:07:42 D 23465 0 25.38 0.000 0 0 -24.18
15:07:42 D 23650 0 25.36 0.000 0 0 -24.18
15:07:42 D 23830 0 25.37 0.000 0 0 -24.18
15:07:42 D 24010 0 25.43 0.000 0 0 -24.18
15:07:42 D 24190 0 26.41 0.000 0 0 -24.18
15:07:42 D 24370 0 26.92 0.000 0 0 -24.18
15:07:43 D 24555 0 27.06 0.000 0 0 -24.18
15:07:43 D 24735 0 27.39 0.000 0 0 -24.18
15:07:43 D 24915 0 27.94 0.000 0 0 -24.18
15:07:43 D 25095 0 28.89 0.000 0 0 -24.18
15:07:43 D 25280 0 30.68 0.000 0 0 -24.18
15:07:44 D 25460 0 36.32 0.000 0 0 -24.18
15:07:44 D 25640 0 57.10 0.000 0 0 -24.18
15:07:44 D 25830 0 63.86 0.000 0 0 -24.18
15:07:44 D 26015 0 57.25 0.000 0 0 -24.18
15:07:44 D 26195 0 47.67 0.000 0 0 -24.18
15:07:44 D 26375 0 43.81 0.000 0 0 -24.18
15:07:45 D 26560 0 42.17 0.000 0 0 -24.18
15:07:45 D 26740 0 38.32 0.000 0 0 -24.18
15:07:45 D 26920 0 37.37 0.000 0 0 -24.18
15:07:45 D 27105 0 37.20 0.000 0 0 -24.18
15:07:45 D 27285 0 36.92 0.000 0 0 -24.18
15:07:45 D 27465 0 37.22 0.000 0 0 -24.18
15:07:46 D 27650 0 36.12 0.000 0 0 -24.18
15:07:46 D 27830 0 34.05 0.000 0 0 -24.18
15:07:46 D 28015 0 31.91 0.000 0 0 -24.18
15:07:46 D 28195 0 30.09 0.000 0 0 -24.18
15:07:46 D 28375 0 23.62 0.000 0 0 -24.18
15:07:47 D 28560 0 16.73 0.000 0 0 -24.18
15:07:47 D 28740 0 24.01 0.000 0 0 -24.18
15:07:47 D 28925 0 26.43 0.000 0 0 -24.18
15:07:47 D 29110 0 24.02 0.000 0 0 -24.18
15:07:47 D 29290 0 26.39 0.000 0 0 -24.18
15:07:48 D 29475 0 26.73 0.000 0 0 -24.18
15:07:48 D 29655 0 27.32 0.000 0 0 -24.18
15:07:48 D 29835 0 27.76 0.000 0 0 -24.18
15:07:48 D 30020 0 27.22 0.000 0 0 -24.18
15:07:48 D 30200 0 28.92 0.000 0 0 -24.18
15:07:48 D 30380 0 28.26 0.000 0 0 -24.18
15:07:49 D 30565 0 30.88 0.000 0 0 -24.18
15:07:49 D 30745 0 28.32 0.000 0 0 -24.18
15:07:49 D 30930 0 24.37 0.000 0 0 -24.18
15:07:49 D 31110 0 23.82 0.000 0 0 -24.18
15:07:49 D 31290 0 22.61 0.000 0 0 -24.18
15:07:50 D 31480 0 25.32 0.000 0 0 -24.18
15:07:50 D 31665 0 30.95 0.000 0 0 -24.18
15:07:50 D 31855 0 30.97 0.000 0 0 -24.18
15:07:50 D 32035 0 29.65 0.000 0 0 -24.18
15:07:50 D 32215 0 27.04 0.000 0 0 -24.18
15:07:50 D 32400 0 27.56 0.000 0 0 -24.18
15:07:51 D 32580 0 28.19 0.000 0 0 -24.18
15:07:51 D 32760 0 31.53 0.000 0 0 -24.18
15:07:51 D 32940 0 32.57 0.000 0 0 -24.18
15:07:51 D 33125 0 35.34 0.000 0 0 -24.18
15:07:51 D 33305 0 37.21 0.000 0 0 -24.18
15:07:52 D 33485 0 34.23 0.000 0 0 -24.18
15:07:52 D 33670 0 26.20 0.000 0 0 -24.18
15:07:52 D 33850 0 15.49 0.000 0 0 -24.18
15:07:52 D 34030 0 13.08 0.000 0 0 -24.18
15:07:52 D 34215 0 18.82 0.000 0 0 -24.18
15:07:52 D 34395 0 19.03 0.000 0 0 -24.18
15:07:53 D 34580 0 18.96 0.000 0 0 -24.18
15:07:53 D 34765 0 15.75 0.000 0 0 -24.18
15:07:53 D 34950 0 11.53 0.000 0 0 -24.18
15:07:53 D 35135 0 14.62 0.000 0 0 -24.18
15:07:53 D 35315 0 13.73 0.000 0 0 -24.18
15:07:54 D 35495 0 13.13 0.000 0 0 -24.18
15:07:54 D 35680 0 15.29 0.000 0 0 -24.18
15:07:54 D 35860 0 21.19 0.000 0 0 -24.18
15:07:54 D 36045 0 21.01 0.000 0 0 -24.18
15:07:54 D 36230 0 20.23 0.000 0 0 -24.18
15:07:54 D 36420 0 21.04 0.000 0 0 -24.18
15:07:55 D 36600 0 25.34 0.000 0 0 -24.18
15:07:55 D 36780 0 30.47 0.000 0 0 -24.18
15:07:55 D 36965 0 28.20 0.000 0 0 -24.18
15:07:55 D 37145 0 27.76 0.000 0 0 -24.18
15:07:55 D 37325 0 27.00 0.000 0 0 -24.18
15:07:56 D 37510 0 25.73 0.000 0 0 -24.18
15:07:56 D 37690 0 26.51 0.000 0 0 -24.18
15:07:56 D 37870 0 23.62 0.000 0 0 -24.18
15:07:56 D 38055 0 21.04 0.000 0 0 -24.18
15:07:56 D 38235 0 19.36 0.000 0 0 -24.18
15:07:56 D 38420 0 15.58 0.000 0 0 -24.18
15:07:57 D 38600 0 15.00 0.000 0 0 -24.18
15:07:57 D 38780 0 11.56 0.000 0 0 -24.18
15:07:57 D 38965 0 3.77 0.000 0 0 -24.18
15:07:57 D 39145 0 1.78 0.000 0 0 -24.18
15:07:57 D 39325 0 11.89 0.000 0 0 -24.18
15:07:58 D 39505 0 24.54 0.000 0 0 -24.18
15:07:58 D 39690 0 23.83 0.000 0 0 -24.18
15:07:58 D 39870 0 22.49 0.000 0 0 -24.18
15:07:58 D 40050 0 20.44 0.000 0 0 -24.18
15:07:58 D 40230 0 25.27 0.000 0 0 -24.18
15:07:58 D 40410 0 26.95 0.000 0 0 -24.18
15:07:59 D 40595 0 24.84 0.000 0 0 -24.18
15:07:59 D 40775 0 24.69 0.000 0 0 -24.18
15:07:59 D 40955 0 23.70 0.000 0 0 -24.18
15:07:59 D 41135 0 21.13 0.000 0 0 -24.18
15:07:59 D 41320 0 23.33 0.000 0 0 -24.18
15:08:00 D 41500 0 23.39 0.000 0 0 -24.18
15:08:00 D 41680 0 23.26 0.000 0 0 -24.18
15:08:00 D 41860 0 25.66 0.000 0 0 -24.18
15:08:00 D 42040 0 26.65 0.000 0 0 -24.18
15:08:00 D 42225 0 27.15 0.000 0 0 -24.18
15:08:00 D 42405 0 27.76 0.000 0 0 -24.18
15:08:01 D 42585 0 27.10 0.000 0 0 -24.18
15:08:01 D 42765 0 27.15 0.000 0 0 -24.18
15:08:01 D 42945 0 27.09 0.000 0 0 -24.18
15:08:01 D 43130 0 27.09 0.000 0 0 -24.18
15:08:01 D 43310 0 27.08 0.000 0 0 -24.18
15:08:02 D 43490 0 27.07 0.000 0 0 -24.18
15:08:02 D 43670 0 27.10 0.000 0 0 -24.18
15:08:02 D 43855 0 27.11 0.000 0 0 -24.18
15:08:02 D 44035 0 27.14 0.000 0 0 -24.18
15:08:02 D 44215 0 27.14 0.000 0 0 -24.18
15:08:02 D 44395 0 27.11 0.000 0 0 -24.18
15:08:03 D 44575 0 27.08 0.000 0 0 -24.18
15:08:03 D 44760 0 27.12 0.000 0 0 -24.18
15:08:03 D 44940 0 27.10 0.000 0 0 -24.18
15:08:03 D 45120 0 27.14 0.000 0 0 -24.18
15:08:03 D 45300 0 27.15 0.000 0 0 -24.18
15:08:04 D 45485 0 27.15 0.000 0 0 -24.18
15:08:04 D 45665 0 27.19 0.000 0 0 -24.18
15:08:04 D 45845 0 27.19 0.000 0 0 -24.18
15:08:04 D 46025 0 27.18 0.000 0 0 -24.18
15:08:04 D 46210 0 27.21 0.000 0 0 -24.18
15:08:04 D 46390 0 27.20 0.000 0 0 -24.18
15:08:05 D 46570 0 27.21 0.000 0 0 -24.18
15:08:05 D 46750 0 27.23 0.000 0 0 -24.18
15:08:05 D 46930 0 27.24 0.000 0 0 -24.18
15:08:05 D 47115 0 27.29 0.000 0 0 -24.18
15:08:05 D 47295 0 27.30 0.000 0 0 -24.18
15:08:06 D 47475 0 27.34 0.000 0 0 -24.18
15:08:06 D 47655 0 27.34 0.000 0 0 -24.18
15:08:06 D 47840 0 27.34 0.000 0 0 -24.18
15:08:06 D 48020 0 27.35 0.000 0 0 -24.18
15:08:06 D 48200 0 27.34 0.000 0 0 -24.18
15:08:06 D 48380 0 27.37 0.000 0 0 -24.18
15:08:07 D 48560 0 27.36 0.000 0 0 -24.18
15:08:07 D 48745 0 27.39 0.000 0 0 -24.18
15:08:07 D 48925 0 27.39 0.000 0 0 -24.18
15:08:07 D 49105 0 27.64 0.000 0 0 -24.18
15:08:07 D 49285 0 32.37 0.000 0 0 -24.18
15:08:08 D 49475 0 30.33 0.000 0 0 -24.18
15:08:08 D 49665 0 21.98 0.000 0 0 -24.18
15:08:08 D 49850 0 16.12 0.000 0 0 -24.18
15:08:08 D 49950 0 16.57 0.000 0 0 -24.18
15:08:08 D 50130 0 10.51 0.000 0 0 -24.18
15:08:08 D 50315 0 7.78 0.000 0 0 -24.18
15:08:09 D 50495 0 5.59 0.000 0 0 -24.18
15:08:09 D 50680 0 1.44 0.000 0 0 -24.18
15:08:09 D 50860 0 2.17 0.000 0 0 -24.18
15:08:09 D 51050 0 9.44 0.000 0 0 -24.18
15:08:09 D 51235 0 19.46 0.000 0 0 -24.18
15:08:09 D 51335 0 20.13 0.000 0 0 -24.18
15:08:10 D 51520 0 24.21 0.000 0 0 -24.18
15:08:10 D 51710 0 34.59 0.000 0 0 -24.18
15:08:10 D 51900 0 34.47 0.000 0 0 -24.18
15:08:10 D 52085 0 28.64 0.000 0 0 -24.18
15:08:10 D 52265 0 25.27 0.000 0 0 -24.18
15:08:10 D 52450 0 22.79 0.000 0 0 -24.18
15:08:11 D 52630 0 24.32 0.000 0 0 -24.18
15:08:11 D 52810 0 20.91 0.000 0 0 -24.18
15:08:11 D 52995 0 20.33 0.000 0 0 -24.18
15:08:11 D 53175 0 18.09 0.000 0 0 -24.18
15:08:11 D 53355 0 22.44 0.000 0 0 -24.18
15:08:12 D 53540 0 22.29 0.000 0 0 -24.18
15:08:12 D 53720 0 21.09 0.000 0 0 -24.18
15:08:12 D 53900 0 17.19 0.000 0 0 -24.18
15:08:12 D 54085 0 15.75 0.000 0 0 -24.18
15:08:12 D 54265 0 16.34 0.000 0 0 -24.18
15:08:12 D 54445 0 16.48 0.000 0 0 -24.18
15:08:13 D 54625 0 18.37 0.000 0 0 -24.18
15:08:13 D 54810 0 18.17 0.000 0 0 -24.18
15:08:13 D 54990 0 17.76 0.000 0 0 -24.18
15:08:13 D 55170 0 18.15 0.000 0 0 -24.18
15:08:13 D 55350 0 18.05 0.000 0 0 -24.18
15:08:14 D 55530 0 19.20 0.000 0 0 -24.18
15:08:14 D 55715 0 19.59 0.000 0 0 -24.18
15:08:14 D 55895 0 20.78 0.000 0 0 -24.18
15:08:14 D 56075 0 20.80 0.000 0 0 -24.18
15:08:14 D 56255 0 21.55 0.000 0 0 -24.18
15:08:14 D 56440 0 21.19 0.000 0 0 -24.18
15:08:15 D 56620 0 21.70 0.000 0 0 -24.18
15:08:15 D 56800 0 21.73 0.000 0 0 -24.18
15:08:15 D 56980 0 21.77 0.000 0 0 -24.18
15:08:15 D 57160 0 21.58 0.000 0 0 -24.18
15:08:15 D 57345 0 22.47 0.000 0 0 -24.18
15:08:16 D 57525 0 23.25 0.000 0 0 -24.18
15:08:16 mpu_set_sensor complete ......
15:08:16 mpu_set_sensor complete ......
15:08:16 mpu_configure_fifo complete ......
15:08:16 mpu_set_sample_rate complete ......
15:08:17 dmp_load_motion_driver_firmware complete ......
15:08:17 dmp_set_orientation complete ......
15:08:17 dmp_enable_feature complete ......
15:08:17 dmp_set_fifo_rate complete ......
15:08:18 mpu_set_dmp_state complete ......
15:08:35 mpu_set_sensor complete ......
15:08:35 mpu_set_sensor complete ......
15:08:35 mpu_configure_fifo complete ......
15:08:35 mpu_set_sample_rate complete ......
15:08:36 dmp_load_motion_driver_firmware complete ......
15:08:36 dmp_set_orientation complete ......
15:08:36 dmp_enable_feature complete ......
15:08:36 dmp_set_fifo_rate complete ......
15:08:36 mpu_set_dmp_state complete ......
15:11:06 mode 28 RL
15:11:06 D 180 1 4.23 0.000 0 0 0.00
15:11:06 D 360 1 4.07 0.000 0 0 0.00
15:11:06 D 540 1 3.44 0.000 0 0 0.00
15:11:06 D 720 1 3.92 0.000 0 0 0.00
15:11:07 D 900 1 1.90 0.000 0 0 0.00
15:11:07 D 1080 1 2.19 0.000 0 0 0.00
15:11:07 D 1260 1 2.27 0.000 0 0 0.00
15:11:07 D 1445 1 2.14 0.000 0 0 0.00
15:11:07 D 1625 1 2.49 0.000 0 0 0.00
15:11:08 D 1805 1 2.58 0.000 0 0 0.00
15:11:08 D 1985 1 2.20 0.000 0 0 0.00
15:11:08 D 2165 1 2.14 0.000 0 0 0.00
15:11:08 D 2345 1 2.08 0.000 0 0 0.00
15:11:08 D 2530 1 2.00 0.000 0 0 0.00
15:11:08 D 2710 1 2.02 0.000 0 0 0.00
15:11:09 D 2890 1 1.63 0.000 0 0 0.00
15:11:09 D 3070 1 1.23 0.000 0 0 0.00
15:11:09 D 3255 1 1.26 0.000 0 0 0.00
15:11:09 D 3435 1 1.21 0.000 0 0 0.00
15:11:09 D 3615 1 1.28 0.000 0 0 0.00
15:11:10 D 3800 1 1.53 0.000 0 0 0.00
15:11:10 D 3980 1 1.33 0.000 0 0 0.00
15:11:10 D 4165 1 1.37 0.000 0 0 0.00
15:11:10 D 4345 1 1.10 0.000 0 0 0.00
15:11:10 D 4525 1 1.04 0.000 0 0 0.00
15:11:10 D 4710 1 0.91 0.000 0 0 0.00
15:11:11 D 4890 1 0.81 0.000 0 0 0.00
15:11:11 cal done: pitch zero 0.01 roll zero -1.66 bias -0.0369 0.0044 0.0058
15:11:11 D 5075 0 0.02 0.000 0 0 0.01
15:11:11 D 5175 0 0.05 0.000 0 0 0.01
15:11:11 D 5275 0 0.01 0.000 0 0 0.01
15:11:11 D 5375 0 -0.01 0.000 0 0 0.01
15:11:11 D 5475 0 -0.08 0.000 0 0 0.01
15:11:11 D 5575 0 -0.15 0.000 0 0 0.01
15:11:11 D 5675 0 -0.01 0.000 0 0 0.01
15:11:11 D 5775 0 -0.14 0.000 0 0 0.01
15:11:12 D 5875 0 -0.19 0.000 0 0 0.01
15:11:12 D 5975 0 -0.13 0.000 0 0 0.01
15:11:12 D 6075 0 -0.10 0.000 0 0 0.01
15:11:12 D 6175 0 -0.48 0.000 0 0 0.01
15:11:12 D 6275 0 -0.63 0.000 0 0 0.01
15:11:12 D 6375 0 -0.49 0.000 0 0 0.01
15:11:12 D 6475 0 -0.10 0.000 0 0 0.01
15:11:12 D 6575 0 0.36 0.000 0 0 0.01
15:11:12 D 6675 0 1.29 0.000 0 0 0.01
15:11:12 D 6775 0 1.49 0.000 0 0 0.01
15:11:13 D 6875 0 1.14 0.000 0 0 0.01
15:11:13 D 6975 0 0.94 0.000 0 0 0.01
15:11:13 D 7075 0 0.72 0.000 0 0 0.01
15:11:13 D 7175 0 0.75 0.000 0 0 0.01
15:11:13 D 7275 0 1.00 0.000 0 0 0.01
15:11:13 D 7375 0 0.05 0.000 0 0 0.01
15:11:13 D 7475 0 -0.93 0.000 0 0 0.01
15:11:13 D 7575 0 -0.56 0.000 0 0 0.01
15:11:13 D 7675 0 -0.58 0.000 0 0 0.01
15:11:13 D 7775 0 -0.59 0.000 0 0 0.01
15:11:14 D 7875 0 0.06 0.000 0 0 0.01
15:11:14 D 7975 0 0.30 0.000 0 0 0.01
15:11:14 D 8075 0 0.38 0.000 0 0 0.01
15:11:14 D 8175 0 0.74 0.000 0 0 0.01
15:11:14 D 8275 0 1.15 0.000 0 0 0.01
15:11:14 D 8375 0 0.44 0.000 0 0 0.01
15:11:14 D 8475 0 -0.54 0.000 0 0 0.01
15:11:14 D 8575 0 0.04 0.000 0 0 0.01
15:11:14 D 8675 0 0.17 0.000 0 0 0.01
15:11:14 D 8775 0 -0.17 0.000 0 0 0.01
15:11:15 D 8875 0 -0.18 0.000 0 0 0.01
15:11:15 D 8975 0 -0.47 0.000 0 0 0.01
15:11:15 D 9075 0 -0.48 0.000 0 0 0.01
15:11:15 D 9175 0 -0.07 0.000 0 0 0.01
15:11:15 D 9275 0 -0.03 0.000 0 0 0.01
15:11:15 D 9375 0 -0.42 0.000 0 0 0.01
15:11:15 D 9475 0 -0.35 0.000 0 0 0.01
15:11:15 D 9575 0 0.02 0.000 0 0 0.01
15:11:15 D 9675 0 0.20 0.000 0 0 0.01
15:11:15 D 9775 0 0.72 0.000 0 0 0.01
15:11:16 D 9875 0 0.99 0.000 0 0 0.01
15:11:16 D 9975 0 0.88 0.000 0 0 0.01
15:11:16 D 10075 0 0.85 0.000 0 0 0.01
15:11:16 D 10175 0 1.34 0.000 0 0 0.01
15:11:16 D 10275 0 1.68 0.000 0 0 0.01
15:11:16 D 10375 0 1.37 0.000 0 0 0.01
15:11:16 D 10475 0 0.81 0.000 0 0 0.01
15:11:16 D 10575 0 0.30 0.000 0 0 0.01
15:11:16 D 10675 0 0.52 0.000 0 0 0.01
15:11:16 D 10775 0 1.00 0.000 0 0 0.01
15:11:17 D 10875 0 0.86 0.000 0 0 0.01
15:11:17 D 10975 0 0.20 0.000 0 0 0.01
15:11:17 D 11075 0 -0.14 0.000 0 0 0.01
15:11:17 D 11175 0 0.01 0.000 0 0 0.01
15:11:17 D 11275 0 0.17 0.000 0 0 0.01
15:11:17 D 11375 0 0.11 0.000 0 0 0.01
15:11:17 D 11475 0 0.02 0.000 0 0 0.01
15:11:17 D 11575 0 0.04 0.000 0 0 0.01
15:11:17 D 11675 0 0.14 0.000 0 0 0.01
15:11:17 D 11775 0 -0.03 0.000 0 0 0.01
15:11:18 D 11875 0 0.04 0.000 0 0 0.01
15:11:18 D 11975 0 0.24 0.000 0 0 0.01
15:11:18 D 12075 0 0.19 0.000 0 0 0.01
15:11:18 D 12175 0 0.17 0.000 0 0 0.01
15:11:18 D 12275 0 0.18 0.000 0 0 0.01
15:11:18 D 12375 0 0.18 0.000 0 0 0.01
15:11:18 D 12475 0 0.17 0.000 0 0 0.01
15:11:18 D 12575 0 0.17 0.000 0 0 0.01
15:11:18 D 12675 0 0.22 0.000 0 0 0.01
15:11:18 D 12775 0 0.38 0.000 0 0 0.01
15:11:19 D 12875 0 0.38 0.000 0 0 0.01
15:11:19 D 12975 0 0.43 0.000 0 0 0.01
15:11:19 D 13075 0 0.34 0.000 0 0 0.01
15:11:19 D 13175 0 0.42 0.000 0 0 0.01
15:11:19 D 13275 0 0.37 0.000 0 0 0.01
15:11:19 D 13375 0 0.40 0.000 0 0 0.01
15:11:19 D 13475 0 0.45 0.000 0 0 0.01
15:11:19 D 13575 0 0.50 0.000 0 0 0.01
15:11:19 D 13675 0 0.57 0.000 0 0 0.01
15:11:19 D 13775 0 0.62 0.000 0 0 0.01
15:11:20 D 13875 0 0.54 0.000 0 0 0.01
15:11:20 D 13975 0 0.60 0.000 0 0 0.01
15:11:20 D 14075 0 0.60 0.000 0 0 0.01
15:11:20 D 14175 0 0.59 0.000 0 0 0.01
15:11:20 D 14275 0 0.65 0.000 0 0 0.01
15:11:20 D 14375 0 0.65 0.000 0 0 0.01
15:11:20 D 14475 0 0.62 0.000 0 0 0.01
15:11:20 D 14575 0 0.67 0.000 0 0 0.01
15:11:20 D 14675 0 0.72 0.000 0 0 0.01
15:11:20 D 14775 0 0.72 0.000 0 0 0.01
15:11:21 D 14875 0 0.76 0.000 0 0 0.01
15:11:21 D 14975 0 0.79 0.000 0 0 0.01
15:11:21 D 15075 0 0.75 0.000 0 0 0.01
15:11:21 D 15175 0 0.75 0.000 0 0 0.01
15:11:21 D 15275 0 0.82 0.000 0 0 0.01
15:11:21 D 15375 0 0.84 0.000 0 0 0.01
15:11:21 D 15475 0 0.86 0.000 0 0 0.01
15:11:21 D 15575 0 0.91 0.000 0 0 0.01
15:11:21 D 15675 0 1.21 0.000 0 0 0.01
15:11:21 D 15775 0 1.15 0.000 0 0 0.01
15:11:22 D 15875 0 1.12 0.000 0 0 0.01
15:11:22 D 15975 0 1.12 0.000 0 0 0.01
15:11:22 D 16075 0 1.07 0.000 0 0 0.01
15:11:22 D 16175 0 1.16 0.000 0 0 0.01
15:11:22 D 16275 0 1.17 0.000 0 0 0.01
15:11:22 D 16375 0 1.12 0.000 0 0 0.01
15:11:22 D 16475 0 1.13 0.000 0 0 0.01
15:11:22 D 16575 0 1.16 0.000 0 0 0.01
15:11:22 D 16675 0 1.19 0.000 0 0 0.01
15:11:22 D 16775 0 1.12 0.000 0 0 0.01
15:11:23 D 16875 0 1.20 0.000 0 0 0.01
15:11:23 D 16975 0 1.19 0.000 0 0 0.01
15:11:23 D 17075 0 1.26 0.000 0 0 0.01
15:11:23 D 17175 0 1.27 0.000 0 0 0.01
15:11:23 D 17275 0 1.30 0.000 0 0 0.01
15:11:23 D 17375 0 1.26 0.000 0 0 0.01
15:11:23 D 17475 0 1.29 0.000 0 0 0.01
15:11:23 D 17575 0 1.35 0.000 0 0 0.01
15:11:23 D 17675 0 1.40 0.000 0 0 0.01
15:11:23 D 17775 0 1.38 0.000 0 0 0.01
15:11:24 D 17875 0 1.42 0.000 0 0 0.01
15:11:24 D 17975 0 1.41 0.000 0 0 0.01
15:11:24 D 18075 0 1.41 0.000 0 0 0.01
15:11:24 D 18175 0 1.29 0.000 0 0 0.01
15:11:24 D 18275 0 1.53 0.000 0 0 0.01
15:11:24 D 18375 0 1.47 0.000 0 0 0.01
15:11:24 D 18475 0 1.52 0.000 0 0 0.01
15:11:24 D 18575 0 1.56 0.000 0 0 0.01
15:11:24 D 18675 0 1.49 0.000 0 0 0.01
15:11:24 D 18775 0 1.48 0.000 0 0 0.01
15:11:25 D 18875 0 1.59 0.000 0 0 0.01
15:11:25 D 18975 0 1.47 0.000 0 0 0.01
15:11:25 D 19075 0 1.54 0.000 0 0 0.01
15:11:25 D 19175 0 1.43 0.000 0 0 0.01
15:11:25 D 19275 0 1.56 0.000 0 0 0.01
15:11:25 D 19375 0 1.41 0.000 0 0 0.01
15:11:25 D 19475 0 1.56 0.000 0 0 0.01
15:11:25 D 19575 0 1.49 0.000 0 0 0.01
15:11:25 D 19675 0 1.56 0.000 0 0 0.01
15:11:25 D 19775 0 1.58 0.000 0 0 0.01
15:11:26 D 19875 0 1.56 0.000 0 0 0.01
15:11:26 D 19975 0 1.61 0.000 0 0 0.01
15:11:26 D 20075 0 1.55 0.000 0 0 0.01
15:11:26 D 20175 0 1.59 0.000 0 0 0.01
15:11:26 D 20275 0 1.55 0.000 0 0 0.01
15:11:26 D 20375 0 1.63 0.000 0 0 0.01
15:11:26 D 20475 0 1.66 0.000 0 0 0.01
15:11:26 D 20575 0 1.61 0.000 0 0 0.01
15:11:26 D 20675 0 1.61 0.000 0 0 0.01
15:11:27 D 20775 0 1.83 0.000 0 0 0.01
15:11:27 D 20875 0 2.35 0.000 0 0 0.01
15:11:27 D 20975 0 0.63 0.000 0 0 0.01
15:11:27 D 21075 0 -1.26 0.000 0 0 0.01
15:11:27 D 21175 0 -1.85 0.000 0 0 0.01
15:11:27 D 21275 0 3.68 0.000 0 0 0.01
15:11:27 D 21375 0 7.24 0.000 0 0 0.01
15:11:27 D 21475 0 4.64 0.000 0 0 0.01
15:11:27 D 21575 0 2.84 0.000 0 0 0.01
15:11:27 D 21675 0 4.12 0.000 0 0 0.01
15:11:27 D 21775 0 4.47 0.000 0 0 0.01
15:11:28 D 21875 0 3.41 0.000 0 0 0.01
15:11:28 D 21975 0 4.07 0.000 0 0 0.01
15:11:28 D 22155 0 5.07 0.000 0 0 0.01
15:11:28 D 22335 0 5.18 0.000 0 0 0.01
15:11:28 D 22515 0 3.49 0.000 0 0 0.01
15:11:28 D 22695 0 2.25 0.000 0 0 0.01
15:11:29 D 22875 0 1.34 0.000 0 0 0.01
15:11:29 D 23055 0 1.08 0.000 0 0 0.01
15:11:29 D 23235 0 0.47 0.000 0 0 0.01
15:11:29 D 23530 2 1.89 -0.104 2605 2143 0.01
15:11:30 D 24055 2 2.29 -0.115 2698 2466 0.01
15:11:30 D 24575 2 2.68 -0.054 2800 2384 0.01
15:11:31 D 25095 2 3.73 0.067 2800 2671 0.01
15:11:31 D 25610 2 5.51 0.028 2800 2764 0.01
15:11:32 D 26130 2 2.58 0.196 -1503 1835 0.01
15:11:32 D 26655 2 2.77 0.005 -2334 1724 0.01
15:11:33 D 27170 2 0.43 0.286 -1892 -1790 0.01
15:11:33 D 27680 2 2.98 0.146 1747 1727 0.01
15:11:34 D 28205 2 1.27 0.121 -2288 -1352 0.01
15:11:34 D 28715 2 6.53 0.200 2539 2800 0.01
15:11:35 D 29235 2 0.16 -0.195 1341 2143 0.01
15:11:35 D 29745 2 1.77 1.037 2571 2800 0.01
15:11:36 D 30050 0 1.07 0.000 2361 2800 0.01
15:11:36 R 6725 3 6.9
15:11:36 E 0 221 -967 317 1828 2689
15:11:36 E 1 215 -1217 331 1853 2651
15:11:36 E 2 207 -1351 346 1940 2634
15:11:36 E 3 197 -1467 353 2039 2597
15:11:36 E 4 185 -1491 369 2173 2565
15:11:36 E 5 172 -1418 382 2289 2507
15:11:36 E 6 157 -1192 399 2381 2462
15:11:36 E 7 145 -723 426 2504 2472
15:11:36 E 8 135 -272 440 2632 2557
15:11:36 E 9 127 93 462 2742 2654
15:11:36 E 10 124 380 488 2800 2798
15:11:36 E 11 123 532 509 2800 2800
15:11:36 E 12 123 581 537 2800 2800
15:11:36 E 13 125 477 568 2800 2800
15:11:36 E 14 125 276 595 2800 2800
15:11:36 E 15 128 215 619 2800 2800
15:11:36 E 16 127 -101 641 2800 2800
15:11:36 E 17 124 -320 663 2800 2800
15:11:36 E 18 121 -577 690 2800 2800
15:11:36 E 19 115 -802 708 2800 2800
15:11:36 E 20 110 -936 727 2800 2800
15:11:36 E 21 103 -1058 755 2800 2800
15:11:36 E 22 97 -1125 762 2800 2800
15:11:36 E 23 90 -1144 778 2800 2800
15:11:36 E 24 85 -1107 798 2800 2800
15:11:36 E 25 78 -1119 798 2800 2800
15:11:36 E 26 73 -1022 819 2800 2800
15:11:36 E 27 69 -906 835 2800 2800
15:11:36 E 28 67 -857 844 2800 2800
15:11:36 E 29 63 -875 859 2800 2800
15:11:36 E 30 57 -863 863 2800 2800
15:11:36 E 31 51 -796 872 2800 2800
15:11:36 E 32 45 -717 884 2800 2800
15:11:36 E 33 37 -644 893 2800 2800
15:11:36 E 34 29 -528 901 2800 2800
15:11:36 E 35 21 -290 915 2800 2800
15:11:36 E 36 15 -95 920 2800 2800
15:11:36 E 37 10 124 929 2800 2800
15:11:36 E 38 4 306 938 2800 2800
15:11:36 E 39 2 648 944 2800 2800
15:11:36 E 40 1 983 966 2800 2800
15:11:36 E 41 2 1331 964 2800 2800
15:11:36 E 42 7 1672 974 2800 2800
15:11:36 E 43 15 1922 979 2800 2800
15:11:36 E 44 26 2123 977 2800 2800
15:11:36 E 45 36 2209 989 2800 2800
15:11:36 E 46 49 2294 994 2800 2800
15:11:36 E 47 62 2306 1002 2800 2800
15:11:36 E 48 73 2306 1006 2800 2800
15:11:36 E 49 84 2324 1010 2800 2800
15:11:36 E 50 96 2318 1018 2800 2800
15:11:36 E 51 107 2257 1017 2800 2800
15:11:36 E 52 117 2221 1021 2800 2800
15:11:36 E 53 126 2129 1028 2800 2800
15:11:36 E 54 136 2020 1028 2800 2800
15:11:36 E 55 145 1916 1031 2800 2800
15:11:36 E 56 152 1782 1034 2800 2800
15:11:36 E 57 160 1629 1033 2800 2800
15:11:36 E 58 167 1453 1032 2800 2800
15:11:36 E 59 174 1227 1031 2800 2800
15:11:36 E 60 179 1038 1030 2800 2800
15:11:36 E 61 185 849 1028 2800 2800
15:11:36 E 62 188 593 1035 2775 2800
15:11:36 E 63 190 386 1038 2749 2800
15:11:36 E 64 190 148 1036 2713 2800
15:11:36 E 65 189 -77 1039 2670 2800
15:11:36 E 66 186 -229 1038 2644 2800
15:11:36 E 67 181 -345 1037 2612 2800
15:11:36 E 68 177 -461 1037 2571 2800
15:11:36 E 69 171 -516 1036 2560 2800
15:11:36 E 70 165 -497 1037 2535 2800
15:11:36 E 71 159 -473 1037 2499 2800
15:11:36 E 72 152 -442 1037 2467 2800
15:11:36 E 73 146 -357 1038 2440 2800
15:11:36 E 74 143 -211 1030 2431 2800
15:11:36 E 75 139 -119 1035 2414 2800
15:11:36 E 76 135 44 1036 2398 2800
15:11:36 E 77 135 185 1029 2402 2800
15:11:36 E 78 136 227 1033 2389 2800
15:11:36 E 79 136 258 1029 2393 2800
15:11:36 E 80 137 142 1025 2386 2800
15:11:36 E 81 137 105 1032 2391 2800
15:11:36 E 82 136 50 1024 2405 2800
15:11:36 E 83 134 50 1020 2395 2800
15:11:36 E 84 132 26 1020 2414 2800
15:11:36 E 85 130 -22 1016 2388 2800
15:11:36 E 86 126 -22 1020 2389 2800
15:11:36 E 87 123 -34 1020 2401 2800
15:11:36 E 88 119 -83 1019 2372 2800
15:11:36 E 89 116 -89 1015 2381 2800
15:11:36 E 90 113 -107 1011 2355 2800
15:11:36 E 91 111 -138 1011 2339 2800
15:11:36 E 92 110 -211 1007 2350 2800
15:11:36 E 93 108 -333 1006 2322 2800
15:11:36 E 94 108 -461 1005 2332 2800
15:11:36 E 95 105 -613 1000 2335 2800
15:11:36 E 96 101 -619 1004 2326 2800
15:11:36 E 97 99 -546 997 2345 2800
15:11:36 E 98 96 -546 997 2349 2800
15:11:36 E 99 92 -522 997 2350 2800
15:11:36 E 100 89 -424 986 2357 2800
15:11:36 E 101 86 -302 1002 2366 2800
15:11:36 E 102 83 -205 995 2367 2800
15:11:36 E 103 81 -95 991 2370 2800
15:11:36 E 104 79 14 996 2377 2800
15:11:36 E 105 77 142 985 2382 2800
15:11:36 E 106 76 294 990 2384 2800
15:11:36 E 107 79 404 990 2379 2800
15:11:36 E 108 80 374 986 2367 2800
15:11:36 E 109 81 410 986 2365 2800
15:11:36 E 110 83 386 986 2356 2800
15:11:36 E 111 85 331 982 2357 2800
15:11:36 E 112 86 282 982 2374 2800
15:11:36 E 113 87 197 981 2368 2800
15:11:36 E 114 86 111 977 2368 2800
15:11:36 E 115 85 124 981 2366 2800
15:11:36 E 116 84 221 981 2369 2800
15:11:36 E 117 83 319 970 2367 2800
15:11:36 E 118 83 404 974 2373 2800
15:11:36 E 119 83 550 971 2361 2800
15:11:36 R end
15:11:36 T 4512 1743 2822 2569 5174 0 1345
15:11:36 D 30500 0 1.61 0.000 2361 2800 0.01
15:11:36 D 30685 0 1.69 0.000 2361 2800 0.01
15:11:37 D 30785 0 1.88 0.000 2361 2800 0.01
15:11:37 D 30975 0 1.42 0.000 2361 2800 0.01
15:11:37 D 31320 2 2.54 1.014 2538 2785 0.01
15:11:37 D 31670 0 0.50 0.000 2418 2471 0.01
15:11:37 R 630 3 5.2
15:11:37 E 0 168 2001 290 2800 2800
15:11:37 E 1 175 2032 346 2800 2800
15:11:37 E 2 186 2318 388 2800 2800
15:11:37 E 3 198 2410 440 2800 2800
15:11:37 E 4 211 2574 477 2800 2800
15:11:37 E 5 225 2733 513 2800 2800
15:11:37 E 6 240 2770 549 2800 2800
15:11:37 E 7 255 2824 582 2800 2800
15:11:37 E 8 272 2855 613 2800 2800
15:11:37 E 9 288 2690 636 2800 2800
15:11:37 E 10 304 2501 663 2800 2800
15:11:37 E 11 318 2294 682 2800 2800
15:11:37 E 12 332 2215 705 2800 2800
15:11:37 E 13 344 2135 724 2800 2800
15:11:37 E 14 357 2087 744 2800 2800
15:11:37 E 15 368 2026 767 2800 2800
15:11:37 E 16 380 2062 783 2800 2800
15:11:37 E 17 390 2050 803 2800 2800
15:11:37 E 18 399 2014 815 2800 2800
15:11:37 E 19 408 1934 830 2800 2800
15:11:37 E 20 416 1971 838 2800 2800
15:11:37 E 21 425 2068 850 2800 2800
15:11:37 E 22 435 2123 867 2800 2800
15:11:37 E 23 443 2160 871 2800 2800
15:11:37 E 24 452 2209 887 2800 2800
15:11:37 E 25 462 2257 895 2800 2800
15:11:37 E 26 474 2233 902 2800 2800
15:11:37 E 27 484 2044 909 2800 2800
15:11:37 E 28 495 1818 920 2800 2800
15:11:37 E 29 505 1532 922 2800 2800
15:11:37 E 30 515 1111 923 2800 2800
15:11:37 E 31 521 587 932 2800 2800
15:11:37 E 32 524 117 929 2800 2800
15:11:37 E 33 524 -345 934 2800 2800
15:11:38 E 34 521 -747 948 2800 2800
15:11:38 E 35 516 -1089 942 2800 2800
15:11:38 E 36 509 -1393 952 2800 2800
15:11:38 E 37 501 -1595 963 2800 2800
15:11:38 E 38 492 -1790 954 2800 2800
15:11:38 E 39 482 -1967 969 2800 2800
15:11:38 E 40 471 -2119 968 2800 2800
15:11:38 E 41 460 -2223 972 2800 2800
15:11:38 E 42 449 -2332 979 2800 2800
15:11:38 E 43 436 -2454 983 2800 2800
15:11:38 E 44 422 -2466 987 2800 2800
15:11:38 E 45 410 -2430 987 2800 2800
15:11:38 E 46 396 -2430 995 2800 2800
15:11:38 E 47 384 -2430 992 2769 2800
15:11:38 E 48 372 -2412 996 2746 2800
15:11:38 E 49 360 -2460 1004 2718 2800
15:11:38 E 50 347 -2540 1003 2679 2800
15:11:38 E 51 333 -2576 1007 2660 2800
15:11:38 E 52 320 -2576 1011 2645 2800
15:11:38 E 53 306 -2564 1008 2620 2800
15:11:38 E 54 292 -2527 1012 2599 2800
15:11:38 E 55 279 -2448 1016 2587 2800
15:11:38 E 56 266 -2393 1013 2563 2800
15:11:38 E 57 254 -2369 1013 2538 2785
15:11:38 E 58 242 -2277 1014 2528 2774
15:11:38 E 59 233 -2247 1014 2521 2763
15:11:38 E 60 222 -2302 1018 2509 2750
15:11:38 E 61 211 -2314 1018 2512 2744
15:11:38 E 62 200 -2253 1018 2507 2734
15:11:38 E 63 189 -2204 1019 2502 2729
15:11:38 E 64 177 -2095 1011 2507 2727
15:11:38 E 65 166 -1906 1016 2507 2725
15:11:38 E 66 156 -1698 1014 2514 2728
15:11:38 E 67 148 -1528 1007 2513 2727
15:11:38 E 68 140 -1369 1012 2526 2732
15:11:38 E 69 136 -1204 1013 2531 2732
15:11:38 E 70 129 -1198 1009 2528 2725
15:11:38 E 71 122 -1058 1014 2539 2725
15:11:38 E 72 117 -857 1011 2549 2721
15:11:38 E 73 113 -674 1008 2563 2726
15:11:38 E 74 110 -540 1009 2574 2730
15:11:38 E 75 107 -467 1005 2575 2728
15:11:38 E 76 105 -375 1006 2574 2722
15:11:38 E 77 103 -272 1006 2593 2729
15:11:38 E 78 101 -156 1011 2588 2722
15:11:38 E 79 102 -83 1011 2584 2712
15:11:38 E 80 101 -156 1015 2608 2722
15:11:38 E 81 99 -144 1003 2583 2695
15:11:38 E 82 98 -83 1003 2605 2706
15:11:38 E 83 98 -52 1008 2615 2713
15:11:38 E 84 97 -107 999 2598 2695
15:11:38 E 85 95 -52 1008 2612 2711
15:11:38 E 86 93 57 1004 2588 2689
15:11:38 E 87 93 185 1005 2602 2703
15:11:38 E 88 95 288 1010 2592 2696
15:11:38 E 89 97 367 1010 2591 2694
15:11:38 E 90 99 422 1006 2599 2696
15:11:38 E 91 101 502 1007 2587 2676
15:11:38 E 92 105 575 1003 2596 2678
15:11:38 E 93 109 605 1003 2603 2675
15:11:38 E 94 112 569 1007 2608 2675
15:11:38 E 95 115 575 1007 2607 2668
15:11:38 E 96 119 563 1011 2602 2656
15:11:38 E 97 123 526 1003 2601 2647
15:11:38 E 98 125 410 1002 2582 2626
15:11:38 E 99 128 331 998 2578 2625
15:11:38 E 100 129 258 997 2576 2619
15:11:38 E 101 129 197 997 2570 2610
15:11:38 E 102 129 154 997 2563 2606
15:11:38 E 103 129 93 996 2545 2588
15:11:38 E 104 128 8 988 2545 2592
15:11:38 E 105 127 -28 996 2528 2574
15:11:38 E 106 126 -64 992 2522 2573
15:11:38 E 107 125 -131 987 2520 2570
15:11:38 E 108 124 -241 990 2506 2553
15:11:38 E 109 121 -345 986 2496 2549
15:11:38 E 110 120 -461 981 2481 2530
15:11:38 E 111 116 -637 980 2472 2517
15:11:38 E 112 111 -705 980 2461 2509
15:11:38 E 113 105 -747 976 2445 2497
15:11:38 E 114 100 -778 971 2441 2497
15:11:38 E 115 96 -753 968 2430 2485
15:11:38 E 116 92 -741 960 2422 2481
15:11:38 E 117 89 -747 960 2415 2476
15:11:38 E 118 86 -766 960 2415 2470
15:11:38 E 119 82 -766 956 2418 2471
15:11:38 R end
15:11:38 T 4445 1655 2783 2531 5165 0 126
15:11:38 D 32130 0 -0.19 0.000 2418 2471 0.01
15:11:38 D 32320 0 0.27 0.000 2418 2471 0.01
15:11:38 D 32510 0 0.17 0.000 2418 2471 0.01
15:11:39 D 32945 2 0.37 1.041 2800 2800 0.01
15:11:39 D 33300 0 1.23 0.000 2485 2510 0.01
15:11:39 R 630 3 1.2
15:11:39 E 0 21 483 277 2800 2800
15:11:39 E 1 20 239 324 2800 2800
15:11:39 E 2 20 282 368 2800 2800
15:11:39 E 3 22 367 412 2800 2800
15:11:39 E 4 25 319 456 2800 2800
15:11:39 E 5 26 276 495 2800 2800
15:11:39 E 6 28 282 527 2800 2800
15:11:39 E 7 30 185 563 2800 2800
15:11:39 E 8 30 197 591 2800 2800
15:11:39 E 9 30 203 611 2800 2800
15:11:39 E 10 31 154 646 2800 2800
15:11:39 E 11 33 160 670 2800 2800
15:11:39 E 12 32 81 690 2800 2800
15:11:39 E 13 34 136 722 2800 2800
15:11:39 E 14 35 75 733 2800 2800
15:11:39 E 15 38 26 749 2800 2800
15:11:39 E 16 37 -125 768 2800 2800
15:11:39 E 17 37 -174 780 2800 2800
15:11:39 E 18 36 -223 791 2800 2800
15:11:39 E 19 34 -205 816 2800 2800
15:11:39 E 20 33 -217 823 2800 2800
15:11:39 E 21 30 -296 839 2800 2800
15:11:39 E 22 28 -186 855 2800 2800
15:11:39 E 23 26 -107 864 2800 2800
15:11:39 E 24 25 -52 880 2800 2800
15:11:39 E 25 25 32 881 2800 2800
15:11:39 E 26 24 38 897 2800 2800
15:11:39 E 27 24 124 905 2800 2800
15:11:39 E 28 25 154 909 2800 2800
15:11:39 E 29 25 142 921 2800 2800
15:11:39 E 30 25 203 922 2800 2800
15:11:39 E 31 27 258 926 2800 2800
15:11:39 E 32 29 264 938 2800 2800
15:11:39 E 33 30 185 941 2800 2800
15:11:39 E 34 31 117 957 2800 2800
15:11:39 E 35 32 75 961 2800 2800
15:11:39 E 36 32 20 960 2800 2800
15:11:39 E 37 31 -40 968 2800 2800
15:11:39 E 38 30 -46 972 2800 2800
15:11:39 E 39 30 -46 976 2800 2800
15:11:39 E 40 29 -64 988 2800 2800
15:11:39 E 41 28 -89 992 2800 2800
15:11:39 E 42 28 -113 987 2800 2800
15:11:39 E 43 28 -119 991 2800 2800
15:11:39 E 44 27 -162 995 2800 2800
15:11:39 E 45 25 -113 999 2800 2800
15:11:39 E 46 24 -34 1008 2800 2800
15:11:39 E 47 23 44 1020 2800 2800
15:11:39 E 48 22 111 1025 2800 2800
15:11:39 E 49 22 227 1025 2800 2800
15:11:39 E 50 24 361 1026 2800 2800
15:11:39 E 51 26 349 1026 2800 2800
15:11:39 E 52 27 392 1022 2800 2800
15:11:39 E 53 30 398 1034 2800 2800
15:11:39 E 54 33 337 1034 2800 2800
15:11:39 E 55 35 178 1037 2800 2800
15:11:39 E 56 36 8 1040 2800 2800
15:11:39 E 57 36 -107 1035 2800 2800
15:11:39 E 58 35 -162 1043 2800 2800
15:11:39 E 59 33 -223 1051 2800 2800
15:11:39 E 60 32 -253 1046 2800 2800
15:11:39 E 61 31 -320 1046 2800 2800
15:11:39 E 62 29 -388 1046 2800 2800
15:11:39 E 63 27 -394 1042 2800 2800
15:11:39 E 64 26 -388 1050 2800 2800
15:11:39 E 65 24 -406 1050 2800 2800
15:11:39 E 66 22 -357 1054 2790 2800
15:11:39 E 67 21 -290 1050 2779 2800
15:11:39 E 68 20 -205 1051 2767 2799
15:11:39 E 69 18 -150 1059 2752 2789
15:11:39 E 70 17 -77 1055 2740 2779
15:11:39 E 71 17 2 1060 2739 2776
15:11:39 E 72 17 87 1064 2737 2770
15:11:39 E 73 18 166 1061 2727 2761
15:11:39 E 74 20 227 1065 2726 2759
15:11:39 E 75 22 233 1061 2725 2750
15:11:39 E 76 23 185 1061 2713 2739
15:11:39 E 77 24 191 1065 2709 2735
15:11:39 E 78 25 246 1061 2708 2729
15:11:39 E 79 26 282 1066 2707 2727
15:11:39 E 80 27 306 1066 2699 2723
15:11:39 E 81 30 313 1062 2687 2713
15:11:39 E 82 31 233 1065 2677 2703
15:11:39 E 83 31 215 1061 2673 2698
15:11:39 E 84 32 197 1061 2665 2692
15:11:39 E 85 33 166 1061 2660 2681
15:11:39 E 86 34 148 1053 2654 2673
15:11:39 E 87 34 130 1057 2641 2668
15:11:39 E 88 35 111 1053 2629 2657
15:11:39 E 89 35 93 1052 2626 2651
15:11:39 E 90 36 105 1053 2625 2645
15:11:39 E 91 36 57 1048 2615 2634
15:11:39 E 92 36 38 1048 2614 2630
15:11:39 E 93 35 50 1044 2612 2629
15:11:39 E 94 35 111 1045 2603 2621
15:11:39 E 95 34 130 1045 2595 2618
15:11:39 E 96 33 227 1037 2591 2616
15:11:39 E 97 33 386 1038 2583 2613
15:11:39 E 98 34 538 1039 2577 2616
15:11:39 E 99 37 678 1032 2578 2613
15:11:39 E 100 40 788 1037 2583 2615
15:11:39 E 101 45 849 1033 2579 2613
15:11:39 E 102 48 898 1033 2565 2598
15:11:39 E 103 53 1001 1034 2563 2591
15:11:39 E 104 58 1075 1030 2555 2582
15:11:39 E 105 63 1087 1026 2548 2580
15:11:39 E 106 69 1178 1023 2549 2579
15:11:39 E 107 75 1227 1019 2546 2572
15:11:39 E 108 83 1209 1019 2545 2569
15:11:39 E 109 90 1111 1014 2538 2559
15:11:39 E 110 96 989 1014 2539 2553
15:11:39 E 111 102 867 1013 2537 2548
15:11:39 E 112 106 764 1004 2537 2548
15:11:39 E 113 110 624 1008 2528 2537
15:11:39 E 114 112 477 999 2521 2531
15:11:39 E 115 116 428 994 2517 2533
15:11:39 E 116 117 300 994 2501 2517
15:11:39 E 117 118 233 993 2508 2521
15:11:39 E 118 118 203 993 2500 2519
15:11:39 E 119 119 172 989 2485 2510
15:11:39 R end
15:11:39 T 4450 1655 2790 2538 5155 0 126
15:11:39 D 33735 0 21.89 0.000 2485 2510 0.01
15:11:40 D 33925 0 27.15 0.000 2485 2510 0.01
15:11:40 D 34115 0 -15.66 0.000 2485 2510 0.01
15:11:40 D 34300 0 -5.48 0.000 2485 2510 0.01
15:11:40 D 34490 0 -8.69 0.000 2485 2510 0.01
15:11:40 D 34675 0 9.38 0.000 2485 2510 0.01
15:11:41 D 34855 0 -4.38 0.000 2485 2510 0.01
15:11:41 D 35035 0 2.05 0.000 2485 2510 0.01
15:11:41 D 35215 0 4.51 0.000 2485 2510 0.01
15:11:41 D 35400 0 5.68 0.000 2485 2510 0.01
15:11:41 D 35580 0 0.76 0.000 2485 2510 0.01
15:11:41 D 35760 0 4.29 0.000 2485 2510 0.01
15:11:42 D 35945 0 7.17 0.000 2485 2510 0.01
15:11:42 D 36125 0 8.52 0.000 2485 2510 0.01
15:11:42 D 36305 0 2.07 0.000 2485 2510 0.01
15:11:42 D 36485 0 1.00 0.000 2485 2510 0.01
15:11:42 D 36670 0 5.84 0.000 2485 2510 0.01
15:11:43 D 36850 0 8.92 0.000 2485 2510 0.01
15:11:43 D 37035 0 8.74 0.000 2485 2510 0.01
15:11:43 D 37215 0 11.70 0.000 2485 2510 0.01
15:11:43 D 37395 0 12.73 0.000 2485 2510 0.01
15:11:43 D 37575 0 13.94 0.000 2485 2510 0.01
15:11:43 D 37760 0 11.61 0.000 2485 2510 0.01
15:11:44 D 37940 0 6.27 0.000 2485 2510 0.01
15:11:44 D 38120 0 2.63 0.000 2485 2510 0.01
15:11:44 D 38305 0 4.00 0.000 2485 2510 0.01
15:11:44 D 38485 0 5.76 0.000 2485 2510 0.01
15:11:44 D 38665 0 7.92 0.000 2485 2510 0.01
15:11:45 D 38845 0 6.01 0.000 2485 2510 0.01
15:11:45 D 39030 0 4.05 0.000 2485 2510 0.01
15:11:45 D 39210 0 2.99 0.000 2485 2510 0.01
15:11:45 D 39390 0 3.00 0.000 2485 2510 0.01
15:11:45 D 39570 0 3.07 0.000 2485 2510 0.01
15:11:45 D 39755 0 3.29 0.000 2485 2510 0.01
15:11:46 D 40250 2 4.19 1.057 2800 2800 0.01
15:11:46 D 40560 0 4.37 0.000 2768 2383 0.01
15:11:46 R 655 3 4.2
15:11:46 E 0 336 -168 277 2800 2800
15:11:46 E 1 335 63 326 2800 2800
15:11:46 E 2 335 172 375 2800 2800
15:11:46 E 3 335 239 423 2800 2800
15:11:46 E 4 334 337 463 2800 2800
15:11:46 E 5 336 422 503 2800 2800
15:11:46 E 6 337 367 535 2800 2800
15:11:46 E 7 339 355 563 2800 2800
15:11:46 E 8 341 270 590 2800 2800
15:11:46 E 9 343 178 617 2800 2800
15:11:46 E 10 344 130 645 2800 2800
15:11:46 E 11 344 117 669 2800 2800
15:11:46 E 12 344 130 701 2800 2800
15:11:46 E 13 346 130 713 2800 2800
15:11:46 E 14 346 81 732 2800 2800
15:11:46 E 15 345 75 752 2800 2800
15:11:46 E 16 346 172 765 2800 2800
15:11:46 E 17 348 197 785 2800 2800
15:11:46 E 18 349 148 804 2800 2800
15:11:46 E 19 349 130 812 2800 2800
15:11:46 E 20 350 130 828 2800 2800
15:11:46 E 21 351 111 840 2800 2800
15:11:46 E 22 353 14 847 2800 2800
15:11:46 E 23 354 -101 866 2800 2800
15:11:46 E 24 352 -150 870 2800 2800
15:11:46 E 25 352 -77 882 2800 2800
15:11:46 E 26 352 -52 890 2800 2800
15:11:46 E 27 351 -64 898 2800 2800
15:11:46 E 28 349 -34 907 2800 2800
15:11:46 E 29 348 50 915 2800 2800
15:11:46 E 30 348 154 920 2800 2800
15:11:46 E 31 348 172 924 2800 2800
15:11:46 E 32 347 258 940 2800 2800
15:11:46 E 33 349 367 945 2800 2800
15:11:46 E 34 351 404 949 2800 2800
15:11:46 E 35 353 337 960 2800 2800
15:11:46 E 36 352 331 960 2800 2800
15:11:46 E 37 354 392 965 2800 2800
15:11:46 E 38 354 367 976 2800 2800
15:11:46 E 39 353 380 977 2800 2800
15:11:46 E 40 353 459 985 2800 2800
15:11:46 E 41 354 569 994 2800 2800
15:11:46 E 42 356 581 998 2800 2800
15:11:46 E 43 358 569 1005 2800 2800
15:11:46 E 44 361 581 1005 2800 2800
15:11:46 E 45 362 532 1009 2800 2800
15:11:46 E 46 363 526 1009 2800 2800
15:11:46 E 47 366 569 1009 2800 2800
15:11:46 E 48 369 581 1009 2800 2800
15:11:46 E 49 373 532 1017 2800 2800
15:11:46 E 50 376 477 1021 2800 2800
15:11:46 E 51 378 441 1024 2800 2800
15:11:46 E 52 381 428 1032 2800 2800
15:11:46 E 53 383 392 1028 2800 2800
15:11:46 E 54 386 392 1032 2800 2800
15:11:46 E 55 389 404 1036 2800 2800
15:11:46 E 56 392 343 1032 2800 2800
15:11:46 E 57 394 239 1039 2800 2800
15:11:46 E 58 396 239 1043 2800 2800
15:11:46 E 59 399 258 1043 2800 2800
15:11:46 E 60 401 209 1051 2800 2800
15:11:46 E 61 403 233 1047 2800 2800
15:11:46 E 62 405 221 1047 2800 2800
15:11:46 E 63 408 227 1047 2800 2800
15:11:46 E 64 411 154 1046 2800 2800
15:11:46 E 65 413 69 1054 2800 2800
15:11:46 E 66 417 14 1057 2800 2800
15:11:46 E 67 418 -101 1056 2800 2800
15:11:46 E 68 419 -162 1056 2800 2800
15:11:46 E 69 419 -217 1056 2800 2800
15:11:47 E 70 417 -253 1056 2800 2800
15:11:47 E 71 416 -162 1060 2800 2800
15:11:47 E 72 415 -71 1065 2800 2800
15:11:47 E 73 415 2 1077 2800 2800
15:11:47 E 74 414 38 1065 2800 2800
15:11:47 E 75 414 105 1074 2800 2800
15:11:47 E 76 413 111 1070 2800 2800
15:11:47 E 77 413 99 1058 2790 2787
15:11:47 E 78 414 111 1070 2774 2779
15:11:47 E 79 415 87 1070 2757 2768
15:11:47 E 80 415 38 1069 2739 2757
15:11:47 E 81 415 26 1073 2725 2747
15:11:47 E 82 415 38 1073 2726 2743
15:11:47 E 83 415 63 1069 2718 2736
15:11:47 E 84 417 50 1077 2712 2732
15:11:47 E 85 418 26 1073 2707 2724
15:11:47 E 86 420 -22 1069 2704 2716
15:11:47 E 87 420 -113 1068 2690 2706
15:11:47 E 88 419 -101 1060 2679 2697
15:11:47 E 89 418 -95 1064 2679 2690
15:11:47 E 90 417 -77 1065 2673 2684
15:11:47 E 91 416 8 1061 2677 2684
15:11:47 E 92 415 63 1065 2676 2679
15:11:47 E 93 416 75 1058 2676 2671
15:11:47 E 94 415 44 1061 2673 2665
15:11:47 E 95 415 2 1057 2664 2653
15:11:47 E 96 415 -10 1053 2663 2644
15:11:47 E 97 415 -83 1057 2664 2636
15:11:47 E 98 413 -95 1049 2654 2620
15:11:47 E 99 414 -83 1049 2654 2614
15:11:47 E 100 413 -113 1049 2654 2603
15:11:47 E 101 413 -205 1040 2639 2588
15:11:47 E 102 412 -199 1044 2642 2586
15:11:47 E 103 412 -235 1048 2647 2576
15:11:47 E 104 412 -260 1044 2651 2567
15:11:47 E 105 412 -278 1040 2657 2558
15:11:47 E 106 413 -302 1036 2667 2545
15:11:47 E 107 413 -345 1031 2678 2529
15:11:47 E 108 413 -442 1027 2683 2517
15:11:47 E 109 412 -528 1026 2694 2501
15:11:47 E 110 412 -601 1026 2703 2487
15:11:47 E 111 409 -759 1013 2704 2463
15:11:47 E 112 404 -778 1021 2714 2446
15:11:47 E 113 401 -692 1021 2724 2431
15:11:47 E 114 399 -564 1014 2734 2412
15:11:47 E 115 397 -461 1019 2747 2400
15:11:47 E 116 397 -406 1015 2755 2384
15:11:47 E 117 398 -308 1012 2756 2374
15:11:47 E 118 396 -107 1017 2765 2373
15:11:47 E 119 398 355 1016 2768 2383
15:11:47 R end
15:11:47 T 4450 1656 2797 2554 5163 0 131
15:11:47 D 41010 0 6.22 0.000 2768 2383 0.01
15:11:47 D 41200 0 7.07 0.000 2768 2383 0.01
15:11:47 D 41390 0 6.74 0.000 2768 2383 0.01
15:11:47 D 41575 0 7.34 0.000 2768 2383 0.01
15:11:47 D 41675 0 7.43 0.000 2768 2383 0.01
15:11:48 D 41860 0 6.79 0.000 2768 2383 0.01
15:11:48 D 42045 0 5.99 0.000 2768 2383 0.01
15:11:48 D 42230 0 4.11 0.000 2768 2383 0.01
15:11:48 D 42410 0 3.73 0.000 2768 2383 0.01
15:11:48 D 42590 0 3.50 0.000 2768 2383 0.01
15:11:49 D 42775 0 3.80 0.000 2768 2383 0.01
15:11:49 D 42955 0 3.45 0.000 2768 2383 0.01
15:11:49 D 43445 2 3.81 1.059 2800 2800 0.01
15:11:50 D 43760 0 4.18 0.000 2498 2447 0.01
15:11:50 R 650 3 4.2
15:11:50 E 0 359 172 243 2800 2800
15:11:50 E 1 363 246 291 2800 2800
15:11:50 E 2 364 136 338 2800 2800
15:11:50 E 3 366 142 386 2800 2800
15:11:50 E 4 367 50 429 2800 2800
15:11:50 E 5 368 2 469 2800 2800
15:11:50 E 6 366 -64 504 2800 2800
15:11:50 E 7 365 -10 537 2800 2800
15:11:50 E 8 363 -16 572 2800 2800
15:11:50 E 9 363 2 596 2800 2800
15:11:50 E 10 363 75 629 2800 2800
15:11:50 E 11 361 75 648 2800 2800
15:11:50 E 12 361 178 673 2800 2800
15:11:50 E 13 360 233 697 2800 2800
15:11:50 E 14 362 331 714 2800 2800
15:11:50 E 15 362 325 741 2800 2800
15:11:50 E 16 364 294 757 2800 2800
15:11:50 E 17 365 276 773 2800 2800
15:11:50 E 18 367 276 793 2800 2800
15:11:50 E 19 370 233 796 2800 2800
15:11:50 E 20 372 130 816 2800 2800
15:11:50 E 21 373 81 835 2800 2800
15:11:50 E 22 375 81 835 2800 2800
15:11:50 E 23 377 8 859 2800 2800
15:11:50 E 24 377 -46 862 2800 2800
15:11:50 E 25 377 -58 870 2800 2800
15:11:50 E 26 376 -46 894 2800 2800
15:11:50 E 27 377 44 895 2800 2800
15:11:50 E 28 378 44 903 2800 2800
15:11:50 E 29 378 32 919 2800 2800
15:11:50 E 30 377 50 915 2800 2800
15:11:50 E 31 378 93 923 2800 2800
15:11:50 E 32 378 44 931 2800 2800
15:11:50 E 33 378 2 930 2800 2800
15:11:50 E 34 379 -16 938 2800 2800
15:11:50 E 35 379 -58 954 2800 2800
15:11:50 E 36 379 -64 958 2800 2800
15:11:50 E 37 378 -77 958 2800 2800
15:11:50 E 38 378 -40 974 2800 2800
15:11:50 E 39 377 -40 966 2800 2800
15:11:50 E 40 377 -64 978 2800 2800
15:11:50 E 41 376 -3 986 2800 2800
15:11:50 E 42 377 38 982 2800 2800
15:11:50 E 43 378 38 1002 2800 2800
15:11:50 E 44 377 -10 998 2800 2800
15:11:50 E 45 377 -16 1002 2800 2800
15:11:50 E 46 378 -34 1002 2800 2800
15:11:50 E 47 378 -131 1001 2800 2800
15:11:50 E 48 376 -144 1009 2800 2800
15:11:50 E 49 375 -34 1010 2800 2800
15:11:50 E 50 375 26 1022 2800 2800
15:11:50 E 51 374 32 1018 2800 2800
15:11:50 E 52 373 117 1023 2800 2800
15:11:50 E 53 374 191 1031 2800 2800
15:11:50 E 54 375 203 1031 2800 2800
15:11:50 E 55 376 185 1031 2800 2800
15:11:50 E 56 377 166 1031 2800 2800
15:11:50 E 57 381 136 1038 2800 2800
15:11:50 E 58 381 -58 1037 2800 2800
15:11:50 E 59 381 -77 1045 2800 2800
15:11:50 E 60 381 -34 1041 2800 2800
15:11:50 E 61 380 -34 1041 2800 2800
15:11:50 E 62 379 -16 1046 2800 2800
15:11:50 E 63 379 81 1042 2800 2800
15:11:50 E 64 379 111 1054 2800 2800
15:11:50 E 65 379 93 1054 2800 2800
15:11:50 E 66 380 99 1058 2800 2800
15:11:50 E 67 381 57 1062 2800 2800
15:11:50 E 68 380 -52 1053 2800 2800
15:11:50 E 69 380 -46 1053 2800 2800
15:11:50 E 70 379 -46 1053 2800 2800
15:11:50 E 71 378 -77 1061 2800 2800
15:11:50 E 72 376 8 1062 2800 2800
15:11:50 E 73 376 117 1066 2800 2800
15:11:50 E 74 377 209 1063 2800 2800
15:11:50 E 75 378 215 1067 2800 2800
15:11:50 E 76 379 142 1066 2800 2786
15:11:50 E 77 378 26 1066 2796 2773
15:11:50 E 78 378 105 1070 2788 2768
15:11:50 E 79 377 160 1066 2770 2754
15:11:50 E 80 377 215 1071 2759 2749
15:11:50 E 81 377 239 1071 2744 2741
15:11:50 E 82 377 337 1072 2730 2730
15:11:50 E 83 378 374 1068 2721 2725
15:11:50 E 84 381 374 1072 2710 2719
15:11:50 E 85 382 306 1067 2703 2711
15:11:50 E 86 383 264 1067 2697 2703
15:11:50 E 87 384 227 1067 2683 2690
15:11:50 E 88 384 191 1067 2673 2678
15:11:50 E 89 384 233 1067 2677 2676
15:11:50 E 90 385 313 1063 2673 2673
15:11:50 E 91 386 319 1067 2672 2670
15:11:50 E 92 387 325 1059 2673 2661
15:11:50 E 93 389 404 1056 2682 2661
15:11:50 E 94 392 422 1056 2677 2651
15:11:50 E 95 395 404 1052 2681 2644
15:11:50 E 96 398 361 1059 2684 2640
15:11:50 E 97 401 300 1055 2680 2627
15:11:50 E 98 403 221 1055 2684 2620
15:11:50 E 99 405 130 1050 2685 2608
15:11:50 E 100 407 81 1042 2689 2599
15:11:50 E 101 407 2 1041 2682 2590
15:11:50 E 102 406 -16 1037 2683 2577
15:11:50 E 103 405 111 1034 2691 2574
15:11:50 E 104 407 221 1043 2691 2575
15:11:50 E 105 408 264 1039 2680 2563
15:11:50 E 106 410 221 1039 2674 2554
15:11:50 E 107 413 142 1038 2666 2544
15:11:50 E 108 414 38 1026 2653 2527
15:11:50 E 109 414 -83 1033 2635 2518
15:11:50 E 110 414 -52 1025 2627 2507
15:11:50 E 111 414 -64 1021 2606 2497
15:11:50 E 112 413 -52 1021 2594 2489
15:11:50 E 113 413 -10 1017 2580 2482
15:11:50 E 114 412 44 1022 2565 2479
15:11:50 E 115 413 93 1014 2552 2474
15:11:50 E 116 413 105 1014 2544 2471
15:11:50 E 117 413 81 1006 2529 2462
15:11:50 E 118 416 57 998 2514 2453
15:11:50 E 119 414 -71 1005 2498 2447
15:11:50 R end
15:11:50 T 4441 1689 2764 2518 5175 0 130
15:11:50 D 44205 0 6.43 0.000 2498 2447 0.01
15:11:50 D 44395 0 5.34 0.000 2498 2447 0.01
15:11:50 D 44580 0 4.88 0.000 2498 2447 0.01
15:11:50 D 44680 0 4.19 0.000 2498 2447 0.01
15:11:51 D 44870 0 2.16 0.000 2498 2447 0.01
15:11:51 D 45055 0 2.34 0.000 2498 2447 0.01
15:11:51 D 45240 0 3.65 0.000 2498 2447 0.01
15:11:51 D 45685 2 1.50 1.013 2800 2660 0.01
15:11:52 mpu_set_sensor complete ......
15:11:52 mpu_set_sensor complete ......
15:11:52 mpu_configure_fifo complete ......
15:11:52 mpu_set_sample_rate complete ......
15:11:53 dmp_load_motion_driver_firmware complete ......
15:11:53 dmp_set_orientation complete ......
15:11:53 dmp_enable_feature complete ......
15:11:53 dmp_set_fifo_rate complete ......
15:11:54 mpu_set_dmp_state complete ......
15:12:19 mode 28 RL
15:12:19 D 175 1 10.69 0.000 0 0 0.00
15:12:19 D 360 1 9.96 0.000 0 0 0.00
15:12:19 D 540 1 7.79 0.000 0 0 0.00
15:12:20 D 720 1 5.16 0.000 0 0 0.00
15:12:20 D 900 1 2.54 0.000 0 0 0.00
15:12:20 D 1085 1 2.64 0.000 0 0 0.00
15:12:20 D 1265 1 1.93 0.000 0 0 0.00
15:12:20 D 1445 1 2.92 0.000 0 0 0.00
15:12:20 D 1625 1 2.86 0.000 0 0 0.00
15:12:21 D 1810 1 0.49 0.000 0 0 0.00
15:12:21 D 1990 1 1.45 0.000 0 0 0.00
15:12:21 D 2170 1 1.86 0.000 0 0 0.00
15:12:21 D 2350 1 2.77 0.000 0 0 0.00
15:12:21 D 2535 1 2.78 0.000 0 0 0.00
15:12:22 D 2715 1 2.76 0.000 0 0 0.00
15:12:22 D 2895 1 2.83 0.000 0 0 0.00
15:12:22 D 3075 1 2.97 0.000 0 0 0.00
15:12:22 D 3255 1 2.80 0.000 0 0 0.00
15:12:22 D 3440 1 2.90 0.000 0 0 0.00
15:12:22 D 3620 1 3.02 0.000 0 0 0.00
15:12:23 D 3800 1 3.00 0.000 0 0 0.00
15:12:23 D 3980 1 2.95 0.000 0 0 0.00
15:12:23 D 4160 1 2.91 0.000 0 0 0.00
15:12:23 D 4345 1 2.90 0.000 0 0 0.00
15:12:23 D 4525 1 2.84 0.000 0 0 0.00
15:12:24 D 4705 1 2.87 0.000 0 0 0.00
15:12:24 D 4890 1 2.81 0.000 0 0 0.00
15:12:24 D 5070 1 2.82 0.000 0 0 0.00
15:12:24 D 5255 1 2.66 0.000 0 0 0.00
15:12:24 D 5435 1 2.72 0.000 0 0 0.00
15:12:24 D 5620 1 2.84 0.000 0 0 0.00
15:12:25 D 5800 1 2.77 0.000 0 0 0.00
15:12:25 D 5985 1 3.09 0.000 0 0 0.00
15:12:25 D 6170 1 2.77 0.000 0 0 0.00
15:12:25 D 6350 1 2.90 0.000 0 0 0.00
15:12:25 D 6535 1 2.79 0.000 0 0 0.00
15:12:26 cal done: pitch zero 1.67 roll zero -1.45 bias -0.0411 0.0043 0.0050
15:12:26 D 6720 0 0.39 0.000 0 0 1.67
15:12:26 D 6820 0 0.32 0.000 0 0 1.67
15:12:26 D 6920 0 0.34 0.000 0 0 1.67
15:12:26 D 7020 0 0.31 0.000 0 0 1.67
15:12:26 D 7120 0 0.27 0.000 0 0 1.67
15:12:26 D 7220 0 0.29 0.000 0 0 1.67
15:12:26 D 7320 0 0.34 0.000 0 0 1.67
15:12:26 D 7420 0 0.44 0.000 0 0 1.67
15:12:26 D 7520 0 0.34 0.000 0 0 1.67
15:12:26 D 7620 0 0.30 0.000 0 0 1.67
15:12:27 D 7720 0 0.37 0.000 0 0 1.67
15:12:27 D 7820 0 0.25 0.000 0 0 1.67
15:12:27 D 7920 0 0.28 0.000 0 0 1.67
15:12:27 D 8020 0 0.36 0.000 0 0 1.67
15:12:27 D 8120 0 0.30 0.000 0 0 1.67
15:12:27 D 8220 0 0.35 0.000 0 0 1.67
15:12:27 D 8320 0 0.30 0.000 0 0 1.67
15:12:27 D 8420 0 0.28 0.000 0 0 1.67
15:12:27 D 8520 0 0.34 0.000 0 0 1.67
15:12:27 D 8620 0 0.40 0.000 0 0 1.67
15:12:28 D 8720 0 0.30 0.000 0 0 1.67
15:12:28 D 8820 0 0.48 0.000 0 0 1.67
15:12:28 D 8920 0 0.35 0.000 0 0 1.67
15:12:28 D 9020 0 0.59 0.000 0 0 1.67
15:12:28 D 9120 0 0.52 0.000 0 0 1.67
15:12:28 D 9220 0 0.54 0.000 0 0 1.67
15:12:28 D 9320 0 0.45 0.000 0 0 1.67
15:12:28 D 9420 0 0.47 0.000 0 0 1.67
15:12:28 D 9520 0 0.33 0.000 0 0 1.67
15:12:28 D 9620 0 0.48 0.000 0 0 1.67
15:12:29 D 9720 0 0.36 0.000 0 0 1.67
15:12:29 D 9820 0 0.39 0.000 0 0 1.67
15:12:29 D 9920 0 0.45 0.000 0 0 1.67
15:12:29 D 10020 0 0.38 0.000 0 0 1.67
15:12:29 D 10120 0 0.33 0.000 0 0 1.67
15:12:29 D 10220 0 0.36 0.000 0 0 1.67
15:12:29 D 10320 0 0.31 0.000 0 0 1.67
15:12:29 D 10420 0 0.35 0.000 0 0 1.67
15:12:29 D 10520 0 0.44 0.000 0 0 1.67
15:12:29 D 10620 0 0.27 0.000 0 0 1.67
15:12:30 D 10720 0 0.25 0.000 0 0 1.67
15:12:30 D 10820 0 0.12 0.000 0 0 1.67
15:12:30 D 10920 0 0.00 0.000 0 0 1.67
15:12:30 D 11020 0 0.04 0.000 0 0 1.67
15:12:30 D 11120 0 0.08 0.000 0 0 1.67
15:12:30 D 11220 0 -0.08 0.000 0 0 1.67
15:12:30 D 11320 0 -0.22 0.000 0 0 1.67
15:12:30 D 11420 0 0.07 0.000 0 0 1.67
15:12:30 D 11520 0 -0.09 0.000 0 0 1.67
15:12:30 D 11620 0 -0.22 0.000 0 0 1.67
15:12:31 D 11720 0 -0.25 0.000 0 0 1.67
15:12:31 D 11820 0 -0.07 0.000 0 0 1.67
15:12:31 D 11920 0 0.18 0.000 0 0 1.67
15:12:31 D 12020 0 0.26 0.000 0 0 1.67
15:12:31 D 12120 0 0.13 0.000 0 0 1.67
15:12:31 D 12220 0 -0.44 0.000 0 0 1.67
15:12:31 D 12320 0 -3.25 0.000 0 0 1.67
15:12:31 D 12420 0 -1.31 0.000 0 0 1.67
15:12:31 D 12520 0 -0.94 0.000 0 0 1.67
15:12:31 D 12620 0 -2.34 0.000 0 0 1.67
15:12:32 D 12720 0 -0.97 0.000 0 0 1.67
15:12:32 D 12820 0 -0.62 0.000 0 0 1.67
15:12:32 D 12920 0 -2.86 0.000 0 0 1.67
15:12:32 D 13020 0 -3.02 0.000 0 0 1.67
15:12:32 D 13120 0 -2.17 0.000 0 0 1.67
15:12:32 D 13220 0 -1.11 0.000 0 0 1.67
15:12:32 D 13320 0 -1.81 0.000 0 0 1.67
15:12:32 D 13420 0 -1.86 0.000 0 0 1.67
15:12:32 D 13605 0 -0.42 0.000 0 0 1.67
15:12:33 D 13785 0 -1.15 0.000 0 0 1.67
15:12:33 D 13965 0 -0.90 0.000 0 0 1.67
15:12:33 D 14145 0 -0.63 0.000 0 0 1.67
15:12:33 D 14330 0 -3.92 0.000 0 0 1.67
15:12:33 D 14510 0 -11.52 0.000 0 0 1.67
15:12:34 D 14690 0 -24.09 0.000 0 0 1.67
15:12:34 D 14875 0 -31.97 0.000 0 0 1.67
15:12:34 D 15060 0 -32.46 0.000 0 0 1.67
15:12:34 D 15240 0 -33.73 0.000 0 0 1.67
15:12:34 D 15425 0 -34.25 0.000 0 0 1.67
15:12:34 D 15610 0 -35.39 0.000 0 0 1.67
15:12:35 D 15795 0 -39.69 0.000 0 0 1.67
15:12:35 D 15980 0 -42.56 0.000 0 0 1.67
15:12:35 D 16160 0 -42.56 0.000 0 0 1.67
15:12:35 D 16345 0 -42.16 0.000 0 0 1.67
15:12:35 D 16530 0 -41.46 0.000 0 0 1.67
15:12:36 D 16710 0 -22.14 0.000 0 0 1.67
15:12:36 D 16890 0 7.11 0.000 0 0 1.67
15:12:36 D 17075 0 27.22 0.000 0 0 1.67
15:12:36 D 17255 0 31.51 0.000 0 0 1.67
15:12:36 D 17440 0 33.00 0.000 0 0 1.67
15:12:36 D 17625 0 36.09 0.000 0 0 1.67
15:12:37 D 17805 0 32.40 0.000 0 0 1.67
15:12:37 D 17985 0 0.40 0.000 0 0 1.67
15:12:37 D 18165 0 -5.04 0.000 0 0 1.67
15:12:37 D 18345 0 -3.78 0.000 0 0 1.67
15:12:37 D 18525 0 1.68 0.000 0 0 1.67
15:12:38 D 18705 0 0.08 0.000 0 0 1.67
15:12:38 D 18885 0 -0.79 0.000 0 0 1.67
15:12:38 D 19070 0 -1.33 0.000 0 0 1.67
15:12:38 D 19250 0 -0.38 0.000 0 0 1.67
15:12:38 D 19430 0 2.11 0.000 0 0 1.67
15:12:39 D 19800 2 -1.61 -0.072 -2121 -2319 1.67
15:12:39 D 20325 2 -4.10 -0.072 -2070 -2349 1.67
15:12:40 D 20845 2 -5.99 -0.024 -2800 -2607 1.67
15:12:40 D 21370 2 -3.83 -0.004 -2800 -2674 1.67
15:12:41 D 21895 2 1.69 0.058 -1560 1343 1.67
15:12:41 D 22430 2 -26.46 -0.899 -2800 -2800 1.67
15:12:42 D 22855 0 -33.93 0.000 -2800 -2800 1.67
15:12:42 R 3370 3 33.7
15:12:42 E 0 -1303 -12666 -347 -2800 -2800
15:12:42 E 1 -1367 -12251 -394 -2800 -2800
15:12:42 E 2 -1429 -11782 -433 -2800 -2800
15:12:42 E 3 -1487 -11367 -464 -2800 -2800
15:12:42 E 4 -1545 -11063 -511 -2800 -2800
15:12:42 E 5 -1600 -10788 -539 -2800 -2800
15:12:42 E 6 -1654 -10642 -575 -2800 -2800
15:12:42 E 7 -1706 -10538 -600 -2800 -2800
15:12:42 E 8 -1761 -10593 -621 -2800 -2800
15:12:42 E 9 -1812 -10544 -653 -2800 -2800
15:12:42 E 10 -1866 -10648 -670 -2800 -2800
15:12:42 E 11 -1920 -10685 -699 -2800 -2800
15:12:42 E 12 -1972 -10624 -718 -2800 -2800
15:12:42 E 13 -2027 -10599 -727 -2800 -2800
15:12:42 E 14 -2081 -10410 -746 -2800 -2800
15:12:42 E 15 -2134 -10154 -757 -2800 -2800
15:12:42 E 16 -2185 -9795 -770 -2800 -2800
15:12:42 E 17 -2235 -9392 -780 -2800 -2800
15:12:42 E 18 -2282 -8856 -786 -2800 -2800
15:12:42 E 19 -2329 -8264 -795 -2800 -2800
15:12:42 E 20 -2371 -7521 -792 -2800 -2800
15:12:42 E 21 -2409 -6685 -803 -2800 -2800
15:12:42 E 22 -2444 -5917 -811 -2800 -2800
15:12:42 E 23 -2475 -5198 -813 -2800 -2800
15:12:42 E 24 -2502 -4399 -821 -2800 -2800
15:12:42 E 25 -2524 -3674 -819 -2800 -2800
15:12:42 E 26 -2543 -3064 -822 -2800 -2800
15:12:42 E 27 -2561 -2491 -832 -2800 -2800
15:12:42 E 28 -2575 -1918 -832 -2800 -2800
15:12:42 E 29 -2585 -1375 -835 -2800 -2800
15:12:42 E 30 -2592 -967 -844 -2800 -2800
15:12:42 E 31 -2598 -668 -842 -2800 -2800
15:12:42 E 32 -2601 -424 -851 -2800 -2800
15:12:42 E 33 -2602 -327 -854 -2800 -2800
15:12:42 E 34 -2604 -394 -858 -2800 -2800
15:12:42 E 35 -2608 -503 -865 -2800 -2800
15:12:42 E 36 -2610 -619 -873 -2800 -2800
15:12:42 E 37 -2614 -839 -877 -2800 -2800
15:12:42 E 38 -2621 -1119 -882 -2800 -2800
15:12:42 E 39 -2629 -1253 -889 -2800 -2800
15:12:42 E 40 -2638 -1320 -889 -2800 -2800
15:12:42 E 41 -2646 -1363 -899 -2800 -2800
15:12:42 E 42 -2656 -1460 -899 -2800 -2800
15:12:42 E 43 -2666 -1546 -895 -2800 -2800
15:12:42 E 44 -2677 -1528 -897 -2800 -2800
15:12:42 E 45 -2688 -1473 -900 -2800 -2800
15:12:42 E 46 -2698 -1345 -905 -2800 -2800
15:12:42 E 47 -2706 -1211 -907 -2800 -2800
15:12:42 E 48 -2714 -1150 -917 -2800 -2800
15:12:42 E 49 -2722 -1156 -906 -2800 -2800
15:12:42 E 50 -2730 -1101 -905 -2800 -2800
15:12:42 E 51 -2737 -1107 -908 -2800 -2800
15:12:42 E 52 -2744 -1143 -904 -2800 -2800
15:12:42 E 53 -2752 -1192 -914 -2800 -2800
15:12:42 E 54 -2760 -1204 -914 -2800 -2800
15:12:42 E 55 -2768 -1241 -917 -2800 -2800
15:12:42 E 56 -2776 -1296 -916 -2800 -2800
15:12:42 E 57 -2783 -1320 -916 -2800 -2800
15:12:42 E 58 -2790 -1467 -923 -2800 -2800
15:12:42 E 59 -2798 -1674 -923 -2800 -2800
15:12:42 E 60 -2808 -1808 -920 -2800 -2800
15:12:42 E 61 -2818 -1973 -923 -2800 -2800
15:12:42 E 62 -2829 -2186 -923 -2800 -2800
15:12:42 E 63 -2841 -2351 -927 -2800 -2800
15:12:42 E 64 -2853 -2424 -926 -2800 -2800
15:12:42 E 65 -2867 -2497 -925 -2800 -2800
15:12:42 E 66 -2879 -2552 -924 -2800 -2800
15:12:42 E 67 -2891 -2588 -923 -2800 -2800
15:12:42 E 68 -2904 -2631 -926 -2800 -2800
15:12:42 E 69 -2919 -2722 -929 -2800 -2800
15:12:42 E 70 -2932 -2692 -931 -2800 -2800
15:12:42 E 71 -2945 -2680 -926 -2800 -2800
15:12:42 E 72 -2961 -2668 -928 -2800 -2800
15:12:42 E 73 -2977 -2576 -926 -2800 -2800
15:12:42 E 74 -2991 -2393 -917 -2800 -2800
15:12:42 E 75 -3003 -2162 -925 -2800 -2800
15:12:42 E 76 -3016 -1954 -919 -2800 -2800
15:12:42 E 77 -3026 -1710 -914 -2800 -2800
15:12:42 E 78 -3034 -1576 -923 -2800 -2800
15:12:42 E 79 -3043 -1479 -914 -2800 -2800
15:12:42 E 80 -3050 -1345 -920 -2800 -2800
15:12:42 E 81 -3057 -1290 -926 -2800 -2800
15:12:42 E 82 -3063 -1320 -915 -2800 -2800
15:12:42 E 83 -3070 -1363 -915 -2800 -2800
15:12:42 E 84 -3077 -1454 -918 -2800 -2800
15:12:42 E 85 -3085 -1564 -914 -2800 -2800
15:12:42 E 86 -3094 -1723 -918 -2800 -2800
15:12:42 E 87 -3103 -1814 -921 -2800 -2800
15:12:42 E 88 -3112 -1960 -917 -2800 -2800
15:12:42 E 89 -3124 -2204 -921 -2800 -2800
15:12:42 E 90 -3135 -2344 -920 -2800 -2800
15:12:42 E 91 -3147 -2466 -920 -2800 -2800
15:12:42 E 92 -3161 -2607 -919 -2800 -2800
15:12:42 E 93 -3176 -2704 -915 -2800 -2800
15:12:42 E 94 -3190 -2777 -917 -2800 -2800
15:12:42 E 95 -3205 -2790 -915 -2800 -2800
15:12:42 E 96 -3220 -2771 -914 -2800 -2800
15:12:42 E 97 -3236 -2698 -915 -2800 -2800
15:12:42 E 98 -3250 -2546 -913 -2800 -2800
15:12:42 E 99 -3263 -2381 -911 -2800 -2800
15:12:42 E 100 -3276 -2198 -909 -2800 -2800
15:12:42 E 101 -3288 -2058 -910 -2800 -2800
15:12:42 E 102 -3298 -1912 -905 -2800 -2800
15:12:42 E 103 -3308 -1778 -903 -2800 -2800
15:12:42 E 104 -3318 -1601 -905 -2800 -2800
15:12:42 E 105 -3328 -1412 -900 -2800 -2800
15:12:42 E 106 -3333 -1143 -901 -2800 -2800
15:12:42 E 107 -3339 -942 -899 -2800 -2800
15:12:42 E 108 -3344 -784 -895 -2800 -2800
15:12:42 E 109 -3347 -625 -904 -2800 -2800
15:12:42 E 110 -3349 -509 -896 -2800 -2800
15:12:42 E 111 -3350 -491 -893 -2800 -2800
15:12:42 E 112 -3353 -503 -896 -2800 -2800
15:12:42 E 113 -3356 -522 -889 -2800 -2800
15:12:42 E 114 -3358 -497 -895 -2800 -2800
15:12:42 E 115 -3360 -473 -902 -2800 -2800
15:12:42 E 116 -3362 -369 -894 -2800 -2800
15:12:42 E 117 -3364 -394 -891 -2800 -2800
15:12:42 E 118 -3365 -461 -894 -2800 -2800
15:12:42 E 119 -3367 -473 -891 -2800 -2800
15:12:42 R end
15:12:42 T 4505 1686 2823 2574 5171 0 674
15:12:42 D 23380 0 -34.64 0.000 -2800 -2800 1.67
15:12:42 D 23480 0 -34.98 0.000 -2800 -2800 1.67
15:12:42 D 23580 0 -35.00 0.000 -2800 -2800 1.67
15:12:43 D 23770 0 -35.24 0.000 -2800 -2800 1.67
15:12:43 D 23870 0 -35.76 0.000 -2800 -2800 1.67
15:12:43 D 24060 0 -36.44 0.000 -2800 -2800 1.67
15:12:43 D 24160 0 -36.66 0.000 -2800 -2800 1.67
15:12:43 D 24350 0 -37.05 0.000 -2800 -2800 1.67
15:12:43 D 24535 0 -37.36 0.000 -2800 -2800 1.67
15:12:44 D 24720 0 -37.72 0.000 -2800 -2800 1.67
15:12:44 D 24905 0 -37.82 0.000 -2800 -2800 1.67
15:12:44 D 25090 0 -36.26 0.000 -2800 -2800 1.67
15:12:44 D 25275 0 -17.15 0.000 -2800 -2800 1.67
15:12:44 D 25455 0 7.43 0.000 -2800 -2800 1.67
15:12:45 D 25640 0 31.64 0.000 -2800 -2800 1.67
15:12:45 D 25825 0 42.03 0.000 -2800 -2800 1.67
15:12:45 D 26010 0 47.49 0.000 -2800 -2800 1.67
15:12:45 D 26195 0 55.20 0.000 -2800 -2800 1.67
15:12:45 D 26385 0 56.24 0.000 -2800 -2800 1.67
15:12:45 D 26570 0 56.94 0.000 -2800 -2800 1.67
15:12:46 D 26755 0 58.15 0.000 -2800 -2800 1.67
15:12:46 D 26940 0 59.64 0.000 -2800 -2800 1.67
15:12:46 D 27130 0 60.41 0.000 -2800 -2800 1.67
15:12:46 D 27315 0 60.97 0.000 -2800 -2800 1.67
15:12:46 D 27500 0 61.20 0.000 -2800 -2800 1.67
15:12:47 D 27685 0 61.31 0.000 -2800 -2800 1.67
15:12:47 D 27870 0 61.45 0.000 -2800 -2800 1.67
15:12:47 D 28055 0 59.69 0.000 -2800 -2800 1.67
15:12:47 D 28240 0 55.74 0.000 -2800 -2800 1.67
15:12:47 D 28425 0 9.84 0.000 -2800 -2800 1.67
15:12:47 D 28605 0 -20.97 0.000 -2800 -2800 1.67
15:12:48 D 28790 0 -42.28 0.000 -2800 -2800 1.67
15:12:48 D 28975 0 -51.16 0.000 -2800 -2800 1.67
15:12:48 D 29160 0 -52.47 0.000 -2800 -2800 1.67
15:12:48 D 29345 0 -50.98 0.000 -2800 -2800 1.67
15:12:48 D 29530 0 -44.07 0.000 -2800 -2800 1.67
15:12:49 D 29715 0 -25.34 0.000 -2800 -2800 1.67
15:12:49 D 29900 0 -13.36 0.000 -2800 -2800 1.67
15:12:49 D 30085 0 -12.48 0.000 -2800 -2800 1.67
15:12:49 D 30270 0 -12.21 0.000 -2800 -2800 1.67
15:12:49 D 30455 0 -10.96 0.000 -2800 -2800 1.67
15:12:50 D 30635 0 -11.80 0.000 -2800 -2800 1.67
15:12:50 D 30815 0 -7.65 0.000 -2800 -2800 1.67
15:12:50 D 31000 0 -6.06 0.000 -2800 -2800 1.67
15:12:50 D 31180 0 -4.98 0.000 -2800 -2800 1.67
15:12:50 D 31360 0 -3.07 0.000 -2800 -2800 1.67
15:12:50 D 31540 0 -2.68 0.000 -2800 -2800 1.67
15:12:51 D 31725 0 -1.00 0.000 -2800 -2800 1.67
15:12:51 D 31905 0 -0.51 0.000 -2800 -2800 1.67
15:12:51 D 32085 0 -0.29 0.000 -2800 -2800 1.67
15:12:51 D 32265 0 -0.58 0.000 -2800 -2800 1.67
15:12:51 D 32450 0 -1.03 0.000 -2800 -2800 1.67
15:12:52 D 32690 2 -0.85 -0.000 -1559 -1567 1.67
15:12:52 D 33225 2 -1.01 -1.048 -2602 -2718 1.67
15:12:52 D 33435 0 -1.22 0.000 -2522 -2611 1.67
15:12:52 R 755 3 1.2
15:12:52 E 0 -91 -442 -281 -2800 -2800
15:12:52 E 1 -94 -461 -325 -2800 -2800
15:12:52 E 2 -95 -406 -373 -2800 -2800
15:12:52 E 3 -98 -381 -416 -2800 -2800
15:12:52 E 4 -99 -357 -456 -2800 -2800
15:12:52 E 5 -100 -296 -495 -2800 -2800
15:12:52 E 6 -101 -205 -523 -2800 -2800
15:12:52 E 7 -103 -168 -559 -2800 -2800
15:12:52 E 8 -104 -113 -590 -2800 -2800
15:12:52 E 9 -104 -3 -613 -2800 -2800
15:12:52 E 10 -107 2 -641 -2800 -2800
15:12:52 E 11 -105 191 -664 -2800 -2800
15:12:52 E 12 -105 209 -684 -2800 -2800
15:12:52 E 13 -103 337 -707 -2800 -2800
15:12:52 E 14 -102 307 -735 -2800 -2800
15:12:52 E 15 -99 319 -739 -2800 -2800
15:12:52 E 16 -98 325 -759 -2800 -2800
15:12:52 E 17 -94 380 -779 -2800 -2800
15:12:52 E 18 -93 276 -787 -2800 -2800
15:12:52 E 19 -90 258 -811 -2800 -2800
15:12:52 E 20 -88 185 -824 -2800 -2800
15:12:52 E 21 -88 160 -832 -2800 -2800
15:12:52 E 22 -86 136 -844 -2800 -2800
15:12:52 E 23 -86 38 -856 -2800 -2800
15:12:52 E 24 -87 2 -868 -2800 -2800
15:12:52 E 25 -86 87 -876 -2800 -2800
15:12:52 E 26 -85 14 -884 -2800 -2800
15:12:52 E 27 -86 -113 -897 -2800 -2800
15:12:52 E 28 -87 -113 -905 -2800 -2800
15:12:52 E 29 -87 -83 -913 -2800 -2800
15:12:52 E 30 -87 -89 -925 -2800 -2800
15:12:52 E 31 -88 -125 -929 -2800 -2800
15:12:52 E 32 -89 -107 -937 -2800 -2800
15:12:52 E 33 -90 -16 -940 -2800 -2800
15:12:52 E 34 -90 -22 -944 -2800 -2800
15:12:52 E 35 -91 -3 -960 -2800 -2800
15:12:52 E 36 -93 111 -959 -2800 -2800
15:12:52 E 37 -91 239 -959 -2800 -2800
15:12:52 E 38 -90 233 -971 -2800 -2800
15:12:52 E 39 -89 154 -967 -2800 -2800
15:12:52 E 40 -89 136 -975 -2800 -2800
15:12:52 E 41 -88 111 -987 -2800 -2800
15:12:52 E 42 -87 8 -984 -2800 -2800
15:12:52 E 43 -89 -95 -993 -2800 -2800
15:12:52 E 44 -90 -101 -993 -2800 -2800
15:12:52 E 45 -90 -138 -997 -2800 -2800
15:12:52 E 46 -93 -192 -1001 -2800 -2800
15:12:52 E 47 -94 -174 -997 -2800 -2800
15:12:52 E 48 -94 -144 -1001 -2800 -2800
15:12:52 E 49 -94 -186 -1005 -2800 -2800
15:12:52 E 50 -95 -241 -1009 -2800 -2800
15:12:52 E 51 -95 -241 -1013 -2800 -2800
15:12:52 E 52 -96 -272 -1021 -2800 -2800
15:12:52 E 53 -98 -302 -1018 -2800 -2800
15:12:52 E 54 -100 -320 -1022 -2800 -2800
15:12:52 E 55 -100 -278 -1022 -2800 -2800
15:12:52 E 56 -101 -266 -1021 -2800 -2800
15:12:52 E 57 -103 -253 -1029 -2800 -2800
15:12:52 E 58 -105 -223 -1025 -2800 -2800
15:12:52 E 59 -105 -138 -1029 -2800 -2800
15:12:52 E 60 -104 -107 -1032 -2800 -2800
15:12:52 E 61 -104 -150 -1029 -2800 -2800
15:12:53 E 62 -105 -198 -1033 -2800 -2800
15:12:53 E 63 -107 -211 -1033 -2800 -2800
15:12:53 E 64 -108 -174 -1029 -2800 -2800
15:12:53 E 65 -108 -95 -1040 -2800 -2800
15:12:53 E 66 -110 -58 -1044 -2800 -2800
15:12:53 E 67 -109 20 -1044 -2800 -2800
15:12:53 E 68 -109 50 -1051 -2800 -2800
15:12:53 E 69 -108 99 -1047 -2791 -2800
15:12:53 E 70 -107 148 -1043 -2778 -2800
15:12:53 E 71 -105 166 -1051 -2773 -2800
15:12:53 E 72 -104 111 -1047 -2763 -2800
15:12:53 E 73 -104 44 -1044 -2759 -2800
15:12:53 E 74 -104 32 -1052 -2757 -2800
15:12:53 E 75 -103 20 -1056 -2752 -2800
15:12:53 E 76 -104 -16 -1044 -2734 -2800
15:12:53 E 77 -103 -22 -1052 -2729 -2800
15:12:53 E 78 -102 -16 -1048 -2715 -2800
15:12:53 E 79 -104 -58 -1044 -2707 -2800
15:12:53 E 80 -104 -16 -1056 -2694 -2800
15:12:53 E 81 -103 32 -1052 -2685 -2793
15:12:53 E 82 -102 32 -1052 -2676 -2786
15:12:53 E 83 -102 -16 -1048 -2664 -2774
15:12:53 E 84 -103 -46 -1048 -2660 -2767
15:12:53 E 85 -103 -40 -1044 -2652 -2759
15:12:53 E 86 -104 -16 -1044 -2642 -2752
15:12:53 E 87 -104 32 -1048 -2631 -2748
15:12:53 E 88 -104 111 -1043 -2616 -2735
15:12:53 E 89 -103 93 -1047 -2617 -2734
15:12:53 E 90 -103 105 -1047 -2603 -2730
15:12:53 E 91 -102 111 -1043 -2600 -2719
15:12:53 E 92 -101 69 -1047 -2602 -2718
15:12:53 E 93 -101 32 -1040 -2591 -2714
15:12:53 E 94 -101 20 -1036 -2585 -2706
15:12:53 E 95 -101 8 -1032 -2590 -2712
15:12:53 E 96 -101 -3 -1028 -2585 -2703
15:12:53 E 97 -100 -22 -1032 -2581 -2704
15:12:53 E 98 -100 -70 -1028 -2580 -2703
15:12:53 E 99 -102 -138 -1033 -2574 -2688
15:12:53 E 100 -102 -89 -1028 -2580 -2693
15:12:53 E 101 -103 -150 -1025 -2577 -2685
15:12:53 E 102 -105 -205 -1025 -2578 -2682
15:12:53 E 103 -107 -205 -1021 -2577 -2680
15:12:53 E 104 -108 -205 -1021 -2577 -2675
15:12:53 E 105 -109 -217 -1021 -2572 -2670
15:12:53 E 106 -111 -223 -1013 -2572 -2663
15:12:53 E 107 -113 -150 -1017 -2571 -2662
15:12:53 E 108 -113 -77 -1016 -2561 -2647
15:12:53 E 109 -115 -89 -1012 -2563 -2650
15:12:53 E 110 -115 8 -1012 -2561 -2643
15:12:53 E 111 -114 2 -1004 -2552 -2637
15:12:53 E 112 -114 -52 -1000 -2554 -2638
15:12:53 E 113 -115 -70 -1000 -2550 -2634
15:12:53 E 114 -116 -70 -1004 -2548 -2636
15:12:53 E 115 -116 -52 -1000 -2536 -2626
15:12:53 E 116 -116 -40 -1000 -2536 -2620
15:12:53 E 117 -116 -34 -992 -2532 -2613
15:12:53 E 118 -116 20 -988 -2526 -2613
15:12:53 E 119 -116 14 -996 -2522 -2611
15:12:53 R end
15:12:53 T 4488 1684 2808 2557 5165 0 151
15:12:53 D 33915 0 -1.15 0.000 -2522 -2611 1.67
15:12:53 D 34105 0 -1.01 0.000 -2522 -2611 1.67
15:12:53 D 34295 0 -1.11 0.000 -2522 -2611 1.67
15:12:53 D 34485 2 10.71 0.521 2800 2800 1.67
15:12:54 D 34990 2 15.38 1.044 2800 2754 1.67
15:12:54 D 35140 0 15.74 0.000 2746 2635 1.67
15:12:54 R 695 3 15.6
15:12:54 E 0 807 11658 304 2800 2800
15:12:54 E 1 864 10945 358 2800 2800
15:12:54 E 2 920 10457 402 2800 2800
15:12:54 E 3 971 9890 446 2800 2800
15:12:54 E 4 1021 9378 489 2800 2800
15:12:54 E 5 1071 8787 520 2800 2800
15:12:54 E 6 1116 8202 547 2800 2800
15:12:54 E 7 1157 7580 578 2800 2800
15:12:54 E 8 1197 6988 605 2800 2800
15:12:54 E 9 1232 6208 631 2800 2800
15:12:54 E 10 1264 5476 653 2800 2800
15:12:54 E 11 1291 4574 671 2800 2800
15:12:54 E 12 1312 3763 685 2800 2800
15:12:54 E 13 1327 2971 695 2800 2800
15:12:54 E 14 1339 2343 719 2800 2800
15:12:54 E 15 1347 1727 734 2800 2800
15:12:54 E 16 1353 1258 755 2800 2800
15:12:54 E 17 1355 794 767 2800 2800
15:12:54 E 18 1356 459 777 2800 2800
15:12:54 E 19 1354 172 787 2800 2800
15:12:54 E 20 1353 -9 798 2800 2800
15:12:54 E 21 1350 -162 813 2800 2800
15:12:54 E 22 1347 -253 828 2800 2800
15:12:54 E 23 1346 -363 839 2800 2800
15:12:54 E 24 1343 -491 850 2800 2800
15:12:54 E 25 1340 -601 857 2800 2800
15:12:54 E 26 1337 -650 861 2800 2800
15:12:54 E 27 1334 -765 872 2800 2800
15:12:54 E 28 1331 -906 875 2800 2800
15:12:54 E 29 1328 -1040 882 2800 2800
15:12:54 E 30 1322 -1143 893 2800 2800
15:12:54 E 31 1317 -1137 897 2800 2800
15:12:54 E 32 1310 -1119 909 2800 2800
15:12:54 E 33 1303 -1015 918 2800 2800
15:12:54 E 34 1297 -839 923 2800 2800
15:12:54 E 35 1292 -631 928 2800 2800
15:12:54 E 36 1287 -442 934 2800 2800
15:12:54 E 37 1285 -192 939 2800 2800
15:12:54 E 38 1284 26 948 2800 2800
15:12:54 E 39 1282 191 957 2800 2800
15:12:54 E 40 1281 428 962 2800 2800
15:12:54 E 41 1283 660 975 2800 2800
15:12:54 E 42 1286 886 976 2800 2800
15:12:54 E 43 1289 1075 985 2800 2800
15:12:54 E 44 1296 1245 989 2800 2800
15:12:54 E 45 1303 1361 990 2800 2800
15:12:54 E 46 1310 1447 994 2800 2800
15:12:54 E 47 1319 1489 994 2800 2800
15:12:54 E 48 1327 1550 998 2800 2800
15:12:54 E 49 1336 1611 998 2800 2800
15:12:54 E 50 1345 1605 1009 2800 2800
15:12:54 E 51 1353 1587 1008 2800 2800
15:12:54 E 52 1362 1629 1020 2800 2800
15:12:54 E 53 1371 1654 1020 2800 2800
15:12:54 E 54 1381 1581 1015 2800 2800
15:12:54 E 55 1390 1520 1018 2800 2800
15:12:54 E 56 1399 1422 1013 2800 2800
15:12:54 E 57 1407 1239 1020 2800 2800
15:12:54 E 58 1414 971 1022 2800 2800
15:12:54 E 59 1419 709 1024 2800 2800
15:12:54 E 60 1425 496 1022 2800 2800
15:12:54 E 61 1427 191 1024 2800 2800
15:12:54 E 62 1426 26 1020 2800 2800
15:12:54 E 63 1427 -58 1019 2800 2800
15:12:54 E 64 1426 -162 1026 2800 2800
15:12:54 E 65 1424 -192 1022 2800 2800
15:12:54 E 66 1422 -168 1034 2800 2800
15:12:54 E 67 1421 -156 1034 2800 2800
15:12:54 E 68 1420 -125 1035 2800 2800
15:12:54 E 69 1418 -40 1039 2800 2800
15:12:54 E 70 1417 -28 1035 2800 2800
15:12:54 E 71 1416 14 1035 2800 2800
15:12:54 E 72 1416 111 1036 2800 2800
15:12:54 E 73 1417 221 1040 2800 2800
15:12:54 E 74 1416 264 1041 2800 2800
15:12:54 E 75 1416 392 1049 2800 2800
15:12:54 E 76 1417 587 1046 2800 2800
15:12:54 E 77 1421 758 1047 2800 2800
15:12:54 E 78 1425 837 1051 2800 2800
15:12:54 E 79 1429 800 1051 2800 2800
15:12:54 E 80 1432 764 1051 2800 2800
15:12:54 E 81 1436 776 1054 2800 2800
15:12:54 E 82 1440 794 1047 2800 2800
15:12:54 E 83 1444 776 1050 2800 2800
15:12:54 E 84 1448 770 1054 2800 2800
15:12:54 E 85 1453 764 1050 2800 2800
15:12:54 E 86 1459 745 1057 2800 2800
15:12:54 E 87 1463 654 1052 2800 2800
15:12:54 E 88 1467 605 1052 2800 2800
15:12:54 E 89 1472 605 1052 2800 2800
15:12:54 E 90 1476 587 1051 2800 2800
15:12:54 E 91 1479 593 1051 2800 2800
15:12:54 E 92 1483 678 1052 2800 2800
15:12:54 E 93 1487 703 1055 2800 2800
15:12:54 E 94 1490 709 1059 2800 2800
15:12:54 E 95 1494 831 1060 2800 2800
15:12:54 E 96 1499 904 1060 2800 2800
15:12:54 E 97 1504 910 1059 2800 2800
15:12:54 E 98 1508 855 1055 2800 2800
15:12:54 E 99 1513 825 1059 2800 2800
15:12:54 E 100 1517 843 1058 2800 2800
15:12:54 E 101 1521 794 1058 2800 2800
15:12:54 E 102 1526 691 1069 2800 2800
15:12:54 E 103 1530 605 1056 2800 2793
15:12:54 E 104 1532 587 1056 2800 2782
15:12:54 E 105 1534 550 1052 2800 2768
15:12:54 E 106 1537 496 1044 2800 2754
15:12:54 E 107 1541 477 1051 2800 2747
15:12:54 E 108 1545 441 1055 2800 2733
15:12:54 E 109 1546 337 1054 2800 2717
15:12:54 E 110 1547 288 1046 2800 2705
15:12:54 E 111 1549 264 1054 2800 2699
15:12:54 E 112 1551 215 1046 2799 2685
15:12:54 E 113 1551 197 1053 2786 2677
15:12:54 E 114 1551 233 1057 2778 2669
15:12:54 E 115 1552 300 1050 2776 2662
15:12:54 E 116 1555 380 1054 2768 2659
15:12:54 E 117 1556 435 1046 2760 2649
15:12:54 E 118 1558 441 1046 2763 2646
15:12:54 E 119 1559 416 1046 2746 2635
15:12:54 R end
15:12:54 T 4437 1655 2782 2531 5170 0 139
15:12:54 D 35615 0 15.69 0.000 2746 2635 1.67
15:12:55 D 35715 0 15.64 0.000 2746 2635 1.67
15:12:55 D 35900 0 15.94 0.000 2746 2635 1.67
15:12:55 D 36000 0 16.01 0.000 2746 2635 1.67
15:12:55 D 36190 0 16.23 0.000 2746 2635 1.67
15:12:55 D 36380 0 16.33 0.000 2746 2635 1.67
15:12:55 D 36565 0 16.51 0.000 2746 2635 1.67
15:12:56 D 36750 0 16.44 0.000 2746 2635 1.67
15:12:56 D 36930 0 16.07 0.000 2746 2635 1.67
15:12:56 D 37115 0 15.81 0.000 2746 2635 1.67
15:12:56 D 37295 0 16.78 0.000 2746 2635 1.67
15:12:56 D 37480 0 17.07 0.000 2746 2635 1.67
15:12:57 D 37660 0 18.88 0.000 2746 2635 1.67
15:12:57 D 37840 0 19.60 0.000 2746 2635 1.67
15:12:57 D 38025 0 20.09 0.000 2746 2635 1.67
15:12:57 D 38205 0 20.99 0.000 2746 2635 1.67
15:12:57 D 38390 0 21.29 0.000 2746 2635 1.67
15:12:57 D 38570 0 21.17 0.000 2746 2635 1.67
15:12:58 D 38755 0 21.28 0.000 2746 2635 1.67
15:12:58 D 38935 0 19.70 0.000 2746 2635 1.67
15:12:58 D 39120 0 11.91 0.000 2746 2635 1.67
15:12:58 D 39300 0 2.22 0.000 2746 2635 1.67
15:12:58 D 39480 0 6.38 0.000 2746 2635 1.67
15:12:59 D 39660 0 11.31 0.000 2746 2635 1.67
15:12:59 D 39845 0 -1.43 0.000 2746 2635 1.67
15:12:59 D 40025 0 -4.51 0.000 2746 2635 1.67
15:12:59 D 40205 0 -4.60 0.000 2746 2635 1.67
15:12:59 D 40390 0 -5.44 0.000 2746 2635 1.67
15:12:59 D 40570 0 -6.32 0.000 2746 2635 1.67
15:13:00 D 40750 0 -5.81 0.000 2746 2635 1.67
15:13:00 D 40935 0 -6.79 0.000 2746 2635 1.67
15:13:00 D 41115 0 -7.66 0.000 2746 2635 1.67
15:13:00 D 41295 0 -9.39 0.000 2746 2635 1.67
15:13:00 D 41475 0 1.00 0.000 2746 2635 1.67
15:13:01 D 41660 0 6.69 0.000 2746 2635 1.67
15:13:01 D 41840 0 8.77 0.000 2746 2635 1.67
15:13:01 D 42020 0 8.74 0.000 2746 2635 1.67
15:13:01 D 42205 0 8.54 0.000 2746 2635 1.67
15:13:01 D 42385 0 7.53 0.000 2746 2635 1.67
15:13:01 D 42565 0 7.04 0.000 2746 2635 1.67
15:13:02 D 42745 0 6.98 0.000 2746 2635 1.67
15:13:02 D 42930 0 7.06 0.000 2746 2635 1.67
15:13:02 D 43110 0 7.14 0.000 2746 2635 1.67
15:13:02 D 43290 0 7.22 0.000 2746 2635 1.67
15:13:02 D 43475 0 7.17 0.000 2746 2635 1.67
15:13:03 D 43655 0 7.04 0.000 2746 2635 1.67
15:13:03 D 43835 0 6.97 0.000 2746 2635 1.67
15:13:03 D 44015 0 6.24 0.000 2746 2635 1.67
15:13:03 D 44200 0 5.54 0.000 2746 2635 1.67
15:13:03 D 44380 0 5.14 0.000 2746 2635 1.67
15:13:03 D 44560 0 4.98 0.000 2746 2635 1.67
15:13:04 D 44740 0 4.76 0.000 2746 2635 1.67
15:13:04 D 44925 0 4.12 0.000 2746 2635 1.67
15:13:04 D 45180 2 4.07 0.598 2800 2800 1.67
15:13:05 D 45685 2 4.39 1.037 2603 2533 1.67
15:13:05 D 45825 0 4.51 0.000 2541 2456 1.67
15:13:05 R 655 3 4.4
15:13:05 E 0 404 227 291 2800 2800
15:13:05 E 1 405 191 339 2800 2800
15:13:05 E 2 408 124 386 2800 2800
15:13:05 E 3 407 2 429 2800 2800
15:13:05 E 4 407 -3 465 2800 2800
15:13:05 E 5 406 -64 500 2800 2800
15:13:05 E 6 407 -131 536 2800 2800
15:13:05 E 7 406 -272 567 2800 2800
15:13:05 E 8 406 -363 598 2800 2800
15:13:05 E 9 403 -528 621 2800 2800
15:13:05 E 10 402 -589 644 2800 2800
15:13:05 E 11 399 -723 671 2800 2800
15:13:05 E 12 394 -814 695 2800 2800
15:13:05 E 13 390 -808 711 2800 2800
15:13:05 E 14 385 -796 731 2800 2800
15:13:05 E 15 382 -784 751 2800 2800
15:13:05 E 16 379 -741 767 2800 2800
15:13:05 E 17 377 -711 783 2800 2800
15:13:05 E 18 373 -753 803 2800 2800
15:13:05 E 19 369 -717 811 2800 2800
15:13:05 E 20 365 -711 827 2800 2800
15:13:05 E 21 360 -674 839 2800 2800
15:13:05 E 22 358 -607 847 2800 2800
15:13:05 E 23 353 -583 860 2800 2800
15:13:05 E 24 349 -467 868 2800 2800
15:13:05 E 25 346 -357 885 2800 2800
15:13:05 E 26 344 -241 889 2800 2800
15:13:05 E 27 343 -168 902 2800 2800
15:13:05 E 28 342 -70 910 2800 2800
15:13:05 E 29 342 38 915 2800 2800
15:13:05 E 30 343 191 928 2800 2800
15:13:05 E 31 345 288 932 2800 2800
15:13:05 E 32 347 343 937 2800 2800
15:13:05 E 33 349 374 945 2800 2800
15:13:05 E 34 350 367 949 2800 2800
15:13:05 E 35 352 410 957 2800 2800
15:13:05 E 36 355 428 965 2800 2800
15:13:05 E 37 357 428 969 2800 2800
15:13:05 E 38 359 465 973 2800 2800
15:13:05 E 39 362 502 977 2800 2800
15:13:05 E 40 365 489 985 2800 2800
15:13:05 E 41 366 483 985 2800 2800
15:13:05 E 42 370 483 989 2800 2800
15:13:05 E 43 372 435 993 2800 2800
15:13:05 E 44 374 386 992 2800 2800
15:13:05 E 45 376 343 1000 2800 2800
15:13:05 E 46 379 307 1008 2800 2800
15:13:05 E 47 380 209 1007 2800 2800
15:13:05 E 48 380 154 1015 2800 2800
15:13:05 E 49 380 118 1018 2800 2800
15:13:05 E 50 381 130 1019 2800 2800
15:13:05 E 51 380 118 1022 2800 2800
15:13:05 E 52 380 148 1019 2800 2800
15:13:05 E 53 381 172 1023 2800 2800
15:13:05 E 54 382 154 1031 2800 2800
15:13:05 E 55 382 185 1035 2800 2800
15:13:05 E 56 383 233 1039 2800 2800
15:13:05 E 57 385 252 1035 2800 2800
15:13:05 E 58 386 227 1035 2800 2800
15:13:05 E 59 386 215 1039 2800 2800
15:13:05 E 60 388 221 1043 2800 2800
15:13:05 E 61 389 160 1046 2800 2800
15:13:05 E 62 390 99 1046 2800 2800
15:13:05 E 63 391 75 1050 2800 2800
15:13:05 E 64 392 -3 1049 2800 2800
15:13:05 E 65 393 -101 1053 2800 2800
15:13:05 E 66 393 -168 1056 2800 2800
15:13:05 E 67 392 -217 1048 2800 2800
15:13:05 E 68 392 -223 1052 2800 2800
15:13:05 E 69 392 -180 1056 2800 2800
15:13:05 E 70 394 -119 1057 2800 2800
15:13:05 E 71 394 -101 1069 2800 2800
15:13:05 E 72 394 -58 1065 2795 2800
15:13:05 E 73 396 57 1062 2800 2800
15:13:05 E 74 397 148 1070 2799 2800
15:13:05 E 75 398 294 1063 2797 2800
15:13:05 E 76 400 453 1068 2799 2800
15:13:05 E 77 404 563 1072 2798 2800
15:13:05 E 78 406 569 1069 2786 2793
15:13:05 E 79 408 648 1073 2785 2791
15:13:05 E 80 410 752 1077 2788 2792
15:13:05 E 81 414 813 1078 2777 2786
15:13:05 E 82 419 843 1074 2781 2785
15:13:05 E 83 423 776 1077 2772 2773
15:13:05 E 84 426 691 1069 2762 2762
15:13:05 E 85 430 599 1072 2761 2759
15:13:05 E 86 435 477 1076 2757 2753
15:13:05 E 87 437 331 1079 2762 2749
15:13:05 E 88 438 178 1078 2762 2741
15:13:05 E 89 438 63 1073 2750 2727
15:13:05 E 90 439 2 1073 2753 2721
15:13:05 E 91 438 -52 1064 2745 2710
15:13:05 E 92 437 -89 1072 2734 2703
15:13:05 E 93 437 -101 1076 2726 2698
15:13:05 E 94 436 -144 1064 2707 2676
15:13:05 E 95 433 -131 1072 2696 2668
15:13:05 E 96 431 -9 1069 2685 2659
15:13:05 E 97 430 63 1057 2663 2641
15:13:05 E 98 429 136 1070 2652 2634
15:13:05 E 99 428 239 1062 2646 2627
15:13:05 E 100 429 319 1063 2632 2614
15:13:05 E 101 429 367 1075 2628 2612
15:13:05 E 102 430 398 1055 2621 2601
15:13:05 E 103 432 428 1059 2618 2595
15:13:05 E 104 434 380 1051 2617 2583
15:13:05 E 105 435 288 1043 2608 2570
15:13:05 E 106 438 203 1054 2603 2563
15:13:05 E 107 439 63 1045 2603 2552
15:13:05 E 108 439 -9 1041 2609 2547
15:13:05 E 109 439 -52 1037 2603 2533
15:13:05 E 110 439 -83 1032 2602 2528
15:13:05 E 111 439 -107 1028 2599 2517
15:13:05 E 112 439 -150 1032 2591 2506
15:13:05 E 113 438 -144 1028 2586 2501
15:13:05 E 114 437 -113 1024 2590 2499
15:13:05 E 115 437 -83 1025 2583 2491
15:13:05 E 116 436 -40 1017 2573 2482
15:13:05 E 117 437 -28 1017 2564 2478
15:13:05 E 118 435 -119 1016 2545 2459
15:13:05 E 119 433 8 1013 2541 2456
15:13:05 R end
15:13:05 T 4443 1656 2784 2532 5166 0 131
15:13:05 D 46275 0 4.92 0.000 2541 2456 1.67
15:13:05 D 46375 0 5.01 0.000 2541 2456 1.67
15:13:05 D 46560 0 5.06 0.000 2541 2456 1.67
15:13:06 D 46660 0 5.11 0.000 2541 2456 1.67
15:13:06 D 46810 2 5.44 0.603 2800 2800 1.67
15:13:06 D 47310 2 5.39 1.036 2595 2531 1.67
15:13:06 D 47450 0 5.31 0.000 2548 2482 1.67
15:13:06 R 625 3 5.4
15:13:06 E 0 523 953 255 2800 2800
15:13:06 E 1 521 374 303 2800 2800
15:13:06 E 2 525 538 348 2800 2800
15:13:06 E 3 528 587 396 2800 2800
15:13:06 E 4 534 544 435 2800 2800
15:13:06 E 5 536 441 474 2800 2800
15:13:06 E 6 539 422 514 2800 2800
15:13:06 E 7 540 221 545 2800 2800
15:13:06 E 8 541 118 580 2800 2800
15:13:06 E 9 544 38 603 2800 2800
15:13:06 E 10 543 -101 630 2800 2800
15:13:06 E 11 542 -119 658 2800 2800
15:13:06 E 12 542 -192 673 2800 2800
15:13:06 E 13 541 -266 700 2800 2800
15:13:06 E 14 538 -333 724 2800 2800
15:13:06 E 15 537 -290 740 2800 2800
15:13:06 E 16 536 -333 756 2800 2800
15:13:06 E 17 534 -357 771 2800 2800
15:13:06 E 18 532 -296 788 2800 2800
15:13:06 E 19 529 -241 804 2800 2800
15:13:06 E 20 529 -138 828 2800 2800
15:13:06 E 21 528 -77 837 2800 2800
15:13:06 E 22 528 -9 841 2800 2800
15:13:06 E 23 527 63 857 2800 2800
15:13:06 E 24 527 191 866 2800 2800
15:13:06 E 25 530 300 878 2800 2800
15:13:06 E 26 531 294 894 2800 2800
15:13:06 E 27 532 349 899 2800 2800
15:13:06 E 28 535 416 903 2800 2800
15:13:06 E 29 538 331 914 2800 2800
15:13:06 E 30 539 258 918 2800 2800
15:13:06 E 31 540 185 925 2800 2800
15:13:06 E 32 540 124 933 2800 2800
15:13:06 E 33 541 63 940 2800 2800
15:13:06 E 34 541 -28 940 2800 2800
15:13:06 E 35 541 -101 947 2800 2800
15:13:06 E 36 540 -150 951 2800 2800
15:13:06 E 37 539 -186 955 2800 2800
15:13:06 E 38 538 -180 963 2800 2800
15:13:06 E 39 538 -174 971 2800 2800
15:13:06 E 40 538 -168 975 2800 2800
15:13:06 E 41 537 -205 979 2800 2800
15:13:06 E 42 536 -156 987 2800 2800
15:13:06 E 43 535 -77 987 2800 2800
15:13:06 E 44 535 -40 996 2800 2800
15:13:06 E 45 535 20 996 2800 2800
15:13:06 E 46 535 87 1000 2800 2800
15:13:06 E 47 537 136 1000 2800 2800
15:13:06 E 48 537 136 1008 2800 2800
15:13:06 E 49 537 142 1012 2800 2800
15:13:06 E 50 538 160 1016 2800 2800
15:13:06 E 51 538 142 1024 2800 2800
15:13:06 E 52 538 99 1020 2800 2800
15:13:06 E 53 539 87 1028 2800 2800
15:13:06 E 54 541 32 1028 2800 2800
15:13:06 E 55 540 -64 1027 2800 2800
15:13:06 E 56 539 -83 1031 2800 2800
15:13:06 E 57 540 -95 1031 2800 2800
15:13:06 E 58 539 -150 1038 2800 2800
15:13:06 E 59 537 -168 1042 2800 2800
15:13:06 E 60 537 -131 1043 2800 2800
15:13:06 E 61 537 -113 1047 2800 2800
15:13:06 E 62 536 -156 1046 2800 2800
15:13:06 E 63 535 -131 1047 2800 2800
15:13:06 E 64 533 -101 1055 2800 2800
15:13:06 E 65 532 -77 1051 2800 2800
15:13:06 E 66 532 -28 1051 2800 2800
15:13:06 E 67 532 26 1063 2800 2800
15:13:06 E 68 532 26 1055 2800 2800
15:13:06 E 69 532 14 1059 2800 2800
15:13:07 E 70 533 44 1064 2800 2800
15:13:07 E 71 534 63 1056 2800 2800
15:13:07 E 72 535 32 1063 2800 2800
15:13:07 E 73 536 -22 1063 2800 2800
15:13:07 E 74 537 -52 1067 2800 2800
15:13:07 E 75 537 -58 1063 2800 2800
15:13:07 E 76 536 -95 1071 2800 2800
15:13:07 E 77 536 -64 1067 2800 2800
15:13:07 E 78 535 -64 1071 2800 2796
15:13:07 E 79 535 -9 1075 2800 2791
15:13:07 E 80 536 -3 1071 2797 2776
15:13:07 E 81 536 -3 1087 2790 2772
15:13:07 E 82 535 -40 1071 2772 2754
15:13:07 E 83 535 -34 1071 2766 2743
15:13:07 E 84 535 -64 1071 2751 2731
15:13:07 E 85 533 -64 1059 2737 2714
15:13:07 E 86 532 14 1071 2739 2715
15:13:07 E 87 532 81 1080 2737 2709
15:13:07 E 88 533 99 1072 2723 2699
15:13:07 E 89 534 75 1080 2711 2692
15:13:07 E 90 534 63 1076 2703 2680
15:13:07 E 91 535 32 1067 2693 2670
15:13:07 E 92 535 50 1075 2691 2667
15:13:07 E 93 535 87 1068 2683 2656
15:13:07 E 94 537 118 1064 2686 2653
15:13:07 E 95 537 38 1063 2673 2641
15:13:07 E 96 538 20 1063 2663 2634
15:13:07 E 97 538 32 1055 2659 2626
15:13:07 E 98 539 -3 1063 2654 2617
15:13:07 E 99 538 -22 1059 2651 2610
15:13:07 E 100 538 2 1055 2644 2600
15:13:07 E 101 539 32 1059 2646 2597
15:13:07 E 102 539 44 1051 2641 2590
15:13:07 E 103 539 38 1051 2630 2579
15:13:07 E 104 541 38 1047 2626 2573
15:13:07 E 105 540 -77 1043 2614 2560
15:13:07 E 106 539 -77 1047 2603 2550
15:13:07 E 107 539 -22 1039 2608 2548
15:13:07 E 108 538 -16 1039 2609 2545
15:13:07 E 109 538 -28 1035 2595 2531
15:13:07 E 110 539 -22 1027 2584 2522
15:13:07 E 111 539 -28 1031 2575 2517
15:13:07 E 112 539 -58 1023 2571 2508
15:13:07 E 113 539 -70 1027 2570 2509
15:13:07 E 114 539 -52 1023 2567 2507
15:13:07 E 115 538 -40 1019 2561 2497
15:13:07 E 116 538 -9 1015 2550 2487
15:13:07 E 117 539 14 1012 2548 2485
15:13:07 E 118 538 20 1008 2547 2479
15:13:07 E 119 538 93 1008 2548 2482
15:13:07 R end
15:13:07 T 4432 1683 2759 2498 5165 0 125
15:13:07 D 47895 0 5.18 0.000 2548 2482 1.67
15:13:07 D 47995 0 5.17 0.000 2548 2482 1.67
15:13:07 D 48185 0 5.20 0.000 2548 2482 1.67
15:13:07 D 48370 0 3.91 0.000 2548 2482 1.67
15:13:07 D 48470 0 0.57 0.000 2548 2482 1.67
15:13:08 D 48655 0 -5.25 0.000 2548 2482 1.67
15:13:08 D 48755 0 -7.23 0.000 2548 2482 1.67
15:13:08 D 48935 0 -9.34 0.000 2548 2482 1.67
15:13:08 D 49120 0 -9.11 0.000 2548 2482 1.67
15:13:08 D 49300 0 -9.11 0.000 2548 2482 1.67
15:13:08 D 49485 0 -8.56 0.000 2548 2482 1.67
15:13:09 D 49665 0 -7.38 0.000 2548 2482 1.67
15:13:09 D 49850 0 -5.78 0.000 2548 2482 1.67
15:13:09 D 50030 0 -4.70 0.000 2548 2482 1.67
15:13:09 D 50210 0 -4.25 0.000 2548 2482 1.67
15:13:09 D 50395 0 -4.11 0.000 2548 2482 1.67
15:13:09 D 50575 0 -4.23 0.000 2548 2482 1.67
15:13:10 D 50760 0 -2.64 0.000 2548 2482 1.67
15:13:10 D 51310 2 -2.37 -1.056 -2758 -2800 1.67
15:13:11 D 51580 0 -2.54 0.000 -2535 -2621 1.67
15:13:11 R 665 3 2.4
15:13:11 E 0 -233 -64 -239 -2800 -2800
15:13:11 E 1 -234 -107 -295 -2800 -2800
15:13:11 E 2 -236 -46 -334 -2800 -2800
15:13:11 E 3 -239 38 -382 -2800 -2800
15:13:11 E 4 -238 130 -425 -2800 -2800
15:13:11 E 5 -236 215 -464 -2800 -2800
15:13:11 E 6 -234 233 -500 -2800 -2800
15:13:11 E 7 -233 252 -536 -2800 -2800
15:13:11 E 8 -231 319 -567 -2800 -2800
15:13:11 E 9 -230 307 -591 -2800 -2800
15:13:11 E 10 -227 367 -619 -2800 -2800
15:13:11 E 11 -223 367 -647 -2800 -2800
15:13:11 E 12 -222 270 -667 -2800 -2800
15:13:11 E 13 -219 258 -699 -2800 -2800
15:13:11 E 14 -218 172 -724 -2800 -2800
15:13:11 E 15 -217 185 -731 -2800 -2800
15:13:11 E 16 -216 148 -752 -2800 -2800
15:13:11 E 17 -214 75 -760 -2800 -2800
15:13:11 E 18 -213 -52 -781 -2800 -2800
15:13:11 E 19 -215 -138 -801 -2800 -2800
15:13:11 E 20 -214 -101 -817 -2800 -2800
15:13:11 E 21 -215 -223 -833 -2800 -2800
15:13:11 E 22 -217 -272 -842 -2800 -2800
15:13:11 E 23 -219 -302 -858 -2800 -2800
15:13:11 E 24 -220 -290 -870 -2800 -2800
15:13:11 E 25 -222 -253 -877 -2800 -2800
15:13:11 E 26 -224 -266 -889 -2800 -2800
15:13:11 E 27 -228 -223 -897 -2800 -2800
15:13:11 E 28 -228 -28 -904 -2800 -2800
15:13:11 E 29 -227 -3 -916 -2800 -2800
15:13:11 E 30 -228 -3 -924 -2800 -2800
15:13:11 E 31 -229 81 -931 -2800 -2800
15:13:11 E 32 -227 136 -935 -2800 -2800
15:13:11 E 33 -226 105 -943 -2800 -2800
15:13:11 E 34 -226 38 -947 -2800 -2800
15:13:11 E 35 -225 44 -955 -2800 -2800
15:13:11 E 36 -223 8 -963 -2800 -2800
15:13:11 E 37 -223 -138 -964 -2800 -2800
15:13:11 E 38 -226 -235 -973 -2800 -2800
15:13:11 E 39 -228 -186 -977 -2800 -2800
15:13:11 E 40 -228 -125 -976 -2800 -2800
15:13:11 E 41 -229 -174 -984 -2800 -2800
15:13:11 E 42 -230 -180 -992 -2800 -2800
15:13:11 E 43 -230 -156 -992 -2800 -2800
15:13:11 E 44 -231 -217 -997 -2800 -2800
15:13:11 E 45 -232 -241 -1001 -2800 -2800
15:13:11 E 46 -234 -211 -993 -2800 -2800
15:13:11 E 47 -233 -125 -1000 -2800 -2800
15:13:11 E 48 -234 -144 -1004 -2800 -2800
15:13:11 E 49 -235 -119 -1008 -2800 -2800
15:13:11 E 50 -236 -52 -1015 -2800 -2800
15:13:11 E 51 -235 -3 -1015 -2800 -2800
15:13:11 E 52 -236 50 -1019 -2800 -2800
15:13:11 E 53 -234 87 -1019 -2800 -2800
15:13:11 E 54 -233 32 -1015 -2800 -2800
15:13:11 E 55 -232 -46 -1019 -2800 -2800
15:13:11 E 56 -233 -101 -1020 -2800 -2800
15:13:11 E 57 -234 -113 -1024 -2800 -2800
15:13:11 E 58 -234 -113 -1032 -2800 -2800
15:13:11 E 59 -235 -107 -1036 -2800 -2800
15:13:11 E 60 -236 -125 -1036 -2800 -2800
15:13:11 E 61 -236 -107 -1036 -2800 -2800
15:13:11 E 62 -236 -58 -1039 -2800 -2800
15:13:11 E 63 -236 -46 -1035 -2800 -2800
15:13:11 E 64 -237 -107 -1040 -2800 -2800
15:13:11 E 65 -238 -119 -1044 -2800 -2800
15:13:11 E 66 -240 -77 -1040 -2800 -2800
15:13:11 E 67 -239 38 -1043 -2800 -2800
15:13:11 E 68 -238 57 -1047 -2800 -2800
15:13:11 E 69 -238 87 -1043 -2800 -2800
15:13:11 E 70 -237 111 -1046 -2800 -2800
15:13:11 E 71 -236 75 -1051 -2800 -2800
15:13:11 E 72 -236 50 -1047 -2800 -2800
15:13:11 E 73 -235 75 -1051 -2798 -2800
15:13:11 E 74 -235 -16 -1055 -2794 -2800
15:13:11 E 75 -235 -83 -1052 -2782 -2800
15:13:11 E 76 -237 -95 -1056 -2771 -2800
15:13:11 E 77 -237 -34 -1055 -2758 -2800
15:13:11 E 78 -238 -9 -1051 -2749 -2800
15:13:11 E 79 -238 44 -1051 -2731 -2800
15:13:11 E 80 -237 69 -1055 -2721 -2800
15:13:11 E 81 -237 93 -1058 -2709 -2800
15:13:11 E 82 -236 154 -1058 -2699 -2797
15:13:11 E 83 -235 215 -1062 -2686 -2791
15:13:11 E 84 -232 221 -1054 -2672 -2777
15:13:11 E 85 -231 172 -1050 -2674 -2778
15:13:11 E 86 -230 99 -1054 -2664 -2771
15:13:11 E 87 -230 75 -1051 -2655 -2765
15:13:11 E 88 -230 75 -1051 -2641 -2757
15:13:11 E 89 -229 118 -1054 -2633 -2752
15:13:11 E 90 -229 148 -1050 -2618 -2738
15:13:11 E 91 -229 118 -1050 -2618 -2734
15:13:11 E 92 -228 148 -1054 -2622 -2732
15:13:11 E 93 -226 142 -1046 -2614 -2716
15:13:11 E 94 -226 154 -1042 -2607 -2718
15:13:11 E 95 -226 118 -1042 -2608 -2714
15:13:11 E 96 -225 93 -1043 -2608 -2710
15:13:11 E 97 -224 63 -1043 -2603 -2706
15:13:11 E 98 -225 2 -1043 -2603 -2702
15:13:11 E 99 -225 20 -1043 -2599 -2695
15:13:11 E 100 -225 32 -1035 -2588 -2687
15:13:11 E 101 -226 -3 -1039 -2585 -2689
15:13:11 E 102 -225 -34 -1031 -2585 -2684
15:13:11 E 103 -225 -107 -1040 -2591 -2684
15:13:11 E 104 -226 -198 -1032 -2583 -2682
15:13:11 E 105 -228 -253 -1025 -2581 -2676
15:13:11 E 106 -229 -290 -1033 -2585 -2675
15:13:11 E 107 -232 -302 -1017 -2579 -2668
15:13:11 E 108 -234 -296 -1025 -2575 -2668
15:13:11 E 109 -235 -259 -1029 -2576 -2668
15:13:11 E 110 -236 -259 -1021 -2576 -2661
15:13:11 E 111 -239 -266 -1021 -2571 -2658
15:13:11 E 112 -240 -217 -1020 -2570 -2652
15:13:11 E 113 -240 -186 -1016 -2573 -2652
15:13:11 E 114 -241 -156 -1016 -2566 -2647
15:13:11 E 115 -243 -144 -1008 -2558 -2641
15:13:11 E 116 -243 -107 -1008 -2560 -2636
15:13:11 E 117 -243 -16 -1007 -2550 -2630
15:13:11 E 118 -243 2 -1007 -2540 -2626
15:13:11 E 119 -243 50 -1007 -2535 -2621
15:13:11 R end
15:13:11 T 4479 1656 2825 2573 5164 0 133
15:13:11 D 52070 0 -2.65 0.000 -2535 -2621 1.67
15:13:11 D 52255 0 -2.63 0.000 -2535 -2621 1.67
15:13:11 D 52355 0 -2.61 0.000 -2535 -2621 1.67
15:13:12 D 52615 2 -2.63 -0.699 -2800 -2800 1.67
15:13:12 D 53145 0 -2.39 0.000 -2511 -2597 1.67
15:13:12 R 620 3 2.7
15:13:12 E 0 -260 -198 -216 -2800 -2800
15:13:12 E 1 -262 -491 -257 -2800 -2800
15:13:12 E 2 -269 -448 -309 -2800 -2800
15:13:12 E 3 -268 -198 -351 -2800 -2800
15:13:12 E 4 -267 -205 -399 -2800 -2800
15:13:12 E 5 -268 -211 -439 -2800 -2800
15:13:12 E 6 -267 -28 -474 -2800 -2800
15:13:12 E 7 -269 -34 -513 -2800 -2800
15:13:12 E 8 -269 32 -545 -2800 -2800
15:13:12 E 9 -266 130 -576 -2800 -2800
15:13:12 E 10 -268 81 -608 -2800 -2800
15:13:12 E 11 -266 252 -631 -2800 -2800
15:13:12 E 12 -266 300 -655 -2800 -2800
15:13:12 E 13 -265 404 -678 -2800 -2800
15:13:12 E 14 -263 367 -698 -2800 -2800
15:13:12 E 15 -260 374 -722 -2800 -2800
15:13:12 E 16 -259 264 -743 -2800 -2800
15:13:12 E 17 -257 233 -763 -2800 -2800
15:13:12 E 18 -256 185 -775 -2800 -2800
15:13:12 E 19 -255 111 -791 -2800 -2800
15:13:12 E 20 -255 8 -812 -2800 -2800
15:13:12 E 21 -256 -16 -820 -2800 -2800
15:13:12 E 22 -255 20 -840 -2800 -2800
15:13:12 E 23 -256 -64 -856 -2800 -2800
15:13:12 E 24 -256 -101 -860 -2800 -2800
15:13:12 E 25 -257 -168 -877 -2800 -2800
15:13:12 E 26 -258 -144 -884 -2800 -2800
15:13:12 E 27 -259 -162 -885 -2800 -2800
15:13:12 E 28 -261 -223 -901 -2800 -2800
15:13:12 E 29 -264 -205 -909 -2800 -2800
15:13:12 E 30 -264 -107 -924 -2800 -2800
15:13:12 E 31 -265 -131 -932 -2800 -2800
15:13:12 E 32 -267 -150 -940 -2800 -2800
15:13:12 E 33 -267 -95 -944 -2800 -2800
15:13:12 E 34 -267 -46 -948 -2800 -2800
15:13:12 E 35 -267 -40 -955 -2800 -2800
15:13:12 E 36 -268 -52 -956 -2800 -2800
15:13:12 E 37 -267 8 -971 -2800 -2800
15:13:12 E 38 -266 8 -971 -2800 -2800
15:13:12 E 39 -266 -40 -971 -2800 -2800
15:13:12 E 40 -267 -52 -983 -2800 -2800
15:13:12 E 41 -267 44 -979 -2800 -2800
15:13:12 E 42 -266 50 -987 -2800 -2800
15:13:12 E 43 -266 -40 -999 -2800 -2800
15:13:12 E 44 -266 -22 -995 -2800 -2800
15:13:12 E 45 -265 -3 -999 -2800 -2800
15:13:12 E 46 -264 -40 -1003 -2800 -2800
15:13:12 E 47 -265 -58 -1003 -2800 -2800
15:13:12 E 48 -265 -28 -1007 -2800 -2800
15:13:12 E 49 -265 -34 -1011 -2800 -2800
15:13:12 E 50 -266 -40 -1015 -2800 -2800
15:13:12 E 51 -266 2 -1011 -2800 -2800
15:13:12 E 52 -265 8 -1015 -2800 -2800
15:13:12 E 53 -265 14 -1023 -2800 -2800
15:13:12 E 54 -266 8 -1023 -2800 -2800
15:13:12 E 55 -266 50 -1027 -2800 -2800
15:13:12 E 56 -265 50 -1031 -2800 -2800
15:13:12 E 57 -266 57 -1027 -2800 -2800
15:13:12 E 58 -265 93 -1022 -2800 -2800
15:13:12 E 59 -264 69 -1030 -2800 -2800
15:13:12 E 60 -263 14 -1035 -2800 -2800
15:13:12 E 61 -264 -34 -1035 -2800 -2800
15:13:12 E 62 -265 -34 -1039 -2800 -2800
15:13:12 E 63 -265 81 -1042 -2800 -2800
15:13:12 E 64 -264 111 -1038 -2800 -2800
15:13:12 E 65 -263 111 -1038 -2800 -2800
15:13:12 E 66 -263 75 -1042 -2800 -2800
15:13:12 E 67 -264 50 -1047 -2800 -2800
15:13:12 E 68 -264 130 -1050 -2800 -2800
15:13:12 E 69 -263 124 -1054 -2800 -2800
15:13:12 E 70 -264 75 -1050 -2800 -2800
15:13:12 E 71 -264 44 -1051 -2800 -2800
15:13:12 E 72 -264 14 -1047 -2800 -2800
15:13:12 E 73 -266 -34 -1051 -2799 -2800
15:13:12 E 74 -267 -52 -1055 -2793 -2800
15:13:12 E 75 -268 -58 -1055 -2784 -2800
15:13:12 E 76 -269 -95 -1059 -2776 -2800
15:13:12 E 77 -269 -64 -1059 -2757 -2800
15:13:12 E 78 -269 -52 -1059 -2755 -2800
15:13:12 E 79 -269 -64 -1059 -2750 -2800
15:13:12 E 80 -270 -89 -1063 -2741 -2800
15:13:12 E 81 -270 -34 -1059 -2725 -2800
15:13:12 E 82 -270 38 -1066 -2711 -2800
15:13:12 E 83 -269 69 -1058 -2698 -2798
15:13:12 E 84 -268 166 -1070 -2687 -2792
15:13:12 E 85 -267 172 -1058 -2684 -2782
15:13:12 E 86 -266 154 -1054 -2677 -2772
15:13:12 E 87 -264 178 -1062 -2663 -2766
15:13:12 E 88 -262 185 -1046 -2645 -2752
15:13:12 E 89 -261 124 -1062 -2643 -2753
15:13:12 E 90 -261 87 -1058 -2641 -2750
15:13:12 E 91 -261 148 -1054 -2634 -2746
15:13:12 E 92 -260 172 -1054 -2627 -2739
15:13:12 E 93 -260 148 -1050 -2624 -2736
15:13:12 E 94 -258 197 -1050 -2622 -2729
15:13:12 E 95 -257 288 -1049 -2603 -2720
15:13:12 E 96 -256 288 -1045 -2597 -2708
15:13:12 E 97 -254 325 -1045 -2595 -2700
15:13:12 E 98 -252 313 -1045 -2589 -2693
15:13:12 E 99 -250 233 -1046 -2583 -2689
15:13:12 E 100 -248 160 -1042 -2589 -2689
15:13:12 E 101 -247 111 -1046 -2590 -2692
15:13:12 E 102 -246 75 -1043 -2577 -2681
15:13:12 E 103 -246 63 -1031 -2572 -2678
15:13:12 E 104 -245 32 -1039 -2577 -2677
15:13:12 E 105 -244 -3 -1031 -2572 -2670
15:13:12 E 106 -245 -156 -1028 -2580 -2672
15:13:12 E 107 -246 -162 -1036 -2582 -2668
15:13:12 E 108 -247 -223 -1028 -2576 -2664
15:13:12 E 109 -248 -253 -1029 -2570 -2661
15:13:12 E 110 -250 -217 -1028 -2564 -2654
15:13:12 E 111 -252 -125 -1020 -2564 -2647
15:13:12 E 112 -253 -16 -1023 -2561 -2646
15:13:12 E 113 -254 93 -1018 -2550 -2632
15:13:12 E 114 -254 239 -1014 -2545 -2629
15:13:12 E 115 -253 428 -1017 -2531 -2614
15:13:12 E 116 -250 593 -1012 -2522 -2596
15:13:12 E 117 -246 654 -1003 -2520 -2604
15:13:12 E 118 -243 666 -1007 -2510 -2594
15:13:12 E 119 -241 660 -1003 -2511 -2597
15:13:12 R end
15:13:12 T 4473 1656 2814 2563 5168 0 124
15:13:13 D 53630 0 3.18 0.000 -2511 -2597 1.67
15:13:13 D 53815 0 1.36 0.000 -2511 -2597 1.67
15:13:13 D 53915 0 1.83 0.000 -2511 -2597 1.67
15:13:13 D 54105 0 0.33 0.000 -2511 -2597 1.67
15:13:13 D 54290 0 17.25 0.000 -2511 -2597 1.67
15:13:13 D 54475 0 16.76 0.000 -2511 -2597 1.67
15:13:14 D 54660 0 -4.45 0.000 -2511 -2597 1.67
15:13:14 D 54840 0 -2.31 0.000 -2511 -2597 1.67
15:13:14 D 55025 0 -0.37 0.000 -2511 -2597 1.67
15:13:15 mpu_set_sensor complete ......
15:13:15 mpu_set_sensor complete ......
15:13:15 mpu_configure_fifo complete ......
15:13:15 mpu_set_sample_rate complete ......
15:13:15 dmp_load_motion_driver_firmware complete ......
15:13:15 dmp_set_orientation complete ......
15:13:15 dmp_enable_feature complete ......
15:13:15 dmp_set_fifo_rate complete ......
15:13:16 mpu_set_dmp_state complete ......
15:13:18 mpu_set_sensor complete ......
15:13:18 mpu_set_sensor complete ......
15:13:18 mpu_configure_fifo complete ......
15:13:18 mpu_set_sample_rate complete ......
15:13:19 dmp_load_motion_driver_firmware complete ......
15:13:19 dmp_set_orientation complete ......
15:13:19 dmp_enable_feature complete ......
15:13:19 dmp_set_fifo_rate complete ......
15:13:19 mpu_set_dmp_state complete ......
15:13:24 mpu_set_sensor complete ......
15:13:24 mpu_set_sensor complete ......
15:13:24 mpu_configure_fifo complete ......
15:13:24 mpu_set_sample_rate complete ......
15:13:25 dmp_load_motion_driver_firmware complete ......
15:13:25 dmp_set_orientation complete ......
15:13:25 dmp_enable_feature complete ......
15:13:25 dmp_set_fifo_rate complete ......
15:13:25 mpu_set_dmp_state complete ......
15:27:10 D 2355 1 4.59 0.000 0 0 0.00
15:27:10 D 2540 1 4.43 0.000 0 0 0.00
15:27:10 D 2720 1 5.15 0.000 0 0 0.00
15:27:10 D 2900 1 4.63 0.000 0 0 0.00
15:27:10 D 3080 1 4.87 0.000 0 0 0.00
15:27:11 D 3265 1 4.75 0.000 0 0 0.00
15:27:11 D 3445 1 4.49 0.000 0 0 0.00
15:27:11 D 3630 1 4.54 0.000 0 0 0.00
15:27:11 D 3810 1 4.54 0.000 0 0 0.00
15:27:11 D 3990 1 4.80 0.000 0 0 0.00
15:27:12 D 4175 1 4.67 0.000 0 0 0.00
15:27:12 D 4355 1 4.78 0.000 0 0 0.00
15:27:12 D 4540 1 4.63 0.000 0 0 0.00
15:27:12 D 4720 1 4.90 0.000 0 0 0.00
15:27:12 D 4905 1 4.70 0.000 0 0 0.00
15:27:12 cal done: pitch zero 3.49 roll zero -1.65 bias -0.0423 0.0040 0.0064
15:27:12 D 5090 0 0.06 0.000 0 0 3.49
15:27:13 D 5190 0 0.02 0.000 0 0 3.49
15:27:13 D 5290 0 -0.11 0.000 0 0 3.49
15:27:13 D 5390 0 -0.33 0.000 0 0 3.49
15:27:13 D 5490 0 -0.76 0.000 0 0 3.49
15:27:13 D 5590 0 -0.37 0.000 0 0 3.49
15:27:13 D 5690 0 -0.40 0.000 0 0 3.49
15:27:13 D 5790 0 -0.53 0.000 0 0 3.49
15:27:13 D 5890 0 -0.62 0.000 0 0 3.49
15:27:13 D 5990 0 -0.42 0.000 0 0 3.49
15:27:13 D 6090 0 -0.57 0.000 0 0 3.49
15:27:14 D 6190 0 -0.44 0.000 0 0 3.49
15:27:14 D 6290 0 -0.21 0.000 0 0 3.49
15:27:14 D 6390 0 0.30 0.000 0 0 3.49
15:27:14 D 6490 0 -0.19 0.000 0 0 3.49
15:27:14 D 6590 0 -0.54 0.000 0 0 3.49
15:27:14 D 6690 0 -0.22 0.000 0 0 3.49
15:27:14 D 6790 0 0.36 0.000 0 0 3.49
15:27:14 D 6890 0 0.43 0.000 0 0 3.49
15:27:14 D 6990 0 0.31 0.000 0 0 3.49
15:27:14 D 7090 0 0.39 0.000 0 0 3.49
15:27:15 D 7190 0 1.35 0.000 0 0 3.49
15:27:15 D 7290 0 1.23 0.000 0 0 3.49
15:27:15 D 7390 0 1.18 0.000 0 0 3.49
15:27:15 D 7490 0 1.33 0.000 0 0 3.49
15:27:15 D 7590 0 0.87 0.000 0 0 3.49
15:27:15 D 7690 0 0.92 0.000 0 0 3.49
15:27:15 D 7790 0 0.84 0.000 0 0 3.49
15:27:15 D 7890 0 0.42 0.000 0 0 3.49
15:27:15 D 7990 0 0.29 0.000 0 0 3.49
15:27:15 D 8090 0 0.41 0.000 0 0 3.49
15:27:16 D 8190 0 1.59 0.000 0 0 3.49
15:27:16 D 8290 0 2.50 0.000 0 0 3.49
15:27:16 D 8390 0 3.55 0.000 0 0 3.49
15:27:16 D 8490 0 -1.00 0.000 0 0 3.49
15:27:16 D 8590 0 -1.33 0.000 0 0 3.49
15:27:16 D 8690 0 -2.08 0.000 0 0 3.49
15:27:16 D 8790 0 -0.81 0.000 0 0 3.49
15:27:16 D 8890 0 -2.44 0.000 0 0 3.49
15:27:16 D 8990 0 -0.64 0.000 0 0 3.49
15:27:16 D 9090 0 -1.72 0.000 0 0 3.49
15:27:17 D 9190 0 -0.58 0.000 0 0 3.49
15:27:17 D 9290 0 -1.47 0.000 0 0 3.49
15:27:17 D 9390 0 -1.34 0.000 0 0 3.49
15:27:17 D 9535 0 -1.81 0.000 0 0 3.49
15:27:17 D 9715 0 -4.45 0.000 0 0 3.49
15:27:17 D 9895 0 -2.74 0.000 0 0 3.49
15:27:17 D 10080 0 -1.86 0.000 0 0 3.49
15:27:18 D 10260 0 -1.70 0.000 0 0 3.49
15:27:18 D 10440 0 -0.34 0.000 0 0 3.49
15:27:18 D 10920 2 -1.37 0.167 -2602 -2137 3.49
15:27:19 D 11440 2 1.94 0.152 2221 2559 3.49
15:27:19 D 11955 2 2.27 0.049 2800 2745 3.49
15:27:20 D 12475 2 -1.58 -0.121 2549 2197 3.49
15:27:20 D 12990 2 -5.03 -0.045 -2091 -2196 3.49
15:27:21 D 13510 2 -5.59 0.021 -2784 -2429 3.49
15:27:21 D 14035 2 -1.99 0.132 -2610 -2394 3.49
15:27:22 D 14555 2 0.52 0.119 -1425 1402 3.49
15:27:22 D 15080 2 2.64 0.060 2257 2444 3.49
15:27:23 D 15600 2 2.08 -0.008 2800 2535 3.49
15:27:24 D 16120 2 -1.12 -0.122 2643 2002 3.49
15:27:24 D 16635 2 -4.94 -0.017 -2483 -2149 3.49
15:27:25 D 17160 2 -4.12 -0.002 -2800 -2638 3.49
15:27:25 D 17685 2 -1.31 0.126 -2662 -2319 3.49
15:27:26 D 18205 2 1.94 0.128 -1425 1505 3.49
15:27:26 D 18730 2 3.32 0.050 2277 2363 3.49
15:27:27 D 19250 2 3.29 -0.021 2800 2594 3.49
15:27:27 D 19770 2 -0.79 -0.160 2432 2161 3.49
15:27:28 D 20290 2 -3.43 -0.053 -1882 -2305 3.49
15:27:28 D 20815 2 -4.31 -0.023 -2800 -2512 3.49
15:27:29 D 21335 2 -1.23 0.126 -2558 -2412 3.49
15:27:29 D 21860 2 1.91 0.149 -1943 -1510 3.49
15:27:30 D 22380 2 3.95 0.015 2507 2348 3.49
15:27:30 D 22900 2 1.32 -0.082 2744 2212 3.49
15:27:31 D 23415 2 -3.13 -0.064 -1758 -2123 3.49
15:27:31 D 23935 2 -2.32 0.014 -2597 -2444 3.49
15:27:32 mpu_set_sensor complete ......
15:27:32 mpu_set_sensor complete ......
15:27:32 mpu_configure_fifo complete ......
15:27:32 mpu_set_sample_rate complete ......
15:27:33 dmp_load_motion_driver_firmware complete ......
15:27:33 dmp_set_orientation complete ......
15:27:33 dmp_enable_feature complete ......
15:27:33 dmp_set_fifo_rate complete ......
15:27:34 mpu_set_dmp_state complete ......
15:33:13 mode 28 RL
15:33:13 D 180 1 0.94 0.000 0 0 0.00
15:33:13 D 360 1 1.14 0.000 0 0 0.00
15:33:13 D 540 1 0.78 0.000 0 0 0.00
15:33:14 D 720 1 1.32 0.000 0 0 0.00
15:33:14 D 900 1 2.89 0.000 0 0 0.00
15:33:14 D 1080 1 2.65 0.000 0 0 0.00
15:33:14 D 1260 1 2.46 0.000 0 0 0.00
15:33:14 D 1440 1 2.69 0.000 0 0 0.00
15:33:14 D 1625 1 2.56 0.000 0 0 0.00
15:33:15 D 1805 1 2.51 0.000 0 0 0.00
15:33:15 D 1985 1 2.62 0.000 0 0 0.00
15:33:15 D 2165 1 2.43 0.000 0 0 0.00
15:33:15 D 2345 1 2.52 0.000 0 0 0.00
15:33:15 D 2530 1 2.47 0.000 0 0 0.00
15:33:16 D 2710 1 2.50 0.000 0 0 0.00
15:33:16 D 2890 1 2.43 0.000 0 0 0.00
15:33:16 D 3070 1 2.34 0.000 0 0 0.00
15:33:16 D 3255 1 2.36 0.000 0 0 0.00
15:33:16 D 3435 1 2.30 0.000 0 0 0.00
15:33:16 D 3615 1 2.34 0.000 0 0 0.00
15:33:17 D 3800 1 2.33 0.000 0 0 0.00
15:33:17 D 3980 1 2.43 0.000 0 0 0.00
15:33:17 D 4165 1 2.35 0.000 0 0 0.00
15:33:17 D 4345 1 2.32 0.000 0 0 0.00
15:33:17 D 4525 1 2.41 0.000 0 0 0.00
15:33:18 D 4710 1 2.38 0.000 0 0 0.00
15:33:18 D 4890 1 2.26 0.000 0 0 0.00
15:33:18 cal done: pitch zero 1.17 roll zero -1.55 bias -0.0399 0.0041 0.0061
15:33:18 D 5075 0 -0.03 0.000 0 0 1.17
15:33:18 D 5175 0 0.11 0.000 0 0 1.17
15:33:18 D 5275 0 -0.01 0.000 0 0 1.17
15:33:18 D 5375 0 0.10 0.000 0 0 1.17
15:33:18 D 5475 0 -0.08 0.000 0 0 1.17
15:33:18 D 5575 0 0.05 0.000 0 0 1.17
15:33:19 D 5675 0 -0.09 0.000 0 0 1.17
15:33:19 D 5775 0 -0.03 0.000 0 0 1.17
15:33:19 D 5875 0 0.11 0.000 0 0 1.17
15:33:19 D 5975 0 0.00 0.000 0 0 1.17
15:33:19 D 6075 0 -0.04 0.000 0 0 1.17
15:33:19 D 6175 0 -0.14 0.000 0 0 1.17
15:33:19 D 6275 0 -0.04 0.000 0 0 1.17
15:33:19 D 6375 0 -0.10 0.000 0 0 1.17
15:33:19 D 6475 0 -0.10 0.000 0 0 1.17
15:33:19 D 6575 0 -0.09 0.000 0 0 1.17
15:33:20 D 6675 0 -0.12 0.000 0 0 1.17
15:33:20 D 6775 0 -0.14 0.000 0 0 1.17
15:33:20 D 6875 0 -0.10 0.000 0 0 1.17
15:33:20 D 6975 0 -0.06 0.000 0 0 1.17
15:33:20 D 7075 0 -0.19 0.000 0 0 1.17
15:33:20 D 7175 0 -0.15 0.000 0 0 1.17
15:33:20 D 7275 0 -0.15 0.000 0 0 1.17
15:33:20 D 7375 0 -0.20 0.000 0 0 1.17
15:33:20 D 7475 0 -0.19 0.000 0 0 1.17
15:33:20 D 7575 0 -0.24 0.000 0 0 1.17
15:33:21 D 7675 0 -0.16 0.000 0 0 1.17
15:33:21 D 7775 0 -0.23 0.000 0 0 1.17
15:33:21 D 7875 0 -0.14 0.000 0 0 1.17
15:33:21 D 7975 0 -0.23 0.000 0 0 1.17
15:33:21 D 8075 0 -0.09 0.000 0 0 1.17
15:33:21 D 8175 0 -0.30 0.000 0 0 1.17
15:33:21 D 8275 0 -0.15 0.000 0 0 1.17
15:33:21 D 8375 0 -0.23 0.000 0 0 1.17
15:33:21 D 8475 0 -0.24 0.000 0 0 1.17
15:33:21 D 8575 0 -0.24 0.000 0 0 1.17
15:33:22 D 8675 0 -0.12 0.000 0 0 1.17
15:33:22 D 8775 0 -0.20 0.000 0 0 1.17
15:33:22 D 8875 0 -0.20 0.000 0 0 1.17
15:33:22 D 8975 0 -0.12 0.000 0 0 1.17
15:33:22 D 9075 0 -0.12 0.000 0 0 1.17
15:33:22 D 9175 0 -0.05 0.000 0 0 1.17
15:33:22 D 9275 0 -0.04 0.000 0 0 1.17
15:33:22 D 9375 0 0.03 0.000 0 0 1.17
15:33:22 D 9475 0 0.07 0.000 0 0 1.17
15:33:22 D 9575 0 0.03 0.000 0 0 1.17
15:33:23 D 9675 0 0.16 0.000 0 0 1.17
15:33:23 D 9775 0 0.17 0.000 0 0 1.17
15:33:23 D 9875 0 0.22 0.000 0 0 1.17
15:33:23 D 9975 0 0.28 0.000 0 0 1.17
15:33:23 D 10075 0 0.31 0.000 0 0 1.17
15:33:23 D 10175 0 0.28 0.000 0 0 1.17
15:33:23 D 10275 0 0.27 0.000 0 0 1.17
15:33:23 D 10375 0 0.32 0.000 0 0 1.17
15:33:23 D 10475 0 0.19 0.000 0 0 1.17
15:33:23 D 10575 0 0.19 0.000 0 0 1.17
15:33:24 D 10675 0 0.22 0.000 0 0 1.17
15:33:24 D 10775 0 0.15 0.000 0 0 1.17
15:33:24 D 10875 0 0.16 0.000 0 0 1.17
15:33:24 D 10975 0 0.21 0.000 0 0 1.17
15:33:24 D 11075 0 0.19 0.000 0 0 1.17
15:33:24 D 11175 0 0.08 0.000 0 0 1.17
15:33:24 D 11275 0 0.06 0.000 0 0 1.17
15:33:24 D 11375 0 0.06 0.000 0 0 1.17
15:33:24 D 11475 0 0.07 0.000 0 0 1.17
15:33:24 D 11575 0 -0.02 0.000 0 0 1.17
15:33:25 D 11675 0 -0.07 0.000 0 0 1.17
15:33:25 D 11775 0 0.15 0.000 0 0 1.17
15:33:25 D 11875 0 -0.05 0.000 0 0 1.17
15:33:25 D 11975 0 0.43 0.000 0 0 1.17
15:33:25 D 12075 0 0.04 0.000 0 0 1.17
15:33:25 D 12175 0 0.19 0.000 0 0 1.17
15:33:25 D 12275 0 0.13 0.000 0 0 1.17
15:33:25 D 12375 0 0.07 0.000 0 0 1.17
15:33:25 D 12475 0 0.18 0.000 0 0 1.17
15:33:25 D 12575 0 0.17 0.000 0 0 1.17
15:33:26 D 12675 0 0.15 0.000 0 0 1.17
15:33:26 D 12775 0 -0.07 0.000 0 0 1.17
15:33:26 D 12875 0 -0.02 0.000 0 0 1.17
15:33:26 D 12975 0 -0.15 0.000 0 0 1.17
15:33:26 D 13075 0 -0.17 0.000 0 0 1.17
15:33:26 D 13175 0 -0.10 0.000 0 0 1.17
15:33:26 D 13275 0 -0.04 0.000 0 0 1.17
15:33:26 D 13375 0 0.13 0.000 0 0 1.17
15:33:26 D 13475 0 0.23 0.000 0 0 1.17
15:33:26 D 13575 0 0.40 0.000 0 0 1.17
15:33:27 D 13675 0 0.14 0.000 0 0 1.17
15:33:27 D 13775 0 0.12 0.000 0 0 1.17
15:33:27 D 13875 0 0.02 0.000 0 0 1.17
15:33:27 D 13975 0 0.18 0.000 0 0 1.17
15:33:27 D 14075 0 -0.05 0.000 0 0 1.17
15:33:27 D 14175 0 -0.05 0.000 0 0 1.17
15:33:27 D 14275 0 -0.03 0.000 0 0 1.17
15:33:27 D 14375 0 0.06 0.000 0 0 1.17
15:33:27 D 14475 0 0.26 0.000 0 0 1.17
15:33:27 D 14575 0 0.56 0.000 0 0 1.17
15:33:28 D 14675 0 0.53 0.000 0 0 1.17
15:33:28 D 14775 0 0.47 0.000 0 0 1.17
15:33:28 D 14875 0 0.34 0.000 0 0 1.17
15:33:28 D 14975 0 0.38 0.000 0 0 1.17
15:33:28 D 15075 0 0.48 0.000 0 0 1.17
15:33:28 D 15175 0 0.50 0.000 0 0 1.17
15:33:28 D 15275 0 0.52 0.000 0 0 1.17
15:33:28 D 15375 0 0.53 0.000 0 0 1.17
15:33:28 D 15475 0 0.45 0.000 0 0 1.17
15:33:28 D 15575 0 0.11 0.000 0 0 1.17
15:33:29 D 15675 0 0.33 0.000 0 0 1.17
15:33:29 D 15775 0 0.23 0.000 0 0 1.17
15:33:29 D 15875 0 0.25 0.000 0 0 1.17
15:33:29 D 15975 0 0.40 0.000 0 0 1.17
15:33:29 D 16075 0 0.24 0.000 0 0 1.17
15:33:29 D 16175 0 0.40 0.000 0 0 1.17
15:33:29 D 16275 0 0.30 0.000 0 0 1.17
15:33:29 D 16375 0 0.33 0.000 0 0 1.17
15:33:29 D 16475 0 0.34 0.000 0 0 1.17
15:33:29 D 16575 0 0.35 0.000 0 0 1.17
15:33:30 D 16675 0 0.34 0.000 0 0 1.17
15:33:30 D 16775 0 0.52 0.000 0 0 1.17
15:33:30 D 16875 0 0.21 0.000 0 0 1.17
15:33:30 D 16975 0 0.33 0.000 0 0 1.17
15:33:30 D 17075 0 0.41 0.000 0 0 1.17
15:33:30 D 17175 0 0.38 0.000 0 0 1.17
15:33:30 D 17275 0 0.43 0.000 0 0 1.17
15:33:30 D 17375 0 0.39 0.000 0 0 1.17
15:33:30 D 17475 0 0.47 0.000 0 0 1.17
15:33:30 D 17575 0 0.44 0.000 0 0 1.17
15:33:31 D 17675 0 0.43 0.000 0 0 1.17
15:33:31 D 17775 0 0.50 0.000 0 0 1.17
15:33:31 D 17875 0 0.43 0.000 0 0 1.17
15:33:31 D 17975 0 0.43 0.000 0 0 1.17
15:33:31 D 18075 0 0.48 0.000 0 0 1.17
15:33:31 D 18175 0 0.51 0.000 0 0 1.17
15:33:31 D 18275 0 0.43 0.000 0 0 1.17
15:33:31 D 18375 0 0.47 0.000 0 0 1.17
15:33:31 D 18475 0 0.54 0.000 0 0 1.17
15:33:31 D 18575 0 0.51 0.000 0 0 1.17
15:33:32 D 18675 0 0.56 0.000 0 0 1.17
15:33:32 D 18775 0 0.53 0.000 0 0 1.17
15:33:32 D 18875 0 0.54 0.000 0 0 1.17
15:33:32 D 18975 0 0.68 0.000 0 0 1.17
15:33:32 D 19075 0 0.60 0.000 0 0 1.17
15:33:32 D 19175 0 0.60 0.000 0 0 1.17
15:33:32 D 19275 0 0.62 0.000 0 0 1.17
15:33:32 D 19375 0 0.72 0.000 0 0 1.17
15:33:32 D 19475 0 0.67 0.000 0 0 1.17
15:33:32 D 19575 0 0.65 0.000 0 0 1.17
15:33:33 D 19675 0 0.97 0.000 0 0 1.17
15:33:33 D 19775 0 0.70 0.000 0 0 1.17
15:33:33 D 19875 0 0.75 0.000 0 0 1.17
15:33:33 D 19975 0 0.74 0.000 0 0 1.17
15:33:33 D 20075 0 0.86 0.000 0 0 1.17
15:33:33 D 20175 0 0.64 0.000 0 0 1.17
15:33:33 D 20275 0 0.78 0.000 0 0 1.17
15:33:33 D 20375 0 0.43 0.000 0 0 1.17
15:33:33 D 20475 0 0.60 0.000 0 0 1.17
15:33:33 D 20575 0 0.54 0.000 0 0 1.17
15:33:34 D 20675 0 0.58 0.000 0 0 1.17
15:33:34 D 20775 0 0.63 0.000 0 0 1.17
15:33:34 D 20875 0 0.64 0.000 0 0 1.17
15:33:34 D 20975 0 0.54 0.000 0 0 1.17
15:33:34 D 21075 0 0.74 0.000 0 0 1.17
15:33:34 D 21175 0 0.66 0.000 0 0 1.17
15:33:34 D 21275 0 0.76 0.000 0 0 1.17
15:33:34 D 21375 0 0.85 0.000 0 0 1.17
15:33:34 D 21475 0 0.88 0.000 0 0 1.17
15:33:34 D 21575 0 1.00 0.000 0 0 1.17
15:33:35 D 21675 0 0.92 0.000 0 0 1.17
15:33:35 D 21775 0 1.03 0.000 0 0 1.17
15:33:35 D 21875 0 1.05 0.000 0 0 1.17
15:33:35 D 21975 0 1.11 0.000 0 0 1.17
15:33:35 D 22075 0 1.07 0.000 0 0 1.17
15:33:35 D 22175 0 0.94 0.000 0 0 1.17
15:33:35 D 22275 0 1.01 0.000 0 0 1.17
15:33:35 D 22375 0 0.90 0.000 0 0 1.17
15:33:35 D 22475 0 0.98 0.000 0 0 1.17
15:33:35 D 22575 0 0.98 0.000 0 0 1.17
15:33:36 D 22675 0 1.00 0.000 0 0 1.17
15:33:36 D 22775 0 0.90 0.000 0 0 1.17
15:33:36 D 22875 0 1.00 0.000 0 0 1.17
15:33:36 D 22975 0 0.84 0.000 0 0 1.17
15:33:36 D 23075 0 1.03 0.000 0 0 1.17
15:33:36 D 23175 0 0.82 0.000 0 0 1.17
15:33:36 D 23275 0 0.78 0.000 0 0 1.17
15:33:36 D 23375 0 0.91 0.000 0 0 1.17
15:33:36 D 23475 0 0.79 0.000 0 0 1.17
15:33:36 D 23575 0 0.98 0.000 0 0 1.17
15:33:37 D 23675 0 0.81 0.000 0 0 1.17
15:33:37 D 23775 0 0.88 0.000 0 0 1.17
15:33:37 D 23875 0 0.64 0.000 0 0 1.17
15:33:37 D 23975 0 0.91 0.000 0 0 1.17
15:33:37 D 24075 0 0.78 0.000 0 0 1.17
15:33:37 D 24175 0 0.96 0.000 0 0 1.17
15:33:37 D 24275 0 0.90 0.000 0 0 1.17
15:33:37 D 24375 0 0.83 0.000 0 0 1.17
15:33:37 D 24475 0 0.83 0.000 0 0 1.17
15:33:37 D 24575 0 0.92 0.000 0 0 1.17
15:33:38 D 24675 0 0.74 0.000 0 0 1.17
15:33:38 D 24775 0 1.03 0.000 0 0 1.17
15:33:38 D 24875 0 0.86 0.000 0 0 1.17
15:33:38 D 24975 0 1.08 0.000 0 0 1.17
15:33:38 D 25075 0 0.96 0.000 0 0 1.17
15:33:38 D 25175 0 1.13 0.000 0 0 1.17
15:33:38 D 25275 0 1.25 0.000 0 0 1.17
15:33:38 D 25375 0 1.49 0.000 0 0 1.17
15:33:38 D 25475 0 0.98 0.000 0 0 1.17
15:33:38 D 25575 0 1.37 0.000 0 0 1.17
15:33:39 D 25675 0 1.42 0.000 0 0 1.17
15:33:39 D 25775 0 1.15 0.000 0 0 1.17
15:33:39 D 25875 0 1.26 0.000 0 0 1.17
15:33:39 D 25975 0 1.41 0.000 0 0 1.17
15:33:39 D 26075 0 1.12 0.000 0 0 1.17
15:33:39 D 26175 0 1.12 0.000 0 0 1.17
15:33:39 D 26275 0 1.19 0.000 0 0 1.17
15:33:39 D 26375 0 1.06 0.000 0 0 1.17
15:33:39 D 26475 0 1.15 0.000 0 0 1.17
15:33:39 D 26575 0 1.15 0.000 0 0 1.17
15:33:40 D 26675 0 0.99 0.000 0 0 1.17
15:33:40 D 26775 0 0.95 0.000 0 0 1.17
15:33:40 D 26875 0 1.05 0.000 0 0 1.17
15:33:40 D 26975 0 1.08 0.000 0 0 1.17
15:33:40 D 27075 0 0.93 0.000 0 0 1.17
15:33:40 D 27175 0 0.90 0.000 0 0 1.17
15:33:40 D 27275 0 1.09 0.000 0 0 1.17
15:33:40 D 27375 0 0.90 0.000 0 0 1.17
15:33:40 D 27475 0 0.89 0.000 0 0 1.17
15:33:40 D 27575 0 1.06 0.000 0 0 1.17
15:33:41 D 27675 0 0.80 0.000 0 0 1.17
15:33:41 D 27775 0 0.84 0.000 0 0 1.17
15:33:41 D 27875 0 0.91 0.000 0 0 1.17
15:33:41 D 27975 0 0.80 0.000 0 0 1.17
15:33:41 D 28075 0 0.81 0.000 0 0 1.17
15:33:41 D 28175 0 0.93 0.000 0 0 1.17
15:33:41 D 28275 0 0.89 0.000 0 0 1.17
15:33:41 D 28375 0 1.03 0.000 0 0 1.17
15:33:41 D 28475 0 0.96 0.000 0 0 1.17
15:33:41 D 28575 0 1.12 0.000 0 0 1.17
15:33:42 D 28675 0 1.02 0.000 0 0 1.17
15:33:42 D 28775 0 1.24 0.000 0 0 1.17
15:33:42 D 28875 0 1.30 0.000 0 0 1.17
15:33:42 D 28975 0 1.21 0.000 0 0 1.17
15:33:42 D 29075 0 1.07 0.000 0 0 1.17
15:33:42 D 29175 0 1.18 0.000 0 0 1.17
15:33:42 D 29275 0 0.84 0.000 0 0 1.17
15:33:42 D 29375 0 0.82 0.000 0 0 1.17
15:33:42 D 29475 0 1.05 0.000 0 0 1.17
15:33:42 D 29575 0 0.68 0.000 0 0 1.17
15:33:43 D 29675 0 0.95 0.000 0 0 1.17
15:33:43 D 29775 0 0.63 0.000 0 0 1.17
15:33:43 D 29875 0 0.65 0.000 0 0 1.17
15:33:43 D 29975 0 0.95 0.000 0 0 1.17
15:33:43 D 30075 0 0.64 0.000 0 0 1.17
15:33:43 D 30175 0 0.69 0.000 0 0 1.17
15:33:43 D 30275 0 0.81 0.000 0 0 1.17
15:33:43 D 30375 0 0.54 0.000 0 0 1.17
15:33:43 D 30475 0 0.77 0.000 0 0 1.17
15:33:43 D 30575 0 0.63 0.000 0 0 1.17
15:33:44 D 30675 0 0.76 0.000 0 0 1.17
15:33:44 D 30775 0 0.66 0.000 0 0 1.17
15:33:44 D 30875 0 0.87 0.000 0 0 1.17
15:33:44 D 30975 0 0.85 0.000 0 0 1.17
15:33:44 D 31075 0 0.74 0.000 0 0 1.17
15:33:44 D 31175 0 0.81 0.000 0 0 1.17
15:33:44 D 31275 0 0.80 0.000 0 0 1.17
15:33:44 D 31375 0 1.00 0.000 0 0 1.17
15:33:44 D 31475 0 1.08 0.000 0 0 1.17
15:33:44 D 31575 0 1.06 0.000 0 0 1.17
15:33:45 D 31675 0 1.20 0.000 0 0 1.17
15:33:45 D 31775 0 0.76 0.000 0 0 1.17
15:33:45 D 31875 0 0.73 0.000 0 0 1.17
15:33:45 D 31975 0 0.75 0.000 0 0 1.17
15:33:45 D 32075 0 0.80 0.000 0 0 1.17
15:33:45 D 32175 0 0.68 0.000 0 0 1.17
15:33:45 D 32275 0 0.44 0.000 0 0 1.17
15:33:45 D 32375 0 0.76 0.000 0 0 1.17
15:33:45 D 32475 0 0.69 0.000 0 0 1.17
15:33:45 D 32575 0 0.57 0.000 0 0 1.17
15:33:46 D 32675 0 0.86 0.000 0 0 1.17
15:33:46 D 32775 0 0.71 0.000 0 0 1.17
15:33:46 D 32875 0 0.84 0.000 0 0 1.17
15:33:46 D 32975 0 0.59 0.000 0 0 1.17
15:33:46 D 33075 0 0.92 0.000 0 0 1.17
15:33:46 D 33175 0 0.69 0.000 0 0 1.17
15:33:46 D 33275 0 0.75 0.000 0 0 1.17
15:33:46 D 33375 0 0.82 0.000 0 0 1.17
15:33:46 D 33475 0 0.85 0.000 0 0 1.17
15:33:46 D 33575 0 0.81 0.000 0 0 1.17
15:33:47 D 33675 0 0.99 0.000 0 0 1.17
15:33:47 D 33775 0 0.89 0.000 0 0 1.17
15:33:47 D 33875 0 0.97 0.000 0 0 1.17
15:33:47 D 33975 0 0.96 0.000 0 0 1.17
15:33:47 D 34075 0 1.01 0.000 0 0 1.17
15:33:47 D 34175 0 0.97 0.000 0 0 1.17
15:33:47 D 34275 0 0.98 0.000 0 0 1.17
15:33:47 D 34375 0 0.90 0.000 0 0 1.17
15:33:47 D 34475 0 0.82 0.000 0 0 1.17
15:33:47 D 34575 0 0.94 0.000 0 0 1.17
15:33:48 D 34675 0 0.77 0.000 0 0 1.17
15:33:48 D 34775 0 0.93 0.000 0 0 1.17
15:33:48 D 34875 0 0.81 0.000 0 0 1.17
15:33:48 D 34975 0 0.92 0.000 0 0 1.17
15:33:48 D 35075 0 0.68 0.000 0 0 1.17
15:33:48 D 35175 0 0.87 0.000 0 0 1.17
15:33:48 D 35275 0 0.78 0.000 0 0 1.17
15:33:48 D 35375 0 0.76 0.000 0 0 1.17
15:33:48 D 35475 0 0.86 0.000 0 0 1.17
15:33:48 D 35575 0 0.75 0.000 0 0 1.17
15:33:49 D 35675 0 0.79 0.000 0 0 1.17
15:33:49 D 35775 0 0.61 0.000 0 0 1.17
15:33:49 D 35875 0 0.67 0.000 0 0 1.17
15:33:49 D 35975 0 0.54 0.000 0 0 1.17
15:33:49 D 36075 0 0.58 0.000 0 0 1.17
15:33:49 D 36175 0 0.57 0.000 0 0 1.17
15:33:49 D 36275 0 0.56 0.000 0 0 1.17
15:33:49 D 36375 0 0.52 0.000 0 0 1.17
15:33:49 D 36475 0 0.56 0.000 0 0 1.17
15:33:49 D 36575 0 0.54 0.000 0 0 1.17
15:33:50 D 36675 0 0.56 0.000 0 0 1.17
15:33:50 D 36775 0 0.60 0.000 0 0 1.17
15:33:50 D 36875 0 0.58 0.000 0 0 1.17
15:33:50 D 36975 0 0.63 0.000 0 0 1.17
15:33:50 D 37075 0 0.67 0.000 0 0 1.17
15:33:50 D 37175 0 0.78 0.000 0 0 1.17
15:33:50 D 37275 0 0.81 0.000 0 0 1.17
15:33:50 D 37375 0 0.86 0.000 0 0 1.17
15:33:50 D 37475 0 1.12 0.000 0 0 1.17
15:33:50 D 37575 0 1.45 0.000 0 0 1.17
15:33:51 D 37675 0 1.38 0.000 0 0 1.17
15:33:51 D 37775 0 1.30 0.000 0 0 1.17
15:33:51 D 37875 0 1.49 0.000 0 0 1.17
15:33:51 D 37975 0 1.13 0.000 0 0 1.17
15:33:51 D 38075 0 1.21 0.000 0 0 1.17
15:33:51 D 38175 0 1.27 0.000 0 0 1.17
15:33:51 D 38275 0 1.00 0.000 0 0 1.17
15:33:51 D 38375 0 0.97 0.000 0 0 1.17
15:33:51 D 38475 0 0.86 0.000 0 0 1.17
15:33:51 D 38575 0 1.18 0.000 0 0 1.17
15:33:52 D 38675 0 0.86 0.000 0 0 1.17
15:33:52 D 38775 0 1.02 0.000 0 0 1.17
15:33:52 D 38875 0 0.83 0.000 0 0 1.17
15:33:52 D 38975 0 1.01 0.000 0 0 1.17
15:33:52 D 39075 0 0.78 0.000 0 0 1.17
15:33:52 D 39175 0 0.89 0.000 0 0 1.17
15:33:52 D 39275 0 0.83 0.000 0 0 1.17
15:33:52 D 39375 0 0.52 0.000 0 0 1.17
15:33:52 D 39475 0 0.91 0.000 0 0 1.17
15:33:52 D 39575 0 0.70 0.000 0 0 1.17
15:33:53 D 39675 0 0.74 0.000 0 0 1.17
15:33:53 D 39775 0 0.94 0.000 0 0 1.17
15:33:53 D 39875 0 0.87 0.000 0 0 1.17
15:33:53 D 39975 0 1.12 0.000 0 0 1.17
15:33:53 D 40075 0 0.84 0.000 0 0 1.17
15:33:53 D 40175 0 0.94 0.000 0 0 1.17
15:33:53 D 40275 0 1.14 0.000 0 0 1.17
15:33:53 D 40375 0 0.80 0.000 0 0 1.17
15:33:53 D 40475 0 1.14 0.000 0 0 1.17
15:33:53 D 40575 0 0.49 0.000 0 0 1.17
15:33:54 D 40675 0 0.95 0.000 0 0 1.17
15:33:54 D 40775 0 0.82 0.000 0 0 1.17
15:33:54 D 40875 0 0.22 0.000 0 0 1.17
15:33:54 D 40975 0 0.59 0.000 0 0 1.17
15:33:54 D 41075 0 0.48 0.000 0 0 1.17
15:33:54 D 41175 0 0.58 0.000 0 0 1.17
15:33:54 D 41275 0 0.59 0.000 0 0 1.17
15:33:54 D 41375 0 0.69 0.000 0 0 1.17
15:33:54 D 41475 0 0.96 0.000 0 0 1.17
15:33:54 D 41575 0 1.64 0.000 0 0 1.17
15:33:55 D 41675 0 1.05 0.000 0 0 1.17
15:33:55 D 41775 0 0.69 0.000 0 0 1.17
15:33:55 D 41875 0 1.54 0.000 0 0 1.17
15:33:55 D 41975 0 1.65 0.000 0 0 1.17
15:33:55 D 42075 0 0.72 0.000 0 0 1.17
15:33:55 D 42175 0 0.93 0.000 0 0 1.17
15:33:55 D 42275 0 0.50 0.000 0 0 1.17
15:33:55 D 42375 0 -0.31 0.000 0 0 1.17
15:33:55 D 42475 0 -0.20 0.000 0 0 1.17
15:33:55 D 42575 0 -0.35 0.000 0 0 1.17
15:33:56 D 42675 0 -0.39 0.000 0 0 1.17
15:33:56 D 42775 0 -0.71 0.000 0 0 1.17
15:33:56 D 42875 0 -0.75 0.000 0 0 1.17
15:33:56 D 42975 0 -0.79 0.000 0 0 1.17
15:33:56 D 43075 0 -0.73 0.000 0 0 1.17
15:33:56 D 43175 0 -0.75 0.000 0 0 1.17
15:33:56 D 43275 0 -0.67 0.000 0 0 1.17
15:33:56 D 43375 0 -0.64 0.000 0 0 1.17
15:33:56 D 43475 0 -0.66 0.000 0 0 1.17
15:33:56 D 43575 0 -0.62 0.000 0 0 1.17
15:33:57 D 43675 0 -0.41 0.000 0 0 1.17
15:33:57 D 43775 0 0.12 0.000 0 0 1.17
15:33:57 D 43875 0 0.65 0.000 0 0 1.17
15:33:57 D 43975 0 0.26 0.000 0 0 1.17
15:33:57 D 44075 0 -0.26 0.000 0 0 1.17
15:33:57 D 44175 0 0.54 0.000 0 0 1.17
15:33:57 D 44275 0 0.22 0.000 0 0 1.17
15:33:57 D 44375 0 0.10 0.000 0 0 1.17
15:33:57 D 44475 0 0.12 0.000 0 0 1.17
15:33:57 D 44575 0 -0.16 0.000 0 0 1.17
15:33:58 D 44675 0 -0.23 0.000 0 0 1.17
15:33:58 D 44775 0 -0.44 0.000 0 0 1.17
15:33:58 D 44875 0 -0.58 0.000 0 0 1.17
15:33:58 D 44975 0 -0.59 0.000 0 0 1.17
15:33:58 D 45075 0 -0.67 0.000 0 0 1.17
15:33:58 D 45175 0 -0.65 0.000 0 0 1.17
15:33:58 D 45275 0 -0.46 0.000 0 0 1.17
15:33:58 D 45375 0 -0.99 0.000 0 0 1.17
15:33:58 D 45475 0 -1.16 0.000 0 0 1.17
15:33:58 D 45575 0 -1.28 0.000 0 0 1.17
15:33:59 D 45675 0 -1.67 0.000 0 0 1.17
15:33:59 D 45775 0 -1.43 0.000 0 0 1.17
15:33:59 D 45875 0 -1.49 0.000 0 0 1.17
15:33:59 D 45975 0 -1.45 0.000 0 0 1.17
15:33:59 D 46075 0 -1.49 0.000 0 0 1.17
15:33:59 D 46175 0 -1.66 0.000 0 0 1.17
15:33:59 D 46275 0 -1.62 0.000 0 0 1.17
15:33:59 D 46375 0 -1.49 0.000 0 0 1.17
15:33:59 D 46475 0 -1.69 0.000 0 0 1.17
15:33:59 D 46575 0 -1.72 0.000 0 0 1.17
15:34:00 D 46675 0 -1.80 0.000 0 0 1.17
15:34:00 D 46775 0 -1.86 0.000 0 0 1.17
15:34:00 D 46875 0 -1.87 0.000 0 0 1.17
15:34:00 D 46975 0 -1.83 0.000 0 0 1.17
15:34:00 D 47075 0 -1.91 0.000 0 0 1.17
15:34:00 D 47175 0 -1.74 0.000 0 0 1.17
15:34:00 D 47275 0 -1.89 0.000 0 0 1.17
15:34:00 D 47375 0 -1.87 0.000 0 0 1.17
15:34:00 D 47475 0 -1.75 0.000 0 0 1.17
15:34:00 D 47575 0 -1.93 0.000 0 0 1.17
15:34:01 D 47675 0 -1.85 0.000 0 0 1.17
15:34:01 D 47775 0 -1.99 0.000 0 0 1.17
15:34:01 D 47875 0 -2.06 0.000 0 0 1.17
15:34:01 D 47975 0 -2.01 0.000 0 0 1.17
15:34:01 D 48075 0 -2.17 0.000 0 0 1.17
15:34:01 D 48175 0 -2.01 0.000 0 0 1.17
15:34:01 D 48275 0 -2.14 0.000 0 0 1.17
15:34:01 D 48375 0 -2.06 0.000 0 0 1.17
15:34:01 D 48475 0 -2.07 0.000 0 0 1.17
15:34:01 D 48575 0 -2.13 0.000 0 0 1.17
15:34:02 D 48675 0 -2.13 0.000 0 0 1.17
15:34:02 D 48775 0 -2.13 0.000 0 0 1.17
15:34:02 D 48875 0 -2.17 0.000 0 0 1.17
15:34:02 D 48975 0 -2.13 0.000 0 0 1.17
15:34:02 D 49075 0 -2.20 0.000 0 0 1.17
15:34:02 D 49175 0 -2.25 0.000 0 0 1.17
15:34:02 D 49275 0 -2.12 0.000 0 0 1.17
15:34:02 D 49375 0 -2.09 0.000 0 0 1.17
15:34:02 D 49475 0 -2.10 0.000 0 0 1.17
15:34:02 D 49575 0 -2.04 0.000 0 0 1.17
15:34:03 D 49675 0 -2.03 0.000 0 0 1.17
15:34:03 D 49775 0 -2.13 0.000 0 0 1.17
15:34:03 D 49875 0 -2.12 0.000 0 0 1.17
15:34:03 D 49975 0 -2.06 0.000 0 0 1.17
15:34:03 D 50075 0 -2.13 0.000 0 0 1.17
15:34:03 D 50175 0 -2.05 0.000 0 0 1.17
15:34:03 D 50275 0 -1.94 0.000 0 0 1.17
15:34:03 D 50375 0 -1.90 0.000 0 0 1.17
15:34:03 D 50475 0 -2.13 0.000 0 0 1.17
15:34:03 D 50575 0 -1.81 0.000 0 0 1.17
15:34:04 D 50675 0 -1.63 0.000 0 0 1.17
15:34:04 D 50775 0 -1.64 0.000 0 0 1.17
15:34:04 D 50875 0 -1.66 0.000 0 0 1.17
15:34:04 D 50975 0 -1.53 0.000 0 0 1.17
15:34:04 D 51075 0 -1.56 0.000 0 0 1.17
15:34:04 D 51175 0 -1.40 0.000 0 0 1.17
15:34:04 D 51275 0 -1.63 0.000 0 0 1.17
15:34:04 D 51375 0 -1.69 0.000 0 0 1.17
15:34:04 D 51475 0 -1.45 0.000 0 0 1.17
15:34:04 D 51575 0 -1.47 0.000 0 0 1.17
15:34:05 D 51675 0 -0.65 0.000 0 0 1.17
15:34:05 D 51775 0 -0.38 0.000 0 0 1.17
15:34:05 D 51875 0 -0.83 0.000 0 0 1.17
15:34:05 D 51975 0 -1.57 0.000 0 0 1.17
15:34:05 D 52075 0 -1.56 0.000 0 0 1.17
15:34:05 D 52175 0 -1.09 0.000 0 0 1.17
15:34:05 D 52275 0 -1.22 0.000 0 0 1.17
15:34:05 D 52375 0 -1.35 0.000 0 0 1.17
15:34:05 D 52475 0 -1.14 0.000 0 0 1.17
15:34:05 D 52575 0 -1.33 0.000 0 0 1.17
15:34:06 D 52675 0 -1.16 0.000 0 0 1.17
15:34:06 D 52775 0 -1.26 0.000 0 0 1.17
15:34:06 D 52875 0 -1.27 0.000 0 0 1.17
15:34:06 D 52975 0 -1.26 0.000 0 0 1.17
15:34:06 D 53075 0 -1.37 0.000 0 0 1.17
15:34:06 D 53175 0 -1.23 0.000 0 0 1.17
15:34:06 D 53275 0 -1.27 0.000 0 0 1.17
15:34:06 D 53375 0 -1.42 0.000 0 0 1.17
15:34:06 D 53475 0 -1.41 0.000 0 0 1.17
15:34:06 D 53575 0 -1.41 0.000 0 0 1.17
15:34:07 D 53675 0 -1.38 0.000 0 0 1.17
15:34:07 D 53775 0 -1.06 0.000 0 0 1.17
15:34:07 D 53875 0 -1.22 0.000 0 0 1.17
15:34:07 D 53975 0 -1.18 0.000 0 0 1.17
15:34:07 D 54075 0 -1.19 0.000 0 0 1.17
15:34:07 D 54175 0 -1.32 0.000 0 0 1.17
15:34:07 D 54275 0 -1.32 0.000 0 0 1.17
15:34:07 D 54375 0 -1.25 0.000 0 0 1.17
15:34:07 D 54475 0 -1.26 0.000 0 0 1.17
15:34:07 D 54575 0 -1.28 0.000 0 0 1.17
15:34:08 D 54675 0 -1.36 0.000 0 0 1.17
15:34:08 D 54775 0 -1.43 0.000 0 0 1.17
15:34:08 D 54875 0 -1.39 0.000 0 0 1.17
15:34:08 D 54975 0 -1.43 0.000 0 0 1.17
15:34:08 D 55075 0 -1.35 0.000 0 0 1.17
15:34:08 D 55175 0 -1.31 0.000 0 0 1.17
15:34:08 D 55275 0 -1.61 0.000 0 0 1.17
15:34:08 D 55375 0 -1.19 0.000 0 0 1.17
15:34:08 D 55475 0 -1.27 0.000 0 0 1.17
15:34:08 D 55575 0 -1.37 0.000 0 0 1.17
15:34:09 D 55675 0 -1.19 0.000 0 0 1.17
15:34:09 D 55775 0 -1.29 0.000 0 0 1.17
15:34:09 D 55875 0 -1.32 0.000 0 0 1.17
15:34:09 D 55975 0 -1.31 0.000 0 0 1.17
15:34:09 D 56075 0 -1.22 0.000 0 0 1.17
15:34:09 D 56175 0 -1.34 0.000 0 0 1.17
15:34:09 D 56275 0 -1.32 0.000 0 0 1.17
15:34:09 D 56375 0 -1.34 0.000 0 0 1.17
15:34:09 D 56475 0 -1.40 0.000 0 0 1.17
15:34:09 D 56575 0 -1.33 0.000 0 0 1.17
15:34:10 D 56675 0 -1.39 0.000 0 0 1.17
15:34:10 D 56775 0 -1.37 0.000 0 0 1.17
15:34:10 D 56875 0 -1.40 0.000 0 0 1.17
15:34:10 D 56975 0 -1.35 0.000 0 0 1.17
15:34:10 D 57075 0 -1.34 0.000 0 0 1.17
15:34:10 D 57175 0 -1.39 0.000 0 0 1.17
15:34:10 D 57275 0 -1.22 0.000 0 0 1.17
15:34:10 D 57375 0 -1.33 0.000 0 0 1.17
15:34:10 D 57475 0 -1.19 0.000 0 0 1.17
15:34:10 D 57575 0 -1.27 0.000 0 0 1.17
15:34:11 D 57675 0 -1.21 0.000 0 0 1.17
15:34:11 D 57775 0 -1.18 0.000 0 0 1.17
15:34:11 D 57875 0 -1.21 0.000 0 0 1.17
15:34:11 D 57975 0 -1.30 0.000 0 0 1.17
15:34:11 D 58075 0 -1.26 0.000 0 0 1.17
15:34:11 D 58175 0 -1.25 0.000 0 0 1.17
15:34:11 D 58275 0 -1.25 0.000 0 0 1.17
15:34:11 D 58375 0 -1.27 0.000 0 0 1.17
15:34:11 D 58475 0 -1.26 0.000 0 0 1.17
15:34:11 D 58575 0 -1.22 0.000 0 0 1.17
15:34:12 D 58675 0 -1.21 0.000 0 0 1.17
15:34:12 D 58775 0 -1.09 0.000 0 0 1.17
15:34:12 D 58875 0 -1.18 0.000 0 0 1.17
15:34:12 D 58975 0 -1.01 0.000 0 0 1.17
15:34:12 D 59075 0 -1.12 0.000 0 0 1.17
15:34:12 D 59175 0 -1.05 0.000 0 0 1.17
15:34:12 D 59275 0 -1.07 0.000 0 0 1.17
15:34:12 D 59375 0 -1.08 0.000 0 0 1.17
15:34:12 D 59475 0 -1.07 0.000 0 0 1.17
15:34:12 D 59575 0 -1.14 0.000 0 0 1.17
15:34:13 D 59675 0 -1.13 0.000 0 0 1.17
15:34:13 D 59775 0 -1.12 0.000 0 0 1.17
15:34:13 D 59875 0 -1.16 0.000 0 0 1.17
15:34:13 D 59975 0 -1.09 0.000 0 0 1.17
15:34:13 D 60075 0 -1.15 0.000 0 0 1.17
15:34:13 D 60175 0 -1.09 0.000 0 0 1.17
15:34:13 D 60275 0 -1.17 0.000 0 0 1.17
15:34:13 D 60375 0 -1.07 0.000 0 0 1.17
15:34:13 D 60475 0 -1.18 0.000 0 0 1.17
15:34:13 D 60575 0 -1.11 0.000 0 0 1.17
15:34:14 D 60675 0 -1.17 0.000 0 0 1.17
15:34:14 D 60775 0 -1.09 0.000 0 0 1.17
15:34:14 D 60875 0 -1.21 0.000 0 0 1.17
15:34:14 D 60975 0 -1.15 0.000 0 0 1.17
15:34:14 D 61075 0 -1.30 0.000 0 0 1.17
15:34:14 D 61175 0 -1.22 0.000 0 0 1.17
15:34:14 D 61275 0 -1.31 0.000 0 0 1.17
15:34:14 D 61375 0 -1.21 0.000 0 0 1.17
15:34:14 D 61475 0 -1.24 0.000 0 0 1.17
15:34:14 D 61575 0 -1.25 0.000 0 0 1.17
15:34:15 D 61675 0 -1.19 0.000 0 0 1.17
15:34:15 D 61775 0 -1.17 0.000 0 0 1.17
15:34:15 D 61875 0 -1.17 0.000 0 0 1.17
15:34:15 D 61975 0 -1.06 0.000 0 0 1.17
15:34:15 D 62075 0 -1.08 0.000 0 0 1.17
15:34:15 D 62175 0 -0.98 0.000 0 0 1.17
15:34:15 D 62275 0 -0.98 0.000 0 0 1.17
15:34:15 D 62375 0 -0.98 0.000 0 0 1.17
15:34:15 D 62475 0 -0.94 0.000 0 0 1.17
15:34:15 D 62575 0 -1.01 0.000 0 0 1.17
15:34:16 D 62675 0 -0.88 0.000 0 0 1.17
15:34:16 D 62775 0 -1.03 0.000 0 0 1.17
15:34:16 D 62875 0 -0.92 0.000 0 0 1.17
15:34:16 D 62975 0 -1.00 0.000 0 0 1.17
15:34:16 D 63075 0 -0.98 0.000 0 0 1.17
15:34:16 D 63175 0 -1.04 0.000 0 0 1.17
15:34:16 D 63275 0 -0.96 0.000 0 0 1.17
15:34:16 D 63375 0 -1.01 0.000 0 0 1.17
15:34:16 D 63475 0 -1.03 0.000 0 0 1.17
15:34:16 D 63575 0 -1.01 0.000 0 0 1.17
15:34:17 D 63675 0 -1.12 0.000 0 0 1.17
15:34:17 D 63775 0 -1.02 0.000 0 0 1.17
15:34:17 D 63875 0 -1.14 0.000 0 0 1.17
15:34:17 D 63975 0 -1.03 0.000 0 0 1.17
15:34:17 D 64075 0 -1.09 0.000 0 0 1.17
15:34:17 D 64175 0 -1.08 0.000 0 0 1.17
15:34:17 D 64275 0 -1.08 0.000 0 0 1.17
15:34:17 D 64375 0 -1.06 0.000 0 0 1.17
15:34:17 D 64475 0 -1.10 0.000 0 0 1.17
15:34:17 D 64575 0 -1.01 0.000 0 0 1.17
15:34:18 D 64675 0 -1.04 0.000 0 0 1.17
15:34:18 D 64775 0 -1.02 0.000 0 0 1.17
15:34:18 D 64875 0 -0.82 0.000 0 0 1.17
15:34:18 D 64975 0 -0.89 0.000 0 0 1.17
15:34:18 D 65075 0 -0.73 0.000 0 0 1.17
15:34:18 D 65175 0 -0.73 0.000 0 0 1.17
15:34:18 D 65275 0 -0.69 0.000 0 0 1.17
15:34:18 D 65375 0 -0.69 0.000 0 0 1.17
15:34:18 D 65475 0 -0.57 0.000 0 0 1.17
15:34:18 D 65575 0 -0.69 0.000 0 0 1.17
15:34:19 D 65675 0 -0.60 0.000 0 0 1.17
15:34:19 D 65775 0 -0.70 0.000 0 0 1.17
15:34:19 D 65875 0 -0.62 0.000 0 0 1.17
15:34:19 D 65975 0 -0.72 0.000 0 0 1.17
15:34:19 D 66075 0 -0.65 0.000 0 0 1.17
15:34:19 D 66175 0 -0.79 0.000 0 0 1.17
15:34:19 D 66275 0 -0.74 0.000 0 0 1.17
15:34:19 D 66375 0 -0.71 0.000 0 0 1.17
15:34:19 D 66475 0 -0.86 0.000 0 0 1.17
15:34:19 D 66575 0 -0.64 0.000 0 0 1.17
15:34:20 D 66675 0 -0.96 0.000 0 0 1.17
15:34:20 D 66775 0 -0.73 0.000 0 0 1.17
15:34:20 D 66875 0 -0.92 0.000 0 0 1.17
15:34:20 D 66975 0 -0.83 0.000 0 0 1.17
15:34:20 D 67075 0 -0.88 0.000 0 0 1.17
15:34:20 D 67175 0 -0.80 0.000 0 0 1.17
15:34:20 D 67275 0 -0.87 0.000 0 0 1.17
15:34:20 D 67375 0 -0.85 0.000 0 0 1.17
15:34:20 D 67475 0 -0.86 0.000 0 0 1.17
15:34:20 D 67575 0 -0.90 0.000 0 0 1.17
15:34:21 D 67675 0 -0.90 0.000 0 0 1.17
15:34:21 D 67775 0 -0.83 0.000 0 0 1.17
15:34:21 D 67875 0 -0.92 0.000 0 0 1.17
15:34:21 D 67975 0 -0.85 0.000 0 0 1.17
15:34:21 D 68075 0 -0.92 0.000 0 0 1.17
15:34:21 D 68175 0 -0.93 0.000 0 0 1.17
15:34:21 D 68275 0 -0.87 0.000 0 0 1.17
15:34:21 D 68375 0 -0.92 0.000 0 0 1.17
15:34:21 D 68475 0 -0.89 0.000 0 0 1.17
15:34:21 D 68575 0 -0.98 0.000 0 0 1.17
15:34:22 D 68675 0 -0.94 0.000 0 0 1.17
15:34:22 D 68775 0 -1.05 0.000 0 0 1.17
15:34:22 D 68875 0 -1.04 0.000 0 0 1.17
15:34:22 D 68975 0 -1.04 0.000 0 0 1.17
15:34:22 D 69075 0 -1.09 0.000 0 0 1.17
15:34:22 D 69175 0 -1.09 0.000 0 0 1.17
15:34:22 D 69275 0 -1.14 0.000 0 0 1.17
15:34:22 D 69375 0 -1.17 0.000 0 0 1.17
15:34:22 D 69475 0 -1.20 0.000 0 0 1.17
15:34:22 D 69575 0 -1.22 0.000 0 0 1.17
15:34:23 D 69675 0 -1.17 0.000 0 0 1.17
15:34:23 D 69775 0 -1.23 0.000 0 0 1.17
15:34:23 D 69875 0 -1.15 0.000 0 0 1.17
15:34:23 D 69975 0 -1.19 0.000 0 0 1.17
15:34:23 D 70075 0 -1.10 0.000 0 0 1.17
15:34:23 D 70175 0 -1.15 0.000 0 0 1.17
15:34:23 D 70275 0 -1.04 0.000 0 0 1.17
15:34:23 D 70375 0 -1.02 0.000 0 0 1.17
15:34:23 D 70475 0 -1.00 0.000 0 0 1.17
15:34:23 D 70575 0 -0.99 0.000 0 0 1.17
15:34:24 D 70675 0 -0.94 0.000 0 0 1.17
15:34:24 D 70775 0 -1.03 0.000 0 0 1.17
15:34:24 D 70875 0 -0.90 0.000 0 0 1.17
15:34:24 D 70975 0 -1.07 0.000 0 0 1.17
15:34:24 D 71075 0 -0.94 0.000 0 0 1.17
15:34:24 D 71175 0 -1.09 0.000 0 0 1.17
15:34:24 D 71275 0 -1.04 0.000 0 0 1.17
15:34:24 D 71375 0 -1.15 0.000 0 0 1.17
15:34:24 D 71475 0 -1.09 0.000 0 0 1.17
15:34:24 D 71575 0 -1.16 0.000 0 0 1.17
15:34:25 D 71675 0 -1.10 0.000 0 0 1.17
15:34:25 D 71775 0 -1.17 0.000 0 0 1.17
15:34:25 D 71875 0 -1.16 0.000 0 0 1.17
15:34:25 D 71975 0 -1.19 0.000 0 0 1.17
15:34:25 D 72075 0 -1.24 0.000 0 0 1.17
15:34:25 D 72175 0 -1.24 0.000 0 0 1.17
15:34:25 D 72275 0 -1.24 0.000 0 0 1.17
15:34:25 D 72375 0 -1.35 0.000 0 0 1.17
15:34:25 D 72475 0 -1.45 0.000 0 0 1.17
15:34:25 D 72575 0 -1.40 0.000 0 0 1.17
15:34:26 D 72675 0 -1.41 0.000 0 0 1.17
15:34:26 D 72775 0 -1.48 0.000 0 0 1.17
15:34:26 D 72875 0 -1.40 0.000 0 0 1.17
15:34:26 D 72975 0 -1.46 0.000 0 0 1.17
15:34:26 D 73075 0 -1.42 0.000 0 0 1.17
15:34:26 D 73175 0 -1.48 0.000 0 0 1.17
15:34:26 D 73275 0 -1.39 0.000 0 0 1.17
15:34:26 D 73375 0 -1.42 0.000 0 0 1.17
15:34:26 D 73475 0 -1.39 0.000 0 0 1.17
15:34:26 D 73575 0 -1.33 0.000 0 0 1.17
15:34:27 D 73675 0 -1.30 0.000 0 0 1.17
15:34:27 D 73775 0 -1.22 0.000 0 0 1.17
15:34:27 D 73875 0 -1.28 0.000 0 0 1.17
15:34:27 D 73975 0 -1.19 0.000 0 0 1.17
15:34:27 D 74075 0 -1.21 0.000 0 0 1.17
15:34:27 D 74175 0 -1.25 0.000 0 0 1.17
15:34:27 D 74275 0 -1.21 0.000 0 0 1.17
15:34:27 D 74375 0 -1.26 0.000 0 0 1.17
15:34:27 D 74475 0 -1.20 0.000 0 0 1.17
15:34:27 D 74575 0 -1.28 0.000 0 0 1.17
15:34:28 D 74675 0 -1.28 0.000 0 0 1.17
15:34:28 D 74775 0 -1.33 0.000 0 0 1.17
15:34:28 D 74875 0 -1.38 0.000 0 0 1.17
15:34:28 D 74975 0 -1.34 0.000 0 0 1.17
15:34:28 D 75075 0 -1.39 0.000 0 0 1.17
15:34:28 D 75175 0 -1.38 0.000 0 0 1.17
15:34:28 D 75275 0 -1.41 0.000 0 0 1.17
15:34:28 D 75375 0 -1.44 0.000 0 0 1.17
15:34:28 D 75475 0 -1.41 0.000 0 0 1.17
15:34:28 D 75575 0 -1.51 0.000 0 0 1.17
15:34:29 D 75675 0 -1.72 0.000 0 0 1.17
15:34:29 D 75775 0 -1.85 0.000 0 0 1.17
15:34:29 D 75875 0 -1.36 0.000 0 0 1.17
15:34:29 D 75975 0 -0.89 0.000 0 0 1.17
15:34:29 D 76075 0 -0.82 0.000 0 0 1.17
15:34:29 D 76175 0 -1.08 0.000 0 0 1.17
15:34:29 D 76275 0 -1.40 0.000 0 0 1.17
15:34:29 D 76375 0 -1.09 0.000 0 0 1.17
15:34:29 D 76475 0 -1.22 0.000 0 0 1.17
15:34:29 D 76575 0 -1.11 0.000 0 0 1.17
15:34:30 D 76675 0 -1.11 0.000 0 0 1.17
15:34:30 D 76775 0 -1.24 0.000 0 0 1.17
15:34:30 D 76875 0 -1.13 0.000 0 0 1.17
15:34:30 D 76975 0 -1.22 0.000 0 0 1.17
15:34:30 D 77075 0 -1.22 0.000 0 0 1.17
15:34:30 D 77175 0 -1.18 0.000 0 0 1.17
15:34:30 D 77275 0 -1.29 0.000 0 0 1.17
15:34:30 D 77375 0 -1.30 0.000 0 0 1.17
15:34:30 D 77475 0 -1.32 0.000 0 0 1.17
15:34:30 D 77575 0 -1.30 0.000 0 0 1.17
15:34:31 D 77675 0 -1.47 0.000 0 0 1.17
15:34:31 D 77775 0 -1.31 0.000 0 0 1.17
15:34:31 D 77875 0 -1.47 0.000 0 0 1.17
15:34:31 D 77975 0 -1.43 0.000 0 0 1.17
15:34:31 D 78075 0 -1.48 0.000 0 0 1.17
15:34:31 D 78175 0 -1.50 0.000 0 0 1.17
15:34:31 D 78275 0 -1.59 0.000 0 0 1.17
15:34:31 D 78375 0 -1.47 0.000 0 0 1.17
15:34:31 D 78475 0 -1.61 0.000 0 0 1.17
15:34:31 D 78575 0 -1.49 0.000 0 0 1.17
15:34:32 D 78675 0 -1.57 0.000 0 0 1.17
15:34:32 D 78775 0 -1.54 0.000 0 0 1.17
15:34:32 D 78875 0 -1.61 0.000 0 0 1.17
15:34:32 D 78975 0 -1.58 0.000 0 0 1.17
15:34:32 D 79075 0 -1.58 0.000 0 0 1.17
15:34:32 D 79175 0 -1.52 0.000 0 0 1.17
15:34:32 D 79275 0 -1.47 0.000 0 0 1.17
15:34:32 D 79375 0 -1.46 0.000 0 0 1.17
15:34:32 D 79475 0 -1.40 0.000 0 0 1.17
15:34:32 D 79575 0 -1.49 0.000 0 0 1.17
15:34:33 D 79675 0 -1.33 0.000 0 0 1.17
15:34:33 D 79775 0 -1.43 0.000 0 0 1.17
15:34:33 D 79875 0 -1.33 0.000 0 0 1.17
15:34:33 D 79975 0 -1.38 0.000 0 0 1.17
15:34:33 D 80075 0 -1.33 0.000 0 0 1.17
15:34:33 D 80175 0 -1.44 0.000 0 0 1.17
15:34:33 D 80275 0 -1.38 0.000 0 0 1.17
15:34:33 D 80375 0 -1.46 0.000 0 0 1.17
15:34:33 D 80475 0 -1.48 0.000 0 0 1.17
15:34:33 D 80575 0 -1.43 0.000 0 0 1.17
15:34:34 D 80675 0 -1.52 0.000 0 0 1.17
15:34:34 D 80775 0 -1.47 0.000 0 0 1.17
15:34:34 D 80875 0 -1.53 0.000 0 0 1.17
15:34:34 D 80975 0 -1.47 0.000 0 0 1.17
15:34:34 D 81075 0 -1.59 0.000 0 0 1.17
15:34:34 D 81175 0 -1.50 0.000 0 0 1.17
15:34:34 D 81275 0 -1.67 0.000 0 0 1.17
15:34:34 D 81375 0 -1.62 0.000 0 0 1.17
15:34:34 D 81475 0 -1.60 0.000 0 0 1.17
15:34:34 D 81575 0 -1.72 0.000 0 0 1.17
15:34:35 D 81675 0 -1.55 0.000 0 0 1.17
15:34:35 D 81775 0 -1.75 0.000 0 0 1.17
15:34:35 D 81875 0 -1.64 0.000 0 0 1.17
15:34:35 D 81975 0 -1.67 0.000 0 0 1.17
15:34:35 D 82075 0 -1.71 0.000 0 0 1.17
15:34:35 D 82175 0 -1.63 0.000 0 0 1.17
15:34:35 D 82275 0 -1.74 0.000 0 0 1.17
15:34:35 D 82375 0 -1.66 0.000 0 0 1.17
15:34:35 D 82475 0 -1.72 0.000 0 0 1.17
15:34:35 D 82575 0 -1.59 0.000 0 0 1.17
15:34:36 D 82675 0 -1.70 0.000 0 0 1.17
15:34:36 D 82775 0 -1.51 0.000 0 0 1.17
15:34:36 D 82875 0 -1.65 0.000 0 0 1.17
15:34:36 D 82975 0 -1.50 0.000 0 0 1.17
15:34:36 D 83075 0 -1.58 0.000 0 0 1.17
15:34:36 D 83175 0 -1.47 0.000 0 0 1.17
15:34:36 D 83275 0 -1.56 0.000 0 0 1.17
15:34:36 D 83375 0 -1.43 0.000 0 0 1.17
15:34:36 D 83475 0 -1.62 0.000 0 0 1.17
15:34:36 D 83575 0 -1.48 0.000 0 0 1.17
15:34:37 D 83675 0 -1.66 0.000 0 0 1.17
15:34:37 D 83775 0 -1.57 0.000 0 0 1.17
15:34:37 D 83875 0 -1.60 0.000 0 0 1.17
15:34:37 D 83975 0 -1.70 0.000 0 0 1.17
15:34:37 D 84075 0 -1.64 0.000 0 0 1.17
15:34:37 D 84175 0 -1.72 0.000 0 0 1.17
15:34:37 D 84275 0 -1.72 0.000 0 0 1.17
15:34:37 D 84375 0 -1.69 0.000 0 0 1.17
15:34:37 D 84475 0 -1.76 0.000 0 0 1.17
15:34:37 D 84575 0 -1.83 0.000 0 0 1.17
15:34:38 D 84675 0 -1.79 0.000 0 0 1.17
15:34:38 D 84775 0 -1.78 0.000 0 0 1.17
15:34:38 D 84875 0 -1.80 0.000 0 0 1.17
15:34:38 D 84975 0 -1.79 0.000 0 0 1.17
15:34:38 D 85075 0 -1.80 0.000 0 0 1.17
15:34:38 D 85175 0 -1.81 0.000 0 0 1.17
15:34:38 D 85275 0 -1.78 0.000 0 0 1.17
15:34:38 D 85375 0 -1.92 0.000 0 0 1.17
15:34:38 D 85475 0 -1.18 0.000 0 0 1.17
15:34:38 D 85575 0 -1.55 0.000 0 0 1.17
15:34:39 D 85675 0 -1.90 0.000 0 0 1.17
15:34:39 D 85775 0 -1.47 0.000 0 0 1.17
15:34:39 D 85875 0 -1.76 0.000 0 0 1.17
15:34:39 D 85975 0 -1.89 0.000 0 0 1.17
15:34:39 D 86075 0 -1.59 0.000 0 0 1.17
15:34:39 D 86175 0 -1.67 0.000 0 0 1.17
15:34:39 D 86275 0 -1.41 0.000 0 0 1.17
15:34:39 D 86375 0 -1.48 0.000 0 0 1.17
15:34:39 D 86475 0 -1.41 0.000 0 0 1.17
15:34:39 D 86575 0 -1.73 0.000 0 0 1.17
15:34:40 D 86675 0 -1.78 0.000 0 0 1.17
15:34:40 D 86775 0 -2.08 0.000 0 0 1.17
15:34:40 D 86875 0 -2.32 0.000 0 0 1.17
15:34:40 D 86975 0 -2.30 0.000 0 0 1.17
15:34:40 D 87075 0 -2.29 0.000 0 0 1.17
15:34:40 D 87175 0 -2.40 0.000 0 0 1.17
15:34:40 D 87275 0 -2.20 0.000 0 0 1.17
15:34:40 D 87375 0 -2.34 0.000 0 0 1.17
15:34:40 D 87475 0 -2.26 0.000 0 0 1.17
15:34:40 D 87575 0 -2.22 0.000 0 0 1.17
15:34:41 D 87675 0 -2.49 0.000 0 0 1.17
15:34:41 D 87775 0 -2.41 0.000 0 0 1.17
15:34:41 D 87875 0 -2.87 0.000 0 0 1.17
15:34:41 D 87975 0 -2.47 0.000 0 0 1.17
15:34:41 D 88075 0 -2.70 0.000 0 0 1.17
15:34:41 D 88175 0 -2.44 0.000 0 0 1.17
15:34:41 D 88275 0 -2.15 0.000 0 0 1.17
15:34:41 D 88375 0 -2.23 0.000 0 0 1.17
15:34:41 D 88475 0 -2.22 0.000 0 0 1.17
15:34:41 D 88575 0 -2.23 0.000 0 0 1.17
15:34:42 D 88675 0 -2.25 0.000 0 0 1.17
15:34:42 D 88775 0 -2.18 0.000 0 0 1.17
15:34:42 D 88875 0 -2.07 0.000 0 0 1.17
15:34:42 D 88975 0 -2.02 0.000 0 0 1.17
15:34:42 D 89075 0 -2.13 0.000 0 0 1.17
15:34:42 D 89175 0 -2.02 0.000 0 0 1.17
15:34:42 D 89275 0 -2.15 0.000 0 0 1.17
15:34:42 D 89375 0 -2.10 0.000 0 0 1.17
15:34:42 D 89475 0 -2.20 0.000 0 0 1.17
15:34:42 D 89575 0 -2.11 0.000 0 0 1.17
15:34:43 D 89675 0 -2.30 0.000 0 0 1.17
15:34:43 D 89775 0 -2.22 0.000 0 0 1.17
15:34:43 D 89875 0 -2.33 0.000 0 0 1.17
15:34:43 D 89975 0 -2.27 0.000 0 0 1.17
15:34:43 D 90075 0 -2.39 0.000 0 0 1.17
15:34:43 D 90175 0 -2.25 0.000 0 0 1.17
15:34:43 D 90275 0 -2.41 0.000 0 0 1.17
15:34:43 D 90375 0 -2.30 0.000 0 0 1.17
15:34:43 D 90475 0 -2.62 0.000 0 0 1.17
15:34:43 D 90575 0 -2.31 0.000 0 0 1.17
15:34:44 D 90675 0 -2.60 0.000 0 0 1.17
15:34:44 D 90775 0 -2.40 0.000 0 0 1.17
15:34:44 D 90875 0 -2.52 0.000 0 0 1.17
15:34:44 D 90975 0 -2.42 0.000 0 0 1.17
15:34:44 D 91075 0 -2.55 0.000 0 0 1.17
15:34:44 D 91175 0 -2.43 0.000 0 0 1.17
15:34:44 D 91275 0 -2.52 0.000 0 0 1.17
15:34:44 D 91375 0 -2.55 0.000 0 0 1.17
15:34:44 D 91475 0 -2.46 0.000 0 0 1.17
15:34:44 D 91575 0 -2.51 0.000 0 0 1.17
15:34:45 D 91675 0 -2.42 0.000 0 0 1.17
15:34:45 D 91775 0 -2.51 0.000 0 0 1.17
15:34:45 D 91875 0 -2.39 0.000 0 0 1.17
15:34:45 D 91975 0 -2.44 0.000 0 0 1.17
15:34:45 D 92075 0 -2.44 0.000 0 0 1.17
15:34:45 D 92175 0 -2.40 0.000 0 0 1.17
15:34:45 D 92275 0 -2.39 0.000 0 0 1.17
15:34:45 D 92375 0 -2.37 0.000 0 0 1.17
15:34:45 D 92475 0 -2.39 0.000 0 0 1.17
15:34:45 D 92575 0 -2.46 0.000 0 0 1.17
15:34:46 D 92675 0 -2.43 0.000 0 0 1.17
15:34:46 D 92775 0 -2.61 0.000 0 0 1.17
15:34:46 D 92875 0 -2.48 0.000 0 0 1.17
15:34:46 D 92975 0 -2.66 0.000 0 0 1.17
15:34:46 D 93075 0 -2.61 0.000 0 0 1.17
15:34:46 D 93175 0 -2.65 0.000 0 0 1.17
15:34:46 D 93275 0 -2.66 0.000 0 0 1.17
15:34:46 D 93375 0 -2.66 0.000 0 0 1.17
15:34:46 D 93475 0 -2.58 0.000 0 0 1.17
15:34:46 D 93575 0 -2.64 0.000 0 0 1.17
15:34:47 D 93675 0 -2.58 0.000 0 0 1.17
15:34:47 D 93775 0 -2.66 0.000 0 0 1.17
15:34:47 D 93875 0 -2.63 0.000 0 0 1.17
15:34:47 D 93975 0 -2.64 0.000 0 0 1.17
15:34:47 D 94075 0 -2.65 0.000 0 0 1.17
15:34:47 D 94175 0 -2.58 0.000 0 0 1.17
15:34:47 D 94275 0 -2.55 0.000 0 0 1.17
15:34:47 D 94375 0 -2.53 0.000 0 0 1.17
15:34:47 D 94475 0 -2.54 0.000 0 0 1.17
15:34:47 D 94575 0 -2.47 0.000 0 0 1.17
15:34:48 D 94675 0 -2.50 0.000 0 0 1.17
15:34:48 D 94775 0 -2.48 0.000 0 0 1.17
15:34:48 D 94875 0 -2.44 0.000 0 0 1.17
15:34:48 D 94975 0 -2.45 0.000 0 0 1.17
15:34:48 D 95075 0 -2.49 0.000 0 0 1.17
15:34:48 D 95175 0 -2.51 0.000 0 0 1.17
15:34:48 D 95275 0 -2.64 0.000 0 0 1.17
15:34:48 D 95375 0 -2.57 0.000 0 0 1.17
15:34:48 D 95475 0 -2.69 0.000 0 0 1.17
15:34:48 D 95575 0 -2.64 0.000 0 0 1.17
15:34:49 D 95675 0 -2.70 0.000 0 0 1.17
15:34:49 D 95775 0 -2.66 0.000 0 0 1.17
15:34:49 D 95875 0 -2.77 0.000 0 0 1.17
15:34:49 D 95975 0 -2.69 0.000 0 0 1.17
15:34:49 D 96075 0 -2.83 0.000 0 0 1.17
15:34:49 D 96175 0 -2.73 0.000 0 0 1.17
15:34:49 D 96275 0 -2.81 0.000 0 0 1.17
15:34:49 D 96375 0 -2.75 0.000 0 0 1.17
15:34:49 D 96475 0 -2.81 0.000 0 0 1.17
15:34:49 D 96575 0 -2.79 0.000 0 0 1.17
15:34:50 D 96675 0 -2.83 0.000 0 0 1.17
15:34:50 D 96775 0 -2.78 0.000 0 0 1.17
15:34:50 D 96875 0 -2.85 0.000 0 0 1.17
15:34:50 D 96975 0 -2.75 0.000 0 0 1.17
15:34:50 D 97075 0 -2.84 0.000 0 0 1.17
15:34:50 D 97175 0 -2.75 0.000 0 0 1.17
15:34:50 D 97275 0 -2.77 0.000 0 0 1.17
15:34:50 D 97375 0 -2.63 0.000 0 0 1.17
15:34:50 D 97475 0 -2.77 0.000 0 0 1.17
15:34:50 D 97575 0 -2.60 0.000 0 0 1.17
15:34:51 D 97675 0 -2.72 0.000 0 0 1.17
15:34:51 D 97775 0 -2.69 0.000 0 0 1.17
15:34:51 D 97875 0 -2.69 0.000 0 0 1.17
15:34:51 D 97975 0 -2.76 0.000 0 0 1.17
15:34:51 D 98075 0 -2.67 0.000 0 0 1.17
15:34:51 D 98175 0 -2.82 0.000 0 0 1.17
15:34:51 D 98275 0 -2.79 0.000 0 0 1.17
15:34:51 D 98375 0 -2.83 0.000 0 0 1.17
15:34:51 D 98475 0 -2.80 0.000 0 0 1.17
15:34:51 D 98575 0 -2.88 0.000 0 0 1.17
15:34:52 D 98675 0 -2.84 0.000 0 0 1.17
15:34:52 D 98775 0 -2.90 0.000 0 0 1.17
15:34:52 D 98875 0 -2.84 0.000 0 0 1.17
15:34:52 D 98975 0 -2.90 0.000 0 0 1.17
15:34:52 D 99075 0 -2.85 0.000 0 0 1.17
15:34:52 D 99175 0 -2.97 0.000 0 0 1.17
15:34:52 D 99275 0 -2.88 0.000 0 0 1.17
15:34:52 D 99375 0 -3.03 0.000 0 0 1.17
15:34:52 D 99475 0 -2.88 0.000 0 0 1.17
15:34:52 D 99575 0 -3.07 0.000 0 0 1.17
15:34:53 D 99675 0 -2.83 0.000 0 0 1.17
15:34:53 D 99775 0 -3.07 0.000 0 0 1.17
15:34:53 D 99875 0 -2.87 0.000 0 0 1.17
15:34:53 D 99975 0 -3.02 0.000 0 0 1.17
15:34:53 D 100075 0 -2.86 0.000 0 0 1.17
15:34:53 D 100175 0 -2.97 0.000 0 0 1.17
15:34:53 D 100275 0 -2.72 0.000 0 0 1.17
15:34:53 D 100375 0 -2.85 0.000 0 0 1.17
15:34:53 D 100475 0 -2.75 0.000 0 0 1.17
15:34:53 D 100575 0 -2.59 0.000 0 0 1.17
15:34:54 D 100675 0 -2.85 0.000 0 0 1.17
15:34:54 D 100775 0 -2.59 0.000 0 0 1.17
15:34:54 D 100875 0 -2.59 0.000 0 0 1.17
15:34:54 D 100975 0 -2.60 0.000 0 0 1.17
15:34:54 D 101075 0 -2.54 0.000 0 0 1.17
15:34:54 D 101175 0 -2.65 0.000 0 0 1.17
15:34:54 D 101275 0 -2.68 0.000 0 0 1.17
15:34:54 D 101375 0 -2.71 0.000 0 0 1.17
15:34:54 D 101475 0 -2.68 0.000 0 0 1.17
15:34:54 D 101575 0 -2.73 0.000 0 0 1.17
15:34:55 D 101675 0 -2.71 0.000 0 0 1.17
15:34:55 D 101775 0 -2.70 0.000 0 0 1.17
15:34:55 D 101875 0 -2.77 0.000 0 0 1.17
15:34:55 D 101975 0 -2.74 0.000 0 0 1.17
15:34:55 D 102075 0 -2.77 0.000 0 0 1.17
15:34:55 D 102175 0 -2.81 0.000 0 0 1.17
15:34:55 D 102275 0 -2.77 0.000 0 0 1.17
15:34:55 D 102375 0 -2.83 0.000 0 0 1.17
15:34:55 D 102475 0 -2.80 0.000 0 0 1.17
15:34:55 D 102575 0 -2.84 0.000 0 0 1.17
15:34:56 D 102675 0 -2.85 0.000 0 0 1.17
15:34:56 D 102775 0 -2.83 0.000 0 0 1.17
15:34:56 D 102875 0 -2.91 0.000 0 0 1.17
15:34:56 D 102975 0 -2.81 0.000 0 0 1.17
15:34:56 D 103075 0 -2.91 0.000 0 0 1.17
15:34:56 D 103175 0 -2.85 0.000 0 0 1.17
15:34:56 D 103275 0 -2.93 0.000 0 0 1.17
15:34:56 D 103375 0 -2.92 0.000 0 0 1.17
15:34:56 D 103475 0 -2.87 0.000 0 0 1.17
15:34:56 D 103575 0 -2.82 0.000 0 0 1.17
15:34:57 D 103675 0 -2.80 0.000 0 0 1.17
15:34:57 D 103775 0 -2.73 0.000 0 0 1.17
15:34:57 D 103875 0 -2.75 0.000 0 0 1.17
15:34:57 D 103975 0 -2.70 0.000 0 0 1.17
15:34:57 D 104075 0 -2.70 0.000 0 0 1.17
15:34:57 D 104175 0 -2.68 0.000 0 0 1.17
15:34:57 D 104275 0 -2.68 0.000 0 0 1.17
15:34:57 D 104375 0 -2.66 0.000 0 0 1.17
15:34:57 D 104475 0 -2.72 0.000 0 0 1.17
15:34:57 D 104575 0 -2.73 0.000 0 0 1.17
15:34:58 D 104675 0 -2.72 0.000 0 0 1.17
15:34:58 D 104775 0 -2.76 0.000 0 0 1.17
15:34:58 D 104875 0 -2.75 0.000 0 0 1.17
15:34:58 D 104975 0 -2.77 0.000 0 0 1.17
15:34:58 D 105075 0 -2.74 0.000 0 0 1.17
15:34:58 D 105175 0 -2.85 0.000 0 0 1.17
15:34:58 D 105275 0 -2.75 0.000 0 0 1.17
15:34:58 D 105375 0 -2.89 0.000 0 0 1.17
15:34:58 D 105475 0 -2.79 0.000 0 0 1.17
15:34:58 D 105575 0 -2.91 0.000 0 0 1.17
15:34:59 D 105675 0 -2.82 0.000 0 0 1.17
15:34:59 D 105775 0 -2.86 0.000 0 0 1.17
15:34:59 D 105875 0 -2.82 0.000 0 0 1.17
15:34:59 D 105975 0 -2.88 0.000 0 0 1.17
15:34:59 D 106075 0 -2.86 0.000 0 0 1.17
15:34:59 D 106175 0 -2.83 0.000 0 0 1.17
15:34:59 D 106275 0 -2.95 0.000 0 0 1.17
15:34:59 D 106375 0 -2.83 0.000 0 0 1.17
15:34:59 D 106475 0 -2.90 0.000 0 0 1.17
15:34:59 D 106575 0 -2.87 0.000 0 0 1.17
15:35:00 D 106675 0 -2.78 0.000 0 0 1.17
15:35:00 D 106775 0 -2.82 0.000 0 0 1.17
15:35:00 D 106875 0 -2.36 0.000 0 0 1.17
15:35:00 D 106975 0 -2.53 0.000 0 0 1.17
15:35:00 D 107075 0 -2.51 0.000 0 0 1.17
15:35:00 D 107175 0 -2.29 0.000 0 0 1.17
15:35:00 D 107275 0 -2.45 0.000 0 0 1.17
15:35:00 D 107375 0 -2.49 0.000 0 0 1.17
15:35:00 D 107475 0 -2.59 0.000 0 0 1.17
15:35:00 D 107575 0 -2.39 0.000 0 0 1.17
15:35:01 D 107675 0 -2.58 0.000 0 0 1.17
15:35:01 D 107775 0 -2.97 0.000 0 0 1.17
15:35:01 D 107875 0 -3.18 0.000 0 0 1.17
15:35:01 D 107975 0 -2.99 0.000 0 0 1.17
15:35:01 D 108075 0 -2.78 0.000 0 0 1.17
15:35:01 D 108175 0 -3.05 0.000 0 0 1.17
15:35:01 D 108275 0 -3.27 0.000 0 0 1.17
15:35:01 D 108375 0 -3.07 0.000 0 0 1.17
15:35:01 D 108475 0 -3.30 0.000 0 0 1.17
15:35:02 D 108575 0 -3.64 0.000 0 0 1.17
15:35:02 D 108675 0 -3.46 0.000 0 0 1.17
15:35:02 D 108775 0 -3.52 0.000 0 0 1.17
15:35:02 D 108875 0 -3.48 0.000 0 0 1.17
15:35:02 D 108975 0 -3.50 0.000 0 0 1.17
15:35:02 D 109075 0 -3.62 0.000 0 0 1.17
15:35:02 D 109175 0 -3.53 0.000 0 0 1.17
15:35:02 D 109275 0 -3.51 0.000 0 0 1.17
15:35:02 D 109375 0 -3.25 0.000 0 0 1.17
15:35:02 D 109475 0 -3.15 0.000 0 0 1.17
15:35:02 D 109575 0 -3.03 0.000 0 0 1.17
15:35:03 D 109675 0 -3.31 0.000 0 0 1.17
15:35:03 D 109775 0 -3.32 0.000 0 0 1.17
15:35:03 D 109875 0 -3.27 0.000 0 0 1.17
15:35:03 D 109975 0 -3.12 0.000 0 0 1.17
15:35:03 D 110075 0 -3.30 0.000 0 0 1.17
15:35:03 D 110175 0 -3.12 0.000 0 0 1.17
15:35:03 D 110275 0 -3.42 0.000 0 0 1.17
15:35:03 D 110375 0 -3.43 0.000 0 0 1.17
15:35:03 D 110475 0 -3.23 0.000 0 0 1.17
15:35:03 D 110575 0 -3.23 0.000 0 0 1.17
15:35:04 D 110675 0 -3.19 0.000 0 0 1.17
15:35:04 D 110775 0 -3.52 0.000 0 0 1.17
15:35:04 D 110875 0 -3.68 0.000 0 0 1.17
15:35:04 D 110975 0 -3.64 0.000 0 0 1.17
15:35:04 D 111075 0 -3.73 0.000 0 0 1.17
15:35:04 D 111175 0 -3.71 0.000 0 0 1.17
15:35:04 cal
15:35:04 D 111275 1 -3.63 0.000 0 0 1.17
15:35:04 D 111375 1 -3.74 0.000 0 0 1.17
15:35:04 D 111475 1 -3.67 0.000 0 0 1.17
15:35:04 D 111575 1 -3.65 0.000 0 0 1.17
15:35:05 D 111675 1 -3.90 0.000 0 0 1.17
15:35:05 D 111775 1 -3.61 0.000 0 0 1.17
15:35:05 D 111875 1 -3.52 0.000 0 0 1.17
15:35:05 D 111975 1 -3.64 0.000 0 0 1.17
15:35:05 D 112075 1 -3.35 0.000 0 0 1.17
15:35:05 D 112175 1 -3.49 0.000 0 0 1.17
15:35:05 D 112275 1 -3.48 0.000 0 0 1.17
15:35:05 D 112375 1 -3.43 0.000 0 0 1.17
15:35:05 D 112475 1 -3.47 0.000 0 0 1.17
15:35:05 D 112575 1 -3.43 0.000 0 0 1.17
15:35:06 D 112675 1 -3.38 0.000 0 0 1.17
15:35:06 D 112775 1 -3.41 0.000 0 0 1.17
15:35:06 D 112875 1 -3.40 0.000 0 0 1.17
15:35:06 D 112975 1 -3.41 0.000 0 0 1.17
15:35:06 D 113075 1 -3.47 0.000 0 0 1.17
15:35:06 D 113175 1 -3.46 0.000 0 0 1.17
15:35:06 D 113275 1 -3.52 0.000 0 0 1.17
15:35:06 D 113375 1 -3.45 0.000 0 0 1.17
15:35:06 D 113475 1 -3.56 0.000 0 0 1.17
15:35:06 D 113575 1 -3.47 0.000 0 0 1.17
15:35:07 D 113675 1 -3.60 0.000 0 0 1.17
15:35:07 D 113775 1 -3.48 0.000 0 0 1.17
15:35:07 D 113875 1 -3.68 0.000 0 0 1.17
15:35:07 D 113975 1 -3.57 0.000 0 0 1.17
15:35:07 D 114075 1 -3.65 0.000 0 0 1.17
15:35:07 D 114175 1 -3.60 0.000 0 0 1.17
15:35:07 D 114275 1 -3.63 0.000 0 0 1.17
15:35:07 D 114375 1 -3.67 0.000 0 0 1.17
15:35:07 D 114475 1 -3.62 0.000 0 0 1.17
15:35:08 D 114575 1 -3.68 0.000 0 0 1.17
15:35:08 D 114675 1 -3.63 0.000 0 0 1.17
15:35:08 D 114775 1 -3.65 0.000 0 0 1.17
15:35:08 D 114875 1 -3.70 0.000 0 0 1.17
15:35:08 D 114975 1 -3.60 0.000 0 0 1.17
15:35:08 D 115075 1 -3.68 0.000 0 0 1.17
15:35:08 D 115175 1 -3.58 0.000 0 0 1.17
15:35:08 D 115275 1 -3.61 0.000 0 0 1.17
15:35:08 D 115375 1 -3.54 0.000 0 0 1.17
15:35:08 D 115475 1 -3.49 0.000 0 0 1.17
15:35:09 D 115575 1 -3.50 0.000 0 0 1.17
15:35:09 D 115675 1 -3.45 0.000 0 0 1.17
15:35:09 D 115775 1 -3.41 0.000 0 0 1.17
15:35:09 D 115875 1 -3.42 0.000 0 0 1.17
15:35:09 D 115975 1 -3.47 0.000 0 0 1.17
15:35:09 D 116075 1 -3.51 0.000 0 0 1.17
15:35:09 D 116175 1 -3.35 0.000 0 0 1.17
15:35:09 cal done: pitch zero -2.41 roll zero -1.49 bias -0.0422 0.0044 0.0063
15:35:09 D 116275 0 -0.26 0.000 0 0 -2.41
15:35:09 D 116375 0 -0.03 0.000 0 0 -2.41
15:35:09 D 116475 0 0.01 0.000 0 0 -2.41
15:35:10 D 116575 0 -0.03 0.000 0 0 -2.41
15:35:10 D 116675 0 -0.14 0.000 0 0 -2.41
15:35:10 D 116775 0 0.39 0.000 0 0 -2.41
15:35:10 D 116875 0 0.33 0.000 0 0 -2.41
15:35:10 D 116975 0 0.78 0.000 0 0 -2.41
15:35:10 D 117075 0 1.18 0.000 0 0 -2.41
15:35:10 D 117175 0 1.10 0.000 0 0 -2.41
15:35:10 D 117275 0 1.40 0.000 0 0 -2.41
15:35:10 D 117375 0 1.55 0.000 0 0 -2.41
15:35:10 D 117475 0 1.53 0.000 0 0 -2.41
15:35:11 D 117575 0 1.75 0.000 0 0 -2.41
15:35:11 D 117675 0 1.57 0.000 0 0 -2.41
15:35:11 D 117775 0 1.87 0.000 0 0 -2.41
15:35:11 mpu_set_sensor complete ......
15:35:11 mpu_set_sensor complete ......
15:35:11 mpu_configure_fifo complete ......
15:35:11 mpu_set_sample_rate complete ......
15:35:12 dmp_load_motion_driver_firmware complete ......
15:35:12 dmp_set_orientation complete ......
15:35:12 dmp_enable_feature complete ......
15:35:12 dmp_set_fifo_rate complete ......
15:35:13 mpu_set_dmp_state complete ......
15:35:14 mode 28 RL
15:35:15 D 175 1 3.00 0.000 0 0 0.00
15:35:15 D 355 1 1.18 0.000 0 0 0.00
15:35:15 D 535 1 1.89 0.000 0 0 0.00
15:35:15 D 720 1 1.67 0.000 0 0 0.00
15:35:15 D 900 1 1.53 0.000 0 0 0.00
15:35:15 D 1080 1 1.28 0.000 0 0 0.00
15:35:16 D 1265 1 1.51 0.000 0 0 0.00
15:35:16 D 1445 1 1.48 0.000 0 0 0.00
15:35:16 D 1625 1 1.26 0.000 0 0 0.00
15:35:16 D 1810 1 1.14 0.000 0 0 0.00
15:35:16 D 1990 1 1.10 0.000 0 0 0.00
15:35:17 D 2170 1 1.16 0.000 0 0 0.00
15:35:17 D 2355 1 1.18 0.000 0 0 0.00
15:35:17 D 2535 1 1.18 0.000 0 0 0.00
15:35:17 D 2715 1 1.10 0.000 0 0 0.00
15:35:17 D 2895 1 1.15 0.000 0 0 0.00
15:35:17 D 3080 1 1.13 0.000 0 0 0.00
15:35:18 D 3260 1 1.15 0.000 0 0 0.00
15:35:18 D 3440 1 1.13 0.000 0 0 0.00
15:35:18 D 3625 1 1.16 0.000 0 0 0.00
15:35:18 D 3805 1 1.19 0.000 0 0 0.00
15:35:18 D 3985 1 1.16 0.000 0 0 0.00
15:35:19 D 4170 1 1.17 0.000 0 0 0.00
15:35:19 D 4350 1 1.17 0.000 0 0 0.00
15:35:19 D 4535 1 1.16 0.000 0 0 0.00
15:35:19 D 4715 1 1.15 0.000 0 0 0.00
15:35:19 D 4895 1 1.16 0.000 0 0 0.00
15:35:19 cal done: pitch zero -0.02 roll zero -1.54 bias -0.0408 0.0044 0.0059
15:35:19 D 5085 0 0.30 0.000 0 0 -0.02
15:35:20 D 5185 0 0.29 0.000 0 0 -0.02
15:35:20 D 5285 0 0.21 0.000 0 0 -0.02
15:35:20 D 5385 0 0.10 0.000 0 0 -0.02
15:35:20 D 5485 0 0.08 0.000 0 0 -0.02
15:35:20 D 5585 0 0.10 0.000 0 0 -0.02
15:35:20 D 5685 0 0.16 0.000 0 0 -0.02
15:35:20 D 5785 0 0.40 0.000 0 0 -0.02
15:35:20 D 5885 0 -0.16 0.000 0 0 -0.02
15:35:20 D 5985 0 0.26 0.000 0 0 -0.02
15:35:20 D 6085 0 0.11 0.000 0 0 -0.02
15:35:21 D 6185 0 -0.04 0.000 0 0 -0.02
15:35:21 D 6285 0 -0.02 0.000 0 0 -0.02
15:35:21 D 6385 0 0.02 0.000 0 0 -0.02
15:35:21 D 6485 0 -0.13 0.000 0 0 -0.02
15:35:21 D 6585 0 -0.00 0.000 0 0 -0.02
15:35:21 D 6685 0 -0.09 0.000 0 0 -0.02
15:35:21 D 6785 0 0.16 0.000 0 0 -0.02
15:35:21 D 6885 0 -0.06 0.000 0 0 -0.02
15:35:21 D 6985 0 -0.11 0.000 0 0 -0.02
15:35:21 D 7085 0 -0.18 0.000 0 0 -0.02
15:35:22 D 7185 0 -0.15 0.000 0 0 -0.02
15:35:22 D 7285 0 -0.17 0.000 0 0 -0.02
15:35:22 D 7385 0 -0.16 0.000 0 0 -0.02
15:35:22 D 7485 0 -0.19 0.000 0 0 -0.02
15:35:22 D 7585 0 -0.17 0.000 0 0 -0.02
15:35:22 D 7685 0 -0.24 0.000 0 0 -0.02
15:35:22 D 7785 0 -0.20 0.000 0 0 -0.02
15:35:22 D 7885 0 -0.32 0.000 0 0 -0.02
15:35:22 D 7985 0 -0.27 0.000 0 0 -0.02
15:35:22 D 8085 0 -0.34 0.000 0 0 -0.02
15:35:23 D 8185 0 -0.33 0.000 0 0 -0.02
15:35:23 D 8285 0 -0.27 0.000 0 0 -0.02
15:35:23 D 8385 0 -0.44 0.000 0 0 -0.02
15:35:23 D 8485 0 -0.29 0.000 0 0 -0.02
15:35:23 D 8585 0 -0.40 0.000 0 0 -0.02
15:35:23 D 8685 0 -0.29 0.000 0 0 -0.02
15:35:23 D 8785 0 -0.35 0.000 0 0 -0.02
15:35:23 D 8885 0 -0.30 0.000 0 0 -0.02
15:35:23 D 8985 0 -0.30 0.000 0 0 -0.02
15:35:23 D 9085 0 -0.30 0.000 0 0 -0.02
15:35:24 D 9185 0 -0.31 0.000 0 0 -0.02
15:35:24 D 9285 0 -0.29 0.000 0 0 -0.02
15:35:24 D 9385 0 -0.35 0.000 0 0 -0.02
15:35:24 D 9485 0 -0.35 0.000 0 0 -0.02
15:35:24 D 9585 0 -0.29 0.000 0 0 -0.02
15:35:24 D 9685 0 -0.42 0.000 0 0 -0.02
15:35:24 D 9785 0 -0.32 0.000 0 0 -0.02
15:35:24 D 9885 0 -0.40 0.000 0 0 -0.02
15:35:24 D 9985 0 -0.32 0.000 0 0 -0.02
15:35:24 D 10085 0 -0.67 0.000 0 0 -0.02
15:35:25 D 10185 0 -1.50 0.000 0 0 -0.02
15:35:25 D 10285 0 -1.56 0.000 0 0 -0.02
15:35:25 D 10385 0 -1.23 0.000 0 0 -0.02
15:35:25 D 10485 0 -1.18 0.000 0 0 -0.02
15:35:25 D 10585 0 -1.33 0.000 0 0 -0.02
15:35:25 D 10685 0 -1.55 0.000 0 0 -0.02
15:35:25 D 10785 0 -1.79 0.000 0 0 -0.02
15:35:25 D 10885 0 -2.32 0.000 0 0 -0.02
15:35:25 D 10985 0 -2.70 0.000 0 0 -0.02
15:35:25 D 11085 0 -1.39 0.000 0 0 -0.02
15:35:26 D 11185 0 0.97 0.000 0 0 -0.02
15:35:26 D 11285 0 1.12 0.000 0 0 -0.02
15:35:26 D 11385 0 0.74 0.000 0 0 -0.02
15:35:26 D 11485 0 0.90 0.000 0 0 -0.02
15:35:26 D 11585 0 1.10 0.000 0 0 -0.02
15:35:26 D 11685 0 0.70 0.000 0 0 -0.02
15:35:26 D 11785 0 0.18 0.000 0 0 -0.02
15:35:26 D 11885 0 0.09 0.000 0 0 -0.02
15:35:26 D 11985 0 0.74 0.000 0 0 -0.02
15:35:26 D 12085 0 1.27 0.000 0 0 -0.02
15:35:27 D 12185 0 1.78 0.000 0 0 -0.02
15:35:27 D 12285 0 2.88 0.000 0 0 -0.02
15:35:27 D 12385 0 4.22 0.000 0 0 -0.02
15:35:27 D 12485 0 5.90 0.000 0 0 -0.02
15:35:27 D 12585 0 7.13 0.000 0 0 -0.02
15:35:27 D 12685 0 6.23 0.000 0 0 -0.02
15:35:27 D 12785 0 5.18 0.000 0 0 -0.02
15:35:27 D 12885 0 4.87 0.000 0 0 -0.02
15:35:27 D 12985 0 4.06 0.000 0 0 -0.02
15:35:27 D 13085 0 2.84 0.000 0 0 -0.02
15:35:28 D 13185 0 2.90 0.000 0 0 -0.02
15:35:28 D 13285 0 3.02 0.000 0 0 -0.02
15:35:28 D 13385 0 2.50 0.000 0 0 -0.02
15:35:28 D 13485 0 1.50 0.000 0 0 -0.02
15:35:28 D 13585 0 0.75 0.000 0 0 -0.02
15:35:28 D 13685 0 0.96 0.000 0 0 -0.02
15:35:28 D 13785 0 1.29 0.000 0 0 -0.02
15:35:28 D 13885 0 1.71 0.000 0 0 -0.02
15:35:28 D 13985 0 1.97 0.000 0 0 -0.02
15:35:28 D 14085 0 1.96 0.000 0 0 -0.02
15:35:29 D 14185 0 1.93 0.000 0 0 -0.02
15:35:29 D 14285 0 1.51 0.000 0 0 -0.02
15:35:29 D 14385 0 1.14 0.000 0 0 -0.02
15:35:29 D 14485 0 0.93 0.000 0 0 -0.02
15:35:29 D 14585 0 0.84 0.000 0 0 -0.02
15:35:29 D 14685 0 0.27 0.000 0 0 -0.02
15:35:29 D 14785 0 -0.18 0.000 0 0 -0.02
15:35:29 D 14885 0 -0.77 0.000 0 0 -0.02
15:35:29 D 14985 0 -1.29 0.000 0 0 -0.02
15:35:29 D 15085 0 -1.94 0.000 0 0 -0.02
15:35:30 D 15185 0 -2.71 0.000 0 0 -0.02
15:35:30 D 15285 0 -3.69 0.000 0 0 -0.02
15:35:30 D 15385 0 -2.32 0.000 0 0 -0.02
15:35:30 D 15485 0 -0.61 0.000 0 0 -0.02
15:35:30 D 15585 0 -1.34 0.000 0 0 -0.02
15:35:30 D 15685 0 -1.27 0.000 0 0 -0.02
15:35:30 D 15785 0 0.34 0.000 0 0 -0.02
15:35:30 D 15885 0 1.38 0.000 0 0 -0.02
15:35:30 D 15985 0 1.11 0.000 0 0 -0.02
15:35:30 D 16085 0 0.46 0.000 0 0 -0.02
15:35:31 D 16185 0 -0.04 0.000 0 0 -0.02
15:35:31 D 16285 0 0.33 0.000 0 0 -0.02
15:35:31 D 16385 0 0.65 0.000 0 0 -0.02
15:35:31 D 16485 0 0.49 0.000 0 0 -0.02
15:35:31 D 16585 0 -0.02 0.000 0 0 -0.02
15:35:31 D 16685 0 -0.30 0.000 0 0 -0.02
15:35:31 D 16785 0 -0.03 0.000 0 0 -0.02
15:35:31 D 16885 0 -0.19 0.000 0 0 -0.02
15:35:31 D 16985 0 -0.56 0.000 0 0 -0.02
15:35:31 D 17085 0 -0.97 0.000 0 0 -0.02
15:35:32 D 17185 0 -1.06 0.000 0 0 -0.02
15:35:32 D 17285 0 -1.23 0.000 0 0 -0.02
15:35:32 D 17385 0 -0.95 0.000 0 0 -0.02
15:35:32 D 17485 0 -0.96 0.000 0 0 -0.02
15:35:32 D 17585 0 -1.51 0.000 0 0 -0.02
15:35:32 mpu_set_sensor complete ......
15:35:33 mpu_set_sensor complete ......
15:35:33 mpu_configure_fifo complete ......
15:35:33 mpu_set_sample_rate complete ......
15:35:33 dmp_load_motion_driver_firmware complete ......
15:35:33 dmp_set_orientation complete ......
15:35:33 dmp_enable_feature complete ......
15:35:33 dmp_set_fifo_rate complete ......
15:35:34 mpu_set_dmp_state complete ......
15:35:40 mode 28 RL
15:35:40 D 175 1 1.14 0.000 0 0 0.00
15:35:41 D 355 1 1.08 0.000 0 0 0.00
15:35:41 D 540 1 1.73 0.000 0 0 0.00
15:35:41 D 720 1 1.68 0.000 0 0 0.00
15:35:41 D 900 1 1.75 0.000 0 0 0.00
15:35:41 D 1080 1 1.95 0.000 0 0 0.00
15:35:41 D 1260 1 2.05 0.000 0 0 0.00
15:35:42 D 1440 1 2.07 0.000 0 0 0.00
15:35:42 D 1625 1 1.94 0.000 0 0 0.00
15:35:42 D 1805 1 1.85 0.000 0 0 0.00
15:35:42 D 1985 1 1.89 0.000 0 0 0.00
15:35:42 D 2165 1 1.88 0.000 0 0 0.00
15:35:42 D 2345 1 1.93 0.000 0 0 0.00
15:35:43 D 2525 1 1.72 0.000 0 0 0.00
15:35:43 D 2710 1 1.71 0.000 0 0 0.00
15:35:43 D 2890 1 1.74 0.000 0 0 0.00
15:35:43 D 3070 1 1.64 0.000 0 0 0.00
15:35:43 D 3250 1 1.53 0.000 0 0 0.00
15:35:44 D 3435 1 1.51 0.000 0 0 0.00
15:35:44 D 3615 1 1.35 0.000 0 0 0.00
15:35:44 D 3800 1 1.21 0.000 0 0 0.00
15:35:44 D 3980 1 1.07 0.000 0 0 0.00
15:35:44 D 4160 1 0.74 0.000 0 0 0.00
15:35:44 D 4345 1 0.19 0.000 0 0 0.00
15:35:45 D 4525 1 -0.80 0.000 0 0 0.00
15:35:45 D 4705 1 -3.14 0.000 0 0 0.00
15:35:45 D 4890 1 -4.09 0.000 0 0 0.00
15:35:45 D 5070 1 -1.49 0.000 0 0 0.00
15:35:45 D 5250 1 -0.73 0.000 0 0 0.00
15:35:46 D 5430 1 -0.51 0.000 0 0 0.00
15:35:46 D 5610 1 0.14 0.000 0 0 0.00
15:35:46 D 5790 1 1.52 0.000 0 0 0.00
15:35:46 D 5975 1 3.30 0.000 0 0 0.00
15:35:46 D 6155 1 3.28 0.000 0 0 0.00
15:35:46 D 6335 1 3.14 0.000 0 0 0.00
15:35:47 D 6515 1 4.18 0.000 0 0 0.00
15:35:47 D 6695 1 3.94 0.000 0 0 0.00
15:35:47 D 6875 1 4.35 0.000 0 0 0.00
15:35:47 D 7060 1 4.28 0.000 0 0 0.00
15:35:47 D 7240 1 3.69 0.000 0 0 0.00
15:35:48 D 7420 1 3.48 0.000 0 0 0.00
15:35:48 D 7600 1 2.60 0.000 0 0 0.00
15:35:48 D 7780 1 -2.88 0.000 0 0 0.00
15:35:48 D 7960 1 -18.12 0.000 0 0 0.00
15:35:48 D 8145 1 -20.53 0.000 0 0 0.00
15:35:48 D 8325 1 -12.70 0.000 0 0 0.00
15:35:49 D 8505 1 -4.73 0.000 0 0 0.00
15:35:49 D 8685 1 -0.67 0.000 0 0 0.00
15:35:49 D 8865 1 0.89 0.000 0 0 0.00
15:35:49 D 9050 1 2.28 0.000 0 0 0.00
15:35:49 D 9230 1 1.53 0.000 0 0 0.00
15:35:50 D 9410 1 1.84 0.000 0 0 0.00
15:35:50 D 9590 1 4.31 0.000 0 0 0.00
15:35:50 D 9770 1 4.99 0.000 0 0 0.00
15:35:50 D 9950 1 4.41 0.000 0 0 0.00
15:35:50 D 10135 1 3.63 0.000 0 0 0.00
15:35:50 D 10315 1 3.60 0.000 0 0 0.00
15:35:51 D 10495 1 4.64 0.000 0 0 0.00
15:35:51 D 10675 1 7.73 0.000 0 0 0.00
15:35:51 D 10855 1 10.53 0.000 0 0 0.00
15:35:51 D 11035 1 -12.23 0.000 0 0 0.00
15:35:51 D 11220 1 30.12 0.000 0 0 0.00
15:35:52 D 11405 1 31.07 0.000 0 0 0.00
15:35:52 D 11590 1 17.33 0.000 0 0 0.00
15:35:52 D 11770 1 6.64 0.000 0 0 0.00
15:35:52 D 11950 1 0.93 0.000 0 0 0.00
15:35:52 D 12135 1 1.11 0.000 0 0 0.00
15:35:52 D 12315 1 0.94 0.000 0 0 0.00
15:35:53 D 12495 1 1.05 0.000 0 0 0.00
15:35:53 D 12680 1 1.17 0.000 0 0 0.00
15:35:53 D 12860 1 1.32 0.000 0 0 0.00
15:35:53 D 13040 1 1.39 0.000 0 0 0.00
15:35:53 D 13225 1 1.31 0.000 0 0 0.00
15:35:54 D 13405 1 1.37 0.000 0 0 0.00
15:35:54 D 13585 1 1.36 0.000 0 0 0.00
15:35:54 D 13770 1 1.92 0.000 0 0 0.00
15:35:54 D 13950 1 1.87 0.000 0 0 0.00
15:35:54 D 14130 1 1.69 0.000 0 0 0.00
15:35:54 D 14310 1 1.57 0.000 0 0 0.00
15:35:55 D 14490 1 1.58 0.000 0 0 0.00
15:35:55 D 14675 1 1.55 0.000 0 0 0.00
15:35:55 D 14855 1 1.48 0.000 0 0 0.00
15:35:55 D 15035 1 1.54 0.000 0 0 0.00
15:35:55 D 15220 1 1.55 0.000 0 0 0.00
15:35:56 D 15400 1 1.48 0.000 0 0 0.00
15:35:56 D 15580 1 1.45 0.000 0 0 0.00
15:35:56 D 15765 1 1.44 0.000 0 0 0.00
15:35:56 D 15945 1 1.41 0.000 0 0 0.00
15:35:56 D 16130 1 1.34 0.000 0 0 0.00
15:35:56 D 16310 1 1.39 0.000 0 0 0.00
15:35:57 D 16495 1 1.30 0.000 0 0 0.00
15:35:57 D 16675 1 1.29 0.000 0 0 0.00
15:35:57 D 16855 1 1.19 0.000 0 0 0.00
15:35:57 cal done: pitch zero 0.22 roll zero -1.51 bias -0.0384 0.0044 0.0061
15:35:57 D 16955 0 -0.07 0.000 0 0 0.22
15:35:57 D 17055 0 -0.10 0.000 0 0 0.22
15:35:57 D 17155 0 -0.13 0.000 0 0 0.22
15:35:57 D 17255 0 -0.16 0.000 0 0 0.22
15:35:58 D 17355 0 -0.19 0.000 0 0 0.22
15:35:58 D 17455 0 -0.23 0.000 0 0 0.22
15:35:58 D 17555 0 -0.28 0.000 0 0 0.22
15:35:58 D 17655 0 -0.39 0.000 0 0 0.22
15:35:58 D 17755 0 -0.59 0.000 0 0 0.22
15:35:58 D 17855 0 -0.84 0.000 0 0 0.22
15:35:58 D 17955 0 -0.94 0.000 0 0 0.22
15:35:58 D 18055 0 -1.10 0.000 0 0 0.22
15:35:58 D 18155 0 -1.25 0.000 0 0 0.22
15:35:58 D 18255 0 -1.48 0.000 0 0 0.22
15:35:59 D 18355 0 -1.68 0.000 0 0 0.22
15:35:59 D 18455 0 -2.12 0.000 0 0 0.22
15:35:59 D 18555 0 -2.67 0.000 0 0 0.22
15:35:59 D 18655 0 -3.65 0.000 0 0 0.22
15:35:59 D 18755 0 -5.11 0.000 0 0 0.22
15:35:59 D 18855 0 -7.87 0.000 0 0 0.22
15:35:59 D 18955 0 -13.57 0.000 0 0 0.22
15:35:59 D 19055 0 -24.23 0.000 0 0 0.22
15:35:59 D 19155 0 -54.16 0.000 0 0 0.22
15:35:59 D 19255 0 -52.53 0.000 0 0 0.22
15:36:00 D 19355 0 -47.06 0.000 0 0 0.22
15:36:00 D 19455 0 -38.87 0.000 0 0 0.22
15:36:00 D 19555 0 -26.19 0.000 0 0 0.22
15:36:00 D 19655 0 -14.37 0.000 0 0 0.22
15:36:00 D 19755 0 -6.81 0.000 0 0 0.22
15:36:00 D 19855 0 -4.19 0.000 0 0 0.22
15:36:00 D 19955 0 -3.48 0.000 0 0 0.22
15:36:00 D 20055 0 -2.45 0.000 0 0 0.22
15:36:00 D 20155 0 -4.60 0.000 0 0 0.22
15:36:00 D 20255 0 -6.98 0.000 0 0 0.22
15:36:01 D 20355 0 -5.95 0.000 0 0 0.22
15:36:01 D 20455 0 -3.97 0.000 0 0 0.22
15:36:01 D 20555 0 -4.14 0.000 0 0 0.22
15:36:01 D 20655 0 -5.50 0.000 0 0 0.22
15:36:01 D 20755 0 -3.62 0.000 0 0 0.22
15:36:01 D 20855 0 1.52 0.000 0 0 0.22
15:36:01 D 20955 0 8.64 0.000 0 0 0.22
15:36:01 D 21055 0 15.98 0.000 0 0 0.22
15:36:01 D 21155 0 20.06 0.000 0 0 0.22
15:36:01 D 21255 0 21.43 0.000 0 0 0.22
15:36:02 D 21355 0 17.36 0.000 0 0 0.22
15:36:02 D 21455 0 11.33 0.000 0 0 0.22
15:36:02 D 21555 0 7.56 0.000 0 0 0.22
15:36:02 D 21655 0 9.81 0.000 0 0 0.22
15:36:02 D 21755 0 12.88 0.000 0 0 0.22
15:36:02 D 21855 0 13.01 0.000 0 0 0.22
15:36:02 D 21955 0 12.87 0.000 0 0 0.22
15:36:02 D 22055 0 13.55 0.000 0 0 0.22
15:36:02 D 22155 0 14.53 0.000 0 0 0.22
15:36:02 D 22255 0 14.49 0.000 0 0 0.22
15:36:03 D 22355 0 14.60 0.000 0 0 0.22
15:36:03 D 22455 0 14.23 0.000 0 0 0.22
15:36:03 D 22555 0 13.71 0.000 0 0 0.22
15:36:03 D 22655 0 13.71 0.000 0 0 0.22
15:36:03 D 22755 0 13.36 0.000 0 0 0.22
15:36:03 D 22855 0 13.31 0.000 0 0 0.22
15:36:03 D 22955 0 13.17 0.000 0 0 0.22
15:36:03 D 23055 0 13.22 0.000 0 0 0.22
15:36:03 D 23155 0 13.40 0.000 0 0 0.22
15:36:03 D 23255 0 13.19 0.000 0 0 0.22
15:36:04 D 23355 0 13.25 0.000 0 0 0.22
15:36:04 D 23455 0 13.32 0.000 0 0 0.22
15:36:04 D 23555 0 13.27 0.000 0 0 0.22
15:36:04 D 23655 0 13.39 0.000 0 0 0.22
15:36:04 D 23755 0 13.21 0.000 0 0 0.22
15:36:04 D 23855 0 13.11 0.000 0 0 0.22
15:36:04 D 23955 0 12.91 0.000 0 0 0.22
15:36:04 D 24055 0 12.69 0.000 0 0 0.22
15:36:04 D 24155 0 12.66 0.000 0 0 0.22
15:36:04 D 24255 0 12.47 0.000 0 0 0.22
15:36:05 D 24355 0 12.49 0.000 0 0 0.22
15:36:05 D 24455 0 12.25 0.000 0 0 0.22
15:36:05 D 24555 0 12.40 0.000 0 0 0.22
15:36:05 D 24655 0 12.27 0.000 0 0 0.22
15:36:05 D 24755 0 12.23 0.000 0 0 0.22
15:36:05 D 24855 0 12.01 0.000 0 0 0.22
15:36:05 D 24955 0 12.03 0.000 0 0 0.22
15:36:05 D 25055 0 11.91 0.000 0 0 0.22
15:36:05 D 25155 0 11.80 0.000 0 0 0.22
15:36:05 D 25255 0 11.68 0.000 0 0 0.22
15:36:06 D 25355 0 11.55 0.000 0 0 0.22
15:36:06 D 25455 0 11.60 0.000 0 0 0.22
15:36:06 D 25555 0 11.70 0.000 0 0 0.22
15:36:06 D 25655 0 11.66 0.000 0 0 0.22
15:36:06 D 25755 0 11.27 0.000 0 0 0.22
15:36:06 D 25855 0 11.01 0.000 0 0 0.22
15:36:06 D 25955 0 11.07 0.000 0 0 0.22
15:36:06 D 26055 0 10.97 0.000 0 0 0.22
15:36:06 D 26155 0 10.87 0.000 0 0 0.22
15:36:06 D 26255 0 10.96 0.000 0 0 0.22
15:36:07 D 26355 0 11.12 0.000 0 0 0.22
15:36:07 D 26455 0 10.74 0.000 0 0 0.22
15:36:07 D 26555 0 10.77 0.000 0 0 0.22
15:36:07 D 26655 0 10.57 0.000 0 0 0.22
15:36:07 D 26755 0 10.70 0.000 0 0 0.22
15:36:07 D 26855 0 10.69 0.000 0 0 0.22
15:36:07 D 26955 0 10.59 0.000 0 0 0.22
15:36:07 D 27055 0 10.50 0.000 0 0 0.22
15:36:07 D 27155 0 10.58 0.000 0 0 0.22
15:36:07 D 27255 0 10.55 0.000 0 0 0.22
15:36:08 D 27355 0 10.62 0.000 0 0 0.22
15:36:08 D 27455 0 10.67 0.000 0 0 0.22
15:36:08 D 27555 0 10.76 0.000 0 0 0.22
15:36:08 D 27655 0 10.84 0.000 0 0 0.22
15:36:08 D 27755 0 10.93 0.000 0 0 0.22
15:36:08 D 27855 0 11.17 0.000 0 0 0.22
15:36:08 D 27955 0 10.95 0.000 0 0 0.22
15:36:08 D 28055 0 10.63 0.000 0 0 0.22
15:36:08 D 28155 0 10.92 0.000 0 0 0.22
15:36:08 D 28255 0 10.89 0.000 0 0 0.22
15:36:09 D 28355 0 11.12 0.000 0 0 0.22
15:36:09 D 28455 0 11.18 0.000 0 0 0.22
15:36:09 D 28555 0 10.84 0.000 0 0 0.22
15:36:09 D 28655 0 10.52 0.000 0 0 0.22
15:36:09 D 28755 0 11.06 0.000 0 0 0.22
15:36:09 D 28855 0 11.10 0.000 0 0 0.22
15:36:09 D 28955 0 10.86 0.000 0 0 0.22
15:36:09 D 29055 0 10.76 0.000 0 0 0.22
15:36:09 D 29155 0 10.75 0.000 0 0 0.22
15:36:09 D 29255 0 10.78 0.000 0 0 0.22
15:36:10 D 29355 0 10.63 0.000 0 0 0.22
15:36:10 D 29455 0 10.64 0.000 0 0 0.22
15:36:10 D 29555 0 10.67 0.000 0 0 0.22
15:36:10 D 29655 0 10.83 0.000 0 0 0.22
15:36:10 D 29755 0 10.74 0.000 0 0 0.22
15:36:10 D 29855 0 10.73 0.000 0 0 0.22
15:36:10 D 29955 0 10.64 0.000 0 0 0.22
15:36:10 D 30055 0 10.80 0.000 0 0 0.22
15:36:10 D 30155 0 10.56 0.000 0 0 0.22
15:36:10 D 30255 0 10.53 0.000 0 0 0.22
15:36:11 D 30355 0 10.63 0.000 0 0 0.22
15:36:11 D 30455 0 10.62 0.000 0 0 0.22
15:36:11 D 30555 0 10.67 0.000 0 0 0.22
15:36:11 D 30655 0 10.71 0.000 0 0 0.22
15:36:11 D 30755 0 10.40 0.000 0 0 0.22
15:36:11 D 30855 0 10.30 0.000 0 0 0.22
15:36:11 D 30955 0 10.85 0.000 0 0 0.22
15:36:11 D 31055 0 10.42 0.000 0 0 0.22
15:36:11 D 31155 0 10.48 0.000 0 0 0.22
15:36:11 D 31255 0 10.83 0.000 0 0 0.22
15:36:12 D 31355 0 10.65 0.000 0 0 0.22
15:36:12 D 31455 0 10.26 0.000 0 0 0.22
15:36:12 D 31555 0 10.80 0.000 0 0 0.22
15:36:12 D 31655 0 10.32 0.000 0 0 0.22
15:36:12 D 31755 0 10.54 0.000 0 0 0.22
15:36:12 D 31855 0 10.53 0.000 0 0 0.22
15:36:12 D 31955 0 10.61 0.000 0 0 0.22
15:36:12 D 32055 0 10.46 0.000 0 0 0.22
15:36:12 D 32155 0 10.45 0.000 0 0 0.22
15:36:12 D 32255 0 10.29 0.000 0 0 0.22
15:36:13 D 32355 0 10.64 0.000 0 0 0.22
15:36:13 D 32455 0 10.73 0.000 0 0 0.22
15:36:13 D 32555 0 10.51 0.000 0 0 0.22
15:36:13 D 32655 0 10.35 0.000 0 0 0.22
15:36:13 D 32755 0 9.92 0.000 0 0 0.22
15:36:13 D 32855 0 10.29 0.000 0 0 0.22
15:36:13 D 32955 0 10.96 0.000 0 0 0.22
15:36:13 D 33055 0 10.58 0.000 0 0 0.22
15:36:13 D 33155 0 10.24 0.000 0 0 0.22
15:36:13 D 33255 0 10.43 0.000 0 0 0.22
15:36:14 D 33355 0 10.70 0.000 0 0 0.22
15:36:14 D 33455 0 10.58 0.000 0 0 0.22
15:36:14 D 33555 0 10.83 0.000 0 0 0.22
15:36:14 D 33655 0 10.99 0.000 0 0 0.22
15:36:14 D 33755 0 11.10 0.000 0 0 0.22
15:36:14 D 33855 0 11.16 0.000 0 0 0.22
15:36:14 D 33955 0 11.08 0.000 0 0 0.22
15:36:14 D 34055 0 11.53 0.000 0 0 0.22
15:36:14 D 34155 0 11.49 0.000 0 0 0.22
15:36:14 D 34255 0 11.45 0.000 0 0 0.22
15:36:15 D 34355 0 11.20 0.000 0 0 0.22
15:36:15 D 34455 0 10.82 0.000 0 0 0.22
15:36:15 D 34555 0 10.26 0.000 0 0 0.22
15:36:15 D 34655 0 9.85 0.000 0 0 0.22
15:36:15 D 34755 0 10.96 0.000 0 0 0.22
15:36:15 D 34855 0 10.86 0.000 0 0 0.22
15:36:15 D 34955 0 10.41 0.000 0 0 0.22
15:36:15 D 35055 0 8.98 0.000 0 0 0.22
15:36:15 D 35155 0 6.26 0.000 0 0 0.22
15:36:15 D 35255 0 3.55 0.000 0 0 0.22
15:36:16 D 35355 0 2.19 0.000 0 0 0.22
15:36:16 D 35455 0 1.31 0.000 0 0 0.22
15:36:16 D 35555 0 1.59 0.000 0 0 0.22
15:36:16 D 35655 0 2.91 0.000 0 0 0.22
15:36:16 D 35755 0 3.18 0.000 0 0 0.22
15:36:16 D 35855 0 2.74 0.000 0 0 0.22
15:36:16 D 35955 0 3.84 0.000 0 0 0.22
15:36:16 D 36055 0 4.41 0.000 0 0 0.22
15:36:16 D 36155 0 4.01 0.000 0 0 0.22
15:36:16 D 36255 0 3.88 0.000 0 0 0.22
15:36:17 D 36355 0 3.76 0.000 0 0 0.22
15:36:17 D 36455 0 3.11 0.000 0 0 0.22
15:36:17 D 36555 0 2.35 0.000 0 0 0.22
15:36:17 D 36655 0 1.94 0.000 0 0 0.22
15:36:17 D 36755 0 1.72 0.000 0 0 0.22
15:36:17 D 36855 0 1.68 0.000 0 0 0.22
15:36:17 D 36955 0 1.93 0.000 0 0 0.22
15:36:17 D 37055 0 1.93 0.000 0 0 0.22
15:36:17 D 37155 0 2.11 0.000 0 0 0.22
15:36:17 D 37255 0 2.19 0.000 0 0 0.22
15:36:18 D 37355 0 2.00 0.000 0 0 0.22
15:36:18 D 37455 0 2.00 0.000 0 0 0.22
15:36:18 D 37555 0 2.02 0.000 0 0 0.22
15:36:18 D 37655 0 2.07 0.000 0 0 0.22
15:36:18 D 37755 0 2.15 0.000 0 0 0.22
15:36:18 D 37855 0 2.13 0.000 0 0 0.22
15:36:18 D 37955 0 2.22 0.000 0 0 0.22
15:36:18 D 38055 0 2.30 0.000 0 0 0.22
15:36:18 D 38155 0 2.24 0.000 0 0 0.22
15:36:18 D 38255 0 2.28 0.000 0 0 0.22
15:36:19 D 38355 0 2.31 0.000 0 0 0.22
15:36:19 D 38455 0 2.07 0.000 0 0 0.22
15:36:19 D 38555 0 1.65 0.000 0 0 0.22
15:36:19 D 38655 0 1.68 0.000 0 0 0.22
15:36:19 D 38755 0 2.17 0.000 0 0 0.22
15:36:19 D 38855 0 3.01 0.000 0 0 0.22
15:36:19 D 38955 0 2.67 0.000 0 0 0.22
15:36:19 D 39055 0 2.52 0.000 0 0 0.22
15:36:19 D 39155 0 2.55 0.000 0 0 0.22
15:36:19 D 39255 0 2.21 0.000 0 0 0.22
15:36:20 D 39355 0 2.45 0.000 0 0 0.22
15:36:20 D 39455 0 2.80 0.000 0 0 0.22
15:36:20 D 39555 0 2.64 0.000 0 0 0.22
15:36:20 D 39655 0 2.63 0.000 0 0 0.22
15:36:20 D 39755 0 2.43 0.000 0 0 0.22
15:36:20 D 39855 0 2.33 0.000 0 0 0.22
15:36:20 D 39955 0 2.52 0.000 0 0 0.22
15:36:20 D 40055 0 2.42 0.000 0 0 0.22
15:36:20 D 40155 0 2.51 0.000 0 0 0.22
15:36:20 D 40255 0 2.50 0.000 0 0 0.22
15:36:21 D 40355 0 2.71 0.000 0 0 0.22
15:36:21 D 40455 0 2.53 0.000 0 0 0.22
15:36:21 D 40555 0 2.59 0.000 0 0 0.22
15:36:21 D 40655 0 2.54 0.000 0 0 0.22
15:36:21 D 40755 0 2.50 0.000 0 0 0.22
15:36:21 D 40855 0 2.51 0.000 0 0 0.22
15:36:21 D 40955 0 2.43 0.000 0 0 0.22
15:36:21 D 41055 0 2.42 0.000 0 0 0.22
15:36:21 D 41155 0 2.35 0.000 0 0 0.22
15:36:21 D 41255 0 2.43 0.000 0 0 0.22
15:36:22 D 41355 0 2.40 0.000 0 0 0.22
15:36:22 D 41455 0 2.43 0.000 0 0 0.22
15:36:22 D 41555 0 2.41 0.000 0 0 0.22
15:36:22 D 41655 0 2.43 0.000 0 0 0.22
15:36:22 D 41755 0 2.54 0.000 0 0 0.22
15:36:22 D 41855 0 2.44 0.000 0 0 0.22
15:36:22 D 41955 0 2.43 0.000 0 0 0.22
15:36:22 D 42055 0 2.48 0.000 0 0 0.22
15:36:22 D 42155 0 2.53 0.000 0 0 0.22
15:36:22 D 42255 0 2.50 0.000 0 0 0.22
15:36:23 D 42355 0 2.49 0.000 0 0 0.22
15:36:23 D 42455 0 2.50 0.000 0 0 0.22
15:36:23 D 42555 0 2.53 0.000 0 0 0.22
15:36:23 D 42655 0 2.51 0.000 0 0 0.22
15:36:23 D 42755 0 2.52 0.000 0 0 0.22
15:36:23 D 42855 0 2.52 0.000 0 0 0.22
15:36:23 D 42955 0 2.54 0.000 0 0 0.22
15:36:23 D 43055 0 2.51 0.000 0 0 0.22
15:36:23 D 43155 0 2.54 0.000 0 0 0.22
15:36:23 D 43255 0 2.52 0.000 0 0 0.22
15:36:24 D 43355 0 2.49 0.000 0 0 0.22
15:36:24 D 43455 0 2.53 0.000 0 0 0.22
15:36:24 D 43555 0 2.45 0.000 0 0 0.22
15:36:24 D 43655 0 2.51 0.000 0 0 0.22
15:36:24 D 43755 0 2.50 0.000 0 0 0.22
15:36:24 D 43855 0 2.49 0.000 0 0 0.22
15:36:24 D 43955 0 2.49 0.000 0 0 0.22
15:36:24 D 44055 0 2.46 0.000 0 0 0.22
15:36:24 D 44155 0 2.44 0.000 0 0 0.22
15:36:24 D 44255 0 2.47 0.000 0 0 0.22
15:36:25 D 44355 0 2.43 0.000 0 0 0.22
15:36:25 D 44455 0 2.43 0.000 0 0 0.22
15:36:25 D 44555 0 2.43 0.000 0 0 0.22
15:36:25 D 44655 0 2.42 0.000 0 0 0.22
15:36:25 D 44755 0 2.39 0.000 0 0 0.22
15:36:25 D 44855 0 2.38 0.000 0 0 0.22
15:36:25 D 44955 0 2.39 0.000 0 0 0.22
15:36:25 D 45055 0 2.43 0.000 0 0 0.22
15:36:25 D 45155 0 2.43 0.000 0 0 0.22
15:36:25 D 45255 0 2.43 0.000 0 0 0.22
15:36:26 D 45355 0 2.42 0.000 0 0 0.22
15:36:26 D 45455 0 2.43 0.000 0 0 0.22
15:36:26 D 45555 0 2.40 0.000 0 0 0.22
15:36:26 D 45655 0 2.40 0.000 0 0 0.22
15:36:26 D 45755 0 2.41 0.000 0 0 0.22
15:36:26 D 45855 0 2.45 0.000 0 0 0.22
15:36:26 D 45955 0 2.44 0.000 0 0 0.22
15:36:26 D 46055 0 2.44 0.000 0 0 0.22
15:36:26 D 46155 0 2.44 0.000 0 0 0.22
15:36:26 D 46255 0 2.43 0.000 0 0 0.22
15:36:27 D 46355 0 2.45 0.000 0 0 0.22
15:36:27 D 46455 0 2.43 0.000 0 0 0.22
15:36:27 D 46555 0 2.35 0.000 0 0 0.22
15:36:27 D 46655 0 2.40 0.000 0 0 0.22
15:36:27 D 46755 0 2.33 0.000 0 0 0.22
15:36:27 D 46855 0 2.41 0.000 0 0 0.22
15:36:27 D 46955 0 2.37 0.000 0 0 0.22
15:36:27 D 47055 0 2.38 0.000 0 0 0.22
15:36:27 D 47155 0 2.39 0.000 0 0 0.22
15:36:27 D 47255 0 2.28 0.000 0 0 0.22
15:36:28 D 47355 0 2.23 0.000 0 0 0.22
15:36:28 D 47455 0 2.16 0.000 0 0 0.22
15:36:28 D 47555 0 2.07 0.000 0 0 0.22
15:36:28 D 47655 0 1.69 0.000 0 0 0.22
15:36:28 D 47755 0 1.87 0.000 0 0 0.22
15:36:28 D 47855 0 2.16 0.000 0 0 0.22
15:36:28 D 47955 0 2.13 0.000 0 0 0.22
15:36:28 D 48055 0 2.19 0.000 0 0 0.22
15:36:28 D 48155 0 2.68 0.000 0 0 0.22
15:36:28 D 48255 0 2.74 0.000 0 0 0.22
15:36:29 D 48355 0 2.71 0.000 0 0 0.22
15:36:29 D 48455 0 2.59 0.000 0 0 0.22
15:36:29 D 48555 0 2.71 0.000 0 0 0.22
15:36:29 D 48655 0 2.58 0.000 0 0 0.22
15:36:29 D 48755 0 2.70 0.000 0 0 0.22
15:36:29 D 48855 0 2.63 0.000 0 0 0.22
15:36:29 D 48955 0 2.52 0.000 0 0 0.22
15:36:29 D 49055 0 2.35 0.000 0 0 0.22
15:36:29 D 49155 0 2.51 0.000 0 0 0.22
15:36:29 D 49255 0 2.58 0.000 0 0 0.22
15:36:30 D 49355 0 2.48 0.000 0 0 0.22
15:36:30 D 49455 0 2.48 0.000 0 0 0.22
15:36:30 D 49555 0 2.52 0.000 0 0 0.22
15:36:30 D 49655 0 1.95 0.000 0 0 0.22
15:36:30 D 49755 0 1.89 0.000 0 0 0.22
15:36:30 D 49855 0 1.94 0.000 0 0 0.22
15:36:30 D 49955 0 1.84 0.000 0 0 0.22
15:36:30 D 50055 0 1.86 0.000 0 0 0.22
15:36:30 D 50155 0 1.81 0.000 0 0 0.22
15:36:30 D 50255 0 1.82 0.000 0 0 0.22
15:36:31 D 50355 0 1.94 0.000 0 0 0.22
15:36:31 D 50455 0 1.93 0.000 0 0 0.22
15:36:31 D 50555 0 1.92 0.000 0 0 0.22
15:36:31 D 50655 0 1.99 0.000 0 0 0.22
15:36:31 D 50755 0 2.14 0.000 0 0 0.22
15:36:31 D 50855 0 2.31 0.000 0 0 0.22
15:36:31 D 50955 0 2.15 0.000 0 0 0.22
15:36:31 D 51055 0 2.12 0.000 0 0 0.22
15:36:31 D 51155 0 1.96 0.000 0 0 0.22
15:36:31 D 51255 0 1.97 0.000 0 0 0.22
15:36:32 D 51355 0 2.11 0.000 0 0 0.22
15:36:32 D 51455 0 2.20 0.000 0 0 0.22
15:36:32 D 51555 0 2.71 0.000 0 0 0.22
15:36:32 D 51655 0 2.88 0.000 0 0 0.22
15:36:32 D 51755 0 3.12 0.000 0 0 0.22
15:36:32 D 51855 0 2.65 0.000 0 0 0.22
15:36:32 D 51955 0 1.85 0.000 0 0 0.22
15:36:32 D 52055 0 1.89 0.000 0 0 0.22
15:36:32 D 52155 0 1.96 0.000 0 0 0.22
15:36:32 D 52255 0 1.43 0.000 0 0 0.22
15:36:33 D 52355 0 0.73 0.000 0 0 0.22
15:36:33 D 52455 0 0.89 0.000 0 0 0.22
15:36:33 D 52555 0 1.06 0.000 0 0 0.22
15:36:33 D 52655 0 0.50 0.000 0 0 0.22
15:36:33 D 52755 0 0.38 0.000 0 0 0.22
15:36:33 D 52855 0 3.51 0.000 0 0 0.22
15:36:33 D 52955 0 8.18 0.000 0 0 0.22
15:36:33 D 53055 0 7.19 0.000 0 0 0.22
15:36:33 D 53155 0 3.89 0.000 0 0 0.22
15:36:33 D 53255 0 0.23 0.000 0 0 0.22
15:36:34 D 53355 0 -3.45 0.000 0 0 0.22
15:36:34 D 53455 0 -5.93 0.000 0 0 0.22
15:36:34 D 53555 0 -8.56 0.000 0 0 0.22
15:36:34 D 53655 0 -8.90 0.000 0 0 0.22
15:36:34 D 53755 0 -7.57 0.000 0 0 0.22
15:36:34 D 53855 0 -6.08 0.000 0 0 0.22
15:36:34 D 53955 0 -4.55 0.000 0 0 0.22
15:36:34 D 54055 0 -3.15 0.000 0 0 0.22
15:36:34 D 54155 0 -3.33 0.000 0 0 0.22
15:36:34 D 54255 0 -4.84 0.000 0 0 0.22
15:36:35 D 54355 0 -2.52 0.000 0 0 0.22
15:36:35 D 54455 0 -0.13 0.000 0 0 0.22
15:36:35 D 54555 0 -0.27 0.000 0 0 0.22
15:36:35 D 54655 0 -1.70 0.000 0 0 0.22
15:36:35 D 54755 0 -2.44 0.000 0 0 0.22
15:36:35 D 54855 0 -1.73 0.000 0 0 0.22
15:36:35 D 54955 0 -1.31 0.000 0 0 0.22
15:36:35 D 55055 0 -2.74 0.000 0 0 0.22
15:36:35 D 55155 0 -4.94 0.000 0 0 0.22
15:36:35 D 55255 0 -7.33 0.000 0 0 0.22
15:36:36 D 55355 0 -8.62 0.000 0 0 0.22
15:36:36 D 55455 0 -7.66 0.000 0 0 0.22
15:36:36 D 55555 0 -3.64 0.000 0 0 0.22
15:36:36 D 55655 0 -1.49 0.000 0 0 0.22
15:36:36 D 55755 0 -1.92 0.000 0 0 0.22
15:36:36 D 55855 0 -3.58 0.000 0 0 0.22
15:36:36 D 55955 0 -3.52 0.000 0 0 0.22
15:36:36 D 56055 0 -3.81 0.000 0 0 0.22
15:36:36 D 56155 0 -5.48 0.000 0 0 0.22
15:36:36 D 56255 0 -8.92 0.000 0 0 0.22
15:36:37 D 56355 0 -11.13 0.000 0 0 0.22
15:36:37 D 56455 0 -10.60 0.000 0 0 0.22
15:36:37 D 56555 0 -9.34 0.000 0 0 0.22
15:36:37 D 56655 0 -7.19 0.000 0 0 0.22
15:36:37 D 56755 0 -4.71 0.000 0 0 0.22
15:36:37 D 56855 0 -3.44 0.000 0 0 0.22
15:36:37 D 56955 0 -0.93 0.000 0 0 0.22
15:36:37 D 57055 0 1.65 0.000 0 0 0.22
15:36:37 D 57155 0 1.90 0.000 0 0 0.22
15:36:37 D 57255 0 0.60 0.000 0 0 0.22
15:36:38 D 57355 0 -1.49 0.000 0 0 0.22
15:36:38 D 57455 0 -3.38 0.000 0 0 0.22
15:36:38 D 57555 0 -4.48 0.000 0 0 0.22
15:36:38 D 57655 0 -4.39 0.000 0 0 0.22
15:36:38 D 57755 0 -2.68 0.000 0 0 0.22
15:36:38 D 57855 0 -1.10 0.000 0 0 0.22
15:36:38 D 57955 0 -1.03 0.000 0 0 0.22
15:36:38 D 58055 0 -2.22 0.000 0 0 0.22
15:36:38 D 58155 0 -2.54 0.000 0 0 0.22
15:36:38 D 58255 0 -1.65 0.000 0 0 0.22
15:36:39 D 58355 0 -1.70 0.000 0 0 0.22
15:36:39 D 58455 0 -2.72 0.000 0 0 0.22
15:36:39 D 58555 0 -2.40 0.000 0 0 0.22
15:36:39 D 58655 0 -0.23 0.000 0 0 0.22
15:36:39 D 58755 0 1.06 0.000 0 0 0.22
15:36:39 D 58855 0 2.70 0.000 0 0 0.22
15:36:39 D 58955 0 5.89 0.000 0 0 0.22
15:36:39 D 59055 0 8.69 0.000 0 0 0.22
15:36:39 D 59155 0 10.08 0.000 0 0 0.22
15:36:39 D 59255 0 7.25 0.000 0 0 0.22
15:36:40 D 59355 0 2.26 0.000 0 0 0.22
15:36:40 D 59455 0 -0.49 0.000 0 0 0.22
15:36:40 D 59555 0 -0.41 0.000 0 0 0.22
15:36:40 D 59655 0 0.09 0.000 0 0 0.22
15:36:40 D 59755 0 0.29 0.000 0 0 0.22
15:36:40 D 59855 0 0.30 0.000 0 0 0.22
15:36:40 D 59955 0 0.11 0.000 0 0 0.22
15:36:40 D 60055 0 -0.28 0.000 0 0 0.22
15:36:40 D 60155 0 -0.42 0.000 0 0 0.22
15:36:40 D 60255 0 -0.23 0.000 0 0 0.22
15:36:41 D 60355 0 0.31 0.000 0 0 0.22
15:36:41 D 60455 0 0.32 0.000 0 0 0.22
15:36:41 D 60555 0 0.08 0.000 0 0 0.22
15:36:41 D 60655 0 -0.38 0.000 0 0 0.22
15:36:41 D 60755 0 -0.95 0.000 0 0 0.22
15:36:41 D 60855 0 -1.22 0.000 0 0 0.22
15:36:41 D 60955 0 -0.86 0.000 0 0 0.22
15:36:41 D 61055 0 -1.16 0.000 0 0 0.22
15:36:41 D 61155 0 -1.86 0.000 0 0 0.22
15:36:41 D 61255 0 -2.99 0.000 0 0 0.22
15:36:42 D 61355 0 -4.36 0.000 0 0 0.22
15:36:42 D 61455 0 -4.52 0.000 0 0 0.22
15:36:42 D 61555 0 -2.84 0.000 0 0 0.22
15:36:42 D 61655 0 0.01 0.000 0 0 0.22
15:36:42 D 61755 0 1.41 0.000 0 0 0.22
15:36:42 D 61855 0 1.02 0.000 0 0 0.22
15:36:42 D 61955 0 0.75 0.000 0 0 0.22
15:36:42 D 62055 0 0.60 0.000 0 0 0.22
15:36:42 D 62155 0 0.05 0.000 0 0 0.22
15:36:42 D 62255 0 -0.74 0.000 0 0 0.22
15:36:43 D 62355 0 -1.30 0.000 0 0 0.22
15:36:43 D 62455 0 -1.34 0.000 0 0 0.22
15:36:43 D 62555 0 -1.17 0.000 0 0 0.22
15:36:43 D 62655 0 -1.52 0.000 0 0 0.22
15:36:43 D 62755 0 -2.41 0.000 0 0 0.22
15:36:43 D 62855 0 -3.11 0.000 0 0 0.22
15:36:43 D 62955 0 -1.12 0.000 0 0 0.22
15:36:43 D 63055 0 -0.03 0.000 0 0 0.22
15:36:43 D 63155 0 -0.63 0.000 0 0 0.22
15:36:43 D 63255 0 -1.71 0.000 0 0 0.22
15:36:44 D 63355 0 -3.15 0.000 0 0 0.22
15:36:44 D 63455 0 -4.51 0.000 0 0 0.22
15:36:44 D 63555 0 -5.95 0.000 0 0 0.22
15:36:44 D 63655 0 -3.75 0.000 0 0 0.22
15:36:44 D 63755 0 -2.09 0.000 0 0 0.22
15:36:44 D 63855 0 -1.32 0.000 0 0 0.22
15:36:44 D 63955 0 -1.84 0.000 0 0 0.22
15:36:44 D 64055 0 -3.43 0.000 0 0 0.22
15:36:44 D 64155 0 -3.02 0.000 0 0 0.22
15:36:44 D 64255 0 -0.43 0.000 0 0 0.22
15:36:45 D 64355 0 0.92 0.000 0 0 0.22
15:36:45 D 64455 0 1.58 0.000 0 0 0.22
15:36:45 D 64555 0 -0.84 0.000 0 0 0.22
15:36:45 D 64655 0 -0.17 0.000 0 0 0.22
15:36:45 D 64755 0 1.36 0.000 0 0 0.22
15:36:45 D 64855 0 5.19 0.000 0 0 0.22
15:36:45 D 64955 0 4.00 0.000 0 0 0.22
15:36:45 D 65055 0 1.61 0.000 0 0 0.22
15:36:45 D 65155 0 -4.85 0.000 0 0 0.22
15:36:45 D 65255 0 -8.87 0.000 0 0 0.22
15:36:46 D 65355 0 -7.11 0.000 0 0 0.22
15:36:46 D 65455 0 -3.80 0.000 0 0 0.22
15:36:46 D 65555 0 -3.50 0.000 0 0 0.22
15:36:46 D 65655 0 -5.21 0.000 0 0 0.22
15:36:46 D 65755 0 -10.88 0.000 0 0 0.22
15:36:46 D 65855 0 -10.07 0.000 0 0 0.22
15:36:46 D 65955 0 -6.66 0.000 0 0 0.22
15:36:46 D 66055 0 -7.05 0.000 0 0 0.22
15:36:46 D 66155 0 -11.48 0.000 0 0 0.22
15:36:46 D 66255 0 -13.41 0.000 0 0 0.22
15:36:47 D 66355 0 -10.49 0.000 0 0 0.22
15:36:47 D 66455 0 -5.58 0.000 0 0 0.22
15:36:47 D 66555 0 -4.59 0.000 0 0 0.22
15:36:47 D 66655 0 -2.14 0.000 0 0 0.22
15:36:47 D 66755 0 -0.88 0.000 0 0 0.22
15:36:47 D 66855 0 -5.23 0.000 0 0 0.22
15:36:47 D 66955 0 -8.73 0.000 0 0 0.22
15:36:47 D 67055 0 -6.79 0.000 0 0 0.22
15:36:47 D 67155 0 -4.79 0.000 0 0 0.22
15:36:47 D 67255 0 -3.94 0.000 0 0 0.22
15:36:48 D 67355 0 -2.20 0.000 0 0 0.22
15:36:48 D 67455 0 -0.23 0.000 0 0 0.22
15:36:48 D 67555 0 1.34 0.000 0 0 0.22
15:36:48 D 67655 0 2.44 0.000 0 0 0.22
15:36:48 D 67755 0 2.40 0.000 0 0 0.22
15:36:48 D 67855 0 2.44 0.000 0 0 0.22
15:36:48 D 67955 0 2.59 0.000 0 0 0.22
15:36:48 D 68055 0 2.38 0.000 0 0 0.22
15:36:48 D 68155 0 1.65 0.000 0 0 0.22
15:36:48 D 68255 0 1.04 0.000 0 0 0.22
15:36:49 D 68355 0 0.84 0.000 0 0 0.22
15:36:49 D 68455 0 0.78 0.000 0 0 0.22
15:36:49 D 68555 0 0.40 0.000 0 0 0.22
15:36:49 D 68655 0 -0.09 0.000 0 0 0.22
15:36:49 D 68755 0 -0.69 0.000 0 0 0.22
15:36:49 D 68855 0 0.87 0.000 0 0 0.22
15:36:49 D 68955 0 1.72 0.000 0 0 0.22
15:36:49 D 69055 0 0.93 0.000 0 0 0.22
15:36:49 D 69155 0 -0.09 0.000 0 0 0.22
15:36:49 D 69255 0 -0.63 0.000 0 0 0.22
15:36:50 D 69355 0 -2.04 0.000 0 0 0.22
15:36:50 D 69455 0 -2.31 0.000 0 0 0.22
15:36:50 D 69555 0 -1.63 0.000 0 0 0.22
15:36:50 D 69655 0 -1.98 0.000 0 0 0.22
15:36:50 D 69755 0 -2.16 0.000 0 0 0.22
15:36:50 D 69855 0 -0.20 0.000 0 0 0.22
15:36:50 D 69955 0 -0.33 0.000 0 0 0.22
15:36:50 D 70055 0 -0.32 0.000 0 0 0.22
15:36:50 D 70155 0 1.80 0.000 0 0 0.22
15:36:50 D 70255 0 3.84 0.000 0 0 0.22
15:36:51 D 70355 0 3.78 0.000 0 0 0.22
15:36:51 D 70455 0 3.14 0.000 0 0 0.22
15:36:51 D 70555 0 3.16 0.000 0 0 0.22
15:36:51 D 70655 0 3.57 0.000 0 0 0.22
15:36:51 D 70755 0 4.27 0.000 0 0 0.22
15:36:51 D 70855 0 5.86 0.000 0 0 0.22
15:36:51 D 70955 0 8.94 0.000 0 0 0.22
15:36:51 D 71055 0 7.64 0.000 0 0 0.22
15:36:51 D 71155 0 4.68 0.000 0 0 0.22
15:36:51 D 71255 0 2.92 0.000 0 0 0.22
15:36:52 D 71355 0 2.83 0.000 0 0 0.22
15:36:52 D 71455 0 3.02 0.000 0 0 0.22
15:36:52 D 71555 0 3.30 0.000 0 0 0.22
15:36:52 D 71655 0 3.47 0.000 0 0 0.22
15:36:52 D 71755 0 4.15 0.000 0 0 0.22
15:36:52 D 71855 0 4.62 0.000 0 0 0.22
15:36:52 D 71955 0 4.16 0.000 0 0 0.22
15:36:52 D 72055 0 3.37 0.000 0 0 0.22
15:36:52 D 72155 0 2.82 0.000 0 0 0.22
15:36:52 D 72255 0 3.29 0.000 0 0 0.22
15:36:53 D 72355 0 3.10 0.000 0 0 0.22
15:36:53 D 72455 0 3.05 0.000 0 0 0.22
15:36:53 D 72555 0 2.79 0.000 0 0 0.22
15:36:53 D 72655 0 2.57 0.000 0 0 0.22
15:36:53 D 72755 0 2.66 0.000 0 0 0.22
15:36:53 D 72855 0 3.04 0.000 0 0 0.22
15:36:53 D 72955 0 3.52 0.000 0 0 0.22
15:36:53 D 73055 0 3.50 0.000 0 0 0.22
15:36:53 D 73155 0 2.69 0.000 0 0 0.22
15:36:53 D 73255 0 1.83 0.000 0 0 0.22
15:36:54 D 73355 0 1.73 0.000 0 0 0.22
15:36:54 D 73455 0 2.28 0.000 0 0 0.22
15:36:54 D 73555 0 2.64 0.000 0 0 0.22
15:36:54 D 73655 0 2.79 0.000 0 0 0.22
15:36:54 D 73755 0 3.23 0.000 0 0 0.22
15:36:54 D 73855 0 3.76 0.000 0 0 0.22
15:36:54 D 73955 0 3.26 0.000 0 0 0.22
15:36:54 D 74055 0 1.27 0.000 0 0 0.22
15:36:54 D 74155 0 0.55 0.000 0 0 0.22
15:36:54 D 74255 0 1.12 0.000 0 0 0.22
15:36:55 D 74355 0 1.54 0.000 0 0 0.22
15:36:55 D 74455 0 1.68 0.000 0 0 0.22
15:36:55 D 74555 0 1.35 0.000 0 0 0.22
15:36:55 D 74655 0 1.28 0.000 0 0 0.22
15:36:55 D 74755 0 1.58 0.000 0 0 0.22
15:36:55 D 74855 0 2.01 0.000 0 0 0.22
15:36:55 D 74955 0 2.32 0.000 0 0 0.22
15:36:55 D 75055 0 2.32 0.000 0 0 0.22
15:36:55 D 75155 0 2.11 0.000 0 0 0.22
15:36:55 D 75255 0 2.10 0.000 0 0 0.22
15:36:56 D 75355 0 2.22 0.000 0 0 0.22
15:36:56 D 75455 0 2.13 0.000 0 0 0.22
15:36:56 D 75555 0 1.96 0.000 0 0 0.22
15:36:56 D 75655 0 2.00 0.000 0 0 0.22
15:36:56 D 75755 0 2.16 0.000 0 0 0.22
15:36:56 D 75855 0 2.21 0.000 0 0 0.22
15:36:56 D 75955 0 2.14 0.000 0 0 0.22
15:36:56 D 76055 0 2.33 0.000 0 0 0.22
15:36:56 D 76155 0 2.44 0.000 0 0 0.22
15:36:56 D 76255 0 2.39 0.000 0 0 0.22
15:36:57 D 76355 0 2.43 0.000 0 0 0.22
15:36:57 D 76455 0 2.82 0.000 0 0 0.22
15:36:57 D 76555 0 3.25 0.000 0 0 0.22
15:36:57 D 76655 0 3.28 0.000 0 0 0.22
15:36:57 D 76755 0 2.79 0.000 0 0 0.22
15:36:57 D 76855 0 2.60 0.000 0 0 0.22
15:36:57 D 76955 0 2.58 0.000 0 0 0.22
15:36:57 D 77055 0 2.22 0.000 0 0 0.22
15:36:57 D 77155 0 1.36 0.000 0 0 0.22
15:36:57 D 77255 0 1.05 0.000 0 0 0.22
15:36:58 D 77355 0 1.29 0.000 0 0 0.22
15:36:58 D 77455 0 1.39 0.000 0 0 0.22
15:36:58 D 77555 0 1.28 0.000 0 0 0.22
15:36:58 D 77655 0 1.10 0.000 0 0 0.22
15:36:58 D 77755 0 1.13 0.000 0 0 0.22
15:36:58 D 77855 0 1.38 0.000 0 0 0.22
15:36:58 D 77955 0 1.80 0.000 0 0 0.22
15:36:58 D 78055 0 2.33 0.000 0 0 0.22
15:36:58 D 78155 0 2.69 0.000 0 0 0.22
15:36:58 D 78255 0 2.73 0.000 0 0 0.22
15:36:59 D 78355 0 2.17 0.000 0 0 0.22
15:36:59 D 78455 0 1.83 0.000 0 0 0.22
15:36:59 D 78555 0 2.97 0.000 0 0 0.22
15:36:59 D 78655 0 4.33 0.000 0 0 0.22
15:36:59 D 78755 0 5.53 0.000 0 0 0.22
15:36:59 D 78855 0 13.56 0.000 0 0 0.22
15:36:59 D 78955 0 28.26 0.000 0 0 0.22
15:36:59 D 79055 0 40.50 0.000 0 0 0.22
15:36:59 D 79155 0 46.09 0.000 0 0 0.22
15:36:59 D 79255 0 53.34 0.000 0 0 0.22
15:37:00 D 79355 0 66.08 0.000 0 0 0.22
15:37:00 D 79455 0 76.57 0.000 0 0 0.22
15:37:00 D 79555 0 59.50 0.000 0 0 0.22
15:37:00 D 79655 0 67.77 0.000 0 0 0.22
15:37:00 D 79755 0 70.42 0.000 0 0 0.22
15:37:00 D 79855 0 85.49 0.000 0 0 0.22
15:37:00 D 79955 0 77.39 0.000 0 0 0.22
15:37:00 D 80055 0 77.55 0.000 0 0 0.22
15:37:00 D 80155 0 77.66 0.000 0 0 0.22
15:37:00 D 80255 0 77.75 0.000 0 0 0.22
15:37:01 D 80355 0 77.88 0.000 0 0 0.22
15:37:01 D 80455 0 77.94 0.000 0 0 0.22
15:37:01 D 80555 0 78.01 0.000 0 0 0.22
15:37:01 D 80655 0 78.03 0.000 0 0 0.22
15:37:01 D 80755 0 78.07 0.000 0 0 0.22
15:37:01 D 80855 0 78.09 0.000 0 0 0.22
15:37:01 D 80955 0 78.15 0.000 0 0 0.22
15:37:01 D 81055 0 78.13 0.000 0 0 0.22
15:37:01 D 81155 0 78.15 0.000 0 0 0.22
15:37:01 D 81255 0 78.17 0.000 0 0 0.22
15:37:02 D 81355 0 78.17 0.000 0 0 0.22
15:37:02 D 81455 0 78.19 0.000 0 0 0.22
15:37:02 D 81555 0 78.18 0.000 0 0 0.22
15:37:02 D 81655 0 78.19 0.000 0 0 0.22
15:37:02 D 81755 0 78.21 0.000 0 0 0.22
15:37:02 D 81855 0 78.21 0.000 0 0 0.22
15:37:02 D 81955 0 78.21 0.000 0 0 0.22
15:37:02 D 82055 0 78.21 0.000 0 0 0.22
15:37:02 D 82155 0 78.21 0.000 0 0 0.22
15:37:02 D 82255 0 78.21 0.000 0 0 0.22
15:37:03 D 82355 0 78.23 0.000 0 0 0.22
15:37:03 D 82455 0 78.22 0.000 0 0 0.22
15:37:03 D 82555 0 78.23 0.000 0 0 0.22
15:37:03 D 82655 0 78.22 0.000 0 0 0.22
15:37:03 D 82755 0 78.18 0.000 0 0 0.22
15:37:03 D 82855 0 78.17 0.000 0 0 0.22
15:37:03 D 82955 0 78.19 0.000 0 0 0.22
15:37:03 D 83055 0 78.20 0.000 0 0 0.22
15:37:03 D 83155 0 78.22 0.000 0 0 0.22
15:37:03 D 83255 0 78.22 0.000 0 0 0.22
15:37:04 pitch zero now 3.22 deg
15:37:04 D 83355 0 75.23 0.000 0 0 3.22
15:37:04 D 83455 0 75.23 0.000 0 0 3.22
15:37:04 D 83555 0 75.12 0.000 0 0 3.22
15:37:04 D 83655 0 75.15 0.000 0 0 3.22
15:37:04 D 83755 0 75.17 0.000 0 0 3.22
15:37:04 D 83855 0 75.19 0.000 0 0 3.22
15:37:04 D 83955 0 75.21 0.000 0 0 3.22
15:37:04 D 84055 0 75.22 0.000 0 0 3.22
15:37:04 D 84155 0 75.20 0.000 0 0 3.22
15:37:04 D 84255 0 75.23 0.000 0 0 3.22
15:37:05 D 84355 0 75.24 0.000 0 0 3.22
15:37:05 D 84455 0 75.21 0.000 0 0 3.22
15:37:05 D 84555 0 75.20 0.000 0 0 3.22
15:37:05 D 84655 0 75.07 0.000 0 0 3.22
15:37:05 D 84755 0 75.13 0.000 0 0 3.22
15:37:05 D 84855 0 75.15 0.000 0 0 3.22
15:37:05 D 84955 0 75.16 0.000 0 0 3.22
15:37:05 D 85055 0 75.19 0.000 0 0 3.22
15:37:05 D 85155 0 75.18 0.000 0 0 3.22
15:37:05 D 85255 0 75.18 0.000 0 0 3.22
15:37:06 D 85355 0 75.20 0.000 0 0 3.22
15:37:06 D 85455 0 75.20 0.000 0 0 3.22
15:37:06 D 85555 0 75.13 0.000 0 0 3.22
15:37:06 D 85655 0 75.21 0.000 0 0 3.22
15:37:06 D 85755 0 75.18 0.000 0 0 3.22
15:37:06 D 85855 0 75.24 0.000 0 0 3.22
15:37:06 D 85955 0 75.17 0.000 0 0 3.22
15:37:06 D 86055 0 75.20 0.000 0 0 3.22
15:37:06 D 86155 0 75.16 0.000 0 0 3.22
15:37:06 D 86255 0 75.17 0.000 0 0 3.22
15:37:07 D 86355 0 75.18 0.000 0 0 3.22
15:37:07 D 86455 0 75.17 0.000 0 0 3.22
15:37:07 D 86555 0 75.18 0.000 0 0 3.22
15:37:07 D 86655 0 75.21 0.000 0 0 3.22
15:37:07 D 86755 0 75.16 0.000 0 0 3.22
15:37:07 D 86855 0 75.15 0.000 0 0 3.22
15:37:07 D 86955 0 75.12 0.000 0 0 3.22
15:37:07 D 87055 0 75.10 0.000 0 0 3.22
15:37:07 D 87155 0 75.12 0.000 0 0 3.22
15:37:07 D 87255 0 75.14 0.000 0 0 3.22
15:37:08 D 87355 0 75.17 0.000 0 0 3.22
15:37:08 D 87455 0 75.14 0.000 0 0 3.22
15:37:08 D 87555 0 75.17 0.000 0 0 3.22
15:37:08 D 87655 0 75.16 0.000 0 0 3.22
15:37:08 D 87755 0 75.20 0.000 0 0 3.22
15:37:08 D 87855 0 75.16 0.000 0 0 3.22
15:37:08 D 87955 0 75.67 0.000 0 0 3.22
15:37:08 D 88055 0 74.89 0.000 0 0 3.22
15:37:08 D 88155 0 74.96 0.000 0 0 3.22
15:37:08 D 88255 0 75.02 0.000 0 0 3.22
15:37:09 D 88355 0 75.06 0.000 0 0 3.22
15:37:09 D 88455 0 75.10 0.000 0 0 3.22
15:37:09 D 88555 0 75.09 0.000 0 0 3.22
15:37:09 D 88655 0 75.15 0.000 0 0 3.22
15:37:09 D 88755 0 75.16 0.000 0 0 3.22
15:37:09 D 88855 0 75.19 0.000 0 0 3.22
15:37:09 D 88955 0 75.18 0.000 0 0 3.22
15:37:09 D 89055 0 75.12 0.000 0 0 3.22
15:37:09 D 89155 0 75.12 0.000 0 0 3.22
15:37:09 D 89255 0 75.16 0.000 0 0 3.22
15:37:10 D 89355 0 75.17 0.000 0 0 3.22
15:37:10 D 89455 0 75.18 0.000 0 0 3.22
15:37:10 D 89555 0 75.19 0.000 0 0 3.22
15:37:10 D 89655 0 75.22 0.000 0 0 3.22
15:37:10 D 89755 0 75.22 0.000 0 0 3.22
15:37:10 D 89855 0 75.23 0.000 0 0 3.22
15:37:10 D 89955 0 75.23 0.000 0 0 3.22
15:37:10 D 90055 0 75.21 0.000 0 0 3.22
15:37:10 D 90155 0 75.16 0.000 0 0 3.22
15:37:10 D 90255 0 75.18 0.000 0 0 3.22
15:37:11 D 90355 0 75.21 0.000 0 0 3.22
15:37:11 D 90455 0 75.22 0.000 0 0 3.22
15:37:11 D 90555 0 75.21 0.000 0 0 3.22
15:37:11 D 90655 0 75.19 0.000 0 0 3.22
15:37:11 D 90755 0 75.23 0.000 0 0 3.22
15:37:11 D 90855 0 75.22 0.000 0 0 3.22
15:37:11 D 90955 0 75.24 0.000 0 0 3.22
15:37:11 D 91055 0 75.14 0.000 0 0 3.22
15:37:11 D 91155 0 75.16 0.000 0 0 3.22
15:37:11 D 91255 0 75.19 0.000 0 0 3.22
15:37:12 D 91355 0 75.19 0.000 0 0 3.22
15:37:12 D 91455 0 75.19 0.000 0 0 3.22
15:37:12 D 91555 0 75.22 0.000 0 0 3.22
15:37:12 D 91655 0 75.21 0.000 0 0 3.22
15:37:12 D 91755 0 75.20 0.000 0 0 3.22
15:37:12 D 91855 0 75.19 0.000 0 0 3.22
15:37:12 D 91955 0 75.19 0.000 0 0 3.22
15:37:12 D 92055 0 75.22 0.000 0 0 3.22
15:37:12 D 92155 0 75.21 0.000 0 0 3.22
15:37:12 D 92255 0 75.22 0.000 0 0 3.22
15:37:13 D 92355 0 75.21 0.000 0 0 3.22
15:37:13 D 92455 0 75.22 0.000 0 0 3.22
15:37:13 D 92555 0 75.22 0.000 0 0 3.22
15:37:13 D 92655 0 75.19 0.000 0 0 3.22
15:37:13 D 92755 0 75.21 0.000 0 0 3.22
15:37:13 D 92855 0 75.23 0.000 0 0 3.22
15:37:13 D 92955 0 75.23 0.000 0 0 3.22
15:37:13 D 93055 0 75.23 0.000 0 0 3.22
15:37:13 D 93155 0 75.24 0.000 0 0 3.22
15:37:13 D 93255 0 75.20 0.000 0 0 3.22
15:37:14 D 93355 0 75.21 0.000 0 0 3.22
15:37:14 D 93455 0 75.20 0.000 0 0 3.22
15:37:14 D 93555 0 75.23 0.000 0 0 3.22
15:37:14 D 93655 0 75.20 0.000 0 0 3.22
15:37:14 D 93755 0 75.23 0.000 0 0 3.22
15:37:14 D 93855 0 75.21 0.000 0 0 3.22
15:37:14 D 93955 0 75.08 0.000 0 0 3.22
15:37:14 D 94055 0 75.10 0.000 0 0 3.22
15:37:14 D 94155 0 75.12 0.000 0 0 3.22
15:37:14 D 94255 0 75.16 0.000 0 0 3.22
15:37:15 D 94355 0 75.16 0.000 0 0 3.22
15:37:15 D 94455 0 75.17 0.000 0 0 3.22
15:37:15 D 94555 0 75.19 0.000 0 0 3.22
15:37:15 D 94655 0 75.19 0.000 0 0 3.22
15:37:15 D 94755 0 75.21 0.000 0 0 3.22
15:37:15 D 94855 0 75.21 0.000 0 0 3.22
15:37:15 D 94955 0 75.22 0.000 0 0 3.22
15:37:15 D 95055 0 75.07 0.000 0 0 3.22
15:37:15 D 95155 0 75.11 0.000 0 0 3.22
15:37:15 D 95255 0 75.14 0.000 0 0 3.22
15:37:16 D 95355 0 75.15 0.000 0 0 3.22
15:37:16 D 95455 0 75.17 0.000 0 0 3.22
15:37:16 D 95555 0 75.18 0.000 0 0 3.22
15:37:16 D 95655 0 75.21 0.000 0 0 3.22
15:37:16 D 95755 0 75.21 0.000 0 0 3.22
15:37:16 D 95855 0 75.23 0.000 0 0 3.22
15:37:16 D 95955 0 75.22 0.000 0 0 3.22
15:37:16 D 96055 0 75.08 0.000 0 0 3.22
15:37:16 D 96155 0 75.09 0.000 0 0 3.22
15:37:16 D 96255 0 75.15 0.000 0 0 3.22
15:37:17 D 96355 0 75.13 0.000 0 0 3.22
15:37:17 D 96455 0 75.18 0.000 0 0 3.22
15:37:17 D 96555 0 75.15 0.000 0 0 3.22
15:37:17 D 96655 0 75.24 0.000 0 0 3.22
15:37:17 D 96755 0 74.47 0.000 0 0 3.22
15:37:17 D 96855 0 74.65 0.000 0 0 3.22
15:37:17 D 96955 0 74.76 0.000 0 0 3.22
15:37:17 D 97055 0 74.83 0.000 0 0 3.22
15:37:17 D 97155 0 74.91 0.000 0 0 3.22
15:37:17 D 97255 0 74.93 0.000 0 0 3.22
15:37:18 D 97355 0 75.02 0.000 0 0 3.22
15:37:18 D 97455 0 75.06 0.000 0 0 3.22
15:37:18 D 97555 0 75.06 0.000 0 0 3.22
15:37:18 D 97655 0 75.09 0.000 0 0 3.22
15:37:18 D 97755 0 75.14 0.000 0 0 3.22
15:37:18 D 97855 0 75.15 0.000 0 0 3.22
15:37:18 D 97955 0 75.16 0.000 0 0 3.22
15:37:18 D 98055 0 75.13 0.000 0 0 3.22
15:37:18 D 98155 0 75.19 0.000 0 0 3.22
15:37:18 D 98255 0 75.20 0.000 0 0 3.22
15:37:19 D 98355 0 75.23 0.000 0 0 3.22
15:37:19 D 98455 0 71.84 0.000 0 0 3.22
15:37:19 D 98555 0 72.40 0.000 0 0 3.22
15:37:19 D 98655 0 72.98 0.000 0 0 3.22
15:37:19 D 98755 0 73.40 0.000 0 0 3.22
15:37:19 D 98855 0 73.73 0.000 0 0 3.22
15:37:19 D 98955 0 74.00 0.000 0 0 3.22
15:37:19 D 99055 0 74.23 0.000 0 0 3.22
15:37:19 D 99155 0 74.39 0.000 0 0 3.22
15:37:19 D 99255 0 74.55 0.000 0 0 3.22
15:37:20 D 99355 0 74.68 0.000 0 0 3.22
15:37:20 D 99455 0 74.76 0.000 0 0 3.22
15:37:20 D 99555 0 74.87 0.000 0 0 3.22
15:37:20 D 99655 0 74.93 0.000 0 0 3.22
15:37:20 D 99755 0 74.99 0.000 0 0 3.22
15:37:20 D 99855 0 75.03 0.000 0 0 3.22
15:37:20 D 99955 0 75.06 0.000 0 0 3.22
15:37:20 D 100055 0 75.09 0.000 0 0 3.22
15:37:20 D 100155 0 75.13 0.000 0 0 3.22
15:37:20 D 100255 0 75.14 0.000 0 0 3.22
15:37:21 D 100355 0 75.17 0.000 0 0 3.22
15:37:21 D 100455 0 75.18 0.000 0 0 3.22
15:37:21 D 100555 0 75.18 0.000 0 0 3.22
15:37:21 D 100655 0 75.20 0.000 0 0 3.22
15:37:21 D 100755 0 75.22 0.000 0 0 3.22
15:37:21 D 100855 0 75.23 0.000 0 0 3.22
15:37:21 D 100955 0 75.22 0.000 0 0 3.22
15:37:21 D 101055 0 75.24 0.000 0 0 3.22
15:37:21 D 101155 0 75.23 0.000 0 0 3.22
15:37:21 D 101255 0 75.12 0.000 0 0 3.22
15:37:22 D 101355 0 75.12 0.000 0 0 3.22
15:37:22 D 101455 0 75.12 0.000 0 0 3.22
15:37:22 D 101555 0 75.17 0.000 0 0 3.22
15:37:22 D 101655 0 75.19 0.000 0 0 3.22
15:37:22 D 101755 0 75.21 0.000 0 0 3.22
15:37:22 D 101855 0 75.18 0.000 0 0 3.22
15:37:22 D 101955 0 75.19 0.000 0 0 3.22
15:37:22 D 102055 0 75.21 0.000 0 0 3.22
15:37:22 D 102155 0 75.23 0.000 0 0 3.22
15:37:22 D 102255 0 74.91 0.000 0 0 3.22
15:37:23 D 102355 0 74.99 0.000 0 0 3.22
15:37:23 D 102455 0 75.01 0.000 0 0 3.22
15:37:23 D 102555 0 75.09 0.000 0 0 3.22
15:37:23 D 102655 0 75.09 0.000 0 0 3.22
15:37:23 D 102755 0 75.14 0.000 0 0 3.22
15:37:23 D 102855 0 75.13 0.000 0 0 3.22
15:37:23 D 102955 0 75.19 0.000 0 0 3.22
15:37:23 D 103055 0 75.18 0.000 0 0 3.22
15:37:23 D 103155 0 75.22 0.000 0 0 3.22
15:37:23 D 103255 0 75.24 0.000 0 0 3.22
15:37:24 D 103355 0 75.15 0.000 0 0 3.22
15:37:24 D 103455 0 75.18 0.000 0 0 3.22
15:37:24 D 103555 0 75.21 0.000 0 0 3.22
15:37:24 D 103655 0 75.21 0.000 0 0 3.22
15:37:24 D 103755 0 75.22 0.000 0 0 3.22
15:37:24 D 103855 0 75.21 0.000 0 0 3.22
15:37:24 D 103955 0 75.24 0.000 0 0 3.22
15:37:24 D 104055 0 75.23 0.000 0 0 3.22
15:37:24 D 104155 0 75.23 0.000 0 0 3.22
15:37:24 D 104255 0 75.23 0.000 0 0 3.22
15:37:25 D 104355 0 75.20 0.000 0 0 3.22
15:37:25 D 104455 0 75.20 0.000 0 0 3.22
15:37:25 D 104555 0 75.20 0.000 0 0 3.22
15:37:25 D 104655 0 75.21 0.000 0 0 3.22
15:37:25 D 104755 0 75.22 0.000 0 0 3.22
15:37:25 D 104855 0 75.21 0.000 0 0 3.22
15:37:25 D 104955 0 75.20 0.000 0 0 3.22
15:37:25 D 105055 0 75.23 0.000 0 0 3.22
15:37:25 D 105155 0 75.20 0.000 0 0 3.22
15:37:25 D 105255 0 75.11 0.000 0 0 3.22
15:37:26 D 105355 0 75.10 0.000 0 0 3.22
15:37:26 D 105455 0 75.17 0.000 0 0 3.22
15:37:26 D 105555 0 75.13 0.000 0 0 3.22
15:37:26 D 105655 0 75.17 0.000 0 0 3.22
15:37:26 D 105755 0 75.17 0.000 0 0 3.22
15:37:26 D 105855 0 75.20 0.000 0 0 3.22
15:37:26 D 105955 0 75.22 0.000 0 0 3.22
15:37:26 D 106055 0 75.22 0.000 0 0 3.22
15:37:26 D 106155 0 75.22 0.000 0 0 3.22
15:37:26 D 106255 0 75.22 0.000 0 0 3.22
15:37:27 D 106355 0 74.94 0.000 0 0 3.22
15:37:27 D 106455 0 75.00 0.000 0 0 3.22
15:37:27 D 106555 0 75.05 0.000 0 0 3.22
15:37:27 D 106655 0 75.07 0.000 0 0 3.22
15:37:27 D 106755 0 75.15 0.000 0 0 3.22
15:37:27 D 106855 0 75.14 0.000 0 0 3.22
15:37:27 D 106955 0 75.16 0.000 0 0 3.22
15:37:27 D 107055 0 75.18 0.000 0 0 3.22
15:37:27 D 107155 0 75.20 0.000 0 0 3.22
15:37:27 D 107255 0 75.20 0.000 0 0 3.22
15:37:28 D 107355 0 75.20 0.000 0 0 3.22
15:37:28 D 107455 0 75.21 0.000 0 0 3.22
15:37:28 D 107555 0 75.22 0.000 0 0 3.22
15:37:28 D 107655 0 75.23 0.000 0 0 3.22
15:37:28 D 107755 0 75.23 0.000 0 0 3.22
15:37:28 D 107855 0 75.24 0.000 0 0 3.22
15:37:28 D 107955 0 75.13 0.000 0 0 3.22
15:37:28 D 108055 0 75.17 0.000 0 0 3.22
15:37:28 D 108155 0 75.16 0.000 0 0 3.22
15:37:28 D 108255 0 75.19 0.000 0 0 3.22
15:37:29 D 108355 0 75.18 0.000 0 0 3.22
15:37:29 D 108455 0 75.20 0.000 0 0 3.22
15:37:29 D 108555 0 75.21 0.000 0 0 3.22
15:37:29 D 108655 0 75.19 0.000 0 0 3.22
15:37:29 D 108755 0 75.20 0.000 0 0 3.22
15:37:29 D 108855 0 75.21 0.000 0 0 3.22
15:37:29 D 108955 0 75.25 0.000 0 0 3.22
15:37:29 D 109055 0 75.21 0.000 0 0 3.22
15:37:29 D 109155 0 75.22 0.000 0 0 3.22
15:37:29 D 109255 0 75.22 0.000 0 0 3.22
15:37:30 D 109355 0 75.22 0.000 0 0 3.22
15:37:30 D 109455 0 75.23 0.000 0 0 3.22
15:37:30 D 109555 0 75.21 0.000 0 0 3.22
15:37:30 D 109655 0 75.23 0.000 0 0 3.22
15:37:30 D 109755 0 75.21 0.000 0 0 3.22
15:37:30 D 109855 0 75.21 0.000 0 0 3.22
15:37:30 D 109955 0 75.22 0.000 0 0 3.22
15:37:30 D 110055 0 75.23 0.000 0 0 3.22
15:37:30 D 110155 0 75.24 0.000 0 0 3.22
15:37:30 D 110255 0 74.82 0.000 0 0 3.22
15:37:31 D 110355 0 74.91 0.000 0 0 3.22
15:37:31 D 110455 0 74.96 0.000 0 0 3.22
15:37:31 D 110555 0 75.01 0.000 0 0 3.22
15:37:31 D 110655 0 75.04 0.000 0 0 3.22
15:37:31 D 110755 0 75.06 0.000 0 0 3.22
15:37:31 D 110855 0 75.11 0.000 0 0 3.22
15:37:31 D 110955 0 75.13 0.000 0 0 3.22
15:37:31 D 111055 0 75.15 0.000 0 0 3.22
15:37:31 D 111155 0 75.15 0.000 0 0 3.22
15:37:31 D 111255 0 75.16 0.000 0 0 3.22
15:37:32 D 111355 0 75.13 0.000 0 0 3.22
15:37:32 D 111455 0 75.15 0.000 0 0 3.22
15:37:32 D 111555 0 75.20 0.000 0 0 3.22
15:37:32 D 111655 0 75.21 0.000 0 0 3.22
15:37:32 D 111755 0 75.19 0.000 0 0 3.22
15:37:32 D 111855 0 75.19 0.000 0 0 3.22
15:37:32 D 111955 0 75.22 0.000 0 0 3.22
15:37:32 D 112055 0 75.20 0.000 0 0 3.22
15:37:32 D 112155 0 75.23 0.000 0 0 3.22
15:37:32 D 112255 0 75.19 0.000 0 0 3.22
15:37:33 D 112355 0 75.22 0.000 0 0 3.22
15:37:33 D 112455 0 75.23 0.000 0 0 3.22
15:37:33 D 112555 0 75.21 0.000 0 0 3.22
15:37:33 D 112655 0 75.22 0.000 0 0 3.22
15:37:33 D 112755 0 75.21 0.000 0 0 3.22
15:37:33 D 112855 0 75.23 0.000 0 0 3.22
15:37:33 D 112955 0 75.11 0.000 0 0 3.22
15:37:33 D 113055 0 75.14 0.000 0 0 3.22
15:37:33 D 113155 0 75.15 0.000 0 0 3.22
15:37:33 D 113255 0 75.17 0.000 0 0 3.22
15:37:34 D 113355 0 75.18 0.000 0 0 3.22
15:37:34 D 113455 0 75.18 0.000 0 0 3.22
15:37:34 D 113555 0 75.20 0.000 0 0 3.22
15:37:34 D 113655 0 75.21 0.000 0 0 3.22
15:37:34 D 113755 0 75.21 0.000 0 0 3.22
15:37:34 D 113855 0 75.20 0.000 0 0 3.22
15:37:34 D 113955 0 75.20 0.000 0 0 3.22
15:37:34 D 114055 0 75.20 0.000 0 0 3.22
15:37:34 D 114155 0 75.22 0.000 0 0 3.22
15:37:34 D 114255 0 75.22 0.000 0 0 3.22
15:37:35 D 114355 0 75.56 0.000 0 0 3.22
15:37:35 D 114455 0 75.18 0.000 0 0 3.22
15:37:35 D 114555 0 75.20 0.000 0 0 3.22
15:37:35 D 114655 0 75.19 0.000 0 0 3.22
15:37:35 D 114755 0 75.23 0.000 0 0 3.22
15:37:35 D 114855 0 75.22 0.000 0 0 3.22
15:37:35 D 114955 0 75.22 0.000 0 0 3.22
15:37:35 D 115055 0 75.23 0.000 0 0 3.22
15:37:35 D 115155 0 75.20 0.000 0 0 3.22
15:37:35 D 115255 0 75.19 0.000 0 0 3.22
15:37:36 D 115355 0 75.17 0.000 0 0 3.22
15:37:36 D 115455 0 75.22 0.000 0 0 3.22
15:37:36 D 115555 0 75.18 0.000 0 0 3.22
15:37:36 D 115655 0 75.23 0.000 0 0 3.22
15:37:36 D 115755 0 75.20 0.000 0 0 3.22
15:37:36 D 115855 0 75.23 0.000 0 0 3.22
15:37:36 D 115955 0 75.22 0.000 0 0 3.22
15:37:36 D 116055 0 75.15 0.000 0 0 3.22
15:37:36 D 116155 0 75.14 0.000 0 0 3.22
15:37:36 D 116255 0 75.20 0.000 0 0 3.22
15:37:37 D 116355 0 75.14 0.000 0 0 3.22
15:37:37 D 116455 0 75.21 0.000 0 0 3.22
15:37:37 D 116555 0 75.18 0.000 0 0 3.22
15:37:37 D 116655 0 75.20 0.000 0 0 3.22
15:37:37 D 116755 0 75.18 0.000 0 0 3.22
15:37:37 D 116855 0 75.21 0.000 0 0 3.22
15:37:37 D 116955 0 75.20 0.000 0 0 3.22
15:37:37 D 117055 0 75.23 0.000 0 0 3.22
15:37:37 D 117155 0 75.10 0.000 0 0 3.22
15:37:37 D 117255 0 75.15 0.000 0 0 3.22
15:37:38 D 117355 0 75.13 0.000 0 0 3.22
15:37:38 D 117455 0 75.19 0.000 0 0 3.22
15:37:38 D 117555 0 75.18 0.000 0 0 3.22
15:37:38 D 117655 0 75.21 0.000 0 0 3.22
15:37:38 D 117755 0 75.21 0.000 0 0 3.22
15:37:38 D 117855 0 75.22 0.000 0 0 3.22
15:37:38 D 117955 0 75.21 0.000 0 0 3.22
15:37:38 D 118055 0 75.22 0.000 0 0 3.22
15:37:38 D 118155 0 75.23 0.000 0 0 3.22
15:37:38 D 118255 0 75.20 0.000 0 0 3.22
15:37:39 D 118355 0 75.23 0.000 0 0 3.22
15:37:39 D 118455 0 75.22 0.000 0 0 3.22
15:37:39 D 118555 0 75.23 0.000 0 0 3.22
15:37:39 D 118655 0 75.00 0.000 0 0 3.22
15:37:39 D 118755 0 75.05 0.000 0 0 3.22
15:37:39 D 118855 0 75.09 0.000 0 0 3.22
15:37:39 D 118955 0 75.13 0.000 0 0 3.22
15:37:39 D 119055 0 75.14 0.000 0 0 3.22
15:37:39 D 119155 0 75.15 0.000 0 0 3.22
15:37:39 D 119255 0 75.17 0.000 0 0 3.22
15:37:40 D 119355 0 75.20 0.000 0 0 3.22
15:37:40 D 119455 0 75.20 0.000 0 0 3.22
15:37:40 D 119555 0 75.23 0.000 0 0 3.22
15:37:40 D 119655 0 75.23 0.000 0 0 3.22
15:37:40 D 119755 0 75.13 0.000 0 0 3.22
15:37:40 D 119855 0 75.16 0.000 0 0 3.22
15:37:40 D 119955 0 75.18 0.000 0 0 3.22
15:37:40 D 120055 0 75.21 0.000 0 0 3.22
15:37:40 D 120155 0 75.22 0.000 0 0 3.22
15:37:40 D 120255 0 75.22 0.000 0 0 3.22
15:37:41 D 120355 0 75.23 0.000 0 0 3.22
15:37:41 D 120455 0 75.22 0.000 0 0 3.22
15:37:41 D 120555 0 75.07 0.000 0 0 3.22
15:37:41 D 120655 0 75.09 0.000 0 0 3.22
15:37:41 D 120755 0 75.13 0.000 0 0 3.22
15:37:41 D 120855 0 75.14 0.000 0 0 3.22
15:37:41 D 120955 0 75.16 0.000 0 0 3.22
15:37:41 D 121055 0 75.15 0.000 0 0 3.22
15:37:41 D 121155 0 75.19 0.000 0 0 3.22
15:37:41 D 121255 0 75.17 0.000 0 0 3.22
15:37:42 D 121355 0 75.20 0.000 0 0 3.22
15:37:42 D 121455 0 75.21 0.000 0 0 3.22
15:37:42 D 121555 0 75.24 0.000 0 0 3.22
15:37:42 D 121655 0 74.89 0.000 0 0 3.22
15:37:42 D 121755 0 74.95 0.000 0 0 3.22
15:37:42 D 121855 0 75.00 0.000 0 0 3.22
15:37:42 D 121955 0 75.05 0.000 0 0 3.22
15:37:42 D 122055 0 75.09 0.000 0 0 3.22
15:37:42 D 122155 0 75.07 0.000 0 0 3.22
15:37:42 D 122255 0 75.11 0.000 0 0 3.22
15:37:43 D 122355 0 75.15 0.000 0 0 3.22
15:37:43 D 122455 0 75.17 0.000 0 0 3.22
15:37:43 D 122555 0 75.20 0.000 0 0 3.22
15:37:43 D 122655 0 75.19 0.000 0 0 3.22
15:37:43 D 122755 0 75.19 0.000 0 0 3.22
15:37:43 D 122855 0 75.21 0.000 0 0 3.22
15:37:43 D 122955 0 75.21 0.000 0 0 3.22
15:37:43 D 123055 0 75.20 0.000 0 0 3.22
15:37:43 D 123155 0 75.22 0.000 0 0 3.22
15:37:43 D 123255 0 75.19 0.000 0 0 3.22
15:37:44 D 123355 0 75.23 0.000 0 0 3.22
15:37:44 D 123455 0 75.21 0.000 0 0 3.22
15:37:44 D 123555 0 75.21 0.000 0 0 3.22
15:37:44 D 123655 0 75.21 0.000 0 0 3.22
15:37:44 D 123755 0 75.23 0.000 0 0 3.22
15:37:44 D 123855 0 75.20 0.000 0 0 3.22
15:37:44 D 123955 0 75.21 0.000 0 0 3.22
15:37:44 D 124055 0 75.19 0.000 0 0 3.22
15:37:44 D 124155 0 75.24 0.000 0 0 3.22
15:37:44 D 124255 0 75.15 0.000 0 0 3.22
15:37:45 D 124355 0 75.19 0.000 0 0 3.22
15:37:45 D 124455 0 75.19 0.000 0 0 3.22
15:37:45 D 124555 0 75.22 0.000 0 0 3.22
15:37:45 D 124655 0 75.21 0.000 0 0 3.22
15:37:45 D 124755 0 75.23 0.000 0 0 3.22
15:37:45 D 124855 0 75.22 0.000 0 0 3.22
15:37:45 D 124955 0 74.76 0.000 0 0 3.22
15:37:45 D 125055 0 74.86 0.000 0 0 3.22
15:37:45 D 125155 0 74.94 0.000 0 0 3.22
15:37:45 D 125255 0 74.99 0.000 0 0 3.22
15:37:46 D 125355 0 75.04 0.000 0 0 3.22
15:37:46 D 125455 0 75.05 0.000 0 0 3.22
15:37:46 D 125555 0 75.11 0.000 0 0 3.22
15:37:46 D 125655 0 75.12 0.000 0 0 3.22
15:37:46 D 125755 0 75.15 0.000 0 0 3.22
15:37:46 D 125855 0 75.17 0.000 0 0 3.22
15:37:46 D 125955 0 75.20 0.000 0 0 3.22
15:37:46 D 126055 0 75.21 0.000 0 0 3.22
15:37:46 D 126155 0 75.20 0.000 0 0 3.22
15:37:46 D 126255 0 75.23 0.000 0 0 3.22
15:37:47 D 126355 0 75.23 0.000 0 0 3.22
15:37:47 D 126455 0 75.16 0.000 0 0 3.22
15:37:47 D 126555 0 75.15 0.000 0 0 3.22
15:37:47 D 126655 0 75.18 0.000 0 0 3.22
15:37:47 D 126755 0 75.18 0.000 0 0 3.22
15:37:47 D 126855 0 75.20 0.000 0 0 3.22
15:37:47 D 126955 0 75.20 0.000 0 0 3.22
15:37:47 D 127055 0 75.21 0.000 0 0 3.22
15:37:47 D 127155 0 75.22 0.000 0 0 3.22
15:37:47 D 127255 0 75.22 0.000 0 0 3.22
15:37:48 D 127355 0 75.23 0.000 0 0 3.22
15:37:48 D 127455 0 75.21 0.000 0 0 3.22
15:37:48 D 127555 0 75.22 0.000 0 0 3.22
15:37:48 D 127655 0 75.23 0.000 0 0 3.22
15:37:48 D 127755 0 75.23 0.000 0 0 3.22
15:37:48 D 127855 0 75.24 0.000 0 0 3.22
15:37:48 D 127955 0 75.22 0.000 0 0 3.22
15:37:48 D 128055 0 75.16 0.000 0 0 3.22
15:37:48 D 128155 0 75.17 0.000 0 0 3.22
15:37:48 D 128255 0 75.18 0.000 0 0 3.22
15:37:49 D 128355 0 75.18 0.000 0 0 3.22
15:37:49 D 128455 0 75.16 0.000 0 0 3.22
15:37:49 D 128555 0 75.20 0.000 0 0 3.22
15:37:49 D 128655 0 75.20 0.000 0 0 3.22
15:37:49 D 128755 0 75.21 0.000 0 0 3.22
15:37:49 D 128855 0 75.20 0.000 0 0 3.22
15:37:49 D 128955 0 75.24 0.000 0 0 3.22
15:37:49 D 129055 0 75.22 0.000 0 0 3.22
15:37:49 D 129155 0 75.22 0.000 0 0 3.22
15:37:49 D 129255 0 75.21 0.000 0 0 3.22
15:37:50 D 129355 0 75.23 0.000 0 0 3.22
15:37:50 D 129455 0 75.23 0.000 0 0 3.22
15:37:50 D 129555 0 75.22 0.000 0 0 3.22
15:37:50 D 129655 0 75.17 0.000 0 0 3.22
15:37:50 D 129755 0 75.18 0.000 0 0 3.22
15:37:50 D 129855 0 75.18 0.000 0 0 3.22
15:37:50 D 129955 0 75.16 0.000 0 0 3.22
15:37:50 D 130055 0 75.19 0.000 0 0 3.22
15:37:50 D 130155 0 75.19 0.000 0 0 3.22
15:37:50 D 130255 0 75.18 0.000 0 0 3.22
15:37:51 D 130355 0 75.21 0.000 0 0 3.22
15:37:51 D 130455 0 75.21 0.000 0 0 3.22
15:37:51 D 130555 0 75.21 0.000 0 0 3.22
15:37:51 D 130655 0 75.19 0.000 0 0 3.22
15:37:51 D 130755 0 75.22 0.000 0 0 3.22
15:37:51 D 130855 0 75.22 0.000 0 0 3.22
15:37:51 D 130955 0 75.22 0.000 0 0 3.22
15:37:51 D 131055 0 75.21 0.000 0 0 3.22
15:37:51 D 131155 0 75.20 0.000 0 0 3.22
15:37:51 D 131255 0 75.21 0.000 0 0 3.22
15:37:52 D 131355 0 75.22 0.000 0 0 3.22
15:37:52 D 131455 0 75.21 0.000 0 0 3.22
15:37:52 D 131555 0 75.22 0.000 0 0 3.22
15:37:52 D 131655 0 75.22 0.000 0 0 3.22
15:37:52 D 131755 0 75.10 0.000 0 0 3.22
15:37:52 D 131855 0 75.12 0.000 0 0 3.22
15:37:52 D 131955 0 75.14 0.000 0 0 3.22
15:37:52 D 132055 0 75.15 0.000 0 0 3.22
15:37:52 D 132155 0 75.18 0.000 0 0 3.22
15:37:52 D 132255 0 75.16 0.000 0 0 3.22
15:37:53 D 132355 0 75.18 0.000 0 0 3.22
15:37:53 D 132455 0 75.17 0.000 0 0 3.22
15:37:53 D 132555 0 75.18 0.000 0 0 3.22
15:37:53 D 132655 0 75.21 0.000 0 0 3.22
15:37:53 D 132755 0 75.17 0.000 0 0 3.22
15:37:53 D 132855 0 75.20 0.000 0 0 3.22
15:37:53 D 132955 0 75.20 0.000 0 0 3.22
15:37:53 D 133055 0 75.23 0.000 0 0 3.22
15:37:53 D 133155 0 75.17 0.000 0 0 3.22
15:37:53 D 133255 0 75.18 0.000 0 0 3.22
15:37:54 D 133355 0 75.19 0.000 0 0 3.22
15:37:54 D 133455 0 75.20 0.000 0 0 3.22
15:37:54 D 133555 0 75.21 0.000 0 0 3.22
15:37:54 D 133655 0 75.22 0.000 0 0 3.22
15:37:54 D 133755 0 75.20 0.000 0 0 3.22
15:37:54 D 133855 0 75.21 0.000 0 0 3.22
15:37:54 D 133955 0 75.23 0.000 0 0 3.22
15:37:54 D 134055 0 75.24 0.000 0 0 3.22
15:37:54 D 134155 0 75.22 0.000 0 0 3.22
15:37:54 D 134255 0 75.22 0.000 0 0 3.22
15:37:55 D 134355 0 75.20 0.000 0 0 3.22
15:37:55 D 134455 0 75.23 0.000 0 0 3.22
15:37:55 D 134555 0 75.21 0.000 0 0 3.22
15:37:55 D 134655 0 75.22 0.000 0 0 3.22
15:37:55 D 134755 0 75.23 0.000 0 0 3.22
15:37:55 D 134855 0 74.85 0.000 0 0 3.22
15:37:55 D 134955 0 74.93 0.000 0 0 3.22
15:37:55 D 135055 0 74.95 0.000 0 0 3.22
15:37:55 D 135155 0 74.98 0.000 0 0 3.22
15:37:55 D 135255 0 75.02 0.000 0 0 3.22
15:37:56 D 135355 0 75.11 0.000 0 0 3.22
15:37:56 D 135455 0 75.11 0.000 0 0 3.22
15:37:56 D 135555 0 75.14 0.000 0 0 3.22
15:37:56 D 135655 0 75.14 0.000 0 0 3.22
15:37:56 D 135755 0 75.17 0.000 0 0 3.22
15:37:56 D 135855 0 75.17 0.000 0 0 3.22
15:37:56 D 135955 0 75.18 0.000 0 0 3.22
15:37:56 D 136055 0 75.18 0.000 0 0 3.22
15:37:56 D 136155 0 75.17 0.000 0 0 3.22
15:37:56 D 136255 0 75.19 0.000 0 0 3.22
15:37:57 D 136355 0 75.19 0.000 0 0 3.22
15:37:57 D 136455 0 75.22 0.000 0 0 3.22
15:37:57 D 136555 0 75.19 0.000 0 0 3.22
15:37:57 D 136655 0 75.21 0.000 0 0 3.22
15:37:57 D 136755 0 75.21 0.000 0 0 3.22
15:37:57 D 136855 0 75.21 0.000 0 0 3.22
15:37:57 D 136955 0 75.21 0.000 0 0 3.22
15:37:57 D 137055 0 75.23 0.000 0 0 3.22
15:37:57 D 137155 0 75.22 0.000 0 0 3.22
15:37:57 D 137255 0 75.23 0.000 0 0 3.22
15:37:58 D 137355 0 75.23 0.000 0 0 3.22
15:37:58 D 137455 0 75.22 0.000 0 0 3.22
15:37:58 D 137555 0 75.23 0.000 0 0 3.22
15:37:58 D 137655 0 75.22 0.000 0 0 3.22
15:37:58 D 137755 0 75.20 0.000 0 0 3.22
15:37:58 D 137855 0 75.17 0.000 0 0 3.22
15:37:58 D 137955 0 75.21 0.000 0 0 3.22
15:37:58 D 138055 0 75.21 0.000 0 0 3.22
15:37:58 D 138155 0 75.23 0.000 0 0 3.22
15:37:58 D 138255 0 75.22 0.000 0 0 3.22
15:37:59 D 138355 0 75.20 0.000 0 0 3.22
15:37:59 D 138455 0 75.22 0.000 0 0 3.22
15:37:59 D 138555 0 75.22 0.000 0 0 3.22
15:37:59 D 138655 0 75.22 0.000 0 0 3.22
15:37:59 D 138755 0 75.23 0.000 0 0 3.22
15:37:59 D 138855 0 75.21 0.000 0 0 3.22
15:37:59 D 138955 0 75.21 0.000 0 0 3.22
15:37:59 D 139055 0 75.21 0.000 0 0 3.22
15:37:59 D 139155 0 75.20 0.000 0 0 3.22
15:37:59 D 139255 0 75.20 0.000 0 0 3.22
15:38:00 D 139355 0 75.21 0.000 0 0 3.22
15:38:00 D 139455 0 75.19 0.000 0 0 3.22
15:38:00 D 139555 0 75.22 0.000 0 0 3.22
15:38:00 D 139655 0 75.21 0.000 0 0 3.22
15:38:00 D 139755 0 75.23 0.000 0 0 3.22
15:38:00 D 139855 0 75.22 0.000 0 0 3.22
15:38:00 D 139955 0 75.23 0.000 0 0 3.22
15:38:00 D 140055 0 75.24 0.000 0 0 3.22
15:38:00 D 140155 0 75.23 0.000 0 0 3.22
15:38:00 D 140255 0 75.22 0.000 0 0 3.22
15:38:01 D 140355 0 75.21 0.000 0 0 3.22
15:38:01 D 140455 0 75.20 0.000 0 0 3.22
15:38:01 D 140555 0 75.21 0.000 0 0 3.22
15:38:01 D 140655 0 75.21 0.000 0 0 3.22
15:38:01 D 140755 0 75.21 0.000 0 0 3.22
15:38:01 D 140855 0 75.21 0.000 0 0 3.22
15:38:01 D 140955 0 75.23 0.000 0 0 3.22
15:38:01 D 141055 0 75.21 0.000 0 0 3.22
15:38:01 D 141155 0 75.23 0.000 0 0 3.22
15:38:01 D 141255 0 75.21 0.000 0 0 3.22
15:38:02 D 141355 0 75.22 0.000 0 0 3.22
15:38:02 D 141455 0 75.21 0.000 0 0 3.22
15:38:02 D 141555 0 75.23 0.000 0 0 3.22
15:38:02 D 141655 0 75.21 0.000 0 0 3.22
15:38:02 D 141755 0 75.21 0.000 0 0 3.22
15:38:02 D 141855 0 75.22 0.000 0 0 3.22
15:38:02 D 141955 0 75.13 0.000 0 0 3.22
15:38:02 D 142055 0 75.15 0.000 0 0 3.22
15:38:02 D 142155 0 75.17 0.000 0 0 3.22
15:38:02 D 142255 0 75.18 0.000 0 0 3.22
15:38:03 D 142355 0 75.18 0.000 0 0 3.22
15:38:03 D 142455 0 75.18 0.000 0 0 3.22
15:38:03 D 142555 0 75.19 0.000 0 0 3.22
15:38:03 D 142655 0 75.21 0.000 0 0 3.22
15:38:03 D 142755 0 75.23 0.000 0 0 3.22
15:38:03 D 142855 0 75.23 0.000 0 0 3.22
15:38:03 D 142955 0 75.29 0.000 0 0 3.22
15:38:03 D 143055 0 75.22 0.000 0 0 3.22
15:38:03 D 143155 0 75.22 0.000 0 0 3.22
15:38:03 D 143255 0 75.21 0.000 0 0 3.22
15:38:04 D 143355 0 75.22 0.000 0 0 3.22
15:38:04 D 143455 0 75.22 0.000 0 0 3.22
15:38:04 D 143555 0 75.24 0.000 0 0 3.22
15:38:04 D 143655 0 75.21 0.000 0 0 3.22
15:38:04 D 143755 0 75.21 0.000 0 0 3.22
15:38:04 D 143855 0 75.22 0.000 0 0 3.22
15:38:04 D 143955 0 75.22 0.000 0 0 3.22
15:38:04 D 144055 0 75.22 0.000 0 0 3.22
15:38:04 D 144155 0 75.19 0.000 0 0 3.22
15:38:04 D 144255 0 75.14 0.000 0 0 3.22
15:38:05 D 144355 0 75.14 0.000 0 0 3.22
15:38:05 D 144455 0 75.17 0.000 0 0 3.22
15:38:05 D 144555 0 75.20 0.000 0 0 3.22
15:38:05 D 144655 0 75.19 0.000 0 0 3.22
15:38:05 D 144755 0 75.20 0.000 0 0 3.22
15:38:05 D 144855 0 75.21 0.000 0 0 3.22
15:38:05 D 144955 0 75.20 0.000 0 0 3.22
15:38:05 D 145055 0 75.21 0.000 0 0 3.22
15:38:05 D 145155 0 75.20 0.000 0 0 3.22
15:38:05 D 145255 0 75.22 0.000 0 0 3.22
15:38:06 D 145355 0 75.23 0.000 0 0 3.22
15:38:06 D 145455 0 75.23 0.000 0 0 3.22
15:38:06 D 145555 0 75.24 0.000 0 0 3.22
15:38:06 D 145655 0 75.23 0.000 0 0 3.22
15:38:06 D 145755 0 75.22 0.000 0 0 3.22
15:38:06 D 145855 0 75.22 0.000 0 0 3.22
15:38:06 D 145955 0 75.23 0.000 0 0 3.22
15:38:06 D 146055 0 74.98 0.000 0 0 3.22
15:38:06 D 146155 0 75.01 0.000 0 0 3.22
15:38:06 D 146255 0 75.08 0.000 0 0 3.22
15:38:07 D 146355 0 75.10 0.000 0 0 3.22
15:38:07 D 146455 0 75.13 0.000 0 0 3.22
15:38:07 D 146555 0 75.12 0.000 0 0 3.22
15:38:07 D 146655 0 75.14 0.000 0 0 3.22
15:38:07 D 146755 0 75.15 0.000 0 0 3.22
15:38:07 D 146855 0 75.17 0.000 0 0 3.22
15:38:07 D 146955 0 75.18 0.000 0 0 3.22
15:38:07 D 147055 0 75.18 0.000 0 0 3.22
15:38:07 D 147155 0 75.19 0.000 0 0 3.22
15:38:07 D 147255 0 75.22 0.000 0 0 3.22
15:38:08 D 147355 0 75.19 0.000 0 0 3.22
15:38:08 D 147455 0 75.20 0.000 0 0 3.22
15:38:08 D 147555 0 75.21 0.000 0 0 3.22
15:38:08 D 147655 0 75.21 0.000 0 0 3.22
15:38:08 D 147755 0 75.22 0.000 0 0 3.22
15:38:08 D 147855 0 75.15 0.000 0 0 3.22
15:38:08 D 147955 0 74.59 0.000 0 0 3.22
15:38:08 D 148055 0 74.72 0.000 0 0 3.22
15:38:08 D 148155 0 74.82 0.000 0 0 3.22
15:38:08 D 148255 0 74.88 0.000 0 0 3.22
15:38:09 D 148355 0 74.94 0.000 0 0 3.22
15:38:09 D 148455 0 74.98 0.000 0 0 3.22
15:38:09 D 148555 0 75.03 0.000 0 0 3.22
15:38:09 D 148655 0 75.07 0.000 0 0 3.22
15:38:09 D 148755 0 75.07 0.000 0 0 3.22
15:38:09 D 148855 0 75.11 0.000 0 0 3.22
15:38:09 D 148955 0 75.13 0.000 0 0 3.22
15:38:09 D 149055 0 75.14 0.000 0 0 3.22
15:38:09 D 149155 0 75.16 0.000 0 0 3.22
15:38:09 D 149255 0 75.16 0.000 0 0 3.22
15:38:10 D 149355 0 75.17 0.000 0 0 3.22
15:38:10 D 149455 0 75.19 0.000 0 0 3.22
15:38:10 D 149555 0 75.17 0.000 0 0 3.22
15:38:10 D 149655 0 75.22 0.000 0 0 3.22
15:38:10 D 149755 0 75.19 0.000 0 0 3.22
15:38:10 D 149855 0 75.22 0.000 0 0 3.22
15:38:10 D 149955 0 75.20 0.000 0 0 3.22
15:38:10 D 150055 0 75.23 0.000 0 0 3.22
15:38:10 D 150155 0 75.19 0.000 0 0 3.22
15:38:10 D 150255 0 75.22 0.000 0 0 3.22
15:38:11 D 150355 0 75.18 0.000 0 0 3.22
15:38:11 D 150455 0 75.22 0.000 0 0 3.22
15:38:11 D 150555 0 75.20 0.000 0 0 3.22
15:38:11 D 150655 0 75.16 0.000 0 0 3.22
15:38:11 D 150755 0 75.16 0.000 0 0 3.22
15:38:11 D 150855 0 75.18 0.000 0 0 3.22
15:38:11 D 150955 0 75.21 0.000 0 0 3.22
15:38:11 D 151055 0 75.20 0.000 0 0 3.22
15:38:11 D 151155 0 75.21 0.000 0 0 3.22
15:38:12 D 151255 0 75.21 0.000 0 0 3.22
15:38:12 D 151355 0 75.21 0.000 0 0 3.22
15:38:12 D 151455 0 75.22 0.000 0 0 3.22
15:38:12 D 151555 0 75.23 0.000 0 0 3.22
15:38:12 D 151655 0 75.43 0.000 0 0 3.22
15:38:12 D 151755 0 75.11 0.000 0 0 3.22
15:38:12 D 151855 0 75.14 0.000 0 0 3.22
15:38:12 D 151955 0 75.15 0.000 0 0 3.22
15:38:12 D 152055 0 75.18 0.000 0 0 3.22
15:38:12 D 152155 0 75.20 0.000 0 0 3.22
15:38:12 D 152255 0 75.20 0.000 0 0 3.22
15:38:13 D 152355 0 75.21 0.000 0 0 3.22
15:38:13 D 152455 0 75.21 0.000 0 0 3.22
15:38:13 D 152555 0 75.21 0.000 0 0 3.22
15:38:13 D 152655 0 75.20 0.000 0 0 3.22
15:38:13 D 152755 0 75.21 0.000 0 0 3.22
15:38:13 D 152855 0 75.21 0.000 0 0 3.22
15:38:13 D 152955 0 75.21 0.000 0 0 3.22
15:38:13 D 153055 0 75.22 0.000 0 0 3.22
15:38:13 D 153155 0 75.22 0.000 0 0 3.22
15:38:13 D 153255 0 75.23 0.000 0 0 3.22
15:38:14 D 153355 0 75.20 0.000 0 0 3.22
15:38:14 D 153455 0 75.03 0.000 0 0 3.22
15:38:14 D 153555 0 75.03 0.000 0 0 3.22
15:38:14 D 153655 0 75.08 0.000 0 0 3.22
15:38:14 D 153755 0 75.10 0.000 0 0 3.22
15:38:14 D 153855 0 75.11 0.000 0 0 3.22
15:38:14 D 153955 0 75.13 0.000 0 0 3.22
15:38:14 D 154055 0 75.14 0.000 0 0 3.22
15:38:14 D 154155 0 75.17 0.000 0 0 3.22
15:38:15 D 154255 0 75.18 0.000 0 0 3.22
15:38:15 D 154355 0 75.17 0.000 0 0 3.22
15:38:15 D 154455 0 75.19 0.000 0 0 3.22
15:38:15 D 154555 0 75.16 0.000 0 0 3.22
15:38:15 D 154655 0 75.17 0.000 0 0 3.22
15:38:15 D 154755 0 75.17 0.000 0 0 3.22
15:38:15 D 154855 0 75.19 0.000 0 0 3.22
15:38:15 D 154955 0 75.19 0.000 0 0 3.22
15:38:15 D 155055 0 75.20 0.000 0 0 3.22
15:38:15 D 155155 0 75.20 0.000 0 0 3.22
15:38:16 D 155255 0 75.18 0.000 0 0 3.22
15:38:16 D 155355 0 75.21 0.000 0 0 3.22
15:38:16 D 155455 0 75.22 0.000 0 0 3.22
15:38:16 D 155555 0 75.22 0.000 0 0 3.22
15:38:16 D 155655 0 75.17 0.000 0 0 3.22
15:38:16 D 155755 0 75.21 0.000 0 0 3.22
15:38:16 D 155855 0 75.21 0.000 0 0 3.22
15:38:16 D 155955 0 75.17 0.000 0 0 3.22
15:38:16 D 156055 0 75.19 0.000 0 0 3.22
15:38:16 D 156155 0 75.19 0.000 0 0 3.22
15:38:16 D 156255 0 75.19 0.000 0 0 3.22
15:38:17 D 156355 0 75.18 0.000 0 0 3.22
15:38:17 D 156455 0 75.19 0.000 0 0 3.22
15:38:17 D 156555 0 75.20 0.000 0 0 3.22
15:38:17 D 156655 0 75.20 0.000 0 0 3.22
15:38:17 D 156755 0 75.23 0.000 0 0 3.22
15:38:17 D 156855 0 75.22 0.000 0 0 3.22
15:38:17 D 156955 0 75.22 0.000 0 0 3.22
15:38:17 D 157055 0 75.23 0.000 0 0 3.22
15:38:17 D 157155 0 75.21 0.000 0 0 3.22
15:38:17 D 157255 0 75.23 0.000 0 0 3.22
15:38:18 D 157355 0 75.23 0.000 0 0 3.22
15:38:18 D 157455 0 75.23 0.000 0 0 3.22
15:38:18 D 157555 0 75.23 0.000 0 0 3.22
15:38:18 D 157655 0 75.23 0.000 0 0 3.22
15:38:18 D 157755 0 75.22 0.000 0 0 3.22
15:38:18 D 157855 0 75.21 0.000 0 0 3.22
15:38:18 D 157955 0 75.22 0.000 0 0 3.22
15:38:18 D 158055 0 75.23 0.000 0 0 3.22
15:38:18 D 158155 0 74.95 0.000 0 0 3.22
15:38:19 D 158255 0 75.00 0.000 0 0 3.22
15:38:19 D 158355 0 75.05 0.000 0 0 3.22
15:38:19 D 158455 0 75.07 0.000 0 0 3.22
15:38:19 D 158555 0 75.12 0.000 0 0 3.22
15:38:19 D 158655 0 75.14 0.000 0 0 3.22
15:38:19 D 158755 0 75.14 0.000 0 0 3.22
15:38:19 D 158855 0 75.16 0.000 0 0 3.22
15:38:19 D 158955 0 75.17 0.000 0 0 3.22
15:38:19 D 159055 0 75.18 0.000 0 0 3.22
15:38:19 D 159155 0 75.17 0.000 0 0 3.22
15:38:20 D 159255 0 75.18 0.000 0 0 3.22
15:38:20 D 159355 0 75.18 0.000 0 0 3.22
15:38:20 D 159455 0 75.20 0.000 0 0 3.22
15:38:20 D 159555 0 75.20 0.000 0 0 3.22
15:38:20 D 159655 0 75.17 0.000 0 0 3.22
15:38:20 D 159755 0 75.22 0.000 0 0 3.22
15:38:20 D 159855 0 75.20 0.000 0 0 3.22
15:38:20 D 159955 0 75.21 0.000 0 0 3.22
15:38:20 D 160055 0 75.21 0.000 0 0 3.22
15:38:20 D 160155 0 75.22 0.000 0 0 3.22
15:38:21 D 160255 0 75.21 0.000 0 0 3.22
15:38:21 D 160355 0 75.19 0.000 0 0 3.22
15:38:21 D 160455 0 75.19 0.000 0 0 3.22
15:38:21 D 160555 0 75.17 0.000 0 0 3.22
15:38:21 D 160655 0 75.21 0.000 0 0 3.22
15:38:21 D 160755 0 75.20 0.000 0 0 3.22
15:38:21 D 160855 0 75.21 0.000 0 0 3.22
15:38:21 D 160955 0 75.21 0.000 0 0 3.22
15:38:21 D 161055 0 75.21 0.000 0 0 3.22
15:38:21 D 161155 0 75.22 0.000 0 0 3.22
15:38:22 D 161255 0 75.21 0.000 0 0 3.22
15:38:22 D 161355 0 75.21 0.000 0 0 3.22
15:38:22 D 161455 0 75.11 0.000 0 0 3.22
15:38:22 D 161555 0 75.11 0.000 0 0 3.22
15:38:22 D 161655 0 75.16 0.000 0 0 3.22
15:38:22 D 161755 0 75.14 0.000 0 0 3.22
15:38:22 D 161855 0 75.17 0.000 0 0 3.22
15:38:22 D 161955 0 75.17 0.000 0 0 3.22
15:38:22 D 162055 0 75.20 0.000 0 0 3.22
15:38:22 D 162155 0 75.18 0.000 0 0 3.22
15:38:23 D 162255 0 75.21 0.000 0 0 3.22
15:38:23 D 162355 0 74.63 0.000 0 0 3.22
15:38:23 D 162455 0 74.79 0.000 0 0 3.22
15:38:23 D 162555 0 74.83 0.000 0 0 3.22
15:38:23 D 162655 0 74.97 0.000 0 0 3.22
15:38:23 D 162755 0 74.97 0.000 0 0 3.22
15:38:23 D 162855 0 75.03 0.000 0 0 3.22
15:38:23 D 162955 0 75.05 0.000 0 0 3.22
15:38:23 D 163055 0 75.09 0.000 0 0 3.22
15:38:23 D 163155 0 75.11 0.000 0 0 3.22
15:38:23 D 163255 0 75.15 0.000 0 0 3.22
15:38:24 D 163355 0 75.19 0.000 0 0 3.22
15:38:24 D 163455 0 75.19 0.000 0 0 3.22
15:38:24 D 163555 0 75.20 0.000 0 0 3.22
15:38:24 D 163655 0 75.21 0.000 0 0 3.22
15:38:24 D 163755 0 75.20 0.000 0 0 3.22
15:38:24 D 163855 0 75.20 0.000 0 0 3.22
15:38:24 D 163955 0 75.19 0.000 0 0 3.22
15:38:24 D 164055 0 75.20 0.000 0 0 3.22
15:38:24 D 164155 0 75.21 0.000 0 0 3.22
15:38:24 D 164255 0 75.21 0.000 0 0 3.22
15:38:25 D 164355 0 75.21 0.000 0 0 3.22
15:38:25 D 164455 0 75.21 0.000 0 0 3.22
15:38:25 D 164555 0 75.22 0.000 0 0 3.22
15:38:25 D 164655 0 75.22 0.000 0 0 3.22
15:38:25 D 164755 0 75.22 0.000 0 0 3.22
15:38:25 D 164855 0 75.22 0.000 0 0 3.22
15:38:25 D 164955 0 75.08 0.000 0 0 3.22
15:38:25 D 165055 0 75.08 0.000 0 0 3.22
15:38:25 D 165155 0 75.11 0.000 0 0 3.22
15:38:25 D 165255 0 75.10 0.000 0 0 3.22
15:38:26 D 165355 0 75.13 0.000 0 0 3.22
15:38:26 D 165455 0 75.13 0.000 0 0 3.22
15:38:26 D 165555 0 75.17 0.000 0 0 3.22
15:38:26 D 165655 0 75.15 0.000 0 0 3.22
15:38:26 D 165755 0 75.17 0.000 0 0 3.22
15:38:26 D 165855 0 75.16 0.000 0 0 3.22
15:38:26 D 165955 0 75.18 0.000 0 0 3.22
15:38:26 D 166055 0 75.18 0.000 0 0 3.22
15:38:26 D 166155 0 75.21 0.000 0 0 3.22
15:38:27 D 166255 0 75.21 0.000 0 0 3.22
15:38:27 D 166355 0 75.22 0.000 0 0 3.22
15:38:27 D 166455 0 75.21 0.000 0 0 3.22
15:38:27 D 166555 0 75.21 0.000 0 0 3.22
15:38:27 D 166655 0 75.21 0.000 0 0 3.22
15:38:27 D 166755 0 75.21 0.000 0 0 3.22
15:38:27 D 166855 0 75.22 0.000 0 0 3.22
15:38:27 D 166955 0 75.22 0.000 0 0 3.22
15:38:27 D 167055 0 75.22 0.000 0 0 3.22
15:38:27 D 167155 0 75.11 0.000 0 0 3.22
15:38:28 D 167255 0 75.13 0.000 0 0 3.22
15:38:28 D 167355 0 75.17 0.000 0 0 3.22
15:38:28 D 167455 0 75.15 0.000 0 0 3.22
15:38:28 D 167555 0 75.17 0.000 0 0 3.22
15:38:28 D 167655 0 75.18 0.000 0 0 3.22
15:38:28 D 167755 0 75.18 0.000 0 0 3.22
15:38:28 D 167855 0 75.18 0.000 0 0 3.22
15:38:28 D 167955 0 75.19 0.000 0 0 3.22
15:38:28 D 168055 0 75.19 0.000 0 0 3.22
15:38:28 D 168155 0 75.21 0.000 0 0 3.22
15:38:29 D 168255 0 75.21 0.000 0 0 3.22
15:38:29 D 168355 0 75.23 0.000 0 0 3.22
15:38:29 D 168455 0 75.15 0.000 0 0 3.22
15:38:29 D 168555 0 75.13 0.000 0 0 3.22
15:38:29 D 168655 0 75.17 0.000 0 0 3.22
15:38:29 D 168755 0 75.15 0.000 0 0 3.22
15:38:29 D 168855 0 75.19 0.000 0 0 3.22
15:38:29 D 168955 0 75.15 0.000 0 0 3.22
15:38:29 D 169055 0 75.21 0.000 0 0 3.22
15:38:29 D 169155 0 75.17 0.000 0 0 3.22
15:38:30 D 169255 0 75.19 0.000 0 0 3.22
15:38:30 D 169355 0 75.18 0.000 0 0 3.22
15:38:30 D 169455 0 75.19 0.000 0 0 3.22
15:38:30 D 169555 0 75.18 0.000 0 0 3.22
15:38:30 D 169655 0 75.20 0.000 0 0 3.22
15:38:30 D 169755 0 75.20 0.000 0 0 3.22
15:38:30 D 169855 0 75.19 0.000 0 0 3.22
15:38:30 D 169955 0 75.19 0.000 0 0 3.22
15:38:30 D 170055 0 75.21 0.000 0 0 3.22
15:38:30 D 170155 0 75.21 0.000 0 0 3.22
15:38:31 D 170255 0 75.23 0.000 0 0 3.22
15:38:31 D 170355 0 75.22 0.000 0 0 3.22
15:38:31 D 170455 0 75.23 0.000 0 0 3.22
15:38:31 D 170555 0 75.21 0.000 0 0 3.22
15:38:31 D 170655 0 75.12 0.000 0 0 3.22
15:38:31 D 170755 0 75.12 0.000 0 0 3.22
15:38:31 D 170855 0 75.15 0.000 0 0 3.22
15:38:31 D 170955 0 75.13 0.000 0 0 3.22
15:38:31 D 171055 0 75.18 0.000 0 0 3.22
15:38:31 D 171155 0 75.16 0.000 0 0 3.22
15:38:32 D 171255 0 75.20 0.000 0 0 3.22
15:38:32 D 171355 0 75.19 0.000 0 0 3.22
15:38:32 D 171455 0 75.20 0.000 0 0 3.22
15:38:32 D 171555 0 75.18 0.000 0 0 3.22
15:38:32 D 171655 0 75.20 0.000 0 0 3.22
15:38:32 D 171755 0 75.18 0.000 0 0 3.22
15:38:32 D 171855 0 75.20 0.000 0 0 3.22
15:38:32 D 171955 0 75.20 0.000 0 0 3.22
15:38:32 D 172055 0 75.20 0.000 0 0 3.22
15:38:32 D 172155 0 75.21 0.000 0 0 3.22
15:38:32 D 172255 0 75.19 0.000 0 0 3.22
15:38:33 D 172355 0 75.19 0.000 0 0 3.22
15:38:33 D 172455 0 75.22 0.000 0 0 3.22
15:38:33 D 172555 0 75.21 0.000 0 0 3.22
15:38:33 D 172655 0 75.24 0.000 0 0 3.22
15:38:33 D 172755 0 75.14 0.000 0 0 3.22
15:38:33 D 172855 0 75.19 0.000 0 0 3.22
15:38:33 D 172955 0 75.17 0.000 0 0 3.22
15:38:33 D 173055 0 75.18 0.000 0 0 3.22
15:38:33 D 173155 0 75.18 0.000 0 0 3.22
15:38:34 D 173255 0 75.19 0.000 0 0 3.22
15:38:34 D 173355 0 75.18 0.000 0 0 3.22
15:38:34 D 173455 0 75.21 0.000 0 0 3.22
15:38:34 D 173555 0 75.19 0.000 0 0 3.22
15:38:34 D 173655 0 75.20 0.000 0 0 3.22
15:38:34 D 173755 0 75.20 0.000 0 0 3.22
15:38:34 D 173855 0 75.19 0.000 0 0 3.22
15:38:34 D 173955 0 75.20 0.000 0 0 3.22
15:38:34 D 174055 0 75.21 0.000 0 0 3.22
15:38:34 D 174155 0 75.19 0.000 0 0 3.22
15:38:35 D 174255 0 75.22 0.000 0 0 3.22
15:38:35 D 174355 0 75.17 0.000 0 0 3.22
15:38:35 D 174455 0 75.20 0.000 0 0 3.22
15:38:35 D 174555 0 75.19 0.000 0 0 3.22
15:38:35 D 174655 0 75.21 0.000 0 0 3.22
15:38:35 D 174755 0 75.21 0.000 0 0 3.22
15:38:35 D 174855 0 75.22 0.000 0 0 3.22
15:38:35 D 174955 0 75.21 0.000 0 0 3.22
15:38:35 D 175055 0 75.20 0.000 0 0 3.22
15:38:35 D 175155 0 75.21 0.000 0 0 3.22
15:38:36 D 175255 0 75.20 0.000 0 0 3.22
15:38:36 D 175355 0 75.23 0.000 0 0 3.22
15:38:36 D 175455 0 75.21 0.000 0 0 3.22
15:38:36 D 175555 0 75.22 0.000 0 0 3.22
15:38:36 D 175655 0 75.21 0.000 0 0 3.22
15:38:36 D 175755 0 75.21 0.000 0 0 3.22
15:38:36 D 175855 0 75.20 0.000 0 0 3.22
15:38:36 D 175955 0 75.21 0.000 0 0 3.22
15:38:36 D 176055 0 75.20 0.000 0 0 3.22
15:38:36 D 176155 0 75.23 0.000 0 0 3.22
15:38:37 D 176255 0 75.19 0.000 0 0 3.22
15:38:37 D 176355 0 75.21 0.000 0 0 3.22
15:38:37 D 176455 0 75.20 0.000 0 0 3.22
15:38:37 D 176555 0 75.22 0.000 0 0 3.22
15:38:37 D 176655 0 75.21 0.000 0 0 3.22
15:38:37 D 176755 0 75.21 0.000 0 0 3.22
15:38:37 D 176855 0 75.21 0.000 0 0 3.22
15:38:37 D 176955 0 75.22 0.000 0 0 3.22
15:38:37 D 177055 0 75.21 0.000 0 0 3.22
15:38:37 D 177155 0 75.22 0.000 0 0 3.22
15:38:38 D 177255 0 74.98 0.000 0 0 3.22
15:38:38 D 177355 0 75.02 0.000 0 0 3.22
15:38:38 D 177455 0 75.07 0.000 0 0 3.22
15:38:38 D 177555 0 75.10 0.000 0 0 3.22
15:38:38 D 177655 0 75.11 0.000 0 0 3.22
15:38:38 D 177755 0 75.13 0.000 0 0 3.22
15:38:38 D 177855 0 75.14 0.000 0 0 3.22
15:38:38 D 177955 0 75.17 0.000 0 0 3.22
15:38:38 D 178055 0 75.18 0.000 0 0 3.22
15:38:38 D 178155 0 75.21 0.000 0 0 3.22
15:38:39 D 178255 0 75.21 0.000 0 0 3.22
15:38:39 D 178355 0 75.20 0.000 0 0 3.22
15:38:39 D 178455 0 75.18 0.000 0 0 3.22
15:38:39 D 178555 0 75.19 0.000 0 0 3.22
15:38:39 D 178655 0 75.19 0.000 0 0 3.22
15:38:39 D 178755 0 75.19 0.000 0 0 3.22
15:38:39 D 178855 0 75.20 0.000 0 0 3.22
15:38:39 D 178955 0 75.20 0.000 0 0 3.22
15:38:39 D 179055 0 75.21 0.000 0 0 3.22
15:38:39 D 179155 0 75.18 0.000 0 0 3.22
15:38:40 D 179255 0 75.21 0.000 0 0 3.22
15:38:40 D 179355 0 75.19 0.000 0 0 3.22
15:38:40 D 179455 0 75.22 0.000 0 0 3.22
15:38:40 D 179555 0 75.21 0.000 0 0 3.22
15:38:40 D 179655 0 75.20 0.000 0 0 3.22
15:38:40 D 179755 0 74.68 0.000 0 0 3.22
15:38:40 D 179855 0 74.81 0.000 0 0 3.22
15:38:40 D 179955 0 74.87 0.000 0 0 3.22
15:38:40 D 180055 0 74.95 0.000 0 0 3.22
15:38:40 D 180155 0 74.98 0.000 0 0 3.22
15:38:41 D 180255 0 75.02 0.000 0 0 3.22
15:38:41 D 180355 0 75.05 0.000 0 0 3.22
15:38:41 D 180455 0 75.07 0.000 0 0 3.22
15:38:41 D 180555 0 75.10 0.000 0 0 3.22
15:38:41 D 180655 0 75.13 0.000 0 0 3.22
15:38:41 D 180755 0 75.15 0.000 0 0 3.22
15:38:41 D 180855 0 75.16 0.000 0 0 3.22
15:38:41 D 180955 0 75.17 0.000 0 0 3.22
15:38:41 D 181055 0 75.16 0.000 0 0 3.22
15:38:41 D 181155 0 75.18 0.000 0 0 3.22
15:38:42 D 181255 0 75.19 0.000 0 0 3.22
15:38:42 D 181355 0 75.18 0.000 0 0 3.22
15:38:42 D 181455 0 75.18 0.000 0 0 3.22
15:38:42 D 181555 0 75.20 0.000 0 0 3.22
15:38:42 D 181655 0 75.20 0.000 0 0 3.22
15:38:42 D 181755 0 75.22 0.000 0 0 3.22
15:38:42 D 181855 0 75.21 0.000 0 0 3.22
15:38:42 D 181955 0 75.23 0.000 0 0 3.22
15:38:42 D 182055 0 75.23 0.000 0 0 3.22
15:38:42 D 182155 0 75.22 0.000 0 0 3.22
15:38:43 D 182255 0 75.20 0.000 0 0 3.22
15:38:43 D 182355 0 75.23 0.000 0 0 3.22
15:38:43 D 182455 0 75.22 0.000 0 0 3.22
15:38:43 D 182555 0 75.23 0.000 0 0 3.22
15:38:43 D 182655 0 75.22 0.000 0 0 3.22
15:38:43 D 182755 0 75.22 0.000 0 0 3.22
15:38:43 D 182855 0 75.20 0.000 0 0 3.22
15:38:43 D 182955 0 75.21 0.000 0 0 3.22
15:38:43 D 183055 0 75.23 0.000 0 0 3.22
15:38:43 D 183155 0 75.22 0.000 0 0 3.22
15:38:44 D 183255 0 75.23 0.000 0 0 3.22
15:38:44 D 183355 0 75.23 0.000 0 0 3.22
15:38:44 D 183455 0 75.23 0.000 0 0 3.22
15:38:44 D 183555 0 75.24 0.000 0 0 3.22
15:38:44 D 183655 0 75.22 0.000 0 0 3.22
15:38:44 D 183755 0 75.22 0.000 0 0 3.22
15:38:44 D 183855 0 75.48 0.000 0 0 3.22
15:38:44 D 183955 0 74.99 0.000 0 0 3.22
15:38:44 D 184055 0 75.05 0.000 0 0 3.22
15:38:44 D 184155 0 75.04 0.000 0 0 3.22
15:38:45 D 184255 0 75.08 0.000 0 0 3.22
15:38:45 D 184355 0 75.10 0.000 0 0 3.22
15:38:45 D 184455 0 75.12 0.000 0 0 3.22
15:38:45 D 184555 0 75.12 0.000 0 0 3.22
15:38:45 D 184655 0 75.13 0.000 0 0 3.22
15:38:45 D 184755 0 75.12 0.000 0 0 3.22
15:38:45 D 184855 0 75.16 0.000 0 0 3.22
15:38:45 D 184955 0 75.15 0.000 0 0 3.22
15:38:45 D 185055 0 75.18 0.000 0 0 3.22
15:38:45 D 185155 0 75.18 0.000 0 0 3.22
15:38:46 D 185255 0 75.18 0.000 0 0 3.22
15:38:46 D 185355 0 75.20 0.000 0 0 3.22
15:38:46 D 185455 0 75.19 0.000 0 0 3.22
15:38:46 D 185555 0 75.20 0.000 0 0 3.22
15:38:46 D 185655 0 75.21 0.000 0 0 3.22
15:38:46 D 185755 0 75.21 0.000 0 0 3.22
15:38:46 D 185855 0 75.19 0.000 0 0 3.22
15:38:46 D 185955 0 75.19 0.000 0 0 3.22
15:38:46 D 186055 0 75.20 0.000 0 0 3.22
15:38:46 D 186155 0 75.20 0.000 0 0 3.22
15:38:47 D 186255 0 75.19 0.000 0 0 3.22
15:38:47 D 186355 0 75.20 0.000 0 0 3.22
15:38:47 D 186455 0 75.21 0.000 0 0 3.22
15:38:47 D 186555 0 75.21 0.000 0 0 3.22
15:38:47 D 186655 0 75.23 0.000 0 0 3.22
15:38:47 D 186755 0 75.22 0.000 0 0 3.22
15:38:47 D 186855 0 75.21 0.000 0 0 3.22
15:38:47 D 186955 0 75.20 0.000 0 0 3.22
15:38:47 D 187055 0 75.21 0.000 0 0 3.22
15:38:47 D 187155 0 75.20 0.000 0 0 3.22
15:38:48 D 187255 0 75.20 0.000 0 0 3.22
15:38:48 D 187355 0 75.20 0.000 0 0 3.22
15:38:48 D 187455 0 75.20 0.000 0 0 3.22
15:38:48 D 187555 0 75.21 0.000 0 0 3.22
15:38:48 D 187655 0 75.19 0.000 0 0 3.22
15:38:48 D 187755 0 75.20 0.000 0 0 3.22
15:38:48 D 187855 0 75.19 0.000 0 0 3.22
15:38:48 D 187955 0 75.20 0.000 0 0 3.22
15:38:48 D 188055 0 75.20 0.000 0 0 3.22
15:38:48 D 188155 0 75.20 0.000 0 0 3.22
15:38:49 D 188255 0 75.19 0.000 0 0 3.22
15:38:49 D 188355 0 75.20 0.000 0 0 3.22
15:38:49 D 188455 0 75.18 0.000 0 0 3.22
15:38:49 D 188555 0 75.21 0.000 0 0 3.22
15:38:49 D 188655 0 75.20 0.000 0 0 3.22
15:38:49 D 188755 0 75.19 0.000 0 0 3.22
15:38:49 D 188855 0 75.21 0.000 0 0 3.22
15:38:49 D 188955 0 75.20 0.000 0 0 3.22
15:38:49 D 189055 0 75.19 0.000 0 0 3.22
15:38:49 D 189155 0 75.18 0.000 0 0 3.22
15:38:50 D 189255 0 75.19 0.000 0 0 3.22
15:38:50 D 189355 0 75.19 0.000 0 0 3.22
15:38:50 D 189455 0 75.18 0.000 0 0 3.22
15:38:50 D 189555 0 75.18 0.000 0 0 3.22
15:38:50 D 189655 0 75.19 0.000 0 0 3.22
15:38:50 D 189755 0 74.81 0.000 0 0 3.22
15:38:50 D 189855 0 75.12 0.000 0 0 3.22
15:38:50 D 189955 0 75.10 0.000 0 0 3.22
15:38:50 D 190055 0 75.13 0.000 0 0 3.22
15:38:50 D 190155 0 75.12 0.000 0 0 3.22
15:38:51 D 190255 0 75.15 0.000 0 0 3.22
15:38:51 D 190355 0 75.14 0.000 0 0 3.22
15:38:51 D 190455 0 75.17 0.000 0 0 3.22
15:38:51 D 190555 0 75.16 0.000 0 0 3.22
15:38:51 D 190655 0 75.18 0.000 0 0 3.22
15:38:51 D 190755 0 75.19 0.000 0 0 3.22
15:38:51 D 190855 0 75.19 0.000 0 0 3.22
15:38:51 D 190955 0 75.20 0.000 0 0 3.22
15:38:51 D 191055 0 75.19 0.000 0 0 3.22
15:38:51 D 191155 0 75.20 0.000 0 0 3.22
15:38:52 D 191255 0 75.18 0.000 0 0 3.22
15:38:52 D 191355 0 75.20 0.000 0 0 3.22
15:38:52 D 191455 0 75.20 0.000 0 0 3.22
15:38:52 D 191555 0 75.22 0.000 0 0 3.22
15:38:52 D 191655 0 75.20 0.000 0 0 3.22
15:38:52 D 191755 0 75.22 0.000 0 0 3.22
15:38:52 D 191855 0 75.22 0.000 0 0 3.22
15:38:52 D 191955 0 75.05 0.000 0 0 3.22
15:38:52 D 192055 0 75.07 0.000 0 0 3.22
15:38:52 D 192155 0 75.10 0.000 0 0 3.22
15:38:53 D 192255 0 75.12 0.000 0 0 3.22
15:38:53 D 192355 0 75.11 0.000 0 0 3.22
15:38:53 D 192455 0 75.15 0.000 0 0 3.22
15:38:53 D 192555 0 75.16 0.000 0 0 3.22
15:38:53 D 192655 0 75.16 0.000 0 0 3.22
15:38:53 D 192755 0 75.17 0.000 0 0 3.22
15:38:53 D 192855 0 75.16 0.000 0 0 3.22
15:38:53 D 192955 0 75.17 0.000 0 0 3.22
15:38:53 D 193055 0 75.18 0.000 0 0 3.22
15:38:53 D 193155 0 75.20 0.000 0 0 3.22
15:38:54 D 193255 0 75.19 0.000 0 0 3.22
15:38:54 D 193355 0 75.21 0.000 0 0 3.22
15:38:54 D 193455 0 75.19 0.000 0 0 3.22
15:38:54 D 193555 0 75.19 0.000 0 0 3.22
15:38:54 D 193655 0 75.18 0.000 0 0 3.22
15:38:54 D 193755 0 75.20 0.000 0 0 3.22
15:38:54 D 193855 0 75.18 0.000 0 0 3.22
15:38:54 D 193955 0 75.19 0.000 0 0 3.22
15:38:54 D 194055 0 75.19 0.000 0 0 3.22
15:38:54 D 194155 0 75.21 0.000 0 0 3.22
15:38:55 D 194255 0 75.20 0.000 0 0 3.22
15:38:55 D 194355 0 75.19 0.000 0 0 3.22
15:38:55 D 194455 0 75.20 0.000 0 0 3.22
15:38:55 D 194555 0 75.19 0.000 0 0 3.22
15:38:55 D 194655 0 75.20 0.000 0 0 3.22
15:38:55 D 194755 0 75.19 0.000 0 0 3.22
15:38:55 D 194855 0 75.19 0.000 0 0 3.22
15:38:55 D 194955 0 75.18 0.000 0 0 3.22
15:38:55 D 195055 0 75.18 0.000 0 0 3.22
15:38:55 D 195155 0 75.19 0.000 0 0 3.22
15:38:56 D 195255 0 75.18 0.000 0 0 3.22
15:38:56 D 195355 0 75.18 0.000 0 0 3.22
15:38:56 D 195455 0 75.19 0.000 0 0 3.22
15:38:56 D 195555 0 75.20 0.000 0 0 3.22
15:38:56 D 195655 0 75.20 0.000 0 0 3.22
15:38:56 D 195755 0 75.19 0.000 0 0 3.22
15:38:56 D 195855 0 75.21 0.000 0 0 3.22
15:38:56 D 195955 0 75.17 0.000 0 0 3.22
15:38:56 D 196055 0 75.22 0.000 0 0 3.22
15:38:56 D 196155 0 75.17 0.000 0 0 3.22
15:38:57 D 196255 0 75.17 0.000 0 0 3.22
15:38:57 D 196355 0 75.15 0.000 0 0 3.22
15:38:57 D 196455 0 75.21 0.000 0 0 3.22
15:38:57 D 196555 0 75.19 0.000 0 0 3.22
15:38:57 D 196655 0 75.22 0.000 0 0 3.22
15:38:57 D 196755 0 75.18 0.000 0 0 3.22
15:38:57 D 196855 0 75.21 0.000 0 0 3.22
15:38:57 D 196955 0 75.17 0.000 0 0 3.22
15:38:57 D 197055 0 75.21 0.000 0 0 3.22
15:38:57 D 197155 0 75.20 0.000 0 0 3.22
15:38:58 D 197255 0 75.20 0.000 0 0 3.22
15:38:58 D 197355 0 75.20 0.000 0 0 3.22
15:38:58 D 197455 0 75.20 0.000 0 0 3.22
15:38:58 D 197555 0 75.21 0.000 0 0 3.22
15:38:58 D 197655 0 75.21 0.000 0 0 3.22
15:38:58 D 197755 0 75.20 0.000 0 0 3.22
15:38:58 D 197855 0 75.21 0.000 0 0 3.22
15:38:58 D 197955 0 75.21 0.000 0 0 3.22
15:38:58 D 198055 0 75.21 0.000 0 0 3.22
15:38:58 D 198155 0 75.21 0.000 0 0 3.22
15:38:59 D 198255 0 75.19 0.000 0 0 3.22
15:38:59 D 198355 0 75.19 0.000 0 0 3.22
15:38:59 D 198455 0 75.18 0.000 0 0 3.22
15:38:59 D 198555 0 75.18 0.000 0 0 3.22
15:38:59 D 198655 0 75.18 0.000 0 0 3.22
15:38:59 D 198755 0 75.19 0.000 0 0 3.22
15:38:59 D 198855 0 75.19 0.000 0 0 3.22
15:38:59 D 198955 0 75.20 0.000 0 0 3.22
15:38:59 D 199055 0 75.19 0.000 0 0 3.22
15:38:59 D 199155 0 75.18 0.000 0 0 3.22
15:39:00 D 199255 0 75.18 0.000 0 0 3.22
15:39:00 D 199355 0 75.18 0.000 0 0 3.22
15:39:00 D 199455 0 75.19 0.000 0 0 3.22
15:39:00 D 199555 0 75.19 0.000 0 0 3.22
15:39:00 D 199655 0 75.20 0.000 0 0 3.22
15:39:00 D 199755 0 75.20 0.000 0 0 3.22
15:39:00 D 199855 0 75.20 0.000 0 0 3.22
15:39:00 D 199955 0 75.20 0.000 0 0 3.22
15:39:00 D 200055 0 75.20 0.000 0 0 3.22
15:39:00 D 200155 0 75.20 0.000 0 0 3.22
15:39:01 D 200255 0 75.19 0.000 0 0 3.22
15:39:01 D 200355 0 75.18 0.000 0 0 3.22
15:39:01 D 200455 0 75.20 0.000 0 0 3.22
15:39:01 D 200555 0 75.18 0.000 0 0 3.22
15:39:01 D 200655 0 75.20 0.000 0 0 3.22
15:39:01 D 200755 0 75.18 0.000 0 0 3.22
15:39:01 D 200855 0 75.21 0.000 0 0 3.22
15:39:01 D 200955 0 75.18 0.000 0 0 3.22
15:39:01 D 201055 0 75.19 0.000 0 0 3.22
15:39:01 D 201155 0 75.18 0.000 0 0 3.22
15:39:02 D 201255 0 75.18 0.000 0 0 3.22
15:39:02 D 201355 0 75.17 0.000 0 0 3.22
15:39:02 D 201455 0 75.17 0.000 0 0 3.22
15:39:02 D 201555 0 75.16 0.000 0 0 3.22
15:39:02 D 201655 0 75.16 0.000 0 0 3.22
15:39:02 D 201755 0 75.17 0.000 0 0 3.22
15:39:02 D 201855 0 75.17 0.000 0 0 3.22
15:39:02 D 201955 0 75.18 0.000 0 0 3.22
15:39:02 D 202055 0 75.17 0.000 0 0 3.22
15:39:02 D 202155 0 75.19 0.000 0 0 3.22
15:39:03 D 202255 0 75.19 0.000 0 0 3.22
15:39:03 D 202355 0 75.22 0.000 0 0 3.22
15:39:03 D 202455 0 75.18 0.000 0 0 3.22
15:39:03 D 202555 0 75.18 0.000 0 0 3.22
15:39:03 D 202655 0 75.18 0.000 0 0 3.22
15:39:03 D 202755 0 75.19 0.000 0 0 3.22
15:39:03 D 202855 0 74.97 0.000 0 0 3.22
15:39:03 D 202955 0 74.99 0.000 0 0 3.22
15:39:03 D 203055 0 75.07 0.000 0 0 3.22
15:39:03 D 203155 0 75.07 0.000 0 0 3.22
15:39:04 D 203255 0 75.09 0.000 0 0 3.22
15:39:04 D 203355 0 78.15 0.000 0 0 3.22
15:39:04 D 203455 0 74.96 0.000 0 0 3.22
15:39:04 D 203555 0 77.10 0.000 0 0 3.22
15:39:04 D 203655 0 73.78 0.000 0 0 3.22
15:39:04 D 203755 0 73.95 0.000 0 0 3.22
15:39:04 D 203855 0 73.87 0.000 0 0 3.22
15:39:04 D 203955 0 70.42 0.000 0 0 3.22
15:39:04 D 204055 0 64.98 0.000 0 0 3.22
15:39:04 D 204155 0 55.76 0.000 0 0 3.22
15:39:05 D 204255 0 41.85 0.000 0 0 3.22
15:39:05 D 204355 0 7.50 0.000 0 0 3.22
15:39:05 D 204455 0 10.04 0.000 0 0 3.22
15:39:05 D 204555 0 32.46 0.000 0 0 3.22
15:39:05 D 204655 0 31.89 0.000 0 0 3.22
15:39:05 D 204755 0 27.15 0.000 0 0 3.22
15:39:05 D 204855 0 29.47 0.000 0 0 3.22
15:39:05 D 204955 0 31.20 0.000 0 0 3.22
15:39:05 D 205055 0 27.31 0.000 0 0 3.22
15:39:05 D 205155 0 19.56 0.000 0 0 3.22
15:39:06 D 205255 0 9.95 0.000 0 0 3.22
15:39:06 D 205355 0 -1.37 0.000 0 0 3.22
15:39:06 D 205455 0 5.40 0.000 0 0 3.22
15:39:06 D 205555 0 4.24 0.000 0 0 3.22
15:39:06 D 205655 0 1.69 0.000 0 0 3.22
15:39:06 D 205755 0 -0.94 0.000 0 0 3.22
15:39:06 D 205855 0 -2.30 0.000 0 0 3.22
15:39:06 D 205955 0 -4.21 0.000 0 0 3.22
15:39:06 D 206055 0 -2.87 0.000 0 0 3.22
15:39:06 D 206155 0 -0.46 0.000 0 0 3.22
15:39:07 D 206255 0 -0.84 0.000 0 0 3.22
15:39:07 D 206355 0 -0.15 0.000 0 0 3.22
15:39:07 D 206455 0 -0.86 0.000 0 0 3.22
15:39:07 D 206555 0 -2.17 0.000 0 0 3.22
15:39:07 D 206655 0 -2.11 0.000 0 0 3.22
15:39:07 D 206755 0 -1.92 0.000 0 0 3.22
15:39:07 D 206855 0 -0.92 0.000 0 0 3.22
15:39:07 D 206955 0 0.04 0.000 0 0 3.22
15:39:07 D 207055 0 -0.92 0.000 0 0 3.22
15:39:07 D 207155 0 -3.03 0.000 0 0 3.22
15:39:08 D 207255 0 -4.25 0.000 0 0 3.22
15:39:08 D 207355 0 -4.05 0.000 0 0 3.22
15:39:08 D 207455 0 -3.27 0.000 0 0 3.22
15:39:08 D 207555 0 -2.47 0.000 0 0 3.22
15:39:08 D 207655 0 -2.26 0.000 0 0 3.22
15:39:08 D 207755 0 -2.35 0.000 0 0 3.22
15:39:08 D 207855 0 -1.86 0.000 0 0 3.22
15:39:08 D 207955 0 -1.76 0.000 0 0 3.22
15:39:08 D 208055 0 -1.80 0.000 0 0 3.22
15:39:08 D 208155 0 -1.30 0.000 0 0 3.22
15:39:09 D 208255 0 -0.35 0.000 0 0 3.22
15:39:09 D 208355 0 0.11 0.000 0 0 3.22
15:39:09 D 208455 0 -0.13 0.000 0 0 3.22
15:39:09 D 208555 0 -0.30 0.000 0 0 3.22
15:39:09 D 208655 0 -0.13 0.000 0 0 3.22
15:39:09 D 208755 0 0.22 0.000 0 0 3.22
15:39:09 D 208855 0 0.29 0.000 0 0 3.22
15:39:09 D 209040 0 -0.54 0.000 0 0 3.22
15:39:09 D 209225 0 -0.84 0.000 0 0 3.22
15:39:10 D 209405 0 -0.74 0.000 0 0 3.22
15:39:10 D 209585 0 -0.66 0.000 0 0 3.22
15:39:10 D 209765 0 -0.54 0.000 0 0 3.22
15:39:11 D 210250 2 -0.47 -0.001 -1471 -1428 3.22
15:39:11 D 210710 2 -0.53 -0.000 -1369 -1388 3.22
15:39:12 D 211220 2 -2.28 -0.028 2800 1813 3.22
15:39:12 D 211735 2 -6.44 -0.003 -2294 -2248 3.22
15:39:13 D 212255 2 -1.98 0.119 -2646 -2351 3.22
15:39:13 D 212775 2 2.83 0.104 1875 2447 3.22
15:39:14 D 213300 2 3.06 0.027 2800 2770 3.22
15:39:14 D 213815 2 -4.31 -0.071 -1512 -1802 3.22
15:39:15 D 214330 2 -4.29 0.087 -2800 -2587 3.22
15:39:15 D 214845 2 1.84 0.116 1749 2307 3.22
15:39:16 D 215360 2 1.23 -0.057 2800 2335 3.22
15:39:16 D 215875 2 -4.80 -0.087 -1666 -2363 3.22
15:39:17 D 216395 2 -4.57 0.055 -2800 -2614 3.22
15:39:17 D 216915 2 0.94 0.145 -1832 1571 3.22
15:39:18 D 217430 2 2.91 0.039 2800 2653 3.22
15:39:18 D 217950 2 -1.93 -0.146 2438 1730 3.22
15:39:19 D 218475 2 -4.18 -0.044 -1689 -2308 3.22
15:39:19 D 219000 2 -3.12 0.034 -2800 -2526 3.22
15:39:20 D 219520 2 0.82 0.172 -2301 -1577 3.22
15:39:20 D 220045 2 3.94 0.018 2498 2432 3.22
15:39:21 D 220565 2 -0.15 -0.126 2550 2325 3.22
15:39:21 D 221090 2 -3.76 -0.068 -1877 -2328 3.22
15:39:22 D 221610 2 -1.61 0.091 -2728 -2306 3.22
15:39:22 D 222130 2 3.11 0.112 1747 2097 3.22
15:39:23 D 222655 2 4.33 -0.003 2800 2585 3.22
15:39:23 D 223180 2 -0.55 -0.149 2481 2079 3.22
15:39:24 D 223700 2 -4.68 -0.002 -2596 -2387 3.22
15:39:25 D 224220 2 -0.03 0.130 -2586 -1779 3.22
15:39:25 D 224735 2 3.83 0.019 2521 2219 3.22
15:39:26 D 225250 2 -0.67 -0.126 2515 2111 3.22
15:39:26 D 225770 2 -4.94 -0.023 -2635 -2331 3.22
15:39:27 D 226295 2 -1.80 0.107 -2699 -2364 3.22
15:39:27 D 226825 2 0.73 0.142 -1955 -1756 3.22
15:39:28 D 227345 2 4.41 0.040 2800 2541 3.22
15:39:28 D 227865 2 -0.15 -0.140 2672 2074 3.22
15:39:29 D 228390 2 -3.42 -0.067 -2040 -2343 3.22
15:39:29 D 228915 2 -3.06 0.051 -2800 -2625 3.22
15:39:30 D 229440 2 1.82 0.111 -1879 1415 3.22
15:39:30 D 229960 2 4.15 0.016 2800 2439 3.22
15:39:31 D 230475 2 -1.54 -0.124 1938 1335 3.22
15:39:31 D 230990 2 -3.52 0.018 -2800 -2705 3.22
15:39:32 D 231505 2 2.89 0.112 1651 1963 3.22
15:39:32 D 232025 2 4.92 0.023 2800 2737 3.22
15:39:33 D 232550 2 -0.46 -0.124 2624 1568 3.22
15:39:33 D 233070 2 -3.10 -0.054 -2800 -2482 3.22
15:39:34 D 233595 2 1.32 0.165 -2280 -2191 3.22
15:39:34 D 234115 2 4.75 0.019 2552 2394 3.22
15:39:35 D 234630 2 -0.28 -0.140 2529 1976 3.22
15:39:35 D 235150 2 -3.80 -0.027 -2800 -2660 3.22
15:39:36 D 235670 2 1.25 0.161 -2358 -1782 3.22
15:39:37 D 236190 2 4.46 0.015 2505 2419 3.22
15:39:37 D 236710 2 0.72 -0.143 2717 1793 3.22
15:39:38 D 237230 2 -2.81 -0.030 -2557 -2184 3.22
15:39:38 D 237750 2 0.83 0.132 -2379 -2211 3.22
15:39:39 D 238270 2 4.45 0.019 2236 2314 3.22
15:39:39 D 238790 2 1.90 -0.120 2777 2312 3.22
15:39:40 D 239300 2 -3.15 -0.019 -2666 -2020 3.22
15:39:40 D 239820 2 1.03 0.147 -2360 -2175 3.22
15:39:41 D 240335 2 5.43 0.011 2547 2447 3.22
15:39:41 D 240860 2 2.76 -0.131 2794 2282 3.22
15:39:42 D 241375 2 -2.82 -0.054 -2550 -1855 3.22
15:39:42 D 241890 2 0.70 0.107 -2594 -2238 3.22
15:39:43 D 242410 2 5.77 0.074 2170 2554 3.22
15:39:43 D 242935 2 5.85 -0.064 2800 2349 3.22
15:39:44 D 243460 2 -0.54 -0.161 2331 1671 3.22
15:39:44 D 243975 2 -4.68 0.013 -2800 -2528 3.22
15:39:45 D 244490 2 3.53 0.096 -1747 1638 3.22
15:39:45 D 245015 2 5.35 0.034 2746 2490 3.22
15:39:46 D 245535 2 1.07 -0.126 2649 2368 3.22
15:39:46 D 246055 2 -3.35 -0.082 -1926 -2376 3.22
15:39:47 D 246575 2 -1.37 0.072 -2800 -2549 3.22
15:39:47 D 247095 2 2.77 0.132 -1439 1376 3.22
15:39:48 D 247615 2 6.09 0.029 2800 2725 3.22
15:39:48 D 248135 2 1.63 -0.144 2735 2145 3.22
15:39:49 D 248655 2 -3.07 -0.057 -2645 -2003 3.22
15:39:49 D 249175 2 -0.09 0.096 -2485 -2251 3.22
15:39:50 D 249695 2 4.02 0.098 -1388 1815 3.22
15:39:51 D 250215 2 6.15 0.033 2800 2714 3.22
15:39:51 D 250730 2 0.00 -0.140 2482 1700 3.22
15:39:52 D 251245 2 -3.49 0.006 -2703 -1583 3.22
15:39:52 D 251765 2 1.21 0.126 -2586 -2005 3.22
15:39:53 D 252285 2 4.45 0.052 1637 2299 3.22
15:39:53 D 252805 2 2.75 -0.068 2800 2286 3.22
15:39:54 D 253325 2 -2.30 -0.099 -1401 -2109 3.22
15:39:54 D 253840 2 -1.46 0.048 -2768 -2588 3.22
15:39:55 D 254360 2 3.06 0.116 -1947 1475 3.22
15:39:55 D 254875 2 5.37 0.021 2800 2655 3.22
15:39:56 D 255390 2 0.08 -0.141 2387 1529 3.22
15:39:56 D 255910 2 -4.75 0.193 1795 -1753 3.22
15:39:57 D 256435 2 1.63 -0.292 1387 -2238 3.22
15:39:57 D 256965 2 14.40 -0.515 1352 2599 3.22
15:39:58 D 257480 2 4.69 0.094 1933 2591 3.22
15:39:58 D 258010 2 -2.81 -0.261 -1942 -2800 3.22
15:39:59 D 258545 2 -6.66 0.458 1834 1697 3.22
15:39:59 D 259075 2 4.41 -0.179 -2577 1539 3.22
15:40:00 D 259605 2 -9.80 0.328 2035 -1686 3.22
15:40:00 D 260135 2 2.75 0.055 1660 1320 3.22
15:40:01 D 260660 2 2.81 0.014 1979 2397 3.22
15:40:01 D 261105 0 41.70 0.000 2800 2800 3.22
15:40:01 R 51220 2 36.8
15:40:01 E 0 2 4194 -63 1650 -1769
15:40:01 E 1 52 6315 -78 2179 -1703
15:40:01 E 2 81 6833 -107 2292 -1798
15:40:01 E 3 111 8175 -107 2445 -1762
15:40:01 E 4 164 9900 -93 2719 -1470
15:40:01 E 5 231 10144 -76 2800 1428
15:40:01 E 6 282 8912 -51 2800 1535
15:40:01 E 7 327 8065 -28 2800 1751
15:40:01 E 8 375 6413 -6 2800 2187
15:40:01 E 9 373 1279 -4 2800 2567
15:40:01 E 10 357 -3188 -6 1992 2424
15:40:01 E 11 317 -5658 18 -1464 2018
15:40:01 E 12 292 -6657 48 -1712 1939
15:40:01 E 13 257 -8627 61 -1895 1732
15:40:01 E 14 184 -11108 70 -2241 1437
15:40:01 E 15 104 -10992 71 -2498 -1308
15:40:01 E 16 45 -9194 73 -2736 -1372
15:40:01 E 17 -3 -8114 68 -2800 -1469
15:40:01 E 18 -48 -7200 49 -2800 -1489
15:40:01 E 19 -79 -6127 27 -2800 -1620
15:40:01 E 20 -103 -5237 1 -2800 -2055
15:40:01 E 21 -127 -4725 -31 -2800 -2259
15:40:01 E 22 -139 -1926 -43 -2408 -2259
15:40:01 E 23 -105 2950 -46 -1326 -2012
15:40:01 E 24 -63 5663 -62 1912 -1848
15:40:01 E 25 -28 7242 -77 2187 -1762
15:40:01 E 26 12 8924 -91 2351 -1662
15:40:01 E 27 81 10467 -94 2536 -1360
15:40:01 E 28 150 10004 -84 2784 1434
15:40:01 E 29 201 8229 -71 2800 1430
15:40:01 E 30 240 6937 -51 2800 1474
15:40:01 E 31 274 6193 -15 2800 1765
15:40:02 E 32 301 5425 3 2800 2279
15:40:02 E 33 311 2127 16 2800 2596
15:40:02 E 34 281 -3103 13 1979 2397
15:40:02 E 35 238 -6084 32 -1658 1961
15:40:02 E 36 208 -7285 64 -1971 1867
15:40:02 E 37 175 -9169 81 -2135 1736
15:40:02 E 38 106 -11809 86 -2291 1487
15:40:02 E 39 44 -12248 79 -2554 -1335
15:40:02 E 40 -25 -9992 85 -2660 -1366
15:40:02 E 41 -65 -7737 74 -2684 -1384
15:40:02 E 42 -101 -6755 48 -2720 -1706
15:40:02 E 43 -133 -5609 26 -2738 -2128
15:40:02 E 44 -150 -3999 -3 -2757 -2321
15:40:02 E 45 -164 -2823 -32 -2647 -2375
15:40:02 E 46 -159 408 -41 -1990 -2159
15:40:02 E 47 -119 4864 -55 1472 -1886
15:40:02 E 48 -63 7480 -75 1995 -1817
15:40:02 E 49 -16 8162 -99 2236 -1837
15:40:02 E 50 20 8931 -115 2371 -1780
15:40:02 E 51 67 10467 -106 2668 -1504
15:40:02 E 52 133 11388 -88 2800 1420
15:40:02 E 53 190 10949 -67 2800 1553
15:40:02 E 54 246 10467 -38 2800 1655
15:40:02 E 55 304 9272 -13 2800 1909
15:40:02 E 56 316 5096 -6 2800 2616
15:40:02 E 57 313 2035 7 2634 2761
15:40:02 E 58 303 -835 19 1891 2498
15:40:02 E 59 281 -3640 34 1313 2099
15:40:02 E 60 251 -5700 58 -1476 1900
15:40:02 E 61 208 -7359 76 -1780 1676
15:40:02 E 62 155 -8364 90 -1941 1631
15:40:02 E 63 102 -8230 103 -2039 1622
15:40:02 E 64 51 -7517 103 -2220 1625
15:40:02 E 65 11 -6225 95 -2292 1651
15:40:02 E 66 -10 -4578 92 -2243 1683
15:40:02 E 67 -20 -3176 73 -2252 1379
15:40:02 E 68 -24 -2109 55 -1922 -1528
15:40:02 E 69 -24 -951 42 -1462 -1604
15:40:02 E 70 -17 182 24 1403 -1627
15:40:02 E 71 -12 834 8 1641 -1610
15:40:02 E 72 -5 1785 2 1890 -1468
15:40:02 E 73 8 2950 -2 2090 -1449
15:40:02 E 74 29 3907 2 2340 -1475
15:40:02 E 75 52 4590 14 2602 -1416
15:40:02 E 76 84 5139 22 2800 -1315
15:40:02 E 77 104 4303 29 2800 1373
15:40:02 E 78 96 1657 29 2617 1976
15:40:02 E 79 86 -49 35 2118 2535
15:40:02 E 80 68 -1469 55 1699 2412
15:40:02 E 81 46 -2365 77 1616 2310
15:40:02 E 82 31 -2841 91 1422 2200
15:40:02 E 83 18 -3719 113 -1415 2034
15:40:02 E 84 -8 -4859 119 -1568 1892
15:40:02 E 85 -43 -4950 126 -1461 1837
15:40:02 E 86 -64 -3871 140 1475 1879
15:40:02 E 87 -74 -2719 135 1835 1512
15:40:02 E 88 -83 -1555 142 2394 1419
15:40:02 E 89 -84 66 147 2655 1445
15:40:02 E 90 -75 2029 155 2800 1556
15:40:02 E 91 -57 3931 174 2800 1779
15:40:02 E 92 -29 5724 188 2800 2081
15:40:02 E 93 5 7534 219 2800 2719
15:40:02 E 94 50 9431 250 2800 2800
15:40:02 E 95 107 11235 284 2800 2800
15:40:02 E 96 177 13186 336 2800 2800
15:40:02 E 97 261 15265 379 2800 2800
15:40:02 E 98 354 17508 436 2800 2800
15:40:02 E 99 465 20020 494 2800 2800
15:40:02 E 100 589 22367 542 2800 2800
15:40:02 E 101 722 24416 588 2800 2800
15:40:02 E 102 865 26281 632 2800 2800
15:40:02 E 103 1016 27897 678 2800 2800
15:40:02 E 104 1172 29226 713 2800 2800
15:40:02 E 105 1333 30384 746 2800 2800
15:40:02 E 106 1497 31409 770 2800 2800
15:40:02 E 107 1664 32348 792 2800 2800
15:40:02 E 108 1836 -32353 815 2800 2800
15:40:02 E 109 2010 -31713 825 2800 2800
15:40:02 E 110 2187 -31262 848 2800 2800
15:40:02 E 111 2367 -31073 852 2800 2800
15:40:02 E 112 2547 -31207 854 2800 2800
15:40:02 E 113 2724 -31634 860 2800 2800
15:40:02 E 114 2896 -32201 850 2800 2800
15:40:02 E 115 3063 32628 860 2800 2800
15:40:02 E 116 3226 31896 842 2800 2800
15:40:02 E 117 3383 30958 842 2800 2800
15:40:02 E 118 3534 29866 831 2800 2800
15:40:02 E 119 3677 28616 810 2800 2800
15:40:02 R end
15:40:02 T 4513 1716 2824 2572 5196 0 10244
15:40:02 D 261580 0 71.68 0.000 2800 2800 3.22
15:40:02 D 261680 0 70.67 0.000 2800 2800 3.22
15:40:02 D 261870 0 70.45 0.000 2800 2800 3.22
15:40:02 D 261970 0 68.94 0.000 2800 2800 3.22
15:40:02 D 262070 0 68.00 0.000 2800 2800 3.22
15:40:03 D 262260 0 54.06 0.000 2800 2800 3.22
15:40:03 D 262450 0 12.98 0.000 2800 2800 3.22
15:40:03 D 262640 0 6.89 0.000 2800 2800 3.22
15:40:03 D 262825 0 3.30 0.000 2800 2800 3.22
15:40:03 D 263010 0 3.11 0.000 2800 2800 3.22
15:40:04 D 263190 0 -1.39 0.000 2800 2800 3.22
15:40:04 D 263370 0 -2.20 0.000 2800 2800 3.22
15:40:04 D 263555 0 -2.06 0.000 2800 2800 3.22
15:40:04 D 263735 0 -1.01 0.000 2800 2800 3.22
15:40:04 D 263920 0 -2.29 0.000 2800 2800 3.22
15:40:04 D 264100 0 0.63 0.000 2800 2800 3.22
15:40:05 D 264300 2 2.33 0.009 1843 1743 3.22
15:40:05 D 264815 2 5.25 0.043 2247 2474 3.22
15:40:06 D 265325 2 -4.22 0.003 2535 1329 3.22
15:40:06 D 265845 2 -8.01 0.064 -2412 -2312 3.22
15:40:07 D 266365 2 -4.10 0.079 -2800 -2481 3.22
15:40:07 D 266890 2 2.41 0.013 -1526 1861 3.22
15:40:08 D 267420 2 4.43 -0.041 2756 2295 3.22
15:40:08 D 267940 2 -0.23 -0.168 2402 1958 3.22
15:40:09 D 268465 2 -4.33 0.002 -2580 -2203 3.22
15:40:09 D 268990 2 -2.83 0.162 -2588 -2498 3.22
15:40:10 D 269510 2 2.00 0.121 2074 2486 3.22
15:40:10 D 270035 2 1.60 0.039 2800 2716 3.22
15:40:11 D 270550 2 -3.93 -0.115 1619 1333 3.22
15:40:11 D 271070 2 -4.70 0.011 -2800 -2650 3.22
15:40:12 D 271590 2 0.28 0.159 -1821 -1636 3.22
15:40:12 D 272110 2 3.15 0.020 2800 2591 3.22
15:40:13 D 272625 2 -2.67 -0.112 1717 1373 3.22
15:40:13 D 273145 2 -3.82 -0.027 -2800 -2598 3.22
15:40:14 D 273665 2 1.25 0.139 -2318 -1625 3.22
15:40:15 D 274190 2 4.40 0.026 2496 2382 3.22
15:40:15 D 274710 2 -0.14 -0.104 2800 1829 3.22
15:40:16 D 275235 2 -3.53 -0.090 -1595 -2280 3.22
15:40:16 D 275765 2 -4.94 -0.000 -2800 -2565 3.22
15:40:17 D 276295 2 0.66 0.148 -2457 -1963 3.22
15:40:17 D 276820 2 2.87 0.022 2056 2299 3.22
15:40:18 D 277345 2 0.24 -0.053 2729 2329 3.22
15:40:18 D 277860 2 -5.79 0.001 -2488 -1525 3.22
15:40:19 D 278380 2 -1.40 0.114 -2593 -2421 3.22
15:40:19 D 278905 2 2.68 0.105 1631 1965 3.22
15:40:20 D 279430 2 3.36 0.042 2800 2693 3.22
15:40:20 D 279950 2 -2.72 -0.126 2036 1564 3.22
15:40:21 D 280470 2 -4.06 -0.020 -2800 -2581 3.22
15:40:21 D 280995 2 0.08 0.151 -2428 -2017 3.22
15:40:22 D 281520 2 4.67 0.008 1998 2523 3.22
15:40:22 D 282040 2 2.84 -0.118 2755 2191 3.22
15:40:23 D 282560 2 -3.74 -0.054 -2129 -2341 3.22
15:40:23 D 283085 2 -2.29 0.028 -2800 -2516 3.22
15:40:24 D 283605 2 2.38 0.100 -1483 1691 3.22
15:40:24 D 284125 2 5.54 0.049 2800 2727 3.22
15:40:25 D 284645 2 0.05 -0.134 2272 1956 3.22
15:40:26 D 285160 2 -3.81 0.002 -2800 -2525 3.22
15:40:26 D 285685 2 0.72 0.133 -2490 -2150 3.22
15:40:27 D 286205 2 5.00 0.006 2365 2364 3.22
15:40:27 D 286725 2 0.26 -0.102 2722 1948 3.22
15:40:28 D 287245 2 -2.98 -0.066 -1971 -2370 3.22
15:40:28 D 287760 2 22.25 0.947 2800 2800 3.22
15:40:28 D 287930 0 52.80 0.000 2800 2800 3.22
15:40:28 R 23575 2 35.1
15:40:28 E 0 -174 14088 -116 1439 -1624
15:40:28 E 1 -108 14930 -131 1996 1399
15:40:28 E 2 -38 16570 -138 2483 1858
15:40:28 E 3 54 18143 -137 2597 2238
15:40:28 E 4 146 18545 -122 2741 2311
15:40:28 E 5 236 18594 -102 2711 2220
15:40:28 E 6 327 18899 -52 2800 2377
15:40:28 E 7 422 18911 -1 2800 2627
15:40:28 E 8 498 15222 25 2800 2658
15:40:28 E 9 516 3492 8 2800 2494
15:40:28 E 10 491 -4889 0 2355 2347
15:40:28 E 11 446 -7145 33 1989 2403
15:40:28 E 12 410 -7139 81 1965 2520
15:40:28 E 13 356 -10638 97 1896 2283
15:40:28 E 14 279 -14693 109 -1352 1534
15:40:28 E 15 195 -15180 122 -1989 -1631
15:40:28 E 16 145 -14961 143 -2316 -1826
15:40:28 E 17 76 -16802 136 -2319 -2174
15:40:28 E 18 -12 -18095 117 -2377 -2412
15:40:28 E 19 -97 -17735 95 -2522 -2499
15:40:28 E 20 -197 -17351 57 -2783 -2630
15:40:28 E 21 -275 -15510 20 -2800 -2643
15:40:28 E 22 -329 -10919 -8 -2800 -2456
15:40:28 E 23 -355 -5030 -21 -2778 -1972
15:40:28 E 24 -369 255 -42 -2759 -2077
15:40:28 E 25 -342 6144 -51 -2367 -2277
15:40:28 E 26 -315 9851 -65 -1793 -2391
15:40:28 E 27 -256 12582 -85 -1335 -2015
15:40:28 E 28 -185 13643 -107 1800 -1472
15:40:28 E 29 -130 14210 -128 2324 1358
15:40:28 E 30 -62 16332 -127 2598 1858
15:40:28 E 31 31 17752 -115 2682 2207
15:40:28 E 32 122 17466 -97 2800 2243
15:40:28 E 33 208 16887 -64 2794 2209
15:40:28 E 34 293 16307 -28 2800 2309
15:40:28 E 35 371 15491 18 2800 2541
15:40:28 E 36 429 11686 40 2800 2633
15:40:28 E 37 445 3169 34 2686 2515
15:40:28 E 38 425 -3829 49 2277 2545
15:40:28 E 39 402 -6493 69 2120 2519
15:40:28 E 40 360 -7633 106 2118 2474
15:40:28 E 41 312 -8291 138 2076 2521
15:40:28 E 42 266 -9413 152 1611 2276
15:40:28 E 43 206 -10754 164 -1496 1556
15:40:28 E 44 140 -10840 179 -1520 -1456
15:40:28 E 45 76 -10181 187 -1487 -1640
15:40:28 E 46 19 -9407 188 -1333 -1649
15:40:28 E 47 -31 -8047 188 1399 -1674
15:40:28 E 48 -68 -6078 175 1507 -1744
15:40:28 E 49 -95 -4207 166 1595 -1769
15:40:28 E 50 -109 -2286 154 1624 -1645
15:40:28 E 51 -106 -536 140 1615 -1385
15:40:28 E 52 -97 865 128 1652 1532
15:40:28 E 53 -78 2322 117 1640 1734
15:40:28 E 54 -50 3694 113 1624 1879
15:40:28 E 55 -16 4815 107 1788 2229
15:40:28 E 56 20 5638 104 2157 2800
15:40:28 E 57 58 6224 108 2145 2800
15:40:28 E 58 97 6992 120 2162 2800
15:40:28 E 59 140 7925 145 2241 2800
15:40:28 E 60 190 8827 179 2375 2800
15:40:28 E 61 245 9632 211 2422 2800
15:40:28 E 62 303 10369 259 2616 2800
15:40:28 E 63 365 11064 299 2768 2800
15:40:28 E 64 430 11552 337 2800 2800
15:40:29 E 65 497 11961 379 2800 2800
15:40:29 E 66 562 12150 411 2800 2800
15:40:29 E 67 625 12290 451 2800 2800
15:40:29 E 68 688 12381 487 2800 2800
15:40:29 E 69 748 12339 533 2800 2800
15:40:29 E 70 806 12064 555 2800 2800
15:40:29 E 71 855 11528 579 2800 2800
15:40:29 E 72 902 11296 608 2800 2800
15:40:29 E 73 955 11424 624 2800 2800
15:40:29 E 74 1007 11278 657 2800 2800
15:40:29 E 75 1066 11442 680 2800 2800
15:40:29 E 76 1121 11131 693 2800 2800
15:40:29 E 77 1177 10857 713 2800 2800
15:40:29 E 78 1235 10516 729 2800 2800
15:40:29 E 79 1290 10065 745 2800 2800
15:40:29 E 80 1347 9796 765 2800 2800
15:40:29 E 81 1399 9601 777 2800 2800
15:40:29 E 82 1454 9583 791 2800 2800
15:40:29 E 83 1505 9412 799 2800 2800
15:40:29 E 84 1556 9242 820 2800 2800
15:40:29 E 85 1603 9034 828 2800 2800
15:40:29 E 86 1651 8857 837 2800 2800
15:40:29 E 87 1697 8528 856 2800 2800
15:40:29 E 88 1739 8175 852 2800 2800
15:40:29 E 89 1778 7919 863 2800 2800
15:40:29 E 90 1818 7778 872 2800 2800
15:40:29 E 91 1856 7620 877 2800 2800
15:40:29 E 92 1893 7534 890 2800 2800
15:40:29 E 93 1929 7534 895 2800 2800
15:40:29 E 94 1964 7644 909 2800 2800
15:40:29 E 95 2000 7821 912 2800 2800
15:40:29 E 96 2036 8028 922 2800 2800
15:40:29 E 97 2073 8162 931 2800 2800
15:40:29 E 98 2111 8187 929 2800 2800
15:40:29 E 99 2147 8242 935 2800 2800
15:40:29 E 100 2184 8376 944 2800 2800
15:40:29 E 101 2224 8601 946 2800 2800
15:40:29 E 102 2266 8833 952 2800 2800
15:40:29 E 103 2309 9144 958 2800 2800
15:40:29 E 104 2355 9559 957 2800 2800
15:40:29 E 105 2404 10089 960 2800 2800
15:40:29 E 106 2457 10638 962 2800 2800
15:40:29 E 107 2514 11284 969 2800 2800
15:40:29 E 108 2575 12028 971 2800 2800
15:40:29 E 109 2641 12820 977 2800 2800
15:40:29 E 110 2707 13710 983 2800 2800
15:40:29 E 111 2778 14686 985 2800 2800
15:40:29 E 112 2855 15606 983 2800 2800
15:40:29 E 113 2936 16545 984 2800 2800
15:40:29 E 114 3022 17350 983 2800 2800
15:40:29 E 115 3112 18021 980 2800 2800
15:40:29 E 116 3206 18612 980 2800 2800
15:40:29 E 117 3303 19209 976 2800 2800
15:40:29 E 118 3404 19886 968 2800 2800
15:40:29 E 119 3508 20551 962 2800 2800
15:40:29 R end
15:40:29 T 4514 1716 2826 2576 5214 0 4715
15:40:29 D 288420 0 72.21 0.000 2800 2800 3.22
15:40:29 D 288610 0 72.81 0.000 2800 2800 3.22
15:40:29 D 288710 0 73.23 0.000 2800 2800 3.22
15:40:29 D 288810 0 73.48 0.000 2800 2800 3.22
15:40:29 D 289000 0 73.52 0.000 2800 2800 3.22
15:40:29 D 289100 0 73.58 0.000 2800 2800 3.22
15:40:30 D 289290 0 73.73 0.000 2800 2800 3.22
15:40:30 D 289390 0 73.59 0.000 2800 2800 3.22
15:40:30 D 289580 0 73.76 0.000 2800 2800 3.22
15:40:30 D 289680 0 73.76 0.000 2800 2800 3.22
15:40:30 D 289780 0 73.67 0.000 2800 2800 3.22
15:40:30 D 289965 0 73.25 0.000 2800 2800 3.22
15:40:30 D 290150 0 68.83 0.000 2800 2800 3.22
15:40:31 D 290335 0 41.59 0.000 2800 2800 3.22
15:40:31 D 290520 0 8.54 0.000 2800 2800 3.22
15:40:31 D 290700 0 0.16 0.000 2800 2800 3.22
15:40:31 D 290885 0 3.20 0.000 2800 2800 3.22
15:40:31 D 291070 0 3.92 0.000 2800 2800 3.22
15:40:32 D 291255 0 1.95 0.000 2800 2800 3.22
15:40:32 D 291440 0 3.69 0.000 2800 2800 3.22
15:40:32 D 291625 0 2.21 0.000 2800 2800 3.22
15:40:32 D 292090 2 -0.89 0.060 -2800 -2473 3.22
15:40:33 D 292610 2 1.82 0.157 1582 2020 3.22
15:40:33 D 293140 2 2.27 0.043 2800 2548 3.22
15:40:34 D 293660 2 -1.47 -0.142 2218 1577 3.22
15:40:35 D 294185 2 -4.96 0.004 -2720 -1672 3.22
15:40:35 D 294715 2 -0.93 0.134 -2552 -2169 3.22
15:40:36 D 295240 2 2.56 0.072 2048 2450 3.22
15:40:36 D 295765 2 0.44 -0.075 2690 1880 3.22
15:40:37 D 296290 2 -2.42 -0.115 -1488 -2312 3.22
15:40:37 D 296815 2 -3.50 0.024 -2800 -2674 3.22
15:40:38 D 297345 2 1.42 0.142 -2317 -1552 3.22
15:40:38 D 297865 2 3.38 0.044 2800 2636 3.22
15:40:39 D 298385 2 -1.78 -0.107 2431 1550 3.22
15:40:39 D 298905 2 -3.89 -0.040 -2800 -2312 3.22
15:40:40 D 299425 2 1.61 0.142 -2349 -1582 3.22
15:40:40 D 299945 2 3.86 0.030 2800 2561 3.22
15:40:41 D 300465 2 0.05 -0.128 2800 1644 3.22
15:40:41 D 300980 2 -4.59 0.165 2320 -1563 3.22
15:40:42 D 301500 2 -3.21 0.067 -2800 -1484 3.22
15:40:42 D 302025 2 -0.79 -0.255 1550 -1331 3.22
15:40:43 D 302550 2 14.54 -0.251 -1636 2076 3.22
15:40:43 D 303075 2 9.68 -0.313 -2444 -2418 3.22
15:40:44 D 303590 2 -0.16 0.357 1917 2044 3.22
15:40:44 D 304110 2 -0.22 0.433 2248 2672 3.22
15:40:45 D 304635 2 1.20 -0.196 2402 2107 3.22
15:40:46 D 305160 2 0.10 -0.236 1909 1437 3.22
15:40:46 D 305685 2 -4.33 0.016 -2740 -2209 3.22
15:40:47 D 306205 2 0.58 0.184 -2013 -1703 3.22
15:40:47 D 306730 2 3.21 0.019 2722 2386 3.22
15:40:48 D 307255 2 0.24 -0.125 2671 2240 3.22
15:40:48 D 307775 2 -4.33 -0.010 -2399 -2227 3.22
15:40:49 D 308295 2 -1.33 0.168 -2267 -2433 3.22
15:40:49 D 308815 2 26.91 0.886 2800 2800 3.22
15:40:49 D 308955 0 57.41 0.000 2800 2800 3.22
15:40:49 R 17120 2 36.4
15:40:49 E 0 252 -8194 91 2103 2546
15:40:49 E 1 224 -10852 115 2090 2325
15:40:49 E 2 158 -13486 136 1682 1737
15:40:49 E 3 88 -14711 161 -1692 -1414
15:40:49 E 4 32 -15552 176 -2246 -1825
15:40:49 E 5 -41 -17241 178 -2263 -2172
15:40:49 E 6 -132 -18235 168 -2267 -2433
15:40:49 E 7 -220 -17857 154 -2311 -2466
15:40:49 E 8 -307 -17509 116 -2579 -2559
15:40:49 E 9 -415 -17016 79 -2765 -2665
15:40:49 E 10 -485 -14162 44 -2750 -2500
15:40:49 E 11 -526 -7956 29 -2677 -1934
15:40:49 E 12 -545 -2524 17 -2578 -1345
15:40:49 E 13 -541 798 -15 -2632 -1504
15:40:49 E 14 -515 5364 -24 -2510 -1815
15:40:49 E 15 -460 10455 -26 -2101 -1946
15:40:49 E 16 -388 12186 -48 -1327 -1647
15:40:49 E 17 -315 12162 -60 2023 -1308
15:40:49 E 18 -236 12284 -79 2383 1342
15:40:49 E 19 -150 12479 -82 2652 1339
15:40:49 E 20 -89 11680 -83 2786 -1300
15:40:49 E 21 -22 11759 -74 2698 1395
15:40:49 E 22 53 11491 -40 2697 1575
15:40:49 E 23 122 10040 -25 2782 1698
15:40:49 E 24 183 8394 1 2800 2012
15:40:49 E 25 212 5584 24 2714 2148
15:40:49 E 26 228 170 16 2386 2143
15:40:49 E 27 190 -5145 25 1690 1987
15:40:49 E 28 141 -7657 38 -1703 1751
15:40:49 E 29 90 -8285 63 -1917 1710
15:40:49 E 30 49 -8163 87 -1975 1744
15:40:49 E 31 23 -8913 95 -2350 1681
15:40:49 E 32 -20 -10767 84 -2785 -1315
15:40:49 E 33 -86 -11565 67 -2800 -1685
15:40:49 E 34 -144 -10663 57 -2800 -1720
15:40:49 E 35 -189 -9681 31 -2800 -1763
15:40:49 E 36 -233 -9267 5 -2800 -1961
15:40:49 E 37 -286 -8651 -26 -2800 -2334
15:40:49 E 38 -324 -5676 -49 -2800 -2445
15:40:49 E 39 -338 -1128 -50 -2503 -2393
15:40:49 E 40 -323 3852 -57 -1963 -2377
15:40:49 E 41 -270 8028 -68 -1339 -2076
15:40:49 E 42 -212 9302 -93 1421 -1950
15:40:49 E 43 -156 9863 -121 1527 -1820
15:40:49 E 44 -91 10827 -132 1871 -1638
15:40:49 E 45 -19 10918 -139 2443 1369
15:40:49 E 46 45 10004 -148 2562 1526
15:40:49 E 47 100 8998 -142 2550 1519
15:40:49 E 48 149 8272 -126 2519 1549
15:40:49 E 49 200 7541 -103 2534 1708
15:40:49 E 50 242 6181 -79 2581 1854
15:40:49 E 51 265 4498 -49 2508 1949
15:40:49 E 52 281 1712 -37 2382 1948
15:40:49 E 53 253 -2634 -31 1894 1923
15:40:49 E 54 223 -5895 -18 -1642 1665
15:40:49 E 55 182 -8011 -6 -2135 1649
15:40:49 E 56 122 -8157 20 -2205 1695
15:40:49 E 57 76 -7377 32 -2290 1686
15:40:49 E 58 42 -6852 43 -2525 1600
15:40:49 E 59 18 -6633 28 -2765 1426
15:40:49 E 60 -17 -6920 3 -2800 -1445
15:40:49 E 61 -57 -6212 -16 -2800 -1969
15:40:49 E 62 -85 -4383 -37 -2800 -2350
15:40:49 E 63 -101 -2701 -59 -2800 -2437
15:40:50 E 64 -100 -427 -78 -2573 -2412
15:40:50 E 65 -89 2651 -96 -2009 -2309
15:40:50 E 66 -50 5992 -116 -1356 -1986
15:40:50 E 67 5 8510 -133 1901 -1663
15:40:50 E 68 57 9674 -158 2183 -1600
15:40:50 E 69 100 10595 -169 2438 -1509
15:40:50 E 70 154 11759 -162 2698 1312
15:40:50 E 71 213 12265 -151 2800 1410
15:40:50 E 72 269 12131 -120 2800 1519
15:40:50 E 73 322 11662 -91 2800 1636
15:40:50 E 74 374 11034 -58 2800 1960
15:40:50 E 75 399 9248 -29 2800 2567
15:40:50 E 76 422 8169 -4 2800 2744
15:40:50 E 77 445 7620 28 2800 2737
15:40:50 E 78 466 7004 64 2795 2800
15:40:50 E 79 497 6315 112 2569 2800
15:40:50 E 80 524 5645 159 2321 2800
15:40:50 E 81 548 5315 213 2194 2800
15:40:50 E 82 571 5358 265 2138 2800
15:40:50 E 83 600 5608 306 2135 2800
15:40:50 E 84 632 5949 343 2164 2800
15:40:50 E 85 669 6632 379 2241 2800
15:40:50 E 86 711 7382 406 2321 2800
15:40:50 E 87 758 8187 434 2470 2800
15:40:50 E 88 812 9046 462 2701 2800
15:40:50 E 89 871 9808 490 2800 2800
15:40:50 E 90 929 10375 524 2800 2800
15:40:50 E 91 990 10906 549 2800 2800
15:40:50 E 92 1049 11235 582 2800 2800
15:40:50 E 93 1114 11796 611 2800 2800
15:40:50 E 94 1178 12314 632 2800 2800
15:40:50 E 95 1247 12893 665 2800 2800
15:40:50 E 96 1318 13723 691 2800 2800
15:40:50 E 97 1391 14515 716 2800 2800
15:40:50 E 98 1467 15545 743 2800 2800
15:40:50 E 99 1549 16734 766 2800 2800
15:40:50 E 100 1640 17941 789 2800 2800
15:40:50 E 101 1736 19002 809 2800 2800
15:40:50 E 102 1839 20002 829 2800 2800
15:40:50 E 103 1947 20801 843 2800 2800
15:40:50 E 104 2057 21307 855 2800 2800
15:40:50 E 105 2168 21496 865 2800 2800
15:40:50 E 106 2277 21502 873 2800 2800
15:40:50 E 107 2384 21349 876 2800 2800
15:40:50 E 108 2489 21142 882 2800 2800
15:40:50 E 109 2592 20880 880 2800 2800
15:40:50 E 110 2691 20648 886 2800 2800
15:40:50 E 111 2789 20612 888 2800 2800
15:40:50 E 112 2887 20758 888 2800 2800
15:40:50 E 113 2988 21008 894 2800 2800
15:40:50 E 114 3092 21258 889 2800 2800
15:40:50 E 115 3196 21551 888 2800 2800
15:40:50 E 116 3303 21855 889 2800 2800
15:40:50 E 117 3414 22142 885 2800 2800
15:40:50 E 118 3524 22410 878 2800 2800
15:40:50 E 119 3636 22672 883 2800 2800
15:40:50 R end
15:40:50 T 4513 1716 2830 2578 5195 0 3424
15:40:50 D 309440 0 71.23 0.000 2800 2800 3.22
15:40:50 D 309630 0 64.55 0.000 2800 2800 3.22
15:40:50 D 309730 0 60.18 0.000 2800 2800 3.22
15:40:50 D 309830 0 62.08 0.000 2800 2800 3.22
15:40:50 D 310020 0 62.00 0.000 2800 2800 3.22
15:40:50 D 310120 0 48.87 0.000 2800 2800 3.22
15:40:51 D 310220 0 35.40 0.000 2800 2800 3.22
15:40:51 D 310410 0 16.54 0.000 2800 2800 3.22
15:40:51 D 310600 0 12.12 0.000 2800 2800 3.22
15:40:51 D 310790 0 11.09 0.000 2800 2800 3.22
15:40:51 D 310970 0 16.43 0.000 2800 2800 3.22
15:40:51 D 311155 0 25.85 0.000 2800 2800 3.22
15:40:52 D 311340 0 31.87 0.000 2800 2800 3.22
15:40:52 D 311525 0 32.90 0.000 2800 2800 3.22
15:40:52 D 311710 0 34.11 0.000 2800 2800 3.22
15:40:52 D 311895 0 35.23 0.000 2800 2800 3.22
15:40:53 mpu_set_sensor complete ......
15:40:53 mpu_set_sensor complete ......
15:40:53 mpu_configure_fifo complete ......
15:40:53 mpu_set_sample_rate complete ......
15:40:53 dmp_load_motion_driver_firmware complete ......
15:40:53 dmp_set_orientation complete ......
15:40:53 dmp_enable_feature complete ......
15:40:53 dmp_set_fifo_rate complete ......
15:40:54 mpu_set_dmp_state complete ......
20:15:22 mpu_set_sensor complete ......
20:15:23 mpu_set_sensor complete ......
20:15:23 mpu_configure_fifo complete ......
20:15:23 mpu_set_sample_rate complete ......
20:15:23 dmp_load_motion_driver_firmware complete ......
20:15:23 dmp_set_orientation complete ......
20:15:23 dmp_enable_feature complete ......
20:15:23 dmp_set_fifo_rate complete ......
20:15:24 mpu_set_dmp_state complete ......
20:15:26 mpu_set_sensor complete ......
20:15:27 mpu_set_sensor complete ......
20:15:27 mpu_configure_fifo complete ......
20:15:27 mpu_set_sample_rate complete ......
20:15:27 dmp_load_motion_driver_firmware complete ......
20:15:27 dmp_set_orientation complete ......
20:15:27 dmp_enable_feature complete ......
20:15:27 dmp_set_fifo_rate complete ......
20:15:28 mpu_set_dmp_state complete ......
20:15:31 mode 28 RL
20:15:31 D 175 1 9.27 0.000 0 0 0.00
20:15:31 D 355 1 4.62 0.000 0 0 0.00
20:15:31 D 535 1 4.27 0.000 0 0 0.00
20:15:31 D 715 1 3.78 0.000 0 0 0.00
20:15:32 D 895 1 4.88 0.000 0 0 0.00
20:15:32 D 1080 1 6.32 0.000 0 0 0.00
20:15:32 D 1260 1 5.48 0.000 0 0 0.00
20:15:32 D 1440 1 5.75 0.000 0 0 0.00
20:15:32 D 1625 1 4.75 0.000 0 0 0.00
20:15:33 D 1805 1 4.83 0.000 0 0 0.00
20:15:33 D 1985 1 4.25 0.000 0 0 0.00
20:15:33 D 2170 1 4.50 0.000 0 0 0.00
20:15:33 D 2350 1 4.18 0.000 0 0 0.00
20:15:33 D 2530 1 4.01 0.000 0 0 0.00
20:15:33 D 2715 1 3.50 0.000 0 0 0.00
20:15:34 D 2895 1 4.00 0.000 0 0 0.00
20:15:34 D 3075 1 3.63 0.000 0 0 0.00
20:15:34 D 3260 1 -8.47 0.000 0 0 0.00
20:15:34 D 3440 1 -0.01 0.000 0 0 0.00
20:15:34 D 3620 1 1.14 0.000 0 0 0.00
20:15:35 D 3805 1 -49.52 0.000 0 0 0.00
20:15:35 D 3985 1 2.17 0.000 0 0 0.00
20:15:35 D 4165 1 -52.16 0.000 0 0 0.00
20:15:35 D 4350 1 0.95 0.000 0 0 0.00
20:15:35 D 4530 1 1.69 0.000 0 0 0.00
20:15:35 D 4715 1 2.19 0.000 0 0 0.00
20:15:36 D 4895 1 2.62 0.000 0 0 0.00
20:15:36 D 5080 1 2.93 0.000 0 0 0.00
20:15:36 D 5260 1 3.08 0.000 0 0 0.00
20:15:36 D 5440 1 3.17 0.000 0 0 0.00
20:15:36 D 5625 1 3.24 0.000 0 0 0.00
20:15:37 D 5805 1 3.20 0.000 0 0 0.00
20:15:37 cal done: pitch zero -6.67 roll zero -2.62 bias -0.0392 0.0041 0.0058
20:15:37 D 5995 0 8.95 0.000 0 0 -6.67
20:15:37 D 6095 0 8.91 0.000 0 0 -6.67
20:15:37 D 6195 0 8.87 0.000 0 0 -6.67
20:15:37 D 6295 0 8.88 0.000 0 0 -6.67
20:15:37 D 6395 0 8.83 0.000 0 0 -6.67
20:15:37 D 6495 0 8.84 0.000 0 0 -6.67
20:15:37 D 6595 0 8.89 0.000 0 0 -6.67
20:15:37 D 6695 0 8.76 0.000 0 0 -6.67
20:15:38 D 6795 0 8.70 0.000 0 0 -6.67
20:15:38 D 6895 0 8.85 0.000 0 0 -6.67
20:15:38 D 6995 0 8.35 0.000 0 0 -6.67
20:15:38 D 7095 0 8.27 0.000 0 0 -6.67
20:15:38 D 7195 0 8.32 0.000 0 0 -6.67
20:15:38 D 7295 0 8.05 0.000 0 0 -6.67
20:15:38 D 7395 0 7.71 0.000 0 0 -6.67
20:15:38 D 7495 0 -35.20 0.000 0 0 -6.67
20:15:38 D 7595 0 -53.50 0.000 0 0 -6.67
20:15:38 D 7695 0 -52.89 0.000 0 0 -6.67
20:15:39 D 7795 0 8.08 0.000 0 0 -6.67
20:15:39 D 7895 0 7.31 0.000 0 0 -6.67
20:15:39 D 7995 0 -51.95 0.000 0 0 -6.67
20:15:39 D 8095 0 -51.98 0.000 0 0 -6.67
20:15:39 D 8195 0 6.35 0.000 0 0 -6.67
20:15:39 D 8295 0 6.40 0.000 0 0 -6.67
20:15:39 D 8395 0 -36.42 0.000 0 0 -6.67
20:15:39 D 8495 0 -36.53 0.000 0 0 -6.67
20:15:39 D 8595 0 -6.53 0.000 0 0 -6.67
20:15:39 D 8695 0 -4.10 0.000 0 0 -6.67
20:15:40 D 8795 0 -2.32 0.000 0 0 -6.67
20:15:40 D 8895 0 -0.57 0.000 0 0 -6.67
20:15:40 D 8995 0 0.14 0.000 0 0 -6.67
20:15:40 D 9095 0 0.76 0.000 0 0 -6.67
20:15:40 D 9195 0 2.16 0.000 0 0 -6.67
20:15:40 D 9295 0 3.03 0.000 0 0 -6.67
20:15:40 D 9395 0 4.11 0.000 0 0 -6.67
20:15:40 D 9495 0 5.09 0.000 0 0 -6.67
20:15:40 D 9595 0 5.07 0.000 0 0 -6.67
20:15:40 D 9695 0 6.78 0.000 0 0 -6.67
20:15:41 D 9795 0 6.89 0.000 0 0 -6.67
20:15:41 D 9895 0 6.73 0.000 0 0 -6.67
20:15:41 D 9995 0 6.42 0.000 0 0 -6.67
20:15:41 D 10095 0 6.46 0.000 0 0 -6.67
20:15:41 D 10195 0 6.69 0.000 0 0 -6.67
20:15:41 D 10295 0 6.79 0.000 0 0 -6.67
20:15:41 D 10395 0 6.74 0.000 0 0 -6.67
20:15:41 D 10495 0 6.66 0.000 0 0 -6.67
20:15:41 D 10595 0 6.48 0.000 0 0 -6.67
20:15:41 D 10695 0 6.92 0.000 0 0 -6.67
20:15:42 D 10795 0 6.98 0.000 0 0 -6.67
20:15:42 D 10895 0 7.10 0.000 0 0 -6.67
20:15:42 D 10995 0 6.91 0.000 0 0 -6.67
20:15:42 D 11095 0 6.75 0.000 0 0 -6.67
20:15:42 D 11195 0 7.00 0.000 0 0 -6.67
20:15:42 D 11295 0 6.79 0.000 0 0 -6.67
20:15:42 D 11395 0 6.76 0.000 0 0 -6.67
20:15:42 D 11495 0 6.89 0.000 0 0 -6.67
20:15:42 D 11595 0 7.01 0.000 0 0 -6.67
20:15:42 D 11695 0 7.05 0.000 0 0 -6.67
20:15:43 D 11795 0 7.29 0.000 0 0 -6.67
20:15:43 D 11895 0 7.62 0.000 0 0 -6.67
20:15:43 D 11995 0 7.35 0.000 0 0 -6.67
20:15:43 D 12095 0 7.60 0.000 0 0 -6.67
20:15:43 D 12195 0 7.62 0.000 0 0 -6.67
20:15:43 D 12295 0 7.43 0.000 0 0 -6.67
20:15:43 D 12395 0 7.45 0.000 0 0 -6.67
20:15:43 D 12495 0 7.45 0.000 0 0 -6.67
20:15:43 D 12595 0 7.42 0.000 0 0 -6.67
20:15:43 D 12695 0 7.49 0.000 0 0 -6.67
20:15:44 D 12795 0 7.54 0.000 0 0 -6.67
20:15:44 D 12895 0 7.54 0.000 0 0 -6.67
20:15:44 D 12995 0 7.69 0.000 0 0 -6.67
20:15:44 D 13095 0 7.64 0.000 0 0 -6.67
20:15:44 D 13195 0 7.71 0.000 0 0 -6.67
20:15:44 D 13295 0 7.80 0.000 0 0 -6.67
20:15:44 D 13395 0 7.82 0.000 0 0 -6.67
20:15:44 D 13495 0 7.76 0.000 0 0 -6.67
20:15:44 D 13595 0 7.94 0.000 0 0 -6.67
20:15:44 D 13695 0 7.98 0.000 0 0 -6.67
20:15:45 D 13795 0 7.86 0.000 0 0 -6.67
20:15:45 D 13895 0 8.06 0.000 0 0 -6.67
20:15:45 D 13995 0 7.86 0.000 0 0 -6.67
20:15:45 D 14095 0 7.91 0.000 0 0 -6.67
20:15:45 D 14195 0 8.02 0.000 0 0 -6.67
20:15:45 D 14295 0 7.64 0.000 0 0 -6.67
20:15:45 D 14395 0 7.34 0.000 0 0 -6.67
20:15:45 D 14495 0 7.52 0.000 0 0 -6.67
20:15:45 D 14595 0 7.43 0.000 0 0 -6.67
20:15:45 D 14695 0 7.45 0.000 0 0 -6.67
20:15:46 D 14795 0 7.54 0.000 0 0 -6.67
20:15:46 D 14895 0 7.74 0.000 0 0 -6.67
20:15:46 D 14995 0 7.84 0.000 0 0 -6.67
20:15:46 D 15095 0 7.95 0.000 0 0 -6.67
20:15:46 D 15195 0 8.04 0.000 0 0 -6.67
20:15:46 D 15295 0 8.02 0.000 0 0 -6.67
20:15:46 D 15395 0 8.16 0.000 0 0 -6.67
20:15:46 D 15495 0 8.23 0.000 0 0 -6.67
20:15:46 D 15595 0 8.31 0.000 0 0 -6.67
20:15:46 D 15695 0 8.27 0.000 0 0 -6.67
20:15:47 D 15795 0 8.48 0.000 0 0 -6.67
20:15:47 D 15895 0 8.50 0.000 0 0 -6.67
20:15:47 D 15995 0 8.60 0.000 0 0 -6.67
20:15:47 D 16095 0 8.64 0.000 0 0 -6.67
20:15:47 D 16195 0 8.80 0.000 0 0 -6.67
20:15:47 D 16295 0 8.77 0.000 0 0 -6.67
20:15:47 D 16395 0 8.62 0.000 0 0 -6.67
20:15:47 D 16495 0 8.80 0.000 0 0 -6.67
20:15:47 D 16595 0 8.68 0.000 0 0 -6.67
20:15:47 D 16695 0 8.68 0.000 0 0 -6.67
20:15:48 D 16795 0 8.42 0.000 0 0 -6.67
20:15:48 D 16895 0 8.46 0.000 0 0 -6.67
20:15:48 D 16995 0 8.47 0.000 0 0 -6.67
20:15:48 D 17095 0 8.41 0.000 0 0 -6.67
20:15:48 D 17195 0 8.53 0.000 0 0 -6.67
20:15:48 D 17295 0 8.85 0.000 0 0 -6.67
20:15:48 D 17395 0 8.66 0.000 0 0 -6.67
20:15:48 D 17495 0 8.23 0.000 0 0 -6.67
20:15:48 D 17595 0 8.18 0.000 0 0 -6.67
20:15:48 D 17695 0 8.29 0.000 0 0 -6.67
20:15:49 D 17795 0 8.37 0.000 0 0 -6.67
20:15:49 D 17895 0 8.34 0.000 0 0 -6.67
20:15:49 D 17995 0 8.31 0.000 0 0 -6.67
20:15:49 D 18095 0 8.38 0.000 0 0 -6.67
20:15:49 D 18195 0 8.42 0.000 0 0 -6.67
20:15:49 D 18295 0 8.43 0.000 0 0 -6.67
20:15:49 D 18395 0 8.64 0.000 0 0 -6.67
20:15:49 D 18495 0 8.55 0.000 0 0 -6.67
20:15:49 D 18595 0 8.55 0.000 0 0 -6.67
20:15:49 D 18695 0 8.44 0.000 0 0 -6.67
20:15:50 D 18795 0 8.44 0.000 0 0 -6.67
20:15:50 D 18895 0 8.42 0.000 0 0 -6.67
20:15:50 D 18995 0 8.42 0.000 0 0 -6.67
20:15:50 D 19095 0 8.45 0.000 0 0 -6.67
20:15:50 D 19195 0 8.47 0.000 0 0 -6.67
20:15:50 D 19295 0 8.47 0.000 0 0 -6.67
20:15:50 D 19395 0 8.49 0.000 0 0 -6.67
20:15:50 D 19495 0 8.45 0.000 0 0 -6.67
20:15:50 D 19595 0 8.46 0.000 0 0 -6.67
20:15:50 D 19695 0 8.51 0.000 0 0 -6.67
20:15:51 D 19795 0 8.42 0.000 0 0 -6.67
20:15:51 D 19895 0 8.48 0.000 0 0 -6.67
20:15:51 D 19995 0 8.58 0.000 0 0 -6.67
20:15:51 D 20095 0 8.65 0.000 0 0 -6.67
20:15:51 D 20195 0 8.54 0.000 0 0 -6.67
20:15:51 D 20295 0 8.72 0.000 0 0 -6.67
20:15:51 D 20395 0 8.47 0.000 0 0 -6.67
20:15:51 D 20495 0 8.51 0.000 0 0 -6.67
20:15:51 D 20595 0 8.41 0.000 0 0 -6.67
20:15:51 D 20695 0 8.37 0.000 0 0 -6.67
20:15:52 D 20795 0 8.47 0.000 0 0 -6.67
20:15:52 D 20895 0 8.46 0.000 0 0 -6.67
20:15:52 D 20995 0 8.37 0.000 0 0 -6.67
20:15:52 D 21095 0 8.47 0.000 0 0 -6.67
20:15:52 D 21195 0 8.28 0.000 0 0 -6.67
20:15:52 D 21295 0 8.37 0.000 0 0 -6.67
20:15:52 D 21395 0 8.45 0.000 0 0 -6.67
20:15:52 D 21495 0 8.33 0.000 0 0 -6.67
20:15:52 D 21595 0 8.42 0.000 0 0 -6.67
20:15:52 D 21695 0 8.40 0.000 0 0 -6.67
20:15:53 D 21795 0 8.41 0.000 0 0 -6.67
20:15:53 D 21895 0 8.50 0.000 0 0 -6.67
20:15:53 D 21995 0 8.60 0.000 0 0 -6.67
20:15:53 D 22095 0 8.62 0.000 0 0 -6.67
20:15:53 D 22195 0 8.70 0.000 0 0 -6.67
20:15:53 D 22295 0 8.53 0.000 0 0 -6.67
20:15:53 D 22395 0 8.59 0.000 0 0 -6.67
20:15:53 D 22495 0 8.60 0.000 0 0 -6.67
20:15:53 D 22595 0 8.55 0.000 0 0 -6.67
20:15:53 D 22695 0 8.54 0.000 0 0 -6.67
20:15:54 D 22795 0 8.54 0.000 0 0 -6.67
20:15:54 D 22895 0 8.64 0.000 0 0 -6.67
20:15:54 D 22995 0 8.55 0.000 0 0 -6.67
20:15:54 D 23095 0 8.52 0.000 0 0 -6.67
20:15:54 D 23195 0 8.50 0.000 0 0 -6.67
20:15:54 D 23295 0 8.63 0.000 0 0 -6.67
20:15:54 D 23395 0 8.45 0.000 0 0 -6.67
20:15:54 D 23495 0 8.58 0.000 0 0 -6.67
20:15:54 D 23595 0 8.74 0.000 0 0 -6.67
20:15:54 D 23695 0 8.40 0.000 0 0 -6.67
20:15:55 D 23795 0 8.70 0.000 0 0 -6.67
20:15:55 D 23895 0 8.75 0.000 0 0 -6.67
20:15:55 D 23995 0 8.66 0.000 0 0 -6.67
20:15:55 D 24095 0 8.69 0.000 0 0 -6.67
20:15:55 D 24195 0 8.74 0.000 0 0 -6.67
20:15:55 D 24295 0 8.69 0.000 0 0 -6.67
20:15:55 D 24395 0 8.52 0.000 0 0 -6.67
20:15:55 D 24495 0 8.47 0.000 0 0 -6.67
20:15:55 D 24595 0 8.55 0.000 0 0 -6.67
20:15:55 D 24695 0 8.54 0.000 0 0 -6.67
20:15:56 D 24795 0 8.53 0.000 0 0 -6.67
20:15:56 D 24895 0 8.59 0.000 0 0 -6.67
20:15:56 D 24995 0 8.62 0.000 0 0 -6.67
20:15:56 D 25095 0 8.49 0.000 0 0 -6.67
20:15:56 D 25195 0 8.59 0.000 0 0 -6.67
20:15:56 D 25295 0 8.63 0.000 0 0 -6.67
20:15:56 D 25395 0 8.72 0.000 0 0 -6.67
20:15:56 D 25495 0 8.78 0.000 0 0 -6.67
20:15:56 D 25595 0 8.58 0.000 0 0 -6.67
20:15:56 D 25695 0 8.89 0.000 0 0 -6.67
20:15:57 D 25795 0 8.97 0.000 0 0 -6.67
20:15:57 D 25895 0 8.58 0.000 0 0 -6.67
20:15:57 D 25995 0 8.77 0.000 0 0 -6.67
20:15:57 D 26095 0 9.27 0.000 0 0 -6.67
20:15:57 D 26195 0 8.97 0.000 0 0 -6.67
20:15:57 D 26295 0 8.91 0.000 0 0 -6.67
20:15:57 D 26395 0 8.95 0.000 0 0 -6.67
20:15:57 D 26495 0 9.22 0.000 0 0 -6.67
20:15:57 D 26595 0 8.86 0.000 0 0 -6.67
20:15:57 D 26695 0 8.61 0.000 0 0 -6.67
20:15:58 D 26795 0 8.96 0.000 0 0 -6.67
20:15:58 D 26895 0 8.96 0.000 0 0 -6.67
20:15:58 D 26995 0 8.88 0.000 0 0 -6.67
20:15:58 D 27095 0 9.05 0.000 0 0 -6.67
20:15:58 D 27195 0 8.99 0.000 0 0 -6.67
20:15:58 D 27295 0 8.98 0.000 0 0 -6.67
20:15:58 D 27395 0 9.08 0.000 0 0 -6.67
20:15:58 D 27495 0 8.97 0.000 0 0 -6.67
20:15:58 D 27595 0 9.25 0.000 0 0 -6.67
20:15:58 D 27695 0 9.16 0.000 0 0 -6.67
20:15:59 D 27795 0 9.13 0.000 0 0 -6.67
20:15:59 D 27895 0 9.15 0.000 0 0 -6.67
20:15:59 D 27995 0 9.22 0.000 0 0 -6.67
20:15:59 D 28095 0 9.22 0.000 0 0 -6.67
20:15:59 D 28195 0 9.23 0.000 0 0 -6.67
20:15:59 D 28295 0 9.30 0.000 0 0 -6.67
20:15:59 D 28395 0 9.21 0.000 0 0 -6.67
20:15:59 D 28495 0 9.28 0.000 0 0 -6.67
20:15:59 D 28595 0 9.34 0.000 0 0 -6.67
20:15:59 D 28695 0 9.39 0.000 0 0 -6.67
20:16:00 D 28795 0 9.45 0.000 0 0 -6.67
20:16:00 D 28895 0 9.43 0.000 0 0 -6.67
20:16:00 D 28995 0 9.59 0.000 0 0 -6.67
20:16:00 D 29095 0 9.52 0.000 0 0 -6.67
20:16:00 D 29195 0 9.45 0.000 0 0 -6.67
20:16:00 D 29295 0 9.40 0.000 0 0 -6.67
20:16:00 D 29395 0 9.50 0.000 0 0 -6.67
20:16:00 D 29495 0 9.18 0.000 0 0 -6.67
20:16:00 D 29595 0 8.19 0.000 0 0 -6.67
20:16:00 D 29695 0 7.46 0.000 0 0 -6.67
20:16:01 D 29795 0 8.49 0.000 0 0 -6.67
20:16:01 D 29895 0 9.73 0.000 0 0 -6.67
20:16:01 D 29995 0 11.62 0.000 0 0 -6.67
20:16:01 D 30095 0 12.37 0.000 0 0 -6.67
20:16:01 D 30195 0 12.28 0.000 0 0 -6.67
20:16:01 D 30295 0 11.62 0.000 0 0 -6.67
20:16:01 D 30395 0 10.88 0.000 0 0 -6.67
20:16:01 D 30495 0 10.82 0.000 0 0 -6.67
20:16:01 D 30595 0 12.12 0.000 0 0 -6.67
20:16:01 D 30695 0 13.75 0.000 0 0 -6.67
20:16:02 D 30795 0 13.62 0.000 0 0 -6.67
20:16:02 D 30895 0 11.96 0.000 0 0 -6.67
20:16:02 D 30995 0 10.99 0.000 0 0 -6.67
20:16:02 D 31095 0 10.71 0.000 0 0 -6.67
20:16:02 D 31195 0 11.07 0.000 0 0 -6.67
20:16:02 D 31295 0 11.75 0.000 0 0 -6.67
20:16:02 D 31395 0 13.34 0.000 0 0 -6.67
20:16:02 D 31495 0 11.73 0.000 0 0 -6.67
20:16:02 D 31595 0 12.44 0.000 0 0 -6.67
20:16:02 D 31695 0 12.90 0.000 0 0 -6.67
20:16:03 D 31795 0 13.11 0.000 0 0 -6.67
20:16:03 D 31895 0 12.29 0.000 0 0 -6.67
20:16:03 D 31995 0 11.76 0.000 0 0 -6.67
20:16:03 D 32095 0 11.43 0.000 0 0 -6.67
20:16:03 D 32195 0 12.49 0.000 0 0 -6.67
20:16:03 D 32295 0 14.26 0.000 0 0 -6.67
20:16:03 D 32395 0 15.25 0.000 0 0 -6.67
20:16:03 D 32495 0 16.57 0.000 0 0 -6.67
20:16:03 D 32595 0 17.08 0.000 0 0 -6.67
20:16:03 D 32695 0 17.32 0.000 0 0 -6.67
20:16:04 D 32795 0 16.76 0.000 0 0 -6.67
20:16:04 D 32895 0 16.45 0.000 0 0 -6.67
20:16:04 D 32995 0 16.43 0.000 0 0 -6.67
20:16:04 D 33095 0 16.03 0.000 0 0 -6.67
20:16:04 D 33195 0 13.90 0.000 0 0 -6.67
20:16:04 D 33295 0 13.06 0.000 0 0 -6.67
20:16:04 D 33395 0 13.39 0.000 0 0 -6.67
20:16:04 D 33495 0 12.51 0.000 0 0 -6.67
20:16:04 D 33595 0 12.24 0.000 0 0 -6.67
20:16:04 D 33695 0 12.65 0.000 0 0 -6.67
20:16:05 D 33795 0 12.84 0.000 0 0 -6.67
20:16:05 D 33895 0 12.87 0.000 0 0 -6.67
20:16:05 D 33995 0 13.55 0.000 0 0 -6.67
20:16:05 D 34095 0 14.21 0.000 0 0 -6.67
20:16:05 D 34195 0 14.21 0.000 0 0 -6.67
20:16:05 D 34295 0 13.85 0.000 0 0 -6.67
20:16:05 D 34395 0 13.35 0.000 0 0 -6.67
20:16:05 D 34495 0 13.66 0.000 0 0 -6.67
20:16:05 D 34595 0 13.69 0.000 0 0 -6.67
20:16:05 D 34695 0 13.18 0.000 0 0 -6.67
20:16:06 D 34795 0 12.99 0.000 0 0 -6.67
20:16:06 D 34895 0 12.93 0.000 0 0 -6.67
20:16:06 D 34995 0 13.15 0.000 0 0 -6.67
20:16:06 D 35095 0 13.00 0.000 0 0 -6.67
20:16:06 D 35195 0 12.82 0.000 0 0 -6.67
20:16:06 D 35295 0 12.67 0.000 0 0 -6.67
20:16:06 D 35395 0 12.85 0.000 0 0 -6.67
20:16:06 D 35495 0 12.90 0.000 0 0 -6.67
20:16:06 D 35595 0 12.48 0.000 0 0 -6.67
20:16:06 D 35695 0 11.78 0.000 0 0 -6.67
20:16:07 D 35795 0 11.22 0.000 0 0 -6.67
20:16:07 D 35895 0 12.24 0.000 0 0 -6.67
20:16:07 D 35995 0 12.75 0.000 0 0 -6.67
20:16:07 D 36095 0 12.68 0.000 0 0 -6.67
20:16:07 D 36195 0 12.75 0.000 0 0 -6.67
20:16:07 D 36295 0 12.97 0.000 0 0 -6.67
20:16:07 D 36395 0 13.15 0.000 0 0 -6.67
20:16:07 D 36495 0 13.08 0.000 0 0 -6.67
20:16:07 D 36595 0 13.26 0.000 0 0 -6.67
20:16:07 D 36695 0 13.36 0.000 0 0 -6.67
20:16:08 D 36795 0 13.43 0.000 0 0 -6.67
20:16:08 D 36895 0 13.44 0.000 0 0 -6.67
20:16:08 D 36995 0 13.50 0.000 0 0 -6.67
20:16:08 D 37095 0 13.57 0.000 0 0 -6.67
20:16:08 D 37195 0 13.51 0.000 0 0 -6.67
20:16:08 D 37295 0 13.59 0.000 0 0 -6.67
20:16:08 D 37395 0 13.57 0.000 0 0 -6.67
20:16:08 D 37495 0 13.64 0.000 0 0 -6.67
20:16:08 D 37595 0 13.88 0.000 0 0 -6.67
20:16:08 D 37695 0 13.81 0.000 0 0 -6.67
20:16:09 D 37795 0 13.85 0.000 0 0 -6.67
20:16:09 D 37895 0 13.88 0.000 0 0 -6.67
20:16:09 D 37995 0 13.93 0.000 0 0 -6.67
20:16:09 D 38095 0 13.90 0.000 0 0 -6.67
20:16:09 D 38195 0 13.97 0.000 0 0 -6.67
20:16:09 D 38295 0 14.06 0.000 0 0 -6.67
20:16:09 D 38395 0 14.14 0.000 0 0 -6.67
20:16:09 D 38495 0 14.14 0.000 0 0 -6.67
20:16:09 D 38595 0 14.09 0.000 0 0 -6.67
20:16:09 D 38695 0 14.16 0.000 0 0 -6.67
20:16:10 D 38795 0 14.13 0.000 0 0 -6.67
20:16:10 D 38895 0 14.21 0.000 0 0 -6.67
20:16:10 D 38995 0 14.26 0.000 0 0 -6.67
20:16:10 D 39095 0 14.46 0.000 0 0 -6.67
20:16:10 D 39195 0 14.54 0.000 0 0 -6.67
20:16:10 D 39295 0 14.44 0.000 0 0 -6.67
20:16:10 D 39395 0 14.72 0.000 0 0 -6.67
20:16:10 D 39495 0 14.68 0.000 0 0 -6.67
20:16:10 D 39595 0 14.76 0.000 0 0 -6.67
20:16:10 D 39695 0 14.83 0.000 0 0 -6.67
20:16:11 D 39795 0 14.80 0.000 0 0 -6.67
20:16:11 D 39895 0 14.82 0.000 0 0 -6.67
20:16:11 D 39995 0 14.75 0.000 0 0 -6.67
20:16:11 D 40095 0 14.71 0.000 0 0 -6.67
20:16:11 D 40195 0 14.72 0.000 0 0 -6.67
20:16:11 D 40295 0 14.71 0.000 0 0 -6.67
20:16:11 D 40395 0 14.74 0.000 0 0 -6.67
20:16:11 D 40495 0 14.77 0.000 0 0 -6.67
20:16:11 D 40595 0 14.80 0.000 0 0 -6.67
20:16:11 D 40695 0 14.85 0.000 0 0 -6.67
20:16:12 D 40795 0 15.03 0.000 0 0 -6.67
20:16:12 D 40895 0 15.19 0.000 0 0 -6.67
20:16:12 D 40995 0 14.97 0.000 0 0 -6.67
20:16:12 D 41095 0 14.85 0.000 0 0 -6.67
20:16:12 D 41195 0 14.76 0.000 0 0 -6.67
20:16:12 D 41295 0 14.66 0.000 0 0 -6.67
20:16:12 D 41395 0 14.67 0.000 0 0 -6.67
20:16:12 D 41495 0 14.71 0.000 0 0 -6.67
20:16:12 D 41595 0 14.58 0.000 0 0 -6.67
20:16:12 D 41695 0 14.57 0.000 0 0 -6.67
20:16:13 D 41795 0 14.65 0.000 0 0 -6.67
20:16:13 D 41895 0 14.60 0.000 0 0 -6.67
20:16:13 D 41995 0 14.68 0.000 0 0 -6.67
20:16:13 D 42095 0 14.60 0.000 0 0 -6.67
20:16:13 D 42195 0 14.73 0.000 0 0 -6.67
20:16:13 D 42295 0 14.66 0.000 0 0 -6.67
20:16:13 D 42395 0 14.75 0.000 0 0 -6.67
20:16:13 D 42495 0 14.64 0.000 0 0 -6.67
20:16:13 D 42595 0 14.61 0.000 0 0 -6.67
20:16:13 D 42695 0 14.76 0.000 0 0 -6.67
20:16:14 D 42795 0 14.72 0.000 0 0 -6.67
20:16:14 D 42895 0 14.71 0.000 0 0 -6.67
20:16:14 D 42995 0 14.87 0.000 0 0 -6.67
20:16:14 D 43095 0 14.96 0.000 0 0 -6.67
20:16:14 D 43195 0 14.58 0.000 0 0 -6.67
20:16:14 D 43295 0 14.79 0.000 0 0 -6.67
20:16:14 D 43395 0 14.89 0.000 0 0 -6.67
20:16:14 D 43495 0 14.64 0.000 0 0 -6.67
20:16:14 D 43595 0 14.44 0.000 0 0 -6.67
20:16:14 D 43695 0 14.60 0.000 0 0 -6.67
20:16:15 D 43795 0 15.11 0.000 0 0 -6.67
20:16:15 D 43895 0 15.17 0.000 0 0 -6.67
20:16:15 D 43995 0 15.25 0.000 0 0 -6.67
20:16:15 D 44095 0 15.14 0.000 0 0 -6.67
20:16:15 D 44195 0 15.25 0.000 0 0 -6.67
20:16:15 D 44295 0 15.24 0.000 0 0 -6.67
20:16:15 D 44395 0 15.23 0.000 0 0 -6.67
20:16:15 D 44495 0 15.35 0.000 0 0 -6.67
20:16:15 D 44595 0 15.40 0.000 0 0 -6.67
20:16:15 D 44695 0 15.37 0.000 0 0 -6.67
20:16:16 D 44795 0 15.23 0.000 0 0 -6.67
20:16:16 D 44895 0 15.31 0.000 0 0 -6.67
20:16:16 D 44995 0 15.03 0.000 0 0 -6.67
20:16:16 D 45095 0 15.40 0.000 0 0 -6.67
20:16:16 D 45195 0 15.33 0.000 0 0 -6.67
20:16:16 D 45295 0 15.40 0.000 0 0 -6.67
20:16:16 D 45395 0 15.51 0.000 0 0 -6.67
20:16:16 D 45495 0 15.48 0.000 0 0 -6.67
20:16:16 D 45595 0 15.59 0.000 0 0 -6.67
20:16:16 D 45695 0 15.48 0.000 0 0 -6.67
20:16:17 D 45795 0 15.56 0.000 0 0 -6.67
20:16:17 D 45895 0 15.58 0.000 0 0 -6.67
20:16:17 D 45995 0 15.57 0.000 0 0 -6.67
20:16:17 D 46095 0 15.61 0.000 0 0 -6.67
20:16:17 D 46195 0 15.63 0.000 0 0 -6.67
20:16:17 D 46295 0 15.53 0.000 0 0 -6.67
20:16:17 D 46395 0 15.59 0.000 0 0 -6.67
20:16:17 D 46495 0 15.60 0.000 0 0 -6.67
20:16:17 D 46595 0 15.54 0.000 0 0 -6.67
20:16:17 D 46695 0 15.68 0.000 0 0 -6.67
20:16:18 D 46795 0 15.78 0.000 0 0 -6.67
20:16:18 D 46895 0 16.27 0.000 0 0 -6.67
20:16:18 D 46995 0 16.32 0.000 0 0 -6.67
20:16:18 D 47095 0 16.15 0.000 0 0 -6.67
20:16:18 D 47195 0 16.20 0.000 0 0 -6.67
20:16:18 D 47295 0 16.11 0.000 0 0 -6.67
20:16:18 D 47395 0 16.27 0.000 0 0 -6.67
20:16:18 D 47495 0 16.11 0.000 0 0 -6.67
20:16:18 D 47595 0 16.30 0.000 0 0 -6.67
20:16:18 D 47695 0 16.17 0.000 0 0 -6.67
20:16:19 D 47795 0 16.24 0.000 0 0 -6.67
20:16:19 D 47895 0 16.17 0.000 0 0 -6.67
20:16:19 D 47995 0 16.32 0.000 0 0 -6.67
20:16:19 D 48095 0 16.23 0.000 0 0 -6.67
20:16:19 D 48195 0 16.34 0.000 0 0 -6.67
20:16:19 D 48295 0 16.24 0.000 0 0 -6.67
20:16:19 D 48395 0 16.32 0.000 0 0 -6.67
20:16:19 D 48495 0 16.26 0.000 0 0 -6.67
20:16:19 D 48595 0 16.33 0.000 0 0 -6.67
20:16:19 D 48695 0 16.30 0.000 0 0 -6.67
20:16:20 D 48795 0 16.32 0.000 0 0 -6.67
20:16:20 D 48895 0 16.35 0.000 0 0 -6.67
20:16:20 D 48995 0 16.30 0.000 0 0 -6.67
20:16:20 D 49095 0 16.37 0.000 0 0 -6.67
20:16:20 D 49195 0 16.31 0.000 0 0 -6.67
20:16:20 D 49295 0 16.42 0.000 0 0 -6.67
20:16:20 D 49395 0 16.34 0.000 0 0 -6.67
20:16:20 D 49495 0 16.41 0.000 0 0 -6.67
20:16:20 D 49595 0 16.34 0.000 0 0 -6.67
20:16:20 D 49695 0 16.40 0.000 0 0 -6.67
20:16:21 D 49795 0 16.38 0.000 0 0 -6.67
20:16:21 D 49895 0 16.47 0.000 0 0 -6.67
20:16:21 D 49995 0 16.41 0.000 0 0 -6.67
20:16:21 D 50095 0 16.40 0.000 0 0 -6.67
20:16:21 D 50195 0 16.53 0.000 0 0 -6.67
20:16:21 D 50295 0 16.38 0.000 0 0 -6.67
20:16:21 D 50395 0 16.56 0.000 0 0 -6.67
20:16:21 D 50495 0 16.42 0.000 0 0 -6.67
20:16:21 D 50595 0 16.49 0.000 0 0 -6.67
20:16:21 D 50695 0 16.46 0.000 0 0 -6.67
20:16:22 D 50795 0 16.43 0.000 0 0 -6.67
20:16:22 D 50895 0 16.50 0.000 0 0 -6.67
20:16:22 D 50995 0 16.36 0.000 0 0 -6.67
20:16:22 D 51095 0 16.48 0.000 0 0 -6.67
20:16:22 D 51195 0 16.40 0.000 0 0 -6.67
20:16:22 D 51295 0 16.41 0.000 0 0 -6.67
20:16:22 D 51395 0 16.40 0.000 0 0 -6.67
20:16:22 D 51495 0 16.44 0.000 0 0 -6.67
20:16:22 D 51595 0 16.60 0.000 0 0 -6.67
20:16:22 D 51695 0 16.53 0.000 0 0 -6.67
20:16:23 D 51795 0 16.53 0.000 0 0 -6.67
20:16:23 D 51895 0 16.49 0.000 0 0 -6.67
20:16:23 D 51995 0 16.49 0.000 0 0 -6.67
20:16:23 D 52095 0 16.50 0.000 0 0 -6.67
20:16:23 D 52195 0 16.53 0.000 0 0 -6.67
20:16:23 D 52295 0 16.52 0.000 0 0 -6.67
20:16:23 D 52395 0 16.54 0.000 0 0 -6.67
20:16:23 D 52495 0 16.52 0.000 0 0 -6.67
20:16:23 D 52595 0 16.45 0.000 0 0 -6.67
20:16:23 D 52695 0 16.48 0.000 0 0 -6.67
20:16:24 D 52795 0 16.50 0.000 0 0 -6.67
20:16:24 D 52895 0 16.49 0.000 0 0 -6.67
20:16:24 D 52995 0 16.54 0.000 0 0 -6.67
20:16:24 D 53095 0 16.47 0.000 0 0 -6.67
20:16:24 D 53195 0 16.60 0.000 0 0 -6.67
20:16:24 D 53295 0 16.52 0.000 0 0 -6.67
20:16:24 D 53395 0 16.59 0.000 0 0 -6.67
20:16:24 D 53495 0 16.53 0.000 0 0 -6.67
20:16:24 D 53595 0 16.54 0.000 0 0 -6.67
20:16:24 D 53695 0 16.58 0.000 0 0 -6.67
20:16:25 D 53795 0 16.50 0.000 0 0 -6.67
20:16:25 D 53895 0 16.60 0.000 0 0 -6.67
20:16:25 D 53995 0 16.50 0.000 0 0 -6.67
20:16:25 D 54095 0 16.65 0.000 0 0 -6.67
20:16:25 D 54195 0 16.47 0.000 0 0 -6.67
20:16:25 D 54295 0 16.67 0.000 0 0 -6.67
20:16:25 D 54395 0 16.51 0.000 0 0 -6.67
20:16:25 D 54495 0 16.67 0.000 0 0 -6.67
20:16:25 D 54595 0 16.57 0.000 0 0 -6.67
20:16:25 D 54695 0 16.63 0.000 0 0 -6.67
20:16:26 D 54795 0 16.62 0.000 0 0 -6.67
20:16:26 D 54895 0 16.57 0.000 0 0 -6.67
20:16:26 D 54995 0 16.68 0.000 0 0 -6.67
20:16:26 D 55095 0 16.57 0.000 0 0 -6.67
20:16:26 D 55195 0 16.66 0.000 0 0 -6.67
20:16:26 D 55295 0 16.63 0.000 0 0 -6.67
20:16:26 D 55395 0 16.63 0.000 0 0 -6.67
20:16:26 D 55495 0 16.62 0.000 0 0 -6.67
20:16:26 D 55595 0 16.60 0.000 0 0 -6.67
20:16:26 D 55695 0 16.65 0.000 0 0 -6.67
20:16:27 D 55795 0 16.58 0.000 0 0 -6.67
20:16:27 D 55895 0 16.65 0.000 0 0 -6.67
20:16:27 D 55995 0 16.59 0.000 0 0 -6.67
20:16:27 D 56095 0 16.66 0.000 0 0 -6.67
20:16:27 D 56195 0 16.60 0.000 0 0 -6.67
20:16:27 D 56295 0 16.62 0.000 0 0 -6.67
20:16:27 D 56395 0 16.63 0.000 0 0 -6.67
20:16:27 D 56495 0 16.65 0.000 0 0 -6.67
20:16:27 D 56595 0 16.64 0.000 0 0 -6.67
20:16:27 D 56695 0 16.61 0.000 0 0 -6.67
20:16:28 D 56795 0 16.67 0.000 0 0 -6.67
20:16:28 D 56895 0 16.60 0.000 0 0 -6.67
20:16:28 D 56995 0 16.66 0.000 0 0 -6.67
20:16:28 D 57095 0 16.63 0.000 0 0 -6.67
20:16:28 D 57195 0 16.61 0.000 0 0 -6.67
20:16:28 D 57295 0 16.67 0.000 0 0 -6.67
20:16:28 D 57395 0 16.70 0.000 0 0 -6.67
20:16:28 D 57495 0 16.62 0.000 0 0 -6.67
20:16:28 D 57595 0 16.68 0.000 0 0 -6.67
20:16:28 D 57695 0 16.70 0.000 0 0 -6.67
20:16:29 D 57795 0 16.61 0.000 0 0 -6.67
20:16:29 D 57895 0 16.74 0.000 0 0 -6.67
20:16:29 D 57995 0 16.60 0.000 0 0 -6.67
20:16:29 D 58095 0 16.69 0.000 0 0 -6.67
20:16:29 D 58195 0 16.64 0.000 0 0 -6.67
20:16:29 D 58295 0 16.64 0.000 0 0 -6.67
20:16:29 D 58395 0 16.62 0.000 0 0 -6.67
20:16:29 D 58495 0 16.66 0.000 0 0 -6.67
20:16:29 D 58595 0 16.62 0.000 0 0 -6.67
20:16:29 D 58695 0 16.63 0.000 0 0 -6.67
20:16:30 D 58795 0 16.63 0.000 0 0 -6.67
20:16:30 D 58895 0 16.65 0.000 0 0 -6.67
20:16:30 D 58995 0 16.63 0.000 0 0 -6.67
20:16:30 D 59095 0 16.64 0.000 0 0 -6.67
20:16:30 D 59195 0 16.66 0.000 0 0 -6.67
20:16:30 D 59295 0 16.62 0.000 0 0 -6.67
20:16:30 D 59395 0 16.65 0.000 0 0 -6.67
20:16:30 D 59495 0 16.57 0.000 0 0 -6.67
20:16:30 D 59595 0 16.62 0.000 0 0 -6.67
20:16:30 D 59695 0 16.56 0.000 0 0 -6.67
20:16:31 D 59795 0 16.58 0.000 0 0 -6.67
20:16:31 D 59895 0 16.57 0.000 0 0 -6.67
20:16:31 D 59995 0 16.55 0.000 0 0 -6.67
20:16:31 D 60095 0 16.58 0.000 0 0 -6.67
20:16:31 D 60195 0 16.56 0.000 0 0 -6.67
20:16:31 D 60295 0 16.59 0.000 0 0 -6.67
20:16:31 D 60395 0 16.56 0.000 0 0 -6.67
20:16:31 D 60495 0 16.58 0.000 0 0 -6.67
20:16:31 D 60595 0 16.56 0.000 0 0 -6.67
20:16:31 D 60695 0 16.54 0.000 0 0 -6.67
20:16:32 D 60795 0 16.58 0.000 0 0 -6.67
20:16:32 D 60895 0 16.55 0.000 0 0 -6.67
20:16:32 D 60995 0 16.62 0.000 0 0 -6.67
20:16:32 D 61095 0 16.54 0.000 0 0 -6.67
20:16:32 D 61195 0 16.64 0.000 0 0 -6.67
20:16:32 D 61295 0 16.56 0.000 0 0 -6.67
20:16:32 D 61395 0 16.60 0.000 0 0 -6.67
20:16:32 D 61495 0 16.60 0.000 0 0 -6.67
20:16:32 D 61595 0 16.57 0.000 0 0 -6.67
20:16:32 D 61695 0 16.63 0.000 0 0 -6.67
20:16:33 D 61795 0 16.55 0.000 0 0 -6.67
20:16:33 D 61895 0 16.67 0.000 0 0 -6.67
20:16:33 D 61995 0 16.53 0.000 0 0 -6.67
20:16:33 D 62095 0 16.67 0.000 0 0 -6.67
20:16:33 D 62195 0 16.54 0.000 0 0 -6.67
20:16:33 D 62295 0 16.69 0.000 0 0 -6.67
20:16:33 D 62395 0 16.60 0.000 0 0 -6.67
20:16:33 D 62495 0 16.65 0.000 0 0 -6.67
20:16:33 D 62595 0 16.65 0.000 0 0 -6.67
20:16:33 D 62695 0 16.62 0.000 0 0 -6.67
20:16:34 D 62795 0 16.67 0.000 0 0 -6.67
20:16:34 D 62895 0 16.63 0.000 0 0 -6.67
20:16:34 D 62995 0 16.71 0.000 0 0 -6.67
20:16:34 D 63095 0 16.65 0.000 0 0 -6.67
20:16:34 D 63195 0 16.76 0.000 0 0 -6.67
20:16:34 D 63295 0 16.72 0.000 0 0 -6.67
20:16:34 D 63395 0 16.78 0.000 0 0 -6.67
20:16:34 D 63495 0 16.71 0.000 0 0 -6.67
20:16:34 D 63595 0 16.74 0.000 0 0 -6.67
20:16:34 D 63695 0 16.76 0.000 0 0 -6.67
20:16:35 D 63795 0 16.68 0.000 0 0 -6.67
20:16:35 D 63895 0 16.89 0.000 0 0 -6.67
20:16:35 D 63995 0 16.74 0.000 0 0 -6.67
20:16:35 D 64095 0 16.90 0.000 0 0 -6.67
20:16:35 D 64195 0 16.84 0.000 0 0 -6.67
20:16:35 D 64295 0 16.86 0.000 0 0 -6.67
20:16:35 D 64395 0 16.86 0.000 0 0 -6.67
20:16:35 D 64495 0 16.87 0.000 0 0 -6.67
20:16:35 D 64595 0 16.92 0.000 0 0 -6.67
20:16:35 D 64695 0 16.87 0.000 0 0 -6.67
20:16:36 D 64795 0 16.91 0.000 0 0 -6.67
20:16:36 D 64895 0 16.87 0.000 0 0 -6.67
20:16:36 D 64995 0 16.82 0.000 0 0 -6.67
20:16:36 D 65095 0 16.81 0.000 0 0 -6.67
20:16:36 D 65195 0 16.79 0.000 0 0 -6.67
20:16:36 D 65295 0 16.74 0.000 0 0 -6.67
20:16:36 D 65395 0 16.59 0.000 0 0 -6.67
20:16:36 D 65495 0 16.65 0.000 0 0 -6.67
20:16:36 D 65595 0 16.69 0.000 0 0 -6.67
20:16:36 D 65695 0 16.74 0.000 0 0 -6.67
20:16:37 D 65795 0 16.77 0.000 0 0 -6.67
20:16:37 D 65895 0 16.75 0.000 0 0 -6.67
20:16:37 D 65995 0 16.92 0.000 0 0 -6.67
20:16:37 D 66095 0 16.85 0.000 0 0 -6.67
20:16:37 D 66195 0 16.91 0.000 0 0 -6.67
20:16:37 D 66295 0 16.86 0.000 0 0 -6.67
20:16:37 D 66395 0 16.89 0.000 0 0 -6.67
20:16:37 D 66495 0 16.87 0.000 0 0 -6.67
20:16:37 D 66595 0 16.92 0.000 0 0 -6.67
20:16:37 D 66695 0 16.85 0.000 0 0 -6.67
20:16:38 D 66795 0 16.85 0.000 0 0 -6.67
20:16:38 D 66895 0 16.88 0.000 0 0 -6.67
20:16:38 D 66995 0 16.88 0.000 0 0 -6.67
20:16:38 D 67095 0 16.99 0.000 0 0 -6.67
20:16:38 D 67195 0 17.10 0.000 0 0 -6.67
20:16:38 D 67295 0 17.24 0.000 0 0 -6.67
20:16:38 D 67395 0 17.27 0.000 0 0 -6.67
20:16:38 D 67495 0 17.15 0.000 0 0 -6.67
20:16:38 D 67595 0 16.90 0.000 0 0 -6.67
20:16:38 D 67695 0 16.95 0.000 0 0 -6.67
20:16:39 D 67795 0 16.86 0.000 0 0 -6.67
20:16:39 D 67895 0 16.67 0.000 0 0 -6.67
20:16:39 D 67995 0 16.64 0.000 0 0 -6.67
20:16:39 D 68095 0 16.61 0.000 0 0 -6.67
20:16:39 D 68195 0 16.63 0.000 0 0 -6.67
20:16:39 D 68295 0 16.61 0.000 0 0 -6.67
20:16:39 D 68395 0 16.61 0.000 0 0 -6.67
20:16:39 D 68495 0 16.66 0.000 0 0 -6.67
20:16:39 D 68595 0 16.62 0.000 0 0 -6.67
20:16:39 D 68695 0 16.67 0.000 0 0 -6.67
20:16:40 D 68795 0 16.70 0.000 0 0 -6.67
20:16:40 D 68895 0 16.70 0.000 0 0 -6.67
20:16:40 D 68995 0 16.71 0.000 0 0 -6.67
20:16:40 D 69095 0 16.74 0.000 0 0 -6.67
20:16:40 D 69195 0 16.70 0.000 0 0 -6.67
20:16:40 D 69295 0 16.73 0.000 0 0 -6.67
20:16:40 D 69395 0 16.72 0.000 0 0 -6.67
20:16:40 D 69495 0 16.73 0.000 0 0 -6.67
20:16:40 D 69595 0 16.74 0.000 0 0 -6.67
20:16:40 D 69695 0 16.75 0.000 0 0 -6.67
20:16:41 D 69795 0 16.70 0.000 0 0 -6.67
20:16:41 D 69895 0 16.79 0.000 0 0 -6.67
20:16:41 D 69995 0 16.74 0.000 0 0 -6.67
20:16:41 D 70095 0 16.77 0.000 0 0 -6.67
20:16:41 D 70195 0 16.76 0.000 0 0 -6.67
20:16:41 D 70295 0 16.75 0.000 0 0 -6.67
20:16:41 D 70395 0 16.81 0.000 0 0 -6.67
20:16:41 D 70495 0 16.71 0.000 0 0 -6.67
20:16:41 D 70595 0 16.86 0.000 0 0 -6.67
20:16:41 D 70695 0 16.76 0.000 0 0 -6.67
20:16:42 D 70795 0 16.78 0.000 0 0 -6.67
20:16:42 D 70895 0 16.83 0.000 0 0 -6.67
20:16:42 D 70995 0 16.77 0.000 0 0 -6.67
20:16:42 D 71095 0 16.83 0.000 0 0 -6.67
20:16:42 D 71195 0 16.79 0.000 0 0 -6.67
20:16:42 D 71295 0 16.80 0.000 0 0 -6.67
20:16:42 D 71395 0 16.80 0.000 0 0 -6.67
20:16:42 D 71495 0 16.79 0.000 0 0 -6.67
20:16:42 D 71595 0 16.73 0.000 0 0 -6.67
20:16:42 D 71695 0 16.92 0.000 0 0 -6.67
20:16:43 D 71795 0 16.77 0.000 0 0 -6.67
20:16:43 D 71895 0 16.85 0.000 0 0 -6.67
20:16:43 D 71995 0 16.68 0.000 0 0 -6.67
20:16:43 D 72095 0 16.44 0.000 0 0 -6.67
20:16:43 D 72195 0 16.49 0.000 0 0 -6.67
20:16:43 D 72295 0 16.32 0.000 0 0 -6.67
20:16:43 D 72395 0 15.90 0.000 0 0 -6.67
20:16:43 D 72495 0 15.30 0.000 0 0 -6.67
20:16:43 D 72595 0 15.05 0.000 0 0 -6.67
20:16:43 D 72695 0 15.21 0.000 0 0 -6.67
20:16:44 D 72795 0 15.11 0.000 0 0 -6.67
20:16:44 D 72895 0 15.29 0.000 0 0 -6.67
20:16:44 D 72995 0 15.12 0.000 0 0 -6.67
20:16:44 D 73095 0 15.00 0.000 0 0 -6.67
20:16:44 D 73195 0 15.20 0.000 0 0 -6.67
20:16:44 D 73295 0 15.47 0.000 0 0 -6.67
20:16:44 D 73395 0 15.42 0.000 0 0 -6.67
20:16:44 D 73495 0 15.16 0.000 0 0 -6.67
20:16:44 D 73595 0 15.90 0.000 0 0 -6.67
20:16:44 D 73695 0 16.44 0.000 0 0 -6.67
20:16:45 D 73795 0 16.52 0.000 0 0 -6.67
20:16:45 D 73895 0 16.67 0.000 0 0 -6.67
20:16:45 D 73995 0 14.68 0.000 0 0 -6.67
20:16:45 D 74095 0 14.58 0.000 0 0 -6.67
20:16:45 D 74195 0 15.42 0.000 0 0 -6.67
20:16:45 D 74295 0 14.14 0.000 0 0 -6.67
20:16:45 D 74395 0 12.54 0.000 0 0 -6.67
20:16:45 D 74495 0 11.44 0.000 0 0 -6.67
20:16:45 D 74595 0 11.87 0.000 0 0 -6.67
20:16:45 D 74695 0 12.20 0.000 0 0 -6.67
20:16:46 D 74795 0 12.33 0.000 0 0 -6.67
20:16:46 pitch zero now -1.67 deg
20:16:46 D 74895 0 7.16 0.000 0 0 -1.67
20:16:46 D 74995 0 7.09 0.000 0 0 -1.67
20:16:46 D 75095 0 7.65 0.000 0 0 -1.67
20:16:46 D 75195 0 8.33 0.000 0 0 -1.67
20:16:46 D 75295 0 8.94 0.000 0 0 -1.67
20:16:46 D 75395 0 9.68 0.000 0 0 -1.67
20:16:46 D 75495 0 10.50 0.000 0 0 -1.67
20:16:46 D 75595 0 10.34 0.000 0 0 -1.67
20:16:46 D 75695 0 10.27 0.000 0 0 -1.67
20:16:47 D 75795 0 10.23 0.000 0 0 -1.67
20:16:47 D 75895 0 10.33 0.000 0 0 -1.67
20:16:47 D 75995 0 10.26 0.000 0 0 -1.67
20:16:47 D 76095 0 10.34 0.000 0 0 -1.67
20:16:47 D 76195 0 10.40 0.000 0 0 -1.67
20:16:47 D 76295 0 10.51 0.000 0 0 -1.67
20:16:47 D 76395 0 10.64 0.000 0 0 -1.67
20:16:47 D 76495 0 10.59 0.000 0 0 -1.67
20:16:47 D 76595 0 10.71 0.000 0 0 -1.67
20:16:47 D 76695 0 10.75 0.000 0 0 -1.67
20:16:48 D 76795 0 10.90 0.000 0 0 -1.67
20:16:48 D 76895 0 10.92 0.000 0 0 -1.67
20:16:48 D 76995 0 10.88 0.000 0 0 -1.67
20:16:48 D 77095 0 10.89 0.000 0 0 -1.67
20:16:48 D 77195 0 10.88 0.000 0 0 -1.67
20:16:48 D 77295 0 10.94 0.000 0 0 -1.67
20:16:48 D 77395 0 10.94 0.000 0 0 -1.67
20:16:48 D 77495 0 10.95 0.000 0 0 -1.67
20:16:48 D 77595 0 10.94 0.000 0 0 -1.67
20:16:49 D 77695 0 10.95 0.000 0 0 -1.67
20:16:49 D 77795 0 10.87 0.000 0 0 -1.67
20:16:49 D 77895 0 11.09 0.000 0 0 -1.67
20:16:49 D 77995 0 11.01 0.000 0 0 -1.67
20:16:49 D 78095 0 11.09 0.000 0 0 -1.67
20:16:49 D 78195 0 11.02 0.000 0 0 -1.67
20:16:49 D 78295 0 10.76 0.000 0 0 -1.67
20:16:49 D 78395 0 10.60 0.000 0 0 -1.67
20:16:49 D 78495 0 10.51 0.000 0 0 -1.67
20:16:49 D 78595 0 10.03 0.000 0 0 -1.67
20:16:49 D 78695 0 9.48 0.000 0 0 -1.67
20:16:50 D 78795 0 9.22 0.000 0 0 -1.67
20:16:50 D 78895 0 9.80 0.000 0 0 -1.67
20:16:50 D 78995 0 10.08 0.000 0 0 -1.67
20:16:50 D 79095 0 9.28 0.000 0 0 -1.67
20:16:50 D 79195 0 9.60 0.000 0 0 -1.67
20:16:50 D 79295 0 10.17 0.000 0 0 -1.67
20:16:50 D 79395 0 10.35 0.000 0 0 -1.67
20:16:50 D 79495 0 10.16 0.000 0 0 -1.67
20:16:50 D 79595 0 10.01 0.000 0 0 -1.67
20:16:50 D 79695 0 10.23 0.000 0 0 -1.67
20:16:51 D 79795 0 10.24 0.000 0 0 -1.67
20:16:51 D 79895 0 10.38 0.000 0 0 -1.67
20:16:51 D 79995 0 10.39 0.000 0 0 -1.67
20:16:51 D 80095 0 9.63 0.000 0 0 -1.67
20:16:51 D 80195 0 8.46 0.000 0 0 -1.67
20:16:51 D 80295 0 7.16 0.000 0 0 -1.67
20:16:51 D 80395 0 7.00 0.000 0 0 -1.67
20:16:51 D 80495 0 7.33 0.000 0 0 -1.67
20:16:51 D 80595 0 7.13 0.000 0 0 -1.67
20:16:52 D 80695 0 7.00 0.000 0 0 -1.67
20:16:52 D 80795 0 7.04 0.000 0 0 -1.67
20:16:52 pitch zero now 3.23 deg
20:16:52 D 80895 0 2.07 0.000 0 0 3.23
20:16:52 D 80995 0 2.40 0.000 0 0 3.23
20:16:52 D 81095 0 3.52 0.000 0 0 3.23
20:16:52 D 81195 0 4.37 0.000 0 0 3.23
20:16:52 D 81295 0 4.35 0.000 0 0 3.23
20:16:52 D 81395 0 4.29 0.000 0 0 3.23
20:16:52 D 81495 0 4.34 0.000 0 0 3.23
20:16:52 D 81595 0 4.19 0.000 0 0 3.23
20:16:53 D 81695 0 4.21 0.000 0 0 3.23
20:16:53 D 81795 0 4.23 0.000 0 0 3.23
20:16:53 D 81895 0 4.29 0.000 0 0 3.23
20:16:53 D 81995 0 4.34 0.000 0 0 3.23
20:16:53 D 82095 0 4.29 0.000 0 0 3.23
20:16:53 D 82195 0 4.41 0.000 0 0 3.23
20:16:53 D 82295 0 4.54 0.000 0 0 3.23
20:16:53 D 82395 0 4.50 0.000 0 0 3.23
20:16:53 D 82495 0 4.52 0.000 0 0 3.23
20:16:53 D 82595 0 4.61 0.000 0 0 3.23
20:16:54 D 82695 0 4.67 0.000 0 0 3.23
20:16:54 D 82795 0 4.62 0.000 0 0 3.23
20:16:54 D 82895 0 4.81 0.000 0 0 3.23
20:16:54 D 82995 0 4.86 0.000 0 0 3.23
20:16:54 D 83095 0 4.84 0.000 0 0 3.23
20:16:54 D 83195 0 4.90 0.000 0 0 3.23
20:16:54 D 83295 0 4.86 0.000 0 0 3.23
20:16:54 D 83395 0 4.98 0.000 0 0 3.23
20:16:54 D 83495 0 5.55 0.000 0 0 3.23
20:16:54 D 83595 0 6.10 0.000 0 0 3.23
20:16:55 D 83695 0 6.05 0.000 0 0 3.23
20:16:55 D 83795 0 5.93 0.000 0 0 3.23
20:16:55 D 83895 0 6.08 0.000 0 0 3.23
20:16:55 D 83995 0 6.03 0.000 0 0 3.23
20:16:55 D 84095 0 6.00 0.000 0 0 3.23
20:16:55 D 84195 0 6.00 0.000 0 0 3.23
20:16:55 D 84295 0 6.01 0.000 0 0 3.23
20:16:55 D 84395 0 6.04 0.000 0 0 3.23
20:16:55 D 84495 0 6.09 0.000 0 0 3.23
20:16:55 D 84595 0 6.18 0.000 0 0 3.23
20:16:56 D 84695 0 6.12 0.000 0 0 3.23
20:16:56 D 84795 0 6.15 0.000 0 0 3.23
20:16:56 D 84895 0 6.17 0.000 0 0 3.23
20:16:56 D 84995 0 6.19 0.000 0 0 3.23
20:16:56 D 85095 0 6.13 0.000 0 0 3.23
20:16:56 D 85195 0 6.14 0.000 0 0 3.23
20:16:56 D 85295 0 6.11 0.000 0 0 3.23
20:16:56 D 85395 0 6.17 0.000 0 0 3.23
20:16:56 D 85495 0 6.18 0.000 0 0 3.23
20:16:56 D 85595 0 6.18 0.000 0 0 3.23
20:16:57 D 85695 0 6.21 0.000 0 0 3.23
20:16:57 D 85795 0 6.21 0.000 0 0 3.23
20:16:57 D 85895 0 6.21 0.000 0 0 3.23
20:16:57 D 85995 0 6.22 0.000 0 0 3.23
20:16:57 D 86095 0 6.16 0.000 0 0 3.23
20:16:57 D 86195 0 6.25 0.000 0 0 3.23
20:16:57 D 86295 0 6.19 0.000 0 0 3.23
20:16:57 D 86395 0 6.21 0.000 0 0 3.23
20:16:57 D 86495 0 6.23 0.000 0 0 3.23
20:16:57 D 86595 0 6.18 0.000 0 0 3.23
20:16:57 D 86695 0 6.25 0.000 0 0 3.23
20:16:58 D 86795 0 6.19 0.000 0 0 3.23
20:16:58 D 86895 0 6.30 0.000 0 0 3.23
20:16:58 D 86995 0 6.30 0.000 0 0 3.23
20:16:58 D 87095 0 6.45 0.000 0 0 3.23
20:16:58 D 87195 0 6.59 0.000 0 0 3.23
20:16:58 D 87295 0 6.52 0.000 0 0 3.23
20:16:58 D 87395 0 6.50 0.000 0 0 3.23
20:16:58 D 87495 0 6.36 0.000 0 0 3.23
20:16:58 D 87595 0 6.29 0.000 0 0 3.23
20:16:59 D 87695 0 6.14 0.000 0 0 3.23
20:16:59 D 87795 0 6.15 0.000 0 0 3.23
20:16:59 D 87895 0 6.11 0.000 0 0 3.23
20:16:59 D 87995 0 6.03 0.000 0 0 3.23
20:16:59 D 88095 0 6.15 0.000 0 0 3.23
20:16:59 D 88195 0 6.08 0.000 0 0 3.23
20:16:59 D 88295 0 6.05 0.000 0 0 3.23
20:16:59 D 88395 0 5.93 0.000 0 0 3.23
20:16:59 D 88495 0 6.02 0.000 0 0 3.23
20:16:59 D 88595 0 5.96 0.000 0 0 3.23
20:17:00 D 88695 0 5.81 0.000 0 0 3.23
20:17:00 D 88795 0 5.81 0.000 0 0 3.23
20:17:00 D 88895 0 5.72 0.000 0 0 3.23
20:17:00 D 88995 0 5.74 0.000 0 0 3.23
20:17:00 D 89095 0 5.76 0.000 0 0 3.23
20:17:00 D 89195 0 5.69 0.000 0 0 3.23
20:17:00 D 89295 0 5.56 0.000 0 0 3.23
20:17:00 D 89395 0 5.35 0.000 0 0 3.23
20:17:00 D 89495 0 4.52 0.000 0 0 3.23
20:17:00 D 89595 0 4.50 0.000 0 0 3.23
20:17:00 D 89695 0 4.93 0.000 0 0 3.23
20:17:01 D 89795 0 4.87 0.000 0 0 3.23
20:17:01 D 89895 0 4.88 0.000 0 0 3.23
20:17:01 D 89995 0 4.99 0.000 0 0 3.23
20:17:01 D 90095 0 4.60 0.000 0 0 3.23
20:17:01 D 90195 0 4.41 0.000 0 0 3.23
20:17:01 D 90295 0 5.05 0.000 0 0 3.23
20:17:01 D 90395 0 5.51 0.000 0 0 3.23
20:17:01 D 90495 0 5.72 0.000 0 0 3.23
20:17:01 D 90595 0 4.96 0.000 0 0 3.23
20:17:02 D 90695 0 4.87 0.000 0 0 3.23
20:17:02 D 90795 0 5.04 0.000 0 0 3.23
20:17:02 D 90895 0 5.10 0.000 0 0 3.23
20:17:02 D 90995 0 5.03 0.000 0 0 3.23
20:17:02 D 91095 0 5.41 0.000 0 0 3.23
20:17:02 D 91195 0 5.56 0.000 0 0 3.23
20:17:02 D 91295 0 5.74 0.000 0 0 3.23
20:17:02 D 91395 0 5.58 0.000 0 0 3.23
20:17:02 D 91495 0 5.66 0.000 0 0 3.23
20:17:02 D 91595 0 5.40 0.000 0 0 3.23
20:17:03 D 91695 0 5.20 0.000 0 0 3.23
20:17:03 D 91795 0 4.48 0.000 0 0 3.23
20:17:03 D 91895 0 3.28 0.000 0 0 3.23
20:17:03 D 91995 0 4.54 0.000 0 0 3.23
20:17:03 D 92095 0 5.07 0.000 0 0 3.23
20:17:03 D 92195 0 4.81 0.000 0 0 3.23
20:17:03 D 92295 0 4.92 0.000 0 0 3.23
20:17:03 D 92395 0 5.13 0.000 0 0 3.23
20:17:03 D 92495 0 5.39 0.000 0 0 3.23
20:17:03 D 92595 0 5.48 0.000 0 0 3.23
20:17:04 D 92695 0 5.10 0.000 0 0 3.23
20:17:04 D 92795 0 4.69 0.000 0 0 3.23
20:17:04 D 92895 0 5.13 0.000 0 0 3.23
20:17:04 D 92995 0 4.99 0.000 0 0 3.23
20:17:04 D 93095 0 4.87 0.000 0 0 3.23
20:17:04 D 93195 0 4.65 0.000 0 0 3.23
20:17:04 D 93295 0 5.26 0.000 0 0 3.23
20:17:04 D 93395 0 4.96 0.000 0 0 3.23
20:17:04 D 93495 0 5.05 0.000 0 0 3.23
20:17:04 D 93595 0 5.17 0.000 0 0 3.23
20:17:05 D 93695 0 5.27 0.000 0 0 3.23
20:17:05 D 93795 0 5.09 0.000 0 0 3.23
20:17:05 D 93895 0 5.24 0.000 0 0 3.23
20:17:05 D 93995 0 5.64 0.000 0 0 3.23
20:17:05 D 94095 0 5.36 0.000 0 0 3.23
20:17:05 D 94195 0 5.56 0.000 0 0 3.23
20:17:05 D 94295 0 5.55 0.000 0 0 3.23
20:17:05 D 94395 0 5.57 0.000 0 0 3.23
20:17:05 D 94495 0 5.50 0.000 0 0 3.23
20:17:05 D 94595 0 5.34 0.000 0 0 3.23
20:17:06 D 94695 0 5.20 0.000 0 0 3.23
20:17:06 D 94795 0 5.46 0.000 0 0 3.23
20:17:06 D 94895 0 5.35 0.000 0 0 3.23
20:17:06 D 94995 0 5.48 0.000 0 0 3.23
20:17:06 D 95095 0 5.47 0.000 0 0 3.23
20:17:06 D 95195 0 5.40 0.000 0 0 3.23
20:17:06 D 95295 0 5.33 0.000 0 0 3.23
20:17:06 D 95395 0 5.39 0.000 0 0 3.23
20:17:06 D 95495 0 5.42 0.000 0 0 3.23
20:17:06 D 95595 0 5.36 0.000 0 0 3.23
20:17:07 D 95695 0 5.43 0.000 0 0 3.23
20:17:07 D 95795 0 5.36 0.000 0 0 3.23
20:17:07 D 95895 0 5.38 0.000 0 0 3.23
20:17:07 D 95995 0 5.36 0.000 0 0 3.23
20:17:07 D 96095 0 5.34 0.000 0 0 3.23
20:17:07 D 96195 0 5.19 0.000 0 0 3.23
20:17:07 D 96295 0 5.24 0.000 0 0 3.23
20:17:07 D 96395 0 4.97 0.000 0 0 3.23
20:17:07 D 96495 0 5.17 0.000 0 0 3.23
20:17:07 D 96595 0 5.14 0.000 0 0 3.23
20:17:08 D 96695 0 5.19 0.000 0 0 3.23
20:17:08 D 96795 0 4.80 0.000 0 0 3.23
20:17:08 D 96895 0 5.13 0.000 0 0 3.23
20:17:08 D 96995 0 6.23 0.000 0 0 3.23
20:17:08 D 97095 0 8.29 0.000 0 0 3.23
20:17:08 D 97195 0 7.69 0.000 0 0 3.23
20:17:08 D 97295 0 6.96 0.000 0 0 3.23
20:17:08 D 97395 0 7.53 0.000 0 0 3.23
20:17:08 D 97495 0 7.34 0.000 0 0 3.23
20:17:08 D 97595 0 5.97 0.000 0 0 3.23
20:17:09 D 97695 0 6.18 0.000 0 0 3.23
20:17:09 D 97795 0 7.41 0.000 0 0 3.23
20:17:09 D 97895 0 6.88 0.000 0 0 3.23
20:17:09 D 97995 0 7.16 0.000 0 0 3.23
20:17:09 D 98095 0 7.31 0.000 0 0 3.23
20:17:09 D 98195 0 7.06 0.000 0 0 3.23
20:17:09 D 98295 0 7.35 0.000 0 0 3.23
20:17:09 D 98395 0 7.14 0.000 0 0 3.23
20:17:09 D 98495 0 6.99 0.000 0 0 3.23
20:17:09 D 98595 0 7.29 0.000 0 0 3.23
20:17:10 D 98695 0 6.59 0.000 0 0 3.23
20:17:10 D 98795 0 6.67 0.000 0 0 3.23
20:17:10 D 98895 0 6.91 0.000 0 0 3.23
20:17:10 D 98995 0 7.33 0.000 0 0 3.23
20:17:10 D 99095 0 7.53 0.000 0 0 3.23
20:17:10 D 99195 0 7.42 0.000 0 0 3.23
20:17:10 D 99295 0 8.00 0.000 0 0 3.23
20:17:10 D 99395 0 8.82 0.000 0 0 3.23
20:17:10 D 99495 0 8.66 0.000 0 0 3.23
20:17:10 D 99595 0 8.54 0.000 0 0 3.23
20:17:11 D 99695 0 8.52 0.000 0 0 3.23
20:17:11 D 99795 0 8.35 0.000 0 0 3.23
20:17:11 D 99895 0 8.53 0.000 0 0 3.23
20:17:11 D 99995 0 8.46 0.000 0 0 3.23
20:17:11 D 100095 0 8.57 0.000 0 0 3.23
20:17:11 D 100195 0 8.53 0.000 0 0 3.23
20:17:11 D 100295 0 8.58 0.000 0 0 3.23
20:17:11 D 100395 0 8.54 0.000 0 0 3.23
20:17:11 D 100495 0 8.56 0.000 0 0 3.23
20:17:11 D 100595 0 8.56 0.000 0 0 3.23
20:17:12 D 100695 0 8.60 0.000 0 0 3.23
20:17:12 D 100795 0 8.61 0.000 0 0 3.23
20:17:12 D 100895 0 8.59 0.000 0 0 3.23
20:17:12 D 100995 0 8.48 0.000 0 0 3.23
20:17:12 D 101095 0 8.56 0.000 0 0 3.23
20:17:12 D 101195 0 8.57 0.000 0 0 3.23
20:17:12 D 101295 0 8.58 0.000 0 0 3.23
20:17:12 D 101395 0 8.52 0.000 0 0 3.23
20:17:12 D 101495 0 8.56 0.000 0 0 3.23
20:17:12 D 101595 0 8.59 0.000 0 0 3.23
20:17:13 D 101695 0 8.55 0.000 0 0 3.23
20:17:13 D 101795 0 8.58 0.000 0 0 3.23
20:17:13 D 101895 0 8.62 0.000 0 0 3.23
20:17:13 D 101995 0 8.55 0.000 0 0 3.23
20:17:13 D 102095 0 8.62 0.000 0 0 3.23
20:17:13 D 102195 0 8.50 0.000 0 0 3.23
20:17:13 D 102295 0 8.51 0.000 0 0 3.23
20:17:13 D 102395 0 8.53 0.000 0 0 3.23
20:17:13 D 102495 0 8.57 0.000 0 0 3.23
20:17:13 D 102595 0 8.56 0.000 0 0 3.23
20:17:14 D 102695 0 8.62 0.000 0 0 3.23
20:17:14 D 102795 0 8.61 0.000 0 0 3.23
20:17:14 D 102895 0 8.63 0.000 0 0 3.23
20:17:14 D 102995 0 8.61 0.000 0 0 3.23
20:17:14 D 103095 0 8.61 0.000 0 0 3.23
20:17:14 D 103195 0 8.61 0.000 0 0 3.23
20:17:14 D 103295 0 8.62 0.000 0 0 3.23
20:17:14 D 103395 0 8.56 0.000 0 0 3.23
20:17:14 D 103495 0 8.62 0.000 0 0 3.23
20:17:14 D 103595 0 8.50 0.000 0 0 3.23
20:17:15 D 103695 0 8.56 0.000 0 0 3.23
20:17:15 D 103795 0 8.54 0.000 0 0 3.23
20:17:15 D 103895 0 8.51 0.000 0 0 3.23
20:17:15 D 103995 0 8.53 0.000 0 0 3.23
20:17:15 D 104095 0 8.51 0.000 0 0 3.23
20:17:15 D 104195 0 8.54 0.000 0 0 3.23
20:17:15 D 104295 0 8.53 0.000 0 0 3.23
20:17:15 D 104395 0 8.60 0.000 0 0 3.23
20:17:15 D 104495 0 8.59 0.000 0 0 3.23
20:17:15 D 104595 0 8.62 0.000 0 0 3.23
20:17:16 D 104695 0 8.58 0.000 0 0 3.23
20:17:16 D 104795 0 8.58 0.000 0 0 3.23
20:17:16 D 104895 0 8.58 0.000 0 0 3.23
20:17:16 D 104995 0 8.60 0.000 0 0 3.23
20:17:16 D 105095 0 8.57 0.000 0 0 3.23
20:17:16 D 105195 0 8.64 0.000 0 0 3.23
20:17:16 D 105295 0 8.63 0.000 0 0 3.23
20:17:16 D 105395 0 8.60 0.000 0 0 3.23
20:17:16 D 105495 0 8.65 0.000 0 0 3.23
20:17:16 D 105595 0 8.61 0.000 0 0 3.23
20:17:17 D 105695 0 8.70 0.000 0 0 3.23
20:17:17 D 105795 0 8.69 0.000 0 0 3.23
20:17:17 D 105895 0 8.70 0.000 0 0 3.23
20:17:17 D 105995 0 8.70 0.000 0 0 3.23
20:17:17 D 106095 0 8.70 0.000 0 0 3.23
20:17:17 D 106195 0 8.68 0.000 0 0 3.23
20:17:17 D 106295 0 8.68 0.000 0 0 3.23
20:17:17 D 106395 0 8.67 0.000 0 0 3.23
20:17:17 D 106495 0 8.70 0.000 0 0 3.23
20:17:17 D 106595 0 8.69 0.000 0 0 3.23
20:17:18 D 106695 0 8.70 0.000 0 0 3.23
20:17:18 D 106795 0 8.73 0.000 0 0 3.23
20:17:18 D 106895 0 8.74 0.000 0 0 3.23
20:17:18 D 106995 0 8.72 0.000 0 0 3.23
20:17:18 D 107095 0 8.72 0.000 0 0 3.23
20:17:18 D 107195 0 8.69 0.000 0 0 3.23
20:17:18 D 107295 0 8.69 0.000 0 0 3.23
20:17:18 D 107395 0 8.70 0.000 0 0 3.23
20:17:18 D 107495 0 8.72 0.000 0 0 3.23
20:17:18 D 107595 0 8.74 0.000 0 0 3.23
20:17:19 D 107695 0 8.77 0.000 0 0 3.23
20:17:19 D 107795 0 8.80 0.000 0 0 3.23
20:17:19 D 107895 0 8.72 0.000 0 0 3.23
20:17:19 D 107995 0 8.81 0.000 0 0 3.23
20:17:19 D 108095 0 8.66 0.000 0 0 3.23
20:17:19 D 108195 0 8.72 0.000 0 0 3.23
20:17:19 D 108295 0 8.68 0.000 0 0 3.23
20:17:19 D 108395 0 8.70 0.000 0 0 3.23
20:17:19 D 108495 0 8.80 0.000 0 0 3.23
20:17:19 D 108595 0 8.78 0.000 0 0 3.23
20:17:20 D 108695 0 8.81 0.000 0 0 3.23
20:17:20 D 108795 0 8.85 0.000 0 0 3.23
20:17:20 D 108895 0 8.80 0.000 0 0 3.23
20:17:20 D 108995 0 8.81 0.000 0 0 3.23
20:17:20 D 109095 0 8.78 0.000 0 0 3.23
20:17:20 D 109195 0 8.81 0.000 0 0 3.23
20:17:20 D 109295 0 8.77 0.000 0 0 3.23
20:17:20 D 109395 0 8.78 0.000 0 0 3.23
20:17:20 D 109495 0 8.86 0.000 0 0 3.23
20:17:20 D 109595 0 8.79 0.000 0 0 3.23
20:17:21 D 109695 0 8.85 0.000 0 0 3.23
20:17:21 D 109795 0 8.83 0.000 0 0 3.23
20:17:21 D 109895 0 8.81 0.000 0 0 3.23
20:17:21 D 109995 0 8.83 0.000 0 0 3.23
20:17:21 D 110095 0 8.79 0.000 0 0 3.23
20:17:21 D 110195 0 8.81 0.000 0 0 3.23
20:17:21 D 110295 0 8.80 0.000 0 0 3.23
20:17:21 D 110395 0 8.80 0.000 0 0 3.23
20:17:21 D 110495 0 8.79 0.000 0 0 3.23
20:17:21 D 110595 0 8.77 0.000 0 0 3.23
20:17:22 D 110695 0 8.77 0.000 0 0 3.23
20:17:22 D 110795 0 8.79 0.000 0 0 3.23
20:17:22 D 110895 0 8.79 0.000 0 0 3.23
20:17:22 D 110995 0 8.82 0.000 0 0 3.23
20:17:22 D 111095 0 8.83 0.000 0 0 3.23
20:17:22 D 111195 0 8.86 0.000 0 0 3.23
20:17:22 D 111295 0 8.92 0.000 0 0 3.23
20:17:22 D 111395 0 8.94 0.000 0 0 3.23
20:17:22 D 111495 0 8.96 0.000 0 0 3.23
20:17:22 D 111595 0 9.05 0.000 0 0 3.23
20:17:23 D 111695 0 8.97 0.000 0 0 3.23
20:17:23 D 111795 0 8.99 0.000 0 0 3.23
20:17:23 D 111895 0 8.94 0.000 0 0 3.23
20:17:23 D 111995 0 8.94 0.000 0 0 3.23
20:17:23 D 112095 0 8.90 0.000 0 0 3.23
20:17:23 D 112195 0 8.88 0.000 0 0 3.23
20:17:23 D 112295 0 8.69 0.000 0 0 3.23
20:17:23 D 112395 0 8.70 0.000 0 0 3.23
20:17:23 D 112495 0 8.72 0.000 0 0 3.23
20:17:23 D 112595 0 8.71 0.000 0 0 3.23
20:17:24 D 112695 0 8.74 0.000 0 0 3.23
20:17:24 D 112795 0 8.69 0.000 0 0 3.23
20:17:24 D 112895 0 8.67 0.000 0 0 3.23
20:17:24 D 112995 0 8.73 0.000 0 0 3.23
20:17:24 D 113095 0 8.80 0.000 0 0 3.23
20:17:24 D 113195 0 8.73 0.000 0 0 3.23
20:17:24 D 113295 0 8.76 0.000 0 0 3.23
20:17:24 D 113395 0 8.78 0.000 0 0 3.23
20:17:24 D 113495 0 8.73 0.000 0 0 3.23
20:17:24 D 113595 0 8.81 0.000 0 0 3.23
20:17:25 D 113695 0 8.77 0.000 0 0 3.23
20:17:25 D 113795 0 8.79 0.000 0 0 3.23
20:17:25 D 113895 0 8.79 0.000 0 0 3.23
20:17:25 D 113995 0 8.78 0.000 0 0 3.23
20:17:25 D 114095 0 8.87 0.000 0 0 3.23
20:17:25 D 114195 0 8.89 0.000 0 0 3.23
20:17:25 D 114295 0 8.89 0.000 0 0 3.23
20:17:25 D 114395 0 8.90 0.000 0 0 3.23
20:17:25 D 114495 0 8.95 0.000 0 0 3.23
20:17:25 D 114595 0 8.90 0.000 0 0 3.23
20:17:26 D 114695 0 8.94 0.000 0 0 3.23
20:17:26 D 114795 0 8.92 0.000 0 0 3.23
20:17:26 D 114895 0 8.91 0.000 0 0 3.23
20:17:26 D 114995 0 8.88 0.000 0 0 3.23
20:17:26 D 115095 0 8.97 0.000 0 0 3.23
20:17:26 D 115195 0 8.94 0.000 0 0 3.23
20:17:26 D 115295 0 8.96 0.000 0 0 3.23
20:17:26 D 115395 0 8.97 0.000 0 0 3.23
20:17:26 D 115495 0 8.98 0.000 0 0 3.23
20:17:26 D 115595 0 8.97 0.000 0 0 3.23
20:17:27 D 115695 0 9.01 0.000 0 0 3.23
20:17:27 D 115795 0 8.95 0.000 0 0 3.23
20:17:27 D 115895 0 8.91 0.000 0 0 3.23
20:17:27 D 115995 0 8.85 0.000 0 0 3.23
20:17:27 D 116095 0 8.85 0.000 0 0 3.23
20:17:27 D 116195 0 8.78 0.000 0 0 3.23
20:17:27 D 116295 0 8.93 0.000 0 0 3.23
20:17:27 D 116395 0 8.94 0.000 0 0 3.23
20:17:27 D 116495 0 8.91 0.000 0 0 3.23
20:17:27 D 116595 0 8.92 0.000 0 0 3.23
20:17:28 D 116695 0 9.04 0.000 0 0 3.23
20:17:28 D 116795 0 9.14 0.000 0 0 3.23
20:17:28 D 116895 0 9.08 0.000 0 0 3.23
20:17:28 D 116995 0 9.12 0.000 0 0 3.23
20:17:28 D 117095 0 9.16 0.000 0 0 3.23
20:17:28 D 117195 0 9.05 0.000 0 0 3.23
20:17:28 D 117295 0 9.02 0.000 0 0 3.23
20:17:28 D 117395 0 9.02 0.000 0 0 3.23
20:17:28 D 117495 0 8.89 0.000 0 0 3.23
20:17:28 D 117595 0 8.89 0.000 0 0 3.23
20:17:29 D 117695 0 8.85 0.000 0 0 3.23
20:17:29 D 117795 0 8.89 0.000 0 0 3.23
20:17:29 D 117895 0 8.87 0.000 0 0 3.23
20:17:29 D 117995 0 8.95 0.000 0 0 3.23
20:17:29 D 118095 0 8.98 0.000 0 0 3.23
20:17:29 D 118195 0 8.99 0.000 0 0 3.23
20:17:29 D 118295 0 9.02 0.000 0 0 3.23
20:17:29 D 118395 0 8.98 0.000 0 0 3.23
20:17:29 D 118495 0 9.05 0.000 0 0 3.23
20:17:29 D 118595 0 8.99 0.000 0 0 3.23
20:17:30 D 118695 0 9.01 0.000 0 0 3.23
20:17:30 D 118795 0 9.06 0.000 0 0 3.23
20:17:30 D 118895 0 8.99 0.000 0 0 3.23
20:17:30 D 118995 0 9.08 0.000 0 0 3.23
20:17:30 D 119095 0 8.94 0.000 0 0 3.23
20:17:30 D 119195 0 9.02 0.000 0 0 3.23
20:17:30 D 119295 0 8.91 0.000 0 0 3.23
20:17:30 D 119395 0 9.00 0.000 0 0 3.23
20:17:30 D 119495 0 8.89 0.000 0 0 3.23
20:17:30 D 119595 0 8.94 0.000 0 0 3.23
20:17:31 D 119695 0 8.92 0.000 0 0 3.23
20:17:31 D 119795 0 8.92 0.000 0 0 3.23
20:17:31 D 119895 0 8.92 0.000 0 0 3.23
20:17:31 D 119995 0 8.95 0.000 0 0 3.23
20:17:31 D 120095 0 8.96 0.000 0 0 3.23
20:17:31 D 120195 0 8.96 0.000 0 0 3.23
20:17:31 D 120295 0 8.97 0.000 0 0 3.23
20:17:31 D 120395 0 8.96 0.000 0 0 3.23
20:17:31 D 120495 0 8.97 0.000 0 0 3.23
20:17:31 D 120595 0 8.95 0.000 0 0 3.23
20:17:32 D 120695 0 8.96 0.000 0 0 3.23
20:17:32 D 120795 0 8.91 0.000 0 0 3.23
20:17:32 D 120895 0 8.95 0.000 0 0 3.23
20:17:32 D 120995 0 8.92 0.000 0 0 3.23
20:17:32 D 121095 0 8.97 0.000 0 0 3.23
20:17:32 D 121195 0 8.96 0.000 0 0 3.23
20:17:32 D 121295 0 9.01 0.000 0 0 3.23
20:17:32 D 121395 0 8.90 0.000 0 0 3.23
20:17:32 D 121495 0 9.10 0.000 0 0 3.23
20:17:32 D 121595 0 9.17 0.000 0 0 3.23
20:17:33 D 121695 0 9.20 0.000 0 0 3.23
20:17:33 D 121795 0 9.18 0.000 0 0 3.23
20:17:33 D 121895 0 9.29 0.000 0 0 3.23
20:17:33 D 121995 0 9.01 0.000 0 0 3.23
20:17:33 D 122095 0 9.04 0.000 0 0 3.23
20:17:33 D 122195 0 8.97 0.000 0 0 3.23
20:17:33 D 122295 0 8.97 0.000 0 0 3.23
20:17:33 D 122395 0 8.75 0.000 0 0 3.23
20:17:33 D 122495 0 8.59 0.000 0 0 3.23
20:17:33 D 122595 0 8.51 0.000 0 0 3.23
20:17:34 D 122695 0 8.62 0.000 0 0 3.23
20:17:34 D 122795 0 8.59 0.000 0 0 3.23
20:17:34 D 122895 0 8.58 0.000 0 0 3.23
20:17:34 D 122995 0 8.54 0.000 0 0 3.23
20:17:34 D 123095 0 8.57 0.000 0 0 3.23
20:17:34 D 123195 0 8.58 0.000 0 0 3.23
20:17:34 D 123295 0 8.54 0.000 0 0 3.23
20:17:34 D 123395 0 8.46 0.000 0 0 3.23
20:17:34 D 123495 0 8.54 0.000 0 0 3.23
20:17:34 D 123595 0 8.53 0.000 0 0 3.23
20:17:35 D 123695 0 8.88 0.000 0 0 3.23
20:17:35 D 123795 0 9.13 0.000 0 0 3.23
20:17:35 D 123895 0 8.98 0.000 0 0 3.23
20:17:35 D 123995 0 9.08 0.000 0 0 3.23
20:17:35 D 124095 0 8.98 0.000 0 0 3.23
20:17:35 D 124195 0 9.02 0.000 0 0 3.23
20:17:35 D 124295 0 9.00 0.000 0 0 3.23
20:17:35 D 124395 0 9.03 0.000 0 0 3.23
20:17:35 D 124495 0 9.05 0.000 0 0 3.23
20:17:35 D 124595 0 9.08 0.000 0 0 3.23
20:17:36 D 124695 0 9.07 0.000 0 0 3.23
20:17:36 D 124795 0 9.13 0.000 0 0 3.23
20:17:36 D 124895 0 9.04 0.000 0 0 3.23
20:17:36 D 124995 0 9.18 0.000 0 0 3.23
20:17:36 D 125095 0 9.09 0.000 0 0 3.23
20:17:36 D 125195 0 9.16 0.000 0 0 3.23
20:17:36 D 125295 0 9.16 0.000 0 0 3.23
20:17:36 D 125395 0 9.18 0.000 0 0 3.23
20:17:36 D 125495 0 9.16 0.000 0 0 3.23
20:17:36 D 125595 0 9.18 0.000 0 0 3.23
20:17:37 D 125695 0 9.16 0.000 0 0 3.23
20:17:37 D 125795 0 9.17 0.000 0 0 3.23
20:17:37 D 125895 0 9.21 0.000 0 0 3.23
20:17:37 D 125995 0 9.15 0.000 0 0 3.23
20:17:37 D 126095 0 9.21 0.000 0 0 3.23
20:17:37 D 126195 0 9.18 0.000 0 0 3.23
20:17:37 D 126295 0 9.21 0.000 0 0 3.23
20:17:37 D 126395 0 9.18 0.000 0 0 3.23
20:17:37 D 126495 0 9.18 0.000 0 0 3.23
20:17:37 D 126595 0 9.17 0.000 0 0 3.23
20:17:38 D 126695 0 9.28 0.000 0 0 3.23
20:17:38 D 126795 0 9.61 0.000 0 0 3.23
20:17:38 D 126895 0 11.19 0.000 0 0 3.23
20:17:38 D 126995 0 14.41 0.000 0 0 3.23
20:17:38 D 127095 0 14.77 0.000 0 0 3.23
20:17:38 D 127195 0 13.99 0.000 0 0 3.23
20:17:38 D 127295 0 15.25 0.000 0 0 3.23
20:17:38 D 127395 0 18.19 0.000 0 0 3.23
20:17:38 D 127495 0 15.70 0.000 0 0 3.23
20:17:38 D 127595 0 13.13 0.000 0 0 3.23
20:17:39 D 127695 0 1.97 0.000 0 0 3.23
20:17:39 D 127795 0 4.63 0.000 0 0 3.23
20:17:39 D 127895 0 2.83 0.000 0 0 3.23
20:17:39 D 127995 0 -0.09 0.000 0 0 3.23
20:17:39 D 128095 0 -2.09 0.000 0 0 3.23
20:17:39 D 128195 0 -2.39 0.000 0 0 3.23
20:17:39 D 128295 0 -2.03 0.000 0 0 3.23
20:17:39 D 128395 0 -2.18 0.000 0 0 3.23
20:17:39 D 128495 0 -1.26 0.000 0 0 3.23
20:17:39 D 128595 0 -2.34 0.000 0 0 3.23
20:17:40 D 128695 0 -2.12 0.000 0 0 3.23
20:17:40 D 128795 0 0.22 0.000 0 0 3.23
20:17:40 D 128895 0 2.24 0.000 0 0 3.23
20:17:40 D 128995 0 2.90 0.000 0 0 3.23
20:17:40 D 129095 0 0.50 0.000 0 0 3.23
20:17:40 D 129195 0 -0.57 0.000 0 0 3.23
20:17:40 D 129295 0 -1.76 0.000 0 0 3.23
20:17:40 D 129395 0 -1.41 0.000 0 0 3.23
20:17:40 D 129495 0 -1.45 0.000 0 0 3.23
20:17:40 D 129630 0 -1.84 0.000 0 0 3.23
20:17:41 D 129810 0 -2.08 0.000 0 0 3.23
20:17:41 D 129990 0 -1.26 0.000 0 0 3.23
20:17:41 D 130175 0 1.80 0.000 0 0 3.23
20:17:41 D 130355 0 0.60 0.000 0 0 3.23
20:17:41 D 130535 0 -0.63 0.000 0 0 3.23
20:17:42 D 130955 2 -0.85 0.019 1571 1584 3.23
20:17:42 D 131445 2 -0.73 0.020 1416 1541 3.23
20:17:43 D 131960 2 -0.91 0.023 1532 1503 3.23
20:17:43 D 132425 2 -0.12 0.001 1507 1486 3.23
20:17:44 D 132870 2 -0.34 0.001 1354 1413 3.23
20:17:44 D 133325 2 0.02 0.001 1497 1499 3.23
20:17:45 D 133760 2 0.13 -0.000 1449 1449 3.23
20:17:45 D 134200 2 0.29 0.001 1539 1494 3.23
20:17:46 D 134700 2 2.27 0.073 1700 1417 3.23
20:17:46 D 135225 2 -1.78 0.074 1557 1433 3.23
20:17:47 D 135740 2 -0.77 0.003 1487 1556 3.23
20:17:47 D 136250 2 0.87 -0.007 -1614 -1610 3.23
20:17:48 D 136770 2 -1.10 0.083 -1925 1424 3.23
20:17:48 D 137295 2 0.32 0.084 2141 1709 3.23
20:17:49 D 137825 2 -0.64 0.133 1317 -1366 3.23
20:17:49 D 138340 2 -1.90 0.079 -2013 -1674 3.23
20:17:50 D 138860 2 -4.00 -0.035 -1992 -1384 3.23
20:17:50 D 139375 2 -1.91 -0.095 1430 1305 3.23
20:17:51 D 139900 2 0.19 -0.092 1694 1741 3.23
20:17:51 D 140415 2 1.75 -0.060 1815 1882 3.23
20:17:52 D 140935 2 2.49 0.012 2566 1857 3.23
20:17:52 D 141445 2 3.10 0.046 2499 1557 3.23
20:17:53 D 141955 2 2.32 0.087 2341 1377 3.23
20:17:53 D 142475 2 1.00 0.079 1336 -1367 3.23
20:17:54 D 142995 2 -0.38 0.074 -1805 -1798 3.23
20:17:54 D 143510 2 -1.25 0.012 -2217 -1544 3.23
20:17:55 D 144030 2 -0.43 -0.058 1873 1643 3.23
20:17:55 D 144545 2 2.91 -0.006 2313 1756 3.23
20:17:56 D 145060 2 3.11 0.073 1439 1475 3.23
20:17:56 D 145575 2 2.92 0.079 1543 1318 3.23
20:17:57 D 146090 2 -2.37 -0.099 -1397 1466 3.23
20:17:57 D 146600 2 0.47 -0.033 2159 1738 3.23
20:17:58 D 147120 2 3.02 0.022 2572 1859 3.23
20:17:58 D 147635 2 2.31 0.066 1596 1623 3.23
20:17:59 D 148150 2 -9.77 -0.516 -2179 -2514 3.23
20:18:00 D 148635 0 -41.27 0.000 -2694 -2085 3.23
20:18:00 R 18085 1 39.6
20:18:00 E 0 -278 -8613 -488 -2270 -2554
20:18:00 E 1 -319 -9101 -494 -2310 -2607
20:18:00 E 2 -389 -9649 -493 -2228 -2686
20:18:00 E 3 -446 -7967 -483 -2100 -2712
20:18:00 E 4 -475 -6022 -480 -1990 -2726
20:18:00 E 5 -499 -4937 -473 -1891 -2754
20:18:00 E 6 -520 -4004 -475 -1835 -2761
20:18:00 E 7 -533 -3833 -470 -1814 -2762
20:18:00 E 8 -557 -4876 -480 -1828 -2783
20:18:00 E 9 -597 -5809 -497 -1806 -2800
20:18:00 E 10 -643 -6174 -503 -1783 -2800
20:18:00 E 11 -687 -6162 -518 -1764 -2800
20:18:00 E 12 -731 -6315 -530 -1773 -2800
20:18:00 E 13 -777 -6449 -538 -1791 -2800
20:18:00 E 14 -808 -6302 -549 -1780 -2800
20:18:00 E 15 -836 -5772 -550 -1764 -2800
20:18:00 E 16 -862 -5248 -554 -1782 -2800
20:18:00 E 17 -897 -5108 -557 -1776 -2800
20:18:00 E 18 -937 -4955 -567 -1758 -2800
20:18:00 E 19 -980 -4248 -566 -1758 -2800
20:18:00 E 20 -1019 -2718 -564 -1793 -2800
20:18:00 E 21 -1020 -285 -550 -1922 -2800
20:18:00 E 22 -1023 3104 -531 -2169 -2800
20:18:00 E 23 -1005 5774 -528 -2262 -2710
20:18:00 E 24 -977 7249 -516 -2179 -2514
20:18:00 E 25 -944 8334 -530 -2078 -2361
20:18:00 E 26 -912 9468 -531 -1928 -2196
20:18:00 E 27 -874 11346 -525 -1660 -1876
20:18:00 E 28 -828 13468 -521 -1396 -1541
20:18:00 E 29 -752 15309 -508 1439 1352
20:18:00 E 30 -675 15583 -503 1536 1466
20:18:00 E 31 -599 15571 -492 1677 1557
20:18:00 E 32 -522 15486 -481 1783 1610
20:18:00 E 33 -446 15577 -453 1919 1727
20:18:00 E 34 -366 16242 -414 2031 1875
20:18:00 E 35 -272 15809 -381 2048 1960
20:18:00 E 36 -203 14145 -347 2027 2008
20:18:00 E 37 -143 12267 -306 2019 2039
20:18:00 E 38 -96 9529 -283 1890 2017
20:18:00 E 39 -72 5359 -259 1443 2046
20:18:00 E 40 -72 2207 -230 -1313 2010
20:18:00 E 41 -74 -212 -212 -1502 1829
20:18:00 E 42 -86 -1980 -186 -1580 1764
20:18:00 E 43 -95 -3906 -166 -1579 1727
20:18:00 E 44 -126 -5882 -157 -1608 1586
20:18:00 E 45 -157 -7272 -150 -1730 -1372
20:18:00 E 46 -191 -8272 -139 -1708 -1576
20:18:00 E 47 -237 -9211 -137 -1760 -1820
20:18:00 E 48 -294 -9448 -138 -1809 -1953
20:18:00 E 49 -353 -8564 -133 -1907 -1975
20:18:00 E 50 -404 -7113 -128 -2037 -1913
20:18:00 E 51 -437 -5601 -128 -2023 -1645
20:18:00 E 52 -458 -4888 -131 -2004 1314
20:18:00 E 53 -485 -5162 -145 -2171 1323
20:18:00 E 54 -512 -5327 -162 -2314 1301
20:18:00 E 55 -542 -5309 -173 -2375 -1302
20:18:00 E 56 -561 -5614 -187 -2437 -1310
20:18:00 E 57 -583 -5979 -197 -2473 -1357
20:18:00 E 58 -601 -6046 -205 -2518 -1449
20:18:00 E 59 -627 -6558 -220 -2614 -1648
20:18:00 E 60 -650 -6796 -233 -2694 -1811
20:18:00 E 61 -675 -7516 -253 -2745 -1959
20:18:00 E 62 -709 -8704 -279 -2757 -2014
20:18:00 E 63 -759 -9753 -309 -2719 -1966
20:18:00 E 64 -816 -10192 -331 -2714 -1910
20:18:00 E 65 -872 -10113 -357 -2707 -1848
20:18:00 E 66 -928 -10015 -372 -2694 -1779
20:18:00 E 67 -980 -9796 -390 -2708 -1745
20:18:00 E 68 -1036 -9601 -412 -2716 -1737
20:18:00 E 69 -1081 -8961 -419 -2712 -1736
20:18:00 E 70 -1132 -8022 -432 -2718 -1772
20:18:00 E 71 -1178 -7089 -442 -2718 -1807
20:18:00 E 72 -1209 -6107 -440 -2728 -1845
20:18:00 E 73 -1244 -5077 -449 -2751 -1925
20:18:00 E 74 -1273 -4291 -456 -2782 -2036
20:18:00 E 75 -1298 -3833 -464 -2797 -2142
20:18:00 E 76 -1319 -3547 -474 -2793 -2224
20:18:00 E 77 -1331 -3407 -488 -2766 -2276
20:18:00 E 78 -1340 -4041 -511 -2769 -2343
20:18:00 E 79 -1352 -5394 -534 -2785 -2393
20:18:00 E 80 -1372 -7034 -570 -2800 -2448
20:18:00 E 81 -1403 -8778 -591 -2800 -2504
20:18:00 E 82 -1454 -10540 -619 -2800 -2516
20:18:00 E 83 -1526 -11680 -646 -2800 -2498
20:18:00 E 84 -1598 -11917 -664 -2757 -2441
20:18:00 E 85 -1669 -12070 -682 -2688 -2363
20:18:00 E 86 -1742 -12314 -696 -2637 -2256
20:18:00 E 87 -1818 -12436 -712 -2608 -2164
20:18:00 E 88 -1878 -12186 -716 -2593 -2097
20:18:00 E 89 -1937 -11704 -722 -2602 -2050
20:18:00 E 90 -1993 -11064 -720 -2627 -2025
20:18:00 E 91 -2046 -10601 -711 -2657 -2020
20:18:00 E 92 -2098 -10338 -715 -2693 -2040
20:18:00 E 93 -2155 -10290 -712 -2727 -2069
20:18:00 E 94 -2212 -10466 -714 -2743 -2088
20:18:00 E 95 -2269 -10826 -713 -2745 -2094
20:18:00 E 96 -2328 -11210 -715 -2744 -2101
20:18:00 E 97 -2389 -11564 -717 -2744 -2108
20:18:00 E 98 -2450 -11911 -712 -2737 -2107
20:18:00 E 99 -2513 -12271 -718 -2725 -2090
20:18:00 E 100 -2578 -12594 -719 -2717 -2071
20:18:00 E 101 -2644 -12862 -716 -2696 -2035
20:18:00 E 102 -2709 -13045 -720 -2689 -2015
20:18:00 E 103 -2776 -13253 -717 -2684 -1997
20:18:00 E 104 -2839 -13338 -710 -2677 -1982
20:18:00 E 105 -2904 -13631 -714 -2679 -1986
20:18:00 E 106 -2972 -14033 -711 -2679 -1992
20:18:00 E 107 -3040 -14344 -704 -2674 -1996
20:18:00 E 108 -3111 -14685 -704 -2674 -2006
20:18:00 E 109 -3184 -15014 -694 -2673 -2015
20:18:00 E 110 -3258 -15203 -692 -2675 -2023
20:18:00 E 111 -3332 -15362 -694 -2682 -2032
20:18:00 E 112 -3407 -15502 -682 -2682 -2037
20:18:00 E 113 -3482 -15697 -683 -2685 -2046
20:18:00 E 114 -3560 -15929 -678 -2687 -2052
20:18:00 E 115 -3640 -15923 -665 -2684 -2058
20:18:00 E 116 -3720 -15996 -665 -2689 -2070
20:18:00 E 117 -3801 -16026 -658 -2695 -2081
20:18:00 E 118 -3881 -16063 -644 -2694 -2082
20:18:00 E 119 -3962 -16240 -641 -2694 -2085
20:18:00 R end
20:18:00 T 4498 1714 2824 2573 5188 0 3617
20:18:00 D 149160 0 -63.91 0.000 -2694 -2085 3.23
20:18:00 D 149260 0 -60.43 0.000 -2694 -2085 3.23
20:18:00 D 149360 0 -54.68 0.000 -2694 -2085 3.23
20:18:00 D 149460 0 -43.80 0.000 -2694 -2085 3.23
20:18:00 D 149645 0 -23.82 0.000 -2694 -2085 3.23
20:18:01 D 149835 0 -7.15 0.000 -2694 -2085 3.23
20:18:01 D 150015 0 -1.70 0.000 -2694 -2085 3.23
20:18:01 D 150200 0 -20.33 0.000 -2694 -2085 3.23
20:18:01 D 150380 0 -21.27 0.000 -2694 -2085 3.23
20:18:01 D 150565 0 -1.53 0.000 -2694 -2085 3.23
20:18:02 D 150745 0 -2.13 0.000 -2694 -2085 3.23
20:18:02 D 150930 0 0.97 0.000 -2694 -2085 3.23
20:18:02 D 151110 0 -8.97 0.000 -2694 -2085 3.23
20:18:02 D 151290 0 -9.63 0.000 -2694 -2085 3.23
20:18:02 D 151475 0 -14.22 0.000 -2694 -2085 3.23
20:18:03 D 151660 0 -23.64 0.000 -2694 -2085 3.23
20:18:03 D 151840 0 -12.22 0.000 -2694 -2085 3.23
20:18:03 D 152025 0 -3.24 0.000 -2694 -2085 3.23
20:18:03 D 152205 0 -4.02 0.000 -2694 -2085 3.23
20:18:03 D 152390 0 -5.93 0.000 -2694 -2085 3.23
20:18:03 D 152570 0 -5.84 0.000 -2694 -2085 3.23
20:18:04 D 152750 0 -3.36 0.000 -2694 -2085 3.23
20:18:04 D 152935 0 -4.65 0.000 -2694 -2085 3.23
20:18:04 D 153115 0 -4.74 0.000 -2694 -2085 3.23
20:18:04 D 153300 0 -7.56 0.000 -2694 -2085 3.23
20:18:04 D 153480 0 -7.43 0.000 -2694 -2085 3.23
20:18:05 D 153660 0 -5.16 0.000 -2694 -2085 3.23
20:18:05 D 153845 0 -4.30 0.000 -2694 -2085 3.23
20:18:05 D 154025 0 -0.43 0.000 -2694 -2085 3.23
20:18:05 D 154205 0 -0.41 0.000 -2694 -2085 3.23
20:18:05 D 154390 0 -0.59 0.000 -2694 -2085 3.23
20:18:05 D 154570 0 -0.49 0.000 -2694 -2085 3.23
20:18:06 D 154750 0 -0.19 0.000 -2694 -2085 3.23
20:18:06 D 155135 2 -0.14 0.002 1425 -1386 3.23
20:18:06 D 155615 2 -0.20 0.031 -1368 -1411 3.23
20:18:07 D 156105 2 -0.12 0.017 1419 1369 3.23
20:18:07 D 156575 2 -0.07 0.006 1558 1520 3.23
20:18:08 D 157010 2 0.15 -0.001 1450 1381 3.23
20:18:08 D 157450 2 0.16 -0.000 1491 1403 3.23
20:18:09 D 157885 2 0.40 0.000 1478 1477 3.23
20:18:09 D 158320 2 0.38 0.000 1474 1464 3.23
20:18:10 D 158760 2 0.25 -0.000 1414 1394 3.23
20:18:10 D 159195 2 0.39 0.000 1483 1473 3.23
20:18:11 D 159635 2 0.55 0.001 1541 1528 3.23
20:18:11 D 160090 2 0.29 0.002 1412 -1440 3.23
20:18:11 D 160525 2 0.52 0.001 1540 1528 3.23
20:18:12 D 160960 2 0.24 -0.001 1384 1349 3.23
20:18:12 D 161395 2 -0.05 0.000 1451 1401 3.23
20:18:13 D 161825 2 0.00 0.000 1420 1371 3.23
20:18:13 D 162245 2 0.07 0.000 1441 1389 3.23
20:18:14 D 162670 2 0.13 0.000 1473 1393 3.23
20:18:14 D 163095 2 0.18 0.000 1463 1402 3.23
20:18:14 D 163515 2 0.32 0.000 1475 1399 3.23
20:18:15 D 163935 2 0.53 0.001 1530 1460 3.23
20:18:15 D 164355 2 0.95 0.008 1585 1649 3.23
20:18:16 D 164790 2 0.24 -0.001 1375 1325 3.23
20:18:16 D 165225 2 -0.13 -0.000 1369 1303 3.23
20:18:17 D 165680 2 -0.39 -0.024 1423 1754 3.23
20:18:17 D 166125 2 0.41 0.001 1485 1446 3.23
20:18:17 D 166560 2 0.40 0.005 1542 1453 3.23
20:18:18 D 167005 2 0.38 0.006 1567 1559 3.23
20:18:18 D 167435 2 0.81 0.013 1523 1588 3.23
20:18:19 D 167875 2 0.08 -0.000 1406 1365 3.23
20:18:19 D 168310 2 0.05 0.000 1446 1384 3.23
20:18:20 D 168745 2 0.08 0.000 1448 1380 3.23
20:18:20 D 169180 2 0.17 0.000 1439 1374 3.23
20:18:20 D 169615 2 0.24 0.000 1462 1408 3.23
20:18:21 D 170045 2 0.35 0.000 1473 1403 3.23
20:18:21 D 170465 2 0.55 -0.000 1475 1398 3.23
20:18:22 D 170965 2 -2.56 0.027 -1823 -1867 3.23
20:18:22 D 171480 2 -1.07 -0.034 1462 1536 3.23
20:18:23 D 172000 2 1.95 0.048 2484 1671 3.23
20:18:23 D 172515 2 1.96 -0.406 -2639 -2558 3.23
20:18:24 D 173040 2 2.97 -0.101 1662 1794 3.23
20:18:24 D 173555 2 1.07 0.175 2651 1465 3.23
20:18:25 D 174080 2 -1.10 0.210 1345 1300 3.23
20:18:25 D 174605 2 -2.21 0.074 -1867 1615 3.23
20:18:26 D 175125 2 1.45 0.052 2390 1802 3.23
20:18:27 D 175645 2 0.84 0.071 -1489 -1468 3.23
20:18:27 D 176170 2 -1.55 0.038 -2143 -1729 3.23
20:18:28 D 176685 2 -3.14 -0.022 -2479 -1565 3.23
20:18:28 D 177200 2 -3.79 -0.060 -1364 1327 3.23
20:18:29 D 177725 2 -1.75 -0.076 1536 1413 3.23
20:18:29 D 178250 2 0.98 -0.007 2085 1776 3.23
20:18:30 D 178775 2 3.45 0.067 1630 1612 3.23
20:18:30 D 179295 2 0.86 0.073 -1303 -1436 3.23
20:18:31 D 179820 2 -1.60 0.029 -2199 -1826 3.23
20:18:31 D 180345 2 -2.61 -0.095 -2356 -1401 3.23
20:18:32 D 180860 2 -0.12 -0.051 2081 1493 3.23
20:18:32 D 181380 2 4.99 0.030 2593 1933 3.23
20:18:33 D 181895 2 2.12 0.087 1477 1330 3.23
20:18:33 D 182415 2 -0.08 0.059 -1692 -1668 3.23
20:18:34 D 182940 2 -1.94 0.004 -2291 -1790 3.23
20:18:34 D 183465 2 -2.42 -0.063 -2419 -1464 3.23
20:18:35 D 183990 2 -0.88 -0.113 1614 1524 3.23
20:18:35 D 184515 2 0.13 -0.081 2045 1729 3.23
20:18:36 D 185040 2 3.44 0.025 2595 2182 3.23
20:18:36 D 185565 2 2.26 0.045 1408 -1308 3.23
20:18:37 D 186085 2 0.57 0.087 -1347 -1412 3.23
20:18:38 D 186610 2 1.02 0.068 -1689 -1747 3.23
20:18:38 D 187125 2 12.37 0.625 2555 2520 3.23
20:18:38 D 187375 0 45.39 0.000 2438 2544 3.23
20:18:38 R 32430 2 36.0
20:18:38 E 0 245 409 50 2423 1786
20:18:38 E 1 219 -4455 49 1898 1315
20:18:38 E 2 195 -6424 62 1392 1397
20:18:38 E 3 171 -7906 77 1371 -1354
20:18:38 E 4 117 -9771 82 1314 -1434
20:18:38 E 5 61 -10070 92 -1314 -1433
20:18:38 E 6 8 -9808 90 -1383 -1515
20:18:38 E 7 -41 -9552 91 -1387 -1508
20:18:38 E 8 -90 -9174 85 -1438 -1544
20:18:38 E 9 -136 -8552 77 -1515 -1612
20:18:38 E 10 -177 -7863 77 -1574 -1638
20:18:38 E 11 -215 -7241 69 -1864 -1882
20:18:38 E 12 -249 -6808 63 -2212 -2191
20:18:38 E 13 -279 -6449 49 -2306 -2248
20:18:38 E 14 -306 -6168 31 -2344 -2209
20:18:38 E 15 -331 -5961 1 -2445 -2150
20:18:38 E 16 -377 -5742 -41 -2589 -2211
20:18:38 E 17 -394 -3242 -66 -2537 -1962
20:18:38 E 18 -402 1842 -84 -2557 -1502
20:18:38 E 19 -381 5341 -96 -2480 1345
20:18:38 E 20 -349 8371 -110 -2012 1460
20:18:38 E 21 -288 12639 -109 1321 1398
20:18:38 E 22 -205 15169 -102 1602 1461
20:18:38 E 23 -120 15242 -118 1660 1635
20:18:38 E 24 -38 14651 -117 1710 1732
20:18:38 E 25 40 13992 -113 1703 1734
20:18:38 E 26 115 13200 -110 1678 1726
20:18:38 E 27 194 12322 -87 1696 1751
20:18:38 E 28 268 10676 -77 1736 1723
20:18:38 E 29 322 8249 -67 2058 1834
20:18:38 E 30 361 6207 -55 2207 1827
20:18:38 E 31 393 4378 -50 2113 1648
20:18:38 E 32 416 2189 -38 1997 1467
20:18:38 E 33 423 -346 -25 1700 1422
20:18:38 E 34 409 -2620 -19 1395 1396
20:18:38 E 35 383 -3846 -2 1403 1400
20:18:38 E 36 354 -4303 2 1381 1399
20:18:38 E 37 322 -4333 2 1373 1322
20:18:38 E 38 288 -3961 8 1393 1309
20:18:38 E 39 257 -3224 13 1425 -1346
20:18:38 E 40 229 -2340 18 1504 -1304
20:18:38 E 41 206 -1358 19 1610 1414
20:18:38 E 42 188 -450 25 1694 1487
20:18:38 E 43 174 232 21 1583 1527
20:18:38 E 44 167 915 25 1570 1563
20:18:38 E 45 168 1561 33 1671 1564
20:18:38 E 46 178 1976 35 1677 1583
20:18:38 E 47 190 1872 34 1660 1599
20:18:38 E 48 201 1537 36 1676 1644
20:18:38 E 49 213 1360 31 1648 1675
20:18:38 E 50 222 1080 34 1672 1678
20:18:38 E 51 231 964 33 1742 1723
20:18:38 E 52 240 732 36 1805 1778
20:18:38 E 53 246 317 41 1890 1828
20:18:38 E 54 250 80 36 1908 1863
20:18:38 E 55 252 -72 47 2102 1946
20:18:38 E 56 251 -35 51 2202 2014
20:18:38 E 57 252 506 62 2405 2017
20:18:38 E 58 262 1360 87 2600 2034
20:18:38 E 59 284 1019 97 2617 1972
20:18:38 E 60 280 -1261 108 2518 1794
20:18:38 E 61 260 -2596 124 2449 1791
20:18:38 E 62 245 -3102 137 2368 1841
20:18:38 E 63 213 -2638 159 2296 2115
20:18:38 E 64 187 -913 185 2362 2346
20:18:38 E 65 175 1518 216 2521 2329
20:18:38 E 66 180 3951 250 2609 2355
20:18:39 E 67 204 6225 287 2648 2390
20:18:39 E 68 248 8280 323 2661 2379
20:18:39 E 69 303 9816 363 2650 2381
20:18:39 E 70 372 11188 407 2628 2364
20:18:39 E 71 446 12139 440 2566 2345
20:18:39 E 72 521 12748 475 2513 2306
20:18:39 E 73 598 13169 504 2481 2264
20:18:39 E 74 675 13431 525 2458 2237
20:18:39 E 75 752 13632 549 2456 2233
20:18:39 E 76 827 13614 567 2472 2254
20:18:39 E 77 901 13584 578 2489 2294
20:18:39 E 78 973 13443 588 2511 2337
20:18:39 E 79 1042 13163 601 2529 2392
20:18:39 E 80 1111 12815 605 2540 2442
20:18:39 E 81 1174 12358 617 2552 2488
20:18:39 E 82 1237 11956 625 2555 2520
20:18:39 E 83 1296 11480 636 2550 2528
20:18:39 E 84 1355 11060 648 2545 2544
20:18:39 E 85 1410 10554 655 2540 2561
20:18:39 E 86 1463 10109 666 2537 2578
20:18:39 E 87 1514 9755 674 2533 2602
20:18:39 E 88 1562 9462 682 2522 2630
20:18:39 E 89 1608 9292 695 2512 2646
20:18:39 E 90 1652 9273 709 2498 2659
20:18:39 E 91 1695 9389 719 2485 2665
20:18:39 E 92 1738 9639 727 2476 2665
20:18:39 E 93 1782 9956 738 2463 2662
20:18:39 E 94 1828 10304 749 2440 2656
20:18:39 E 95 1872 10590 757 2421 2644
20:18:39 E 96 1919 11017 768 2409 2631
20:18:39 E 97 1967 11474 776 2391 2615
20:18:39 E 98 2017 11986 784 2387 2601
20:18:39 E 99 2071 12608 792 2370 2586
20:18:39 E 100 2128 13078 802 2362 2572
20:18:39 E 101 2187 13504 802 2347 2555
20:18:39 E 102 2249 13968 804 2341 2545
20:18:39 E 103 2314 14443 803 2345 2538
20:18:39 E 104 2382 14931 805 2343 2530
20:18:39 E 105 2453 15400 807 2354 2526
20:18:39 E 106 2529 15852 804 2345 2516
20:18:39 E 107 2609 16175 808 2352 2513
20:18:39 E 108 2692 16461 800 2351 2505
20:18:39 E 109 2777 16626 794 2344 2495
20:18:39 E 110 2864 16742 796 2353 2492
20:18:39 E 111 2952 16669 782 2356 2486
20:18:39 E 112 3040 16553 777 2358 2481
20:18:39 E 113 3126 16370 766 2367 2484
20:18:39 E 114 3209 16211 759 2376 2489
20:18:39 E 115 3291 16047 761 2388 2500
20:18:39 E 116 3370 15858 750 2401 2510
20:18:39 E 117 3447 15742 746 2412 2523
20:18:39 E 118 3522 15663 735 2427 2533
20:18:39 E 119 3596 15632 725 2438 2544
20:18:39 R end
20:18:39 T 4495 1713 2823 2579 5191 0 6486
20:18:39 D 187855 0 54.67 0.000 2438 2544 3.23
20:18:39 D 187955 0 51.33 0.000 2438 2544 3.23
20:18:39 D 188055 0 47.75 0.000 2438 2544 3.23
20:18:39 D 188155 0 45.10 0.000 2438 2544 3.23
20:18:39 D 188255 0 36.48 0.000 2438 2544 3.23
20:18:39 D 188445 0 9.48 0.000 2438 2544 3.23
20:18:39 D 188630 0 -6.76 0.000 2438 2544 3.23
20:18:40 D 188810 0 -4.74 0.000 2438 2544 3.23
20:18:40 D 188995 0 -6.11 0.000 2438 2544 3.23
20:18:40 D 189175 0 -4.67 0.000 2438 2544 3.23
20:18:40 D 189355 0 0.42 0.000 2438 2544 3.23
20:18:40 D 189540 0 0.94 0.000 2438 2544 3.23
20:18:41 D 189720 0 3.69 0.000 2438 2544 3.23
20:18:41 D 189900 0 16.34 0.000 2438 2544 3.23
20:18:41 D 190090 0 32.79 0.000 2438 2544 3.23
20:18:41 D 190270 0 5.71 0.000 2438 2544 3.23
20:18:41 D 190455 0 -9.58 0.000 2438 2544 3.23
20:18:42 D 190635 0 -5.52 0.000 2438 2544 3.23
20:18:42 D 190820 0 -4.72 0.000 2438 2544 3.23
20:18:42 D 191000 0 -4.04 0.000 2438 2544 3.23
20:18:42 D 191180 0 -4.94 0.000 2438 2544 3.23
20:18:42 D 191365 0 -5.23 0.000 2438 2544 3.23
20:18:42 D 191545 0 -5.30 0.000 2438 2544 3.23
20:18:43 D 192060 2 -1.57 0.003 1349 -1380 3.23
20:18:43 D 192565 2 0.18 0.084 -1601 -1714 3.23
20:18:44 D 193075 2 -2.03 0.010 1409 1622 3.23
20:18:44 D 193570 2 -1.34 -0.017 -1307 -2162 3.23
20:18:45 D 194050 2 -0.44 0.041 -1397 1871 3.23
20:18:45 D 194530 2 -1.14 0.019 -1351 -1955 3.23
20:18:46 D 195040 2 -2.09 0.017 2211 1481 3.23
20:18:46 D 195550 2 -1.54 0.033 -1428 -1412 3.23
20:18:47 D 196020 2 -0.81 -0.000 1417 1372 3.23
20:18:47 D 196480 2 -2.06 -0.033 1456 1834 3.23
20:18:48 D 196960 2 0.15 0.020 1500 1773 3.23
20:18:48 D 197455 2 -0.94 0.032 1440 -1485 3.23
20:18:49 D 197965 2 -1.24 0.016 1382 1443 3.23
20:18:49 D 198415 2 -0.59 0.000 1420 1372 3.23
20:18:50 D 198855 2 -0.84 0.000 1451 1405 3.23
20:18:50 D 199295 2 -0.75 -0.000 1397 1350 3.23
20:18:51 D 199730 2 -0.69 0.000 1403 1339 3.23
20:18:51 D 200165 2 -0.63 0.000 1416 1332 3.23
20:18:51 D 200605 2 -0.50 0.000 1434 1355 3.23
20:18:52 D 201035 2 -0.37 -0.001 1383 -1304 3.23
20:18:52 D 201555 2 7.84 -0.095 2267 1845 3.23
20:18:53 D 202065 2 1.89 0.124 1653 1372 3.23
20:18:53 D 202600 2 0.21 0.152 2475 1642 3.23
20:18:54 D 203125 2 -1.42 0.126 -1489 -1474 3.23
20:18:55 D 203650 2 -2.71 -0.042 1530 1514 3.23
20:18:55 D 204170 2 0.95 -0.084 1725 1750 3.23
20:18:56 D 204690 2 2.84 -0.042 2358 2157 3.23
20:18:56 D 205210 2 2.36 0.030 2607 1974 3.23
20:18:57 D 205730 2 8.56 -0.224 -2182 -2005 3.23
20:18:57 D 206250 2 0.60 -0.022 -1767 1408 3.23
20:18:58 D 206775 2 1.66 0.118 2281 1735 3.23
20:18:58 D 207305 2 -2.80 0.216 -1507 -1499 3.23
20:18:59 D 207835 2 -1.75 0.101 1359 -1725 3.23
20:18:59 D 208330 2 -0.32 -0.040 1691 1832 3.23
20:19:00 D 208850 2 -3.17 0.009 -2198 -1829 3.23
20:19:00 D 209375 2 -4.36 -0.094 -2313 -1439 3.23
20:19:01 D 209895 2 -1.10 -0.054 1852 1508 3.23
20:19:01 D 210415 2 3.58 0.005 2415 1874 3.23
20:19:02 D 210930 2 4.02 0.046 2371 1450 3.23
20:19:02 D 211450 2 3.40 0.064 1553 1314 3.23
20:19:03 D 211965 2 1.17 0.067 1353 -1379 3.23
20:19:03 D 212480 2 12.21 0.647 2662 2468 3.23
20:19:04 D 212675 0 55.32 0.000 2711 2503 3.23
20:19:04 R 20945 2 36.7
20:19:04 E 0 -65 -3913 9 -2063 -1507
20:19:04 E 1 -86 -3358 -15 -2172 -1581
20:19:04 E 2 -111 -2486 -26 -2244 -1543
20:19:04 E 3 -128 -334 -33 -2193 -1467
20:19:04 E 4 -116 1884 -40 -2145 -1332
20:19:04 E 5 -103 2622 -48 -1967 -1350
20:19:04 E 6 -92 3768 -57 -1578 -1318
20:19:04 E 7 -69 6310 -54 1484 1419
20:19:04 E 8 -24 9036 -42 2027 1586
20:19:04 E 9 26 9725 -42 2048 1688
20:19:04 E 10 73 9560 -39 2040 1673
20:19:04 E 11 120 9493 -28 2095 1769
20:19:04 E 12 173 9347 -9 2134 1849
20:19:04 E 13 231 8182 11 2127 1839
20:19:04 E 14 278 5969 22 2312 1819
20:19:04 E 15 301 2963 29 2430 1731
20:19:04 E 16 299 -633 32 2204 1865
20:19:04 E 17 281 -3608 38 1561 2083
20:19:04 E 18 261 -4742 51 1502 1744
20:19:04 E 19 228 -5614 66 1464 1381
20:19:04 E 20 195 -6071 76 1494 1342
20:19:04 E 21 166 -6619 76 1460 1324
20:19:04 E 22 121 -7229 85 1463 -1307
20:19:04 E 23 77 -6784 83 1466 1305
20:19:04 E 24 45 -5815 85 1464 1300
20:19:04 E 25 22 -5406 87 1419 -1347
20:19:04 E 26 -8 -5656 78 -1385 -1491
20:19:04 E 27 -39 -5479 79 -1637 -1714
20:19:04 E 28 -65 -5205 77 -1957 -1887
20:19:04 E 29 -93 -5101 69 -2050 -1940
20:19:04 E 30 -119 -4748 59 -2048 -1867
20:19:04 E 31 -141 -4144 43 -2067 -1681
20:19:04 E 32 -160 -3535 19 -2074 -1606
20:19:04 E 33 -179 -2949 -1 -2161 -1686
20:19:04 E 34 -205 -1937 -27 -2293 -1728
20:19:04 E 35 -218 580 -32 -2182 -1500
20:19:04 E 36 -202 2835 -35 -2106 1319
20:19:04 E 37 -186 3963 -48 -1767 1314
20:19:04 E 38 -166 5975 -48 -1320 1395
20:19:04 E 39 -121 9206 -41 1812 1562
20:19:04 E 40 -62 10938 -39 2037 1690
20:19:04 E 41 -4 10871 -40 1979 1730
20:19:04 E 42 48 10627 -25 2006 1791
20:19:04 E 43 108 10413 -10 2049 1858
20:19:04 E 44 155 9176 1 2025 1847
20:19:04 E 45 201 6182 16 2071 1745
20:19:04 E 46 223 3963 27 2289 1657
20:19:04 E 47 247 2415 34 2399 1752
20:19:04 E 48 252 -608 44 2271 1761
20:19:04 E 49 228 -3577 42 1872 1587
20:19:04 E 50 201 -4230 54 1473 1465
20:19:04 E 51 185 -4736 71 1493 1424
20:19:04 E 52 147 -6400 78 1427 1373
20:19:04 E 53 102 -6924 79 1385 1333
20:19:04 E 54 59 -6388 82 1388 1307
20:19:04 E 55 20 -5681 94 1432 1331
20:19:04 E 56 -10 -4973 86 1363 -1335
20:19:04 E 57 -36 -4498 89 -1305 -1424
20:19:04 E 58 -59 -4333 90 -1385 -1490
20:19:04 E 59 -84 -4364 82 -1692 -1731
20:19:04 E 60 -111 -4217 82 -1782 -1924
20:19:04 E 61 -137 -3705 77 -1722 -1838
20:19:04 E 62 -165 -2931 70 -1651 -1535
20:19:04 E 63 -191 -1626 58 -1592 -1377
20:19:04 E 64 -203 293 53 -1450 1373
20:19:04 E 65 -184 2079 48 -1485 1655
20:19:04 E 66 -157 2079 36 -1542 1654
20:19:04 E 67 -144 1232 31 -1476 1553
20:19:04 E 68 -133 1141 22 -1582 1654
20:19:04 E 69 -123 1518 28 -1386 1717
20:19:04 E 70 -109 2061 35 1507 1723
20:19:04 E 71 -95 2634 35 1603 1800
20:19:04 E 72 -79 3378 47 1807 1910
20:19:04 E 73 -57 4171 56 1959 2002
20:19:04 E 74 -27 4951 64 2102 2085
20:19:04 E 75 10 4975 76 2274 2138
20:19:04 E 76 26 3811 86 2394 2134
20:19:04 E 77 40 3945 106 2432 2232
20:19:04 E 78 61 5109 137 2515 2292
20:19:04 E 79 92 6414 173 2508 2363
20:19:04 E 80 132 7493 215 2469 2399
20:19:04 E 81 176 8353 252 2476 2399
20:19:04 E 82 227 9139 296 2480 2409
20:19:04 E 83 276 9950 340 2506 2412
20:19:04 E 84 333 11011 374 2506 2423
20:19:04 E 85 398 11980 415 2543 2407
20:19:04 E 86 472 12883 448 2539 2390
20:19:04 E 87 540 13547 475 2507 2342
20:19:04 E 88 609 13882 500 2492 2303
20:19:04 E 89 680 14126 525 2499 2310
20:19:04 E 90 752 14334 545 2533 2317
20:19:04 E 91 825 14449 564 2562 2319
20:19:04 E 92 899 14663 584 2581 2355
20:19:04 E 93 974 14955 600 2605 2373
20:19:04 E 94 1051 15163 612 2625 2394
20:19:04 E 95 1135 15413 627 2648 2444
20:19:04 E 96 1221 15705 646 2662 2468
20:19:04 E 97 1308 16010 654 2670 2488
20:19:04 E 98 1396 16309 680 2667 2497
20:19:04 E 99 1485 16754 691 2643 2492
20:19:04 E 100 1576 17272 707 2627 2497
20:19:04 E 101 1670 17796 725 2613 2506
20:19:04 E 102 1766 18412 733 2603 2502
20:19:04 E 103 1862 19022 747 2595 2502
20:19:04 E 104 1962 19692 758 2582 2501
20:19:04 E 105 2064 20308 767 2574 2494
20:19:04 E 106 2170 20918 772 2567 2491
20:19:04 E 107 2279 21363 784 2564 2488
20:19:04 E 108 2391 21814 783 2564 2480
20:19:04 E 109 2507 22155 788 2573 2478
20:19:04 E 110 2623 22405 789 2587 2476
20:19:04 E 111 2739 22601 782 2603 2473
20:19:04 E 112 2855 22741 789 2621 2474
20:19:04 E 113 2970 22905 781 2640 2478
20:19:04 E 114 3087 23046 779 2656 2486
20:19:04 E 115 3202 23155 777 2671 2491
20:19:04 E 116 3319 23241 777 2686 2498
20:19:04 E 117 3436 23277 770 2694 2500
20:19:04 E 118 3552 23302 762 2702 2503
20:19:04 E 119 3667 23259 761 2711 2503
20:19:04 R end
20:19:04 T 4506 1713 2831 2581 5191 0 4189
20:19:04 D 213145 0 76.82 0.000 2711 2503 3.23
20:19:04 D 213245 0 75.44 0.000 2711 2503 3.23
20:19:04 D 213435 0 45.28 0.000 2711 2503 3.23
20:19:04 D 213535 0 20.56 0.000 2711 2503 3.23
20:19:05 D 213720 0 -12.46 0.000 2711 2503 3.23
20:19:05 D 213820 0 -17.48 0.000 2711 2503 3.23
20:19:05 D 214005 0 -18.61 0.000 2711 2503 3.23
20:19:05 D 214185 0 -14.25 0.000 2711 2503 3.23
20:19:05 D 214370 0 -19.01 0.000 2711 2503 3.23
20:19:05 D 214550 0 -18.42 0.000 2711 2503 3.23
20:19:06 D 214735 0 -17.01 0.000 2711 2503 3.23
20:19:06 D 214915 0 -7.78 0.000 2711 2503 3.23
20:19:06 D 215095 0 16.82 0.000 2711 2503 3.23
20:19:06 D 215280 0 28.89 0.000 2711 2503 3.23
20:19:06 D 215465 0 35.85 0.000 2711 2503 3.23
20:19:07 D 215650 0 47.13 0.000 2711 2503 3.23
20:19:07 D 215840 0 45.08 0.000 2711 2503 3.23
20:19:07 D 216025 0 44.82 0.000 2711 2503 3.23
20:19:07 D 216210 0 46.61 0.000 2711 2503 3.23
20:19:07 D 216395 0 39.45 0.000 2711 2503 3.23
20:19:07 D 216580 0 17.19 0.000 2711 2503 3.23
20:19:08 D 216765 0 30.54 0.000 2711 2503 3.23
20:19:08 D 216950 0 27.92 0.000 2711 2503 3.23
20:19:08 D 217135 0 35.42 0.000 2711 2503 3.23
20:19:08 D 217320 0 44.52 0.000 2711 2503 3.23
20:19:08 D 217505 0 44.04 0.000 2711 2503 3.23
20:19:09 D 217690 0 44.91 0.000 2711 2503 3.23
20:19:09 D 217880 0 41.85 0.000 2711 2503 3.23
20:19:09 D 218065 0 42.07 0.000 2711 2503 3.23
20:19:09 D 218250 0 42.76 0.000 2711 2503 3.23
20:19:09 D 218435 0 44.20 0.000 2711 2503 3.23
20:19:10 D 218625 0 46.89 0.000 2711 2503 3.23
20:19:10 mpu_set_sensor complete ......
20:19:10 mpu_set_sensor complete ......
20:19:10 mpu_configure_fifo complete ......
20:19:10 mpu_set_sample_rate complete ......
20:19:11 dmp_load_motion_driver_firmware complete ......
20:19:11 dmp_set_orientation complete ......
20:19:11 dmp_enable_feature complete ......
20:19:11 dmp_set_fifo_rate complete ......
20:19:12 mpu_set_dmp_state complete ......
