record_time_s,sim_time_s,target_forward_speed_m_s,target_yaw_rate_rad_s,position_x_m,position_y_m,position_z_m,estimated_pitch_deg,truth_pitch_deg,estimated_pitch_rate_deg_s,truth_pitch_rate_deg_s,truth_yaw_deg,estimated_yaw_rate_deg_s,truth_yaw_rate_deg_s,estimated_forward_speed_m_s,truth_forward_speed_m_s,left_wheel_speed_rad_s,right_wheel_speed_rad_s,left_motor_torque_nm,right_motor_torque_nm,contact_count,controller_mode
0.002,50.84000000001617,0.0,0.0,0.15110295200942686,0.0002590210191981708,0.1515337362910039,-2.141850761225855,-2.1454368380998954,0.6666592684656703,-0.7586114389961462,0.257367803260906,0.17639034236979292,-0.05901965344041668,0.004561841657887581,0.012130377546308331,0.09974172091312009,0.0976986623660615,-0.06011254202083656,-0.06128491346281363,4,FREE
0.01,50.84800000001618,0.0,0.0,0.15123137529864364,0.00025958429111612593,0.15152745014852328,-2.141800618299336,-2.1594988826456385,-0.647039871993592,-1.8901188225493744,0.257002441511864,-0.04307506059715685,-0.04168992164716905,0.009477912750804037,0.016526673813923465,0.145131233538863,0.14392618600051005,-0.07373615594993614,-0.0703950344351041,4,FREE
0.020000000000000004,50.85800000001619,0.0,0.0,0.15142201650780662,0.0002604410660323619,0.15151757608478741,-2.1551885598996128,-2.184785347545853,-2.476060692563387,-2.5826912725099658,0.2568312008863815,-0.4401618790008121,-0.010155878648656426,0.015244336140463844,0.01922700247932904,0.16402549120765011,0.1639455877018362,-0.140212678866156,-0.13608841868207713,4,FREE
0.030000000000000013,50.8680000000162,0.0,0.0,0.15162335315633588,0.00026134181116303085,0.15150674236278555,-2.1795113374982935,-2.2127983760439633,-2.0532027030144127,-2.9459844904191126,0.256787506566345,-0.8946377155055172,-0.006049306006094717,0.01889192188732856,0.02063545020688186,0.16538614753931782,0.16555201863894758,-0.2399841020594993,-0.23262108118373684,4,FREE
0.04000000000000002,50.878000000016215,0.0,0.0,0.15179245737934527,0.00026210355258976227,0.15149713069186782,-2.2074223610299515,-2.2324835286193165,-3.4963404503818674,-1.7468398223335555,0.2570629939537808,0.7216384497301083,0.035845099643088,0.020439539677070167,0.01600286577182673,0.11741053126280804,0.1190203009613556,-0.2113906574641447,-0.20436031610402733,4,FREE
0.05000000000000003,50.88800000001623,0.0,0.0,0.1519232762797582,0.000262691848430569,0.15148950543955128,-2.2293230670344832,-2.2423280986066287,-1.8093719619238824,-0.7534590419938071,0.2576659620679892,0.023578438247715605,0.0660717950125644,0.016655424166391694,0.012146014887130952,0.07156270438785635,0.0741696784948153,-0.23671308562662288,-0.22993627763684685,4,FREE
0.06000000000000004,50.89800000001624,0.0,0.0,0.1519998225176356,0.0002630274504065241,0.15148476458856364,-2.2413152872261124,-2.238215840093952,-0.26885936326318854,0.746556178796373,0.25852972667552354,0.3369103653657099,0.09144535094336136,0.013188146297390894,0.006331236742941094,0.004140423437041992,0.007630786315571571,-0.2647198159787544,-0.2570570951518202,4,FREE
0.07000000000000005,50.90800000001625,0.0,0.0,0.15202217966488682,0.0002630898732106553,0.15148309721330072,-2.2403801548447917,-2.220166335507248,0.20116111523768565,2.103562972222496,0.2593194475928379,0.3859287503135277,0.07303763129664761,0.0074421370420021315,0.001071272007895896,-0.039344186618797544,-0.037006469743928364,-0.16720101684661987,-0.16919836992570858,4,FREE
0.08000000000000006,50.918000000016264,0.0,0.0,0.15202574032743552,0.00026304354186718233,0.1514829392281744,-2.2244531187310197,-2.1973095660224224,3.005033698593361,2.3406576239548005,0.25986681239492293,-0.3884915113739038,0.051218233754782044,0.0016812353258976716,0.00014092035034838135,-0.04999394972672443,-0.04819428857633762,-0.18122403989434427,-0.17868622466960937,4,FREE
0.09000000000000007,50.928000000016276,0.0,0.0,0.15202573447671056,0.00026297609518059203,0.15148329867252447,-2.202146984589392,-2.173534168827631,2.717890112608127,2.2715293539383916,0.26028609374210554,0.6367142518975031,0.033704220158736295,0.0006191046065984185,0.00041052498553721645,-0.036157936702523416,-0.03535982450428429,-0.10466161531924101,-0.11067109003219361,4,FREE
0.10000000000000007,50.93800000001629,0.0,0.0,0.1520647871042083,0.0002630836528817516,0.15148200978386875,-2.1777729943220976,-2.159824500996411,2.287678524121065,1.072710765047764,0.2604673299668685,-0.7164976205513777,0.01843142005992531,-0.0010106240716489477,0.0050520010456921415,0.021180203635037427,0.021823306761378072,-0.06251097605839763,-0.061343303935782474,4,FREE
0.11000000000000008,50.9480000000163,0.0,0.0,0.1521590100399484,0.0002634502717090067,0.15147789503951573,-2.1613734080598,-2.1603120998170557,1.2370613489326732,-0.3350249799299149,0.26051525835527345,0.6476938300591145,-0.003899721524693668,0.003837501299496196,0.010510213503190454,0.07783397929354081,0.07805019384496152,-0.08661752694898593,-0.07811205717626511,4,FREE
0.12000000000000009,50.95800000001631,0.0,0.0,0.15229839903045547,0.0002640530473258319,0.15147113499151213,-2.159176659202361,-2.172400431523586,-0.16952013916899367,-1.4035527950612068,0.2608037266296251,-0.119281251438767,0.0341710621317699,0.009039779443315831,0.014660122929684308,0.1178854268227181,0.11908636216443168,-0.11224900233360256,-0.11195878584097842,4,FREE
0.1300000000000001,50.968000000016325,0.0,0.0,0.1524669613658973,0.00026479101385969264,0.15146247155079193,-2.169317917246303,-2.1919732604696986,-1.60771731600388,-2.0967204275849425,0.2610826284748142,0.004192404887725978,0.02632935372417771,0.013813255303867435,0.017352028768515743,0.14694134940777384,0.14778855481524444,-0.1112095570045414,-0.11194240956537131,4,FREE
0.1400000000000001,50.97800000001634,0.0,0.0,0.15264629313218417,0.000265584048165668,0.15145287796553325,-2.1874992121655517,-2.21430787103981,-2.242022516531846,-2.1613256789812696,0.26140830700440837,0.41261059903690606,0.03846267883660724,0.016672102946898082,0.017605488471442287,0.13960333867254157,0.14118046766173598,-0.1809090148578422,-0.17538794921572035,4,FREE
0.1500000000000001,50.98800000001635,0.0,0.0,0.15279792374781956,0.00026625169237652857,0.15144432735092497,-2.2101289739865777,-2.2294932799916416,-2.6466334339338204,-1.3418582314575405,0.26180105068826925,-0.5025312677271063,0.03936988750946029,0.01817631419052364,0.014434413673235424,0.09771146129191036,0.09893604556089233,-0.2289958344599407,-0.23120911976879832,4,FREE
0.16000000000000011,50.99800000001636,0.0,0.0,0.15290556493116447,0.0002667093270921067,0.15143794875756494,-2.2272847851741577,-2.2333530541742124,-1.062144433571948,-0.14466918443461113,0.26210122211560727,0.11826295762192682,0.03126583680101,0.016117367901201007,0.009795974483188202,0.04668495748146269,0.04811034578091136,-0.23714081501419904,-0.22908894674323943,4,FREE
0.17000000000000012,51.008000000016374,0.0,0.0,0.15296661365864958,0.00026696400749612754,0.15143413467501635,-2.233557761118268,-2.2252279886339896,0.4651771478042634,1.0388659378058303,0.2626103384024259,0.055194622461855955,0.050387719782267755,0.010887269709384518,0.0052078009924899716,-0.001998860990085543,-0.00027365885420931914,-0.22514218696266042,-0.2248467496626918,4,FREE
0.18000000000000013,51.018000000016386,0.0,0.0,0.152991367013492,0.00026703750352881155,0.15143252695409717,-2.2277483385472996,-2.207770742503342,0.6558631721738202,1.8777439110252399,0.26299919044474845,-0.39425884328413363,0.034463847524516866,0.005674024394186086,0.001954913308715359,-0.03273168092472442,-0.03167375563381338,-0.19615238230899076,-0.19777937167577334,4,FREE
0.19000000000000014,51.0280000000164,0.0,0.0,0.15300503329729778,0.0002670540916882609,0.151431918218656,-2.2117908811368863,-2.1874722826657393,1.4898353423570982,2.0506622285031795,0.2632884263725962,-0.6025219073130019,0.02584527272211285,0.003372029140635063,0.0012826438129052641,-0.03199843679837896,-0.030886623203601908,-0.14489980612926573,-0.13924492657730642,4,FREE
0.20000000000000015,51.03800000001641,0.0,0.0,0.15302590902953653,0.00026711709395512264,0.1514312131037569,-2.191488518984163,-2.1690222199703775,2.6023522513400295,1.7785220729664173,0.2637514953569438,0.28295501912604676,0.05019566803581924,0.001281408916550166,0.0023425546617317416,-0.01794795495611725,-0.01600991331371758,-0.12521540055049163,-0.12050643159979146,4,FREE
0.21000000000000016,51.04800000001642,0.0,0.0,0.15307250678060086,0.0002672966532387856,0.15142933594912783,-2.1723732479228355,-2.157171062834335,1.4647928660857554,0.9609403291837115,0.26424959718057717,-0.2642876252727571,0.04364096653193618,0.002520379680401966,0.005518907969238746,0.023709580485152672,0.024953665153717348,-0.07312776336777921,-0.0775271201296418,4,FREE
0.22000000000000017,51.058000000016435,0.0,0.0,0.1531696085190676,0.0002677085348987416,0.15142493164997078,-2.158583631344422,-2.1583057228860434,0.3531391075564242,-0.3959948708008567,0.26471680944226356,-1.250901182314868,0.055441870482961966,0.004375644884137655,0.01078277838748461,0.0816443668561225,0.08394684656566444,-0.07101947090114587,-0.06225031277683919,4,FREE
0.23000000000000018,51.06800000001645,0.0,0.0,0.15331736379804806,0.0002683601152504192,0.1514177285351164,-2.1569483150277606,-2.1724595609643798,-0.16785124575352714,-1.7221533372591027,0.26528883270595843,-0.13773087255207145,0.050681928704034464,0.009483628874026219,0.015926284626270746,0.12644379207432246,0.1288491608566606,-0.1528179422591907,-0.13755526945301377,4,FREE
0.24000000000000019,51.07800000001646,0.0,0.0,0.1534851056871752,0.00026912877800644344,0.15140902182727958,-2.168951234768124,-2.191717301730414,-2.3286209681023937,-2.00817461748272,0.2663009453454475,-0.09186995597914598,0.11009573327480243,0.014444192893103468,0.017050092020010666,0.1425508404218613,0.1465500791912405,-0.10804935433244058,-0.10329524084730833,4,FREE
0.25000000000000017,51.08800000001647,0.0,0.0,0.15366212133011048,0.00026993437645197836,0.15139951691134076,-2.1873831334190386,-2.2133510169654342,-1.6355133479111996,-2.0014795324220764,0.26743985009258375,-0.18699365969322446,0.11676544856691577,0.01694979449143166,0.017028979072004374,0.12432353612480558,0.128608558756779,-0.23490253147027337,-0.22781060665917255,4,FREE
0.2600000000000002,51.098000000016484,0.0,0.0,0.1538051396345025,0.00027057491327731986,0.15139140612379232,-2.2098331254703423,-2.2262048623900887,-2.7595416595288986,-1.1698866542006652,0.2686697857164823,0.5334908055837665,0.12380458561795112,0.017830655992655445,0.013811484868200295,0.09446662961557083,0.09889810813257746,-0.19451920629674324,-0.18893220510968323,4,FREE
0.2700000000000002,51.108000000016496,0.0,0.0,0.1539152547350517,0.00027105285230604305,0.1513850159446294,-2.224094944821058,-2.2305981969896234,-1.3930828635117234,-0.2628599109739967,0.2699175093329334,0.07289222378757115,0.1279036828779652,0.014155177451350136,0.010293619188520196,0.04818155255706522,0.05232539657608399,-0.24974285991644365,-0.25310420249073284,4,FREE
0.2800000000000002,51.11800000001651,0.0,0.0,0.15397644072185043,0.00027127565622814314,0.15138122880337324,-2.2306836203176714,-2.2223935251080884,0.009025146497795644,1.0332245765359092,0.27084350737770546,-0.3410542509620636,0.08528946310269248,0.010771451258153496,0.005274382351030722,0.004404449069705413,0.007226983749653321,-0.17871129238679537,-0.17812312842731418,4,FREE
0.2900000000000002,51.12800000001652,0.0,0.0,0.15401008950737938,0.0002713526629920857,0.15137922038813345,-2.2246048096362636,-2.2071185455905376,0.6303522844790597,1.736288613765738,0.27138345857193946,0.181886227264591,0.03783588278750038,0.005937311688841108,0.0025471618058724066,-0.031066929931410442,-0.03051400358211418,-0.22527107311049685,-0.23806811431508787,4,FREE
0.3000000000000002,51.13800000001653,0.0,0.0,0.1540208338926818,0.00027132146517484795,0.15137868594007498,-2.2110782979508525,-2.185939137626057,0.6336011605679178,2.064931308535032,0.2715493379926046,-0.04341095902852908,0.021966996252993164,0.0031972882385468133,0.001275178135343009,-0.031774204466838284,-0.03082626831010876,-0.14142621327429217,-0.1361340372294611,4,FREE
0.3100000000000002,51.148000000016545,0.0,0.0,0.154047137643013,0.00027139237815126537,0.15137773166551974,-2.1899631386628466,-2.1687689857822163,1.9805599821639028,1.6008661426387396,0.2718028552034141,-0.16031279440253174,0.02366509220629098,0.000662187282131075,0.0030755820672281465,-0.01248832335931497,-0.011631457533489249,-0.1448628344241291,-0.14327228122338162,4,FREE
0.32000000000000023,51.15800000001656,0.0,0.0,0.1540881339853694,0.00027154877889846757,0.15137604476446842,-2.171900256380684,-2.155338741166182,1.2676380831783456,1.2294358831796754,0.27208305402353694,0.10849773468081798,0.02894519743896712,0.0032591900319839974,0.004533855652387683,0.011700276308150064,0.0128019854698799,-0.08338612595700742,-0.08073614747784616,4,FREE
0.33000000000000024,51.16800000001657,0.0,0.0,0.15416475792125203,0.00027188137002515876,0.15137255491159102,-2.1573324919134453,-2.1510400077745246,1.9715159097249453,0.2844156400706941,0.272360372711622,-0.3615346340495573,0.023590597633076762,0.003559376627848549,0.00821236264732971,0.04721461125715419,0.04783700696482286,-0.11442011051677832,-0.11770556100346873,4,FREE
0.34000000000000025,51.17800000001658,0.0,0.0,0.15427384647910666,0.00027235813755039306,0.15136723736101193,-2.151362056088591,-2.15503916819722,0.06626442024669742,-0.6187502759962169,0.27238958804700053,0.03630825702833428,-0.0023906679889483997,0.00709082204011135,0.01173243825940186,0.08986534580537436,0.0895372428233051,-0.08408231972524781,-0.08835685264040667,4,FREE
0.35000000000000026,51.188000000016594,0.0,0.0,0.15441391488794787,0.00027300515622826003,0.15136010866690536,-2.153363491450887,-2.1669579201949944,-0.5524226378279266,-1.3401907537390887,0.2726419459583136,-0.19236724281601086,0.038918842021651995,0.010672242125487823,0.014548513555649293,0.1102877684436559,0.11170603750075299,-0.15146755888144575,-0.15051508130918329,4,FREE
0.36000000000000026,51.198000000016606,0.0,0.0,0.15455976416051817,0.00027368216770661837,0.1513523340092372,-2.1642531620911654,-2.1802952444970707,-1.757548691958302,-1.3091352521328665,0.2730191877591024,0.16464547144553848,0.03846755217132503,0.01395680433691163,0.014455083671711416,0.10465456575383414,0.10610601626019338,-0.18128683306947344,-0.17831425036417506,4,FREE
0.3700000000000003,51.20800000001662,0.0,0.0,0.15469481074141211,0.00027430044116678355,0.15134490389066735,-2.1778366465888155,-2.1907904311565205,-2.0519755167878118,-1.009376259716654,0.2734016830008642,-0.1507826670652252,0.03557494660775306,0.014868627793150159,0.013314336448886717,0.09426007200824328,0.09536940631443327,-0.16353110343000554,-0.16523137547021305,4,FREE
0.3800000000000003,51.21800000001663,0.0,0.0,0.154811826935992,0.0002748252693744224,0.15133834211605734,-2.1888314361600343,-2.1965978890384785,-1.43645466804952,-0.3961963041625855,0.2737412773641979,-0.07022590688767662,0.03694783041244633,0.01387285268467386,0.010958029375029321,0.061552919716592984,0.0629691836023952,-0.2145755175044655,-0.21098571655713413,4,FREE
0.3900000000000003,51.22800000001664,0.0,0.0,0.15490114253157752,0.00027522929199923896,0.1513332562015152,-2.1961747911873077,-2.1952301316992826,-0.4206215725363718,0.24149995106817793,0.27433704031894834,0.6532887950107281,0.06747593484927172,0.011453878035098054,0.008502340984527958,0.0356386638484101,0.03809490283248231,-0.20522754917569597,-0.20234119976281817,4,FREE
0.4000000000000003,51.238000000016655,0.0,0.0,0.15496434368129497,0.00027550551649434534,0.15132966044493568,-2.1960245029685805,-2.18709711489321,0.7986012125424159,0.9349011091679515,0.27506130745184315,-0.3403334606495213,0.07506793061105074,0.009390032092875594,0.005834134117305768,0.010141735783532769,0.013089685620226355,-0.18108994104569845,-0.17264009198941602,4,FREE
0.4100000000000003,51.24800000001667,0.0,0.0,0.1550137538299439,0.0002757157424951026,0.15132701900902484,-2.1891068538569796,-2.1753747301071495,0.19578113993939858,1.213736885250478,0.2759665540579422,0.1450882830019028,0.08980675986945202,0.005974411921642526,0.004770034924971594,0.00025708310225572013,0.0033977951363023313,-0.16674843702392103,-0.16452608728933507,4,FREE
0.4200000000000003,51.25800000001668,0.0,0.0,0.15505974021616026,0.0002758892702982144,0.1513247452240957,-2.1778711583794985,-2.1627205364394015,0.4515396479453091,1.2567051809506604,0.2767124536617873,-0.010168090407075033,0.06814727664365222,0.003798493682616091,0.0046249317743585466,0.0011664006493201737,0.0033352070420290345,-0.15112557877542349,-0.15287677678138067,4,FREE
0.4300000000000003,51.26800000001669,0.0,0.0,0.15510757716173798,0.00027606578561112686,0.15132244993790034,-2.1652170286437467,-2.1504708025162924,0.373691436888951,1.223702807442892,0.2773474770511548,-0.18598119488278758,0.06379981578416062,0.004764048061987419,0.004783347695274581,0.0037529531436089406,0.005937473745869096,-0.14577426669181429,-0.14451560910365382,4,FREE
0.44000000000000034,51.2780000000167,0.0,0.0,0.15516203104497167,0.0002762793871076883,0.15131982940000666,-2.1528593258763724,-2.1398327467565696,1.0796535335156832,1.0060329643649824,0.277985403090433,0.06902261989606742,0.06595763461898621,0.005153153936491222,0.005663034475246795,0.01611855656452074,0.01876216153839019,-0.12710627970246516,-0.11802587108008178,4,FREE
0.45000000000000034,51.288000000016716,0.0,0.0,0.15523818350045926,0.0002766075514779597,0.15131615274070978,-2.141642873267158,-2.134688563025792,1.535717784322156,0.35487076129539114,0.2787313032066024,0.23348499278308532,0.06752715326402617,0.005010990875474792,0.008221250465639707,0.04739594231386737,0.04940356343614055,-0.09702996444903554,-0.10216687381979002,4,FREE
0.46000000000000035,51.29800000001673,0.0,0.0,0.15534232642612583,0.00027705499053411534,0.15131099241667567,-2.1350496226490185,-2.1366520355835843,1.1339736586773255,-0.29758386181612057,0.27913696118098424,0.14792689842549006,0.03637584261194082,0.007405837503065409,0.010788854267728245,0.07230627276428953,0.07339410757950725,-0.12156327917634167,-0.12326801345781642,4,FREE
0.47000000000000036,51.30800000001674,0.0,0.0,0.15547054209003217,0.0002776262944996773,0.1513044674738667,-2.135854522979994,-2.14471107145799,-0.6149077915107607,-0.9378208212622632,0.27944091983745506,-0.4291605191518161,0.030380431249086633,0.01080899195233043,0.013306705723870656,0.10149354869272162,0.10246156762707896,-0.10715720680894711,-0.10775944106072757,4,FREE
0.48000000000000037,51.31800000001675,0.0,0.0,0.15562283530632604,0.00027832959467057034,0.15129657513558448,-2.142536393080084,-2.1588831004648044,-0.9547043278922631,-1.4873657165514407,0.279781859496361,-0.24840854720767233,0.040816963684755674,0.012276677079940207,0.015467957642894565,0.11541162065381931,0.1175579861494796,-0.17796372948804723,-0.16194370060081914,4,FREE
0.4900000000000004,51.328000000016765,0.0,0.0,0.15576786849067806,0.00027902961244116465,0.1512887288870506,-2.1560079239085344,-2.171081455013302,-0.7553656668944378,-1.1244201752137923,0.28061516468749453,0.12479551905139777,0.08422322895123911,0.015107196372809389,0.014101849926128158,0.09705420290380933,0.09998342747348037,-0.1882880876076773,-0.18729753299274154,4,FREE
0.5000000000000003,51.33800000001678,0.0,0.0,0.15588945885423033,0.00027958824654428693,0.15128191767554974,-2.1690460364279796,-2.1771478976108316,-0.8523858576483303,-0.45442446068441417,0.2812008991732507,0.18572099712134804,0.04877430013445202,0.014630309854756277,0.011542143184409971,0.06772660960973752,0.06905574811308045,-0.19931927871364222,-0.2047875213913147,4,FREE
0.5100000000000003,51.34800000001679,0.0,0.0,0.15599331065862387,0.000280055097238539,0.1512761422400483,-2.1765433270845778,-2.17857899800442,-0.5445135861067661,-0.0959307886793721,0.28168147099510854,-0.43449779949424666,0.05215263331235804,0.012501755230290968,0.010177298230232251,0.056194764581037365,0.057936221693309885,-0.17740747498508144,-0.17755261945558806,4,FREE
0.5200000000000004,51.3580000000168,0.0,0.0,0.15608223161490703,0.0002804464082984203,0.15127127909619514,-2.178532847951232,-2.1761038871439293,-0.7880101349455824,0.35502538217795615,0.28210247174437275,0.8149384030674075,0.0394829893218384,0.011271377509836911,0.008456485105132734,0.03392513513504935,0.03520007868464434,-0.20430095992378017,-0.20490166946701638,4,FREE
0.5300000000000004,51.36800000001681,0.0,0.0,0.15614665332033664,0.0002807154296109086,0.1512677330481885,-2.1771335555162277,-2.167239525523469,-0.4548168320971736,0.9741089544618585,0.2824366758766255,0.208400154651161,0.033103998654377846,0.008730090075769338,0.006090302822903852,0.012098228301447843,0.01327374821647957,-0.1770702038996343,-0.1754055717117347,4,FREE
0.5400000000000004,51.378000000016826,0.0,0.0,0.15619684998815433,0.0002809306515276784,0.15126507293481173,-2.169326986345096,-2.1546303442241808,1.4408341771448285,1.334654299947831,0.28295823651505086,0.4129803651279465,0.06066249869631893,0.006655408093133573,0.004727781110524094,-0.003506692205416236,-0.000995840120264593,-0.18193123938435016,-0.17286407970433934,4,FREE
0.5500000000000004,51.38800000001684,0.0,0.0,0.15624625392554486,0.00028115381066751404,0.15126264565119865,-2.1574478174699077,-2.141728018046053,1.5486512687094047,1.2872034617319268,0.2837548449012174,0.6725483174896603,0.08593409108628007,0.0044105800268081,0.004947580050761242,0.009241288371745423,0.012008277642567143,-0.1001700621734674,-0.10383912209510694,4,FREE
0.5600000000000004,51.39800000001685,0.0,0.0,0.15632274172602478,0.0002814877476226447,0.1512590657468989,-2.1439690620033387,-2.1357213983117482,1.369973581953242,0.4208763637998193,0.2843121644296892,0.8165082894885781,0.04898256934911856,0.004443516246325726,0.008332853224048609,0.0483079929724552,0.04981734758759585,-0.09088136368989465,-0.09279917952726423,4,FREE
0.5700000000000004,51.40800000001686,0.0,0.0,0.15643746336762615,0.000282005046013018,0.15125355542968483,-2.1361643814183138,-2.139477647536663,0.726657059441046,-0.5742437860622702,0.2846986407067983,0.1509090606613837,0.03940458648836224,0.0071889083002029605,0.012219647391743409,0.09038938312004414,0.09183057896687101,-0.09368782785575677,-0.09066849180381681,4,FREE
0.5800000000000004,51.418000000016875,0.0,0.0,0.15658758240719153,0.0002827103491803384,0.15124605869486546,-2.1379320188001207,-2.152265424503283,-0.11791668813880843,-1.4323918324007712,0.28517005628101777,0.9022965053031823,0.049734088741241946,0.011684106795570042,0.015574835073961573,0.12432087955187215,0.1261731200555212,-0.10815571197346817,-0.1044737155137286,4,FREE
0.5900000000000004,51.42800000001689,0.0,0.0,0.15677198518206176,0.0002835734198095789,0.15123661967308064,-2.149092782329099,-2.1738228652061915,-1.9474141635508355,-2.3950589374458424,0.2853866591721075,0.30137041917283136,0.013325737456654442,0.015375642976814832,0.019320362182379463,0.15987017355462071,0.15985240437644274,-0.14491871682391322,-0.15348937658380396,4,FREE
0.6000000000000004,51.4380000000169,0.0,0.0,0.15696844275053173,0.0002844850604389479,0.15122623001840432,-2.1689962445639037,-2.1984365753723596,-1.7548028058753533,-2.474918328455726,0.28520502009999504,-0.6762278282817757,-0.02058271655218334,0.018492434087601907,0.019647003077146796,0.1624960369409191,0.16193461717289342,-0.15529372523842544,-0.15126018274428815,4,FREE
0.6100000000000004,51.44800000001691,0.0,0.0,0.15715286754472071,0.0002853597956827132,0.1512161512848962,-2.1934741445115025,-2.2199251302384115,-2.6955181060084525,-1.9205347936686004,0.2851285016367348,0.26491599120370857,-0.007833852318344403,0.02006040311092642,0.017509439032390564,0.12594930489333583,0.1255783503660978,-0.24414168726702742,-0.24641249285708147,4,FREE
0.6200000000000004,51.45800000001692,0.0,0.0,0.15728153704101255,0.0002859600263498122,0.15120862260586365,-2.2166585912473833,-2.227017301359337,-1.7247263261327626,-0.3908158067254064,0.2849932029760352,-0.44498562683635134,-0.014009585504562477,0.01835872591946445,0.011597134248605673,0.060058929516132356,0.05952396432206794,-0.2544023508530188,-0.2556704802515141,4,FREE
0.6300000000000004,51.468000000016936,0.0,0.0,0.15734978042022468,0.0002862664355787188,0.15120429314465883,-2.2268724216424305,-2.2185302755780776,0.6379161174276395,1.1915771383950187,0.2848942197476977,-1.0232188410088408,-0.011008786234530563,0.013518981859244177,0.005476785348224209,-0.0007243392785197724,-0.0007410255840481755,-0.21601415852062172,-0.2086138244366651,4,FREE
0.6400000000000005,51.47800000001695,0.0,0.0,0.15738066809663243,0.00028640380073149024,0.15120234843811786,-2.221277392813389,-2.200426784411191,1.209355937147272,1.9196313281906514,0.28508321924257235,0.07387342116628932,0.022512064923249978,0.006014386846884668,0.0026551376488338297,-0.023225776634490047,-0.02247120068464018,-0.15483563615492213,-0.15594534096754398,4,FREE
0.6500000000000005,51.48800000001696,0.0,0.0,0.15740926019977994,0.000286519347004056,0.15120106221211765,-2.204265974228125,-2.1817445047985173,2.208292758913653,1.833928488563124,0.28525934786227986,0.745846748368139,0.017144063000891305,0.0022087431031554004,0.0029850654597622325,-0.017103239047320456,-0.016470500106550445,-0.14241907152553612,-0.1414216610433387,4,FREE
0.6600000000000005,51.49800000001697,0.0,0.0,0.15744398258090844,0.0002866723863352748,0.15119965996650037,-2.185327084824713,-2.1646169883902946,2.038454476464213,1.694710557226003,0.2856481385318273,0.15471909527172292,0.048523601045149724,0.0033632123411308453,0.0035379340117270746,-0.012793703108086703,-0.01065524477513408,-0.15411658595853195,-0.1446382881762931,4,FREE
0.6700000000000005,51.508000000016985,0.0,0.0,0.1575033677869208,0.0002869329903348586,0.15119711895480134,-2.167971452336788,-2.1538053297638204,1.381669608125778,0.8881109850096299,0.2859993538807166,0.807757188378018,0.026269896413342434,0.004149296691275239,0.00667511731493096,0.030873012937357253,0.0316772864448967,-0.08598886781701559,-0.08703584362507924,4,FREE
0.6800000000000005,51.518000000017,0.0,0.0,0.15760319098417322,0.0002873777308347819,0.15119248051897885,-2.1551448685115457,-2.153365123873276,0.48794183719402157,-0.15486147554401683,0.28611762095266646,0.47180284307802345,0.005911019713661265,0.006655895769450678,0.010732203442592675,0.07331756679657866,0.07305783045918027,-0.09728320139384443,-0.1060503154054211,4,FREE
0.6900000000000005,51.52800000001701,0.0,0.0,0.1577378791577092,0.000287981266829449,0.1511858240827615,-2.152716014181914,-2.161847155549001,-0.36928939763460233,-1.0275977357103647,0.2858725570528963,-0.06263227629272725,-0.02727838969482794,0.009742843952986652,0.014132950904989403,0.11087671724646742,0.10979809462189374,-0.09674856766304057,-0.09903999247221007,4,FREE
0.7000000000000005,51.53800000001702,0.0,0.0,0.15789624586964532,0.0002887074467658071,0.15117763790473798,-2.1594279116567803,-2.1763711825379244,-0.21331599599007842,-1.4826761347375088,0.28546257924457097,0.2503687591425869,-0.046063485887637805,0.013151668266582999,0.015916784796073398,0.12359139970041105,0.1217077330371225,-0.14229669578200252,-0.14850327097270463,4,FREE
0.7100000000000005,51.54800000001703,0.0,0.0,0.15804491211322583,0.0002894056584474278,0.15116954107797168,-2.1733451263248087,-2.18832539272162,-1.1814642034698322,-1.0583402754878213,0.2851392161263076,-0.9285348146829845,-0.024365999095917794,0.016691143064597753,0.014300100599911283,0.103672373746527,0.10283810543530082,-0.15334121671337173,-0.15446184140029792,4,FREE
0.7200000000000005,51.558000000017046,0.0,0.0,0.1581840696116442,0.0002900702352797902,0.15116187202178244,-2.186202270295976,-2.1977936247470593,-1.3597519027734712,-0.8667816229450627,0.2849544992078898,-0.14074610704709006,-0.014174965666065862,0.014862569363329987,0.013569203524305087,0.08628710019441702,0.08617166781923719,-0.2230511664737016,-0.21620141555510175,4,FREE
0.7300000000000005,51.56800000001706,0.0,0.0,0.158292746707782,0.0002906002580058203,0.15115569268907617,-2.196472597029398,-2.1993656620551105,-0.8087646945593536,-0.028021374848454565,0.2850984390872295,-0.3314261261582427,0.01882278535645465,0.014817743683147446,0.010338194158645883,0.054645327305999435,0.05548973135398402,-0.19103961668917138,-0.18785624485683836,4,FREE
0.7400000000000005,51.57800000001707,0.0,0.0,0.15838339469181506,0.0002910457983121678,0.15115065782415663,-2.1995289986034314,-2.196275708565195,0.23422742359070559,0.36783636354064103,0.2855275270920168,-0.2848758111377282,0.051749881653974976,0.010245348584804559,0.00881214802370255,0.03978267593344515,0.04200827070336037,-0.1779717080531369,-0.16925664654922262,4,FREE
0.7500000000000006,51.58800000001708,0.0,0.0,0.15846132080289535,0.0002914218099444175,0.15114647638562692,-2.1971288421298514,-2.18989000679257,0.33937636028724033,0.7368683832895846,0.28616849632374236,-0.18413936095982647,0.06478936571746864,0.008458480810731417,0.007393110311429465,0.027969274644016454,0.03040413191202424,-0.14951189237466952,-0.14481000143393138,4,FREE
0.7600000000000006,51.598000000017095,0.0,0.0,0.15853765113386908,0.00029177902391069015,0.15114257337437975,-2.191312516487272,-2.18307587954741,0.24333251964590907,0.6871455859746779,0.2869180855109014,0.9250251345555335,0.07737187859744635,0.008088855859225797,0.007592599643878899,0.026752637035839785,0.029649138996220476,-0.17455827673171265,-0.1688391256296355,4,FREE
0.7700000000000006,51.60800000001711,0.0,0.0,0.15861101180561454,0.0002921105213543854,0.15113886821603223,-2.18455631217009,-2.1754599447170806,0.6485528486387903,0.7225327111083087,0.287732537230186,-0.5032490571082533,0.07872569684423916,0.00785206523972492,0.007470269091501463,0.03054538027597614,0.0332060632411488,-0.1356900363754572,-0.13534232875655863,4,FREE
0.7800000000000006,51.61800000001712,0.0,0.0,0.15869754193980748,0.0002924834981110292,0.1511345885264598,-2.1767805021229654,-2.1712055793522813,1.0253743298220683,0.3391291297087473,0.28828045112864875,0.2579313020205421,0.04598008599189854,0.007382652968503986,0.008967465080387553,0.048651911848010716,0.04991782366551508,-0.1256556254196432,-0.13028673551893655,4,FREE
0.7900000000000006,51.62800000001713,0.0,0.0,0.1587957316259419,0.00029289629491791036,0.15112965392461383,-2.1717112426869436,-2.169908477334022,0.8200148704506842,0.11087546532752528,0.2884106189025136,0.8750903320571027,0.0034514015235426266,0.008292855913867872,0.00987079109708195,0.06031756477013912,0.06026198033283797,-0.11697468814447717,-0.11874540593020316,4,FREE
0.8000000000000006,51.63800000001714,0.0,0.0,0.15891011690102747,0.000293400067697327,0.15112384015804292,-2.1698936295110376,-2.1727407280532964,0.057453952930090445,-0.3487078948917254,0.28838034898351844,-0.08560463075116646,-0.003721511810443753,0.010152179191729048,0.01166561155871193,0.0740894247964478,0.07394944555880668,-0.15955837886590812,-0.15917712944479495,4,FREE
0.8100000000000006,51.648000000017156,0.0,0.0,0.15902991754758264,0.000293947896199656,0.15111759893247384,-2.172072001342347,-2.1769146918752025,-0.17718874949427227,-0.48716300220547487,0.28834151588220786,-0.11864059094442897,-0.005169518719866662,0.011820953299068567,0.012220753655512352,0.08450416130328947,0.08423128694957294,-0.12553340957748518,-0.12739613380615158,4,FREE
0.8200000000000006,51.65800000001717,0.0,0.0,0.15915654039728647,0.0002945440223058064,0.1511109285151353,-2.175758126489907,-2.1828049372630933,-0.30885598473140374,-0.5487403915194125,0.2883200840355747,0.7682150464490111,0.0013342755827480037,0.011994099346450385,0.012476181638175026,0.08114211865463979,0.08131331379463236,-0.1687685904420933,-0.16639942565026006,4,FREE
0.8300000000000006,51.66800000001718,0.0,0.0,0.15927161129451803,0.00029510525865200914,0.15110469956066958,-2.181788141547642,-2.185666106794419,-0.693320717930128,-0.19694615502282006,0.28859132850417735,0.6243620480102139,0.039221883929303036,0.012862249945852961,0.011134079791961285,0.06664116809269315,0.06770764898548651,-0.15819157726927605,-0.16514933074153418,4,FREE
0.8400000000000006,51.67800000001719,0.0,0.0,0.1593783629667358,0.0002956022844704876,0.15109892533579708,-2.1853151863025606,-2.1863455767339186,-1.117295650441787,-0.0176729875559003,0.288603637097324,0.18062796574659892,-0.008005122181637098,0.011592132184050643,0.01045392271602825,0.0570167945871171,0.056317849913367496,-0.18034519229381452,-0.1883758732788836,4,FREE
0.8500000000000006,51.688000000017205,0.0,0.0,0.15946519634057435,0.0002959935381431578,0.15109413569709843,-2.186498062780713,-2.181840414742992,-0.19266901975374742,0.6059466074445037,0.28842979438419813,0.13003828789735353,-0.009054398130165533,0.011139211937576863,0.008062279088365815,0.0270715489804,0.02720152622022457,-0.21281508452819314,-0.2037554727090885,4,FREE
0.8600000000000007,51.69800000001722,0.0,0.0,0.15953263333821574,0.000296318310822715,0.15109043892643242,-2.1833945927102136,-2.172280970312576,-0.020925512214659665,0.959685139436505,0.2887180801667451,0.3002392864274858,0.03606936383032613,0.009175608908414224,0.006713495133801148,0.01904686718476848,0.02065905828957797,-0.15936634106483172,-0.1524129421167043,4,FREE
0.8700000000000007,51.70800000001723,0.0,0.0,0.15961081746116218,0.0002967029880214278,0.15108649707930275,-2.174207749497218,-2.1654540136591054,0.9928412474464314,0.5611839011448935,0.28929931567798095,-0.4535199867065367,0.06546070861706506,0.006370694511996707,0.008270973914047004,0.036006019195537114,0.03818722691646373,-0.15508092151580224,-0.15695805297810575,4,FREE
0.8800000000000007,51.71800000001724,0.0,0.0,0.15969615030782067,0.0002971016607385331,0.15108222054386175,-2.1665843314406907,-2.160405781663093,0.13805665988613777,0.46038134024620997,0.2897810915345396,-0.049671572402289296,0.04500224155997084,0.007929996110395084,0.008688290722752021,0.04591463876209577,0.047484256549678125,-0.11845752574746052,-0.11698566517895931,4,FREE
0.8900000000000007,51.72800000001725,0.0,0.0,0.1597950707056045,0.0002975598908459346,0.151077243206377,-2.1610905427205664,-2.1587927937640545,0.42538709765260563,0.15858502564668514,0.29021666530295503,0.6897176100437306,0.04306712023290877,0.00841666714564154,0.009883622874593304,0.052563362886175594,0.054066753022285995,-0.163438320776652,-0.16206965808071422,4,FREE
0.9000000000000007,51.738000000017266,0.0,0.0,0.15989569386767882,0.0002980168995649249,0.15107204150407255,-2.159162863556545,-2.15753220222331,-0.6210764114473399,0.0832690141115846,0.29053562645513836,-0.5245354531936184,0.026615064847235022,0.009693232655743764,0.010207273000836988,0.05923611362348226,0.05995948450958272,-0.13958010128705062,-0.1424915377297532,4,FREE
0.9100000000000007,51.74800000001728,0.0,0.0,0.16000873543598576,0.0002985415558849257,0.15106620527959935,-2.157613095862072,-2.159398486208507,0.2855484873133412,-0.3023266890198186,0.2908537300855981,-0.3270535339064109,0.03373171797795093,0.01094462278943092,0.011726807582139294,0.07072683888881007,0.07222030388280228,-0.17827872514105955,-0.17070479932094032,4,FREE
0.9200000000000007,51.75800000001729,0.0,0.0,0.16011905615526117,0.0002990665525520871,0.1510603587794041,-2.1589217479329945,-2.160472105397567,0.017852067342881972,-0.08418060843088535,0.29138199467774695,1.1082474370921132,0.05328170966450247,0.011666555054585559,0.010919459438588897,0.06588949459593602,0.06748129207736826,-0.13990802885048093,-0.14458486277294957,4,FREE
0.9300000000000007,51.7680000000173,0.0,0.0,0.16023562502068892,0.0002996060293891623,0.15105423395581946,-2.160226060142676,-2.163082224800803,-0.3045860369799595,-0.3140145920841769,0.29165847973589626,0.12563797307467528,0.023654607417256057,0.01082132091179524,0.011836036641829608,0.07704565822536885,0.07772976585220034,-0.13603587924141264,-0.1375885599874972,4,FREE
0.9400000000000007,51.778000000017315,0.0,0.0,0.16035729321877587,0.0003001682938264034,0.15104783739785005,-2.1623408219435167,-2.1669345161766134,-0.05031207030792103,-0.3640940229479429,0.29176564356291446,0.2346822953021772,0.007245267859297859,0.012370113117542438,0.012058484618056808,0.07616827691026715,0.07625735320649521,-0.1599149940344225,-0.16240950869717563,4,FREE
0.9500000000000007,51.78800000001733,0.0,0.0,0.16048598634660016,0.0003007626673282163,0.15104111307434984,-2.166248645955714,-2.1725370119493204,-0.7119985914750248,-0.6486264405071237,0.2916421572242458,0.7955672676381503,-0.01868893614321844,0.012976118469888845,0.013180184525863623,0.09042650540305275,0.08969815011246923,-0.14877686029309703,-0.14979549070208123,4,FREE
0.9600000000000007,51.79800000001734,0.0,0.0,0.1606199020528912,0.0003013960893649194,0.15103409117473526,-2.171204634005038,-2.1794327533836606,-0.25763325055281366,-0.6875227064271574,0.29148947394855573,0.11151705803083507,-0.01239647919649668,0.013366629482190051,0.01335154457769661,0.08965109078846013,0.08945135673927251,-0.16705188213883976,-0.16251003761327154,4,FREE
0.9700000000000008,51.80800000001735,0.0,0.0,0.16074767319317348,0.0003020236839220601,0.15102728896146236,-2.1781211665441793,-2.184693099259884,-0.3718190880993054,-0.47118666253578717,0.2916264289377503,-0.15284083750890973,0.02133151501725807,0.013565919288525517,0.012533697778294306,0.07863195291194572,0.0797257583042377,-0.177232798205729,-0.17048977193357215,4,FREE
0.9800000000000008,51.81800000001736,0.0,0.0,0.16085751759270026,0.0003025738675286478,0.15102130709383418,-2.183871911899516,-2.18527996568758,-0.783703630048785,0.08700576664767089,0.2920862731406481,-0.03538189550239013,0.05119478269204052,0.0130767900729014,0.0103947294656016,0.05098505137844543,0.05304589797208016,-0.20337070181132003,-0.19748180341134505,4,FREE
0.9900000000000008,51.828000000017376,0.0,0.0,0.16095315168866223,0.0003030297645967514,0.15101613930962085,-2.185745680314568,-2.1821617827788407,-0.9570738875262269,0.3231717438128,0.2924206741196805,-0.6137809450265801,0.023753695285780328,0.01106678650243388,0.009495348755256944,0.044878239029044024,0.04574708444305284,-0.1805146942293895,-0.17823896415794374,4,FREE
1.0000000000000007,51.83800000001739,0.0,0.0,0.1610373201492045,0.0003034190622215257,0.15101164680116094,-2.1829646304289048,-2.176041479673335,0.48372099247133293,0.6740405417165425,0.2926949012333043,-0.5181357895871103,0.02683838262378215,0.00959104627099262,0.00815785861525295,0.03208841263707233,0.032912441082483895,-0.16570081182850324,-0.1671744534071878,4,FREE
1.0100000000000007,51.8480000000174,0.0,0.0,0.16111605215480648,0.00030377082977351414,0.1510075507129257,-2.1774641360143763,-2.168468120195601,-0.37953755700833886,0.7506060468182043,0.2928405203907094,0.2643671278334896,0.010715166998948252,0.007596829413645739,0.007882116418499485,0.0318689004591441,0.03207741562674177,-0.1478464453289701,-0.15046475195172668,4,FREE
1.0200000000000007,51.85800000001741,0.0,0.0,0.16119726114040123,0.00030412015176447193,0.15100341860321065,-2.16993388608719,-2.1614733145216882,0.8451407591496433,0.6915998807444466,0.2926807816943863,-0.3865967723247199,-0.026131107040645273,0.007579388652905396,0.008135367576706994,0.03496671936735572,0.03360859060883091,-0.14779940542821698,-0.15651149462489386,4,FREE
1.0300000000000007,51.868000000017425,0.0,0.0,0.16128646785771567,0.00030451332414346973,0.15099892584064314,-2.1628412251332136,-2.156470638306587,0.7928550471126339,0.4499784460123269,0.2923359006056644,0.8524554507441413,-0.036811312050164385,0.00804184921878073,0.00909776819110363,0.04917475977910829,0.04816774546482647,-0.12619013118660266,-0.1206516416861914,4,FREE
1.0400000000000007,51.87800000001744,0.0,0.0,0.16139272550766987,0.00030502615073402066,0.15099358668935553,-2.1571718732638985,-2.1557922473532876,1.551388772079508,-0.021290814000523864,0.2923139508087596,0.4725627880102129,0.007044733696276354,0.008455571086165582,0.01094891742028921,0.06725672747842618,0.06798804876135187,-0.1359950725110377,-0.1269220509197556,4,FREE
1.0500000000000007,51.88800000001745,0.0,0.0,0.16151640580848936,0.00030565237159475394,0.15098729899711583,-2.155602331042962,-2.159530410990564,0.8316577642169171,-0.4860194387810778,0.29274880363902356,0.0774715761993736,0.05069607128832382,0.01008351469728908,0.012775136955536287,0.08832234212172174,0.09043485971590048,-0.11983858909930552,-0.11298688660315519,4,FREE
1.0600000000000007,51.89800000001746,0.0,0.0,0.16166309892523748,0.00030639594681308155,0.15097978674508575,-2.1583142189522877,-2.1691397654737385,-0.9778309858704574,-1.0762341283897365,0.2934342387278708,0.48534437994958834,0.07202818605219725,0.012121355692731355,0.015081134708131657,0.11261985768769278,0.11534510307371336,-0.121302619718166,-0.11597863204971778,4,FREE
1.0700000000000007,51.90800000001747,0.0,0.0,0.1618180767695807,0.0003071700522599719,0.1509716458304953,-2.1667559916754655,-2.1808235270448493,-0.972871065767076,-1.1852681843367927,0.29421162515509547,0.4378237488821565,0.08154538652673539,0.01510609040809431,0.015525419615435526,0.10805563778978935,0.11065620490012405,-0.18253806567056066,-0.1861376817278851,4,FREE
1.0800000000000007,51.918000000017486,0.0,0.0,0.16195637742415334,0.00030782994052909517,0.15096409467668356,-2.1786414974115615,-2.188144356213382,-0.3927824017657693,-0.5871403763677616,0.29473713874766927,0.7017814638468202,0.046756511445962365,0.015573804729530273,0.013235551201069782,0.07776535069747635,0.07923439179977351,-0.22336894816827335,-0.2245274933270076,4,FREE
1.0900000000000007,51.9280000000175,0.0,0.0,0.1620619206019439,0.00030831181367176383,0.1509581184364169,-2.187412366201843,-2.1869603040278243,-0.008799750865235963,0.22007379060114662,0.2950999238383235,0.008938160632791056,0.03503443893664962,0.014520227899576459,0.010133597267307047,0.050518278938352236,0.05170580823369615,-0.1776230983166282,-0.17674822397824463,4,FREE
1.1000000000000008,51.93800000001751,0.0,0.0,0.16214327660465752,0.00030866880265239497,0.15095352059338651,-2.187543411623885,-2.1794929828373633,-0.4117892902347761,0.9386210622338964,0.2953680524159502,0.5380305948991535,0.02293995421457966,0.01082199878867108,0.007375190079665429,0.015590573762654986,0.016241331805975902,-0.21381947596094417,-0.2157138191383243,4,FREE
1.1100000000000008,51.94800000001752,0.0,0.0,0.16221776968131768,0.00030898858194008597,0.15094960095915308,-2.1817548178552757,-2.1702159726515626,0.8084826473953008,0.8273047874170616,0.2954589686029035,0.6178097891661848,0.005993251100692918,0.008780646815977062,0.00781938461241773,0.027574860198184663,0.027536646327844923,-0.1668940820353877,-0.17126844658348056,4,FREE
1.1200000000000008,51.958000000017535,0.0,0.0,0.1622906139027005,0.00030930022790622073,0.15094590174808226,-2.1719620577195307,-2.1604530290821,0.4729205997075917,0.9990634448067467,0.2953458512371343,-0.8151032677886001,-0.014665502414723376,0.007657354437825154,0.007182838818330229,0.023313889263977684,0.022722983623415523,-0.14998241466210557,-0.15128172379954116,4,FREE
1.1300000000000008,51.96800000001755,0.0,0.0,0.1623707695550429,0.00030965898228374835,0.1509419411899885,-2.1624264033111262,-2.152504156635561,0.6886654963533774,0.6792510134665851,0.2951475926775991,-0.0742935816173035,-0.022654580534451376,0.007586778688247591,0.008447286103421898,0.042925411878624066,0.04197677978514259,-0.10842883941480336,-0.11194625917222106,4,FREE
1.1400000000000008,51.97800000001756,0.0,0.0,0.16247473185751277,0.00031014276881697136,0.1509368384854133,-2.153579446499114,-2.1506209920786254,1.2262785385851829,0.08446667595264067,0.29478476354475835,0.13797873667812116,-0.04033234224607231,0.008502493148530476,0.010777972350717476,0.06689405347759085,0.06527820116856653,-0.11953292655836366,-0.12442431508063019,4,FREE
1.1500000000000008,51.98800000001757,0.0,0.0,0.1626028884825846,0.0003107663749778843,0.15093042948598576,-2.1505824406803513,-2.1548961923948307,-0.10444220481149392,-0.557422247311974,0.2944688430644581,-0.5749331653961018,-0.026701148197670395,0.009804967322024231,0.013291143602736656,0.0959939325122634,0.09509951595551548,-0.10487467945923892,-0.10532640152204056,4,FREE
1.1600000000000008,51.99800000001758,0.0,0.0,0.162758776108547,0.0003115454314283993,0.1509224960308129,-2.1534652909964946,-2.166252877331847,-0.012787202969541864,-1.2575663844390323,0.2942956355184539,-0.006993600124782296,-0.012052574936742392,0.013132185006940595,0.01602454865319732,0.12108940899500382,0.12109126061226508,-0.13760765762977575,-0.12984061033295433,4,FREE
1.1700000000000008,52.008000000017596,0.0,0.0,0.16292740956595161,0.000312406067045228,0.15091367309830658,-2.1636035011481685,-2.1808322979953227,-1.8017055477097197,-1.4794612261502031,0.2944685948149766,-0.3749943899646829,0.021210336329479013,0.016077082839770638,0.016905633692853094,0.12732224768995434,0.12820311278914287,-0.1528190073660823,-0.1505340028457645,4,FREE
1.1800000000000008,52.01800000001761,0.0,0.0,0.1630943701387818,0.00031326447081573677,0.15090472965043902,-2.1778527986940572,-2.1949339401943817,-2.112419726724826,-1.3651168215033989,0.2949704414064411,0.10789116113844675,0.06332703476130656,0.016888079456414077,0.016478630606711443,0.11900373455058841,0.12179532167990365,-0.17514248359704648,-0.1630652359682177,4,FREE
1.1900000000000008,52.02800000001762,0.0,0.0,0.16324540782605265,0.00031402749905430735,0.15089646652761513,-2.1922931245161017,-2.2049004883380836,-1.494457458581079,-0.9203157238398151,0.29562629099779403,0.4934685169727061,0.06257818044786179,0.01695050837379766,0.014766943212974755,0.0930363003319521,0.09521048927402885,-0.2240092653486642,-0.22282743142549352,4,FREE
1.2000000000000008,52.03800000001763,0.0,0.0,0.16336050517044257,0.0003145835713526292,0.15088994582943252,-2.203495761275372,-2.2055726285735706,-1.1278604145051998,0.1381554310661348,0.2962051908257387,0.5824620240624795,0.057319215513059955,0.015016194310046955,0.010683730487696748,0.049828263361266834,0.0518857448427842,-0.21484791189148966,-0.2119529603984045,4,FREE
1.2100000000000009,52.048000000017645,0.0,0.0,0.1634426628846737,0.00031497046109209064,0.15088526815435488,-2.206221218965864,-2.197735874993247,-0.0683473655161012,0.9037479592053883,0.296931545421324,0.44868042522182994,0.0814468870907848,0.011132111254882206,0.00772820552543536,0.02084807112933143,0.024185671990204532,-0.19344835595848317,-0.18162912840954534,4,FREE
1.2200000000000009,52.05800000001766,0.0,0.0,0.1635121696138601,0.00031528476872386244,0.15088157275873787,-2.19975032807987,-2.1866293001701838,1.0250065607834478,1.1105866919313137,0.2977308242492852,-0.05663647404962058,0.06864435592679574,0.008180208920855749,0.006932464029650349,0.017723176713451385,0.01974399395744228,-0.15243840667851943,-0.15785006658135736,4,FREE
1.2300000000000009,52.06800000001767,0.0,0.0,0.1635794453795758,0.0003155526128590146,0.15087820418369682,-2.188850351828161,-2.1749230987220733,1.0750945968890078,1.2284277255614742,0.2979895788497396,-0.45990080262884553,0.011682229313742762,0.006590553055196215,0.006490025385567924,0.0186187667486429,0.018990378978185785,-0.12105426271403061,-0.11922662237285045,4,FREE
1.2400000000000009,52.07800000001768,0.0,0.0,0.163660540299696,0.0003159045532355141,0.15087429651803833,-2.177157381029474,-2.1667473906381063,1.767473053334856,0.7291408541947109,0.2981669267064974,-0.2748117712131459,0.018636936342179278,0.0066259867063545915,0.008434283148085179,0.037396480137779006,0.03805317694955951,-0.13855051230997092,-0.13748237140801092,4,FREE
1.2500000000000009,52.08800000001769,0.0,0.0,0.1637536469191857,0.00031634608992269793,0.15086971414315162,-2.1680979209757685,-2.1616112674087726,0.6362489133897933,0.45949572695169677,0.29854552379758165,-0.3645739566246505,0.04979637673457207,0.008270002728062444,0.009501161789761762,0.04799020773057314,0.050349813607519264,-0.14442360826351294,-0.13108248597651775,4,FREE
1.260000000000001,52.098000000017706,0.0,0.0,0.1638702427327414,0.0003169220062743437,0.15086393037838422,-2.1624220752970067,-2.16247687613618,0.3049377399904734,-0.30555077114886825,0.29911028569089887,-0.6608280155949161,0.046396097259438523,0.008958313302514991,0.01247962481335363,0.08810330452199455,0.08937864152167557,-0.08336939314865699,-0.08912710898237869,4,FREE
1.270000000000001,52.10800000001772,0.0,0.0,0.16401357016601986,0.0003176076070802664,0.15085666186763555,-2.1614269983627548,-2.1701802999573583,-0.2742877023390947,-0.8626839410515474,0.2991583218221582,-0.5887539072842427,-0.0111504849512011,0.01145669556212321,0.014656893301922443,0.1045881043053779,0.10452318150756267,-0.14524174533715278,-0.13641603699705845,4,FREE
1.280000000000001,52.11800000001773,0.0,0.0,0.1641669737952989,0.0003183662104253643,0.1508486409598681,-2.1683653234700944,-2.1804241885724434,-1.5407851733876692,-1.0574497560018625,0.299316070747621,-0.9383318269443118,0.01582461966905072,0.013783192245777134,0.015430772207136673,0.11131444047692848,0.11130702924324472,-0.1444184331978475,-0.15583694896221892,4,FREE
1.290000000000001,52.12800000001774,0.0,0.0,0.16432576864104342,0.0003191362616409694,0.15084021570396577,-2.1782785138822933,-2.1920198074639425,-0.9079712267512368,-1.2017745981403638,0.2990915432068004,0.3339039509231798,-0.024441745614871377,0.015753846210532427,0.016000982759509258,0.1192264806053186,0.1183146139122196,-0.13936052793732362,-0.14026309913301638,4,FREE
1.300000000000001,52.138000000017755,0.0,0.0,0.16448814534555356,0.00031993754066438556,0.15083155667057654,-2.189517784592442,-2.2045243950847073,-1.3069512345318741,-1.2254418052510216,0.29884753152055915,0.21522558742418516,-0.024169631391141096,0.015717047369034766,0.016096813298484645,0.1168856462427761,0.11600351298591642,-0.16254267792792296,-0.16383737097874393,4,FREE
1.310000000000001,52.14800000001777,0.0,0.0,0.1646426745810937,0.00032071853895248724,0.15082323569593098,-2.2021230130939866,-2.21500541379656,-0.9807893358477312,-1.0199882328064775,0.29881343412979466,-0.2976670069656714,0.005517957561009754,0.016309568011169853,0.015299628525023846,0.10304018733988361,0.10326779142611746,-0.19609211250515468,-0.1963785430779576,4,FREE
1.320000000000001,52.15800000001778,0.0,0.0,0.1647774000582142,0.000321398509462875,0.15081588022990713,-2.2132249416208953,-2.220390802844207,-0.9763780982511375,-0.4337555632684628,0.29887879262511113,0.13850887675664422,0.00812567644104677,0.015258253489583656,0.013027351562275193,0.08079797890360034,0.08125467132949685,-0.17845298239917357,-0.1751002564796053,4,FREE
1.330000000000001,52.16800000001779,0.0,0.0,0.16489723161518693,0.00032200301193159657,0.15080940156841938,-2.2196576629159774,-2.2219675208013805,-0.26240397137603727,-0.08540393875295423,0.2990871349695651,1.291350334901761,0.02325157119593117,0.012738963200093554,0.011667074650823176,0.0656888086928712,0.06661575882428364,-0.18009447233344428,-0.1776791146768612,4,FREE
1.340000000000001,52.1780000000178,0.0,0.0,0.16500218173069361,0.0003225219214646041,0.15080378666045602,-2.2219437045837167,-2.21974162446163,-0.1539011337566256,0.3031031687518974,0.29933007424592856,0.5204955174175663,0.022816129415298127,0.011462300808914687,0.010151618286691198,0.04913886073662048,0.049900641035287796,-0.18096502343758714,-0.18120914607028943,4,FREE
1.350000000000001,52.188000000017816,0.0,0.0,0.1650950566231669,0.000322979787364448,0.15079889578995537,-2.220508946520619,-2.214435659000826,0.11653617607015003,0.5866616260836828,0.2997274199654821,-0.2039303862219575,0.04887063968500992,0.010311243315616326,0.00904262510740082,0.0393324434703137,0.04083065498007717,-0.16137388901992328,-0.16556132047321226,4,FREE
1.360000000000001,52.19800000001783,0.0,0.0,0.16518261379932123,0.000323393614007271,0.15079438312339036,-2.215657679975865,-2.2077878450152513,1.1858314344708274,0.6762138019082964,0.3000174447851335,0.08799568994017719,0.027220492758154333,0.009101317942770804,0.008685711510984337,0.037245269729267234,0.038402579477223905,-0.15593854312104952,-0.15053441689137273,4,FREE
1.370000000000001,52.20800000001784,0.0,0.0,0.16551577982696328,0.00032458231813901976,0.15077805737016417,-2.2091240163355192,-2.155463702041937,0.8538888443533281,6.7277522494559765,0.30051630738369134,-0.38274779629509137,0.05233650578228474,0.008771846457834359,0.041502761477842605,0.1606250573850802,0.1626664633461745,-0.13292593541601885,-0.13005867962135484,4,FREE
1.380000000000001,52.21800000001785,0.0,0.0,0.16626610123898583,0.0003274072139574945,0.15074059262044842,-2.1718918154294133,-2.028949693475222,5.590528679656113,14.125533603775835,0.3010298057536071,-0.03151639730960884,0.04228002058365481,0.03319891992436171,0.08321357945696403,0.29372230919165804,0.29505805946050145,-0.12285336917460112,-0.12742135647061104,4,FREE
1.390000000000001,52.228000000017865,0.0,0.0,0.16743447799643868,0.00033222481434634263,0.15068118850688395,-2.060161598758365,-1.8282474510770794,12.625378671772314,21.761677354122597,0.3016003077586573,-0.27019212596509296,0.05634700763476724,0.07480152866562004,0.12413387231324528,0.4463768448494567,0.4485102067326826,0.09395617197881709,0.0952543830915075,4,FREE
1.400000000000001,52.23800000001788,0.0,0.0,0.16913885631290032,0.00033988912787492605,0.15059447188544037,-1.8733641408521557,-1.5835214944635831,20.56775096810707,24.94653842348141,0.3022896907835102,0.1909640568372132,0.06227091256356548,0.11554117817959939,0.182404553288185,0.7951909058723162,0.7973851979446381,0.3558798480402862,0.354857375725489,4,FREE
1.410000000000001,52.24800000001789,0.0,0.0,0.1715788961232109,0.00035159050856280183,0.15047049239693455,-1.6333738398764894,-1.3459689164582622,24.48884484489584,22.989211716375333,0.30305654485621164,-0.2041942766988961,0.07641630009221662,0.16737245963951097,0.2607420863768899,1.3654575080622735,1.3684965597975718,0.6468834357368527,0.6540310499877278,4,FREE
1.420000000000001,52.2580000000179,0.0,0.0,0.17498363208142512,0.00036861350819571723,0.1502970588143013,-1.3900483654490614,-1.1743778020196256,23.031277057789705,15.191803955712642,0.3039402749762808,-0.11794555855293293,0.0787410100505525,0.2419570630443238,0.3618233400796966,2.1853816796985064,2.1879497019609384,0.971717671106914,0.9689870910667959,4,FREE
1.430000000000001,52.26800000001791,0.0,0.0,0.17953795142984702,0.0003919536167954281,0.1500635673988623,-1.2008345091782453,-1.1162143682196124,17.19609561039116,3.395135167601123,0.3045730694368823,0.49465175620118157,0.05423047816242097,0.3382938163993869,0.4784587152272355,3.156952338373951,3.1589989843111295,1.1799646213840436,1.1853376105040054,4,FREE
1.440000000000001,52.278000000017926,0.0,0.0,0.18530465863051002,0.00042196591242956913,0.14976558194692635,-1.11772985225015,-1.1875640847427957,6.447226556298201,-9.760213249254226,0.305304098594641,0.32625368397604215,0.0782650384674805,0.4529458408748173,0.6003079468643834,4.152630704835242,4.155260928164043,1.1747149115142264,1.1741843347142746,4,FREE
1.450000000000001,52.28800000001794,0.0,0.0,0.19225963787226114,0.0004585082155725117,0.1494037669001643,-1.1628245788115823,-1.3822957745680327,-7.078942825618867,-21.598189580119524,0.3060702831846424,-0.13628976958703706,0.0878728294913298,0.5738883472591367,0.7168765388782877,5.065462822510551,5.068771993083929,0.981626801877155,0.9879915381500461,4,FREE
1.460000000000001,52.29800000001795,0.0,0.0,0.20027144908727948,0.0005009123945106823,0.1489846055459953,-1.3350892313382665,-1.6667661375673621,-19.349706074499082,-29.86531524062251,0.30749586289868297,0.02971320859914181,0.17665255372662703,0.693424448283763,0.8193343114032144,5.825503692297998,5.832796640266991,0.7884827333185325,0.8120923540626959,4,FREE
1.470000000000001,52.30800000001796,0.0,0.0,0.20913315495873874,0.0005481555565007353,0.14851857254561024,-1.6041898100026024,-1.9879885396071761,-28.1472014185565,-32.58239677322421,0.31024244668887024,0.18147342188397217,0.31047055180056016,0.7981197651743257,0.899996457997543,6.298961049811616,6.311405369812784,0.22622567666109147,0.26037328709422464,4,FREE
1.480000000000001,52.318000000017975,0.0,0.0,0.21865255091099176,0.0005993444333864733,0.14801613253083,-1.9235211328979973,-2.296894538312718,-31.57788391884134,-30.339285527807814,0.3143749640007919,0.1444741496417688,0.4511165401192531,0.8837097099630368,0.9611853098167983,6.617892794749993,6.635484769924325,0.057446675557057535,0.09864660297368985,4,FREE
1.490000000000001,52.32800000001799,0.0,0.0,0.22869964850639393,0.0006539888132116558,0.1474849837213549,-2.23793956257838,-2.5604985974599708,-30.88797831201973,-25.13852072241635,0.31996699914105853,1.3859032912239082,0.5954889367907149,0.9493520568591618,1.010714517438752,6.816119805155232,6.8387185357687645,-0.08833359310267686,-0.044898678748006016,4,FREE
1.500000000000001,52.338000000018,0.0,0.0,0.23920373211935206,0.000711964632819561,0.14692991257565102,-2.5128371255673474,-2.7610595114210614,-27.143360344368478,-18.821004400985363,0.3269327381244571,0.3825839765172245,0.7300088828861582,1.000212628742461,1.0557880359960305,6.991101627431666,7.018448873319431,-0.07073419386153457,-0.02271914333850067,4,FREE
1.5100000000000011,52.34800000001801,0.0,0.0,0.25021165645802673,0.0007738199684700171,0.14634996587452717,-2.7258747705946575,-2.9111395407752623,-20.031170754468718,-14.005511038763075,0.33474430459660875,0.9948130872807569,0.7916229160432826,1.0460800134516144,1.1065552970384258,7.265482076384602,7.2946885981176885,0.19951685806211214,0.2457765401405613,4,FREE
1.5200000000000011,52.35800000001802,0.0,0.0,0.2616012933037172,0.0008397658359009885,0.14575180458292059,-2.8838371339507254,-3.0887330478956825,-15.41610804621529,-19.29340170047355,0.34332673759000076,0.42847845612662944,0.8810329394201105,1.0957943894468158,1.139970964625149,7.5868092195236025,7.619142715639478,0.45025259605340934,0.5022932231233103,4,FREE
1.5300000000000011,52.368000000018036,0.0,0.0,0.2733862557993232,0.000910265479439829,0.14513554736842818,-3.046084853050197,-3.370566643593327,-17.252702142723727,-30.716954950873394,0.3526180220170945,0.7125496534765684,0.9429801671371917,1.1322963752828752,1.1825941165264837,8.089330790334934,8.123064885901861,0.6475216695859006,0.6877132069692532,4,FREE
1.5400000000000011,52.37800000001805,0.0,0.0,0.285713512945769,0.0009861367855623672,0.1444936135237712,-3.303798063044132,-3.7952613699731166,-27.85850170404981,-45.67546619699447,0.3619128366536222,1.038134384083821,0.9400567630263235,1.1718750318121354,1.2381526016860736,8.733570299710774,8.766901176274725,0.8129726541162187,0.8495557560619115,4,FREE
1.5500000000000012,52.38800000001806,0.0,0.0,0.2985695989691208,0.001067379471981698,0.14382461612061473,-3.69747153437769,-4.360240532295446,-42.35740713742335,-59.29177209520338,0.3714906493035388,0.7431110130006594,0.9881883443532595,1.2256250191467823,1.2876029459767613,9.223324305738213,9.258866507469417,0.30660258663735923,0.3536048441042771,4,FREE
1.5600000000000012,52.39800000001807,0.0,0.0,0.31174569325814583,0.0011527727158258062,0.14313646109274758,-4.238341032086003,-5.012714215387559,-56.55537236684651,-66.4422162442318,0.38154507327069515,1.8366732206762042,1.038115009999579,1.2776788735673197,1.3111840352781092,9.45223513753804,9.490124741270739,-0.081689591017638,-0.022453955020753938,4,FREE
1.5700000000000012,52.408000000018085,0.0,0.0,0.32495437134648314,0.0012405824429305935,0.1424420190056671,-4.878861323932106,-5.6797731664144875,-65.57545740438044,-66.05889625095963,0.39250482386820074,1.6000364790353738,1.1355784968659017,1.309750255757654,1.304987251468573,9.350839004715905,9.39232263956104,-0.5404595152264676,-0.4779870868944761,4,FREE
1.5800000000000012,52.4180000000181,0.0,0.0,0.3378666361580345,0.0013286979506564145,0.14175736609220546,-5.549486958300271,-6.277767290592609,-66.4146786387729,-57.57961771573628,0.40456286453291945,1.5311233171236807,1.2462417077795023,1.30979654111443,1.2673095238852583,8.912567446091376,8.958277533546639,-0.9667255166353094,-0.8964197573839688,4,FREE
1.5900000000000012,52.42800000001811,0.0,0.0,0.3502294217905112,0.0014153563977472832,0.14109711585688142,-6.167001222689233,-6.7425234532677925,-59.70123700195897,-43.5899926831734,0.41737393433328474,1.4439136352327717,1.297575797327854,1.277154296344172,1.2085705904275994,8.256599295028117,8.30353184413349,-1.2995325119442436,-1.2394765591302352,4,FREE
1.6000000000000012,52.43800000001812,0.0,0.0,0.36195445903658613,0.0014998592655527628,0.140469705253423,-6.661761764003864,-7.052206761459108,-46.62600083737782,-27.887092724762343,0.43058554249737024,1.7260413845877134,1.3308780414408183,1.2217686005711357,1.1436186265390738,7.586447896926587,7.634669272981836,-1.2206794826004472,-1.1574254437338123,4,FREE
1.6100000000000012,52.44800000001813,0.0,0.0,0.3731045347976178,0.0015826109792734563,0.13987598450001718,-7.002257048331276,-7.22370981075222,-29.9871576345096,-14.835281798048195,0.44428809797800756,1.120829990086384,1.3773070080505747,1.1569421419706631,1.0891880276053338,7.048758166382938,7.098790406465177,-0.9925428372005807,-0.9254115265964855,4,FREE
1.6200000000000012,52.458000000018146,0.0,0.0,0.38386765245053317,0.001664950079612207,0.1393089401992311,-7.198356499435337,-7.305989449596754,-16.663279150414258,-7.080833093449724,0.4581926195065601,1.1575258219095865,1.3753495094620354,1.0988774668472983,1.0552523395602138,6.746845186436623,6.796075296163034,-0.6668977131450072,-0.6144627900897711,4,FREE
1.6300000000000012,52.46800000001816,0.0,0.0,0.3945074339606159,0.0017488474099225492,0.13875557027420335,-7.294107419434631,-7.367329087494112,-8.06473645825439,-5.907248266677455,0.4714167271324795,0.903093398820839,1.2960760231465351,1.0610722901230236,1.0464969206348174,6.774048363882068,6.820056065720125,0.044713712422343614,0.08809312788999496,4,FREE
1.6400000000000012,52.47800000001817,0.0,0.0,0.40528140725088047,0.0018364409725073777,0.13820086370036658,-7.353325914078527,-7.474347068852565,-6.000980041747522,-12.069841720665156,0.48394798806520206,1.0190402943983208,1.234889508904921,1.046936502650076,1.0655441390735831,7.041017422251751,7.084729232096406,0.26014006361089204,0.2987667591043024,4,FREE
1.6500000000000012,52.48800000001818,0.0,0.0,0.41635450027466603,0.0019291382048153552,0.13763279779760662,-7.446656287101474,-7.669799627102765,-9.623767235630588,-21.565340597413005,0.49569830758979033,1.7009848850066158,1.1559533166646492,1.0592726872593963,1.0968716579253928,7.428737550327833,7.469433486291942,0.35827209011345484,0.39025365239713916,4,FREE
1.6600000000000013,52.498000000018195,0.0,0.0,0.42777301985653543,0.002027367244613573,0.13704537835235225,-7.622495965337033,-7.966000924124073,-19.518483029053378,-31.559086188457,0.5066967706640874,1.6752906613531309,1.095111630899815,1.0892194535371127,1.1294717789300628,7.813494063135343,7.85241538618891,0.30584226813175575,0.34306977733049604,4,FREE
1.6700000000000013,52.50800000001821,0.0,0.0,0.43944768023868785,0.0021303621908937815,0.13644009208003338,-7.898987458907318,-8.340479154672202,-29.484994681551534,-38.97728366940013,0.5173071956211217,1.0354614184427475,1.0628731506496707,1.1233345958550691,1.1515593706344356,8.033052417440343,8.071014700059225,-0.13903359586182165,-0.10067915079101296,4,FREE
1.6800000000000013,52.51800000001822,0.0,0.0,0.4512003852127862,0.0022364758254263496,0.13582454793830803,-8.261363929695015,-8.74803016262888,-38.13187381941618,-40.963731035614934,0.5277881636633251,1.2091157504191186,1.0612459030396924,1.14777900860584,1.1523895944405238,8.038341330128883,8.07719819577765,-0.4584510794960578,-0.40243883134182934,4,FREE
1.6900000000000013,52.52800000001823,0.0,0.0,0.4628161366176231,0.0023437165280274846,0.1352099957965065,-8.666821818339725,-9.13401565062918,-41.662659041476545,-37.609434091639706,0.5388857348014545,0.6051166891517967,1.1277711455460822,1.1546645084912797,1.1326088086069812,7.824104298695969,7.8653206589645865,-0.718057703091703,-0.6635609822940305,4,FREE
1.7000000000000013,52.53800000001824,0.0,0.0,0.47411260894145807,0.002450227040244299,0.13460788419792102,-9.061068588082927,-9.452208909709839,-38.95105640043375,-30.056217127054047,0.5505629952748989,0.984225802317413,1.1799221310331411,1.1384548456214796,1.0968915651185485,7.440670393769596,7.4838456144528935,-0.9274189530076747,-0.8703409606392675,4,FREE
1.7100000000000013,52.548000000018256,0.0,0.0,0.48498051440619205,0.002554820545045908,0.134027002371595,-9.395592629699795,-9.675108634680381,-32.09230646824819,-20.30116613773144,0.5627485288196012,1.4881780614351583,1.2216484692883745,1.1045671808954718,1.0530679573606434,6.979703900468406,7.024232739804372,-1.0293022562026801,-0.9743293334754201,4,FREE
1.7200000000000013,52.55800000001827,0.0,0.0,0.495403594530384,0.002657186495116849,0.13347141548589578,-9.638583105907571,-9.799032875722808,-23.420805696641942,-10.509902741559237,0.5752221888189313,1.4139725569086805,1.2388154494297525,1.0626651733722923,1.009447451748825,6.547478470490314,6.592505991665286,-0.9123350827152803,-0.8591033928461267,4,FREE
1.7300000000000013,52.56800000001828,0.0,0.0,0.5054680750053548,0.002758050768209687,0.13293940807560886,-9.781329363149474,-9.846544679869208,-12.526252054030545,-3.671548553615325,0.5876602377642296,0.5989438595617288,1.2189525323902903,1.0170897494193156,0.9773081007594333,6.256375439857458,6.300155844978546,-0.6759853550311967,-0.6340031166869926,4,FREE
1.7400000000000013,52.57800000001829,0.0,0.0,0.5153296700610751,0.0028588784219453216,0.132423891653364,-9.84106487605277,-9.857943061048397,-4.963516604651325,-0.8048716695962214,0.5995245229542039,1.087143240427468,1.1552895971813986,0.9820707544296698,0.9603533865749164,6.127319757307293,6.168637669879051,-0.4817603706913682,-0.4446729510032677,4,FREE
1.7500000000000013,52.588000000018305,0.0,0.0,0.5251636288402973,0.002961507164421509,0.1319150952986557,-9.856998296716018,-9.87845377597089,-2.3147220250499205,-2.46093465711821,0.6108945854322537,1.844042857798012,1.1152964794753701,0.9634573734171402,0.960506248019807,6.216019619159286,6.256065192420716,-0.07486063502253394,-0.03616755472134085,4,FREE
1.7600000000000013,52.59800000001832,0.0,0.0,0.5351003778344522,0.003067325347942177,0.13140365587685338,-9.871662175217287,-9.94170104814081,-1.7681789373415329,-7.341254211796488,0.6218268876490193,1.4989432881326572,1.0703608742974533,0.9592107724385005,0.9726718482941104,6.3933555539113724,6.4315047206203655,-0.005844912369432589,0.025339414164448473,4,FREE
1.7700000000000014,52.60800000001833,0.0,0.0,0.5451959211982775,0.003176915462338579,0.1308836857014835,-9.924736521562227,-10.062190675059643,-6.6643728244769225,-13.283709228227547,0.6321624924799951,1.1037969740395974,1.0174812991678146,0.969375833293726,0.988548644198135,6.60942937390472,6.645975399344588,0.02866861605356236,0.06447012265630037,4,FREE
1.7800000000000014,52.61800000001834,0.0,0.0,0.5554585690378199,0.0032904175106568687,0.13035277493266204,-10.033098979120595,-10.24227788836158,-12.088275941555645,-19.107701128700786,0.6422951464029466,1.6093073324511187,1.0096205667642228,0.984635981655571,1.0035885785109009,6.805703553843023,6.8423040245988735,-0.028341225506552725,0.012899311584196892,4,FREE
1.7900000000000014,52.62800000001835,0.0,0.0,0.5658132612235925,0.003407000436584867,0.12981299262145843,-10.20185177106458,-10.462941076096595,-18.965310618317645,-22.848147913623652,0.6525949100367887,1.6321975614397644,1.0356666006776407,1.0008034818640343,1.0103632621510559,6.873636784090364,6.91093846430704,-0.3690724525397143,-0.3339959175694114,4,FREE
1.8000000000000014,52.638000000018366,0.0,0.0,0.5761288861169125,0.003525046998975557,0.12927038918871306,-10.417129136543949,-10.690812542860948,-21.88677230735047,-22.643839532422007,0.6627339024708562,1.005615640230574,1.0070431933810078,1.0094915444596517,1.0019719017657902,6.79771758954096,6.83426193044562,-0.5429699985172758,-0.5023320595287688,4,FREE
1.8100000000000014,52.64800000001838,0.0,0.0,0.5862746358114467,0.0036430205537823393,0.1287326788975696,-10.64642670691317,-10.892658481355452,-22.74094152457004,-19.289528148364983,0.6730107855217016,1.0079884490439013,1.03314110739321,1.0055854254997993,0.9816156074812684,6.586110095617582,6.624209915205927,-0.7335590653851185,-0.6809401982046628,4,FREE
1.8200000000000014,52.65800000001839,0.0,0.0,0.5961409288934669,0.003759552854434506,0.12820740820101456,-10.856078128784587,-11.040682648600528,-20.482663274085233,-13.555903621585216,0.6836753670769683,0.8698801533396331,1.0566092131976659,0.9867180436980549,0.9523937593966625,6.288770815959077,6.32727699443479,-0.8125460944114888,-0.7690537550798116,4,FREE
1.8300000000000014,52.6680000000184,0.0,0.0,0.6056773307376444,0.003873838315705636,0.1276996340167618,-11.016047241825804,-11.122244732486914,-15.135011183954656,-6.726118048369083,0.6941975441456986,1.4490855934638835,1.0291644800366702,0.9583370536757113,0.919255729562016,5.957424729192517,5.995080330052485,-0.8142326888875128,-0.7676116922570623,4,FREE
1.8400000000000014,52.678000000018415,0.0,0.0,0.6149024147756603,0.003986064216130851,0.12721075828945974,-11.111244114833193,-11.142366597612966,-7.6282969653384605,-0.9100249333330452,0.7048371315274709,1.4476370570556722,1.0487236640802007,0.9261908804319305,0.8901809725613486,5.681789057311227,5.72014465104918,-0.7158568284810066,-0.6700922848131666,4,FREE
1.8500000000000014,52.68800000001843,0.0,0.0,0.6238884468884087,0.004097016937387001,0.12673832004185315,-11.142382776618824,-11.119760783538412,-1.14096067332449,2.8445667007559288,0.7155179468487947,1.445376077282531,1.0407539093196063,0.8954414434838527,0.8690589055557528,5.49893500101112,5.536590954369774,-0.5755846661171803,-0.5384858151640003,4,FREE
1.8600000000000014,52.69800000001844,0.0,0.0,0.6327479580396327,0.0042080120521912935,0.12627677802296033,-11.126448217148148,-11.0834066705957,2.9274461840373,3.5317404828706738,0.7259267140032294,1.0523786945697182,1.014695690844777,0.8724707985018872,0.8595878087862278,5.45341028673894,5.49020874262143,-0.37968362602171923,-0.3411343672948288,4,FREE
1.8700000000000014,52.70800000001845,0.0,0.0,0.6416017803616325,0.00432058003820897,0.12581888919819786,-11.090262197107508,-11.064355564926512,3.5133230971542253,1.5041257890994921,0.7360827942583312,0.8362079550778213,0.9913456988660937,0.8605908580497359,0.8603149269669416,5.528797744813723,5.5645548212167935,-0.12565824177876522,-0.09204317308881715,4,FREE
1.8800000000000014,52.71800000001846,0.0,0.0,0.6505354131241466,0.004435818981440288,0.12535828482897823,-11.065611114330606,-11.084554449672936,1.7647231063000595,-2.9087940549413487,0.7459292130332229,0.11984917475672459,0.9644209000428094,0.8604461486648077,0.8698927480969371,5.671911177970493,5.707036944649427,-0.11737031545615552,-0.07712614343038136,4,FREE
1.8900000000000015,52.728000000018476,0.0,0.0,0.6595743675295226,0.004554118288885702,0.12489127982379078,-11.076912933691977,-11.150553163198921,-1.8288197510478268,-7.53983820273728,0.7557518475712584,0.8051542136052752,0.9688979931093992,0.8679160148859304,0.8800738484649725,5.822370746430254,5.85763009146012,-0.10539959421104007,-0.06639544703614168,4,FREE
1.9000000000000015,52.73800000001849,0.0,0.0,0.6686938803141761,0.004675131377892066,0.12441740231179882,-11.133573225394045,-11.256056780638866,-6.491188526115736,-11.104470003044892,0.7655085115416473,1.5885222136313182,0.9627178842091613,0.878101577082972,0.8859900569801509,5.908146710900946,5.94310705501297,-0.23381539205922394,-0.19676071084375227,4,FREE
1.9100000000000015,52.7480000000185,0.0,0.0,0.6778081555234374,0.00479768727810265,0.123939985853157,-11.23273030827035,-11.379136716980728,-10.864109922173068,-12.639216384822504,0.775181206042586,2.08764394102023,0.9588877428173732,0.8857461945555205,0.8840754848442315,5.892618751302612,5.927165879778071,-0.4752087693987018,-0.4447896343299066,4,FREE
1.9200000000000015,52.75800000001851,0.0,0.0,0.6868221174852556,0.004920408850173309,0.12346424689339061,-11.354225296533942,-11.49554867040177,-12.46850653589621,-11.27788714470575,0.7845567328145788,0.15850561902017127,0.9220133046097534,0.884715955566439,0.8711697012801879,5.767223993307491,5.800724438119522,-0.6288316297306115,-0.5929907321043243,4,FREE
1.9300000000000015,52.768000000018525,0.0,0.0,0.6956332619290494,0.00504186024894696,0.12299644643990294,-11.474263829945437,-11.57913653734174,-11.337915223988862,-7.468055273936513,0.7938831581769724,0.9853440556076942,0.9214527991704362,0.8748196842841256,0.8490989044633156,5.544268734955185,5.577947378947025,-0.7364976215501566,-0.6975505458262492,4,FREE
1.9400000000000015,52.77800000001854,0.0,0.0,0.7041837216231364,0.005161182275665563,0.12254169152225038,-11.566101470732644,-11.615217690221826,-7.781188039382933,-2.627481305883992,0.803469488972481,0.9139951046416086,0.950304994589224,0.8545141347817787,0.8233059709997411,5.29076185035701,5.325799456964181,-0.7507472823424739,-0.7051934584669262,4,FREE
1.9500000000000015,52.78800000001855,0.0,0.0,0.712473735773262,0.00527826212861084,0.1221021160803121,-11.611916478067153,-11.603992407909333,-2.4285964306169507,2.137253876312952,0.8133074806932701,1.3959393937130737,0.9653832557876941,0.8291360183624952,0.7979794649718772,5.058848548689671,5.094039566546133,-0.6274130871014704,-0.5895961224172824,4,FREE
1.9600000000000015,52.79800000001856,0.0,0.0,0.7205567246959196,0.005393741546490662,0.12167650718183529,-11.609482986277868,-11.559257557641159,0.8136814050191039,5.01719094038219,0.823120523101272,0.603038665321324,0.9565359550009079,0.8029199495010437,0.7798988951392212,4.898728691704276,4.933650902352802,-0.573927207089,-0.5344986118567301,4,FREE
1.9700000000000015,52.80800000001857,0.0,0.0,0.7284942638437931,0.005508420472956603,0.12126158537327059,-11.570178979646535,-11.496792273562729,5.149699058702442,6.325298169391974,0.8326353403662271,1.4926091961483015,0.9074792549645286,0.7830877839880267,0.7678326153638646,4.818783093114133,4.850912853915136,-0.41272014344747193,-0.39527613433663494,4,FREE
1.9800000000000015,52.818000000018586,0.0,0.0,0.7363824815659192,0.005623663883030871,0.120852185515681,-11.509416957649663,-11.441242886848004,7.009400428422045,5.182491797097028,0.8416128573646203,0.7383374942381505,0.88124180314037,0.7695344915732713,0.7650181410300085,4.836412925148248,4.86873093728489,-0.3056783912771627,-0.2653111765489523,4,FREE
1.9900000000000015,52.8280000000186,0.0,0.0,0.7442904646729095,0.0057405317701940605,0.12044323807010839,-11.45086415291032,-11.4102553761867,5.7507467133015275,2.579893818438429,0.8504133006665724,0.786827904872646,0.8501410364094635,0.7657885471204816,0.7676478654498984,4.916340095580387,4.947170157914462,-0.1784816978678622,-0.14636305102047661,4,FREE
2.0000000000000013,52.83800000001861,0.0,0.0,0.7522546296234525,0.0058595460477769085,0.12003122158646452,-11.413922675315023,-11.413099972444687,3.123438357906628,-0.9508528999038363,0.85900295191958,1.035780506119864,0.8406374593000477,0.767607729772128,0.7736658238544586,5.0095994319043715,5.040159085148195,-0.24186397414224975,-0.2090162420894805,4,FREE
2.0100000000000002,52.84800000001862,0.0,0.0,0.7602509668652353,0.005980318801245262,0.11961553224038918,-11.410095682736449,-11.443533619471246,0.01915768315101409,-3.519253117237708,0.8674052995875743,1.2503984167071882,0.8177197376817106,0.7728152692116592,0.775938985678866,5.066245169688849,5.09560642764161,-0.26803133179727845,-0.24354036572625026,4,FREE
2.019999999999999,52.858000000018635,0.0,0.0,0.7682445280305903,0.006102263155729368,0.11919760093288304,-11.43557597240922,-11.4925983630131,-3.391119068191951,-5.139802877463143,0.8754866781179378,0.8451827577729382,0.7944589738699972,0.7756450454880152,0.7745435395609106,5.076606633273393,5.105445583975079,-0.34486330524829123,-0.31450580966469366,4,FREE
2.029999999999998,52.86800000001865,0.0,0.0,0.7761720787487094,0.006224490050932291,0.11878057759216562,-11.481845729199284,-11.544090544719214,-6.046534637724526,-5.166732259700676,0.8839798832891241,0.49773700277181604,0.8542260645115282,0.7753273838375748,0.767092658418019,5.000425202825254,5.031624961499317,-0.5551179522943983,-0.5211499299866047,4,FREE
2.039999999999997,52.87800000001866,0.0,0.0,0.7839584146039671,0.006345687079250889,0.11836876176769569,-11.534553968352373,-11.57874111057557,-5.4583808112732575,-2.993044180641574,0.8926048504940189,1.0693452604734313,0.84484765858599,0.7682711058597225,0.751377644340108,4.852382024949212,4.882957221382985,-0.6138855640248222,-0.5848593075784772,4,FREE
2.049999999999996,52.88800000001867,0.0,0.0,0.7915563064325768,0.006465017749100106,0.11796599787804488,-11.573918202809361,-11.584489498547272,-4.069580281268047,0.06913820904151752,0.9010719008048084,0.6950701042917253,0.8299324008560494,0.755072012167096,0.7324094881858704,4.6721605459839415,4.70247759712253,-0.6425052664863524,-0.6076091667324781,4,FREE
2.0599999999999947,52.89800000001868,0.0,0.0,0.7989500965445919,0.006582183949060527,0.11757450051575208,-11.585942758219936,-11.557354818592133,-0.5507910546390596,3.378524539820532,0.9093898877833845,1.0990290245186658,0.8026765177991921,0.7361258696216247,0.7126309238112808,4.4858227992623485,4.514707872319859,-0.639618084074336,-0.6146747942740431,4,FREE
2.0699999999999936,52.908000000018696,0.0,0.0,0.8061492067988023,0.006697314606351813,0.11719471331381635,-11.565440249023478,-11.499741138101035,2.71757408065876,6.4108499438172215,0.9176908423312518,0.34736592420901347,0.8155656799183361,0.716203873694149,0.6940215925852703,4.326228437002375,4.3557989454732935,-0.5251587503354712,-0.49632967613998696,4,FREE
2.0799999999999925,52.91800000001871,0.0,0.0,0.8132035365976681,0.006811130532501914,0.11682486450333879,-11.51318323505547,-11.42442110507817,4.958293065636613,7.760714788181149,0.9258545205035865,0.5703547748151923,0.7867045377657663,0.6974004472288661,0.681852379757405,4.2331590060058994,4.261438202940206,-0.4525459662520293,-0.42877895781622516,4,FREE
2.0899999999999914,52.92800000001872,0.0,0.0,0.8201721732199864,0.00692453022805937,0.11646171000767895,-11.440143710816661,-11.346465390248428,8.366717862564677,7.648909205208144,0.9336621135311995,0.4051428634279471,0.7545964084812511,0.6831382586690521,0.6752492118953269,4.205927239405779,4.233282305342808,-0.35205309978780225,-0.3237754800084555,4,FREE
2.0999999999999903,52.93800000001873,0.0,0.0,0.8271153012387152,0.007038495005465856,0.1161014178527818,-11.361346021396791,-11.281204191785015,7.160271074882143,6.172983666408678,0.9411939025281642,0.8272422764801055,0.7241460290418631,0.6750415315183604,0.6737979254769018,4.229084547773953,4.255091013905623,-0.30038902084729235,-0.2780785868557022,4,FREE
2.109999999999989,52.948000000018745,0.0,0.0,0.8340677897803807,0.007153588359035462,0.11574098877057047,-11.292845935348508,-11.237451137204939,6.170471995982117,3.8704258008907693,0.9484869492632889,0.3564544097760497,0.709672850876392,0.6738600361318641,0.6754386581640198,4.28193488566886,4.307672545005869,-0.2872468961041859,-0.2602506219602972,4,FREE
2.119999999999988,52.95800000001876,0.0,0.0,0.8410264131588158,0.007269744105920906,0.11537921776568659,-11.244401533160328,-11.214236599229324,4.7783604702692974,1.9464602134532427,0.9556647780394595,0.7029108662456842,0.6990710090688369,0.675617908880282,0.6756106958200758,4.314597261638192,4.3398130065015055,-0.29944089686883885,-0.275821807614744,4,FREE
2.129999999999987,52.96800000001877,0.0,0.0,0.8479733366800825,0.007386625817782332,0.11501651702949603,-11.217429873929163,-11.206894984181936,2.1080496128415,0.5086339867900002,0.9627186233428641,0.4867441039653807,0.6939098612412076,0.6753670387131727,0.6739149136358129,4.32164913473761,4.347047986748737,-0.35290997970444415,-0.3217712545431348,4,FREE
2.139999999999986,52.97800000001878,0.0,0.0,0.854866926906169,0.00750355159651235,0.11465474372456406,-11.207520206960472,-11.204664044768235,1.0340805593059468,0.27673190865355823,0.970020021782357,1.7125124910641703,0.7231756006628823,0.6743547412547808,0.6676576389912365,4.273179262390623,4.29979578099129,-0.4353712064289886,-0.4007266887625703,4,FREE
2.149999999999985,52.98800000001879,0.0,0.0,0.8616694543560667,0.007619819956515772,0.11429642011707508,-11.20532185070418,-11.197825989121455,-0.4688696307024228,0.7627456445195666,0.9775599319374091,0.42053617139352084,0.7465403273533068,0.6691470563286342,0.6587161280950921,4.197379140340898,4.224066660297247,-0.49412336916448585,-0.47558557419301417,4,FREE
2.1599999999999837,52.998000000018806,0.0,0.0,0.8683543400143975,0.007734836220446835,0.11394364753761625,-11.199866145135607,-11.179531917455243,0.8334217616876489,2.111457490665512,0.9847449720716779,0.6716256403746822,0.6958828103883566,0.6603607889309554,0.6465646625950997,4.092510497787427,4.117777694184905,-0.5175721184203743,-0.48983128391532377,4,FREE
2.1699999999999826,53.00800000001882,0.0,0.0,0.8749066644409004,0.007848387048713788,0.11359794152044447,-11.184386587230804,-11.145919772437379,1.6773123813071584,3.667424892931962,0.9918597604782271,0.4637368682580481,0.6947772461114883,0.6496151316439798,0.6336962655092476,3.981864019228706,4.007144492375363,-0.5128989321128593,-0.4848642062726051,4,FREE
2.1799999999999815,53.01800000001883,0.0,0.0,0.881319507984425,0.0079603453179853,0.11326001594814586,-11.153860258321762,-11.09514710508903,4.004099498530252,5.4794185082955105,0.9991060755832161,0.7663384713921356,0.7119342345117474,0.6359692205344155,0.6199340091627719,3.8554786334881674,3.881630866376922,-0.5467476503835735,-0.5134348800472,4,FREE
2.1899999999999804,53.02800000001884,0.0,0.0,0.8875971243751603,0.008070749353628259,0.11293000502587357,-11.106910850010818,-11.028218813028237,5.635830854714109,7.022435807353236,1.0065392256164902,0.39678339154700737,0.726442743169463,0.6225998573530207,0.6072709460345356,3.7600177395230396,3.786362166396457,-0.43375249909038643,-0.40703056616894134,4,FREE
2.1999999999999793,53.038000000018855,0.0,0.0,0.8937793704391136,0.008180244343596437,0.1126063992929819,-11.042402701469939,-10.955291108150154,6.397914097870348,7.355318714712755,1.0139544170877206,1.5884112367972285,0.7225295019322909,0.609589593540898,0.5992399015407978,3.702805272877155,3.7294126134174346,-0.4288823770907864,-0.39290472151225847,4,FREE
2.209999999999978,53.04800000001887,0.0,0.0,0.899892874222924,0.00828932745169235,0.11228739962861334,-10.970093852181046,-10.883065264834851,7.718697756017597,7.055269076688276,1.0215334564168628,1.136747876440693,0.7346036108330093,0.6008297823705281,0.5936460913198262,3.6830462861480506,3.7095978413819464,-0.3352212226994944,-0.30930877216824526,4,FREE
2.219999999999977,53.05800000001888,0.0,0.0,0.9059730023957108,0.008398535350657666,0.11197081304267943,-10.896733581198005,-10.820497658378404,6.274819940186687,6.078378281428084,1.0287475383256552,0.38109826468571306,0.6907040458405992,0.5937953097307028,0.5906292854040518,3.6793025480653987,3.7039294034225163,-0.3438809687697908,-0.32520237314228395,4,FREE
2.229999999999976,53.06800000001889,0.0,0.0,0.9120260137475892,0.00850797845334933,0.11165549644974497,-10.832299363325838,-10.769044432558111,6.405475154571652,4.852253548395119,1.0354501211917175,0.5079121408138564,0.6416131140392088,0.590850750738587,0.5885677840592256,3.684396904161454,3.7077522234344658,-0.3719023820851974,-0.3434787974061679,4,FREE
2.239999999999975,53.0780000000189,0.0,0.0,0.9180380059136489,0.008617464169793383,0.11134144706183455,-10.778546071964826,-10.724988181543358,5.225530025574673,4.2755301762729525,1.0420525525821243,1.1765006803504954,0.6404076069470355,0.5884516861844983,0.5840674934150096,3.668237250548791,3.6909359353416087,-0.33840302085115037,-0.3243627932450538,4,FREE
2.249999999999974,53.088000000018916,0.0,0.0,0.9240096830920197,0.008726923436091836,0.1110289248582781,-10.733181814640762,-10.688424741465376,5.170224706446979,3.5403807508597267,1.0483108799458742,-0.08107556342155044,0.6130656629187883,0.5836774022668183,0.5801826959008312,3.6522967085420497,3.67470700546956,-0.3697211017861533,-0.34140397643576587,4,FREE
2.2599999999999727,53.09800000001893,0.0,0.0,0.9299150808446889,0.008835910404795224,0.11071893472108502,-10.695303295432353,-10.652567293686152,3.4400548445309758,3.709595552717484,1.0546575823753865,0.20280941229641555,0.6190666675195137,0.581200287596193,0.5729023048142644,3.591664811621876,3.614092718356131,-0.4393569416022815,-0.41557090780259826,4,FREE
2.2699999999999716,53.10800000001894,0.0,0.0,0.9357284055327979,0.008943795032048098,0.11041308017725368,-10.660234090016889,-10.610693940294585,4.2440016139301315,4.2806004550245556,1.0605515185779815,0.904723057904686,0.5549449472268108,0.5748899726990367,0.5641500773133347,3.5217361649803727,3.54215738184718,-0.4692514851358534,-0.43876102316631055,4,FREE
2.2799999999999705,53.11800000001895,0.0,0.0,0.941438059362545,0.009050432290146734,0.11011245365635179,-10.619672646304698,-10.559739791910433,4.11916416277439,5.289524368086927,1.0665629329154644,0.542028164631286,0.5903933844656222,0.5653428012824606,0.5537979337732877,3.4376491438024885,3.4590375209095368,-0.4506664784379274,-0.4281993118271975,4,FREE
2.2899999999999694,53.128000000018964,0.0,0.0,0.9470454625356534,0.009155779025757097,0.10981751072819974,-10.570653753706779,-10.499980112923307,5.421343320546394,6.1530735810200845,1.0726928054272757,0.22865296445865232,0.6029426858025656,0.556063383495117,0.5440561857190855,3.358035794611624,3.3802433155427973,-0.4571371411268179,-0.42645080871172925,4,FREE
2.2999999999999683,53.13800000001898,0.0,0.0,0.9525533193141861,0.009259880237906594,0.10952824410353497,-10.51264481592796,-10.431991801575212,5.695770106271961,6.942242796249069,1.0791667523545856,0.30828102324707984,0.635771103385266,0.5463769746711211,0.5346578796971875,3.283803860799065,3.3071474331618074,-0.44399160964755896,-0.41352206623882387,4,FREE
2.309999999999967,53.14800000001899,0.0,0.0,0.957989997432512,0.009363193205889636,0.10924364460824422,-10.446165005881,-10.362964403361444,7.253545223252026,6.815430215634425,1.085689811353758,0.8778462050750832,0.6313330760801722,0.5364586526839001,0.5287786061605807,3.252654636435058,3.2756323798888007,-0.40569202285742256,-0.37864208366343965,4,FREE
2.319999999999966,53.158000000019,0.0,0.0,0.9633584656667507,0.009465773870508542,0.10896287391094661,-10.376668849861856,-10.293497114036747,7.099891665836942,6.970905766687346,1.09222829459441,0.47410922234589953,0.6364653494011846,0.5294139218400852,0.5218755417198958,3.206226057076933,3.2292734914401966,-0.3902615081977345,-0.36558094744485675,4,FREE
2.329999999999965,53.16800000001901,0.0,0.0,0.968665149564802,0.009567729526620362,0.10868545649749385,-10.307436500754184,-10.225098861322653,6.845994312673673,6.752518384358576,1.098675824611606,0.27549393913876985,0.6231260363227757,0.5237177439105108,0.5164361881663417,3.179428877408017,3.2018259214640623,-0.351787622445118,-0.3306239322664917,4,FREE
2.339999999999964,53.178000000019026,0.0,0.0,0.9739183661444577,0.009669220799498529,0.10841079760525883,-10.238385598553194,-10.159765605635346,6.572553838110547,6.5326630885702945,1.1049827677454829,1.086276563050779,0.6137448680430573,0.517367412549423,0.5110429064492195,3.1431866484035016,3.1654173346614414,-0.38698441682705587,-0.3625015383590503,4,FREE
2.349999999999963,53.18800000001904,0.0,0.0,0.9791053331885401,0.009770000372334038,0.10813919018555014,-10.172831581273693,-10.094050658981546,7.113888202360536,6.600941719755948,1.1111895088938268,1.004871413466316,0.602745821798881,0.5132270614456886,0.504607406802825,3.1017590265590083,3.1232377248396626,-0.36880843074551106,-0.3522402098142875,4,FREE
2.3599999999999617,53.19800000001905,0.0,0.0,0.9842338638666857,0.00987017955918637,0.10787059032491629,-10.107176139436339,-10.029841215180994,6.893116696329931,6.3628646263661555,1.1171017843454354,0.31293447905693955,0.5710805250717377,0.5047006412195687,0.49938042909369135,3.074533150863885,3.095198027547801,-0.35255779179160684,-0.3293363813025846,4,FREE
2.3699999999999606,53.20800000001906,0.0,0.0,0.9893181778634711,0.009970066067076625,0.10760450892990886,-10.042379637059785,-9.970676464712493,5.761357695271077,5.773312176610742,1.122957515013695,0.9794864075888869,0.5689072631591798,0.5005736834967114,0.49552372592358207,3.062389892018904,3.082896549632303,-0.32977957931277035,-0.3087731281730355,4,FREE
2.3799999999999595,53.218000000019074,0.0,0.0,0.994359949980096,0.01006964677676867,0.10734060023006592,-9.981911252099307,-9.916853722810762,5.649334304195755,5.342511199915423,1.1286574693823763,0.11159718377334592,0.5509051127622046,0.4960484162462142,0.49109604080456304,3.036151663619134,3.0558843729807355,-0.3644897311746573,-0.3463719235894379,4,FREE
2.3899999999999584,53.22800000001909,0.0,0.0,0.9993470542910871,0.010168665981060922,0.10707923250699583,-9.927460663485602,-9.86512260188061,5.472316739401036,5.0992806631536265,1.1342357545822468,0.5703883726392922,0.5412524318487246,0.49264883685946953,0.4859937077881412,3.002310337427534,3.022109708511199,-0.402075616569195,-0.3754176246669221,4,FREE
2.3999999999999573,53.2380000000191,0.0,0.0,1.0042622199709255,0.010266791597691779,0.10682113927104651,-9.875458478085159,-9.81091248317524,4.796563766384425,5.519528574706111,1.139976473962883,0.9426551953051523,0.5624904401344607,0.4869694782347437,0.47841918759943014,2.9420540896203327,2.9623847513258856,-0.42040699956262384,-0.3988502281086159,4,FREE
2.409999999999956,53.24800000001911,0.0,0.0,1.0090913974533677,0.010363675036562978,0.10656725192008858,-9.822227625588237,-9.750489757934535,5.128713670047021,6.1590997360769135,1.1457180804889557,0.6002204556325351,0.5588615771707709,0.48036764558284123,0.4700680489730561,2.877598110653273,2.897805848718884,-0.41050137224475564,-0.3883770403590459,4,FREE
2.419999999999955,53.25800000001912,0.0,0.0,1.0138371042529177,0.010459315231682332,0.10631787636483438,-9.763030419477005,-9.68438927554867,5.866901178614091,6.72405214083479,1.1512726560014221,0.6879350673508541,0.5313254302018858,0.47205931190228523,0.46205689523837107,2.8160872606976715,2.8349338113412723,-0.40606008807792165,-0.3918363624212527,4,FREE
2.429999999999954,53.268000000019136,0.0,0.0,1.0185029955025817,0.01055378440610502,0.10607297870943322,-9.698067445027418,-9.613419959993621,6.130595313018395,7.189060634140733,1.1566658083014631,0.5745987952698339,0.5248925840045879,0.4640294348529976,0.45448283233914266,2.7605411552019974,2.7794101698822757,-0.3925214456999596,-0.3736285925194588,4,FREE
2.439999999999953,53.27800000001915,0.0,0.0,1.0230949012666497,0.010647204347781138,0.1058322737365665,-9.627941144314851,-9.538938446066311,6.970447890963639,7.49964075996496,1.1620543205796983,-0.10303113699783281,0.5259319708787055,0.4555185603637533,0.447552552027126,2.7121883022254987,2.731566512151591,-0.3774469032670764,-0.34865138136497986,4,FREE
2.4499999999999518,53.28800000001916,0.0,0.0,1.0276281068406148,0.010739890657858462,0.10559508284927827,-9.55396864280095,-9.464737220521876,8.495141179188845,7.339303405644347,1.1676357519084546,-0.08507423304823335,0.5385182888227084,0.4485250706740312,0.4424637675806208,2.6872370193977444,2.706456557487835,-0.33043246760218337,-0.3142537127651306,4,FREE
2.4599999999999507,53.29800000001917,0.0,0.0,1.0321172741307134,0.010832047031568478,0.1053604825706475,-9.479205936795347,-9.394437972362494,7.305484967207992,6.979852247404026,1.1728996443128834,0.40698589011969116,0.5041021589622823,0.4433309610905147,0.4381763154877409,2.6637775358320397,2.6816721355210267,-0.3455889570688736,-0.33129631139953364,4,FREE
2.4699999999999496,53.308000000019184,0.0,0.0,1.03656726208653,0.010923806171670235,0.1051279772054052,-9.4083001975422,-9.329140088398866,6.723056622139455,6.381149477818009,1.1779932902109251,0.8371883237110765,0.4942968907505708,0.43917043640044123,0.4348408463108783,2.6536426942791054,2.671495019549304,-0.33832871368415024,-0.318145646730902,4,FREE
2.4799999999999485,53.3180000000192,0.0,0.0,1.0409765980766292,0.011015150982323996,0.10489736427281772,-9.341752597306938,-9.26831684814734,6.9888162718546125,6.006108253127414,1.1831087087286363,0.9052343326064081,0.49939996807732606,0.4352906769131892,0.43069636861005073,2.6332734360839627,2.651392316890043,-0.33447182918105584,-0.31279115066454927,4,FREE
2.4899999999999474,53.32800000001921,0.0,0.0,1.0453420080935725,0.011106007627192657,0.10466876924893999,-9.280161322023446,-9.210993166486805,6.834881007646607,5.6880241042135875,1.1883571490567628,-0.09516794523154519,0.5163275152745727,0.43162306922406923,0.42637590138575365,2.6080852333874205,2.626946897227411,-0.3502264668514619,-0.3254841978479122,4,FREE
2.4999999999999463,53.33800000001922,0.0,0.0,1.0496534490513514,0.011196124402083014,0.10444264384150617,-9.222299859082831,-9.154452248777906,4.743102406496101,5.671611711021767,1.193631263460269,1.0347647752076703,0.5085375209833184,0.42757166736390656,0.42095210163349017,2.5710267436851217,2.5891618166566683,-0.361210945598492,-0.34541378731300143,4,FREE
2.509999999999945,53.34800000001923,0.0,0.0,1.0539001039302982,0.011285229200438705,0.1042196132172219,-9.16583208771001,-9.09578325082987,5.5110176901735155,5.886983912225607,1.198669862620251,0.16242476331275252,0.48797343323701253,0.42245107739141163,0.41469463710220783,2.51906493065044,2.536342512170049,-0.416992821690059,-0.4040817628615353,4,FREE
2.519999999999944,53.358000000019246,0.0,0.0,1.0580617165633777,0.011372887572571759,0.10400068200046146,-9.107960141404767,-9.029631813552811,6.091351453435682,6.762926341678226,1.2034514238597152,1.018692687023437,0.46125073422776175,0.41549908430687554,0.4059845572976816,2.453367985201791,2.4700059306557978,-0.37340016791258646,-0.35428276245279267,4,FREE
2.529999999999943,53.36800000001926,0.0,0.0,1.0621545222598718,0.011459460387598243,0.10378576060302748,-9.043280749267007,-8.960072749065931,7.550501684270354,6.980193240050144,1.2081798867253821,0.41367581581772506,0.4558884594633613,0.407239078714136,0.3998347004430953,2.4120572417616737,2.4283151949070962,-0.35446466969407736,-0.3398765228210328,4,FREE
2.539999999999942,53.37800000001927,0.0,0.0,1.0661846692957884,0.011545039566620579,0.1035744485648357,-8.974063322140701,-8.888543353362753,6.601468556239595,7.22388564302883,1.2127543227384758,1.178714365526659,0.4415323714821718,0.401397065693509,0.3936377044700284,2.365349218382351,2.381158317727009,-0.3714210432501091,-0.35579168547915313,4,FREE
2.5499999999999408,53.38800000001928,0.0,0.0,1.0701579571658433,0.01162972263707557,0.10336639832450989,-8.903136001575099,-8.816390151271193,7.184094723938025,7.180106334191256,1.2171169043206664,0.5905364750092724,0.41834847003668413,0.3956541963852071,0.3885880125923711,2.3367539511926125,2.3514635609813395,-0.3459943029975116,-0.336552219533335,4,FREE
2.5599999999999397,53.398000000019294,0.0,0.0,1.0740791190549257,0.01171358805388768,0.10316119784237146,-8.830768040492934,-8.744678452965584,7.92798090553313,7.148397427450852,1.2211996563105092,0.528205324239039,0.39288896245068294,0.389405334747789,0.38354475299422747,2.3084345210017183,2.322708616767734,-0.3216167789056049,-0.30272292129672684,4,FREE
2.5699999999999386,53.40800000001931,0.0,0.0,1.0779600123190705,0.011796937223077035,0.10295828179356246,-8.758823636809305,-8.676321424253915,6.943126808489852,6.751678714470118,1.2254452668062077,-0.15226978591867218,0.4176737307901245,0.3836142443457478,0.37993867315440594,2.291948519149193,2.3072448154382137,-0.3177561950146407,-0.29644853525333936,4,FREE
2.5799999999999375,53.41800000001932,0.0,0.0,1.0818079889066454,0.011879890439925756,0.10275715113287852,-8.68965306405489,-8.613069047036271,6.8867810444464235,6.1975669116745005,1.2298593006126493,0.2111204749289561,0.4291476156252707,0.38055205961115984,0.37697565419387846,2.2840734153170565,2.29954526088757,-0.3007932935685076,-0.2838555553968839,4,FREE
2.5899999999999364,53.42800000001933,0.0,0.0,1.0856257991197023,0.011962463240965499,0.10255750067743166,-8.625211064768527,-8.555492186242596,6.94514681502922,5.636444226218784,1.2342492112314312,0.04492815946267771,0.4259290803429051,0.37741432909208966,0.3740787737127691,2.271270814093018,2.2867103342898,-0.3281902519062323,-0.3090797129937185,4,FREE
2.5999999999999353,53.43800000001934,0.0,0.0,1.0894028799863797,0.01204443641663111,0.10235963629804933,-8.566686465964606,-8.500734451344888,6.467872343600887,5.432507266497219,1.2387102274965789,0.8324048577263886,0.4363957544488837,0.3741951125463034,0.3698627888206533,2.2478269077221897,2.263566482497115,-0.3210365960295634,-0.3034530354939487,4,FREE
2.609999999999934,53.448000000019356,0.0,0.0,1.0931350934269475,0.012125703224842532,0.10216388183079801,-8.511490672136398,-8.447614285014115,5.618244185477907,5.320829802308196,1.243183569459637,0.45989199232091915,0.43554411418752725,0.3709055062945844,0.36533584478045966,2.217001795995886,2.2326465817775656,-0.3442624128462729,-0.3278028262139677,4,FREE
2.619999999999933,53.45800000001937,0.0,0.0,1.0968071390558527,0.012205919379503922,0.10197094993543462,-8.458305048985935,-8.392065384547774,5.892485338475359,5.64715764402342,1.2476144307973331,0.7724298032944169,0.43082777102757885,0.3666177073670741,0.3591858997655282,2.1684836365386864,2.183949428231832,-0.3645873845533741,-0.3483299861924683,4,FREE
2.629999999999932,53.46800000001938,0.0,0.0,1.1004046948044965,0.012284761789327442,0.1017816817322373,-8.403546124667864,-8.330274917127968,5.999350850784434,6.353352221002356,1.251964013517745,-0.32396691386539417,0.42176686827827986,0.35994700456176365,0.3516412220012679,2.1091610401671725,2.124122466682996,-0.3485286093657077,-0.33627322818451993,4,FREE
2.639999999999931,53.47800000001939,0.0,0.0,1.1039341475870506,0.0123623595907757,0.10159619361333999,-8.343090580839224,-8.263775203456506,5.862050144016357,6.755171062025398,1.2561696964320515,0.17745042034232889,0.4076558741574529,0.353857119304049,0.3453090807992018,2.0561660230220937,2.070994582752761,-0.3896934331272817,-0.36978567300218196,4,FREE
2.6499999999999297,53.488000000019404,0.0,0.0,1.10738789358564,0.012438566613825355,0.10141476452532129,-8.277638860482512,-8.190459742733793,6.96001774814289,7.419313083454647,1.2604543592553028,0.06699374518885833,0.41314015875540466,0.3465424847714053,0.338036677753982,2.002452204906337,2.017167232911152,-0.3489561444593233,-0.3357268560691754,4,FREE
2.6599999999999286,53.49800000001942,0.0,0.0,1.1107914401454286,0.012513947786219077,0.10123657252480733,-8.205429872877081,-8.116777563265751,7.108719587403658,7.276569929446109,1.264909682621382,0.3506458062593953,0.4453244782690819,0.3393939506764453,0.33389418822364103,1.9843384336966008,2.000878419893554,-0.3043946012768242,-0.2767828866571837,4,FREE
2.6699999999999275,53.50800000001943,0.0,0.0,1.1141594029757695,0.01258882417152486,0.10106060964445374,-8.131149887356168,-8.046341133738109,7.739549511943276,7.001799025119369,1.2696835528409,0.8928269509998019,0.4682919282856701,0.3339111931205275,0.33030454907696444,1.9645755031029297,1.9813063170513756,-0.30608014659625743,-0.2907939998444719,4,FREE
2.6799999999999264,53.51800000001944,0.0,0.0,1.1174932534415745,0.012663159019978713,0.10088647578812479,-8.06022534978526,-7.979373380079585,7.251489386306041,6.5909481233915255,1.2743148419416068,0.17734883692400846,0.44509451718779824,0.33062302555611517,0.32728252173894856,1.9580383894224802,1.9736980791711283,-0.2633064764791587,-0.25239981262333067,4,FREE
2.6899999999999253,53.52800000001945,0.0,0.0,1.1208125120968293,0.012737391581801635,0.10071327963289567,-7.992193242154386,-7.920778427028777,6.830428494311529,5.671840784614243,1.278665601234662,1.12266714979961,0.4224666414636987,0.32682877311321795,0.3262390687870042,1.968077867223602,1.9832233904524998,-0.2619038957013027,-0.24523377343879757,4,FREE
2.6999999999999242,53.538000000019466,0.0,0.0,1.1241129353651609,0.012811439430875919,0.10054081163779492,-7.931743310455643,-7.869323342018807,6.075018915222489,5.071506656943145,1.2827765190891895,1.0678253664851807,0.3902697421513334,0.32595901635120633,0.32401628945937566,1.9597864796169338,1.973351183732456,-0.29265112159410067,-0.2856396678892984,4,FREE
2.709999999999923,53.54800000001948,0.0,0.0,1.1273746820102792,0.012884828096711508,0.10036981733015722,-7.879320314827657,-7.819765855821607,4.812851547289699,4.933977385364003,1.2864254119110503,0.8053204656384795,0.347634883763391,0.32420360620337824,0.3200670594384896,1.9333178556707462,1.9454002406112396,-0.3199668312583028,-0.3133012926364606,4,FREE
2.719999999999922,53.55800000001949,0.0,0.0,1.1305848184981568,0.012957276640504823,0.10020109562594413,-7.829669234505303,-7.768663622028322,5.152895645269078,5.196630720316462,1.2897330449086943,0.8911129366079972,0.316717593857603,0.3207080966521705,0.3146328178189858,1.886681440361356,1.8979108613212587,-0.37401226396795906,-0.3633843421111551,4,FREE
2.729999999999921,53.5680000000195,0.0,0.0,1.1337216811395614,0.013028338024778732,0.1000358456524851,-7.779427975181449,-7.7103149413570105,5.983277119173006,5.949477987029249,1.293195279797392,0.5356920300590712,0.3518295975892468,0.3160041115003858,0.3073783186864012,1.829388956329339,1.8427930503090564,-0.35347920392342136,-0.3243241578413778,4,FREE
2.73999999999992,53.578000000019514,0.0,0.0,1.1367921159208003,0.013098135123107413,0.09987426054940184,-7.722407766664773,-7.6463806324210974,6.4519993051791165,6.518202405489133,1.297012423563528,-0.0719126626987704,0.3619951706897629,0.30875614859333683,0.3008774513537541,1.776775143931207,1.7894642642073053,-0.35029219832556235,-0.34273974018852105,4,FREE
2.7499999999999187,53.58800000001953,0.0,0.0,1.1397982748904048,0.01316663569810112,0.0997163346788507,-7.659669186547498,-7.577284180241889,6.262407917387202,7.0326342835152005,1.300740350512056,0.8449339744632388,0.3624398322886358,0.30165973314282446,0.2946380395304483,1.7339906965772458,1.7471988022469094,-0.3056052167907646,-0.28713218486775616,4,FREE
2.7599999999999176,53.59800000001954,0.0,0.0,1.1427610261423948,0.013234334846806167,0.09956123898161605,-7.591298273720959,-7.50827974610482,6.736555121029847,6.853190952350507,1.3045852889521117,-0.20897632220643003,0.37136582336366064,0.2955608493228745,0.29109809914331264,1.7173668466452474,1.7303250265613788,-0.27908609630159253,-0.27243447871063287,4,FREE
2.7699999999999165,53.60800000001955,0.0,0.0,1.14569070909854,0.013301415798219418,0.09940815478160485,-7.521816617282266,-7.441885136861637,7.61130929168556,6.63631005104761,1.3081696810962378,-0.20160563102769702,0.34620226216532035,0.2916584109023795,0.287749600925404,1.695513958283286,1.707928824866632,-0.3135836354070869,-0.29950481431145737,4,FREE
2.7799999999999154,53.61800000001956,0.0,0.0,1.148572170163531,0.01336756689625161,0.09925733787679288,-7.455193315932765,-7.374032894996037,5.788670782152419,6.84150972171676,1.3117174712609692,0.28523301438709464,0.3414638620193561,0.2887344917830523,0.28284161325471546,1.6586195631475453,1.670772388056818,-0.3232192930553656,-0.31152074150768655,4,FREE
2.7899999999999143,53.628000000019576,0.0,0.0,1.1514195849042363,0.013433125608038015,0.09910841641953294,-7.3878316673001905,-7.308254292108713,6.678936911633142,6.429352255383691,1.315349503518322,-0.4110039132069009,0.3573239837420961,0.28383135751055766,0.28034113256070475,1.6502910877207062,1.6631069951806452,-0.31792056333031543,-0.30438381010982113,4,FREE
2.7999999999999132,53.63800000001959,0.0,0.0,1.154227031100012,0.013497942698094784,0.09896140898956444,-7.3212002864222825,-7.24287085490689,6.6848320919577535,6.53625464125369,1.319066210466563,0.012836607886811763,0.3637190478702696,0.28082376479590676,0.2759094133337541,1.62463938450552,1.6380039992064994,-0.28147006226525123,-0.2607137113850965,4,FREE
2.809999999999912,53.6480000000196,0.0,0.0,1.157003688450119,0.013562239196386178,0.09881606555863573,-7.255790610372541,-7.18012373929592,6.590247032149616,6.225915903376446,1.3229915394742984,0.014933691329655645,0.38126088433296945,0.2764146906953883,0.27311906472249925,1.610596419470335,1.624204020036686,-0.28704373790873244,-0.27381707028072927,4,FREE
2.819999999999911,53.65800000001961,0.0,0.0,1.1597438267495206,0.013625849739363814,0.09867249040930044,-7.192492179854494,-7.118393365593012,6.804247746149788,6.1880019570151426,1.3269117884661166,1.0509830517754553,0.38341088713790017,0.2744769093322387,0.2693359603396139,1.5842363456862436,1.5980651135006374,-0.30543264207793297,-0.2887636606222983,4,FREE
2.82999999999991,53.668000000019624,0.0,0.0,1.1624481419178607,0.013688755669752925,0.09853076282072103,-7.13080183771981,-7.0577322771027795,6.161973652717259,6.041070625674739,1.3305280950017266,0.03934017578130112,0.34081645890881385,0.2697825973546889,0.26601683118058717,1.5721653877216102,1.5838639369573908,-0.2561142281841334,-0.2523341502381396,4,FREE
2.839999999999909,53.67800000001964,0.0,0.0,1.1651296835961333,0.013751274081450127,0.09839039544396866,-7.069587632355248,-7.001389088198631,6.361454035102306,5.550521791485915,1.3337576123541186,-0.3390558186197022,0.3134498083333695,0.2666605623692442,0.26405365124036373,1.5652453928706853,1.5769481541188615,-0.2865380487976765,-0.26320053382227004,4,FREE
2.8499999999999077,53.68800000001965,0.0,0.0,1.1677815666012044,0.013813315582119975,0.09825147559933657,-7.012402875931191,-6.947459001307971,4.379384271318077,5.3590797483168116,1.337222457846556,-0.6082665892322534,0.3314198432700842,0.264628837202095,0.26098933555619114,1.5483961224816998,1.559883283160006,-0.27964831256822065,-0.2747694569831326,4,FREE
2.8599999999999066,53.69800000001966,0.0,0.0,1.1703968101158666,0.013874648353818122,0.09811430068994713,-6.958114430466482,-6.894022161479779,5.741055368291889,5.367092428060671,1.340542207826037,0.2197358274588197,0.3277516230602431,0.26161171256648147,0.2572043139911708,1.5212322076812825,1.5331410327989388,-0.30162218834172905,-0.2852524235390633,4,FREE
2.8699999999999055,53.70800000001967,0.0,0.0,1.1729719800308955,0.013935202948220064,0.09797914870436314,-6.904805392617845,-6.8400816479046505,5.6262193678383605,5.401699848693217,1.343895151607257,0.11035051261527028,0.32364486624985567,0.25827795376687135,0.2533601206615022,1.4979388355309453,1.5095183659293812,-0.2849518253152528,-0.2722847969156937,4,FREE
2.8799999999999044,53.718000000019686,0.0,0.0,1.1755085689571574,0.013994999818873028,0.09784603510680855,-6.850850074097999,-6.785911601070184,7.088245415756128,5.454791000153117,1.3472469273210077,-0.5109332845409419,0.32734624988581407,0.25390853194939117,0.24948731595407508,1.466267438228636,1.4780989126778117,-0.32726453997582833,-0.3121433403936749,4,FREE
2.8899999999999033,53.7280000000197,0.0,0.0,1.17799088105934,0.014053662895665082,0.09771558875976244,-6.797054485690264,-6.72733671976755,5.421496782098629,5.929785280862557,1.3506651415718278,0.304863668415282,0.3305804206884891,0.2501682000558569,0.24404762856354,1.425428880447115,1.437167221945281,-0.3059667650868062,-0.2950693519888212,4,FREE
2.899999999999902,53.73800000001971,0.0,0.0,1.18044012328331,0.014111669122203765,0.09758726289062365,-6.739318985725843,-6.669729930199362,6.427489156798921,5.614450947901007,1.3539924173228404,0.3674924234520136,0.3217518098596364,0.24475146107367202,0.24167475129716387,1.4251798278212677,1.4366243947896664,-0.23919172673002567,-0.22781201496530143,4,FREE
2.909999999999901,53.74800000001972,0.0,0.0,1.1828637267578574,0.014169200299668033,0.09746044427396058,-6.680668010590368,-6.6148831739711005,5.649052720786051,5.523269389490112,1.357269731390232,-0.10609987928865336,0.3186635503112462,0.24115836248869185,0.23848673138408022,1.4046117460229326,1.4158871937381403,-0.24957490220009043,-0.23967938108336373,4,FREE
2.9199999999999,53.758000000019734,0.0,0.0,1.1852633096342509,0.014226288090114121,0.09733494284537379,-6.62571913695281,-6.563098044989441,6.064252450489113,5.122684006062322,1.3604571711213516,0.24729107507855438,0.3089970124549399,0.23821118196106247,0.23652157782910438,1.3941039430966715,1.4051768983555237,-0.2875952691595811,-0.27483046522579946,4,FREE
2.929999999999899,53.76800000001975,0.0,0.0,1.1876298311776492,0.014282724697522434,0.09721098543977712,-6.573372416733602,-6.5119223265470225,5.1637126776313576,5.088402275902796,1.3636479213141333,-0.2609448259202768,0.309882048794024,0.23764262823290333,0.23319565837351247,1.3756948274028278,1.386732425512829,-0.26803733692084497,-0.2568561630826621,4,FREE
2.939999999999898,53.77800000001976,0.0,0.0,1.1899611417419123,0.014338439831740749,0.09708872681813321,-6.522018979247091,-6.460693942618289,5.0001591216147885,5.179897976861454,1.3667477750224992,0.6459932199188934,0.2981820958471179,0.23341561136279043,0.22942848611156424,1.3459125320973238,1.356431689882752,-0.2966161423118198,-0.28766106517834206,4,FREE
2.9499999999998967,53.78800000001977,0.0,0.0,1.1922425757133115,0.014393093789724788,0.09696884247300057,-6.471170157339962,-6.405512250583645,5.835342338587012,5.629972606274847,1.3698870884628835,0.6341180509112491,0.3106694037331369,0.2300249291304113,0.224332839789723,1.3061508278577796,1.3170174501047431,-0.2863828508436336,-0.2799161848604401,4,FREE
2.9599999999998956,53.79800000001978,0.0,0.0,1.1944801490414294,0.014446798814987965,0.09685134703063235,-6.416841643831844,-6.347824677399867,5.4517357018922885,5.801844135524552,1.3728884885471293,-0.18575995670067988,0.2882770624543757,0.2257363315089269,0.22034656667528263,1.27842374316653,1.2887734902529555,-0.2853503166889147,-0.27271937575188393,4,FREE
2.9699999999998945,53.808000000019796,0.0,0.0,1.1966763860938656,0.01449964309436188,0.09673612425754557,-6.359481310457735,-6.288162746785355,4.861673561041701,6.029987086211454,1.3759863229092255,0.3637442300231985,0.3053510359477672,0.22107428297276585,0.21619130297497915,1.245482695528614,1.2566303643512393,-0.3004976264801589,-0.2841489110499904,4,FREE
2.9799999999998934,53.81800000001981,0.0,0.0,1.1988443768144756,0.014551901298621226,0.0966226957379189,-6.300369792878698,-6.229790105589853,6.78872956801312,5.66695913832948,1.3789616168364789,-0.11556583922258505,0.2744550190054289,0.21725459116054582,0.2143442828457392,1.2518207805717365,1.2610719083495416,-0.21391959058320525,-0.21392358935125072,4,FREE
2.9899999999998923,53.82800000001982,0.0,0.0,1.2009977944398478,0.014603886925741518,0.09651021541887064,-6.240785241618482,-6.176113599570331,5.831490048304362,5.368004533690055,1.3815539049593588,0.9051362838867265,0.24483882715807534,0.21423475705227968,0.21229418161192457,1.2449711802946606,1.2538555392823507,-0.21261492248741254,-0.19895793759610403,4,FREE
2.999999999999891,53.83800000001983,0.0,0.0,1.2031452486798926,0.014655864080711201,0.09639816240221759,-6.186469354373711,-6.129246274283756,5.3419933171404725,4.548143889781506,1.3842230259030885,-0.13072672710604621,0.26043499687706356,0.21312893370886518,0.21227480871264537,1.2538685824738045,1.2630095467860407,-0.24754789515790804,-0.24101096593702703,4,FREE
3.00999999999989,53.848000000019844,0.0,0.0,1.2052775554291528,0.014707572824178613,0.09628666760233394,-6.138213417092202,-6.086704873088378,5.1916488409858195,4.164327314931963,1.3867925792786198,0.34198315194843987,0.24935310714286785,0.21281426510395562,0.21062052029503428,1.2513633707177259,1.2602492589218908,-0.23773943266965797,-0.22830384951216215,4,FREE
3.019999999999889,53.85800000001986,0.0,0.0,1.2073932849891231,0.014758991557173513,0.09617585551731804,-6.094841351333377,-6.048031922285177,5.355449118299194,3.8146964394563687,1.3894201898349747,0.6493971021825565,0.25969774696501224,0.2109421917697705,0.20886634587877506,1.2440265913338941,1.2534293796503493,-0.2520975732250174,-0.23968720842088007,4,FREE
3.029999999999888,53.86800000001987,0.0,0.0,1.2094787718320017,0.014809777796018265,0.09606633819959162,-6.055557604054106,-6.009609597026915,2.982690840158534,3.8976930494772692,1.392153609079193,-0.006677144369048355,0.27027428010236626,0.2100100112163152,0.20548649958627527,1.2215572602945357,1.23097670193041,-0.2413686837150724,-0.2363962277896566,4,FREE
3.039999999999887,53.87800000001988,0.0,0.0,1.21153840328058,0.014860008553872506,0.09595818779113853,-6.017264293999713,-5.97249854014753,4.57397915499586,3.702923493021848,1.3947788467726059,-0.3663806980230916,0.2572810520945954,0.20602136621736147,0.20319967678697237,1.2038103983788242,1.2133823897435547,-0.29529799643788535,-0.27708211210792266,4,FREE
3.0499999999998857,53.88800000001989,0.0,0.0,1.2135550716282009,0.01490929289425905,0.09585209473618812,-5.980068983536894,-5.932191917145587,3.925098979056993,4.110732713700144,1.39757596436239,-0.3425427449162631,0.2671972512240828,0.2041351279457605,0.19863705990582858,1.167686113445602,1.1768765509676815,-0.28558447749810234,-0.2826775196096558,4,FREE
3.0599999999998846,53.898000000019906,0.0,0.0,1.215532413543174,0.014957666745567397,0.09574817058976719,-5.940572441075624,-5.889552888840947,4.190422416150341,4.260725402790022,1.4001045501262106,-1.0589787853008072,0.24382201529095027,0.19950362050602374,0.1950949597068565,1.1464452066649642,1.155035723959309,-0.2608954644498601,-0.25330454543697967,4,FREE
3.0699999999998835,53.90800000001992,0.0,0.0,1.2174688291999738,0.015005124391712657,0.09564644687049292,-5.898069353761236,-5.844076879787311,3.166289841519591,4.6545810662430185,1.402593557328972,0.04122029039375509,0.2365717341882694,0.19547119528499138,0.19065394282790657,1.1080105931679323,1.117124335642719,-0.2889980102008879,-0.26509455572640384,4,FREE
3.0799999999998824,53.91800000001993,0.0,0.0,1.2193595110830469,0.015051600750580874,0.09554714826941733,-5.853515299702723,-5.7944271562872585,4.9200502056519095,5.062890836731131,1.4056177568656052,1.2140151525402654,0.30435607853816404,0.1909022339906847,0.18619518554030154,1.0681086638191588,1.0791174989616032,-0.3073806919206106,-0.2943950330776178,4,FREE
3.0899999999998813,53.92800000001994,0.0,0.0,1.221199692706664,0.015096902811675205,0.09545051094804766,-5.80484134158607,-5.7392664320055635,5.3034796425560815,5.576278457548155,1.4087447311214027,0.3681399781436021,0.30127473656325643,0.18837079442755672,0.18137588317722375,1.0331947989542893,1.0438332367474557,-0.2707155820742635,-0.26177982810152667,4,FREE
3.09999999999988,53.938000000019954,0.0,0.0,1.2230068434003387,0.015141454481493226,0.09535589831378079,-5.750497434639797,-5.6830032745287085,6.356347115038806,5.611845371339423,1.4118109971526978,0.3504527949968855,0.29917216916468725,0.1819079546709222,0.17843076133917163,1.0163128380661945,1.0270442959387676,-0.2545337125613674,-0.2418222590597808,4,FREE
3.109999999999879,53.94800000001997,0.0,0.0,1.2247877991744802,0.015185435643184666,0.09526282330479234,-5.694200062772957,-5.627283690910327,5.336991987677846,5.615470878353417,1.4148446949725788,0.4382331568471953,0.2938194847541971,0.17877579165680085,0.17565192308494268,1.0063010979672422,1.0165477965806478,-0.1953605423587889,-0.18884696931355077,4,FREE
3.119999999999878,53.95800000001998,0.0,0.0,1.226566047286346,0.015229412806320789,0.09517020663085583,-5.638142456812591,-5.5780678496379155,5.059989866992891,4.767863953432005,1.417610225940438,0.32555712048957247,0.2611039539890911,0.176194761668621,0.1761747565305967,1.0222758066040123,1.031105518188249,-0.2158453526151834,-0.21488204660911636,4,FREE
3.129999999999877,53.96800000001999,0.0,0.0,1.2283368600533535,0.01527327153413516,0.09507784432029374,-5.587386488234753,-5.534017024307385,5.856878136675785,4.342667605509653,1.4199910248091396,0.17515479004664816,0.2283064681682199,0.17669412093921855,0.17511523597525305,1.020765616231611,1.0287995211259149,-0.2361526582052143,-0.22848122709524715,4,FREE
3.139999999999876,53.97800000002,0.0,0.0,1.2301008371333229,0.015317070968832619,0.09498571633605277,-5.542601184715058,-5.495195279435714,4.446877620251436,3.7022619714206075,1.4223569802444989,0.08111488371394115,0.2323934397412848,0.17531498773072432,0.17491263525813902,1.0361852133968024,1.0445259711089498,-0.1957014709605181,-0.18549394022827098,4,FREE
3.1499999999998747,53.988000000020016,0.0,0.0,1.2318536891875325,0.015360692454311467,0.09489392218463037,-5.502241068328379,-5.4604069600186556,3.512784941143377,3.4637084898134747,1.4247532493430644,-0.7555965688099254,0.23352243379359183,0.17533529080045537,0.17319867150336318,1.0218427016648797,1.0301977137025702,-0.2482012913851167,-0.23860754396045186,4,FREE
3.1599999999998736,53.99800000002003,0.0,0.0,1.2335793242805773,0.015403719824067769,0.09480324190050811,-5.4673172670571875,-5.425416138130342,3.5890352439424147,3.5357818439059074,1.4271761703662316,-0.1753172851629911,0.236973953340688,0.17388045105416988,0.17032167997427805,0.9972934583322093,1.0057277585648507,-0.28145089105024756,-0.27275886553194084,4,FREE
3.1699999999998725,54.00800000002004,0.0,0.0,1.23525719742424,0.015445618199237007,0.09471472279156137,-5.432690810974163,-5.384834959119846,3.801482450224133,4.235802651222592,1.4295546192113098,0.5225303387916133,0.22805422092019756,0.17181495787637963,0.1650682768050265,0.9474228057057367,0.9553803797853858,-0.308712323612636,-0.30331791871560054,4,FREE
3.1799999999998714,54.01800000002005,0.0,0.0,1.2368839152916244,0.01548629911258079,0.09462891325153602,-5.393700688157984,-5.337710411340711,4.258594968871659,4.753432889237252,1.4319021333465445,0.6512050091997055,0.23084465034685994,0.16665787398517415,0.16054950533054238,0.9162596515830118,0.9246068395649008,-0.26145921752468654,-0.25021955262087753,4,FREE
3.1899999999998703,54.028000000020064,0.0,0.0,1.238478724322611,0.015526236091257728,0.09454515369212901,-5.347300745221933,-5.288928616436178,4.523504017158407,4.915427086983162,1.434205179417894,0.657269068144404,0.22020206860020577,0.16170786902017517,0.15743238994987982,0.8960606876826765,0.9036251084768749,-0.24240950761445523,-0.23969113312509777,4,FREE
3.199999999999869,54.03800000002008,0.0,0.0,1.2400484107976635,0.015565577993955082,0.09446299200959793,-5.298757101748974,-5.240139480169119,5.037646000603206,4.855195348130487,1.4362428579256354,0.5228431152263162,0.19099916557640986,0.15777439477355598,0.15520560913115933,0.8862509711501693,0.8928182160613368,-0.22250225414555394,-0.2193130394750151,4,FREE
3.209999999999868,54.04800000002009,0.0,0.0,1.2416017100195675,0.015604552053875346,0.09438186451302993,-5.249727907128703,-5.193497852575683,4.755718903129566,4.63709740086304,1.4380226682423514,0.1171811916946282,0.16484369551808173,0.15561664743087383,0.15362143753969934,0.8787896279515646,0.8843516670903414,-0.23352714981240982,-0.23278950316341399,4,FREE
3.219999999999867,54.0580000000201,0.0,0.0,1.2431458300692033,0.015643339758433756,0.09430132930386423,-5.202735926901037,-5.150768946026295,4.531493789751034,4.108495648147499,1.4395184811841562,1.1338560797417314,0.13843807311746753,0.15340604544738948,0.15326307348872156,0.8927187978430811,0.8974061714117099,-0.18670870209026236,-0.18562805859025278,4,FREE
3.229999999999866,54.06800000002011,0.0,0.0,1.2446785384303234,0.01568189687564068,0.09422124359854701,-5.158658884342397,-5.111278681289784,3.8705570845702923,3.965558688178254,1.4408740744732083,0.9760614036984389,0.1306309946949664,0.1523524209442999,0.15145810331300943,0.8787579120105647,0.8830006508789329,-0.2198645258141492,-0.22339702938745545,4,FREE
3.2399999999998648,54.078000000020126,0.0,0.0,1.246196030658322,0.01572011246465899,0.09414182734253895,-5.11911562850025,-5.073961509069707,3.8161647976797997,3.653201825796366,1.442029858623354,0.14712219154157402,0.11181756638972348,0.15214403092911952,0.1503329630248497,0.8805106618478445,0.8850575163553829,-0.2032320387288361,-0.18677934418099917,4,FREE
3.2499999999998637,54.08800000002014,0.0,0.0,1.24770916340554,0.015758322611084116,0.09406267069421104,-5.0810111957515325,-5.041551100502691,4.151561331932613,3.17935186907683,1.4437135206997933,-0.03506954091352655,0.17327215302176005,0.1499039006400216,0.149855082063592,0.8812163334543356,0.8877801884717983,-0.22696365607340754,-0.21397761807298574,4,FREE
3.2599999999998626,54.09800000002015,0.0,0.0,1.2492063257460653,0.01579617419161675,0.09398417303513334,-5.04782032995845,-5.010969435071763,3.0840476234747882,3.0421592432161546,1.4456743773864258,0.28082234965935726,0.19231038699490594,0.1505864590356092,0.1481108389606318,0.8709591092818477,0.8778855654187041,-0.23272556525707058,-0.22486953855951433,4,FREE
3.2699999999998615,54.10800000002016,0.0,0.0,1.250683710242368,0.015833566293947065,0.09390660579630099,-5.017023027337162,-4.981169314898017,3.11374479571389,2.9383528661849394,1.4479078151126417,0.11888186715515929,0.22948093772612282,0.14931443358780733,0.14626232563452532,0.8563486715439499,0.8644828883739243,-0.260827345647138,-0.2546247775843867,4,FREE
3.2799999999998604,54.118000000020174,0.0,0.0,1.2521289951363843,0.015870155713778672,0.0938305543649542,-4.987204143643447,-4.948898632398073,2.6004905310213964,3.286695753103236,1.4501480749805598,0.8479658430142144,0.2164540919802411,0.14692900829705677,0.14270412515995465,0.8299367019718419,0.8375686066953827,-0.2436590379989006,-0.23713122421118632,4,FREE
3.2899999999998593,54.12800000002019,0.0,0.0,1.253545057417205,0.015906012455045287,0.09375609466928561,-4.955526360429457,-4.914839563768885,2.688972882646703,3.439148800494471,1.4522125212303643,-0.932511546932544,0.19381503131496447,0.1437615173720248,0.13992361771633635,0.8098999259103756,0.8164437170880728,-0.2421865566160493,-0.24163458363110193,4,FREE
3.299999999999858,54.1380000000202,0.0,0.0,1.2549361023136087,0.01594124559214836,0.09368308781492436,-4.921787552491921,-4.880009728377276,3.6615110182941955,3.46983735155841,1.4539337206558958,1.3078998446576835,0.16101009310260983,0.14032708763691218,0.1376377578579856,0.797567510701431,0.8030251668710079,-0.2267940288703269,-0.22539299976228155,4,FREE
3.309999999999857,54.14800000002021,0.0,0.0,1.2562914776521268,0.015975604801314363,0.09361186703756745,-4.886924457040933,-4.84157537339154,2.984488812425098,4.007297129003029,1.4553972136542481,-0.20843029497829316,0.1381630400725933,0.1386796742723394,0.13343645982973099,0.7608483802464702,0.7651990705232392,-0.22896441687544666,-0.23503883531884973,4,FREE
3.319999999999856,54.15800000002022,0.0,0.0,1.2576159680774674,0.01600920261327788,0.09354236981881266,-4.849610031304391,-4.800699704346099,2.940359414729936,4.123291270124647,1.4564543267684682,0.9181322159210329,0.09498790640382893,0.13539404014793668,0.13088315477027104,0.7406112572436243,0.7440799312559253,-0.253915663028122,-0.2472790327623647,4,FREE
3.329999999999855,54.168000000020236,0.0,0.0,1.2589092196371914,0.016042086210662367,0.09347455797137916,-4.809090891743195,-4.757204688166506,3.4666081253329124,4.378589443352448,1.4576822983559614,0.054957263396604936,0.12377363701479664,0.13199923588250867,0.1278289612569435,0.7185214793349132,0.7232314042688806,-0.23770486681372197,-0.22744068215790061,4,FREE
3.3399999999998538,54.17800000002025,0.0,0.0,1.2601859913251974,0.016074606685191693,0.09340783224422278,-4.765999296832603,-4.714821387187079,3.8162378527729666,4.1492052860626725,1.4590922128662571,0.337242631000953,0.13308127723030244,0.12810827893314708,0.1266689972120133,0.7201187757996266,0.7247948641977764,-0.19946692048235615,-0.19624999280077493,4,FREE
3.3499999999998527,54.18800000002026,0.0,0.0,1.261462078968976,0.01610712256417302,0.09334134406258543,-4.722943303257922,-4.677544795859847,3.888088172319661,3.5892503782056417,1.4603140341490857,0.08397340337297375,0.11057238972250835,0.1274833242350114,0.12680988459532452,0.7281730277915023,0.7320822297881758,-0.22292648402264686,-0.21877567210415882,4,FREE
3.3599999999998515,54.19800000002027,0.0,0.0,1.2627270852440913,0.016139382080696454,0.09327527659633664,-4.684699164107352,-4.642598219707421,4.369252806404922,3.450505279649075,1.461472004387592,0.6177988083526937,0.10963486128441524,0.12708810014081864,0.12536297948070071,0.7249466135874372,0.7286903062360017,-0.19400477855463857,-0.19317001774789097,4,FREE
3.3699999999998504,54.208000000020284,0.0,0.0,1.2639871104432465,0.01617154569345842,0.0932094257491265,-4.649308768828666,-4.61149000229697,3.867562405658852,3.0421913218273136,1.462641161843866,0.7016015108576961,0.1194536190717451,0.12529964737841456,0.12497695654451643,0.7278461535695026,0.7324523993860077,-0.2089659136027753,-0.19762174929231982,4,FREE
3.3799999999998493,54.2180000000203,0.0,0.0,1.2652390095978914,0.016203547864120198,0.09314388976325982,-4.617451062086308,-4.583339074650734,3.196298375953413,2.7630501234641156,1.4640897829652484,0.5569627784006056,0.1425262140986129,0.12472400414956315,0.12411897873391829,0.7265356455150807,0.7317009365164195,-0.20889896927542584,-0.20249011529439975,4,FREE
3.3899999999998482,54.22800000002031,0.0,0.0,1.2664743972559667,0.0162351288737225,0.09307904553333642,-4.588762363655734,-4.555914255713999,2.5872525830459754,2.7509886388801377,1.4654462015024214,0.09630668140985284,0.12726411833316068,0.12424784537437764,0.1222578484792781,0.7121428602937315,0.7165119224528301,-0.22799568617662225,-0.22643574053777493,4,FREE
3.399999999999847,54.23800000002032,0.0,0.0,1.2676856282845204,0.01626609614369877,0.09301533543589814,-4.561455650017685,-4.52718122889117,2.923761331425088,2.921075176831405,1.4666543185723253,0.14416979123557272,0.11468149846032075,0.12288939444321513,0.1197195821450677,0.6901968057909745,0.6942315697850772,-0.24961054753687006,-0.24602582295733388,4,FREE
3.409999999999846,54.24800000002033,0.0,0.0,1.2688650456725743,0.016296277923227125,0.09295322049399667,-4.533199159857031,-4.495100619665009,2.999129543794093,3.2519504625493263,1.4679310781316828,0.8892606886745851,0.12892974233453117,0.1205894375272809,0.11658795681810843,0.6664535573572279,0.6713248420866839,-0.2347789811752219,-0.22460894056499137,4,FREE
3.419999999999845,54.258000000020346,0.0,0.0,1.270021556287486,0.01632589392397129,0.09289246435142827,-4.501670616917191,-4.461914818911153,3.644239475656533,3.3186486387177525,1.4692592906609436,0.2743869427375671,0.12063976898929077,0.11696684334480918,0.11449660892233314,0.6540121114156285,0.6580153199340442,-0.2179869702130704,-0.21942260112487372,4,FREE
3.429999999999844,54.26800000002036,0.0,0.0,1.271160813808769,0.01635510701208239,0.09283276913772597,-4.468553709889024,-4.429016717267019,3.7388203272051865,3.2901427106985484,1.470776811490928,0.9254878876089263,0.160530063738085,0.11562289014059507,0.11279732312787175,0.6448568698884463,0.6505579477229948,-0.20638909226537513,-0.20220807988335696,4,FREE
3.4399999999998427,54.27800000002037,0.0,0.0,1.2722850105780386,0.016383949812849713,0.09277392974043568,-4.435512424369625,-4.396902274828833,3.4430531639344584,3.2285046394051413,1.4723444632199336,0.378787158266352,0.1490681724356091,0.11289460293542145,0.1112510951667282,0.6301785782827335,0.6353019986332817,-0.2502535620591862,-0.24860879754254456,4,FREE
3.4499999999998416,54.28800000002038,0.0,0.0,1.2733755567875211,0.016411938934374,0.09271664196676746,-4.4035674955890665,-4.360688453512203,2.933900991005678,3.7086040964359364,1.4738529731283816,1.0179729964558482,0.15013989442051173,0.11255769962655476,0.10765111831423664,0.5994425609762727,0.605031291417372,-0.24706839342742834,-0.23653033233421142,4,FREE
3.4599999999998405,54.298000000020394,0.0,0.0,1.2744440851325072,0.01643941356956118,0.09266063144737773,-4.3682721984206445,-4.323318936316013,3.040774605495984,3.66766089616473,1.4757105042615324,-0.14890805998502818,0.18900304704466991,0.10852965084651044,0.1060810396960298,0.5963076247644353,0.6034049070803094,-0.1999516548875253,-0.1863027317452685,4,FREE
3.4699999999998394,54.30800000002041,0.0,0.0,1.2755026306044497,0.016466657778461975,0.09260529225522542,-4.330516621198523,-4.287827721318006,3.770754119327426,3.523494410150528,1.4777446516723918,1.0538374189999546,0.19794295394080666,0.10654582675469204,0.10493725009934049,0.5879121897840389,0.5950337037428963,-0.2240762401206678,-0.21544499040123571,4,FREE
3.4799999999998383,54.31800000002042,0.0,0.0,1.2765459498044793,0.01649352480633429,0.0925507293112239,-4.294912659787865,-4.252779584019795,3.1347303225723158,3.4596946261900987,1.47979226087935,-0.12354533973532077,0.19787888241656978,0.10484517146779183,0.10351287005359339,0.5872578601240984,0.5940829406298413,-0.16879050001804083,-0.16585050177976554,4,FREE
3.4899999999998372,54.32800000002043,0.0,0.0,1.2775902792770095,0.016520427150264572,0.09249623842845188,-4.259409425628303,-4.222305142570628,3.7254193630924455,3.013087296022785,1.4816412257783858,0.7775133491395047,0.17690788176477898,0.10317640874658242,0.10358557815177846,0.5900734793192004,0.5962199835246379,-0.21209281019591478,-0.20782197050771736,4,FREE
3.499999999999836,54.33800000002044,0.0,0.0,1.2786227250686009,0.016547044015053802,0.09244221376721308,-4.228318446330545,-4.192997119401987,3.0510307688925105,2.895885958395259,1.4833172077513193,-0.38748501357473736,0.15883277259498005,0.10383489160139193,0.102416957392873,0.5862135217309742,0.5916592070732283,-0.20155442029235685,-0.1990640672317737,4,FREE
3.509999999999835,54.348000000020456,0.0,0.0,1.2796545298773112,0.01657367522962364,0.09238827448987201,-4.198720259169859,-4.167708209683336,3.41522981407746,2.3916106793752347,1.4848237445314487,-0.5486905106335429,0.14146548071228066,0.10247399567428896,0.10275731526181808,0.596720091252326,0.6019761864455518,-0.2108626869143176,-0.1998814441801236,4,FREE
3.519999999999834,54.35800000002047,0.0,0.0,1.280677548409659,0.016600134458673137,0.09233466022677181,-4.172459116219543,-4.1442725792423385,3.072897210056835,2.337603349548891,1.4864658174651622,-0.4843709603030199,0.1616292870566247,0.10280908178568274,0.10138804711745708,0.587678357186292,0.5931781792332337,-0.21210347129396462,-0.21155185719491432,4,FREE
3.529999999999833,54.36800000002048,0.0,0.0,1.2816859496004516,0.016626216625881148,0.09228171108877223,-4.148961574656013,-4.121132712358523,2.605135287193695,2.285941925252011,1.487769011673887,-0.31402102027266976,0.11339256402094523,0.10175934190424103,0.1000279032770812,0.582890448119622,0.5862730724319418,-0.19346152625643406,-0.2013786053537359,4,FREE
3.5399999999998317,54.37800000002049,0.0,0.0,1.2826769205702426,0.01665189232760004,0.09222960543083308,-4.1256310297229355,-4.097513355268291,2.2058991839833184,2.4366667581275583,1.4890686354179745,-0.03904310345468817,0.14651137258561733,0.10042184867278481,0.09790889933244129,0.5605749539698648,0.5665438743621746,-0.2421095135988201,-0.22178492500689528,4,FREE
3.5499999999998306,54.388000000020504,0.0,0.0,1.2836386801197952,0.01667686129724017,0.09217893246428567,-4.102537415952104,-4.070316913967711,2.4752611965946096,2.7915587470282315,1.4907310055968919,0.38153348174512947,0.16053663970737436,0.09802613595471384,0.09502500902816881,0.5366735338159078,0.5424578422964028,-0.23072362013320397,-0.22367646518359724,4,FREE
3.5599999999998295,54.39800000002052,0.0,0.0,1.2845742085205638,0.0167011513997836,0.09212970424822489,-4.076025417282088,-4.0402607840540306,2.6725064143147668,3.0430194506624964,1.4923226208119296,0.6798417065591384,0.14793876998377678,0.09591571484545207,0.0925609390832624,0.5202166071303802,0.5247606086109889,-0.20121423958795567,-0.21039805810201942,4,FREE
3.5699999999998284,54.40800000002053,0.0,0.0,1.2854882143879642,0.016724864055664843,0.09208171312745214,-4.046340934859286,-4.008500451707612,3.670541865865251,3.268741796505565,1.493478824429888,0.791500990958934,0.11412481923459362,0.09262484275929807,0.09022042054488429,0.4964451270616062,0.5007339411718058,-0.24759664328307893,-0.2377175534709202,4,FREE
3.5799999999998273,54.41800000002054,0.0,0.0,1.2863820815458165,0.016748096792435413,0.09203490127842127,-4.015272288142893,-3.9753295528858072,3.5418463908047078,3.2238322329164366,1.494828234898498,-0.09984293910974616,0.13090238467011345,0.09146779049206542,0.08894530589970324,0.49830639233429314,0.502985935188021,-0.17852591506048598,-0.17335826106917396,4,FREE
3.589999999999826,54.42800000002055,0.0,0.0,1.2872669790651683,0.016771130855230163,0.09198867299596629,-3.981591521878093,-3.9435675781106183,3.5157367968843025,3.2249565607891584,1.4963704735077399,-0.5369995941471649,0.15618185158514192,0.08798775324383394,0.08752014488872671,0.48904101120518134,0.4946884499493501,-0.17650184613682016,-0.16962065101299514,4,FREE
3.599999999999825,54.438000000020565,0.0,0.0,1.2881515124309568,0.016794175823194327,0.09194259104848153,-3.9498192746317438,-3.915375629606075,3.217421969176029,2.7131972347206967,1.498014673271652,-0.13169972312549547,0.16026467299128105,0.08732937944506593,0.08808999594174421,0.5027690355096015,0.5084109325038151,-0.16856151537222497,-0.16405668535573398,4,FREE
3.609999999999824,54.44800000002058,0.0,0.0,1.2890417674407897,0.016817382756719425,0.09189622701450627,-3.9205650346504757,-3.892265550914418,3.046067874709113,2.2396600644338367,1.4996309289732603,0.5667769619760668,0.15906478749796027,0.0876164693469455,0.08853479048618966,0.5113513816530976,0.5170570540209729,-0.18763688272887677,-0.18064642243526444,4,FREE
3.619999999999823,54.45800000002059,0.0,0.0,1.2899391359460364,0.016840787215615497,0.0918494585934067,-3.896625877640391,-3.8745476744692553,2.015858795874855,1.5972131329002863,1.501156918758255,-0.12130458693343057,0.14370635702321763,0.08888000417307125,0.08964566646022062,0.5351562332134197,0.540004399323997,-0.14780360724211367,-0.14727906064229707,4,FREE
3.629999999999822,54.4680000000206,0.0,0.0,1.2908506169266112,0.016864568112469766,0.09180191395117947,-3.877393025790988,-3.8639944437442004,2.908726342839803,0.8844805747524874,1.5024153844608434,-0.24370604635210294,0.11729256757709576,0.08905837277594847,0.09103916435302542,0.5471810558951492,0.5514366823977837,-0.2208641519332977,-0.2135450280653561,4,FREE
3.6399999999998207,54.478000000020614,0.0,0.0,1.2917490532489786,0.01688804767823892,0.09175467920512166,-3.865860518418353,-3.853548688548942,1.232532871590816,1.0697352690544168,1.503776479751915,1.0239343165023507,0.13941946037341532,0.09099208793703806,0.08898955883617084,0.5326256457511914,0.5378579248450771,-0.20288058767046388,-0.19227540016074687,4,FREE
3.6499999999998196,54.48800000002063,0.0,0.0,1.2926239150034515,0.01691094035095734,0.09170844540121191,-3.855663625915069,-3.8404681870668522,1.50933657665769,1.4869701990720832,1.5053003383432304,0.5172688569105455,0.1463362298806733,0.08856383955945633,0.0860565867309774,0.49627921270263464,0.5012428517315951,-0.272331374027803,-0.27203863693572267,4,FREE
3.6599999999998185,54.49800000002064,0.0,0.0,1.2934517427157206,0.01693260749253421,0.09166447026320775,-3.84389621537967,-3.818655336664499,1.6459027806111277,2.3012575012054803,1.506805500930256,0.06047685508505752,0.1532728355821821,0.08741750612711169,0.08160957622778166,0.4580053259747572,0.46368179710303525,-0.24312761624623194,-0.23301634575393618,4,FREE
3.6699999999998174,54.50800000002065,0.0,0.0,1.2942381815624755,0.016953196329817947,0.09162278318247537,-3.823498210560737,-3.7895329608489554,2.5086329034935746,3.0998069689646948,1.5083219531507785,0.45630887315711255,0.1425121584780878,0.0826590621873342,0.07724246035854963,0.4183265239535339,0.42337186153917655,-0.2281804625943123,-0.22291925815583186,4,FREE
3.6799999999998163,54.51800000002066,0.0,0.0,1.2949931004741293,0.016972964193842106,0.0915830422569066,-3.7958979047465147,-3.7555982715069387,3.089599049916789,3.450760407517442,1.5097823903268213,0.06590945189750369,0.13952457334022575,0.07852062958922978,0.07462007711225063,0.39889010650464546,0.40367806115386373,-0.20516905841412467,-0.20332675680228787,4,FREE
3.689999999999815,54.528000000020675,0.0,0.0,1.2957363598946516,0.016992431237566046,0.0915442899531508,-3.7625340254026947,-3.721921267255999,3.8023399779182747,3.2829834718948194,1.511090695056724,0.006355485080726491,0.1225946970852544,0.07467575723444805,0.0740193446221257,0.4042587827989358,0.40845349040227086,-0.16444425457672468,-0.16269498888121875,4,FREE
3.699999999999814,54.53800000002069,0.0,0.0,1.296481495384277,0.01701197571776869,0.09150564207800378,-3.7282668364636615,-3.691930160574753,2.873659154660278,2.9672668213004334,1.5124139325149406,-0.12562539405172365,0.13335003528966263,0.07421371296633697,0.0740142041608971,0.40614421856652727,0.4110781636957135,-0.19197307125309704,-0.18318691565625012,4,FREE
3.709999999999813,54.5480000000207,0.0,0.0,1.2972391576139792,0.01703185149329352,0.09146645144270452,-3.6978025438051834,-3.6683165867663066,2.934884199231378,2.129845715390551,1.5134685718316419,0.4112020418577391,0.08603793197352065,0.07440797746241572,0.07603702668389854,0.4357309836568177,0.43885530963149527,-0.18418067463389198,-0.1778266332883192,4,FREE
3.719999999999812,54.55800000002071,0.0,0.0,1.2980025291460777,0.017051905997131377,0.09142676203558092,-3.6724757480035994,-3.649258599888417,2.6456962637996453,1.8393869877341165,1.5144696279935297,-1.6947365896195132,0.09754130952148977,0.07552065331051394,0.07597571379943299,0.4419721425506743,0.4452232922809776,-0.16651643240584202,-0.1673161016558506,4,FREE
3.729999999999811,54.568000000020724,0.0,0.0,1.298767118171538,0.017072003506649905,0.09138680534805153,-3.652751622908524,-3.633554200337197,2.1455241498038484,1.5453586858536452,1.5152945117168932,0.14191967676680978,0.0759543631687491,0.07593104086746716,0.07594198312306351,0.44352748088108446,0.44602068506225107,-0.19255774722422458,-0.19350730701579655,4,FREE
3.7399999999998097,54.57800000002074,0.0,0.0,1.2995211403585978,0.01709183254805887,0.09134717219546501,-3.6366291566582576,-3.61811947121457,1.7604478295006174,1.5502738924965103,1.5159525709179957,0.335018117698942,0.06098320905120038,0.07640714959378885,0.07477118576646877,0.43546690019098455,0.4374910440513923,-0.19709191672712106,-0.19742076480285803,4,FREE
3.7499999999998086,54.58800000002075,0.0,0.0,1.3002485224662277,0.017110986083053583,0.09130869444377444,-3.6212345348773507,-3.598762196653096,1.82044439585355,2.087543818382814,1.516736332723445,-0.4380647621319673,0.08260945370280422,0.07494160511109729,0.07156671576026247,0.4036858516664825,0.406589241177493,-0.20715950605224384,-0.2056847586974885,4,FREE
3.7599999999998075,54.59800000002076,0.0,0.0,1.300953900476202,0.01712956465755647,0.0912714489201532,-3.6030145000830474,-3.576649381762003,1.9329203621907671,2.228953808454745,1.517536792699665,0.22931532198174745,0.07474431801250252,0.07225573188005796,0.06989975088103423,0.3933891128738282,0.39589374800617455,-0.18881965665769812,-0.18940184721679393,4,FREE
3.7699999999998064,54.60800000002077,0.0,0.0,1.3016500057618148,0.017147887602315427,0.09123491292140261,-3.581077152677197,-3.5550311444828266,1.7625016095803625,2.1416329823799245,1.5181267878577749,-1.505134674776372,0.04837547384266027,0.07043578951126447,0.06913058603159891,0.3911062946399186,0.39244830642288164,-0.18390930170232733,-0.1894136925790807,4,FREE
3.7799999999998053,54.618000000020785,0.0,0.0,1.3023307185441473,0.017165803509662552,0.09119919445350005,-3.55927198033806,-3.5322732911249055,2.256279585425883,2.3639391971536257,1.5185552672758187,0.9050109926233347,0.042835064273446424,0.069369869318631,0.06718867940424485,0.3699500312599525,0.37155606072071934,-0.22216374221048768,-0.21889884960120437,4,FREE
3.789999999999804,54.6280000000208,0.0,0.0,1.3029864021691604,0.01718307957369922,0.0911647245082431,-3.5371792709298813,-3.505834652026008,2.1963991447397646,2.7314330548739565,1.5191718204994415,-0.031984972946399334,0.06508078910490485,0.06771111217772152,0.06470684476735167,0.3521899276521288,0.35418574106573175,-0.1836194891063436,-0.1890697188840749,4,FREE
3.799999999999803,54.63800000002081,0.0,0.0,1.3036312036398117,0.01720005626704712,0.09113098042646327,-3.5112622341465394,-3.479325971683994,1.9391121751601645,2.6259403511471255,1.5196241214381603,-1.0787939730519156,0.03952250852955717,0.06495520708326773,0.06406496365407675,0.35130810859906525,0.35291029554595316,-0.18252658177976794,-0.17679116865467698,4,FREE
3.809999999999802,54.64800000002082,0.0,0.0,1.304274661351508,0.017217025459807453,0.09109744752552633,-3.4845037317490015,-3.4551598234926235,2.6880740069058233,2.338224913813509,1.5203233028095453,0.22775638899873,0.07471709934742765,0.06444545739146636,0.06414526540379738,0.35857969864343486,0.36159366080966565,-0.16742809243623624,-0.15841744070806024,4,FREE
3.819999999999801,54.658000000020834,0.0,0.0,1.304918818970726,0.017234046184506933,0.09106388232400162,-3.4596591038080216,-3.4338112886249377,2.1163008434697304,2.1217107601116756,1.5214919044729562,0.5024804676264814,0.12505908031072932,0.06323157026611019,0.063970942480909,0.3570327711154233,0.36196405397213094,-0.1925346522920937,-0.17969255141999618,4,FREE
3.8299999999998,54.66800000002085,0.0,0.0,1.3055681534818935,0.017251203097382692,0.09103006519734465,-3.4380295062137542,-3.4163945590914486,2.3412236692322073,1.5881271690826173,1.5228563761643836,-0.04429937281890316,0.1351050013053855,0.06449662243206934,0.06503196516537557,0.3734849204455796,0.3780316746698444,-0.1852171436530848,-0.1864498236734802,4,FREE
3.8399999999997987,54.67800000002086,0.0,0.0,1.3062159575252001,0.01726828704167035,0.09099618557401853,-3.4195464955873063,-3.4011313123450813,3.0369820329388344,1.5046738310878591,1.5239356941910018,-0.7933949661576538,0.09725338084072374,0.06441907902441833,0.06437590282357598,0.3724905281862009,0.37546467617035406,-0.1743750987849234,-0.17999630222864327,4,FREE
3.8499999999997976,54.68800000002087,0.0,0.0,1.3068583424704348,0.017285209934570382,0.09096248146024688,-3.404064936259854,-3.38698451230812,1.9271221438017008,1.4172827329263458,1.5246507238433968,-0.8529656879644609,0.06772111354658206,0.06414963161054112,0.06374644107339783,0.3681037060919449,0.37045207407542097,-0.19371859182765372,-0.1915520556509001,4,FREE
3.8599999999997965,54.69800000002088,0.0,0.0,1.3074958297459878,0.01730203457032119,0.09092902403754156,-3.3898448659971923,-3.3740623903478824,1.6608290372423546,1.2167022741245583,1.5254830263679842,-0.6282017328974602,0.08772053237232968,0.0636049251535381,0.06356321444272149,0.37385124520217966,0.37720192115934037,-0.16841787574632536,-0.16084975455278036,4,FREE
3.8699999999997954,54.708000000020895,0.0,0.0,1.3081241526488183,0.017318643598922386,0.0908959804109744,-3.376344879266058,-3.3612313333922463,1.505131325938993,1.3405044182813575,1.5265202611689757,0.1758151417722032,0.10224773291420587,0.06318441098779656,0.062143099369396076,0.358331222845361,0.362360284123394,-0.19799304081095753,-0.186420854067544,4,FREE
3.8799999999997943,54.71800000002091,0.0,0.0,1.3087380384929765,0.017334891261346824,0.09086366099532545,-3.3639403333831757,-3.347101527652324,1.0207467143559819,1.4376053224711847,1.527813949157168,-0.4916322429088309,0.12776566346913126,0.06262055648319893,0.06083556913485779,0.34723319394141083,0.3513785014402005,-0.197528446475713,-0.20192541492114113,4,FREE
3.889999999999793,54.72800000002092,0.0,0.0,1.309335138096856,0.017350661211221648,0.09083221707071584,-3.3500551485064123,-3.3310346298171143,0.915320130860385,1.6535291051624699,1.5287227127336231,0.1093258450782947,0.07906986495776566,0.06040454599666818,0.05908274125980956,0.33281499252263963,0.3352057336195209,-0.1999273791968778,-0.2046149352956831,4,FREE
3.899999999999792,54.73800000002093,0.0,0.0,1.309919635668538,0.017366115262049155,0.09080152730549909,-3.334439350215784,-3.31408338311656,1.9579115767953466,1.6670183188054777,1.5296383908196758,0.5818254034547579,0.10228786806559104,0.05896142898773348,0.058121492088117954,0.3290988467103896,0.3332231716201316,-0.18450696105097042,-0.17117392112992214,4,FREE
3.909999999999791,54.748000000020944,0.0,0.0,1.3104988089055383,0.017381449950454667,0.09077122610985541,-3.3173614827258513,-3.2980960853685852,1.4191730092632986,1.588101661463639,1.5307303398058627,0.21487963020862644,0.10567731541550264,0.057625925188901965,0.05752952591345177,0.3268781579593367,0.3303497148899031,-0.1782391539095322,-0.1806231603593465,4,FREE
3.91999999999979,54.75800000002096,0.0,0.0,1.311072607027912,0.017396633129796193,0.09074123543516127,-3.301229230620456,-3.2830236445308674,1.0276299182937783,1.4887510641779922,1.531608670087987,-0.08970164150560861,0.08351858954746219,0.05838218732363972,0.05702881784334471,0.32543817792098745,0.32851315483407767,-0.1838949353091794,-0.17807979512803487,4,FREE
3.9299999999997888,54.76800000002097,0.0,0.0,1.3116387626658903,0.01741163840086785,0.0907116050253013,-3.285970693340592,-3.2682470273351147,1.0792694729832808,1.4952206979908798,1.5326468382352154,-0.021599975319459893,0.10745838166931328,0.057766156561045584,0.056133086372937624,0.31736864050095653,0.3214355508883125,-0.1976658061515082,-0.18914680601129008,4,FREE
3.9399999999997877,54.77800000002098,0.0,0.0,1.3121914836316189,0.017426295561247324,0.0906825976741922,-3.271289075343905,-3.2522353365515952,2.14156931237343,1.6282668622444716,1.5337949506087556,-0.06573340645607008,0.10901471976627274,0.056769047323595875,0.05476228805793383,0.3064372043062783,0.3101783560741244,-0.19399577752740263,-0.19286197015890225,4,FREE
3.9499999999997866,54.78800000002099,0.0,0.0,1.3127138063718733,0.01744013236509515,0.09065497784855518,-3.2555466182502535,-3.2305611479875975,1.5409747275296517,2.4039021187456684,1.5348481061288273,-1.1393570849857424,0.10002419491847496,0.054179124183328375,0.05093343346837015,0.27200994538014694,0.27559964942422843,-0.16860065874211602,-0.16389690024815193,4,FREE
3.9599999999997855,54.798000000021005,0.0,0.0,1.3132261838338126,0.01745370944216352,0.09062810555687119,-3.2352550461796694,-3.208484621438097,1.8506402584747021,2.171489062846187,1.5358952715451646,-0.24440345237072722,0.0995150338636907,0.05207890163820254,0.050999013181388685,0.27498866512364284,0.27824190289657924,-0.1808981124392018,-0.1830441205045739,4,FREE
3.9699999999997844,54.80800000002102,0.0,0.0,1.313735502088392,0.017467200628324672,0.09060153522492188,-3.2128161729112192,-3.1877371294630215,2.3110324553312234,2.0191693599410088,1.5367542189029784,0.16438659007424555,0.08208596938397437,0.05102272491428306,0.05077533626726992,0.27927032645900446,0.2821632878683927,-0.16339865393072478,-0.16044062158793554,4,FREE
3.9799999999997833,54.81800000002103,0.0,0.0,1.3142532612546995,0.01748092287462057,0.09057466255807278,-3.191639375802724,-3.17125194636221,1.4571173819870646,1.5311157016454269,1.5374550246402983,0.42672874680893236,0.059900711932677125,0.05037183215511891,0.05185948017989479,0.29755858773886995,0.29934223366647866,-0.14402510155407805,-0.1482497336711593,4,FREE
3.989999999999782,54.82800000002104,0.0,0.0,1.3147831227834064,0.017494971354357493,0.09054716041144655,-3.1740799278306753,-3.159938353621305,0.9228859995928763,1.0039078697341095,1.5378760197948347,0.7995069787247432,0.03592925507149175,0.05200478805664809,0.05310693711818598,0.30902159372754484,0.31015106776997103,-0.1892999866942035,-0.1902979208998829,4,FREE
3.999999999999781,54.838000000021054,0.0,0.0,1.3153076417782101,0.01750888926854572,0.09051969352458589,-3.161993001323311,-3.149251881354295,1.3596783492173234,1.0721848484521084,1.5381696425703175,-0.04622674151503496,0.025288530131304793,0.053474362198218384,0.052072161103651794,0.30340199432873444,0.3041053397184597,-0.1718561736410187,-0.1747588338067598,4,FREE
4.00999999999978,54.84800000002107,0.0,0.0,1.3158266241751229,0.01752266213014812,0.09049242175573605,-3.151340899517055,-3.1391241378912516,0.7687055668483866,1.0189513170178877,1.5382624751696115,0.30299892660301536,0.0018113965733098062,0.0523725268170443,0.051512645491003366,0.2994086067655165,0.29916023791303276,-0.18332166461116717,-0.1893455450898241,4,FREE
4.019999999999779,54.85800000002108,0.0,0.0,1.3163324296365355,0.017536104833437427,0.09046574115806773,-3.141191918309589,-3.1275559844862166,1.4824527634706157,1.210742718694452,1.5384254687040022,-0.3095783135649446,0.027011709813455714,0.051326619572215314,0.050018758711519534,0.28396174840585997,0.28538236421347546,-0.20303535857687519,-0.19360650140012223,4,FREE
4.029999999999778,54.86800000002109,0.0,0.0,1.3168257988036773,0.01754924695496293,0.09043973921834778,-3.1300861958159887,-3.1147185637473354,1.204054482564268,1.293049298871327,1.5390207584057138,-0.6111544059611048,0.06353160736735167,0.051067242796571224,0.048955327716156884,0.2777867355337935,0.2803568856782865,-0.1835439401148174,-0.1762674507946585,4,FREE
4.039999999999777,54.8780000000211,0.0,0.0,1.3173130692599362,0.017562235719773632,0.09041416482983793,-3.117297664311532,-3.1022263786902933,0.27887102667624136,1.2255811265567365,1.5399380885718177,0.0640059793467064,0.09674376993855671,0.04848467968915324,0.04847867499043145,0.27768000038393853,0.2814840806716739,-0.16833515230627386,-0.15862838696905743,4,FREE
4.049999999999776,54.888000000021115,0.0,0.0,1.3177968862890501,0.017575132991931176,0.09038882976832238,-3.1045674018182505,-3.090736495942901,1.755737817286865,1.1894451460201496,1.541150573134939,0.18882192914062412,0.12193568806601944,0.04863818583034864,0.04789169052797041,0.26913679103801164,0.27355620016847887,-0.2031698865382047,-0.19794782322731827,4,FREE
4.059999999999775,54.89800000002113,0.0,0.0,1.3182662828369769,0.01758762154002544,0.09036417595503997,-3.0932442617339255,-3.07738305999626,1.6846943198507853,1.3437773369255586,1.5423781801360816,0.4135109961077644,0.11888809196966348,0.048877991684250256,0.04658092396674019,0.2606728938659246,0.264825444266724,-0.1840440731609592,-0.18127681130835702,4,FREE
4.069999999999774,54.90800000002114,0.0,0.0,1.3187340294449823,0.017600059284851578,0.09033972143101687,-3.0800876192130575,-3.065448619748727,1.1480000507231063,1.1358442897259913,1.5436386189394558,0.5328231858473516,0.1288330797216236,0.04709354034013423,0.04667453085690875,0.26691428574870446,0.2712355838198291,-0.16809651788695865,-0.16916789909873112,4,FREE
4.079999999999773,54.91800000002115,0.0,0.0,1.3192012372357789,0.017612470296613437,0.09031531844862442,-3.0676492377147664,-3.0551924902460668,0.6026749083948875,1.010975605522325,1.5447490386414262,0.1897918140473077,0.10730238616524192,0.04648976012774007,0.04645837476240688,0.2657449933312081,0.2696466661593003,-0.18748141531653828,-0.18111623414745492,4,FREE
4.089999999999772,54.928000000021164,0.0,0.0,1.3196586397010894,0.017624624353482676,0.09029132543588815,-3.057245501082249,-3.044192343183901,0.7814044566035877,1.1330820628418694,1.5458535439518664,0.49664303610265864,0.10430701513826032,0.04698811437299677,0.04529999368427259,0.255467700108751,0.25891088341888746,-0.19011910883456362,-0.1914042780448924,4,FREE
4.0999999999997705,54.93800000002118,0.0,0.0,1.3201001605999019,0.017636360453847828,0.0902680718639402,-3.0465332754693923,-3.0308532111804842,1.1133176642594484,1.3969166475688461,1.5469407042113659,0.10479617016101543,0.11342082031752723,0.045876011071204155,0.043605101523461004,0.23853861511602653,0.24281024345340987,-0.20293096335866903,-0.1939850164394085,4,FREE
4.109999999999769,54.94800000002119,0.0,0.0,1.3205306974477202,0.017647814397272817,0.09024544799976379,-3.0337734794297506,-3.01641866787292,1.7603308407685285,1.4280210162981521,1.5480941096242402,0.21240767523491288,0.11098125888181946,0.044440538176406454,0.04281642805083316,0.23479885907991047,0.23865626022961092,-0.1890173587532212,-0.18662570327031888,4,FREE
4.119999999999768,54.9580000000212,0.0,0.0,1.3209504538193757,0.017658981817413228,0.09022341365254978,-3.0193352038047263,-3.0009093728597485,1.6087858781349518,1.5819789041686545,1.5491757473936967,-1.0195182709892092,0.10498288855299741,0.0433030092935011,0.0415672970273234,0.22425932363703507,0.22796544931649257,-0.18935435801322384,-0.1857381937431918,4,FREE
4.129999999999767,54.96800000002121,0.0,0.0,1.3213587679026766,0.017669847681069245,0.09020199716929665,-3.0041348935814933,-2.9841218204019726,1.8933801450727972,1.6914896821293635,1.5502139054360504,0.4864385884930449,0.09854509963863413,0.04226276401703028,0.04050171531892761,0.21683008523453098,0.22017166352821493,-0.18034283727675576,-0.17971764567282383,4,FREE
4.139999999999766,54.978000000021225,0.0,0.0,1.3217470155522624,0.017680177729419634,0.09018153348889268,-2.9875211629208147,-2.963785861479661,0.970162454365552,2.1964134041208863,1.5512073928976646,0.9086203261313276,0.09824577171945931,0.04024678700346083,0.037928696566642106,0.18475206507242084,0.18829175755519623,-0.23034862974443865,-0.2256574257492902,4,FREE
4.149999999999765,54.98800000002124,0.0,0.0,1.3221104916871262,0.017689834633657628,0.09016235224479704,-2.9685058283310632,-2.938644215457372,2.240996286151955,2.5657154230613384,1.5520720112005835,-0.679796761199562,0.0789266899947137,0.03931061084668544,0.03589370581850041,0.17096479081919985,0.17327765093581257,-0.1892637880367047,-0.19617713471941037,4,FREE
4.159999999999764,54.99800000002125,0.0,0.0,1.3224608835812095,0.017699128527375013,0.0901439927791884,-2.943881236003828,-2.9116720541619734,2.8526909744537843,2.696215151773978,1.5526172067570074,0.44347070595742,0.04981945684045164,0.03638015056642269,0.034798723607194215,0.16793252147047283,0.17010312170563568,-0.15496221858499634,-0.1439064451238307,4,FREE
4.169999999999763,55.00800000002126,0.0,0.0,1.3228201680746396,0.01770871107276096,0.09012543005558289,-2.916897500213936,-2.888505469899803,2.2200163377701174,2.2023518737244094,1.5535530307859968,-0.5370327157109719,0.0981253012720942,0.03428901796353317,0.036128592967958936,0.18623050234573188,0.19001750035913315,-0.14128876779317268,-0.13256928828522763,4,FREE
4.179999999999762,55.018000000021274,0.0,0.0,1.3231989200768306,0.017718847769100623,0.09010596833292575,-2.8926662162634105,-2.871828560886598,2.183241213772549,1.5223055464678323,1.5548333243060577,-0.7746712454560485,0.1326532460771477,0.03585588847442844,0.03819372832248275,0.21176073688853822,0.21677963981266596,-0.13423687273759335,-0.12420022312767262,4,FREE
4.189999999999761,55.02800000002129,0.0,0.0,1.3236011343344678,0.017729630959054814,0.09008525486010342,-2.874582682693312,-2.8626365521719412,1.387252474439404,0.7558041181269317,1.5563506586604983,0.542730556492715,0.15270104873125379,0.037728808193125477,0.04060417309797634,0.2387428982453255,0.2444743469714089,-0.14460780279711638,-0.1331770422302252,4,FREE
4.1999999999997595,55.0380000000213,0.0,0.0,1.324023267098301,0.017740960825599658,0.09006336091250852,-2.863921433120001,-2.859989738246103,0.5807868114545918,0.12597246148020858,1.5580757560227392,-1.132498926883101,0.17334289882650974,0.040468807730780904,0.042494837414584034,0.2643106031727072,0.27028293816138227,-0.11928572394808867,-0.11721959391149414,4,FREE
4.209999999999758,55.04800000002131,0.0,0.0,1.324466111265404,0.01775282242427959,0.09004026223656722,-2.8598842804814852,-2.8640868130695334,0.29850083583519627,-0.46905184351502804,1.5594457363316512,-0.18760785630786198,0.12160402791759885,0.04161507579673668,0.04425233853842123,0.28047614380646424,0.28402501512757333,-0.159892637765175,-0.16972250828370203,4,FREE
4.219999999999757,55.05800000002132,0.0,0.0,1.3249081869329116,0.017764648833307674,0.09001693174364105,-2.8630892803644263,-2.8693720176765707,-0.2787598838196138,-0.5285033278093507,1.560386300480833,0.16391976518159262,0.09781344542155038,0.04428811023229569,0.04394414949765238,0.2780006540103771,0.28152135270302414,-0.1767961421175323,-0.1711707434701597,4,FREE
4.229999999999756,55.068000000021335,0.0,0.0,1.3253224089579856,0.0177757283177359,0.08999472267954983,-2.8683144712404993,-2.8688444843721426,-0.9722333114756417,0.26413079569934195,1.5612222800314806,0.08006304135648737,0.07662990571567388,0.04357089841960753,0.04035238192282407,0.2355549980487805,0.23818225325470674,-0.2166398176798452,-0.21477712037592295,4,FREE
4.239999999999755,55.07800000002135,0.0,0.0,1.3257012248758884,0.01778586118396396,0.0899743234282666,-2.869640635182794,-2.860556774049723,0.797126447166917,0.9818308843043376,1.56204631815205,0.3736313174846023,0.08515535980658866,0.04160184753196467,0.03704922944227351,0.1996812172358403,0.2030861629559989,-0.23586223887619448,-0.2248286252598681,4,FREE
4.249999999999754,55.08800000002136,0.0,0.0,1.3260411352581107,0.01779496342746344,0.08995604800482752,-2.862882831897543,-2.843588790685987,0.5466209318773223,1.8710852591547427,1.5631747881177023,-0.3647335203486662,0.11086570126227636,0.038027203943144613,0.03309389634388551,0.1592542686720038,0.16315147967432714,-0.22853387490372132,-0.225957419682869,4,FREE
4.259999999999753,55.09800000002137,0.0,0.0,1.3263415880726699,0.017802973170075852,0.08993998731494326,-2.8476760536656314,-2.81776332705052,1.2991496308173969,2.7655972153581927,1.5641286343867047,0.5896138592414454,0.08326393275792927,0.03401817282006958,0.029133158585700394,0.11883933390356745,0.12144426830606232,-0.2283078358065015,-0.23190207426291748,4,FREE
4.269999999999752,55.108000000021384,0.0,0.0,1.3266160431345917,0.017810255314328602,0.08992557459445004,-2.8236618983746817,-2.786514810583192,2.108428241387698,3.2038565155668555,1.5647322205127543,0.3055816253372475,0.04940261828886485,0.030148864262550625,0.02695001057833078,0.1067304070127568,0.10816351473175412,-0.16657692777374108,-0.1703862927631922,4,FREE
4.279999999999751,55.1180000000214,0.0,0.0,1.3268855969664088,0.01781740942590725,0.08991172741166166,-2.7929001724755835,-2.755239722811016,2.9067595338317886,3.0945947331221477,1.5651494535145472,0.6585307270475946,0.03877280485855407,0.027079207788118564,0.02690053437727078,0.11102267989535164,0.11278385639793093,-0.15535904784430524,-0.14547227438935803,4,FREE
4.28999999999975,55.12800000002141,0.0,0.0,1.3271651638090536,0.01782486943453784,0.0898975386065107,-2.761295222902627,-2.7277310399372126,2.3630845050197955,2.6324540736243014,1.5658009751209243,0.21254556818008286,0.05821743041714852,0.026666702298822353,0.02823520593801709,0.13062681853940566,0.13246077682894053,-0.12809673902740693,-0.1312487610831658,4,FREE
4.2999999999997485,55.13800000002142,0.0,0.0,1.327468764951083,0.01783297468593184,0.08988216589638025,-2.7327337510500147,-2.7075569125132577,3.284861222214055,1.8407971115698383,1.5661623509109766,-0.5167164238562225,0.02613948453218394,0.02849575899947826,0.030860449133534456,0.1638753664339594,0.16448115966983426,-0.11251233169814537,-0.11760993619916019,4,FREE
4.309999999999747,55.14800000002143,0.0,0.0,1.3278064892196038,0.017842013525075345,0.08986498471501643,-2.7108863050722953,-2.6972838073223553,2.1403617530394348,0.8329015728900212,1.5662628327351893,-0.7645190842942781,0.0011249224519961855,0.03039072620933683,0.03433366724074868,0.2079384043493782,0.20830127258926337,-0.08778245809164756,-0.08002513409200088,4,FREE
4.319999999999746,55.158000000021445,0.0,0.0,1.328188276473126,0.01785229272225304,0.08984543838608879,-2.698400327975635,-2.69946219532544,1.2381317788449455,-0.46059509555799205,1.5665844420396262,0.05120382583036327,0.03663309107757944,0.03375607510641814,0.03891309703580722,0.25574891789445936,0.2569437051678917,-0.10785501700386606,-0.10973535230493157,4,FREE
4.329999999999745,55.16800000002146,0.0,0.0,1.3286020974927089,0.017863449720648135,0.08982394737762672,-2.698150921977436,-2.7109754737726495,-0.7168981090295707,-1.2867492757505161,1.5668462629379138,-0.2569309033269343,0.02666219546035033,0.03797375233993778,0.041690010052030844,0.28437861118126073,0.2852715208979475,-0.13189610079676442,-0.1323048572984684,4,FREE
4.339999999999744,55.17800000002147,0.0,0.0,1.3290354253158736,0.017875146162317588,0.0898011789133801,-2.708160615594135,-2.7286052115963693,-1.1818671636022806,-1.8803074886239706,1.56711612078733,0.36403409386304175,0.03161606809936095,0.04083669759983745,0.04355986826525804,0.3060443143076635,0.30723038940646846,-0.13425277789960832,-0.13228347929488027,4,FREE
4.349999999999743,55.18800000002148,0.0,0.0,1.329454037529975,0.01788646119837361,0.08977874345884457,-2.724608767489158,-2.7435245370521235,-1.80681451900096,-1.3311850343806995,1.5677364966030567,-0.44194351218214944,0.07737815795899745,0.04283741924970749,0.04101644382238511,0.2652875092659423,0.2679762423058112,-0.2317745042077855,-0.23221282226088313,4,FREE
4.359999999999742,55.198000000021494,0.0,0.0,1.3298307002018235,0.017896610453523414,0.08975824341617912,-2.741257215789864,-2.7487202394754395,-2.0884534308066933,-0.30769283523495294,1.5683793552110066,0.12332388247467896,0.061914029768121395,0.04287250821082087,0.03663430932785291,0.21809535401946076,0.22016003225873698,-0.24275768202347606,-0.24357908874664178,4,FREE
4.369999999999741,55.20800000002151,0.0,0.0,1.330158940918822,0.017905412606799658,0.08974031848974218,-2.7485710657338984,-2.742534823066067,-0.0996061577109528,0.8474348374388638,1.5689090737212052,0.6429775188682549,0.05024637917090279,0.03779800027883242,0.03174244218030572,0.16730728635623146,0.16900404509474085,-0.24143987874654968,-0.24138501437646867,4,FREE
4.37999999999974,55.21800000002152,0.0,0.0,1.3304423922060438,0.017912972959560965,0.08972498342120498,-2.7446853101031032,-2.7259009261219607,1.33726706402,1.8434773119808168,1.5693177845262523,-0.28080677528505227,0.033857571397907876,0.03279627707691101,0.027469434633321577,0.12545737390117312,0.12644790000319528,-0.22484967630052222,-0.22775407668021497,4,FREE
4.3899999999997386,55.22800000002153,0.0,0.0,1.3306995680480809,0.017919814327504686,0.08971142597971651,-2.7299486673506776,-2.7035811858164536,2.0089215204506536,2.336143950005458,1.569701687141122,-0.054034546241396565,0.03550938029732165,0.02864273932876561,0.02514882137108321,0.11229641836931083,0.11378089169969763,-0.15637232985084318,-0.15054310013630365,4,FREE
4.3999999999997375,55.23800000002154,0.0,0.0,1.330957392578521,0.017926695475931106,0.089698256804137,-2.7081507901326884,-2.6825000202545732,1.650943124738017,2.0414847604524344,1.5703330803444664,-0.08283725688025997,0.06633316008176025,0.025714904434751867,0.02587801967459259,0.12373155488114836,0.1263889215111376,-0.1448022718334993,-0.13717503997101294,4,FREE
4.409999999999736,55.248000000021555,0.0,0.0,1.3312271376771114,0.0179339222188489,0.08968462387106782,-2.686402385537231,-2.665525050362672,2.2635289020900737,1.6183035780181478,1.5712755187591583,0.6030023764491708,0.09756179686387874,0.025922244211121666,0.027119879349646863,0.13808565402879736,0.1418019177377713,-0.1487264267742415,-0.14115362230868914,4,FREE
4.419999999999735,55.25800000002157,0.0,0.0,1.3315184386170826,0.017941749133502594,0.08966989951989596,-2.6686088936947665,-2.6551126751318272,1.5475387584339033,0.8290435533223199,1.572459942360029,0.19469681458366794,0.12128167515842728,0.026626178102002455,0.02978410637128798,0.17447598481419904,0.17897707650108927,-0.1059606951821866,-0.09840361833124418,4,FREE
4.429999999999734,55.26800000002158,0.0,0.0,1.331826716032563,0.017950054879235185,0.08965407597225733,-2.656345849624885,-2.650048780606101,1.4023162469171735,0.4827105600153095,1.5739802919180932,0.19388361489333797,0.16353064899334543,0.029512301316737825,0.03075170967408288,0.18014417066816824,0.18574790758862192,-0.14320467145399812,-0.14312017984677095,4,FREE
4.439999999999733,55.27800000002159,0.0,0.0,1.3321425314103594,0.017958544489776258,0.08963762350736414,-2.6508535827620046,-2.6478787225761136,0.5463269104647784,0.1734910362526267,1.575366283891947,0.08787746953234507,0.13253631586870368,0.03132497027101705,0.03157897379056685,0.18732717783521607,0.19182582495368966,-0.17203887452613972,-0.17084380675235358,4,FREE
4.449999999999732,55.288000000021604,0.0,0.0,1.3324606146911036,0.01796708204827022,0.08962090096230473,-2.6482469509389945,-2.647234481028135,0.1394032266863349,-0.026186062227679854,1.5765234768905785,0.1552777859093587,0.110921380187572,0.03201856077279288,0.031985613837046394,0.19922212028812755,0.20292900525964588,-0.1317015050997306,-0.131480423988872,4,FREE
4.459999999999731,55.29800000002162,0.0,0.0,1.332793820922281,0.017976029403417963,0.08960344837064202,-2.646948880835789,-2.651446385395827,-0.8570802869611309,-0.5019876720232516,1.5773770021424853,0.6421861253062623,0.07759036705306925,0.030680228184569454,0.03345543062719071,0.21602561417884647,0.21839787561914667,-0.14088400348844124,-0.1446766242494236,4,FREE
4.46999999999973,55.30800000002163,0.0,0.0,1.3331208958646028,0.017984824553409565,0.08958612057175536,-2.6502801317417006,-2.655014105874084,-0.649597443097254,-0.31192231976963464,1.578157442425618,0.5692876517359906,0.08415388168733358,0.033243779016669465,0.032358432763522856,0.19389462249555528,0.19654457960899896,-0.22336857465471258,-0.22751209927568858,4,FREE
4.479999999999729,55.31800000002164,0.0,0.0,1.333415911277359,0.017992743549410092,0.08957022326409611,-2.654757196968696,-2.6512332117642305,-0.85503388311461,0.5319849798546596,1.57882976887855,0.7669006494421655,0.06818979553767705,0.032419909034677015,0.028740992813063547,0.15900044520662274,0.1619226597558045,-0.2082992835267562,-0.1950235429494267,4,FREE
4.4899999999997275,55.32800000002165,0.0,0.0,1.3336825122639144,0.017999914161665645,0.0895558699716542,-2.6525136239645386,-2.641048641174255,0.9323007629324466,1.162306997416941,1.57986608912293,-0.1341455744468897,0.10279763390129325,0.02871929451553569,0.02594904626953059,0.1281234860374734,0.13171614099850995,-0.21627852197748307,-0.21450207183450434,4,FREE
4.499999999999726,55.338000000021665,0.0,0.0,1.33392339775232,0.01800638230210872,0.08954302097365412,-2.6436787108391413,-2.6251392929180652,1.5319254076107423,1.6524929229511622,1.581047318374435,-0.3861671407913798,0.12403708029440129,0.026145716325380056,0.023705667631969338,0.10892473990818856,0.11366060684420022,-0.19189550367464814,-0.1812946995665481,4,FREE
4.509999999999725,55.34800000002168,0.0,0.0,1.334145974138117,0.018012333140280987,0.08953130625621557,-2.628567335485145,-2.605389230888967,1.9675526617234804,2.111277858925514,1.5821835218485174,0.6674896925702408,0.10108367403009788,0.02413566282277415,0.021597190638818962,0.09442265841337495,0.09810894442713892,-0.1440447814134784,-0.1374595176273596,4,FREE
4.519999999999724,55.35800000002169,0.0,0.0,1.3343720682583498,0.01801838252253683,0.08951970109754996,-2.6094448706362834,-2.5874115100081854,2.345586442593474,1.7277081276380393,1.5833250988336227,0.29126449611445987,0.11214432894990738,0.021384146871957384,0.02274769560374847,0.10743992719701842,0.11128947838756378,-0.15143318781497958,-0.15003954587897964,4,FREE
4.529999999999723,55.3680000000217,0.0,0.0,1.334610559611294,0.01802476418719732,0.08950757126262446,-2.590765394189258,-2.573461801281676,1.4153970152810789,1.257316917496919,1.5842778002023874,0.6191572525226676,0.08505775309579656,0.023166594438504794,0.02424773679207561,0.13069295348744725,0.1333047531920497,-0.11412990694220246,-0.1185717668187545,4,FREE
4.539999999999722,55.378000000021714,0.0,0.0,1.3348692437617462,0.018031701551360458,0.08949438495532165,-2.5756570815279516,-2.565526104645306,0.27311058867030275,0.7213715195129948,1.584980157031945,-0.19385814978356244,0.06938509606171069,0.02343320667365505,0.026011384311236944,0.14754670711633824,0.14997118153599803,-0.14465858214927876,-0.1423098945433651,4,FREE
4.549999999999721,55.38800000002173,0.0,0.0,1.3351342678060163,0.018038834083538888,0.08948064677437369,-2.5668249249145636,-2.559996989080611,1.3676593949077902,0.4965904862243451,1.5857476953125764,-0.4214708411475633,0.077590454452096,0.026522442963118356,0.026582654983407065,0.14933169792184048,0.15217477144181102,-0.1847685670145711,-0.1801815401871373,4,FREE
4.55999999999972,55.39800000002174,0.0,0.0,1.335392991997501,0.01804580242895643,0.08946700783936978,-2.5610973959477064,-2.5535905369755585,0.7337416972506418,0.6469618620291028,1.58656718542624,0.4291524698611919,0.07874161304807051,0.026370355220047798,0.02571335024871669,0.14635168007656305,0.14879751527321664,-0.14242997846919578,-0.14693812006719306,4,FREE
4.569999999999719,55.40800000002175,0.0,0.0,1.3356554705338146,0.01805286579685971,0.08945319373015335,-2.554751895008532,-2.5489014235443657,-0.2303249372719399,0.46059766078549147,1.5871436045300191,0.6855272744527695,0.055678526707049245,0.025361898692380834,0.02614532405593547,0.14954499469418234,0.151484397040452,-0.16811277847519168,-0.16636956658348634,4,FREE
4.579999999999718,55.41800000002176,0.0,0.0,1.3359169030056102,0.018059898359692954,0.089439417636805,-2.549835059431011,-2.544674927133426,0.9102616615256847,0.39739183242762116,1.5875332480835336,0.882496855639492,0.029289486294335094,0.026465255510596548,0.02610691515748687,0.15240225741176647,0.1530424489057885,-0.1540469853282137,-0.16047223551860473,4,FREE
4.5899999999997165,55.428000000021775,0.0,0.0,1.3361766768835064,0.01806688578084311,0.0894257297313838,-2.545419252942583,-2.5407438543097274,-0.7058834935039143,0.4160708673348726,1.5877100769292278,-0.5919047723559856,0.017977937578152862,0.026082086303653624,0.025756614278272746,0.15099069098120502,0.15122923180911954,-0.14607284783657262,-0.1536818772146362,4,FREE
4.599999999999715,55.43800000002179,0.0,0.0,1.3364355630176306,0.018073850686906805,0.08941210718156216,-2.541479342485863,-2.537300248205765,0.9823695576471438,0.3769559143043115,1.5876796779801294,0.05308835969354068,-0.0033942792964262907,0.025901457332770505,0.025631832753205127,0.14213386067495318,0.14240151645746052,-0.2173145486200587,-0.20906088484551358,4,FREE
4.609999999999714,55.4480000000218,0.0,0.0,1.3366734462558107,0.018080266420603064,0.08939943913127556,-2.5383632320973653,-2.5291266277955646,0.37655474205386513,0.853034808119254,1.5879972664480642,0.1599608110474681,0.03522318837883798,0.02622370946550239,0.023526078709652877,0.12618791392846263,0.12758407399174357,-0.16790675756805581,-0.16487466373833967,4,FREE
4.619999999999713,55.45800000002181,0.0,0.0,1.3369052157960997,0.01808650797597791,0.08938721771529523,-2.5308441200429965,-2.520067170974531,0.9762140823034589,0.9266704848406515,1.5883204077520128,0.8874094287133881,0.025880219420679192,0.023491627422153747,0.02297654482120723,0.12126320463472258,0.12197405755145067,-0.16914499771043276,-0.17280197263079447,4,FREE
4.629999999999712,55.468000000021824,0.0,0.0,1.337133226615537,0.018092638576431782,0.08937528454113128,-2.5219623536534197,-2.5107109779387105,1.6063315823827728,0.944692575889375,1.588578507550509,-0.3742607857916426,0.028407598140513027,0.023177344397741544,0.022648886709527933,0.12202612420862659,0.12264379260270064,-0.1449969630511332,-0.15282207100465733,4,FREE
4.639999999999711,55.47800000002184,0.0,0.0,1.3373673975912788,0.01809892318196726,0.08936315380821938,-2.5125024407737047,-2.503606833979701,0.7775682928530214,0.6356933719094149,1.5885724898005116,0.565334651291866,-0.0060857373832706035,0.02268060583202328,0.023587911874214895,0.13679021885499543,0.13656742931472068,-0.12860069192024065,-0.12849579614639306,4,FREE
4.64999999999971,55.48800000002185,0.0,0.0,1.3376158691476687,0.01810561385217741,0.08935034281792494,-2.504650765882773,-2.500846124467893,0.3650625410590575,0.22582720389642424,1.5885668045042307,-0.2843185092734261,-2.9733954637300835e-05,0.024409506462889544,0.024921241223801287,0.14890229229574817,0.14890652842524796,-0.1531769276120729,-0.15349485443370559,4,FREE
4.659999999999709,55.49800000002186,0.0,0.0,1.3378694981562016,0.018112459946906405,0.0893371554133685,-2.5012294987522092,-2.500052099753982,0.8779849234967068,0.0403082516282034,1.5886808981121598,0.3997546977382796,0.016190684955265967,0.024950383149835807,0.02539244291345928,0.1548671541041099,0.1556250051722917,-0.15340778582891115,-0.1500018643001698,4,FREE
4.669999999999708,55.50800000002187,0.0,0.0,1.3381304318786271,0.018119510565249703,0.08932354073060686,-2.5000545910558136,-2.501780687376046,0.2792909591977502,-0.2311732328944428,1.5888515178410347,-0.18356570367993824,0.016635749647386535,0.02540326660172841,0.026194608958858508,0.1656019983010418,0.16608474714566643,-0.14494603351448257,-0.1472211050508522,4,FREE
4.679999999999707,55.518000000021885,0.0,0.0,1.338399216753991,0.018126775349677264,0.08930948217780081,-2.501204085976284,-2.5061764679322938,-0.16504154536064425,-0.4832365928218884,1.5889792961436877,0.056209637456913264,0.015304021977282376,0.025955537249030176,0.026920299470247495,0.17293216997488606,0.1737513799234193,-0.15963539333459237,-0.15379000248904479,4,FREE
4.6899999999997055,55.5280000000219,0.0,0.0,1.3386701474503688,0.018134118181767,0.08929523940865229,-2.5051632154793633,-2.5117710451894637,-0.13294595322564637,-0.5711609727483582,1.5894085005477196,-0.524275027074708,0.05092892841094472,0.027072285993075984,0.027010013905670982,0.1736547790730233,0.1757680781085245,-0.16469703340576383,-0.157905736375572,4,FREE
4.699999999999704,55.53800000002191,0.0,0.0,1.3389334840307812,0.018141245165468816,0.0892812813522271,-2.5106106509353987,-2.5160533103508045,-0.16815242880346815,-0.3476372939495585,1.5899543959819842,-0.4159644157034878,0.05072743822078117,0.027223874876150772,0.0258957971714952,0.1588725514224469,0.16050580777155812,-0.18823992234565057,-0.19036012104958056,4,FREE
4.709999999999703,55.54800000002192,0.0,0.0,1.339169878906627,0.018147608649360304,0.0892685622086423,-2.5155190432292684,-2.5140222254258724,-1.5825975613648873,0.38660666920621567,1.590431523011906,0.2787472590364624,0.04552180579766713,0.02580936333150218,0.022811694159214715,0.1268355193042381,0.1287232642846607,-0.1876155225355297,-0.1803120705397555,4,FREE
4.719999999999702,55.558000000021934,0.0,0.0,1.3393830867791838,0.01815333644170252,0.0892571156555122,-2.514923339077691,-2.506652779873693,0.5212275775972042,0.8639081240081894,1.5911371138853128,-0.14392955656204634,0.07322994771900349,0.023259255855946157,0.020718641078499075,0.09822284922071721,0.10083101819787882,-0.23411242648271466,-0.23222682545323045,4,FREE
4.729999999999701,55.56800000002195,0.0,0.0,1.3395594833427245,0.0181580349596597,0.08924757276980481,-2.5088238445922157,-2.490399713771361,2.0985683846973116,1.7630456948652489,1.591939090828471,-0.0016080263200548635,0.08137621760788408,0.021461540847884826,0.017008273515374605,0.0632988145296898,0.06636656118437848,-0.2029640443906047,-0.1969084196605325,4,FREE
4.7399999999997,55.57800000002196,0.0,0.0,1.3397195503040429,0.01816227192050445,0.08923915396397253,-2.4941590471908737,-2.470539535079505,1.7675066211645154,1.9807912124973694,1.5927727629543804,-0.4038208802614444,0.07574369919122177,0.01770465520716944,0.015935220420381663,0.05865938908025453,0.06115794450068174,-0.1609970610074798,-0.16216508779272376,4,FREE
4.749999999999699,55.58800000002197,0.0,0.0,1.3398803833204074,0.018166520281158286,0.08923094387954777,-2.4744908813895776,-2.4514548288317,2.378562026837898,1.9174915130584413,1.5934720528853745,-1.0402754101893532,0.06376717469815378,0.016647371357008212,0.015961785096317682,0.0656350434151258,0.06806355497709074,-0.12498310741145192,-0.11876326544745648,4,FREE
4.759999999999698,55.59800000002198,0.0,0.0,1.3400593269912997,0.018171290990786546,0.08922198510694473,-2.45502818934554,-2.4375956582255074,1.5204510687761896,1.249397857397735,1.5943443227923375,0.5701616835459836,0.09097041993824923,0.01544303466095574,0.018332759499920505,0.09280919370125909,0.09633615106424469,-0.12135036352715026,-0.11248724353187808,4,FREE
4.769999999999697,55.608000000021995,0.0,0.0,1.3402648753400512,0.018176818331207475,0.08921166576705895,-2.439802482587747,-2.431127341778395,1.2736722053053586,0.48822499619420995,1.5954377564071844,0.102941095901297,0.10840763873868557,0.018134329730204585,0.021073561318664457,0.12412063218145837,0.12792683887888126,-0.1129751733110609,-0.11042228262892194,4,FREE
4.779999999999696,55.61800000002201,0.0,0.0,1.3404997695447731,0.018183160192120754,0.08919972661394793,-2.4317796349822256,-2.4327424365593107,0.6722482378447407,-0.32424779842874524,1.5964815796914247,-0.2212902714675792,0.10391779861868701,0.020999263703643727,0.024016307907952828,0.1570427992983204,0.16069184426582647,-0.11287893109012376,-0.10982137378752935,4,FREE
4.7899999999996945,55.62800000002202,0.0,0.0,1.3407635010584882,0.01819031424957354,0.08918614153174283,-2.431767815782627,-2.4423110102987295,-1.0686233633267714,-1.146128844032395,1.5975684293843955,0.04985465858772548,0.1124441080393762,0.023244005231529682,0.026992688459250867,0.18477306129567997,0.18879194590560333,-0.15163784571968833,-0.14709566045144026,4,FREE
4.799999999999693,55.63800000002203,0.0,0.0,1.3410390424070466,0.01819780708287963,0.08917166598402297,-2.439934799236036,-2.455440786335251,-0.7078213805513185,-1.3542079110801215,1.5987439976505036,-0.31199947250953014,0.12284361195594098,0.026437591524635148,0.027596736730203554,0.19146588919523663,0.1961083926543017,-0.15482804885543058,-0.14465735317243647,4,FREE
4.809999999999692,55.648000000022044,0.0,0.0,1.341315993842425,0.018205348169074983,0.0891569301709249,-2.4526500945447736,-2.4694693502973517,-1.4356011268539868,-1.3664386496427228,1.6000642224574158,-0.06356105660225145,0.13000246822064287,0.027109525151419758,0.027434685100427424,0.18635883517409083,0.19072562074912724,-0.17992816462252162,-0.18030071597281414,4,FREE
4.819999999999691,55.65800000002206,0.0,0.0,1.3415759443276534,0.018212400681851895,0.08914290620142382,-2.4668470087393315,-2.479658910280578,-1.3593576504604503,-0.9003355898551472,1.6012051974049963,-0.31932747411604245,0.11411246097447501,0.027480385606753362,0.025419023904882015,0.1626490298620215,0.16661308294102,-0.20138338732689667,-0.19844521991789096,4,FREE
4.82999999999969,55.66800000002207,0.0,0.0,1.3418010033512107,0.018218487010941243,0.0891305838890185,-2.4780944853646605,-2.481401436411113,-1.214561948036651,0.03221693649165356,1.6024565729773248,0.5953326333529417,0.12963879643674148,0.02522566202478522,0.021599330553226173,0.11845957795944545,0.1231567342220094,-0.22562442702952884,-0.2191129467638419,4,FREE
4.839999999999689,55.67800000002208,0.0,0.0,1.3419877860908385,0.018223502504793623,0.08912033987415785,-2.481845876341718,-2.4738300053526214,-0.9336935818088988,0.9236979439511454,1.6037750932933343,-0.9953248151271806,0.12740890245534522,0.022792411075880266,0.017936785306305412,0.08264756441415819,0.08674845194738616,-0.20161274347912747,-0.2055836972126737,4,FREE
4.849999999999688,55.68800000002209,0.0,0.0,1.3421487946858577,0.01822777803270262,0.08911170908719729,-2.475937936796884,-2.460169582881846,1.209831823799092,1.4436427707633603,1.604814346282522,-0.1376967127867215,0.10111478227923522,0.01916025263064884,0.015712108485948475,0.06289877140903127,0.066488517820353,-0.18503886483838394,-0.1805032124044434,4,FREE
4.859999999999687,55.698000000022105,0.0,0.0,1.3422994258207932,0.01823176417786223,0.08910390878435588,-2.463185216682226,-2.4443786219107033,1.0619770054554265,1.5826018702614106,1.6057346572854851,-0.17129386626241094,0.08254768754827044,0.015995378345813004,0.014966718363214032,0.059197217699539784,0.06181029117208654,-0.16223867234537798,-0.1649105370921065,4,FREE
4.869999999999686,55.70800000002212,0.0,0.0,1.3424494028546137,0.01823573945353455,0.08909630787330436,-2.447550994644038,-2.4289388602415545,2.424814831991852,1.5404594248929389,1.6065515864523643,-0.47340876712921853,0.08021294362148489,0.015211218549862014,0.014932329293747373,0.06208397437328886,0.06495246193061882,-0.1484490174074089,-0.1447546617189039,4,FREE
4.879999999999685,55.71800000002213,0.0,0.0,1.3426066857505863,0.018239939177691025,0.08908839616183088,-2.43192052212965,-2.415877538895675,1.8793231612173613,1.2323691836374284,1.6074666164968536,-0.05089013932845081,0.09348877754424913,0.01557434055467246,0.015934652735850676,0.07630827272989957,0.0799215311959873,-0.13172578637692062,-0.1224153799986103,4,FREE
4.8899999999996835,55.72800000002214,0.0,0.0,1.3427809905468524,0.01824463620291136,0.08907961261672132,-2.418119773027109,-2.4076814718462973,1.3052187230626457,0.7296672224191354,1.6085902751842498,0.18237292704368638,0.1106653152590106,0.015944841717468572,0.017697116917277076,0.0951083011544212,0.09896126107920332,-0.1361787209272786,-0.13407432189331284,4,FREE
4.899999999999682,55.738000000022154,0.0,0.0,1.3429747008207864,0.018249875520337733,0.08906975703471996,-2.4089712071299427,-2.4049476456872125,0.2364472907565059,0.13004583200010505,1.6096569311171711,0.3982462709668114,0.10588746135766529,0.017315823232069254,0.019838973975836803,0.12180383986588555,0.12553183284791816,-0.1183388400106803,-0.11495018527033692,4,FREE
4.909999999999681,55.74800000002217,0.0,0.0,1.3431882106750075,0.018255663258374688,0.08905875290669249,-2.4049204427682436,-2.4077698666889353,-0.4898942080756717,-0.40309988131865243,1.6105426128175924,-0.03966635988434365,0.08391435290200024,0.018717965842570915,0.021726612314760498,0.13644491360287156,0.13912101577047206,-0.16670611332609184,-0.169196090903611,4,FREE
4.91999999999968,55.75800000002218,0.0,0.0,1.3434012046262336,0.018261422732586588,0.08904750220521467,-2.4070048842828333,-2.4108899076378028,-0.11703085765569712,-0.28590023114670055,1.6110974507438072,0.16230720519167743,0.04694903269626007,0.02117835684813456,0.021106935443061532,0.1303471306654969,0.131400086358732,-0.16687887815810815,-0.17674003703232655,4,FREE
4.929999999999679,55.76800000002219,0.0,0.0,1.3436071002263312,0.01826697250848763,0.08903649655610286,-2.4103850623546075,-2.412614127996211,0.6455942182843486,-0.15263539950339877,1.6112321885109424,0.5063329527840087,0.012716815473506005,0.021365413435129172,0.020421858995282045,0.12463201212997822,0.12506178930792336,-0.1669116334036307,-0.1659272115712202,4,FREE
4.939999999999678,55.7780000000222,0.0,0.0,1.343799301192197,0.018272162269867217,0.08902613982525864,-2.4123413332001427,-2.4112400935349196,-0.5637322545205244,0.2662364955218036,1.6114477933523899,0.5113013564843361,0.024057593722372067,0.020800258950405947,0.01863584397908591,0.10071383360659315,0.10164532437953232,-0.20262074826171209,-0.2004993202136993,4,FREE
4.949999999999677,55.788000000022215,0.0,0.0,1.343966332827414,0.018276650891415804,0.08901706318243816,-2.4120306667975298,-2.403795126901659,0.2405709933255519,0.8644164159356749,1.6116661802126448,-0.22417299477386812,0.0194720831388269,0.020045111446877355,0.016160383794392486,0.07580332855202268,0.07631264304261831,-0.1920699435818579,-0.1954637648390947,4,FREE
4.959999999999676,55.79800000002223,0.0,0.0,1.344113509460044,0.018280571021898173,0.08900915041472286,-2.4057334701085957,-2.391643329520833,0.7303845815820831,1.2742024617884482,1.611678475152469,0.9646658804378718,-0.007839632029268863,0.01713453693365994,0.014416799259004473,0.06339465054992789,0.06257293106210199,-0.15197994437978765,-0.1632542140609868,4,FREE
4.969999999999675,55.80800000002224,0.0,0.0,1.3442541836088784,0.018284293524489643,0.0890017812362473,-2.394171362872026,-2.378217694926814,0.9364937650053397,1.4048746563359866,1.6112955359313899,-0.47657004760828064,-0.04259181017246385,0.01408784418090116,0.013758871411629446,0.053598750190287335,0.052000046613828385,-0.1844220474462229,-0.18728177942132476,4,FREE
4.979999999999674,55.81800000002225,0.0,0.0,1.3443956890767657,0.018288055516047567,0.08899454203614543,-2.3811895961937455,-2.36538912957519,1.3589692244085396,1.140567522948,1.6109107135016745,-0.47613583097975376,-0.039098290250661194,0.014331291243292472,0.014632915408255924,0.073621490393015,0.07224627880480895,-0.11508116573826314,-0.11675730278280523,4,FREE
4.9899999999996725,55.828000000022264,0.0,0.0,1.3445576764126952,0.018292398284332233,0.08898638906058481,-2.367385869132985,-2.3582169869666907,0.8238492416056155,0.6285541760183826,1.6104229076513723,0.2509964603200319,-0.05805832580686884,0.014330367849817486,0.016472196801645966,0.09312424327355505,0.09148373118012947,-0.1289506011102445,-0.12205574647751229,4,FREE
4.999999999999671,55.83800000002228,0.0,0.0,1.3447416145539872,0.018297387509609818,0.08897708884182452,-2.3592522520604837,-2.357063750794747,0.9671824339287429,-0.04193603681029262,1.61025153668898,-0.025878242579424175,-0.009923632321538312,0.01667824840623162,0.018926898877121647,0.12477234082765414,0.12453646649751267,-0.08928836874580064,-0.08905678951169006,4,FREE
