record_time_s,sim_time_s,target_forward_speed_m_s,target_yaw_rate_rad_s,position_x_m,position_y_m,position_z_m,estimated_pitch_deg,truth_pitch_deg,estimated_pitch_rate_deg_s,truth_pitch_rate_deg_s,truth_yaw_deg,estimated_yaw_rate_deg_s,truth_yaw_rate_deg_s,estimated_forward_speed_m_s,truth_forward_speed_m_s,left_wheel_speed_rad_s,right_wheel_speed_rad_s,left_motor_torque_nm,right_motor_torque_nm,contact_count,controller_mode
0.002,8.163999999999396,0.0,0.0,0.12666560999303558,0.00019345997728675314,0.15281372261153559,-2.163371860871092,-2.1682183517492195,-0.3371927666719243,-0.4669667653578368,0.247392278689114,-0.3008533453547219,0.028292564038800014,0.011953966950459619,0.01275981991334907,0.08291687659831037,0.0839752938558528,-0.15558162538634024,-0.15433433099802896,4,FREE
0.01,8.171999999999398,0.0,0.0,0.12676887836788192,0.0001938913704870441,0.15280827581492937,-2.166352353015658,-2.1721531646509624,0.5512768010304336,-0.4632272432917604,0.24761878571531892,0.13254921747598908,0.02916479209214645,0.011852428747879815,0.012765924745808455,0.08763998857828409,0.08859659519675091,-0.11931862536127608,-0.12025868610110077,4,FREE
0.020000000000000004,8.181999999999402,0.0,0.0,0.12691125471553377,0.00019448106963383384,0.15280083814211282,-2.1710032462133184,-2.1804616555942764,-0.46777020875371444,-0.8893840242516128,0.24789700961296135,0.5989468552194203,0.03133200445864786,0.01246548486446705,0.014428938214021754,0.09966076076907145,0.10120856958124674,-0.16698913395209605,-0.1568457978248788,4,FREE
0.030000000000000013,8.191999999999405,0.0,0.0,0.12705040025807607,0.00019506373756481138,0.15279342993506084,-2.1787273446180295,-2.1878891123692217,-0.983814061991557,-0.6819988534545108,0.24841899592861091,0.05770779205868745,0.04900121339388099,0.014228281239441205,0.013645032612011653,0.08872248512197792,0.09023940928168701,-0.17544617549393587,-0.17853001466262758,4,FREE
0.04000000000000002,8.201999999999408,0.0,0.0,0.1271771762501295,0.00019557972040257045,0.15278658099091733,-2.1866657973639843,-2.1920883118242624,-1.4985443787785184,-0.3591996424794096,0.2488684810772213,-0.5563949160778114,0.04892771583632594,0.013551363166325277,0.01240983624511857,0.07539289326738888,0.07727940807633217,-0.176473717979909,-0.1715731414533728,4,FREE
0.05000000000000003,8.211999999999412,0.0,0.0,0.12728994101647667,0.00019603369115485785,0.1527804659290299,-2.1914910493121056,-2.1926454850120645,0.15146303935752217,0.0015696851162170548,0.24937334801916894,0.07383852309785736,0.04746939732625096,0.012391752090915985,0.011025183556101681,0.05582636708856051,0.05780812192703001,-0.21049025804782726,-0.20212754075620157,4,FREE
0.06000000000000004,8.221999999999415,0.0,0.0,0.12737998152752014,0.00019639966307334305,0.1527755306020359,-2.1929762133458777,-2.1873067278787746,0.04237820931176507,0.6156188395461126,0.2501115810990932,-0.26079537924531104,0.07870388101726015,0.011310271195991073,0.008664799796492432,0.0385156999858979,0.041441439974736136,-0.14433117315509433,-0.13923899433713596,4,FREE
0.07000000000000005,8.231999999999418,0.0,0.0,0.12746816643577213,0.00019674865373355718,0.15277091470853282,-2.188453247532223,-2.1814681482587277,1.1606599152928208,0.6333991600223318,0.25085020017657567,0.9918485672053973,0.06654758309812035,0.007390163890274391,0.008606084910316657,0.03358639489977948,0.03559002732656909,-0.1755304868698448,-0.17997396506603536,4,FREE
0.08000000000000006,8.241999999999422,0.0,0.0,0.1275527206188897,0.0001970610336861075,0.15276657215878114,-2.182880638049105,-2.17465399146073,0.6288976360195097,0.6324794120516065,0.25126759551723366,-0.2557485000328617,0.03747727993397616,0.009207540806399279,0.008624614833593785,0.03957150529569978,0.04070616005694533,-0.1388454007475224,-0.14038112948765055,4,FREE
0.09000000000000007,8.251999999999425,0.0,0.0,0.12765193571393998,0.00019743815451129281,0.15276161814958522,-2.175821028533588,-2.171586187894928,0.5741175032352186,0.2098612108349197,0.2515270809219618,-0.35096741581403973,0.021519435437214685,0.008240518702078396,0.010273415231667865,0.058901797697497135,0.05977872524989356,-0.13328538299932066,-0.12908010794131622,4,FREE
0.10000000000000007,8.261999999999428,0.0,0.0,0.12776646800586922,0.00019790245706965805,0.15275585604965666,-2.17185393566051,-2.1724237635792316,0.07317179130333473,-0.15289509948884886,0.2519121728077387,0.5617760436300291,0.04338117913560762,0.009869325313250778,0.011694364259661406,0.07301440041994979,0.07482209822161641,-0.13995452363252975,-0.1330014161381527,4,FREE
0.11000000000000008,8.271999999999432,0.0,0.0,0.12789375268671557,0.00019845094319130072,0.15274934395584286,-2.172000050093259,-2.176503185415996,0.3894427419937988,-0.47966563470893275,0.2526886223375738,-0.03835879436292372,0.0906643335457856,0.01170624839676829,0.012975420315444023,0.08645359028779909,0.09028971445999856,-0.13896137095355962,-0.12403943327910946,4,FREE
0.12000000000000009,8.281999999999435,0.0,0.0,0.12802191164168295,0.0001990053975051759,0.15274258841281488,-2.175393665608007,-2.1807557678778218,-0.03880686892678844,-0.3228807662288104,0.2536997623339466,-0.43726502027300956,0.09319452589553907,0.012702772786427978,0.012390396708055095,0.07242555160804742,0.07545920676148012,-0.18584554158882113,-0.18798952425187923,4,FREE
0.1300000000000001,8.291999999999438,0.0,0.0,0.1281300444883846,0.00019944627524333798,0.15273666302574168,-2.180315209801558,-2.179781357171556,-0.4191976089690119,0.2377707529638534,0.2544627491420753,0.16006555141468132,0.07106661745393605,0.012837495275571802,0.010245375911574315,0.05403527269893766,0.05669075722215305,-0.15361198670203244,-0.14704024121515938,4,FREE
0.1400000000000001,8.301999999999442,0.0,0.0,0.12823678761034274,0.00019988430833688155,0.15273096772576408,-2.1802285969542106,-2.1784105457718312,0.5016652169117719,0.09379765701073223,0.25528526840517923,0.8527755716296714,0.08248077438946727,0.010855839802414304,0.01081496730712734,0.06358113173307803,0.0663275652654165,-0.12759492591961527,-0.12801776552247854,4,FREE
0.1500000000000001,8.311999999999445,0.0,0.0,0.12834901942472413,0.0002003323441814991,0.152725092722354,-2.17842447625071,-2.1784174172474575,0.06993043914742328,0.0811324020325603,0.25588868792197267,-0.1676989197546684,0.05273453768479757,0.01043606740488158,0.010881362780986815,0.05568872446144881,0.057203519063461994,-0.19163221074132325,-0.19586821717104602,4,FREE
0.16000000000000011,8.321999999999449,0.0,0.0,0.1284499732323527,0.00020071513412603213,0.15271973823436505,-2.178828594666896,-2.1754589371455784,0.07778549723028784,0.27863217720097,0.2561115626120952,-0.46082053601879164,0.0144445137789819,0.01138389907288825,0.010137560909374472,0.054319589580657086,0.05447674365105057,-0.14676485044218537,-0.15203525510240198,4,FREE
0.17000000000000012,8.331999999999452,0.0,0.0,0.12855350998224596,0.0002011285392476764,0.15271434168332831,-2.175981551506617,-2.1731208829736173,0.2847913504918815,0.2279468906781448,0.2563457592780769,0.3182458072047795,0.02784412970990544,0.009799416889840509,0.01035246402052476,0.05624603043396912,0.05750284642896948,-0.15172322296958157,-0.14496990631269185,4,FREE
0.18000000000000013,8.341999999999455,0.0,0.0,0.12866009074899967,0.00020157961315853874,0.15270881746732823,-2.173535483055531,-2.1715159797565806,0.27367255245625666,0.14990387954125556,0.2568277128019928,0.21571131170023697,0.05059067150381336,0.010044441034150762,0.0106748341512404,0.05836990676528906,0.0600901209928762,-0.1560628317866147,-0.1562725232340876,4,FREE
0.19000000000000014,8.351999999999459,0.0,0.0,0.1287699605443389,0.00020204362880856173,0.15270312679175577,-2.171824790834422,-2.1707036762649654,-0.5742888267053854,0.027896307082779927,0.25728285722728267,-0.12703005283729552,0.046325206329558,0.010897941344821608,0.011167708780260712,0.06679933404779517,0.06850613848051396,-0.13508717152765792,-0.13197081401767746,4,FREE
0.20000000000000015,8.361999999999462,0.0,0.0,0.12888677080228148,0.00020253606477713864,0.1526970734304847,-2.1706235045416946,-2.171627061891075,-1.0059176834995207,-0.0844300967117741,0.257698800816423,-0.3220971251793168,0.03772090698533279,0.011376171467846146,0.011624137847206761,0.06859121282364501,0.0697719743916301,-0.15653174307951986,-0.1579481177569564,4,FREE
0.21000000000000016,8.371999999999465,0.0,0.0,0.12900613245873435,0.00020301939820549397,0.15269084103016586,-2.171474197427279,-2.17315109867401,-0.37009774720099786,-0.21574485961627535,0.25774722110471143,-0.8234771489667401,-0.008953986750417971,0.011944818964492659,0.012152484362830118,0.07063859832271974,0.07050511409224125,-0.1911053266458859,-0.18562343579983306,4,FREE
0.22000000000000017,8.381999999999469,0.0,0.0,0.1291136954214725,0.00020346957650283954,0.15268507341640278,-2.172934552106759,-2.17156228788224,0.3326588094260668,0.22927386636376965,0.2579295820420805,0.2991001293223924,0.024938466332030364,0.011126365672226211,0.010459812697853422,0.055243030090560905,0.056423282448673534,-0.16229992560594955,-0.15564851908864333,4,FREE
0.23000000000000018,8.391999999999472,0.0,0.0,0.12921321396941363,0.00020390023155217245,0.15267973755985398,-2.1720487704022364,-2.1678339691527966,0.3675387405262125,0.4452542952278211,0.2583831292624866,-0.4830362243629544,0.04771462386652805,0.010699256893932155,0.009650325145875077,0.04291706938318883,0.0447019189659115,-0.18330992026065657,-0.1802843682925649,4,FREE
0.24000000000000019,8.401999999999475,0.0,0.0,0.1293076367091399,0.00020429538941422838,0.15267474881603715,-2.168899010096571,-2.1627225478903256,0.02948719320792859,0.4567358025535539,0.2587582864131545,-0.3148357711028177,0.030847807758958224,0.0099443073532964,0.009631653716292344,0.04937577610125069,0.05021346029958552,-0.13563793931260068,-0.13933988410575446,4,FREE
0.25000000000000017,8.411999999999479,0.0,0.0,0.12940842491142943,0.00020471154257309675,0.15266954328618124,-2.1635269355501787,-2.1591837373944784,1.1457520844351412,0.33659714552397335,0.25901481962092204,0.43136461587832386,0.024407362262693674,0.009905499961737866,0.010124972106102867,0.0527211685260236,0.05376210829352989,-0.15334372207759606,-0.14829074567710798,4,FREE
0.2600000000000002,8.421999999999482,0.0,0.0,0.12951477046284288,0.00020516067979280185,0.1526640774880371,-2.1598336629279933,-2.156999142558965,0.5723355721304244,0.15905534389250456,0.25938463581734167,0.48680716386144446,0.037172396862824864,0.009615381364829114,0.010842080118873127,0.06555657573995148,0.0666686204755961,-0.11176527463299642,-0.11485388637495651,4,FREE
0.2700000000000002,8.431999999999485,0.0,0.0,0.12963899757378136,0.0002056854041066848,0.15265775023507933,-2.1570540327740173,-2.1593549537810293,0.16329490234200933,-0.2791738495249802,0.2596763255912853,0.41495416205656616,0.032709606100299944,0.010493208139991068,0.012565230217462123,0.07930476092584629,0.08066960000719667,-0.15055748195441254,-0.1450215889135234,4,FREE
0.2800000000000002,8.441999999999489,0.0,0.0,0.12976668850720285,0.00020623498870596542,0.15265110031552664,-2.1587537649527877,-2.1625190559184118,-0.7231368839780078,-0.3136094049570885,0.26011519647701165,0.8885432916113621,0.04451805481565391,0.013388537507396239,0.012730735497679163,0.07959970546430555,0.08121344895700415,-0.15641429531732962,-0.1542307337518732,4,FREE
0.2900000000000002,8.451999999999492,0.0,0.0,0.12989454863922675,0.00020678015986813514,0.15264435338429222,-2.1618974327474367,-2.1656473687026057,-0.16670157661191345,-0.33051441204914217,0.26052275005940073,-0.16607392417441819,0.042405350337007174,0.01325178309216896,0.012825471566652206,0.07831998962743794,0.07936418176788562,-0.16875678964094643,-0.17691396187751918,4,FREE
0.3000000000000002,8.461999999999495,0.0,0.0,0.13001770257955092,0.00020728089106640058,0.15263779547503875,-2.1651036960666565,-2.1674849150374027,-0.7819844627921987,-0.18371768793135537,0.26054484491201596,0.5189950228441789,-0.005661712797429741,0.01219719240886513,0.012286960167088983,0.07934087300660089,0.07890889801438326,-0.12507387559908226,-0.12869931150275357,4,FREE
0.3100000000000002,8.471999999999499,0.0,0.0,0.1301527921897117,0.00020784243343354168,0.15263075788761543,-2.166940486685289,-2.1723475901094567,0.683679143012639,-0.5401755963910561,0.2604506616880157,0.6402803169537192,-0.005305571614134345,0.012007036206256413,0.01368544684133622,0.09250873694806047,0.09251632656455068,-0.14266129540853567,-0.13854614974106483,4,FREE
0.32000000000000023,8.481999999999502,0.0,0.0,0.13028721373440702,0.000208417462000209,0.15262367104890026,-2.171176637222514,-2.1769769848666742,-0.38997277177292317,-0.3789571772520767,0.2604759197465374,-0.698967932293822,0.0013387241845358158,0.01291824948284798,0.013086391330207302,0.08007987161446707,0.08007924991076938,-0.18046891593207037,-0.18154688510725986,4,FREE
0.33000000000000024,8.491999999999505,0.0,0.0,0.1304145864470055,0.0002089772387181922,0.152616904788606,-2.1763873256095905,-2.179733837012802,-0.8818012676138257,-0.2748534131640942,0.2607132635311093,-0.43586772639422366,0.030436400057938316,0.013363430208651323,0.012702627566959689,0.07762094688842705,0.07914882066845892,-0.16755740244239753,-0.15793687583975397,4,FREE
0.34000000000000025,8.501999999999509,0.0,0.0,0.13053827196576925,0.00020953910137543096,0.1526103547479094,-2.179234730589093,-2.181495370008498,-0.5795505268038159,-0.15244805840920306,0.26136946060991634,0.337915360753614,0.07277934617448387,0.012830380072661374,0.012246547423889611,0.07210712829885274,0.07493165697189666,-0.1647676471278355,-0.15836453044383678,4,FREE
0.35000000000000026,8.511999999999512,0.0,0.0,0.13066016830947808,0.00021008783063410037,0.1526039484159687,-2.1812331371924105,-2.182757089893179,-0.46476810748029485,-0.14413107345194956,0.26222470374885926,-0.14635186326605062,0.08730166209046361,0.013004411870673622,0.01222852920139792,0.07386446871013148,0.07705107100514547,-0.14853231591765909,-0.14396748828244738,4,FREE
0.36000000000000026,8.521999999999515,0.0,0.0,0.13078594141550007,0.00021064584309680098,0.15259740455450466,-2.182412850519297,-2.184988253992518,0.028616974033109147,-0.23456541615495693,0.2632015343121718,-0.6352404525421321,0.10168956103556574,0.01238343225543703,0.012590169392436401,0.07677008252277287,0.0805568699801424,-0.1550679087590624,-0.14785517752169008,4,FREE
0.3700000000000003,8.531999999999519,0.0,0.0,0.13091590776720766,0.000211211912915908,0.15259065965317728,-2.1844959720881274,-2.188274344089787,-0.18800186753223808,-0.358646089217577,0.2642194462990433,0.37239380483415596,0.09879360519743384,0.012370759587721273,0.013079553514017583,0.08240538792675377,0.08612946757659928,-0.1536732094252579,-0.1448970277826823,4,FREE
0.3800000000000003,8.541999999999522,0.0,0.0,0.1310508566351604,0.00021179960974524473,0.152583650868853,-2.187519314897043,-2.19282607265777,0.15692459204355663,-0.4879521592552071,0.2653487075622579,0.08887406145192435,0.11329600260327548,0.012815672886928189,0.013586314712012038,0.08932970108883374,0.0931268639097226,-0.13834638090195908,-0.13867569020766216,4,FREE
0.3900000000000003,8.551999999999525,0.0,0.0,0.13119296187523405,0.00021240330493306584,0.1525762630654752,-2.1917426786572998,-2.1992154806994035,0.005202459491166688,-0.6498380460870408,0.26628200504108546,-0.03964879576391991,0.089820890315853,0.013399572402207951,0.014214786938641661,0.09417814473129048,0.09721982233902882,-0.15605031143314843,-0.15468468825382728,4,FREE
0.4000000000000003,8.561999999999529,0.0,0.0,0.13133694822966688,0.00021300513466715717,0.15256872038276195,-2.197915280537783,-2.2060893190917388,0.39949919005975276,-0.7058555031135042,0.2669573159244147,-0.026628971136409114,0.059348911038469156,0.01417911098923149,0.014429983283334781,0.09790371531212261,0.0996490588624648,-0.14786377844996576,-0.15163940514360993,4,FREE
0.4100000000000003,8.571999999999532,0.0,0.0,0.13147178907339116,0.00021356511721434712,0.15256152890387578,-2.204640104527101,-2.2106063940374656,-0.6257908435304069,-0.3156750680466214,0.26740307097926136,-0.3625112701100893,0.04168430639594738,0.014726681812153749,0.012921119080566574,0.08345672664854954,0.08489720002576792,-0.13578460695462807,-0.13387431700115832,4,FREE
0.4200000000000003,8.581999999999535,0.0,0.0,0.13160845339419136,0.00021414906880780715,0.15255433516231187,-2.209842128218134,-2.2156215146096123,-1.4368571615400356,-0.514278999330368,0.267820578615954,-0.4751526464695709,0.041440163677234215,0.013028417572104422,0.013675737756104969,0.08613621446459055,0.08753552614023274,-0.17765189362480904,-0.1771243422992937,4,FREE
0.4300000000000003,8.591999999999539,0.0,0.0,0.1317370024678426,0.00021470976529407886,0.1525475167620631,-2.214730672008742,-2.218568120965838,0.48313847284304473,-0.2630220374618878,0.2682638669333234,-0.4527503580502185,0.04852189124556632,0.0141127294586959,0.01269425809161493,0.07716677923662667,0.07909465258123395,-0.16587956471605866,-0.1597867224416882,4,FREE
0.44000000000000034,8.601999999999542,0.0,0.0,0.13186155962640494,0.00021528110675397507,0.15254094984703326,-2.2180863791713596,-2.2205227534174488,-0.803512836517612,-0.1837875963328595,0.26907446983895084,-0.2299426280262886,0.09239538707494081,0.013177075001864918,0.012372866373515992,0.0733469689200806,0.07710348767688699,-0.16574069447094303,-0.1534865648820884,4,FREE
0.45000000000000034,8.611999999999545,0.0,0.0,0.13197551758945783,0.00021579669831349633,0.15253489609866364,-2.220178196141538,-2.2197770633608314,-0.13137689248268883,0.15381250135501912,0.2699426146019602,-0.17713849531790243,0.07988359887188867,0.012038228839357113,0.011055237471243673,0.05592145794173461,0.05880266526935018,-0.18735714279123963,-0.18284699214379949,4,FREE
0.46000000000000035,8.621999999999549,0.0,0.0,0.13207668075272386,0.0002162409018432656,0.15252952203463316,-2.2202713287312354,-2.2157633622018307,-0.3418399180367639,0.41085785064310765,0.2707321686567765,0.29661661952205437,0.07556383328029559,0.011898968265489251,0.010048171991685497,0.054503292749724784,0.05680101786351459,-0.11703110750000896,-0.12164903295238659,4,FREE
0.47000000000000036,8.631999999999552,0.0,0.0,0.13218743436592656,0.00021670001509089613,0.15252383843014258,-2.2163508622517196,-2.2142708633550447,-0.21481036648694396,0.17022029692805107,0.2710524370553811,1.4163291623505183,0.017521686228433097,0.009551665388744187,0.010962145534398221,0.058412328450961226,0.05835245727499501,-0.16769942363536589,-0.179142360742098,4,FREE
0.48000000000000037,8.641999999999555,0.0,0.0,0.13229407559724046,0.00021713636436033448,0.15251830813624473,-2.214723067779135,-2.211743217527389,-0.5551444497654924,0.2380765845154343,0.27104595361631073,0.10471854337309129,0.004386241654080006,0.01193838772077433,0.01068919362862933,0.058335430833203285,0.05863295695688134,-0.15325253864777622,-0.14933374610000977,4,FREE
0.4900000000000004,8.651999999999559,0.0,0.0,0.13239950607702267,0.00021759534485791388,0.1525128164368305,-2.2121900035463016,-2.208927843700422,1.1216539882203431,0.28719565095197896,0.2712380609154459,-0.49052335000143804,0.023264156329425616,0.010064351774271278,0.010490511806425951,0.052395560791532396,0.053228422556495986,-0.1772740995351612,-0.1766560191498262,4,FREE
0.5000000000000003,8.661999999999562,0.0,0.0,0.13249804131072968,0.00021803079020283798,0.15250763170851153,-2.209637783512351,-2.2043469674831973,0.07787116737871866,0.45891389523423676,0.2714933917680069,-0.0431822442354881,0.027294040807543978,0.010880234452918145,0.009821747502911739,0.05222236756560317,0.05338672675439691,-0.12673773148960266,-0.12182721888053394,4,FREE
0.5100000000000003,8.671999999999565,0.0,0.0,0.13260371351310352,0.00021851174519679726,0.15250215979322831,-2.2050638443501445,-2.2016261266381414,1.510986386915796,0.31507981490974857,0.27192723443617856,-0.025669478179992492,0.04646566575254783,0.009830219519900712,0.010372521763993375,0.05024038305848435,0.05202380876700477,-0.18239779321011182,-0.17837561743385752,4,FREE
0.5200000000000004,8.681999999999569,0.0,0.0,0.13270615705530545,0.00021898627239611267,0.15249680918953665,-2.2024148979881875,-2.198073080342623,0.3536606454157441,0.2960136802873114,0.2726001330715613,-0.7327627138901167,0.07489874818291589,0.009409368252897489,0.010444640896826776,0.056457288237405444,0.059446054757205394,-0.1414030048718347,-0.13257925994370237,4,FREE
0.5300000000000004,8.691999999999572,0.0,0.0,0.1328190578451295,0.00021950349300645875,0.15249098932129465,-2.1985462562271887,-2.197225311500356,-0.4777773863347322,0.030038253386659695,0.2733639405455566,-0.17672628526848855,0.07175917427346075,0.009729088214558089,0.011470948948582974,0.06674133935638023,0.06960583114945824,-0.14913067843341488,-0.13945004715892073,4,FREE
0.5400000000000004,8.701999999999575,0.0,0.0,0.13293973058018466,0.00022005971304846632,0.15248474435504877,-2.1972132335900123,-2.1983832630592155,-0.10007061224547605,-0.15290683351291165,0.2743237955896979,0.04301560199794329,0.09903339096849811,0.011209841426853369,0.012178087816311547,0.07420146299055705,0.07764518240527726,-0.1443179386600414,-0.1425031359049433,4,FREE
0.5500000000000004,8.711999999999579,0.0,0.0,0.1330638545438646,0.00022061671045262653,0.15247824592238338,-2.197999714861701,-2.200429878593829,-0.7300069770759646,-0.17438580238302565,0.27521825441297104,0.34482594012551865,0.08736218392944088,0.012377475503200367,0.012262122028691645,0.0714581104622097,0.07447748161731531,-0.17146760100068642,-0.16935572949149108,4,FREE
0.5600000000000004,8.721999999999582,0.0,0.0,0.1331835242320121,0.00022113540870405534,0.15247189822858404,-2.2001764687563607,-2.2013234837311515,-0.763673074117964,-0.0945596032054925,0.2759036653609096,-0.6198256977913087,0.060852659419423374,0.012554741823727044,0.011953707994945072,0.07094035735554607,0.07277489896162116,-0.15224080404270482,-0.155484709924994,4,FREE
0.5700000000000004,8.731999999999585,0.0,0.0,0.13330090204262116,0.00022165700892931174,0.15246566703017872,-2.2011237206109513,-2.201627451419777,0.3223028200726056,-0.024647606314980874,0.27670094954416663,-0.8549502436197264,0.08830020842375472,0.012302127206674625,0.011682870782968362,0.06334795602271256,0.06676251173722614,-0.18625839297015995,-0.17741237892687345,4,FREE
0.5800000000000004,8.741999999999589,0.0,0.0,0.13340626804684158,0.00022213567495562642,0.15246000337739388,-2.2017465491286465,-2.1988253514915934,0.00724394424834261,0.34296934976943144,0.27776052936544493,-0.11321178032845794,0.10732226466568243,0.01111120727849748,0.010265190006504717,0.05002888307039593,0.053707312181042965,-0.1652673978113154,-0.16429909941077153,4,FREE
0.5900000000000004,8.751999999999592,0.0,0.0,0.1335062059065094,0.0002225730507099806,0.15245470257307978,-2.1995713384747138,-2.1946190941124026,0.1391716350648598,0.4223257514998824,0.27865797148025573,-0.3751260835333518,0.08430881829476153,0.010225110933743576,0.009959995399356552,0.04883615462842345,0.0515936980815934,-0.15327767395547537,-0.1540763760807482,4,FREE
0.6000000000000004,8.761999999999595,0.0,0.0,0.13360814064266943,0.00022301700325205354,0.1524494027830576,-2.1954528606375026,-2.1909216892644086,0.20297462393682533,0.348883703010662,0.27943034621695445,0.8255838596295204,0.07849941055546993,0.009909085171647791,0.010247279602105286,0.05268623978348858,0.05550587950326318,-0.15097348994935433,-0.14667834935639706,4,FREE
0.6100000000000004,8.771999999999599,0.0,0.0,0.1337215479967341,0.0002235162591720326,0.15244361610484616,-2.19157778101217,-2.190177994518511,-0.2120506252288454,-0.027856207869079795,0.2800904852948842,0.12057993775921581,0.0638808745904142,0.010290270189137687,0.01170586401175913,0.06931472897052218,0.0710601701702233,-0.14430251990965812,-0.15211491594703888,4,FREE
0.6200000000000004,8.781999999999602,0.0,0.0,0.13384285296985837,0.00022403952682521408,0.15243737685353653,-2.1900762614064586,-2.1914569096709022,0.27595158109316226,-0.15633010149947857,0.2803352173993553,0.3610952697723657,0.018282462097366253,0.011602762698560561,0.012209054436077602,0.07579491230381628,0.07639723732391997,-0.144512537783924,-0.14313025392556175,4,FREE
0.6300000000000004,8.791999999999605,0.0,0.0,0.13397492205888006,0.0002246272660768883,0.1524305687499319,-2.1910705009655995,-2.1955046169781007,-0.01660182059376913,-0.508851563364048,0.28046258430552706,0.4998216459544032,0.007716183592983557,0.012370829483638438,0.01357341046541137,0.09459887639319797,0.09458499807480135,-0.11521508475088882,-0.1200300083922739,4,FREE
0.6400000000000005,8.801999999999609,0.0,0.0,0.1341113541098763,0.0002252550856916771,0.152423406076609,-2.1942445184797204,-2.200669354532312,-0.12886234435849026,-0.39896602837695005,0.2806126500468868,-0.8246829139230594,0.02470305020750045,0.013483515084545383,0.013153756199676415,0.07877179559965082,0.0800107077047942,-0.19625450295050478,-0.1881856888965357,4,FREE
0.6500000000000005,8.811999999999612,0.0,0.0,0.1342379349640488,0.00022584759078278166,0.15241663630687735,-2.2001070625641805,-2.2032845700801005,-0.8794308152854708,-0.25318916460009977,0.28087880668721765,-0.13734372589963542,0.020477095461268708,0.013504896245292818,0.012590303530345844,0.07774901286104265,0.07894466360066314,-0.1609353443557715,-0.14992488819801492,4,FREE
0.6600000000000005,8.821999999999615,0.0,0.0,0.1343607320100076,0.0002264465587390094,0.15241008066337403,-2.2027776798438303,-2.2049287800720143,-0.11946771127721763,-0.1047578846458819,0.2815421643611669,0.8664139983487131,0.07727163789962398,0.012097013703747288,0.012015107658018491,0.06398464050595531,0.0672152236739576,-0.20827018259090493,-0.19659977806956339,4,FREE
0.6700000000000005,8.831999999999619,0.0,0.0,0.13446468418029098,0.00022695407426925475,0.1524044379094326,-2.205019468195848,-2.2017050682323873,0.7643618832542448,0.3567570712596261,0.28249725925576435,0.7875055756244072,0.09078700254068493,0.0129974062727924,0.010232544802801296,0.050956763951256735,0.053916553064690384,-0.15585804065069597,-0.15827928161902538,4,FREE
0.6800000000000005,8.841999999999622,0.0,0.0,0.13455783898865917,0.00022737279091513996,0.15239943191179292,-2.2024288858115755,-2.195693370126416,-0.044699683383763636,0.7182562295263333,0.28314188548254665,0.0592362199827283,0.058214607892921294,0.01031388637306536,0.008838415346211305,0.031560984266126954,0.03336685735279126,-0.19091228727220186,-0.1930556238789313,4,FREE
0.6900000000000005,8.851999999999626,0.0,0.0,0.1346425521911811,0.0002277457387961016,0.15239497372550878,-2.1973647454108853,-2.187492166845434,1.1130890723910638,0.8108322149418605,0.28374406875790564,0.8132780894852594,0.06343492011051151,0.009020532080826245,0.008484926509428429,0.03241373681416183,0.03458447907212695,-0.15855326793075097,-0.15764370091563568,4,FREE
0.7000000000000005,8.861999999999629,0.0,0.0,0.13472783264729812,0.0002281186987619497,0.152390596888184,-2.1891322559097386,-2.1794154040204177,1.200832672048358,0.7900612274771911,0.2843053939967182,-0.12168304008847648,0.053999814732596026,0.008327649944313986,0.008575552866333179,0.036563758907961326,0.03838535621949398,-0.13710498617718136,-0.13654448572893035,4,FREE
0.7100000000000005,8.871999999999632,0.0,0.0,0.1348241990418674,0.00022853671317900386,0.15238575086393244,-2.1808787719921994,-2.174168625855844,0.6732314903457683,0.4449758662096817,0.28465913287490274,-0.25027194372048567,0.02559647930336481,0.007623343089465431,0.009922145596162488,0.05314599709478428,0.05357521615745739,-0.12451718120650931,-0.13234489948161124,4,FREE
0.7200000000000005,8.881999999999636,0.0,0.0,0.1349443483667489,0.00022906832164265362,0.15237976387969351,-2.174888520006851,-2.175026375588768,-0.04197071976415498,-0.2661447451247332,0.2847318144242646,-0.1891033090184497,0.008460924039415339,0.009360937520700392,0.012682881782713649,0.08742707465203944,0.087730071889219,-0.09923649327509144,-0.09810758013658204,4,FREE
0.7300000000000005,8.891999999999639,0.0,0.0,0.1350903915512551,0.0002297400553877077,0.15237237389059397,-2.1741328364805166,-2.182532204692056,0.22921379372975081,-0.8809232137814706,0.2847444817444073,0.312540768652573,-0.0031127034145159464,0.01139582678833188,0.015071830692156653,0.1055412563426529,0.10557621588929152,-0.15710713396220458,-0.15346866402305095,4,FREE
0.7400000000000005,8.901999999999642,0.0,0.0,0.13524155739330698,0.00023045914169262315,0.1523644546051907,-2.180770972632509,-2.1913212295025515,-1.1675279085138963,-0.8781236875103232,0.28491470271407043,-0.5412920863566687,0.02340763670047573,0.014797914293089087,0.01507490714253798,0.1045039751087946,0.10570087622856517,-0.1595450019610287,-0.15162503923459494,4,FREE
0.7500000000000006,8.911999999999646,0.0,0.0,0.13539467025793364,0.0002312072804255179,0.15235632138434746,-2.1895674130713125,-2.200594421848699,-0.6946341494684619,-0.961936288292261,0.2853929065391586,0.5346731804127302,0.050778596772923,0.015069092578694104,0.015403197087572276,0.10956088139370079,0.11146065540418368,-0.14326986616758464,-0.14016694272286656,4,FREE
0.7600000000000006,8.921999999999649,0.0,0.0,0.13554267980192763,0.0002319264020349211,0.1523483535343115,-2.1985827107780866,-2.2085457122656322,-0.4630155841843791,-0.6676762591760982,0.2859538504602009,0.6158347539113792,0.05768754953526456,0.01537769806987616,0.014267966843847695,0.08946168605238387,0.09158086524791421,-0.19702142960787933,-0.1936622113062415,4,FREE
0.7700000000000006,8.931999999999652,0.0,0.0,0.13566936824808604,0.00023251438731095419,0.15234140524231526,-2.2074653732816794,-2.2109950945023695,-1.1562428126227533,-0.1279945649294005,0.28626415309063347,0.0923482825624625,0.021800282452501183,0.014726198991802057,0.012180420248468682,0.07159419083466453,0.07203161554837442,-0.16344953974810852,-0.16848537446257209,4,FREE
0.7800000000000006,8.941999999999656,0.0,0.0,0.13578656020451818,0.0002330394362091764,0.15233510057573274,-2.210805761799205,-2.2110141039757134,-0.18425874964416672,0.026812287001494354,0.28626280393465375,-0.09708529488777969,-0.003475802507373302,0.012611614728986972,0.011573580821865357,0.06602473121423245,0.06587533909204368,-0.16282502144558572,-0.16242633907218748,4,FREE
0.7900000000000006,8.951999999999659,0.0,0.0,0.1358947092300105,0.0002335250849367849,0.15232935368790476,-2.211112049550145,-2.208718094176485,-0.29680852710415,0.3278654945456121,0.28619432714975873,-0.5507482139206318,-0.010568696189746653,0.011580547739383554,0.010404479651367076,0.04945573823793289,0.048873470832248564,-0.19025744540092243,-0.1944793027011198,4,FREE
0.8000000000000006,8.961999999999662,0.0,0.0,0.135989641055455,0.000233943899110149,0.15232433907086104,-2.2096089972830204,-2.2030218056207294,0.6894646043380961,0.5728316764606505,0.2859599634732153,-0.032547379238839574,-0.025818246547749522,0.011308140607194811,0.0094531582265982,0.04443217881252334,0.04340037541952386,-0.1551034680491883,-0.15803499862535636,4,FREE
0.8100000000000006,8.971999999999666,0.0,0.0,0.13608710493095982,0.00023441134305846062,0.15231934423171595,-2.20417385163373,-2.197992559104874,0.11528265552447645,0.4951947502116051,0.2861347626829182,0.40177464510099065,0.03537355942451022,0.009044896050619616,0.00974966739263401,0.050320915396434365,0.05170118746813192,-0.1306678817918137,-0.12887893300817888,4,FREE
0.8200000000000006,8.981999999999669,0.0,0.0,0.1361985954462115,0.00023495685232508972,0.15231374646068463,-2.1988180194872524,-2.196593849659847,0.7348809988399488,0.04053191422054167,0.28656938599362364,0.4484578463686937,0.0479291338751302,0.010282894679146963,0.011502725464069196,0.0710291171260325,0.07316787791216497,-0.1216656938740481,-0.11164692199218518,4,FREE
0.8300000000000006,8.991999999999672,0.0,0.0,0.1363307604665436,0.00023561161361160298,0.1523070976478973,-2.1964255517051297,-2.200540369544757,0.6326380983919107,-0.4768530160556387,0.28731457115051456,0.07930079310237072,0.07662786431962318,0.01080902202890548,0.013498749525032905,0.09011609283689544,0.09289880804344038,-0.1349872728644205,-0.13164426391631354,4,FREE
0.8400000000000006,9.001999999999676,0.0,0.0,0.1364822439541336,0.000236340733005098,0.1522993780294576,-2.1994434453001714,-2.209487068902103,-1.0657562822295146,-1.031941237327054,0.28797043224840285,-0.38222576682956166,0.06006551137809192,0.013429892298822837,0.015636012732497838,0.11662066789060298,0.11853033775524145,-0.11195836941760884,-0.11381171671006884,4,FREE
0.8500000000000006,9.011999999999679,0.0,0.0,0.13664791213574679,0.0002371235616714403,0.1522907692694208,-2.207147767064528,-2.222121313749592,-0.2923660041434304,-1.3364936670260055,0.2884340554390899,0.23136815600691799,0.04179304510995127,0.014441707938654359,0.01680063161733016,0.11837322337054548,0.12003359064185812,-0.19507011507888591,-0.1887806170809241,4,FREE
0.8600000000000007,9.021999999999682,0.0,0.0,0.1367987160155421,0.00023784073001686346,0.15228261708850546,-2.2196775998705784,-2.230947653227535,-0.7881052619428446,-0.7712074793893691,0.2890243391799676,-0.25221274832391605,0.06191420571742226,0.017288352704781244,0.014603974520092166,0.09418704947844672,0.09637802988405526,-0.1903041531129135,-0.18827626740807207,4,FREE
0.8700000000000007,9.031999999999686,0.0,0.0,0.13692530567709987,0.00023842986046272526,0.1522755997952363,-2.2296177037780214,-2.2335704313431046,-1.2733231446840245,-0.09996986912977862,0.28955733720386184,-0.53193248105223,0.04838412826952427,0.015130428969274098,0.011991437420259361,0.0630903683681137,0.06456510160394512,-0.20991057638985564,-0.21259240675824523,4,FREE
0.8800000000000007,9.041999999999689,0.0,0.0,0.13702255101183852,0.0002388680567456599,0.15227013630963368,-2.2337233578500855,-2.228670848242658,0.3801432488277268,0.6084504788713812,0.28998934525736914,0.09828241539234593,0.045770004749356025,0.013206578972643088,0.009233886087438987,0.03568362210693357,0.03739812304983036,-0.19504383249301366,-0.19117982223687696,4,FREE
0.8900000000000007,9.051999999999692,0.0,0.0,0.1371083524860189,0.00023923862214074104,0.15226553538852186,-2.230124773051559,-2.220877287578964,0.6217352044122749,0.8143228200886866,0.2901858330050044,-0.21068119099335483,0.007708338445149518,0.009833229908134742,0.008416726601946665,0.03497682556692034,0.03518686030240372,-0.14260014691130526,-0.1420962166584583,4,FREE
0.9000000000000007,9.061999999999696,0.0,0.0,0.13720149110611513,0.0002396534524753908,0.15226083804354806,-2.2224180205696302,-2.215033966345723,0.46622172477621576,0.5043562414212022,0.2902757482590922,-0.5589841602676358,0.009006253288907138,0.008421500972989476,0.00959376991563957,0.05204981563817197,0.05234343124117739,-0.11431469764472028,-0.11412387712003076,4,FREE
0.9100000000000007,9.071999999999699,0.0,0.0,0.13731269701166018,0.00024017865240303328,0.1522553276068253,-2.2157744547172196,-2.2139018497162954,1.2712545986769057,0.07602690493962616,0.29047684546578695,0.3695250204923901,0.027651967964578892,0.009586472235112584,0.011232310652185943,0.06422676189559293,0.0655777105160706,-0.1562284032410749,-0.1480123940915985,4,FREE
0.9200000000000007,9.081999999999702,0.0,0.0,0.13743475885178488,0.00024077052776584135,0.15224917488647058,-2.214028550083655,-2.2156078749905745,0.29041277379587405,-0.2812932563961077,0.2908436354579065,0.1378607813789599,0.03274612289576939,0.011240015854929673,0.012597585153165483,0.08352123589641,0.08454548437391544,-0.12059106449261034,-0.12234382809874447,4,FREE
0.9300000000000007,9.091999999999706,0.0,0.0,0.13756975246242947,0.00024143460144958936,0.15224225264455224,-2.214823474909683,-2.2206924541293094,0.06412209548058868,-0.5487162133468217,0.2913416715785419,-0.6724420209459292,0.05905863110963025,0.011205312582761431,0.01361505493809851,0.09067095435114546,0.09270640193312898,-0.14570548150830803,-0.14572380069909863,4,FREE
0.9400000000000007,9.101999999999709,0.0,0.0,0.1377097394433704,0.00024211606718073866,0.15223492983258952,-2.219528138338751,-2.227110568779935,-0.18966950652926165,-0.6480751106937614,0.29183076441913214,0.1523673569587564,0.046873805467777856,0.012868648727613643,0.013980410172171182,0.09185651738792361,0.0934513840936362,-0.16736929827804656,-0.16682113992207595,4,FREE
0.9500000000000007,9.111999999999712,0.0,0.0,0.13784722992062276,0.0002427778486872465,0.15222762559669337,-2.225883865119904,-2.232937621537589,-1.424346630251766,-0.5969290477972664,0.29226427649708664,0.4682579067076184,0.04373521839545096,0.013591894412309772,0.013760315976684364,0.09213148704198426,0.09370016397333045,-0.1491322711437536,-0.1468925267630879,4,FREE
0.9600000000000007,9.121999999999716,0.0,0.0,0.1379820384241322,0.0002434350739391776,0.1522204288329238,-2.23169025426211,-2.2381394643279084,-0.6256359524139157,-0.4549624330555901,0.2928586424040956,0.44823197291328803,0.06681093139479617,0.013462926225293444,0.013185785514175898,0.08138557665345064,0.08405271651963131,-0.1808895864032366,-0.17275396813255295,4,FREE
0.9700000000000008,9.131999999999719,0.0,0.0,0.13810571707165523,0.00024403253486573778,0.15221377562050997,-2.237359897731191,-2.2405404740210564,-0.24045771154493678,-0.19741623460803612,0.2935223407340348,-0.14264903589692146,0.06550262223329789,0.013195139287662899,0.012161654681422954,0.07025057921968325,0.07230699959988883,-0.17835395388110564,-0.18150448524066037,4,FREE
0.9800000000000008,9.141999999999722,0.0,0.0,0.13821648970895603,0.00024454528442749386,0.15220781041979842,-2.2402954507651263,-2.2396872358218616,0.3085812693266563,0.14896073849011102,0.2939443979289397,0.8271923250318917,0.03770746842076054,0.012106265273398552,0.010793718374043988,0.05715069378583922,0.05837396720990795,-0.17105693012199308,-0.17108079667893028,4,FREE
0.9900000000000008,9.151999999999726,0.3,0.0,0.13831369367780938,0.0002449853343002844,0.1522025891149472,-2.240078330792118,-2.235407358638742,0.0910968403225778,0.5363082340534556,0.29422784623565695,0.7855945074539308,0.024704965127935775,0.01111338441339805,0.009269093876300967,0.03764927890960571,0.0383449543302026,-0.19410275348236636,-0.19619896997170375,4,FREE
1.0000000000000007,9.161999999999729,0.3,0.0,0.1383901390210063,0.000245320833837985,0.15219844895211185,-2.236728030756103,-2.225830672666686,0.18891266097550335,1.044230862816582,0.29440350743480337,-0.06692541084306368,0.01711946140557524,0.009483895657606047,0.0072837196915031,0.017902937430685995,0.018481079250051644,-0.18353566331386573,-0.18307842930382978,4,FREE
1.0100000000000007,9.171999999999732,0.3,0.0,0.138303455412642,0.0002448019185112091,0.1522015030181822,-2.22809278388354,-2.174057307817555,0.5523227208245307,6.508502017166832,0.29423580265597776,0.3103639181577324,-0.029336998877402078,0.007437440872290467,-0.01378161943015108,-0.2696092481246277,-0.2711560740370762,-0.5923986168012567,-0.602620632266025,4,FREE
1.0200000000000007,9.181999999999736,0.3,0.0,0.13794927746842023,0.00024289166070134898,0.15221775539758456,-2.1899172668213405,-2.052997546965556,4.828107093916041,13.464952408003386,0.2935576203795027,-0.47089421586393304,-0.08206376919181879,-0.008350316832174038,-0.04056539320499207,-0.5530697726951216,-0.5565903288045622,-0.5365965892270987,-0.550713146954916,4,FREE
1.0300000000000007,9.191999999999739,0.3,0.0,0.137350685092906,0.00023972893794361785,0.15224742141350128,-2.082447576108881,-1.8684134773746854,12.348134662906146,19.682826297479114,0.29240695938076083,-0.7510288121934967,-0.12516958832950834,-0.0347393342087437,-0.06441770918696567,-0.8090511179542906,-0.8137177322098522,-0.5225266384734348,-0.5307534030830823,4,FREE
1.0400000000000007,9.201999999999742,0.3,0.0,0.13656012757759303,0.00023560988074898442,0.15228845620462264,-1.9102190981209393,-1.6335185870087887,18.20701673845633,24.170854339565242,0.2910188454899982,-0.5180482813091661,-0.15182520466432375,-0.0596806694789988,-0.08146777386300309,-0.9694929127544437,-0.9751930863953977,-0.34947526862570405,-0.3611901174286321,4,FREE
1.0500000000000007,9.211999999999746,0.3,0.0,0.13571736044435723,0.00023124237727568516,0.15233405914209383,-1.683237156978442,-1.3840162098156124,23.09442283718198,25.1497274606688,0.28916296886257037,-0.29033663019829054,-0.20452174645463292,-0.078600228144078,-0.08480484815134419,-0.9505455943177924,-0.9581222626498872,0.04166755589602518,0.02834973201027873,4,FREE
1.0600000000000007,9.221999999999749,0.3,0.0,0.13496978542067647,0.0002273918144413476,0.152376100531707,-1.4332245134495827,-1.157529658590854,24.427649598912787,21.88601479366866,0.2869939939592627,-1.0489200103711183,-0.22659967787231333,-0.08523385661577722,-0.07156975358478877,-0.7823926113644611,-0.7905837687211019,0.21714244565461044,0.205470503001483,4,FREE
1.0700000000000007,9.231999999999752,0.3,0.0,0.1344462923530457,0.00022470307199775274,0.15240698200131358,-1.1991090291743445,-0.9869217407552338,23.139590425721867,15.666991103417617,0.2846299532599568,0.5327756549008584,-0.2469352805351692,-0.07572883579220747,-0.04673043250237111,-0.4980921961082482,-0.507160035303717,0.33824033749127247,0.32216756354181586,4,FREE
1.0800000000000007,9.241999999999756,0.3,0.0,0.1342100613041253,0.00022345513560337736,0.1524223601519083,-1.0153242658136175,-0.888150830493386,17.38333523982561,8.446858152797494,0.28173038790572114,-0.3787110638620148,-0.30891330595754185,-0.05310887063378083,-0.017871990011309735,-0.1895168670045838,-0.20117356048596172,0.3337625857475605,0.3082408892888771,4,FREE
1.0900000000000007,9.251999999999759,0.3,0.0,0.13423910667099784,0.00022353906414733084,0.15242260168030244,-0.9021914472115022,-0.8552833500689319,9.483302050279734,1.934772112608166,0.27866337956661275,-1.4140265607039013,-0.3001407556748271,-0.02354290005815201,0.008339878353151814,0.06419762604385526,0.05344280946784319,0.15475570317267873,0.13948492380587552,4,FREE
1.1000000000000008,9.261999999999762,0.3,0.0,0.13445070743289492,0.00022452322395652294,0.15241171373955228,-0.8574291846873268,-0.8668138733101646,2.7741612845196126,-1.7774060305935133,0.27556414365487425,0.06252262699226516,-0.3113703149877866,0.003257143561966529,0.023772204997068346,0.19877015404011383,0.18769547962302285,-0.028622313512642782,-0.0425468259039221,4,FREE
1.1100000000000008,9.271999999999766,0.3,0.0,0.13471505109929907,0.0002257578440170625,0.15239652585969116,-0.8627187621477783,-0.8891537004559329,-2.100140500830939,-2.089592303013869,0.27240968916357955,-0.7749883414718686,-0.3161435729926884,0.021910558115317266,0.026068261686520745,0.19360791091899568,0.1823448538925756,-0.1888128761188138,-0.20352649971625925,4,FREE
1.1200000000000008,9.281999999999769,0.3,0.0,0.1349078885140234,0.00022664580078482493,0.1523840089157238,-0.8854734409587975,-0.8901942200667678,-2.4805692480468626,0.6390010576895693,0.26927317126348205,-0.7690898755207816,-0.31100659199967307,0.026663346490236804,0.016607668596158733,0.06232959475951427,0.051416656813526064,-0.34351449011156854,-0.35499241639746293,4,FREE
1.1300000000000008,9.291999999999772,0.3,0.0,0.13493895294960642,0.0002267636700802911,0.15237960376350737,-0.892962482647583,-0.8465896391982943,0.6280694001270659,5.310750938333298,0.26612255398503076,-0.6491339300902328,-0.3230615236627406,0.019899000550258422,-0.00035476684860680994,-0.144771888585135,-0.15568482424334837,-0.4707109977438395,-0.47290994192695357,4,FREE
1.1400000000000008,9.301999999999776,0.3,0.0,0.13477231340491866,0.00022598013692858043,0.15238595493826287,-0.8594995110391,-0.7489717628942628,4.113175443102951,10.81952923047666,0.2634399743260435,-0.41787708566472026,-0.25810651106412486,0.004013367957889888,-0.020514678283184557,-0.36012808761110926,-0.36870879336231666,-0.3999089309453586,-0.4014483260818742,4,FREE
1.1500000000000008,9.31199999999978,0.3,0.0,0.1344456077082041,0.00022447588262799036,0.15240180867166273,-0.7724590919037775,-0.6069073892314273,9.996162823665578,14.921036879392096,0.26134168675038094,0.28348152824455336,-0.20192478682789028,-0.016649404976291957,-0.03517028896499733,-0.5127438784759576,-0.5193592764926191,-0.3168226392349255,-0.3170122880445406,4,FREE
1.1600000000000008,9.321999999999782,0.3,0.0,0.13403184271755728,0.00022257313242879783,0.15242352823572844,-0.6380793546428847,-0.43901261475227005,14.438604664207517,17.05743909540189,0.2595578698753784,-0.9569925056790578,-0.18284521648220245,-0.032650309708716706,-0.04212801089748202,-0.5751800221824596,-0.58161104093901,-0.18706523068064318,-0.19546145844597224,4,FREE
1.1700000000000008,9.331999999999786,0.3,0.0,0.13364516633101647,0.00022077922222453066,0.1524450638733364,-0.4736728325965375,-0.27449515126345364,17.068209438370413,16.284338053085822,0.2576339169167247,-0.12848019635991664,-0.20199188530646947,-0.041358734090644486,-0.03771682890187732,-0.4883931773583057,-0.4955000021766458,0.12531800711593427,0.11785076415274491,4,FREE
1.1800000000000008,9.34199999999979,0.3,0.0,0.13339646207880457,0.00021960898377609242,0.15246011558094608,-0.3056199022933604,-0.14170719817679867,16.231437272775427,12.475773567193041,0.2557142455021037,0.23507646313982763,-0.19292855319889557,-0.03870766112032576,-0.021446268655550344,-0.30827395425082127,-0.31496886410464925,0.19146854296402493,0.18569331931092103,4,FREE
1.1900000000000008,9.351999999999792,0.3,0.0,0.13334393663799116,0.00021931496497839197,0.1524648847470812,-0.16480117257404792,-0.0554159337587292,13.096467062250436,7.610117910149336,0.25371948632954905,0.25032166069964645,-0.21244321550603962,-0.0250013837545717,-0.0009770016744973314,-0.08776755125105401,-0.09584742383029515,0.23551392273929436,0.21541425561538433,4,FREE
1.2000000000000008,9.361999999999796,0.3,0.0,0.1335104437212711,0.0002199689157856921,0.15245770496295216,-0.06855608906984918,-0.021337830552843783,8.639177971598267,2.346132141445057,0.2509219032133422,-0.1531186808118846,-0.3017007817227046,-0.0052390827542322,0.021102545897186045,0.14604937086394484,0.13445749922487926,0.2474690714146361,0.21880655588692072,4,FREE
1.2100000000000009,9.3719999999998,0.3,0.0,0.1338580420718669,0.0002214183289439424,0.15244018038440113,-0.023909870068540295,-0.02955657664630554,4.047680967456629,-1.6121252045519388,0.24775657127162756,-0.20205680435998083,-0.3141994855144828,0.016381072830534776,0.03816637546837879,0.29269185693864536,0.28147278680526494,0.033612249061478895,0.019271457827691872,4,FREE
1.2200000000000009,9.381999999999802,0.3,0.0,0.13430251286493392,0.0002232906419722983,0.15241659477837763,-0.025547505643353476,-0.05827374475191625,-0.8388323354999045,-3.0586291832779144,0.24459010889328794,-0.0386736583451003,-0.3154587674611906,0.03398225672754291,0.04551974246366492,0.3400618550910244,0.32898167284225105,-0.1267240356029137,-0.1381807660201084,4,FREE
1.2300000000000009,9.391999999999806,0.3,0.0,0.1347358939401946,0.00022511640496980287,0.15239268605184086,-0.052398329455007324,-0.07959596297213073,-2.9470667256467658,-1.7170443970732698,0.24163872817680068,-0.4674037490491604,-0.2846572227610105,0.045276196686604146,0.042078936492776,0.276083486952559,0.2664959361144522,-0.24477370001134258,-0.2480150455263016,4,FREE
1.2400000000000009,9.40199999999981,0.3,0.0,0.13508603825159105,0.00022659153228951571,0.1523727219090958,-0.07714142638055406,-0.07490408089812015,-3.0203415951857098,1.0723010548604863,0.23917693303891116,0.5727411228188695,-0.23776941978926205,0.043558440538741604,0.033025920359762,0.1633502909093937,0.1553318502025477,-0.2792726610498256,-0.283266787005955,4,FREE
1.2500000000000009,9.411999999999813,0.3,0.0,0.13531354127518905,0.000227540423229697,0.15235922040238592,-0.07825701071423184,-0.03400012539183834,-0.3171066721142888,4.892368698498298,0.23694231037223756,-0.08098013698942363,-0.21945943462645812,0.03510465637194239,0.019997219262810617,0.004657995562571626,-0.0034074171694984737,-0.33796933079606406,-0.35522560912775925,4,FREE
1.260000000000001,9.421999999999816,0.3,0.0,0.1354072084441125,0.0002279106102620067,0.15235314100836636,-0.04542173199035915,0.046084632804107566,3.593446427710523,8.720000817450618,0.23448661029323806,0.5880330689057512,-0.2509371738594173,0.022876651409348626,0.0069716672554203055,-0.132039404633792,-0.14082873267518375,-0.25650894810161023,-0.2649051459208262,4,FREE
1.270000000000001,9.43199999999982,0.3,0.0,0.13542268254333265,0.00022795515531995138,0.1523519798657684,0.02754828966983227,0.15109247065242998,8.74260553716154,10.772317200097927,0.23209307333913443,0.5996335701320369,-0.24005888858171512,0.008884292973680347,0.0008655097175300007,-0.1902890259538981,-0.19872735322737206,-0.14699899481202258,-0.15643169850567099,4,FREE
1.280000000000001,9.441999999999823,0.3,0.0,0.1354433488129449,0.0002280147942218102,0.1523514163266075,0.12914009676248256,0.2596476197092026,10.937068560121956,10.692421332525976,0.2297024620852259,0.6157774428715831,-0.24314125221006197,0.0015371431622511027,0.003081635234115385,-0.157360787338792,-0.1660299025179617,-0.03052270278247629,-0.04237068441174549,4,FREE
1.290000000000001,9.451999999999826,0.3,0.0,0.13554813786665784,0.000228404498754631,0.15234703190788598,0.23858376748708382,0.35154624070658796,11.269446609028781,8.834924312296021,0.22722560794220115,-0.8404654450264015,-0.24721842001736477,0.001655889830242759,0.01225592990517672,-0.039370888399237275,-0.04872334644106519,0.165206425390124,0.14165930942846203,4,FREE
1.300000000000001,9.46199999999983,0.3,0.0,0.13580682760414578,0.0002293879342004741,0.15233483559596606,0.3354069237811809,0.408923312295016,9.164841141177611,4.9472331350969725,0.22432549329831097,-0.25501474578642247,-0.2955163412756208,0.01052391360930426,0.02934801312823686,0.1407379840179135,0.13056753598248894,0.17726624528428642,0.17200481385594685,4,FREE
1.310000000000001,9.471999999999833,0.3,0.0,0.13624592504193997,0.00023107503878402866,0.15231301179446483,0.4006885953970851,0.42505381247335083,5.938481055166993,0.7724824823927002,0.2215320339411411,-0.23072990944316976,-0.28350915267241206,0.02528750681801505,0.0475976593000869,0.32945180909067395,0.3191648834929811,0.18808892449893383,0.17070916534267733,4,FREE
1.320000000000001,9.481999999999836,0.3,0.0,0.13685182410095892,0.0002333886618510983,0.1522819779484471,0.42519454899283105,0.40350961359106413,1.3918843547658912,-2.775043928027679,0.21864237165187986,0.06486103225776255,-0.2849198487702045,0.043592427445661316,0.06343504997037333,0.4807094066259983,0.47076283680422903,0.11525760148168014,0.10572239956783429,4,FREE
1.330000000000001,9.49199999999984,0.3,0.0,0.1375612381154544,0.00023608598255156623,0.1522448400926246,0.410300361093501,0.36064458957058704,-2.3777441869874245,-4.6878486170697125,0.216174846427203,0.5455943404388778,-0.23037212443097455,0.05995238955645329,0.07293562464139829,0.5421292785757186,0.533932188486678,-0.09695434024054427,-0.11020470513999243,4,FREE
1.340000000000001,9.501999999999843,0.3,0.0,0.13828986955598094,0.00023882625143375685,0.15220600608089074,0.36988396580036476,0.3181984424235395,-3.477665639158637,-4.063128546852829,0.21380279574188182,0.17116919735706293,-0.2338864112916813,0.07190029548221745,0.0725969854855742,0.5147197669494654,0.5068968171109216,-0.19092303542191683,-0.19223933769436471,4,FREE
1.350000000000001,9.511999999999846,0.3,0.0,0.13896479144456575,0.0002413463190319157,0.15216952242796553,0.325621630989395,0.29495653423012413,-3.788942223927541,-1.7508777308000647,0.21181799844682025,-0.4071712777191866,-0.190957565311756,0.07389919485324749,0.06570266802561556,0.41674260626317167,0.41029839490809233,-0.2760845808274572,-0.2795228989243684,4,FREE
1.360000000000001,9.52199999999985,0.3,0.0,0.13953489956328832,0.00024345859742120474,0.1521383905831019,0.2971995798193297,0.3040901615133294,-2.0256556063561177,1.6160014414023467,0.2102086939152365,0.2871931663594868,-0.15191212366946333,0.06854627615611121,0.054715719013007084,0.28401605964577964,0.279060527004661,-0.30048339040915334,-0.3002710583547425,4,FREE
1.370000000000001,9.531999999999853,0.3,0.0,0.1400076292133528,0.0002451947045104356,0.15211269379962175,0.2994512399288626,0.34367471303201064,0.9855409988545607,4.537359167350603,0.20893912745915405,-0.5109347017887487,-0.11848133169969881,0.057260457813567936,0.045456924254405326,0.18631588843236702,0.18181905304297752,-0.20916509244081227,-0.22281044631564567,4,FREE
1.380000000000001,9.541999999999856,0.3,0.0,0.14041509034633742,0.0002466611626653973,0.15209095776192566,0.3337318285283939,0.4054706157828985,4.300597654946366,6.5500193729039395,0.2073953088057822,0.28072601507173406,-0.16414704139367653,0.04581898972299808,0.0397426050339568,0.12372242514867718,0.11757615268788904,-0.15842148745378307,-0.17172271843037015,4,FREE
1.390000000000001,9.55199999999986,0.3,0.0,0.14080395726419187,0.0002480402813589168,0.15207076158683816,0.3918232365929215,0.4775176607546155,7.119797373112834,7.183703105550852,0.2055717256053617,0.6158661306432166,-0.18473278906054394,0.04058369174599259,0.0394069515236503,0.12781317757690122,0.121254979035606,-0.045805690445922066,-0.05340644146171641,4,FREE
1.400000000000001,9.561999999999863,0.3,0.0,0.1412433451396314,0.0002495897052181263,0.15204841263561414,0.4633383768583815,0.5420700693704565,7.881846886511803,6.184627674232563,0.20366175900679437,-0.016686582759825513,-0.19634374340872107,0.039153833177435024,0.04543981194250629,0.19229403439706882,0.18516833107372085,0.011692984628407652,0.0001466875258979948,4,FREE
1.410000000000001,9.571999999999866,0.3,0.0,0.14180594768722374,0.00025155440976906885,0.15201996401396492,0.5302389200791848,0.5804430908663452,6.41313985168104,3.148841895179575,0.20126976987516307,0.6152055991431866,-0.25477749596701366,0.04375068943141705,0.059392549921650814,0.3544748047799778,0.345184554289862,0.14970637159336078,0.13536019439909316,4,FREE
1.420000000000001,9.58199999999987,0.3,0.0,0.14252286130751804,0.00025404360956206653,0.1519833937990846,0.5755599052671482,0.5846831171583041,5.018879125787603,-0.21424154165414294,0.19858010820729383,-0.4049532308235598,-0.2718608716640091,0.05694569483207508,0.07464359482190443,0.5022598018961874,0.4925251095096437,0.09572847836922088,0.08285426961977782,4,FREE
1.430000000000001,9.591999999999873,0.3,0.0,0.14336575636170665,0.0002569466329985479,0.15193981127967135,0.5861811424051928,0.5621507313426362,-0.051914758983635685,-2.7215315259032855,0.1957624493080208,-0.272995820690717,-0.285351517053205,0.07182754221880835,0.08658985116521521,0.6173052726339259,0.6070033188682683,0.07146232529374277,0.05570266568127393,4,FREE
1.440000000000001,9.601999999999876,0.3,0.0,0.14430099850189923,0.0002601341492831434,0.15189092258682238,0.5684972633628075,0.521511685800053,-2.3627336893560216,-4.283194691648308,0.19286260234780608,-1.1663240990987132,-0.2870288656659123,0.08402415374790057,0.09485983767031839,0.6855498995191749,0.6754690581675318,-0.003520875812789521,-0.01415887966231401,4,FREE
1.450000000000001,9.61199999999988,0.3,0.0,0.14526848218577157,0.0002633936006056599,0.1518398507440303,0.5305173409475028,0.47824790572745285,-4.358982809618402,-4.331947302073841,0.18999370787428121,-0.25644268418400457,-0.29187354598203474,0.09316815211734443,0.09724906960836324,0.6783515480774029,0.6687496046899195,-0.16709092214038593,-0.16389915225319904,4,FREE
1.460000000000001,9.621999999999883,0.3,0.0,0.14620940422506024,0.0002665392840388836,0.15178979217937003,0.48634527528167026,0.44749077706734325,-3.977686235023057,-2.7103144461874846,0.1877350778495214,-0.5107777451802692,-0.21110860342751955,0.09646779695334627,0.09314968300365958,0.6126957054344284,0.6057411961988799,-0.22918454433904553,-0.2301908472766375,4,FREE
1.470000000000001,9.631999999999886,0.3,0.0,0.14707761739336525,0.00026941318634124536,0.15174336730856733,0.45193271136227986,0.44111665389395854,-3.169976506391608,-0.07114225388062964,0.18599016245508646,-0.17104700570659973,-0.1655372930138001,0.09413728638897545,0.08509475277973301,0.5101129870222442,0.5046879206566377,-0.2592859725882784,-0.25985759143427395,4,FREE
1.480000000000001,9.64199999999989,0.3,0.0,0.14785911811043412,0.00027196365090859776,0.15170160115124143,0.44008714996577086,0.46272610552510607,-0.802029122957928,2.6909300167016346,0.1843306805021393,0.014095628480554703,-0.1745294662735516,0.08650865846732086,0.0765609635662274,0.410931900110659,0.40447424407277255,-0.23514364544847377,-0.24887372730923163,4,FREE
1.490000000000001,9.651999999999893,0.3,0.0,0.14858961880756075,0.00027431634137977073,0.1516629559566577,0.4562828476030781,0.5031032232478361,2.295384466853489,4.3463716077025065,0.1826703444203696,-0.26359397556016223,-0.15939472229890456,0.07856476575617474,0.0723202873353392,0.372320228841923,0.3665621071343622,-0.1164628820280166,-0.12676429897295677,4,FREE
1.500000000000001,9.661999999999896,0.3,0.0,0.14931372175115207,0.00027661688754284394,0.1516251301028721,0.49412091745584724,0.5507817487106854,4.6912396260933,4.8070229705482035,0.18091814236919862,0.4823405282508351,-0.18064844889003007,0.07342269139273923,0.0727306929118431,0.37971180194584175,0.3730728673961438,-0.03225026489804372,-0.04482249361195946,4,FREE
1.5100000000000011,9.6719999999999,0.3,0.0,0.1500879891721386,0.000279042635933729,0.15158510206419284,0.5414086815901975,0.5912155592258734,4.985219179236447,3.734558910540516,0.17883088768547134,-0.2991479868443719,-0.2194594939309353,0.07187986274137445,0.07910383902830606,0.45064905886801604,0.44240736210084725,0.044007356373955045,0.026053328386687655,4,FREE
1.5200000000000011,9.681999999999903,0.3,0.0,0.15096375314246724,0.0002817530753303279,0.15154000141297902,0.5844578484683749,0.6112039064178247,3.725320892620389,1.4865008170367393,0.17633739250097366,-0.5411626088168371,-0.254685498485583,0.07719441118021221,0.0900525306995571,0.5669165227958545,0.5576567901890661,0.09117052226089731,0.07654901243011328,4,FREE
1.5300000000000011,9.691999999999906,0.3,0.0,0.15196677026602157,0.00028481560621044345,0.15148822298019118,0.6092551077276286,0.6041299209292695,2.512204516170941,-1.3052353682864362,0.17330119025140103,-0.20135722675639522,-0.3240217117215262,0.08736446448670143,0.10311693646631027,0.6957276757237999,0.6844896229321502,0.061418106369338504,0.05558916905227282,4,FREE
1.5400000000000011,9.70199999999991,0.3,0.0,0.15307981267295834,0.0002881810429879291,0.1514303834258344,0.6076020693067773,0.5744525919920104,-0.7754546078281653,-3.3579470032047345,0.1703555411400671,-0.24839883921096634,-0.2894919850812445,0.09991704297106586,0.11331918560504384,0.7903446317583378,0.7800702659156552,0.03334213014106284,0.020001523144267883,4,FREE
1.5500000000000012,9.711999999999913,0.3,0.0,0.154272235751011,0.00029173911469979654,0.15136800628063934,0.5818266051546911,0.5300488189859973,-3.3042100267394696,-4.613019481614327,0.16752849622877675,0.3648637655811115,-0.2751066118040839,0.11117880582927951,0.12041135950259559,0.8471940492415238,0.8378197227830504,-0.031994384814708225,-0.037088441183181366,4,FREE
1.5600000000000012,9.721999999999916,0.3,0.0,0.15549299909138123,0.0002953346824177867,0.15130372718021082,0.5395424265725022,0.4840446202053735,-5.038549316082325,-4.460060687463778,0.16502529160838847,0.17804545922739118,-0.24479180169723322,0.1186702331478479,0.12202567368032056,0.8412546943143698,0.8328274690655221,-0.11660407362675265,-0.12357652431940197,4,FREE
1.5700000000000012,9.73199999999992,0.3,0.0,0.15669040902977618,0.00029880471669503476,0.15124034891356747,0.4926850348527512,0.4497253508934343,-5.051138337086067,-3.1835409512880295,0.1624917450920552,-1.2958990956951015,-0.2582889096001613,0.1219848872203496,0.11926067533403921,0.7871259261578466,0.7780453744829441,-0.21570027022073684,-0.22543801501267935,4,FREE
1.5800000000000012,9.741999999999923,0.3,0.0,0.15782849044551395,0.0003020547821496083,0.15117993807942987,0.4551692474670256,0.4363271783742521,-3.159955953948214,-0.8799054864013542,0.16002093871627865,-0.6710777630826574,-0.24169377932489586,0.11984215358713171,0.11250193053735914,0.7032614194863536,0.6951376184692359,-0.21844003461286052,-0.22051961402948858,4,FREE
1.5900000000000012,9.751999999999926,0.3,0.0,0.15889998057822718,0.00030507945235741746,0.15112312969902267,0.4371715749333831,0.44569194279762847,-2.1600001363260883,1.3845503255447607,0.15801379156878406,-0.04906685810563762,-0.18950988328347762,0.1138951469819161,0.10588499762072821,0.6215040512817193,0.6153267761474932,-0.21614748913583384,-0.2153730677530987,4,FREE
1.6000000000000012,9.76199999999993,0.3,0.0,0.15993439792773997,0.00030795951249586265,0.15106864748531573,0.44203084555779387,0.47018499269783093,0.8545323342838311,2.5354772384761235,0.15635125712498393,0.045261577033728545,-0.1657517161817522,0.10730952728784976,0.10357769571709455,0.6029696143551877,0.5971981004027361,-0.10059739660915912,-0.10719564782694946,4,FREE
1.6100000000000012,9.771999999999933,0.3,0.0,0.16098459830783818,0.00031083675992055914,0.15101379440474574,0.4649419432358147,0.496169001997906,2.362747967732347,2.633968345838027,0.15466959241929434,-0.5225959201016013,-0.16896289423822994,0.10324807126928476,0.1053592825252076,0.6238869450859824,0.6177869921396831,-0.02252199854842895,-0.032767803782875644,4,FREE
1.6200000000000012,9.781999999999936,0.3,0.0,0.16208140951846053,0.00031379787245009615,0.15095677578615074,0.4912182254868352,0.5157213203265417,2.0792778339555094,1.7669794538863934,0.15287461333186197,-0.401127948386544,-0.1812517373406721,0.10480362276972073,0.1108927312961403,0.6779387800477925,0.6715514064953887,-0.0008963900748418709,-0.007935721885928998,4,FREE
1.6300000000000012,9.79199999999994,0.3,0.0,0.16325104705801238,0.0003169212194785402,0.15089605206827236,0.5126530147906143,0.5220999553820387,2.0471111124429218,0.273074815013287,0.1512117868268145,-0.2602929135075082,-0.15772446172632856,0.10926655072402322,0.1188640143160896,0.761207019463552,0.7560539430501568,0.04631813003615812,0.04754118039098032,4,FREE
1.6400000000000012,9.801999999999943,0.3,0.0,0.1645194067310983,0.0003202768986128594,0.15083016366442104,0.5223499898705638,0.5086171574926406,0.32361858581711533,-1.7607769442758696,0.14989140310023066,0.656471154489688,-0.12837967700787412,0.11700757790653771,0.12892464201907328,0.8605369606051535,0.8561762218987525,0.052734918929786316,0.04972455795898673,4,FREE
1.6500000000000012,9.811999999999946,0.3,0.0,0.16588083317242328,0.00032384119813749546,0.15075921947178006,0.5129646648379115,0.4767180686023764,-0.5314492327098603,-3.5742933636871297,0.1486544870447923,-0.6211724168790682,-0.11855821848044865,0.1271982405069763,0.138120775033553,0.9400318378320687,0.9353369731005161,-0.013209946853138794,-0.029867760906809593,4,FREE
1.6600000000000013,9.82199999999995,0.3,0.0,0.16730326556926275,0.00032751912196873217,0.1506847514378117,0.48422772584547286,0.4346442856013016,-3.6169175852928674,-4.328153052768587,0.14702361314309434,0.5552553999035237,-0.16957604765469933,0.13600345927193774,0.14319563318480913,0.978493023594226,0.9724537750711888,-0.06538286032663458,-0.07214928515969561,4,FREE
1.6700000000000013,9.831999999999953,0.3,0.0,0.1687515953126631,0.0003312323750832914,0.15060861846742926,0.44336110048501787,0.39139765493157275,-4.176777456172972,-4.271214856733685,0.14538405836318574,-0.3563011797418533,-0.16008468231103168,0.14214265497665984,0.14510110102803564,0.9839412932023108,0.9784229610180403,-0.09989465948356623,-0.10374982669545497,4,FREE
1.6800000000000013,9.841999999999956,0.3,0.0,0.17019710279053651,0.00033489853451753806,0.15053243229228022,0.3997923476744608,0.3543204425778048,-3.392591167656531,-3.499574151973608,0.1435999165808712,-0.14830220332521285,-0.1903885407965026,0.14457963716616942,0.14420963411826615,0.9592785273002569,0.952040189478488,-0.13526443002563338,-0.15274448935261642,4,FREE
1.6900000000000013,9.85199999999996,0.3,0.0,0.17161271345863924,0.0003384493384603878,0.1504577134451451,0.36090479804158976,0.3303418049009788,-3.1405503216809305,-2.070744257824605,0.1416265099338535,0.662691392894374,-0.19617845214240462,0.14470881782988482,0.14075064778377044,0.9123205742518813,0.9055060748025132,-0.13801726454579272,-0.14331777469929508,4,FREE
1.7000000000000013,9.861999999999963,0.3,0.0,0.17300365221346356,0.00034190323228639575,0.1503844139808961,0.3340931052409855,0.31804950045482727,-2.1484030192500034,-0.9927177141697698,0.139763034965881,-0.40670730462140353,-0.18559722248184762,0.1410284891437112,0.13862746460398373,0.875611281806947,0.8689280483205921,-0.1685954282228149,-0.1792716433996032,4,FREE
1.7100000000000013,9.871999999999966,0.3,0.0,0.17436630850812196,0.00034524899277589246,0.15031273307824067,0.3194341108424091,0.3183525571582518,-1.5116658166064398,0.21177628228392445,0.13799407759132903,0.09788129023853713,-0.1656841886112542,0.13921633538892617,0.13600910254797519,0.8438686578591952,0.8385901925718987,-0.1298325178870587,-0.12579552395337204,4,FREE
1.7200000000000013,9.88199999999997,0.3,0.0,0.17572258643487515,0.000348550125879709,0.15024161701579206,0.3176261181100929,0.3255749257075356,-0.19339254411640405,0.8260512404828396,0.1367405537037563,0.43657922708142594,-0.1185120306562604,0.1368165839422898,0.13567241884754871,0.8327062952654574,0.8288476620520666,-0.1130927721758259,-0.11312274547459462,4,FREE
1.7300000000000013,9.891999999999973,0.3,0.0,0.17709456561239814,0.00035184198207330363,0.15016989281593793,0.32371518284768064,0.3340144119422759,0.4648697842311987,0.8421626550169107,0.13543146831527889,0.32542901890611836,-0.1361736394423955,0.13554544190310658,0.13765336221715405,0.85573472509116,0.8505753041126142,-0.03613167613690163,-0.049143613033158756,4,FREE
1.7400000000000013,9.901999999999976,0.3,0.0,0.17850543805875219,0.000355177938838714,0.1500962769891962,0.33257627420193114,0.3376857706131811,1.3254214728091478,0.2557743104854366,0.13378227681739302,0.6898367023594778,-0.1703936558197524,0.13684431358641186,0.1419690373403845,0.8927606127382844,0.8865971856371127,-0.04752109688690679,-0.05654094596140354,4,FREE
1.7500000000000013,9.91199999999998,0.3,0.0,0.17996402718096516,0.0003585877818578457,0.15002018459118405,0.33736057138694986,0.334316450728955,-0.08333493562720229,-0.5767193984029692,0.13206899978780728,-0.6291502686532232,-0.16846902867681962,0.14150472946003803,0.14723807738041045,0.9484536423397631,0.942631270036064,0.007008872413143469,0.002813928670457649,4,FREE
1.7600000000000013,9.921999999999983,0.3,0.0,0.18149187482301996,0.0003621288732313446,0.14994048021680317,0.33602382936830777,0.3183222257695647,0.39214343269678126,-1.8336483722288694,0.13071644465733015,0.06572566806125518,-0.12194748907632794,0.1455124178123707,0.15414223176671196,1.0111413701202958,1.0073758308436769,-0.010874957001328104,-0.006378428932440698,4,FREE
1.7700000000000014,9.931999999999986,0.3,0.0,0.18308783225823558,0.0003657857900182614,0.14985711994895842,0.3224589113679937,0.28997217565334343,-1.7475644722481884,-3.093028372431922,0.12950499201852328,-0.4505264093658401,-0.12403616933423826,0.15267275376284228,0.16104042834394114,1.0774803174817922,1.072953136383793,-0.00047914331119606676,-0.009132780147885055,4,FREE
1.7800000000000014,9.94199999999999,0.3,0.0,0.18474648848974357,0.00036954082143285155,0.1497703347663224,0.29665620125585507,0.2506110379095727,-2.3538294965954853,-4.082458525057862,0.12814918067409783,0.0015056973823552296,-0.1360828132572479,0.15956239445957104,0.1668705363427358,1.1200719425561962,1.115349963937726,-0.08410270740096923,-0.08777538993878978,4,FREE
1.7900000000000014,9.951999999999993,0.3,0.0,0.18643610599637345,0.00037332846910370404,0.14968169326459882,0.2587567488956993,0.20837807463897612,-4.588706394554473,-4.332513655415798,0.12683218324163012,0.10394050645337839,-0.1321752563894856,0.1660398439964144,0.16981065003821386,1.1488797709653067,1.1441393617609847,-0.03671149681803729,-0.04377599425570343,4,FREE
1.8000000000000014,9.961999999999996,0.3,0.0,0.18814505413219212,0.00037711534968038255,0.14959188832114836,0.2173233377687003,0.1661932096223457,-4.185723083997643,-4.02091366429219,0.125346822980894,-0.6091705456654282,-0.15435806555228312,0.1684233187929433,0.1705465501797943,1.1333687147384448,1.1276452831432928,-0.14012587783459235,-0.15145491201844064,4,FREE
1.8100000000000014,9.972,0.3,0.0,0.18982929136194182,0.0003808098076364573,0.14950317096638935,0.173841108318319,0.1353728285409463,-3.862248141988992,-2.836171067732566,0.12383020291734553,0.14675092947283008,-0.15038446721395832,0.17084301444406766,0.16787650976139917,1.0925932510666467,1.087634825978538,-0.1636492516162918,-0.16236808674029407,4,FREE
1.8200000000000014,9.982000000000003,0.3,0.0,0.1914849307072614,0.00038441279682774256,0.1494159678841814,0.1405444735295758,0.11684993983123569,-2.889961164539354,-1.6129611132776271,0.12264184835585627,-0.9114986282658383,-0.1123534948041728,0.16824070544196362,0.1650338839716014,1.0537342406859767,1.049942841776855,-0.15421841195602715,-0.1564950554351635,4,FREE
1.8300000000000014,9.992000000000006,0.3,0.0,0.193118013007463,0.000387930111052196,0.1493300973357632,0.11962810730756056,0.10901715720451004,-2.555272042315505,-0.6027924252058409,0.12158246774435215,-0.7533712741967288,-0.10658729528324662,0.16582724804508606,0.16300125942250676,1.025768913317343,1.0219631082369025,-0.13589800652120934,-0.14177396685368746,4,FREE
1.8400000000000014,10.00200000000001,0.3,0.0,0.1947448222876617,0.00039139637741097196,0.1492447770213602,0.10988401875438047,0.10763903222707133,-1.4952738490116875,-0.07462451746100536,0.1205065374543345,-0.18798041894431758,-0.10659644589377831,0.16397889578404093,0.16282573340341,1.0203260262130638,1.0165996300782079,-0.1040988974829394,-0.10797361894919577,4,FREE
1.8500000000000014,10.012000000000013,0.3,0.0,0.19637910497700042,0.00039484817005612706,0.14915923157829003,0.10766271462053542,0.1091548809429677,-0.4018012772832175,0.2246413122697282,0.11955224352074996,-1.2436247934392197,-0.09120210092688077,0.16288418047584083,0.16353561669928013,1.0226675519773796,1.019458254537996,-0.08108872775605125,-0.08537209087734784,4,FREE
1.8600000000000014,10.022000000000016,0.3,0.0,0.19803365060453826,0.00039831366466346133,0.14907273782472055,0.10872746132321384,0.11025696088156628,0.10971632283557309,0.052379880209350645,0.11872356585046567,0.03601697682509089,-0.07645478391871055,0.16372293767570556,0.16606801206570582,1.0464135263684549,1.0443550671001833,-0.05169052398087585,-0.042254493350853385,4,FREE
1.8700000000000014,10.03200000000002,0.3,0.0,0.19973127230037005,0.0004018519095939306,0.14898409516691855,0.11040843063564702,0.10504080635539273,0.46045483173901064,-0.6904199982033064,0.11834485701142754,-0.11478196077539468,-0.03674645859368709,0.16557092199512458,0.170804292233236,1.0913844561275878,1.0900697128291814,-0.029706673043024694,-0.03304022940681539,4,FREE
1.8800000000000014,10.042000000000023,0.3,0.0,0.2014893864444462,0.0004054835952129259,0.1488923365365481,0.10678018220159906,0.08898886774293582,-1.6608455666183783,-1.8832126296370018,0.11783928098697737,-0.39820716837745196,-0.055233393556874025,0.16991423793551005,0.1772725842090813,1.1579074513179952,1.1557680688425676,0.0020785931555499172,-0.003952222145714175,4,FREE
1.8900000000000015,10.052000000000026,0.3,0.0,0.2033141010859283,0.00040922575123147437,0.14879703209561834,0.09331292403554055,0.060491123806142834,-1.9267352277300784,-3.1386495772866616,0.11711185861462756,0.29952422406074336,-0.07817517192416588,0.17555633995086822,0.18396772723794863,1.2112460217935423,1.2085169252635892,-0.08044602208724114,-0.0820661920451497,4,FREE
1.9000000000000015,10.06200000000003,0.3,0.0,0.20517262854377744,0.00041301890983955696,0.14869967379000457,0.0668135812631519,0.02798552764594809,-2.78376262416086,-3.2872359519381598,0.11636597821475479,-0.010642498917701164,-0.07501933187655155,0.1828049517299126,0.18636506944192024,1.2297748835900983,1.226938517045864,-0.06729394270042645,-0.07415206816171348,4,FREE
1.9100000000000015,10.072000000000033,0.3,0.0,0.2070529884274812,0.0004168313237668883,0.1486009920596304,0.034675577560911996,-0.005498745087225834,-3.51292695839708,-3.2921314455579003,0.1154539698541286,0.3647869008982282,-0.09446078844839767,0.18555367599145842,0.1881781196696608,1.2350746741729428,1.2315717675361366,-0.11228991202400856,-0.11901321440510917,4,FREE
1.9200000000000015,10.082000000000036,0.3,0.0,0.2089302180926226,0.0004206208549078957,0.14850230417884985,0.000916471085162786,-0.033568039567164136,-3.820370073376868,-2.6486478220989818,0.11464538272782121,-0.30327996166578847,-0.07047654110139523,0.18746291608726778,0.18746059056633713,1.2149853062212033,1.2128904477880718,-0.1411765749011091,-0.13669468820015027,4,FREE
1.9300000000000015,10.09200000000004,0.3,0.0,0.2107964423030164,0.00042436820814290824,0.14840416972546266,-0.028585992700858123,-0.0542473273535882,-2.5060815470469877,-1.9449482758856456,0.11398964899082159,-0.9336588269224594,-0.06755659750515791,0.18761624293544515,0.18648795798987297,1.1946143858247322,1.1923143835211711,-0.15277019776511996,-0.15402805804184444,4,FREE
1.9400000000000015,10.102000000000043,0.3,0.0,0.2126455922992772,0.00042806030680580463,0.1483069686741244,-0.050761940209209655,-0.06601025663342713,-1.5420878421155466,-1.0005684706513298,0.113411916400728,-1.2943628078914637,-0.054190526634125914,0.1870827505460239,0.18457168170530755,1.1684176036410323,1.1667460849910378,-0.13436552587098632,-0.13212506750619823,4,FREE
1.9500000000000015,10.112000000000046,0.3,0.0,0.21448384166052215,0.00043171395805235345,0.14821046435287227,-0.06428181982239274,-0.07048359647721388,-1.5890977487716853,-0.305404149787961,0.11302010134828464,-0.23458461833426458,-0.038007670624564435,0.18589899535858104,0.18360976426192888,1.1498381952209518,1.1485289681979989,-0.13487066715914353,-0.1364610346729866,4,FREE
1.9600000000000015,10.12200000000005,0.3,0.0,0.21632772968527958,0.0004353589971804768,0.14811386367192828,-0.07015931070308272,-0.07196185368157113,0.34147600010802037,-0.21229983838567143,0.11266496201697092,-0.25797570363397754,-0.034361754607211914,0.1834614379024696,0.1849696781764157,1.1660963832377786,1.1649370125862963,-0.07089262215205364,-0.07156818889860031,4,FREE
1.9700000000000015,10.132000000000053,0.3,0.0,0.2181942480478927,0.00043902265925809615,0.14801622135141065,-0.07140709058430786,-0.07484515218190668,-0.6564932787327273,-0.21955300800617714,0.11207439059983601,0.4034958060759122,-0.06936978625158657,0.18397092736154438,0.18671822372221342,1.1862221408253129,1.1837036882083227,-0.0100467580065138,-0.013060013585678092,4,FREE
1.9800000000000015,10.142000000000056,0.3,0.0,0.22011286351071702,0.0004427697904451768,0.14791603765478267,-0.07389142234862009,-0.08677160489131067,-0.2205998243179187,-1.4117447157535516,0.11135416039092662,-0.6489509422581555,-0.07354663849380676,0.1860974971500316,0.19303652823521977,1.2434087133870482,1.240631769101756,-0.03929324603800711,-0.04557596873286004,4,FREE
1.9900000000000015,10.15200000000006,0.3,0.0,0.2220854502337766,0.00044660345390321987,0.1478130073913051,-0.08362801209413137,-0.10824285245519667,-1.9902185105407302,-2.3701784832427477,0.11058450149244332,0.12897949497242497,-0.07276857597579585,0.192383323841446,0.1984425397298575,1.297406639340584,1.2950430423115127,-0.018886062818794368,-0.01760135792792026,4,FREE
2.0000000000000013,10.162000000000063,0.3,0.0,0.22411664328052394,0.0004505370935597655,0.14770683498904463,-0.10302355999806154,-0.14050256544178802,-1.8874057774123898,-3.4141439400312845,0.11002431098851344,0.0827118354177028,-0.052373123215667575,0.19707221597215874,0.2041582495915935,1.3490371206024734,1.3473338695484907,-0.034717238301298976,-0.03454468261711934,4,FREE
2.0100000000000002,10.172000000000066,0.3,0.0,0.22619813342379613,0.000454534540380031,0.14759788709229668,-0.13329602383739983,-0.1814640235601682,-3.3416205328233652,-4.2961344242612025,0.10920903789527622,-0.462642914476955,-0.09335737866052425,0.2034895144127399,0.20921902550477897,1.3906786965696087,1.387228757968471,-0.0784009320296316,-0.08403632591991354,4,FREE
2.019999999999999,10.18200000000007,0.3,0.0,0.22830801416815144,0.0004585574775363241,0.1474872328828308,-0.17278706324386442,-0.2255380719728946,-4.169967744761436,-4.410216642377405,0.10819265690485147,0.3972115440649068,-0.10326059132018522,0.20827948110261466,0.21128038471689378,1.4009119847259237,1.3971281564468365,-0.11004258511303393,-0.11642977283818241,4,FREE
2.029999999999998,10.192000000000073,0.3,0.0,0.23042018338849007,0.0004625565998347452,0.14737624689097628,-0.21683341749763546,-0.2660597987507261,-4.389224129336561,-3.9090597470762303,0.10713095036715206,-0.7044986414722407,-0.10359965155617396,0.21101206997256888,0.21092968458758937,1.3847064603597663,1.3811508895443207,-0.14605479708474892,-0.14803974289884395,4,FREE
2.039999999999997,10.202000000000076,0.3,0.0,0.23251001711186212,0.0004664868786460472,0.14726628014065837,-0.2585694837569686,-0.2967412059806698,-4.798332150779054,-2.8113213962390846,0.10620046703767347,0.255021226006369,-0.09023398473010924,0.21140033115799278,0.20824425673716124,1.343936209066795,1.3408520120069027,-0.17538169263610845,-0.1774153346177573,4,FREE
2.049999999999996,10.21200000000008,0.3,0.0,0.2345732774993663,0.00047032790936631314,0.14715774642276566,-0.29163068901913936,-0.31655612025137464,-2.7351964465076337,-1.8250838034013181,0.10514945375571491,-0.4646450240398434,-0.11132093107147058,0.20948671300123212,0.2059658887702102,1.3104932753242085,1.306460730801315,-0.19111150756495418,-0.19713348638236547,4,FREE
2.0599999999999947,10.222000000000083,0.3,0.0,0.23660302235524253,0.00047407207723848674,0.14705104349166442,-0.3135275453874439,-0.3237492562227827,-2.1036305558725528,-0.49980802085950704,0.10405798205007148,0.4962394867205956,-0.10497651680519335,0.2054319842532415,0.20236721727143114,1.2740007781392022,1.2707375654544093,-0.12576615139928823,-0.12088147101521074,4,FREE
2.0699999999999936,10.232000000000086,0.3,0.0,0.23862892295494906,0.00047778775957332484,0.14694483977750294,-0.3229143015860937,-0.32602612188266633,0.09768440632760149,-0.18291249600593892,0.10337393475972778,-0.8201711823592154,-0.06207402096517004,0.2020388036475443,0.20265650938824045,1.2721733124921486,1.2702347385375374,-0.10973854536051511,-0.1084678859249612,4,FREE
2.0799999999999925,10.24200000000009,0.3,0.0,0.24067106929624513,0.0004815005818436887,0.1468380246156325,-0.325730617599306,-0.3285902827527407,-0.06119432161391442,-0.32826684752081314,0.10285569588218826,-1.080851360060152,-0.05138426702887022,0.20172187610116438,0.2047304880324157,1.292730254237683,1.2909605382833134,-0.07501825967952831,-0.07698897650719154,4,FREE
2.0899999999999914,10.252000000000093,0.3,0.0,0.24275735100107487,0.0004852656710446945,0.14672910251159973,-0.32778912895475826,-0.3386673009325708,0.01956645171800104,-1.2125909537907467,0.10246418152530588,-0.5969278577068567,-0.03728736529251365,0.2037666208709188,0.20965426358192293,1.3444997411485737,1.3436382214186453,-0.04188680141848169,-0.0345097275454803,4,FREE
2.0999999999999903,10.262000000000096,0.3,0.0,0.2448992014905667,0.000489119310414315,0.14661730531756947,-0.33585122907898807,-0.35923252442988374,-1.5492134689002133,-2.2928114246143214,0.10247886174967029,1.0775883227223189,0.010324183834837493,0.2091052427472016,0.2153247025136107,1.402820875476503,1.403541278836326,-0.010126091016665669,-0.0041108390145089165,4,FREE
2.109999999999989,10.2720000000001,0.3,0.0,0.2471072119921592,0.0004930769994034484,0.14650200104619396,-0.35405259253982574,-0.39306865573755745,-1.492437410791719,-3.6146533126777567,0.10266902416329025,-0.24402413251132093,0.014269624980157507,0.21362471293885965,0.22190738322176434,1.4641017300666204,1.4643431418379629,-0.03074811564695224,-0.0361993474831304,4,FREE
2.119999999999988,10.282000000000103,0.3,0.0,0.2493620935048977,0.0004970993822017639,0.1463839993519543,-0.385409184396553,-0.43524547943600195,-3.317090041179263,-4.303803401035293,0.10258723092029591,-0.015396879494065556,-0.011737289977459882,0.22075739596514946,0.2260175030663172,1.4964842323186305,1.4958952729587833,-0.0723543478292794,-0.07581979669580975,4,FREE
2.129999999999987,10.292000000000106,0.3,0.0,0.25164037942107,0.0005011547372423205,0.14626450210448327,-0.42646357690530506,-0.47977537812294707,-4.445439828679167,-4.517868897591325,0.10230164984864445,-0.04622400603215027,-0.03280647769747705,0.22570303093645278,0.2282564766470827,1.5048776375880621,1.5036010956600225,-0.1415061113051161,-0.1443769432821575,4,FREE
2.139999999999986,10.30200000000011,0.3,0.0,0.2539120761688653,0.0005051908118050363,0.14614507901448456,-0.4710016519688947,-0.5189859918205489,-4.796760195060071,-3.7408575986884203,0.1018488224694861,-0.5026749113521368,-0.05034103121712016,0.22750062264031298,0.2266346457126994,1.4754965882158755,1.4732571177179756,-0.17693903782209422,-0.18778379345315907,4,FREE
2.149999999999985,10.312000000000113,0.3,0.0,0.2561525312694305,0.0005091539179941616,0.14602714214201404,-0.5120149931983465,-0.5465813843210614,-3.7412853773909958,-2.530247567160746,0.10105381628419415,0.08444043268822803,-0.0817584681064568,0.22718652215072405,0.22330884007621973,1.434806569856268,1.4318280002983248,-0.17067762391577057,-0.17473861792506873,4,FREE
2.1599999999999837,10.322000000000116,0.3,0.0,0.2583619681478317,0.0005130563409685306,0.14591090507736623,-0.5419652366728661,-0.5626841466778058,-3.2725241363082733,-1.3722629139278208,0.10032815350416376,-0.5466919851699907,-0.0670795955926311,0.22412132497947235,0.22016677578735303,1.393670612304854,1.3914975308171504,-0.17855754004187657,-0.17747195755196293,4,FREE
2.1699999999999826,10.33200000000012,0.3,0.0,0.26054018744301116,0.000516891040629945,0.145796445918315,-0.5604144680753896,-0.5672784012970186,-1.0381082284874124,-0.22100074080170667,0.09974143234508215,-0.5858761247642948,-0.059194721133296366,0.22154268156527537,0.21704177168172697,1.3562978323520112,1.3544961891881087,-0.1614026297186325,-0.15800803784666473,4,FREE
2.1799999999999815,10.342000000000123,0.3,0.0,0.2626997127775988,0.000520680259051587,0.14568318940618197,-0.5671917454713865,-0.563619432503411,-1.3763968334913472,0.46136381934504306,0.09938545866447396,0.2243337988029035,-0.03143002788098498,0.2174059202156599,0.21572562726289768,1.3449017820302411,1.3438732975724115,-0.09562694212275503,-0.0962460443020539,4,FREE
2.1899999999999804,10.352000000000126,0.3,0.0,0.2648752492141402,0.0005244764413108534,0.14556941647782226,-0.56448635039549,-0.5606878368193107,-0.25065824386269786,0.22790611299302818,0.0990972213147659,-0.43661544042504774,-0.02866626207391068,0.21495372534586019,0.2179484412834739,1.3655672004049249,1.3645702597089877,-0.08100668012521203,-0.08228210941553424,4,FREE
2.1999999999999793,10.36200000000013,0.3,0.0,0.26708471505132325,0.0005283170109539878,0.1454540367526139,-0.5609942041063559,-0.5631114014747778,-0.5527120700651924,-0.4027280227723445,0.09893858910560517,-0.6387942705783654,-0.009434221059645162,0.21716305886247922,0.22170711555374395,1.4038603023483363,1.4037956075818667,-0.05727192217085967,-0.0529466574941175,4,FREE
2.209999999999978,10.372000000000133,0.3,0.0,0.26933921399562655,0.0005322211121470372,0.14533631812084172,-0.5619844703088317,-0.5737655923669602,-0.14458465208074903,-1.2476531295286004,0.09886462154011945,0.9061779260091867,-0.010097433725225471,0.2206977176090922,0.22628957226467927,1.445760926136818,1.4455921144664932,-0.07101522761238784,-0.06760513336046763,4,FREE
2.219999999999977,10.382000000000136,0.3,0.0,0.27163549915009755,0.0005361894158799538,0.14521629296661484,-0.5710381741235401,-0.5918279316098609,-0.5473528931444159,-1.9848357401465326,0.09889094124949946,-0.21375364079170028,0.003849159358645763,0.22582901166818414,0.2304453758796303,1.4913880961869643,1.4914172361565667,-0.0196601574092056,-0.02225626467005812,4,FREE
2.229999999999976,10.39200000000014,0.3,0.0,0.2739876165833736,0.000540241329598958,0.14509329933957027,-0.5873129932653665,-0.6209744303432905,-1.23231477629445,-3.079307650435893,0.09879753656974842,-0.10853971365435192,-0.01252074953408583,0.22852188433534493,0.23596133378113948,1.5397899477100823,1.5391977747191958,-0.061942233239837975,-0.06520596343958254,4,FREE
2.239999999999975,10.402000000000143,0.3,0.0,0.27636851081617525,0.0005443393170953611,0.14496853056054448,-0.6145398285586946,-0.6542533994567521,-2.427852719902467,-3.3139555417083377,0.09867927954400775,-0.5526962059547491,-0.007844633594733847,0.23497512619292113,0.238133800277875,1.550300536119392,1.55016093017074,-0.11240624105980414,-0.11002144516408689,4,FREE
2.249999999999974,10.412000000000146,0.3,0.0,0.27876696928801953,0.0005484565890458311,0.1448426895305854,-0.6476520670044145,-0.6888360215607322,-3.0606924761899803,-3.5399373285726727,0.09838501655611305,-0.37902786438013253,-0.04088977152031772,0.23772590642920566,0.24024260792019864,1.5665348820393028,1.5652813099309966,-0.12429997312580905,-0.12054741814649779,4,FREE
2.2599999999999727,10.42200000000015,0.3,0.0,0.28117126228024536,0.0005525861027707624,0.14471642938703896,-0.6818491014399083,-0.7217578095151229,-3.3146413330834528,-3.2037830031121657,0.09818306024099403,0.2097730006404585,-0.016504694204444753,0.23911013342580864,0.24015461363814766,1.5547829648643672,1.5542069705085728,-0.15568501971429616,-0.1566353696111964,4,FREE
2.2699999999999716,10.432000000000153,0.3,0.0,0.28356001856676316,0.0005566836659519371,0.14459087366214593,-0.7156554815042182,-0.747555564326822,-2.8772490618535755,-2.4175173193306105,0.0980113740752556,-0.34927117466693475,-0.016853034762424786,0.2403698378270826,0.23830410838419278,1.5285497626706526,1.527963601029839,-0.16003284686658098,-0.160684971923226,4,FREE
2.2799999999999705,10.442000000000156,0.3,0.0,0.28593031686249754,0.0005607287302725173,0.14446632336679752,-0.743048914011172,-0.7655321068782683,-2.7492984508283196,-1.6517435665906024,0.09753231860950969,-0.7386220303142966,-0.06330274205322324,0.23872781434019097,0.2365136054400553,1.5057993243511998,1.502918483883865,-0.14784608627794293,-0.1621907664952258,4,FREE
2.2899999999999694,10.45200000000016,0.3,0.0,0.28827996435202957,0.0005647223785986751,0.14434293408894225,-0.7625190718503683,-0.7751586656458171,-2.4328115519695226,-0.76492068558993,0.09679064753050592,0.15006337139486958,-0.07591662716954437,0.23652288091482349,0.23424481938355157,1.476610144742188,1.4743232280198029,-0.1514501461855259,-0.14523187749046537,4,FREE
2.2999999999999683,10.462000000000163,0.3,0.0,0.2906148439345167,0.0005686930962925815,0.1442204582478085,-0.7738743024446096,-0.7779812667768071,-1.0495956846598204,-0.1646918391854054,0.09640644506675018,-0.40232655789355,-0.03162144390402789,0.23471120522289182,0.23307646339432853,1.4588289151693223,1.4578331345824405,-0.14481712544404607,-0.14478283245784324,4,FREE
2.309999999999967,10.472000000000167,0.3,0.0,0.29294492709786474,0.0005726379088567511,0.14409838635744307,-0.7778728781028332,-0.7765879908771952,-0.11060049052542335,0.15800284088322536,0.09611581730162594,-1.017075515082956,-0.030233228035992505,0.23331808148176164,0.23297907286820982,1.4578505756701297,1.4567287521392602,-0.10776484839539796,-0.11052622995326825,4,FREE
2.319999999999966,10.48200000000017,0.3,0.0,0.2952971225794781,0.0005765945696194728,0.14397538668363988,-0.7768948917605774,-0.7779446501894713,0.3933060754848276,-0.2779148595351531,0.0956893940446879,0.5919619194519341,-0.04715251792354009,0.23274828159106692,0.23581016601791732,1.4900994784244188,1.4882439643322976,-0.06371961027681543,-0.06914601925585863,4,FREE
2.329999999999965,10.492000000000173,0.3,0.0,0.29768016120892754,0.000580564863845189,0.14385082712491282,-0.7771033597264521,-0.7843082795721957,0.06150324194853392,-0.6661173201035443,0.09479446901946062,0.4367755947197037,-0.10296034182594535,0.23464690070636784,0.23845661121301726,1.5179390618453332,1.51392808304213,-0.03767159963609209,-0.04752003001090296,4,FREE
2.339999999999964,10.502000000000177,0.3,0.0,0.30010970864657177,0.0005845791801261855,0.1437238874681049,-0.782536704378623,-0.7997487167658051,-0.8206947063297714,-1.7625900059590955,0.0935498578392887,0.2622717151124534,-0.12798194642587213,0.23732939783411308,0.2438270264433565,1.5714350484245525,1.5668142001391843,-0.04141332125129959,-0.04726675230318574,4,FREE
2.349999999999963,10.51200000000018,0.3,0.0,0.30259335292287065,0.0005886504606451357,0.1435940799536532,-0.795791847814925,-0.826258534153694,-1.4876032272990203,-2.8828612508907874,0.09224127595350703,0.35655802015376215,-0.13163699462075326,0.24272123983615962,0.24927372458548336,1.6263142203994794,1.6215835638534004,-0.035287221686464386,-0.04180965083300019,4,FREE
2.3599999999999617,10.522000000000183,0.3,0.0,0.3051090517699496,0.0005927340925064372,0.1434623126135833,-0.8200197735071809,-0.8581791523000717,-3.0692720261992665,-3.1098361463793136,0.09096214658632397,-0.2764652530705167,-0.12459576432701748,0.24771183850416234,0.2512502854733629,1.6281650298988746,1.623867611221776,-0.1366049923079675,-0.1396915455435714,4,FREE
2.3699999999999606,10.532000000000187,0.3,0.0,0.30761929558391415,0.0005967711861261844,0.14333048607688154,-0.8521233886300921,-0.8858666657988381,-3.4992938804315012,-2.700049529244962,0.08994117866786146,-0.31455512904306054,-0.09572955536267809,0.2525621611105192,0.2507425429337268,1.6139713578523043,1.6109024229886466,-0.15955187673335045,-0.15799956898283055,4,FREE
2.3799999999999595,10.54200000000019,0.3,0.0,0.31011493106911675,0.0006007491783039462,0.14319929640110107,-0.8807594680884409,-0.9070154515776494,-3.197125819954274,-1.9683478537314398,0.08930091854411286,-0.3476186595489205,-0.0533329310356587,0.2519901079663172,0.24897152114743154,1.5887322041926906,1.5875623348056715,-0.16502767477084787,-0.15410677223346544,4,FREE
2.3899999999999584,10.552000000000193,0.3,0.0,0.31259066780485767,0.0006046733043520034,0.14306916618135307,-0.9033735990724155,-0.9203038340109805,-1.4096703622533058,-1.1477278739743244,0.08928391475727204,0.39923724650323295,0.007378780689194501,0.24846938796245288,0.24684266011007358,1.5581399880326108,1.5587929546074644,-0.17598775974182773,-0.1700630300463713,4,FREE
2.3999999999999573,10.562000000000197,0.3,0.0,0.3150484416001542,0.0006085364289502044,0.1429401077774032,-0.9183871276177491,-0.9262639687369703,-1.3558202997539968,-0.5094735577216005,0.08946051215198703,0.7219162028374183,0.01614010954167196,0.24787341604942528,0.24540917832515488,1.5425894448191275,1.5431486505545464,-0.14089872848643312,-0.14147217431811696,4,FREE
2.409999999999956,10.5720000000002,0.3,0.0,0.3175022941764965,0.0006123627620528038,0.142811458305713,-0.9254171328748645,-0.9285454787422703,-0.012241917927961712,-0.13863449924316257,0.08947253685232896,-0.23721100266646006,-0.0008362598231182653,0.24622385027677582,0.24500504063344258,1.5388732803975067,1.538360683714128,-0.10298803653723596,-0.11304754409900511,4,FREE
2.419999999999955,10.582000000000203,0.3,0.0,0.31996823853489736,0.0006161811529214617,0.14268238283941828,-0.9282259890252039,-0.9312991707358466,-0.481520463215208,-0.3309538967002265,0.0890812537354666,0.21950958994923553,-0.04531776985425407,0.24565960070844833,0.246772212624313,1.5580145377299914,1.556350055475611,-0.08075397798390828,-0.08245536526857646,4,FREE
2.429999999999954,10.592000000000207,0.3,0.0,0.32246387424053036,0.000620041021346258,0.1425519041320109,-0.9304234797099714,-0.9390853471727709,-0.5024680224569719,-0.8985341541112576,0.08863435794646289,0.8106414075135852,-0.044588334140045205,0.2463420406108856,0.2499845577225637,1.5891255259836696,1.5875262626628681,-0.07581521308178057,-0.0777566597366976,4,FREE
2.439999999999953,10.60200000000021,0.3,0.0,0.3250005665574324,0.0006239442943434203,0.14241933650770652,-0.9370414366731155,-0.9548598972606966,-0.9619916631460992,-1.793398184097179,0.08791104272943993,0.06162607487530724,-0.08597384916867268,0.24922524462726667,0.25445094384778816,1.6381577575822175,1.6345394571149041,-0.041234645594421714,-0.05521267582139002,4,FREE
2.4499999999999518,10.612000000000213,0.3,0.0,0.32757707524227975,0.0006278949424372701,0.14228458375084962,-0.9508397037452074,-0.9783296210994936,-2.215325996818184,-2.4712208742603394,0.08706535623157532,0.22503146763874282,-0.07892812419915421,0.2536154154929959,0.25806490220441725,1.6659560850123414,1.6631921834490866,-0.09251643406050557,-0.0951744235173428,4,FREE
2.4599999999999507,10.622000000000217,0.3,0.0,0.3301775499134744,0.0006318671272265057,0.14214836366237196,-0.9732436942174926,-1.0054377999946997,-2.2194048496939844,-2.7504866622661894,0.08633019948187012,0.9376739416826532,-0.07091293520181334,0.25762354317044006,0.2601197842525417,1.6797637630132431,1.6774386745163699,-0.11991758026891361,-0.11934582023493553,4,FREE
2.4699999999999496,10.63200000000022,0.3,0.0,0.33278755491496775,0.0006358345817950458,0.14201145275018037,-0.9999555525272313,-1.032504821630837,-2.2049785173993577,-2.692537579977172,0.08577291873872704,-0.22749436227065964,-0.052229645108125174,0.26023055186398725,0.2608503810637195,1.6825240670947033,1.680818979022465,-0.1219440491403935,-0.12189500779481416,4,FREE
2.4799999999999485,10.642000000000223,0.3,0.0,0.3353936773386989,0.0006397691530577572,0.14187460119882672,-1.0271494079470322,-1.0561161526653158,-2.3840103087204385,-2.210032526631,0.08529600241370539,-0.1800931928922895,-0.0478861284593484,0.2606748227489008,0.25992178595872917,1.6620353738877236,1.6603398799873341,-0.16351022202880466,-0.16590366761149572,4,FREE
2.4899999999999474,10.652000000000227,0.3,0.0,0.33798214028931955,0.000643643464827511,0.1417386098759369,-1.0519973372931146,-1.0727573076738621,-1.8908650769644888,-1.5192863959226572,0.0847230255672177,0.16403700244149505,-0.061997781000995886,0.2609794870993152,0.2581723610782299,1.641800998684545,1.6397553778333243,-0.14507458957385783,-0.1440523391946396,4,FREE
2.4999999999999463,10.66200000000023,0.3,0.0,0.3405603328624254,0.0006474817212778284,0.1416032678739214,-1.069887782698467,-1.0843807759134405,-1.703409640413902,-1.0647309658292263,0.0842726404212716,0.6109740749856309,-0.04060098655305714,0.2586534105757662,0.25732241085576585,1.6267412588621455,1.6255137901589323,-0.1565776578641545,-0.15450922542480028,4,FREE
2.509999999999945,10.672000000000233,0.3,0.0,0.34312658499315607,0.0006512866005239209,0.1414686382603075,-1.0824879567339962,-1.090577650490174,-1.4441579713945754,-0.519919708751397,0.08406991054678227,0.07858342000680796,-0.013965915914450176,0.257598205104141,0.2561177203094927,1.61013550120206,1.6099381049434132,-0.15073831357982637,-0.1462744306920305,4,FREE
2.519999999999944,10.682000000000237,0.3,0.0,0.34569132935034996,0.0006550683334643593,0.14133424086147395,-1.089727713332129,-1.094064300346236,-0.9548193785906162,-0.35794949150582045,0.08396037038179568,-0.3745231392238937,-0.015432699356943577,0.25675807597440453,0.2563860968653722,1.6140034980861153,1.613301848742566,-0.11413603191115164,-0.11822886107366835,4,FREE
2.529999999999943,10.69200000000024,0.3,0.0,0.3482708088927352,0.0006588513207149039,0.14119923252142308,-1.093328993679315,-1.0990529382061451,-0.4268259957895851,-0.5423701076000939,0.08376920309041962,0.40060032919947464,-0.020107596566193826,0.2563459444687623,0.2579884228416567,1.629012964751567,1.628464825671604,-0.10666785703422037,-0.1039518378983585,4,FREE
2.539999999999942,10.702000000000243,0.3,0.0,0.35086858136030874,0.0006626553260618614,0.14106330605589829,-1.0978773015559737,-1.1064717200721217,-0.6095874779115338,-0.7988858882977982,0.08369858623639384,0.12052454553381792,-0.005238625610610462,0.25705883759638903,0.2598646699359069,1.646467856700601,1.646255263195513,-0.09598116637055928,-0.09725532278625745,4,FREE
2.5499999999999408,10.712000000000247,0.3,0.0,0.35348879553361073,0.0006664859995679623,0.14092619299076475,-1.1047257927952876,-1.1174091041047447,-0.9726890290576299,-1.1665301051649468,0.08368566627784432,0.3646770221431612,0.003507270721157875,0.2590223606718379,0.26216238528659014,1.6670722776096576,1.6674453026987974,-0.09972754606065268,-0.09494592467352606,4,FREE
2.5599999999999397,10.72200000000025,0.3,0.0,0.3561341850722173,0.0006703536579450897,0.14078772666363093,-1.1149306061629383,-1.1325947727440548,-0.9273058138264361,-1.6217600712369065,0.08379706289842795,0.8069059362765891,0.00961995113628777,0.2623317935188474,0.26478736714094553,1.6929847913996448,1.693279514289591,-0.08762288663869702,-0.08849656545433268,4,FREE
2.5699999999999386,10.732000000000253,0.3,0.0,0.35880134243397327,0.0006742311246938923,0.1406480311192068,-1.129143702720636,-1.1511762107232213,-1.669250233968152,-1.896049789614945,0.08349821312088537,0.6331844491141132,-0.042109179312665924,0.2642397644162337,0.2667007831631978,1.7092655548354383,1.7072827890889912,-0.09462065371308938,-0.10495938603450884,4,FREE
2.5799999999999375,10.742000000000257,0.3,0.0,0.36148832462668706,0.0006781170653826764,0.1405072352263992,-1.1472493507172026,-1.1726901214462258,-2.2628221315372152,-2.208757930243437,0.0827155870617528,0.43313853882858294,-0.08564129036401488,0.2657891032036784,0.26874532082243363,1.7271305659182246,1.723805510226833,-0.10453163560520912,-0.11231035983234888,4,FREE
2.5899999999999364,10.75200000000026,0.3,0.0,0.364189307132445,0.0006820130992083333,0.14036562892865878,-1.1681897581534968,-1.1956728007578314,-1.9425674308735994,-2.288333696517855,0.08180767371942459,-0.7364601477527289,-0.08580387304735664,0.26899725101217303,0.2698723461947663,1.7324371625866493,1.7296355765420195,-0.12971421212931067,-0.12798013762458899,4,FREE
2.5999999999999353,10.762000000000263,0.3,0.0,0.3668979714478807,0.0006859047799054203,0.14022357163456595,-1.1911410546452519,-1.2185376357468014,-3.025594836449354,-2.3078626923775434,0.0809966303330366,-0.4804110700811831,-0.08484974008390195,0.26927876703050185,0.2707483359394444,1.7403400315058715,1.737181354462418,-0.11221817659819629,-0.11883567515510808,4,FREE
2.609999999999934,10.772000000000267,0.3,0.0,0.3696115320695905,0.0006897827407248125,0.1400812332613433,-1.2138774692660306,-1.2406117998257267,-1.4666056018603812,-2.2083235148867186,0.08034102225555832,-0.6669259859424274,-0.05868538236511726,0.27036531887470466,0.27114664455676274,1.731344004654925,1.7296702541131552,-0.18337336245688882,-0.17827183915055964,4,FREE
2.619999999999933,10.78200000000027,0.3,0.0,0.3723073134769768,0.0006936169552603435,0.13993969053523075,-1.2365660744807898,-1.256069099186519,-1.7277291546943279,-1.4128509351277443,0.08002930126607181,0.7892134354971608,-0.027476049568736654,0.2710407847413469,0.26884551751482205,1.7079045967153255,1.7068730057427621,-0.1382229434475373,-0.1419347764967863,4,FREE
2.629999999999932,10.792000000000273,0.3,0.0,0.37499322500823196,0.0006974019288090357,0.13979873908520693,-1.253351072547458,-1.2669963873684487,-1.5498221685962341,-0.9685217356511905,0.07970352810368615,-0.33356998424129414,-0.03103218513365437,0.2683771805203442,0.2678872461591163,1.690348839324145,1.6893555101181736,-0.16814389297746132,-0.16761415132524995,4,FREE
2.639999999999931,10.802000000000277,0.3,0.0,0.3776584712448807,0.0007011450090321537,0.1396588664654416,-1.265342893709088,-1.2706195877961466,-1.2741126895420314,-0.20094105598886441,0.07965631459729879,0.1269406011449188,0.006238600837885229,0.26841337538938254,0.2656769395335922,1.6612161018208715,1.661897946502373,-0.17826548360419356,-0.16989049431581607,4,FREE
2.6499999999999297,10.81200000000028,0.3,0.0,0.380319466203149,0.0007048580183811738,0.13951940523801815,-1.2705403028339555,-1.2712016276975426,-0.6330352199461596,-0.068755096979834,0.07962919111167609,-0.2361074410085222,-0.009724877905850016,0.2668686278194644,0.2659153085374813,1.6679470063554884,1.6675068208786676,-0.12543584480929507,-0.1276198884084598,4,FREE
2.6599999999999286,10.822000000000283,0.3,0.0,0.3829900372756153,0.0007085650165691475,0.13937960592895177,-1.2710797863974588,-1.2723211788470996,-0.4806310976211791,-0.1536110058711735,0.07946942930142822,0.35375422285188063,-0.01673690969618751,0.26644396886100674,0.2669917659859218,1.6818263786585324,1.6812499866641009,-0.08804585213284749,-0.0881422036044488,4,FREE
2.6699999999999275,10.832000000000287,0.3,0.0,0.3856893610134809,0.0007123026494430824,0.13923846502890724,-1.2717819857011214,-1.2789448601263889,-0.20483819355745134,-0.8078692355966273,0.07927842627622798,0.16124826894819452,-0.02188597877689396,0.2661332822859866,0.2702618595845596,1.7159823887141428,1.7150570250361055,-0.07493614777190066,-0.07872625373534375,4,FREE
2.6799999999999264,10.84200000000029,0.3,0.0,0.38842125747498196,0.0007160746864636793,0.13909561151344912,-1.2770227814125565,-1.2920701508414674,-0.45377813376756754,-1.4115663927546587,0.07898733826907803,-0.015867356257678458,-0.02924083876181893,0.2700170615318433,0.27332986257885195,1.743622393504804,1.7425643458906461,-0.09316344972632191,-0.0946087582589087,4,FREE
2.6899999999999253,10.852000000000293,0.3,0.0,0.39118421571696377,0.000719875211328401,0.13895104621228305,-1.2890482662198588,-1.311331715215379,-1.525043094224488,-2.076484424331087,0.0785367908844195,-0.07374409881736385,-0.051635641973433635,0.2729381867621268,0.2766201324116033,1.7763317592026,1.7745258007860834,-0.09433797198341996,-0.09506202108023594,4,FREE
2.6999999999999242,10.862000000000297,0.3,0.0,0.3939734611190916,0.0007237027329123424,0.13880496662361425,-1.3069821622099544,-1.335531932927511,-2.3408021787957276,-2.484750395026356,0.07806227947729005,0.013845401638094442,-0.04726095579418427,0.27537187686809783,0.2789026272163352,1.7939849010465707,1.7922152495392392,-0.11969811718992228,-0.12357637662017974,4,FREE
2.709999999999923,10.8720000000003,0.3,0.0,0.3967781335985522,0.0007275384481083472,0.138657936219955,-1.3305355067521494,-1.361909983157936,-2.978038367794638,-2.716831376220625,0.07760076921620122,0.0861089072137348,-0.04145944720318442,0.2786719554984585,0.2804838699802078,1.8111649022339809,1.8099296508045035,-0.09789474374107855,-0.09506631403507591,4,FREE
2.719999999999922,10.882000000000303,0.3,0.0,0.39958731000952297,0.0007313716389709037,0.13851051473800322,-1.3562839598707515,-1.3876928468347367,-2.3285364313701047,-2.412536301007898,0.07732813254510518,0.8840599546990555,-0.025341937201434198,0.27947729195497634,0.2799751836447525,1.7907221406110614,1.789912519756679,-0.17856804593512032,-0.17842216938030986,4,FREE
2.729999999999921,10.892000000000307,0.3,0.0,0.4023721256835385,0.0007351594017692137,0.13836417631086134,-1.3831986474512301,-1.4054627804454038,-2.3357764177511147,-1.6094491847865,0.07720325348432686,-0.7274385485712704,-0.004511975029035731,0.2816305337601809,0.2775239642302494,1.7628773934869053,1.7623159738257075,-0.1589921316178254,-0.16886056785215656,4,FREE
2.73999999999992,10.90200000000031,0.3,0.0,0.4051374208207501,0.0007388881614016778,0.13821892029317567,-1.402478712401604,-1.4165169564477442,-0.9845005166477282,-0.964616185169751,0.07679952868138025,0.10659395507648188,-0.045576401721674674,0.2785038649914116,0.2756710858066557,1.7379064485706766,1.7363184553314954,-0.18268537001972623,-0.18310612431910095,4,FREE
2.7499999999999187,10.912000000000313,0.3,0.0,0.40787823043619714,0.0007425763353040922,0.13807501915110854,-1.4149416342051604,-1.4195932820997383,-1.8105020266241876,-0.16438610976569207,0.07648271868954078,0.16714088254321147,-0.0251936241462702,0.2763697428353734,0.27321403558041546,1.709739433589132,1.7091468041630749,-0.17222715979165776,-0.1675358255343305,4,FREE
2.7599999999999176,10.922000000000317,0.3,0.0,0.41060603891522,0.0007462520319483611,0.1379319899838189,-1.41953385827766,-1.4176749401197113,-0.9649934995819762,0.23528601930883872,0.07657909037097317,0.7613713323171583,0.020180005748979327,0.27413548421906125,0.2723016390315122,1.7003134115907774,1.7014872290500778,-0.14586603651171828,-0.1371964035283401,4,FREE
2.7699999999999165,10.93200000000032,0.3,0.0,0.41334098400001273,0.0007499274954182342,0.13778882542352988,-1.4182319635981626,-1.4159718546125104,-0.08614028558877973,0.1226898790006656,0.07682072708704005,-0.05385845379135798,0.025271219419354063,0.27300248066270055,0.2733672837699598,1.7114125127037079,1.7118685363501878,-0.12485714304815942,-0.1338802190650208,4,FREE
2.7799999999999154,10.942000000000323,0.3,0.0,0.41608797208260534,0.0007535923475856471,0.13764511607155144,-1.4162246112861556,-1.4157462039909237,0.2166240379144846,-0.05026391809936465,0.07666532648126018,-0.22301664359835477,-0.023430939229867453,0.2732919147549575,0.2746676778023622,1.7317757655408983,1.7307408833857159,-0.06762803522572292,-0.07156722113653802,4,FREE
2.7899999999999143,10.952000000000327,0.3,0.0,0.41886606718725666,0.0007572864250569901,0.13749987325375743,-1.4152692557656368,-1.421933144424562,0.41137940482970164,-0.68361874224784,0.07622433050435717,0.2886575904600345,-0.05225186129259233,0.27399426047811964,0.2777414976129275,1.7563717449945822,1.7541086682897282,-0.11321523493229148,-0.1226139176330296,4,FREE
2.7999999999999132,10.96200000000033,0.3,0.0,0.42167127014004674,0.000761010149746233,0.13735315060679282,-1.4204981246136634,-1.4335058047438303,-0.8221992897777723,-1.3602055046364836,0.0756594664545711,0.24459032377628087,-0.05003008349935508,0.2777217676215553,0.2809746116858683,1.7956673531621896,1.794115166143004,-0.06664220905876406,-0.06402718121229656,4,FREE
2.809999999999912,10.972000000000333,0.3,0.0,0.4245132443441431,0.0007647856912094795,0.13720445171669413,-1.4303781420423172,-1.452989270194199,-1.111974035049177,-2.1039135839317464,0.07535357658122933,0.21460952404496564,-0.02420798697596049,0.2802141010630245,0.28445388128038446,1.8229409636164808,1.8220328553620992,-0.11726254692331135,-0.12035534338210031,4,FREE
2.819999999999911,10.982000000000337,0.3,0.0,0.42737087547445,0.0007685623468094054,0.13705469152533303,-1.4487143704130614,-1.4749534344652675,-1.853365577187024,-2.201914942853184,0.07500912742756952,0.6076521392634918,-0.037228775939432544,0.28327561556044023,0.2854258321066399,1.82762864482059,1.826146943882281,-0.13872945575256312,-0.14359325330980743,4,FREE
2.82999999999991,10.99200000000034,0.3,0.0,0.43022637461428515,0.0007723178534401394,0.13690482077748875,-1.4706237524841488,-1.494840806698157,-1.9238844178972767,-1.908021016336454,0.07461259759643395,0.25430359072059283,-0.03465323795043431,0.2859163299165024,0.28486820418371417,1.8160457218575772,1.8150784184984061,-0.16035047603114866,-0.15658387186250972,4,FREE
2.839999999999909,11.002000000000344,0.3,0.0,0.43306246487506384,0.0007760478241295927,0.13675580265330975,-1.49120751266639,-1.5082225630238206,-2.6354157065226067,-1.1444951140387332,0.07455095962249954,-0.18352940376219962,0.002000759541631129,0.2849182209125249,0.28248566162462024,1.7822459800542039,1.7826673314814823,-0.1935719008368792,-0.18752699971326653,4,FREE
2.8499999999999077,11.012000000000347,0.3,0.0,0.4358741123074214,0.0007797292313451804,0.13660808084587883,-1.5063205464283835,-1.5138289060924024,-1.026282627053893,-0.4461207000133369,0.07455971065612886,0.5760084219959681,-0.003416105517192808,0.28287407678701887,0.2803461305708928,1.7571967248990454,1.7572095959880825,-0.1890821643975937,-0.18648388052869733,4,FREE
2.8599999999999066,11.02200000000035,0.3,0.0,0.43865894481982926,0.0007833659941931041,0.1364618370431927,-1.5133042282347482,-1.511058574351074,-0.9006054594273982,0.45282510925449965,0.07461300294979158,0.1104434214118613,0.005724331727673209,0.2812598524323693,0.27743318656161947,1.72385892821049,1.7239526768899862,-0.1803381100626012,-0.1827154144515058,4,FREE
2.8699999999999055,11.032000000000354,0.3,0.0,0.4414225749621712,0.0007869595369239851,0.13631686725774106,-1.512291864643334,-1.5013618433466618,0.617201594097346,1.0411162765667257,0.07451540179451976,0.1949894617045333,-0.015306905010384387,0.27817715893029854,0.2757234420473019,1.7084307644015,1.7076343308022008,-0.14276076900469772,-0.1480973954138107,4,FREE
2.8799999999999044,11.042000000000357,0.3,0.0,0.444184653841137,0.0007905268988508498,0.13617221983690508,-1.5035406237607214,-1.4898072397530384,1.3131889639083953,1.1643153535981141,0.07400882606006876,0.2973998524280692,-0.06292669305933708,0.27584815860012446,0.27581687758843304,1.7098393591339753,1.7070837629368139,-0.12718209845300027,-0.13898195463255197,4,FREE
2.8899999999999033,11.05200000000036,0.3,0.0,0.44696170809266067,0.000794109651537847,0.13602698467769872,-1.4921539930357206,-1.480647449749693,1.4612542291794652,0.8766516511619794,0.0734339993148303,-0.13083602074045686,-0.050177793680044616,0.27522371947459745,0.277504154394064,1.7364158348820542,1.7345436355374733,-0.050590134621493504,-0.05486300616998516,4,FREE
2.899999999999902,11.062000000000364,0.3,0.0,0.4497845444488596,0.0007977421739190804,0.1358795820670864,-1.4819042010626589,-1.4818382038952596,1.0857332014706982,-0.36876277508591465,0.07291924786572596,-0.63278747691085,-0.0481030012414412,0.2772402121498022,0.2828880895993522,1.7925186416973184,1.7912500764375376,-0.05551096275853795,-0.048620204187761834,4,FREE
2.909999999999901,11.072000000000367,0.3,0.0,0.4526585930677644,0.0008014334938990597,0.135729467975521,-1.4805982252302954,-1.4947792300006058,-0.6965976314596083,-1.4920399569150173,0.07264889942389806,-0.2706377688805473,-0.030273610809625644,0.282838735519807,0.287796314770424,1.8402565126909338,1.838962270457622,-0.06982148423857859,-0.07621840824304946,4,FREE
2.9199999999999,11.08200000000037,0.3,0.0,0.45558719309451196,0.0008051594517722348,0.1355764080475272,-1.491425653798834,-1.5203605008038512,-1.2730577129596294,-2.906330839639087,0.07213644627767546,1.046253265161602,-0.05550525182585558,0.28685474986230763,0.2938092652338554,1.9105639817295526,1.9084044045206057,-0.019497353607900884,-0.0252042984161503,4,FREE
2.929999999999899,11.092000000000374,0.3,0.0,0.45856330464219147,0.0008089163656170596,0.13542062473843802,-1.5138491485699799,-1.5568077269428133,-2.444713854376326,-3.8129739514037317,0.07145105788225214,0.6036234251495366,-0.0688904601917686,0.2919227442421738,0.2978385452259804,1.936622530365482,1.9337474922579019,-0.12732000430983648,-0.1388655833753874,4,FREE
2.939999999999898,11.102000000000377,0.3,0.0,0.4615469940818731,0.0008126400960484685,0.13526400894466448,-1.5491890526338743,-1.5938561386773902,-3.578330885134603,-3.6383305488017608,0.07042895314938886,0.04168616552389071,-0.10739938348593529,0.2967035587809161,0.29766669074256435,1.925450052298106,1.9215734201410473,-0.18071014814752978,-0.18535544251459396,4,FREE
2.9499999999998967,11.11200000000038,0.3,0.0,0.4645065506539559,0.0008163070632281426,0.1351083203003431,-1.5869032820567475,-1.62337888028837,-2.9314899038882287,-2.764161656432638,0.06945685984672481,0.3704670981048531,-0.08976173811995108,0.2984918947518278,0.29476882114452496,1.8894442681549,1.8866047979175766,-0.1951867856037528,-0.19218593375185622,4,FREE
2.9599999999998956,11.122000000000384,0.3,0.0,0.46742684536893286,0.0008199034848163313,0.13495458979410493,-1.6182389267260313,-1.6415282117050105,-3.01757321577997,-1.53430744289236,0.06883435953897792,-1.1190641817809894,-0.0563726399350606,0.29558277919051557,0.29048009647252804,1.8363410572242436,1.8346033048851034,-0.2218722346691285,-0.2200683561833002,4,FREE
2.9699999999998945,11.132000000000387,0.3,0.0,0.4703064786408915,0.0008234052251275809,0.13480313339817288,-1.639019971146582,-1.64798638719015,-2.344012896241919,-0.4511676006906452,0.06822035961686347,-0.8560509369803287,-0.07112297597411334,0.29166435191413187,0.2867475822628491,1.7961476824233347,1.794398672538832,-0.21253008161594897,-0.19872173829035902,4,FREE
2.9799999999998934,11.14200000000039,0.3,0.0,0.4731502268668486,0.000826857733408538,0.1346537847430598,-1.6475436151912262,-1.6440053235126904,-0.5659336719596494,0.5814743967300121,0.06820472079798862,0.21333212068958274,0.012423391443210417,0.28709326796180956,0.2832105534751637,1.7595975958645522,1.7604670913995322,-0.17294821876408492,-0.16606642330404134,4,FREE
2.9899999999998923,11.152000000000394,0.3,0.0,0.4759766962777837,0.0008302728864686701,0.13450566172776854,-1.6453957395063643,-1.6343962722761656,0.9138450054638856,1.0243889534175963,0.0685978889663142,-0.07470945505203032,0.04476883808513827,0.2831826722897767,0.2819538224937336,1.746532224681138,1.7483921208042006,-0.15281427683431403,-0.14708400926960874,4,FREE
2.999999999999891,11.162000000000397,0.3,0.0,0.4788010706240997,0.0008336748460653824,0.13435788284624228,-1.6365469196258042,-1.6230674664527212,0.6270137398887369,1.1361481079629154,0.06920228697901959,0.01964709511799596,0.06355685182803254,0.28160444129686885,0.28198396172905066,1.7468347657015326,1.7492578549747246,-0.13754169142279732,-0.132490864786024,4,FREE
3.00999999999989,11.1720000000004,0.3,0.0,0.4816403111856355,0.0008370931648783436,0.1342094894186518,-1.6253466476396292,-1.6143844745553912,0.7919098414603462,0.7920098007285377,0.06984121695075086,-1.1129815130423524,0.06384969089121548,0.28122907168510525,0.28378080172131437,1.7708136325511203,1.7729407867685074,-0.08995296170978286,-0.09053752318915263,4,FREE
3.019999999999889,11.182000000000404,0.3,0.0,0.48451218891466014,0.0008405616479514085,0.13405948529726386,-1.6156888302547243,-1.612926962885849,0.6097043316409018,-0.05191820555450675,0.07040437396714169,1.0917950484895544,0.05769211494169675,0.28410197303397167,0.2875091812899556,1.815541962424786,1.8179063661930546,-0.04968541362705353,-0.040540202232364986,4,FREE
3.029999999999888,11.192000000000407,0.3,0.0,0.48743361219400966,0.000844120740251009,0.13390690365925195,-1.6122535140640029,-1.6230654195662821,0.15226373754761735,-1.1801272512778869,0.07105750867245836,0.6117320984513914,0.057326227037558096,0.28611326157611994,0.292330357673072,1.8597938938960172,1.86138228117826,-0.08826669557745297,-0.09488238879590084,4,FREE
3.039999999999887,11.20200000000041,0.3,0.0,0.4903869248277974,0.0008477243400318704,0.1337523926754585,-1.6204320412354671,-1.6402428751265992,-0.4581329969222794,-1.8499338941523362,0.07121598672479663,0.05417173607778691,0.005889159845403986,0.2917903574929088,0.29537219011329907,1.8912086298764903,1.890972924081393,-0.08942639748024644,-0.09668458958961054,4,FREE
3.0499999999998857,11.212000000000414,0.3,0.0,0.4933647022775361,0.0008513756364809385,0.13359637512139794,-1.6362777379702367,-1.6625743552655898,-1.003313339671252,-2.3219130323554578,0.07102013442865622,-0.5941313054690366,-0.026242037325101376,0.2949965191458852,0.29763364878129706,1.911031244661963,1.910060207440964,-0.11398849598629669,-0.11425422400127093,4,FREE
3.0599999999998846,11.222000000000417,0.3,0.0,0.49635574037918645,0.000855067874165843,0.13343947093071232,-1.6577975421782034,-1.6872066715742362,-2.9342689862403426,-2.4461659078136644,0.07078837691162791,0.07115409885901693,-0.02249957771696155,0.2968155569937436,0.29853431339054676,1.9094600492403808,1.9086388368638902,-0.17964243586133072,-0.18073678050994246,4,FREE
3.0699999999998835,11.23200000000042,0.3,0.0,0.49932907150139877,0.0008587473524891762,0.13328322364297696,-1.682601858269332,-1.7061734821535595,-2.6685198900578135,-1.769699954959929,0.0705219627208325,-0.7672130817974018,-0.029049035275636216,0.29928864993421833,0.2963296951597125,1.8843623426100438,1.8831994351401922,-0.1720009972904099,-0.17567618362672588,4,FREE
3.0799999999998824,11.242000000000424,0.3,0.0,0.502281044157786,0.0008624047856029114,0.13312807702138146,-1.702878871780869,-1.718576705433939,-1.6087175554584863,-1.0978990912584032,0.07029979218094794,0.14212064611022118,-0.01585284886191512,0.2969096844964075,0.29412983743997556,1.8573687924249802,1.857052048100966,-0.18230871372489696,-0.1783350755315132,4,FREE
3.0899999999998813,11.252000000000427,0.3,0.0,0.5052189534536988,0.0008660422510383977,0.13297384129041556,-1.7166649484207703,-1.7263352428627698,-1.2516110960682485,-0.7231732981433077,0.07018039434252635,-0.3370993411845463,-0.012560003759283385,0.2948491774833213,0.29306748514510556,1.846852283231989,1.8464123723160888,-0.16236112966222746,-0.1630050096511104,4,FREE
3.09999999999988,11.26200000000043,0.3,0.0,0.5081444177502505,0.0008696512472900924,0.13282039053497732,-1.725057397759663,-1.7298827282238358,-0.5164464801869244,-0.24937582512189446,0.07002915325536653,-0.2928906592465975,-0.016716367422097495,0.29286654664931644,0.29162001523271963,1.8272938064065485,1.826550935039037,-0.1775760331378048,-0.18136080476682104,4,FREE
3.109999999999879,11.272000000000434,0.3,0.0,0.5110515883867315,0.0008732176726436356,0.1326679473184212,-1.729659171204544,-1.7277118987415958,0.3325091219296793,0.29870946497183454,0.06972693884337063,-0.1840198431959973,-0.03341062816594572,0.29268604853936614,0.2898861193834338,1.8101038313132964,1.8087769293560432,-0.15569968957076358,-0.15953340536530147,4,FREE
3.119999999999878,11.282000000000437,0.3,0.0,0.513955975160686,0.0008767744446937226,0.13251582179156282,-1.7284443822354614,-1.7238369254277695,0.13750477607782605,0.36434724148619024,0.06950906950534562,-0.6126176635424732,-0.013194344988711025,0.28941040764059794,0.2900149388669894,1.8133655524520622,1.8132369079230357,-0.13228635826080345,-0.12644140584382788,4,FREE
3.129999999999877,11.29200000000044,0.3,0.0,0.5168691287488275,0.0008803434474839912,0.13236336103133486,-1.7245190310506178,-1.721237750027901,0.7483566781542983,0.24850717815732176,0.06960630146864911,-0.7573368934065314,0.013561910511926503,0.29008910955198475,0.29084708541979737,1.8228103411477987,1.8236519371504525,-0.11466795501560842,-0.10758166893124166,4,FREE
3.139999999999876,11.302000000000444,0.3,0.0,0.5197997256878486,0.0008839374164325416,0.13221005322900667,-1.72157126355033,-1.7221534557055804,0.27474819746570955,-0.1819002695529249,0.07002344153151385,0.5586130199602161,0.04788694135396839,0.2905194717987941,0.2928926278219552,1.8438024896456158,1.8457561141764436,-0.10753494771192439,-0.10163168305818092,4,FREE
3.1499999999998747,11.312000000000447,0.3,0.0,0.522751448876136,0.0008875591243110655,0.13205561195575208,-1.721583529777286,-1.7275364120659553,-0.4393711949253502,-0.6039921502253583,0.07059579494610266,0.5015953934801778,0.055867942258962744,0.2926358165316304,0.2949037623218848,1.86188911100295,1.86379694109052,-0.11935403662407149,-0.11914912129943533,4,FREE
3.1599999999998736,11.32200000000045,0.3,0.0,0.5257267823323071,0.000891201188312321,0.1318998958906179,-1.7262156735682668,-1.7380403976558128,-0.5773180156706872,-1.217199283676621,0.07090019576335195,0.344272640362554,0.02032598455944134,0.29503153180020564,0.29764443166414983,1.8955985969214253,1.8959030241943247,-0.0815559138758495,-0.08830346474047233,4,FREE
3.1699999999998725,11.332000000000454,0.3,0.0,0.528728983425314,0.0008948884193615028,0.13174270713577463,-1.7352712582364962,-1.7545286717468986,-0.7973102674223881,-1.7551957466814663,0.07106550506679,0.7624189857161604,0.020245865611016413,0.2969632389588283,0.3000838599241085,1.9140836504002827,1.9146004181737477,-0.1280570510105318,-0.13131720081034057,4,FREE
3.1799999999998714,11.342000000000457,0.3,0.0,0.5317430688464558,0.0008985980518285699,0.13158472008126568,-1.750968224499961,-1.7731546466578756,-1.4957024152896188,-1.892183044670887,0.07105003313231824,-0.2086066965244426,-0.00815950881578873,0.2988594816271234,0.30096235509090613,1.9228644402268409,1.9221455714910791,-0.12237794875512767,-0.13074307384303932,4,FREE
3.1899999999998703,11.35200000000046,0.3,0.0,0.5347639988393693,0.0009023245362483682,0.1314262729703183,-1.76929800858286,-1.7926550215824149,-1.4465035540505036,-1.927890556307016,0.07085809987759607,-0.30570169036786227,-0.010694968084227163,0.30002211846271415,0.30143393436135085,1.9227836457810024,1.922858967926237,-0.15422045240057475,-0.1450950581537649,4,FREE
3.199999999999869,11.362000000000464,0.3,0.0,0.5377756839757507,0.0009060696284529488,0.13126817143289982,-1.788872195606756,-1.8089050505193809,-1.4820786648138842,-1.509895406342316,0.07103617044391779,0.5731192015595163,0.020893553960553292,0.30123237928533686,0.300141899205834,1.9032723400811749,1.9041625497543277,-0.17592561748074279,-0.17288642328598589,4,FREE
3.209999999999868,11.372000000000467,0.3,0.0,0.5407631297014949,0.0009097788936579628,0.13111124185385112,-1.8061147754981532,-1.8180593635366535,-1.520244651606603,-0.7333932666795632,0.07108778001631273,0.06827366552906426,-0.00042858686899980235,0.3008918017626779,0.2974577453985207,1.8745328622442436,1.874245602060743,-0.16170622052227354,-0.16697358471945775,4,FREE
3.219999999999867,11.38200000000047,0.3,0.0,0.5437332591176642,0.0009134619027553228,0.13095533939751972,-1.816756351589606,-1.8219352195719722,-0.5608303301444065,-0.29318641902644266,0.07094531047266857,-0.1407748474873743,-0.013162427313515133,0.2985345610761045,0.2960646948896536,1.856735433389561,1.8566447510846773,-0.1785167887719197,-0.1707055006685886,4,FREE
3.229999999999866,11.392000000000474,0.3,0.0,0.5466867698943974,0.0009171429933335226,0.13080041858690536,-1.8215767360297486,-1.8207206557438356,0.2743592981581596,0.20804876232679742,0.07108413986184833,-0.4306909575032145,0.01570199173531159,0.29591261384542816,0.2944366687822717,1.8388978055170717,1.8394861935967852,-0.16428177917958794,-0.16368387524813596,4,FREE
3.2399999999998648,11.402000000000477,0.3,0.0,0.5496300833463744,0.0009208087674900668,0.13064616336392612,-1.8212961576072664,-1.8160763889826281,1.1392816649601303,0.5129049097396866,0.07122393128439972,-0.5787453212427549,0.0130774814952096,0.2952837028573133,0.2935687223143312,1.8296547855012963,1.8300920966241174,-0.1541749178319001,-0.1543077913647912,4,FREE
3.2499999999998637,11.41200000000048,0.3,0.0,0.5525746795251101,0.000924479472669392,0.13049199137079773,-1.8171992206914325,-1.8109650029402506,0.12906862815357695,0.5452894749859158,0.07139755646909728,0.0015284243205282793,0.017301006311066434,0.2933495722915488,0.2937558399938557,1.8406783966652422,1.8415840228983882,-0.08161450811208204,-0.07484993956614203,4,FREE
3.2599999999998626,11.422000000000484,0.3,0.0,0.5555507042887172,0.0009282080864131122,0.13033643864592315,-1.811665677175926,-1.813181246843336,1.019068637306021,-0.4075590786499156,0.0718406604795984,0.27753970656912763,0.05072589515474233,0.2932477676806693,0.29774162128549286,1.8814486787399354,1.8835391188129955,-0.08938905172377383,-0.08229830026352845,4,FREE
3.2699999999998615,11.432000000000487,0.3,0.0,0.5585596415234573,0.0009319892378529877,0.13017914422028107,-1.8120229380294832,-1.823105067879179,-0.24107127813902868,-1.096081040286907,0.07240561753360451,-0.061434795685073526,0.050645430159399075,0.29701637103551226,0.3007044029135707,1.9087822252036966,1.9102678789025298,-0.11021609231926459,-0.11473660464277212,4,FREE
3.2799999999998604,11.44200000000049,0.3,0.0,0.5615895179335579,0.0009357936494695764,0.13002055838454668,-1.8207394022441081,-1.8376544611351155,-0.7816488884075977,-1.5475547762632675,0.07265881470071901,0.8336019027380276,0.020593844602930265,0.3000874487454244,0.30274225232151375,1.9301431993501645,1.9306580850797752,-0.10941206253433587,-0.11213253612009667,4,FREE
3.2899999999998593,11.452000000000494,0.3,0.0,0.5646327401691952,0.0009396272759902184,0.12986107969764585,-1.834373268462048,-1.8548945413759907,-1.5473436543300847,-1.7636763058674412,0.07274677301784803,0.03099170668893481,0.008914746141383824,0.3025360732675401,0.3038589404169171,1.936539011622932,1.9364140515542791,-0.13992624812487167,-0.14833642114388965,4,FREE
3.299999999999858,11.462000000000497,0.3,0.0,0.5676751515497098,0.0009434622154314537,0.12970144815151416,-1.8513927649041608,-1.8711969763123428,-2.0533478938297725,-1.5623466055568433,0.07254085362734888,0.1585356142942642,-0.023063105723279506,0.3029000113659228,0.30335236439963414,1.923796951576784,1.923195502583136,-0.19001194770627583,-0.18532650161962838,4,FREE
3.309999999999857,11.4720000000005,0.3,0.0,0.570692139064409,0.0009472925480200969,0.12954292250766333,-1.8683750465207571,-1.8802247609263019,-2.049717771345862,-0.7152730214574256,0.07256562713134554,-0.13541148888685195,0.008742769956047869,0.3047844429002275,0.30034649898716004,1.887103390592093,1.887672033038955,-0.2043588109399496,-0.19934284730336324,4,FREE
3.319999999999856,11.482000000000504,0.3,0.0,0.5736776044540909,0.0009510971410834916,0.1293860343914741,-1.8791872398294045,-1.8804245789038516,-1.334803303314679,0.1311558028305526,0.0727919397575016,-0.8827950421700912,0.024022580792457345,0.3006261979108262,0.29733948311695546,1.8550715197966936,1.8560043664973314,-0.18873722213717864,-0.1867386112330902,4,FREE
3.329999999999855,11.492000000000507,0.3,0.0,0.5766333782570485,0.0009548806095452265,0.12923081464029806,-1.8809889478014163,-1.872273537009179,0.8570484984992095,1.0137070254744267,0.07325857133246301,0.373198566387617,0.052129492951485876,0.2983613697757309,0.29419785008963956,1.8210982576317722,1.8234268322732163,-0.17874080648135046,-0.1675897099615646,4,FREE
3.3399999999998538,11.50200000000051,0.3,0.0,0.5795707891907481,0.0009586678586518322,0.12907679035298833,-1.8745105352908857,-1.858690430491044,0.4050025762082264,1.4133440043176972,0.0741233940376305,-0.35484880263627994,0.09182706627261798,0.29530105751575936,0.2929270450433875,1.8112998596214813,1.814614432483995,-0.13583449601336164,-0.13236584278699162,4,FREE
3.3499999999998527,11.512000000000514,0.3,0.0,0.5825205703761067,0.0009624773569013022,0.12892248848410803,-1.8614771444499147,-1.8476045739183853,0.9560391674696287,0.9387104733225807,0.0749023222908975,-0.015090680442432438,0.0689665069415068,0.2932170912873651,0.29503711161222806,1.8422280682825514,1.8442576738529217,-0.07287229201708319,-0.07824358929129908,4,FREE
3.3599999999998515,11.522000000000517,0.3,0.0,0.5855088026361907,0.0009663510346003638,0.12876642213529835,-1.8490666897394514,-1.8457390188244385,1.1053822300801344,0.018179623678015185,0.07542656525977946,0.0940476426632107,0.05383951842481247,0.29450095911385593,0.29887232230913735,1.8811693418095299,1.8831085862385113,-0.08954311352397216,-0.08615311458798307,4,FREE
3.3699999999998504,11.53200000000052,0.3,0.0,0.5885370932324325,0.0009703209213654761,0.12860823205067262,-1.8454386756791232,-1.8534991117965605,-0.012138442857099658,-0.9933604016792577,0.07611469221549826,0.19805198115839842,0.07568045471898678,0.2974224781183594,0.3030552732983746,1.9254925224314665,1.9280239086580693,-0.08440596970582025,-0.08521348842644062,4,FREE
3.3799999999998493,11.542000000000524,0.3,0.0,0.5916024482457527,0.0009743674517514834,0.1284479234691463,-1.8511551719093484,-1.8701223128678939,-0.9440070643467694,-1.8103933557031506,0.07670850604590125,0.5738546727392184,0.05628072343930261,0.3022476473499344,0.3064773882818348,1.9582175869150062,1.9601322576637012,-0.10956484495246475,-0.10849251965357405,4,FREE
3.3899999999998482,11.552000000000527,0.3,0.0,0.5946878142284755,0.0009784749259220172,0.1282862700606095,-1.8662978127571221,-1.891226420069653,-1.958868832968464,-2.140338375710054,0.07724075409508452,0.007502552713234448,0.05390199590483814,0.3059622930849436,0.3080051195895539,1.9693978522728877,1.971339207003265,-0.13887087894374847,-0.13581295909410904,4,FREE
3.399999999999847,11.56200000000053,0.3,0.0,0.5977779232240756,0.0009826337398198407,0.12812413143525853,-1.8869214063141506,-1.9129054220531119,-2.474029205941294,-2.1693775616478757,0.07791525151740378,0.42330297771805425,0.07345382943078596,0.3088499784709356,0.30835413775545334,1.9709774277930567,1.9738242235531855,-0.1446656157875449,-0.13718882116102676,4,FREE
3.409999999999846,11.572000000000534,0.3,0.0,0.6008571477335236,0.0009868128055244925,0.1279623821842548,-1.9085624169618929,-1.9311606007712139,-2.509561544009359,-1.7356906633958853,0.07863019098116489,0.03212359450926937,0.07065567488846368,0.30831635471469776,0.3069031434022849,1.945386015696625,1.947619319056747,-0.20407694988445896,-0.20696937154432077,4,FREE
3.419999999999845,11.582000000000537,0.3,0.0,0.6039027280927166,0.0009909637723717695,0.12780223921144274,-1.9280965345980836,-1.940140481500191,-2.1311382790943343,-0.6788447062423429,0.0790527110506987,0.3779912453323973,0.03451338088582227,0.30755488922631247,0.30303985984938164,1.9011960492200157,1.9019892568931995,-0.21462672818595932,-0.22101983267244027,4,FREE
3.429999999999844,11.59200000000054,0.3,0.0,0.6069101086152553,0.0009950846479004983,0.127644158073729,-1.939268111470697,-1.9386911792541892,-1.2538663238912457,0.28974967084551523,0.07921600555344478,-0.7988033582948724,0.019403507335803035,0.305169523391574,0.2995141485417584,1.8672920539776223,1.8681671316558344,-0.18236552527024433,-0.1769768156354938,4,FREE
3.4399999999998427,11.602000000000544,0.3,0.0,0.6098917946028045,0.000999212017665386,0.1274876555254289,-1.9395108959653298,-1.9300506457514492,0.048989164426018514,1.0311234030111507,0.07959297119363347,0.8342698770986381,0.04132155794745445,0.3002086450133184,0.2968698805119035,1.8353686847641815,1.8369901988424382,-0.1965694368070069,-0.19209379496660373,4,FREE
3.4499999999998416,11.612000000000547,0.3,0.0,0.6128576034621945,0.001003356182332395,0.12733223581569114,-1.9324475734979585,-1.9167429791965123,1.2153981533941551,1.398383941267809,0.08029229000027506,0.008842788813061853,0.08396428697095766,0.2980756906094622,0.29567754598996904,1.8301103156029888,1.8326123702382209,-0.12583760798482235,-0.1343621355198797,4,FREE
3.4599999999998405,11.62200000000055,0.3,0.0,0.6158310497283271,0.0010075072386423487,0.1271766996666087,-1.9194638148923207,-1.9048273215139835,1.3114535820719166,1.1169429206145616,0.08062986208479138,0.24833802473134156,0.02312328047659639,0.2958358429848807,0.2969965723911211,1.8487576344912244,1.8492423467717893,-0.0990111780498826,-0.10365829828209816,4,FREE
3.4699999999998394,11.632000000000554,0.3,0.0,0.6188344786688148,0.001011707563946686,0.12701980876321983,-1.9068015014182433,-1.900060216860708,1.4689522705062055,0.2663176928640945,0.08061911829116615,-0.5338256592762022,-0.006490685557693485,0.29650028916586957,0.30051676003199856,1.8910810979778934,1.890596389523043,-0.0677783498316756,-0.07198980844548952,4,FREE
3.4799999999998383,11.642000000000557,0.3,0.0,0.6218788559140452,0.0010159831634888779,0.1268607906831578,-1.9001313882836615,-1.9052642145485186,0.3095885242449563,-0.6829637212348169,0.08052135652322649,-0.41072084278744375,-0.006741470604577659,0.3000622677333096,0.30441701901527324,1.9292519044793588,1.929104209048158,-0.09217913078658556,-0.0902489299329652,4,FREE
3.4899999999998372,11.65200000000056,0.3,0.0,0.6249659047994862,0.0010203318846271042,0.1266994352786228,-1.9035730471455667,-1.9208933722986943,-0.5948936081829227,-1.8452797426046688,0.0804607989039276,0.5573457130107847,-0.008662923542385617,0.30396411793852085,0.30912799493877946,1.9762206333774281,1.9761724301511983,-0.11723290419111078,-0.11185456050255217,4,FREE
3.499999999999836,11.662000000000564,0.3,0.0,0.628076788059099,0.0010247308776555953,0.12653650062862387,-1.9170245377077955,-1.9420979551274684,-1.217452528848966,-2.155237371623007,0.08061851191283854,0.3753359724231325,0.02122148700846532,0.30828620624526765,0.31053815559235814,1.9836526246098338,1.9845972502199154,-0.15929625820965726,-0.1553013739221974,4,FREE
3.509999999999835,11.672000000000567,0.3,0.0,0.6311848371147014,0.001029133096912973,0.1263733635494794,-1.9378817999862954,-1.9620202534294358,-1.6654240356667998,-1.9618894657332044,0.08092456182003346,-0.23761653105846064,0.030981296131241492,0.3103279694022327,0.3099898417588609,1.977265636469746,1.9783686838390855,-0.15134671089823235,-0.15051264626594288,4,FREE
3.519999999999834,11.68200000000057,0.3,0.0,0.6342792126148903,0.0010335248564563562,0.12621077193427221,-1.9581478544570137,-1.9779008554712005,-2.1527032024966237,-1.4266641743024826,0.08133992569269748,0.43255754572765853,0.047458235398195076,0.30936973816433877,0.3081089526927297,1.9494743336272586,1.9514034512748817,-0.19668166832188305,-0.19035032308853722,4,FREE
3.529999999999833,11.692000000000574,0.3,0.0,0.6373495238077693,0.0010378706243247184,0.1260494181917904,-1.9753698190825204,-1.9870872687363228,-0.8679701250689797,-0.8248962829368489,0.08147561388326663,0.7638627569337587,-0.0011394049994770848,0.30899399607794864,0.30596149826234137,1.9251816829464574,1.9249211357783496,-0.20168065997613202,-0.2046739459584341,4,FREE
3.5399999999998317,11.702000000000577,0.3,0.0,0.6403901001020212,0.001042178195779252,0.12588967462274592,-1.985819653550368,-1.988132582913306,-0.9553145616392901,0.05729308937549658,0.08141854704492905,0.20564655618876207,-0.0028531698178039717,0.3060107142135851,0.3027306845532502,1.8921196738065258,1.8924268429857722,-0.1848095428115598,-0.17589677149673766,4,FREE
3.5499999999998306,11.71200000000058,0.3,0.0,0.6434081156980254,0.001046483200465312,0.12573130002975672,-1.9884828142074373,-1.9829002067493045,0.02128422741391311,0.6375706998287405,0.08169350704211938,0.6484836231676476,0.030178096992319492,0.30354936854209175,0.3006658883092414,1.8688671501182768,1.8700105104386442,-0.17999872319297944,-0.17807536857990613,4,FREE
3.5599999999998295,11.722000000000584,0.3,0.0,0.6464153782926907,0.001050768779050586,0.12557372298946928,-1.9844024553601303,-1.9744367195857655,0.42623922523604063,0.8371207783405749,0.08183230553831206,0.5966859116749034,0.004800769154004801,0.30014167230147226,0.3000750220087527,1.8679107369424708,1.8677235151381384,-0.13738515653172562,-0.1439646576193654,4,FREE
3.5699999999998284,11.732000000000587,0.3,0.0,0.649432985834694,0.0010550603558782611,0.12541585223156176,-1.9760924176466539,-1.9681854162340668,0.2918037149584535,0.5574488349506246,0.08163761864375227,0.20172770426740524,-0.024364255976584873,0.2995557600541975,0.30133791772800766,1.8840629672483935,1.882912192581021,-0.11960412562786012,-0.1255157673606298,4,FREE
3.5799999999998273,11.74200000000059,0.3,0.0,0.6524681433378476,0.0010593760043527561,0.12525714677621536,-1.9691657769994833,-1.965993864042762,0.42696434670345534,0.10574121412478389,0.0812607991291795,-0.30101364912088124,-0.037052182426402076,0.30096779055100287,0.3032676480952111,1.9092222295055616,1.9082127943332394,-0.08915797010401358,-0.08366017529703151,4,FREE
3.589999999999826,11.752000000000594,0.3,0.0,0.655536850473018,0.0010637471084199866,0.1250967516814807,-1.9658392375160316,-1.971998300241854,-0.14006957767568623,-0.7659087192706173,0.08102056621743435,-0.978816902511299,-0.029077384208303827,0.3022696239321685,0.3068136580209465,1.9462710174134903,1.9449283708347702,-0.08961745700307693,-0.09725264620705636,4,FREE
3.599999999999825,11.762000000000597,0.3,0.0,0.6586290665111967,0.001068125156137124,0.1249349383429937,-1.9701441070039538,-1.9836053035032792,-0.6069277492788097,-1.1968163846205249,0.080477147119981,1.075346568201982,-0.05933602218598532,0.3064747141747196,0.3086534240885766,1.9602875372795132,1.957951034993533,-0.12938256608664606,-0.13575263443192093,4,FREE
3.609999999999824,11.7720000000006,0.3,0.0,0.6617328725223283,0.0010725133041652917,0.12477230420882265,-1.9811393059338125,-1.9977543714124286,-1.7848666185842925,-1.498869358477119,0.08001331550003028,0.19932391435722083,-0.03601458473162809,0.30803621145267357,0.30998446146225656,1.9711184667761288,1.9694449314480138,-0.14501701590627733,-0.15578412625726987,4,FREE
3.619999999999823,11.782000000000604,0.3,0.0,0.664837532126641,0.0010768695405372311,0.12460943608449628,-1.9947965811185415,-2.0116961604232655,-0.7123050412128147,-1.3574996718106578,0.07936356410361756,-0.28769821635460946,-0.06622472271420633,0.3105242252618731,0.30959494838173995,1.964233277890055,1.962257582254314,-0.16658528605911715,-0.16093819205888993,4,FREE
3.629999999999822,11.792000000000607,0.3,0.0,0.6679323912010318,0.001081201630865057,0.12444696939990091,-2.009105319144364,-2.022704341748713,-0.7220629311200122,-1.03291331299972,0.07895128534105575,-0.0702867897077552,-0.04079194538718653,0.3100335800356414,0.30848876291902516,1.9508691276259966,1.94937579053398,-0.16458887251802248,-0.1678484714805263,4,FREE
3.6399999999998207,11.80200000000061,0.3,0.0,0.671013730786139,0.001085485166520319,0.12428520715632684,-2.0207768476686683,-2.0298419378097923,-1.352567120714981,-0.62327243904957,0.07855568752618801,0.670126955333203,-0.03711376555516915,0.30860031655617765,0.30704770658664565,1.9334933783389923,1.9322771203559364,-0.17308352797777943,-0.17293882301259617,4,FREE
3.6499999999998196,11.812000000000614,0.3,0.0,0.6740775519865261,0.0010897237648934937,0.1241243995355307,-2.028775952110096,-2.0320899967394865,-0.786551384252737,-0.1278573553934429,0.07829898534630074,0.7717832321545963,-0.02021281914861085,0.3069979218850951,0.3052729376535364,1.912055498847646,1.9111433851567552,-0.1802906646016189,-0.18615021291477696,4,FREE
3.6599999999998185,11.822000000000617,0.3,0.0,0.6771220504188581,0.001093901063703361,0.12396467098513887,-2.0320796143468556,-2.0289874653744997,-0.9318468270069782,0.397886601340564,0.07791685765872565,-0.1974046333611495,-0.040670846023296896,0.3049367646247899,0.30338246193364715,1.8949761967094993,1.8935762733138493,-0.1555504949037842,-0.15602320659780178,4,FREE
3.6699999999998174,11.83200000000062,0.3,0.0,0.680162176164238,0.0010980546502491328,0.12380537412086176,-2.029852948848605,-2.0244011161916893,0.6151586047318484,0.44111763264718334,0.07758981490256288,0.14934898029117108,-0.029842955705746552,0.30363093923948065,0.30335506742120943,1.8969178261955904,1.8959898782267897,-0.13595354450605573,-0.13480824903946775,4,FREE
3.6799999999998163,11.842000000000624,0.3,0.0,0.683207929191486,0.001102208633425857,0.12364592316508806,-2.02522195864095,-2.0209075458034302,0.7508184657047645,0.3341841910267786,0.0774932454016616,-0.6334166043509434,-0.0024937602649693206,0.3034437436488454,0.3039105366320084,1.9011828909004516,1.9014015910401145,-0.14282843451216456,-0.13762437530642976,4,FREE
3.689999999999815,11.852000000000627,0.3,0.0,0.6862565802482959,0.0011063704276876572,0.12348630911589162,-2.021545749875926,-2.0177897097404838,0.2543777640016267,0.3392766488895028,0.0777896299579719,-0.12161884803683908,0.037711156459838274,0.3036074816729872,0.30403733022111573,1.9050443670677129,1.9067716586651238,-0.11549134714235267,-0.10746260312830684,4,FREE
3.699999999999814,11.86200000000063,0.3,0.0,0.6893204872736417,0.0011105573797170146,0.12332595781757232,-2.018254692320822,-2.0182419788022665,-0.14723000437680353,-0.1234369199755554,0.07838725572471195,0.4049385350166718,0.061807877356617184,0.30416211379535935,0.3059672767735614,1.922277426996115,1.924344306603484,-0.13338836092824213,-0.13471372585279423,4,FREE
3.709999999999813,11.872000000000634,0.3,0.0,0.6923996087533301,0.0011147510219036243,0.12316477989807947,-2.0179254325328646,-2.022251187688049,-0.12186852091345207,-0.5278284960105487,0.07874439218363835,-0.5604696020863299,0.025659494620665028,0.30555629003835216,0.3076707253073805,1.9459390803034537,1.9463885105143879,-0.09427572894845555,-0.10193812086179592,4,FREE
3.719999999999812,11.882000000000637,0.3,0.0,0.695506468459495,0.0011189832148450261,0.12300218422152949,-2.0208949152930766,-2.033068338988778,-0.2795159247367034,-1.208245584367894,0.07880200569944781,0.5189484201068096,0.006200718013294658,0.3061128423605698,0.3104310873411909,1.9744647998003815,1.9746622677447194,-0.10597154734765613,-0.10542802121813233,4,FREE
3.729999999999811,11.89200000000064,0.3,0.0,0.6986333596556447,0.0011232387520770332,0.12283842406354437,-2.0303980648590456,-2.048716833539665,-0.7082711701459413,-1.6639636901787598,0.07847613684647828,-0.7238413633303412,-0.04730765976558962,0.309605562177351,0.3123138946824693,1.9897362048694391,1.9878285218161946,-0.14379684016487032,-0.14835362072075392,4,FREE
3.7399999999998097,11.902000000000644,0.3,0.0,0.7017646164590254,0.0011275086543204814,0.12267423094408966,-2.0453917682673293,-2.065172910885122,-0.9158735519744002,-1.6355367537937189,0.07799064510784223,0.11576477889278851,-0.04397899724936352,0.31226549121957714,0.31231719534951796,1.9875728839772826,1.986542242791059,-0.158017221067341,-0.1483344233800148,4,FREE
3.7499999999998086,11.912000000000647,0.3,0.0,0.7048875226669761,0.0011317901956214211,0.12251030926133262,-2.06194849276011,-2.079181405539984,-1.704860534716282,-1.2829568639751276,0.07786479687272811,0.10982119956496644,-0.013919095211747001,0.3126947460326404,0.31105836728623143,1.96790235612148,1.9672559805366816,-0.18810439360993284,-0.1925743635402278,4,FREE
3.7599999999998075,11.92200000000065,0.3,0.0,0.7079846705802851,0.001136027974726743,0.12234760394850741,-2.0768985812703287,-2.086267397040121,-2.466565941954137,-0.5629217829145788,0.07773779474009462,-0.27211726198931635,-0.007541941907745576,0.3114656172531134,0.30837524183076237,1.9377109060379447,1.9376503576782402,-0.19344362638819115,-0.1900027536219848,4,FREE
3.7699999999998064,11.932000000000654,0.3,0.0,0.7110445501601171,0.0011402150165519477,0.12218679472159784,-2.0854325377642757,-2.0834690243189815,-0.94690936621645,0.5023044157726556,0.07777765451994145,0.004319217781212615,0.005022705424431132,0.30873432663630485,0.3043613467142804,1.88804166048329,1.8884839776530291,-0.23241766444252385,-0.22718430826787986,4,FREE
3.7799999999998053,11.942000000000657,0.3,0.0,0.7140590795710839,0.001144341585252234,0.1220284065104879,-2.0850090726250885,-2.06869235036136,-0.4524780068161683,1.681440840416462,0.07801162142549593,0.3919880380626898,0.02564733141465159,0.3053305479566131,0.29991694420302983,1.846059917583663,1.8469312630475527,-0.17904024547216818,-0.179601042482758,4,FREE
3.789999999999804,11.95200000000066,0.3,0.0,0.7170539879849026,0.0011484316275957131,0.12187139443642213,-2.0722692228901365,-2.048573646024308,1.1461979437138765,2.0536434492997806,0.07820122477806278,0.3951765860288695,0.0173018249168918,0.30108685921194345,0.2985973052996058,1.8353422713864698,1.835902124255832,-0.15350811243697804,-0.1538966296312862,4,FREE
3.799999999999803,11.962000000000664,0.3,0.0,0.7200495814928731,0.001152532102952887,0.12171465652854824,-2.0527322622797097,-2.0283245336291356,1.9644847480383767,1.9847560345454551,0.07852094303214334,-0.3787564388481813,0.04033550961965848,0.29860660786796367,0.2989955306882412,1.8416321607606119,1.8434106852376801,-0.13697772603337277,-0.12891641920500058,4,FREE
3.809999999999802,11.972000000000667,0.3,0.0,0.7230704878843223,0.00115666985733474,0.12155685743230162,-2.032214626816224,-2.014275872271379,2.449894294590508,1.236260714954073,0.07883773817247276,0.406294024839911,0.023662944638227077,0.299385142238017,0.30202709215487883,1.8824334709456831,1.8834208945943032,-0.07885305436444098,-0.07420123016238916,4,FREE
3.819999999999801,11.98200000000067,0.3,0.0,0.7261323891838735,0.0011608821639340447,0.12139699043293126,-2.016308813312356,-2.0104515464781545,2.1885862470561417,0.17942827724761773,0.07924847414433599,0.20916934388035008,0.04562765448508548,0.30065658242159704,0.3062541281486382,1.9255578539064995,1.9274137799349766,-0.09265987714874412,-0.08635858082952276,4,FREE
3.8299999999998,11.992000000000674,0.3,0.0,0.7292324860509721,0.0011651676405389287,0.12123497477576428,-2.0104546000940346,-2.0161130033133148,0.35387438479762384,-0.7667404525696729,0.07976756901774533,-0.007061254856640153,0.047503722229374656,0.3048957313870002,0.3100528208578,1.9674652354007027,1.9689095254974092,-0.07903890291788557,-0.0821799284101665,4,FREE
3.8399999999997987,12.002000000000677,0.3,0.0,0.7323689044868062,0.001169513941580804,0.12107086059782154,-2.014166567178321,-2.0307854758917245,-0.39855569437443633,-1.610931544567674,0.0801097197666445,-0.17963283041622768,0.03371720491329094,0.30942598060587667,0.3134483822057046,2.000958185042016,2.0021163285718235,-0.10082250571663462,-0.09984661613345655,4,FREE
3.8499999999997976,12.01200000000068,0.3,0.0,0.735531771267338,0.0011739174791189683,0.12090514151550077,-2.027275620816668,-2.051942919676272,-0.726779900638199,-2.269855259578328,0.08037138002898055,-1.3653652603835678,0.022675052041089577,0.3125099086122681,0.31611329843031877,2.023220785529138,2.0241178327635843,-0.14647265606169882,-0.14299859625113068,4,FREE
3.8599999999997965,12.022000000000684,0.3,0.0,0.7386975553282829,0.0011783557583520169,0.12073895951644974,-2.0473969038548834,-2.07353639545973,-2.274690633515825,-2.080238551347929,0.08073476070068826,-0.06340486247439266,0.04089262848065118,0.3153999400849384,0.3154901168314355,2.0061118944891065,2.0078415856751164,-0.21301750305376976,-0.20592210325572757,4,FREE
3.8699999999997954,12.032000000000687,0.3,0.0,0.7418319667137464,0.0011827781714214575,0.12057410315057919,-2.0697825713574054,-2.086737023986706,-2.504445364737518,-1.1520506084050794,0.08124454472262795,-0.3505701718279823,0.047279782290101026,0.3164026090425331,0.31200613818290907,1.9694747822429433,1.9709354819777856,-0.19438870889124665,-0.1971383482705104,4,FREE
3.8799999999997943,12.04200000000069,0.3,0.0,0.7449364581392786,0.0011871725863524698,0.12041086298098543,-2.0847506323247527,-2.091958218053418,-1.0752362044191661,-0.36592790854091006,0.08163418224768092,0.5251477236661101,0.04035995109682052,0.31282601163904905,0.30906250115896966,1.9372469427365338,1.938724172649482,-0.19644771819693727,-0.19372378530531534,4,FREE
3.889999999999793,12.052000000000694,0.3,0.0,0.7480107130999408,0.0011915596489073855,0.1202493605963273,-2.091538266046781,-2.0891310792266755,0.09665886471802751,0.46677218290465705,0.0822229005681428,-0.11837125564121716,0.06806602884572689,0.3095520872412708,0.3059401095417807,1.9052838134078653,1.9074264484345758,-0.1739767362109476,-0.17804109184539751,4,FREE
3.899999999999792,12.062000000000697,0.3,0.0,0.7510652398870161,0.0011959280678623117,0.12008914856957688,-2.0902542520996903,-2.0809726728951037,-0.14399976608917064,0.8905956167060609,0.08262138873057664,0.4574736911296253,0.03411038421612399,0.3073334976252951,0.304398737813069,1.891123482465752,1.8921790054088612,-0.1598448159670388,-0.16089451416096112,4,FREE
3.909999999999791,12.0720000000007,0.3,0.0,0.7541108641825435,0.0012002979008983849,0.11992961838333253,-2.082843355514884,-2.070267090493612,0.6550371580595724,1.1158373170114275,0.08280701592307926,0.5465787653757014,0.01271899701232384,0.3044368137622342,0.3036316343149716,1.8829459590717164,1.8831138645554382,-0.1582777119026726,-0.16269897802302102,4,FREE
3.91999999999979,12.082000000000704,0.3,0.0,0.7571579574278137,0.0012046779420508754,0.11977017205109255,-2.072590030544862,-2.0596756825641167,0.344326934445842,0.9850560219368877,0.08271074666881739,0.3481693636786893,-0.015103879663092562,0.3039646561632346,0.3042456547768049,1.8950197332409522,1.8942327010993716,-0.12064966309472343,-0.12534782265493408,4,FREE
3.9299999999997888,12.092000000000708,0.3,0.0,0.7602206993946861,0.0012090871998243992,0.1196100068422561,-2.061497769109585,-2.0528446895788353,1.3082395997223975,0.5971915817542822,0.08240516620099812,0.37635835723933386,-0.03440343337493474,0.30396623593550387,0.30585783474207234,1.9109918795840986,1.9096572932444997,-0.13181133521017002,-0.13465549715965103,4,FREE
3.9399999999997877,12.10200000000071,0.3,0.0,0.7632963014832729,0.0012135222209621094,0.11944909714813616,-2.053957439238732,-2.049033793850522,0.4754760572376466,0.3048685700464204,0.08207134966099766,-0.3905377085051499,-0.029948575495009195,0.30580478602398375,0.30710610852566733,1.927472654141234,1.9267980940290064,-0.10871249115147613,-0.10177433125144911,4,FREE
3.9499999999997866,12.112000000000714,0.3,0.0,0.7663995305719916,0.0012180234736849191,0.1192867758779222,-2.0493835732797514,-2.0520595973933498,0.5033936460056035,-0.49078627090104876,0.08223275935765037,0.041293187698428456,0.03121969349506003,0.30672768941020545,0.31029327251386796,1.9636397727213608,1.965446848025085,-0.08948872125493758,-0.07567487587105441,4,FREE
3.9599999999997855,12.122000000000718,0.3,0.0,0.7695362737006755,0.0012225820623274544,0.1191226604190083,-2.0506719117534242,-2.0634485108947325,-0.5944818966824746,-1.259776356505433,0.08278627340036408,0.3139826900317625,0.05271183305750807,0.3092780585943141,0.3133712030388389,1.9929368770926648,1.9947608023995231,-0.10843098637792312,-0.10830780983389501,4,FREE
3.9699999999997844,12.13200000000072,0.3,0.0,0.7727028256441182,0.0012271754492115714,0.11895687898359558,-2.060686729975232,-2.0822633954768195,-1.060134083059127,-2.106727926798775,0.08326664338155697,0.42044355848692505,0.04866349854204532,0.3132108187484699,0.31673523104466306,2.0224196985035108,2.0239671580877268,-0.1568531359658438,-0.158853655828836,4,FREE
3.9799999999997833,12.142000000000724,0.3,0.0,0.7758747383786861,0.0012317722109669034,0.11879051229416877,-2.07812164720181,-2.1022103116115023,-1.59881878277095,-1.9796461236967966,0.08353678099291763,-0.3735045717765326,0.020419520999175378,0.316056379584958,0.31632983069787146,2.0199633317744867,2.0202620916128904,-0.13814076590125512,-0.14533297263458433,4,FREE
3.989999999999782,12.152000000000728,0.3,0.0,0.7790406009301393,0.0012363571623260074,0.11862428273591821,-2.0982181591184204,-2.1203821498015873,-2.0913345788412023,-1.6810352801427262,0.08347718276095648,-0.2656153376358097,-0.007799339754675434,0.31693068306993416,0.315246509090391,1.9997045419313109,1.9993669886336805,-0.20139612637652685,-0.2019386761050068,4,FREE
3.999999999999781,12.162000000000731,0.3,0.0,0.7821708373879106,0.0012408945548307514,0.11845968739553837,-2.1173688362389838,-2.129161120036444,-2.0826195828028595,-0.6506551523669969,0.08323341760796991,0.8071399971627499,-0.03230278582488992,0.315111350774247,0.3113331086455091,1.954905161008606,1.9534137040315334,-0.21456290242607293,-0.221958075838085,4,FREE
4.00999999999978,12.172000000000734,0.3,0.0,0.7852631497074534,0.0012453812706657366,0.11829712595437657,-2.128314105231389,-2.1279788812398914,-1.9939185176435816,0.28767361709203293,0.08288950329729679,-0.13800782859216262,-0.030434314632597007,0.31221486851509683,0.30777211673011534,1.9163234973923955,1.9149782335938446,-0.21242614019414854,-0.21926053209481314,4,FREE
4.019999999999779,12.182000000000738,0.3,0.0,0.7883190514657505,0.0012498076721458211,0.1181366337715625,-2.1289924272919354,-2.1172272455260903,0.06649857645082273,1.2348781456770268,0.08242010598263262,-0.12168462694089938,-0.04735471674858565,0.307624378608438,0.304183785545492,1.883635044416822,1.8822140459279153,-0.1711124484023805,-0.16720177784836582,4,FREE
4.029999999999778,12.192000000000741,0.3,0.0,0.7913601833279867,0.0012542203642048912,0.11797725340774094,-2.119837180312291,-2.102489648298161,0.598704933190034,1.5161269523636403,0.08219748166139203,0.10525667512013,-0.01712519093565351,0.30539067731731734,0.3031730782106757,1.8736988718578853,1.873307665726946,-0.15972879878040627,-0.1568073037788463,4,FREE
4.039999999999777,12.202000000000744,0.3,0.0,0.794402232043071,0.0012586238391856127,0.11781808821452369,-2.10559318478284,-2.0877931175202638,1.46835331862893,1.4106689243160202,0.08209231079832212,0.38881868916342466,-0.011743652784149732,0.30378678155826844,0.30366574486706427,1.8830817384471035,1.8826405384257685,-0.1278757287095436,-0.12928617418405053,4,FREE
4.049999999999776,12.212000000000748,0.3,0.0,0.7974693559704068,0.001263041024787551,0.11765784579623757,-2.0904969420366255,-2.079359055316497,0.5963423942481406,0.6723268092236288,0.08188949355484985,-0.17303261096000078,-0.022505848178382058,0.30285776526046915,0.306606774461826,1.9197293971219627,1.91879529485933,-0.0938635507923641,-0.09745054222746884,4,FREE
4.059999999999775,12.222000000000751,0.3,0.0,0.8005702121769918,0.0012674877334081052,0.117495859292075,-2.0803757294435585,-2.0794043187415063,0.3563366705228995,-0.18248992460698296,0.08159163955193623,-0.387616751308855,-0.02953219577725792,0.3060699114117206,0.3099999126886311,1.957699340646413,1.9568104977223357,-0.08579927720896081,-0.08347937109083518,4,FREE
4.069999999999774,12.232000000000754,0.3,0.0,0.8037053114114913,0.0012719838010308534,0.11733194746788725,-2.078640955384888,-2.0880573445717148,0.36529129325742077,-0.9884021358887882,0.0815201356765578,-0.15991869769450226,0.0010715493773076304,0.30990929691112534,0.3131997627626844,1.9871576289836637,1.9875771923629797,-0.11793088283221863,-0.11095980411552221,4,FREE
4.079999999999773,12.242000000000758,0.3,0.0,0.8068569811764847,0.0012764932325781487,0.1171668665091895,-2.085872446746774,-2.100757861120666,-1.369963856577689,-1.30677317652911,0.08156681805239507,-0.06363139462670489,-0.0016037516793773342,0.31266283483416274,0.3145108121259335,1.9981562559234618,1.9978716463892765,-0.1330849653597033,-0.1379841936387637,4,FREE
4.089999999999772,12.252000000000761,0.3,0.0,0.8100137403019777,0.0012810073635515793,0.11700128901060096,-2.0980705101532195,-2.1145627394081243,-2.466668964622933,-1.4333862465628435,0.08171194625363888,-0.14123453524911583,0.022888035185767073,0.3144836511552133,0.3150706622119766,1.9959873193235305,1.9969295562078377,-0.18896714193048322,-0.18632557378983453,4,FREE
4.0999999999997705,12.262000000000764,0.3,0.0,0.8131538387653289,0.001285503264869702,0.11683634210448862,-2.1119541347564175,-2.12387062642043,-1.4454125067724661,-0.8108774905067611,0.08204355659591432,0.828581299313047,0.03685323576441666,0.3157402067729659,0.3127348990559246,1.9705926454408331,1.9721726514294176,-0.18368264503493437,-0.17724183354336576,4,FREE
4.109999999999769,12.272000000000768,0.3,0.0,0.816276186958506,0.001289987817895988,0.11667234083777911,-2.122460731122351,-2.128425971248137,0.18807972493930103,-0.3949914613785523,0.08258872396526101,0.11219632682816705,0.056818239264896014,0.31258330496849035,0.31118935131366554,1.9557783129912711,1.957890006136184,-0.16462823280524405,-0.16110839197929458,4,FREE
4.119999999999768,12.282000000000771,0.3,0.0,0.8193886352791115,0.0012944694595742282,0.11650901746735375,-2.1277338889206163,-2.1302727997147555,0.4579038999802053,-0.1284171774601416,0.08316524368169267,-0.5976679852141571,0.056672147108344846,0.31168229081253024,0.3102174492779366,1.9448257236666677,1.9468127306665617,-0.16607734295213583,-0.1644259679193522,4,FREE
4.129999999999767,12.292000000000774,0.3,0.0,0.8224933404995237,0.0012989692055874588,0.11634623698580498,-2.1301282451954395,-2.129972721847798,-0.05130452708132517,0.09388242574449072,0.0838807454486516,0.3684656453253482,0.07614992323830504,0.3100776520868128,0.3094163461216309,1.9408854919274179,1.9438586935819966,-0.12988436826437255,-0.12173304867756497,4,FREE
4.139999999999766,12.302000000000778,0.3,0.0,0.8256038914262475,0.0013035176091075913,0.11618333148374292,-2.130019866809389,-2.131043785289057,0.14643999947137376,-0.12370210989472384,0.08482255470880844,-0.2930594412525431,0.09651633118752277,0.3097055226379553,0.31030983997274036,1.9445433728801722,1.9479407670644118,-0.1694826446307277,-0.16686307973654563,4,FREE
4.149999999999765,12.312000000000781,0.3,0.0,0.8287049939141176,0.0013080768933675486,0.1160208222244966,-2.130926066905379,-2.1295230366164546,0.12645637347967117,0.22767981995558284,0.08562284656924503,0.14287497010690764,0.07152394587899004,0.3093802023215116,0.3090120592789847,1.9300491902736256,1.93218571419939,-0.16990668955641267,-0.17460620018035852,4,FREE
4.159999999999764,12.322000000000784,0.3,0.0,0.8318012090038622,0.001312660711386606,0.11585859199461303,-2.1301351701837894,-2.12659244415444,0.3212525410379888,0.24730467548900784,0.0861917646290168,0.6563939565676932,0.05854976354942357,0.30897370492479154,0.3089939753327235,1.9351216959644861,1.9372377976674668,-0.13535286822857526,-0.1315817530311774,4,FREE
4.169999999999763,12.332000000000788,0.3,0.0,0.8349074439668125,0.0013172816989578712,0.11569594743706411,-2.1269951908409075,-2.126105310572766,-0.0398731055255834,-0.0052900456309416975,0.08639016904000166,0.20534599710390355,0.005703016059129113,0.30924963335244976,0.31002660469975213,1.9471163090513643,1.9469189935510673,-0.13230487445561037,-0.13834819113719618,4,FREE
4.179999999999762,12.342000000000791,0.3,0.0,0.8380232631671749,0.0013219393892760964,0.11553280253168262,-2.1260144339992557,-2.127944634263156,-0.447533985131921,-0.23608358468374352,0.08622773580104415,0.6633945389965358,-0.018669466963993873,0.3106399419301284,0.310974716133563,1.958650408233623,1.958059360688235,-0.1270061789099675,-0.1249236010342203,4,FREE
4.189999999999761,12.352000000000794,0.3,0.0,0.8411500782605567,0.0013266543085676658,0.11536905100892891,-2.1273319804945268,-2.132478957113429,-0.20992313848034572,-0.4811453614238475,0.08623206555437354,0.049617950040691,0.007752528178288623,0.31054415243015804,0.3119747752748388,1.9663408218140979,1.9669412258339727,-0.14594203145536352,-0.13937296572526622,4,FREE
4.1999999999997595,12.362000000000798,0.3,0.0,0.8442807390626103,0.0013313997519716673,0.11520499805460935,-2.1314825486268543,-2.137865429109001,-0.5538886459927804,-0.5503156420835511,0.0864543069122702,-0.07867875968572978,0.022082229914689385,0.3116787251753391,0.3122926704949459,1.9691385661798826,1.9699391382010805,-0.144744513384101,-0.14401937098603146,4,FREE
4.209999999999758,12.372000000000801,0.3,0.0,0.8473900588998271,0.0013361114049743122,0.11504178588072243,-2.1367411869139743,-2.137592226611908,0.0019981290063330348,0.264692758150217,0.08656310968097906,0.7292613057618701,0.00561144304640382,0.31253668455428,0.3092022654168807,1.9322388465605178,1.9325249163786666,-0.16615645722562797,-0.16356659708340085,4,FREE
4.219999999999757,12.382000000000804,0.3,0.0,0.8504824781530755,0.0013408054847142566,0.11487949421964955,-2.1382308865389263,-2.132817665837767,0.14602924815451335,0.5283577004999415,0.08670137755569242,-0.8135519780110512,0.014613250883078797,0.3094313813016538,0.3082373601368269,1.9220686998316252,1.922530044734118,-0.16173063421199438,-0.16245233544558327,4,FREE
4.229999999999756,12.392000000000808,0.3,0.0,0.8535677422811291,0.0013454822629791704,0.1147177204140177,-2.133965551426238,-2.126054935383057,-0.33715837463162557,0.698834283368217,0.08669736556339128,-0.7155688401781838,-0.008146985162699327,0.3079748176348973,0.3076376099016284,1.9172375085828965,1.9165725299715002,-0.14933790026572366,-0.1567483225617287,4,FREE
4.239999999999755,12.402000000000811,0.3,0.0,0.8566527722263709,0.0013501495054357127,0.11455609455248458,-2.1274863544671287,-2.1190806466535315,0.8235667439752762,0.6798032781846646,0.08646806010054434,0.6183807635585788,-0.022115518260538803,0.3070871145371896,0.3077742187341901,1.920113698030545,1.919331862583755,-0.14204680600011804,-0.1423601624858144,4,FREE
4.249999999999754,12.412000000000814,0.3,0.0,0.8597537537169679,0.001354846177949847,0.11439381470675127,-2.120405269523353,-2.11607059357856,0.559623611186507,0.1726975605894758,0.08632213427870204,-0.5173831275701786,-0.010092376210788522,0.3074173241541134,0.30979541364419877,1.9452018006336644,1.9446075869637367,-0.11567950834852551,-0.12151457618375368,4,FREE
4.259999999999753,12.422000000000818,0.3,0.0,0.8628747271109338,0.0013595616269012215,0.11423051578943029,-2.116229493772003,-2.1180595747464435,0.5826070550200526,-0.2912315236614714,0.08608647368145095,-0.580719513457728,-0.022009241453128204,0.3095218365608817,0.31165073058649556,1.9648126630928622,1.964472867375002,-0.12353312902183201,-0.11505186237494854,4,FREE
4.269999999999752,12.432000000000821,0.3,0.0,0.8660128022772808,0.0013643182314697895,0.11406623947138421,-2.11729504415095,-2.1243015201066786,0.42023539503738583,-0.6943637784925953,0.08622787961965142,-0.1565768922159984,0.020153626445025618,0.3118662974749071,0.31326749662394177,1.980238661434637,1.9811900627854249,-0.1297379129378295,-0.125260961303784,4,FREE
4.279999999999751,12.442000000000824,0.3,0.0,0.869156729197644,0.0013690800625835071,0.1139014730276548,-2.1227827292692343,-2.1318954053411083,-0.3900595832288931,-0.7268080037924748,0.08650441827725393,0.3932843033499726,0.027123348929467998,0.31301796796961934,0.3134496136510659,1.9774965919616345,1.9784635707916667,-0.15835591939097649,-0.1576989293353252,4,FREE
4.28999999999975,12.452000000000828,0.3,0.0,0.8723063541186832,0.0013738612906203718,0.11373636054502703,-2.130506944825433,-2.1408212286834334,-0.8410615958092682,-0.9844974183564877,0.08699965466166729,-0.027134475284956883,0.06057892754152805,0.31388142490217846,0.31449173564667154,1.988593197080094,1.9905692626994644,-0.15398105050045904,-0.15670405198914475,4,FREE
4.2999999999997485,12.462000000000831,0.3,0.0,0.8754566643471999,0.0013786415320886079,0.11357114604646829,-2.1388982808644283,-2.149798451963066,-0.8020659567086514,-0.8781392915894685,0.08741101391055707,-0.27695720194941187,0.03832889791441535,0.3150378783447266,0.3141243272275051,1.984880566659961,1.986272085117125,-0.15405077536474715,-0.1515561339871211,4,FREE
4.309999999999747,12.472000000000834,0.3,0.0,0.878601012416781,0.0013834302966853453,0.11340619194193595,-2.1480710992084555,-2.1571262746730206,-1.3834878729159719,-0.659790623706797,0.08785338036972883,-0.032850248740802196,0.04654469161979459,0.31442044696003346,0.3133184440547642,1.9725141412682803,1.974271153452661,-0.17776322851590926,-0.17384427655252893,4,FREE
4.319999999999746,12.482000000000838,0.3,0.0,0.8817335834230435,0.0013882241744023,0.11324184147594049,-2.1559819810345573,-2.161316368027496,-0.895927162452508,-0.3862482621309618,0.08836058775405327,-0.045095450796921795,0.05047600307621676,0.3134160457856411,0.31229534254438834,1.963621816035987,1.9654118777143088,-0.15968730767570205,-0.1577725239879415,4,FREE
4.329999999999745,12.492000000000841,0.3,0.0,0.8848476601527834,0.0013930143618614526,0.11307842561935855,-2.1606088919766107,-2.1606384554554188,0.3737826309406465,0.2207001482626131,0.08888796038814877,0.6051808156507834,0.0536206324839606,0.3128486995787183,0.30998715513599656,1.935375920683112,1.9372947643927743,-0.18017987561369309,-0.17777723471542045,4,FREE
4.339999999999744,12.502000000000844,0.3,0.0,0.8879417121585789,0.001397801496178348,0.11291610611966436,-2.161275077661553,-2.1546982936936616,-0.33117184604160155,0.6801822968579436,0.08943267082198834,0.38152720886378766,0.05456819225999176,0.3106089844398879,0.30825010905542,1.917680665287532,1.9196278339090873,-0.17117557803173516,-0.1687502985938104,4,FREE
4.349999999999743,12.512000000000848,0.3,0.0,0.8910209692452402,0.0014025791459797482,0.1127546598873489,-2.156196524918978,-2.1448381843247257,1.4295032897353572,1.074851007059943,0.08974452229480344,0.2458776893955201,0.014809553859123498,0.30849252551618234,0.3067703009806438,1.9015426872043397,1.9012536963575057,-0.17018649102842734,-0.18506868831234688,4,FREE
4.359999999999742,12.522000000000851,0.3,0.0,0.8940944158253273,0.0014073488439921855,0.11259367063933166,-2.1471760720647377,-2.133364358268676,1.3235016314448511,1.089430995620547,0.08952173638689567,-0.09621838154085417,-0.022742280778911904,0.30692347406289333,0.3067642182098774,1.908378117346446,1.9074882135521807,-0.1294065732750859,-0.13064397398899172,4,FREE
4.369999999999741,12.532000000000854,0.3,0.0,0.8971867488319525,0.001412188086566818,0.11243192700843327,-2.1354274071970822,-2.1266461597712487,1.0964546741509043,0.5591065781783726,0.08951819389148293,0.43329232139557733,0.008110130769518735,0.3062877708735653,0.30886560415460984,1.9343293505907957,1.9347375376308642,-0.10381917717196351,-0.10173250119914301,4,FREE
4.37999999999974,12.542000000000858,0.3,0.0,0.9003053144804353,0.0014170870047589062,0.11226886956811281,-2.1274743396664153,-2.1265657046386313,1.4839512029188404,-0.1176460540116532,0.08967715386232657,-0.5630169133113979,0.01757145244932702,0.308473462220167,0.3115337917136818,1.960892831678994,1.961589794407561,-0.11874760705546988,-0.11703108856837338,4,FREE
4.3899999999997386,12.552000000000861,0.3,0.0,0.9034453199701151,0.0014220292183342532,0.11210457482368757,-2.1261372214065224,-2.131878110750552,-0.9374726856583182,-0.6459821074006517,0.0899172156233925,0.06753983811428078,0.02639000383766062,0.3111878120716688,0.31362708928337074,1.9840845157521234,1.9851386085007698,-0.11233887258071426,-0.10925451012211304,4,FREE
4.3999999999997375,12.562000000000864,0.3,0.0,0.9066017822968555,0.0014270028593278237,0.11193925301130538,-2.130347238180468,-2.1413036381291373,-0.11653063821702343,-0.9713070721761184,0.09018087506332229,-0.6342165993085285,0.024074816262520206,0.31326816368358246,0.31493103059230687,1.9940591447839617,1.994828011624793,-0.13880316511791738,-0.1395911905516464,4,FREE
4.409999999999736,12.572000000000868,0.3,0.0,0.909765561669619,0.0014319978431605062,0.11177339392228411,-2.139303325111381,-2.15249674070005,-1.0935450739141868,-1.1681094077405842,0.09048237141887755,0.24947880691766955,0.031025001105931725,0.31495713494593963,0.31573022232179127,2.001230841802852,2.002695463297904,-0.1501170596300979,-0.14132699042985133,4,FREE
4.419999999999735,12.582000000000871,0.3,0.0,0.9129279709206162,0.0014370186629051583,0.11160746821614013,-2.1501431172604835,-2.163232332448978,-0.7905520571796794,-0.9959031753681898,0.09109970894276996,0.3983760944808921,0.06786134973604377,0.31622308651056863,0.3150984521423363,1.9840707048345023,1.9866596685097961,-0.21626200329828943,-0.21087651100886345,4,FREE
4.429999999999734,12.592000000000874,0.3,0.0,0.9160598616936987,0.001442014204794876,0.11144290566007765,-2.161656668219533,-2.1659869460459156,-0.9497598956422345,-0.1420942661807586,0.0919189212240545,-0.9948152497320215,0.08636866910108083,0.31519079624412827,0.31183526190236255,1.951882223857911,1.9551722814280543,-0.18795864606927926,-0.18062233344508832,4,FREE
4.439999999999733,12.602000000000878,0.3,0.0,0.9191638177866088,0.0014469967671236388,0.11127984244639544,-2.1659316679222487,-2.161442752084626,-0.15763187053128797,0.6382514507582583,0.09292203549538955,-0.23524885250703395,0.1027478743647506,0.31222032419667206,0.30885645721329213,1.916129452367266,1.9199048728961587,-0.20906038189676535,-0.20284181928098954,4,FREE
4.449999999999732,12.612000000000881,0.3,0.0,0.9222483711855098,0.0014519628529818492,0.11111800760269251,-2.163087386509206,-2.151802821801071,0.7383119917834113,1.0194413453503564,0.0936691677568255,-0.3549597251138133,0.0617310883745263,0.31026593890738713,0.3074223015777407,1.9085978918220183,1.9108003420991921,-0.15628900667486723,-0.15198879884654015,4,FREE
4.459999999999731,12.622000000000885,0.3,0.0,0.9253308379652913,0.00145696207254477,0.11095655055586398,-2.153878380153031,-2.1415292119067733,0.8190232122199073,1.0020265060796347,0.09428214695370052,-0.23078491535765291,0.057376880444476315,0.3074145925419144,0.30753330694203446,1.9149400634019236,1.9164994696856088,-0.11634022221441645,-0.1232962009354737,4,FREE
4.46999999999973,12.632000000000888,0.3,0.0,0.9284275009747042,0.00146200793635247,0.11079455984203257,-2.143350793740355,-2.134813188546473,1.8635390009986321,0.6033433032492046,0.09453635307068824,0.6699663663331512,0.021999492469461,0.30715048919512694,0.30912075856153465,1.9313825055945573,1.9320452643929926,-0.12860664675738934,-0.12891413998747983,4,FREE
4.479999999999729,12.642000000000891,0.3,0.0,0.9315523447253987,0.0014671263765800007,0.11063123773639076,-2.1358951933401773,-2.135258542615481,0.12579073457006798,-0.3062016522744551,0.09452570240483413,0.41112568574644237,-0.011151365587030839,0.30949156859254623,0.31267864683191715,1.9794674868424087,1.9786344159502838,-0.062498586571864835,-0.07055591708665755,4,FREE
4.4899999999997275,12.652000000000895,0.3,0.0,0.9347115811580272,0.0014723271997725124,0.11046606289498022,-2.1341219175791455,-2.1444679360421226,0.12863551015901167,-1.0669275949831374,0.09437845948610528,-0.5732949685290678,-0.011452420628841005,0.3112861521785539,0.31565864046496417,2.000844485381806,2.00029544273326,-0.14126823855802756,-0.14446837800386308,4,FREE
4.499999999999726,12.662000000000898,0.3,0.0,0.9378814636566539,0.0014775593289666229,0.11030002422393063,-2.1422980842045782,-2.1563093210601423,-0.5786557382657952,-1.2322707153567398,0.09417110651923331,-0.3360016464575283,-0.02159860176359523,0.314705911169098,0.31633465783319886,2.011006590524856,2.010282830356921,-0.11947213961393666,-0.11911337757665966,4,FREE
4.509999999999725,12.672000000000901,0.3,0.0,0.9410624527735387,0.0014828195747620583,0.11013326417977351,-2.153657240076902,-2.1709313457937736,-0.7208747451167031,-1.4588300572074586,0.09403078999423117,0.4251724796827227,-0.01128159889548281,0.31601075906340154,0.31723419729849983,2.0150730971017103,2.0147879475053747,-0.15834020240079227,-0.15668249266765932,4,FREE
4.519999999999724,12.682000000000905,0.3,0.0,0.9442330379937932,0.0014880735227254076,0.10996682177589025,-2.1680689406193965,-2.1827944249351035,-1.3371671927717927,-1.0775890292023866,0.09413555625381599,0.018648015532287635,0.01890379920754923,0.3177709257150613,0.3157810044473437,1.9947608196777165,1.9957831225423106,-0.18643030160578022,-0.17946727689102582,4,FREE
4.529999999999723,12.692000000000908,0.3,0.0,0.9473865617698126,0.0014932937411203699,0.10980121685119974,-2.180856359663596,-2.1902051412600634,-1.102661862391141,-0.6819215599018461,0.09432442687260195,-1.1692644429166439,0.015435845358621258,0.31624805898895375,0.31426420875379235,1.9773358742764304,1.9779529515653238,-0.19215801557005535,-0.1901581610545569,4,FREE
4.539999999999722,12.702000000000911,0.3,0.0,0.9505158128538135,0.0014984730755312626,0.10963687342208085,-2.189109466296163,-2.1913133182999727,-0.9994131606557553,0.046439451349345656,0.09457571529376174,-0.1523358754916838,0.02903345626522778,0.31443953148093967,0.31146340245605125,1.9438809071229026,1.9452140055585074,-0.2128454850916418,-0.20579624900375337,4,FREE
4.549999999999721,12.712000000000915,0.3,0.0,0.9536103651971802,0.0015036148313040945,0.10947435267992532,-2.1917906916524137,-2.183424241477699,0.1311978706509322,0.9632968424199576,0.09516640910875829,0.04677916010874952,0.06776083713746993,0.31221372792647756,0.30794013195456005,1.9057349037118556,1.9085499353483109,-0.2071948410261958,-0.19724115586842195,4,FREE
4.55999999999972,12.722000000000918,0.3,0.0,0.9566809781274661,0.001508734525842658,0.10931328526197139,-2.1856909699257616,-2.169311725964363,0.05054118840075244,1.4650605371681915,0.09600617672018136,-0.6529536444635566,0.08342377684885653,0.3082216453769285,0.3060261198149007,1.8900533215935205,1.8930395693788746,-0.1673886853011105,-0.1641879733080881,4,FREE
4.569999999999719,12.732000000000921,0.3,0.0,0.9597590433222758,0.0015138799711012837,0.10915220876407603,-2.172349783670283,-2.1570748784810654,1.0039546242971424,1.0914128481934877,0.09679446027456483,0.8110432504466066,0.07498327443900944,0.30661829093977166,0.307496546807962,1.907931284040593,1.910851268657197,-0.15947210142610965,-0.15067249252153228,4,FREE
4.579999999999718,12.742000000000925,0.3,0.0,0.962841526968232,0.0015190656259093172,0.10899093761696377,-2.1592971878818186,-2.1458932556309613,1.6706391249160095,1.1026626804531559,0.09763396007240643,0.6049994783082989,0.07845620911385971,0.3066780586987676,0.30749503978107084,1.9119519839561356,1.913914923702919,-0.1199083900101141,-0.13377541032671908,4,FREE
4.5899999999997165,12.752000000000928,0.3,0.0,0.9659416208814875,0.0015242711683271576,0.10882882343660358,-2.1479597321444572,-2.139160258396611,1.2321349666452635,0.5026377994512923,0.09768492405747485,-0.9175147203932132,-0.011095724598421916,0.307150627443288,0.309855022317175,1.9446242153715219,1.9435304357620589,-0.08110327168694303,-0.09329381265063758,4,FREE
4.599999999999715,12.762000000000931,0.3,0.0,0.9690761185429181,0.0015295575384815894,0.10866496699288365,-2.1397731861839944,-2.1412064452683097,1.0170184392012718,-0.3620358742113396,0.09731553005944509,0.31687527856253644,-0.03601260501294456,0.30913299812561557,0.3132362772463339,1.9796612797921846,1.978344536332065,-0.09890369798846403,-0.09976683705188617,4,FREE
4.609999999999714,12.772000000000935,0.3,0.0,0.97224074906535,0.001534926008315909,0.1084994131587906,-2.1401674837493494,-2.150925594706513,0.07784571125666583,-1.130645532998099,0.09697692493270656,-0.7798411781760729,-0.03285474111527231,0.31232327119371583,0.31624130556934904,2.0105223966347463,2.0092963755222546,-0.10886818431339991,-0.1112640977669357,4,FREE
4.619999999999713,12.782000000000938,0.3,0.0,0.9754280150871947,0.0015403409569272324,0.10833247843802647,-2.148417137261319,-2.166395455640624,-0.37716859693662647,-1.6183901828681169,0.09662168128407232,0.06970792485360765,-0.03522048985885148,0.31519511834034564,0.31815238061361784,2.025233127736867,2.0240411152476767,-0.1511461454996326,-0.15131722592350447,4,FREE
4.629999999999712,12.792000000000941,0.3,0.0,0.9786144912365669,0.0015457559802133703,0.1081652836577069,-2.1631736396529515,-2.181582995408336,-1.0502697876613156,-1.464639240306738,0.09635085752369263,-0.5571709572715984,-0.024034159332331696,0.3179157186106935,0.3175782217482282,2.015775525750701,2.0150552363467615,-0.17025706685715947,-0.16889520110131806,4,FREE
4.639999999999711,12.802000000000945,0.3,0.0,0.9817792936206841,0.0015511389875574823,0.10799897727945024,-2.178784982605449,-2.1911169836810624,-1.1441471293123857,-0.7633203232500495,0.09636746081883737,-0.2946516383637091,0.011740187814562812,0.3179402529860866,0.3148839682060029,1.9799677317249726,1.9808068038983493,-0.2124857811516408,-0.2045877363089474,4,FREE
4.64999999999971,12.812000000000948,0.3,0.0,0.9849006132277187,0.0015564223468366415,0.10783479500273895,-2.1899704948796312,-2.1893758024110834,-1.516892576757991,0.4615051703989411,0.09628744658501567,0.40088191724771055,-0.021798347899998776,0.31555881116650514,0.31017057324202374,1.9323455653029626,1.9318235741561465,-0.18791970589287696,-0.18242742631731143,4,FREE
4.659999999999709,12.822000000000951,0.3,0.0,0.9879900701167567,0.0015616538517427747,0.10767248520449105,-2.1905301541696027,-2.1793727483954393,-0.09876845655003312,1.1667724116286984,0.09640314818683222,0.758461270994215,0.021509102348778904,0.3112817342244079,0.30746449252238867,1.896733946587152,1.89809882395374,-0.23121762035274962,-0.21886271029934123,4,FREE
4.669999999999708,12.832000000000955,0.3,0.0,0.9910452423360632,0.0015668334526648092,0.10751214386477409,-2.1821931570943423,-2.1604586458285797,0.29933275763777345,1.96832884579589,0.09685169569722782,0.9429687066756463,0.037729306164268055,0.30777896705942337,0.30440137886994817,1.8727117896715983,1.8736474405613692,-0.15594182532205203,-0.16338437108896314,4,FREE
4.679999999999707,12.842000000000958,0.3,0.0,0.9940983709719402,0.0015719901561739896,0.10735230831163753,-2.1644657310933186,-2.1409446092619535,1.989841509320992,1.9076310129871408,0.09704594585376093,0.13399325419743607,0.02055077268082228,0.3044007527214086,0.3046771284107971,1.8794587348230054,1.8802240078054158,-0.13577260228988758,-0.13392931131624286,4,FREE
4.6899999999997055,12.852000000000961,0.3,0.0,0.9971620594289098,0.0015771790660062599,0.1071921242608607,-2.1446730094203144,-2.1240463903770745,1.6915300086740104,1.6742792237067534,0.09735065095436694,-0.40943642340185293,0.03448355455909114,0.3046267049001054,0.3056341942014664,1.8965482857649536,1.8976917817004497,-0.08332703544018358,-0.08410463703285406,4,FREE
4.699999999999704,12.862000000000965,0.3,0.0,1.0002599564934596,0.0015824318214532399,0.10703034170471945,-2.1269831753431,-2.1158495885762916,0.8596151018387859,0.5931080044455906,0.09759009029371983,0.6240909126843075,0.020913463147409245,0.30576346467155374,0.30986731324128075,1.945170328485786,1.9457548395280473,-0.06641660832196244,-0.06857267882923432,4,FREE
4.709999999999703,12.872000000000968,0.3,0.0,1.00340489551906,0.0015877781095412033,0.10686610876775351,-2.1165203472954937,-2.1196526101909017,0.9536087812293473,-0.5996490248464418,0.09778225888355839,-0.595639958591987,0.02401430695553146,0.30899380045918723,0.3145316932581677,1.9932502519075828,1.9943560549815715,-0.08557888877255009,-0.07944441445927507,4,FREE
4.719999999999702,12.882000000000971,0.3,0.0,1.006589024295261,0.0015932109983444504,0.10669960924583342,-2.1180337892300005,-2.133425061189272,0.4378097189137419,-1.556226500031791,0.09804950287747816,0.11291896876347672,0.02217008758454048,0.31404244853609486,0.31827692254827467,2.0324017686997253,2.033013261324252,-0.0908957247782184,-0.09350938724140627,4,FREE
4.729999999999701,12.892000000000975,0.3,0.0,1.0097979346901178,0.0015987045942477398,0.10653150787646934,-2.129954015452165,-2.1534642241796416,-1.6243694907855541,-2.0945828601811716,0.09833845435424389,0.4850716120202825,0.03392070635898604,0.3173346399851097,0.3203947573869445,2.050576926819364,2.0517494822418856,-0.12175065465609136,-0.12150706041095269,4,FREE
4.7399999999997,12.902000000000978,0.3,0.0,1.0130188532820252,0.0016042315118653964,0.10636253076526823,-2.1491030007294536,-2.176507412298797,-2.4426672831456746,-2.3003731073944502,0.09858497954029773,0.22691622451959326,0.020840947558464558,0.31998991537178445,0.3212117632579422,2.0496657002869876,2.050087645880913,-0.1899512232001101,-0.19544841682657588,4,FREE
4.749999999999699,12.912000000000981,0.3,0.0,1.0162175377090363,0.0016097111802284656,0.1061943796619967,-2.1721870026766013,-2.193737914754057,-1.9546915724634595,-1.5716066600004515,0.0984206445306203,-1.0806306460910537,-0.029015952344416687,0.3218241721225594,0.3184113620626084,2.0191523829710603,2.017519587786953,-0.19122825855292497,-0.2032683923321031,4,FREE
4.759999999999698,12.922000000000985,0.3,0.0,1.0193849477728993,0.0016151419679487945,0.10602780232548895,-2.1909026973320227,-2.202859930328931,-1.4691543830587313,-0.7364051659396771,0.098039580085808,-1.3629551149663126,-0.029819299139993257,0.31831321670698254,0.31519039197841614,1.9827020440282224,1.981923369839426,-0.2066468043457693,-0.20181139993289335,4,FREE
4.769999999999697,12.932000000000988,0.3,0.0,1.0225125823153531,0.0016205378955769477,0.1058633579360901,-2.2017381834765066,-2.2016950848510137,-1.7541361771510813,0.3615976236273775,0.0981337022197745,-0.29207432610227363,0.016455667984903614,0.31599630691983477,0.31095546703481797,1.936257127919247,1.9377116388325637,-0.2076487556684233,-0.19000908039520278,4,FREE
4.779999999999696,12.942000000000991,0.3,0.0,1.0256093062129967,0.0016259158154063526,0.10570078559557279,-2.20273476045047,-2.1925412690249337,-0.2219099349177579,1.0209325734775616,0.09893461673406777,-0.08268109795983594,0.08943512191939819,0.31126043525049396,0.30841606207131306,1.913800006166048,1.9169851742852524,-0.15826436994299894,-0.1570124233001791,4,FREE
4.7899999999996945,12.952000000000995,0.3,0.0,1.028694743602183,0.0016312722934397675,0.10553912500100843,-2.194635820199527,-2.1804597862454127,1.6205047533321972,1.2890192037351578,0.09978731656084379,-0.08591291054162374,0.08697516944485463,0.3091223964803291,0.30739446123438585,1.8999635576011207,1.9031968718271837,-0.1818761697782454,-0.17593217509899883,4,FREE
4.799999999999693,12.962000000000998,0.3,0.0,1.0317715602871125,0.0016366353146890667,0.1053780653617472,-2.1832275959283547,-2.1661117345339056,0.22789759003669327,1.4126775577956994,0.10074826850761945,0.2709531160729271,0.09766684468055337,0.30806374384703317,0.30694110007039804,1.9000295183806328,1.9035858315056735,-0.1448936832107846,-0.13945537693567128,4,FREE
4.809999999999692,12.972000000001001,0.3,0.0,1.0348613182590158,0.001642050868184582,0.10521651272197487,-2.168893258342103,-2.155049136902098,0.8061354502667561,0.9850799315203572,0.10173919900721415,0.7333802359940802,0.10077161620592831,0.3069951669703152,0.3086222455688034,1.9177331604873398,1.9210466146350953,-0.1473339103791372,-0.14899638694478243,4,FREE
4.819999999999691,12.982000000001005,0.3,0.0,1.0379606082761936,0.0016475072687086884,0.10505440251978852,-2.1570147368254498,-2.146359872873476,0.5807083059107812,0.7949432843921922,0.10246999415514771,0.015397465184147746,0.06562561428295854,0.3084507922339902,0.3093970732785898,1.9343545879869877,1.9363030506187007,-0.08940572798451163,-0.09355173718857504,4,FREE
4.82999999999969,12.992000000001008,0.3,0.0,1.0410848764424936,0.0016530496718586251,0.1048910012851049,-2.1475841005959104,-2.144025739057222,0.9238012627073616,0.16380921967863754,0.10303500008321613,-0.24476205703223497,0.06381655029910348,0.3083268084547841,0.3118745474960059,1.9546766783237672,1.9573387499338506,-0.14128808667303283,-0.13015966237944265,4,FREE
4.839999999999689,13.002000000001011,0.3,0.0,1.0442125245962457,0.0016586623388699733,0.10472715143036529,-2.1442714464869383,-2.142443830648573,1.069826132434043,0.1962911545720225,0.10387827464841733,-0.07028655091896183,0.08452797131327325,0.3105848973210369,0.31179645247268656,1.9496922870376188,1.9527248960200665,-0.16212236708094407,-0.15840971364459405,4,FREE
4.849999999999688,13.012000000001015,0.3,0.0,1.0473483528243144,0.001664349332202112,0.10456282418097174,-2.1429132587930906,-2.142859452559968,-0.3119670499882121,-0.12191762833708955,0.10496633395313022,0.12420383414561688,0.1193933578033968,0.31186268631711067,0.3130687976782814,1.9702451521604831,1.9744139987569385,-0.10760696074605106,-0.10559274139673006,4,FREE
4.859999999999687,13.022000000001018,0.3,0.0,1.0505059164390234,0.001670119515749823,0.10439743080550916,-2.1423483441065314,-2.148782557787368,-1.0061682571310613,-0.6829949546805392,0.10602585725603626,-0.2899219324589369,0.10263248385995707,0.31264441488034816,0.3152740645762578,1.9897630807096007,1.9932693434245157,-0.14128916145911938,-0.13969753618044353,4,FREE
4.869999999999686,13.032000000001021,0.3,0.0,1.0536733576772537,0.001675948428010765,0.10423142716836908,-2.147365254697503,-2.157151548853546,-1.089780376168131,-0.8966879208344601,0.1068727510685885,0.2916099555520264,0.07790208769542789,0.3155326451752097,0.3161346002721588,2.001173222063331,2.003611121888321,-0.12588756279337449,-0.12850232565152758,4,FREE
4.879999999999685,13.042000000001025,0.3,0.0,1.056849280605212,0.0016818308139417335,0.10406492776379779,-2.155220951132147,-2.167624173067317,-0.9467477015828492,-1.0538427199004177,0.1074059164766844,0.2527089804388324,0.048056963642179575,0.3152232346215962,0.31676871468200485,2.0056428208679384,2.0070976147239032,-0.14571844478958104,-0.14767582338013233,4,FREE
4.8899999999996835,13.052000000001028,0.3,0.0,1.060023137852057,0.0016877364096252786,0.10389844362825174,-2.1655028717411877,-2.1774916364762107,-1.5635319667059533,-0.9818663578378058,0.10752416676173457,-0.04363090844073564,-0.00042537475596915626,0.3164725088591918,0.3165112117340216,1.9991368954348474,1.9989766595848628,-0.1776977160407262,-0.17856015174563383,4,FREE
4.899999999999682,13.062000000001031,0.3,0.0,1.063183096260614,0.0016936541360679073,0.1037325895255325,-2.1757142737293202,-2.183712386174006,-0.9521594640149574,-0.5374608005356628,0.10753722582597187,-0.19745801586271308,0.0042947809769842285,0.3167584431252457,0.31481246548313035,1.9810447989766662,1.9814899724723294,-0.17488898976044245,-0.16813679206274587,4,FREE
4.909999999999681,13.072000000001035,0.3,0.0,1.0663287461439095,0.0016995918009337601,0.10356751383302626,-2.182780938894186,-2.186197265289723,0.5569835174252783,-0.17525977112352914,0.10788314680263417,0.42159908125837803,0.04212888476366982,0.31491114462852404,0.3134270574875458,1.965201433534036,1.967023647582332,-0.17592767439432305,-0.16845511512434796,4,FREE
4.91999999999968,13.082000000001038,0.3,0.0,1.0694553510373261,0.0017055155268246047,0.10340345292622037,-2.1859938354710025,-2.183725316321384,-0.14312831785634153,0.3848988915798093,0.108392050811923,-0.43780926439687673,0.04839956087524555,0.3137008448234912,0.3112799068526653,1.9390745422702886,1.9407225955011613,-0.1922941699430473,-0.1921423423570525,4,FREE
4.929999999999679,13.092000000001041,0.3,0.0,1.0725647458445557,0.0017114256925708077,0.10324038731662032,-2.184770908408376,-2.17676912188245,1.0765431370066585,0.7648297577725173,0.10898165344571695,0.022213290493464537,0.06258124296617852,0.3119505667634979,0.30983157051408106,1.9282133784439266,1.9306553162336109,-0.15773924625126529,-0.15108054811331423,4,FREE
4.939999999999678,13.102000000001045,0.3,0.0,1.075668022305254,0.0017173491575536385,0.1030777912784653,-2.178332935501337,-2.1681859799342553,0.419157234949524,0.892089775925906,0.10972445119149535,0.18014155180565464,0.07392543676132203,0.31055143296986526,0.30936391616653725,1.9214291696110306,1.9238207029250896,-0.1662238401168507,-0.16848356682154791,4,FREE
4.949999999999677,13.112000000001048,0.3,0.0,1.0787695314342631,0.0017232712915035305,0.10291538867998484,-2.1700879748811386,-2.159082805815305,1.1284760280833686,0.8240649762090603,0.11016474584445338,-0.7812552790384416,0.034028160950161125,0.3100246764252366,0.30965642957006667,1.933324267867995,1.9340774475480065,-0.10705981397991492,-0.11389889606974564,4,FREE
4.959999999999676,13.122000000001051,0.3,0.0,1.08189405796243,0.0017292449566065102,0.10275198045462677,-2.160485320010109,-2.155857278652142,0.75210360906002,0.19462056289786409,0.11022418158584772,-0.14819222615221564,0.0015614199747910158,0.3089442020342665,0.3121171477884873,1.9608256608918728,1.9606604252679802,-0.10730146657006581,-0.11049139765135624,4,FREE
4.969999999999675,13.132000000001055,0.3,0.0,1.0850459328359334,0.0017352891854550136,0.10258716126347232,-2.155990650742619,-2.1596183463036724,0.23239985639739083,-0.5427211607219591,0.11011829091022424,0.5344619785151886,-0.015053620926331621,0.3113157314470937,0.31499282666948786,1.9901058426902716,1.9896909959033515,-0.12499569284977119,-0.12206872624907977,4,FREE
4.979999999999674,13.142000000001058,0.3,0.0,1.0882157254805758,0.001741392420098364,0.10242122641573069,-2.1583701692239243,-2.1679281472476406,-1.0881025058109983,-0.8875590183235833,0.11011364414524243,0.09868658349187553,0.0024666045088858712,0.3142780686087568,0.3163505076261346,2.0015214913448034,2.001670920892487,-0.14349116071292872,-0.14239212517036887,4,FREE
4.9899999999996725,13.152000000001062,0.3,0.0,1.0913969967572268,0.001747532161400606,0.10225454277927794,-2.1661143382005124,-2.1791387775343147,-1.048351003983409,-1.2443244225644816,0.11022104157587993,0.18247095127356172,0.014433012640172103,0.315372722106664,0.3177446676330313,2.0218809557837827,2.022568328003068,-0.10431905410696805,-0.10060114703223184,4,FREE
4.999999999999671,13.162000000001065,0.3,0.0,1.0945873578260623,0.0017537024734450095,0.10208725586242905,-2.1763505186808407,-2.1926550692239255,-1.5530693283050792,-1.255281553568508,0.11048877025243668,0.06384886304452216,0.029381315256342664,0.3176124555969902,0.3177959394588696,2.011247654346308,2.0124082218098733,-0.18103442590130098,-0.17800236293832317,4,FREE
