:020000040800F2
:10000000A00A002049010008E32F00084924000845
:10001000DF2F0008DD140008335400080000000042
:10002000000000000000000000000000694100081E
:10003000891A000800000000793400088343000892
:100040006301000863010008630100086301000800
:1000500063010008630100086301000863010008F0
:1000600063010008630100086301000863010008E0
:1000700063010008630100086301000863010008D0
:1000800063010008630100086301000863010008C0
:1000900063010008630100086301000863010008B0
:1000A00063010008630100086301000863010008A0
:1000B000AD4600086D470008854700086301000849
:1000C0006301000863010008630100086301000880
:1000D00063010008A9510008ED5100086301000800
:1000E000B11A0008630100086301000863010008F9
:1000F0006301000863010008630100086301000850
:10010000630100086301000863010008630100083F
:10011000630100086D5100089D4700086301000855
:10012000630100086301000863010008630100081F
:10013000DFF810D000F026FD00480047317E0008AF
:10014000AFF30080A00A0020064880470648004719
:10015000FEE7FEE7FEE7FEE7FEE7FEE7FEE7FEE777
:10016000FEE7FEE785430008310100082DE9F04174
:100170000024061B254671F1000605DA012400273C
:10018000D0EB070067EB0101161E73F1000605DADC
:100190000027D2EB0702012567EB030300F076FB93
:1001A00086460E4617469C46AC4204D00025D0EB4E
:1001B000050E65EB010624B10020D2EB000760EBD1
:1001C000030C704631463A466346BDE8F08140EA8A
:1001D00001039B0703D009E008C9121F08C0042AC5
:1001E000FAD203E011F8013B00F8013B521EF9D2AC
:1001F0007047D2B201E000F8012B491EFBD27047D4
:100200000022F6E710B513460A4604461946FFF7E2
:10021000F0FF204610BD421E12F8013F002BFBD11B
:1002200011F8013B02F8013B002BF9D17047421C49
:1002300010F8011B0029FBD1801A704730B5044625
:100240000020034600E05B1C934203D2E05CCD5CDF
:10025000401BF8D030BDF0B480EA0102D40F420058
:10026000B2EB410F02D20246084611464A0042D084
:10027000C30DDDB2C1F3C752AD1A202D35DAC1F37B
:10028000160141F4000204B15242C5F1200602FAFF
:1002900006F12A411044B3EBD05F23D0C4B1012D45
:1002A000A0EBC35009DCF0BC4FF0004202EAC3529D
:1002B000DBB200F5000000F092BB400000F180705E
:1002C00000EBC350A0F1807040EAD170490009E012
:1002D000490841EAC071A0EBC35000F50000400896
:1002E00000EBC350F0BC00F071BB6142012202EB95
:1002F0004101001BF6E7F0BC704781F00041AAE71E
:1003000080F00040A7E780EA010210B502F0004348
:10031000400022D04A001FD0010E01EB1261C0F351
:100320005600C2F3560240F4000042F40002A0FB63
:10033000022000047F39140400D0401C50EA12400F
:1003400001D44000491EC2B20C0604EBD010401C80
:100350004008802A02D003E0002010BD20F00100F8
:10036000002900DA0020184310BD30B480EA0102F1
:1003700002F0004530F0004221F0004013D090B16F
:10038000C30DD40DC2F31601C0F31600E41A41F4F4
:10039000000140F400027D34914201D3641C00E06E
:1003A0004900002C02DA30BC002070474FF40000F6
:1003B0000023914201D3891A034340084FEA4101C7
:1003C000F7D151B1914202D14FF0004105E002D284
:1003D0004FF0010101E06FF0010103EBC45028442C
:1003E00030BC00F0F3BA2DE9FE4F804681EA0300ED
:1003F000C00F0C46009021F0004123F00045B8EBFF
:100400000200A94105D24046214690461C460B46B3
:10041000024623F00040104347D0270DC7F30A00DF
:10042000C3F30A510290401A019040286BDAC3F3DB
:10043000130040F4801B0098924620B10023D2EBB9
:10044000030A63EB0B0B01985946C0F1400250467A
:1004500000F04DFA06460D4650465946019A00F006
:1004600055FA10EB08006141002487EA115284EA32
:10047000E7731A4340D0009A62B3019A012A4FEA07
:10048000075215DC001B61EB02014FF0004202EA4B
:100490000752CDE90042001C41F5801132462B463F
:1004A00000F0DAFA03B0BDE8F08F40462146F9E7E4
:1004B000001B61EB0201001C41F5801300185B4139
:1004C0002018A2F5001747EB030140EAD570B619D2
:1004D0006D4111E06D084FEA360645EAC0754FEAF6
:1004E0000752001B61EB0201001C41F58011490815
:1004F0004FEA30000019514132462B4603B0BDE8A7
:10050000F04F00F09ABA0098012240000023D0EB8F
:10051000020263EBE073009821464FEAE074B8EB07
:10052000000061EB0401E9E783F000435BE781F041
:10053000004158E72DE9FE4F81EA030404F000442E
:1005400021F0004100944FF0000B23F0004350EAEB
:1005500001045ED052EA03045BD0C3F30A54C1F332
:100560000A552C44A4F2F3340194A0FB0254C1F3C5
:10057000130141F48011C3F3130343F4801301FB0F
:10058000024400FB034E840A970A44EA815447EA76
:100590008357A4FB076802958D0A05FB07854FEA80
:1005A000932C04FB0C542705029D4FEA065847EA9A
:1005B0001637B5EB08056EEB070C870E920E47EA6F
:1005C000811742EA8312A7FB0201B6EB0B0164EB31
:1005D00000042B0D43EA0C335E1844EB1C50DA4642
:1005E0005146E7FB0201C5F313044FEA0B3343EA1C
:1005F00014534FEA0432019C43EA0603A4F10C04AD
:100600000294009CCDE900B400F026FA03B0BDE8E6
:10061000F08F00200146F9E72DE9F04D81EA03044F
:1006200004F0004B21F0004514464FF0000A23F07F
:10063000004150EA050220D054EA01021DD0C5F362
:100640000A570246C5F31303C1F31300C1F30A5658
:1006500040F4801543F48013A7EB0608101BD64620
:1006600008F2FD3873EB050002D308F1010801E040
:1006700092185B41B8F1000F03DA00200146BDE893
:10068000F08D00204FF48011064684460EE0171BC3
:1006900073EB050705D3121B63EB050306434CEA16
:1006A000010C49084FEA300092185B4150EA0107FB
:1006B000EDD152EA030012D082EA040083EA050178
:1006C000084305D0101BAB4106D20122002306E0EF
:1006D00000224FF0004302E06FF0010253101AEBCA
:1006E00006004CEB085110EB0A0041EB0B01BDE892
:1006F000F04D00F0A2B9C10F80EAE0700844CA07CB
:100700009623002100F06BB996230022114600F0D9
:1007100066B90EB5C10F80EAE0700844CA0700212F
:1007200040F233438DE80E000A460B4600F094F980
:1007300003B000BD0EB540F2334102910021CDE976
:1007400000110A460B4600F087F903B000BD00F027
:10075000004220F00040C10DC0F3160040F400003C
:100760007F2901DA00207047962903DCC1F1960148
:10077000C84001E096398840002AF4D040427047D2
:1007800020F00040C10DC0F3160040F400007F29A6
:1007900001DA00207047962903DCC1F19601C840B8
:1007A000704796398840704700F0004230F00040B2
:1007B0000AD0C10D01F56071C0F3160042EA015183
:1007C000C2084007114370470020014670470000EF
:1007D00030B5041E71F1000404DB4FF000444042C8
:1007E00064EB0101141E73F1000405DB1C464FF09D
:1007F0000043524263EB04038B4208BF824230BD88
:1008000001F0004330B421F0004150EA010206D06B
:100810000A0DA2F56072C1F31301002A02DC30BC9C
:1008200000207047440F44EAC104C100E01830BC06
:1008300000EBC25000F0CAB8002801DBC0F1004054
:10084000002901DBC1F1004181427047002801DB32
:10085000C0F10040002901DBC1F10041884270472E
:1008600030B50B46014600202022012409E021FA80
:1008700002F59D4205D303FA02F5491B04FA02F57D
:100880002844151EA2F10102F1DC30BD2DE9F05F14
:100890000546002092469B468846064681464024EF
:1008A0001BE0284641464746224600F07DF9534664
:1008B0005A46C01A914110D311461846224600F0FC
:1008C00016F82D1A67EB01084F4622460120002139
:1008D00000F00DF817EB00094E41201EA4F10104B1
:1008E000DFDC484631462A464346BDE8F09F202AD1
:1008F00004DB203A00FA02F1002070479140C2F177
:10090000200320FA03F3194390407047202A06DBA6
:10091000CB17203A41FA02F043EAE07306E041FACD
:1009200002F3D040C2F120029140084319467047BB
:100930000FB4002300B589B00CA900910B996FF09A
:100940000042CB601E4B06931E4B07930423CDE958
:1009500001321D4A089202466B46002000F0CEF993
:1009600009B05DF814FB70B586B006464FF0FF3055
:100970000091CDE90101002015460C460490324655
:10098000694604A8FFF7D4FF02460498211825B150
:1009900008B1084600E020462860049800280DD0E1
:1009A000002A02DD0098884208D0081B0094CDE997
:1009B00001043246694604A8FFF7BAFF06B070BDCD
:1009C000350F0008530F0008C90B00080029A8BF05
:1009D0007047401C490008BF20F00100704710B468
:1009E000B0FA80FC00FA0CF050EA010404BF10BC1D
:1009F000704749B1CCF1200421FA04F411FA0CF14A
:100A000018BF012121430843A3EB0C01CB1D4FEA82
:100A100000614FEA102042BF002010BC704700EB7D
:100A2000C35010440029A4BF10BC7047401C4900AB
:100A300008BF20F0010010BC704710B5141E73F100
:100A4000000408DA401C41F1000192185B411A438E
:100A500001D120F0010010BD2DE9F04D92469B46DA
:100A600011B1B1FA81F202E0B0FA80F22032904680
:100A7000FFF73DFF04460F4640EA0A0041EA0B013A
:100A800053465A46084313D0114653EA010019D081
:100A9000C8F14002504600F087F805460E46504621
:100AA00059464246FFF723FF084305D0012004E0E2
:100AB00020463946BDE8F08D0020054346EAE07641
:100AC0002C4337430A986305E40AA0EB0800002290
:100AD000FD0A44EA47540A3002D500200146E9E7FE
:100AE000010510196941DDE9084500196941BDE8B2
:100AF000F04DA2E770B521F0004303430CD0C1F3E1
:100B00000A550024D5EB040564EB0403D617AD1A8F
:100B1000B34102DB0020014670BD201841EB0251B9
:100B200070BDC1F30A52C1F3130140F2FF3341F427
:100B300080119A4202DA00200146704740F23343A6
:100B40009A42A2F2334202DC524200F02DB8FFF783
:100B5000CEBE000030B5041E71F1000404DB4FF07E
:100B60000044404264EB0101141E73F1000405DBF4
:100B70001C464FF00043524263EB0403994208BF06
:100B8000904230BD064C074D06E0E06840F001039E
:100B900094E8070098471034AC42F6D3FFF7CCFA3C
:100BA00030C9000850C90008202A04DB203A21FA85
:100BB00002F00021704721FA02F3D040C2F1200276
:100BC0009140084319467047C0B24FF4F05100F00D
:100BD00023BA00002DE9FF4F087883B09946FF281B
:100BE00005D0491C2D2804D00024002008E0002056
:100BF0000BE00124F9E700EB800003EB4000491C07
:100C00000B78FF2BF7D104B14042002302931478F4
:100C100019461D462D2C01D02B2C04D1521C2D2CF5
:100C200013D000240294AA461478FF2C0FD00A2572
:100C3000A3FB057801FB05814FF0000C03FB0C11B1
:100C4000521CE3194AEB0101EEE70124EAE7814473
:100C500053EA010002D019F5C87F06DA0398002193
:100C6000C0E9001107B0BDE8F08F0025AE4E2F4659
:100C7000DFF8B882184600F0E3F9CDE90001B9F1D8
:100C8000000002DAC9F1000400E004460023A74A8C
:100C90001AEB030B42EB045A12E0E00707D02A4696
:100CA000334638464146FFF745FC074688462A4604
:100CB000334610461946FFF73DFC05460E466410C4
:100CC000002CEAD1DDE90001B9F1000F5A46534684
:100CD00006DAFFF7A1FC3A464346FFF79DFC05E024
:100CE000FFF728FC3A464346FFF724FC029A0AB174
:100CF00081F00041039AC2E90001B3E72DE9FF4FFB
:100D00001F468DB0D7E901464FF0FF382E204546EB
:100D10004FF000090B90B9696D1C0E988847396A2D
:100D2000824688470028F6D1BAF1FF3F0AD024F462
:100D3000D064002E11DDBAF12B0F08D0BAF12D0FBF
:100D40000BD102E0404611B08DE744F48064B969EC
:100D50006D1C0E9888478246761E6946600501D54F
:100D60002D2000E02B208DF8000001F1010B0DF18A
:100D7000200809E0B9696D1C0E98884782460F98D3
:100D800044F40074761E0560002E02DDBAF1300FC7
:100D9000F0D00B998A453ED144F0800406E00F99CB
:100DA000681CA9F1010944F400740860B9696D1C5C
:100DB000761E0E98884782463028F0D02BE00B999B
:100DC0008A4505D1200603D444F08004761E18E03D
:100DD000504604F081FD08B30DF11301761E44F472
:100DE00000748B4508D2AAF130000BF8010B2006E5
:100DF00007D5A9F1010003E0200602D409F10100A2
:100E00008146A00502D50F99681C0860B9696D1C60
:100E10000E9888478246002ED1DC53E0002E51DD2B
:100E2000BAF1650F02D0BAF1450F4BD1A00549D5F3
:100E3000B9696D1C24F44074761E0E98884782466A
:100E4000002E0CDD2B2804D0BAF12D0F07D144F46D
:100E50008074B9696D1C0E9888478246761EE0053D
:100E600001D52D2100E02B2108F8011BCDF82C80A5
:100E700021E00DF12901761E44F4007488450CD25E
:100E8000AAF1300010F0FF0088F8000002D10B99A1
:100E9000884509D908F1010806E0E00501D5244894
:100EA00001E042F20F708146B9696D1C0E988847C7
:100EB00082460F980560002E04DD504604F00CFDBC
:100EC0000028D6D1F9690E988847FF208BF80000DA
:100ED00088F800000020069007904B466A4608A953
:100EE00006A8FFF777FEA00502D46FF001002AE7FD
:100EF00014F0240F0AD0E00714D1DDE90612386897
:100F0000031D3B600068C0E900120BE0DDE906014B
:100F1000FFF776FC0146E00704D13868021D3A600D
:100F20000068016028460EE7000014400000F03F12
:100F3000F1D8FFFF426842B1016811F8013B23B1CB
:100F4000521EC0E90012184670470121C160881E78
:100F5000704742685AB1C368016843B983688B42DD
:100F600005D0491E521CC0E90012002070474FF006
:100F7000FF3070472DE9F04D00231A461B1A8A41B5
:100F800003DB00200146BDE8F08DC1F30A52C1F336
:100F9000130141F480154FF0000BD10702D1001866
:100FA0006D41521E0027044640F2FF11384601EB06
:100FB000620A3E468046024600204FF48011FFF749
:100FC000F3FDC2197141BB1846EB0100B4EB030CF1
:100FD00075EB000C04D3E41A65EB000517460E46CA
:100FE000241908F101006D4180463428E3DDF91928
:100FF00046EB0600091BA84103D24FF0FF3213460F
:1010000001E0002213461BEB070046EB0A51BDE846
:10101000F04DFFF712BD00007F2801D9002208E043
:10102000064A02EB5002C007127800D1120902F002
:101030000F0201209040084070470000A0C800083F
:101040000EB540F2334202920022CDE9002213464F
:10105000FFF702FD03B000BD70B58C1810F8015BFE
:1010600015F0070301D110F8013B2A1106D110F841
:10107000012B03E010F8016B01F8016B5B1EF9D145
:101080002B0705D40023521E0DD401F8013BFAE7CB
:1010900010F8013BCB1A921C03E013F8015B01F836
:1010A000015B521EF9D5A142D8D3002070BD21B1F9
:1010B000826842F00102826003E0826822F001024D
:1010C0008260704710B504461248844208D101215D
:1010D000401502F0FFFC0021601502F0FBFC17E058
:1010E0000D48844208D10121001502F0F3FC0021D3
:1010F000201502F0EFFC0BE00848844208D10121E2
:10110000C80302F0E7FC00214FF4004002F0E2FCCB
:1011100010BD00000024014000280140003C0140B7
:10112000014600208A6802F004020AB1012000E0B2
:10113000002070470146C86C80B27047024600200C
:1011400013680B400BB1012000E0002070470146FE
:1011500000208A6802F008020AB1012000E00020A5
:101160007047000030B502460020002350680F4C45
:1011700020400D790C6844EA0524204350609068B3
:101180000B4C2040D1E902542C434D7944EA4504EC
:1011900020439060D06A20F470000C7C641EE4B29E
:1011A000234340EA0350D06230BD0000FFFEF0FF51
:1011B000FDF7F1FFF0B504460D4600200021092D92
:1011C00011DDE068A5F10A0606EB4607072606FAD8
:1011D00007F18843A5F10A0606EB460603FA06F175
:1011E0000843E0600CE0206905EB4507072606FA96
:1011F00007F1884305EB450603FA06F10843206131
:10120000072A0FDA606B561E06EB86071F2606FAC2
:1012100007F18843561E06EB860605FA06F10843D9
:10122000606322E00D2A0FDA206BD61F06EB8607DB
:101230001F2606FA07F18843D61F06EB860605FA35
:1012400006F10843206310E0E06AA2F10D0606EB08
:1012500086071F2606FA07F18843A2F10D0606EB62
:10126000860605FA06F10843E062F0BD816841F0A8
:1012700008018160704721B1826842F4A002826057
:1012800003E0826822F4A00282607047816841F026
:10129000040181607047000008B50121102002F0B0
:1012A00009FC4FF47070ADF8000018208DF80300B1
:1012B00003208DF802006946014800F071FD08BD69
:1012C0000010014030B587B005460C4601214803A7
:1012D00002F0F0FB254803F01DFB681E80B2ADF85C
:1012E0001400ADF810400020ADF81600ADF8120063
:1012F00004A91E4803F026FE6020ADF8000001207E
:10130000ADF802000020ADF80600ADF8080069460F
:10131000164803F08DFC6946144803F0DFFC69466B
:10132000124803F03BFD6946104803F091FD01218E
:101330000E4803F0DFFA08210C4803F0C5FC082131
:101340000A4803F01DFD0821084803F077FD082135
:10135000064803F0BBFD0121044803F0ADFA01216A
:10136000024803F0BBFA07B030BD00000034014072
:101370002DE9FC5F04460D461F480068FFF7BBF9E6
:1013800080462146FEF7B9FF064629460020FEF7B3
:10139000B4FF0190194801680198FEF7B4FF824636
:1013A0001749FEF7E2FF81461648006880F0004BBF
:1013B00013495846FEF7D9FF82463146FEF7A3FF90
:1013C00049460090FEF799FF8046FFF7C0F90746AF
:1013D0000D48007801280CD13846FFF78CF981467A
:1013E0000A4801684846FEF78EFF8046FFF7AFF9CE
:1013F00007463846BDE8FC9F20000020F80000208A
:101400000000C842F40000202D000020E800002069
:1014100070B504464FF47A750723012221460B4824
:10142000FFF7C8FE01210948FFF725FF00BF022191
:101430000648FFF783FE20B9281EA5F101018DB2F1
:10144000F5D10248FFF776FE70BD00000024014090
:1014500000B587B001214FF4017002F02BFB4FF46F
:10146000004002F0FBFA2020ADF8040000208DF8C7
:10147000070001A9174800F093FC1748FFF722FE68
:10148000002002908DF80C008DF80D004FF46020C4
:1014900004900020059001208DF8180002A90E4844
:1014A000FFF760FE01210C48FFF701FE0A48FFF735
:1014B000DDFE00BF0848FFF74AFE0028FAD10648C3
:1014C000FFF7E4FE00BF0448FFF72AFE0028FAD128
:1014D00007B000BD000801400024014000BFFEE746
:1014E0002DE9F0478648006801287DD185480468C9
:1014F00085480568854986480068FEF736FF8549B6
:101500000860854800688549086085480068FFF7DD
:1015100011F906460022834BFFF77EF88146FFF75C
:101520006FF9804650218048FEF76AFE7E487FA111
:10153000096801600A217E48FEF762FE7D480021AD
:101540000160416001810A217B48FEF759FE7B481A
:1015500000210160416001810A217948FEF750FEB7
:101560007848002101604160018177492046FFF7FA
:1015700063F90FD875492046FFF768F90AD8204665
:10158000FFF712F9064632460B4671A1684804F08F
:1015900035F801E0BDE8F0876B492846FFF74CF9C4
:1015A0000FD86A492846FFF751F90AD82846FFF7AD
:1015B000FBF8064632460B4665A15E4804F01EF86D
:1015C00000E0E7E7644953480068FFF73FF913D2AA
:1015D000624950480068FFF72FF90DD24D48006866
:1015E000FFF7E2F8064600E088E032460B4658A1D5
:1015F000514804F003F800E0CCE759494748006837
:10160000FFF724F911D2574944480068FFF714F94D
:101610000BD242480068FFF7C7F8064632460B4631
:101620004BA1464803F0EAFF00E0B3E70021404643
:10163000FFF70CF90FD84B494046FFF7FDF80AD2E7
:101640004046FFF7B1F8064632460B4640A13C48FB
:1016500003F0D4FF00E09DE7002143480068FFF756
:10166000F5F811D8414940480068FFF7E5F80BD27A
:101670003D480068FFF798F8064632460B4634A10D
:10168000304803F0BBFF00E084E729492648FEF715
:10169000C2FD37A12448FEF7BEFD26492248FEF7C9
:1016A000BAFD34A12048FEF7B6FD23491E48FEF7D7
:1016B000B2FD31A11C48FEF7AEFD20491A48FEF7E5
:1016C000AAFD2EA11848FEF7A6FD1D491648FEF7F3
:1016D000A2FD2CA11448FEF79EFD1A491248FEF700
:1016E0009AFD29A11048FEF796FD50212748FEF7E4
:1016F00087FD50220C492548FEF769FD00BF49E7E8
:1017000030010020E0000020E40000200000C8427A
:101710001C00002078010020080000207C0100202F
:10172000D0000020000024409C040020244C5600DF
:101730003C05002046050020500500205A050020E9
:10174000640500206E05002000007A4400007AC481
:1017500025332E32660000000000FAC40000FA446F
:1017600000401CC600401C46D80000200000A041DC
:101770002C5256002C4143002C4759002C43534215
:10178000000000002C56540023000000EC04002050
:101790002DE9F05F05460C46124E134801682046BD
:1017A000FEF7B1FD8346114801685846FEF753FD28
:1017B000804631464FF07E50FEF79FFD82464146FF
:1017C000FEF7A1FD074631462846FEF79CFD8146FF
:1017D0003946FEF740FD0549086008460068BDE847
:1017E000F09F00000AD7A33CB0010020F0010020C8
:1017F0002DE9F05F05460C46124E1348016820465D
:10180000FEF781FD8346114801685846FEF723FD27
:10181000804631464FF07E50FEF76FFD82464146CE
:10182000FEF771FD074631462846FEF76CFD8146FE
:101830003946FEF710FD0549086008460068BDE816
:10184000F09F00000AD7A33CB00100203002002026
:101850000146072323EA01021202054B18684FF6DE
:10186000FF031840034B18431043014B18607047A7
:101870000CED00E00000FA0538B5002000906B4642
:1018800001227521682006F0F5F92CA003F0A6FED0
:101890009DF8000068280ED000BF3148006800F4B1
:1018A000E06030490843001D2D490860BFF34F8FA9
:1018B00000BF00BFFEE706F065FC00283CD17820A1
:1018C00007F06AFA10B91DA003F088FE782006F030
:1018D00047FB10B924A003F081FEC82007F00EFAE0
:1018E00010B92BA003F07AFE05F03AFA10B932A035
:1018F00003F074FE3D4806F05FFA044605F08AFCEA
:1019000010B93BA003F06AFE40F2731005F0D0F866
:1019100010B941A003F062FEC82005F0ABFB10B97E
:1019200047A003F05BFE07F077FB012007F0E2F829
:1019300010B94CA003F052FE38BD00006D70755F09
:101940007365745F73656E736F7220636F6D706C17
:10195000657465202E2E2E2E2E2E0D0A00000000FE
:101960000CED00E00000FA056D70755F636F6E6648
:1019700069677572655F6669666F20636F6D706C0D
:10198000657465202E2E2E2E2E2E0D0A00000000CE
:101990006D70755F7365745F73616D706C655F7298
:1019A00061746520636F6D706C657465202E2E2EDA
:1019B0002E2E2E0D0A000000646D705F6C6F616446
:1019C0005F6D6F74696F6E5F6472697665725F6672
:1019D00069726D7761726520636F6D706C65746597
:1019E000202E2E2E2E2E2E0D0A0000008800002004
:1019F000646D705F7365745F6F7269656E74617436
:101A0000696F6E20636F6D706C657465202E2E2E6D
:101A10002E2E2E0D0A000000646D705F656E6162EF
:101A20006C655F6665617475726520636F6D706C5F
:101A3000657465202E2E2E2E2E2E0D0A000000001D
:101A4000646D705F7365745F6669666F5F72617401
:101A50006520636F6D706C657465202E2E2E2E2EA2
:101A60002E0D0A006D70755F7365745F646D705F35
:101A7000737461746520636F6D706C657465202E7E
:101A80002E2E2E2E2E0D0A00704701B500200AE0E2
:101A9000002001E0411CC8B20A28FBDB9DF80010C1
:101AA000491EC9B200919DF800100029F0D108BD6F
:101AB0002DE9F0412D480068002855D14FF48050A1
:101AC0002B4908602B48007800F0FEF9002002F056
:101AD000A9F98046012002F0A5F94742394640465F
:101AE00000F03AFC2448016824480068FFF740FCF5
:101AF00004463946404603F09FFC054620480068EE
:101B000003F0B4FA0646601930441E4908606019B3
:101B1000801B1D4908601B48006801F097FC1949AB
:101B200008601948006801F091FC17490860174ADD
:101B300051421448006801F096FC12490860134AAB
:101B400051421148006801F08EFC0F4908601048AE
:101B500001680A48006803F051FA28B90A48016888
:101B60000848006802F096FBBDE8F0813001214290
:101B700014040140000000200800002004000020A0
:101B80000C0000201000002014000020D8F5FFFFFA
:101B9000D8000020002123498279002A3AD00A4641
:101BA000126803689A430B461A600A1D126803689C
:101BB0009A430B1D1A60027911440A6803681A439C
:101BC0000A60184A0832126803689A43154B0833B2
:101BD0001A601A1D126803689A43124B0C331A607C
:101BE0004279102A0ED11A1F126803681A430D4B4E
:101BF00008331A601A1D126803681A43094B0C3324
:101C00001A600DE00749427911440A6803681A43D3
:101C10000A6005E0027911440A6803689A430A6081
:101C2000704700000004014000B587B00121022088
:101C300001F020FF0121042001F03CFFC020ADF89D
:101C4000000004208DF8030069461C4800F0A8F845
:101C500004A803F0C9F90020ADF810004FF6FF709A
:101C6000ADF814000020ADF81600ADF8120004A97C
:101C7000134803F067F900231A460321104802F0C5
:101C80003DFF01A802F0C2FF0A20ADF80C0001A937
:101C90000B4802F065FF0121094802F019FE0122FC
:101CA0001146074802F0BBFF0021054803F01BF96D
:101CB0000121034802F012FE07B000BD00080140F8
:101CC0000004004000B587B00121042001F0D2FEDD
:101CD0000121082001F0EEFEC020ADF80000042034
:101CE0008DF8030069461C4800F05AF804A803F078
:101CF0007BF90020ADF810004FF6FF70ADF814002E
:101D00000020ADF81600ADF8120004A9134803F046
:101D100019F900231A460321104802F0EFFE01A82A
:101D200002F074FF0A20ADF80C0001A90B4802F084
:101D300017FF0121094802F0CBFD01221146074897
:101D400002F06DFF0021054803F0CDF801210348A2
:101D500002F0C4FD07B000BD000C014000080040C7
:101D600030B500228B071C0F0F2303FA04F20B4B34
:101D70008C1053F824309343084C8D1044F82530D0
:101D800023468C1053F824308C07240F00FA04F4F7
:101D90002343024C8D1044F8253030BD080001402B
:101DA0002DE9F041024600250026002000230024F2
:101DB000002791F803C00CF00F0591F803C00CF058
:101DC000100CBCF1000F03D091F802C04CEA0505DD
:101DD00091F800C0BCF1000F31D0146800202BE056
:101DE0004FF0010C0CFA00F3B1F800C00CEA030646
:101DF0009E4220D183004FF00F0C0CFA03F7BC4336
:101E000005FA03FC4CEA040491F803C0BCF1280F66
:101E100006D14FF0010C0CFA00FCC2F814C00AE025
:101E200091F803C0BCF1480F05D14FF0010C0CFA3A
:101E300000FCC2F810C0401C0828D1D31460B1F8CF
:101E400000C0BCF1FF0F34DD546800202EE000F12B
:101E5000080C4FF0010808FA0CF3B1F800C00CEAC6
:101E600003069E4221D183004FF00F0C0CFA03F7BA
:101E7000BC4305FA03FC4CEA040491F803C0BCF12E
:101E8000280F05D100F1080C08FA0CF8C2F81480EC
:101E900091F803C0BCF1480F07D100F1080C4FF0D6
:101EA000010808FA0CF8C2F81080401C0828CED3AC
:101EB0005460BDE8F0810246002093680B400BB1EE
:101EC000012000E0002070472DE9F04F91B08046DE
:101ED00001F0C4FFE2490860B8F1010F1BD101F025
:101EE00073FEE0480068E0490860E049B1F900008D
:101EF000FEF701FCDE490860DC49B1F90400FEF799
:101F0000FAFBDC490860DC49B1F90400FEF7F3FB99
:101F1000DA490860A1E14421D02000F097FA834615
:101F20004321D02000F092FA0BEB00200990FEF73D
:101F3000E2FB06464621D02000F088FA8346452180
:101F4000D02000F083FA0BEB00200990FEF7D3FBC2
:101F50000A904821D02000F079FA83464721D0200A
:101F600000F074FA0BEB00200990FEF7C4FB074663
:101F70003C21D02000F06AFA83463B21D02000F0BB
:101F800065FA0BEB00200990FEF7B5FB0D903E21A2
:101F9000D02000F05BFA83463D21D02000F056FAB5
:101FA0000BEB00200990FEF7A6FB82464021D020D3
:101FB00000F04CFA83463F21D02000F047FA0BEBAB
:101FC00000200990FEF797FB05464FF08E41304602
:101FD000FEF73CFC05D24FF08F413046FEF78DF9FD
:101FE00006464FF08E410A98FEF730FC05D24FF0BE
:101FF0008F410A98FEF781F90A904FF08E413846DA
:10200000FEF724FC05D24FF08F413846FEF775F9F4
:1020100007464FF08E410D98FEF718FC05D24FF0A1
:102020008F410D98FEF769F90D904FF08E415046A3
:10203000FEF70CFC05D24FF08F415046FEF75DF9DC
:1020400082464FF08E412846FEF700FC05D24FF045
:102050008F412846FEF751F9054686F00040844935
:1020600008600D98FEF7A0FB854A864BCDE9060176
:10207000FEF7D2FACDE90801FEF7C2FB10905046F8
:10208000FEF792FB7E4A7F4BCDE90601FEF7C4FACC
:10209000CDE90801FEF7B4FB0F902846FEF784FB5C
:1020A000774A784BCDE90601FEF7B6FACDE908018B
:1020B000FEF7A6FB0E903046FEF776FB4FF0663239
:1020C000714BCDE90601FEF7A7FACDE90801FEF74D
:1020D00097FB81460A98FEF767FB4FF066326A4B22
:1020E000CDE90601FEF798FACDE90801FEF788FB75
:1020F000044666480078022837D189F0004002463D
:102100000390DDE90E1000F0E5FB8346FEF74CFB83
:102110005F4A604BCDE90401FEF77EFA00225E4B78
:10212000CDE90601FEF706FACDE90801FEF768FBE6
:102130004C49086022460E99109800F027FD83460E
:10214000FEF732FB524A534BCDE90401FEF764FA25
:102150000022514BCDE90601FEF7ECF9CDE908016B
:10216000FEF74EFB4D4908606FE0484800780328B1
:102170006BD12846FEF718FBCDE902015046FEF769
:1021800013FBCDE90001DDE9022304F0D1F90022BF
:10219000414BCDE90401FEF7CDF93D4A3D4BCDE978
:1021A0000601FEF739FACDE90801FEF729FB0C908C
:1021B0002846FEF7F9FACDE902010D98FEF7F4FA88
:1021C000CDE90001DDE9022304F0B2F90022324B2F
:1021D000CDE90401FEF7AEF92D4A2E4BCDE90601FB
:1021E000FEF71AFACDE90801FEF70AFB0B9030461C
:1021F000FEF7DAFA4FF06632294BCDE90601FEF719
:102200000BFACDE90801FEF7FBFA834659460C9814
:10221000FFF7BEFA80F00040124908600A98FEF706
:10222000C3FA4FF066321E4BCDE90601FEF7F4F912
:10223000CDE90801FEF7E4FA834659460B98FFF70B
:10224000D7FA80F000401549086006480068064942
:102250000860084807600948056011B0BDE8F08FC4
:102260001800002070000020040000205C00002006
:10227000080000200C000020620000201C0000204C
:102280008FC2F5285C1F9A40665E8D4000000020DA
:10229000F1D4C853FB210940008066406C00002047
:1022A0006666304010B500F045F804460349204604
:1022B000FEF729F80446204610BD0000C3F5804013
:1022C00010B50120164908600F2004F0B5FB00206E
:1022D0001449C1F880011448007800F08000E8B18A
:1022E0001148007800F03F00104908600846008857
:1022F00000040860084600680D49098808440B4935
:10230000086008460068AA2148434FF47A71B0FB80
:10231000F1F00649086000200349088010BD000064
:102320008001214200002142D4000020D000002082
:10233000D600002070B50520FFF76AF8054628464C
:10234000FEF7E2F906460349FDF7DDFF04462046A5
:1023500070BD00003333533A2DE9F04F87B0834608
:102360008A465846FEF7D5F900222E4BCDE90001EA
:10237000FEF7E0F8064600222B4BFEF74DF98046AB
:1023800000222A4BFEF748F904460022284BFEF7AC
:1023900043F9CDE90201FEF733FA05900598FEF7FF
:1023A00003FA8046234A244BFEF7C4F8064600226F
:1023B000224BFEF7BFF80446FEF722FA20490860D8
:1023C0005046FEF7A6F90022164BCDE90001FEF7B4
:1023D000B1F880460022144BFEF71EF90646002293
:1023E000124BFEF719F90022114BCDE90201FEF75D
:1023F00013F90446FEF704FA04900498FEF7D4F9A2
:1024000006460C4A0C4BFEF795F8044600220B4B8F
:10241000FEF790F88046FEF7F3F90A49086007B026
:10242000BDE8F08F000069400000104000003E4011
:1024300000002640F1D4C853FB21094000C05040A1
:10244000E0000020E400002000BFFEE770B5054674
:102450000E46002400F0EAF8284600F0B5F8641CA7
:1024600000F03CF9304600F0AFF8641C00F036F99B
:1024700000F0DCF8691CC8B200F0A6F8641C00F09B
:102480002DF9002000F068F8044600F003F920461A
:1024900070BD000010B500200E4908600E480068AD
:1024A00020F470600C4908600846006840F44070F1
:1024B000086000200949C1F8A801012004F0BCFA15
:1024C00001200449086004F0B7FA00200349C1F86C
:1024D000AC0110BDAC812142040C014000802142BE
:1024E00008B50121082001F0E5FA4FF44060ADF88D
:1024F000000010208DF8030003208DF802006946CB
:102500000148FFF74DFC08BD000C014010B500204C
:102510000E4908600E48006820F470600C4908609D
:102520000846006840F44070086001200949C1F87D
:10253000A80104F081FA01200449086004F07CFA43
:1025400000200449C1F8AC0110BD0000AC8121425B
:10255000040C01400080214270B505460024174854
:10256000006820F47060154908600846006840F46F
:1025700000600860002616E0002011490860022073
:1025800004F05AFA01200F49C1F8AC016006040EAC
:102590000B488438006808B1601CC4B2022004F003
:1025A0004BFA701CC6B2082EE6DB15B1FFF772FFBE
:1025B00001E0FFF7ABFF204670BD0000040C0140B6
:1025C000AC8121420080214270B504461448006865
:1025D00020F47060124908600846006840F44070BA
:1025E000086000200F490860002516E0E0090D4949
:1025F000091F08606006040E012004F01DFA012086
:102600000949C1F8AC0104F017FA00200549086037
:10261000012004F011FA681CC5B2082DE6DB70BD7C
:10262000040C0140AC8121420080214210B51648C3
:10263000006820F47060144908600846006840F49F
:10264000407008600120114908601148D0F8280145
:1026500008B9002010BD01200C49091D086004F0D4
:10266000EBF900200A49C1F8A80108488038006841
:1026700008B10020EEE7012004F0DEF90020034954
:10268000091D08600120E5E7040C0140A8812142F2
:102690000080214210B50E48006820F470600C499B
:1026A00008600846006840F440700860002009494E
:1026B00008600949C1F8A801012004F0BDF9012012
:1026C000044908600449C1F8A80104F0B5F910BD37
:1026D000040C0140AC8121420080214210B500244D
:1026E0001548006820F470601349086008460068C7
:1026F00040F40060086001201049086004F09CF973
:1027000001200F49C1F8AC0104F096F90AE0601C01
:10271000C4B2322C03DDFFF7BDFF002010BD012045
:1027200004F08AF90548803800680028EFD1034991
:10273000091D08600120F1E7040C0140A881214235
:102740000080214270B505460E46144631462846A3
:10275000FFF77CFE2070012070BDF8B506460F46DD
:1027600014461D466A4639463046FFF7EBFF2DB149
:102770000120A0409DF80010084305E00120A04082
:102780009DF8001021EA0000C0B200909DF80020E2
:102790003946304600F036F8F8BD2DE9F8430746D3
:1027A000884614461D46089E6A4641463846FFF74D
:1027B000C9FF28B3601CFF2101FA00F0C4F1080131
:1027C0002944491EFF220A41104300F0FF09C5F1C8
:1027D000080006FA00F0C6B2C4F1070006419DF8F1
:1027E000000000EA090000909DF8000030430090CE
:1027F0009DF800204146384600F004F8BDE8F88313
:102800000020FBE737B504460D4602AB01222946FE
:10281000204600F001F83EBD2DE9F04180460D460E
:1028200016461F460024FFF701FF4046FFF7CCFE87
:10283000FFF754FF2846FFF7C7FEFFF74FFF00BF23
:1028400006E0385DFFF7C0FEFFF748FF601CC4B22A
:10285000B442F6DBFFF71EFF0120BDE8F081000067
:102860000948006809490860094800684860094843
:102870000068886008480068C86008480068086107
:102880000748006848617047F400002054060020A3
:10289000F8000020FC0000200001002004010020BE
:1028A0000801002001464906084A926942F00102E7
:1028B000064B9A61064A526822F0E062044B5A6065
:1028C0001A4652680A435A607047000000100240DE
:1028D000000001402DE9F04FADB004468946924614
:1028E000A3482B90A349D1E90023D1E90201CDE906
:1028F0002723CDE92901CDF898A09E4B1033D3E9C9
:102900000021D3E90203CDE92403CDE9222199492D
:10291000203103C9CDE920019649283103C9CDE909
:102920001E01944B30330FCB1AAD0FC59148403088
:10293000006819908F4B4433D3E90020D3E9021388
:1029400016AD0BC515928B49543103C9CDE913015E
:102950000020119012900F9010900B900C900D9001
:102960000E900790089009900A90059006900490A8
:102970004846FDF719FF0746884684F0004001905D
:10298000FDF712FF3A464346CDE9020103F0D0FDC0
:102990000546FDF735FF834611A8774922AA012392
:1029A000CDE90021029002221146104606F09CFA61
:1029B0000FA826A920AA0123CDE9002102901A46DA
:1029C0001946022006F090FA0F991198FDF743FC82
:1029D0006A49086010991298FDF73DFC6749486004
:1029E0000BA8674922AA0223CDE9002102901A46CA
:1029F0001946184606F078FA07A815A90BAA02236B
:102A0000CDE9002102901A461946184606F06CFAE4
:102A10001A990798FDF71FFC5A4908601B990898F6
:102A2000FDF719FC574948601C990998FDF713FCFC
:102A3000544988601D990A98FDF70DFC5149C860FA
:102A400005A81EAA0223CDE9002102901A461946C4
:102A5000012006F049FA04A813A905AA0123CDE92B
:102A60000021029002221146184606F03DFA1999FB
:102A70000498FDF7F0FB054629464FF07E50FDF720
:102A800074FC049011A813A93E4A0123CDE900214A
:102A9000029002221146104606F026FA3A4804A98E
:102AA00011AA0123CDE9002102901A4619460220FD
:102AB00006F01AFA04A831491EAA0123CDE9002123
:102AC000029002221146184606F00EFA5846049962
:102AD000FDF713FC049011A804A92B4A0123CDE9AA
:102AE000002102901A461946022006F0FDF9234AF9
:102AF00011991068FDF7AFFB1F4908601F4A129932
:102B00005068FDF7A8FB1C4948600BA81EA91E4A87
:102B10000223CDE90021029001221146184606F059
:102B2000E3F90B992798FDF7E8FB0B900C9928988F
:102B3000FDF7E3FB0C900D992998FDF7DEFB0D9056
:102B400027AA0E99D068FDF7D8FB0E900C480D49C6
:102B50000BAA0223CDE9002102901A461946184615
:102B600006F0C2F9044800682DB0BDE8F08F0000FF
:102B70000AD7A33BF4C60008340200203C02002020
:102B8000440200207C060020540200202DE9F04F72
:102B9000ADB0044689469246A3482B90A349D1E99B
:102BA0000023D1E90201CDE92723CDE92901CDF8A0
:102BB00098A09E4B1033D3E90021D3E90203CDE95D
:102BC0002403CDE922219949203103C9CDE920010F
:102BD0009649283103C9CDE91E01944B30330FCB00
:102BE0001AAD0FC591484030006819908F4B44339F
:102BF000D3E90020D3E9021316AD0BC515928B491A
:102C0000543103C9CDE913010020119012900F90A7
:102C100010900B900C900D900E90079008900990DA
:102C20000A900590069004904846FDF7BDFD0746C2
:102C3000884684F000400190FDF7B6FD3A464346D1
:102C4000CDE9020103F074FC0546FDF7D9FD83468A
:102C500011A8774922AA0123CDE90021029002227E
:102C60001146104606F040F90FA826A920AA012314
:102C7000CDE9002102901A461946022006F034F9E7
:102C80000F991198FDF7E7FA6A49086010991298B0
:102C9000FDF7E1FA674948600BA8674922AA0223B9
:102CA000CDE9002102901A461946184606F01CF993
:102CB00007A815A90BAA0223CDE9002102901A4604
:102CC0001946184606F010F91A990798FDF7C3FA45
:102CD0005A4908601B990898FDF7BDFA57494860A2
:102CE0001C990998FDF7B7FA544988601D990A980C
:102CF000FDF7B1FA5149C86005A81EAA0223CDE923
:102D0000002102901A461946012006F0EDF804A8A9
:102D100013A905AA0123CDE9002102900222114640
:102D2000184606F0E1F819990498FDF794FA05465B
:102D300029464FF07E50FDF718FB049011A813A907
:102D40003E4A0123CDE9002102900222114610469D
:102D500006F0CAF83A4804A911AA0123CDE90021D6
:102D600002901A461946022006F0BEF804A831491E
:102D70001EAA0123CDE90021029002221146184625
:102D800006F0B2F858460499FDF7B7FA049011A876
:102D900004A92B4A0123CDE9002102901A461946C5
:102DA000022006F0A1F8234A11991068FDF753FAA2
:102DB0001F4908601F4A12995068FDF74CFA1C49D8
:102DC00048600BA81EA91E4A0223CDE900210290EB
:102DD00001221146184606F087F80B992798FDF74F
:102DE0008CFA0B900C992898FDF787FA0C900D99A6
:102DF0002998FDF782FA0D9027AA0E99D068FDF761
:102E00007CFA0E900C480D490BAA0223CDE9002153
:102E100002901A461946184606F066F804480068FB
:102E20002DB0BDE8F08F00000AD7A33B50C70008C3
:102E30005C020020640200206C0200208C0600204E
:102E40007C02002008B50121042000F033FE4FF47D
:102E50008070ADF8000048208DF8030069460248F4
:102E6000FEF79EFF08BD00000008014010B50446B3
:102E700000F022F801280BD1601C0D490988B1EB44
:102E8000400F0ADA0A480088401C0949088004E01B
:102E90000020074908800749088005480088022863
:102EA00003D101200349088010BD0020FCE7000089
:102EB000CE000020CC00002010B54FF480710448F3
:102EC000FEF7F9FF08B9012010BD0020FCE7000063
:102ED000000801401FB50121084600F0EBFD01216B
:102EE000042000F0E7FD4FF48050ADF80C004820BE
:102EF0008DF80F0003A91248FEF752FF0C210020A5
:102F0000FEF72EFF4FF48050019000208DF808004E
:102F10000C208DF8090001208DF80A0001A8FEF7A9
:102F200039FE28208DF8000002208DF801000120D4
:102F30008DF802008DF80300684600F053F81FBDBD
:102F40000008014010B5022000F010F8032000F046
:102F500021F8002000F014F8002000F037F80020DD
:102F600000F02BF8002000F01FF810BD38B5044623
:102F7000032302226B21D0200094FFF70EFC38BD02
:102F800038B50446022304221C21D0200094FFF708
:102F900004FC38BD38B50446022304221B21D0208E
:102FA0000094FFF7FAFB38BD10B504462346012212
:102FB0003721D020FFF7D1FB10BD10B504462346C2
:102FC00005226A21D020FFF7C8FB10BD10B50446CA
:102FD000234606226B21D020FFF7BFFB10BD00BFA8
:102FE000FEE7704770B5002100230F22C47804B3B8
:102FF000154C246804F4E064C4F5E064210AC1F1CE
:103000000403CA40447804FA03F18478144021434D
:1030100009010E4C0678A155047804F01F0501241F
:10302000AC4005786D11AD0005F1E025C5F8004113
:1030300009E0047804F01F050124AC40044D067833
:10304000761145F8264070BD0CED00E000E400E08C
:1030500080E100E010B5002000F0E2FF10BDF8B5FF
:1030600007460C4615461E46002C0CDD032C0ADCD8
:10307000601E00EB80004006020E2B460021384601
:10308000009600F001F8F8BD2DE9F04107460C4626
:1030900015461E46DDF818800EB1FFF7DBFF294606
:1030A000204600F0CDFF01220549384601F022F804
:1030B000B8F1000F01D000F095F9BDE8F0810000F3
:1030C000A400002010B500F013F800F0E9F8012387
:1030D0001A46194601A0FFF7C2FF10BD6F6C656468
:1030E00020696E69742073756363657373210000D2
:1030F0000848806940F00800064988610648006871
:1031000020F0FF00044908600846006840F03300E2
:103110000860704700100240040C014070B504467E
:103120001448006820F0F000124908600846006862
:1031300040F03000086000200F490860002516E0CC
:10314000E0090D49091D08606006040E0120FEF724
:103150009CFC01200949C1F8A001FEF796FC002063
:10316000054908600120FEF790FC681CC5B2082DD7
:10317000E6DB70BD040C0140A081214200802142A9
:1031800010B51648006820F0F000144908600846A1
:10319000006840F0300008600120114908601148C3
:1031A000D0F8240108B9002010BD01200C49091FE6
:1031B0000860FEF76AFC00200A49C1F8A40108482B
:1031C0008038006808B10020EEE70220FEF75DFCC1
:1031D00000200349091F08600120E5E7040C0140B5
:1031E000A48121420080214210B51048006820F0DF
:1031F000F0000E4908600846006840F030000860A2
:1032000000200B4908600B49C1F8A4010220FEF719
:103210003CFC012006490860FEF737FC0120054907
:10322000C1F8A4010220FEF730FC10BD040C0140DF
:10323000A08121420080214210B500241548006879
:1032400020F0F000134908600846006840F0800054
:103250000860012010490860FEF717FC01200F49A3
:10326000C1F8A001FEF711FC0AE0601CC4B2322CC8
:1032700003DDFFF7B9FF002010BD0120FEF705FCBC
:103280000548803800680028EFD10349091F08600D
:103290000120F1E7040C0140A48121420080214279
:1032A00010B540F6C41400E0641E002CFCD1AE2220
:1032B00000213C2005F066FFA62200213C2005F0FD
:1032C00061FFAE2200213C2005F05CFFD5220021E9
:1032D0003C2005F057FF802200213C2005F052FFE2
:1032E000A82200213C2005F04DFF1F2200213C2098
:1032F00005F048FFD32200213C2005F043FF0022C7
:1033000011463C2005F03EFF402200213C2005F004
:1033100039FF8D2200213C2005F034FF14220021CA
:103320003C2005F02FFF202200213C2005F02AFF41
:10333000022200213C2005F025FFA12200213C2093
:1033400005F020FFC82200213C2005F01BFFDA22F7
:1033500000213C2005F016FF022200213C2005F050
:1033600011FF812200213C2005F00CFFCF2200211B
:103370003C2005F007FFD92200213C2005F002FF88
:10338000F12200213C2005F0FDFEDB2200213C2043
:1033900005F0F8FE402200213C2005F0F3FE2E222D
:1033A00000213C2005F0EEFEA42200213C2005F087
:1033B000E9FEA62200213C2005F0E4FEAF22002118
:1033C0003C2005F0DFFE002000F02AFE00F0A8FE01
:1033D00000200349088048800120487110BD00008A
:1033E0009C00002010B500F09BFE10BD2DE9F041BF
:1033F00005460E4617469846FFF7C2FE10B9012053
:10340000BDE8F0816906080EFFF788FEFFF714FF9C
:1034100018B9FFF7E9FE0120F2E73046FFF77EFE1C
:10342000FFF70AFF00240BE018F80400FFF776FE10
:10343000FFF702FF18B9FFF7D7FE0020E0E7641C92
:10344000BC42F1DBFFF7D0FE0020D9E7014600299E
:1034500002DD01F214507047002902DAA1F2145083
:10346000F9E70846F7E703461846884200DD0846B4
:10347000904200DA10467047704700002DE9F04393
:103480008BB0D34840783038052818D2DFE800F0F8
:103490001303070B0F000120CE49087013E0022030
:1034A000CC4908700FE00320CA4908700BE00420E3
:1034B000C849087007E00020C649087003E00020F2
:1034C000C449087000BF00BFC148C078312802D18C
:1034D0000520C0490870BE48C078322802D10620B5
:1034E000BC490870BA48FCF7A2FE15280CD200208F
:1034F000B94908705021B648FCF782FEB7A001F028
:1035000047FE0BB0BDE8F083B1484079312807D1C0
:1035100000F0A2F9052003F067FA00F09DF90AE037
:10352000AB484079322806D100F0D8FC00F094F97D
:10353000AFA001F02DFEA648C079312806D10120A8
:10354000AD490860AAA001F023FE09E0A048C079B7
:10355000322805D10020A8490860A5A001F018FE76
:103560009B48407A312860D11C2104A8FCF748FE12
:1035700000200290039000900190A0A1944800F0D8
:10358000C7FE814609F1010000B9BAE79C4800680E
:10359000A0EB09028E4800EB090104A8FCF717FE16
:1035A00098A104A800F0B4FE0446601C00B9A8E786
:1035B000A21E0DF1120102A8FCF709FE02A803F0F9
:1035C00085F807460022904BFCF7B4FF0546FDF74F
:1035D00017F98E4908601C2104A8FCF711FE09EBBD
:1035E0000400874B1B681A1A794848442044411C40
:1035F00004A8FCF7ECFD83A104A800F089FE0446B2
:10360000601C00B97DE7A21E0DF112016846FCF7AF
:10361000DEFD684603F05AF80546FDF7F1F87C49EF
:10362000086073A001F0B4FD00BF6948C07A31287A
:1036300060D11C2104A8FCF7E3FD00200290039058
:103640000090019073A1624800F062FE814609F18A
:10365000010000B955E76A480068A0EB09025C4820
:1036600000EB090104A8FCF7B2FD66A104A800F074
:103670004FFE0446601C00B943E7A21E0DF1120183
:1036800002A8FCF7A4FD02A803F020F807460022D8
:103690005D4BFCF74FFF0546FDF7B2F85E49086049
:1036A0001C2104A8FCF7ACFD09EB0400544B1B687B
:1036B0001A1A474848442044411C04A8FCF787FDD7
:1036C00050A104A800F024FE0446601C00B918E7CD
:1036D000A21E0DF112016846FCF779FD684602F062
:1036E000F5FF0546FDF78CF84C49086040A001F055
:1036F0004FFD00BF3648407B312860D11C2104A813
:10370000FCF77EFD0020029003900090019044A100
:103710002F4800F0FDFD814609F1010000B9F0E6F7
:1037200037480068A0EB0902294800EB090104A80A
:10373000FCF74DFD33A104A800F0EAFD0446601C2F
:1037400000B9DEE6A21E0DF1120102A8FCF73FFD52
:1037500002A802F0BBFF074600222B4BFCF7EAFE53
:103760000546FDF74DF82F4908601C2104A8FCF719
:1037700047FD09EB0400224B1B681A1A1448484401
:103780002044411C04A8FCF722FD27A104A800F056
:10379000BFFD0446601C00B9B3E6A21E0DF1120184
:1037A0006846FCF714FD684602F090FF0546FDF7F9
:1037B00027F81E4908600EA001F0EAFC00BF0020B7
:1037C0000549087050210248FCF71AFD00BF98E631
:1037D000C805002044010020340100202452656304
:1037E000656976655061636B4572726F7223000084
:1037F000244F4B2300000000300100204150000006
:10380000400100202C00000000005940F40000207E
:10381000F800002056500000FC00002000010020AD
:103820005450000004010020230000000801002083
:1038300010B506480268521C05490648FCF7C7FC4B
:1038400050210348FCF7DCFC10BD000038010020CB
:1038500078050020C805002070B532216548FCF7C6
:10386000CFFC644864A109680160002163480068D6
:10387000FCF7ECFF0FD8624960480068FCF775FD63
:103880000646FCF791FF044622460B465DA15F48C1
:1038900001F0B4FE03E05EA001F07AFC70BD0021EF
:1038A0005F480068FCF7D2FF0BD85D480068FCF762
:1038B0007BFF044622460B4652A15A4801F09EFE69
:1038C00003E053A001F064FCE8E7002156480068DB
:1038D000FCF7BCFF0FD84A4953480068FCF745FD88
:1038E0000646FCF761FF044622460B4645A14F48B9
:1038F00001F084FE03E046A001F04AFCCEE700217F
:103900004B480068FCF7A2FF0BD849480068FCF759
:103910004BFF044622460B463AA1464801F06EFE94
:1039200003E03BA001F034FCB8E700214248006806
:10393000FCF78CFF0FD832493F480068FCF715FDB3
:103940000646FCF731FF044622460B462DA13B48B4
:1039500001F054FE03E02EA001F01AFC9EE70021C6
:1039600037480068FCF772FF0BD835480068FCF751
:103970001BFF044622460B4622A1324801F03EFEC0
:1039800003E023A001F004FC88E720491948FCF774
:1039900042FC2DA11748FCF73EFC22491548FCF7D4
:1039A0003AFC2AA11348FCF736FC20491148FCF7E1
:1039B00032FC27A10F48FCF72EFC1E490D48FCF7EE
:1039C0002AFC24A10B48FCF726FC1C490948FCF7FB
:1039D00022FC21A10748FCF71EFC1A490548FCF708
:1039E0001AFC0EA10348FCF716FC024801F0D0FBBC
:1039F00000BF53E74501002024415000F40000209F
:103A00000000C84225332E32660000001806002050
:103A1000244765745049444572726F722300000058
:103A2000F800002022060020FC0000202C060020C8
:103A3000000100203606002004010020400600207E
:103A4000080100204A0600202C4144002C5650005A
:103A50002C5649002C5450002C54440001460020A0
:103A6000034A506820F4404008435060704700000B
:103A70000010024029B1064AD2690243044BDA61C0
:103A800004E0034AD2698243014BDA6170470000C7
:103A90000010024029B1064A12690243044B1A6120
:103AA00004E0034A12698243014B1A617047000027
:103AB0000010024029B1064A92690243044B9A6100
:103AC00004E0034A92698243014B9A617047000007
:103AD0000010024029B1064AD2680243044BDA6062
:103AE00004E0034AD2688243014BDA607047000069
:103AF0000010024030B500210022002400232D4D8B
:103B00006D6805F00C0121B1042905D0082923D1E5
:103B100005E0294D056022E0274D05601FE0254D99
:103B20006D6805F47012234D6D6805F4803402252C
:103B300005EB92421CB9214D554305600BE01D4D2C
:103B40006D6805F400351DB11C4D5543056002E05C
:103B5000194D5543056002E0174D056000BF00BFD9
:103B6000144D6D6805F0F0010909154D6B5C056891
:103B7000DD4045600F4D6D6805F4E061090A104DA8
:103B80006B5C4568DD4085600A4D6D6805F46051E9
:103B9000C90A0B4D6B5C4568DD40C560054D6D681D
:103BA00005F44041890B074D6B5CC568B5FBF3F527
:103BB000056130BD0010024000127A0000093D008E
:103BC00044000020540000202DE9F04F8FB00CA8D5
:103BD00089490DAB08AACDE900108849884803F04F
:103BE000CBF88548008800F4807000287ED00898C3
:103BF000FCF781FD04464FF09D41FCF7B6FB81497F
:103C000008600998FCF777FD04464FF09D41FCF7EA
:103C1000ACFB7D4908600A98FCF76DFD04464FF047
:103C20009D41FCF7A2FB794908600B98FCF763FD06
:103C300004464FF09D41FCF798FB754908607148B8
:103C400001684FF08040FCF75EFB06906F4801680A
:103C50000698FCF758FB82466B4801684FF04040DD
:103C6000FCF751FB06906A4801680698FCF74BFB8D
:103C700083465146FCF7EFFA0790FCF795FD804626
:103C800002F00EFA06464FF06632624BFCF752FC29
:103C90000446FCF7B5FD604908605C4801684FF0D8
:103CA0008040FCF730FB0390584801680398FCF70C
:103CB0002AFB8246544801684FF04040FCF723FB42
:103CC0000390514801680398FCF71DFB8346514659
:103CD000FCF713FB81464FF07E51FCF7BCFA04461B
:103CE000FCF762FDCDE90401464800E081E001688F
:103CF0004FF08040FCF707FB834643480168584675
:103D0000FCF701FB8146414801684FF08040FCF719
:103D1000FAFA83463E4801685846FCF7F4FA8246B0
:103D20004946FCF798FA0446FCF73EFD0746DDE9F4
:103D3000042302F0FDFB4FF06632364BCDE906015D
:103D4000FCF7F8FB0546FCF75BFD3449086030489A
:103D500001680068FCF7D7FA03902C4801680068F6
:103D6000FCF7D1FA0290284801680068FCF7CBFA0A
:103D70008346244801680068FCF7C5FA594601905B
:103D8000FCF769FA82460299FCF7B7FA8146039973
:103D9000FCF7B3FA0446FCF707FDCDE904011C4823
:103DA000016818480068FCF7AEFA824617480168B7
:103DB00015480068FCF7A7FA83465146FCF74BFA12
:103DC00081464FF08041FCF79EFA0446FCF7ECFC7C
:103DD0000746DDE9042302F0ABFB4FF066320D4BE2
:103DE000CDE90601FCF7A6FB0546FCF709FD0C49E9
:103DF00008600FB0BDE8F08F68000020620000206E
:103E00005C000020780000207C0000208000002062
:103E10008400002066A64C406C000020700000204A
:103E200074000020014611B101290ED106E0094AB3
:103E3000128810B20022074B1A8008E0064A128846
:103E400010B20022044B1A8001E0002000BF00BF26
:103E50007047000024040040240800402DE9F05F72
:103E60004221D020FEF7F2FA05464121D020FEF78C
:103E7000EDFA05EB00242046FCF73DFC82464FF0AE
:103E80008E415046FCF7E2FC05D24FF08F41504680
:103E9000FCF733FA82460D495046FCF766FA834632
:103EA000FCF782FC80460A4A0A4BFCF79CFA06465D
:103EB0000022094BFCF73EFB0446FCF7A1FC8246BE
:103EC0005046FCF744FCBDE8F09F00000000AA4308
:103ED000A4703D0AD74342400000244010B5214859
:103EE000016821480068FCF7A7FC03D01D48006862
:103EF0001D4908601B4841681C480068FCF79CFC91
:103F000003D0184840681949086016488168184865
:103F10000068FCF791FC03D01248806814490860DF
:103F20001048C16813480068FCF786FC03D00D48B0
:103F3000C068104908600B4801690F480068FCF729
:103F40007BFC03D0074800690B49086005484169BC
:103F50000A480068FCF770FC03D002484069074932
:103F6000086010BD54060020F4000020F800002076
:103F7000FC000020000100200401002008010020B6
:103F8000F0B503461446802B01DA202900DBF0BD92
:103F90002148007920B10CB9012000E0002004463E
:103FA000012C1CD1CD1701EB5575ED1003EBC51598
:103FB0001A4E755D0A46CE1701EB5676F610A1EB48
:103FC000C6070126BE403543EEB20846CD1701EBC9
:103FD0005575ED1003EBC515104F7E551AE0CD1742
:103FE00001EB5575ED1003EBC5150C4E755D0A46DA
:103FF000CE1701EB5676F610A1EBC6070126BE40A0
:10400000B5430846CE1701EB5676F61003EBC616FD
:10401000024FBD5500BFBAE79C0000209C02002063
:1040200010B504460CB9002000E0FF2002464FF412
:1040300000710248FCF7DDF810BD00009C02002072
:10404000014A1080518070479C0000202DE9F04308
:1040500007460C4690462648008821780844802868
:1040600005DA2348408861780844202802DB0020D4
:10407000BDE8F083002530E0A7F12000617800FB67
:104080000150616831F81090002622E009FA06F02C
:1040900000F4004058B1164A52882A4491B2144A9A
:1040A0001288324490B24246FFF76AFF10E0B8F13E
:1040B000000F01D1012300E000231A460C4B5B885E
:1040C0002B4499B20A4B1B88334498B2FFF758FF30
:1040D000761C2078B042D9D86D1C6078A842CBD825
:1040E0000348008821780844014908803846BFE722
:1040F0009C00002070B504460D4616460AE0207864
:1041000032462946FFF7A2FF2178884201D0207865
:1041100070BD641C20780028F1D12078F8E70000F9
:1041200010B500241BE004F1B000C2B200213C2015
:1041300005F028F8002211463C2005F023F8102253
:1041400000213C2005F01EF80648802101FB0402F6
:104150000B4640213C2005F01FF8601CC4B2082C1F
:10416000E1DB10BD9C0200207047000010B50C4838
:104170000068401E0A4908600A480068012807D103
:104180000846006820B9FDF7ABF9074801F000F8D0
:104190000348006810B901200149086010BD000003
:1041A0008001002030010020EC04002010B500F058
:1041B00001F810BD0CB50020019000903348006854
:1041C00040F480303149086000BF3048006800F496
:1041D000003000900198401C0190009818B9019897
:1041E000B0F5A06FF1D12948006800F4003010B19B
:1041F0000120009001E0002000900098012843D1A8
:104200002348006840F01000214908600846006813
:1042100020F0030008600846006840F002000860D3
:104220001A4840681949486008464068486008468E
:10423000406840F4806048600846406820F47C1084
:1042400048600846406840F4E81048600846006846
:1042500040F08070086000BF0C48006800F00070FB
:104260000028F9D00948406820F003000749486059
:104270000846406840F00200486000BF03484068BC
:1042800000F00C000828F9D10CBD0000001002401D
:104290000020024070B505460C4625B900201B4998
:1042A0000880091D08802CB90020184908310880B1
:1042B000091D0880002D09DD284604F07AFE134907
:1042C000091D08800020091F088008E000200F4910
:1042D000091D0880284604F06CFE0C490880002C5B
:1042E00009DD204604F065FE0849083108800020F9
:1042F000091D088009E00020044908310880204693
:1043000004F057FE01490C31088070BD343401407F
:1043100030B503460C4600211AE0585C2578A842C7
:1043200000D014E0002206E0521CA05C8D185D5DF8
:10433000A84200D005E0A05C18B18818185C0028DD
:10434000F2D100BFA05C08B9084630BD00BF491CCF
:10435000585C0028E1D1401EF7E7042808D14FF04F
:10436000E021096941F004014FF0E022116107E00A
:104370004FF0E021096921F004014FF0E0221161C2
:104380007047704710B51348006840F001001149AC
:10439000086008464068104908400E4948600846D1
:1043A00000680E4908400B4908600846006820F480
:1043B000802008600846406820F4FE0048604FF402
:1043C0001F008860FFF7F2FE4FF0006004490860AC
:1043D00010BD0000001002400000FFF8FFFFF6FED5
:1043E00008ED00E0F0B50C46154600220021068CD1
:1043F0004FF6FE773E400684028B018C4FF60C761A
:1044000032407E1C06EA03162E433243104EB04261
:104410000ED0104EB0420BD0B0F1804F08D00E4EEF
:10442000B04205D00D4EB04202D00D4EB04206D182
:104430004FF6FD76314044F00106314305E04FF67A
:10444000F576314044F00106314302830184F0BD2A
:10445000002C0140003401400004004000080040EE
:10446000000C0040F0B50C46154600220021002645
:10447000078C4FF6EF7C07EA0C070784028B018C50
:104480004FF6FF7707EA041640F6FF473A404FF62B
:10449000FF7707EA03373A434FF6FF7707EA052726
:1044A0003A43114FB8420ED0104FB8420BD0B0F182
:1044B000804F08D00E4FB84205D00E4FB84202D000
:1044C0000D4FB84206D14FF6DF77394046F010075E
:1044D000394305E04FF65F77394044F01007394320
:1044E00002830184F0BD0000002C01400034014033
:1044F0000004004000080040000C0040F0B50C46ED
:104500001546002200210026078C4FF6FF6C07EAB3
:104510000C070784828B018C4FF6FF7707EA04268D
:104520004FF60C773A404FF6FF7707EA03172F4311
:104530003A43114FB8420ED0104FB8420BD0B0F1F1
:10454000804F08D00E4FB84205D00E4FB84202D06F
:104550000D4FB84206D14FF6FF57394046F48077E9
:10456000394305E04FF2FF57394044F4807739432F
:1045700082830184F0BD0000002C01400034014022
:104580000004004000080040000C0040F0B50C465C
:104590001546002200210026078C4EF6FF7C07EA14
:1045A0000C070784828B018C4FF6FF7707EA0436ED
:1045B00040F6FF473A404FF6FF7707EA05273A43B0
:1045C0004FF6FF7707EA03373A43114FB8420ED050
:1045D000104FB8420BD0B0F1804F08D00E4FB84208
:1045E00005D00E4FB84202D00D4FB84206D14DF65D
:1045F000FF77394046F48057394305E047F6FF57C7
:10460000394044F48057394382830184F0BD00006F
:10461000002C01400034014000040040000800402C
:10462000000C004030B587B005460C4604F012FE81
:1046300001210846FFF71EFAADF80850ADF8044016
:104640000020ADF80A00ADF8060001A94FF0804047
:1046500000F078FC0420ADF810000020ADF8120046
:104660000120ADF814000020ADF81600ADF81800D8
:1046700004A94FF0804000F073FA1C208DF8000070
:1046800001208DF801008DF802008DF803006846C6
:10469000FEF7A8FC01220521880700F0C0FA0121DD
:1046A000880700F01BF907B030BD00004FF08041D3
:1046B000088A2C49097801F0800100294DD100F0C9
:1046C0000101D1B12749097801F04001A9B125497B
:1046D000097801F03F013F290AD12249098841F0B8
:1046E0008001204A11804FF6FF711F4A118004E0BB
:1046F0001C490988491C1B4A118000F0040161B360
:104700001849097801F0400199B11649098841F02A
:104710008001144A11804FF08041098F124A1180A4
:104720004FF08041098C21F020014FF0804211842C
:1047300013E000210B4A11800B4A118009490988B6
:1047400041F04001074A118000214FF080429184DE
:104750001146098C41F02001118400214FF0804264
:1047600011827047D4000020D60000200448008841
:104770000348008820F001000149088070470000CC
:1047800010040040044800880348008820F001001D
:1047900001490880704700001008004010B5012151
:1047A000254800F0CCF9002844D00121224800F02F
:1047B00092F822480088401C204908802048007850
:1047C000401C1F4908701F480088002804DD1D4850
:1047D0000088401E1B490880FDF772FDFFF7C6FCEC
:1047E00017480078022823DD002015490870FDF7DE
:1047F00059FD0446144801682046FBF72CFD124978
:10480000086012480078401C10490870084600787B
:1048100032280DD10E490C480068FBF7A6FD0D4962
:1048200008600020084908600849087004F0CAFBC5
:1048300001F0F2FF10BD000000100040C800002091
:10484000C1000020C2000020BC000020C0000020E9
:1048500000004842D80000201FB501211020FFF7BA
:1048600009F941F61F40ADF804006320ADF80800D7
:1048700001A9104800F066FB01210E4800F028F85D
:10488000012211460B4800F0CAF936208DF80000CD
:1048900004208DF8010002208DF8020001208DF81F
:1048A00003006846FEF79EFB0121024800F016F85F
:1048B0001FBD00000010004021B1028842F08002BC
:1048C000028004E002884FF67F731A40028070472E
:1048D000CA4302827047CA430282704721B10288EC
:1048E00042F00102028004E002884FF6FE731A4093
:1048F0000280704731B1B0F8442042F40042A0F881
:10490000442005E0B0F84420C2F30E02A0F8442091
:104910007047000010B504466848844208D1012160
:10492000C014FFF7D7F80021E014FFF7D3F8C4E074
:10493000B4F1804F08D101210846FFF7ABF8002100
:104940000120FFF7A7F8B8E05D48844208D10121B3
:104950000220FFF79FF800210220FFF79BF8ACE050
:104960005848844208D101210420FFF793F8002120
:104970000420FFF78FF8A0E05348844208D10121BA
:104980000820FFF787F800210820FFF783F894E05C
:104990004E48844208D101211020FFF77BF8002106
:1049A0001020FFF777F888E04948844208D10121B8
:1049B0002020FFF76FF800212020FFF76BF87CE044
:1049C0004448844208D101214014FFF783F80021B4
:1049D0006014FFF77FF870E03F48844209D101215D
:1049E000C804FFF777F800214FF40020FFF772F8B2
:1049F00063E03A48844209D101210805FFF76AF8CB
:104A000000214FF48010FFF765F856E034488442E7
:104A100009D101214805FFF75DF800214FF400108E
:104A2000FFF758F849E02F48844208D1012140207F
:104A3000FFF730F800214020FFF72CF83DE02A482E
:104A4000844208D101218020FFF724F80021802032
:104A5000FFF720F831E02548844208D10121801574
:104A6000FFF718F80021A015FFF714F825E02048FB
:104A7000844209D101210804FFF72CF800214FF4EA
:104A80008030FFF727F818E01A48844209D1012145
:104A90004804FFF71FF800214FF40030FFF71AF821
:104AA0000BE01548844208D101218804FFF712F871
:104AB00000214FF48020FFF70DF810BD002C0140BD
:104AC0000004004000080040000C004000100040BE
:104AD0000014004000340140004C014000500140EF
:104AE0000054014000180040001C0040002000401D
:104AF000004001400044014000480140F0B50C4630
:104B000015461E460021002200230189028B038CDA
:104B10004FF6F877394021434FF6FC473A4040F2D0
:104B200001173A434FF6DD773B404FF6FF7707EA30
:104B300006172F433B43018102830384F0BD30B548
:104B40000246002000230024158A05EA0103958906
:104B500005EA010413B10CB1012000E0002030BDD2
:104B600070B505460C46244885420ED02348854240
:104B70000BD0B5F1804F08D02148854205D021489F
:104B8000854202D02048854200D100E000BF208845
:104B900050B92389A28861882846FFF723FCE18861
:104BA000284600F0A2F925E0208804280AD12389AC
:104BB000A28861882846FFF755FCE188284600F066
:104BC0009DF917E0208808280AD12389A2886188E6
:104BD0002846FFF793FCE188284600F09CF909E09D
:104BE0002389A28861882846FFF7D0FCE1882846FF
:104BF00000F09AF970BD0000002C01400034014023
:104C00000004004000080040000C0040002101802A
:104C10004180012181800021C180018170471AB14A
:104C200083890B43838102E083898B4383817047AF
:104C300070B5002400220023058C4FF6FE76354027
:104C40000584028C8388048B4FF68F752C40B51E2B
:104C50002C400D882C43751E2A400D892A434D880F
:104C60002A43144DA8420BD0134DA84208D0134D2F
:104C7000A84205D0124DA84202D0124DA84213D12D
:104C80004FF6F7752A404D892A434FF6FB752A40A7
:104C90008D882A434FF6FF652B404FF6FF552B407A
:104CA0008D892B43CD892B4383800483CD888586D2
:104CB000028470BD002C01400034014000400140DE
:104CC00000440140004801400A460021018B4FF694
:104CD000F7731940114301837047000070B5002439
:104CE00000220023058C4FF6EF7635400584028CB8
:104CF0008388048B48F6FF752C404FF6FF452C4007
:104D00000D884FF6FF7606EA05252C434FF6DF7532
:104D10002A400D8906EA05152A434D8806EA05153D
:104D20002A43154DA84202D0144DA8421DD14FF67A
:104D30007F752A404D894FF6FF7606EA05152A430E
:104D40004FF6BF752A408D8806EA05152A434FF6AF
:104D5000FF352B404FF2FF752B408D8906EA850504
:104D60002B43CD8906EA85052B4383800483CD88B8
:104D70000587028470BD0000002C01400034014012
:104D80000A460021018B4FF2FF7319404FF6FF7363
:104D900003EA0223194301837047000070B5002421
:104DA00000220023058C4FF6FF6635400584028CF7
:104DB0008388848B4FF68F752C404FF6FC752C4002
:104DC0000D882C434FF6FF552A400D894FF6FF768C
:104DD00006EA05252A434D8806EA05252A43154D8E
:104DE000A84202D0144DA8421DD14FF2FF752A40AF
:104DF0004D894FF6FF7606EA05252A434FF6FF3523
:104E00002A408D8806EA05252A434EF6FF752B4079
:104E10004DF6FF752B408D8906EA05152B43CD898C
:104E200006EA05152B4383808483CD888587028419
:104E300070BD0000002C0140003401400A460021F2
:104E4000818B4FF6F773194011438183704700003F
:104E500070B5002200230024058C4EF6FF76354005
:104E60000584038C8488828B48F6FF752A404FF6B0
:104E7000FF452A400D884FF6FF7606EA05252A43AE
:104E80004DF6FF752B400D8906EA05352B434D88FD
:104E900006EA05352B430B4DA84202D00A4DA84225
:104EA00008D14BF6FF752C408D894FF6FF7606EA48
:104EB00085152C4384808283CD88A0F840500384DC
:104EC00070BD0000002C0140003401400A46002162
:104ED000818B4FF2FF7319404FF6FF7303EA0223F1
:104EE00019438183704781847047028B4FF6F373B7
:104EF0001A400283028B0A4302837047028B4FF2EF
:104F0000FF331A400283028B4FF6FF7303EA01233B
:104F10001A4302837047828B4FF6F3731A408283E1
:104F2000828B0A4382837047828B4FF2FF331A4091
:104F30008283828B4FF6FF7303EA01231A43828335
:104F400070470000002202881D4B98420ED01D4B76
:104F500098420BD0B0F1804F08D01B4B984205D03F
:104F60001A4B984202D01A4B984204D14FF68F73D5
:104F70001A404B881A43174B984207D0164B984259
:104F800004D04FF6FF431A40CB881A4302808B8827
:104F900083850B8803850A4B98420BD0094B9842B6
:104FA00008D00E4B984205D00D4B984202D00D4BC5
:104FB000984201D10B7A0386012383827047000057
:104FC000002C014000340140000400400008004073
:104FD000000C004000100040001400400040014060
:104FE00000440140004801404FF6FF7181800021DC
:104FF0000180C18041800172704700002DE9F041BD
:105000000546884613492846FBF716FC13D3124978
:105010002846FBF71BFC0ED310480068FBF7C4FBC7
:1050200006464FF033320E4BFBF7D2FB03D30D484D
:10503000007801280AD1012400200B490880091DAD
:105040000880091D0880091D088000E00024204612
:10505000BDE8F081000020C200002042D8000020FE
:10506000333323402C000020343401402DE9F04735
:1050700005463248066832480078032806D1314890
:10508000006880F00040304908601BE02C48007840
:10509000042804D12B4800682B49086012E02848F6
:1050A0000078052803D12948274908600AE02448E8
:1050B0000078062803D126482349086002E0002032
:1050C000214908601E480078012803D01C48007858
:1050D000022802D11F48046800E000242146284627
:1050E000FBF711F982461C49FBF73FF98046314630
:1050F00015480068FBF707F982461749FBF735F9B1
:1051000081464146FBF7A7F8074614480168384630
:10511000FBF7A1F81249086012480078012807D16E
:10512000114801680E480068FBF7EDF80C4908606B
:105130000B480068FBF70BFBBDE8F087040100207B
:10514000440100201001002028010020000048C276
:1051500000004842080100200000C842280000204A
:105160002C0100202D000020F000002010B540F29E
:105170002551064800F098F830B1044800F050F985
:10518000C4B2204601F09EFB10BD0000005000405C
:1051900070B505462C4603E0207800F04DF8641CFD
:1051A00020780028F8D170BD10B5002440F22551B8
:1051B000054800F079F830B1034800F031F9C4B285
:1051C000204600F003F810BD0038014010B5044639
:1051D00000BF8021044800F05AF80028F9D0214689
:1051E000014800F022F910BD0038014010B540F22E
:1051F0002551084800F058F858B140F225510548AB
:1052000000F02AF8034800F00BF9C4B2204600F081
:1052100003F810BD0044004010B5044600BF8021D3
:10522000044800F034F80028F9D02146014800F085
:10523000FCF810BD0044004010B504462146054866
:1052400000F0F3F800BF4021024800F020F80128E8
:10525000F9D110BD0050004010B50022002340F6E7
:105260006A14A14200D100BF0A1201249440A3B2E3
:10527000DC43048010BD21B1828942F40052828156
:1052800004E082894DF6FF731A408281704702461E
:105290000020B1F5007F00D100BF13880B400BB197
:1052A000012000E00020704770B502460024002372
:1052B0000025002040F66A16B14200D100BFC1F3BC
:1052C000421501F01F03012606FA03F3012D02D156
:1052D0009689334006E0022D02D1168A334001E060
:1052E000968A33400C12012606FA04F416883440DC
:1052F00013B10CB1012000E0002070BDF0B50346F1
:10530000002400260025002040F66A17B94200D18B
:1053100000BF1846C1F3421401F01F06012707FA27
:1053200006F5012C01D10C3004E0022C01D1103023
:1053300000E014301AB107682F43076002E00768E5
:10534000AF430760F0BD00002DE9F04786B0054689
:105350000E460024A24600BFA1460027B08900B136
:1053600000BF2F462C8A4CF6FF700440F08804439F
:105370002C82AC894EF6F3100440B0883189084382
:10538000718908430443AC81AC8A4FF6FF40044066
:10539000B0890443AC8201A8FEF7ACFB1F488742EA
:1053A00002D1DDF810A001E0DDF80CA0A88900F41E
:1053B000004040B10AEBCA0000EB0A103168490016
:1053C000B0FBF1F807E00AEBCA0000EB0A10316805
:1053D0008900B0FBF1F86420B8FBF0F0040120096B
:1053E000642101FB1089A88900F4004040B13220FB
:1053F00000EBC900B0FBF1F000F00700044308E047
:10540000322000EB09106421B0FBF1F000F00F0036
:1054100004432C8106B0BDE8F0870000003801404D
:1054200001468888C0F308007047C1F308028280F3
:10543000704700BFFEE700002DE9FC5F0446894687
:1054400051480078012804D150480068504908604C
:105450000EE04D480078022806D14C48006880F0E4
:1054600000404B49086003E04A480068484908602A
:1054700004EB09014842FBF73EF9474908604748F9
:105480000068FBF791F90746454A464BFBF752F88F
:105490000546FBF7B5F9414908603F480068FBF74E
:1054A00083F90546404A414BFBF744F807468846D6
:1054B0003A480068FBF778F982463A464346FAF7DD
:1054C00092FFCDE90001FBF79BF9344908600846DB
:1054D000016837480068FAF7BEFE354908602C4875
:1054E000016833480068FAF7B6FE3149086031496F
:1054F0002F480068FBF7AAF902D22E482C49086011
:105500002D492B480068FBF797F902D22A48284911
:1055100008602A48016826480068FAF7F4FE074642
:105520002749FAF722FF05461C48006880F000482A
:10553000244801684046FAF7E6FE07462049FAF794
:1055400014FF06462946FAF7D8FE1F4908601F488F
:1055500001681F480068FFF751FD012802D10020B3
:10556000134908601B480078012807D11A480168D0
:1055700015480068FAF7C7FE13490860124800682A
:10558000FBF7E5F8BDE8FC9F440100200C0100207A
:105590002001002024000020180100201C01002010
:1055A000E17A14AE47E1EA3F7B14AE47E17AC43FAB
:1055B000240100200000FA450000FAC50001002087
:1055C0000000C842FC00002014010020D800002088
:1055D000040000202D000020EC0000200FB4054B3B
:1055E00010B503A9044A029800F07EF910BC5DF8DA
:1055F00014FB000029760008980000200FB4084B27
:1056000010B504A902AA039800F06EF9044602A995
:10561000002000F0ECFC204610BC5DF814FB0000FC
:10562000EF5F0008490050EAC12018BF04204A0D6E
:1056300018BF40F0010040F2FF72B2EB515F08BFAB
:1056400040F00200012808BF052070472DE9F04115
:105650004F1E00EBC7010446D1E9000115461E4666
:1056600037F006020DD02A463346FAF763FF7F1E55
:1056700004EBC703D3E90023FAF7B5FE37F00602BF
:10568000F1D1022F25D0042F13D0062F18BFBDE86B
:10569000F0812A463346FAF74DFFD4E90A23FAF798
:1056A000A2FE2A463346FAF745FFD4E90823FAF763
:1056B0009AFE2A463346FAF73DFFD4E90623FAF765
:1056C00092FE2A463346FAF735FFD4E90423FAF767
:1056D0008AFE2A463346FAF72DFFD4E90223FAF769
:1056E00082FE2A463346FAF725FFD4E90023BDE8B7
:1056F000F041FAF778BE0122FBF7FCB9FAF773BE66
:105700000022134610461146FAF786BF024A0020CF
:105710001107FBF7EFB9000001FDFFFF014800682A
:10572000704700008402002002E008C8121F08C170
:10573000002AFAD170477047002001E001C1121F12
:10574000002AFBD170470000014908607047000043
:10575000840200202DE9FF5F82B00021DDE90430E2
:10576000020DDDF840B0034318D044F61050A2F209
:10577000FF3242431514119801281FD0A5EB0B00EE
:10578000401C5FEA000A4FF000064E4FDFF83891E8
:10579000B046504615D5CAF1000413E01198012413
:1057A0004AA3012801D16FEA0B010298119AC0E9BE
:1057B0000031C0E9024206B0BDE8F09FCBF1000025
:1057C000DFE704460021404A491842EB0450CDE986
:1057D000001012E0E00707D032463B4640464946FB
:1057E000FAF7A8FE8046894632463B4610461946DF
:1057F000FAF7A0FE06460F466410002CEAD1DDE958
:105800000401DDE90023BAF1000F06DAFAF792FE8F
:1058100042464B46FAF78EFE05E0FAF7FDFE424699
:105820004B46FAF7F9FE04460E460022284BFBF7DA
:1058300091F903D84FF0FF30014607E00022254BD5
:1058400020463146FAF7CFFDFBF76BF9102409E04B
:10585000002C0ADB0A220023FBF718F8039B3032E6
:105860001A55641E50EA0102F2D1641C039AC4F175
:1058700011031444119A012A03D0012208430DD1C7
:105880000AE0084304D000204FF0110B119072E79A
:10589000A3EB0B056D1E0DE05B4504DD4FF0000230
:1058A00005F1010504E003DA4FF00002A5F101055E
:1058B000002AECD002981199C0E90231C0E90045F4
:1058C00079E70000000014400000F03F30000000C5
:1058D0000000F0430000E03F30380A2801D20120E8
:1058E00070470020704700002DE9FF4F95B09A46A1
:1058F000884606460025EEE1252877D10024274674
:10590000F94A0121039400E0044316F8013F203BCB
:1059100001FA03F01042F7D130782A2811D06FF045
:105920002F033078A0F13002092A16D8039A44F0E8
:10593000020402EB820203EB42021044761C039045
:10594000EFE758F8042B0392002A03DA504244F49C
:105950000054039044F00204761C30782E2816D1AF
:1059600016F8010F44F004042A280DD06FF02F021E
:105970003078A0F13003092B09D807EB870302EB3D
:105980004303C718761CF3E758F8047B761C30787D
:105990006C280FD006DC4C2817D068280DD06A2858
:1059A00014D104E0742810D07A280FD10DE044F40B
:1059B00000140AE044F4801401E044F440147278C6
:1059C000824202D104F58014761C761C3078662859
:1059D0000BD013DC582877D009DC002875D0452877
:1059E000F6D04628F4D047281AD193E118E063286E
:1059F00035D0642879D0652812D18BE1702873D016
:105A000008DC6728F1D069286FD06E280DD06F2888
:105A100006D1ACE073282CD0752874D0782853D0E8
:105A20005246179990476D1C54E1C4F30250022866
:105A300009D003280DD0D8F8001004280DD00D602F
:105A400008F1040846E1D8F80010EA17C1E900524D
:105A5000F6E7D8F800100D80F2E70D70F0E718F8BF
:105A6000041B8DF8001000208DF80100EB4601208A
:105A700003E058F804BB4FF0FF3061074FF000011E
:105A800002D40DE009F101018946B9420FDA8145DE
:105A9000F8DB1BF809100029F4D108E009F1010135
:105AA00089468142FADB1BF809100029F6D10398D8
:105AB0005346A0EB090721463846179A00F080FAB2
:105AC000284400EB090507E044E008E10DE01BF87D
:105AD000010B524617999047B9F10109F7D2534685
:105AE00021463846179AF2E039E00A21C4F30252FF
:105AF0004FF0000B0091022A06D058F8040BC11792
:105B0000032A09D00AE023E008F1070020F0070289
:105B1000F2E80201904605E000B2C117042A01D163
:105B200040B2C117002906DA0A460021404261EB63
:105B300002012D2202E0220504D52B228DF804203B
:105B4000012203E0E20701D02022F7E7914657E067
:105B50000A2100E010214FF0000B00910BE0102112
:105B60004FF0000B44F004040827009103E00820E4
:105B70004FF0000B0090C4F30252022A05D058F8EF
:105B8000040B0021032A08D008E008F1070020F0E8
:105B90000702F2E80201904603E080B2042A00D135
:105BA000C0B24FF0000922072AD53278702A07D0F8
:105BB000DDF800C08CF0100C5CEA0B0C05D00EE098
:105BC00040228DF80420012208E050EA010306D0AB
:105BD00030238DF804308DF8052002229146009B79
:105BE00083F0080353EA0B030AD150EA010201D102
:105BF000620705D530228DF804204FF001097F1E81
:105C00003278582A04D039A20C920CAA02920BE0E6
:105C10003BA2F9E75B46009AFAF738FE0C9B9B5CC7
:105C2000029A521E0292137050EA0102F2D10298B7
:105C300004A9081A00F1200B600702D524F480346F
:105C400000E001275F4502DDA7EB0B0000E000202C
:105C500000EB0B01009003984944401A0390E003C5
:105C600006D453462146179A039800F0A9F9054433
:105C7000002706E001A85246C05D179990476D1CA9
:105C80007F1C4F45F6DBE0030CD553462146179A9F
:105C9000039800F095F9054404E030205246179926
:105CA00090476D1C0099481E00900029F5DC08E023
:105CB0000298029952460078491C02911799904720
:105CC0006D1CBBF10001ABF1010BF1DC5BE100F0FD
:105CD00065F90544761C307800287FF40DAE19B0C4
:105CE0002846BDE8F08F000009280100303132332A
:105CF0003435363738396162636465660000000008
:105D000030313233343536373839414243444546F1
:105D100000000000600700D4062708F1070020F00B
:105D20000700F0E80223804603F0004C5FEA0C0015
:105D300001D097A009E0200501D596A005E0E00775
:105D400001D095A001E0AFF24C001390307823F021
:105D5000004365280CD006DC452809D046281DD014
:105D600047287FD13BE0662818D067287AD136E0F3
:105D70000021112F01DB112000E0781CCDE900018A
:105D800004A90CA8FFF7E6FCDDE90D010C9A4FF021
:105D9000000B07F10109109200914EE04FF0004016
:105DA0000097CDE9011004A90CA8FFF7D3FCDDE9A9
:105DB0000D020C9B0F994FF0000B9146109300922F
:105DC00011B9791C00EB0109B7EB090003D4C0F14C
:105DD000FF3B07F10109A9EB0700019042E0012F09
:105DE00000DA01270021112F01DD112000E03846E3
:105DF000CDE9000104A90CA8FFF7ACFCDDE90D0119
:105E00000C9A00914FF0000BB946109221070FD465
:105E1000009A4A4503DA914601E0A9F10109B9F176
:105E2000010F05DD109AA9F10101515C3029F4D070
:105E3000B84202DA10F1040F03DA0121CDE90110B2
:105E400010E0002803DC8344A9EB000102E0411CC0
:105E5000494500DD8946A0EB0B00401C01904FF046
:105E600000400290200705D40198484502DB4FF01E
:105E7000FF30019000208DF84B0002980DF14B0788
:105E8000B0F1004F25D002200C902B200D900298ED
:105E900000280CDA404202902D200D9007E00A21E4
:105EA0000298FAF7DDFC3031029007F8011D0C99D9
:105EB000481E0C900029F2DC02980028EFD1791ED0
:105EC0000D980870307800F0200040F0450007F889
:105ED000020D11A8C01BC01D02901398007800B1DC
:105EE000012000EB0901019801EBE07102980144E7
:105EF0000398401A401E0390E00306D453462146FF
:105F0000179A039800F05CF805441398007818B1CC
:105F10005246179990476D1CE00323D553462146FE
:105F2000179A039800F04CF805441BE0BBF1000FF2
:105F300007DB0098584504DD1098179910F80B00FE
:105F400001E0179930205246904701980BF1010B60
:105F5000401E05F10105019004D12E2052461799EB
:105F600090476D1CB9F10001A9F10109DEDC05E0E3
:105F700017F8010B5246179990476D1C0299481E5D
:105F800002900029F4DC53462146179A03989EE6B6
:105F90002D0000002B000000200000002DE9F04142
:105FA000044600251E461746880404D405E03946F9
:105FB0002020B0476D1C641EF9D52846BDE8F0814D
:105FC0002DE9F041044600251E469046C80301D540
:105FD000302700E02027880404D505E041463846F4
:105FE000B0476D1C641EF9D52846BDE8F0810A68EB
:105FF000531C0B60107070472DE9FE4F06460F468C
:106000000025684601F01EFB002442E056F82400FB
:1060100057F82410A0EB010ABAF1000F01DB51463A
:1060200001E0CAF100010846FAF765FB83464FF02C
:106030008F41FAF79AF980465DF824000021FAF7BB
:10604000FBFB16D05DF824104046FAF78EF9824625
:106050004FF07E51FAF751F9814629F0004A0F4876
:10606000416A5046FAF7F2FB12D20120A0400543E4
:106070000EE00A48C1694046FAF7DEFB05D307483F
:10608000016A4046FAF7E2FB02D20120A040054334
:10609000641C032CBADB2846BDE8FE8FD4BA000886
:1060A0002DE9F04D8D4F21F0004A86B005460C4693
:1060B000BA452ADBAAEB070028430AD08848824564
:1060C00001DC1AD1CDB106B02846BDE8F04DFFF78E
:1060D00012BB844A844B2846FAF72CFA07460E4630
:1060E000824A834B28462146FAF724FA06B03A46FC
:1060F0003346BDE8F04DFAF776B90120FFF724FBEF
:1061000006B0BDE8F04DFFF7FBBA7A48824542DAA7
:10611000BAF1795F0BDA2846FFF784FA042808BF42
:10612000FFF7F4FA284606B02146BDE8F08D2A466E
:106130000B461046FAF7FEF9834602466E480E46B5
:106140000B4606217844FFF781FA5A463346FAF7A0
:10615000F1F9804669488A465A4633460421784414
:10616000FFF774FA5A463346FAF7E4F900223B4641
:10617000FAF739F902460B4640465146FAF74CFA0F
:106180002A462346FAF7D6F906B02A462346BDE842
:10619000F04DFAF728B9284624F0004100223D4688
:1061A0003B46FAF7C4F94FF0FF32FAF7A3FC064674
:1061B000024653480F460B4606217844FFF746FA3D
:1061C00032463B46FAF7B6F9CDE900014D48324672
:1061D0003B4604217844FFF739FA32463B46FAF74A
:1061E000A9F900222B46FAF7FEF8834602913046C1
:1061F000394602F0A1FF804643480D46504517DC62
:10620000DDE900015A46029BFAF706FA42462B46A0
:10621000FAF790F942462B46FAF7E5F80122FAF729
:1062200069FC304A304BFAF77FF9304A304B4CE08A
:106230004FF0000A52460B464046FAF7D4F8CDE933
:10624000031052462B4610461946FAF773F93246A8
:106250003B46FAF76CF9DDE90332FAF7DDF9064659
:106260000F46DDE900015A46029BFAF7D5F983464D
:106270000091012230463946FAF73CFC194A1A4B84
:10628000FAF755F906460F46012240462946FAF725
:1062900031FC5A46009BFAF74DF932463B46FAF775
:1062A00043F906460F46012250462946FAF722FCDA
:1062B0000E4DDFF858802A464346FAF738F9324641
:1062C0003B46FAF734F92A464346FAF730F9002CF0
:1062D000D8BF81F0004106B0BDE8F08D0000F03F6E
:1062E0000000F07F075C143326A6913C182D44541F
:1062F000FB21F93F0000E03F686600007E66000079
:10630000F2650000086600003333EF3FFB21E93FF0
:106310002DE9F84F04460D4621F0004000917349E5
:10632000814211DC7249884201DC06D12CB1204641
:106330002946BDE8F84FFFF7DEB96E48002DCCBF07
:106340006D496E49BDE8F88F6D49814211DD6D4997
:106350008142D8BF4FF0FF366DDD20462946FFF75A
:1063600061F9042808BFFFF7D1F920462946BDE8A6
:10637000F88F6549654F25F00045814233DD64495A
:10638000814219DD002632464FF0804320462946DF
:10639000FAF729F880468A46012220462946FAF76C
:1063A000A9FB00223B46FAF7BFF842465346FAF7EC
:1063B00033F904460D463EE001260022BA463B462C
:1063C00020462946FAF70FF880460F46002253462A
:1063D00020462946FAF7A8F842463B46FAF71CF948
:1063E00004460D4627E04B4981421BDDDFF828A11A
:1063F00002260022534620462946FAF79BF800223F
:106400003B46F9F7F0FF80460F46002253462046F0
:106410002946FAF789F842463B46FAF7FDF8044662
:106420000D4608E0032622462B4600203B49FAF79A
:10643000F3F804460D4622462B4610461946FAF755
:1064400079F88B46824602460B46FAF773F8074600
:106450000246334888460B4606217844FFF7F6F893
:1064600052465B46FAF766F882462E488B463A4615
:10647000434605217844FFF7E9F83A464346FAF7E0
:1064800059F802460B46002E504659460CDAF9F7E9
:10649000AAFF22462B46FAF74DF801B022462B46BA
:1064A000BDE8F04FFAF743B8F9F79DFF22462B46B7
:1064B000FAF740F81C4A7A4402EBC603D3E90023FA
:1064C000FAF732F822462B46FAF72EF8174A7A44A2
:1064D00002EBC603D3E90023FAF729F8009A002A51
:1064E000B8BF81F00041BDE8F88F00000000104403
:1064F0000000F07F182D4454FB21F93FFB21F9BF28
:106500000000DC3F0000203E0000F33F0000F03FB1
:106510000000E63F008003400000F83F0000F0BFAD
:106520000A640000C8630000666300002E63000078
:106530002DE9F04D9446CCF1000423F000464CEADE
:106540000404594F46EAD4749A46884621F0004222
:10655000BC4206D8454240EA050442EAD474BC4233
:1065600004D9BDE8F04D6246FFF7C8B8AAF140551E
:10657000A5F17F6555EA0C040BD0022404EAAA7445
:106580004A4DDFF82CE144EAD87452EA000B04D0FB
:106590000CE0BDE8F04DFFF7BBBE002C14BF012C92
:1065A000BDE8F08D022C30D0032C32D056EA0C0B13
:1065B0000AD0BE4220D1BA4209D126F0804622F04C
:1065C00080423346114617E000291ADB25E0DFF848
:1065D000E4B0FB44002C04BFDBE90001BDE8F08D12
:1065E000012C02BFDBE9000181F00041BDE8F08D24
:1065F000022C0AD0032C0CD0BA4212D1B8F1000FF1
:106600000BDA2A482C49BDE8F08D28462B49BDE815
:10661000F08D28467146BDE8F08D24482849BDE834
:10662000F08D921B12153C2AC4BF204F244E10DC63
:10663000BAF1000FBEBF12F13C0F00273E4608DB47
:106640006246F9F7E9FF21F00041FFF761FE0746D6
:106650000E4694B1012C08BF86F000460DD0194AB1
:10666000194B022C3846314615D0F9F75DFF2A4602
:10667000BDE8F04D114BF9F757BF002213463846DD
:106680003146FAF7A5F804BF0220FFF75DF8384657
:106690003146BDE8F08DF9F747FF2A46BDE8F04DD9
:1066A000064BF9F744BF00000000F07F182D44545A
:1066B000FB2109C0C2620000FB21F9BFFB21094098
:1066C000FB21F93F075C143326A6A13C30B583B00B
:1066D0000446FFF723F805460020CDE900000246F6
:1066E00021466846FAF73FF92846FFF72DF8DDE91D
:1066F000000103B030BD000000B587B001210805DE
:10670000FDF7B8F901213020FDF7D4F94FF480509E
:10671000ADF8180018208DF81B0003208DF81A0022
:1067200006A91D48FBF73CFB0420ADF818008DF8C6
:106730001B0006A91948FBF733FB35208DF8040030
:1067400000208DF8050001208DF806008DF8070067
:1067500001A8FCF747FC4FF4165002900020ADF85A
:106760000C00ADF80E00ADF81000ADF814000C20D0
:10677000ADF8120002A90A48FEF7E6FD012240F238
:1067800025510748FEF7BAFD01210548FEF773FDC4
:10679000FCF766F807B000BD00100140001401408E
:1067A0000050004010B50220FBF752F800F0F6F858
:1067B0000220FCF777F80120FCF774F801F0E2FA08
:1067C00001F0C4FAFCF73EFBFAF766FD00214FF436
:1067D0003460FAF777FDFBF727FAFBF773FA4FF40B
:1067E000E13002F0E7FCFFF787FF4FF4967000F00E
:1067F000FBF8FBF775FEFCF7A5FBFBF73DF8FCF794
:1068000061FCFAF725FE47214FF6FF70FDF70AFFFE
:10681000FEF722F810BD00002348008858B923482D
:106820000088B0F5967F3DDD0020204908800120DA
:106830001D49088036E01D480088142832DD0020FC
:106840001A4908801A48007840B91A48006808B9FF
:10685000012000E00020174908600BE0164800689E
:1068600008B9012000E00020134908600120134905
:10687000C1F88C0112480088401C11490880084664
:10688000008806280ED10A48007818B90020094966
:10689000086002E0002008490860002008490880DC
:1068A0000149088070470000C4000020C800002093
:1068B000CA0000208C812142AC012142008021428B
:1068C000C60000200146242905D10122154B1A706B
:1068D0000022154B1A60134A1278012A03D1134A79
:1068E000114B1B68D1540F4A1278012A0AD123296F
:1068F00008D10F4B1A7000220A4B1A700A4A12680C
:106900000C4B1A60084A1268521C074B1A601A4650
:106910001268502A05DB00221A60024B1A70044BE1
:106920001A7070473C0100203801002078050020D3
:1069300034010020400100202DE9F0410446E078B8
:1069400000F0C006E07800F03F05607800F001003C
:1069500098B1EF102846E91705EB5171C910A5EB66
:10696000C101491C01F0FF080B48006820B10A482A
:10697000414602683846904700BF607800F0080042
:1069800030B10548406818B1B011034A51688847D2
:106990000020BDE8F08100006C06002010B50E4814
:1069A00000680E49B0FBF1F0C4B26FF00400FDF7CF
:1069B000D4FCE11704EB5171C910094A117010465B
:1069C000007800EB4001C1EBC0104FF6FF7101EA07
:1069D000C0000449088010BD3000002040420F0074
:1069E000580000205A00002001460D4A12884A43F0
:1069F0004FF0E0235A6100229A6101221A6100BF20
:106A00004FF0E022106900F001021AB100F4803268
:106A1000002AF5D000224FF0E0231A619A617047F6
:106A20005A0000200349088000BF02490988002954
:106A3000FBD17047C200002001460D4A12784A433C
:106A40004FF0E0235A6100229A6101221A6100BFCF
:106A50004FF0E022106900F001021AB100F4803218
:106A6000002AF5D000224FF0E0231A619A617047A6
:106A70005800002038B5044664B120208DF800008D
:106A800028208DF8010030208DF8020038208DF884
:106A9000030004E0A32204216846F9F7AAFB6A4632
:106AA000042140F69E2002F0DFF901F0CFFD38BD51
:106AB0003EB5044602208DF80000CA208DF8010082
:106AC000E3208DF8020009208DF803006A460421B6
:106AD000682002F0C9F9A3208DF8000004F04000FE
:106AE00048B1C0208DF80100C8208DF80200C220F6
:106AF0008DF8030006E0A3208DF801008DF8020058
:106B00008DF8030004F4C07048B1C4208DF804006F
:106B1000CC208DF80500C6208DF8060006E0A320E5
:106B20008DF804008DF805008DF80600A3208DF87F
:106B300007008DF808008DF809006A460A2140F622
:106B4000A72002F091F904F0030018B120208DF87D
:106B5000000002E0D8208DF800006A46012140F6CE
:106B6000B62002F081F904F0200018B1012000F0F5
:106B7000ADF802E0002000F0A9F804F4C07008B3FA
:106B800004F4807060B1B2208DF800008B208DF885
:106B90000100B6208DF802009B208DF803000BE069
:106BA000B0208DF8000080208DF80100B4208DF811
:106BB000020090208DF803006A46042140F6A220CE
:106BC00002F052F904F0010020B3F8208DF8000023
:106BD0006A4601214FF40B6002F046F9FA210720C2
:106BE00000F02CFC072000F0F3FB012000F013FC68
:106BF000642000F0F3FC4FF4FA7000F002FDC821AD
:106C0000304800F0A3FB282000F0BCFB0A2000F075
:106C1000CCFB08E0D8208DF800006A4601214FF433
:106C20000B6002F021F904F0020018B1D9208DF8B0
:106C3000000002E0D8208DF800006A46012140F2F1
:106C40003D7002F011F904F0040018B1012000F0C9
:106C500069F802E0002000F065F804F0100018B1B7
:106C60000120FFF707FF02E00020FFF703FF44F0D9
:106C700008001549488101F0E9FC00201249887399
:106C800004F0400018B10846807B801D887304F42E
:106C9000C07020B10C48807B801D0B49887304F0C4
:106CA000140020B10848807B10300749887304F035
:106CB000030020B10448807B001D03498873002035
:106CC0003EBD000009E3CA026C0600203EB5044642
:106CD0006CB10EA1D1E900208968CDE900200291B4
:106CE0006A4609214FF4976002F0BEF83EBD0AA241
:106CF000D2E900109268CDE9010200916A460921AB
:106D00004FF4976002F0B0F8F0E70000B8AAB38D36
:106D1000B4980D355D000000B8AAAAAAB088C3C512
:106D2000C700000038B5044664B1C0208DF80000EB
:106D3000C2208DF80100C4208DF80200C6208DF815
:106D4000030004E08B2204216846F9F752FA6A46F0
:106D5000042140F6982002F087F801F077FC38BD56
:106D600010B5C8234FF48062024940F6F63001F0B6
:106D700001FB10BDFCBA00082DE9F04F8DB00746AD
:106D8000884615469946DDE9166B002400203080C0
:106D90006B49887B5A4605A901F0B8FB18B1601E03
:106DA0000DB0BDE8F08F6648807A00F0140000282E
:106DB00067D09DF8140000069DF8151040EA0140C8
:106DC0009DF8161040EA01209DF81710084328602E
:106DD0009DF8180000069DF8191040EA01409DF842
:106DE0001A1040EA01209DF81B10084368609DF8C6
:106DF0001C0000069DF81D1040EA01409DF81E1081
:106E000040EA01209DF81F100843A8609DF820006B
:106E100000069DF8211040EA01409DF8221040EA4A
:106E200001209DF823100843E86004F11000C4B26B
:106E3000286800140190686800140290A868001483
:106E40000390E8680014049001984043029901FB04
:106E50000100039901FB0100049901FB010ABAF149
:106E6000706F02DBBAF1885F05DD01F0EFFB0020F7
:106E70003080401E94E7B6F9000040F48070308006
:106E800000BF2F48807A00F0400020B305A9601CA5
:106E9000085C095D40EA012000B2A8F8000005A9DD
:106EA000E01C095C05AAA01C105C41EA002000B2AD
:106EB000A8F8020005A9601D095C201D105C41EACC
:106EC000002000B2A8F80400A01DC4B2B6F900006A
:106ED00040F0080030801A48408900F4C07008B3C0
:106EE00005A9601C085C095D40EA012000B23880F9
:106EF00005A9E01C095C05AAA01C105C41EA002061
:106F000000B2788005A9601D095C201D105C41EA73
:106F1000002000B2B880A01DC4B2B6F9000040F055
:106F2000700030800648807A00F0030018B105A98F
:106F30000819FFF701FD484602F042F800202FE74C
:106F40006C06002070B588B0064601A801F066F80E
:106F5000BDF804000021C90341EA5045C403444878
:106F6000007A00F0030056F8200005904048007AAF
:106F700000F0040010B10598404205903C48007AAA
:106F8000C0F3C10056F8200006903948007A00F09E
:106F9000200010B10698404206903548007AC0F3B0
:106FA000811056F8200007903148008900F4807065
:106FB00010B10798404207900598C117A0FB042321
:106FC00001FB043100FB0510810041EA927005903D
:106FD0000698C117A0FB042301FB043100FB051038
:106FE000810041EA927006900798C117A0FB042324
:106FF00001FB043100FB0510810041EA927007900B
:107000000598000E8DF808000598000C8DF8090011
:107010000598000A8DF80A000598C0B28DF80B009B
:107020000698000E8DF80C000698000C8DF80D00E7
:107030000698000A8DF80E000698C0B28DF80F0071
:107040000798000E8DF810000798000C8DF81100BD
:107050000798000A8DF812000798C0B28DF8130047
:1070600002AA0C214FF4257001F0FEFE08B070BD9D
:107070006C06002030B585B0044616A207CA02ABE4
:1070800007C3C82C03DD4FF0FF3005B030BDC8206A
:1070900090FBF4F0401E85B2280A8DF80000E8B29B
:1070A0008DF801006A46022140F2162001F0DCFE54
:1070B00010B14FF0FF30E8E702AA0C2140F6C120E2
:1070C00001F0D2FE10B14FF0FF30DEE704488481BA
:1070D0000020DAE7FEF2ABC4AAF1DFDFBBAFDFDFEF
:1070E0006C0600201FB504464848007A00F00300F3
:1070F00054F8200001904548007A00F0040010B1D7
:107100000198404201904148007AC0F3C10054F810
:10711000200002903D48007A00F0200010B1029853
:10712000404202903948007AC0F3811054F82000A0
:1071300003903648008900F4807010B103984042F3
:1071400003903349019880FB0101800F40EA8100E0
:1071500001902F49029880FB0110820042EA917051
:1071600002902B49039880FB0110820042EA917043
:1071700003900198000E8DF800000198000C8DF826
:1071800001000198000A8DF802000198C0B28DF844
:1071900003006A4604214FF4747001F065FE18B1D3
:1071A0004FF0FF3004B010BD0298000E8DF80000C3
:1071B0000298000C8DF801000298000A8DF8020078
:1071C0000298C0B28DF803006A4604214FF475702E
:1071D00001F04AFE10B14FF0FF30E3E70398000ED4
:1071E0008DF800000398000C8DF801000398000A48
:1071F0008DF802000398C0B28DF803006A4604219E
:107200004FF4767001F030FECCE700006C060020F1
:1072100009E3CA0210B586B0044647A0006803908F
:1072200046A00068029046A00068019045A0006852
:10723000009004F0030003A9085C8DF8140003A873
:10724000C4F3C101405C8DF8150003A8C4F381119B
:10725000405C8DF8160004F0030002A9085C8DF86C
:10726000100002A8C4F3C101405C8DF8110002A80F
:10727000C4F38111405C8DF8120005AA032140F28D
:10728000264001F0F1FD18B14FF0FF3006B010BDFF
:1072900004AA032140F22A4001F0E6FD10B14FF0AC
:1072A000FF30F3E7019805900098049004F0040083
:1072B00058B19DF8140040F001008DF814009DF8BD
:1072C000100040F001008DF8100004F0200058B1CB
:1072D0009DF8150040F001008DF815009DF8110093
:1072E00040F001008DF8110004F4807058B19DF851
:1072F000160040F001008DF816009DF8120040F0D5
:1073000001008DF8120005AA03214FF4886001F0F6
:10731000ABFD10B14FF0FF30B8E704AA032140F2F3
:10732000314001F0A1FD10B14FF0FF30AEE706484B
:1073300004810020AAE700004CCD6C000CC92C0091
:1073400036567600264666006C060020F8B50546DF
:107350000E464FF47A7095FBF0F000FB06F4200E19
:107360008DF80000200C8DF80100200A8DF8020035
:10737000E0B28DF803006A4604214FF4AE7001F0CC
:1073800073FDF8BD38B50446052094FBF0F084B2D7
:1073900020128DF80000E0B28DF801006A4602214B
:1073A0004FF4AD7001F060FD38BD38B504460520DE
:1073B00094FBF0F084B220128DF80000E0B28DF85A
:1073C00001006A4602214FF4AC7001F04DFD38BD5A
:1073D00038B504460020009004F0010020B19DF86B
:1073E000000040F03000009004F0020020B19DF851
:1073F000000040F00C00009004F0040020B19DF863
:10740000000040F0030000906A4601214FF4A47090
:1074100001F02AFD38BD38B50446012C01DA0124FB
:1074200002E0042C00DD0424601EC0B200906A4615
:10743000012140F24F1001F017FD38BD2DE9FC4746
:1074400006460F4606F0070010B1B7F5C86F03DD1A
:107450004FF0FF30BDE8FC873846F9F755F9814613
:107460005949F8F782FF8046684600F0B1FD9DF863
:107470000000022806D0042816D0082826D010289C
:1074800048D135E04FF08D414046F8F73CFF81464A
:10749000F9F776F984B24D494046F8F734FF814652
:1074A000F9F76EF985B238E04FF08C414046F8F7B5
:1074B0002AFF8146F9F764F984B245494046F8F756
:1074C00022FF8146F9F75CF985B226E04FF08B4147
:1074D0004046F8F718FF8146F9F752F984B23D4962
:1074E0004046F8F710FF8146F9F74AF985B214E0F3
:1074F0004FF08A414046F8F706FF8146F9F740F918
:1075000084B235494046F8F7FEFE8146F9F738F96E
:1075100085B202E04FF0FF309CE700BF20128DF8EB
:107520000400E0B28DF8050028128DF80600E8B2DC
:107530008DF8070006F00100A0B101AA02214FF466
:10754000EA7001F091FC10B14FF0FF3082E70DF1CD
:10755000060202214FF4927001F086FC10B14FF048
:10756000FF3077E706F00200A0B101AA02214FF434
:10757000EC7001F079FC10B14FF0FF306AE70DF1CB
:10758000060202214FF4947001F06EFC10B14FF02E
:10759000FF305FE706F00400A0B101AA02214FF41A
:1075A000EE7001F061FC10B14FF0FF3052E70DF1C9
:1075B000060202214FF4967001F056FC10B14FF014
:1075C000FF3047E7002045E7000048430000404601
:1075D0000000C045000040450000C04438B50446E6
:1075E000052094FBF0F085B228128DF80000E8B277
:1075F0008DF801006A4602214FF4EF7001F034FC6F
:1076000038BD38B50446052094FBF0F085B2281249
:107610008DF80000E8B28DF801006A4602214FF4AF
:10762000ED7001F021FC38BD00BF054A128802F060
:107630004002002AF9D0C2B2014B1B1D1A807047CC
:10764000003801407CB5054628494968087801ABF7
:1076500004220D2100F00EFB08B107207CBD9DF82F
:107660000700C0F301109DF8041001F0E00140EAAA
:10767000E1008DF800009DF80700C0F381009DF83F
:10768000051001F0E00140EAE1008DF801009DF8ED
:10769000070000F003009DF8061001F0E00140EA49
:1076A000E1008DF8020000241CE01DF8040018B968
:1076B000002045F8240013E00D4845F8240006E0BA
:1076C00055F824000B49F8F71EFE45F824001DF874
:1076D0000400401EC0B20DF804000028F0D100BF25
:1076E000601CC4B2032CE0DB0020B7E7840100205B
:1076F0007B14AE3E1D5A843F2DE9F04F87B00546FE
:107700000C46914601208DF8100000208DF81100E4
:10771000FE4A1268917CFD4A5268107804AB02223E
:1077200000F0E3FA20B14FF0FF3007B0BDE8F08F72
:10773000C820FFF759F900208DF81000F34A1268AD
:10774000D17BF24A5268107804AB012200F0CDFAE6
:1077500010B14FF0FF30E8E7EC4A12685179EB4A7C
:107760005268107804AB012200F0BFFA10B14FF05C
:10777000FF30DAE7E54A1268917CE44A52681078F3
:1077800004AB012200F0B1FA10B14FF0FF30CCE7AA
:10779000DE4A1268D17DDD4A5268107804AB0122BE
:1077A00000F0A3FA10B14FF0FF30BEE7D74A1268DD
:1077B0001179D64A5268107804AB012200F095FA8C
:1077C00010B14FF0FF30B0E70C208DF81000CF4A19
:1077D00012681179CD4A5268107804AB012200F08A
:1077E00084FA10B14FF0FF309FE70F20FFF7FCF84D
:1077F000C648806A407A8DF81000C44A12689178B1
:10780000C24A5268107804AB012200F06EFA10B13F
:107810004FF0FF3089E7BD48806A007A8DF810008C
:10782000BA4A12685178B94A5268107804AB0122FA
:1078300000F05BFA10B14FF0FF3076E7B9F1000FBE
:1078400007D0B248806A807A40F0E0008DF81000DE
:1078500004E0AE48806A807A8DF81000AB4A126866
:107860009179AA4A5268107804AB012200F03DFADF
:1078700010B14FF0FF3058E7B9F1000F07D0A3481F
:10788000806AC07A40F0E0008DF8100003E0A04864
:10789000C07A8DF810009D4A1268D1799B4A5268CF
:1078A000107804AB012200F020FA10B14FF0FF3045
:1078B0003BE7B9F1000F02D0C820FFF795F8402050
:1078C0008DF81000914A12681179904A5268107828
:1078D00004AB012200F009FA10B14FF0FF3024E7A9
:1078E00078208DF81000894A12685179874A5268C9
:1078F000107804AB012200F0F8F910B14FF0FF301E
:1079000013E783498889FFF76FF800208DF810008E
:107910007E4A126851797D4A5268107804AB012280
:1079200000F0E3F910B14FF0FF30FEE6774A12683D
:10793000917A764A5268107804AB022200F09AF9E4
:1079400010B14FF0FF30F0E69DF811009DF81010D7
:1079500040EA012B0C209BFBF0F0C6B20020A8608F
:1079600068602860A06060602060824665E0674AC9
:107970001268D17A654A5268107804AB0C2200F084
:1079800079F910B14FF0FF30CFE69DF811009DF866
:10799000101040EA012000B2ADF808009DF8130075
:1079A0009DF8121040EA012000B2ADF80A009DF8DF
:1079B00015009DF8141040EA012000B2ADF80C004B
:1079C000BDF90810206808442060BDF90A106068FD
:1079D00008446060BDF90C10A0680844A0609DF8E0
:1079E00017009DF8161040EA012000B2ADF8000023
:1079F0009DF819009DF8181040EA012000B2ADF87A
:107A000002009DF81B009DF81A1040EA012000B208
:107A1000ADF80400BDF90010286808442860BDF9DD
:107A20000210686808446860BDF90410A86808443A
:107A3000A8600AF1010000F0FF0AB24597DB344864
:107A4000D0F800C02868C117090441EA10410704B2
:107A5000624600233846F8F789FB32460023CDE919
:107A60000201F8F783FB28602948D0F800C0686855
:107A7000C117090441EA1041070462460023384651
:107A8000F8F774FB32460023CDE90201F8F76EFBEC
:107A900068601F48D0F800C0A868C117090441EA0F
:107AA00010410704624600233846F8F75FFB324670
:107AB0000023CDE90201F8F759FBA8601448D0F87B
:107AC00004C02068C117090441EA10410704624656
:107AD00000233846F8F74AFB32460023CDE902017D
:107AE000F8F744FB20600A48D0F804C06068C1176A
:107AF000090441EA10410704624600233846F8F7BA
:107B000035FB32460023CDE9020103E08401002069
:107B1000D4BA0008F8F72AFB60601148D0F804C016
:107B2000A068C117090441EA104107046246002316
:107B30003846F8F71BFB32460023CDE90201F8F77F
:107B400015FBA060A068002804DDA068A0F58030C7
:107B5000A06003E0A06800F58030A0600020E4E5AC
:107B6000D4BA00082DE9FC5F06460F4600253D49C2
:107B70004968087801AB03220D2100F07BF810B1B1
:107B80000720BDE8FC9F9DF8040000F01F008DF861
:107B900004009DF8050000F01F008DF805009DF819
:107BA000060000F01F008DF80600002456E056F88D
:107BB000240057F82410A0EB010BBBF1000F01DBF0
:107BC000594601E0CBF100010846F8F794FD4FF06B
:107BD0008F410090F8F7C9FB814601A8005D68B3AA
:107BE00021490868F8F790FD834659461F48F8F781
:107BF000BCFB804604E01E494046F8F784FB804603
:107C000001A8005D401EC0B201A908550028F2D1AC
:107C100041464846F8F7A9FB83464FF07E51F8F7F6
:107C20006CFB82462AF0004B0F4881695846F8F7F2
:107C30000DFE12D20120A04005430EE00A48016962
:107C40004846F8F7F9FD05D3074841694846F8F773
:107C5000FDFD02D20120A0400543641C032CA6DBDD
:107C600028468EE784010020D4BA000800B04C45B5
:107C700054E3853F2DE9F04106460F4614461D4664
:107C8000FAF7D4FC10B90120BDE8F0817106080EA6
:107C9000FAF79AFCFAF722FD18B9FAF7FBFC012073
:107CA000F2E73846FAF790FCFAF718FDFAF7BEFC4F
:107CB000012101EB4601C8B2FAF786FCFAF70EFD86
:107CC0000DE0012C04D10020FAF746FC287003E0F7
:107CD0000120FAF741FC28706D1C601EC4B2002C14
:107CE000EFD1FAF7D7FC0020CEE72DE9F0410546A9
:107CF0000E4617469846FAF799FC10B90120BDE8E0
:107D0000F0816906080EFAF75FFCFAF7E7FC18B98C
:107D1000FAF7C0FC0120F2E73046FAF755FCFAF713
:107D2000DDFC00240BE018F80400FAF74DFCFAF72C
:107D3000D5FC18B9FAF7AEFC0020E0E7641CBC42A1
:107D4000F1DBFAF7A7FC0020D9E7000008B5012114
:107D50000420FBF7AFFE4FF40060ADF800001020E8
:107D60008DF8030002208DF8020069460348FAF7F7
:107D700017F800200249086008BD00000008014013
:107D8000AC01214208B501210820FBF793FE082031
:107D9000ADF8000010208DF8030002208DF80200DD
:107DA00069460348F9F7FCFF00200249086008BD56
:107DB000000C01408C81214270B50546284600F038
:107DC0000FF80446E81C00F00BF844EAC00084B247
:107DD000A81D00F005F844EA801084B2204670BD6A
:107DE000014691F90020002A01DD00201EE091F9F2
:107DF0000020002A01DA042018E091F90120002A6D
:107E000001DD012012E091F90120002A01DA0520AC
:107E10000CE091F90220002A01DD022006E091F930
:107E20000220002A01DA062000E007207047000047
:107E3000012031490860FEF7B5FCFBF74BF8012340
:107E40001A4619462DA0FBF70AF900BF0120FBF7DF
:107E50000DF80028FAD000202D49087001231A4699
:107E600019462CA0FBF7FBF82E4802782EA13348C8
:107E7000FDF7C4FB0123002202213048FBF7EFF895
:107E800038E02F48007818B1FBF7D2FCFBF7F6FA80
:107E90000120FAF7EBFFE0B12248007808B9012091
:107EA00000E000201F49087001202649086001F009
:107EB00075F800202449C1F8AC011A4802781AA1CB
:107EC0001E48FDF79BFB0123002202211B48FBF704
:107ED000C6F81E480068F8F767FC044622460B46C1
:107EE0001BA11648FDF78AFB01230022032113483A
:107EF000FBF7B5F8C5E7000020000020707574207E
:107F0000646F776E206B65792073746172742100E1
:107F10002C000020737461727420636F6E74726F32
:107F20006C2100002D0000207765696768745F6D23
:107F30006F6465203D202564202000008802002019
:107F400034010020AC012142000021420400002045
:107F5000616E676C65203D20252E32662020000072
:107F600070B50446002624F00104184890F8240057
:107F700008B1002070BD1548807A10B94FF0FF306D
:107F8000F8E71248057C807A2040104908740846BA
:107F9000007CA04202D04FF0FF3600E0002614B96A
:107FA0000A48007D18B1012001F07EF802E00020AF
:107FB00001F07AF83CB100F049FB20B103480574A8
:107FC0004FF0FF30D6E73046D4E7000084010020B0
:107FD00001461148407A30B1012807D0022808D064
:107FE00003280CD108E0022008700BE00420087080
:107FF00008E00820087005E01020087002E04FF04B
:10800000FF30704700BF0448C07C18B108784006B4
:10801000000E08700020F4E7840100200146134898
:10802000407A30B1012808D002280AD0032810D1A4
:108030000BE04FF4804008800EE041F69C70088011
:108040000AE04FF48050088006E04FF4006008809A
:1080500002E04FF0FF30704700BF0448C07C10B111
:108060000888401008800020F5E700008401002007
:1080700001460248007C08700020704784010020FF
:1080800001460F48007A30B1012807D0022809D0F4
:1080900003280FD10AE0FA2008800EE04FF4FA70AE
:1080A00008800AE04FF47A70088006E04FF4FA6026
:1080B000088002E00020088000BF00BF0020704759
:1080C0008401002001460E48007A30B1012807D013
:1080D000022808D003280CD108E00A4808600BE009
:1080E0000948086008E00948086005E00848086099
:1080F00002E04FF0FF30704700BF0020FBE70000B8
:108100008401002000000343000083423333034214
:108110003333834101461248C07A082817D2DFE87A
:1081200000F01704070A0D101318BC20088013E094
:108130006220088010E02A2008800DE014200880CA
:108140000AE00A20088007E00520088004E000BF5C
:1081500000BF0020088000BF00BF00207047000063
:10816000840100200146064890F8240010B14FF029
:10817000FF3070470248C08908800020F9E70000FE
:10818000840100201CB580208DF80000654A12682B
:10819000917C644A526810786B460122FFF7A5FD76
:1081A00010B14FF0FF301CBD6420FEF71DFC002015
:1081B0008DF800005B4A1268917C5A4A5268107828
:1081C0006B460122FFF791FD10B14FF0FF30EAE757
:1081D000544A1268917D534A526810786B460622C1
:1081E000FFF748FD10B14FF0FF30DCE79DF80500C8
:1081F000C007400F9DF8031001F0010140EA410063
:108200009DF8011001F0010140EA010494B1012C34
:1082100003D101214348C17431E0022C03D1002174
:108220004048C1742BE021463FA0FDF7D7F94FF03D
:10823000FF30B8E73B4A1268D1783A4A5268107862
:108240006B460122FFF716FD10B14FF0FF30AAE791
:108250009DF8000000F00F042CB93D48FDF7BEF971
:108260004FF0FF309FE7042C06D13AA0FDF7B6F996
:1082700001212C48C17402E000212A48C174FF2169
:1082800028488172FF2027490872FF212548417242
:10829000C1724FF6FF71C181FF2101748174012108
:1082A000017380F82210002180F8231041750175B8
:1082B0001630016041608160163880F8241080F823
:1082C0002510C1844FF4FA6000F05CFC10B14FF04F
:1082D000FF3068E7022000F025FB10B14FF0FF30BF
:1082E00061E72A2000F0C8FC10B14FF0FF305AE7D8
:1082F000322000F003FD10B14FF0FF3053E70020B3
:10830000FFF72EFE10B14FF0FF304CE7002000F0D9
:108310004BFB10B14FF0FF3045E7002000F03CFD73
:10832000002040E784010020556E737570706F72F5
:1083300074656420736F6674776172652070726F04
:1083400064756374207265762025642E0A0000002F
:10835000E0C8000848616C662073656E73697469D3
:1083600076697479207061727420666F756E642E00
:108370000D0A00002DE9F04385B005460E469046F3
:108380009946294890F8250020B14FF0FF3005B0FC
:10839000BDE8F08316B94FF0FF30F8E7002423E082
:1083A000281B102801DD102000E0281B87B232199D
:1083B0003946204600F058FD10B14FF0FF30E6E797
:1083C00001AA3946204600F001F910B14FF0FF3004
:1083D000DDE730193A4601A9F7F730FF10B16FF029
:1083E0000100D4E7E01984B2AC42D9DB4FEA28207F
:1083F0008DF8000008F0FF008DF801000A4A1268AD
:10840000917E094A526810786B460222FFF76DFC94
:1084100010B14FF0FF30BAE70121034880F8251072
:10842000A0F826900020B2E78401002038B5044669
:10843000282C02DD4FF0FF3038BDDCB9002000F001
:10844000E5FB00208DF8000007208DF801002E4A82
:108450001268917C2C4A526810786B460222FFF712
:1084600044FC10B14FF0FF30E6E7002126480175CB
:108470000020E1E7012000F0C9FB20208DF800007A
:10848000012C06D100208DF80100052000F0F4FB3E
:1084900017E0052C06DC01208DF80100052000F016
:1084A000EBFB0EE0142C06DC02208DF801000A2004
:1084B00000F0E2FB05E003208DF80100142000F03D
:1084C000DBFB9DF80100072101EB8010C0B28DF8A5
:1084D00001000D4A1268917C0B4A526810786B4675
:1084E0000222FFF702FC10B14FF0FF30A4E7082191
:1084F0000548817200210173012101750020FFF7F9
:108500002FFD002098E7000084010020F8B5044604
:108510000F4616462C4890F8240010B94FF0FF3053
:10852000F8BD2948807A10B94FF0FF30F8E7264AA5
:108530001268917A244A526810786B460222FFF73B
:1085400099FB10B14FF0FF30EAE79DF801009DF86C
:10855000001040EA0125A54203DA00203070401ED9
:10856000DEE7194840684088B5EB600F17DD164A12
:108570001268517C144A526810786B460122FFF74A
:1085800079FB10B14FF0FF30CAE79DF8000000F012
:10859000100020B100F05AF86FF00100C0E7E2B21D
:1085A000094B1B68D97A084B5B6818783B46FFF784
:1085B00061FB10B14FF0FF30B2E795FBF4F0401EC5
:1085C00030700020ACE7000084010020F8B50446BC
:1085D0000D46164616B94FF0FF30F8BD1A48807A9E
:1085E00010B94FF0FF30F8E720128DF80000E0B22C
:1085F0008DF801009DF80100284413494968498914
:10860000884202DD4FF0FF30E7E70F4A1268117E23
:108610000D4A526810786B460222FFF766FB10B1D4
:108620004FF0FF30D9E7EAB2074B1B68597D064B84
:108630005B6818783346FFF71DFB10B14FF0FF3031
:10864000CBE70020C9E700008401002008B56D4891
:10865000807A10B94FF0FF3008BD00200090694AC1
:108660001268D17B674A526810786B460122FFF787
:108670003CFB10B14FF0FF30EEE7624A12685179CF
:10868000604A526810786B460122FFF72EFB10B14A
:108690004FF0FF30E0E75B4A12681179594A52689F
:1086A00010786B460122FFF720FB10B14FF0FF302E
:1086B000D2E7544890F82400002850D00C200090B5
:1086C000504A126811794F4A526810786B4601225D
:1086D000FFF70BFB10B14FF0FF30BDE7C02000905B
:1086E0004848807A00F0010020B19DF8000040F079
:1086F00020000090434A12681179424A526810786B
:108700006B460122FFF7F1FA10B14FF0FF30A3E7FB
:108710003C48407C10B10220009001E00020009015
:10872000384A1268D17B374A526810786B4601226A
:10873000FFF7DBFA10B14FF0FF308DE7002000901B
:10874000304A126851792F4A526810786B460122DC
:10875000FFF7CBFA002852D04FF0FF307CE704201F
:108760000090284A12681179264A526810786B46A0
:108770000122FFF7BAFA10B14FF0FF306CE7214841
:10878000807C20B91F48807A00F0010010B9402099
:10879000009001E0602000901A4A12681179194A8D
:1087A000526810786B460122FFF79FFA10B14FF024
:1087B000FF3051E71348407C10B10120009001E0E8
:1087C000002000900F4A1268D17B0E4A5268107840
:1087D0006B460122FFF789FA10B14FF0FF303BE7FB
:1087E000084A12685179074A52681078054B1033CD
:1087F0000122FFF77AFA10B14FF0FF302CE700208A
:108800002AE70000840100202DE9F04F8DB0834657
:108810000F4602200C90424890F8240020B100201E
:1088200000F068F9012600E0002603A8FFF728FC05
:1088300005A8FFF7CDFB01A8FFF76CFC02A8FFF726
:1088400091FC374890F80AA004A8FFF711FC002417
:1088500007E0002239465846FEF74EFF00B902E015
:10886000641C022CF5DB00BF022C01D1002528E09E
:10887000002407E0012206A909A8FEF73DFF00B980
:1088800002E0641C022CF5DB00BF022C01D10025A4
:1088900017E006A93846FDF7AFFB00F0FF0809A96D
:1088A0005846FFF75FF900F0FF090025B9F1000F06
:1088B00001D145F00105B8F1000F01D145F00205E5
:1088C00000BFFF2016490872FF2115484172C1728E
:1088D0004FF6FF71C181FF21817201740121017383
:1088E000BDF80C0000F04EF99DF8140000F01AF8E5
:1088F000BDF8040000F0C0F9BDF8080000F0FEF972
:10890000504600F049FA9DF81000FFF729FB16B118
:10891000012000F0EFF828460DB0BDE8F08F000010
:108920008401002038B504461E48807A10B94FF003
:10893000FF3038BD022C06D0042C07D0082C08D0FC
:10894000102C0CD108E0002000900BE008200090D3
:1089500008E01020009005E01820009002E04FF0A1
:10896000FF30E6E700BF0F48407A9DF80010B0EBFB
:10897000E10F01D10020DCE70A4A1268D179094AE7
:10898000526810786B460122FFF7AFF910B14FF033
:10899000FF30CEE79DF80000C11002484172002070
:1089A000C7E700008401002038B504465048807CA9
:1089B000A04201D1002038BD002C46D04C4A12689C
:1089C00011794B4A526810786B460122FFF752F931
:1089D00010B14FF0FF30EEE79DF8000020F02000CE
:1089E0000090434A12681179414A526810786B46E8
:1089F0000122FFF77AF910B14FF0FF30DBE70320D7
:108A0000FDF7F2FF02200090394890F8220020B1D3
:108A10009DF8000040F080000090354890F8230059
:108A200020B19DF8000040F030000090304A1268FC
:108A3000117D2F4A526810786B460122FFF755F9D5
:108A4000002851D04FF0FF30B5E7294A126811795C
:108A5000274A526810786B460122FFF70BF910B1D4
:108A60004FF0FF30A7E72248807A00F0010028B1DC
:108A70009DF8000040F02000009004E09DF8000008
:108A800020F0200000901A4A12681179184A5268A2
:108A900010786B460122FFF728F910B14FF0FF3034
:108AA00089E70320FDF7A0FF114890F8220010B1DC
:108AB0008020009001E0002000900D4890F82300F5
:108AC00020B19DF8000040F030000090084A126884
:108AD000117D074A526810786B460122FFF705F9AD
:108AE00010B14FF0FF3066E701488474002062E760
:108AF0008401002038B50446214890F82400A042A3
:108B000001D1002038BD24B31D4890F8250010B9CC
:108B10004FF0FF30F6E7002000F0C6FA0020FFF724
:108B200043FF1749C88C00F0E9F800200090144971
:108B3000496808786B4601222321FFF7D6F8012106
:108B40000F4880F82410012000F0AEFAFFF77EFDF8
:108B500013E0002000F0A8FA0948007C00900849C2
:108B6000496808786B4601222321FFF7BEF80021EF
:108B7000034880F82410FFF769FD0020C2E70000D9
:108B80008401002038B504461F48807A10B94FF0A0
:108B9000FF3038BDFA2C09D0B4F5FA7F09D0B4F50E
:108BA0007A7F09D0B4F5FA6F0CD108E0002000906C
:108BB0000BE00820009008E01020009005E018204D
:108BC000009002E04FF0FF30E3E700BF0E48007A6C
:108BD0009DF80010B0EBE10F01D10020D9E70A4A5F
:108BE00012689179084A526810786B460122FFF7A3
:108BF0007CF810B14FF0FF30CBE79DF80000C010BB
:108C0000014908720020C4E78401002038B50446F9
:108C1000184890F82300A04201D1002038BD14B1BB
:108C20003020009001E0002000901248807C20B1AC
:108C30009DF8000040F0020000900E4890F82200DD
:108C400020B19DF8000040F080000090094A1268B1
:108C5000117D084A526810786B460122FFF745F8EB
:108C600010B14FF0FF30D9E7024880F823400020D0
:108C7000D4E700008401002038B504461E48807AFD
:108C800010B94FF0FF3038BDBC2C02DB0120009042
:108C900015E0622C02DB0220009010E02A2C02DB9F
:108CA000032000900BE0142C02DB0420009006E06F
:108CB0000A2C02DB0520009001E0062000900E48FF
:108CC000C07A9DF80010884201D10020DBE70A4AF3
:108CD00012689178084A526810786B460122FFF7B3
:108CE00004F810B14FF0FF30CDE79DF800100248B6
:108CF000C1720020C7E700008401002038B5044697
:108D00002448807A10B94FF0FF3038BD214890F8E0
:108D1000240010B14FF0FF30F7E71E48007D50B13E
:108D200034B1282C04DCE0B2FFF780FB0020ECE734
:108D30000020FFF77BFB042C01DA042404E0B4F5E7
:108D40007A7F01DD4FF47A744FF47A7090FBF4F07F
:108D5000401EC0B200900F4A126851780D4A526806
:108D600010786B460122FEF7C0FF10B14FF0FF30C4
:108D7000CBE79DF80000401C4FF47A7191FBF0F0B6
:108D800081B20448C1810146C9894810FFF774FFC8
:108D90000020BAE78401002038B5044604F07000D2
:108DA00010B10120009005E014B10020009001E016
:108DB000402000902B4A1268917C2A4A5268107811
:108DC0006B460122FEF791FF20B1002125488172F8
:108DD000481E38BD9DF8000020F040012148017375
:108DE0000020009004F0400020B99DF8000040F001
:108DF0000400009004F0200020B99DF8000040F02D
:108E00000200009004F0100020B99DF8000040F02E
:108E10000100009004F0080020B99DF8000040F027
:108E2000380000900F4A1268D17C0E4A52681078C0
:108E30006B460122FEF759FF20B1002109488172DB
:108E4000481EC6E724B1082C02D00020FFF7DEFE42
:108E500004488472002101753220FDF7C5FD002011
:108E6000B7E7000084010020F8B504460D46164619
:108E700016B94FF0FF30F8BD1A48807A10B94FF09C
:108E8000FF30F8E720128DF80000E0B28DF8010005
:108E90009DF801002844134949684989884202DD48
:108EA0004FF0FF30E7E70F4A1268117E0D4A526813
:108EB00010786B460222FEF718FF10B14FF0FF301A
:108EC000D9E7EAB2074B1B68597D064B5B681878F7
:108ED0003346FEF70AFF10B14FF0FF30CBE700201A
:108EE000C9E70000840100202DE9FF4F83B08346CD
:108EF0000E461F46DDF8489002960197BA4605983F
:108F0000864238D1002433E000252EE000210AFB00
:108F100004F009EB800040F82510884622E0019A11
:108F200002FB08F2119B03EB820252F82510029A11
:108F30006243109B03EB820252F82800F7F7E3F933
:108F400000900AFB04F009EB800050F8251000980F
:108F5000F7F781F90AFB04F109EB810141F82500DB
:108F600008F10108B045DADB6D1CBD42CEDB641CA4
:108F70005C45C9DB02E003A0FCF730FB07B0BDE8AD
:108F8000F08F0000B4EDCEF3A3BABED8D5F3B5C4CC
:108F9000B3DFB4E7B2BBB6D4A3A1000000B502466C
:108FA000002303E06420FDF73DFD5B1C9342F9DBE9
:108FB00000BD0146002901DA484200E0084670473A
:108FC0007047000070B50F480068F7F7EDFB0446E6
:108FD0004FF033320C4BF7F7FBFB06D201200B4965
:108FE000087000200A4908700BE00948007840B971
:108FF0000020064908700120054908700020054935
:10900000086070BDD800002033332340CA00002020
:10901000CB000020AC01214270B588B002A905A8A0
:10902000FFF7F2FB0446072C3CD101A8FFF74AF8F2
:109030000598F7F760FB06460199F7F764F90546CE
:10904000F7F785FB05900698F7F755FB064601995B
:10905000F7F759F90546F7F77AFB06900798F7F7FF
:109060004AFB06460199F7F74EF90546F7F76FFBFD
:10907000079005A8FEF736F86846FEF7CFFFBDF863
:109080000010029848430290BDF80010039848432E
:109090000390BDF8001004984843049002A8FDF71F
:1090A00051FF00BF08B070BD38B50446214890F8A4
:1090B0002400C0B114B10220009001E00020009013
:1090C0001C4A1268D17B1B4A526810786B460122F9
:1090D000FEF70BFE10B14FF0FF3038BD9DF80010C9
:1090E0001448417423E01348807A10B94FF0FF30E0
:1090F000F3E724B10F48407C08B10020EDE714B13C
:109100000120009001E0002000900A4A1268D17B03
:10911000084A526810786B460122FEF7E6FD10B14E
:109120004FF0FF30D9E79DF800100248417400204D
:10913000D3E70000840100202DE9F04106460F46E8
:10914000F7F718FF041E0D4618BF0120284320F032
:109150000040C0F17F6000F1E040C00F0ED0301C35
:1091600018BF0120384320F00040C0F17F6000F1BB
:10917000E040C00F04BF0120FCF7E6FA2046294674
:10918000BDE8F08137B504460D4602AB0122294601
:109190002046FAF72BF93EBD2DE9F04106460F4671
:1091A00014461D46EAB2234639463046FAF71EF900
:1091B000BDE8F08110B586B00446012144F20400F8
:1091C000FAF778FC4FF40070ADF8140003208DF826
:1091D000160018208DF8170005A91C48F8F7E0FDC7
:1091E0004FF48060ADF8140004208DF8170005A935
:1091F0001648F8F7D5FD01940020ADF80800ADF849
:109200000A00ADF80C00ADF810000C20ADF80E000F
:1092100001A90F48FCF798F8002240F225510C48AC
:10922000FCF76CF801210A48FCF725F825208DF899
:10923000000000208DF8010001208DF802008DF85B
:1092400003006846F9F7CEFE06B010BD00080140E5
:109250000038014008B501210420FAF72BFC022058
:10926000ADF8000028208DF8030003208DF80200DF
:1092700069460848F8F794FD0120ADF80000102079
:109280008DF8030003208DF8020069460148F8F7C5
:1092900087FD08BD0008014000000000000000003C
:1092A000000000000000000000000000001000109E
:1092B000001000100010001000000010000000005E
:1092C0000028002800280000000000000000000026
:1092D0000000000000240024007C00240048007CE2
:1092E00000480048000000000038005400500038DA
:1092F00000140054005400380010000000200054F6
:10930000005800300028005400140008000000003D
:1093100000100028002800100034004800480034E5
:10932000000000000010001000100000000000000D
:1093300000000000000000000008001000200020D5
:109340000020002000200020001000080020001055
:1093500000080008000800080008000800100020AD
:10936000001000380010002800000000000000007D
:10937000000000000000000000100010007C001041
:1093800000100000000000000000000000000000CD
:10939000000000000000001000100010000000009D
:1093A0000000000000000038000000000000000085
:1093B000000000000000000000000000000000109D
:1093C000000000000008000800100010001000104D
:1093D0000020002000000000003800440044005439
:1093E0000044004400440038000000000010003039
:1093F00000500010001000100010001000000000CD
:109400000038004400440004000800100020007CE4
:1094100000000000003800440004001800040004AC
:109420000044003800000000000800180028002850
:109430000048007C0008000800000000007C00409C
:1094400000400078000400040044003800000000E0
:1094500000380044004000780044004400440038D4
:1094600000000000007C0004000800100010002034
:1094700000200020000000000038004400440038B4
:10948000004400440044003800000000003800445C
:1094900000440044003C0004004400380000000088
:1094A000000000000010000000000000000000109C
:1094B000000000000000000000000010000000009C
:1094C000000000100010001000000000000C003030
:1094D00000400030000C0000000000000000000010
:1094E0000000007C0000007C000000000000000084
:1094F0000000000000600018000400180060000078
:1095000000000000003800440004000800100010B3
:10951000000000100000000000380044004C00541F
:10952000005C0040004000380000000000100028EF
:10953000002800280028007C0044004400000000AF
:10954000007800440044007800440044004400785F
:10955000000000000038004400400040004000408F
:10956000004400380000000000700048004400443F
:10957000004400440048007000000000007C0040EF
:109580000040007C004000400040007C00000000E3
:10959000007C004000400078004000400040004057
:1095A000000000000038004400400040005C00441F
:1095B0000044003800000000004400440044007CE7
:1095C0000044004400440044000000000038001043
:1095D0000010001000100010001000380000000003
:1095E00000040004000400040004000400440038E7
:1095F0000000000000440048005000600050004897
:1096000000480044000000000040004000400040CE
:10961000004000400040007C000000000044006C5E
:10962000006C00540044004400440044000000006A
:1096300000440064006400540054004C004C00449A
:10964000000000000038004400440044004400448E
:10965000004400380000000000780044004400444A
:109660000078004000400040000000000038004446
:10967000004400440044004400540038000400004A
:10968000007800440044004400780048004800444A
:1096900000000000003800440040003000080004D2
:1096A0000044003800000000007C00100010001092
:1096B00000100010001000100000000000440044E2
:1096C000004400440044004400440038000000000E
:1096D0000044004400440028002800280010001026
:1096E0000000000000440044005400540054006C8A
:1096F0000028002800000000004400280028001076
:10970000001000280028004400000000004400442D
:1097100000280028001000100010001000000000B9
:10972000007C000400080010001000200040007CB5
:1097300000000000001800100010001000100010C1
:109740000010001000100018002000200010001071
:109750000010001000080008000000000030001099
:109760000010001000100010001000100010003059
:109770000010002800280044000000000000000045
:1097800000000000000000000000000000000000D9
:109790000000000000FE000000200010000000009B
:1097A00000000000000000000000000000000000B9
:1097B00000380044003C0044004C0034000000002D
:1097C0000040004000580064004400440064005819
:1097D000000000000000000000380044004000408D
:1097E0000044003800000000000400040034004C75
:1097F00000440044004C0034000000000000000061
:1098000000380044007C00400044003800000000A4
:10981000000C0010007C0010001000100010001060
:1098200000000000000000000034004C0044004430
:10983000004C0034000400780040004000580064F0
:1098400000440044004400440000000000100000F8
:109850000070001000100010001000100000000048
:109860000010000000700010001000100010001028
:10987000001000E000400040004800500060005030
:1098800000480044000000000070001000100010AC
:109890000010001000100010000000000000000088
:1098A000007800540054005400540054000000009C
:1098B00000000000005800640044004400440044DC
:1098C0000000000000000000003800440044004494
:1098D0000044003800000000000000000058006450
:1098E00000440044006400580040004000000000B4
:1098F0000034004C00440044004C003400040004D8
:10990000000000000058006400400040004000409B
:109910000000000000000000003800440030000893
:1099200000440038000000000020002000780020E3
:1099300000200020002000180000000000000000AF
:109940000044004400440044004C00340000000087
:1099500000000000004400440028002800280010F7
:109960000000000000000000005400540054006C8F
:10997000002800280000000000000000004400282B
:10998000001000100028004400000000000000004B
:10999000004400440028002800100010001000605F
:1099A00000000000007C0008001000200040007C47
:1099B000000000000018001000100010002000201F
:1099C000001000100010001800100010001000100F
:1099D00000100010001000100010001000300010E7
:1099E00000100010000800080010001000100030E7
:1099F0000000000000000074004C000000000000A7
:109A00000000000000000000000000000000000056
:109A10000000000000000000000000000000000046
:109A200000000000000000000000000C000C000C12
:109A3000000C000C000C000C000C000C000C000CC6
:109A40000000000C000C0000000000000000001BE3
:109A5000001B001B001B001B00000000000000009A
:109A600000000000000000000000000000000000F6
:109A700000008019801980198019C07FC07F80196B
:109A80000033C07FC07F0033003300330033000059
:109A9000000000000000001E003F8075806500741B
:109AA000003C001E00078005806580658075003FD2
:109AB000001E0004000400000000007000D840D820
:109AC000C0D880D900730006000C801BC036C06669
:109AD000C046C00680030000000000000000001E19
:109AE000003F003300330033001E000CC03CC06652
:109AF000806380618063C03E801C00000000000025
:109B00000000000C000C000C000C000C0000000019
:109B10000000000000000000000000000000000045
:109B200000000000800000010003000600060004A1
:109B3000000C000C000C000C000C000C00040006D3
:109B40000006000300018000002000100018000C37
:109B5000000C0004000600060006000600060006D1
:109B60000004000C000C0018001000200000000C85
:109B7000002D003F001E0033000000000000000028
:109B800000000000000000000000000000000000D5
:109B9000000000000000000C000C000C000CC0FFD6
:109BA000C0FF000C000C000C000C000000000000C6
:109BB00000000000000000000000000000000000A5
:109BC0000000000000000000000000000000000C89
:109BD000000C000400040008000000000000000069
:109BE00000000000000000000000001E001E000039
:109BF0000000000000000000000000000000000065
:109C00000000000000000000000000000000000054
:109C1000000000000000000C000C0000000000002C
:109C20000000000300030003000600060006000613
:109C3000000C000C000C000C0018001800180000AC
:109C4000000000000000001E003F003380618061C2
:109C50008061806D806D8061806180610033003F34
:109C6000001E00000000000000000006000E001EA4
:109C70000036002600060006000600060006000664
:109C80000006000600060000000000000000001EA4
:109C9000003F807380618061800100030006000C3A
:109CA000001800300060807F807F0000000000000E
:109CB0000000001C003E006300630003000E000E65
:109CC00000038001800180618073003F001E00005E
:109CD0000000000000000006000E000E001E001E26
:109CE0000016003600360066807F807F0006000682
:109CF00000060000000000000000007F007F006000
:109D000000600060006E007F8063800180018061E0
:109D10008073003F001E0000000000000000001ED5
:109D2000003F803380610060006E007F807380613F
:109D3000806180618033003F001E00000000000051
:109D40000000807F807F8001000300030006000682
:109D5000000C000C000C000800180018001800008F
:109D6000000000000000001E003F806380618061F1
:109D70000021001E003F8061806180618061003FA2
:109D8000001E0000000000000000001E003F0073E5
:109D90008061806180618073803F801D800180616F
:109DA0000073003F001E00000000000000000000E3
:109DB000000000000000000C000C0000000000008B
:109DC000000000000000000C000C0000000000007B
:109DD000000000000000000000000000000C000C6B
:109DE00000000000000000000000000C000C000457
:109DF0000004000800000000000000008000800354
:109E0000000E003800600038000E80038000000063
:109E10000000000000000000000000000000000042
:109E20000000807F807F00000000807F807F000036
:109E30000000000000000000000000000000000022
:109E40000000000000400070001C000780010007B7
:109E5000001C007000400000000000000000000036
:109E60000000001F803FC071C060C000C0018003BF
:109E70000007000E000C000C0000000C000C00009D
:109E8000000000000000001E003F803180718063F0
:109E9000806F806D806D806F806700600032003E53
:109EA000001C0000000000000000000E000E001B5F
:109EB000001B001B001B80318031803F803F8031C0
:109EC000C060C060C0600000000000000000007CB6
:109ED000007E0063006300630063007E007E006319
:109EE000806180618063007F007E000000000000D0
:109EF0000000001E003F8031806100600060006053
:109F000000600060006080618031003F001E000042
:109F1000000000000000007C007F0063806380611F
:109F20008061806180618061806100630063007E88
:109F3000007C0000000000000000807F807F006047
:109F4000006000600060007F007F006000600060D3
:109F50000060807F807F0000000000000000807FA4
:109F6000807F0060006000600060007F007F006014
:109F70000060006000600060006000000000000001
:109F80000000001E003F80318061006000600060C2
:109F900080638063806180618031803F001E0000AB
:109FA000000000000000806180618061806180614C
:109FB0008061807F807F806180618061806180615D
:109FC00080610000000000000000003F003F000C26
:109FD000000C000C000C000C000C000C000C000C21
:109FE000000C003F003F0000000000000000800166
:109FF0008001800180018001800180018001800159
:10A00000806180618073003F001E0000000000003E
:10A010000000C0608061006300660066006C00782C
:10A02000007C00660066006380618061C0600000A3
:10A030000000000000000060006000600060006040
:10A040000060006000600060006000600060807F71
:10A05000807F0000000000000000C071C071C07B64
:10A06000C07AC06AC06AC06EC064C060C060C060B0
:10A07000C060C060C060000000000000000080718F
:10A080008071807980798079806D806D806D806548
:10A090008067806780678063806300000000000045
:10A0A0000000001E003F003380618061806180619C
:10A0B00080618061806180610033003F001E00008C
:10A0C000000000000000007E007F806380618061EE
:10A0D00080618063007F007E00600060006000603F
:10A0E00000600000000000000000001E003F003380
:10A0F000806180618061806180618061806580674E
:10A100000033803F401E0000000000000000007E81
:10A11000007F8063806180618063007F007E0066D5
:10A120000063006380618061C06000000000000087
:10A130000000000E001F8031803100300038001E0A
:10A1400000078003806180618031003F001E0000B5
:10A15000000000000000C0FFC0FF000C000C000C5D
:10A16000000C000C000C000C000C000C000C000C8F
:10A17000000C000000000000000080618061806130
:10A1800080618061806180618061806180618061C7
:10A190008073003F001E0000000000000000C0604F
:10A1A000C060C060803180318031001B001B001B0B
:10A1B000001B000E000E000E000400000000000056
:10A1C0000000C0C0C0C0C0C0C0C0C0C0C0CC804CB7
:10A1D000804C805E8052805280738061806100007C
:10A1E000000000000000C0C0806080610033003BC0
:10A1F000001E000C000C001E001F003B80718061DF
:10A20000C0C00000000000000000C0C0806180618C
:10A2100000330033001E001E000C000C000C000C6C
:10A22000000C000C000C0000000000000000803F4B
:10A23000803F8001000300030006000C000C0018A2
:10A24000001800300060807F807F00000000000068
:10A25000000F000F000C000C000C000C000C000C98
:10A26000000C000C000C000C000C000C000C000C8E
:10A27000000F000F0000001800180018000C000C60
:10A28000000C000C00060006000600060003000398
:10A290000003000000000000001E001E0006000673
:10A2A000000600060006000600060006000600067E
:10A2B0000006000600060006001E001E0000000C3E
:10A2C000000C001E0012003300338061806100002A
:10A2D000000000000000000000000000000000007E
:10A2E000000000000000000000000000000000006E
:10A2F000000000000000000000000000000000005E
:10A30000E0FF0000000000380018000C0000000012
:10A31000000000000000000000000000000000003D
:10A32000000000000000000000000000000000002D
:10A330000000001F803F80618001801F803F80619E
:10A340008063807FC03800000000000000000060D3
:10A35000006000600060006E007F8073806180613B
:10A36000806180618073007F006E0000000000004B
:10A3700000000000000000000000001E003F80738D
:10A3800080610060006080618073003F001E0000FB
:10A390000000000000008001800180018001801D1C
:10A3A000803F807380618061806180618073803FC5
:10A3B000801D000000000000000000000000000000
:10A3C0000000001E003F00738061807F807F00607E
:10A3D0008071003F001E0000000000000000C00768
:10A3E000C00F000C000C807F807F000C000C000C64
:10A3F000000C000C000C000C000C00000000000021
:10A400000000000000000000801D803F807380611C
:10A410008061806180618073803F801D80018063E6
:10A42000007F003E00000060006000600060006F80
:10A43000807F8071806180618061806180618061E6
:10A44000806100000000000000000006000600001F
:10A450000000003E003E0006000600060006000662
:10A4600000060006000600000000000000060006CE
:10A4700000000000003E003E000600060006000648
:10A48000000600060006000600060046007E003CAE
:10A490000000006000600060006080610063006692
:10A4A000006C007C0076006300638061C060000087
:10A4B000000000000000003E003E0006000600060E
:10A4C000000600060006000600060006000600065C
:10A4D0000006000000000000000000000000000076
:10A4E000000080DDC0FFC0CEC0CCC0CCC0CCC0CC92
:10A4F000C0CCC0CCC0CC00000000000000000000B8
:10A50000000000000000006F807F8071806180612A
:10A5100080618061806180618061000000000000D6
:10A5200000000000000000000000001E003F8073DB
:10A5300080618061806180618073003F001E000047
:10A54000000000000000000000000000006E007F1E
:10A55000807380618061806180618073007F006EA4
:10A56000006000600060006000000000000000006B
:10A57000801D803F80738061806180618061807315
:10A58000803F801D8001800180018001000000006B
:10A590000000000000000067803F003900300030FC
:10A5A00000300030003000300030000000000000BB
:10A5B00000000000000000000000001E803F8061DD
:10A5C0000060007F803F80018061007F001E0000EE
:10A5D0000000000000000000000800180018007FC4
:10A5E000007F001800180018001800180018801FBD
:10A5F000800F0000000000000000000000000000CC
:10A600000000806180618061806180618061806123
:10A610008063807F803D000000000000000000009B
:10A62000000000000000C060803180318031001BDC
:10A63000001B001B000E000E0006000000000000C2
:10A640000000000000000000000080DD80DD80DDF3
:10A6500000550055005500770077002200220000C9
:10A660000000000000000000000000000000806109
:10A6700000330033001E000C000C001E00330033BA
:10A6800080610000000000000000000000000000E9
:10A6900080618061803100330033001B001B001B90
:10A6A000000E000E000E001C007C00700000000078
:10A6B000000000000000C07FC07F80010003000692
:10A6C000000C00180030C07FC07F000000000000B8
:10A6D0008003800700060006000600060006000E44
:10A6E000001C001C000E0006000600060006000606
:10A6F000800780030006000600060006000600062C
:10A700000006000600060006000600060006000619
:10A7100000060006000600060038003C000C000C95
:10A72000000C000C000C000E00070007000E000CCF
:10A73000000C000C000C000C003C00380000000075
:10A74000000000000000000000008038807F00470B
:10A7500000000000000000000000000000000000F9
:10A7600000000000000000000000000000000000E9
:10A7700000000000000000000000000000000000D9
:10A7800000000000000000000000000000000000C9
:10A7900000000000E003E003E003E003E003E00367
:10A7A000E003E003C003C003C001C001C001C00159
:10A7B000C001000000000000E003E003E00300002F
:10A7C00000000000000000003C1E3C1E3C1E3C1E21
:10A7D0003C1E3C1E3C1E000000000000000000006B
:10A7E0000000000000000000000000000000000069
:10A7F000000000000000000000000000CE01CE03B9
:10A80000DE039E039C039C07FF3FFF7F3807380F42
:10A81000780F780F780EFFFFFFFFF01EF01CE01C92
:10A82000E03CE03DE03900000000000000000000D6
:10A83000FC03FE0FEE1FE01EE01EE01EE01EE01F08
:10A84000E00FE007F003FC01FE01FE01FE01FE0146
:10A85000FE01FE01FE3DFC3FF00FE001E0010000C3
:10A8600000000000033E07F78FE78EE79EE3BCE39E
:10A87000B8E7F8E7F0F7E03FC001FF03FF07F30791
:10A88000F30FF31EF33CF338F3787FF03FE0000062
:10A890000000000000000000E007F80F780F781FAC
:10A8A000781F781F780FF00FE00F801FC37FC3FB66
:10A8B000E7F3F7F1F7F0FFF07FF03EF87F7CFF3F22
:10A8C000EF1F00000000000000000000E003E003B4
:10A8D000E003E003E003C003C0010000000000004B
:10A8E0000000000000000000000000000000000068
:10A8F0000000000000000000000000000000000058
:10A900003F007C00F001E001C003C0078007800722
:10A91000800F000F000F000F000F000F000F800FBF
:10A9200080078007C007C003E001F0017C003F0002
:10A930000F000000007E001FC007C003E001F0010F
:10A94000F000F000F80078007800780078007800D7
:10A950007800F800F000F000F001E001C003C0074B
:10A96000001F007E00780000E003C003C001CE3964
:10A97000FF3F7F3F20037003F807780F3C1F380626
:10A9800000000000000000000000000000000000C7
:10A9900000000000000000000000000000000000B7
:10A9A0000000000000000000C001C001C001C001A3
:10A9B000C001C001C001FFFFFFFFC001C001C00115
:10A9C000C001C001C0010000000000000000000044
:10A9D0000000000000000000000000000000000077
:10A9E0000000000000000000000000000000000067
:10A9F0000000E003E003E003E003E001E001E00128
:10AA0000C001800300000000000000000000000002
:10AA100000000000000000000000FE3FFE3F0000BC
:10AA20000000000000000000000000000000000026
:10AA30000000000000000000000000000000000016
:10AA40000000000000000000000000000000000006
:10AA500000000000000000000000E003E003E0034D
:10AA6000E003000000000000000000000F000F00E5
:10AA70001E001E003C003C0078007800F000F00052
:10AA8000E001E001C003C00380078007000F000F52
:10AA9000001E001E003C003C0078007800F0000022
:10AAA000F007F80F7C1F3E3E1E3C1F7C1F7C0F787A
:10AAB0000F780F780F780F780F780F781F7C1F7C36
:10AAC0001E3C3E3E7C1FF80FF00700000000000017
:10AAD00000000000F000F007F03FF03FF001F0014F
:10AAE000F001F001F001F001F001F001F001F001DE
:10AAF000F001F001F001F001F001FF3FFF3F000025
:10AB00000000000000000000E00FF83F7C3C3C002B
:10AB10003E003E003E003C003C007C00F800F0019E
:10AB2000E003C0078007000F001E003E003CFE3F10
:10AB3000FE3F00000000000000000000F00FF81FC2
:10AB40007C1C3E003E003E003C003C00F800F00F44
:10AB5000F80F7C003E001E001E001E001E003E007E
:10AB60007C1CF81FE01F0000000000000000000037
:10AB70007800F800F800F801F803F807F807780FF4
:10AB8000781E781E783C78787878FFFFFFFF780091
:10AB9000780078007800780078000000000000005D
:10ABA00000000000FC1FFC1FFC1F001E001E001EFA
:10ABB000001E001EE01FF81FFC007C003E003E004F
:10ABC0001E003E003E003C007C1CF81FE01F000001
:10ABD0000000000000000000FC01FE078E0F001FB7
:10ABE000001E003E003C003CF83DFC3F3E7F1F7EC7
:10ABF0000F3C0F3C0F3C0F3C0F3E1F1E3E1FFC0F37
:10AC0000F00300000000000000000000FF3FFF3FD5
:10AC1000FF3F0F001E001E003C0038007800F000CF
:10AC2000F000E001E001C003C0038007800F800F47
:10AC3000000F001F001F00000000000000000000C7
:10AC4000F807FC0F3E1F1E1E1E3E1E3E1E1E3C1F12
:10AC5000F80FF007F80FFC1E3E3E1F3C1F7C0F7CD8
:10AC60000F7C1F3C3E3FFC1FF0070000000000006F
:10AC700000000000F007F80F7C1E3E3C1E3C1F7CCD
:10AC80001F7C1F7C1F7C1F3C3F3EFF1FEF071F00E8
:10AC90001E001E003E003C00F838F03FE01F0000A0
:10ACA00000000000000000000000000000000000A4
:10ACB00000000000E003E003E003E0030000000008
:10ACC00000000000000000000000E003E003E003DB
:10ACD000E003000000000000000000000000000091
:10ACE0000000000000000000E003E003E003E003D8
:10ACF0000000000000000000000000000000E00371
:10AD0000E003E003E003E001E001E001C0038003B1
:10AD100000000000000000000000000003000F0021
:10AD20003F00FC00F003C00F003F00FE003FC00FDB
:10AD3000F003FC003F000F000300000000000000D3
:10AD40000000000000000000000000000000000003
:10AD50000000000000000000FFFFFFFF00000000F7
:10AD60000000FFFFFFFF00000000000000000000E7
:10AD700000000000000000000000000000000000D3
:10AD80000000000000E000F8007E801FE007F801EE
:10AD90007E001F007E00F801E007801F007E00F8A3
:10ADA00000E000000000000000000000F01FFC3F79
:10ADB0003E381F381F381E001E003C007800F0008F
:10ADC000E001C003C003C007C0070000000000008E
:10ADD000C007C007C007000000000000000000001E
:10ADE000F803FE0F1E1F0F3E7F3CFF78EF79C773FD
:10ADF000C7F38FF38FF38FF39FF39FF3FF73FF7B03
:10AE0000F779003C1C1FFC0FF80300000000000055
:10AE100000000000000000000000E003E003F00775
:10AE2000F007F007780F780F7C0E3C1E3C1E3E3C6E
:10AE3000FE3FFF3F1F780F780FF007F007F000008C
:10AE40000000000000000000000000000000F83FCB
:10AE5000FC3F3E3C1E3C1E3C1E3C3E3C7C3CF03FCE
:10AE6000F83F7E3C1F3C1F3C0F3C0F3C1F3CFE3F0D
:10AE7000F83F00000000000000000000000000009B
:10AE80000000FF01FF07871F003E003C007C0078A8
:10AE90000078007800780078007C007C003E003F5D
:10AEA000831FFF07FF0100000000000000000000FA
:10AEB000000000000000F07FFC7F7E781F781F7884
:10AEC0000F780F780F780F780F780F780F780F784A
:10AED0001F781E787E78F87FE07F00000000000079
:10AEE00000000000000000000000FF3FFF3F003EA8
:10AEF000003E003E003E003E003EFE3FFE3F003E64
:10AF0000003E003E003E003E003EFF3FFF3F00008F
:10AF10000000000000000000000000000000FF1F13
:10AF2000FF1F001E001E001E001E001E001EFF1F31
:10AF3000FF1F001E001E001E001E001E001E001E21
:10AF4000001E0000000000000000000000000000E3
:10AF50000000FE03FF0F871F003E007C007C00788E
:10AF600000F800F87FF87FF80F780F7C0F7C0F3E19
:10AF70008F1FFF0FFE030000000000000000000014
:10AF80000000000000001F7C1F7C1F7C1F7C1F7CBA
:10AF90001F7C1F7C1F7CFF7FFF7F1F7C1F7C1F7C13
:10AFA0001F7C1F7C1F7C1F7C1F7C0000000000009A
:10AFB00000000000000000000000FF3FFF3FE00332
:10AFC000E003E003E003E003E003E003E003E00369
:10AFD000E003E003E003E003E003FF3FFF3F000086
:10AFE0000000000000000000000000000000FC1F46
:10AFF000FC1F7C007C007C007C007C007C007C00D2
:10B000007C007C007C007C0078007800F838F03F01
:10B01000C03F000000000000000000000000000031
:10B0200000001F3C1E3C3C3C783CF03CE03DE03FD7
:10B03000C03F803FC03FE03FF03DF03C783C7C3C6F
:10B040003E3C1F3C0F3C00000000000000000000E0
:10B05000000000000000003E003E003E003E003EBA
:10B06000003E003E003E003E003E003E003E003EF0
:10B07000003E003E003EFF3FFF3F0000000000009A
:10B08000000000000000000000001FF81FFC1FFC73
:10B090003FFE3FFE3FFE7FFF77FF77FFF7F7E7F7C3
:10B0A000E7F3E7F3C7F307F007F007F007F0000056
:10B0B00000000000000000000000000000000F7C05
:10B0C0000F7C0F7E0F7F0F7F8F7F8F7FCF7FEF7B78
:10B0D000EF79FF79FF78FF787F783F783F781F78A6
:10B0E0001F780000000000000000000000000000C9
:10B0F0000000F007FC1F3E3E1F7C0F780F780FF812
:10B100000FF80FF80FF80FF80FF80F780F781F7C73
:10B110003E3EFC1FF00700000000000000000000A1
:10B12000000000000000FC3FFF3F1F3E0F3E0F3EAF
:10B130000F3E0F3E1F3E3F3EFC3FF03F003E003EB5
:10B14000003E003E003E003E003E000000000000C9
:10B1500000000000000000000000F007FC1F3E3E61
:10B160001F7C0F780F780FF80FF80FF80FF80FF813
:10B170000FF80F780F781F7C3E3EFC1FF8077C000D
:10B180003F000F0003000000000000000000F03F3F
:10B19000FC3F7E3C3E3C1E3C1E3C3E3C3C3CFC3C62
:10B1A000F03FE03FF03DF83C7C3C3E3C1E3C1F3C09
:10B1B0000F3C000000000000000000000000000044
:10B1C0000000FC07FE1F0E3E003C003C003C003E21
:10B1D000C01FF80FFE037F001F000F000F001F208D
:10B1E0003E3CFC3FF01F000000000000000000009B
:10B1F000000000000000FFFFFFFFE003E003E003AA
:10B20000E003E003E003E003E003E003E003E00326
:10B21000E003E003E003E003E003000000000000BF
:10B22000000000000000000000000F7C0F7C0F7C7D
:10B230000F7C0F7C0F7C0F7C0F7C0F7C0F7C0F7CB6
:10B240000F7C0F7C1E3C1E3C3E3EFC1FF0070000A6
:10B25000000000000000000000000000000007F0F7
:10B2600007F007F80F780F7C1E3C1E3C1E3E3C1E6C
:10B270003C1F781F780FF80FF007F007F007E00386
:10B28000E0030000000000000000000000000000DB
:10B29000000003E003F003F007F0E7F3E7F3E7F360
:10B2A000E773F77BF77FFF7F7F7F7F7F7E7F7E3F28
:10B2B0003E3E3E3E3E3E000000000000000000001A
:10B2C00000000000000007F80F7C1E3E3E3E3C1FC1
:10B2D000F80FF007E007E003E003F007F80F7C0F3A
:10B2E0007C1E3E3C1F780F780FF00000000000002D
:10B2F0000000000000000000000007F807780F7C45
:10B300001E3C1E3E3C1F780FF80FF007E003E003E1
:10B31000E003E003E003E003E003E003E0030000F8
:10B320000000000000000000000000000000FF7F9F
:10B33000FF7F0F001F003E007C00F800F000E001DE
:10B34000E003C007800F000F001E003E007CFF7F5F
:10B35000FF7F00000000000000000000FF078007E2
:10B3600080078007800780078007800780078007A5
:10B370008007800780078007800780078007800795
:10B3800080078007800780078007FF07FF0700000E
:10B3900000780078003C003C001E001E000F000FEB
:10B3A00080078007C003C003E001E001F000F00067
:10B3B000780078003C003C001E001E000F000F00CB
:10B3C00007000000F07FF000F000F000F000F00057
:10B3D000F000F000F000F000F000F000F000F000ED
:10B3E000F000F000F000F000F000F000F000F000DD
:10B3F000F000F07FF07F0000C000C001C001E0035A
:10B40000E003F007F0077807780F380F3C1E3C1E6A
:10B410001E3C1E3C0F380F7807780000000000002B
:10B42000000000000000000000000000000000001C
:10B43000000000000000000000000000000000000C
:10B4400000000000000000000000000000000000FC
:10B45000000000000000FFFFFFFF000000000000F0
:10B46000F0000000000000000000000000000000EC
:10B4700000000000000000000000000000000000CC
:10B4800000000000000000000000000000000000BC
:10B4900000000000000000000000000000000000AC
:10B4A000F80FFC3F7C3C3E003E003E00FE07FE1FC6
:10B4B0003E3E3E7C3E783E7C7E7CFF3FCF1F0000C0
:10B4C0000000000000000000003C003C003C003C8C
:10B4D000003C003CF83DFE3F3E3F1F3E0F3C0F3C12
:10B4E0000F3C0F3C0F3C0F3C1F3C1E3C3E3FFC3FC3
:10B4F000F03B000000000000000000000000000021
:10B500000000000000000000FE03FF0F871F003E48
:10B51000003E003C007C007C007C003C003E003E85
:10B52000871FFF0FFE030000000000000000000066
:10B530001F001F001F001F001F001F00FF07FF1F2D
:10B540003F3E1F3C1F7C1F7C1F7C1F781F781F7C89
:10B550001F7C3F3C7F3EFF1FDF0F0000000000000C
:10B5600000000000000000000000000000000000DB
:10B57000F803FC0F3E1F1E3E1F3C1F7CFF7FFF7F1A
:10B58000007C007C003C003E071FFF0FFE03000014
:10B590000000000000000000FF01E103C003C0073D
:10B5A000C007C007FF7FFF7FC007C007C007C007F5
:10B5B000C007C007C007C007C007C007C007C00753
:10B5C000C0070000000000000000000000000000B4
:10B5D0000000000000000000EF07FF1F7F3E1F3C3F
:10B5E0001F7C1F7C1F781F781F781F7C1F7C3F3CAF
:10B5F0007F3EFF1FDF0F1E001E001E007C38F83F3D
:10B60000003C003C003C003C003C003CFC3DFE3F5C
:10B610009E3F1F3F1F3E1F3C1F3C1F3C1F3C1F3CCB
:10B620001F3C1F3C1F3C1F3C1F3C00000000000053
:10B6300000000000F001F001000000000000000028
:10B64000E07FE07FE001E001E001E001E001E001F6
:10B65000E001E001E001E001E001E001E0010000C3
:10B660000000000000000000F800F80000000000EA
:10B6700000000000F83FF83FF800F800F800F8007C
:10B68000F800F800F800F800F800F800F800F800FA
:10B69000F800F800F800F000F071E07F003C003C9A
:10B6A000003C003C003C003C1F3C3E3C7C3CF83CE9
:10B6B000F03DE03DC03FC03FE03FF03DF83C7C3C0A
:10B6C0003E3C1F3C1F3C000000000000000000004A
:10B6D000F07FF001F001F001F001F001F001F00164
:10B6E000F001F001F001F001F001F001F001F001D2
:10B6F000F001F001F001F001F00100000000000095
:10B700000000000000000000000000000000000039
:10B710009EF7FFFFFFFFFFFFE7FBE7F9C7F1C7F168
:10B72000C7F1C7F1C7F1C7F1C7F1C7F1C7F1000011
:10B730000000000000000000000000000000000009
:10B7400000000000FC3DFE3F9E3F1F3F1F3E1F3C90
:10B750001F3C1F3C1F3C1F3C1F3C1F3C1F3C1F3C11
:10B760001F3C00000000000000000000000000007E
:10B770000000000000000000F007FC1F3E3E1F3CE0
:10B780001F7C0F780F780F780F780F781F7C1F3C85
:10B790003E3EFC1FF007000000000000000000001B
:10B7A000000000000000000000000000F83DFE3F27
:10B7B0003E3F1F3E0F3C0F3C0F3C0F3C0F3C0F3CED
:10B7C0001F3C1E3E3E3FFC3FF83F003C003C003C1F
:10B7D000003C003C000000000000000000000000F1
:10B7E000EE07FE1F7E3E1E3C1E7C1E781E781E78D5
:10B7F0001E781E781E7C3E7C7E3EFE1FDE0F1E00E5
:10B800001E001E001E001E000000000000000000C0
:10B81000000000007F1FFF1FE71FC71F871F001FBB
:10B82000001F001F001F001F001F001F001F001F20
:10B83000001F0000000000000000000000000000E9
:10B840000000000000000000FC07FE1F0E1E003E6E
:10B85000003E003FE01FFC07FE003E001E001E00F1
:10B860003E3CFC3FF01F0000000000000000000014
:10B87000000000000000800780078007FF7FFF7F37
:10B880008007800780078007800780078007800780
:10B8900080078007C007FF03FF01000000000000D1
:10B8A0000000000000000000000000000000000098
:10B8B0001E3C1E3C1E3C1E3C1E3C1E3C1E3C1E3CB8
:10B8C0001E3C1E3C3E3C7E3CFE3EFE1FDE0F00004A
:10B8D0000000000000000000000000000000000068
:10B8E0000000000007F00F780F781E3C1E3C1E3E43
:10B8F0003C1E3C1E780F780FF00FF007F007E003B6
:10B90000E003000000000000000000000000000054
:10B91000000000000000000003F0E3F1E3F3E7F3B0
:10B92000F7F3F7F3F77F777F7F7F7F7F7F7F3E3E61
:10B930003E3E3E3E3E3E0000000000000000000093
:10B940000000000000000000000000000F7C1E3E10
:10B950003C3E3C1FF80FF007F007E003F007F80744
:10B96000F80F7C1E3E3E1F3C1F78000000000000C8
:10B9700000000000000000000000000000000000C7
:10B9800007F80F780F7C1E3C1E3C3C1E3C1E3C1FE3
:10B99000780FF80FF007F007E003E003C003C003DF
:10B9A000C0038007800F007F00000000000000003F
:10B9B00000000000FF3FFF3F1F003E007C00F8003A
:10B9C000F001E003C007800F001F001E003CFF7F56
:10B9D000FF7F00000000000000000000FE01E00307
:10B9E000C003C003C003C003E001E001E001C001E7
:10B9F000C003803F803FC003C001E001E001E001DF
:10BA0000C003C003C003C003E003FE017E000000CA
:10BA1000C001C001C001C001C001C001C001C0011E
:10BA2000C001C001C001C001C001C001C001C0010E
:10BA3000C001C001C001C001C001C001C001C001FE
:10BA4000C0010000C03FE003E001E001E001E001CF
:10BA5000C001C003C003C001E001FE00FE00E00120
:10BA6000C001C003C003C001E001E001E001E0014A
:10BA7000E003C03F003F00000000000000000000A5
:10BA80000000000000000000000000000000073F70
:10BA9000C77FE773FFF17EF00000000000000000A8
:10BAA000000000000000000000000000680000042A
:10BAB00076005401F7FD000175191A0C6A231B1C4E
:10BAC0001F207274433B4138393A6B6C376F062440
:10BAD0006D6E700083000000000800000001001877
:10BAE00032000500000020410000D242295C0F3ED8
:10BAF0009A99993E3333733F295C0F3E00007000E2
:10BB00000000002400000002000300000065005453
:10BB1000FFEF0000FA80000B12820001030C30C31B
:10BB20000E8C8CE914D5400213710F8E3883F88384
:10BB30003000F883258EF8833000F883FFFFFFFF85
:10BB40000FFEA9D6240004001A8279A10000003C4F
:10BB5000FFFF00000010000038836FA2003E03309A
:10BB60004000000002CAE3093E80000020000000FF
:10BB7000000000004000000060000000000C000019
:10BB8000000C186E000006920A16C0DFFFFF025676
:10BB9000FD8CD377FFE1C496E0C5BEAA000000008B
:10BBA000FFFF0B2B00001657000003594000000058
:10BBB00000001DFA00026C1D000000003FFFDFEBDB
:10BBC000003EB3B6000D227800002F3C00000000BC
:10BBD000001942B5000039A20000B365D90E9FC913
:10BBE0001DCF4C3430000000500000003BB67AE816
:10BBF0000064000000C80000000000001000000009
:10BC00001000FA921000225E000D229F0001000039
:10BC100000320000FF46000063D400001000000066
:10BC200004D6000004CC000004CC00000000107218
:10BC300000000040000000000000000000060002BC
:10BC40000005000700000000006400000000000084
:10BC50000000000500050064002000000000000056
:10BC6000000000000000400000000300000000325F
:10BC7000F8980000FF650000830F0000FF9BFC00A8
:10BC800000000000000000000000000000000000B4
:10BC900000000000000000000000000000000000A4
:10BCA0000000000000000000000010004000000044
:10BCB000000000060000B26A000200000001FB83E1
:10BCC0000068000000D9FC007CF1FF830000000048
:10BCD00000650000006403E80064002800000025FF
:10BCE0000000000016A0000000001000000010007E
:10BCF000002F0000000001F40000100000280000E8
:10BD0000FFFF4581FFFFFA72000000000000000005
:10BD1000004400050005BAC6004778A200000001F3
:10BD20000000000000000600000000140000254D87
:10BD3000002F706D000005AE000C02D00000000066
:10BD4000000000000000000000000000001B0000D8
:10BD5000000000000000000000000000006400007F
:10BD600000080000000000000000000000000000CB
:10BD700000000000000000000000000000000000C3
:10BD800000000000000000000000000000000000B3
:10BD900000000000000000000000000000000000A3
:10BDA0000000000000000000000000000000000093
:10BDB000000000000000000000000000001B000068
:10BDC0000000000000000000000E000E00000AC786
:10BDD0000004000000000032FFFFFF9C00000B2B5E
:10BDE000000000020000000100000064FFE5000008
:10BDF0000000000000000000000000000000000142
:10BE000000000000000100000000000000018000B0
:10BE10000001800000018000002426D30000000003
:10BE200000000000000600100096003C000000002A
:10BE30000000000000000000000000000C0A4E6836
:10BE4000CDCF770950166759C619CE820000000081
:10BE500000000000000000000000000000000000E2
:10BE60000000000017D7840003000000000000005D
:10BE700000000000C7938F9D1E1B1C1900000000CE
:10BE800000000000000000000000000000000000B2
:10BE900000000000020318850000400000000003BD
:10BEA000000000030000000000000000400000004F
:10BEB0000000000000000000000000000000000082
:10BEC0000000000000000000000000000000000072
:10BED0000000000000000000000000000000000062
:10BEE000677DDF7E72902E554CF6E68800000000DC
:10BEF000000000000000000000000000D8DCB4B822
:10BF0000B0D8B9ABF3F8FAB3B7BB8E9EAEF132F549
:10BF10001BF1B4B8B08097F1A9DFDFDFAADFDFDF64
:10BF2000F2AAC5CDC7A90CC92C97F1A989264666E6
:10BF3000B28999A92D557DB0B08AA896365676F16A
:10BF4000BAA3B4B280C0B8A89711B28398BAA3F0CC
:10BF5000240844106418B2B9B49883F1A329557D1C
:10BF6000BAB5B1A38393F0002850F5B2B6AA839373
:10BF700028547CF1B9A3829361BAA2DADEDFDB81B7
:10BF80009AB9AEF5606870F1DABAA2DFD9BAA2FA4E
:10BF9000B9A38292DB31BAA2D9BAA2F8DF85A4D0C4
:10BFA000C1BBAD83C2C5C7B8A2DFDFDFBAA0DFDF88
:10BFB000DFD8D8F1B8AAB38DB4980D355DB2B6BA52
:10BFC000AF8C96198F9FA70E161EB49AB8AA872C0D
:10BFD000547CBAA4B08AB691325676B28494A4C87E
:10BFE00008CDD8B8B4B0F19982A82D557D98A80E87
:10BFF000161EA22C547C92A4F02C5078F184A898A0
:10C00000C4CDFCD80DDBA8FC2DF3D9BAA6F8DABA5A
:10C01000A6DED8BAB2B68696A6D0F3C841DAA6C8CC
:10C02000F8D8B0B4B882A892F52C548898F135D9D4
:10C03000F418D8F1A2D0F8F9A884D9C7DFF8F883AA
:10C04000C5DADF69DF83C1D8F40114F1A8824EA8F4
:10C0500084F311D182F5D992289788F109F41C1C38
:10C06000D884A8F3C0F9D1D99782F129F40DD8F377
:10C07000F9F9D1D982F4C203D8DEDF1AD8F1A2FAD5
:10C08000F9A88498D9C7DFF8F8F883C7DADF69DF41
:10C09000F883C3D8F40114F198A8822EA884F31170
:10C0A000D182F5D992509788F109F41CD884A8F36D
:10C0B000C0F8F9D1D99782F149F40DD8F3F9F9D143
:10C0C000D982F4C403D8DEDFD8F1AD8898CCA809B2
:10C0D000F9D98292A8F57CF1883ACF944A6E98DB20
:10C0E0006931DAADF2DEF9D88795A8F221D1DAA567
:10C0F000F9F417D9F1AE8ED0C0C3AE82C684C3A8FE
:10C100008595C8A588F2C0F1F4010EF18E9EA8C6EF
:10C110003E56F554F18872F40115F19845856EF597
:10C120008E9E0488F142985A8E9E068869F4011CFE
:10C13000F1981E1108D0F504F11E970202983625D9
:10C14000DBF9D985A5F3C1DA85A5F3DFD88595A8F4
:10C15000F309DAA5FAD88292A8F578F1881A849FB3
:10C1600026889821DAF41DF3D8879F39D1AFD9DF1B
:10C17000DFFBF9F40CF3D8FAD0F8DAF9F9D0DFD90B
:10C18000F9D8F40BD8F3879F39D1AFD9DFDFF41D8D
:10C19000F3D8FAFCA869F9F9AFD0DADEFAD9F88F4A
:10C1A0009FA8F1CCF398DB45D9AFDFD0F8D8F18F59
:10C1B0009FA8CAF38809DAAF8FCBF8D8F2AD978D74
:10C1C0000CD9A5DFF9BAA6F3FAF412F2D8950DD17D
:10C1D000D9BAA6F3FADAA5F2C1BAA6F3DFD8F1BA52
:10C1E000B2B68696A6D0CAF349DAA6CBF8D8B0B4D0
:10C1F000B8D8AD84F2C0DFF18FCBC3A8B2B68696B3
:10C20000C8C1CBC3F3B0B48898A821DB718D9D71F0
:10C21000859521D9ADF2FAD88597A828D9F408D800
:10C22000F28D29DAF405D9F285A4C2F2D8A88D944A
:10C2300001D1D9F411F2D88721D8F40AD8F2849820
:10C24000A8C801D1D9F411D8F3A4C8BBAFD0F2DE8D
:10C25000F8F8F8F8F8F8F8F8D8F1B8F6B5B9B08AFF
:10C2600095A3DE3CA3D9F8D85CA3D9F8D87CA3D990
:10C27000F8D8F8F9D1A5D9DFDAFAD8B18530F7D9ED
:10C28000DED8F830ADDADED8F2B48C99A32D557D26
:10C29000A083DFDFDFB591A0F629D9FBD8A0FC2968
:10C2A000D9FAD8A0D051D9F8D8FC51D9F9D879D930
:10C2B000FBD8A0D0FC79D9FAD8A1F9F9F9F9F9A0FD
:10C2C000DADFDFDFD8A1F8F8F8F8F8ACDEF8ADDE99
:10C2D0008393AC2C547CF1A8DFDFDFF69D2CDAA031
:10C2E000DFD9FADB2DF8D8A850DAA0D0DED9D0F803
:10C2F000F8F8DB55F8D8A878DAA0D0DFD9D0FAF86A
:10C30000F8F8F8DB7DF8D89CA88CF530DB38D9D06C
:10C31000DEDFA0D0DEDFD8A848DB58D9DFD0DEA032
:10C32000DFD0DED8A868DB70D9DFDFA0DFDFD8F18F
:10C33000A888902C547C98A8D05C38D1DAF2AE8CC6
:10C34000DFF9D8B087A8C1C1B188A8C6F9F9DA3633
:10C35000D8A8F9DA36D8A8F9DA36D8A8F9DA36D86A
:10C36000A8F9DA36D8F78D9DADF818DAF2AEDFD835
:10C37000F7ADFA30D9A4DEF9D8F2AEDEFAF983A728
:10C38000D9C3C5C7F1889BA77AADF7DEDFA4F884CF
:10C390009408A797F300AEF29819A488C6A39488CE
:10C3A000F632DFF28393DB09D9F2AADFD8D8AEF8F0
:10C3B000F9D1DAF3A4DEA7F1889B7AD8F38494AE9E
:10C3C00019F9DAAAF1DFD8A881C0C3C5C7A392833F
:10C3D000F628ADDED9F8D8A350ADD9F8D8A378ADFA
:10C3E000D9F8D8F8F9D1A1DADEC3C5C7D8A18194AC
:10C3F000F818F2B089ACC3C5C7F1D8B8B4B0978605
:10C40000A8319B069907AB9728889BF00C20144015
:10C41000B0B4B8F0A88A9A285078B79BA829517967
:10C42000247059446938644831F1BBAB88002C54FE
:10C430007CF0B38BB8A804285078F1B088B4972664
:10C44000A85998BBABB38B02264666B0B8F08A9C5D
:10C45000A82951798B2951798A2470598B205871D8
:10C460008A4469388B3940688A6448318B30496026
:10C4700088F1AC002C547CF08CA804285078F1880A
:10C480009726A85998AC8C02264666F0899CA82964
:10C490005179247059446938644831A98809205970
:10C4A00070AB11384069A8193148608CA83C415CD8
:10C4B000207C00F187981986A86E767EA999882D30
:10C4C000557DD8B1B5B9A3DFDFDFAED0DFAAD0DEAE
:10C4D000F2ABF8F9D9B087C4AAF1DFDFBBAFDFDF79
:10C4E000B9D8B1F1A3978E60DFB084F2C8F8F9D95A
:10C4F000DED89385F14AB183A308B5839A0810B7B3
:10C500009F10D8F1B0BAAEB08AC2B2B68E9EF1FB1F
:10C51000D9F41DD8F9D90CF1D8F8F8AD61D9AEFB32
:10C52000D8F40CF1D8F8F8AD19D9AEFBDFD8F41671
:10C53000F1D8F8AD8D61D9F4F4ACF59C9C8DDF2B6E
:10C54000BAB6AEFAF8F40BD8F1AED0F8AD51DAAE17
:10C55000FAF8F1D8B9B1B6A3839C08B9B1839AB5FA
:10C56000AAC0FD3083B79F10B58B93F20202D1AB06
:10C57000DADED8F1B080BAABC0C3B284C1C3D8B1DF
:10C58000B9F38BA391B609B4D9ABDEB0879CB9A33C
:10C59000DDF1B38B8B8B8B8BB087A3A3A3A3B28B63
:10C5A000B69BF2A3A3A3A3A3A3A3A3A3A3F1B087C2
:10C5B000B59AA3F39BA3A3DCBAACDFB9A3A3A3A34F
:10C5C000A3A3A3A3A3A3A3A3A3A3A3A3D8D8D8BB84
:10C5D000B3B7F1AAF9DAFFD9809AAA28B48098A74C
:10C5E00020B79787A86688F07951F1902C870CA71F
:10C5F00081976293F071716085940129517990A5BA
:10C60000F1284C6C870C95188578A38390284C6C86
:10C61000886CD8F3A28200F210A8921980A2F2D9F5
:10C6200026D8F188A84DD948D896A83980D93CD8C1
:10C630009580A839A68698D92CDA87A72CD8A889FE
:10C640009519A980D938D8A88939A980DA3CD8A801
:10C650002EA83990D90CD8A8953198D90CD8A8090A
:10C66000D9FFD801DAFFD89539A9DA26FFD890A8E2
:10C670000D8999A810809821DA2ED88999A831803F
:10C68000DA2ED8A886963180DA2ED8A8873180DABB
:10C690002ED8A88292F34180F1D92ED8A882F3191E
:10C6A00080F1D92ED882ACF3C0A28022F1A62EA7A9
:10C6B0002EA92298A829DAACDEFFD8A2F22AF1A985
:10C6C0002E8292A8F23180A696F1D900AC8C9C0CF7
:10C6D00030ACDED0DEFFD88C9CACD010ACDE8092CB
:10C6E000A2F24C82A8F1CAF235F19688A6D900D8F8
:10C6F000F1FF00000000803F00000000000000008B
:10C700000000803F0000803F0AD7A3BB000000006C
:10C710000000803F0AD7A33B000000000000803FDC
:10C7200000000000FFE6DB2E00000000000000001B
:10C73000FFE6DB2E17B7D1380000803F0000000075
:10C740000AD7A3BB0000803F0000803F000000002C
:10C750000000803F00000000000000000000803F5B
:10C760000000803F0AD7A3BB000000000000803F0C
:10C770000AD7A33B000000000000803F000000003B
:10C78000FFE6DB2E0000000000000000FFE6DB2ECD
:10C7900017B7D1380000803F000000000AD7A3BBC4
:10C7A0000000803F0000803F00000000000000000B
:10C7B000555555555555C53F7D6FEB0312D6D4BF22
:10C7C0005544880E55C1C93F3B8F68B52882A4BF28
:10C7D00088B20175E0EF493F09F7FD0DE13D023FE9
:10C7E0004B2D8A1C273A03C0C88A599CE52A004071
:10C7F00059018D1B6C06E6BF82922EB1C5B8B33FBE
:10C800004FBB610567ACDD3F182D4454FB21E93F68
:10C810009BF681D20B73EF3F182D4454FB21F93F57
:10C82000E2652F227F2B7A3C075C143326A6813CDD
:10C83000BDCBF07A8807703C075C143326A6913C88
:10C84000C4EB98999999C9BF711623FEC671BCBFF4
:10C850006D9A74AFF2B0B3BF9AFDDE522DDEADBF5C
:10C860002F6C6A2C44B4A2BF0D5555555555D53F74
:10C87000FF8300922449C23F6E204CC5CD45B73F8F
:10C88000513DD0A0660DB13FEB0D76244B7BA93F07
:10C8900011DA22E33AAD903F0000000000000000F2
:10C8A000DDDDDDDDDCBBBBDDDDDDDDDDDDDDDDDDFD
:10C8B000988888888888888877777777778888883D
:10C8C00085555556666666666666666666688888D5
:10C8D0008333333222222222222222222228888DCE
:10C8E00050726F64756374204944207265616420DE
:10C8F0006173203020696E646963617465732064BC
:10C90000657669636520697320656974686572205E
:10C91000696E636F6D70617469626C65206F7220FF
:10C92000616E204D5055333035302E0D0A00000019
:10C9300050C90008000000208802000058100008BC
:10C94000DCC90008880200201808000038570008D9
:10C95000022B0242017CA24A04106808020304066A
:10C960000708090C6910052202040608C3803F5A13
:10C97000FF043964F123070A13989224080B121359
:10C98000049A2408101A1360A7E964D93BF34041C4
:10C990001D40CDCCAC74297823164613964224C092
:10C9A000DA45230C4223AF441AF0301AC804290890
:10C9B000012F043824415029B513B8BA1B08AC0420
:10C9C00001201AD424052E0AD7A33B29F009120C02
:0CC9D000094A40092664091828000000EC
:0400000508000131BD
:00000001FF
