:020000040800F2
:100000006833002049010008C5430008C9370008CB
:1000100065430008FD1B0008297D00080000000062
:10002000000000000000000000000000B9640008AB
:10003000A128000800000000A54E00087169000812
:100040006301000863010008630100086301000800
:1000500063010008630100086301000863010008F0
:1000600063010008630100086301000863010008E0
:1000700063010008630100086301000863010008D0
:1000800063010008630100086301000863010008C0
:1000900063010008630100086301000863010008B0
:1000A00063010008630100086301000863010008A0
:1000B000296C0008956C0008A96C00086301000811
:1000C0006301000863010008630100086301000880
:1000D00063010008417900088D790008997A0008C9
:1000E0004929000863010008630100086301000852
:1000F0006301000863010008630100086301000850
:10010000630100086301000863010008630100083F
:100110006301000869780008BD6C000863010008ED
:10012000630100086301000863010008630100081F
:10013000DFF810D001F0CAF80048004781A7000896
:10014000AFF3008068330020064880470648004728
:10015000FEE7FEE7FEE7FEE7FEE7FEE7FEE7FEE777
:10016000FEE7FEE775690008310100082DE9F0415E
:100170000024061B254671F1000605DA012400273C
:10018000D0EB070067EB0101161E73F1000605DADC
:100190000027D2EB0702012567EB030300F0ECFE1A
:1001A00086460E4617469C46AC4204D00025D0EB4E
:1001B000050E65EB010624B10020D2EB000760EBD1
:1001C000030C704631463A466346BDE8F08140EA8A
:1001D00001039B0703D009E008C9121F08C0042AC5
:1001E000FAD203E011F8013B00F8013B521EF9D2AC
:1001F0007047D2B201E000F8012B491EFBD27047D4
:100200000022F6E710B513460A4604461946FFF7E2
:10021000F0FF204610BD421E12F8013F002BFBD11B
:1002200011F8013B02F8013B002BF9D1704730B5C2
:1002300005462A460B4612F8010B13F8014B08B18C
:10024000A042F8D01CB1002802D06D1CF1E728466E
:1002500030BD421C10F8011B0029FBD1801A7047E9
:1002600010B5002200E0521C835C8C5CA34201D1DB
:10027000002BF8D1D8B2E1B2401A10BD30B5044617
:100280000020034600E05B1C934203D2E05CCD5C9F
:10029000401BF8D030BD00000FB400B58DB010A9E0
:1002A00009900B9000914FF0FF300A9000200C90C5
:1002B00005480690054807906A4609A80F9900F07E
:1002C000D1FE0DB05DF814FB811000089F100008EE
:1002D0002DE9FF5F1D464FF0FF3BD5E901469146F2
:1002E0005F464FF00008A9697F1C01988847296A7A
:1002F000824688470028F6D1BAF1FF3F0CD024F49B
:10030000C064002E19DD600614D5BAF12B0F09D098
:10031000BAF12D0F0ED103E0584604B0BDE8F09FAE
:1003200044F48064A9697F1C01988847761E824640
:10033000002E02DDBAF1300F03D0B9F1000F26D044
:1003400032E0A969761E44F400747F1C0198884746
:100350008246002E05DDBAF1780F06D0BAF1580FAB
:1003600003D0B9F1000F10D01EE0B9F1000F02D098
:10037000B9F1100F18D1A969761E24F400747F1CFE
:10038000019888478246102002E0082000E00A20F9
:10039000814609E008FB0908A969761E44F4007447
:1003A0007F1C019888478246002E05DD494650464D
:1003B00000F044FE0028EDDAE96901988847A005BD
:1003C00002D46FF00100A8E7E00725D1600613D53D
:1003D000600502D5C8F1000000E0404629680A1D0A
:1003E0002A600968220501D5087015E0220701D5A9
:1003F000088011E008600FE02868011D296000688E
:10040000210502D580F8008006E0210702D5A0F87A
:10041000008001E0C0F8008038467EE72DE9FF5FEC
:10042000D2E901A74FF00008916999461446DDF81A
:1004300038B0464601988847054659EA0B0005D072
:1004400009E0A169761C019888470546216A28467B
:1004500088470028F5D1681C03D05FEACA7005D030
:1004600015E04FF0FF3004B0BDE8F09F2068011D9B
:100470002160D0F800800AE05FEACA7001D108F874
:10048000015BA169761C7F1E019888470546002FF5
:100490001ADD681C18D0B9F1000F0DD0E81705EB74
:1004A000D060421120F01F0059F822102A1A0120B2
:1004B00090400142E0D107E0BBF1000FDCD1216A9E
:1004C000284688470028D7D0E16901988847BBF1C2
:1004D000000F07D1002E05DD5FEACA7002D10021AE
:1004E00088F80010A068B84203DDBBF1000F03D00C
:1004F00017B16FF00100B6E73046B4E72DE9FF4FC2
:10050000087883B09946FF2805D0491C2D2804D0CF
:100510000024002008E000200BE00124F9E700EBB4
:10052000800003EB4000491C0B78FF2BF7D104B18E
:10053000404200230293147819461D462D2C01D009
:100540002B2C04D1521C2D2C13D000240294AA462B
:100550001478FF2C0FD00A25A3FB057801FB058139
:100560004FF0000C03FB0C11521CE3194AEB010184
:10057000EEE70124EAE7814453EA010002D019F5CD
:10058000C87F06DA03980021C0E9001107B0BDE872
:10059000F08F0025AE4E2F46DFF8B882184600F0E7
:1005A00071FECDE90001B9F1000002DAC9F10004E1
:1005B00000E004460023A74A1AEB030B42EB045A5F
:1005C00012E0E00707D02A4633463846414600F09D
:1005D000C0FA074688462A4633461046194600F0B8
:1005E000B8FA05460E466410002CEAD1DDE9000198
:1005F000B9F1000F5A46534606DA00F01CFB3A46A2
:10060000434600F018FB05E000F0A3FA3A464346E3
:1006100000F09FFA029A0AB181F00041039AC2E900
:100620000001B3E72DE9FF4F1F468DB0D7E9014622
:100630004FF0FF382E2045464FF000090B90B96966
:100640006D1C0E988847396A824688470028F6D183
:10065000BAF1FF3F0AD024F4D064002E11DDBAF1C4
:100660002B0F08D0BAF12D0F0BD102E0404611B08C
:100670008DE744F48064B9696D1C0E988847824602
:10068000761E6946600501D52D2000E02B208DF8EF
:10069000000001F1010B0DF1200809E0B9696D1CA2
:1006A0000E98884782460F9844F40074761E0560C1
:1006B000002E02DDBAF1300FF0D00B998A453ED101
:1006C00044F0800406E00F99681CA9F1010944F484
:1006D00000740860B9696D1C761E0E9888478246C2
:1006E0003028F0D02BE00B998A4505D1200603D4A1
:1006F00044F08004761E18E0504607F03BFD08B336
:100700000DF11301761E44F400748B4508D2AAF152
:1007100030000BF8010B200607D5A9F1010003E01A
:10072000200602D409F101008146A00502D50F99E7
:10073000681C0860B9696D1C0E9888478246002EB7
:10074000D1DC53E0002E51DDBAF1650F02D0BAF1D1
:10075000450F4BD1A00549D5B9696D1C24F44074EF
:10076000761E0E9888478246002E0CDD2B2804D07A
:10077000BAF12D0F07D144F48074B9696D1C0E983D
:1007800088478246761EE00501D52D2100E02B2109
:1007900008F8011BCDF82C8021E00DF12901761E0F
:1007A00044F4007488450CD2AAF1300010F0FF0028
:1007B00088F8000002D10B99884509D908F1010891
:1007C00006E0E00501D5244801E042F20F708146C1
:1007D000B9696D1C0E98884782460F980560002EF7
:1007E00004DD504607F0C6FC0028D6D1F9690E9802
:1007F0008847FF208BF8000088F800000020069052
:1008000007904B466A4608A906A8FFF777FEA005A1
:1008100002D46FF001002AE714F0240F0AD0E00799
:1008200014D1DDE906123868031D3B600068C0E999
:1008300000120BE0DDE9060100F058FB0146E0077D
:1008400004D13868021D3A600068016028460EE74E
:10085000000014400000F03FF1D8FFFFF0B480EA40
:100860000102D40F4200B2EB410F02D20246084609
:1008700011464A0042D0C30DDDB2C1F3C752AD1AD2
:10088000202D35DAC1F3160141F4000204B15242C1
:10089000C5F1200602FA06F12A411044B3EBD05FFD
:1008A00023D0C4B1012DA0EBC35009DCF0BC4FF044
:1008B000004202EAC352DBB200F5000000F057BC70
:1008C000400000F1807000EBC350A0F1807040EA5E
:1008D000D170490009E0490841EAC071A0EBC3505A
:1008E00000F50000400800EBC350F0BC00F036BC3F
:1008F0006142012202EB4101001BF6E7F0BC7047A8
:1009000081F00041AAE780F00040A7E780EA0102F9
:1009100010B502F00043400022D04A001FD0010E63
:1009200001EB1261C0F35600C2F3560240F400001E
:1009300042F40002A0FB022000047F39140400D01E
:10094000401C50EA124001D44000491EC2B20C06BD
:1009500004EBD010401C4008802A02D003E00020A5
:1009600010BD20F00100002900DA0020184310BD5E
:1009700030B480EA010202F0004530F0004221F07C
:10098000004013D090B1C30DD40DC2F31601C0F3D3
:100990001600E41A41F4000140F400027D34914253
:1009A00001D3641C00E04900002C02DA30BC0020B6
:1009B00070474FF400000023914201D3891A03438A
:1009C00040084FEA4101F7D151B1914202D14FF0B5
:1009D000004105E002D24FF0010101E06FF001019A
:1009E00003EBC450284430BC00F0B8BB420005D033
:1009F000C0F3C7525242914201DC0020704700EB25
:100A0000C15070472DE9FE4F804681EA0300C00FB8
:100A10000C46009021F0004123F00045B8EB0200A5
:100A2000A94105D24046214690461C460B46024647
:100A300023F00040104347D0270DC7F30A00C3F34B
:100A40000A510290401A019040286BDAC3F3130058
:100A500040F4801B0098924620B10023D2EB030A99
:100A600063EB0B0B01985946C0F14002504600F071
:100A7000B4FA06460D4650465946019A00F0CCFAA3
:100A800010EB08006141002487EA115284EAE77301
:100A90001A4340D0009A62B3019A012A4FEA0752E2
:100AA00015DC001B61EB02014FF0004202EA075225
:100AB000CDE90042001C41F5801132462B4600F082
:100AC00093FB03B0BDE8F08F40462146F9E7001BD9
:100AD00061EB0201001C41F5801300185B412018F6
:100AE000A2F5001747EB030140EAD570B6196D4136
:100AF00011E06D084FEA360645EAC0754FEA075225
:100B0000001B61EB0201001C41F5801149084FEA0E
:100B100030000019514132462B4603B0BDE8F04F7A
:100B200000F053BB0098012240000023D0EB0202EA
:100B300063EBE073009821464FEAE074B8EB0000E5
:100B400061EB0401E9E783F000435BE781F00041DA
:100B500058E72DE9FE4F81EA030404F0004421F038
:100B6000004100944FF0000B23F0004350EA0104D1
:100B70005ED052EA03045BD0C3F30A54C1F30A55B2
:100B80002C44A4F2F3340194A0FB0254C1F31301EA
:100B900041F48011C3F3130343F4801301FB0244B7
:100BA00000FB034E840A970A44EA815447EA8357BC
:100BB000A4FB076802958D0A05FB07854FEA932C75
:100BC00004FB0C542705029D4FEA065847EA1637E6
:100BD000B5EB08056EEB070C870E920E47EA8117FE
:100BE00042EA8312A7FB0201B6EB0B0164EB00049F
:100BF0002B0D43EA0C335E1844EB1C50DA46514689
:100C0000E7FB0201C5F313044FEA0B3343EA145325
:100C10004FEA0432019C43EA0603A4F10C04029457
:100C2000009CCDE900B400F0DFFA03B0BDE8F08F1E
:100C300000200146F9E72DE9F04D81EA030404F0B4
:100C4000004B21F0004514464FF0000A23F000410C
:100C500050EA050220D054EA01021DD0C5F30A571C
:100C60000246C5F31303C1F31300C1F30A5640F45F
:100C7000801543F48013A7EB0608101BD64608F234
:100C8000FD3873EB050002D308F1010801E092186A
:100C90005B41B8F1000F03DA00200146BDE8F08D9A
:100CA00000204FF48011064684460EE0171B73EBBC
:100CB000050705D3121B63EB050306434CEA010C41
:100CC00049084FEA300092185B4150EA0107EDD124
:100CD00052EA030012D082EA040083EA05010843C5
:100CE00005D0101BAB4106D20122002306E00022F2
:100CF0004FF0004302E06FF0010253101AEB0600C0
:100D00004CEB085110EB0A0041EB0B01BDE8F04D34
:100D100000F05BBA70B521F0004303430CD0C1F37F
:100D20000A550024D5EB040564EB0403D617AD1A6D
:100D3000B34102DB0020014670BD201841EB025197
:100D400070BDC10F80EAE0700844CA0796230021F5
:100D500000F00DBA96230022114600F008BA0EB535
:100D6000C10F80EAE0700844CA07002140F2334313
:100D70008DE80E000A460B4600F036FA03B000BDBF
:100D80000EB540F2334102910021CDE900110A462F
:100D90000B4600F029FA03B000BD00F0004220F03D
:100DA0000040C10DC0F3160040F400007F2901DAB5
:100DB00000207047962903DCC1F19601C84001E08C
:100DC00096398840002AF4D04042704720F0004015
:100DD000C10DC0F3160040F400007F2901DA0020A5
:100DE0007047962903DCC1F19601C84070479639D7
:100DF0008840704770B5C1F30A5201F000450024E5
:100E0000C1F3130140F2FF3341F480119A4201DA39
:100E1000002070BD40F233439A42A2F2334203DC19
:100E2000524200F0E9F800E090402C43F1D04042FB
:100E300070BDC1F30A5210B5C1F3130140F2FF3384
:100E400041F480119A4201DA002010BD40F2334390
:100E50009A42A2F2334203DC524200F0CDF810BDB8
:100E6000904010BD00F0004230F000400AD0C10DAB
:100E700001F56071C0F3160042EA0151C208400753
:100E800011437047002001467047000030B5041E32
:100E900071F1000404DB4FF00044404264EB0101B7
:100EA000141E73F1000405DB1C464FF00043524250
:100EB00063EB04038B4208BF824230BD30B5041E91
:100EC00071F1000404DB4FF00044404264EB010187
:100ED000141E73F1000405DB1C464FF00043524220
:100EE00063EB0403994208BF904230BD01F0004318
:100EF00030B421F0004150EA010206D00A0DA2F5FB
:100F00006072C1F31301002A02DC30BC002070477C
:100F1000440F44EAC104C100E01830BC00EBC250E9
:100F200000F01CB9002801DBC0F10040002901DB02
:100F3000C1F1004181427047002801DBC0F100404F
:100F4000002901DBC1F100418842704730B50B46F2
:100F5000014600202022012409E021FA02F59D42E9
:100F600005D303FA02F5491B04FA02F52844151EBD
:100F7000A2F10102F1DC30BD2DE9F05F0546002051
:100F800092469B4688460646814640241BE02846FA
:100F900041464746224600F02FF853465A46C01AAB
:100FA000914110D311461846224600F016F82D1A2A
:100FB00067EB01084F4622460120002100F00DF8A2
:100FC00017EB00094E41201EA4F10104DFDC484666
:100FD00031462A464346BDE8F09F202A04DB203AEA
:100FE00000FA02F1002070479140C2F1200320FA7C
:100FF00003F3194390407047202A04DB203A21FA7A
:1010000002F00021704721FA02F3D040C2F1200221
:101010009140084319467047202A06DBCB17203A37
:1010200041FA02F043EAE07306E041FA02F3D040ED
:10103000C2F1200291400843194670473A2800D275
:10104000303820F02002412A01D3A2F13700884233
:1010500001D34FF0FF3070470268114413780160EC
:1010600018467047D160044951610449116200215A
:101070001161114600F042B959100008F112000840
:10108000426842B1016811F8013B23B1521EC0E928
:101090000012184670470121C160881E70474268DF
:1010A0005AB1C368016843B983688B4205D0491EB1
:1010B000521CC0E90012002070474FF0FF3070470B
:1010C0000FB4002300B589B00CA900910B996FF003
:1010D0000042CB601E4B06931E4B07930423CDE9C1
:1010E00001321D4A089202466B460020FFF79AFA29
:1010F00009B05DF814FB70B586B006464FF0FF30BE
:101100000091CDE90101002015460C4604903246BD
:10111000694604A8FFF7D4FF02460498211825B1B8
:1011200008B1084600E020462860049800280DD049
:10113000002A02DD0098884208D0081B0094CDE9FF
:1011400001043246694604A8FFF7BAFF06B070BD35
:10115000811000089F100008F11200080029A8BFA4
:101160007047401C490008BF20F00100704710B4D0
:10117000B0FA80FC00FA0CF050EA010404BF10BC85
:10118000704749B1CCF1200421FA04F411FA0CF1B2
:1011900018BF012121430843A3EB0C01CB1D4FEAEB
:1011A00000614FEA102042BF002010BC704700EBE6
:1011B000C35010440029A4BF10BC7047401C490014
:1011C00008BF20F0010010BC704710B5141E73F169
:1011D000000408DA401C41F1000192185B411A43F7
:1011E00001D120F0010010BD2DE9F04D92469B4643
:1011F00011B1B1FA81F202E0B0FA80F220329046E9
:10120000FFF7EBFE04460F4640EA0A0041EA0B01F5
:1012100053465A46084313D0114653EA010019D0E9
:10122000C8F140025046FFF7E7FE05460E4650461D
:1012300059464246FFF7D1FE084305D0012004E09D
:1012400020463946BDE8F08D0020054346EAE076A9
:101250002C4337430A986305E40AA0EB08000022F8
:10126000FD0A44EA47540A3002D500200146E9E766
:10127000010510196941DDE9084500196941BDE81A
:10128000F04DA2E70EB540F2334202920022CDE9C2
:1012900000221346FFF7A8FF03B000BDC1F30A52B6
:1012A000C1F3130140F2FF3341F480119A4202DA94
:1012B00000200146704740F233439A42A2F2334283
:1012C00002DC5242FFF798BEFFF787BE064C074D7F
:1012D00006E0E06840F0010394E807009847103406
:1012E000AC42F6D3FEF728FF90D90008B0D9000829
:1012F000C0B24FF4F05100F0EBB900002DE9F34F0C
:101300008BB04FF0000801F10C000C464FF0010BC0
:1013100046460DF1080A0190626901210198904743
:10132000051E2DD0252D2CD0216A8847C0B16269B9
:10133000012101989047216A88470028F7D1411E72
:1013400062690198904700E0761CA1690B98884774
:10135000216A88470028F7D1E1690B988847DBE7C5
:10136000A1690B9888470746A84201D1761CD3E7AC
:10137000E1690B9888477F1C02D1B8F1000F6FD04C
:1013800047E1002762693D463946019890472A287F
:1013900004D162690121019890470125DFF8889204
:1013A0006269012101989047A0F130010A290AD20F
:1013B0004F45E5DC07EB870100EB4107303FDFD409
:1013C00045F01005ECE7E90601D46FF000476C2802
:1013D0000AD04C2814D0682815D06A280DD074285B
:1013E0001CD07A281AD01DE062690121019890472B
:1013F0006C2802D045F0040514E045F002050DE02C
:1014000045F020050AE062690121019890476828AB
:1014100002D045F0080505E045F400656269012148
:1014200001989047C4E9015765283DD019DC582838
:101430007AD00CDC452837D004DC252826D041287A
:1014400031D131E046282FD047282CD12CE05B2821
:1014500077D0612828D063287CD0642823D15AE033
:10146000D1E06F2848D008DC66281DD067281BD043
:10147000692821D06E2816D127E0702845D073281E
:1014800068D0752847D078280DD14DE0A1690B9818
:101490008847054625283FF469AFE1690B988847DE
:1014A0006D1C3FF46AAFB4E023466A466FF001005A
:1014B0000B99FFF7B7F89FE045F040006060A80780
:1014C00023464FF0000236D43EE0E8077FF447AFF2
:1014D0002068011D21600068290501D506701BE701
:1014E000290701D5068017E7A90703D5F117C0E939
:1014F000006111E706600FE745F040006060A80753
:1015000023464FF0080216D41EE040F60E0125EAED
:101510000100606016E045F040006060A8072346C7
:101520004FF00A0207D40FE045F040006060A807C2
:1015300008D5234610226FF001000B99AFF300800D
:101540005AE007E0234610226FF001000B99FEF7E6
:10155000BFFE51E04FF000094F464B46632802D0D2
:101560005B2807D041E02079C00601D40120A060AB
:1015700001273AE062690121019890475E2805D170
:101580004FF001096269494601989047216939B9CC
:1015900000210A46534643F82120491C0829FADB5A
:1015A000B0B3216969B9C11700EBD16253110AEBDD
:1015B000830122F01F02821A01200B68904003432E
:1015C0000B6062690121019890475D28E8D1B9F16B
:1015D000000F09D00020514651F82020D24341F895
:1015E0002020401C0828F7DB02AB224600976FF052
:1015F00001000B99FEF712FF00280CDA401C08D1FD
:10160000BBF1000F05D04FF0FF300DB0BDE8F08FFB
:10161000FFE74046F9E7E90701D108F10108064470
:101620004FF0000B78E60000CCCCCC0C2DE9F04D4F
:1016300000231A461B1A8A4103DB00200146BDE83D
:10164000F08DC1F30A52C1F3130141F480154FF03C
:10165000000BD10702D100186D41521E002704462D
:1016600040F2FF11384601EB620A3E4680460246D0
:1016700000204FF48011FFF7BFFCC2197141BB1865
:1016800046EB0100B4EB030C75EB000C04D3E41A39
:1016900065EB000517460E46241908F101006D415F
:1016A00080463428E3DDF91946EB0600091BA84102
:1016B00003D24FF0FF32134601E0002213461BEB2A
:1016C000070046EB0A51BDE8F04DFFF77EBD000074
:1016D0007F2801D9002208E0064A02EB5002C00729
:1016E000127800D1120902F00F0201209040084048
:1016F0007047000060D8000870B58C1810F8015BC6
:1017000015F0070301D110F8013B2A1106D110F89A
:10171000012B03E010F8016B01F8016B5B1EF9D19E
:101720002B0705D40023521E0DD401F8013BFAE724
:1017300010F8013BCB1A921C03E013F8015B01F88F
:10174000015B521EF9D5A142D8D3002070BD0029FB
:1017500004D0816841F0010181607047816821F007
:10176000010181607047000010B5154988420AD117
:1017700044150121204603F033FF2046BDE8104008
:10178000002103F02DBF0F4988420AD10415012121
:10179000204603F025FF2046BDE81040002103F05D
:1017A0001FBF094988420AD10121CC03204603F01A
:1017B00017FF2046BDE81040002103F011BF10BD07
:1017C0000024014000280140003C01400146002067
:1017D0008968490700D501207047C06C80B2704706
:1017E0000246002012680A4200D0012070470146DC
:1017F00000208968090700D50120704710B54268AC
:101800000E4B1A400C790B6842EA042213434360E2
:1018100082680B4B1A40D1E9024323434C7942EAD8
:10182000440213438360C26A22F47002097C491E99
:10183000C9B242EA0151C16210BD0000FFFEF0FFD3
:10184000FDF7F1FF70B5072609290AD9C568A1F18E
:101850000A0404EB4404A640B543A3401D43C560FD
:1018600007E0056901EB4104A640B543A3401D43D1
:1018700005611F23072A09D2446B521E02EB820224
:1018800093409C4391400C43446370BD0D2A09D2A0
:10189000046BD21F02EB820293409C4391400C43A5
:1018A000046370BDC46A0D3A02EB820293409C430C
:1018B00091400C43C46270BD816841F008018160B1
:1018C0007047002904D0816841F4A001816070470D
:1018D000816821F4A00181607047816841F00401B2
:1018E0008160704770B51948194A0188C1F1A0019B
:1018F0001181038943F2C8218B4200D901810189FA
:1019000041F66410401A00B25081124D124C002270
:1019100049B100F57A6041F27D51884206D301F069
:10192000D9FA206003E022602A6070BD226005F0D1
:1019300037FF286009492068884201DD216070BDB9
:1019400007498842FBD9216070BD000006030020D2
:1019500010030020300000202C0000200000F04187
:101960000000F0C170B50C4800240C4E40680C4DCE
:10197000FA280CD20B483060012009F0C5FF346012
:1019800009482860012009F0BFFF2C6070BD07489E
:1019900030602C6070BD0000C40000202C000020CE
:1019A00030000020000020C10000E1430000704131
:1019B0000D490878002803D00B2801D00C2809D144
:1019C0000A484068002805D0A0F115024F2A02D22B
:1019D0000B2008707047F1383B2802D20C200870A9
:1019E000704700200870704786010020C400002066
:1019F00008B50121102003F0E5FD4FF47070ADF83B
:101A0000000018208DF8030003208DF802006946BD
:101A1000014801F09FFA08BD0010014070B588B080
:101A200004460D460121480303F0CCFD244E304608
:101A300005F0FEF9641EADF81840ADF8145000240E
:101A4000ADF81A40ADF8164005A9304605F0BEFCC9
:101A50006020ADF804000120ADF80600ADF80A40A2
:101A6000ADF80C4001A9304605F068FB01A93046ED
:101A700005F0AEFB01A9304605F0F8FB01A93046A0
:101A800005F03CFC0121304605F0C4F90821304640
:101A900005F098FB0821304605F0DEFB08213046B2
:101AA00005F026FC0821304605F05CFC012130469B
:101AB00005F092F90121304605F0A0F908B070BD9B
:101AC0000034014070B504460D4616480068FFF723
:101AD00038F92146FEF714FF044685F00040124E07
:101AE0003169FEF713FF1149FEF742FF0546104921
:101AF000F068FEF73DFF2146FEF708FF2946FEF796
:101B0000FFFEFFF74AF90B490978032908D1FFF7CF
:101B100018F93168FEF7FAFEBDE87040FFF73DB9ED
:101B200070BD000028000020380100200000C842DD
:101B30000000C8C2F101002070B54FF47A740C4D5A
:101B40000146072301222846FFF77CFE0121284693
:101B5000FFF7B7FE02212846FFF742FE10B9641EC8
:101B6000A4B2F7D22846BDE87040FFF736BE0000A9
:101B70000024014030B587B001214FF4017003F01B
:101B800021FD4FF4004003F0F7FC2020ADF80400E5
:101B900000248DF8074001A9164801F0DBF9164D25
:101BA0002846FFF7E1FD02948DF80C408DF80D40BA
:101BB0004FF460210491059401218DF8181002A9B9
:101BC0002846FFF71BFE01212846FFF7C0FD2846E7
:101BD000FFF772FE2846FFF70AFE0028FAD12846D2
:101BE000FFF77BFE2846FFF7F1FD0028FAD107B08A
:101BF00030BD00000008014000240140FEE7000065
:101C000010B503F051FD0020054A02F5807132F84D
:101C10001030DB080B54401C8028F8DB014810BD55
:101C2000D8050020D80600202DE9F04F8DB0334CA8
:101C3000606801285ED1324800680C903148D0F8C5
:101C40000080324830490068FEF792FE0646206167
:101C50002F48076867612F480068FFF791F8002256
:101C60002D4BFEF7E8FFFFF741F9044650212B48C2
:101C7000FEF7C6FA29482AA10968016029480068C8
:101C8000FFF7F0F882468B462046FFF7EBF8044654
:101C90000D463846FFF7E6F8CDE90A013046FFF772
:101CA000E1F806460F464046FFF7DCF880468946D5
:101CB0000C98FFF7D7F806AAA2E8300CDDE90A2352
:101CC000CDE90089CDE9042302460B46CDE9026740
:101CD00015A1124806F0E0F8104850215030FEF7E8
:101CE0008FFA0DB00D49BDE8F04F502201F15000C0
:101CF000FEF76DBA0DB0BDE8F08F00008401002042
:101D000030010020340100200000C84224000020DF
:101D100010000020C80000200000244064090020BA
:101D2000244C56002C010020244C5625332E3266BC
:101D30002C525625332E32662C414325332E3266E3
:101D40002C475925332E32662C43534225332E32ED
:101D5000662C565425332E32662300002DE9F041BF
:101D6000144E154F1548B2690025154C4FF400610B
:101D7000BA4204DB2560BDE8F04101F074B9114BB3
:101D80009A4202DC01F071F908E00F4B9A4202DC42
:101D900001F069F902E001F066F92560F0690328B5
:101DA00003DA0A482060BDE8F08101DD2760FAE728
:101DB0002560F8E7300300200000E14300080140FF
:101DC00030000020000048430000BE430000E1C393
:101DD0002DE9F0472E4C2068FEF7BCFF8046D4F872
:101DE0003804FEF7B7FF8146D4F86801FEF7B2FF6A
:101DF0000146284C284E294FE0780025062810D2AD
:101E0000DFE800F003151D252D402548A8F5000842
:101E1000804508D235603D600A2007F0F3FA0120C2
:101E2000E070BDE8F0871F4830603D60F9E708F0DA
:101E300015FB0028F5D1E078401CE070F1E71A4866
:101E400030603D60642007F0DDFA0320E07008F0A8
:101E500005FB0028E5D1E078401CE070E1E748464A
:101E6000FFF76AF806D8356010483860642007F03C
:101E7000C9FA05E035600E483860642007F0C2FA00
:101E80000520E07008F0EAFA0028CAD1E570C8E73A
:101E9000500D0020300300202C00002030000020D6
:101EA00000002F430000A041000070C10000E1C30A
:101EB0000000E1432DE9F0411C4D2868FEF74AFF80
:101EC0000446D5F8EC04FEF745FF0646D5F8B40005
:101ED000FEF740FF0346164FA4F500050020154904
:101EE000154ABD4204D2154B0B601060BDE8F0816D
:101EF000134D144F2544BD4203D2134B0B601060A9
:101F0000F4E7124F124DBE4205DAAC4203DD086021
:101F100010481060EAE7BB4205DAAC4203DD086016
:101F20000D481060E2E708601060DFE7500D002008
:101F3000000082422C00002030000020000070C110
:101F4000FFFF5FBCFFFF4000000070410000AA439C
:101F500000007A430000E1C30000E1432DE9F047AF
:101F600049480068FEF7F6FE484C00254FF001088E
:101F70002379072B0FD301230022022144A002F072
:101F800058FA012002F098F80028FAD0257184F858
:101F90000580BDE8F0873D4AA0F5000CDFF804910C
:101FA0004148424E424F12784FF40061CC450ED268
:101FB000012AEED101F059F83068E06238682063F8
:101FC00035603D60257008F049FA2081E1E742B1B3
:101FD0003848082BDDD2DFE803F0111D25313942E6
:101FE0004A54E26A3260226B3A6001F03CF884F8AD
:101FF00000802089BDE8F04709F070BF2E490160DC
:102000002E4830603D60C82007F0FCF92079401C64
:102010002071BEE708F022FA0028BAD12079401CCE
:102020002071B6E7264901603560264838603F20B8
:1020300007F0E8F92079401C2071AAE708F00EFAB1
:102040000028A6D12079401C2071A2E735603D60B0
:102050001E2007F0D7F92079401C207199E708F07D
:10206000FDF9002895D12079401C207191E7607915
:10207000082803D2401C607125718AE7072020716F
:1020800087E735603D6084E7500D00203003002075
:10209000706174726F6C20707574206B657931207B
:1020A0002020200000001643000801402C000020E2
:1020B000300000206401002000008C4200007041CC
:1020C00000000C420080A2442DE9F041374881789D
:1020D00001292ED100278770354936A0FEF7C0F8B8
:1020E000364C374D012630B3314936A0FEF7B8F8EB
:1020F00078B32F4935A0FEF7B3F8374C50B32C49CD
:1021000036A0FEF7ADF8A0B3294937A0FEF7A8F82E
:1021100000280ED10024C5F8AC61142007F06AF93C
:10212000C5F8AC71142007F065F9641CE4B2032C07
:10213000F1D3BDE8F081C5F8AC61142007F05AF97D
:10214000C5F8AC712A482060022009F0DDFB276049
:10215000EFE700E00EE0C5F8AC61142007F04AF9A3
:10216000C5F8AC7123482060022009F0CDFB276040
:10217000DFE70DE0C5F8AC61142007F03BF9C5F8C6
:10218000AC711D482060012009F0BEFB2760D0E73C
:10219000C5F8AC61142007F02DF9C5F8AC711748EB
:1021A0002060012009F0B0FB2760C2E70003002097
:1021B000280B0020676F6261636B00002C00002019
:1021C00000002142676F6168656164007475726E1A
:1021D0006C65667400000000300000207475726E3B
:1021E000726967687400000062757A7A657200002F
:1021F000000070C1000070410000C8C30000C84367
:1022000070B522488178012921D1002484702049A9
:1022100020A0FEF725F8D8B11D491FA0FEF720F831
:102220001E4D10B31A491EA0FEF71AF800280ED151
:102230000123002203211BA002F0FBF81C482860A8
:10224000012009F061FB012009F05EFB2C6070BDEC
:1022500001230022032117A002F0EBF8184D012002
:10226000286009F051FB2C6070BD0123002203217E
:1022700014A002F0DEF816482860012009F044FBA3
:10228000012009F041FB2C6070BD0000000300201C
:10229000280B002036000000320000003000002033
:1022A000330000006E756D3A3321202000000000DD
:1022B0000000C8436E756D3A3621202000000000F2
:1022C000AC0121426E756D3A3221202000000000E1
:1022D0000000C8C32DE9F0411D488178012921D1B2
:1022E000002484701B491CA0FDF7BAFFDFF86C8046
:1022F0001B4DC8B117491BA0FDF7B2FF1A4E1B4F6B
:10230000C8B114491AA0FDF7ABFF00280AD1C6F8DE
:102310000080012009F0F8FA34602F60012009F0F4
:10232000F3FA2C60BDE8F081C5F80080022009F0C6
:10233000EBFA2C60F6E70F483060012009F0E4FA70
:1023400034602F60012009F0DFFA2C60EAE700001A
:1023500000030020280B0020310000000000C843CB
:102360002C000020320000003000002000007041EE
:10237000330000000000C8C32DE9F04107460846BD
:102380000B4E0C4C2168FEF7C1FA216BFEF766FA82
:1023900001460948FEF7BAFA054631463846FEF7C7
:1023A000B5FA2946FEF75AFA2063BDE8F08100002D
:1023B0000AD7A33C2C02002048E17A3F2DE9F041E6
:1023C000074608460B4E0C4C2168FEF79FFA216E1B
:1023D000FEF744FA01460948FEF798FA05463146E9
:1023E0003846FEF793FA2946FEF738FA2066BDE82C
:1023F000F08100000AD7A33C2C02002048E17A3F7C
:10240000072181430902054A10684FF6FF0318406F
:10241000034B184308431060704700000CED00E0C8
:102420000000FA0508B5002000906B4601227521D6
:10243000682008F09DF829A005F01EFD9DF8000019
:10244000682809D02E4801682E4A01F4E061114342
:102450000160BFF34F8FFEE708F03CFC00283CD141
:10246000782009F079F910B91CA005F005FD782055
:1024700008F03CFB10B924A005F0FEFCC82009F0D0
:1024800029F910B92AA005F0F7FC07F037F910B9BF
:1024900031A005F0F1FC3D4808F00AF907F03CFBDB
:1024A00010B93BA005F0E8FC40F2731006F0E6FF1F
:1024B00010B941A005F0E0FCC82007F071FA10B98E
:1024C00047A005F0D9FC09F091FC012009F01AF8A9
:1024D000002802D14BA005F0CFFC08BD6D70755FE0
:1024E0007365745F73656E736F7220636F6D706C6C
:1024F000657465202E2E2E2E2E2E0D0A0000000053
:102500000CED00E00400FA056D70755F636F6E6698
:1025100069677572655F6669666F20636F6D706C61
:10252000657465202E2E2E2E2E2E0D0A0000000022
:102530006D70755F7365745F73616D706C655F72EC
:1025400061746520636F6D706C657465202E2E2E2E
:102550002E2E2E0D0A000000646D705F6C6F61649A
:102560005F6D6F74696F6E5F6472697665725F66C6
:1025700069726D7761726520636F6D706C657465EB
:10258000202E2E2E2E2E2E0D0A0000008C00002054
:10259000646D705F7365745F6F7269656E7461748A
:1025A000696F6E20636F6D706C657465202E2E2EC2
:1025B0002E2E2E0D0A000000646D705F656E616244
:1025C0006C655F6665617475726520636F6D706CB4
:1025D000657465202E2E2E2E2E2E0D0A0000000072
:1025E000646D705F7365745F6669666F5F72617456
:1025F0006520636F6D706C657465202E2E2E2E2EF7
:102600002E0D0A006D70755F7365745F646D705F89
:10261000737461746520636F6D706C657465202ED2
:102620002E2E2E2E2E0D0A0070B5174B2428197849
:1026300000D1B1B1012926D10024232819D02428A2
:1026400021D05978114D4A1CD2B25A706854142ABC
:1026500019D95C701C702846BDE870401421FDF744
:10266000CFBD01201870BDE8704014210748FDF768
:10267000C7BD1C705C7000F035FFBDE870401421D0
:102680000248FDF7BDBD70BD040300203C0B0020D7
:1026900030B4164B01222428197800D129B1012920
:1026A00021D10024232806D008E01A7030BC142160
:1026B0000F48FDF7A5BD1C705C709A701978012950
:1026C00011D124280FD05978094D4A1CD2B25A7022
:1026D0006854142A07D95C701C709C70284630BC62
:1026E0001421FDF78DBD30BC7047000000030020B1
:1026F000280B002030B4164B01222428197800D171
:1027000029B1012921D10024232806D008E01A701C
:1027100030BC14210F48FDF773BD1C705C709A70BB
:102720001978012911D124280FD05978094D4A1C54
:10273000D2B25A706854142A07D95C701C709C700D
:10274000284630BC1421FDF75BBD30BC704700004B
:1027500000030020280B002030B4164B012224284F
:10276000197800D129B1012921D10024232806D0CC
:1027700008E01A7030BC14210F48FDF741BD1C70F1
:102780005C709A701978012911D124280FD05978DA
:10279000094D4A1CD2B25A706854142A07D95C7089
:1027A0001C709C70284630BC1421FDF729BD30BC3C
:1027B0007047000000030020280B00202DE9F041A5
:1027C000234CA4F5E953D87800EB40050020197894
:1027D0005A7841EA022121809978A170D978E17074
:1027E00019795A7941EA0221A1809979DA7941EA85
:1027F0000221E180197A5A7A41EA022121810021DD
:1028000010E05A1804EB8007967A7E81D67A127B04
:1028100046EA0226024604EB8202401CC0B29681C0
:10282000C91C89B2A942ECD3204604F026FE30B17F
:102830002046BDE8F04140F2AA51FDF7E1BC054950
:1028400001204870BDE8F04101020348FDF7D8BC03
:102850007029002028030020500C002010B50D49DD
:102860004FF48074224601F58070FDF7B0FC2146DC
:102870000848FDF7C5FCFFF7A1FF0748417801298B
:1028800006D100214170BDE81040044800F0BABEF6
:1028900010BD0000500B00202803002070290020EC
:1028A000704701B508E00020401CC0B20A28FBD3E5
:1028B0009DF80000401E00909DF800000028F2D115
:1028C00008BD000070B5FEF71EF80646094D3046FB
:1028D000A96AFEF715F80849FEF718F804464FF004
:1028E00040413046FEF712F82146FEF709F8AE6285
:1028F00070BD0000300300200000404170B5FEF7BD
:1029000002F80C4C054660632846E16BFDF7F8FFC2
:102910000949FDF7FBFF06464FF040412846FDF709
:10292000F5FF3146FDF7ECFF0146A063E56308467D
:1029300070BD000030030020000040410020401C1A
:102940000A28FCDB704700002DE9F04F87B0824871
:10295000006800287ED181494FF480500860804D86
:10296000688808B1401E6880DFF8F8B14FF00009B0
:102970009BF80000042812D005281BD006281CD084
:1029800012281DD013282CD008282FD0092830D089
:10299000102831D0112832D00E2833D034E0687896
:1029A000401CC0B2687014282ED985F8019001F03F
:1029B000F7FF29E003F0FCFD26E003F0F9FD23E03A
:1029C0002878401CC0B2287004281DD985F80090D2
:1029D00003F0E6FDFFF714F96349086006F0B4FC64
:1029E00012E007F0CBFA03F035FF0DE003F0F0FD45
:1029F0000AE0FEF777FF07E001F088FB04E001F052
:102A0000CDFB01E000F012FD5848007800F064FBB7
:102A1000002002F059FF0690012002F055FF4042CD
:102A20000590DDE9051000F063FE9BF80000142816
:102A300001D102F0F5FF4E48DFF838810168D8F87F
:102A40000000FFF73FF80490DDE9051005F06EF98E
:102A5000824600E07CE09BF80000474905282CD026
:102A600006282AD012282DD0132830D0082833D099
:102A7000086804F035FE04460498404F00EB0A0154
:102A8000081938603E4E091B316002F0FBF93860CE
:102A9000306802F0F7F930603A4A3868514202F083
:102AA000FAF93860374A3068514202F0F4F9306080
:102AB0009BF80010142914D01DE0086804F04EFDA6
:102AC0000446D9E7086804F0F5FC0446D4E7086832
:102AD00004F018FD0446CFE7086804F0A9FD044699
:102AE000CAE739680290CDE90041DDE90421534687
:102AF000069802F0CDFF9BF8000008B1142814D10D
:102B00002148DDE90532D8F80010006802F0CCF960
:102B10001E4C08B101202070DDE90521D8F8000025
:102B200002F0F0FC08B184F800902969D8F80000A0
:102B300004F0A6FD18B93168386803F013FE9BF85D
:102B40000000142804D107B0BDE8F04F02F0E8BF40
:102B500007B0BDE8F08F00003001214214040140AD
:102B60001C010020F10100200800002000000020CE
:102B7000100000200C00002014000020180000208D
:102B80001C000020D8F5FFFF2400002004000020D6
:102B900030B51B4A83790168002B2AD013688B4318
:102BA0001360111D0B680468A3430B600179114485
:102BB0000B68046823430B60114C083421680368D8
:102BC00099432160231D19680568A943196041795B
:102BD000102905D011440A68006802430A6030BD1C
:102BE0002168026811432160196800680143196077
:102BF00030BD0079104402688A43026030BD000095
:102C00000004014010B588B020216846FDF7F8FAAD
:102C1000134C14A168466369226805F03DF901234D
:102C200000221946684601F004FCD4E9012312A1F0
:102C3000684605F031F9012300220221684601F0BF
:102C4000F8FBD4E9032311A1684605F025F9012317
:102C500000220321684601F0ECFB08B010BD000023
:102C6000CC000020736561743A256420204D4944EE
:102C70003A256420202000004C313A256420204C65
:102C8000333A2564202020202000000052313A25CC
:102C900064202052333A25642020202020000000A8
:102CA00010B588B00121022002F070FC012104203F
:102CB00002F088FCC020ADF8040004208DF8070065
:102CC00001A91C4800F046F905A804F0CDFB00203E
:102CD000ADF814004FF6FF71ADF81810ADF81A00FA
:102CE000ADF81600144C05A9204604F06FFB002334
:102CF0001A460321204604F0A3F902A804F00CFAB6
:102D00000A21ADF8101002A9204604F0BFF90121F4
:102D1000204604F06DF801221146204604F004FA22
:102D20000021204604F028FB0121204604F066F82B
:102D300008B010BD000801400004004010B588B084
:102D40000121042002F022FC0121082002F03AFCBB
:102D5000C020ADF8040004208DF8070001A91C482C
:102D600000F0F8F805A804F07FFB0020ADF814008F
:102D70004FF6FF71ADF81810ADF81A00ADF8160057
:102D8000144C05A9204604F021FB00231A46032118
:102D9000204604F055F902A804F0BEF90A21ADF866
:102DA000101002A9204604F071F90121204604F018
:102DB0001FF801221146204604F0B6F900212046F2
:102DC00004F0DAFA0121204604F018F808B010BD2A
:102DD000000C01400008004070B53C4B18880646C6
:102DE0003B4C05256580618833F81120824200D371
:102DF0001046491C89B261807B29F4D3A681658085
:102E00006188A68933F81120B24200D8A281491CFA
:102E100089B261807B29F3D3A1890844C0F34700BC
:102E200060706580618833F8112082421BD94A1C8A
:102E300033F81220824216D98A1C33F812208242BB
:102E400011D9CA1C33F8122082420CD20A1D33F861
:102E50001220824207D24A1D33F81220824202D247
:102E60006188E18004E0491C89B261807629D9D368
:102E70007621A180A18833F8112082421BD24A1CFE
:102E800033F81220824216D28A1C33F81220824272
:102E900011D2CA1C33F8122082420CD90A1D33F811
:102EA0001220824207D94A1D33F81220824202D9E9
:102EB000A088208104E0491E89B2A1800529D9D8C3
:102EC0002089E18808444008207070BDD8050020A2
:102ED000E40000202DE9F041104FB7F90A603E8070
:102EE000B7F90200301AFDF73AFFDFF834800D4BD6
:102EF0004246FDF72EFE04460D463046FDF72FFFF5
:102F00004246094BFDF725FE22462B46FDF77AFD8A
:102F1000FDF7ECFF7E80BDE8F0810000100300208B
:102F2000FCA9F1D24D62403F4D62503F10B58A0777
:102F3000120F0F23934021F00304054921448C68AC
:102F40009C438C608B68904003438B6010BD0000F5
:102F5000000001402DE9F0410022CC7804F00F037D
:102F6000E40601D58C7823430C784FF00F0714F05A
:102F7000FF0F4FF0010C1CD005680CFA02F40E880C
:102F80002640A64211D1960007FA06F825EA080560
:102F900003FA06F848EA0505CE78282E02D0482E16
:102FA00002D002E0446100E00461521C082AE4D32C
:102FB00005600A88FF2A1ED94568002202F108062A
:102FC0000CFA06F40E882640A64210D1960007FAA5
:102FD00006F825EA080503FA06F848EA0505CE785A
:102FE000282E00D14461CE78482E00D10461521CB5
:102FF000082AE3D34560BDE8F0810000F0B5154C28
:10300000002801DAE36900E06368C0F30346420D7B
:10301000120185B2C0F301579540032F07D0C202B9
:103020000CD50322B240934343F0706209E023F0D1
:103030007062636823F07063636002E0AB4343F047
:10304000706201B12A43002801DAE261F0BD6260DA
:10305000F0BD0000000001400246002092680A42D4
:1030600000D0012070474161704701617047000046
:1030700010B50B4C0146072301222046FEF7E2FB68
:1030800001212046FEF71DFC02212046FEF7A8FB89
:103090000028F9D02046BDE81040FEF79EBB000096
:1030A0000028014010B50B4C0146072301222046A1
:1030B000FEF7C8FB01212046FEF703FC0221204653
:1030C000FEF78EFB0028F9D02046BDE81040FEF741
:1030D00084BB0000002801402DE9F04F8DB004466C
:1030E00002F008FCBB490860DFF8ECB2BB4E012CD3
:1030F0007ED04421D02000F068FB04464321D0203C
:1031000000F063FB04EB0020FDF724FE0746462198
:10311000D02000F05AFB04464521D02000F055FB9A
:1031200004EB0020FDF716FE81464821D02000F078
:103130004CFB04464721D02000F047FB04EB002065
:10314000FDF708FE05463C21D02000F03EFB04467A
:103150003B21D02000F039FB04EB0020FDF7FAFD05
:1031600082463E21D02000F030FB04463D21D02095
:1031700000F02BFB04EB0020FDF7ECFD8046402126
:10318000D02000F022FB04463F21D02000F01DFBA0
:1031900004EB0020FDF7DEFD0446B7F18E4F05DDA0
:1031A0004FF08F413846FDF7ABFB0746B9F18E4F24
:1031B00005DD4FF08F414846FDF7A2FB8146B5F192
:1031C0008E4F05DD4FF08F412846FDF799FB0546F0
:1031D000BAF18E4F05DD4FF08F415046FDF790FB61
:1031E0008246B8F18E4F07DD4FF08F41404600E038
:1031F0005FE0FDF785FB8046B4F18E4F05DD4FF0B3
:103200008F412046FDF77CFB044687F00040CBF859
:1032100000005046FDF726FEDFF8C4A1DFF8C4B178
:10322000CDE90B1052465B46FDF705FDFDF75EFE4E
:1032300002904046FDF716FECDE9091052465B4666
:10324000FDF7F9FCFDF752FE01902046FDF70AFE5E
:10325000CDE9071052465B46FDF7EDFCFDF746FE53
:1032600000903846FDF7FEFDDFF87C81CDE90510C2
:103270004FF066373A464346FDF7DDFCFDF736FE74
:1032800082464846FDF7EEFDCDE903103A46434637
:10329000FDF7D1FCFDF72AFE80465448544FDFF875
:1032A00054B10078DFF8509102281ED0032843D093
:1032B00087E002F031FA514831680160504CB4F9AE
:1032C0000000FDF73EFDCBF80000B4F90400FDF767
:1032D00038FD4C4908604C48B0F90400FDF731FD59
:1032E0004A4908600DB0BDE8F08FDDE900108AF0B2
:1032F000004200F069FCFDF7B5FD3A465B46FDF77C
:103300009AFC00224B46FDF724FCFDF7EFFD3060F0
:1033100042460099029800F085FDFDF7A3FD3A466C
:103320005B46FDF788FC00224B46FDF712FCFDF7DB
:10333000DDFD3749086044E0DDE90732DDE90910C9
:1033400005F032FD00224B46FDF703FC3A465B4692
:10335000FDF771FCFDF7CAFD8046DDE90732DDE9C6
:103360000B1005F021FD00224B46FDF7F2FB3A461B
:103370005B46FDF760FCFDF7B9FD0746DFF894A05A
:10338000DDE905104FF066394A465346FDF753FC18
:10339000FDF7ACFD01464046FEF7EEFF80F0004031
:1033A0003060DDE903104A465346FDF744FCFDF763
:1033B0009DFD01463846FFF701F880F000411448B2
:1033C00001600E48316801600E4805600F480460D6
:1033D00088E7000020000020100000207800002076
:1033E0008FC2F5285C1F9A40665E8D400000002069
:1033F000F1D4C853FB210940008066400C00002036
:1034000080000020140000208600002024000020FE
:10341000740000206666304010B500F0B9F8BDE8D1
:1034200010400149FDF772BAC3F5804070B51A4EDD
:103430001848B0610320F061184CD4F83804FDF747
:1034400089FC174D6860D4F8B004FDF783FCA860D0
:103450002068FDF77FFCE860D4F8F000FDF77AFC07
:103460002861D4F86801FDF775FC6861002455F8FF
:10347000241011F0FF4F07D0B069FDF75DFD03D2B6
:1034800055F82400B061F461641CE4B2072CEED35B
:1034900070BD0000003C1C4630030020500D002091
:1034A0001C2F002010B50D4C012020600F2005F0CE
:1034B000B3FF002222600A49088803060CD500F0F9
:1034C0003F0000044B881844AA2358434FF47A73F2
:1034D000B0FBF3F048600A8010BD0000800121427B
:1034E000C400002070B527496FF02F0408788A784F
:1034F000303800EBC00303EB001002EB8002487889
:10350000214B303800EB800004EB40001044188061
:10351000C8784A79303800EBC00505EB001002EBA3
:1035200080020879303800EB800004EB4000104442
:10353000588016480078092823D188790A7A3038CB
:1035400000EBC00505EB001002EB8002C8793038B3
:1035500000EB800004EB400002449A80487ACD7A68
:10356000303800EBC00606EB001005EB8005887ACA
:10357000303800EB800004EB40002844D880424300
:103580001A8170BD3C0B002006030020F1010020D1
:1035900010B50520FEF7D0FAFDF7DCFBBDE81040C2
:1035A0000149FDF7B3B900003333533A2DE9F04731
:1035B0000646DDE908890F4610469A46FDF7E0FB0E
:1035C00004460D465046FDF7DBFB02460B463046EF
:1035D0003946FDF730FB22462B46FDF7BAFA424644
:1035E0004B46FDF70FFABDE8F04707F057BA10B5A4
:1035F0004008FDF7C5FBBDE810406FF00502FDF780
:1036000089BB00002DE9FC4780460022DFF8CC9002
:1036100009E008EB8200808900F064F809EB0211F0
:103620000860521CD2B298F803009042F1D8B8F862
:103630000400FFF7DCFF04460D46B8F80600FFF76C
:10364000D6FF06460F46C9E9024598F80300401E1A
:1036500009EB0010C0E902673B4632462046294686
:10366000FDF72CFC0CD222462B4600201C49FDF70E
:103670006AFA32463B46FDF7C5F906460F4607E0B3
:1036800022462B4630463946FDF75DFA06460F4680
:103690000022134630463946FDF7F8FB17D04FF0AD
:1036A000010A0FE0C3B2524630463946CDE9004523
:1036B000FFF77CFF09EB0A12C2E902010AF1010AD5
:1036C0000AF0FF0A98F80300401E5045EADC98F81B
:1036D0000300BDE8FC4703F0E9B80000F012002049
:1036E00000807640010AC0F3850040EA81107047EF
:1036F0002DE9F35FFDF733FB2B4C00222346FDF74A
:1037000028FA6FF001052A46FDF704FB274E002238
:103710003346FDF790FA0022254BFDF78CFAFDF7B2
:10372000E5FBFDF79FFB234FDFF88C903A464B46B5
:10373000FDF70FFADFF884A000225346FDF709FADF
:10374000DFF87CB000225B46FDF775FAFDF7CEFB93
:10375000DFF87080C8F800000198FDF700FB002238
:103760002346FDF7F6F92A46FDF7D4FA0022334640
:10377000FDF761FA00220E4BFDF75DFAFDF7B6FB8F
:10378000FDF770FB3A464B46FDF7E3F9002253463E
:10379000FDF7DFF900225B46FDF74DFAFDF7A6FBCA
:1037A000C8F80400BDE8FC9F0000694000003E40EE
:1037B00000002640F1D4C853FB21094000C050400E
:1037C0000000244030010020FEE770B504460D469D
:1037D00000F0CEF8204600F09BF800F011F92846E2
:1037E00000F096F800F00CF900F0C2F8641CE0B2AA
:1037F00000F08EF800F004F9002000F053F80446C1
:1038000000F0E2F8204670BD70B50B4C00256560F5
:103810000A48016821F470610160016841F4407157
:1038200001602560012005F0F7FD0120606005F0D2
:10383000F3FD656070BD0000A8812142040C0140C9
:1038400008B50121082001F0BDFE4FF44060ADF83D
:10385000000010208DF8030003208DF80200694657
:103860000148FFF777FB08BD000C014070B50B4C19
:10387000002565600A48016821F4706101600168F3
:1038800041F44071016001262660012005F0C4FD6D
:103890006660012005F0C0FD656070BDA881214211
:1038A000040C01402DE9F0478146002416480168C8
:1038B00021F470610160016841F40061016000253C
:1038C000124E00274FF00108C6F8AC71022005F037
:1038D000A3FDC6F8AC816006040ED6F8280108B135
:1038E000641CE4B2022005F097FD6D1CEDB2082DBA
:1038F000EAD3B9F1000F02D0FFF786FF01E0FFF72E
:10390000B5FF2046BDE8F087040C0140008021424D
:103910002DE9F04105461448016821F47061016009
:10392000016841F440710160104E4FF00008C6F884
:10393000AC8100240127E809C6F8A8016806050E35
:10394000012005F069FDC6F8AC71012005F064FDA9
:10395000C6F8AC81012005F05FFD641CE4B2082CC0
:10396000E9D3BDE8F0810000040C01400080214251
:1039700070B51348016821F470610160016841F479
:10398000407101600F4C0120C4F8A801D4F828113F
:1039900000290BD0C4F8AC0105F03EFD0025C4F8A9
:1039A000A851D4F8280118B1002070BD002070BDC6
:1039B000012005F031FDC4F8AC51012070BD0000BC
:1039C000040C01400080214210B50B48016821F42D
:1039D00070610160016841F440710160074C002092
:1039E00060602060012005F017FD0120606020600C
:1039F000BDE8104005F010BD040C0140A881214233
:103A000070B500241448016821F4706101600168F8
:103A100041F400610160114D0126C5F8A861012043
:103A200005F0FAFCC5F8AC61012005F0F5FC0AE0F0
:103A3000641CE4B2322C03D9FFF7C6FF002070BD2E
:103A4000012005F0E9FCD5F828010028F0D1C5F8DF
:103A5000AC01012070BD0000040C01400080214237
:103A600010B51446FFF7B1FE2070012010BD2DE9FE
:103A7000F84305460E46174698466A46314628469C
:103A8000FFF7EEFF0124BC40B8F1000F04D09DF811
:103A9000000044EA000202E09DF80020A243D2B2F6
:103AA00000923146284600F031F8BDE8F8832DE950
:103AB000F8430646DDF820800F4614461D466A4648
:103AC00039463046FFF7CCFFF0B1611CFF20C4F14E
:103AD000080200FA01F12A44521ED0400143C8B244
:103AE000C5F1080108FA01F808F0FF03C4F1070165
:103AF000CB409DF8002002401A43009239463046E0
:103B000000F004F8BDE8F8830020FBE707B502AB3E
:103B1000012200F001F80EBD2DE9F04180460F466C
:103B200016461D460024FFF723FF4046FFF7F0FE30
:103B3000FFF766FF3846FFF7EBFEFFF761FF06E091
:103B4000285DFFF7E5FEFFF75BFF641CE4B2B442BB
:103B5000F6D3FFF739FF0120BDE8F081094801687D
:103B6000094801600949096841600949096881609B
:103B700008490968C160084909680161074909687D
:103B80004161704744010020A40A00204801002040
:103B90004C01002050010020540100205801002059
:103BA00041060748826942F0010282610548426885
:103BB00022F0E062426042680A43426070470000BF
:103BC00000100240000001402DE9F04FABB0074665
:103BD0009148D0E91056D0E90E43CDE92956CDE9F8
:103BE0002743269200F1480222AE3CCA3CC6D0E9E7
:103BF0000223CDE92023D0E90423CDE91E2300F1DF
:103C000058021AAE3CCA3CC6066800F168023CCABB
:103C1000CDE91623CDE91845C2698069CDE91402C2
:103C2000002012901390109011900C900D900E9017
:103C30000F90089009900A900B90069007900590BD
:103C40000846FDF70FF904460D4687F00040FDF7E2
:103C500009F922462B4605F0A7F8FDF747F904902D
:103C600012AFDFF8B881CDE90187022222AC01232F
:103C700011461046009407F0FFFD26A920AACDE9C1
:103C8000002110A8012302901A461946022007F0CD
:103C9000F3FD10991298FCF7E1FD08F10805286082
:103CA00011991398FCF7DAFD68600DF1300905F100
:103CB0002800CDE9010902231A4619460094184646
:103CC00007F0DAFD16A90223CDE9009108A80290B9
:103CD0001A461946184607F0CFFD1A990898FCF7BE
:103CE000BDFD4F4C20601B990998FCF7B7FD606043
:103CF0001C990A98FCF7B2FDA0601D990B98FCF77F
:103D0000ADFDE0600DF1780B06A80223CDE900B40B
:103D100002901A461946012007F0AEFD0DF1140A73
:103D200014A8CDE9010A06A9012302220091114637
:103D3000184607F0A1FD31460598FCF78FFD0146B6
:103D40004FF07E50FCF714FE059014A8CDE9010752
:103D50000222012311460094104607F08DFD012335
:103D6000CDE9007A05F108061A46194602200296A6
:103D700007F082FDCDE900B5012302221146184665
:103D8000CDF808A007F078FDDDE90401FCF7B8FDE7
:103D90000590CDE901A701231A4619460220009695
:103DA00007F06AFD12992868FCF758FDC8F8000072
:103DB00013996868FCF752FDC8F80400CDE901B911
:103DC0000223012211461846009607F055FD0C9972
:103DD0002798FCF795FD0C900D992898FCF790FD1D
:103DE0000D900E992998FCF78BFD0E900F992A984B
:103DF000FCF786FD0F90022305F12800CDE9009421
:103E000002901A461946184607F036FDD8F8000009
:103E10002BB0BDE8F08F0000B8D60008B00200203B
:103E2000080B00202DE9F04FABB007460B46954933
:103E3000D1E92056D1E91E40CDE92956CDE92740E8
:103E4000269201F1800000F1080274CACDE9222413
:103E5000CDE92456D1E90824CDE92024D1E90A246A
:103E6000CDE91E2400F1180274CACDE91A24CDE967
:103E70001C564E68D0E90B45826A406BCDE9174568
:103E800016921990D1E90C01CDE91401002012908D
:103E90001390109011900C900D900E900F90089030
:103EA00009900A900B900690079005901846FCF731
:103EB000D9FF04460D4687F00040FCF7D3FF2246A9
:103EC0002B4604F071FFFDF711F8049012AFDFF8F4
:103ED000B881CDE90187022222AC012311461046A8
:103EE000009407F0C9FC26A920AACDE9002110A85A
:103EF000012302901A461946022007F0BDFC1099D2
:103F00001298FCF7ABFC08F108052860119913988A
:103F1000FCF7A4FC68600DF1300905F12000CDE943
:103F2000010902231A4619460094184607F0A4FC1A
:103F300016A90223CDE9009108A802901A46194655
:103F4000184607F099FC1A990898FCF787FC4F4C23
:103F500020601B990998FCF781FC60601C990A9805
:103F6000FCF77CFCA0601D990B98FCF777FCE060E7
:103F70000DF1780B06A80223CDE900B402901A4691
:103F80001946012007F078FC0DF1140A14A8CDE9B8
:103F9000010A06A90123022200911146184607F0E2
:103FA0006BFC31460598FCF759FC01464FF07E50FA
:103FB000FCF7DEFC059014A8CDE9010702220123DD
:103FC00011460094104607F057FC0123CDE9007A12
:103FD00005F108061A4619460220029607F04CFC25
:103FE000CDE900B50123022211461846CDF808A0FC
:103FF00007F042FCDDE90401FCF782FC0590CDE905
:1040000001A701231A4619460220009607F034FC46
:1040100012992868FCF722FCC8F800001399686818
:10402000FCF71CFCC8F80400CDE901B90223012209
:1040300011461846009607F01FFC0C992798FCF7CC
:104040005FFC0C900D992898FCF75AFC0D900E9986
:104050002998FCF755FC0E900F992A98FCF750FC14
:104060000F90022305F12000CDE9009402901A463A
:104070001946184607F000FCD8F800002BB0BDE840
:10408000F08F0000B8D60008C8020020180B0020EE
:1040900008B50121042001F095FA4FF48070ADF8C5
:1040A000000048208DF8030069460248FEF752FFE1
:1040B00008BD00000008014010B5044600F018F8E3
:1040C0000A4A012807D0002050801080508802281A
:1040D00009D0002010BD5188641CB1EB440FF5D20B
:1040E000491C5180F2E70120108010BDC000002063
:1040F00010B54FF480710448FEF7AEFF08B1002000
:1041000010BD012010BD00000008014070B51F4B1C
:104110005C8900211E4DD5F82001DA89C82A10D209
:1041200098B1B0F5C87F10D8521C92B2DA8158818C
:1041300000F1C8069E81C72A03D101225A70C82205
:10414000DA819A89904200D284B2491CC9B2052909
:10415000E3D3D889C82809D328680E4D401EB0F58E
:10416000C77F04D80C4900200860286070BD02F0A9
:1041700083FB5889FCF7EEFD06462046FCF7EAFD76
:104180003146FEF79FFB286070BD00003003002021
:10419000500D0020300000202C0000202DE9F047B9
:1041A0002D4C258A00212D4E0123D6F82001A28A0C
:1041B000C82A0FD290B1B0F5C87F0FD8521C92B266
:1041C000A282208200F1C8076782C72A02D1A370A9
:1041D000C822A282628A904200D285B2491CC9B22A
:1041E0000529E4D3A08AC82818D33068DFF8708086
:1041F0001C4FDFF87490002690B1618A88420FD27C
:10420000A07940B9A3711948C8F80000184838606F
:10421000012005F0F7F8C9F80060E663BDE8F08713
:1042200006F01CF90028F9D1A07901280DD002F080
:1042300023FB208AFCF78EFD04462846FCF78AFD06
:104240002146FEF75BFB3860E8E7A671C9F800601D
:104250003E60C8F80060E1E730030020500D002008
:1042600064010020300000202C0000200000F041FC
:10427000000016C41FB50121084601F0A3F9012171
:10428000042001F09FF94FF48054ADF80C40482011
:104290008DF80F0003A91148FEF75CFE0C210020E9
:1042A000FEF744FE019400208DF808000C208DF8E4
:1042B000090001248DF80A4001A8FEF769FC2820B6
:1042C0008DF8000002208DF801008DF802408DF875
:1042D0000340684600F078F81FBD00000008014068
:1042E00010B5022000F011F8032000F020F80020A3
:1042F00000F014F8002000F02FF8002000F026F85D
:10430000BDE81040002000F01BB808B50323009062
:1043100002226B21D020FFF7CAFB08BD08B502239B
:10432000009004221C21D020FFF7C1FB08BD08B576
:104330000223009004221B21D020FFF7B8FB08BD08
:10434000034601223721D020FFF791BB0346052207
:104350006A21D020FFF78BBB034606226B21D020B9
:10436000FFF785BBFEE7000010B5002401231A46C5
:10437000194610A000F05DF80DE0002001F0A4FA4D
:104380000444012001F0A0FA201A04B2204604F0EF
:10439000E9FE07F0A9FD0120FFF78EFE0028ECD012
:1043A00002F01EF902F012FA02F032FABDE81040F3
:1043B00002F03CB9312E5374616E64617264204D19
:1043C0006F6465007047000070B50F23C278012646
:1043D0000178002A1ED0144A126802F4E062C2F585
:1043E000E062120AC2F10404D3404578A540827805
:1043F0001A402A43120101F1E02181F800240078DB
:1044000000F01F018E404009800000F1E020C0F85C
:10441000006170BD01F01F0086404809800000F176
:10442000E020C0F8806170BD0CED00E0002001F0DC
:10443000A7BF38B51446491E022908D801EB8101EF
:1044400049060A0E00932346002100F001F838BD0A
:104450002DE9F0410746069C0D461646002B01D07B
:10446000FFF7E4FF3146284601F096FF0122064996
:10447000384601F0EBFF002C03D0BDE8F04100F01E
:104480007DB9BDE8F0810000A400002010B500F067
:1044900015F800F0D3F80123BDE810401A4619467C
:1044A00001A0FFF7C6BF00006F6C656420696E69EC
:1044B0007420737563636573732100000748816915
:1044C00041F0080181610648016821F0FF010160A7
:1044D000016841F0330101607047000000100240A4
:1044E000040C01402DE9F04105461448016821F013
:1044F000F0010160016841F030010160104E4FF0A1
:104500000008C6F8A08100240127E809C6F8A40124
:104510006806050E0120FEF7C4F9C6F8A071012057
:10452000FEF7BFF9C6F8A0810120FEF7BAF9641CB6
:10453000E4B2082CE9D3BDE8F0810000040C01408E
:104540000080214270B51348016821F0F00101603C
:10455000016841F0300101600F4C0120C4F8A40152
:10456000D4F8241100290BD0C4F8A001FEF799F962
:104570000025C4F8A451D4F8240118B1002070BD5E
:10458000002070BD0220FEF78CF9C4F8A051012074
:1045900070BD0000040C01400080214270B50D4840
:1045A000016821F0F0010160016841F03001016013
:1045B000094C0020206060600220FEF772F901259E
:1045C00025600120FEF76DF96560BDE870400220AE
:1045D000FEF767B9040C0140A081214270B50024A8
:1045E0001448016821F0F0010160016841F0800188
:1045F0000160114D0126C5F8A4610120FEF751F9B3
:10460000C5F8A0610120FEF74CF90AE0641CE4B291
:10461000322C03D9FFF7C2FF002070BD0120FEF746
:1046200040F9D5F824010028F0D1C5F8A0010120F7
:1046300070BD0000040C01400080214210B540F61E
:10464000C410401E0028FCD1AE2200213C2007F0FF
:10465000B5FDA62200213C2007F0B0FDAE220021CE
:104660003C2007F0ABFDD52200213C2007F0A6FD41
:10467000802200213C2007F0A1FDA82200213C203F
:1046800007F09CFD1F2200213C2007F097FDD3225C
:1046900000213C2007F092FD002211463C2007F04B
:1046A0008DFD402200213C2007F088FD8D22002155
:1046B0003C2007F083FD142200213C2007F07EFD02
:1046C000202200213C2007F079FD022200213C201D
:1046D00007F074FDA12200213C2007F06FFDC822E5
:1046E00000213C2007F06AFDDA2200213C2007F07F
:1046F00065FD022200213C2007F060FD812200219F
:104700003C2007F05BFDCF2200213C2007F056FD46
:10471000D92200213C2007F051FDF12200213C204C
:1047200007F04CFDDB2200213C2007F047FD402232
:1047300000213C2007F042FD2E2200213C2007F002
:104740003DFDA42200213C2007F038FDA6220021D7
:104750003C2007F033FDAF2200213C2007F02EFD66
:10476000002001F00DFE01F085FE034800210180CC
:1047700041800121417110BD9C00002001F07ABEF2
:1047800070B50546FFF752FE0024295D202903D2AB
:10479000A0B2012201F0D2FD641C802CF5DBBDE843
:1047A0007040FFF7EBBF2DE9F04104460F46164677
:1047B0001D46FFF7C7FE68B16006000EFFF792FEC8
:1047C000FFF70CFF48B13846FFF78CFEFFF706FFF6
:1047D00000240DE00120BDE8F081FFF7DFFE01209D
:1047E000F9E7285DFFF77EFEFFF7F8FE30B1641CA5
:1047F000B442F6DBFFF7D2FE0020ECE7FFF7CEFE77
:104800000020E8E71FB56B4601AA02A903A807F03C
:10481000E3FC9DF80800394B01280AD19DF80C10E3
:1048200039B99DF80410012903D19DF80010012920
:1048300005D09DF80C1050EA010403D00AE0FF20D7
:1048400018701FBD9DF80420012A03D19DF8002097
:10485000012A01D018B10CE0FE2018701FBD0129FB
:1048600007D19DF80420012A03D19DF80020012AD8
:1048700004D09DF80420144303D006E0FD201870F6
:104880001FBD9DF80040012C02D0012803D009E093
:10489000FC2018701FBD012904D11AB99DF80040F1
:1048A000012C02D0012803D008E0012018701FBDA0
:1048B000012903D112B99DF8004014B1012803D099
:1048C00009E0022018701FBD012904D1012A02D17C
:1048D0009DF8004014B1012803D007E003201870B0
:1048E0001FBD19B912B99DF8000020B11143F7D1CD
:1048F000002018701FBD042018701FBDF801002093
:104900000149085C70470000580900200020044A53
:1049100000211154401CC0B20928FAD3704700008E
:10492000580900202DE9F8438046012500951A4ECC
:10493000002777700095194C24E0BDF8000010EABC
:10494000080F02D0C4F8BC5101E0C4F8BC71C4F82F
:10495000B451052004F060FDC4F8B471052004F0E2
:104960005BFDC4F8B451D4F8380120B17178BDF8BA
:10497000000001437170BDF800004FF6FF7101EABD
:1049800040000090BDF80000FF28D6D9BDE8F843EC
:10499000102004F041BD0000580900200080214291
:1049A0002DE9F05F0720FFF7ABFF7A4CA0600820ED
:1049B000FFF7A6FFE0600520FFF7A2FF20610620B9
:1049C000FFF79EFF606100F0F5F8A061A268724BEE
:1049D0004FF002094FF0030A4FF0040B4FF0010CA7
:1049E0004FF00008FF2A08D1E168FF2905D12169AD
:1049F000FF2902D16169FF2902D0616831B107E066
:104A0000616801295BD1C4F8048058E0C4F804C08F
:104A1000322A02DAE168322905DB2169322905DA16
:104A20006569322D02DA0721197048E0962A02DD05
:104A3000E568322D04DB962905DD6569322D02DA41
:104A4000082119703BE0322A02DAE568962D04DC71
:104A5000322905DA6569962D02DD092119702EE0EB
:104A6000962A02DDE568962D04DC962905DD656948
:104A7000962D02DD0A21197021E0E5685A2D02DB2E
:104A800066695A2E03DA83F800C0BDE8F09F962DC0
:104A900001DC962E02DD83F80090F6E75A2A01DB4E
:104AA0005A2902DA83F800A0EFE7962A01DC96295A
:104AB00002DD83F800B0E8E708B983F80080401F02
:104AC0003649374E374F384D0C284AD2DFE800F0D0
:104AD0003D404346062206223D4043462078401C86
:104AE000C0B22070052801D9052020703068FBF77E
:104AF000B5FE0446306039462868FBF7AFFE014634
:104B000028602A48844200DD306029488142BCDDAB
:104B10002860BAE72078401EC0B2207008B984F837
:104B200000C088463068FBF7EBFE0446306039462B
:104B30002868FBF7E5FE01462860444501DAC6F81F
:104B40000080B942A1DA2F609FE783F800C09CE79C
:104B500083F800B099E783F8009096E783F800A007
:104B600093E76068012802D083F800808DE7E06851
:104B70005B38312889D25B3A312A86D260695B384A
:104B8000312882D220695B38312886D283F80080B0
:104B90007BE70000D40100208601002000002041B6
:104BA0005C010020000040416001002000004842FC
:104BB0000000704270B5FFF7A9FE00F0BDF80D4887
:104BC000C178007941EA00210B48418000200A4B5E
:104BD0001B1D012513F81040641E05FA04F20A4259
:104BE00002D1401CC0B270BD401CC0B21028F1D32D
:104BF000002070BD58090020F600002010B5144CAC
:104C000000202060102004F007FC0120FFF78AFE3E
:104C10004320FFF787FE0020FFF784FE0120FFF707
:104C200081FE0020FFF77EFE0020FFF77BFE0020C4
:104C3000FFF778FE0020FFF775FE0020FFF772FEF9
:104C400001202060BDE81040102004F0E5BB00000A
:104C5000B081214210B5144C00202060102004F0D7
:104C6000DBFB0120FFF75EFE4320FFF75BFE002029
:104C7000FFF758FE0020FFF755FE5A20FFF752FEBF
:104C80005A20FFF74FFE5A20FFF74CFE5A20FFF73D
:104C900049FE5A20FFF746FE01202060BDE8104083
:104CA000102004F0B9BB0000B0812142F8B5012109
:104CB000082000F087FC48208DF803004FF4804066
:104CC000ADF8000003248DF802401A4E69463046C4
:104CD000FEF740F90121082000F074FC10258DF842
:104CE0000350E802ADF800008DF8024069463046F6
:104CF000FEF730F90121082000F064FC8DF8035024
:104D00002802ADF800008DF8024069463046FEF7F3
:104D100021F90121082000F055FC8DF803506802AC
:104D2000ADF800008DF8024069463046FEF712F9F2
:104D3000F8BD0000000C01402DE9FC41002701975F
:104D400001260096204CC4F8B071204D2878FFF75A
:104D5000E9FD6878FFF7E6FD022001902CE000965F
:104D60001B4D4FF6FF781CE0C4F8B461052004F039
:104D700053FBC4F8B471052004F04EFBC4F8B461D1
:104D8000D4F8380140B19DF80400BDF80010285C4B
:104D900008439DF804106854BDF8000008EA40007C
:104DA0000090BDF80000FF28DED9102004F034FB8D
:104DB0009DF80400401C01909DF804000928CED302
:104DC000C4F8B061BDE8FC8100802142F6000020FB
:104DD0005809002010B500F00DF800F00BF800F0B5
:104DE00009F8FFF70BFF00F025F8BDE81040FFF7CA
:104DF00031BF000010B50E4C00202060102004F0E0
:104E00000BFB0120FFF78EFD4220FFF78BFD0020FA
:104E1000FFF788FD0020FFF785FD0020FFF782FDEA
:104E200001202060BDE81040102004F0F5BA000019
:104E3000B081214210B5124C002020600120FFF704
:104E400071FD4420FFF76EFD0020FFF76BFD012090
:104E5000FFF768FDEE20FFF765FD0020FFF762FD1C
:104E60000020FFF75FFD0020FFF75CFD0020FFF74B
:104E700059FD01202060BDE81040102004F0CCBA9C
:104E8000B0812142002802DD00F214507047FDDAA3
:104E9000A0F214507047884200DD0846904200DAC4
:104EA00010467047704700002DE9F047804689465C
:104EB00016461F46294C0025A088002814D13046EC
:104EC00006F02DFD8246384606F029FD5044322872
:104ED00003DAE088401CE08000E0E580E0880A28F2
:104EE00002D90120A080E580A088012820D1208956
:104EF000401C80B22081C82801D92581A58018488E
:104F0000DFF860A0804513DDDAF800001438FBF705
:104F100018FF4946FCF706F80AD2DAF80000143008
:104F2000FBF70FFF4946FCF707F801D20220A080EB
:104F3000A088022810D16089401C80B2608164285A
:104F400001D96581A580F01906F0E9FC322803DD5E
:104F5000A5800120BDE8F0870020FBE71C010020B0
:104F600000E0AB46280000202DE9F04F8BB0DFF8C1
:104F700028830125002798F80100C84C30380528FF
:104F800011D2DFE800F00E0305080B00A5700BE05E
:104F90000220A07008E00320A07005E00420A070AB
:104FA00002E0A77000E0A77098F80300312801D153
:104FB0000521A170322801D10620A070B8480078E0
:104FC000142812D101F0BCF878B198F80500322805
:104FD0001BD098F80900312817D098F80B00312819
:104FE00013D098F80D0031280FD0AB48FBF731F9FA
:104FF000152815D227705021A748FBF701F90BB0EF
:10500000A8A0BDE8F04F02F063BC27705021A24871
:10501000FBF7F6F80BB0A8A0BDE8F04F02F058BCC3
:1050200098F80500312802D0322808D00EE000F0B0
:105030007DF9052004F0CAF900F078F906E000F0E7
:1050400089FC00F073F9A1A002F042FC98F8070077
:10505000312802D0322805D008E065609BA002F01C
:1050600037FC03E0676099A002F032FC98F8090071
:10507000DFF860B2312853D11C2104A8FBF7C0F837
:10508000029703970097019793A1834801F044FC8E
:105090000646701C7ED0E06808EB0609821B494674
:1050A00004A8FBF794F88DA104A801F035FC05468F
:1050B000681C6FD0AA1E0DF1100A0DF1120102A892
:1050C000FBF785F802A803F03DFF00225B46FBF7E3
:1050D00040FDFBF70BFF824908601C2104A8FBF789
:1050E0008FF8E16870190A1A09EB0501491C04A838
:1050F000FBF76DF879A104A801F00EFC411C49D022
:10510000821E0AF102016846FBF761F8684603F067
:1051100019FFFBF7EBFE734908606CA002F0D8FBA7
:1051200098F80B00312855D11C2104A8FBF768F82A
:1051300002970397009701976BA1574801F0ECFB8A
:105140000646701C26D0E06808EB0609821B49461B
:1051500004A8FBF73CF861A104A801F0DDFB0546BB
:10516000681C17D0AA1E0DF1100A0DF1120102A839
:10517000FBF72DF802A803F0E5FE00225B46FBF7E3
:10518000E8FCFBF7B3FE594908601C2104A8FBF7B3
:1051900037F800E07DE0E16870190A1A09EB0501B3
:1051A000491C04A8FBF713F84CA104A801F0B4FBB8
:1051B000411C6ED0821E0AF102016846FBF707F817
:1051C000684603F0BFFEFBF791FE494908603FA027
:1051D00002F07EFB98F80D00312852D11C2104A862
:1051E000FBF70EF8029703970097019741A12A4811
:1051F00001F092FB0646701C4BD0E068B044821B65
:10520000414604A8FAF7E3FF34A104A801F084FBA7
:105210000546681C3DD0AA1E0DF110090DF11201C2
:1052200002A8FAF7D4FF02A803F08CFE00225B4626
:10523000FBF78FFCFBF75AFE2F4908601C2104A8DE
:10524000FAF7DEFFE16870190A1A08EB0501491C3C
:1052500004A8FAF7BCFF29A104A801F05DFB411CDA
:1052600017D0821E09F102016846FAF7B0FF6846BE
:1052700003F068FEFBF73AFE2149086013A002F034
:1052800027FB27700BB05021BDE8F04F0248FAF71A
:10529000B7BF0BB0BDE8F08F540A00208401002096
:1052A000F101002024526563656976655061636B86
:1052B0004572726F7223000024547261696E696EC8
:1052C000674C6F636B65642300000000244F4B2321
:1052D0000000000000005940415000002C00000078
:1052E0004401002048010020565000004C010020DD
:1052F0005001002054500000540100202300000001
:105300005801002010B507480749826801F1500094
:10531000521CFAF75CFFBDE8104050210248FAF732
:105320006FBF000084010020040A002070B5322104
:105330005D48FAF765FF5C485CA11C380968C161EB
:105340005B485C4C0068A0427DD25B4D2946FBF770
:105350000FFBFBF787FD02460B4658A1594802F0A8
:105360009BFD59480068A0426ED2FBF77BFD0246C8
:1053700054480B4651A10A3002F08EFD5348006894
:10538000A0427CD22946FBF7F3FAFBF76BFD0246FD
:105390004C480B4649A1143002F07EFD4C48006891
:1053A000A04271D2FBF75EFD024646480B4643A180
:1053B0001E3002F071FD47480068A04269D22946BC
:1053C000FBF7D6FAFBF74EFD02463E480B463BA1E3
:1053D000283002F061FD40480068A0425ED2FBF731
:1053E00041FD024637480B4634A1323002F054FDED
:1053F00034492D48FAF70FFF38A12B48FAF70BFF75
:10540000304929480A31FAF706FF35A12648FAF74C
:1054100002FF2C4924481431FAF7FDFE31A122483D
:10542000FAF7F9FE274920481E31FAF7F4FE2EA1BB
:105430001D48FAF7F0FE23491B482831FAF7EBFE26
:105440002AA1194801E010E014E0FAF7E4FE1D4932
:1054500015483231FAF7DFFE25A11348FAF7DBFED3
:10546000BDE87040104802F033BABDE8704021A09A
:1054700002F02EBABDE870401EA002F029BABDE8C5
:1054800070401CA002F024BABDE8704019A002F0E0
:105490001FBABDE8704017A002F01ABABDE870400C
:1054A00014A002F015BA0000A00100202441500011
:1054B00044010020000080800000C84225332E32C5
:1054C00066000000BC0A0020480100204C010020BA
:1054D0005001002054010020580100202C414400BC
:1054E0002C5650002C5649002C5450002C5444008B
:1054F00023000000244765745049444572726F725E
:10550000230000002DE9F04180460D46164617485D
:105510000078002804D0164C164FA08918B116E068
:105520000020BDE8F08138680A38FBF70AFC4146E4
:10553000FBF7F8FC0BD238680A30FBF702FC414657
:10554000FBF7FAFC03D215B90EB90120A081A0899E
:10555000012809D12D1F242D02D3361F242E03D25A
:105560000020A0810120DCE70020DAE70400002011
:105570001C01002028000020034A516821F440410A
:10558000014351607047000000100240054A0029A5
:1055900003D0D1690143D1617047D1698143D161A1
:1055A0007047000000100240054A002903D011692D
:1055B0000143116170471169814311617047000017
:1055C00000100240054A002903D09169014391610E
:1055D000704791698143916170470000001002405B
:1055E000054A002903D0D1680143D1607047D168D2
:1055F0008143D160704700000010024010B5264A78
:10560000516801F00C01254B002927D0042927D02F
:10561000082927D00360516801F0F0010909204BE7
:105620005C5C0168E1404160546804F4E064240A71
:105630001C5D21FA04F48460546804F46054E40AA4
:105640001B5DD940C160526802F44042920B144B7A
:105650001B1F9A5CB1FBF2F1016110BD0360DAE738
:105660000360D8E7516801F47011536803F4803384
:10567000022404EB914133B153689B0307D5094BD6
:1056800059430160C7E7074B59430160C3E7034B28
:1056900059430160BFE700000010024000127A0089
:1056A0004C00002000093D002DE9F04700240025B2
:1056B000174E4FF00108C6F8008000277760FDF70D
:1056C0003DF9C6F804803760FDF738F9C6F8008068
:1056D0007760A6F5C876FDF731F9DFF83890C6F89F
:1056E0009071FDF72BF9FDF729F90420FDF7C0FCB7
:1056F000000929F815006D1CEDB2C6F89081FDF780
:105700001DF9641CE4B2802CE9D3BDE8F0870000E9
:1057100090812142D80500202DE9F04F8BB0684ED2
:1057200007A8CDE9006006F1260108AB03AA881F8F
:1057300003F0EEFF3088C0057ED50398FBF701FB30
:105740006FF01D084146FBF751F90446706004985C
:10575000FBF7F7FA4146FBF749F90746B0600598B1
:10576000FBF7EFFA4146FBF741F90546F060069872
:10577000FBF7E7FA4146FBF739F980463061012132
:105780002046FBF733F92946FBF7C0F805464FF0F2
:10579000404421463846FBF7B9F84146FBF7B6F8D6
:1057A0002946FBF75BF8FBF75DFB03F0B5F8DFF884
:1057B00014814FF066373A464346FBF7CAF9FBF7C8
:1057C00095FB7061F06801210546FBF70FF98246F1
:1057D0002946FBF79BF80546B06821468146FBF752
:1057E00095F84946FBF792F82946FBF789F84FF000
:1057F0007E51FBF733F8FBF735FB04460D460121DC
:105800007068FBF7F3F84946FBF780F8814650468D
:105810003169FBF77BF84946FBF720F8FBF722FBE1
:1058200022462B4603F0C0FA3A464346FBF791F96D
:10583000FBF75CFBB06100E03FE031698946484618
:10584000FBF764F8F168044608460A91FBF75EF836
:10585000B16805468A465046FBF758F8716883469A
:1058600008460991FBF752F85946FAF7F7FF29461F
:10587000FBF746F82146FBF743F8FBF7F3FA04463B
:105880000D4649460998FBF741F8814650460A996A
:10589000FBF73CF84946FAF7E1FF0121FBF7A6F8D0
:1058A000FBF7E0FA22462B4603F07EFA3A464346DF
:1058B000FBF74FF9FBF71AFBF0610BB0BDE8F08F77
:1058C0006000002066A64C400021002803D001287B
:1058D00006D000207047054AB2F9000011807047D9
:1058E000034AB2F900001180704700002404004010
:1058F0002408004010B54221D020FDF766FF044681
:105900004121D020FDF761FF04EB0020FBF722FAD4
:10591000B0F18E4F03DD4FF08F41FAF7F1FF0949E7
:10592000FBF726F8FBF79EFA074A084BFBF76AF8E5
:105930000022074BFBF70DF9FBF7D8FABDE8104042
:10594000FBF72BBA0000AA43A4703D0AD74342409C
:10595000000024402DE9F047DFF874A0DFF87490D0
:10596000DFF874801D4F1E4D1E4C1F4EDAF80000EC
:105970002168FBF7D7FA02D02068CAF800006168F6
:10598000D9F80000FBF7CEFA02D06068C9F8000031
:10599000A168D8F80000FBF7C5FA02D0A068C8F8E3
:1059A0000000E1683868FBF7BDFA01D0E0683860B4
:1059B00021692868FBF7B6FA01D02069286061697F
:1059C0003068FBF7AFFA01D060693060BDE8F0875E
:1059D00044010020480100204C010020500100201B
:1059E00054010020A40A00205801002010B5084CE2
:1059F0000020A081E06220630021084600F0B2FE92
:105A000001202072BDE8104002A006F00BB9000092
:105A10007003002050312C52454144592C31000074
:105A200070B5194CE078002500280CD0174806F016
:105A300053F9E57065702570A5622079002801D0C2
:105A4000E571257170BDA07818B1E07908B92078AA
:105A500068B160780028F5D020780128F2D10B4891
:105A6000183006F039F965700220207070BD0748C3
:105A7000183006F031F90549182218310348FAF7B1
:105A8000A6FBA57070BD000070030020382F002019
:105A90002DE9F04106ADE0CD1A4C6063A163E263ED
:105AA00023646564A664E7642078022825D116483B
:105AB000006805F055FF15490025884213DC14489D
:105AC0001449006888420EDB3046FBF73AF905F0CE
:105AD00047FF114EB04206DA3846FBF732F905F0BF
:105AE0003FFFB0420BDB607A401CC0B260720328FB
:105AF00003D30120E07009480570BDE8F0816572AC
:105B0000FBE70000700300200C0000200000C841EB
:105B10002C0100209A99194100302245860100206D
:105B200010B5154CA089002815D0207A98B91348D3
:105B3000007801280FD1216BE06A00F013FEA089E4
:105B4000401EA081A08930B90020E06220630021BE
:105B5000084600F007FE0A480088E0810848001D5A
:105B600000882082064808300088608204480C3093
:105B70000088A08210BD00007003002004000020F7
:105B8000343401402DE9F14FBEB0002537953695EC
:105B90003E9806F06BF898B1F0A13E98FAF747FBF3
:105BA00005708DF8EC503BAAEDA13E98FAF774FB16
:105BB000012809D0EDA005F077FF3FB0BDE8F08FD8
:105BC000ECA005F071FFF8E7EBA13BA8FAF748FB62
:105BD00050B3EAA13BA8FAF743FB002861D0E9A142
:105BE0003BA8FAF73DFB012630AC35AF0DF1D008EC
:105BF0000DF1CC090DF1C80A00287DD0E3A13BA826
:105C0000FAF72EFBDFF88CB3002876D0E2A13BA890
:105C1000FAF726FB002871D037AAE1A13E98FAF7DF
:105C20003BFB01286BD140E130A805F0CDFF359852
:105C3000FBF718F904460D463498FBF713F90646AE
:105C40000F463398FBF70EF9804689463298FBF7EA
:105C500009F982468B463198FBF704F9CDE90E012C
:105C60003098FBF7FFF8D24A137A92F807C01278FF
:105C7000CDE90BC3CDE902ABCDE90489CDE90845F7
:105C80000A92DDE90E23CDE90667CDE9002302463D
:105C90000B46C8A110A802F0FFF810A805F0C2FF3B
:105CA0008BE738AACFA13E98FAF7F6FA012803D07D
:105CB000AEA005F0F9FE80E7BD4C207A18B9E07976
:105CC00008B9207818B1CCA005F0EEFE75E7E562C2
:105CD0002563A581CBA138A8FAF7C2FA40F2DC56B9
:105CE000E8B1C9A138A8FAF7BBFA7542C8B1C7A193
:105CF00038A8FAF7B5FA03E027E055E090E0D9E0DC
:105D000088B1C3A138A8FAF7ABFA70B1C1A138A81D
:105D1000FAF7A6FA50B195A005F0C6FE4DE7E66287
:105D200004E0E56202E0266300E02563E06A08B96A
:105D3000206B10B17820A08103E00021084600F01C
:105D400011FD38A805F012FE37E7CDE90287CDE94D
:105D500000A9231D30AAB1A13E98FAF79DFA0628A2
:105D600003D082A005F0A0FE27E7914CE07918B19E
:105D7000B1A005F099FE20E7207818B1B0A005F099
:105D800093FE1AE730A805F0BDFE48B1182230A9ED
:105D9000AD48FAF71CFAA6707AA005F0E7FD0CE70B
:105DA000AAA005F081FE08E738AAAAA13E98FAF752
:105DB00073FA012803D06DA005F076FEFDE6AAA1D6
:105DC00038A8FAF74DFA40B192A138A8FAF748FA84
:105DD000C8B166A005F068FEEFE6754C207A28B1E0
:105DE000207838B196A005F05FFEE6E6A0A005F0A9
:105DF0005BFEE2E69448183805F0E6FEE6719FA0E7
:105E000005F0B4FDD9E66A48017821B10671C67083
:105E10008BF8005000E0C5719BA005F0A7FDCCE613
:105E2000634DE87990B1CDE9048731A8CDE902A9A5
:105E3000CDE9004036AB37AA96A13E98FAF72CFA86
:105E4000082807D049A005F02FFEB6E69AA005F075
:105E50002BFEB2E6287818B179A005F025FEACE655
:105E6000369847F24911A0F57A70884203D394A07E
:105E700005F01AFEA1E630A805F096FD88B11822BB
:105E800030A97148FAF7A3F93798A862E8693699FA
:105E900008442862E86968622E703FA005F066FD3C
:105EA0008BE66AA005F000FE87E6414C3798A16AB0
:105EB000884203D083A005F0F7FD7EE683A13BA8CE
:105EC000FAF7CEF910B92078012805D081A13BA8B6
:105ED000FAF7C6F938B10CE06670E06960627BA041
:105EE00005F044FD69E62078012808D020780228D2
:105EF00005D079A13BA8FAF7B3F930B108E0E06921
:105F0000606274A005F032FD57E62078022805D0C3
:105F100073A13BA8FAF7A4F950B110E04A48183829
:105F200005F052FE25706CA005F020FDA56244E648
:105F3000207820B1E6706AA005F018FD3DE635A195
:105F40003BA8FAF78DF918B168A005F0ADFD34E66D
:105F50008BF800502FA005F009FD2EE62C43000021
:105F60002450312C2531315B5E2C5D00464F524D63
:105F700041540000435243004745540044494147BF
:105F8000000000004D5345540000000054524149A8
:105F90004E000000860100205052455000000000D5
:105FA0002450312C252A5B5E2C5D2C256C7500005D
:105FB0007003002050312C5049442C252E32662C81
:105FC000252E32662C252E32662C252E32662C2567
:105FD0002E32662C252E32662C25752C25752C2507
:105FE000750000002450312C444941472C253131A3
:105FF0005B5E2C5D00000000444941475F53544103
:10600000544500004C2B00004C2D0000522B00008A
:10601000522D000053544F50000000002450312CEA
:106020004D5345542C25662C25662C25662C25665B
:106030002C25662C256600004C4F434B4544000040
:106040004255535900000000502F002052414E4746
:10605000450000002450312C545241494E2C25312A
:10606000315B5E2C5D00000053544152540000002F
:106070004E4F54524541445900000000545241498A
:106080004E5F535441525400545241494E5F535451
:106090004F5000002450312C505245502C256C7527
:1060A0002C256C752C25662C25662C25662C2566E2
:1060B0002C25662C256600004E4F545241494E0057
:1060C00054544C00545249414C0000004150504C33
:1060D000590000004842000041434345505400002D
:1060E000524F4C4C4241434B00000000535441542A
:1060F0004500000010B5074805F066FD0549182267
:1061000001F11800FAF763F8034800210170C1712A
:10611000017210BD382F00207003002000280BD022
:106120000178242908D14178502905D18178312975
:1061300002D1C0782C2801D0002070470120704780
:106140000348C079002801D0012070470020704723
:106150007003002010B50D4C2078002814D0FFF7F4
:10616000D1F80B48FFF7DAFF50B10948FFF70AFDF5
:1061700000202070BDE8104050210548FAF740B8D3
:10618000BDE81040FEF7F0BE10BD00008401002005
:10619000540A00202DE9F04FCFB0484E7079002707
:1061A00000282ED0777146480068FAF75BFE044657
:1061B00044480D460068FAF755FEB6F810C0B28A9A
:1061C000738AB6F80E80CDE90B8CCDE90D32327AA8
:1061D000F37996F800C0D6F84C80CDE9078CCDE96C
:1061E0000932D6E90D3CB26CCDE9043C8DE83300B0
:1061F0000692F269344922A801F04EFE22A805F069
:1062000011FDB079002855D02C4887711CA805F0E5
:10621000DBFC2198FAF726FE04460D462098FAF793
:1062200021FE06460F461F98FAF71CFE8046894657
:106230001E98FAF717FE82468B461D98FAF712FE53
:10624000CDE91A011C98FAF70DFECDE918011F4897
:106250000068FAF707FECDE9160118481CA1027A7A
:10626000C3794089CDE90AABCDE90C89CDE90E6748
:10627000CDE91045CDE9133215911290DDE91A01EF
:10628000CDE90801DDE91801CDE906010B48416CB3
:10629000026CC06BCDE903210290DDE91601CDE966
:1062A00000010648C2690E4922A801F0F5FD22A8A6
:1062B00005F0B8FC4FB0BDE8F08F0000700300207F
:1062C000100000200C00002044D900082C01002000
:1062D0005241312E352D544553542D4D4F444500D8
:1062E000F0D8000810B51349C8690A30C861C88AD7
:1062F0000022401C80B20123C882142801D3CA8224
:106300004B71088B401C80B20883642801D30A8338
:106310008B71087800280CD0C8690C6A001B05D561
:10632000C8694C6A001BB0F5FA6F02D9CB700248FD
:10633000027010BD700300208601002030B5802857
:1063400013D2202911D20C4B1B790BB172B1002250
:10635000012301F00704A340C908084D00EBC11058
:10636000012A05D0295C9943295430BD0122EFE769
:10637000295C1943295430BD9C000020D80300201B
:10638000002805D0FF224FF400710248F9F731BF11
:106390000022F8E7D8030020014A1080518070479E
:1063A0009C0000202DE9F04782460E469146DFF81A
:1063B00098803178B8F800000844802805D2B8F8F1
:1063C000020071780844202802D30020BDE8F0873D
:1063D00000252BE0AAF1200101FB0050726832F881
:1063E000107000241EE007FA04F000040BD5B8F882
:1063F00002004A46284481B2B8F80000204480B226
:10640000FFF79CFF0DE0B9F1000F1AD00022B8F899
:106410000200284481B2B8F80000204480B2FFF79F
:106420008DFF641C3078A042DDD86D1C7078A842C6
:10643000D0D8B8F8000031780844A8F800005046D9
:10644000C4E70122E3E700009C00002070B5044689
:106450000D46164609E032462946FFF7A3FF21788C
:10646000884201D0207870BD641C20780028F2D1C9
:10647000207870BD70B500240E4D04F1B000C2B29A
:1064800000213C2005F09AFE002211463C2005F038
:1064900095FE102200213C2005F090FE05EBC41271
:1064A000802340213C2005F08FFE641CE4B2082CC0
:1064B000E3D370BDD80300207047000010B5094C2D
:1064C000A069401EA0616168012905D120B9FBF7D0
:1064D000ABFB054801F0FCF9A069002801D10120BF
:1064E000A06110BD84010020B4090020AFF300803A
:1064F0000CB50022019200922748016841F48031D6
:1065000001604FF4A063016801F40031009101992A
:10651000491C0191009911B901999942F3D101687F
:10652000890302D50121009100E000920099012920
:1065300030D11A490A6842F010020A600A6822F053
:1065400003020A600A6842F002020A604168416080
:1065500041684160416841F480614160416821F4D3
:106560007C114160416841F4E8114160016841F0EB
:106570008071016001688901FCD5416821F0030147
:106580004160416841F0020141604168C1F381010D
:106590000229FAD10CBD0000001002400020024088
:1065A00002490148086070470000F0412C000020BB
:1065B0000448054902780548052A01D00160704762
:1065C00001607047F1010020000070412C000020A4
:1065D0000249014808607047000070412C0000200B
:1065E0001048002142781048152A0DD2DFE802F049
:1065F0000B0B0B0B0B0B0B1414141414181818188A
:1066000018180D100B0001607047012101607047E0
:106610006FF00301016070474FF0FF310160704778
:1066200001607047F0010020280000202DE9F04FA4
:106630003248DFF8CC8033494078DFF8CC90334AD9
:10664000DFF8CCA0334BDFF8D0B0344C344D354EAE
:10665000354F032821D009281FD0DFF8D0E0DFF81C
:10666000D0C0132825D008282FD0102839D01128C1
:1066700037D028B1042803D00F2801D014280AD11C
:10668000C1F800802B4810602B4818602B48206010
:106690002B4828603E60BDE8F08FC1F80080C2F84A
:1066A0000090C3F800A0C4F800B0264828603E60FF
:1066B000F1E725480860C2F800E0C3F800A0C4F87C
:1066C00000B0C5F800C03E60E5E720480860C2F8A9
:1066D00000E01F4818601F482060C5F800C03E60F9
:1066E000D9E71D480860C2F800901C4818601C4893
:1066F0002060C5F800C03E60CDE70000F00100203A
:106700000000164644010020000096424801002087
:1067100000C0DA454C01002000000C42500100206E
:10672000540100200000A0415801002000009042C8
:1067300000401C450000404200C0C1450000F84137
:106740000080D4440000AF4400B01A4600803B46AD
:106750000000FA450000204200601F4600A00C46E1
:10676000000034422DE9F0478946174D00242E1DC4
:10677000002801D12C803480134F083707F104081A
:10678000B9F1000F02D13C80A8F80040002804DDD8
:1067900005F0C5F830802C8003E0348005F0BFF8A8
:1067A0002880B9F1000F07DD484605F0B8F83880B9
:1067B000A8F80040BDE8F0873C80484605F0AFF8F7
:1067C000A8F80000F6E70000343401400F4948788B
:1067D000052812D0132810D006280ED012280FD06A
:1067E000072810D008280ED009280CD00A280AD073
:1067F0000B2808D0282008707047102008707047B8
:106800001920087070471E2008707047F0010020A2
:106810000A480B490B4A40780B4B002809D0032843
:1068200007D0142805D0042802D111600748186049
:10683000704711600648186070470000F0010020A2
:106840000000F0415C010020600100200000404297
:1068500000001042054801680548002902D005499A
:10686000016070470021016070470000CC000020EB
:106870002C00002000000C420249014808607047CB
:10688000000070412C00002010B5A52001F01EF979
:10689000BDE81040602001F019B910B5A52001F045
:1068A00015F9BDE81040652001F010B92DE9F04759
:1068B00006460024DFF85480DFF85490A8F5B4674A
:1068C0001FE008EB04150022D5E90201114BFAF78D
:1068D000F5FA14D3D5E9020100221346FAF7D6FAE5
:1068E0000DD3D5E90201FAF7A4FA80B22A6847F875
:1068F0002020B9F806108A4201D947F82010641CFC
:10690000E4B2B442DDD3BDE8F0870000F01200200D
:10691000280300200080764030B50346002014E0B4
:106920000C78A24210D1002205E0521C85188C5C24
:106930005D5DAC4205D18C5C1CB184181C5D002CE3
:10694000F3D18A5C002A04D0401C1A5C002AE7D1EB
:10695000501E30BD4FF0E021042804D0086920F01B
:10696000040008617047086940F00400086170473E
:106970007047000010B50F48016841F00101016047
:1069800041680D4A1140416001680C4A11400160A4
:10699000016821F480210160416821F4FE01416019
:1069A0004FF41F018160FFF7A1FD05494FF0006022
:1069B000086010BD001002400000FFF8FFFFF6FE67
:1069C00008ED00E070B5048C24F001040484058B0C
:1069D000048C25F0F3054FF6FF7606EA0313134304
:1069E0002B43104A90420ED00F4A90420BD0B0F188
:1069F000804F08D00D4A904205D00D4A904202D0F7
:106A00000C4A904205D124F002020A4342F00101EF
:106A100004E024F00A020A4342F0010103830184E6
:106A200070BD0000002C0140003401400004004013
:106A300000080040000C0040F0B5048C24F0100465
:106A40000484068B048C4FF6FF7505EA011726F4C3
:106A5000734605EA0333334305EA02221A43104B17
:106A600098420ED00F4B98420BD0B0F1804F08D017
:106A70000D4B984205D00D4B984202D00C4B9842DA
:106A800005D124F02001394341F0100104E024F045
:106A9000A0030B4343F0100102830184F0BD00000A
:106AA000002C014000340140000400400008004078
:106AB000000C0040F0B5048C24F480740484858BB1
:106AC000048C4FF6FF7707EA012625F0F30507EA65
:106AD000031313432B43104A90420ED00F4A9042A7
:106AE0000BD0B0F1804F08D00D4A904205D00D4A2E
:106AF000904202D00C4A904205D124F400713143F7
:106B000041F4807104E024F420620A4342F480716D
:106B100083830184F0BD0000002C0140003401405B
:106B20000004004000080040000C0040F0B5048C58
:106B300024F480540484868B048C4FF6FF7505EA98
:106B4000013726F4734605EA0222324305EA03338D
:106B50001343104A90420ED00F4A90420BD0B0F12E
:106B6000804F08D00D4A904205D00D4A904202D085
:106B70000C4A904205D124F40051394341F480512C
:106B800004E024F402420A4342F4805183830184E6
:106B9000F0BD0000002C0140003401400004004022
:106BA00000080040000C004070B588B004460D4657
:106BB00005F086FB01210846FEF7E8FCADF80C4025
:106BC000ADF808500024ADF80E40ADF80A404FF083
:106BD000804602A9304600F0F9FB0420ADF814000D
:106BE000ADF816400125ADF81850ADF81A40ADF8D3
:106BF0001C4005A9304600F049FA1C208DF804001D
:106C00008DF805508DF806508DF8075001A8FDF756
:106C1000DBFB01220521304600F086FA01213046D7
:106C200000F0ECF808B070BD30B54FF08042118A2A
:106C3000174B4FF000041888050626D4CD0706D060
:106C4000450604D5C543AD0610D0401C1880480742
:106C50001BD51888410610D540F080001880108F91
:106C60005880108C20F0200010840EE040F080004E
:106C700018804FF6FF705880E9E75C80402018804C
:106C80009484108C40F020001084148230BD0000E9
:106C9000C400002003480188018821F0010101801F
:106CA000704700001004004003480188018821F06B
:106CB00001010180704700001008004070B5294CA8
:106CC0000121204600F0D5F900284AD001212046B4
:106CD00000F091F8244D2878142801D1FFF702FB29
:106CE000224CA089401CA0816078401C6070E08824
:106CF00008B1401EE080287838B1012805D002286C
:106D000003D0032801D0142801D1FCF7CBFB28784D
:106D100018B1032801D0142801D10121E170012804
:106D200001D1FAF745FE6078022816D90025657072
:106D3000FCF772FB2169F9F791FD20612178491C6C
:106D4000C9B22170322908D10949F9F711FE094960
:106D500008602561257004F0E7FDBDE8704002F091
:106D600093BA70BD00100040F1010020AC0000207B
:106D7000000048422C0100201FB501211020FEF721
:106D800005FC41F61F40ADF804006320ADF8080093
:106D9000104C01A9204600F019FB0121204600F00B
:106DA00027F801221146204600F0BEF936218DF861
:106DB000001004218DF8011002218DF8021001212C
:106DC0008DF803106846FDF7FFFA0121204600F018
:106DD00015F81FBD00100040002904D0018841F0C3
:106DE000800101807047018821F080010180704797
:106DF000C94301827047C94301827047002904D00A
:106E0000018841F0010101807047018821F00101F2
:106E100001807047002905D030F8441F41F400413B
:106E20000180704730F8441FC1F30E0101807047A4
:106E300010B5734988420AD1C41401212046FEF7D7
:106E4000CFFB2046BDE810400021FEF7C9BBB0F1E2
:106E5000804F0CD06B49884213D101210220FEF7EC
:106E6000A3FB0021BDE810400220FEF79DBB0121DD
:106E70000846FEF799FB0021BDE810400120FEF70F
:106E800093BB6149884209D101210420FEF78CFBA4
:106E90000021BDE810400420FEF786BB5B49884214
:106EA00009D101210820FEF77FFB0021BDE8104039
:106EB0000820FEF779BB5649884209D101211020EC
:106EC000FEF772FB0021BDE810401020FEF76CBBFE
:106ED0005049884209D101212020FEF765FB00219D
:106EE000BDE810402020FEF75FBB4B4988420AD125
:106EF000441401212046FEF773FB2046BDE81040F4
:106F00000021FEF76DBB454988420AD10121CC041E
:106F10002046FEF765FB2046BDE810400021FEF745
:106F20005FBB3F4988420AD101210C052046FEF78C
:106F300057FB2046BDE810400021FEF751BB394900
:106F400088420AD101214C052046FEF749FB204624
:106F5000BDE810400021FEF743BB3349884209D108
:106F600001214020FEF720FB0021BDE81040402019
:106F7000FEF71ABB2D49884209D101218020FEF776
:106F800013FB0021BDE810408020FEF70DBB28490F
:106F900088420AD1841501212046FEF705FB2046D0
:106FA000BDE810400021FEF7FFBA224988420AD10D
:106FB00001210C042046FEF713FB2046BDE81040DB
:106FC0000021FEF70DBB1C4988420AD101214C0467
:106FD0002046FEF705FB2046BDE810400021FEF7E5
:106FE000FFBA164988420AD101218C042046FEF7D7
:106FF000F7FA2046BDE810400021FEF7F1BA10BDB7
:10700000002C01400004004000080040000C00403B
:10701000001000400014004000340140004C0140CA
:10702000005001400054014000180040001C004086
:107030000020004000400140004401400048014061
:1070400070B50589048B068C25F007050D434FF6B6
:10705000FC410C4040F201110C4326F022064FF691
:10706000FF7101EA03111143314305810483018457
:1070700070BD02460020138A0B4092890A40002B03
:1070800002D0002A00D001207047000070B50546EC
:107090000C461D48854209D01C48854206D0B5F1F2
:1070A000804F03D01A48854200D01A482088618852
:1070B000A288238960B1042813D008281AD0284652
:1070C000FFF734FDE1882846BDE8704000F072B952
:1070D0002846FFF777FCE1882846BDE8704000F0BD
:1070E0004DB92846FFF7A8FCE1882846BDE8704066
:1070F00000F04CB92846FFF7DDFCE1882846BDE8E2
:10710000704000F04FB90000002C014000340140F5
:10711000000400400008004000210180418001225D
:107120008280C18001817047002A03D082890A438E
:107130008281704782898A438281704730B5028C90
:1071400022F001020284028C8388048B24F07004F4
:1071500024F003050C882C4322F002020D8915430C
:107160004A882A43124DA8420BD0124DA84208D09B
:10717000114DA84205D0114DA84202D0104DA84291
:107180000FD122F008054A892A4322F004058A8893
:107190002A4323F4807323F400738D891D43CB8924
:1071A0002B4383800483C9888186028430BD00001C
:1071B000002C0140003401400040014000440140E7
:1071C00000480140028B22F008020A430283704704
:1071D00070B5028C22F010020284028C8388048B2A
:1071E00024F4E04424F440760D884FF6FF7404EA5A
:1071F0000525354322F020020E8904EA06161643BF
:107200004A8804EA02123243114EB04202D0114EB3
:10721000B04217D122F080024E8904EA06161643C6
:1072200026F040068A8804EA0212324323F480637F
:1072300023F400638E8904EA86061E43CB8904EAA0
:107240008303334383800583C9880187028470BD2B
:10725000002C014000340140028B22F400624FF602
:10726000FF7303EA012111430183704770B5028C5B
:1072700022F480720284028C8388848B24F0700450
:1072800024F003040D88254322F400720E894FF682
:10729000FF7404EA062616434A8804EA02223243AF
:1072A000114EB04202D0114EB04217D122F4006606
:1072B0004A8904EA0222324322F480668A8804EA78
:1072C0000222324323F4805323F400538E8904EACC
:1072D00006161E43CB8904EA031333438380858358
:1072E000C9888187028470BD002C014000340140B0
:1072F000828B22F008020A438283704770B5028CA9
:1073000022F480520284058C8288838B23F4E0432C
:1073100023F440760C884FF6FF7303EA04243443C9
:1073200025F400550E8903EA06362E434D8803EAFC
:1073300005353543094EB04202D0094EB04205D161
:1073400022F480468A8903EA82123243828084834F
:10735000C988A0F84010058470BD0000002C0140D1
:1073600000340140828B22F400624FF6FF7303EA7F
:10737000012111438183704781847047028B22F081
:107380000C020283028B0A4302837047028B22F4B1
:1073900040620283028B4FF6FF7303EA01210A4326
:1073A00002837047828B22F00C028283828B0A4315
:1073B00082837047828B22F440628283828B4FF6F5
:1073C000FF7303EA01210A438283704730B50288C4
:1073D0001B4C1C4DA0420DD0A8420BD0B0F1804FE9
:1073E00008D0194B984205D0184B984202D0184B40
:1073F000984203D122F070034A881A43154B9842F1
:1074000006D0154B984203D022F44073CA881A4321
:1074100002808A8882850A880285A0420AD0A84212
:1074200008D00E4A904205D00D4A904202D00D4A33
:10743000904201D1097A01860121818230BD00008C
:10744000002C0140003401400004004000080040CE
:10745000000C0040001000400014004000400140BB
:1074600000440140004801404FF6FF718180002137
:107470000180C18041800172704710B58278C17867
:1074800042EA0123028884886240C4885C406240EA
:10749000491E00EB81035C8954409A896240C9B25D
:1074A0000029F5D10089904201D0012010BD0020B3
:1074B00010BD000070B504460E4800784038F9F75A
:1074C00040FC06462046F9F7CDFC0B4A0B4BF9F77A
:1074D00040FB04460D460A493046F9F717FAF9F71A
:1074E000C1FC22462B46F9F78DFABDE87040F9F74A
:1074F00081BC0000E40000209A9999999999B93FBC
:107500000000304170B504461048006800281AD0C9
:107510008738F9F716FC06462046F9F7A3FC0C4A13
:107520000C4BF9F716FB04460D460B493046F9F7AC
:10753000EDF9F9F797FC22462B46F9F763FABDE817
:107540007040F9F757BC002070BD0000CC0000204F
:107550009A9999999999B93F0000C8412DE9F0414C
:107560000546FDF74FF9294C94F90000F9F7E9FBBE
:10757000804641466068F9F771F906466060244824
:1075800004782846F9F76EFC4FF03332214BF9F7B7
:10759000E0FA052C1CD004460D463046F9F762FC93
:1075A0001D4A1E4BF9F7D5FA06460F461C494046C0
:1075B000F9F7ACF9F9F756FC32463B46F9F722FAEF
:1075C00022462B46F9F71EFABDE8F041F9F712BC46
:1075D00004460D463046F9F745FC124A124BF9F7BE
:1075E000B8FA06460F4611494046F9F78FF9F9F700
:1075F00039FC32463B46F9F705FA22462B46F9F7A5
:1076000001FABDE8F041F9F7F5BB0000F8010020F0
:10761000F10100203333C33F2D431CEBE2361A3F08
:107620000000AF437B14AE47E17A843F0000E143A2
:1076300070B504460E480088A038F9F782FB06466C
:107640002046F9F70FFC0B4A0B4BF9F782FA044678
:107650000D460A493046F9F759F9F9F703FC224675
:107660002B46F9F7CFF9BDE87040F9F7C3BB00002E
:10767000060300209A9999999999B93F00004040D2
:1076800010B504461048844212D810480078F9F723
:1076900061FB2146F9F746FC0AD30D4800680D4905
:1076A000884205DB0C480078012801D0002010BD7D
:1076B00001200A4A00211180121D1180121D118023
:1076C000121D118010BD0000000020C2F00100203A
:1076D0002C0100209A991941040000203434014003
:1076E0002DE9F041274CE669274922460978926A3C
:1076F00003292FD007292DD009292BD004292DD0DB
:1077000008292BD00A2929D0052929D006292AD0D1
:1077100000226264012929D0022927D0E16AF9F701
:10772000F5F81A4F3946F9F723F905463146606CEA
:10773000F9F7ECF83946F9F71BF92946F9F78EF80D
:1077400013490968F9F78AF8A064124909780329EE
:107750000ED011E082F000426264DBE76264D9E798
:107760000D4A6264D6E70D4A6264D3E7216AD6E720
:10777000A168F9F7CBF8A064A06CBDE8F041F9F777
:107780000CBB000038010020860100200000C84228
:1077900030000020F1010020000048C200004842F3
:1077A0002DE9F047DFF89890B9F90880A9F804802E
:1077B0002449D9F81400884202DDC9F8141004E005
:1077C0002149884201D9C9F81410B9F90600A8EB7B
:1077D0000000F9F7C4FA1D4A1D4BF9F7BAF904463F
:1077E0000D46D9F81400F9F73DFB1A4A1A4BF9F780
:1077F000B0F906460F464046F9F7B1FA4FF033327A
:10780000164BF9F7A6F932463B46F9F79CF92246A2
:107810002B46F9F798F9F9F769FBC9F81000A9F8B0
:1078200006800F4801680F480068FFF729FF01280C
:1078300002D10020C9F81400D9F81000BDE8F08783
:107840001003002000002F4400002FC49A9999993A
:107850009999C93F2D431CEBE2361A3F333301C0DF
:107860002C0100200C00002070B5164D40F225516F
:10787000284600F0B8F928B1284600F04DFAC0B209
:1078800001F040FD40F227763146284600F0ABF982
:1078900000280FD00C4C6088228890420BD00B48F7
:1078A0006188415C284600F03BFA6088401CC0F3C8
:1078B0000800608070BD31462846BDE87040002257
:1078C00000F0B1B900500040F2000020580700203D
:1078D000AFF3008070B504462046F8F7BAFC82B2D8
:1078E000144908884B88C01A00F50070C31700EBD4
:1078F000D3536FF30803C01AA0F2FF10404280B2C6
:10790000824201D9002070BD0B4B07E00A88521C4F
:10791000C2F308020D88641C58550A80207800289C
:10792000F4D1012240F22771044800F07CF90120D3
:1079300070BD0000F20000205807002000500040F9
:1079400010B5084C40F22551204600F04CF90028B3
:1079500007D0204600F0E0F9C0B2BDE8104000F0CA
:1079600003B810BD0038014070B50546064C8021B3
:10797000204600F031F90028F9D029462046BDE81C
:10798000704000F0CDB900000038014070B5174CD0
:1079900040F225552946204600F025F9002823D03D
:1079A0002946204600F004F9204600F0B5F9C0B29F
:1079B0000F49097807290BD00A290DD00B290FD0C0
:1079C000082901D009290FD1BDE87040FAF72CBE73
:1079D000BDE87040FAF75CBEBDE87040FAF7BCBE87
:1079E000BDE87040FAF786BE70BD0000004400405C
:1079F000F101002070B586B0044601214804FDF76E
:107A0000C5FD01210420FDF7DDFD0425ADF814506E
:107A100018218DF8171003208DF816001C4E05A9AB
:107A20003046FBF797FA0820ADF814008DF8175090
:107A300005A93046FBF78EFA26208DF800000121BB
:107A40008DF801108DF802108DF803106846FCF7D0
:107A5000BBFC01940020ADF80800ADF80A00ADF8B9
:107A60000C00ADF810000C20ADF80E00094C01A977
:107A7000204600F0F3F8012240F22551204600F0A4
:107A8000D2F80121204600F09BF806B070BD00003E
:107A9000000801400044004070B50B4C40F22555F1
:107AA0002946204600F09FF800280BD029462046A2
:107AB00000F07EF8204600F02FF9C0B2BDE870401B
:107AC00004F038B970BD00000048004070B50546AC
:107AD000064C8021204600F07FF80028F9D0294686
:107AE0002046BDE8704000F01BB90000004800408F
:107AF00030B587B0044601218804FDF747FD012118
:107B00001120FDF75FFD01212648FBF777FA4FF4BE
:107B10008060ADF8180018208DF81B0003208DF848
:107B20001A00214D06A92846FBF714FAE814ADF80F
:107B3000180004208DF81B0006A92846FBF70AFA56
:107B400002940020ADF80C00ADF80E00ADF8100066
:107B5000ADF814000C20ADF81200144C02A9204618
:107B600000F07CF8002240F22771204600F05BF81C
:107B7000012240F22551204600F055F8012120460F
:107B800000F01EF827208DF8040001208DF8050074
:107B900002218DF806108DF8070001A8FCF714FCEF
:107BA00007B030BD10001400001001400048004034
:107BB00040F66A120A0A01219140C94301807047C8
:107BC000002904D0818941F4005181817047818965
:107BD00021F40051818170470246002012880A4238
:107BE00000D00120704770B5002440F66A12C1F33E
:107BF000421301F01F05012606FA05F2012B0CD0F5
:107C0000022B0DD0838A1340090A8E400088304031
:107C10000BB100B10124204670BD83891340F3E706
:107C2000038A1340F0E710B540F66A13C1F342131C
:107C300001F01F040121A140012B07D0022B07D026
:107C400014303AB102680A43026010BD0C30F8E704
:107C50001030F6E702688A43026010BD30B585B087
:107C600004460D46208A4CF6FF710840E98801431E
:107C70002182A0894EF6F3110840A9882A89114370
:107C80006A8902431143A181A08A4FF6FF4108404F
:107C9000A9890143A1826846FDF7B0FC1D488442D2
:107CA00001D1039800E00298A189090408D500EBEE
:107CB000C00101EB001029684900B0FBF1F007E0BA
:107CC00000EBC00101EB001029688900B0FBF1F066
:107CD0006422B0FBF2F109010B096FF018056B4348
:107CE00000EB8300A3891D044FF0320307D503EB9B
:107CF000C000B0FBF2F000F00700084306E003EB21
:107D00000010B0FBF2F000F00F000843208105B036
:107D100030BD0000003801408088C0F30800704783
:107D2000C1F3080181807047FEE700002DE9F041B2
:107D3000414A424E1278736A012A61D0072A5FD005
:107D4000082A5DD0022A5DD0092A5BD00A2A59D0C0
:107D50000B2A5BD00C2A5CD0394A1268F2630844C3
:107D60004042F8F7EEFF04467063B06BF9F77AF81B
:107D7000344A354BF8F7EDFEF9F7B8F807462046D8
:107D8000F9F770F8314A324BF8F7E3FE04460D4636
:107D90003846F9F767F822462B46F8F733FEF9F72D
:107DA000A5F80546B0630146306CF8F757FDF16B56
:107DB000F8F754FD30642749884200DD31642648D5
:107DC000316C814200D93064B169306CF8F79EFDA6
:107DD0002249F8F7CDFD044628467169F8F796FD6B
:107DE0001F49F8F7C5FD2146F8F78AFD30631D48A5
:107DF00001681D480068FFF743FC01280CD00DE026
:107E0000F363ACE783F00042F263A8E7174AF2633A
:107E1000A5E7174AF263A2E700203064154800780E
:107E2000032804D17168306BF8F770FD3063306B54
:107E3000BDE8F041F8F7B1BF86010020380100200D
:107E40002C000020E17A14AE47E1EA3F7B14AE47F4
:107E5000E17AC43F0000FA450000FAC50000C842BC
:107E60000000C8C22C0100200C000020000020C12E
:107E700000002041F10100200FB4054B10B503A90B
:107E8000044A029800F07EF910BC5DF814FB000073
:107E9000659F0008980000200FB4084B10B504A996
:107EA00002AA039800F06EF9044602A9002000F02F
:107EB000ECFC204610BC5DF814FB00008B88000829
:107EC000490050EAC12018BF04204A0D18BF40F0F5
:107ED000010040F2FF72B2EB515F08BF40F00200B8
:107EE000012808BF052070472DE9F0414F1E00EB27
:107EF000C7010446D1E9000115461E4637F00602C7
:107F00000DD02A463346F8F724FE7F1E04EBC70344
:107F1000D3E90023F8F776FD37F00602F1D1022FFE
:107F200025D0042F13D0062F18BFBDE8F0812A46B4
:107F30003346F8F70EFED4E90A23F8F763FD2A4624
:107F40003346F8F706FED4E90823F8F75BFD2A4626
:107F50003346F8F7FEFDD4E90623F8F753FD2A4629
:107F60003346F8F7F6FDD4E90423F8F74BFD2A462B
:107F70003346F8F7EEFDD4E90223F8F743FD2A462D
:107F80003346F8F7E6FDD4E90023BDE8F041F8F701
:107F900039BD0122F8F7BEBEF8F734BD0022134602
:107FA00010461146F8F747BE024A00201107F8F7BD
:107FB000B1BE000001FDFFFF0148006870470000EE
:107FC000C003002002E008C8121F08C1002AFAD12D
:107FD00070477047002001E001C1121F002AFBD149
:107FE000704700000149086070470000C00300208E
:107FF0002DE9FF5F82B00021DDE90430020DDDF8DC
:1080000040B0034318D044F61050A2F2FF3242436E
:108010001514119801281FD0A5EB0B00401C5FEA36
:10802000000A4FF000064E4FDFF83891B046504638
:1080300015D5CAF1000413E0119801244AA30128C0
:1080400001D16FEA0B010298119AC0E90031C0E931
:10805000024206B0BDE8F09FCBF10000DFE7044626
:108060000021404A491842EB0450CDE9001012E0CB
:10807000E00707D032463B4640464946F8F769FDDF
:108080008046894632463B4610461946F8F761FD60
:1080900006460F466410002CEAD1DDE90401DDE953
:1080A0000023BAF1000F06DAF8F753FD42464B46BB
:1080B000F8F74FFD05E0F8F7BEFD42464B46F8F7EE
:1080C000BAFD04460E460022284BF8F7F7FE03D807
:1080D0004FF0FF30014607E00022254B2046314695
:1080E000F8F790FCF9F7DAF8102409E0002C0ADB25
:1080F0000A220023F8F740FF039B30321A55641E12
:1081000050EA0102F2D1641C039AC4F11103144431
:10811000119A012A03D0012208430DD10AE0084335
:1081200004D000204FF0110B119072E7A3EB0B0568
:108130006D1E0DE05B4504DD4FF0000205F1010509
:1081400004E003DA4FF00002A5F10105002AECD0AB
:1081500002981199C0E90231C0E9004579E70000B1
:10816000000014400000F03F300000000000F04329
:108170000000E03F30380A2801D20120704700207B
:10818000704700002DE9FF4F95B09A468846064695
:108190000025EEE1252877D100242746F94A012160
:1081A000039400E0044316F8013F203B01FA03F07A
:1081B0001042F7D130782A2811D06FF02F03307891
:1081C000A0F13002092A16D8039A44F0020402EB07
:1081D000820203EB42021044761C0390EFE758F84A
:1081E000042B0392002A03DA504244F40054039013
:1081F00044F00204761C30782E2816D116F8010FB0
:1082000044F004042A280DD06FF02F023078A0F13A
:108210003003092B09D807EB870302EB4303C71888
:10822000761CF3E758F8047B761C30786C280FD066
:1082300006DC4C2817D068280DD06A2814D104E039
:10824000742810D07A280FD10DE044F400140AE00D
:1082500044F4801401E044F440147278824202D164
:1082600004F58014761C761C307866280BD013DC5D
:10827000582877D009DC002875D04528F6D0462844
:10828000F4D047281AD193E118E0632835D0642848
:1082900079D0652812D18BE1702873D008DC67286B
:1082A000F1D069286FD06E280DD06F2806D1ACE0D0
:1082B00073282CD0752874D0782853D0524617993B
:1082C00090476D1C54E1C4F30250022809D00328E2
:1082D0000DD0D8F8001004280DD00D6008F1040866
:1082E00046E1D8F80010EA17C1E90052F6E7D8F8DD
:1082F00000100D80F2E70D70F0E718F8041B8DF800
:10830000001000208DF80100EB46012003E058F832
:1083100004BB4FF0FF3061074FF0000102D40DE0C5
:1083200009F101018946B9420FDA8145F8DB1BF8F2
:1083300009100029F4D108E009F1010189468142C0
:10834000FADB1BF809100029F6D103985346A0EB7D
:10835000090721463846179A00F080FA284400EBB6
:10836000090507E044E008E10DE01BF8010B524667
:1083700017999047B9F10109F7D25346214638467B
:10838000179AF2E039E00A21C4F302524FF0000BD1
:108390000091022A06D058F8040BC117032A09D00D
:1083A0000AE023E008F1070020F00702F2E80201EA
:1083B000904605E000B2C117042A01D140B2C117AE
:1083C000002906DA0A460021404261EB02012D2213
:1083D00002E0220504D52B228DF80420012203E0BF
:1083E000E20701D02022F7E7914657E00A2100E09A
:1083F00010214FF0000B00910BE010214FF0000B0B
:1084000044F004040827009103E008204FF0000B1B
:108410000090C4F30252022A05D058F8040B002140
:10842000032A08D008E008F1070020F00702F2E86C
:108430000201904603E080B2042A00D1C0B24FF09E
:10844000000922072AD53278702A07D0DDF800C04B
:108450008CF0100C5CEA0B0C05D00EE040228DF87D
:108460000420012208E050EA010306D030238DF8F1
:1084700004308DF8052002229146009B83F008030A
:1084800053EA0B030AD150EA010201D1620705D574
:1084900030228DF804204FF001097F1E3278582ACF
:1084A00004D039A20C920CAA02920BE03BA2F9E78D
:1084B0005B46009AF8F760FD0C9B9B5C029A521E8B
:1084C0000292137050EA0102F2D1029804A9081A2C
:1084D00000F1200B600702D524F4803400E001276E
:1084E0005F4502DDA7EB0B0000E0002000EB0B0175
:1084F000009003984944401A0390E00306D4534681
:108500002146179A039800F0A9F90544002706E0D0
:1085100001A85246C05D179990476D1C7F1C4F45BE
:10852000F6DBE0030CD553462146179A039800F07A
:1085300095F9054404E030205246179990476D1C88
:108540000099481E00900029F5DC08E00298029985
:1085500052460078491C0291179990476D1CBBF157
:108560000001ABF1010BF1DC5BE100F065F90544C2
:10857000761C307800287FF40DAE19B02846BDE88F
:10858000F08F00000928010030313233343536379E
:10859000383961626364656600000000303132334F
:1085A00034353637383941424344454600000000EF
:1085B000600700D4062708F1070020F00700F0E864
:1085C0000223804603F0004C5FEA0C0001D097A024
:1085D00009E0200501D596A005E0E00701D095A0AF
:1085E00001E0AFF24C001390307823F0004365288F
:1085F0000CD006DC452809D046281DD047287FD15D
:108600003BE0662818D067287AD136E00021112F88
:1086100001DB112000E0781CCDE9000104A90CA8C1
:10862000FFF7E6FCDDE90D010C9A4FF0000B07F1B6
:108630000109109200914EE04FF000400097CDE903
:10864000011004A90CA8FFF7D3FCDDE90D020C9B77
:108650000F994FF0000B91461093009211B9791CBD
:1086600000EB0109B7EB090003D4C0F1FF3B07F1B0
:108670000109A9EB0700019042E0012F00DA012770
:108680000021112F01DD112000E03846CDE9000165
:1086900004A90CA8FFF7ACFCDDE90D010C9A0091D0
:1086A0004FF0000BB946109221070FD4009A4A45AB
:1086B00003DA914601E0A9F10109B9F1010F05DDE5
:1086C000109AA9F10101515C3029F4D0B84202DAC4
:1086D00010F1040F03DA0121CDE9011010E00028A8
:1086E00003DC8344A9EB000102E0411C494500DDA5
:1086F0008946A0EB0B00401C01904FF00040029017
:10870000200705D40198484502DB4FF0FF30019067
:1087100000208DF84B0002980DF14B07B0F1004F8F
:1087200025D002200C902B200D90029800280CDA06
:10873000404202902D200D9007E00A210298F8F7A0
:1087400005FC3031029007F8011D0C99481E0C9071
:108750000029F2DC02980028EFD1791E0D980870EC
:10876000307800F0200040F0450007F8020D11A815
:10877000C01BC01D02901398007800B1012000EBCF
:108780000901019801EBE071029801440398401A35
:10879000401E0390E00306D453462146179A0398DF
:1087A00000F05CF805441398007818B15246179908
:1087B00090476D1CE00323D553462146179A039832
:1087C00000F04CF805441BE0BBF1000F07DB0098FC
:1087D000584504DD1098179910F80B0001E017991F
:1087E00030205246904701980BF1010B401E05F1D5
:1087F0000105019004D12E205246179990476D1C17
:10880000B9F10001A9F10109DEDC05E017F8010B5F
:108810005246179990476D1C0299481E02900029F4
:10882000F4DC53462146179A03989EE62D0000007B
:108830002B000000200000002DE9F0410446002537
:108840001E461746880404D405E039462020B04768
:108850006D1C641EF9D52846BDE8F0812DE9F04174
:10886000044600251E469046C80301D5302700E087
:108870002027880404D505E041463846B0476D1CE2
:10888000641EF9D52846BDE8F0810A68531C0B60C8
:10889000107070472DE9FE4F074688460025684650
:1088A00001F09AFB00246FF00F0AE946012657F801
:1088B000240058F82410401A00D54042F8F741FA35
:1088C0005146F8F793F859F8241011F0FF4F0ED0E5
:1088D000F8F74EF84FF07E51F8F712F80B4920F0F8
:1088E000004088420BDD06FA04F0054307E0084922
:1088F00008440849884202D306FA04F00543641C80
:10890000032CD4DB2846BDE8FE8F0000295C0F3E17
:10891000666666C19A99D9002DE9F04D8D4F21F018
:10892000004A86B005460C46BA452ADBAAEB07008A
:1089300028430AD08848824501DC1AD1CDB106B05F
:108940002846BDE8F04DFFF724BB844A844B2846F7
:10895000F8F7FFF807460E46824A834B2846214621
:10896000F8F7F7F806B03A463346BDE8F04DF8F7A9
:1089700049B80120FFF736FB06B0BDE8F04DFFF720
:108980000DBB7A48824542DABAF1795F0BDA2846A4
:10899000FFF796FA042808BFFFF706FB284606B043
:1089A0002146BDE8F08D2A460B461046F8F7D1F86F
:1089B000834602466E480E460B4606217844FFF772
:1089C00093FA5A463346F8F7C4F8804669488A460F
:1089D0005A46334604217844FFF786FA5A4633460E
:1089E000F8F7B7F800223B46F8F70CF802460B46BA
:1089F00040465146F8F71FF92A462346F8F7A9F8EA
:108A000006B02A462346BDE8F04DF7F7FBBF2846DF
:108A100024F0004100223D463B46F8F797F84FF01E
:108A2000FF32F8F777F90646024653480F460B46E1
:108A300006217844FFF758FA32463B46F8F789F8A2
:108A4000CDE900014D4832463B4604217844FFF70A
:108A50004BFA32463B46F8F77CF800222B46F7F7F4
:108A6000D1FF834602913046394603F081FB8046B0
:108A700043480D46504517DCDDE900015A46029B8C
:108A8000F8F7D9F842462B46F8F763F842462B46EA
:108A9000F7F7B8FF0122F8F73DF9304A304BF8F705
:108AA00052F8304A304B4CE04FF0000A52460B4629
:108AB0004046F7F7A7FFCDE9031052462B46104674
:108AC0001946F8F746F832463B46F8F73FF8DDE935
:108AD0000332F8F7B0F806460F46DDE900015A46C2
:108AE000029BF8F7A8F883460091012230463946E8
:108AF000F8F710F9194A1A4BF8F728F806460F4606
:108B0000012240462946F8F705F95A46009BF8F736
:108B100020F832463B46F8F716F806460F46012283
:108B200050462946F8F7F6F80E4DDFF858802A46E9
:108B30004346F8F70BF832463B46F8F707F82A4663
:108B40004346F8F703F8002CD8BF81F0004106B087
:108B5000BDE8F08D0000F03F0000F07F075C1433AB
:108B600026A6913C182D4454FB21F93F0000E03F1C
:108B7000B04D0000C64D00003A4D0000504D0000C1
:108B80003333EF3FFB21E93F2DE9F84F04460D4613
:108B900021F0004000917349814211DC7249884202
:108BA00001DC06D12CB120462946BDE8F84FFFF77D
:108BB000F0B96E48002DCCBF6D496E49BDE8F88F05
:108BC0006D49814211DD6D498142D8BF4FF0FF36BA
:108BD0006DDD20462946FFF773F9042808BFFFF72B
:108BE000E3F920462946BDE8F88F6549654F25F031
:108BF0000045814233DD6449814219DD0026324659
:108C00004FF0804320462946F7F7FCFE80468A460F
:108C1000012220462946F8F77DF800223B46F7F767
:108C200092FF42465346F8F706F804460D463EE0EA
:108C300001260022BA463B4620462946F7F7E2FEC7
:108C400080460F460022534620462946F7F77BFF11
:108C500042463B46F7F7EFFF04460D4627E04B49F7
:108C600081421BDDDFF828A1022600225346204660
:108C70002946F7F76EFF00223B46F7F7C3FE804612
:108C80000F460022534620462946F7F75CFF42462E
:108C90003B46F7F7D0FF04460D4608E00326224680
:108CA0002B4600203B49F7F7C6FF04460D462246F7
:108CB0002B4610461946F7F74CFF8B468246024674
:108CC0000B46F7F746FF07460246334888460B46F1
:108CD00006217844FFF708F952465B46F7F739FF5B
:108CE00082462E488B463A46434605217844FFF794
:108CF000FBF83A464346F7F72CFF02460B46002E98
:108D0000504659460CDAF7F77DFE22462B46F7F718
:108D100020FF01B022462B46BDE8F04FF7F716BF03
:108D2000F7F770FE22462B46F7F713FF1C4A7A44EA
:108D300002EBC603D3E90023F7F705FF22462B46D3
:108D4000F7F701FF174A7A4402EBC603D3E9002381
:108D5000F7F7FCFE009A002AB8BF81F00041BDE899
:108D6000F88F0000000010440000F07F182D4454DC
:108D7000FB21F93FFB21F9BF0000DC3F0000203E52
:108D80000000F33F0000F03F0000E63F008003409A
:108D90000000F83F0000F0BF524B0000104B0000F5
:108DA000AE4A0000764A00002DE9F04D9446CCF121
:108DB000000423F000464CEA0404594F46EAD474F8
:108DC0009A46884621F00042BC4206D8454240EA15
:108DD000050442EAD474BC4204D9BDE8F04D6246B1
:108DE000FFF7DAB8AAF14055A5F17F6555EA0C0402
:108DF0000BD0022404EAAA744A4DDFF82CE144EABD
:108E0000D87452EA000B04D00CE0BDE8F04DFFF737
:108E1000BBBE002C14BF012CBDE8F08D022C30D05D
:108E2000032C32D056EA0C0B0AD0BE4220D1BA42F3
:108E300009D126F0804622F080423346114617E0E1
:108E400000291ADB25E0DFF8E4B0FB44002C04BF66
:108E5000DBE90001BDE8F08D012C02BFDBE9000178
:108E600081F00041BDE8F08D022C0AD0032C0CD01B
:108E7000BA4212D1B8F1000F0BDA2A482C49BDE8EA
:108E8000F08D28462B49BDE8F08D28467146BDE897
:108E9000F08D24482849BDE8F08D921B12153C2A1C
:108EA000C4BF204F244E10DCBAF1000FBEBF12F138
:108EB0003C0F00273E4608DB6246F7F7BCFE21F078
:108EC0000041FFF761FE07460E4694B1012C08BF32
:108ED00086F000460DD0194A194B022C384631460F
:108EE00015D0F7F730FE2A46BDE8F04D114BF7F7E5
:108EF0002ABE0022134638463146F7F7C7FF04BFA3
:108F00000220FFF76FF838463146BDE8F08DF7F7DD
:108F10001AFE2A46BDE8F04D064BF7F717BE0000D3
:108F20000000F07F182D4454FB2109C00A4A0000BC
:108F3000FB21F9BFFB210940FB21F93F075C1433FA
:108F400026A6A13C30B583B00446FFF735F80546A8
:108F50000020CDE90000024621466846F8F7CBF82C
:108F60002846FFF73FF8DDE9000103B030BD0000FF
:108F700010B586B001210805FCF708FB012130205F
:108F8000FCF720FB4FF48050ADF8140018208DF84A
:108F9000170003248DF8164005A91D48F9F7DAFFDC
:108FA0000420ADF814008DF8170005A91948F9F749
:108FB000D1FF35208DF800008DF8014001208DF89B
:108FC00002008DF803006846FBF7FEF94FF41650D7
:108FD00001900020ADF80800ADF80A00ADF80C00D3
:108FE000ADF810000C20ADF80E000B4C01A9204686
:108FF000FEF734FE012240F225512046FEF713FE13
:1090000001212046FEF7DCFDFAF7A8FD06B010BDF1
:1090100000100140001401400050004010B5022033
:10902000F9F7EEF900F0B4F90220FAF7B9FD0120E2
:10903000FAF7B6FD01F022FB01F004FBFBF728F87C
:10904000F8F7D6FC00214FF43460F8F7E7FCF9F7A5
:1090500027FEF9F773FE4FF4E13003F0E1F84FF427
:10906000967000F0B3F9FAF7EBFBFBF739F9F9F773
:10907000D9F9FBF70BFABDE81040F8F77BBD00000B
:1090800070B5364C4FF6FF752178002928D003299A
:1090900026D014292BD0022930D001292ED0042922
:1090A00031D0052934D0062932D0122933D01329E2
:1090B00034D0072935D0082933D0092931D00A29DD
:1090C0002FD00B292DD00C2930D00D292ED00E29D0
:1090D0002CD00F292AD0102928D0112926D029E0F8
:1090E000FFF746FF47212846FDF75EFD22E0FFF728
:1090F0003FFF47212846FDF757FD1BE04721284643
:10910000FDF752FD16E0FBF7D1FDFBF763FE11E022
:1091100001F004FB0EE000F053F80BE000F0C0FE9D
:1091200008E04FF4E130FEF765FC03E04FF46130F6
:10913000FEF7DEFC20780C38062803D3BDE870402B
:10914000FDF71ABE064901200860FDF7A6FBC820FE
:1091500000F03CF9BDE87040FDF796BBF10100203E
:109160008C81214270B50546284602F0D8FB134C8D
:109170000646B4F9020002F0D2FB301A02F0CFFB2F
:10918000FA2819DDB4F90200152185420CDA62785B
:10919000521E92FBF1F001FB1020C1B26170152943
:1091A00009D91420607006E06278521CB2FBF1F01D
:1091B00001FB10206070658070BD0000F001002090
:1091C000F0B587B0012140F20440FCF7FBF94FF401
:1091D0000040FCF7D1F91025ADF8045000248DF8BB
:1091E000074001A92548F9F7B5FE01210820FCF741
:1091F000E9F98DF807502020ADF8040001268DF81C
:1092000006601F4F01A93846F9F7A4FE0121082086
:10921000FCF7D8F98DF80750ADF804508DF80660CA
:1092200001A93846F9F796FE164D2846F8F79CFA3C
:1092300002948DF80C408DF80D404FF4602004909E
:1092400005948DF8186002A92846F8F7D7FA01218D
:109250002846F8F77CFA2846F8F72EFB2846F8F758
:10926000C6FA0028FAD12846F8F737FB2846F8F75F
:10927000ADFA0028FAD107B0F0BD000000080140A7
:10928000000C01400028014070B51B4B0125184619
:1092900019898089002200291AD0142817D99A81A7
:1092A0009878164C164EC8B1D6F8AC11F9B1002119
:1092B000C6F8AC11C4F88C515989491C89B259813E
:1092C000062904D1A8B1C6F8AC215A811A8170BD13
:1092D000B0F5967FFBD99A811D8170BDD4F88C11B1
:1092E00019B10021C4F88C11E6E70121FAE7012148
:1092F000DEE7C4F88C21E8E7AC00002000802142C2
:109300000000214230B5012300220D49242801D15B
:109310004B708A604C78012C02D10A4C8D686055E4
:1093200005D1232803D10B704A708868C86088680B
:10933000401C8860502802DB8A604A700A7030BD89
:1093400084010020040A0020F9F746BD0A2800DC49
:109350000020704770B50446E07800F0C00500F0CA
:109360003F006178094EC90707D0C30800F0070124
:10937000491C32680AB1184690476078000703D547
:10938000716809B1A8098847002070BDF80A00205B
:1093900010B50B480B490068B0FBF1F0C4B26FF098
:1093A0000400FDF7D7FA0849E008087000EB400216
:1093B000C2EBC0104FF6FF7202EAC000488010BD39
:1093C0003400002040420F005C000020084949881A
:1093D00048434FF0E021486100238B610120086180
:1093E0000869C20701D0C003FAD50B618B617047D1
:1093F0005C0000200249C8800028FDD170470000B1
:10940000AC0000204FF6FF7101EA4000014948809E
:10941000704700001C0100200849097848434FF0BC
:10942000E021486100238B61012008610869C207BF
:1094300001D0C003FAD50B618B6170475C0000203E
:1094400008B500280CD020208DF8000028208DF8C9
:10945000010030208DF8020038208DF8030004E070
:10946000A32204216846F6F7C4FE6A46042140F6AA
:109470009E2002F0C9F901F053FE08BD3EB5044636
:1094800002208DF80000CA208DF80100E3208DF83D
:10949000020009208DF803006A460421682002F0CA
:1094A000B3F9A3208DF80000610609D5C0218DF81D
:1094B0000110C8218DF80210C2218DF8031005E0BB
:1094C0008DF801008DF802008DF8030014F4C07FC0
:1094D00009D0C4218DF80410CC218DF80510C621C7
:1094E0008DF8061005E08DF804008DF805008DF864
:1094F00006008DF807008DF808008DF809006A460F
:109500000A2140F6A72002F07FF9A0074FF0D80506
:1095100003D020208DF8000001E08DF800506A464D
:10952000012140F6B62002F06FF9A00603D5012014
:1095300000F09AF802E0002000F096F814F4C07FE2
:1095400020D0E0050CD5B2208DF800008B208DF8DE
:109550000100B6208DF802009B208DF803000BE07F
:10956000B0208DF8000080208DF80100B4208DF827
:10957000020090208DF803006A46042140F6A220E4
:1095800002F042F9E0074FF40B6323D0F8208DF886
:1095900000006A460121184602F036F9FA21072038
:1095A00000F0ACFB072000F07BFB012000F094FBF7
:1095B000642000F055FC4FF4FA7000F061FCC82103
:1095C000274800F035FB282000F04AFB0A2000F075
:1095D00057FB06E08DF800506A460121184602F05C
:1095E00013F9A00703D5D9208DF8000001E08DF80C
:1095F00000506A46012140F23D7002F005F9600713
:1096000003D5012000F05CF802E0002000F058F8DB
:10961000E00603D50120FFF713FF02E00020FFF76B
:109620000FFF104D44F00800688101F079FD002023
:10963000A873600601D50620A87314F4C07F02D079
:10964000A87B801DA87314F0140F02D0A87B1030E3
:10965000A873A00702D0A87B001DA87300203EBD00
:1096600009E3CA02F80A00200EB54FF497630028F8
:109670000CD00DA0D0E900128068CDE90012029054
:109680006A460921184602F0BFF80EBD09A0D0E9CC
:1096900000128068CDE9001202906A46092118463E
:1096A00002F0B2F80EBD0000B8AAB38DB4980D3523
:1096B0005D000000B8AAAAAAB088C3C5C700000010
:1096C00008B500280CD0C0208DF80000C2208DF80D
:1096D0000100C4208DF80200C6208DF8030004E0CC
:1096E0008B2204216846F6F784FD6A46042140F681
:1096F000982002F089F801F013FD08BDC8234FF44B
:109700008062024940F6F63001F0BABBC0CA0008D8
:109710002DE9FF4F8DB01646DDE91A5207468846FF
:109720000024A146A5F80090DFF864B105A99BF8D4
:109730000E0001F067FC4FF0FF3A18B1504611B02F
:10974000BDE8F08FBBF80A3013F0140F61D09DF81C
:1097500017009DF814109DF8162040EA01609DF84E
:109760001510090441EA0221084330609DF81B10DE
:109770009DF818209DF81A4041EA02619DF81920D1
:10978000120442EA0422114371609DF81F209DF8E3
:109790001C409DF81EC042EA04629DF81D4024044E
:1097A00044EA0C242243B2609DF823409DF820C077
:1097B0009DF822B044EA0C6C9DF82140240444EA50
:1097C0000B244CEA040CC6F80CC0102400140190C1
:1097D00008140290101403904FEA2C400490019852
:1097E0000299404301FB01010398049A404302FBA4
:1097F00002000844A0F17060B0F1007F05D901F0CB
:109800008FFCA5F80090504699E7288840F48070B6
:109810002880590605A818D50219065D517841EA35
:109820000621A8F80010D178967841EA0621A8F818
:1098300002105179127941EA0221A8F80410A41DFE
:10984000E4B2298841F00801298013F4C07F15D0C3
:109850000119065D4A7842EA06223A80CA788E7873
:1098600042EA06227A804A79097942EA0121B980DE
:10987000A41DE4B2298841F070012980990702D023
:109880002044FFF767FD109802F04DF8002056E7DE
:10989000F80A002030B587B00446684601F078F930
:1098A000BDF80000420CC1033C48038903F00300EB
:1098B00054F820000490580702D5049840420490C0
:1098C000C3F3C10054F820000590980602D505980E
:1098D00040420590C3F3811054F820000690D8054B
:1098E00002D50698404206900498A0FB0145C31794
:1098F00003FB015300FB0230830043EA94700490A1
:109900000598A0FB0145C31703FB015300FB023080
:10991000830043EA947005900698A0FB0145C317A5
:1099200003FB015100FB0210810041EA9470069094
:109930000498000E8DF804000498000C8DF80500C2
:109940000498000A8DF8060004988DF80700059821
:10995000000E8DF808000598000C8DF80900059898
:10996000000A8DF80A0005988DF80B000698000E85
:109970008DF80C000698000C8DF80D000698000A72
:109980008DF80E0006988DF80F0001AA0C214FF4F7
:10999000257001F039FF07B030BD0000F80A002043
:1099A00030B585B0044616A1D1E900028968CDE939
:1099B000032102904FF0FF35C82C02D9284605B08C
:1099C00030BDC820B0FBF4F1491E080A8DF8000034
:1099D0008DF801106A46022140F2162001F014FFB2
:1099E00008B12846EBE702AA0C2140F6C12001F09D
:1099F0000BFF08B12846E2E7044884810020DEE737
:109A0000FEF2ABC4AAF1DFDFBBAFDFDFF80A002054
:109A10001FB53F49098901F0030250F82220019245
:109A20004A0702D5019A52420192C1F3C10250F88D
:109A3000222002928A0602D5029A52420292C1F371
:109A4000811250F822000390C80502D503984042C5
:109A500003903048019981FB00218B0043EA927109
:109A60000191029981FB00218B0043EA92710291DE
:109A7000039981FB0001800F40EA81000390019867
:109A8000000E8DF800000198000C8DF8010001987F
:109A9000000A8DF8020001988DF803006A4604213F
:109AA0004FF4747001F0B0FE4FF0FF3410B1204657
:109AB00004B010BD0298000E8DF800000298000C52
:109AC0008DF801000298000A8DF8020002988DF8C6
:109AD00003006A4604214FF4757001F095FE08B149
:109AE0002046E5E70398000E8DF800000398000C6F
:109AF0008DF801000398000A8DF8020003988DF894
:109B000003006A4604214FF4767001F07DFECFE732
:109B1000F80A002009E3CA0230B587B004463FA026
:109B2000006804903EA0006803903EA00068029088
:109B30003DA00068019004F0030004AB195C8DF8AF
:109B40001810C4F3C102995C8DF81910C4F3811187
:109B50005B5C8DF81A3003AB185C8DF81400985CD0
:109B60008DF81500585C8DF8160006AA032140F206
:109B7000264001F049FE4FF0FF3510B1284607B0EE
:109B800030BD05AA032140F22A4001F03DFE08B194
:109B90002846F4E7029806900198059060070BD5D7
:109BA0009DF8180040F001008DF818009DF8140091
:109BB00040F001008DF81400A0060BD59DF81900A7
:109BC00040F001008DF819009DF8150040F00100EB
:109BD0008DF81500E0050BD59DF81A0040F0010046
:109BE0008DF81A009DF8160040F001008DF816005F
:109BF00006AA03214FF4886001F006FE08B128464A
:109C0000BDE705AA032140F2314001F0FDFD08B196
:109C10002846B4E7054804810020B0E74CCD6C002D
:109C20000CC92C003656760026466600F80A00203D
:109C300008B54FF47A7290FBF2F04843010E8DF8AC
:109C40000010010C8DF80110010A8DF802108DF83A
:109C500003006A4604214FF4AE7001F0D5FD08BD43
:109C600008B50521B0FBF1F0010A8DF800108DF860
:109C700001006A4602214FF4AD7001F0C5FD08BD38
:109C800008B50521B0FBF1F0010A8DF800108DF840
:109C900001006A4602214FF4AC7001F0B5FD08BD29
:109CA00008B500210091C10701D030210091810742
:109CB00004D59DF8001041F00C010091400704D537
:109CC0009DF8000040F0030000906A4601214FF427
:109CD000A47001F099FD08BD08B500280BD0042838
:109CE00000D90420401E00906A46012140F24F1026
:109CF00001F08AFD08BD0120F4E700002DE9FC41D8
:109D00000546084669074FF0FF3602D0B0F5C86F28
:109D100002D93046BDE8FC81F7F71CF84B49F6F74D
:109D200027FE0746684600F011FF9DF80000022854
:109D300007D0042814D0082821D010282ED030466F
:109D4000E8E70E213846F6F751FEF7F73FF884B200
:109D50003F493846F6F7DAFDF7F738F880B22BE0DE
:109D60000D213846F6F742FEF7F730F884B239494C
:109D70003846F6F7CBFDF7F729F880B21CE00C2146
:109D80003846F6F733FEF7F721F884B23249384601
:109D9000F6F7BCFDF7F71AF880B20DE00B21384654
:109DA000F6F724FEF7F712F884B22C493846F6F796
:109DB000ADFDF7F70BF880B2210A8DF804108DF88D
:109DC0000540010A8DF806108DF80700E80701AC80
:109DD00011D001AA02214FF4EA7001F015FD08B17B
:109DE000304697E7A21C02214FF4927001F00CFD5F
:109DF00008B130468EE7A80711D501AA02214FF419
:109E0000EC7001F001FD08B1304683E7A21C02218D
:109E10004FF4947001F0F8FC08B130467AE7680717
:109E200011D501AA02214FF4EE7001F0EDFC08B14A
:109E300030466FE7A21C02214FF4967001F0E4FC5B
:109E400008B1304666E7002064E7000000004843A0
:109E5000000040460000C045000040450000C044EE
:109E600008B50521B0FBF1F0010A8DF800108DF85E
:109E700001006A4602214FF4EF7001F0C5FC08BDF5
:109E800008B50521B0FBF1F0010A8DF800108DF83E
:109E900001006A4602214FF4ED7001F0B5FC08BDE7
:109EA00030B587B001214FF48360FBF78BFB4FF493
:109EB0000040FBF761FB0720ADF8040028248DF873
:109EC0000740254D01A92846F9F744F80821ADF8C7
:109ED00004108DF8074001A92846F9F73BF8302116
:109EE000ADF804108DF8074001A92846F9F732F8BB
:109EF0000125ADF804508DF8074001A91748F9F77E
:109F000029F8174C2046F7F72FFC002102918DF815
:109F10000C108DF80D104FF46020049005918DF811
:109F2000185002A92046F7F769FC01212046F7F7EF
:109F30000EFC2046F7F7C0FC2046F7F758FC002837
:109F4000FAD12046F7F7C9FC2046F7F73FFC002876
:109F5000FAD107B030BD000000100140000C0140F4
:109F60000028014004490A885206FCD5024AC1B2C1
:109F7000121D1180704700000038014010B50A2002
:109F8000F9F790F8134C000960600C20F9F78AF893
:109F90000009A0600D20F9F785F8000960610E2026
:109FA000F9F780F80009E0600820F9F77BF800096C
:109FB0002061A068FFF7CAF9A060E068FFF7C6F962
:109FC000E0606069FFF7C2F9606100F04DFA20605F
:109FD00010BD0000CC0000202DE9FC4105462648BC
:109FE00001AB042240680D21007800F0C1FA10B1E5
:109FF0000720BDE8FC819DF807009DF80420C0F310
:10A00000011102F0E00241EAD2018DF800109DF842
:10A010000520C0F3810102F0E00241EAD2018DF88F
:10A0200001109DF8061000F0030001F0E00140EA85
:10A03000D1008DF8020000246E46305D20B10F483B
:10A0400045F824000E4F0AE0002045F824000CE0FB
:10A0500055F824003946F6F759FC45F82400305DE0
:10A06000401E10F0FF003055F2D1641CE4B2032C06
:10A07000E3D30020BDE70000000200207B14AE3EC9
:10A080001D5A843F2DE9F04788B005460C4692469C
:10A0900001208DF8140000278DF81570DFF8B883C3
:10A0A00005AB0222D8F80000817CD8F804000078C3
:10A0B00000F099FA4FF0FF3918B1484608B0BDE8F2
:10A0C000F087C820FFF782F98DF81470D8F80000E7
:10A0D00005AB0122C17BD8F80400007800F083FAB8
:10A0E00008B14846EAE7D8F8000005AB01224179FB
:10A0F000D8F80400007800F076FA08B14846DDE7A9
:10A10000D8F8000005AB0122817CD8F80400007863
:10A1100000F069FA08B14846D0E7D8F8000005AB6E
:10A120000122C17DD8F80400007800F05CFA08B183
:10A130004846C3E7D8F8000005AB01220179D8F8FA
:10A140000400007800F04FFA08B14846B6E70C2644
:10A150008DF81460D8F8000005AB01220179D8F819
:10A160000400007800F03FFA08B14846A6E70F2047
:10A17000FFF72CF9D8F82800407A8DF81400D8F8A9
:10A18000000005AB01228178D8F80400007800F0C7
:10A190002AFA08B1484691E7D8F82800007A8DF8E5
:10A1A0001400D8F8000005AB01224178D8F804006B
:10A1B000007800F018FA08B148467FE7BAF1000FBE
:10A1C00007D0D8F82800807A40F0E0008DF814001D
:10A1D00004E0D8F82800807A8DF81400D8F8000040
:10A1E00005AB01228179D8F80400007800F0FBF972
:10A1F00008B1484662E7BAF1000F07D0D8F8280046
:10A20000C07A40F0E0008DF8140002E018208DF8CC
:10A210001400D8F8000005AB0122C179D8F8040079
:10A22000007800F0E0F908B1484647E7BAF1000FBE
:10A2300002D0C820FFF7CAF840208DF81400D8F8E3
:10A24000000005AB01220179D8F80400007800F085
:10A25000CAF908B1484631E778208DF81400D8F8DB
:10A26000000005AB01224179D8F80400007800F025
:10A27000BAF908B1484621E73220FFF7A7F88DF870
:10A280001470D8F8000005AB01224179D8F8040019
:10A29000007800F0A8F908B148460FE7D8F80000A8
:10A2A00005AB0222817AD8F80400007800F060F94A
:10A2B00008B1484602E79DF815009DF8141040EAE1
:10A2C0000120B0FBF6F0C6B2AF606F602F60A760F0
:10A2D00067602760002756E0D8F8000005AB0C2225
:10A2E000C17AD8F80400007800F042F908B1484675
:10A2F000E4E69DF815009DF8141040EA012000B234
:10A30000ADF80C009DF817109DF8162041EA0221C7
:10A3100009B2ADF80E109DF819209DF8183042EAE8
:10A32000032212B2ADF81020236818442060606840
:10A3300008446060A0681044A0609DF81B009DF870
:10A340001A1040EA012000B2ADF804009DF81D107B
:10A350009DF81C2041EA022109B2ADF806109DF8D3
:10A360001F209DF81E3042EA032212B2ADF80820E9
:10A370002B6818442860686808446860A86810441E
:10A38000A8607F1CFFB2B742A6D328688322C117FA
:10A39000090441EA104100040023F5F7E7FE3246C4
:10A3A0000023F5F7E3FE286068688322C1170904DB
:10A3B00041EA104100040023F5F7D8FE324600239D
:10A3C000F5F7D4FE6860A8688322C117090441EA42
:10A3D000104100040023F5F7C9FE32460023F5F7CB
:10A3E000C5FEA86020684FF40065C117090441EA62
:10A3F000104100042A460023F5F7B8FE3246002338
:10A40000F5F7B4FE206060682A46C117090441EAE6
:10A41000104100040023F5F7A9FE32460023F5F7AA
:10A42000A5FE6060A0682A46C117090441EA1041F0
:10A4300000040023F5F79AFE32460023F5F796FE56
:10A44000A060002803DDA0F58030A06002E000F5E8
:10A450008030A060002031E60002002001484088E2
:10A46000704700001C01002010B50949486900EB45
:10A47000C00202EB00138A68C96802EB8304C72399
:10A4800003FB01431044084493FBF0F010BD0000AF
:10A49000CC0000202DE9F84F81468A4600252F4840
:10A4A0006B46032240680D21007800F061F810B17E
:10A4B0000720BDE8F88F9DF8000000F01F008DF820
:10A4C00000009DF8010000F01F008DF801009DF8CC
:10A4D000020000F01F008DF8020000246F464FF0CC
:10A4E000010859F824005AF82410401A00D54042B7
:10A4F000F6F727FC6FF00F01F6F778FA0646385D9D
:10A50000F8B1174ADFF85CB004E059461046F6F798
:10A51000FDF90246385D401E10F0FF003855F4D1B9
:10A5200011463046F6F724FA4FF07E51F6F7E8F977
:10A530000D4920F0004088420BDD08FA04F0054385
:10A5400007E00A483044B0F1D97F02D908FA04F094
:10A550000543641C032CC4DB2846AAE70002002044
:10A560000000C84154E3853F295C0F3E0000E0BE77
:10A570002DE9F04106460F4614461D46F9F7F8F955
:10A58000B0B17006000EF9F7C3F9F9F739FA90B1D6
:10A590003846F9F7BDF9F9F733FAF9F7E9F9012087
:10A5A00000EB4600C0B2F9F7B3F9F9F729FA0FE06A
:10A5B0000120BDE8F081F9F707FA0120F9E7012C45
:10A5C0000CD00120F9F76EF928706D1C641EE4B2FE
:10A5D000002CF4D1F9F7F8F90020EAE70020F9F7A8
:10A5E00061F92870F1E72DE9F04104460F4616465F
:10A5F0001D46F9F7BDF968B16006000EF9F788F954
:10A60000F9F7FEF948B13846F9F782F9F9F7F8F9A0
:10A6100000240DE00120BDE8F081F9F7D5F9012013
:10A62000F9E7285DF9F774F9F9F7EAF930B1641C34
:10A63000B442F6DBF9F7C8F90020ECE7F9F7C4F902
:10A640000020E8E708B501210420FAF7BBFF4FF42A
:10A650000060ADF8000010208DF8030002208DF896
:10A66000020069460348F8F775FC034900200860BA
:10A6700008BD000000080140AC01214208B50121DD
:10A680000820FAF79FFF0820ADF8000010208DF891
:10A69000030002208DF8020069460348F8F75AFCCF
:10A6A00002490020086008BD000C01408C81214255
:10A6B00070B50446204600F00DF80546E01C00F099
:10A6C00009F845EAC005A01D00F004F845EA80102D
:10A6D00080B270BD90F90010002902DD4FF000003B
:10A6E000704702DA4FF00400704790F9011000291A
:10A6F00002DD4FF00100704702DA4FF005007047AD
:10A7000090F90200002802DD4FF00200704702DAE3
:10A710004FF0060070474FF00700704738B5012131
:10A720001820FAF74FFF04248DF803401020ADF8ED
:10A730000000114D69462846F8F70CFC8DF80340DF
:10A740002021ADF8001069462846F8F703FC8DF883
:10A7500003400120ADF80000084D69462846F8F78F
:10A76000F9FB8DF803400221ADF800106946284638
:10A77000F8F7F0FB38BD000000100140000C01406C
:10A78000FEF74CFCF9F7F0FDDFF8408298F8000086
:10A79000142801D1FBF7AEFCFEF772FCF9F76AFD55
:10A7A0000123002202218AA0F9F743FE98F8000055
:10A7B0008C4D8D4E0024142808D00FE0FBF7CAFC06
:10A7C0002878012802D12C70FBF7E4FC0120F9F76E
:10A7D00073FC50B930780128F0D006E00120F9F779
:10A7E0006BFC10B930780128F8D0347098F800006C
:10A7F000142801D1FBF7FAF80123002202217BA0E3
:10A80000F9F717FE7F4FDFF8009298F800000C2848
:10A8100008D3142806D07D480178012902D104709C
:10A82000F8F71CF898F8000070B303282CD014280F
:10A8300043D0012858D0022862D0042863D00528CC
:10A840006ED006286CD012287ED013287DD0072821
:10A850007CD00A287BD00B287AD00C2879D00D2800
:10A8600078D00E2877D00F2876D01028CDD199F83F
:10A8700000000128C9D189F80040012300220321EA
:10A8800063A0F9F7D6FDC0E76648007818B1FAF77B
:10A8900039FDFAF769FB2878012802D12C70FBF703
:10A8A0000DFE61A164483A68FDF7F6FA0123002223
:10A8B00003216148F9F7BDFDA7E7FBF74BFC2878BA
:10A8C000012802D12C70FBF765FCB068F6F765FA39
:10A8D00002465AA15848FDF7DFFA0123002203215E
:10A8E0005548F9F7A6FD90E74FA153483A68FDF7A0
:10A8F000D3FA0123002203214F48F9F79AFD84E798
:10A90000F7F730F881E7524852A102784A48FDF73C
:10A91000C3FA0123002203214748F9F78AFD74E7AF
:10A92000DFF840B120215846F8F796FB8246102107
:10A930005846F8F791FB024653464BA13E48FDF7B7
:10A94000ABFA0123002208E023E026E028E02AE019
:10A950002CE02EE030E032E034E002213648F9F716
:10A9600068FDDFF81CB102215846F8F775FB8246F6
:10A9700001215846F8F770FB0246534641A12E4884
:10A98000FDF78AFA0123002203212B48F9F751FD34
:10A990003BE77068F9F7F4FE37E7F8F733F934E787
:10A9A000F7F792FB31E7F7F795FC2EE7F7F728FC6E
:10A9B0002BE7F7F70DFA28E7F7F77CFA25E7F7F723
:10A9C000CDF922E7F7F7CAFA1FE70000F1010020EE
:10A9D00070757420646F776E206B65792073746175
:10A9E00072742100AF0000200400002073746172B3
:10A9F0007420636F6E74726F6C21202020202020E1
:10AA000020200000C800002031030020280300207F
:10AA1000737461727420747261636B212020202032
:10AA20002000000084010020646973203D2564201B
:10AA30006D6D202020000000C403002054455354B5
:10AA400020413D25642020202020202000000000FF
:10AA5000D40100207370656564203D2025642020AA
:10AA600000000000001001407831203D20256420C6
:10AA7000207832203D202564202020200000000086
:10AA8000000C01407833203D2025642020783420BC
:10AA90003D202564202020200000000070B50446E1
:10AAA0000D46114E0022334620462946F6F706FA97
:10AAB00007D2334620462946BDE870400022F6F70B
:10AAC00042B80022134620462946F6F7DFF907D29E
:10AAD000334620462946BDE870400022F5F792BF74
:10AAE0002046294670BD0000008076402DE9F041E7
:10AAF000002620F00104144D95F82400002802D00F
:10AB00000020BDE8F081A97A4FF0FF3839B12F7CE1
:10AB100021402974A14200D0464624B901E04046B4
:10AB2000EFE7287D18B1012001F09EF902E0002036
:10AB300001F09AF92CB100F0F3FA10B12F744046ED
:10AB4000DFE73046DDE70000000200200F4A517ABF
:10AB5000002908D0012909D002290AD003290BD0E5
:10AB60004FF0FF3070470221017007E004210170AF
:10AB700004E00821017001E010210170D17C11B1C5
:10AB80000178490001700020704700000002002099
:10AB9000114A517A002908D001290AD002290CD083
:10ABA00003290ED04FF0FF3070474FF480410180F1
:10ABB0000AE041F69C71018006E04FF4805101806B
:10ABC00002E04FF400610180D17C11B10188490895
:10ABD0000180002070470000000200200249097C2B
:10ABE0000170002070470000000200200E49097A21
:10ABF000002909D001290AD002290CD003290ED03E
:10AC00000021018000207047FA210180FAE74FF40B
:10AC1000FA710180F6E74FF47A710180F2E74FF4A0
:10AC2000FA610180EEE70000000200200C49097A79
:10AC3000002908D0012909D002290AD003290BD004
:10AC40004FF0FF3070470749016007E00649016097
:10AC500004E00649016001E00549016000207047F9
:10AC6000000200200000034300008342333303420C
:10AC7000333383410F49C97A072917D2DFE801F03E
:10AC80001604070A0D101300BC21018010E0622198
:10AC900001800DE02A2101800AE01421018007E0F3
:10ACA0000A21018004E00521018001E000210180EA
:10ACB0000020704700020020054991F82420002A56
:10ACC00002D04FF0FF307047C989018000207047E3
:10ACD000000200202DE9FC4180208DF80000544C3A
:10ACE0006B4601222068817C60680078FFF77BFC5E
:10ACF0004FF0FF3610B13046BDE8FC816420FEF70E
:10AD000065FB00258DF8005020686B460122817C90
:10AD100060680078FFF767FC08B13046ECE7206810
:10AD20006B460622817D60680078FFF721FC08B140
:10AD30003046E1E79DF805009DF80310C007400F7D
:10AD400001F0010140EA41019DF8010000F001001D
:10AD50000143012761B1012906D0022906D035A09F
:10AD6000FDF78AF83046C7E7E77414E0E57412E0AF
:10AD700020686B460122C17860680078FFF7F8FB15
:10AD800008B13046B8E79DF8000000F00F0008B3A6
:10AD9000042824D0E574FF2104F80A1F04F8021CDB
:10ADA00004F8011C61704FF6FF70A080A171217240
:10ADB000A77027766576E572A572E5602561656105
:10ADC000A576E576A5834FF4FA6000F0D9FB58B17B
:10ADD000304691E72148FDF74FF830468CE720A038
:10ADE000FDF74AF8E774D6E7022000F0C5FA08B18B
:10ADF000304681E72A2000F02FFC08B130467BE77F
:10AE0000322000F067FC08B1304675E70020FFF7FC
:10AE10006DFE08B130466FE7002000F0E7FA08B198
:10AE2000304669E7002000F097FC002064E700004E
:10AE300000020020556E737570706F727465642027
:10AE4000736F6674776172652070726F6475637476
:10AE5000207265762025642E0A000000A0D8000824
:10AE600048616C662073656E73697469766974797C
:10AE7000207061727420666F756E642E0D0A00007A
:10AE80002DE9FF4F85B005460E461746DFF8A08036
:10AE90004FF0FF3998F82500002803D0484609B044
:10AEA000BDE8F08F0EB1002425E04846F7E7281BE7
:10AEB000102800DD10201FFA80FA30198346024660
:10AEC0005146204600F0A0FC08B14846E7E701AA39
:10AED0005146204600F0ECF808B14846DFE75846F6
:10AEE000524601A9F5F7CAF910B16FF00100D6E793
:10AEF00004EB0A0084B2AC42D9D3380A8DF80000C2
:10AF00008DF80170D8F800006B460222817ED8F8D7
:10AF100004000078FFF767FB08B14846BFE701204F
:10AF200088F825000898A8F826000020B7E7000058
:10AF3000000200202DE9F84304464FF0FF37282C8B
:10AF400002D93846BDE8F8832D4D4FF00709002699
:10AF50008CB1012000F050FB20208DF800004FF054
:10AF60000108012C1CD0052C20D88DF8018005206B
:10AF700000F072FB29E0002000F03EFB8DF800603D
:10AF80008DF8019028686B460222817C6868007801
:10AF9000FFF729FB08B13846D4E72E750020D1E72A
:10AFA0008DF80160052000F057FB0EE0142C06D848
:10AFB00002208DF801000A2000F04EFB05E003207E
:10AFC0008DF80100142000F047FB9DF8010009EB0B
:10AFD00080108DF8010028686B460222817C686829
:10AFE0000078FFF700FB08B13846ABE70820A872ED
:10AFF0002E7385F814800020FFF778FD0020A1E76C
:10B00000000200202DE9F843054689461746274EE1
:10B010004FF0FF3896F8240000280DD0B07A68B1C0
:10B0200030686B460222817A70680078FFF7A0FAD8
:10B0300030B14046BDE8F8834046FBE74046F9E7BB
:10B040009DF801009DF8001040EA0124AC4203D2B3
:10B05000002038704046EDE770684188B4EB510F2E
:10B0600012D9316800786B46497C0122FFF780FADB
:10B0700008B14046DEE79DF80000C00604D500F0A8
:10B080004FF86FF00100D5E73068EAB24B46C17A5D
:10B0900070680078FFF76CFA08B14046CAE7B4FB65
:10B0A000F5F0401E38700020C4E7000000020020C8
:10B0B0002DE9F8430E4690464FF0FF35B8F1000FEA
:10B0C00010D0164FB97A79B1010A8DF80010C4B2C8
:10B0D0008DF80140A0197C686189884206D928460C
:10B0E000BDE8F8832846FBE72846F9E738686B4651
:10B0F0000222017E2078FFF776FA08B12846EFE7B2
:10B100003868F2B24346417D78680078FFF730FA3C
:10B1100008B12846E4E70020E2E700000002002032
:10B12000F8B5564D4FF0FF36A87A00280CD0002411
:10B13000009428686B460122C17B68680078FFF79D
:10B1400052FA18B13046F8BD3046F8BD28686B4653
:10B150000122417968680078FFF745FA08B1304666
:10B16000F8BD28686B460122017968680078FFF70E
:10B170003AFA08B13046F8BD95F8240078B30C20AF
:10B18000009028686B460122017968680078FFF713
:10B190002AFA08B13046F8BDC0200090A87AC0074E
:10B1A00001D0E020009028686B4601220179686890
:10B1B0000078FFF718FA08B13046F8BD687C10B186
:10B1C0000220009000E0009428686B460122C17BB9
:10B1D00068680078FFF707FA10B13046F8BD0BE059
:10B1E000009428686B460122417968680078FFF76F
:10B1F000FAF9A0B33046F1E70420009028686B46C6
:10B200000122017968680078FFF7EDF908B130464E
:10B21000E4E7A87C78B9A87AC0070CD06020009039
:10B2200028686B460122017968680078FFF7DBF92E
:10B2300020B13046D2E740200090F1E7687C10B1A1
:10B240000120009000E0009428686B460122C17B39
:10B2500068680078FFF7C7F910B13046BEE70BE029
:10B260002868064B01224179686810330078FFF79F
:10B27000BAF908B13046B1E70020AFE7000200207C
:10B280002DE9F0438BB0814688463A4D95F824006D
:10B29000002804D0002000F035F9012600E0002647
:10B2A00002A8FFF7A3FC04A8FFF750FC6846FFF7CD
:10B2B000E1FC01A8FFF700FDAF7A03A8FFF78EFCC1
:10B2C0000024002241464846FEF7DCFE10B1641C13
:10B2D000022CF6DB022C19D00024012205A908A8B3
:10B2E000FEF7D0FE10B1641C022CF6DB022C0FD04E
:10B2F00005A94046FDF7CEFA00F0FF0808A9484628
:10B30000FFF7C8F8C0B2002420B104E0002407E031
:10B31000002405E00124B8F1000F01D144F002043B
:10B32000FF2028726872E8724FF6FF71E981A872F7
:10B33000287401202873BDF8080000F021F99DF859
:10B34000100000F019F8BDF8000000F085F9BDF814
:10B35000040000F0BFF9384600F0FEF99DF80C003B
:10B36000FFF7C4FB16B1012000F0CCF80BB020466B
:10B37000BDE8F0830002002038B51B4C4FF0FF35CC
:10B38000A17A002909D0022809D004280AD0082867
:10B390000BD010280CD0284638BD284638BD0020D8
:10B3A000009007E00820009004E01020009001E0E9
:10B3B00018200090607A9DF80010B0EBD10F01D1F9
:10B3C000002038BD20686B460122C1796068007892
:10B3D000FFF709F908B1284638BD9DF80000C008FC
:10B3E0006072002038BD000000020020F8B504465D
:10B3F000434DA87CA04201D10020F8BD40484FF049
:10B40000FF36D0E90010ACB3097900786B46012211
:10B41000FFF7AEF808B13046F8BD9DF8000020F007
:10B420002000009028686B46012201796868007846
:10B43000FFF7D9F808B13046F8BD0320FDF7C6FF85
:10B440000220009095F8220008B18220009095F823
:10B45000230020B19DF8000040F0300000902868E3
:10B460006B460122017D68680078FFF7BCF8E8B3FD
:10B470003046F8BDFFE7097900786B460122FFF7F7
:10B4800077F808B13046F4E7A87AC00705D09DF8F0
:10B49000000040F02000009004E09DF8000020F043
:10B4A0002000009028686B460122017968680078C6
:10B4B000FFF799F808B13046DBE70320FDF786FF78
:10B4C00095F8220010B18020009001E0002000904B
:10B4D00095F8230020B19DF8000040F03000009066
:10B4E00028686B46017D6868007800E005E001226D
:10B4F000FFF779F808B13046BBE7AC740020B8E735
:10B500000002002038B51D4C94F82410814201D16E
:10B51000002038BD0025F0B194F82500C0B100200E
:10B5200000F0A2FC0020FFF761FFE08C00F0D2F8F1
:10B53000009560686B46012200782321FFF753F8DD
:10B54000012084F8240000F08FFCFFF7E9FD12E0F1
:10B550004FF0FF3038BD002000F086FC207C0090CA
:10B5600060686B46012200782321FFF73CF884F8DD
:10B570002450FFF7D5FD002038BD00000002002058
:10B5800038B51C4C4FF0FF35A17A00290CD0FA28B1
:10B590000CD0B0F5FA7F0CD0B0F57A7F0CD0B0F5B6
:10B5A000FA6F0CD0284638BD284638BD00200090E0
:10B5B00007E00820009004E01020009001E018202F
:10B5C0000090207A9DF80010B0EBD10F01D100203F
:10B5D00038BD20686B460122817960680078FFF7EA
:10B5E00002F808B1284638BD9DF80000C008207256
:10B5F000002038BD0002002038B50446154D95F8EE
:10B600002300A04201D1002038BD14B130200090A9
:10B6100001E000200090A87C20B19DF8000040F0DF
:10B620000200009095F8220020B19DF8000040F043
:10B630008000009028686B460122017D68680078D0
:10B64000FEF7D1FF10B14FF0FF3038BD85F8234031
:10B65000002038BD0002002038B51D4C4FF0FF35EA
:10B66000A17A002904D0BC2804D30120009017E05F
:10B67000284638BD622802D30220009010E02A2814
:10B6800002D3032000900BE0142802D30420009082
:10B6900006E00A2802D30520009001E00620009071
:10B6A000E07A9DF80010884201D1002038BD206862
:10B6B0006B460122817860680078FEF794FF08B13C
:10B6C000284638BD9DF80000E072002038BD00001B
:10B6D00000020020F8B504461E4D4FF0FF37A87A4F
:10B6E000002804D095F8240018B13846F8BD384633
:10B6F000F8BD287D50B134B1282C04D8E0B2FFF752
:10B7000019FC0020F8BD0020FFF714FC4FF47A76F6
:10B71000042C01D2042402E0B44200D93446B6FB22
:10B72000F4F0401E009028686B460122417868685A
:10B730000078FEF758FF08B13846F8BD9DF80000C4
:10B74000401CB6FBF0F0E8814008FFF785FF0020C1
:10B75000F8BD000000020020F8B5044614F0700F98
:10B760004FF0000602D00120009004E00CB10096DA
:10B7700001E040200090234D6B4601222868817C27
:10B7800068680078FEF72FFF4FF0FF3710B1AE72F8
:10B790003846F8BD9DF8000020F040002873009660
:10B7A000600601D404200090A00604D49DF8000097
:10B7B00040F002000090E00604D49DF8000040F044
:10B7C00001000090200704D49DF8000040F03800EC
:10B7D000009028686B460122C17C68680078FEF7FB
:10B7E00002FF10B1AE723846F8BD24B1082C02D069
:10B7F0000020FFF701FFAC722E753220FDF7E6FD49
:10B800000020F8BD000200202DE9F8430E469046C6
:10B810004FF0FF35B8F1000F10D0164FB97A79B15B
:10B82000010A8DF80010C4B28DF80140A0197C689F
:10B830006189884206D92846BDE8F8832846FBE797
:10B840002846F9E738686B460222017E2078FEF729
:10B85000CAFE08B12846EFE73868F2B24346417D98
:10B8600078680078FEF7BFFE08B12846E4E70020BC
:10B87000E2E70000000200202DE9FF5F8846DDE9D5
:10B880000EAB994690452DD1002626E0002421E0FC
:10B89000109A09FB06F002EB8007002147F82410FC
:10B8A000002514E009FB05F00BEB800050F8241094
:10B8B00008FB06F00AEB800050F82500F5F726F8A3
:10B8C00057F82410F4F7CAFF47F824006D1C4545CB
:10B8D000E8DB641C4C45DBDB761C00988642D5DB3C
:10B8E000BDE8FF9F04B002A0BDE8F05FFCF7C4BA5A
:10B8F000B4EDCEF3A3BABED8D5F3B5C4B3DFB4E785
:10B90000B2BBB6D4A3A1000000B50346002203E0F9
:10B910006420FDF76FFD521C9A42F9DB00BD002840
:10B9200000DA40427047704710B50948094C0021C1
:10B93000036801220848A34202DA8270017110BD37
:10B940000379002BFBD1817002710448016010BDA6
:10B950002C0100209A991941AC000020AC01214231
:10B9600010F1FF4F01D380F00040704710B594B044
:10B970000749CB790C78CDE9004302468B6A05A1D3
:10B9800002A8FCF789FA02A800F04CF914B010BD27
:10B990007003002050312C41434B2C25732C256C17
:10B9A000752C25752C2575002DE9F041044620469F
:10B9B00000F0A8F830B3234DA068A96800F066F83D
:10B9C00018B3E968E06800F061F8F0B1296920690E
:10B9D00000F05CF8C8B16969606900F057F8A0B17F
:10B9E000194F2968DFF86480B94210DD2068F4F748
:10B9F00087FFFFF7B5FF4146F4F788FF2968F4F7A2
:10BA0000B7FF05E00020BDE8F0810020FBE74046DD
:10BA100006466968B9420BDD6068F4F771FFFFF70D
:10BA20009FFF4146F4F772FF6968F4F7A1FF00E059
:10BA3000404607498E4203DC884201DC0120E2E7F0
:10BA40000020E0E7382F00200AD7233C0000C8423E
:10BA5000EC51A040F0B506464FF6FF70002341F2CE
:10BA6000210504460FE0F25C80EA02200022070470
:10BA700003D585EA400080B201E004EA4000521C90
:10BA8000082AF4DB5B1C8B42EDDBF0BD10B5F4F74C
:10BA900037FFFFF765FF0349884201DA012010BD37
:10BAA000002010BD5839343C00B593B0054902461A
:10BAB00001A88B6A04A1FCF7EFF901A800F0B2F825
:10BAC00013B000BD7003002050312C4552522C257C
:10BAD000732C256C75000000A0F13001092901D8F4
:10BAE00008467047A0F14101052901D83738704751
:10BAF000A0F16101052901D8573870474FF0FF3098
:10BB00007047000010B50446204600F039F838B3FD
:10BB1000154920680844B0F1F87F23D813496068BC
:10BB200088421FDB124988421CDC1249A068884207
:10BB300018DB1149884215DCE0684FF07E529042D4
:10BB400010DB0E4988420DDC206990420ADB8842F6
:10BB500008DC6069904205DB884203DC012010BDEF
:10BB6000002010BD002010BD000060BE0000A040FD
:10BB70000000484300002041000090420000C842FD
:10BB800010B5044620680146F5F7CCF91AD1606873
:10BB90000146F5F7C7F915D1A0680146F5F7C2F9D6
:10BBA00010D1E0680146F5F7BDF90BD120690146D7
:10BBB000F5F7B8F906D160690146F5F7B3F901D197
:10BBC000012010BD002010BD70B504460F480E4D79
:10BBD00029460068F4F7CCFE20600D4800686060DC
:10BBE0000C4829460068F4F7C3FEA0600A480068C4
:10BBF000E0600A4829460068F4F7BAFE2061084868
:10BC00000068606170BD00000000C842440100206F
:10BC1000480100204C010020500100205401002068
:10BC20005801002010B5B0B004462046F4F711FBCF
:10BC300001462046FFF70EFF0346224607A168464D
:10BC4000FCF72AF96846FBF745FE002803D10649B0
:10BC50004889401C488130B010BD00002425732C59
:10BC60004325303458230000700300202DE9F041B3
:10BC7000074600263878242802D00020BDE8F0814D
:10BC800014A13846F4F7D3FA0546280006D0F4F795
:10BC9000E0FA072802D1A879232801D00020EDE797
:10BCA000002428198078FFF717FF002801DA002008
:10BCB000E4E740EA0616641C042CF2DBE91B491E8B
:10BCC000781CFFF7C7FEB1B2884201D10120D5E749
:10BCD0000020D3E72C43000070B504460E4D2068C9
:10BCE0002946F4F713FE0D4908600D4960680860A5
:10BCF0002946A068F4F70AFE0A4908600A49E06884
:10BD0000086029462069F4F701FE084908600849DF
:10BD10006069086070BD00000000C8424401002056
:10BD2000480100204C010020500100205401002057
:10BD300058010020F0B42B49002401258B782A4AB1
:10BD40000B2B0BD2DFE803F0060C1317272B2F3336
:10BD5000373B3F00AA2801D18D701070F0BC7047AE
:10BD60005528FBD10220887055205070F6E790705E
:10BD700003208870F2E7D07004228A7000EB400044
:10BD800088800A30FF28E9D98C808C70F0BC910142
:10BD90001548F4F735BA107105208870DEE7507148
:10BDA00006208870DAE7907107208870D6E7D07196
:10BDB00008208870D2E7107209208870CEE7507290
:10BDC0000A208870CAE7CB7803F10A0690555B1CFD
:10BDD000D8B2C8708A889042C0D30D70CC708C8065
:10BDE0008C70BBE728030020500B002010B588B0F2
:10BDF00002A905A8FFF744FA072832D101A8FEF7E7
:10BE000015FF0598F4F79DFF01990C46F4F77EFDA8
:10BE1000F4F7C3FF05900698F4F793FF2146F4F773
:10BE200075FDF4F7BAFF06900798F4F78AFF2146EC
:10BE3000F4F76CFDF4F7B1FF079005A8FDF7E8FDF6
:10BE40006846FEF7A5FEBDF8000002994143029145
:10BE500003994143039104994143049102A8FDF7DA
:10BE600019FD08B010BD0000F8B51B4C0023224698
:10BE700094F8246006CA5D1E002E11D010B1022075
:10BE8000009000E000931078C97B6B460122FEF71A
:10BE9000AAFB08B12846F8BD9DF80000607419E0BF
:10BEA000A67A26B128B1667C1EB10020F8BD2846CE
:10BEB000F8BD10B10120009000E000931078C97B1C
:10BEC0006B460122FEF78FFB08B12846F8BD9DF8AE
:10BED000000060740020F8BD000200200149488085
:10BEE000704700001C0100204B484C4900780A783C
:10BEF00090427DD0087015287AD2DFE800F00B114F
:10BF0000171D23292F353B41474D53595F656B71F1
:10BF1000777F850001231A46194641A0F8F789BAB0
:10BF200001231A46194642A0F8F783BA01231A469C
:10BF3000194642A0F8F77DBA01231A46194642A0D5
:10BF4000F8F777BA01231A46194643A0F8F771BAF1
:10BF500001231A46194645A0F8F76BBA01231A4681
:10BF6000194645A0F8F765BA01231A46194646A0B6
:10BF7000F8F75FBA01231A46194647A0F8F759BAED
:10BF800001231A46194648A0F8F753BA01231A4666
:10BF9000194649A0F8F74DBA01231A4619464BA095
:10BFA000F8F747BA01231A4619464CA0F8F741BAE8
:10BFB00001231A4619464DA0F8F73BBA01231A4649
:10BFC00019464EA0F8F735BA01231A4619464FA074
:10BFD000F8F72FBA01231A46194650A0F8F729BAE4
:10BFE00001231A46194652A0F8F723BA012300E0AC
:10BFF00010E01A46194653A0F8F71BBA01231A4657
:10C00000194654A0F8F715BA01231A46194654A048
:10C01000F8F70FBA70470000F1010020F40100208A
:10C02000312E5374616E64617264204D6F646500DB
:10C03000322E555420466F6C6C6F7700332E55545A
:10C040002041766F69640000342E4C6F6164204D8E
:10C050006F76656D656E7400352E48616E646C6533
:10C0600020436F6E74726F6C00000000362E4952D0
:10C0700020547261636B0000372E41647620495270
:10C0800020547261636B0000382E4B3231302051E6
:10C090005220526563000000392E4B32313020545B
:10C0A0007261636B0000000031302E4B3231302062
:10C0B000466F6C6C6F77000031312E4B323130207F
:10C0C00053656C66204C6561726E000031322E4BF8
:10C0D000323130204E756D205265630031332E4C65
:10C0E000694441522041766F6964000031342E4C1E
:10C0F0006944415220466F6C6C6F770031352E4C8D
:10C1000069444152204775617264000031362E4CFB
:10C110006944415220506174726F6C0031372E4C6B
:10C1200069444152205374724C696E6531000000BD
:10C1300031382E4C69444152205374724C696E65FB
:10C140003200000031392E43434420547261636B46
:10C150000000000032302E454D20547261636B00A8
:10C1600032312E54455354204D4F444500000000B9
:10C170002DE9F04106460F46F5F758FA041E0D4624
:10C1800018BF0120284320F00040C0F17F6000F17B
:10C19000E040C00F0ED0301C18BF0120384320F003
:10C1A0000040C0F17F6000F1E040C00F04BF0120FB
:10C1B000FBF718FF20462946BDE8F08107B502AB22
:10C1C0000122F8F7F0FA0EBD30B41446DAB2234675
:10C1D00030BCF8F7E8BA00002DE9F04104460D46FE
:10C1E00016461F46DFF8308010214046F6F734FF30
:10C1F000207020214046F6F72FFF2870074C0121C0
:10C200002046F6F729FF307002212046F6F724FF7A
:10C210003870BDE8F081000000100140000C0140C2
:10C2200030B587B00446012144F20400F9F7CAF999
:10C230004FF40070ADF8180003208DF81A00182094
:10C240008DF81B001C4D06A92846F6F783FE28151D
:10C25000ADF8180004208DF81B0006A92846F6F753
:10C2600079FE02940024ADF80C40ADF80E40ADF814
:10C270001040ADF814400C20ADF812000F4D02A98B
:10C280002846FBF7EBFC002240F225512846FBF73D
:10C29000CAFC01212846FBF793FC25208DF80400F9
:10C2A0008DF8054001208DF806008DF8070001A8E3
:10C2B000F8F78AF807B030BD0008014000380140A7
:10C2C00038B501210420F9F77DF90220ADF800000E
:10C2D00028208DF8030003248DF80240084D69469C
:10C2E0002846F6F737FE0121ADF8001010218DF831
:10C2F00003108DF8024069462846F6F72BFE38BD3C
:10C3000000080140000000000000000000000000E4
:10C3100000000000000000000010001000100010DD
:10C32000001000100000001000000000002800288D
:10C3300000280000000000000000000000000000D5
:10C3400000240024007C00240048007C00480048B1
:10C350000000000000380054005000380014005461
:10C360000054003800100000002000540058003035
:10C3700000280054001400080000000000100028ED
:10C38000002800100034004800480034000000007D
:10C39000001000100010000000000000000000006D
:10C3A00000000000000800100020002000200020F5
:10C3B00000200020001000080020001000080008E5
:10C3C00000080008000800080010002000100038D5
:10C3D0000010002800000000000000000000000025
:10C3E0000000000000100010007C00100010000091
:10C3F000000000000000000000000000000000003D
:10C4000000000010001000100000000000000000FC
:10C4100000000038000000000000000000000000E4
:10C4200000000000000000000000001000000000FC
:10C43000000800080010001000100010002000206C
:10C440000000000000380044004400540044004450
:10C4500000440038000000000010003000500010C0
:10C460000010001000100010000000000038004410
:10C4700000440004000800100020007C00000000C0
:10C480000038004400040018000400040044003890
:10C490000000000000080018002800280048007C68
:10C4A0000008000800000000007C00400040007808
:10C4B000000400040044003800000000003800447C
:10C4C00000400078004400440044003800000000B0
:10C4D000007C000400080010001000200020002054
:10C4E00000000000003800440044003800440044CC
:10C4F00000440038000000000038004400440044BC
:10C50000003C00040044003800000000000000006F
:10C5100000100000000000000000001000000000FB
:10C5200000000000000000100000000000000010EB
:10C530000010001000000000000C0030004000302F
:10C54000000C000000000000000000000000007C63
:10C550000000007C0000000000000000000000005F
:10C5600000600018000400180060000000000000D7
:10C570000038004400040008001000100000001003
:10C580000000000000380044004C0054005C0040F3
:10C59000004000380000000000100028002800289B
:10C5A0000028007C004400440000000000780044A3
:10C5B000004400780044004400440078000000007B
:10C5C0000038004400400040004000400044003873
:10C5D0000000000000700048004400440044004493
:10C5E0000048007000000000007C00400040007C1B
:10C5F000004000400040007C00000000007C004043
:10C600000040007800400040004000400000000072
:10C610000038004400400040005C00440044003802
:10C6200000000000004400440044007C004400443A
:10C63000004400440000000000380010001000100A
:10C64000001000100010003800000000000400047A
:10C65000000400040004000400440038000000004E
:10C66000004400480050006000500048004800446A
:10C67000000000000040004000400040004000403A
:10C680000040007C000000000044006C006C00547E
:10C6900000440044004400440000000000440064E2
:10C6A000006400540054004C004C004400000000A2
:10C6B0000038004400440044004400440044003872
:10C6C000000000000078004400440044007800406E
:10C6D00000400040000000000038004400440044D6
:10C6E0000044004400540038000400000078004476
:10C6F0000044004400780048004800440000000066
:10C7000000380044004000300008000400440038B5
:10C7100000000000007C001000100010001000104D
:10C7200000100010000000000044004400440044D9
:10C73000004400440044003800000000004400446D
:10C74000004400280028002800100010000000000D
:10C7500000440044005400540054006C0028002899
:10C7600000000000004400280028001000100028ED
:10C770000028004400000000004400440028002875
:10C78000001000100010001000000000007C0004E9
:10C7900000080010001000200040007C0000000095
:10C7A0000018001000100010001000100010001001
:10C7B00000100018002000200010001000100010D1
:10C7C00000080008000000000030001000100010F9
:10C7D00000100010001000100010003000100028A1
:10C7E00000280044000000000000000000000000DD
:10C7F0000000000000000000000000000000000039
:10C8000000FE0000002000100000000000000000FA
:10C81000000000000000000000000000003800449C
:10C82000003C0044004C0034000000000040004088
:10C8300000580064004400440064005800000000F8
:10C840000000000000380044004000400044003870
:10C8500000000000000400040034004C00440044C8
:10C86000004C0034000000000000000000380044CC
:10C87000007C00400044003800000000000C001064
:10C88000007C0010001000100010001000000000DC
:10C89000000000000034004C00440044004C003410
:10C8A0000004007800400040005800640044004448
:10C8B0000044004400000000001000000070001060
:10C8C0000010001000100010000000000010000018
:10C8D000007000100010001000100010001000E0A8
:10C8E00000400040004800500060005000480044F4
:10C8F0000000000000700010001000100010001078
:10C90000001000100000000000000000007800543B
:10C9100000540054005400540000000000000000C7
:10C92000005800640044004400440044000000003B
:10C930000000000000380044004400440044003877
:10C9400000000000000000000058006400440044A3
:10C950000064005800400040000000000034004C1B
:10C9600000440044004C00340004000400000000B7
:10C9700000580064004000400040004000000000FB
:10C980000000000000380044003000080044003877
:10C99000000000000020002000780020002000207F
:10C9A00000200018000000000000000000440044C7
:10C9B00000440044004C003400000000000000006F
:10C9C0000044004400280028002800100000000057
:10C9D00000000000005400540054006C002800289F
:10C9E00000000000000000000044002800100010BB
:10C9F0000028004400000000000000000044004443
:10CA00000028002800100010001000600000000046
:10CA1000007C0008001000200040007C00000000A6
:10CA2000001800100010001000200020001000105E
:10CA3000001000180010001000100010001000106E
:10CA40000010001000100010003000100010001046
:10CA50000008000800100010001000300000000066
:10CA600000000074004C0000000000000000000006
:10CA70006800000476005401F7FD000175191A0CD6
:10CA80006A231B1C1F207274433B4138393A6B6C7C
:10CA9000376F06246D6E70008300000000080000F0
:10CAA0000001001832000500000020410000D242C1
:10CAB000295C0F3E9A99993E3333733F295C0F3EB0
:10CAC00000007000000000240000000200030000CD
:10CAD00000650054FFEF0000FA80000B1282000195
:10CAE000030C30C30E8C8CE914D5400213710F8EE9
:10CAF0003883F8833000F883258EF8833000F8837C
:10CB0000FFFFFFFF0FFEA9D6240004001A8279A1BF
:10CB10000000003CFFFF00000010000038836FA2FF
:10CB2000003E03304000000002CAE3093E800000DE
:10CB30002000000000000000400000006000000035
:10CB4000000C0000000C186E000006920A16C0DFF0
:10CB5000FFFF0256FD8CD377FFE1C496E0C5BEAA65
:10CB600000000000FFFF0B2B0000165700000359C8
:10CB70004000000000001DFA00026C1D00000000D3
:10CB80003FFFDFEB003EB3B6000D227800002F3CE4
:10CB900000000000001942B5000039A20000B36592
:10CBA000D90E9FC91DCF4C3430000000500000004A
:10CBB0003BB67AE80064000000C8000000000000F6
:10CBC000100000001000FA921000225E000D229F5B
:10CBD0000001000000320000FF46000063D40000A6
:10CBE0001000000004D6000004CC000004CC0000BB
:10CBF0000000107200000040000000000000000073
:10CC000000060002000500070000000000640000AC
:10CC10000000000000000005000500640020000086
:10CC200000000000000000000000400000000300C1
:10CC300000000032F8980000FF650000830F00003C
:10CC4000FF9BFC000000000000000000000000004E
:10CC500000000000000000000000000000000000D4
:10CC600000000000000000000000000000001000B4
:10CC700040000000000000060000B26A0002000050
:10CC80000001FB830068000000D9FC007CF1FF83F9
:10CC90000000000000650000006403E80064002854
:10CCA000000000250000000016A000000000100099
:10CCB00000001000002F0000000001F40000100030
:10CCC00000280000FFFF4581FFFFFA72000000000E
:10CCD00000000000004400050005BAC6004778A225
:10CCE0000000000100000000000006000000001429
:10CCF0000000254D002F706D000005AE000C02D025
:10CD00000000000000000000000000000000000023
:10CD1000001B0000000000000000000000000000F8
:10CD20000064000000080000000000000000000097
:10CD300000000000000000000000000000000000F3
:10CD400000000000000000000000000000000000E3
:10CD500000000000000000000000000000000000D3
:10CD600000000000000000000000000000000000C3
:10CD700000000000000000000000000000000000B3
:10CD8000001B00000000000000000000000E000E6C
:10CD900000000AC70004000000000032FFFFFF9CF3
:10CDA00000000B2B000000020000000100000064E6
:10CDB000FFE500000000000000000000000000008F
:10CDC0000000000100000000000100000000000061
:10CDD000000180000001800000018000002426D3B3
:10CDE0000000000000000000000600100096003C5B
:10CDF0000000000000000000000000000000000033
:10CE00000C0A4E68CDCF770950166759C619CE82E5
:10CE10000000000000000000000000000000000012
:10CE2000000000000000000017D78400030000008D
:10CE30000000000000000000C7938F9D1E1B1C19FE
:10CE400000000000000000000000000000000000E2
:10CE500000000000000000000203188500004000F0
:10CE600000000003000000030000000000000000BC
:10CE70004000000000000000000000000000000072
:10CE800000000000000000000000000000000000A2
:10CE90000000000000000000000000000000000092
:10CEA00000000000677DDF7E72902E554CF6E6880C
:10CEB0000000000000000000000000000000000072
:10CEC000D8DCB4B8B0D8B9ABF3F8FAB3B7BB8E9E20
:10CED000AEF132F51BF1B4B8B08097F1A9DFDFDF16
:10CEE000AADFDFDFF2AAC5CDC7A90CC92C97F1A92B
:10CEF00089264666B28999A92D557DB0B08AA89633
:10CF0000365676F1BAA3B4B280C0B8A89711B283EE
:10CF100098BAA3F0240844106418B2B9B49883F105
:10CF2000A329557DBAB5B1A38393F0002850F5B27B
:10CF3000B6AA839328547CF1B9A3829361BAA2DA8A
:10CF4000DEDFDB819AB9AEF5606870F1DABAA2DF94
:10CF5000D9BAA2FAB9A38292DB31BAA2D9BAA2F89D
:10CF6000DF85A4D0C1BBAD83C2C5C7B8A2DFDFDFF8
:10CF7000BAA0DFDFDFD8D8F1B8AAB38DB4980D35E9
:10CF80005DB2B6BAAF8C96198F9FA70E161EB49AD3
:10CF9000B8AA872C547CBAA4B08AB691325676B21D
:10CFA0008494A4C808CDD8B8B4B0F19982A82D55FE
:10CFB0007D98A80E161EA22C547C92A4F02C5078BA
:10CFC000F184A898C4CDFCD80DDBA8FC2DF3D9BA08
:10CFD000A6F8DABAA6DED8BAB2B68696A6D0F3C854
:10CFE00041DAA6C8F8D8B0B4B882A892F52C548813
:10CFF00098F135D9F418D8F1A2D0F8F9A884D9C796
:10D00000DFF8F883C5DADF69DF83C1D8F40114F1F2
:10D01000A8824EA884F311D182F5D992289788F17D
:10D0200009F41C1CD884A8F3C0F9D1D99782F1293E
:10D03000F40DD8F3F9F9D1D982F4C203D8DEDF1A9E
:10D04000D8F1A2FAF9A88498D9C7DFF8F8F883C70D
:10D05000DADF69DFF883C3D8F40114F198A8822ECF
:10D06000A884F311D182F5D992509788F109F41C64
:10D07000D884A8F3C0F8F9D1D99782F149F40DD832
:10D08000F3F9F9D1D982F4C403D8DEDFD8F1AD8841
:10D0900098CCA809F9D98292A8F57CF1883ACF9466
:10D0A0004A6E98DB6931DAADF2DEF9D88795A8F2DD
:10D0B00021D1DAA5F9F417D9F1AE8ED0C0C3AE8272
:10D0C000C684C3A88595C8A588F2C0F1F4010EF105
:10D0D0008E9EA8C63E56F554F18872F40115F1985B
:10D0E00045856EF58E9E0488F142985A8E9E06887C
:10D0F00069F4011CF1981E1108D0F504F11E970285
:10D1000002983625DBF9D985A5F3C1DA85A5F3DFC9
:10D11000D88595A8F309DAA5FAD88292A8F578F10E
:10D12000881A849F26889821DAF41DF3D8879F39BE
:10D13000D1AFD9DFDFFBF9F40CF3D8FAD0F8DAF984
:10D14000F9D0DFD9F9D8F40BD8F3879F39D1AFD90B
:10D15000DFDFF41DF3D8FAFCA869F9F9AFD0DADE05
:10D16000FAD9F88F9FA8F1CCF398DB45D9AFDFD07F
:10D17000F8D8F18F9FA8CAF38809DAAF8FCBF8D817
:10D18000F2AD978D0CD9A5DFF9BAA6F3FAF412F235
:10D19000D8950DD1D9BAA6F3FADAA5F2C1BAA6F399
:10D1A000DFD8F1BAB2B68696A6D0CAF349DAA6CBD2
:10D1B000F8D8B0B4B8D8AD84F2C0DFF18FCBC3A833
:10D1C000B2B68696C8C1CBC3F3B0B48898A821DBA9
:10D1D000718D9D71859521D9ADF2FAD88597A828D2
:10D1E000D9F408D8F28D29DAF405D9F285A4C2F26F
:10D1F000D8A88D9401D1D9F411F2D88721D8F40A96
:10D20000D8F28498A8C801D1D9F411D8F3A4C8BB26
:10D21000AFD0F2DEF8F8F8F8F8F8F8F8D8F1B8F688
:10D22000B5B9B08A95A3DE3CA3D9F8D85CA3D9F8E8
:10D23000D87CA3D9F8D8F8F9D1A5D9DFDAFAD8B1D2
:10D240008530F7D9DED8F830ADDADED8F2B48C9973
:10D25000A32D557DA083DFDFDFB591A0F629D9FB93
:10D26000D8A0FC29D9FAD8A0D051D9F8D8FC51D9E6
:10D27000F9D879D9FBD8A0D0FC79D9FAD8A1F9F995
:10D28000F9F9F9A0DADFDFDFD8A1F8F8F8F8F8AC9F
:10D29000DEF8ADDE8393AC2C547CF1A8DFDFDFF643
:10D2A0009D2CDAA0DFD9FADB2DF8D8A850DAA0D06F
:10D2B000DED9D0F8F8F8DB55F8D8A878DAA0D0DFB6
:10D2C000D9D0FAF8F8F8F8DB7DF8D89CA88CF530BE
:10D2D000DB38D9D0DEDFA0D0DEDFD8A848DB58D9D4
:10D2E000DFD0DEA0DFD0DED8A868DB70D9DFDFA01A
:10D2F000DFDFD8F1A888902C547C98A8D05C38D176
:10D30000DAF2AE8CDFF9D8B087A8C1C1B188A8C65F
:10D31000F9F9DA36D8A8F9DA36D8A8F9DA36D8A879
:10D32000F9DA36D8A8F9DA36D8F78D9DADF818DADB
:10D33000F2AEDFD8F7ADFA30D9A4DEF9D8F2AEDE1E
:10D34000FAF983A7D9C3C5C7F1889BA77AADF7DEE1
:10D35000DFA4F8849408A797F300AEF29819A48884
:10D36000C6A39488F632DFF28393DB09D9F2AADFF1
:10D37000D8D8AEF8F9D1DAF3A4DEA7F1889B7AD831
:10D38000F38494AE19F9DAAAF1DFD8A881C0C3C535
:10D39000C7A39283F628ADDED9F8D8A350ADD9F84B
:10D3A000D8A378ADD9F8D8F8F9D1A1DADEC3C5C7CA
:10D3B000D8A18194F818F2B089ACC3C5C7F1D8B828
:10D3C000B4B09786A8319B069907AB9728889BF045
:10D3D0000C201440B0B4B8F0A88A9A285078B79BB3
:10D3E000A8295179247059446938644831F1BBAB9C
:10D3F00088002C547CF0B38BB8A804285078F1B086
:10D4000088B49726A85998BBABB38B02264666B062
:10D41000B8F08A9CA82951798B2951798A247059AE
:10D420008B2058718A4469388B3940688A64483146
:10D430008B30496088F1AC002C547CF08CA8042817
:10D440005078F1889726A85998AC8C02264666F049
:10D45000899CA8295179247059446938644831A9B4
:10D460008809205970AB11384069A8193148608C7F
:10D47000A83C415C207C00F187981986A86E767ED6
:10D48000A999882D557DD8B1B5B9A3DFDFDFAED01E
:10D49000DFAAD0DEF2ABF8F9D9B087C4AAF1DFDF9A
:10D4A000BBAFDFDFB9D8B1F1A3978E60DFB084F2F4
:10D4B000C8F8F9D9DED89385F14AB183A308B583BA
:10D4C0009A0810B79F10D8F1B0BAAEB08AC2B2B6FF
:10D4D0008E9EF1FBD9F41DD8F9D90CF1D8F8F8AD2E
:10D4E00061D9AEFBD8F40CF1D8F8F8AD19D9AEFB80
:10D4F000DFD8F416F1D8F8AD8D61D9F4F4ACF59C11
:10D500009C8DDF2BBAB6AEFAF8F40BD8F1AED0F89A
:10D51000AD51DAAEFAF8F1D8B9B1B6A3839C08B927
:10D52000B1839AB5AAC0FD3083B79F10B58B93F233
:10D530000202D1ABDADED8F1B080BAABC0C3B2849C
:10D54000C1C3D8B1B9F38BA391B609B4D9ABDEB0DE
:10D55000879CB9A3DDF1B38B8B8B8B8BB087A3A397
:10D56000A3A3B28BB69BF2A3A3A3A3A3A3A3A3A33A
:10D57000A3F1B087B59AA3F39BA3A3DCBAACDFB940
:10D58000A3A3A3A3A3A3A3A3A3A3A3A3A3A3A3A36B
:10D59000D8D8D8BBB3B7F1AAF9DAFFD9809AAA28AC
:10D5A000B48098A720B79787A86688F07951F19042
:10D5B0002C870CA781976293F07171608594012983
:10D5C000517990A5F1284C6C870C95188578A38328
:10D5D00090284C6C886CD8F3A28200F210A89219A3
:10D5E00080A2F2D926D8F188A84DD948D896A83972
:10D5F00080D93CD89580A839A68698D92CDA87A7F7
:10D600002CD8A8899519A980D938D8A88939A98092
:10D61000DA3CD8A82EA83990D90CD8A8953198D939
:10D620000CD8A809D9FFD801DAFFD89539A9DA268C
:10D63000FFD890A80D8999A810809821DA2ED88952
:10D6400099A83180DA2ED8A886963180DA2ED8A80B
:10D65000873180DA2ED8A88292F34180F1D92ED872
:10D66000A882F31980F1D92ED882ACF3C0A280220F
:10D67000F1A62EA72EA92298A829DAACDEFFD8A2FF
:10D68000F22AF1A92E8292A8F23180A696F1D90051
:10D69000AC8C9C0C30ACDED0DEFFD88C9CACD010B7
:10D6A000ACDE8092A2F24C82A8F1CAF235F19688E3
:10D6B000A6D900D8F1FF000017B7D13817B7D13875
:10D6C0000AD7A33B000000000000803F00000000DC
:10D6D0000000803F000000000AD7A33B00000000CC
:10D6E0000000803F000000000000803F00000000BC
:10D6F0000000803F00000000000000000000803FAC
:10D700000000803F0AD7A3BB000000000000803F5C
:10D71000FFE6DB2E0000000000000000FFE6DB2E2D
:10D720000000803F000000000AD7A3BB0000803F3C
:10D730000000803F00000000000000000000803F6B
:10D740000000803F0AD7A3BB000000000000803F1C
:10D75000FFE6DB2E0000000000000000FFE6DB2EED
:10D760000000803F000000000AD7A3BB0000803FFC
:10D77000555555555555C53F7D6FEB0312D6D4BF52
:10D780005544880E55C1C93F3B8F68B52882A4BF58
:10D7900088B20175E0EF493F09F7FD0DE13D023F19
:10D7A0004B2D8A1C273A03C0C88A599CE52A0040A1
:10D7B00059018D1B6C06E6BF82922EB1C5B8B33FEE
:10D7C0004FBB610567ACDD3F182D4454FB21E93F99
:10D7D0009BF681D20B73EF3F182D4454FB21F93F88
:10D7E000E2652F227F2B7A3C075C143326A6813C0E
:10D7F000BDCBF07A8807703C075C143326A6913CB9
:10D80000C4EB98999999C9BF711623FEC671BCBF24
:10D810006D9A74AFF2B0B3BF9AFDDE522DDEADBF8C
:10D820002F6C6A2C44B4A2BF0D5555555555D53FA4
:10D83000FF8300922449C23F6E204CC5CD45B73FBF
:10D84000513DD0A0660DB13FEB0D76244B7BA93F37
:10D8500011DA22E33AAD903F000000000000000022
:10D86000DDDDDDDDDCBBBBDDDDDDDDDDDDDDDDDD2D
:10D87000988888888888888877777777778888886D
:10D880008555555666666666666666666668888805
:10D890008333333222222222222222222228888DFE
:10D8A00050726F647563742049442072656164200E
:10D8B0006173203020696E646963617465732064EC
:10D8C000657669636520697320656974686572208F
:10D8D000696E636F6D70617469626C65206F722030
:10D8E000616E204D5055333035302E0D0A0000004A
:10D8F00054312C532C256C752C56252E32662C4217
:10D9000025642C5625642C5425642C4150252E3238
:10D91000662C4144252E32662C5650252E32662C1C
:10D920005649252E32662C5450252E32662C5444EE
:10D93000252E32662C4425752C4C25752C522575C8
:10D940002C25730054312C462C256C752C41252E2A
:10D9500032662C47252E31662C454C25642C4552C9
:10D9600025642C4D4C25642C4D5225642C53257573
:10D970002C4C25752C5225752C433125752C4332A2
:10D9800025752C433325752C433425750000000084
:10D99000B0D9000800000020C4030000F8160008F9
:10D9A00058DA0008C4030020A42F0000D47F000828
:10D9B000320202300184A24A04680D010203040607
:10D9C00007080902040608106914A10324803F5ABD
:10D9D000FF04E99023070A1304C3496001452B01A2
:10D9E000424A120212031204120512061A075D12AD
:10D9F00009120A120B120C120D120E120F02151040
:10DA0000AB40410D1CCDCCACD829DC231646139677
:10DA1000422480BB451AF0244BAF4408093DA6318F
:10DA200004312441505A033C0114F228137CCA1BD0
:10DA300008700401201A982405620AD7A33BCB8002
:10DA40003F0CE91009525012A002257844FF3F0113
:08DA5000390501120277040000
:0400000508000131BD
:00000001FF
