Using cpu device
Logging to logs/run6

Training on real_robot.xml at 200Hz, PWM actions (30,000,000 steps, 19 envs)...
C:\Users\tzeju\Desktop\E3180 DIP\3Dsim\venv\Lib\site-packages\stable_baselines3\common\callbacks.py:419: UserWarning: Training and eval env are not of the same type<stable_baselines3.common.vec_env.subproc_vec_env.SubprocVecEnv object at 0x000002057E7541A0> != <stable_baselines3.common.vec_env.dummy_vec_env.DummyVecEnv object at 0x000002051C01F050>
  warnings.warn("Training and eval env are not of the same type" f"{self.training_env} != {self.eval_env}")
---------------------------------
| rollout/           |          |
|    ep_len_mean     | 84.5     |
|    ep_rew_mean     | 32.3     |
| time/              |          |
|    fps             | 10186    |
|    iterations      | 1        |
|    time_elapsed    | 3        |
|    total_timesteps | 38912    |
---------------------------------
------------------------------------------
| rollout/                |              |
|    ep_len_mean          | 89.9         |
|    ep_rew_mean          | 45.9         |
| time/                   |              |
|    fps                  | 8520         |
|    iterations           | 2            |
|    time_elapsed         | 9            |
|    total_timesteps      | 77824        |
| train/                  |              |
|    approx_kl            | 0.0057418235 |
|    clip_fraction        | 0.0715       |
|    clip_range           | 0.2          |
|    entropy_loss         | -0.0698      |
|    explained_variance   | 0.00236      |
|    learning_rate        | 0.0003       |
|    loss                 | 24.6         |
|    n_updates            | 10           |
|    policy_gradient_loss | -0.00634     |
|    std                  | 0.25         |
|    value_loss           | 94.1         |
------------------------------------------
-----------------------------------------
| rollout/                |             |
|    ep_len_mean          | 95.7        |
|    ep_rew_mean          | 59.3        |
| time/                   |             |
|    fps                  | 8137        |
|    iterations           | 3           |
|    time_elapsed         | 14          |
|    total_timesteps      | 116736      |
| train/                  |             |
|    approx_kl            | 0.007989484 |
|    clip_fraction        | 0.0928      |
|    clip_range           | 0.2         |
|    entropy_loss         | -0.0534     |
|    explained_variance   | 0.716       |
|    learning_rate        | 0.000299    |
|    loss                 | 9.04        |
|    n_updates            | 20          |
|    policy_gradient_loss | -0.00865    |
|    std                  | 0.247       |
|    value_loss           | 37.1        |
-----------------------------------------
------------------------------------------
| rollout/                |              |
|    ep_len_mean          | 120          |
|    ep_rew_mean          | 95.3         |
| time/                   |              |
|    fps                  | 7850         |
|    iterations           | 4            |
|    time_elapsed         | 19           |
|    total_timesteps      | 155648       |
| train/                  |              |
|    approx_kl            | 0.0106735155 |
|    clip_fraction        | 0.138        |
|    clip_range           | 0.2          |
|    entropy_loss         | -0.0292      |
|    explained_variance   | 0.876        |
|    learning_rate        | 0.000299     |
|    loss                 | 12.4         |
|    n_updates            | 30           |
|    policy_gradient_loss | -0.0134      |
|    std                  | 0.245        |
|    value_loss           | 30.5         |
------------------------------------------
Eval num_timesteps=190000, episode_reward=387.35 +/- 888.99
Episode length: 1542.75 +/- 471.77
-----------------------------------------
| eval/                   |             |
|    mean_ep_length       | 1.54e+03    |
|    mean_reward          | 387         |
| time/                   |             |
|    total_timesteps      | 190000      |
| train/                  |             |
|    approx_kl            | 0.011043775 |
|    clip_fraction        | 0.135       |
|    clip_range           | 0.2         |
|    entropy_loss         | 0.00346     |
|    explained_variance   | 0.922       |
|    learning_rate        | 0.000298    |
|    loss                 | 12          |
|    n_updates            | 40          |
|    policy_gradient_loss | -0.0139     |
|    std                  | 0.24        |
|    value_loss           | 30          |
-----------------------------------------
New best mean reward!
---------------------------------
| rollout/           |          |
|    ep_len_mean     | 155      |
|    ep_rew_mean     | 138      |
| time/              |          |
|    fps             | 4864     |
|    iterations      | 5        |
|    time_elapsed    | 39       |
|    total_timesteps | 194560   |
---------------------------------
-----------------------------------------
| rollout/                |             |
|    ep_len_mean          | 315         |
|    ep_rew_mean          | 329         |
| time/                   |             |
|    fps                  | 5136        |
|    iterations           | 6           |
|    time_elapsed         | 45          |
|    total_timesteps      | 233472      |
| train/                  |             |
|    approx_kl            | 0.011235691 |
|    clip_fraction        | 0.136       |
|    clip_range           | 0.2         |
|    entropy_loss         | 0.0489      |
|    explained_variance   | 0.941       |
|    learning_rate        | 0.000298    |
|    loss                 | 13.4        |
|    n_updates            | 50          |
|    policy_gradient_loss | -0.0151     |
|    std                  | 0.234       |
|    value_loss           | 33.2        |
-----------------------------------------
-----------------------------------------
| rollout/                |             |
|    ep_len_mean          | 488         |
|    ep_rew_mean          | 526         |
| time/                   |             |
|    fps                  | 5371        |
|    iterations           | 7           |
|    time_elapsed         | 50          |
|    total_timesteps      | 272384      |
| train/                  |             |
|    approx_kl            | 0.010104233 |
|    clip_fraction        | 0.124       |
|    clip_range           | 0.2         |
|    entropy_loss         | 0.0903      |
|    explained_variance   | 0.946       |
|    learning_rate        | 0.000298    |
|    loss                 | 13.1        |
|    n_updates            | 60          |
|    policy_gradient_loss | -0.0143     |
|    std                  | 0.23        |
|    value_loss           | 35.3        |
-----------------------------------------
----------------------------------------
| rollout/                |            |
|    ep_len_mean          | 730        |
|    ep_rew_mean          | 804        |
| time/                   |            |
|    fps                  | 5569       |
|    iterations           | 8          |
|    time_elapsed         | 55         |
|    total_timesteps      | 311296     |
| train/                  |            |
|    approx_kl            | 0.01033355 |
|    clip_fraction        | 0.121      |
|    clip_range           | 0.2        |
|    entropy_loss         | 0.133      |
|    explained_variance   | 0.966      |
|    learning_rate        | 0.000297   |
|    loss                 | 8.99       |
|    n_updates            | 70         |
|    policy_gradient_loss | -0.0124    |
|    std                  | 0.225      |
|    value_loss           | 26.7       |
----------------------------------------
-----------------------------------------
| rollout/                |             |
|    ep_len_mean          | 1.03e+03    |
|    ep_rew_mean          | 1.2e+03     |
| time/                   |             |
|    fps                  | 5728        |
|    iterations           | 9           |
|    time_elapsed         | 61          |
|    total_timesteps      | 350208      |
| train/                  |             |
|    approx_kl            | 0.009036387 |
|    clip_fraction        | 0.104       |
|    clip_range           | 0.2         |
|    entropy_loss         | 0.17        |
|    explained_variance   | 0.979       |
|    learning_rate        | 0.000297    |
|    loss                 | 4.83        |
|    n_updates            | 80          |
|    policy_gradient_loss | -0.00911    |
|    std                  | 0.221       |
|    value_loss           | 21.1        |
-----------------------------------------
Eval num_timesteps=380000, episode_reward=-565.92 +/- 2120.22
Episode length: 2000.00 +/- 0.00
-----------------------------------------
| eval/                   |             |
|    mean_ep_length       | 2e+03       |
|    mean_reward          | -566        |
| time/                   |             |
|    total_timesteps      | 380000      |
| train/                  |             |
|    approx_kl            | 0.010023993 |
|    clip_fraction        | 0.115       |
|    clip_range           | 0.2         |
|    entropy_loss         | 0.21        |
|    explained_variance   | 0.985       |
|    learning_rate        | 0.000296    |
|    loss                 | 3.01        |
|    n_updates            | 90          |
|    policy_gradient_loss | -0.00916    |
|    std                  | 0.216       |
|    value_loss           | 15.6        |
-----------------------------------------
---------------------------------
| rollout/           |          |
|    ep_len_mean     | 1.26e+03 |
|    ep_rew_mean     | 1.51e+03 |
| time/              |          |
|    fps             | 4598     |
|    iterations      | 10       |
|    time_elapsed    | 84       |
|    total_timesteps | 389120   |
---------------------------------
-----------------------------------------
| rollout/                |             |
|    ep_len_mean          | 1.52e+03    |
|    ep_rew_mean          | 1.96e+03    |
| time/                   |             |
|    fps                  | 4765        |
|    iterations           | 11          |
|    time_elapsed         | 89          |
|    total_timesteps      | 428032      |
| train/                  |             |
|    approx_kl            | 0.007189197 |
|    clip_fraction        | 0.0898      |
|    clip_range           | 0.2         |
|    entropy_loss         | 0.246       |
|    explained_variance   | 0.988       |
|    learning_rate        | 0.000296    |
|    loss                 | 2.25        |
|    n_updates            | 100         |
|    policy_gradient_loss | -0.00515    |
|    std                  | 0.213       |
|    value_loss           | 12.7        |
-----------------------------------------
-----------------------------------------
| rollout/                |             |
|    ep_len_mean          | 1.75e+03    |
|    ep_rew_mean          | 2.42e+03    |
| time/                   |             |
|    fps                  | 4907        |
|    iterations           | 12          |
|    time_elapsed         | 95          |
|    total_timesteps      | 466944      |
| train/                  |             |
|    approx_kl            | 0.010036587 |
|    clip_fraction        | 0.106       |
|    clip_range           | 0.2         |
|    entropy_loss         | 0.325       |
|    explained_variance   | 0.973       |
|    learning_rate        | 0.000296    |
|    loss                 | 0.731       |
|    n_updates            | 110         |
|    policy_gradient_loss | -0.00585    |
|    std                  | 0.204       |
|    value_loss           | 6.17        |
-----------------------------------------
-----------------------------------------
| rollout/                |             |
|    ep_len_mean          | 1.9e+03     |
|    ep_rew_mean          | 2.78e+03    |
| time/                   |             |
|    fps                  | 5031        |
|    iterations           | 13          |
|    time_elapsed         | 100         |
|    total_timesteps      | 505856      |
| train/                  |             |
|    approx_kl            | 0.009440638 |
|    clip_fraction        | 0.0852      |
|    clip_range           | 0.2         |
|    entropy_loss         | 0.415       |
|    explained_variance   | 0.714       |
|    learning_rate        | 0.000295    |
|    loss                 | 0.558       |
|    n_updates            | 120         |
|    policy_gradient_loss | -0.00594    |
|    std                  | 0.195       |
|    value_loss           | 4.57        |
-----------------------------------------
-----------------------------------------
| rollout/                |             |
|    ep_len_mean          | 1.95e+03    |
|    ep_rew_mean          | 3e+03       |
| time/                   |             |
|    fps                  | 5145        |
|    iterations           | 14          |
|    time_elapsed         | 105         |
|    total_timesteps      | 544768      |
| train/                  |             |
|    approx_kl            | 0.009827802 |
|    clip_fraction        | 0.0828      |
|    clip_range           | 0.2         |
|    entropy_loss         | 0.495       |
|    explained_variance   | 0.797       |
|    learning_rate        | 0.000295    |
|    loss                 | 0.562       |
|    n_updates            | 130         |
|    policy_gradient_loss | -0.00683    |
|    std                  | 0.186       |
|    value_loss           | 3.1         |
-----------------------------------------
Eval num_timesteps=570000, episode_reward=441.65 +/- 1628.73
Episode length: 2000.00 +/- 0.00
-----------------------------------------
| eval/                   |             |
|    mean_ep_length       | 2e+03       |
|    mean_reward          | 442         |
| time/                   |             |
|    total_timesteps      | 570000      |
| train/                  |             |
|    approx_kl            | 0.009725201 |
|    clip_fraction        | 0.077       |
|    clip_range           | 0.2         |
|    entropy_loss         | 0.596       |
|    explained_variance   | 0.827       |
|    learning_rate        | 0.000295    |
|    loss                 | 0.435       |
|    n_updates            | 140         |
|    policy_gradient_loss | -0.00663    |
|    std                  | 0.177       |
|    value_loss           | 2.25        |
-----------------------------------------
New best mean reward!
---------------------------------
| rollout/           |          |
|    ep_len_mean     | 2e+03    |
|    ep_rew_mean     | 3.22e+03 |
| time/              |          |
|    fps             | 4490     |
|    iterations      | 15       |
|    time_elapsed    | 129      |
|    total_timesteps | 583680   |
---------------------------------
-----------------------------------------
| rollout/                |             |
|    ep_len_mean          | 2e+03       |
|    ep_rew_mean          | 3.28e+03    |
| time/                   |             |
|    fps                  | 4608        |
|    iterations           | 16          |
|    time_elapsed         | 135         |
|    total_timesteps      | 622592      |
| train/                  |             |
|    approx_kl            | 0.009178984 |
|    clip_fraction        | 0.0736      |
|    clip_range           | 0.2         |
|    entropy_loss         | 0.7         |
|    explained_variance   | 0.841       |
|    learning_rate        | 0.000294    |
|    loss                 | 0.453       |
|    n_updates            | 150         |
|    policy_gradient_loss | -0.00595    |
|    std                  | 0.168       |
|    value_loss           | 1.7         |
-----------------------------------------
-----------------------------------------
| rollout/                |             |
|    ep_len_mean          | 2e+03       |
|    ep_rew_mean          | 3.32e+03    |
| time/                   |             |
|    fps                  | 4712        |
|    iterations           | 17          |
|    time_elapsed         | 140         |
|    total_timesteps      | 661504      |
| train/                  |             |
|    approx_kl            | 0.010199773 |
|    clip_fraction        | 0.0748      |
|    clip_range           | 0.2         |
|    entropy_loss         | 0.81        |
|    explained_variance   | 0.836       |
|    learning_rate        | 0.000294    |
|    loss                 | 0.357       |
|    n_updates            | 160         |
|    policy_gradient_loss | -0.00618    |
|    std                  | 0.159       |
|    value_loss           | 1.29        |
-----------------------------------------
-----------------------------------------
| rollout/                |             |
|    ep_len_mean          | 2e+03       |
|    ep_rew_mean          | 3.35e+03    |
| time/                   |             |
|    fps                  | 4812        |
|    iterations           | 18          |
|    time_elapsed         | 145         |
|    total_timesteps      | 700416      |
| train/                  |             |
|    approx_kl            | 0.009901676 |
|    clip_fraction        | 0.078       |
|    clip_range           | 0.2         |
|    entropy_loss         | 0.918       |
|    explained_variance   | 0.833       |
|    learning_rate        | 0.000293    |
|    loss                 | 0.26        |
|    n_updates            | 170         |
|    policy_gradient_loss | -0.00608    |
|    std                  | 0.151       |
|    value_loss           | 0.963       |
-----------------------------------------
-----------------------------------------
| rollout/                |             |
|    ep_len_mean          | 2e+03       |
|    ep_rew_mean          | 3.38e+03    |
| time/                   |             |
|    fps                  | 4906        |
|    iterations           | 19          |
|    time_elapsed         | 150         |
|    total_timesteps      | 739328      |
| train/                  |             |
|    approx_kl            | 0.008791887 |
|    clip_fraction        | 0.0671      |
|    clip_range           | 0.2         |
|    entropy_loss         | 1.02        |
|    explained_variance   | 0.819       |
|    learning_rate        | 0.000293    |
|    loss                 | 0.37        |
|    n_updates            | 180         |
|    policy_gradient_loss | -0.00476    |
|    std                  | 0.144       |
|    value_loss           | 1.1         |
-----------------------------------------
Eval num_timesteps=760000, episode_reward=1610.96 +/- 1044.05
Episode length: 2000.00 +/- 0.00
------------------------------------------
| eval/                   |              |
|    mean_ep_length       | 2e+03        |
|    mean_reward          | 1.61e+03     |
| time/                   |              |
|    total_timesteps      | 760000       |
| train/                  |              |
|    approx_kl            | 0.0066861487 |
|    clip_fraction        | 0.0586       |
|    clip_range           | 0.2          |
|    entropy_loss         | 1.1          |
|    explained_variance   | 0.856        |
|    learning_rate        | 0.000293     |
|    loss                 | 0.416        |
|    n_updates            | 190          |
|    policy_gradient_loss | -0.00417     |
|    std                  | 0.138        |
|    value_loss           | 0.951        |
------------------------------------------
New best mean reward!
---------------------------------
| rollout/           |          |
|    ep_len_mean     | 2e+03    |
|    ep_rew_mean     | 3.4e+03  |
| time/              |          |
|    fps             | 4470     |
|    iterations      | 20       |
|    time_elapsed    | 174      |
|    total_timesteps | 778240   |
---------------------------------
-----------------------------------------
| rollout/                |             |
|    ep_len_mean          | 2e+03       |
|    ep_rew_mean          | 3.42e+03    |
| time/                   |             |
|    fps                  | 4558        |
|    iterations           | 21          |
|    time_elapsed         | 179         |
|    total_timesteps      | 817152      |
| train/                  |             |
|    approx_kl            | 0.009155822 |
|    clip_fraction        | 0.0754      |
|    clip_range           | 0.2         |
|    entropy_loss         | 1.2         |
|    explained_variance   | 0.892       |
|    learning_rate        | 0.000292    |
|    loss                 | 0.296       |
|    n_updates            | 200         |
|    policy_gradient_loss | -0.00568    |
|    std                  | 0.131       |
|    value_loss           | 0.654       |
-----------------------------------------
-----------------------------------------
| rollout/                |             |
|    ep_len_mean          | 2e+03       |
|    ep_rew_mean          | 3.44e+03    |
| time/                   |             |
|    fps                  | 4642        |
|    iterations           | 22          |
|    time_elapsed         | 184         |
|    total_timesteps      | 856064      |
| train/                  |             |
|    approx_kl            | 0.008235895 |
|    clip_fraction        | 0.0666      |
|    clip_range           | 0.2         |
|    entropy_loss         | 1.3         |
|    explained_variance   | 0.908       |
|    learning_rate        | 0.000292    |
|    loss                 | 0.254       |
|    n_updates            | 210         |
|    policy_gradient_loss | -0.00508    |
|    std                  | 0.125       |
|    value_loss           | 0.665       |
-----------------------------------------
-----------------------------------------
| rollout/                |             |
|    ep_len_mean          | 2e+03       |
|    ep_rew_mean          | 3.45e+03    |
| time/                   |             |
|    fps                  | 4720        |
|    iterations           | 23          |
|    time_elapsed         | 189         |
|    total_timesteps      | 894976      |
| train/                  |             |
|    approx_kl            | 0.007988961 |
|    clip_fraction        | 0.0687      |
|    clip_range           | 0.2         |
|    entropy_loss         | 1.38        |
|    explained_variance   | 0.876       |
|    learning_rate        | 0.000291    |
|    loss                 | 0.271       |
|    n_updates            | 220         |
|    policy_gradient_loss | -0.00402    |
|    std                  | 0.12        |
|    value_loss           | 0.617       |
-----------------------------------------
-----------------------------------------
| rollout/                |             |
|    ep_len_mean          | 2e+03       |
|    ep_rew_mean          | 3.47e+03    |
| time/                   |             |
|    fps                  | 4796        |
|    iterations           | 24          |
|    time_elapsed         | 194         |
|    total_timesteps      | 933888      |
| train/                  |             |
|    approx_kl            | 0.008147311 |
|    clip_fraction        | 0.0681      |
|    clip_range           | 0.2         |
|    entropy_loss         | 1.46        |
|    explained_variance   | 0.868       |
|    learning_rate        | 0.000291    |
|    loss                 | 0.247       |
|    n_updates            | 230         |
|    policy_gradient_loss | -0.00433    |
|    std                  | 0.115       |
|    value_loss           | 0.626       |
-----------------------------------------
Eval num_timesteps=950000, episode_reward=1677.84 +/- 1018.21
Episode length: 1941.80 +/- 97.45
----------------------------------------
| eval/                   |            |
|    mean_ep_length       | 1.94e+03   |
|    mean_reward          | 1.68e+03   |
| time/                   |            |
|    total_timesteps      | 950000     |
| train/                  |            |
|    approx_kl            | 0.00679828 |
|    clip_fraction        | 0.0568     |
|    clip_range           | 0.2        |
|    entropy_loss         | 1.54       |
|    explained_variance   | 0.885      |
|    learning_rate        | 0.000291   |
|    loss                 | 0.286      |
|    n_updates            | 240        |
|    policy_gradient_loss | -0.00329   |
|    std                  | 0.111      |
|    value_loss           | 0.649      |
----------------------------------------
New best mean reward!
---------------------------------
| rollout/           |          |
|    ep_len_mean     | 2e+03    |
|    ep_rew_mean     | 3.49e+03 |
| time/              |          |
|    fps             | 4467     |
|    iterations      | 25       |
|    time_elapsed    | 217      |
|    total_timesteps | 972800   |
---------------------------------
-----------------------------------------
| rollout/                |             |
|    ep_len_mean          | 2e+03       |
|    ep_rew_mean          | 3.49e+03    |
| time/                   |             |
|    fps                  | 4538        |
|    iterations           | 26          |
|    time_elapsed         | 222         |
|    total_timesteps      | 1011712     |
| train/                  |             |
|    approx_kl            | 0.006665106 |
|    clip_fraction        | 0.0584      |
|    clip_range           | 0.2         |
|    entropy_loss         | 1.61        |
|    explained_variance   | 0.911       |
|    learning_rate        | 0.00029     |
|    loss                 | 0.332       |
|    n_updates            | 250         |
|    policy_gradient_loss | -0.00362    |
|    std                  | 0.107       |
|    value_loss           | 0.599       |
-----------------------------------------
------------------------------------------
| rollout/                |              |
|    ep_len_mean          | 2e+03        |
|    ep_rew_mean          | 3.51e+03     |
| time/                   |              |
|    fps                  | 4606         |
|    iterations           | 27           |
|    time_elapsed         | 228          |
|    total_timesteps      | 1050624      |
| train/                  |              |
|    approx_kl            | 0.0057365755 |
|    clip_fraction        | 0.0491       |
|    clip_range           | 0.2          |
|    entropy_loss         | 1.68         |
|    explained_variance   | 0.829        |
|    learning_rate        | 0.00029      |
|    loss                 | 0.443        |
|    n_updates            | 260          |
|    policy_gradient_loss | -0.00237     |
|    std                  | 0.103        |
|    value_loss           | 0.829        |
------------------------------------------
-----------------------------------------
| rollout/                |             |
|    ep_len_mean          | 2e+03       |
|    ep_rew_mean          | 3.52e+03    |
| time/                   |             |
|    fps                  | 4671        |
|    iterations           | 28          |
|    time_elapsed         | 233         |
|    total_timesteps      | 1089536     |
| train/                  |             |
|    approx_kl            | 0.008135609 |
|    clip_fraction        | 0.0687      |
|    clip_range           | 0.2         |
|    entropy_loss         | 1.78        |
|    explained_variance   | 0.902       |
|    learning_rate        | 0.000289    |
|    loss                 | 0.262       |
|    n_updates            | 270         |
|    policy_gradient_loss | -0.00469    |
|    std                  | 0.0984      |
|    value_loss           | 0.529       |
-----------------------------------------
----------------------------------------
| rollout/                |            |
|    ep_len_mean          | 2e+03      |
|    ep_rew_mean          | 3.52e+03   |
| time/                   |            |
|    fps                  | 4733       |
|    iterations           | 29         |
|    time_elapsed         | 238        |
|    total_timesteps      | 1128448    |
| train/                  |            |
|    approx_kl            | 0.00750173 |
|    clip_fraction        | 0.0675     |
|    clip_range           | 0.2        |
|    entropy_loss         | 1.86       |
|    explained_variance   | 0.885      |
|    learning_rate        | 0.000289   |
|    loss                 | 0.212      |
|    n_updates            | 280        |
|    policy_gradient_loss | -0.00368   |
|    std                  | 0.0945     |
|    value_loss           | 0.495      |
----------------------------------------
Eval num_timesteps=1140000, episode_reward=1864.23 +/- 994.24
Episode length: 1990.25 +/- 23.40
------------------------------------------
| eval/                   |              |
|    mean_ep_length       | 1.99e+03     |
|    mean_reward          | 1.86e+03     |
| time/                   |              |
|    total_timesteps      | 1140000      |
| train/                  |              |
|    approx_kl            | 0.0076263617 |
|    clip_fraction        | 0.0629       |
|    clip_range           | 0.2          |
|    entropy_loss         | 1.94         |
|    explained_variance   | 0.883        |
|    learning_rate        | 0.000289     |
|    loss                 | 0.273        |
|    n_updates            | 290          |
|    policy_gradient_loss | -0.00268     |
|    std                  | 0.0909       |
|    value_loss           | 0.539        |
------------------------------------------
New best mean reward!
---------------------------------
| rollout/           |          |
|    ep_len_mean     | 2e+03    |
|    ep_rew_mean     | 3.53e+03 |
| time/              |          |
|    fps             | 4458     |
|    iterations      | 30       |
|    time_elapsed    | 261      |
|    total_timesteps | 1167360  |
---------------------------------
-----------------------------------------
| rollout/                |             |
|    ep_len_mean          | 2e+03       |
|    ep_rew_mean          | 3.54e+03    |
| time/                   |             |
|    fps                  | 4518        |
|    iterations           | 31          |
|    time_elapsed         | 266         |
|    total_timesteps      | 1206272     |
| train/                  |             |
|    approx_kl            | 0.006976603 |
|    clip_fraction        | 0.0593      |
|    clip_range           | 0.2         |
|    entropy_loss         | 2.01        |
|    explained_variance   | 0.926       |
|    learning_rate        | 0.000288    |
|    loss                 | 0.223       |
|    n_updates            | 300         |
|    policy_gradient_loss | -0.00256    |
|    std                  | 0.088       |
|    value_loss           | 0.491       |
-----------------------------------------
------------------------------------------
| rollout/                |              |
|    ep_len_mean          | 2e+03        |
|    ep_rew_mean          | 3.54e+03     |
| time/                   |              |
|    fps                  | 4576         |
|    iterations           | 32           |
|    time_elapsed         | 272          |
|    total_timesteps      | 1245184      |
| train/                  |              |
|    approx_kl            | 0.0061660837 |
|    clip_fraction        | 0.0564       |
|    clip_range           | 0.2          |
|    entropy_loss         | 2.06         |
|    explained_variance   | 0.875        |
|    learning_rate        | 0.000288     |
|    loss                 | 0.299        |
|    n_updates            | 310          |
|    policy_gradient_loss | -0.00197     |
|    std                  | 0.0861       |
|    value_loss           | 0.615        |
------------------------------------------
----------------------------------------
| rollout/                |            |
|    ep_len_mean          | 2e+03      |
|    ep_rew_mean          | 3.55e+03   |
| time/                   |            |
|    fps                  | 4632       |
|    iterations           | 33         |
|    time_elapsed         | 277        |
|    total_timesteps      | 1284096    |
| train/                  |            |
|    approx_kl            | 0.00741834 |
|    clip_fraction        | 0.0655     |
|    clip_range           | 0.2        |
|    entropy_loss         | 2.13       |
|    explained_variance   | 0.917      |
|    learning_rate        | 0.000288   |
|    loss                 | 0.197      |
|    n_updates            | 320        |
|    policy_gradient_loss | -0.00292   |
|    std                  | 0.0826     |
|    value_loss           | 0.394      |
----------------------------------------
-----------------------------------------
| rollout/                |             |
|    ep_len_mean          | 2e+03       |
|    ep_rew_mean          | 3.56e+03    |
| time/                   |             |
|    fps                  | 4685        |
|    iterations           | 34          |
|    time_elapsed         | 282         |
|    total_timesteps      | 1323008     |
| train/                  |             |
|    approx_kl            | 0.006386472 |
|    clip_fraction        | 0.0548      |
|    clip_range           | 0.2         |
|    entropy_loss         | 2.2         |
|    explained_variance   | 0.879       |
|    learning_rate        | 0.000287    |
|    loss                 | 0.162       |
|    n_updates            | 330         |
|    policy_gradient_loss | -0.00254    |
|    std                  | 0.0797      |
|    value_loss           | 0.317       |
-----------------------------------------
Eval num_timesteps=1330000, episode_reward=1683.98 +/- 980.53
Episode length: 1942.20 +/- 93.20
-----------------------------------------
| eval/                   |             |
|    mean_ep_length       | 1.94e+03    |
|    mean_reward          | 1.68e+03    |
| time/                   |             |
|    total_timesteps      | 1330000     |
| train/                  |             |
|    approx_kl            | 0.007507944 |
|    clip_fraction        | 0.0644      |
|    clip_range           | 0.2         |
|    entropy_loss         | 2.28        |
|    explained_variance   | 0.937       |
|    learning_rate        | 0.000287    |
|    loss                 | 0.175       |
|    n_updates            | 340         |
|    policy_gradient_loss | -0.00289    |
|    std                  | 0.0767      |
|    value_loss           | 0.293       |
-----------------------------------------
---------------------------------
| rollout/           |          |
|    ep_len_mean     | 2e+03    |
|    ep_rew_mean     | 3.56e+03 |
| time/              |          |
|    fps             | 4460     |
|    iterations      | 35       |
|    time_elapsed    | 305      |
|    total_timesteps | 1361920  |
---------------------------------
-----------------------------------------
| rollout/                |             |
|    ep_len_mean          | 2e+03       |
|    ep_rew_mean          | 3.56e+03    |
| time/                   |             |
|    fps                  | 4512        |
|    iterations           | 36          |
|    time_elapsed         | 310         |
|    total_timesteps      | 1400832     |
| train/                  |             |
|    approx_kl            | 0.006716188 |
|    clip_fraction        | 0.0682      |
|    clip_range           | 0.2         |
|    entropy_loss         | 2.35        |
|    explained_variance   | 0.935       |
|    learning_rate        | 0.000286    |
|    loss                 | 0.179       |
|    n_updates            | 350         |
|    policy_gradient_loss | -0.00288    |
|    std                  | 0.0742      |
|    value_loss           | 0.323       |
-----------------------------------------
------------------------------------------
| rollout/                |              |
|    ep_len_mean          | 2e+03        |
|    ep_rew_mean          | 3.57e+03     |
| time/                   |              |
|    fps                  | 4562         |
|    iterations           | 37           |
|    time_elapsed         | 315          |
|    total_timesteps      | 1439744      |
| train/                  |              |
|    approx_kl            | 0.0067139817 |
|    clip_fraction        | 0.0617       |
|    clip_range           | 0.2          |
|    entropy_loss         | 2.42         |
|    explained_variance   | 0.95         |
|    learning_rate        | 0.000286     |
|    loss                 | 0.158        |
|    n_updates            | 360          |
|    policy_gradient_loss | -0.00243     |
|    std                  | 0.0715       |
|    value_loss           | 0.261        |
------------------------------------------
-----------------------------------------
| rollout/                |             |
|    ep_len_mean          | 2e+03       |
|    ep_rew_mean          | 3.56e+03    |
| time/                   |             |
|    fps                  | 4610        |
|    iterations           | 38          |
|    time_elapsed         | 320         |
|    total_timesteps      | 1478656     |
| train/                  |             |
|    approx_kl            | 0.005622654 |
|    clip_fraction        | 0.0551      |
|    clip_range           | 0.2         |
|    entropy_loss         | 2.48        |
|    explained_variance   | 0.921       |
|    learning_rate        | 0.000286    |
|    loss                 | 0.199       |
|    n_updates            | 370         |
|    policy_gradient_loss | -0.00207    |
|    std                  | 0.0698      |
|    value_loss           | 0.392       |
-----------------------------------------
------------------------------------------
| rollout/                |              |
|    ep_len_mean          | 2e+03        |
|    ep_rew_mean          | 3.56e+03     |
| time/                   |              |
|    fps                  | 4657         |
|    iterations           | 39           |
|    time_elapsed         | 325          |
|    total_timesteps      | 1517568      |
| train/                  |              |
|    approx_kl            | 0.0067279628 |
|    clip_fraction        | 0.0603       |
|    clip_range           | 0.2          |
|    entropy_loss         | 2.54         |
|    explained_variance   | 0.949        |
|    learning_rate        | 0.000285     |
|    loss                 | 0.15         |
|    n_updates            | 380          |
|    policy_gradient_loss | -0.00208     |
|    std                  | 0.0673       |
|    value_loss           | 0.285        |
------------------------------------------
Eval num_timesteps=1520000, episode_reward=1471.88 +/- 1030.15
Episode length: 1938.45 +/- 97.64
------------------------------------------
| eval/                   |              |
|    mean_ep_length       | 1.94e+03     |
|    mean_reward          | 1.47e+03     |
| time/                   |              |
|    total_timesteps      | 1520000      |
| train/                  |              |
|    approx_kl            | 0.0062111504 |
|    clip_fraction        | 0.0597       |
|    clip_range           | 0.2          |
|    entropy_loss         | 2.61         |
|    explained_variance   | 0.948        |
|    learning_rate        | 0.000285     |
|    loss                 | 0.179        |
|    n_updates            | 390          |
|    policy_gradient_loss | -0.00203     |
|    std                  | 0.0652       |
|    value_loss           | 0.302        |
------------------------------------------
---------------------------------
| rollout/           |          |
|    ep_len_mean     | 2e+03    |
|    ep_rew_mean     | 3.56e+03 |
| time/              |          |
|    fps             | 4459     |
|    iterations      | 40       |
|    time_elapsed    | 348      |
|    total_timesteps | 1556480  |
---------------------------------
-----------------------------------------
| rollout/                |             |
|    ep_len_mean          | 2e+03       |
|    ep_rew_mean          | 3.57e+03    |
| time/                   |             |
|    fps                  | 4505        |
|    iterations           | 41          |
|    time_elapsed         | 354         |
|    total_timesteps      | 1595392     |
| train/                  |             |
|    approx_kl            | 0.007651249 |
|    clip_fraction        | 0.0687      |
|    clip_range           | 0.2         |
|    entropy_loss         | 2.67        |
|    explained_variance   | 0.936       |
|    learning_rate        | 0.000284    |
|    loss                 | 0.197       |
|    n_updates            | 400         |
|    policy_gradient_loss | -0.00297    |
|    std                  | 0.0633      |
|    value_loss           | 0.306       |
-----------------------------------------
------------------------------------------
| rollout/                |              |
|    ep_len_mean          | 2e+03        |
|    ep_rew_mean          | 3.58e+03     |
| time/                   |              |
|    fps                  | 4550         |
|    iterations           | 42           |
|    time_elapsed         | 359          |
|    total_timesteps      | 1634304      |
| train/                  |              |
|    approx_kl            | 0.0073760417 |
|    clip_fraction        | 0.0687       |
|    clip_range           | 0.2          |
|    entropy_loss         | 2.74         |
|    explained_variance   | 0.962        |
|    learning_rate        | 0.000284     |
|    loss                 | 0.136        |
|    n_updates            | 410          |
|    policy_gradient_loss | -0.00263     |
|    std                  | 0.061        |
|    value_loss           | 0.198        |
------------------------------------------
------------------------------------------
| rollout/                |              |
|    ep_len_mean          | 2e+03        |
|    ep_rew_mean          | 3.59e+03     |
| time/                   |              |
|    fps                  | 4593         |
|    iterations           | 43           |
|    time_elapsed         | 364          |
|    total_timesteps      | 1673216      |
| train/                  |              |
|    approx_kl            | 0.0071162074 |
|    clip_fraction        | 0.0623       |
|    clip_range           | 0.2          |
|    entropy_loss         | 2.81         |
|    explained_variance   | 0.956        |
|    learning_rate        | 0.000284     |
|    loss                 | 0.128        |
|    n_updates            | 420          |
|    policy_gradient_loss | -0.00215     |
|    std                  | 0.0586       |
|    value_loss           | 0.215        |
------------------------------------------
Eval num_timesteps=1710000, episode_reward=1552.04 +/- 1012.78
Episode length: 1944.30 +/- 88.06
------------------------------------------
| eval/                   |              |
|    mean_ep_length       | 1.94e+03     |
|    mean_reward          | 1.55e+03     |
| time/                   |              |
|    total_timesteps      | 1710000      |
| train/                  |              |
|    approx_kl            | 0.0077594533 |
|    clip_fraction        | 0.0679       |
|    clip_range           | 0.2          |
|    entropy_loss         | 2.9          |
|    explained_variance   | 0.963        |
|    learning_rate        | 0.000283     |
|    loss                 | 0.129        |
|    n_updates            | 430          |
|    policy_gradient_loss | -0.00233     |
|    std                  | 0.0563       |
|    value_loss           | 0.222        |
------------------------------------------
---------------------------------
| rollout/           |          |
|    ep_len_mean     | 2e+03    |
|    ep_rew_mean     | 3.59e+03 |
| time/              |          |
|    fps             | 4421     |
|    iterations      | 44       |
|    time_elapsed    | 387      |
|    total_timesteps | 1712128  |
---------------------------------
------------------------------------------
| rollout/                |              |
|    ep_len_mean          | 2e+03        |
|    ep_rew_mean          | 3.59e+03     |
| time/                   |              |
|    fps                  | 4463         |
|    iterations           | 45           |
|    time_elapsed         | 392          |
|    total_timesteps      | 1751040      |
| train/                  |              |
|    approx_kl            | 0.0061035748 |
|    clip_fraction        | 0.0601       |
|    clip_range           | 0.2          |
|    entropy_loss         | 2.95         |
|    explained_variance   | 0.94         |
|    learning_rate        | 0.000283     |
|    loss                 | 0.15         |
|    n_updates            | 440          |
|    policy_gradient_loss | -0.00161     |
|    std                  | 0.0551       |
|    value_loss           | 0.29         |
------------------------------------------
------------------------------------------
| rollout/                |              |
|    ep_len_mean          | 2e+03        |
|    ep_rew_mean          | 3.6e+03      |
| time/                   |              |
|    fps                  | 4503         |
|    iterations           | 46           |
|    time_elapsed         | 397          |
|    total_timesteps      | 1789952      |
| train/                  |              |
|    approx_kl            | 0.0070202923 |
|    clip_fraction        | 0.0685       |
|    clip_range           | 0.2          |
|    entropy_loss         | 3.01         |
|    explained_variance   | 0.97         |
|    learning_rate        | 0.000282     |
|    loss                 | 0.115        |
|    n_updates            | 450          |
|    policy_gradient_loss | -0.00225     |
|    std                  | 0.0533       |
|    value_loss           | 0.19         |
------------------------------------------
-----------------------------------------
| rollout/                |             |
|    ep_len_mean          | 2e+03       |
|    ep_rew_mean          | 3.6e+03     |
| time/                   |             |
|    fps                  | 4543        |
|    iterations           | 47          |
|    time_elapsed         | 402         |
|    total_timesteps      | 1828864     |
| train/                  |             |
|    approx_kl            | 0.007031936 |
|    clip_fraction        | 0.0643      |
|    clip_range           | 0.2         |
|    entropy_loss         | 3.07        |
|    explained_variance   | 0.968       |
|    learning_rate        | 0.000282    |
|    loss                 | 0.112       |
|    n_updates            | 460         |
|    policy_gradient_loss | -0.0017     |
|    std                  | 0.0519      |
|    value_loss           | 0.203       |
-----------------------------------------
------------------------------------------
| rollout/                |              |
|    ep_len_mean          | 2e+03        |
|    ep_rew_mean          | 3.6e+03      |
| time/                   |              |
|    fps                  | 4581         |
|    iterations           | 48           |
|    time_elapsed         | 407          |
|    total_timesteps      | 1867776      |
| train/                  |              |
|    approx_kl            | 0.0071016387 |
|    clip_fraction        | 0.0696       |
|    clip_range           | 0.2          |
|    entropy_loss         | 3.13         |
|    explained_variance   | 0.961        |
|    learning_rate        | 0.000282     |
|    loss                 | 0.145        |
|    n_updates            | 470          |
|    policy_gradient_loss | -0.00217     |
|    std                  | 0.0504       |
|    value_loss           | 0.22         |
------------------------------------------
Eval num_timesteps=1900000, episode_reward=1497.33 +/- 1020.25
Episode length: 1866.50 +/- 176.88
-----------------------------------------
| eval/                   |             |
|    mean_ep_length       | 1.87e+03    |
|    mean_reward          | 1.5e+03     |
| time/                   |             |
|    total_timesteps      | 1900000     |
| train/                  |             |
|    approx_kl            | 0.005846857 |
|    clip_fraction        | 0.0628      |
|    clip_range           | 0.2         |
|    entropy_loss         | 3.18        |
|    explained_variance   | 0.969       |
|    learning_rate        | 0.000281    |
|    loss                 | 0.131       |
|    n_updates            | 480         |
|    policy_gradient_loss | -0.0018     |
|    std                  | 0.049       |
|    value_loss           | 0.218       |
-----------------------------------------
---------------------------------
| rollout/           |          |
|    ep_len_mean     | 2e+03    |
|    ep_rew_mean     | 3.61e+03 |
| time/              |          |
|    fps             | 4436     |
|    iterations      | 49       |
|    time_elapsed    | 429      |
|    total_timesteps | 1906688  |
---------------------------------
-----------------------------------------
| rollout/                |             |
|    ep_len_mean          | 2e+03       |
|    ep_rew_mean          | 3.61e+03    |
| time/                   |             |
|    fps                  | 4473        |
|    iterations           | 50          |
|    time_elapsed         | 434         |
|    total_timesteps      | 1945600     |
| train/                  |             |
|    approx_kl            | 0.006772072 |
|    clip_fraction        | 0.0727      |
|    clip_range           | 0.2         |
|    entropy_loss         | 3.24        |
|    explained_variance   | 0.964       |
|    learning_rate        | 0.000281    |
|    loss                 | 0.121       |
|    n_updates            | 490         |
|    policy_gradient_loss | -0.00283    |
|    std                  | 0.0476      |
|    value_loss           | 0.17        |
-----------------------------------------
-----------------------------------------
| rollout/                |             |
|    ep_len_mean          | 2e+03       |
|    ep_rew_mean          | 3.62e+03    |
| time/                   |             |
|    fps                  | 4508        |
|    iterations           | 51          |
|    time_elapsed         | 440         |
|    total_timesteps      | 1984512     |
| train/                  |             |
|    approx_kl            | 0.007424626 |
|    clip_fraction        | 0.0776      |
|    clip_range           | 0.2         |
|    entropy_loss         | 3.3         |
|    explained_variance   | 0.957       |
|    learning_rate        | 0.000281    |
|    loss                 | 0.131       |
|    n_updates            | 500         |
|    policy_gradient_loss | -0.00236    |
|    std                  | 0.0461      |
|    value_loss           | 0.169       |
-----------------------------------------
-----------------------------------------
| rollout/                |             |
|    ep_len_mean          | 2e+03       |
|    ep_rew_mean          | 3.62e+03    |
| time/                   |             |
|    fps                  | 4544        |
|    iterations           | 52          |
|    time_elapsed         | 445         |
|    total_timesteps      | 2023424     |
| train/                  |             |
|    approx_kl            | 0.007922213 |
|    clip_fraction        | 0.0897      |
|    clip_range           | 0.2         |
|    entropy_loss         | 3.36        |
|    explained_variance   | 0.974       |
|    learning_rate        | 0.00028     |
|    loss                 | 0.107       |
|    n_updates            | 510         |
|    policy_gradient_loss | -0.00242    |
|    std                  | 0.0449      |
|    value_loss           | 0.17        |
-----------------------------------------
-----------------------------------------
| rollout/                |             |
|    ep_len_mean          | 2e+03       |
|    ep_rew_mean          | 3.63e+03    |
| time/                   |             |
|    fps                  | 4579        |
|    iterations           | 53          |
|    time_elapsed         | 450         |
|    total_timesteps      | 2062336     |
| train/                  |             |
|    approx_kl            | 0.008800831 |
|    clip_fraction        | 0.0978      |
|    clip_range           | 0.2         |
|    entropy_loss         | 3.42        |
|    explained_variance   | 0.961       |
|    learning_rate        | 0.00028     |
|    loss                 | 0.0883      |
|    n_updates            | 520         |
|    policy_gradient_loss | -0.00454    |
|    std                  | 0.0434      |
|    value_loss           | 0.129       |
-----------------------------------------
Eval num_timesteps=2090000, episode_reward=1616.24 +/- 963.69
Episode length: 1872.05 +/- 166.95
-----------------------------------------
| eval/                   |             |
|    mean_ep_length       | 1.87e+03    |
|    mean_reward          | 1.62e+03    |
| time/                   |             |
|    total_timesteps      | 2090000     |
| train/                  |             |
|    approx_kl            | 0.008296737 |
|    clip_fraction        | 0.0903      |
|    clip_range           | 0.2         |
|    entropy_loss         | 3.49        |
|    explained_variance   | 0.977       |
|    learning_rate        | 0.000279    |
|    loss                 | 0.0791      |
|    n_updates            | 530         |
|    policy_gradient_loss | -0.00318    |
|    std                  | 0.0421      |
|    value_loss           | 0.0956      |
-----------------------------------------
---------------------------------
| rollout/           |          |
|    ep_len_mean     | 2e+03    |
|    ep_rew_mean     | 3.64e+03 |
| time/              |          |
|    fps             | 4448     |
|    iterations      | 54       |
|    time_elapsed    | 472      |
|    total_timesteps | 2101248  |
---------------------------------
-----------------------------------------
| rollout/                |             |
|    ep_len_mean          | 2e+03       |
|    ep_rew_mean          | 3.64e+03    |
| time/                   |             |
|    fps                  | 4482        |
|    iterations           | 55          |
|    time_elapsed         | 477         |
|    total_timesteps      | 2140160     |
| train/                  |             |
|    approx_kl            | 0.008662152 |
|    clip_fraction        | 0.0859      |
|    clip_range           | 0.2         |
|    entropy_loss         | 3.56        |
|    explained_variance   | 0.975       |
|    learning_rate        | 0.000279    |
|    loss                 | 0.063       |
|    n_updates            | 540         |
|    policy_gradient_loss | -0.00343    |
|    std                  | 0.0405      |
|    value_loss           | 0.0869      |
-----------------------------------------
-----------------------------------------
| rollout/                |             |
|    ep_len_mean          | 2e+03       |
|    ep_rew_mean          | 3.65e+03    |
| time/                   |             |
|    fps                  | 4515        |
|    iterations           | 56          |
|    time_elapsed         | 482         |
|    total_timesteps      | 2179072     |
| train/                  |             |
|    approx_kl            | 0.010813436 |
|    clip_fraction        | 0.0915      |
|    clip_range           | 0.2         |
|    entropy_loss         | 3.64        |
|    explained_variance   | 0.986       |
|    learning_rate        | 0.000279    |
|    loss                 | 0.0745      |
|    n_updates            | 550         |
|    policy_gradient_loss | -0.00324    |
|    std                  | 0.0389      |
|    value_loss           | 0.0832      |
-----------------------------------------
-----------------------------------------
| rollout/                |             |
|    ep_len_mean          | 2e+03       |
|    ep_rew_mean          | 3.65e+03    |
| time/                   |             |
|    fps                  | 4548        |
|    iterations           | 57          |
|    time_elapsed         | 487         |
|    total_timesteps      | 2217984     |
| train/                  |             |
|    approx_kl            | 0.008317799 |
|    clip_fraction        | 0.0807      |
|    clip_range           | 0.2         |
|    entropy_loss         | 3.72        |
|    explained_variance   | 0.994       |
|    learning_rate        | 0.000278    |
|    loss                 | 0.0538      |
|    n_updates            | 560         |
|    policy_gradient_loss | -0.00271    |
|    std                  | 0.0375      |
|    value_loss           | 0.0514      |
-----------------------------------------
-----------------------------------------
| rollout/                |             |
|    ep_len_mean          | 2e+03       |
|    ep_rew_mean          | 3.66e+03    |
| time/                   |             |
|    fps                  | 4581        |
|    iterations           | 58          |
|    time_elapsed         | 492         |
|    total_timesteps      | 2256896     |
| train/                  |             |
|    approx_kl            | 0.008082314 |
|    clip_fraction        | 0.0774      |
|    clip_range           | 0.2         |
|    entropy_loss         | 3.79        |
|    explained_variance   | 0.987       |
|    learning_rate        | 0.000278    |
|    loss                 | 0.059       |
|    n_updates            | 570         |
|    policy_gradient_loss | -0.00289    |
|    std                  | 0.036       |
|    value_loss           | 0.048       |
-----------------------------------------
Eval num_timesteps=2280000, episode_reward=1416.53 +/- 932.51
Episode length: 1765.70 +/- 265.78
------------------------------------------
| eval/                   |              |
|    mean_ep_length       | 1.77e+03     |
|    mean_reward          | 1.42e+03     |
| time/                   |              |
|    total_timesteps      | 2280000      |
| train/                  |              |
|    approx_kl            | 0.0099169435 |
|    clip_fraction        | 0.0891       |
|    clip_range           | 0.2          |
|    entropy_loss         | 3.87         |
|    explained_variance   | 0.991        |
|    learning_rate        | 0.000277     |
|    loss                 | 0.0414       |
|    n_updates            | 580          |
|    policy_gradient_loss | -0.00355     |
|    std                  | 0.0348       |
|    value_loss           | 0.0356       |
------------------------------------------
---------------------------------
| rollout/           |          |
|    ep_len_mean     | 2e+03    |
|    ep_rew_mean     | 3.67e+03 |
| time/              |          |
|    fps             | 4467     |
|    iterations      | 59       |
|    time_elapsed    | 513      |
|    total_timesteps | 2295808  |
---------------------------------
-----------------------------------------
| rollout/                |             |
|    ep_len_mean          | 2e+03       |
|    ep_rew_mean          | 3.68e+03    |
| time/                   |             |
|    fps                  | 4429        |
|    iterations           | 60          |
|    time_elapsed         | 527         |
|    total_timesteps      | 2334720     |
| train/                  |             |
|    approx_kl            | 0.007996625 |
|    clip_fraction        | 0.0896      |
|    clip_range           | 0.2         |
|    entropy_loss         | 3.93        |
|    explained_variance   | 0.989       |
|    learning_rate        | 0.000277    |
|    loss                 | 0.057       |
|    n_updates            | 590         |
|    policy_gradient_loss | -0.000975   |
|    std                  | 0.0336      |
|    value_loss           | 0.0475      |
-----------------------------------------
-----------------------------------------
| rollout/                |             |
|    ep_len_mean          | 2e+03       |
|    ep_rew_mean          | 3.68e+03    |
| time/                   |             |
|    fps                  | 4324        |
|    iterations           | 61          |
|    time_elapsed         | 548         |
|    total_timesteps      | 2373632     |
| train/                  |             |
|    approx_kl            | 0.009634814 |
|    clip_fraction        | 0.0931      |
|    clip_range           | 0.2         |
|    entropy_loss         | 4           |
|    explained_variance   | 0.989       |
|    learning_rate        | 0.000277    |
|    loss                 | 0.0514      |
|    n_updates            | 600         |
|    policy_gradient_loss | -0.00255    |
|    std                  | 0.0325      |
|    value_loss           | 0.0404      |
-----------------------------------------
-----------------------------------------
| rollout/                |             |
|    ep_len_mean          | 2e+03       |
|    ep_rew_mean          | 3.69e+03    |
| time/                   |             |
|    fps                  | 4218        |
|    iterations           | 62          |
|    time_elapsed         | 571         |
|    total_timesteps      | 2412544     |
| train/                  |             |
|    approx_kl            | 0.007971735 |
|    clip_fraction        | 0.0895      |
|    clip_range           | 0.2         |
|    entropy_loss         | 4.06        |
|    explained_variance   | 0.99        |
|    learning_rate        | 0.000276    |
|    loss                 | 0.0606      |
|    n_updates            | 610         |
|    policy_gradient_loss | -0.00144    |
|    std                  | 0.0315      |
|    value_loss           | 0.0457      |
-----------------------------------------
-----------------------------------------
| rollout/                |             |
|    ep_len_mean          | 2e+03       |
|    ep_rew_mean          | 3.69e+03    |
| time/                   |             |
|    fps                  | 4116        |
|    iterations           | 63          |
|    time_elapsed         | 595         |
|    total_timesteps      | 2451456     |
| train/                  |             |
|    approx_kl            | 0.008266373 |
|    clip_fraction        | 0.0812      |
|    clip_range           | 0.2         |
|    entropy_loss         | 4.13        |
|    explained_variance   | 0.99        |
|    learning_rate        | 0.000276    |
|    loss                 | 0.0502      |
|    n_updates            | 620         |
|    policy_gradient_loss | -0.00116    |
|    std                  | 0.0305      |
|    value_loss           | 0.0394      |
-----------------------------------------
Eval num_timesteps=2470000, episode_reward=1455.94 +/- 939.36
Episode length: 1806.55 +/- 237.39
------------------------------------------
| eval/                   |              |
|    mean_ep_length       | 1.81e+03     |
|    mean_reward          | 1.46e+03     |
| time/                   |              |
|    total_timesteps      | 2470000      |
| train/                  |              |
|    approx_kl            | 0.0074268593 |
|    clip_fraction        | 0.0889       |
|    clip_range           | 0.2          |
|    entropy_loss         | 4.18         |
|    explained_variance   | 0.992        |
|    learning_rate        | 0.000275     |
|    loss                 | 0.0519       |
|    n_updates            | 630          |
|    policy_gradient_loss | -0.000898    |
|    std                  | 0.0297       |
|    value_loss           | 0.0374       |
------------------------------------------
---------------------------------
| rollout/           |          |
|    ep_len_mean     | 2e+03    |
|    ep_rew_mean     | 3.7e+03  |
| time/              |          |
|    fps             | 3726     |
|    iterations      | 64       |
|    time_elapsed    | 668      |
|    total_timesteps | 2490368  |
---------------------------------
-----------------------------------------
| rollout/                |             |
|    ep_len_mean          | 2e+03       |
|    ep_rew_mean          | 3.7e+03     |
| time/                   |             |
|    fps                  | 3661        |
|    iterations           | 65          |
|    time_elapsed         | 690         |
|    total_timesteps      | 2529280     |
| train/                  |             |
|    approx_kl            | 0.008488561 |
|    clip_fraction        | 0.0895      |
|    clip_range           | 0.2         |
|    entropy_loss         | 4.24        |
|    explained_variance   | 0.993       |
|    learning_rate        | 0.000275    |
|    loss                 | 0.056       |
|    n_updates            | 640         |
|    policy_gradient_loss | -0.00127    |
|    std                  | 0.0288      |
|    value_loss           | 0.0329      |
-----------------------------------------
-----------------------------------------
| rollout/                |             |
|    ep_len_mean          | 2e+03       |
|    ep_rew_mean          | 3.71e+03    |
| time/                   |             |
|    fps                  | 3599        |
|    iterations           | 66          |
|    time_elapsed         | 713         |
|    total_timesteps      | 2568192     |
| train/                  |             |
|    approx_kl            | 0.008684081 |
|    clip_fraction        | 0.0935      |
|    clip_range           | 0.2         |
|    entropy_loss         | 4.3         |
|    explained_variance   | 0.99        |
|    learning_rate        | 0.000275    |
|    loss                 | 0.06        |
|    n_updates            | 650         |
|    policy_gradient_loss | -0.000875   |
|    std                  | 0.0279      |
|    value_loss           | 0.032       |
-----------------------------------------
----------------------------------------
| rollout/                |            |
|    ep_len_mean          | 2e+03      |
|    ep_rew_mean          | 3.71e+03   |
| time/                   |            |
|    fps                  | 3538       |
|    iterations           | 67         |
|    time_elapsed         | 736        |
|    total_timesteps      | 2607104    |
| train/                  |            |
|    approx_kl            | 0.00896947 |
|    clip_fraction        | 0.103      |
|    clip_range           | 0.2        |
|    entropy_loss         | 4.37       |
|    explained_variance   | 0.995      |
|    learning_rate        | 0.000274   |
|    loss                 | 0.0521     |
|    n_updates            | 660        |
|    policy_gradient_loss | -0.00219   |
|    std                  | 0.0271     |
|    value_loss           | 0.0265     |
----------------------------------------
-----------------------------------------
| rollout/                |             |
|    ep_len_mean          | 2e+03       |
|    ep_rew_mean          | 3.71e+03    |
| time/                   |             |
|    fps                  | 3483        |
|    iterations           | 68          |
|    time_elapsed         | 759         |
|    total_timesteps      | 2646016     |
| train/                  |             |
|    approx_kl            | 0.009456731 |
|    clip_fraction        | 0.101       |
|    clip_range           | 0.2         |
|    entropy_loss         | 4.42        |
|    explained_variance   | 0.991       |
|    learning_rate        | 0.000274    |
|    loss                 | 0.0495      |
|    n_updates            | 670         |
|    policy_gradient_loss | -0.000663   |
|    std                  | 0.0264      |
|    value_loss           | 0.0322      |
-----------------------------------------
Eval num_timesteps=2660000, episode_reward=1663.67 +/- 984.54
Episode length: 1898.40 +/- 140.02
------------------------------------------
| eval/                   |              |
|    mean_ep_length       | 1.9e+03      |
|    mean_reward          | 1.66e+03     |
| time/                   |              |
|    total_timesteps      | 2660000      |
| train/                  |              |
|    approx_kl            | 0.0072778603 |
|    clip_fraction        | 0.0891       |
|    clip_range           | 0.2          |
|    entropy_loss         | 4.46         |
|    explained_variance   | 0.986        |
|    learning_rate        | 0.000274     |
|    loss                 | 0.0712       |
|    n_updates            | 680          |
|    policy_gradient_loss | -0.000288    |
|    std                  | 0.0258       |
|    value_loss           | 0.0342       |
------------------------------------------
---------------------------------
| rollout/           |          |
|    ep_len_mean     | 2e+03    |
|    ep_rew_mean     | 3.71e+03 |
| time/              |          |
|    fps             | 3217     |
|    iterations      | 69       |
|    time_elapsed    | 834      |
|    total_timesteps | 2684928  |
---------------------------------
-----------------------------------------
| rollout/                |             |
|    ep_len_mean          | 2e+03       |
|    ep_rew_mean          | 3.72e+03    |
| time/                   |             |
|    fps                  | 3168        |
|    iterations           | 70          |
|    time_elapsed         | 859         |
|    total_timesteps      | 2723840     |
| train/                  |             |
|    approx_kl            | 0.008459744 |
|    clip_fraction        | 0.0958      |
|    clip_range           | 0.2         |
|    entropy_loss         | 4.51        |
|    explained_variance   | 0.99        |
|    learning_rate        | 0.000273    |
|    loss                 | 0.0549      |
|    n_updates            | 690         |
|    policy_gradient_loss | -0.00151    |
|    std                  | 0.0252      |
|    value_loss           | 0.0333      |
-----------------------------------------
-----------------------------------------
| rollout/                |             |
|    ep_len_mean          | 2e+03       |
|    ep_rew_mean          | 3.72e+03    |
| time/                   |             |
|    fps                  | 3131        |
|    iterations           | 71          |
|    time_elapsed         | 882         |
|    total_timesteps      | 2762752     |
| train/                  |             |
|    approx_kl            | 0.008600173 |
|    clip_fraction        | 0.0921      |
|    clip_range           | 0.2         |
|    entropy_loss         | 4.56        |
|    explained_variance   | 0.994       |
|    learning_rate        | 0.000273    |
|    loss                 | 0.0544      |
|    n_updates            | 700         |
|    policy_gradient_loss | 0.000935    |
|    std                  | 0.0246      |
|    value_loss           | 0.031       |
-----------------------------------------
-----------------------------------------
| rollout/                |             |
|    ep_len_mean          | 2e+03       |
|    ep_rew_mean          | 3.71e+03    |
| time/                   |             |
|    fps                  | 3095        |
|    iterations           | 72          |
|    time_elapsed         | 904         |
|    total_timesteps      | 2801664     |
| train/                  |             |
|    approx_kl            | 0.009154327 |
|    clip_fraction        | 0.103       |
|    clip_range           | 0.2         |
|    entropy_loss         | 4.61        |
|    explained_variance   | 0.997       |
|    learning_rate        | 0.000272    |
|    loss                 | 0.0644      |
|    n_updates            | 710         |
|    policy_gradient_loss | -0.000195   |
|    std                  | 0.024       |
|    value_loss           | 0.0225      |
-----------------------------------------
----------------------------------------
| rollout/                |            |
|    ep_len_mean          | 2e+03      |
|    ep_rew_mean          | 3.71e+03   |
| time/                   |            |
|    fps                  | 3061       |
|    iterations           | 73         |
|    time_elapsed         | 927        |
|    total_timesteps      | 2840576    |
| train/                  |            |
|    approx_kl            | 0.00814717 |
|    clip_fraction        | 0.101      |
|    clip_range           | 0.2        |
|    entropy_loss         | 4.63       |
|    explained_variance   | 0.993      |
|    learning_rate        | 0.000272   |
|    loss                 | 0.06       |
|    n_updates            | 720        |
|    policy_gradient_loss | -0.000649  |
|    std                  | 0.0238     |
|    value_loss           | 0.0307     |
----------------------------------------
Eval num_timesteps=2850000, episode_reward=1610.50 +/- 1057.17
Episode length: 1939.10 +/- 98.61
-----------------------------------------
| eval/                   |             |
|    mean_ep_length       | 1.94e+03    |
|    mean_reward          | 1.61e+03    |
| time/                   |             |
|    total_timesteps      | 2850000     |
| train/                  |             |
|    approx_kl            | 0.007198241 |
|    clip_fraction        | 0.0798      |
|    clip_range           | 0.2         |
|    entropy_loss         | 4.63        |
|    explained_variance   | 0.983       |
|    learning_rate        | 0.000272    |
|    loss                 | 0.0811      |
|    n_updates            | 730         |
|    policy_gradient_loss | 0.00174     |
|    std                  | 0.0239      |
|    value_loss           | 0.0443      |
-----------------------------------------
---------------------------------
| rollout/           |          |
|    ep_len_mean     | 2e+03    |
|    ep_rew_mean     | 3.71e+03 |
| time/              |          |
|    fps             | 2864     |
|    iterations      | 74       |
|    time_elapsed    | 1005     |
|    total_timesteps | 2879488  |
---------------------------------
------------------------------------------
| rollout/                |              |
|    ep_len_mean          | 2e+03        |
|    ep_rew_mean          | 3.71e+03     |
| time/                   |              |
|    fps                  | 2839         |
|    iterations           | 75           |
|    time_elapsed         | 1027         |
|    total_timesteps      | 2918400      |
| train/                  |              |
|    approx_kl            | 0.0076408098 |
|    clip_fraction        | 0.0827       |
|    clip_range           | 0.2          |
|    entropy_loss         | 4.65         |
|    explained_variance   | 0.99         |
|    learning_rate        | 0.000271     |
|    loss                 | 0.0762       |
|    n_updates            | 740          |
|    policy_gradient_loss | 0.000394     |
|    std                  | 0.0236       |
|    value_loss           | 0.0383       |
------------------------------------------
------------------------------------------
| rollout/                |              |
|    ep_len_mean          | 2e+03        |
|    ep_rew_mean          | 3.71e+03     |
| time/                   |              |
|    fps                  | 2814         |
|    iterations           | 76           |
|    time_elapsed         | 1050         |
|    total_timesteps      | 2957312      |
| train/                  |              |
|    approx_kl            | 0.0071009486 |
|    clip_fraction        | 0.0823       |
|    clip_range           | 0.2          |
|    entropy_loss         | 4.67         |
|    explained_variance   | 0.983        |
|    learning_rate        | 0.000271     |
|    loss                 | 0.0601       |
|    n_updates            | 750          |
|    policy_gradient_loss | 0.000582     |
|    std                  | 0.0235       |
|    value_loss           | 0.0441       |
------------------------------------------
------------------------------------------
| rollout/                |              |
|    ep_len_mean          | 2e+03        |
|    ep_rew_mean          | 3.72e+03     |
| time/                   |              |
|    fps                  | 2790         |
|    iterations           | 77           |
|    time_elapsed         | 1073         |
|    total_timesteps      | 2996224      |
| train/                  |              |
|    approx_kl            | 0.0073112934 |
|    clip_fraction        | 0.0785       |
|    clip_range           | 0.2          |
|    entropy_loss         | 4.7          |
|    explained_variance   | 0.989        |
|    learning_rate        | 0.00027      |
|    loss                 | 0.0614       |
|    n_updates            | 760          |
|    policy_gradient_loss | 1.11e-05     |
|    std                  | 0.023        |
|    value_loss           | 0.035        |
------------------------------------------
-----------------------------------------
| rollout/                |             |
|    ep_len_mean          | 2e+03       |
|    ep_rew_mean          | 3.72e+03    |
| time/                   |             |
|    fps                  | 2765        |
|    iterations           | 78          |
|    time_elapsed         | 1097        |
|    total_timesteps      | 3035136     |
| train/                  |             |
|    approx_kl            | 0.006958564 |
|    clip_fraction        | 0.0822      |
|    clip_range           | 0.2         |
|    entropy_loss         | 4.72        |
|    explained_variance   | 0.981       |
|    learning_rate        | 0.00027     |
|    loss                 | 0.0683      |
|    n_updates            | 770         |
|    policy_gradient_loss | 0.0007      |
|    std                  | 0.0228      |
|    value_loss           | 0.0474      |
-----------------------------------------
Eval num_timesteps=3040000, episode_reward=1702.23 +/- 1059.20
Episode length: 1953.35 +/- 82.98
-----------------------------------------
| eval/                   |             |
|    mean_ep_length       | 1.95e+03    |
|    mean_reward          | 1.7e+03     |
| time/                   |             |
|    total_timesteps      | 3040000     |
| train/                  |             |
|    approx_kl            | 0.009856774 |
|    clip_fraction        | 0.0951      |
|    clip_range           | 0.2         |
|    entropy_loss         | 4.77        |
|    explained_variance   | 0.991       |
|    learning_rate        | 0.00027     |
|    loss                 | 0.0678      |
|    n_updates            | 780         |
|    policy_gradient_loss | -0.00153    |
|    std                  | 0.0221      |
|    value_loss           | 0.0359      |
-----------------------------------------
---------------------------------
| rollout/           |          |
|    ep_len_mean     | 2e+03    |
|    ep_rew_mean     | 3.72e+03 |
| time/              |          |
|    fps             | 2617     |
|    iterations      | 79       |
|    time_elapsed    | 1174     |
|    total_timesteps | 3074048  |
---------------------------------
-----------------------------------------
| rollout/                |             |
|    ep_len_mean          | 2e+03       |
|    ep_rew_mean          | 3.72e+03    |
| time/                   |             |
|    fps                  | 2600        |
|    iterations           | 80          |
|    time_elapsed         | 1197        |
|    total_timesteps      | 3112960     |
| train/                  |             |
|    approx_kl            | 0.007221357 |
|    clip_fraction        | 0.0863      |
|    clip_range           | 0.2         |
|    entropy_loss         | 4.8         |
|    explained_variance   | 0.986       |
|    learning_rate        | 0.000269    |
|    loss                 | 0.0751      |
|    n_updates            | 790         |
|    policy_gradient_loss | 0.00213     |
|    std                  | 0.0219      |
|    value_loss           | 0.0438      |
-----------------------------------------
-----------------------------------------
| rollout/                |             |
|    ep_len_mean          | 2e+03       |
|    ep_rew_mean          | 3.72e+03    |
| time/                   |             |
|    fps                  | 2584        |
|    iterations           | 81          |
|    time_elapsed         | 1219        |
|    total_timesteps      | 3151872     |
| train/                  |             |
|    approx_kl            | 0.010168262 |
|    clip_fraction        | 0.0968      |
|    clip_range           | 0.2         |
|    entropy_loss         | 4.84        |
|    explained_variance   | 0.993       |
|    learning_rate        | 0.000269    |
|    loss                 | 0.0669      |
|    n_updates            | 800         |
|    policy_gradient_loss | -0.000136   |
|    std                  | 0.0214      |
|    value_loss           | 0.0408      |
-----------------------------------------
-----------------------------------------
| rollout/                |             |
|    ep_len_mean          | 2e+03       |
|    ep_rew_mean          | 3.72e+03    |
| time/                   |             |
|    fps                  | 2567        |
|    iterations           | 82          |
|    time_elapsed         | 1242        |
|    total_timesteps      | 3190784     |
| train/                  |             |
|    approx_kl            | 0.008047562 |
|    clip_fraction        | 0.087       |
|    clip_range           | 0.2         |
|    entropy_loss         | 4.88        |
|    explained_variance   | 0.994       |
|    learning_rate        | 0.000268    |
|    loss                 | 0.0717      |
|    n_updates            | 810         |
|    policy_gradient_loss | 0.000951    |
|    std                  | 0.021       |
|    value_loss           | 0.04        |
-----------------------------------------
------------------------------------------
| rollout/                |              |
|    ep_len_mean          | 2e+03        |
|    ep_rew_mean          | 3.72e+03     |
| time/                   |              |
|    fps                  | 2552         |
|    iterations           | 83           |
|    time_elapsed         | 1265         |
|    total_timesteps      | 3229696      |
| train/                  |              |
|    approx_kl            | 0.0063572624 |
|    clip_fraction        | 0.066        |
|    clip_range           | 0.2          |
|    entropy_loss         | 4.88         |
|    explained_variance   | 0.974        |
|    learning_rate        | 0.000268     |
|    loss                 | 0.0976       |
|    n_updates            | 820          |
|    policy_gradient_loss | 0.000889     |
|    std                  | 0.0212       |
|    value_loss           | 0.058        |
------------------------------------------
Eval num_timesteps=3230000, episode_reward=1546.52 +/- 1120.35
Episode length: 1931.50 +/- 110.89
------------------------------------------
| eval/                   |              |
|    mean_ep_length       | 1.93e+03     |
|    mean_reward          | 1.55e+03     |
| time/                   |              |
|    total_timesteps      | 3230000      |
| train/                  |              |
|    approx_kl            | 0.0071833134 |
|    clip_fraction        | 0.0889       |
|    clip_range           | 0.2          |
|    entropy_loss         | 4.89         |
|    explained_variance   | 0.987        |
|    learning_rate        | 0.000268     |
|    loss                 | 0.0914       |
|    n_updates            | 830          |
|    policy_gradient_loss | 0.0013       |
|    std                  | 0.0209       |
|    value_loss           | 0.0619       |
------------------------------------------
---------------------------------
| rollout/           |          |
|    ep_len_mean     | 2e+03    |
|    ep_rew_mean     | 3.72e+03 |
| time/              |          |
|    fps             | 2436     |
|    iterations      | 84       |
|    time_elapsed    | 1341     |
|    total_timesteps | 3268608  |
---------------------------------
------------------------------------------
| rollout/                |              |
|    ep_len_mean          | 2e+03        |
|    ep_rew_mean          | 3.72e+03     |
| time/                   |              |
|    fps                  | 2422         |
|    iterations           | 85           |
|    time_elapsed         | 1365         |
|    total_timesteps      | 3307520      |
| train/                  |              |
|    approx_kl            | 0.0075084656 |
|    clip_fraction        | 0.0858       |
|    clip_range           | 0.2          |
|    entropy_loss         | 4.92         |
|    explained_variance   | 0.987        |
|    learning_rate        | 0.000267     |
|    loss                 | 0.0697       |
|    n_updates            | 840          |
|    policy_gradient_loss | 0.00033      |
|    std                  | 0.0206       |
|    value_loss           | 0.0483       |
------------------------------------------
-----------------------------------------
| rollout/                |             |
|    ep_len_mean          | 2e+03       |
|    ep_rew_mean          | 3.72e+03    |
| time/                   |             |
|    fps                  | 2410        |
|    iterations           | 86          |
|    time_elapsed         | 1388        |
|    total_timesteps      | 3346432     |
| train/                  |             |
|    approx_kl            | 0.008103291 |
|    clip_fraction        | 0.099       |
|    clip_range           | 0.2         |
|    entropy_loss         | 4.96        |
|    explained_variance   | 0.991       |
|    learning_rate        | 0.000267    |
|    loss                 | 0.0875      |
|    n_updates            | 850         |
|    policy_gradient_loss | 0.00136     |
|    std                  | 0.0202      |
|    value_loss           | 0.0549      |
-----------------------------------------
-----------------------------------------
| rollout/                |             |
|    ep_len_mean          | 2e+03       |
|    ep_rew_mean          | 3.72e+03    |
| time/                   |             |
|    fps                  | 2400        |
|    iterations           | 87          |
|    time_elapsed         | 1410        |
|    total_timesteps      | 3385344     |
| train/                  |             |
|    approx_kl            | 0.007898899 |
|    clip_fraction        | 0.0976      |
|    clip_range           | 0.2         |
|    entropy_loss         | 4.99        |
|    explained_variance   | 0.988       |
|    learning_rate        | 0.000267    |
|    loss                 | 0.0657      |
|    n_updates            | 860         |
|    policy_gradient_loss | -0.000496   |
|    std                  | 0.0199      |
|    value_loss           | 0.0451      |
-----------------------------------------
Eval num_timesteps=3420000, episode_reward=1568.08 +/- 1118.26
Episode length: 1932.75 +/- 106.19
------------------------------------------
| eval/                   |              |
|    mean_ep_length       | 1.93e+03     |
|    mean_reward          | 1.57e+03     |
| time/                   |              |
|    total_timesteps      | 3420000      |
| train/                  |              |
|    approx_kl            | 0.0080453735 |
|    clip_fraction        | 0.0965       |
|    clip_range           | 0.2          |
|    entropy_loss         | 5.01         |
|    explained_variance   | 0.992        |
|    learning_rate        | 0.000266     |
|    loss                 | 0.0585       |
|    n_updates            | 870          |
|    policy_gradient_loss | 0.00195      |
|    std                  | 0.0196       |
|    value_loss           | 0.0375       |
------------------------------------------
---------------------------------
| rollout/           |          |
|    ep_len_mean     | 2e+03    |
|    ep_rew_mean     | 3.73e+03 |
| time/              |          |
|    fps             | 2297     |
|    iterations      | 88       |
|    time_elapsed    | 1490     |
|    total_timesteps | 3424256  |
---------------------------------
-----------------------------------------
| rollout/                |             |
|    ep_len_mean          | 2e+03       |
|    ep_rew_mean          | 3.73e+03    |
| time/                   |             |
|    fps                  | 2287        |
|    iterations           | 89          |
|    time_elapsed         | 1513        |
|    total_timesteps      | 3463168     |
| train/                  |             |
|    approx_kl            | 0.009277901 |
|    clip_fraction        | 0.105       |
|    clip_range           | 0.2         |
|    entropy_loss         | 5.06        |
|    explained_variance   | 0.995       |
|    learning_rate        | 0.000266    |
|    loss                 | 0.0601      |
|    n_updates            | 880         |
|    policy_gradient_loss | 0.00151     |
|    std                  | 0.0192      |
|    value_loss           | 0.0241      |
-----------------------------------------
------------------------------------------
| rollout/                |              |
|    ep_len_mean          | 2e+03        |
|    ep_rew_mean          | 3.73e+03     |
| time/                   |              |
|    fps                  | 2279         |
|    iterations           | 90           |
|    time_elapsed         | 1536         |
|    total_timesteps      | 3502080      |
| train/                  |              |
|    approx_kl            | 0.0077168746 |
|    clip_fraction        | 0.0797       |
|    clip_range           | 0.2          |
|    entropy_loss         | 5.07         |
|    explained_variance   | 0.987        |
|    learning_rate        | 0.000265     |
|    loss                 | 0.0623       |
|    n_updates            | 890          |
|    policy_gradient_loss | 0.00297      |
|    std                  | 0.0192       |
|    value_loss           | 0.0386       |
------------------------------------------
-----------------------------------------
| rollout/                |             |
|    ep_len_mean          | 2e+03       |
|    ep_rew_mean          | 3.73e+03    |
| time/                   |             |
|    fps                  | 2270        |
|    iterations           | 91          |
|    time_elapsed         | 1559        |
|    total_timesteps      | 3540992     |
| train/                  |             |
|    approx_kl            | 0.008879415 |
|    clip_fraction        | 0.0956      |
|    clip_range           | 0.2         |
|    entropy_loss         | 5.1         |
|    explained_variance   | 0.995       |
|    learning_rate        | 0.000265    |
|    loss                 | 0.0554      |
|    n_updates            | 900         |
|    policy_gradient_loss | 0.000847    |
|    std                  | 0.0188      |
|    value_loss           | 0.0269      |
-----------------------------------------
------------------------------------------
| rollout/                |              |
|    ep_len_mean          | 2e+03        |
|    ep_rew_mean          | 3.72e+03     |
| time/                   |              |
|    fps                  | 2262         |
|    iterations           | 92           |
|    time_elapsed         | 1582         |
|    total_timesteps      | 3579904      |
| train/                  |              |
|    approx_kl            | 0.0055619413 |
|    clip_fraction        | 0.0748       |
|    clip_range           | 0.2          |
|    entropy_loss         | 5.1          |
|    explained_variance   | 0.986        |
|    learning_rate        | 0.000265     |
|    loss                 | 0.0811       |
|    n_updates            | 910          |
|    policy_gradient_loss | 0.00154      |
|    std                  | 0.0189       |
|    value_loss           | 0.0503       |
------------------------------------------
Eval num_timesteps=3610000, episode_reward=1548.45 +/- 1121.26
Episode length: 1922.10 +/- 126.24
------------------------------------------
| eval/                   |              |
|    mean_ep_length       | 1.92e+03     |
|    mean_reward          | 1.55e+03     |
| time/                   |              |
|    total_timesteps      | 3610000      |
| train/                  |              |
|    approx_kl            | 0.0056387894 |
|    clip_fraction        | 0.0688       |
|    clip_range           | 0.2          |
|    entropy_loss         | 5.1          |
|    explained_variance   | 0.987        |
|    learning_rate        | 0.000264     |
|    loss                 | 0.0868       |
|    n_updates            | 920          |
|    policy_gradient_loss | 0.00163      |
|    std                  | 0.0189       |
|    value_loss           | 0.0632       |
------------------------------------------
---------------------------------
| rollout/           |          |
|    ep_len_mean     | 2e+03    |
|    ep_rew_mean     | 3.72e+03 |
| time/              |          |
|    fps             | 2181     |
|    iterations      | 93       |
|    time_elapsed    | 1658     |
|    total_timesteps | 3618816  |
---------------------------------
-----------------------------------------
| rollout/                |             |
|    ep_len_mean          | 2e+03       |
|    ep_rew_mean          | 3.72e+03    |
| time/                   |             |
|    fps                  | 2174        |
|    iterations           | 94          |
|    time_elapsed         | 1682        |
|    total_timesteps      | 3657728     |
| train/                  |             |
|    approx_kl            | 0.007965866 |
|    clip_fraction        | 0.0957      |
|    clip_range           | 0.2         |
|    entropy_loss         | 5.14        |
|    explained_variance   | 0.993       |
|    learning_rate        | 0.000264    |
|    loss                 | 0.0825      |
|    n_updates            | 930         |
|    policy_gradient_loss | 0.00125     |
|    std                  | 0.0184      |
|    value_loss           | 0.0443      |
-----------------------------------------
------------------------------------------
| rollout/                |              |
|    ep_len_mean          | 2e+03        |
|    ep_rew_mean          | 3.72e+03     |
| time/                   |              |
|    fps                  | 2167         |
|    iterations           | 95           |
|    time_elapsed         | 1705         |
|    total_timesteps      | 3696640      |
| train/                  |              |
|    approx_kl            | 0.0074342866 |
|    clip_fraction        | 0.0814       |
|    clip_range           | 0.2          |
|    entropy_loss         | 5.18         |
|    explained_variance   | 0.987        |
|    learning_rate        | 0.000263     |
|    loss                 | 0.0619       |
|    n_updates            | 940          |
|    policy_gradient_loss | 0.000534     |
|    std                  | 0.018        |
|    value_loss           | 0.0481       |
------------------------------------------
-----------------------------------------
| rollout/                |             |
|    ep_len_mean          | 2e+03       |
|    ep_rew_mean          | 3.72e+03    |
| time/                   |             |
|    fps                  | 2161        |
|    iterations           | 96          |
|    time_elapsed         | 1727        |
|    total_timesteps      | 3735552     |
| train/                  |             |
|    approx_kl            | 0.007456704 |
|    clip_fraction        | 0.0797      |
|    clip_range           | 0.2         |
|    entropy_loss         | 5.2         |
|    explained_variance   | 0.983       |
|    learning_rate        | 0.000263    |
|    loss                 | 0.0804      |
|    n_updates            | 950         |
|    policy_gradient_loss | 0.00134     |
|    std                  | 0.0179      |
|    value_loss           | 0.0553      |
-----------------------------------------
-----------------------------------------
| rollout/                |             |
|    ep_len_mean          | 2e+03       |
|    ep_rew_mean          | 3.73e+03    |
| time/                   |             |
|    fps                  | 2155        |
|    iterations           | 97          |
|    time_elapsed         | 1751        |
|    total_timesteps      | 3774464     |
| train/                  |             |
|    approx_kl            | 0.009022308 |
|    clip_fraction        | 0.105       |
|    clip_range           | 0.2         |
|    entropy_loss         | 5.23        |
|    explained_variance   | 0.99        |
|    learning_rate        | 0.000263    |
|    loss                 | 0.0813      |
|    n_updates            | 960         |
|    policy_gradient_loss | 0.00078     |
|    std                  | 0.0176      |
|    value_loss           | 0.0473      |
-----------------------------------------
Eval num_timesteps=3800000, episode_reward=1558.80 +/- 1099.61
Episode length: 1923.45 +/- 119.12
-----------------------------------------
| eval/                   |             |
|    mean_ep_length       | 1.92e+03    |
|    mean_reward          | 1.56e+03    |
| time/                   |             |
|    total_timesteps      | 3800000     |
| train/                  |             |
|    approx_kl            | 0.009710981 |
|    clip_fraction        | 0.0932      |
|    clip_range           | 0.2         |
|    entropy_loss         | 5.28        |
|    explained_variance   | 0.992       |
|    learning_rate        | 0.000262    |
|    loss                 | 0.0637      |
|    n_updates            | 970         |
|    policy_gradient_loss | -0.000297   |
|    std                  | 0.0172      |
|    value_loss           | 0.0275      |
-----------------------------------------
---------------------------------
| rollout/           |          |
|    ep_len_mean     | 2e+03    |
|    ep_rew_mean     | 3.73e+03 |
| time/              |          |
|    fps             | 2085     |
|    iterations      | 98       |
|    time_elapsed    | 1828     |
|    total_timesteps | 3813376  |
---------------------------------
-----------------------------------------
| rollout/                |             |
|    ep_len_mean          | 2e+03       |
|    ep_rew_mean          | 3.73e+03    |
| time/                   |             |
|    fps                  | 2081        |
|    iterations           | 99          |
|    time_elapsed         | 1850        |
|    total_timesteps      | 3852288     |
| train/                  |             |
|    approx_kl            | 0.009235406 |
|    clip_fraction        | 0.109       |
|    clip_range           | 0.2         |
|    entropy_loss         | 5.31        |
|    explained_variance   | 0.996       |
|    learning_rate        | 0.000262    |
|    loss                 | 0.0532      |
|    n_updates            | 980         |
|    policy_gradient_loss | 0.00192     |
|    std                  | 0.017       |
|    value_loss           | 0.0223      |
-----------------------------------------
----------------------------------------
| rollout/                |            |
|    ep_len_mean          | 2e+03      |
|    ep_rew_mean          | 3.74e+03   |
| time/                   |            |
|    fps                  | 2077       |
|    iterations           | 100        |
|    time_elapsed         | 1873       |
|    total_timesteps      | 3891200    |
| train/                  |            |
|    approx_kl            | 0.00843292 |
|    clip_fraction        | 0.0943     |
|    clip_range           | 0.2        |
|    entropy_loss         | 5.33       |
|    explained_variance   | 0.995      |
|    learning_rate        | 0.000261   |
|    loss                 | 0.0675     |
|    n_updates            | 990        |
|    policy_gradient_loss | 0.00199    |
|    std                  | 0.0168     |
|    value_loss           | 0.0264     |
----------------------------------------
-----------------------------------------
| rollout/                |             |
|    ep_len_mean          | 2e+03       |
|    ep_rew_mean          | 3.74e+03    |
| time/                   |             |
|    fps                  | 2072        |
|    iterations           | 101         |
|    time_elapsed         | 1896        |
|    total_timesteps      | 3930112     |
| train/                  |             |
|    approx_kl            | 0.009277138 |
|    clip_fraction        | 0.103       |
|    clip_range           | 0.2         |
|    entropy_loss         | 5.36        |
|    explained_variance   | 0.993       |
|    learning_rate        | 0.000261    |
|    loss                 | 0.0652      |
|    n_updates            | 1000        |
|    policy_gradient_loss | 0.00149     |
|    std                  | 0.0166      |
|    value_loss           | 0.0349      |
-----------------------------------------
-----------------------------------------
| rollout/                |             |
|    ep_len_mean          | 2e+03       |
|    ep_rew_mean          | 3.73e+03    |
| time/                   |             |
|    fps                  | 2066        |
|    iterations           | 102         |
|    time_elapsed         | 1920        |
|    total_timesteps      | 3969024     |
| train/                  |             |
|    approx_kl            | 0.008451974 |
|    clip_fraction        | 0.11        |
|    clip_range           | 0.2         |
|    entropy_loss         | 5.39        |
|    explained_variance   | 0.997       |
|    learning_rate        | 0.000261    |
|    loss                 | 0.0704      |
|    n_updates            | 1010        |
|    policy_gradient_loss | 0.00274     |
|    std                  | 0.0163      |
|    value_loss           | 0.0262      |
-----------------------------------------
Eval num_timesteps=3990000, episode_reward=1511.89 +/- 1160.57
Episode length: 1987.70 +/- 37.80
-----------------------------------------
| eval/                   |             |
|    mean_ep_length       | 1.99e+03    |
|    mean_reward          | 1.51e+03    |
| time/                   |             |
|    total_timesteps      | 3990000     |
| train/                  |             |
|    approx_kl            | 0.008708511 |
|    clip_fraction        | 0.0886      |
|    clip_range           | 0.2         |
|    entropy_loss         | 5.39        |
|    explained_variance   | 0.994       |
|    learning_rate        | 0.00026     |
|    loss                 | 0.0772      |
|    n_updates            | 1020        |
|    policy_gradient_loss | 0.0027      |
|    std                  | 0.0163      |
|    value_loss           | 0.033       |
-----------------------------------------
---------------------------------
| rollout/           |          |
|    ep_len_mean     | 2e+03    |
|    ep_rew_mean     | 3.73e+03 |
| time/              |          |
|    fps             | 2005     |
|    iterations      | 103      |
|    time_elapsed    | 1998     |
|    total_timesteps | 4007936  |
---------------------------------
-----------------------------------------
| rollout/                |             |
|    ep_len_mean          | 2e+03       |
|    ep_rew_mean          | 3.73e+03    |
| time/                   |             |
|    fps                  | 2002        |
|    iterations           | 104         |
|    time_elapsed         | 2021        |
|    total_timesteps      | 4046848     |
| train/                  |             |
|    approx_kl            | 0.008108023 |
|    clip_fraction        | 0.0888      |
|    clip_range           | 0.2         |
|    entropy_loss         | 5.4         |
|    explained_variance   | 0.992       |
|    learning_rate        | 0.00026     |
|    loss                 | 0.0756      |
|    n_updates            | 1030        |
|    policy_gradient_loss | 0.0016      |
|    std                  | 0.0162      |
|    value_loss           | 0.0402      |
-----------------------------------------
-----------------------------------------
| rollout/                |             |
|    ep_len_mean          | 2e+03       |
|    ep_rew_mean          | 3.73e+03    |
| time/                   |             |
|    fps                  | 1998        |
|    iterations           | 105         |
|    time_elapsed         | 2044        |
|    total_timesteps      | 4085760     |
| train/                  |             |
|    approx_kl            | 0.007080657 |
|    clip_fraction        | 0.0845      |
|    clip_range           | 0.2         |
|    entropy_loss         | 5.42        |
|    explained_variance   | 0.992       |
|    learning_rate        | 0.00026     |
|    loss                 | 0.0718      |
|    n_updates            | 1040        |
|    policy_gradient_loss | 0.00238     |
|    std                  | 0.0161      |
|    value_loss           | 0.0373      |
-----------------------------------------
-----------------------------------------
| rollout/                |             |
|    ep_len_mean          | 2e+03       |
|    ep_rew_mean          | 3.73e+03    |
| time/                   |             |
|    fps                  | 1992        |
|    iterations           | 106         |
|    time_elapsed         | 2070        |
|    total_timesteps      | 4124672     |
| train/                  |             |
|    approx_kl            | 0.007182959 |
|    clip_fraction        | 0.0948      |
|    clip_range           | 0.2         |
|    entropy_loss         | 5.43        |
|    explained_variance   | 0.991       |
|    learning_rate        | 0.000259    |
|    loss                 | 0.0668      |
|    n_updates            | 1050        |
|    policy_gradient_loss | 0.00162     |
|    std                  | 0.016       |
|    value_loss           | 0.0439      |
-----------------------------------------
---------------------------------------
| rollout/                |           |
|    ep_len_mean          | 2e+03     |
|    ep_rew_mean          | 3.73e+03  |
| time/                   |           |
|    fps                  | 1989      |
|    iterations           | 107       |
|    time_elapsed         | 2093      |
|    total_timesteps      | 4163584   |
| train/                  |           |
|    approx_kl            | 0.0065094 |
|    clip_fraction        | 0.0979    |
|    clip_range           | 0.2       |
|    entropy_loss         | 5.44      |
|    explained_variance   | 0.993     |
|    learning_rate        | 0.000259  |
|    loss                 | 0.0777    |
|    n_updates            | 1060      |
|    policy_gradient_loss | 0.00321   |
|    std                  | 0.0159    |
|    value_loss           | 0.0548    |
---------------------------------------
Eval num_timesteps=4180000, episode_reward=1472.66 +/- 1187.30
Episode length: 1992.40 +/- 30.28
-----------------------------------------
| eval/                   |             |
|    mean_ep_length       | 1.99e+03    |
|    mean_reward          | 1.47e+03    |
| time/                   |             |
|    total_timesteps      | 4180000     |
| train/                  |             |
|    approx_kl            | 0.010367871 |
|    clip_fraction        | 0.119       |
|    clip_range           | 0.2         |
|    entropy_loss         | 5.47        |
|    explained_variance   | 0.993       |
|    learning_rate        | 0.000258    |
|    loss                 | 0.08        |
|    n_updates            | 1070        |
|    policy_gradient_loss | 0.0028      |
|    std                  | 0.0156      |
|    value_loss           | 0.0582      |
-----------------------------------------
---------------------------------
| rollout/           |          |
|    ep_len_mean     | 2e+03    |
|    ep_rew_mean     | 3.73e+03 |
| time/              |          |
|    fps             | 1935     |
|    iterations      | 108      |
|    time_elapsed    | 2171     |
|    total_timesteps | 4202496  |
---------------------------------
-----------------------------------------
| rollout/                |             |
|    ep_len_mean          | 2e+03       |
|    ep_rew_mean          | 3.72e+03    |
| time/                   |             |
|    fps                  | 1932        |
|    iterations           | 109         |
|    time_elapsed         | 2194        |
|    total_timesteps      | 4241408     |
| train/                  |             |
|    approx_kl            | 0.009808522 |
|    clip_fraction        | 0.0948      |
|    clip_range           | 0.2         |
|    entropy_loss         | 5.49        |
|    explained_variance   | 0.989       |
|    learning_rate        | 0.000258    |
|    loss                 | 0.082       |
|    n_updates            | 1080        |
|    policy_gradient_loss | 0.00246     |
|    std                  | 0.0155      |
|    value_loss           | 0.0806      |
-----------------------------------------
-----------------------------------------
| rollout/                |             |
|    ep_len_mean          | 2e+03       |
|    ep_rew_mean          | 3.72e+03    |
| time/                   |             |
|    fps                  | 1930        |
|    iterations           | 110         |
|    time_elapsed         | 2217        |
|    total_timesteps      | 4280320     |
| train/                  |             |
|    approx_kl            | 0.008767268 |
|    clip_fraction        | 0.0887      |
|    clip_range           | 0.2         |
|    entropy_loss         | 5.5         |
|    explained_variance   | 0.988       |
|    learning_rate        | 0.000258    |
|    loss                 | 0.107       |
|    n_updates            | 1090        |
|    policy_gradient_loss | 0.00188     |
|    std                  | 0.0155      |
|    value_loss           | 0.077       |
-----------------------------------------
-----------------------------------------
| rollout/                |             |
|    ep_len_mean          | 2e+03       |
|    ep_rew_mean          | 3.73e+03    |
| time/                   |             |
|    fps                  | 1928        |
|    iterations           | 111         |
|    time_elapsed         | 2239        |
|    total_timesteps      | 4319232     |
| train/                  |             |
|    approx_kl            | 0.007320043 |
|    clip_fraction        | 0.0954      |
|    clip_range           | 0.2         |
|    entropy_loss         | 5.51        |
|    explained_variance   | 0.99        |
|    learning_rate        | 0.000257    |
|    loss                 | 0.0673      |
|    n_updates            | 1100        |
|    policy_gradient_loss | 0.00119     |
|    std                  | 0.0153      |
|    value_loss           | 0.0613      |
-----------------------------------------
-----------------------------------------
| rollout/                |             |
|    ep_len_mean          | 2e+03       |
|    ep_rew_mean          | 3.73e+03    |
| time/                   |             |
|    fps                  | 1926        |
|    iterations           | 112         |
|    time_elapsed         | 2261        |
|    total_timesteps      | 4358144     |
| train/                  |             |
|    approx_kl            | 0.007765927 |
|    clip_fraction        | 0.0958      |
|    clip_range           | 0.2         |
|    entropy_loss         | 5.53        |
|    explained_variance   | 0.994       |
|    learning_rate        | 0.000257    |
|    loss                 | 0.0732      |
|    n_updates            | 1110        |
|    policy_gradient_loss | 0.00256     |
|    std                  | 0.0152      |
|    value_loss           | 0.0526      |
-----------------------------------------
Eval num_timesteps=4370000, episode_reward=1479.92 +/- 1210.66
Episode length: 1971.65 +/- 71.57
-----------------------------------------
| eval/                   |             |
|    mean_ep_length       | 1.97e+03    |
|    mean_reward          | 1.48e+03    |
| time/                   |             |
|    total_timesteps      | 4370000     |
| train/                  |             |
|    approx_kl            | 0.011306431 |
|    clip_fraction        | 0.116       |
|    clip_range           | 0.2         |
|    entropy_loss         | 5.56        |
|    explained_variance   | 0.992       |
|    learning_rate        | 0.000256    |
|    loss                 | 0.0831      |
|    n_updates            | 1120        |
|    policy_gradient_loss | 0.00154     |
|    std                  | 0.0149      |
|    value_loss           | 0.0482      |
-----------------------------------------
---------------------------------
| rollout/           |          |
|    ep_len_mean     | 2e+03    |
|    ep_rew_mean     | 3.73e+03 |
| time/              |          |
|    fps             | 1880     |
|    iterations      | 113      |
|    time_elapsed    | 2338     |
|    total_timesteps | 4397056  |
---------------------------------
-----------------------------------------
| rollout/                |             |
|    ep_len_mean          | 2e+03       |
|    ep_rew_mean          | 3.73e+03    |
| time/                   |             |
|    fps                  | 1877        |
|    iterations           | 114         |
|    time_elapsed         | 2362        |
|    total_timesteps      | 4435968     |
| train/                  |             |
|    approx_kl            | 0.009815479 |
|    clip_fraction        | 0.1         |
|    clip_range           | 0.2         |
|    entropy_loss         | 5.59        |
|    explained_variance   | 0.991       |
|    learning_rate        | 0.000256    |
|    loss                 | 0.0634      |
|    n_updates            | 1130        |
|    policy_gradient_loss | 0.00139     |
|    std                  | 0.0147      |
|    value_loss           | 0.0371      |
-----------------------------------------
-----------------------------------------
| rollout/                |             |
|    ep_len_mean          | 2e+03       |
|    ep_rew_mean          | 3.74e+03    |
| time/                   |             |
|    fps                  | 1876        |
|    iterations           | 115         |
|    time_elapsed         | 2385        |
|    total_timesteps      | 4474880     |
| train/                  |             |
|    approx_kl            | 0.006489672 |
|    clip_fraction        | 0.103       |
|    clip_range           | 0.2         |
|    entropy_loss         | 5.6         |
|    explained_variance   | 0.992       |
|    learning_rate        | 0.000256    |
|    loss                 | 0.0904      |
|    n_updates            | 1140        |
|    policy_gradient_loss | 0.00177     |
|    std                  | 0.0147      |
|    value_loss           | 0.0517      |
-----------------------------------------
-----------------------------------------
| rollout/                |             |
|    ep_len_mean          | 2e+03       |
|    ep_rew_mean          | 3.74e+03    |
| time/                   |             |
|    fps                  | 1874        |
|    iterations           | 116         |
|    time_elapsed         | 2408        |
|    total_timesteps      | 4513792     |
| train/                  |             |
|    approx_kl            | 0.009714727 |
|    clip_fraction        | 0.103       |
|    clip_range           | 0.2         |
|    entropy_loss         | 5.61        |
|    explained_variance   | 0.995       |
|    learning_rate        | 0.000255    |
|    loss                 | 0.0832      |
|    n_updates            | 1150        |
|    policy_gradient_loss | 0.00257     |
|    std                  | 0.0146      |
|    value_loss           | 0.0377      |
-----------------------------------------
-----------------------------------------
| rollout/                |             |
|    ep_len_mean          | 2e+03       |
|    ep_rew_mean          | 3.73e+03    |
| time/                   |             |
|    fps                  | 1872        |
|    iterations           | 117         |
|    time_elapsed         | 2430        |
|    total_timesteps      | 4552704     |
| train/                  |             |
|    approx_kl            | 0.009991059 |
|    clip_fraction        | 0.106       |
|    clip_range           | 0.2         |
|    entropy_loss         | 5.64        |
|    explained_variance   | 0.99        |
|    learning_rate        | 0.000255    |
|    loss                 | 0.0904      |
|    n_updates            | 1160        |
|    policy_gradient_loss | 0.00236     |
|    std                  | 0.0144      |
|    value_loss           | 0.0589      |
-----------------------------------------
Eval num_timesteps=4560000, episode_reward=1338.02 +/- 1283.75
Episode length: 1973.55 +/- 72.52
-----------------------------------------
| eval/                   |             |
|    mean_ep_length       | 1.97e+03    |
|    mean_reward          | 1.34e+03    |
| time/                   |             |
|    total_timesteps      | 4560000     |
| train/                  |             |
|    approx_kl            | 0.009501442 |
|    clip_fraction        | 0.0932      |
|    clip_range           | 0.2         |
|    entropy_loss         | 5.67        |
|    explained_variance   | 0.995       |
|    learning_rate        | 0.000254    |
|    loss                 | 0.076       |
|    n_updates            | 1170        |
|    policy_gradient_loss | 0.00194     |
|    std                  | 0.0141      |
|    value_loss           | 0.05        |
-----------------------------------------
---------------------------------
| rollout/           |          |
|    ep_len_mean     | 2e+03    |
|    ep_rew_mean     | 3.73e+03 |
| time/              |          |
|    fps             | 1830     |
|    iterations      | 118      |
|    time_elapsed    | 2507     |
|    total_timesteps | 4591616  |
---------------------------------
-----------------------------------------
| rollout/                |             |
|    ep_len_mean          | 2e+03       |
|    ep_rew_mean          | 3.73e+03    |
| time/                   |             |
|    fps                  | 1829        |
|    iterations           | 119         |
|    time_elapsed         | 2530        |
|    total_timesteps      | 4630528     |
| train/                  |             |
|    approx_kl            | 0.009181963 |
|    clip_fraction        | 0.117       |
|    clip_range           | 0.2         |
|    entropy_loss         | 5.71        |
|    explained_variance   | 0.995       |
|    learning_rate        | 0.000254    |
|    loss                 | 0.0765      |
|    n_updates            | 1180        |
|    policy_gradient_loss | 0.00163     |
|    std                  | 0.0139      |
|    value_loss           | 0.0392      |
-----------------------------------------
-----------------------------------------
| rollout/                |             |
|    ep_len_mean          | 2e+03       |
|    ep_rew_mean          | 3.73e+03    |
| time/                   |             |
|    fps                  | 1828        |
|    iterations           | 120         |
|    time_elapsed         | 2553        |
|    total_timesteps      | 4669440     |
| train/                  |             |
|    approx_kl            | 0.009222421 |
|    clip_fraction        | 0.102       |
|    clip_range           | 0.2         |
|    entropy_loss         | 5.72        |
|    explained_variance   | 0.992       |
|    learning_rate        | 0.000254    |
|    loss                 | 0.0749      |
|    n_updates            | 1190        |
|    policy_gradient_loss | 0.00284     |
|    std                  | 0.0139      |
|    value_loss           | 0.0562      |
-----------------------------------------
-----------------------------------------
| rollout/                |             |
|    ep_len_mean          | 2e+03       |
|    ep_rew_mean          | 3.73e+03    |
| time/                   |             |
|    fps                  | 1828        |
|    iterations           | 121         |
|    time_elapsed         | 2575        |
|    total_timesteps      | 4708352     |
| train/                  |             |
|    approx_kl            | 0.008714216 |
|    clip_fraction        | 0.113       |
|    clip_range           | 0.2         |
|    entropy_loss         | 5.73        |
|    explained_variance   | 0.995       |
|    learning_rate        | 0.000253    |
|    loss                 | 0.0986      |
|    n_updates            | 1200        |
|    policy_gradient_loss | 0.00358     |
|    std                  | 0.0138      |
|    value_loss           | 0.0469      |
-----------------------------------------
-----------------------------------------
| rollout/                |             |
|    ep_len_mean          | 2e+03       |
|    ep_rew_mean          | 3.73e+03    |
| time/                   |             |
|    fps                  | 1826        |
|    iterations           | 122         |
|    time_elapsed         | 2598        |
|    total_timesteps      | 4747264     |
| train/                  |             |
|    approx_kl            | 0.008273419 |
|    clip_fraction        | 0.0878      |
|    clip_range           | 0.2         |
|    entropy_loss         | 5.75        |
|    explained_variance   | 0.99        |
|    learning_rate        | 0.000253    |
|    loss                 | 0.0734      |
|    n_updates            | 1210        |
|    policy_gradient_loss | 0.000809    |
|    std                  | 0.0136      |
|    value_loss           | 0.0339      |
-----------------------------------------
Eval num_timesteps=4750000, episode_reward=1364.17 +/- 1282.58
Episode length: 1976.45 +/- 56.87
-----------------------------------------
| eval/                   |             |
|    mean_ep_length       | 1.98e+03    |
|    mean_reward          | 1.36e+03    |
| time/                   |             |
|    total_timesteps      | 4750000     |
| train/                  |             |
|    approx_kl            | 0.008091844 |
|    clip_fraction        | 0.107       |
|    clip_range           | 0.2         |
|    entropy_loss         | 5.75        |
|    explained_variance   | 0.991       |
|    learning_rate        | 0.000253    |
|    loss                 | 0.0851      |
|    n_updates            | 1220        |
|    policy_gradient_loss | 0.0029      |
|    std                  | 0.0137      |
|    value_loss           | 0.0616      |
-----------------------------------------
---------------------------------
| rollout/           |          |
|    ep_len_mean     | 2e+03    |
|    ep_rew_mean     | 3.72e+03 |
| time/              |          |
|    fps             | 1786     |
|    iterations      | 123      |
|    time_elapsed    | 2679     |
|    total_timesteps | 4786176  |
---------------------------------
------------------------------------------
| rollout/                |              |
|    ep_len_mean          | 2e+03        |
|    ep_rew_mean          | 3.72e+03     |
| time/                   |              |
|    fps                  | 1785         |
|    iterations           | 124          |
|    time_elapsed         | 2701         |
|    total_timesteps      | 4825088      |
| train/                  |              |
|    approx_kl            | 0.0073560933 |
|    clip_fraction        | 0.1          |
|    clip_range           | 0.2          |
|    entropy_loss         | 5.75         |
|    explained_variance   | 0.979        |
|    learning_rate        | 0.000252     |
|    loss                 | 0.0693       |
|    n_updates            | 1230         |
|    policy_gradient_loss | 0.00261      |
|    std                  | 0.0137       |
|    value_loss           | 0.0556       |
------------------------------------------
------------------------------------------
| rollout/                |              |
|    ep_len_mean          | 2e+03        |
|    ep_rew_mean          | 3.71e+03     |
| time/                   |              |
|    fps                  | 1785         |
|    iterations           | 125          |
|    time_elapsed         | 2724         |
|    total_timesteps      | 4864000      |
| train/                  |              |
|    approx_kl            | 0.0074423733 |
|    clip_fraction        | 0.0897       |
|    clip_range           | 0.2          |
|    entropy_loss         | 5.76         |
|    explained_variance   | 0.989        |
|    learning_rate        | 0.000252     |
|    loss                 | 0.0786       |
|    n_updates            | 1240         |
|    policy_gradient_loss | 0.00316      |
|    std                  | 0.0136       |
|    value_loss           | 0.0571       |
------------------------------------------
----------------------------------------
| rollout/                |            |
|    ep_len_mean          | 2e+03      |
|    ep_rew_mean          | 3.71e+03   |
| time/                   |            |
|    fps                  | 1784       |
|    iterations           | 126        |
|    time_elapsed         | 2747       |
|    total_timesteps      | 4902912    |
| train/                  |            |
|    approx_kl            | 0.01025416 |
|    clip_fraction        | 0.107      |
|    clip_range           | 0.2        |
|    entropy_loss         | 5.75       |
|    explained_variance   | 0.989      |
|    learning_rate        | 0.000251   |
|    loss                 | 0.0896     |
|    n_updates            | 1250       |
|    policy_gradient_loss | 0.00423    |
|    std                  | 0.0136     |
|    value_loss           | 0.0672     |
----------------------------------------
Eval num_timesteps=4940000, episode_reward=1363.13 +/- 1306.23
Episode length: 1974.40 +/- 63.02
-----------------------------------------
| eval/                   |             |
|    mean_ep_length       | 1.97e+03    |
|    mean_reward          | 1.36e+03    |
| time/                   |             |
|    total_timesteps      | 4940000     |
| train/                  |             |
|    approx_kl            | 0.006587777 |
|    clip_fraction        | 0.0856      |
|    clip_range           | 0.2         |
|    entropy_loss         | 5.76        |
|    explained_variance   | 0.987       |
|    learning_rate        | 0.000251    |
|    loss                 | 0.0813      |
|    n_updates            | 1260        |
|    policy_gradient_loss | 0.00146     |
|    std                  | 0.0136      |
|    value_loss           | 0.0611      |
-----------------------------------------
---------------------------------
| rollout/           |          |
|    ep_len_mean     | 2e+03    |
|    ep_rew_mean     | 3.7e+03  |
| time/              |          |
|    fps             | 1749     |
|    iterations      | 127      |
|    time_elapsed    | 2825     |
|    total_timesteps | 4941824  |
---------------------------------
----------------------------------------
| rollout/                |            |
|    ep_len_mean          | 2e+03      |
|    ep_rew_mean          | 3.69e+03   |
| time/                   |            |
|    fps                  | 1749       |
|    iterations           | 128        |
|    time_elapsed         | 2847       |
|    total_timesteps      | 4980736    |
| train/                  |            |
|    approx_kl            | 0.00786272 |
|    clip_fraction        | 0.0959     |
|    clip_range           | 0.2        |
|    entropy_loss         | 5.76       |
|    explained_variance   | 0.984      |
|    learning_rate        | 0.000251   |
|    loss                 | 0.0879     |
|    n_updates            | 1270       |
|    policy_gradient_loss | 0.00258    |
|    std                  | 0.0136     |
|    value_loss           | 0.0746     |
----------------------------------------
-----------------------------------------
| rollout/                |             |
|    ep_len_mean          | 2e+03       |
|    ep_rew_mean          | 3.68e+03    |
| time/                   |             |
|    fps                  | 1749        |
|    iterations           | 129         |
|    time_elapsed         | 2869        |
|    total_timesteps      | 5019648     |
| train/                  |             |
|    approx_kl            | 0.007846902 |
|    clip_fraction        | 0.102       |
|    clip_range           | 0.2         |
|    entropy_loss         | 5.75        |
|    explained_variance   | 0.984       |
|    learning_rate        | 0.00025     |
|    loss                 | 0.116       |
|    n_updates            | 1280        |
|    policy_gradient_loss | 0.0033      |
|    std                  | 0.0136      |
|    value_loss           | 0.103       |
-----------------------------------------
-----------------------------------------
| rollout/                |             |
|    ep_len_mean          | 2e+03       |
|    ep_rew_mean          | 3.67e+03    |
| time/                   |             |
|    fps                  | 1748        |
|    iterations           | 130         |
|    time_elapsed         | 2893        |
|    total_timesteps      | 5058560     |
| train/                  |             |
|    approx_kl            | 0.007719964 |
|    clip_fraction        | 0.0985      |
|    clip_range           | 0.2         |
|    entropy_loss         | 5.75        |
|    explained_variance   | 0.987       |
|    learning_rate        | 0.00025     |
|    loss                 | 0.113       |
|    n_updates            | 1290        |
|    policy_gradient_loss | 0.00252     |
|    std                  | 0.0136      |
|    value_loss           | 0.112       |
-----------------------------------------
------------------------------------------
| rollout/                |              |
|    ep_len_mean          | 2e+03        |
|    ep_rew_mean          | 3.66e+03     |
| time/                   |              |
|    fps                  | 1747         |
|    iterations           | 131          |
|    time_elapsed         | 2916         |
|    total_timesteps      | 5097472      |
| train/                  |              |
|    approx_kl            | 0.0087578455 |
|    clip_fraction        | 0.101        |
|    clip_range           | 0.2          |
|    entropy_loss         | 5.74         |
|    explained_variance   | 0.979        |
|    learning_rate        | 0.000249     |
|    loss                 | 0.129        |
|    n_updates            | 1300         |
|    policy_gradient_loss | 0.00245      |
|    std                  | 0.0137       |
|    value_loss           | 0.129        |
------------------------------------------
Eval num_timesteps=5130000, episode_reward=1472.17 +/- 1128.56
Episode length: 1953.60 +/- 94.53
-----------------------------------------
| eval/                   |             |
|    mean_ep_length       | 1.95e+03    |
|    mean_reward          | 1.47e+03    |
| time/                   |             |
|    total_timesteps      | 5130000     |
| train/                  |             |
|    approx_kl            | 0.007203888 |
|    clip_fraction        | 0.102       |
|    clip_range           | 0.2         |
|    entropy_loss         | 5.73        |
|    explained_variance   | 0.977       |
|    learning_rate        | 0.000249    |
|    loss                 | 0.123       |
|    n_updates            | 1310        |
|    policy_gradient_loss | 0.0033      |
|    std                  | 0.0138      |
|    value_loss           | 0.161       |
-----------------------------------------
---------------------------------
| rollout/           |          |
|    ep_len_mean     | 2e+03    |
|    ep_rew_mean     | 3.65e+03 |
| time/              |          |
|    fps             | 1715     |
|    iterations      | 132      |
|    time_elapsed    | 2993     |
|    total_timesteps | 5136384  |
---------------------------------
-----------------------------------------
| rollout/                |             |
|    ep_len_mean          | 2e+03       |
|    ep_rew_mean          | 3.64e+03    |
| time/                   |             |
|    fps                  | 1715        |
|    iterations           | 133         |
|    time_elapsed         | 3017        |
|    total_timesteps      | 5175296     |
| train/                  |             |
|    approx_kl            | 0.006517218 |
|    clip_fraction        | 0.0951      |
|    clip_range           | 0.2         |
|    entropy_loss         | 5.73        |
|    explained_variance   | 0.983       |
|    learning_rate        | 0.000249    |
|    loss                 | 0.119       |
|    n_updates            | 1320        |
|    policy_gradient_loss | 0.00288     |
|    std                  | 0.0138      |
|    value_loss           | 0.134       |
-----------------------------------------
-----------------------------------------
| rollout/                |             |
|    ep_len_mean          | 2e+03       |
|    ep_rew_mean          | 3.63e+03    |
| time/                   |             |
|    fps                  | 1714        |
|    iterations           | 134         |
|    time_elapsed         | 3040        |
|    total_timesteps      | 5214208     |
| train/                  |             |
|    approx_kl            | 0.007518038 |
|    clip_fraction        | 0.104       |
|    clip_range           | 0.2         |
|    entropy_loss         | 5.72        |
|    explained_variance   | 0.987       |
|    learning_rate        | 0.000248    |
|    loss                 | 0.131       |
|    n_updates            | 1330        |
|    policy_gradient_loss | 0.00284     |
|    std                  | 0.0139      |
|    value_loss           | 0.178       |
-----------------------------------------
------------------------------------------
| rollout/                |              |
|    ep_len_mean          | 2e+03        |
|    ep_rew_mean          | 3.62e+03     |
| time/                   |              |
|    fps                  | 1714         |
|    iterations           | 135          |
|    time_elapsed         | 3064         |
|    total_timesteps      | 5253120      |
| train/                  |              |
|    approx_kl            | 0.0064915433 |
|    clip_fraction        | 0.0993       |
|    clip_range           | 0.2          |
|    entropy_loss         | 5.73         |
|    explained_variance   | 0.972        |
|    learning_rate        | 0.000248     |
|    loss                 | 0.136        |
|    n_updates            | 1340         |
|    policy_gradient_loss | 0.00253      |
|    std                  | 0.0138       |
|    value_loss           | 0.188        |
------------------------------------------
-----------------------------------------
| rollout/                |             |
|    ep_len_mean          | 2e+03       |
|    ep_rew_mean          | 3.61e+03    |
| time/                   |             |
|    fps                  | 1714        |
|    iterations           | 136         |
|    time_elapsed         | 3087        |
|    total_timesteps      | 5292032     |
| train/                  |             |
|    approx_kl            | 0.009058428 |
|    clip_fraction        | 0.0983      |
|    clip_range           | 0.2         |
|    entropy_loss         | 5.73        |
|    explained_variance   | 0.979       |
|    learning_rate        | 0.000247    |
|    loss                 | 0.139       |
|    n_updates            | 1350        |
|    policy_gradient_loss | 0.00235     |
|    std                  | 0.0138      |
|    value_loss           | 0.206       |
-----------------------------------------
Eval num_timesteps=5320000, episode_reward=1377.41 +/- 1197.37
Episode length: 1959.65 +/- 81.08
----------------------------------------
| eval/                   |            |
|    mean_ep_length       | 1.96e+03   |
|    mean_reward          | 1.38e+03   |
| time/                   |            |
|    total_timesteps      | 5320000    |
| train/                  |            |
|    approx_kl            | 0.00820643 |
|    clip_fraction        | 0.108      |
|    clip_range           | 0.2        |
|    entropy_loss         | 5.73       |
|    explained_variance   | 0.979      |
|    learning_rate        | 0.000247   |
|    loss                 | 0.141      |
|    n_updates            | 1360       |
|    policy_gradient_loss | 0.00259    |
|    std                  | 0.0138     |
|    value_loss           | 0.202      |
----------------------------------------
---------------------------------
| rollout/           |          |
|    ep_len_mean     | 2e+03    |
|    ep_rew_mean     | 3.6e+03  |
| time/              |          |
|    fps             | 1684     |
|    iterations      | 137      |
|    time_elapsed    | 3164     |
|    total_timesteps | 5330944  |
---------------------------------
------------------------------------------
| rollout/                |              |
|    ep_len_mean          | 2e+03        |
|    ep_rew_mean          | 3.6e+03      |
| time/                   |              |
|    fps                  | 1684         |
|    iterations           | 138          |
|    time_elapsed         | 3187         |
|    total_timesteps      | 5369856      |
| train/                  |              |
|    approx_kl            | 0.0075193164 |
|    clip_fraction        | 0.0915       |
|    clip_range           | 0.2          |
|    entropy_loss         | 5.73         |
|    explained_variance   | 0.979        |
|    learning_rate        | 0.000247     |
|    loss                 | 0.156        |
|    n_updates            | 1370         |
|    policy_gradient_loss | 0.00249      |
|    std                  | 0.0138       |
|    value_loss           | 0.209        |
------------------------------------------
------------------------------------------
| rollout/                |              |
|    ep_len_mean          | 2e+03        |
|    ep_rew_mean          | 3.6e+03      |
| time/                   |              |
|    fps                  | 1684         |
|    iterations           | 139          |
|    time_elapsed         | 3210         |
|    total_timesteps      | 5408768      |
| train/                  |              |
|    approx_kl            | 0.0077994387 |
|    clip_fraction        | 0.093        |
|    clip_range           | 0.2          |
|    entropy_loss         | 5.73         |
|    explained_variance   | 0.974        |
|    learning_rate        | 0.000246     |
|    loss                 | 0.13         |
|    n_updates            | 1380         |
|    policy_gradient_loss | 0.00238      |
|    std                  | 0.0138       |
|    value_loss           | 0.165        |
------------------------------------------
----------------------------------------
| rollout/                |            |
|    ep_len_mean          | 2e+03      |
|    ep_rew_mean          | 3.59e+03   |
| time/                   |            |
|    fps                  | 1684       |
|    iterations           | 140        |
|    time_elapsed         | 3233       |
|    total_timesteps      | 5447680    |
| train/                  |            |
|    approx_kl            | 0.00743617 |
|    clip_fraction        | 0.0991     |
|    clip_range           | 0.2        |
|    entropy_loss         | 5.73       |
|    explained_variance   | 0.983      |
|    learning_rate        | 0.000246   |
|    loss                 | 0.159      |
|    n_updates            | 1390       |
|    policy_gradient_loss | 0.00275    |
|    std                  | 0.0139     |
|    value_loss           | 0.195      |
----------------------------------------
-----------------------------------------
| rollout/                |             |
|    ep_len_mean          | 2e+03       |
|    ep_rew_mean          | 3.59e+03    |
| time/                   |             |
|    fps                  | 1683        |
|    iterations           | 141         |
|    time_elapsed         | 3258        |
|    total_timesteps      | 5486592     |
| train/                  |             |
|    approx_kl            | 0.008008687 |
|    clip_fraction        | 0.0996      |
|    clip_range           | 0.2         |
|    entropy_loss         | 5.72        |
|    explained_variance   | 0.974       |
|    learning_rate        | 0.000246    |
|    loss                 | 0.15        |
|    n_updates            | 1400        |
|    policy_gradient_loss | 0.00234     |
|    std                  | 0.0139      |
|    value_loss           | 0.219       |
-----------------------------------------
Eval num_timesteps=5510000, episode_reward=1424.93 +/- 1158.46
Episode length: 1952.45 +/- 92.19
-----------------------------------------
| eval/                   |             |
|    mean_ep_length       | 1.95e+03    |
|    mean_reward          | 1.42e+03    |
| time/                   |             |
|    total_timesteps      | 5510000     |
| train/                  |             |
|    approx_kl            | 0.008891307 |
|    clip_fraction        | 0.092       |
|    clip_range           | 0.2         |
|    entropy_loss         | 5.72        |
|    explained_variance   | 0.973       |
|    learning_rate        | 0.000245    |
|    loss                 | 0.188       |
|    n_updates            | 1410        |
|    policy_gradient_loss | 0.00257     |
|    std                  | 0.0138      |
|    value_loss           | 0.283       |
-----------------------------------------
---------------------------------
| rollout/           |          |
|    ep_len_mean     | 2e+03    |
|    ep_rew_mean     | 3.59e+03 |
| time/              |          |
|    fps             | 1656     |
|    iterations      | 142      |
|    time_elapsed    | 3336     |
|    total_timesteps | 5525504  |
---------------------------------
-----------------------------------------
| rollout/                |             |
|    ep_len_mean          | 2e+03       |
|    ep_rew_mean          | 3.58e+03    |
| time/                   |             |
|    fps                  | 1656        |
|    iterations           | 143         |
|    time_elapsed         | 3359        |
|    total_timesteps      | 5564416     |
| train/                  |             |
|    approx_kl            | 0.007786768 |
|    clip_fraction        | 0.0955      |
|    clip_range           | 0.2         |
|    entropy_loss         | 5.72        |
|    explained_variance   | 0.97        |
|    learning_rate        | 0.000245    |
|    loss                 | 0.173       |
|    n_updates            | 1420        |
|    policy_gradient_loss | 0.00282     |
|    std                  | 0.0139      |
|    value_loss           | 0.264       |
-----------------------------------------
------------------------------------------
| rollout/                |              |
|    ep_len_mean          | 2e+03        |
|    ep_rew_mean          | 3.57e+03     |
| time/                   |              |
|    fps                  | 1656         |
|    iterations           | 144          |
|    time_elapsed         | 3383         |
|    total_timesteps      | 5603328      |
| train/                  |              |
|    approx_kl            | 0.0068911095 |
|    clip_fraction        | 0.0959       |
|    clip_range           | 0.2          |
|    entropy_loss         | 5.71         |
|    explained_variance   | 0.971        |
|    learning_rate        | 0.000244     |
|    loss                 | 0.165        |
|    n_updates            | 1430         |
|    policy_gradient_loss | 0.00278      |
|    std                  | 0.0139       |
|    value_loss           | 0.282        |
------------------------------------------
----------------------------------------
| rollout/                |            |
|    ep_len_mean          | 2e+03      |
|    ep_rew_mean          | 3.56e+03   |
| time/                   |            |
|    fps                  | 1656       |
|    iterations           | 145        |
|    time_elapsed         | 3406       |
|    total_timesteps      | 5642240    |
| train/                  |            |
|    approx_kl            | 0.00871787 |
|    clip_fraction        | 0.104      |
|    clip_range           | 0.2        |
|    entropy_loss         | 5.72       |
|    explained_variance   | 0.967      |
|    learning_rate        | 0.000244   |
|    loss                 | 0.168      |
|    n_updates            | 1440       |
|    policy_gradient_loss | 0.00212    |
|    std                  | 0.0139     |
|    value_loss           | 0.273      |
----------------------------------------
------------------------------------------
| rollout/                |              |
|    ep_len_mean          | 2e+03        |
|    ep_rew_mean          | 3.55e+03     |
| time/                   |              |
|    fps                  | 1656         |
|    iterations           | 146          |
|    time_elapsed         | 3429         |
|    total_timesteps      | 5681152      |
| train/                  |              |
|    approx_kl            | 0.0106692985 |
|    clip_fraction        | 0.106        |
|    clip_range           | 0.2          |
|    entropy_loss         | 5.71         |
|    explained_variance   | 0.969        |
|    learning_rate        | 0.000244     |
|    loss                 | 0.198        |
|    n_updates            | 1450         |
|    policy_gradient_loss | 0.00289      |
|    std                  | 0.0139       |
|    value_loss           | 0.325        |
------------------------------------------
Eval num_timesteps=5700000, episode_reward=1387.35 +/- 1154.81
Episode length: 1958.95 +/- 84.03
-----------------------------------------
| eval/                   |             |
|    mean_ep_length       | 1.96e+03    |
|    mean_reward          | 1.39e+03    |
| time/                   |             |
|    total_timesteps      | 5700000     |
| train/                  |             |
|    approx_kl            | 0.008840296 |
|    clip_fraction        | 0.114       |
|    clip_range           | 0.2         |
|    entropy_loss         | 5.7         |
|    explained_variance   | 0.975       |
|    learning_rate        | 0.000243    |
|    loss                 | 0.206       |
|    n_updates            | 1460        |
|    policy_gradient_loss | 0.00273     |
|    std                  | 0.014       |
|    value_loss           | 0.314       |
-----------------------------------------
---------------------------------
| rollout/           |          |
|    ep_len_mean     | 2e+03    |
|    ep_rew_mean     | 3.55e+03 |
| time/              |          |
|    fps             | 1631     |
|    iterations      | 147      |
|    time_elapsed    | 3506     |
|    total_timesteps | 5720064  |
---------------------------------
-----------------------------------------
| rollout/                |             |
|    ep_len_mean          | 2e+03       |
|    ep_rew_mean          | 3.54e+03    |
| time/                   |             |
|    fps                  | 1631        |
|    iterations           | 148         |
|    time_elapsed         | 3529        |
|    total_timesteps      | 5758976     |
| train/                  |             |
|    approx_kl            | 0.008899245 |
|    clip_fraction        | 0.109       |
|    clip_range           | 0.2         |
|    entropy_loss         | 5.7         |
|    explained_variance   | 0.96        |
|    learning_rate        | 0.000243    |
|    loss                 | 0.27        |
|    n_updates            | 1470        |
|    policy_gradient_loss | 0.00181     |
|    std                  | 0.014       |
|    value_loss           | 0.398       |
-----------------------------------------
-----------------------------------------
| rollout/                |             |
|    ep_len_mean          | 2e+03       |
|    ep_rew_mean          | 3.53e+03    |
| time/                   |             |
|    fps                  | 1631        |
|    iterations           | 149         |
|    time_elapsed         | 3553        |
|    total_timesteps      | 5797888     |
| train/                  |             |
|    approx_kl            | 0.008404349 |
|    clip_fraction        | 0.106       |
|    clip_range           | 0.2         |
|    entropy_loss         | 5.7         |
|    explained_variance   | 0.975       |
|    learning_rate        | 0.000242    |
|    loss                 | 0.245       |
|    n_updates            | 1480        |
|    policy_gradient_loss | 0.0025      |
|    std                  | 0.0141      |
|    value_loss           | 0.366       |
-----------------------------------------
-----------------------------------------
| rollout/                |             |
|    ep_len_mean          | 2e+03       |
|    ep_rew_mean          | 3.53e+03    |
| time/                   |             |
|    fps                  | 1632        |
|    iterations           | 150         |
|    time_elapsed         | 3576        |
|    total_timesteps      | 5836800     |
| train/                  |             |
|    approx_kl            | 0.010325174 |
|    clip_fraction        | 0.107       |
|    clip_range           | 0.2         |
|    entropy_loss         | 5.68        |
|    explained_variance   | 0.97        |
|    learning_rate        | 0.000242    |
|    loss                 | 0.223       |
|    n_updates            | 1490        |
|    policy_gradient_loss | 0.00253     |
|    std                  | 0.0142      |
|    value_loss           | 0.382       |
-----------------------------------------
-----------------------------------------
| rollout/                |             |
|    ep_len_mean          | 2e+03       |
|    ep_rew_mean          | 3.53e+03    |
| time/                   |             |
|    fps                  | 1632        |
|    iterations           | 151         |
|    time_elapsed         | 3599        |
|    total_timesteps      | 5875712     |
| train/                  |             |
|    approx_kl            | 0.008327405 |
|    clip_fraction        | 0.112       |
|    clip_range           | 0.2         |
|    entropy_loss         | 5.67        |
|    explained_variance   | 0.97        |
|    learning_rate        | 0.000242    |
|    loss                 | 0.224       |
|    n_updates            | 1500        |
|    policy_gradient_loss | 0.00171     |
|    std                  | 0.0142      |
|    value_loss           | 0.396       |
-----------------------------------------
Eval num_timesteps=5890000, episode_reward=1452.11 +/- 1142.61
Episode length: 1972.20 +/- 59.53
-----------------------------------------
| eval/                   |             |
|    mean_ep_length       | 1.97e+03    |
|    mean_reward          | 1.45e+03    |
| time/                   |             |
|    total_timesteps      | 5890000     |
| train/                  |             |
|    approx_kl            | 0.009547479 |
|    clip_fraction        | 0.109       |
|    clip_range           | 0.2         |
|    entropy_loss         | 5.66        |
|    explained_variance   | 0.971       |
|    learning_rate        | 0.000241    |
|    loss                 | 0.233       |
|    n_updates            | 1510        |
|    policy_gradient_loss | 0.00233     |
|    std                  | 0.0144      |
|    value_loss           | 0.525       |
-----------------------------------------
---------------------------------
| rollout/           |          |
|    ep_len_mean     | 2e+03    |
|    ep_rew_mean     | 3.52e+03 |
| time/              |          |
|    fps             | 1609     |
|    iterations      | 152      |
|    time_elapsed    | 3674     |
|    total_timesteps | 5914624  |
---------------------------------
-----------------------------------------
| rollout/                |             |
|    ep_len_mean          | 2e+03       |
|    ep_rew_mean          | 3.51e+03    |
| time/                   |             |
|    fps                  | 1609        |
|    iterations           | 153         |
|    time_elapsed         | 3698        |
|    total_timesteps      | 5953536     |
| train/                  |             |
|    approx_kl            | 0.009146967 |
|    clip_fraction        | 0.107       |
|    clip_range           | 0.2         |
|    entropy_loss         | 5.63        |
|    explained_variance   | 0.972       |
|    learning_rate        | 0.000241    |
|    loss                 | 0.21        |
|    n_updates            | 1520        |
|    policy_gradient_loss | 0.00263     |
|    std                  | 0.0145      |
|    value_loss           | 0.397       |
-----------------------------------------
-----------------------------------------
| rollout/                |             |
|    ep_len_mean          | 2e+03       |
|    ep_rew_mean          | 3.5e+03     |
| time/                   |             |
|    fps                  | 1610        |
|    iterations           | 154         |
|    time_elapsed         | 3721        |
|    total_timesteps      | 5992448     |
| train/                  |             |
|    approx_kl            | 0.007305146 |
|    clip_fraction        | 0.103       |
|    clip_range           | 0.2         |
|    entropy_loss         | 5.61        |
|    explained_variance   | 0.972       |
|    learning_rate        | 0.00024     |
|    loss                 | 0.196       |
|    n_updates            | 1530        |
|    policy_gradient_loss | 0.00283     |
|    std                  | 0.0147      |
|    value_loss           | 0.415       |
-----------------------------------------
-----------------------------------------
| rollout/                |             |
|    ep_len_mean          | 2e+03       |
|    ep_rew_mean          | 3.48e+03    |
| time/                   |             |
|    fps                  | 1611        |
|    iterations           | 155         |
|    time_elapsed         | 3743        |
|    total_timesteps      | 6031360     |
| train/                  |             |
|    approx_kl            | 0.009442243 |
|    clip_fraction        | 0.116       |
|    clip_range           | 0.2         |
|    entropy_loss         | 5.6         |
|    explained_variance   | 0.97        |
|    learning_rate        | 0.00024     |
|    loss                 | 0.196       |
|    n_updates            | 1540        |
|    policy_gradient_loss | 0.00211     |
|    std                  | 0.0147      |
|    value_loss           | 0.456       |
-----------------------------------------
-----------------------------------------
| rollout/                |             |
|    ep_len_mean          | 2e+03       |
|    ep_rew_mean          | 3.47e+03    |
| time/                   |             |
|    fps                  | 1611        |
|    iterations           | 156         |
|    time_elapsed         | 3765        |
|    total_timesteps      | 6070272     |
| train/                  |             |
|    approx_kl            | 0.009695681 |
|    clip_fraction        | 0.113       |
|    clip_range           | 0.2         |
|    entropy_loss         | 5.6         |
|    explained_variance   | 0.969       |
|    learning_rate        | 0.00024     |
|    loss                 | 0.289       |
|    n_updates            | 1550        |
|    policy_gradient_loss | 0.00234     |
|    std                  | 0.0148      |
|    value_loss           | 0.51        |
-----------------------------------------
Eval num_timesteps=6080000, episode_reward=1299.67 +/- 1258.80
Episode length: 1961.25 +/- 80.49
-----------------------------------------
| eval/                   |             |
|    mean_ep_length       | 1.96e+03    |
|    mean_reward          | 1.3e+03     |
| time/                   |             |
|    total_timesteps      | 6080000     |
| train/                  |             |
|    approx_kl            | 0.008611488 |
|    clip_fraction        | 0.115       |
|    clip_range           | 0.2         |
|    entropy_loss         | 5.58        |
|    explained_variance   | 0.963       |
|    learning_rate        | 0.000239    |
|    loss                 | 0.252       |
|    n_updates            | 1560        |
|    policy_gradient_loss | 0.0014      |
|    std                  | 0.015       |
|    value_loss           | 0.462       |
-----------------------------------------
---------------------------------
| rollout/           |          |
|    ep_len_mean     | 2e+03    |
|    ep_rew_mean     | 3.46e+03 |
| time/              |          |
|    fps             | 1589     |
|    iterations      | 157      |
|    time_elapsed    | 3843     |
|    total_timesteps | 6109184  |
---------------------------------
-----------------------------------------
| rollout/                |             |
|    ep_len_mean          | 2e+03       |
|    ep_rew_mean          | 3.46e+03    |
| time/                   |             |
|    fps                  | 1588        |
|    iterations           | 158         |
|    time_elapsed         | 3869        |
|    total_timesteps      | 6148096     |
| train/                  |             |
|    approx_kl            | 0.008346123 |
|    clip_fraction        | 0.113       |
|    clip_range           | 0.2         |
|    entropy_loss         | 5.56        |
|    explained_variance   | 0.974       |
|    learning_rate        | 0.000239    |
|    loss                 | 0.3         |
|    n_updates            | 1570        |
|    policy_gradient_loss | 0.00235     |
|    std                  | 0.015       |
|    value_loss           | 0.537       |
-----------------------------------------
-----------------------------------------
| rollout/                |             |
|    ep_len_mean          | 2e+03       |
|    ep_rew_mean          | 3.46e+03    |
| time/                   |             |
|    fps                  | 1589        |
|    iterations           | 159         |
|    time_elapsed         | 3892        |
|    total_timesteps      | 6187008     |
| train/                  |             |
|    approx_kl            | 0.008536506 |
|    clip_fraction        | 0.113       |
|    clip_range           | 0.2         |
|    entropy_loss         | 5.55        |
|    explained_variance   | 0.978       |
|    learning_rate        | 0.000239    |
|    loss                 | 0.221       |
|    n_updates            | 1580        |
|    policy_gradient_loss | 0.00202     |
|    std                  | 0.0152      |
|    value_loss           | 0.429       |
-----------------------------------------
-----------------------------------------
| rollout/                |             |
|    ep_len_mean          | 2e+03       |
|    ep_rew_mean          | 3.46e+03    |
| time/                   |             |
|    fps                  | 1589        |
|    iterations           | 160         |
|    time_elapsed         | 3915        |
|    total_timesteps      | 6225920     |
| train/                  |             |
|    approx_kl            | 0.009169511 |
|    clip_fraction        | 0.105       |
|    clip_range           | 0.2         |
|    entropy_loss         | 5.53        |
|    explained_variance   | 0.973       |
|    learning_rate        | 0.000238    |
|    loss                 | 0.358       |
|    n_updates            | 1590        |
|    policy_gradient_loss | 0.00255     |
|    std                  | 0.0153      |
|    value_loss           | 0.609       |
-----------------------------------------
-----------------------------------------
| rollout/                |             |
|    ep_len_mean          | 2e+03       |
|    ep_rew_mean          | 3.46e+03    |
| time/                   |             |
|    fps                  | 1590        |
|    iterations           | 161         |
|    time_elapsed         | 3938        |
|    total_timesteps      | 6264832     |
| train/                  |             |
|    approx_kl            | 0.008395159 |
|    clip_fraction        | 0.117       |
|    clip_range           | 0.2         |
|    entropy_loss         | 5.53        |
|    explained_variance   | 0.969       |
|    learning_rate        | 0.000238    |
|    loss                 | 0.408       |
|    n_updates            | 1600        |
|    policy_gradient_loss | 0.00133     |
|    std                  | 0.0153      |
|    value_loss           | 0.619       |
-----------------------------------------
Eval num_timesteps=6270000, episode_reward=1378.83 +/- 1242.53
Episode length: 1989.10 +/- 34.22
-----------------------------------------
| eval/                   |             |
|    mean_ep_length       | 1.99e+03    |
|    mean_reward          | 1.38e+03    |
| time/                   |             |
|    total_timesteps      | 6270000     |
| train/                  |             |
|    approx_kl            | 0.009226339 |
|    clip_fraction        | 0.117       |
|    clip_range           | 0.2         |
|    entropy_loss         | 5.52        |
|    explained_variance   | 0.967       |
|    learning_rate        | 0.000237    |
|    loss                 | 0.561       |
|    n_updates            | 1610        |
|    policy_gradient_loss | 0.00217     |
|    std                  | 0.0154      |
|    value_loss           | 0.705       |
-----------------------------------------
---------------------------------
| rollout/           |          |
|    ep_len_mean     | 2e+03    |
|    ep_rew_mean     | 3.46e+03 |
| time/              |          |
|    fps             | 1568     |
|    iterations      | 162      |
|    time_elapsed    | 4018     |
|    total_timesteps | 6303744  |
---------------------------------
-----------------------------------------
| rollout/                |             |
|    ep_len_mean          | 2e+03       |
|    ep_rew_mean          | 3.45e+03    |
| time/                   |             |
|    fps                  | 1569        |
|    iterations           | 163         |
|    time_elapsed         | 4041        |
|    total_timesteps      | 6342656     |
| train/                  |             |
|    approx_kl            | 0.009951942 |
|    clip_fraction        | 0.122       |
|    clip_range           | 0.2         |
|    entropy_loss         | 5.49        |
|    explained_variance   | 0.961       |
|    learning_rate        | 0.000237    |
|    loss                 | 0.249       |
|    n_updates            | 1620        |
|    policy_gradient_loss | 0.000962    |
|    std                  | 0.0156      |
|    value_loss           | 0.767       |
-----------------------------------------
------------------------------------------
| rollout/                |              |
|    ep_len_mean          | 2e+03        |
|    ep_rew_mean          | 3.45e+03     |
| time/                   |              |
|    fps                  | 1570         |
|    iterations           | 164          |
|    time_elapsed         | 4064         |
|    total_timesteps      | 6381568      |
| train/                  |              |
|    approx_kl            | 0.0085475035 |
|    clip_fraction        | 0.124        |
|    clip_range           | 0.2          |
|    entropy_loss         | 5.48         |
|    explained_variance   | 0.979        |
|    learning_rate        | 0.000237     |
|    loss                 | 0.262        |
|    n_updates            | 1630         |
|    policy_gradient_loss | 0.00152      |
|    std                  | 0.0157       |
|    value_loss           | 0.505        |
------------------------------------------
-----------------------------------------
| rollout/                |             |
|    ep_len_mean          | 2e+03       |
|    ep_rew_mean          | 3.44e+03    |
| time/                   |             |
|    fps                  | 1571        |
|    iterations           | 165         |
|    time_elapsed         | 4086        |
|    total_timesteps      | 6420480     |
| train/                  |             |
|    approx_kl            | 0.009631699 |
|    clip_fraction        | 0.125       |
|    clip_range           | 0.2         |
|    entropy_loss         | 5.47        |
|    explained_variance   | 0.978       |
|    learning_rate        | 0.000236    |
|    loss                 | 0.213       |
|    n_updates            | 1640        |
|    policy_gradient_loss | 0.00229     |
|    std                  | 0.0157      |
|    value_loss           | 0.498       |
-----------------------------------------
-----------------------------------------
| rollout/                |             |
|    ep_len_mean          | 2e+03       |
|    ep_rew_mean          | 3.44e+03    |
| time/                   |             |
|    fps                  | 1573        |
|    iterations           | 166         |
|    time_elapsed         | 4106        |
|    total_timesteps      | 6459392     |
| train/                  |             |
|    approx_kl            | 0.009963576 |
|    clip_fraction        | 0.119       |
|    clip_range           | 0.2         |
|    entropy_loss         | 5.46        |
|    explained_variance   | 0.981       |
|    learning_rate        | 0.000236    |
|    loss                 | 0.445       |
|    n_updates            | 1650        |
|    policy_gradient_loss | 0.00171     |
|    std                  | 0.0158      |
|    value_loss           | 0.612       |
-----------------------------------------
Eval num_timesteps=6460000, episode_reward=1429.70 +/- 1206.24
Episode length: 1985.25 +/- 45.22
-----------------------------------------
| eval/                   |             |
|    mean_ep_length       | 1.99e+03    |
|    mean_reward          | 1.43e+03    |
| time/                   |             |
|    total_timesteps      | 6460000     |
| train/                  |             |
|    approx_kl            | 0.009675119 |
|    clip_fraction        | 0.11        |
|    clip_range           | 0.2         |
|    entropy_loss         | 5.45        |
|    explained_variance   | 0.968       |
|    learning_rate        | 0.000235    |
|    loss                 | 0.452       |
|    n_updates            | 1660        |
|    policy_gradient_loss | 0.0026      |
|    std                  | 0.0159      |
|    value_loss           | 0.893       |
-----------------------------------------
---------------------------------
| rollout/           |          |
|    ep_len_mean     | 2e+03    |
|    ep_rew_mean     | 3.43e+03 |
| time/              |          |
|    fps             | 1555     |
|    iterations      | 167      |
|    time_elapsed    | 4176     |
|    total_timesteps | 6498304  |
---------------------------------
------------------------------------------
| rollout/                |              |
|    ep_len_mean          | 2e+03        |
|    ep_rew_mean          | 3.42e+03     |
| time/                   |              |
|    fps                  | 1556         |
|    iterations           | 168          |
|    time_elapsed         | 4200         |
|    total_timesteps      | 6537216      |
| train/                  |              |
|    approx_kl            | 0.0098101115 |
|    clip_fraction        | 0.124        |
|    clip_range           | 0.2          |
|    entropy_loss         | 5.44         |
|    explained_variance   | 0.977        |
|    learning_rate        | 0.000235     |
|    loss                 | 0.394        |
|    n_updates            | 1670         |
|    policy_gradient_loss | 0.00155      |
|    std                  | 0.016        |
|    value_loss           | 0.627        |
------------------------------------------
-----------------------------------------
| rollout/                |             |
|    ep_len_mean          | 2e+03       |
|    ep_rew_mean          | 3.42e+03    |
| time/                   |             |
|    fps                  | 1557        |
|    iterations           | 169         |
|    time_elapsed         | 4222        |
|    total_timesteps      | 6576128     |
| train/                  |             |
|    approx_kl            | 0.011011121 |
|    clip_fraction        | 0.114       |
|    clip_range           | 0.2         |
|    entropy_loss         | 5.42        |
|    explained_variance   | 0.966       |
|    learning_rate        | 0.000235    |
|    loss                 | 0.428       |
|    n_updates            | 1680        |
|    policy_gradient_loss | 0.00203     |
|    std                  | 0.0162      |
|    value_loss           | 0.9         |
-----------------------------------------
-----------------------------------------
| rollout/                |             |
|    ep_len_mean          | 2e+03       |
|    ep_rew_mean          | 3.42e+03    |
| time/                   |             |
|    fps                  | 1557        |
|    iterations           | 170         |
|    time_elapsed         | 4246        |
|    total_timesteps      | 6615040     |
| train/                  |             |
|    approx_kl            | 0.009978507 |
|    clip_fraction        | 0.106       |
|    clip_range           | 0.2         |
|    entropy_loss         | 5.4         |
|    explained_variance   | 0.979       |
|    learning_rate        | 0.000234    |
|    loss                 | 0.351       |
|    n_updates            | 1690        |
|    policy_gradient_loss | 0.00135     |
|    std                  | 0.0163      |
|    value_loss           | 0.657       |
-----------------------------------------
Eval num_timesteps=6650000, episode_reward=1309.89 +/- 1358.20
Episode length: 1972.30 +/- 54.62
-----------------------------------------
| eval/                   |             |
|    mean_ep_length       | 1.97e+03    |
|    mean_reward          | 1.31e+03    |
| time/                   |             |
|    total_timesteps      | 6650000     |
| train/                  |             |
|    approx_kl            | 0.008935442 |
|    clip_fraction        | 0.115       |
|    clip_range           | 0.2         |
|    entropy_loss         | 5.39        |
|    explained_variance   | 0.978       |
|    learning_rate        | 0.000234    |
|    loss                 | 0.577       |
|    n_updates            | 1700        |
|    policy_gradient_loss | 0.00154     |
|    std                  | 0.0164      |
|    value_loss           | 0.884       |
-----------------------------------------
---------------------------------
| rollout/           |          |
|    ep_len_mean     | 2e+03    |
|    ep_rew_mean     | 3.42e+03 |
| time/              |          |
|    fps             | 1537     |
|    iterations      | 171      |
|    time_elapsed    | 4326     |
|    total_timesteps | 6653952  |
---------------------------------
-----------------------------------------
| rollout/                |             |
|    ep_len_mean          | 2e+03       |
|    ep_rew_mean          | 3.42e+03    |
| time/                   |             |
|    fps                  | 1538        |
|    iterations           | 172         |
|    time_elapsed         | 4350        |
|    total_timesteps      | 6692864     |
| train/                  |             |
|    approx_kl            | 0.009563883 |
|    clip_fraction        | 0.109       |
|    clip_range           | 0.2         |
|    entropy_loss         | 5.38        |
|    explained_variance   | 0.971       |
|    learning_rate        | 0.000233    |
|    loss                 | 0.382       |
|    n_updates            | 1710        |
|    policy_gradient_loss | 0.0011      |
|    std                  | 0.0164      |
|    value_loss           | 0.818       |
-----------------------------------------
-----------------------------------------
| rollout/                |             |
|    ep_len_mean          | 2e+03       |
|    ep_rew_mean          | 3.41e+03    |
| time/                   |             |
|    fps                  | 1539        |
|    iterations           | 173         |
|    time_elapsed         | 4373        |
|    total_timesteps      | 6731776     |
| train/                  |             |
|    approx_kl            | 0.009204192 |
|    clip_fraction        | 0.112       |
|    clip_range           | 0.2         |
|    entropy_loss         | 5.37        |
|    explained_variance   | 0.979       |
|    learning_rate        | 0.000233    |
|    loss                 | 0.288       |
|    n_updates            | 1720        |
|    policy_gradient_loss | 0.00305     |
|    std                  | 0.0166      |
|    value_loss           | 0.681       |
-----------------------------------------
-----------------------------------------
| rollout/                |             |
|    ep_len_mean          | 2e+03       |
|    ep_rew_mean          | 3.41e+03    |
| time/                   |             |
|    fps                  | 1540        |
|    iterations           | 174         |
|    time_elapsed         | 4396        |
|    total_timesteps      | 6770688     |
| train/                  |             |
|    approx_kl            | 0.012424988 |
|    clip_fraction        | 0.122       |
|    clip_range           | 0.2         |
|    entropy_loss         | 5.34        |
|    explained_variance   | 0.979       |
|    learning_rate        | 0.000233    |
|    loss                 | 0.245       |
|    n_updates            | 1730        |
|    policy_gradient_loss | 0.00234     |
|    std                  | 0.0168      |
|    value_loss           | 0.8         |
-----------------------------------------
-----------------------------------------
| rollout/                |             |
|    ep_len_mean          | 2e+03       |
|    ep_rew_mean          | 3.4e+03     |
| time/                   |             |
|    fps                  | 1540        |
|    iterations           | 175         |
|    time_elapsed         | 4419        |
|    total_timesteps      | 6809600     |
| train/                  |             |
|    approx_kl            | 0.010810033 |
|    clip_fraction        | 0.107       |
|    clip_range           | 0.2         |
|    entropy_loss         | 5.33        |
|    explained_variance   | 0.973       |
|    learning_rate        | 0.000232    |
|    loss                 | 0.312       |
|    n_updates            | 1740        |
|    policy_gradient_loss | 0.00114     |
|    std                  | 0.0168      |
|    value_loss           | 0.822       |
-----------------------------------------
Eval num_timesteps=6840000, episode_reward=1382.65 +/- 1321.24
Episode length: 1988.85 +/- 22.47
-----------------------------------------
| eval/                   |             |
|    mean_ep_length       | 1.99e+03    |
|    mean_reward          | 1.38e+03    |
| time/                   |             |
|    total_timesteps      | 6840000     |
| train/                  |             |
|    approx_kl            | 0.009553091 |
|    clip_fraction        | 0.107       |
|    clip_range           | 0.2         |
|    entropy_loss         | 5.32        |
|    explained_variance   | 0.981       |
|    learning_rate        | 0.000232    |
|    loss                 | 0.416       |
|    n_updates            | 1750        |
|    policy_gradient_loss | 0.00129     |
|    std                  | 0.017       |
|    value_loss           | 0.631       |
-----------------------------------------
---------------------------------
| rollout/           |          |
|    ep_len_mean     | 2e+03    |
|    ep_rew_mean     | 3.4e+03  |
| time/              |          |
|    fps             | 1539     |
|    iterations      | 176      |
|    time_elapsed    | 4449     |
|    total_timesteps | 6848512  |
---------------------------------
-----------------------------------------
| rollout/                |             |
|    ep_len_mean          | 2e+03       |
|    ep_rew_mean          | 3.4e+03     |
| time/                   |             |
|    fps                  | 1546        |
|    iterations           | 177         |
|    time_elapsed         | 4454        |
|    total_timesteps      | 6887424     |
| train/                  |             |
|    approx_kl            | 0.008356812 |
|    clip_fraction        | 0.115       |
|    clip_range           | 0.2         |
|    entropy_loss         | 5.31        |
|    explained_variance   | 0.979       |
|    learning_rate        | 0.000232    |
|    loss                 | 0.404       |
|    n_updates            | 1760        |
|    policy_gradient_loss | 0.000912    |
|    std                  | 0.017       |
|    value_loss           | 0.67        |
-----------------------------------------
-----------------------------------------
| rollout/                |             |
|    ep_len_mean          | 2e+03       |
|    ep_rew_mean          | 3.39e+03    |
| time/                   |             |
|    fps                  | 1552        |
|    iterations           | 178         |
|    time_elapsed         | 4460        |
|    total_timesteps      | 6926336     |
| train/                  |             |
|    approx_kl            | 0.009465211 |
|    clip_fraction        | 0.12        |
|    clip_range           | 0.2         |
|    entropy_loss         | 5.3         |
|    explained_variance   | 0.984       |
|    learning_rate        | 0.000231    |
|    loss                 | 0.436       |
|    n_updates            | 1770        |
|    policy_gradient_loss | 0.00145     |
|    std                  | 0.0172      |
|    value_loss           | 0.661       |
-----------------------------------------
-----------------------------------------
| rollout/                |             |
|    ep_len_mean          | 2e+03       |
|    ep_rew_mean          | 3.39e+03    |
| time/                   |             |
|    fps                  | 1559        |
|    iterations           | 179         |
|    time_elapsed         | 4465        |
|    total_timesteps      | 6965248     |
| train/                  |             |
|    approx_kl            | 0.009276625 |
|    clip_fraction        | 0.11        |
|    clip_range           | 0.2         |
|    entropy_loss         | 5.28        |
|    explained_variance   | 0.98        |
|    learning_rate        | 0.000231    |
|    loss                 | 0.302       |
|    n_updates            | 1780        |
|    policy_gradient_loss | 0.00183     |
|    std                  | 0.0173      |
|    value_loss           | 0.795       |
-----------------------------------------
----------------------------------------
| rollout/                |            |
|    ep_len_mean          | 2e+03      |
|    ep_rew_mean          | 3.38e+03   |
| time/                   |            |
|    fps                  | 1566       |
|    iterations           | 180        |
|    time_elapsed         | 4470       |
|    total_timesteps      | 7004160    |
| train/                  |            |
|    approx_kl            | 0.01013149 |
|    clip_fraction        | 0.117      |
|    clip_range           | 0.2        |
|    entropy_loss         | 5.27       |
|    explained_variance   | 0.98       |
|    learning_rate        | 0.00023    |
|    loss                 | 0.343      |
|    n_updates            | 1790       |
|    policy_gradient_loss | 0.00075    |
|    std                  | 0.0174     |
|    value_loss           | 0.823      |
----------------------------------------
Eval num_timesteps=7030000, episode_reward=1425.25 +/- 1272.38
Episode length: 2000.00 +/- 0.00
-----------------------------------------
| eval/                   |             |
|    mean_ep_length       | 2e+03       |
|    mean_reward          | 1.43e+03    |
| time/                   |             |
|    total_timesteps      | 7030000     |
| train/                  |             |
|    approx_kl            | 0.009452672 |
|    clip_fraction        | 0.12        |
|    clip_range           | 0.2         |
|    entropy_loss         | 5.25        |
|    explained_variance   | 0.975       |
|    learning_rate        | 0.00023     |
|    loss                 | 0.661       |
|    n_updates            | 1800        |
|    policy_gradient_loss | 0.0019      |
|    std                  | 0.0176      |
|    value_loss           | 1.14        |
-----------------------------------------
---------------------------------
| rollout/           |          |
|    ep_len_mean     | 2e+03    |
|    ep_rew_mean     | 3.38e+03 |
| time/              |          |
|    fps             | 1567     |
|    iterations      | 181      |
|    time_elapsed    | 4494     |
|    total_timesteps | 7043072  |
---------------------------------
-----------------------------------------
| rollout/                |             |
|    ep_len_mean          | 2e+03       |
|    ep_rew_mean          | 3.38e+03    |
| time/                   |             |
|    fps                  | 1573        |
|    iterations           | 182         |
|    time_elapsed         | 4499        |
|    total_timesteps      | 7081984     |
| train/                  |             |
|    approx_kl            | 0.008051559 |
|    clip_fraction        | 0.102       |
|    clip_range           | 0.2         |
|    entropy_loss         | 5.23        |
|    explained_variance   | 0.98        |
|    learning_rate        | 0.00023     |
|    loss                 | 0.61        |
|    n_updates            | 1810        |
|    policy_gradient_loss | 0.0011      |
|    std                  | 0.0177      |
|    value_loss           | 0.833       |
-----------------------------------------
-----------------------------------------
| rollout/                |             |
|    ep_len_mean          | 2e+03       |
|    ep_rew_mean          | 3.38e+03    |
| time/                   |             |
|    fps                  | 1580        |
|    iterations           | 183         |
|    time_elapsed         | 4504        |
|    total_timesteps      | 7120896     |
| train/                  |             |
|    approx_kl            | 0.008206021 |
|    clip_fraction        | 0.111       |
|    clip_range           | 0.2         |
|    entropy_loss         | 5.23        |
|    explained_variance   | 0.974       |
|    learning_rate        | 0.000229    |
|    loss                 | 0.658       |
|    n_updates            | 1820        |
|    policy_gradient_loss | 0.00109     |
|    std                  | 0.0177      |
|    value_loss           | 1.06        |
-----------------------------------------
-----------------------------------------
| rollout/                |             |
|    ep_len_mean          | 2e+03       |
|    ep_rew_mean          | 3.38e+03    |
| time/                   |             |
|    fps                  | 1587        |
|    iterations           | 184         |
|    time_elapsed         | 4509        |
|    total_timesteps      | 7159808     |
| train/                  |             |
|    approx_kl            | 0.010826721 |
|    clip_fraction        | 0.115       |
|    clip_range           | 0.2         |
|    entropy_loss         | 5.22        |
|    explained_variance   | 0.977       |
|    learning_rate        | 0.000229    |
|    loss                 | 0.579       |
|    n_updates            | 1830        |
|    policy_gradient_loss | 0.00148     |
|    std                  | 0.0178      |
|    value_loss           | 0.978       |
-----------------------------------------
-----------------------------------------
| rollout/                |             |
|    ep_len_mean          | 2e+03       |
|    ep_rew_mean          | 3.37e+03    |
| time/                   |             |
|    fps                  | 1594        |
|    iterations           | 185         |
|    time_elapsed         | 4515        |
|    total_timesteps      | 7198720     |
| train/                  |             |
|    approx_kl            | 0.009284665 |
|    clip_fraction        | 0.1         |
|    clip_range           | 0.2         |
|    entropy_loss         | 5.22        |
|    explained_variance   | 0.985       |
|    learning_rate        | 0.000228    |
|    loss                 | 0.434       |
|    n_updates            | 1840        |
|    policy_gradient_loss | 0.00185     |
|    std                  | 0.0178      |
|    value_loss           | 0.876       |
-----------------------------------------
Eval num_timesteps=7220000, episode_reward=1464.31 +/- 1231.72
Episode length: 2000.00 +/- 0.00
-----------------------------------------
| eval/                   |             |
|    mean_ep_length       | 2e+03       |
|    mean_reward          | 1.46e+03    |
| time/                   |             |
|    total_timesteps      | 7220000     |
| train/                  |             |
|    approx_kl            | 0.008472695 |
|    clip_fraction        | 0.108       |
|    clip_range           | 0.2         |
|    entropy_loss         | 5.22        |
|    explained_variance   | 0.981       |
|    learning_rate        | 0.000228    |
|    loss                 | 0.316       |
|    n_updates            | 1850        |
|    policy_gradient_loss | 0.00177     |
|    std                  | 0.0178      |
|    value_loss           | 1.05        |
-----------------------------------------
---------------------------------
| rollout/           |          |
|    ep_len_mean     | 2e+03    |
|    ep_rew_mean     | 3.36e+03 |
| time/              |          |
|    fps             | 1593     |
|    iterations      | 186      |
|    time_elapsed    | 4541     |
|    total_timesteps | 7237632  |
---------------------------------
-----------------------------------------
| rollout/                |             |
|    ep_len_mean          | 2e+03       |
|    ep_rew_mean          | 3.34e+03    |
| time/                   |             |
|    fps                  | 1599        |
|    iterations           | 187         |
|    time_elapsed         | 4548        |
|    total_timesteps      | 7276544     |
| train/                  |             |
|    approx_kl            | 0.008249742 |
|    clip_fraction        | 0.115       |
|    clip_range           | 0.2         |
|    entropy_loss         | 5.21        |
|    explained_variance   | 0.985       |
|    learning_rate        | 0.000228    |
|    loss                 | 0.502       |
|    n_updates            | 1860        |
|    policy_gradient_loss | 0.00288     |
|    std                  | 0.018       |
|    value_loss           | 1.09        |
-----------------------------------------
-----------------------------------------
| rollout/                |             |
|    ep_len_mean          | 2e+03       |
|    ep_rew_mean          | 3.34e+03    |
| time/                   |             |
|    fps                  | 1606        |
|    iterations           | 188         |
|    time_elapsed         | 4554        |
|    total_timesteps      | 7315456     |
| train/                  |             |
|    approx_kl            | 0.008856388 |
|    clip_fraction        | 0.117       |
|    clip_range           | 0.2         |
|    entropy_loss         | 5.19        |
|    explained_variance   | 0.979       |
|    learning_rate        | 0.000227    |
|    loss                 | 0.786       |
|    n_updates            | 1870        |
|    policy_gradient_loss | 0.00111     |
|    std                  | 0.0181      |
|    value_loss           | 1.22        |
-----------------------------------------
-----------------------------------------
| rollout/                |             |
|    ep_len_mean          | 2e+03       |
|    ep_rew_mean          | 3.33e+03    |
| time/                   |             |
|    fps                  | 1612        |
|    iterations           | 189         |
|    time_elapsed         | 4561        |
|    total_timesteps      | 7354368     |
| train/                  |             |
|    approx_kl            | 0.009506116 |
|    clip_fraction        | 0.109       |
|    clip_range           | 0.2         |
|    entropy_loss         | 5.17        |
|    explained_variance   | 0.983       |
|    learning_rate        | 0.000227    |
|    loss                 | 0.693       |
|    n_updates            | 1880        |
|    policy_gradient_loss | 0.00106     |
|    std                  | 0.0183      |
|    value_loss           | 1.11        |
-----------------------------------------
----------------------------------------
| rollout/                |            |
|    ep_len_mean          | 2e+03      |
|    ep_rew_mean          | 3.32e+03   |
| time/                   |            |
|    fps                  | 1618       |
|    iterations           | 190        |
|    time_elapsed         | 4567       |
|    total_timesteps      | 7393280    |
| train/                  |            |
|    approx_kl            | 0.01007241 |
|    clip_fraction        | 0.111      |
|    clip_range           | 0.2        |
|    entropy_loss         | 5.15       |
|    explained_variance   | 0.987      |
|    learning_rate        | 0.000226   |
|    loss                 | 0.454      |
|    n_updates            | 1890       |
|    policy_gradient_loss | 0.00126    |
|    std                  | 0.0184     |
|    value_loss           | 0.989      |
----------------------------------------
Eval num_timesteps=7410000, episode_reward=1520.05 +/- 1187.11
Episode length: 2000.00 +/- 0.00
----------------------------------------
| eval/                   |            |
|    mean_ep_length       | 2e+03      |
|    mean_reward          | 1.52e+03   |
| time/                   |            |
|    total_timesteps      | 7410000    |
| train/                  |            |
|    approx_kl            | 0.00831593 |
|    clip_fraction        | 0.109      |
|    clip_range           | 0.2        |
|    entropy_loss         | 5.13       |
|    explained_variance   | 0.989      |
|    learning_rate        | 0.000226   |
|    loss                 | 0.359      |
|    n_updates            | 1900       |
|    policy_gradient_loss | 0.0019     |
|    std                  | 0.0187     |
|    value_loss           | 0.983      |
----------------------------------------
---------------------------------
| rollout/           |          |
|    ep_len_mean     | 2e+03    |
|    ep_rew_mean     | 3.32e+03 |
| time/              |          |
|    fps             | 1618     |
|    iterations      | 191      |
|    time_elapsed    | 4592     |
|    total_timesteps | 7432192  |
---------------------------------
-----------------------------------------
| rollout/                |             |
|    ep_len_mean          | 2e+03       |
|    ep_rew_mean          | 3.32e+03    |
| time/                   |             |
|    fps                  | 1624        |
|    iterations           | 192         |
|    time_elapsed         | 4599        |
|    total_timesteps      | 7471104     |
| train/                  |             |
|    approx_kl            | 0.008032497 |
|    clip_fraction        | 0.0998      |
|    clip_range           | 0.2         |
|    entropy_loss         | 5.11        |
|    explained_variance   | 0.988       |
|    learning_rate        | 0.000226    |
|    loss                 | 0.726       |
|    n_updates            | 1910        |
|    policy_gradient_loss | 0.00114     |
|    std                  | 0.0189      |
|    value_loss           | 0.935       |
-----------------------------------------
-----------------------------------------
| rollout/                |             |
|    ep_len_mean          | 2e+03       |
|    ep_rew_mean          | 3.3e+03     |
| time/                   |             |
|    fps                  | 1630        |
|    iterations           | 193         |
|    time_elapsed         | 4605        |
|    total_timesteps      | 7510016     |
| train/                  |             |
|    approx_kl            | 0.007848342 |
|    clip_fraction        | 0.107       |
|    clip_range           | 0.2         |
|    entropy_loss         | 5.09        |
|    explained_variance   | 0.978       |
|    learning_rate        | 0.000225    |
|    loss                 | 0.83        |
|    n_updates            | 1920        |
|    policy_gradient_loss | 0.00129     |
|    std                  | 0.019       |
|    value_loss           | 1.4         |
-----------------------------------------
-----------------------------------------
| rollout/                |             |
|    ep_len_mean          | 2e+03       |
|    ep_rew_mean          | 3.3e+03     |
| time/                   |             |
|    fps                  | 1636        |
|    iterations           | 194         |
|    time_elapsed         | 4612        |
|    total_timesteps      | 7548928     |
| train/                  |             |
|    approx_kl            | 0.008796782 |
|    clip_fraction        | 0.106       |
|    clip_range           | 0.2         |
|    entropy_loss         | 5.09        |
|    explained_variance   | 0.992       |
|    learning_rate        | 0.000225    |
|    loss                 | 0.667       |
|    n_updates            | 1930        |
|    policy_gradient_loss | 0.00175     |
|    std                  | 0.0191      |
|    value_loss           | 0.973       |
-----------------------------------------
-----------------------------------------
| rollout/                |             |
|    ep_len_mean          | 2e+03       |
|    ep_rew_mean          | 3.31e+03    |
| time/                   |             |
|    fps                  | 1642        |
|    iterations           | 195         |
|    time_elapsed         | 4618        |
|    total_timesteps      | 7587840     |
| train/                  |             |
|    approx_kl            | 0.008371743 |
|    clip_fraction        | 0.11        |
|    clip_range           | 0.2         |
|    entropy_loss         | 5.07        |
|    explained_variance   | 0.986       |
|    learning_rate        | 0.000225    |
|    loss                 | 0.52        |
|    n_updates            | 1940        |
|    policy_gradient_loss | 0.00127     |
|    std                  | 0.0192      |
|    value_loss           | 0.832       |
-----------------------------------------
Eval num_timesteps=7600000, episode_reward=1637.82 +/- 1097.19
Episode length: 2000.00 +/- 0.00
-----------------------------------------
| eval/                   |             |
|    mean_ep_length       | 2e+03       |
|    mean_reward          | 1.64e+03    |
| time/                   |             |
|    total_timesteps      | 7600000     |
| train/                  |             |
|    approx_kl            | 0.009114628 |
|    clip_fraction        | 0.104       |
|    clip_range           | 0.2         |
|    entropy_loss         | 5.06        |
|    explained_variance   | 0.986       |
|    learning_rate        | 0.000224    |
|    loss                 | 0.586       |
|    n_updates            | 1950        |
|    policy_gradient_loss | 0.00168     |
|    std                  | 0.0193      |
|    value_loss           | 0.941       |
-----------------------------------------
---------------------------------
| rollout/           |          |
|    ep_len_mean     | 2e+03    |
|    ep_rew_mean     | 3.31e+03 |
| time/              |          |
|    fps             | 1642     |
|    iterations      | 196      |
|    time_elapsed    | 4644     |
|    total_timesteps | 7626752  |
---------------------------------
-----------------------------------------
| rollout/                |             |
|    ep_len_mean          | 2e+03       |
|    ep_rew_mean          | 3.31e+03    |
| time/                   |             |
|    fps                  | 1648        |
|    iterations           | 197         |
|    time_elapsed         | 4650        |
|    total_timesteps      | 7665664     |
| train/                  |             |
|    approx_kl            | 0.009300956 |
|    clip_fraction        | 0.103       |
|    clip_range           | 0.2         |
|    entropy_loss         | 5.04        |
|    explained_variance   | 0.984       |
|    learning_rate        | 0.000224    |
|    loss                 | 0.813       |
|    n_updates            | 1960        |
|    policy_gradient_loss | 0.00116     |
|    std                  | 0.0195      |
|    value_loss           | 1.13        |
-----------------------------------------
----------------------------------------
| rollout/                |            |
|    ep_len_mean          | 2e+03      |
|    ep_rew_mean          | 3.3e+03    |
| time/                   |            |
|    fps                  | 1654       |
|    iterations           | 198        |
|    time_elapsed         | 4656       |
|    total_timesteps      | 7704576    |
| train/                  |            |
|    approx_kl            | 0.00874913 |
|    clip_fraction        | 0.107      |
|    clip_range           | 0.2        |
|    entropy_loss         | 5.03       |
|    explained_variance   | 0.985      |
|    learning_rate        | 0.000223   |
|    loss                 | 0.587      |
|    n_updates            | 1970       |
|    policy_gradient_loss | 0.000872   |
|    std                  | 0.0197     |
|    value_loss           | 1.4        |
----------------------------------------
-----------------------------------------
| rollout/                |             |
|    ep_len_mean          | 2e+03       |
|    ep_rew_mean          | 3.3e+03     |
| time/                   |             |
|    fps                  | 1660        |
|    iterations           | 199         |
|    time_elapsed         | 4663        |
|    total_timesteps      | 7743488     |
| train/                  |             |
|    approx_kl            | 0.009873598 |
|    clip_fraction        | 0.109       |
|    clip_range           | 0.2         |
|    entropy_loss         | 5.01        |
|    explained_variance   | 0.99        |
|    learning_rate        | 0.000223    |
|    loss                 | 0.574       |
|    n_updates            | 1980        |
|    policy_gradient_loss | 0.000583    |
|    std                  | 0.0198      |
|    value_loss           | 1.04        |
-----------------------------------------
-----------------------------------------
| rollout/                |             |
|    ep_len_mean          | 2e+03       |
|    ep_rew_mean          | 3.28e+03    |
| time/                   |             |
|    fps                  | 1666        |
|    iterations           | 200         |
|    time_elapsed         | 4669        |
|    total_timesteps      | 7782400     |
| train/                  |             |
|    approx_kl            | 0.008163114 |
|    clip_fraction        | 0.111       |
|    clip_range           | 0.2         |
|    entropy_loss         | 5.01        |
|    explained_variance   | 0.988       |
|    learning_rate        | 0.000223    |
|    loss                 | 0.763       |
|    n_updates            | 1990        |
|    policy_gradient_loss | 0.0016      |
|    std                  | 0.0198      |
|    value_loss           | 0.934       |
-----------------------------------------
Eval num_timesteps=7790000, episode_reward=1650.44 +/- 1105.59
Episode length: 2000.00 +/- 0.00
----------------------------------------
| eval/                   |            |
|    mean_ep_length       | 2e+03      |
|    mean_reward          | 1.65e+03   |
| time/                   |            |
|    total_timesteps      | 7790000    |
| train/                  |            |
|    approx_kl            | 0.00817974 |
|    clip_fraction        | 0.109      |
|    clip_range           | 0.2        |
|    entropy_loss         | 5          |
|    explained_variance   | 0.986      |
|    learning_rate        | 0.000222   |
|    loss                 | 0.467      |
|    n_updates            | 2000       |
|    policy_gradient_loss | 0.0009     |
|    std                  | 0.0199     |
|    value_loss           | 1.08       |
----------------------------------------
---------------------------------
| rollout/           |          |
|    ep_len_mean     | 2e+03    |
|    ep_rew_mean     | 3.29e+03 |
| time/              |          |
|    fps             | 1665     |
|    iterations      | 201      |
|    time_elapsed    | 4695     |
|    total_timesteps | 7821312  |
---------------------------------
-----------------------------------------
| rollout/                |             |
|    ep_len_mean          | 2e+03       |
|    ep_rew_mean          | 3.27e+03    |
| time/                   |             |
|    fps                  | 1671        |
|    iterations           | 202         |
|    time_elapsed         | 4701        |
|    total_timesteps      | 7860224     |
| train/                  |             |
|    approx_kl            | 0.007898522 |
|    clip_fraction        | 0.0984      |
|    clip_range           | 0.2         |
|    entropy_loss         | 4.98        |
|    explained_variance   | 0.988       |
|    learning_rate        | 0.000222    |
|    loss                 | 0.53        |
|    n_updates            | 2010        |
|    policy_gradient_loss | 0.00131     |
|    std                  | 0.0201      |
|    value_loss           | 0.98        |
-----------------------------------------
------------------------------------------
| rollout/                |              |
|    ep_len_mean          | 2e+03        |
|    ep_rew_mean          | 3.27e+03     |
| time/                   |              |
|    fps                  | 1677         |
|    iterations           | 203          |
|    time_elapsed         | 4708         |
|    total_timesteps      | 7899136      |
| train/                  |              |
|    approx_kl            | 0.0072132545 |
|    clip_fraction        | 0.1          |
|    clip_range           | 0.2          |
|    entropy_loss         | 4.98         |
|    explained_variance   | 0.986        |
|    learning_rate        | 0.000221     |
|    loss                 | 0.457        |
|    n_updates            | 2020         |
|    policy_gradient_loss | 0.00177      |
|    std                  | 0.0201       |
|    value_loss           | 1.05         |
------------------------------------------
------------------------------------------
| rollout/                |              |
|    ep_len_mean          | 2e+03        |
|    ep_rew_mean          | 3.27e+03     |
| time/                   |              |
|    fps                  | 1683         |
|    iterations           | 204          |
|    time_elapsed         | 4714         |
|    total_timesteps      | 7938048      |
| train/                  |              |
|    approx_kl            | 0.0079811085 |
|    clip_fraction        | 0.111        |
|    clip_range           | 0.2          |
|    entropy_loss         | 4.97         |
|    explained_variance   | 0.985        |
|    learning_rate        | 0.000221     |
|    loss                 | 0.6          |
|    n_updates            | 2030         |
|    policy_gradient_loss | 0.00108      |
|    std                  | 0.0202       |
|    value_loss           | 1.42         |
------------------------------------------
-----------------------------------------
| rollout/                |             |
|    ep_len_mean          | 2e+03       |
|    ep_rew_mean          | 3.28e+03    |
| time/                   |             |
|    fps                  | 1689        |
|    iterations           | 205         |
|    time_elapsed         | 4721        |
|    total_timesteps      | 7976960     |
| train/                  |             |
|    approx_kl            | 0.009937889 |
|    clip_fraction        | 0.107       |
|    clip_range           | 0.2         |
|    entropy_loss         | 4.96        |
|    explained_variance   | 0.977       |
|    learning_rate        | 0.000221    |
|    loss                 | 0.681       |
|    n_updates            | 2040        |
|    policy_gradient_loss | 0.0017      |
|    std                  | 0.0202      |
|    value_loss           | 1.46        |
-----------------------------------------
Eval num_timesteps=7980000, episode_reward=1763.64 +/- 1084.90
Episode length: 2000.00 +/- 0.00
-----------------------------------------
| eval/                   |             |
|    mean_ep_length       | 2e+03       |
|    mean_reward          | 1.76e+03    |
| time/                   |             |
|    total_timesteps      | 7980000     |
| train/                  |             |
|    approx_kl            | 0.007822348 |
|    clip_fraction        | 0.107       |
|    clip_range           | 0.2         |
|    entropy_loss         | 4.96        |
|    explained_variance   | 0.98        |
|    learning_rate        | 0.00022     |
|    loss                 | 0.523       |
|    n_updates            | 2050        |
|    policy_gradient_loss | 0.000716    |
|    std                  | 0.0204      |
|    value_loss           | 1.6         |
-----------------------------------------
---------------------------------
| rollout/           |          |
|    ep_len_mean     | 2e+03    |
|    ep_rew_mean     | 3.28e+03 |
| time/              |          |
|    fps             | 1688     |
|    iterations      | 206      |
|    time_elapsed    | 4746     |
|    total_timesteps | 8015872  |
---------------------------------
-----------------------------------------
| rollout/                |             |
|    ep_len_mean          | 2e+03       |
|    ep_rew_mean          | 3.29e+03    |
| time/                   |             |
|    fps                  | 1694        |
|    iterations           | 207         |
|    time_elapsed         | 4752        |
|    total_timesteps      | 8054784     |
| train/                  |             |
|    approx_kl            | 0.010071071 |
|    clip_fraction        | 0.1         |
|    clip_range           | 0.2         |
|    entropy_loss         | 4.95        |
|    explained_variance   | 0.985       |
|    learning_rate        | 0.00022     |
|    loss                 | 0.714       |
|    n_updates            | 2060        |
|    policy_gradient_loss | 0.00138     |
|    std                  | 0.0204      |
|    value_loss           | 1.37        |
-----------------------------------------
------------------------------------------
| rollout/                |              |
|    ep_len_mean          | 2e+03        |
|    ep_rew_mean          | 3.29e+03     |
| time/                   |              |
|    fps                  | 1700         |
|    iterations           | 208          |
|    time_elapsed         | 4759         |
|    total_timesteps      | 8093696      |
| train/                  |              |
|    approx_kl            | 0.0080828825 |
|    clip_fraction        | 0.106        |
|    clip_range           | 0.2          |
|    entropy_loss         | 4.95         |
|    explained_variance   | 0.977        |
|    learning_rate        | 0.000219     |
|    loss                 | 0.997        |
|    n_updates            | 2070         |
|    policy_gradient_loss | 0.000832     |
|    std                  | 0.0205       |
|    value_loss           | 1.55         |
------------------------------------------
----------------------------------------
| rollout/                |            |
|    ep_len_mean          | 2e+03      |
|    ep_rew_mean          | 3.28e+03   |
| time/                   |            |
|    fps                  | 1706       |
|    iterations           | 209        |
|    time_elapsed         | 4765       |
|    total_timesteps      | 8132608    |
| train/                  |            |
|    approx_kl            | 0.00794103 |
|    clip_fraction        | 0.102      |
|    clip_range           | 0.2        |
|    entropy_loss         | 4.93       |
|    explained_variance   | 0.987      |
|    learning_rate        | 0.000219   |
|    loss                 | 1.19       |
|    n_updates            | 2080       |
|    policy_gradient_loss | 0.00157    |
|    std                  | 0.0206     |
|    value_loss           | 1.37       |
----------------------------------------
Eval num_timesteps=8170000, episode_reward=1720.80 +/- 1110.61
Episode length: 2000.00 +/- 0.00
-----------------------------------------
| eval/                   |             |
|    mean_ep_length       | 2e+03       |
|    mean_reward          | 1.72e+03    |
| time/                   |             |
|    total_timesteps      | 8170000     |
| train/                  |             |
|    approx_kl            | 0.008993148 |
|    clip_fraction        | 0.101       |
|    clip_range           | 0.2         |
|    entropy_loss         | 4.92        |
|    explained_variance   | 0.985       |
|    learning_rate        | 0.000219    |
|    loss                 | 0.398       |
|    n_updates            | 2090        |
|    policy_gradient_loss | 0.00194     |
|    std                  | 0.0207      |
|    value_loss           | 1.09        |
-----------------------------------------
---------------------------------
| rollout/           |          |
|    ep_len_mean     | 2e+03    |
|    ep_rew_mean     | 3.28e+03 |
| time/              |          |
|    fps             | 1705     |
|    iterations      | 210      |
|    time_elapsed    | 4790     |
|    total_timesteps | 8171520  |
---------------------------------
------------------------------------------
| rollout/                |              |
|    ep_len_mean          | 2e+03        |
|    ep_rew_mean          | 3.27e+03     |
| time/                   |              |
|    fps                  | 1711         |
|    iterations           | 211          |
|    time_elapsed         | 4797         |
|    total_timesteps      | 8210432      |
| train/                  |              |
|    approx_kl            | 0.0075990777 |
|    clip_fraction        | 0.103        |
|    clip_range           | 0.2          |
|    entropy_loss         | 4.91         |
|    explained_variance   | 0.979        |
|    learning_rate        | 0.000218     |
|    loss                 | 0.641        |
|    n_updates            | 2100         |
|    policy_gradient_loss | 0.00135      |
|    std                  | 0.0208       |
|    value_loss           | 1.45         |
------------------------------------------
---------------------------------------
| rollout/                |           |
|    ep_len_mean          | 2e+03     |
|    ep_rew_mean          | 3.25e+03  |
| time/                   |           |
|    fps                  | 1717      |
|    iterations           | 212       |
|    time_elapsed         | 4803      |
|    total_timesteps      | 8249344   |
| train/                  |           |
|    approx_kl            | 0.0096068 |
|    clip_fraction        | 0.0967    |
|    clip_range           | 0.2       |
|    entropy_loss         | 4.91      |
|    explained_variance   | 0.98      |
|    learning_rate        | 0.000218  |
|    loss                 | 0.635     |
|    n_updates            | 2110      |
|    policy_gradient_loss | 0.00127   |
|    std                  | 0.0208    |
|    value_loss           | 1.76      |
---------------------------------------
-----------------------------------------
| rollout/                |             |
|    ep_len_mean          | 2e+03       |
|    ep_rew_mean          | 3.24e+03    |
| time/                   |             |
|    fps                  | 1723        |
|    iterations           | 213         |
|    time_elapsed         | 4810        |
|    total_timesteps      | 8288256     |
| train/                  |             |
|    approx_kl            | 0.008160505 |
|    clip_fraction        | 0.108       |
|    clip_range           | 0.2         |
|    entropy_loss         | 4.9         |
|    explained_variance   | 0.989       |
|    learning_rate        | 0.000218    |
|    loss                 | 0.98        |
|    n_updates            | 2120        |
|    policy_gradient_loss | 0.00143     |
|    std                  | 0.021       |
|    value_loss           | 1.32        |
-----------------------------------------
-----------------------------------------
| rollout/                |             |
|    ep_len_mean          | 2e+03       |
|    ep_rew_mean          | 3.25e+03    |
| time/                   |             |
|    fps                  | 1728        |
|    iterations           | 214         |
|    time_elapsed         | 4816        |
|    total_timesteps      | 8327168     |
| train/                  |             |
|    approx_kl            | 0.008845279 |
|    clip_fraction        | 0.108       |
|    clip_range           | 0.2         |
|    entropy_loss         | 4.89        |
|    explained_variance   | 0.987       |
|    learning_rate        | 0.000217    |
|    loss                 | 1.03        |
|    n_updates            | 2130        |
|    policy_gradient_loss | 0.000853    |
|    std                  | 0.021       |
|    value_loss           | 1.37        |
-----------------------------------------
Eval num_timesteps=8360000, episode_reward=1739.90 +/- 1136.57
Episode length: 1997.25 +/- 11.99
-----------------------------------------
| eval/                   |             |
|    mean_ep_length       | 2e+03       |
|    mean_reward          | 1.74e+03    |
| time/                   |             |
|    total_timesteps      | 8360000     |
| train/                  |             |
|    approx_kl            | 0.009003711 |
|    clip_fraction        | 0.108       |
|    clip_range           | 0.2         |
|    entropy_loss         | 4.89        |
|    explained_variance   | 0.983       |
|    learning_rate        | 0.000217    |
|    loss                 | 1.16        |
|    n_updates            | 2140        |
|    policy_gradient_loss | 0.000883    |
|    std                  | 0.0211      |
|    value_loss           | 1.52        |
-----------------------------------------
---------------------------------
| rollout/           |          |
|    ep_len_mean     | 2e+03    |
|    ep_rew_mean     | 3.26e+03 |
| time/              |          |
|    fps             | 1727     |
|    iterations      | 215      |
|    time_elapsed    | 4841     |
|    total_timesteps | 8366080  |
---------------------------------
-----------------------------------------
| rollout/                |             |
|    ep_len_mean          | 2e+03       |
|    ep_rew_mean          | 3.24e+03    |
| time/                   |             |
|    fps                  | 1733        |
|    iterations           | 216         |
|    time_elapsed         | 4848        |
|    total_timesteps      | 8404992     |
| train/                  |             |
|    approx_kl            | 0.007537499 |
|    clip_fraction        | 0.103       |
|    clip_range           | 0.2         |
|    entropy_loss         | 4.89        |
|    explained_variance   | 0.982       |
|    learning_rate        | 0.000216    |
|    loss                 | 0.671       |
|    n_updates            | 2150        |
|    policy_gradient_loss | 0.000468    |
|    std                  | 0.021       |
|    value_loss           | 1.74        |
-----------------------------------------
----------------------------------------
| rollout/                |            |
|    ep_len_mean          | 2e+03      |
|    ep_rew_mean          | 3.24e+03   |
| time/                   |            |
|    fps                  | 1739       |
|    iterations           | 217        |
|    time_elapsed         | 4854       |
|    total_timesteps      | 8443904    |
| train/                  |            |
|    approx_kl            | 0.00809763 |
|    clip_fraction        | 0.109      |
|    clip_range           | 0.2        |
|    entropy_loss         | 4.9        |
|    explained_variance   | 0.989      |
|    learning_rate        | 0.000216   |
|    loss                 | 0.589      |
|    n_updates            | 2160       |
|    policy_gradient_loss | 0.00176    |
|    std                  | 0.0209     |
|    value_loss           | 1.36       |
----------------------------------------
-----------------------------------------
| rollout/                |             |
|    ep_len_mean          | 2e+03       |
|    ep_rew_mean          | 3.25e+03    |
| time/                   |             |
|    fps                  | 1744        |
|    iterations           | 218         |
|    time_elapsed         | 4861        |
|    total_timesteps      | 8482816     |
| train/                  |             |
|    approx_kl            | 0.009440696 |
|    clip_fraction        | 0.115       |
|    clip_range           | 0.2         |
|    entropy_loss         | 4.9         |
|    explained_variance   | 0.99        |
|    learning_rate        | 0.000216    |
|    loss                 | 0.432       |
|    n_updates            | 2170        |
|    policy_gradient_loss | 0.00396     |
|    std                  | 0.0209      |
|    value_loss           | 1.33        |
-----------------------------------------
---------------------------------------
| rollout/                |           |
|    ep_len_mean          | 2e+03     |
|    ep_rew_mean          | 3.24e+03  |
| time/                   |           |
|    fps                  | 1750      |
|    iterations           | 219       |
|    time_elapsed         | 4867      |
|    total_timesteps      | 8521728   |
| train/                  |           |
|    approx_kl            | 0.0095997 |
|    clip_fraction        | 0.111     |
|    clip_range           | 0.2       |
|    entropy_loss         | 4.89      |
|    explained_variance   | 0.985     |
|    learning_rate        | 0.000215  |
|    loss                 | 0.708     |
|    n_updates            | 2180      |
|    policy_gradient_loss | 0.00113   |
|    std                  | 0.021     |
|    value_loss           | 1.58      |
---------------------------------------
Eval num_timesteps=8550000, episode_reward=1713.18 +/- 1189.36
Episode length: 2000.00 +/- 0.00
-----------------------------------------
| eval/                   |             |
|    mean_ep_length       | 2e+03       |
|    mean_reward          | 1.71e+03    |
| time/                   |             |
|    total_timesteps      | 8550000     |
| train/                  |             |
|    approx_kl            | 0.009336824 |
|    clip_fraction        | 0.11        |
|    clip_range           | 0.2         |
|    entropy_loss         | 4.88        |
|    explained_variance   | 0.984       |
|    learning_rate        | 0.000215    |
|    loss                 | 0.694       |
|    n_updates            | 2190        |
|    policy_gradient_loss | 0.000942    |
|    std                  | 0.0211      |
|    value_loss           | 1.77        |
-----------------------------------------
---------------------------------
| rollout/           |          |
|    ep_len_mean     | 2e+03    |
|    ep_rew_mean     | 3.21e+03 |
| time/              |          |
|    fps             | 1749     |
|    iterations      | 220      |
|    time_elapsed    | 4892     |
|    total_timesteps | 8560640  |
---------------------------------
-----------------------------------------
| rollout/                |             |
|    ep_len_mean          | 2e+03       |
|    ep_rew_mean          | 3.19e+03    |
| time/                   |             |
|    fps                  | 1755        |
|    iterations           | 221         |
|    time_elapsed         | 4899        |
|    total_timesteps      | 8599552     |
| train/                  |             |
|    approx_kl            | 0.009069692 |
|    clip_fraction        | 0.105       |
|    clip_range           | 0.2         |
|    entropy_loss         | 4.87        |
|    explained_variance   | 0.984       |
|    learning_rate        | 0.000214    |
|    loss                 | 1.71        |
|    n_updates            | 2200        |
|    policy_gradient_loss | 0.000142    |
|    std                  | 0.0213      |
|    value_loss           | 2.22        |
-----------------------------------------
----------------------------------------
| rollout/                |            |
|    ep_len_mean          | 2e+03      |
|    ep_rew_mean          | 3.21e+03   |
| time/                   |            |
|    fps                  | 1761       |
|    iterations           | 222        |
|    time_elapsed         | 4905       |
|    total_timesteps      | 8638464    |
| train/                  |            |
|    approx_kl            | 0.00847934 |
|    clip_fraction        | 0.1        |
|    clip_range           | 0.2        |
|    entropy_loss         | 4.86       |
|    explained_variance   | 0.989      |
|    learning_rate        | 0.000214   |
|    loss                 | 1.1        |
|    n_updates            | 2210       |
|    policy_gradient_loss | 0.00109    |
|    std                  | 0.0214     |
|    value_loss           | 1.55       |
----------------------------------------
-----------------------------------------
| rollout/                |             |
|    ep_len_mean          | 2e+03       |
|    ep_rew_mean          | 3.2e+03     |
| time/                   |             |
|    fps                  | 1766        |
|    iterations           | 223         |
|    time_elapsed         | 4911        |
|    total_timesteps      | 8677376     |
| train/                  |             |
|    approx_kl            | 0.008596718 |
|    clip_fraction        | 0.103       |
|    clip_range           | 0.2         |
|    entropy_loss         | 4.85        |
|    explained_variance   | 0.987       |
|    learning_rate        | 0.000214    |
|    loss                 | 1.16        |
|    n_updates            | 2220        |
|    policy_gradient_loss | 0.000998    |
|    std                  | 0.0215      |
|    value_loss           | 2.03        |
-----------------------------------------
-----------------------------------------
| rollout/                |             |
|    ep_len_mean          | 2e+03       |
|    ep_rew_mean          | 3.19e+03    |
| time/                   |             |
|    fps                  | 1772        |
|    iterations           | 224         |
|    time_elapsed         | 4918        |
|    total_timesteps      | 8716288     |
| train/                  |             |
|    approx_kl            | 0.007576192 |
|    clip_fraction        | 0.106       |
|    clip_range           | 0.2         |
|    entropy_loss         | 4.85        |
|    explained_variance   | 0.976       |
|    learning_rate        | 0.000213    |
|    loss                 | 1.53        |
|    n_updates            | 2230        |
|    policy_gradient_loss | 0.000785    |
|    std                  | 0.0215      |
|    value_loss           | 2.87        |
-----------------------------------------
Eval num_timesteps=8740000, episode_reward=1770.19 +/- 1220.17
Episode length: 2000.00 +/- 0.00
----------------------------------------
| eval/                   |            |
|    mean_ep_length       | 2e+03      |
|    mean_reward          | 1.77e+03   |
| time/                   |            |
|    total_timesteps      | 8740000    |
| train/                  |            |
|    approx_kl            | 0.00966377 |
|    clip_fraction        | 0.105      |
|    clip_range           | 0.2        |
|    entropy_loss         | 4.83       |
|    explained_variance   | 0.983      |
|    learning_rate        | 0.000213   |
|    loss                 | 1.02       |
|    n_updates            | 2240       |
|    policy_gradient_loss | 0.000407   |
|    std                  | 0.0216     |
|    value_loss           | 1.86       |
----------------------------------------
---------------------------------
| rollout/           |          |
|    ep_len_mean     | 2e+03    |
|    ep_rew_mean     | 3.18e+03 |
| time/              |          |
|    fps             | 1771     |
|    iterations      | 225      |
|    time_elapsed    | 4943     |
|    total_timesteps | 8755200  |
---------------------------------
-----------------------------------------
| rollout/                |             |
|    ep_len_mean          | 2e+03       |
|    ep_rew_mean          | 3.19e+03    |
| time/                   |             |
|    fps                  | 1776        |
|    iterations           | 226         |
|    time_elapsed         | 4949        |
|    total_timesteps      | 8794112     |
| train/                  |             |
|    approx_kl            | 0.009723915 |
|    clip_fraction        | 0.111       |
|    clip_range           | 0.2         |
|    entropy_loss         | 4.82        |
|    explained_variance   | 0.984       |
|    learning_rate        | 0.000212    |
|    loss                 | 0.636       |
|    n_updates            | 2250        |
|    policy_gradient_loss | 0.00127     |
|    std                  | 0.0217      |
|    value_loss           | 1.87        |
-----------------------------------------
-----------------------------------------
| rollout/                |             |
|    ep_len_mean          | 2e+03       |
|    ep_rew_mean          | 3.16e+03    |
| time/                   |             |
|    fps                  | 1782        |
|    iterations           | 227         |
|    time_elapsed         | 4956        |
|    total_timesteps      | 8833024     |
| train/                  |             |
|    approx_kl            | 0.008232194 |
|    clip_fraction        | 0.101       |
|    clip_range           | 0.2         |
|    entropy_loss         | 4.82        |
|    explained_variance   | 0.982       |
|    learning_rate        | 0.000212    |
|    loss                 | 1.16        |
|    n_updates            | 2260        |
|    policy_gradient_loss | 0.00129     |
|    std                  | 0.0217      |
|    value_loss           | 1.85        |
-----------------------------------------
-----------------------------------------
| rollout/                |             |
|    ep_len_mean          | 2e+03       |
|    ep_rew_mean          | 3.11e+03    |
| time/                   |             |
|    fps                  | 1787        |
|    iterations           | 228         |
|    time_elapsed         | 4962        |
|    total_timesteps      | 8871936     |
| train/                  |             |
|    approx_kl            | 0.007885206 |
|    clip_fraction        | 0.104       |
|    clip_range           | 0.2         |
|    entropy_loss         | 4.81        |
|    explained_variance   | 0.986       |
|    learning_rate        | 0.000212    |
|    loss                 | 0.775       |
|    n_updates            | 2270        |
|    policy_gradient_loss | 6.67e-05    |
|    std                  | 0.0219      |
|    value_loss           | 1.73        |
-----------------------------------------
-----------------------------------------
| rollout/                |             |
|    ep_len_mean          | 2e+03       |
|    ep_rew_mean          | 3.1e+03     |
| time/                   |             |
|    fps                  | 1793        |
|    iterations           | 229         |
|    time_elapsed         | 4969        |
|    total_timesteps      | 8910848     |
| train/                  |             |
|    approx_kl            | 0.008719291 |
|    clip_fraction        | 0.102       |
|    clip_range           | 0.2         |
|    entropy_loss         | 4.8         |
|    explained_variance   | 0.989       |
|    learning_rate        | 0.000211    |
|    loss                 | 0.654       |
|    n_updates            | 2280        |
|    policy_gradient_loss | 0.000726    |
|    std                  | 0.022       |
|    value_loss           | 1.76        |
-----------------------------------------
Eval num_timesteps=8930000, episode_reward=1834.02 +/- 1144.70
Episode length: 2000.00 +/- 0.00
-----------------------------------------
| eval/                   |             |
|    mean_ep_length       | 2e+03       |
|    mean_reward          | 1.83e+03    |
| time/                   |             |
|    total_timesteps      | 8930000     |
| train/                  |             |
|    approx_kl            | 0.009038955 |
|    clip_fraction        | 0.103       |
|    clip_range           | 0.2         |
|    entropy_loss         | 4.8         |
|    explained_variance   | 0.99        |
|    learning_rate        | 0.000211    |
|    loss                 | 0.77        |
|    n_updates            | 2290        |
|    policy_gradient_loss | 0.00149     |
|    std                  | 0.022       |
|    value_loss           | 1.51        |
-----------------------------------------
---------------------------------
| rollout/           |          |
|    ep_len_mean     | 2e+03    |
|    ep_rew_mean     | 3.1e+03  |
| time/              |          |
|    fps             | 1791     |
|    iterations      | 230      |
|    time_elapsed    | 4994     |
|    total_timesteps | 8949760  |
---------------------------------
-----------------------------------------
| rollout/                |             |
|    ep_len_mean          | 2e+03       |
|    ep_rew_mean          | 3.1e+03     |
| time/                   |             |
|    fps                  | 1797        |
|    iterations           | 231         |
|    time_elapsed         | 5001        |
|    total_timesteps      | 8988672     |
| train/                  |             |
|    approx_kl            | 0.009659327 |
|    clip_fraction        | 0.104       |
|    clip_range           | 0.2         |
|    entropy_loss         | 4.79        |
|    explained_variance   | 0.99        |
|    learning_rate        | 0.000211    |
|    loss                 | 1.01        |
|    n_updates            | 2300        |
|    policy_gradient_loss | 0.00127     |
|    std                  | 0.0222      |
|    value_loss           | 1.6         |
-----------------------------------------
-----------------------------------------
| rollout/                |             |
|    ep_len_mean          | 2e+03       |
|    ep_rew_mean          | 3.12e+03    |
| time/                   |             |
|    fps                  | 1802        |
|    iterations           | 232         |
|    time_elapsed         | 5007        |
|    total_timesteps      | 9027584     |
| train/                  |             |
|    approx_kl            | 0.008472974 |
|    clip_fraction        | 0.0981      |
|    clip_range           | 0.2         |
|    entropy_loss         | 4.77        |
|    explained_variance   | 0.984       |
|    learning_rate        | 0.00021     |
|    loss                 | 0.819       |
|    n_updates            | 2310        |
|    policy_gradient_loss | 0.000586    |
|    std                  | 0.0223      |
|    value_loss           | 1.91        |
-----------------------------------------
-----------------------------------------
| rollout/                |             |
|    ep_len_mean          | 2e+03       |
|    ep_rew_mean          | 3.13e+03    |
| time/                   |             |
|    fps                  | 1808        |
|    iterations           | 233         |
|    time_elapsed         | 5013        |
|    total_timesteps      | 9066496     |
| train/                  |             |
|    approx_kl            | 0.007513092 |
|    clip_fraction        | 0.0977      |
|    clip_range           | 0.2         |
|    entropy_loss         | 4.77        |
|    explained_variance   | 0.981       |
|    learning_rate        | 0.00021     |
|    loss                 | 2.21        |
|    n_updates            | 2320        |
|    policy_gradient_loss | 0.00127     |
|    std                  | 0.0223      |
|    value_loss           | 2.62        |
-----------------------------------------
-----------------------------------------
| rollout/                |             |
|    ep_len_mean          | 2e+03       |
|    ep_rew_mean          | 3.13e+03    |
| time/                   |             |
|    fps                  | 1813        |
|    iterations           | 234         |
|    time_elapsed         | 5020        |
|    total_timesteps      | 9105408     |
| train/                  |             |
|    approx_kl            | 0.007816617 |
|    clip_fraction        | 0.0992      |
|    clip_range           | 0.2         |
|    entropy_loss         | 4.75        |
|    explained_variance   | 0.988       |
|    learning_rate        | 0.000209    |
|    loss                 | 0.852       |
|    n_updates            | 2330        |
|    policy_gradient_loss | 0.000577    |
|    std                  | 0.0225      |
|    value_loss           | 1.81        |
-----------------------------------------
Eval num_timesteps=9120000, episode_reward=1901.49 +/- 1113.20
Episode length: 2000.00 +/- 0.00
-----------------------------------------
| eval/                   |             |
|    mean_ep_length       | 2e+03       |
|    mean_reward          | 1.9e+03     |
| time/                   |             |
|    total_timesteps      | 9120000     |
| train/                  |             |
|    approx_kl            | 0.008233502 |
|    clip_fraction        | 0.092       |
|    clip_range           | 0.2         |
|    entropy_loss         | 4.75        |
|    explained_variance   | 0.987       |
|    learning_rate        | 0.000209    |
|    loss                 | 1.11        |
|    n_updates            | 2340        |
|    policy_gradient_loss | -1.5e-05    |
|    std                  | 0.0225      |
|    value_loss           | 2.1         |
-----------------------------------------
New best mean reward!
---------------------------------
| rollout/           |          |
|    ep_len_mean     | 2e+03    |
|    ep_rew_mean     | 3.17e+03 |
| time/              |          |
|    fps             | 1812     |
|    iterations      | 235      |
|    time_elapsed    | 5045     |
|    total_timesteps | 9144320  |
---------------------------------
-----------------------------------------
| rollout/                |             |
|    ep_len_mean          | 2e+03       |
|    ep_rew_mean          | 3.14e+03    |
| time/                   |             |
|    fps                  | 1817        |
|    iterations           | 236         |
|    time_elapsed         | 5051        |
|    total_timesteps      | 9183232     |
| train/                  |             |
|    approx_kl            | 0.007983017 |
|    clip_fraction        | 0.0941      |
|    clip_range           | 0.2         |
|    entropy_loss         | 4.75        |
|    explained_variance   | 0.985       |
|    learning_rate        | 0.000209    |
|    loss                 | 1.09        |
|    n_updates            | 2350        |
|    policy_gradient_loss | 0.000337    |
|    std                  | 0.0225      |
|    value_loss           | 2.34        |
-----------------------------------------
-----------------------------------------
| rollout/                |             |
|    ep_len_mean          | 2e+03       |
|    ep_rew_mean          | 3.14e+03    |
| time/                   |             |
|    fps                  | 1822        |
|    iterations           | 237         |
|    time_elapsed         | 5058        |
|    total_timesteps      | 9222144     |
| train/                  |             |
|    approx_kl            | 0.007950532 |
|    clip_fraction        | 0.0996      |
|    clip_range           | 0.2         |
|    entropy_loss         | 4.74        |
|    explained_variance   | 0.983       |
|    learning_rate        | 0.000208    |
|    loss                 | 0.663       |
|    n_updates            | 2360        |
|    policy_gradient_loss | 0.00106     |
|    std                  | 0.0226      |
|    value_loss           | 2.53        |
-----------------------------------------
------------------------------------------
| rollout/                |              |
|    ep_len_mean          | 2e+03        |
|    ep_rew_mean          | 3.12e+03     |
| time/                   |              |
|    fps                  | 1828         |
|    iterations           | 238          |
|    time_elapsed         | 5065         |
|    total_timesteps      | 9261056      |
| train/                  |              |
|    approx_kl            | 0.0077650603 |
|    clip_fraction        | 0.105        |
|    clip_range           | 0.2          |
|    entropy_loss         | 4.74         |
|    explained_variance   | 0.988        |
|    learning_rate        | 0.000208     |
|    loss                 | 0.86         |
|    n_updates            | 2370         |
|    policy_gradient_loss | 0.000302     |
|    std                  | 0.0226       |
|    value_loss           | 1.97         |
------------------------------------------
-----------------------------------------
| rollout/                |             |
|    ep_len_mean          | 2e+03       |
|    ep_rew_mean          | 3.09e+03    |
| time/                   |             |
|    fps                  | 1833        |
|    iterations           | 239         |
|    time_elapsed         | 5071        |
|    total_timesteps      | 9299968     |
| train/                  |             |
|    approx_kl            | 0.007152984 |
|    clip_fraction        | 0.0904      |
|    clip_range           | 0.2         |
|    entropy_loss         | 4.74        |
|    explained_variance   | 0.991       |
|    learning_rate        | 0.000207    |
|    loss                 | 1.1         |
|    n_updates            | 2380        |
|    policy_gradient_loss | 0.00189     |
|    std                  | 0.0227      |
|    value_loss           | 1.21        |
-----------------------------------------
Eval num_timesteps=9310000, episode_reward=1943.54 +/- 1136.34
Episode length: 2000.00 +/- 0.00
-----------------------------------------
| eval/                   |             |
|    mean_ep_length       | 2e+03       |
|    mean_reward          | 1.94e+03    |
| time/                   |             |
|    total_timesteps      | 9310000     |
| train/                  |             |
|    approx_kl            | 0.007833026 |
|    clip_fraction        | 0.106       |
|    clip_range           | 0.2         |
|    entropy_loss         | 4.74        |
|    explained_variance   | 0.991       |
|    learning_rate        | 0.000207    |
|    loss                 | 0.667       |
|    n_updates            | 2390        |
|    policy_gradient_loss | 0.000369    |
|    std                  | 0.0226      |
|    value_loss           | 1.88        |
-----------------------------------------
New best mean reward!
---------------------------------
| rollout/           |          |
|    ep_len_mean     | 2e+03    |
|    ep_rew_mean     | 3.07e+03 |
| time/              |          |
|    fps             | 1832     |
|    iterations      | 240      |
|    time_elapsed    | 5096     |
|    total_timesteps | 9338880  |
---------------------------------
-----------------------------------------
| rollout/                |             |
|    ep_len_mean          | 2e+03       |
|    ep_rew_mean          | 3.07e+03    |
| time/                   |             |
|    fps                  | 1837        |
|    iterations           | 241         |
|    time_elapsed         | 5103        |
|    total_timesteps      | 9377792     |
| train/                  |             |
|    approx_kl            | 0.007470162 |
|    clip_fraction        | 0.0933      |
|    clip_range           | 0.2         |
|    entropy_loss         | 4.73        |
|    explained_variance   | 0.987       |
|    learning_rate        | 0.000207    |
|    loss                 | 1.87        |
|    n_updates            | 2400        |
|    policy_gradient_loss | 0.000552    |
|    std                  | 0.0228      |
|    value_loss           | 2.63        |
-----------------------------------------
------------------------------------------
| rollout/                |              |
|    ep_len_mean          | 2e+03        |
|    ep_rew_mean          | 3.05e+03     |
| time/                   |              |
|    fps                  | 1842         |
|    iterations           | 242          |
|    time_elapsed         | 5109         |
|    total_timesteps      | 9416704      |
| train/                  |              |
|    approx_kl            | 0.0084412815 |
|    clip_fraction        | 0.108        |
|    clip_range           | 0.2          |
|    entropy_loss         | 4.73         |
|    explained_variance   | 0.991        |
|    learning_rate        | 0.000206     |
|    loss                 | 0.652        |
|    n_updates            | 2410         |
|    policy_gradient_loss | 0.00036      |
|    std                  | 0.0227       |
|    value_loss           | 1.63         |
------------------------------------------
-----------------------------------------
| rollout/                |             |
|    ep_len_mean          | 2e+03       |
|    ep_rew_mean          | 3.06e+03    |
| time/                   |             |
|    fps                  | 1848        |
|    iterations           | 243         |
|    time_elapsed         | 5116        |
|    total_timesteps      | 9455616     |
| train/                  |             |
|    approx_kl            | 0.008646717 |
|    clip_fraction        | 0.113       |
|    clip_range           | 0.2         |
|    entropy_loss         | 4.72        |
|    explained_variance   | 0.988       |
|    learning_rate        | 0.000206    |
|    loss                 | 0.919       |
|    n_updates            | 2420        |
|    policy_gradient_loss | 0.00027     |
|    std                  | 0.0229      |
|    value_loss           | 2.03        |
-----------------------------------------
-----------------------------------------
| rollout/                |             |
|    ep_len_mean          | 2e+03       |
|    ep_rew_mean          | 3.08e+03    |
| time/                   |             |
|    fps                  | 1853        |
|    iterations           | 244         |
|    time_elapsed         | 5122        |
|    total_timesteps      | 9494528     |
| train/                  |             |
|    approx_kl            | 0.008662305 |
|    clip_fraction        | 0.106       |
|    clip_range           | 0.2         |
|    entropy_loss         | 4.71        |
|    explained_variance   | 0.987       |
|    learning_rate        | 0.000205    |
|    loss                 | 0.957       |
|    n_updates            | 2430        |
|    policy_gradient_loss | 0.00126     |
|    std                  | 0.0231      |
|    value_loss           | 3.07        |
-----------------------------------------
Eval num_timesteps=9500000, episode_reward=1891.77 +/- 1268.61
Episode length: 2000.00 +/- 0.00
-----------------------------------------
| eval/                   |             |
|    mean_ep_length       | 2e+03       |
|    mean_reward          | 1.89e+03    |
| time/                   |             |
|    total_timesteps      | 9500000     |
| train/                  |             |
|    approx_kl            | 0.008344638 |
|    clip_fraction        | 0.101       |
|    clip_range           | 0.2         |
|    entropy_loss         | 4.7         |
|    explained_variance   | 0.984       |
|    learning_rate        | 0.000205    |
|    loss                 | 0.586       |
|    n_updates            | 2440        |
|    policy_gradient_loss | 0.000233    |
|    std                  | 0.0231      |
|    value_loss           | 3.24        |
-----------------------------------------
---------------------------------
| rollout/           |          |
|    ep_len_mean     | 2e+03    |
|    ep_rew_mean     | 3.07e+03 |
| time/              |          |
|    fps             | 1851     |
|    iterations      | 245      |
|    time_elapsed    | 5147     |
|    total_timesteps | 9533440  |
---------------------------------
------------------------------------------
| rollout/                |              |
|    ep_len_mean          | 2e+03        |
|    ep_rew_mean          | 3.07e+03     |
| time/                   |              |
|    fps                  | 1857         |
|    iterations           | 246          |
|    time_elapsed         | 5154         |
|    total_timesteps      | 9572352      |
| train/                  |              |
|    approx_kl            | 0.0076436903 |
|    clip_fraction        | 0.101        |
|    clip_range           | 0.2          |
|    entropy_loss         | 4.7          |
|    explained_variance   | 0.984        |
|    learning_rate        | 0.000205     |
|    loss                 | 1.05         |
|    n_updates            | 2450         |
|    policy_gradient_loss | 0.000575     |
|    std                  | 0.0231       |
|    value_loss           | 2.72         |
------------------------------------------
-----------------------------------------
| rollout/                |             |
|    ep_len_mean          | 2e+03       |
|    ep_rew_mean          | 3.06e+03    |
| time/                   |             |
|    fps                  | 1862        |
|    iterations           | 247         |
|    time_elapsed         | 5160        |
|    total_timesteps      | 9611264     |
| train/                  |             |
|    approx_kl            | 0.009919096 |
|    clip_fraction        | 0.0993      |
|    clip_range           | 0.2         |
|    entropy_loss         | 4.69        |
|    explained_variance   | 0.989       |
|    learning_rate        | 0.000204    |
|    loss                 | 0.663       |
|    n_updates            | 2460        |
|    policy_gradient_loss | 0.000714    |
|    std                  | 0.0232      |
|    value_loss           | 2.05        |
-----------------------------------------
-----------------------------------------
| rollout/                |             |
|    ep_len_mean          | 2e+03       |
|    ep_rew_mean          | 3.06e+03    |
| time/                   |             |
|    fps                  | 1867        |
|    iterations           | 248         |
|    time_elapsed         | 5166        |
|    total_timesteps      | 9650176     |
| train/                  |             |
|    approx_kl            | 0.008331768 |
|    clip_fraction        | 0.098       |
|    clip_range           | 0.2         |
|    entropy_loss         | 4.68        |
|    explained_variance   | 0.989       |
|    learning_rate        | 0.000204    |
|    loss                 | 1.14        |
|    n_updates            | 2470        |
|    policy_gradient_loss | 0.000365    |
|    std                  | 0.0234      |
|    value_loss           | 2.99        |
-----------------------------------------
-----------------------------------------
| rollout/                |             |
|    ep_len_mean          | 2e+03       |
|    ep_rew_mean          | 3.03e+03    |
| time/                   |             |
|    fps                  | 1872        |
|    iterations           | 249         |
|    time_elapsed         | 5173        |
|    total_timesteps      | 9689088     |
| train/                  |             |
|    approx_kl            | 0.009003829 |
|    clip_fraction        | 0.105       |
|    clip_range           | 0.2         |
|    entropy_loss         | 4.67        |
|    explained_variance   | 0.991       |
|    learning_rate        | 0.000203    |
|    loss                 | 1.7         |
|    n_updates            | 2480        |
|    policy_gradient_loss | 0.000849    |
|    std                  | 0.0234      |
|    value_loss           | 2.34        |
-----------------------------------------
Eval num_timesteps=9690000, episode_reward=1957.11 +/- 1176.08
Episode length: 2000.00 +/- 0.00
-----------------------------------------
| eval/                   |             |
|    mean_ep_length       | 2e+03       |
|    mean_reward          | 1.96e+03    |
| time/                   |             |
|    total_timesteps      | 9690000     |
| train/                  |             |
|    approx_kl            | 0.008705576 |
|    clip_fraction        | 0.104       |
|    clip_range           | 0.2         |
|    entropy_loss         | 4.67        |
|    explained_variance   | 0.984       |
|    learning_rate        | 0.000203    |
|    loss                 | 1.67        |
|    n_updates            | 2490        |
|    policy_gradient_loss | 0.00037     |
|    std                  | 0.0234      |
|    value_loss           | 3.8         |
-----------------------------------------
New best mean reward!
---------------------------------
| rollout/           |          |
|    ep_len_mean     | 2e+03    |
|    ep_rew_mean     | 3.06e+03 |
| time/              |          |
|    fps             | 1871     |
|    iterations      | 250      |
|    time_elapsed    | 5198     |
|    total_timesteps | 9728000  |
---------------------------------
-----------------------------------------
| rollout/                |             |
|    ep_len_mean          | 2e+03       |
|    ep_rew_mean          | 3.06e+03    |
| time/                   |             |
|    fps                  | 1876        |
|    iterations           | 251         |
|    time_elapsed         | 5205        |
|    total_timesteps      | 9766912     |
| train/                  |             |
|    approx_kl            | 0.008898176 |
|    clip_fraction        | 0.117       |
|    clip_range           | 0.2         |
|    entropy_loss         | 4.67        |
|    explained_variance   | 0.982       |
|    learning_rate        | 0.000203    |
|    loss                 | 1.27        |
|    n_updates            | 2500        |
|    policy_gradient_loss | 0.000915    |
|    std                  | 0.0234      |
|    value_loss           | 2.99        |
-----------------------------------------
-----------------------------------------
| rollout/                |             |
|    ep_len_mean          | 2e+03       |
|    ep_rew_mean          | 3.05e+03    |
| time/                   |             |
|    fps                  | 1881        |
|    iterations           | 252         |
|    time_elapsed         | 5211        |
|    total_timesteps      | 9805824     |
| train/                  |             |
|    approx_kl            | 0.008353333 |
|    clip_fraction        | 0.111       |
|    clip_range           | 0.2         |
|    entropy_loss         | 4.67        |
|    explained_variance   | 0.988       |
|    learning_rate        | 0.000202    |
|    loss                 | 2.74        |
|    n_updates            | 2510        |
|    policy_gradient_loss | 0.000321    |
|    std                  | 0.0234      |
|    value_loss           | 3.12        |
-----------------------------------------
-----------------------------------------
| rollout/                |             |
|    ep_len_mean          | 2e+03       |
|    ep_rew_mean          | 3.01e+03    |
| time/                   |             |
|    fps                  | 1886        |
|    iterations           | 253         |
|    time_elapsed         | 5218        |
|    total_timesteps      | 9844736     |
| train/                  |             |
|    approx_kl            | 0.007849849 |
|    clip_fraction        | 0.108       |
|    clip_range           | 0.2         |
|    entropy_loss         | 4.66        |
|    explained_variance   | 0.988       |
|    learning_rate        | 0.000202    |
|    loss                 | 0.908       |
|    n_updates            | 2520        |
|    policy_gradient_loss | 0.00158     |
|    std                  | 0.0237      |
|    value_loss           | 1.8         |
-----------------------------------------
Eval num_timesteps=9880000, episode_reward=1952.23 +/- 1197.27
Episode length: 2000.00 +/- 0.00
-----------------------------------------
| eval/                   |             |
|    mean_ep_length       | 2e+03       |
|    mean_reward          | 1.95e+03    |
| time/                   |             |
|    total_timesteps      | 9880000     |
| train/                  |             |
|    approx_kl            | 0.008758317 |
|    clip_fraction        | 0.0988      |
|    clip_range           | 0.2         |
|    entropy_loss         | 4.64        |
|    explained_variance   | 0.989       |
|    learning_rate        | 0.000202    |
|    loss                 | 1.47        |
|    n_updates            | 2530        |
|    policy_gradient_loss | 0.000556    |
|    std                  | 0.024       |
|    value_loss           | 2.63        |
-----------------------------------------
---------------------------------
| rollout/           |          |
|    ep_len_mean     | 2e+03    |
|    ep_rew_mean     | 3.03e+03 |
| time/              |          |
|    fps             | 1885     |
|    iterations      | 254      |
|    time_elapsed    | 5243     |
|    total_timesteps | 9883648  |
---------------------------------
-----------------------------------------
| rollout/                |             |
|    ep_len_mean          | 2e+03       |
|    ep_rew_mean          | 3.01e+03    |
| time/                   |             |
|    fps                  | 1890        |
|    iterations           | 255         |
|    time_elapsed         | 5249        |
|    total_timesteps      | 9922560     |
| train/                  |             |
|    approx_kl            | 0.008188921 |
|    clip_fraction        | 0.0959      |
|    clip_range           | 0.2         |
|    entropy_loss         | 4.62        |
|    explained_variance   | 0.991       |
|    learning_rate        | 0.000201    |
|    loss                 | 1.28        |
|    n_updates            | 2540        |
|    policy_gradient_loss | 0.000853    |
|    std                  | 0.0242      |
|    value_loss           | 2.41        |
-----------------------------------------
----------------------------------------
| rollout/                |            |
|    ep_len_mean          | 2e+03      |
|    ep_rew_mean          | 3.02e+03   |
| time/                   |            |
|    fps                  | 1895       |
|    iterations           | 256        |
|    time_elapsed         | 5256       |
|    total_timesteps      | 9961472    |
| train/                  |            |
|    approx_kl            | 0.00855029 |
|    clip_fraction        | 0.102      |
|    clip_range           | 0.2        |
|    entropy_loss         | 4.59       |
|    explained_variance   | 0.988      |
|    learning_rate        | 0.000201   |
|    loss                 | 1.33       |
|    n_updates            | 2550       |
|    policy_gradient_loss | 0.000498   |
|    std                  | 0.0244     |
|    value_loss           | 3.19       |
----------------------------------------
-----------------------------------------
| rollout/                |             |
|    ep_len_mean          | 2e+03       |
|    ep_rew_mean          | 3.01e+03    |
| time/                   |             |
|    fps                  | 1900        |
|    iterations           | 257         |
|    time_elapsed         | 5262        |
|    total_timesteps      | 10000384    |
| train/                  |             |
|    approx_kl            | 0.008609868 |
|    clip_fraction        | 0.109       |
|    clip_range           | 0.2         |
|    entropy_loss         | 4.59        |
|    explained_variance   | 0.983       |
|    learning_rate        | 0.0002      |
|    loss                 | 1.35        |
|    n_updates            | 2560        |
|    policy_gradient_loss | -0.000314   |
|    std                  | 0.0244      |
|    value_loss           | 3.29        |
-----------------------------------------
-----------------------------------------
| rollout/                |             |
|    ep_len_mean          | 2e+03       |
|    ep_rew_mean          | 3e+03       |
| time/                   |             |
|    fps                  | 1905        |
|    iterations           | 258         |
|    time_elapsed         | 5269        |
|    total_timesteps      | 10039296    |
| train/                  |             |
|    approx_kl            | 0.008520033 |
|    clip_fraction        | 0.0965      |
|    clip_range           | 0.2         |
|    entropy_loss         | 4.58        |
|    explained_variance   | 0.986       |
|    learning_rate        | 0.0002      |
|    loss                 | 0.829       |
|    n_updates            | 2570        |
|    policy_gradient_loss | 0.000884    |
|    std                  | 0.0245      |
|    value_loss           | 2.83        |
-----------------------------------------
Eval num_timesteps=10070000, episode_reward=1947.28 +/- 1176.87
Episode length: 2000.00 +/- 0.00
-----------------------------------------
| eval/                   |             |
|    mean_ep_length       | 2e+03       |
|    mean_reward          | 1.95e+03    |
| time/                   |             |
|    total_timesteps      | 10070000    |
| train/                  |             |
|    approx_kl            | 0.008766956 |
|    clip_fraction        | 0.104       |
|    clip_range           | 0.2         |
|    entropy_loss         | 4.57        |
|    explained_variance   | 0.992       |
|    learning_rate        | 0.0002      |
|    loss                 | 1.15        |
|    n_updates            | 2580        |
|    policy_gradient_loss | 0.00174     |
|    std                  | 0.0248      |
|    value_loss           | 2.16        |
-----------------------------------------
---------------------------------
| rollout/           |          |
|    ep_len_mean     | 2e+03    |
|    ep_rew_mean     | 2.99e+03 |
| time/              |          |
|    fps             | 1903     |
|    iterations      | 259      |
|    time_elapsed    | 5294     |
|    total_timesteps | 10078208 |
---------------------------------
-----------------------------------------
| rollout/                |             |
|    ep_len_mean          | 2e+03       |
|    ep_rew_mean          | 2.97e+03    |
| time/                   |             |
|    fps                  | 1908        |
|    iterations           | 260         |
|    time_elapsed         | 5300        |
|    total_timesteps      | 10117120    |
| train/                  |             |
|    approx_kl            | 0.008077181 |
|    clip_fraction        | 0.0953      |
|    clip_range           | 0.2         |
|    entropy_loss         | 4.55        |
|    explained_variance   | 0.987       |
|    learning_rate        | 0.000199    |
|    loss                 | 0.909       |
|    n_updates            | 2590        |
|    policy_gradient_loss | 0.000774    |
|    std                  | 0.025       |
|    value_loss           | 3.57        |
-----------------------------------------
-----------------------------------------
| rollout/                |             |
|    ep_len_mean          | 2e+03       |
|    ep_rew_mean          | 2.93e+03    |
| time/                   |             |
|    fps                  | 1913        |
|    iterations           | 261         |
|    time_elapsed         | 5307        |
|    total_timesteps      | 10156032    |
| train/                  |             |
|    approx_kl            | 0.007280828 |
|    clip_fraction        | 0.0962      |
|    clip_range           | 0.2         |
|    entropy_loss         | 4.54        |
|    explained_variance   | 0.985       |
|    learning_rate        | 0.000199    |
|    loss                 | 1.66        |
|    n_updates            | 2600        |
|    policy_gradient_loss | 0.00144     |
|    std                  | 0.025       |
|    value_loss           | 3.09        |
-----------------------------------------
-----------------------------------------
| rollout/                |             |
|    ep_len_mean          | 2e+03       |
|    ep_rew_mean          | 2.92e+03    |
| time/                   |             |
|    fps                  | 1918        |
|    iterations           | 262         |
|    time_elapsed         | 5313        |
|    total_timesteps      | 10194944    |
| train/                  |             |
|    approx_kl            | 0.009511973 |
|    clip_fraction        | 0.106       |
|    clip_range           | 0.2         |
|    entropy_loss         | 4.52        |
|    explained_variance   | 0.991       |
|    learning_rate        | 0.000198    |
|    loss                 | 1.34        |
|    n_updates            | 2610        |
|    policy_gradient_loss | 0.000619    |
|    std                  | 0.0254      |
|    value_loss           | 2.53        |
-----------------------------------------
------------------------------------------
| rollout/                |              |
|    ep_len_mean          | 2e+03        |
|    ep_rew_mean          | 2.91e+03     |
| time/                   |              |
|    fps                  | 1923         |
|    iterations           | 263          |
|    time_elapsed         | 5320         |
|    total_timesteps      | 10233856     |
| train/                  |              |
|    approx_kl            | 0.0077034864 |
|    clip_fraction        | 0.0979       |
|    clip_range           | 0.2          |
|    entropy_loss         | 4.52         |
|    explained_variance   | 0.992        |
|    learning_rate        | 0.000198     |
|    loss                 | 0.719        |
|    n_updates            | 2620         |
|    policy_gradient_loss | -5.39e-05    |
|    std                  | 0.0252       |
|    value_loss           | 2.19         |
------------------------------------------
Eval num_timesteps=10260000, episode_reward=1970.18 +/- 1172.17
Episode length: 1995.55 +/- 19.40
-----------------------------------------
| eval/                   |             |
|    mean_ep_length       | 2e+03       |
|    mean_reward          | 1.97e+03    |
| time/                   |             |
|    total_timesteps      | 10260000    |
| train/                  |             |
|    approx_kl            | 0.008616983 |
|    clip_fraction        | 0.0943      |
|    clip_range           | 0.2         |
|    entropy_loss         | 4.51        |
|    explained_variance   | 0.985       |
|    learning_rate        | 0.000198    |
|    loss                 | 1.09        |
|    n_updates            | 2630        |
|    policy_gradient_loss | 0.000788    |
|    std                  | 0.0254      |
|    value_loss           | 3.48        |
-----------------------------------------
New best mean reward!
---------------------------------
| rollout/           |          |
|    ep_len_mean     | 2e+03    |
|    ep_rew_mean     | 2.91e+03 |
| time/              |          |
|    fps             | 1921     |
|    iterations      | 264      |
|    time_elapsed    | 5345     |
|    total_timesteps | 10272768 |
---------------------------------
------------------------------------------
| rollout/                |              |
|    ep_len_mean          | 2e+03        |
|    ep_rew_mean          | 2.92e+03     |
| time/                   |              |
|    fps                  | 1926         |
|    iterations           | 265          |
|    time_elapsed         | 5351         |
|    total_timesteps      | 10311680     |
| train/                  |              |
|    approx_kl            | 0.0073393662 |
|    clip_fraction        | 0.0913       |
|    clip_range           | 0.2          |
|    entropy_loss         | 4.51         |
|    explained_variance   | 0.987        |
|    learning_rate        | 0.000197     |
|    loss                 | 1.19         |
|    n_updates            | 2640         |
|    policy_gradient_loss | 0.0011       |
|    std                  | 0.0254       |
|    value_loss           | 2.78         |
------------------------------------------
-----------------------------------------
| rollout/                |             |
|    ep_len_mean          | 2e+03       |
|    ep_rew_mean          | 2.92e+03    |
| time/                   |             |
|    fps                  | 1931        |
|    iterations           | 266         |
|    time_elapsed         | 5358        |
|    total_timesteps      | 10350592    |
| train/                  |             |
|    approx_kl            | 0.007849189 |
|    clip_fraction        | 0.11        |
|    clip_range           | 0.2         |
|    entropy_loss         | 4.51        |
|    explained_variance   | 0.987       |
|    learning_rate        | 0.000197    |
|    loss                 | 0.94        |
|    n_updates            | 2650        |
|    policy_gradient_loss | -9.05e-05   |
|    std                  | 0.0254      |
|    value_loss           | 3           |
-----------------------------------------
-----------------------------------------
| rollout/                |             |
|    ep_len_mean          | 2e+03       |
|    ep_rew_mean          | 2.91e+03    |
| time/                   |             |
|    fps                  | 1936        |
|    iterations           | 267         |
|    time_elapsed         | 5364        |
|    total_timesteps      | 10389504    |
| train/                  |             |
|    approx_kl            | 0.008099348 |
|    clip_fraction        | 0.0914      |
|    clip_range           | 0.2         |
|    entropy_loss         | 4.5         |
|    explained_variance   | 0.989       |
|    learning_rate        | 0.000196    |
|    loss                 | 2.7         |
|    n_updates            | 2660        |
|    policy_gradient_loss | 0.000615    |
|    std                  | 0.0255      |
|    value_loss           | 3.39        |
-----------------------------------------
-----------------------------------------
| rollout/                |             |
|    ep_len_mean          | 2e+03       |
|    ep_rew_mean          | 2.93e+03    |
| time/                   |             |
|    fps                  | 1941        |
|    iterations           | 268         |
|    time_elapsed         | 5370        |
|    total_timesteps      | 10428416    |
| train/                  |             |
|    approx_kl            | 0.008504132 |
|    clip_fraction        | 0.092       |
|    clip_range           | 0.2         |
|    entropy_loss         | 4.5         |
|    explained_variance   | 0.988       |
|    learning_rate        | 0.000196    |
|    loss                 | 1.73        |
|    n_updates            | 2670        |
|    policy_gradient_loss | 0.000747    |
|    std                  | 0.0255      |
|    value_loss           | 2.94        |
-----------------------------------------
Eval num_timesteps=10450000, episode_reward=1936.81 +/- 1211.89
Episode length: 1990.85 +/- 39.88
-----------------------------------------
| eval/                   |             |
|    mean_ep_length       | 1.99e+03    |
|    mean_reward          | 1.94e+03    |
| time/                   |             |
|    total_timesteps      | 10450000    |
| train/                  |             |
|    approx_kl            | 0.010007873 |
|    clip_fraction        | 0.105       |
|    clip_range           | 0.2         |
|    entropy_loss         | 4.5         |
|    explained_variance   | 0.981       |
|    learning_rate        | 0.000196    |
|    loss                 | 1.23        |
|    n_updates            | 2680        |
|    policy_gradient_loss | 0.000382    |
|    std                  | 0.0255      |
|    value_loss           | 3.96        |
-----------------------------------------
---------------------------------
| rollout/           |          |
|    ep_len_mean     | 2e+03    |
|    ep_rew_mean     | 2.93e+03 |
| time/              |          |
|    fps             | 1939     |
|    iterations      | 269      |
|    time_elapsed    | 5395     |
|    total_timesteps | 10467328 |
---------------------------------
-----------------------------------------
| rollout/                |             |
|    ep_len_mean          | 2e+03       |
|    ep_rew_mean          | 2.92e+03    |
| time/                   |             |
|    fps                  | 1944        |
|    iterations           | 270         |
|    time_elapsed         | 5402        |
|    total_timesteps      | 10506240    |
| train/                  |             |
|    approx_kl            | 0.008099716 |
|    clip_fraction        | 0.0994      |
|    clip_range           | 0.2         |
|    entropy_loss         | 4.5         |
|    explained_variance   | 0.986       |
|    learning_rate        | 0.000195    |
|    loss                 | 2.35        |
|    n_updates            | 2690        |
|    policy_gradient_loss | -0.000361   |
|    std                  | 0.0256      |
|    value_loss           | 3.79        |
-----------------------------------------
-----------------------------------------
| rollout/                |             |
|    ep_len_mean          | 2e+03       |
|    ep_rew_mean          | 2.92e+03    |
| time/                   |             |
|    fps                  | 1949        |
|    iterations           | 271         |
|    time_elapsed         | 5408        |
|    total_timesteps      | 10545152    |
| train/                  |             |
|    approx_kl            | 0.007861833 |
|    clip_fraction        | 0.0971      |
|    clip_range           | 0.2         |
|    entropy_loss         | 4.5         |
|    explained_variance   | 0.988       |
|    learning_rate        | 0.000195    |
|    loss                 | 0.879       |
|    n_updates            | 2700        |
|    policy_gradient_loss | 0.000458    |
|    std                  | 0.0256      |
|    value_loss           | 3.24        |
-----------------------------------------
------------------------------------------
| rollout/                |              |
|    ep_len_mean          | 2e+03        |
|    ep_rew_mean          | 2.93e+03     |
| time/                   |              |
|    fps                  | 1954         |
|    iterations           | 272          |
|    time_elapsed         | 5415         |
|    total_timesteps      | 10584064     |
| train/                  |              |
|    approx_kl            | 0.0077482327 |
|    clip_fraction        | 0.104        |
|    clip_range           | 0.2          |
|    entropy_loss         | 4.49         |
|    explained_variance   | 0.987        |
|    learning_rate        | 0.000195     |
|    loss                 | 1.41         |
|    n_updates            | 2710         |
|    policy_gradient_loss | 0.000285     |
|    std                  | 0.0256       |
|    value_loss           | 3.13         |
------------------------------------------
----------------------------------------
| rollout/                |            |
|    ep_len_mean          | 2e+03      |
|    ep_rew_mean          | 2.93e+03   |
| time/                   |            |
|    fps                  | 1959       |
|    iterations           | 273        |
|    time_elapsed         | 5422       |
|    total_timesteps      | 10622976   |
| train/                  |            |
|    approx_kl            | 0.00851766 |
|    clip_fraction        | 0.0985     |
|    clip_range           | 0.2        |
|    entropy_loss         | 4.48       |
|    explained_variance   | 0.989      |
|    learning_rate        | 0.000194   |
|    loss                 | 2.51       |
|    n_updates            | 2720       |
|    policy_gradient_loss | -0.000544  |
|    std                  | 0.0259     |
|    value_loss           | 3.26       |
----------------------------------------
Eval num_timesteps=10640000, episode_reward=1963.30 +/- 1244.76
Episode length: 2000.00 +/- 0.00
-----------------------------------------
| eval/                   |             |
|    mean_ep_length       | 2e+03       |
|    mean_reward          | 1.96e+03    |
| time/                   |             |
|    total_timesteps      | 10640000    |
| train/                  |             |
|    approx_kl            | 0.008397126 |
|    clip_fraction        | 0.092       |
|    clip_range           | 0.2         |
|    entropy_loss         | 4.47        |
|    explained_variance   | 0.987       |
|    learning_rate        | 0.000194    |
|    loss                 | 0.862       |
|    n_updates            | 2730        |
|    policy_gradient_loss | 0.000516    |
|    std                  | 0.0259      |
|    value_loss           | 3.49        |
-----------------------------------------
---------------------------------
| rollout/           |          |
|    ep_len_mean     | 2e+03    |
|    ep_rew_mean     | 2.93e+03 |
| time/              |          |
|    fps             | 1957     |
|    iterations      | 274      |
|    time_elapsed    | 5447     |
|    total_timesteps | 10661888 |
---------------------------------
-----------------------------------------
| rollout/                |             |
|    ep_len_mean          | 2e+03       |
|    ep_rew_mean          | 2.91e+03    |
| time/                   |             |
|    fps                  | 1962        |
|    iterations           | 275         |
|    time_elapsed         | 5453        |
|    total_timesteps      | 10700800    |
| train/                  |             |
|    approx_kl            | 0.007981005 |
|    clip_fraction        | 0.0973      |
|    clip_range           | 0.2         |
|    entropy_loss         | 4.47        |
|    explained_variance   | 0.992       |
|    learning_rate        | 0.000193    |
|    loss                 | 1.9         |
|    n_updates            | 2740        |
|    policy_gradient_loss | 0.000128    |
|    std                  | 0.0258      |
|    value_loss           | 2.43        |
-----------------------------------------
-----------------------------------------
| rollout/                |             |
|    ep_len_mean          | 2e+03       |
|    ep_rew_mean          | 2.9e+03     |
| time/                   |             |
|    fps                  | 1966        |
|    iterations           | 276         |
|    time_elapsed         | 5460        |
|    total_timesteps      | 10739712    |
| train/                  |             |
|    approx_kl            | 0.008274811 |
|    clip_fraction        | 0.101       |
|    clip_range           | 0.2         |
|    entropy_loss         | 4.48        |
|    explained_variance   | 0.988       |
|    learning_rate        | 0.000193    |
|    loss                 | 1.66        |
|    n_updates            | 2750        |
|    policy_gradient_loss | -0.000226   |
|    std                  | 0.0258      |
|    value_loss           | 3.28        |
-----------------------------------------
-----------------------------------------
| rollout/                |             |
|    ep_len_mean          | 2e+03       |
|    ep_rew_mean          | 2.91e+03    |
| time/                   |             |
|    fps                  | 1971        |
|    iterations           | 277         |
|    time_elapsed         | 5466        |
|    total_timesteps      | 10778624    |
| train/                  |             |
|    approx_kl            | 0.008521043 |
|    clip_fraction        | 0.106       |
|    clip_range           | 0.2         |
|    entropy_loss         | 4.47        |
|    explained_variance   | 0.987       |
|    learning_rate        | 0.000193    |
|    loss                 | 1.48        |
|    n_updates            | 2760        |
|    policy_gradient_loss | 0.000888    |
|    std                  | 0.026       |
|    value_loss           | 3.34        |
-----------------------------------------
-----------------------------------------
| rollout/                |             |
|    ep_len_mean          | 2e+03       |
|    ep_rew_mean          | 2.92e+03    |
| time/                   |             |
|    fps                  | 1976        |
|    iterations           | 278         |
|    time_elapsed         | 5473        |
|    total_timesteps      | 10817536    |
| train/                  |             |
|    approx_kl            | 0.009891712 |
|    clip_fraction        | 0.11        |
|    clip_range           | 0.2         |
|    entropy_loss         | 4.46        |
|    explained_variance   | 0.986       |
|    learning_rate        | 0.000192    |
|    loss                 | 0.945       |
|    n_updates            | 2770        |
|    policy_gradient_loss | 0.000826    |
|    std                  | 0.0261      |
|    value_loss           | 3.81        |
-----------------------------------------
Eval num_timesteps=10830000, episode_reward=1981.69 +/- 1229.23
Episode length: 2000.00 +/- 0.00
---------------------------------------
| eval/                   |           |
|    mean_ep_length       | 2e+03     |
|    mean_reward          | 1.98e+03  |
| time/                   |           |
|    total_timesteps      | 10830000  |
| train/                  |           |
|    approx_kl            | 0.0094238 |
|    clip_fraction        | 0.0997    |
|    clip_range           | 0.2       |
|    entropy_loss         | 4.44      |
|    explained_variance   | 0.985     |
|    learning_rate        | 0.000192  |
|    loss                 | 0.915     |
|    n_updates            | 2780      |
|    policy_gradient_loss | 0.00011   |
|    std                  | 0.0263    |
|    value_loss           | 3.47      |
---------------------------------------
New best mean reward!
---------------------------------
| rollout/           |          |
|    ep_len_mean     | 2e+03    |
|    ep_rew_mean     | 2.94e+03 |
| time/              |          |
|    fps             | 1974     |
|    iterations      | 279      |
|    time_elapsed    | 5498     |
|    total_timesteps | 10856448 |
---------------------------------
----------------------------------------
| rollout/                |            |
|    ep_len_mean          | 2e+03      |
|    ep_rew_mean          | 2.91e+03   |
| time/                   |            |
|    fps                  | 1979       |
|    iterations           | 280        |
|    time_elapsed         | 5504       |
|    total_timesteps      | 10895360   |
| train/                  |            |
|    approx_kl            | 0.00795479 |
|    clip_fraction        | 0.1        |
|    clip_range           | 0.2        |
|    entropy_loss         | 4.44       |
|    explained_variance   | 0.989      |
|    learning_rate        | 0.000191   |
|    loss                 | 1.03       |
|    n_updates            | 2790       |
|    policy_gradient_loss | 0.000629   |
|    std                  | 0.0264     |
|    value_loss           | 3.23       |
----------------------------------------
-----------------------------------------
| rollout/                |             |
|    ep_len_mean          | 2e+03       |
|    ep_rew_mean          | 2.89e+03    |
| time/                   |             |
|    fps                  | 1983        |
|    iterations           | 281         |
|    time_elapsed         | 5511        |
|    total_timesteps      | 10934272    |
| train/                  |             |
|    approx_kl            | 0.007790359 |
|    clip_fraction        | 0.0947      |
|    clip_range           | 0.2         |
|    entropy_loss         | 4.43        |
|    explained_variance   | 0.989       |
|    learning_rate        | 0.000191    |
|    loss                 | 2.18        |
|    n_updates            | 2800        |
|    policy_gradient_loss | -0.000154   |
|    std                  | 0.0265      |
|    value_loss           | 3.23        |
-----------------------------------------
------------------------------------------
| rollout/                |              |
|    ep_len_mean          | 2e+03        |
|    ep_rew_mean          | 2.87e+03     |
| time/                   |              |
|    fps                  | 1988         |
|    iterations           | 282          |
|    time_elapsed         | 5517         |
|    total_timesteps      | 10973184     |
| train/                  |              |
|    approx_kl            | 0.0070966743 |
|    clip_fraction        | 0.0906       |
|    clip_range           | 0.2          |
|    entropy_loss         | 4.42         |
|    explained_variance   | 0.989        |
|    learning_rate        | 0.000191     |
|    loss                 | 2.49         |
|    n_updates            | 2810         |
|    policy_gradient_loss | 0.000192     |
|    std                  | 0.0266       |
|    value_loss           | 3.62         |
------------------------------------------
-----------------------------------------
| rollout/                |             |
|    ep_len_mean          | 2e+03       |
|    ep_rew_mean          | 2.85e+03    |
| time/                   |             |
|    fps                  | 1993        |
|    iterations           | 283         |
|    time_elapsed         | 5524        |
|    total_timesteps      | 11012096    |
| train/                  |             |
|    approx_kl            | 0.007913967 |
|    clip_fraction        | 0.0997      |
|    clip_range           | 0.2         |
|    entropy_loss         | 4.41        |
|    explained_variance   | 0.988       |
|    learning_rate        | 0.00019     |
|    loss                 | 1.41        |
|    n_updates            | 2820        |
|    policy_gradient_loss | 0.000711    |
|    std                  | 0.0268      |
|    value_loss           | 3.51        |
-----------------------------------------
Eval num_timesteps=11020000, episode_reward=1962.70 +/- 1260.84
Episode length: 1980.50 +/- 66.20
-----------------------------------------
| eval/                   |             |
|    mean_ep_length       | 1.98e+03    |
|    mean_reward          | 1.96e+03    |
| time/                   |             |
|    total_timesteps      | 11020000    |
| train/                  |             |
|    approx_kl            | 0.008609902 |
|    clip_fraction        | 0.0935      |
|    clip_range           | 0.2         |
|    entropy_loss         | 4.4         |
|    explained_variance   | 0.989       |
|    learning_rate        | 0.00019     |
|    loss                 | 3.01        |
|    n_updates            | 2830        |
|    policy_gradient_loss | 0.000635    |
|    std                  | 0.0269      |
|    value_loss           | 4.11        |
-----------------------------------------
---------------------------------
| rollout/           |          |
|    ep_len_mean     | 2e+03    |
|    ep_rew_mean     | 2.88e+03 |
| time/              |          |
|    fps             | 1991     |
|    iterations      | 284      |
|    time_elapsed    | 5549     |
|    total_timesteps | 11051008 |
---------------------------------
-----------------------------------------
| rollout/                |             |
|    ep_len_mean          | 2e+03       |
|    ep_rew_mean          | 2.86e+03    |
| time/                   |             |
|    fps                  | 1995        |
|    iterations           | 285         |
|    time_elapsed         | 5556        |
|    total_timesteps      | 11089920    |
| train/                  |             |
|    approx_kl            | 0.007931318 |
|    clip_fraction        | 0.0984      |
|    clip_range           | 0.2         |
|    entropy_loss         | 4.4         |
|    explained_variance   | 0.99        |
|    learning_rate        | 0.000189    |
|    loss                 | 1.11        |
|    n_updates            | 2840        |
|    policy_gradient_loss | 0.00163     |
|    std                  | 0.0269      |
|    value_loss           | 3.49        |
-----------------------------------------
-----------------------------------------
| rollout/                |             |
|    ep_len_mean          | 2e+03       |
|    ep_rew_mean          | 2.86e+03    |
| time/                   |             |
|    fps                  | 2000        |
|    iterations           | 286         |
|    time_elapsed         | 5562        |
|    total_timesteps      | 11128832    |
| train/                  |             |
|    approx_kl            | 0.007598298 |
|    clip_fraction        | 0.0902      |
|    clip_range           | 0.2         |
|    entropy_loss         | 4.39        |
|    explained_variance   | 0.987       |
|    learning_rate        | 0.000189    |
|    loss                 | 1.41        |
|    n_updates            | 2850        |
|    policy_gradient_loss | 0.000149    |
|    std                  | 0.0269      |
|    value_loss           | 4.37        |
-----------------------------------------
-----------------------------------------
| rollout/                |             |
|    ep_len_mean          | 2e+03       |
|    ep_rew_mean          | 2.91e+03    |
| time/                   |             |
|    fps                  | 2005        |
|    iterations           | 287         |
|    time_elapsed         | 5569        |
|    total_timesteps      | 11167744    |
| train/                  |             |
|    approx_kl            | 0.009127529 |
|    clip_fraction        | 0.105       |
|    clip_range           | 0.2         |
|    entropy_loss         | 4.38        |
|    explained_variance   | 0.99        |
|    learning_rate        | 0.000189    |
|    loss                 | 0.793       |
|    n_updates            | 2860        |
|    policy_gradient_loss | 0.000305    |
|    std                  | 0.0271      |
|    value_loss           | 2.92        |
-----------------------------------------
-----------------------------------------
| rollout/                |             |
|    ep_len_mean          | 2e+03       |
|    ep_rew_mean          | 2.87e+03    |
| time/                   |             |
|    fps                  | 2010        |
|    iterations           | 288         |
|    time_elapsed         | 5575        |
|    total_timesteps      | 11206656    |
| train/                  |             |
|    approx_kl            | 0.008246708 |
|    clip_fraction        | 0.0931      |
|    clip_range           | 0.2         |
|    entropy_loss         | 4.38        |
|    explained_variance   | 0.989       |
|    learning_rate        | 0.000188    |
|    loss                 | 1.12        |
|    n_updates            | 2870        |
|    policy_gradient_loss | 8.32e-05    |
|    std                  | 0.027       |
|    value_loss           | 3.62        |
-----------------------------------------
Eval num_timesteps=11210000, episode_reward=1980.25 +/- 1255.87
Episode length: 1987.00 +/- 56.67
-----------------------------------------
| eval/                   |             |
|    mean_ep_length       | 1.99e+03    |
|    mean_reward          | 1.98e+03    |
| time/                   |             |
|    total_timesteps      | 11210000    |
| train/                  |             |
|    approx_kl            | 0.007341784 |
|    clip_fraction        | 0.0877      |
|    clip_range           | 0.2         |
|    entropy_loss         | 4.38        |
|    explained_variance   | 0.988       |
|    learning_rate        | 0.000188    |
|    loss                 | 2.82        |
|    n_updates            | 2880        |
|    policy_gradient_loss | 0.000673    |
|    std                  | 0.0272      |
|    value_loss           | 3.65        |
-----------------------------------------
---------------------------------
| rollout/           |          |
|    ep_len_mean     | 2e+03    |
|    ep_rew_mean     | 2.83e+03 |
| time/              |          |
|    fps             | 2007     |
|    iterations      | 289      |
|    time_elapsed    | 5600     |
|    total_timesteps | 11245568 |
---------------------------------
-----------------------------------------
| rollout/                |             |
|    ep_len_mean          | 2e+03       |
|    ep_rew_mean          | 2.84e+03    |
| time/                   |             |
|    fps                  | 2012        |
|    iterations           | 290         |
|    time_elapsed         | 5606        |
|    total_timesteps      | 11284480    |
| train/                  |             |
|    approx_kl            | 0.008011449 |
|    clip_fraction        | 0.0935      |
|    clip_range           | 0.2         |
|    entropy_loss         | 4.36        |
|    explained_variance   | 0.988       |
|    learning_rate        | 0.000188    |
|    loss                 | 0.736       |
|    n_updates            | 2890        |
|    policy_gradient_loss | 0.000271    |
|    std                  | 0.0275      |
|    value_loss           | 2.66        |
-----------------------------------------
-----------------------------------------
| rollout/                |             |
|    ep_len_mean          | 2e+03       |
|    ep_rew_mean          | 2.86e+03    |
| time/                   |             |
|    fps                  | 2017        |
|    iterations           | 291         |
|    time_elapsed         | 5613        |
|    total_timesteps      | 11323392    |
| train/                  |             |
|    approx_kl            | 0.007684585 |
|    clip_fraction        | 0.0832      |
|    clip_range           | 0.2         |
|    entropy_loss         | 4.34        |
|    explained_variance   | 0.988       |
|    learning_rate        | 0.000187    |
|    loss                 | 1.56        |
|    n_updates            | 2900        |
|    policy_gradient_loss | 0.000353    |
|    std                  | 0.0278      |
|    value_loss           | 4.02        |
-----------------------------------------
------------------------------------------
| rollout/                |              |
|    ep_len_mean          | 2e+03        |
|    ep_rew_mean          | 2.81e+03     |
| time/                   |              |
|    fps                  | 2021         |
|    iterations           | 292          |
|    time_elapsed         | 5619         |
|    total_timesteps      | 11362304     |
| train/                  |              |
|    approx_kl            | 0.0084745735 |
|    clip_fraction        | 0.0928       |
|    clip_range           | 0.2          |
|    entropy_loss         | 4.32         |
|    explained_variance   | 0.989        |
|    learning_rate        | 0.000187     |
|    loss                 | 2.34         |
|    n_updates            | 2910         |
|    policy_gradient_loss | -2.44e-05    |
|    std                  | 0.0279       |
|    value_loss           | 4.95         |
------------------------------------------
Eval num_timesteps=11400000, episode_reward=2036.93 +/- 1200.12
Episode length: 1996.70 +/- 14.38
------------------------------------------
| eval/                   |              |
|    mean_ep_length       | 2e+03        |
|    mean_reward          | 2.04e+03     |
| time/                   |              |
|    total_timesteps      | 11400000     |
| train/                  |              |
|    approx_kl            | 0.0068634623 |
|    clip_fraction        | 0.0901       |
|    clip_range           | 0.2          |
|    entropy_loss         | 4.32         |
|    explained_variance   | 0.99         |
|    learning_rate        | 0.000186     |
|    loss                 | 1.86         |
|    n_updates            | 2920         |
|    policy_gradient_loss | -0.000124    |
|    std                  | 0.0279       |
|    value_loss           | 3.74         |
------------------------------------------
New best mean reward!
---------------------------------
| rollout/           |          |
|    ep_len_mean     | 2e+03    |
|    ep_rew_mean     | 2.86e+03 |
| time/              |          |
|    fps             | 2019     |
|    iterations      | 293      |
|    time_elapsed    | 5644     |
|    total_timesteps | 11401216 |
---------------------------------
-----------------------------------------
| rollout/                |             |
|    ep_len_mean          | 2e+03       |
|    ep_rew_mean          | 2.85e+03    |
| time/                   |             |
|    fps                  | 2024        |
|    iterations           | 294         |
|    time_elapsed         | 5651        |
|    total_timesteps      | 11440128    |
| train/                  |             |
|    approx_kl            | 0.008517775 |
|    clip_fraction        | 0.109       |
|    clip_range           | 0.2         |
|    entropy_loss         | 4.32        |
|    explained_variance   | 0.986       |
|    learning_rate        | 0.000186    |
|    loss                 | 1.29        |
|    n_updates            | 2930        |
|    policy_gradient_loss | 0.000258    |
|    std                  | 0.0279      |
|    value_loss           | 3.21        |
-----------------------------------------
-----------------------------------------
| rollout/                |             |
|    ep_len_mean          | 2e+03       |
|    ep_rew_mean          | 2.85e+03    |
| time/                   |             |
|    fps                  | 2028        |
|    iterations           | 295         |
|    time_elapsed         | 5657        |
|    total_timesteps      | 11479040    |
| train/                  |             |
|    approx_kl            | 0.009115808 |
|    clip_fraction        | 0.09        |
|    clip_range           | 0.2         |
|    entropy_loss         | 4.31        |
|    explained_variance   | 0.988       |
|    learning_rate        | 0.000186    |
|    loss                 | 1.29        |
|    n_updates            | 2940        |
|    policy_gradient_loss | -0.000297   |
|    std                  | 0.028       |
|    value_loss           | 4.87        |
-----------------------------------------
------------------------------------------
| rollout/                |              |
|    ep_len_mean          | 2e+03        |
|    ep_rew_mean          | 2.83e+03     |
| time/                   |              |
|    fps                  | 2033         |
|    iterations           | 296          |
|    time_elapsed         | 5664         |
|    total_timesteps      | 11517952     |
| train/                  |              |
|    approx_kl            | 0.0070300605 |
|    clip_fraction        | 0.0935       |
|    clip_range           | 0.2          |
|    entropy_loss         | 4.31         |
|    explained_variance   | 0.991        |
|    learning_rate        | 0.000185     |
|    loss                 | 1.23         |
|    n_updates            | 2950         |
|    policy_gradient_loss | -5.8e-05     |
|    std                  | 0.028        |
|    value_loss           | 3.01         |
------------------------------------------
-----------------------------------------
| rollout/                |             |
|    ep_len_mean          | 2e+03       |
|    ep_rew_mean          | 2.85e+03    |
| time/                   |             |
|    fps                  | 2037        |
|    iterations           | 297         |
|    time_elapsed         | 5670        |
|    total_timesteps      | 11556864    |
| train/                  |             |
|    approx_kl            | 0.008769773 |
|    clip_fraction        | 0.0997      |
|    clip_range           | 0.2         |
|    entropy_loss         | 4.31        |
|    explained_variance   | 0.988       |
|    learning_rate        | 0.000185    |
|    loss                 | 1.65        |
|    n_updates            | 2960        |
|    policy_gradient_loss | 0.000271    |
|    std                  | 0.028       |
|    value_loss           | 3.95        |
-----------------------------------------
Eval num_timesteps=11590000, episode_reward=2044.22 +/- 1163.63
Episode length: 1997.50 +/- 10.90
-----------------------------------------
| eval/                   |             |
|    mean_ep_length       | 2e+03       |
|    mean_reward          | 2.04e+03    |
| time/                   |             |
|    total_timesteps      | 11590000    |
| train/                  |             |
|    approx_kl            | 0.008356963 |
|    clip_fraction        | 0.114       |
|    clip_range           | 0.2         |
|    entropy_loss         | 4.32        |
|    explained_variance   | 0.986       |
|    learning_rate        | 0.000184    |
|    loss                 | 1.48        |
|    n_updates            | 2970        |
|    policy_gradient_loss | -0.000153   |
|    std                  | 0.028       |
|    value_loss           | 3.43        |
-----------------------------------------
New best mean reward!
---------------------------------
| rollout/           |          |
|    ep_len_mean     | 2e+03    |
|    ep_rew_mean     | 2.8e+03  |
| time/              |          |
|    fps             | 2035     |
|    iterations      | 298      |
|    time_elapsed    | 5695     |
|    total_timesteps | 11595776 |
---------------------------------
----------------------------------------
| rollout/                |            |
|    ep_len_mean          | 2e+03      |
|    ep_rew_mean          | 2.76e+03   |
| time/                   |            |
|    fps                  | 2040       |
|    iterations           | 299        |
|    time_elapsed         | 5702       |
|    total_timesteps      | 11634688   |
| train/                  |            |
|    approx_kl            | 0.14003114 |
|    clip_fraction        | 0.132      |
|    clip_range           | 0.2        |
|    entropy_loss         | 4.31       |
|    explained_variance   | 0.985      |
|    learning_rate        | 0.000184   |
|    loss                 | 2.35       |
|    n_updates            | 2980       |
|    policy_gradient_loss | -0.00164   |
|    std                  | 0.0281     |
|    value_loss           | 3.6        |
----------------------------------------
----------------------------------------
| rollout/                |            |
|    ep_len_mean          | 2e+03      |
|    ep_rew_mean          | 2.77e+03   |
| time/                   |            |
|    fps                  | 2044       |
|    iterations           | 300        |
|    time_elapsed         | 5708       |
|    total_timesteps      | 11673600   |
| train/                  |            |
|    approx_kl            | 0.00857154 |
|    clip_fraction        | 0.107      |
|    clip_range           | 0.2        |
|    entropy_loss         | 4.3        |
|    explained_variance   | 0.989      |
|    learning_rate        | 0.000184   |
|    loss                 | 2.02       |
|    n_updates            | 2990       |
|    policy_gradient_loss | 0.000997   |
|    std                  | 0.0282     |
|    value_loss           | 4.09       |
----------------------------------------
----------------------------------------
| rollout/                |            |
|    ep_len_mean          | 2e+03      |
|    ep_rew_mean          | 2.78e+03   |
| time/                   |            |
|    fps                  | 2049       |
|    iterations           | 301        |
|    time_elapsed         | 5715       |
|    total_timesteps      | 11712512   |
| train/                  |            |
|    approx_kl            | 0.00861733 |
|    clip_fraction        | 0.109      |
|    clip_range           | 0.2        |
|    entropy_loss         | 4.3        |
|    explained_variance   | 0.984      |
|    learning_rate        | 0.000183   |
|    loss                 | 2.92       |
|    n_updates            | 3000       |
|    policy_gradient_loss | 0.00101    |
|    std                  | 0.0282     |
|    value_loss           | 4.97       |
----------------------------------------
----------------------------------------
| rollout/                |            |
|    ep_len_mean          | 2e+03      |
|    ep_rew_mean          | 2.79e+03   |
| time/                   |            |
|    fps                  | 2053       |
|    iterations           | 302        |
|    time_elapsed         | 5721       |
|    total_timesteps      | 11751424   |
| train/                  |            |
|    approx_kl            | 0.00858751 |
|    clip_fraction        | 0.1        |
|    clip_range           | 0.2        |
|    entropy_loss         | 4.29       |
|    explained_variance   | 0.983      |
|    learning_rate        | 0.000183   |
|    loss                 | 1.51       |
|    n_updates            | 3010       |
|    policy_gradient_loss | -0.000247  |
|    std                  | 0.0285     |
|    value_loss           | 4.43       |
----------------------------------------
Eval num_timesteps=11780000, episode_reward=1983.90 +/- 1191.04
Episode length: 1996.95 +/- 13.29
-----------------------------------------
| eval/                   |             |
|    mean_ep_length       | 2e+03       |
|    mean_reward          | 1.98e+03    |
| time/                   |             |
|    total_timesteps      | 11780000    |
| train/                  |             |
|    approx_kl            | 0.008839675 |
|    clip_fraction        | 0.0984      |
|    clip_range           | 0.2         |
|    entropy_loss         | 4.26        |
|    explained_variance   | 0.979       |
|    learning_rate        | 0.000182    |
|    loss                 | 5.3         |
|    n_updates            | 3020        |
|    policy_gradient_loss | 0.000682    |
|    std                  | 0.0289      |
|    value_loss           | 5.85        |
-----------------------------------------
---------------------------------
| rollout/           |          |
|    ep_len_mean     | 2e+03    |
|    ep_rew_mean     | 2.81e+03 |
| time/              |          |
|    fps             | 2051     |
|    iterations      | 303      |
|    time_elapsed    | 5746     |
|    total_timesteps | 11790336 |
---------------------------------
-----------------------------------------
| rollout/                |             |
|    ep_len_mean          | 2e+03       |
|    ep_rew_mean          | 2.83e+03    |
| time/                   |             |
|    fps                  | 2056        |
|    iterations           | 304         |
|    time_elapsed         | 5753        |
|    total_timesteps      | 11829248    |
| train/                  |             |
|    approx_kl            | 0.011055569 |
|    clip_fraction        | 0.096       |
|    clip_range           | 0.2         |
|    entropy_loss         | 4.25        |
|    explained_variance   | 0.985       |
|    learning_rate        | 0.000182    |
|    loss                 | 2.61        |
|    n_updates            | 3030        |
|    policy_gradient_loss | 0.000457    |
|    std                  | 0.0289      |
|    value_loss           | 4.65        |
-----------------------------------------
-----------------------------------------
| rollout/                |             |
|    ep_len_mean          | 2e+03       |
|    ep_rew_mean          | 2.81e+03    |
| time/                   |             |
|    fps                  | 2060        |
|    iterations           | 305         |
|    time_elapsed         | 5759        |
|    total_timesteps      | 11868160    |
| train/                  |             |
|    approx_kl            | 0.008598026 |
|    clip_fraction        | 0.107       |
|    clip_range           | 0.2         |
|    entropy_loss         | 4.25        |
|    explained_variance   | 0.984       |
|    learning_rate        | 0.000182    |
|    loss                 | 2.19        |
|    n_updates            | 3040        |
|    policy_gradient_loss | -2.13e-05   |
|    std                  | 0.0288      |
|    value_loss           | 3.99        |
-----------------------------------------
-----------------------------------------
| rollout/                |             |
|    ep_len_mean          | 2e+03       |
|    ep_rew_mean          | 2.82e+03    |
| time/                   |             |
|    fps                  | 2065        |
|    iterations           | 306         |
|    time_elapsed         | 5766        |
|    total_timesteps      | 11907072    |
| train/                  |             |
|    approx_kl            | 0.013464713 |
|    clip_fraction        | 0.106       |
|    clip_range           | 0.2         |
|    entropy_loss         | 4.25        |
|    explained_variance   | 0.983       |
|    learning_rate        | 0.000181    |
|    loss                 | 2.07        |
|    n_updates            | 3050        |
|    policy_gradient_loss | 0.00482     |
|    std                  | 0.0289      |
|    value_loss           | 4.86        |
-----------------------------------------
-----------------------------------------
| rollout/                |             |
|    ep_len_mean          | 1.99e+03    |
|    ep_rew_mean          | 2.8e+03     |
| time/                   |             |
|    fps                  | 2069        |
|    iterations           | 307         |
|    time_elapsed         | 5772        |
|    total_timesteps      | 11945984    |
| train/                  |             |
|    approx_kl            | 0.029174501 |
|    clip_fraction        | 0.1         |
|    clip_range           | 0.2         |
|    entropy_loss         | 4.24        |
|    explained_variance   | 0.978       |
|    learning_rate        | 0.000181    |
|    loss                 | 2.33        |
|    n_updates            | 3060        |
|    policy_gradient_loss | 0.00331     |
|    std                  | 0.0291      |
|    value_loss           | 4.17        |
-----------------------------------------
Eval num_timesteps=11970000, episode_reward=1977.75 +/- 1146.80
Episode length: 1960.20 +/- 98.58
-----------------------------------------
| eval/                   |             |
|    mean_ep_length       | 1.96e+03    |
|    mean_reward          | 1.98e+03    |
| time/                   |             |
|    total_timesteps      | 11970000    |
| train/                  |             |
|    approx_kl            | 0.015691733 |
|    clip_fraction        | 0.108       |
|    clip_range           | 0.2         |
|    entropy_loss         | 4.23        |
|    explained_variance   | 0.988       |
|    learning_rate        | 0.000181    |
|    loss                 | 1.36        |
|    n_updates            | 3070        |
|    policy_gradient_loss | -0.00114    |
|    std                  | 0.0292      |
|    value_loss           | 4.12        |
-----------------------------------------
---------------------------------
| rollout/           |          |
|    ep_len_mean     | 1.99e+03 |
|    ep_rew_mean     | 2.81e+03 |
| time/              |          |
|    fps             | 2067     |
|    iterations      | 308      |
|    time_elapsed    | 5797     |
|    total_timesteps | 11984896 |
---------------------------------
-----------------------------------------
| rollout/                |             |
|    ep_len_mean          | 1.99e+03    |
|    ep_rew_mean          | 2.8e+03     |
| time/                   |             |
|    fps                  | 2071        |
|    iterations           | 309         |
|    time_elapsed         | 5803        |
|    total_timesteps      | 12023808    |
| train/                  |             |
|    approx_kl            | 0.010862434 |
|    clip_fraction        | 0.0894      |
|    clip_range           | 0.2         |
|    entropy_loss         | 4.23        |
|    explained_variance   | 0.986       |
|    learning_rate        | 0.00018     |
|    loss                 | 4.02        |
|    n_updates            | 3080        |
|    policy_gradient_loss | 0.00131     |
|    std                  | 0.0293      |
|    value_loss           | 5.58        |
-----------------------------------------
-----------------------------------------
| rollout/                |             |
|    ep_len_mean          | 1.98e+03    |
|    ep_rew_mean          | 2.77e+03    |
| time/                   |             |
|    fps                  | 2076        |
|    iterations           | 310         |
|    time_elapsed         | 5810        |
|    total_timesteps      | 12062720    |
| train/                  |             |
|    approx_kl            | 0.009427716 |
|    clip_fraction        | 0.0855      |
|    clip_range           | 0.2         |
|    entropy_loss         | 4.21        |
|    explained_variance   | 0.978       |
|    learning_rate        | 0.00018     |
|    loss                 | 4.56        |
|    n_updates            | 3090        |
|    policy_gradient_loss | 0.0021      |
|    std                  | 0.0296      |
|    value_loss           | 6.63        |
-----------------------------------------
----------------------------------------
| rollout/                |            |
|    ep_len_mean          | 1.98e+03   |
|    ep_rew_mean          | 2.77e+03   |
| time/                   |            |
|    fps                  | 2080       |
|    iterations           | 311        |
|    time_elapsed         | 5816       |
|    total_timesteps      | 12101632   |
| train/                  |            |
|    approx_kl            | 0.01236768 |
|    clip_fraction        | 0.087      |
|    clip_range           | 0.2        |
|    entropy_loss         | 4.19       |
|    explained_variance   | 0.976      |
|    learning_rate        | 0.000179   |
|    loss                 | 3.68       |
|    n_updates            | 3100       |
|    policy_gradient_loss | 0.00101    |
|    std                  | 0.03       |
|    value_loss           | 5.16       |
----------------------------------------
-----------------------------------------
| rollout/                |             |
|    ep_len_mean          | 1.98e+03    |
|    ep_rew_mean          | 2.77e+03    |
| time/                   |             |
|    fps                  | 2084        |
|    iterations           | 312         |
|    time_elapsed         | 5823        |
|    total_timesteps      | 12140544    |
| train/                  |             |
|    approx_kl            | 0.010888022 |
|    clip_fraction        | 0.122       |
|    clip_range           | 0.2         |
|    entropy_loss         | 4.17        |
|    explained_variance   | 0.975       |
|    learning_rate        | 0.000179    |
|    loss                 | 1.73        |
|    n_updates            | 3110        |
|    policy_gradient_loss | 0.00137     |
|    std                  | 0.0303      |
|    value_loss           | 4.7         |
-----------------------------------------
Eval num_timesteps=12160000, episode_reward=1973.48 +/- 1216.34
Episode length: 1983.50 +/- 50.08
-----------------------------------------
| eval/                   |             |
|    mean_ep_length       | 1.98e+03    |
|    mean_reward          | 1.97e+03    |
| time/                   |             |
|    total_timesteps      | 12160000    |
| train/                  |             |
|    approx_kl            | 0.011338867 |
|    clip_fraction        | 0.0902      |
|    clip_range           | 0.2         |
|    entropy_loss         | 4.13        |
|    explained_variance   | 0.97        |
|    learning_rate        | 0.000179    |
|    loss                 | 1.31        |
|    n_updates            | 3120        |
|    policy_gradient_loss | 0.00216     |
|    std                  | 0.0309      |
|    value_loss           | 5.04        |
-----------------------------------------
---------------------------------
| rollout/           |          |
|    ep_len_mean     | 1.98e+03 |
|    ep_rew_mean     | 2.74e+03 |
| time/              |          |
|    fps             | 2082     |
|    iterations      | 313      |
|    time_elapsed    | 5847     |
|    total_timesteps | 12179456 |
---------------------------------
-----------------------------------------
| rollout/                |             |
|    ep_len_mean          | 1.98e+03    |
|    ep_rew_mean          | 2.79e+03    |
| time/                   |             |
|    fps                  | 2087        |
|    iterations           | 314         |
|    time_elapsed         | 5854        |
|    total_timesteps      | 12218368    |
| train/                  |             |
|    approx_kl            | 0.008924414 |
|    clip_fraction        | 0.101       |
|    clip_range           | 0.2         |
|    entropy_loss         | 4.1         |
|    explained_variance   | 0.99        |
|    learning_rate        | 0.000178    |
|    loss                 | 2.83        |
|    n_updates            | 3130        |
|    policy_gradient_loss | 0.000378    |
|    std                  | 0.0312      |
|    value_loss           | 3.95        |
-----------------------------------------
-----------------------------------------
| rollout/                |             |
|    ep_len_mean          | 1.98e+03    |
|    ep_rew_mean          | 2.8e+03     |
| time/                   |             |
|    fps                  | 2091        |
|    iterations           | 315         |
|    time_elapsed         | 5860        |
|    total_timesteps      | 12257280    |
| train/                  |             |
|    approx_kl            | 0.008268747 |
|    clip_fraction        | 0.0994      |
|    clip_range           | 0.2         |
|    entropy_loss         | 4.09        |
|    explained_variance   | 0.983       |
|    learning_rate        | 0.000178    |
|    loss                 | 2.3         |
|    n_updates            | 3140        |
|    policy_gradient_loss | 0.000667    |
|    std                  | 0.0314      |
|    value_loss           | 4.59        |
-----------------------------------------
-----------------------------------------
| rollout/                |             |
|    ep_len_mean          | 1.99e+03    |
|    ep_rew_mean          | 2.81e+03    |
| time/                   |             |
|    fps                  | 2095        |
|    iterations           | 316         |
|    time_elapsed         | 5867        |
|    total_timesteps      | 12296192    |
| train/                  |             |
|    approx_kl            | 0.013252373 |
|    clip_fraction        | 0.0853      |
|    clip_range           | 0.2         |
|    entropy_loss         | 4.06        |
|    explained_variance   | 0.973       |
|    learning_rate        | 0.000177    |
|    loss                 | 2.86        |
|    n_updates            | 3150        |
|    policy_gradient_loss | -0.000398   |
|    std                  | 0.0319      |
|    value_loss           | 6           |
-----------------------------------------
-----------------------------------------
| rollout/                |             |
|    ep_len_mean          | 1.99e+03    |
|    ep_rew_mean          | 2.78e+03    |
| time/                   |             |
|    fps                  | 2100        |
|    iterations           | 317         |
|    time_elapsed         | 5873        |
|    total_timesteps      | 12335104    |
| train/                  |             |
|    approx_kl            | 0.008155177 |
|    clip_fraction        | 0.107       |
|    clip_range           | 0.2         |
|    entropy_loss         | 4.05        |
|    explained_variance   | 0.986       |
|    learning_rate        | 0.000177    |
|    loss                 | 3.71        |
|    n_updates            | 3160        |
|    policy_gradient_loss | -9.29e-05   |
|    std                  | 0.032       |
|    value_loss           | 4.9         |
-----------------------------------------
Eval num_timesteps=12350000, episode_reward=2030.74 +/- 1199.95
Episode length: 1976.55 +/- 74.81
-----------------------------------------
| eval/                   |             |
|    mean_ep_length       | 1.98e+03    |
|    mean_reward          | 2.03e+03    |
| time/                   |             |
|    total_timesteps      | 12350000    |
| train/                  |             |
|    approx_kl            | 0.009353623 |
|    clip_fraction        | 0.103       |
|    clip_range           | 0.2         |
|    entropy_loss         | 4.04        |
|    explained_variance   | 0.991       |
|    learning_rate        | 0.000177    |
|    loss                 | 2.13        |
|    n_updates            | 3170        |
|    policy_gradient_loss | 0.00526     |
|    std                  | 0.0323      |
|    value_loss           | 3.12        |
-----------------------------------------
---------------------------------
| rollout/           |          |
|    ep_len_mean     | 2e+03    |
|    ep_rew_mean     | 2.8e+03  |
| time/              |          |
|    fps             | 2097     |
|    iterations      | 318      |
|    time_elapsed    | 5898     |
|    total_timesteps | 12374016 |
---------------------------------
------------------------------------------
| rollout/                |              |
|    ep_len_mean          | 1.99e+03     |
|    ep_rew_mean          | 2.76e+03     |
| time/                   |              |
|    fps                  | 2102         |
|    iterations           | 319          |
|    time_elapsed         | 5905         |
|    total_timesteps      | 12412928     |
| train/                  |              |
|    approx_kl            | 0.0078532295 |
|    clip_fraction        | 0.0886       |
|    clip_range           | 0.2          |
|    entropy_loss         | 4.03         |
|    explained_variance   | 0.984        |
|    learning_rate        | 0.000176     |
|    loss                 | 4.44         |
|    n_updates            | 3180         |
|    policy_gradient_loss | -9.96e-05    |
|    std                  | 0.0323       |
|    value_loss           | 6.03         |
------------------------------------------
-----------------------------------------
| rollout/                |             |
|    ep_len_mean          | 1.99e+03    |
|    ep_rew_mean          | 2.78e+03    |
| time/                   |             |
|    fps                  | 2106        |
|    iterations           | 320         |
|    time_elapsed         | 5911        |
|    total_timesteps      | 12451840    |
| train/                  |             |
|    approx_kl            | 0.008417831 |
|    clip_fraction        | 0.0926      |
|    clip_range           | 0.2         |
|    entropy_loss         | 4.02        |
|    explained_variance   | 0.987       |
|    learning_rate        | 0.000176    |
|    loss                 | 1.75        |
|    n_updates            | 3190        |
|    policy_gradient_loss | 0.00358     |
|    std                  | 0.0325      |
|    value_loss           | 5.22        |
-----------------------------------------
-----------------------------------------
| rollout/                |             |
|    ep_len_mean          | 1.98e+03    |
|    ep_rew_mean          | 2.71e+03    |
| time/                   |             |
|    fps                  | 2110        |
|    iterations           | 321         |
|    time_elapsed         | 5918        |
|    total_timesteps      | 12490752    |
| train/                  |             |
|    approx_kl            | 0.010905006 |
|    clip_fraction        | 0.0838      |
|    clip_range           | 0.2         |
|    entropy_loss         | 4.01        |
|    explained_variance   | 0.989       |
|    learning_rate        | 0.000175    |
|    loss                 | 2.21        |
|    n_updates            | 3200        |
|    policy_gradient_loss | 0.00467     |
|    std                  | 0.0326      |
|    value_loss           | 5.5         |
-----------------------------------------
-----------------------------------------
| rollout/                |             |
|    ep_len_mean          | 1.98e+03    |
|    ep_rew_mean          | 2.69e+03    |
| time/                   |             |
|    fps                  | 2114        |
|    iterations           | 322         |
|    time_elapsed         | 5924        |
|    total_timesteps      | 12529664    |
| train/                  |             |
|    approx_kl            | 0.009584604 |
|    clip_fraction        | 0.0837      |
|    clip_range           | 0.2         |
|    entropy_loss         | 3.99        |
|    explained_variance   | 0.986       |
|    learning_rate        | 0.000175    |
|    loss                 | 3.02        |
|    n_updates            | 3210        |
|    policy_gradient_loss | 0.000889    |
|    std                  | 0.0331      |
|    value_loss           | 6.44        |
-----------------------------------------
Eval num_timesteps=12540000, episode_reward=2042.95 +/- 1211.99
Episode length: 1972.60 +/- 82.61
----------------------------------------
| eval/                   |            |
|    mean_ep_length       | 1.97e+03   |
|    mean_reward          | 2.04e+03   |
| time/                   |            |
|    total_timesteps      | 12540000   |
| train/                  |            |
|    approx_kl            | 0.00850884 |
|    clip_fraction        | 0.104      |
|    clip_range           | 0.2        |
|    entropy_loss         | 3.98       |
|    explained_variance   | 0.989      |
|    learning_rate        | 0.000175   |
|    loss                 | 1.14       |
|    n_updates            | 3220       |
|    policy_gradient_loss | 0.000426   |
|    std                  | 0.0331     |
|    value_loss           | 4          |
----------------------------------------
---------------------------------
| rollout/           |          |
|    ep_len_mean     | 1.97e+03 |
|    ep_rew_mean     | 2.7e+03  |
| time/              |          |
|    fps             | 2112     |
|    iterations      | 323      |
|    time_elapsed    | 5949     |
|    total_timesteps | 12568576 |
---------------------------------
-----------------------------------------
| rollout/                |             |
|    ep_len_mean          | 1.98e+03    |
|    ep_rew_mean          | 2.71e+03    |
| time/                   |             |
|    fps                  | 2116        |
|    iterations           | 324         |
|    time_elapsed         | 5955        |
|    total_timesteps      | 12607488    |
| train/                  |             |
|    approx_kl            | 0.008104615 |
|    clip_fraction        | 0.0942      |
|    clip_range           | 0.2         |
|    entropy_loss         | 3.98        |
|    explained_variance   | 0.985       |
|    learning_rate        | 0.000174    |
|    loss                 | 2.88        |
|    n_updates            | 3230        |
|    policy_gradient_loss | -0.00123    |
|    std                  | 0.0331      |
|    value_loss           | 7.29        |
-----------------------------------------
------------------------------------------
| rollout/                |              |
|    ep_len_mean          | 1.97e+03     |
|    ep_rew_mean          | 2.69e+03     |
| time/                   |              |
|    fps                  | 2121         |
|    iterations           | 325          |
|    time_elapsed         | 5962         |
|    total_timesteps      | 12646400     |
| train/                  |              |
|    approx_kl            | 0.0077799456 |
|    clip_fraction        | 0.0735       |
|    clip_range           | 0.2          |
|    entropy_loss         | 3.97         |
|    explained_variance   | 0.988        |
|    learning_rate        | 0.000174     |
|    loss                 | 3.1          |
|    n_updates            | 3240         |
|    policy_gradient_loss | 4.76e-05     |
|    std                  | 0.0334       |
|    value_loss           | 5.74         |
------------------------------------------
-----------------------------------------
| rollout/                |             |
|    ep_len_mean          | 1.98e+03    |
|    ep_rew_mean          | 2.7e+03     |
| time/                   |             |
|    fps                  | 2125        |
|    iterations           | 326         |
|    time_elapsed         | 5968        |
|    total_timesteps      | 12685312    |
| train/                  |             |
|    approx_kl            | 0.008269876 |
|    clip_fraction        | 0.0891      |
|    clip_range           | 0.2         |
|    entropy_loss         | 3.97        |
|    explained_variance   | 0.989       |
|    learning_rate        | 0.000174    |
|    loss                 | 2.19        |
|    n_updates            | 3250        |
|    policy_gradient_loss | 0.00205     |
|    std                  | 0.0333      |
|    value_loss           | 5.11        |
-----------------------------------------
-----------------------------------------
| rollout/                |             |
|    ep_len_mean          | 1.98e+03    |
|    ep_rew_mean          | 2.66e+03    |
| time/                   |             |
|    fps                  | 2129        |
|    iterations           | 327         |
|    time_elapsed         | 5975        |
|    total_timesteps      | 12724224    |
| train/                  |             |
|    approx_kl            | 0.009851216 |
|    clip_fraction        | 0.0789      |
|    clip_range           | 0.2         |
|    entropy_loss         | 3.97        |
|    explained_variance   | 0.979       |
|    learning_rate        | 0.000173    |
|    loss                 | 3.09        |
|    n_updates            | 3260        |
|    policy_gradient_loss | 0.00261     |
|    std                  | 0.0333      |
|    value_loss           | 6.07        |
-----------------------------------------
Eval num_timesteps=12730000, episode_reward=2100.59 +/- 1195.92
Episode length: 1971.85 +/- 84.72
-----------------------------------------
| eval/                   |             |
|    mean_ep_length       | 1.97e+03    |
|    mean_reward          | 2.1e+03     |
| time/                   |             |
|    total_timesteps      | 12730000    |
| train/                  |             |
|    approx_kl            | 0.009033364 |
|    clip_fraction        | 0.0735      |
|    clip_range           | 0.2         |
|    entropy_loss         | 3.96        |
|    explained_variance   | 0.988       |
|    learning_rate        | 0.000173    |
|    loss                 | 2.6         |
|    n_updates            | 3270        |
|    policy_gradient_loss | 0.000726    |
|    std                  | 0.0337      |
|    value_loss           | 5.65        |
-----------------------------------------
New best mean reward!
---------------------------------
| rollout/           |          |
|    ep_len_mean     | 1.99e+03 |
|    ep_rew_mean     | 2.68e+03 |
| time/              |          |
|    fps             | 2127     |
|    iterations      | 328      |
|    time_elapsed    | 5999     |
|    total_timesteps | 12763136 |
---------------------------------
-----------------------------------------
| rollout/                |             |
|    ep_len_mean          | 1.98e+03    |
|    ep_rew_mean          | 2.61e+03    |
| time/                   |             |
|    fps                  | 2131        |
|    iterations           | 329         |
|    time_elapsed         | 6006        |
|    total_timesteps      | 12802048    |
| train/                  |             |
|    approx_kl            | 0.009332264 |
|    clip_fraction        | 0.123       |
|    clip_range           | 0.2         |
|    entropy_loss         | 3.94        |
|    explained_variance   | 0.981       |
|    learning_rate        | 0.000172    |
|    loss                 | 5.7         |
|    n_updates            | 3280        |
|    policy_gradient_loss | 0.000467    |
|    std                  | 0.0338      |
|    value_loss           | 6.49        |
-----------------------------------------
------------------------------------------
| rollout/                |              |
|    ep_len_mean          | 1.98e+03     |
|    ep_rew_mean          | 2.61e+03     |
| time/                   |              |
|    fps                  | 2135         |
|    iterations           | 330          |
|    time_elapsed         | 6012         |
|    total_timesteps      | 12840960     |
| train/                  |              |
|    approx_kl            | 0.0065999446 |
|    clip_fraction        | 0.0804       |
|    clip_range           | 0.2          |
|    entropy_loss         | 3.94         |
|    explained_variance   | 0.99         |
|    learning_rate        | 0.000172     |
|    loss                 | 1.77         |
|    n_updates            | 3290         |
|    policy_gradient_loss | 0.00128      |
|    std                  | 0.0339       |
|    value_loss           | 5.6          |
------------------------------------------
------------------------------------------
| rollout/                |              |
|    ep_len_mean          | 1.98e+03     |
|    ep_rew_mean          | 2.61e+03     |
| time/                   |              |
|    fps                  | 2139         |
|    iterations           | 331          |
|    time_elapsed         | 6019         |
|    total_timesteps      | 12879872     |
| train/                  |              |
|    approx_kl            | 0.0072122603 |
|    clip_fraction        | 0.0939       |
|    clip_range           | 0.2          |
|    entropy_loss         | 3.92         |
|    explained_variance   | 0.983        |
|    learning_rate        | 0.000172     |
|    loss                 | 3.43         |
|    n_updates            | 3300         |
|    policy_gradient_loss | 0.00204      |
|    std                  | 0.0342       |
|    value_loss           | 5.3          |
------------------------------------------
-----------------------------------------
| rollout/                |             |
|    ep_len_mean          | 1.98e+03    |
|    ep_rew_mean          | 2.57e+03    |
| time/                   |             |
|    fps                  | 2143        |
|    iterations           | 332         |
|    time_elapsed         | 6025        |
|    total_timesteps      | 12918784    |
| train/                  |             |
|    approx_kl            | 0.006823825 |
|    clip_fraction        | 0.0792      |
|    clip_range           | 0.2         |
|    entropy_loss         | 3.9         |
|    explained_variance   | 0.984       |
|    learning_rate        | 0.000171    |
|    loss                 | 3.46        |
|    n_updates            | 3310        |
|    policy_gradient_loss | 0.00204     |
|    std                  | 0.0346      |
|    value_loss           | 5.66        |
-----------------------------------------
Eval num_timesteps=12920000, episode_reward=2143.11 +/- 1157.33
Episode length: 1947.15 +/- 159.55
-----------------------------------------
| eval/                   |             |
|    mean_ep_length       | 1.95e+03    |
|    mean_reward          | 2.14e+03    |
| time/                   |             |
|    total_timesteps      | 12920000    |
| train/                  |             |
|    approx_kl            | 0.008434071 |
|    clip_fraction        | 0.0829      |
|    clip_range           | 0.2         |
|    entropy_loss         | 3.89        |
|    explained_variance   | 0.989       |
|    learning_rate        | 0.000171    |
|    loss                 | 1.14        |
|    n_updates            | 3320        |
|    policy_gradient_loss | -0.000855   |
|    std                  | 0.0347      |
|    value_loss           | 7.07        |
-----------------------------------------
New best mean reward!
---------------------------------
| rollout/           |          |
|    ep_len_mean     | 1.98e+03 |
|    ep_rew_mean     | 2.58e+03 |
| time/              |          |
|    fps             | 2141     |
|    iterations      | 333      |
|    time_elapsed    | 6050     |
|    total_timesteps | 12957696 |
---------------------------------
-----------------------------------------
| rollout/                |             |
|    ep_len_mean          | 1.97e+03    |
|    ep_rew_mean          | 2.6e+03     |
| time/                   |             |
|    fps                  | 2145        |
|    iterations           | 334         |
|    time_elapsed         | 6056        |
|    total_timesteps      | 12996608    |
| train/                  |             |
|    approx_kl            | 0.009509009 |
|    clip_fraction        | 0.112       |
|    clip_range           | 0.2         |
|    entropy_loss         | 3.87        |
|    explained_variance   | 0.981       |
|    learning_rate        | 0.00017     |
|    loss                 | 1.32        |
|    n_updates            | 3330        |
|    policy_gradient_loss | 0.000636    |
|    std                  | 0.035       |
|    value_loss           | 5.05        |
-----------------------------------------
-----------------------------------------
| rollout/                |             |
|    ep_len_mean          | 1.97e+03    |
|    ep_rew_mean          | 2.65e+03    |
| time/                   |             |
|    fps                  | 2149        |
|    iterations           | 335         |
|    time_elapsed         | 6063        |
|    total_timesteps      | 13035520    |
| train/                  |             |
|    approx_kl            | 0.007208314 |
|    clip_fraction        | 0.068       |
|    clip_range           | 0.2         |
|    entropy_loss         | 3.86        |
|    explained_variance   | 0.979       |
|    learning_rate        | 0.00017     |
|    loss                 | 1.51        |
|    n_updates            | 3340        |
|    policy_gradient_loss | 8.29e-05    |
|    std                  | 0.0352      |
|    value_loss           | 8.9         |
-----------------------------------------
------------------------------------------
| rollout/                |              |
|    ep_len_mean          | 1.98e+03     |
|    ep_rew_mean          | 2.64e+03     |
| time/                   |              |
|    fps                  | 2154         |
|    iterations           | 336          |
|    time_elapsed         | 6069         |
|    total_timesteps      | 13074432     |
| train/                  |              |
|    approx_kl            | 0.0067509506 |
|    clip_fraction        | 0.0798       |
|    clip_range           | 0.2          |
|    entropy_loss         | 3.85         |
|    explained_variance   | 0.988        |
|    learning_rate        | 0.00017      |
|    loss                 | 4.79         |
|    n_updates            | 3350         |
|    policy_gradient_loss | 0.000189     |
|    std                  | 0.0354       |
|    value_loss           | 6.03         |
------------------------------------------
Eval num_timesteps=13110000, episode_reward=2220.30 +/- 1158.63
Episode length: 1971.95 +/- 97.62
------------------------------------------
| eval/                   |              |
|    mean_ep_length       | 1.97e+03     |
|    mean_reward          | 2.22e+03     |
| time/                   |              |
|    total_timesteps      | 13110000     |
| train/                  |              |
|    approx_kl            | 0.0075604194 |
|    clip_fraction        | 0.075        |
|    clip_range           | 0.2          |
|    entropy_loss         | 3.84         |
|    explained_variance   | 0.985        |
|    learning_rate        | 0.000169     |
|    loss                 | 4.19         |
|    n_updates            | 3360         |
|    policy_gradient_loss | 0.000922     |
|    std                  | 0.0355       |
|    value_loss           | 8.39         |
------------------------------------------
New best mean reward!
---------------------------------
| rollout/           |          |
|    ep_len_mean     | 1.98e+03 |
|    ep_rew_mean     | 2.68e+03 |
| time/              |          |
|    fps             | 2151     |
|    iterations      | 337      |
|    time_elapsed    | 6094     |
|    total_timesteps | 13113344 |
---------------------------------
-----------------------------------------
| rollout/                |             |
|    ep_len_mean          | 1.97e+03    |
|    ep_rew_mean          | 2.63e+03    |
| time/                   |             |
|    fps                  | 2155        |
|    iterations           | 338         |
|    time_elapsed         | 6100        |
|    total_timesteps      | 13152256    |
| train/                  |             |
|    approx_kl            | 0.008119739 |
|    clip_fraction        | 0.0872      |
|    clip_range           | 0.2         |
|    entropy_loss         | 3.83        |
|    explained_variance   | 0.985       |
|    learning_rate        | 0.000169    |
|    loss                 | 2.79        |
|    n_updates            | 3370        |
|    policy_gradient_loss | 0.000754    |
|    std                  | 0.0357      |
|    value_loss           | 7.65        |
-----------------------------------------
-----------------------------------------
| rollout/                |             |
|    ep_len_mean          | 1.97e+03    |
|    ep_rew_mean          | 2.58e+03    |
| time/                   |             |
|    fps                  | 2159        |
|    iterations           | 339         |
|    time_elapsed         | 6107        |
|    total_timesteps      | 13191168    |
| train/                  |             |
|    approx_kl            | 0.012499451 |
|    clip_fraction        | 0.0952      |
|    clip_range           | 0.2         |
|    entropy_loss         | 3.81        |
|    explained_variance   | 0.982       |
|    learning_rate        | 0.000168    |
|    loss                 | 1.61        |
|    n_updates            | 3380        |
|    policy_gradient_loss | 0.000676    |
|    std                  | 0.0362      |
|    value_loss           | 5.97        |
-----------------------------------------
-----------------------------------------
| rollout/                |             |
|    ep_len_mean          | 1.96e+03    |
|    ep_rew_mean          | 2.52e+03    |
| time/                   |             |
|    fps                  | 2163        |
|    iterations           | 340         |
|    time_elapsed         | 6113        |
|    total_timesteps      | 13230080    |
| train/                  |             |
|    approx_kl            | 0.009713843 |
|    clip_fraction        | 0.0776      |
|    clip_range           | 0.2         |
|    entropy_loss         | 3.8         |
|    explained_variance   | 0.988       |
|    learning_rate        | 0.000168    |
|    loss                 | 3.24        |
|    n_updates            | 3390        |
|    policy_gradient_loss | -0.00031    |
|    std                  | 0.0363      |
|    value_loss           | 6.91        |
-----------------------------------------
-----------------------------------------
| rollout/                |             |
|    ep_len_mean          | 1.96e+03    |
|    ep_rew_mean          | 2.51e+03    |
| time/                   |             |
|    fps                  | 2168        |
|    iterations           | 341         |
|    time_elapsed         | 6120        |
|    total_timesteps      | 13268992    |
| train/                  |             |
|    approx_kl            | 0.010974163 |
|    clip_fraction        | 0.112       |
|    clip_range           | 0.2         |
|    entropy_loss         | 3.8         |
|    explained_variance   | 0.988       |
|    learning_rate        | 0.000168    |
|    loss                 | 2.42        |
|    n_updates            | 3400        |
|    policy_gradient_loss | 0.00511     |
|    std                  | 0.0362      |
|    value_loss           | 6.62        |
-----------------------------------------
Eval num_timesteps=13300000, episode_reward=2314.46 +/- 1124.80
Episode length: 1998.35 +/- 7.19
------------------------------------------
| eval/                   |              |
|    mean_ep_length       | 2e+03        |
|    mean_reward          | 2.31e+03     |
| time/                   |              |
|    total_timesteps      | 13300000     |
| train/                  |              |
|    approx_kl            | 0.0065496345 |
|    clip_fraction        | 0.0626       |
|    clip_range           | 0.2          |
|    entropy_loss         | 3.79         |
|    explained_variance   | 0.986        |
|    learning_rate        | 0.000167     |
|    loss                 | 3.71         |
|    n_updates            | 3410         |
|    policy_gradient_loss | 0.000576     |
|    std                  | 0.0364       |
|    value_loss           | 5.43         |
------------------------------------------
New best mean reward!
---------------------------------
| rollout/           |          |
|    ep_len_mean     | 1.96e+03 |
|    ep_rew_mean     | 2.55e+03 |
| time/              |          |
|    fps             | 2165     |
|    iterations      | 342      |
|    time_elapsed    | 6145     |
|    total_timesteps | 13307904 |
---------------------------------
-----------------------------------------
| rollout/                |             |
|    ep_len_mean          | 1.97e+03    |
|    ep_rew_mean          | 2.6e+03     |
| time/                   |             |
|    fps                  | 2169        |
|    iterations           | 343         |
|    time_elapsed         | 6151        |
|    total_timesteps      | 13346816    |
| train/                  |             |
|    approx_kl            | 0.008951081 |
|    clip_fraction        | 0.086       |
|    clip_range           | 0.2         |
|    entropy_loss         | 3.78        |
|    explained_variance   | 0.987       |
|    learning_rate        | 0.000167    |
|    loss                 | 5.03        |
|    n_updates            | 3420        |
|    policy_gradient_loss | 0.00163     |
|    std                  | 0.0367      |
|    value_loss           | 6.31        |
-----------------------------------------
------------------------------------------
| rollout/                |              |
|    ep_len_mean          | 1.98e+03     |
|    ep_rew_mean          | 2.62e+03     |
| time/                   |              |
|    fps                  | 2173         |
|    iterations           | 344          |
|    time_elapsed         | 6157         |
|    total_timesteps      | 13385728     |
| train/                  |              |
|    approx_kl            | 0.0068555763 |
|    clip_fraction        | 0.0717       |
|    clip_range           | 0.2          |
|    entropy_loss         | 3.77         |
|    explained_variance   | 0.985        |
|    learning_rate        | 0.000167     |
|    loss                 | 3.45         |
|    n_updates            | 3430         |
|    policy_gradient_loss | -0.00151     |
|    std                  | 0.0367       |
|    value_loss           | 7.3          |
------------------------------------------
-----------------------------------------
| rollout/                |             |
|    ep_len_mean          | 1.99e+03    |
|    ep_rew_mean          | 2.67e+03    |
| time/                   |             |
|    fps                  | 2177        |
|    iterations           | 345         |
|    time_elapsed         | 6164        |
|    total_timesteps      | 13424640    |
| train/                  |             |
|    approx_kl            | 0.009676264 |
|    clip_fraction        | 0.0816      |
|    clip_range           | 0.2         |
|    entropy_loss         | 3.77        |
|    explained_variance   | 0.982       |
|    learning_rate        | 0.000166    |
|    loss                 | 2.09        |
|    n_updates            | 3440        |
|    policy_gradient_loss | 0.000666    |
|    std                  | 0.0366      |
|    value_loss           | 9.49        |
-----------------------------------------
-----------------------------------------
| rollout/                |             |
|    ep_len_mean          | 1.99e+03    |
|    ep_rew_mean          | 2.67e+03    |
| time/                   |             |
|    fps                  | 2181        |
|    iterations           | 346         |
|    time_elapsed         | 6171        |
|    total_timesteps      | 13463552    |
| train/                  |             |
|    approx_kl            | 0.011899059 |
|    clip_fraction        | 0.12        |
|    clip_range           | 0.2         |
|    entropy_loss         | 3.78        |
|    explained_variance   | 0.98        |
|    learning_rate        | 0.000166    |
|    loss                 | 3.83        |
|    n_updates            | 3450        |
|    policy_gradient_loss | -0.00011    |
|    std                  | 0.0367      |
|    value_loss           | 7.13        |
-----------------------------------------
Eval num_timesteps=13490000, episode_reward=2406.85 +/- 1073.33
Episode length: 2000.00 +/- 0.00
----------------------------------------
| eval/                   |            |
|    mean_ep_length       | 2e+03      |
|    mean_reward          | 2.41e+03   |
| time/                   |            |
|    total_timesteps      | 13490000   |
| train/                  |            |
|    approx_kl            | 0.00803476 |
|    clip_fraction        | 0.079      |
|    clip_range           | 0.2        |
|    entropy_loss         | 3.77       |
|    explained_variance   | 0.987      |
|    learning_rate        | 0.000165   |
|    loss                 | 2.6        |
|    n_updates            | 3460       |
|    policy_gradient_loss | -0.0014    |
|    std                  | 0.0367     |
|    value_loss           | 7.32       |
----------------------------------------
New best mean reward!
---------------------------------
| rollout/           |          |
|    ep_len_mean     | 1.99e+03 |
|    ep_rew_mean     | 2.67e+03 |
| time/              |          |
|    fps             | 2179     |
|    iterations      | 347      |
|    time_elapsed    | 6196     |
|    total_timesteps | 13502464 |
---------------------------------
-----------------------------------------
| rollout/                |             |
|    ep_len_mean          | 1.99e+03    |
|    ep_rew_mean          | 2.63e+03    |
| time/                   |             |
|    fps                  | 2183        |
|    iterations           | 348         |
|    time_elapsed         | 6202        |
|    total_timesteps      | 13541376    |
| train/                  |             |
|    approx_kl            | 0.008163281 |
|    clip_fraction        | 0.104       |
|    clip_range           | 0.2         |
|    entropy_loss         | 3.77        |
|    explained_variance   | 0.989       |
|    learning_rate        | 0.000165    |
|    loss                 | 1.09        |
|    n_updates            | 3470        |
|    policy_gradient_loss | -7.42e-05   |
|    std                  | 0.0368      |
|    value_loss           | 4.62        |
-----------------------------------------
-----------------------------------------
| rollout/                |             |
|    ep_len_mean          | 1.99e+03    |
|    ep_rew_mean          | 2.6e+03     |
| time/                   |             |
|    fps                  | 2187        |
|    iterations           | 349         |
|    time_elapsed         | 6209        |
|    total_timesteps      | 13580288    |
| train/                  |             |
|    approx_kl            | 0.007906795 |
|    clip_fraction        | 0.0785      |
|    clip_range           | 0.2         |
|    entropy_loss         | 3.77        |
|    explained_variance   | 0.979       |
|    learning_rate        | 0.000165    |
|    loss                 | 3.38        |
|    n_updates            | 3480        |
|    policy_gradient_loss | 0.000144    |
|    std                  | 0.0368      |
|    value_loss           | 8.17        |
-----------------------------------------
-----------------------------------------
| rollout/                |             |
|    ep_len_mean          | 1.98e+03    |
|    ep_rew_mean          | 2.58e+03    |
| time/                   |             |
|    fps                  | 2191        |
|    iterations           | 350         |
|    time_elapsed         | 6215        |
|    total_timesteps      | 13619200    |
| train/                  |             |
|    approx_kl            | 0.006985167 |
|    clip_fraction        | 0.074       |
|    clip_range           | 0.2         |
|    entropy_loss         | 3.77        |
|    explained_variance   | 0.989       |
|    learning_rate        | 0.000164    |
|    loss                 | 1.32        |
|    n_updates            | 3490        |
|    policy_gradient_loss | 0.000378    |
|    std                  | 0.0367      |
|    value_loss           | 5.37        |
-----------------------------------------
-----------------------------------------
| rollout/                |             |
|    ep_len_mean          | 1.98e+03    |
|    ep_rew_mean          | 2.59e+03    |
| time/                   |             |
|    fps                  | 2195        |
|    iterations           | 351         |
|    time_elapsed         | 6221        |
|    total_timesteps      | 13658112    |
| train/                  |             |
|    approx_kl            | 0.006919659 |
|    clip_fraction        | 0.0685      |
|    clip_range           | 0.2         |
|    entropy_loss         | 3.78        |
|    explained_variance   | 0.978       |
|    learning_rate        | 0.000164    |
|    loss                 | 3.44        |
|    n_updates            | 3500        |
|    policy_gradient_loss | 0.000788    |
|    std                  | 0.0366      |
|    value_loss           | 7.6         |
-----------------------------------------
Eval num_timesteps=13680000, episode_reward=2378.01 +/- 1015.77
Episode length: 1995.85 +/- 18.09
----------------------------------------
| eval/                   |            |
|    mean_ep_length       | 2e+03      |
|    mean_reward          | 2.38e+03   |
| time/                   |            |
|    total_timesteps      | 13680000   |
| train/                  |            |
|    approx_kl            | 0.00812855 |
|    clip_fraction        | 0.0945     |
|    clip_range           | 0.2        |
|    entropy_loss         | 3.78       |
|    explained_variance   | 0.982      |
|    learning_rate        | 0.000163   |
|    loss                 | 2.72       |
|    n_updates            | 3510       |
|    policy_gradient_loss | -0.00185   |
|    std                  | 0.0366     |
|    value_loss           | 7.31       |
----------------------------------------
---------------------------------
| rollout/           |          |
|    ep_len_mean     | 1.98e+03 |
|    ep_rew_mean     | 2.57e+03 |
| time/              |          |
|    fps             | 2192     |
|    iterations      | 352      |
|    time_elapsed    | 6246     |
|    total_timesteps | 13697024 |
---------------------------------
-----------------------------------------
| rollout/                |             |
|    ep_len_mean          | 1.98e+03    |
|    ep_rew_mean          | 2.59e+03    |
| time/                   |             |
|    fps                  | 2196        |
|    iterations           | 353         |
|    time_elapsed         | 6253        |
|    total_timesteps      | 13735936    |
| train/                  |             |
|    approx_kl            | 0.009514154 |
|    clip_fraction        | 0.104       |
|    clip_range           | 0.2         |
|    entropy_loss         | 3.79        |
|    explained_variance   | 0.986       |
|    learning_rate        | 0.000163    |
|    loss                 | 2.4         |
|    n_updates            | 3520        |
|    policy_gradient_loss | -0.000623   |
|    std                  | 0.0364      |
|    value_loss           | 5.72        |
-----------------------------------------
-----------------------------------------
| rollout/                |             |
|    ep_len_mean          | 1.99e+03    |
|    ep_rew_mean          | 2.63e+03    |
| time/                   |             |
|    fps                  | 2200        |
|    iterations           | 354         |
|    time_elapsed         | 6259        |
|    total_timesteps      | 13774848    |
| train/                  |             |
|    approx_kl            | 0.008764068 |
|    clip_fraction        | 0.0749      |
|    clip_range           | 0.2         |
|    entropy_loss         | 3.78        |
|    explained_variance   | 0.979       |
|    learning_rate        | 0.000163    |
|    loss                 | 3.27        |
|    n_updates            | 3530        |
|    policy_gradient_loss | -0.00121    |
|    std                  | 0.0367      |
|    value_loss           | 7.94        |
-----------------------------------------
----------------------------------------
| rollout/                |            |
|    ep_len_mean          | 1.99e+03   |
|    ep_rew_mean          | 2.62e+03   |
| time/                   |            |
|    fps                  | 2204       |
|    iterations           | 355        |
|    time_elapsed         | 6266       |
|    total_timesteps      | 13813760   |
| train/                  |            |
|    approx_kl            | 0.00643909 |
|    clip_fraction        | 0.0678     |
|    clip_range           | 0.2        |
|    entropy_loss         | 3.77       |
|    explained_variance   | 0.981      |
|    learning_rate        | 0.000162   |
|    loss                 | 3.32       |
|    n_updates            | 3540       |
|    policy_gradient_loss | -0.000404  |
|    std                  | 0.0368     |
|    value_loss           | 8.07       |
----------------------------------------
------------------------------------------
| rollout/                |              |
|    ep_len_mean          | 1.97e+03     |
|    ep_rew_mean          | 2.57e+03     |
| time/                   |              |
|    fps                  | 2208         |
|    iterations           | 356          |
|    time_elapsed         | 6272         |
|    total_timesteps      | 13852672     |
| train/                  |              |
|    approx_kl            | 0.0087418165 |
|    clip_fraction        | 0.0873       |
|    clip_range           | 0.2          |
|    entropy_loss         | 3.76         |
|    explained_variance   | 0.984        |
|    learning_rate        | 0.000162     |
|    loss                 | 4.21         |
|    n_updates            | 3550         |
|    policy_gradient_loss | 0.00109      |
|    std                  | 0.0371       |
|    value_loss           | 6.98         |
------------------------------------------
Eval num_timesteps=13870000, episode_reward=2368.82 +/- 956.52
Episode length: 1986.70 +/- 57.97
-----------------------------------------
| eval/                   |             |
|    mean_ep_length       | 1.99e+03    |
|    mean_reward          | 2.37e+03    |
| time/                   |             |
|    total_timesteps      | 13870000    |
| train/                  |             |
|    approx_kl            | 0.008276587 |
|    clip_fraction        | 0.0728      |
|    clip_range           | 0.2         |
|    entropy_loss         | 3.74        |
|    explained_variance   | 0.985       |
|    learning_rate        | 0.000161    |
|    loss                 | 2.09        |
|    n_updates            | 3560        |
|    policy_gradient_loss | -0.000502   |
|    std                  | 0.0374      |
|    value_loss           | 7.09        |
-----------------------------------------
---------------------------------
| rollout/           |          |
|    ep_len_mean     | 1.97e+03 |
|    ep_rew_mean     | 2.55e+03 |
| time/              |          |
|    fps             | 2205     |
|    iterations      | 357      |
|    time_elapsed    | 6297     |
|    total_timesteps | 13891584 |
---------------------------------
-----------------------------------------
| rollout/                |             |
|    ep_len_mean          | 1.97e+03    |
|    ep_rew_mean          | 2.53e+03    |
| time/                   |             |
|    fps                  | 2209        |
|    iterations           | 358         |
|    time_elapsed         | 6304        |
|    total_timesteps      | 13930496    |
| train/                  |             |
|    approx_kl            | 0.007864642 |
|    clip_fraction        | 0.0913      |
|    clip_range           | 0.2         |
|    entropy_loss         | 3.73        |
|    explained_variance   | 0.984       |
|    learning_rate        | 0.000161    |
|    loss                 | 2.48        |
|    n_updates            | 3570        |
|    policy_gradient_loss | -0.000818   |
|    std                  | 0.0376      |
|    value_loss           | 6.2         |
-----------------------------------------
------------------------------------------
| rollout/                |              |
|    ep_len_mean          | 1.96e+03     |
|    ep_rew_mean          | 2.51e+03     |
| time/                   |              |
|    fps                  | 2213         |
|    iterations           | 359          |
|    time_elapsed         | 6310         |
|    total_timesteps      | 13969408     |
| train/                  |              |
|    approx_kl            | 0.0070679737 |
|    clip_fraction        | 0.0835       |
|    clip_range           | 0.2          |
|    entropy_loss         | 3.71         |
|    explained_variance   | 0.983        |
|    learning_rate        | 0.000161     |
|    loss                 | 1.61         |
|    n_updates            | 3580         |
|    policy_gradient_loss | -0.000768    |
|    std                  | 0.038        |
|    value_loss           | 8.96         |
------------------------------------------
-----------------------------------------
| rollout/                |             |
|    ep_len_mean          | 1.96e+03    |
|    ep_rew_mean          | 2.5e+03     |
| time/                   |             |
|    fps                  | 2217        |
|    iterations           | 360         |
|    time_elapsed         | 6317        |
|    total_timesteps      | 14008320    |
| train/                  |             |
|    approx_kl            | 0.008479946 |
|    clip_fraction        | 0.0807      |
|    clip_range           | 0.2         |
|    entropy_loss         | 3.7         |
|    explained_variance   | 0.977       |
|    learning_rate        | 0.00016     |
|    loss                 | 3.5         |
|    n_updates            | 3590        |
|    policy_gradient_loss | 0.000516    |
|    std                  | 0.0382      |
|    value_loss           | 8.16        |
-----------------------------------------
------------------------------------------
| rollout/                |              |
|    ep_len_mean          | 1.96e+03     |
|    ep_rew_mean          | 2.54e+03     |
| time/                   |              |
|    fps                  | 2221         |
|    iterations           | 361          |
|    time_elapsed         | 6323         |
|    total_timesteps      | 14047232     |
| train/                  |              |
|    approx_kl            | 0.0112331305 |
|    clip_fraction        | 0.0986       |
|    clip_range           | 0.2          |
|    entropy_loss         | 3.69         |
|    explained_variance   | 0.985        |
|    learning_rate        | 0.00016      |
|    loss                 | 2.27         |
|    n_updates            | 3600         |
|    policy_gradient_loss | 0.00123      |
|    std                  | 0.0383       |
|    value_loss           | 7.13         |
------------------------------------------
Eval num_timesteps=14060000, episode_reward=2346.83 +/- 961.26
Episode length: 1972.60 +/- 82.94
-----------------------------------------
| eval/                   |             |
|    mean_ep_length       | 1.97e+03    |
|    mean_reward          | 2.35e+03    |
| time/                   |             |
|    total_timesteps      | 14060000    |
| train/                  |             |
|    approx_kl            | 0.008359863 |
|    clip_fraction        | 0.0897      |
|    clip_range           | 0.2         |
|    entropy_loss         | 3.68        |
|    explained_variance   | 0.979       |
|    learning_rate        | 0.00016     |
|    loss                 | 1.95        |
|    n_updates            | 3610        |
|    policy_gradient_loss | 7.63e-05    |
|    std                  | 0.0384      |
|    value_loss           | 8.17        |
-----------------------------------------
---------------------------------
| rollout/           |          |
|    ep_len_mean     | 1.96e+03 |
|    ep_rew_mean     | 2.55e+03 |
| time/              |          |
|    fps             | 2218     |
|    iterations      | 362      |
|    time_elapsed    | 6348     |
|    total_timesteps | 14086144 |
---------------------------------
-----------------------------------------
| rollout/                |             |
|    ep_len_mean          | 1.96e+03    |
|    ep_rew_mean          | 2.55e+03    |
| time/                   |             |
|    fps                  | 2222        |
|    iterations           | 363         |
|    time_elapsed         | 6354        |
|    total_timesteps      | 14125056    |
| train/                  |             |
|    approx_kl            | 0.009300527 |
|    clip_fraction        | 0.0889      |
|    clip_range           | 0.2         |
|    entropy_loss         | 3.68        |
|    explained_variance   | 0.978       |
|    learning_rate        | 0.000159    |
|    loss                 | 3.99        |
|    n_updates            | 3620        |
|    policy_gradient_loss | -0.000382   |
|    std                  | 0.0384      |
|    value_loss           | 7.64        |
-----------------------------------------
------------------------------------------
| rollout/                |              |
|    ep_len_mean          | 1.95e+03     |
|    ep_rew_mean          | 2.57e+03     |
| time/                   |              |
|    fps                  | 2226         |
|    iterations           | 364          |
|    time_elapsed         | 6361         |
|    total_timesteps      | 14163968     |
| train/                  |              |
|    approx_kl            | 0.0066626817 |
|    clip_fraction        | 0.0685       |
|    clip_range           | 0.2          |
|    entropy_loss         | 3.68         |
|    explained_variance   | 0.978        |
|    learning_rate        | 0.000159     |
|    loss                 | 4.69         |
|    n_updates            | 3630         |
|    policy_gradient_loss | -0.0012      |
|    std                  | 0.0383       |
|    value_loss           | 9.55         |
------------------------------------------
-----------------------------------------
| rollout/                |             |
|    ep_len_mean          | 1.94e+03    |
|    ep_rew_mean          | 2.57e+03    |
| time/                   |             |
|    fps                  | 2230        |
|    iterations           | 365         |
|    time_elapsed         | 6367        |
|    total_timesteps      | 14202880    |
| train/                  |             |
|    approx_kl            | 0.009411432 |
|    clip_fraction        | 0.0971      |
|    clip_range           | 0.2         |
|    entropy_loss         | 3.67        |
|    explained_variance   | 0.98        |
|    learning_rate        | 0.000158    |
|    loss                 | 3.36        |
|    n_updates            | 3640        |
|    policy_gradient_loss | 0.000156    |
|    std                  | 0.0388      |
|    value_loss           | 8.81        |
-----------------------------------------
------------------------------------------
| rollout/                |              |
|    ep_len_mean          | 1.96e+03     |
|    ep_rew_mean          | 2.61e+03     |
| time/                   |              |
|    fps                  | 2234         |
|    iterations           | 366          |
|    time_elapsed         | 6374         |
|    total_timesteps      | 14241792     |
| train/                  |              |
|    approx_kl            | 0.0070710746 |
|    clip_fraction        | 0.0683       |
|    clip_range           | 0.2          |
|    entropy_loss         | 3.66         |
|    explained_variance   | 0.986        |
|    learning_rate        | 0.000158     |
|    loss                 | 2.96         |
|    n_updates            | 3650         |
|    policy_gradient_loss | -0.00135     |
|    std                  | 0.0389       |
|    value_loss           | 6.01         |
------------------------------------------
Eval num_timesteps=14250000, episode_reward=2572.16 +/- 847.70
Episode length: 2000.00 +/- 0.00
------------------------------------------
| eval/                   |              |
|    mean_ep_length       | 2e+03        |
|    mean_reward          | 2.57e+03     |
| time/                   |              |
|    total_timesteps      | 14250000     |
| train/                  |              |
|    approx_kl            | 0.0064412598 |
|    clip_fraction        | 0.0567       |
|    clip_range           | 0.2          |
|    entropy_loss         | 3.66         |
|    explained_variance   | 0.981        |
|    learning_rate        | 0.000158     |
|    loss                 | 3.21         |
|    n_updates            | 3660         |
|    policy_gradient_loss | -7.95e-05    |
|    std                  | 0.0388       |
|    value_loss           | 10.2         |
------------------------------------------
New best mean reward!
---------------------------------
| rollout/           |          |
|    ep_len_mean     | 1.94e+03 |
|    ep_rew_mean     | 2.6e+03  |
| time/              |          |
|    fps             | 2231     |
|    iterations      | 367      |
|    time_elapsed    | 6399     |
|    total_timesteps | 14280704 |
---------------------------------
-----------------------------------------
| rollout/                |             |
|    ep_len_mean          | 1.95e+03    |
|    ep_rew_mean          | 2.62e+03    |
| time/                   |             |
|    fps                  | 2235        |
|    iterations           | 368         |
|    time_elapsed         | 6405        |
|    total_timesteps      | 14319616    |
| train/                  |             |
|    approx_kl            | 0.008540158 |
|    clip_fraction        | 0.0785      |
|    clip_range           | 0.2         |
|    entropy_loss         | 3.67        |
|    explained_variance   | 0.975       |
|    learning_rate        | 0.000157    |
|    loss                 | 3.3         |
|    n_updates            | 3670        |
|    policy_gradient_loss | -7.57e-05   |
|    std                  | 0.0385      |
|    value_loss           | 7.6         |
-----------------------------------------
-----------------------------------------
| rollout/                |             |
|    ep_len_mean          | 1.95e+03    |
|    ep_rew_mean          | 2.61e+03    |
| time/                   |             |
|    fps                  | 2239        |
|    iterations           | 369         |
|    time_elapsed         | 6412        |
|    total_timesteps      | 14358528    |
| train/                  |             |
|    approx_kl            | 0.007550879 |
|    clip_fraction        | 0.0777      |
|    clip_range           | 0.2         |
|    entropy_loss         | 3.68        |
|    explained_variance   | 0.975       |
|    learning_rate        | 0.000157    |
|    loss                 | 3.44        |
|    n_updates            | 3680        |
|    policy_gradient_loss | -0.000487   |
|    std                  | 0.0383      |
|    value_loss           | 9.11        |
-----------------------------------------
----------------------------------------
| rollout/                |            |
|    ep_len_mean          | 1.97e+03   |
|    ep_rew_mean          | 2.64e+03   |
| time/                   |            |
|    fps                  | 2243       |
|    iterations           | 370        |
|    time_elapsed         | 6418       |
|    total_timesteps      | 14397440   |
| train/                  |            |
|    approx_kl            | 0.00796307 |
|    clip_fraction        | 0.0792     |
|    clip_range           | 0.2        |
|    entropy_loss         | 3.68       |
|    explained_variance   | 0.98       |
|    learning_rate        | 0.000156   |
|    loss                 | 1.7        |
|    n_updates            | 3690       |
|    policy_gradient_loss | -0.000558  |
|    std                  | 0.0383     |
|    value_loss           | 6.76       |
----------------------------------------
-----------------------------------------
| rollout/                |             |
|    ep_len_mean          | 1.96e+03    |
|    ep_rew_mean          | 2.57e+03    |
| time/                   |             |
|    fps                  | 2246        |
|    iterations           | 371         |
|    time_elapsed         | 6425        |
|    total_timesteps      | 14436352    |
| train/                  |             |
|    approx_kl            | 0.006875617 |
|    clip_fraction        | 0.0798      |
|    clip_range           | 0.2         |
|    entropy_loss         | 3.69        |
|    explained_variance   | 0.981       |
|    learning_rate        | 0.000156    |
|    loss                 | 1.99        |
|    n_updates            | 3700        |
|    policy_gradient_loss | -0.000394   |
|    std                  | 0.038       |
|    value_loss           | 7.23        |
-----------------------------------------
Eval num_timesteps=14440000, episode_reward=2612.16 +/- 773.05
Episode length: 2000.00 +/- 0.00
------------------------------------------
| eval/                   |              |
|    mean_ep_length       | 2e+03        |
|    mean_reward          | 2.61e+03     |
| time/                   |              |
|    total_timesteps      | 14440000     |
| train/                  |              |
|    approx_kl            | 0.0072249863 |
|    clip_fraction        | 0.0782       |
|    clip_range           | 0.2          |
|    entropy_loss         | 3.69         |
|    explained_variance   | 0.981        |
|    learning_rate        | 0.000156     |
|    loss                 | 5.02         |
|    n_updates            | 3710         |
|    policy_gradient_loss | -0.000661    |
|    std                  | 0.0383       |
|    value_loss           | 10.6         |
------------------------------------------
New best mean reward!
---------------------------------
| rollout/           |          |
|    ep_len_mean     | 1.98e+03 |
|    ep_rew_mean     | 2.63e+03 |
| time/              |          |
|    fps             | 2244     |
|    iterations      | 372      |
|    time_elapsed    | 6450     |
|    total_timesteps | 14475264 |
---------------------------------
------------------------------------------
| rollout/                |              |
|    ep_len_mean          | 1.98e+03     |
|    ep_rew_mean          | 2.63e+03     |
| time/                   |              |
|    fps                  | 2247         |
|    iterations           | 373          |
|    time_elapsed         | 6456         |
|    total_timesteps      | 14514176     |
| train/                  |              |
|    approx_kl            | 0.0098371925 |
|    clip_fraction        | 0.108        |
|    clip_range           | 0.2          |
|    entropy_loss         | 3.69         |
|    explained_variance   | 0.973        |
|    learning_rate        | 0.000155     |
|    loss                 | 3.57         |
|    n_updates            | 3720         |
|    policy_gradient_loss | 0.000764     |
|    std                  | 0.0383       |
|    value_loss           | 7.68         |
------------------------------------------
-----------------------------------------
| rollout/                |             |
|    ep_len_mean          | 1.96e+03    |
|    ep_rew_mean          | 2.58e+03    |
| time/                   |             |
|    fps                  | 2251        |
|    iterations           | 374         |
|    time_elapsed         | 6463        |
|    total_timesteps      | 14553088    |
| train/                  |             |
|    approx_kl            | 0.007615509 |
|    clip_fraction        | 0.0797      |
|    clip_range           | 0.2         |
|    entropy_loss         | 3.68        |
|    explained_variance   | 0.974       |
|    learning_rate        | 0.000155    |
|    loss                 | 1.43        |
|    n_updates            | 3730        |
|    policy_gradient_loss | -0.000123   |
|    std                  | 0.0384      |
|    value_loss           | 6.85        |
-----------------------------------------
-----------------------------------------
| rollout/                |             |
|    ep_len_mean          | 1.96e+03    |
|    ep_rew_mean          | 2.56e+03    |
| time/                   |             |
|    fps                  | 2255        |
|    iterations           | 375         |
|    time_elapsed         | 6469        |
|    total_timesteps      | 14592000    |
| train/                  |             |
|    approx_kl            | 0.006478615 |
|    clip_fraction        | 0.0644      |
|    clip_range           | 0.2         |
|    entropy_loss         | 3.68        |
|    explained_variance   | 0.972       |
|    learning_rate        | 0.000154    |
|    loss                 | 8.97        |
|    n_updates            | 3740        |
|    policy_gradient_loss | -9.56e-05   |
|    std                  | 0.0385      |
|    value_loss           | 10.9        |
-----------------------------------------
Eval num_timesteps=14630000, episode_reward=2720.52 +/- 703.52
Episode length: 2000.00 +/- 0.00
------------------------------------------
| eval/                   |              |
|    mean_ep_length       | 2e+03        |
|    mean_reward          | 2.72e+03     |
| time/                   |              |
|    total_timesteps      | 14630000     |
| train/                  |              |
|    approx_kl            | 0.0066054384 |
|    clip_fraction        | 0.0794       |
|    clip_range           | 0.2          |
|    entropy_loss         | 3.68         |
|    explained_variance   | 0.974        |
|    learning_rate        | 0.000154     |
|    loss                 | 5.47         |
|    n_updates            | 3750         |
|    policy_gradient_loss | -0.00114     |
|    std                  | 0.0384       |
|    value_loss           | 9.94         |
------------------------------------------
New best mean reward!
---------------------------------
| rollout/           |          |
|    ep_len_mean     | 1.96e+03 |
|    ep_rew_mean     | 2.59e+03 |
| time/              |          |
|    fps             | 2252     |
|    iterations      | 376      |
|    time_elapsed    | 6494     |
|    total_timesteps | 14630912 |
---------------------------------
------------------------------------------
| rollout/                |              |
|    ep_len_mean          | 1.94e+03     |
|    ep_rew_mean          | 2.57e+03     |
| time/                   |              |
|    fps                  | 2256         |
|    iterations           | 377          |
|    time_elapsed         | 6500         |
|    total_timesteps      | 14669824     |
| train/                  |              |
|    approx_kl            | 0.0079251155 |
|    clip_fraction        | 0.0755       |
|    clip_range           | 0.2          |
|    entropy_loss         | 3.68         |
|    explained_variance   | 0.983        |
|    learning_rate        | 0.000154     |
|    loss                 | 3.53         |
|    n_updates            | 3760         |
|    policy_gradient_loss | -0.000331    |
|    std                  | 0.0385       |
|    value_loss           | 6.96         |
------------------------------------------
------------------------------------------
| rollout/                |              |
|    ep_len_mean          | 1.94e+03     |
|    ep_rew_mean          | 2.55e+03     |
| time/                   |              |
|    fps                  | 2260         |
|    iterations           | 378          |
|    time_elapsed         | 6507         |
|    total_timesteps      | 14708736     |
| train/                  |              |
|    approx_kl            | 0.0073672715 |
|    clip_fraction        | 0.0735       |
|    clip_range           | 0.2          |
|    entropy_loss         | 3.68         |
|    explained_variance   | 0.972        |
|    learning_rate        | 0.000153     |
|    loss                 | 10.1         |
|    n_updates            | 3770         |
|    policy_gradient_loss | -0.0016      |
|    std                  | 0.0385       |
|    value_loss           | 12.8         |
------------------------------------------
------------------------------------------
| rollout/                |              |
|    ep_len_mean          | 1.95e+03     |
|    ep_rew_mean          | 2.57e+03     |
| time/                   |              |
|    fps                  | 2264         |
|    iterations           | 379          |
|    time_elapsed         | 6513         |
|    total_timesteps      | 14747648     |
| train/                  |              |
|    approx_kl            | 0.0070893285 |
|    clip_fraction        | 0.0695       |
|    clip_range           | 0.2          |
|    entropy_loss         | 3.67         |
|    explained_variance   | 0.972        |
|    learning_rate        | 0.000153     |
|    loss                 | 9.39         |
|    n_updates            | 3780         |
|    policy_gradient_loss | -0.000912    |
|    std                  | 0.0386       |
|    value_loss           | 14.2         |
------------------------------------------
-----------------------------------------
| rollout/                |             |
|    ep_len_mean          | 1.95e+03    |
|    ep_rew_mean          | 2.57e+03    |
| time/                   |             |
|    fps                  | 2267        |
|    iterations           | 380         |
|    time_elapsed         | 6520        |
|    total_timesteps      | 14786560    |
| train/                  |             |
|    approx_kl            | 0.008102201 |
|    clip_fraction        | 0.101       |
|    clip_range           | 0.2         |
|    entropy_loss         | 3.67        |
|    explained_variance   | 0.976       |
|    learning_rate        | 0.000153    |
|    loss                 | 3.1         |
|    n_updates            | 3790        |
|    policy_gradient_loss | 0.000552    |
|    std                  | 0.0387      |
|    value_loss           | 10.4        |
-----------------------------------------
Eval num_timesteps=14820000, episode_reward=2821.57 +/- 611.38
Episode length: 2000.00 +/- 0.00
-----------------------------------------
| eval/                   |             |
|    mean_ep_length       | 2e+03       |
|    mean_reward          | 2.82e+03    |
| time/                   |             |
|    total_timesteps      | 14820000    |
| train/                  |             |
|    approx_kl            | 0.008691132 |
|    clip_fraction        | 0.0956      |
|    clip_range           | 0.2         |
|    entropy_loss         | 3.66        |
|    explained_variance   | 0.979       |
|    learning_rate        | 0.000152    |
|    loss                 | 6.49        |
|    n_updates            | 3800        |
|    policy_gradient_loss | -0.000746   |
|    std                  | 0.039       |
|    value_loss           | 11.2        |
-----------------------------------------
New best mean reward!
---------------------------------
| rollout/           |          |
|    ep_len_mean     | 1.95e+03 |
|    ep_rew_mean     | 2.58e+03 |
| time/              |          |
|    fps             | 2265     |
|    iterations      | 381      |
|    time_elapsed    | 6545     |
|    total_timesteps | 14825472 |
---------------------------------
-----------------------------------------
| rollout/                |             |
|    ep_len_mean          | 1.97e+03    |
|    ep_rew_mean          | 2.61e+03    |
| time/                   |             |
|    fps                  | 2268        |
|    iterations           | 382         |
|    time_elapsed         | 6551        |
|    total_timesteps      | 14864384    |
| train/                  |             |
|    approx_kl            | 0.008010305 |
|    clip_fraction        | 0.0813      |
|    clip_range           | 0.2         |
|    entropy_loss         | 3.66        |
|    explained_variance   | 0.974       |
|    learning_rate        | 0.000152    |
|    loss                 | 4.63        |
|    n_updates            | 3810        |
|    policy_gradient_loss | -0.000747   |
|    std                  | 0.0389      |
|    value_loss           | 10.9        |
-----------------------------------------
------------------------------------------
| rollout/                |              |
|    ep_len_mean          | 1.98e+03     |
|    ep_rew_mean          | 2.67e+03     |
| time/                   |              |
|    fps                  | 2272         |
|    iterations           | 383          |
|    time_elapsed         | 6558         |
|    total_timesteps      | 14903296     |
| train/                  |              |
|    approx_kl            | 0.0062903925 |
|    clip_fraction        | 0.0717       |
|    clip_range           | 0.2          |
|    entropy_loss         | 3.66         |
|    explained_variance   | 0.974        |
|    learning_rate        | 0.000151     |
|    loss                 | 3.85         |
|    n_updates            | 3820         |
|    policy_gradient_loss | -0.000698    |
|    std                  | 0.0389       |
|    value_loss           | 10.8         |
------------------------------------------
-----------------------------------------
| rollout/                |             |
|    ep_len_mean          | 1.98e+03    |
|    ep_rew_mean          | 2.67e+03    |
| time/                   |             |
|    fps                  | 2276        |
|    iterations           | 384         |
|    time_elapsed         | 6564        |
|    total_timesteps      | 14942208    |
| train/                  |             |
|    approx_kl            | 0.008600354 |
|    clip_fraction        | 0.0898      |
|    clip_range           | 0.2         |
|    entropy_loss         | 3.65        |
|    explained_variance   | 0.975       |
|    learning_rate        | 0.000151    |
|    loss                 | 6.3         |
|    n_updates            | 3830        |
|    policy_gradient_loss | -0.00101    |
|    std                  | 0.039       |
|    value_loss           | 11.4        |
-----------------------------------------
-----------------------------------------
| rollout/                |             |
|    ep_len_mean          | 1.99e+03    |
|    ep_rew_mean          | 2.69e+03    |
| time/                   |             |
|    fps                  | 2279        |
|    iterations           | 385         |
|    time_elapsed         | 6570        |
|    total_timesteps      | 14981120    |
| train/                  |             |
|    approx_kl            | 0.006833667 |
|    clip_fraction        | 0.0695      |
|    clip_range           | 0.2         |
|    entropy_loss         | 3.65        |
|    explained_variance   | 0.974       |
|    learning_rate        | 0.000151    |
|    loss                 | 2.67        |
|    n_updates            | 3840        |
|    policy_gradient_loss | 0.000396    |
|    std                  | 0.039       |
|    value_loss           | 10.5        |
-----------------------------------------
Eval num_timesteps=15010000, episode_reward=2805.99 +/- 668.26
Episode length: 2000.00 +/- 0.00
-----------------------------------------
| eval/                   |             |
|    mean_ep_length       | 2e+03       |
|    mean_reward          | 2.81e+03    |
| time/                   |             |
|    total_timesteps      | 15010000    |
| train/                  |             |
|    approx_kl            | 0.008612536 |
|    clip_fraction        | 0.0958      |
|    clip_range           | 0.2         |
|    entropy_loss         | 3.65        |
|    explained_variance   | 0.979       |
|    learning_rate        | 0.00015     |
|    loss                 | 6.09        |
|    n_updates            | 3850        |
|    policy_gradient_loss | 0.00033     |
|    std                  | 0.039       |
|    value_loss           | 10.6        |
-----------------------------------------
---------------------------------
| rollout/           |          |
|    ep_len_mean     | 1.98e+03 |
|    ep_rew_mean     | 2.67e+03 |
| time/              |          |
|    fps             | 2277     |
|    iterations      | 386      |
|    time_elapsed    | 6595     |
|    total_timesteps | 15020032 |
---------------------------------
-----------------------------------------
| rollout/                |             |
|    ep_len_mean          | 1.98e+03    |
|    ep_rew_mean          | 2.64e+03    |
| time/                   |             |
|    fps                  | 2280        |
|    iterations           | 387         |
|    time_elapsed         | 6602        |
|    total_timesteps      | 15058944    |
| train/                  |             |
|    approx_kl            | 0.007965621 |
|    clip_fraction        | 0.0885      |
|    clip_range           | 0.2         |
|    entropy_loss         | 3.65        |
|    explained_variance   | 0.97        |
|    learning_rate        | 0.00015     |
|    loss                 | 5.63        |
|    n_updates            | 3860        |
|    policy_gradient_loss | -0.00118    |
|    std                  | 0.0392      |
|    value_loss           | 14.3        |
-----------------------------------------
-----------------------------------------
| rollout/                |             |
|    ep_len_mean          | 1.99e+03    |
|    ep_rew_mean          | 2.65e+03    |
| time/                   |             |
|    fps                  | 2284        |
|    iterations           | 388         |
|    time_elapsed         | 6608        |
|    total_timesteps      | 15097856    |
| train/                  |             |
|    approx_kl            | 0.007676526 |
|    clip_fraction        | 0.0811      |
|    clip_range           | 0.2         |
|    entropy_loss         | 3.63        |
|    explained_variance   | 0.972       |
|    learning_rate        | 0.000149    |
|    loss                 | 6.37        |
|    n_updates            | 3870        |
|    policy_gradient_loss | 0.000371    |
|    std                  | 0.0395      |
|    value_loss           | 16          |
-----------------------------------------
----------------------------------------
| rollout/                |            |
|    ep_len_mean          | 1.99e+03   |
|    ep_rew_mean          | 2.68e+03   |
| time/                   |            |
|    fps                  | 2288       |
|    iterations           | 389        |
|    time_elapsed         | 6615       |
|    total_timesteps      | 15136768   |
| train/                  |            |
|    approx_kl            | 0.00743791 |
|    clip_fraction        | 0.103      |
|    clip_range           | 0.2        |
|    entropy_loss         | 3.63       |
|    explained_variance   | 0.978      |
|    learning_rate        | 0.000149   |
|    loss                 | 1.42       |
|    n_updates            | 3880       |
|    policy_gradient_loss | 0.000214   |
|    std                  | 0.0393     |
|    value_loss           | 7.68       |
----------------------------------------
-----------------------------------------
| rollout/                |             |
|    ep_len_mean          | 1.99e+03    |
|    ep_rew_mean          | 2.7e+03     |
| time/                   |             |
|    fps                  | 2291        |
|    iterations           | 390         |
|    time_elapsed         | 6621        |
|    total_timesteps      | 15175680    |
| train/                  |             |
|    approx_kl            | 0.008699016 |
|    clip_fraction        | 0.0999      |
|    clip_range           | 0.2         |
|    entropy_loss         | 3.63        |
|    explained_variance   | 0.962       |
|    learning_rate        | 0.000149    |
|    loss                 | 4.56        |
|    n_updates            | 3890        |
|    policy_gradient_loss | -0.000106   |
|    std                  | 0.0393      |
|    value_loss           | 12.6        |
-----------------------------------------
Eval num_timesteps=15200000, episode_reward=2811.67 +/- 650.11
Episode length: 1999.85 +/- 0.65
-----------------------------------------
| eval/                   |             |
|    mean_ep_length       | 2e+03       |
|    mean_reward          | 2.81e+03    |
| time/                   |             |
|    total_timesteps      | 15200000    |
| train/                  |             |
|    approx_kl            | 0.005677113 |
|    clip_fraction        | 0.0675      |
|    clip_range           | 0.2         |
|    entropy_loss         | 3.63        |
|    explained_variance   | 0.974       |
|    learning_rate        | 0.000148    |
|    loss                 | 5.07        |
|    n_updates            | 3900        |
|    policy_gradient_loss | 6.68e-05    |
|    std                  | 0.0393      |
|    value_loss           | 12.4        |
-----------------------------------------
---------------------------------
| rollout/           |          |
|    ep_len_mean     | 1.99e+03 |
|    ep_rew_mean     | 2.69e+03 |
| time/              |          |
|    fps             | 2289     |
|    iterations      | 391      |
|    time_elapsed    | 6646     |
|    total_timesteps | 15214592 |
---------------------------------
------------------------------------------
| rollout/                |              |
|    ep_len_mean          | 1.99e+03     |
|    ep_rew_mean          | 2.74e+03     |
| time/                   |              |
|    fps                  | 2292         |
|    iterations           | 392          |
|    time_elapsed         | 6652         |
|    total_timesteps      | 15253504     |
| train/                  |              |
|    approx_kl            | 0.0083646355 |
|    clip_fraction        | 0.0991       |
|    clip_range           | 0.2          |
|    entropy_loss         | 3.64         |
|    explained_variance   | 0.984        |
|    learning_rate        | 0.000148     |
|    loss                 | 3.8          |
|    n_updates            | 3910         |
|    policy_gradient_loss | 0.000832     |
|    std                  | 0.0393       |
|    value_loss           | 8.62         |
------------------------------------------
------------------------------------------
| rollout/                |              |
|    ep_len_mean          | 1.99e+03     |
|    ep_rew_mean          | 2.71e+03     |
| time/                   |              |
|    fps                  | 2296         |
|    iterations           | 393          |
|    time_elapsed         | 6659         |
|    total_timesteps      | 15292416     |
| train/                  |              |
|    approx_kl            | 0.0075313793 |
|    clip_fraction        | 0.0914       |
|    clip_range           | 0.2          |
|    entropy_loss         | 3.63         |
|    explained_variance   | 0.972        |
|    learning_rate        | 0.000147     |
|    loss                 | 4.9          |
|    n_updates            | 3920         |
|    policy_gradient_loss | 0.000343     |
|    std                  | 0.0395       |
|    value_loss           | 12.1         |
------------------------------------------
-----------------------------------------
| rollout/                |             |
|    ep_len_mean          | 1.99e+03    |
|    ep_rew_mean          | 2.69e+03    |
| time/                   |             |
|    fps                  | 2299        |
|    iterations           | 394         |
|    time_elapsed         | 6666        |
|    total_timesteps      | 15331328    |
| train/                  |             |
|    approx_kl            | 0.008230178 |
|    clip_fraction        | 0.088       |
|    clip_range           | 0.2         |
|    entropy_loss         | 3.62        |
|    explained_variance   | 0.975       |
|    learning_rate        | 0.000147    |
|    loss                 | 3.25        |
|    n_updates            | 3930        |
|    policy_gradient_loss | -0.00116    |
|    std                  | 0.0398      |
|    value_loss           | 13.7        |
-----------------------------------------
-----------------------------------------
| rollout/                |             |
|    ep_len_mean          | 1.99e+03    |
|    ep_rew_mean          | 2.67e+03    |
| time/                   |             |
|    fps                  | 2303        |
|    iterations           | 395         |
|    time_elapsed         | 6672        |
|    total_timesteps      | 15370240    |
| train/                  |             |
|    approx_kl            | 0.009246774 |
|    clip_fraction        | 0.0892      |
|    clip_range           | 0.2         |
|    entropy_loss         | 3.6         |
|    explained_variance   | 0.972       |
|    learning_rate        | 0.000147    |
|    loss                 | 4.95        |
|    n_updates            | 3940        |
|    policy_gradient_loss | -0.000282   |
|    std                  | 0.0401      |
|    value_loss           | 13.8        |
-----------------------------------------
Eval num_timesteps=15390000, episode_reward=2880.00 +/- 582.17
Episode length: 2000.00 +/- 0.00
-----------------------------------------
| eval/                   |             |
|    mean_ep_length       | 2e+03       |
|    mean_reward          | 2.88e+03    |
| time/                   |             |
|    total_timesteps      | 15390000    |
| train/                  |             |
|    approx_kl            | 0.008849017 |
|    clip_fraction        | 0.109       |
|    clip_range           | 0.2         |
|    entropy_loss         | 3.59        |
|    explained_variance   | 0.976       |
|    learning_rate        | 0.000146    |
|    loss                 | 4.49        |
|    n_updates            | 3950        |
|    policy_gradient_loss | 0.000437    |
|    std                  | 0.0404      |
|    value_loss           | 9.52        |
-----------------------------------------
New best mean reward!
---------------------------------
| rollout/           |          |
|    ep_len_mean     | 2e+03    |
|    ep_rew_mean     | 2.73e+03 |
| time/              |          |
|    fps             | 2300     |
|    iterations      | 396      |
|    time_elapsed    | 6697     |
|    total_timesteps | 15409152 |
---------------------------------
----------------------------------------
| rollout/                |            |
|    ep_len_mean          | 2e+03      |
|    ep_rew_mean          | 2.7e+03    |
| time/                   |            |
|    fps                  | 2304       |
|    iterations           | 397        |
|    time_elapsed         | 6703       |
|    total_timesteps      | 15448064   |
| train/                  |            |
|    approx_kl            | 0.00850813 |
|    clip_fraction        | 0.098      |
|    clip_range           | 0.2        |
|    entropy_loss         | 3.58       |
|    explained_variance   | 0.975      |
|    learning_rate        | 0.000146   |
|    loss                 | 6.34       |
|    n_updates            | 3960       |
|    policy_gradient_loss | 0.000789   |
|    std                  | 0.0405     |
|    value_loss           | 10.8       |
----------------------------------------
-----------------------------------------
| rollout/                |             |
|    ep_len_mean          | 2e+03       |
|    ep_rew_mean          | 2.75e+03    |
| time/                   |             |
|    fps                  | 2307        |
|    iterations           | 398         |
|    time_elapsed         | 6710        |
|    total_timesteps      | 15486976    |
| train/                  |             |
|    approx_kl            | 0.009375018 |
|    clip_fraction        | 0.0827      |
|    clip_range           | 0.2         |
|    entropy_loss         | 3.57        |
|    explained_variance   | 0.984       |
|    learning_rate        | 0.000146    |
|    loss                 | 3.68        |
|    n_updates            | 3970        |
|    policy_gradient_loss | -0.000676   |
|    std                  | 0.0406      |
|    value_loss           | 9.93        |
-----------------------------------------
------------------------------------------
| rollout/                |              |
|    ep_len_mean          | 1.99e+03     |
|    ep_rew_mean          | 2.68e+03     |
| time/                   |              |
|    fps                  | 2311         |
|    iterations           | 399          |
|    time_elapsed         | 6716         |
|    total_timesteps      | 15525888     |
| train/                  |              |
|    approx_kl            | 0.0066923215 |
|    clip_fraction        | 0.0817       |
|    clip_range           | 0.2          |
|    entropy_loss         | 3.57         |
|    explained_variance   | 0.969        |
|    learning_rate        | 0.000145     |
|    loss                 | 5.38         |
|    n_updates            | 3980         |
|    policy_gradient_loss | -0.000237    |
|    std                  | 0.0408       |
|    value_loss           | 15.3         |
------------------------------------------
-----------------------------------------
| rollout/                |             |
|    ep_len_mean          | 1.99e+03    |
|    ep_rew_mean          | 2.7e+03     |
| time/                   |             |
|    fps                  | 2315        |
|    iterations           | 400         |
|    time_elapsed         | 6723        |
|    total_timesteps      | 15564800    |
| train/                  |             |
|    approx_kl            | 0.009705043 |
|    clip_fraction        | 0.0769      |
|    clip_range           | 0.2         |
|    entropy_loss         | 3.56        |
|    explained_variance   | 0.979       |
|    learning_rate        | 0.000145    |
|    loss                 | 8.19        |
|    n_updates            | 3990        |
|    policy_gradient_loss | 0.000851    |
|    std                  | 0.041       |
|    value_loss           | 16.8        |
-----------------------------------------
Eval num_timesteps=15580000, episode_reward=2889.68 +/- 598.36
Episode length: 2000.00 +/- 0.00
---------------------------------------
| eval/                   |           |
|    mean_ep_length       | 2e+03     |
|    mean_reward          | 2.89e+03  |
| time/                   |           |
|    total_timesteps      | 15580000  |
| train/                  |           |
|    approx_kl            | 0.0081058 |
|    clip_fraction        | 0.0989    |
|    clip_range           | 0.2       |
|    entropy_loss         | 3.54      |
|    explained_variance   | 0.977     |
|    learning_rate        | 0.000144  |
|    loss                 | 5.21      |
|    n_updates            | 4000      |
|    policy_gradient_loss | 0.0003    |
|    std                  | 0.0413    |
|    value_loss           | 14.5      |
---------------------------------------
New best mean reward!
---------------------------------
| rollout/           |          |
|    ep_len_mean     | 1.99e+03 |
|    ep_rew_mean     | 2.66e+03 |
| time/              |          |
|    fps             | 2312     |
|    iterations      | 401      |
|    time_elapsed    | 6748     |
|    total_timesteps | 15603712 |
---------------------------------
-----------------------------------------
| rollout/                |             |
|    ep_len_mean          | 1.99e+03    |
|    ep_rew_mean          | 2.67e+03    |
| time/                   |             |
|    fps                  | 2315        |
|    iterations           | 402         |
|    time_elapsed         | 6754        |
|    total_timesteps      | 15642624    |
| train/                  |             |
|    approx_kl            | 0.008553431 |
|    clip_fraction        | 0.0907      |
|    clip_range           | 0.2         |
|    entropy_loss         | 3.54        |
|    explained_variance   | 0.967       |
|    learning_rate        | 0.000144    |
|    loss                 | 7.38        |
|    n_updates            | 4010        |
|    policy_gradient_loss | -0.000261   |
|    std                  | 0.0413      |
|    value_loss           | 13.2        |
-----------------------------------------
-----------------------------------------
| rollout/                |             |
|    ep_len_mean          | 1.99e+03    |
|    ep_rew_mean          | 2.64e+03    |
| time/                   |             |
|    fps                  | 2319        |
|    iterations           | 403         |
|    time_elapsed         | 6761        |
|    total_timesteps      | 15681536    |
| train/                  |             |
|    approx_kl            | 0.008237925 |
|    clip_fraction        | 0.109       |
|    clip_range           | 0.2         |
|    entropy_loss         | 3.54        |
|    explained_variance   | 0.961       |
|    learning_rate        | 0.000144    |
|    loss                 | 12.5        |
|    n_updates            | 4020        |
|    policy_gradient_loss | -0.000429   |
|    std                  | 0.0413      |
|    value_loss           | 17.4        |
-----------------------------------------
-----------------------------------------
| rollout/                |             |
|    ep_len_mean          | 1.99e+03    |
|    ep_rew_mean          | 2.69e+03    |
| time/                   |             |
|    fps                  | 2322        |
|    iterations           | 404         |
|    time_elapsed         | 6767        |
|    total_timesteps      | 15720448    |
| train/                  |             |
|    approx_kl            | 0.006840912 |
|    clip_fraction        | 0.0736      |
|    clip_range           | 0.2         |
|    entropy_loss         | 3.53        |
|    explained_variance   | 0.978       |
|    learning_rate        | 0.000143    |
|    loss                 | 3.44        |
|    n_updates            | 4030        |
|    policy_gradient_loss | 0.000447    |
|    std                  | 0.0415      |
|    value_loss           | 12.8        |
-----------------------------------------
-----------------------------------------
| rollout/                |             |
|    ep_len_mean          | 2e+03       |
|    ep_rew_mean          | 2.69e+03    |
| time/                   |             |
|    fps                  | 2326        |
|    iterations           | 405         |
|    time_elapsed         | 6774        |
|    total_timesteps      | 15759360    |
| train/                  |             |
|    approx_kl            | 0.009888136 |
|    clip_fraction        | 0.108       |
|    clip_range           | 0.2         |
|    entropy_loss         | 3.53        |
|    explained_variance   | 0.974       |
|    learning_rate        | 0.000143    |
|    loss                 | 4.32        |
|    n_updates            | 4040        |
|    policy_gradient_loss | -7.92e-05   |
|    std                  | 0.0415      |
|    value_loss           | 12.5        |
-----------------------------------------
Eval num_timesteps=15770000, episode_reward=2923.55 +/- 592.24
Episode length: 2000.00 +/- 0.00
-----------------------------------------
| eval/                   |             |
|    mean_ep_length       | 2e+03       |
|    mean_reward          | 2.92e+03    |
| time/                   |             |
|    total_timesteps      | 15770000    |
| train/                  |             |
|    approx_kl            | 0.007526917 |
|    clip_fraction        | 0.0853      |
|    clip_range           | 0.2         |
|    entropy_loss         | 3.52        |
|    explained_variance   | 0.984       |
|    learning_rate        | 0.000142    |
|    loss                 | 4.09        |
|    n_updates            | 4050        |
|    policy_gradient_loss | -0.00173    |
|    std                  | 0.0417      |
|    value_loss           | 11.6        |
-----------------------------------------
New best mean reward!
---------------------------------
| rollout/           |          |
|    ep_len_mean     | 1.99e+03 |
|    ep_rew_mean     | 2.68e+03 |
| time/              |          |
|    fps             | 2323     |
|    iterations      | 406      |
|    time_elapsed    | 6799     |
|    total_timesteps | 15798272 |
---------------------------------
------------------------------------------
| rollout/                |              |
|    ep_len_mean          | 1.99e+03     |
|    ep_rew_mean          | 2.65e+03     |
| time/                   |              |
|    fps                  | 2327         |
|    iterations           | 407          |
|    time_elapsed         | 6805         |
|    total_timesteps      | 15837184     |
| train/                  |              |
|    approx_kl            | 0.0056259306 |
|    clip_fraction        | 0.0704       |
|    clip_range           | 0.2          |
|    entropy_loss         | 3.52         |
|    explained_variance   | 0.98         |
|    learning_rate        | 0.000142     |
|    loss                 | 6.71         |
|    n_updates            | 4060         |
|    policy_gradient_loss | -0.000259    |
|    std                  | 0.0417       |
|    value_loss           | 14.6         |
------------------------------------------
-----------------------------------------
| rollout/                |             |
|    ep_len_mean          | 1.99e+03    |
|    ep_rew_mean          | 2.66e+03    |
| time/                   |             |
|    fps                  | 2330        |
|    iterations           | 408         |
|    time_elapsed         | 6812        |
|    total_timesteps      | 15876096    |
| train/                  |             |
|    approx_kl            | 0.008551037 |
|    clip_fraction        | 0.0957      |
|    clip_range           | 0.2         |
|    entropy_loss         | 3.5         |
|    explained_variance   | 0.98        |
|    learning_rate        | 0.000142    |
|    loss                 | 8.47        |
|    n_updates            | 4070        |
|    policy_gradient_loss | -0.000274   |
|    std                  | 0.0421      |
|    value_loss           | 15.5        |
-----------------------------------------
-----------------------------------------
| rollout/                |             |
|    ep_len_mean          | 1.99e+03    |
|    ep_rew_mean          | 2.66e+03    |
| time/                   |             |
|    fps                  | 2334        |
|    iterations           | 409         |
|    time_elapsed         | 6818        |
|    total_timesteps      | 15915008    |
| train/                  |             |
|    approx_kl            | 0.007169147 |
|    clip_fraction        | 0.0934      |
|    clip_range           | 0.2         |
|    entropy_loss         | 3.5         |
|    explained_variance   | 0.975       |
|    learning_rate        | 0.000141    |
|    loss                 | 7.35        |
|    n_updates            | 4080        |
|    policy_gradient_loss | -0.00115    |
|    std                  | 0.0421      |
|    value_loss           | 13.3        |
-----------------------------------------
-----------------------------------------
| rollout/                |             |
|    ep_len_mean          | 1.99e+03    |
|    ep_rew_mean          | 2.72e+03    |
| time/                   |             |
|    fps                  | 2337        |
|    iterations           | 410         |
|    time_elapsed         | 6825        |
|    total_timesteps      | 15953920    |
| train/                  |             |
|    approx_kl            | 0.007149121 |
|    clip_fraction        | 0.0863      |
|    clip_range           | 0.2         |
|    entropy_loss         | 3.49        |
|    explained_variance   | 0.98        |
|    learning_rate        | 0.000141    |
|    loss                 | 2.41        |
|    n_updates            | 4090        |
|    policy_gradient_loss | 0.000318    |
|    std                  | 0.0423      |
|    value_loss           | 8.91        |
-----------------------------------------
Eval num_timesteps=15960000, episode_reward=2944.12 +/- 545.80
Episode length: 2000.00 +/- 0.00
----------------------------------------
| eval/                   |            |
|    mean_ep_length       | 2e+03      |
|    mean_reward          | 2.94e+03   |
| time/                   |            |
|    total_timesteps      | 15960000   |
| train/                  |            |
|    approx_kl            | 0.00802945 |
|    clip_fraction        | 0.0892     |
|    clip_range           | 0.2        |
|    entropy_loss         | 3.48       |
|    explained_variance   | 0.972      |
|    learning_rate        | 0.00014    |
|    loss                 | 6.28       |
|    n_updates            | 4100       |
|    policy_gradient_loss | -0.00031   |
|    std                  | 0.0425     |
|    value_loss           | 13.1       |
----------------------------------------
New best mean reward!
---------------------------------
| rollout/           |          |
|    ep_len_mean     | 1.99e+03 |
|    ep_rew_mean     | 2.74e+03 |
| time/              |          |
|    fps             | 2334     |
|    iterations      | 411      |
|    time_elapsed    | 6849     |
|    total_timesteps | 15992832 |
---------------------------------
------------------------------------------
| rollout/                |              |
|    ep_len_mean          | 1.99e+03     |
|    ep_rew_mean          | 2.74e+03     |
| time/                   |              |
|    fps                  | 2338         |
|    iterations           | 412          |
|    time_elapsed         | 6856         |
|    total_timesteps      | 16031744     |
| train/                  |              |
|    approx_kl            | 0.0074197846 |
|    clip_fraction        | 0.0667       |
|    clip_range           | 0.2          |
|    entropy_loss         | 3.48         |
|    explained_variance   | 0.98         |
|    learning_rate        | 0.00014      |
|    loss                 | 8.71         |
|    n_updates            | 4110         |
|    policy_gradient_loss | -0.00131     |
|    std                  | 0.0426       |
|    value_loss           | 16.8         |
------------------------------------------
-----------------------------------------
| rollout/                |             |
|    ep_len_mean          | 1.99e+03    |
|    ep_rew_mean          | 2.77e+03    |
| time/                   |             |
|    fps                  | 2341        |
|    iterations           | 413         |
|    time_elapsed         | 6862        |
|    total_timesteps      | 16070656    |
| train/                  |             |
|    approx_kl            | 0.009783608 |
|    clip_fraction        | 0.101       |
|    clip_range           | 0.2         |
|    entropy_loss         | 3.47        |
|    explained_variance   | 0.977       |
|    learning_rate        | 0.00014     |
|    loss                 | 4.52        |
|    n_updates            | 4120        |
|    policy_gradient_loss | 4.46e-05    |
|    std                  | 0.0426      |
|    value_loss           | 11.3        |
-----------------------------------------
-----------------------------------------
| rollout/                |             |
|    ep_len_mean          | 1.99e+03    |
|    ep_rew_mean          | 2.77e+03    |
| time/                   |             |
|    fps                  | 2345        |
|    iterations           | 414         |
|    time_elapsed         | 6869        |
|    total_timesteps      | 16109568    |
| train/                  |             |
|    approx_kl            | 0.007836757 |
|    clip_fraction        | 0.0923      |
|    clip_range           | 0.2         |
|    entropy_loss         | 3.47        |
|    explained_variance   | 0.98        |
|    learning_rate        | 0.000139    |
|    loss                 | 4.13        |
|    n_updates            | 4130        |
|    policy_gradient_loss | 7.19e-05    |
|    std                  | 0.0427      |
|    value_loss           | 8.47        |
-----------------------------------------
-----------------------------------------
| rollout/                |             |
|    ep_len_mean          | 1.99e+03    |
|    ep_rew_mean          | 2.76e+03    |
| time/                   |             |
|    fps                  | 2348        |
|    iterations           | 415         |
|    time_elapsed         | 6876        |
|    total_timesteps      | 16148480    |
| train/                  |             |
|    approx_kl            | 0.008714989 |
|    clip_fraction        | 0.0926      |
|    clip_range           | 0.2         |
|    entropy_loss         | 3.47        |
|    explained_variance   | 0.964       |
|    learning_rate        | 0.000139    |
|    loss                 | 5.4         |
|    n_updates            | 4140        |
|    policy_gradient_loss | -0.00124    |
|    std                  | 0.0427      |
|    value_loss           | 11.8        |
-----------------------------------------
Eval num_timesteps=16150000, episode_reward=2973.47 +/- 487.43
Episode length: 2000.00 +/- 0.00
-----------------------------------------
| eval/                   |             |
|    mean_ep_length       | 2e+03       |
|    mean_reward          | 2.97e+03    |
| time/                   |             |
|    total_timesteps      | 16150000    |
| train/                  |             |
|    approx_kl            | 0.009819089 |
|    clip_fraction        | 0.0942      |
|    clip_range           | 0.2         |
|    entropy_loss         | 3.47        |
|    explained_variance   | 0.971       |
|    learning_rate        | 0.000139    |
|    loss                 | 4.18        |
|    n_updates            | 4150        |
|    policy_gradient_loss | -0.000195   |
|    std                  | 0.0427      |
|    value_loss           | 11.4        |
-----------------------------------------
New best mean reward!
---------------------------------
| rollout/           |          |
|    ep_len_mean     | 1.98e+03 |
|    ep_rew_mean     | 2.76e+03 |
| time/              |          |
|    fps             | 2345     |
|    iterations      | 416      |
|    time_elapsed    | 6901     |
|    total_timesteps | 16187392 |
---------------------------------
-----------------------------------------
| rollout/                |             |
|    ep_len_mean          | 1.98e+03    |
|    ep_rew_mean          | 2.78e+03    |
| time/                   |             |
|    fps                  | 2348        |
|    iterations           | 417         |
|    time_elapsed         | 6907        |
|    total_timesteps      | 16226304    |
| train/                  |             |
|    approx_kl            | 0.007780574 |
|    clip_fraction        | 0.0828      |
|    clip_range           | 0.2         |
|    entropy_loss         | 3.47        |
|    explained_variance   | 0.978       |
|    learning_rate        | 0.000138    |
|    loss                 | 5.23        |
|    n_updates            | 4160        |
|    policy_gradient_loss | 3.94e-05    |
|    std                  | 0.0428      |
|    value_loss           | 13          |
-----------------------------------------
------------------------------------------
| rollout/                |              |
|    ep_len_mean          | 1.98e+03     |
|    ep_rew_mean          | 2.76e+03     |
| time/                   |              |
|    fps                  | 2352         |
|    iterations           | 418          |
|    time_elapsed         | 6914         |
|    total_timesteps      | 16265216     |
| train/                  |              |
|    approx_kl            | 0.0069241216 |
|    clip_fraction        | 0.0857       |
|    clip_range           | 0.2          |
|    entropy_loss         | 3.46         |
|    explained_variance   | 0.971        |
|    learning_rate        | 0.000138     |
|    loss                 | 3.57         |
|    n_updates            | 4170         |
|    policy_gradient_loss | -0.000163    |
|    std                  | 0.043        |
|    value_loss           | 11.9         |
------------------------------------------
------------------------------------------
| rollout/                |              |
|    ep_len_mean          | 1.98e+03     |
|    ep_rew_mean          | 2.75e+03     |
| time/                   |              |
|    fps                  | 2355         |
|    iterations           | 419          |
|    time_elapsed         | 6920         |
|    total_timesteps      | 16304128     |
| train/                  |              |
|    approx_kl            | 0.0066290097 |
|    clip_fraction        | 0.0774       |
|    clip_range           | 0.2          |
|    entropy_loss         | 3.45         |
|    explained_variance   | 0.981        |
|    learning_rate        | 0.000137     |
|    loss                 | 7.07         |
|    n_updates            | 4180         |
|    policy_gradient_loss | -0.00057     |
|    std                  | 0.0431       |
|    value_loss           | 15.2         |
------------------------------------------
Eval num_timesteps=16340000, episode_reward=2988.89 +/- 525.37
Episode length: 2000.00 +/- 0.00
-----------------------------------------
| eval/                   |             |
|    mean_ep_length       | 2e+03       |
|    mean_reward          | 2.99e+03    |
| time/                   |             |
|    total_timesteps      | 16340000    |
| train/                  |             |
|    approx_kl            | 0.008579403 |
|    clip_fraction        | 0.0852      |
|    clip_range           | 0.2         |
|    entropy_loss         | 3.44        |
|    explained_variance   | 0.974       |
|    learning_rate        | 0.000137    |
|    loss                 | 5.76        |
|    n_updates            | 4190        |
|    policy_gradient_loss | -0.00116    |
|    std                  | 0.0434      |
|    value_loss           | 17          |
-----------------------------------------
New best mean reward!
---------------------------------
| rollout/           |          |
|    ep_len_mean     | 1.98e+03 |
|    ep_rew_mean     | 2.74e+03 |
| time/              |          |
|    fps             | 2353     |
|    iterations      | 420      |
|    time_elapsed    | 6945     |
|    total_timesteps | 16343040 |
---------------------------------
-----------------------------------------
| rollout/                |             |
|    ep_len_mean          | 1.99e+03    |
|    ep_rew_mean          | 2.78e+03    |
| time/                   |             |
|    fps                  | 2356        |
|    iterations           | 421         |
|    time_elapsed         | 6951        |
|    total_timesteps      | 16381952    |
| train/                  |             |
|    approx_kl            | 0.008002791 |
|    clip_fraction        | 0.0816      |
|    clip_range           | 0.2         |
|    entropy_loss         | 3.44        |
|    explained_variance   | 0.973       |
|    learning_rate        | 0.000137    |
|    loss                 | 4.61        |
|    n_updates            | 4200        |
|    policy_gradient_loss | -0.000849   |
|    std                  | 0.0433      |
|    value_loss           | 11.9        |
-----------------------------------------
-----------------------------------------
| rollout/                |             |
|    ep_len_mean          | 2e+03       |
|    ep_rew_mean          | 2.8e+03     |
| time/                   |             |
|    fps                  | 2359        |
|    iterations           | 422         |
|    time_elapsed         | 6958        |
|    total_timesteps      | 16420864    |
| train/                  |             |
|    approx_kl            | 0.008436082 |
|    clip_fraction        | 0.0881      |
|    clip_range           | 0.2         |
|    entropy_loss         | 3.45        |
|    explained_variance   | 0.977       |
|    learning_rate        | 0.000136    |
|    loss                 | 7.69        |
|    n_updates            | 4210        |
|    policy_gradient_loss | -0.000479   |
|    std                  | 0.0432      |
|    value_loss           | 12.7        |
-----------------------------------------
-----------------------------------------
| rollout/                |             |
|    ep_len_mean          | 2e+03       |
|    ep_rew_mean          | 2.8e+03     |
| time/                   |             |
|    fps                  | 2363        |
|    iterations           | 423         |
|    time_elapsed         | 6964        |
|    total_timesteps      | 16459776    |
| train/                  |             |
|    approx_kl            | 0.010026677 |
|    clip_fraction        | 0.111       |
|    clip_range           | 0.2         |
|    entropy_loss         | 3.44        |
|    explained_variance   | 0.967       |
|    learning_rate        | 0.000136    |
|    loss                 | 4.05        |
|    n_updates            | 4220        |
|    policy_gradient_loss | -0.0011     |
|    std                  | 0.0434      |
|    value_loss           | 16.3        |
-----------------------------------------
------------------------------------------
| rollout/                |              |
|    ep_len_mean          | 2e+03        |
|    ep_rew_mean          | 2.83e+03     |
| time/                   |              |
|    fps                  | 2366         |
|    iterations           | 424          |
|    time_elapsed         | 6971         |
|    total_timesteps      | 16498688     |
| train/                  |              |
|    approx_kl            | 0.0070915725 |
|    clip_fraction        | 0.0705       |
|    clip_range           | 0.2          |
|    entropy_loss         | 3.44         |
|    explained_variance   | 0.979        |
|    learning_rate        | 0.000135     |
|    loss                 | 7.9          |
|    n_updates            | 4230         |
|    policy_gradient_loss | -0.000877    |
|    std                  | 0.0432       |
|    value_loss           | 14.8         |
------------------------------------------
Eval num_timesteps=16530000, episode_reward=3001.45 +/- 518.47
Episode length: 2000.00 +/- 0.00
------------------------------------------
| eval/                   |              |
|    mean_ep_length       | 2e+03        |
|    mean_reward          | 3e+03        |
| time/                   |              |
|    total_timesteps      | 16530000     |
| train/                  |              |
|    approx_kl            | 0.0077046216 |
|    clip_fraction        | 0.0848       |
|    clip_range           | 0.2          |
|    entropy_loss         | 3.45         |
|    explained_variance   | 0.976        |
|    learning_rate        | 0.000135     |
|    loss                 | 1.3          |
|    n_updates            | 4240         |
|    policy_gradient_loss | 0.000179     |
|    std                  | 0.0433       |
|    value_loss           | 9.5          |
------------------------------------------
New best mean reward!
---------------------------------
| rollout/           |          |
|    ep_len_mean     | 2e+03    |
|    ep_rew_mean     | 2.86e+03 |
| time/              |          |
|    fps             | 2363     |
|    iterations      | 425      |
|    time_elapsed    | 6996     |
|    total_timesteps | 16537600 |
---------------------------------
-----------------------------------------
| rollout/                |             |
|    ep_len_mean          | 2e+03       |
|    ep_rew_mean          | 2.87e+03    |
| time/                   |             |
|    fps                  | 2367        |
|    iterations           | 426         |
|    time_elapsed         | 7002        |
|    total_timesteps      | 16576512    |
| train/                  |             |
|    approx_kl            | 0.008110054 |
|    clip_fraction        | 0.1         |
|    clip_range           | 0.2         |
|    entropy_loss         | 3.44        |
|    explained_variance   | 0.975       |
|    learning_rate        | 0.000135    |
|    loss                 | 10.6        |
|    n_updates            | 4250        |
|    policy_gradient_loss | -7.77e-05   |
|    std                  | 0.0434      |
|    value_loss           | 10          |
-----------------------------------------
------------------------------------------
| rollout/                |              |
|    ep_len_mean          | 2e+03        |
|    ep_rew_mean          | 2.81e+03     |
| time/                   |              |
|    fps                  | 2370         |
|    iterations           | 427          |
|    time_elapsed         | 7009         |
|    total_timesteps      | 16615424     |
| train/                  |              |
|    approx_kl            | 0.0055746217 |
|    clip_fraction        | 0.066        |
|    clip_range           | 0.2          |
|    entropy_loss         | 3.44         |
|    explained_variance   | 0.977        |
|    learning_rate        | 0.000134     |
|    loss                 | 9.81         |
|    n_updates            | 4260         |
|    policy_gradient_loss | -0.000193    |
|    std                  | 0.0434       |
|    value_loss           | 21.7         |
------------------------------------------
-----------------------------------------
| rollout/                |             |
|    ep_len_mean          | 1.99e+03    |
|    ep_rew_mean          | 2.79e+03    |
| time/                   |             |
|    fps                  | 2373        |
|    iterations           | 428         |
|    time_elapsed         | 7015        |
|    total_timesteps      | 16654336    |
| train/                  |             |
|    approx_kl            | 0.008959218 |
|    clip_fraction        | 0.0936      |
|    clip_range           | 0.2         |
|    entropy_loss         | 3.43        |
|    explained_variance   | 0.958       |
|    learning_rate        | 0.000134    |
|    loss                 | 9.01        |
|    n_updates            | 4270        |
|    policy_gradient_loss | -0.000959   |
|    std                  | 0.0438      |
|    value_loss           | 20.1        |
-----------------------------------------
-----------------------------------------
| rollout/                |             |
|    ep_len_mean          | 1.98e+03    |
|    ep_rew_mean          | 2.78e+03    |
| time/                   |             |
|    fps                  | 2377        |
|    iterations           | 429         |
|    time_elapsed         | 7022        |
|    total_timesteps      | 16693248    |
| train/                  |             |
|    approx_kl            | 0.008031306 |
|    clip_fraction        | 0.0743      |
|    clip_range           | 0.2         |
|    entropy_loss         | 3.41        |
|    explained_variance   | 0.975       |
|    learning_rate        | 0.000133    |
|    loss                 | 8.15        |
|    n_updates            | 4280        |
|    policy_gradient_loss | -0.0015     |
|    std                  | 0.0441      |
|    value_loss           | 18          |
-----------------------------------------
Eval num_timesteps=16720000, episode_reward=3052.89 +/- 497.10
Episode length: 1995.35 +/- 20.27
------------------------------------------
| eval/                   |              |
|    mean_ep_length       | 2e+03        |
|    mean_reward          | 3.05e+03     |
| time/                   |              |
|    total_timesteps      | 16720000     |
| train/                  |              |
|    approx_kl            | 0.0063983663 |
|    clip_fraction        | 0.0705       |
|    clip_range           | 0.2          |
|    entropy_loss         | 3.41         |
|    explained_variance   | 0.972        |
|    learning_rate        | 0.000133     |
|    loss                 | 4.73         |
|    n_updates            | 4290         |
|    policy_gradient_loss | -0.000327    |
|    std                  | 0.044        |
|    value_loss           | 11.1         |
------------------------------------------
New best mean reward!
---------------------------------
| rollout/           |          |
|    ep_len_mean     | 1.98e+03 |
|    ep_rew_mean     | 2.77e+03 |
| time/              |          |
|    fps             | 2374     |
|    iterations      | 430      |
|    time_elapsed    | 7047     |
|    total_timesteps | 16732160 |
---------------------------------
-----------------------------------------
| rollout/                |             |
|    ep_len_mean          | 1.98e+03    |
|    ep_rew_mean          | 2.76e+03    |
| time/                   |             |
|    fps                  | 2377        |
|    iterations           | 431         |
|    time_elapsed         | 7054        |
|    total_timesteps      | 16771072    |
| train/                  |             |
|    approx_kl            | 0.009949831 |
|    clip_fraction        | 0.0814      |
|    clip_range           | 0.2         |
|    entropy_loss         | 3.41        |
|    explained_variance   | 0.962       |
|    learning_rate        | 0.000133    |
|    loss                 | 9.87        |
|    n_updates            | 4300        |
|    policy_gradient_loss | -0.000235   |
|    std                  | 0.0438      |
|    value_loss           | 18.4        |
-----------------------------------------
-----------------------------------------
| rollout/                |             |
|    ep_len_mean          | 1.98e+03    |
|    ep_rew_mean          | 2.81e+03    |
| time/                   |             |
|    fps                  | 2380        |
|    iterations           | 432         |
|    time_elapsed         | 7060        |
|    total_timesteps      | 16809984    |
| train/                  |             |
|    approx_kl            | 0.009263513 |
|    clip_fraction        | 0.0843      |
|    clip_range           | 0.2         |
|    entropy_loss         | 3.42        |
|    explained_variance   | 0.964       |
|    learning_rate        | 0.000132    |
|    loss                 | 7.06        |
|    n_updates            | 4310        |
|    policy_gradient_loss | -0.000216   |
|    std                  | 0.044       |
|    value_loss           | 18.3        |
-----------------------------------------
------------------------------------------
| rollout/                |              |
|    ep_len_mean          | 1.99e+03     |
|    ep_rew_mean          | 2.86e+03     |
| time/                   |              |
|    fps                  | 2384         |
|    iterations           | 433          |
|    time_elapsed         | 7066         |
|    total_timesteps      | 16848896     |
| train/                  |              |
|    approx_kl            | 0.0076003945 |
|    clip_fraction        | 0.092        |
|    clip_range           | 0.2          |
|    entropy_loss         | 3.41         |
|    explained_variance   | 0.978        |
|    learning_rate        | 0.000132     |
|    loss                 | 4.14         |
|    n_updates            | 4320         |
|    policy_gradient_loss | 0.00013      |
|    std                  | 0.0439       |
|    value_loss           | 13.1         |
------------------------------------------
-----------------------------------------
| rollout/                |             |
|    ep_len_mean          | 1.99e+03    |
|    ep_rew_mean          | 2.86e+03    |
| time/                   |             |
|    fps                  | 2387        |
|    iterations           | 434         |
|    time_elapsed         | 7073        |
|    total_timesteps      | 16887808    |
| train/                  |             |
|    approx_kl            | 0.008996915 |
|    clip_fraction        | 0.0993      |
|    clip_range           | 0.2         |
|    entropy_loss         | 3.4         |
|    explained_variance   | 0.958       |
|    learning_rate        | 0.000132    |
|    loss                 | 9.95        |
|    n_updates            | 4330        |
|    policy_gradient_loss | -0.000596   |
|    std                  | 0.0443      |
|    value_loss           | 14.3        |
-----------------------------------------
Eval num_timesteps=16910000, episode_reward=3053.94 +/- 551.93
Episode length: 1992.80 +/- 31.38
------------------------------------------
| eval/                   |              |
|    mean_ep_length       | 1.99e+03     |
|    mean_reward          | 3.05e+03     |
| time/                   |              |
|    total_timesteps      | 16910000     |
| train/                  |              |
|    approx_kl            | 0.0077988403 |
|    clip_fraction        | 0.0913       |
|    clip_range           | 0.2          |
|    entropy_loss         | 3.39         |
|    explained_variance   | 0.952        |
|    learning_rate        | 0.000131     |
|    loss                 | 4.11         |
|    n_updates            | 4340         |
|    policy_gradient_loss | -0.0007      |
|    std                  | 0.0445       |
|    value_loss           | 15.3         |
------------------------------------------
New best mean reward!
---------------------------------
| rollout/           |          |
|    ep_len_mean     | 1.99e+03 |
|    ep_rew_mean     | 2.85e+03 |
| time/              |          |
|    fps             | 2384     |
|    iterations      | 435      |
|    time_elapsed    | 7098     |
|    total_timesteps | 16926720 |
---------------------------------
-----------------------------------------
| rollout/                |             |
|    ep_len_mean          | 1.96e+03    |
|    ep_rew_mean          | 2.81e+03    |
| time/                   |             |
|    fps                  | 2387        |
|    iterations           | 436         |
|    time_elapsed         | 7104        |
|    total_timesteps      | 16965632    |
| train/                  |             |
|    approx_kl            | 0.007294734 |
|    clip_fraction        | 0.078       |
|    clip_range           | 0.2         |
|    entropy_loss         | 3.39        |
|    explained_variance   | 0.972       |
|    learning_rate        | 0.000131    |
|    loss                 | 5.56        |
|    n_updates            | 4350        |
|    policy_gradient_loss | -0.000906   |
|    std                  | 0.0445      |
|    value_loss           | 15.7        |
-----------------------------------------
------------------------------------------
| rollout/                |              |
|    ep_len_mean          | 1.96e+03     |
|    ep_rew_mean          | 2.81e+03     |
| time/                   |              |
|    fps                  | 2391         |
|    iterations           | 437          |
|    time_elapsed         | 7111         |
|    total_timesteps      | 17004544     |
| train/                  |              |
|    approx_kl            | 0.0081404485 |
|    clip_fraction        | 0.0748       |
|    clip_range           | 0.2          |
|    entropy_loss         | 3.38         |
|    explained_variance   | 0.97         |
|    learning_rate        | 0.00013      |
|    loss                 | 5.83         |
|    n_updates            | 4360         |
|    policy_gradient_loss | 0.000259     |
|    std                  | 0.0446       |
|    value_loss           | 13.6         |
------------------------------------------
------------------------------------------
| rollout/                |              |
|    ep_len_mean          | 1.93e+03     |
|    ep_rew_mean          | 2.76e+03     |
| time/                   |              |
|    fps                  | 2394         |
|    iterations           | 438          |
|    time_elapsed         | 7117         |
|    total_timesteps      | 17043456     |
| train/                  |              |
|    approx_kl            | 0.0080604255 |
|    clip_fraction        | 0.0828       |
|    clip_range           | 0.2          |
|    entropy_loss         | 3.39         |
|    explained_variance   | 0.975        |
|    learning_rate        | 0.00013      |
|    loss                 | 9.4          |
|    n_updates            | 4370         |
|    policy_gradient_loss | -0.00167     |
|    std                  | 0.0443       |
|    value_loss           | 14.5         |
------------------------------------------
------------------------------------------
| rollout/                |              |
|    ep_len_mean          | 1.9e+03      |
|    ep_rew_mean          | 2.7e+03      |
| time/                   |              |
|    fps                  | 2397         |
|    iterations           | 439          |
|    time_elapsed         | 7124         |
|    total_timesteps      | 17082368     |
| train/                  |              |
|    approx_kl            | 0.0073863706 |
|    clip_fraction        | 0.082        |
|    clip_range           | 0.2          |
|    entropy_loss         | 3.39         |
|    explained_variance   | 0.973        |
|    learning_rate        | 0.00013      |
|    loss                 | 9.58         |
|    n_updates            | 4380         |
|    policy_gradient_loss | -0.00066     |
|    std                  | 0.0446       |
|    value_loss           | 15           |
------------------------------------------
Eval num_timesteps=17100000, episode_reward=3070.26 +/- 507.24
Episode length: 2000.00 +/- 0.00
-----------------------------------------
| eval/                   |             |
|    mean_ep_length       | 2e+03       |
|    mean_reward          | 3.07e+03    |
| time/                   |             |
|    total_timesteps      | 17100000    |
| train/                  |             |
|    approx_kl            | 0.007980142 |
|    clip_fraction        | 0.0828      |
|    clip_range           | 0.2         |
|    entropy_loss         | 3.38        |
|    explained_variance   | 0.977       |
|    learning_rate        | 0.000129    |
|    loss                 | 6.52        |
|    n_updates            | 4390        |
|    policy_gradient_loss | -0.000554   |
|    std                  | 0.0446      |
|    value_loss           | 16.9        |
-----------------------------------------
New best mean reward!
---------------------------------
| rollout/           |          |
|    ep_len_mean     | 1.9e+03  |
|    ep_rew_mean     | 2.7e+03  |
| time/              |          |
|    fps             | 2394     |
|    iterations      | 440      |
|    time_elapsed    | 7149     |
|    total_timesteps | 17121280 |
---------------------------------
-----------------------------------------
| rollout/                |             |
|    ep_len_mean          | 1.93e+03    |
|    ep_rew_mean          | 2.76e+03    |
| time/                   |             |
|    fps                  | 2398        |
|    iterations           | 441         |
|    time_elapsed         | 7155        |
|    total_timesteps      | 17160192    |
| train/                  |             |
|    approx_kl            | 0.009114371 |
|    clip_fraction        | 0.122       |
|    clip_range           | 0.2         |
|    entropy_loss         | 3.38        |
|    explained_variance   | 0.975       |
|    learning_rate        | 0.000129    |
|    loss                 | 5.93        |
|    n_updates            | 4400        |
|    policy_gradient_loss | -0.000635   |
|    std                  | 0.0448      |
|    value_loss           | 10.8        |
-----------------------------------------
-----------------------------------------
| rollout/                |             |
|    ep_len_mean          | 1.93e+03    |
|    ep_rew_mean          | 2.77e+03    |
| time/                   |             |
|    fps                  | 2401        |
|    iterations           | 442         |
|    time_elapsed         | 7161        |
|    total_timesteps      | 17199104    |
| train/                  |             |
|    approx_kl            | 0.007636806 |
|    clip_fraction        | 0.0917      |
|    clip_range           | 0.2         |
|    entropy_loss         | 3.37        |
|    explained_variance   | 0.952       |
|    learning_rate        | 0.000128    |
|    loss                 | 7.33        |
|    n_updates            | 4410        |
|    policy_gradient_loss | 7.98e-05    |
|    std                  | 0.0448      |
|    value_loss           | 15.1        |
-----------------------------------------
----------------------------------------
| rollout/                |            |
|    ep_len_mean          | 1.94e+03   |
|    ep_rew_mean          | 2.79e+03   |
| time/                   |            |
|    fps                  | 2404       |
|    iterations           | 443        |
|    time_elapsed         | 7168       |
|    total_timesteps      | 17238016   |
| train/                  |            |
|    approx_kl            | 0.00827776 |
|    clip_fraction        | 0.0835     |
|    clip_range           | 0.2        |
|    entropy_loss         | 3.37       |
|    explained_variance   | 0.948      |
|    learning_rate        | 0.000128   |
|    loss                 | 3.42       |
|    n_updates            | 4420       |
|    policy_gradient_loss | -0.000462  |
|    std                  | 0.0449     |
|    value_loss           | 12.8       |
----------------------------------------
-----------------------------------------
| rollout/                |             |
|    ep_len_mean          | 1.98e+03    |
|    ep_rew_mean          | 2.85e+03    |
| time/                   |             |
|    fps                  | 2408        |
|    iterations           | 444         |
|    time_elapsed         | 7174        |
|    total_timesteps      | 17276928    |
| train/                  |             |
|    approx_kl            | 0.007337255 |
|    clip_fraction        | 0.0804      |
|    clip_range           | 0.2         |
|    entropy_loss         | 3.36        |
|    explained_variance   | 0.969       |
|    learning_rate        | 0.000128    |
|    loss                 | 5.44        |
|    n_updates            | 4430        |
|    policy_gradient_loss | -0.000677   |
|    std                  | 0.0451      |
|    value_loss           | 17.4        |
-----------------------------------------
Eval num_timesteps=17290000, episode_reward=3107.47 +/- 435.68
Episode length: 2000.00 +/- 0.00
------------------------------------------
| eval/                   |              |
|    mean_ep_length       | 2e+03        |
|    mean_reward          | 3.11e+03     |
| time/                   |              |
|    total_timesteps      | 17290000     |
| train/                  |              |
|    approx_kl            | 0.0061396323 |
|    clip_fraction        | 0.0625       |
|    clip_range           | 0.2          |
|    entropy_loss         | 3.36         |
|    explained_variance   | 0.954        |
|    learning_rate        | 0.000127     |
|    loss                 | 9.06         |
|    n_updates            | 4440         |
|    policy_gradient_loss | -0.000422    |
|    std                  | 0.0452       |
|    value_loss           | 20.9         |
------------------------------------------
New best mean reward!
---------------------------------
| rollout/           |          |
|    ep_len_mean     | 1.99e+03 |
|    ep_rew_mean     | 2.88e+03 |
| time/              |          |
|    fps             | 2405     |
|    iterations      | 445      |
|    time_elapsed    | 7199     |
|    total_timesteps | 17315840 |
---------------------------------
-----------------------------------------
| rollout/                |             |
|    ep_len_mean          | 1.99e+03    |
|    ep_rew_mean          | 2.88e+03    |
| time/                   |             |
|    fps                  | 2408        |
|    iterations           | 446         |
|    time_elapsed         | 7206        |
|    total_timesteps      | 17354752    |
| train/                  |             |
|    approx_kl            | 0.008114217 |
|    clip_fraction        | 0.106       |
|    clip_range           | 0.2         |
|    entropy_loss         | 3.35        |
|    explained_variance   | 0.956       |
|    learning_rate        | 0.000127    |
|    loss                 | 11.5        |
|    n_updates            | 4450        |
|    policy_gradient_loss | -0.000502   |
|    std                  | 0.0456      |
|    value_loss           | 14.1        |
-----------------------------------------
------------------------------------------
| rollout/                |              |
|    ep_len_mean          | 1.99e+03     |
|    ep_rew_mean          | 2.86e+03     |
| time/                   |              |
|    fps                  | 2411         |
|    iterations           | 447          |
|    time_elapsed         | 7212         |
|    total_timesteps      | 17393664     |
| train/                  |              |
|    approx_kl            | 0.0072822673 |
|    clip_fraction        | 0.0987       |
|    clip_range           | 0.2          |
|    entropy_loss         | 3.33         |
|    explained_variance   | 0.967        |
|    learning_rate        | 0.000126     |
|    loss                 | 6.21         |
|    n_updates            | 4460         |
|    policy_gradient_loss | -0.000692    |
|    std                  | 0.0458       |
|    value_loss           | 14.3         |
------------------------------------------
------------------------------------------
| rollout/                |              |
|    ep_len_mean          | 1.98e+03     |
|    ep_rew_mean          | 2.88e+03     |
| time/                   |              |
|    fps                  | 2414         |
|    iterations           | 448          |
|    time_elapsed         | 7219         |
|    total_timesteps      | 17432576     |
| train/                  |              |
|    approx_kl            | 0.0064808466 |
|    clip_fraction        | 0.0718       |
|    clip_range           | 0.2          |
|    entropy_loss         | 3.33         |
|    explained_variance   | 0.964        |
|    learning_rate        | 0.000126     |
|    loss                 | 6.65         |
|    n_updates            | 4470         |
|    policy_gradient_loss | -0.000937    |
|    std                  | 0.0459       |
|    value_loss           | 15.9         |
------------------------------------------
------------------------------------------
| rollout/                |              |
|    ep_len_mean          | 1.99e+03     |
|    ep_rew_mean          | 2.92e+03     |
| time/                   |              |
|    fps                  | 2417         |
|    iterations           | 449          |
|    time_elapsed         | 7225         |
|    total_timesteps      | 17471488     |
| train/                  |              |
|    approx_kl            | 0.0073084934 |
|    clip_fraction        | 0.0828       |
|    clip_range           | 0.2          |
|    entropy_loss         | 3.32         |
|    explained_variance   | 0.959        |
|    learning_rate        | 0.000126     |
|    loss                 | 8.26         |
|    n_updates            | 4480         |
|    policy_gradient_loss | -0.000734    |
|    std                  | 0.046        |
|    value_loss           | 14.5         |
------------------------------------------
Eval num_timesteps=17480000, episode_reward=3082.02 +/- 442.09
Episode length: 1997.50 +/- 10.90
------------------------------------------
| eval/                   |              |
|    mean_ep_length       | 2e+03        |
|    mean_reward          | 3.08e+03     |
| time/                   |              |
|    total_timesteps      | 17480000     |
| train/                  |              |
|    approx_kl            | 0.0070054373 |
|    clip_fraction        | 0.069        |
|    clip_range           | 0.2          |
|    entropy_loss         | 3.33         |
|    explained_variance   | 0.962        |
|    learning_rate        | 0.000125     |
|    loss                 | 13.1         |
|    n_updates            | 4490         |
|    policy_gradient_loss | -0.000358    |
|    std                  | 0.0458       |
|    value_loss           | 15           |
------------------------------------------
---------------------------------
| rollout/           |          |
|    ep_len_mean     | 1.99e+03 |
|    ep_rew_mean     | 2.91e+03 |
| time/              |          |
|    fps             | 2414     |
|    iterations      | 450      |
|    time_elapsed    | 7251     |
|    total_timesteps | 17510400 |
---------------------------------
-----------------------------------------
| rollout/                |             |
|    ep_len_mean          | 1.99e+03    |
|    ep_rew_mean          | 2.89e+03    |
| time/                   |             |
|    fps                  | 2418        |
|    iterations           | 451         |
|    time_elapsed         | 7257        |
|    total_timesteps      | 17549312    |
| train/                  |             |
|    approx_kl            | 0.009008475 |
|    clip_fraction        | 0.0886      |
|    clip_range           | 0.2         |
|    entropy_loss         | 3.33        |
|    explained_variance   | 0.97        |
|    learning_rate        | 0.000125    |
|    loss                 | 3.64        |
|    n_updates            | 4500        |
|    policy_gradient_loss | -0.000384   |
|    std                  | 0.0457      |
|    value_loss           | 11.3        |
-----------------------------------------
-----------------------------------------
| rollout/                |             |
|    ep_len_mean          | 1.99e+03    |
|    ep_rew_mean          | 2.9e+03     |
| time/                   |             |
|    fps                  | 2421        |
|    iterations           | 452         |
|    time_elapsed         | 7263        |
|    total_timesteps      | 17588224    |
| train/                  |             |
|    approx_kl            | 0.006955281 |
|    clip_fraction        | 0.0759      |
|    clip_range           | 0.2         |
|    entropy_loss         | 3.33        |
|    explained_variance   | 0.953       |
|    learning_rate        | 0.000125    |
|    loss                 | 4.5         |
|    n_updates            | 4510        |
|    policy_gradient_loss | -0.00117    |
|    std                  | 0.0459      |
|    value_loss           | 17          |
-----------------------------------------
------------------------------------------
| rollout/                |              |
|    ep_len_mean          | 2e+03        |
|    ep_rew_mean          | 2.89e+03     |
| time/                   |              |
|    fps                  | 2424         |
|    iterations           | 453          |
|    time_elapsed         | 7270         |
|    total_timesteps      | 17627136     |
| train/                  |              |
|    approx_kl            | 0.0064275297 |
|    clip_fraction        | 0.0928       |
|    clip_range           | 0.2          |
|    entropy_loss         | 3.32         |
|    explained_variance   | 0.964        |
|    learning_rate        | 0.000124     |
|    loss                 | 11.9         |
|    n_updates            | 4520         |
|    policy_gradient_loss | -0.000782    |
|    std                  | 0.046        |
|    value_loss           | 16.9         |
------------------------------------------
-----------------------------------------
| rollout/                |             |
|    ep_len_mean          | 2e+03       |
|    ep_rew_mean          | 2.88e+03    |
| time/                   |             |
|    fps                  | 2427        |
|    iterations           | 454         |
|    time_elapsed         | 7276        |
|    total_timesteps      | 17666048    |
| train/                  |             |
|    approx_kl            | 0.007152538 |
|    clip_fraction        | 0.0826      |
|    clip_range           | 0.2         |
|    entropy_loss         | 3.32        |
|    explained_variance   | 0.952       |
|    learning_rate        | 0.000124    |
|    loss                 | 2.73        |
|    n_updates            | 4530        |
|    policy_gradient_loss | -0.00111    |
|    std                  | 0.0463      |
|    value_loss           | 17.1        |
-----------------------------------------
Eval num_timesteps=17670000, episode_reward=3095.23 +/- 417.59
Episode length: 1990.90 +/- 39.67
-----------------------------------------
| eval/                   |             |
|    mean_ep_length       | 1.99e+03    |
|    mean_reward          | 3.1e+03     |
| time/                   |             |
|    total_timesteps      | 17670000    |
| train/                  |             |
|    approx_kl            | 0.007179328 |
|    clip_fraction        | 0.0819      |
|    clip_range           | 0.2         |
|    entropy_loss         | 3.3         |
|    explained_variance   | 0.947       |
|    learning_rate        | 0.000123    |
|    loss                 | 10.3        |
|    n_updates            | 4540        |
|    policy_gradient_loss | -0.00158    |
|    std                  | 0.0466      |
|    value_loss           | 20.9        |
-----------------------------------------
---------------------------------
| rollout/           |          |
|    ep_len_mean     | 2e+03    |
|    ep_rew_mean     | 2.88e+03 |
| time/              |          |
|    fps             | 2424     |
|    iterations      | 455      |
|    time_elapsed    | 7301     |
|    total_timesteps | 17704960 |
---------------------------------
-----------------------------------------
| rollout/                |             |
|    ep_len_mean          | 2e+03       |
|    ep_rew_mean          | 2.91e+03    |
| time/                   |             |
|    fps                  | 2427        |
|    iterations           | 456         |
|    time_elapsed         | 7308        |
|    total_timesteps      | 17743872    |
| train/                  |             |
|    approx_kl            | 0.008468285 |
|    clip_fraction        | 0.0792      |
|    clip_range           | 0.2         |
|    entropy_loss         | 3.29        |
|    explained_variance   | 0.951       |
|    learning_rate        | 0.000123    |
|    loss                 | 9.94        |
|    n_updates            | 4550        |
|    policy_gradient_loss | -0.00145    |
|    std                  | 0.0468      |
|    value_loss           | 18          |
-----------------------------------------
-----------------------------------------
| rollout/                |             |
|    ep_len_mean          | 2e+03       |
|    ep_rew_mean          | 2.91e+03    |
| time/                   |             |
|    fps                  | 2431        |
|    iterations           | 457         |
|    time_elapsed         | 7314        |
|    total_timesteps      | 17782784    |
| train/                  |             |
|    approx_kl            | 0.008669298 |
|    clip_fraction        | 0.1         |
|    clip_range           | 0.2         |
|    entropy_loss         | 3.27        |
|    explained_variance   | 0.962       |
|    learning_rate        | 0.000123    |
|    loss                 | 2.58        |
|    n_updates            | 4560        |
|    policy_gradient_loss | -0.00048    |
|    std                  | 0.0473      |
|    value_loss           | 11.5        |
-----------------------------------------
-----------------------------------------
| rollout/                |             |
|    ep_len_mean          | 2e+03       |
|    ep_rew_mean          | 2.91e+03    |
| time/                   |             |
|    fps                  | 2434        |
|    iterations           | 458         |
|    time_elapsed         | 7321        |
|    total_timesteps      | 17821696    |
| train/                  |             |
|    approx_kl            | 0.008507603 |
|    clip_fraction        | 0.0796      |
|    clip_range           | 0.2         |
|    entropy_loss         | 3.26        |
|    explained_variance   | 0.954       |
|    learning_rate        | 0.000122    |
|    loss                 | 7.65        |
|    n_updates            | 4570        |
|    policy_gradient_loss | -0.000922   |
|    std                  | 0.0473      |
|    value_loss           | 18.4        |
-----------------------------------------
Eval num_timesteps=17860000, episode_reward=3090.90 +/- 440.95
Episode length: 1990.20 +/- 42.72
-----------------------------------------
| eval/                   |             |
|    mean_ep_length       | 1.99e+03    |
|    mean_reward          | 3.09e+03    |
| time/                   |             |
|    total_timesteps      | 17860000    |
| train/                  |             |
|    approx_kl            | 0.006990099 |
|    clip_fraction        | 0.0733      |
|    clip_range           | 0.2         |
|    entropy_loss         | 3.26        |
|    explained_variance   | 0.97        |
|    learning_rate        | 0.000122    |
|    loss                 | 4.55        |
|    n_updates            | 4580        |
|    policy_gradient_loss | -0.00106    |
|    std                  | 0.0473      |
|    value_loss           | 16.5        |
-----------------------------------------
---------------------------------
| rollout/           |          |
|    ep_len_mean     | 2e+03    |
|    ep_rew_mean     | 2.93e+03 |
| time/              |          |
|    fps             | 2431     |
|    iterations      | 459      |
|    time_elapsed    | 7346     |
|    total_timesteps | 17860608 |
---------------------------------
------------------------------------------
| rollout/                |              |
|    ep_len_mean          | 2e+03        |
|    ep_rew_mean          | 2.96e+03     |
| time/                   |              |
|    fps                  | 2434         |
|    iterations           | 460          |
|    time_elapsed         | 7352         |
|    total_timesteps      | 17899520     |
| train/                  |              |
|    approx_kl            | 0.0067412783 |
|    clip_fraction        | 0.0773       |
|    clip_range           | 0.2          |
|    entropy_loss         | 3.25         |
|    explained_variance   | 0.959        |
|    learning_rate        | 0.000121     |
|    loss                 | 3.4          |
|    n_updates            | 4590         |
|    policy_gradient_loss | -0.000445    |
|    std                  | 0.0478       |
|    value_loss           | 13.7         |
------------------------------------------
-----------------------------------------
| rollout/                |             |
|    ep_len_mean          | 2e+03       |
|    ep_rew_mean          | 2.94e+03    |
| time/                   |             |
|    fps                  | 2437        |
|    iterations           | 461         |
|    time_elapsed         | 7359        |
|    total_timesteps      | 17938432    |
| train/                  |             |
|    approx_kl            | 0.008813882 |
|    clip_fraction        | 0.0881      |
|    clip_range           | 0.2         |
|    entropy_loss         | 3.24        |
|    explained_variance   | 0.954       |
|    learning_rate        | 0.000121    |
|    loss                 | 8.42        |
|    n_updates            | 4600        |
|    policy_gradient_loss | -0.000593   |
|    std                  | 0.0481      |
|    value_loss           | 16.4        |
-----------------------------------------
------------------------------------------
| rollout/                |              |
|    ep_len_mean          | 2e+03        |
|    ep_rew_mean          | 2.96e+03     |
| time/                   |              |
|    fps                  | 2440         |
|    iterations           | 462          |
|    time_elapsed         | 7366         |
|    total_timesteps      | 17977344     |
| train/                  |              |
|    approx_kl            | 0.0069200383 |
|    clip_fraction        | 0.0663       |
|    clip_range           | 0.2          |
|    entropy_loss         | 3.23         |
|    explained_variance   | 0.967        |
|    learning_rate        | 0.000121     |
|    loss                 | 4.88         |
|    n_updates            | 4610         |
|    policy_gradient_loss | -0.000739    |
|    std                  | 0.048        |
|    value_loss           | 14.2         |
------------------------------------------
-----------------------------------------
| rollout/                |             |
|    ep_len_mean          | 1.99e+03    |
|    ep_rew_mean          | 2.95e+03    |
| time/                   |             |
|    fps                  | 2443        |
|    iterations           | 463         |
|    time_elapsed         | 7372        |
|    total_timesteps      | 18016256    |
| train/                  |             |
|    approx_kl            | 0.010851774 |
|    clip_fraction        | 0.0904      |
|    clip_range           | 0.2         |
|    entropy_loss         | 3.23        |
|    explained_variance   | 0.964       |
|    learning_rate        | 0.00012     |
|    loss                 | 10.4        |
|    n_updates            | 4620        |
|    policy_gradient_loss | -0.000868   |
|    std                  | 0.0482      |
|    value_loss           | 16.6        |
-----------------------------------------
Eval num_timesteps=18050000, episode_reward=3183.16 +/- 347.80
Episode length: 2000.00 +/- 0.00
------------------------------------------
| eval/                   |              |
|    mean_ep_length       | 2e+03        |
|    mean_reward          | 3.18e+03     |
| time/                   |              |
|    total_timesteps      | 18050000     |
| train/                  |              |
|    approx_kl            | 0.0072314143 |
|    clip_fraction        | 0.078        |
|    clip_range           | 0.2          |
|    entropy_loss         | 3.23         |
|    explained_variance   | 0.969        |
|    learning_rate        | 0.00012      |
|    loss                 | 3.9          |
|    n_updates            | 4630         |
|    policy_gradient_loss | -0.000707    |
|    std                  | 0.0481       |
|    value_loss           | 14.2         |
------------------------------------------
New best mean reward!
---------------------------------
| rollout/           |          |
|    ep_len_mean     | 1.98e+03 |
|    ep_rew_mean     | 2.92e+03 |
| time/              |          |
|    fps             | 2440     |
|    iterations      | 464      |
|    time_elapsed    | 7397     |
|    total_timesteps | 18055168 |
---------------------------------
------------------------------------------
| rollout/                |              |
|    ep_len_mean          | 1.98e+03     |
|    ep_rew_mean          | 2.93e+03     |
| time/                   |              |
|    fps                  | 2443         |
|    iterations           | 465          |
|    time_elapsed         | 7404         |
|    total_timesteps      | 18094080     |
| train/                  |              |
|    approx_kl            | 0.0073736515 |
|    clip_fraction        | 0.0901       |
|    clip_range           | 0.2          |
|    entropy_loss         | 3.23         |
|    explained_variance   | 0.972        |
|    learning_rate        | 0.000119     |
|    loss                 | 25.2         |
|    n_updates            | 4640         |
|    policy_gradient_loss | -0.00135     |
|    std                  | 0.0483       |
|    value_loss           | 14.1         |
------------------------------------------
------------------------------------------
| rollout/                |              |
|    ep_len_mean          | 1.97e+03     |
|    ep_rew_mean          | 2.87e+03     |
| time/                   |              |
|    fps                  | 2446         |
|    iterations           | 466          |
|    time_elapsed         | 7410         |
|    total_timesteps      | 18132992     |
| train/                  |              |
|    approx_kl            | 0.0069086896 |
|    clip_fraction        | 0.0802       |
|    clip_range           | 0.2          |
|    entropy_loss         | 3.22         |
|    explained_variance   | 0.956        |
|    learning_rate        | 0.000119     |
|    loss                 | 10.3         |
|    n_updates            | 4650         |
|    policy_gradient_loss | -0.00147     |
|    std                  | 0.0486       |
|    value_loss           | 15.5         |
------------------------------------------
----------------------------------------
| rollout/                |            |
|    ep_len_mean          | 1.96e+03   |
|    ep_rew_mean          | 2.88e+03   |
| time/                   |            |
|    fps                  | 2449       |
|    iterations           | 467        |
|    time_elapsed         | 7417       |
|    total_timesteps      | 18171904   |
| train/                  |            |
|    approx_kl            | 0.00799073 |
|    clip_fraction        | 0.09       |
|    clip_range           | 0.2        |
|    entropy_loss         | 3.21       |
|    explained_variance   | 0.968      |
|    learning_rate        | 0.000119   |
|    loss                 | 9.83       |
|    n_updates            | 4660       |
|    policy_gradient_loss | -0.0012    |
|    std                  | 0.0486     |
|    value_loss           | 14.5       |
----------------------------------------
------------------------------------------
| rollout/                |              |
|    ep_len_mean          | 1.97e+03     |
|    ep_rew_mean          | 2.9e+03      |
| time/                   |              |
|    fps                  | 2453         |
|    iterations           | 468          |
|    time_elapsed         | 7423         |
|    total_timesteps      | 18210816     |
| train/                  |              |
|    approx_kl            | 0.0057146885 |
|    clip_fraction        | 0.0666       |
|    clip_range           | 0.2          |
|    entropy_loss         | 3.21         |
|    explained_variance   | 0.971        |
|    learning_rate        | 0.000118     |
|    loss                 | 7.12         |
|    n_updates            | 4670         |
|    policy_gradient_loss | -0.000805    |
|    std                  | 0.0487       |
|    value_loss           | 15.9         |
------------------------------------------
Eval num_timesteps=18240000, episode_reward=3207.20 +/- 361.95
Episode length: 1996.90 +/- 13.51
-----------------------------------------
| eval/                   |             |
|    mean_ep_length       | 2e+03       |
|    mean_reward          | 3.21e+03    |
| time/                   |             |
|    total_timesteps      | 18240000    |
| train/                  |             |
|    approx_kl            | 0.005913981 |
|    clip_fraction        | 0.0669      |
|    clip_range           | 0.2         |
|    entropy_loss         | 3.22        |
|    explained_variance   | 0.961       |
|    learning_rate        | 0.000118    |
|    loss                 | 6.06        |
|    n_updates            | 4680        |
|    policy_gradient_loss | -0.00136    |
|    std                  | 0.0484      |
|    value_loss           | 18.8        |
-----------------------------------------
New best mean reward!
---------------------------------
| rollout/           |          |
|    ep_len_mean     | 1.98e+03 |
|    ep_rew_mean     | 2.9e+03  |
| time/              |          |
|    fps             | 2450     |
|    iterations      | 469      |
|    time_elapsed    | 7448     |
|    total_timesteps | 18249728 |
---------------------------------
------------------------------------------
| rollout/                |              |
|    ep_len_mean          | 1.97e+03     |
|    ep_rew_mean          | 2.87e+03     |
| time/                   |              |
|    fps                  | 2453         |
|    iterations           | 470          |
|    time_elapsed         | 7454         |
|    total_timesteps      | 18288640     |
| train/                  |              |
|    approx_kl            | 0.0073806257 |
|    clip_fraction        | 0.0926       |
|    clip_range           | 0.2          |
|    entropy_loss         | 3.22         |
|    explained_variance   | 0.967        |
|    learning_rate        | 0.000118     |
|    loss                 | 3.43         |
|    n_updates            | 4690         |
|    policy_gradient_loss | -0.000322    |
|    std                  | 0.0485       |
|    value_loss           | 14.7         |
------------------------------------------
----------------------------------------
| rollout/                |            |
|    ep_len_mean          | 1.98e+03   |
|    ep_rew_mean          | 2.87e+03   |
| time/                   |            |
|    fps                  | 2456       |
|    iterations           | 471        |
|    time_elapsed         | 7461       |
|    total_timesteps      | 18327552   |
| train/                  |            |
|    approx_kl            | 0.00770685 |
|    clip_fraction        | 0.085      |
|    clip_range           | 0.2        |
|    entropy_loss         | 3.21       |
|    explained_variance   | 0.945      |
|    learning_rate        | 0.000117   |
|    loss                 | 5.58       |
|    n_updates            | 4700       |
|    policy_gradient_loss | -0.00118   |
|    std                  | 0.0487     |
|    value_loss           | 24.6       |
----------------------------------------
-----------------------------------------
| rollout/                |             |
|    ep_len_mean          | 1.99e+03    |
|    ep_rew_mean          | 2.86e+03    |
| time/                   |             |
|    fps                  | 2459        |
|    iterations           | 472         |
|    time_elapsed         | 7468        |
|    total_timesteps      | 18366464    |
| train/                  |             |
|    approx_kl            | 0.007713076 |
|    clip_fraction        | 0.0841      |
|    clip_range           | 0.2         |
|    entropy_loss         | 3.21        |
|    explained_variance   | 0.952       |
|    learning_rate        | 0.000117    |
|    loss                 | 6.8         |
|    n_updates            | 4710        |
|    policy_gradient_loss | -0.00127    |
|    std                  | 0.0487      |
|    value_loss           | 21          |
-----------------------------------------
-----------------------------------------
| rollout/                |             |
|    ep_len_mean          | 1.99e+03    |
|    ep_rew_mean          | 2.87e+03    |
| time/                   |             |
|    fps                  | 2462        |
|    iterations           | 473         |
|    time_elapsed         | 7474        |
|    total_timesteps      | 18405376    |
| train/                  |             |
|    approx_kl            | 0.006693749 |
|    clip_fraction        | 0.0606      |
|    clip_range           | 0.2         |
|    entropy_loss         | 3.21        |
|    explained_variance   | 0.957       |
|    learning_rate        | 0.000116    |
|    loss                 | 7.77        |
|    n_updates            | 4720        |
|    policy_gradient_loss | -0.000304   |
|    std                  | 0.0487      |
|    value_loss           | 19.6        |
-----------------------------------------
Eval num_timesteps=18430000, episode_reward=3202.20 +/- 384.34
Episode length: 2000.00 +/- 0.00
------------------------------------------
| eval/                   |              |
|    mean_ep_length       | 2e+03        |
|    mean_reward          | 3.2e+03      |
| time/                   |              |
|    total_timesteps      | 18430000     |
| train/                  |              |
|    approx_kl            | 0.0073794485 |
|    clip_fraction        | 0.0849       |
|    clip_range           | 0.2          |
|    entropy_loss         | 3.2          |
|    explained_variance   | 0.948        |
|    learning_rate        | 0.000116     |
|    loss                 | 5.77         |
|    n_updates            | 4730         |
|    policy_gradient_loss | -0.000564    |
|    std                  | 0.0488       |
|    value_loss           | 19.9         |
------------------------------------------
---------------------------------
| rollout/           |          |
|    ep_len_mean     | 1.99e+03 |
|    ep_rew_mean     | 2.87e+03 |
| time/              |          |
|    fps             | 2459     |
|    iterations      | 474      |
|    time_elapsed    | 7499     |
|    total_timesteps | 18444288 |
---------------------------------
-----------------------------------------
| rollout/                |             |
|    ep_len_mean          | 1.99e+03    |
|    ep_rew_mean          | 2.89e+03    |
| time/                   |             |
|    fps                  | 2462        |
|    iterations           | 475         |
|    time_elapsed         | 7505        |
|    total_timesteps      | 18483200    |
| train/                  |             |
|    approx_kl            | 0.006172864 |
|    clip_fraction        | 0.076       |
|    clip_range           | 0.2         |
|    entropy_loss         | 3.2         |
|    explained_variance   | 0.966       |
|    learning_rate        | 0.000116    |
|    loss                 | 8.32        |
|    n_updates            | 4740        |
|    policy_gradient_loss | -0.000532   |
|    std                  | 0.0489      |
|    value_loss           | 13.4        |
-----------------------------------------
-----------------------------------------
| rollout/                |             |
|    ep_len_mean          | 1.99e+03    |
|    ep_rew_mean          | 2.89e+03    |
| time/                   |             |
|    fps                  | 2465        |
|    iterations           | 476         |
|    time_elapsed         | 7512        |
|    total_timesteps      | 18522112    |
| train/                  |             |
|    approx_kl            | 0.008500434 |
|    clip_fraction        | 0.0832      |
|    clip_range           | 0.2         |
|    entropy_loss         | 3.2         |
|    explained_variance   | 0.962       |
|    learning_rate        | 0.000115    |
|    loss                 | 12.3        |
|    n_updates            | 4750        |
|    policy_gradient_loss | -0.000294   |
|    std                  | 0.0489      |
|    value_loss           | 14.6        |
-----------------------------------------
-----------------------------------------
| rollout/                |             |
|    ep_len_mean          | 1.99e+03    |
|    ep_rew_mean          | 2.92e+03    |
| time/                   |             |
|    fps                  | 2468        |
|    iterations           | 477         |
|    time_elapsed         | 7519        |
|    total_timesteps      | 18561024    |
| train/                  |             |
|    approx_kl            | 0.005615735 |
|    clip_fraction        | 0.0649      |
|    clip_range           | 0.2         |
|    entropy_loss         | 3.2         |
|    explained_variance   | 0.96        |
|    learning_rate        | 0.000115    |
|    loss                 | 6.68        |
|    n_updates            | 4760        |
|    policy_gradient_loss | -0.00038    |
|    std                  | 0.0487      |
|    value_loss           | 17.6        |
-----------------------------------------
-----------------------------------------
| rollout/                |             |
|    ep_len_mean          | 1.99e+03    |
|    ep_rew_mean          | 2.87e+03    |
| time/                   |             |
|    fps                  | 2471        |
|    iterations           | 478         |
|    time_elapsed         | 7525        |
|    total_timesteps      | 18599936    |
| train/                  |             |
|    approx_kl            | 0.006606595 |
|    clip_fraction        | 0.0759      |
|    clip_range           | 0.2         |
|    entropy_loss         | 3.21        |
|    explained_variance   | 0.945       |
|    learning_rate        | 0.000114    |
|    loss                 | 28.1        |
|    n_updates            | 4770        |
|    policy_gradient_loss | -0.000623   |
|    std                  | 0.0485      |
|    value_loss           | 25.4        |
-----------------------------------------
Eval num_timesteps=18620000, episode_reward=3233.19 +/- 348.25
Episode length: 2000.00 +/- 0.00
-----------------------------------------
| eval/                   |             |
|    mean_ep_length       | 2e+03       |
|    mean_reward          | 3.23e+03    |
| time/                   |             |
|    total_timesteps      | 18620000    |
| train/                  |             |
|    approx_kl            | 0.006533035 |
|    clip_fraction        | 0.0801      |
|    clip_range           | 0.2         |
|    entropy_loss         | 3.22        |
|    explained_variance   | 0.961       |
|    learning_rate        | 0.000114    |
|    loss                 | 8.16        |
|    n_updates            | 4780        |
|    policy_gradient_loss | 1.96e-05    |
|    std                  | 0.0484      |
|    value_loss           | 15.7        |
-----------------------------------------
New best mean reward!
---------------------------------
| rollout/           |          |
|    ep_len_mean     | 1.99e+03 |
|    ep_rew_mean     | 2.87e+03 |
| time/              |          |
|    fps             | 2468     |
|    iterations      | 479      |
|    time_elapsed    | 7550     |
|    total_timesteps | 18638848 |
---------------------------------
-----------------------------------------
| rollout/                |             |
|    ep_len_mean          | 2e+03       |
|    ep_rew_mean          | 2.84e+03    |
| time/                   |             |
|    fps                  | 2471        |
|    iterations           | 480         |
|    time_elapsed         | 7557        |
|    total_timesteps      | 18677760    |
| train/                  |             |
|    approx_kl            | 0.005999441 |
|    clip_fraction        | 0.076       |
|    clip_range           | 0.2         |
|    entropy_loss         | 3.22        |
|    explained_variance   | 0.953       |
|    learning_rate        | 0.000114    |
|    loss                 | 12.7        |
|    n_updates            | 4790        |
|    policy_gradient_loss | -0.000908   |
|    std                  | 0.0485      |
|    value_loss           | 19.5        |
-----------------------------------------
------------------------------------------
| rollout/                |              |
|    ep_len_mean          | 2e+03        |
|    ep_rew_mean          | 2.86e+03     |
| time/                   |              |
|    fps                  | 2474         |
|    iterations           | 481          |
|    time_elapsed         | 7563         |
|    total_timesteps      | 18716672     |
| train/                  |              |
|    approx_kl            | 0.0063412953 |
|    clip_fraction        | 0.0657       |
|    clip_range           | 0.2          |
|    entropy_loss         | 3.21         |
|    explained_variance   | 0.968        |
|    learning_rate        | 0.000113     |
|    loss                 | 4.51         |
|    n_updates            | 4800         |
|    policy_gradient_loss | -0.000615    |
|    std                  | 0.0487       |
|    value_loss           | 12.4         |
------------------------------------------
-----------------------------------------
| rollout/                |             |
|    ep_len_mean          | 2e+03       |
|    ep_rew_mean          | 2.87e+03    |
| time/                   |             |
|    fps                  | 2477        |
|    iterations           | 482         |
|    time_elapsed         | 7570        |
|    total_timesteps      | 18755584    |
| train/                  |             |
|    approx_kl            | 0.007791949 |
|    clip_fraction        | 0.0969      |
|    clip_range           | 0.2         |
|    entropy_loss         | 3.21        |
|    explained_variance   | 0.959       |
|    learning_rate        | 0.000113    |
|    loss                 | 4.49        |
|    n_updates            | 4810        |
|    policy_gradient_loss | -0.00134    |
|    std                  | 0.0485      |
|    value_loss           | 16.9        |
-----------------------------------------
-----------------------------------------
| rollout/                |             |
|    ep_len_mean          | 2e+03       |
|    ep_rew_mean          | 2.91e+03    |
| time/                   |             |
|    fps                  | 2480        |
|    iterations           | 483         |
|    time_elapsed         | 7576        |
|    total_timesteps      | 18794496    |
| train/                  |             |
|    approx_kl            | 0.008034977 |
|    clip_fraction        | 0.0934      |
|    clip_range           | 0.2         |
|    entropy_loss         | 3.22        |
|    explained_variance   | 0.945       |
|    learning_rate        | 0.000112    |
|    loss                 | 5.8         |
|    n_updates            | 4820        |
|    policy_gradient_loss | 0.000336    |
|    std                  | 0.0483      |
|    value_loss           | 13          |
-----------------------------------------
Eval num_timesteps=18810000, episode_reward=3198.07 +/- 343.08
Episode length: 2000.00 +/- 0.00
-----------------------------------------
| eval/                   |             |
|    mean_ep_length       | 2e+03       |
|    mean_reward          | 3.2e+03     |
| time/                   |             |
|    total_timesteps      | 18810000    |
| train/                  |             |
|    approx_kl            | 0.005887903 |
|    clip_fraction        | 0.0566      |
|    clip_range           | 0.2         |
|    entropy_loss         | 3.22        |
|    explained_variance   | 0.948       |
|    learning_rate        | 0.000112    |
|    loss                 | 4.93        |
|    n_updates            | 4830        |
|    policy_gradient_loss | -0.00145    |
|    std                  | 0.0483      |
|    value_loss           | 17.7        |
-----------------------------------------
---------------------------------
| rollout/           |          |
|    ep_len_mean     | 2e+03    |
|    ep_rew_mean     | 2.92e+03 |
| time/              |          |
|    fps             | 2477     |
|    iterations      | 484      |
|    time_elapsed    | 7601     |
|    total_timesteps | 18833408 |
---------------------------------
-----------------------------------------
| rollout/                |             |
|    ep_len_mean          | 2e+03       |
|    ep_rew_mean          | 2.95e+03    |
| time/                   |             |
|    fps                  | 2480        |
|    iterations           | 485         |
|    time_elapsed         | 7608        |
|    total_timesteps      | 18872320    |
| train/                  |             |
|    approx_kl            | 0.007271532 |
|    clip_fraction        | 0.0715      |
|    clip_range           | 0.2         |
|    entropy_loss         | 3.22        |
|    explained_variance   | 0.952       |
|    learning_rate        | 0.000112    |
|    loss                 | 5.52        |
|    n_updates            | 4840        |
|    policy_gradient_loss | -0.00153    |
|    std                  | 0.0486      |
|    value_loss           | 15.9        |
-----------------------------------------
-----------------------------------------
| rollout/                |             |
|    ep_len_mean          | 2e+03       |
|    ep_rew_mean          | 2.94e+03    |
| time/                   |             |
|    fps                  | 2483        |
|    iterations           | 486         |
|    time_elapsed         | 7614        |
|    total_timesteps      | 18911232    |
| train/                  |             |
|    approx_kl            | 0.009459168 |
|    clip_fraction        | 0.0848      |
|    clip_range           | 0.2         |
|    entropy_loss         | 3.2         |
|    explained_variance   | 0.958       |
|    learning_rate        | 0.000111    |
|    loss                 | 6.08        |
|    n_updates            | 4850        |
|    policy_gradient_loss | -0.000556   |
|    std                  | 0.0489      |
|    value_loss           | 10.5        |
-----------------------------------------
------------------------------------------
| rollout/                |              |
|    ep_len_mean          | 2e+03        |
|    ep_rew_mean          | 2.93e+03     |
| time/                   |              |
|    fps                  | 2486         |
|    iterations           | 487          |
|    time_elapsed         | 7621         |
|    total_timesteps      | 18950144     |
| train/                  |              |
|    approx_kl            | 0.0064048395 |
|    clip_fraction        | 0.0602       |
|    clip_range           | 0.2          |
|    entropy_loss         | 3.19         |
|    explained_variance   | 0.958        |
|    learning_rate        | 0.000111     |
|    loss                 | 17.6         |
|    n_updates            | 4860         |
|    policy_gradient_loss | -0.000876    |
|    std                  | 0.049        |
|    value_loss           | 18.4         |
------------------------------------------
-----------------------------------------
| rollout/                |             |
|    ep_len_mean          | 2e+03       |
|    ep_rew_mean          | 2.93e+03    |
| time/                   |             |
|    fps                  | 2489        |
|    iterations           | 488         |
|    time_elapsed         | 7627        |
|    total_timesteps      | 18989056    |
| train/                  |             |
|    approx_kl            | 0.006847947 |
|    clip_fraction        | 0.0727      |
|    clip_range           | 0.2         |
|    entropy_loss         | 3.19        |
|    explained_variance   | 0.945       |
|    learning_rate        | 0.00011     |
|    loss                 | 6.06        |
|    n_updates            | 4870        |
|    policy_gradient_loss | -0.00136    |
|    std                  | 0.0492      |
|    value_loss           | 18.1        |
-----------------------------------------
Eval num_timesteps=19000000, episode_reward=3196.50 +/- 339.21
Episode length: 2000.00 +/- 0.00
------------------------------------------
| eval/                   |              |
|    mean_ep_length       | 2e+03        |
|    mean_reward          | 3.2e+03      |
| time/                   |              |
|    total_timesteps      | 19000000     |
| train/                  |              |
|    approx_kl            | 0.0089669665 |
|    clip_fraction        | 0.0831       |
|    clip_range           | 0.2          |
|    entropy_loss         | 3.18         |
|    explained_variance   | 0.954        |
|    learning_rate        | 0.00011      |
|    loss                 | 8.25         |
|    n_updates            | 4880         |
|    policy_gradient_loss | -0.00119     |
|    std                  | 0.0494       |
|    value_loss           | 13.7         |
------------------------------------------
---------------------------------
| rollout/           |          |
|    ep_len_mean     | 2e+03    |
|    ep_rew_mean     | 2.93e+03 |
| time/              |          |
|    fps             | 2486     |
|    iterations      | 489      |
|    time_elapsed    | 7652     |
|    total_timesteps | 19027968 |
---------------------------------
------------------------------------------
| rollout/                |              |
|    ep_len_mean          | 2e+03        |
|    ep_rew_mean          | 2.92e+03     |
| time/                   |              |
|    fps                  | 2489         |
|    iterations           | 490          |
|    time_elapsed         | 7659         |
|    total_timesteps      | 19066880     |
| train/                  |              |
|    approx_kl            | 0.0061004045 |
|    clip_fraction        | 0.0739       |
|    clip_range           | 0.2          |
|    entropy_loss         | 3.18         |
|    explained_variance   | 0.953        |
|    learning_rate        | 0.00011      |
|    loss                 | 8.97         |
|    n_updates            | 4890         |
|    policy_gradient_loss | -0.000544    |
|    std                  | 0.0496       |
|    value_loss           | 15.6         |
------------------------------------------
------------------------------------------
| rollout/                |              |
|    ep_len_mean          | 2e+03        |
|    ep_rew_mean          | 2.92e+03     |
| time/                   |              |
|    fps                  | 2492         |
|    iterations           | 491          |
|    time_elapsed         | 7665         |
|    total_timesteps      | 19105792     |
| train/                  |              |
|    approx_kl            | 0.0062588654 |
|    clip_fraction        | 0.0702       |
|    clip_range           | 0.2          |
|    entropy_loss         | 3.17         |
|    explained_variance   | 0.935        |
|    learning_rate        | 0.000109     |
|    loss                 | 12.3         |
|    n_updates            | 4900         |
|    policy_gradient_loss | -0.000897    |
|    std                  | 0.0496       |
|    value_loss           | 21.5         |
------------------------------------------
-----------------------------------------
| rollout/                |             |
|    ep_len_mean          | 2e+03       |
|    ep_rew_mean          | 2.92e+03    |
| time/                   |             |
|    fps                  | 2495        |
|    iterations           | 492         |
|    time_elapsed         | 7672        |
|    total_timesteps      | 19144704    |
| train/                  |             |
|    approx_kl            | 0.006564533 |
|    clip_fraction        | 0.0674      |
|    clip_range           | 0.2         |
|    entropy_loss         | 3.17        |
|    explained_variance   | 0.95        |
|    learning_rate        | 0.000109    |
|    loss                 | 6.11        |
|    n_updates            | 4910        |
|    policy_gradient_loss | -0.00141    |
|    std                  | 0.0495      |
|    value_loss           | 18.5        |
-----------------------------------------
------------------------------------------
| rollout/                |              |
|    ep_len_mean          | 2e+03        |
|    ep_rew_mean          | 2.93e+03     |
| time/                   |              |
|    fps                  | 2498         |
|    iterations           | 493          |
|    time_elapsed         | 7678         |
|    total_timesteps      | 19183616     |
| train/                  |              |
|    approx_kl            | 0.0074575683 |
|    clip_fraction        | 0.0905       |
|    clip_range           | 0.2          |
|    entropy_loss         | 3.17         |
|    explained_variance   | 0.931        |
|    learning_rate        | 0.000109     |
|    loss                 | 5.61         |
|    n_updates            | 4920         |
|    policy_gradient_loss | -0.000813    |
|    std                  | 0.0497       |
|    value_loss           | 18.5         |
------------------------------------------
Eval num_timesteps=19190000, episode_reward=3219.49 +/- 341.07
Episode length: 2000.00 +/- 0.00
------------------------------------------
| eval/                   |              |
|    mean_ep_length       | 2e+03        |
|    mean_reward          | 3.22e+03     |
| time/                   |              |
|    total_timesteps      | 19190000     |
| train/                  |              |
|    approx_kl            | 0.0070862286 |
|    clip_fraction        | 0.0733       |
|    clip_range           | 0.2          |
|    entropy_loss         | 3.16         |
|    explained_variance   | 0.943        |
|    learning_rate        | 0.000108     |
|    loss                 | 5.32         |
|    n_updates            | 4930         |
|    policy_gradient_loss | -0.000701    |
|    std                  | 0.05         |
|    value_loss           | 19.5         |
------------------------------------------
---------------------------------
| rollout/           |          |
|    ep_len_mean     | 1.99e+03 |
|    ep_rew_mean     | 2.92e+03 |
| time/              |          |
|    fps             | 2495     |
|    iterations      | 494      |
|    time_elapsed    | 7703     |
|    total_timesteps | 19222528 |
---------------------------------
-----------------------------------------
| rollout/                |             |
|    ep_len_mean          | 1.99e+03    |
|    ep_rew_mean          | 2.91e+03    |
| time/                   |             |
|    fps                  | 2498        |
|    iterations           | 495         |
|    time_elapsed         | 7710        |
|    total_timesteps      | 19261440    |
| train/                  |             |
|    approx_kl            | 0.006294635 |
|    clip_fraction        | 0.0547      |
|    clip_range           | 0.2         |
|    entropy_loss         | 3.16        |
|    explained_variance   | 0.953       |
|    learning_rate        | 0.000108    |
|    loss                 | 6.22        |
|    n_updates            | 4940        |
|    policy_gradient_loss | -0.000614   |
|    std                  | 0.05        |
|    value_loss           | 19.4        |
-----------------------------------------
----------------------------------------
| rollout/                |            |
|    ep_len_mean          | 1.99e+03   |
|    ep_rew_mean          | 2.92e+03   |
| time/                   |            |
|    fps                  | 2501       |
|    iterations           | 496        |
|    time_elapsed         | 7716       |
|    total_timesteps      | 19300352   |
| train/                  |            |
|    approx_kl            | 0.00648857 |
|    clip_fraction        | 0.0694     |
|    clip_range           | 0.2        |
|    entropy_loss         | 3.15       |
|    explained_variance   | 0.956      |
|    learning_rate        | 0.000107   |
|    loss                 | 13.3       |
|    n_updates            | 4950       |
|    policy_gradient_loss | -0.000678  |
|    std                  | 0.05       |
|    value_loss           | 18.9       |
----------------------------------------
------------------------------------------
| rollout/                |              |
|    ep_len_mean          | 1.99e+03     |
|    ep_rew_mean          | 2.92e+03     |
| time/                   |              |
|    fps                  | 2504         |
|    iterations           | 497          |
|    time_elapsed         | 7723         |
|    total_timesteps      | 19339264     |
| train/                  |              |
|    approx_kl            | 0.0071539627 |
|    clip_fraction        | 0.0771       |
|    clip_range           | 0.2          |
|    entropy_loss         | 3.15         |
|    explained_variance   | 0.954        |
|    learning_rate        | 0.000107     |
|    loss                 | 3.89         |
|    n_updates            | 4960         |
|    policy_gradient_loss | -0.0011      |
|    std                  | 0.0503       |
|    value_loss           | 14.8         |
------------------------------------------
-----------------------------------------
| rollout/                |             |
|    ep_len_mean          | 1.99e+03    |
|    ep_rew_mean          | 2.92e+03    |
| time/                   |             |
|    fps                  | 2507        |
|    iterations           | 498         |
|    time_elapsed         | 7729        |
|    total_timesteps      | 19378176    |
| train/                  |             |
|    approx_kl            | 0.007234454 |
|    clip_fraction        | 0.0744      |
|    clip_range           | 0.2         |
|    entropy_loss         | 3.14        |
|    explained_variance   | 0.947       |
|    learning_rate        | 0.000107    |
|    loss                 | 13.2        |
|    n_updates            | 4970        |
|    policy_gradient_loss | -0.00132    |
|    std                  | 0.0505      |
|    value_loss           | 14          |
-----------------------------------------
Eval num_timesteps=19380000, episode_reward=3108.07 +/- 384.07
Episode length: 2000.00 +/- 0.00
------------------------------------------
| eval/                   |              |
|    mean_ep_length       | 2e+03        |
|    mean_reward          | 3.11e+03     |
| time/                   |              |
|    total_timesteps      | 19380000     |
| train/                  |              |
|    approx_kl            | 0.0076747756 |
|    clip_fraction        | 0.0706       |
|    clip_range           | 0.2          |
|    entropy_loss         | 3.14         |
|    explained_variance   | 0.956        |
|    learning_rate        | 0.000106     |
|    loss                 | 6.57         |
|    n_updates            | 4980         |
|    policy_gradient_loss | -0.00142     |
|    std                  | 0.0501       |
|    value_loss           | 12.2         |
------------------------------------------
---------------------------------
| rollout/           |          |
|    ep_len_mean     | 1.99e+03 |
|    ep_rew_mean     | 2.94e+03 |
| time/              |          |
|    fps             | 2504     |
|    iterations      | 499      |
|    time_elapsed    | 7754     |
|    total_timesteps | 19417088 |
---------------------------------
------------------------------------------
| rollout/                |              |
|    ep_len_mean          | 1.99e+03     |
|    ep_rew_mean          | 2.96e+03     |
| time/                   |              |
|    fps                  | 2506         |
|    iterations           | 500          |
|    time_elapsed         | 7760         |
|    total_timesteps      | 19456000     |
| train/                  |              |
|    approx_kl            | 0.0058268094 |
|    clip_fraction        | 0.069        |
|    clip_range           | 0.2          |
|    entropy_loss         | 3.15         |
|    explained_variance   | 0.949        |
|    learning_rate        | 0.000106     |
|    loss                 | 8.96         |
|    n_updates            | 4990         |
|    policy_gradient_loss | -0.00084     |
|    std                  | 0.05         |
|    value_loss           | 12.2         |
------------------------------------------
------------------------------------------
| rollout/                |              |
|    ep_len_mean          | 1.99e+03     |
|    ep_rew_mean          | 2.97e+03     |
| time/                   |              |
|    fps                  | 2509         |
|    iterations           | 501          |
|    time_elapsed         | 7767         |
|    total_timesteps      | 19494912     |
| train/                  |              |
|    approx_kl            | 0.0063332994 |
|    clip_fraction        | 0.0767       |
|    clip_range           | 0.2          |
|    entropy_loss         | 3.15         |
|    explained_variance   | 0.929        |
|    learning_rate        | 0.000105     |
|    loss                 | 8.75         |
|    n_updates            | 5000         |
|    policy_gradient_loss | -0.000581    |
|    std                  | 0.05         |
|    value_loss           | 15.7         |
------------------------------------------
-----------------------------------------
| rollout/                |             |
|    ep_len_mean          | 2e+03       |
|    ep_rew_mean          | 2.98e+03    |
| time/                   |             |
|    fps                  | 2512        |
|    iterations           | 502         |
|    time_elapsed         | 7773        |
|    total_timesteps      | 19533824    |
| train/                  |             |
|    approx_kl            | 0.008324979 |
|    clip_fraction        | 0.079       |
|    clip_range           | 0.2         |
|    entropy_loss         | 3.15        |
|    explained_variance   | 0.941       |
|    learning_rate        | 0.000105    |
|    loss                 | 6.8         |
|    n_updates            | 5010        |
|    policy_gradient_loss | -0.00059    |
|    std                  | 0.0502      |
|    value_loss           | 15.2        |
-----------------------------------------
Eval num_timesteps=19570000, episode_reward=3063.66 +/- 388.61
Episode length: 2000.00 +/- 0.00
-----------------------------------------
| eval/                   |             |
|    mean_ep_length       | 2e+03       |
|    mean_reward          | 3.06e+03    |
| time/                   |             |
|    total_timesteps      | 19570000    |
| train/                  |             |
|    approx_kl            | 0.007109067 |
|    clip_fraction        | 0.069       |
|    clip_range           | 0.2         |
|    entropy_loss         | 3.14        |
|    explained_variance   | 0.962       |
|    learning_rate        | 0.000105    |
|    loss                 | 7.9         |
|    n_updates            | 5020        |
|    policy_gradient_loss | -0.00125    |
|    std                  | 0.0503      |
|    value_loss           | 10.7        |
-----------------------------------------
---------------------------------
| rollout/           |          |
|    ep_len_mean     | 2e+03    |
|    ep_rew_mean     | 2.97e+03 |
| time/              |          |
|    fps             | 2509     |
|    iterations      | 503      |
|    time_elapsed    | 7798     |
|    total_timesteps | 19572736 |
---------------------------------
-----------------------------------------
| rollout/                |             |
|    ep_len_mean          | 2e+03       |
|    ep_rew_mean          | 2.96e+03    |
| time/                   |             |
|    fps                  | 2512        |
|    iterations           | 504         |
|    time_elapsed         | 7804        |
|    total_timesteps      | 19611648    |
| train/                  |             |
|    approx_kl            | 0.006679402 |
|    clip_fraction        | 0.0753      |
|    clip_range           | 0.2         |
|    entropy_loss         | 3.14        |
|    explained_variance   | 0.948       |
|    learning_rate        | 0.000104    |
|    loss                 | 3.02        |
|    n_updates            | 5030        |
|    policy_gradient_loss | -0.000863   |
|    std                  | 0.0505      |
|    value_loss           | 13.2        |
-----------------------------------------
-----------------------------------------
| rollout/                |             |
|    ep_len_mean          | 2e+03       |
|    ep_rew_mean          | 2.94e+03    |
| time/                   |             |
|    fps                  | 2515        |
|    iterations           | 505         |
|    time_elapsed         | 7811        |
|    total_timesteps      | 19650560    |
| train/                  |             |
|    approx_kl            | 0.007255717 |
|    clip_fraction        | 0.0766      |
|    clip_range           | 0.2         |
|    entropy_loss         | 3.13        |
|    explained_variance   | 0.925       |
|    learning_rate        | 0.000104    |
|    loss                 | 6.68        |
|    n_updates            | 5040        |
|    policy_gradient_loss | -0.00115    |
|    std                  | 0.0506      |
|    value_loss           | 17.8        |
-----------------------------------------
------------------------------------------
| rollout/                |              |
|    ep_len_mean          | 2e+03        |
|    ep_rew_mean          | 2.94e+03     |
| time/                   |              |
|    fps                  | 2518         |
|    iterations           | 506          |
|    time_elapsed         | 7817         |
|    total_timesteps      | 19689472     |
| train/                  |              |
|    approx_kl            | 0.0067878547 |
|    clip_fraction        | 0.0667       |
|    clip_range           | 0.2          |
|    entropy_loss         | 3.13         |
|    explained_variance   | 0.955        |
|    learning_rate        | 0.000103     |
|    loss                 | 2.42         |
|    n_updates            | 5050         |
|    policy_gradient_loss | -0.00131     |
|    std                  | 0.0505       |
|    value_loss           | 12.4         |
------------------------------------------
-----------------------------------------
| rollout/                |             |
|    ep_len_mean          | 2e+03       |
|    ep_rew_mean          | 2.95e+03    |
| time/                   |             |
|    fps                  | 2521        |
|    iterations           | 507         |
|    time_elapsed         | 7824        |
|    total_timesteps      | 19728384    |
| train/                  |             |
|    approx_kl            | 0.006558777 |
|    clip_fraction        | 0.064       |
|    clip_range           | 0.2         |
|    entropy_loss         | 3.13        |
|    explained_variance   | 0.959       |
|    learning_rate        | 0.000103    |
|    loss                 | 4.49        |
|    n_updates            | 5060        |
|    policy_gradient_loss | -0.000824   |
|    std                  | 0.0506      |
|    value_loss           | 13.1        |
-----------------------------------------
Eval num_timesteps=19760000, episode_reward=3085.85 +/- 371.49
Episode length: 2000.00 +/- 0.00
-----------------------------------------
| eval/                   |             |
|    mean_ep_length       | 2e+03       |
|    mean_reward          | 3.09e+03    |
| time/                   |             |
|    total_timesteps      | 19760000    |
| train/                  |             |
|    approx_kl            | 0.007870875 |
|    clip_fraction        | 0.0836      |
|    clip_range           | 0.2         |
|    entropy_loss         | 3.13        |
|    explained_variance   | 0.946       |
|    learning_rate        | 0.000103    |
|    loss                 | 4.57        |
|    n_updates            | 5070        |
|    policy_gradient_loss | -0.000489   |
|    std                  | 0.0504      |
|    value_loss           | 10.2        |
-----------------------------------------
---------------------------------
| rollout/           |          |
|    ep_len_mean     | 2e+03    |
|    ep_rew_mean     | 2.96e+03 |
| time/              |          |
|    fps             | 2518     |
|    iterations      | 508      |
|    time_elapsed    | 7849     |
|    total_timesteps | 19767296 |
---------------------------------
------------------------------------------
| rollout/                |              |
|    ep_len_mean          | 2e+03        |
|    ep_rew_mean          | 2.96e+03     |
| time/                   |              |
|    fps                  | 2521         |
|    iterations           | 509          |
|    time_elapsed         | 7855         |
|    total_timesteps      | 19806208     |
| train/                  |              |
|    approx_kl            | 0.0045901104 |
|    clip_fraction        | 0.0595       |
|    clip_range           | 0.2          |
|    entropy_loss         | 3.13         |
|    explained_variance   | 0.941        |
|    learning_rate        | 0.000102     |
|    loss                 | 5.73         |
|    n_updates            | 5080         |
|    policy_gradient_loss | -0.000711    |
|    std                  | 0.0506       |
|    value_loss           | 12.1         |
------------------------------------------
------------------------------------------
| rollout/                |              |
|    ep_len_mean          | 2e+03        |
|    ep_rew_mean          | 2.99e+03     |
| time/                   |              |
|    fps                  | 2524         |
|    iterations           | 510          |
|    time_elapsed         | 7862         |
|    total_timesteps      | 19845120     |
| train/                  |              |
|    approx_kl            | 0.0062020835 |
|    clip_fraction        | 0.0662       |
|    clip_range           | 0.2          |
|    entropy_loss         | 3.13         |
|    explained_variance   | 0.957        |
|    learning_rate        | 0.000102     |
|    loss                 | 8.87         |
|    n_updates            | 5090         |
|    policy_gradient_loss | -0.00122     |
|    std                  | 0.0507       |
|    value_loss           | 12           |
------------------------------------------
----------------------------------------
| rollout/                |            |
|    ep_len_mean          | 2e+03      |
|    ep_rew_mean          | 3.02e+03   |
| time/                   |            |
|    fps                  | 2526       |
|    iterations           | 511        |
|    time_elapsed         | 7868       |
|    total_timesteps      | 19884032   |
| train/                  |            |
|    approx_kl            | 0.00873899 |
|    clip_fraction        | 0.0908     |
|    clip_range           | 0.2        |
|    entropy_loss         | 3.12       |
|    explained_variance   | 0.938      |
|    learning_rate        | 0.000102   |
|    loss                 | 8.17       |
|    n_updates            | 5100       |
|    policy_gradient_loss | -0.00095   |
|    std                  | 0.0508     |
|    value_loss           | 15         |
----------------------------------------
------------------------------------------
| rollout/                |              |
|    ep_len_mean          | 2e+03        |
|    ep_rew_mean          | 3e+03        |
| time/                   |              |
|    fps                  | 2529         |
|    iterations           | 512          |
|    time_elapsed         | 7875         |
|    total_timesteps      | 19922944     |
| train/                  |              |
|    approx_kl            | 0.0067178058 |
|    clip_fraction        | 0.0832       |
|    clip_range           | 0.2          |
|    entropy_loss         | 3.12         |
|    explained_variance   | 0.95         |
|    learning_rate        | 0.000101     |
|    loss                 | 13.8         |
|    n_updates            | 5110         |
|    policy_gradient_loss | -5.54e-05    |
|    std                  | 0.0507       |
|    value_loss           | 13.5         |
------------------------------------------
Eval num_timesteps=19950000, episode_reward=3126.67 +/- 335.36
Episode length: 2000.00 +/- 0.00
------------------------------------------
| eval/                   |              |
|    mean_ep_length       | 2e+03        |
|    mean_reward          | 3.13e+03     |
| time/                   |              |
|    total_timesteps      | 19950000     |
| train/                  |              |
|    approx_kl            | 0.0060752355 |
|    clip_fraction        | 0.0686       |
|    clip_range           | 0.2          |
|    entropy_loss         | 3.12         |
|    explained_variance   | 0.943        |
|    learning_rate        | 0.000101     |
|    loss                 | 7.24         |
|    n_updates            | 5120         |
|    policy_gradient_loss | -0.00131     |
|    std                  | 0.0509       |
|    value_loss           | 19.9         |
------------------------------------------
---------------------------------
| rollout/           |          |
|    ep_len_mean     | 2e+03    |
|    ep_rew_mean     | 2.97e+03 |
| time/              |          |
|    fps             | 2526     |
|    iterations      | 513      |
|    time_elapsed    | 7900     |
|    total_timesteps | 19961856 |
---------------------------------
-----------------------------------------
| rollout/                |             |
|    ep_len_mean          | 2e+03       |
|    ep_rew_mean          | 2.99e+03    |
| time/                   |             |
|    fps                  | 2529        |
|    iterations           | 514         |
|    time_elapsed         | 7906        |
|    total_timesteps      | 20000768    |
| train/                  |             |
|    approx_kl            | 0.008412028 |
|    clip_fraction        | 0.071       |
|    clip_range           | 0.2         |
|    entropy_loss         | 3.12        |
|    explained_variance   | 0.929       |
|    learning_rate        | 0.0001      |
|    loss                 | 6.48        |
|    n_updates            | 5130        |
|    policy_gradient_loss | -0.000879   |
|    std                  | 0.0509      |
|    value_loss           | 18.8        |
-----------------------------------------
------------------------------------------
| rollout/                |              |
|    ep_len_mean          | 2e+03        |
|    ep_rew_mean          | 2.99e+03     |
| time/                   |              |
|    fps                  | 2532         |
|    iterations           | 515          |
|    time_elapsed         | 7913         |
|    total_timesteps      | 20039680     |
| train/                  |              |
|    approx_kl            | 0.0066265967 |
|    clip_fraction        | 0.0727       |
|    clip_range           | 0.2          |
|    entropy_loss         | 3.12         |
|    explained_variance   | 0.931        |
|    learning_rate        | 0.0001       |
|    loss                 | 5.83         |
|    n_updates            | 5140         |
|    policy_gradient_loss | -0.00142     |
|    std                  | 0.0508       |
|    value_loss           | 13.7         |
------------------------------------------
-----------------------------------------
| rollout/                |             |
|    ep_len_mean          | 2e+03       |
|    ep_rew_mean          | 2.98e+03    |
| time/                   |             |
|    fps                  | 2535        |
|    iterations           | 516         |
|    time_elapsed         | 7919        |
|    total_timesteps      | 20078592    |
| train/                  |             |
|    approx_kl            | 0.005856325 |
|    clip_fraction        | 0.073       |
|    clip_range           | 0.2         |
|    entropy_loss         | 3.12        |
|    explained_variance   | 0.91        |
|    learning_rate        | 9.96e-05    |
|    loss                 | 3.23        |
|    n_updates            | 5150        |
|    policy_gradient_loss | -0.000911   |
|    std                  | 0.0511      |
|    value_loss           | 15.4        |
-----------------------------------------
------------------------------------------
| rollout/                |              |
|    ep_len_mean          | 2e+03        |
|    ep_rew_mean          | 2.97e+03     |
| time/                   |              |
|    fps                  | 2538         |
|    iterations           | 517          |
|    time_elapsed         | 7926         |
|    total_timesteps      | 20117504     |
| train/                  |              |
|    approx_kl            | 0.0063332664 |
|    clip_fraction        | 0.0794       |
|    clip_range           | 0.2          |
|    entropy_loss         | 3.11         |
|    explained_variance   | 0.928        |
|    learning_rate        | 9.92e-05     |
|    loss                 | 8.79         |
|    n_updates            | 5160         |
|    policy_gradient_loss | -0.00142     |
|    std                  | 0.0512       |
|    value_loss           | 11.9         |
------------------------------------------
Eval num_timesteps=20140000, episode_reward=3136.33 +/- 336.44
Episode length: 2000.00 +/- 0.00
------------------------------------------
| eval/                   |              |
|    mean_ep_length       | 2e+03        |
|    mean_reward          | 3.14e+03     |
| time/                   |              |
|    total_timesteps      | 20140000     |
| train/                  |              |
|    approx_kl            | 0.0054278495 |
|    clip_fraction        | 0.0619       |
|    clip_range           | 0.2          |
|    entropy_loss         | 3.1          |
|    explained_variance   | 0.941        |
|    learning_rate        | 9.88e-05     |
|    loss                 | 12.3         |
|    n_updates            | 5170         |
|    policy_gradient_loss | -0.00118     |
|    std                  | 0.0515       |
|    value_loss           | 17           |
------------------------------------------
---------------------------------
| rollout/           |          |
|    ep_len_mean     | 2e+03    |
|    ep_rew_mean     | 2.98e+03 |
| time/              |          |
|    fps             | 2535     |
|    iterations      | 518      |
|    time_elapsed    | 7950     |
|    total_timesteps | 20156416 |
---------------------------------
-----------------------------------------
| rollout/                |             |
|    ep_len_mean          | 2e+03       |
|    ep_rew_mean          | 2.98e+03    |
| time/                   |             |
|    fps                  | 2537        |
|    iterations           | 519         |
|    time_elapsed         | 7957        |
|    total_timesteps      | 20195328    |
| train/                  |             |
|    approx_kl            | 0.007488487 |
|    clip_fraction        | 0.0767      |
|    clip_range           | 0.2         |
|    entropy_loss         | 3.09        |
|    explained_variance   | 0.943       |
|    learning_rate        | 9.84e-05    |
|    loss                 | 6.23        |
|    n_updates            | 5180        |
|    policy_gradient_loss | -0.000929   |
|    std                  | 0.0515      |
|    value_loss           | 13.2        |
-----------------------------------------
------------------------------------------
| rollout/                |              |
|    ep_len_mean          | 2e+03        |
|    ep_rew_mean          | 2.97e+03     |
| time/                   |              |
|    fps                  | 2540         |
|    iterations           | 520          |
|    time_elapsed         | 7963         |
|    total_timesteps      | 20234240     |
| train/                  |              |
|    approx_kl            | 0.0073152045 |
|    clip_fraction        | 0.0658       |
|    clip_range           | 0.2          |
|    entropy_loss         | 3.09         |
|    explained_variance   | 0.927        |
|    learning_rate        | 9.8e-05      |
|    loss                 | 9.22         |
|    n_updates            | 5190         |
|    policy_gradient_loss | -0.000347    |
|    std                  | 0.0519       |
|    value_loss           | 17.2         |
------------------------------------------
------------------------------------------
| rollout/                |              |
|    ep_len_mean          | 2e+03        |
|    ep_rew_mean          | 2.96e+03     |
| time/                   |              |
|    fps                  | 2543         |
|    iterations           | 521          |
|    time_elapsed         | 7970         |
|    total_timesteps      | 20273152     |
| train/                  |              |
|    approx_kl            | 0.0059676855 |
|    clip_fraction        | 0.07         |
|    clip_range           | 0.2          |
|    entropy_loss         | 3.08         |
|    explained_variance   | 0.92         |
|    learning_rate        | 9.77e-05     |
|    loss                 | 12.2         |
|    n_updates            | 5200         |
|    policy_gradient_loss | -0.000941    |
|    std                  | 0.052        |
|    value_loss           | 19.6         |
------------------------------------------
-----------------------------------------
| rollout/                |             |
|    ep_len_mean          | 2e+03       |
|    ep_rew_mean          | 2.96e+03    |
| time/                   |             |
|    fps                  | 2546        |
|    iterations           | 522         |
|    time_elapsed         | 7976        |
|    total_timesteps      | 20312064    |
| train/                  |             |
|    approx_kl            | 0.007434496 |
|    clip_fraction        | 0.0686      |
|    clip_range           | 0.2         |
|    entropy_loss         | 3.08        |
|    explained_variance   | 0.931       |
|    learning_rate        | 9.73e-05    |
|    loss                 | 11.9        |
|    n_updates            | 5210        |
|    policy_gradient_loss | -0.00117    |
|    std                  | 0.0518      |
|    value_loss           | 19.9        |
-----------------------------------------
Eval num_timesteps=20330000, episode_reward=3211.72 +/- 278.01
Episode length: 2000.00 +/- 0.00
-----------------------------------------
| eval/                   |             |
|    mean_ep_length       | 2e+03       |
|    mean_reward          | 3.21e+03    |
| time/                   |             |
|    total_timesteps      | 20330000    |
| train/                  |             |
|    approx_kl            | 0.005783072 |
|    clip_fraction        | 0.0723      |
|    clip_range           | 0.2         |
|    entropy_loss         | 3.08        |
|    explained_variance   | 0.931       |
|    learning_rate        | 9.69e-05    |
|    loss                 | 4.33        |
|    n_updates            | 5220        |
|    policy_gradient_loss | -0.00059    |
|    std                  | 0.0521      |
|    value_loss           | 20.6        |
-----------------------------------------
---------------------------------
| rollout/           |          |
|    ep_len_mean     | 2e+03    |
|    ep_rew_mean     | 2.97e+03 |
| time/              |          |
|    fps             | 2543     |
|    iterations      | 523      |
|    time_elapsed    | 8001     |
|    total_timesteps | 20350976 |
---------------------------------
-----------------------------------------
| rollout/                |             |
|    ep_len_mean          | 2e+03       |
|    ep_rew_mean          | 2.98e+03    |
| time/                   |             |
|    fps                  | 2546        |
|    iterations           | 524         |
|    time_elapsed         | 8008        |
|    total_timesteps      | 20389888    |
| train/                  |             |
|    approx_kl            | 0.008054971 |
|    clip_fraction        | 0.0881      |
|    clip_range           | 0.2         |
|    entropy_loss         | 3.06        |
|    explained_variance   | 0.917       |
|    learning_rate        | 9.65e-05    |
|    loss                 | 5.61        |
|    n_updates            | 5230        |
|    policy_gradient_loss | -0.00122    |
|    std                  | 0.0525      |
|    value_loss           | 16.3        |
-----------------------------------------
------------------------------------------
| rollout/                |              |
|    ep_len_mean          | 2e+03        |
|    ep_rew_mean          | 3e+03        |
| time/                   |              |
|    fps                  | 2548         |
|    iterations           | 525          |
|    time_elapsed         | 8014         |
|    total_timesteps      | 20428800     |
| train/                  |              |
|    approx_kl            | 0.0059096254 |
|    clip_fraction        | 0.0623       |
|    clip_range           | 0.2          |
|    entropy_loss         | 3.06         |
|    explained_variance   | 0.935        |
|    learning_rate        | 9.61e-05     |
|    loss                 | 11.9         |
|    n_updates            | 5240         |
|    policy_gradient_loss | -0.00169     |
|    std                  | 0.0525       |
|    value_loss           | 18           |
------------------------------------------
------------------------------------------
| rollout/                |              |
|    ep_len_mean          | 2e+03        |
|    ep_rew_mean          | 3.02e+03     |
| time/                   |              |
|    fps                  | 2551         |
|    iterations           | 526          |
|    time_elapsed         | 8021         |
|    total_timesteps      | 20467712     |
| train/                  |              |
|    approx_kl            | 0.0065801395 |
|    clip_fraction        | 0.0594       |
|    clip_range           | 0.2          |
|    entropy_loss         | 3.06         |
|    explained_variance   | 0.939        |
|    learning_rate        | 9.57e-05     |
|    loss                 | 7.48         |
|    n_updates            | 5250         |
|    policy_gradient_loss | -0.0012      |
|    std                  | 0.0525       |
|    value_loss           | 16.4         |
------------------------------------------
------------------------------------------
| rollout/                |              |
|    ep_len_mean          | 2e+03        |
|    ep_rew_mean          | 3.05e+03     |
| time/                   |              |
|    fps                  | 2554         |
|    iterations           | 527          |
|    time_elapsed         | 8027         |
|    total_timesteps      | 20506624     |
| train/                  |              |
|    approx_kl            | 0.0062008924 |
|    clip_fraction        | 0.0746       |
|    clip_range           | 0.2          |
|    entropy_loss         | 3.06         |
|    explained_variance   | 0.94         |
|    learning_rate        | 9.53e-05     |
|    loss                 | 6.2          |
|    n_updates            | 5260         |
|    policy_gradient_loss | -0.00126     |
|    std                  | 0.0526       |
|    value_loss           | 12.8         |
------------------------------------------
Eval num_timesteps=20520000, episode_reward=3208.31 +/- 264.41
Episode length: 2000.00 +/- 0.00
-----------------------------------------
| eval/                   |             |
|    mean_ep_length       | 2e+03       |
|    mean_reward          | 3.21e+03    |
| time/                   |             |
|    total_timesteps      | 20520000    |
| train/                  |             |
|    approx_kl            | 0.008195616 |
|    clip_fraction        | 0.0781      |
|    clip_range           | 0.2         |
|    entropy_loss         | 3.05        |
|    explained_variance   | 0.941       |
|    learning_rate        | 9.49e-05    |
|    loss                 | 2.63        |
|    n_updates            | 5270        |
|    policy_gradient_loss | -0.000717   |
|    std                  | 0.0525      |
|    value_loss           | 12.5        |
-----------------------------------------
---------------------------------
| rollout/           |          |
|    ep_len_mean     | 2e+03    |
|    ep_rew_mean     | 3.05e+03 |
| time/              |          |
|    fps             | 2551     |
|    iterations      | 528      |
|    time_elapsed    | 8052     |
|    total_timesteps | 20545536 |
---------------------------------
-----------------------------------------
| rollout/                |             |
|    ep_len_mean          | 2e+03       |
|    ep_rew_mean          | 3.05e+03    |
| time/                   |             |
|    fps                  | 2554        |
|    iterations           | 529         |
|    time_elapsed         | 8059        |
|    total_timesteps      | 20584448    |
| train/                  |             |
|    approx_kl            | 0.005156514 |
|    clip_fraction        | 0.0472      |
|    clip_range           | 0.2         |
|    entropy_loss         | 3.06        |
|    explained_variance   | 0.956       |
|    learning_rate        | 9.45e-05    |
|    loss                 | 7.05        |
|    n_updates            | 5280        |
|    policy_gradient_loss | -0.000986   |
|    std                  | 0.0525      |
|    value_loss           | 14.6        |
-----------------------------------------
------------------------------------------
| rollout/                |              |
|    ep_len_mean          | 2e+03        |
|    ep_rew_mean          | 3.01e+03     |
| time/                   |              |
|    fps                  | 2556         |
|    iterations           | 530          |
|    time_elapsed         | 8065         |
|    total_timesteps      | 20623360     |
| train/                  |              |
|    approx_kl            | 0.0065475767 |
|    clip_fraction        | 0.0686       |
|    clip_range           | 0.2          |
|    entropy_loss         | 3.05         |
|    explained_variance   | 0.924        |
|    learning_rate        | 9.42e-05     |
|    loss                 | 9.38         |
|    n_updates            | 5290         |
|    policy_gradient_loss | -0.000852    |
|    std                  | 0.0528       |
|    value_loss           | 18.2         |
------------------------------------------
-----------------------------------------
| rollout/                |             |
|    ep_len_mean          | 2e+03       |
|    ep_rew_mean          | 3.02e+03    |
| time/                   |             |
|    fps                  | 2559        |
|    iterations           | 531         |
|    time_elapsed         | 8072        |
|    total_timesteps      | 20662272    |
| train/                  |             |
|    approx_kl            | 0.006651742 |
|    clip_fraction        | 0.0777      |
|    clip_range           | 0.2         |
|    entropy_loss         | 3.04        |
|    explained_variance   | 0.94        |
|    learning_rate        | 9.38e-05    |
|    loss                 | 8.42        |
|    n_updates            | 5300        |
|    policy_gradient_loss | -0.000832   |
|    std                  | 0.053       |
|    value_loss           | 16.4        |
-----------------------------------------
------------------------------------------
| rollout/                |              |
|    ep_len_mean          | 1.99e+03     |
|    ep_rew_mean          | 2.99e+03     |
| time/                   |              |
|    fps                  | 2562         |
|    iterations           | 532          |
|    time_elapsed         | 8078         |
|    total_timesteps      | 20701184     |
| train/                  |              |
|    approx_kl            | 0.0059236665 |
|    clip_fraction        | 0.0656       |
|    clip_range           | 0.2          |
|    entropy_loss         | 3.04         |
|    explained_variance   | 0.936        |
|    learning_rate        | 9.34e-05     |
|    loss                 | 7.26         |
|    n_updates            | 5310         |
|    policy_gradient_loss | -0.00185     |
|    std                  | 0.0531       |
|    value_loss           | 16.3         |
------------------------------------------
Eval num_timesteps=20710000, episode_reward=3235.73 +/- 271.54
Episode length: 2000.00 +/- 0.00
------------------------------------------
| eval/                   |              |
|    mean_ep_length       | 2e+03        |
|    mean_reward          | 3.24e+03     |
| time/                   |              |
|    total_timesteps      | 20710000     |
| train/                  |              |
|    approx_kl            | 0.0066140234 |
|    clip_fraction        | 0.0574       |
|    clip_range           | 0.2          |
|    entropy_loss         | 3.03         |
|    explained_variance   | 0.936        |
|    learning_rate        | 9.3e-05      |
|    loss                 | 5.05         |
|    n_updates            | 5320         |
|    policy_gradient_loss | -0.00104     |
|    std                  | 0.0534       |
|    value_loss           | 17.6         |
------------------------------------------
New best mean reward!
---------------------------------
| rollout/           |          |
|    ep_len_mean     | 1.99e+03 |
|    ep_rew_mean     | 2.99e+03 |
| time/              |          |
|    fps             | 2559     |
|    iterations      | 533      |
|    time_elapsed    | 8103     |
|    total_timesteps | 20740096 |
---------------------------------
-----------------------------------------
| rollout/                |             |
|    ep_len_mean          | 1.99e+03    |
|    ep_rew_mean          | 2.99e+03    |
| time/                   |             |
|    fps                  | 2562        |
|    iterations           | 534         |
|    time_elapsed         | 8110        |
|    total_timesteps      | 20779008    |
| train/                  |             |
|    approx_kl            | 0.006883236 |
|    clip_fraction        | 0.0712      |
|    clip_range           | 0.2         |
|    entropy_loss         | 3.02        |
|    explained_variance   | 0.943       |
|    learning_rate        | 9.26e-05    |
|    loss                 | 6.74        |
|    n_updates            | 5330        |
|    policy_gradient_loss | -0.0015     |
|    std                  | 0.0536      |
|    value_loss           | 14.5        |
-----------------------------------------
-----------------------------------------
| rollout/                |             |
|    ep_len_mean          | 1.99e+03    |
|    ep_rew_mean          | 3.01e+03    |
| time/                   |             |
|    fps                  | 2564        |
|    iterations           | 535         |
|    time_elapsed         | 8116        |
|    total_timesteps      | 20817920    |
| train/                  |             |
|    approx_kl            | 0.007251902 |
|    clip_fraction        | 0.0754      |
|    clip_range           | 0.2         |
|    entropy_loss         | 3.02        |
|    explained_variance   | 0.929       |
|    learning_rate        | 9.22e-05    |
|    loss                 | 4.67        |
|    n_updates            | 5340        |
|    policy_gradient_loss | -0.00112    |
|    std                  | 0.0536      |
|    value_loss           | 16.2        |
-----------------------------------------
------------------------------------------
| rollout/                |              |
|    ep_len_mean          | 1.99e+03     |
|    ep_rew_mean          | 3.01e+03     |
| time/                   |              |
|    fps                  | 2567         |
|    iterations           | 536          |
|    time_elapsed         | 8123         |
|    total_timesteps      | 20856832     |
| train/                  |              |
|    approx_kl            | 0.0056195604 |
|    clip_fraction        | 0.0558       |
|    clip_range           | 0.2          |
|    entropy_loss         | 3.02         |
|    explained_variance   | 0.928        |
|    learning_rate        | 9.18e-05     |
|    loss                 | 6.81         |
|    n_updates            | 5350         |
|    policy_gradient_loss | -0.000534    |
|    std                  | 0.0535       |
|    value_loss           | 18.1         |
------------------------------------------
-----------------------------------------
| rollout/                |             |
|    ep_len_mean          | 2e+03       |
|    ep_rew_mean          | 3.01e+03    |
| time/                   |             |
|    fps                  | 2570        |
|    iterations           | 537         |
|    time_elapsed         | 8130        |
|    total_timesteps      | 20895744    |
| train/                  |             |
|    approx_kl            | 0.005502021 |
|    clip_fraction        | 0.05        |
|    clip_range           | 0.2         |
|    entropy_loss         | 3.02        |
|    explained_variance   | 0.927       |
|    learning_rate        | 9.14e-05    |
|    loss                 | 20          |
|    n_updates            | 5360        |
|    policy_gradient_loss | -0.000826   |
|    std                  | 0.0536      |
|    value_loss           | 21.7        |
-----------------------------------------
Eval num_timesteps=20900000, episode_reward=3185.87 +/- 341.67
Episode length: 2000.00 +/- 0.00
------------------------------------------
| eval/                   |              |
|    mean_ep_length       | 2e+03        |
|    mean_reward          | 3.19e+03     |
| time/                   |              |
|    total_timesteps      | 20900000     |
| train/                  |              |
|    approx_kl            | 0.0051997066 |
|    clip_fraction        | 0.0539       |
|    clip_range           | 0.2          |
|    entropy_loss         | 3.01         |
|    explained_variance   | 0.922        |
|    learning_rate        | 9.1e-05      |
|    loss                 | 9.62         |
|    n_updates            | 5370         |
|    policy_gradient_loss | -0.000951    |
|    std                  | 0.0537       |
|    value_loss           | 22.2         |
------------------------------------------
---------------------------------
| rollout/           |          |
|    ep_len_mean     | 2e+03    |
|    ep_rew_mean     | 3.02e+03 |
| time/              |          |
|    fps             | 2567     |
|    iterations      | 538      |
|    time_elapsed    | 8155     |
|    total_timesteps | 20934656 |
---------------------------------
------------------------------------------
| rollout/                |              |
|    ep_len_mean          | 2e+03        |
|    ep_rew_mean          | 3.04e+03     |
| time/                   |              |
|    fps                  | 2569         |
|    iterations           | 539          |
|    time_elapsed         | 8161         |
|    total_timesteps      | 20973568     |
| train/                  |              |
|    approx_kl            | 0.0068303254 |
|    clip_fraction        | 0.0727       |
|    clip_range           | 0.2          |
|    entropy_loss         | 3.01         |
|    explained_variance   | 0.933        |
|    learning_rate        | 9.07e-05     |
|    loss                 | 9.12         |
|    n_updates            | 5380         |
|    policy_gradient_loss | -0.000838    |
|    std                  | 0.0539       |
|    value_loss           | 15           |
------------------------------------------
-----------------------------------------
| rollout/                |             |
|    ep_len_mean          | 2e+03       |
|    ep_rew_mean          | 3.04e+03    |
| time/                   |             |
|    fps                  | 2572        |
|    iterations           | 540         |
|    time_elapsed         | 8168        |
|    total_timesteps      | 21012480    |
| train/                  |             |
|    approx_kl            | 0.005889354 |
|    clip_fraction        | 0.0683      |
|    clip_range           | 0.2         |
|    entropy_loss         | 3           |
|    explained_variance   | 0.94        |
|    learning_rate        | 9.03e-05    |
|    loss                 | 11.3        |
|    n_updates            | 5390        |
|    policy_gradient_loss | -0.00192    |
|    std                  | 0.054       |
|    value_loss           | 17.2        |
-----------------------------------------
------------------------------------------
| rollout/                |              |
|    ep_len_mean          | 2e+03        |
|    ep_rew_mean          | 3.05e+03     |
| time/                   |              |
|    fps                  | 2575         |
|    iterations           | 541          |
|    time_elapsed         | 8174         |
|    total_timesteps      | 21051392     |
| train/                  |              |
|    approx_kl            | 0.0052154316 |
|    clip_fraction        | 0.0531       |
|    clip_range           | 0.2          |
|    entropy_loss         | 3            |
|    explained_variance   | 0.94         |
|    learning_rate        | 8.99e-05     |
|    loss                 | 9.6          |
|    n_updates            | 5400         |
|    policy_gradient_loss | -0.00106     |
|    std                  | 0.0539       |
|    value_loss           | 16.4         |
------------------------------------------
Eval num_timesteps=21090000, episode_reward=3272.60 +/- 313.90
Episode length: 2000.00 +/- 0.00
-----------------------------------------
| eval/                   |             |
|    mean_ep_length       | 2e+03       |
|    mean_reward          | 3.27e+03    |
| time/                   |             |
|    total_timesteps      | 21090000    |
| train/                  |             |
|    approx_kl            | 0.006191002 |
|    clip_fraction        | 0.0591      |
|    clip_range           | 0.2         |
|    entropy_loss         | 3.01        |
|    explained_variance   | 0.93        |
|    learning_rate        | 8.95e-05    |
|    loss                 | 8.91        |
|    n_updates            | 5410        |
|    policy_gradient_loss | -0.00063    |
|    std                  | 0.0537      |
|    value_loss           | 17.2        |
-----------------------------------------
New best mean reward!
---------------------------------
| rollout/           |          |
|    ep_len_mean     | 2e+03    |
|    ep_rew_mean     | 3.06e+03 |
| time/              |          |
|    fps             | 2572     |
|    iterations      | 542      |
|    time_elapsed    | 8199     |
|    total_timesteps | 21090304 |
---------------------------------
------------------------------------------
| rollout/                |              |
|    ep_len_mean          | 2e+03        |
|    ep_rew_mean          | 3.07e+03     |
| time/                   |              |
|    fps                  | 2574         |
|    iterations           | 543          |
|    time_elapsed         | 8206         |
|    total_timesteps      | 21129216     |
| train/                  |              |
|    approx_kl            | 0.0057011554 |
|    clip_fraction        | 0.0604       |
|    clip_range           | 0.2          |
|    entropy_loss         | 3.01         |
|    explained_variance   | 0.93         |
|    learning_rate        | 8.91e-05     |
|    loss                 | 8.79         |
|    n_updates            | 5420         |
|    policy_gradient_loss | -0.000695    |
|    std                  | 0.0537       |
|    value_loss           | 19.6         |
------------------------------------------
-----------------------------------------
| rollout/                |             |
|    ep_len_mean          | 2e+03       |
|    ep_rew_mean          | 3.04e+03    |
| time/                   |             |
|    fps                  | 2577        |
|    iterations           | 544         |
|    time_elapsed         | 8212        |
|    total_timesteps      | 21168128    |
| train/                  |             |
|    approx_kl            | 0.006820605 |
|    clip_fraction        | 0.0688      |
|    clip_range           | 0.2         |
|    entropy_loss         | 3.02        |
|    explained_variance   | 0.916       |
|    learning_rate        | 8.87e-05    |
|    loss                 | 17          |
|    n_updates            | 5430        |
|    policy_gradient_loss | -0.000906   |
|    std                  | 0.0535      |
|    value_loss           | 24.2        |
-----------------------------------------
-----------------------------------------
| rollout/                |             |
|    ep_len_mean          | 2e+03       |
|    ep_rew_mean          | 3.03e+03    |
| time/                   |             |
|    fps                  | 2580        |
|    iterations           | 545         |
|    time_elapsed         | 8219        |
|    total_timesteps      | 21207040    |
| train/                  |             |
|    approx_kl            | 0.005865705 |
|    clip_fraction        | 0.0583      |
|    clip_range           | 0.2         |
|    entropy_loss         | 3.02        |
|    explained_variance   | 0.95        |
|    learning_rate        | 8.83e-05    |
|    loss                 | 7.42        |
|    n_updates            | 5440        |
|    policy_gradient_loss | -0.00153    |
|    std                  | 0.0536      |
|    value_loss           | 20.1        |
-----------------------------------------
------------------------------------------
| rollout/                |              |
|    ep_len_mean          | 2e+03        |
|    ep_rew_mean          | 3.01e+03     |
| time/                   |              |
|    fps                  | 2582         |
|    iterations           | 546          |
|    time_elapsed         | 8225         |
|    total_timesteps      | 21245952     |
| train/                  |              |
|    approx_kl            | 0.0065484224 |
|    clip_fraction        | 0.0621       |
|    clip_range           | 0.2          |
|    entropy_loss         | 3.01         |
|    explained_variance   | 0.935        |
|    learning_rate        | 8.79e-05     |
|    loss                 | 12.6         |
|    n_updates            | 5450         |
|    policy_gradient_loss | -0.000665    |
|    std                  | 0.0538       |
|    value_loss           | 15.4         |
------------------------------------------
Eval num_timesteps=21280000, episode_reward=3342.11 +/- 209.72
Episode length: 2000.00 +/- 0.00
------------------------------------------
| eval/                   |              |
|    mean_ep_length       | 2e+03        |
|    mean_reward          | 3.34e+03     |
| time/                   |              |
|    total_timesteps      | 21280000     |
| train/                  |              |
|    approx_kl            | 0.0058718505 |
|    clip_fraction        | 0.06         |
|    clip_range           | 0.2          |
|    entropy_loss         | 3.01         |
|    explained_variance   | 0.932        |
|    learning_rate        | 8.75e-05     |
|    loss                 | 8.64         |
|    n_updates            | 5460         |
|    policy_gradient_loss | -0.00103     |
|    std                  | 0.0539       |
|    value_loss           | 18.6         |
------------------------------------------
New best mean reward!
---------------------------------
| rollout/           |          |
|    ep_len_mean     | 2e+03    |
|    ep_rew_mean     | 3.01e+03 |
| time/              |          |
|    fps             | 2579     |
|    iterations      | 547      |
|    time_elapsed    | 8250     |
|    total_timesteps | 21284864 |
---------------------------------
-----------------------------------------
| rollout/                |             |
|    ep_len_mean          | 2e+03       |
|    ep_rew_mean          | 3.01e+03    |
| time/                   |             |
|    fps                  | 2582        |
|    iterations           | 548         |
|    time_elapsed         | 8257        |
|    total_timesteps      | 21323776    |
| train/                  |             |
|    approx_kl            | 0.005692601 |
|    clip_fraction        | 0.0541      |
|    clip_range           | 0.2         |
|    entropy_loss         | 3           |
|    explained_variance   | 0.946       |
|    learning_rate        | 8.72e-05    |
|    loss                 | 9.73        |
|    n_updates            | 5470        |
|    policy_gradient_loss | -0.00121    |
|    std                  | 0.054       |
|    value_loss           | 22.5        |
-----------------------------------------
------------------------------------------
| rollout/                |              |
|    ep_len_mean          | 2e+03        |
|    ep_rew_mean          | 3.03e+03     |
| time/                   |              |
|    fps                  | 2585         |
|    iterations           | 549          |
|    time_elapsed         | 8263         |
|    total_timesteps      | 21362688     |
| train/                  |              |
|    approx_kl            | 0.0053718328 |
|    clip_fraction        | 0.0536       |
|    clip_range           | 0.2          |
|    entropy_loss         | 3            |
|    explained_variance   | 0.95         |
|    learning_rate        | 8.68e-05     |
|    loss                 | 6.26         |
|    n_updates            | 5480         |
|    policy_gradient_loss | -0.000964    |
|    std                  | 0.0539       |
|    value_loss           | 22.5         |
------------------------------------------
-----------------------------------------
| rollout/                |             |
|    ep_len_mean          | 2e+03       |
|    ep_rew_mean          | 3.04e+03    |
| time/                   |             |
|    fps                  | 2587        |
|    iterations           | 550         |
|    time_elapsed         | 8270        |
|    total_timesteps      | 21401600    |
| train/                  |             |
|    approx_kl            | 0.005805886 |
|    clip_fraction        | 0.0733      |
|    clip_range           | 0.2         |
|    entropy_loss         | 3           |
|    explained_variance   | 0.948       |
|    learning_rate        | 8.64e-05    |
|    loss                 | 6.97        |
|    n_updates            | 5490        |
|    policy_gradient_loss | -0.000117   |
|    std                  | 0.0541      |
|    value_loss           | 12.3        |
-----------------------------------------
-----------------------------------------
| rollout/                |             |
|    ep_len_mean          | 2e+03       |
|    ep_rew_mean          | 3.05e+03    |
| time/                   |             |
|    fps                  | 2590        |
|    iterations           | 551         |
|    time_elapsed         | 8276        |
|    total_timesteps      | 21440512    |
| train/                  |             |
|    approx_kl            | 0.006146034 |
|    clip_fraction        | 0.0707      |
|    clip_range           | 0.2         |
|    entropy_loss         | 2.99        |
|    explained_variance   | 0.928       |
|    learning_rate        | 8.6e-05     |
|    loss                 | 9.42        |
|    n_updates            | 5500        |
|    policy_gradient_loss | -0.00118    |
|    std                  | 0.0544      |
|    value_loss           | 17.7        |
-----------------------------------------
Eval num_timesteps=21470000, episode_reward=3346.60 +/- 226.28
Episode length: 2000.00 +/- 0.00
------------------------------------------
| eval/                   |              |
|    mean_ep_length       | 2e+03        |
|    mean_reward          | 3.35e+03     |
| time/                   |              |
|    total_timesteps      | 21470000     |
| train/                  |              |
|    approx_kl            | 0.0050904993 |
|    clip_fraction        | 0.0452       |
|    clip_range           | 0.2          |
|    entropy_loss         | 2.98         |
|    explained_variance   | 0.954        |
|    learning_rate        | 8.56e-05     |
|    loss                 | 5.83         |
|    n_updates            | 5510         |
|    policy_gradient_loss | -0.00122     |
|    std                  | 0.0545       |
|    value_loss           | 14.9         |
------------------------------------------
New best mean reward!
---------------------------------
| rollout/           |          |
|    ep_len_mean     | 2e+03    |
|    ep_rew_mean     | 3.05e+03 |
| time/              |          |
|    fps             | 2587     |
|    iterations      | 552      |
|    time_elapsed    | 8301     |
|    total_timesteps | 21479424 |
---------------------------------
-----------------------------------------
| rollout/                |             |
|    ep_len_mean          | 2e+03       |
|    ep_rew_mean          | 3.05e+03    |
| time/                   |             |
|    fps                  | 2590        |
|    iterations           | 553         |
|    time_elapsed         | 8307        |
|    total_timesteps      | 21518336    |
| train/                  |             |
|    approx_kl            | 0.005708077 |
|    clip_fraction        | 0.0472      |
|    clip_range           | 0.2         |
|    entropy_loss         | 2.98        |
|    explained_variance   | 0.928       |
|    learning_rate        | 8.52e-05    |
|    loss                 | 10.4        |
|    n_updates            | 5520        |
|    policy_gradient_loss | -0.000579   |
|    std                  | 0.0546      |
|    value_loss           | 23.4        |
-----------------------------------------
------------------------------------------
| rollout/                |              |
|    ep_len_mean          | 2e+03        |
|    ep_rew_mean          | 3.06e+03     |
| time/                   |              |
|    fps                  | 2592         |
|    iterations           | 554          |
|    time_elapsed         | 8314         |
|    total_timesteps      | 21557248     |
| train/                  |              |
|    approx_kl            | 0.0063597076 |
|    clip_fraction        | 0.0587       |
|    clip_range           | 0.2          |
|    entropy_loss         | 2.98         |
|    explained_variance   | 0.929        |
|    learning_rate        | 8.48e-05     |
|    loss                 | 9.26         |
|    n_updates            | 5530         |
|    policy_gradient_loss | -0.00161     |
|    std                  | 0.0544       |
|    value_loss           | 21           |
------------------------------------------
------------------------------------------
| rollout/                |              |
|    ep_len_mean          | 2e+03        |
|    ep_rew_mean          | 3.06e+03     |
| time/                   |              |
|    fps                  | 2595         |
|    iterations           | 555          |
|    time_elapsed         | 8320         |
|    total_timesteps      | 21596160     |
| train/                  |              |
|    approx_kl            | 0.0076247887 |
|    clip_fraction        | 0.0681       |
|    clip_range           | 0.2          |
|    entropy_loss         | 2.98         |
|    explained_variance   | 0.953        |
|    learning_rate        | 8.44e-05     |
|    loss                 | 4.82         |
|    n_updates            | 5540         |
|    policy_gradient_loss | -0.000981    |
|    std                  | 0.0545       |
|    value_loss           | 16           |
------------------------------------------
------------------------------------------
| rollout/                |              |
|    ep_len_mean          | 2e+03        |
|    ep_rew_mean          | 3.07e+03     |
| time/                   |              |
|    fps                  | 2598         |
|    iterations           | 556          |
|    time_elapsed         | 8327         |
|    total_timesteps      | 21635072     |
| train/                  |              |
|    approx_kl            | 0.0057464433 |
|    clip_fraction        | 0.0623       |
|    clip_range           | 0.2          |
|    entropy_loss         | 2.98         |
|    explained_variance   | 0.921        |
|    learning_rate        | 8.4e-05      |
|    loss                 | 14.7         |
|    n_updates            | 5550         |
|    policy_gradient_loss | -0.000694    |
|    std                  | 0.0545       |
|    value_loss           | 20.3         |
------------------------------------------
Eval num_timesteps=21660000, episode_reward=3390.54 +/- 201.97
Episode length: 2000.00 +/- 0.00
-----------------------------------------
| eval/                   |             |
|    mean_ep_length       | 2e+03       |
|    mean_reward          | 3.39e+03    |
| time/                   |             |
|    total_timesteps      | 21660000    |
| train/                  |             |
|    approx_kl            | 0.007743038 |
|    clip_fraction        | 0.0706      |
|    clip_range           | 0.2         |
|    entropy_loss         | 2.98        |
|    explained_variance   | 0.936       |
|    learning_rate        | 8.36e-05    |
|    loss                 | 17.4        |
|    n_updates            | 5560        |
|    policy_gradient_loss | -0.00125    |
|    std                  | 0.0546      |
|    value_loss           | 18.7        |
-----------------------------------------
New best mean reward!
---------------------------------
| rollout/           |          |
|    ep_len_mean     | 2e+03    |
|    ep_rew_mean     | 3.08e+03 |
| time/              |          |
|    fps             | 2595     |
|    iterations      | 557      |
|    time_elapsed    | 8352     |
|    total_timesteps | 21673984 |
---------------------------------
------------------------------------------
| rollout/                |              |
|    ep_len_mean          | 1.99e+03     |
|    ep_rew_mean          | 3.1e+03      |
| time/                   |              |
|    fps                  | 2597         |
|    iterations           | 558          |
|    time_elapsed         | 8358         |
|    total_timesteps      | 21712896     |
| train/                  |              |
|    approx_kl            | 0.0072388947 |
|    clip_fraction        | 0.074        |
|    clip_range           | 0.2          |
|    entropy_loss         | 2.98         |
|    explained_variance   | 0.942        |
|    learning_rate        | 8.33e-05     |
|    loss                 | 1.78         |
|    n_updates            | 5570         |
|    policy_gradient_loss | -0.00108     |
|    std                  | 0.0543       |
|    value_loss           | 16           |
------------------------------------------
------------------------------------------
| rollout/                |              |
|    ep_len_mean          | 1.99e+03     |
|    ep_rew_mean          | 3.09e+03     |
| time/                   |              |
|    fps                  | 2600         |
|    iterations           | 559          |
|    time_elapsed         | 8365         |
|    total_timesteps      | 21751808     |
| train/                  |              |
|    approx_kl            | 0.0054491796 |
|    clip_fraction        | 0.0541       |
|    clip_range           | 0.2          |
|    entropy_loss         | 2.99         |
|    explained_variance   | 0.944        |
|    learning_rate        | 8.29e-05     |
|    loss                 | 6.67         |
|    n_updates            | 5580         |
|    policy_gradient_loss | -0.00141     |
|    std                  | 0.0545       |
|    value_loss           | 21.7         |
------------------------------------------
------------------------------------------
| rollout/                |              |
|    ep_len_mean          | 2e+03        |
|    ep_rew_mean          | 3.07e+03     |
| time/                   |              |
|    fps                  | 2602         |
|    iterations           | 560          |
|    time_elapsed         | 8371         |
|    total_timesteps      | 21790720     |
| train/                  |              |
|    approx_kl            | 0.0055872817 |
|    clip_fraction        | 0.0594       |
|    clip_range           | 0.2          |
|    entropy_loss         | 2.98         |
|    explained_variance   | 0.933        |
|    learning_rate        | 8.25e-05     |
|    loss                 | 7.95         |
|    n_updates            | 5590         |
|    policy_gradient_loss | -0.00105     |
|    std                  | 0.0546       |
|    value_loss           | 19.9         |
------------------------------------------
------------------------------------------
| rollout/                |              |
|    ep_len_mean          | 2e+03        |
|    ep_rew_mean          | 3.08e+03     |
| time/                   |              |
|    fps                  | 2605         |
|    iterations           | 561          |
|    time_elapsed         | 8378         |
|    total_timesteps      | 21829632     |
| train/                  |              |
|    approx_kl            | 0.0062615573 |
|    clip_fraction        | 0.0636       |
|    clip_range           | 0.2          |
|    entropy_loss         | 2.97         |
|    explained_variance   | 0.927        |
|    learning_rate        | 8.21e-05     |
|    loss                 | 7.25         |
|    n_updates            | 5600         |
|    policy_gradient_loss | -0.000442    |
|    std                  | 0.0548       |
|    value_loss           | 22.1         |
------------------------------------------
Eval num_timesteps=21850000, episode_reward=3345.82 +/- 214.77
Episode length: 2000.00 +/- 0.00
-----------------------------------------
| eval/                   |             |
|    mean_ep_length       | 2e+03       |
|    mean_reward          | 3.35e+03    |
| time/                   |             |
|    total_timesteps      | 21850000    |
| train/                  |             |
|    approx_kl            | 0.007145799 |
|    clip_fraction        | 0.0788      |
|    clip_range           | 0.2         |
|    entropy_loss         | 2.97        |
|    explained_variance   | 0.934       |
|    learning_rate        | 8.17e-05    |
|    loss                 | 9.26        |
|    n_updates            | 5610        |
|    policy_gradient_loss | -0.000707   |
|    std                  | 0.0551      |
|    value_loss           | 14.2        |
-----------------------------------------
---------------------------------
| rollout/           |          |
|    ep_len_mean     | 2e+03    |
|    ep_rew_mean     | 3.06e+03 |
| time/              |          |
|    fps             | 2602     |
|    iterations      | 562      |
|    time_elapsed    | 8402     |
|    total_timesteps | 21868544 |
---------------------------------
------------------------------------------
| rollout/                |              |
|    ep_len_mean          | 2e+03        |
|    ep_rew_mean          | 3.03e+03     |
| time/                   |              |
|    fps                  | 2605         |
|    iterations           | 563          |
|    time_elapsed         | 8409         |
|    total_timesteps      | 21907456     |
| train/                  |              |
|    approx_kl            | 0.0057976604 |
|    clip_fraction        | 0.053        |
|    clip_range           | 0.2          |
|    entropy_loss         | 2.96         |
|    explained_variance   | 0.927        |
|    learning_rate        | 8.13e-05     |
|    loss                 | 8.19         |
|    n_updates            | 5620         |
|    policy_gradient_loss | -0.00117     |
|    std                  | 0.0549       |
|    value_loss           | 23.3         |
------------------------------------------
-----------------------------------------
| rollout/                |             |
|    ep_len_mean          | 2e+03       |
|    ep_rew_mean          | 3.05e+03    |
| time/                   |             |
|    fps                  | 2607        |
|    iterations           | 564         |
|    time_elapsed         | 8415        |
|    total_timesteps      | 21946368    |
| train/                  |             |
|    approx_kl            | 0.005406183 |
|    clip_fraction        | 0.0537      |
|    clip_range           | 0.2         |
|    entropy_loss         | 2.96        |
|    explained_variance   | 0.926       |
|    learning_rate        | 8.09e-05    |
|    loss                 | 7.26        |
|    n_updates            | 5630        |
|    policy_gradient_loss | -0.00131    |
|    std                  | 0.0553      |
|    value_loss           | 25.7        |
-----------------------------------------
------------------------------------------
| rollout/                |              |
|    ep_len_mean          | 2e+03        |
|    ep_rew_mean          | 3.06e+03     |
| time/                   |              |
|    fps                  | 2610         |
|    iterations           | 565          |
|    time_elapsed         | 8422         |
|    total_timesteps      | 21985280     |
| train/                  |              |
|    approx_kl            | 0.0055969297 |
|    clip_fraction        | 0.0664       |
|    clip_range           | 0.2          |
|    entropy_loss         | 2.95         |
|    explained_variance   | 0.917        |
|    learning_rate        | 8.05e-05     |
|    loss                 | 11.6         |
|    n_updates            | 5640         |
|    policy_gradient_loss | 2.15e-05     |
|    std                  | 0.0554       |
|    value_loss           | 17.1         |
------------------------------------------
------------------------------------------
| rollout/                |              |
|    ep_len_mean          | 2e+03        |
|    ep_rew_mean          | 3.06e+03     |
| time/                   |              |
|    fps                  | 2612         |
|    iterations           | 566          |
|    time_elapsed         | 8429         |
|    total_timesteps      | 22024192     |
| train/                  |              |
|    approx_kl            | 0.0069516245 |
|    clip_fraction        | 0.0586       |
|    clip_range           | 0.2          |
|    entropy_loss         | 2.95         |
|    explained_variance   | 0.93         |
|    learning_rate        | 8.01e-05     |
|    loss                 | 7.09         |
|    n_updates            | 5650         |
|    policy_gradient_loss | -0.0011      |
|    std                  | 0.0555       |
|    value_loss           | 19.2         |
------------------------------------------
Eval num_timesteps=22040000, episode_reward=3265.44 +/- 257.44
Episode length: 2000.00 +/- 0.00
-----------------------------------------
| eval/                   |             |
|    mean_ep_length       | 2e+03       |
|    mean_reward          | 3.27e+03    |
| time/                   |             |
|    total_timesteps      | 22040000    |
| train/                  |             |
|    approx_kl            | 0.005538472 |
|    clip_fraction        | 0.0522      |
|    clip_range           | 0.2         |
|    entropy_loss         | 2.95        |
|    explained_variance   | 0.924       |
|    learning_rate        | 7.98e-05    |
|    loss                 | 9.83        |
|    n_updates            | 5660        |
|    policy_gradient_loss | -0.00111    |
|    std                  | 0.0556      |
|    value_loss           | 24.2        |
-----------------------------------------
---------------------------------
| rollout/           |          |
|    ep_len_mean     | 2e+03    |
|    ep_rew_mean     | 3.04e+03 |
| time/              |          |
|    fps             | 2609     |
|    iterations      | 567      |
|    time_elapsed    | 8454     |
|    total_timesteps | 22063104 |
---------------------------------
-----------------------------------------
| rollout/                |             |
|    ep_len_mean          | 2e+03       |
|    ep_rew_mean          | 3.07e+03    |
| time/                   |             |
|    fps                  | 2612        |
|    iterations           | 568         |
|    time_elapsed         | 8460        |
|    total_timesteps      | 22102016    |
| train/                  |             |
|    approx_kl            | 0.006173823 |
|    clip_fraction        | 0.0634      |
|    clip_range           | 0.2         |
|    entropy_loss         | 2.94        |
|    explained_variance   | 0.918       |
|    learning_rate        | 7.94e-05    |
|    loss                 | 9.84        |
|    n_updates            | 5670        |
|    policy_gradient_loss | -0.000886   |
|    std                  | 0.0558      |
|    value_loss           | 18          |
-----------------------------------------
-----------------------------------------
| rollout/                |             |
|    ep_len_mean          | 2e+03       |
|    ep_rew_mean          | 3.07e+03    |
| time/                   |             |
|    fps                  | 2614        |
|    iterations           | 569         |
|    time_elapsed         | 8467        |
|    total_timesteps      | 22140928    |
| train/                  |             |
|    approx_kl            | 0.005776901 |
|    clip_fraction        | 0.0609      |
|    clip_range           | 0.2         |
|    entropy_loss         | 2.93        |
|    explained_variance   | 0.913       |
|    learning_rate        | 7.9e-05     |
|    loss                 | 3.86        |
|    n_updates            | 5680        |
|    policy_gradient_loss | -0.000752   |
|    std                  | 0.056       |
|    value_loss           | 16.3        |
-----------------------------------------
-----------------------------------------
| rollout/                |             |
|    ep_len_mean          | 2e+03       |
|    ep_rew_mean          | 3.07e+03    |
| time/                   |             |
|    fps                  | 2617        |
|    iterations           | 570         |
|    time_elapsed         | 8474        |
|    total_timesteps      | 22179840    |
| train/                  |             |
|    approx_kl            | 0.005415058 |
|    clip_fraction        | 0.0533      |
|    clip_range           | 0.2         |
|    entropy_loss         | 2.93        |
|    explained_variance   | 0.922       |
|    learning_rate        | 7.86e-05    |
|    loss                 | 6.59        |
|    n_updates            | 5690        |
|    policy_gradient_loss | -0.00122    |
|    std                  | 0.0561      |
|    value_loss           | 21.7        |
-----------------------------------------
------------------------------------------
| rollout/                |              |
|    ep_len_mean          | 2e+03        |
|    ep_rew_mean          | 3.08e+03     |
| time/                   |              |
|    fps                  | 2619         |
|    iterations           | 571          |
|    time_elapsed         | 8480         |
|    total_timesteps      | 22218752     |
| train/                  |              |
|    approx_kl            | 0.0066689206 |
|    clip_fraction        | 0.0703       |
|    clip_range           | 0.2          |
|    entropy_loss         | 2.93         |
|    explained_variance   | 0.933        |
|    learning_rate        | 7.82e-05     |
|    loss                 | 3.42         |
|    n_updates            | 5700         |
|    policy_gradient_loss | -0.000363    |
|    std                  | 0.0561       |
|    value_loss           | 14.4         |
------------------------------------------
Eval num_timesteps=22230000, episode_reward=3278.94 +/- 263.84
Episode length: 2000.00 +/- 0.00
------------------------------------------
| eval/                   |              |
|    mean_ep_length       | 2e+03        |
|    mean_reward          | 3.28e+03     |
| time/                   |              |
|    total_timesteps      | 22230000     |
| train/                  |              |
|    approx_kl            | 0.0054177176 |
|    clip_fraction        | 0.0611       |
|    clip_range           | 0.2          |
|    entropy_loss         | 2.92         |
|    explained_variance   | 0.932        |
|    learning_rate        | 7.78e-05     |
|    loss                 | 11.7         |
|    n_updates            | 5710         |
|    policy_gradient_loss | -0.000697    |
|    std                  | 0.0562       |
|    value_loss           | 14.7         |
------------------------------------------
---------------------------------
| rollout/           |          |
|    ep_len_mean     | 2e+03    |
|    ep_rew_mean     | 3.08e+03 |
| time/              |          |
|    fps             | 2616     |
|    iterations      | 572      |
|    time_elapsed    | 8505     |
|    total_timesteps | 22257664 |
---------------------------------
-----------------------------------------
| rollout/                |             |
|    ep_len_mean          | 2e+03       |
|    ep_rew_mean          | 3.08e+03    |
| time/                   |             |
|    fps                  | 2619        |
|    iterations           | 573         |
|    time_elapsed         | 8511        |
|    total_timesteps      | 22296576    |
| train/                  |             |
|    approx_kl            | 0.006248529 |
|    clip_fraction        | 0.0558      |
|    clip_range           | 0.2         |
|    entropy_loss         | 2.92        |
|    explained_variance   | 0.913       |
|    learning_rate        | 7.74e-05    |
|    loss                 | 4.1         |
|    n_updates            | 5720        |
|    policy_gradient_loss | -0.00137    |
|    std                  | 0.0561      |
|    value_loss           | 19.7        |
-----------------------------------------
------------------------------------------
| rollout/                |              |
|    ep_len_mean          | 2e+03        |
|    ep_rew_mean          | 3.09e+03     |
| time/                   |              |
|    fps                  | 2622         |
|    iterations           | 574          |
|    time_elapsed         | 8518         |
|    total_timesteps      | 22335488     |
| train/                  |              |
|    approx_kl            | 0.0071934303 |
|    clip_fraction        | 0.0636       |
|    clip_range           | 0.2          |
|    entropy_loss         | 2.92         |
|    explained_variance   | 0.922        |
|    learning_rate        | 7.7e-05      |
|    loss                 | 5.32         |
|    n_updates            | 5730         |
|    policy_gradient_loss | -0.00198     |
|    std                  | 0.0562       |
|    value_loss           | 14.7         |
------------------------------------------
-----------------------------------------
| rollout/                |             |
|    ep_len_mean          | 2e+03       |
|    ep_rew_mean          | 3.09e+03    |
| time/                   |             |
|    fps                  | 2624        |
|    iterations           | 575         |
|    time_elapsed         | 8524        |
|    total_timesteps      | 22374400    |
| train/                  |             |
|    approx_kl            | 0.005859329 |
|    clip_fraction        | 0.0673      |
|    clip_range           | 0.2         |
|    entropy_loss         | 2.92        |
|    explained_variance   | 0.939       |
|    learning_rate        | 7.66e-05    |
|    loss                 | 10.1        |
|    n_updates            | 5740        |
|    policy_gradient_loss | -0.000696   |
|    std                  | 0.0563      |
|    value_loss           | 15.1        |
-----------------------------------------
-----------------------------------------
| rollout/                |             |
|    ep_len_mean          | 2e+03       |
|    ep_rew_mean          | 3.08e+03    |
| time/                   |             |
|    fps                  | 2627        |
|    iterations           | 576         |
|    time_elapsed         | 8531        |
|    total_timesteps      | 22413312    |
| train/                  |             |
|    approx_kl            | 0.005605416 |
|    clip_fraction        | 0.0582      |
|    clip_range           | 0.2         |
|    entropy_loss         | 2.92        |
|    explained_variance   | 0.905       |
|    learning_rate        | 7.63e-05    |
|    loss                 | 8.12        |
|    n_updates            | 5750        |
|    policy_gradient_loss | -0.00109    |
|    std                  | 0.0562      |
|    value_loss           | 18.3        |
-----------------------------------------
Eval num_timesteps=22420000, episode_reward=3262.76 +/- 290.15
Episode length: 2000.00 +/- 0.00
-----------------------------------------
| eval/                   |             |
|    mean_ep_length       | 2e+03       |
|    mean_reward          | 3.26e+03    |
| time/                   |             |
|    total_timesteps      | 22420000    |
| train/                  |             |
|    approx_kl            | 0.005628371 |
|    clip_fraction        | 0.0491      |
|    clip_range           | 0.2         |
|    entropy_loss         | 2.92        |
|    explained_variance   | 0.927       |
|    learning_rate        | 7.59e-05    |
|    loss                 | 5.84        |
|    n_updates            | 5760        |
|    policy_gradient_loss | -0.000903   |
|    std                  | 0.0563      |
|    value_loss           | 20.5        |
-----------------------------------------
---------------------------------
| rollout/           |          |
|    ep_len_mean     | 2e+03    |
|    ep_rew_mean     | 3.09e+03 |
| time/              |          |
|    fps             | 2624     |
|    iterations      | 577      |
|    time_elapsed    | 8556     |
|    total_timesteps | 22452224 |
---------------------------------
-----------------------------------------
| rollout/                |             |
|    ep_len_mean          | 2e+03       |
|    ep_rew_mean          | 3.08e+03    |
| time/                   |             |
|    fps                  | 2626        |
|    iterations           | 578         |
|    time_elapsed         | 8562        |
|    total_timesteps      | 22491136    |
| train/                  |             |
|    approx_kl            | 0.005662353 |
|    clip_fraction        | 0.0725      |
|    clip_range           | 0.2         |
|    entropy_loss         | 2.91        |
|    explained_variance   | 0.938       |
|    learning_rate        | 7.55e-05    |
|    loss                 | 6.17        |
|    n_updates            | 5770        |
|    policy_gradient_loss | -0.000899   |
|    std                  | 0.0565      |
|    value_loss           | 17.5        |
-----------------------------------------
----------------------------------------
| rollout/                |            |
|    ep_len_mean          | 2e+03      |
|    ep_rew_mean          | 3.07e+03   |
| time/                   |            |
|    fps                  | 2629       |
|    iterations           | 579        |
|    time_elapsed         | 8569       |
|    total_timesteps      | 22530048   |
| train/                  |            |
|    approx_kl            | 0.00632044 |
|    clip_fraction        | 0.0642     |
|    clip_range           | 0.2        |
|    entropy_loss         | 2.91       |
|    explained_variance   | 0.928      |
|    learning_rate        | 7.51e-05   |
|    loss                 | 6.15       |
|    n_updates            | 5780       |
|    policy_gradient_loss | -0.00134   |
|    std                  | 0.0566     |
|    value_loss           | 17.5       |
----------------------------------------
-----------------------------------------
| rollout/                |             |
|    ep_len_mean          | 2e+03       |
|    ep_rew_mean          | 3.05e+03    |
| time/                   |             |
|    fps                  | 2631        |
|    iterations           | 580         |
|    time_elapsed         | 8575        |
|    total_timesteps      | 22568960    |
| train/                  |             |
|    approx_kl            | 0.004214702 |
|    clip_fraction        | 0.0474      |
|    clip_range           | 0.2         |
|    entropy_loss         | 2.9         |
|    explained_variance   | 0.928       |
|    learning_rate        | 7.47e-05    |
|    loss                 | 11.2        |
|    n_updates            | 5790        |
|    policy_gradient_loss | -0.000472   |
|    std                  | 0.0569      |
|    value_loss           | 20.4        |
-----------------------------------------
-----------------------------------------
| rollout/                |             |
|    ep_len_mean          | 2e+03       |
|    ep_rew_mean          | 3.06e+03    |
| time/                   |             |
|    fps                  | 2634        |
|    iterations           | 581         |
|    time_elapsed         | 8582        |
|    total_timesteps      | 22607872    |
| train/                  |             |
|    approx_kl            | 0.005528219 |
|    clip_fraction        | 0.0558      |
|    clip_range           | 0.2         |
|    entropy_loss         | 2.9         |
|    explained_variance   | 0.928       |
|    learning_rate        | 7.43e-05    |
|    loss                 | 5.99        |
|    n_updates            | 5800        |
|    policy_gradient_loss | -0.00106    |
|    std                  | 0.0568      |
|    value_loss           | 18          |
-----------------------------------------
Eval num_timesteps=22610000, episode_reward=3261.44 +/- 304.33
Episode length: 2000.00 +/- 0.00
-----------------------------------------
| eval/                   |             |
|    mean_ep_length       | 2e+03       |
|    mean_reward          | 3.26e+03    |
| time/                   |             |
|    total_timesteps      | 22610000    |
| train/                  |             |
|    approx_kl            | 0.005519153 |
|    clip_fraction        | 0.0604      |
|    clip_range           | 0.2         |
|    entropy_loss         | 2.9         |
|    explained_variance   | 0.924       |
|    learning_rate        | 7.39e-05    |
|    loss                 | 6.89        |
|    n_updates            | 5810        |
|    policy_gradient_loss | -0.00137    |
|    std                  | 0.0568      |
|    value_loss           | 16.7        |
-----------------------------------------
---------------------------------
| rollout/           |          |
|    ep_len_mean     | 2e+03    |
|    ep_rew_mean     | 3.06e+03 |
| time/              |          |
|    fps             | 2630     |
|    iterations      | 582      |
|    time_elapsed    | 8607     |
|    total_timesteps | 22646784 |
---------------------------------
-----------------------------------------
| rollout/                |             |
|    ep_len_mean          | 2e+03       |
|    ep_rew_mean          | 3.07e+03    |
| time/                   |             |
|    fps                  | 2633        |
|    iterations           | 583         |
|    time_elapsed         | 8614        |
|    total_timesteps      | 22685696    |
| train/                  |             |
|    approx_kl            | 0.006527426 |
|    clip_fraction        | 0.0638      |
|    clip_range           | 0.2         |
|    entropy_loss         | 2.9         |
|    explained_variance   | 0.931       |
|    learning_rate        | 7.35e-05    |
|    loss                 | 8.6         |
|    n_updates            | 5820        |
|    policy_gradient_loss | -0.00176    |
|    std                  | 0.0568      |
|    value_loss           | 15.5        |
-----------------------------------------
-----------------------------------------
| rollout/                |             |
|    ep_len_mean          | 2e+03       |
|    ep_rew_mean          | 3.07e+03    |
| time/                   |             |
|    fps                  | 2635        |
|    iterations           | 584         |
|    time_elapsed         | 8620        |
|    total_timesteps      | 22724608    |
| train/                  |             |
|    approx_kl            | 0.006546199 |
|    clip_fraction        | 0.0653      |
|    clip_range           | 0.2         |
|    entropy_loss         | 2.9         |
|    explained_variance   | 0.897       |
|    learning_rate        | 7.31e-05    |
|    loss                 | 17.3        |
|    n_updates            | 5830        |
|    policy_gradient_loss | -0.00139    |
|    std                  | 0.0569      |
|    value_loss           | 22.4        |
-----------------------------------------
------------------------------------------
| rollout/                |              |
|    ep_len_mean          | 2e+03        |
|    ep_rew_mean          | 3.07e+03     |
| time/                   |              |
|    fps                  | 2638         |
|    iterations           | 585          |
|    time_elapsed         | 8627         |
|    total_timesteps      | 22763520     |
| train/                  |              |
|    approx_kl            | 0.0055929334 |
|    clip_fraction        | 0.0637       |
|    clip_range           | 0.2          |
|    entropy_loss         | 2.89         |
|    explained_variance   | 0.906        |
|    learning_rate        | 7.28e-05     |
|    loss                 | 12.5         |
|    n_updates            | 5840         |
|    policy_gradient_loss | -0.00173     |
|    std                  | 0.0571       |
|    value_loss           | 23           |
------------------------------------------
Eval num_timesteps=22800000, episode_reward=3234.81 +/- 304.25
Episode length: 2000.00 +/- 0.00
------------------------------------------
| eval/                   |              |
|    mean_ep_length       | 2e+03        |
|    mean_reward          | 3.23e+03     |
| time/                   |              |
|    total_timesteps      | 22800000     |
| train/                  |              |
|    approx_kl            | 0.0074758665 |
|    clip_fraction        | 0.0698       |
|    clip_range           | 0.2          |
|    entropy_loss         | 2.88         |
|    explained_variance   | 0.918        |
|    learning_rate        | 7.24e-05     |
|    loss                 | 4            |
|    n_updates            | 5850         |
|    policy_gradient_loss | -0.00115     |
|    std                  | 0.0574       |
|    value_loss           | 23.7         |
------------------------------------------
---------------------------------
| rollout/           |          |
|    ep_len_mean     | 2e+03    |
|    ep_rew_mean     | 3.08e+03 |
| time/              |          |
|    fps             | 2635     |
|    iterations      | 586      |
|    time_elapsed    | 8652     |
|    total_timesteps | 22802432 |
---------------------------------
-----------------------------------------
| rollout/                |             |
|    ep_len_mean          | 2e+03       |
|    ep_rew_mean          | 3.07e+03    |
| time/                   |             |
|    fps                  | 2637        |
|    iterations           | 587         |
|    time_elapsed         | 8659        |
|    total_timesteps      | 22841344    |
| train/                  |             |
|    approx_kl            | 0.005880551 |
|    clip_fraction        | 0.0664      |
|    clip_range           | 0.2         |
|    entropy_loss         | 2.88        |
|    explained_variance   | 0.921       |
|    learning_rate        | 7.2e-05     |
|    loss                 | 9.25        |
|    n_updates            | 5860        |
|    policy_gradient_loss | -0.00141    |
|    std                  | 0.0574      |
|    value_loss           | 20.7        |
-----------------------------------------
-----------------------------------------
| rollout/                |             |
|    ep_len_mean          | 2e+03       |
|    ep_rew_mean          | 3.05e+03    |
| time/                   |             |
|    fps                  | 2640        |
|    iterations           | 588         |
|    time_elapsed         | 8665        |
|    total_timesteps      | 22880256    |
| train/                  |             |
|    approx_kl            | 0.005416839 |
|    clip_fraction        | 0.0565      |
|    clip_range           | 0.2         |
|    entropy_loss         | 2.88        |
|    explained_variance   | 0.911       |
|    learning_rate        | 7.16e-05    |
|    loss                 | 7.48        |
|    n_updates            | 5870        |
|    policy_gradient_loss | -0.000361   |
|    std                  | 0.0575      |
|    value_loss           | 21.5        |
-----------------------------------------
-----------------------------------------
| rollout/                |             |
|    ep_len_mean          | 2e+03       |
|    ep_rew_mean          | 3.07e+03    |
| time/                   |             |
|    fps                  | 2642        |
|    iterations           | 589         |
|    time_elapsed         | 8672        |
|    total_timesteps      | 22919168    |
| train/                  |             |
|    approx_kl            | 0.006002211 |
|    clip_fraction        | 0.0693      |
|    clip_range           | 0.2         |
|    entropy_loss         | 2.87        |
|    explained_variance   | 0.951       |
|    learning_rate        | 7.12e-05    |
|    loss                 | 4.06        |
|    n_updates            | 5880        |
|    policy_gradient_loss | -0.00102    |
|    std                  | 0.0576      |
|    value_loss           | 10          |
-----------------------------------------
-----------------------------------------
| rollout/                |             |
|    ep_len_mean          | 2e+03       |
|    ep_rew_mean          | 3.06e+03    |
| time/                   |             |
|    fps                  | 2645        |
|    iterations           | 590         |
|    time_elapsed         | 8678        |
|    total_timesteps      | 22958080    |
| train/                  |             |
|    approx_kl            | 0.005067308 |
|    clip_fraction        | 0.0432      |
|    clip_range           | 0.2         |
|    entropy_loss         | 2.87        |
|    explained_variance   | 0.908       |
|    learning_rate        | 7.08e-05    |
|    loss                 | 6.04        |
|    n_updates            | 5890        |
|    policy_gradient_loss | -0.000675   |
|    std                  | 0.0577      |
|    value_loss           | 26.6        |
-----------------------------------------
Eval num_timesteps=22990000, episode_reward=3285.01 +/- 279.73
Episode length: 2000.00 +/- 0.00
-----------------------------------------
| eval/                   |             |
|    mean_ep_length       | 2e+03       |
|    mean_reward          | 3.29e+03    |
| time/                   |             |
|    total_timesteps      | 22990000    |
| train/                  |             |
|    approx_kl            | 0.005616944 |
|    clip_fraction        | 0.0519      |
|    clip_range           | 0.2         |
|    entropy_loss         | 2.87        |
|    explained_variance   | 0.908       |
|    learning_rate        | 7.04e-05    |
|    loss                 | 5.9         |
|    n_updates            | 5900        |
|    policy_gradient_loss | -0.0014     |
|    std                  | 0.0578      |
|    value_loss           | 21.2        |
-----------------------------------------
---------------------------------
| rollout/           |          |
|    ep_len_mean     | 2e+03    |
|    ep_rew_mean     | 3.07e+03 |
| time/              |          |
|    fps             | 2642     |
|    iterations      | 591      |
|    time_elapsed    | 8703     |
|    total_timesteps | 22996992 |
---------------------------------
----------------------------------------
| rollout/                |            |
|    ep_len_mean          | 2e+03      |
|    ep_rew_mean          | 3.09e+03   |
| time/                   |            |
|    fps                  | 2644       |
|    iterations           | 592        |
|    time_elapsed         | 8710       |
|    total_timesteps      | 23035904   |
| train/                  |            |
|    approx_kl            | 0.00614158 |
|    clip_fraction        | 0.0545     |
|    clip_range           | 0.2        |
|    entropy_loss         | 2.86       |
|    explained_variance   | 0.934      |
|    learning_rate        | 7e-05      |
|    loss                 | 5.05       |
|    n_updates            | 5910       |
|    policy_gradient_loss | -0.00179   |
|    std                  | 0.0579     |
|    value_loss           | 16.1       |
----------------------------------------
------------------------------------------
| rollout/                |              |
|    ep_len_mean          | 2e+03        |
|    ep_rew_mean          | 3.09e+03     |
| time/                   |              |
|    fps                  | 2647         |
|    iterations           | 593          |
|    time_elapsed         | 8716         |
|    total_timesteps      | 23074816     |
| train/                  |              |
|    approx_kl            | 0.0060518943 |
|    clip_fraction        | 0.0602       |
|    clip_range           | 0.2          |
|    entropy_loss         | 2.86         |
|    explained_variance   | 0.929        |
|    learning_rate        | 6.96e-05     |
|    loss                 | 21.7         |
|    n_updates            | 5920         |
|    policy_gradient_loss | -0.00199     |
|    std                  | 0.0579       |
|    value_loss           | 23.1         |
------------------------------------------
------------------------------------------
| rollout/                |              |
|    ep_len_mean          | 2e+03        |
|    ep_rew_mean          | 3.06e+03     |
| time/                   |              |
|    fps                  | 2649         |
|    iterations           | 594          |
|    time_elapsed         | 8723         |
|    total_timesteps      | 23113728     |
| train/                  |              |
|    approx_kl            | 0.0055308617 |
|    clip_fraction        | 0.0516       |
|    clip_range           | 0.2          |
|    entropy_loss         | 2.86         |
|    explained_variance   | 0.933        |
|    learning_rate        | 6.93e-05     |
|    loss                 | 6.55         |
|    n_updates            | 5930         |
|    policy_gradient_loss | -0.0011      |
|    std                  | 0.058        |
|    value_loss           | 21.5         |
------------------------------------------
------------------------------------------
| rollout/                |              |
|    ep_len_mean          | 2e+03        |
|    ep_rew_mean          | 3.08e+03     |
| time/                   |              |
|    fps                  | 2652         |
|    iterations           | 595          |
|    time_elapsed         | 8730         |
|    total_timesteps      | 23152640     |
| train/                  |              |
|    approx_kl            | 0.0049281227 |
|    clip_fraction        | 0.051        |
|    clip_range           | 0.2          |
|    entropy_loss         | 2.86         |
|    explained_variance   | 0.921        |
|    learning_rate        | 6.89e-05     |
|    loss                 | 15.5         |
|    n_updates            | 5940         |
|    policy_gradient_loss | -0.000816    |
|    std                  | 0.0581       |
|    value_loss           | 23.4         |
------------------------------------------
Eval num_timesteps=23180000, episode_reward=3275.50 +/- 292.02
Episode length: 2000.00 +/- 0.00
------------------------------------------
| eval/                   |              |
|    mean_ep_length       | 2e+03        |
|    mean_reward          | 3.28e+03     |
| time/                   |              |
|    total_timesteps      | 23180000     |
| train/                  |              |
|    approx_kl            | 0.0076352633 |
|    clip_fraction        | 0.0642       |
|    clip_range           | 0.2          |
|    entropy_loss         | 2.86         |
|    explained_variance   | 0.944        |
|    learning_rate        | 6.85e-05     |
|    loss                 | 4.14         |
|    n_updates            | 5950         |
|    policy_gradient_loss | -0.00119     |
|    std                  | 0.0579       |
|    value_loss           | 13.2         |
------------------------------------------
---------------------------------
| rollout/           |          |
|    ep_len_mean     | 2e+03    |
|    ep_rew_mean     | 3.07e+03 |
| time/              |          |
|    fps             | 2648     |
|    iterations      | 596      |
|    time_elapsed    | 8755     |
|    total_timesteps | 23191552 |
---------------------------------
-----------------------------------------
| rollout/                |             |
|    ep_len_mean          | 2e+03       |
|    ep_rew_mean          | 3.07e+03    |
| time/                   |             |
|    fps                  | 2651        |
|    iterations           | 597         |
|    time_elapsed         | 8761        |
|    total_timesteps      | 23230464    |
| train/                  |             |
|    approx_kl            | 0.005543338 |
|    clip_fraction        | 0.0457      |
|    clip_range           | 0.2         |
|    entropy_loss         | 2.86        |
|    explained_variance   | 0.935       |
|    learning_rate        | 6.81e-05    |
|    loss                 | 8.27        |
|    n_updates            | 5960        |
|    policy_gradient_loss | -0.00125    |
|    std                  | 0.0579      |
|    value_loss           | 18.6        |
-----------------------------------------
-----------------------------------------
| rollout/                |             |
|    ep_len_mean          | 2e+03       |
|    ep_rew_mean          | 3.08e+03    |
| time/                   |             |
|    fps                  | 2653        |
|    iterations           | 598         |
|    time_elapsed         | 8768        |
|    total_timesteps      | 23269376    |
| train/                  |             |
|    approx_kl            | 0.005610691 |
|    clip_fraction        | 0.0618      |
|    clip_range           | 0.2         |
|    entropy_loss         | 2.86        |
|    explained_variance   | 0.928       |
|    learning_rate        | 6.77e-05    |
|    loss                 | 5.9         |
|    n_updates            | 5970        |
|    policy_gradient_loss | -0.000525   |
|    std                  | 0.0578      |
|    value_loss           | 17.2        |
-----------------------------------------
------------------------------------------
| rollout/                |              |
|    ep_len_mean          | 2e+03        |
|    ep_rew_mean          | 3.08e+03     |
| time/                   |              |
|    fps                  | 2656         |
|    iterations           | 599          |
|    time_elapsed         | 8774         |
|    total_timesteps      | 23308288     |
| train/                  |              |
|    approx_kl            | 0.0047819098 |
|    clip_fraction        | 0.0486       |
|    clip_range           | 0.2          |
|    entropy_loss         | 2.86         |
|    explained_variance   | 0.905        |
|    learning_rate        | 6.73e-05     |
|    loss                 | 12.9         |
|    n_updates            | 5980         |
|    policy_gradient_loss | -0.000993    |
|    std                  | 0.0578       |
|    value_loss           | 20.8         |
------------------------------------------
------------------------------------------
| rollout/                |              |
|    ep_len_mean          | 2e+03        |
|    ep_rew_mean          | 3.09e+03     |
| time/                   |              |
|    fps                  | 2658         |
|    iterations           | 600          |
|    time_elapsed         | 8781         |
|    total_timesteps      | 23347200     |
| train/                  |              |
|    approx_kl            | 0.0051863603 |
|    clip_fraction        | 0.0531       |
|    clip_range           | 0.2          |
|    entropy_loss         | 2.86         |
|    explained_variance   | 0.944        |
|    learning_rate        | 6.69e-05     |
|    loss                 | 5.37         |
|    n_updates            | 5990         |
|    policy_gradient_loss | -0.00153     |
|    std                  | 0.058        |
|    value_loss           | 13           |
------------------------------------------
Eval num_timesteps=23370000, episode_reward=3311.48 +/- 273.94
Episode length: 2000.00 +/- 0.00
------------------------------------------
| eval/                   |              |
|    mean_ep_length       | 2e+03        |
|    mean_reward          | 3.31e+03     |
| time/                   |              |
|    total_timesteps      | 23370000     |
| train/                  |              |
|    approx_kl            | 0.0047704643 |
|    clip_fraction        | 0.0464       |
|    clip_range           | 0.2          |
|    entropy_loss         | 2.86         |
|    explained_variance   | 0.92         |
|    learning_rate        | 6.65e-05     |
|    loss                 | 10.6         |
|    n_updates            | 6000         |
|    policy_gradient_loss | -0.00111     |
|    std                  | 0.058        |
|    value_loss           | 21.5         |
------------------------------------------
---------------------------------
| rollout/           |          |
|    ep_len_mean     | 2e+03    |
|    ep_rew_mean     | 3.09e+03 |
| time/              |          |
|    fps             | 2655     |
|    iterations      | 601      |
|    time_elapsed    | 8805     |
|    total_timesteps | 23386112 |
---------------------------------
-----------------------------------------
| rollout/                |             |
|    ep_len_mean          | 2e+03       |
|    ep_rew_mean          | 3.08e+03    |
| time/                   |             |
|    fps                  | 2658        |
|    iterations           | 602         |
|    time_elapsed         | 8812        |
|    total_timesteps      | 23425024    |
| train/                  |             |
|    approx_kl            | 0.005543378 |
|    clip_fraction        | 0.047       |
|    clip_range           | 0.2         |
|    entropy_loss         | 2.85        |
|    explained_variance   | 0.938       |
|    learning_rate        | 6.61e-05    |
|    loss                 | 4.09        |
|    n_updates            | 6010        |
|    policy_gradient_loss | -0.00037    |
|    std                  | 0.0582      |
|    value_loss           | 17.8        |
-----------------------------------------
-----------------------------------------
| rollout/                |             |
|    ep_len_mean          | 1.99e+03    |
|    ep_rew_mean          | 3.07e+03    |
| time/                   |             |
|    fps                  | 2660        |
|    iterations           | 603         |
|    time_elapsed         | 8818        |
|    total_timesteps      | 23463936    |
| train/                  |             |
|    approx_kl            | 0.005758021 |
|    clip_fraction        | 0.0517      |
|    clip_range           | 0.2         |
|    entropy_loss         | 2.85        |
|    explained_variance   | 0.912       |
|    learning_rate        | 6.57e-05    |
|    loss                 | 9.95        |
|    n_updates            | 6020        |
|    policy_gradient_loss | -0.00113    |
|    std                  | 0.0581      |
|    value_loss           | 25.4        |
-----------------------------------------
-----------------------------------------
| rollout/                |             |
|    ep_len_mean          | 1.99e+03    |
|    ep_rew_mean          | 3.07e+03    |
| time/                   |             |
|    fps                  | 2663        |
|    iterations           | 604         |
|    time_elapsed         | 8825        |
|    total_timesteps      | 23502848    |
| train/                  |             |
|    approx_kl            | 0.005755933 |
|    clip_fraction        | 0.0545      |
|    clip_range           | 0.2         |
|    entropy_loss         | 2.86        |
|    explained_variance   | 0.928       |
|    learning_rate        | 6.54e-05    |
|    loss                 | 13.3        |
|    n_updates            | 6030        |
|    policy_gradient_loss | -0.000903   |
|    std                  | 0.058       |
|    value_loss           | 20.3        |
-----------------------------------------
-----------------------------------------
| rollout/                |             |
|    ep_len_mean          | 1.99e+03    |
|    ep_rew_mean          | 3.07e+03    |
| time/                   |             |
|    fps                  | 2665        |
|    iterations           | 605         |
|    time_elapsed         | 8831        |
|    total_timesteps      | 23541760    |
| train/                  |             |
|    approx_kl            | 0.005199672 |
|    clip_fraction        | 0.0471      |
|    clip_range           | 0.2         |
|    entropy_loss         | 2.86        |
|    explained_variance   | 0.916       |
|    learning_rate        | 6.5e-05     |
|    loss                 | 9.81        |
|    n_updates            | 6040        |
|    policy_gradient_loss | -0.00114    |
|    std                  | 0.058       |
|    value_loss           | 18.5        |
-----------------------------------------
Eval num_timesteps=23560000, episode_reward=3275.52 +/- 278.11
Episode length: 2000.00 +/- 0.00
------------------------------------------
| eval/                   |              |
|    mean_ep_length       | 2e+03        |
|    mean_reward          | 3.28e+03     |
| time/                   |              |
|    total_timesteps      | 23560000     |
| train/                  |              |
|    approx_kl            | 0.0060153296 |
|    clip_fraction        | 0.0668       |
|    clip_range           | 0.2          |
|    entropy_loss         | 2.86         |
|    explained_variance   | 0.907        |
|    learning_rate        | 6.46e-05     |
|    loss                 | 9.86         |
|    n_updates            | 6050         |
|    policy_gradient_loss | -0.00106     |
|    std                  | 0.058        |
|    value_loss           | 17.6         |
------------------------------------------
---------------------------------
| rollout/           |          |
|    ep_len_mean     | 1.99e+03 |
|    ep_rew_mean     | 3.1e+03  |
| time/              |          |
|    fps             | 2662     |
|    iterations      | 606      |
|    time_elapsed    | 8856     |
|    total_timesteps | 23580672 |
---------------------------------
------------------------------------------
| rollout/                |              |
|    ep_len_mean          | 1.99e+03     |
|    ep_rew_mean          | 3.1e+03      |
| time/                   |              |
|    fps                  | 2664         |
|    iterations           | 607          |
|    time_elapsed         | 8863         |
|    total_timesteps      | 23619584     |
| train/                  |              |
|    approx_kl            | 0.0054273414 |
|    clip_fraction        | 0.048        |
|    clip_range           | 0.2          |
|    entropy_loss         | 2.85         |
|    explained_variance   | 0.93         |
|    learning_rate        | 6.42e-05     |
|    loss                 | 4.49         |
|    n_updates            | 6060         |
|    policy_gradient_loss | -0.00131     |
|    std                  | 0.0582       |
|    value_loss           | 14.7         |
------------------------------------------
------------------------------------------
| rollout/                |              |
|    ep_len_mean          | 2e+03        |
|    ep_rew_mean          | 3.12e+03     |
| time/                   |              |
|    fps                  | 2667         |
|    iterations           | 608          |
|    time_elapsed         | 8869         |
|    total_timesteps      | 23658496     |
| train/                  |              |
|    approx_kl            | 0.0051357113 |
|    clip_fraction        | 0.0458       |
|    clip_range           | 0.2          |
|    entropy_loss         | 2.85         |
|    explained_variance   | 0.923        |
|    learning_rate        | 6.38e-05     |
|    loss                 | 7.67         |
|    n_updates            | 6070         |
|    policy_gradient_loss | -0.00134     |
|    std                  | 0.0583       |
|    value_loss           | 21.2         |
------------------------------------------
----------------------------------------
| rollout/                |            |
|    ep_len_mean          | 2e+03      |
|    ep_rew_mean          | 3.12e+03   |
| time/                   |            |
|    fps                  | 2669       |
|    iterations           | 609        |
|    time_elapsed         | 8875       |
|    total_timesteps      | 23697408   |
| train/                  |            |
|    approx_kl            | 0.00535467 |
|    clip_fraction        | 0.0545     |
|    clip_range           | 0.2        |
|    entropy_loss         | 2.85       |
|    explained_variance   | 0.921      |
|    learning_rate        | 6.34e-05   |
|    loss                 | 6.73       |
|    n_updates            | 6080       |
|    policy_gradient_loss | -0.000653  |
|    std                  | 0.0583     |
|    value_loss           | 17.4       |
----------------------------------------
------------------------------------------
| rollout/                |              |
|    ep_len_mean          | 1.98e+03     |
|    ep_rew_mean          | 3.1e+03      |
| time/                   |              |
|    fps                  | 2672         |
|    iterations           | 610          |
|    time_elapsed         | 8882         |
|    total_timesteps      | 23736320     |
| train/                  |              |
|    approx_kl            | 0.0054992125 |
|    clip_fraction        | 0.0518       |
|    clip_range           | 0.2          |
|    entropy_loss         | 2.85         |
|    explained_variance   | 0.927        |
|    learning_rate        | 6.3e-05      |
|    loss                 | 11.3         |
|    n_updates            | 6090         |
|    policy_gradient_loss | -0.00125     |
|    std                  | 0.0585       |
|    value_loss           | 20.1         |
------------------------------------------
Eval num_timesteps=23750000, episode_reward=3254.74 +/- 312.17
Episode length: 2000.00 +/- 0.00
------------------------------------------
| eval/                   |              |
|    mean_ep_length       | 2e+03        |
|    mean_reward          | 3.25e+03     |
| time/                   |              |
|    total_timesteps      | 23750000     |
| train/                  |              |
|    approx_kl            | 0.0057638325 |
|    clip_fraction        | 0.0493       |
|    clip_range           | 0.2          |
|    entropy_loss         | 2.84         |
|    explained_variance   | 0.934        |
|    learning_rate        | 6.26e-05     |
|    loss                 | 6.51         |
|    n_updates            | 6100         |
|    policy_gradient_loss | -0.000831    |
|    std                  | 0.0587       |
|    value_loss           | 17           |
------------------------------------------
---------------------------------
| rollout/           |          |
|    ep_len_mean     | 1.98e+03 |
|    ep_rew_mean     | 3.1e+03  |
| time/              |          |
|    fps             | 2669     |
|    iterations      | 611      |
|    time_elapsed    | 8907     |
|    total_timesteps | 23775232 |
---------------------------------
-----------------------------------------
| rollout/                |             |
|    ep_len_mean          | 1.98e+03    |
|    ep_rew_mean          | 3.09e+03    |
| time/                   |             |
|    fps                  | 2671        |
|    iterations           | 612         |
|    time_elapsed         | 8913        |
|    total_timesteps      | 23814144    |
| train/                  |             |
|    approx_kl            | 0.006020376 |
|    clip_fraction        | 0.0631      |
|    clip_range           | 0.2         |
|    entropy_loss         | 2.84        |
|    explained_variance   | 0.915       |
|    learning_rate        | 6.22e-05    |
|    loss                 | 5.6         |
|    n_updates            | 6110        |
|    policy_gradient_loss | -0.00179    |
|    std                  | 0.0585      |
|    value_loss           | 18.1        |
-----------------------------------------
------------------------------------------
| rollout/                |              |
|    ep_len_mean          | 1.98e+03     |
|    ep_rew_mean          | 3.11e+03     |
| time/                   |              |
|    fps                  | 2673         |
|    iterations           | 613          |
|    time_elapsed         | 8920         |
|    total_timesteps      | 23853056     |
| train/                  |              |
|    approx_kl            | 0.0048499927 |
|    clip_fraction        | 0.0401       |
|    clip_range           | 0.2          |
|    entropy_loss         | 2.84         |
|    explained_variance   | 0.915        |
|    learning_rate        | 6.19e-05     |
|    loss                 | 10.1         |
|    n_updates            | 6120         |
|    policy_gradient_loss | -0.00143     |
|    std                  | 0.0587       |
|    value_loss           | 20.9         |
------------------------------------------
-----------------------------------------
| rollout/                |             |
|    ep_len_mean          | 1.98e+03    |
|    ep_rew_mean          | 3.11e+03    |
| time/                   |             |
|    fps                  | 2676        |
|    iterations           | 614         |
|    time_elapsed         | 8926        |
|    total_timesteps      | 23891968    |
| train/                  |             |
|    approx_kl            | 0.005474258 |
|    clip_fraction        | 0.054       |
|    clip_range           | 0.2         |
|    entropy_loss         | 2.84        |
|    explained_variance   | 0.915       |
|    learning_rate        | 6.15e-05    |
|    loss                 | 3.5         |
|    n_updates            | 6130        |
|    policy_gradient_loss | -0.00166    |
|    std                  | 0.0586      |
|    value_loss           | 17.5        |
-----------------------------------------
-----------------------------------------
| rollout/                |             |
|    ep_len_mean          | 2e+03       |
|    ep_rew_mean          | 3.12e+03    |
| time/                   |             |
|    fps                  | 2678        |
|    iterations           | 615         |
|    time_elapsed         | 8933        |
|    total_timesteps      | 23930880    |
| train/                  |             |
|    approx_kl            | 0.004705959 |
|    clip_fraction        | 0.044       |
|    clip_range           | 0.2         |
|    entropy_loss         | 2.84        |
|    explained_variance   | 0.921       |
|    learning_rate        | 6.11e-05    |
|    loss                 | 14.7        |
|    n_updates            | 6140        |
|    policy_gradient_loss | -0.00101    |
|    std                  | 0.0585      |
|    value_loss           | 18.4        |
-----------------------------------------
Eval num_timesteps=23940000, episode_reward=3272.24 +/- 283.42
Episode length: 2000.00 +/- 0.00
------------------------------------------
| eval/                   |              |
|    mean_ep_length       | 2e+03        |
|    mean_reward          | 3.27e+03     |
| time/                   |              |
|    total_timesteps      | 23940000     |
| train/                  |              |
|    approx_kl            | 0.0052986355 |
|    clip_fraction        | 0.044        |
|    clip_range           | 0.2          |
|    entropy_loss         | 2.84         |
|    explained_variance   | 0.917        |
|    learning_rate        | 6.07e-05     |
|    loss                 | 4.9          |
|    n_updates            | 6150         |
|    policy_gradient_loss | -0.000957    |
|    std                  | 0.0585       |
|    value_loss           | 22.7         |
------------------------------------------
---------------------------------
| rollout/           |          |
|    ep_len_mean     | 2e+03    |
|    ep_rew_mean     | 3.11e+03 |
| time/              |          |
|    fps             | 2675     |
|    iterations      | 616      |
|    time_elapsed    | 8958     |
|    total_timesteps | 23969792 |
---------------------------------
------------------------------------------
| rollout/                |              |
|    ep_len_mean          | 2e+03        |
|    ep_rew_mean          | 3.12e+03     |
| time/                   |              |
|    fps                  | 2678         |
|    iterations           | 617          |
|    time_elapsed         | 8964         |
|    total_timesteps      | 24008704     |
| train/                  |              |
|    approx_kl            | 0.0051581794 |
|    clip_fraction        | 0.0553       |
|    clip_range           | 0.2          |
|    entropy_loss         | 2.84         |
|    explained_variance   | 0.927        |
|    learning_rate        | 6.03e-05     |
|    loss                 | 5.41         |
|    n_updates            | 6160         |
|    policy_gradient_loss | -0.00103     |
|    std                  | 0.0583       |
|    value_loss           | 15.4         |
------------------------------------------
-----------------------------------------
| rollout/                |             |
|    ep_len_mean          | 2e+03       |
|    ep_rew_mean          | 3.11e+03    |
| time/                   |             |
|    fps                  | 2680        |
|    iterations           | 618         |
|    time_elapsed         | 8971        |
|    total_timesteps      | 24047616    |
| train/                  |             |
|    approx_kl            | 0.005201978 |
|    clip_fraction        | 0.0476      |
|    clip_range           | 0.2         |
|    entropy_loss         | 2.85        |
|    explained_variance   | 0.925       |
|    learning_rate        | 5.99e-05    |
|    loss                 | 6.27        |
|    n_updates            | 6170        |
|    policy_gradient_loss | -0.00111    |
|    std                  | 0.0582      |
|    value_loss           | 14.5        |
-----------------------------------------
------------------------------------------
| rollout/                |              |
|    ep_len_mean          | 2e+03        |
|    ep_rew_mean          | 3.1e+03      |
| time/                   |              |
|    fps                  | 2682         |
|    iterations           | 619          |
|    time_elapsed         | 8977         |
|    total_timesteps      | 24086528     |
| train/                  |              |
|    approx_kl            | 0.0048095156 |
|    clip_fraction        | 0.0411       |
|    clip_range           | 0.2          |
|    entropy_loss         | 2.85         |
|    explained_variance   | 0.909        |
|    learning_rate        | 5.95e-05     |
|    loss                 | 9.52         |
|    n_updates            | 6180         |
|    policy_gradient_loss | -0.00109     |
|    std                  | 0.058        |
|    value_loss           | 22.8         |
------------------------------------------
------------------------------------------
| rollout/                |              |
|    ep_len_mean          | 2e+03        |
|    ep_rew_mean          | 3.1e+03      |
| time/                   |              |
|    fps                  | 2685         |
|    iterations           | 620          |
|    time_elapsed         | 8984         |
|    total_timesteps      | 24125440     |
| train/                  |              |
|    approx_kl            | 0.0044731246 |
|    clip_fraction        | 0.0439       |
|    clip_range           | 0.2          |
|    entropy_loss         | 2.86         |
|    explained_variance   | 0.917        |
|    learning_rate        | 5.91e-05     |
|    loss                 | 5.43         |
|    n_updates            | 6190         |
|    policy_gradient_loss | -0.000805    |
|    std                  | 0.0579       |
|    value_loss           | 21.1         |
------------------------------------------
Eval num_timesteps=24130000, episode_reward=3328.97 +/- 220.94
Episode length: 2000.00 +/- 0.00
------------------------------------------
| eval/                   |              |
|    mean_ep_length       | 2e+03        |
|    mean_reward          | 3.33e+03     |
| time/                   |              |
|    total_timesteps      | 24130000     |
| train/                  |              |
|    approx_kl            | 0.0053351466 |
|    clip_fraction        | 0.057        |
|    clip_range           | 0.2          |
|    entropy_loss         | 2.86         |
|    explained_variance   | 0.936        |
|    learning_rate        | 5.87e-05     |
|    loss                 | 9.59         |
|    n_updates            | 6200         |
|    policy_gradient_loss | -0.0015      |
|    std                  | 0.0578       |
|    value_loss           | 12.7         |
------------------------------------------
---------------------------------
| rollout/           |          |
|    ep_len_mean     | 2e+03    |
|    ep_rew_mean     | 3.11e+03 |
| time/              |          |
|    fps             | 2682     |
|    iterations      | 621      |
|    time_elapsed    | 9008     |
|    total_timesteps | 24164352 |
---------------------------------
-----------------------------------------
| rollout/                |             |
|    ep_len_mean          | 2e+03       |
|    ep_rew_mean          | 3.12e+03    |
| time/                   |             |
|    fps                  | 2684        |
|    iterations           | 622         |
|    time_elapsed         | 9015        |
|    total_timesteps      | 24203264    |
| train/                  |             |
|    approx_kl            | 0.004993087 |
|    clip_fraction        | 0.0392      |
|    clip_range           | 0.2         |
|    entropy_loss         | 2.87        |
|    explained_variance   | 0.92        |
|    learning_rate        | 5.84e-05    |
|    loss                 | 5.31        |
|    n_updates            | 6210        |
|    policy_gradient_loss | -0.00144    |
|    std                  | 0.0578      |
|    value_loss           | 19.9        |
-----------------------------------------
-----------------------------------------
| rollout/                |             |
|    ep_len_mean          | 2e+03       |
|    ep_rew_mean          | 3.12e+03    |
| time/                   |             |
|    fps                  | 2687        |
|    iterations           | 623         |
|    time_elapsed         | 9021        |
|    total_timesteps      | 24242176    |
| train/                  |             |
|    approx_kl            | 0.005658571 |
|    clip_fraction        | 0.0507      |
|    clip_range           | 0.2         |
|    entropy_loss         | 2.86        |
|    explained_variance   | 0.911       |
|    learning_rate        | 5.8e-05     |
|    loss                 | 7.51        |
|    n_updates            | 6220        |
|    policy_gradient_loss | -0.000837   |
|    std                  | 0.058       |
|    value_loss           | 21.5        |
-----------------------------------------
------------------------------------------
| rollout/                |              |
|    ep_len_mean          | 2e+03        |
|    ep_rew_mean          | 3.12e+03     |
| time/                   |              |
|    fps                  | 2689         |
|    iterations           | 624          |
|    time_elapsed         | 9028         |
|    total_timesteps      | 24281088     |
| train/                  |              |
|    approx_kl            | 0.0050445884 |
|    clip_fraction        | 0.0512       |
|    clip_range           | 0.2          |
|    entropy_loss         | 2.86         |
|    explained_variance   | 0.922        |
|    learning_rate        | 5.76e-05     |
|    loss                 | 3.23         |
|    n_updates            | 6230         |
|    policy_gradient_loss | -0.00138     |
|    std                  | 0.0582       |
|    value_loss           | 17.5         |
------------------------------------------
Eval num_timesteps=24320000, episode_reward=3308.44 +/- 232.70
Episode length: 2000.00 +/- 0.00
------------------------------------------
| eval/                   |              |
|    mean_ep_length       | 2e+03        |
|    mean_reward          | 3.31e+03     |
| time/                   |              |
|    total_timesteps      | 24320000     |
| train/                  |              |
|    approx_kl            | 0.0045905868 |
|    clip_fraction        | 0.0381       |
|    clip_range           | 0.2          |
|    entropy_loss         | 2.85         |
|    explained_variance   | 0.92         |
|    learning_rate        | 5.72e-05     |
|    loss                 | 13.5         |
|    n_updates            | 6240         |
|    policy_gradient_loss | -0.000706    |
|    std                  | 0.0582       |
|    value_loss           | 23.4         |
------------------------------------------
---------------------------------
| rollout/           |          |
|    ep_len_mean     | 2e+03    |
|    ep_rew_mean     | 3.12e+03 |
| time/              |          |
|    fps             | 2686     |
|    iterations      | 625      |
|    time_elapsed    | 9053     |
|    total_timesteps | 24320000 |
---------------------------------
------------------------------------------
| rollout/                |              |
|    ep_len_mean          | 2e+03        |
|    ep_rew_mean          | 3.12e+03     |
| time/                   |              |
|    fps                  | 2688         |
|    iterations           | 626          |
|    time_elapsed         | 9059         |
|    total_timesteps      | 24358912     |
| train/                  |              |
|    approx_kl            | 0.0044459645 |
|    clip_fraction        | 0.0518       |
|    clip_range           | 0.2          |
|    entropy_loss         | 2.85         |
|    explained_variance   | 0.922        |
|    learning_rate        | 5.68e-05     |
|    loss                 | 14.8         |
|    n_updates            | 6250         |
|    policy_gradient_loss | -0.0012      |
|    std                  | 0.0582       |
|    value_loss           | 15.3         |
------------------------------------------
------------------------------------------
| rollout/                |              |
|    ep_len_mean          | 2e+03        |
|    ep_rew_mean          | 3.1e+03      |
| time/                   |              |
|    fps                  | 2691         |
|    iterations           | 627          |
|    time_elapsed         | 9066         |
|    total_timesteps      | 24397824     |
| train/                  |              |
|    approx_kl            | 0.0048746746 |
|    clip_fraction        | 0.0381       |
|    clip_range           | 0.2          |
|    entropy_loss         | 2.85         |
|    explained_variance   | 0.931        |
|    learning_rate        | 5.64e-05     |
|    loss                 | 4.57         |
|    n_updates            | 6260         |
|    policy_gradient_loss | -0.000896    |
|    std                  | 0.0582       |
|    value_loss           | 20.9         |
------------------------------------------
------------------------------------------
| rollout/                |              |
|    ep_len_mean          | 2e+03        |
|    ep_rew_mean          | 3.1e+03      |
| time/                   |              |
|    fps                  | 2693         |
|    iterations           | 628          |
|    time_elapsed         | 9072         |
|    total_timesteps      | 24436736     |
| train/                  |              |
|    approx_kl            | 0.0057049454 |
|    clip_fraction        | 0.0418       |
|    clip_range           | 0.2          |
|    entropy_loss         | 2.85         |
|    explained_variance   | 0.947        |
|    learning_rate        | 5.6e-05      |
|    loss                 | 12.6         |
|    n_updates            | 6270         |
|    policy_gradient_loss | -0.000913    |
|    std                  | 0.0581       |
|    value_loss           | 16           |
------------------------------------------
------------------------------------------
| rollout/                |              |
|    ep_len_mean          | 2e+03        |
|    ep_rew_mean          | 3.1e+03      |
| time/                   |              |
|    fps                  | 2695         |
|    iterations           | 629          |
|    time_elapsed         | 9079         |
|    total_timesteps      | 24475648     |
| train/                  |              |
|    approx_kl            | 0.0044866465 |
|    clip_fraction        | 0.0395       |
|    clip_range           | 0.2          |
|    entropy_loss         | 2.86         |
|    explained_variance   | 0.92         |
|    learning_rate        | 5.56e-05     |
|    loss                 | 9.55         |
|    n_updates            | 6280         |
|    policy_gradient_loss | -0.00167     |
|    std                  | 0.058        |
|    value_loss           | 21.5         |
------------------------------------------
Eval num_timesteps=24510000, episode_reward=3353.72 +/- 202.57
Episode length: 2000.00 +/- 0.00
-----------------------------------------
| eval/                   |             |
|    mean_ep_length       | 2e+03       |
|    mean_reward          | 3.35e+03    |
| time/                   |             |
|    total_timesteps      | 24510000    |
| train/                  |             |
|    approx_kl            | 0.005643308 |
|    clip_fraction        | 0.0589      |
|    clip_range           | 0.2         |
|    entropy_loss         | 2.86        |
|    explained_variance   | 0.912       |
|    learning_rate        | 5.52e-05    |
|    loss                 | 14          |
|    n_updates            | 6290        |
|    policy_gradient_loss | -0.00108    |
|    std                  | 0.058       |
|    value_loss           | 24.3        |
-----------------------------------------
---------------------------------
| rollout/           |          |
|    ep_len_mean     | 2e+03    |
|    ep_rew_mean     | 3.1e+03  |
| time/              |          |
|    fps             | 2692     |
|    iterations      | 630      |
|    time_elapsed    | 9104     |
|    total_timesteps | 24514560 |
---------------------------------
------------------------------------------
| rollout/                |              |
|    ep_len_mean          | 2e+03        |
|    ep_rew_mean          | 3.09e+03     |
| time/                   |              |
|    fps                  | 2695         |
|    iterations           | 631          |
|    time_elapsed         | 9110         |
|    total_timesteps      | 24553472     |
| train/                  |              |
|    approx_kl            | 0.0055122897 |
|    clip_fraction        | 0.0531       |
|    clip_range           | 0.2          |
|    entropy_loss         | 2.86         |
|    explained_variance   | 0.917        |
|    learning_rate        | 5.49e-05     |
|    loss                 | 10.4         |
|    n_updates            | 6300         |
|    policy_gradient_loss | -0.00154     |
|    std                  | 0.058        |
|    value_loss           | 23.7         |
------------------------------------------
-----------------------------------------
| rollout/                |             |
|    ep_len_mean          | 2e+03       |
|    ep_rew_mean          | 3.09e+03    |
| time/                   |             |
|    fps                  | 2697        |
|    iterations           | 632         |
|    time_elapsed         | 9117        |
|    total_timesteps      | 24592384    |
| train/                  |             |
|    approx_kl            | 0.005586498 |
|    clip_fraction        | 0.0504      |
|    clip_range           | 0.2         |
|    entropy_loss         | 2.85        |
|    explained_variance   | 0.924       |
|    learning_rate        | 5.45e-05    |
|    loss                 | 10.5        |
|    n_updates            | 6310        |
|    policy_gradient_loss | -0.0015     |
|    std                  | 0.0582      |
|    value_loss           | 20.4        |
-----------------------------------------
-----------------------------------------
| rollout/                |             |
|    ep_len_mean          | 2e+03       |
|    ep_rew_mean          | 3.1e+03     |
| time/                   |             |
|    fps                  | 2699        |
|    iterations           | 633         |
|    time_elapsed         | 9123        |
|    total_timesteps      | 24631296    |
| train/                  |             |
|    approx_kl            | 0.005555777 |
|    clip_fraction        | 0.0442      |
|    clip_range           | 0.2         |
|    entropy_loss         | 2.85        |
|    explained_variance   | 0.924       |
|    learning_rate        | 5.41e-05    |
|    loss                 | 12.3        |
|    n_updates            | 6320        |
|    policy_gradient_loss | -0.000931   |
|    std                  | 0.0583      |
|    value_loss           | 20.5        |
-----------------------------------------
-----------------------------------------
| rollout/                |             |
|    ep_len_mean          | 2e+03       |
|    ep_rew_mean          | 3.09e+03    |
| time/                   |             |
|    fps                  | 2702        |
|    iterations           | 634         |
|    time_elapsed         | 9129        |
|    total_timesteps      | 24670208    |
| train/                  |             |
|    approx_kl            | 0.005639676 |
|    clip_fraction        | 0.0508      |
|    clip_range           | 0.2         |
|    entropy_loss         | 2.85        |
|    explained_variance   | 0.905       |
|    learning_rate        | 5.37e-05    |
|    loss                 | 19.5        |
|    n_updates            | 6330        |
|    policy_gradient_loss | -0.00144    |
|    std                  | 0.0584      |
|    value_loss           | 26.7        |
-----------------------------------------
Eval num_timesteps=24700000, episode_reward=3358.83 +/- 197.15
Episode length: 2000.00 +/- 0.00
-----------------------------------------
| eval/                   |             |
|    mean_ep_length       | 2e+03       |
|    mean_reward          | 3.36e+03    |
| time/                   |             |
|    total_timesteps      | 24700000    |
| train/                  |             |
|    approx_kl            | 0.005282333 |
|    clip_fraction        | 0.0523      |
|    clip_range           | 0.2         |
|    entropy_loss         | 2.84        |
|    explained_variance   | 0.918       |
|    learning_rate        | 5.33e-05    |
|    loss                 | 4.03        |
|    n_updates            | 6340        |
|    policy_gradient_loss | -0.000811   |
|    std                  | 0.0584      |
|    value_loss           | 21.5        |
-----------------------------------------
---------------------------------
| rollout/           |          |
|    ep_len_mean     | 2e+03    |
|    ep_rew_mean     | 3.09e+03 |
| time/              |          |
|    fps             | 2699     |
|    iterations      | 635      |
|    time_elapsed    | 9154     |
|    total_timesteps | 24709120 |
---------------------------------
------------------------------------------
| rollout/                |              |
|    ep_len_mean          | 2e+03        |
|    ep_rew_mean          | 3.09e+03     |
| time/                   |              |
|    fps                  | 2701         |
|    iterations           | 636          |
|    time_elapsed         | 9161         |
|    total_timesteps      | 24748032     |
| train/                  |              |
|    approx_kl            | 0.0038414232 |
|    clip_fraction        | 0.0384       |
|    clip_range           | 0.2          |
|    entropy_loss         | 2.84         |
|    explained_variance   | 0.925        |
|    learning_rate        | 5.29e-05     |
|    loss                 | 21.5         |
|    n_updates            | 6350         |
|    policy_gradient_loss | -0.000819    |
|    std                  | 0.0584       |
|    value_loss           | 19.4         |
------------------------------------------
------------------------------------------
| rollout/                |              |
|    ep_len_mean          | 2e+03        |
|    ep_rew_mean          | 3.09e+03     |
| time/                   |              |
|    fps                  | 2703         |
|    iterations           | 637          |
|    time_elapsed         | 9167         |
|    total_timesteps      | 24786944     |
| train/                  |              |
|    approx_kl            | 0.0046363003 |
|    clip_fraction        | 0.0503       |
|    clip_range           | 0.2          |
|    entropy_loss         | 2.84         |
|    explained_variance   | 0.911        |
|    learning_rate        | 5.25e-05     |
|    loss                 | 10.5         |
|    n_updates            | 6360         |
|    policy_gradient_loss | -0.00114     |
|    std                  | 0.0587       |
|    value_loss           | 22.1         |
------------------------------------------
------------------------------------------
| rollout/                |              |
|    ep_len_mean          | 2e+03        |
|    ep_rew_mean          | 3.1e+03      |
| time/                   |              |
|    fps                  | 2706         |
|    iterations           | 638          |
|    time_elapsed         | 9174         |
|    total_timesteps      | 24825856     |
| train/                  |              |
|    approx_kl            | 0.0051743896 |
|    clip_fraction        | 0.0454       |
|    clip_range           | 0.2          |
|    entropy_loss         | 2.83         |
|    explained_variance   | 0.905        |
|    learning_rate        | 5.21e-05     |
|    loss                 | 7.42         |
|    n_updates            | 6370         |
|    policy_gradient_loss | -0.00139     |
|    std                  | 0.0587       |
|    value_loss           | 18.9         |
------------------------------------------
------------------------------------------
| rollout/                |              |
|    ep_len_mean          | 2e+03        |
|    ep_rew_mean          | 3.12e+03     |
| time/                   |              |
|    fps                  | 2708         |
|    iterations           | 639          |
|    time_elapsed         | 9180         |
|    total_timesteps      | 24864768     |
| train/                  |              |
|    approx_kl            | 0.0058787875 |
|    clip_fraction        | 0.0651       |
|    clip_range           | 0.2          |
|    entropy_loss         | 2.84         |
|    explained_variance   | 0.931        |
|    learning_rate        | 5.17e-05     |
|    loss                 | 5.95         |
|    n_updates            | 6380         |
|    policy_gradient_loss | -0.00182     |
|    std                  | 0.0586       |
|    value_loss           | 18.2         |
------------------------------------------
Eval num_timesteps=24890000, episode_reward=3386.61 +/- 202.02
Episode length: 2000.00 +/- 0.00
------------------------------------------
| eval/                   |              |
|    mean_ep_length       | 2e+03        |
|    mean_reward          | 3.39e+03     |
| time/                   |              |
|    total_timesteps      | 24890000     |
| train/                  |              |
|    approx_kl            | 0.0043606297 |
|    clip_fraction        | 0.049        |
|    clip_range           | 0.2          |
|    entropy_loss         | 2.84         |
|    explained_variance   | 0.915        |
|    learning_rate        | 5.14e-05     |
|    loss                 | 8.34         |
|    n_updates            | 6390         |
|    policy_gradient_loss | -0.0015      |
|    std                  | 0.0586       |
|    value_loss           | 14.6         |
------------------------------------------
---------------------------------
| rollout/           |          |
|    ep_len_mean     | 2e+03    |
|    ep_rew_mean     | 3.14e+03 |
| time/              |          |
|    fps             | 2705     |
|    iterations      | 640      |
|    time_elapsed    | 9205     |
|    total_timesteps | 24903680 |
---------------------------------
------------------------------------------
| rollout/                |              |
|    ep_len_mean          | 2e+03        |
|    ep_rew_mean          | 3.13e+03     |
| time/                   |              |
|    fps                  | 2707         |
|    iterations           | 641          |
|    time_elapsed         | 9212         |
|    total_timesteps      | 24942592     |
| train/                  |              |
|    approx_kl            | 0.0048237094 |
|    clip_fraction        | 0.0389       |
|    clip_range           | 0.2          |
|    entropy_loss         | 2.84         |
|    explained_variance   | 0.935        |
|    learning_rate        | 5.1e-05      |
|    loss                 | 4.38         |
|    n_updates            | 6400         |
|    policy_gradient_loss | -0.00142     |
|    std                  | 0.0586       |
|    value_loss           | 17.1         |
------------------------------------------
------------------------------------------
| rollout/                |              |
|    ep_len_mean          | 2e+03        |
|    ep_rew_mean          | 3.12e+03     |
| time/                   |              |
|    fps                  | 2709         |
|    iterations           | 642          |
|    time_elapsed         | 9218         |
|    total_timesteps      | 24981504     |
| train/                  |              |
|    approx_kl            | 0.0053588487 |
|    clip_fraction        | 0.0512       |
|    clip_range           | 0.2          |
|    entropy_loss         | 2.84         |
|    explained_variance   | 0.919        |
|    learning_rate        | 5.06e-05     |
|    loss                 | 5.64         |
|    n_updates            | 6410         |
|    policy_gradient_loss | -0.0011      |
|    std                  | 0.0586       |
|    value_loss           | 18.8         |
------------------------------------------
------------------------------------------
| rollout/                |              |
|    ep_len_mean          | 2e+03        |
|    ep_rew_mean          | 3.12e+03     |
| time/                   |              |
|    fps                  | 2712         |
|    iterations           | 643          |
|    time_elapsed         | 9225         |
|    total_timesteps      | 25020416     |
| train/                  |              |
|    approx_kl            | 0.0046929647 |
|    clip_fraction        | 0.0411       |
|    clip_range           | 0.2          |
|    entropy_loss         | 2.83         |
|    explained_variance   | 0.933        |
|    learning_rate        | 5.02e-05     |
|    loss                 | 10           |
|    n_updates            | 6420         |
|    policy_gradient_loss | -0.00186     |
|    std                  | 0.0589       |
|    value_loss           | 21           |
------------------------------------------
------------------------------------------
| rollout/                |              |
|    ep_len_mean          | 2e+03        |
|    ep_rew_mean          | 3.12e+03     |
| time/                   |              |
|    fps                  | 2714         |
|    iterations           | 644          |
|    time_elapsed         | 9231         |
|    total_timesteps      | 25059328     |
| train/                  |              |
|    approx_kl            | 0.0045806826 |
|    clip_fraction        | 0.0436       |
|    clip_range           | 0.2          |
|    entropy_loss         | 2.83         |
|    explained_variance   | 0.939        |
|    learning_rate        | 4.98e-05     |
|    loss                 | 9.14         |
|    n_updates            | 6430         |
|    policy_gradient_loss | -0.00151     |
|    std                  | 0.0589       |
|    value_loss           | 19.8         |
------------------------------------------
Eval num_timesteps=25080000, episode_reward=3374.21 +/- 208.16
Episode length: 2000.00 +/- 0.00
-----------------------------------------
| eval/                   |             |
|    mean_ep_length       | 2e+03       |
|    mean_reward          | 3.37e+03    |
| time/                   |             |
|    total_timesteps      | 25080000    |
| train/                  |             |
|    approx_kl            | 0.004569385 |
|    clip_fraction        | 0.0439      |
|    clip_range           | 0.2         |
|    entropy_loss         | 2.83        |
|    explained_variance   | 0.938       |
|    learning_rate        | 4.94e-05    |
|    loss                 | 9.34        |
|    n_updates            | 6440        |
|    policy_gradient_loss | -0.00107    |
|    std                  | 0.059       |
|    value_loss           | 13.9        |
-----------------------------------------
---------------------------------
| rollout/           |          |
|    ep_len_mean     | 2e+03    |
|    ep_rew_mean     | 3.1e+03  |
| time/              |          |
|    fps             | 2711     |
|    iterations      | 645      |
|    time_elapsed    | 9256     |
|    total_timesteps | 25098240 |
---------------------------------
-----------------------------------------
| rollout/                |             |
|    ep_len_mean          | 2e+03       |
|    ep_rew_mean          | 3.11e+03    |
| time/                   |             |
|    fps                  | 2713        |
|    iterations           | 646         |
|    time_elapsed         | 9263        |
|    total_timesteps      | 25137152    |
| train/                  |             |
|    approx_kl            | 0.003944851 |
|    clip_fraction        | 0.0302      |
|    clip_range           | 0.2         |
|    entropy_loss         | 2.82        |
|    explained_variance   | 0.939       |
|    learning_rate        | 4.9e-05     |
|    loss                 | 14.1        |
|    n_updates            | 6450        |
|    policy_gradient_loss | -0.000433   |
|    std                  | 0.0593      |
|    value_loss           | 19.5        |
-----------------------------------------
-----------------------------------------
| rollout/                |             |
|    ep_len_mean          | 2e+03       |
|    ep_rew_mean          | 3.1e+03     |
| time/                   |             |
|    fps                  | 2715        |
|    iterations           | 647         |
|    time_elapsed         | 9269        |
|    total_timesteps      | 25176064    |
| train/                  |             |
|    approx_kl            | 0.004926995 |
|    clip_fraction        | 0.0401      |
|    clip_range           | 0.2         |
|    entropy_loss         | 2.81        |
|    explained_variance   | 0.922       |
|    learning_rate        | 4.86e-05    |
|    loss                 | 5.94        |
|    n_updates            | 6460        |
|    policy_gradient_loss | -0.00115    |
|    std                  | 0.0592      |
|    value_loss           | 23.2        |
-----------------------------------------
-----------------------------------------
| rollout/                |             |
|    ep_len_mean          | 2e+03       |
|    ep_rew_mean          | 3.1e+03     |
| time/                   |             |
|    fps                  | 2718        |
|    iterations           | 648         |
|    time_elapsed         | 9276        |
|    total_timesteps      | 25214976    |
| train/                  |             |
|    approx_kl            | 0.004639033 |
|    clip_fraction        | 0.0432      |
|    clip_range           | 0.2         |
|    entropy_loss         | 2.81        |
|    explained_variance   | 0.926       |
|    learning_rate        | 4.82e-05    |
|    loss                 | 12.1        |
|    n_updates            | 6470        |
|    policy_gradient_loss | -0.00147    |
|    std                  | 0.0596      |
|    value_loss           | 22.5        |
-----------------------------------------
------------------------------------------
| rollout/                |              |
|    ep_len_mean          | 2e+03        |
|    ep_rew_mean          | 3.09e+03     |
| time/                   |              |
|    fps                  | 2720         |
|    iterations           | 649          |
|    time_elapsed         | 9282         |
|    total_timesteps      | 25253888     |
| train/                  |              |
|    approx_kl            | 0.0050015124 |
|    clip_fraction        | 0.0506       |
|    clip_range           | 0.2          |
|    entropy_loss         | 2.8          |
|    explained_variance   | 0.924        |
|    learning_rate        | 4.79e-05     |
|    loss                 | 9.26         |
|    n_updates            | 6480         |
|    policy_gradient_loss | -0.00193     |
|    std                  | 0.0596       |
|    value_loss           | 25.4         |
------------------------------------------
Eval num_timesteps=25270000, episode_reward=3376.75 +/- 218.29
Episode length: 2000.00 +/- 0.00
------------------------------------------
| eval/                   |              |
|    mean_ep_length       | 2e+03        |
|    mean_reward          | 3.38e+03     |
| time/                   |              |
|    total_timesteps      | 25270000     |
| train/                  |              |
|    approx_kl            | 0.0044500832 |
|    clip_fraction        | 0.0404       |
|    clip_range           | 0.2          |
|    entropy_loss         | 2.81         |
|    explained_variance   | 0.927        |
|    learning_rate        | 4.75e-05     |
|    loss                 | 9.44         |
|    n_updates            | 6490         |
|    policy_gradient_loss | -0.000989    |
|    std                  | 0.0594       |
|    value_loss           | 21.7         |
------------------------------------------
---------------------------------
| rollout/           |          |
|    ep_len_mean     | 2e+03    |
|    ep_rew_mean     | 3.09e+03 |
| time/              |          |
|    fps             | 2717     |
|    iterations      | 650      |
|    time_elapsed    | 9307     |
|    total_timesteps | 25292800 |
---------------------------------
----------------------------------------
| rollout/                |            |
|    ep_len_mean          | 2e+03      |
|    ep_rew_mean          | 3.1e+03    |
| time/                   |            |
|    fps                  | 2719       |
|    iterations           | 651        |
|    time_elapsed         | 9314       |
|    total_timesteps      | 25331712   |
| train/                  |            |
|    approx_kl            | 0.00502399 |
|    clip_fraction        | 0.0495     |
|    clip_range           | 0.2        |
|    entropy_loss         | 2.81       |
|    explained_variance   | 0.921      |
|    learning_rate        | 4.71e-05   |
|    loss                 | 3.5        |
|    n_updates            | 6500       |
|    policy_gradient_loss | -0.000716  |
|    std                  | 0.0593     |
|    value_loss           | 17.5       |
----------------------------------------
----------------------------------------
| rollout/                |            |
|    ep_len_mean          | 2e+03      |
|    ep_rew_mean          | 3.11e+03   |
| time/                   |            |
|    fps                  | 2721       |
|    iterations           | 652        |
|    time_elapsed         | 9320       |
|    total_timesteps      | 25370624   |
| train/                  |            |
|    approx_kl            | 0.00472467 |
|    clip_fraction        | 0.0385     |
|    clip_range           | 0.2        |
|    entropy_loss         | 2.81       |
|    explained_variance   | 0.918      |
|    learning_rate        | 4.67e-05   |
|    loss                 | 7.26       |
|    n_updates            | 6510       |
|    policy_gradient_loss | -0.00112   |
|    std                  | 0.0595     |
|    value_loss           | 21.8       |
----------------------------------------
------------------------------------------
| rollout/                |              |
|    ep_len_mean          | 1.98e+03     |
|    ep_rew_mean          | 3.08e+03     |
| time/                   |              |
|    fps                  | 2724         |
|    iterations           | 653          |
|    time_elapsed         | 9327         |
|    total_timesteps      | 25409536     |
| train/                  |              |
|    approx_kl            | 0.0044818535 |
|    clip_fraction        | 0.0382       |
|    clip_range           | 0.2          |
|    entropy_loss         | 2.8          |
|    explained_variance   | 0.907        |
|    learning_rate        | 4.63e-05     |
|    loss                 | 18.3         |
|    n_updates            | 6520         |
|    policy_gradient_loss | -0.00159     |
|    std                  | 0.0597       |
|    value_loss           | 33.1         |
------------------------------------------
------------------------------------------
| rollout/                |              |
|    ep_len_mean          | 1.95e+03     |
|    ep_rew_mean          | 3.04e+03     |
| time/                   |              |
|    fps                  | 2726         |
|    iterations           | 654          |
|    time_elapsed         | 9333         |
|    total_timesteps      | 25448448     |
| train/                  |              |
|    approx_kl            | 0.0043567806 |
|    clip_fraction        | 0.0494       |
|    clip_range           | 0.2          |
|    entropy_loss         | 2.79         |
|    explained_variance   | 0.901        |
|    learning_rate        | 4.59e-05     |
|    loss                 | 13.6         |
|    n_updates            | 6530         |
|    policy_gradient_loss | -0.00139     |
|    std                  | 0.0601       |
|    value_loss           | 21.3         |
------------------------------------------
Eval num_timesteps=25460000, episode_reward=3417.20 +/- 184.51
Episode length: 2000.00 +/- 0.00
------------------------------------------
| eval/                   |              |
|    mean_ep_length       | 2e+03        |
|    mean_reward          | 3.42e+03     |
| time/                   |              |
|    total_timesteps      | 25460000     |
| train/                  |              |
|    approx_kl            | 0.0044659213 |
|    clip_fraction        | 0.0336       |
|    clip_range           | 0.2          |
|    entropy_loss         | 2.78         |
|    explained_variance   | 0.925        |
|    learning_rate        | 4.55e-05     |
|    loss                 | 14.1         |
|    n_updates            | 6540         |
|    policy_gradient_loss | -0.00132     |
|    std                  | 0.0603       |
|    value_loss           | 28.7         |
------------------------------------------
New best mean reward!
---------------------------------
| rollout/           |          |
|    ep_len_mean     | 1.95e+03 |
|    ep_rew_mean     | 3.04e+03 |
| time/              |          |
|    fps             | 2723     |
|    iterations      | 655      |
|    time_elapsed    | 9358     |
|    total_timesteps | 25487360 |
---------------------------------
------------------------------------------
| rollout/                |              |
|    ep_len_mean          | 1.95e+03     |
|    ep_rew_mean          | 3.04e+03     |
| time/                   |              |
|    fps                  | 2725         |
|    iterations           | 656          |
|    time_elapsed         | 9365         |
|    total_timesteps      | 25526272     |
| train/                  |              |
|    approx_kl            | 0.0044398806 |
|    clip_fraction        | 0.0471       |
|    clip_range           | 0.2          |
|    entropy_loss         | 2.78         |
|    explained_variance   | 0.927        |
|    learning_rate        | 4.51e-05     |
|    loss                 | 8.3          |
|    n_updates            | 6550         |
|    policy_gradient_loss | -0.000898    |
|    std                  | 0.0604       |
|    value_loss           | 21.2         |
------------------------------------------
-----------------------------------------
| rollout/                |             |
|    ep_len_mean          | 1.95e+03    |
|    ep_rew_mean          | 3.05e+03    |
| time/                   |             |
|    fps                  | 2727        |
|    iterations           | 657         |
|    time_elapsed         | 9371        |
|    total_timesteps      | 25565184    |
| train/                  |             |
|    approx_kl            | 0.006442625 |
|    clip_fraction        | 0.0486      |
|    clip_range           | 0.2         |
|    entropy_loss         | 2.78        |
|    explained_variance   | 0.923       |
|    learning_rate        | 4.47e-05    |
|    loss                 | 12.4        |
|    n_updates            | 6560        |
|    policy_gradient_loss | -0.00155    |
|    std                  | 0.0605      |
|    value_loss           | 21.7        |
-----------------------------------------
-----------------------------------------
| rollout/                |             |
|    ep_len_mean          | 1.96e+03    |
|    ep_rew_mean          | 3.08e+03    |
| time/                   |             |
|    fps                  | 2730        |
|    iterations           | 658         |
|    time_elapsed         | 9378        |
|    total_timesteps      | 25604096    |
| train/                  |             |
|    approx_kl            | 0.005390782 |
|    clip_fraction        | 0.0397      |
|    clip_range           | 0.2         |
|    entropy_loss         | 2.77        |
|    explained_variance   | 0.937       |
|    learning_rate        | 4.43e-05    |
|    loss                 | 7.18        |
|    n_updates            | 6570        |
|    policy_gradient_loss | -0.00148    |
|    std                  | 0.0605      |
|    value_loss           | 24.3        |
-----------------------------------------
------------------------------------------
| rollout/                |              |
|    ep_len_mean          | 2e+03        |
|    ep_rew_mean          | 3.13e+03     |
| time/                   |              |
|    fps                  | 2732         |
|    iterations           | 659          |
|    time_elapsed         | 9384         |
|    total_timesteps      | 25643008     |
| train/                  |              |
|    approx_kl            | 0.0049095224 |
|    clip_fraction        | 0.0544       |
|    clip_range           | 0.2          |
|    entropy_loss         | 2.77         |
|    explained_variance   | 0.946        |
|    learning_rate        | 4.4e-05      |
|    loss                 | 7.24         |
|    n_updates            | 6580         |
|    policy_gradient_loss | -0.00164     |
|    std                  | 0.0607       |
|    value_loss           | 18.2         |
------------------------------------------
Eval num_timesteps=25650000, episode_reward=3415.14 +/- 178.66
Episode length: 2000.00 +/- 0.00
-----------------------------------------
| eval/                   |             |
|    mean_ep_length       | 2e+03       |
|    mean_reward          | 3.42e+03    |
| time/                   |             |
|    total_timesteps      | 25650000    |
| train/                  |             |
|    approx_kl            | 0.005063555 |
|    clip_fraction        | 0.043       |
|    clip_range           | 0.2         |
|    entropy_loss         | 2.77        |
|    explained_variance   | 0.905       |
|    learning_rate        | 4.36e-05    |
|    loss                 | 11.2        |
|    n_updates            | 6590        |
|    policy_gradient_loss | -0.00105    |
|    std                  | 0.0606      |
|    value_loss           | 30.2        |
-----------------------------------------
---------------------------------
| rollout/           |          |
|    ep_len_mean     | 2e+03    |
|    ep_rew_mean     | 3.13e+03 |
| time/              |          |
|    fps             | 2729     |
|    iterations      | 660      |
|    time_elapsed    | 9409     |
|    total_timesteps | 25681920 |
---------------------------------
-----------------------------------------
| rollout/                |             |
|    ep_len_mean          | 2e+03       |
|    ep_rew_mean          | 3.13e+03    |
| time/                   |             |
|    fps                  | 2731        |
|    iterations           | 661         |
|    time_elapsed         | 9416        |
|    total_timesteps      | 25720832    |
| train/                  |             |
|    approx_kl            | 0.004252598 |
|    clip_fraction        | 0.0481      |
|    clip_range           | 0.2         |
|    entropy_loss         | 2.77        |
|    explained_variance   | 0.936       |
|    learning_rate        | 4.32e-05    |
|    loss                 | 8.21        |
|    n_updates            | 6600        |
|    policy_gradient_loss | -0.00114    |
|    std                  | 0.0607      |
|    value_loss           | 19.8        |
-----------------------------------------
------------------------------------------
| rollout/                |              |
|    ep_len_mean          | 1.97e+03     |
|    ep_rew_mean          | 3.08e+03     |
| time/                   |              |
|    fps                  | 2733         |
|    iterations           | 662          |
|    time_elapsed         | 9422         |
|    total_timesteps      | 25759744     |
| train/                  |              |
|    approx_kl            | 0.0037848435 |
|    clip_fraction        | 0.0307       |
|    clip_range           | 0.2          |
|    entropy_loss         | 2.76         |
|    explained_variance   | 0.907        |
|    learning_rate        | 4.28e-05     |
|    loss                 | 12.9         |
|    n_updates            | 6610         |
|    policy_gradient_loss | -0.000364    |
|    std                  | 0.0608       |
|    value_loss           | 32.3         |
------------------------------------------
------------------------------------------
| rollout/                |              |
|    ep_len_mean          | 1.97e+03     |
|    ep_rew_mean          | 3.07e+03     |
| time/                   |              |
|    fps                  | 2736         |
|    iterations           | 663          |
|    time_elapsed         | 9428         |
|    total_timesteps      | 25798656     |
| train/                  |              |
|    approx_kl            | 0.0047055166 |
|    clip_fraction        | 0.0429       |
|    clip_range           | 0.2          |
|    entropy_loss         | 2.76         |
|    explained_variance   | 0.93         |
|    learning_rate        | 4.24e-05     |
|    loss                 | 10.2         |
|    n_updates            | 6620         |
|    policy_gradient_loss | -0.00128     |
|    std                  | 0.061        |
|    value_loss           | 22           |
------------------------------------------
------------------------------------------
| rollout/                |              |
|    ep_len_mean          | 1.97e+03     |
|    ep_rew_mean          | 3.08e+03     |
| time/                   |              |
|    fps                  | 2738         |
|    iterations           | 664          |
|    time_elapsed         | 9435         |
|    total_timesteps      | 25837568     |
| train/                  |              |
|    approx_kl            | 0.0043050633 |
|    clip_fraction        | 0.0458       |
|    clip_range           | 0.2          |
|    entropy_loss         | 2.76         |
|    explained_variance   | 0.922        |
|    learning_rate        | 4.2e-05      |
|    loss                 | 4.61         |
|    n_updates            | 6630         |
|    policy_gradient_loss | -0.000964    |
|    std                  | 0.0609       |
|    value_loss           | 21.5         |
------------------------------------------
Eval num_timesteps=25840000, episode_reward=3419.34 +/- 184.72
Episode length: 2000.00 +/- 0.00
------------------------------------------
| eval/                   |              |
|    mean_ep_length       | 2e+03        |
|    mean_reward          | 3.42e+03     |
| time/                   |              |
|    total_timesteps      | 25840000     |
| train/                  |              |
|    approx_kl            | 0.0045993924 |
|    clip_fraction        | 0.0417       |
|    clip_range           | 0.2          |
|    entropy_loss         | 2.76         |
|    explained_variance   | 0.924        |
|    learning_rate        | 4.16e-05     |
|    loss                 | 2.68         |
|    n_updates            | 6640         |
|    policy_gradient_loss | -0.00127     |
|    std                  | 0.0608       |
|    value_loss           | 21.9         |
------------------------------------------
New best mean reward!
---------------------------------
| rollout/           |          |
|    ep_len_mean     | 1.97e+03 |
|    ep_rew_mean     | 3.09e+03 |
| time/              |          |
|    fps             | 2735     |
|    iterations      | 665      |
|    time_elapsed    | 9459     |
|    total_timesteps | 25876480 |
---------------------------------
------------------------------------------
| rollout/                |              |
|    ep_len_mean          | 1.96e+03     |
|    ep_rew_mean          | 3.05e+03     |
| time/                   |              |
|    fps                  | 2737         |
|    iterations           | 666          |
|    time_elapsed         | 9466         |
|    total_timesteps      | 25915392     |
| train/                  |              |
|    approx_kl            | 0.0051802746 |
|    clip_fraction        | 0.0395       |
|    clip_range           | 0.2          |
|    entropy_loss         | 2.76         |
|    explained_variance   | 0.93         |
|    learning_rate        | 4.12e-05     |
|    loss                 | 5.62         |
|    n_updates            | 6650         |
|    policy_gradient_loss | -0.00117     |
|    std                  | 0.0607       |
|    value_loss           | 20.3         |
------------------------------------------
------------------------------------------
| rollout/                |              |
|    ep_len_mean          | 1.97e+03     |
|    ep_rew_mean          | 3.08e+03     |
| time/                   |              |
|    fps                  | 2739         |
|    iterations           | 667          |
|    time_elapsed         | 9473         |
|    total_timesteps      | 25954304     |
| train/                  |              |
|    approx_kl            | 0.0042031202 |
|    clip_fraction        | 0.0337       |
|    clip_range           | 0.2          |
|    entropy_loss         | 2.77         |
|    explained_variance   | 0.938        |
|    learning_rate        | 4.08e-05     |
|    loss                 | 6.64         |
|    n_updates            | 6660         |
|    policy_gradient_loss | -0.00101     |
|    std                  | 0.0606       |
|    value_loss           | 22.4         |
------------------------------------------
------------------------------------------
| rollout/                |              |
|    ep_len_mean          | 1.98e+03     |
|    ep_rew_mean          | 3.1e+03      |
| time/                   |              |
|    fps                  | 2742         |
|    iterations           | 668          |
|    time_elapsed         | 9479         |
|    total_timesteps      | 25993216     |
| train/                  |              |
|    approx_kl            | 0.0048477342 |
|    clip_fraction        | 0.0481       |
|    clip_range           | 0.2          |
|    entropy_loss         | 2.77         |
|    explained_variance   | 0.938        |
|    learning_rate        | 4.05e-05     |
|    loss                 | 7.18         |
|    n_updates            | 6670         |
|    policy_gradient_loss | -0.00146     |
|    std                  | 0.0607       |
|    value_loss           | 22.5         |
------------------------------------------
Eval num_timesteps=26030000, episode_reward=3433.07 +/- 160.59
Episode length: 2000.00 +/- 0.00
------------------------------------------
| eval/                   |              |
|    mean_ep_length       | 2e+03        |
|    mean_reward          | 3.43e+03     |
| time/                   |              |
|    total_timesteps      | 26030000     |
| train/                  |              |
|    approx_kl            | 0.0051207813 |
|    clip_fraction        | 0.0569       |
|    clip_range           | 0.2          |
|    entropy_loss         | 2.77         |
|    explained_variance   | 0.933        |
|    learning_rate        | 4.01e-05     |
|    loss                 | 8.33         |
|    n_updates            | 6680         |
|    policy_gradient_loss | -0.002       |
|    std                  | 0.0605       |
|    value_loss           | 16.9         |
------------------------------------------
New best mean reward!
---------------------------------
| rollout/           |          |
|    ep_len_mean     | 1.98e+03 |
|    ep_rew_mean     | 3.12e+03 |
| time/              |          |
|    fps             | 2738     |
|    iterations      | 669      |
|    time_elapsed    | 9504     |
|    total_timesteps | 26032128 |
---------------------------------
------------------------------------------
| rollout/                |              |
|    ep_len_mean          | 1.98e+03     |
|    ep_rew_mean          | 3.09e+03     |
| time/                   |              |
|    fps                  | 2741         |
|    iterations           | 670          |
|    time_elapsed         | 9510         |
|    total_timesteps      | 26071040     |
| train/                  |              |
|    approx_kl            | 0.0049298233 |
|    clip_fraction        | 0.0433       |
|    clip_range           | 0.2          |
|    entropy_loss         | 2.77         |
|    explained_variance   | 0.922        |
|    learning_rate        | 3.97e-05     |
|    loss                 | 15.4         |
|    n_updates            | 6690         |
|    policy_gradient_loss | -0.00151     |
|    std                  | 0.0606       |
|    value_loss           | 18.8         |
------------------------------------------
-----------------------------------------
| rollout/                |             |
|    ep_len_mean          | 1.98e+03    |
|    ep_rew_mean          | 3.09e+03    |
| time/                   |             |
|    fps                  | 2743        |
|    iterations           | 671         |
|    time_elapsed         | 9517        |
|    total_timesteps      | 26109952    |
| train/                  |             |
|    approx_kl            | 0.004510502 |
|    clip_fraction        | 0.0397      |
|    clip_range           | 0.2         |
|    entropy_loss         | 2.77        |
|    explained_variance   | 0.919       |
|    learning_rate        | 3.93e-05    |
|    loss                 | 15.9        |
|    n_updates            | 6700        |
|    policy_gradient_loss | -0.00165    |
|    std                  | 0.0606      |
|    value_loss           | 29.5        |
-----------------------------------------
------------------------------------------
| rollout/                |              |
|    ep_len_mean          | 2e+03        |
|    ep_rew_mean          | 3.11e+03     |
| time/                   |              |
|    fps                  | 2745         |
|    iterations           | 672          |
|    time_elapsed         | 9524         |
|    total_timesteps      | 26148864     |
| train/                  |              |
|    approx_kl            | 0.0038947393 |
|    clip_fraction        | 0.0366       |
|    clip_range           | 0.2          |
|    entropy_loss         | 2.77         |
|    explained_variance   | 0.906        |
|    learning_rate        | 3.89e-05     |
|    loss                 | 9.34         |
|    n_updates            | 6710         |
|    policy_gradient_loss | -0.00101     |
|    std                  | 0.0608       |
|    value_loss           | 24.9         |
------------------------------------------
------------------------------------------
| rollout/                |              |
|    ep_len_mean          | 2e+03        |
|    ep_rew_mean          | 3.12e+03     |
| time/                   |              |
|    fps                  | 2747         |
|    iterations           | 673          |
|    time_elapsed         | 9530         |
|    total_timesteps      | 26187776     |
| train/                  |              |
|    approx_kl            | 0.0040669334 |
|    clip_fraction        | 0.0359       |
|    clip_range           | 0.2          |
|    entropy_loss         | 2.76         |
|    explained_variance   | 0.906        |
|    learning_rate        | 3.85e-05     |
|    loss                 | 14.8         |
|    n_updates            | 6720         |
|    policy_gradient_loss | -0.000957    |
|    std                  | 0.0609       |
|    value_loss           | 27.1         |
------------------------------------------
Eval num_timesteps=26220000, episode_reward=3411.55 +/- 202.89
Episode length: 2000.00 +/- 0.00
------------------------------------------
| eval/                   |              |
|    mean_ep_length       | 2e+03        |
|    mean_reward          | 3.41e+03     |
| time/                   |              |
|    total_timesteps      | 26220000     |
| train/                  |              |
|    approx_kl            | 0.0050304835 |
|    clip_fraction        | 0.0432       |
|    clip_range           | 0.2          |
|    entropy_loss         | 2.76         |
|    explained_variance   | 0.919        |
|    learning_rate        | 3.81e-05     |
|    loss                 | 11.2         |
|    n_updates            | 6730         |
|    policy_gradient_loss | -0.00112     |
|    std                  | 0.0609       |
|    value_loss           | 18.1         |
------------------------------------------
---------------------------------
| rollout/           |          |
|    ep_len_mean     | 2e+03    |
|    ep_rew_mean     | 3.13e+03 |
| time/              |          |
|    fps             | 2744     |
|    iterations      | 674      |
|    time_elapsed    | 9555     |
|    total_timesteps | 26226688 |
---------------------------------
------------------------------------------
| rollout/                |              |
|    ep_len_mean          | 2e+03        |
|    ep_rew_mean          | 3.14e+03     |
| time/                   |              |
|    fps                  | 2746         |
|    iterations           | 675          |
|    time_elapsed         | 9561         |
|    total_timesteps      | 26265600     |
| train/                  |              |
|    approx_kl            | 0.0051340894 |
|    clip_fraction        | 0.0413       |
|    clip_range           | 0.2          |
|    entropy_loss         | 2.76         |
|    explained_variance   | 0.932        |
|    learning_rate        | 3.77e-05     |
|    loss                 | 5.38         |
|    n_updates            | 6740         |
|    policy_gradient_loss | -0.00144     |
|    std                  | 0.061        |
|    value_loss           | 18.2         |
------------------------------------------
------------------------------------------
| rollout/                |              |
|    ep_len_mean          | 1.98e+03     |
|    ep_rew_mean          | 3.1e+03      |
| time/                   |              |
|    fps                  | 2749         |
|    iterations           | 676          |
|    time_elapsed         | 9568         |
|    total_timesteps      | 26304512     |
| train/                  |              |
|    approx_kl            | 0.0048191324 |
|    clip_fraction        | 0.0459       |
|    clip_range           | 0.2          |
|    entropy_loss         | 2.75         |
|    explained_variance   | 0.906        |
|    learning_rate        | 3.73e-05     |
|    loss                 | 13           |
|    n_updates            | 6750         |
|    policy_gradient_loss | -0.00148     |
|    std                  | 0.0612       |
|    value_loss           | 26.7         |
------------------------------------------
------------------------------------------
| rollout/                |              |
|    ep_len_mean          | 1.98e+03     |
|    ep_rew_mean          | 3.1e+03      |
| time/                   |              |
|    fps                  | 2751         |
|    iterations           | 677          |
|    time_elapsed         | 9574         |
|    total_timesteps      | 26343424     |
| train/                  |              |
|    approx_kl            | 0.0041683028 |
|    clip_fraction        | 0.0338       |
|    clip_range           | 0.2          |
|    entropy_loss         | 2.75         |
|    explained_variance   | 0.919        |
|    learning_rate        | 3.7e-05      |
|    loss                 | 14.8         |
|    n_updates            | 6760         |
|    policy_gradient_loss | -0.00169     |
|    std                  | 0.0613       |
|    value_loss           | 29.3         |
------------------------------------------
-----------------------------------------
| rollout/                |             |
|    ep_len_mean          | 1.98e+03    |
|    ep_rew_mean          | 3.11e+03    |
| time/                   |             |
|    fps                  | 2753        |
|    iterations           | 678         |
|    time_elapsed         | 9581        |
|    total_timesteps      | 26382336    |
| train/                  |             |
|    approx_kl            | 0.003293603 |
|    clip_fraction        | 0.0242      |
|    clip_range           | 0.2         |
|    entropy_loss         | 2.75        |
|    explained_variance   | 0.929       |
|    learning_rate        | 3.66e-05    |
|    loss                 | 12.8        |
|    n_updates            | 6770        |
|    policy_gradient_loss | -0.000576   |
|    std                  | 0.0613      |
|    value_loss           | 27.4        |
-----------------------------------------
Eval num_timesteps=26410000, episode_reward=3422.59 +/- 179.77
Episode length: 2000.00 +/- 0.00
------------------------------------------
| eval/                   |              |
|    mean_ep_length       | 2e+03        |
|    mean_reward          | 3.42e+03     |
| time/                   |              |
|    total_timesteps      | 26410000     |
| train/                  |              |
|    approx_kl            | 0.0039900606 |
|    clip_fraction        | 0.0341       |
|    clip_range           | 0.2          |
|    entropy_loss         | 2.75         |
|    explained_variance   | 0.931        |
|    learning_rate        | 3.62e-05     |
|    loss                 | 7.93         |
|    n_updates            | 6780         |
|    policy_gradient_loss | -0.00103     |
|    std                  | 0.0614       |
|    value_loss           | 18.5         |
------------------------------------------
---------------------------------
| rollout/           |          |
|    ep_len_mean     | 1.98e+03 |
|    ep_rew_mean     | 3.1e+03  |
| time/              |          |
|    fps             | 2750     |
|    iterations      | 679      |
|    time_elapsed    | 9606     |
|    total_timesteps | 26421248 |
---------------------------------
-----------------------------------------
| rollout/                |             |
|    ep_len_mean          | 1.98e+03    |
|    ep_rew_mean          | 3.1e+03     |
| time/                   |             |
|    fps                  | 2752        |
|    iterations           | 680         |
|    time_elapsed         | 9612        |
|    total_timesteps      | 26460160    |
| train/                  |             |
|    approx_kl            | 0.005119849 |
|    clip_fraction        | 0.0417      |
|    clip_range           | 0.2         |
|    entropy_loss         | 2.74        |
|    explained_variance   | 0.926       |
|    learning_rate        | 3.58e-05    |
|    loss                 | 7.08        |
|    n_updates            | 6790        |
|    policy_gradient_loss | -0.001      |
|    std                  | 0.0614      |
|    value_loss           | 19.4        |
-----------------------------------------
-----------------------------------------
| rollout/                |             |
|    ep_len_mean          | 2e+03       |
|    ep_rew_mean          | 3.14e+03    |
| time/                   |             |
|    fps                  | 2754        |
|    iterations           | 681         |
|    time_elapsed         | 9619        |
|    total_timesteps      | 26499072    |
| train/                  |             |
|    approx_kl            | 0.004363929 |
|    clip_fraction        | 0.0396      |
|    clip_range           | 0.2         |
|    entropy_loss         | 2.74        |
|    explained_variance   | 0.907       |
|    learning_rate        | 3.54e-05    |
|    loss                 | 7.76        |
|    n_updates            | 6800        |
|    policy_gradient_loss | -0.000627   |
|    std                  | 0.0614      |
|    value_loss           | 22.4        |
-----------------------------------------
-----------------------------------------
| rollout/                |             |
|    ep_len_mean          | 2e+03       |
|    ep_rew_mean          | 3.17e+03    |
| time/                   |             |
|    fps                  | 2756        |
|    iterations           | 682         |
|    time_elapsed         | 9625        |
|    total_timesteps      | 26537984    |
| train/                  |             |
|    approx_kl            | 0.005101723 |
|    clip_fraction        | 0.0446      |
|    clip_range           | 0.2         |
|    entropy_loss         | 2.74        |
|    explained_variance   | 0.931       |
|    learning_rate        | 3.5e-05     |
|    loss                 | 4.98        |
|    n_updates            | 6810        |
|    policy_gradient_loss | -0.00193    |
|    std                  | 0.0615      |
|    value_loss           | 17.2        |
-----------------------------------------
------------------------------------------
| rollout/                |              |
|    ep_len_mean          | 2e+03        |
|    ep_rew_mean          | 3.15e+03     |
| time/                   |              |
|    fps                  | 2759         |
|    iterations           | 683          |
|    time_elapsed         | 9632         |
|    total_timesteps      | 26576896     |
| train/                  |              |
|    approx_kl            | 0.0039067203 |
|    clip_fraction        | 0.0306       |
|    clip_range           | 0.2          |
|    entropy_loss         | 2.74         |
|    explained_variance   | 0.925        |
|    learning_rate        | 3.46e-05     |
|    loss                 | 10.3         |
|    n_updates            | 6820         |
|    policy_gradient_loss | -0.00117     |
|    std                  | 0.0615       |
|    value_loss           | 22.1         |
------------------------------------------
Eval num_timesteps=26600000, episode_reward=3376.64 +/- 231.10
Episode length: 2000.00 +/- 0.00
-----------------------------------------
| eval/                   |             |
|    mean_ep_length       | 2e+03       |
|    mean_reward          | 3.38e+03    |
| time/                   |             |
|    total_timesteps      | 26600000    |
| train/                  |             |
|    approx_kl            | 0.005014796 |
|    clip_fraction        | 0.0388      |
|    clip_range           | 0.2         |
|    entropy_loss         | 2.74        |
|    explained_variance   | 0.923       |
|    learning_rate        | 3.42e-05    |
|    loss                 | 12.3        |
|    n_updates            | 6830        |
|    policy_gradient_loss | -0.00103    |
|    std                  | 0.0616      |
|    value_loss           | 30.4        |
-----------------------------------------
---------------------------------
| rollout/           |          |
|    ep_len_mean     | 2e+03    |
|    ep_rew_mean     | 3.13e+03 |
| time/              |          |
|    fps             | 2756     |
|    iterations      | 684      |
|    time_elapsed    | 9657     |
|    total_timesteps | 26615808 |
---------------------------------
------------------------------------------
| rollout/                |              |
|    ep_len_mean          | 2e+03        |
|    ep_rew_mean          | 3.13e+03     |
| time/                   |              |
|    fps                  | 2758         |
|    iterations           | 685          |
|    time_elapsed         | 9663         |
|    total_timesteps      | 26654720     |
| train/                  |              |
|    approx_kl            | 0.0054646423 |
|    clip_fraction        | 0.044        |
|    clip_range           | 0.2          |
|    entropy_loss         | 2.74         |
|    explained_variance   | 0.903        |
|    learning_rate        | 3.38e-05     |
|    loss                 | 8.4          |
|    n_updates            | 6840         |
|    policy_gradient_loss | -0.00145     |
|    std                  | 0.0617       |
|    value_loss           | 26.1         |
------------------------------------------
-----------------------------------------
| rollout/                |             |
|    ep_len_mean          | 2e+03       |
|    ep_rew_mean          | 3.14e+03    |
| time/                   |             |
|    fps                  | 2760        |
|    iterations           | 686         |
|    time_elapsed         | 9670        |
|    total_timesteps      | 26693632    |
| train/                  |             |
|    approx_kl            | 0.004130334 |
|    clip_fraction        | 0.0358      |
|    clip_range           | 0.2         |
|    entropy_loss         | 2.73        |
|    explained_variance   | 0.929       |
|    learning_rate        | 3.35e-05    |
|    loss                 | 8.18        |
|    n_updates            | 6850        |
|    policy_gradient_loss | -0.000981   |
|    std                  | 0.0618      |
|    value_loss           | 17.5        |
-----------------------------------------
------------------------------------------
| rollout/                |              |
|    ep_len_mean          | 2e+03        |
|    ep_rew_mean          | 3.13e+03     |
| time/                   |              |
|    fps                  | 2762         |
|    iterations           | 687          |
|    time_elapsed         | 9676         |
|    total_timesteps      | 26732544     |
| train/                  |              |
|    approx_kl            | 0.0046565803 |
|    clip_fraction        | 0.0461       |
|    clip_range           | 0.2          |
|    entropy_loss         | 2.73         |
|    explained_variance   | 0.906        |
|    learning_rate        | 3.31e-05     |
|    loss                 | 10.1         |
|    n_updates            | 6860         |
|    policy_gradient_loss | -0.000949    |
|    std                  | 0.0617       |
|    value_loss           | 18.9         |
------------------------------------------
------------------------------------------
| rollout/                |              |
|    ep_len_mean          | 2e+03        |
|    ep_rew_mean          | 3.13e+03     |
| time/                   |              |
|    fps                  | 2764         |
|    iterations           | 688          |
|    time_elapsed         | 9683         |
|    total_timesteps      | 26771456     |
| train/                  |              |
|    approx_kl            | 0.0035386905 |
|    clip_fraction        | 0.0291       |
|    clip_range           | 0.2          |
|    entropy_loss         | 2.73         |
|    explained_variance   | 0.925        |
|    learning_rate        | 3.27e-05     |
|    loss                 | 9.24         |
|    n_updates            | 6870         |
|    policy_gradient_loss | -0.000383    |
|    std                  | 0.0619       |
|    value_loss           | 18.2         |
------------------------------------------
Eval num_timesteps=26790000, episode_reward=3400.10 +/- 215.82
Episode length: 2000.00 +/- 0.00
------------------------------------------
| eval/                   |              |
|    mean_ep_length       | 2e+03        |
|    mean_reward          | 3.4e+03      |
| time/                   |              |
|    total_timesteps      | 26790000     |
| train/                  |              |
|    approx_kl            | 0.0034440262 |
|    clip_fraction        | 0.031        |
|    clip_range           | 0.2          |
|    entropy_loss         | 2.73         |
|    explained_variance   | 0.922        |
|    learning_rate        | 3.23e-05     |
|    loss                 | 13.2         |
|    n_updates            | 6880         |
|    policy_gradient_loss | -0.000846    |
|    std                  | 0.0619       |
|    value_loss           | 17.3         |
------------------------------------------
---------------------------------
| rollout/           |          |
|    ep_len_mean     | 1.98e+03 |
|    ep_rew_mean     | 3.15e+03 |
| time/              |          |
|    fps             | 2761     |
|    iterations      | 689      |
|    time_elapsed    | 9708     |
|    total_timesteps | 26810368 |
---------------------------------
----------------------------------------
| rollout/                |            |
|    ep_len_mean          | 1.98e+03   |
|    ep_rew_mean          | 3.15e+03   |
| time/                   |            |
|    fps                  | 2763       |
|    iterations           | 690        |
|    time_elapsed         | 9714       |
|    total_timesteps      | 26849280   |
| train/                  |            |
|    approx_kl            | 0.00413936 |
|    clip_fraction        | 0.0328     |
|    clip_range           | 0.2        |
|    entropy_loss         | 2.72       |
|    explained_variance   | 0.92       |
|    learning_rate        | 3.19e-05   |
|    loss                 | 4.4        |
|    n_updates            | 6890       |
|    policy_gradient_loss | -0.00126   |
|    std                  | 0.0621     |
|    value_loss           | 18.5       |
----------------------------------------
------------------------------------------
| rollout/                |              |
|    ep_len_mean          | 1.98e+03     |
|    ep_rew_mean          | 3.16e+03     |
| time/                   |              |
|    fps                  | 2765         |
|    iterations           | 691          |
|    time_elapsed         | 9721         |
|    total_timesteps      | 26888192     |
| train/                  |              |
|    approx_kl            | 0.0046726223 |
|    clip_fraction        | 0.0348       |
|    clip_range           | 0.2          |
|    entropy_loss         | 2.72         |
|    explained_variance   | 0.912        |
|    learning_rate        | 3.15e-05     |
|    loss                 | 12.9         |
|    n_updates            | 6900         |
|    policy_gradient_loss | -0.00148     |
|    std                  | 0.0623       |
|    value_loss           | 22.7         |
------------------------------------------
-----------------------------------------
| rollout/                |             |
|    ep_len_mean          | 1.98e+03    |
|    ep_rew_mean          | 3.15e+03    |
| time/                   |             |
|    fps                  | 2768        |
|    iterations           | 692         |
|    time_elapsed         | 9727        |
|    total_timesteps      | 26927104    |
| train/                  |             |
|    approx_kl            | 0.004318799 |
|    clip_fraction        | 0.0438      |
|    clip_range           | 0.2         |
|    entropy_loss         | 2.71        |
|    explained_variance   | 0.92        |
|    learning_rate        | 3.11e-05    |
|    loss                 | 1.93        |
|    n_updates            | 6910        |
|    policy_gradient_loss | -0.000952   |
|    std                  | 0.0623      |
|    value_loss           | 15.1        |
-----------------------------------------
-----------------------------------------
| rollout/                |             |
|    ep_len_mean          | 1.97e+03    |
|    ep_rew_mean          | 3.12e+03    |
| time/                   |             |
|    fps                  | 2770        |
|    iterations           | 693         |
|    time_elapsed         | 9734        |
|    total_timesteps      | 26966016    |
| train/                  |             |
|    approx_kl            | 0.003926992 |
|    clip_fraction        | 0.0314      |
|    clip_range           | 0.2         |
|    entropy_loss         | 2.71        |
|    explained_variance   | 0.928       |
|    learning_rate        | 3.07e-05    |
|    loss                 | 10.8        |
|    n_updates            | 6920        |
|    policy_gradient_loss | -0.00134    |
|    std                  | 0.0623      |
|    value_loss           | 26.3        |
-----------------------------------------
Eval num_timesteps=26980000, episode_reward=3375.34 +/- 233.16
Episode length: 2000.00 +/- 0.00
------------------------------------------
| eval/                   |              |
|    mean_ep_length       | 2e+03        |
|    mean_reward          | 3.38e+03     |
| time/                   |              |
|    total_timesteps      | 26980000     |
| train/                  |              |
|    approx_kl            | 0.0042644646 |
|    clip_fraction        | 0.0319       |
|    clip_range           | 0.2          |
|    entropy_loss         | 2.71         |
|    explained_variance   | 0.933        |
|    learning_rate        | 3.03e-05     |
|    loss                 | 17.8         |
|    n_updates            | 6930         |
|    policy_gradient_loss | -0.0014      |
|    std                  | 0.0624       |
|    value_loss           | 23.8         |
------------------------------------------
---------------------------------
| rollout/           |          |
|    ep_len_mean     | 1.99e+03 |
|    ep_rew_mean     | 3.12e+03 |
| time/              |          |
|    fps             | 2767     |
|    iterations      | 694      |
|    time_elapsed    | 9759     |
|    total_timesteps | 27004928 |
---------------------------------
------------------------------------------
| rollout/                |              |
|    ep_len_mean          | 1.99e+03     |
|    ep_rew_mean          | 3.11e+03     |
| time/                   |              |
|    fps                  | 2769         |
|    iterations           | 695          |
|    time_elapsed         | 9765         |
|    total_timesteps      | 27043840     |
| train/                  |              |
|    approx_kl            | 0.0038650157 |
|    clip_fraction        | 0.0308       |
|    clip_range           | 0.2          |
|    entropy_loss         | 2.71         |
|    explained_variance   | 0.931        |
|    learning_rate        | 3e-05        |
|    loss                 | 14.9         |
|    n_updates            | 6940         |
|    policy_gradient_loss | -0.00101     |
|    std                  | 0.0625       |
|    value_loss           | 19           |
------------------------------------------
------------------------------------------
| rollout/                |              |
|    ep_len_mean          | 1.99e+03     |
|    ep_rew_mean          | 3.11e+03     |
| time/                   |              |
|    fps                  | 2771         |
|    iterations           | 696          |
|    time_elapsed         | 9772         |
|    total_timesteps      | 27082752     |
| train/                  |              |
|    approx_kl            | 0.0041246344 |
|    clip_fraction        | 0.0311       |
|    clip_range           | 0.2          |
|    entropy_loss         | 2.71         |
|    explained_variance   | 0.922        |
|    learning_rate        | 2.96e-05     |
|    loss                 | 15.5         |
|    n_updates            | 6950         |
|    policy_gradient_loss | -0.00098     |
|    std                  | 0.0624       |
|    value_loss           | 21           |
------------------------------------------
----------------------------------------
| rollout/                |            |
|    ep_len_mean          | 1.99e+03   |
|    ep_rew_mean          | 3.12e+03   |
| time/                   |            |
|    fps                  | 2773       |
|    iterations           | 697        |
|    time_elapsed         | 9779       |
|    total_timesteps      | 27121664   |
| train/                  |            |
|    approx_kl            | 0.00398396 |
|    clip_fraction        | 0.0459     |
|    clip_range           | 0.2        |
|    entropy_loss         | 2.71       |
|    explained_variance   | 0.912      |
|    learning_rate        | 2.92e-05   |
|    loss                 | 9.25       |
|    n_updates            | 6960       |
|    policy_gradient_loss | -0.00149   |
|    std                  | 0.0625     |
|    value_loss           | 18         |
----------------------------------------
------------------------------------------
| rollout/                |              |
|    ep_len_mean          | 1.98e+03     |
|    ep_rew_mean          | 3.11e+03     |
| time/                   |              |
|    fps                  | 2775         |
|    iterations           | 698          |
|    time_elapsed         | 9785         |
|    total_timesteps      | 27160576     |
| train/                  |              |
|    approx_kl            | 0.0039902036 |
|    clip_fraction        | 0.0304       |
|    clip_range           | 0.2          |
|    entropy_loss         | 2.71         |
|    explained_variance   | 0.928        |
|    learning_rate        | 2.88e-05     |
|    loss                 | 13.7         |
|    n_updates            | 6970         |
|    policy_gradient_loss | -0.00148     |
|    std                  | 0.0625       |
|    value_loss           | 17.2         |
------------------------------------------
Eval num_timesteps=27170000, episode_reward=3395.26 +/- 200.35
Episode length: 2000.00 +/- 0.00
------------------------------------------
| eval/                   |              |
|    mean_ep_length       | 2e+03        |
|    mean_reward          | 3.4e+03      |
| time/                   |              |
|    total_timesteps      | 27170000     |
| train/                  |              |
|    approx_kl            | 0.0040756105 |
|    clip_fraction        | 0.0332       |
|    clip_range           | 0.2          |
|    entropy_loss         | 2.71         |
|    explained_variance   | 0.927        |
|    learning_rate        | 2.84e-05     |
|    loss                 | 10.9         |
|    n_updates            | 6980         |
|    policy_gradient_loss | -0.00148     |
|    std                  | 0.0625       |
|    value_loss           | 20.9         |
------------------------------------------
---------------------------------
| rollout/           |          |
|    ep_len_mean     | 1.98e+03 |
|    ep_rew_mean     | 3.11e+03 |
| time/              |          |
|    fps             | 2772     |
|    iterations      | 699      |
|    time_elapsed    | 9810     |
|    total_timesteps | 27199488 |
---------------------------------
------------------------------------------
| rollout/                |              |
|    ep_len_mean          | 1.98e+03     |
|    ep_rew_mean          | 3.11e+03     |
| time/                   |              |
|    fps                  | 2774         |
|    iterations           | 700          |
|    time_elapsed         | 9817         |
|    total_timesteps      | 27238400     |
| train/                  |              |
|    approx_kl            | 0.0039819498 |
|    clip_fraction        | 0.0276       |
|    clip_range           | 0.2          |
|    entropy_loss         | 2.71         |
|    explained_variance   | 0.905        |
|    learning_rate        | 2.8e-05      |
|    loss                 | 9.84         |
|    n_updates            | 6990         |
|    policy_gradient_loss | -0.000673    |
|    std                  | 0.0626       |
|    value_loss           | 26.5         |
------------------------------------------
------------------------------------------
| rollout/                |              |
|    ep_len_mean          | 1.98e+03     |
|    ep_rew_mean          | 3.12e+03     |
| time/                   |              |
|    fps                  | 2776         |
|    iterations           | 701          |
|    time_elapsed         | 9823         |
|    total_timesteps      | 27277312     |
| train/                  |              |
|    approx_kl            | 0.0048703323 |
|    clip_fraction        | 0.0444       |
|    clip_range           | 0.2          |
|    entropy_loss         | 2.7          |
|    explained_variance   | 0.923        |
|    learning_rate        | 2.76e-05     |
|    loss                 | 3.67         |
|    n_updates            | 7000         |
|    policy_gradient_loss | -0.00205     |
|    std                  | 0.0626       |
|    value_loss           | 19           |
------------------------------------------
------------------------------------------
| rollout/                |              |
|    ep_len_mean          | 1.98e+03     |
|    ep_rew_mean          | 3.12e+03     |
| time/                   |              |
|    fps                  | 2778         |
|    iterations           | 702          |
|    time_elapsed         | 9829         |
|    total_timesteps      | 27316224     |
| train/                  |              |
|    approx_kl            | 0.0050956486 |
|    clip_fraction        | 0.0375       |
|    clip_range           | 0.2          |
|    entropy_loss         | 2.71         |
|    explained_variance   | 0.928        |
|    learning_rate        | 2.72e-05     |
|    loss                 | 7.69         |
|    n_updates            | 7010         |
|    policy_gradient_loss | -0.00122     |
|    std                  | 0.0625       |
|    value_loss           | 18.5         |
------------------------------------------
------------------------------------------
| rollout/                |              |
|    ep_len_mean          | 2e+03        |
|    ep_rew_mean          | 3.14e+03     |
| time/                   |              |
|    fps                  | 2780         |
|    iterations           | 703          |
|    time_elapsed         | 9836         |
|    total_timesteps      | 27355136     |
| train/                  |              |
|    approx_kl            | 0.0044885413 |
|    clip_fraction        | 0.0384       |
|    clip_range           | 0.2          |
|    entropy_loss         | 2.7          |
|    explained_variance   | 0.899        |
|    learning_rate        | 2.68e-05     |
|    loss                 | 8.99         |
|    n_updates            | 7020         |
|    policy_gradient_loss | -0.00143     |
|    std                  | 0.0627       |
|    value_loss           | 28.4         |
------------------------------------------
Eval num_timesteps=27360000, episode_reward=3396.71 +/- 202.19
Episode length: 2000.00 +/- 0.00
------------------------------------------
| eval/                   |              |
|    mean_ep_length       | 2e+03        |
|    mean_reward          | 3.4e+03      |
| time/                   |              |
|    total_timesteps      | 27360000     |
| train/                  |              |
|    approx_kl            | 0.0047517377 |
|    clip_fraction        | 0.037        |
|    clip_range           | 0.2          |
|    entropy_loss         | 2.7          |
|    explained_variance   | 0.923        |
|    learning_rate        | 2.64e-05     |
|    loss                 | 5.15         |
|    n_updates            | 7030         |
|    policy_gradient_loss | -0.00148     |
|    std                  | 0.0628       |
|    value_loss           | 19.2         |
------------------------------------------
---------------------------------
| rollout/           |          |
|    ep_len_mean     | 2e+03    |
|    ep_rew_mean     | 3.15e+03 |
| time/              |          |
|    fps             | 2777     |
|    iterations      | 704      |
|    time_elapsed    | 9861     |
|    total_timesteps | 27394048 |
---------------------------------
------------------------------------------
| rollout/                |              |
|    ep_len_mean          | 2e+03        |
|    ep_rew_mean          | 3.17e+03     |
| time/                   |              |
|    fps                  | 2779         |
|    iterations           | 705          |
|    time_elapsed         | 9868         |
|    total_timesteps      | 27432960     |
| train/                  |              |
|    approx_kl            | 0.0033017374 |
|    clip_fraction        | 0.0185       |
|    clip_range           | 0.2          |
|    entropy_loss         | 2.7          |
|    explained_variance   | 0.928        |
|    learning_rate        | 2.61e-05     |
|    loss                 | 7.03         |
|    n_updates            | 7040         |
|    policy_gradient_loss | -0.000795    |
|    std                  | 0.0628       |
|    value_loss           | 23.6         |
------------------------------------------
------------------------------------------
| rollout/                |              |
|    ep_len_mean          | 2e+03        |
|    ep_rew_mean          | 3.16e+03     |
| time/                   |              |
|    fps                  | 2782         |
|    iterations           | 706          |
|    time_elapsed         | 9874         |
|    total_timesteps      | 27471872     |
| train/                  |              |
|    approx_kl            | 0.0044301176 |
|    clip_fraction        | 0.0455       |
|    clip_range           | 0.2          |
|    entropy_loss         | 2.7          |
|    explained_variance   | 0.916        |
|    learning_rate        | 2.57e-05     |
|    loss                 | 8.44         |
|    n_updates            | 7050         |
|    policy_gradient_loss | -0.00133     |
|    std                  | 0.0628       |
|    value_loss           | 20.6         |
------------------------------------------
-----------------------------------------
| rollout/                |             |
|    ep_len_mean          | 2e+03       |
|    ep_rew_mean          | 3.16e+03    |
| time/                   |             |
|    fps                  | 2784        |
|    iterations           | 707         |
|    time_elapsed         | 9881        |
|    total_timesteps      | 27510784    |
| train/                  |             |
|    approx_kl            | 0.004686475 |
|    clip_fraction        | 0.0339      |
|    clip_range           | 0.2         |
|    entropy_loss         | 2.7         |
|    explained_variance   | 0.902       |
|    learning_rate        | 2.53e-05    |
|    loss                 | 15.3        |
|    n_updates            | 7060        |
|    policy_gradient_loss | -0.00145    |
|    std                  | 0.0629      |
|    value_loss           | 22.5        |
-----------------------------------------
------------------------------------------
| rollout/                |              |
|    ep_len_mean          | 2e+03        |
|    ep_rew_mean          | 3.16e+03     |
| time/                   |              |
|    fps                  | 2786         |
|    iterations           | 708          |
|    time_elapsed         | 9887         |
|    total_timesteps      | 27549696     |
| train/                  |              |
|    approx_kl            | 0.0041110804 |
|    clip_fraction        | 0.0308       |
|    clip_range           | 0.2          |
|    entropy_loss         | 2.69         |
|    explained_variance   | 0.908        |
|    learning_rate        | 2.49e-05     |
|    loss                 | 5.28         |
|    n_updates            | 7070         |
|    policy_gradient_loss | -0.00119     |
|    std                  | 0.063        |
|    value_loss           | 25.7         |
------------------------------------------
Eval num_timesteps=27550000, episode_reward=3405.18 +/- 195.72
Episode length: 2000.00 +/- 0.00
-----------------------------------------
| eval/                   |             |
|    mean_ep_length       | 2e+03       |
|    mean_reward          | 3.41e+03    |
| time/                   |             |
|    total_timesteps      | 27550000    |
| train/                  |             |
|    approx_kl            | 0.004708562 |
|    clip_fraction        | 0.0376      |
|    clip_range           | 0.2         |
|    entropy_loss         | 2.69        |
|    explained_variance   | 0.908       |
|    learning_rate        | 2.45e-05    |
|    loss                 | 8.15        |
|    n_updates            | 7080        |
|    policy_gradient_loss | -0.00166    |
|    std                  | 0.063       |
|    value_loss           | 24.1        |
-----------------------------------------
---------------------------------
| rollout/           |          |
|    ep_len_mean     | 2e+03    |
|    ep_rew_mean     | 3.16e+03 |
| time/              |          |
|    fps             | 2783     |
|    iterations      | 709      |
|    time_elapsed    | 9912     |
|    total_timesteps | 27588608 |
---------------------------------
-----------------------------------------
| rollout/                |             |
|    ep_len_mean          | 2e+03       |
|    ep_rew_mean          | 3.14e+03    |
| time/                   |             |
|    fps                  | 2785        |
|    iterations           | 710         |
|    time_elapsed         | 9918        |
|    total_timesteps      | 27627520    |
| train/                  |             |
|    approx_kl            | 0.004915276 |
|    clip_fraction        | 0.0298      |
|    clip_range           | 0.2         |
|    entropy_loss         | 2.69        |
|    explained_variance   | 0.911       |
|    learning_rate        | 2.41e-05    |
|    loss                 | 21.8        |
|    n_updates            | 7090        |
|    policy_gradient_loss | -0.00116    |
|    std                  | 0.0631      |
|    value_loss           | 24.5        |
-----------------------------------------
------------------------------------------
| rollout/                |              |
|    ep_len_mean          | 2e+03        |
|    ep_rew_mean          | 3.12e+03     |
| time/                   |              |
|    fps                  | 2787         |
|    iterations           | 711          |
|    time_elapsed         | 9925         |
|    total_timesteps      | 27666432     |
| train/                  |              |
|    approx_kl            | 0.0048241722 |
|    clip_fraction        | 0.038        |
|    clip_range           | 0.2          |
|    entropy_loss         | 2.69         |
|    explained_variance   | 0.926        |
|    learning_rate        | 2.37e-05     |
|    loss                 | 8.03         |
|    n_updates            | 7100         |
|    policy_gradient_loss | -0.0014      |
|    std                  | 0.063        |
|    value_loss           | 22.5         |
------------------------------------------
------------------------------------------
| rollout/                |              |
|    ep_len_mean          | 2e+03        |
|    ep_rew_mean          | 3.12e+03     |
| time/                   |              |
|    fps                  | 2789         |
|    iterations           | 712          |
|    time_elapsed         | 9931         |
|    total_timesteps      | 27705344     |
| train/                  |              |
|    approx_kl            | 0.0037336354 |
|    clip_fraction        | 0.0313       |
|    clip_range           | 0.2          |
|    entropy_loss         | 2.69         |
|    explained_variance   | 0.934        |
|    learning_rate        | 2.33e-05     |
|    loss                 | 10.1         |
|    n_updates            | 7110         |
|    policy_gradient_loss | -0.00179     |
|    std                  | 0.063        |
|    value_loss           | 21.4         |
------------------------------------------
Eval num_timesteps=27740000, episode_reward=3456.70 +/- 159.96
Episode length: 2000.00 +/- 0.00
------------------------------------------
| eval/                   |              |
|    mean_ep_length       | 2e+03        |
|    mean_reward          | 3.46e+03     |
| time/                   |              |
|    total_timesteps      | 27740000     |
| train/                  |              |
|    approx_kl            | 0.0031482826 |
|    clip_fraction        | 0.0231       |
|    clip_range           | 0.2          |
|    entropy_loss         | 2.69         |
|    explained_variance   | 0.91         |
|    learning_rate        | 2.29e-05     |
|    loss                 | 5.38         |
|    n_updates            | 7120         |
|    policy_gradient_loss | -0.00108     |
|    std                  | 0.0631       |
|    value_loss           | 20.3         |
------------------------------------------
New best mean reward!
---------------------------------
| rollout/           |          |
|    ep_len_mean     | 1.98e+03 |
|    ep_rew_mean     | 3.08e+03 |
| time/              |          |
|    fps             | 2786     |
|    iterations      | 713      |
|    time_elapsed    | 9956     |
|    total_timesteps | 27744256 |
---------------------------------
------------------------------------------
| rollout/                |              |
|    ep_len_mean          | 1.98e+03     |
|    ep_rew_mean          | 3.08e+03     |
| time/                   |              |
|    fps                  | 2788         |
|    iterations           | 714          |
|    time_elapsed         | 9963         |
|    total_timesteps      | 27783168     |
| train/                  |              |
|    approx_kl            | 0.0030991717 |
|    clip_fraction        | 0.0192       |
|    clip_range           | 0.2          |
|    entropy_loss         | 2.69         |
|    explained_variance   | 0.918        |
|    learning_rate        | 2.26e-05     |
|    loss                 | 14.4         |
|    n_updates            | 7130         |
|    policy_gradient_loss | -0.00116     |
|    std                  | 0.063        |
|    value_loss           | 29.1         |
------------------------------------------
------------------------------------------
| rollout/                |              |
|    ep_len_mean          | 1.98e+03     |
|    ep_rew_mean          | 3.1e+03      |
| time/                   |              |
|    fps                  | 2790         |
|    iterations           | 715          |
|    time_elapsed         | 9969         |
|    total_timesteps      | 27822080     |
| train/                  |              |
|    approx_kl            | 0.0047270455 |
|    clip_fraction        | 0.0415       |
|    clip_range           | 0.2          |
|    entropy_loss         | 2.69         |
|    explained_variance   | 0.91         |
|    learning_rate        | 2.22e-05     |
|    loss                 | 6.96         |
|    n_updates            | 7140         |
|    policy_gradient_loss | -0.00162     |
|    std                  | 0.0632       |
|    value_loss           | 19.5         |
------------------------------------------
------------------------------------------
| rollout/                |              |
|    ep_len_mean          | 1.96e+03     |
|    ep_rew_mean          | 3.07e+03     |
| time/                   |              |
|    fps                  | 2792         |
|    iterations           | 716          |
|    time_elapsed         | 9976         |
|    total_timesteps      | 27860992     |
| train/                  |              |
|    approx_kl            | 0.0047734864 |
|    clip_fraction        | 0.0422       |
|    clip_range           | 0.2          |
|    entropy_loss         | 2.69         |
|    explained_variance   | 0.926        |
|    learning_rate        | 2.18e-05     |
|    loss                 | 7.43         |
|    n_updates            | 7150         |
|    policy_gradient_loss | -0.00171     |
|    std                  | 0.0631       |
|    value_loss           | 22.1         |
------------------------------------------
-----------------------------------------
| rollout/                |             |
|    ep_len_mean          | 1.96e+03    |
|    ep_rew_mean          | 3.06e+03    |
| time/                   |             |
|    fps                  | 2794        |
|    iterations           | 717         |
|    time_elapsed         | 9982        |
|    total_timesteps      | 27899904    |
| train/                  |             |
|    approx_kl            | 0.004116783 |
|    clip_fraction        | 0.0303      |
|    clip_range           | 0.2         |
|    entropy_loss         | 2.69        |
|    explained_variance   | 0.914       |
|    learning_rate        | 2.14e-05    |
|    loss                 | 6.68        |
|    n_updates            | 7160        |
|    policy_gradient_loss | -0.00184    |
|    std                  | 0.0632      |
|    value_loss           | 26.4        |
-----------------------------------------
Eval num_timesteps=27930000, episode_reward=3457.54 +/- 151.71
Episode length: 2000.00 +/- 0.00
------------------------------------------
| eval/                   |              |
|    mean_ep_length       | 2e+03        |
|    mean_reward          | 3.46e+03     |
| time/                   |              |
|    total_timesteps      | 27930000     |
| train/                  |              |
|    approx_kl            | 0.0041710855 |
|    clip_fraction        | 0.0371       |
|    clip_range           | 0.2          |
|    entropy_loss         | 2.69         |
|    explained_variance   | 0.912        |
|    learning_rate        | 2.1e-05      |
|    loss                 | 8.54         |
|    n_updates            | 7170         |
|    policy_gradient_loss | -0.00149     |
|    std                  | 0.0632       |
|    value_loss           | 23.8         |
------------------------------------------
New best mean reward!
---------------------------------
| rollout/           |          |
|    ep_len_mean     | 1.98e+03 |
|    ep_rew_mean     | 3.11e+03 |
| time/              |          |
|    fps             | 2791     |
|    iterations      | 718      |
|    time_elapsed    | 10007    |
|    total_timesteps | 27938816 |
---------------------------------
------------------------------------------
| rollout/                |              |
|    ep_len_mean          | 1.98e+03     |
|    ep_rew_mean          | 3.12e+03     |
| time/                   |              |
|    fps                  | 2793         |
|    iterations           | 719          |
|    time_elapsed         | 10014        |
|    total_timesteps      | 27977728     |
| train/                  |              |
|    approx_kl            | 0.0041566035 |
|    clip_fraction        | 0.0297       |
|    clip_range           | 0.2          |
|    entropy_loss         | 2.69         |
|    explained_variance   | 0.918        |
|    learning_rate        | 2.06e-05     |
|    loss                 | 5.62         |
|    n_updates            | 7180         |
|    policy_gradient_loss | -0.00122     |
|    std                  | 0.0632       |
|    value_loss           | 20.7         |
------------------------------------------
------------------------------------------
| rollout/                |              |
|    ep_len_mean          | 1.98e+03     |
|    ep_rew_mean          | 3.11e+03     |
| time/                   |              |
|    fps                  | 2795         |
|    iterations           | 720          |
|    time_elapsed         | 10020        |
|    total_timesteps      | 28016640     |
| train/                  |              |
|    approx_kl            | 0.0033424117 |
|    clip_fraction        | 0.0205       |
|    clip_range           | 0.2          |
|    entropy_loss         | 2.68         |
|    explained_variance   | 0.913        |
|    learning_rate        | 2.02e-05     |
|    loss                 | 11.8         |
|    n_updates            | 7190         |
|    policy_gradient_loss | -0.00108     |
|    std                  | 0.0633       |
|    value_loss           | 21.4         |
------------------------------------------
------------------------------------------
| rollout/                |              |
|    ep_len_mean          | 2e+03        |
|    ep_rew_mean          | 3.12e+03     |
| time/                   |              |
|    fps                  | 2797         |
|    iterations           | 721          |
|    time_elapsed         | 10027        |
|    total_timesteps      | 28055552     |
| train/                  |              |
|    approx_kl            | 0.0026659388 |
|    clip_fraction        | 0.0201       |
|    clip_range           | 0.2          |
|    entropy_loss         | 2.68         |
|    explained_variance   | 0.913        |
|    learning_rate        | 1.98e-05     |
|    loss                 | 16.8         |
|    n_updates            | 7200         |
|    policy_gradient_loss | -0.0011      |
|    std                  | 0.0633       |
|    value_loss           | 29.4         |
------------------------------------------
------------------------------------------
| rollout/                |              |
|    ep_len_mean          | 2e+03        |
|    ep_rew_mean          | 3.14e+03     |
| time/                   |              |
|    fps                  | 2799         |
|    iterations           | 722          |
|    time_elapsed         | 10034        |
|    total_timesteps      | 28094464     |
| train/                  |              |
|    approx_kl            | 0.0032334428 |
|    clip_fraction        | 0.0191       |
|    clip_range           | 0.2          |
|    entropy_loss         | 2.68         |
|    explained_variance   | 0.906        |
|    learning_rate        | 1.94e-05     |
|    loss                 | 25.7         |
|    n_updates            | 7210         |
|    policy_gradient_loss | -0.000712    |
|    std                  | 0.0634       |
|    value_loss           | 27.6         |
------------------------------------------
Eval num_timesteps=28120000, episode_reward=3444.60 +/- 144.44
Episode length: 2000.00 +/- 0.00
------------------------------------------
| eval/                   |              |
|    mean_ep_length       | 2e+03        |
|    mean_reward          | 3.44e+03     |
| time/                   |              |
|    total_timesteps      | 28120000     |
| train/                  |              |
|    approx_kl            | 0.0042082793 |
|    clip_fraction        | 0.0293       |
|    clip_range           | 0.2          |
|    entropy_loss         | 2.68         |
|    explained_variance   | 0.885        |
|    learning_rate        | 1.91e-05     |
|    loss                 | 11           |
|    n_updates            | 7220         |
|    policy_gradient_loss | -0.00101     |
|    std                  | 0.0634       |
|    value_loss           | 21.4         |
------------------------------------------
---------------------------------
| rollout/           |          |
|    ep_len_mean     | 1.98e+03 |
|    ep_rew_mean     | 3.09e+03 |
| time/              |          |
|    fps             | 2796     |
|    iterations      | 723      |
|    time_elapsed    | 10058    |
|    total_timesteps | 28133376 |
---------------------------------
------------------------------------------
| rollout/                |              |
|    ep_len_mean          | 1.98e+03     |
|    ep_rew_mean          | 3.1e+03      |
| time/                   |              |
|    fps                  | 2798         |
|    iterations           | 724          |
|    time_elapsed         | 10065        |
|    total_timesteps      | 28172288     |
| train/                  |              |
|    approx_kl            | 0.0035627736 |
|    clip_fraction        | 0.022        |
|    clip_range           | 0.2          |
|    entropy_loss         | 2.68         |
|    explained_variance   | 0.913        |
|    learning_rate        | 1.87e-05     |
|    loss                 | 17.4         |
|    n_updates            | 7230         |
|    policy_gradient_loss | -0.00112     |
|    std                  | 0.0634       |
|    value_loss           | 27.4         |
------------------------------------------
-----------------------------------------
| rollout/                |             |
|    ep_len_mean          | 1.96e+03    |
|    ep_rew_mean          | 3.07e+03    |
| time/                   |             |
|    fps                  | 2801        |
|    iterations           | 725         |
|    time_elapsed         | 10071       |
|    total_timesteps      | 28211200    |
| train/                  |             |
|    approx_kl            | 0.004010096 |
|    clip_fraction        | 0.0275      |
|    clip_range           | 0.2         |
|    entropy_loss         | 2.68        |
|    explained_variance   | 0.934       |
|    learning_rate        | 1.83e-05    |
|    loss                 | 7.2         |
|    n_updates            | 7240        |
|    policy_gradient_loss | -0.00092    |
|    std                  | 0.0634      |
|    value_loss           | 18.3        |
-----------------------------------------
------------------------------------------
| rollout/                |              |
|    ep_len_mean          | 1.95e+03     |
|    ep_rew_mean          | 3.07e+03     |
| time/                   |              |
|    fps                  | 2803         |
|    iterations           | 726          |
|    time_elapsed         | 10078        |
|    total_timesteps      | 28250112     |
| train/                  |              |
|    approx_kl            | 0.0034520035 |
|    clip_fraction        | 0.0234       |
|    clip_range           | 0.2          |
|    entropy_loss         | 2.68         |
|    explained_variance   | 0.913        |
|    learning_rate        | 1.79e-05     |
|    loss                 | 16.2         |
|    n_updates            | 7250         |
|    policy_gradient_loss | -0.00127     |
|    std                  | 0.0634       |
|    value_loss           | 21.8         |
------------------------------------------
------------------------------------------
| rollout/                |              |
|    ep_len_mean          | 1.95e+03     |
|    ep_rew_mean          | 3.08e+03     |
| time/                   |              |
|    fps                  | 2805         |
|    iterations           | 727          |
|    time_elapsed         | 10084        |
|    total_timesteps      | 28289024     |
| train/                  |              |
|    approx_kl            | 0.0038126393 |
|    clip_fraction        | 0.0272       |
|    clip_range           | 0.2          |
|    entropy_loss         | 2.68         |
|    explained_variance   | 0.952        |
|    learning_rate        | 1.75e-05     |
|    loss                 | 4.36         |
|    n_updates            | 7260         |
|    policy_gradient_loss | -0.00147     |
|    std                  | 0.0635       |
|    value_loss           | 17.5         |
------------------------------------------
Eval num_timesteps=28310000, episode_reward=3443.92 +/- 140.45
Episode length: 2000.00 +/- 0.00
------------------------------------------
| eval/                   |              |
|    mean_ep_length       | 2e+03        |
|    mean_reward          | 3.44e+03     |
| time/                   |              |
|    total_timesteps      | 28310000     |
| train/                  |              |
|    approx_kl            | 0.0033584912 |
|    clip_fraction        | 0.0166       |
|    clip_range           | 0.2          |
|    entropy_loss         | 2.68         |
|    explained_variance   | 0.922        |
|    learning_rate        | 1.71e-05     |
|    loss                 | 27.8         |
|    n_updates            | 7270         |
|    policy_gradient_loss | -0.000806    |
|    std                  | 0.0635       |
|    value_loss           | 25.3         |
------------------------------------------
---------------------------------
| rollout/           |          |
|    ep_len_mean     | 1.96e+03 |
|    ep_rew_mean     | 3.1e+03  |
| time/              |          |
|    fps             | 2802     |
|    iterations      | 728      |
|    time_elapsed    | 10109    |
|    total_timesteps | 28327936 |
---------------------------------
------------------------------------------
| rollout/                |              |
|    ep_len_mean          | 1.96e+03     |
|    ep_rew_mean          | 3.11e+03     |
| time/                   |              |
|    fps                  | 2804         |
|    iterations           | 729          |
|    time_elapsed         | 10115        |
|    total_timesteps      | 28366848     |
| train/                  |              |
|    approx_kl            | 0.0039937333 |
|    clip_fraction        | 0.0264       |
|    clip_range           | 0.2          |
|    entropy_loss         | 2.68         |
|    explained_variance   | 0.907        |
|    learning_rate        | 1.67e-05     |
|    loss                 | 15.3         |
|    n_updates            | 7280         |
|    policy_gradient_loss | -0.000979    |
|    std                  | 0.0636       |
|    value_loss           | 26           |
------------------------------------------
------------------------------------------
| rollout/                |              |
|    ep_len_mean          | 1.96e+03     |
|    ep_rew_mean          | 3.11e+03     |
| time/                   |              |
|    fps                  | 2806         |
|    iterations           | 730          |
|    time_elapsed         | 10122        |
|    total_timesteps      | 28405760     |
| train/                  |              |
|    approx_kl            | 0.0025648167 |
|    clip_fraction        | 0.0118       |
|    clip_range           | 0.2          |
|    entropy_loss         | 2.67         |
|    explained_variance   | 0.915        |
|    learning_rate        | 1.63e-05     |
|    loss                 | 16           |
|    n_updates            | 7290         |
|    policy_gradient_loss | -0.000603    |
|    std                  | 0.0636       |
|    value_loss           | 28.6         |
------------------------------------------
------------------------------------------
| rollout/                |              |
|    ep_len_mean          | 1.98e+03     |
|    ep_rew_mean          | 3.14e+03     |
| time/                   |              |
|    fps                  | 2808         |
|    iterations           | 731          |
|    time_elapsed         | 10129        |
|    total_timesteps      | 28444672     |
| train/                  |              |
|    approx_kl            | 0.0038827441 |
|    clip_fraction        | 0.0285       |
|    clip_range           | 0.2          |
|    entropy_loss         | 2.67         |
|    explained_variance   | 0.934        |
|    learning_rate        | 1.59e-05     |
|    loss                 | 5            |
|    n_updates            | 7300         |
|    policy_gradient_loss | -0.00141     |
|    std                  | 0.0636       |
|    value_loss           | 20.6         |
------------------------------------------
------------------------------------------
| rollout/                |              |
|    ep_len_mean          | 1.98e+03     |
|    ep_rew_mean          | 3.1e+03      |
| time/                   |              |
|    fps                  | 2810         |
|    iterations           | 732          |
|    time_elapsed         | 10135        |
|    total_timesteps      | 28483584     |
| train/                  |              |
|    approx_kl            | 0.0024301216 |
|    clip_fraction        | 0.0198       |
|    clip_range           | 0.2          |
|    entropy_loss         | 2.67         |
|    explained_variance   | 0.883        |
|    learning_rate        | 1.56e-05     |
|    loss                 | 15.3         |
|    n_updates            | 7310         |
|    policy_gradient_loss | -0.000951    |
|    std                  | 0.0636       |
|    value_loss           | 33.9         |
------------------------------------------
Eval num_timesteps=28500000, episode_reward=3434.89 +/- 151.77
Episode length: 2000.00 +/- 0.00
-----------------------------------------
| eval/                   |             |
|    mean_ep_length       | 2e+03       |
|    mean_reward          | 3.43e+03    |
| time/                   |             |
|    total_timesteps      | 28500000    |
| train/                  |             |
|    approx_kl            | 0.003912654 |
|    clip_fraction        | 0.0313      |
|    clip_range           | 0.2         |
|    entropy_loss         | 2.67        |
|    explained_variance   | 0.915       |
|    learning_rate        | 1.52e-05    |
|    loss                 | 2.69        |
|    n_updates            | 7320        |
|    policy_gradient_loss | -0.00178    |
|    std                  | 0.0637      |
|    value_loss           | 20.2        |
-----------------------------------------
---------------------------------
| rollout/           |          |
|    ep_len_mean     | 1.98e+03 |
|    ep_rew_mean     | 3.13e+03 |
| time/              |          |
|    fps             | 2807     |
|    iterations      | 733      |
|    time_elapsed    | 10160    |
|    total_timesteps | 28522496 |
---------------------------------
------------------------------------------
| rollout/                |              |
|    ep_len_mean          | 1.98e+03     |
|    ep_rew_mean          | 3.12e+03     |
| time/                   |              |
|    fps                  | 2809         |
|    iterations           | 734          |
|    time_elapsed         | 10166        |
|    total_timesteps      | 28561408     |
| train/                  |              |
|    approx_kl            | 0.0037980967 |
|    clip_fraction        | 0.0233       |
|    clip_range           | 0.2          |
|    entropy_loss         | 2.67         |
|    explained_variance   | 0.911        |
|    learning_rate        | 1.48e-05     |
|    loss                 | 15.6         |
|    n_updates            | 7330         |
|    policy_gradient_loss | -0.00147     |
|    std                  | 0.0637       |
|    value_loss           | 21.6         |
------------------------------------------
----------------------------------------
| rollout/                |            |
|    ep_len_mean          | 2e+03      |
|    ep_rew_mean          | 3.15e+03   |
| time/                   |            |
|    fps                  | 2811       |
|    iterations           | 735        |
|    time_elapsed         | 10173      |
|    total_timesteps      | 28600320   |
| train/                  |            |
|    approx_kl            | 0.00271013 |
|    clip_fraction        | 0.012      |
|    clip_range           | 0.2        |
|    entropy_loss         | 2.67       |
|    explained_variance   | 0.93       |
|    learning_rate        | 1.44e-05   |
|    loss                 | 11.2       |
|    n_updates            | 7340       |
|    policy_gradient_loss | -0.00104   |
|    std                  | 0.0637     |
|    value_loss           | 23.3       |
----------------------------------------
------------------------------------------
| rollout/                |              |
|    ep_len_mean          | 2e+03        |
|    ep_rew_mean          | 3.13e+03     |
| time/                   |              |
|    fps                  | 2813         |
|    iterations           | 736          |
|    time_elapsed         | 10179        |
|    total_timesteps      | 28639232     |
| train/                  |              |
|    approx_kl            | 0.0030498065 |
|    clip_fraction        | 0.0193       |
|    clip_range           | 0.2          |
|    entropy_loss         | 2.67         |
|    explained_variance   | 0.903        |
|    learning_rate        | 1.4e-05      |
|    loss                 | 15.3         |
|    n_updates            | 7350         |
|    policy_gradient_loss | -0.000849    |
|    std                  | 0.0637       |
|    value_loss           | 26           |
------------------------------------------
-----------------------------------------
| rollout/                |             |
|    ep_len_mean          | 2e+03       |
|    ep_rew_mean          | 3.14e+03    |
| time/                   |             |
|    fps                  | 2815        |
|    iterations           | 737         |
|    time_elapsed         | 10186       |
|    total_timesteps      | 28678144    |
| train/                  |             |
|    approx_kl            | 0.002676004 |
|    clip_fraction        | 0.015       |
|    clip_range           | 0.2         |
|    entropy_loss         | 2.67        |
|    explained_variance   | 0.901       |
|    learning_rate        | 1.36e-05    |
|    loss                 | 9.94        |
|    n_updates            | 7360        |
|    policy_gradient_loss | -0.000861   |
|    std                  | 0.0637      |
|    value_loss           | 22.5        |
-----------------------------------------
Eval num_timesteps=28690000, episode_reward=3409.32 +/- 176.43
Episode length: 2000.00 +/- 0.00
------------------------------------------
| eval/                   |              |
|    mean_ep_length       | 2e+03        |
|    mean_reward          | 3.41e+03     |
| time/                   |              |
|    total_timesteps      | 28690000     |
| train/                  |              |
|    approx_kl            | 0.0033532886 |
|    clip_fraction        | 0.0189       |
|    clip_range           | 0.2          |
|    entropy_loss         | 2.67         |
|    explained_variance   | 0.925        |
|    learning_rate        | 1.32e-05     |
|    loss                 | 10           |
|    n_updates            | 7370         |
|    policy_gradient_loss | -0.00118     |
|    std                  | 0.0637       |
|    value_loss           | 23           |
------------------------------------------
---------------------------------
| rollout/           |          |
|    ep_len_mean     | 2e+03    |
|    ep_rew_mean     | 3.1e+03  |
| time/              |          |
|    fps             | 2812     |
|    iterations      | 738      |
|    time_elapsed    | 10211    |
|    total_timesteps | 28717056 |
---------------------------------
------------------------------------------
| rollout/                |              |
|    ep_len_mean          | 2e+03        |
|    ep_rew_mean          | 3.11e+03     |
| time/                   |              |
|    fps                  | 2814         |
|    iterations           | 739          |
|    time_elapsed         | 10217        |
|    total_timesteps      | 28755968     |
| train/                  |              |
|    approx_kl            | 0.0035876934 |
|    clip_fraction        | 0.0241       |
|    clip_range           | 0.2          |
|    entropy_loss         | 2.67         |
|    explained_variance   | 0.918        |
|    learning_rate        | 1.28e-05     |
|    loss                 | 14.1         |
|    n_updates            | 7380         |
|    policy_gradient_loss | -0.00151     |
|    std                  | 0.0637       |
|    value_loss           | 19.4         |
------------------------------------------
-----------------------------------------
| rollout/                |             |
|    ep_len_mean          | 2e+03       |
|    ep_rew_mean          | 3.09e+03    |
| time/                   |             |
|    fps                  | 2816        |
|    iterations           | 740         |
|    time_elapsed         | 10224       |
|    total_timesteps      | 28794880    |
| train/                  |             |
|    approx_kl            | 0.004326656 |
|    clip_fraction        | 0.0211      |
|    clip_range           | 0.2         |
|    entropy_loss         | 2.67        |
|    explained_variance   | 0.915       |
|    learning_rate        | 1.24e-05    |
|    loss                 | 7.45        |
|    n_updates            | 7390        |
|    policy_gradient_loss | -0.00109    |
|    std                  | 0.0638      |
|    value_loss           | 21.4        |
-----------------------------------------
------------------------------------------
| rollout/                |              |
|    ep_len_mean          | 2e+03        |
|    ep_rew_mean          | 3.1e+03      |
| time/                   |              |
|    fps                  | 2818         |
|    iterations           | 741          |
|    time_elapsed         | 10230        |
|    total_timesteps      | 28833792     |
| train/                  |              |
|    approx_kl            | 0.0032207556 |
|    clip_fraction        | 0.0247       |
|    clip_range           | 0.2          |
|    entropy_loss         | 2.67         |
|    explained_variance   | 0.935        |
|    learning_rate        | 1.21e-05     |
|    loss                 | 7.3          |
|    n_updates            | 7400         |
|    policy_gradient_loss | -0.00169     |
|    std                  | 0.0638       |
|    value_loss           | 24.7         |
------------------------------------------
------------------------------------------
| rollout/                |              |
|    ep_len_mean          | 2e+03        |
|    ep_rew_mean          | 3.11e+03     |
| time/                   |              |
|    fps                  | 2820         |
|    iterations           | 742          |
|    time_elapsed         | 10237        |
|    total_timesteps      | 28872704     |
| train/                  |              |
|    approx_kl            | 0.0042595393 |
|    clip_fraction        | 0.0272       |
|    clip_range           | 0.2          |
|    entropy_loss         | 2.67         |
|    explained_variance   | 0.913        |
|    learning_rate        | 1.17e-05     |
|    loss                 | 6.38         |
|    n_updates            | 7410         |
|    policy_gradient_loss | -0.00152     |
|    std                  | 0.0637       |
|    value_loss           | 16           |
------------------------------------------
Eval num_timesteps=28880000, episode_reward=3410.58 +/- 177.57
Episode length: 2000.00 +/- 0.00
------------------------------------------
| eval/                   |              |
|    mean_ep_length       | 2e+03        |
|    mean_reward          | 3.41e+03     |
| time/                   |              |
|    total_timesteps      | 28880000     |
| train/                  |              |
|    approx_kl            | 0.0031746533 |
|    clip_fraction        | 0.0165       |
|    clip_range           | 0.2          |
|    entropy_loss         | 2.67         |
|    explained_variance   | 0.915        |
|    learning_rate        | 1.13e-05     |
|    loss                 | 10.2         |
|    n_updates            | 7420         |
|    policy_gradient_loss | -0.000972    |
|    std                  | 0.0637       |
|    value_loss           | 20.5         |
------------------------------------------
---------------------------------
| rollout/           |          |
|    ep_len_mean     | 2e+03    |
|    ep_rew_mean     | 3.14e+03 |
| time/              |          |
|    fps             | 2817     |
|    iterations      | 743      |
|    time_elapsed    | 10262    |
|    total_timesteps | 28911616 |
---------------------------------
------------------------------------------
| rollout/                |              |
|    ep_len_mean          | 2e+03        |
|    ep_rew_mean          | 3.14e+03     |
| time/                   |              |
|    fps                  | 2819         |
|    iterations           | 744          |
|    time_elapsed         | 10268        |
|    total_timesteps      | 28950528     |
| train/                  |              |
|    approx_kl            | 0.0030168153 |
|    clip_fraction        | 0.0186       |
|    clip_range           | 0.2          |
|    entropy_loss         | 2.67         |
|    explained_variance   | 0.899        |
|    learning_rate        | 1.09e-05     |
|    loss                 | 10           |
|    n_updates            | 7430         |
|    policy_gradient_loss | -0.0012      |
|    std                  | 0.0637       |
|    value_loss           | 21.3         |
------------------------------------------
------------------------------------------
| rollout/                |              |
|    ep_len_mean          | 2e+03        |
|    ep_rew_mean          | 3.15e+03     |
| time/                   |              |
|    fps                  | 2821         |
|    iterations           | 745          |
|    time_elapsed         | 10275        |
|    total_timesteps      | 28989440     |
| train/                  |              |
|    approx_kl            | 0.0027308569 |
|    clip_fraction        | 0.0141       |
|    clip_range           | 0.2          |
|    entropy_loss         | 2.67         |
|    explained_variance   | 0.888        |
|    learning_rate        | 1.05e-05     |
|    loss                 | 15.4         |
|    n_updates            | 7440         |
|    policy_gradient_loss | -0.00119     |
|    std                  | 0.0638       |
|    value_loss           | 25.1         |
------------------------------------------
------------------------------------------
| rollout/                |              |
|    ep_len_mean          | 2e+03        |
|    ep_rew_mean          | 3.15e+03     |
| time/                   |              |
|    fps                  | 2823         |
|    iterations           | 746          |
|    time_elapsed         | 10281        |
|    total_timesteps      | 29028352     |
| train/                  |              |
|    approx_kl            | 0.0019169785 |
|    clip_fraction        | 0.011        |
|    clip_range           | 0.2          |
|    entropy_loss         | 2.67         |
|    explained_variance   | 0.892        |
|    learning_rate        | 1.01e-05     |
|    loss                 | 7.36         |
|    n_updates            | 7450         |
|    policy_gradient_loss | -0.000811    |
|    std                  | 0.0638       |
|    value_loss           | 24.5         |
------------------------------------------
------------------------------------------
| rollout/                |              |
|    ep_len_mean          | 1.98e+03     |
|    ep_rew_mean          | 3.1e+03      |
| time/                   |              |
|    fps                  | 2825         |
|    iterations           | 747          |
|    time_elapsed         | 10288        |
|    total_timesteps      | 29067264     |
| train/                  |              |
|    approx_kl            | 0.0033567678 |
|    clip_fraction        | 0.0261       |
|    clip_range           | 0.2          |
|    entropy_loss         | 2.67         |
|    explained_variance   | 0.898        |
|    learning_rate        | 9.72e-06     |
|    loss                 | 8.34         |
|    n_updates            | 7460         |
|    policy_gradient_loss | -0.0015      |
|    std                  | 0.0638       |
|    value_loss           | 21.9         |
------------------------------------------
Eval num_timesteps=29070000, episode_reward=3419.49 +/- 185.73
Episode length: 2000.00 +/- 0.00
------------------------------------------
| eval/                   |              |
|    mean_ep_length       | 2e+03        |
|    mean_reward          | 3.42e+03     |
| time/                   |              |
|    total_timesteps      | 29070000     |
| train/                  |              |
|    approx_kl            | 0.0025076023 |
|    clip_fraction        | 0.013        |
|    clip_range           | 0.2          |
|    entropy_loss         | 2.67         |
|    explained_variance   | 0.92         |
|    learning_rate        | 9.33e-06     |
|    loss                 | 9.44         |
|    n_updates            | 7470         |
|    policy_gradient_loss | -0.00108     |
|    std                  | 0.0638       |
|    value_loss           | 22.7         |
------------------------------------------
---------------------------------
| rollout/           |          |
|    ep_len_mean     | 1.98e+03 |
|    ep_rew_mean     | 3.1e+03  |
| time/              |          |
|    fps             | 2822     |
|    iterations      | 748      |
|    time_elapsed    | 10312    |
|    total_timesteps | 29106176 |
---------------------------------
------------------------------------------
| rollout/                |              |
|    ep_len_mean          | 1.98e+03     |
|    ep_rew_mean          | 3.11e+03     |
| time/                   |              |
|    fps                  | 2824         |
|    iterations           | 749          |
|    time_elapsed         | 10319        |
|    total_timesteps      | 29145088     |
| train/                  |              |
|    approx_kl            | 0.0023444407 |
|    clip_fraction        | 0.0117       |
|    clip_range           | 0.2          |
|    entropy_loss         | 2.67         |
|    explained_variance   | 0.913        |
|    learning_rate        | 8.94e-06     |
|    loss                 | 7.63         |
|    n_updates            | 7480         |
|    policy_gradient_loss | -0.00102     |
|    std                  | 0.0638       |
|    value_loss           | 19.1         |
------------------------------------------
------------------------------------------
| rollout/                |              |
|    ep_len_mean          | 1.96e+03     |
|    ep_rew_mean          | 3.07e+03     |
| time/                   |              |
|    fps                  | 2826         |
|    iterations           | 750          |
|    time_elapsed         | 10326        |
|    total_timesteps      | 29184000     |
| train/                  |              |
|    approx_kl            | 0.0034333377 |
|    clip_fraction        | 0.0142       |
|    clip_range           | 0.2          |
|    entropy_loss         | 2.67         |
|    explained_variance   | 0.899        |
|    learning_rate        | 8.55e-06     |
|    loss                 | 7.06         |
|    n_updates            | 7490         |
|    policy_gradient_loss | -0.00116     |
|    std                  | 0.0639       |
|    value_loss           | 25.7         |
------------------------------------------
------------------------------------------
| rollout/                |              |
|    ep_len_mean          | 1.96e+03     |
|    ep_rew_mean          | 3.07e+03     |
| time/                   |              |
|    fps                  | 2828         |
|    iterations           | 751          |
|    time_elapsed         | 10332        |
|    total_timesteps      | 29222912     |
| train/                  |              |
|    approx_kl            | 0.0034109373 |
|    clip_fraction        | 0.0191       |
|    clip_range           | 0.2          |
|    entropy_loss         | 2.66         |
|    explained_variance   | 0.919        |
|    learning_rate        | 8.16e-06     |
|    loss                 | 12.9         |
|    n_updates            | 7500         |
|    policy_gradient_loss | -0.00172     |
|    std                  | 0.0639       |
|    value_loss           | 25.3         |
------------------------------------------
Eval num_timesteps=29260000, episode_reward=3404.56 +/- 197.18
Episode length: 2000.00 +/- 0.00
------------------------------------------
| eval/                   |              |
|    mean_ep_length       | 2e+03        |
|    mean_reward          | 3.4e+03      |
| time/                   |              |
|    total_timesteps      | 29260000     |
| train/                  |              |
|    approx_kl            | 0.0028270648 |
|    clip_fraction        | 0.0137       |
|    clip_range           | 0.2          |
|    entropy_loss         | 2.66         |
|    explained_variance   | 0.916        |
|    learning_rate        | 7.77e-06     |
|    loss                 | 5.08         |
|    n_updates            | 7510         |
|    policy_gradient_loss | -0.00133     |
|    std                  | 0.0639       |
|    value_loss           | 25.6         |
------------------------------------------
---------------------------------
| rollout/           |          |
|    ep_len_mean     | 1.98e+03 |
|    ep_rew_mean     | 3.12e+03 |
| time/              |          |
|    fps             | 2825     |
|    iterations      | 752      |
|    time_elapsed    | 10357    |
|    total_timesteps | 29261824 |
---------------------------------
------------------------------------------
| rollout/                |              |
|    ep_len_mean          | 1.98e+03     |
|    ep_rew_mean          | 3.11e+03     |
| time/                   |              |
|    fps                  | 2827         |
|    iterations           | 753          |
|    time_elapsed         | 10364        |
|    total_timesteps      | 29300736     |
| train/                  |              |
|    approx_kl            | 0.0033781447 |
|    clip_fraction        | 0.0157       |
|    clip_range           | 0.2          |
|    entropy_loss         | 2.66         |
|    explained_variance   | 0.914        |
|    learning_rate        | 7.38e-06     |
|    loss                 | 13.4         |
|    n_updates            | 7520         |
|    policy_gradient_loss | -0.000969    |
|    std                  | 0.064        |
|    value_loss           | 20           |
------------------------------------------
-----------------------------------------
| rollout/                |             |
|    ep_len_mean          | 1.98e+03    |
|    ep_rew_mean          | 3.09e+03    |
| time/                   |             |
|    fps                  | 2829        |
|    iterations           | 754         |
|    time_elapsed         | 10370       |
|    total_timesteps      | 29339648    |
| train/                  |             |
|    approx_kl            | 0.002740184 |
|    clip_fraction        | 0.0105      |
|    clip_range           | 0.2         |
|    entropy_loss         | 2.66        |
|    explained_variance   | 0.893       |
|    learning_rate        | 6.99e-06    |
|    loss                 | 15.4        |
|    n_updates            | 7530        |
|    policy_gradient_loss | -0.00105    |
|    std                  | 0.064       |
|    value_loss           | 24.9        |
-----------------------------------------
------------------------------------------
| rollout/                |              |
|    ep_len_mean          | 2e+03        |
|    ep_rew_mean          | 3.13e+03     |
| time/                   |              |
|    fps                  | 2831         |
|    iterations           | 755          |
|    time_elapsed         | 10377        |
|    total_timesteps      | 29378560     |
| train/                  |              |
|    approx_kl            | 0.0023923551 |
|    clip_fraction        | 0.0119       |
|    clip_range           | 0.2          |
|    entropy_loss         | 2.66         |
|    explained_variance   | 0.903        |
|    learning_rate        | 6.6e-06      |
|    loss                 | 13.8         |
|    n_updates            | 7540         |
|    policy_gradient_loss | -0.00112     |
|    std                  | 0.064        |
|    value_loss           | 28           |
------------------------------------------
------------------------------------------
| rollout/                |              |
|    ep_len_mean          | 2e+03        |
|    ep_rew_mean          | 3.13e+03     |
| time/                   |              |
|    fps                  | 2833         |
|    iterations           | 756          |
|    time_elapsed         | 10383        |
|    total_timesteps      | 29417472     |
| train/                  |              |
|    approx_kl            | 0.0027482407 |
|    clip_fraction        | 0.0145       |
|    clip_range           | 0.2          |
|    entropy_loss         | 2.66         |
|    explained_variance   | 0.909        |
|    learning_rate        | 6.21e-06     |
|    loss                 | 10.3         |
|    n_updates            | 7550         |
|    policy_gradient_loss | -0.00102     |
|    std                  | 0.064        |
|    value_loss           | 18.3         |
------------------------------------------
Eval num_timesteps=29450000, episode_reward=3400.96 +/- 204.95
Episode length: 2000.00 +/- 0.00
------------------------------------------
| eval/                   |              |
|    mean_ep_length       | 2e+03        |
|    mean_reward          | 3.4e+03      |
| time/                   |              |
|    total_timesteps      | 29450000     |
| train/                  |              |
|    approx_kl            | 0.0032120442 |
|    clip_fraction        | 0.0169       |
|    clip_range           | 0.2          |
|    entropy_loss         | 2.66         |
|    explained_variance   | 0.894        |
|    learning_rate        | 5.83e-06     |
|    loss                 | 9.85         |
|    n_updates            | 7560         |
|    policy_gradient_loss | -0.00108     |
|    std                  | 0.064        |
|    value_loss           | 22.6         |
------------------------------------------
---------------------------------
| rollout/           |          |
|    ep_len_mean     | 2e+03    |
|    ep_rew_mean     | 3.14e+03 |
| time/              |          |
|    fps             | 2830     |
|    iterations      | 757      |
|    time_elapsed    | 10408    |
|    total_timesteps | 29456384 |
---------------------------------
------------------------------------------
| rollout/                |              |
|    ep_len_mean          | 2e+03        |
|    ep_rew_mean          | 3.13e+03     |
| time/                   |              |
|    fps                  | 2831         |
|    iterations           | 758          |
|    time_elapsed         | 10415        |
|    total_timesteps      | 29495296     |
| train/                  |              |
|    approx_kl            | 0.0037246817 |
|    clip_fraction        | 0.0193       |
|    clip_range           | 0.2          |
|    entropy_loss         | 2.66         |
|    explained_variance   | 0.896        |
|    learning_rate        | 5.44e-06     |
|    loss                 | 8.77         |
|    n_updates            | 7570         |
|    policy_gradient_loss | -0.00125     |
|    std                  | 0.064        |
|    value_loss           | 22.4         |
------------------------------------------
------------------------------------------
| rollout/                |              |
|    ep_len_mean          | 1.96e+03     |
|    ep_rew_mean          | 3.08e+03     |
| time/                   |              |
|    fps                  | 2833         |
|    iterations           | 759          |
|    time_elapsed         | 10421        |
|    total_timesteps      | 29534208     |
| train/                  |              |
|    approx_kl            | 0.0017457069 |
|    clip_fraction        | 0.00495      |
|    clip_range           | 0.2          |
|    entropy_loss         | 2.66         |
|    explained_variance   | 0.888        |
|    learning_rate        | 5.05e-06     |
|    loss                 | 17.4         |
|    n_updates            | 7580         |
|    policy_gradient_loss | -0.000667    |
|    std                  | 0.064        |
|    value_loss           | 26.5         |
------------------------------------------
-----------------------------------------
| rollout/                |             |
|    ep_len_mean          | 1.94e+03    |
|    ep_rew_mean          | 3.05e+03    |
| time/                   |             |
|    fps                  | 2835        |
|    iterations           | 760         |
|    time_elapsed         | 10427       |
|    total_timesteps      | 29573120    |
| train/                  |             |
|    approx_kl            | 0.001908139 |
|    clip_fraction        | 0.00319     |
|    clip_range           | 0.2         |
|    entropy_loss         | 2.66        |
|    explained_variance   | 0.937       |
|    learning_rate        | 4.66e-06    |
|    loss                 | 11.9        |
|    n_updates            | 7590        |
|    policy_gradient_loss | -0.000549   |
|    std                  | 0.064       |
|    value_loss           | 20.8        |
-----------------------------------------
------------------------------------------
| rollout/                |              |
|    ep_len_mean          | 1.94e+03     |
|    ep_rew_mean          | 3.05e+03     |
| time/                   |              |
|    fps                  | 2837         |
|    iterations           | 761          |
|    time_elapsed         | 10434        |
|    total_timesteps      | 29612032     |
| train/                  |              |
|    approx_kl            | 0.0029695274 |
|    clip_fraction        | 0.00885      |
|    clip_range           | 0.2          |
|    entropy_loss         | 2.66         |
|    explained_variance   | 0.906        |
|    learning_rate        | 4.27e-06     |
|    loss                 | 14.6         |
|    n_updates            | 7600         |
|    policy_gradient_loss | -0.00106     |
|    std                  | 0.064        |
|    value_loss           | 32           |
------------------------------------------
Eval num_timesteps=29640000, episode_reward=3376.71 +/- 205.99
Episode length: 2000.00 +/- 0.00
------------------------------------------
| eval/                   |              |
|    mean_ep_length       | 2e+03        |
|    mean_reward          | 3.38e+03     |
| time/                   |              |
|    total_timesteps      | 29640000     |
| train/                  |              |
|    approx_kl            | 0.0028123474 |
|    clip_fraction        | 0.0097       |
|    clip_range           | 0.2          |
|    entropy_loss         | 2.66         |
|    explained_variance   | 0.908        |
|    learning_rate        | 3.88e-06     |
|    loss                 | 11.9         |
|    n_updates            | 7610         |
|    policy_gradient_loss | -0.00125     |
|    std                  | 0.064        |
|    value_loss           | 20.9         |
------------------------------------------
---------------------------------
| rollout/           |          |
|    ep_len_mean     | 1.94e+03 |
|    ep_rew_mean     | 3.04e+03 |
| time/              |          |
|    fps             | 2834     |
|    iterations      | 762      |
|    time_elapsed    | 10459    |
|    total_timesteps | 29650944 |
---------------------------------
------------------------------------------
| rollout/                |              |
|    ep_len_mean          | 1.94e+03     |
|    ep_rew_mean          | 3.05e+03     |
| time/                   |              |
|    fps                  | 2836         |
|    iterations           | 763          |
|    time_elapsed         | 10466        |
|    total_timesteps      | 29689856     |
| train/                  |              |
|    approx_kl            | 0.0021768198 |
|    clip_fraction        | 0.00397      |
|    clip_range           | 0.2          |
|    entropy_loss         | 2.66         |
|    explained_variance   | 0.917        |
|    learning_rate        | 3.49e-06     |
|    loss                 | 3.9          |
|    n_updates            | 7620         |
|    policy_gradient_loss | -0.000749    |
|    std                  | 0.064        |
|    value_loss           | 17.9         |
------------------------------------------
------------------------------------------
| rollout/                |              |
|    ep_len_mean          | 1.98e+03     |
|    ep_rew_mean          | 3.13e+03     |
| time/                   |              |
|    fps                  | 2838         |
|    iterations           | 764          |
|    time_elapsed         | 10472        |
|    total_timesteps      | 29728768     |
| train/                  |              |
|    approx_kl            | 0.0010883536 |
|    clip_fraction        | 0.00152      |
|    clip_range           | 0.2          |
|    entropy_loss         | 2.66         |
|    explained_variance   | 0.914        |
|    learning_rate        | 3.1e-06      |
|    loss                 | 10.4         |
|    n_updates            | 7630         |
|    policy_gradient_loss | -0.000433    |
|    std                  | 0.064        |
|    value_loss           | 17.7         |
------------------------------------------
------------------------------------------
| rollout/                |              |
|    ep_len_mean          | 1.98e+03     |
|    ep_rew_mean          | 3.13e+03     |
| time/                   |              |
|    fps                  | 2840         |
|    iterations           | 765          |
|    time_elapsed         | 10479        |
|    total_timesteps      | 29767680     |
| train/                  |              |
|    approx_kl            | 0.0028926237 |
|    clip_fraction        | 0.00914      |
|    clip_range           | 0.2          |
|    entropy_loss         | 2.66         |
|    explained_variance   | 0.889        |
|    learning_rate        | 2.71e-06     |
|    loss                 | 16.3         |
|    n_updates            | 7640         |
|    policy_gradient_loss | -0.00109     |
|    std                  | 0.064        |
|    value_loss           | 30           |
------------------------------------------
------------------------------------------
| rollout/                |              |
|    ep_len_mean          | 2e+03        |
|    ep_rew_mean          | 3.15e+03     |
| time/                   |              |
|    fps                  | 2842         |
|    iterations           | 766          |
|    time_elapsed         | 10485        |
|    total_timesteps      | 29806592     |
| train/                  |              |
|    approx_kl            | 0.0022767072 |
|    clip_fraction        | 0.00583      |
|    clip_range           | 0.2          |
|    entropy_loss         | 2.66         |
|    explained_variance   | 0.898        |
|    learning_rate        | 2.32e-06     |
|    loss                 | 9.25         |
|    n_updates            | 7650         |
|    policy_gradient_loss | -0.000736    |
|    std                  | 0.064        |
|    value_loss           | 25.8         |
------------------------------------------
Eval num_timesteps=29830000, episode_reward=3376.52 +/- 202.48
Episode length: 2000.00 +/- 0.00
------------------------------------------
| eval/                   |              |
|    mean_ep_length       | 2e+03        |
|    mean_reward          | 3.38e+03     |
| time/                   |              |
|    total_timesteps      | 29830000     |
| train/                  |              |
|    approx_kl            | 0.0021142494 |
|    clip_fraction        | 0.00568      |
|    clip_range           | 0.2          |
|    entropy_loss         | 2.66         |
|    explained_variance   | 0.902        |
|    learning_rate        | 1.93e-06     |
|    loss                 | 8.95         |
|    n_updates            | 7660         |
|    policy_gradient_loss | -0.000608    |
|    std                  | 0.064        |
|    value_loss           | 22.4         |
------------------------------------------
---------------------------------
| rollout/           |          |
|    ep_len_mean     | 2e+03    |
|    ep_rew_mean     | 3.14e+03 |
| time/              |          |
|    fps             | 2839     |
|    iterations      | 767      |
|    time_elapsed    | 10510    |
|    total_timesteps | 29845504 |
---------------------------------
------------------------------------------
| rollout/                |              |
|    ep_len_mean          | 2e+03        |
|    ep_rew_mean          | 3.15e+03     |
| time/                   |              |
|    fps                  | 2841         |
|    iterations           | 768          |
|    time_elapsed         | 10517        |
|    total_timesteps      | 29884416     |
| train/                  |              |
|    approx_kl            | 0.0013217345 |
|    clip_fraction        | 0.000951     |
|    clip_range           | 0.2          |
|    entropy_loss         | 2.66         |
|    explained_variance   | 0.926        |
|    learning_rate        | 1.54e-06     |
|    loss                 | 8.41         |
|    n_updates            | 7670         |
|    policy_gradient_loss | -0.000256    |
|    std                  | 0.064        |
|    value_loss           | 20.6         |
------------------------------------------
-------------------------------------------
| rollout/                |               |
|    ep_len_mean          | 2e+03         |
|    ep_rew_mean          | 3.12e+03      |
| time/                   |               |
|    fps                  | 2843          |
|    iterations           | 769           |
|    time_elapsed         | 10523         |
|    total_timesteps      | 29923328      |
| train/                  |               |
|    approx_kl            | 0.00045859633 |
|    clip_fraction        | 4.37e-05      |
|    clip_range           | 0.2           |
|    entropy_loss         | 2.66          |
|    explained_variance   | 0.893         |
|    learning_rate        | 1.16e-06      |
|    loss                 | 7.69          |
|    n_updates            | 7680          |
|    policy_gradient_loss | -0.000115     |
|    std                  | 0.064         |
|    value_loss           | 25.1          |
-------------------------------------------
------------------------------------------
| rollout/                |              |
|    ep_len_mean          | 2e+03        |
|    ep_rew_mean          | 3.13e+03     |
| time/                   |              |
|    fps                  | 2845         |
|    iterations           | 770          |
|    time_elapsed         | 10530        |
|    total_timesteps      | 29962240     |
| train/                  |              |
|    approx_kl            | 0.0014738422 |
|    clip_fraction        | 0.00316      |
|    clip_range           | 0.2          |
|    entropy_loss         | 2.66         |
|    explained_variance   | 0.901        |
|    learning_rate        | 7.67e-07     |
|    loss                 | 7.27         |
|    n_updates            | 7690         |
|    policy_gradient_loss | -0.000495    |
|    std                  | 0.064        |
|    value_loss           | 23.1         |
------------------------------------------
-------------------------------------------
| rollout/                |               |
|    ep_len_mean          | 2e+03         |
|    ep_rew_mean          | 3.13e+03      |
| time/                   |               |
|    fps                  | 2847          |
|    iterations           | 771           |
|    time_elapsed         | 10536         |
|    total_timesteps      | 30001152      |
| train/                  |               |
|    approx_kl            | 0.00031252732 |
|    clip_fraction        | 2.57e-06      |
|    clip_range           | 0.2           |
|    entropy_loss         | 2.66          |
|    explained_variance   | 0.91          |
|    learning_rate        | 3.78e-07      |
|    loss                 | 9.32          |
|    n_updates            | 7700          |
|    policy_gradient_loss | -0.000119     |
|    std                  | 0.064         |
|    value_loss           | 20.7          |
-------------------------------------------
 100% ------------------ 30,001,152/30,000,… [ 2:55:36 < 0:00:00 , 6,119 it/s ]
