Using cpu device
Logging to logs/run5

Training on real_robot.xml at 200Hz, PWM actions (30,000,000 steps, 19 envs)...
C:\Users\tzeju\Desktop\E3180 DIP\3Dsim\venv\Lib\site-packages\stable_baselines3\common\callbacks.py:419: UserWarning: Training and eval env are not of the same type<stable_baselines3.common.vec_env.subproc_vec_env.SubprocVecEnv object at 0x0000029AF6CA3110> != <stable_baselines3.common.vec_env.dummy_vec_env.DummyVecEnv object at 0x0000029AFE4D8BF0>
  warnings.warn("Training and eval env are not of the same type" f"{self.training_env} != {self.eval_env}")
---------------------------------
| rollout/           |          |
|    ep_len_mean     | 89.7     |
|    ep_rew_mean     | 38.1     |
| time/              |          |
|    fps             | 3024     |
|    iterations      | 1        |
|    time_elapsed    | 12       |
|    total_timesteps | 38912    |
---------------------------------
------------------------------------------
| rollout/                |              |
|    ep_len_mean          | 97.7         |
|    ep_rew_mean          | 53.9         |
| time/                   |              |
|    fps                  | 4203         |
|    iterations           | 2            |
|    time_elapsed         | 18           |
|    total_timesteps      | 77824        |
| train/                  |              |
|    approx_kl            | 0.0062510483 |
|    clip_fraction        | 0.0746       |
|    clip_range           | 0.2          |
|    entropy_loss         | -0.0611      |
|    explained_variance   | 0.00452      |
|    learning_rate        | 0.0003       |
|    loss                 | 24.4         |
|    n_updates            | 10           |
|    policy_gradient_loss | -0.00558     |
|    std                  | 0.249        |
|    value_loss           | 86.5         |
------------------------------------------
-----------------------------------------
| rollout/                |             |
|    ep_len_mean          | 99.1        |
|    ep_rew_mean          | 61.1        |
| time/                   |             |
|    fps                  | 4866        |
|    iterations           | 3           |
|    time_elapsed         | 23          |
|    total_timesteps      | 116736      |
| train/                  |             |
|    approx_kl            | 0.008305999 |
|    clip_fraction        | 0.09        |
|    clip_range           | 0.2         |
|    entropy_loss         | -0.0423     |
|    explained_variance   | 0.656       |
|    learning_rate        | 0.000299    |
|    loss                 | 12.9        |
|    n_updates            | 20          |
|    policy_gradient_loss | -0.00856    |
|    std                  | 0.246       |
|    value_loss           | 48.3        |
-----------------------------------------
----------------------------------------
| rollout/                |            |
|    ep_len_mean          | 148        |
|    ep_rew_mean          | 123        |
| time/                   |            |
|    fps                  | 4479       |
|    iterations           | 4          |
|    time_elapsed         | 34         |
|    total_timesteps      | 155648     |
| train/                  |            |
|    approx_kl            | 0.01098568 |
|    clip_fraction        | 0.134      |
|    clip_range           | 0.2        |
|    entropy_loss         | -0.00639   |
|    explained_variance   | 0.855      |
|    learning_rate        | 0.000299   |
|    loss                 | 14.1       |
|    n_updates            | 30         |
|    policy_gradient_loss | -0.0127    |
|    std                  | 0.241      |
|    value_loss           | 35.2       |
----------------------------------------
Eval num_timesteps=190000, episode_reward=516.95 +/- 442.61
Episode length: 710.05 +/- 219.24
----------------------------------------
| eval/                   |            |
|    mean_ep_length       | 710        |
|    mean_reward          | 517        |
| time/                   |            |
|    total_timesteps      | 190000     |
| train/                  |            |
|    approx_kl            | 0.01008015 |
|    clip_fraction        | 0.125      |
|    clip_range           | 0.2        |
|    entropy_loss         | 0.0372     |
|    explained_variance   | 0.906      |
|    learning_rate        | 0.000298   |
|    loss                 | 15.4       |
|    n_updates            | 40         |
|    policy_gradient_loss | -0.0129    |
|    std                  | 0.236      |
|    value_loss           | 36.9       |
----------------------------------------
New best mean reward!
---------------------------------
| rollout/           |          |
|    ep_len_mean     | 212      |
|    ep_rew_mean     | 215      |
| time/              |          |
|    fps             | 3738     |
|    iterations      | 5        |
|    time_elapsed    | 52       |
|    total_timesteps | 194560   |
---------------------------------
----------------------------------------
| rollout/                |            |
|    ep_len_mean          | 349        |
|    ep_rew_mean          | 391        |
| time/                   |            |
|    fps                  | 3059       |
|    iterations           | 6          |
|    time_elapsed         | 76         |
|    total_timesteps      | 233472     |
| train/                  |            |
|    approx_kl            | 0.01055509 |
|    clip_fraction        | 0.127      |
|    clip_range           | 0.2        |
|    entropy_loss         | 0.0846     |
|    explained_variance   | 0.93       |
|    learning_rate        | 0.000298   |
|    loss                 | 13.5       |
|    n_updates            | 50         |
|    policy_gradient_loss | -0.0145    |
|    std                  | 0.23       |
|    value_loss           | 39.7       |
----------------------------------------
----------------------------------------
| rollout/                |            |
|    ep_len_mean          | 523        |
|    ep_rew_mean          | 633        |
| time/                   |            |
|    fps                  | 3309       |
|    iterations           | 7          |
|    time_elapsed         | 82         |
|    total_timesteps      | 272384     |
| train/                  |            |
|    approx_kl            | 0.01073133 |
|    clip_fraction        | 0.129      |
|    clip_range           | 0.2        |
|    entropy_loss         | 0.133      |
|    explained_variance   | 0.948      |
|    learning_rate        | 0.000298   |
|    loss                 | 11.2       |
|    n_updates            | 60         |
|    policy_gradient_loss | -0.015     |
|    std                  | 0.225      |
|    value_loss           | 36.7       |
----------------------------------------
-----------------------------------------
| rollout/                |             |
|    ep_len_mean          | 771         |
|    ep_rew_mean          | 999         |
| time/                   |             |
|    fps                  | 3372        |
|    iterations           | 8           |
|    time_elapsed         | 92          |
|    total_timesteps      | 311296      |
| train/                  |             |
|    approx_kl            | 0.011694334 |
|    clip_fraction        | 0.141       |
|    clip_range           | 0.2         |
|    entropy_loss         | 0.183       |
|    explained_variance   | 0.965       |
|    learning_rate        | 0.000297    |
|    loss                 | 7.45        |
|    n_updates            | 70          |
|    policy_gradient_loss | -0.014      |
|    std                  | 0.219       |
|    value_loss           | 29.3        |
-----------------------------------------
-----------------------------------------
| rollout/                |             |
|    ep_len_mean          | 980         |
|    ep_rew_mean          | 1.34e+03    |
| time/                   |             |
|    fps                  | 3314        |
|    iterations           | 9           |
|    time_elapsed         | 105         |
|    total_timesteps      | 350208      |
| train/                  |             |
|    approx_kl            | 0.012067534 |
|    clip_fraction        | 0.133       |
|    clip_range           | 0.2         |
|    entropy_loss         | 0.23        |
|    explained_variance   | 0.978       |
|    learning_rate        | 0.000297    |
|    loss                 | 3.48        |
|    n_updates            | 80          |
|    policy_gradient_loss | -0.0123     |
|    std                  | 0.214       |
|    value_loss           | 21.4        |
-----------------------------------------
Eval num_timesteps=380000, episode_reward=1957.65 +/- 934.33
Episode length: 2000.00 +/- 0.00
-----------------------------------------
| eval/                   |             |
|    mean_ep_length       | 2e+03       |
|    mean_reward          | 1.96e+03    |
| time/                   |             |
|    total_timesteps      | 380000      |
| train/                  |             |
|    approx_kl            | 0.010123856 |
|    clip_fraction        | 0.101       |
|    clip_range           | 0.2         |
|    entropy_loss         | 0.28        |
|    explained_variance   | 0.977       |
|    learning_rate        | 0.000296    |
|    loss                 | 2.04        |
|    n_updates            | 90          |
|    policy_gradient_loss | -0.00802    |
|    std                  | 0.208       |
|    value_loss           | 16.2        |
-----------------------------------------
New best mean reward!
---------------------------------
| rollout/           |          |
|    ep_len_mean     | 1.24e+03 |
|    ep_rew_mean     | 1.8e+03  |
| time/              |          |
|    fps             | 2883     |
|    iterations      | 10       |
|    time_elapsed    | 134      |
|    total_timesteps | 389120   |
---------------------------------
-----------------------------------------
| rollout/                |             |
|    ep_len_mean          | 1.49e+03    |
|    ep_rew_mean          | 2.26e+03    |
| time/                   |             |
|    fps                  | 3050        |
|    iterations           | 11          |
|    time_elapsed         | 140         |
|    total_timesteps      | 428032      |
| train/                  |             |
|    approx_kl            | 0.012399785 |
|    clip_fraction        | 0.12        |
|    clip_range           | 0.2         |
|    entropy_loss         | 0.372       |
|    explained_variance   | 0.706       |
|    learning_rate        | 0.000296    |
|    loss                 | 0.862       |
|    n_updates            | 100         |
|    policy_gradient_loss | -0.01       |
|    std                  | 0.198       |
|    value_loss           | 10.1        |
-----------------------------------------
-----------------------------------------
| rollout/                |             |
|    ep_len_mean          | 1.72e+03    |
|    ep_rew_mean          | 2.71e+03    |
| time/                   |             |
|    fps                  | 3207        |
|    iterations           | 12          |
|    time_elapsed         | 145         |
|    total_timesteps      | 466944      |
| train/                  |             |
|    approx_kl            | 0.012068243 |
|    clip_fraction        | 0.102       |
|    clip_range           | 0.2         |
|    entropy_loss         | 0.47        |
|    explained_variance   | 0.601       |
|    learning_rate        | 0.000296    |
|    loss                 | 0.731       |
|    n_updates            | 110         |
|    policy_gradient_loss | -0.00816    |
|    std                  | 0.188       |
|    value_loss           | 6.84        |
-----------------------------------------
-----------------------------------------
| rollout/                |             |
|    ep_len_mean          | 1.88e+03    |
|    ep_rew_mean          | 3.03e+03    |
| time/                   |             |
|    fps                  | 3349        |
|    iterations           | 13          |
|    time_elapsed         | 151         |
|    total_timesteps      | 505856      |
| train/                  |             |
|    approx_kl            | 0.011026698 |
|    clip_fraction        | 0.0862      |
|    clip_range           | 0.2         |
|    entropy_loss         | 0.574       |
|    explained_variance   | 0.786       |
|    learning_rate        | 0.000295    |
|    loss                 | 0.508       |
|    n_updates            | 120         |
|    policy_gradient_loss | -0.00731    |
|    std                  | 0.179       |
|    value_loss           | 4.66        |
-----------------------------------------
-----------------------------------------
| rollout/                |             |
|    ep_len_mean          | 2e+03       |
|    ep_rew_mean          | 3.3e+03     |
| time/                   |             |
|    fps                  | 3481        |
|    iterations           | 14          |
|    time_elapsed         | 156         |
|    total_timesteps      | 544768      |
| train/                  |             |
|    approx_kl            | 0.009984752 |
|    clip_fraction        | 0.0797      |
|    clip_range           | 0.2         |
|    entropy_loss         | 0.678       |
|    explained_variance   | 0.815       |
|    learning_rate        | 0.000295    |
|    loss                 | 0.641       |
|    n_updates            | 130         |
|    policy_gradient_loss | -0.00661    |
|    std                  | 0.17        |
|    value_loss           | 3.03        |
-----------------------------------------
Eval num_timesteps=570000, episode_reward=1948.16 +/- 930.11
Episode length: 2000.00 +/- 0.00
-----------------------------------------
| eval/                   |             |
|    mean_ep_length       | 2e+03       |
|    mean_reward          | 1.95e+03    |
| time/                   |             |
|    total_timesteps      | 570000      |
| train/                  |             |
|    approx_kl            | 0.010215468 |
|    clip_fraction        | 0.0845      |
|    clip_range           | 0.2         |
|    entropy_loss         | 0.781       |
|    explained_variance   | 0.854       |
|    learning_rate        | 0.000295    |
|    loss                 | 0.579       |
|    n_updates            | 140         |
|    policy_gradient_loss | -0.00667    |
|    std                  | 0.162       |
|    value_loss           | 2.07        |
-----------------------------------------
---------------------------------
| rollout/           |          |
|    ep_len_mean     | 2e+03    |
|    ep_rew_mean     | 3.34e+03 |
| time/              |          |
|    fps             | 3232     |
|    iterations      | 15       |
|    time_elapsed    | 180      |
|    total_timesteps | 583680   |
---------------------------------
-----------------------------------------
| rollout/                |             |
|    ep_len_mean          | 2e+03       |
|    ep_rew_mean          | 3.37e+03    |
| time/                   |             |
|    fps                  | 3350        |
|    iterations           | 16          |
|    time_elapsed         | 185         |
|    total_timesteps      | 622592      |
| train/                  |             |
|    approx_kl            | 0.011153746 |
|    clip_fraction        | 0.0919      |
|    clip_range           | 0.2         |
|    entropy_loss         | 0.888       |
|    explained_variance   | 0.805       |
|    learning_rate        | 0.000294    |
|    loss                 | 0.412       |
|    n_updates            | 150         |
|    policy_gradient_loss | -0.00686    |
|    std                  | 0.153       |
|    value_loss           | 1.66        |
-----------------------------------------
-----------------------------------------
| rollout/                |             |
|    ep_len_mean          | 2e+03       |
|    ep_rew_mean          | 3.4e+03     |
| time/                   |             |
|    fps                  | 3462        |
|    iterations           | 17          |
|    time_elapsed         | 191         |
|    total_timesteps      | 661504      |
| train/                  |             |
|    approx_kl            | 0.009459647 |
|    clip_fraction        | 0.0787      |
|    clip_range           | 0.2         |
|    entropy_loss         | 0.988       |
|    explained_variance   | 0.789       |
|    learning_rate        | 0.000294    |
|    loss                 | 0.381       |
|    n_updates            | 160         |
|    policy_gradient_loss | -0.00509    |
|    std                  | 0.146       |
|    value_loss           | 1.26        |
-----------------------------------------
-----------------------------------------
| rollout/                |             |
|    ep_len_mean          | 2e+03       |
|    ep_rew_mean          | 3.42e+03    |
| time/                   |             |
|    fps                  | 3569        |
|    iterations           | 18          |
|    time_elapsed         | 196         |
|    total_timesteps      | 700416      |
| train/                  |             |
|    approx_kl            | 0.009165247 |
|    clip_fraction        | 0.0786      |
|    clip_range           | 0.2         |
|    entropy_loss         | 1.08        |
|    explained_variance   | 0.805       |
|    learning_rate        | 0.000293    |
|    loss                 | 0.517       |
|    n_updates            | 170         |
|    policy_gradient_loss | -0.0053     |
|    std                  | 0.139       |
|    value_loss           | 1.2         |
-----------------------------------------
-----------------------------------------
| rollout/                |             |
|    ep_len_mean          | 2e+03       |
|    ep_rew_mean          | 3.44e+03    |
| time/                   |             |
|    fps                  | 3669        |
|    iterations           | 19          |
|    time_elapsed         | 201         |
|    total_timesteps      | 739328      |
| train/                  |             |
|    approx_kl            | 0.009132084 |
|    clip_fraction        | 0.0731      |
|    clip_range           | 0.2         |
|    entropy_loss         | 1.17        |
|    explained_variance   | 0.871       |
|    learning_rate        | 0.000293    |
|    loss                 | 0.449       |
|    n_updates            | 180         |
|    policy_gradient_loss | -0.00418    |
|    std                  | 0.133       |
|    value_loss           | 1.11        |
-----------------------------------------
Eval num_timesteps=760000, episode_reward=1951.71 +/- 926.76
Episode length: 2000.00 +/- 0.00
-----------------------------------------
| eval/                   |             |
|    mean_ep_length       | 2e+03       |
|    mean_reward          | 1.95e+03    |
| time/                   |             |
|    total_timesteps      | 760000      |
| train/                  |             |
|    approx_kl            | 0.008152324 |
|    clip_fraction        | 0.0718      |
|    clip_range           | 0.2         |
|    entropy_loss         | 1.27        |
|    explained_variance   | 0.796       |
|    learning_rate        | 0.000293    |
|    loss                 | 0.31        |
|    n_updates            | 190         |
|    policy_gradient_loss | -0.00472    |
|    std                  | 0.127       |
|    value_loss           | 0.815       |
-----------------------------------------
---------------------------------
| rollout/           |          |
|    ep_len_mean     | 2e+03    |
|    ep_rew_mean     | 3.46e+03 |
| time/              |          |
|    fps             | 3452     |
|    iterations      | 20       |
|    time_elapsed    | 225      |
|    total_timesteps | 778240   |
---------------------------------
-----------------------------------------
| rollout/                |             |
|    ep_len_mean          | 2e+03       |
|    ep_rew_mean          | 3.49e+03    |
| time/                   |             |
|    fps                  | 3543        |
|    iterations           | 21          |
|    time_elapsed         | 230         |
|    total_timesteps      | 817152      |
| train/                  |             |
|    approx_kl            | 0.010058326 |
|    clip_fraction        | 0.0787      |
|    clip_range           | 0.2         |
|    entropy_loss         | 1.37        |
|    explained_variance   | 0.857       |
|    learning_rate        | 0.000292    |
|    loss                 | 0.25        |
|    n_updates            | 200         |
|    policy_gradient_loss | -0.00477    |
|    std                  | 0.121       |
|    value_loss           | 0.555       |
-----------------------------------------
-----------------------------------------
| rollout/                |             |
|    ep_len_mean          | 2e+03       |
|    ep_rew_mean          | 3.5e+03     |
| time/                   |             |
|    fps                  | 3624        |
|    iterations           | 22          |
|    time_elapsed         | 236         |
|    total_timesteps      | 856064      |
| train/                  |             |
|    approx_kl            | 0.008958043 |
|    clip_fraction        | 0.0742      |
|    clip_range           | 0.2         |
|    entropy_loss         | 1.46        |
|    explained_variance   | 0.867       |
|    learning_rate        | 0.000292    |
|    loss                 | 0.23        |
|    n_updates            | 210         |
|    policy_gradient_loss | -0.00493    |
|    std                  | 0.115       |
|    value_loss           | 0.499       |
-----------------------------------------
-----------------------------------------
| rollout/                |             |
|    ep_len_mean          | 2e+03       |
|    ep_rew_mean          | 3.52e+03    |
| time/                   |             |
|    fps                  | 3703        |
|    iterations           | 23          |
|    time_elapsed         | 241         |
|    total_timesteps      | 894976      |
| train/                  |             |
|    approx_kl            | 0.010161492 |
|    clip_fraction        | 0.0785      |
|    clip_range           | 0.2         |
|    entropy_loss         | 1.57        |
|    explained_variance   | 0.822       |
|    learning_rate        | 0.000291    |
|    loss                 | 0.166       |
|    n_updates            | 220         |
|    policy_gradient_loss | -0.0048     |
|    std                  | 0.109       |
|    value_loss           | 0.41        |
-----------------------------------------
-----------------------------------------
| rollout/                |             |
|    ep_len_mean          | 2e+03       |
|    ep_rew_mean          | 3.54e+03    |
| time/                   |             |
|    fps                  | 3782        |
|    iterations           | 24          |
|    time_elapsed         | 246         |
|    total_timesteps      | 933888      |
| train/                  |             |
|    approx_kl            | 0.008460111 |
|    clip_fraction        | 0.0664      |
|    clip_range           | 0.2         |
|    entropy_loss         | 1.67        |
|    explained_variance   | 0.826       |
|    learning_rate        | 0.000291    |
|    loss                 | 0.187       |
|    n_updates            | 230         |
|    policy_gradient_loss | -0.00413    |
|    std                  | 0.104       |
|    value_loss           | 0.374       |
-----------------------------------------
Eval num_timesteps=950000, episode_reward=1958.24 +/- 943.11
Episode length: 2000.00 +/- 0.00
------------------------------------------
| eval/                   |              |
|    mean_ep_length       | 2e+03        |
|    mean_reward          | 1.96e+03     |
| time/                   |              |
|    total_timesteps      | 950000       |
| train/                  |              |
|    approx_kl            | 0.0074168006 |
|    clip_fraction        | 0.0645       |
|    clip_range           | 0.2          |
|    entropy_loss         | 1.76         |
|    explained_variance   | 0.839        |
|    learning_rate        | 0.000291     |
|    loss                 | 0.179        |
|    n_updates            | 240          |
|    policy_gradient_loss | -0.00345     |
|    std                  | 0.0994       |
|    value_loss           | 0.33         |
------------------------------------------
New best mean reward!
---------------------------------
| rollout/           |          |
|    ep_len_mean     | 2e+03    |
|    ep_rew_mean     | 3.54e+03 |
| time/              |          |
|    fps             | 3593     |
|    iterations      | 25       |
|    time_elapsed    | 270      |
|    total_timesteps | 972800   |
---------------------------------
------------------------------------------
| rollout/                |              |
|    ep_len_mean          | 2e+03        |
|    ep_rew_mean          | 3.55e+03     |
| time/                   |              |
|    fps                  | 3666         |
|    iterations           | 26           |
|    time_elapsed         | 275          |
|    total_timesteps      | 1011712      |
| train/                  |              |
|    approx_kl            | 0.0068857213 |
|    clip_fraction        | 0.0674       |
|    clip_range           | 0.2          |
|    entropy_loss         | 1.84         |
|    explained_variance   | 0.824        |
|    learning_rate        | 0.00029      |
|    loss                 | 0.193        |
|    n_updates            | 250          |
|    policy_gradient_loss | -0.00323     |
|    std                  | 0.0958       |
|    value_loss           | 0.413        |
------------------------------------------
------------------------------------------
| rollout/                |              |
|    ep_len_mean          | 2e+03        |
|    ep_rew_mean          | 3.56e+03     |
| time/                   |              |
|    fps                  | 3736         |
|    iterations           | 27           |
|    time_elapsed         | 281          |
|    total_timesteps      | 1050624      |
| train/                  |              |
|    approx_kl            | 0.0074988613 |
|    clip_fraction        | 0.0633       |
|    clip_range           | 0.2          |
|    entropy_loss         | 1.92         |
|    explained_variance   | 0.858        |
|    learning_rate        | 0.00029      |
|    loss                 | 0.166        |
|    n_updates            | 260          |
|    policy_gradient_loss | -0.00272     |
|    std                  | 0.0917       |
|    value_loss           | 0.326        |
------------------------------------------
-----------------------------------------
| rollout/                |             |
|    ep_len_mean          | 2e+03       |
|    ep_rew_mean          | 3.57e+03    |
| time/                   |             |
|    fps                  | 3804        |
|    iterations           | 28          |
|    time_elapsed         | 286         |
|    total_timesteps      | 1089536     |
| train/                  |             |
|    approx_kl            | 0.007158714 |
|    clip_fraction        | 0.0618      |
|    clip_range           | 0.2         |
|    entropy_loss         | 1.99        |
|    explained_variance   | 0.846       |
|    learning_rate        | 0.000289    |
|    loss                 | 0.181       |
|    n_updates            | 270         |
|    policy_gradient_loss | -0.00248    |
|    std                  | 0.0885      |
|    value_loss           | 0.38        |
-----------------------------------------
------------------------------------------
| rollout/                |              |
|    ep_len_mean          | 2e+03        |
|    ep_rew_mean          | 3.57e+03     |
| time/                   |              |
|    fps                  | 3870         |
|    iterations           | 29           |
|    time_elapsed         | 291          |
|    total_timesteps      | 1128448      |
| train/                  |              |
|    approx_kl            | 0.0076111867 |
|    clip_fraction        | 0.0592       |
|    clip_range           | 0.2          |
|    entropy_loss         | 2.07         |
|    explained_variance   | 0.878        |
|    learning_rate        | 0.000289     |
|    loss                 | 0.207        |
|    n_updates            | 280          |
|    policy_gradient_loss | -0.00262     |
|    std                  | 0.0851       |
|    value_loss           | 0.365        |
------------------------------------------
Eval num_timesteps=1140000, episode_reward=1985.15 +/- 931.62
Episode length: 2000.00 +/- 0.00
------------------------------------------
| eval/                   |              |
|    mean_ep_length       | 2e+03        |
|    mean_reward          | 1.99e+03     |
| time/                   |              |
|    total_timesteps      | 1140000      |
| train/                  |              |
|    approx_kl            | 0.0060052993 |
|    clip_fraction        | 0.0577       |
|    clip_range           | 0.2          |
|    entropy_loss         | 2.14         |
|    explained_variance   | 0.838        |
|    learning_rate        | 0.000289     |
|    loss                 | 0.179        |
|    n_updates            | 290          |
|    policy_gradient_loss | -0.00135     |
|    std                  | 0.0824       |
|    value_loss           | 0.407        |
------------------------------------------
New best mean reward!
---------------------------------
| rollout/           |          |
|    ep_len_mean     | 2e+03    |
|    ep_rew_mean     | 3.57e+03 |
| time/              |          |
|    fps             | 3703     |
|    iterations      | 30       |
|    time_elapsed    | 315      |
|    total_timesteps | 1167360  |
---------------------------------
----------------------------------------
| rollout/                |            |
|    ep_len_mean          | 2e+03      |
|    ep_rew_mean          | 3.58e+03   |
| time/                   |            |
|    fps                  | 3764       |
|    iterations           | 31         |
|    time_elapsed         | 320        |
|    total_timesteps      | 1206272    |
| train/                  |            |
|    approx_kl            | 0.00675885 |
|    clip_fraction        | 0.0661     |
|    clip_range           | 0.2        |
|    entropy_loss         | 2.21       |
|    explained_variance   | 0.88       |
|    learning_rate        | 0.000288   |
|    loss                 | 0.185      |
|    n_updates            | 300        |
|    policy_gradient_loss | -0.00189   |
|    std                  | 0.0795     |
|    value_loss           | 0.436      |
----------------------------------------
------------------------------------------
| rollout/                |              |
|    ep_len_mean          | 2e+03        |
|    ep_rew_mean          | 3.58e+03     |
| time/                   |              |
|    fps                  | 3824         |
|    iterations           | 32           |
|    time_elapsed         | 325          |
|    total_timesteps      | 1245184      |
| train/                  |              |
|    approx_kl            | 0.0066969153 |
|    clip_fraction        | 0.0629       |
|    clip_range           | 0.2          |
|    entropy_loss         | 2.29         |
|    explained_variance   | 0.859        |
|    learning_rate        | 0.000288     |
|    loss                 | 0.236        |
|    n_updates            | 310          |
|    policy_gradient_loss | -0.00217     |
|    std                  | 0.0765       |
|    value_loss           | 0.396        |
------------------------------------------
------------------------------------------
| rollout/                |              |
|    ep_len_mean          | 2e+03        |
|    ep_rew_mean          | 3.59e+03     |
| time/                   |              |
|    fps                  | 3882         |
|    iterations           | 33           |
|    time_elapsed         | 330          |
|    total_timesteps      | 1284096      |
| train/                  |              |
|    approx_kl            | 0.0068407175 |
|    clip_fraction        | 0.0627       |
|    clip_range           | 0.2          |
|    entropy_loss         | 2.35         |
|    explained_variance   | 0.838        |
|    learning_rate        | 0.000288     |
|    loss                 | 0.255        |
|    n_updates            | 320          |
|    policy_gradient_loss | -0.00163     |
|    std                  | 0.0743       |
|    value_loss           | 0.408        |
------------------------------------------
-----------------------------------------
| rollout/                |             |
|    ep_len_mean          | 2e+03       |
|    ep_rew_mean          | 3.6e+03     |
| time/                   |             |
|    fps                  | 3938        |
|    iterations           | 34          |
|    time_elapsed         | 335         |
|    total_timesteps      | 1323008     |
| train/                  |             |
|    approx_kl            | 0.005656088 |
|    clip_fraction        | 0.0619      |
|    clip_range           | 0.2         |
|    entropy_loss         | 2.4         |
|    explained_variance   | 0.876       |
|    learning_rate        | 0.000287    |
|    loss                 | 0.179       |
|    n_updates            | 330         |
|    policy_gradient_loss | -0.00207    |
|    std                  | 0.0724      |
|    value_loss           | 0.345       |
-----------------------------------------
Eval num_timesteps=1330000, episode_reward=1978.82 +/- 945.43
Episode length: 2000.00 +/- 0.00
-----------------------------------------
| eval/                   |             |
|    mean_ep_length       | 2e+03       |
|    mean_reward          | 1.98e+03    |
| time/                   |             |
|    total_timesteps      | 1330000     |
| train/                  |             |
|    approx_kl            | 0.007901916 |
|    clip_fraction        | 0.0742      |
|    clip_range           | 0.2         |
|    entropy_loss         | 2.46        |
|    explained_variance   | 0.901       |
|    learning_rate        | 0.000287    |
|    loss                 | 0.145       |
|    n_updates            | 340         |
|    policy_gradient_loss | -0.00287    |
|    std                  | 0.0702      |
|    value_loss           | 0.279       |
-----------------------------------------
---------------------------------
| rollout/           |          |
|    ep_len_mean     | 2e+03    |
|    ep_rew_mean     | 3.61e+03 |
| time/              |          |
|    fps             | 3787     |
|    iterations      | 35       |
|    time_elapsed    | 359      |
|    total_timesteps | 1361920  |
---------------------------------
------------------------------------------
| rollout/                |              |
|    ep_len_mean          | 2e+03        |
|    ep_rew_mean          | 3.61e+03     |
| time/                   |              |
|    fps                  | 3840         |
|    iterations           | 36           |
|    time_elapsed         | 364          |
|    total_timesteps      | 1400832      |
| train/                  |              |
|    approx_kl            | 0.0060548177 |
|    clip_fraction        | 0.0607       |
|    clip_range           | 0.2          |
|    entropy_loss         | 2.52         |
|    explained_variance   | 0.9          |
|    learning_rate        | 0.000286     |
|    loss                 | 0.149        |
|    n_updates            | 350          |
|    policy_gradient_loss | -0.00137     |
|    std                  | 0.0681       |
|    value_loss           | 0.26         |
------------------------------------------
------------------------------------------
| rollout/                |              |
|    ep_len_mean          | 2e+03        |
|    ep_rew_mean          | 3.61e+03     |
| time/                   |              |
|    fps                  | 3891         |
|    iterations           | 37           |
|    time_elapsed         | 369          |
|    total_timesteps      | 1439744      |
| train/                  |              |
|    approx_kl            | 0.0068125287 |
|    clip_fraction        | 0.0662       |
|    clip_range           | 0.2          |
|    entropy_loss         | 2.58         |
|    explained_variance   | 0.89         |
|    learning_rate        | 0.000286     |
|    loss                 | 0.151        |
|    n_updates            | 360          |
|    policy_gradient_loss | -0.00224     |
|    std                  | 0.066        |
|    value_loss           | 0.242        |
------------------------------------------
------------------------------------------
| rollout/                |              |
|    ep_len_mean          | 2e+03        |
|    ep_rew_mean          | 3.62e+03     |
| time/                   |              |
|    fps                  | 3942         |
|    iterations           | 38           |
|    time_elapsed         | 375          |
|    total_timesteps      | 1478656      |
| train/                  |              |
|    approx_kl            | 0.0066560954 |
|    clip_fraction        | 0.0768       |
|    clip_range           | 0.2          |
|    entropy_loss         | 2.63         |
|    explained_variance   | 0.868        |
|    learning_rate        | 0.000286     |
|    loss                 | 0.126        |
|    n_updates            | 370          |
|    policy_gradient_loss | -0.00233     |
|    std                  | 0.0646       |
|    value_loss           | 0.225        |
------------------------------------------
-----------------------------------------
| rollout/                |             |
|    ep_len_mean          | 2e+03       |
|    ep_rew_mean          | 3.62e+03    |
| time/                   |             |
|    fps                  | 3989        |
|    iterations           | 39          |
|    time_elapsed         | 380         |
|    total_timesteps      | 1517568     |
| train/                  |             |
|    approx_kl            | 0.006369389 |
|    clip_fraction        | 0.0663      |
|    clip_range           | 0.2         |
|    entropy_loss         | 2.68        |
|    explained_variance   | 0.925       |
|    learning_rate        | 0.000285    |
|    loss                 | 0.144       |
|    n_updates            | 380         |
|    policy_gradient_loss | -0.00224    |
|    std                  | 0.0628      |
|    value_loss           | 0.233       |
-----------------------------------------
Eval num_timesteps=1520000, episode_reward=1971.56 +/- 960.45
Episode length: 2000.00 +/- 0.00
-----------------------------------------
| eval/                   |             |
|    mean_ep_length       | 2e+03       |
|    mean_reward          | 1.97e+03    |
| time/                   |             |
|    total_timesteps      | 1520000     |
| train/                  |             |
|    approx_kl            | 0.008235756 |
|    clip_fraction        | 0.071       |
|    clip_range           | 0.2         |
|    entropy_loss         | 2.75        |
|    explained_variance   | 0.95        |
|    learning_rate        | 0.000285    |
|    loss                 | 0.143       |
|    n_updates            | 390         |
|    policy_gradient_loss | -0.00238    |
|    std                  | 0.0608      |
|    value_loss           | 0.261       |
-----------------------------------------
---------------------------------
| rollout/           |          |
|    ep_len_mean     | 2e+03    |
|    ep_rew_mean     | 3.62e+03 |
| time/              |          |
|    fps             | 3853     |
|    iterations      | 40       |
|    time_elapsed    | 403      |
|    total_timesteps | 1556480  |
---------------------------------
-----------------------------------------
| rollout/                |             |
|    ep_len_mean          | 2e+03       |
|    ep_rew_mean          | 3.63e+03    |
| time/                   |             |
|    fps                  | 3899        |
|    iterations           | 41          |
|    time_elapsed         | 409         |
|    total_timesteps      | 1595392     |
| train/                  |             |
|    approx_kl            | 0.007262114 |
|    clip_fraction        | 0.0716      |
|    clip_range           | 0.2         |
|    entropy_loss         | 2.82        |
|    explained_variance   | 0.943       |
|    learning_rate        | 0.000284    |
|    loss                 | 0.104       |
|    n_updates            | 400         |
|    policy_gradient_loss | -0.00275    |
|    std                  | 0.0589      |
|    value_loss           | 0.172       |
-----------------------------------------
-----------------------------------------
| rollout/                |             |
|    ep_len_mean          | 2e+03       |
|    ep_rew_mean          | 3.63e+03    |
| time/                   |             |
|    fps                  | 3945        |
|    iterations           | 42          |
|    time_elapsed         | 414         |
|    total_timesteps      | 1634304     |
| train/                  |             |
|    approx_kl            | 0.007835302 |
|    clip_fraction        | 0.0755      |
|    clip_range           | 0.2         |
|    entropy_loss         | 2.87        |
|    explained_variance   | 0.962       |
|    learning_rate        | 0.000284    |
|    loss                 | 0.113       |
|    n_updates            | 410         |
|    policy_gradient_loss | -0.00217    |
|    std                  | 0.0571      |
|    value_loss           | 0.149       |
-----------------------------------------
----------------------------------------
| rollout/                |            |
|    ep_len_mean          | 2e+03      |
|    ep_rew_mean          | 3.63e+03   |
| time/                   |            |
|    fps                  | 3988       |
|    iterations           | 43         |
|    time_elapsed         | 419        |
|    total_timesteps      | 1673216    |
| train/                  |            |
|    approx_kl            | 0.00586354 |
|    clip_fraction        | 0.0635     |
|    clip_range           | 0.2        |
|    entropy_loss         | 2.92       |
|    explained_variance   | 0.923      |
|    learning_rate        | 0.000284   |
|    loss                 | 0.106      |
|    n_updates            | 420        |
|    policy_gradient_loss | -0.00118   |
|    std                  | 0.0559     |
|    value_loss           | 0.194      |
----------------------------------------
Eval num_timesteps=1710000, episode_reward=1946.41 +/- 957.23
Episode length: 2000.00 +/- 0.00
------------------------------------------
| eval/                   |              |
|    mean_ep_length       | 2e+03        |
|    mean_reward          | 1.95e+03     |
| time/                   |              |
|    total_timesteps      | 1710000      |
| train/                  |              |
|    approx_kl            | 0.0070717447 |
|    clip_fraction        | 0.0635       |
|    clip_range           | 0.2          |
|    entropy_loss         | 2.97         |
|    explained_variance   | 0.939        |
|    learning_rate        | 0.000283     |
|    loss                 | 0.132        |
|    n_updates            | 430          |
|    policy_gradient_loss | -0.00157     |
|    std                  | 0.0544       |
|    value_loss           | 0.201        |
------------------------------------------
---------------------------------
| rollout/           |          |
|    ep_len_mean     | 2e+03    |
|    ep_rew_mean     | 3.63e+03 |
| time/              |          |
|    fps             | 3864     |
|    iterations      | 44       |
|    time_elapsed    | 442      |
|    total_timesteps | 1712128  |
---------------------------------
-----------------------------------------
| rollout/                |             |
|    ep_len_mean          | 2e+03       |
|    ep_rew_mean          | 3.64e+03    |
| time/                   |             |
|    fps                  | 3907        |
|    iterations           | 45          |
|    time_elapsed         | 448         |
|    total_timesteps      | 1751040     |
| train/                  |             |
|    approx_kl            | 0.007599998 |
|    clip_fraction        | 0.0777      |
|    clip_range           | 0.2         |
|    entropy_loss         | 3.01        |
|    explained_variance   | 0.928       |
|    learning_rate        | 0.000283    |
|    loss                 | 0.129       |
|    n_updates            | 440         |
|    policy_gradient_loss | -0.00223    |
|    std                  | 0.0538      |
|    value_loss           | 0.233       |
-----------------------------------------
----------------------------------------
| rollout/                |            |
|    ep_len_mean          | 2e+03      |
|    ep_rew_mean          | 3.64e+03   |
| time/                   |            |
|    fps                  | 3948       |
|    iterations           | 46         |
|    time_elapsed         | 453        |
|    total_timesteps      | 1789952    |
| train/                  |            |
|    approx_kl            | 0.00694063 |
|    clip_fraction        | 0.0722     |
|    clip_range           | 0.2        |
|    entropy_loss         | 3.05       |
|    explained_variance   | 0.936      |
|    learning_rate        | 0.000282   |
|    loss                 | 0.132      |
|    n_updates            | 450        |
|    policy_gradient_loss | -0.00106   |
|    std                  | 0.0524     |
|    value_loss           | 0.232      |
----------------------------------------
------------------------------------------
| rollout/                |              |
|    ep_len_mean          | 2e+03        |
|    ep_rew_mean          | 3.64e+03     |
| time/                   |              |
|    fps                  | 3987         |
|    iterations           | 47           |
|    time_elapsed         | 458          |
|    total_timesteps      | 1828864      |
| train/                  |              |
|    approx_kl            | 0.0064336723 |
|    clip_fraction        | 0.0744       |
|    clip_range           | 0.2          |
|    entropy_loss         | 3.09         |
|    explained_variance   | 0.934        |
|    learning_rate        | 0.000282     |
|    loss                 | 0.172        |
|    n_updates            | 460          |
|    policy_gradient_loss | -0.000527    |
|    std                  | 0.0512       |
|    value_loss           | 0.259        |
------------------------------------------
-----------------------------------------
| rollout/                |             |
|    ep_len_mean          | 2e+03       |
|    ep_rew_mean          | 3.65e+03    |
| time/                   |             |
|    fps                  | 4027        |
|    iterations           | 48          |
|    time_elapsed         | 463         |
|    total_timesteps      | 1867776     |
| train/                  |             |
|    approx_kl            | 0.006385354 |
|    clip_fraction        | 0.0718      |
|    clip_range           | 0.2         |
|    entropy_loss         | 3.15        |
|    explained_variance   | 0.945       |
|    learning_rate        | 0.000282    |
|    loss                 | 0.123       |
|    n_updates            | 470         |
|    policy_gradient_loss | -0.00161    |
|    std                  | 0.0497      |
|    value_loss           | 0.195       |
-----------------------------------------
Eval num_timesteps=1900000, episode_reward=1949.45 +/- 952.46
Episode length: 2000.00 +/- 0.00
-----------------------------------------
| eval/                   |             |
|    mean_ep_length       | 2e+03       |
|    mean_reward          | 1.95e+03    |
| time/                   |             |
|    total_timesteps      | 1900000     |
| train/                  |             |
|    approx_kl            | 0.007125373 |
|    clip_fraction        | 0.0763      |
|    clip_range           | 0.2         |
|    entropy_loss         | 3.2         |
|    explained_variance   | 0.929       |
|    learning_rate        | 0.000281    |
|    loss                 | 0.125       |
|    n_updates            | 480         |
|    policy_gradient_loss | -0.00241    |
|    std                  | 0.0486      |
|    value_loss           | 0.21        |
-----------------------------------------
---------------------------------
| rollout/           |          |
|    ep_len_mean     | 2e+03    |
|    ep_rew_mean     | 3.65e+03 |
| time/              |          |
|    fps             | 3913     |
|    iterations      | 49       |
|    time_elapsed    | 487      |
|    total_timesteps | 1906688  |
---------------------------------
------------------------------------------
| rollout/                |              |
|    ep_len_mean          | 2e+03        |
|    ep_rew_mean          | 3.65e+03     |
| time/                   |              |
|    fps                  | 3951         |
|    iterations           | 50           |
|    time_elapsed         | 492          |
|    total_timesteps      | 1945600      |
| train/                  |              |
|    approx_kl            | 0.0061728335 |
|    clip_fraction        | 0.0741       |
|    clip_range           | 0.2          |
|    entropy_loss         | 3.24         |
|    explained_variance   | 0.945        |
|    learning_rate        | 0.000281     |
|    loss                 | 0.129        |
|    n_updates            | 490          |
|    policy_gradient_loss | -0.00132     |
|    std                  | 0.0479       |
|    value_loss           | 0.215        |
------------------------------------------
------------------------------------------
| rollout/                |              |
|    ep_len_mean          | 2e+03        |
|    ep_rew_mean          | 3.65e+03     |
| time/                   |              |
|    fps                  | 3988         |
|    iterations           | 51           |
|    time_elapsed         | 497          |
|    total_timesteps      | 1984512      |
| train/                  |              |
|    approx_kl            | 0.0065969042 |
|    clip_fraction        | 0.0827       |
|    clip_range           | 0.2          |
|    entropy_loss         | 3.28         |
|    explained_variance   | 0.958        |
|    learning_rate        | 0.000281     |
|    loss                 | 0.127        |
|    n_updates            | 500          |
|    policy_gradient_loss | -0.0017      |
|    std                  | 0.0467       |
|    value_loss           | 0.196        |
------------------------------------------
-----------------------------------------
| rollout/                |             |
|    ep_len_mean          | 2e+03       |
|    ep_rew_mean          | 3.66e+03    |
| time/                   |             |
|    fps                  | 4025        |
|    iterations           | 52          |
|    time_elapsed         | 502         |
|    total_timesteps      | 2023424     |
| train/                  |             |
|    approx_kl            | 0.006737512 |
|    clip_fraction        | 0.0857      |
|    clip_range           | 0.2         |
|    entropy_loss         | 3.33        |
|    explained_variance   | 0.961       |
|    learning_rate        | 0.00028     |
|    loss                 | 0.111       |
|    n_updates            | 510         |
|    policy_gradient_loss | -0.000879   |
|    std                  | 0.0457      |
|    value_loss           | 0.177       |
-----------------------------------------
-----------------------------------------
| rollout/                |             |
|    ep_len_mean          | 2e+03       |
|    ep_rew_mean          | 3.66e+03    |
| time/                   |             |
|    fps                  | 4061        |
|    iterations           | 53          |
|    time_elapsed         | 507         |
|    total_timesteps      | 2062336     |
| train/                  |             |
|    approx_kl            | 0.009777455 |
|    clip_fraction        | 0.0943      |
|    clip_range           | 0.2         |
|    entropy_loss         | 3.4         |
|    explained_variance   | 0.964       |
|    learning_rate        | 0.00028     |
|    loss                 | 0.0727      |
|    n_updates            | 520         |
|    policy_gradient_loss | -0.00186    |
|    std                  | 0.044       |
|    value_loss           | 0.0833      |
-----------------------------------------
Eval num_timesteps=2090000, episode_reward=1967.95 +/- 952.03
Episode length: 2000.00 +/- 0.00
----------------------------------------
| eval/                   |            |
|    mean_ep_length       | 2e+03      |
|    mean_reward          | 1.97e+03   |
| time/                   |            |
|    total_timesteps      | 2090000    |
| train/                  |            |
|    approx_kl            | 0.01128901 |
|    clip_fraction        | 0.094      |
|    clip_range           | 0.2        |
|    entropy_loss         | 3.47       |
|    explained_variance   | 0.966      |
|    learning_rate        | 0.000279   |
|    loss                 | 0.0576     |
|    n_updates            | 530        |
|    policy_gradient_loss | -0.00179   |
|    std                  | 0.0423     |
|    value_loss           | 0.0671     |
----------------------------------------
---------------------------------
| rollout/           |          |
|    ep_len_mean     | 2e+03    |
|    ep_rew_mean     | 3.67e+03 |
| time/              |          |
|    fps             | 3956     |
|    iterations      | 54       |
|    time_elapsed    | 531      |
|    total_timesteps | 2101248  |
---------------------------------
------------------------------------------
| rollout/                |              |
|    ep_len_mean          | 2e+03        |
|    ep_rew_mean          | 3.67e+03     |
| time/                   |              |
|    fps                  | 3990         |
|    iterations           | 55           |
|    time_elapsed         | 536          |
|    total_timesteps      | 2140160      |
| train/                  |              |
|    approx_kl            | 0.0063130646 |
|    clip_fraction        | 0.0715       |
|    clip_range           | 0.2          |
|    entropy_loss         | 3.53         |
|    explained_variance   | 0.954        |
|    learning_rate        | 0.000279     |
|    loss                 | 0.0847       |
|    n_updates            | 540          |
|    policy_gradient_loss | -0.000822    |
|    std                  | 0.0413       |
|    value_loss           | 0.0928       |
------------------------------------------
-----------------------------------------
| rollout/                |             |
|    ep_len_mean          | 2e+03       |
|    ep_rew_mean          | 3.67e+03    |
| time/                   |             |
|    fps                  | 4024        |
|    iterations           | 56          |
|    time_elapsed         | 541         |
|    total_timesteps      | 2179072     |
| train/                  |             |
|    approx_kl            | 0.006731224 |
|    clip_fraction        | 0.0743      |
|    clip_range           | 0.2         |
|    entropy_loss         | 3.58        |
|    explained_variance   | 0.951       |
|    learning_rate        | 0.000279    |
|    loss                 | 0.0769      |
|    n_updates            | 550         |
|    policy_gradient_loss | -0.000716   |
|    std                  | 0.0402      |
|    value_loss           | 0.104       |
-----------------------------------------
----------------------------------------
| rollout/                |            |
|    ep_len_mean          | 2e+03      |
|    ep_rew_mean          | 3.68e+03   |
| time/                   |            |
|    fps                  | 4057       |
|    iterations           | 57         |
|    time_elapsed         | 546        |
|    total_timesteps      | 2217984    |
| train/                  |            |
|    approx_kl            | 0.00833501 |
|    clip_fraction        | 0.0892     |
|    clip_range           | 0.2        |
|    entropy_loss         | 3.63       |
|    explained_variance   | 0.968      |
|    learning_rate        | 0.000278   |
|    loss                 | 0.074      |
|    n_updates            | 560        |
|    policy_gradient_loss | -0.000678  |
|    std                  | 0.0391     |
|    value_loss           | 0.0986     |
----------------------------------------
-----------------------------------------
| rollout/                |             |
|    ep_len_mean          | 2e+03       |
|    ep_rew_mean          | 3.68e+03    |
| time/                   |             |
|    fps                  | 4088        |
|    iterations           | 58          |
|    time_elapsed         | 551         |
|    total_timesteps      | 2256896     |
| train/                  |             |
|    approx_kl            | 0.007674097 |
|    clip_fraction        | 0.0892      |
|    clip_range           | 0.2         |
|    entropy_loss         | 3.69        |
|    explained_variance   | 0.951       |
|    learning_rate        | 0.000278    |
|    loss                 | 0.0776      |
|    n_updates            | 570         |
|    policy_gradient_loss | -0.00123    |
|    std                  | 0.0379      |
|    value_loss           | 0.112       |
-----------------------------------------
Eval num_timesteps=2280000, episode_reward=1981.83 +/- 947.04
Episode length: 2000.00 +/- 0.00
------------------------------------------
| eval/                   |              |
|    mean_ep_length       | 2e+03        |
|    mean_reward          | 1.98e+03     |
| time/                   |              |
|    total_timesteps      | 2280000      |
| train/                  |              |
|    approx_kl            | 0.0095821135 |
|    clip_fraction        | 0.101        |
|    clip_range           | 0.2          |
|    entropy_loss         | 3.75         |
|    explained_variance   | 0.955        |
|    learning_rate        | 0.000277     |
|    loss                 | 0.0709       |
|    n_updates            | 580          |
|    policy_gradient_loss | -0.00163     |
|    std                  | 0.037        |
|    value_loss           | 0.1          |
------------------------------------------
---------------------------------
| rollout/           |          |
|    ep_len_mean     | 2e+03    |
|    ep_rew_mean     | 3.68e+03 |
| time/              |          |
|    fps             | 3988     |
|    iterations      | 59       |
|    time_elapsed    | 575      |
|    total_timesteps | 2295808  |
---------------------------------
-----------------------------------------
| rollout/                |             |
|    ep_len_mean          | 2e+03       |
|    ep_rew_mean          | 3.68e+03    |
| time/                   |             |
|    fps                  | 4019        |
|    iterations           | 60          |
|    time_elapsed         | 580         |
|    total_timesteps      | 2334720     |
| train/                  |             |
|    approx_kl            | 0.009673566 |
|    clip_fraction        | 0.0952      |
|    clip_range           | 0.2         |
|    entropy_loss         | 3.8         |
|    explained_variance   | 0.962       |
|    learning_rate        | 0.000277    |
|    loss                 | 0.0902      |
|    n_updates            | 590         |
|    policy_gradient_loss | -0.000812   |
|    std                  | 0.036       |
|    value_loss           | 0.114       |
-----------------------------------------
-----------------------------------------
| rollout/                |             |
|    ep_len_mean          | 2e+03       |
|    ep_rew_mean          | 3.67e+03    |
| time/                   |             |
|    fps                  | 4050        |
|    iterations           | 61          |
|    time_elapsed         | 585         |
|    total_timesteps      | 2373632     |
| train/                  |             |
|    approx_kl            | 0.008482871 |
|    clip_fraction        | 0.0961      |
|    clip_range           | 0.2         |
|    entropy_loss         | 3.83        |
|    explained_variance   | 0.96        |
|    learning_rate        | 0.000277    |
|    loss                 | 0.0868      |
|    n_updates            | 600         |
|    policy_gradient_loss | -0.000329   |
|    std                  | 0.0355      |
|    value_loss           | 0.149       |
-----------------------------------------
-----------------------------------------
| rollout/                |             |
|    ep_len_mean          | 2e+03       |
|    ep_rew_mean          | 3.67e+03    |
| time/                   |             |
|    fps                  | 4081        |
|    iterations           | 62          |
|    time_elapsed         | 591         |
|    total_timesteps      | 2412544     |
| train/                  |             |
|    approx_kl            | 0.009877056 |
|    clip_fraction        | 0.0913      |
|    clip_range           | 0.2         |
|    entropy_loss         | 3.86        |
|    explained_variance   | 0.939       |
|    learning_rate        | 0.000276    |
|    loss                 | 0.12        |
|    n_updates            | 610         |
|    policy_gradient_loss | 0.00075     |
|    std                  | 0.0351      |
|    value_loss           | 0.175       |
-----------------------------------------
-----------------------------------------
| rollout/                |             |
|    ep_len_mean          | 2e+03       |
|    ep_rew_mean          | 3.67e+03    |
| time/                   |             |
|    fps                  | 4111        |
|    iterations           | 63          |
|    time_elapsed         | 596         |
|    total_timesteps      | 2451456     |
| train/                  |             |
|    approx_kl            | 0.008476495 |
|    clip_fraction        | 0.106       |
|    clip_range           | 0.2         |
|    entropy_loss         | 3.91        |
|    explained_variance   | 0.953       |
|    learning_rate        | 0.000276    |
|    loss                 | 0.0881      |
|    n_updates            | 620         |
|    policy_gradient_loss | -0.000979   |
|    std                  | 0.034       |
|    value_loss           | 0.123       |
-----------------------------------------
Eval num_timesteps=2470000, episode_reward=1990.11 +/- 947.95
Episode length: 2000.00 +/- 0.00
----------------------------------------
| eval/                   |            |
|    mean_ep_length       | 2e+03      |
|    mean_reward          | 1.99e+03   |
| time/                   |            |
|    total_timesteps      | 2470000    |
| train/                  |            |
|    approx_kl            | 0.00969733 |
|    clip_fraction        | 0.118      |
|    clip_range           | 0.2        |
|    entropy_loss         | 3.97       |
|    explained_variance   | 0.969      |
|    learning_rate        | 0.000275   |
|    loss                 | 0.0613     |
|    n_updates            | 630        |
|    policy_gradient_loss | -0.000451  |
|    std                  | 0.033      |
|    value_loss           | 0.0919     |
----------------------------------------
New best mean reward!
---------------------------------
| rollout/           |          |
|    ep_len_mean     | 2e+03    |
|    ep_rew_mean     | 3.67e+03 |
| time/              |          |
|    fps             | 4019     |
|    iterations      | 64       |
|    time_elapsed    | 619      |
|    total_timesteps | 2490368  |
---------------------------------
-----------------------------------------
| rollout/                |             |
|    ep_len_mean          | 2e+03       |
|    ep_rew_mean          | 3.67e+03    |
| time/                   |             |
|    fps                  | 4049        |
|    iterations           | 65          |
|    time_elapsed         | 624         |
|    total_timesteps      | 2529280     |
| train/                  |             |
|    approx_kl            | 0.009395724 |
|    clip_fraction        | 0.106       |
|    clip_range           | 0.2         |
|    entropy_loss         | 4.03        |
|    explained_variance   | 0.956       |
|    learning_rate        | 0.000275    |
|    loss                 | 0.0901      |
|    n_updates            | 640         |
|    policy_gradient_loss | -0.00208    |
|    std                  | 0.032       |
|    value_loss           | 0.0766      |
-----------------------------------------
-----------------------------------------
| rollout/                |             |
|    ep_len_mean          | 2e+03       |
|    ep_rew_mean          | 3.68e+03    |
| time/                   |             |
|    fps                  | 4078        |
|    iterations           | 66          |
|    time_elapsed         | 629         |
|    total_timesteps      | 2568192     |
| train/                  |             |
|    approx_kl            | 0.009749922 |
|    clip_fraction        | 0.114       |
|    clip_range           | 0.2         |
|    entropy_loss         | 4.11        |
|    explained_variance   | 0.979       |
|    learning_rate        | 0.000275    |
|    loss                 | 0.0591      |
|    n_updates            | 650         |
|    policy_gradient_loss | -0.0016     |
|    std                  | 0.0307      |
|    value_loss           | 0.0654      |
-----------------------------------------
----------------------------------------
| rollout/                |            |
|    ep_len_mean          | 2e+03      |
|    ep_rew_mean          | 3.68e+03   |
| time/                   |            |
|    fps                  | 4106       |
|    iterations           | 67         |
|    time_elapsed         | 634        |
|    total_timesteps      | 2607104    |
| train/                  |            |
|    approx_kl            | 0.00890527 |
|    clip_fraction        | 0.103      |
|    clip_range           | 0.2        |
|    entropy_loss         | 4.15       |
|    explained_variance   | 0.964      |
|    learning_rate        | 0.000274   |
|    loss                 | 0.0753     |
|    n_updates            | 660        |
|    policy_gradient_loss | 0.000655   |
|    std                  | 0.0302     |
|    value_loss           | 0.0871     |
----------------------------------------
-----------------------------------------
| rollout/                |             |
|    ep_len_mean          | 2e+03       |
|    ep_rew_mean          | 3.69e+03    |
| time/                   |             |
|    fps                  | 4134        |
|    iterations           | 68          |
|    time_elapsed         | 640         |
|    total_timesteps      | 2646016     |
| train/                  |             |
|    approx_kl            | 0.009511765 |
|    clip_fraction        | 0.108       |
|    clip_range           | 0.2         |
|    entropy_loss         | 4.2         |
|    explained_variance   | 0.953       |
|    learning_rate        | 0.000274    |
|    loss                 | 0.0767      |
|    n_updates            | 670         |
|    policy_gradient_loss | -0.000595   |
|    std                  | 0.0294      |
|    value_loss           | 0.0885      |
-----------------------------------------
Eval num_timesteps=2660000, episode_reward=1985.99 +/- 954.59
Episode length: 2000.00 +/- 0.00
-----------------------------------------
| eval/                   |             |
|    mean_ep_length       | 2e+03       |
|    mean_reward          | 1.99e+03    |
| time/                   |             |
|    total_timesteps      | 2660000     |
| train/                  |             |
|    approx_kl            | 0.008750302 |
|    clip_fraction        | 0.0966      |
|    clip_range           | 0.2         |
|    entropy_loss         | 4.25        |
|    explained_variance   | 0.97        |
|    learning_rate        | 0.000274    |
|    loss                 | 0.0707      |
|    n_updates            | 680         |
|    policy_gradient_loss | -0.000138   |
|    std                  | 0.0287      |
|    value_loss           | 0.0692      |
-----------------------------------------
---------------------------------
| rollout/           |          |
|    ep_len_mean     | 2e+03    |
|    ep_rew_mean     | 3.69e+03 |
| time/              |          |
|    fps             | 4047     |
|    iterations      | 69       |
|    time_elapsed    | 663      |
|    total_timesteps | 2684928  |
---------------------------------
-----------------------------------------
| rollout/                |             |
|    ep_len_mean          | 2e+03       |
|    ep_rew_mean          | 3.69e+03    |
| time/                   |             |
|    fps                  | 4074        |
|    iterations           | 70          |
|    time_elapsed         | 668         |
|    total_timesteps      | 2723840     |
| train/                  |             |
|    approx_kl            | 0.011159795 |
|    clip_fraction        | 0.094       |
|    clip_range           | 0.2         |
|    entropy_loss         | 4.27        |
|    explained_variance   | 0.959       |
|    learning_rate        | 0.000273    |
|    loss                 | 0.109       |
|    n_updates            | 690         |
|    policy_gradient_loss | 0.000255    |
|    std                  | 0.0287      |
|    value_loss           | 0.114       |
-----------------------------------------
-----------------------------------------
| rollout/                |             |
|    ep_len_mean          | 2e+03       |
|    ep_rew_mean          | 3.69e+03    |
| time/                   |             |
|    fps                  | 4101        |
|    iterations           | 71          |
|    time_elapsed         | 673         |
|    total_timesteps      | 2762752     |
| train/                  |             |
|    approx_kl            | 0.008092727 |
|    clip_fraction        | 0.107       |
|    clip_range           | 0.2         |
|    entropy_loss         | 4.28        |
|    explained_variance   | 0.954       |
|    learning_rate        | 0.000273    |
|    loss                 | 0.11        |
|    n_updates            | 700         |
|    policy_gradient_loss | 0.0013      |
|    std                  | 0.0284      |
|    value_loss           | 0.145       |
-----------------------------------------
----------------------------------------
| rollout/                |            |
|    ep_len_mean          | 2e+03      |
|    ep_rew_mean          | 3.69e+03   |
| time/                   |            |
|    fps                  | 4127       |
|    iterations           | 72         |
|    time_elapsed         | 678        |
|    total_timesteps      | 2801664    |
| train/                  |            |
|    approx_kl            | 0.00856535 |
|    clip_fraction        | 0.106      |
|    clip_range           | 0.2        |
|    entropy_loss         | 4.32       |
|    explained_variance   | 0.955      |
|    learning_rate        | 0.000272   |
|    loss                 | 0.075      |
|    n_updates            | 710        |
|    policy_gradient_loss | -0.000107  |
|    std                  | 0.0278     |
|    value_loss           | 0.0708     |
----------------------------------------
------------------------------------------
| rollout/                |              |
|    ep_len_mean          | 2e+03        |
|    ep_rew_mean          | 3.69e+03     |
| time/                   |              |
|    fps                  | 4153         |
|    iterations           | 73           |
|    time_elapsed         | 683          |
|    total_timesteps      | 2840576      |
| train/                  |              |
|    approx_kl            | 0.0072732707 |
|    clip_fraction        | 0.0958       |
|    clip_range           | 0.2          |
|    entropy_loss         | 4.34         |
|    explained_variance   | 0.958        |
|    learning_rate        | 0.000272     |
|    loss                 | 0.0798       |
|    n_updates            | 720          |
|    policy_gradient_loss | 0.00134      |
|    std                  | 0.0275       |
|    value_loss           | 0.129        |
------------------------------------------
Eval num_timesteps=2850000, episode_reward=1995.06 +/- 949.68
Episode length: 2000.00 +/- 0.00
----------------------------------------
| eval/                   |            |
|    mean_ep_length       | 2e+03      |
|    mean_reward          | 2e+03      |
| time/                   |            |
|    total_timesteps      | 2850000    |
| train/                  |            |
|    approx_kl            | 0.00853856 |
|    clip_fraction        | 0.105      |
|    clip_range           | 0.2        |
|    entropy_loss         | 4.38       |
|    explained_variance   | 0.966      |
|    learning_rate        | 0.000272   |
|    loss                 | 0.0793     |
|    n_updates            | 730        |
|    policy_gradient_loss | 0.00018    |
|    std                  | 0.027      |
|    value_loss           | 0.094      |
----------------------------------------
New best mean reward!
---------------------------------
| rollout/           |          |
|    ep_len_mean     | 2e+03    |
|    ep_rew_mean     | 3.69e+03 |
| time/              |          |
|    fps             | 4069     |
|    iterations      | 74       |
|    time_elapsed    | 707      |
|    total_timesteps | 2879488  |
---------------------------------
-----------------------------------------
| rollout/                |             |
|    ep_len_mean          | 2e+03       |
|    ep_rew_mean          | 3.7e+03     |
| time/                   |             |
|    fps                  | 4094        |
|    iterations           | 75          |
|    time_elapsed         | 712         |
|    total_timesteps      | 2918400     |
| train/                  |             |
|    approx_kl            | 0.010924983 |
|    clip_fraction        | 0.111       |
|    clip_range           | 0.2         |
|    entropy_loss         | 4.41        |
|    explained_variance   | 0.974       |
|    learning_rate        | 0.000271    |
|    loss                 | 0.0812      |
|    n_updates            | 740         |
|    policy_gradient_loss | 0.00191     |
|    std                  | 0.0266      |
|    value_loss           | 0.0901      |
-----------------------------------------
------------------------------------------
| rollout/                |              |
|    ep_len_mean          | 2e+03        |
|    ep_rew_mean          | 3.7e+03      |
| time/                   |              |
|    fps                  | 4119         |
|    iterations           | 76           |
|    time_elapsed         | 717          |
|    total_timesteps      | 2957312      |
| train/                  |              |
|    approx_kl            | 0.0077893906 |
|    clip_fraction        | 0.0995       |
|    clip_range           | 0.2          |
|    entropy_loss         | 4.44         |
|    explained_variance   | 0.965        |
|    learning_rate        | 0.000271     |
|    loss                 | 0.0933       |
|    n_updates            | 750          |
|    policy_gradient_loss | 0.00101      |
|    std                  | 0.0262       |
|    value_loss           | 0.114        |
------------------------------------------
-----------------------------------------
| rollout/                |             |
|    ep_len_mean          | 2e+03       |
|    ep_rew_mean          | 3.7e+03     |
| time/                   |             |
|    fps                  | 4143        |
|    iterations           | 77          |
|    time_elapsed         | 723         |
|    total_timesteps      | 2996224     |
| train/                  |             |
|    approx_kl            | 0.008070677 |
|    clip_fraction        | 0.118       |
|    clip_range           | 0.2         |
|    entropy_loss         | 4.48        |
|    explained_variance   | 0.975       |
|    learning_rate        | 0.00027     |
|    loss                 | 0.0726      |
|    n_updates            | 760         |
|    policy_gradient_loss | -0.000431   |
|    std                  | 0.0255      |
|    value_loss           | 0.0507      |
-----------------------------------------
-----------------------------------------
| rollout/                |             |
|    ep_len_mean          | 2e+03       |
|    ep_rew_mean          | 3.7e+03     |
| time/                   |             |
|    fps                  | 4167        |
|    iterations           | 78          |
|    time_elapsed         | 728         |
|    total_timesteps      | 3035136     |
| train/                  |             |
|    approx_kl            | 0.007681776 |
|    clip_fraction        | 0.0953      |
|    clip_range           | 0.2         |
|    entropy_loss         | 4.49        |
|    explained_variance   | 0.958       |
|    learning_rate        | 0.00027     |
|    loss                 | 0.0718      |
|    n_updates            | 770         |
|    policy_gradient_loss | 0.00225     |
|    std                  | 0.0256      |
|    value_loss           | 0.113       |
-----------------------------------------
Eval num_timesteps=3040000, episode_reward=1996.68 +/- 946.13
Episode length: 2000.00 +/- 0.00
------------------------------------------
| eval/                   |              |
|    mean_ep_length       | 2e+03        |
|    mean_reward          | 2e+03        |
| time/                   |              |
|    total_timesteps      | 3040000      |
| train/                  |              |
|    approx_kl            | 0.0072019813 |
|    clip_fraction        | 0.104        |
|    clip_range           | 0.2          |
|    entropy_loss         | 4.5          |
|    explained_variance   | 0.968        |
|    learning_rate        | 0.00027      |
|    loss                 | 0.0837       |
|    n_updates            | 780          |
|    policy_gradient_loss | 0.00158      |
|    std                  | 0.0254       |
|    value_loss           | 0.111        |
------------------------------------------
New best mean reward!
---------------------------------
| rollout/           |          |
|    ep_len_mean     | 2e+03    |
|    ep_rew_mean     | 3.7e+03  |
| time/              |          |
|    fps             | 4082     |
|    iterations      | 79       |
|    time_elapsed    | 752      |
|    total_timesteps | 3074048  |
---------------------------------
-----------------------------------------
| rollout/                |             |
|    ep_len_mean          | 2e+03       |
|    ep_rew_mean          | 3.7e+03     |
| time/                   |             |
|    fps                  | 4105        |
|    iterations           | 80          |
|    time_elapsed         | 758         |
|    total_timesteps      | 3112960     |
| train/                  |             |
|    approx_kl            | 0.009523101 |
|    clip_fraction        | 0.109       |
|    clip_range           | 0.2         |
|    entropy_loss         | 4.53        |
|    explained_variance   | 0.98        |
|    learning_rate        | 0.000269    |
|    loss                 | 0.0922      |
|    n_updates            | 790         |
|    policy_gradient_loss | 0.00105     |
|    std                  | 0.0251      |
|    value_loss           | 0.107       |
-----------------------------------------
-----------------------------------------
| rollout/                |             |
|    ep_len_mean          | 2e+03       |
|    ep_rew_mean          | 3.7e+03     |
| time/                   |             |
|    fps                  | 4128        |
|    iterations           | 81          |
|    time_elapsed         | 763         |
|    total_timesteps      | 3151872     |
| train/                  |             |
|    approx_kl            | 0.010812498 |
|    clip_fraction        | 0.132       |
|    clip_range           | 0.2         |
|    entropy_loss         | 4.56        |
|    explained_variance   | 0.969       |
|    learning_rate        | 0.000269    |
|    loss                 | 0.127       |
|    n_updates            | 800         |
|    policy_gradient_loss | 0.000777    |
|    std                  | 0.0247      |
|    value_loss           | 0.116       |
-----------------------------------------
----------------------------------------
| rollout/                |            |
|    ep_len_mean          | 2e+03      |
|    ep_rew_mean          | 3.7e+03    |
| time/                   |            |
|    fps                  | 4150       |
|    iterations           | 82         |
|    time_elapsed         | 768        |
|    total_timesteps      | 3190784    |
| train/                  |            |
|    approx_kl            | 0.00914523 |
|    clip_fraction        | 0.112      |
|    clip_range           | 0.2        |
|    entropy_loss         | 4.59       |
|    explained_variance   | 0.983      |
|    learning_rate        | 0.000268   |
|    loss                 | 0.0974     |
|    n_updates            | 810        |
|    policy_gradient_loss | 0.00086    |
|    std                  | 0.0243     |
|    value_loss           | 0.0825     |
----------------------------------------
-----------------------------------------
| rollout/                |             |
|    ep_len_mean          | 2e+03       |
|    ep_rew_mean          | 3.7e+03     |
| time/                   |             |
|    fps                  | 4173        |
|    iterations           | 83          |
|    time_elapsed         | 773         |
|    total_timesteps      | 3229696     |
| train/                  |             |
|    approx_kl            | 0.010391187 |
|    clip_fraction        | 0.107       |
|    clip_range           | 0.2         |
|    entropy_loss         | 4.61        |
|    explained_variance   | 0.98        |
|    learning_rate        | 0.000268    |
|    loss                 | 0.0868      |
|    n_updates            | 820         |
|    policy_gradient_loss | 0.000958    |
|    std                  | 0.024       |
|    value_loss           | 0.0713      |
-----------------------------------------
Eval num_timesteps=3230000, episode_reward=2003.46 +/- 959.43
Episode length: 2000.00 +/- 0.00
-----------------------------------------
| eval/                   |             |
|    mean_ep_length       | 2e+03       |
|    mean_reward          | 2e+03       |
| time/                   |             |
|    total_timesteps      | 3230000     |
| train/                  |             |
|    approx_kl            | 0.010054668 |
|    clip_fraction        | 0.113       |
|    clip_range           | 0.2         |
|    entropy_loss         | 4.67        |
|    explained_variance   | 0.981       |
|    learning_rate        | 0.000268    |
|    loss                 | 0.0638      |
|    n_updates            | 830         |
|    policy_gradient_loss | -0.0015     |
|    std                  | 0.0233      |
|    value_loss           | 0.0427      |
-----------------------------------------
New best mean reward!
---------------------------------
| rollout/           |          |
|    ep_len_mean     | 2e+03    |
|    ep_rew_mean     | 3.71e+03 |
| time/              |          |
|    fps             | 4101     |
|    iterations      | 84       |
|    time_elapsed    | 796      |
|    total_timesteps | 3268608  |
---------------------------------
------------------------------------------
| rollout/                |              |
|    ep_len_mean          | 2e+03        |
|    ep_rew_mean          | 3.71e+03     |
| time/                   |              |
|    fps                  | 4124         |
|    iterations           | 85           |
|    time_elapsed         | 801          |
|    total_timesteps      | 3307520      |
| train/                  |              |
|    approx_kl            | 0.0088305995 |
|    clip_fraction        | 0.118        |
|    clip_range           | 0.2          |
|    entropy_loss         | 4.69         |
|    explained_variance   | 0.974        |
|    learning_rate        | 0.000267     |
|    loss                 | 0.0788       |
|    n_updates            | 840          |
|    policy_gradient_loss | 0.000104     |
|    std                  | 0.0231       |
|    value_loss           | 0.0416       |
------------------------------------------
-----------------------------------------
| rollout/                |             |
|    ep_len_mean          | 2e+03       |
|    ep_rew_mean          | 3.72e+03    |
| time/                   |             |
|    fps                  | 4146        |
|    iterations           | 86          |
|    time_elapsed         | 807         |
|    total_timesteps      | 3346432     |
| train/                  |             |
|    approx_kl            | 0.011509867 |
|    clip_fraction        | 0.117       |
|    clip_range           | 0.2         |
|    entropy_loss         | 4.73        |
|    explained_variance   | 0.979       |
|    learning_rate        | 0.000267    |
|    loss                 | 0.0923      |
|    n_updates            | 850         |
|    policy_gradient_loss | 0.0006      |
|    std                  | 0.0227      |
|    value_loss           | 0.0594      |
-----------------------------------------
-----------------------------------------
| rollout/                |             |
|    ep_len_mean          | 2e+03       |
|    ep_rew_mean          | 3.72e+03    |
| time/                   |             |
|    fps                  | 4168        |
|    iterations           | 87          |
|    time_elapsed         | 812         |
|    total_timesteps      | 3385344     |
| train/                  |             |
|    approx_kl            | 0.013982229 |
|    clip_fraction        | 0.134       |
|    clip_range           | 0.2         |
|    entropy_loss         | 4.77        |
|    explained_variance   | 0.969       |
|    learning_rate        | 0.000267    |
|    loss                 | 0.0674      |
|    n_updates            | 860         |
|    policy_gradient_loss | 0.000248    |
|    std                  | 0.0221      |
|    value_loss           | 0.0375      |
-----------------------------------------
Eval num_timesteps=3420000, episode_reward=1993.80 +/- 947.20
Episode length: 2000.00 +/- 0.00
-----------------------------------------
| eval/                   |             |
|    mean_ep_length       | 2e+03       |
|    mean_reward          | 1.99e+03    |
| time/                   |             |
|    total_timesteps      | 3420000     |
| train/                  |             |
|    approx_kl            | 0.007961577 |
|    clip_fraction        | 0.106       |
|    clip_range           | 0.2         |
|    entropy_loss         | 4.79        |
|    explained_variance   | 0.98        |
|    learning_rate        | 0.000266    |
|    loss                 | 0.0758      |
|    n_updates            | 870         |
|    policy_gradient_loss | 0.0016      |
|    std                  | 0.0221      |
|    value_loss           | 0.0717      |
-----------------------------------------
---------------------------------
| rollout/           |          |
|    ep_len_mean     | 2e+03    |
|    ep_rew_mean     | 3.72e+03 |
| time/              |          |
|    fps             | 4097     |
|    iterations      | 88       |
|    time_elapsed    | 835      |
|    total_timesteps | 3424256  |
---------------------------------
-----------------------------------------
| rollout/                |             |
|    ep_len_mean          | 2e+03       |
|    ep_rew_mean          | 3.72e+03    |
| time/                   |             |
|    fps                  | 4119        |
|    iterations           | 89          |
|    time_elapsed         | 840         |
|    total_timesteps      | 3463168     |
| train/                  |             |
|    approx_kl            | 0.008961791 |
|    clip_fraction        | 0.114       |
|    clip_range           | 0.2         |
|    entropy_loss         | 4.81        |
|    explained_variance   | 0.979       |
|    learning_rate        | 0.000266    |
|    loss                 | 0.0976      |
|    n_updates            | 880         |
|    policy_gradient_loss | 0.00129     |
|    std                  | 0.0218      |
|    value_loss           | 0.0879      |
-----------------------------------------
-----------------------------------------
| rollout/                |             |
|    ep_len_mean          | 2e+03       |
|    ep_rew_mean          | 3.72e+03    |
| time/                   |             |
|    fps                  | 4140        |
|    iterations           | 90          |
|    time_elapsed         | 845         |
|    total_timesteps      | 3502080     |
| train/                  |             |
|    approx_kl            | 0.010614518 |
|    clip_fraction        | 0.118       |
|    clip_range           | 0.2         |
|    entropy_loss         | 4.84        |
|    explained_variance   | 0.981       |
|    learning_rate        | 0.000265    |
|    loss                 | 0.0593      |
|    n_updates            | 890         |
|    policy_gradient_loss | 0.000919    |
|    std                  | 0.0214      |
|    value_loss           | 0.0633      |
-----------------------------------------
-----------------------------------------
| rollout/                |             |
|    ep_len_mean          | 2e+03       |
|    ep_rew_mean          | 3.72e+03    |
| time/                   |             |
|    fps                  | 4160        |
|    iterations           | 91          |
|    time_elapsed         | 851         |
|    total_timesteps      | 3540992     |
| train/                  |             |
|    approx_kl            | 0.009246168 |
|    clip_fraction        | 0.12        |
|    clip_range           | 0.2         |
|    entropy_loss         | 4.85        |
|    explained_variance   | 0.983       |
|    learning_rate        | 0.000265    |
|    loss                 | 0.0827      |
|    n_updates            | 900         |
|    policy_gradient_loss | 0.000988    |
|    std                  | 0.0214      |
|    value_loss           | 0.057       |
-----------------------------------------
-----------------------------------------
| rollout/                |             |
|    ep_len_mean          | 2e+03       |
|    ep_rew_mean          | 3.72e+03    |
| time/                   |             |
|    fps                  | 4181        |
|    iterations           | 92          |
|    time_elapsed         | 856         |
|    total_timesteps      | 3579904     |
| train/                  |             |
|    approx_kl            | 0.009287429 |
|    clip_fraction        | 0.119       |
|    clip_range           | 0.2         |
|    entropy_loss         | 4.87        |
|    explained_variance   | 0.99        |
|    learning_rate        | 0.000265    |
|    loss                 | 0.101       |
|    n_updates            | 910         |
|    policy_gradient_loss | 0.00188     |
|    std                  | 0.0212      |
|    value_loss           | 0.0667      |
-----------------------------------------
Eval num_timesteps=3610000, episode_reward=2003.39 +/- 945.47
Episode length: 2000.00 +/- 0.00
----------------------------------------
| eval/                   |            |
|    mean_ep_length       | 2e+03      |
|    mean_reward          | 2e+03      |
| time/                   |            |
|    total_timesteps      | 3610000    |
| train/                  |            |
|    approx_kl            | 0.00843949 |
|    clip_fraction        | 0.104      |
|    clip_range           | 0.2        |
|    entropy_loss         | 4.89       |
|    explained_variance   | 0.98       |
|    learning_rate        | 0.000264   |
|    loss                 | 0.0875     |
|    n_updates            | 920        |
|    policy_gradient_loss | 0.00121    |
|    std                  | 0.021      |
|    value_loss           | 0.0955     |
----------------------------------------
---------------------------------
| rollout/           |          |
|    ep_len_mean     | 2e+03    |
|    ep_rew_mean     | 3.72e+03 |
| time/              |          |
|    fps             | 4114     |
|    iterations      | 93       |
|    time_elapsed    | 879      |
|    total_timesteps | 3618816  |
---------------------------------
-----------------------------------------
| rollout/                |             |
|    ep_len_mean          | 2e+03       |
|    ep_rew_mean          | 3.72e+03    |
| time/                   |             |
|    fps                  | 4134        |
|    iterations           | 94          |
|    time_elapsed         | 884         |
|    total_timesteps      | 3657728     |
| train/                  |             |
|    approx_kl            | 0.011016276 |
|    clip_fraction        | 0.128       |
|    clip_range           | 0.2         |
|    entropy_loss         | 4.92        |
|    explained_variance   | 0.981       |
|    learning_rate        | 0.000264    |
|    loss                 | 0.0869      |
|    n_updates            | 930         |
|    policy_gradient_loss | 0.00171     |
|    std                  | 0.0206      |
|    value_loss           | 0.0696      |
-----------------------------------------
-----------------------------------------
| rollout/                |             |
|    ep_len_mean          | 2e+03       |
|    ep_rew_mean          | 3.72e+03    |
| time/                   |             |
|    fps                  | 4154        |
|    iterations           | 95          |
|    time_elapsed         | 889         |
|    total_timesteps      | 3696640     |
| train/                  |             |
|    approx_kl            | 0.012143411 |
|    clip_fraction        | 0.13        |
|    clip_range           | 0.2         |
|    entropy_loss         | 4.95        |
|    explained_variance   | 0.973       |
|    learning_rate        | 0.000263    |
|    loss                 | 0.0743      |
|    n_updates            | 940         |
|    policy_gradient_loss | 0.000118    |
|    std                  | 0.0202      |
|    value_loss           | 0.0496      |
-----------------------------------------
-----------------------------------------
| rollout/                |             |
|    ep_len_mean          | 2e+03       |
|    ep_rew_mean          | 3.72e+03    |
| time/                   |             |
|    fps                  | 4173        |
|    iterations           | 96          |
|    time_elapsed         | 895         |
|    total_timesteps      | 3735552     |
| train/                  |             |
|    approx_kl            | 0.009674295 |
|    clip_fraction        | 0.128       |
|    clip_range           | 0.2         |
|    entropy_loss         | 4.96        |
|    explained_variance   | 0.981       |
|    learning_rate        | 0.000263    |
|    loss                 | 0.14        |
|    n_updates            | 950         |
|    policy_gradient_loss | 0.00191     |
|    std                  | 0.0203      |
|    value_loss           | 0.0976      |
-----------------------------------------
-----------------------------------------
| rollout/                |             |
|    ep_len_mean          | 2e+03       |
|    ep_rew_mean          | 3.72e+03    |
| time/                   |             |
|    fps                  | 4193        |
|    iterations           | 97          |
|    time_elapsed         | 900         |
|    total_timesteps      | 3774464     |
| train/                  |             |
|    approx_kl            | 0.014132821 |
|    clip_fraction        | 0.139       |
|    clip_range           | 0.2         |
|    entropy_loss         | 4.98        |
|    explained_variance   | 0.983       |
|    learning_rate        | 0.000263    |
|    loss                 | 0.0594      |
|    n_updates            | 960         |
|    policy_gradient_loss | 0.00129     |
|    std                  | 0.0201      |
|    value_loss           | 0.0721      |
-----------------------------------------
Eval num_timesteps=3800000, episode_reward=2009.35 +/- 959.75
Episode length: 2000.00 +/- 0.00
-----------------------------------------
| eval/                   |             |
|    mean_ep_length       | 2e+03       |
|    mean_reward          | 2.01e+03    |
| time/                   |             |
|    total_timesteps      | 3800000     |
| train/                  |             |
|    approx_kl            | 0.008319933 |
|    clip_fraction        | 0.115       |
|    clip_range           | 0.2         |
|    entropy_loss         | 4.98        |
|    explained_variance   | 0.987       |
|    learning_rate        | 0.000262    |
|    loss                 | 0.0759      |
|    n_updates            | 970         |
|    policy_gradient_loss | 0.00359     |
|    std                  | 0.0201      |
|    value_loss           | 0.0715      |
-----------------------------------------
New best mean reward!
---------------------------------
| rollout/           |          |
|    ep_len_mean     | 2e+03    |
|    ep_rew_mean     | 3.73e+03 |
| time/              |          |
|    fps             | 4130     |
|    iterations      | 98       |
|    time_elapsed    | 923      |
|    total_timesteps | 3813376  |
---------------------------------
-----------------------------------------
| rollout/                |             |
|    ep_len_mean          | 2e+03       |
|    ep_rew_mean          | 3.73e+03    |
| time/                   |             |
|    fps                  | 4149        |
|    iterations           | 99          |
|    time_elapsed         | 928         |
|    total_timesteps      | 3852288     |
| train/                  |             |
|    approx_kl            | 0.011215609 |
|    clip_fraction        | 0.124       |
|    clip_range           | 0.2         |
|    entropy_loss         | 5           |
|    explained_variance   | 0.987       |
|    learning_rate        | 0.000262    |
|    loss                 | 0.0959      |
|    n_updates            | 980         |
|    policy_gradient_loss | 0.00229     |
|    std                  | 0.0198      |
|    value_loss           | 0.0715      |
-----------------------------------------
-----------------------------------------
| rollout/                |             |
|    ep_len_mean          | 2e+03       |
|    ep_rew_mean          | 3.73e+03    |
| time/                   |             |
|    fps                  | 4168        |
|    iterations           | 100         |
|    time_elapsed         | 933         |
|    total_timesteps      | 3891200     |
| train/                  |             |
|    approx_kl            | 0.011829779 |
|    clip_fraction        | 0.125       |
|    clip_range           | 0.2         |
|    entropy_loss         | 5.04        |
|    explained_variance   | 0.982       |
|    learning_rate        | 0.000261    |
|    loss                 | 0.0761      |
|    n_updates            | 990         |
|    policy_gradient_loss | 0.000206    |
|    std                  | 0.0193      |
|    value_loss           | 0.0355      |
-----------------------------------------
-----------------------------------------
| rollout/                |             |
|    ep_len_mean          | 2e+03       |
|    ep_rew_mean          | 3.73e+03    |
| time/                   |             |
|    fps                  | 4187        |
|    iterations           | 101         |
|    time_elapsed         | 938         |
|    total_timesteps      | 3930112     |
| train/                  |             |
|    approx_kl            | 0.009915075 |
|    clip_fraction        | 0.129       |
|    clip_range           | 0.2         |
|    entropy_loss         | 5.07        |
|    explained_variance   | 0.979       |
|    learning_rate        | 0.000261    |
|    loss                 | 0.048       |
|    n_updates            | 1000        |
|    policy_gradient_loss | 0.000956    |
|    std                  | 0.0191      |
|    value_loss           | 0.061       |
-----------------------------------------
-----------------------------------------
| rollout/                |             |
|    ep_len_mean          | 2e+03       |
|    ep_rew_mean          | 3.73e+03    |
| time/                   |             |
|    fps                  | 4205        |
|    iterations           | 102         |
|    time_elapsed         | 943         |
|    total_timesteps      | 3969024     |
| train/                  |             |
|    approx_kl            | 0.010387144 |
|    clip_fraction        | 0.134       |
|    clip_range           | 0.2         |
|    entropy_loss         | 5.09        |
|    explained_variance   | 0.977       |
|    learning_rate        | 0.000261    |
|    loss                 | 0.0677      |
|    n_updates            | 1010        |
|    policy_gradient_loss | 0.000145    |
|    std                  | 0.0189      |
|    value_loss           | 0.0377      |
-----------------------------------------
Eval num_timesteps=3990000, episode_reward=2002.26 +/- 954.60
Episode length: 2000.00 +/- 0.00
-----------------------------------------
| eval/                   |             |
|    mean_ep_length       | 2e+03       |
|    mean_reward          | 2e+03       |
| time/                   |             |
|    total_timesteps      | 3990000     |
| train/                  |             |
|    approx_kl            | 0.009152686 |
|    clip_fraction        | 0.138       |
|    clip_range           | 0.2         |
|    entropy_loss         | 5.09        |
|    explained_variance   | 0.979       |
|    learning_rate        | 0.00026     |
|    loss                 | 0.111       |
|    n_updates            | 1020        |
|    policy_gradient_loss | 0.00392     |
|    std                  | 0.019       |
|    value_loss           | 0.0544      |
-----------------------------------------
---------------------------------
| rollout/           |          |
|    ep_len_mean     | 2e+03    |
|    ep_rew_mean     | 3.73e+03 |
| time/              |          |
|    fps             | 4144     |
|    iterations      | 103      |
|    time_elapsed    | 966      |
|    total_timesteps | 4007936  |
---------------------------------
-----------------------------------------
| rollout/                |             |
|    ep_len_mean          | 2e+03       |
|    ep_rew_mean          | 3.73e+03    |
| time/                   |             |
|    fps                  | 4163        |
|    iterations           | 104         |
|    time_elapsed         | 972         |
|    total_timesteps      | 4046848     |
| train/                  |             |
|    approx_kl            | 0.010132588 |
|    clip_fraction        | 0.125       |
|    clip_range           | 0.2         |
|    entropy_loss         | 5.09        |
|    explained_variance   | 0.977       |
|    learning_rate        | 0.00026     |
|    loss                 | 0.0674      |
|    n_updates            | 1030        |
|    policy_gradient_loss | 0.00428     |
|    std                  | 0.0189      |
|    value_loss           | 0.0424      |
-----------------------------------------
-----------------------------------------
| rollout/                |             |
|    ep_len_mean          | 2e+03       |
|    ep_rew_mean          | 3.73e+03    |
| time/                   |             |
|    fps                  | 4181        |
|    iterations           | 105         |
|    time_elapsed         | 977         |
|    total_timesteps      | 4085760     |
| train/                  |             |
|    approx_kl            | 0.010280714 |
|    clip_fraction        | 0.123       |
|    clip_range           | 0.2         |
|    entropy_loss         | 5.1         |
|    explained_variance   | 0.981       |
|    learning_rate        | 0.00026     |
|    loss                 | 0.0597      |
|    n_updates            | 1040        |
|    policy_gradient_loss | 0.0017      |
|    std                  | 0.0188      |
|    value_loss           | 0.0664      |
-----------------------------------------
-----------------------------------------
| rollout/                |             |
|    ep_len_mean          | 2e+03       |
|    ep_rew_mean          | 3.73e+03    |
| time/                   |             |
|    fps                  | 4198        |
|    iterations           | 106         |
|    time_elapsed         | 982         |
|    total_timesteps      | 4124672     |
| train/                  |             |
|    approx_kl            | 0.008974014 |
|    clip_fraction        | 0.125       |
|    clip_range           | 0.2         |
|    entropy_loss         | 5.13        |
|    explained_variance   | 0.984       |
|    learning_rate        | 0.000259    |
|    loss                 | 0.0995      |
|    n_updates            | 1050        |
|    policy_gradient_loss | 0.000671    |
|    std                  | 0.0185      |
|    value_loss           | 0.0508      |
-----------------------------------------
-----------------------------------------
| rollout/                |             |
|    ep_len_mean          | 2e+03       |
|    ep_rew_mean          | 3.73e+03    |
| time/                   |             |
|    fps                  | 4216        |
|    iterations           | 107         |
|    time_elapsed         | 987         |
|    total_timesteps      | 4163584     |
| train/                  |             |
|    approx_kl            | 0.009469025 |
|    clip_fraction        | 0.14        |
|    clip_range           | 0.2         |
|    entropy_loss         | 5.16        |
|    explained_variance   | 0.981       |
|    learning_rate        | 0.000259    |
|    loss                 | 0.077       |
|    n_updates            | 1060        |
|    policy_gradient_loss | 0.00175     |
|    std                  | 0.0183      |
|    value_loss           | 0.0474      |
-----------------------------------------
Eval num_timesteps=4180000, episode_reward=2005.41 +/- 957.58
Episode length: 2000.00 +/- 0.00
-----------------------------------------
| eval/                   |             |
|    mean_ep_length       | 2e+03       |
|    mean_reward          | 2.01e+03    |
| time/                   |             |
|    total_timesteps      | 4180000     |
| train/                  |             |
|    approx_kl            | 0.008821077 |
|    clip_fraction        | 0.135       |
|    clip_range           | 0.2         |
|    entropy_loss         | 5.17        |
|    explained_variance   | 0.988       |
|    learning_rate        | 0.000258    |
|    loss                 | 0.0677      |
|    n_updates            | 1070        |
|    policy_gradient_loss | 0.00181     |
|    std                  | 0.0183      |
|    value_loss           | 0.0401      |
-----------------------------------------
---------------------------------
| rollout/           |          |
|    ep_len_mean     | 2e+03    |
|    ep_rew_mean     | 3.73e+03 |
| time/              |          |
|    fps             | 4159     |
|    iterations      | 108      |
|    time_elapsed    | 1010     |
|    total_timesteps | 4202496  |
---------------------------------
-----------------------------------------
| rollout/                |             |
|    ep_len_mean          | 2e+03       |
|    ep_rew_mean          | 3.73e+03    |
| time/                   |             |
|    fps                  | 4177        |
|    iterations           | 109         |
|    time_elapsed         | 1015        |
|    total_timesteps      | 4241408     |
| train/                  |             |
|    approx_kl            | 0.010068325 |
|    clip_fraction        | 0.114       |
|    clip_range           | 0.2         |
|    entropy_loss         | 5.17        |
|    explained_variance   | 0.985       |
|    learning_rate        | 0.000258    |
|    loss                 | 0.06        |
|    n_updates            | 1080        |
|    policy_gradient_loss | 0.00145     |
|    std                  | 0.0182      |
|    value_loss           | 0.0598      |
-----------------------------------------
-----------------------------------------
| rollout/                |             |
|    ep_len_mean          | 2e+03       |
|    ep_rew_mean          | 3.74e+03    |
| time/                   |             |
|    fps                  | 4194        |
|    iterations           | 110         |
|    time_elapsed         | 1020        |
|    total_timesteps      | 4280320     |
| train/                  |             |
|    approx_kl            | 0.009238535 |
|    clip_fraction        | 0.123       |
|    clip_range           | 0.2         |
|    entropy_loss         | 5.19        |
|    explained_variance   | 0.981       |
|    learning_rate        | 0.000258    |
|    loss                 | 0.0701      |
|    n_updates            | 1090        |
|    policy_gradient_loss | 0.00157     |
|    std                  | 0.0181      |
|    value_loss           | 0.0505      |
-----------------------------------------
-----------------------------------------
| rollout/                |             |
|    ep_len_mean          | 2e+03       |
|    ep_rew_mean          | 3.73e+03    |
| time/                   |             |
|    fps                  | 4211        |
|    iterations           | 111         |
|    time_elapsed         | 1025        |
|    total_timesteps      | 4319232     |
| train/                  |             |
|    approx_kl            | 0.009245723 |
|    clip_fraction        | 0.126       |
|    clip_range           | 0.2         |
|    entropy_loss         | 5.21        |
|    explained_variance   | 0.987       |
|    learning_rate        | 0.000257    |
|    loss                 | 0.0878      |
|    n_updates            | 1100        |
|    policy_gradient_loss | 0.00274     |
|    std                  | 0.0179      |
|    value_loss           | 0.041       |
-----------------------------------------
-----------------------------------------
| rollout/                |             |
|    ep_len_mean          | 2e+03       |
|    ep_rew_mean          | 3.73e+03    |
| time/                   |             |
|    fps                  | 4228        |
|    iterations           | 112         |
|    time_elapsed         | 1030        |
|    total_timesteps      | 4358144     |
| train/                  |             |
|    approx_kl            | 0.012883932 |
|    clip_fraction        | 0.141       |
|    clip_range           | 0.2         |
|    entropy_loss         | 5.22        |
|    explained_variance   | 0.975       |
|    learning_rate        | 0.000257    |
|    loss                 | 0.0852      |
|    n_updates            | 1110        |
|    policy_gradient_loss | 0.002       |
|    std                  | 0.0178      |
|    value_loss           | 0.0749      |
-----------------------------------------
Eval num_timesteps=4370000, episode_reward=2000.68 +/- 949.73
Episode length: 2000.00 +/- 0.00
-----------------------------------------
| eval/                   |             |
|    mean_ep_length       | 2e+03       |
|    mean_reward          | 2e+03       |
| time/                   |             |
|    total_timesteps      | 4370000     |
| train/                  |             |
|    approx_kl            | 0.009669288 |
|    clip_fraction        | 0.134       |
|    clip_range           | 0.2         |
|    entropy_loss         | 5.24        |
|    explained_variance   | 0.99        |
|    learning_rate        | 0.000256    |
|    loss                 | 0.0493      |
|    n_updates            | 1120        |
|    policy_gradient_loss | 0.0018      |
|    std                  | 0.0175      |
|    value_loss           | 0.02        |
-----------------------------------------
---------------------------------
| rollout/           |          |
|    ep_len_mean     | 2e+03    |
|    ep_rew_mean     | 3.74e+03 |
| time/              |          |
|    fps             | 4172     |
|    iterations      | 113      |
|    time_elapsed    | 1053     |
|    total_timesteps | 4397056  |
---------------------------------
-----------------------------------------
| rollout/                |             |
|    ep_len_mean          | 2e+03       |
|    ep_rew_mean          | 3.74e+03    |
| time/                   |             |
|    fps                  | 4189        |
|    iterations           | 114         |
|    time_elapsed         | 1058        |
|    total_timesteps      | 4435968     |
| train/                  |             |
|    approx_kl            | 0.013785819 |
|    clip_fraction        | 0.115       |
|    clip_range           | 0.2         |
|    entropy_loss         | 5.24        |
|    explained_variance   | 0.985       |
|    learning_rate        | 0.000256    |
|    loss                 | 0.0619      |
|    n_updates            | 1130        |
|    policy_gradient_loss | 0.00342     |
|    std                  | 0.0177      |
|    value_loss           | 0.0478      |
-----------------------------------------
-----------------------------------------
| rollout/                |             |
|    ep_len_mean          | 2e+03       |
|    ep_rew_mean          | 3.74e+03    |
| time/                   |             |
|    fps                  | 4205        |
|    iterations           | 115         |
|    time_elapsed         | 1064        |
|    total_timesteps      | 4474880     |
| train/                  |             |
|    approx_kl            | 0.010724398 |
|    clip_fraction        | 0.138       |
|    clip_range           | 0.2         |
|    entropy_loss         | 5.25        |
|    explained_variance   | 0.982       |
|    learning_rate        | 0.000256    |
|    loss                 | 0.0699      |
|    n_updates            | 1140        |
|    policy_gradient_loss | 0.00268     |
|    std                  | 0.0175      |
|    value_loss           | 0.0341      |
-----------------------------------------
-----------------------------------------
| rollout/                |             |
|    ep_len_mean          | 2e+03       |
|    ep_rew_mean          | 3.74e+03    |
| time/                   |             |
|    fps                  | 4222        |
|    iterations           | 116         |
|    time_elapsed         | 1069        |
|    total_timesteps      | 4513792     |
| train/                  |             |
|    approx_kl            | 0.008697947 |
|    clip_fraction        | 0.143       |
|    clip_range           | 0.2         |
|    entropy_loss         | 5.26        |
|    explained_variance   | 0.983       |
|    learning_rate        | 0.000255    |
|    loss                 | 0.0552      |
|    n_updates            | 1150        |
|    policy_gradient_loss | 0.00236     |
|    std                  | 0.0174      |
|    value_loss           | 0.0385      |
-----------------------------------------
-----------------------------------------
| rollout/                |             |
|    ep_len_mean          | 2e+03       |
|    ep_rew_mean          | 3.74e+03    |
| time/                   |             |
|    fps                  | 4238        |
|    iterations           | 117         |
|    time_elapsed         | 1074        |
|    total_timesteps      | 4552704     |
| train/                  |             |
|    approx_kl            | 0.010971257 |
|    clip_fraction        | 0.129       |
|    clip_range           | 0.2         |
|    entropy_loss         | 5.29        |
|    explained_variance   | 0.987       |
|    learning_rate        | 0.000255    |
|    loss                 | 0.0747      |
|    n_updates            | 1160        |
|    policy_gradient_loss | 0.00151     |
|    std                  | 0.0171      |
|    value_loss           | 0.0366      |
-----------------------------------------
Eval num_timesteps=4560000, episode_reward=2002.86 +/- 956.88
Episode length: 2000.00 +/- 0.00
-----------------------------------------
| eval/                   |             |
|    mean_ep_length       | 2e+03       |
|    mean_reward          | 2e+03       |
| time/                   |             |
|    total_timesteps      | 4560000     |
| train/                  |             |
|    approx_kl            | 0.010328118 |
|    clip_fraction        | 0.123       |
|    clip_range           | 0.2         |
|    entropy_loss         | 5.32        |
|    explained_variance   | 0.978       |
|    learning_rate        | 0.000254    |
|    loss                 | 0.0715      |
|    n_updates            | 1170        |
|    policy_gradient_loss | 0.000767    |
|    std                  | 0.0169      |
|    value_loss           | 0.0404      |
-----------------------------------------
---------------------------------
| rollout/           |          |
|    ep_len_mean     | 2e+03    |
|    ep_rew_mean     | 3.74e+03 |
| time/              |          |
|    fps             | 4184     |
|    iterations      | 118      |
|    time_elapsed    | 1097     |
|    total_timesteps | 4591616  |
---------------------------------
-----------------------------------------
| rollout/                |             |
|    ep_len_mean          | 2e+03       |
|    ep_rew_mean          | 3.74e+03    |
| time/                   |             |
|    fps                  | 4200        |
|    iterations           | 119         |
|    time_elapsed         | 1102        |
|    total_timesteps      | 4630528     |
| train/                  |             |
|    approx_kl            | 0.011155619 |
|    clip_fraction        | 0.116       |
|    clip_range           | 0.2         |
|    entropy_loss         | 5.34        |
|    explained_variance   | 0.989       |
|    learning_rate        | 0.000254    |
|    loss                 | 0.0728      |
|    n_updates            | 1180        |
|    policy_gradient_loss | 0.00303     |
|    std                  | 0.0167      |
|    value_loss           | 0.0229      |
-----------------------------------------
-----------------------------------------
| rollout/                |             |
|    ep_len_mean          | 2e+03       |
|    ep_rew_mean          | 3.74e+03    |
| time/                   |             |
|    fps                  | 4216        |
|    iterations           | 120         |
|    time_elapsed         | 1107        |
|    total_timesteps      | 4669440     |
| train/                  |             |
|    approx_kl            | 0.009903015 |
|    clip_fraction        | 0.114       |
|    clip_range           | 0.2         |
|    entropy_loss         | 5.35        |
|    explained_variance   | 0.981       |
|    learning_rate        | 0.000254    |
|    loss                 | 0.0624      |
|    n_updates            | 1190        |
|    policy_gradient_loss | 0.00295     |
|    std                  | 0.0166      |
|    value_loss           | 0.0384      |
-----------------------------------------
-----------------------------------------
| rollout/                |             |
|    ep_len_mean          | 2e+03       |
|    ep_rew_mean          | 3.74e+03    |
| time/                   |             |
|    fps                  | 4232        |
|    iterations           | 121         |
|    time_elapsed         | 1112        |
|    total_timesteps      | 4708352     |
| train/                  |             |
|    approx_kl            | 0.009731876 |
|    clip_fraction        | 0.126       |
|    clip_range           | 0.2         |
|    entropy_loss         | 5.37        |
|    explained_variance   | 0.988       |
|    learning_rate        | 0.000253    |
|    loss                 | 0.0629      |
|    n_updates            | 1200        |
|    policy_gradient_loss | 0.000601    |
|    std                  | 0.0165      |
|    value_loss           | 0.0217      |
-----------------------------------------
-----------------------------------------
| rollout/                |             |
|    ep_len_mean          | 2e+03       |
|    ep_rew_mean          | 3.74e+03    |
| time/                   |             |
|    fps                  | 4247        |
|    iterations           | 122         |
|    time_elapsed         | 1117        |
|    total_timesteps      | 4747264     |
| train/                  |             |
|    approx_kl            | 0.009278959 |
|    clip_fraction        | 0.113       |
|    clip_range           | 0.2         |
|    entropy_loss         | 5.36        |
|    explained_variance   | 0.977       |
|    learning_rate        | 0.000253    |
|    loss                 | 0.0628      |
|    n_updates            | 1210        |
|    policy_gradient_loss | 0.00219     |
|    std                  | 0.0166      |
|    value_loss           | 0.0521      |
-----------------------------------------
Eval num_timesteps=4750000, episode_reward=2067.99 +/- 914.75
Episode length: 2000.00 +/- 0.00
-----------------------------------------
| eval/                   |             |
|    mean_ep_length       | 2e+03       |
|    mean_reward          | 2.07e+03    |
| time/                   |             |
|    total_timesteps      | 4750000     |
| train/                  |             |
|    approx_kl            | 0.008367614 |
|    clip_fraction        | 0.0994      |
|    clip_range           | 0.2         |
|    entropy_loss         | 5.37        |
|    explained_variance   | 0.983       |
|    learning_rate        | 0.000253    |
|    loss                 | 0.0664      |
|    n_updates            | 1220        |
|    policy_gradient_loss | 0.00176     |
|    std                  | 0.0165      |
|    value_loss           | 0.0307      |
-----------------------------------------
New best mean reward!
---------------------------------
| rollout/           |          |
|    ep_len_mean     | 2e+03    |
|    ep_rew_mean     | 3.73e+03 |
| time/              |          |
|    fps             | 4195     |
|    iterations      | 123      |
|    time_elapsed    | 1140     |
|    total_timesteps | 4786176  |
---------------------------------
-----------------------------------------
| rollout/                |             |
|    ep_len_mean          | 2e+03       |
|    ep_rew_mean          | 3.73e+03    |
| time/                   |             |
|    fps                  | 4210        |
|    iterations           | 124         |
|    time_elapsed         | 1146        |
|    total_timesteps      | 4825088     |
| train/                  |             |
|    approx_kl            | 0.009767216 |
|    clip_fraction        | 0.113       |
|    clip_range           | 0.2         |
|    entropy_loss         | 5.38        |
|    explained_variance   | 0.987       |
|    learning_rate        | 0.000252    |
|    loss                 | 0.0701      |
|    n_updates            | 1230        |
|    policy_gradient_loss | 0.00178     |
|    std                  | 0.0164      |
|    value_loss           | 0.0282      |
-----------------------------------------
-----------------------------------------
| rollout/                |             |
|    ep_len_mean          | 2e+03       |
|    ep_rew_mean          | 3.72e+03    |
| time/                   |             |
|    fps                  | 4225        |
|    iterations           | 125         |
|    time_elapsed         | 1151        |
|    total_timesteps      | 4864000     |
| train/                  |             |
|    approx_kl            | 0.007921569 |
|    clip_fraction        | 0.0928      |
|    clip_range           | 0.2         |
|    entropy_loss         | 5.38        |
|    explained_variance   | 0.977       |
|    learning_rate        | 0.000252    |
|    loss                 | 0.0747      |
|    n_updates            | 1240        |
|    policy_gradient_loss | 0.00189     |
|    std                  | 0.0165      |
|    value_loss           | 0.044       |
-----------------------------------------
------------------------------------------
| rollout/                |              |
|    ep_len_mean          | 2e+03        |
|    ep_rew_mean          | 3.72e+03     |
| time/                   |              |
|    fps                  | 4240         |
|    iterations           | 126          |
|    time_elapsed         | 1156         |
|    total_timesteps      | 4902912      |
| train/                  |              |
|    approx_kl            | 0.0085821925 |
|    clip_fraction        | 0.104        |
|    clip_range           | 0.2          |
|    entropy_loss         | 5.38         |
|    explained_variance   | 0.981        |
|    learning_rate        | 0.000251     |
|    loss                 | 0.0722       |
|    n_updates            | 1250         |
|    policy_gradient_loss | 0.00201      |
|    std                  | 0.0164       |
|    value_loss           | 0.0389       |
------------------------------------------
Eval num_timesteps=4940000, episode_reward=2176.05 +/- 855.05
Episode length: 2000.00 +/- 0.00
-----------------------------------------
| eval/                   |             |
|    mean_ep_length       | 2e+03       |
|    mean_reward          | 2.18e+03    |
| time/                   |             |
|    total_timesteps      | 4940000     |
| train/                  |             |
|    approx_kl            | 0.008619249 |
|    clip_fraction        | 0.101       |
|    clip_range           | 0.2         |
|    entropy_loss         | 5.39        |
|    explained_variance   | 0.981       |
|    learning_rate        | 0.000251    |
|    loss                 | 0.0817      |
|    n_updates            | 1260        |
|    policy_gradient_loss | 0.00269     |
|    std                  | 0.0164      |
|    value_loss           | 0.0446      |
-----------------------------------------
New best mean reward!
---------------------------------
| rollout/           |          |
|    ep_len_mean     | 2e+03    |
|    ep_rew_mean     | 3.72e+03 |
| time/              |          |
|    fps             | 4188     |
|    iterations      | 127      |
|    time_elapsed    | 1179     |
|    total_timesteps | 4941824  |
---------------------------------
-----------------------------------------
| rollout/                |             |
|    ep_len_mean          | 2e+03       |
|    ep_rew_mean          | 3.71e+03    |
| time/                   |             |
|    fps                  | 4203        |
|    iterations           | 128         |
|    time_elapsed         | 1185        |
|    total_timesteps      | 4980736     |
| train/                  |             |
|    approx_kl            | 0.008784282 |
|    clip_fraction        | 0.106       |
|    clip_range           | 0.2         |
|    entropy_loss         | 5.39        |
|    explained_variance   | 0.978       |
|    learning_rate        | 0.000251    |
|    loss                 | 0.0834      |
|    n_updates            | 1270        |
|    policy_gradient_loss | 0.00168     |
|    std                  | 0.0163      |
|    value_loss           | 0.0471      |
-----------------------------------------
------------------------------------------
| rollout/                |              |
|    ep_len_mean          | 2e+03        |
|    ep_rew_mean          | 3.71e+03     |
| time/                   |              |
|    fps                  | 4217         |
|    iterations           | 129          |
|    time_elapsed         | 1190         |
|    total_timesteps      | 5019648      |
| train/                  |              |
|    approx_kl            | 0.0083424775 |
|    clip_fraction        | 0.103        |
|    clip_range           | 0.2          |
|    entropy_loss         | 5.39         |
|    explained_variance   | 0.976        |
|    learning_rate        | 0.00025      |
|    loss                 | 0.0953       |
|    n_updates            | 1280         |
|    policy_gradient_loss | 0.00169      |
|    std                  | 0.0164       |
|    value_loss           | 0.0462       |
------------------------------------------
------------------------------------------
| rollout/                |              |
|    ep_len_mean          | 2e+03        |
|    ep_rew_mean          | 3.7e+03      |
| time/                   |              |
|    fps                  | 4232         |
|    iterations           | 130          |
|    time_elapsed         | 1195         |
|    total_timesteps      | 5058560      |
| train/                  |              |
|    approx_kl            | 0.0070885625 |
|    clip_fraction        | 0.0918       |
|    clip_range           | 0.2          |
|    entropy_loss         | 5.39         |
|    explained_variance   | 0.937        |
|    learning_rate        | 0.00025      |
|    loss                 | 0.0842       |
|    n_updates            | 1290         |
|    policy_gradient_loss | 0.00164      |
|    std                  | 0.0164       |
|    value_loss           | 0.0724       |
------------------------------------------
-----------------------------------------
| rollout/                |             |
|    ep_len_mean          | 2e+03       |
|    ep_rew_mean          | 3.7e+03     |
| time/                   |             |
|    fps                  | 4247        |
|    iterations           | 131         |
|    time_elapsed         | 1200        |
|    total_timesteps      | 5097472     |
| train/                  |             |
|    approx_kl            | 0.007697707 |
|    clip_fraction        | 0.0866      |
|    clip_range           | 0.2         |
|    entropy_loss         | 5.4         |
|    explained_variance   | 0.972       |
|    learning_rate        | 0.000249    |
|    loss                 | 0.0885      |
|    n_updates            | 1300        |
|    policy_gradient_loss | 0.00288     |
|    std                  | 0.0163      |
|    value_loss           | 0.0706      |
-----------------------------------------
Eval num_timesteps=5130000, episode_reward=2309.46 +/- 740.33
Episode length: 2000.00 +/- 0.00
-----------------------------------------
| eval/                   |             |
|    mean_ep_length       | 2e+03       |
|    mean_reward          | 2.31e+03    |
| time/                   |             |
|    total_timesteps      | 5130000     |
| train/                  |             |
|    approx_kl            | 0.008181854 |
|    clip_fraction        | 0.0934      |
|    clip_range           | 0.2         |
|    entropy_loss         | 5.39        |
|    explained_variance   | 0.953       |
|    learning_rate        | 0.000249    |
|    loss                 | 0.0814      |
|    n_updates            | 1310        |
|    policy_gradient_loss | 0.00164     |
|    std                  | 0.0163      |
|    value_loss           | 0.0818      |
-----------------------------------------
New best mean reward!
---------------------------------
| rollout/           |          |
|    ep_len_mean     | 2e+03    |
|    ep_rew_mean     | 3.69e+03 |
| time/              |          |
|    fps             | 4196     |
|    iterations      | 132      |
|    time_elapsed    | 1223     |
|    total_timesteps | 5136384  |
---------------------------------
------------------------------------------
| rollout/                |              |
|    ep_len_mean          | 2e+03        |
|    ep_rew_mean          | 3.69e+03     |
| time/                   |              |
|    fps                  | 4210         |
|    iterations           | 133          |
|    time_elapsed         | 1229         |
|    total_timesteps      | 5175296      |
| train/                  |              |
|    approx_kl            | 0.0074292836 |
|    clip_fraction        | 0.0948       |
|    clip_range           | 0.2          |
|    entropy_loss         | 5.39         |
|    explained_variance   | 0.967        |
|    learning_rate        | 0.000249     |
|    loss                 | 0.0915       |
|    n_updates            | 1320         |
|    policy_gradient_loss | 0.00278      |
|    std                  | 0.0163       |
|    value_loss           | 0.088        |
------------------------------------------
-----------------------------------------
| rollout/                |             |
|    ep_len_mean          | 2e+03       |
|    ep_rew_mean          | 3.69e+03    |
| time/                   |             |
|    fps                  | 4224        |
|    iterations           | 134         |
|    time_elapsed         | 1234        |
|    total_timesteps      | 5214208     |
| train/                  |             |
|    approx_kl            | 0.009920252 |
|    clip_fraction        | 0.109       |
|    clip_range           | 0.2         |
|    entropy_loss         | 5.39        |
|    explained_variance   | 0.964       |
|    learning_rate        | 0.000248    |
|    loss                 | 0.0827      |
|    n_updates            | 1330        |
|    policy_gradient_loss | 0.00296     |
|    std                  | 0.0164      |
|    value_loss           | 0.105       |
-----------------------------------------
------------------------------------------
| rollout/                |              |
|    ep_len_mean          | 2e+03        |
|    ep_rew_mean          | 3.68e+03     |
| time/                   |              |
|    fps                  | 4238         |
|    iterations           | 135          |
|    time_elapsed         | 1239         |
|    total_timesteps      | 5253120      |
| train/                  |              |
|    approx_kl            | 0.0068591866 |
|    clip_fraction        | 0.091        |
|    clip_range           | 0.2          |
|    entropy_loss         | 5.38         |
|    explained_variance   | 0.962        |
|    learning_rate        | 0.000248     |
|    loss                 | 0.115        |
|    n_updates            | 1340         |
|    policy_gradient_loss | 0.00348      |
|    std                  | 0.0164       |
|    value_loss           | 0.0964       |
------------------------------------------
-----------------------------------------
| rollout/                |             |
|    ep_len_mean          | 2e+03       |
|    ep_rew_mean          | 3.68e+03    |
| time/                   |             |
|    fps                  | 4252        |
|    iterations           | 136         |
|    time_elapsed         | 1244        |
|    total_timesteps      | 5292032     |
| train/                  |             |
|    approx_kl            | 0.006790954 |
|    clip_fraction        | 0.0867      |
|    clip_range           | 0.2         |
|    entropy_loss         | 5.37        |
|    explained_variance   | 0.917       |
|    learning_rate        | 0.000247    |
|    loss                 | 0.0906      |
|    n_updates            | 1350        |
|    policy_gradient_loss | 0.00124     |
|    std                  | 0.0165      |
|    value_loss           | 0.1         |
-----------------------------------------
Eval num_timesteps=5320000, episode_reward=2419.71 +/- 687.86
Episode length: 2000.00 +/- 0.00
------------------------------------------
| eval/                   |              |
|    mean_ep_length       | 2e+03        |
|    mean_reward          | 2.42e+03     |
| time/                   |              |
|    total_timesteps      | 5320000      |
| train/                  |              |
|    approx_kl            | 0.0071694176 |
|    clip_fraction        | 0.0995       |
|    clip_range           | 0.2          |
|    entropy_loss         | 5.36         |
|    explained_variance   | 0.93         |
|    learning_rate        | 0.000247     |
|    loss                 | 0.11         |
|    n_updates            | 1360         |
|    policy_gradient_loss | 0.0025       |
|    std                  | 0.0166       |
|    value_loss           | 0.133        |
------------------------------------------
New best mean reward!
---------------------------------
| rollout/           |          |
|    ep_len_mean     | 2e+03    |
|    ep_rew_mean     | 3.67e+03 |
| time/              |          |
|    fps             | 4204     |
|    iterations      | 137      |
|    time_elapsed    | 1267     |
|    total_timesteps | 5330944  |
---------------------------------
-----------------------------------------
| rollout/                |             |
|    ep_len_mean          | 2e+03       |
|    ep_rew_mean          | 3.67e+03    |
| time/                   |             |
|    fps                  | 4218        |
|    iterations           | 138         |
|    time_elapsed         | 1273        |
|    total_timesteps      | 5369856     |
| train/                  |             |
|    approx_kl            | 0.008000497 |
|    clip_fraction        | 0.0946      |
|    clip_range           | 0.2         |
|    entropy_loss         | 5.36        |
|    explained_variance   | 0.918       |
|    learning_rate        | 0.000247    |
|    loss                 | 0.115       |
|    n_updates            | 1370        |
|    policy_gradient_loss | 0.00168     |
|    std                  | 0.0165      |
|    value_loss           | 0.148       |
-----------------------------------------
-----------------------------------------
| rollout/                |             |
|    ep_len_mean          | 2e+03       |
|    ep_rew_mean          | 3.66e+03    |
| time/                   |             |
|    fps                  | 4231        |
|    iterations           | 139         |
|    time_elapsed         | 1278        |
|    total_timesteps      | 5408768     |
| train/                  |             |
|    approx_kl            | 0.009503828 |
|    clip_fraction        | 0.096       |
|    clip_range           | 0.2         |
|    entropy_loss         | 5.36        |
|    explained_variance   | 0.943       |
|    learning_rate        | 0.000246    |
|    loss                 | 0.124       |
|    n_updates            | 1380        |
|    policy_gradient_loss | 0.00282     |
|    std                  | 0.0166      |
|    value_loss           | 0.134       |
-----------------------------------------
------------------------------------------
| rollout/                |              |
|    ep_len_mean          | 2e+03        |
|    ep_rew_mean          | 3.66e+03     |
| time/                   |              |
|    fps                  | 4244         |
|    iterations           | 140          |
|    time_elapsed         | 1283         |
|    total_timesteps      | 5447680      |
| train/                  |              |
|    approx_kl            | 0.0076623103 |
|    clip_fraction        | 0.0956       |
|    clip_range           | 0.2          |
|    entropy_loss         | 5.35         |
|    explained_variance   | 0.919        |
|    learning_rate        | 0.000246     |
|    loss                 | 0.119        |
|    n_updates            | 1390         |
|    policy_gradient_loss | 0.00259      |
|    std                  | 0.0167       |
|    value_loss           | 0.131        |
------------------------------------------
-----------------------------------------
| rollout/                |             |
|    ep_len_mean          | 2e+03       |
|    ep_rew_mean          | 3.65e+03    |
| time/                   |             |
|    fps                  | 4258        |
|    iterations           | 141         |
|    time_elapsed         | 1288        |
|    total_timesteps      | 5486592     |
| train/                  |             |
|    approx_kl            | 0.009180295 |
|    clip_fraction        | 0.0955      |
|    clip_range           | 0.2         |
|    entropy_loss         | 5.36        |
|    explained_variance   | 0.936       |
|    learning_rate        | 0.000246    |
|    loss                 | 0.111       |
|    n_updates            | 1400        |
|    policy_gradient_loss | 0.00234     |
|    std                  | 0.0166      |
|    value_loss           | 0.158       |
-----------------------------------------
Eval num_timesteps=5510000, episode_reward=2461.09 +/- 686.02
Episode length: 2000.00 +/- 0.00
-----------------------------------------
| eval/                   |             |
|    mean_ep_length       | 2e+03       |
|    mean_reward          | 2.46e+03    |
| time/                   |             |
|    total_timesteps      | 5510000     |
| train/                  |             |
|    approx_kl            | 0.010419103 |
|    clip_fraction        | 0.0962      |
|    clip_range           | 0.2         |
|    entropy_loss         | 5.35        |
|    explained_variance   | 0.918       |
|    learning_rate        | 0.000245    |
|    loss                 | 0.125       |
|    n_updates            | 1410        |
|    policy_gradient_loss | 0.00254     |
|    std                  | 0.0166      |
|    value_loss           | 0.18        |
-----------------------------------------
New best mean reward!
---------------------------------
| rollout/           |          |
|    ep_len_mean     | 2e+03    |
|    ep_rew_mean     | 3.65e+03 |
| time/              |          |
|    fps             | 4211     |
|    iterations      | 142      |
|    time_elapsed    | 1311     |
|    total_timesteps | 5525504  |
---------------------------------
-----------------------------------------
| rollout/                |             |
|    ep_len_mean          | 2e+03       |
|    ep_rew_mean          | 3.65e+03    |
| time/                   |             |
|    fps                  | 4224        |
|    iterations           | 143         |
|    time_elapsed         | 1317        |
|    total_timesteps      | 5564416     |
| train/                  |             |
|    approx_kl            | 0.009101051 |
|    clip_fraction        | 0.0986      |
|    clip_range           | 0.2         |
|    entropy_loss         | 5.35        |
|    explained_variance   | 0.93        |
|    learning_rate        | 0.000245    |
|    loss                 | 0.12        |
|    n_updates            | 1420        |
|    policy_gradient_loss | 0.00187     |
|    std                  | 0.0168      |
|    value_loss           | 0.157       |
-----------------------------------------
----------------------------------------
| rollout/                |            |
|    ep_len_mean          | 2e+03      |
|    ep_rew_mean          | 3.64e+03   |
| time/                   |            |
|    fps                  | 4238       |
|    iterations           | 144        |
|    time_elapsed         | 1322       |
|    total_timesteps      | 5603328    |
| train/                  |            |
|    approx_kl            | 0.00940875 |
|    clip_fraction        | 0.108      |
|    clip_range           | 0.2        |
|    entropy_loss         | 5.34       |
|    explained_variance   | 0.95       |
|    learning_rate        | 0.000244   |
|    loss                 | 0.166      |
|    n_updates            | 1430       |
|    policy_gradient_loss | 0.00259    |
|    std                  | 0.0168     |
|    value_loss           | 0.187      |
----------------------------------------
-----------------------------------------
| rollout/                |             |
|    ep_len_mean          | 2e+03       |
|    ep_rew_mean          | 3.63e+03    |
| time/                   |             |
|    fps                  | 4250        |
|    iterations           | 145         |
|    time_elapsed         | 1327        |
|    total_timesteps      | 5642240     |
| train/                  |             |
|    approx_kl            | 0.009972321 |
|    clip_fraction        | 0.111       |
|    clip_range           | 0.2         |
|    entropy_loss         | 5.33        |
|    explained_variance   | 0.951       |
|    learning_rate        | 0.000244    |
|    loss                 | 0.118       |
|    n_updates            | 1440        |
|    policy_gradient_loss | 0.00222     |
|    std                  | 0.0169      |
|    value_loss           | 0.176       |
-----------------------------------------
-----------------------------------------
| rollout/                |             |
|    ep_len_mean          | 2e+03       |
|    ep_rew_mean          | 3.63e+03    |
| time/                   |             |
|    fps                  | 4263        |
|    iterations           | 146         |
|    time_elapsed         | 1332        |
|    total_timesteps      | 5681152     |
| train/                  |             |
|    approx_kl            | 0.009253222 |
|    clip_fraction        | 0.108       |
|    clip_range           | 0.2         |
|    entropy_loss         | 5.32        |
|    explained_variance   | 0.943       |
|    learning_rate        | 0.000244    |
|    loss                 | 0.139       |
|    n_updates            | 1450        |
|    policy_gradient_loss | 0.00196     |
|    std                  | 0.017       |
|    value_loss           | 0.2         |
-----------------------------------------
Eval num_timesteps=5700000, episode_reward=2454.92 +/- 695.80
Episode length: 2000.00 +/- 0.00
-----------------------------------------
| eval/                   |             |
|    mean_ep_length       | 2e+03       |
|    mean_reward          | 2.45e+03    |
| time/                   |             |
|    total_timesteps      | 5700000     |
| train/                  |             |
|    approx_kl            | 0.008765242 |
|    clip_fraction        | 0.104       |
|    clip_range           | 0.2         |
|    entropy_loss         | 5.29        |
|    explained_variance   | 0.95        |
|    learning_rate        | 0.000243    |
|    loss                 | 0.136       |
|    n_updates            | 1460        |
|    policy_gradient_loss | 0.00175     |
|    std                  | 0.0172      |
|    value_loss           | 0.18        |
-----------------------------------------
---------------------------------
| rollout/           |          |
|    ep_len_mean     | 2e+03    |
|    ep_rew_mean     | 3.62e+03 |
| time/              |          |
|    fps             | 4218     |
|    iterations      | 147      |
|    time_elapsed    | 1355     |
|    total_timesteps | 5720064  |
---------------------------------
------------------------------------------
| rollout/                |              |
|    ep_len_mean          | 2e+03        |
|    ep_rew_mean          | 3.62e+03     |
| time/                   |              |
|    fps                  | 4231         |
|    iterations           | 148          |
|    time_elapsed         | 1360         |
|    total_timesteps      | 5758976      |
| train/                  |              |
|    approx_kl            | 0.0077936053 |
|    clip_fraction        | 0.0963       |
|    clip_range           | 0.2          |
|    entropy_loss         | 5.27         |
|    explained_variance   | 0.939        |
|    learning_rate        | 0.000243     |
|    loss                 | 0.209        |
|    n_updates            | 1470         |
|    policy_gradient_loss | 0.00145      |
|    std                  | 0.0174       |
|    value_loss           | 0.254        |
------------------------------------------
-----------------------------------------
| rollout/                |             |
|    ep_len_mean          | 2e+03       |
|    ep_rew_mean          | 3.62e+03    |
| time/                   |             |
|    fps                  | 4244        |
|    iterations           | 149         |
|    time_elapsed         | 1366        |
|    total_timesteps      | 5797888     |
| train/                  |             |
|    approx_kl            | 0.009239623 |
|    clip_fraction        | 0.108       |
|    clip_range           | 0.2         |
|    entropy_loss         | 5.26        |
|    explained_variance   | 0.946       |
|    learning_rate        | 0.000242    |
|    loss                 | 0.145       |
|    n_updates            | 1480        |
|    policy_gradient_loss | 0.00137     |
|    std                  | 0.0174      |
|    value_loss           | 0.278       |
-----------------------------------------
----------------------------------------
| rollout/                |            |
|    ep_len_mean          | 2e+03      |
|    ep_rew_mean          | 3.62e+03   |
| time/                   |            |
|    fps                  | 4256       |
|    iterations           | 150        |
|    time_elapsed         | 1371       |
|    total_timesteps      | 5836800    |
| train/                  |            |
|    approx_kl            | 0.00909094 |
|    clip_fraction        | 0.104      |
|    clip_range           | 0.2        |
|    entropy_loss         | 5.26       |
|    explained_variance   | 0.96       |
|    learning_rate        | 0.000242   |
|    loss                 | 0.168      |
|    n_updates            | 1490       |
|    policy_gradient_loss | 0.00254    |
|    std                  | 0.0175     |
|    value_loss           | 0.243      |
----------------------------------------
-----------------------------------------
| rollout/                |             |
|    ep_len_mean          | 2e+03       |
|    ep_rew_mean          | 3.62e+03    |
| time/                   |             |
|    fps                  | 4269        |
|    iterations           | 151         |
|    time_elapsed         | 1376        |
|    total_timesteps      | 5875712     |
| train/                  |             |
|    approx_kl            | 0.010602072 |
|    clip_fraction        | 0.112       |
|    clip_range           | 0.2         |
|    entropy_loss         | 5.26        |
|    explained_variance   | 0.956       |
|    learning_rate        | 0.000242    |
|    loss                 | 0.167       |
|    n_updates            | 1500        |
|    policy_gradient_loss | 0.00299     |
|    std                  | 0.0175      |
|    value_loss           | 0.3         |
-----------------------------------------
Eval num_timesteps=5890000, episode_reward=2522.76 +/- 665.08
Episode length: 2000.00 +/- 0.00
-----------------------------------------
| eval/                   |             |
|    mean_ep_length       | 2e+03       |
|    mean_reward          | 2.52e+03    |
| time/                   |             |
|    total_timesteps      | 5890000     |
| train/                  |             |
|    approx_kl            | 0.008026831 |
|    clip_fraction        | 0.111       |
|    clip_range           | 0.2         |
|    entropy_loss         | 5.25        |
|    explained_variance   | 0.952       |
|    learning_rate        | 0.000241    |
|    loss                 | 0.253       |
|    n_updates            | 1510        |
|    policy_gradient_loss | 0.00306     |
|    std                  | 0.0176      |
|    value_loss           | 0.337       |
-----------------------------------------
New best mean reward!
---------------------------------
| rollout/           |          |
|    ep_len_mean     | 2e+03    |
|    ep_rew_mean     | 3.61e+03 |
| time/              |          |
|    fps             | 4225     |
|    iterations      | 152      |
|    time_elapsed    | 1399     |
|    total_timesteps | 5914624  |
---------------------------------
-----------------------------------------
| rollout/                |             |
|    ep_len_mean          | 2e+03       |
|    ep_rew_mean          | 3.61e+03    |
| time/                   |             |
|    fps                  | 4237        |
|    iterations           | 153         |
|    time_elapsed         | 1404        |
|    total_timesteps      | 5953536     |
| train/                  |             |
|    approx_kl            | 0.009971343 |
|    clip_fraction        | 0.123       |
|    clip_range           | 0.2         |
|    entropy_loss         | 5.24        |
|    explained_variance   | 0.942       |
|    learning_rate        | 0.000241    |
|    loss                 | 0.326       |
|    n_updates            | 1520        |
|    policy_gradient_loss | 0.00139     |
|    std                  | 0.0177      |
|    value_loss           | 0.356       |
-----------------------------------------
-----------------------------------------
| rollout/                |             |
|    ep_len_mean          | 2e+03       |
|    ep_rew_mean          | 3.61e+03    |
| time/                   |             |
|    fps                  | 4249        |
|    iterations           | 154         |
|    time_elapsed         | 1410        |
|    total_timesteps      | 5992448     |
| train/                  |             |
|    approx_kl            | 0.011330725 |
|    clip_fraction        | 0.116       |
|    clip_range           | 0.2         |
|    entropy_loss         | 5.23        |
|    explained_variance   | 0.938       |
|    learning_rate        | 0.00024     |
|    loss                 | 0.249       |
|    n_updates            | 1530        |
|    policy_gradient_loss | 0.00157     |
|    std                  | 0.0178      |
|    value_loss           | 0.372       |
-----------------------------------------
-----------------------------------------
| rollout/                |             |
|    ep_len_mean          | 2e+03       |
|    ep_rew_mean          | 3.6e+03     |
| time/                   |             |
|    fps                  | 4261        |
|    iterations           | 155         |
|    time_elapsed         | 1415        |
|    total_timesteps      | 6031360     |
| train/                  |             |
|    approx_kl            | 0.010188319 |
|    clip_fraction        | 0.121       |
|    clip_range           | 0.2         |
|    entropy_loss         | 5.22        |
|    explained_variance   | 0.935       |
|    learning_rate        | 0.00024     |
|    loss                 | 0.329       |
|    n_updates            | 1540        |
|    policy_gradient_loss | 0.00173     |
|    std                  | 0.0178      |
|    value_loss           | 0.404       |
-----------------------------------------
-----------------------------------------
| rollout/                |             |
|    ep_len_mean          | 2e+03       |
|    ep_rew_mean          | 3.6e+03     |
| time/                   |             |
|    fps                  | 4273        |
|    iterations           | 156         |
|    time_elapsed         | 1420        |
|    total_timesteps      | 6070272     |
| train/                  |             |
|    approx_kl            | 0.009455496 |
|    clip_fraction        | 0.126       |
|    clip_range           | 0.2         |
|    entropy_loss         | 5.2         |
|    explained_variance   | 0.942       |
|    learning_rate        | 0.00024     |
|    loss                 | 0.253       |
|    n_updates            | 1550        |
|    policy_gradient_loss | 0.00217     |
|    std                  | 0.018       |
|    value_loss           | 0.384       |
-----------------------------------------
Eval num_timesteps=6080000, episode_reward=2561.63 +/- 659.66
Episode length: 2000.00 +/- 0.00
-----------------------------------------
| eval/                   |             |
|    mean_ep_length       | 2e+03       |
|    mean_reward          | 2.56e+03    |
| time/                   |             |
|    total_timesteps      | 6080000     |
| train/                  |             |
|    approx_kl            | 0.009318563 |
|    clip_fraction        | 0.107       |
|    clip_range           | 0.2         |
|    entropy_loss         | 5.2         |
|    explained_variance   | 0.937       |
|    learning_rate        | 0.000239    |
|    loss                 | 0.292       |
|    n_updates            | 1560        |
|    policy_gradient_loss | 0.00091     |
|    std                  | 0.018       |
|    value_loss           | 0.427       |
-----------------------------------------
New best mean reward!
---------------------------------
| rollout/           |          |
|    ep_len_mean     | 2e+03    |
|    ep_rew_mean     | 3.6e+03  |
| time/              |          |
|    fps             | 4231     |
|    iterations      | 157      |
|    time_elapsed    | 1443     |
|    total_timesteps | 6109184  |
---------------------------------
-----------------------------------------
| rollout/                |             |
|    ep_len_mean          | 2e+03       |
|    ep_rew_mean          | 3.6e+03     |
| time/                   |             |
|    fps                  | 4242        |
|    iterations           | 158         |
|    time_elapsed         | 1449        |
|    total_timesteps      | 6148096     |
| train/                  |             |
|    approx_kl            | 0.010320223 |
|    clip_fraction        | 0.109       |
|    clip_range           | 0.2         |
|    entropy_loss         | 5.19        |
|    explained_variance   | 0.933       |
|    learning_rate        | 0.000239    |
|    loss                 | 0.226       |
|    n_updates            | 1570        |
|    policy_gradient_loss | 0.00199     |
|    std                  | 0.0181      |
|    value_loss           | 0.353       |
-----------------------------------------
-----------------------------------------
| rollout/                |             |
|    ep_len_mean          | 2e+03       |
|    ep_rew_mean          | 3.6e+03     |
| time/                   |             |
|    fps                  | 4253        |
|    iterations           | 159         |
|    time_elapsed         | 1454        |
|    total_timesteps      | 6187008     |
| train/                  |             |
|    approx_kl            | 0.008897298 |
|    clip_fraction        | 0.104       |
|    clip_range           | 0.2         |
|    entropy_loss         | 5.17        |
|    explained_variance   | 0.949       |
|    learning_rate        | 0.000239    |
|    loss                 | 0.229       |
|    n_updates            | 1580        |
|    policy_gradient_loss | 0.00233     |
|    std                  | 0.0183      |
|    value_loss           | 0.403       |
-----------------------------------------
-----------------------------------------
| rollout/                |             |
|    ep_len_mean          | 2e+03       |
|    ep_rew_mean          | 3.6e+03     |
| time/                   |             |
|    fps                  | 4265        |
|    iterations           | 160         |
|    time_elapsed         | 1459        |
|    total_timesteps      | 6225920     |
| train/                  |             |
|    approx_kl            | 0.008821357 |
|    clip_fraction        | 0.11        |
|    clip_range           | 0.2         |
|    entropy_loss         | 5.16        |
|    explained_variance   | 0.936       |
|    learning_rate        | 0.000238    |
|    loss                 | 0.265       |
|    n_updates            | 1590        |
|    policy_gradient_loss | 0.00217     |
|    std                  | 0.0184      |
|    value_loss           | 0.412       |
-----------------------------------------
----------------------------------------
| rollout/                |            |
|    ep_len_mean          | 2e+03      |
|    ep_rew_mean          | 3.59e+03   |
| time/                   |            |
|    fps                  | 4277       |
|    iterations           | 161        |
|    time_elapsed         | 1464       |
|    total_timesteps      | 6264832    |
| train/                  |            |
|    approx_kl            | 0.00798886 |
|    clip_fraction        | 0.116      |
|    clip_range           | 0.2        |
|    entropy_loss         | 5.15       |
|    explained_variance   | 0.943      |
|    learning_rate        | 0.000238   |
|    loss                 | 0.275      |
|    n_updates            | 1600       |
|    policy_gradient_loss | 0.00252    |
|    std                  | 0.0185     |
|    value_loss           | 0.467      |
----------------------------------------
Eval num_timesteps=6270000, episode_reward=2600.71 +/- 658.66
Episode length: 2000.00 +/- 0.00
-----------------------------------------
| eval/                   |             |
|    mean_ep_length       | 2e+03       |
|    mean_reward          | 2.6e+03     |
| time/                   |             |
|    total_timesteps      | 6270000     |
| train/                  |             |
|    approx_kl            | 0.008607024 |
|    clip_fraction        | 0.107       |
|    clip_range           | 0.2         |
|    entropy_loss         | 5.14        |
|    explained_variance   | 0.94        |
|    learning_rate        | 0.000237    |
|    loss                 | 0.165       |
|    n_updates            | 1610        |
|    policy_gradient_loss | 0.00198     |
|    std                  | 0.0185      |
|    value_loss           | 0.39        |
-----------------------------------------
New best mean reward!
---------------------------------
| rollout/           |          |
|    ep_len_mean     | 2e+03    |
|    ep_rew_mean     | 3.59e+03 |
| time/              |          |
|    fps             | 4235     |
|    iterations      | 162      |
|    time_elapsed    | 1488     |
|    total_timesteps | 6303744  |
---------------------------------
-----------------------------------------
| rollout/                |             |
|    ep_len_mean          | 2e+03       |
|    ep_rew_mean          | 3.59e+03    |
| time/                   |             |
|    fps                  | 4247        |
|    iterations           | 163         |
|    time_elapsed         | 1493        |
|    total_timesteps      | 6342656     |
| train/                  |             |
|    approx_kl            | 0.008405112 |
|    clip_fraction        | 0.111       |
|    clip_range           | 0.2         |
|    entropy_loss         | 5.14        |
|    explained_variance   | 0.955       |
|    learning_rate        | 0.000237    |
|    loss                 | 0.252       |
|    n_updates            | 1620        |
|    policy_gradient_loss | 0.00258     |
|    std                  | 0.0186      |
|    value_loss           | 0.354       |
-----------------------------------------
------------------------------------------
| rollout/                |              |
|    ep_len_mean          | 2e+03        |
|    ep_rew_mean          | 3.58e+03     |
| time/                   |              |
|    fps                  | 4258         |
|    iterations           | 164          |
|    time_elapsed         | 1498         |
|    total_timesteps      | 6381568      |
| train/                  |              |
|    approx_kl            | 0.0105376365 |
|    clip_fraction        | 0.113        |
|    clip_range           | 0.2          |
|    entropy_loss         | 5.14         |
|    explained_variance   | 0.951        |
|    learning_rate        | 0.000237     |
|    loss                 | 0.227        |
|    n_updates            | 1630         |
|    policy_gradient_loss | 0.00231      |
|    std                  | 0.0186       |
|    value_loss           | 0.405        |
------------------------------------------
-----------------------------------------
| rollout/                |             |
|    ep_len_mean          | 2e+03       |
|    ep_rew_mean          | 3.58e+03    |
| time/                   |             |
|    fps                  | 4269        |
|    iterations           | 165         |
|    time_elapsed         | 1503        |
|    total_timesteps      | 6420480     |
| train/                  |             |
|    approx_kl            | 0.008699169 |
|    clip_fraction        | 0.115       |
|    clip_range           | 0.2         |
|    entropy_loss         | 5.12        |
|    explained_variance   | 0.939       |
|    learning_rate        | 0.000236    |
|    loss                 | 0.368       |
|    n_updates            | 1640        |
|    policy_gradient_loss | 0.00176     |
|    std                  | 0.0187      |
|    value_loss           | 0.566       |
-----------------------------------------
-----------------------------------------
| rollout/                |             |
|    ep_len_mean          | 2e+03       |
|    ep_rew_mean          | 3.58e+03    |
| time/                   |             |
|    fps                  | 4281        |
|    iterations           | 166         |
|    time_elapsed         | 1508        |
|    total_timesteps      | 6459392     |
| train/                  |             |
|    approx_kl            | 0.008110171 |
|    clip_fraction        | 0.111       |
|    clip_range           | 0.2         |
|    entropy_loss         | 5.12        |
|    explained_variance   | 0.94        |
|    learning_rate        | 0.000236    |
|    loss                 | 0.231       |
|    n_updates            | 1650        |
|    policy_gradient_loss | 0.00217     |
|    std                  | 0.0187      |
|    value_loss           | 0.481       |
-----------------------------------------
Eval num_timesteps=6460000, episode_reward=2627.74 +/- 621.78
Episode length: 2000.00 +/- 0.00
-----------------------------------------
| eval/                   |             |
|    mean_ep_length       | 2e+03       |
|    mean_reward          | 2.63e+03    |
| time/                   |             |
|    total_timesteps      | 6460000     |
| train/                  |             |
|    approx_kl            | 0.007888094 |
|    clip_fraction        | 0.0998      |
|    clip_range           | 0.2         |
|    entropy_loss         | 5.11        |
|    explained_variance   | 0.945       |
|    learning_rate        | 0.000235    |
|    loss                 | 0.29        |
|    n_updates            | 1660        |
|    policy_gradient_loss | 0.00209     |
|    std                  | 0.0188      |
|    value_loss           | 0.453       |
-----------------------------------------
New best mean reward!
---------------------------------
| rollout/           |          |
|    ep_len_mean     | 2e+03    |
|    ep_rew_mean     | 3.57e+03 |
| time/              |          |
|    fps             | 4241     |
|    iterations      | 167      |
|    time_elapsed    | 1532     |
|    total_timesteps | 6498304  |
---------------------------------
------------------------------------------
| rollout/                |              |
|    ep_len_mean          | 2e+03        |
|    ep_rew_mean          | 3.57e+03     |
| time/                   |              |
|    fps                  | 4251         |
|    iterations           | 168          |
|    time_elapsed         | 1537         |
|    total_timesteps      | 6537216      |
| train/                  |              |
|    approx_kl            | 0.0081798835 |
|    clip_fraction        | 0.0984       |
|    clip_range           | 0.2          |
|    entropy_loss         | 5.1          |
|    explained_variance   | 0.93         |
|    learning_rate        | 0.000235     |
|    loss                 | 0.239        |
|    n_updates            | 1670         |
|    policy_gradient_loss | 0.00212      |
|    std                  | 0.0189       |
|    value_loss           | 0.499        |
------------------------------------------
------------------------------------------
| rollout/                |              |
|    ep_len_mean          | 2e+03        |
|    ep_rew_mean          | 3.57e+03     |
| time/                   |              |
|    fps                  | 4261         |
|    iterations           | 169          |
|    time_elapsed         | 1543         |
|    total_timesteps      | 6576128      |
| train/                  |              |
|    approx_kl            | 0.0076291617 |
|    clip_fraction        | 0.0978       |
|    clip_range           | 0.2          |
|    entropy_loss         | 5.09         |
|    explained_variance   | 0.953        |
|    learning_rate        | 0.000235     |
|    loss                 | 0.24         |
|    n_updates            | 1680         |
|    policy_gradient_loss | 0.00215      |
|    std                  | 0.019        |
|    value_loss           | 0.403        |
------------------------------------------
-----------------------------------------
| rollout/                |             |
|    ep_len_mean          | 2e+03       |
|    ep_rew_mean          | 3.57e+03    |
| time/                   |             |
|    fps                  | 4272        |
|    iterations           | 170         |
|    time_elapsed         | 1548        |
|    total_timesteps      | 6615040     |
| train/                  |             |
|    approx_kl            | 0.009890299 |
|    clip_fraction        | 0.102       |
|    clip_range           | 0.2         |
|    entropy_loss         | 5.1         |
|    explained_variance   | 0.934       |
|    learning_rate        | 0.000234    |
|    loss                 | 0.29        |
|    n_updates            | 1690        |
|    policy_gradient_loss | 0.00164     |
|    std                  | 0.0189      |
|    value_loss           | 0.554       |
-----------------------------------------
Eval num_timesteps=6650000, episode_reward=2661.95 +/- 610.86
Episode length: 2000.00 +/- 0.00
------------------------------------------
| eval/                   |              |
|    mean_ep_length       | 2e+03        |
|    mean_reward          | 2.66e+03     |
| time/                   |              |
|    total_timesteps      | 6650000      |
| train/                  |              |
|    approx_kl            | 0.0071343835 |
|    clip_fraction        | 0.099        |
|    clip_range           | 0.2          |
|    entropy_loss         | 5.1          |
|    explained_variance   | 0.948        |
|    learning_rate        | 0.000234     |
|    loss                 | 0.26         |
|    n_updates            | 1700         |
|    policy_gradient_loss | 0.00155      |
|    std                  | 0.0189       |
|    value_loss           | 0.557        |
------------------------------------------
New best mean reward!
---------------------------------
| rollout/           |          |
|    ep_len_mean     | 2e+03    |
|    ep_rew_mean     | 3.57e+03 |
| time/              |          |
|    fps             | 4232     |
|    iterations      | 171      |
|    time_elapsed    | 1572     |
|    total_timesteps | 6653952  |
---------------------------------
------------------------------------------
| rollout/                |              |
|    ep_len_mean          | 2e+03        |
|    ep_rew_mean          | 3.57e+03     |
| time/                   |              |
|    fps                  | 4243         |
|    iterations           | 172          |
|    time_elapsed         | 1577         |
|    total_timesteps      | 6692864      |
| train/                  |              |
|    approx_kl            | 0.0095021585 |
|    clip_fraction        | 0.104        |
|    clip_range           | 0.2          |
|    entropy_loss         | 5.09         |
|    explained_variance   | 0.95         |
|    learning_rate        | 0.000233     |
|    loss                 | 0.298        |
|    n_updates            | 1710         |
|    policy_gradient_loss | 0.0016       |
|    std                  | 0.019        |
|    value_loss           | 0.592        |
------------------------------------------
-----------------------------------------
| rollout/                |             |
|    ep_len_mean          | 2e+03       |
|    ep_rew_mean          | 3.57e+03    |
| time/                   |             |
|    fps                  | 4254        |
|    iterations           | 173         |
|    time_elapsed         | 1582        |
|    total_timesteps      | 6731776     |
| train/                  |             |
|    approx_kl            | 0.008528313 |
|    clip_fraction        | 0.102       |
|    clip_range           | 0.2         |
|    entropy_loss         | 5.09        |
|    explained_variance   | 0.963       |
|    learning_rate        | 0.000233    |
|    loss                 | 0.368       |
|    n_updates            | 1720        |
|    policy_gradient_loss | 0.00136     |
|    std                  | 0.019       |
|    value_loss           | 0.491       |
-----------------------------------------
------------------------------------------
| rollout/                |              |
|    ep_len_mean          | 2e+03        |
|    ep_rew_mean          | 3.57e+03     |
| time/                   |              |
|    fps                  | 4264         |
|    iterations           | 174          |
|    time_elapsed         | 1587         |
|    total_timesteps      | 6770688      |
| train/                  |              |
|    approx_kl            | 0.0089961635 |
|    clip_fraction        | 0.111        |
|    clip_range           | 0.2          |
|    entropy_loss         | 5.1          |
|    explained_variance   | 0.943        |
|    learning_rate        | 0.000233     |
|    loss                 | 0.413        |
|    n_updates            | 1730         |
|    policy_gradient_loss | 0.00103      |
|    std                  | 0.0189       |
|    value_loss           | 0.496        |
------------------------------------------
-----------------------------------------
| rollout/                |             |
|    ep_len_mean          | 2e+03       |
|    ep_rew_mean          | 3.57e+03    |
| time/                   |             |
|    fps                  | 4275        |
|    iterations           | 175         |
|    time_elapsed         | 1592        |
|    total_timesteps      | 6809600     |
| train/                  |             |
|    approx_kl            | 0.007358074 |
|    clip_fraction        | 0.11        |
|    clip_range           | 0.2         |
|    entropy_loss         | 5.1         |
|    explained_variance   | 0.934       |
|    learning_rate        | 0.000232    |
|    loss                 | 0.339       |
|    n_updates            | 1740        |
|    policy_gradient_loss | 0.00155     |
|    std                  | 0.0189      |
|    value_loss           | 0.523       |
-----------------------------------------
Eval num_timesteps=6840000, episode_reward=2671.63 +/- 606.84
Episode length: 2000.00 +/- 0.00
-----------------------------------------
| eval/                   |             |
|    mean_ep_length       | 2e+03       |
|    mean_reward          | 2.67e+03    |
| time/                   |             |
|    total_timesteps      | 6840000     |
| train/                  |             |
|    approx_kl            | 0.007630888 |
|    clip_fraction        | 0.117       |
|    clip_range           | 0.2         |
|    entropy_loss         | 5.09        |
|    explained_variance   | 0.943       |
|    learning_rate        | 0.000232    |
|    loss                 | 0.356       |
|    n_updates            | 1750        |
|    policy_gradient_loss | 0.00236     |
|    std                  | 0.019       |
|    value_loss           | 0.651       |
-----------------------------------------
New best mean reward!
---------------------------------
| rollout/           |          |
|    ep_len_mean     | 2e+03    |
|    ep_rew_mean     | 3.57e+03 |
| time/              |          |
|    fps             | 4236     |
|    iterations      | 176      |
|    time_elapsed    | 1616     |
|    total_timesteps | 6848512  |
---------------------------------
-----------------------------------------
| rollout/                |             |
|    ep_len_mean          | 2e+03       |
|    ep_rew_mean          | 3.56e+03    |
| time/                   |             |
|    fps                  | 4247        |
|    iterations           | 177         |
|    time_elapsed         | 1621        |
|    total_timesteps      | 6887424     |
| train/                  |             |
|    approx_kl            | 0.008174533 |
|    clip_fraction        | 0.101       |
|    clip_range           | 0.2         |
|    entropy_loss         | 5.09        |
|    explained_variance   | 0.945       |
|    learning_rate        | 0.000232    |
|    loss                 | 0.415       |
|    n_updates            | 1760        |
|    policy_gradient_loss | 0.0017      |
|    std                  | 0.019       |
|    value_loss           | 0.487       |
-----------------------------------------
------------------------------------------
| rollout/                |              |
|    ep_len_mean          | 2e+03        |
|    ep_rew_mean          | 3.56e+03     |
| time/                   |              |
|    fps                  | 4257         |
|    iterations           | 178          |
|    time_elapsed         | 1626         |
|    total_timesteps      | 6926336      |
| train/                  |              |
|    approx_kl            | 0.0092481915 |
|    clip_fraction        | 0.117        |
|    clip_range           | 0.2          |
|    entropy_loss         | 5.08         |
|    explained_variance   | 0.946        |
|    learning_rate        | 0.000231     |
|    loss                 | 0.487        |
|    n_updates            | 1770         |
|    policy_gradient_loss | 0.000985     |
|    std                  | 0.0191       |
|    value_loss           | 0.574        |
------------------------------------------
-----------------------------------------
| rollout/                |             |
|    ep_len_mean          | 2e+03       |
|    ep_rew_mean          | 3.55e+03    |
| time/                   |             |
|    fps                  | 4268        |
|    iterations           | 179         |
|    time_elapsed         | 1631        |
|    total_timesteps      | 6965248     |
| train/                  |             |
|    approx_kl            | 0.007649198 |
|    clip_fraction        | 0.113       |
|    clip_range           | 0.2         |
|    entropy_loss         | 5.06        |
|    explained_variance   | 0.948       |
|    learning_rate        | 0.000231    |
|    loss                 | 0.328       |
|    n_updates            | 1780        |
|    policy_gradient_loss | 0.00193     |
|    std                  | 0.0193      |
|    value_loss           | 0.543       |
-----------------------------------------
-----------------------------------------
| rollout/                |             |
|    ep_len_mean          | 2e+03       |
|    ep_rew_mean          | 3.55e+03    |
| time/                   |             |
|    fps                  | 4278        |
|    iterations           | 180         |
|    time_elapsed         | 1637        |
|    total_timesteps      | 7004160     |
| train/                  |             |
|    approx_kl            | 0.008697044 |
|    clip_fraction        | 0.105       |
|    clip_range           | 0.2         |
|    entropy_loss         | 5.06        |
|    explained_variance   | 0.956       |
|    learning_rate        | 0.00023     |
|    loss                 | 0.235       |
|    n_updates            | 1790        |
|    policy_gradient_loss | 0.00139     |
|    std                  | 0.0193      |
|    value_loss           | 0.402       |
-----------------------------------------
Eval num_timesteps=7030000, episode_reward=2686.86 +/- 605.09
Episode length: 2000.00 +/- 0.00
-----------------------------------------
| eval/                   |             |
|    mean_ep_length       | 2e+03       |
|    mean_reward          | 2.69e+03    |
| time/                   |             |
|    total_timesteps      | 7030000     |
| train/                  |             |
|    approx_kl            | 0.008219671 |
|    clip_fraction        | 0.102       |
|    clip_range           | 0.2         |
|    entropy_loss         | 5.05        |
|    explained_variance   | 0.956       |
|    learning_rate        | 0.00023     |
|    loss                 | 0.28        |
|    n_updates            | 1800        |
|    policy_gradient_loss | 0.00102     |
|    std                  | 0.0194      |
|    value_loss           | 0.416       |
-----------------------------------------
New best mean reward!
---------------------------------
| rollout/           |          |
|    ep_len_mean     | 2e+03    |
|    ep_rew_mean     | 3.56e+03 |
| time/              |          |
|    fps             | 4240     |
|    iterations      | 181      |
|    time_elapsed    | 1660     |
|    total_timesteps | 7043072  |
---------------------------------
------------------------------------------
| rollout/                |              |
|    ep_len_mean          | 2e+03        |
|    ep_rew_mean          | 3.56e+03     |
| time/                   |              |
|    fps                  | 4250         |
|    iterations           | 182          |
|    time_elapsed         | 1665         |
|    total_timesteps      | 7081984      |
| train/                  |              |
|    approx_kl            | 0.0089102825 |
|    clip_fraction        | 0.105        |
|    clip_range           | 0.2          |
|    entropy_loss         | 5.05         |
|    explained_variance   | 0.942        |
|    learning_rate        | 0.00023      |
|    loss                 | 0.341        |
|    n_updates            | 1810         |
|    policy_gradient_loss | 0.00118      |
|    std                  | 0.0194       |
|    value_loss           | 0.489        |
------------------------------------------
-----------------------------------------
| rollout/                |             |
|    ep_len_mean          | 2e+03       |
|    ep_rew_mean          | 3.55e+03    |
| time/                   |             |
|    fps                  | 4261        |
|    iterations           | 183         |
|    time_elapsed         | 1671        |
|    total_timesteps      | 7120896     |
| train/                  |             |
|    approx_kl            | 0.007949158 |
|    clip_fraction        | 0.104       |
|    clip_range           | 0.2         |
|    entropy_loss         | 5.03        |
|    explained_variance   | 0.931       |
|    learning_rate        | 0.000229    |
|    loss                 | 0.377       |
|    n_updates            | 1820        |
|    policy_gradient_loss | 0.00136     |
|    std                  | 0.0196      |
|    value_loss           | 0.722       |
-----------------------------------------
-----------------------------------------
| rollout/                |             |
|    ep_len_mean          | 2e+03       |
|    ep_rew_mean          | 3.55e+03    |
| time/                   |             |
|    fps                  | 4271        |
|    iterations           | 184         |
|    time_elapsed         | 1676        |
|    total_timesteps      | 7159808     |
| train/                  |             |
|    approx_kl            | 0.008775269 |
|    clip_fraction        | 0.11        |
|    clip_range           | 0.2         |
|    entropy_loss         | 5.02        |
|    explained_variance   | 0.943       |
|    learning_rate        | 0.000229    |
|    loss                 | 0.305       |
|    n_updates            | 1830        |
|    policy_gradient_loss | 0.00165     |
|    std                  | 0.0197      |
|    value_loss           | 0.7         |
-----------------------------------------
-----------------------------------------
| rollout/                |             |
|    ep_len_mean          | 2e+03       |
|    ep_rew_mean          | 3.55e+03    |
| time/                   |             |
|    fps                  | 4281        |
|    iterations           | 185         |
|    time_elapsed         | 1681        |
|    total_timesteps      | 7198720     |
| train/                  |             |
|    approx_kl            | 0.007874943 |
|    clip_fraction        | 0.108       |
|    clip_range           | 0.2         |
|    entropy_loss         | 5.01        |
|    explained_variance   | 0.944       |
|    learning_rate        | 0.000228    |
|    loss                 | 0.468       |
|    n_updates            | 1840        |
|    policy_gradient_loss | 0.00212     |
|    std                  | 0.0198      |
|    value_loss           | 0.644       |
-----------------------------------------
Eval num_timesteps=7220000, episode_reward=2729.45 +/- 574.77
Episode length: 2000.00 +/- 0.00
-----------------------------------------
| eval/                   |             |
|    mean_ep_length       | 2e+03       |
|    mean_reward          | 2.73e+03    |
| time/                   |             |
|    total_timesteps      | 7220000     |
| train/                  |             |
|    approx_kl            | 0.008541821 |
|    clip_fraction        | 0.111       |
|    clip_range           | 0.2         |
|    entropy_loss         | 5.01        |
|    explained_variance   | 0.951       |
|    learning_rate        | 0.000228    |
|    loss                 | 0.39        |
|    n_updates            | 1850        |
|    policy_gradient_loss | 0.00126     |
|    std                  | 0.0197      |
|    value_loss           | 0.608       |
-----------------------------------------
New best mean reward!
---------------------------------
| rollout/           |          |
|    ep_len_mean     | 2e+03    |
|    ep_rew_mean     | 3.55e+03 |
| time/              |          |
|    fps             | 4244     |
|    iterations      | 186      |
|    time_elapsed    | 1705     |
|    total_timesteps | 7237632  |
---------------------------------
------------------------------------------
| rollout/                |              |
|    ep_len_mean          | 2e+03        |
|    ep_rew_mean          | 3.54e+03     |
| time/                   |              |
|    fps                  | 4254         |
|    iterations           | 187          |
|    time_elapsed         | 1710         |
|    total_timesteps      | 7276544      |
| train/                  |              |
|    approx_kl            | 0.0062066475 |
|    clip_fraction        | 0.0998       |
|    clip_range           | 0.2          |
|    entropy_loss         | 5            |
|    explained_variance   | 0.941        |
|    learning_rate        | 0.000228     |
|    loss                 | 0.333        |
|    n_updates            | 1860         |
|    policy_gradient_loss | 0.00191      |
|    std                  | 0.0199       |
|    value_loss           | 0.738        |
------------------------------------------
-----------------------------------------
| rollout/                |             |
|    ep_len_mean          | 2e+03       |
|    ep_rew_mean          | 3.55e+03    |
| time/                   |             |
|    fps                  | 4264        |
|    iterations           | 188         |
|    time_elapsed         | 1715        |
|    total_timesteps      | 7315456     |
| train/                  |             |
|    approx_kl            | 0.008095878 |
|    clip_fraction        | 0.105       |
|    clip_range           | 0.2         |
|    entropy_loss         | 4.99        |
|    explained_variance   | 0.956       |
|    learning_rate        | 0.000227    |
|    loss                 | 0.306       |
|    n_updates            | 1870        |
|    policy_gradient_loss | 0.00189     |
|    std                  | 0.02        |
|    value_loss           | 0.634       |
-----------------------------------------
-----------------------------------------
| rollout/                |             |
|    ep_len_mean          | 2e+03       |
|    ep_rew_mean          | 3.55e+03    |
| time/                   |             |
|    fps                  | 4274        |
|    iterations           | 189         |
|    time_elapsed         | 1720        |
|    total_timesteps      | 7354368     |
| train/                  |             |
|    approx_kl            | 0.007812037 |
|    clip_fraction        | 0.0988      |
|    clip_range           | 0.2         |
|    entropy_loss         | 4.99        |
|    explained_variance   | 0.955       |
|    learning_rate        | 0.000227    |
|    loss                 | 0.326       |
|    n_updates            | 1880        |
|    policy_gradient_loss | 0.00196     |
|    std                  | 0.02        |
|    value_loss           | 0.599       |
-----------------------------------------
-----------------------------------------
| rollout/                |             |
|    ep_len_mean          | 2e+03       |
|    ep_rew_mean          | 3.55e+03    |
| time/                   |             |
|    fps                  | 4283        |
|    iterations           | 190         |
|    time_elapsed         | 1725        |
|    total_timesteps      | 7393280     |
| train/                  |             |
|    approx_kl            | 0.008098784 |
|    clip_fraction        | 0.106       |
|    clip_range           | 0.2         |
|    entropy_loss         | 4.98        |
|    explained_variance   | 0.948       |
|    learning_rate        | 0.000226    |
|    loss                 | 0.319       |
|    n_updates            | 1890        |
|    policy_gradient_loss | 0.00203     |
|    std                  | 0.02        |
|    value_loss           | 0.679       |
-----------------------------------------
Eval num_timesteps=7410000, episode_reward=2750.81 +/- 560.13
Episode length: 2000.00 +/- 0.00
-----------------------------------------
| eval/                   |             |
|    mean_ep_length       | 2e+03       |
|    mean_reward          | 2.75e+03    |
| time/                   |             |
|    total_timesteps      | 7410000     |
| train/                  |             |
|    approx_kl            | 0.008332456 |
|    clip_fraction        | 0.102       |
|    clip_range           | 0.2         |
|    entropy_loss         | 4.98        |
|    explained_variance   | 0.963       |
|    learning_rate        | 0.000226    |
|    loss                 | 0.266       |
|    n_updates            | 1900        |
|    policy_gradient_loss | 0.00184     |
|    std                  | 0.0201      |
|    value_loss           | 0.46        |
-----------------------------------------
New best mean reward!
---------------------------------
| rollout/           |          |
|    ep_len_mean     | 2e+03    |
|    ep_rew_mean     | 3.54e+03 |
| time/              |          |
|    fps             | 4247     |
|    iterations      | 191      |
|    time_elapsed    | 1749     |
|    total_timesteps | 7432192  |
---------------------------------
------------------------------------------
| rollout/                |              |
|    ep_len_mean          | 2e+03        |
|    ep_rew_mean          | 3.54e+03     |
| time/                   |              |
|    fps                  | 4257         |
|    iterations           | 192          |
|    time_elapsed         | 1754         |
|    total_timesteps      | 7471104      |
| train/                  |              |
|    approx_kl            | 0.0067507788 |
|    clip_fraction        | 0.102        |
|    clip_range           | 0.2          |
|    entropy_loss         | 4.97         |
|    explained_variance   | 0.95         |
|    learning_rate        | 0.000226     |
|    loss                 | 0.345        |
|    n_updates            | 1910         |
|    policy_gradient_loss | 0.00216      |
|    std                  | 0.0202       |
|    value_loss           | 0.634        |
------------------------------------------
-----------------------------------------
| rollout/                |             |
|    ep_len_mean          | 2e+03       |
|    ep_rew_mean          | 3.53e+03    |
| time/                   |             |
|    fps                  | 4267        |
|    iterations           | 193         |
|    time_elapsed         | 1760        |
|    total_timesteps      | 7510016     |
| train/                  |             |
|    approx_kl            | 0.009683977 |
|    clip_fraction        | 0.108       |
|    clip_range           | 0.2         |
|    entropy_loss         | 4.97        |
|    explained_variance   | 0.948       |
|    learning_rate        | 0.000225    |
|    loss                 | 0.568       |
|    n_updates            | 1920        |
|    policy_gradient_loss | 0.000412    |
|    std                  | 0.0201      |
|    value_loss           | 0.703       |
-----------------------------------------
-----------------------------------------
| rollout/                |             |
|    ep_len_mean          | 2e+03       |
|    ep_rew_mean          | 3.53e+03    |
| time/                   |             |
|    fps                  | 4276        |
|    iterations           | 194         |
|    time_elapsed         | 1765        |
|    total_timesteps      | 7548928     |
| train/                  |             |
|    approx_kl            | 0.009541476 |
|    clip_fraction        | 0.114       |
|    clip_range           | 0.2         |
|    entropy_loss         | 4.97        |
|    explained_variance   | 0.945       |
|    learning_rate        | 0.000225    |
|    loss                 | 0.481       |
|    n_updates            | 1930        |
|    policy_gradient_loss | 0.00133     |
|    std                  | 0.0202      |
|    value_loss           | 0.768       |
-----------------------------------------
-----------------------------------------
| rollout/                |             |
|    ep_len_mean          | 2e+03       |
|    ep_rew_mean          | 3.52e+03    |
| time/                   |             |
|    fps                  | 4284        |
|    iterations           | 195         |
|    time_elapsed         | 1770        |
|    total_timesteps      | 7587840     |
| train/                  |             |
|    approx_kl            | 0.007920221 |
|    clip_fraction        | 0.0993      |
|    clip_range           | 0.2         |
|    entropy_loss         | 4.95        |
|    explained_variance   | 0.95        |
|    learning_rate        | 0.000225    |
|    loss                 | 0.253       |
|    n_updates            | 1940        |
|    policy_gradient_loss | 0.00156     |
|    std                  | 0.0204      |
|    value_loss           | 0.721       |
-----------------------------------------
Eval num_timesteps=7600000, episode_reward=2770.81 +/- 572.19
Episode length: 2000.00 +/- 0.00
-----------------------------------------
| eval/                   |             |
|    mean_ep_length       | 2e+03       |
|    mean_reward          | 2.77e+03    |
| time/                   |             |
|    total_timesteps      | 7600000     |
| train/                  |             |
|    approx_kl            | 0.008143429 |
|    clip_fraction        | 0.115       |
|    clip_range           | 0.2         |
|    entropy_loss         | 4.95        |
|    explained_variance   | 0.953       |
|    learning_rate        | 0.000224    |
|    loss                 | 0.754       |
|    n_updates            | 1950        |
|    policy_gradient_loss | 0.00153     |
|    std                  | 0.0204      |
|    value_loss           | 0.756       |
-----------------------------------------
New best mean reward!
---------------------------------
| rollout/           |          |
|    ep_len_mean     | 2e+03    |
|    ep_rew_mean     | 3.52e+03 |
| time/              |          |
|    fps             | 4249     |
|    iterations      | 196      |
|    time_elapsed    | 1794     |
|    total_timesteps | 7626752  |
---------------------------------
-----------------------------------------
| rollout/                |             |
|    ep_len_mean          | 2e+03       |
|    ep_rew_mean          | 3.52e+03    |
| time/                   |             |
|    fps                  | 4259        |
|    iterations           | 197         |
|    time_elapsed         | 1799        |
|    total_timesteps      | 7665664     |
| train/                  |             |
|    approx_kl            | 0.008433396 |
|    clip_fraction        | 0.113       |
|    clip_range           | 0.2         |
|    entropy_loss         | 4.93        |
|    explained_variance   | 0.948       |
|    learning_rate        | 0.000224    |
|    loss                 | 0.334       |
|    n_updates            | 1960        |
|    policy_gradient_loss | 0.00123     |
|    std                  | 0.0206      |
|    value_loss           | 0.887       |
-----------------------------------------
-----------------------------------------
| rollout/                |             |
|    ep_len_mean          | 2e+03       |
|    ep_rew_mean          | 3.52e+03    |
| time/                   |             |
|    fps                  | 4268        |
|    iterations           | 198         |
|    time_elapsed         | 1804        |
|    total_timesteps      | 7704576     |
| train/                  |             |
|    approx_kl            | 0.008553708 |
|    clip_fraction        | 0.102       |
|    clip_range           | 0.2         |
|    entropy_loss         | 4.92        |
|    explained_variance   | 0.944       |
|    learning_rate        | 0.000223    |
|    loss                 | 0.244       |
|    n_updates            | 1970        |
|    policy_gradient_loss | 0.00121     |
|    std                  | 0.0207      |
|    value_loss           | 0.753       |
-----------------------------------------
------------------------------------------
| rollout/                |              |
|    ep_len_mean          | 2e+03        |
|    ep_rew_mean          | 3.52e+03     |
| time/                   |              |
|    fps                  | 4277         |
|    iterations           | 199          |
|    time_elapsed         | 1810         |
|    total_timesteps      | 7743488      |
| train/                  |              |
|    approx_kl            | 0.0073128217 |
|    clip_fraction        | 0.103        |
|    clip_range           | 0.2          |
|    entropy_loss         | 4.92         |
|    explained_variance   | 0.939        |
|    learning_rate        | 0.000223     |
|    loss                 | 0.338        |
|    n_updates            | 1980         |
|    policy_gradient_loss | 0.00171      |
|    std                  | 0.0207       |
|    value_loss           | 0.811        |
------------------------------------------
-----------------------------------------
| rollout/                |             |
|    ep_len_mean          | 2e+03       |
|    ep_rew_mean          | 3.52e+03    |
| time/                   |             |
|    fps                  | 4287        |
|    iterations           | 200         |
|    time_elapsed         | 1815        |
|    total_timesteps      | 7782400     |
| train/                  |             |
|    approx_kl            | 0.009615106 |
|    clip_fraction        | 0.111       |
|    clip_range           | 0.2         |
|    entropy_loss         | 4.91        |
|    explained_variance   | 0.944       |
|    learning_rate        | 0.000223    |
|    loss                 | 0.398       |
|    n_updates            | 1990        |
|    policy_gradient_loss | 0.00129     |
|    std                  | 0.0208      |
|    value_loss           | 0.759       |
-----------------------------------------
Eval num_timesteps=7790000, episode_reward=2841.99 +/- 540.00
Episode length: 2000.00 +/- 0.00
------------------------------------------
| eval/                   |              |
|    mean_ep_length       | 2e+03        |
|    mean_reward          | 2.84e+03     |
| time/                   |              |
|    total_timesteps      | 7790000      |
| train/                  |              |
|    approx_kl            | 0.0071668043 |
|    clip_fraction        | 0.1          |
|    clip_range           | 0.2          |
|    entropy_loss         | 4.89         |
|    explained_variance   | 0.94         |
|    learning_rate        | 0.000222     |
|    loss                 | 0.502        |
|    n_updates            | 2000         |
|    policy_gradient_loss | 0.00166      |
|    std                  | 0.021        |
|    value_loss           | 0.862        |
------------------------------------------
New best mean reward!
---------------------------------
| rollout/           |          |
|    ep_len_mean     | 2e+03    |
|    ep_rew_mean     | 3.51e+03 |
| time/              |          |
|    fps             | 4253     |
|    iterations      | 201      |
|    time_elapsed    | 1838     |
|    total_timesteps | 7821312  |
---------------------------------
-----------------------------------------
| rollout/                |             |
|    ep_len_mean          | 2e+03       |
|    ep_rew_mean          | 3.51e+03    |
| time/                   |             |
|    fps                  | 4262        |
|    iterations           | 202         |
|    time_elapsed         | 1844        |
|    total_timesteps      | 7860224     |
| train/                  |             |
|    approx_kl            | 0.007832434 |
|    clip_fraction        | 0.101       |
|    clip_range           | 0.2         |
|    entropy_loss         | 4.89        |
|    explained_variance   | 0.943       |
|    learning_rate        | 0.000222    |
|    loss                 | 0.639       |
|    n_updates            | 2010        |
|    policy_gradient_loss | 0.000836    |
|    std                  | 0.021       |
|    value_loss           | 0.906       |
-----------------------------------------
-----------------------------------------
| rollout/                |             |
|    ep_len_mean          | 2e+03       |
|    ep_rew_mean          | 3.51e+03    |
| time/                   |             |
|    fps                  | 4271        |
|    iterations           | 203         |
|    time_elapsed         | 1849        |
|    total_timesteps      | 7899136     |
| train/                  |             |
|    approx_kl            | 0.006780175 |
|    clip_fraction        | 0.0961      |
|    clip_range           | 0.2         |
|    entropy_loss         | 4.89        |
|    explained_variance   | 0.938       |
|    learning_rate        | 0.000221    |
|    loss                 | 0.36        |
|    n_updates            | 2020        |
|    policy_gradient_loss | 0.00156     |
|    std                  | 0.021       |
|    value_loss           | 0.822       |
-----------------------------------------
------------------------------------------
| rollout/                |              |
|    ep_len_mean          | 2e+03        |
|    ep_rew_mean          | 3.51e+03     |
| time/                   |              |
|    fps                  | 4280         |
|    iterations           | 204          |
|    time_elapsed         | 1854         |
|    total_timesteps      | 7938048      |
| train/                  |              |
|    approx_kl            | 0.0073632426 |
|    clip_fraction        | 0.098        |
|    clip_range           | 0.2          |
|    entropy_loss         | 4.88         |
|    explained_variance   | 0.945        |
|    learning_rate        | 0.000221     |
|    loss                 | 0.318        |
|    n_updates            | 2030         |
|    policy_gradient_loss | 0.00156      |
|    std                  | 0.0211       |
|    value_loss           | 0.736        |
------------------------------------------
-----------------------------------------
| rollout/                |             |
|    ep_len_mean          | 2e+03       |
|    ep_rew_mean          | 3.5e+03     |
| time/                   |             |
|    fps                  | 4289        |
|    iterations           | 205         |
|    time_elapsed         | 1859        |
|    total_timesteps      | 7976960     |
| train/                  |             |
|    approx_kl            | 0.007595796 |
|    clip_fraction        | 0.106       |
|    clip_range           | 0.2         |
|    entropy_loss         | 4.88        |
|    explained_variance   | 0.936       |
|    learning_rate        | 0.000221    |
|    loss                 | 0.447       |
|    n_updates            | 2040        |
|    policy_gradient_loss | 0.00125     |
|    std                  | 0.0211      |
|    value_loss           | 0.995       |
-----------------------------------------
Eval num_timesteps=7980000, episode_reward=2831.99 +/- 546.73
Episode length: 2000.00 +/- 0.00
------------------------------------------
| eval/                   |              |
|    mean_ep_length       | 2e+03        |
|    mean_reward          | 2.83e+03     |
| time/                   |              |
|    total_timesteps      | 7980000      |
| train/                  |              |
|    approx_kl            | 0.0096058585 |
|    clip_fraction        | 0.108        |
|    clip_range           | 0.2          |
|    entropy_loss         | 4.88         |
|    explained_variance   | 0.947        |
|    learning_rate        | 0.00022      |
|    loss                 | 0.415        |
|    n_updates            | 2050         |
|    policy_gradient_loss | 0.00147      |
|    std                  | 0.0212       |
|    value_loss           | 0.801        |
------------------------------------------
---------------------------------
| rollout/           |          |
|    ep_len_mean     | 2e+03    |
|    ep_rew_mean     | 3.51e+03 |
| time/              |          |
|    fps             | 4256     |
|    iterations      | 206      |
|    time_elapsed    | 1883     |
|    total_timesteps | 8015872  |
---------------------------------
-----------------------------------------
| rollout/                |             |
|    ep_len_mean          | 2e+03       |
|    ep_rew_mean          | 3.5e+03     |
| time/                   |             |
|    fps                  | 4265        |
|    iterations           | 207         |
|    time_elapsed         | 1888        |
|    total_timesteps      | 8054784     |
| train/                  |             |
|    approx_kl            | 0.008543108 |
|    clip_fraction        | 0.11        |
|    clip_range           | 0.2         |
|    entropy_loss         | 4.87        |
|    explained_variance   | 0.94        |
|    learning_rate        | 0.00022     |
|    loss                 | 0.398       |
|    n_updates            | 2060        |
|    policy_gradient_loss | 0.00103     |
|    std                  | 0.0213      |
|    value_loss           | 1.01        |
-----------------------------------------
-----------------------------------------
| rollout/                |             |
|    ep_len_mean          | 2e+03       |
|    ep_rew_mean          | 3.5e+03     |
| time/                   |             |
|    fps                  | 4274        |
|    iterations           | 208         |
|    time_elapsed         | 1893        |
|    total_timesteps      | 8093696     |
| train/                  |             |
|    approx_kl            | 0.008227189 |
|    clip_fraction        | 0.0989      |
|    clip_range           | 0.2         |
|    entropy_loss         | 4.85        |
|    explained_variance   | 0.948       |
|    learning_rate        | 0.000219    |
|    loss                 | 0.591       |
|    n_updates            | 2070        |
|    policy_gradient_loss | 0.000751    |
|    std                  | 0.0215      |
|    value_loss           | 0.934       |
-----------------------------------------
------------------------------------------
| rollout/                |              |
|    ep_len_mean          | 2e+03        |
|    ep_rew_mean          | 3.49e+03     |
| time/                   |              |
|    fps                  | 4282         |
|    iterations           | 209          |
|    time_elapsed         | 1898         |
|    total_timesteps      | 8132608      |
| train/                  |              |
|    approx_kl            | 0.0090837935 |
|    clip_fraction        | 0.0931       |
|    clip_range           | 0.2          |
|    entropy_loss         | 4.83         |
|    explained_variance   | 0.951        |
|    learning_rate        | 0.000219     |
|    loss                 | 0.581        |
|    n_updates            | 2080         |
|    policy_gradient_loss | 0.00138      |
|    std                  | 0.0217       |
|    value_loss           | 0.918        |
------------------------------------------
Eval num_timesteps=8170000, episode_reward=2857.56 +/- 539.20
Episode length: 2000.00 +/- 0.00
-----------------------------------------
| eval/                   |             |
|    mean_ep_length       | 2e+03       |
|    mean_reward          | 2.86e+03    |
| time/                   |             |
|    total_timesteps      | 8170000     |
| train/                  |             |
|    approx_kl            | 0.008389789 |
|    clip_fraction        | 0.113       |
|    clip_range           | 0.2         |
|    entropy_loss         | 4.82        |
|    explained_variance   | 0.952       |
|    learning_rate        | 0.000219    |
|    loss                 | 0.388       |
|    n_updates            | 2090        |
|    policy_gradient_loss | 0.000863    |
|    std                  | 0.0218      |
|    value_loss           | 1.07        |
-----------------------------------------
New best mean reward!
---------------------------------
| rollout/           |          |
|    ep_len_mean     | 2e+03    |
|    ep_rew_mean     | 3.49e+03 |
| time/              |          |
|    fps             | 4250     |
|    iterations      | 210      |
|    time_elapsed    | 1922     |
|    total_timesteps | 8171520  |
---------------------------------
-----------------------------------------
| rollout/                |             |
|    ep_len_mean          | 2e+03       |
|    ep_rew_mean          | 3.49e+03    |
| time/                   |             |
|    fps                  | 4259        |
|    iterations           | 211         |
|    time_elapsed         | 1927        |
|    total_timesteps      | 8210432     |
| train/                  |             |
|    approx_kl            | 0.011485599 |
|    clip_fraction        | 0.12        |
|    clip_range           | 0.2         |
|    entropy_loss         | 4.8         |
|    explained_variance   | 0.954       |
|    learning_rate        | 0.000218    |
|    loss                 | 0.684       |
|    n_updates            | 2100        |
|    policy_gradient_loss | 0.000398    |
|    std                  | 0.0219      |
|    value_loss           | 0.983       |
-----------------------------------------
-----------------------------------------
| rollout/                |             |
|    ep_len_mean          | 2e+03       |
|    ep_rew_mean          | 3.49e+03    |
| time/                   |             |
|    fps                  | 4267        |
|    iterations           | 212         |
|    time_elapsed         | 1932        |
|    total_timesteps      | 8249344     |
| train/                  |             |
|    approx_kl            | 0.007871086 |
|    clip_fraction        | 0.0991      |
|    clip_range           | 0.2         |
|    entropy_loss         | 4.8         |
|    explained_variance   | 0.952       |
|    learning_rate        | 0.000218    |
|    loss                 | 0.518       |
|    n_updates            | 2110        |
|    policy_gradient_loss | 0.00154     |
|    std                  | 0.0219      |
|    value_loss           | 1.02        |
-----------------------------------------
-----------------------------------------
| rollout/                |             |
|    ep_len_mean          | 2e+03       |
|    ep_rew_mean          | 3.5e+03     |
| time/                   |             |
|    fps                  | 4276        |
|    iterations           | 213         |
|    time_elapsed         | 1938        |
|    total_timesteps      | 8288256     |
| train/                  |             |
|    approx_kl            | 0.007765791 |
|    clip_fraction        | 0.0981      |
|    clip_range           | 0.2         |
|    entropy_loss         | 4.8         |
|    explained_variance   | 0.963       |
|    learning_rate        | 0.000218    |
|    loss                 | 0.358       |
|    n_updates            | 2120        |
|    policy_gradient_loss | 0.00103     |
|    std                  | 0.022       |
|    value_loss           | 0.785       |
-----------------------------------------
-----------------------------------------
| rollout/                |             |
|    ep_len_mean          | 2e+03       |
|    ep_rew_mean          | 3.5e+03     |
| time/                   |             |
|    fps                  | 4285        |
|    iterations           | 214         |
|    time_elapsed         | 1943        |
|    total_timesteps      | 8327168     |
| train/                  |             |
|    approx_kl            | 0.009293488 |
|    clip_fraction        | 0.104       |
|    clip_range           | 0.2         |
|    entropy_loss         | 4.8         |
|    explained_variance   | 0.957       |
|    learning_rate        | 0.000217    |
|    loss                 | 0.55        |
|    n_updates            | 2130        |
|    policy_gradient_loss | 0.00146     |
|    std                  | 0.022       |
|    value_loss           | 0.753       |
-----------------------------------------
Eval num_timesteps=8360000, episode_reward=2893.65 +/- 533.92
Episode length: 2000.00 +/- 0.00
------------------------------------------
| eval/                   |              |
|    mean_ep_length       | 2e+03        |
|    mean_reward          | 2.89e+03     |
| time/                   |              |
|    total_timesteps      | 8360000      |
| train/                  |              |
|    approx_kl            | 0.0085927835 |
|    clip_fraction        | 0.103        |
|    clip_range           | 0.2          |
|    entropy_loss         | 4.79         |
|    explained_variance   | 0.957        |
|    learning_rate        | 0.000217     |
|    loss                 | 1.09         |
|    n_updates            | 2140         |
|    policy_gradient_loss | 0.00144      |
|    std                  | 0.0221       |
|    value_loss           | 1.12         |
------------------------------------------
New best mean reward!
---------------------------------
| rollout/           |          |
|    ep_len_mean     | 2e+03    |
|    ep_rew_mean     | 3.49e+03 |
| time/              |          |
|    fps             | 4253     |
|    iterations      | 215      |
|    time_elapsed    | 1966     |
|    total_timesteps | 8366080  |
---------------------------------
-----------------------------------------
| rollout/                |             |
|    ep_len_mean          | 2e+03       |
|    ep_rew_mean          | 3.49e+03    |
| time/                   |             |
|    fps                  | 4261        |
|    iterations           | 216         |
|    time_elapsed         | 1972        |
|    total_timesteps      | 8404992     |
| train/                  |             |
|    approx_kl            | 0.010719672 |
|    clip_fraction        | 0.114       |
|    clip_range           | 0.2         |
|    entropy_loss         | 4.79        |
|    explained_variance   | 0.959       |
|    learning_rate        | 0.000216    |
|    loss                 | 0.412       |
|    n_updates            | 2150        |
|    policy_gradient_loss | 0.00112     |
|    std                  | 0.0222      |
|    value_loss           | 1.02        |
-----------------------------------------
-----------------------------------------
| rollout/                |             |
|    ep_len_mean          | 2e+03       |
|    ep_rew_mean          | 3.49e+03    |
| time/                   |             |
|    fps                  | 4269        |
|    iterations           | 217         |
|    time_elapsed         | 1977        |
|    total_timesteps      | 8443904     |
| train/                  |             |
|    approx_kl            | 0.008123946 |
|    clip_fraction        | 0.0991      |
|    clip_range           | 0.2         |
|    entropy_loss         | 4.78        |
|    explained_variance   | 0.94        |
|    learning_rate        | 0.000216    |
|    loss                 | 0.344       |
|    n_updates            | 2160        |
|    policy_gradient_loss | 0.00107     |
|    std                  | 0.0223      |
|    value_loss           | 1.09        |
-----------------------------------------
-----------------------------------------
| rollout/                |             |
|    ep_len_mean          | 2e+03       |
|    ep_rew_mean          | 3.48e+03    |
| time/                   |             |
|    fps                  | 4277        |
|    iterations           | 218         |
|    time_elapsed         | 1983        |
|    total_timesteps      | 8482816     |
| train/                  |             |
|    approx_kl            | 0.009011753 |
|    clip_fraction        | 0.103       |
|    clip_range           | 0.2         |
|    entropy_loss         | 4.76        |
|    explained_variance   | 0.932       |
|    learning_rate        | 0.000216    |
|    loss                 | 0.546       |
|    n_updates            | 2170        |
|    policy_gradient_loss | 0.00166     |
|    std                  | 0.0225      |
|    value_loss           | 1.17        |
-----------------------------------------
------------------------------------------
| rollout/                |              |
|    ep_len_mean          | 2e+03        |
|    ep_rew_mean          | 3.48e+03     |
| time/                   |              |
|    fps                  | 4285         |
|    iterations           | 219          |
|    time_elapsed         | 1988         |
|    total_timesteps      | 8521728      |
| train/                  |              |
|    approx_kl            | 0.0063501503 |
|    clip_fraction        | 0.0869       |
|    clip_range           | 0.2          |
|    entropy_loss         | 4.75         |
|    explained_variance   | 0.955        |
|    learning_rate        | 0.000215     |
|    loss                 | 0.536        |
|    n_updates            | 2180         |
|    policy_gradient_loss | 0.00124      |
|    std                  | 0.0225       |
|    value_loss           | 0.746        |
------------------------------------------
Eval num_timesteps=8550000, episode_reward=2902.05 +/- 534.44
Episode length: 2000.00 +/- 0.00
-----------------------------------------
| eval/                   |             |
|    mean_ep_length       | 2e+03       |
|    mean_reward          | 2.9e+03     |
| time/                   |             |
|    total_timesteps      | 8550000     |
| train/                  |             |
|    approx_kl            | 0.008829837 |
|    clip_fraction        | 0.104       |
|    clip_range           | 0.2         |
|    entropy_loss         | 4.75        |
|    explained_variance   | 0.948       |
|    learning_rate        | 0.000215    |
|    loss                 | 0.357       |
|    n_updates            | 2190        |
|    policy_gradient_loss | 0.000651    |
|    std                  | 0.0225      |
|    value_loss           | 1.11        |
-----------------------------------------
New best mean reward!
---------------------------------
| rollout/           |          |
|    ep_len_mean     | 2e+03    |
|    ep_rew_mean     | 3.48e+03 |
| time/              |          |
|    fps             | 4254     |
|    iterations      | 220      |
|    time_elapsed    | 2012     |
|    total_timesteps | 8560640  |
---------------------------------
-----------------------------------------
| rollout/                |             |
|    ep_len_mean          | 2e+03       |
|    ep_rew_mean          | 3.47e+03    |
| time/                   |             |
|    fps                  | 4262        |
|    iterations           | 221         |
|    time_elapsed         | 2017        |
|    total_timesteps      | 8599552     |
| train/                  |             |
|    approx_kl            | 0.008281857 |
|    clip_fraction        | 0.0961      |
|    clip_range           | 0.2         |
|    entropy_loss         | 4.74        |
|    explained_variance   | 0.944       |
|    learning_rate        | 0.000214    |
|    loss                 | 0.843       |
|    n_updates            | 2200        |
|    policy_gradient_loss | 0.000868    |
|    std                  | 0.0226      |
|    value_loss           | 1.36        |
-----------------------------------------
-----------------------------------------
| rollout/                |             |
|    ep_len_mean          | 2e+03       |
|    ep_rew_mean          | 3.47e+03    |
| time/                   |             |
|    fps                  | 4271        |
|    iterations           | 222         |
|    time_elapsed         | 2022        |
|    total_timesteps      | 8638464     |
| train/                  |             |
|    approx_kl            | 0.007821861 |
|    clip_fraction        | 0.102       |
|    clip_range           | 0.2         |
|    entropy_loss         | 4.73        |
|    explained_variance   | 0.941       |
|    learning_rate        | 0.000214    |
|    loss                 | 0.456       |
|    n_updates            | 2210        |
|    policy_gradient_loss | 0.00131     |
|    std                  | 0.0228      |
|    value_loss           | 1.32        |
-----------------------------------------
-----------------------------------------
| rollout/                |             |
|    ep_len_mean          | 2e+03       |
|    ep_rew_mean          | 3.46e+03    |
| time/                   |             |
|    fps                  | 4279        |
|    iterations           | 223         |
|    time_elapsed         | 2027        |
|    total_timesteps      | 8677376     |
| train/                  |             |
|    approx_kl            | 0.008105096 |
|    clip_fraction        | 0.104       |
|    clip_range           | 0.2         |
|    entropy_loss         | 4.72        |
|    explained_variance   | 0.958       |
|    learning_rate        | 0.000214    |
|    loss                 | 0.546       |
|    n_updates            | 2220        |
|    policy_gradient_loss | 0.00119     |
|    std                  | 0.0229      |
|    value_loss           | 0.934       |
-----------------------------------------
-----------------------------------------
| rollout/                |             |
|    ep_len_mean          | 2e+03       |
|    ep_rew_mean          | 3.46e+03    |
| time/                   |             |
|    fps                  | 4287        |
|    iterations           | 224         |
|    time_elapsed         | 2032        |
|    total_timesteps      | 8716288     |
| train/                  |             |
|    approx_kl            | 0.007867402 |
|    clip_fraction        | 0.0967      |
|    clip_range           | 0.2         |
|    entropy_loss         | 4.71        |
|    explained_variance   | 0.97        |
|    learning_rate        | 0.000213    |
|    loss                 | 0.199       |
|    n_updates            | 2230        |
|    policy_gradient_loss | 0.000921    |
|    std                  | 0.0231      |
|    value_loss           | 0.854       |
-----------------------------------------
Eval num_timesteps=8740000, episode_reward=2871.02 +/- 543.97
Episode length: 2000.00 +/- 0.00
-----------------------------------------
| eval/                   |             |
|    mean_ep_length       | 2e+03       |
|    mean_reward          | 2.87e+03    |
| time/                   |             |
|    total_timesteps      | 8740000     |
| train/                  |             |
|    approx_kl            | 0.009299918 |
|    clip_fraction        | 0.103       |
|    clip_range           | 0.2         |
|    entropy_loss         | 4.71        |
|    explained_variance   | 0.939       |
|    learning_rate        | 0.000213    |
|    loss                 | 0.845       |
|    n_updates            | 2240        |
|    policy_gradient_loss | 0.000516    |
|    std                  | 0.023       |
|    value_loss           | 1.67        |
-----------------------------------------
---------------------------------
| rollout/           |          |
|    ep_len_mean     | 2e+03    |
|    ep_rew_mean     | 3.46e+03 |
| time/              |          |
|    fps             | 4257     |
|    iterations      | 225      |
|    time_elapsed    | 2056     |
|    total_timesteps | 8755200  |
---------------------------------
-----------------------------------------
| rollout/                |             |
|    ep_len_mean          | 2e+03       |
|    ep_rew_mean          | 3.46e+03    |
| time/                   |             |
|    fps                  | 4265        |
|    iterations           | 226         |
|    time_elapsed         | 2061        |
|    total_timesteps      | 8794112     |
| train/                  |             |
|    approx_kl            | 0.009918852 |
|    clip_fraction        | 0.105       |
|    clip_range           | 0.2         |
|    entropy_loss         | 4.71        |
|    explained_variance   | 0.961       |
|    learning_rate        | 0.000212    |
|    loss                 | 0.623       |
|    n_updates            | 2250        |
|    policy_gradient_loss | 0.000973    |
|    std                  | 0.023       |
|    value_loss           | 1.17        |
-----------------------------------------
-----------------------------------------
| rollout/                |             |
|    ep_len_mean          | 2e+03       |
|    ep_rew_mean          | 3.47e+03    |
| time/                   |             |
|    fps                  | 4273        |
|    iterations           | 227         |
|    time_elapsed         | 2066        |
|    total_timesteps      | 8833024     |
| train/                  |             |
|    approx_kl            | 0.008317123 |
|    clip_fraction        | 0.108       |
|    clip_range           | 0.2         |
|    entropy_loss         | 4.7         |
|    explained_variance   | 0.956       |
|    learning_rate        | 0.000212    |
|    loss                 | 0.379       |
|    n_updates            | 2260        |
|    policy_gradient_loss | 0.00128     |
|    std                  | 0.0231      |
|    value_loss           | 1.22        |
-----------------------------------------
-----------------------------------------
| rollout/                |             |
|    ep_len_mean          | 2e+03       |
|    ep_rew_mean          | 3.46e+03    |
| time/                   |             |
|    fps                  | 4281        |
|    iterations           | 228         |
|    time_elapsed         | 2071        |
|    total_timesteps      | 8871936     |
| train/                  |             |
|    approx_kl            | 0.009914656 |
|    clip_fraction        | 0.108       |
|    clip_range           | 0.2         |
|    entropy_loss         | 4.7         |
|    explained_variance   | 0.954       |
|    learning_rate        | 0.000212    |
|    loss                 | 0.798       |
|    n_updates            | 2270        |
|    policy_gradient_loss | 0.000582    |
|    std                  | 0.023       |
|    value_loss           | 1.36        |
-----------------------------------------
----------------------------------------
| rollout/                |            |
|    ep_len_mean          | 2e+03      |
|    ep_rew_mean          | 3.45e+03   |
| time/                   |            |
|    fps                  | 4289       |
|    iterations           | 229        |
|    time_elapsed         | 2077       |
|    total_timesteps      | 8910848    |
| train/                  |            |
|    approx_kl            | 0.00892656 |
|    clip_fraction        | 0.105      |
|    clip_range           | 0.2        |
|    entropy_loss         | 4.7        |
|    explained_variance   | 0.962      |
|    learning_rate        | 0.000211   |
|    loss                 | 0.461      |
|    n_updates            | 2280       |
|    policy_gradient_loss | 0.000919   |
|    std                  | 0.0231     |
|    value_loss           | 1.11       |
----------------------------------------
Eval num_timesteps=8930000, episode_reward=2889.59 +/- 527.34
Episode length: 2000.00 +/- 0.00
-----------------------------------------
| eval/                   |             |
|    mean_ep_length       | 2e+03       |
|    mean_reward          | 2.89e+03    |
| time/                   |             |
|    total_timesteps      | 8930000     |
| train/                  |             |
|    approx_kl            | 0.007678723 |
|    clip_fraction        | 0.0957      |
|    clip_range           | 0.2         |
|    entropy_loss         | 4.69        |
|    explained_variance   | 0.96        |
|    learning_rate        | 0.000211    |
|    loss                 | 0.536       |
|    n_updates            | 2290        |
|    policy_gradient_loss | 0.00149     |
|    std                  | 0.0232      |
|    value_loss           | 1.28        |
-----------------------------------------
---------------------------------
| rollout/           |          |
|    ep_len_mean     | 2e+03    |
|    ep_rew_mean     | 3.46e+03 |
| time/              |          |
|    fps             | 4260     |
|    iterations      | 230      |
|    time_elapsed    | 2100     |
|    total_timesteps | 8949760  |
---------------------------------
-----------------------------------------
| rollout/                |             |
|    ep_len_mean          | 2e+03       |
|    ep_rew_mean          | 3.45e+03    |
| time/                   |             |
|    fps                  | 4267        |
|    iterations           | 231         |
|    time_elapsed         | 2106        |
|    total_timesteps      | 8988672     |
| train/                  |             |
|    approx_kl            | 0.008853941 |
|    clip_fraction        | 0.101       |
|    clip_range           | 0.2         |
|    entropy_loss         | 4.69        |
|    explained_variance   | 0.947       |
|    learning_rate        | 0.000211    |
|    loss                 | 0.415       |
|    n_updates            | 2300        |
|    policy_gradient_loss | 0.00101     |
|    std                  | 0.0233      |
|    value_loss           | 1.6         |
-----------------------------------------
-----------------------------------------
| rollout/                |             |
|    ep_len_mean          | 2e+03       |
|    ep_rew_mean          | 3.44e+03    |
| time/                   |             |
|    fps                  | 4275        |
|    iterations           | 232         |
|    time_elapsed         | 2111        |
|    total_timesteps      | 9027584     |
| train/                  |             |
|    approx_kl            | 0.007855949 |
|    clip_fraction        | 0.101       |
|    clip_range           | 0.2         |
|    entropy_loss         | 4.69        |
|    explained_variance   | 0.957       |
|    learning_rate        | 0.00021     |
|    loss                 | 0.571       |
|    n_updates            | 2310        |
|    policy_gradient_loss | 0.000723    |
|    std                  | 0.0232      |
|    value_loss           | 1.3         |
-----------------------------------------
-----------------------------------------
| rollout/                |             |
|    ep_len_mean          | 2e+03       |
|    ep_rew_mean          | 3.44e+03    |
| time/                   |             |
|    fps                  | 4283        |
|    iterations           | 233         |
|    time_elapsed         | 2116        |
|    total_timesteps      | 9066496     |
| train/                  |             |
|    approx_kl            | 0.007953285 |
|    clip_fraction        | 0.101       |
|    clip_range           | 0.2         |
|    entropy_loss         | 4.68        |
|    explained_variance   | 0.948       |
|    learning_rate        | 0.00021     |
|    loss                 | 0.912       |
|    n_updates            | 2320        |
|    policy_gradient_loss | 0.00145     |
|    std                  | 0.0233      |
|    value_loss           | 1.59        |
-----------------------------------------
-----------------------------------------
| rollout/                |             |
|    ep_len_mean          | 2e+03       |
|    ep_rew_mean          | 3.44e+03    |
| time/                   |             |
|    fps                  | 4291        |
|    iterations           | 234         |
|    time_elapsed         | 2121        |
|    total_timesteps      | 9105408     |
| train/                  |             |
|    approx_kl            | 0.009799882 |
|    clip_fraction        | 0.112       |
|    clip_range           | 0.2         |
|    entropy_loss         | 4.67        |
|    explained_variance   | 0.954       |
|    learning_rate        | 0.000209    |
|    loss                 | 0.656       |
|    n_updates            | 2330        |
|    policy_gradient_loss | 0.000504    |
|    std                  | 0.0235      |
|    value_loss           | 1.36        |
-----------------------------------------
Eval num_timesteps=9120000, episode_reward=2886.91 +/- 551.61
Episode length: 2000.00 +/- 0.00
-----------------------------------------
| eval/                   |             |
|    mean_ep_length       | 2e+03       |
|    mean_reward          | 2.89e+03    |
| time/                   |             |
|    total_timesteps      | 9120000     |
| train/                  |             |
|    approx_kl            | 0.007761857 |
|    clip_fraction        | 0.101       |
|    clip_range           | 0.2         |
|    entropy_loss         | 4.67        |
|    explained_variance   | 0.953       |
|    learning_rate        | 0.000209    |
|    loss                 | 0.916       |
|    n_updates            | 2340        |
|    policy_gradient_loss | 0.000985    |
|    std                  | 0.0235      |
|    value_loss           | 1.31        |
-----------------------------------------
---------------------------------
| rollout/           |          |
|    ep_len_mean     | 2e+03    |
|    ep_rew_mean     | 3.44e+03 |
| time/              |          |
|    fps             | 4262     |
|    iterations      | 235      |
|    time_elapsed    | 2145     |
|    total_timesteps | 9144320  |
---------------------------------
-----------------------------------------
| rollout/                |             |
|    ep_len_mean          | 2e+03       |
|    ep_rew_mean          | 3.44e+03    |
| time/                   |             |
|    fps                  | 4270        |
|    iterations           | 236         |
|    time_elapsed         | 2150        |
|    total_timesteps      | 9183232     |
| train/                  |             |
|    approx_kl            | 0.008024273 |
|    clip_fraction        | 0.0963      |
|    clip_range           | 0.2         |
|    entropy_loss         | 4.65        |
|    explained_variance   | 0.956       |
|    learning_rate        | 0.000209    |
|    loss                 | 0.889       |
|    n_updates            | 2350        |
|    policy_gradient_loss | 0.00182     |
|    std                  | 0.0237      |
|    value_loss           | 1.54        |
-----------------------------------------
------------------------------------------
| rollout/                |              |
|    ep_len_mean          | 2e+03        |
|    ep_rew_mean          | 3.45e+03     |
| time/                   |              |
|    fps                  | 4278         |
|    iterations           | 237          |
|    time_elapsed         | 2155         |
|    total_timesteps      | 9222144      |
| train/                  |              |
|    approx_kl            | 0.0070161037 |
|    clip_fraction        | 0.0914       |
|    clip_range           | 0.2          |
|    entropy_loss         | 4.65         |
|    explained_variance   | 0.959        |
|    learning_rate        | 0.000208     |
|    loss                 | 0.786        |
|    n_updates            | 2360         |
|    policy_gradient_loss | 0.000644     |
|    std                  | 0.0238       |
|    value_loss           | 1.17         |
------------------------------------------
------------------------------------------
| rollout/                |              |
|    ep_len_mean          | 2e+03        |
|    ep_rew_mean          | 3.45e+03     |
| time/                   |              |
|    fps                  | 4286         |
|    iterations           | 238          |
|    time_elapsed         | 2160         |
|    total_timesteps      | 9261056      |
| train/                  |              |
|    approx_kl            | 0.0079519665 |
|    clip_fraction        | 0.104        |
|    clip_range           | 0.2          |
|    entropy_loss         | 4.64         |
|    explained_variance   | 0.938        |
|    learning_rate        | 0.000208     |
|    loss                 | 0.575        |
|    n_updates            | 2370         |
|    policy_gradient_loss | -0.000445    |
|    std                  | 0.0239       |
|    value_loss           | 1.58         |
------------------------------------------
-----------------------------------------
| rollout/                |             |
|    ep_len_mean          | 2e+03       |
|    ep_rew_mean          | 3.45e+03    |
| time/                   |             |
|    fps                  | 4293        |
|    iterations           | 239         |
|    time_elapsed         | 2165        |
|    total_timesteps      | 9299968     |
| train/                  |             |
|    approx_kl            | 0.008201672 |
|    clip_fraction        | 0.107       |
|    clip_range           | 0.2         |
|    entropy_loss         | 4.63        |
|    explained_variance   | 0.949       |
|    learning_rate        | 0.000207    |
|    loss                 | 0.452       |
|    n_updates            | 2380        |
|    policy_gradient_loss | 0.0011      |
|    std                  | 0.024       |
|    value_loss           | 1.39        |
-----------------------------------------
Eval num_timesteps=9310000, episode_reward=2962.45 +/- 509.43
Episode length: 2000.00 +/- 0.00
-----------------------------------------
| eval/                   |             |
|    mean_ep_length       | 2e+03       |
|    mean_reward          | 2.96e+03    |
| time/                   |             |
|    total_timesteps      | 9310000     |
| train/                  |             |
|    approx_kl            | 0.007468432 |
|    clip_fraction        | 0.0898      |
|    clip_range           | 0.2         |
|    entropy_loss         | 4.63        |
|    explained_variance   | 0.946       |
|    learning_rate        | 0.000207    |
|    loss                 | 0.644       |
|    n_updates            | 2390        |
|    policy_gradient_loss | 0.000993    |
|    std                  | 0.0239      |
|    value_loss           | 1.35        |
-----------------------------------------
New best mean reward!
---------------------------------
| rollout/           |          |
|    ep_len_mean     | 2e+03    |
|    ep_rew_mean     | 3.44e+03 |
| time/              |          |
|    fps             | 4265     |
|    iterations      | 240      |
|    time_elapsed    | 2189     |
|    total_timesteps | 9338880  |
---------------------------------
-----------------------------------------
| rollout/                |             |
|    ep_len_mean          | 2e+03       |
|    ep_rew_mean          | 3.43e+03    |
| time/                   |             |
|    fps                  | 4272        |
|    iterations           | 241         |
|    time_elapsed         | 2194        |
|    total_timesteps      | 9377792     |
| train/                  |             |
|    approx_kl            | 0.007566804 |
|    clip_fraction        | 0.107       |
|    clip_range           | 0.2         |
|    entropy_loss         | 4.62        |
|    explained_variance   | 0.965       |
|    learning_rate        | 0.000207    |
|    loss                 | 1.05        |
|    n_updates            | 2400        |
|    policy_gradient_loss | -0.000408   |
|    std                  | 0.024       |
|    value_loss           | 1.43        |
-----------------------------------------
-----------------------------------------
| rollout/                |             |
|    ep_len_mean          | 2e+03       |
|    ep_rew_mean          | 3.43e+03    |
| time/                   |             |
|    fps                  | 4280        |
|    iterations           | 242         |
|    time_elapsed         | 2199        |
|    total_timesteps      | 9416704     |
| train/                  |             |
|    approx_kl            | 0.010255182 |
|    clip_fraction        | 0.104       |
|    clip_range           | 0.2         |
|    entropy_loss         | 4.63        |
|    explained_variance   | 0.93        |
|    learning_rate        | 0.000206    |
|    loss                 | 0.695       |
|    n_updates            | 2410        |
|    policy_gradient_loss | 0.00135     |
|    std                  | 0.0238      |
|    value_loss           | 2.17        |
-----------------------------------------
-----------------------------------------
| rollout/                |             |
|    ep_len_mean          | 2e+03       |
|    ep_rew_mean          | 3.42e+03    |
| time/                   |             |
|    fps                  | 4288        |
|    iterations           | 243         |
|    time_elapsed         | 2205        |
|    total_timesteps      | 9455616     |
| train/                  |             |
|    approx_kl            | 0.008667678 |
|    clip_fraction        | 0.11        |
|    clip_range           | 0.2         |
|    entropy_loss         | 4.64        |
|    explained_variance   | 0.957       |
|    learning_rate        | 0.000206    |
|    loss                 | 0.352       |
|    n_updates            | 2420        |
|    policy_gradient_loss | 0.000629    |
|    std                  | 0.0238      |
|    value_loss           | 1.11        |
-----------------------------------------
-----------------------------------------
| rollout/                |             |
|    ep_len_mean          | 2e+03       |
|    ep_rew_mean          | 3.42e+03    |
| time/                   |             |
|    fps                  | 4295        |
|    iterations           | 244         |
|    time_elapsed         | 2210        |
|    total_timesteps      | 9494528     |
| train/                  |             |
|    approx_kl            | 0.009051038 |
|    clip_fraction        | 0.112       |
|    clip_range           | 0.2         |
|    entropy_loss         | 4.63        |
|    explained_variance   | 0.956       |
|    learning_rate        | 0.000205    |
|    loss                 | 0.804       |
|    n_updates            | 2430        |
|    policy_gradient_loss | 0.000645    |
|    std                  | 0.024       |
|    value_loss           | 1.41        |
-----------------------------------------
Eval num_timesteps=9500000, episode_reward=2966.17 +/- 515.70
Episode length: 2000.00 +/- 0.00
------------------------------------------
| eval/                   |              |
|    mean_ep_length       | 2e+03        |
|    mean_reward          | 2.97e+03     |
| time/                   |              |
|    total_timesteps      | 9500000      |
| train/                  |              |
|    approx_kl            | 0.0071869823 |
|    clip_fraction        | 0.103        |
|    clip_range           | 0.2          |
|    entropy_loss         | 4.62         |
|    explained_variance   | 0.942        |
|    learning_rate        | 0.000205     |
|    loss                 | 0.68         |
|    n_updates            | 2440         |
|    policy_gradient_loss | 0.00103      |
|    std                  | 0.0241       |
|    value_loss           | 2.06         |
------------------------------------------
New best mean reward!
---------------------------------
| rollout/           |          |
|    ep_len_mean     | 2e+03    |
|    ep_rew_mean     | 3.43e+03 |
| time/              |          |
|    fps             | 4267     |
|    iterations      | 245      |
|    time_elapsed    | 2233     |
|    total_timesteps | 9533440  |
---------------------------------
------------------------------------------
| rollout/                |              |
|    ep_len_mean          | 2e+03        |
|    ep_rew_mean          | 3.42e+03     |
| time/                   |              |
|    fps                  | 4274         |
|    iterations           | 246          |
|    time_elapsed         | 2239         |
|    total_timesteps      | 9572352      |
| train/                  |              |
|    approx_kl            | 0.0070838467 |
|    clip_fraction        | 0.0945       |
|    clip_range           | 0.2          |
|    entropy_loss         | 4.61         |
|    explained_variance   | 0.945        |
|    learning_rate        | 0.000205     |
|    loss                 | 1.45         |
|    n_updates            | 2450         |
|    policy_gradient_loss | 0.00122      |
|    std                  | 0.0241       |
|    value_loss           | 1.68         |
------------------------------------------
-----------------------------------------
| rollout/                |             |
|    ep_len_mean          | 2e+03       |
|    ep_rew_mean          | 3.42e+03    |
| time/                   |             |
|    fps                  | 4282        |
|    iterations           | 247         |
|    time_elapsed         | 2244        |
|    total_timesteps      | 9611264     |
| train/                  |             |
|    approx_kl            | 0.008738557 |
|    clip_fraction        | 0.103       |
|    clip_range           | 0.2         |
|    entropy_loss         | 4.61        |
|    explained_variance   | 0.951       |
|    learning_rate        | 0.000204    |
|    loss                 | 0.557       |
|    n_updates            | 2460        |
|    policy_gradient_loss | 0.0007      |
|    std                  | 0.0242      |
|    value_loss           | 1.63        |
-----------------------------------------
-----------------------------------------
| rollout/                |             |
|    ep_len_mean          | 2e+03       |
|    ep_rew_mean          | 3.41e+03    |
| time/                   |             |
|    fps                  | 4289        |
|    iterations           | 248         |
|    time_elapsed         | 2249        |
|    total_timesteps      | 9650176     |
| train/                  |             |
|    approx_kl            | 0.010112394 |
|    clip_fraction        | 0.106       |
|    clip_range           | 0.2         |
|    entropy_loss         | 4.6         |
|    explained_variance   | 0.938       |
|    learning_rate        | 0.000204    |
|    loss                 | 1.27        |
|    n_updates            | 2470        |
|    policy_gradient_loss | 0.000105    |
|    std                  | 0.0243      |
|    value_loss           | 2.1         |
-----------------------------------------
-----------------------------------------
| rollout/                |             |
|    ep_len_mean          | 2e+03       |
|    ep_rew_mean          | 3.41e+03    |
| time/                   |             |
|    fps                  | 4297        |
|    iterations           | 249         |
|    time_elapsed         | 2254        |
|    total_timesteps      | 9689088     |
| train/                  |             |
|    approx_kl            | 0.008012352 |
|    clip_fraction        | 0.0918      |
|    clip_range           | 0.2         |
|    entropy_loss         | 4.6         |
|    explained_variance   | 0.96        |
|    learning_rate        | 0.000203    |
|    loss                 | 0.752       |
|    n_updates            | 2480        |
|    policy_gradient_loss | 0.00129     |
|    std                  | 0.0242      |
|    value_loss           | 1.52        |
-----------------------------------------
Eval num_timesteps=9690000, episode_reward=3003.49 +/- 472.37
Episode length: 2000.00 +/- 0.00
------------------------------------------
| eval/                   |              |
|    mean_ep_length       | 2e+03        |
|    mean_reward          | 3e+03        |
| time/                   |              |
|    total_timesteps      | 9690000      |
| train/                  |              |
|    approx_kl            | 0.0076624188 |
|    clip_fraction        | 0.0982       |
|    clip_range           | 0.2          |
|    entropy_loss         | 4.6          |
|    explained_variance   | 0.952        |
|    learning_rate        | 0.000203     |
|    loss                 | 0.637        |
|    n_updates            | 2490         |
|    policy_gradient_loss | 0.000476     |
|    std                  | 0.0243       |
|    value_loss           | 1.55         |
------------------------------------------
New best mean reward!
---------------------------------
| rollout/           |          |
|    ep_len_mean     | 2e+03    |
|    ep_rew_mean     | 3.41e+03 |
| time/              |          |
|    fps             | 4269     |
|    iterations      | 250      |
|    time_elapsed    | 2278     |
|    total_timesteps | 9728000  |
---------------------------------
-----------------------------------------
| rollout/                |             |
|    ep_len_mean          | 2e+03       |
|    ep_rew_mean          | 3.41e+03    |
| time/                   |             |
|    fps                  | 4277        |
|    iterations           | 251         |
|    time_elapsed         | 2283        |
|    total_timesteps      | 9766912     |
| train/                  |             |
|    approx_kl            | 0.007473708 |
|    clip_fraction        | 0.099       |
|    clip_range           | 0.2         |
|    entropy_loss         | 4.59        |
|    explained_variance   | 0.946       |
|    learning_rate        | 0.000203    |
|    loss                 | 0.799       |
|    n_updates            | 2500        |
|    policy_gradient_loss | 0.000543    |
|    std                  | 0.0244      |
|    value_loss           | 1.65        |
-----------------------------------------
-----------------------------------------
| rollout/                |             |
|    ep_len_mean          | 2e+03       |
|    ep_rew_mean          | 3.4e+03     |
| time/                   |             |
|    fps                  | 4284        |
|    iterations           | 252         |
|    time_elapsed         | 2288        |
|    total_timesteps      | 9805824     |
| train/                  |             |
|    approx_kl            | 0.008534558 |
|    clip_fraction        | 0.101       |
|    clip_range           | 0.2         |
|    entropy_loss         | 4.59        |
|    explained_variance   | 0.955       |
|    learning_rate        | 0.000202    |
|    loss                 | 0.794       |
|    n_updates            | 2510        |
|    policy_gradient_loss | 0.000708    |
|    std                  | 0.0244      |
|    value_loss           | 1.93        |
-----------------------------------------
-----------------------------------------
| rollout/                |             |
|    ep_len_mean          | 2e+03       |
|    ep_rew_mean          | 3.4e+03     |
| time/                   |             |
|    fps                  | 4291        |
|    iterations           | 253         |
|    time_elapsed         | 2293        |
|    total_timesteps      | 9844736     |
| train/                  |             |
|    approx_kl            | 0.008503757 |
|    clip_fraction        | 0.108       |
|    clip_range           | 0.2         |
|    entropy_loss         | 4.59        |
|    explained_variance   | 0.955       |
|    learning_rate        | 0.000202    |
|    loss                 | 1.16        |
|    n_updates            | 2520        |
|    policy_gradient_loss | 0.000617    |
|    std                  | 0.0244      |
|    value_loss           | 1.99        |
-----------------------------------------
Eval num_timesteps=9880000, episode_reward=3033.36 +/- 440.09
Episode length: 2000.00 +/- 0.00
-----------------------------------------
| eval/                   |             |
|    mean_ep_length       | 2e+03       |
|    mean_reward          | 3.03e+03    |
| time/                   |             |
|    total_timesteps      | 9880000     |
| train/                  |             |
|    approx_kl            | 0.007627924 |
|    clip_fraction        | 0.0895      |
|    clip_range           | 0.2         |
|    entropy_loss         | 4.58        |
|    explained_variance   | 0.944       |
|    learning_rate        | 0.000202    |
|    loss                 | 1.08        |
|    n_updates            | 2530        |
|    policy_gradient_loss | 0.000558    |
|    std                  | 0.0245      |
|    value_loss           | 2.18        |
-----------------------------------------
New best mean reward!
---------------------------------
| rollout/           |          |
|    ep_len_mean     | 2e+03    |
|    ep_rew_mean     | 3.41e+03 |
| time/              |          |
|    fps             | 4264     |
|    iterations      | 254      |
|    time_elapsed    | 2317     |
|    total_timesteps | 9883648  |
---------------------------------
------------------------------------------
| rollout/                |              |
|    ep_len_mean          | 2e+03        |
|    ep_rew_mean          | 3.4e+03      |
| time/                   |              |
|    fps                  | 4271         |
|    iterations           | 255          |
|    time_elapsed         | 2322         |
|    total_timesteps      | 9922560      |
| train/                  |              |
|    approx_kl            | 0.0083713755 |
|    clip_fraction        | 0.105        |
|    clip_range           | 0.2          |
|    entropy_loss         | 4.58         |
|    explained_variance   | 0.953        |
|    learning_rate        | 0.000201     |
|    loss                 | 0.585        |
|    n_updates            | 2540         |
|    policy_gradient_loss | 0.000881     |
|    std                  | 0.0245       |
|    value_loss           | 1.41         |
------------------------------------------
-----------------------------------------
| rollout/                |             |
|    ep_len_mean          | 2e+03       |
|    ep_rew_mean          | 3.39e+03    |
| time/                   |             |
|    fps                  | 4278        |
|    iterations           | 256         |
|    time_elapsed         | 2328        |
|    total_timesteps      | 9961472     |
| train/                  |             |
|    approx_kl            | 0.006824812 |
|    clip_fraction        | 0.0882      |
|    clip_range           | 0.2         |
|    entropy_loss         | 4.57        |
|    explained_variance   | 0.948       |
|    learning_rate        | 0.000201    |
|    loss                 | 0.609       |
|    n_updates            | 2550        |
|    policy_gradient_loss | 0.0005      |
|    std                  | 0.0246      |
|    value_loss           | 1.87        |
-----------------------------------------
------------------------------------------
| rollout/                |              |
|    ep_len_mean          | 2e+03        |
|    ep_rew_mean          | 3.39e+03     |
| time/                   |              |
|    fps                  | 4285         |
|    iterations           | 257          |
|    time_elapsed         | 2333         |
|    total_timesteps      | 10000384     |
| train/                  |              |
|    approx_kl            | 0.0076785777 |
|    clip_fraction        | 0.0915       |
|    clip_range           | 0.2          |
|    entropy_loss         | 4.57         |
|    explained_variance   | 0.964        |
|    learning_rate        | 0.0002       |
|    loss                 | 0.34         |
|    n_updates            | 2560         |
|    policy_gradient_loss | 0.000811     |
|    std                  | 0.0247       |
|    value_loss           | 1.31         |
------------------------------------------
-----------------------------------------
| rollout/                |             |
|    ep_len_mean          | 2e+03       |
|    ep_rew_mean          | 3.38e+03    |
| time/                   |             |
|    fps                  | 4292        |
|    iterations           | 258         |
|    time_elapsed         | 2338        |
|    total_timesteps      | 10039296    |
| train/                  |             |
|    approx_kl            | 0.006714621 |
|    clip_fraction        | 0.0904      |
|    clip_range           | 0.2         |
|    entropy_loss         | 4.56        |
|    explained_variance   | 0.952       |
|    learning_rate        | 0.0002      |
|    loss                 | 1.15        |
|    n_updates            | 2570        |
|    policy_gradient_loss | 0.0011      |
|    std                  | 0.0248      |
|    value_loss           | 2.07        |
-----------------------------------------
Eval num_timesteps=10070000, episode_reward=3053.46 +/- 409.33
Episode length: 2000.00 +/- 0.00
-----------------------------------------
| eval/                   |             |
|    mean_ep_length       | 2e+03       |
|    mean_reward          | 3.05e+03    |
| time/                   |             |
|    total_timesteps      | 10070000    |
| train/                  |             |
|    approx_kl            | 0.008819568 |
|    clip_fraction        | 0.104       |
|    clip_range           | 0.2         |
|    entropy_loss         | 4.56        |
|    explained_variance   | 0.952       |
|    learning_rate        | 0.0002      |
|    loss                 | 0.845       |
|    n_updates            | 2580        |
|    policy_gradient_loss | 0.000896    |
|    std                  | 0.0248      |
|    value_loss           | 2.15        |
-----------------------------------------
New best mean reward!
---------------------------------
| rollout/           |          |
|    ep_len_mean     | 2e+03    |
|    ep_rew_mean     | 3.39e+03 |
| time/              |          |
|    fps             | 4265     |
|    iterations      | 259      |
|    time_elapsed    | 2362     |
|    total_timesteps | 10078208 |
---------------------------------
-----------------------------------------
| rollout/                |             |
|    ep_len_mean          | 2e+03       |
|    ep_rew_mean          | 3.38e+03    |
| time/                   |             |
|    fps                  | 4272        |
|    iterations           | 260         |
|    time_elapsed         | 2368        |
|    total_timesteps      | 10117120    |
| train/                  |             |
|    approx_kl            | 0.008655143 |
|    clip_fraction        | 0.111       |
|    clip_range           | 0.2         |
|    entropy_loss         | 4.56        |
|    explained_variance   | 0.961       |
|    learning_rate        | 0.000199    |
|    loss                 | 0.663       |
|    n_updates            | 2590        |
|    policy_gradient_loss | 0.000212    |
|    std                  | 0.0248      |
|    value_loss           | 1.31        |
-----------------------------------------
-----------------------------------------
| rollout/                |             |
|    ep_len_mean          | 2e+03       |
|    ep_rew_mean          | 3.38e+03    |
| time/                   |             |
|    fps                  | 4278        |
|    iterations           | 261         |
|    time_elapsed         | 2373        |
|    total_timesteps      | 10156032    |
| train/                  |             |
|    approx_kl            | 0.007113279 |
|    clip_fraction        | 0.0895      |
|    clip_range           | 0.2         |
|    entropy_loss         | 4.55        |
|    explained_variance   | 0.956       |
|    learning_rate        | 0.000199    |
|    loss                 | 1.72        |
|    n_updates            | 2600        |
|    policy_gradient_loss | 0.000348    |
|    std                  | 0.0249      |
|    value_loss           | 2.02        |
-----------------------------------------
-----------------------------------------
| rollout/                |             |
|    ep_len_mean          | 2e+03       |
|    ep_rew_mean          | 3.38e+03    |
| time/                   |             |
|    fps                  | 4285        |
|    iterations           | 262         |
|    time_elapsed         | 2378        |
|    total_timesteps      | 10194944    |
| train/                  |             |
|    approx_kl            | 0.007950779 |
|    clip_fraction        | 0.0976      |
|    clip_range           | 0.2         |
|    entropy_loss         | 4.54        |
|    explained_variance   | 0.944       |
|    learning_rate        | 0.000198    |
|    loss                 | 1.98        |
|    n_updates            | 2610        |
|    policy_gradient_loss | 0.00087     |
|    std                  | 0.0251      |
|    value_loss           | 2.16        |
-----------------------------------------
-----------------------------------------
| rollout/                |             |
|    ep_len_mean          | 2e+03       |
|    ep_rew_mean          | 3.38e+03    |
| time/                   |             |
|    fps                  | 4292        |
|    iterations           | 263         |
|    time_elapsed         | 2384        |
|    total_timesteps      | 10233856    |
| train/                  |             |
|    approx_kl            | 0.008260684 |
|    clip_fraction        | 0.0923      |
|    clip_range           | 0.2         |
|    entropy_loss         | 4.53        |
|    explained_variance   | 0.949       |
|    learning_rate        | 0.000198    |
|    loss                 | 1.11        |
|    n_updates            | 2620        |
|    policy_gradient_loss | 0.000563    |
|    std                  | 0.0251      |
|    value_loss           | 2.3         |
-----------------------------------------
Eval num_timesteps=10260000, episode_reward=3047.40 +/- 401.04
Episode length: 2000.00 +/- 0.00
-----------------------------------------
| eval/                   |             |
|    mean_ep_length       | 2e+03       |
|    mean_reward          | 3.05e+03    |
| time/                   |             |
|    total_timesteps      | 10260000    |
| train/                  |             |
|    approx_kl            | 0.008059692 |
|    clip_fraction        | 0.108       |
|    clip_range           | 0.2         |
|    entropy_loss         | 4.53        |
|    explained_variance   | 0.935       |
|    learning_rate        | 0.000198    |
|    loss                 | 1.24        |
|    n_updates            | 2630        |
|    policy_gradient_loss | 0.000893    |
|    std                  | 0.0251      |
|    value_loss           | 2.3         |
-----------------------------------------
---------------------------------
| rollout/           |          |
|    ep_len_mean     | 2e+03    |
|    ep_rew_mean     | 3.37e+03 |
| time/              |          |
|    fps             | 4266     |
|    iterations      | 264      |
|    time_elapsed    | 2407     |
|    total_timesteps | 10272768 |
---------------------------------
------------------------------------------
| rollout/                |              |
|    ep_len_mean          | 2e+03        |
|    ep_rew_mean          | 3.36e+03     |
| time/                   |              |
|    fps                  | 4273         |
|    iterations           | 265          |
|    time_elapsed         | 2412         |
|    total_timesteps      | 10311680     |
| train/                  |              |
|    approx_kl            | 0.0068591847 |
|    clip_fraction        | 0.101        |
|    clip_range           | 0.2          |
|    entropy_loss         | 4.54         |
|    explained_variance   | 0.944        |
|    learning_rate        | 0.000197     |
|    loss                 | 1.21         |
|    n_updates            | 2640         |
|    policy_gradient_loss | 0.000324     |
|    std                  | 0.025        |
|    value_loss           | 1.81         |
------------------------------------------
------------------------------------------
| rollout/                |              |
|    ep_len_mean          | 2e+03        |
|    ep_rew_mean          | 3.36e+03     |
| time/                   |              |
|    fps                  | 4280         |
|    iterations           | 266          |
|    time_elapsed         | 2418         |
|    total_timesteps      | 10350592     |
| train/                  |              |
|    approx_kl            | 0.0077089393 |
|    clip_fraction        | 0.0966       |
|    clip_range           | 0.2          |
|    entropy_loss         | 4.54         |
|    explained_variance   | 0.961        |
|    learning_rate        | 0.000197     |
|    loss                 | 0.493        |
|    n_updates            | 2650         |
|    policy_gradient_loss | -0.000248    |
|    std                  | 0.025        |
|    value_loss           | 1.53         |
------------------------------------------
-----------------------------------------
| rollout/                |             |
|    ep_len_mean          | 2e+03       |
|    ep_rew_mean          | 3.37e+03    |
| time/                   |             |
|    fps                  | 4287        |
|    iterations           | 267         |
|    time_elapsed         | 2423        |
|    total_timesteps      | 10389504    |
| train/                  |             |
|    approx_kl            | 0.007925515 |
|    clip_fraction        | 0.104       |
|    clip_range           | 0.2         |
|    entropy_loss         | 4.53        |
|    explained_variance   | 0.94        |
|    learning_rate        | 0.000196    |
|    loss                 | 1.39        |
|    n_updates            | 2660        |
|    policy_gradient_loss | 0.00139     |
|    std                  | 0.0251      |
|    value_loss           | 2.98        |
-----------------------------------------
----------------------------------------
| rollout/                |            |
|    ep_len_mean          | 2e+03      |
|    ep_rew_mean          | 3.37e+03   |
| time/                   |            |
|    fps                  | 4294       |
|    iterations           | 268        |
|    time_elapsed         | 2428       |
|    total_timesteps      | 10428416   |
| train/                  |            |
|    approx_kl            | 0.00849119 |
|    clip_fraction        | 0.106      |
|    clip_range           | 0.2        |
|    entropy_loss         | 4.52       |
|    explained_variance   | 0.93       |
|    learning_rate        | 0.000196   |
|    loss                 | 1.16       |
|    n_updates            | 2670       |
|    policy_gradient_loss | 0.000733   |
|    std                  | 0.0253     |
|    value_loss           | 2.95       |
----------------------------------------
Eval num_timesteps=10450000, episode_reward=3056.28 +/- 400.61
Episode length: 2000.00 +/- 0.00
-----------------------------------------
| eval/                   |             |
|    mean_ep_length       | 2e+03       |
|    mean_reward          | 3.06e+03    |
| time/                   |             |
|    total_timesteps      | 10450000    |
| train/                  |             |
|    approx_kl            | 0.008474335 |
|    clip_fraction        | 0.091       |
|    clip_range           | 0.2         |
|    entropy_loss         | 4.51        |
|    explained_variance   | 0.944       |
|    learning_rate        | 0.000196    |
|    loss                 | 1.56        |
|    n_updates            | 2680        |
|    policy_gradient_loss | 0.000926    |
|    std                  | 0.0254      |
|    value_loss           | 2.36        |
-----------------------------------------
New best mean reward!
---------------------------------
| rollout/           |          |
|    ep_len_mean     | 2e+03    |
|    ep_rew_mean     | 3.37e+03 |
| time/              |          |
|    fps             | 4268     |
|    iterations      | 269      |
|    time_elapsed    | 2452     |
|    total_timesteps | 10467328 |
---------------------------------
-----------------------------------------
| rollout/                |             |
|    ep_len_mean          | 2e+03       |
|    ep_rew_mean          | 3.36e+03    |
| time/                   |             |
|    fps                  | 4275        |
|    iterations           | 270         |
|    time_elapsed         | 2457        |
|    total_timesteps      | 10506240    |
| train/                  |             |
|    approx_kl            | 0.007880789 |
|    clip_fraction        | 0.0984      |
|    clip_range           | 0.2         |
|    entropy_loss         | 4.51        |
|    explained_variance   | 0.953       |
|    learning_rate        | 0.000195    |
|    loss                 | 0.842       |
|    n_updates            | 2690        |
|    policy_gradient_loss | 0.000664    |
|    std                  | 0.0254      |
|    value_loss           | 1.85        |
-----------------------------------------
-----------------------------------------
| rollout/                |             |
|    ep_len_mean          | 2e+03       |
|    ep_rew_mean          | 3.37e+03    |
| time/                   |             |
|    fps                  | 4282        |
|    iterations           | 271         |
|    time_elapsed         | 2462        |
|    total_timesteps      | 10545152    |
| train/                  |             |
|    approx_kl            | 0.008591285 |
|    clip_fraction        | 0.107       |
|    clip_range           | 0.2         |
|    entropy_loss         | 4.5         |
|    explained_variance   | 0.934       |
|    learning_rate        | 0.000195    |
|    loss                 | 1.31        |
|    n_updates            | 2700        |
|    policy_gradient_loss | 0.000223    |
|    std                  | 0.0255      |
|    value_loss           | 2.89        |
-----------------------------------------
-----------------------------------------
| rollout/                |             |
|    ep_len_mean          | 2e+03       |
|    ep_rew_mean          | 3.36e+03    |
| time/                   |             |
|    fps                  | 4288        |
|    iterations           | 272         |
|    time_elapsed         | 2467        |
|    total_timesteps      | 10584064    |
| train/                  |             |
|    approx_kl            | 0.006958543 |
|    clip_fraction        | 0.107       |
|    clip_range           | 0.2         |
|    entropy_loss         | 4.51        |
|    explained_variance   | 0.949       |
|    learning_rate        | 0.000195    |
|    loss                 | 0.762       |
|    n_updates            | 2710        |
|    policy_gradient_loss | 0.000587    |
|    std                  | 0.0254      |
|    value_loss           | 1.66        |
-----------------------------------------
------------------------------------------
| rollout/                |              |
|    ep_len_mean          | 2e+03        |
|    ep_rew_mean          | 3.35e+03     |
| time/                   |              |
|    fps                  | 4295         |
|    iterations           | 273          |
|    time_elapsed         | 2473         |
|    total_timesteps      | 10622976     |
| train/                  |              |
|    approx_kl            | 0.0071688043 |
|    clip_fraction        | 0.0957       |
|    clip_range           | 0.2          |
|    entropy_loss         | 4.51         |
|    explained_variance   | 0.953        |
|    learning_rate        | 0.000194     |
|    loss                 | 0.841        |
|    n_updates            | 2720         |
|    policy_gradient_loss | 0.000802     |
|    std                  | 0.0255       |
|    value_loss           | 2.37         |
------------------------------------------
Eval num_timesteps=10640000, episode_reward=3070.07 +/- 388.26
Episode length: 2000.00 +/- 0.00
-----------------------------------------
| eval/                   |             |
|    mean_ep_length       | 2e+03       |
|    mean_reward          | 3.07e+03    |
| time/                   |             |
|    total_timesteps      | 10640000    |
| train/                  |             |
|    approx_kl            | 0.008326732 |
|    clip_fraction        | 0.099       |
|    clip_range           | 0.2         |
|    entropy_loss         | 4.5         |
|    explained_variance   | 0.945       |
|    learning_rate        | 0.000194    |
|    loss                 | 0.859       |
|    n_updates            | 2730        |
|    policy_gradient_loss | 0.0004      |
|    std                  | 0.0255      |
|    value_loss           | 2.38        |
-----------------------------------------
New best mean reward!
---------------------------------
| rollout/           |          |
|    ep_len_mean     | 2e+03    |
|    ep_rew_mean     | 3.35e+03 |
| time/              |          |
|    fps             | 4270     |
|    iterations      | 274      |
|    time_elapsed    | 2496     |
|    total_timesteps | 10661888 |
---------------------------------
----------------------------------------
| rollout/                |            |
|    ep_len_mean          | 2e+03      |
|    ep_rew_mean          | 3.36e+03   |
| time/                   |            |
|    fps                  | 4276       |
|    iterations           | 275        |
|    time_elapsed         | 2501       |
|    total_timesteps      | 10700800   |
| train/                  |            |
|    approx_kl            | 0.00819816 |
|    clip_fraction        | 0.0947     |
|    clip_range           | 0.2        |
|    entropy_loss         | 4.5        |
|    explained_variance   | 0.951      |
|    learning_rate        | 0.000193   |
|    loss                 | 0.885      |
|    n_updates            | 2740       |
|    policy_gradient_loss | 0.000634   |
|    std                  | 0.0254     |
|    value_loss           | 2.04       |
----------------------------------------
-----------------------------------------
| rollout/                |             |
|    ep_len_mean          | 2e+03       |
|    ep_rew_mean          | 3.37e+03    |
| time/                   |             |
|    fps                  | 4283        |
|    iterations           | 276         |
|    time_elapsed         | 2507        |
|    total_timesteps      | 10739712    |
| train/                  |             |
|    approx_kl            | 0.009038249 |
|    clip_fraction        | 0.103       |
|    clip_range           | 0.2         |
|    entropy_loss         | 4.5         |
|    explained_variance   | 0.952       |
|    learning_rate        | 0.000193    |
|    loss                 | 1.35        |
|    n_updates            | 2750        |
|    policy_gradient_loss | 0.000891    |
|    std                  | 0.0255      |
|    value_loss           | 2.18        |
-----------------------------------------
------------------------------------------
| rollout/                |              |
|    ep_len_mean          | 2e+03        |
|    ep_rew_mean          | 3.37e+03     |
| time/                   |              |
|    fps                  | 4290         |
|    iterations           | 277          |
|    time_elapsed         | 2512         |
|    total_timesteps      | 10778624     |
| train/                  |              |
|    approx_kl            | 0.0066214637 |
|    clip_fraction        | 0.0978       |
|    clip_range           | 0.2          |
|    entropy_loss         | 4.49         |
|    explained_variance   | 0.959        |
|    learning_rate        | 0.000193     |
|    loss                 | 0.823        |
|    n_updates            | 2760         |
|    policy_gradient_loss | 0.000799     |
|    std                  | 0.0257       |
|    value_loss           | 2.03         |
------------------------------------------
------------------------------------------
| rollout/                |              |
|    ep_len_mean          | 2e+03        |
|    ep_rew_mean          | 3.38e+03     |
| time/                   |              |
|    fps                  | 4296         |
|    iterations           | 278          |
|    time_elapsed         | 2517         |
|    total_timesteps      | 10817536     |
| train/                  |              |
|    approx_kl            | 0.0076274117 |
|    clip_fraction        | 0.0956       |
|    clip_range           | 0.2          |
|    entropy_loss         | 4.5          |
|    explained_variance   | 0.943        |
|    learning_rate        | 0.000192     |
|    loss                 | 1.03         |
|    n_updates            | 2770         |
|    policy_gradient_loss | 0.000506     |
|    std                  | 0.0254       |
|    value_loss           | 2.59         |
------------------------------------------
Eval num_timesteps=10830000, episode_reward=3043.15 +/- 393.04
Episode length: 2000.00 +/- 0.00
-----------------------------------------
| eval/                   |             |
|    mean_ep_length       | 2e+03       |
|    mean_reward          | 3.04e+03    |
| time/                   |             |
|    total_timesteps      | 10830000    |
| train/                  |             |
|    approx_kl            | 0.007953947 |
|    clip_fraction        | 0.0989      |
|    clip_range           | 0.2         |
|    entropy_loss         | 4.5         |
|    explained_variance   | 0.957       |
|    learning_rate        | 0.000192    |
|    loss                 | 0.621       |
|    n_updates            | 2780        |
|    policy_gradient_loss | 0.000316    |
|    std                  | 0.0256      |
|    value_loss           | 1.89        |
-----------------------------------------
---------------------------------
| rollout/           |          |
|    ep_len_mean     | 2e+03    |
|    ep_rew_mean     | 3.36e+03 |
| time/              |          |
|    fps             | 4272     |
|    iterations      | 279      |
|    time_elapsed    | 2541     |
|    total_timesteps | 10856448 |
---------------------------------
-----------------------------------------
| rollout/                |             |
|    ep_len_mean          | 2e+03       |
|    ep_rew_mean          | 3.36e+03    |
| time/                   |             |
|    fps                  | 4278        |
|    iterations           | 280         |
|    time_elapsed         | 2546        |
|    total_timesteps      | 10895360    |
| train/                  |             |
|    approx_kl            | 0.008104521 |
|    clip_fraction        | 0.0966      |
|    clip_range           | 0.2         |
|    entropy_loss         | 4.49        |
|    explained_variance   | 0.957       |
|    learning_rate        | 0.000191    |
|    loss                 | 1.5         |
|    n_updates            | 2790        |
|    policy_gradient_loss | 0.000323    |
|    std                  | 0.0256      |
|    value_loss           | 1.96        |
-----------------------------------------
-----------------------------------------
| rollout/                |             |
|    ep_len_mean          | 2e+03       |
|    ep_rew_mean          | 3.35e+03    |
| time/                   |             |
|    fps                  | 4285        |
|    iterations           | 281         |
|    time_elapsed         | 2551        |
|    total_timesteps      | 10934272    |
| train/                  |             |
|    approx_kl            | 0.007871456 |
|    clip_fraction        | 0.0995      |
|    clip_range           | 0.2         |
|    entropy_loss         | 4.48        |
|    explained_variance   | 0.928       |
|    learning_rate        | 0.000191    |
|    loss                 | 2.13        |
|    n_updates            | 2800        |
|    policy_gradient_loss | -1.07e-06   |
|    std                  | 0.0259      |
|    value_loss           | 3.36        |
-----------------------------------------
----------------------------------------
| rollout/                |            |
|    ep_len_mean          | 2e+03      |
|    ep_rew_mean          | 3.34e+03   |
| time/                   |            |
|    fps                  | 4291       |
|    iterations           | 282        |
|    time_elapsed         | 2557       |
|    total_timesteps      | 10973184   |
| train/                  |            |
|    approx_kl            | 0.00905213 |
|    clip_fraction        | 0.099      |
|    clip_range           | 0.2        |
|    entropy_loss         | 4.46       |
|    explained_variance   | 0.94       |
|    learning_rate        | 0.000191   |
|    loss                 | 1.52       |
|    n_updates            | 2810       |
|    policy_gradient_loss | 0.000734   |
|    std                  | 0.0261     |
|    value_loss           | 2.28       |
----------------------------------------
-----------------------------------------
| rollout/                |             |
|    ep_len_mean          | 2e+03       |
|    ep_rew_mean          | 3.34e+03    |
| time/                   |             |
|    fps                  | 4297        |
|    iterations           | 283         |
|    time_elapsed         | 2562        |
|    total_timesteps      | 11012096    |
| train/                  |             |
|    approx_kl            | 0.007603448 |
|    clip_fraction        | 0.0896      |
|    clip_range           | 0.2         |
|    entropy_loss         | 4.46        |
|    explained_variance   | 0.94        |
|    learning_rate        | 0.00019     |
|    loss                 | 0.843       |
|    n_updates            | 2820        |
|    policy_gradient_loss | 0.000433    |
|    std                  | 0.0259      |
|    value_loss           | 2.34        |
-----------------------------------------
Eval num_timesteps=11020000, episode_reward=2990.30 +/- 437.08
Episode length: 2000.00 +/- 0.00
-----------------------------------------
| eval/                   |             |
|    mean_ep_length       | 2e+03       |
|    mean_reward          | 2.99e+03    |
| time/                   |             |
|    total_timesteps      | 11020000    |
| train/                  |             |
|    approx_kl            | 0.007383907 |
|    clip_fraction        | 0.0944      |
|    clip_range           | 0.2         |
|    entropy_loss         | 4.47        |
|    explained_variance   | 0.93        |
|    learning_rate        | 0.00019     |
|    loss                 | 1.33        |
|    n_updates            | 2830        |
|    policy_gradient_loss | 0.000378    |
|    std                  | 0.0258      |
|    value_loss           | 2.89        |
-----------------------------------------
---------------------------------
| rollout/           |          |
|    ep_len_mean     | 2e+03    |
|    ep_rew_mean     | 3.33e+03 |
| time/              |          |
|    fps             | 4273     |
|    iterations      | 284      |
|    time_elapsed    | 2586     |
|    total_timesteps | 11051008 |
---------------------------------
-----------------------------------------
| rollout/                |             |
|    ep_len_mean          | 2e+03       |
|    ep_rew_mean          | 3.32e+03    |
| time/                   |             |
|    fps                  | 4279        |
|    iterations           | 285         |
|    time_elapsed         | 2591        |
|    total_timesteps      | 11089920    |
| train/                  |             |
|    approx_kl            | 0.008994754 |
|    clip_fraction        | 0.0947      |
|    clip_range           | 0.2         |
|    entropy_loss         | 4.47        |
|    explained_variance   | 0.944       |
|    learning_rate        | 0.000189    |
|    loss                 | 0.98        |
|    n_updates            | 2840        |
|    policy_gradient_loss | 0.00028     |
|    std                  | 0.026       |
|    value_loss           | 2.78        |
-----------------------------------------
-----------------------------------------
| rollout/                |             |
|    ep_len_mean          | 2e+03       |
|    ep_rew_mean          | 3.32e+03    |
| time/                   |             |
|    fps                  | 4286        |
|    iterations           | 286         |
|    time_elapsed         | 2596        |
|    total_timesteps      | 11128832    |
| train/                  |             |
|    approx_kl            | 0.008805288 |
|    clip_fraction        | 0.108       |
|    clip_range           | 0.2         |
|    entropy_loss         | 4.46        |
|    explained_variance   | 0.956       |
|    learning_rate        | 0.000189    |
|    loss                 | 0.641       |
|    n_updates            | 2850        |
|    policy_gradient_loss | 0.000159    |
|    std                  | 0.0259      |
|    value_loss           | 2.29        |
-----------------------------------------
-----------------------------------------
| rollout/                |             |
|    ep_len_mean          | 2e+03       |
|    ep_rew_mean          | 3.33e+03    |
| time/                   |             |
|    fps                  | 4292        |
|    iterations           | 287         |
|    time_elapsed         | 2601        |
|    total_timesteps      | 11167744    |
| train/                  |             |
|    approx_kl            | 0.008641456 |
|    clip_fraction        | 0.109       |
|    clip_range           | 0.2         |
|    entropy_loss         | 4.46        |
|    explained_variance   | 0.954       |
|    learning_rate        | 0.000189    |
|    loss                 | 1.06        |
|    n_updates            | 2860        |
|    policy_gradient_loss | 8.31e-05    |
|    std                  | 0.0261      |
|    value_loss           | 2.75        |
-----------------------------------------
------------------------------------------
| rollout/                |              |
|    ep_len_mean          | 2e+03        |
|    ep_rew_mean          | 3.33e+03     |
| time/                   |              |
|    fps                  | 4298         |
|    iterations           | 288          |
|    time_elapsed         | 2606         |
|    total_timesteps      | 11206656     |
| train/                  |              |
|    approx_kl            | 0.0072077275 |
|    clip_fraction        | 0.0858       |
|    clip_range           | 0.2          |
|    entropy_loss         | 4.47         |
|    explained_variance   | 0.964        |
|    learning_rate        | 0.000188     |
|    loss                 | 2.28         |
|    n_updates            | 2870         |
|    policy_gradient_loss | 0.000936     |
|    std                  | 0.0259       |
|    value_loss           | 1.89         |
------------------------------------------
Eval num_timesteps=11210000, episode_reward=3046.30 +/- 388.17
Episode length: 2000.00 +/- 0.00
------------------------------------------
| eval/                   |              |
|    mean_ep_length       | 2e+03        |
|    mean_reward          | 3.05e+03     |
| time/                   |              |
|    total_timesteps      | 11210000     |
| train/                  |              |
|    approx_kl            | 0.0067004184 |
|    clip_fraction        | 0.0925       |
|    clip_range           | 0.2          |
|    entropy_loss         | 4.46         |
|    explained_variance   | 0.939        |
|    learning_rate        | 0.000188     |
|    loss                 | 1.83         |
|    n_updates            | 2880         |
|    policy_gradient_loss | 0.000397     |
|    std                  | 0.0261       |
|    value_loss           | 3.36         |
------------------------------------------
---------------------------------
| rollout/           |          |
|    ep_len_mean     | 2e+03    |
|    ep_rew_mean     | 3.32e+03 |
| time/              |          |
|    fps             | 4275     |
|    iterations      | 289      |
|    time_elapsed    | 2630     |
|    total_timesteps | 11245568 |
---------------------------------
-----------------------------------------
| rollout/                |             |
|    ep_len_mean          | 2e+03       |
|    ep_rew_mean          | 3.33e+03    |
| time/                   |             |
|    fps                  | 4281        |
|    iterations           | 290         |
|    time_elapsed         | 2635        |
|    total_timesteps      | 11284480    |
| train/                  |             |
|    approx_kl            | 0.008758135 |
|    clip_fraction        | 0.109       |
|    clip_range           | 0.2         |
|    entropy_loss         | 4.46        |
|    explained_variance   | 0.939       |
|    learning_rate        | 0.000188    |
|    loss                 | 3.33        |
|    n_updates            | 2890        |
|    policy_gradient_loss | 0.000245    |
|    std                  | 0.026       |
|    value_loss           | 2.65        |
-----------------------------------------
------------------------------------------
| rollout/                |              |
|    ep_len_mean          | 2e+03        |
|    ep_rew_mean          | 3.35e+03     |
| time/                   |              |
|    fps                  | 4287         |
|    iterations           | 291          |
|    time_elapsed         | 2640         |
|    total_timesteps      | 11323392     |
| train/                  |              |
|    approx_kl            | 0.0068735047 |
|    clip_fraction        | 0.0913       |
|    clip_range           | 0.2          |
|    entropy_loss         | 4.46         |
|    explained_variance   | 0.948        |
|    learning_rate        | 0.000187     |
|    loss                 | 0.87         |
|    n_updates            | 2900         |
|    policy_gradient_loss | 0.000312     |
|    std                  | 0.0261       |
|    value_loss           | 2.52         |
------------------------------------------
----------------------------------------
| rollout/                |            |
|    ep_len_mean          | 2e+03      |
|    ep_rew_mean          | 3.34e+03   |
| time/                   |            |
|    fps                  | 4293       |
|    iterations           | 292        |
|    time_elapsed         | 2646       |
|    total_timesteps      | 11362304   |
| train/                  |            |
|    approx_kl            | 0.00825311 |
|    clip_fraction        | 0.0903     |
|    clip_range           | 0.2        |
|    entropy_loss         | 4.45       |
|    explained_variance   | 0.943      |
|    learning_rate        | 0.000187   |
|    loss                 | 1.73       |
|    n_updates            | 2910       |
|    policy_gradient_loss | 0.00063    |
|    std                  | 0.0263     |
|    value_loss           | 2.75       |
----------------------------------------
Eval num_timesteps=11400000, episode_reward=3035.26 +/- 378.15
Episode length: 2000.00 +/- 0.00
-----------------------------------------
| eval/                   |             |
|    mean_ep_length       | 2e+03       |
|    mean_reward          | 3.04e+03    |
| time/                   |             |
|    total_timesteps      | 11400000    |
| train/                  |             |
|    approx_kl            | 0.008869943 |
|    clip_fraction        | 0.101       |
|    clip_range           | 0.2         |
|    entropy_loss         | 4.44        |
|    explained_variance   | 0.936       |
|    learning_rate        | 0.000186    |
|    loss                 | 2.92        |
|    n_updates            | 2920        |
|    policy_gradient_loss | -0.000701   |
|    std                  | 0.0264      |
|    value_loss           | 3.82        |
-----------------------------------------
---------------------------------
| rollout/           |          |
|    ep_len_mean     | 2e+03    |
|    ep_rew_mean     | 3.34e+03 |
| time/              |          |
|    fps             | 4270     |
|    iterations      | 293      |
|    time_elapsed    | 2669     |
|    total_timesteps | 11401216 |
---------------------------------
-----------------------------------------
| rollout/                |             |
|    ep_len_mean          | 2e+03       |
|    ep_rew_mean          | 3.35e+03    |
| time/                   |             |
|    fps                  | 4276        |
|    iterations           | 294         |
|    time_elapsed         | 2675        |
|    total_timesteps      | 11440128    |
| train/                  |             |
|    approx_kl            | 0.009546521 |
|    clip_fraction        | 0.102       |
|    clip_range           | 0.2         |
|    entropy_loss         | 4.43        |
|    explained_variance   | 0.961       |
|    learning_rate        | 0.000186    |
|    loss                 | 0.802       |
|    n_updates            | 2930        |
|    policy_gradient_loss | 0.000459    |
|    std                  | 0.0264      |
|    value_loss           | 2.2         |
-----------------------------------------
-----------------------------------------
| rollout/                |             |
|    ep_len_mean          | 2e+03       |
|    ep_rew_mean          | 3.34e+03    |
| time/                   |             |
|    fps                  | 4282        |
|    iterations           | 295         |
|    time_elapsed         | 2680        |
|    total_timesteps      | 11479040    |
| train/                  |             |
|    approx_kl            | 0.009368416 |
|    clip_fraction        | 0.0946      |
|    clip_range           | 0.2         |
|    entropy_loss         | 4.43        |
|    explained_variance   | 0.964       |
|    learning_rate        | 0.000186    |
|    loss                 | 0.535       |
|    n_updates            | 2940        |
|    policy_gradient_loss | -0.000181   |
|    std                  | 0.0264      |
|    value_loss           | 1.85        |
-----------------------------------------
-----------------------------------------
| rollout/                |             |
|    ep_len_mean          | 2e+03       |
|    ep_rew_mean          | 3.32e+03    |
| time/                   |             |
|    fps                  | 4289        |
|    iterations           | 296         |
|    time_elapsed         | 2685        |
|    total_timesteps      | 11517952    |
| train/                  |             |
|    approx_kl            | 0.006785193 |
|    clip_fraction        | 0.093       |
|    clip_range           | 0.2         |
|    entropy_loss         | 4.42        |
|    explained_variance   | 0.931       |
|    learning_rate        | 0.000185    |
|    loss                 | 1.35        |
|    n_updates            | 2950        |
|    policy_gradient_loss | 0.000252    |
|    std                  | 0.0266      |
|    value_loss           | 3.43        |
-----------------------------------------
-----------------------------------------
| rollout/                |             |
|    ep_len_mean          | 2e+03       |
|    ep_rew_mean          | 3.33e+03    |
| time/                   |             |
|    fps                  | 4295        |
|    iterations           | 297         |
|    time_elapsed         | 2690        |
|    total_timesteps      | 11556864    |
| train/                  |             |
|    approx_kl            | 0.007340824 |
|    clip_fraction        | 0.0929      |
|    clip_range           | 0.2         |
|    entropy_loss         | 4.42        |
|    explained_variance   | 0.968       |
|    learning_rate        | 0.000185    |
|    loss                 | 0.821       |
|    n_updates            | 2960        |
|    policy_gradient_loss | 0.000267    |
|    std                  | 0.0266      |
|    value_loss           | 1.95        |
-----------------------------------------
Eval num_timesteps=11590000, episode_reward=3008.97 +/- 397.87
Episode length: 2000.00 +/- 0.00
-----------------------------------------
| eval/                   |             |
|    mean_ep_length       | 2e+03       |
|    mean_reward          | 3.01e+03    |
| time/                   |             |
|    total_timesteps      | 11590000    |
| train/                  |             |
|    approx_kl            | 0.008303799 |
|    clip_fraction        | 0.0964      |
|    clip_range           | 0.2         |
|    entropy_loss         | 4.4         |
|    explained_variance   | 0.946       |
|    learning_rate        | 0.000184    |
|    loss                 | 0.915       |
|    n_updates            | 2970        |
|    policy_gradient_loss | -0.000691   |
|    std                  | 0.0269      |
|    value_loss           | 2.92        |
-----------------------------------------
---------------------------------
| rollout/           |          |
|    ep_len_mean     | 2e+03    |
|    ep_rew_mean     | 3.31e+03 |
| time/              |          |
|    fps             | 4271     |
|    iterations      | 298      |
|    time_elapsed    | 2714     |
|    total_timesteps | 11595776 |
---------------------------------
-----------------------------------------
| rollout/                |             |
|    ep_len_mean          | 2e+03       |
|    ep_rew_mean          | 3.31e+03    |
| time/                   |             |
|    fps                  | 4277        |
|    iterations           | 299         |
|    time_elapsed         | 2719        |
|    total_timesteps      | 11634688    |
| train/                  |             |
|    approx_kl            | 0.007827291 |
|    clip_fraction        | 0.0968      |
|    clip_range           | 0.2         |
|    entropy_loss         | 4.39        |
|    explained_variance   | 0.951       |
|    learning_rate        | 0.000184    |
|    loss                 | 1.07        |
|    n_updates            | 2980        |
|    policy_gradient_loss | -0.000225   |
|    std                  | 0.0269      |
|    value_loss           | 3.32        |
-----------------------------------------
-----------------------------------------
| rollout/                |             |
|    ep_len_mean          | 2e+03       |
|    ep_rew_mean          | 3.31e+03    |
| time/                   |             |
|    fps                  | 4284        |
|    iterations           | 300         |
|    time_elapsed         | 2724        |
|    total_timesteps      | 11673600    |
| train/                  |             |
|    approx_kl            | 0.009095151 |
|    clip_fraction        | 0.113       |
|    clip_range           | 0.2         |
|    entropy_loss         | 4.39        |
|    explained_variance   | 0.947       |
|    learning_rate        | 0.000184    |
|    loss                 | 1.08        |
|    n_updates            | 2990        |
|    policy_gradient_loss | 0.000212    |
|    std                  | 0.0269      |
|    value_loss           | 2.7         |
-----------------------------------------
-----------------------------------------
| rollout/                |             |
|    ep_len_mean          | 2e+03       |
|    ep_rew_mean          | 3.31e+03    |
| time/                   |             |
|    fps                  | 4290        |
|    iterations           | 301         |
|    time_elapsed         | 2729        |
|    total_timesteps      | 11712512    |
| train/                  |             |
|    approx_kl            | 0.009335063 |
|    clip_fraction        | 0.111       |
|    clip_range           | 0.2         |
|    entropy_loss         | 4.39        |
|    explained_variance   | 0.965       |
|    learning_rate        | 0.000183    |
|    loss                 | 1.83        |
|    n_updates            | 3000        |
|    policy_gradient_loss | -0.000541   |
|    std                  | 0.0269      |
|    value_loss           | 1.97        |
-----------------------------------------
-----------------------------------------
| rollout/                |             |
|    ep_len_mean          | 2e+03       |
|    ep_rew_mean          | 3.3e+03     |
| time/                   |             |
|    fps                  | 4296        |
|    iterations           | 302         |
|    time_elapsed         | 2735        |
|    total_timesteps      | 11751424    |
| train/                  |             |
|    approx_kl            | 0.012147956 |
|    clip_fraction        | 0.11        |
|    clip_range           | 0.2         |
|    entropy_loss         | 4.39        |
|    explained_variance   | 0.945       |
|    learning_rate        | 0.000183    |
|    loss                 | 1.93        |
|    n_updates            | 3010        |
|    policy_gradient_loss | -0.000205   |
|    std                  | 0.0269      |
|    value_loss           | 2.85        |
-----------------------------------------
Eval num_timesteps=11780000, episode_reward=3034.19 +/- 387.52
Episode length: 2000.00 +/- 0.00
----------------------------------------
| eval/                   |            |
|    mean_ep_length       | 2e+03      |
|    mean_reward          | 3.03e+03   |
| time/                   |            |
|    total_timesteps      | 11780000   |
| train/                  |            |
|    approx_kl            | 0.00771635 |
|    clip_fraction        | 0.103      |
|    clip_range           | 0.2        |
|    entropy_loss         | 4.39       |
|    explained_variance   | 0.945      |
|    learning_rate        | 0.000182   |
|    loss                 | 1.08       |
|    n_updates            | 3020       |
|    policy_gradient_loss | -0.0005    |
|    std                  | 0.0269     |
|    value_loss           | 3.03       |
----------------------------------------
---------------------------------
| rollout/           |          |
|    ep_len_mean     | 2e+03    |
|    ep_rew_mean     | 3.3e+03  |
| time/              |          |
|    fps             | 4273     |
|    iterations      | 303      |
|    time_elapsed    | 2758     |
|    total_timesteps | 11790336 |
---------------------------------
------------------------------------------
| rollout/                |              |
|    ep_len_mean          | 2e+03        |
|    ep_rew_mean          | 3.3e+03      |
| time/                   |              |
|    fps                  | 4279         |
|    iterations           | 304          |
|    time_elapsed         | 2764         |
|    total_timesteps      | 11829248     |
| train/                  |              |
|    approx_kl            | 0.0070743687 |
|    clip_fraction        | 0.0891       |
|    clip_range           | 0.2          |
|    entropy_loss         | 4.39         |
|    explained_variance   | 0.949        |
|    learning_rate        | 0.000182     |
|    loss                 | 1.62         |
|    n_updates            | 3030         |
|    policy_gradient_loss | 0.000152     |
|    std                  | 0.027        |
|    value_loss           | 3.25         |
------------------------------------------
------------------------------------------
| rollout/                |              |
|    ep_len_mean          | 2e+03        |
|    ep_rew_mean          | 3.3e+03      |
| time/                   |              |
|    fps                  | 4285         |
|    iterations           | 305          |
|    time_elapsed         | 2769         |
|    total_timesteps      | 11868160     |
| train/                  |              |
|    approx_kl            | 0.0071410504 |
|    clip_fraction        | 0.0981       |
|    clip_range           | 0.2          |
|    entropy_loss         | 4.38         |
|    explained_variance   | 0.931        |
|    learning_rate        | 0.000182     |
|    loss                 | 1.73         |
|    n_updates            | 3040         |
|    policy_gradient_loss | -0.000154    |
|    std                  | 0.027        |
|    value_loss           | 4.18         |
------------------------------------------
-----------------------------------------
| rollout/                |             |
|    ep_len_mean          | 2e+03       |
|    ep_rew_mean          | 3.29e+03    |
| time/                   |             |
|    fps                  | 4291        |
|    iterations           | 306         |
|    time_elapsed         | 2774        |
|    total_timesteps      | 11907072    |
| train/                  |             |
|    approx_kl            | 0.008758602 |
|    clip_fraction        | 0.103       |
|    clip_range           | 0.2         |
|    entropy_loss         | 4.39        |
|    explained_variance   | 0.961       |
|    learning_rate        | 0.000181    |
|    loss                 | 1.29        |
|    n_updates            | 3050        |
|    policy_gradient_loss | -0.000343   |
|    std                  | 0.027       |
|    value_loss           | 2.49        |
-----------------------------------------
------------------------------------------
| rollout/                |              |
|    ep_len_mean          | 2e+03        |
|    ep_rew_mean          | 3.28e+03     |
| time/                   |              |
|    fps                  | 4297         |
|    iterations           | 307          |
|    time_elapsed         | 2779         |
|    total_timesteps      | 11945984     |
| train/                  |              |
|    approx_kl            | 0.0075960835 |
|    clip_fraction        | 0.087        |
|    clip_range           | 0.2          |
|    entropy_loss         | 4.38         |
|    explained_variance   | 0.958        |
|    learning_rate        | 0.000181     |
|    loss                 | 0.727        |
|    n_updates            | 3060         |
|    policy_gradient_loss | -9.34e-06    |
|    std                  | 0.0272       |
|    value_loss           | 2.5          |
------------------------------------------
Eval num_timesteps=11970000, episode_reward=3027.23 +/- 406.46
Episode length: 2000.00 +/- 0.00
-----------------------------------------
| eval/                   |             |
|    mean_ep_length       | 2e+03       |
|    mean_reward          | 3.03e+03    |
| time/                   |             |
|    total_timesteps      | 11970000    |
| train/                  |             |
|    approx_kl            | 0.008802435 |
|    clip_fraction        | 0.103       |
|    clip_range           | 0.2         |
|    entropy_loss         | 4.38        |
|    explained_variance   | 0.941       |
|    learning_rate        | 0.000181    |
|    loss                 | 2.8         |
|    n_updates            | 3070        |
|    policy_gradient_loss | -0.000456   |
|    std                  | 0.0271      |
|    value_loss           | 4.33        |
-----------------------------------------
---------------------------------
| rollout/           |          |
|    ep_len_mean     | 2e+03    |
|    ep_rew_mean     | 3.29e+03 |
| time/              |          |
|    fps             | 4275     |
|    iterations      | 308      |
|    time_elapsed    | 2803     |
|    total_timesteps | 11984896 |
---------------------------------
-----------------------------------------
| rollout/                |             |
|    ep_len_mean          | 2e+03       |
|    ep_rew_mean          | 3.29e+03    |
| time/                   |             |
|    fps                  | 4280        |
|    iterations           | 309         |
|    time_elapsed         | 2808        |
|    total_timesteps      | 12023808    |
| train/                  |             |
|    approx_kl            | 0.008905852 |
|    clip_fraction        | 0.0965      |
|    clip_range           | 0.2         |
|    entropy_loss         | 4.37        |
|    explained_variance   | 0.957       |
|    learning_rate        | 0.00018     |
|    loss                 | 1.13        |
|    n_updates            | 3080        |
|    policy_gradient_loss | 0.000755    |
|    std                  | 0.0274      |
|    value_loss           | 2.07        |
-----------------------------------------
-----------------------------------------
| rollout/                |             |
|    ep_len_mean          | 2e+03       |
|    ep_rew_mean          | 3.3e+03     |
| time/                   |             |
|    fps                  | 4286        |
|    iterations           | 310         |
|    time_elapsed         | 2813        |
|    total_timesteps      | 12062720    |
| train/                  |             |
|    approx_kl            | 0.008915347 |
|    clip_fraction        | 0.0872      |
|    clip_range           | 0.2         |
|    entropy_loss         | 4.35        |
|    explained_variance   | 0.959       |
|    learning_rate        | 0.00018     |
|    loss                 | 1.2         |
|    n_updates            | 3090        |
|    policy_gradient_loss | 0.000219    |
|    std                  | 0.0276      |
|    value_loss           | 2.82        |
-----------------------------------------
-----------------------------------------
| rollout/                |             |
|    ep_len_mean          | 2e+03       |
|    ep_rew_mean          | 3.3e+03     |
| time/                   |             |
|    fps                  | 4292        |
|    iterations           | 311         |
|    time_elapsed         | 2819        |
|    total_timesteps      | 12101632    |
| train/                  |             |
|    approx_kl            | 0.006902609 |
|    clip_fraction        | 0.0831      |
|    clip_range           | 0.2         |
|    entropy_loss         | 4.34        |
|    explained_variance   | 0.932       |
|    learning_rate        | 0.000179    |
|    loss                 | 1.24        |
|    n_updates            | 3100        |
|    policy_gradient_loss | 0.000206    |
|    std                  | 0.0277      |
|    value_loss           | 4.29        |
-----------------------------------------
---------------------------------------
| rollout/                |           |
|    ep_len_mean          | 2e+03     |
|    ep_rew_mean          | 3.3e+03   |
| time/                   |           |
|    fps                  | 4298      |
|    iterations           | 312       |
|    time_elapsed         | 2824      |
|    total_timesteps      | 12140544  |
| train/                  |           |
|    approx_kl            | 0.0084776 |
|    clip_fraction        | 0.0849    |
|    clip_range           | 0.2       |
|    entropy_loss         | 4.33      |
|    explained_variance   | 0.949     |
|    learning_rate        | 0.000179  |
|    loss                 | 1.62      |
|    n_updates            | 3110      |
|    policy_gradient_loss | 0.000219  |
|    std                  | 0.0279    |
|    value_loss           | 3.37      |
---------------------------------------
Eval num_timesteps=12160000, episode_reward=3032.65 +/- 426.90
Episode length: 2000.00 +/- 0.00
-----------------------------------------
| eval/                   |             |
|    mean_ep_length       | 2e+03       |
|    mean_reward          | 3.03e+03    |
| time/                   |             |
|    total_timesteps      | 12160000    |
| train/                  |             |
|    approx_kl            | 0.007873478 |
|    clip_fraction        | 0.0957      |
|    clip_range           | 0.2         |
|    entropy_loss         | 4.32        |
|    explained_variance   | 0.957       |
|    learning_rate        | 0.000179    |
|    loss                 | 2.26        |
|    n_updates            | 3120        |
|    policy_gradient_loss | -5.83e-05   |
|    std                  | 0.028       |
|    value_loss           | 2.77        |
-----------------------------------------
---------------------------------
| rollout/           |          |
|    ep_len_mean     | 2e+03    |
|    ep_rew_mean     | 3.31e+03 |
| time/              |          |
|    fps             | 4276     |
|    iterations      | 313      |
|    time_elapsed    | 2848     |
|    total_timesteps | 12179456 |
---------------------------------
-----------------------------------------
| rollout/                |             |
|    ep_len_mean          | 2e+03       |
|    ep_rew_mean          | 3.29e+03    |
| time/                   |             |
|    fps                  | 4282        |
|    iterations           | 314         |
|    time_elapsed         | 2853        |
|    total_timesteps      | 12218368    |
| train/                  |             |
|    approx_kl            | 0.006670295 |
|    clip_fraction        | 0.0906      |
|    clip_range           | 0.2         |
|    entropy_loss         | 4.31        |
|    explained_variance   | 0.944       |
|    learning_rate        | 0.000178    |
|    loss                 | 1.64        |
|    n_updates            | 3130        |
|    policy_gradient_loss | 0.000284    |
|    std                  | 0.0281      |
|    value_loss           | 4.2         |
-----------------------------------------
-----------------------------------------
| rollout/                |             |
|    ep_len_mean          | 2e+03       |
|    ep_rew_mean          | 3.29e+03    |
| time/                   |             |
|    fps                  | 4288        |
|    iterations           | 315         |
|    time_elapsed         | 2858        |
|    total_timesteps      | 12257280    |
| train/                  |             |
|    approx_kl            | 0.008352512 |
|    clip_fraction        | 0.0901      |
|    clip_range           | 0.2         |
|    entropy_loss         | 4.29        |
|    explained_variance   | 0.958       |
|    learning_rate        | 0.000178    |
|    loss                 | 1.27        |
|    n_updates            | 3140        |
|    policy_gradient_loss | 0.000274    |
|    std                  | 0.0284      |
|    value_loss           | 3.41        |
-----------------------------------------
-----------------------------------------
| rollout/                |             |
|    ep_len_mean          | 2e+03       |
|    ep_rew_mean          | 3.29e+03    |
| time/                   |             |
|    fps                  | 4293        |
|    iterations           | 316         |
|    time_elapsed         | 2863        |
|    total_timesteps      | 12296192    |
| train/                  |             |
|    approx_kl            | 0.009428628 |
|    clip_fraction        | 0.0975      |
|    clip_range           | 0.2         |
|    entropy_loss         | 4.28        |
|    explained_variance   | 0.943       |
|    learning_rate        | 0.000177    |
|    loss                 | 3.13        |
|    n_updates            | 3150        |
|    policy_gradient_loss | 0.000149    |
|    std                  | 0.0286      |
|    value_loss           | 4.43        |
-----------------------------------------
-----------------------------------------
| rollout/                |             |
|    ep_len_mean          | 2e+03       |
|    ep_rew_mean          | 3.28e+03    |
| time/                   |             |
|    fps                  | 4299        |
|    iterations           | 317         |
|    time_elapsed         | 2868        |
|    total_timesteps      | 12335104    |
| train/                  |             |
|    approx_kl            | 0.007751828 |
|    clip_fraction        | 0.0841      |
|    clip_range           | 0.2         |
|    entropy_loss         | 4.27        |
|    explained_variance   | 0.954       |
|    learning_rate        | 0.000177    |
|    loss                 | 1.4         |
|    n_updates            | 3160        |
|    policy_gradient_loss | 8.74e-05    |
|    std                  | 0.0286      |
|    value_loss           | 2.97        |
-----------------------------------------
Eval num_timesteps=12350000, episode_reward=3063.10 +/- 399.59
Episode length: 2000.00 +/- 0.00
-----------------------------------------
| eval/                   |             |
|    mean_ep_length       | 2e+03       |
|    mean_reward          | 3.06e+03    |
| time/                   |             |
|    total_timesteps      | 12350000    |
| train/                  |             |
|    approx_kl            | 0.008211212 |
|    clip_fraction        | 0.0844      |
|    clip_range           | 0.2         |
|    entropy_loss         | 4.27        |
|    explained_variance   | 0.961       |
|    learning_rate        | 0.000177    |
|    loss                 | 1.57        |
|    n_updates            | 3170        |
|    policy_gradient_loss | 0.000148    |
|    std                  | 0.0287      |
|    value_loss           | 2.88        |
-----------------------------------------
---------------------------------
| rollout/           |          |
|    ep_len_mean     | 2e+03    |
|    ep_rew_mean     | 3.28e+03 |
| time/              |          |
|    fps             | 4277     |
|    iterations      | 318      |
|    time_elapsed    | 2892     |
|    total_timesteps | 12374016 |
---------------------------------
-----------------------------------------
| rollout/                |             |
|    ep_len_mean          | 2e+03       |
|    ep_rew_mean          | 3.29e+03    |
| time/                   |             |
|    fps                  | 4283        |
|    iterations           | 319         |
|    time_elapsed         | 2897        |
|    total_timesteps      | 12412928    |
| train/                  |             |
|    approx_kl            | 0.006791564 |
|    clip_fraction        | 0.0949      |
|    clip_range           | 0.2         |
|    entropy_loss         | 4.26        |
|    explained_variance   | 0.943       |
|    learning_rate        | 0.000176    |
|    loss                 | 2.29        |
|    n_updates            | 3180        |
|    policy_gradient_loss | 0.000392    |
|    std                  | 0.0288      |
|    value_loss           | 4.19        |
-----------------------------------------
-----------------------------------------
| rollout/                |             |
|    ep_len_mean          | 2e+03       |
|    ep_rew_mean          | 3.28e+03    |
| time/                   |             |
|    fps                  | 4289        |
|    iterations           | 320         |
|    time_elapsed         | 2903        |
|    total_timesteps      | 12451840    |
| train/                  |             |
|    approx_kl            | 0.007876503 |
|    clip_fraction        | 0.0935      |
|    clip_range           | 0.2         |
|    entropy_loss         | 4.25        |
|    explained_variance   | 0.952       |
|    learning_rate        | 0.000176    |
|    loss                 | 1.7         |
|    n_updates            | 3190        |
|    policy_gradient_loss | -0.000574   |
|    std                  | 0.029       |
|    value_loss           | 4.14        |
-----------------------------------------
------------------------------------------
| rollout/                |              |
|    ep_len_mean          | 2e+03        |
|    ep_rew_mean          | 3.27e+03     |
| time/                   |              |
|    fps                  | 4294         |
|    iterations           | 321          |
|    time_elapsed         | 2908         |
|    total_timesteps      | 12490752     |
| train/                  |              |
|    approx_kl            | 0.0062500536 |
|    clip_fraction        | 0.0774       |
|    clip_range           | 0.2          |
|    entropy_loss         | 4.24         |
|    explained_variance   | 0.96         |
|    learning_rate        | 0.000175     |
|    loss                 | 1.1          |
|    n_updates            | 3200         |
|    policy_gradient_loss | -8.22e-05    |
|    std                  | 0.029        |
|    value_loss           | 3.49         |
------------------------------------------
-----------------------------------------
| rollout/                |             |
|    ep_len_mean          | 2e+03       |
|    ep_rew_mean          | 3.26e+03    |
| time/                   |             |
|    fps                  | 4300        |
|    iterations           | 322         |
|    time_elapsed         | 2913        |
|    total_timesteps      | 12529664    |
| train/                  |             |
|    approx_kl            | 0.007800717 |
|    clip_fraction        | 0.0919      |
|    clip_range           | 0.2         |
|    entropy_loss         | 4.24        |
|    explained_variance   | 0.941       |
|    learning_rate        | 0.000175    |
|    loss                 | 1.63        |
|    n_updates            | 3210        |
|    policy_gradient_loss | 1.93e-05    |
|    std                  | 0.0289      |
|    value_loss           | 4.63        |
-----------------------------------------
Eval num_timesteps=12540000, episode_reward=3069.14 +/- 395.06
Episode length: 2000.00 +/- 0.00
------------------------------------------
| eval/                   |              |
|    mean_ep_length       | 2e+03        |
|    mean_reward          | 3.07e+03     |
| time/                   |              |
|    total_timesteps      | 12540000     |
| train/                  |              |
|    approx_kl            | 0.0073654754 |
|    clip_fraction        | 0.0979       |
|    clip_range           | 0.2          |
|    entropy_loss         | 4.24         |
|    explained_variance   | 0.957        |
|    learning_rate        | 0.000175     |
|    loss                 | 1.65         |
|    n_updates            | 3220         |
|    policy_gradient_loss | -0.000385    |
|    std                  | 0.029        |
|    value_loss           | 3.65         |
------------------------------------------
---------------------------------
| rollout/           |          |
|    ep_len_mean     | 2e+03    |
|    ep_rew_mean     | 3.26e+03 |
| time/              |          |
|    fps             | 4279     |
|    iterations      | 323      |
|    time_elapsed    | 2937     |
|    total_timesteps | 12568576 |
---------------------------------
------------------------------------------
| rollout/                |              |
|    ep_len_mean          | 2e+03        |
|    ep_rew_mean          | 3.23e+03     |
| time/                   |              |
|    fps                  | 4284         |
|    iterations           | 324          |
|    time_elapsed         | 2942         |
|    total_timesteps      | 12607488     |
| train/                  |              |
|    approx_kl            | 0.0075597796 |
|    clip_fraction        | 0.081        |
|    clip_range           | 0.2          |
|    entropy_loss         | 4.24         |
|    explained_variance   | 0.956        |
|    learning_rate        | 0.000174     |
|    loss                 | 1.37         |
|    n_updates            | 3230         |
|    policy_gradient_loss | -5.43e-05    |
|    std                  | 0.0291       |
|    value_loss           | 3.46         |
------------------------------------------
------------------------------------------
| rollout/                |              |
|    ep_len_mean          | 2e+03        |
|    ep_rew_mean          | 3.23e+03     |
| time/                   |              |
|    fps                  | 4290         |
|    iterations           | 325          |
|    time_elapsed         | 2947         |
|    total_timesteps      | 12646400     |
| train/                  |              |
|    approx_kl            | 0.0074596317 |
|    clip_fraction        | 0.0757       |
|    clip_range           | 0.2          |
|    entropy_loss         | 4.24         |
|    explained_variance   | 0.97         |
|    learning_rate        | 0.000174     |
|    loss                 | 2.17         |
|    n_updates            | 3240         |
|    policy_gradient_loss | -0.00041     |
|    std                  | 0.0291       |
|    value_loss           | 4.62         |
------------------------------------------
-----------------------------------------
| rollout/                |             |
|    ep_len_mean          | 2e+03       |
|    ep_rew_mean          | 3.23e+03    |
| time/                   |             |
|    fps                  | 4295        |
|    iterations           | 326         |
|    time_elapsed         | 2952        |
|    total_timesteps      | 12685312    |
| train/                  |             |
|    approx_kl            | 0.007542734 |
|    clip_fraction        | 0.0989      |
|    clip_range           | 0.2         |
|    entropy_loss         | 4.23        |
|    explained_variance   | 0.952       |
|    learning_rate        | 0.000174    |
|    loss                 | 1.68        |
|    n_updates            | 3250        |
|    policy_gradient_loss | 0.000967    |
|    std                  | 0.0293      |
|    value_loss           | 4.13        |
-----------------------------------------
-----------------------------------------
| rollout/                |             |
|    ep_len_mean          | 2e+03       |
|    ep_rew_mean          | 3.24e+03    |
| time/                   |             |
|    fps                  | 4301        |
|    iterations           | 327         |
|    time_elapsed         | 2958        |
|    total_timesteps      | 12724224    |
| train/                  |             |
|    approx_kl            | 0.009753396 |
|    clip_fraction        | 0.0987      |
|    clip_range           | 0.2         |
|    entropy_loss         | 4.2         |
|    explained_variance   | 0.943       |
|    learning_rate        | 0.000173    |
|    loss                 | 1.45        |
|    n_updates            | 3260        |
|    policy_gradient_loss | 0.000297    |
|    std                  | 0.0297      |
|    value_loss           | 4.33        |
-----------------------------------------
Eval num_timesteps=12730000, episode_reward=3077.25 +/- 406.88
Episode length: 2000.00 +/- 0.00
------------------------------------------
| eval/                   |              |
|    mean_ep_length       | 2e+03        |
|    mean_reward          | 3.08e+03     |
| time/                   |              |
|    total_timesteps      | 12730000     |
| train/                  |              |
|    approx_kl            | 0.0077618337 |
|    clip_fraction        | 0.0961       |
|    clip_range           | 0.2          |
|    entropy_loss         | 4.2          |
|    explained_variance   | 0.963        |
|    learning_rate        | 0.000173     |
|    loss                 | 1.6          |
|    n_updates            | 3270         |
|    policy_gradient_loss | 0.000296     |
|    std                  | 0.0297       |
|    value_loss           | 2.22         |
------------------------------------------
New best mean reward!
---------------------------------
| rollout/           |          |
|    ep_len_mean     | 2e+03    |
|    ep_rew_mean     | 3.24e+03 |
| time/              |          |
|    fps             | 4280     |
|    iterations      | 328      |
|    time_elapsed    | 2982     |
|    total_timesteps | 12763136 |
---------------------------------
-----------------------------------------
| rollout/                |             |
|    ep_len_mean          | 2e+03       |
|    ep_rew_mean          | 3.24e+03    |
| time/                   |             |
|    fps                  | 4285        |
|    iterations           | 329         |
|    time_elapsed         | 2987        |
|    total_timesteps      | 12802048    |
| train/                  |             |
|    approx_kl            | 0.007090525 |
|    clip_fraction        | 0.0876      |
|    clip_range           | 0.2         |
|    entropy_loss         | 4.2         |
|    explained_variance   | 0.95        |
|    learning_rate        | 0.000172    |
|    loss                 | 1.54        |
|    n_updates            | 3280        |
|    policy_gradient_loss | 1.69e-05    |
|    std                  | 0.0297      |
|    value_loss           | 3.1         |
-----------------------------------------
------------------------------------------
| rollout/                |              |
|    ep_len_mean          | 2e+03        |
|    ep_rew_mean          | 3.23e+03     |
| time/                   |              |
|    fps                  | 4291         |
|    iterations           | 330          |
|    time_elapsed         | 2992         |
|    total_timesteps      | 12840960     |
| train/                  |              |
|    approx_kl            | 0.0076228767 |
|    clip_fraction        | 0.0761       |
|    clip_range           | 0.2          |
|    entropy_loss         | 4.19         |
|    explained_variance   | 0.955        |
|    learning_rate        | 0.000172     |
|    loss                 | 3.3          |
|    n_updates            | 3290         |
|    policy_gradient_loss | -0.000256    |
|    std                  | 0.0299       |
|    value_loss           | 4.76         |
------------------------------------------
----------------------------------------
| rollout/                |            |
|    ep_len_mean          | 2e+03      |
|    ep_rew_mean          | 3.22e+03   |
| time/                   |            |
|    fps                  | 4296       |
|    iterations           | 331        |
|    time_elapsed         | 2997       |
|    total_timesteps      | 12879872   |
| train/                  |            |
|    approx_kl            | 0.00708374 |
|    clip_fraction        | 0.087      |
|    clip_range           | 0.2        |
|    entropy_loss         | 4.19       |
|    explained_variance   | 0.945      |
|    learning_rate        | 0.000172   |
|    loss                 | 1.47       |
|    n_updates            | 3300       |
|    policy_gradient_loss | 7.21e-05   |
|    std                  | 0.0298     |
|    value_loss           | 4.83       |
----------------------------------------
-----------------------------------------
| rollout/                |             |
|    ep_len_mean          | 2e+03       |
|    ep_rew_mean          | 3.23e+03    |
| time/                   |             |
|    fps                  | 4302        |
|    iterations           | 332         |
|    time_elapsed         | 3002        |
|    total_timesteps      | 12918784    |
| train/                  |             |
|    approx_kl            | 0.007576634 |
|    clip_fraction        | 0.0871      |
|    clip_range           | 0.2         |
|    entropy_loss         | 4.19        |
|    explained_variance   | 0.952       |
|    learning_rate        | 0.000171    |
|    loss                 | 1.76        |
|    n_updates            | 3310        |
|    policy_gradient_loss | 0.000616    |
|    std                  | 0.0297      |
|    value_loss           | 3.46        |
-----------------------------------------
Eval num_timesteps=12920000, episode_reward=3054.04 +/- 411.97
Episode length: 2000.00 +/- 0.00
-----------------------------------------
| eval/                   |             |
|    mean_ep_length       | 2e+03       |
|    mean_reward          | 3.05e+03    |
| time/                   |             |
|    total_timesteps      | 12920000    |
| train/                  |             |
|    approx_kl            | 0.007636891 |
|    clip_fraction        | 0.0927      |
|    clip_range           | 0.2         |
|    entropy_loss         | 4.19        |
|    explained_variance   | 0.941       |
|    learning_rate        | 0.000171    |
|    loss                 | 3.15        |
|    n_updates            | 3320        |
|    policy_gradient_loss | -0.000231   |
|    std                  | 0.0297      |
|    value_loss           | 4.5         |
-----------------------------------------
---------------------------------
| rollout/           |          |
|    ep_len_mean     | 2e+03    |
|    ep_rew_mean     | 3.22e+03 |
| time/              |          |
|    fps             | 4280     |
|    iterations      | 333      |
|    time_elapsed    | 3026     |
|    total_timesteps | 12957696 |
---------------------------------
------------------------------------------
| rollout/                |              |
|    ep_len_mean          | 2e+03        |
|    ep_rew_mean          | 3.22e+03     |
| time/                   |              |
|    fps                  | 4286         |
|    iterations           | 334          |
|    time_elapsed         | 3032         |
|    total_timesteps      | 12996608     |
| train/                  |              |
|    approx_kl            | 0.0067292373 |
|    clip_fraction        | 0.0888       |
|    clip_range           | 0.2          |
|    entropy_loss         | 4.19         |
|    explained_variance   | 0.959        |
|    learning_rate        | 0.00017      |
|    loss                 | 0.815        |
|    n_updates            | 3330         |
|    policy_gradient_loss | 0.000289     |
|    std                  | 0.0297       |
|    value_loss           | 3.86         |
------------------------------------------
-----------------------------------------
| rollout/                |             |
|    ep_len_mean          | 2e+03       |
|    ep_rew_mean          | 3.23e+03    |
| time/                   |             |
|    fps                  | 4291        |
|    iterations           | 335         |
|    time_elapsed         | 3037        |
|    total_timesteps      | 13035520    |
| train/                  |             |
|    approx_kl            | 0.008082557 |
|    clip_fraction        | 0.0905      |
|    clip_range           | 0.2         |
|    entropy_loss         | 4.19        |
|    explained_variance   | 0.952       |
|    learning_rate        | 0.00017     |
|    loss                 | 1.16        |
|    n_updates            | 3340        |
|    policy_gradient_loss | 0.00026     |
|    std                  | 0.0297      |
|    value_loss           | 3.81        |
-----------------------------------------
------------------------------------------
| rollout/                |              |
|    ep_len_mean          | 2e+03        |
|    ep_rew_mean          | 3.23e+03     |
| time/                   |              |
|    fps                  | 4297         |
|    iterations           | 336          |
|    time_elapsed         | 3042         |
|    total_timesteps      | 13074432     |
| train/                  |              |
|    approx_kl            | 0.0068749427 |
|    clip_fraction        | 0.0853       |
|    clip_range           | 0.2          |
|    entropy_loss         | 4.2          |
|    explained_variance   | 0.956        |
|    learning_rate        | 0.00017      |
|    loss                 | 0.427        |
|    n_updates            | 3350         |
|    policy_gradient_loss | 0.000207     |
|    std                  | 0.0296       |
|    value_loss           | 2.93         |
------------------------------------------
Eval num_timesteps=13110000, episode_reward=3076.18 +/- 393.77
Episode length: 2000.00 +/- 0.00
----------------------------------------
| eval/                   |            |
|    mean_ep_length       | 2e+03      |
|    mean_reward          | 3.08e+03   |
| time/                   |            |
|    total_timesteps      | 13110000   |
| train/                  |            |
|    approx_kl            | 0.00637507 |
|    clip_fraction        | 0.0942     |
|    clip_range           | 0.2        |
|    entropy_loss         | 4.2        |
|    explained_variance   | 0.945      |
|    learning_rate        | 0.000169   |
|    loss                 | 2.49       |
|    n_updates            | 3360       |
|    policy_gradient_loss | -0.000585  |
|    std                  | 0.0297     |
|    value_loss           | 3.79       |
----------------------------------------
---------------------------------
| rollout/           |          |
|    ep_len_mean     | 2e+03    |
|    ep_rew_mean     | 3.22e+03 |
| time/              |          |
|    fps             | 4276     |
|    iterations      | 337      |
|    time_elapsed    | 3066     |
|    total_timesteps | 13113344 |
---------------------------------
------------------------------------------
| rollout/                |              |
|    ep_len_mean          | 2e+03        |
|    ep_rew_mean          | 3.21e+03     |
| time/                   |              |
|    fps                  | 4282         |
|    iterations           | 338          |
|    time_elapsed         | 3071         |
|    total_timesteps      | 13152256     |
| train/                  |              |
|    approx_kl            | 0.0069182008 |
|    clip_fraction        | 0.0807       |
|    clip_range           | 0.2          |
|    entropy_loss         | 4.19         |
|    explained_variance   | 0.952        |
|    learning_rate        | 0.000169     |
|    loss                 | 1.55         |
|    n_updates            | 3370         |
|    policy_gradient_loss | -0.000152    |
|    std                  | 0.0298       |
|    value_loss           | 4.52         |
------------------------------------------
------------------------------------------
| rollout/                |              |
|    ep_len_mean          | 2e+03        |
|    ep_rew_mean          | 3.21e+03     |
| time/                   |              |
|    fps                  | 4287         |
|    iterations           | 339          |
|    time_elapsed         | 3076         |
|    total_timesteps      | 13191168     |
| train/                  |              |
|    approx_kl            | 0.0064179413 |
|    clip_fraction        | 0.0876       |
|    clip_range           | 0.2          |
|    entropy_loss         | 4.18         |
|    explained_variance   | 0.95         |
|    learning_rate        | 0.000168     |
|    loss                 | 1.54         |
|    n_updates            | 3380         |
|    policy_gradient_loss | 7.97e-05     |
|    std                  | 0.0301       |
|    value_loss           | 5.37         |
------------------------------------------
-----------------------------------------
| rollout/                |             |
|    ep_len_mean          | 2e+03       |
|    ep_rew_mean          | 3.21e+03    |
| time/                   |             |
|    fps                  | 4292        |
|    iterations           | 340         |
|    time_elapsed         | 3081        |
|    total_timesteps      | 13230080    |
| train/                  |             |
|    approx_kl            | 0.006993435 |
|    clip_fraction        | 0.0879      |
|    clip_range           | 0.2         |
|    entropy_loss         | 4.16        |
|    explained_variance   | 0.953       |
|    learning_rate        | 0.000168    |
|    loss                 | 1.79        |
|    n_updates            | 3390        |
|    policy_gradient_loss | 0.000852    |
|    std                  | 0.0303      |
|    value_loss           | 3.74        |
-----------------------------------------
----------------------------------------
| rollout/                |            |
|    ep_len_mean          | 2e+03      |
|    ep_rew_mean          | 3.2e+03    |
| time/                   |            |
|    fps                  | 4298       |
|    iterations           | 341        |
|    time_elapsed         | 3087       |
|    total_timesteps      | 13268992   |
| train/                  |            |
|    approx_kl            | 0.00777342 |
|    clip_fraction        | 0.0835     |
|    clip_range           | 0.2        |
|    entropy_loss         | 4.15       |
|    explained_variance   | 0.937      |
|    learning_rate        | 0.000168   |
|    loss                 | 2.11       |
|    n_updates            | 3400       |
|    policy_gradient_loss | -0.00026   |
|    std                  | 0.0305     |
|    value_loss           | 5.07       |
----------------------------------------
Eval num_timesteps=13300000, episode_reward=3095.64 +/- 374.29
Episode length: 2000.00 +/- 0.00
-----------------------------------------
| eval/                   |             |
|    mean_ep_length       | 2e+03       |
|    mean_reward          | 3.1e+03     |
| time/                   |             |
|    total_timesteps      | 13300000    |
| train/                  |             |
|    approx_kl            | 0.009184139 |
|    clip_fraction        | 0.0944      |
|    clip_range           | 0.2         |
|    entropy_loss         | 4.14        |
|    explained_variance   | 0.94        |
|    learning_rate        | 0.000167    |
|    loss                 | 3.03        |
|    n_updates            | 3410        |
|    policy_gradient_loss | -0.000167   |
|    std                  | 0.0306      |
|    value_loss           | 6.17        |
-----------------------------------------
New best mean reward!
---------------------------------
| rollout/           |          |
|    ep_len_mean     | 2e+03    |
|    ep_rew_mean     | 3.2e+03  |
| time/              |          |
|    fps             | 4277     |
|    iterations      | 342      |
|    time_elapsed    | 3110     |
|    total_timesteps | 13307904 |
---------------------------------
-----------------------------------------
| rollout/                |             |
|    ep_len_mean          | 2e+03       |
|    ep_rew_mean          | 3.18e+03    |
| time/                   |             |
|    fps                  | 4283        |
|    iterations           | 343         |
|    time_elapsed         | 3116        |
|    total_timesteps      | 13346816    |
| train/                  |             |
|    approx_kl            | 0.008626706 |
|    clip_fraction        | 0.102       |
|    clip_range           | 0.2         |
|    entropy_loss         | 4.14        |
|    explained_variance   | 0.959       |
|    learning_rate        | 0.000167    |
|    loss                 | 2.43        |
|    n_updates            | 3420        |
|    policy_gradient_loss | -0.000187   |
|    std                  | 0.0306      |
|    value_loss           | 4.27        |
-----------------------------------------
-----------------------------------------
| rollout/                |             |
|    ep_len_mean          | 2e+03       |
|    ep_rew_mean          | 3.17e+03    |
| time/                   |             |
|    fps                  | 4288        |
|    iterations           | 344         |
|    time_elapsed         | 3121        |
|    total_timesteps      | 13385728    |
| train/                  |             |
|    approx_kl            | 0.008486686 |
|    clip_fraction        | 0.103       |
|    clip_range           | 0.2         |
|    entropy_loss         | 4.13        |
|    explained_variance   | 0.93        |
|    learning_rate        | 0.000167    |
|    loss                 | 1.51        |
|    n_updates            | 3430        |
|    policy_gradient_loss | -0.000321   |
|    std                  | 0.0307      |
|    value_loss           | 5.33        |
-----------------------------------------
-----------------------------------------
| rollout/                |             |
|    ep_len_mean          | 2e+03       |
|    ep_rew_mean          | 3.16e+03    |
| time/                   |             |
|    fps                  | 4293        |
|    iterations           | 345         |
|    time_elapsed         | 3126        |
|    total_timesteps      | 13424640    |
| train/                  |             |
|    approx_kl            | 0.008057864 |
|    clip_fraction        | 0.0861      |
|    clip_range           | 0.2         |
|    entropy_loss         | 4.13        |
|    explained_variance   | 0.933       |
|    learning_rate        | 0.000166    |
|    loss                 | 2.98        |
|    n_updates            | 3440        |
|    policy_gradient_loss | -0.000214   |
|    std                  | 0.0306      |
|    value_loss           | 5.35        |
-----------------------------------------
-----------------------------------------
| rollout/                |             |
|    ep_len_mean          | 2e+03       |
|    ep_rew_mean          | 3.17e+03    |
| time/                   |             |
|    fps                  | 4299        |
|    iterations           | 346         |
|    time_elapsed         | 3131        |
|    total_timesteps      | 13463552    |
| train/                  |             |
|    approx_kl            | 0.008718911 |
|    clip_fraction        | 0.0972      |
|    clip_range           | 0.2         |
|    entropy_loss         | 4.13        |
|    explained_variance   | 0.941       |
|    learning_rate        | 0.000166    |
|    loss                 | 2.04        |
|    n_updates            | 3450        |
|    policy_gradient_loss | -0.000384   |
|    std                  | 0.0307      |
|    value_loss           | 4.87        |
-----------------------------------------
Eval num_timesteps=13490000, episode_reward=3120.03 +/- 346.07
Episode length: 2000.00 +/- 0.00
------------------------------------------
| eval/                   |              |
|    mean_ep_length       | 2e+03        |
|    mean_reward          | 3.12e+03     |
| time/                   |              |
|    total_timesteps      | 13490000     |
| train/                  |              |
|    approx_kl            | 0.0065038903 |
|    clip_fraction        | 0.0877       |
|    clip_range           | 0.2          |
|    entropy_loss         | 4.13         |
|    explained_variance   | 0.959        |
|    learning_rate        | 0.000165     |
|    loss                 | 0.905        |
|    n_updates            | 3460         |
|    policy_gradient_loss | -0.000329    |
|    std                  | 0.0307       |
|    value_loss           | 3.47         |
------------------------------------------
New best mean reward!
---------------------------------
| rollout/           |          |
|    ep_len_mean     | 2e+03    |
|    ep_rew_mean     | 3.18e+03 |
| time/              |          |
|    fps             | 4279     |
|    iterations      | 347      |
|    time_elapsed    | 3155     |
|    total_timesteps | 13502464 |
---------------------------------
-----------------------------------------
| rollout/                |             |
|    ep_len_mean          | 2e+03       |
|    ep_rew_mean          | 3.21e+03    |
| time/                   |             |
|    fps                  | 4283        |
|    iterations           | 348         |
|    time_elapsed         | 3160        |
|    total_timesteps      | 13541376    |
| train/                  |             |
|    approx_kl            | 0.007309494 |
|    clip_fraction        | 0.0839      |
|    clip_range           | 0.2         |
|    entropy_loss         | 4.13        |
|    explained_variance   | 0.946       |
|    learning_rate        | 0.000165    |
|    loss                 | 2.31        |
|    n_updates            | 3470        |
|    policy_gradient_loss | -7.47e-05   |
|    std                  | 0.0305      |
|    value_loss           | 4.33        |
-----------------------------------------
-----------------------------------------
| rollout/                |             |
|    ep_len_mean          | 2e+03       |
|    ep_rew_mean          | 3.21e+03    |
| time/                   |             |
|    fps                  | 4289        |
|    iterations           | 349         |
|    time_elapsed         | 3166        |
|    total_timesteps      | 13580288    |
| train/                  |             |
|    approx_kl            | 0.007265006 |
|    clip_fraction        | 0.0804      |
|    clip_range           | 0.2         |
|    entropy_loss         | 4.14        |
|    explained_variance   | 0.958       |
|    learning_rate        | 0.000165    |
|    loss                 | 2.18        |
|    n_updates            | 3480        |
|    policy_gradient_loss | -0.000189   |
|    std                  | 0.0306      |
|    value_loss           | 3.87        |
-----------------------------------------
-----------------------------------------
| rollout/                |             |
|    ep_len_mean          | 2e+03       |
|    ep_rew_mean          | 3.21e+03    |
| time/                   |             |
|    fps                  | 4294        |
|    iterations           | 350         |
|    time_elapsed         | 3171        |
|    total_timesteps      | 13619200    |
| train/                  |             |
|    approx_kl            | 0.008607271 |
|    clip_fraction        | 0.0987      |
|    clip_range           | 0.2         |
|    entropy_loss         | 4.13        |
|    explained_variance   | 0.929       |
|    learning_rate        | 0.000164    |
|    loss                 | 2.27        |
|    n_updates            | 3490        |
|    policy_gradient_loss | -6.37e-06   |
|    std                  | 0.0307      |
|    value_loss           | 6.14        |
-----------------------------------------
------------------------------------------
| rollout/                |              |
|    ep_len_mean          | 2e+03        |
|    ep_rew_mean          | 3.2e+03      |
| time/                   |              |
|    fps                  | 4299         |
|    iterations           | 351          |
|    time_elapsed         | 3176         |
|    total_timesteps      | 13658112     |
| train/                  |              |
|    approx_kl            | 0.0076902024 |
|    clip_fraction        | 0.0834       |
|    clip_range           | 0.2          |
|    entropy_loss         | 4.12         |
|    explained_variance   | 0.958        |
|    learning_rate        | 0.000164     |
|    loss                 | 1.45         |
|    n_updates            | 3500         |
|    policy_gradient_loss | -0.000448    |
|    std                  | 0.0309       |
|    value_loss           | 5.25         |
------------------------------------------
Eval num_timesteps=13680000, episode_reward=3102.58 +/- 362.92
Episode length: 2000.00 +/- 0.00
----------------------------------------
| eval/                   |            |
|    mean_ep_length       | 2e+03      |
|    mean_reward          | 3.1e+03    |
| time/                   |            |
|    total_timesteps      | 13680000   |
| train/                  |            |
|    approx_kl            | 0.00815748 |
|    clip_fraction        | 0.074      |
|    clip_range           | 0.2        |
|    entropy_loss         | 4.11       |
|    explained_variance   | 0.954      |
|    learning_rate        | 0.000163   |
|    loss                 | 2.86       |
|    n_updates            | 3510       |
|    policy_gradient_loss | -0.000561  |
|    std                  | 0.031      |
|    value_loss           | 5.96       |
----------------------------------------
---------------------------------
| rollout/           |          |
|    ep_len_mean     | 2e+03    |
|    ep_rew_mean     | 3.19e+03 |
| time/              |          |
|    fps             | 4279     |
|    iterations      | 352      |
|    time_elapsed    | 3200     |
|    total_timesteps | 13697024 |
---------------------------------
-----------------------------------------
| rollout/                |             |
|    ep_len_mean          | 2e+03       |
|    ep_rew_mean          | 3.18e+03    |
| time/                   |             |
|    fps                  | 4284        |
|    iterations           | 353         |
|    time_elapsed         | 3205        |
|    total_timesteps      | 13735936    |
| train/                  |             |
|    approx_kl            | 0.009746323 |
|    clip_fraction        | 0.103       |
|    clip_range           | 0.2         |
|    entropy_loss         | 4.11        |
|    explained_variance   | 0.952       |
|    learning_rate        | 0.000163    |
|    loss                 | 4.41        |
|    n_updates            | 3520        |
|    policy_gradient_loss | -0.000164   |
|    std                  | 0.0311      |
|    value_loss           | 5.09        |
-----------------------------------------
-----------------------------------------
| rollout/                |             |
|    ep_len_mean          | 2e+03       |
|    ep_rew_mean          | 3.2e+03     |
| time/                   |             |
|    fps                  | 4289        |
|    iterations           | 354         |
|    time_elapsed         | 3210        |
|    total_timesteps      | 13774848    |
| train/                  |             |
|    approx_kl            | 0.007979043 |
|    clip_fraction        | 0.0872      |
|    clip_range           | 0.2         |
|    entropy_loss         | 4.1         |
|    explained_variance   | 0.956       |
|    learning_rate        | 0.000163    |
|    loss                 | 3.9         |
|    n_updates            | 3530        |
|    policy_gradient_loss | -0.00123    |
|    std                  | 0.0311      |
|    value_loss           | 5.24        |
-----------------------------------------
-----------------------------------------
| rollout/                |             |
|    ep_len_mean          | 2e+03       |
|    ep_rew_mean          | 3.22e+03    |
| time/                   |             |
|    fps                  | 4295        |
|    iterations           | 355         |
|    time_elapsed         | 3216        |
|    total_timesteps      | 13813760    |
| train/                  |             |
|    approx_kl            | 0.007403431 |
|    clip_fraction        | 0.0934      |
|    clip_range           | 0.2         |
|    entropy_loss         | 4.09        |
|    explained_variance   | 0.939       |
|    learning_rate        | 0.000162    |
|    loss                 | 1.73        |
|    n_updates            | 3540        |
|    policy_gradient_loss | -0.000336   |
|    std                  | 0.0313      |
|    value_loss           | 4.93        |
-----------------------------------------
-----------------------------------------
| rollout/                |             |
|    ep_len_mean          | 2e+03       |
|    ep_rew_mean          | 3.23e+03    |
| time/                   |             |
|    fps                  | 4300        |
|    iterations           | 356         |
|    time_elapsed         | 3221        |
|    total_timesteps      | 13852672    |
| train/                  |             |
|    approx_kl            | 0.007635207 |
|    clip_fraction        | 0.0806      |
|    clip_range           | 0.2         |
|    entropy_loss         | 4.09        |
|    explained_variance   | 0.941       |
|    learning_rate        | 0.000162    |
|    loss                 | 2.48        |
|    n_updates            | 3550        |
|    policy_gradient_loss | -0.00046    |
|    std                  | 0.0314      |
|    value_loss           | 6.58        |
-----------------------------------------
Eval num_timesteps=13870000, episode_reward=3101.00 +/- 349.62
Episode length: 2000.00 +/- 0.00
-----------------------------------------
| eval/                   |             |
|    mean_ep_length       | 2e+03       |
|    mean_reward          | 3.1e+03     |
| time/                   |             |
|    total_timesteps      | 13870000    |
| train/                  |             |
|    approx_kl            | 0.007895429 |
|    clip_fraction        | 0.0876      |
|    clip_range           | 0.2         |
|    entropy_loss         | 4.08        |
|    explained_variance   | 0.956       |
|    learning_rate        | 0.000161    |
|    loss                 | 2.3         |
|    n_updates            | 3560        |
|    policy_gradient_loss | -0.000618   |
|    std                  | 0.0315      |
|    value_loss           | 4.46        |
-----------------------------------------
---------------------------------
| rollout/           |          |
|    ep_len_mean     | 2e+03    |
|    ep_rew_mean     | 3.23e+03 |
| time/              |          |
|    fps             | 4280     |
|    iterations      | 357      |
|    time_elapsed    | 3245     |
|    total_timesteps | 13891584 |
---------------------------------
-----------------------------------------
| rollout/                |             |
|    ep_len_mean          | 2e+03       |
|    ep_rew_mean          | 3.23e+03    |
| time/                   |             |
|    fps                  | 4285        |
|    iterations           | 358         |
|    time_elapsed         | 3250        |
|    total_timesteps      | 13930496    |
| train/                  |             |
|    approx_kl            | 0.006866792 |
|    clip_fraction        | 0.0802      |
|    clip_range           | 0.2         |
|    entropy_loss         | 4.08        |
|    explained_variance   | 0.957       |
|    learning_rate        | 0.000161    |
|    loss                 | 2.02        |
|    n_updates            | 3570        |
|    policy_gradient_loss | 4.91e-05    |
|    std                  | 0.0314      |
|    value_loss           | 4.41        |
-----------------------------------------
-----------------------------------------
| rollout/                |             |
|    ep_len_mean          | 2e+03       |
|    ep_rew_mean          | 3.21e+03    |
| time/                   |             |
|    fps                  | 4291        |
|    iterations           | 359         |
|    time_elapsed         | 3255        |
|    total_timesteps      | 13969408    |
| train/                  |             |
|    approx_kl            | 0.008212295 |
|    clip_fraction        | 0.0927      |
|    clip_range           | 0.2         |
|    entropy_loss         | 4.08        |
|    explained_variance   | 0.963       |
|    learning_rate        | 0.000161    |
|    loss                 | 2           |
|    n_updates            | 3580        |
|    policy_gradient_loss | 0.000396    |
|    std                  | 0.0315      |
|    value_loss           | 3.86        |
-----------------------------------------
----------------------------------------
| rollout/                |            |
|    ep_len_mean          | 2e+03      |
|    ep_rew_mean          | 3.21e+03   |
| time/                   |            |
|    fps                  | 4296       |
|    iterations           | 360        |
|    time_elapsed         | 3260       |
|    total_timesteps      | 14008320   |
| train/                  |            |
|    approx_kl            | 0.00716184 |
|    clip_fraction        | 0.0811     |
|    clip_range           | 0.2        |
|    entropy_loss         | 4.08       |
|    explained_variance   | 0.949      |
|    learning_rate        | 0.00016    |
|    loss                 | 1.37       |
|    n_updates            | 3590       |
|    policy_gradient_loss | -0.000114  |
|    std                  | 0.0314     |
|    value_loss           | 4.58       |
----------------------------------------
-----------------------------------------
| rollout/                |             |
|    ep_len_mean          | 2e+03       |
|    ep_rew_mean          | 3.2e+03     |
| time/                   |             |
|    fps                  | 4301        |
|    iterations           | 361         |
|    time_elapsed         | 3265        |
|    total_timesteps      | 14047232    |
| train/                  |             |
|    approx_kl            | 0.008922366 |
|    clip_fraction        | 0.0965      |
|    clip_range           | 0.2         |
|    entropy_loss         | 4.08        |
|    explained_variance   | 0.94        |
|    learning_rate        | 0.00016     |
|    loss                 | 5.33        |
|    n_updates            | 3600        |
|    policy_gradient_loss | 0.000144    |
|    std                  | 0.0315      |
|    value_loss           | 5.75        |
-----------------------------------------
Eval num_timesteps=14060000, episode_reward=3111.83 +/- 361.16
Episode length: 2000.00 +/- 0.00
-----------------------------------------
| eval/                   |             |
|    mean_ep_length       | 2e+03       |
|    mean_reward          | 3.11e+03    |
| time/                   |             |
|    total_timesteps      | 14060000    |
| train/                  |             |
|    approx_kl            | 0.008580717 |
|    clip_fraction        | 0.0942      |
|    clip_range           | 0.2         |
|    entropy_loss         | 4.07        |
|    explained_variance   | 0.943       |
|    learning_rate        | 0.00016     |
|    loss                 | 4.26        |
|    n_updates            | 3610        |
|    policy_gradient_loss | -0.0004     |
|    std                  | 0.0318      |
|    value_loss           | 6.64        |
-----------------------------------------
---------------------------------
| rollout/           |          |
|    ep_len_mean     | 2e+03    |
|    ep_rew_mean     | 3.2e+03  |
| time/              |          |
|    fps             | 4282     |
|    iterations      | 362      |
|    time_elapsed    | 3289     |
|    total_timesteps | 14086144 |
---------------------------------
------------------------------------------
| rollout/                |              |
|    ep_len_mean          | 2e+03        |
|    ep_rew_mean          | 3.19e+03     |
| time/                   |              |
|    fps                  | 4287         |
|    iterations           | 363          |
|    time_elapsed         | 3294         |
|    total_timesteps      | 14125056     |
| train/                  |              |
|    approx_kl            | 0.0075847246 |
|    clip_fraction        | 0.0866       |
|    clip_range           | 0.2          |
|    entropy_loss         | 4.06         |
|    explained_variance   | 0.948        |
|    learning_rate        | 0.000159     |
|    loss                 | 3.45         |
|    n_updates            | 3620         |
|    policy_gradient_loss | -0.000464    |
|    std                  | 0.0319       |
|    value_loss           | 5.75         |
------------------------------------------
-----------------------------------------
| rollout/                |             |
|    ep_len_mean          | 2e+03       |
|    ep_rew_mean          | 3.19e+03    |
| time/                   |             |
|    fps                  | 4292        |
|    iterations           | 364         |
|    time_elapsed         | 3299        |
|    total_timesteps      | 14163968    |
| train/                  |             |
|    approx_kl            | 0.008201758 |
|    clip_fraction        | 0.0865      |
|    clip_range           | 0.2         |
|    entropy_loss         | 4.05        |
|    explained_variance   | 0.949       |
|    learning_rate        | 0.000159    |
|    loss                 | 2.46        |
|    n_updates            | 3630        |
|    policy_gradient_loss | -0.000415   |
|    std                  | 0.032       |
|    value_loss           | 5.74        |
-----------------------------------------
-----------------------------------------
| rollout/                |             |
|    ep_len_mean          | 2e+03       |
|    ep_rew_mean          | 3.18e+03    |
| time/                   |             |
|    fps                  | 4297        |
|    iterations           | 365         |
|    time_elapsed         | 3305        |
|    total_timesteps      | 14202880    |
| train/                  |             |
|    approx_kl            | 0.007800659 |
|    clip_fraction        | 0.0864      |
|    clip_range           | 0.2         |
|    entropy_loss         | 4.05        |
|    explained_variance   | 0.947       |
|    learning_rate        | 0.000158    |
|    loss                 | 2.23        |
|    n_updates            | 3640        |
|    policy_gradient_loss | -0.000954   |
|    std                  | 0.032       |
|    value_loss           | 5.66        |
-----------------------------------------
-----------------------------------------
| rollout/                |             |
|    ep_len_mean          | 2e+03       |
|    ep_rew_mean          | 3.18e+03    |
| time/                   |             |
|    fps                  | 4302        |
|    iterations           | 366         |
|    time_elapsed         | 3310        |
|    total_timesteps      | 14241792    |
| train/                  |             |
|    approx_kl            | 0.009405934 |
|    clip_fraction        | 0.0969      |
|    clip_range           | 0.2         |
|    entropy_loss         | 4.04        |
|    explained_variance   | 0.942       |
|    learning_rate        | 0.000158    |
|    loss                 | 3.46        |
|    n_updates            | 3650        |
|    policy_gradient_loss | -0.000818   |
|    std                  | 0.0321      |
|    value_loss           | 5.86        |
-----------------------------------------
Eval num_timesteps=14250000, episode_reward=3135.76 +/- 341.10
Episode length: 2000.00 +/- 0.00
------------------------------------------
| eval/                   |              |
|    mean_ep_length       | 2e+03        |
|    mean_reward          | 3.14e+03     |
| time/                   |              |
|    total_timesteps      | 14250000     |
| train/                  |              |
|    approx_kl            | 0.0073211202 |
|    clip_fraction        | 0.0899       |
|    clip_range           | 0.2          |
|    entropy_loss         | 4.05         |
|    explained_variance   | 0.959        |
|    learning_rate        | 0.000158     |
|    loss                 | 2.69         |
|    n_updates            | 3660         |
|    policy_gradient_loss | -0.00036     |
|    std                  | 0.032        |
|    value_loss           | 6.48         |
------------------------------------------
New best mean reward!
---------------------------------
| rollout/           |          |
|    ep_len_mean     | 2e+03    |
|    ep_rew_mean     | 3.17e+03 |
| time/              |          |
|    fps             | 4283     |
|    iterations      | 367      |
|    time_elapsed    | 3334     |
|    total_timesteps | 14280704 |
---------------------------------
-----------------------------------------
| rollout/                |             |
|    ep_len_mean          | 2e+03       |
|    ep_rew_mean          | 3.16e+03    |
| time/                   |             |
|    fps                  | 4287        |
|    iterations           | 368         |
|    time_elapsed         | 3339        |
|    total_timesteps      | 14319616    |
| train/                  |             |
|    approx_kl            | 0.009316842 |
|    clip_fraction        | 0.105       |
|    clip_range           | 0.2         |
|    entropy_loss         | 4.04        |
|    explained_variance   | 0.938       |
|    learning_rate        | 0.000157    |
|    loss                 | 3.19        |
|    n_updates            | 3670        |
|    policy_gradient_loss | -0.000909   |
|    std                  | 0.0322      |
|    value_loss           | 6.62        |
-----------------------------------------
------------------------------------------
| rollout/                |              |
|    ep_len_mean          | 2e+03        |
|    ep_rew_mean          | 3.17e+03     |
| time/                   |              |
|    fps                  | 4292         |
|    iterations           | 369          |
|    time_elapsed         | 3345         |
|    total_timesteps      | 14358528     |
| train/                  |              |
|    approx_kl            | 0.0066903303 |
|    clip_fraction        | 0.07         |
|    clip_range           | 0.2          |
|    entropy_loss         | 4.03         |
|    explained_variance   | 0.956        |
|    learning_rate        | 0.000157     |
|    loss                 | 2.42         |
|    n_updates            | 3680         |
|    policy_gradient_loss | -0.000125    |
|    std                  | 0.0323       |
|    value_loss           | 5.54         |
------------------------------------------
-----------------------------------------
| rollout/                |             |
|    ep_len_mean          | 2e+03       |
|    ep_rew_mean          | 3.18e+03    |
| time/                   |             |
|    fps                  | 4297        |
|    iterations           | 370         |
|    time_elapsed         | 3350        |
|    total_timesteps      | 14397440    |
| train/                  |             |
|    approx_kl            | 0.007912394 |
|    clip_fraction        | 0.0784      |
|    clip_range           | 0.2         |
|    entropy_loss         | 4.02        |
|    explained_variance   | 0.968       |
|    learning_rate        | 0.000156    |
|    loss                 | 3.3         |
|    n_updates            | 3690        |
|    policy_gradient_loss | -0.00045    |
|    std                  | 0.0325      |
|    value_loss           | 5.11        |
-----------------------------------------
------------------------------------------
| rollout/                |              |
|    ep_len_mean          | 2e+03        |
|    ep_rew_mean          | 3.18e+03     |
| time/                   |              |
|    fps                  | 4302         |
|    iterations           | 371          |
|    time_elapsed         | 3355         |
|    total_timesteps      | 14436352     |
| train/                  |              |
|    approx_kl            | 0.0075937486 |
|    clip_fraction        | 0.0891       |
|    clip_range           | 0.2          |
|    entropy_loss         | 4.02         |
|    explained_variance   | 0.951        |
|    learning_rate        | 0.000156     |
|    loss                 | 1.78         |
|    n_updates            | 3700         |
|    policy_gradient_loss | -0.000264    |
|    std                  | 0.0325       |
|    value_loss           | 5.23         |
------------------------------------------
Eval num_timesteps=14440000, episode_reward=3155.80 +/- 341.25
Episode length: 2000.00 +/- 0.00
------------------------------------------
| eval/                   |              |
|    mean_ep_length       | 2e+03        |
|    mean_reward          | 3.16e+03     |
| time/                   |              |
|    total_timesteps      | 14440000     |
| train/                  |              |
|    approx_kl            | 0.0073925187 |
|    clip_fraction        | 0.0938       |
|    clip_range           | 0.2          |
|    entropy_loss         | 4.01         |
|    explained_variance   | 0.952        |
|    learning_rate        | 0.000156     |
|    loss                 | 1.77         |
|    n_updates            | 3710         |
|    policy_gradient_loss | -0.000619    |
|    std                  | 0.0327       |
|    value_loss           | 6.94         |
------------------------------------------
New best mean reward!
---------------------------------
| rollout/           |          |
|    ep_len_mean     | 2e+03    |
|    ep_rew_mean     | 3.15e+03 |
| time/              |          |
|    fps             | 4283     |
|    iterations      | 372      |
|    time_elapsed    | 3379     |
|    total_timesteps | 14475264 |
---------------------------------
-----------------------------------------
| rollout/                |             |
|    ep_len_mean          | 2e+03       |
|    ep_rew_mean          | 3.16e+03    |
| time/                   |             |
|    fps                  | 4288        |
|    iterations           | 373         |
|    time_elapsed         | 3384        |
|    total_timesteps      | 14514176    |
| train/                  |             |
|    approx_kl            | 0.008046687 |
|    clip_fraction        | 0.0823      |
|    clip_range           | 0.2         |
|    entropy_loss         | 4           |
|    explained_variance   | 0.949       |
|    learning_rate        | 0.000155    |
|    loss                 | 2.19        |
|    n_updates            | 3720        |
|    policy_gradient_loss | -0.00106    |
|    std                  | 0.0327      |
|    value_loss           | 6.25        |
-----------------------------------------
-----------------------------------------
| rollout/                |             |
|    ep_len_mean          | 2e+03       |
|    ep_rew_mean          | 3.15e+03    |
| time/                   |             |
|    fps                  | 4292        |
|    iterations           | 374         |
|    time_elapsed         | 3390        |
|    total_timesteps      | 14553088    |
| train/                  |             |
|    approx_kl            | 0.007989387 |
|    clip_fraction        | 0.091       |
|    clip_range           | 0.2         |
|    entropy_loss         | 3.98        |
|    explained_variance   | 0.958       |
|    learning_rate        | 0.000155    |
|    loss                 | 3.98        |
|    n_updates            | 3730        |
|    policy_gradient_loss | 0.000178    |
|    std                  | 0.0332      |
|    value_loss           | 6.29        |
-----------------------------------------
------------------------------------------
| rollout/                |              |
|    ep_len_mean          | 2e+03        |
|    ep_rew_mean          | 3.14e+03     |
| time/                   |              |
|    fps                  | 4297         |
|    iterations           | 375          |
|    time_elapsed         | 3395         |
|    total_timesteps      | 14592000     |
| train/                  |              |
|    approx_kl            | 0.0066753165 |
|    clip_fraction        | 0.0846       |
|    clip_range           | 0.2          |
|    entropy_loss         | 3.97         |
|    explained_variance   | 0.927        |
|    learning_rate        | 0.000154     |
|    loss                 | 2.65         |
|    n_updates            | 3740         |
|    policy_gradient_loss | 0.00028      |
|    std                  | 0.0333       |
|    value_loss           | 7.89         |
------------------------------------------
Eval num_timesteps=14630000, episode_reward=3128.00 +/- 346.49
Episode length: 2000.00 +/- 0.00
------------------------------------------
| eval/                   |              |
|    mean_ep_length       | 2e+03        |
|    mean_reward          | 3.13e+03     |
| time/                   |              |
|    total_timesteps      | 14630000     |
| train/                  |              |
|    approx_kl            | 0.0074674925 |
|    clip_fraction        | 0.086        |
|    clip_range           | 0.2          |
|    entropy_loss         | 3.97         |
|    explained_variance   | 0.955        |
|    learning_rate        | 0.000154     |
|    loss                 | 1.34         |
|    n_updates            | 3750         |
|    policy_gradient_loss | -0.000479    |
|    std                  | 0.0333       |
|    value_loss           | 5.32         |
------------------------------------------
---------------------------------
| rollout/           |          |
|    ep_len_mean     | 2e+03    |
|    ep_rew_mean     | 3.13e+03 |
| time/              |          |
|    fps             | 4278     |
|    iterations      | 376      |
|    time_elapsed    | 3419     |
|    total_timesteps | 14630912 |
---------------------------------
------------------------------------------
| rollout/                |              |
|    ep_len_mean          | 2e+03        |
|    ep_rew_mean          | 3.14e+03     |
| time/                   |              |
|    fps                  | 4283         |
|    iterations           | 377          |
|    time_elapsed         | 3424         |
|    total_timesteps      | 14669824     |
| train/                  |              |
|    approx_kl            | 0.0073716124 |
|    clip_fraction        | 0.0915       |
|    clip_range           | 0.2          |
|    entropy_loss         | 3.97         |
|    explained_variance   | 0.96         |
|    learning_rate        | 0.000154     |
|    loss                 | 0.693        |
|    n_updates            | 3760         |
|    policy_gradient_loss | 0.00035      |
|    std                  | 0.0332       |
|    value_loss           | 3.59         |
------------------------------------------
-----------------------------------------
| rollout/                |             |
|    ep_len_mean          | 2e+03       |
|    ep_rew_mean          | 3.14e+03    |
| time/                   |             |
|    fps                  | 4288        |
|    iterations           | 378         |
|    time_elapsed         | 3429        |
|    total_timesteps      | 14708736    |
| train/                  |             |
|    approx_kl            | 0.006853041 |
|    clip_fraction        | 0.0881      |
|    clip_range           | 0.2         |
|    entropy_loss         | 3.97        |
|    explained_variance   | 0.944       |
|    learning_rate        | 0.000153    |
|    loss                 | 3.23        |
|    n_updates            | 3770        |
|    policy_gradient_loss | -0.000197   |
|    std                  | 0.0333      |
|    value_loss           | 6.04        |
-----------------------------------------
------------------------------------------
| rollout/                |              |
|    ep_len_mean          | 2e+03        |
|    ep_rew_mean          | 3.14e+03     |
| time/                   |              |
|    fps                  | 4293         |
|    iterations           | 379          |
|    time_elapsed         | 3434         |
|    total_timesteps      | 14747648     |
| train/                  |              |
|    approx_kl            | 0.0072367387 |
|    clip_fraction        | 0.0855       |
|    clip_range           | 0.2          |
|    entropy_loss         | 3.96         |
|    explained_variance   | 0.943        |
|    learning_rate        | 0.000153     |
|    loss                 | 4.09         |
|    n_updates            | 3780         |
|    policy_gradient_loss | -0.00113     |
|    std                  | 0.0334       |
|    value_loss           | 5.57         |
------------------------------------------
-----------------------------------------
| rollout/                |             |
|    ep_len_mean          | 2e+03       |
|    ep_rew_mean          | 3.14e+03    |
| time/                   |             |
|    fps                  | 4298        |
|    iterations           | 380         |
|    time_elapsed         | 3440        |
|    total_timesteps      | 14786560    |
| train/                  |             |
|    approx_kl            | 0.006781764 |
|    clip_fraction        | 0.0734      |
|    clip_range           | 0.2         |
|    entropy_loss         | 3.95        |
|    explained_variance   | 0.949       |
|    learning_rate        | 0.000153    |
|    loss                 | 3.49        |
|    n_updates            | 3790        |
|    policy_gradient_loss | -0.000525   |
|    std                  | 0.0337      |
|    value_loss           | 6.32        |
-----------------------------------------
Eval num_timesteps=14820000, episode_reward=3148.59 +/- 338.16
Episode length: 2000.00 +/- 0.00
-----------------------------------------
| eval/                   |             |
|    mean_ep_length       | 2e+03       |
|    mean_reward          | 3.15e+03    |
| time/                   |             |
|    total_timesteps      | 14820000    |
| train/                  |             |
|    approx_kl            | 0.007372275 |
|    clip_fraction        | 0.0969      |
|    clip_range           | 0.2         |
|    entropy_loss         | 3.93        |
|    explained_variance   | 0.933       |
|    learning_rate        | 0.000152    |
|    loss                 | 5.76        |
|    n_updates            | 3800        |
|    policy_gradient_loss | -0.000533   |
|    std                  | 0.034       |
|    value_loss           | 6.85        |
-----------------------------------------
---------------------------------
| rollout/           |          |
|    ep_len_mean     | 2e+03    |
|    ep_rew_mean     | 3.13e+03 |
| time/              |          |
|    fps             | 4279     |
|    iterations      | 381      |
|    time_elapsed    | 3463     |
|    total_timesteps | 14825472 |
---------------------------------
-----------------------------------------
| rollout/                |             |
|    ep_len_mean          | 2e+03       |
|    ep_rew_mean          | 3.15e+03    |
| time/                   |             |
|    fps                  | 4284        |
|    iterations           | 382         |
|    time_elapsed         | 3469        |
|    total_timesteps      | 14864384    |
| train/                  |             |
|    approx_kl            | 0.007729403 |
|    clip_fraction        | 0.0935      |
|    clip_range           | 0.2         |
|    entropy_loss         | 3.92        |
|    explained_variance   | 0.924       |
|    learning_rate        | 0.000152    |
|    loss                 | 5.36        |
|    n_updates            | 3810        |
|    policy_gradient_loss | -0.00104    |
|    std                  | 0.0343      |
|    value_loss           | 7.68        |
-----------------------------------------
----------------------------------------
| rollout/                |            |
|    ep_len_mean          | 2e+03      |
|    ep_rew_mean          | 3.13e+03   |
| time/                   |            |
|    fps                  | 4289       |
|    iterations           | 383        |
|    time_elapsed         | 3474       |
|    total_timesteps      | 14903296   |
| train/                  |            |
|    approx_kl            | 0.00803148 |
|    clip_fraction        | 0.0801     |
|    clip_range           | 0.2        |
|    entropy_loss         | 3.92       |
|    explained_variance   | 0.945      |
|    learning_rate        | 0.000151   |
|    loss                 | 2.32       |
|    n_updates            | 3820       |
|    policy_gradient_loss | -0.000385  |
|    std                  | 0.0341     |
|    value_loss           | 7.67       |
----------------------------------------
------------------------------------------
| rollout/                |              |
|    ep_len_mean          | 2e+03        |
|    ep_rew_mean          | 3.12e+03     |
| time/                   |              |
|    fps                  | 4294         |
|    iterations           | 384          |
|    time_elapsed         | 3479         |
|    total_timesteps      | 14942208     |
| train/                  |              |
|    approx_kl            | 0.0077317115 |
|    clip_fraction        | 0.0789       |
|    clip_range           | 0.2          |
|    entropy_loss         | 3.91         |
|    explained_variance   | 0.929        |
|    learning_rate        | 0.000151     |
|    loss                 | 5.04         |
|    n_updates            | 3830         |
|    policy_gradient_loss | -0.000516    |
|    std                  | 0.0344       |
|    value_loss           | 7.64         |
------------------------------------------
-----------------------------------------
| rollout/                |             |
|    ep_len_mean          | 2e+03       |
|    ep_rew_mean          | 3.12e+03    |
| time/                   |             |
|    fps                  | 4298        |
|    iterations           | 385         |
|    time_elapsed         | 3484        |
|    total_timesteps      | 14981120    |
| train/                  |             |
|    approx_kl            | 0.008257298 |
|    clip_fraction        | 0.0944      |
|    clip_range           | 0.2         |
|    entropy_loss         | 3.9         |
|    explained_variance   | 0.947       |
|    learning_rate        | 0.000151    |
|    loss                 | 4.34        |
|    n_updates            | 3840        |
|    policy_gradient_loss | -0.000441   |
|    std                  | 0.0345      |
|    value_loss           | 5.7         |
-----------------------------------------
Eval num_timesteps=15010000, episode_reward=3161.81 +/- 339.71
Episode length: 2000.00 +/- 0.00
-----------------------------------------
| eval/                   |             |
|    mean_ep_length       | 2e+03       |
|    mean_reward          | 3.16e+03    |
| time/                   |             |
|    total_timesteps      | 15010000    |
| train/                  |             |
|    approx_kl            | 0.007184496 |
|    clip_fraction        | 0.0798      |
|    clip_range           | 0.2         |
|    entropy_loss         | 3.89        |
|    explained_variance   | 0.94        |
|    learning_rate        | 0.00015     |
|    loss                 | 1.75        |
|    n_updates            | 3850        |
|    policy_gradient_loss | -0.00048    |
|    std                  | 0.0346      |
|    value_loss           | 5.91        |
-----------------------------------------
New best mean reward!
---------------------------------
| rollout/           |          |
|    ep_len_mean     | 2e+03    |
|    ep_rew_mean     | 3.13e+03 |
| time/              |          |
|    fps             | 4280     |
|    iterations      | 386      |
|    time_elapsed    | 3508     |
|    total_timesteps | 15020032 |
---------------------------------
------------------------------------------
| rollout/                |              |
|    ep_len_mean          | 2e+03        |
|    ep_rew_mean          | 3.14e+03     |
| time/                   |              |
|    fps                  | 4285         |
|    iterations           | 387          |
|    time_elapsed         | 3513         |
|    total_timesteps      | 15058944     |
| train/                  |              |
|    approx_kl            | 0.0073695136 |
|    clip_fraction        | 0.0786       |
|    clip_range           | 0.2          |
|    entropy_loss         | 3.89         |
|    explained_variance   | 0.961        |
|    learning_rate        | 0.00015      |
|    loss                 | 1.2          |
|    n_updates            | 3860         |
|    policy_gradient_loss | -0.000889    |
|    std                  | 0.0347       |
|    value_loss           | 4.27         |
------------------------------------------
-----------------------------------------
| rollout/                |             |
|    ep_len_mean          | 2e+03       |
|    ep_rew_mean          | 3.14e+03    |
| time/                   |             |
|    fps                  | 4290        |
|    iterations           | 388         |
|    time_elapsed         | 3518        |
|    total_timesteps      | 15097856    |
| train/                  |             |
|    approx_kl            | 0.005569759 |
|    clip_fraction        | 0.0528      |
|    clip_range           | 0.2         |
|    entropy_loss         | 3.88        |
|    explained_variance   | 0.959       |
|    learning_rate        | 0.000149    |
|    loss                 | 4.31        |
|    n_updates            | 3870        |
|    policy_gradient_loss | -0.00155    |
|    std                  | 0.0349      |
|    value_loss           | 10          |
-----------------------------------------
-----------------------------------------
| rollout/                |             |
|    ep_len_mean          | 2e+03       |
|    ep_rew_mean          | 3.13e+03    |
| time/                   |             |
|    fps                  | 4295        |
|    iterations           | 389         |
|    time_elapsed         | 3524        |
|    total_timesteps      | 15136768    |
| train/                  |             |
|    approx_kl            | 0.007242323 |
|    clip_fraction        | 0.0841      |
|    clip_range           | 0.2         |
|    entropy_loss         | 3.86        |
|    explained_variance   | 0.939       |
|    learning_rate        | 0.000149    |
|    loss                 | 5.95        |
|    n_updates            | 3880        |
|    policy_gradient_loss | -0.000722   |
|    std                  | 0.0352      |
|    value_loss           | 8.9         |
-----------------------------------------
------------------------------------------
| rollout/                |              |
|    ep_len_mean          | 2e+03        |
|    ep_rew_mean          | 3.13e+03     |
| time/                   |              |
|    fps                  | 4299         |
|    iterations           | 390          |
|    time_elapsed         | 3529         |
|    total_timesteps      | 15175680     |
| train/                  |              |
|    approx_kl            | 0.0073734787 |
|    clip_fraction        | 0.102        |
|    clip_range           | 0.2          |
|    entropy_loss         | 3.86         |
|    explained_variance   | 0.927        |
|    learning_rate        | 0.000149     |
|    loss                 | 1.59         |
|    n_updates            | 3890         |
|    policy_gradient_loss | -0.000221    |
|    std                  | 0.0351       |
|    value_loss           | 6.03         |
------------------------------------------
Eval num_timesteps=15200000, episode_reward=3163.54 +/- 336.95
Episode length: 2000.00 +/- 0.00
-----------------------------------------
| eval/                   |             |
|    mean_ep_length       | 2e+03       |
|    mean_reward          | 3.16e+03    |
| time/                   |             |
|    total_timesteps      | 15200000    |
| train/                  |             |
|    approx_kl            | 0.007146277 |
|    clip_fraction        | 0.0829      |
|    clip_range           | 0.2         |
|    entropy_loss         | 3.86        |
|    explained_variance   | 0.962       |
|    learning_rate        | 0.000148    |
|    loss                 | 1.89        |
|    n_updates            | 3900        |
|    policy_gradient_loss | -0.000975   |
|    std                  | 0.0351      |
|    value_loss           | 5.84        |
-----------------------------------------
New best mean reward!
---------------------------------
| rollout/           |          |
|    ep_len_mean     | 2e+03    |
|    ep_rew_mean     | 3.12e+03 |
| time/              |          |
|    fps             | 4282     |
|    iterations      | 391      |
|    time_elapsed    | 3553     |
|    total_timesteps | 15214592 |
---------------------------------
-----------------------------------------
| rollout/                |             |
|    ep_len_mean          | 2e+03       |
|    ep_rew_mean          | 3.11e+03    |
| time/                   |             |
|    fps                  | 4286        |
|    iterations           | 392         |
|    time_elapsed         | 3558        |
|    total_timesteps      | 15253504    |
| train/                  |             |
|    approx_kl            | 0.008181516 |
|    clip_fraction        | 0.099       |
|    clip_range           | 0.2         |
|    entropy_loss         | 3.86        |
|    explained_variance   | 0.938       |
|    learning_rate        | 0.000148    |
|    loss                 | 1.79        |
|    n_updates            | 3910        |
|    policy_gradient_loss | -0.000483   |
|    std                  | 0.035       |
|    value_loss           | 6.26        |
-----------------------------------------
-----------------------------------------
| rollout/                |             |
|    ep_len_mean          | 2e+03       |
|    ep_rew_mean          | 3.1e+03     |
| time/                   |             |
|    fps                  | 4291        |
|    iterations           | 393         |
|    time_elapsed         | 3563        |
|    total_timesteps      | 15292416    |
| train/                  |             |
|    approx_kl            | 0.008568994 |
|    clip_fraction        | 0.0783      |
|    clip_range           | 0.2         |
|    entropy_loss         | 3.86        |
|    explained_variance   | 0.944       |
|    learning_rate        | 0.000147    |
|    loss                 | 1.88        |
|    n_updates            | 3920        |
|    policy_gradient_loss | -0.00087    |
|    std                  | 0.0353      |
|    value_loss           | 6.88        |
-----------------------------------------
------------------------------------------
| rollout/                |              |
|    ep_len_mean          | 2e+03        |
|    ep_rew_mean          | 3.1e+03      |
| time/                   |              |
|    fps                  | 4295         |
|    iterations           | 394          |
|    time_elapsed         | 3569         |
|    total_timesteps      | 15331328     |
| train/                  |              |
|    approx_kl            | 0.0072650337 |
|    clip_fraction        | 0.0797       |
|    clip_range           | 0.2          |
|    entropy_loss         | 3.85         |
|    explained_variance   | 0.951        |
|    learning_rate        | 0.000147     |
|    loss                 | 2.67         |
|    n_updates            | 3930         |
|    policy_gradient_loss | -0.000383    |
|    std                  | 0.0354       |
|    value_loss           | 6.36         |
------------------------------------------
-----------------------------------------
| rollout/                |             |
|    ep_len_mean          | 2e+03       |
|    ep_rew_mean          | 3.11e+03    |
| time/                   |             |
|    fps                  | 4299        |
|    iterations           | 395         |
|    time_elapsed         | 3574        |
|    total_timesteps      | 15370240    |
| train/                  |             |
|    approx_kl            | 0.009551602 |
|    clip_fraction        | 0.11        |
|    clip_range           | 0.2         |
|    entropy_loss         | 3.83        |
|    explained_variance   | 0.932       |
|    learning_rate        | 0.000147    |
|    loss                 | 3.15        |
|    n_updates            | 3940        |
|    policy_gradient_loss | -0.000536   |
|    std                  | 0.0359      |
|    value_loss           | 9.6         |
-----------------------------------------
Eval num_timesteps=15390000, episode_reward=3142.09 +/- 324.31
Episode length: 2000.00 +/- 0.00
------------------------------------------
| eval/                   |              |
|    mean_ep_length       | 2e+03        |
|    mean_reward          | 3.14e+03     |
| time/                   |              |
|    total_timesteps      | 15390000     |
| train/                  |              |
|    approx_kl            | 0.0073227277 |
|    clip_fraction        | 0.0844       |
|    clip_range           | 0.2          |
|    entropy_loss         | 3.82         |
|    explained_variance   | 0.964        |
|    learning_rate        | 0.000146     |
|    loss                 | 3.5          |
|    n_updates            | 3950         |
|    policy_gradient_loss | 0.000513     |
|    std                  | 0.036        |
|    value_loss           | 5.66         |
------------------------------------------
---------------------------------
| rollout/           |          |
|    ep_len_mean     | 2e+03    |
|    ep_rew_mean     | 3.12e+03 |
| time/              |          |
|    fps             | 4282     |
|    iterations      | 396      |
|    time_elapsed    | 3598     |
|    total_timesteps | 15409152 |
---------------------------------
------------------------------------------
| rollout/                |              |
|    ep_len_mean          | 2e+03        |
|    ep_rew_mean          | 3.12e+03     |
| time/                   |              |
|    fps                  | 4286         |
|    iterations           | 397          |
|    time_elapsed         | 3603         |
|    total_timesteps      | 15448064     |
| train/                  |              |
|    approx_kl            | 0.0064049126 |
|    clip_fraction        | 0.0737       |
|    clip_range           | 0.2          |
|    entropy_loss         | 3.81         |
|    explained_variance   | 0.941        |
|    learning_rate        | 0.000146     |
|    loss                 | 6.58         |
|    n_updates            | 3960         |
|    policy_gradient_loss | -0.00089     |
|    std                  | 0.0362       |
|    value_loss           | 8.22         |
------------------------------------------
------------------------------------------
| rollout/                |              |
|    ep_len_mean          | 2e+03        |
|    ep_rew_mean          | 3.13e+03     |
| time/                   |              |
|    fps                  | 4291         |
|    iterations           | 398          |
|    time_elapsed         | 3608         |
|    total_timesteps      | 15486976     |
| train/                  |              |
|    approx_kl            | 0.0054761213 |
|    clip_fraction        | 0.0656       |
|    clip_range           | 0.2          |
|    entropy_loss         | 3.8          |
|    explained_variance   | 0.963        |
|    learning_rate        | 0.000146     |
|    loss                 | 3.77         |
|    n_updates            | 3970         |
|    policy_gradient_loss | 0.000667     |
|    std                  | 0.0363       |
|    value_loss           | 5.57         |
------------------------------------------
-----------------------------------------
| rollout/                |             |
|    ep_len_mean          | 2e+03       |
|    ep_rew_mean          | 3.13e+03    |
| time/                   |             |
|    fps                  | 4295        |
|    iterations           | 399         |
|    time_elapsed         | 3614        |
|    total_timesteps      | 15525888    |
| train/                  |             |
|    approx_kl            | 0.007847645 |
|    clip_fraction        | 0.0982      |
|    clip_range           | 0.2         |
|    entropy_loss         | 3.79        |
|    explained_variance   | 0.95        |
|    learning_rate        | 0.000145    |
|    loss                 | 4.51        |
|    n_updates            | 3980        |
|    policy_gradient_loss | -0.000711   |
|    std                  | 0.0365      |
|    value_loss           | 6.64        |
-----------------------------------------
------------------------------------------
| rollout/                |              |
|    ep_len_mean          | 2e+03        |
|    ep_rew_mean          | 3.13e+03     |
| time/                   |              |
|    fps                  | 4300         |
|    iterations           | 400          |
|    time_elapsed         | 3619         |
|    total_timesteps      | 15564800     |
| train/                  |              |
|    approx_kl            | 0.0086674085 |
|    clip_fraction        | 0.0923       |
|    clip_range           | 0.2          |
|    entropy_loss         | 3.78         |
|    explained_variance   | 0.954        |
|    learning_rate        | 0.000145     |
|    loss                 | 0.638        |
|    n_updates            | 3990         |
|    policy_gradient_loss | -0.000125    |
|    std                  | 0.0366       |
|    value_loss           | 5.1          |
------------------------------------------
Eval num_timesteps=15580000, episode_reward=3165.08 +/- 315.02
Episode length: 2000.00 +/- 0.00
------------------------------------------
| eval/                   |              |
|    mean_ep_length       | 2e+03        |
|    mean_reward          | 3.17e+03     |
| time/                   |              |
|    total_timesteps      | 15580000     |
| train/                  |              |
|    approx_kl            | 0.0048292144 |
|    clip_fraction        | 0.0448       |
|    clip_range           | 0.2          |
|    entropy_loss         | 3.78         |
|    explained_variance   | 0.961        |
|    learning_rate        | 0.000144     |
|    loss                 | 2.66         |
|    n_updates            | 4000         |
|    policy_gradient_loss | -0.000108    |
|    std                  | 0.0366       |
|    value_loss           | 9.29         |
------------------------------------------
New best mean reward!
---------------------------------
| rollout/           |          |
|    ep_len_mean     | 2e+03    |
|    ep_rew_mean     | 3.13e+03 |
| time/              |          |
|    fps             | 4283     |
|    iterations      | 401      |
|    time_elapsed    | 3643     |
|    total_timesteps | 15603712 |
---------------------------------
-----------------------------------------
| rollout/                |             |
|    ep_len_mean          | 2e+03       |
|    ep_rew_mean          | 3.13e+03    |
| time/                   |             |
|    fps                  | 4287        |
|    iterations           | 402         |
|    time_elapsed         | 3648        |
|    total_timesteps      | 15642624    |
| train/                  |             |
|    approx_kl            | 0.008420362 |
|    clip_fraction        | 0.0981      |
|    clip_range           | 0.2         |
|    entropy_loss         | 3.78        |
|    explained_variance   | 0.929       |
|    learning_rate        | 0.000144    |
|    loss                 | 6.45        |
|    n_updates            | 4010        |
|    policy_gradient_loss | -0.000351   |
|    std                  | 0.0367      |
|    value_loss           | 8.92        |
-----------------------------------------
------------------------------------------
| rollout/                |              |
|    ep_len_mean          | 2e+03        |
|    ep_rew_mean          | 3.15e+03     |
| time/                   |              |
|    fps                  | 4291         |
|    iterations           | 403          |
|    time_elapsed         | 3653         |
|    total_timesteps      | 15681536     |
| train/                  |              |
|    approx_kl            | 0.0067622224 |
|    clip_fraction        | 0.0783       |
|    clip_range           | 0.2          |
|    entropy_loss         | 3.78         |
|    explained_variance   | 0.947        |
|    learning_rate        | 0.000144     |
|    loss                 | 4.11         |
|    n_updates            | 4020         |
|    policy_gradient_loss | 2.72e-05     |
|    std                  | 0.0364       |
|    value_loss           | 5.55         |
------------------------------------------
------------------------------------------
| rollout/                |              |
|    ep_len_mean          | 2e+03        |
|    ep_rew_mean          | 3.14e+03     |
| time/                   |              |
|    fps                  | 4296         |
|    iterations           | 404          |
|    time_elapsed         | 3658         |
|    total_timesteps      | 15720448     |
| train/                  |              |
|    approx_kl            | 0.0074570375 |
|    clip_fraction        | 0.108        |
|    clip_range           | 0.2          |
|    entropy_loss         | 3.79         |
|    explained_variance   | 0.952        |
|    learning_rate        | 0.000143     |
|    loss                 | 5.09         |
|    n_updates            | 4030         |
|    policy_gradient_loss | -0.000259    |
|    std                  | 0.0365       |
|    value_loss           | 5.43         |
------------------------------------------
-----------------------------------------
| rollout/                |             |
|    ep_len_mean          | 2e+03       |
|    ep_rew_mean          | 3.13e+03    |
| time/                   |             |
|    fps                  | 4300        |
|    iterations           | 405         |
|    time_elapsed         | 3664        |
|    total_timesteps      | 15759360    |
| train/                  |             |
|    approx_kl            | 0.008468952 |
|    clip_fraction        | 0.0812      |
|    clip_range           | 0.2         |
|    entropy_loss         | 3.78        |
|    explained_variance   | 0.952       |
|    learning_rate        | 0.000143    |
|    loss                 | 5.37        |
|    n_updates            | 4040        |
|    policy_gradient_loss | -0.000647   |
|    std                  | 0.0366      |
|    value_loss           | 6.48        |
-----------------------------------------
Eval num_timesteps=15770000, episode_reward=3162.03 +/- 306.98
Episode length: 2000.00 +/- 0.00
------------------------------------------
| eval/                   |              |
|    mean_ep_length       | 2e+03        |
|    mean_reward          | 3.16e+03     |
| time/                   |              |
|    total_timesteps      | 15770000     |
| train/                  |              |
|    approx_kl            | 0.0067956713 |
|    clip_fraction        | 0.069        |
|    clip_range           | 0.2          |
|    entropy_loss         | 3.77         |
|    explained_variance   | 0.952        |
|    learning_rate        | 0.000142     |
|    loss                 | 1.3          |
|    n_updates            | 4050         |
|    policy_gradient_loss | -5.12e-05    |
|    std                  | 0.0369       |
|    value_loss           | 5.99         |
------------------------------------------
---------------------------------
| rollout/           |          |
|    ep_len_mean     | 2e+03    |
|    ep_rew_mean     | 3.12e+03 |
| time/              |          |
|    fps             | 4283     |
|    iterations      | 406      |
|    time_elapsed    | 3687     |
|    total_timesteps | 15798272 |
---------------------------------
------------------------------------------
| rollout/                |              |
|    ep_len_mean          | 2e+03        |
|    ep_rew_mean          | 3.11e+03     |
| time/                   |              |
|    fps                  | 4288         |
|    iterations           | 407          |
|    time_elapsed         | 3693         |
|    total_timesteps      | 15837184     |
| train/                  |              |
|    approx_kl            | 0.0070669376 |
|    clip_fraction        | 0.077        |
|    clip_range           | 0.2          |
|    entropy_loss         | 3.76         |
|    explained_variance   | 0.948        |
|    learning_rate        | 0.000142     |
|    loss                 | 4.29         |
|    n_updates            | 4060         |
|    policy_gradient_loss | -0.000854    |
|    std                  | 0.037        |
|    value_loss           | 9.87         |
------------------------------------------
-----------------------------------------
| rollout/                |             |
|    ep_len_mean          | 2e+03       |
|    ep_rew_mean          | 3.09e+03    |
| time/                   |             |
|    fps                  | 4292        |
|    iterations           | 408         |
|    time_elapsed         | 3698        |
|    total_timesteps      | 15876096    |
| train/                  |             |
|    approx_kl            | 0.007056186 |
|    clip_fraction        | 0.0679      |
|    clip_range           | 0.2         |
|    entropy_loss         | 3.76        |
|    explained_variance   | 0.954       |
|    learning_rate        | 0.000142    |
|    loss                 | 3.26        |
|    n_updates            | 4070        |
|    policy_gradient_loss | -0.000711   |
|    std                  | 0.037       |
|    value_loss           | 6.6         |
-----------------------------------------
------------------------------------------
| rollout/                |              |
|    ep_len_mean          | 2e+03        |
|    ep_rew_mean          | 3.11e+03     |
| time/                   |              |
|    fps                  | 4297         |
|    iterations           | 409          |
|    time_elapsed         | 3703         |
|    total_timesteps      | 15915008     |
| train/                  |              |
|    approx_kl            | 0.0070939376 |
|    clip_fraction        | 0.0939       |
|    clip_range           | 0.2          |
|    entropy_loss         | 3.76         |
|    explained_variance   | 0.94         |
|    learning_rate        | 0.000141     |
|    loss                 | 2.54         |
|    n_updates            | 4080         |
|    policy_gradient_loss | -0.000746    |
|    std                  | 0.0368       |
|    value_loss           | 6.79         |
------------------------------------------
-----------------------------------------
| rollout/                |             |
|    ep_len_mean          | 2e+03       |
|    ep_rew_mean          | 3.11e+03    |
| time/                   |             |
|    fps                  | 4301        |
|    iterations           | 410         |
|    time_elapsed         | 3708        |
|    total_timesteps      | 15953920    |
| train/                  |             |
|    approx_kl            | 0.007869047 |
|    clip_fraction        | 0.0868      |
|    clip_range           | 0.2         |
|    entropy_loss         | 3.76        |
|    explained_variance   | 0.937       |
|    learning_rate        | 0.000141    |
|    loss                 | 2.18        |
|    n_updates            | 4090        |
|    policy_gradient_loss | -2.48e-05   |
|    std                  | 0.0369      |
|    value_loss           | 6.56        |
-----------------------------------------
Eval num_timesteps=15960000, episode_reward=3183.38 +/- 290.89
Episode length: 2000.00 +/- 0.00
----------------------------------------
| eval/                   |            |
|    mean_ep_length       | 2e+03      |
|    mean_reward          | 3.18e+03   |
| time/                   |            |
|    total_timesteps      | 15960000   |
| train/                  |            |
|    approx_kl            | 0.00820345 |
|    clip_fraction        | 0.0825     |
|    clip_range           | 0.2        |
|    entropy_loss         | 3.75       |
|    explained_variance   | 0.938      |
|    learning_rate        | 0.00014    |
|    loss                 | 3.1        |
|    n_updates            | 4100       |
|    policy_gradient_loss | -0.00038   |
|    std                  | 0.0373     |
|    value_loss           | 6.43       |
----------------------------------------
New best mean reward!
---------------------------------
| rollout/           |          |
|    ep_len_mean     | 2e+03    |
|    ep_rew_mean     | 3.11e+03 |
| time/              |          |
|    fps             | 4284     |
|    iterations      | 411      |
|    time_elapsed    | 3732     |
|    total_timesteps | 15992832 |
---------------------------------
-----------------------------------------
| rollout/                |             |
|    ep_len_mean          | 2e+03       |
|    ep_rew_mean          | 3.13e+03    |
| time/                   |             |
|    fps                  | 4289        |
|    iterations           | 412         |
|    time_elapsed         | 3737        |
|    total_timesteps      | 16031744    |
| train/                  |             |
|    approx_kl            | 0.007047858 |
|    clip_fraction        | 0.0805      |
|    clip_range           | 0.2         |
|    entropy_loss         | 3.74        |
|    explained_variance   | 0.941       |
|    learning_rate        | 0.00014     |
|    loss                 | 1.93        |
|    n_updates            | 4110        |
|    policy_gradient_loss | -0.000464   |
|    std                  | 0.0373      |
|    value_loss           | 6.78        |
-----------------------------------------
------------------------------------------
| rollout/                |              |
|    ep_len_mean          | 2e+03        |
|    ep_rew_mean          | 3.14e+03     |
| time/                   |              |
|    fps                  | 4293         |
|    iterations           | 413          |
|    time_elapsed         | 3742         |
|    total_timesteps      | 16070656     |
| train/                  |              |
|    approx_kl            | 0.0066490606 |
|    clip_fraction        | 0.0699       |
|    clip_range           | 0.2          |
|    entropy_loss         | 3.74         |
|    explained_variance   | 0.954        |
|    learning_rate        | 0.00014      |
|    loss                 | 3.19         |
|    n_updates            | 4120         |
|    policy_gradient_loss | -0.000921    |
|    std                  | 0.0373       |
|    value_loss           | 5.46         |
------------------------------------------
-----------------------------------------
| rollout/                |             |
|    ep_len_mean          | 2e+03       |
|    ep_rew_mean          | 3.14e+03    |
| time/                   |             |
|    fps                  | 4297        |
|    iterations           | 414         |
|    time_elapsed         | 3748        |
|    total_timesteps      | 16109568    |
| train/                  |             |
|    approx_kl            | 0.007456085 |
|    clip_fraction        | 0.067       |
|    clip_range           | 0.2         |
|    entropy_loss         | 3.74        |
|    explained_variance   | 0.95        |
|    learning_rate        | 0.000139    |
|    loss                 | 5.48        |
|    n_updates            | 4130        |
|    policy_gradient_loss | -0.000856   |
|    std                  | 0.0373      |
|    value_loss           | 9.02        |
-----------------------------------------
------------------------------------------
| rollout/                |              |
|    ep_len_mean          | 2e+03        |
|    ep_rew_mean          | 3.14e+03     |
| time/                   |              |
|    fps                  | 4302         |
|    iterations           | 415          |
|    time_elapsed         | 3753         |
|    total_timesteps      | 16148480     |
| train/                  |              |
|    approx_kl            | 0.0072709187 |
|    clip_fraction        | 0.0856       |
|    clip_range           | 0.2          |
|    entropy_loss         | 3.73         |
|    explained_variance   | 0.941        |
|    learning_rate        | 0.000139     |
|    loss                 | 4.28         |
|    n_updates            | 4140         |
|    policy_gradient_loss | -0.000404    |
|    std                  | 0.0376       |
|    value_loss           | 7.61         |
------------------------------------------
Eval num_timesteps=16150000, episode_reward=3205.13 +/- 295.65
Episode length: 2000.00 +/- 0.00
-----------------------------------------
| eval/                   |             |
|    mean_ep_length       | 2e+03       |
|    mean_reward          | 3.21e+03    |
| time/                   |             |
|    total_timesteps      | 16150000    |
| train/                  |             |
|    approx_kl            | 0.007868663 |
|    clip_fraction        | 0.0933      |
|    clip_range           | 0.2         |
|    entropy_loss         | 3.73        |
|    explained_variance   | 0.936       |
|    learning_rate        | 0.000139    |
|    loss                 | 4.04        |
|    n_updates            | 4150        |
|    policy_gradient_loss | -0.00068    |
|    std                  | 0.0375      |
|    value_loss           | 6.75        |
-----------------------------------------
New best mean reward!
---------------------------------
| rollout/           |          |
|    ep_len_mean     | 2e+03    |
|    ep_rew_mean     | 3.15e+03 |
| time/              |          |
|    fps             | 4285     |
|    iterations      | 416      |
|    time_elapsed    | 3777     |
|    total_timesteps | 16187392 |
---------------------------------
------------------------------------------
| rollout/                |              |
|    ep_len_mean          | 2e+03        |
|    ep_rew_mean          | 3.15e+03     |
| time/                   |              |
|    fps                  | 4289         |
|    iterations           | 417          |
|    time_elapsed         | 3782         |
|    total_timesteps      | 16226304     |
| train/                  |              |
|    approx_kl            | 0.0074143293 |
|    clip_fraction        | 0.0926       |
|    clip_range           | 0.2          |
|    entropy_loss         | 3.73         |
|    explained_variance   | 0.942        |
|    learning_rate        | 0.000138     |
|    loss                 | 1.81         |
|    n_updates            | 4160         |
|    policy_gradient_loss | -0.000679    |
|    std                  | 0.0375       |
|    value_loss           | 6.73         |
------------------------------------------
-----------------------------------------
| rollout/                |             |
|    ep_len_mean          | 2e+03       |
|    ep_rew_mean          | 3.14e+03    |
| time/                   |             |
|    fps                  | 4293        |
|    iterations           | 418         |
|    time_elapsed         | 3788        |
|    total_timesteps      | 16265216    |
| train/                  |             |
|    approx_kl            | 0.007539487 |
|    clip_fraction        | 0.0697      |
|    clip_range           | 0.2         |
|    entropy_loss         | 3.74        |
|    explained_variance   | 0.95        |
|    learning_rate        | 0.000138    |
|    loss                 | 3.67        |
|    n_updates            | 4170        |
|    policy_gradient_loss | 0.000128    |
|    std                  | 0.0372      |
|    value_loss           | 6.26        |
-----------------------------------------
-----------------------------------------
| rollout/                |             |
|    ep_len_mean          | 2e+03       |
|    ep_rew_mean          | 3.17e+03    |
| time/                   |             |
|    fps                  | 4298        |
|    iterations           | 419         |
|    time_elapsed         | 3793        |
|    total_timesteps      | 16304128    |
| train/                  |             |
|    approx_kl            | 0.007022697 |
|    clip_fraction        | 0.0732      |
|    clip_range           | 0.2         |
|    entropy_loss         | 3.74        |
|    explained_variance   | 0.946       |
|    learning_rate        | 0.000137    |
|    loss                 | 1.91        |
|    n_updates            | 4180        |
|    policy_gradient_loss | -0.000155   |
|    std                  | 0.0374      |
|    value_loss           | 6.4         |
-----------------------------------------
Eval num_timesteps=16340000, episode_reward=3225.29 +/- 293.01
Episode length: 2000.00 +/- 0.00
-----------------------------------------
| eval/                   |             |
|    mean_ep_length       | 2e+03       |
|    mean_reward          | 3.23e+03    |
| time/                   |             |
|    total_timesteps      | 16340000    |
| train/                  |             |
|    approx_kl            | 0.008156041 |
|    clip_fraction        | 0.0745      |
|    clip_range           | 0.2         |
|    entropy_loss         | 3.73        |
|    explained_variance   | 0.947       |
|    learning_rate        | 0.000137    |
|    loss                 | 3.4         |
|    n_updates            | 4190        |
|    policy_gradient_loss | -0.00101    |
|    std                  | 0.0374      |
|    value_loss           | 7.78        |
-----------------------------------------
New best mean reward!
---------------------------------
| rollout/           |          |
|    ep_len_mean     | 2e+03    |
|    ep_rew_mean     | 3.16e+03 |
| time/              |          |
|    fps             | 4281     |
|    iterations      | 420      |
|    time_elapsed    | 3817     |
|    total_timesteps | 16343040 |
---------------------------------
------------------------------------------
| rollout/                |              |
|    ep_len_mean          | 2e+03        |
|    ep_rew_mean          | 3.17e+03     |
| time/                   |              |
|    fps                  | 4285         |
|    iterations           | 421          |
|    time_elapsed         | 3822         |
|    total_timesteps      | 16381952     |
| train/                  |              |
|    approx_kl            | 0.0063646617 |
|    clip_fraction        | 0.0729       |
|    clip_range           | 0.2          |
|    entropy_loss         | 3.73         |
|    explained_variance   | 0.946        |
|    learning_rate        | 0.000137     |
|    loss                 | 3.15         |
|    n_updates            | 4200         |
|    policy_gradient_loss | -0.000401    |
|    std                  | 0.0375       |
|    value_loss           | 6.62         |
------------------------------------------
------------------------------------------
| rollout/                |              |
|    ep_len_mean          | 2e+03        |
|    ep_rew_mean          | 3.17e+03     |
| time/                   |              |
|    fps                  | 4289         |
|    iterations           | 422          |
|    time_elapsed         | 3827         |
|    total_timesteps      | 16420864     |
| train/                  |              |
|    approx_kl            | 0.0062523107 |
|    clip_fraction        | 0.0556       |
|    clip_range           | 0.2          |
|    entropy_loss         | 3.72         |
|    explained_variance   | 0.964        |
|    learning_rate        | 0.000136     |
|    loss                 | 1.7          |
|    n_updates            | 4210         |
|    policy_gradient_loss | -0.000366    |
|    std                  | 0.0377       |
|    value_loss           | 5.8          |
------------------------------------------
------------------------------------------
| rollout/                |              |
|    ep_len_mean          | 2e+03        |
|    ep_rew_mean          | 3.18e+03     |
| time/                   |              |
|    fps                  | 4294         |
|    iterations           | 423          |
|    time_elapsed         | 3833         |
|    total_timesteps      | 16459776     |
| train/                  |              |
|    approx_kl            | 0.0060891616 |
|    clip_fraction        | 0.0713       |
|    clip_range           | 0.2          |
|    entropy_loss         | 3.72         |
|    explained_variance   | 0.955        |
|    learning_rate        | 0.000136     |
|    loss                 | 3.12         |
|    n_updates            | 4220         |
|    policy_gradient_loss | -0.000106    |
|    std                  | 0.0378       |
|    value_loss           | 7.1          |
------------------------------------------
-----------------------------------------
| rollout/                |             |
|    ep_len_mean          | 2e+03       |
|    ep_rew_mean          | 3.17e+03    |
| time/                   |             |
|    fps                  | 4298        |
|    iterations           | 424         |
|    time_elapsed         | 3838        |
|    total_timesteps      | 16498688    |
| train/                  |             |
|    approx_kl            | 0.007672182 |
|    clip_fraction        | 0.0764      |
|    clip_range           | 0.2         |
|    entropy_loss         | 3.71        |
|    explained_variance   | 0.962       |
|    learning_rate        | 0.000135    |
|    loss                 | 2.21        |
|    n_updates            | 4230        |
|    policy_gradient_loss | 0.00081     |
|    std                  | 0.0378      |
|    value_loss           | 5.69        |
-----------------------------------------
Eval num_timesteps=16530000, episode_reward=3217.73 +/- 304.04
Episode length: 2000.00 +/- 0.00
----------------------------------------
| eval/                   |            |
|    mean_ep_length       | 2e+03      |
|    mean_reward          | 3.22e+03   |
| time/                   |            |
|    total_timesteps      | 16530000   |
| train/                  |            |
|    approx_kl            | 0.01012466 |
|    clip_fraction        | 0.104      |
|    clip_range           | 0.2        |
|    entropy_loss         | 3.71       |
|    explained_variance   | 0.921      |
|    learning_rate        | 0.000135   |
|    loss                 | 3.35       |
|    n_updates            | 4240       |
|    policy_gradient_loss | -0.000697  |
|    std                  | 0.0379     |
|    value_loss           | 8.05       |
----------------------------------------
---------------------------------
| rollout/           |          |
|    ep_len_mean     | 2e+03    |
|    ep_rew_mean     | 3.16e+03 |
| time/              |          |
|    fps             | 4282     |
|    iterations      | 425      |
|    time_elapsed    | 3862     |
|    total_timesteps | 16537600 |
---------------------------------
-----------------------------------------
| rollout/                |             |
|    ep_len_mean          | 2e+03       |
|    ep_rew_mean          | 3.14e+03    |
| time/                   |             |
|    fps                  | 4286        |
|    iterations           | 426         |
|    time_elapsed         | 3867        |
|    total_timesteps      | 16576512    |
| train/                  |             |
|    approx_kl            | 0.008124494 |
|    clip_fraction        | 0.084       |
|    clip_range           | 0.2         |
|    entropy_loss         | 3.7         |
|    explained_variance   | 0.932       |
|    learning_rate        | 0.000135    |
|    loss                 | 2.09        |
|    n_updates            | 4250        |
|    policy_gradient_loss | 0.000149    |
|    std                  | 0.0382      |
|    value_loss           | 6.93        |
-----------------------------------------
------------------------------------------
| rollout/                |              |
|    ep_len_mean          | 2e+03        |
|    ep_rew_mean          | 3.13e+03     |
| time/                   |              |
|    fps                  | 4290         |
|    iterations           | 427          |
|    time_elapsed         | 3872         |
|    total_timesteps      | 16615424     |
| train/                  |              |
|    approx_kl            | 0.0065748766 |
|    clip_fraction        | 0.0884       |
|    clip_range           | 0.2          |
|    entropy_loss         | 3.69         |
|    explained_variance   | 0.938        |
|    learning_rate        | 0.000134     |
|    loss                 | 3.13         |
|    n_updates            | 4260         |
|    policy_gradient_loss | -0.00111     |
|    std                  | 0.0383       |
|    value_loss           | 7.93         |
------------------------------------------
------------------------------------------
| rollout/                |              |
|    ep_len_mean          | 2e+03        |
|    ep_rew_mean          | 3.12e+03     |
| time/                   |              |
|    fps                  | 4294         |
|    iterations           | 428          |
|    time_elapsed         | 3877         |
|    total_timesteps      | 16654336     |
| train/                  |              |
|    approx_kl            | 0.0077854707 |
|    clip_fraction        | 0.0855       |
|    clip_range           | 0.2          |
|    entropy_loss         | 3.69         |
|    explained_variance   | 0.949        |
|    learning_rate        | 0.000134     |
|    loss                 | 3.86         |
|    n_updates            | 4270         |
|    policy_gradient_loss | 0.000162     |
|    std                  | 0.0383       |
|    value_loss           | 7.01         |
------------------------------------------
-----------------------------------------
| rollout/                |             |
|    ep_len_mean          | 2e+03       |
|    ep_rew_mean          | 3.1e+03     |
| time/                   |             |
|    fps                  | 4299        |
|    iterations           | 429         |
|    time_elapsed         | 3882        |
|    total_timesteps      | 16693248    |
| train/                  |             |
|    approx_kl            | 0.008370911 |
|    clip_fraction        | 0.0908      |
|    clip_range           | 0.2         |
|    entropy_loss         | 3.68        |
|    explained_variance   | 0.904       |
|    learning_rate        | 0.000133    |
|    loss                 | 2.74        |
|    n_updates            | 4280        |
|    policy_gradient_loss | -0.0011     |
|    std                  | 0.0385      |
|    value_loss           | 8.11        |
-----------------------------------------
Eval num_timesteps=16720000, episode_reward=3223.13 +/- 316.29
Episode length: 2000.00 +/- 0.00
------------------------------------------
| eval/                   |              |
|    mean_ep_length       | 2e+03        |
|    mean_reward          | 3.22e+03     |
| time/                   |              |
|    total_timesteps      | 16720000     |
| train/                  |              |
|    approx_kl            | 0.0070407656 |
|    clip_fraction        | 0.0877       |
|    clip_range           | 0.2          |
|    entropy_loss         | 3.67         |
|    explained_variance   | 0.915        |
|    learning_rate        | 0.000133     |
|    loss                 | 2.84         |
|    n_updates            | 4290         |
|    policy_gradient_loss | -0.00015     |
|    std                  | 0.0386       |
|    value_loss           | 7.12         |
------------------------------------------
---------------------------------
| rollout/           |          |
|    ep_len_mean     | 2e+03    |
|    ep_rew_mean     | 3.12e+03 |
| time/              |          |
|    fps             | 4282     |
|    iterations      | 430      |
|    time_elapsed    | 3906     |
|    total_timesteps | 16732160 |
---------------------------------
------------------------------------------
| rollout/                |              |
|    ep_len_mean          | 2e+03        |
|    ep_rew_mean          | 3.12e+03     |
| time/                   |              |
|    fps                  | 4286         |
|    iterations           | 431          |
|    time_elapsed         | 3912         |
|    total_timesteps      | 16771072     |
| train/                  |              |
|    approx_kl            | 0.0074779345 |
|    clip_fraction        | 0.076        |
|    clip_range           | 0.2          |
|    entropy_loss         | 3.66         |
|    explained_variance   | 0.943        |
|    learning_rate        | 0.000133     |
|    loss                 | 3.34         |
|    n_updates            | 4300         |
|    policy_gradient_loss | -0.00173     |
|    std                  | 0.0389       |
|    value_loss           | 6.16         |
------------------------------------------
-----------------------------------------
| rollout/                |             |
|    ep_len_mean          | 2e+03       |
|    ep_rew_mean          | 3.13e+03    |
| time/                   |             |
|    fps                  | 4291        |
|    iterations           | 432         |
|    time_elapsed         | 3917        |
|    total_timesteps      | 16809984    |
| train/                  |             |
|    approx_kl            | 0.005601221 |
|    clip_fraction        | 0.0656      |
|    clip_range           | 0.2         |
|    entropy_loss         | 3.66        |
|    explained_variance   | 0.951       |
|    learning_rate        | 0.000132    |
|    loss                 | 1.68        |
|    n_updates            | 4310        |
|    policy_gradient_loss | -0.000894   |
|    std                  | 0.0389      |
|    value_loss           | 6.3         |
-----------------------------------------
------------------------------------------
| rollout/                |              |
|    ep_len_mean          | 2e+03        |
|    ep_rew_mean          | 3.13e+03     |
| time/                   |              |
|    fps                  | 4295         |
|    iterations           | 433          |
|    time_elapsed         | 3922         |
|    total_timesteps      | 16848896     |
| train/                  |              |
|    approx_kl            | 0.0065447227 |
|    clip_fraction        | 0.0752       |
|    clip_range           | 0.2          |
|    entropy_loss         | 3.65         |
|    explained_variance   | 0.931        |
|    learning_rate        | 0.000132     |
|    loss                 | 4.45         |
|    n_updates            | 4320         |
|    policy_gradient_loss | -0.000456    |
|    std                  | 0.039        |
|    value_loss           | 8.24         |
------------------------------------------
------------------------------------------
| rollout/                |              |
|    ep_len_mean          | 2e+03        |
|    ep_rew_mean          | 3.15e+03     |
| time/                   |              |
|    fps                  | 4299         |
|    iterations           | 434          |
|    time_elapsed         | 3927         |
|    total_timesteps      | 16887808     |
| train/                  |              |
|    approx_kl            | 0.0075906804 |
|    clip_fraction        | 0.0765       |
|    clip_range           | 0.2          |
|    entropy_loss         | 3.64         |
|    explained_variance   | 0.943        |
|    learning_rate        | 0.000132     |
|    loss                 | 2.81         |
|    n_updates            | 4330         |
|    policy_gradient_loss | -0.0012      |
|    std                  | 0.0393       |
|    value_loss           | 7.71         |
------------------------------------------
Eval num_timesteps=16910000, episode_reward=3229.24 +/- 318.31
Episode length: 2000.00 +/- 0.00
-----------------------------------------
| eval/                   |             |
|    mean_ep_length       | 2e+03       |
|    mean_reward          | 3.23e+03    |
| time/                   |             |
|    total_timesteps      | 16910000    |
| train/                  |             |
|    approx_kl            | 0.008417314 |
|    clip_fraction        | 0.0991      |
|    clip_range           | 0.2         |
|    entropy_loss         | 3.62        |
|    explained_variance   | 0.944       |
|    learning_rate        | 0.000131    |
|    loss                 | 1.99        |
|    n_updates            | 4340        |
|    policy_gradient_loss | -0.000745   |
|    std                  | 0.0398      |
|    value_loss           | 6.95        |
-----------------------------------------
New best mean reward!
---------------------------------
| rollout/           |          |
|    ep_len_mean     | 2e+03    |
|    ep_rew_mean     | 3.17e+03 |
| time/              |          |
|    fps             | 4283     |
|    iterations      | 435      |
|    time_elapsed    | 3951     |
|    total_timesteps | 16926720 |
---------------------------------
----------------------------------------
| rollout/                |            |
|    ep_len_mean          | 2e+03      |
|    ep_rew_mean          | 3.17e+03   |
| time/                   |            |
|    fps                  | 4287       |
|    iterations           | 436        |
|    time_elapsed         | 3956       |
|    total_timesteps      | 16965632   |
| train/                  |            |
|    approx_kl            | 0.00849913 |
|    clip_fraction        | 0.0773     |
|    clip_range           | 0.2        |
|    entropy_loss         | 3.61       |
|    explained_variance   | 0.92       |
|    learning_rate        | 0.000131   |
|    loss                 | 3.19       |
|    n_updates            | 4350       |
|    policy_gradient_loss | -0.00124   |
|    std                  | 0.0398     |
|    value_loss           | 8.5        |
----------------------------------------
------------------------------------------
| rollout/                |              |
|    ep_len_mean          | 2e+03        |
|    ep_rew_mean          | 3.19e+03     |
| time/                   |              |
|    fps                  | 4292         |
|    iterations           | 437          |
|    time_elapsed         | 3961         |
|    total_timesteps      | 17004544     |
| train/                  |              |
|    approx_kl            | 0.0063033663 |
|    clip_fraction        | 0.0681       |
|    clip_range           | 0.2          |
|    entropy_loss         | 3.61         |
|    explained_variance   | 0.941        |
|    learning_rate        | 0.00013      |
|    loss                 | 3.29         |
|    n_updates            | 4360         |
|    policy_gradient_loss | 1.53e-05     |
|    std                  | 0.0399       |
|    value_loss           | 6.44         |
------------------------------------------
-----------------------------------------
| rollout/                |             |
|    ep_len_mean          | 2e+03       |
|    ep_rew_mean          | 3.2e+03     |
| time/                   |             |
|    fps                  | 4296        |
|    iterations           | 438         |
|    time_elapsed         | 3967        |
|    total_timesteps      | 17043456    |
| train/                  |             |
|    approx_kl            | 0.007072491 |
|    clip_fraction        | 0.0712      |
|    clip_range           | 0.2         |
|    entropy_loss         | 3.61        |
|    explained_variance   | 0.941       |
|    learning_rate        | 0.00013     |
|    loss                 | 3.16        |
|    n_updates            | 4370        |
|    policy_gradient_loss | -0.000819   |
|    std                  | 0.0399      |
|    value_loss           | 5.49        |
-----------------------------------------
------------------------------------------
| rollout/                |              |
|    ep_len_mean          | 2e+03        |
|    ep_rew_mean          | 3.18e+03     |
| time/                   |              |
|    fps                  | 4300         |
|    iterations           | 439          |
|    time_elapsed         | 3972         |
|    total_timesteps      | 17082368     |
| train/                  |              |
|    approx_kl            | 0.0051628086 |
|    clip_fraction        | 0.0447       |
|    clip_range           | 0.2          |
|    entropy_loss         | 3.6          |
|    explained_variance   | 0.953        |
|    learning_rate        | 0.00013      |
|    loss                 | 1.97         |
|    n_updates            | 4380         |
|    policy_gradient_loss | 0.000199     |
|    std                  | 0.0399       |
|    value_loss           | 6.95         |
------------------------------------------
Eval num_timesteps=17100000, episode_reward=3236.58 +/- 337.91
Episode length: 2000.00 +/- 0.00
-----------------------------------------
| eval/                   |             |
|    mean_ep_length       | 2e+03       |
|    mean_reward          | 3.24e+03    |
| time/                   |             |
|    total_timesteps      | 17100000    |
| train/                  |             |
|    approx_kl            | 0.006635101 |
|    clip_fraction        | 0.0705      |
|    clip_range           | 0.2         |
|    entropy_loss         | 3.6         |
|    explained_variance   | 0.95        |
|    learning_rate        | 0.000129    |
|    loss                 | 3.2         |
|    n_updates            | 4390        |
|    policy_gradient_loss | -0.000832   |
|    std                  | 0.04        |
|    value_loss           | 8.84        |
-----------------------------------------
New best mean reward!
---------------------------------
| rollout/           |          |
|    ep_len_mean     | 2e+03    |
|    ep_rew_mean     | 3.17e+03 |
| time/              |          |
|    fps             | 4284     |
|    iterations      | 440      |
|    time_elapsed    | 3996     |
|    total_timesteps | 17121280 |
---------------------------------
-----------------------------------------
| rollout/                |             |
|    ep_len_mean          | 2e+03       |
|    ep_rew_mean          | 3.14e+03    |
| time/                   |             |
|    fps                  | 4288        |
|    iterations           | 441         |
|    time_elapsed         | 4001        |
|    total_timesteps      | 17160192    |
| train/                  |             |
|    approx_kl            | 0.006688457 |
|    clip_fraction        | 0.074       |
|    clip_range           | 0.2         |
|    entropy_loss         | 3.6         |
|    explained_variance   | 0.927       |
|    learning_rate        | 0.000129    |
|    loss                 | 2.73        |
|    n_updates            | 4400        |
|    policy_gradient_loss | -0.000336   |
|    std                  | 0.04        |
|    value_loss           | 7.5         |
-----------------------------------------
-----------------------------------------
| rollout/                |             |
|    ep_len_mean          | 2e+03       |
|    ep_rew_mean          | 3.16e+03    |
| time/                   |             |
|    fps                  | 4292        |
|    iterations           | 442         |
|    time_elapsed         | 4006        |
|    total_timesteps      | 17199104    |
| train/                  |             |
|    approx_kl            | 0.006529963 |
|    clip_fraction        | 0.076       |
|    clip_range           | 0.2         |
|    entropy_loss         | 3.59        |
|    explained_variance   | 0.944       |
|    learning_rate        | 0.000128    |
|    loss                 | 2.85        |
|    n_updates            | 4410        |
|    policy_gradient_loss | -0.00129    |
|    std                  | 0.0402      |
|    value_loss           | 7.61        |
-----------------------------------------
----------------------------------------
| rollout/                |            |
|    ep_len_mean          | 2e+03      |
|    ep_rew_mean          | 3.15e+03   |
| time/                   |            |
|    fps                  | 4296       |
|    iterations           | 443        |
|    time_elapsed         | 4011       |
|    total_timesteps      | 17238016   |
| train/                  |            |
|    approx_kl            | 0.00682481 |
|    clip_fraction        | 0.0773     |
|    clip_range           | 0.2        |
|    entropy_loss         | 3.59       |
|    explained_variance   | 0.946      |
|    learning_rate        | 0.000128   |
|    loss                 | 2.21       |
|    n_updates            | 4420       |
|    policy_gradient_loss | -0.000779  |
|    std                  | 0.0401     |
|    value_loss           | 6.48       |
----------------------------------------
------------------------------------------
| rollout/                |              |
|    ep_len_mean          | 2e+03        |
|    ep_rew_mean          | 3.16e+03     |
| time/                   |              |
|    fps                  | 4301         |
|    iterations           | 444          |
|    time_elapsed         | 4016         |
|    total_timesteps      | 17276928     |
| train/                  |              |
|    approx_kl            | 0.0074662417 |
|    clip_fraction        | 0.0736       |
|    clip_range           | 0.2          |
|    entropy_loss         | 3.59         |
|    explained_variance   | 0.94         |
|    learning_rate        | 0.000128     |
|    loss                 | 3.69         |
|    n_updates            | 4430         |
|    policy_gradient_loss | -0.000396    |
|    std                  | 0.0404       |
|    value_loss           | 9.23         |
------------------------------------------
Eval num_timesteps=17290000, episode_reward=3265.43 +/- 297.13
Episode length: 2000.00 +/- 0.00
-----------------------------------------
| eval/                   |             |
|    mean_ep_length       | 2e+03       |
|    mean_reward          | 3.27e+03    |
| time/                   |             |
|    total_timesteps      | 17290000    |
| train/                  |             |
|    approx_kl            | 0.007291507 |
|    clip_fraction        | 0.0602      |
|    clip_range           | 0.2         |
|    entropy_loss         | 3.58        |
|    explained_variance   | 0.951       |
|    learning_rate        | 0.000127    |
|    loss                 | 3.06        |
|    n_updates            | 4440        |
|    policy_gradient_loss | -0.000357   |
|    std                  | 0.0403      |
|    value_loss           | 6.33        |
-----------------------------------------
New best mean reward!
---------------------------------
| rollout/           |          |
|    ep_len_mean     | 2e+03    |
|    ep_rew_mean     | 3.17e+03 |
| time/              |          |
|    fps             | 4285     |
|    iterations      | 445      |
|    time_elapsed    | 4040     |
|    total_timesteps | 17315840 |
---------------------------------
------------------------------------------
| rollout/                |              |
|    ep_len_mean          | 2e+03        |
|    ep_rew_mean          | 3.18e+03     |
| time/                   |              |
|    fps                  | 4289         |
|    iterations           | 446          |
|    time_elapsed         | 4045         |
|    total_timesteps      | 17354752     |
| train/                  |              |
|    approx_kl            | 0.0076227933 |
|    clip_fraction        | 0.092        |
|    clip_range           | 0.2          |
|    entropy_loss         | 3.59         |
|    explained_variance   | 0.912        |
|    learning_rate        | 0.000127     |
|    loss                 | 6.17         |
|    n_updates            | 4450         |
|    policy_gradient_loss | -0.00122     |
|    std                  | 0.0402       |
|    value_loss           | 9.26         |
------------------------------------------
-----------------------------------------
| rollout/                |             |
|    ep_len_mean          | 2e+03       |
|    ep_rew_mean          | 3.17e+03    |
| time/                   |             |
|    fps                  | 4293        |
|    iterations           | 447         |
|    time_elapsed         | 4051        |
|    total_timesteps      | 17393664    |
| train/                  |             |
|    approx_kl            | 0.004708102 |
|    clip_fraction        | 0.0465      |
|    clip_range           | 0.2         |
|    entropy_loss         | 3.59        |
|    explained_variance   | 0.951       |
|    learning_rate        | 0.000126    |
|    loss                 | 3.69        |
|    n_updates            | 4460        |
|    policy_gradient_loss | 0.00029     |
|    std                  | 0.0403      |
|    value_loss           | 8.57        |
-----------------------------------------
-----------------------------------------
| rollout/                |             |
|    ep_len_mean          | 2e+03       |
|    ep_rew_mean          | 3.16e+03    |
| time/                   |             |
|    fps                  | 4297        |
|    iterations           | 448         |
|    time_elapsed         | 4056        |
|    total_timesteps      | 17432576    |
| train/                  |             |
|    approx_kl            | 0.009051708 |
|    clip_fraction        | 0.0705      |
|    clip_range           | 0.2         |
|    entropy_loss         | 3.59        |
|    explained_variance   | 0.964       |
|    learning_rate        | 0.000126    |
|    loss                 | 6.77        |
|    n_updates            | 4470        |
|    policy_gradient_loss | 0.000516    |
|    std                  | 0.0403      |
|    value_loss           | 9.15        |
-----------------------------------------
-----------------------------------------
| rollout/                |             |
|    ep_len_mean          | 2e+03       |
|    ep_rew_mean          | 3.15e+03    |
| time/                   |             |
|    fps                  | 4301        |
|    iterations           | 449         |
|    time_elapsed         | 4061        |
|    total_timesteps      | 17471488    |
| train/                  |             |
|    approx_kl            | 0.007831048 |
|    clip_fraction        | 0.0916      |
|    clip_range           | 0.2         |
|    entropy_loss         | 3.59        |
|    explained_variance   | 0.925       |
|    learning_rate        | 0.000126    |
|    loss                 | 5.1         |
|    n_updates            | 4480        |
|    policy_gradient_loss | -0.000451   |
|    std                  | 0.0403      |
|    value_loss           | 8.41        |
-----------------------------------------
Eval num_timesteps=17480000, episode_reward=3256.25 +/- 297.47
Episode length: 2000.00 +/- 0.00
------------------------------------------
| eval/                   |              |
|    mean_ep_length       | 2e+03        |
|    mean_reward          | 3.26e+03     |
| time/                   |              |
|    total_timesteps      | 17480000     |
| train/                  |              |
|    approx_kl            | 0.0062058936 |
|    clip_fraction        | 0.0786       |
|    clip_range           | 0.2          |
|    entropy_loss         | 3.59         |
|    explained_variance   | 0.937        |
|    learning_rate        | 0.000125     |
|    loss                 | 1.65         |
|    n_updates            | 4490         |
|    policy_gradient_loss | -9.3e-05     |
|    std                  | 0.0402       |
|    value_loss           | 5.73         |
------------------------------------------
---------------------------------
| rollout/           |          |
|    ep_len_mean     | 2e+03    |
|    ep_rew_mean     | 3.15e+03 |
| time/              |          |
|    fps             | 4285     |
|    iterations      | 450      |
|    time_elapsed    | 4085     |
|    total_timesteps | 17510400 |
---------------------------------
------------------------------------------
| rollout/                |              |
|    ep_len_mean          | 2e+03        |
|    ep_rew_mean          | 3.15e+03     |
| time/                   |              |
|    fps                  | 4290         |
|    iterations           | 451          |
|    time_elapsed         | 4090         |
|    total_timesteps      | 17549312     |
| train/                  |              |
|    approx_kl            | 0.0046396814 |
|    clip_fraction        | 0.0429       |
|    clip_range           | 0.2          |
|    entropy_loss         | 3.59         |
|    explained_variance   | 0.955        |
|    learning_rate        | 0.000125     |
|    loss                 | 7.97         |
|    n_updates            | 4500         |
|    policy_gradient_loss | -0.00026     |
|    std                  | 0.0402       |
|    value_loss           | 10.6         |
------------------------------------------
-----------------------------------------
| rollout/                |             |
|    ep_len_mean          | 2e+03       |
|    ep_rew_mean          | 3.16e+03    |
| time/                   |             |
|    fps                  | 4294        |
|    iterations           | 452         |
|    time_elapsed         | 4095        |
|    total_timesteps      | 17588224    |
| train/                  |             |
|    approx_kl            | 0.007524258 |
|    clip_fraction        | 0.0748      |
|    clip_range           | 0.2         |
|    entropy_loss         | 3.59        |
|    explained_variance   | 0.931       |
|    learning_rate        | 0.000125    |
|    loss                 | 3.27        |
|    n_updates            | 4510        |
|    policy_gradient_loss | -0.00121    |
|    std                  | 0.0404      |
|    value_loss           | 7.68        |
-----------------------------------------
-----------------------------------------
| rollout/                |             |
|    ep_len_mean          | 2e+03       |
|    ep_rew_mean          | 3.15e+03    |
| time/                   |             |
|    fps                  | 4298        |
|    iterations           | 453         |
|    time_elapsed         | 4101        |
|    total_timesteps      | 17627136    |
| train/                  |             |
|    approx_kl            | 0.007353878 |
|    clip_fraction        | 0.0809      |
|    clip_range           | 0.2         |
|    entropy_loss         | 3.58        |
|    explained_variance   | 0.94        |
|    learning_rate        | 0.000124    |
|    loss                 | 2.34        |
|    n_updates            | 4520        |
|    policy_gradient_loss | -0.000716   |
|    std                  | 0.0405      |
|    value_loss           | 6.17        |
-----------------------------------------
------------------------------------------
| rollout/                |              |
|    ep_len_mean          | 2e+03        |
|    ep_rew_mean          | 3.15e+03     |
| time/                   |              |
|    fps                  | 4302         |
|    iterations           | 454          |
|    time_elapsed         | 4106         |
|    total_timesteps      | 17666048     |
| train/                  |              |
|    approx_kl            | 0.0077793747 |
|    clip_fraction        | 0.0818       |
|    clip_range           | 0.2          |
|    entropy_loss         | 3.59         |
|    explained_variance   | 0.922        |
|    learning_rate        | 0.000124     |
|    loss                 | 4.39         |
|    n_updates            | 4530         |
|    policy_gradient_loss | -0.00139     |
|    std                  | 0.0402       |
|    value_loss           | 9.38         |
------------------------------------------
Eval num_timesteps=17670000, episode_reward=3265.80 +/- 282.99
Episode length: 2000.00 +/- 0.00
------------------------------------------
| eval/                   |              |
|    mean_ep_length       | 2e+03        |
|    mean_reward          | 3.27e+03     |
| time/                   |              |
|    total_timesteps      | 17670000     |
| train/                  |              |
|    approx_kl            | 0.0071974476 |
|    clip_fraction        | 0.0782       |
|    clip_range           | 0.2          |
|    entropy_loss         | 3.58         |
|    explained_variance   | 0.931        |
|    learning_rate        | 0.000123     |
|    loss                 | 4.85         |
|    n_updates            | 4540         |
|    policy_gradient_loss | -0.000955    |
|    std                  | 0.0405       |
|    value_loss           | 8.51         |
------------------------------------------
New best mean reward!
---------------------------------
| rollout/           |          |
|    ep_len_mean     | 2e+03    |
|    ep_rew_mean     | 3.13e+03 |
| time/              |          |
|    fps             | 4286     |
|    iterations      | 455      |
|    time_elapsed    | 4130     |
|    total_timesteps | 17704960 |
---------------------------------
------------------------------------------
| rollout/                |              |
|    ep_len_mean          | 2e+03        |
|    ep_rew_mean          | 3.13e+03     |
| time/                   |              |
|    fps                  | 4290         |
|    iterations           | 456          |
|    time_elapsed         | 4135         |
|    total_timesteps      | 17743872     |
| train/                  |              |
|    approx_kl            | 0.0048408094 |
|    clip_fraction        | 0.0541       |
|    clip_range           | 0.2          |
|    entropy_loss         | 3.57         |
|    explained_variance   | 0.938        |
|    learning_rate        | 0.000123     |
|    loss                 | 4.53         |
|    n_updates            | 4550         |
|    policy_gradient_loss | -0.000379    |
|    std                  | 0.0406       |
|    value_loss           | 8.78         |
------------------------------------------
-----------------------------------------
| rollout/                |             |
|    ep_len_mean          | 2e+03       |
|    ep_rew_mean          | 3.14e+03    |
| time/                   |             |
|    fps                  | 4294        |
|    iterations           | 457         |
|    time_elapsed         | 4140        |
|    total_timesteps      | 17782784    |
| train/                  |             |
|    approx_kl            | 0.006602703 |
|    clip_fraction        | 0.0736      |
|    clip_range           | 0.2         |
|    entropy_loss         | 3.57        |
|    explained_variance   | 0.935       |
|    learning_rate        | 0.000123    |
|    loss                 | 6.89        |
|    n_updates            | 4560        |
|    policy_gradient_loss | -0.000946   |
|    std                  | 0.0408      |
|    value_loss           | 7.12        |
-----------------------------------------
------------------------------------------
| rollout/                |              |
|    ep_len_mean          | 2e+03        |
|    ep_rew_mean          | 3.14e+03     |
| time/                   |              |
|    fps                  | 4298         |
|    iterations           | 458          |
|    time_elapsed         | 4145         |
|    total_timesteps      | 17821696     |
| train/                  |              |
|    approx_kl            | 0.0060628518 |
|    clip_fraction        | 0.0706       |
|    clip_range           | 0.2          |
|    entropy_loss         | 3.56         |
|    explained_variance   | 0.941        |
|    learning_rate        | 0.000122     |
|    loss                 | 2.56         |
|    n_updates            | 4570         |
|    policy_gradient_loss | -0.00117     |
|    std                  | 0.0409       |
|    value_loss           | 8            |
------------------------------------------
Eval num_timesteps=17860000, episode_reward=3244.98 +/- 302.73
Episode length: 2000.00 +/- 0.00
------------------------------------------
| eval/                   |              |
|    mean_ep_length       | 2e+03        |
|    mean_reward          | 3.24e+03     |
| time/                   |              |
|    total_timesteps      | 17860000     |
| train/                  |              |
|    approx_kl            | 0.0061124675 |
|    clip_fraction        | 0.0629       |
|    clip_range           | 0.2          |
|    entropy_loss         | 3.56         |
|    explained_variance   | 0.94         |
|    learning_rate        | 0.000122     |
|    loss                 | 2.25         |
|    n_updates            | 4580         |
|    policy_gradient_loss | -0.000497    |
|    std                  | 0.0408       |
|    value_loss           | 6.22         |
------------------------------------------
---------------------------------
| rollout/           |          |
|    ep_len_mean     | 2e+03    |
|    ep_rew_mean     | 3.15e+03 |
| time/              |          |
|    fps             | 4283     |
|    iterations      | 459      |
|    time_elapsed    | 4170     |
|    total_timesteps | 17860608 |
---------------------------------
-----------------------------------------
| rollout/                |             |
|    ep_len_mean          | 2e+03       |
|    ep_rew_mean          | 3.16e+03    |
| time/                   |             |
|    fps                  | 4286        |
|    iterations           | 460         |
|    time_elapsed         | 4175        |
|    total_timesteps      | 17899520    |
| train/                  |             |
|    approx_kl            | 0.006224688 |
|    clip_fraction        | 0.0671      |
|    clip_range           | 0.2         |
|    entropy_loss         | 3.56        |
|    explained_variance   | 0.934       |
|    learning_rate        | 0.000121    |
|    loss                 | 3.41        |
|    n_updates            | 4590        |
|    policy_gradient_loss | -0.00117    |
|    std                  | 0.0408      |
|    value_loss           | 8.41        |
-----------------------------------------
------------------------------------------
| rollout/                |              |
|    ep_len_mean          | 2e+03        |
|    ep_rew_mean          | 3.17e+03     |
| time/                   |              |
|    fps                  | 4290         |
|    iterations           | 461          |
|    time_elapsed         | 4180         |
|    total_timesteps      | 17938432     |
| train/                  |              |
|    approx_kl            | 0.0070761726 |
|    clip_fraction        | 0.0866       |
|    clip_range           | 0.2          |
|    entropy_loss         | 3.56         |
|    explained_variance   | 0.929        |
|    learning_rate        | 0.000121     |
|    loss                 | 3.36         |
|    n_updates            | 4600         |
|    policy_gradient_loss | -0.00131     |
|    std                  | 0.0408       |
|    value_loss           | 6.59         |
------------------------------------------
------------------------------------------
| rollout/                |              |
|    ep_len_mean          | 2e+03        |
|    ep_rew_mean          | 3.17e+03     |
| time/                   |              |
|    fps                  | 4294         |
|    iterations           | 462          |
|    time_elapsed         | 4185         |
|    total_timesteps      | 17977344     |
| train/                  |              |
|    approx_kl            | 0.0054540955 |
|    clip_fraction        | 0.0621       |
|    clip_range           | 0.2          |
|    entropy_loss         | 3.56         |
|    explained_variance   | 0.931        |
|    learning_rate        | 0.000121     |
|    loss                 | 6.82         |
|    n_updates            | 4610         |
|    policy_gradient_loss | -0.00102     |
|    std                  | 0.0408       |
|    value_loss           | 8.52         |
------------------------------------------
------------------------------------------
| rollout/                |              |
|    ep_len_mean          | 2e+03        |
|    ep_rew_mean          | 3.19e+03     |
| time/                   |              |
|    fps                  | 4298         |
|    iterations           | 463          |
|    time_elapsed         | 4191         |
|    total_timesteps      | 18016256     |
| train/                  |              |
|    approx_kl            | 0.0076845083 |
|    clip_fraction        | 0.0733       |
|    clip_range           | 0.2          |
|    entropy_loss         | 3.57         |
|    explained_variance   | 0.94         |
|    learning_rate        | 0.00012      |
|    loss                 | 4.03         |
|    n_updates            | 4620         |
|    policy_gradient_loss | -0.000885    |
|    std                  | 0.0406       |
|    value_loss           | 5.86         |
------------------------------------------
Eval num_timesteps=18050000, episode_reward=3284.97 +/- 302.64
Episode length: 2000.00 +/- 0.00
-----------------------------------------
| eval/                   |             |
|    mean_ep_length       | 2e+03       |
|    mean_reward          | 3.28e+03    |
| time/                   |             |
|    total_timesteps      | 18050000    |
| train/                  |             |
|    approx_kl            | 0.006476666 |
|    clip_fraction        | 0.063       |
|    clip_range           | 0.2         |
|    entropy_loss         | 3.57        |
|    explained_variance   | 0.938       |
|    learning_rate        | 0.00012     |
|    loss                 | 2.75        |
|    n_updates            | 4630        |
|    policy_gradient_loss | -0.000907   |
|    std                  | 0.0405      |
|    value_loss           | 6.8         |
-----------------------------------------
New best mean reward!
---------------------------------
| rollout/           |          |
|    ep_len_mean     | 2e+03    |
|    ep_rew_mean     | 3.18e+03 |
| time/              |          |
|    fps             | 4283     |
|    iterations      | 464      |
|    time_elapsed    | 4214     |
|    total_timesteps | 18055168 |
---------------------------------
------------------------------------------
| rollout/                |              |
|    ep_len_mean          | 2e+03        |
|    ep_rew_mean          | 3.19e+03     |
| time/                   |              |
|    fps                  | 4287         |
|    iterations           | 465          |
|    time_elapsed         | 4220         |
|    total_timesteps      | 18094080     |
| train/                  |              |
|    approx_kl            | 0.0062315743 |
|    clip_fraction        | 0.056        |
|    clip_range           | 0.2          |
|    entropy_loss         | 3.57         |
|    explained_variance   | 0.944        |
|    learning_rate        | 0.000119     |
|    loss                 | 4.58         |
|    n_updates            | 4640         |
|    policy_gradient_loss | -0.000449    |
|    std                  | 0.0407       |
|    value_loss           | 10.9         |
------------------------------------------
------------------------------------------
| rollout/                |              |
|    ep_len_mean          | 2e+03        |
|    ep_rew_mean          | 3.18e+03     |
| time/                   |              |
|    fps                  | 4291         |
|    iterations           | 466          |
|    time_elapsed         | 4225         |
|    total_timesteps      | 18132992     |
| train/                  |              |
|    approx_kl            | 0.0065191854 |
|    clip_fraction        | 0.0714       |
|    clip_range           | 0.2          |
|    entropy_loss         | 3.56         |
|    explained_variance   | 0.936        |
|    learning_rate        | 0.000119     |
|    loss                 | 1.83         |
|    n_updates            | 4650         |
|    policy_gradient_loss | -0.000966    |
|    std                  | 0.0409       |
|    value_loss           | 8.23         |
------------------------------------------
-----------------------------------------
| rollout/                |             |
|    ep_len_mean          | 2e+03       |
|    ep_rew_mean          | 3.19e+03    |
| time/                   |             |
|    fps                  | 4295        |
|    iterations           | 467         |
|    time_elapsed         | 4230        |
|    total_timesteps      | 18171904    |
| train/                  |             |
|    approx_kl            | 0.007215845 |
|    clip_fraction        | 0.0761      |
|    clip_range           | 0.2         |
|    entropy_loss         | 3.55        |
|    explained_variance   | 0.948       |
|    learning_rate        | 0.000119    |
|    loss                 | 3.98        |
|    n_updates            | 4660        |
|    policy_gradient_loss | -0.000889   |
|    std                  | 0.0411      |
|    value_loss           | 7.23        |
-----------------------------------------
----------------------------------------
| rollout/                |            |
|    ep_len_mean          | 2e+03      |
|    ep_rew_mean          | 3.17e+03   |
| time/                   |            |
|    fps                  | 4299       |
|    iterations           | 468        |
|    time_elapsed         | 4235       |
|    total_timesteps      | 18210816   |
| train/                  |            |
|    approx_kl            | 0.00582313 |
|    clip_fraction        | 0.056      |
|    clip_range           | 0.2        |
|    entropy_loss         | 3.55       |
|    explained_variance   | 0.939      |
|    learning_rate        | 0.000118   |
|    loss                 | 4.95       |
|    n_updates            | 4670       |
|    policy_gradient_loss | -0.000976  |
|    std                  | 0.0411     |
|    value_loss           | 11.8       |
----------------------------------------
Eval num_timesteps=18240000, episode_reward=3279.95 +/- 293.30
Episode length: 2000.00 +/- 0.00
------------------------------------------
| eval/                   |              |
|    mean_ep_length       | 2e+03        |
|    mean_reward          | 3.28e+03     |
| time/                   |              |
|    total_timesteps      | 18240000     |
| train/                  |              |
|    approx_kl            | 0.0060675526 |
|    clip_fraction        | 0.0634       |
|    clip_range           | 0.2          |
|    entropy_loss         | 3.55         |
|    explained_variance   | 0.933        |
|    learning_rate        | 0.000118     |
|    loss                 | 3.93         |
|    n_updates            | 4680         |
|    policy_gradient_loss | -0.000623    |
|    std                  | 0.0409       |
|    value_loss           | 10.2         |
------------------------------------------
---------------------------------
| rollout/           |          |
|    ep_len_mean     | 2e+03    |
|    ep_rew_mean     | 3.15e+03 |
| time/              |          |
|    fps             | 4284     |
|    iterations      | 469      |
|    time_elapsed    | 4259     |
|    total_timesteps | 18249728 |
---------------------------------
-----------------------------------------
| rollout/                |             |
|    ep_len_mean          | 2e+03       |
|    ep_rew_mean          | 3.16e+03    |
| time/                   |             |
|    fps                  | 4288        |
|    iterations           | 470         |
|    time_elapsed         | 4264        |
|    total_timesteps      | 18288640    |
| train/                  |             |
|    approx_kl            | 0.009896028 |
|    clip_fraction        | 0.0857      |
|    clip_range           | 0.2         |
|    entropy_loss         | 3.56        |
|    explained_variance   | 0.928       |
|    learning_rate        | 0.000118    |
|    loss                 | 4.26        |
|    n_updates            | 4690        |
|    policy_gradient_loss | -0.000793   |
|    std                  | 0.0409      |
|    value_loss           | 8.38        |
-----------------------------------------
------------------------------------------
| rollout/                |              |
|    ep_len_mean          | 2e+03        |
|    ep_rew_mean          | 3.18e+03     |
| time/                   |              |
|    fps                  | 4291         |
|    iterations           | 471          |
|    time_elapsed         | 4270         |
|    total_timesteps      | 18327552     |
| train/                  |              |
|    approx_kl            | 0.0069068805 |
|    clip_fraction        | 0.0915       |
|    clip_range           | 0.2          |
|    entropy_loss         | 3.55         |
|    explained_variance   | 0.93         |
|    learning_rate        | 0.000117     |
|    loss                 | 4.6          |
|    n_updates            | 4700         |
|    policy_gradient_loss | -0.000622    |
|    std                  | 0.041        |
|    value_loss           | 6.45         |
------------------------------------------
------------------------------------------
| rollout/                |              |
|    ep_len_mean          | 2e+03        |
|    ep_rew_mean          | 3.18e+03     |
| time/                   |              |
|    fps                  | 4295         |
|    iterations           | 472          |
|    time_elapsed         | 4275         |
|    total_timesteps      | 18366464     |
| train/                  |              |
|    approx_kl            | 0.0058336863 |
|    clip_fraction        | 0.0671       |
|    clip_range           | 0.2          |
|    entropy_loss         | 3.55         |
|    explained_variance   | 0.951        |
|    learning_rate        | 0.000117     |
|    loss                 | 4.07         |
|    n_updates            | 4710         |
|    policy_gradient_loss | 0.000193     |
|    std                  | 0.0411       |
|    value_loss           | 6.18         |
------------------------------------------
-----------------------------------------
| rollout/                |             |
|    ep_len_mean          | 2e+03       |
|    ep_rew_mean          | 3.18e+03    |
| time/                   |             |
|    fps                  | 4299        |
|    iterations           | 473         |
|    time_elapsed         | 4280        |
|    total_timesteps      | 18405376    |
| train/                  |             |
|    approx_kl            | 0.006123765 |
|    clip_fraction        | 0.0607      |
|    clip_range           | 0.2         |
|    entropy_loss         | 3.54        |
|    explained_variance   | 0.949       |
|    learning_rate        | 0.000116    |
|    loss                 | 3.72        |
|    n_updates            | 4720        |
|    policy_gradient_loss | -0.00132    |
|    std                  | 0.0412      |
|    value_loss           | 9.71        |
-----------------------------------------
Eval num_timesteps=18430000, episode_reward=3252.88 +/- 337.86
Episode length: 1987.70 +/- 37.61
-----------------------------------------
| eval/                   |             |
|    mean_ep_length       | 1.99e+03    |
|    mean_reward          | 3.25e+03    |
| time/                   |             |
|    total_timesteps      | 18430000    |
| train/                  |             |
|    approx_kl            | 0.005967945 |
|    clip_fraction        | 0.0629      |
|    clip_range           | 0.2         |
|    entropy_loss         | 3.55        |
|    explained_variance   | 0.954       |
|    learning_rate        | 0.000116    |
|    loss                 | 2.4         |
|    n_updates            | 4730        |
|    policy_gradient_loss | -0.000981   |
|    std                  | 0.041       |
|    value_loss           | 5.89        |
-----------------------------------------
---------------------------------
| rollout/           |          |
|    ep_len_mean     | 2e+03    |
|    ep_rew_mean     | 3.19e+03 |
| time/              |          |
|    fps             | 4285     |
|    iterations      | 474      |
|    time_elapsed    | 4304     |
|    total_timesteps | 18444288 |
---------------------------------
------------------------------------------
| rollout/                |              |
|    ep_len_mean          | 2e+03        |
|    ep_rew_mean          | 3.19e+03     |
| time/                   |              |
|    fps                  | 4288         |
|    iterations           | 475          |
|    time_elapsed         | 4309         |
|    total_timesteps      | 18483200     |
| train/                  |              |
|    approx_kl            | 0.0076428778 |
|    clip_fraction        | 0.0771       |
|    clip_range           | 0.2          |
|    entropy_loss         | 3.55         |
|    explained_variance   | 0.942        |
|    learning_rate        | 0.000116     |
|    loss                 | 2.92         |
|    n_updates            | 4740         |
|    policy_gradient_loss | -0.000711    |
|    std                  | 0.0411       |
|    value_loss           | 7.5          |
------------------------------------------
------------------------------------------
| rollout/                |              |
|    ep_len_mean          | 2e+03        |
|    ep_rew_mean          | 3.18e+03     |
| time/                   |              |
|    fps                  | 4292         |
|    iterations           | 476          |
|    time_elapsed         | 4314         |
|    total_timesteps      | 18522112     |
| train/                  |              |
|    approx_kl            | 0.0065651746 |
|    clip_fraction        | 0.0674       |
|    clip_range           | 0.2          |
|    entropy_loss         | 3.55         |
|    explained_variance   | 0.94         |
|    learning_rate        | 0.000115     |
|    loss                 | 3.11         |
|    n_updates            | 4750         |
|    policy_gradient_loss | -5.71e-05    |
|    std                  | 0.0411       |
|    value_loss           | 7.28         |
------------------------------------------
-----------------------------------------
| rollout/                |             |
|    ep_len_mean          | 2e+03       |
|    ep_rew_mean          | 3.18e+03    |
| time/                   |             |
|    fps                  | 4296        |
|    iterations           | 477         |
|    time_elapsed         | 4319        |
|    total_timesteps      | 18561024    |
| train/                  |             |
|    approx_kl            | 0.006811769 |
|    clip_fraction        | 0.0706      |
|    clip_range           | 0.2         |
|    entropy_loss         | 3.55        |
|    explained_variance   | 0.952       |
|    learning_rate        | 0.000115    |
|    loss                 | 4.78        |
|    n_updates            | 4760        |
|    policy_gradient_loss | -0.00117    |
|    std                  | 0.0411      |
|    value_loss           | 8.68        |
-----------------------------------------
-----------------------------------------
| rollout/                |             |
|    ep_len_mean          | 2e+03       |
|    ep_rew_mean          | 3.19e+03    |
| time/                   |             |
|    fps                  | 4300        |
|    iterations           | 478         |
|    time_elapsed         | 4325        |
|    total_timesteps      | 18599936    |
| train/                  |             |
|    approx_kl            | 0.006689199 |
|    clip_fraction        | 0.076       |
|    clip_range           | 0.2         |
|    entropy_loss         | 3.54        |
|    explained_variance   | 0.94        |
|    learning_rate        | 0.000114    |
|    loss                 | 2.44        |
|    n_updates            | 4770        |
|    policy_gradient_loss | 2.25e-05    |
|    std                  | 0.0412      |
|    value_loss           | 7.87        |
-----------------------------------------
Eval num_timesteps=18620000, episode_reward=3248.09 +/- 307.88
Episode length: 1989.70 +/- 34.02
-----------------------------------------
| eval/                   |             |
|    mean_ep_length       | 1.99e+03    |
|    mean_reward          | 3.25e+03    |
| time/                   |             |
|    total_timesteps      | 18620000    |
| train/                  |             |
|    approx_kl            | 0.005505109 |
|    clip_fraction        | 0.0534      |
|    clip_range           | 0.2         |
|    entropy_loss         | 3.54        |
|    explained_variance   | 0.955       |
|    learning_rate        | 0.000114    |
|    loss                 | 7.31        |
|    n_updates            | 4780        |
|    policy_gradient_loss | -0.000949   |
|    std                  | 0.0411      |
|    value_loss           | 9.12        |
-----------------------------------------
---------------------------------
| rollout/           |          |
|    ep_len_mean     | 2e+03    |
|    ep_rew_mean     | 3.18e+03 |
| time/              |          |
|    fps             | 4285     |
|    iterations      | 479      |
|    time_elapsed    | 4348     |
|    total_timesteps | 18638848 |
---------------------------------
------------------------------------------
| rollout/                |              |
|    ep_len_mean          | 2e+03        |
|    ep_rew_mean          | 3.16e+03     |
| time/                   |              |
|    fps                  | 4289         |
|    iterations           | 480          |
|    time_elapsed         | 4353         |
|    total_timesteps      | 18677760     |
| train/                  |              |
|    approx_kl            | 0.0066674044 |
|    clip_fraction        | 0.068        |
|    clip_range           | 0.2          |
|    entropy_loss         | 3.55         |
|    explained_variance   | 0.961        |
|    learning_rate        | 0.000114     |
|    loss                 | 2.31         |
|    n_updates            | 4790         |
|    policy_gradient_loss | -0.000997    |
|    std                  | 0.0409       |
|    value_loss           | 7.3          |
------------------------------------------
------------------------------------------
| rollout/                |              |
|    ep_len_mean          | 2e+03        |
|    ep_rew_mean          | 3.16e+03     |
| time/                   |              |
|    fps                  | 4293         |
|    iterations           | 481          |
|    time_elapsed         | 4359         |
|    total_timesteps      | 18716672     |
| train/                  |              |
|    approx_kl            | 0.0060041314 |
|    clip_fraction        | 0.0659       |
|    clip_range           | 0.2          |
|    entropy_loss         | 3.55         |
|    explained_variance   | 0.967        |
|    learning_rate        | 0.000113     |
|    loss                 | 3.81         |
|    n_updates            | 4800         |
|    policy_gradient_loss | -0.00032     |
|    std                  | 0.041        |
|    value_loss           | 7.09         |
------------------------------------------
------------------------------------------
| rollout/                |              |
|    ep_len_mean          | 2e+03        |
|    ep_rew_mean          | 3.14e+03     |
| time/                   |              |
|    fps                  | 4297         |
|    iterations           | 482          |
|    time_elapsed         | 4364         |
|    total_timesteps      | 18755584     |
| train/                  |              |
|    approx_kl            | 0.0070130043 |
|    clip_fraction        | 0.0834       |
|    clip_range           | 0.2          |
|    entropy_loss         | 3.55         |
|    explained_variance   | 0.94         |
|    learning_rate        | 0.000113     |
|    loss                 | 2.88         |
|    n_updates            | 4810         |
|    policy_gradient_loss | -0.000955    |
|    std                  | 0.041        |
|    value_loss           | 9.72         |
------------------------------------------
----------------------------------------
| rollout/                |            |
|    ep_len_mean          | 2e+03      |
|    ep_rew_mean          | 3.14e+03   |
| time/                   |            |
|    fps                  | 4301       |
|    iterations           | 483        |
|    time_elapsed         | 4369       |
|    total_timesteps      | 18794496   |
| train/                  |            |
|    approx_kl            | 0.00670384 |
|    clip_fraction        | 0.0687     |
|    clip_range           | 0.2        |
|    entropy_loss         | 3.55       |
|    explained_variance   | 0.935      |
|    learning_rate        | 0.000112   |
|    loss                 | 4.51       |
|    n_updates            | 4820       |
|    policy_gradient_loss | -0.00104   |
|    std                  | 0.041      |
|    value_loss           | 9.89       |
----------------------------------------
Eval num_timesteps=18810000, episode_reward=3212.63 +/- 357.27
Episode length: 1969.80 +/- 90.60
------------------------------------------
| eval/                   |              |
|    mean_ep_length       | 1.97e+03     |
|    mean_reward          | 3.21e+03     |
| time/                   |              |
|    total_timesteps      | 18810000     |
| train/                  |              |
|    approx_kl            | 0.0059752613 |
|    clip_fraction        | 0.0727       |
|    clip_range           | 0.2          |
|    entropy_loss         | 3.54         |
|    explained_variance   | 0.927        |
|    learning_rate        | 0.000112     |
|    loss                 | 3.66         |
|    n_updates            | 4830         |
|    policy_gradient_loss | -0.000184    |
|    std                  | 0.0414       |
|    value_loss           | 8.09         |
------------------------------------------
---------------------------------
| rollout/           |          |
|    ep_len_mean     | 2e+03    |
|    ep_rew_mean     | 3.15e+03 |
| time/              |          |
|    fps             | 4287     |
|    iterations      | 484      |
|    time_elapsed    | 4393     |
|    total_timesteps | 18833408 |
---------------------------------
----------------------------------------
| rollout/                |            |
|    ep_len_mean          | 2e+03      |
|    ep_rew_mean          | 3.16e+03   |
| time/                   |            |
|    fps                  | 4290       |
|    iterations           | 485        |
|    time_elapsed         | 4398       |
|    total_timesteps      | 18872320   |
| train/                  |            |
|    approx_kl            | 0.00582286 |
|    clip_fraction        | 0.0554     |
|    clip_range           | 0.2        |
|    entropy_loss         | 3.54       |
|    explained_variance   | 0.963      |
|    learning_rate        | 0.000112   |
|    loss                 | 3.42       |
|    n_updates            | 4840       |
|    policy_gradient_loss | -0.000437  |
|    std                  | 0.0412     |
|    value_loss           | 7.69       |
----------------------------------------
----------------------------------------
| rollout/                |            |
|    ep_len_mean          | 2e+03      |
|    ep_rew_mean          | 3.17e+03   |
| time/                   |            |
|    fps                  | 4294       |
|    iterations           | 486        |
|    time_elapsed         | 4403       |
|    total_timesteps      | 18911232   |
| train/                  |            |
|    approx_kl            | 0.00540052 |
|    clip_fraction        | 0.0578     |
|    clip_range           | 0.2        |
|    entropy_loss         | 3.54       |
|    explained_variance   | 0.964      |
|    learning_rate        | 0.000111   |
|    loss                 | 4.71       |
|    n_updates            | 4850       |
|    policy_gradient_loss | 0.000431   |
|    std                  | 0.0412     |
|    value_loss           | 6.21       |
----------------------------------------
------------------------------------------
| rollout/                |              |
|    ep_len_mean          | 2e+03        |
|    ep_rew_mean          | 3.19e+03     |
| time/                   |              |
|    fps                  | 4298         |
|    iterations           | 487          |
|    time_elapsed         | 4408         |
|    total_timesteps      | 18950144     |
| train/                  |              |
|    approx_kl            | 0.0063620717 |
|    clip_fraction        | 0.0532       |
|    clip_range           | 0.2          |
|    entropy_loss         | 3.54         |
|    explained_variance   | 0.967        |
|    learning_rate        | 0.000111     |
|    loss                 | 4.83         |
|    n_updates            | 4860         |
|    policy_gradient_loss | -0.00104     |
|    std                  | 0.0412       |
|    value_loss           | 8.02         |
------------------------------------------
------------------------------------------
| rollout/                |              |
|    ep_len_mean          | 2e+03        |
|    ep_rew_mean          | 3.2e+03      |
| time/                   |              |
|    fps                  | 4302         |
|    iterations           | 488          |
|    time_elapsed         | 4413         |
|    total_timesteps      | 18989056     |
| train/                  |              |
|    approx_kl            | 0.0062206364 |
|    clip_fraction        | 0.0766       |
|    clip_range           | 0.2          |
|    entropy_loss         | 3.54         |
|    explained_variance   | 0.932        |
|    learning_rate        | 0.00011      |
|    loss                 | 2.25         |
|    n_updates            | 4870         |
|    policy_gradient_loss | -0.000288    |
|    std                  | 0.0412       |
|    value_loss           | 9.7          |
------------------------------------------
Eval num_timesteps=19000000, episode_reward=3210.44 +/- 366.77
Episode length: 1967.50 +/- 97.55
------------------------------------------
| eval/                   |              |
|    mean_ep_length       | 1.97e+03     |
|    mean_reward          | 3.21e+03     |
| time/                   |              |
|    total_timesteps      | 19000000     |
| train/                  |              |
|    approx_kl            | 0.0068580564 |
|    clip_fraction        | 0.0519       |
|    clip_range           | 0.2          |
|    entropy_loss         | 3.54         |
|    explained_variance   | 0.952        |
|    learning_rate        | 0.00011      |
|    loss                 | 3.83         |
|    n_updates            | 4880         |
|    policy_gradient_loss | -0.000572    |
|    std                  | 0.0412       |
|    value_loss           | 9.42         |
------------------------------------------
---------------------------------
| rollout/           |          |
|    ep_len_mean     | 2e+03    |
|    ep_rew_mean     | 3.18e+03 |
| time/              |          |
|    fps             | 4288     |
|    iterations      | 489      |
|    time_elapsed    | 4437     |
|    total_timesteps | 19027968 |
---------------------------------
------------------------------------------
| rollout/                |              |
|    ep_len_mean          | 2e+03        |
|    ep_rew_mean          | 3.17e+03     |
| time/                   |              |
|    fps                  | 4291         |
|    iterations           | 490          |
|    time_elapsed         | 4442         |
|    total_timesteps      | 19066880     |
| train/                  |              |
|    approx_kl            | 0.0071233925 |
|    clip_fraction        | 0.076        |
|    clip_range           | 0.2          |
|    entropy_loss         | 3.55         |
|    explained_variance   | 0.961        |
|    learning_rate        | 0.00011      |
|    loss                 | 2.23         |
|    n_updates            | 4890         |
|    policy_gradient_loss | -0.00129     |
|    std                  | 0.041        |
|    value_loss           | 8.5          |
------------------------------------------
------------------------------------------
| rollout/                |              |
|    ep_len_mean          | 2e+03        |
|    ep_rew_mean          | 3.16e+03     |
| time/                   |              |
|    fps                  | 4295         |
|    iterations           | 491          |
|    time_elapsed         | 4447         |
|    total_timesteps      | 19105792     |
| train/                  |              |
|    approx_kl            | 0.0061740205 |
|    clip_fraction        | 0.0857       |
|    clip_range           | 0.2          |
|    entropy_loss         | 3.55         |
|    explained_variance   | 0.969        |
|    learning_rate        | 0.000109     |
|    loss                 | 2.56         |
|    n_updates            | 4900         |
|    policy_gradient_loss | -0.00112     |
|    std                  | 0.041        |
|    value_loss           | 5.41         |
------------------------------------------
-----------------------------------------
| rollout/                |             |
|    ep_len_mean          | 2e+03       |
|    ep_rew_mean          | 3.14e+03    |
| time/                   |             |
|    fps                  | 4299        |
|    iterations           | 492         |
|    time_elapsed         | 4453        |
|    total_timesteps      | 19144704    |
| train/                  |             |
|    approx_kl            | 0.007023778 |
|    clip_fraction        | 0.0837      |
|    clip_range           | 0.2         |
|    entropy_loss         | 3.54        |
|    explained_variance   | 0.915       |
|    learning_rate        | 0.000109    |
|    loss                 | 5.98        |
|    n_updates            | 4910        |
|    policy_gradient_loss | -0.00101    |
|    std                  | 0.0415      |
|    value_loss           | 9.1         |
-----------------------------------------
-----------------------------------------
| rollout/                |             |
|    ep_len_mean          | 2e+03       |
|    ep_rew_mean          | 3.15e+03    |
| time/                   |             |
|    fps                  | 4302        |
|    iterations           | 493         |
|    time_elapsed         | 4458        |
|    total_timesteps      | 19183616    |
| train/                  |             |
|    approx_kl            | 0.006369406 |
|    clip_fraction        | 0.0718      |
|    clip_range           | 0.2         |
|    entropy_loss         | 3.53        |
|    explained_variance   | 0.93        |
|    learning_rate        | 0.000109    |
|    loss                 | 6.36        |
|    n_updates            | 4920        |
|    policy_gradient_loss | -0.000901   |
|    std                  | 0.0413      |
|    value_loss           | 10.7        |
-----------------------------------------
Eval num_timesteps=19190000, episode_reward=3203.18 +/- 355.32
Episode length: 1972.60 +/- 82.21
-----------------------------------------
| eval/                   |             |
|    mean_ep_length       | 1.97e+03    |
|    mean_reward          | 3.2e+03     |
| time/                   |             |
|    total_timesteps      | 19190000    |
| train/                  |             |
|    approx_kl            | 0.006925273 |
|    clip_fraction        | 0.0659      |
|    clip_range           | 0.2         |
|    entropy_loss         | 3.54        |
|    explained_variance   | 0.964       |
|    learning_rate        | 0.000108    |
|    loss                 | 6.01        |
|    n_updates            | 4930        |
|    policy_gradient_loss | -0.000827   |
|    std                  | 0.0412      |
|    value_loss           | 6.68        |
-----------------------------------------
---------------------------------
| rollout/           |          |
|    ep_len_mean     | 2e+03    |
|    ep_rew_mean     | 3.16e+03 |
| time/              |          |
|    fps             | 4288     |
|    iterations      | 494      |
|    time_elapsed    | 4481     |
|    total_timesteps | 19222528 |
---------------------------------
------------------------------------------
| rollout/                |              |
|    ep_len_mean          | 2e+03        |
|    ep_rew_mean          | 3.15e+03     |
| time/                   |              |
|    fps                  | 4292         |
|    iterations           | 495          |
|    time_elapsed         | 4487         |
|    total_timesteps      | 19261440     |
| train/                  |              |
|    approx_kl            | 0.0063567804 |
|    clip_fraction        | 0.0689       |
|    clip_range           | 0.2          |
|    entropy_loss         | 3.54         |
|    explained_variance   | 0.931        |
|    learning_rate        | 0.000108     |
|    loss                 | 6.97         |
|    n_updates            | 4940         |
|    policy_gradient_loss | -0.00051     |
|    std                  | 0.0413       |
|    value_loss           | 8.52         |
------------------------------------------
-----------------------------------------
| rollout/                |             |
|    ep_len_mean          | 2e+03       |
|    ep_rew_mean          | 3.14e+03    |
| time/                   |             |
|    fps                  | 4296        |
|    iterations           | 496         |
|    time_elapsed         | 4492        |
|    total_timesteps      | 19300352    |
| train/                  |             |
|    approx_kl            | 0.006314496 |
|    clip_fraction        | 0.062       |
|    clip_range           | 0.2         |
|    entropy_loss         | 3.53        |
|    explained_variance   | 0.943       |
|    learning_rate        | 0.000107    |
|    loss                 | 6.02        |
|    n_updates            | 4950        |
|    policy_gradient_loss | -0.00121    |
|    std                  | 0.0414      |
|    value_loss           | 9.52        |
-----------------------------------------
-----------------------------------------
| rollout/                |             |
|    ep_len_mean          | 2e+03       |
|    ep_rew_mean          | 3.18e+03    |
| time/                   |             |
|    fps                  | 4300        |
|    iterations           | 497         |
|    time_elapsed         | 4497        |
|    total_timesteps      | 19339264    |
| train/                  |             |
|    approx_kl            | 0.005646402 |
|    clip_fraction        | 0.0685      |
|    clip_range           | 0.2         |
|    entropy_loss         | 3.53        |
|    explained_variance   | 0.946       |
|    learning_rate        | 0.000107    |
|    loss                 | 9.92        |
|    n_updates            | 4960        |
|    policy_gradient_loss | -0.0012     |
|    std                  | 0.0414      |
|    value_loss           | 6.65        |
-----------------------------------------
------------------------------------------
| rollout/                |              |
|    ep_len_mean          | 2e+03        |
|    ep_rew_mean          | 3.17e+03     |
| time/                   |              |
|    fps                  | 4303         |
|    iterations           | 498          |
|    time_elapsed         | 4502         |
|    total_timesteps      | 19378176     |
| train/                  |              |
|    approx_kl            | 0.0060384525 |
|    clip_fraction        | 0.0549       |
|    clip_range           | 0.2          |
|    entropy_loss         | 3.52         |
|    explained_variance   | 0.948        |
|    learning_rate        | 0.000107     |
|    loss                 | 1.76         |
|    n_updates            | 4970         |
|    policy_gradient_loss | -0.000947    |
|    std                  | 0.0417       |
|    value_loss           | 7.33         |
------------------------------------------
Eval num_timesteps=19380000, episode_reward=3309.70 +/- 259.10
Episode length: 2000.00 +/- 0.00
------------------------------------------
| eval/                   |              |
|    mean_ep_length       | 2e+03        |
|    mean_reward          | 3.31e+03     |
| time/                   |              |
|    total_timesteps      | 19380000     |
| train/                  |              |
|    approx_kl            | 0.0058869426 |
|    clip_fraction        | 0.0689       |
|    clip_range           | 0.2          |
|    entropy_loss         | 3.52         |
|    explained_variance   | 0.924        |
|    learning_rate        | 0.000106     |
|    loss                 | 4.3          |
|    n_updates            | 4980         |
|    policy_gradient_loss | -0.00127     |
|    std                  | 0.0418       |
|    value_loss           | 7.65         |
------------------------------------------
New best mean reward!
---------------------------------
| rollout/           |          |
|    ep_len_mean     | 2e+03    |
|    ep_rew_mean     | 3.17e+03 |
| time/              |          |
|    fps             | 4289     |
|    iterations      | 499      |
|    time_elapsed    | 4526     |
|    total_timesteps | 19417088 |
---------------------------------
------------------------------------------
| rollout/                |              |
|    ep_len_mean          | 2e+03        |
|    ep_rew_mean          | 3.18e+03     |
| time/                   |              |
|    fps                  | 4293         |
|    iterations           | 500          |
|    time_elapsed         | 4531         |
|    total_timesteps      | 19456000     |
| train/                  |              |
|    approx_kl            | 0.0057217367 |
|    clip_fraction        | 0.0557       |
|    clip_range           | 0.2          |
|    entropy_loss         | 3.51         |
|    explained_variance   | 0.965        |
|    learning_rate        | 0.000106     |
|    loss                 | 3.84         |
|    n_updates            | 4990         |
|    policy_gradient_loss | -0.00127     |
|    std                  | 0.0417       |
|    value_loss           | 7.32         |
------------------------------------------
----------------------------------------
| rollout/                |            |
|    ep_len_mean          | 2e+03      |
|    ep_rew_mean          | 3.2e+03    |
| time/                   |            |
|    fps                  | 4296       |
|    iterations           | 501        |
|    time_elapsed         | 4536       |
|    total_timesteps      | 19494912   |
| train/                  |            |
|    approx_kl            | 0.00566885 |
|    clip_fraction        | 0.0581     |
|    clip_range           | 0.2        |
|    entropy_loss         | 3.52       |
|    explained_variance   | 0.964      |
|    learning_rate        | 0.000105   |
|    loss                 | 2.35       |
|    n_updates            | 5000       |
|    policy_gradient_loss | -0.000714  |
|    std                  | 0.0416     |
|    value_loss           | 6.04       |
----------------------------------------
-----------------------------------------
| rollout/                |             |
|    ep_len_mean          | 2e+03       |
|    ep_rew_mean          | 3.19e+03    |
| time/                   |             |
|    fps                  | 4300        |
|    iterations           | 502         |
|    time_elapsed         | 4542        |
|    total_timesteps      | 19533824    |
| train/                  |             |
|    approx_kl            | 0.007586319 |
|    clip_fraction        | 0.0566      |
|    clip_range           | 0.2         |
|    entropy_loss         | 3.52        |
|    explained_variance   | 0.962       |
|    learning_rate        | 0.000105    |
|    loss                 | 6.24        |
|    n_updates            | 5010        |
|    policy_gradient_loss | -0.001      |
|    std                  | 0.0417      |
|    value_loss           | 7.52        |
-----------------------------------------
Eval num_timesteps=19570000, episode_reward=3311.21 +/- 272.37
Episode length: 2000.00 +/- 0.00
-----------------------------------------
| eval/                   |             |
|    mean_ep_length       | 2e+03       |
|    mean_reward          | 3.31e+03    |
| time/                   |             |
|    total_timesteps      | 19570000    |
| train/                  |             |
|    approx_kl            | 0.006534113 |
|    clip_fraction        | 0.0767      |
|    clip_range           | 0.2         |
|    entropy_loss         | 3.52        |
|    explained_variance   | 0.936       |
|    learning_rate        | 0.000105    |
|    loss                 | 3.54        |
|    n_updates            | 5020        |
|    policy_gradient_loss | -0.000299   |
|    std                  | 0.0415      |
|    value_loss           | 8.26        |
-----------------------------------------
New best mean reward!
---------------------------------
| rollout/           |          |
|    ep_len_mean     | 2e+03    |
|    ep_rew_mean     | 3.18e+03 |
| time/              |          |
|    fps             | 4286     |
|    iterations      | 503      |
|    time_elapsed    | 4565     |
|    total_timesteps | 19572736 |
---------------------------------
-----------------------------------------
| rollout/                |             |
|    ep_len_mean          | 2e+03       |
|    ep_rew_mean          | 3.19e+03    |
| time/                   |             |
|    fps                  | 4290        |
|    iterations           | 504         |
|    time_elapsed         | 4571        |
|    total_timesteps      | 19611648    |
| train/                  |             |
|    approx_kl            | 0.007894632 |
|    clip_fraction        | 0.0833      |
|    clip_range           | 0.2         |
|    entropy_loss         | 3.52        |
|    explained_variance   | 0.931       |
|    learning_rate        | 0.000104    |
|    loss                 | 2.93        |
|    n_updates            | 5030        |
|    policy_gradient_loss | -0.000839   |
|    std                  | 0.0417      |
|    value_loss           | 7.86        |
-----------------------------------------
-----------------------------------------
| rollout/                |             |
|    ep_len_mean          | 2e+03       |
|    ep_rew_mean          | 3.19e+03    |
| time/                   |             |
|    fps                  | 4293        |
|    iterations           | 505         |
|    time_elapsed         | 4576        |
|    total_timesteps      | 19650560    |
| train/                  |             |
|    approx_kl            | 0.007238497 |
|    clip_fraction        | 0.0669      |
|    clip_range           | 0.2         |
|    entropy_loss         | 3.52        |
|    explained_variance   | 0.965       |
|    learning_rate        | 0.000104    |
|    loss                 | 2.04        |
|    n_updates            | 5040        |
|    policy_gradient_loss | -0.00209    |
|    std                  | 0.0416      |
|    value_loss           | 6.63        |
-----------------------------------------
------------------------------------------
| rollout/                |              |
|    ep_len_mean          | 2e+03        |
|    ep_rew_mean          | 3.19e+03     |
| time/                   |              |
|    fps                  | 4297         |
|    iterations           | 506          |
|    time_elapsed         | 4581         |
|    total_timesteps      | 19689472     |
| train/                  |              |
|    approx_kl            | 0.0060009714 |
|    clip_fraction        | 0.0614       |
|    clip_range           | 0.2          |
|    entropy_loss         | 3.52         |
|    explained_variance   | 0.952        |
|    learning_rate        | 0.000103     |
|    loss                 | 3.43         |
|    n_updates            | 5050         |
|    policy_gradient_loss | -0.000896    |
|    std                  | 0.0417       |
|    value_loss           | 7.3          |
------------------------------------------
------------------------------------------
| rollout/                |              |
|    ep_len_mean          | 2e+03        |
|    ep_rew_mean          | 3.19e+03     |
| time/                   |              |
|    fps                  | 4301         |
|    iterations           | 507          |
|    time_elapsed         | 4586         |
|    total_timesteps      | 19728384     |
| train/                  |              |
|    approx_kl            | 0.0062444247 |
|    clip_fraction        | 0.073        |
|    clip_range           | 0.2          |
|    entropy_loss         | 3.52         |
|    explained_variance   | 0.947        |
|    learning_rate        | 0.000103     |
|    loss                 | 2.22         |
|    n_updates            | 5060         |
|    policy_gradient_loss | -0.000803    |
|    std                  | 0.0416       |
|    value_loss           | 6.89         |
------------------------------------------
Eval num_timesteps=19760000, episode_reward=3295.87 +/- 283.18
Episode length: 2000.00 +/- 0.00
------------------------------------------
| eval/                   |              |
|    mean_ep_length       | 2e+03        |
|    mean_reward          | 3.3e+03      |
| time/                   |              |
|    total_timesteps      | 19760000     |
| train/                  |              |
|    approx_kl            | 0.0059700403 |
|    clip_fraction        | 0.0712       |
|    clip_range           | 0.2          |
|    entropy_loss         | 3.52         |
|    explained_variance   | 0.925        |
|    learning_rate        | 0.000103     |
|    loss                 | 10.4         |
|    n_updates            | 5070         |
|    policy_gradient_loss | -0.00103     |
|    std                  | 0.0417       |
|    value_loss           | 9.6          |
------------------------------------------
---------------------------------
| rollout/           |          |
|    ep_len_mean     | 2e+03    |
|    ep_rew_mean     | 3.2e+03  |
| time/              |          |
|    fps             | 4287     |
|    iterations      | 508      |
|    time_elapsed    | 4610     |
|    total_timesteps | 19767296 |
---------------------------------
------------------------------------------
| rollout/                |              |
|    ep_len_mean          | 2e+03        |
|    ep_rew_mean          | 3.2e+03      |
| time/                   |              |
|    fps                  | 4290         |
|    iterations           | 509          |
|    time_elapsed         | 4615         |
|    total_timesteps      | 19806208     |
| train/                  |              |
|    approx_kl            | 0.0077953227 |
|    clip_fraction        | 0.0781       |
|    clip_range           | 0.2          |
|    entropy_loss         | 3.52         |
|    explained_variance   | 0.931        |
|    learning_rate        | 0.000102     |
|    loss                 | 3.74         |
|    n_updates            | 5080         |
|    policy_gradient_loss | -0.000528    |
|    std                  | 0.0418       |
|    value_loss           | 8.9          |
------------------------------------------
-----------------------------------------
| rollout/                |             |
|    ep_len_mean          | 2e+03       |
|    ep_rew_mean          | 3.19e+03    |
| time/                   |             |
|    fps                  | 4294        |
|    iterations           | 510         |
|    time_elapsed         | 4620        |
|    total_timesteps      | 19845120    |
| train/                  |             |
|    approx_kl            | 0.008882627 |
|    clip_fraction        | 0.0821      |
|    clip_range           | 0.2         |
|    entropy_loss         | 3.51        |
|    explained_variance   | 0.919       |
|    learning_rate        | 0.000102    |
|    loss                 | 3.96        |
|    n_updates            | 5090        |
|    policy_gradient_loss | -0.0016     |
|    std                  | 0.0421      |
|    value_loss           | 7.95        |
-----------------------------------------
-----------------------------------------
| rollout/                |             |
|    ep_len_mean          | 2e+03       |
|    ep_rew_mean          | 3.2e+03     |
| time/                   |             |
|    fps                  | 4298        |
|    iterations           | 511         |
|    time_elapsed         | 4626        |
|    total_timesteps      | 19884032    |
| train/                  |             |
|    approx_kl            | 0.006287473 |
|    clip_fraction        | 0.0676      |
|    clip_range           | 0.2         |
|    entropy_loss         | 3.5         |
|    explained_variance   | 0.926       |
|    learning_rate        | 0.000102    |
|    loss                 | 6.78        |
|    n_updates            | 5100        |
|    policy_gradient_loss | -0.000937   |
|    std                  | 0.0421      |
|    value_loss           | 8.78        |
-----------------------------------------
-----------------------------------------
| rollout/                |             |
|    ep_len_mean          | 2e+03       |
|    ep_rew_mean          | 3.19e+03    |
| time/                   |             |
|    fps                  | 4301        |
|    iterations           | 512         |
|    time_elapsed         | 4631        |
|    total_timesteps      | 19922944    |
| train/                  |             |
|    approx_kl            | 0.006735277 |
|    clip_fraction        | 0.0614      |
|    clip_range           | 0.2         |
|    entropy_loss         | 3.49        |
|    explained_variance   | 0.911       |
|    learning_rate        | 0.000101    |
|    loss                 | 7.03        |
|    n_updates            | 5110        |
|    policy_gradient_loss | -0.00125    |
|    std                  | 0.0423      |
|    value_loss           | 10.1        |
-----------------------------------------
Eval num_timesteps=19950000, episode_reward=3278.60 +/- 283.12
Episode length: 2000.00 +/- 0.00
------------------------------------------
| eval/                   |              |
|    mean_ep_length       | 2e+03        |
|    mean_reward          | 3.28e+03     |
| time/                   |              |
|    total_timesteps      | 19950000     |
| train/                  |              |
|    approx_kl            | 0.0067675654 |
|    clip_fraction        | 0.0608       |
|    clip_range           | 0.2          |
|    entropy_loss         | 3.49         |
|    explained_variance   | 0.939        |
|    learning_rate        | 0.000101     |
|    loss                 | 2.89         |
|    n_updates            | 5120         |
|    policy_gradient_loss | -0.00114     |
|    std                  | 0.0421       |
|    value_loss           | 7.08         |
------------------------------------------
---------------------------------
| rollout/           |          |
|    ep_len_mean     | 2e+03    |
|    ep_rew_mean     | 3.18e+03 |
| time/              |          |
|    fps             | 4287     |
|    iterations      | 513      |
|    time_elapsed    | 4655     |
|    total_timesteps | 19961856 |
---------------------------------
-----------------------------------------
| rollout/                |             |
|    ep_len_mean          | 2e+03       |
|    ep_rew_mean          | 3.18e+03    |
| time/                   |             |
|    fps                  | 4291        |
|    iterations           | 514         |
|    time_elapsed         | 4660        |
|    total_timesteps      | 20000768    |
| train/                  |             |
|    approx_kl            | 0.006135769 |
|    clip_fraction        | 0.0704      |
|    clip_range           | 0.2         |
|    entropy_loss         | 3.5         |
|    explained_variance   | 0.944       |
|    learning_rate        | 0.0001      |
|    loss                 | 4.55        |
|    n_updates            | 5130        |
|    policy_gradient_loss | -0.00147    |
|    std                  | 0.042       |
|    value_loss           | 8.99        |
-----------------------------------------
------------------------------------------
| rollout/                |              |
|    ep_len_mean          | 2e+03        |
|    ep_rew_mean          | 3.17e+03     |
| time/                   |              |
|    fps                  | 4294         |
|    iterations           | 515          |
|    time_elapsed         | 4665         |
|    total_timesteps      | 20039680     |
| train/                  |              |
|    approx_kl            | 0.0062831505 |
|    clip_fraction        | 0.0763       |
|    clip_range           | 0.2          |
|    entropy_loss         | 3.51         |
|    explained_variance   | 0.927        |
|    learning_rate        | 0.0001       |
|    loss                 | 7.05         |
|    n_updates            | 5140         |
|    policy_gradient_loss | -0.000585    |
|    std                  | 0.0418       |
|    value_loss           | 8.66         |
------------------------------------------
-----------------------------------------
| rollout/                |             |
|    ep_len_mean          | 2e+03       |
|    ep_rew_mean          | 3.17e+03    |
| time/                   |             |
|    fps                  | 4298        |
|    iterations           | 516         |
|    time_elapsed         | 4671        |
|    total_timesteps      | 20078592    |
| train/                  |             |
|    approx_kl            | 0.007696508 |
|    clip_fraction        | 0.0758      |
|    clip_range           | 0.2         |
|    entropy_loss         | 3.52        |
|    explained_variance   | 0.924       |
|    learning_rate        | 9.96e-05    |
|    loss                 | 1.74        |
|    n_updates            | 5150        |
|    policy_gradient_loss | -0.00134    |
|    std                  | 0.0417      |
|    value_loss           | 6.98        |
-----------------------------------------
------------------------------------------
| rollout/                |              |
|    ep_len_mean          | 2e+03        |
|    ep_rew_mean          | 3.18e+03     |
| time/                   |              |
|    fps                  | 4301         |
|    iterations           | 517          |
|    time_elapsed         | 4676         |
|    total_timesteps      | 20117504     |
| train/                  |              |
|    approx_kl            | 0.0071707377 |
|    clip_fraction        | 0.0712       |
|    clip_range           | 0.2          |
|    entropy_loss         | 3.52         |
|    explained_variance   | 0.93         |
|    learning_rate        | 9.92e-05     |
|    loss                 | 1.89         |
|    n_updates            | 5160         |
|    policy_gradient_loss | -0.00115     |
|    std                  | 0.0416       |
|    value_loss           | 7.4          |
------------------------------------------
Eval num_timesteps=20140000, episode_reward=3240.76 +/- 298.32
Episode length: 2000.00 +/- 0.00
-----------------------------------------
| eval/                   |             |
|    mean_ep_length       | 2e+03       |
|    mean_reward          | 3.24e+03    |
| time/                   |             |
|    total_timesteps      | 20140000    |
| train/                  |             |
|    approx_kl            | 0.006944181 |
|    clip_fraction        | 0.0744      |
|    clip_range           | 0.2         |
|    entropy_loss         | 3.52        |
|    explained_variance   | 0.91        |
|    learning_rate        | 9.88e-05    |
|    loss                 | 2.32        |
|    n_updates            | 5170        |
|    policy_gradient_loss | -0.0016     |
|    std                  | 0.0416      |
|    value_loss           | 8.78        |
-----------------------------------------
---------------------------------
| rollout/           |          |
|    ep_len_mean     | 2e+03    |
|    ep_rew_mean     | 3.19e+03 |
| time/              |          |
|    fps             | 4288     |
|    iterations      | 518      |
|    time_elapsed    | 4700     |
|    total_timesteps | 20156416 |
---------------------------------
-----------------------------------------
| rollout/                |             |
|    ep_len_mean          | 2e+03       |
|    ep_rew_mean          | 3.18e+03    |
| time/                   |             |
|    fps                  | 4291        |
|    iterations           | 519         |
|    time_elapsed         | 4705        |
|    total_timesteps      | 20195328    |
| train/                  |             |
|    approx_kl            | 0.007012994 |
|    clip_fraction        | 0.0855      |
|    clip_range           | 0.2         |
|    entropy_loss         | 3.52        |
|    explained_variance   | 0.924       |
|    learning_rate        | 9.84e-05    |
|    loss                 | 4.4         |
|    n_updates            | 5180        |
|    policy_gradient_loss | -0.00118    |
|    std                  | 0.0416      |
|    value_loss           | 7.55        |
-----------------------------------------
-----------------------------------------
| rollout/                |             |
|    ep_len_mean          | 2e+03       |
|    ep_rew_mean          | 3.17e+03    |
| time/                   |             |
|    fps                  | 4295        |
|    iterations           | 520         |
|    time_elapsed         | 4710        |
|    total_timesteps      | 20234240    |
| train/                  |             |
|    approx_kl            | 0.006448905 |
|    clip_fraction        | 0.0597      |
|    clip_range           | 0.2         |
|    entropy_loss         | 3.52        |
|    explained_variance   | 0.928       |
|    learning_rate        | 9.8e-05     |
|    loss                 | 3.85        |
|    n_updates            | 5190        |
|    policy_gradient_loss | -0.000791   |
|    std                  | 0.0416      |
|    value_loss           | 8.47        |
-----------------------------------------
------------------------------------------
| rollout/                |              |
|    ep_len_mean          | 2e+03        |
|    ep_rew_mean          | 3.16e+03     |
| time/                   |              |
|    fps                  | 4298         |
|    iterations           | 521          |
|    time_elapsed         | 4715         |
|    total_timesteps      | 20273152     |
| train/                  |              |
|    approx_kl            | 0.0074146916 |
|    clip_fraction        | 0.0691       |
|    clip_range           | 0.2          |
|    entropy_loss         | 3.52         |
|    explained_variance   | 0.932        |
|    learning_rate        | 9.77e-05     |
|    loss                 | 4.63         |
|    n_updates            | 5200         |
|    policy_gradient_loss | -0.00098     |
|    std                  | 0.0416       |
|    value_loss           | 8.63         |
------------------------------------------
------------------------------------------
| rollout/                |              |
|    ep_len_mean          | 2e+03        |
|    ep_rew_mean          | 3.17e+03     |
| time/                   |              |
|    fps                  | 4302         |
|    iterations           | 522          |
|    time_elapsed         | 4721         |
|    total_timesteps      | 20312064     |
| train/                  |              |
|    approx_kl            | 0.0058171162 |
|    clip_fraction        | 0.0612       |
|    clip_range           | 0.2          |
|    entropy_loss         | 3.53         |
|    explained_variance   | 0.942        |
|    learning_rate        | 9.73e-05     |
|    loss                 | 2.22         |
|    n_updates            | 5210         |
|    policy_gradient_loss | -0.000671    |
|    std                  | 0.0414       |
|    value_loss           | 5.73         |
------------------------------------------
Eval num_timesteps=20330000, episode_reward=3258.48 +/- 296.03
Episode length: 2000.00 +/- 0.00
------------------------------------------
| eval/                   |              |
|    mean_ep_length       | 2e+03        |
|    mean_reward          | 3.26e+03     |
| time/                   |              |
|    total_timesteps      | 20330000     |
| train/                  |              |
|    approx_kl            | 0.0068331854 |
|    clip_fraction        | 0.0756       |
|    clip_range           | 0.2          |
|    entropy_loss         | 3.52         |
|    explained_variance   | 0.922        |
|    learning_rate        | 9.69e-05     |
|    loss                 | 4.82         |
|    n_updates            | 5220         |
|    policy_gradient_loss | -0.00141     |
|    std                  | 0.0417       |
|    value_loss           | 7.84         |
------------------------------------------
---------------------------------
| rollout/           |          |
|    ep_len_mean     | 2e+03    |
|    ep_rew_mean     | 3.17e+03 |
| time/              |          |
|    fps             | 4288     |
|    iterations      | 523      |
|    time_elapsed    | 4744     |
|    total_timesteps | 20350976 |
---------------------------------
-----------------------------------------
| rollout/                |             |
|    ep_len_mean          | 2e+03       |
|    ep_rew_mean          | 3.17e+03    |
| time/                   |             |
|    fps                  | 4292        |
|    iterations           | 524         |
|    time_elapsed         | 4750        |
|    total_timesteps      | 20389888    |
| train/                  |             |
|    approx_kl            | 0.005799527 |
|    clip_fraction        | 0.0603      |
|    clip_range           | 0.2         |
|    entropy_loss         | 3.52        |
|    explained_variance   | 0.921       |
|    learning_rate        | 9.65e-05    |
|    loss                 | 2.29        |
|    n_updates            | 5230        |
|    policy_gradient_loss | -0.000954   |
|    std                  | 0.0417      |
|    value_loss           | 8.02        |
-----------------------------------------
-----------------------------------------
| rollout/                |             |
|    ep_len_mean          | 2e+03       |
|    ep_rew_mean          | 3.18e+03    |
| time/                   |             |
|    fps                  | 4295        |
|    iterations           | 525         |
|    time_elapsed         | 4755        |
|    total_timesteps      | 20428800    |
| train/                  |             |
|    approx_kl            | 0.006417183 |
|    clip_fraction        | 0.0605      |
|    clip_range           | 0.2         |
|    entropy_loss         | 3.51        |
|    explained_variance   | 0.924       |
|    learning_rate        | 9.61e-05    |
|    loss                 | 2.96        |
|    n_updates            | 5240        |
|    policy_gradient_loss | -0.000832   |
|    std                  | 0.0418      |
|    value_loss           | 7.8         |
-----------------------------------------
------------------------------------------
| rollout/                |              |
|    ep_len_mean          | 2e+03        |
|    ep_rew_mean          | 3.18e+03     |
| time/                   |              |
|    fps                  | 4299         |
|    iterations           | 526          |
|    time_elapsed         | 4760         |
|    total_timesteps      | 20467712     |
| train/                  |              |
|    approx_kl            | 0.0055985963 |
|    clip_fraction        | 0.0626       |
|    clip_range           | 0.2          |
|    entropy_loss         | 3.52         |
|    explained_variance   | 0.929        |
|    learning_rate        | 9.57e-05     |
|    loss                 | 2.21         |
|    n_updates            | 5250         |
|    policy_gradient_loss | -0.00175     |
|    std                  | 0.0417       |
|    value_loss           | 7.33         |
------------------------------------------
------------------------------------------
| rollout/                |              |
|    ep_len_mean          | 2e+03        |
|    ep_rew_mean          | 3.17e+03     |
| time/                   |              |
|    fps                  | 4302         |
|    iterations           | 527          |
|    time_elapsed         | 4765         |
|    total_timesteps      | 20506624     |
| train/                  |              |
|    approx_kl            | 0.0060503064 |
|    clip_fraction        | 0.0616       |
|    clip_range           | 0.2          |
|    entropy_loss         | 3.51         |
|    explained_variance   | 0.929        |
|    learning_rate        | 9.53e-05     |
|    loss                 | 2.29         |
|    n_updates            | 5260         |
|    policy_gradient_loss | -0.00127     |
|    std                  | 0.0418       |
|    value_loss           | 6.74         |
------------------------------------------
Eval num_timesteps=20520000, episode_reward=3245.89 +/- 317.48
Episode length: 2000.00 +/- 0.00
------------------------------------------
| eval/                   |              |
|    mean_ep_length       | 2e+03        |
|    mean_reward          | 3.25e+03     |
| time/                   |              |
|    total_timesteps      | 20520000     |
| train/                  |              |
|    approx_kl            | 0.0055292733 |
|    clip_fraction        | 0.0668       |
|    clip_range           | 0.2          |
|    entropy_loss         | 3.5          |
|    explained_variance   | 0.919        |
|    learning_rate        | 9.49e-05     |
|    loss                 | 5.65         |
|    n_updates            | 5270         |
|    policy_gradient_loss | -0.000738    |
|    std                  | 0.0422       |
|    value_loss           | 8.07         |
------------------------------------------
---------------------------------
| rollout/           |          |
|    ep_len_mean     | 2e+03    |
|    ep_rew_mean     | 3.18e+03 |
| time/              |          |
|    fps             | 4289     |
|    iterations      | 528      |
|    time_elapsed    | 4790     |
|    total_timesteps | 20545536 |
---------------------------------
------------------------------------------
| rollout/                |              |
|    ep_len_mean          | 2e+03        |
|    ep_rew_mean          | 3.19e+03     |
| time/                   |              |
|    fps                  | 4292         |
|    iterations           | 529          |
|    time_elapsed         | 4795         |
|    total_timesteps      | 20584448     |
| train/                  |              |
|    approx_kl            | 0.0063337656 |
|    clip_fraction        | 0.0701       |
|    clip_range           | 0.2          |
|    entropy_loss         | 3.48         |
|    explained_variance   | 0.924        |
|    learning_rate        | 9.45e-05     |
|    loss                 | 2.94         |
|    n_updates            | 5280         |
|    policy_gradient_loss | -0.00143     |
|    std                  | 0.0426       |
|    value_loss           | 8.68         |
------------------------------------------
-----------------------------------------
| rollout/                |             |
|    ep_len_mean          | 2e+03       |
|    ep_rew_mean          | 3.18e+03    |
| time/                   |             |
|    fps                  | 4295        |
|    iterations           | 530         |
|    time_elapsed         | 4800        |
|    total_timesteps      | 20623360    |
| train/                  |             |
|    approx_kl            | 0.004920141 |
|    clip_fraction        | 0.0555      |
|    clip_range           | 0.2         |
|    entropy_loss         | 3.48        |
|    explained_variance   | 0.913       |
|    learning_rate        | 9.42e-05    |
|    loss                 | 3.88        |
|    n_updates            | 5290        |
|    policy_gradient_loss | -0.000696   |
|    std                  | 0.0424      |
|    value_loss           | 7.1         |
-----------------------------------------
-----------------------------------------
| rollout/                |             |
|    ep_len_mean          | 2e+03       |
|    ep_rew_mean          | 3.17e+03    |
| time/                   |             |
|    fps                  | 4299        |
|    iterations           | 531         |
|    time_elapsed         | 4805        |
|    total_timesteps      | 20662272    |
| train/                  |             |
|    approx_kl            | 0.005689181 |
|    clip_fraction        | 0.0575      |
|    clip_range           | 0.2         |
|    entropy_loss         | 3.48        |
|    explained_variance   | 0.909       |
|    learning_rate        | 9.38e-05    |
|    loss                 | 7.17        |
|    n_updates            | 5300        |
|    policy_gradient_loss | -0.000922   |
|    std                  | 0.0427      |
|    value_loss           | 10.9        |
-----------------------------------------
------------------------------------------
| rollout/                |              |
|    ep_len_mean          | 2e+03        |
|    ep_rew_mean          | 3.18e+03     |
| time/                   |              |
|    fps                  | 4302         |
|    iterations           | 532          |
|    time_elapsed         | 4811         |
|    total_timesteps      | 20701184     |
| train/                  |              |
|    approx_kl            | 0.0068020364 |
|    clip_fraction        | 0.0655       |
|    clip_range           | 0.2          |
|    entropy_loss         | 3.47         |
|    explained_variance   | 0.922        |
|    learning_rate        | 9.34e-05     |
|    loss                 | 3.28         |
|    n_updates            | 5310         |
|    policy_gradient_loss | -0.00126     |
|    std                  | 0.0427       |
|    value_loss           | 10.5         |
------------------------------------------
Eval num_timesteps=20710000, episode_reward=3239.13 +/- 323.41
Episode length: 2000.00 +/- 0.00
------------------------------------------
| eval/                   |              |
|    mean_ep_length       | 2e+03        |
|    mean_reward          | 3.24e+03     |
| time/                   |              |
|    total_timesteps      | 20710000     |
| train/                  |              |
|    approx_kl            | 0.0062034186 |
|    clip_fraction        | 0.0653       |
|    clip_range           | 0.2          |
|    entropy_loss         | 3.47         |
|    explained_variance   | 0.928        |
|    learning_rate        | 9.3e-05      |
|    loss                 | 3.87         |
|    n_updates            | 5320         |
|    policy_gradient_loss | -0.00112     |
|    std                  | 0.0426       |
|    value_loss           | 6.22         |
------------------------------------------
---------------------------------
| rollout/           |          |
|    ep_len_mean     | 2e+03    |
|    ep_rew_mean     | 3.17e+03 |
| time/              |          |
|    fps             | 4289     |
|    iterations      | 533      |
|    time_elapsed    | 4835     |
|    total_timesteps | 20740096 |
---------------------------------
------------------------------------------
| rollout/                |              |
|    ep_len_mean          | 2e+03        |
|    ep_rew_mean          | 3.17e+03     |
| time/                   |              |
|    fps                  | 4292         |
|    iterations           | 534          |
|    time_elapsed         | 4840         |
|    total_timesteps      | 20779008     |
| train/                  |              |
|    approx_kl            | 0.0067412863 |
|    clip_fraction        | 0.0748       |
|    clip_range           | 0.2          |
|    entropy_loss         | 3.47         |
|    explained_variance   | 0.916        |
|    learning_rate        | 9.26e-05     |
|    loss                 | 2.8          |
|    n_updates            | 5330         |
|    policy_gradient_loss | -0.00102     |
|    std                  | 0.0428       |
|    value_loss           | 8.91         |
------------------------------------------
------------------------------------------
| rollout/                |              |
|    ep_len_mean          | 2e+03        |
|    ep_rew_mean          | 3.19e+03     |
| time/                   |              |
|    fps                  | 4296         |
|    iterations           | 535          |
|    time_elapsed         | 4845         |
|    total_timesteps      | 20817920     |
| train/                  |              |
|    approx_kl            | 0.0055553056 |
|    clip_fraction        | 0.0667       |
|    clip_range           | 0.2          |
|    entropy_loss         | 3.46         |
|    explained_variance   | 0.936        |
|    learning_rate        | 9.22e-05     |
|    loss                 | 5.38         |
|    n_updates            | 5340         |
|    policy_gradient_loss | -0.00056     |
|    std                  | 0.0429       |
|    value_loss           | 6.21         |
------------------------------------------
------------------------------------------
| rollout/                |              |
|    ep_len_mean          | 2e+03        |
|    ep_rew_mean          | 3.19e+03     |
| time/                   |              |
|    fps                  | 4299         |
|    iterations           | 536          |
|    time_elapsed         | 4850         |
|    total_timesteps      | 20856832     |
| train/                  |              |
|    approx_kl            | 0.0050284984 |
|    clip_fraction        | 0.0538       |
|    clip_range           | 0.2          |
|    entropy_loss         | 3.45         |
|    explained_variance   | 0.938        |
|    learning_rate        | 9.18e-05     |
|    loss                 | 2.94         |
|    n_updates            | 5350         |
|    policy_gradient_loss | -0.00105     |
|    std                  | 0.0432       |
|    value_loss           | 9.47         |
------------------------------------------
-----------------------------------------
| rollout/                |             |
|    ep_len_mean          | 2e+03       |
|    ep_rew_mean          | 3.17e+03    |
| time/                   |             |
|    fps                  | 4303        |
|    iterations           | 537         |
|    time_elapsed         | 4855        |
|    total_timesteps      | 20895744    |
| train/                  |             |
|    approx_kl            | 0.005937461 |
|    clip_fraction        | 0.0657      |
|    clip_range           | 0.2         |
|    entropy_loss         | 3.45        |
|    explained_variance   | 0.93        |
|    learning_rate        | 9.14e-05    |
|    loss                 | 4.9         |
|    n_updates            | 5360        |
|    policy_gradient_loss | -0.00123    |
|    std                  | 0.0432      |
|    value_loss           | 8.19        |
-----------------------------------------
Eval num_timesteps=20900000, episode_reward=3235.00 +/- 328.45
Episode length: 2000.00 +/- 0.00
------------------------------------------
| eval/                   |              |
|    mean_ep_length       | 2e+03        |
|    mean_reward          | 3.24e+03     |
| time/                   |              |
|    total_timesteps      | 20900000     |
| train/                  |              |
|    approx_kl            | 0.0068791853 |
|    clip_fraction        | 0.0584       |
|    clip_range           | 0.2          |
|    entropy_loss         | 3.45         |
|    explained_variance   | 0.932        |
|    learning_rate        | 9.1e-05      |
|    loss                 | 1.94         |
|    n_updates            | 5370         |
|    policy_gradient_loss | -0.00147     |
|    std                  | 0.0433       |
|    value_loss           | 8.64         |
------------------------------------------
---------------------------------
| rollout/           |          |
|    ep_len_mean     | 2e+03    |
|    ep_rew_mean     | 3.2e+03  |
| time/              |          |
|    fps             | 4290     |
|    iterations      | 538      |
|    time_elapsed    | 4879     |
|    total_timesteps | 20934656 |
---------------------------------
-----------------------------------------
| rollout/                |             |
|    ep_len_mean          | 2e+03       |
|    ep_rew_mean          | 3.18e+03    |
| time/                   |             |
|    fps                  | 4293        |
|    iterations           | 539         |
|    time_elapsed         | 4884        |
|    total_timesteps      | 20973568    |
| train/                  |             |
|    approx_kl            | 0.006291145 |
|    clip_fraction        | 0.0614      |
|    clip_range           | 0.2         |
|    entropy_loss         | 3.44        |
|    explained_variance   | 0.915       |
|    learning_rate        | 9.07e-05    |
|    loss                 | 7.6         |
|    n_updates            | 5380        |
|    policy_gradient_loss | -0.00102    |
|    std                  | 0.0433      |
|    value_loss           | 8.03        |
-----------------------------------------
-----------------------------------------
| rollout/                |             |
|    ep_len_mean          | 2e+03       |
|    ep_rew_mean          | 3.18e+03    |
| time/                   |             |
|    fps                  | 4296        |
|    iterations           | 540         |
|    time_elapsed         | 4890        |
|    total_timesteps      | 21012480    |
| train/                  |             |
|    approx_kl            | 0.005959632 |
|    clip_fraction        | 0.0673      |
|    clip_range           | 0.2         |
|    entropy_loss         | 3.43        |
|    explained_variance   | 0.925       |
|    learning_rate        | 9.03e-05    |
|    loss                 | 2.8         |
|    n_updates            | 5390        |
|    policy_gradient_loss | -0.0013     |
|    std                  | 0.0436      |
|    value_loss           | 6.61        |
-----------------------------------------
-----------------------------------------
| rollout/                |             |
|    ep_len_mean          | 2e+03       |
|    ep_rew_mean          | 3.17e+03    |
| time/                   |             |
|    fps                  | 4300        |
|    iterations           | 541         |
|    time_elapsed         | 4895        |
|    total_timesteps      | 21051392    |
| train/                  |             |
|    approx_kl            | 0.006028251 |
|    clip_fraction        | 0.0646      |
|    clip_range           | 0.2         |
|    entropy_loss         | 3.42        |
|    explained_variance   | 0.921       |
|    learning_rate        | 8.99e-05    |
|    loss                 | 5.44        |
|    n_updates            | 5400        |
|    policy_gradient_loss | -0.00154    |
|    std                  | 0.0437      |
|    value_loss           | 8.84        |
-----------------------------------------
Eval num_timesteps=21090000, episode_reward=3250.47 +/- 322.67
Episode length: 2000.00 +/- 0.00
-----------------------------------------
| eval/                   |             |
|    mean_ep_length       | 2e+03       |
|    mean_reward          | 3.25e+03    |
| time/                   |             |
|    total_timesteps      | 21090000    |
| train/                  |             |
|    approx_kl            | 0.004947319 |
|    clip_fraction        | 0.059       |
|    clip_range           | 0.2         |
|    entropy_loss         | 3.42        |
|    explained_variance   | 0.924       |
|    learning_rate        | 8.95e-05    |
|    loss                 | 3.59        |
|    n_updates            | 5410        |
|    policy_gradient_loss | -0.00183    |
|    std                  | 0.044       |
|    value_loss           | 9.41        |
-----------------------------------------
---------------------------------
| rollout/           |          |
|    ep_len_mean     | 2e+03    |
|    ep_rew_mean     | 3.17e+03 |
| time/              |          |
|    fps             | 4287     |
|    iterations      | 542      |
|    time_elapsed    | 4919     |
|    total_timesteps | 21090304 |
---------------------------------
-----------------------------------------
| rollout/                |             |
|    ep_len_mean          | 2e+03       |
|    ep_rew_mean          | 3.17e+03    |
| time/                   |             |
|    fps                  | 4290        |
|    iterations           | 543         |
|    time_elapsed         | 4924        |
|    total_timesteps      | 21129216    |
| train/                  |             |
|    approx_kl            | 0.006141751 |
|    clip_fraction        | 0.0618      |
|    clip_range           | 0.2         |
|    entropy_loss         | 3.4         |
|    explained_variance   | 0.929       |
|    learning_rate        | 8.91e-05    |
|    loss                 | 2.2         |
|    n_updates            | 5420        |
|    policy_gradient_loss | -0.000618   |
|    std                  | 0.0442      |
|    value_loss           | 6.81        |
-----------------------------------------
-----------------------------------------
| rollout/                |             |
|    ep_len_mean          | 2e+03       |
|    ep_rew_mean          | 3.18e+03    |
| time/                   |             |
|    fps                  | 4294        |
|    iterations           | 544         |
|    time_elapsed         | 4929        |
|    total_timesteps      | 21168128    |
| train/                  |             |
|    approx_kl            | 0.005928712 |
|    clip_fraction        | 0.0633      |
|    clip_range           | 0.2         |
|    entropy_loss         | 3.4         |
|    explained_variance   | 0.937       |
|    learning_rate        | 8.87e-05    |
|    loss                 | 2.02        |
|    n_updates            | 5430        |
|    policy_gradient_loss | -0.0011     |
|    std                  | 0.0444      |
|    value_loss           | 7.64        |
-----------------------------------------
-----------------------------------------
| rollout/                |             |
|    ep_len_mean          | 2e+03       |
|    ep_rew_mean          | 3.17e+03    |
| time/                   |             |
|    fps                  | 4297        |
|    iterations           | 545         |
|    time_elapsed         | 4934        |
|    total_timesteps      | 21207040    |
| train/                  |             |
|    approx_kl            | 0.005919647 |
|    clip_fraction        | 0.0469      |
|    clip_range           | 0.2         |
|    entropy_loss         | 3.39        |
|    explained_variance   | 0.918       |
|    learning_rate        | 8.83e-05    |
|    loss                 | 9.04        |
|    n_updates            | 5440        |
|    policy_gradient_loss | -0.000825   |
|    std                  | 0.0444      |
|    value_loss           | 9.64        |
-----------------------------------------
------------------------------------------
| rollout/                |              |
|    ep_len_mean          | 2e+03        |
|    ep_rew_mean          | 3.18e+03     |
| time/                   |              |
|    fps                  | 4300         |
|    iterations           | 546          |
|    time_elapsed         | 4939         |
|    total_timesteps      | 21245952     |
| train/                  |              |
|    approx_kl            | 0.0059250663 |
|    clip_fraction        | 0.0641       |
|    clip_range           | 0.2          |
|    entropy_loss         | 3.39         |
|    explained_variance   | 0.922        |
|    learning_rate        | 8.79e-05     |
|    loss                 | 5.83         |
|    n_updates            | 5450         |
|    policy_gradient_loss | -0.00138     |
|    std                  | 0.0445       |
|    value_loss           | 9.31         |
------------------------------------------
Eval num_timesteps=21280000, episode_reward=3272.97 +/- 309.48
Episode length: 2000.00 +/- 0.00
-----------------------------------------
| eval/                   |             |
|    mean_ep_length       | 2e+03       |
|    mean_reward          | 3.27e+03    |
| time/                   |             |
|    total_timesteps      | 21280000    |
| train/                  |             |
|    approx_kl            | 0.007190812 |
|    clip_fraction        | 0.0766      |
|    clip_range           | 0.2         |
|    entropy_loss         | 3.39        |
|    explained_variance   | 0.915       |
|    learning_rate        | 8.75e-05    |
|    loss                 | 2.33        |
|    n_updates            | 5460        |
|    policy_gradient_loss | -0.000647   |
|    std                  | 0.0445      |
|    value_loss           | 6.79        |
-----------------------------------------
---------------------------------
| rollout/           |          |
|    ep_len_mean     | 2e+03    |
|    ep_rew_mean     | 3.19e+03 |
| time/              |          |
|    fps             | 4288     |
|    iterations      | 547      |
|    time_elapsed    | 4963     |
|    total_timesteps | 21284864 |
---------------------------------
------------------------------------------
| rollout/                |              |
|    ep_len_mean          | 2e+03        |
|    ep_rew_mean          | 3.17e+03     |
| time/                   |              |
|    fps                  | 4291         |
|    iterations           | 548          |
|    time_elapsed         | 4968         |
|    total_timesteps      | 21323776     |
| train/                  |              |
|    approx_kl            | 0.0058216113 |
|    clip_fraction        | 0.0615       |
|    clip_range           | 0.2          |
|    entropy_loss         | 3.38         |
|    explained_variance   | 0.928        |
|    learning_rate        | 8.72e-05     |
|    loss                 | 2.85         |
|    n_updates            | 5470         |
|    policy_gradient_loss | -0.00165     |
|    std                  | 0.0449       |
|    value_loss           | 8.43         |
------------------------------------------
------------------------------------------
| rollout/                |              |
|    ep_len_mean          | 2e+03        |
|    ep_rew_mean          | 3.18e+03     |
| time/                   |              |
|    fps                  | 4294         |
|    iterations           | 549          |
|    time_elapsed         | 4973         |
|    total_timesteps      | 21362688     |
| train/                  |              |
|    approx_kl            | 0.0049624257 |
|    clip_fraction        | 0.0446       |
|    clip_range           | 0.2          |
|    entropy_loss         | 3.37         |
|    explained_variance   | 0.925        |
|    learning_rate        | 8.68e-05     |
|    loss                 | 7.24         |
|    n_updates            | 5480         |
|    policy_gradient_loss | -0.000852    |
|    std                  | 0.0448       |
|    value_loss           | 9.75         |
------------------------------------------
------------------------------------------
| rollout/                |              |
|    ep_len_mean          | 2e+03        |
|    ep_rew_mean          | 3.18e+03     |
| time/                   |              |
|    fps                  | 4298         |
|    iterations           | 550          |
|    time_elapsed         | 4979         |
|    total_timesteps      | 21401600     |
| train/                  |              |
|    approx_kl            | 0.0066961707 |
|    clip_fraction        | 0.0639       |
|    clip_range           | 0.2          |
|    entropy_loss         | 3.37         |
|    explained_variance   | 0.926        |
|    learning_rate        | 8.64e-05     |
|    loss                 | 3.32         |
|    n_updates            | 5490         |
|    policy_gradient_loss | -0.000983    |
|    std                  | 0.0449       |
|    value_loss           | 8.29         |
------------------------------------------
------------------------------------------
| rollout/                |              |
|    ep_len_mean          | 2e+03        |
|    ep_rew_mean          | 3.18e+03     |
| time/                   |              |
|    fps                  | 4301         |
|    iterations           | 551          |
|    time_elapsed         | 4984         |
|    total_timesteps      | 21440512     |
| train/                  |              |
|    approx_kl            | 0.0065874173 |
|    clip_fraction        | 0.0692       |
|    clip_range           | 0.2          |
|    entropy_loss         | 3.36         |
|    explained_variance   | 0.933        |
|    learning_rate        | 8.6e-05      |
|    loss                 | 3.14         |
|    n_updates            | 5500         |
|    policy_gradient_loss | -0.000923    |
|    std                  | 0.0452       |
|    value_loss           | 7.01         |
------------------------------------------
Eval num_timesteps=21470000, episode_reward=3283.38 +/- 305.02
Episode length: 2000.00 +/- 0.00
------------------------------------------
| eval/                   |              |
|    mean_ep_length       | 2e+03        |
|    mean_reward          | 3.28e+03     |
| time/                   |              |
|    total_timesteps      | 21470000     |
| train/                  |              |
|    approx_kl            | 0.0067530926 |
|    clip_fraction        | 0.0628       |
|    clip_range           | 0.2          |
|    entropy_loss         | 3.36         |
|    explained_variance   | 0.934        |
|    learning_rate        | 8.56e-05     |
|    loss                 | 4.64         |
|    n_updates            | 5510         |
|    policy_gradient_loss | -0.00154     |
|    std                  | 0.0451       |
|    value_loss           | 8.01         |
------------------------------------------
---------------------------------
| rollout/           |          |
|    ep_len_mean     | 2e+03    |
|    ep_rew_mean     | 3.17e+03 |
| time/              |          |
|    fps             | 4288     |
|    iterations      | 552      |
|    time_elapsed    | 5008     |
|    total_timesteps | 21479424 |
---------------------------------
-----------------------------------------
| rollout/                |             |
|    ep_len_mean          | 2e+03       |
|    ep_rew_mean          | 3.18e+03    |
| time/                   |             |
|    fps                  | 4292        |
|    iterations           | 553         |
|    time_elapsed         | 5013        |
|    total_timesteps      | 21518336    |
| train/                  |             |
|    approx_kl            | 0.005090918 |
|    clip_fraction        | 0.0567      |
|    clip_range           | 0.2         |
|    entropy_loss         | 3.36        |
|    explained_variance   | 0.913       |
|    learning_rate        | 8.52e-05    |
|    loss                 | 2.13        |
|    n_updates            | 5520        |
|    policy_gradient_loss | -0.00109    |
|    std                  | 0.0451      |
|    value_loss           | 7.57        |
-----------------------------------------
------------------------------------------
| rollout/                |              |
|    ep_len_mean          | 2e+03        |
|    ep_rew_mean          | 3.2e+03      |
| time/                   |              |
|    fps                  | 4295         |
|    iterations           | 554          |
|    time_elapsed         | 5018         |
|    total_timesteps      | 21557248     |
| train/                  |              |
|    approx_kl            | 0.0052323723 |
|    clip_fraction        | 0.049        |
|    clip_range           | 0.2          |
|    entropy_loss         | 3.36         |
|    explained_variance   | 0.928        |
|    learning_rate        | 8.48e-05     |
|    loss                 | 2.78         |
|    n_updates            | 5530         |
|    policy_gradient_loss | -0.00105     |
|    std                  | 0.045        |
|    value_loss           | 7.41         |
------------------------------------------
-----------------------------------------
| rollout/                |             |
|    ep_len_mean          | 2e+03       |
|    ep_rew_mean          | 3.19e+03    |
| time/                   |             |
|    fps                  | 4298        |
|    iterations           | 555         |
|    time_elapsed         | 5023        |
|    total_timesteps      | 21596160    |
| train/                  |             |
|    approx_kl            | 0.006608694 |
|    clip_fraction        | 0.0687      |
|    clip_range           | 0.2         |
|    entropy_loss         | 3.36        |
|    explained_variance   | 0.919       |
|    learning_rate        | 8.44e-05    |
|    loss                 | 5.99        |
|    n_updates            | 5540        |
|    policy_gradient_loss | -0.00134    |
|    std                  | 0.0451      |
|    value_loss           | 6.76        |
-----------------------------------------
-----------------------------------------
| rollout/                |             |
|    ep_len_mean          | 2e+03       |
|    ep_rew_mean          | 3.18e+03    |
| time/                   |             |
|    fps                  | 4302        |
|    iterations           | 556         |
|    time_elapsed         | 5028        |
|    total_timesteps      | 21635072    |
| train/                  |             |
|    approx_kl            | 0.004706308 |
|    clip_fraction        | 0.0438      |
|    clip_range           | 0.2         |
|    entropy_loss         | 3.36        |
|    explained_variance   | 0.897       |
|    learning_rate        | 8.4e-05     |
|    loss                 | 5.02        |
|    n_updates            | 5550        |
|    policy_gradient_loss | -0.000982   |
|    std                  | 0.0452      |
|    value_loss           | 10.9        |
-----------------------------------------
Eval num_timesteps=21660000, episode_reward=3307.35 +/- 265.91
Episode length: 2000.00 +/- 0.00
-----------------------------------------
| eval/                   |             |
|    mean_ep_length       | 2e+03       |
|    mean_reward          | 3.31e+03    |
| time/                   |             |
|    total_timesteps      | 21660000    |
| train/                  |             |
|    approx_kl            | 0.006557957 |
|    clip_fraction        | 0.0655      |
|    clip_range           | 0.2         |
|    entropy_loss         | 3.35        |
|    explained_variance   | 0.922       |
|    learning_rate        | 8.36e-05    |
|    loss                 | 5.65        |
|    n_updates            | 5560        |
|    policy_gradient_loss | -0.00108    |
|    std                  | 0.0454      |
|    value_loss           | 7.84        |
-----------------------------------------
---------------------------------
| rollout/           |          |
|    ep_len_mean     | 2e+03    |
|    ep_rew_mean     | 3.18e+03 |
| time/              |          |
|    fps             | 4289     |
|    iterations      | 557      |
|    time_elapsed    | 5052     |
|    total_timesteps | 21673984 |
---------------------------------
------------------------------------------
| rollout/                |              |
|    ep_len_mean          | 2e+03        |
|    ep_rew_mean          | 3.18e+03     |
| time/                   |              |
|    fps                  | 4293         |
|    iterations           | 558          |
|    time_elapsed         | 5057         |
|    total_timesteps      | 21712896     |
| train/                  |              |
|    approx_kl            | 0.0058026463 |
|    clip_fraction        | 0.0559       |
|    clip_range           | 0.2          |
|    entropy_loss         | 3.35         |
|    explained_variance   | 0.921        |
|    learning_rate        | 8.33e-05     |
|    loss                 | 6.88         |
|    n_updates            | 5570         |
|    policy_gradient_loss | -0.00193     |
|    std                  | 0.0454       |
|    value_loss           | 8.92         |
------------------------------------------
-----------------------------------------
| rollout/                |             |
|    ep_len_mean          | 2e+03       |
|    ep_rew_mean          | 3.17e+03    |
| time/                   |             |
|    fps                  | 4296        |
|    iterations           | 559         |
|    time_elapsed         | 5062        |
|    total_timesteps      | 21751808    |
| train/                  |             |
|    approx_kl            | 0.005904756 |
|    clip_fraction        | 0.0615      |
|    clip_range           | 0.2         |
|    entropy_loss         | 3.35        |
|    explained_variance   | 0.923       |
|    learning_rate        | 8.29e-05    |
|    loss                 | 4.95        |
|    n_updates            | 5580        |
|    policy_gradient_loss | -0.00124    |
|    std                  | 0.0455      |
|    value_loss           | 7.76        |
-----------------------------------------
---------------------------------------
| rollout/                |           |
|    ep_len_mean          | 2e+03     |
|    ep_rew_mean          | 3.17e+03  |
| time/                   |           |
|    fps                  | 4299      |
|    iterations           | 560       |
|    time_elapsed         | 5068      |
|    total_timesteps      | 21790720  |
| train/                  |           |
|    approx_kl            | 0.0072085 |
|    clip_fraction        | 0.0748    |
|    clip_range           | 0.2       |
|    entropy_loss         | 3.34      |
|    explained_variance   | 0.917     |
|    learning_rate        | 8.25e-05  |
|    loss                 | 3.4       |
|    n_updates            | 5590      |
|    policy_gradient_loss | -0.00117  |
|    std                  | 0.0457    |
|    value_loss           | 6.86      |
---------------------------------------
-----------------------------------------
| rollout/                |             |
|    ep_len_mean          | 2e+03       |
|    ep_rew_mean          | 3.19e+03    |
| time/                   |             |
|    fps                  | 4302        |
|    iterations           | 561         |
|    time_elapsed         | 5073        |
|    total_timesteps      | 21829632    |
| train/                  |             |
|    approx_kl            | 0.006751716 |
|    clip_fraction        | 0.0766      |
|    clip_range           | 0.2         |
|    entropy_loss         | 3.33        |
|    explained_variance   | 0.929       |
|    learning_rate        | 8.21e-05    |
|    loss                 | 4.16        |
|    n_updates            | 5600        |
|    policy_gradient_loss | -0.00181    |
|    std                  | 0.0458      |
|    value_loss           | 8.3         |
-----------------------------------------
Eval num_timesteps=21850000, episode_reward=3317.73 +/- 255.84
Episode length: 2000.00 +/- 0.00
-----------------------------------------
| eval/                   |             |
|    mean_ep_length       | 2e+03       |
|    mean_reward          | 3.32e+03    |
| time/                   |             |
|    total_timesteps      | 21850000    |
| train/                  |             |
|    approx_kl            | 0.006595889 |
|    clip_fraction        | 0.0497      |
|    clip_range           | 0.2         |
|    entropy_loss         | 3.33        |
|    explained_variance   | 0.932       |
|    learning_rate        | 8.17e-05    |
|    loss                 | 4.5         |
|    n_updates            | 5610        |
|    policy_gradient_loss | -0.00109    |
|    std                  | 0.0457      |
|    value_loss           | 8.73        |
-----------------------------------------
New best mean reward!
---------------------------------
| rollout/           |          |
|    ep_len_mean     | 2e+03    |
|    ep_rew_mean     | 3.18e+03 |
| time/              |          |
|    fps             | 4290     |
|    iterations      | 562      |
|    time_elapsed    | 5097     |
|    total_timesteps | 21868544 |
---------------------------------
-----------------------------------------
| rollout/                |             |
|    ep_len_mean          | 2e+03       |
|    ep_rew_mean          | 3.19e+03    |
| time/                   |             |
|    fps                  | 4293        |
|    iterations           | 563         |
|    time_elapsed         | 5102        |
|    total_timesteps      | 21907456    |
| train/                  |             |
|    approx_kl            | 0.007183875 |
|    clip_fraction        | 0.0775      |
|    clip_range           | 0.2         |
|    entropy_loss         | 3.33        |
|    explained_variance   | 0.927       |
|    learning_rate        | 8.13e-05    |
|    loss                 | 2.96        |
|    n_updates            | 5620        |
|    policy_gradient_loss | -0.00146    |
|    std                  | 0.046       |
|    value_loss           | 6.4         |
-----------------------------------------
-----------------------------------------
| rollout/                |             |
|    ep_len_mean          | 2e+03       |
|    ep_rew_mean          | 3.19e+03    |
| time/                   |             |
|    fps                  | 4296        |
|    iterations           | 564         |
|    time_elapsed         | 5107        |
|    total_timesteps      | 21946368    |
| train/                  |             |
|    approx_kl            | 0.005815925 |
|    clip_fraction        | 0.0528      |
|    clip_range           | 0.2         |
|    entropy_loss         | 3.32        |
|    explained_variance   | 0.922       |
|    learning_rate        | 8.09e-05    |
|    loss                 | 3.76        |
|    n_updates            | 5630        |
|    policy_gradient_loss | -0.00114    |
|    std                  | 0.0462      |
|    value_loss           | 9.26        |
-----------------------------------------
-----------------------------------------
| rollout/                |             |
|    ep_len_mean          | 2e+03       |
|    ep_rew_mean          | 3.2e+03     |
| time/                   |             |
|    fps                  | 4300        |
|    iterations           | 565         |
|    time_elapsed         | 5112        |
|    total_timesteps      | 21985280    |
| train/                  |             |
|    approx_kl            | 0.006522872 |
|    clip_fraction        | 0.0607      |
|    clip_range           | 0.2         |
|    entropy_loss         | 3.31        |
|    explained_variance   | 0.907       |
|    learning_rate        | 8.05e-05    |
|    loss                 | 3.81        |
|    n_updates            | 5640        |
|    policy_gradient_loss | -0.00129    |
|    std                  | 0.0462      |
|    value_loss           | 10.8        |
-----------------------------------------
-----------------------------------------
| rollout/                |             |
|    ep_len_mean          | 2e+03       |
|    ep_rew_mean          | 3.19e+03    |
| time/                   |             |
|    fps                  | 4303        |
|    iterations           | 566         |
|    time_elapsed         | 5118        |
|    total_timesteps      | 22024192    |
| train/                  |             |
|    approx_kl            | 0.006821002 |
|    clip_fraction        | 0.0609      |
|    clip_range           | 0.2         |
|    entropy_loss         | 3.31        |
|    explained_variance   | 0.903       |
|    learning_rate        | 8.01e-05    |
|    loss                 | 4.94        |
|    n_updates            | 5650        |
|    policy_gradient_loss | -0.00156    |
|    std                  | 0.0463      |
|    value_loss           | 10.4        |
-----------------------------------------
Eval num_timesteps=22040000, episode_reward=3297.30 +/- 259.59
Episode length: 2000.00 +/- 0.00
------------------------------------------
| eval/                   |              |
|    mean_ep_length       | 2e+03        |
|    mean_reward          | 3.3e+03      |
| time/                   |              |
|    total_timesteps      | 22040000     |
| train/                  |              |
|    approx_kl            | 0.0065611475 |
|    clip_fraction        | 0.0618       |
|    clip_range           | 0.2          |
|    entropy_loss         | 3.31         |
|    explained_variance   | 0.935        |
|    learning_rate        | 7.98e-05     |
|    loss                 | 3.58         |
|    n_updates            | 5660         |
|    policy_gradient_loss | -0.00107     |
|    std                  | 0.0463       |
|    value_loss           | 7.34         |
------------------------------------------
---------------------------------
| rollout/           |          |
|    ep_len_mean     | 2e+03    |
|    ep_rew_mean     | 3.2e+03  |
| time/              |          |
|    fps             | 4290     |
|    iterations      | 567      |
|    time_elapsed    | 5142     |
|    total_timesteps | 22063104 |
---------------------------------
------------------------------------------
| rollout/                |              |
|    ep_len_mean          | 2e+03        |
|    ep_rew_mean          | 3.19e+03     |
| time/                   |              |
|    fps                  | 4293         |
|    iterations           | 568          |
|    time_elapsed         | 5147         |
|    total_timesteps      | 22102016     |
| train/                  |              |
|    approx_kl            | 0.0045246594 |
|    clip_fraction        | 0.0414       |
|    clip_range           | 0.2          |
|    entropy_loss         | 3.31         |
|    explained_variance   | 0.933        |
|    learning_rate        | 7.94e-05     |
|    loss                 | 3.66         |
|    n_updates            | 5670         |
|    policy_gradient_loss | 5.43e-05     |
|    std                  | 0.0463       |
|    value_loss           | 10.7         |
------------------------------------------
------------------------------------------
| rollout/                |              |
|    ep_len_mean          | 2e+03        |
|    ep_rew_mean          | 3.2e+03      |
| time/                   |              |
|    fps                  | 4297         |
|    iterations           | 569          |
|    time_elapsed         | 5152         |
|    total_timesteps      | 22140928     |
| train/                  |              |
|    approx_kl            | 0.0063120914 |
|    clip_fraction        | 0.0626       |
|    clip_range           | 0.2          |
|    entropy_loss         | 3.31         |
|    explained_variance   | 0.906        |
|    learning_rate        | 7.9e-05      |
|    loss                 | 6.74         |
|    n_updates            | 5680         |
|    policy_gradient_loss | -0.00161     |
|    std                  | 0.0463       |
|    value_loss           | 9.08         |
------------------------------------------
-----------------------------------------
| rollout/                |             |
|    ep_len_mean          | 2e+03       |
|    ep_rew_mean          | 3.18e+03    |
| time/                   |             |
|    fps                  | 4300        |
|    iterations           | 570         |
|    time_elapsed         | 5157        |
|    total_timesteps      | 22179840    |
| train/                  |             |
|    approx_kl            | 0.006570439 |
|    clip_fraction        | 0.0719      |
|    clip_range           | 0.2         |
|    entropy_loss         | 3.31        |
|    explained_variance   | 0.944       |
|    learning_rate        | 7.86e-05    |
|    loss                 | 1.45        |
|    n_updates            | 5690        |
|    policy_gradient_loss | -0.0011     |
|    std                  | 0.0464      |
|    value_loss           | 4.96        |
-----------------------------------------
-----------------------------------------
| rollout/                |             |
|    ep_len_mean          | 2e+03       |
|    ep_rew_mean          | 3.19e+03    |
| time/                   |             |
|    fps                  | 4303        |
|    iterations           | 571         |
|    time_elapsed         | 5163        |
|    total_timesteps      | 22218752    |
| train/                  |             |
|    approx_kl            | 0.004310421 |
|    clip_fraction        | 0.0456      |
|    clip_range           | 0.2         |
|    entropy_loss         | 3.3         |
|    explained_variance   | 0.912       |
|    learning_rate        | 7.82e-05    |
|    loss                 | 3.27        |
|    n_updates            | 5700        |
|    policy_gradient_loss | -0.000904   |
|    std                  | 0.0465      |
|    value_loss           | 8.55        |
-----------------------------------------
Eval num_timesteps=22230000, episode_reward=3275.53 +/- 288.57
Episode length: 2000.00 +/- 0.00
----------------------------------------
| eval/                   |            |
|    mean_ep_length       | 2e+03      |
|    mean_reward          | 3.28e+03   |
| time/                   |            |
|    total_timesteps      | 22230000   |
| train/                  |            |
|    approx_kl            | 0.00499701 |
|    clip_fraction        | 0.0369     |
|    clip_range           | 0.2        |
|    entropy_loss         | 3.3        |
|    explained_variance   | 0.948      |
|    learning_rate        | 7.78e-05   |
|    loss                 | 1.68       |
|    n_updates            | 5710       |
|    policy_gradient_loss | -0.000324  |
|    std                  | 0.0464     |
|    value_loss           | 7.79       |
----------------------------------------
---------------------------------
| rollout/           |          |
|    ep_len_mean     | 2e+03    |
|    ep_rew_mean     | 3.19e+03 |
| time/              |          |
|    fps             | 4291     |
|    iterations      | 572      |
|    time_elapsed    | 5187     |
|    total_timesteps | 22257664 |
---------------------------------
-----------------------------------------
| rollout/                |             |
|    ep_len_mean          | 2e+03       |
|    ep_rew_mean          | 3.2e+03     |
| time/                   |             |
|    fps                  | 4294        |
|    iterations           | 573         |
|    time_elapsed         | 5192        |
|    total_timesteps      | 22296576    |
| train/                  |             |
|    approx_kl            | 0.005831722 |
|    clip_fraction        | 0.0643      |
|    clip_range           | 0.2         |
|    entropy_loss         | 3.3         |
|    explained_variance   | 0.926       |
|    learning_rate        | 7.74e-05    |
|    loss                 | 4.28        |
|    n_updates            | 5720        |
|    policy_gradient_loss | -0.000957   |
|    std                  | 0.0465      |
|    value_loss           | 8.54        |
-----------------------------------------
------------------------------------------
| rollout/                |              |
|    ep_len_mean          | 2e+03        |
|    ep_rew_mean          | 3.19e+03     |
| time/                   |              |
|    fps                  | 4297         |
|    iterations           | 574          |
|    time_elapsed         | 5197         |
|    total_timesteps      | 22335488     |
| train/                  |              |
|    approx_kl            | 0.0061424137 |
|    clip_fraction        | 0.0594       |
|    clip_range           | 0.2          |
|    entropy_loss         | 3.29         |
|    explained_variance   | 0.932        |
|    learning_rate        | 7.7e-05      |
|    loss                 | 2.07         |
|    n_updates            | 5730         |
|    policy_gradient_loss | -0.00118     |
|    std                  | 0.0468       |
|    value_loss           | 6.73         |
------------------------------------------
-----------------------------------------
| rollout/                |             |
|    ep_len_mean          | 2e+03       |
|    ep_rew_mean          | 3.2e+03     |
| time/                   |             |
|    fps                  | 4300        |
|    iterations           | 575         |
|    time_elapsed         | 5202        |
|    total_timesteps      | 22374400    |
| train/                  |             |
|    approx_kl            | 0.006019221 |
|    clip_fraction        | 0.0605      |
|    clip_range           | 0.2         |
|    entropy_loss         | 3.28        |
|    explained_variance   | 0.939       |
|    learning_rate        | 7.66e-05    |
|    loss                 | 3.79        |
|    n_updates            | 5740        |
|    policy_gradient_loss | -0.00107    |
|    std                  | 0.0471      |
|    value_loss           | 5.42        |
-----------------------------------------
------------------------------------------
| rollout/                |              |
|    ep_len_mean          | 2e+03        |
|    ep_rew_mean          | 3.2e+03      |
| time/                   |              |
|    fps                  | 4303         |
|    iterations           | 576          |
|    time_elapsed         | 5207         |
|    total_timesteps      | 22413312     |
| train/                  |              |
|    approx_kl            | 0.0059725605 |
|    clip_fraction        | 0.0582       |
|    clip_range           | 0.2          |
|    entropy_loss         | 3.27         |
|    explained_variance   | 0.926        |
|    learning_rate        | 7.63e-05     |
|    loss                 | 4.68         |
|    n_updates            | 5750         |
|    policy_gradient_loss | -0.00107     |
|    std                  | 0.0471       |
|    value_loss           | 7.17         |
------------------------------------------
Eval num_timesteps=22420000, episode_reward=3290.84 +/- 280.84
Episode length: 2000.00 +/- 0.00
------------------------------------------
| eval/                   |              |
|    mean_ep_length       | 2e+03        |
|    mean_reward          | 3.29e+03     |
| time/                   |              |
|    total_timesteps      | 22420000     |
| train/                  |              |
|    approx_kl            | 0.0045867623 |
|    clip_fraction        | 0.0489       |
|    clip_range           | 0.2          |
|    entropy_loss         | 3.27         |
|    explained_variance   | 0.887        |
|    learning_rate        | 7.59e-05     |
|    loss                 | 3.09         |
|    n_updates            | 5760         |
|    policy_gradient_loss | -0.00127     |
|    std                  | 0.0472       |
|    value_loss           | 12.6         |
------------------------------------------
---------------------------------
| rollout/           |          |
|    ep_len_mean     | 2e+03    |
|    ep_rew_mean     | 3.2e+03  |
| time/              |          |
|    fps             | 4291     |
|    iterations      | 577      |
|    time_elapsed    | 5231     |
|    total_timesteps | 22452224 |
---------------------------------
-----------------------------------------
| rollout/                |             |
|    ep_len_mean          | 2e+03       |
|    ep_rew_mean          | 3.19e+03    |
| time/                   |             |
|    fps                  | 4294        |
|    iterations           | 578         |
|    time_elapsed         | 5236        |
|    total_timesteps      | 22491136    |
| train/                  |             |
|    approx_kl            | 0.006193366 |
|    clip_fraction        | 0.0662      |
|    clip_range           | 0.2         |
|    entropy_loss         | 3.26        |
|    explained_variance   | 0.935       |
|    learning_rate        | 7.55e-05    |
|    loss                 | 2.1         |
|    n_updates            | 5770        |
|    policy_gradient_loss | -0.00152    |
|    std                  | 0.0474      |
|    value_loss           | 6.12        |
-----------------------------------------
------------------------------------------
| rollout/                |              |
|    ep_len_mean          | 2e+03        |
|    ep_rew_mean          | 3.2e+03      |
| time/                   |              |
|    fps                  | 4297         |
|    iterations           | 579          |
|    time_elapsed         | 5242         |
|    total_timesteps      | 22530048     |
| train/                  |              |
|    approx_kl            | 0.0057198256 |
|    clip_fraction        | 0.046        |
|    clip_range           | 0.2          |
|    entropy_loss         | 3.26         |
|    explained_variance   | 0.91         |
|    learning_rate        | 7.51e-05     |
|    loss                 | 3.27         |
|    n_updates            | 5780         |
|    policy_gradient_loss | -0.00133     |
|    std                  | 0.0474       |
|    value_loss           | 10.5         |
------------------------------------------
------------------------------------------
| rollout/                |              |
|    ep_len_mean          | 2e+03        |
|    ep_rew_mean          | 3.19e+03     |
| time/                   |              |
|    fps                  | 4301         |
|    iterations           | 580          |
|    time_elapsed         | 5247         |
|    total_timesteps      | 22568960     |
| train/                  |              |
|    approx_kl            | 0.0056600557 |
|    clip_fraction        | 0.0524       |
|    clip_range           | 0.2          |
|    entropy_loss         | 3.26         |
|    explained_variance   | 0.927        |
|    learning_rate        | 7.47e-05     |
|    loss                 | 3.29         |
|    n_updates            | 5790         |
|    policy_gradient_loss | -0.00117     |
|    std                  | 0.0474       |
|    value_loss           | 8.38         |
------------------------------------------
-----------------------------------------
| rollout/                |             |
|    ep_len_mean          | 2e+03       |
|    ep_rew_mean          | 3.18e+03    |
| time/                   |             |
|    fps                  | 4304        |
|    iterations           | 581         |
|    time_elapsed         | 5252        |
|    total_timesteps      | 22607872    |
| train/                  |             |
|    approx_kl            | 0.004428934 |
|    clip_fraction        | 0.0508      |
|    clip_range           | 0.2         |
|    entropy_loss         | 3.26        |
|    explained_variance   | 0.908       |
|    learning_rate        | 7.43e-05    |
|    loss                 | 5.99        |
|    n_updates            | 5800        |
|    policy_gradient_loss | -0.00143    |
|    std                  | 0.0475      |
|    value_loss           | 10.7        |
-----------------------------------------
Eval num_timesteps=22610000, episode_reward=3298.04 +/- 261.96
Episode length: 2000.00 +/- 0.00
------------------------------------------
| eval/                   |              |
|    mean_ep_length       | 2e+03        |
|    mean_reward          | 3.3e+03      |
| time/                   |              |
|    total_timesteps      | 22610000     |
| train/                  |              |
|    approx_kl            | 0.0052776425 |
|    clip_fraction        | 0.0622       |
|    clip_range           | 0.2          |
|    entropy_loss         | 3.26         |
|    explained_variance   | 0.903        |
|    learning_rate        | 7.39e-05     |
|    loss                 | 5.11         |
|    n_updates            | 5810         |
|    policy_gradient_loss | -0.00111     |
|    std                  | 0.0475       |
|    value_loss           | 7.79         |
------------------------------------------
---------------------------------
| rollout/           |          |
|    ep_len_mean     | 2e+03    |
|    ep_rew_mean     | 3.18e+03 |
| time/              |          |
|    fps             | 4292     |
|    iterations      | 582      |
|    time_elapsed    | 5276     |
|    total_timesteps | 22646784 |
---------------------------------
-----------------------------------------
| rollout/                |             |
|    ep_len_mean          | 2e+03       |
|    ep_rew_mean          | 3.17e+03    |
| time/                   |             |
|    fps                  | 4295        |
|    iterations           | 583         |
|    time_elapsed         | 5281        |
|    total_timesteps      | 22685696    |
| train/                  |             |
|    approx_kl            | 0.006423855 |
|    clip_fraction        | 0.0575      |
|    clip_range           | 0.2         |
|    entropy_loss         | 3.26        |
|    explained_variance   | 0.903       |
|    learning_rate        | 7.35e-05    |
|    loss                 | 4.09        |
|    n_updates            | 5820        |
|    policy_gradient_loss | -0.00142    |
|    std                  | 0.0475      |
|    value_loss           | 9.04        |
-----------------------------------------
-----------------------------------------
| rollout/                |             |
|    ep_len_mean          | 2e+03       |
|    ep_rew_mean          | 3.18e+03    |
| time/                   |             |
|    fps                  | 4298        |
|    iterations           | 584         |
|    time_elapsed         | 5286        |
|    total_timesteps      | 22724608    |
| train/                  |             |
|    approx_kl            | 0.005594123 |
|    clip_fraction        | 0.0532      |
|    clip_range           | 0.2         |
|    entropy_loss         | 3.26        |
|    explained_variance   | 0.932       |
|    learning_rate        | 7.31e-05    |
|    loss                 | 2.6         |
|    n_updates            | 5830        |
|    policy_gradient_loss | -0.00115    |
|    std                  | 0.0473      |
|    value_loss           | 7.11        |
-----------------------------------------
------------------------------------------
| rollout/                |              |
|    ep_len_mean          | 2e+03        |
|    ep_rew_mean          | 3.21e+03     |
| time/                   |              |
|    fps                  | 4301         |
|    iterations           | 585          |
|    time_elapsed         | 5291         |
|    total_timesteps      | 22763520     |
| train/                  |              |
|    approx_kl            | 0.0074820407 |
|    clip_fraction        | 0.0593       |
|    clip_range           | 0.2          |
|    entropy_loss         | 3.26         |
|    explained_variance   | 0.922        |
|    learning_rate        | 7.28e-05     |
|    loss                 | 3.9          |
|    n_updates            | 5840         |
|    policy_gradient_loss | -0.00118     |
|    std                  | 0.0475       |
|    value_loss           | 6.46         |
------------------------------------------
Eval num_timesteps=22800000, episode_reward=3315.67 +/- 249.73
Episode length: 2000.00 +/- 0.00
-----------------------------------------
| eval/                   |             |
|    mean_ep_length       | 2e+03       |
|    mean_reward          | 3.32e+03    |
| time/                   |             |
|    total_timesteps      | 22800000    |
| train/                  |             |
|    approx_kl            | 0.005499111 |
|    clip_fraction        | 0.0526      |
|    clip_range           | 0.2         |
|    entropy_loss         | 3.25        |
|    explained_variance   | 0.923       |
|    learning_rate        | 7.24e-05    |
|    loss                 | 5.75        |
|    n_updates            | 5850        |
|    policy_gradient_loss | -0.000749   |
|    std                  | 0.0476      |
|    value_loss           | 6.96        |
-----------------------------------------
---------------------------------
| rollout/           |          |
|    ep_len_mean     | 2e+03    |
|    ep_rew_mean     | 3.22e+03 |
| time/              |          |
|    fps             | 4289     |
|    iterations      | 586      |
|    time_elapsed    | 5315     |
|    total_timesteps | 22802432 |
---------------------------------
-----------------------------------------
| rollout/                |             |
|    ep_len_mean          | 2e+03       |
|    ep_rew_mean          | 3.22e+03    |
| time/                   |             |
|    fps                  | 4292        |
|    iterations           | 587         |
|    time_elapsed         | 5321        |
|    total_timesteps      | 22841344    |
| train/                  |             |
|    approx_kl            | 0.004783422 |
|    clip_fraction        | 0.0356      |
|    clip_range           | 0.2         |
|    entropy_loss         | 3.25        |
|    explained_variance   | 0.937       |
|    learning_rate        | 7.2e-05     |
|    loss                 | 3.57        |
|    n_updates            | 5860        |
|    policy_gradient_loss | -0.000643   |
|    std                  | 0.0477      |
|    value_loss           | 8.54        |
-----------------------------------------
-----------------------------------------
| rollout/                |             |
|    ep_len_mean          | 2e+03       |
|    ep_rew_mean          | 3.24e+03    |
| time/                   |             |
|    fps                  | 4295        |
|    iterations           | 588         |
|    time_elapsed         | 5326        |
|    total_timesteps      | 22880256    |
| train/                  |             |
|    approx_kl            | 0.005291327 |
|    clip_fraction        | 0.0582      |
|    clip_range           | 0.2         |
|    entropy_loss         | 3.25        |
|    explained_variance   | 0.934       |
|    learning_rate        | 7.16e-05    |
|    loss                 | 3.29        |
|    n_updates            | 5870        |
|    policy_gradient_loss | -0.00192    |
|    std                  | 0.0476      |
|    value_loss           | 9.08        |
-----------------------------------------
------------------------------------------
| rollout/                |              |
|    ep_len_mean          | 2e+03        |
|    ep_rew_mean          | 3.23e+03     |
| time/                   |              |
|    fps                  | 4298         |
|    iterations           | 589          |
|    time_elapsed         | 5331         |
|    total_timesteps      | 22919168     |
| train/                  |              |
|    approx_kl            | 0.0060395347 |
|    clip_fraction        | 0.058        |
|    clip_range           | 0.2          |
|    entropy_loss         | 3.25         |
|    explained_variance   | 0.903        |
|    learning_rate        | 7.12e-05     |
|    loss                 | 4.44         |
|    n_updates            | 5880         |
|    policy_gradient_loss | -0.00147     |
|    std                  | 0.0475       |
|    value_loss           | 9.93         |
------------------------------------------
------------------------------------------
| rollout/                |              |
|    ep_len_mean          | 2e+03        |
|    ep_rew_mean          | 3.21e+03     |
| time/                   |              |
|    fps                  | 4302         |
|    iterations           | 590          |
|    time_elapsed         | 5336         |
|    total_timesteps      | 22958080     |
| train/                  |              |
|    approx_kl            | 0.0060765417 |
|    clip_fraction        | 0.0581       |
|    clip_range           | 0.2          |
|    entropy_loss         | 3.25         |
|    explained_variance   | 0.883        |
|    learning_rate        | 7.08e-05     |
|    loss                 | 3.82         |
|    n_updates            | 5890         |
|    policy_gradient_loss | -0.00115     |
|    std                  | 0.0478       |
|    value_loss           | 11.8         |
------------------------------------------
Eval num_timesteps=22990000, episode_reward=3336.17 +/- 229.26
Episode length: 2000.00 +/- 0.00
------------------------------------------
| eval/                   |              |
|    mean_ep_length       | 2e+03        |
|    mean_reward          | 3.34e+03     |
| time/                   |              |
|    total_timesteps      | 22990000     |
| train/                  |              |
|    approx_kl            | 0.0059019118 |
|    clip_fraction        | 0.0615       |
|    clip_range           | 0.2          |
|    entropy_loss         | 3.25         |
|    explained_variance   | 0.937        |
|    learning_rate        | 7.04e-05     |
|    loss                 | 1.72         |
|    n_updates            | 5900         |
|    policy_gradient_loss | -0.00163     |
|    std                  | 0.0477       |
|    value_loss           | 7.03         |
------------------------------------------
New best mean reward!
---------------------------------
| rollout/           |          |
|    ep_len_mean     | 2e+03    |
|    ep_rew_mean     | 3.21e+03 |
| time/              |          |
|    fps             | 4290     |
|    iterations      | 591      |
|    time_elapsed    | 5360     |
|    total_timesteps | 22996992 |
---------------------------------
-----------------------------------------
| rollout/                |             |
|    ep_len_mean          | 2e+03       |
|    ep_rew_mean          | 3.21e+03    |
| time/                   |             |
|    fps                  | 4293        |
|    iterations           | 592         |
|    time_elapsed         | 5365        |
|    total_timesteps      | 23035904    |
| train/                  |             |
|    approx_kl            | 0.006016752 |
|    clip_fraction        | 0.0517      |
|    clip_range           | 0.2         |
|    entropy_loss         | 3.25        |
|    explained_variance   | 0.913       |
|    learning_rate        | 7e-05       |
|    loss                 | 3.6         |
|    n_updates            | 5910        |
|    policy_gradient_loss | -0.00139    |
|    std                  | 0.0476      |
|    value_loss           | 9.5         |
-----------------------------------------
-----------------------------------------
| rollout/                |             |
|    ep_len_mean          | 2e+03       |
|    ep_rew_mean          | 3.2e+03     |
| time/                   |             |
|    fps                  | 4295        |
|    iterations           | 593         |
|    time_elapsed         | 5371        |
|    total_timesteps      | 23074816    |
| train/                  |             |
|    approx_kl            | 0.004858838 |
|    clip_fraction        | 0.0541      |
|    clip_range           | 0.2         |
|    entropy_loss         | 3.24        |
|    explained_variance   | 0.923       |
|    learning_rate        | 6.96e-05    |
|    loss                 | 3.96        |
|    n_updates            | 5920        |
|    policy_gradient_loss | -0.00157    |
|    std                  | 0.048       |
|    value_loss           | 9.07        |
-----------------------------------------
------------------------------------------
| rollout/                |              |
|    ep_len_mean          | 2e+03        |
|    ep_rew_mean          | 3.22e+03     |
| time/                   |              |
|    fps                  | 4298         |
|    iterations           | 594          |
|    time_elapsed         | 5376         |
|    total_timesteps      | 23113728     |
| train/                  |              |
|    approx_kl            | 0.0054175616 |
|    clip_fraction        | 0.0523       |
|    clip_range           | 0.2          |
|    entropy_loss         | 3.23         |
|    explained_variance   | 0.896        |
|    learning_rate        | 6.93e-05     |
|    loss                 | 2.77         |
|    n_updates            | 5930         |
|    policy_gradient_loss | -0.00153     |
|    std                  | 0.0484       |
|    value_loss           | 11.5         |
------------------------------------------
------------------------------------------
| rollout/                |              |
|    ep_len_mean          | 2e+03        |
|    ep_rew_mean          | 3.21e+03     |
| time/                   |              |
|    fps                  | 4301         |
|    iterations           | 595          |
|    time_elapsed         | 5382         |
|    total_timesteps      | 23152640     |
| train/                  |              |
|    approx_kl            | 0.0063129975 |
|    clip_fraction        | 0.0663       |
|    clip_range           | 0.2          |
|    entropy_loss         | 3.22         |
|    explained_variance   | 0.922        |
|    learning_rate        | 6.89e-05     |
|    loss                 | 2.68         |
|    n_updates            | 5940         |
|    policy_gradient_loss | -0.00114     |
|    std                  | 0.0483       |
|    value_loss           | 6.6          |
------------------------------------------
Eval num_timesteps=23180000, episode_reward=3368.82 +/- 213.65
Episode length: 2000.00 +/- 0.00
-----------------------------------------
| eval/                   |             |
|    mean_ep_length       | 2e+03       |
|    mean_reward          | 3.37e+03    |
| time/                   |             |
|    total_timesteps      | 23180000    |
| train/                  |             |
|    approx_kl            | 0.005362842 |
|    clip_fraction        | 0.0474      |
|    clip_range           | 0.2         |
|    entropy_loss         | 3.22        |
|    explained_variance   | 0.935       |
|    learning_rate        | 6.85e-05    |
|    loss                 | 1.31        |
|    n_updates            | 5950        |
|    policy_gradient_loss | -0.000761   |
|    std                  | 0.0484      |
|    value_loss           | 6.59        |
-----------------------------------------
New best mean reward!
---------------------------------
| rollout/           |          |
|    ep_len_mean     | 2e+03    |
|    ep_rew_mean     | 3.21e+03 |
| time/              |          |
|    fps             | 4290     |
|    iterations      | 596      |
|    time_elapsed    | 5405     |
|    total_timesteps | 23191552 |
---------------------------------
------------------------------------------
| rollout/                |              |
|    ep_len_mean          | 2e+03        |
|    ep_rew_mean          | 3.21e+03     |
| time/                   |              |
|    fps                  | 4293         |
|    iterations           | 597          |
|    time_elapsed         | 5410         |
|    total_timesteps      | 23230464     |
| train/                  |              |
|    approx_kl            | 0.0051692575 |
|    clip_fraction        | 0.0515       |
|    clip_range           | 0.2          |
|    entropy_loss         | 3.22         |
|    explained_variance   | 0.907        |
|    learning_rate        | 6.81e-05     |
|    loss                 | 2.99         |
|    n_updates            | 5960         |
|    policy_gradient_loss | -0.00141     |
|    std                  | 0.0484       |
|    value_loss           | 10.2         |
------------------------------------------
-----------------------------------------
| rollout/                |             |
|    ep_len_mean          | 2e+03       |
|    ep_rew_mean          | 3.21e+03    |
| time/                   |             |
|    fps                  | 4296        |
|    iterations           | 598         |
|    time_elapsed         | 5416        |
|    total_timesteps      | 23269376    |
| train/                  |             |
|    approx_kl            | 0.005330798 |
|    clip_fraction        | 0.0523      |
|    clip_range           | 0.2         |
|    entropy_loss         | 3.22        |
|    explained_variance   | 0.927       |
|    learning_rate        | 6.77e-05    |
|    loss                 | 7.28        |
|    n_updates            | 5970        |
|    policy_gradient_loss | -0.00128    |
|    std                  | 0.0484      |
|    value_loss           | 9.62        |
-----------------------------------------
------------------------------------------
| rollout/                |              |
|    ep_len_mean          | 2e+03        |
|    ep_rew_mean          | 3.2e+03      |
| time/                   |              |
|    fps                  | 4299         |
|    iterations           | 599          |
|    time_elapsed         | 5421         |
|    total_timesteps      | 23308288     |
| train/                  |              |
|    approx_kl            | 0.0059129084 |
|    clip_fraction        | 0.0515       |
|    clip_range           | 0.2          |
|    entropy_loss         | 3.21         |
|    explained_variance   | 0.901        |
|    learning_rate        | 6.73e-05     |
|    loss                 | 3.51         |
|    n_updates            | 5980         |
|    policy_gradient_loss | -0.00141     |
|    std                  | 0.0488       |
|    value_loss           | 13.5         |
------------------------------------------
------------------------------------------
| rollout/                |              |
|    ep_len_mean          | 2e+03        |
|    ep_rew_mean          | 3.2e+03      |
| time/                   |              |
|    fps                  | 4302         |
|    iterations           | 600          |
|    time_elapsed         | 5426         |
|    total_timesteps      | 23347200     |
| train/                  |              |
|    approx_kl            | 0.0046648113 |
|    clip_fraction        | 0.043        |
|    clip_range           | 0.2          |
|    entropy_loss         | 3.21         |
|    explained_variance   | 0.91         |
|    learning_rate        | 6.69e-05     |
|    loss                 | 2.38         |
|    n_updates            | 5990         |
|    policy_gradient_loss | -0.000993    |
|    std                  | 0.0487       |
|    value_loss           | 9.04         |
------------------------------------------
Eval num_timesteps=23370000, episode_reward=3332.17 +/- 227.54
Episode length: 2000.00 +/- 0.00
----------------------------------------
| eval/                   |            |
|    mean_ep_length       | 2e+03      |
|    mean_reward          | 3.33e+03   |
| time/                   |            |
|    total_timesteps      | 23370000   |
| train/                  |            |
|    approx_kl            | 0.00688303 |
|    clip_fraction        | 0.0526     |
|    clip_range           | 0.2        |
|    entropy_loss         | 3.21       |
|    explained_variance   | 0.937      |
|    learning_rate        | 6.65e-05   |
|    loss                 | 3.21       |
|    n_updates            | 6000       |
|    policy_gradient_loss | -0.00126   |
|    std                  | 0.0486     |
|    value_loss           | 8.02       |
----------------------------------------
---------------------------------
| rollout/           |          |
|    ep_len_mean     | 2e+03    |
|    ep_rew_mean     | 3.21e+03 |
| time/              |          |
|    fps             | 4290     |
|    iterations      | 601      |
|    time_elapsed    | 5450     |
|    total_timesteps | 23386112 |
---------------------------------
-----------------------------------------
| rollout/                |             |
|    ep_len_mean          | 2e+03       |
|    ep_rew_mean          | 3.21e+03    |
| time/                   |             |
|    fps                  | 4293        |
|    iterations           | 602         |
|    time_elapsed         | 5455        |
|    total_timesteps      | 23425024    |
| train/                  |             |
|    approx_kl            | 0.005700125 |
|    clip_fraction        | 0.0621      |
|    clip_range           | 0.2         |
|    entropy_loss         | 3.21        |
|    explained_variance   | 0.91        |
|    learning_rate        | 6.61e-05    |
|    loss                 | 5.71        |
|    n_updates            | 6010        |
|    policy_gradient_loss | -0.00166    |
|    std                  | 0.0488      |
|    value_loss           | 8.96        |
-----------------------------------------
------------------------------------------
| rollout/                |              |
|    ep_len_mean          | 2e+03        |
|    ep_rew_mean          | 3.21e+03     |
| time/                   |              |
|    fps                  | 4296         |
|    iterations           | 603          |
|    time_elapsed         | 5460         |
|    total_timesteps      | 23463936     |
| train/                  |              |
|    approx_kl            | 0.0048153936 |
|    clip_fraction        | 0.0398       |
|    clip_range           | 0.2          |
|    entropy_loss         | 3.2          |
|    explained_variance   | 0.914        |
|    learning_rate        | 6.57e-05     |
|    loss                 | 4.72         |
|    n_updates            | 6020         |
|    policy_gradient_loss | -0.00121     |
|    std                  | 0.0489       |
|    value_loss           | 11.7         |
------------------------------------------
------------------------------------------
| rollout/                |              |
|    ep_len_mean          | 2e+03        |
|    ep_rew_mean          | 3.2e+03      |
| time/                   |              |
|    fps                  | 4299         |
|    iterations           | 604          |
|    time_elapsed         | 5465         |
|    total_timesteps      | 23502848     |
| train/                  |              |
|    approx_kl            | 0.0058417656 |
|    clip_fraction        | 0.0519       |
|    clip_range           | 0.2          |
|    entropy_loss         | 3.2          |
|    explained_variance   | 0.903        |
|    learning_rate        | 6.54e-05     |
|    loss                 | 5.51         |
|    n_updates            | 6030         |
|    policy_gradient_loss | -0.00172     |
|    std                  | 0.0491       |
|    value_loss           | 12.1         |
------------------------------------------
-----------------------------------------
| rollout/                |             |
|    ep_len_mean          | 2e+03       |
|    ep_rew_mean          | 3.22e+03    |
| time/                   |             |
|    fps                  | 4302        |
|    iterations           | 605         |
|    time_elapsed         | 5471        |
|    total_timesteps      | 23541760    |
| train/                  |             |
|    approx_kl            | 0.005694167 |
|    clip_fraction        | 0.0635      |
|    clip_range           | 0.2         |
|    entropy_loss         | 3.19        |
|    explained_variance   | 0.922       |
|    learning_rate        | 6.5e-05     |
|    loss                 | 4.07        |
|    n_updates            | 6040        |
|    policy_gradient_loss | -0.00219    |
|    std                  | 0.049       |
|    value_loss           | 9.01        |
-----------------------------------------
Eval num_timesteps=23560000, episode_reward=3348.85 +/- 229.84
Episode length: 2000.00 +/- 0.00
------------------------------------------
| eval/                   |              |
|    mean_ep_length       | 2e+03        |
|    mean_reward          | 3.35e+03     |
| time/                   |              |
|    total_timesteps      | 23560000     |
| train/                  |              |
|    approx_kl            | 0.0053136884 |
|    clip_fraction        | 0.0475       |
|    clip_range           | 0.2          |
|    entropy_loss         | 3.19         |
|    explained_variance   | 0.917        |
|    learning_rate        | 6.46e-05     |
|    loss                 | 3.91         |
|    n_updates            | 6050         |
|    policy_gradient_loss | -0.00109     |
|    std                  | 0.049        |
|    value_loss           | 9.59         |
------------------------------------------
---------------------------------
| rollout/           |          |
|    ep_len_mean     | 2e+03    |
|    ep_rew_mean     | 3.21e+03 |
| time/              |          |
|    fps             | 4291     |
|    iterations      | 606      |
|    time_elapsed    | 5494     |
|    total_timesteps | 23580672 |
---------------------------------
-----------------------------------------
| rollout/                |             |
|    ep_len_mean          | 2e+03       |
|    ep_rew_mean          | 3.22e+03    |
| time/                   |             |
|    fps                  | 4294        |
|    iterations           | 607         |
|    time_elapsed         | 5499        |
|    total_timesteps      | 23619584    |
| train/                  |             |
|    approx_kl            | 0.004678611 |
|    clip_fraction        | 0.0352      |
|    clip_range           | 0.2         |
|    entropy_loss         | 3.2         |
|    explained_variance   | 0.921       |
|    learning_rate        | 6.42e-05    |
|    loss                 | 3.76        |
|    n_updates            | 6060        |
|    policy_gradient_loss | -0.00125    |
|    std                  | 0.0489      |
|    value_loss           | 12.2        |
-----------------------------------------
-----------------------------------------
| rollout/                |             |
|    ep_len_mean          | 2e+03       |
|    ep_rew_mean          | 3.23e+03    |
| time/                   |             |
|    fps                  | 4297        |
|    iterations           | 608         |
|    time_elapsed         | 5505        |
|    total_timesteps      | 23658496    |
| train/                  |             |
|    approx_kl            | 0.005487466 |
|    clip_fraction        | 0.0508      |
|    clip_range           | 0.2         |
|    entropy_loss         | 3.2         |
|    explained_variance   | 0.92        |
|    learning_rate        | 6.38e-05    |
|    loss                 | 3.93        |
|    n_updates            | 6070        |
|    policy_gradient_loss | -0.000861   |
|    std                  | 0.0488      |
|    value_loss           | 9.43        |
-----------------------------------------
-----------------------------------------
| rollout/                |             |
|    ep_len_mean          | 2e+03       |
|    ep_rew_mean          | 3.25e+03    |
| time/                   |             |
|    fps                  | 4300        |
|    iterations           | 609         |
|    time_elapsed         | 5510        |
|    total_timesteps      | 23697408    |
| train/                  |             |
|    approx_kl            | 0.006054219 |
|    clip_fraction        | 0.0643      |
|    clip_range           | 0.2         |
|    entropy_loss         | 3.2         |
|    explained_variance   | 0.914       |
|    learning_rate        | 6.34e-05    |
|    loss                 | 3.22        |
|    n_updates            | 6080        |
|    policy_gradient_loss | -0.00124    |
|    std                  | 0.0489      |
|    value_loss           | 7.97        |
-----------------------------------------
-----------------------------------------
| rollout/                |             |
|    ep_len_mean          | 2e+03       |
|    ep_rew_mean          | 3.25e+03    |
| time/                   |             |
|    fps                  | 4303        |
|    iterations           | 610         |
|    time_elapsed         | 5515        |
|    total_timesteps      | 23736320    |
| train/                  |             |
|    approx_kl            | 0.004977636 |
|    clip_fraction        | 0.0404      |
|    clip_range           | 0.2         |
|    entropy_loss         | 3.2         |
|    explained_variance   | 0.904       |
|    learning_rate        | 6.3e-05     |
|    loss                 | 1.94        |
|    n_updates            | 6090        |
|    policy_gradient_loss | -0.00148    |
|    std                  | 0.0488      |
|    value_loss           | 9.57        |
-----------------------------------------
Eval num_timesteps=23750000, episode_reward=3371.28 +/- 214.85
Episode length: 2000.00 +/- 0.00
------------------------------------------
| eval/                   |              |
|    mean_ep_length       | 2e+03        |
|    mean_reward          | 3.37e+03     |
| time/                   |              |
|    total_timesteps      | 23750000     |
| train/                  |              |
|    approx_kl            | 0.0057563265 |
|    clip_fraction        | 0.0465       |
|    clip_range           | 0.2          |
|    entropy_loss         | 3.2          |
|    explained_variance   | 0.932        |
|    learning_rate        | 6.26e-05     |
|    loss                 | 4.12         |
|    n_updates            | 6100         |
|    policy_gradient_loss | -0.000932    |
|    std                  | 0.0488       |
|    value_loss           | 11.4         |
------------------------------------------
New best mean reward!
---------------------------------
| rollout/           |          |
|    ep_len_mean     | 2e+03    |
|    ep_rew_mean     | 3.24e+03 |
| time/              |          |
|    fps             | 4291     |
|    iterations      | 611      |
|    time_elapsed    | 5539     |
|    total_timesteps | 23775232 |
---------------------------------
------------------------------------------
| rollout/                |              |
|    ep_len_mean          | 2e+03        |
|    ep_rew_mean          | 3.23e+03     |
| time/                   |              |
|    fps                  | 4294         |
|    iterations           | 612          |
|    time_elapsed         | 5544         |
|    total_timesteps      | 23814144     |
| train/                  |              |
|    approx_kl            | 0.0065494827 |
|    clip_fraction        | 0.0588       |
|    clip_range           | 0.2          |
|    entropy_loss         | 3.2          |
|    explained_variance   | 0.896        |
|    learning_rate        | 6.22e-05     |
|    loss                 | 5.36         |
|    n_updates            | 6110         |
|    policy_gradient_loss | -0.0024      |
|    std                  | 0.049        |
|    value_loss           | 11.2         |
------------------------------------------
-----------------------------------------
| rollout/                |             |
|    ep_len_mean          | 2e+03       |
|    ep_rew_mean          | 3.24e+03    |
| time/                   |             |
|    fps                  | 4297        |
|    iterations           | 613         |
|    time_elapsed         | 5549        |
|    total_timesteps      | 23853056    |
| train/                  |             |
|    approx_kl            | 0.005444622 |
|    clip_fraction        | 0.0405      |
|    clip_range           | 0.2         |
|    entropy_loss         | 3.2         |
|    explained_variance   | 0.932       |
|    learning_rate        | 6.19e-05    |
|    loss                 | 5.36        |
|    n_updates            | 6120        |
|    policy_gradient_loss | -0.00114    |
|    std                  | 0.049       |
|    value_loss           | 10.4        |
-----------------------------------------
------------------------------------------
| rollout/                |              |
|    ep_len_mean          | 2e+03        |
|    ep_rew_mean          | 3.24e+03     |
| time/                   |              |
|    fps                  | 4300         |
|    iterations           | 614          |
|    time_elapsed         | 5555         |
|    total_timesteps      | 23891968     |
| train/                  |              |
|    approx_kl            | 0.0053744554 |
|    clip_fraction        | 0.0595       |
|    clip_range           | 0.2          |
|    entropy_loss         | 3.2          |
|    explained_variance   | 0.923        |
|    learning_rate        | 6.15e-05     |
|    loss                 | 3.99         |
|    n_updates            | 6130         |
|    policy_gradient_loss | -0.000907    |
|    std                  | 0.0488       |
|    value_loss           | 7.96         |
------------------------------------------
------------------------------------------
| rollout/                |              |
|    ep_len_mean          | 2e+03        |
|    ep_rew_mean          | 3.23e+03     |
| time/                   |              |
|    fps                  | 4303         |
|    iterations           | 615          |
|    time_elapsed         | 5560         |
|    total_timesteps      | 23930880     |
| train/                  |              |
|    approx_kl            | 0.0053294473 |
|    clip_fraction        | 0.0506       |
|    clip_range           | 0.2          |
|    entropy_loss         | 3.2          |
|    explained_variance   | 0.912        |
|    learning_rate        | 6.11e-05     |
|    loss                 | 5.5          |
|    n_updates            | 6140         |
|    policy_gradient_loss | -0.00131     |
|    std                  | 0.049        |
|    value_loss           | 10.1         |
------------------------------------------
Eval num_timesteps=23940000, episode_reward=3370.43 +/- 220.51
Episode length: 2000.00 +/- 0.00
-----------------------------------------
| eval/                   |             |
|    mean_ep_length       | 2e+03       |
|    mean_reward          | 3.37e+03    |
| time/                   |             |
|    total_timesteps      | 23940000    |
| train/                  |             |
|    approx_kl            | 0.006502245 |
|    clip_fraction        | 0.0517      |
|    clip_range           | 0.2         |
|    entropy_loss         | 3.2         |
|    explained_variance   | 0.88        |
|    learning_rate        | 6.07e-05    |
|    loss                 | 8.34        |
|    n_updates            | 6150        |
|    policy_gradient_loss | -0.00171    |
|    std                  | 0.049       |
|    value_loss           | 11.2        |
-----------------------------------------
---------------------------------
| rollout/           |          |
|    ep_len_mean     | 2e+03    |
|    ep_rew_mean     | 3.25e+03 |
| time/              |          |
|    fps             | 4292     |
|    iterations      | 616      |
|    time_elapsed    | 5583     |
|    total_timesteps | 23969792 |
---------------------------------
-----------------------------------------
| rollout/                |             |
|    ep_len_mean          | 2e+03       |
|    ep_rew_mean          | 3.24e+03    |
| time/                   |             |
|    fps                  | 4295        |
|    iterations           | 617         |
|    time_elapsed         | 5589        |
|    total_timesteps      | 24008704    |
| train/                  |             |
|    approx_kl            | 0.005366338 |
|    clip_fraction        | 0.0528      |
|    clip_range           | 0.2         |
|    entropy_loss         | 3.19        |
|    explained_variance   | 0.91        |
|    learning_rate        | 6.03e-05    |
|    loss                 | 4.2         |
|    n_updates            | 6160        |
|    policy_gradient_loss | -0.000602   |
|    std                  | 0.0492      |
|    value_loss           | 10.1        |
-----------------------------------------
------------------------------------------
| rollout/                |              |
|    ep_len_mean          | 2e+03        |
|    ep_rew_mean          | 3.25e+03     |
| time/                   |              |
|    fps                  | 4298         |
|    iterations           | 618          |
|    time_elapsed         | 5594         |
|    total_timesteps      | 24047616     |
| train/                  |              |
|    approx_kl            | 0.0055945483 |
|    clip_fraction        | 0.051        |
|    clip_range           | 0.2          |
|    entropy_loss         | 3.18         |
|    explained_variance   | 0.916        |
|    learning_rate        | 5.99e-05     |
|    loss                 | 2.79         |
|    n_updates            | 6170         |
|    policy_gradient_loss | -0.00142     |
|    std                  | 0.0493       |
|    value_loss           | 8.42         |
------------------------------------------
------------------------------------------
| rollout/                |              |
|    ep_len_mean          | 2e+03        |
|    ep_rew_mean          | 3.26e+03     |
| time/                   |              |
|    fps                  | 4301         |
|    iterations           | 619          |
|    time_elapsed         | 5599         |
|    total_timesteps      | 24086528     |
| train/                  |              |
|    approx_kl            | 0.0048631765 |
|    clip_fraction        | 0.0433       |
|    clip_range           | 0.2          |
|    entropy_loss         | 3.18         |
|    explained_variance   | 0.914        |
|    learning_rate        | 5.95e-05     |
|    loss                 | 6.11         |
|    n_updates            | 6180         |
|    policy_gradient_loss | -0.00105     |
|    std                  | 0.0495       |
|    value_loss           | 9.07         |
------------------------------------------
-----------------------------------------
| rollout/                |             |
|    ep_len_mean          | 2e+03       |
|    ep_rew_mean          | 3.27e+03    |
| time/                   |             |
|    fps                  | 4304        |
|    iterations           | 620         |
|    time_elapsed         | 5605        |
|    total_timesteps      | 24125440    |
| train/                  |             |
|    approx_kl            | 0.004034997 |
|    clip_fraction        | 0.0409      |
|    clip_range           | 0.2         |
|    entropy_loss         | 3.17        |
|    explained_variance   | 0.923       |
|    learning_rate        | 5.91e-05    |
|    loss                 | 4.04        |
|    n_updates            | 6190        |
|    policy_gradient_loss | -0.000438   |
|    std                  | 0.0496      |
|    value_loss           | 9.15        |
-----------------------------------------
Eval num_timesteps=24130000, episode_reward=3378.61 +/- 216.94
Episode length: 2000.00 +/- 0.00
-----------------------------------------
| eval/                   |             |
|    mean_ep_length       | 2e+03       |
|    mean_reward          | 3.38e+03    |
| time/                   |             |
|    total_timesteps      | 24130000    |
| train/                  |             |
|    approx_kl            | 0.005038839 |
|    clip_fraction        | 0.0545      |
|    clip_range           | 0.2         |
|    entropy_loss         | 3.17        |
|    explained_variance   | 0.895       |
|    learning_rate        | 5.87e-05    |
|    loss                 | 6.33        |
|    n_updates            | 6200        |
|    policy_gradient_loss | -0.00126    |
|    std                  | 0.0496      |
|    value_loss           | 9.46        |
-----------------------------------------
New best mean reward!
---------------------------------
| rollout/           |          |
|    ep_len_mean     | 2e+03    |
|    ep_rew_mean     | 3.26e+03 |
| time/              |          |
|    fps             | 4292     |
|    iterations      | 621      |
|    time_elapsed    | 5629     |
|    total_timesteps | 24164352 |
---------------------------------
------------------------------------------
| rollout/                |              |
|    ep_len_mean          | 2e+03        |
|    ep_rew_mean          | 3.27e+03     |
| time/                   |              |
|    fps                  | 4295         |
|    iterations           | 622          |
|    time_elapsed         | 5634         |
|    total_timesteps      | 24203264     |
| train/                  |              |
|    approx_kl            | 0.0062734857 |
|    clip_fraction        | 0.0597       |
|    clip_range           | 0.2          |
|    entropy_loss         | 3.17         |
|    explained_variance   | 0.895        |
|    learning_rate        | 5.84e-05     |
|    loss                 | 3.51         |
|    n_updates            | 6210         |
|    policy_gradient_loss | -0.00151     |
|    std                  | 0.0494       |
|    value_loss           | 10           |
------------------------------------------
------------------------------------------
| rollout/                |              |
|    ep_len_mean          | 2e+03        |
|    ep_rew_mean          | 3.27e+03     |
| time/                   |              |
|    fps                  | 4298         |
|    iterations           | 623          |
|    time_elapsed         | 5639         |
|    total_timesteps      | 24242176     |
| train/                  |              |
|    approx_kl            | 0.0056968676 |
|    clip_fraction        | 0.0552       |
|    clip_range           | 0.2          |
|    entropy_loss         | 3.18         |
|    explained_variance   | 0.941        |
|    learning_rate        | 5.8e-05      |
|    loss                 | 1.4          |
|    n_updates            | 6220         |
|    policy_gradient_loss | -0.0015      |
|    std                  | 0.0494       |
|    value_loss           | 6.24         |
------------------------------------------
------------------------------------------
| rollout/                |              |
|    ep_len_mean          | 2e+03        |
|    ep_rew_mean          | 3.28e+03     |
| time/                   |              |
|    fps                  | 4301         |
|    iterations           | 624          |
|    time_elapsed         | 5644         |
|    total_timesteps      | 24281088     |
| train/                  |              |
|    approx_kl            | 0.0052794586 |
|    clip_fraction        | 0.043        |
|    clip_range           | 0.2          |
|    entropy_loss         | 3.17         |
|    explained_variance   | 0.918        |
|    learning_rate        | 5.76e-05     |
|    loss                 | 1.49         |
|    n_updates            | 6230         |
|    policy_gradient_loss | -0.00106     |
|    std                  | 0.0495       |
|    value_loss           | 10.8         |
------------------------------------------
Eval num_timesteps=24320000, episode_reward=3370.07 +/- 211.19
Episode length: 2000.00 +/- 0.00
------------------------------------------
| eval/                   |              |
|    mean_ep_length       | 2e+03        |
|    mean_reward          | 3.37e+03     |
| time/                   |              |
|    total_timesteps      | 24320000     |
| train/                  |              |
|    approx_kl            | 0.0054834243 |
|    clip_fraction        | 0.0506       |
|    clip_range           | 0.2          |
|    entropy_loss         | 3.17         |
|    explained_variance   | 0.914        |
|    learning_rate        | 5.72e-05     |
|    loss                 | 5.5          |
|    n_updates            | 6240         |
|    policy_gradient_loss | -0.00188     |
|    std                  | 0.0497       |
|    value_loss           | 10.1         |
------------------------------------------
---------------------------------
| rollout/           |          |
|    ep_len_mean     | 2e+03    |
|    ep_rew_mean     | 3.26e+03 |
| time/              |          |
|    fps             | 4290     |
|    iterations      | 625      |
|    time_elapsed    | 5668     |
|    total_timesteps | 24320000 |
---------------------------------
------------------------------------------
| rollout/                |              |
|    ep_len_mean          | 2e+03        |
|    ep_rew_mean          | 3.27e+03     |
| time/                   |              |
|    fps                  | 4293         |
|    iterations           | 626          |
|    time_elapsed         | 5673         |
|    total_timesteps      | 24358912     |
| train/                  |              |
|    approx_kl            | 0.0065799127 |
|    clip_fraction        | 0.0659       |
|    clip_range           | 0.2          |
|    entropy_loss         | 3.16         |
|    explained_variance   | 0.898        |
|    learning_rate        | 5.68e-05     |
|    loss                 | 6.15         |
|    n_updates            | 6250         |
|    policy_gradient_loss | -0.00209     |
|    std                  | 0.0501       |
|    value_loss           | 11.6         |
------------------------------------------
-----------------------------------------
| rollout/                |             |
|    ep_len_mean          | 2e+03       |
|    ep_rew_mean          | 3.27e+03    |
| time/                   |             |
|    fps                  | 4296        |
|    iterations           | 627         |
|    time_elapsed         | 5678        |
|    total_timesteps      | 24397824    |
| train/                  |             |
|    approx_kl            | 0.006271649 |
|    clip_fraction        | 0.0517      |
|    clip_range           | 0.2         |
|    entropy_loss         | 3.15        |
|    explained_variance   | 0.919       |
|    learning_rate        | 5.64e-05    |
|    loss                 | 5.46        |
|    n_updates            | 6260        |
|    policy_gradient_loss | -0.000623   |
|    std                  | 0.0501      |
|    value_loss           | 7.94        |
-----------------------------------------
------------------------------------------
| rollout/                |              |
|    ep_len_mean          | 2e+03        |
|    ep_rew_mean          | 3.27e+03     |
| time/                   |              |
|    fps                  | 4299         |
|    iterations           | 628          |
|    time_elapsed         | 5684         |
|    total_timesteps      | 24436736     |
| train/                  |              |
|    approx_kl            | 0.0036133125 |
|    clip_fraction        | 0.0356       |
|    clip_range           | 0.2          |
|    entropy_loss         | 3.15         |
|    explained_variance   | 0.932        |
|    learning_rate        | 5.6e-05      |
|    loss                 | 7.47         |
|    n_updates            | 6270         |
|    policy_gradient_loss | -0.00111     |
|    std                  | 0.05         |
|    value_loss           | 10.2         |
------------------------------------------
------------------------------------------
| rollout/                |              |
|    ep_len_mean          | 2e+03        |
|    ep_rew_mean          | 3.25e+03     |
| time/                   |              |
|    fps                  | 4302         |
|    iterations           | 629          |
|    time_elapsed         | 5689         |
|    total_timesteps      | 24475648     |
| train/                  |              |
|    approx_kl            | 0.0057100947 |
|    clip_fraction        | 0.0538       |
|    clip_range           | 0.2          |
|    entropy_loss         | 3.15         |
|    explained_variance   | 0.902        |
|    learning_rate        | 5.56e-05     |
|    loss                 | 3.42         |
|    n_updates            | 6280         |
|    policy_gradient_loss | -0.00136     |
|    std                  | 0.0502       |
|    value_loss           | 12           |
------------------------------------------
Eval num_timesteps=24510000, episode_reward=3377.73 +/- 204.38
Episode length: 2000.00 +/- 0.00
------------------------------------------
| eval/                   |              |
|    mean_ep_length       | 2e+03        |
|    mean_reward          | 3.38e+03     |
| time/                   |              |
|    total_timesteps      | 24510000     |
| train/                  |              |
|    approx_kl            | 0.0049259467 |
|    clip_fraction        | 0.0474       |
|    clip_range           | 0.2          |
|    entropy_loss         | 3.15         |
|    explained_variance   | 0.921        |
|    learning_rate        | 5.52e-05     |
|    loss                 | 2.28         |
|    n_updates            | 6290         |
|    policy_gradient_loss | -0.00145     |
|    std                  | 0.0501       |
|    value_loss           | 7.88         |
------------------------------------------
---------------------------------
| rollout/           |          |
|    ep_len_mean     | 2e+03    |
|    ep_rew_mean     | 3.25e+03 |
| time/              |          |
|    fps             | 4290     |
|    iterations      | 630      |
|    time_elapsed    | 5713     |
|    total_timesteps | 24514560 |
---------------------------------
------------------------------------------
| rollout/                |              |
|    ep_len_mean          | 2e+03        |
|    ep_rew_mean          | 3.24e+03     |
| time/                   |              |
|    fps                  | 4293         |
|    iterations           | 631          |
|    time_elapsed         | 5718         |
|    total_timesteps      | 24553472     |
| train/                  |              |
|    approx_kl            | 0.0038951274 |
|    clip_fraction        | 0.0376       |
|    clip_range           | 0.2          |
|    entropy_loss         | 3.15         |
|    explained_variance   | 0.926        |
|    learning_rate        | 5.49e-05     |
|    loss                 | 7.11         |
|    n_updates            | 6300         |
|    policy_gradient_loss | -0.00124     |
|    std                  | 0.0502       |
|    value_loss           | 9.91         |
------------------------------------------
-----------------------------------------
| rollout/                |             |
|    ep_len_mean          | 2e+03       |
|    ep_rew_mean          | 3.25e+03    |
| time/                   |             |
|    fps                  | 4296        |
|    iterations           | 632         |
|    time_elapsed         | 5723        |
|    total_timesteps      | 24592384    |
| train/                  |             |
|    approx_kl            | 0.004294437 |
|    clip_fraction        | 0.0375      |
|    clip_range           | 0.2         |
|    entropy_loss         | 3.15        |
|    explained_variance   | 0.909       |
|    learning_rate        | 5.45e-05    |
|    loss                 | 4.73        |
|    n_updates            | 6310        |
|    policy_gradient_loss | -0.00144    |
|    std                  | 0.0503      |
|    value_loss           | 14          |
-----------------------------------------
-----------------------------------------
| rollout/                |             |
|    ep_len_mean          | 2e+03       |
|    ep_rew_mean          | 3.24e+03    |
| time/                   |             |
|    fps                  | 4299        |
|    iterations           | 633         |
|    time_elapsed         | 5728        |
|    total_timesteps      | 24631296    |
| train/                  |             |
|    approx_kl            | 0.003595492 |
|    clip_fraction        | 0.0375      |
|    clip_range           | 0.2         |
|    entropy_loss         | 3.14        |
|    explained_variance   | 0.908       |
|    learning_rate        | 5.41e-05    |
|    loss                 | 3.43        |
|    n_updates            | 6320        |
|    policy_gradient_loss | -0.000954   |
|    std                  | 0.0504      |
|    value_loss           | 12.3        |
-----------------------------------------
-----------------------------------------
| rollout/                |             |
|    ep_len_mean          | 2e+03       |
|    ep_rew_mean          | 3.25e+03    |
| time/                   |             |
|    fps                  | 4302        |
|    iterations           | 634         |
|    time_elapsed         | 5733        |
|    total_timesteps      | 24670208    |
| train/                  |             |
|    approx_kl            | 0.005765489 |
|    clip_fraction        | 0.0598      |
|    clip_range           | 0.2         |
|    entropy_loss         | 3.14        |
|    explained_variance   | 0.903       |
|    learning_rate        | 5.37e-05    |
|    loss                 | 5.72        |
|    n_updates            | 6330        |
|    policy_gradient_loss | -0.0017     |
|    std                  | 0.0502      |
|    value_loss           | 10          |
-----------------------------------------
Eval num_timesteps=24700000, episode_reward=3388.20 +/- 194.50
Episode length: 2000.00 +/- 0.00
------------------------------------------
| eval/                   |              |
|    mean_ep_length       | 2e+03        |
|    mean_reward          | 3.39e+03     |
| time/                   |              |
|    total_timesteps      | 24700000     |
| train/                  |              |
|    approx_kl            | 0.0054437434 |
|    clip_fraction        | 0.0547       |
|    clip_range           | 0.2          |
|    entropy_loss         | 3.15         |
|    explained_variance   | 0.928        |
|    learning_rate        | 5.33e-05     |
|    loss                 | 9.32         |
|    n_updates            | 6340         |
|    policy_gradient_loss | -0.00148     |
|    std                  | 0.05         |
|    value_loss           | 9.95         |
------------------------------------------
New best mean reward!
---------------------------------
| rollout/           |          |
|    ep_len_mean     | 2e+03    |
|    ep_rew_mean     | 3.25e+03 |
| time/              |          |
|    fps             | 4291     |
|    iterations      | 635      |
|    time_elapsed    | 5757     |
|    total_timesteps | 24709120 |
---------------------------------
------------------------------------------
| rollout/                |              |
|    ep_len_mean          | 2e+03        |
|    ep_rew_mean          | 3.24e+03     |
| time/                   |              |
|    fps                  | 4294         |
|    iterations           | 636          |
|    time_elapsed         | 5763         |
|    total_timesteps      | 24748032     |
| train/                  |              |
|    approx_kl            | 0.0043463344 |
|    clip_fraction        | 0.0432       |
|    clip_range           | 0.2          |
|    entropy_loss         | 3.15         |
|    explained_variance   | 0.903        |
|    learning_rate        | 5.29e-05     |
|    loss                 | 6.65         |
|    n_updates            | 6350         |
|    policy_gradient_loss | -0.00145     |
|    std                  | 0.05         |
|    value_loss           | 12.7         |
------------------------------------------
-----------------------------------------
| rollout/                |             |
|    ep_len_mean          | 2e+03       |
|    ep_rew_mean          | 3.24e+03    |
| time/                   |             |
|    fps                  | 4297        |
|    iterations           | 637         |
|    time_elapsed         | 5768        |
|    total_timesteps      | 24786944    |
| train/                  |             |
|    approx_kl            | 0.004736873 |
|    clip_fraction        | 0.049       |
|    clip_range           | 0.2         |
|    entropy_loss         | 3.15        |
|    explained_variance   | 0.916       |
|    learning_rate        | 5.25e-05    |
|    loss                 | 5.25        |
|    n_updates            | 6360        |
|    policy_gradient_loss | -0.00129    |
|    std                  | 0.0504      |
|    value_loss           | 10.2        |
-----------------------------------------
-----------------------------------------
| rollout/                |             |
|    ep_len_mean          | 2e+03       |
|    ep_rew_mean          | 3.24e+03    |
| time/                   |             |
|    fps                  | 4300        |
|    iterations           | 638         |
|    time_elapsed         | 5773        |
|    total_timesteps      | 24825856    |
| train/                  |             |
|    approx_kl            | 0.004311218 |
|    clip_fraction        | 0.0329      |
|    clip_range           | 0.2         |
|    entropy_loss         | 3.13        |
|    explained_variance   | 0.907       |
|    learning_rate        | 5.21e-05    |
|    loss                 | 5.36        |
|    n_updates            | 6370        |
|    policy_gradient_loss | -0.00115    |
|    std                  | 0.0507      |
|    value_loss           | 13.2        |
-----------------------------------------
------------------------------------------
| rollout/                |              |
|    ep_len_mean          | 2e+03        |
|    ep_rew_mean          | 3.24e+03     |
| time/                   |              |
|    fps                  | 4302         |
|    iterations           | 639          |
|    time_elapsed         | 5778         |
|    total_timesteps      | 24864768     |
| train/                  |              |
|    approx_kl            | 0.0064446675 |
|    clip_fraction        | 0.063        |
|    clip_range           | 0.2          |
|    entropy_loss         | 3.13         |
|    explained_variance   | 0.91         |
|    learning_rate        | 5.17e-05     |
|    loss                 | 1.97         |
|    n_updates            | 6380         |
|    policy_gradient_loss | -0.00163     |
|    std                  | 0.0508       |
|    value_loss           | 9.68         |
------------------------------------------
Eval num_timesteps=24890000, episode_reward=3407.29 +/- 169.72
Episode length: 2000.00 +/- 0.00
-----------------------------------------
| eval/                   |             |
|    mean_ep_length       | 2e+03       |
|    mean_reward          | 3.41e+03    |
| time/                   |             |
|    total_timesteps      | 24890000    |
| train/                  |             |
|    approx_kl            | 0.004047224 |
|    clip_fraction        | 0.0288      |
|    clip_range           | 0.2         |
|    entropy_loss         | 3.12        |
|    explained_variance   | 0.927       |
|    learning_rate        | 5.14e-05    |
|    loss                 | 5.76        |
|    n_updates            | 6390        |
|    policy_gradient_loss | -0.000617   |
|    std                  | 0.0508      |
|    value_loss           | 11.9        |
-----------------------------------------
New best mean reward!
---------------------------------
| rollout/           |          |
|    ep_len_mean     | 2e+03    |
|    ep_rew_mean     | 3.24e+03 |
| time/              |          |
|    fps             | 4291     |
|    iterations      | 640      |
|    time_elapsed    | 5802     |
|    total_timesteps | 24903680 |
---------------------------------
-----------------------------------------
| rollout/                |             |
|    ep_len_mean          | 2e+03       |
|    ep_rew_mean          | 3.24e+03    |
| time/                   |             |
|    fps                  | 4294        |
|    iterations           | 641         |
|    time_elapsed         | 5807        |
|    total_timesteps      | 24942592    |
| train/                  |             |
|    approx_kl            | 0.006783921 |
|    clip_fraction        | 0.0654      |
|    clip_range           | 0.2         |
|    entropy_loss         | 3.12        |
|    explained_variance   | 0.91        |
|    learning_rate        | 5.1e-05     |
|    loss                 | 7.72        |
|    n_updates            | 6400        |
|    policy_gradient_loss | -0.00145    |
|    std                  | 0.0509      |
|    value_loss           | 9.27        |
-----------------------------------------
------------------------------------------
| rollout/                |              |
|    ep_len_mean          | 2e+03        |
|    ep_rew_mean          | 3.24e+03     |
| time/                   |              |
|    fps                  | 4297         |
|    iterations           | 642          |
|    time_elapsed         | 5812         |
|    total_timesteps      | 24981504     |
| train/                  |              |
|    approx_kl            | 0.0053769415 |
|    clip_fraction        | 0.0522       |
|    clip_range           | 0.2          |
|    entropy_loss         | 3.12         |
|    explained_variance   | 0.91         |
|    learning_rate        | 5.06e-05     |
|    loss                 | 7.29         |
|    n_updates            | 6410         |
|    policy_gradient_loss | -0.00149     |
|    std                  | 0.0508       |
|    value_loss           | 12.9         |
------------------------------------------
-----------------------------------------
| rollout/                |             |
|    ep_len_mean          | 2e+03       |
|    ep_rew_mean          | 3.24e+03    |
| time/                   |             |
|    fps                  | 4300        |
|    iterations           | 643         |
|    time_elapsed         | 5818        |
|    total_timesteps      | 25020416    |
| train/                  |             |
|    approx_kl            | 0.004191417 |
|    clip_fraction        | 0.0382      |
|    clip_range           | 0.2         |
|    entropy_loss         | 3.12        |
|    explained_variance   | 0.921       |
|    learning_rate        | 5.02e-05    |
|    loss                 | 4.71        |
|    n_updates            | 6420        |
|    policy_gradient_loss | -0.00151    |
|    std                  | 0.051       |
|    value_loss           | 10.7        |
-----------------------------------------
------------------------------------------
| rollout/                |              |
|    ep_len_mean          | 2e+03        |
|    ep_rew_mean          | 3.23e+03     |
| time/                   |              |
|    fps                  | 4303         |
|    iterations           | 644          |
|    time_elapsed         | 5823         |
|    total_timesteps      | 25059328     |
| train/                  |              |
|    approx_kl            | 0.0062474394 |
|    clip_fraction        | 0.0554       |
|    clip_range           | 0.2          |
|    entropy_loss         | 3.11         |
|    explained_variance   | 0.912        |
|    learning_rate        | 4.98e-05     |
|    loss                 | 3.56         |
|    n_updates            | 6430         |
|    policy_gradient_loss | -0.000891    |
|    std                  | 0.051        |
|    value_loss           | 11.7         |
------------------------------------------
Eval num_timesteps=25080000, episode_reward=3415.31 +/- 195.16
Episode length: 2000.00 +/- 0.00
------------------------------------------
| eval/                   |              |
|    mean_ep_length       | 2e+03        |
|    mean_reward          | 3.42e+03     |
| time/                   |              |
|    total_timesteps      | 25080000     |
| train/                  |              |
|    approx_kl            | 0.0042827222 |
|    clip_fraction        | 0.0365       |
|    clip_range           | 0.2          |
|    entropy_loss         | 3.11         |
|    explained_variance   | 0.896        |
|    learning_rate        | 4.94e-05     |
|    loss                 | 4.07         |
|    n_updates            | 6440         |
|    policy_gradient_loss | -0.00143     |
|    std                  | 0.0512       |
|    value_loss           | 13.9         |
------------------------------------------
New best mean reward!
---------------------------------
| rollout/           |          |
|    ep_len_mean     | 2e+03    |
|    ep_rew_mean     | 3.24e+03 |
| time/              |          |
|    fps             | 4292     |
|    iterations      | 645      |
|    time_elapsed    | 5847     |
|    total_timesteps | 25098240 |
---------------------------------
-----------------------------------------
| rollout/                |             |
|    ep_len_mean          | 2e+03       |
|    ep_rew_mean          | 3.24e+03    |
| time/                   |             |
|    fps                  | 4295        |
|    iterations           | 646         |
|    time_elapsed         | 5852        |
|    total_timesteps      | 25137152    |
| train/                  |             |
|    approx_kl            | 0.005084567 |
|    clip_fraction        | 0.0531      |
|    clip_range           | 0.2         |
|    entropy_loss         | 3.11        |
|    explained_variance   | 0.901       |
|    learning_rate        | 4.9e-05     |
|    loss                 | 2.5         |
|    n_updates            | 6450        |
|    policy_gradient_loss | -0.00109    |
|    std                  | 0.0511      |
|    value_loss           | 10.1        |
-----------------------------------------
----------------------------------------
| rollout/                |            |
|    ep_len_mean          | 2e+03      |
|    ep_rew_mean          | 3.24e+03   |
| time/                   |            |
|    fps                  | 4298       |
|    iterations           | 647        |
|    time_elapsed         | 5857       |
|    total_timesteps      | 25176064   |
| train/                  |            |
|    approx_kl            | 0.00491347 |
|    clip_fraction        | 0.0443     |
|    clip_range           | 0.2        |
|    entropy_loss         | 3.11       |
|    explained_variance   | 0.874      |
|    learning_rate        | 4.86e-05   |
|    loss                 | 7.1        |
|    n_updates            | 6460       |
|    policy_gradient_loss | -0.00176   |
|    std                  | 0.0511     |
|    value_loss           | 17         |
----------------------------------------
-----------------------------------------
| rollout/                |             |
|    ep_len_mean          | 2e+03       |
|    ep_rew_mean          | 3.25e+03    |
| time/                   |             |
|    fps                  | 4300        |
|    iterations           | 648         |
|    time_elapsed         | 5862        |
|    total_timesteps      | 25214976    |
| train/                  |             |
|    approx_kl            | 0.004903685 |
|    clip_fraction        | 0.0381      |
|    clip_range           | 0.2         |
|    entropy_loss         | 3.11        |
|    explained_variance   | 0.897       |
|    learning_rate        | 4.82e-05    |
|    loss                 | 9.2         |
|    n_updates            | 6470        |
|    policy_gradient_loss | -0.000855   |
|    std                  | 0.0511      |
|    value_loss           | 14.1        |
-----------------------------------------
------------------------------------------
| rollout/                |              |
|    ep_len_mean          | 2e+03        |
|    ep_rew_mean          | 3.26e+03     |
| time/                   |              |
|    fps                  | 4303         |
|    iterations           | 649          |
|    time_elapsed         | 5867         |
|    total_timesteps      | 25253888     |
| train/                  |              |
|    approx_kl            | 0.0056749135 |
|    clip_fraction        | 0.0504       |
|    clip_range           | 0.2          |
|    entropy_loss         | 3.1          |
|    explained_variance   | 0.934        |
|    learning_rate        | 4.79e-05     |
|    loss                 | 3.56         |
|    n_updates            | 6480         |
|    policy_gradient_loss | -0.00161     |
|    std                  | 0.0514       |
|    value_loss           | 9.51         |
------------------------------------------
Eval num_timesteps=25270000, episode_reward=3414.14 +/- 172.52
Episode length: 2000.00 +/- 0.00
------------------------------------------
| eval/                   |              |
|    mean_ep_length       | 2e+03        |
|    mean_reward          | 3.41e+03     |
| time/                   |              |
|    total_timesteps      | 25270000     |
| train/                  |              |
|    approx_kl            | 0.0051636756 |
|    clip_fraction        | 0.0459       |
|    clip_range           | 0.2          |
|    entropy_loss         | 3.1          |
|    explained_variance   | 0.913        |
|    learning_rate        | 4.75e-05     |
|    loss                 | 7.87         |
|    n_updates            | 6490         |
|    policy_gradient_loss | -0.00164     |
|    std                  | 0.0515       |
|    value_loss           | 14           |
------------------------------------------
---------------------------------
| rollout/           |          |
|    ep_len_mean     | 2e+03    |
|    ep_rew_mean     | 3.26e+03 |
| time/              |          |
|    fps             | 4292     |
|    iterations      | 650      |
|    time_elapsed    | 5891     |
|    total_timesteps | 25292800 |
---------------------------------
------------------------------------------
| rollout/                |              |
|    ep_len_mean          | 2e+03        |
|    ep_rew_mean          | 3.26e+03     |
| time/                   |              |
|    fps                  | 4295         |
|    iterations           | 651          |
|    time_elapsed         | 5897         |
|    total_timesteps      | 25331712     |
| train/                  |              |
|    approx_kl            | 0.0046049412 |
|    clip_fraction        | 0.0451       |
|    clip_range           | 0.2          |
|    entropy_loss         | 3.09         |
|    explained_variance   | 0.896        |
|    learning_rate        | 4.71e-05     |
|    loss                 | 5.15         |
|    n_updates            | 6500         |
|    policy_gradient_loss | -0.00136     |
|    std                  | 0.0515       |
|    value_loss           | 12.4         |
------------------------------------------
-----------------------------------------
| rollout/                |             |
|    ep_len_mean          | 2e+03       |
|    ep_rew_mean          | 3.26e+03    |
| time/                   |             |
|    fps                  | 4298        |
|    iterations           | 652         |
|    time_elapsed         | 5902        |
|    total_timesteps      | 25370624    |
| train/                  |             |
|    approx_kl            | 0.004130381 |
|    clip_fraction        | 0.0488      |
|    clip_range           | 0.2         |
|    entropy_loss         | 3.1         |
|    explained_variance   | 0.909       |
|    learning_rate        | 4.67e-05    |
|    loss                 | 7.39        |
|    n_updates            | 6510        |
|    policy_gradient_loss | -0.00147    |
|    std                  | 0.0515      |
|    value_loss           | 9.41        |
-----------------------------------------
------------------------------------------
| rollout/                |              |
|    ep_len_mean          | 2e+03        |
|    ep_rew_mean          | 3.26e+03     |
| time/                   |              |
|    fps                  | 4301         |
|    iterations           | 653          |
|    time_elapsed         | 5907         |
|    total_timesteps      | 25409536     |
| train/                  |              |
|    approx_kl            | 0.0052301316 |
|    clip_fraction        | 0.0397       |
|    clip_range           | 0.2          |
|    entropy_loss         | 3.1          |
|    explained_variance   | 0.93         |
|    learning_rate        | 4.63e-05     |
|    loss                 | 3.86         |
|    n_updates            | 6520         |
|    policy_gradient_loss | -0.00105     |
|    std                  | 0.0515       |
|    value_loss           | 9.45         |
------------------------------------------
-----------------------------------------
| rollout/                |             |
|    ep_len_mean          | 2e+03       |
|    ep_rew_mean          | 3.26e+03    |
| time/                   |             |
|    fps                  | 4304        |
|    iterations           | 654         |
|    time_elapsed         | 5912        |
|    total_timesteps      | 25448448    |
| train/                  |             |
|    approx_kl            | 0.005212553 |
|    clip_fraction        | 0.0487      |
|    clip_range           | 0.2         |
|    entropy_loss         | 3.09        |
|    explained_variance   | 0.89        |
|    learning_rate        | 4.59e-05    |
|    loss                 | 3.73        |
|    n_updates            | 6530        |
|    policy_gradient_loss | -0.00175    |
|    std                  | 0.0517      |
|    value_loss           | 14.6        |
-----------------------------------------
Eval num_timesteps=25460000, episode_reward=3405.87 +/- 193.91
Episode length: 2000.00 +/- 0.00
------------------------------------------
| eval/                   |              |
|    mean_ep_length       | 2e+03        |
|    mean_reward          | 3.41e+03     |
| time/                   |              |
|    total_timesteps      | 25460000     |
| train/                  |              |
|    approx_kl            | 0.0062659625 |
|    clip_fraction        | 0.0534       |
|    clip_range           | 0.2          |
|    entropy_loss         | 3.09         |
|    explained_variance   | 0.913        |
|    learning_rate        | 4.55e-05     |
|    loss                 | 2.57         |
|    n_updates            | 6540         |
|    policy_gradient_loss | -0.00135     |
|    std                  | 0.0516       |
|    value_loss           | 8.46         |
------------------------------------------
---------------------------------
| rollout/           |          |
|    ep_len_mean     | 2e+03    |
|    ep_rew_mean     | 3.26e+03 |
| time/              |          |
|    fps             | 4293     |
|    iterations      | 655      |
|    time_elapsed    | 5936     |
|    total_timesteps | 25487360 |
---------------------------------
------------------------------------------
| rollout/                |              |
|    ep_len_mean          | 2e+03        |
|    ep_rew_mean          | 3.28e+03     |
| time/                   |              |
|    fps                  | 4296         |
|    iterations           | 656          |
|    time_elapsed         | 5941         |
|    total_timesteps      | 25526272     |
| train/                  |              |
|    approx_kl            | 0.0044759153 |
|    clip_fraction        | 0.042        |
|    clip_range           | 0.2          |
|    entropy_loss         | 3.09         |
|    explained_variance   | 0.92         |
|    learning_rate        | 4.51e-05     |
|    loss                 | 2.85         |
|    n_updates            | 6550         |
|    policy_gradient_loss | -0.00131     |
|    std                  | 0.0517       |
|    value_loss           | 10.8         |
------------------------------------------
-----------------------------------------
| rollout/                |             |
|    ep_len_mean          | 2e+03       |
|    ep_rew_mean          | 3.28e+03    |
| time/                   |             |
|    fps                  | 4298        |
|    iterations           | 657         |
|    time_elapsed         | 5946        |
|    total_timesteps      | 25565184    |
| train/                  |             |
|    approx_kl            | 0.005113402 |
|    clip_fraction        | 0.0404      |
|    clip_range           | 0.2         |
|    entropy_loss         | 3.09        |
|    explained_variance   | 0.938       |
|    learning_rate        | 4.47e-05    |
|    loss                 | 6.65        |
|    n_updates            | 6560        |
|    policy_gradient_loss | -0.000894   |
|    std                  | 0.0516      |
|    value_loss           | 8.15        |
-----------------------------------------
-----------------------------------------
| rollout/                |             |
|    ep_len_mean          | 2e+03       |
|    ep_rew_mean          | 3.29e+03    |
| time/                   |             |
|    fps                  | 4301        |
|    iterations           | 658         |
|    time_elapsed         | 5951        |
|    total_timesteps      | 25604096    |
| train/                  |             |
|    approx_kl            | 0.004394271 |
|    clip_fraction        | 0.041       |
|    clip_range           | 0.2         |
|    entropy_loss         | 3.09        |
|    explained_variance   | 0.915       |
|    learning_rate        | 4.43e-05    |
|    loss                 | 3.53        |
|    n_updates            | 6570        |
|    policy_gradient_loss | -0.00123    |
|    std                  | 0.0516      |
|    value_loss           | 9.08        |
-----------------------------------------
------------------------------------------
| rollout/                |              |
|    ep_len_mean          | 2e+03        |
|    ep_rew_mean          | 3.3e+03      |
| time/                   |              |
|    fps                  | 4304         |
|    iterations           | 659          |
|    time_elapsed         | 5957         |
|    total_timesteps      | 25643008     |
| train/                  |              |
|    approx_kl            | 0.0034032876 |
|    clip_fraction        | 0.0286       |
|    clip_range           | 0.2          |
|    entropy_loss         | 3.09         |
|    explained_variance   | 0.912        |
|    learning_rate        | 4.4e-05      |
|    loss                 | 5.48         |
|    n_updates            | 6580         |
|    policy_gradient_loss | -0.00124     |
|    std                  | 0.0518       |
|    value_loss           | 9.18         |
------------------------------------------
Eval num_timesteps=25650000, episode_reward=3421.22 +/- 172.93
Episode length: 2000.00 +/- 0.00
------------------------------------------
| eval/                   |              |
|    mean_ep_length       | 2e+03        |
|    mean_reward          | 3.42e+03     |
| time/                   |              |
|    total_timesteps      | 25650000     |
| train/                  |              |
|    approx_kl            | 0.0044007497 |
|    clip_fraction        | 0.0374       |
|    clip_range           | 0.2          |
|    entropy_loss         | 3.09         |
|    explained_variance   | 0.911        |
|    learning_rate        | 4.36e-05     |
|    loss                 | 2.63         |
|    n_updates            | 6590         |
|    policy_gradient_loss | -0.00119     |
|    std                  | 0.0517       |
|    value_loss           | 11.8         |
------------------------------------------
New best mean reward!
---------------------------------
| rollout/           |          |
|    ep_len_mean     | 2e+03    |
|    ep_rew_mean     | 3.29e+03 |
| time/              |          |
|    fps             | 4293     |
|    iterations      | 660      |
|    time_elapsed    | 5981     |
|    total_timesteps | 25681920 |
---------------------------------
-----------------------------------------
| rollout/                |             |
|    ep_len_mean          | 2e+03       |
|    ep_rew_mean          | 3.3e+03     |
| time/                   |             |
|    fps                  | 4296        |
|    iterations           | 661         |
|    time_elapsed         | 5986        |
|    total_timesteps      | 25720832    |
| train/                  |             |
|    approx_kl            | 0.004632941 |
|    clip_fraction        | 0.0327      |
|    clip_range           | 0.2         |
|    entropy_loss         | 3.08        |
|    explained_variance   | 0.927       |
|    learning_rate        | 4.32e-05    |
|    loss                 | 6.2         |
|    n_updates            | 6600        |
|    policy_gradient_loss | -0.00126    |
|    std                  | 0.0518      |
|    value_loss           | 11          |
-----------------------------------------
------------------------------------------
| rollout/                |              |
|    ep_len_mean          | 2e+03        |
|    ep_rew_mean          | 3.29e+03     |
| time/                   |              |
|    fps                  | 4299         |
|    iterations           | 662          |
|    time_elapsed         | 5991         |
|    total_timesteps      | 25759744     |
| train/                  |              |
|    approx_kl            | 0.0048806085 |
|    clip_fraction        | 0.0462       |
|    clip_range           | 0.2          |
|    entropy_loss         | 3.08         |
|    explained_variance   | 0.895        |
|    learning_rate        | 4.28e-05     |
|    loss                 | 5.88         |
|    n_updates            | 6610         |
|    policy_gradient_loss | -0.0016      |
|    std                  | 0.052        |
|    value_loss           | 12.8         |
------------------------------------------
-----------------------------------------
| rollout/                |             |
|    ep_len_mean          | 2e+03       |
|    ep_rew_mean          | 3.28e+03    |
| time/                   |             |
|    fps                  | 4301        |
|    iterations           | 663         |
|    time_elapsed         | 5996        |
|    total_timesteps      | 25798656    |
| train/                  |             |
|    approx_kl            | 0.004854482 |
|    clip_fraction        | 0.0348      |
|    clip_range           | 0.2         |
|    entropy_loss         | 3.08        |
|    explained_variance   | 0.88        |
|    learning_rate        | 4.24e-05    |
|    loss                 | 8.98        |
|    n_updates            | 6620        |
|    policy_gradient_loss | -0.000997   |
|    std                  | 0.052       |
|    value_loss           | 16.3        |
-----------------------------------------
------------------------------------------
| rollout/                |              |
|    ep_len_mean          | 2e+03        |
|    ep_rew_mean          | 3.28e+03     |
| time/                   |              |
|    fps                  | 4304         |
|    iterations           | 664          |
|    time_elapsed         | 6002         |
|    total_timesteps      | 25837568     |
| train/                  |              |
|    approx_kl            | 0.0057728323 |
|    clip_fraction        | 0.0506       |
|    clip_range           | 0.2          |
|    entropy_loss         | 3.08         |
|    explained_variance   | 0.946        |
|    learning_rate        | 4.2e-05      |
|    loss                 | 4.58         |
|    n_updates            | 6630         |
|    policy_gradient_loss | -0.00117     |
|    std                  | 0.052        |
|    value_loss           | 13.6         |
------------------------------------------
Eval num_timesteps=25840000, episode_reward=3446.95 +/- 156.64
Episode length: 2000.00 +/- 0.00
-----------------------------------------
| eval/                   |             |
|    mean_ep_length       | 2e+03       |
|    mean_reward          | 3.45e+03    |
| time/                   |             |
|    total_timesteps      | 25840000    |
| train/                  |             |
|    approx_kl            | 0.005032216 |
|    clip_fraction        | 0.036       |
|    clip_range           | 0.2         |
|    entropy_loss         | 3.08        |
|    explained_variance   | 0.928       |
|    learning_rate        | 4.16e-05    |
|    loss                 | 6.24        |
|    n_updates            | 6640        |
|    policy_gradient_loss | -0.00151    |
|    std                  | 0.0519      |
|    value_loss           | 14          |
-----------------------------------------
New best mean reward!
---------------------------------
| rollout/           |          |
|    ep_len_mean     | 2e+03    |
|    ep_rew_mean     | 3.27e+03 |
| time/              |          |
|    fps             | 4294     |
|    iterations      | 665      |
|    time_elapsed    | 6025     |
|    total_timesteps | 25876480 |
---------------------------------
-----------------------------------------
| rollout/                |             |
|    ep_len_mean          | 2e+03       |
|    ep_rew_mean          | 3.26e+03    |
| time/                   |             |
|    fps                  | 4296        |
|    iterations           | 666         |
|    time_elapsed         | 6031        |
|    total_timesteps      | 25915392    |
| train/                  |             |
|    approx_kl            | 0.005561637 |
|    clip_fraction        | 0.054       |
|    clip_range           | 0.2         |
|    entropy_loss         | 3.08        |
|    explained_variance   | 0.916       |
|    learning_rate        | 4.12e-05    |
|    loss                 | 8.6         |
|    n_updates            | 6650        |
|    policy_gradient_loss | -0.00195    |
|    std                  | 0.052       |
|    value_loss           | 10.3        |
-----------------------------------------
-----------------------------------------
| rollout/                |             |
|    ep_len_mean          | 2e+03       |
|    ep_rew_mean          | 3.26e+03    |
| time/                   |             |
|    fps                  | 4299        |
|    iterations           | 667         |
|    time_elapsed         | 6036        |
|    total_timesteps      | 25954304    |
| train/                  |             |
|    approx_kl            | 0.004403996 |
|    clip_fraction        | 0.0432      |
|    clip_range           | 0.2         |
|    entropy_loss         | 3.08        |
|    explained_variance   | 0.892       |
|    learning_rate        | 4.08e-05    |
|    loss                 | 3.92        |
|    n_updates            | 6660        |
|    policy_gradient_loss | -0.00146    |
|    std                  | 0.052       |
|    value_loss           | 15.9        |
-----------------------------------------
------------------------------------------
| rollout/                |              |
|    ep_len_mean          | 2e+03        |
|    ep_rew_mean          | 3.26e+03     |
| time/                   |              |
|    fps                  | 4302         |
|    iterations           | 668          |
|    time_elapsed         | 6041         |
|    total_timesteps      | 25993216     |
| train/                  |              |
|    approx_kl            | 0.0046870573 |
|    clip_fraction        | 0.0459       |
|    clip_range           | 0.2          |
|    entropy_loss         | 3.07         |
|    explained_variance   | 0.897        |
|    learning_rate        | 4.05e-05     |
|    loss                 | 4.05         |
|    n_updates            | 6670         |
|    policy_gradient_loss | -0.000807    |
|    std                  | 0.052        |
|    value_loss           | 10.7         |
------------------------------------------
Eval num_timesteps=26030000, episode_reward=3456.61 +/- 132.78
Episode length: 2000.00 +/- 0.00
------------------------------------------
| eval/                   |              |
|    mean_ep_length       | 2e+03        |
|    mean_reward          | 3.46e+03     |
| time/                   |              |
|    total_timesteps      | 26030000     |
| train/                  |              |
|    approx_kl            | 0.0039001857 |
|    clip_fraction        | 0.0308       |
|    clip_range           | 0.2          |
|    entropy_loss         | 3.07         |
|    explained_variance   | 0.912        |
|    learning_rate        | 4.01e-05     |
|    loss                 | 4.27         |
|    n_updates            | 6680         |
|    policy_gradient_loss | -0.000624    |
|    std                  | 0.052        |
|    value_loss           | 12.8         |
------------------------------------------
New best mean reward!
---------------------------------
| rollout/           |          |
|    ep_len_mean     | 2e+03    |
|    ep_rew_mean     | 3.25e+03 |
| time/              |          |
|    fps             | 4291     |
|    iterations      | 669      |
|    time_elapsed    | 6065     |
|    total_timesteps | 26032128 |
---------------------------------
------------------------------------------
| rollout/                |              |
|    ep_len_mean          | 2e+03        |
|    ep_rew_mean          | 3.26e+03     |
| time/                   |              |
|    fps                  | 4294         |
|    iterations           | 670          |
|    time_elapsed         | 6070         |
|    total_timesteps      | 26071040     |
| train/                  |              |
|    approx_kl            | 0.0049175997 |
|    clip_fraction        | 0.0465       |
|    clip_range           | 0.2          |
|    entropy_loss         | 3.07         |
|    explained_variance   | 0.924        |
|    learning_rate        | 3.97e-05     |
|    loss                 | 8.04         |
|    n_updates            | 6690         |
|    policy_gradient_loss | -0.00142     |
|    std                  | 0.0522       |
|    value_loss           | 12.3         |
------------------------------------------
------------------------------------------
| rollout/                |              |
|    ep_len_mean          | 2e+03        |
|    ep_rew_mean          | 3.27e+03     |
| time/                   |              |
|    fps                  | 4297         |
|    iterations           | 671          |
|    time_elapsed         | 6075         |
|    total_timesteps      | 26109952     |
| train/                  |              |
|    approx_kl            | 0.0046678917 |
|    clip_fraction        | 0.0418       |
|    clip_range           | 0.2          |
|    entropy_loss         | 3.07         |
|    explained_variance   | 0.904        |
|    learning_rate        | 3.93e-05     |
|    loss                 | 5.69         |
|    n_updates            | 6700         |
|    policy_gradient_loss | -0.00104     |
|    std                  | 0.0522       |
|    value_loss           | 13           |
------------------------------------------
------------------------------------------
| rollout/                |              |
|    ep_len_mean          | 2e+03        |
|    ep_rew_mean          | 3.28e+03     |
| time/                   |              |
|    fps                  | 4300         |
|    iterations           | 672          |
|    time_elapsed         | 6081         |
|    total_timesteps      | 26148864     |
| train/                  |              |
|    approx_kl            | 0.0038080341 |
|    clip_fraction        | 0.0375       |
|    clip_range           | 0.2          |
|    entropy_loss         | 3.07         |
|    explained_variance   | 0.904        |
|    learning_rate        | 3.89e-05     |
|    loss                 | 9.4          |
|    n_updates            | 6710         |
|    policy_gradient_loss | -0.00116     |
|    std                  | 0.0522       |
|    value_loss           | 12.4         |
------------------------------------------
----------------------------------------
| rollout/                |            |
|    ep_len_mean          | 2e+03      |
|    ep_rew_mean          | 3.29e+03   |
| time/                   |            |
|    fps                  | 4302       |
|    iterations           | 673        |
|    time_elapsed         | 6086       |
|    total_timesteps      | 26187776   |
| train/                  |            |
|    approx_kl            | 0.00501756 |
|    clip_fraction        | 0.0489     |
|    clip_range           | 0.2        |
|    entropy_loss         | 3.07       |
|    explained_variance   | 0.915      |
|    learning_rate        | 3.85e-05   |
|    loss                 | 6.2        |
|    n_updates            | 6720       |
|    policy_gradient_loss | -0.00152   |
|    std                  | 0.0523     |
|    value_loss           | 11.2       |
----------------------------------------
Eval num_timesteps=26220000, episode_reward=3481.42 +/- 139.28
Episode length: 2000.00 +/- 0.00
------------------------------------------
| eval/                   |              |
|    mean_ep_length       | 2e+03        |
|    mean_reward          | 3.48e+03     |
| time/                   |              |
|    total_timesteps      | 26220000     |
| train/                  |              |
|    approx_kl            | 0.0057671964 |
|    clip_fraction        | 0.0532       |
|    clip_range           | 0.2          |
|    entropy_loss         | 3.06         |
|    explained_variance   | 0.889        |
|    learning_rate        | 3.81e-05     |
|    loss                 | 7.27         |
|    n_updates            | 6730         |
|    policy_gradient_loss | -0.00203     |
|    std                  | 0.0525       |
|    value_loss           | 14.9         |
------------------------------------------
New best mean reward!
---------------------------------
| rollout/           |          |
|    ep_len_mean     | 2e+03    |
|    ep_rew_mean     | 3.3e+03  |
| time/              |          |
|    fps             | 4292     |
|    iterations      | 674      |
|    time_elapsed    | 6110     |
|    total_timesteps | 26226688 |
---------------------------------
------------------------------------------
| rollout/                |              |
|    ep_len_mean          | 2e+03        |
|    ep_rew_mean          | 3.3e+03      |
| time/                   |              |
|    fps                  | 4295         |
|    iterations           | 675          |
|    time_elapsed         | 6115         |
|    total_timesteps      | 26265600     |
| train/                  |              |
|    approx_kl            | 0.0045782365 |
|    clip_fraction        | 0.0448       |
|    clip_range           | 0.2          |
|    entropy_loss         | 3.06         |
|    explained_variance   | 0.917        |
|    learning_rate        | 3.77e-05     |
|    loss                 | 5.09         |
|    n_updates            | 6740         |
|    policy_gradient_loss | -0.00132     |
|    std                  | 0.0526       |
|    value_loss           | 8.93         |
------------------------------------------
------------------------------------------
| rollout/                |              |
|    ep_len_mean          | 2e+03        |
|    ep_rew_mean          | 3.29e+03     |
| time/                   |              |
|    fps                  | 4297         |
|    iterations           | 676          |
|    time_elapsed         | 6120         |
|    total_timesteps      | 26304512     |
| train/                  |              |
|    approx_kl            | 0.0047053727 |
|    clip_fraction        | 0.0395       |
|    clip_range           | 0.2          |
|    entropy_loss         | 3.05         |
|    explained_variance   | 0.916        |
|    learning_rate        | 3.73e-05     |
|    loss                 | 2.97         |
|    n_updates            | 6750         |
|    policy_gradient_loss | -0.00114     |
|    std                  | 0.0526       |
|    value_loss           | 12.5         |
------------------------------------------
------------------------------------------
| rollout/                |              |
|    ep_len_mean          | 2e+03        |
|    ep_rew_mean          | 3.29e+03     |
| time/                   |              |
|    fps                  | 4300         |
|    iterations           | 677          |
|    time_elapsed         | 6125         |
|    total_timesteps      | 26343424     |
| train/                  |              |
|    approx_kl            | 0.0041640005 |
|    clip_fraction        | 0.037        |
|    clip_range           | 0.2          |
|    entropy_loss         | 3.05         |
|    explained_variance   | 0.933        |
|    learning_rate        | 3.7e-05      |
|    loss                 | 7.35         |
|    n_updates            | 6760         |
|    policy_gradient_loss | -0.00186     |
|    std                  | 0.0526       |
|    value_loss           | 8.99         |
------------------------------------------
------------------------------------------
| rollout/                |              |
|    ep_len_mean          | 2e+03        |
|    ep_rew_mean          | 3.3e+03      |
| time/                   |              |
|    fps                  | 4303         |
|    iterations           | 678          |
|    time_elapsed         | 6130         |
|    total_timesteps      | 26382336     |
| train/                  |              |
|    approx_kl            | 0.0036993765 |
|    clip_fraction        | 0.0361       |
|    clip_range           | 0.2          |
|    entropy_loss         | 3.05         |
|    explained_variance   | 0.889        |
|    learning_rate        | 3.66e-05     |
|    loss                 | 3.77         |
|    n_updates            | 6770         |
|    policy_gradient_loss | -0.000629    |
|    std                  | 0.0526       |
|    value_loss           | 13.1         |
------------------------------------------
Eval num_timesteps=26410000, episode_reward=3453.59 +/- 147.78
Episode length: 2000.00 +/- 0.00
------------------------------------------
| eval/                   |              |
|    mean_ep_length       | 2e+03        |
|    mean_reward          | 3.45e+03     |
| time/                   |              |
|    total_timesteps      | 26410000     |
| train/                  |              |
|    approx_kl            | 0.0042866147 |
|    clip_fraction        | 0.0357       |
|    clip_range           | 0.2          |
|    entropy_loss         | 3.05         |
|    explained_variance   | 0.897        |
|    learning_rate        | 3.62e-05     |
|    loss                 | 4.82         |
|    n_updates            | 6780         |
|    policy_gradient_loss | -0.00148     |
|    std                  | 0.0527       |
|    value_loss           | 11.8         |
------------------------------------------
---------------------------------
| rollout/           |          |
|    ep_len_mean     | 2e+03    |
|    ep_rew_mean     | 3.31e+03 |
| time/              |          |
|    fps             | 4292     |
|    iterations      | 679      |
|    time_elapsed    | 6154     |
|    total_timesteps | 26421248 |
---------------------------------
------------------------------------------
| rollout/                |              |
|    ep_len_mean          | 2e+03        |
|    ep_rew_mean          | 3.29e+03     |
| time/                   |              |
|    fps                  | 4295         |
|    iterations           | 680          |
|    time_elapsed         | 6160         |
|    total_timesteps      | 26460160     |
| train/                  |              |
|    approx_kl            | 0.0040609096 |
|    clip_fraction        | 0.0284       |
|    clip_range           | 0.2          |
|    entropy_loss         | 3.05         |
|    explained_variance   | 0.891        |
|    learning_rate        | 3.58e-05     |
|    loss                 | 6.43         |
|    n_updates            | 6790         |
|    policy_gradient_loss | -0.000862    |
|    std                  | 0.0528       |
|    value_loss           | 13.3         |
------------------------------------------
-----------------------------------------
| rollout/                |             |
|    ep_len_mean          | 2e+03       |
|    ep_rew_mean          | 3.28e+03    |
| time/                   |             |
|    fps                  | 4298        |
|    iterations           | 681         |
|    time_elapsed         | 6165        |
|    total_timesteps      | 26499072    |
| train/                  |             |
|    approx_kl            | 0.003920514 |
|    clip_fraction        | 0.029       |
|    clip_range           | 0.2         |
|    entropy_loss         | 3.04        |
|    explained_variance   | 0.876       |
|    learning_rate        | 3.54e-05    |
|    loss                 | 6.24        |
|    n_updates            | 6800        |
|    policy_gradient_loss | -0.00115    |
|    std                  | 0.0529      |
|    value_loss           | 17.4        |
-----------------------------------------
-----------------------------------------
| rollout/                |             |
|    ep_len_mean          | 2e+03       |
|    ep_rew_mean          | 3.28e+03    |
| time/                   |             |
|    fps                  | 4300        |
|    iterations           | 682         |
|    time_elapsed         | 6170        |
|    total_timesteps      | 26537984    |
| train/                  |             |
|    approx_kl            | 0.004082614 |
|    clip_fraction        | 0.0301      |
|    clip_range           | 0.2         |
|    entropy_loss         | 3.04        |
|    explained_variance   | 0.874       |
|    learning_rate        | 3.5e-05     |
|    loss                 | 8.5         |
|    n_updates            | 6810        |
|    policy_gradient_loss | -0.00096    |
|    std                  | 0.053       |
|    value_loss           | 16.5        |
-----------------------------------------
----------------------------------------
| rollout/                |            |
|    ep_len_mean          | 2e+03      |
|    ep_rew_mean          | 3.28e+03   |
| time/                   |            |
|    fps                  | 4303       |
|    iterations           | 683        |
|    time_elapsed         | 6175       |
|    total_timesteps      | 26576896   |
| train/                  |            |
|    approx_kl            | 0.00518352 |
|    clip_fraction        | 0.0521     |
|    clip_range           | 0.2        |
|    entropy_loss         | 3.04       |
|    explained_variance   | 0.902      |
|    learning_rate        | 3.46e-05   |
|    loss                 | 10.4       |
|    n_updates            | 6820       |
|    policy_gradient_loss | -0.00175   |
|    std                  | 0.0531     |
|    value_loss           | 10.3       |
----------------------------------------
Eval num_timesteps=26600000, episode_reward=3453.10 +/- 137.15
Episode length: 2000.00 +/- 0.00
-----------------------------------------
| eval/                   |             |
|    mean_ep_length       | 2e+03       |
|    mean_reward          | 3.45e+03    |
| time/                   |             |
|    total_timesteps      | 26600000    |
| train/                  |             |
|    approx_kl            | 0.005046005 |
|    clip_fraction        | 0.0488      |
|    clip_range           | 0.2         |
|    entropy_loss         | 3.03        |
|    explained_variance   | 0.911       |
|    learning_rate        | 3.42e-05    |
|    loss                 | 6.76        |
|    n_updates            | 6830        |
|    policy_gradient_loss | -0.00222    |
|    std                  | 0.0533      |
|    value_loss           | 10          |
-----------------------------------------
---------------------------------
| rollout/           |          |
|    ep_len_mean     | 2e+03    |
|    ep_rew_mean     | 3.29e+03 |
| time/              |          |
|    fps             | 4293     |
|    iterations      | 684      |
|    time_elapsed    | 6199     |
|    total_timesteps | 26615808 |
---------------------------------
------------------------------------------
| rollout/                |              |
|    ep_len_mean          | 2e+03        |
|    ep_rew_mean          | 3.3e+03      |
| time/                   |              |
|    fps                  | 4295         |
|    iterations           | 685          |
|    time_elapsed         | 6204         |
|    total_timesteps      | 26654720     |
| train/                  |              |
|    approx_kl            | 0.0046003023 |
|    clip_fraction        | 0.0371       |
|    clip_range           | 0.2          |
|    entropy_loss         | 3.02         |
|    explained_variance   | 0.914        |
|    learning_rate        | 3.38e-05     |
|    loss                 | 3.46         |
|    n_updates            | 6840         |
|    policy_gradient_loss | -0.00175     |
|    std                  | 0.0535       |
|    value_loss           | 8.84         |
------------------------------------------
-----------------------------------------
| rollout/                |             |
|    ep_len_mean          | 2e+03       |
|    ep_rew_mean          | 3.31e+03    |
| time/                   |             |
|    fps                  | 4298        |
|    iterations           | 686         |
|    time_elapsed         | 6209        |
|    total_timesteps      | 26693632    |
| train/                  |             |
|    approx_kl            | 0.005450052 |
|    clip_fraction        | 0.0396      |
|    clip_range           | 0.2         |
|    entropy_loss         | 3.02        |
|    explained_variance   | 0.918       |
|    learning_rate        | 3.35e-05    |
|    loss                 | 8.74        |
|    n_updates            | 6850        |
|    policy_gradient_loss | -0.00205    |
|    std                  | 0.0536      |
|    value_loss           | 13.5        |
-----------------------------------------
------------------------------------------
| rollout/                |              |
|    ep_len_mean          | 2e+03        |
|    ep_rew_mean          | 3.31e+03     |
| time/                   |              |
|    fps                  | 4301         |
|    iterations           | 687          |
|    time_elapsed         | 6215         |
|    total_timesteps      | 26732544     |
| train/                  |              |
|    approx_kl            | 0.0035244692 |
|    clip_fraction        | 0.028        |
|    clip_range           | 0.2          |
|    entropy_loss         | 3.02         |
|    explained_variance   | 0.891        |
|    learning_rate        | 3.31e-05     |
|    loss                 | 4.88         |
|    n_updates            | 6860         |
|    policy_gradient_loss | -0.00116     |
|    std                  | 0.0535       |
|    value_loss           | 15           |
------------------------------------------
-----------------------------------------
| rollout/                |             |
|    ep_len_mean          | 2e+03       |
|    ep_rew_mean          | 3.29e+03    |
| time/                   |             |
|    fps                  | 4303        |
|    iterations           | 688         |
|    time_elapsed         | 6220        |
|    total_timesteps      | 26771456    |
| train/                  |             |
|    approx_kl            | 0.003817723 |
|    clip_fraction        | 0.0276      |
|    clip_range           | 0.2         |
|    entropy_loss         | 3.02        |
|    explained_variance   | 0.908       |
|    learning_rate        | 3.27e-05    |
|    loss                 | 10.4        |
|    n_updates            | 6870        |
|    policy_gradient_loss | -0.0013     |
|    std                  | 0.0535      |
|    value_loss           | 14.1        |
-----------------------------------------
Eval num_timesteps=26790000, episode_reward=3448.78 +/- 159.48
Episode length: 2000.00 +/- 0.00
------------------------------------------
| eval/                   |              |
|    mean_ep_length       | 2e+03        |
|    mean_reward          | 3.45e+03     |
| time/                   |              |
|    total_timesteps      | 26790000     |
| train/                  |              |
|    approx_kl            | 0.0045380075 |
|    clip_fraction        | 0.0349       |
|    clip_range           | 0.2          |
|    entropy_loss         | 3.02         |
|    explained_variance   | 0.925        |
|    learning_rate        | 3.23e-05     |
|    loss                 | 4.29         |
|    n_updates            | 6880         |
|    policy_gradient_loss | -0.00085     |
|    std                  | 0.0536       |
|    value_loss           | 14.2         |
------------------------------------------
---------------------------------
| rollout/           |          |
|    ep_len_mean     | 2e+03    |
|    ep_rew_mean     | 3.3e+03  |
| time/              |          |
|    fps             | 4293     |
|    iterations      | 689      |
|    time_elapsed    | 6244     |
|    total_timesteps | 26810368 |
---------------------------------
------------------------------------------
| rollout/                |              |
|    ep_len_mean          | 2e+03        |
|    ep_rew_mean          | 3.27e+03     |
| time/                   |              |
|    fps                  | 4296         |
|    iterations           | 690          |
|    time_elapsed         | 6249         |
|    total_timesteps      | 26849280     |
| train/                  |              |
|    approx_kl            | 0.0045403526 |
|    clip_fraction        | 0.0417       |
|    clip_range           | 0.2          |
|    entropy_loss         | 3.02         |
|    explained_variance   | 0.908        |
|    learning_rate        | 3.19e-05     |
|    loss                 | 7.94         |
|    n_updates            | 6890         |
|    policy_gradient_loss | -0.00193     |
|    std                  | 0.0536       |
|    value_loss           | 10.7         |
------------------------------------------
------------------------------------------
| rollout/                |              |
|    ep_len_mean          | 2e+03        |
|    ep_rew_mean          | 3.29e+03     |
| time/                   |              |
|    fps                  | 4298         |
|    iterations           | 691          |
|    time_elapsed         | 6254         |
|    total_timesteps      | 26888192     |
| train/                  |              |
|    approx_kl            | 0.0033948692 |
|    clip_fraction        | 0.0289       |
|    clip_range           | 0.2          |
|    entropy_loss         | 3.01         |
|    explained_variance   | 0.899        |
|    learning_rate        | 3.15e-05     |
|    loss                 | 9.57         |
|    n_updates            | 6900         |
|    policy_gradient_loss | -0.000948    |
|    std                  | 0.0537       |
|    value_loss           | 12.5         |
------------------------------------------
------------------------------------------
| rollout/                |              |
|    ep_len_mean          | 2e+03        |
|    ep_rew_mean          | 3.28e+03     |
| time/                   |              |
|    fps                  | 4301         |
|    iterations           | 692          |
|    time_elapsed         | 6259         |
|    total_timesteps      | 26927104     |
| train/                  |              |
|    approx_kl            | 0.0031103487 |
|    clip_fraction        | 0.0319       |
|    clip_range           | 0.2          |
|    entropy_loss         | 3.01         |
|    explained_variance   | 0.887        |
|    learning_rate        | 3.11e-05     |
|    loss                 | 4.96         |
|    n_updates            | 6910         |
|    policy_gradient_loss | -0.000906    |
|    std                  | 0.0538       |
|    value_loss           | 14           |
------------------------------------------
------------------------------------------
| rollout/                |              |
|    ep_len_mean          | 2e+03        |
|    ep_rew_mean          | 3.28e+03     |
| time/                   |              |
|    fps                  | 4304         |
|    iterations           | 693          |
|    time_elapsed         | 6264         |
|    total_timesteps      | 26966016     |
| train/                  |              |
|    approx_kl            | 0.0031112237 |
|    clip_fraction        | 0.0266       |
|    clip_range           | 0.2          |
|    entropy_loss         | 3            |
|    explained_variance   | 0.884        |
|    learning_rate        | 3.07e-05     |
|    loss                 | 8.34         |
|    n_updates            | 6920         |
|    policy_gradient_loss | -0.000779    |
|    std                  | 0.054        |
|    value_loss           | 16.2         |
------------------------------------------
Eval num_timesteps=26980000, episode_reward=3450.44 +/- 136.52
Episode length: 2000.00 +/- 0.00
-----------------------------------------
| eval/                   |             |
|    mean_ep_length       | 2e+03       |
|    mean_reward          | 3.45e+03    |
| time/                   |             |
|    total_timesteps      | 26980000    |
| train/                  |             |
|    approx_kl            | 0.003923143 |
|    clip_fraction        | 0.0298      |
|    clip_range           | 0.2         |
|    entropy_loss         | 3           |
|    explained_variance   | 0.873       |
|    learning_rate        | 3.03e-05    |
|    loss                 | 5.01        |
|    n_updates            | 6930        |
|    policy_gradient_loss | -0.00114    |
|    std                  | 0.054       |
|    value_loss           | 12.7        |
-----------------------------------------
---------------------------------
| rollout/           |          |
|    ep_len_mean     | 2e+03    |
|    ep_rew_mean     | 3.28e+03 |
| time/              |          |
|    fps             | 4294     |
|    iterations      | 694      |
|    time_elapsed    | 6288     |
|    total_timesteps | 27004928 |
---------------------------------
------------------------------------------
| rollout/                |              |
|    ep_len_mean          | 2e+03        |
|    ep_rew_mean          | 3.27e+03     |
| time/                   |              |
|    fps                  | 4296         |
|    iterations           | 695          |
|    time_elapsed         | 6293         |
|    total_timesteps      | 27043840     |
| train/                  |              |
|    approx_kl            | 0.0039675552 |
|    clip_fraction        | 0.0252       |
|    clip_range           | 0.2          |
|    entropy_loss         | 3            |
|    explained_variance   | 0.91         |
|    learning_rate        | 3e-05        |
|    loss                 | 5.99         |
|    n_updates            | 6940         |
|    policy_gradient_loss | -0.00106     |
|    std                  | 0.054        |
|    value_loss           | 15.7         |
------------------------------------------
------------------------------------------
| rollout/                |              |
|    ep_len_mean          | 2e+03        |
|    ep_rew_mean          | 3.27e+03     |
| time/                   |              |
|    fps                  | 4299         |
|    iterations           | 696          |
|    time_elapsed         | 6298         |
|    total_timesteps      | 27082752     |
| train/                  |              |
|    approx_kl            | 0.0039370675 |
|    clip_fraction        | 0.0336       |
|    clip_range           | 0.2          |
|    entropy_loss         | 3            |
|    explained_variance   | 0.876        |
|    learning_rate        | 2.96e-05     |
|    loss                 | 3.14         |
|    n_updates            | 6950         |
|    policy_gradient_loss | -0.00109     |
|    std                  | 0.0541       |
|    value_loss           | 17.3         |
------------------------------------------
------------------------------------------
| rollout/                |              |
|    ep_len_mean          | 2e+03        |
|    ep_rew_mean          | 3.28e+03     |
| time/                   |              |
|    fps                  | 4302         |
|    iterations           | 697          |
|    time_elapsed         | 6304         |
|    total_timesteps      | 27121664     |
| train/                  |              |
|    approx_kl            | 0.0037070846 |
|    clip_fraction        | 0.0337       |
|    clip_range           | 0.2          |
|    entropy_loss         | 3            |
|    explained_variance   | 0.932        |
|    learning_rate        | 2.92e-05     |
|    loss                 | 4.62         |
|    n_updates            | 6960         |
|    policy_gradient_loss | -0.000951    |
|    std                  | 0.0542       |
|    value_loss           | 11.3         |
------------------------------------------
-----------------------------------------
| rollout/                |             |
|    ep_len_mean          | 2e+03       |
|    ep_rew_mean          | 3.28e+03    |
| time/                   |             |
|    fps                  | 4304        |
|    iterations           | 698         |
|    time_elapsed         | 6309        |
|    total_timesteps      | 27160576    |
| train/                  |             |
|    approx_kl            | 0.004251372 |
|    clip_fraction        | 0.0362      |
|    clip_range           | 0.2         |
|    entropy_loss         | 2.99        |
|    explained_variance   | 0.926       |
|    learning_rate        | 2.88e-05    |
|    loss                 | 7.21        |
|    n_updates            | 6970        |
|    policy_gradient_loss | -0.00149    |
|    std                  | 0.0542      |
|    value_loss           | 13.1        |
-----------------------------------------
Eval num_timesteps=27170000, episode_reward=3444.71 +/- 147.40
Episode length: 2000.00 +/- 0.00
-----------------------------------------
| eval/                   |             |
|    mean_ep_length       | 2e+03       |
|    mean_reward          | 3.44e+03    |
| time/                   |             |
|    total_timesteps      | 27170000    |
| train/                  |             |
|    approx_kl            | 0.004162134 |
|    clip_fraction        | 0.0296      |
|    clip_range           | 0.2         |
|    entropy_loss         | 2.99        |
|    explained_variance   | 0.906       |
|    learning_rate        | 2.84e-05    |
|    loss                 | 5.42        |
|    n_updates            | 6980        |
|    policy_gradient_loss | -0.0011     |
|    std                  | 0.0542      |
|    value_loss           | 16          |
-----------------------------------------
---------------------------------
| rollout/           |          |
|    ep_len_mean     | 2e+03    |
|    ep_rew_mean     | 3.28e+03 |
| time/              |          |
|    fps             | 4294     |
|    iterations      | 699      |
|    time_elapsed    | 6333     |
|    total_timesteps | 27199488 |
---------------------------------
------------------------------------------
| rollout/                |              |
|    ep_len_mean          | 2e+03        |
|    ep_rew_mean          | 3.29e+03     |
| time/                   |              |
|    fps                  | 4297         |
|    iterations           | 700          |
|    time_elapsed         | 6338         |
|    total_timesteps      | 27238400     |
| train/                  |              |
|    approx_kl            | 0.0047134883 |
|    clip_fraction        | 0.0375       |
|    clip_range           | 0.2          |
|    entropy_loss         | 2.99         |
|    explained_variance   | 0.902        |
|    learning_rate        | 2.8e-05      |
|    loss                 | 5.58         |
|    n_updates            | 6990         |
|    policy_gradient_loss | -0.00152     |
|    std                  | 0.0542       |
|    value_loss           | 9.58         |
------------------------------------------
-----------------------------------------
| rollout/                |             |
|    ep_len_mean          | 2e+03       |
|    ep_rew_mean          | 3.3e+03     |
| time/                   |             |
|    fps                  | 4299        |
|    iterations           | 701         |
|    time_elapsed         | 6344        |
|    total_timesteps      | 27277312    |
| train/                  |             |
|    approx_kl            | 0.004682552 |
|    clip_fraction        | 0.0444      |
|    clip_range           | 0.2         |
|    entropy_loss         | 2.99        |
|    explained_variance   | 0.873       |
|    learning_rate        | 2.76e-05    |
|    loss                 | 8.02        |
|    n_updates            | 7000        |
|    policy_gradient_loss | -0.00167    |
|    std                  | 0.0542      |
|    value_loss           | 12.1        |
-----------------------------------------
-----------------------------------------
| rollout/                |             |
|    ep_len_mean          | 2e+03       |
|    ep_rew_mean          | 3.28e+03    |
| time/                   |             |
|    fps                  | 4302        |
|    iterations           | 702         |
|    time_elapsed         | 6349        |
|    total_timesteps      | 27316224    |
| train/                  |             |
|    approx_kl            | 0.003360566 |
|    clip_fraction        | 0.0257      |
|    clip_range           | 0.2         |
|    entropy_loss         | 2.99        |
|    explained_variance   | 0.9         |
|    learning_rate        | 2.72e-05    |
|    loss                 | 5.21        |
|    n_updates            | 7010        |
|    policy_gradient_loss | -0.000775   |
|    std                  | 0.0543      |
|    value_loss           | 13.9        |
-----------------------------------------
------------------------------------------
| rollout/                |              |
|    ep_len_mean          | 2e+03        |
|    ep_rew_mean          | 3.29e+03     |
| time/                   |              |
|    fps                  | 4304         |
|    iterations           | 703          |
|    time_elapsed         | 6354         |
|    total_timesteps      | 27355136     |
| train/                  |              |
|    approx_kl            | 0.0041713635 |
|    clip_fraction        | 0.0258       |
|    clip_range           | 0.2          |
|    entropy_loss         | 2.99         |
|    explained_variance   | 0.926        |
|    learning_rate        | 2.68e-05     |
|    loss                 | 7.68         |
|    n_updates            | 7020         |
|    policy_gradient_loss | -0.00123     |
|    std                  | 0.0544       |
|    value_loss           | 13.5         |
------------------------------------------
Eval num_timesteps=27360000, episode_reward=3465.25 +/- 137.42
Episode length: 2000.00 +/- 0.00
-----------------------------------------
| eval/                   |             |
|    mean_ep_length       | 2e+03       |
|    mean_reward          | 3.47e+03    |
| time/                   |             |
|    total_timesteps      | 27360000    |
| train/                  |             |
|    approx_kl            | 0.004348763 |
|    clip_fraction        | 0.0331      |
|    clip_range           | 0.2         |
|    entropy_loss         | 2.99        |
|    explained_variance   | 0.912       |
|    learning_rate        | 2.64e-05    |
|    loss                 | 3.49        |
|    n_updates            | 7030        |
|    policy_gradient_loss | -0.00155    |
|    std                  | 0.0544      |
|    value_loss           | 14.2        |
-----------------------------------------
---------------------------------
| rollout/           |          |
|    ep_len_mean     | 2e+03    |
|    ep_rew_mean     | 3.3e+03  |
| time/              |          |
|    fps             | 4294     |
|    iterations      | 704      |
|    time_elapsed    | 6378     |
|    total_timesteps | 27394048 |
---------------------------------
------------------------------------------
| rollout/                |              |
|    ep_len_mean          | 2e+03        |
|    ep_rew_mean          | 3.3e+03      |
| time/                   |              |
|    fps                  | 4297         |
|    iterations           | 705          |
|    time_elapsed         | 6383         |
|    total_timesteps      | 27432960     |
| train/                  |              |
|    approx_kl            | 0.0047161626 |
|    clip_fraction        | 0.0409       |
|    clip_range           | 0.2          |
|    entropy_loss         | 2.98         |
|    explained_variance   | 0.914        |
|    learning_rate        | 2.61e-05     |
|    loss                 | 8.68         |
|    n_updates            | 7040         |
|    policy_gradient_loss | -0.00185     |
|    std                  | 0.0545       |
|    value_loss           | 12.4         |
------------------------------------------
-----------------------------------------
| rollout/                |             |
|    ep_len_mean          | 2e+03       |
|    ep_rew_mean          | 3.28e+03    |
| time/                   |             |
|    fps                  | 4300        |
|    iterations           | 706         |
|    time_elapsed         | 6388        |
|    total_timesteps      | 27471872    |
| train/                  |             |
|    approx_kl            | 0.003983909 |
|    clip_fraction        | 0.0333      |
|    clip_range           | 0.2         |
|    entropy_loss         | 2.98        |
|    explained_variance   | 0.892       |
|    learning_rate        | 2.57e-05    |
|    loss                 | 9.14        |
|    n_updates            | 7050        |
|    policy_gradient_loss | -0.00138    |
|    std                  | 0.0546      |
|    value_loss           | 13.4        |
-----------------------------------------
------------------------------------------
| rollout/                |              |
|    ep_len_mean          | 2e+03        |
|    ep_rew_mean          | 3.27e+03     |
| time/                   |              |
|    fps                  | 4302         |
|    iterations           | 707          |
|    time_elapsed         | 6393         |
|    total_timesteps      | 27510784     |
| train/                  |              |
|    approx_kl            | 0.0035354083 |
|    clip_fraction        | 0.0218       |
|    clip_range           | 0.2          |
|    entropy_loss         | 2.98         |
|    explained_variance   | 0.903        |
|    learning_rate        | 2.53e-05     |
|    loss                 | 10.8         |
|    n_updates            | 7060         |
|    policy_gradient_loss | -0.00122     |
|    std                  | 0.0546       |
|    value_loss           | 15.9         |
------------------------------------------
------------------------------------------
| rollout/                |              |
|    ep_len_mean          | 2e+03        |
|    ep_rew_mean          | 3.28e+03     |
| time/                   |              |
|    fps                  | 4305         |
|    iterations           | 708          |
|    time_elapsed         | 6399         |
|    total_timesteps      | 27549696     |
| train/                  |              |
|    approx_kl            | 0.0035412912 |
|    clip_fraction        | 0.0227       |
|    clip_range           | 0.2          |
|    entropy_loss         | 2.98         |
|    explained_variance   | 0.918        |
|    learning_rate        | 2.49e-05     |
|    loss                 | 2.98         |
|    n_updates            | 7070         |
|    policy_gradient_loss | -0.00128     |
|    std                  | 0.0547       |
|    value_loss           | 18.2         |
------------------------------------------
Eval num_timesteps=27550000, episode_reward=3481.06 +/- 133.77
Episode length: 2000.00 +/- 0.00
-----------------------------------------
| eval/                   |             |
|    mean_ep_length       | 2e+03       |
|    mean_reward          | 3.48e+03    |
| time/                   |             |
|    total_timesteps      | 27550000    |
| train/                  |             |
|    approx_kl            | 0.004460827 |
|    clip_fraction        | 0.0421      |
|    clip_range           | 0.2         |
|    entropy_loss         | 2.98        |
|    explained_variance   | 0.917       |
|    learning_rate        | 2.45e-05    |
|    loss                 | 5.86        |
|    n_updates            | 7080        |
|    policy_gradient_loss | -0.00118    |
|    std                  | 0.0547      |
|    value_loss           | 9.88        |
-----------------------------------------
---------------------------------
| rollout/           |          |
|    ep_len_mean     | 2e+03    |
|    ep_rew_mean     | 3.27e+03 |
| time/              |          |
|    fps             | 4295     |
|    iterations      | 709      |
|    time_elapsed    | 6422     |
|    total_timesteps | 27588608 |
---------------------------------
------------------------------------------
| rollout/                |              |
|    ep_len_mean          | 2e+03        |
|    ep_rew_mean          | 3.27e+03     |
| time/                   |              |
|    fps                  | 4297         |
|    iterations           | 710          |
|    time_elapsed         | 6428         |
|    total_timesteps      | 27627520     |
| train/                  |              |
|    approx_kl            | 0.0033495685 |
|    clip_fraction        | 0.0315       |
|    clip_range           | 0.2          |
|    entropy_loss         | 2.98         |
|    explained_variance   | 0.902        |
|    learning_rate        | 2.41e-05     |
|    loss                 | 4.22         |
|    n_updates            | 7090         |
|    policy_gradient_loss | -0.00122     |
|    std                  | 0.0547       |
|    value_loss           | 15.9         |
------------------------------------------
------------------------------------------
| rollout/                |              |
|    ep_len_mean          | 2e+03        |
|    ep_rew_mean          | 3.28e+03     |
| time/                   |              |
|    fps                  | 4300         |
|    iterations           | 711          |
|    time_elapsed         | 6433         |
|    total_timesteps      | 27666432     |
| train/                  |              |
|    approx_kl            | 0.0041403766 |
|    clip_fraction        | 0.0254       |
|    clip_range           | 0.2          |
|    entropy_loss         | 2.97         |
|    explained_variance   | 0.88         |
|    learning_rate        | 2.37e-05     |
|    loss                 | 3.94         |
|    n_updates            | 7100         |
|    policy_gradient_loss | -0.00145     |
|    std                  | 0.0548       |
|    value_loss           | 16.7         |
------------------------------------------
------------------------------------------
| rollout/                |              |
|    ep_len_mean          | 2e+03        |
|    ep_rew_mean          | 3.29e+03     |
| time/                   |              |
|    fps                  | 4302         |
|    iterations           | 712          |
|    time_elapsed         | 6438         |
|    total_timesteps      | 27705344     |
| train/                  |              |
|    approx_kl            | 0.0032403201 |
|    clip_fraction        | 0.0297       |
|    clip_range           | 0.2          |
|    entropy_loss         | 2.97         |
|    explained_variance   | 0.937        |
|    learning_rate        | 2.33e-05     |
|    loss                 | 5.36         |
|    n_updates            | 7110         |
|    policy_gradient_loss | -0.00122     |
|    std                  | 0.0547       |
|    value_loss           | 9.86         |
------------------------------------------
Eval num_timesteps=27740000, episode_reward=3480.62 +/- 134.30
Episode length: 2000.00 +/- 0.00
------------------------------------------
| eval/                   |              |
|    mean_ep_length       | 2e+03        |
|    mean_reward          | 3.48e+03     |
| time/                   |              |
|    total_timesteps      | 27740000     |
| train/                  |              |
|    approx_kl            | 0.0031016516 |
|    clip_fraction        | 0.0237       |
|    clip_range           | 0.2          |
|    entropy_loss         | 2.97         |
|    explained_variance   | 0.91         |
|    learning_rate        | 2.29e-05     |
|    loss                 | 5.08         |
|    n_updates            | 7120         |
|    policy_gradient_loss | -0.00136     |
|    std                  | 0.0547       |
|    value_loss           | 14.6         |
------------------------------------------
---------------------------------
| rollout/           |          |
|    ep_len_mean     | 2e+03    |
|    ep_rew_mean     | 3.28e+03 |
| time/              |          |
|    fps             | 4293     |
|    iterations      | 713      |
|    time_elapsed    | 6462     |
|    total_timesteps | 27744256 |
---------------------------------
------------------------------------------
| rollout/                |              |
|    ep_len_mean          | 2e+03        |
|    ep_rew_mean          | 3.28e+03     |
| time/                   |              |
|    fps                  | 4295         |
|    iterations           | 714          |
|    time_elapsed         | 6467         |
|    total_timesteps      | 27783168     |
| train/                  |              |
|    approx_kl            | 0.0034645898 |
|    clip_fraction        | 0.0271       |
|    clip_range           | 0.2          |
|    entropy_loss         | 2.97         |
|    explained_variance   | 0.9          |
|    learning_rate        | 2.26e-05     |
|    loss                 | 5.96         |
|    n_updates            | 7130         |
|    policy_gradient_loss | -0.00134     |
|    std                  | 0.0548       |
|    value_loss           | 15.8         |
------------------------------------------
-----------------------------------------
| rollout/                |             |
|    ep_len_mean          | 2e+03       |
|    ep_rew_mean          | 3.27e+03    |
| time/                   |             |
|    fps                  | 4298        |
|    iterations           | 715         |
|    time_elapsed         | 6472        |
|    total_timesteps      | 27822080    |
| train/                  |             |
|    approx_kl            | 0.003503681 |
|    clip_fraction        | 0.0268      |
|    clip_range           | 0.2         |
|    entropy_loss         | 2.97        |
|    explained_variance   | 0.885       |
|    learning_rate        | 2.22e-05    |
|    loss                 | 16.7        |
|    n_updates            | 7140        |
|    policy_gradient_loss | -0.00106    |
|    std                  | 0.0548      |
|    value_loss           | 18.3        |
-----------------------------------------
------------------------------------------
| rollout/                |              |
|    ep_len_mean          | 2e+03        |
|    ep_rew_mean          | 3.28e+03     |
| time/                   |              |
|    fps                  | 4300         |
|    iterations           | 716          |
|    time_elapsed         | 6477         |
|    total_timesteps      | 27860992     |
| train/                  |              |
|    approx_kl            | 0.0034671563 |
|    clip_fraction        | 0.0317       |
|    clip_range           | 0.2          |
|    entropy_loss         | 2.97         |
|    explained_variance   | 0.884        |
|    learning_rate        | 2.18e-05     |
|    loss                 | 5.82         |
|    n_updates            | 7150         |
|    policy_gradient_loss | -0.00132     |
|    std                  | 0.0549       |
|    value_loss           | 15.3         |
------------------------------------------
------------------------------------------
| rollout/                |              |
|    ep_len_mean          | 2e+03        |
|    ep_rew_mean          | 3.28e+03     |
| time/                   |              |
|    fps                  | 4303         |
|    iterations           | 717          |
|    time_elapsed         | 6483         |
|    total_timesteps      | 27899904     |
| train/                  |              |
|    approx_kl            | 0.0042580273 |
|    clip_fraction        | 0.0295       |
|    clip_range           | 0.2          |
|    entropy_loss         | 2.97         |
|    explained_variance   | 0.902        |
|    learning_rate        | 2.14e-05     |
|    loss                 | 4.79         |
|    n_updates            | 7160         |
|    policy_gradient_loss | -0.00152     |
|    std                  | 0.055        |
|    value_loss           | 10.8         |
------------------------------------------
Eval num_timesteps=27930000, episode_reward=3481.47 +/- 126.45
Episode length: 2000.00 +/- 0.00
------------------------------------------
| eval/                   |              |
|    mean_ep_length       | 2e+03        |
|    mean_reward          | 3.48e+03     |
| time/                   |              |
|    total_timesteps      | 27930000     |
| train/                  |              |
|    approx_kl            | 0.0039978796 |
|    clip_fraction        | 0.0249       |
|    clip_range           | 0.2          |
|    entropy_loss         | 2.97         |
|    explained_variance   | 0.925        |
|    learning_rate        | 2.1e-05      |
|    loss                 | 3.73         |
|    n_updates            | 7170         |
|    policy_gradient_loss | -0.00135     |
|    std                  | 0.0549       |
|    value_loss           | 10.3         |
------------------------------------------
New best mean reward!
---------------------------------
| rollout/           |          |
|    ep_len_mean     | 2e+03    |
|    ep_rew_mean     | 3.29e+03 |
| time/              |          |
|    fps             | 4293     |
|    iterations      | 718      |
|    time_elapsed    | 6506     |
|    total_timesteps | 27938816 |
---------------------------------
-----------------------------------------
| rollout/                |             |
|    ep_len_mean          | 2e+03       |
|    ep_rew_mean          | 3.31e+03    |
| time/                   |             |
|    fps                  | 4296        |
|    iterations           | 719         |
|    time_elapsed         | 6512        |
|    total_timesteps      | 27977728    |
| train/                  |             |
|    approx_kl            | 0.004380411 |
|    clip_fraction        | 0.0306      |
|    clip_range           | 0.2         |
|    entropy_loss         | 2.96        |
|    explained_variance   | 0.912       |
|    learning_rate        | 2.06e-05    |
|    loss                 | 5.52        |
|    n_updates            | 7180        |
|    policy_gradient_loss | -0.0014     |
|    std                  | 0.0551      |
|    value_loss           | 12.6        |
-----------------------------------------
------------------------------------------
| rollout/                |              |
|    ep_len_mean          | 2e+03        |
|    ep_rew_mean          | 3.32e+03     |
| time/                   |              |
|    fps                  | 4298         |
|    iterations           | 720          |
|    time_elapsed         | 6517         |
|    total_timesteps      | 28016640     |
| train/                  |              |
|    approx_kl            | 0.0038508968 |
|    clip_fraction        | 0.0265       |
|    clip_range           | 0.2          |
|    entropy_loss         | 2.96         |
|    explained_variance   | 0.895        |
|    learning_rate        | 2.02e-05     |
|    loss                 | 7.39         |
|    n_updates            | 7190         |
|    policy_gradient_loss | -0.00128     |
|    std                  | 0.0552       |
|    value_loss           | 13.1         |
------------------------------------------
------------------------------------------
| rollout/                |              |
|    ep_len_mean          | 2e+03        |
|    ep_rew_mean          | 3.32e+03     |
| time/                   |              |
|    fps                  | 4301         |
|    iterations           | 721          |
|    time_elapsed         | 6522         |
|    total_timesteps      | 28055552     |
| train/                  |              |
|    approx_kl            | 0.0034550324 |
|    clip_fraction        | 0.0213       |
|    clip_range           | 0.2          |
|    entropy_loss         | 2.96         |
|    explained_variance   | 0.918        |
|    learning_rate        | 1.98e-05     |
|    loss                 | 11.6         |
|    n_updates            | 7200         |
|    policy_gradient_loss | -0.00116     |
|    std                  | 0.0552       |
|    value_loss           | 16.2         |
------------------------------------------
-----------------------------------------
| rollout/                |             |
|    ep_len_mean          | 2e+03       |
|    ep_rew_mean          | 3.31e+03    |
| time/                   |             |
|    fps                  | 4303        |
|    iterations           | 722         |
|    time_elapsed         | 6527        |
|    total_timesteps      | 28094464    |
| train/                  |             |
|    approx_kl            | 0.004707766 |
|    clip_fraction        | 0.0302      |
|    clip_range           | 0.2         |
|    entropy_loss         | 2.96        |
|    explained_variance   | 0.919       |
|    learning_rate        | 1.94e-05    |
|    loss                 | 8.21        |
|    n_updates            | 7210        |
|    policy_gradient_loss | -0.00136    |
|    std                  | 0.0552      |
|    value_loss           | 12.7        |
-----------------------------------------
Eval num_timesteps=28120000, episode_reward=3477.72 +/- 126.26
Episode length: 2000.00 +/- 0.00
------------------------------------------
| eval/                   |              |
|    mean_ep_length       | 2e+03        |
|    mean_reward          | 3.48e+03     |
| time/                   |              |
|    total_timesteps      | 28120000     |
| train/                  |              |
|    approx_kl            | 0.0046649454 |
|    clip_fraction        | 0.0265       |
|    clip_range           | 0.2          |
|    entropy_loss         | 2.96         |
|    explained_variance   | 0.898        |
|    learning_rate        | 1.91e-05     |
|    loss                 | 7.54         |
|    n_updates            | 7220         |
|    policy_gradient_loss | -0.00119     |
|    std                  | 0.0552       |
|    value_loss           | 16.2         |
------------------------------------------
---------------------------------
| rollout/           |          |
|    ep_len_mean     | 2e+03    |
|    ep_rew_mean     | 3.31e+03 |
| time/              |          |
|    fps             | 4294     |
|    iterations      | 723      |
|    time_elapsed    | 6551     |
|    total_timesteps | 28133376 |
---------------------------------
------------------------------------------
| rollout/                |              |
|    ep_len_mean          | 2e+03        |
|    ep_rew_mean          | 3.29e+03     |
| time/                   |              |
|    fps                  | 4296         |
|    iterations           | 724          |
|    time_elapsed         | 6556         |
|    total_timesteps      | 28172288     |
| train/                  |              |
|    approx_kl            | 0.0037551206 |
|    clip_fraction        | 0.0314       |
|    clip_range           | 0.2          |
|    entropy_loss         | 2.96         |
|    explained_variance   | 0.909        |
|    learning_rate        | 1.87e-05     |
|    loss                 | 9.21         |
|    n_updates            | 7230         |
|    policy_gradient_loss | -0.00169     |
|    std                  | 0.0552       |
|    value_loss           | 13.9         |
------------------------------------------
------------------------------------------
| rollout/                |              |
|    ep_len_mean          | 2e+03        |
|    ep_rew_mean          | 3.3e+03      |
| time/                   |              |
|    fps                  | 4299         |
|    iterations           | 725          |
|    time_elapsed         | 6561         |
|    total_timesteps      | 28211200     |
| train/                  |              |
|    approx_kl            | 0.0034377316 |
|    clip_fraction        | 0.0276       |
|    clip_range           | 0.2          |
|    entropy_loss         | 2.96         |
|    explained_variance   | 0.911        |
|    learning_rate        | 1.83e-05     |
|    loss                 | 4.05         |
|    n_updates            | 7240         |
|    policy_gradient_loss | -0.00122     |
|    std                  | 0.0552       |
|    value_loss           | 12.9         |
------------------------------------------
-----------------------------------------
| rollout/                |             |
|    ep_len_mean          | 2e+03       |
|    ep_rew_mean          | 3.3e+03     |
| time/                   |             |
|    fps                  | 4301        |
|    iterations           | 726         |
|    time_elapsed         | 6567        |
|    total_timesteps      | 28250112    |
| train/                  |             |
|    approx_kl            | 0.004206925 |
|    clip_fraction        | 0.025       |
|    clip_range           | 0.2         |
|    entropy_loss         | 2.96        |
|    explained_variance   | 0.906       |
|    learning_rate        | 1.79e-05    |
|    loss                 | 6.46        |
|    n_updates            | 7250        |
|    policy_gradient_loss | -0.00148    |
|    std                  | 0.0552      |
|    value_loss           | 15.3        |
-----------------------------------------
------------------------------------------
| rollout/                |              |
|    ep_len_mean          | 2e+03        |
|    ep_rew_mean          | 3.3e+03      |
| time/                   |              |
|    fps                  | 4304         |
|    iterations           | 727          |
|    time_elapsed         | 6572         |
|    total_timesteps      | 28289024     |
| train/                  |              |
|    approx_kl            | 0.0038615756 |
|    clip_fraction        | 0.0284       |
|    clip_range           | 0.2          |
|    entropy_loss         | 2.96         |
|    explained_variance   | 0.919        |
|    learning_rate        | 1.75e-05     |
|    loss                 | 7.2          |
|    n_updates            | 7260         |
|    policy_gradient_loss | -0.00137     |
|    std                  | 0.0552       |
|    value_loss           | 10.2         |
------------------------------------------
Eval num_timesteps=28310000, episode_reward=3480.12 +/- 140.35
Episode length: 2000.00 +/- 0.00
------------------------------------------
| eval/                   |              |
|    mean_ep_length       | 2e+03        |
|    mean_reward          | 3.48e+03     |
| time/                   |              |
|    total_timesteps      | 28310000     |
| train/                  |              |
|    approx_kl            | 0.0030158765 |
|    clip_fraction        | 0.0214       |
|    clip_range           | 0.2          |
|    entropy_loss         | 2.95         |
|    explained_variance   | 0.893        |
|    learning_rate        | 1.71e-05     |
|    loss                 | 11.4         |
|    n_updates            | 7270         |
|    policy_gradient_loss | -0.00111     |
|    std                  | 0.0553       |
|    value_loss           | 16.5         |
------------------------------------------
---------------------------------
| rollout/           |          |
|    ep_len_mean     | 2e+03    |
|    ep_rew_mean     | 3.29e+03 |
| time/              |          |
|    fps             | 4294     |
|    iterations      | 728      |
|    time_elapsed    | 6596     |
|    total_timesteps | 28327936 |
---------------------------------
------------------------------------------
| rollout/                |              |
|    ep_len_mean          | 2e+03        |
|    ep_rew_mean          | 3.29e+03     |
| time/                   |              |
|    fps                  | 4296         |
|    iterations           | 729          |
|    time_elapsed         | 6601         |
|    total_timesteps      | 28366848     |
| train/                  |              |
|    approx_kl            | 0.0032179414 |
|    clip_fraction        | 0.0232       |
|    clip_range           | 0.2          |
|    entropy_loss         | 2.95         |
|    explained_variance   | 0.866        |
|    learning_rate        | 1.67e-05     |
|    loss                 | 14.3         |
|    n_updates            | 7280         |
|    policy_gradient_loss | -0.00123     |
|    std                  | 0.0553       |
|    value_loss           | 18           |
------------------------------------------
-----------------------------------------
| rollout/                |             |
|    ep_len_mean          | 2e+03       |
|    ep_rew_mean          | 3.28e+03    |
| time/                   |             |
|    fps                  | 4299        |
|    iterations           | 730         |
|    time_elapsed         | 6607        |
|    total_timesteps      | 28405760    |
| train/                  |             |
|    approx_kl            | 0.003501303 |
|    clip_fraction        | 0.0206      |
|    clip_range           | 0.2         |
|    entropy_loss         | 2.95        |
|    explained_variance   | 0.88        |
|    learning_rate        | 1.63e-05    |
|    loss                 | 13.1        |
|    n_updates            | 7290        |
|    policy_gradient_loss | -0.00142    |
|    std                  | 0.0554      |
|    value_loss           | 16.4        |
-----------------------------------------
------------------------------------------
| rollout/                |              |
|    ep_len_mean          | 2e+03        |
|    ep_rew_mean          | 3.29e+03     |
| time/                   |              |
|    fps                  | 4301         |
|    iterations           | 731          |
|    time_elapsed         | 6612         |
|    total_timesteps      | 28444672     |
| train/                  |              |
|    approx_kl            | 0.0039880187 |
|    clip_fraction        | 0.0289       |
|    clip_range           | 0.2          |
|    entropy_loss         | 2.95         |
|    explained_variance   | 0.894        |
|    learning_rate        | 1.59e-05     |
|    loss                 | 4.33         |
|    n_updates            | 7300         |
|    policy_gradient_loss | -0.00153     |
|    std                  | 0.0554       |
|    value_loss           | 17.3         |
------------------------------------------
-----------------------------------------
| rollout/                |             |
|    ep_len_mean          | 2e+03       |
|    ep_rew_mean          | 3.29e+03    |
| time/                   |             |
|    fps                  | 4304        |
|    iterations           | 732         |
|    time_elapsed         | 6617        |
|    total_timesteps      | 28483584    |
| train/                  |             |
|    approx_kl            | 0.003416591 |
|    clip_fraction        | 0.0198      |
|    clip_range           | 0.2         |
|    entropy_loss         | 2.95        |
|    explained_variance   | 0.892       |
|    learning_rate        | 1.56e-05    |
|    loss                 | 3.18        |
|    n_updates            | 7310        |
|    policy_gradient_loss | -0.000924   |
|    std                  | 0.0554      |
|    value_loss           | 14.6        |
-----------------------------------------
Eval num_timesteps=28500000, episode_reward=3473.74 +/- 161.15
Episode length: 2000.00 +/- 0.00
------------------------------------------
| eval/                   |              |
|    mean_ep_length       | 2e+03        |
|    mean_reward          | 3.47e+03     |
| time/                   |              |
|    total_timesteps      | 28500000     |
| train/                  |              |
|    approx_kl            | 0.0028541666 |
|    clip_fraction        | 0.0237       |
|    clip_range           | 0.2          |
|    entropy_loss         | 2.95         |
|    explained_variance   | 0.892        |
|    learning_rate        | 1.52e-05     |
|    loss                 | 8.9          |
|    n_updates            | 7320         |
|    policy_gradient_loss | -0.00121     |
|    std                  | 0.0554       |
|    value_loss           | 18.1         |
------------------------------------------
---------------------------------
| rollout/           |          |
|    ep_len_mean     | 2e+03    |
|    ep_rew_mean     | 3.29e+03 |
| time/              |          |
|    fps             | 4294     |
|    iterations      | 733      |
|    time_elapsed    | 6641     |
|    total_timesteps | 28522496 |
---------------------------------
------------------------------------------
| rollout/                |              |
|    ep_len_mean          | 2e+03        |
|    ep_rew_mean          | 3.3e+03      |
| time/                   |              |
|    fps                  | 4297         |
|    iterations           | 734          |
|    time_elapsed         | 6646         |
|    total_timesteps      | 28561408     |
| train/                  |              |
|    approx_kl            | 0.0034557339 |
|    clip_fraction        | 0.0211       |
|    clip_range           | 0.2          |
|    entropy_loss         | 2.95         |
|    explained_variance   | 0.877        |
|    learning_rate        | 1.48e-05     |
|    loss                 | 5.49         |
|    n_updates            | 7330         |
|    policy_gradient_loss | -0.00109     |
|    std                  | 0.0555       |
|    value_loss           | 16.1         |
------------------------------------------
------------------------------------------
| rollout/                |              |
|    ep_len_mean          | 2e+03        |
|    ep_rew_mean          | 3.29e+03     |
| time/                   |              |
|    fps                  | 4299         |
|    iterations           | 735          |
|    time_elapsed         | 6651         |
|    total_timesteps      | 28600320     |
| train/                  |              |
|    approx_kl            | 0.0031056795 |
|    clip_fraction        | 0.0184       |
|    clip_range           | 0.2          |
|    entropy_loss         | 2.95         |
|    explained_variance   | 0.884        |
|    learning_rate        | 1.44e-05     |
|    loss                 | 6.14         |
|    n_updates            | 7340         |
|    policy_gradient_loss | -0.000758    |
|    std                  | 0.0555       |
|    value_loss           | 13.7         |
------------------------------------------
------------------------------------------
| rollout/                |              |
|    ep_len_mean          | 2e+03        |
|    ep_rew_mean          | 3.28e+03     |
| time/                   |              |
|    fps                  | 4302         |
|    iterations           | 736          |
|    time_elapsed         | 6656         |
|    total_timesteps      | 28639232     |
| train/                  |              |
|    approx_kl            | 0.0028544154 |
|    clip_fraction        | 0.0158       |
|    clip_range           | 0.2          |
|    entropy_loss         | 2.95         |
|    explained_variance   | 0.907        |
|    learning_rate        | 1.4e-05      |
|    loss                 | 7.72         |
|    n_updates            | 7350         |
|    policy_gradient_loss | -0.0011      |
|    std                  | 0.0555       |
|    value_loss           | 14.4         |
------------------------------------------
------------------------------------------
| rollout/                |              |
|    ep_len_mean          | 2e+03        |
|    ep_rew_mean          | 3.27e+03     |
| time/                   |              |
|    fps                  | 4304         |
|    iterations           | 737          |
|    time_elapsed         | 6662         |
|    total_timesteps      | 28678144     |
| train/                  |              |
|    approx_kl            | 0.0036414918 |
|    clip_fraction        | 0.026        |
|    clip_range           | 0.2          |
|    entropy_loss         | 2.94         |
|    explained_variance   | 0.865        |
|    learning_rate        | 1.36e-05     |
|    loss                 | 15.1         |
|    n_updates            | 7360         |
|    policy_gradient_loss | -0.0017      |
|    std                  | 0.0556       |
|    value_loss           | 20.5         |
------------------------------------------
Eval num_timesteps=28690000, episode_reward=3456.19 +/- 159.14
Episode length: 2000.00 +/- 0.00
------------------------------------------
| eval/                   |              |
|    mean_ep_length       | 2e+03        |
|    mean_reward          | 3.46e+03     |
| time/                   |              |
|    total_timesteps      | 28690000     |
| train/                  |              |
|    approx_kl            | 0.0026140602 |
|    clip_fraction        | 0.0154       |
|    clip_range           | 0.2          |
|    entropy_loss         | 2.94         |
|    explained_variance   | 0.884        |
|    learning_rate        | 1.32e-05     |
|    loss                 | 5.15         |
|    n_updates            | 7370         |
|    policy_gradient_loss | -0.000844    |
|    std                  | 0.0556       |
|    value_loss           | 12.2         |
------------------------------------------
---------------------------------
| rollout/           |          |
|    ep_len_mean     | 2e+03    |
|    ep_rew_mean     | 3.28e+03 |
| time/              |          |
|    fps             | 4295     |
|    iterations      | 738      |
|    time_elapsed    | 6685     |
|    total_timesteps | 28717056 |
---------------------------------
------------------------------------------
| rollout/                |              |
|    ep_len_mean          | 2e+03        |
|    ep_rew_mean          | 3.29e+03     |
| time/                   |              |
|    fps                  | 4297         |
|    iterations           | 739          |
|    time_elapsed         | 6691         |
|    total_timesteps      | 28755968     |
| train/                  |              |
|    approx_kl            | 0.0044262414 |
|    clip_fraction        | 0.0245       |
|    clip_range           | 0.2          |
|    entropy_loss         | 2.94         |
|    explained_variance   | 0.885        |
|    learning_rate        | 1.28e-05     |
|    loss                 | 8.27         |
|    n_updates            | 7380         |
|    policy_gradient_loss | -0.00163     |
|    std                  | 0.0556       |
|    value_loss           | 15.9         |
------------------------------------------
----------------------------------------
| rollout/                |            |
|    ep_len_mean          | 2e+03      |
|    ep_rew_mean          | 3.27e+03   |
| time/                   |            |
|    fps                  | 4300       |
|    iterations           | 740        |
|    time_elapsed         | 6696       |
|    total_timesteps      | 28794880   |
| train/                  |            |
|    approx_kl            | 0.00308882 |
|    clip_fraction        | 0.0138     |
|    clip_range           | 0.2        |
|    entropy_loss         | 2.94       |
|    explained_variance   | 0.888      |
|    learning_rate        | 1.24e-05   |
|    loss                 | 7.72       |
|    n_updates            | 7390       |
|    policy_gradient_loss | -0.000792  |
|    std                  | 0.0557     |
|    value_loss           | 16.9       |
----------------------------------------
------------------------------------------
| rollout/                |              |
|    ep_len_mean          | 2e+03        |
|    ep_rew_mean          | 3.28e+03     |
| time/                   |              |
|    fps                  | 4302         |
|    iterations           | 741          |
|    time_elapsed         | 6701         |
|    total_timesteps      | 28833792     |
| train/                  |              |
|    approx_kl            | 0.0021506269 |
|    clip_fraction        | 0.00785      |
|    clip_range           | 0.2          |
|    entropy_loss         | 2.94         |
|    explained_variance   | 0.895        |
|    learning_rate        | 1.21e-05     |
|    loss                 | 6.09         |
|    n_updates            | 7400         |
|    policy_gradient_loss | -0.000653    |
|    std                  | 0.0557       |
|    value_loss           | 21.6         |
------------------------------------------
------------------------------------------
| rollout/                |              |
|    ep_len_mean          | 2e+03        |
|    ep_rew_mean          | 3.29e+03     |
| time/                   |              |
|    fps                  | 4305         |
|    iterations           | 742          |
|    time_elapsed         | 6706         |
|    total_timesteps      | 28872704     |
| train/                  |              |
|    approx_kl            | 0.0039060633 |
|    clip_fraction        | 0.0323       |
|    clip_range           | 0.2          |
|    entropy_loss         | 2.94         |
|    explained_variance   | 0.877        |
|    learning_rate        | 1.17e-05     |
|    loss                 | 7.12         |
|    n_updates            | 7410         |
|    policy_gradient_loss | -0.00182     |
|    std                  | 0.0557       |
|    value_loss           | 14.9         |
------------------------------------------
Eval num_timesteps=28880000, episode_reward=3449.29 +/- 163.35
Episode length: 2000.00 +/- 0.00
------------------------------------------
| eval/                   |              |
|    mean_ep_length       | 2e+03        |
|    mean_reward          | 3.45e+03     |
| time/                   |              |
|    total_timesteps      | 28880000     |
| train/                  |              |
|    approx_kl            | 0.0025340524 |
|    clip_fraction        | 0.00775      |
|    clip_range           | 0.2          |
|    entropy_loss         | 2.94         |
|    explained_variance   | 0.926        |
|    learning_rate        | 1.13e-05     |
|    loss                 | 3.26         |
|    n_updates            | 7420         |
|    policy_gradient_loss | -0.000677    |
|    std                  | 0.0558       |
|    value_loss           | 11.3         |
------------------------------------------
---------------------------------
| rollout/           |          |
|    ep_len_mean     | 2e+03    |
|    ep_rew_mean     | 3.29e+03 |
| time/              |          |
|    fps             | 4295     |
|    iterations      | 743      |
|    time_elapsed    | 6730     |
|    total_timesteps | 28911616 |
---------------------------------
------------------------------------------
| rollout/                |              |
|    ep_len_mean          | 2e+03        |
|    ep_rew_mean          | 3.29e+03     |
| time/                   |              |
|    fps                  | 4298         |
|    iterations           | 744          |
|    time_elapsed         | 6735         |
|    total_timesteps      | 28950528     |
| train/                  |              |
|    approx_kl            | 0.0034828146 |
|    clip_fraction        | 0.0155       |
|    clip_range           | 0.2          |
|    entropy_loss         | 2.93         |
|    explained_variance   | 0.896        |
|    learning_rate        | 1.09e-05     |
|    loss                 | 5.26         |
|    n_updates            | 7430         |
|    policy_gradient_loss | -0.00101     |
|    std                  | 0.0559       |
|    value_loss           | 12.8         |
------------------------------------------
------------------------------------------
| rollout/                |              |
|    ep_len_mean          | 2e+03        |
|    ep_rew_mean          | 3.3e+03      |
| time/                   |              |
|    fps                  | 4300         |
|    iterations           | 745          |
|    time_elapsed         | 6740         |
|    total_timesteps      | 28989440     |
| train/                  |              |
|    approx_kl            | 0.0029415323 |
|    clip_fraction        | 0.0157       |
|    clip_range           | 0.2          |
|    entropy_loss         | 2.93         |
|    explained_variance   | 0.893        |
|    learning_rate        | 1.05e-05     |
|    loss                 | 7.39         |
|    n_updates            | 7440         |
|    policy_gradient_loss | -0.00101     |
|    std                  | 0.0559       |
|    value_loss           | 15.7         |
------------------------------------------
------------------------------------------
| rollout/                |              |
|    ep_len_mean          | 2e+03        |
|    ep_rew_mean          | 3.31e+03     |
| time/                   |              |
|    fps                  | 4302         |
|    iterations           | 746          |
|    time_elapsed         | 6746         |
|    total_timesteps      | 29028352     |
| train/                  |              |
|    approx_kl            | 0.0034681053 |
|    clip_fraction        | 0.0153       |
|    clip_range           | 0.2          |
|    entropy_loss         | 2.93         |
|    explained_variance   | 0.892        |
|    learning_rate        | 1.01e-05     |
|    loss                 | 3.34         |
|    n_updates            | 7450         |
|    policy_gradient_loss | -0.000899    |
|    std                  | 0.056        |
|    value_loss           | 11           |
------------------------------------------
------------------------------------------
| rollout/                |              |
|    ep_len_mean          | 2e+03        |
|    ep_rew_mean          | 3.32e+03     |
| time/                   |              |
|    fps                  | 4305         |
|    iterations           | 747          |
|    time_elapsed         | 6751         |
|    total_timesteps      | 29067264     |
| train/                  |              |
|    approx_kl            | 0.0027740542 |
|    clip_fraction        | 0.0153       |
|    clip_range           | 0.2          |
|    entropy_loss         | 2.93         |
|    explained_variance   | 0.894        |
|    learning_rate        | 9.72e-06     |
|    loss                 | 12           |
|    n_updates            | 7460         |
|    policy_gradient_loss | -0.0011      |
|    std                  | 0.056        |
|    value_loss           | 16.2         |
------------------------------------------
Eval num_timesteps=29070000, episode_reward=3456.16 +/- 170.08
Episode length: 2000.00 +/- 0.00
------------------------------------------
| eval/                   |              |
|    mean_ep_length       | 2e+03        |
|    mean_reward          | 3.46e+03     |
| time/                   |              |
|    total_timesteps      | 29070000     |
| train/                  |              |
|    approx_kl            | 0.0033911087 |
|    clip_fraction        | 0.0193       |
|    clip_range           | 0.2          |
|    entropy_loss         | 2.93         |
|    explained_variance   | 0.907        |
|    learning_rate        | 9.33e-06     |
|    loss                 | 8.61         |
|    n_updates            | 7470         |
|    policy_gradient_loss | -0.00122     |
|    std                  | 0.056        |
|    value_loss           | 10.7         |
------------------------------------------
---------------------------------
| rollout/           |          |
|    ep_len_mean     | 2e+03    |
|    ep_rew_mean     | 3.31e+03 |
| time/              |          |
|    fps             | 4296     |
|    iterations      | 748      |
|    time_elapsed    | 6774     |
|    total_timesteps | 29106176 |
---------------------------------
-----------------------------------------
| rollout/                |             |
|    ep_len_mean          | 2e+03       |
|    ep_rew_mean          | 3.31e+03    |
| time/                   |             |
|    fps                  | 4298        |
|    iterations           | 749         |
|    time_elapsed         | 6780        |
|    total_timesteps      | 29145088    |
| train/                  |             |
|    approx_kl            | 0.003255989 |
|    clip_fraction        | 0.019       |
|    clip_range           | 0.2         |
|    entropy_loss         | 2.93        |
|    explained_variance   | 0.875       |
|    learning_rate        | 8.94e-06    |
|    loss                 | 5.21        |
|    n_updates            | 7480        |
|    policy_gradient_loss | -0.0013     |
|    std                  | 0.056       |
|    value_loss           | 16.4        |
-----------------------------------------
------------------------------------------
| rollout/                |              |
|    ep_len_mean          | 2e+03        |
|    ep_rew_mean          | 3.32e+03     |
| time/                   |              |
|    fps                  | 4301         |
|    iterations           | 750          |
|    time_elapsed         | 6785         |
|    total_timesteps      | 29184000     |
| train/                  |              |
|    approx_kl            | 0.0032034863 |
|    clip_fraction        | 0.0244       |
|    clip_range           | 0.2          |
|    entropy_loss         | 2.93         |
|    explained_variance   | 0.881        |
|    learning_rate        | 8.55e-06     |
|    loss                 | 9.43         |
|    n_updates            | 7490         |
|    policy_gradient_loss | -0.00145     |
|    std                  | 0.0561       |
|    value_loss           | 13.9         |
------------------------------------------
------------------------------------------
| rollout/                |              |
|    ep_len_mean          | 2e+03        |
|    ep_rew_mean          | 3.32e+03     |
| time/                   |              |
|    fps                  | 4303         |
|    iterations           | 751          |
|    time_elapsed         | 6790         |
|    total_timesteps      | 29222912     |
| train/                  |              |
|    approx_kl            | 0.0025672868 |
|    clip_fraction        | 0.00903      |
|    clip_range           | 0.2          |
|    entropy_loss         | 2.93         |
|    explained_variance   | 0.892        |
|    learning_rate        | 8.16e-06     |
|    loss                 | 4.19         |
|    n_updates            | 7500         |
|    policy_gradient_loss | -0.000853    |
|    std                  | 0.056        |
|    value_loss           | 13.3         |
------------------------------------------
Eval num_timesteps=29260000, episode_reward=3462.80 +/- 167.21
Episode length: 2000.00 +/- 0.00
----------------------------------------
| eval/                   |            |
|    mean_ep_length       | 2e+03      |
|    mean_reward          | 3.46e+03   |
| time/                   |            |
|    total_timesteps      | 29260000   |
| train/                  |            |
|    approx_kl            | 0.00300484 |
|    clip_fraction        | 0.0159     |
|    clip_range           | 0.2        |
|    entropy_loss         | 2.93       |
|    explained_variance   | 0.887      |
|    learning_rate        | 7.77e-06   |
|    loss                 | 5.1        |
|    n_updates            | 7510       |
|    policy_gradient_loss | -0.00122   |
|    std                  | 0.056      |
|    value_loss           | 14.3       |
----------------------------------------
---------------------------------
| rollout/           |          |
|    ep_len_mean     | 2e+03    |
|    ep_rew_mean     | 3.31e+03 |
| time/              |          |
|    fps             | 4294     |
|    iterations      | 752      |
|    time_elapsed    | 6814     |
|    total_timesteps | 29261824 |
---------------------------------
-----------------------------------------
| rollout/                |             |
|    ep_len_mean          | 2e+03       |
|    ep_rew_mean          | 3.31e+03    |
| time/                   |             |
|    fps                  | 4296        |
|    iterations           | 753         |
|    time_elapsed         | 6819        |
|    total_timesteps      | 29300736    |
| train/                  |             |
|    approx_kl            | 0.002621705 |
|    clip_fraction        | 0.0122      |
|    clip_range           | 0.2         |
|    entropy_loss         | 2.93        |
|    explained_variance   | 0.877       |
|    learning_rate        | 7.38e-06    |
|    loss                 | 11          |
|    n_updates            | 7520        |
|    policy_gradient_loss | -0.00119    |
|    std                  | 0.056       |
|    value_loss           | 17.2        |
-----------------------------------------
------------------------------------------
| rollout/                |              |
|    ep_len_mean          | 2e+03        |
|    ep_rew_mean          | 3.29e+03     |
| time/                   |              |
|    fps                  | 4299         |
|    iterations           | 754          |
|    time_elapsed         | 6824         |
|    total_timesteps      | 29339648     |
| train/                  |              |
|    approx_kl            | 0.0037060436 |
|    clip_fraction        | 0.0162       |
|    clip_range           | 0.2          |
|    entropy_loss         | 2.93         |
|    explained_variance   | 0.873        |
|    learning_rate        | 6.99e-06     |
|    loss                 | 11.9         |
|    n_updates            | 7530         |
|    policy_gradient_loss | -0.00104     |
|    std                  | 0.0561       |
|    value_loss           | 15.9         |
------------------------------------------
------------------------------------------
| rollout/                |              |
|    ep_len_mean          | 2e+03        |
|    ep_rew_mean          | 3.29e+03     |
| time/                   |              |
|    fps                  | 4301         |
|    iterations           | 755          |
|    time_elapsed         | 6829         |
|    total_timesteps      | 29378560     |
| train/                  |              |
|    approx_kl            | 0.0033622442 |
|    clip_fraction        | 0.012        |
|    clip_range           | 0.2          |
|    entropy_loss         | 2.93         |
|    explained_variance   | 0.864        |
|    learning_rate        | 6.6e-06      |
|    loss                 | 5.33         |
|    n_updates            | 7540         |
|    policy_gradient_loss | -0.000752    |
|    std                  | 0.0561       |
|    value_loss           | 19.3         |
------------------------------------------
-----------------------------------------
| rollout/                |             |
|    ep_len_mean          | 2e+03       |
|    ep_rew_mean          | 3.28e+03    |
| time/                   |             |
|    fps                  | 4303        |
|    iterations           | 756         |
|    time_elapsed         | 6835        |
|    total_timesteps      | 29417472    |
| train/                  |             |
|    approx_kl            | 0.002400994 |
|    clip_fraction        | 0.00784     |
|    clip_range           | 0.2         |
|    entropy_loss         | 2.93        |
|    explained_variance   | 0.884       |
|    learning_rate        | 6.21e-06    |
|    loss                 | 10.8        |
|    n_updates            | 7550        |
|    policy_gradient_loss | -0.00067    |
|    std                  | 0.0561      |
|    value_loss           | 16.9        |
-----------------------------------------
Eval num_timesteps=29450000, episode_reward=3463.37 +/- 160.16
Episode length: 2000.00 +/- 0.00
------------------------------------------
| eval/                   |              |
|    mean_ep_length       | 2e+03        |
|    mean_reward          | 3.46e+03     |
| time/                   |              |
|    total_timesteps      | 29450000     |
| train/                  |              |
|    approx_kl            | 0.0025274758 |
|    clip_fraction        | 0.00539      |
|    clip_range           | 0.2          |
|    entropy_loss         | 2.92         |
|    explained_variance   | 0.882        |
|    learning_rate        | 5.83e-06     |
|    loss                 | 8.98         |
|    n_updates            | 7560         |
|    policy_gradient_loss | -0.000629    |
|    std                  | 0.0561       |
|    value_loss           | 18.2         |
------------------------------------------
---------------------------------
| rollout/           |          |
|    ep_len_mean     | 2e+03    |
|    ep_rew_mean     | 3.28e+03 |
| time/              |          |
|    fps             | 4294     |
|    iterations      | 757      |
|    time_elapsed    | 6858     |
|    total_timesteps | 29456384 |
---------------------------------
-----------------------------------------
| rollout/                |             |
|    ep_len_mean          | 2e+03       |
|    ep_rew_mean          | 3.3e+03     |
| time/                   |             |
|    fps                  | 4297        |
|    iterations           | 758         |
|    time_elapsed         | 6864        |
|    total_timesteps      | 29495296    |
| train/                  |             |
|    approx_kl            | 0.002838072 |
|    clip_fraction        | 0.0116      |
|    clip_range           | 0.2         |
|    entropy_loss         | 2.92        |
|    explained_variance   | 0.876       |
|    learning_rate        | 5.44e-06    |
|    loss                 | 5           |
|    n_updates            | 7570        |
|    policy_gradient_loss | -0.00091    |
|    std                  | 0.0562      |
|    value_loss           | 13.3        |
-----------------------------------------
------------------------------------------
| rollout/                |              |
|    ep_len_mean          | 2e+03        |
|    ep_rew_mean          | 3.3e+03      |
| time/                   |              |
|    fps                  | 4299         |
|    iterations           | 759          |
|    time_elapsed         | 6869         |
|    total_timesteps      | 29534208     |
| train/                  |              |
|    approx_kl            | 0.0031055768 |
|    clip_fraction        | 0.0101       |
|    clip_range           | 0.2          |
|    entropy_loss         | 2.92         |
|    explained_variance   | 0.901        |
|    learning_rate        | 5.05e-06     |
|    loss                 | 6.41         |
|    n_updates            | 7580         |
|    policy_gradient_loss | -0.00123     |
|    std                  | 0.0562       |
|    value_loss           | 13.7         |
------------------------------------------
-----------------------------------------
| rollout/                |             |
|    ep_len_mean          | 2e+03       |
|    ep_rew_mean          | 3.3e+03     |
| time/                   |             |
|    fps                  | 4301        |
|    iterations           | 760         |
|    time_elapsed         | 6874        |
|    total_timesteps      | 29573120    |
| train/                  |             |
|    approx_kl            | 0.001964222 |
|    clip_fraction        | 0.00527     |
|    clip_range           | 0.2         |
|    entropy_loss         | 2.92        |
|    explained_variance   | 0.877       |
|    learning_rate        | 4.66e-06    |
|    loss                 | 8.45        |
|    n_updates            | 7590        |
|    policy_gradient_loss | -0.0006     |
|    std                  | 0.0562      |
|    value_loss           | 19.6        |
-----------------------------------------
------------------------------------------
| rollout/                |              |
|    ep_len_mean          | 2e+03        |
|    ep_rew_mean          | 3.31e+03     |
| time/                   |              |
|    fps                  | 4304         |
|    iterations           | 761          |
|    time_elapsed         | 6879         |
|    total_timesteps      | 29612032     |
| train/                  |              |
|    approx_kl            | 0.0014619828 |
|    clip_fraction        | 0.00231      |
|    clip_range           | 0.2          |
|    entropy_loss         | 2.92         |
|    explained_variance   | 0.877        |
|    learning_rate        | 4.27e-06     |
|    loss                 | 20.8         |
|    n_updates            | 7600         |
|    policy_gradient_loss | -0.000586    |
|    std                  | 0.0562       |
|    value_loss           | 15.5         |
------------------------------------------
Eval num_timesteps=29640000, episode_reward=3478.42 +/- 161.34
Episode length: 2000.00 +/- 0.00
------------------------------------------
| eval/                   |              |
|    mean_ep_length       | 2e+03        |
|    mean_reward          | 3.48e+03     |
| time/                   |              |
|    total_timesteps      | 29640000     |
| train/                  |              |
|    approx_kl            | 0.0018032589 |
|    clip_fraction        | 0.00348      |
|    clip_range           | 0.2          |
|    entropy_loss         | 2.92         |
|    explained_variance   | 0.882        |
|    learning_rate        | 3.88e-06     |
|    loss                 | 9.23         |
|    n_updates            | 7610         |
|    policy_gradient_loss | -0.000627    |
|    std                  | 0.0562       |
|    value_loss           | 18.8         |
------------------------------------------
---------------------------------
| rollout/           |          |
|    ep_len_mean     | 2e+03    |
|    ep_rew_mean     | 3.31e+03 |
| time/              |          |
|    fps             | 4295     |
|    iterations      | 762      |
|    time_elapsed    | 6903     |
|    total_timesteps | 29650944 |
---------------------------------
----------------------------------------
| rollout/                |            |
|    ep_len_mean          | 2e+03      |
|    ep_rew_mean          | 3.29e+03   |
| time/                   |            |
|    fps                  | 4297       |
|    iterations           | 763        |
|    time_elapsed         | 6908       |
|    total_timesteps      | 29689856   |
| train/                  |            |
|    approx_kl            | 0.00275865 |
|    clip_fraction        | 0.0067     |
|    clip_range           | 0.2        |
|    entropy_loss         | 2.92       |
|    explained_variance   | 0.89       |
|    learning_rate        | 3.49e-06   |
|    loss                 | 6.43       |
|    n_updates            | 7620       |
|    policy_gradient_loss | -0.000779  |
|    std                  | 0.0562     |
|    value_loss           | 18.3       |
----------------------------------------
------------------------------------------
| rollout/                |              |
|    ep_len_mean          | 2e+03        |
|    ep_rew_mean          | 3.3e+03      |
| time/                   |              |
|    fps                  | 4299         |
|    iterations           | 764          |
|    time_elapsed         | 6913         |
|    total_timesteps      | 29728768     |
| train/                  |              |
|    approx_kl            | 0.0018546007 |
|    clip_fraction        | 0.00388      |
|    clip_range           | 0.2          |
|    entropy_loss         | 2.92         |
|    explained_variance   | 0.869        |
|    learning_rate        | 3.1e-06      |
|    loss                 | 14.7         |
|    n_updates            | 7630         |
|    policy_gradient_loss | -0.000668    |
|    std                  | 0.0562       |
|    value_loss           | 19.9         |
------------------------------------------
------------------------------------------
| rollout/                |              |
|    ep_len_mean          | 2e+03        |
|    ep_rew_mean          | 3.3e+03      |
| time/                   |              |
|    fps                  | 4302         |
|    iterations           | 765          |
|    time_elapsed         | 6918         |
|    total_timesteps      | 29767680     |
| train/                  |              |
|    approx_kl            | 0.0009864552 |
|    clip_fraction        | 0.000738     |
|    clip_range           | 0.2          |
|    entropy_loss         | 2.92         |
|    explained_variance   | 0.882        |
|    learning_rate        | 2.71e-06     |
|    loss                 | 7.56         |
|    n_updates            | 7640         |
|    policy_gradient_loss | -0.000371    |
|    std                  | 0.0562       |
|    value_loss           | 14           |
------------------------------------------
------------------------------------------
| rollout/                |              |
|    ep_len_mean          | 2e+03        |
|    ep_rew_mean          | 3.3e+03      |
| time/                   |              |
|    fps                  | 4304         |
|    iterations           | 766          |
|    time_elapsed         | 6924         |
|    total_timesteps      | 29806592     |
| train/                  |              |
|    approx_kl            | 0.0014692083 |
|    clip_fraction        | 0.00107      |
|    clip_range           | 0.2          |
|    entropy_loss         | 2.92         |
|    explained_variance   | 0.911        |
|    learning_rate        | 2.32e-06     |
|    loss                 | 7.16         |
|    n_updates            | 7650         |
|    policy_gradient_loss | -0.000556    |
|    std                  | 0.0562       |
|    value_loss           | 12.5         |
------------------------------------------
Eval num_timesteps=29830000, episode_reward=3459.76 +/- 170.67
Episode length: 2000.00 +/- 0.00
------------------------------------------
| eval/                   |              |
|    mean_ep_length       | 2e+03        |
|    mean_reward          | 3.46e+03     |
| time/                   |              |
|    total_timesteps      | 29830000     |
| train/                  |              |
|    approx_kl            | 0.0016590286 |
|    clip_fraction        | 0.00857      |
|    clip_range           | 0.2          |
|    entropy_loss         | 2.92         |
|    explained_variance   | 0.906        |
|    learning_rate        | 1.93e-06     |
|    loss                 | 8.9          |
|    n_updates            | 7660         |
|    policy_gradient_loss | -0.000847    |
|    std                  | 0.0562       |
|    value_loss           | 15.4         |
------------------------------------------
---------------------------------
| rollout/           |          |
|    ep_len_mean     | 2e+03    |
|    ep_rew_mean     | 3.3e+03  |
| time/              |          |
|    fps             | 4295     |
|    iterations      | 767      |
|    time_elapsed    | 6948     |
|    total_timesteps | 29845504 |
---------------------------------
------------------------------------------
| rollout/                |              |
|    ep_len_mean          | 2e+03        |
|    ep_rew_mean          | 3.31e+03     |
| time/                   |              |
|    fps                  | 4297         |
|    iterations           | 768          |
|    time_elapsed         | 6953         |
|    total_timesteps      | 29884416     |
| train/                  |              |
|    approx_kl            | 0.0013552399 |
|    clip_fraction        | 0.00399      |
|    clip_range           | 0.2          |
|    entropy_loss         | 2.92         |
|    explained_variance   | 0.877        |
|    learning_rate        | 1.54e-06     |
|    loss                 | 7.53         |
|    n_updates            | 7670         |
|    policy_gradient_loss | -0.000498    |
|    std                  | 0.0562       |
|    value_loss           | 16.4         |
------------------------------------------
------------------------------------------
| rollout/                |              |
|    ep_len_mean          | 2e+03        |
|    ep_rew_mean          | 3.31e+03     |
| time/                   |              |
|    fps                  | 4300         |
|    iterations           | 769          |
|    time_elapsed         | 6958         |
|    total_timesteps      | 29923328     |
| train/                  |              |
|    approx_kl            | 0.0022086625 |
|    clip_fraction        | 0.00602      |
|    clip_range           | 0.2          |
|    entropy_loss         | 2.92         |
|    explained_variance   | 0.892        |
|    learning_rate        | 1.16e-06     |
|    loss                 | 6.88         |
|    n_updates            | 7680         |
|    policy_gradient_loss | -0.000641    |
|    std                  | 0.0562       |
|    value_loss           | 12           |
------------------------------------------
-------------------------------------------
| rollout/                |               |
|    ep_len_mean          | 2e+03         |
|    ep_rew_mean          | 3.3e+03       |
| time/                   |               |
|    fps                  | 4302          |
|    iterations           | 770           |
|    time_elapsed         | 6964          |
|    total_timesteps      | 29962240      |
| train/                  |               |
|    approx_kl            | 0.00016309053 |
|    clip_fraction        | 0             |
|    clip_range           | 0.2           |
|    entropy_loss         | 2.92          |
|    explained_variance   | 0.873         |
|    learning_rate        | 7.67e-07      |
|    loss                 | 12.1          |
|    n_updates            | 7690          |
|    policy_gradient_loss | -0.000186     |
|    std                  | 0.0562        |
|    value_loss           | 17.4          |
-------------------------------------------
------------------------------------------
| rollout/                |              |
|    ep_len_mean          | 2e+03        |
|    ep_rew_mean          | 3.31e+03     |
| time/                   |              |
|    fps                  | 4304         |
|    iterations           | 771          |
|    time_elapsed         | 6969         |
|    total_timesteps      | 30001152     |
| train/                  |              |
|    approx_kl            | 0.0006581281 |
|    clip_fraction        | 0.000262     |
|    clip_range           | 0.2          |
|    entropy_loss         | 2.92         |
|    explained_variance   | 0.891        |
|    learning_rate        | 3.78e-07     |
|    loss                 | 5.63         |
|    n_updates            | 7700         |
|    policy_gradient_loss | -0.000302    |
|    std                  | 0.0562       |
|    value_loss           | 13.4         |
------------------------------------------
 100% ------------------ 30,001,152/30,000,… [ 1:56:09 < 0:00:00 , 7,207 it/s ]
