Using cpu device
Logging to logs/run7

Training on real_robot.xml at 200Hz, PWM actions (30,000,000 steps, 19 envs)...
C:\Users\tzeju\Desktop\E3180 DIP\3Dsim\venv\Lib\site-packages\stable_baselines3\common\callbacks.py:419: UserWarning: Training and eval env are not of the same type<stable_baselines3.common.vec_env.subproc_vec_env.SubprocVecEnv object at 0x0000025FF1808E60> != <stable_baselines3.common.vec_env.dummy_vec_env.DummyVecEnv object at 0x0000025FCA17E570>
  warnings.warn("Training and eval env are not of the same type" f"{self.training_env} != {self.eval_env}")
---------------------------------
| rollout/           |          |
|    ep_len_mean     | 86.5     |
|    ep_rew_mean     | 17.1     |
| time/              |          |
|    fps             | 1887     |
|    iterations      | 1        |
|    time_elapsed    | 20       |
|    total_timesteps | 38912    |
---------------------------------
------------------------------------------
| rollout/                |              |
|    ep_len_mean          | 86.1         |
|    ep_rew_mean          | 33.1         |
| time/                   |              |
|    fps                  | 1656         |
|    iterations           | 2            |
|    time_elapsed         | 46           |
|    total_timesteps      | 77824        |
| train/                  |              |
|    approx_kl            | 0.0064117955 |
|    clip_fraction        | 0.0759       |
|    clip_range           | 0.2          |
|    entropy_loss         | -0.0746      |
|    explained_variance   | -0.00661     |
|    learning_rate        | 0.0003       |
|    loss                 | 37.1         |
|    n_updates            | 10           |
|    policy_gradient_loss | -0.00698     |
|    std                  | 0.251        |
|    value_loss           | 128          |
------------------------------------------
----------------------------------------
| rollout/                |            |
|    ep_len_mean          | 96.8       |
|    ep_rew_mean          | 54.2       |
| time/                   |            |
|    fps                  | 1611       |
|    iterations           | 3          |
|    time_elapsed         | 72         |
|    total_timesteps      | 116736     |
| train/                  |            |
|    approx_kl            | 0.00824105 |
|    clip_fraction        | 0.0924     |
|    clip_range           | 0.2        |
|    entropy_loss         | -0.0621    |
|    explained_variance   | 0.659      |
|    learning_rate        | 0.000299   |
|    loss                 | 11.8       |
|    n_updates            | 20         |
|    policy_gradient_loss | -0.00854   |
|    std                  | 0.249      |
|    value_loss           | 40.8       |
----------------------------------------
-----------------------------------------
| rollout/                |             |
|    ep_len_mean          | 105         |
|    ep_rew_mean          | 71.7        |
| time/                   |             |
|    fps                  | 1554        |
|    iterations           | 4           |
|    time_elapsed         | 100         |
|    total_timesteps      | 155648      |
| train/                  |             |
|    approx_kl            | 0.009749865 |
|    clip_fraction        | 0.12        |
|    clip_range           | 0.2         |
|    entropy_loss         | -0.0361     |
|    explained_variance   | 0.853       |
|    learning_rate        | 0.000299    |
|    loss                 | 14.1        |
|    n_updates            | 30          |
|    policy_gradient_loss | -0.0128     |
|    std                  | 0.245       |
|    value_loss           | 34.6        |
-----------------------------------------
Eval num_timesteps=190000, episode_reward=-37.63 +/- 324.70
Episode length: 610.20 +/- 318.24
-----------------------------------------
| eval/                   |             |
|    mean_ep_length       | 610         |
|    mean_reward          | -37.6       |
| time/                   |             |
|    total_timesteps      | 190000      |
| train/                  |             |
|    approx_kl            | 0.011998927 |
|    clip_fraction        | 0.142       |
|    clip_range           | 0.2         |
|    entropy_loss         | 0.00599     |
|    explained_variance   | 0.917       |
|    learning_rate        | 0.000298    |
|    loss                 | 11.7        |
|    n_updates            | 40          |
|    policy_gradient_loss | -0.0152     |
|    std                  | 0.24        |
|    value_loss           | 29.4        |
-----------------------------------------
New best mean reward!
---------------------------------
| rollout/           |          |
|    ep_len_mean     | 150      |
|    ep_rew_mean     | 132      |
| time/              |          |
|    fps             | 1330     |
|    iterations      | 5        |
|    time_elapsed    | 146      |
|    total_timesteps | 194560   |
---------------------------------
-----------------------------------------
| rollout/                |             |
|    ep_len_mean          | 249         |
|    ep_rew_mean          | 261         |
| time/                   |             |
|    fps                  | 1342        |
|    iterations           | 6           |
|    time_elapsed         | 173         |
|    total_timesteps      | 233472      |
| train/                  |             |
|    approx_kl            | 0.010765969 |
|    clip_fraction        | 0.138       |
|    clip_range           | 0.2         |
|    entropy_loss         | 0.0481      |
|    explained_variance   | 0.937       |
|    learning_rate        | 0.000298    |
|    loss                 | 12.3        |
|    n_updates            | 50          |
|    policy_gradient_loss | -0.0149     |
|    std                  | 0.235       |
|    value_loss           | 31.6        |
-----------------------------------------
-----------------------------------------
| rollout/                |             |
|    ep_len_mean          | 460         |
|    ep_rew_mean          | 519         |
| time/                   |             |
|    fps                  | 1367        |
|    iterations           | 7           |
|    time_elapsed         | 199         |
|    total_timesteps      | 272384      |
| train/                  |             |
|    approx_kl            | 0.011035798 |
|    clip_fraction        | 0.132       |
|    clip_range           | 0.2         |
|    entropy_loss         | 0.0907      |
|    explained_variance   | 0.947       |
|    learning_rate        | 0.000298    |
|    loss                 | 13.2        |
|    n_updates            | 60          |
|    policy_gradient_loss | -0.0157     |
|    std                  | 0.229       |
|    value_loss           | 35.4        |
-----------------------------------------
----------------------------------------
| rollout/                |            |
|    ep_len_mean          | 705        |
|    ep_rew_mean          | 836        |
| time/                   |            |
|    fps                  | 1385       |
|    iterations           | 8          |
|    time_elapsed         | 224        |
|    total_timesteps      | 311296     |
| train/                  |            |
|    approx_kl            | 0.01094644 |
|    clip_fraction        | 0.121      |
|    clip_range           | 0.2        |
|    entropy_loss         | 0.14       |
|    explained_variance   | 0.942      |
|    learning_rate        | 0.000297   |
|    loss                 | 11         |
|    n_updates            | 70         |
|    policy_gradient_loss | -0.014     |
|    std                  | 0.224      |
|    value_loss           | 31.8       |
----------------------------------------
-----------------------------------------
| rollout/                |             |
|    ep_len_mean          | 1.03e+03    |
|    ep_rew_mean          | 1.32e+03    |
| time/                   |             |
|    fps                  | 1429        |
|    iterations           | 9           |
|    time_elapsed         | 244         |
|    total_timesteps      | 350208      |
| train/                  |             |
|    approx_kl            | 0.011731288 |
|    clip_fraction        | 0.129       |
|    clip_range           | 0.2         |
|    entropy_loss         | 0.2         |
|    explained_variance   | 0.944       |
|    learning_rate        | 0.000297    |
|    loss                 | 7.16        |
|    n_updates            | 80          |
|    policy_gradient_loss | -0.0125     |
|    std                  | 0.217       |
|    value_loss           | 21.6        |
-----------------------------------------
Eval num_timesteps=380000, episode_reward=-290.42 +/- 1855.52
Episode length: 2000.00 +/- 0.00
-----------------------------------------
| eval/                   |             |
|    mean_ep_length       | 2e+03       |
|    mean_reward          | -290        |
| time/                   |             |
|    total_timesteps      | 380000      |
| train/                  |             |
|    approx_kl            | 0.011243267 |
|    clip_fraction        | 0.115       |
|    clip_range           | 0.2         |
|    entropy_loss         | 0.266       |
|    explained_variance   | 0.937       |
|    learning_rate        | 0.000296    |
|    loss                 | 1.63        |
|    n_updates            | 90          |
|    policy_gradient_loss | -0.00792    |
|    std                  | 0.21        |
|    value_loss           | 14.4        |
-----------------------------------------
---------------------------------
| rollout/           |          |
|    ep_len_mean     | 1.4e+03  |
|    ep_rew_mean     | 1.92e+03 |
| time/              |          |
|    fps             | 1439     |
|    iterations      | 10       |
|    time_elapsed    | 270      |
|    total_timesteps | 389120   |
---------------------------------
-----------------------------------------
| rollout/                |             |
|    ep_len_mean          | 1.62e+03    |
|    ep_rew_mean          | 2.34e+03    |
| time/                   |             |
|    fps                  | 1551        |
|    iterations           | 11          |
|    time_elapsed         | 275         |
|    total_timesteps      | 428032      |
| train/                  |             |
|    approx_kl            | 0.011118728 |
|    clip_fraction        | 0.0969      |
|    clip_range           | 0.2         |
|    entropy_loss         | 0.342       |
|    explained_variance   | 0.499       |
|    learning_rate        | 0.000296    |
|    loss                 | 0.942       |
|    n_updates            | 100         |
|    policy_gradient_loss | -0.00638    |
|    std                  | 0.201       |
|    value_loss           | 11.5        |
-----------------------------------------
-----------------------------------------
| rollout/                |             |
|    ep_len_mean          | 1.87e+03    |
|    ep_rew_mean          | 2.82e+03    |
| time/                   |             |
|    fps                  | 1658        |
|    iterations           | 12          |
|    time_elapsed         | 281         |
|    total_timesteps      | 466944      |
| train/                  |             |
|    approx_kl            | 0.012079803 |
|    clip_fraction        | 0.0886      |
|    clip_range           | 0.2         |
|    entropy_loss         | 0.441       |
|    explained_variance   | 0.486       |
|    learning_rate        | 0.000296    |
|    loss                 | 0.965       |
|    n_updates            | 110         |
|    policy_gradient_loss | -0.00736    |
|    std                  | 0.19        |
|    value_loss           | 7.7         |
-----------------------------------------
-----------------------------------------
| rollout/                |             |
|    ep_len_mean          | 1.97e+03    |
|    ep_rew_mean          | 3.1e+03     |
| time/                   |             |
|    fps                  | 1756        |
|    iterations           | 13          |
|    time_elapsed         | 287         |
|    total_timesteps      | 505856      |
| train/                  |             |
|    approx_kl            | 0.011567142 |
|    clip_fraction        | 0.0916      |
|    clip_range           | 0.2         |
|    entropy_loss         | 0.55        |
|    explained_variance   | 0.668       |
|    learning_rate        | 0.000295    |
|    loss                 | 0.807       |
|    n_updates            | 120         |
|    policy_gradient_loss | -0.00803    |
|    std                  | 0.18        |
|    value_loss           | 4.83        |
-----------------------------------------
-----------------------------------------
| rollout/                |             |
|    ep_len_mean          | 2e+03       |
|    ep_rew_mean          | 3.23e+03    |
| time/                   |             |
|    fps                  | 1855        |
|    iterations           | 14          |
|    time_elapsed         | 293         |
|    total_timesteps      | 544768      |
| train/                  |             |
|    approx_kl            | 0.010308674 |
|    clip_fraction        | 0.0811      |
|    clip_range           | 0.2         |
|    entropy_loss         | 0.659       |
|    explained_variance   | 0.623       |
|    learning_rate        | 0.000295    |
|    loss                 | 0.572       |
|    n_updates            | 130         |
|    policy_gradient_loss | -0.00649    |
|    std                  | 0.172       |
|    value_loss           | 3.28        |
-----------------------------------------
Eval num_timesteps=570000, episode_reward=-63.86 +/- 1781.74
Episode length: 2000.00 +/- 0.00
-----------------------------------------
| eval/                   |             |
|    mean_ep_length       | 2e+03       |
|    mean_reward          | -63.9       |
| time/                   |             |
|    total_timesteps      | 570000      |
| train/                  |             |
|    approx_kl            | 0.009888656 |
|    clip_fraction        | 0.0819      |
|    clip_range           | 0.2         |
|    entropy_loss         | 0.759       |
|    explained_variance   | 0.8         |
|    learning_rate        | 0.000295    |
|    loss                 | 0.456       |
|    n_updates            | 140         |
|    policy_gradient_loss | -0.00637    |
|    std                  | 0.163       |
|    value_loss           | 2.32        |
-----------------------------------------
---------------------------------
| rollout/           |          |
|    ep_len_mean     | 2e+03    |
|    ep_rew_mean     | 3.28e+03 |
| time/              |          |
|    fps             | 1831     |
|    iterations      | 15       |
|    time_elapsed    | 318      |
|    total_timesteps | 583680   |
---------------------------------
-----------------------------------------
| rollout/                |             |
|    ep_len_mean          | 2e+03       |
|    ep_rew_mean          | 3.32e+03    |
| time/                   |             |
|    fps                  | 1920        |
|    iterations           | 16          |
|    time_elapsed         | 324         |
|    total_timesteps      | 622592      |
| train/                  |             |
|    approx_kl            | 0.007953703 |
|    clip_fraction        | 0.0647      |
|    clip_range           | 0.2         |
|    entropy_loss         | 0.852       |
|    explained_variance   | 0.751       |
|    learning_rate        | 0.000294    |
|    loss                 | 0.348       |
|    n_updates            | 150         |
|    policy_gradient_loss | -0.00407    |
|    std                  | 0.156       |
|    value_loss           | 1.9         |
-----------------------------------------
-----------------------------------------
| rollout/                |             |
|    ep_len_mean          | 2e+03       |
|    ep_rew_mean          | 3.36e+03    |
| time/                   |             |
|    fps                  | 2004        |
|    iterations           | 17          |
|    time_elapsed         | 330         |
|    total_timesteps      | 661504      |
| train/                  |             |
|    approx_kl            | 0.010565248 |
|    clip_fraction        | 0.0802      |
|    clip_range           | 0.2         |
|    entropy_loss         | 0.957       |
|    explained_variance   | 0.884       |
|    learning_rate        | 0.000294    |
|    loss                 | 0.376       |
|    n_updates            | 160         |
|    policy_gradient_loss | -0.00617    |
|    std                  | 0.148       |
|    value_loss           | 1.18        |
-----------------------------------------
-----------------------------------------
| rollout/                |             |
|    ep_len_mean          | 2e+03       |
|    ep_rew_mean          | 3.4e+03     |
| time/                   |             |
|    fps                  | 2041        |
|    iterations           | 18          |
|    time_elapsed         | 343         |
|    total_timesteps      | 700416      |
| train/                  |             |
|    approx_kl            | 0.011140841 |
|    clip_fraction        | 0.0853      |
|    clip_range           | 0.2         |
|    entropy_loss         | 1.07        |
|    explained_variance   | 0.887       |
|    learning_rate        | 0.000293    |
|    loss                 | 0.31        |
|    n_updates            | 170         |
|    policy_gradient_loss | -0.00579    |
|    std                  | 0.14        |
|    value_loss           | 1           |
-----------------------------------------
-----------------------------------------
| rollout/                |             |
|    ep_len_mean          | 2e+03       |
|    ep_rew_mean          | 3.42e+03    |
| time/                   |             |
|    fps                  | 2097        |
|    iterations           | 19          |
|    time_elapsed         | 352         |
|    total_timesteps      | 739328      |
| train/                  |             |
|    approx_kl            | 0.010665366 |
|    clip_fraction        | 0.0812      |
|    clip_range           | 0.2         |
|    entropy_loss         | 1.18        |
|    explained_variance   | 0.886       |
|    learning_rate        | 0.000293    |
|    loss                 | 0.258       |
|    n_updates            | 180         |
|    policy_gradient_loss | -0.00538    |
|    std                  | 0.132       |
|    value_loss           | 0.799       |
-----------------------------------------
Eval num_timesteps=760000, episode_reward=577.17 +/- 1502.01
Episode length: 1985.65 +/- 40.58
-----------------------------------------
| eval/                   |             |
|    mean_ep_length       | 1.99e+03    |
|    mean_reward          | 577         |
| time/                   |             |
|    total_timesteps      | 760000      |
| train/                  |             |
|    approx_kl            | 0.009548465 |
|    clip_fraction        | 0.0735      |
|    clip_range           | 0.2         |
|    entropy_loss         | 1.29        |
|    explained_variance   | 0.906       |
|    learning_rate        | 0.000293    |
|    loss                 | 0.243       |
|    n_updates            | 190         |
|    policy_gradient_loss | -0.00445    |
|    std                  | 0.126       |
|    value_loss           | 0.653       |
-----------------------------------------
New best mean reward!
---------------------------------
| rollout/           |          |
|    ep_len_mean     | 2e+03    |
|    ep_rew_mean     | 3.44e+03 |
| time/              |          |
|    fps             | 2058     |
|    iterations      | 20       |
|    time_elapsed    | 378      |
|    total_timesteps | 778240   |
---------------------------------
-----------------------------------------
| rollout/                |             |
|    ep_len_mean          | 2e+03       |
|    ep_rew_mean          | 3.46e+03    |
| time/                   |             |
|    fps                  | 2130        |
|    iterations           | 21          |
|    time_elapsed         | 383         |
|    total_timesteps      | 817152      |
| train/                  |             |
|    approx_kl            | 0.008060595 |
|    clip_fraction        | 0.0663      |
|    clip_range           | 0.2         |
|    entropy_loss         | 1.37        |
|    explained_variance   | 0.814       |
|    learning_rate        | 0.000292    |
|    loss                 | 0.246       |
|    n_updates            | 200         |
|    policy_gradient_loss | -0.00389    |
|    std                  | 0.121       |
|    value_loss           | 0.608       |
-----------------------------------------
-----------------------------------------
| rollout/                |             |
|    ep_len_mean          | 2e+03       |
|    ep_rew_mean          | 3.47e+03    |
| time/                   |             |
|    fps                  | 2199        |
|    iterations           | 22          |
|    time_elapsed         | 389         |
|    total_timesteps      | 856064      |
| train/                  |             |
|    approx_kl            | 0.008486809 |
|    clip_fraction        | 0.0705      |
|    clip_range           | 0.2         |
|    entropy_loss         | 1.46        |
|    explained_variance   | 0.882       |
|    learning_rate        | 0.000292    |
|    loss                 | 0.368       |
|    n_updates            | 210         |
|    policy_gradient_loss | -0.00437    |
|    std                  | 0.115       |
|    value_loss           | 0.635       |
-----------------------------------------
-----------------------------------------
| rollout/                |             |
|    ep_len_mean          | 2e+03       |
|    ep_rew_mean          | 3.49e+03    |
| time/                   |             |
|    fps                  | 2267        |
|    iterations           | 23          |
|    time_elapsed         | 394         |
|    total_timesteps      | 894976      |
| train/                  |             |
|    approx_kl            | 0.008123192 |
|    clip_fraction        | 0.0761      |
|    clip_range           | 0.2         |
|    entropy_loss         | 1.55        |
|    explained_variance   | 0.905       |
|    learning_rate        | 0.000291    |
|    loss                 | 0.276       |
|    n_updates            | 220         |
|    policy_gradient_loss | -0.00382    |
|    std                  | 0.11        |
|    value_loss           | 0.556       |
-----------------------------------------
-----------------------------------------
| rollout/                |             |
|    ep_len_mean          | 2e+03       |
|    ep_rew_mean          | 3.49e+03    |
| time/                   |             |
|    fps                  | 2332        |
|    iterations           | 24          |
|    time_elapsed         | 400         |
|    total_timesteps      | 933888      |
| train/                  |             |
|    approx_kl            | 0.007548409 |
|    clip_fraction        | 0.0697      |
|    clip_range           | 0.2         |
|    entropy_loss         | 1.63        |
|    explained_variance   | 0.889       |
|    learning_rate        | 0.000291    |
|    loss                 | 0.224       |
|    n_updates            | 230         |
|    policy_gradient_loss | -0.00344    |
|    std                  | 0.106       |
|    value_loss           | 0.533       |
-----------------------------------------
Eval num_timesteps=950000, episode_reward=677.20 +/- 1439.57
Episode length: 1953.65 +/- 124.74
------------------------------------------
| eval/                   |              |
|    mean_ep_length       | 1.95e+03     |
|    mean_reward          | 677          |
| time/                   |              |
|    total_timesteps      | 950000       |
| train/                  |              |
|    approx_kl            | 0.0078307055 |
|    clip_fraction        | 0.0724       |
|    clip_range           | 0.2          |
|    entropy_loss         | 1.71         |
|    explained_variance   | 0.883        |
|    learning_rate        | 0.000291     |
|    loss                 | 0.271        |
|    n_updates            | 240          |
|    policy_gradient_loss | -0.00289     |
|    std                  | 0.102        |
|    value_loss           | 0.476        |
------------------------------------------
New best mean reward!
---------------------------------
| rollout/           |          |
|    ep_len_mean     | 2e+03    |
|    ep_rew_mean     | 3.51e+03 |
| time/              |          |
|    fps             | 2270     |
|    iterations      | 25       |
|    time_elapsed    | 428      |
|    total_timesteps | 972800   |
---------------------------------
-----------------------------------------
| rollout/                |             |
|    ep_len_mean          | 2e+03       |
|    ep_rew_mean          | 3.52e+03    |
| time/                   |             |
|    fps                  | 2290        |
|    iterations           | 26          |
|    time_elapsed         | 441         |
|    total_timesteps      | 1011712     |
| train/                  |             |
|    approx_kl            | 0.008751772 |
|    clip_fraction        | 0.0664      |
|    clip_range           | 0.2         |
|    entropy_loss         | 1.79        |
|    explained_variance   | 0.881       |
|    learning_rate        | 0.00029     |
|    loss                 | 0.237       |
|    n_updates            | 250         |
|    policy_gradient_loss | -0.00367    |
|    std                  | 0.098       |
|    value_loss           | 0.477       |
-----------------------------------------
-----------------------------------------
| rollout/                |             |
|    ep_len_mean          | 2e+03       |
|    ep_rew_mean          | 3.53e+03    |
| time/                   |             |
|    fps                  | 2276        |
|    iterations           | 27          |
|    time_elapsed         | 461         |
|    total_timesteps      | 1050624     |
| train/                  |             |
|    approx_kl            | 0.008190505 |
|    clip_fraction        | 0.0654      |
|    clip_range           | 0.2         |
|    entropy_loss         | 1.87        |
|    explained_variance   | 0.912       |
|    learning_rate        | 0.00029     |
|    loss                 | 0.194       |
|    n_updates            | 260         |
|    policy_gradient_loss | -0.00329    |
|    std                  | 0.0941      |
|    value_loss           | 0.374       |
-----------------------------------------
-----------------------------------------
| rollout/                |             |
|    ep_len_mean          | 2e+03       |
|    ep_rew_mean          | 3.54e+03    |
| time/                   |             |
|    fps                  | 2332        |
|    iterations           | 28          |
|    time_elapsed         | 467         |
|    total_timesteps      | 1089536     |
| train/                  |             |
|    approx_kl            | 0.007739977 |
|    clip_fraction        | 0.0636      |
|    clip_range           | 0.2         |
|    entropy_loss         | 1.95        |
|    explained_variance   | 0.886       |
|    learning_rate        | 0.000289    |
|    loss                 | 0.214       |
|    n_updates            | 270         |
|    policy_gradient_loss | -0.00275    |
|    std                  | 0.0905      |
|    value_loss           | 0.407       |
-----------------------------------------
------------------------------------------
| rollout/                |              |
|    ep_len_mean          | 2e+03        |
|    ep_rew_mean          | 3.55e+03     |
| time/                   |              |
|    fps                  | 2387         |
|    iterations           | 29           |
|    time_elapsed         | 472          |
|    total_timesteps      | 1128448      |
| train/                  |              |
|    approx_kl            | 0.0055844537 |
|    clip_fraction        | 0.0506       |
|    clip_range           | 0.2          |
|    entropy_loss         | 2.01         |
|    explained_variance   | 0.868        |
|    learning_rate        | 0.000289     |
|    loss                 | 0.242        |
|    n_updates            | 280          |
|    policy_gradient_loss | -0.000933    |
|    std                  | 0.0882       |
|    value_loss           | 0.455        |
------------------------------------------
Eval num_timesteps=1140000, episode_reward=750.92 +/- 1458.82
Episode length: 1990.25 +/- 42.50
-----------------------------------------
| eval/                   |             |
|    mean_ep_length       | 1.99e+03    |
|    mean_reward          | 751         |
| time/                   |             |
|    total_timesteps      | 1140000     |
| train/                  |             |
|    approx_kl            | 0.006874764 |
|    clip_fraction        | 0.0521      |
|    clip_range           | 0.2         |
|    entropy_loss         | 2.06        |
|    explained_variance   | 0.876       |
|    learning_rate        | 0.000289    |
|    loss                 | 0.263       |
|    n_updates            | 290         |
|    policy_gradient_loss | -0.00172    |
|    std                  | 0.0858      |
|    value_loss           | 0.521       |
-----------------------------------------
New best mean reward!
---------------------------------
| rollout/           |          |
|    ep_len_mean     | 2e+03    |
|    ep_rew_mean     | 3.54e+03 |
| time/              |          |
|    fps             | 2149     |
|    iterations      | 30       |
|    time_elapsed    | 543      |
|    total_timesteps | 1167360  |
---------------------------------
------------------------------------------
| rollout/                |              |
|    ep_len_mean          | 2e+03        |
|    ep_rew_mean          | 3.55e+03     |
| time/                   |              |
|    fps                  | 2123         |
|    iterations           | 31           |
|    time_elapsed         | 568          |
|    total_timesteps      | 1206272      |
| train/                  |              |
|    approx_kl            | 0.0068221446 |
|    clip_fraction        | 0.0611       |
|    clip_range           | 0.2          |
|    entropy_loss         | 2.12         |
|    explained_variance   | 0.85         |
|    learning_rate        | 0.000288     |
|    loss                 | 0.24         |
|    n_updates            | 300          |
|    policy_gradient_loss | -0.00246     |
|    std                  | 0.0833       |
|    value_loss           | 0.453        |
------------------------------------------
-----------------------------------------
| rollout/                |             |
|    ep_len_mean          | 2e+03       |
|    ep_rew_mean          | 3.55e+03    |
| time/                   |             |
|    fps                  | 2096        |
|    iterations           | 32          |
|    time_elapsed         | 593         |
|    total_timesteps      | 1245184     |
| train/                  |             |
|    approx_kl            | 0.006353248 |
|    clip_fraction        | 0.061       |
|    clip_range           | 0.2         |
|    entropy_loss         | 2.18        |
|    explained_variance   | 0.875       |
|    learning_rate        | 0.000288    |
|    loss                 | 0.263       |
|    n_updates            | 310         |
|    policy_gradient_loss | -0.00136    |
|    std                  | 0.0806      |
|    value_loss           | 0.523       |
-----------------------------------------
-----------------------------------------
| rollout/                |             |
|    ep_len_mean          | 2e+03       |
|    ep_rew_mean          | 3.56e+03    |
| time/                   |             |
|    fps                  | 2066        |
|    iterations           | 33          |
|    time_elapsed         | 621         |
|    total_timesteps      | 1284096     |
| train/                  |             |
|    approx_kl            | 0.006769845 |
|    clip_fraction        | 0.0681      |
|    clip_range           | 0.2         |
|    entropy_loss         | 2.24        |
|    explained_variance   | 0.912       |
|    learning_rate        | 0.000288    |
|    loss                 | 0.246       |
|    n_updates            | 320         |
|    policy_gradient_loss | -0.00192    |
|    std                  | 0.0783      |
|    value_loss           | 0.454       |
-----------------------------------------
------------------------------------------
| rollout/                |              |
|    ep_len_mean          | 2e+03        |
|    ep_rew_mean          | 3.56e+03     |
| time/                   |              |
|    fps                  | 2047         |
|    iterations           | 34           |
|    time_elapsed         | 646          |
|    total_timesteps      | 1323008      |
| train/                  |              |
|    approx_kl            | 0.0071917186 |
|    clip_fraction        | 0.0661       |
|    clip_range           | 0.2          |
|    entropy_loss         | 2.31         |
|    explained_variance   | 0.918        |
|    learning_rate        | 0.000287     |
|    loss                 | 0.217        |
|    n_updates            | 330          |
|    policy_gradient_loss | -0.00174     |
|    std                  | 0.0756       |
|    value_loss           | 0.487        |
------------------------------------------
Eval num_timesteps=1330000, episode_reward=820.01 +/- 1319.67
Episode length: 1896.90 +/- 205.65
------------------------------------------
| eval/                   |              |
|    mean_ep_length       | 1.9e+03      |
|    mean_reward          | 820          |
| time/                   |              |
|    total_timesteps      | 1330000      |
| train/                  |              |
|    approx_kl            | 0.0063651516 |
|    clip_fraction        | 0.0676       |
|    clip_range           | 0.2          |
|    entropy_loss         | 2.37         |
|    explained_variance   | 0.899        |
|    learning_rate        | 0.000287     |
|    loss                 | 0.251        |
|    n_updates            | 340          |
|    policy_gradient_loss | -0.00216     |
|    std                  | 0.0734       |
|    value_loss           | 0.499        |
------------------------------------------
New best mean reward!
---------------------------------
| rollout/           |          |
|    ep_len_mean     | 2e+03    |
|    ep_rew_mean     | 3.57e+03 |
| time/              |          |
|    fps             | 1867     |
|    iterations      | 35       |
|    time_elapsed    | 729      |
|    total_timesteps | 1361920  |
---------------------------------
----------------------------------------
| rollout/                |            |
|    ep_len_mean          | 2e+03      |
|    ep_rew_mean          | 3.57e+03   |
| time/                   |            |
|    fps                  | 1852       |
|    iterations           | 36         |
|    time_elapsed         | 756        |
|    total_timesteps      | 1400832    |
| train/                  |            |
|    approx_kl            | 0.00671396 |
|    clip_fraction        | 0.0694     |
|    clip_range           | 0.2        |
|    entropy_loss         | 2.44       |
|    explained_variance   | 0.891      |
|    learning_rate        | 0.000286   |
|    loss                 | 0.211      |
|    n_updates            | 350        |
|    policy_gradient_loss | -0.00241   |
|    std                  | 0.0712     |
|    value_loss           | 0.411      |
----------------------------------------
------------------------------------------
| rollout/                |              |
|    ep_len_mean          | 2e+03        |
|    ep_rew_mean          | 3.58e+03     |
| time/                   |              |
|    fps                  | 1838         |
|    iterations           | 37           |
|    time_elapsed         | 783          |
|    total_timesteps      | 1439744      |
| train/                  |              |
|    approx_kl            | 0.0069675506 |
|    clip_fraction        | 0.0737       |
|    clip_range           | 0.2          |
|    entropy_loss         | 2.5          |
|    explained_variance   | 0.91         |
|    learning_rate        | 0.000286     |
|    loss                 | 0.158        |
|    n_updates            | 360          |
|    policy_gradient_loss | -0.0023      |
|    std                  | 0.0687       |
|    value_loss           | 0.281        |
------------------------------------------
------------------------------------------
| rollout/                |              |
|    ep_len_mean          | 2e+03        |
|    ep_rew_mean          | 3.58e+03     |
| time/                   |              |
|    fps                  | 1821         |
|    iterations           | 38           |
|    time_elapsed         | 811          |
|    total_timesteps      | 1478656      |
| train/                  |              |
|    approx_kl            | 0.0072064456 |
|    clip_fraction        | 0.0683       |
|    clip_range           | 0.2          |
|    entropy_loss         | 2.56         |
|    explained_variance   | 0.92         |
|    learning_rate        | 0.000286     |
|    loss                 | 0.185        |
|    n_updates            | 370          |
|    policy_gradient_loss | -0.00186     |
|    std                  | 0.0669       |
|    value_loss           | 0.313        |
------------------------------------------
-----------------------------------------
| rollout/                |             |
|    ep_len_mean          | 2e+03       |
|    ep_rew_mean          | 3.59e+03    |
| time/                   |             |
|    fps                  | 1810        |
|    iterations           | 39          |
|    time_elapsed         | 838         |
|    total_timesteps      | 1517568     |
| train/                  |             |
|    approx_kl            | 0.006937741 |
|    clip_fraction        | 0.0691      |
|    clip_range           | 0.2         |
|    entropy_loss         | 2.61        |
|    explained_variance   | 0.922       |
|    learning_rate        | 0.000285    |
|    loss                 | 0.2         |
|    n_updates            | 380         |
|    policy_gradient_loss | -0.00197    |
|    std                  | 0.0652      |
|    value_loss           | 0.355       |
-----------------------------------------
Eval num_timesteps=1520000, episode_reward=662.33 +/- 1341.86
Episode length: 1831.60 +/- 261.95
------------------------------------------
| eval/                   |              |
|    mean_ep_length       | 1.83e+03     |
|    mean_reward          | 662          |
| time/                   |              |
|    total_timesteps      | 1520000      |
| train/                  |              |
|    approx_kl            | 0.0077361236 |
|    clip_fraction        | 0.0765       |
|    clip_range           | 0.2          |
|    entropy_loss         | 2.66         |
|    explained_variance   | 0.902        |
|    learning_rate        | 0.000285     |
|    loss                 | 0.147        |
|    n_updates            | 390          |
|    policy_gradient_loss | -0.00208     |
|    std                  | 0.0636       |
|    value_loss           | 0.268        |
------------------------------------------
---------------------------------
| rollout/           |          |
|    ep_len_mean     | 2e+03    |
|    ep_rew_mean     | 3.6e+03  |
| time/              |          |
|    fps             | 1682     |
|    iterations      | 40       |
|    time_elapsed    | 925      |
|    total_timesteps | 1556480  |
---------------------------------
-----------------------------------------
| rollout/                |             |
|    ep_len_mean          | 2e+03       |
|    ep_rew_mean          | 3.61e+03    |
| time/                   |             |
|    fps                  | 1677        |
|    iterations           | 41          |
|    time_elapsed         | 951         |
|    total_timesteps      | 1595392     |
| train/                  |             |
|    approx_kl            | 0.007407967 |
|    clip_fraction        | 0.079       |
|    clip_range           | 0.2         |
|    entropy_loss         | 2.72        |
|    explained_variance   | 0.949       |
|    learning_rate        | 0.000284    |
|    loss                 | 0.167       |
|    n_updates            | 400         |
|    policy_gradient_loss | -0.00227    |
|    std                  | 0.0618      |
|    value_loss           | 0.258       |
-----------------------------------------
------------------------------------------
| rollout/                |              |
|    ep_len_mean          | 2e+03        |
|    ep_rew_mean          | 3.61e+03     |
| time/                   |              |
|    fps                  | 1705         |
|    iterations           | 42           |
|    time_elapsed         | 958          |
|    total_timesteps      | 1634304      |
| train/                  |              |
|    approx_kl            | 0.0071158353 |
|    clip_fraction        | 0.0759       |
|    clip_range           | 0.2          |
|    entropy_loss         | 2.78         |
|    explained_variance   | 0.96         |
|    learning_rate        | 0.000284     |
|    loss                 | 0.0998       |
|    n_updates            | 410          |
|    policy_gradient_loss | -0.00217     |
|    std                  | 0.0601       |
|    value_loss           | 0.196        |
------------------------------------------
-----------------------------------------
| rollout/                |             |
|    ep_len_mean          | 2e+03       |
|    ep_rew_mean          | 3.61e+03    |
| time/                   |             |
|    fps                  | 1736        |
|    iterations           | 43          |
|    time_elapsed         | 963         |
|    total_timesteps      | 1673216     |
| train/                  |             |
|    approx_kl            | 0.007557327 |
|    clip_fraction        | 0.0741      |
|    clip_range           | 0.2         |
|    entropy_loss         | 2.84        |
|    explained_variance   | 0.953       |
|    learning_rate        | 0.000284    |
|    loss                 | 0.119       |
|    n_updates            | 420         |
|    policy_gradient_loss | -0.00194    |
|    std                  | 0.0582      |
|    value_loss           | 0.226       |
-----------------------------------------
Eval num_timesteps=1710000, episode_reward=442.35 +/- 1359.67
Episode length: 1791.35 +/- 277.96
-----------------------------------------
| eval/                   |             |
|    mean_ep_length       | 1.79e+03    |
|    mean_reward          | 442         |
| time/                   |             |
|    total_timesteps      | 1710000     |
| train/                  |             |
|    approx_kl            | 0.007532774 |
|    clip_fraction        | 0.072       |
|    clip_range           | 0.2         |
|    entropy_loss         | 2.9         |
|    explained_variance   | 0.949       |
|    learning_rate        | 0.000283    |
|    loss                 | 0.151       |
|    n_updates            | 430         |
|    policy_gradient_loss | -0.00173    |
|    std                  | 0.0565      |
|    value_loss           | 0.265       |
-----------------------------------------
---------------------------------
| rollout/           |          |
|    ep_len_mean     | 2e+03    |
|    ep_rew_mean     | 3.61e+03 |
| time/              |          |
|    fps             | 1731     |
|    iterations      | 44       |
|    time_elapsed    | 988      |
|    total_timesteps | 1712128  |
---------------------------------
----------------------------------------
| rollout/                |            |
|    ep_len_mean          | 2e+03      |
|    ep_rew_mean          | 3.62e+03   |
| time/                   |            |
|    fps                  | 1761       |
|    iterations           | 45         |
|    time_elapsed         | 994        |
|    total_timesteps      | 1751040    |
| train/                  |            |
|    approx_kl            | 0.00681501 |
|    clip_fraction        | 0.0778     |
|    clip_range           | 0.2        |
|    entropy_loss         | 2.95       |
|    explained_variance   | 0.964      |
|    learning_rate        | 0.000283   |
|    loss                 | 0.132      |
|    n_updates            | 440        |
|    policy_gradient_loss | -0.00181   |
|    std                  | 0.0551     |
|    value_loss           | 0.212      |
----------------------------------------
------------------------------------------
| rollout/                |              |
|    ep_len_mean          | 2e+03        |
|    ep_rew_mean          | 3.62e+03     |
| time/                   |              |
|    fps                  | 1790         |
|    iterations           | 46           |
|    time_elapsed         | 999          |
|    total_timesteps      | 1789952      |
| train/                  |              |
|    approx_kl            | 0.0074867606 |
|    clip_fraction        | 0.0862       |
|    clip_range           | 0.2          |
|    entropy_loss         | 3.01         |
|    explained_variance   | 0.953        |
|    learning_rate        | 0.000282     |
|    loss                 | 0.133        |
|    n_updates            | 450          |
|    policy_gradient_loss | -0.00155     |
|    std                  | 0.0535       |
|    value_loss           | 0.222        |
------------------------------------------
-----------------------------------------
| rollout/                |             |
|    ep_len_mean          | 2e+03       |
|    ep_rew_mean          | 3.61e+03    |
| time/                   |             |
|    fps                  | 1819        |
|    iterations           | 47          |
|    time_elapsed         | 1005        |
|    total_timesteps      | 1828864     |
| train/                  |             |
|    approx_kl            | 0.008843235 |
|    clip_fraction        | 0.0877      |
|    clip_range           | 0.2         |
|    entropy_loss         | 3.07        |
|    explained_variance   | 0.956       |
|    learning_rate        | 0.000282    |
|    loss                 | 0.129       |
|    n_updates            | 460         |
|    policy_gradient_loss | -0.00213    |
|    std                  | 0.0518      |
|    value_loss           | 0.196       |
-----------------------------------------
-----------------------------------------
| rollout/                |             |
|    ep_len_mean          | 2e+03       |
|    ep_rew_mean          | 3.62e+03    |
| time/                   |             |
|    fps                  | 1847        |
|    iterations           | 48          |
|    time_elapsed         | 1010        |
|    total_timesteps      | 1867776     |
| train/                  |             |
|    approx_kl            | 0.007903393 |
|    clip_fraction        | 0.0804      |
|    clip_range           | 0.2         |
|    entropy_loss         | 3.13        |
|    explained_variance   | 0.956       |
|    learning_rate        | 0.000282    |
|    loss                 | 0.113       |
|    n_updates            | 470         |
|    policy_gradient_loss | -0.00141    |
|    std                  | 0.0505      |
|    value_loss           | 0.179       |
-----------------------------------------
Eval num_timesteps=1900000, episode_reward=455.45 +/- 1353.95
Episode length: 1792.15 +/- 275.57
-----------------------------------------
| eval/                   |             |
|    mean_ep_length       | 1.79e+03    |
|    mean_reward          | 455         |
| time/                   |             |
|    total_timesteps      | 1900000     |
| train/                  |             |
|    approx_kl            | 0.008604781 |
|    clip_fraction        | 0.0923      |
|    clip_range           | 0.2         |
|    entropy_loss         | 3.19        |
|    explained_variance   | 0.964       |
|    learning_rate        | 0.000281    |
|    loss                 | 0.113       |
|    n_updates            | 480         |
|    policy_gradient_loss | -0.00227    |
|    std                  | 0.0487      |
|    value_loss           | 0.184       |
-----------------------------------------
---------------------------------
| rollout/           |          |
|    ep_len_mean     | 2e+03    |
|    ep_rew_mean     | 3.62e+03 |
| time/              |          |
|    fps             | 1843     |
|    iterations      | 49       |
|    time_elapsed    | 1034     |
|    total_timesteps | 1906688  |
---------------------------------
-----------------------------------------
| rollout/                |             |
|    ep_len_mean          | 2e+03       |
|    ep_rew_mean          | 3.62e+03    |
| time/                   |             |
|    fps                  | 1871        |
|    iterations           | 50          |
|    time_elapsed         | 1039        |
|    total_timesteps      | 1945600     |
| train/                  |             |
|    approx_kl            | 0.008396789 |
|    clip_fraction        | 0.0898      |
|    clip_range           | 0.2         |
|    entropy_loss         | 3.25        |
|    explained_variance   | 0.969       |
|    learning_rate        | 0.000281    |
|    loss                 | 0.125       |
|    n_updates            | 490         |
|    policy_gradient_loss | -6.3e-05    |
|    std                  | 0.0476      |
|    value_loss           | 0.187       |
-----------------------------------------
-----------------------------------------
| rollout/                |             |
|    ep_len_mean          | 2e+03       |
|    ep_rew_mean          | 3.63e+03    |
| time/                   |             |
|    fps                  | 1898        |
|    iterations           | 51          |
|    time_elapsed         | 1045        |
|    total_timesteps      | 1984512     |
| train/                  |             |
|    approx_kl            | 0.008255177 |
|    clip_fraction        | 0.0905      |
|    clip_range           | 0.2         |
|    entropy_loss         | 3.31        |
|    explained_variance   | 0.957       |
|    learning_rate        | 0.000281    |
|    loss                 | 0.104       |
|    n_updates            | 500         |
|    policy_gradient_loss | -0.00237    |
|    std                  | 0.0461      |
|    value_loss           | 0.162       |
-----------------------------------------
----------------------------------------
| rollout/                |            |
|    ep_len_mean          | 2e+03      |
|    ep_rew_mean          | 3.63e+03   |
| time/                   |            |
|    fps                  | 1909       |
|    iterations           | 52         |
|    time_elapsed         | 1059       |
|    total_timesteps      | 2023424    |
| train/                  |            |
|    approx_kl            | 0.00835118 |
|    clip_fraction        | 0.089      |
|    clip_range           | 0.2        |
|    entropy_loss         | 3.37       |
|    explained_variance   | 0.944      |
|    learning_rate        | 0.00028    |
|    loss                 | 0.092      |
|    n_updates            | 510        |
|    policy_gradient_loss | -0.0018    |
|    std                  | 0.0445     |
|    value_loss           | 0.133      |
----------------------------------------
-----------------------------------------
| rollout/                |             |
|    ep_len_mean          | 2e+03       |
|    ep_rew_mean          | 3.64e+03    |
| time/                   |             |
|    fps                  | 1896        |
|    iterations           | 53          |
|    time_elapsed         | 1087        |
|    total_timesteps      | 2062336     |
| train/                  |             |
|    approx_kl            | 0.008005817 |
|    clip_fraction        | 0.0881      |
|    clip_range           | 0.2         |
|    entropy_loss         | 3.43        |
|    explained_variance   | 0.953       |
|    learning_rate        | 0.00028     |
|    loss                 | 0.0941      |
|    n_updates            | 520         |
|    policy_gradient_loss | -0.00137    |
|    std                  | 0.0434      |
|    value_loss           | 0.128       |
-----------------------------------------
Eval num_timesteps=2090000, episode_reward=428.61 +/- 1585.19
Episode length: 1733.85 +/- 309.19
-----------------------------------------
| eval/                   |             |
|    mean_ep_length       | 1.73e+03    |
|    mean_reward          | 429         |
| time/                   |             |
|    total_timesteps      | 2090000     |
| train/                  |             |
|    approx_kl            | 0.008469511 |
|    clip_fraction        | 0.0881      |
|    clip_range           | 0.2         |
|    entropy_loss         | 3.47        |
|    explained_variance   | 0.969       |
|    learning_rate        | 0.000279    |
|    loss                 | 0.0954      |
|    n_updates            | 530         |
|    policy_gradient_loss | -0.000406   |
|    std                  | 0.0424      |
|    value_loss           | 0.104       |
-----------------------------------------
---------------------------------
| rollout/           |          |
|    ep_len_mean     | 2e+03    |
|    ep_rew_mean     | 3.64e+03 |
| time/              |          |
|    fps             | 1809     |
|    iterations      | 54       |
|    time_elapsed    | 1161     |
|    total_timesteps | 2101248  |
---------------------------------
-----------------------------------------
| rollout/                |             |
|    ep_len_mean          | 2e+03       |
|    ep_rew_mean          | 3.65e+03    |
| time/                   |             |
|    fps                  | 1833        |
|    iterations           | 55          |
|    time_elapsed         | 1166        |
|    total_timesteps      | 2140160     |
| train/                  |             |
|    approx_kl            | 0.009841908 |
|    clip_fraction        | 0.0866      |
|    clip_range           | 0.2         |
|    entropy_loss         | 3.53        |
|    explained_variance   | 0.967       |
|    learning_rate        | 0.000279    |
|    loss                 | 0.0879      |
|    n_updates            | 540         |
|    policy_gradient_loss | -0.000536   |
|    std                  | 0.0413      |
|    value_loss           | 0.113       |
-----------------------------------------
-----------------------------------------
| rollout/                |             |
|    ep_len_mean          | 2e+03       |
|    ep_rew_mean          | 3.65e+03    |
| time/                   |             |
|    fps                  | 1858        |
|    iterations           | 56          |
|    time_elapsed         | 1172        |
|    total_timesteps      | 2179072     |
| train/                  |             |
|    approx_kl            | 0.008983936 |
|    clip_fraction        | 0.0894      |
|    clip_range           | 0.2         |
|    entropy_loss         | 3.6         |
|    explained_variance   | 0.97        |
|    learning_rate        | 0.000279    |
|    loss                 | 0.0775      |
|    n_updates            | 550         |
|    policy_gradient_loss | -0.00194    |
|    std                  | 0.0397      |
|    value_loss           | 0.101       |
-----------------------------------------
-----------------------------------------
| rollout/                |             |
|    ep_len_mean          | 2e+03       |
|    ep_rew_mean          | 3.65e+03    |
| time/                   |             |
|    fps                  | 1882        |
|    iterations           | 57          |
|    time_elapsed         | 1177        |
|    total_timesteps      | 2217984     |
| train/                  |             |
|    approx_kl            | 0.010281573 |
|    clip_fraction        | 0.103       |
|    clip_range           | 0.2         |
|    entropy_loss         | 3.68        |
|    explained_variance   | 0.977       |
|    learning_rate        | 0.000278    |
|    loss                 | 0.0714      |
|    n_updates            | 560         |
|    policy_gradient_loss | -0.00166    |
|    std                  | 0.0381      |
|    value_loss           | 0.0818      |
-----------------------------------------
-----------------------------------------
| rollout/                |             |
|    ep_len_mean          | 2e+03       |
|    ep_rew_mean          | 3.66e+03    |
| time/                   |             |
|    fps                  | 1906        |
|    iterations           | 58          |
|    time_elapsed         | 1183        |
|    total_timesteps      | 2256896     |
| train/                  |             |
|    approx_kl            | 0.011025685 |
|    clip_fraction        | 0.108       |
|    clip_range           | 0.2         |
|    entropy_loss         | 3.76        |
|    explained_variance   | 0.981       |
|    learning_rate        | 0.000278    |
|    loss                 | 0.0729      |
|    n_updates            | 570         |
|    policy_gradient_loss | -0.00143    |
|    std                  | 0.0367      |
|    value_loss           | 0.0694      |
-----------------------------------------
Eval num_timesteps=2280000, episode_reward=467.99 +/- 1513.95
Episode length: 1649.75 +/- 331.39
-----------------------------------------
| eval/                   |             |
|    mean_ep_length       | 1.65e+03    |
|    mean_reward          | 468         |
| time/                   |             |
|    total_timesteps      | 2280000     |
| train/                  |             |
|    approx_kl            | 0.010383439 |
|    clip_fraction        | 0.105       |
|    clip_range           | 0.2         |
|    entropy_loss         | 3.84        |
|    explained_variance   | 0.988       |
|    learning_rate        | 0.000277    |
|    loss                 | 0.07        |
|    n_updates            | 580         |
|    policy_gradient_loss | -0.00188    |
|    std                  | 0.0352      |
|    value_loss           | 0.0436      |
-----------------------------------------
---------------------------------
| rollout/           |          |
|    ep_len_mean     | 2e+03    |
|    ep_rew_mean     | 3.66e+03 |
| time/              |          |
|    fps             | 1897     |
|    iterations      | 59       |
|    time_elapsed    | 1209     |
|    total_timesteps | 2295808  |
---------------------------------
-----------------------------------------
| rollout/                |             |
|    ep_len_mean          | 2e+03       |
|    ep_rew_mean          | 3.66e+03    |
| time/                   |             |
|    fps                  | 1895        |
|    iterations           | 60          |
|    time_elapsed         | 1232        |
|    total_timesteps      | 2334720     |
| train/                  |             |
|    approx_kl            | 0.010175851 |
|    clip_fraction        | 0.109       |
|    clip_range           | 0.2         |
|    entropy_loss         | 3.91        |
|    explained_variance   | 0.988       |
|    learning_rate        | 0.000277    |
|    loss                 | 0.0588      |
|    n_updates            | 590         |
|    policy_gradient_loss | -0.00118    |
|    std                  | 0.0339      |
|    value_loss           | 0.0477      |
-----------------------------------------
-----------------------------------------
| rollout/                |             |
|    ep_len_mean          | 2e+03       |
|    ep_rew_mean          | 3.67e+03    |
| time/                   |             |
|    fps                  | 1891        |
|    iterations           | 61          |
|    time_elapsed         | 1254        |
|    total_timesteps      | 2373632     |
| train/                  |             |
|    approx_kl            | 0.011300643 |
|    clip_fraction        | 0.105       |
|    clip_range           | 0.2         |
|    entropy_loss         | 4           |
|    explained_variance   | 0.988       |
|    learning_rate        | 0.000277    |
|    loss                 | 0.0545      |
|    n_updates            | 600         |
|    policy_gradient_loss | -0.000948   |
|    std                  | 0.0325      |
|    value_loss           | 0.0466      |
-----------------------------------------
-----------------------------------------
| rollout/                |             |
|    ep_len_mean          | 2e+03       |
|    ep_rew_mean          | 3.67e+03    |
| time/                   |             |
|    fps                  | 1912        |
|    iterations           | 62          |
|    time_elapsed         | 1261        |
|    total_timesteps      | 2412544     |
| train/                  |             |
|    approx_kl            | 0.011748722 |
|    clip_fraction        | 0.117       |
|    clip_range           | 0.2         |
|    entropy_loss         | 4.07        |
|    explained_variance   | 0.991       |
|    learning_rate        | 0.000276    |
|    loss                 | 0.0628      |
|    n_updates            | 610         |
|    policy_gradient_loss | -0.000484   |
|    std                  | 0.0313      |
|    value_loss           | 0.0436      |
-----------------------------------------
-----------------------------------------
| rollout/                |             |
|    ep_len_mean          | 2e+03       |
|    ep_rew_mean          | 3.67e+03    |
| time/                   |             |
|    fps                  | 1923        |
|    iterations           | 63          |
|    time_elapsed         | 1274        |
|    total_timesteps      | 2451456     |
| train/                  |             |
|    approx_kl            | 0.009884092 |
|    clip_fraction        | 0.105       |
|    clip_range           | 0.2         |
|    entropy_loss         | 4.14        |
|    explained_variance   | 0.982       |
|    learning_rate        | 0.000276    |
|    loss                 | 0.0726      |
|    n_updates            | 620         |
|    policy_gradient_loss | 0.000591    |
|    std                  | 0.0305      |
|    value_loss           | 0.0537      |
-----------------------------------------
Eval num_timesteps=2470000, episode_reward=550.22 +/- 1485.69
Episode length: 1552.05 +/- 371.01
-----------------------------------------
| eval/                   |             |
|    mean_ep_length       | 1.55e+03    |
|    mean_reward          | 550         |
| time/                   |             |
|    total_timesteps      | 2470000     |
| train/                  |             |
|    approx_kl            | 0.010718223 |
|    clip_fraction        | 0.113       |
|    clip_range           | 0.2         |
|    entropy_loss         | 4.21        |
|    explained_variance   | 0.991       |
|    learning_rate        | 0.000275    |
|    loss                 | 0.0572      |
|    n_updates            | 630         |
|    policy_gradient_loss | -3.96e-05   |
|    std                  | 0.0292      |
|    value_loss           | 0.0348      |
-----------------------------------------
---------------------------------
| rollout/           |          |
|    ep_len_mean     | 2e+03    |
|    ep_rew_mean     | 3.67e+03 |
| time/              |          |
|    fps             | 1853     |
|    iterations      | 64       |
|    time_elapsed    | 1343     |
|    total_timesteps | 2490368  |
---------------------------------
-----------------------------------------
| rollout/                |             |
|    ep_len_mean          | 2e+03       |
|    ep_rew_mean          | 3.67e+03    |
| time/                   |             |
|    fps                  | 1849        |
|    iterations           | 65          |
|    time_elapsed         | 1367        |
|    total_timesteps      | 2529280     |
| train/                  |             |
|    approx_kl            | 0.011449404 |
|    clip_fraction        | 0.105       |
|    clip_range           | 0.2         |
|    entropy_loss         | 4.27        |
|    explained_variance   | 0.987       |
|    learning_rate        | 0.000275    |
|    loss                 | 0.0613      |
|    n_updates            | 640         |
|    policy_gradient_loss | 0.000791    |
|    std                  | 0.0285      |
|    value_loss           | 0.0366      |
-----------------------------------------
-----------------------------------------
| rollout/                |             |
|    ep_len_mean          | 2e+03       |
|    ep_rew_mean          | 3.67e+03    |
| time/                   |             |
|    fps                  | 1845        |
|    iterations           | 66          |
|    time_elapsed         | 1391        |
|    total_timesteps      | 2568192     |
| train/                  |             |
|    approx_kl            | 0.009200915 |
|    clip_fraction        | 0.105       |
|    clip_range           | 0.2         |
|    entropy_loss         | 4.32        |
|    explained_variance   | 0.977       |
|    learning_rate        | 0.000275    |
|    loss                 | 0.0746      |
|    n_updates            | 650         |
|    policy_gradient_loss | 0.00121     |
|    std                  | 0.0277      |
|    value_loss           | 0.0601      |
-----------------------------------------
-----------------------------------------
| rollout/                |             |
|    ep_len_mean          | 2e+03       |
|    ep_rew_mean          | 3.68e+03    |
| time/                   |             |
|    fps                  | 1841        |
|    iterations           | 67          |
|    time_elapsed         | 1415        |
|    total_timesteps      | 2607104     |
| train/                  |             |
|    approx_kl            | 0.009458699 |
|    clip_fraction        | 0.108       |
|    clip_range           | 0.2         |
|    entropy_loss         | 4.38        |
|    explained_variance   | 0.984       |
|    learning_rate        | 0.000274    |
|    loss                 | 0.0674      |
|    n_updates            | 660         |
|    policy_gradient_loss | 0.000574    |
|    std                  | 0.0269      |
|    value_loss           | 0.0514      |
-----------------------------------------
-----------------------------------------
| rollout/                |             |
|    ep_len_mean          | 2e+03       |
|    ep_rew_mean          | 3.68e+03    |
| time/                   |             |
|    fps                  | 1837        |
|    iterations           | 68          |
|    time_elapsed         | 1440        |
|    total_timesteps      | 2646016     |
| train/                  |             |
|    approx_kl            | 0.011979694 |
|    clip_fraction        | 0.122       |
|    clip_range           | 0.2         |
|    entropy_loss         | 4.45        |
|    explained_variance   | 0.982       |
|    learning_rate        | 0.000274    |
|    loss                 | 0.0702      |
|    n_updates            | 670         |
|    policy_gradient_loss | 0.000203    |
|    std                  | 0.0259      |
|    value_loss           | 0.0361      |
-----------------------------------------
Eval num_timesteps=2660000, episode_reward=581.67 +/- 1496.07
Episode length: 1472.35 +/- 385.10
-----------------------------------------
| eval/                   |             |
|    mean_ep_length       | 1.47e+03    |
|    mean_reward          | 582         |
| time/                   |             |
|    total_timesteps      | 2660000     |
| train/                  |             |
|    approx_kl            | 0.010650996 |
|    clip_fraction        | 0.117       |
|    clip_range           | 0.2         |
|    entropy_loss         | 4.5         |
|    explained_variance   | 0.985       |
|    learning_rate        | 0.000274    |
|    loss                 | 0.0672      |
|    n_updates            | 680         |
|    policy_gradient_loss | 0.00152     |
|    std                  | 0.0253      |
|    value_loss           | 0.0439      |
-----------------------------------------
---------------------------------
| rollout/           |          |
|    ep_len_mean     | 2e+03    |
|    ep_rew_mean     | 3.68e+03 |
| time/              |          |
|    fps             | 1819     |
|    iterations      | 69       |
|    time_elapsed    | 1475     |
|    total_timesteps | 2684928  |
---------------------------------
----------------------------------------
| rollout/                |            |
|    ep_len_mean          | 2e+03      |
|    ep_rew_mean          | 3.69e+03   |
| time/                   |            |
|    fps                  | 1838       |
|    iterations           | 70         |
|    time_elapsed         | 1481       |
|    total_timesteps      | 2723840    |
| train/                  |            |
|    approx_kl            | 0.01254312 |
|    clip_fraction        | 0.121      |
|    clip_range           | 0.2        |
|    entropy_loss         | 4.55       |
|    explained_variance   | 0.982      |
|    learning_rate        | 0.000273   |
|    loss                 | 0.0639     |
|    n_updates            | 690        |
|    policy_gradient_loss | 0.00183    |
|    std                  | 0.0248     |
|    value_loss           | 0.0525     |
----------------------------------------
----------------------------------------
| rollout/                |            |
|    ep_len_mean          | 2e+03      |
|    ep_rew_mean          | 3.69e+03   |
| time/                   |            |
|    fps                  | 1855       |
|    iterations           | 71         |
|    time_elapsed         | 1488       |
|    total_timesteps      | 2762752    |
| train/                  |            |
|    approx_kl            | 0.01198481 |
|    clip_fraction        | 0.117      |
|    clip_range           | 0.2        |
|    entropy_loss         | 4.59       |
|    explained_variance   | 0.985      |
|    learning_rate        | 0.000273   |
|    loss                 | 0.0546     |
|    n_updates            | 700        |
|    policy_gradient_loss | 0.00122    |
|    std                  | 0.0243     |
|    value_loss           | 0.0499     |
----------------------------------------
-----------------------------------------
| rollout/                |             |
|    ep_len_mean          | 2e+03       |
|    ep_rew_mean          | 3.69e+03    |
| time/                   |             |
|    fps                  | 1873        |
|    iterations           | 72          |
|    time_elapsed         | 1495        |
|    total_timesteps      | 2801664     |
| train/                  |             |
|    approx_kl            | 0.010037634 |
|    clip_fraction        | 0.129       |
|    clip_range           | 0.2         |
|    entropy_loss         | 4.64        |
|    explained_variance   | 0.991       |
|    learning_rate        | 0.000272    |
|    loss                 | 0.0548      |
|    n_updates            | 710         |
|    policy_gradient_loss | 0.00235     |
|    std                  | 0.0236      |
|    value_loss           | 0.0237      |
-----------------------------------------
-----------------------------------------
| rollout/                |             |
|    ep_len_mean          | 2e+03       |
|    ep_rew_mean          | 3.69e+03    |
| time/                   |             |
|    fps                  | 1888        |
|    iterations           | 73          |
|    time_elapsed         | 1504        |
|    total_timesteps      | 2840576     |
| train/                  |             |
|    approx_kl            | 0.010879817 |
|    clip_fraction        | 0.121       |
|    clip_range           | 0.2         |
|    entropy_loss         | 4.68        |
|    explained_variance   | 0.991       |
|    learning_rate        | 0.000272    |
|    loss                 | 0.0584      |
|    n_updates            | 720         |
|    policy_gradient_loss | 0.00226     |
|    std                  | 0.0232      |
|    value_loss           | 0.0246      |
-----------------------------------------
Eval num_timesteps=2850000, episode_reward=622.44 +/- 1479.38
Episode length: 1459.20 +/- 385.95
-----------------------------------------
| eval/                   |             |
|    mean_ep_length       | 1.46e+03    |
|    mean_reward          | 622         |
| time/                   |             |
|    total_timesteps      | 2850000     |
| train/                  |             |
|    approx_kl            | 0.008600866 |
|    clip_fraction        | 0.111       |
|    clip_range           | 0.2         |
|    entropy_loss         | 4.71        |
|    explained_variance   | 0.986       |
|    learning_rate        | 0.000272    |
|    loss                 | 0.059       |
|    n_updates            | 730         |
|    policy_gradient_loss | 0.00209     |
|    std                  | 0.0229      |
|    value_loss           | 0.0411      |
-----------------------------------------
---------------------------------
| rollout/           |          |
|    ep_len_mean     | 2e+03    |
|    ep_rew_mean     | 3.69e+03 |
| time/              |          |
|    fps             | 1888     |
|    iterations      | 74       |
|    time_elapsed    | 1524     |
|    total_timesteps | 2879488  |
---------------------------------
-----------------------------------------
| rollout/                |             |
|    ep_len_mean          | 2e+03       |
|    ep_rew_mean          | 3.69e+03    |
| time/                   |             |
|    fps                  | 1907        |
|    iterations           | 75          |
|    time_elapsed         | 1529        |
|    total_timesteps      | 2918400     |
| train/                  |             |
|    approx_kl            | 0.012280079 |
|    clip_fraction        | 0.125       |
|    clip_range           | 0.2         |
|    entropy_loss         | 4.75        |
|    explained_variance   | 0.989       |
|    learning_rate        | 0.000271    |
|    loss                 | 0.0713      |
|    n_updates            | 740         |
|    policy_gradient_loss | 0.00213     |
|    std                  | 0.0223      |
|    value_loss           | 0.0355      |
-----------------------------------------
-----------------------------------------
| rollout/                |             |
|    ep_len_mean          | 2e+03       |
|    ep_rew_mean          | 3.69e+03    |
| time/                   |             |
|    fps                  | 1926        |
|    iterations           | 76          |
|    time_elapsed         | 1535        |
|    total_timesteps      | 2957312     |
| train/                  |             |
|    approx_kl            | 0.009110806 |
|    clip_fraction        | 0.132       |
|    clip_range           | 0.2         |
|    entropy_loss         | 4.79        |
|    explained_variance   | 0.993       |
|    learning_rate        | 0.000271    |
|    loss                 | 0.0587      |
|    n_updates            | 750         |
|    policy_gradient_loss | 0.00136     |
|    std                  | 0.0219      |
|    value_loss           | 0.0309      |
-----------------------------------------
-----------------------------------------
| rollout/                |             |
|    ep_len_mean          | 2e+03       |
|    ep_rew_mean          | 3.69e+03    |
| time/                   |             |
|    fps                  | 1944        |
|    iterations           | 77          |
|    time_elapsed         | 1540        |
|    total_timesteps      | 2996224     |
| train/                  |             |
|    approx_kl            | 0.012373376 |
|    clip_fraction        | 0.12        |
|    clip_range           | 0.2         |
|    entropy_loss         | 4.82        |
|    explained_variance   | 0.982       |
|    learning_rate        | 0.00027     |
|    loss                 | 0.0683      |
|    n_updates            | 760         |
|    policy_gradient_loss | 0.00259     |
|    std                  | 0.0217      |
|    value_loss           | 0.0357      |
-----------------------------------------
-----------------------------------------
| rollout/                |             |
|    ep_len_mean          | 2e+03       |
|    ep_rew_mean          | 3.69e+03    |
| time/                   |             |
|    fps                  | 1963        |
|    iterations           | 78          |
|    time_elapsed         | 1545        |
|    total_timesteps      | 3035136     |
| train/                  |             |
|    approx_kl            | 0.010076818 |
|    clip_fraction        | 0.131       |
|    clip_range           | 0.2         |
|    entropy_loss         | 4.84        |
|    explained_variance   | 0.984       |
|    learning_rate        | 0.00027     |
|    loss                 | 0.0618      |
|    n_updates            | 770         |
|    policy_gradient_loss | 0.00257     |
|    std                  | 0.0215      |
|    value_loss           | 0.0446      |
-----------------------------------------
Eval num_timesteps=3040000, episode_reward=634.09 +/- 1467.72
Episode length: 1481.35 +/- 378.33
-----------------------------------------
| eval/                   |             |
|    mean_ep_length       | 1.48e+03    |
|    mean_reward          | 634         |
| time/                   |             |
|    total_timesteps      | 3040000     |
| train/                  |             |
|    approx_kl            | 0.013030194 |
|    clip_fraction        | 0.141       |
|    clip_range           | 0.2         |
|    entropy_loss         | 4.89        |
|    explained_variance   | 0.988       |
|    learning_rate        | 0.00027     |
|    loss                 | 0.0582      |
|    n_updates            | 780         |
|    policy_gradient_loss | 0.0016      |
|    std                  | 0.0208      |
|    value_loss           | 0.031       |
-----------------------------------------
---------------------------------
| rollout/           |          |
|    ep_len_mean     | 2e+03    |
|    ep_rew_mean     | 3.69e+03 |
| time/              |          |
|    fps             | 1960     |
|    iterations      | 79       |
|    time_elapsed    | 1568     |
|    total_timesteps | 3074048  |
---------------------------------
-----------------------------------------
| rollout/                |             |
|    ep_len_mean          | 2e+03       |
|    ep_rew_mean          | 3.7e+03     |
| time/                   |             |
|    fps                  | 1955        |
|    iterations           | 80          |
|    time_elapsed         | 1592        |
|    total_timesteps      | 3112960     |
| train/                  |             |
|    approx_kl            | 0.011627875 |
|    clip_fraction        | 0.127       |
|    clip_range           | 0.2         |
|    entropy_loss         | 4.92        |
|    explained_variance   | 0.988       |
|    learning_rate        | 0.000269    |
|    loss                 | 0.0766      |
|    n_updates            | 790         |
|    policy_gradient_loss | 0.00373     |
|    std                  | 0.0206      |
|    value_loss           | 0.044       |
-----------------------------------------
----------------------------------------
| rollout/                |            |
|    ep_len_mean          | 2e+03      |
|    ep_rew_mean          | 3.7e+03    |
| time/                   |            |
|    fps                  | 1965       |
|    iterations           | 81         |
|    time_elapsed         | 1603       |
|    total_timesteps      | 3151872    |
| train/                  |            |
|    approx_kl            | 0.01060206 |
|    clip_fraction        | 0.125      |
|    clip_range           | 0.2        |
|    entropy_loss         | 4.96       |
|    explained_variance   | 0.991      |
|    learning_rate        | 0.000269   |
|    loss                 | 0.0712     |
|    n_updates            | 800        |
|    policy_gradient_loss | 0.000937   |
|    std                  | 0.0201     |
|    value_loss           | 0.0294     |
----------------------------------------
-----------------------------------------
| rollout/                |             |
|    ep_len_mean          | 2e+03       |
|    ep_rew_mean          | 3.7e+03     |
| time/                   |             |
|    fps                  | 1983        |
|    iterations           | 82          |
|    time_elapsed         | 1608        |
|    total_timesteps      | 3190784     |
| train/                  |             |
|    approx_kl            | 0.011452845 |
|    clip_fraction        | 0.123       |
|    clip_range           | 0.2         |
|    entropy_loss         | 4.98        |
|    explained_variance   | 0.989       |
|    learning_rate        | 0.000268    |
|    loss                 | 0.075       |
|    n_updates            | 810         |
|    policy_gradient_loss | 0.00171     |
|    std                  | 0.02        |
|    value_loss           | 0.0376      |
-----------------------------------------
-----------------------------------------
| rollout/                |             |
|    ep_len_mean          | 2e+03       |
|    ep_rew_mean          | 3.7e+03     |
| time/                   |             |
|    fps                  | 2000        |
|    iterations           | 83          |
|    time_elapsed         | 1614        |
|    total_timesteps      | 3229696     |
| train/                  |             |
|    approx_kl            | 0.013983158 |
|    clip_fraction        | 0.143       |
|    clip_range           | 0.2         |
|    entropy_loss         | 5.02        |
|    explained_variance   | 0.992       |
|    learning_rate        | 0.000268    |
|    loss                 | 0.0732      |
|    n_updates            | 820         |
|    policy_gradient_loss | 0.00322     |
|    std                  | 0.0196      |
|    value_loss           | 0.0373      |
-----------------------------------------
Eval num_timesteps=3230000, episode_reward=589.13 +/- 1536.06
Episode length: 1476.95 +/- 383.30
-----------------------------------------
| eval/                   |             |
|    mean_ep_length       | 1.48e+03    |
|    mean_reward          | 589         |
| time/                   |             |
|    total_timesteps      | 3230000     |
| train/                  |             |
|    approx_kl            | 0.012099231 |
|    clip_fraction        | 0.138       |
|    clip_range           | 0.2         |
|    entropy_loss         | 5.04        |
|    explained_variance   | 0.986       |
|    learning_rate        | 0.000268    |
|    loss                 | 0.075       |
|    n_updates            | 830         |
|    policy_gradient_loss | 0.00332     |
|    std                  | 0.0194      |
|    value_loss           | 0.0437      |
-----------------------------------------
---------------------------------
| rollout/           |          |
|    ep_len_mean     | 2e+03    |
|    ep_rew_mean     | 3.7e+03  |
| time/              |          |
|    fps             | 1991     |
|    iterations      | 84       |
|    time_elapsed    | 1640     |
|    total_timesteps | 3268608  |
---------------------------------
-----------------------------------------
| rollout/                |             |
|    ep_len_mean          | 2e+03       |
|    ep_rew_mean          | 3.69e+03    |
| time/                   |             |
|    fps                  | 2008        |
|    iterations           | 85          |
|    time_elapsed         | 1646        |
|    total_timesteps      | 3307520     |
| train/                  |             |
|    approx_kl            | 0.010597828 |
|    clip_fraction        | 0.132       |
|    clip_range           | 0.2         |
|    entropy_loss         | 5.05        |
|    explained_variance   | 0.986       |
|    learning_rate        | 0.000267    |
|    loss                 | 0.0921      |
|    n_updates            | 840         |
|    policy_gradient_loss | 0.00339     |
|    std                  | 0.0194      |
|    value_loss           | 0.067       |
-----------------------------------------
-----------------------------------------
| rollout/                |             |
|    ep_len_mean          | 2e+03       |
|    ep_rew_mean          | 3.69e+03    |
| time/                   |             |
|    fps                  | 2019        |
|    iterations           | 86          |
|    time_elapsed         | 1657        |
|    total_timesteps      | 3346432     |
| train/                  |             |
|    approx_kl            | 0.010343867 |
|    clip_fraction        | 0.137       |
|    clip_range           | 0.2         |
|    entropy_loss         | 5.07        |
|    explained_variance   | 0.987       |
|    learning_rate        | 0.000267    |
|    loss                 | 0.0737      |
|    n_updates            | 850         |
|    policy_gradient_loss | 0.00283     |
|    std                  | 0.0191      |
|    value_loss           | 0.0723      |
-----------------------------------------
------------------------------------------
| rollout/                |              |
|    ep_len_mean          | 2e+03        |
|    ep_rew_mean          | 3.69e+03     |
| time/                   |              |
|    fps                  | 2011         |
|    iterations           | 87           |
|    time_elapsed         | 1682         |
|    total_timesteps      | 3385344      |
| train/                  |              |
|    approx_kl            | 0.0087201875 |
|    clip_fraction        | 0.13         |
|    clip_range           | 0.2          |
|    entropy_loss         | 5.09         |
|    explained_variance   | 0.984        |
|    learning_rate        | 0.000267     |
|    loss                 | 0.0732       |
|    n_updates            | 860          |
|    policy_gradient_loss | 0.00378      |
|    std                  | 0.019        |
|    value_loss           | 0.0717       |
------------------------------------------
Eval num_timesteps=3420000, episode_reward=656.45 +/- 1473.65
Episode length: 1466.20 +/- 384.79
----------------------------------------
| eval/                   |            |
|    mean_ep_length       | 1.47e+03   |
|    mean_reward          | 656        |
| time/                   |            |
|    total_timesteps      | 3420000    |
| train/                  |            |
|    approx_kl            | 0.01614532 |
|    clip_fraction        | 0.155      |
|    clip_range           | 0.2        |
|    entropy_loss         | 5.12       |
|    explained_variance   | 0.99       |
|    learning_rate        | 0.000266   |
|    loss                 | 0.0788     |
|    n_updates            | 870        |
|    policy_gradient_loss | 0.00427    |
|    std                  | 0.0187     |
|    value_loss           | 0.0683     |
----------------------------------------
---------------------------------
| rollout/           |          |
|    ep_len_mean     | 2e+03    |
|    ep_rew_mean     | 3.69e+03 |
| time/              |          |
|    fps             | 1963     |
|    iterations      | 88       |
|    time_elapsed    | 1744     |
|    total_timesteps | 3424256  |
---------------------------------
-----------------------------------------
| rollout/                |             |
|    ep_len_mean          | 2e+03       |
|    ep_rew_mean          | 3.69e+03    |
| time/                   |             |
|    fps                  | 1979        |
|    iterations           | 89          |
|    time_elapsed         | 1749        |
|    total_timesteps      | 3463168     |
| train/                  |             |
|    approx_kl            | 0.013072025 |
|    clip_fraction        | 0.142       |
|    clip_range           | 0.2         |
|    entropy_loss         | 5.14        |
|    explained_variance   | 0.987       |
|    learning_rate        | 0.000266    |
|    loss                 | 0.0998      |
|    n_updates            | 880         |
|    policy_gradient_loss | 0.00385     |
|    std                  | 0.0185      |
|    value_loss           | 0.08        |
-----------------------------------------
-----------------------------------------
| rollout/                |             |
|    ep_len_mean          | 2e+03       |
|    ep_rew_mean          | 3.69e+03    |
| time/                   |             |
|    fps                  | 1995        |
|    iterations           | 90          |
|    time_elapsed         | 1755        |
|    total_timesteps      | 3502080     |
| train/                  |             |
|    approx_kl            | 0.013229913 |
|    clip_fraction        | 0.149       |
|    clip_range           | 0.2         |
|    entropy_loss         | 5.16        |
|    explained_variance   | 0.987       |
|    learning_rate        | 0.000265    |
|    loss                 | 0.0966      |
|    n_updates            | 890         |
|    policy_gradient_loss | 0.00301     |
|    std                  | 0.0183      |
|    value_loss           | 0.0912      |
-----------------------------------------
-----------------------------------------
| rollout/                |             |
|    ep_len_mean          | 2e+03       |
|    ep_rew_mean          | 3.69e+03    |
| time/                   |             |
|    fps                  | 2011        |
|    iterations           | 91          |
|    time_elapsed         | 1760        |
|    total_timesteps      | 3540992     |
| train/                  |             |
|    approx_kl            | 0.010303307 |
|    clip_fraction        | 0.14        |
|    clip_range           | 0.2         |
|    entropy_loss         | 5.18        |
|    explained_variance   | 0.989       |
|    learning_rate        | 0.000265    |
|    loss                 | 0.0898      |
|    n_updates            | 900         |
|    policy_gradient_loss | 0.00297     |
|    std                  | 0.0182      |
|    value_loss           | 0.068       |
-----------------------------------------
-----------------------------------------
| rollout/                |             |
|    ep_len_mean          | 2e+03       |
|    ep_rew_mean          | 3.69e+03    |
| time/                   |             |
|    fps                  | 2027        |
|    iterations           | 92          |
|    time_elapsed         | 1765        |
|    total_timesteps      | 3579904     |
| train/                  |             |
|    approx_kl            | 0.015949892 |
|    clip_fraction        | 0.155       |
|    clip_range           | 0.2         |
|    entropy_loss         | 5.19        |
|    explained_variance   | 0.987       |
|    learning_rate        | 0.000265    |
|    loss                 | 0.0778      |
|    n_updates            | 910         |
|    policy_gradient_loss | 0.00429     |
|    std                  | 0.018       |
|    value_loss           | 0.0501      |
-----------------------------------------
Eval num_timesteps=3610000, episode_reward=631.25 +/- 1529.39
Episode length: 1477.05 +/- 380.76
-----------------------------------------
| eval/                   |             |
|    mean_ep_length       | 1.48e+03    |
|    mean_reward          | 631         |
| time/                   |             |
|    total_timesteps      | 3610000     |
| train/                  |             |
|    approx_kl            | 0.011805323 |
|    clip_fraction        | 0.144       |
|    clip_range           | 0.2         |
|    entropy_loss         | 5.21        |
|    explained_variance   | 0.984       |
|    learning_rate        | 0.000264    |
|    loss                 | 0.0824      |
|    n_updates            | 920         |
|    policy_gradient_loss | 0.00305     |
|    std                  | 0.0179      |
|    value_loss           | 0.0582      |
-----------------------------------------
---------------------------------
| rollout/           |          |
|    ep_len_mean     | 2e+03    |
|    ep_rew_mean     | 3.69e+03 |
| time/              |          |
|    fps             | 2016     |
|    iterations      | 93       |
|    time_elapsed    | 1794     |
|    total_timesteps | 3618816  |
---------------------------------
-----------------------------------------
| rollout/                |             |
|    ep_len_mean          | 2e+03       |
|    ep_rew_mean          | 3.69e+03    |
| time/                   |             |
|    fps                  | 2032        |
|    iterations           | 94          |
|    time_elapsed         | 1799        |
|    total_timesteps      | 3657728     |
| train/                  |             |
|    approx_kl            | 0.011497732 |
|    clip_fraction        | 0.136       |
|    clip_range           | 0.2         |
|    entropy_loss         | 5.23        |
|    explained_variance   | 0.992       |
|    learning_rate        | 0.000264    |
|    loss                 | 0.0593      |
|    n_updates            | 930         |
|    policy_gradient_loss | 0.00381     |
|    std                  | 0.0177      |
|    value_loss           | 0.0437      |
-----------------------------------------
-----------------------------------------
| rollout/                |             |
|    ep_len_mean          | 2e+03       |
|    ep_rew_mean          | 3.69e+03    |
| time/                   |             |
|    fps                  | 2047        |
|    iterations           | 95          |
|    time_elapsed         | 1805        |
|    total_timesteps      | 3696640     |
| train/                  |             |
|    approx_kl            | 0.013929582 |
|    clip_fraction        | 0.14        |
|    clip_range           | 0.2         |
|    entropy_loss         | 5.24        |
|    explained_variance   | 0.992       |
|    learning_rate        | 0.000263    |
|    loss                 | 0.0976      |
|    n_updates            | 940         |
|    policy_gradient_loss | 0.00295     |
|    std                  | 0.0176      |
|    value_loss           | 0.0479      |
-----------------------------------------
-----------------------------------------
| rollout/                |             |
|    ep_len_mean          | 2e+03       |
|    ep_rew_mean          | 3.69e+03    |
| time/                   |             |
|    fps                  | 2063        |
|    iterations           | 96          |
|    time_elapsed         | 1810        |
|    total_timesteps      | 3735552     |
| train/                  |             |
|    approx_kl            | 0.011058138 |
|    clip_fraction        | 0.157       |
|    clip_range           | 0.2         |
|    entropy_loss         | 5.26        |
|    explained_variance   | 0.989       |
|    learning_rate        | 0.000263    |
|    loss                 | 0.0803      |
|    n_updates            | 950         |
|    policy_gradient_loss | 0.00418     |
|    std                  | 0.0174      |
|    value_loss           | 0.0525      |
-----------------------------------------
-----------------------------------------
| rollout/                |             |
|    ep_len_mean          | 2e+03       |
|    ep_rew_mean          | 3.7e+03     |
| time/                   |             |
|    fps                  | 2078        |
|    iterations           | 97          |
|    time_elapsed         | 1815        |
|    total_timesteps      | 3774464     |
| train/                  |             |
|    approx_kl            | 0.012166514 |
|    clip_fraction        | 0.155       |
|    clip_range           | 0.2         |
|    entropy_loss         | 5.28        |
|    explained_variance   | 0.993       |
|    learning_rate        | 0.000263    |
|    loss                 | 0.0832      |
|    n_updates            | 960         |
|    policy_gradient_loss | 0.0036      |
|    std                  | 0.0172      |
|    value_loss           | 0.0431      |
-----------------------------------------
Eval num_timesteps=3800000, episode_reward=639.32 +/- 1534.01
Episode length: 1527.55 +/- 374.37
-----------------------------------------
| eval/                   |             |
|    mean_ep_length       | 1.53e+03    |
|    mean_reward          | 639         |
| time/                   |             |
|    total_timesteps      | 3800000     |
| train/                  |             |
|    approx_kl            | 0.013233838 |
|    clip_fraction        | 0.14        |
|    clip_range           | 0.2         |
|    entropy_loss         | 5.31        |
|    explained_variance   | 0.991       |
|    learning_rate        | 0.000262    |
|    loss                 | 0.0705      |
|    n_updates            | 970         |
|    policy_gradient_loss | 0.00322     |
|    std                  | 0.0169      |
|    value_loss           | 0.0256      |
-----------------------------------------
---------------------------------
| rollout/           |          |
|    ep_len_mean     | 2e+03    |
|    ep_rew_mean     | 3.7e+03  |
| time/              |          |
|    fps             | 2050     |
|    iterations      | 98       |
|    time_elapsed    | 1859     |
|    total_timesteps | 3813376  |
---------------------------------
-----------------------------------------
| rollout/                |             |
|    ep_len_mean          | 2e+03       |
|    ep_rew_mean          | 3.7e+03     |
| time/                   |             |
|    fps                  | 2061        |
|    iterations           | 99          |
|    time_elapsed         | 1868        |
|    total_timesteps      | 3852288     |
| train/                  |             |
|    approx_kl            | 0.011055563 |
|    clip_fraction        | 0.149       |
|    clip_range           | 0.2         |
|    entropy_loss         | 5.33        |
|    explained_variance   | 0.991       |
|    learning_rate        | 0.000262    |
|    loss                 | 0.08        |
|    n_updates            | 980         |
|    policy_gradient_loss | 0.00457     |
|    std                  | 0.0168      |
|    value_loss           | 0.0429      |
-----------------------------------------
-----------------------------------------
| rollout/                |             |
|    ep_len_mean          | 2e+03       |
|    ep_rew_mean          | 3.7e+03     |
| time/                   |             |
|    fps                  | 2060        |
|    iterations           | 100         |
|    time_elapsed         | 1888        |
|    total_timesteps      | 3891200     |
| train/                  |             |
|    approx_kl            | 0.013375583 |
|    clip_fraction        | 0.163       |
|    clip_range           | 0.2         |
|    entropy_loss         | 5.35        |
|    explained_variance   | 0.992       |
|    learning_rate        | 0.000261    |
|    loss                 | 0.0715      |
|    n_updates            | 990         |
|    policy_gradient_loss | 0.00405     |
|    std                  | 0.0167      |
|    value_loss           | 0.0309      |
-----------------------------------------
-----------------------------------------
| rollout/                |             |
|    ep_len_mean          | 2e+03       |
|    ep_rew_mean          | 3.7e+03     |
| time/                   |             |
|    fps                  | 2069        |
|    iterations           | 101         |
|    time_elapsed         | 1899        |
|    total_timesteps      | 3930112     |
| train/                  |             |
|    approx_kl            | 0.010146426 |
|    clip_fraction        | 0.153       |
|    clip_range           | 0.2         |
|    entropy_loss         | 5.35        |
|    explained_variance   | 0.993       |
|    learning_rate        | 0.000261    |
|    loss                 | 0.0628      |
|    n_updates            | 1000        |
|    policy_gradient_loss | 0.00397     |
|    std                  | 0.0166      |
|    value_loss           | 0.032       |
-----------------------------------------
-----------------------------------------
| rollout/                |             |
|    ep_len_mean          | 2e+03       |
|    ep_rew_mean          | 3.7e+03     |
| time/                   |             |
|    fps                  | 2083        |
|    iterations           | 102         |
|    time_elapsed         | 1904        |
|    total_timesteps      | 3969024     |
| train/                  |             |
|    approx_kl            | 0.010290523 |
|    clip_fraction        | 0.137       |
|    clip_range           | 0.2         |
|    entropy_loss         | 5.38        |
|    explained_variance   | 0.995       |
|    learning_rate        | 0.000261    |
|    loss                 | 0.0667      |
|    n_updates            | 1010        |
|    policy_gradient_loss | 0.00219     |
|    std                  | 0.0164      |
|    value_loss           | 0.0257      |
-----------------------------------------
Eval num_timesteps=3990000, episode_reward=638.57 +/- 1461.94
Episode length: 1439.55 +/- 367.18
----------------------------------------
| eval/                   |            |
|    mean_ep_length       | 1.44e+03   |
|    mean_reward          | 639        |
| time/                   |            |
|    total_timesteps      | 3990000    |
| train/                  |            |
|    approx_kl            | 0.01379511 |
|    clip_fraction        | 0.157      |
|    clip_range           | 0.2        |
|    entropy_loss         | 5.4        |
|    explained_variance   | 0.993      |
|    learning_rate        | 0.00026    |
|    loss                 | 0.0789     |
|    n_updates            | 1020       |
|    policy_gradient_loss | 0.00399    |
|    std                  | 0.0162     |
|    value_loss           | 0.024      |
----------------------------------------
---------------------------------
| rollout/           |          |
|    ep_len_mean     | 2e+03    |
|    ep_rew_mean     | 3.7e+03  |
| time/              |          |
|    fps             | 2081     |
|    iterations      | 103      |
|    time_elapsed    | 1925     |
|    total_timesteps | 4007936  |
---------------------------------
-----------------------------------------
| rollout/                |             |
|    ep_len_mean          | 2e+03       |
|    ep_rew_mean          | 3.7e+03     |
| time/                   |             |
|    fps                  | 2096        |
|    iterations           | 104         |
|    time_elapsed         | 1930        |
|    total_timesteps      | 4046848     |
| train/                  |             |
|    approx_kl            | 0.012724416 |
|    clip_fraction        | 0.156       |
|    clip_range           | 0.2         |
|    entropy_loss         | 5.42        |
|    explained_variance   | 0.99        |
|    learning_rate        | 0.00026     |
|    loss                 | 0.0713      |
|    n_updates            | 1030        |
|    policy_gradient_loss | 0.00384     |
|    std                  | 0.0161      |
|    value_loss           | 0.0288      |
-----------------------------------------
-----------------------------------------
| rollout/                |             |
|    ep_len_mean          | 2e+03       |
|    ep_rew_mean          | 3.7e+03     |
| time/                   |             |
|    fps                  | 2110        |
|    iterations           | 105         |
|    time_elapsed         | 1935        |
|    total_timesteps      | 4085760     |
| train/                  |             |
|    approx_kl            | 0.013034098 |
|    clip_fraction        | 0.156       |
|    clip_range           | 0.2         |
|    entropy_loss         | 5.43        |
|    explained_variance   | 0.988       |
|    learning_rate        | 0.00026     |
|    loss                 | 0.111       |
|    n_updates            | 1040        |
|    policy_gradient_loss | 0.00447     |
|    std                  | 0.016       |
|    value_loss           | 0.052       |
-----------------------------------------
-----------------------------------------
| rollout/                |             |
|    ep_len_mean          | 2e+03       |
|    ep_rew_mean          | 3.7e+03     |
| time/                   |             |
|    fps                  | 2124        |
|    iterations           | 106         |
|    time_elapsed         | 1941        |
|    total_timesteps      | 4124672     |
| train/                  |             |
|    approx_kl            | 0.012658619 |
|    clip_fraction        | 0.139       |
|    clip_range           | 0.2         |
|    entropy_loss         | 5.42        |
|    explained_variance   | 0.982       |
|    learning_rate        | 0.000259    |
|    loss                 | 0.0753      |
|    n_updates            | 1050        |
|    policy_gradient_loss | 0.00437     |
|    std                  | 0.0161      |
|    value_loss           | 0.0629      |
-----------------------------------------
-----------------------------------------
| rollout/                |             |
|    ep_len_mean          | 2e+03       |
|    ep_rew_mean          | 3.7e+03     |
| time/                   |             |
|    fps                  | 2138        |
|    iterations           | 107         |
|    time_elapsed         | 1946        |
|    total_timesteps      | 4163584     |
| train/                  |             |
|    approx_kl            | 0.009892307 |
|    clip_fraction        | 0.141       |
|    clip_range           | 0.2         |
|    entropy_loss         | 5.43        |
|    explained_variance   | 0.988       |
|    learning_rate        | 0.000259    |
|    loss                 | 0.0868      |
|    n_updates            | 1060        |
|    policy_gradient_loss | 0.00289     |
|    std                  | 0.016       |
|    value_loss           | 0.0549      |
-----------------------------------------
Eval num_timesteps=4180000, episode_reward=592.92 +/- 1550.75
Episode length: 1442.90 +/- 374.33
-----------------------------------------
| eval/                   |             |
|    mean_ep_length       | 1.44e+03    |
|    mean_reward          | 593         |
| time/                   |             |
|    total_timesteps      | 4180000     |
| train/                  |             |
|    approx_kl            | 0.011660535 |
|    clip_fraction        | 0.153       |
|    clip_range           | 0.2         |
|    entropy_loss         | 5.46        |
|    explained_variance   | 0.992       |
|    learning_rate        | 0.000258    |
|    loss                 | 0.0597      |
|    n_updates            | 1070        |
|    policy_gradient_loss | 0.00362     |
|    std                  | 0.0157      |
|    value_loss           | 0.0234      |
-----------------------------------------
---------------------------------
| rollout/           |          |
|    ep_len_mean     | 2e+03    |
|    ep_rew_mean     | 3.7e+03  |
| time/              |          |
|    fps             | 2135     |
|    iterations      | 108      |
|    time_elapsed    | 1967     |
|    total_timesteps | 4202496  |
---------------------------------
-----------------------------------------
| rollout/                |             |
|    ep_len_mean          | 2e+03       |
|    ep_rew_mean          | 3.7e+03     |
| time/                   |             |
|    fps                  | 2148        |
|    iterations           | 109         |
|    time_elapsed         | 1974        |
|    total_timesteps      | 4241408     |
| train/                  |             |
|    approx_kl            | 0.010434009 |
|    clip_fraction        | 0.133       |
|    clip_range           | 0.2         |
|    entropy_loss         | 5.5         |
|    explained_variance   | 0.992       |
|    learning_rate        | 0.000258    |
|    loss                 | 0.0639      |
|    n_updates            | 1080        |
|    policy_gradient_loss | 0.00276     |
|    std                  | 0.0155      |
|    value_loss           | 0.0191      |
-----------------------------------------
-----------------------------------------
| rollout/                |             |
|    ep_len_mean          | 2e+03       |
|    ep_rew_mean          | 3.71e+03    |
| time/                   |             |
|    fps                  | 2160        |
|    iterations           | 110         |
|    time_elapsed         | 1980        |
|    total_timesteps      | 4280320     |
| train/                  |             |
|    approx_kl            | 0.013528474 |
|    clip_fraction        | 0.153       |
|    clip_range           | 0.2         |
|    entropy_loss         | 5.52        |
|    explained_variance   | 0.987       |
|    learning_rate        | 0.000258    |
|    loss                 | 0.0881      |
|    n_updates            | 1090        |
|    policy_gradient_loss | 0.0053      |
|    std                  | 0.0154      |
|    value_loss           | 0.0257      |
-----------------------------------------
-----------------------------------------
| rollout/                |             |
|    ep_len_mean          | 2e+03       |
|    ep_rew_mean          | 3.71e+03    |
| time/                   |             |
|    fps                  | 2174        |
|    iterations           | 111         |
|    time_elapsed         | 1986        |
|    total_timesteps      | 4319232     |
| train/                  |             |
|    approx_kl            | 0.011819038 |
|    clip_fraction        | 0.156       |
|    clip_range           | 0.2         |
|    entropy_loss         | 5.53        |
|    explained_variance   | 0.991       |
|    learning_rate        | 0.000257    |
|    loss                 | 0.0724      |
|    n_updates            | 1100        |
|    policy_gradient_loss | 0.00445     |
|    std                  | 0.0152      |
|    value_loss           | 0.0316      |
-----------------------------------------
---------------------------------------
| rollout/                |           |
|    ep_len_mean          | 2e+03     |
|    ep_rew_mean          | 3.7e+03   |
| time/                   |           |
|    fps                  | 2184      |
|    iterations           | 112       |
|    time_elapsed         | 1994      |
|    total_timesteps      | 4358144   |
| train/                  |           |
|    approx_kl            | 0.0097062 |
|    clip_fraction        | 0.145     |
|    clip_range           | 0.2       |
|    entropy_loss         | 5.52      |
|    explained_variance   | 0.987     |
|    learning_rate        | 0.000257  |
|    loss                 | 0.092     |
|    n_updates            | 1110      |
|    policy_gradient_loss | 0.0049    |
|    std                  | 0.0154    |
|    value_loss           | 0.0628    |
---------------------------------------
Eval num_timesteps=4370000, episode_reward=610.91 +/- 1542.80
Episode length: 1462.40 +/- 383.49
-----------------------------------------
| eval/                   |             |
|    mean_ep_length       | 1.46e+03    |
|    mean_reward          | 611         |
| time/                   |             |
|    total_timesteps      | 4370000     |
| train/                  |             |
|    approx_kl            | 0.011791972 |
|    clip_fraction        | 0.156       |
|    clip_range           | 0.2         |
|    entropy_loss         | 5.51        |
|    explained_variance   | 0.989       |
|    learning_rate        | 0.000256    |
|    loss                 | 0.084       |
|    n_updates            | 1120        |
|    policy_gradient_loss | 0.00604     |
|    std                  | 0.0154      |
|    value_loss           | 0.0412      |
-----------------------------------------
---------------------------------
| rollout/           |          |
|    ep_len_mean     | 2e+03    |
|    ep_rew_mean     | 3.7e+03  |
| time/              |          |
|    fps             | 2145     |
|    iterations      | 113      |
|    time_elapsed    | 2049     |
|    total_timesteps | 4397056  |
---------------------------------
-----------------------------------------
| rollout/                |             |
|    ep_len_mean          | 2e+03       |
|    ep_rew_mean          | 3.7e+03     |
| time/                   |             |
|    fps                  | 2155        |
|    iterations           | 114         |
|    time_elapsed         | 2058        |
|    total_timesteps      | 4435968     |
| train/                  |             |
|    approx_kl            | 0.008766415 |
|    clip_fraction        | 0.115       |
|    clip_range           | 0.2         |
|    entropy_loss         | 5.5         |
|    explained_variance   | 0.982       |
|    learning_rate        | 0.000256    |
|    loss                 | 0.0979      |
|    n_updates            | 1130        |
|    policy_gradient_loss | 0.00447     |
|    std                  | 0.0155      |
|    value_loss           | 0.0498      |
-----------------------------------------
-----------------------------------------
| rollout/                |             |
|    ep_len_mean          | 2e+03       |
|    ep_rew_mean          | 3.7e+03     |
| time/                   |             |
|    fps                  | 2166        |
|    iterations           | 115         |
|    time_elapsed         | 2065        |
|    total_timesteps      | 4474880     |
| train/                  |             |
|    approx_kl            | 0.010903671 |
|    clip_fraction        | 0.158       |
|    clip_range           | 0.2         |
|    entropy_loss         | 5.5         |
|    explained_variance   | 0.99        |
|    learning_rate        | 0.000256    |
|    loss                 | 0.0746      |
|    n_updates            | 1140        |
|    policy_gradient_loss | 0.00488     |
|    std                  | 0.0156      |
|    value_loss           | 0.0463      |
-----------------------------------------
-----------------------------------------
| rollout/                |             |
|    ep_len_mean          | 2e+03       |
|    ep_rew_mean          | 3.7e+03     |
| time/                   |             |
|    fps                  | 2179        |
|    iterations           | 116         |
|    time_elapsed         | 2071        |
|    total_timesteps      | 4513792     |
| train/                  |             |
|    approx_kl            | 0.012519758 |
|    clip_fraction        | 0.157       |
|    clip_range           | 0.2         |
|    entropy_loss         | 5.52        |
|    explained_variance   | 0.99        |
|    learning_rate        | 0.000255    |
|    loss                 | 0.0791      |
|    n_updates            | 1150        |
|    policy_gradient_loss | 0.00333     |
|    std                  | 0.0153      |
|    value_loss           | 0.0583      |
-----------------------------------------
-----------------------------------------
| rollout/                |             |
|    ep_len_mean          | 2e+03       |
|    ep_rew_mean          | 3.7e+03     |
| time/                   |             |
|    fps                  | 2185        |
|    iterations           | 117         |
|    time_elapsed         | 2083        |
|    total_timesteps      | 4552704     |
| train/                  |             |
|    approx_kl            | 0.011915616 |
|    clip_fraction        | 0.142       |
|    clip_range           | 0.2         |
|    entropy_loss         | 5.54        |
|    explained_variance   | 0.987       |
|    learning_rate        | 0.000255    |
|    loss                 | 0.0914      |
|    n_updates            | 1160        |
|    policy_gradient_loss | 0.0034      |
|    std                  | 0.0152      |
|    value_loss           | 0.0518      |
-----------------------------------------
Eval num_timesteps=4560000, episode_reward=608.09 +/- 1536.54
Episode length: 1500.90 +/- 354.21
-----------------------------------------
| eval/                   |             |
|    mean_ep_length       | 1.5e+03     |
|    mean_reward          | 608         |
| time/                   |             |
|    total_timesteps      | 4560000     |
| train/                  |             |
|    approx_kl            | 0.011702998 |
|    clip_fraction        | 0.142       |
|    clip_range           | 0.2         |
|    entropy_loss         | 5.57        |
|    explained_variance   | 0.982       |
|    learning_rate        | 0.000254    |
|    loss                 | 0.0714      |
|    n_updates            | 1170        |
|    policy_gradient_loss | 0.00292     |
|    std                  | 0.0149      |
|    value_loss           | 0.0414      |
-----------------------------------------
---------------------------------
| rollout/           |          |
|    ep_len_mean     | 2e+03    |
|    ep_rew_mean     | 3.7e+03  |
| time/              |          |
|    fps             | 2169     |
|    iterations      | 118      |
|    time_elapsed    | 2115     |
|    total_timesteps | 4591616  |
---------------------------------
-----------------------------------------
| rollout/                |             |
|    ep_len_mean          | 2e+03       |
|    ep_rew_mean          | 3.7e+03     |
| time/                   |             |
|    fps                  | 2182        |
|    iterations           | 119         |
|    time_elapsed         | 2121        |
|    total_timesteps      | 4630528     |
| train/                  |             |
|    approx_kl            | 0.014052345 |
|    clip_fraction        | 0.124       |
|    clip_range           | 0.2         |
|    entropy_loss         | 5.57        |
|    explained_variance   | 0.988       |
|    learning_rate        | 0.000254    |
|    loss                 | 0.0814      |
|    n_updates            | 1180        |
|    policy_gradient_loss | 0.00404     |
|    std                  | 0.015       |
|    value_loss           | 0.0591      |
-----------------------------------------
-----------------------------------------
| rollout/                |             |
|    ep_len_mean          | 2e+03       |
|    ep_rew_mean          | 3.7e+03     |
| time/                   |             |
|    fps                  | 2193        |
|    iterations           | 120         |
|    time_elapsed         | 2128        |
|    total_timesteps      | 4669440     |
| train/                  |             |
|    approx_kl            | 0.011457763 |
|    clip_fraction        | 0.131       |
|    clip_range           | 0.2         |
|    entropy_loss         | 5.58        |
|    explained_variance   | 0.99        |
|    learning_rate        | 0.000254    |
|    loss                 | 0.0718      |
|    n_updates            | 1190        |
|    policy_gradient_loss | 0.00327     |
|    std                  | 0.0149      |
|    value_loss           | 0.0445      |
-----------------------------------------
-----------------------------------------
| rollout/                |             |
|    ep_len_mean          | 2e+03       |
|    ep_rew_mean          | 3.69e+03    |
| time/                   |             |
|    fps                  | 2206        |
|    iterations           | 121         |
|    time_elapsed         | 2133        |
|    total_timesteps      | 4708352     |
| train/                  |             |
|    approx_kl            | 0.013072946 |
|    clip_fraction        | 0.142       |
|    clip_range           | 0.2         |
|    entropy_loss         | 5.58        |
|    explained_variance   | 0.988       |
|    learning_rate        | 0.000253    |
|    loss                 | 0.0761      |
|    n_updates            | 1200        |
|    policy_gradient_loss | 0.00472     |
|    std                  | 0.0149      |
|    value_loss           | 0.076       |
-----------------------------------------
-----------------------------------------
| rollout/                |             |
|    ep_len_mean          | 2e+03       |
|    ep_rew_mean          | 3.69e+03    |
| time/                   |             |
|    fps                  | 2219        |
|    iterations           | 122         |
|    time_elapsed         | 2139        |
|    total_timesteps      | 4747264     |
| train/                  |             |
|    approx_kl            | 0.011076437 |
|    clip_fraction        | 0.124       |
|    clip_range           | 0.2         |
|    entropy_loss         | 5.59        |
|    explained_variance   | 0.986       |
|    learning_rate        | 0.000253    |
|    loss                 | 0.0845      |
|    n_updates            | 1210        |
|    policy_gradient_loss | 0.00311     |
|    std                  | 0.0148      |
|    value_loss           | 0.0883      |
-----------------------------------------
Eval num_timesteps=4750000, episode_reward=601.23 +/- 1540.59
Episode length: 1490.45 +/- 355.24
-----------------------------------------
| eval/                   |             |
|    mean_ep_length       | 1.49e+03    |
|    mean_reward          | 601         |
| time/                   |             |
|    total_timesteps      | 4750000     |
| train/                  |             |
|    approx_kl            | 0.010440521 |
|    clip_fraction        | 0.139       |
|    clip_range           | 0.2         |
|    entropy_loss         | 5.61        |
|    explained_variance   | 0.983       |
|    learning_rate        | 0.000253    |
|    loss                 | 0.0949      |
|    n_updates            | 1220        |
|    policy_gradient_loss | 0.00347     |
|    std                  | 0.0146      |
|    value_loss           | 0.0934      |
-----------------------------------------
---------------------------------
| rollout/           |          |
|    ep_len_mean     | 2e+03    |
|    ep_rew_mean     | 3.68e+03 |
| time/              |          |
|    fps             | 2214     |
|    iterations      | 123      |
|    time_elapsed    | 2161     |
|    total_timesteps | 4786176  |
---------------------------------
-----------------------------------------
| rollout/                |             |
|    ep_len_mean          | 2e+03       |
|    ep_rew_mean          | 3.68e+03    |
| time/                   |             |
|    fps                  | 2225        |
|    iterations           | 124         |
|    time_elapsed         | 2168        |
|    total_timesteps      | 4825088     |
| train/                  |             |
|    approx_kl            | 0.008827895 |
|    clip_fraction        | 0.126       |
|    clip_range           | 0.2         |
|    entropy_loss         | 5.62        |
|    explained_variance   | 0.983       |
|    learning_rate        | 0.000252    |
|    loss                 | 0.116       |
|    n_updates            | 1230        |
|    policy_gradient_loss | 0.0032      |
|    std                  | 0.0146      |
|    value_loss           | 0.104       |
-----------------------------------------
-----------------------------------------
| rollout/                |             |
|    ep_len_mean          | 2e+03       |
|    ep_rew_mean          | 3.67e+03    |
| time/                   |             |
|    fps                  | 2232        |
|    iterations           | 125         |
|    time_elapsed         | 2178        |
|    total_timesteps      | 4864000     |
| train/                  |             |
|    approx_kl            | 0.011944492 |
|    clip_fraction        | 0.14        |
|    clip_range           | 0.2         |
|    entropy_loss         | 5.63        |
|    explained_variance   | 0.98        |
|    learning_rate        | 0.000252    |
|    loss                 | 0.0927      |
|    n_updates            | 1240        |
|    policy_gradient_loss | 0.00404     |
|    std                  | 0.0145      |
|    value_loss           | 0.109       |
-----------------------------------------
-----------------------------------------
| rollout/                |             |
|    ep_len_mean          | 2e+03       |
|    ep_rew_mean          | 3.66e+03    |
| time/                   |             |
|    fps                  | 2244        |
|    iterations           | 126         |
|    time_elapsed         | 2184        |
|    total_timesteps      | 4902912     |
| train/                  |             |
|    approx_kl            | 0.009799552 |
|    clip_fraction        | 0.133       |
|    clip_range           | 0.2         |
|    entropy_loss         | 5.62        |
|    explained_variance   | 0.979       |
|    learning_rate        | 0.000251    |
|    loss                 | 0.103       |
|    n_updates            | 1250        |
|    policy_gradient_loss | 0.00458     |
|    std                  | 0.0146      |
|    value_loss           | 0.136       |
-----------------------------------------
Eval num_timesteps=4940000, episode_reward=617.06 +/- 1524.19
Episode length: 1478.65 +/- 356.47
-----------------------------------------
| eval/                   |             |
|    mean_ep_length       | 1.48e+03    |
|    mean_reward          | 617         |
| time/                   |             |
|    total_timesteps      | 4940000     |
| train/                  |             |
|    approx_kl            | 0.010847762 |
|    clip_fraction        | 0.129       |
|    clip_range           | 0.2         |
|    entropy_loss         | 5.62        |
|    explained_variance   | 0.98        |
|    learning_rate        | 0.000251    |
|    loss                 | 0.184       |
|    n_updates            | 1260        |
|    policy_gradient_loss | 0.00496     |
|    std                  | 0.0146      |
|    value_loss           | 0.179       |
-----------------------------------------
---------------------------------
| rollout/           |          |
|    ep_len_mean     | 2e+03    |
|    ep_rew_mean     | 3.65e+03 |
| time/              |          |
|    fps             | 2240     |
|    iterations      | 127      |
|    time_elapsed    | 2205     |
|    total_timesteps | 4941824  |
---------------------------------
-----------------------------------------
| rollout/                |             |
|    ep_len_mean          | 2e+03       |
|    ep_rew_mean          | 3.64e+03    |
| time/                   |             |
|    fps                  | 2251        |
|    iterations           | 128         |
|    time_elapsed         | 2212        |
|    total_timesteps      | 4980736     |
| train/                  |             |
|    approx_kl            | 0.011833367 |
|    clip_fraction        | 0.129       |
|    clip_range           | 0.2         |
|    entropy_loss         | 5.61        |
|    explained_variance   | 0.983       |
|    learning_rate        | 0.000251    |
|    loss                 | 0.142       |
|    n_updates            | 1270        |
|    policy_gradient_loss | 0.00384     |
|    std                  | 0.0147      |
|    value_loss           | 0.169       |
-----------------------------------------
-----------------------------------------
| rollout/                |             |
|    ep_len_mean          | 2e+03       |
|    ep_rew_mean          | 3.63e+03    |
| time/                   |             |
|    fps                  | 2261        |
|    iterations           | 129         |
|    time_elapsed         | 2219        |
|    total_timesteps      | 5019648     |
| train/                  |             |
|    approx_kl            | 0.011878115 |
|    clip_fraction        | 0.128       |
|    clip_range           | 0.2         |
|    entropy_loss         | 5.6         |
|    explained_variance   | 0.983       |
|    learning_rate        | 0.00025     |
|    loss                 | 0.151       |
|    n_updates            | 1280        |
|    policy_gradient_loss | 0.00378     |
|    std                  | 0.0147      |
|    value_loss           | 0.172       |
-----------------------------------------
-----------------------------------------
| rollout/                |             |
|    ep_len_mean          | 2e+03       |
|    ep_rew_mean          | 3.62e+03    |
| time/                   |             |
|    fps                  | 2272        |
|    iterations           | 130         |
|    time_elapsed         | 2225        |
|    total_timesteps      | 5058560     |
| train/                  |             |
|    approx_kl            | 0.009815663 |
|    clip_fraction        | 0.129       |
|    clip_range           | 0.2         |
|    entropy_loss         | 5.6         |
|    explained_variance   | 0.984       |
|    learning_rate        | 0.00025     |
|    loss                 | 0.142       |
|    n_updates            | 1290        |
|    policy_gradient_loss | 0.00413     |
|    std                  | 0.0148      |
|    value_loss           | 0.174       |
-----------------------------------------
-----------------------------------------
| rollout/                |             |
|    ep_len_mean          | 2e+03       |
|    ep_rew_mean          | 3.61e+03    |
| time/                   |             |
|    fps                  | 2283        |
|    iterations           | 131         |
|    time_elapsed         | 2232        |
|    total_timesteps      | 5097472     |
| train/                  |             |
|    approx_kl            | 0.011325394 |
|    clip_fraction        | 0.145       |
|    clip_range           | 0.2         |
|    entropy_loss         | 5.59        |
|    explained_variance   | 0.988       |
|    learning_rate        | 0.000249    |
|    loss                 | 0.133       |
|    n_updates            | 1300        |
|    policy_gradient_loss | 0.00676     |
|    std                  | 0.0148      |
|    value_loss           | 0.185       |
-----------------------------------------
Eval num_timesteps=5130000, episode_reward=649.44 +/- 1505.68
Episode length: 1471.50 +/- 358.45
-----------------------------------------
| eval/                   |             |
|    mean_ep_length       | 1.47e+03    |
|    mean_reward          | 649         |
| time/                   |             |
|    total_timesteps      | 5130000     |
| train/                  |             |
|    approx_kl            | 0.010326239 |
|    clip_fraction        | 0.123       |
|    clip_range           | 0.2         |
|    entropy_loss         | 5.59        |
|    explained_variance   | 0.989       |
|    learning_rate        | 0.000249    |
|    loss                 | 0.142       |
|    n_updates            | 1310        |
|    policy_gradient_loss | 0.0036      |
|    std                  | 0.0148      |
|    value_loss           | 0.161       |
-----------------------------------------
---------------------------------
| rollout/           |          |
|    ep_len_mean     | 2e+03    |
|    ep_rew_mean     | 3.61e+03 |
| time/              |          |
|    fps             | 2259     |
|    iterations      | 132      |
|    time_elapsed    | 2273     |
|    total_timesteps | 5136384  |
---------------------------------
-----------------------------------------
| rollout/                |             |
|    ep_len_mean          | 2e+03       |
|    ep_rew_mean          | 3.6e+03     |
| time/                   |             |
|    fps                  | 2271        |
|    iterations           | 133         |
|    time_elapsed         | 2278        |
|    total_timesteps      | 5175296     |
| train/                  |             |
|    approx_kl            | 0.010543153 |
|    clip_fraction        | 0.124       |
|    clip_range           | 0.2         |
|    entropy_loss         | 5.59        |
|    explained_variance   | 0.982       |
|    learning_rate        | 0.000249    |
|    loss                 | 0.17        |
|    n_updates            | 1320        |
|    policy_gradient_loss | 0.0035      |
|    std                  | 0.0148      |
|    value_loss           | 0.208       |
-----------------------------------------
-----------------------------------------
| rollout/                |             |
|    ep_len_mean          | 2e+03       |
|    ep_rew_mean          | 3.59e+03    |
| time/                   |             |
|    fps                  | 2282        |
|    iterations           | 134         |
|    time_elapsed         | 2284        |
|    total_timesteps      | 5214208     |
| train/                  |             |
|    approx_kl            | 0.010742656 |
|    clip_fraction        | 0.126       |
|    clip_range           | 0.2         |
|    entropy_loss         | 5.58        |
|    explained_variance   | 0.986       |
|    learning_rate        | 0.000248    |
|    loss                 | 0.158       |
|    n_updates            | 1330        |
|    policy_gradient_loss | 0.00444     |
|    std                  | 0.0149      |
|    value_loss           | 0.194       |
-----------------------------------------
-----------------------------------------
| rollout/                |             |
|    ep_len_mean          | 2e+03       |
|    ep_rew_mean          | 3.57e+03    |
| time/                   |             |
|    fps                  | 2293        |
|    iterations           | 135         |
|    time_elapsed         | 2290        |
|    total_timesteps      | 5253120     |
| train/                  |             |
|    approx_kl            | 0.010264941 |
|    clip_fraction        | 0.12        |
|    clip_range           | 0.2         |
|    entropy_loss         | 5.57        |
|    explained_variance   | 0.988       |
|    learning_rate        | 0.000248    |
|    loss                 | 0.146       |
|    n_updates            | 1340        |
|    policy_gradient_loss | 0.00421     |
|    std                  | 0.015       |
|    value_loss           | 0.215       |
-----------------------------------------
----------------------------------------
| rollout/                |            |
|    ep_len_mean          | 2e+03      |
|    ep_rew_mean          | 3.57e+03   |
| time/                   |            |
|    fps                  | 2296       |
|    iterations           | 136        |
|    time_elapsed         | 2304       |
|    total_timesteps      | 5292032    |
| train/                  |            |
|    approx_kl            | 0.39339852 |
|    clip_fraction        | 0.206      |
|    clip_range           | 0.2        |
|    entropy_loss         | 5.55       |
|    explained_variance   | 0.986      |
|    learning_rate        | 0.000247   |
|    loss                 | 0.164      |
|    n_updates            | 1350       |
|    policy_gradient_loss | 0.00729    |
|    std                  | 0.0152     |
|    value_loss           | 0.269      |
----------------------------------------
Eval num_timesteps=5320000, episode_reward=381.47 +/- 1812.28
Episode length: 1779.05 +/- 335.44
-----------------------------------------
| eval/                   |             |
|    mean_ep_length       | 1.78e+03    |
|    mean_reward          | 381         |
| time/                   |             |
|    total_timesteps      | 5320000     |
| train/                  |             |
|    approx_kl            | 0.012775969 |
|    clip_fraction        | 0.136       |
|    clip_range           | 0.2         |
|    entropy_loss         | 5.53        |
|    explained_variance   | 0.99        |
|    learning_rate        | 0.000247    |
|    loss                 | 0.135       |
|    n_updates            | 1360        |
|    policy_gradient_loss | 0.00619     |
|    std                  | 0.0153      |
|    value_loss           | 0.193       |
-----------------------------------------
---------------------------------
| rollout/           |          |
|    ep_len_mean     | 2e+03    |
|    ep_rew_mean     | 3.56e+03 |
| time/              |          |
|    fps             | 2273     |
|    iterations      | 137      |
|    time_elapsed    | 2344     |
|    total_timesteps | 5330944  |
---------------------------------
-----------------------------------------
| rollout/                |             |
|    ep_len_mean          | 2e+03       |
|    ep_rew_mean          | 3.54e+03    |
| time/                   |             |
|    fps                  | 2265        |
|    iterations           | 138         |
|    time_elapsed         | 2369        |
|    total_timesteps      | 5369856     |
| train/                  |             |
|    approx_kl            | 0.011460556 |
|    clip_fraction        | 0.138       |
|    clip_range           | 0.2         |
|    entropy_loss         | 5.53        |
|    explained_variance   | 0.991       |
|    learning_rate        | 0.000247    |
|    loss                 | 0.195       |
|    n_updates            | 1370        |
|    policy_gradient_loss | 0.00736     |
|    std                  | 0.0153      |
|    value_loss           | 0.244       |
-----------------------------------------
-----------------------------------------
| rollout/                |             |
|    ep_len_mean          | 2e+03       |
|    ep_rew_mean          | 3.53e+03    |
| time/                   |             |
|    fps                  | 2259        |
|    iterations           | 139         |
|    time_elapsed         | 2394        |
|    total_timesteps      | 5408768     |
| train/                  |             |
|    approx_kl            | 0.010820913 |
|    clip_fraction        | 0.134       |
|    clip_range           | 0.2         |
|    entropy_loss         | 5.51        |
|    explained_variance   | 0.993       |
|    learning_rate        | 0.000246    |
|    loss                 | 0.149       |
|    n_updates            | 1380        |
|    policy_gradient_loss | 0.0049      |
|    std                  | 0.0155      |
|    value_loss           | 0.248       |
-----------------------------------------
-----------------------------------------
| rollout/                |             |
|    ep_len_mean          | 2e+03       |
|    ep_rew_mean          | 3.53e+03    |
| time/                   |             |
|    fps                  | 2251        |
|    iterations           | 140         |
|    time_elapsed         | 2419        |
|    total_timesteps      | 5447680     |
| train/                  |             |
|    approx_kl            | 0.010931498 |
|    clip_fraction        | 0.136       |
|    clip_range           | 0.2         |
|    entropy_loss         | 5.5         |
|    explained_variance   | 0.991       |
|    learning_rate        | 0.000246    |
|    loss                 | 0.173       |
|    n_updates            | 1390        |
|    policy_gradient_loss | 0.00569     |
|    std                  | 0.0156      |
|    value_loss           | 0.286       |
-----------------------------------------
-----------------------------------------
| rollout/                |             |
|    ep_len_mean          | 2e+03       |
|    ep_rew_mean          | 3.52e+03    |
| time/                   |             |
|    fps                  | 2258        |
|    iterations           | 141         |
|    time_elapsed         | 2429        |
|    total_timesteps      | 5486592     |
| train/                  |             |
|    approx_kl            | 0.053018715 |
|    clip_fraction        | 0.15        |
|    clip_range           | 0.2         |
|    entropy_loss         | 5.49        |
|    explained_variance   | 0.989       |
|    learning_rate        | 0.000246    |
|    loss                 | 0.219       |
|    n_updates            | 1400        |
|    policy_gradient_loss | 0.00648     |
|    std                  | 0.0155      |
|    value_loss           | 0.326       |
-----------------------------------------
Eval num_timesteps=5510000, episode_reward=579.94 +/- 1628.56
Episode length: 1565.40 +/- 357.38
-----------------------------------------
| eval/                   |             |
|    mean_ep_length       | 1.57e+03    |
|    mean_reward          | 580         |
| time/                   |             |
|    total_timesteps      | 5510000     |
| train/                  |             |
|    approx_kl            | 0.011064747 |
|    clip_fraction        | 0.125       |
|    clip_range           | 0.2         |
|    entropy_loss         | 5.48        |
|    explained_variance   | 0.993       |
|    learning_rate        | 0.000245    |
|    loss                 | 0.183       |
|    n_updates            | 1410        |
|    policy_gradient_loss | 0.00365     |
|    std                  | 0.0157      |
|    value_loss           | 0.251       |
-----------------------------------------
---------------------------------
| rollout/           |          |
|    ep_len_mean     | 2e+03    |
|    ep_rew_mean     | 3.52e+03 |
| time/              |          |
|    fps             | 2230     |
|    iterations      | 142      |
|    time_elapsed    | 2477     |
|    total_timesteps | 5525504  |
---------------------------------
----------------------------------------
| rollout/                |            |
|    ep_len_mean          | 2e+03      |
|    ep_rew_mean          | 3.51e+03   |
| time/                   |            |
|    fps                  | 2223       |
|    iterations           | 143        |
|    time_elapsed         | 2502       |
|    total_timesteps      | 5564416    |
| train/                  |            |
|    approx_kl            | 0.01292291 |
|    clip_fraction        | 0.139      |
|    clip_range           | 0.2        |
|    entropy_loss         | 5.47       |
|    explained_variance   | 0.994      |
|    learning_rate        | 0.000245   |
|    loss                 | 0.196      |
|    n_updates            | 1420       |
|    policy_gradient_loss | 0.00513    |
|    std                  | 0.0158     |
|    value_loss           | 0.245      |
----------------------------------------
---------------------------------------
| rollout/                |           |
|    ep_len_mean          | 2e+03     |
|    ep_rew_mean          | 3.49e+03  |
| time/                   |           |
|    fps                  | 2217      |
|    iterations           | 144       |
|    time_elapsed         | 2526      |
|    total_timesteps      | 5603328   |
| train/                  |           |
|    approx_kl            | 0.0145851 |
|    clip_fraction        | 0.142     |
|    clip_range           | 0.2       |
|    entropy_loss         | 5.46      |
|    explained_variance   | 0.995     |
|    learning_rate        | 0.000244  |
|    loss                 | 0.246     |
|    n_updates            | 1430      |
|    policy_gradient_loss | 0.00544   |
|    std                  | 0.0158    |
|    value_loss           | 0.364     |
---------------------------------------
------------------------------------------
| rollout/                |              |
|    ep_len_mean          | 2e+03        |
|    ep_rew_mean          | 3.47e+03     |
| time/                   |              |
|    fps                  | 2211         |
|    iterations           | 145          |
|    time_elapsed         | 2550         |
|    total_timesteps      | 5642240      |
| train/                  |              |
|    approx_kl            | 0.0095771635 |
|    clip_fraction        | 0.141        |
|    clip_range           | 0.2          |
|    entropy_loss         | 5.45         |
|    explained_variance   | 0.995        |
|    learning_rate        | 0.000244     |
|    loss                 | 0.202        |
|    n_updates            | 1440         |
|    policy_gradient_loss | 0.00651      |
|    std                  | 0.0159       |
|    value_loss           | 0.335        |
------------------------------------------
----------------------------------------
| rollout/                |            |
|    ep_len_mean          | 2e+03      |
|    ep_rew_mean          | 3.46e+03   |
| time/                   |            |
|    fps                  | 2206       |
|    iterations           | 146        |
|    time_elapsed         | 2575       |
|    total_timesteps      | 5681152    |
| train/                  |            |
|    approx_kl            | 0.01262206 |
|    clip_fraction        | 0.155      |
|    clip_range           | 0.2        |
|    entropy_loss         | 5.43       |
|    explained_variance   | 0.995      |
|    learning_rate        | 0.000244   |
|    loss                 | 0.192      |
|    n_updates            | 1450       |
|    policy_gradient_loss | 0.00755    |
|    std                  | 0.0161     |
|    value_loss           | 0.427      |
----------------------------------------
Eval num_timesteps=5700000, episode_reward=520.60 +/- 1729.28
Episode length: 1616.30 +/- 361.35
-----------------------------------------
| eval/                   |             |
|    mean_ep_length       | 1.62e+03    |
|    mean_reward          | 521         |
| time/                   |             |
|    total_timesteps      | 5700000     |
| train/                  |             |
|    approx_kl            | 0.012889394 |
|    clip_fraction        | 0.151       |
|    clip_range           | 0.2         |
|    entropy_loss         | 5.41        |
|    explained_variance   | 0.995       |
|    learning_rate        | 0.000243    |
|    loss                 | 0.268       |
|    n_updates            | 1460        |
|    policy_gradient_loss | 0.00717     |
|    std                  | 0.0163      |
|    value_loss           | 0.395       |
-----------------------------------------
---------------------------------
| rollout/           |          |
|    ep_len_mean     | 2e+03    |
|    ep_rew_mean     | 3.44e+03 |
| time/              |          |
|    fps             | 2162     |
|    iterations      | 147      |
|    time_elapsed    | 2645     |
|    total_timesteps | 5720064  |
---------------------------------
-----------------------------------------
| rollout/                |             |
|    ep_len_mean          | 2e+03       |
|    ep_rew_mean          | 3.43e+03    |
| time/                   |             |
|    fps                  | 2157        |
|    iterations           | 148         |
|    time_elapsed         | 2669        |
|    total_timesteps      | 5758976     |
| train/                  |             |
|    approx_kl            | 0.012354718 |
|    clip_fraction        | 0.145       |
|    clip_range           | 0.2         |
|    entropy_loss         | 5.41        |
|    explained_variance   | 0.992       |
|    learning_rate        | 0.000243    |
|    loss                 | 0.227       |
|    n_updates            | 1470        |
|    policy_gradient_loss | 0.00242     |
|    std                  | 0.0162      |
|    value_loss           | 0.516       |
-----------------------------------------
-----------------------------------------
| rollout/                |             |
|    ep_len_mean          | 2e+03       |
|    ep_rew_mean          | 3.43e+03    |
| time/                   |             |
|    fps                  | 2149        |
|    iterations           | 149         |
|    time_elapsed         | 2696        |
|    total_timesteps      | 5797888     |
| train/                  |             |
|    approx_kl            | 0.013769088 |
|    clip_fraction        | 0.145       |
|    clip_range           | 0.2         |
|    entropy_loss         | 5.4         |
|    explained_variance   | 0.993       |
|    learning_rate        | 0.000242    |
|    loss                 | 0.259       |
|    n_updates            | 1480        |
|    policy_gradient_loss | 0.00474     |
|    std                  | 0.0164      |
|    value_loss           | 0.457       |
-----------------------------------------
------------------------------------------
| rollout/                |              |
|    ep_len_mean          | 2e+03        |
|    ep_rew_mean          | 3.42e+03     |
| time/                   |              |
|    fps                  | 2145         |
|    iterations           | 150          |
|    time_elapsed         | 2721         |
|    total_timesteps      | 5836800      |
| train/                  |              |
|    approx_kl            | 0.0099196285 |
|    clip_fraction        | 0.151        |
|    clip_range           | 0.2          |
|    entropy_loss         | 5.37         |
|    explained_variance   | 0.994        |
|    learning_rate        | 0.000242     |
|    loss                 | 0.32         |
|    n_updates            | 1490         |
|    policy_gradient_loss | 0.00451      |
|    std                  | 0.0166       |
|    value_loss           | 0.526        |
------------------------------------------
----------------------------------------
| rollout/                |            |
|    ep_len_mean          | 2e+03      |
|    ep_rew_mean          | 3.42e+03   |
| time/                   |            |
|    fps                  | 2140       |
|    iterations           | 151        |
|    time_elapsed         | 2745       |
|    total_timesteps      | 5875712    |
| train/                  |            |
|    approx_kl            | 0.01186579 |
|    clip_fraction        | 0.146      |
|    clip_range           | 0.2        |
|    entropy_loss         | 5.36       |
|    explained_variance   | 0.996      |
|    learning_rate        | 0.000242   |
|    loss                 | 0.262      |
|    n_updates            | 1500       |
|    policy_gradient_loss | 0.00585    |
|    std                  | 0.0167     |
|    value_loss           | 0.453      |
----------------------------------------
Eval num_timesteps=5890000, episode_reward=565.63 +/- 1709.49
Episode length: 1636.10 +/- 353.67
-----------------------------------------
| eval/                   |             |
|    mean_ep_length       | 1.64e+03    |
|    mean_reward          | 566         |
| time/                   |             |
|    total_timesteps      | 5890000     |
| train/                  |             |
|    approx_kl            | 0.010604444 |
|    clip_fraction        | 0.135       |
|    clip_range           | 0.2         |
|    entropy_loss         | 5.36        |
|    explained_variance   | 0.996       |
|    learning_rate        | 0.000241    |
|    loss                 | 0.214       |
|    n_updates            | 1510        |
|    policy_gradient_loss | 0.00375     |
|    std                  | 0.0166      |
|    value_loss           | 0.416       |
-----------------------------------------
---------------------------------
| rollout/           |          |
|    ep_len_mean     | 2e+03    |
|    ep_rew_mean     | 3.41e+03 |
| time/              |          |
|    fps             | 2114     |
|    iterations      | 152      |
|    time_elapsed    | 2797     |
|    total_timesteps | 5914624  |
---------------------------------
-----------------------------------------
| rollout/                |             |
|    ep_len_mean          | 2e+03       |
|    ep_rew_mean          | 3.41e+03    |
| time/                   |             |
|    fps                  | 2123        |
|    iterations           | 153         |
|    time_elapsed         | 2803        |
|    total_timesteps      | 5953536     |
| train/                  |             |
|    approx_kl            | 0.010482329 |
|    clip_fraction        | 0.132       |
|    clip_range           | 0.2         |
|    entropy_loss         | 5.34        |
|    explained_variance   | 0.995       |
|    learning_rate        | 0.000241    |
|    loss                 | 0.29        |
|    n_updates            | 1520        |
|    policy_gradient_loss | 0.00626     |
|    std                  | 0.0168      |
|    value_loss           | 0.411       |
-----------------------------------------
----------------------------------------
| rollout/                |            |
|    ep_len_mean          | 2e+03      |
|    ep_rew_mean          | 3.4e+03    |
| time/                   |            |
|    fps                  | 2133       |
|    iterations           | 154        |
|    time_elapsed         | 2809       |
|    total_timesteps      | 5992448    |
| train/                  |            |
|    approx_kl            | 0.04408569 |
|    clip_fraction        | 0.167      |
|    clip_range           | 0.2        |
|    entropy_loss         | 5.33       |
|    explained_variance   | 0.994      |
|    learning_rate        | 0.00024    |
|    loss                 | 0.298      |
|    n_updates            | 1530       |
|    policy_gradient_loss | 0.00331    |
|    std                  | 0.0169     |
|    value_loss           | 0.593      |
----------------------------------------
-----------------------------------------
| rollout/                |             |
|    ep_len_mean          | 2e+03       |
|    ep_rew_mean          | 3.38e+03    |
| time/                   |             |
|    fps                  | 2142        |
|    iterations           | 155         |
|    time_elapsed         | 2814        |
|    total_timesteps      | 6031360     |
| train/                  |             |
|    approx_kl            | 0.019565769 |
|    clip_fraction        | 0.158       |
|    clip_range           | 0.2         |
|    entropy_loss         | 5.31        |
|    explained_variance   | 0.994       |
|    learning_rate        | 0.00024     |
|    loss                 | 0.285       |
|    n_updates            | 1540        |
|    policy_gradient_loss | 0.0097      |
|    std                  | 0.0172      |
|    value_loss           | 0.609       |
-----------------------------------------
-----------------------------------------
| rollout/                |             |
|    ep_len_mean          | 2e+03       |
|    ep_rew_mean          | 3.35e+03    |
| time/                   |             |
|    fps                  | 2152        |
|    iterations           | 156         |
|    time_elapsed         | 2820        |
|    total_timesteps      | 6070272     |
| train/                  |             |
|    approx_kl            | 0.010086801 |
|    clip_fraction        | 0.155       |
|    clip_range           | 0.2         |
|    entropy_loss         | 5.29        |
|    explained_variance   | 0.996       |
|    learning_rate        | 0.00024     |
|    loss                 | 0.276       |
|    n_updates            | 1550        |
|    policy_gradient_loss | 0.00604     |
|    std                  | 0.0172      |
|    value_loss           | 0.568       |
-----------------------------------------
Eval num_timesteps=6080000, episode_reward=550.90 +/- 1671.40
Episode length: 1594.25 +/- 382.40
-----------------------------------------
| eval/                   |             |
|    mean_ep_length       | 1.59e+03    |
|    mean_reward          | 551         |
| time/                   |             |
|    total_timesteps      | 6080000     |
| train/                  |             |
|    approx_kl            | 0.010847957 |
|    clip_fraction        | 0.14        |
|    clip_range           | 0.2         |
|    entropy_loss         | 5.29        |
|    explained_variance   | 0.998       |
|    learning_rate        | 0.000239    |
|    loss                 | 0.351       |
|    n_updates            | 1560        |
|    policy_gradient_loss | 0.00425     |
|    std                  | 0.0172      |
|    value_loss           | 0.509       |
-----------------------------------------
---------------------------------
| rollout/           |          |
|    ep_len_mean     | 2e+03    |
|    ep_rew_mean     | 3.33e+03 |
| time/              |          |
|    fps             | 2150     |
|    iterations      | 157      |
|    time_elapsed    | 2841     |
|    total_timesteps | 6109184  |
---------------------------------
---------------------------------------
| rollout/                |           |
|    ep_len_mean          | 2e+03     |
|    ep_rew_mean          | 3.31e+03  |
| time/                   |           |
|    fps                  | 2159      |
|    iterations           | 158       |
|    time_elapsed         | 2846      |
|    total_timesteps      | 6148096   |
| train/                  |           |
|    approx_kl            | 0.3419468 |
|    clip_fraction        | 0.201     |
|    clip_range           | 0.2       |
|    entropy_loss         | 5.27      |
|    explained_variance   | 0.993     |
|    learning_rate        | 0.000239  |
|    loss                 | 0.241     |
|    n_updates            | 1570      |
|    policy_gradient_loss | 0.0039    |
|    std                  | 0.0174    |
|    value_loss           | 0.738     |
---------------------------------------
----------------------------------------
| rollout/                |            |
|    ep_len_mean          | 2e+03      |
|    ep_rew_mean          | 3.31e+03   |
| time/                   |            |
|    fps                  | 2169       |
|    iterations           | 159        |
|    time_elapsed         | 2851       |
|    total_timesteps      | 6187008    |
| train/                  |            |
|    approx_kl            | 0.01296268 |
|    clip_fraction        | 0.162      |
|    clip_range           | 0.2        |
|    entropy_loss         | 5.25       |
|    explained_variance   | 0.996      |
|    learning_rate        | 0.000239   |
|    loss                 | 0.314      |
|    n_updates            | 1580       |
|    policy_gradient_loss | 0.00511    |
|    std                  | 0.0175     |
|    value_loss           | 0.609      |
----------------------------------------
-----------------------------------------
| rollout/                |             |
|    ep_len_mean          | 2e+03       |
|    ep_rew_mean          | 3.31e+03    |
| time/                   |             |
|    fps                  | 2178        |
|    iterations           | 160         |
|    time_elapsed         | 2857        |
|    total_timesteps      | 6225920     |
| train/                  |             |
|    approx_kl            | 0.011798909 |
|    clip_fraction        | 0.139       |
|    clip_range           | 0.2         |
|    entropy_loss         | 5.25        |
|    explained_variance   | 0.995       |
|    learning_rate        | 0.000238    |
|    loss                 | 0.42        |
|    n_updates            | 1590        |
|    policy_gradient_loss | 0.00499     |
|    std                  | 0.0175      |
|    value_loss           | 0.791       |
-----------------------------------------
-----------------------------------------
| rollout/                |             |
|    ep_len_mean          | 2e+03       |
|    ep_rew_mean          | 3.29e+03    |
| time/                   |             |
|    fps                  | 2188        |
|    iterations           | 161         |
|    time_elapsed         | 2862        |
|    total_timesteps      | 6264832     |
| train/                  |             |
|    approx_kl            | 0.012460573 |
|    clip_fraction        | 0.157       |
|    clip_range           | 0.2         |
|    entropy_loss         | 5.26        |
|    explained_variance   | 0.995       |
|    learning_rate        | 0.000238    |
|    loss                 | 0.697       |
|    n_updates            | 1600        |
|    policy_gradient_loss | 0.0042      |
|    std                  | 0.0175      |
|    value_loss           | 0.906       |
-----------------------------------------
Eval num_timesteps=6270000, episode_reward=457.58 +/- 1688.39
Episode length: 1833.70 +/- 287.48
-----------------------------------------
| eval/                   |             |
|    mean_ep_length       | 1.83e+03    |
|    mean_reward          | 458         |
| time/                   |             |
|    total_timesteps      | 6270000     |
| train/                  |             |
|    approx_kl            | 0.015120641 |
|    clip_fraction        | 0.149       |
|    clip_range           | 0.2         |
|    entropy_loss         | 5.25        |
|    explained_variance   | 0.998       |
|    learning_rate        | 0.000237    |
|    loss                 | 0.261       |
|    n_updates            | 1610        |
|    policy_gradient_loss | 0.00551     |
|    std                  | 0.0176      |
|    value_loss           | 0.54        |
-----------------------------------------
---------------------------------
| rollout/           |          |
|    ep_len_mean     | 2e+03    |
|    ep_rew_mean     | 3.32e+03 |
| time/              |          |
|    fps             | 2182     |
|    iterations      | 162      |
|    time_elapsed    | 2888     |
|    total_timesteps | 6303744  |
---------------------------------
-----------------------------------------
| rollout/                |             |
|    ep_len_mean          | 2e+03       |
|    ep_rew_mean          | 3.32e+03    |
| time/                   |             |
|    fps                  | 2190        |
|    iterations           | 163         |
|    time_elapsed         | 2894        |
|    total_timesteps      | 6342656     |
| train/                  |             |
|    approx_kl            | 0.012590369 |
|    clip_fraction        | 0.15        |
|    clip_range           | 0.2         |
|    entropy_loss         | 5.24        |
|    explained_variance   | 0.994       |
|    learning_rate        | 0.000237    |
|    loss                 | 0.435       |
|    n_updates            | 1620        |
|    policy_gradient_loss | 0.00492     |
|    std                  | 0.0177      |
|    value_loss           | 0.745       |
-----------------------------------------
-----------------------------------------
| rollout/                |             |
|    ep_len_mean          | 2e+03       |
|    ep_rew_mean          | 3.31e+03    |
| time/                   |             |
|    fps                  | 2187        |
|    iterations           | 164         |
|    time_elapsed         | 2917        |
|    total_timesteps      | 6381568     |
| train/                  |             |
|    approx_kl            | 0.013014922 |
|    clip_fraction        | 0.147       |
|    clip_range           | 0.2         |
|    entropy_loss         | 5.23        |
|    explained_variance   | 0.996       |
|    learning_rate        | 0.000237    |
|    loss                 | 0.816       |
|    n_updates            | 1630        |
|    policy_gradient_loss | 0.00345     |
|    std                  | 0.0177      |
|    value_loss           | 0.894       |
-----------------------------------------
-----------------------------------------
| rollout/                |             |
|    ep_len_mean          | 2e+03       |
|    ep_rew_mean          | 3.3e+03     |
| time/                   |             |
|    fps                  | 2182        |
|    iterations           | 165         |
|    time_elapsed         | 2941        |
|    total_timesteps      | 6420480     |
| train/                  |             |
|    approx_kl            | 0.012066479 |
|    clip_fraction        | 0.146       |
|    clip_range           | 0.2         |
|    entropy_loss         | 5.22        |
|    explained_variance   | 0.996       |
|    learning_rate        | 0.000236    |
|    loss                 | 0.529       |
|    n_updates            | 1640        |
|    policy_gradient_loss | 0.00512     |
|    std                  | 0.0178      |
|    value_loss           | 0.907       |
-----------------------------------------
-----------------------------------------
| rollout/                |             |
|    ep_len_mean          | 2e+03       |
|    ep_rew_mean          | 3.31e+03    |
| time/                   |             |
|    fps                  | 2177        |
|    iterations           | 166         |
|    time_elapsed         | 2966        |
|    total_timesteps      | 6459392     |
| train/                  |             |
|    approx_kl            | 0.018019602 |
|    clip_fraction        | 0.157       |
|    clip_range           | 0.2         |
|    entropy_loss         | 5.21        |
|    explained_variance   | 0.996       |
|    learning_rate        | 0.000236    |
|    loss                 | 0.343       |
|    n_updates            | 1650        |
|    policy_gradient_loss | 0.00595     |
|    std                  | 0.018       |
|    value_loss           | 0.873       |
-----------------------------------------
Eval num_timesteps=6460000, episode_reward=478.50 +/- 1707.15
Episode length: 1851.00 +/- 284.44
---------------------------------------
| eval/                   |           |
|    mean_ep_length       | 1.85e+03  |
|    mean_reward          | 478       |
| time/                   |           |
|    total_timesteps      | 6460000   |
| train/                  |           |
|    approx_kl            | 0.0118847 |
|    clip_fraction        | 0.145     |
|    clip_range           | 0.2       |
|    entropy_loss         | 5.19      |
|    explained_variance   | 0.997     |
|    learning_rate        | 0.000235  |
|    loss                 | 0.658     |
|    n_updates            | 1660      |
|    policy_gradient_loss | 0.00318   |
|    std                  | 0.0181    |
|    value_loss           | 1.01      |
---------------------------------------
---------------------------------
| rollout/           |          |
|    ep_len_mean     | 2e+03    |
|    ep_rew_mean     | 3.29e+03 |
| time/              |          |
|    fps             | 2135     |
|    iterations      | 167      |
|    time_elapsed    | 3042     |
|    total_timesteps | 6498304  |
---------------------------------
------------------------------------------
| rollout/                |              |
|    ep_len_mean          | 2e+03        |
|    ep_rew_mean          | 3.29e+03     |
| time/                   |              |
|    fps                  | 2131         |
|    iterations           | 168          |
|    time_elapsed         | 3067         |
|    total_timesteps      | 6537216      |
| train/                  |              |
|    approx_kl            | 0.0117017925 |
|    clip_fraction        | 0.14         |
|    clip_range           | 0.2          |
|    entropy_loss         | 5.19         |
|    explained_variance   | 0.997        |
|    learning_rate        | 0.000235     |
|    loss                 | 0.33         |
|    n_updates            | 1670         |
|    policy_gradient_loss | 0.00325      |
|    std                  | 0.0181       |
|    value_loss           | 0.951        |
------------------------------------------
-----------------------------------------
| rollout/                |             |
|    ep_len_mean          | 2e+03       |
|    ep_rew_mean          | 3.27e+03    |
| time/                   |             |
|    fps                  | 2127        |
|    iterations           | 169         |
|    time_elapsed         | 3091        |
|    total_timesteps      | 6576128     |
| train/                  |             |
|    approx_kl            | 0.012562073 |
|    clip_fraction        | 0.149       |
|    clip_range           | 0.2         |
|    entropy_loss         | 5.18        |
|    explained_variance   | 0.998       |
|    learning_rate        | 0.000235    |
|    loss                 | 0.288       |
|    n_updates            | 1680        |
|    policy_gradient_loss | 0.00585     |
|    std                  | 0.0183      |
|    value_loss           | 0.546       |
-----------------------------------------
-----------------------------------------
| rollout/                |             |
|    ep_len_mean          | 2e+03       |
|    ep_rew_mean          | 3.25e+03    |
| time/                   |             |
|    fps                  | 2123        |
|    iterations           | 170         |
|    time_elapsed         | 3115        |
|    total_timesteps      | 6615040     |
| train/                  |             |
|    approx_kl            | 0.018507095 |
|    clip_fraction        | 0.127       |
|    clip_range           | 0.2         |
|    entropy_loss         | 5.16        |
|    explained_variance   | 0.997       |
|    learning_rate        | 0.000234    |
|    loss                 | 0.522       |
|    n_updates            | 1690        |
|    policy_gradient_loss | 0.00469     |
|    std                  | 0.0184      |
|    value_loss           | 1.08        |
-----------------------------------------
Eval num_timesteps=6650000, episode_reward=460.50 +/- 1743.35
Episode length: 1848.55 +/- 276.34
-----------------------------------------
| eval/                   |             |
|    mean_ep_length       | 1.85e+03    |
|    mean_reward          | 461         |
| time/                   |             |
|    total_timesteps      | 6650000     |
| train/                  |             |
|    approx_kl            | 0.013846645 |
|    clip_fraction        | 0.165       |
|    clip_range           | 0.2         |
|    entropy_loss         | 5.15        |
|    explained_variance   | 0.997       |
|    learning_rate        | 0.000234    |
|    loss                 | 0.428       |
|    n_updates            | 1700        |
|    policy_gradient_loss | 0.0049      |
|    std                  | 0.0185      |
|    value_loss           | 0.765       |
-----------------------------------------
---------------------------------
| rollout/           |          |
|    ep_len_mean     | 2e+03    |
|    ep_rew_mean     | 3.27e+03 |
| time/              |          |
|    fps             | 2080     |
|    iterations      | 171      |
|    time_elapsed    | 3199     |
|    total_timesteps | 6653952  |
---------------------------------
-----------------------------------------
| rollout/                |             |
|    ep_len_mean          | 2e+03       |
|    ep_rew_mean          | 3.26e+03    |
| time/                   |             |
|    fps                  | 2076        |
|    iterations           | 172         |
|    time_elapsed         | 3223        |
|    total_timesteps      | 6692864     |
| train/                  |             |
|    approx_kl            | 0.012168002 |
|    clip_fraction        | 0.143       |
|    clip_range           | 0.2         |
|    entropy_loss         | 5.15        |
|    explained_variance   | 0.995       |
|    learning_rate        | 0.000233    |
|    loss                 | 0.419       |
|    n_updates            | 1710        |
|    policy_gradient_loss | 0.00353     |
|    std                  | 0.0185      |
|    value_loss           | 0.848       |
-----------------------------------------
-----------------------------------------
| rollout/                |             |
|    ep_len_mean          | 2e+03       |
|    ep_rew_mean          | 3.25e+03    |
| time/                   |             |
|    fps                  | 2072        |
|    iterations           | 173         |
|    time_elapsed         | 3247        |
|    total_timesteps      | 6731776     |
| train/                  |             |
|    approx_kl            | 0.012388357 |
|    clip_fraction        | 0.136       |
|    clip_range           | 0.2         |
|    entropy_loss         | 5.14        |
|    explained_variance   | 0.997       |
|    learning_rate        | 0.000233    |
|    loss                 | 0.374       |
|    n_updates            | 1720        |
|    policy_gradient_loss | 0.00441     |
|    std                  | 0.0186      |
|    value_loss           | 0.84        |
-----------------------------------------
-----------------------------------------
| rollout/                |             |
|    ep_len_mean          | 2e+03       |
|    ep_rew_mean          | 3.27e+03    |
| time/                   |             |
|    fps                  | 2069        |
|    iterations           | 174         |
|    time_elapsed         | 3271        |
|    total_timesteps      | 6770688     |
| train/                  |             |
|    approx_kl            | 0.012986951 |
|    clip_fraction        | 0.128       |
|    clip_range           | 0.2         |
|    entropy_loss         | 5.14        |
|    explained_variance   | 0.995       |
|    learning_rate        | 0.000233    |
|    loss                 | 0.33        |
|    n_updates            | 1730        |
|    policy_gradient_loss | 0.00289     |
|    std                  | 0.0186      |
|    value_loss           | 1.1         |
-----------------------------------------
-----------------------------------------
| rollout/                |             |
|    ep_len_mean          | 2e+03       |
|    ep_rew_mean          | 3.27e+03    |
| time/                   |             |
|    fps                  | 2064        |
|    iterations           | 175         |
|    time_elapsed         | 3299        |
|    total_timesteps      | 6809600     |
| train/                  |             |
|    approx_kl            | 0.012719922 |
|    clip_fraction        | 0.134       |
|    clip_range           | 0.2         |
|    entropy_loss         | 5.15        |
|    explained_variance   | 0.996       |
|    learning_rate        | 0.000232    |
|    loss                 | 0.442       |
|    n_updates            | 1740        |
|    policy_gradient_loss | 0.00447     |
|    std                  | 0.0185      |
|    value_loss           | 0.934       |
-----------------------------------------
Eval num_timesteps=6840000, episode_reward=498.57 +/- 1730.07
Episode length: 1868.75 +/- 269.60
-----------------------------------------
| eval/                   |             |
|    mean_ep_length       | 1.87e+03    |
|    mean_reward          | 499         |
| time/                   |             |
|    total_timesteps      | 6840000     |
| train/                  |             |
|    approx_kl            | 0.015109633 |
|    clip_fraction        | 0.142       |
|    clip_range           | 0.2         |
|    entropy_loss         | 5.14        |
|    explained_variance   | 0.993       |
|    learning_rate        | 0.000232    |
|    loss                 | 0.567       |
|    n_updates            | 1750        |
|    policy_gradient_loss | 0.00396     |
|    std                  | 0.0186      |
|    value_loss           | 1.34        |
-----------------------------------------
---------------------------------
| rollout/           |          |
|    ep_len_mean     | 2e+03    |
|    ep_rew_mean     | 3.23e+03 |
| time/              |          |
|    fps             | 2028     |
|    iterations      | 176      |
|    time_elapsed    | 3376     |
|    total_timesteps | 6848512  |
---------------------------------
-----------------------------------------
| rollout/                |             |
|    ep_len_mean          | 2e+03       |
|    ep_rew_mean          | 3.2e+03     |
| time/                   |             |
|    fps                  | 2024        |
|    iterations           | 177         |
|    time_elapsed         | 3401        |
|    total_timesteps      | 6887424     |
| train/                  |             |
|    approx_kl            | 0.009799538 |
|    clip_fraction        | 0.122       |
|    clip_range           | 0.2         |
|    entropy_loss         | 5.13        |
|    explained_variance   | 0.998       |
|    learning_rate        | 0.000232    |
|    loss                 | 0.471       |
|    n_updates            | 1760        |
|    policy_gradient_loss | 0.00471     |
|    std                  | 0.0187      |
|    value_loss           | 0.951       |
-----------------------------------------
-----------------------------------------
| rollout/                |             |
|    ep_len_mean          | 2e+03       |
|    ep_rew_mean          | 3.18e+03    |
| time/                   |             |
|    fps                  | 2022        |
|    iterations           | 178         |
|    time_elapsed         | 3425        |
|    total_timesteps      | 6926336     |
| train/                  |             |
|    approx_kl            | 0.011113722 |
|    clip_fraction        | 0.162       |
|    clip_range           | 0.2         |
|    entropy_loss         | 5.12        |
|    explained_variance   | 0.996       |
|    learning_rate        | 0.000231    |
|    loss                 | 0.652       |
|    n_updates            | 1770        |
|    policy_gradient_loss | 0.0046      |
|    std                  | 0.0188      |
|    value_loss           | 1.12        |
-----------------------------------------
-----------------------------------------
| rollout/                |             |
|    ep_len_mean          | 2e+03       |
|    ep_rew_mean          | 3.15e+03    |
| time/                   |             |
|    fps                  | 2019        |
|    iterations           | 179         |
|    time_elapsed         | 3449        |
|    total_timesteps      | 6965248     |
| train/                  |             |
|    approx_kl            | 0.014167555 |
|    clip_fraction        | 0.135       |
|    clip_range           | 0.2         |
|    entropy_loss         | 5.11        |
|    explained_variance   | 0.997       |
|    learning_rate        | 0.000231    |
|    loss                 | 0.419       |
|    n_updates            | 1780        |
|    policy_gradient_loss | 0.00353     |
|    std                  | 0.0189      |
|    value_loss           | 1.14        |
-----------------------------------------
-----------------------------------------
| rollout/                |             |
|    ep_len_mean          | 2e+03       |
|    ep_rew_mean          | 3.14e+03    |
| time/                   |             |
|    fps                  | 2016        |
|    iterations           | 180         |
|    time_elapsed         | 3473        |
|    total_timesteps      | 7004160     |
| train/                  |             |
|    approx_kl            | 0.012639812 |
|    clip_fraction        | 0.146       |
|    clip_range           | 0.2         |
|    entropy_loss         | 5.1         |
|    explained_variance   | 0.996       |
|    learning_rate        | 0.00023     |
|    loss                 | 0.726       |
|    n_updates            | 1790        |
|    policy_gradient_loss | 0.00349     |
|    std                  | 0.019       |
|    value_loss           | 1.13        |
-----------------------------------------
Eval num_timesteps=7030000, episode_reward=544.79 +/- 1700.76
Episode length: 1854.10 +/- 262.19
-----------------------------------------
| eval/                   |             |
|    mean_ep_length       | 1.85e+03    |
|    mean_reward          | 545         |
| time/                   |             |
|    total_timesteps      | 7030000     |
| train/                  |             |
|    approx_kl            | 0.012909058 |
|    clip_fraction        | 0.145       |
|    clip_range           | 0.2         |
|    entropy_loss         | 5.08        |
|    explained_variance   | 0.996       |
|    learning_rate        | 0.00023     |
|    loss                 | 1.08        |
|    n_updates            | 1800        |
|    policy_gradient_loss | 0.00344     |
|    std                  | 0.0191      |
|    value_loss           | 1.45        |
-----------------------------------------
---------------------------------
| rollout/           |          |
|    ep_len_mean     | 2e+03    |
|    ep_rew_mean     | 3.15e+03 |
| time/              |          |
|    fps             | 1983     |
|    iterations      | 181      |
|    time_elapsed    | 3551     |
|    total_timesteps | 7043072  |
---------------------------------
-----------------------------------------
| rollout/                |             |
|    ep_len_mean          | 2e+03       |
|    ep_rew_mean          | 3.14e+03    |
| time/                   |             |
|    fps                  | 1980        |
|    iterations           | 182         |
|    time_elapsed         | 3575        |
|    total_timesteps      | 7081984     |
| train/                  |             |
|    approx_kl            | 0.012985578 |
|    clip_fraction        | 0.135       |
|    clip_range           | 0.2         |
|    entropy_loss         | 5.08        |
|    explained_variance   | 0.996       |
|    learning_rate        | 0.00023     |
|    loss                 | 0.451       |
|    n_updates            | 1810        |
|    policy_gradient_loss | 0.0042      |
|    std                  | 0.0191      |
|    value_loss           | 0.983       |
-----------------------------------------
-----------------------------------------
| rollout/                |             |
|    ep_len_mean          | 2e+03       |
|    ep_rew_mean          | 3.15e+03    |
| time/                   |             |
|    fps                  | 1977        |
|    iterations           | 183         |
|    time_elapsed         | 3600        |
|    total_timesteps      | 7120896     |
| train/                  |             |
|    approx_kl            | 0.010971232 |
|    clip_fraction        | 0.135       |
|    clip_range           | 0.2         |
|    entropy_loss         | 5.08        |
|    explained_variance   | 0.995       |
|    learning_rate        | 0.000229    |
|    loss                 | 0.639       |
|    n_updates            | 1820        |
|    policy_gradient_loss | 0.00305     |
|    std                  | 0.0191      |
|    value_loss           | 1.53        |
-----------------------------------------
----------------------------------------
| rollout/                |            |
|    ep_len_mean          | 2e+03      |
|    ep_rew_mean          | 3.15e+03   |
| time/                   |            |
|    fps                  | 1975       |
|    iterations           | 184        |
|    time_elapsed         | 3624       |
|    total_timesteps      | 7159808    |
| train/                  |            |
|    approx_kl            | 0.01284308 |
|    clip_fraction        | 0.15       |
|    clip_range           | 0.2        |
|    entropy_loss         | 5.07       |
|    explained_variance   | 0.995      |
|    learning_rate        | 0.000229   |
|    loss                 | 0.445      |
|    n_updates            | 1830       |
|    policy_gradient_loss | 0.0043     |
|    std                  | 0.0193     |
|    value_loss           | 1.2        |
----------------------------------------
----------------------------------------
| rollout/                |            |
|    ep_len_mean          | 2e+03      |
|    ep_rew_mean          | 3.1e+03    |
| time/                   |            |
|    fps                  | 1974       |
|    iterations           | 185        |
|    time_elapsed         | 3646       |
|    total_timesteps      | 7198720    |
| train/                  |            |
|    approx_kl            | 0.01714115 |
|    clip_fraction        | 0.14       |
|    clip_range           | 0.2        |
|    entropy_loss         | 5.06       |
|    explained_variance   | 0.997      |
|    learning_rate        | 0.000228   |
|    loss                 | 0.895      |
|    n_updates            | 1840       |
|    policy_gradient_loss | 0.00466    |
|    std                  | 0.0194     |
|    value_loss           | 1.6        |
----------------------------------------
Eval num_timesteps=7220000, episode_reward=569.27 +/- 1711.27
Episode length: 1875.25 +/- 260.16
-----------------------------------------
| eval/                   |             |
|    mean_ep_length       | 1.88e+03    |
|    mean_reward          | 569         |
| time/                   |             |
|    total_timesteps      | 7220000     |
| train/                  |             |
|    approx_kl            | 0.011998194 |
|    clip_fraction        | 0.133       |
|    clip_range           | 0.2         |
|    entropy_loss         | 5.05        |
|    explained_variance   | 0.997       |
|    learning_rate        | 0.000228    |
|    loss                 | 0.644       |
|    n_updates            | 1850        |
|    policy_gradient_loss | 0.00246     |
|    std                  | 0.0195      |
|    value_loss           | 1.5         |
-----------------------------------------
---------------------------------
| rollout/           |          |
|    ep_len_mean     | 2e+03    |
|    ep_rew_mean     | 3.09e+03 |
| time/              |          |
|    fps             | 1970     |
|    iterations      | 186      |
|    time_elapsed    | 3672     |
|    total_timesteps | 7237632  |
---------------------------------
-----------------------------------------
| rollout/                |             |
|    ep_len_mean          | 2e+03       |
|    ep_rew_mean          | 3.08e+03    |
| time/                   |             |
|    fps                  | 1977        |
|    iterations           | 187         |
|    time_elapsed         | 3679        |
|    total_timesteps      | 7276544     |
| train/                  |             |
|    approx_kl            | 0.013936755 |
|    clip_fraction        | 0.153       |
|    clip_range           | 0.2         |
|    entropy_loss         | 5.04        |
|    explained_variance   | 0.996       |
|    learning_rate        | 0.000228    |
|    loss                 | 0.859       |
|    n_updates            | 1860        |
|    policy_gradient_loss | 0.00379     |
|    std                  | 0.0195      |
|    value_loss           | 1.35        |
-----------------------------------------
------------------------------------------
| rollout/                |              |
|    ep_len_mean          | 2e+03        |
|    ep_rew_mean          | 3.05e+03     |
| time/                   |              |
|    fps                  | 1985         |
|    iterations           | 188          |
|    time_elapsed         | 3684         |
|    total_timesteps      | 7315456      |
| train/                  |              |
|    approx_kl            | 0.0128468545 |
|    clip_fraction        | 0.142        |
|    clip_range           | 0.2          |
|    entropy_loss         | 5.04         |
|    explained_variance   | 0.997        |
|    learning_rate        | 0.000227     |
|    loss                 | 0.379        |
|    n_updates            | 1870         |
|    policy_gradient_loss | 0.00546      |
|    std                  | 0.0196       |
|    value_loss           | 1.01         |
------------------------------------------
----------------------------------------
| rollout/                |            |
|    ep_len_mean          | 2e+03      |
|    ep_rew_mean          | 3.05e+03   |
| time/                   |            |
|    fps                  | 1991       |
|    iterations           | 189        |
|    time_elapsed         | 3692       |
|    total_timesteps      | 7354368    |
| train/                  |            |
|    approx_kl            | 0.01358026 |
|    clip_fraction        | 0.136      |
|    clip_range           | 0.2        |
|    entropy_loss         | 5.03       |
|    explained_variance   | 0.997      |
|    learning_rate        | 0.000227   |
|    loss                 | 0.743      |
|    n_updates            | 1880       |
|    policy_gradient_loss | 0.00411    |
|    std                  | 0.0196     |
|    value_loss           | 1.49       |
----------------------------------------
-----------------------------------------
| rollout/                |             |
|    ep_len_mean          | 2e+03       |
|    ep_rew_mean          | 3.04e+03    |
| time/                   |             |
|    fps                  | 1998        |
|    iterations           | 190         |
|    time_elapsed         | 3698        |
|    total_timesteps      | 7393280     |
| train/                  |             |
|    approx_kl            | 0.012810502 |
|    clip_fraction        | 0.143       |
|    clip_range           | 0.2         |
|    entropy_loss         | 5.01        |
|    explained_variance   | 0.997       |
|    learning_rate        | 0.000226    |
|    loss                 | 0.339       |
|    n_updates            | 1890        |
|    policy_gradient_loss | 0.00515     |
|    std                  | 0.0198      |
|    value_loss           | 1.48        |
-----------------------------------------
Eval num_timesteps=7410000, episode_reward=537.03 +/- 1718.97
Episode length: 1880.75 +/- 252.84
-----------------------------------------
| eval/                   |             |
|    mean_ep_length       | 1.88e+03    |
|    mean_reward          | 537         |
| time/                   |             |
|    total_timesteps      | 7410000     |
| train/                  |             |
|    approx_kl            | 0.014985238 |
|    clip_fraction        | 0.146       |
|    clip_range           | 0.2         |
|    entropy_loss         | 4.99        |
|    explained_variance   | 0.996       |
|    learning_rate        | 0.000226    |
|    loss                 | 0.967       |
|    n_updates            | 1900        |
|    policy_gradient_loss | 0.00429     |
|    std                  | 0.02        |
|    value_loss           | 1.9         |
-----------------------------------------
---------------------------------
| rollout/           |          |
|    ep_len_mean     | 2e+03    |
|    ep_rew_mean     | 2.99e+03 |
| time/              |          |
|    fps             | 1996     |
|    iterations      | 191      |
|    time_elapsed    | 3722     |
|    total_timesteps | 7432192  |
---------------------------------
------------------------------------------
| rollout/                |              |
|    ep_len_mean          | 2e+03        |
|    ep_rew_mean          | 2.97e+03     |
| time/                   |              |
|    fps                  | 2004         |
|    iterations           | 192          |
|    time_elapsed         | 3727         |
|    total_timesteps      | 7471104      |
| train/                  |              |
|    approx_kl            | 0.0101426765 |
|    clip_fraction        | 0.133        |
|    clip_range           | 0.2          |
|    entropy_loss         | 4.98         |
|    explained_variance   | 0.998        |
|    learning_rate        | 0.000226     |
|    loss                 | 0.5          |
|    n_updates            | 1910         |
|    policy_gradient_loss | 0.00456      |
|    std                  | 0.0201       |
|    value_loss           | 1.17         |
------------------------------------------
-----------------------------------------
| rollout/                |             |
|    ep_len_mean          | 2e+03       |
|    ep_rew_mean          | 2.96e+03    |
| time/                   |             |
|    fps                  | 2011        |
|    iterations           | 193         |
|    time_elapsed         | 3732        |
|    total_timesteps      | 7510016     |
| train/                  |             |
|    approx_kl            | 0.012087106 |
|    clip_fraction        | 0.148       |
|    clip_range           | 0.2         |
|    entropy_loss         | 4.96        |
|    explained_variance   | 0.996       |
|    learning_rate        | 0.000225    |
|    loss                 | 1.33        |
|    n_updates            | 1920        |
|    policy_gradient_loss | 0.00371     |
|    std                  | 0.0203      |
|    value_loss           | 2.15        |
-----------------------------------------
-----------------------------------------
| rollout/                |             |
|    ep_len_mean          | 2e+03       |
|    ep_rew_mean          | 2.97e+03    |
| time/                   |             |
|    fps                  | 2019        |
|    iterations           | 194         |
|    time_elapsed         | 3738        |
|    total_timesteps      | 7548928     |
| train/                  |             |
|    approx_kl            | 0.011443126 |
|    clip_fraction        | 0.146       |
|    clip_range           | 0.2         |
|    entropy_loss         | 4.95        |
|    explained_variance   | 0.997       |
|    learning_rate        | 0.000225    |
|    loss                 | 0.655       |
|    n_updates            | 1930        |
|    policy_gradient_loss | 0.00437     |
|    std                  | 0.0204      |
|    value_loss           | 1.31        |
-----------------------------------------
-----------------------------------------
| rollout/                |             |
|    ep_len_mean          | 2e+03       |
|    ep_rew_mean          | 2.95e+03    |
| time/                   |             |
|    fps                  | 2026        |
|    iterations           | 195         |
|    time_elapsed         | 3743        |
|    total_timesteps      | 7587840     |
| train/                  |             |
|    approx_kl            | 0.014434604 |
|    clip_fraction        | 0.151       |
|    clip_range           | 0.2         |
|    entropy_loss         | 4.94        |
|    explained_variance   | 0.997       |
|    learning_rate        | 0.000225    |
|    loss                 | 0.877       |
|    n_updates            | 1940        |
|    policy_gradient_loss | 0.00181     |
|    std                  | 0.0205      |
|    value_loss           | 1.73        |
-----------------------------------------
Eval num_timesteps=7600000, episode_reward=624.76 +/- 1647.97
Episode length: 1885.50 +/- 243.09
------------------------------------------
| eval/                   |              |
|    mean_ep_length       | 1.89e+03     |
|    mean_reward          | 625          |
| time/                   |              |
|    total_timesteps      | 7600000      |
| train/                  |              |
|    approx_kl            | 0.0120009165 |
|    clip_fraction        | 0.135        |
|    clip_range           | 0.2          |
|    entropy_loss         | 4.95         |
|    explained_variance   | 0.998        |
|    learning_rate        | 0.000224     |
|    loss                 | 0.545        |
|    n_updates            | 1950         |
|    policy_gradient_loss | 0.00384      |
|    std                  | 0.0204       |
|    value_loss           | 1.33         |
------------------------------------------
---------------------------------
| rollout/           |          |
|    ep_len_mean     | 2e+03    |
|    ep_rew_mean     | 2.98e+03 |
| time/              |          |
|    fps             | 2007     |
|    iterations      | 196      |
|    time_elapsed    | 3799     |
|    total_timesteps | 7626752  |
---------------------------------
-----------------------------------------
| rollout/                |             |
|    ep_len_mean          | 2e+03       |
|    ep_rew_mean          | 2.98e+03    |
| time/                   |             |
|    fps                  | 2004        |
|    iterations           | 197         |
|    time_elapsed         | 3823        |
|    total_timesteps      | 7665664     |
| train/                  |             |
|    approx_kl            | 0.014624357 |
|    clip_fraction        | 0.155       |
|    clip_range           | 0.2         |
|    entropy_loss         | 4.94        |
|    explained_variance   | 0.996       |
|    learning_rate        | 0.000224    |
|    loss                 | 1.1         |
|    n_updates            | 1960        |
|    policy_gradient_loss | 0.00471     |
|    std                  | 0.0205      |
|    value_loss           | 1.9         |
-----------------------------------------
-----------------------------------------
| rollout/                |             |
|    ep_len_mean          | 2e+03       |
|    ep_rew_mean          | 3e+03       |
| time/                   |             |
|    fps                  | 2002        |
|    iterations           | 198         |
|    time_elapsed         | 3847        |
|    total_timesteps      | 7704576     |
| train/                  |             |
|    approx_kl            | 0.012089715 |
|    clip_fraction        | 0.132       |
|    clip_range           | 0.2         |
|    entropy_loss         | 4.94        |
|    explained_variance   | 0.996       |
|    learning_rate        | 0.000223    |
|    loss                 | 0.472       |
|    n_updates            | 1970        |
|    policy_gradient_loss | 0.004       |
|    std                  | 0.0205      |
|    value_loss           | 1.69        |
-----------------------------------------
-----------------------------------------
| rollout/                |             |
|    ep_len_mean          | 2e+03       |
|    ep_rew_mean          | 2.95e+03    |
| time/                   |             |
|    fps                  | 1999        |
|    iterations           | 199         |
|    time_elapsed         | 3871        |
|    total_timesteps      | 7743488     |
| train/                  |             |
|    approx_kl            | 0.010746478 |
|    clip_fraction        | 0.159       |
|    clip_range           | 0.2         |
|    entropy_loss         | 4.94        |
|    explained_variance   | 0.997       |
|    learning_rate        | 0.000223    |
|    loss                 | 1.1         |
|    n_updates            | 1980        |
|    policy_gradient_loss | 0.0053      |
|    std                  | 0.0205      |
|    value_loss           | 1.77        |
-----------------------------------------
-----------------------------------------
| rollout/                |             |
|    ep_len_mean          | 2e+03       |
|    ep_rew_mean          | 2.98e+03    |
| time/                   |             |
|    fps                  | 1996        |
|    iterations           | 200         |
|    time_elapsed         | 3898        |
|    total_timesteps      | 7782400     |
| train/                  |             |
|    approx_kl            | 0.012644999 |
|    clip_fraction        | 0.129       |
|    clip_range           | 0.2         |
|    entropy_loss         | 4.93        |
|    explained_variance   | 0.997       |
|    learning_rate        | 0.000223    |
|    loss                 | 1.04        |
|    n_updates            | 1990        |
|    policy_gradient_loss | 0.00233     |
|    std                  | 0.0207      |
|    value_loss           | 1.98        |
-----------------------------------------
Eval num_timesteps=7790000, episode_reward=646.68 +/- 1654.60
Episode length: 1882.95 +/- 248.00
-----------------------------------------
| eval/                   |             |
|    mean_ep_length       | 1.88e+03    |
|    mean_reward          | 647         |
| time/                   |             |
|    total_timesteps      | 7790000     |
| train/                  |             |
|    approx_kl            | 0.013985872 |
|    clip_fraction        | 0.158       |
|    clip_range           | 0.2         |
|    entropy_loss         | 4.91        |
|    explained_variance   | 0.997       |
|    learning_rate        | 0.000222    |
|    loss                 | 0.824       |
|    n_updates            | 2000        |
|    policy_gradient_loss | 0.00467     |
|    std                  | 0.0209      |
|    value_loss           | 1.46        |
-----------------------------------------
---------------------------------
| rollout/           |          |
|    ep_len_mean     | 2e+03    |
|    ep_rew_mean     | 2.97e+03 |
| time/              |          |
|    fps             | 1966     |
|    iterations      | 201      |
|    time_elapsed    | 3977     |
|    total_timesteps | 7821312  |
---------------------------------
-----------------------------------------
| rollout/                |             |
|    ep_len_mean          | 2e+03       |
|    ep_rew_mean          | 2.98e+03    |
| time/                   |             |
|    fps                  | 1964        |
|    iterations           | 202         |
|    time_elapsed         | 4002        |
|    total_timesteps      | 7860224     |
| train/                  |             |
|    approx_kl            | 0.009621116 |
|    clip_fraction        | 0.126       |
|    clip_range           | 0.2         |
|    entropy_loss         | 4.9         |
|    explained_variance   | 0.996       |
|    learning_rate        | 0.000222    |
|    loss                 | 0.992       |
|    n_updates            | 2010        |
|    policy_gradient_loss | 0.00329     |
|    std                  | 0.0209      |
|    value_loss           | 2.36        |
-----------------------------------------
-----------------------------------------
| rollout/                |             |
|    ep_len_mean          | 2e+03       |
|    ep_rew_mean          | 2.95e+03    |
| time/                   |             |
|    fps                  | 1961        |
|    iterations           | 203         |
|    time_elapsed         | 4026        |
|    total_timesteps      | 7899136     |
| train/                  |             |
|    approx_kl            | 0.039293017 |
|    clip_fraction        | 0.15        |
|    clip_range           | 0.2         |
|    entropy_loss         | 4.89        |
|    explained_variance   | 0.997       |
|    learning_rate        | 0.000221    |
|    loss                 | 0.528       |
|    n_updates            | 2020        |
|    policy_gradient_loss | 0.00272     |
|    std                  | 0.021       |
|    value_loss           | 1.1         |
-----------------------------------------
-----------------------------------------
| rollout/                |             |
|    ep_len_mean          | 2e+03       |
|    ep_rew_mean          | 2.99e+03    |
| time/                   |             |
|    fps                  | 1959        |
|    iterations           | 204         |
|    time_elapsed         | 4050        |
|    total_timesteps      | 7938048     |
| train/                  |             |
|    approx_kl            | 0.013104914 |
|    clip_fraction        | 0.129       |
|    clip_range           | 0.2         |
|    entropy_loss         | 4.88        |
|    explained_variance   | 0.997       |
|    learning_rate        | 0.000221    |
|    loss                 | 0.806       |
|    n_updates            | 2030        |
|    policy_gradient_loss | 0.00179     |
|    std                  | 0.0211      |
|    value_loss           | 2.59        |
-----------------------------------------
-----------------------------------------
| rollout/                |             |
|    ep_len_mean          | 2e+03       |
|    ep_rew_mean          | 2.97e+03    |
| time/                   |             |
|    fps                  | 1957        |
|    iterations           | 205         |
|    time_elapsed         | 4075        |
|    total_timesteps      | 7976960     |
| train/                  |             |
|    approx_kl            | 0.013088725 |
|    clip_fraction        | 0.167       |
|    clip_range           | 0.2         |
|    entropy_loss         | 4.88        |
|    explained_variance   | 0.996       |
|    learning_rate        | 0.000221    |
|    loss                 | 0.838       |
|    n_updates            | 2040        |
|    policy_gradient_loss | 0.00306     |
|    std                  | 0.021       |
|    value_loss           | 1.79        |
-----------------------------------------
Eval num_timesteps=7980000, episode_reward=729.52 +/- 1597.41
Episode length: 1887.00 +/- 239.77
-----------------------------------------
| eval/                   |             |
|    mean_ep_length       | 1.89e+03    |
|    mean_reward          | 730         |
| time/                   |             |
|    total_timesteps      | 7980000     |
| train/                  |             |
|    approx_kl            | 0.009585279 |
|    clip_fraction        | 0.136       |
|    clip_range           | 0.2         |
|    entropy_loss         | 4.88        |
|    explained_variance   | 0.996       |
|    learning_rate        | 0.00022     |
|    loss                 | 1.11        |
|    n_updates            | 2050        |
|    policy_gradient_loss | 0.00248     |
|    std                  | 0.0212      |
|    value_loss           | 2.23        |
-----------------------------------------
---------------------------------
| rollout/           |          |
|    ep_len_mean     | 2e+03    |
|    ep_rew_mean     | 2.93e+03 |
| time/              |          |
|    fps             | 1928     |
|    iterations      | 206      |
|    time_elapsed    | 4157     |
|    total_timesteps | 8015872  |
---------------------------------
-----------------------------------------
| rollout/                |             |
|    ep_len_mean          | 2e+03       |
|    ep_rew_mean          | 2.93e+03    |
| time/                   |             |
|    fps                  | 1926        |
|    iterations           | 207         |
|    time_elapsed         | 4182        |
|    total_timesteps      | 8054784     |
| train/                  |             |
|    approx_kl            | 0.010276698 |
|    clip_fraction        | 0.124       |
|    clip_range           | 0.2         |
|    entropy_loss         | 4.87        |
|    explained_variance   | 0.998       |
|    learning_rate        | 0.00022     |
|    loss                 | 0.599       |
|    n_updates            | 2060        |
|    policy_gradient_loss | 0.0026      |
|    std                  | 0.0212      |
|    value_loss           | 1.47        |
-----------------------------------------
-----------------------------------------
| rollout/                |             |
|    ep_len_mean          | 2e+03       |
|    ep_rew_mean          | 2.93e+03    |
| time/                   |             |
|    fps                  | 1924        |
|    iterations           | 208         |
|    time_elapsed         | 4206        |
|    total_timesteps      | 8093696     |
| train/                  |             |
|    approx_kl            | 0.012154503 |
|    clip_fraction        | 0.14        |
|    clip_range           | 0.2         |
|    entropy_loss         | 4.85        |
|    explained_variance   | 0.994       |
|    learning_rate        | 0.000219    |
|    loss                 | 2.28        |
|    n_updates            | 2070        |
|    policy_gradient_loss | 0.00324     |
|    std                  | 0.0214      |
|    value_loss           | 3.42        |
-----------------------------------------
-----------------------------------------
| rollout/                |             |
|    ep_len_mean          | 2e+03       |
|    ep_rew_mean          | 2.92e+03    |
| time/                   |             |
|    fps                  | 1922        |
|    iterations           | 209         |
|    time_elapsed         | 4231        |
|    total_timesteps      | 8132608     |
| train/                  |             |
|    approx_kl            | 0.009458489 |
|    clip_fraction        | 0.134       |
|    clip_range           | 0.2         |
|    entropy_loss         | 4.85        |
|    explained_variance   | 0.996       |
|    learning_rate        | 0.000219    |
|    loss                 | 0.609       |
|    n_updates            | 2080        |
|    policy_gradient_loss | 0.00309     |
|    std                  | 0.0215      |
|    value_loss           | 1.95        |
-----------------------------------------
Eval num_timesteps=8170000, episode_reward=763.47 +/- 1582.89
Episode length: 1899.10 +/- 252.89
-----------------------------------------
| eval/                   |             |
|    mean_ep_length       | 1.9e+03     |
|    mean_reward          | 763         |
| time/                   |             |
|    total_timesteps      | 8170000     |
| train/                  |             |
|    approx_kl            | 0.013895151 |
|    clip_fraction        | 0.121       |
|    clip_range           | 0.2         |
|    entropy_loss         | 4.84        |
|    explained_variance   | 0.997       |
|    learning_rate        | 0.000219    |
|    loss                 | 1.08        |
|    n_updates            | 2090        |
|    policy_gradient_loss | 0.00234     |
|    std                  | 0.0216      |
|    value_loss           | 2.26        |
-----------------------------------------
---------------------------------
| rollout/           |          |
|    ep_len_mean     | 2e+03    |
|    ep_rew_mean     | 2.88e+03 |
| time/              |          |
|    fps             | 1895     |
|    iterations      | 210      |
|    time_elapsed    | 4310     |
|    total_timesteps | 8171520  |
---------------------------------
-----------------------------------------
| rollout/                |             |
|    ep_len_mean          | 2e+03       |
|    ep_rew_mean          | 2.92e+03    |
| time/                   |             |
|    fps                  | 1894        |
|    iterations           | 211         |
|    time_elapsed         | 4333        |
|    total_timesteps      | 8210432     |
| train/                  |             |
|    approx_kl            | 0.012687845 |
|    clip_fraction        | 0.137       |
|    clip_range           | 0.2         |
|    entropy_loss         | 4.83        |
|    explained_variance   | 0.997       |
|    learning_rate        | 0.000218    |
|    loss                 | 1.31        |
|    n_updates            | 2100        |
|    policy_gradient_loss | 0.00313     |
|    std                  | 0.0217      |
|    value_loss           | 2.37        |
-----------------------------------------
----------------------------------------
| rollout/                |            |
|    ep_len_mean          | 2e+03      |
|    ep_rew_mean          | 2.9e+03    |
| time/                   |            |
|    fps                  | 1893       |
|    iterations           | 212        |
|    time_elapsed         | 4357       |
|    total_timesteps      | 8249344    |
| train/                  |            |
|    approx_kl            | 0.01202231 |
|    clip_fraction        | 0.16       |
|    clip_range           | 0.2        |
|    entropy_loss         | 4.82       |
|    explained_variance   | 0.996      |
|    learning_rate        | 0.000218   |
|    loss                 | 1.74       |
|    n_updates            | 2110       |
|    policy_gradient_loss | 0.00372    |
|    std                  | 0.0218     |
|    value_loss           | 2.54       |
----------------------------------------
------------------------------------------
| rollout/                |              |
|    ep_len_mean          | 2e+03        |
|    ep_rew_mean          | 2.89e+03     |
| time/                   |              |
|    fps                  | 1891         |
|    iterations           | 213          |
|    time_elapsed         | 4381         |
|    total_timesteps      | 8288256      |
| train/                  |              |
|    approx_kl            | 0.0106870495 |
|    clip_fraction        | 0.117        |
|    clip_range           | 0.2          |
|    entropy_loss         | 4.81         |
|    explained_variance   | 0.996        |
|    learning_rate        | 0.000218     |
|    loss                 | 1.05         |
|    n_updates            | 2120         |
|    policy_gradient_loss | 0.00113      |
|    std                  | 0.0219       |
|    value_loss           | 2.75         |
------------------------------------------
-----------------------------------------
| rollout/                |             |
|    ep_len_mean          | 2e+03       |
|    ep_rew_mean          | 2.87e+03    |
| time/                   |             |
|    fps                  | 1890        |
|    iterations           | 214         |
|    time_elapsed         | 4405        |
|    total_timesteps      | 8327168     |
| train/                  |             |
|    approx_kl            | 0.015066892 |
|    clip_fraction        | 0.157       |
|    clip_range           | 0.2         |
|    entropy_loss         | 4.81        |
|    explained_variance   | 0.997       |
|    learning_rate        | 0.000217    |
|    loss                 | 1.63        |
|    n_updates            | 2130        |
|    policy_gradient_loss | 0.00227     |
|    std                  | 0.0218      |
|    value_loss           | 2.49        |
-----------------------------------------
Eval num_timesteps=8360000, episode_reward=769.07 +/- 1555.80
Episode length: 1884.75 +/- 236.68
-----------------------------------------
| eval/                   |             |
|    mean_ep_length       | 1.88e+03    |
|    mean_reward          | 769         |
| time/                   |             |
|    total_timesteps      | 8360000     |
| train/                  |             |
|    approx_kl            | 0.012705549 |
|    clip_fraction        | 0.135       |
|    clip_range           | 0.2         |
|    entropy_loss         | 4.82        |
|    explained_variance   | 0.997       |
|    learning_rate        | 0.000217    |
|    loss                 | 0.932       |
|    n_updates            | 2140        |
|    policy_gradient_loss | 0.00243     |
|    std                  | 0.0217      |
|    value_loss           | 2.3         |
-----------------------------------------
---------------------------------
| rollout/           |          |
|    ep_len_mean     | 2e+03    |
|    ep_rew_mean     | 2.84e+03 |
| time/              |          |
|    fps             | 1864     |
|    iterations      | 215      |
|    time_elapsed    | 4487     |
|    total_timesteps | 8366080  |
---------------------------------
-----------------------------------------
| rollout/                |             |
|    ep_len_mean          | 2e+03       |
|    ep_rew_mean          | 2.81e+03    |
| time/                   |             |
|    fps                  | 1863        |
|    iterations           | 216         |
|    time_elapsed         | 4511        |
|    total_timesteps      | 8404992     |
| train/                  |             |
|    approx_kl            | 0.014613983 |
|    clip_fraction        | 0.15        |
|    clip_range           | 0.2         |
|    entropy_loss         | 4.81        |
|    explained_variance   | 0.997       |
|    learning_rate        | 0.000216    |
|    loss                 | 1.28        |
|    n_updates            | 2150        |
|    policy_gradient_loss | 0.00312     |
|    std                  | 0.022       |
|    value_loss           | 2.7         |
-----------------------------------------
-----------------------------------------
| rollout/                |             |
|    ep_len_mean          | 2e+03       |
|    ep_rew_mean          | 2.81e+03    |
| time/                   |             |
|    fps                  | 1861        |
|    iterations           | 217         |
|    time_elapsed         | 4536        |
|    total_timesteps      | 8443904     |
| train/                  |             |
|    approx_kl            | 0.015556597 |
|    clip_fraction        | 0.148       |
|    clip_range           | 0.2         |
|    entropy_loss         | 4.79        |
|    explained_variance   | 0.998       |
|    learning_rate        | 0.000216    |
|    loss                 | 0.793       |
|    n_updates            | 2160        |
|    policy_gradient_loss | 0.00253     |
|    std                  | 0.0222      |
|    value_loss           | 1.79        |
-----------------------------------------
-----------------------------------------
| rollout/                |             |
|    ep_len_mean          | 2e+03       |
|    ep_rew_mean          | 2.83e+03    |
| time/                   |             |
|    fps                  | 1859        |
|    iterations           | 218         |
|    time_elapsed         | 4562        |
|    total_timesteps      | 8482816     |
| train/                  |             |
|    approx_kl            | 0.013766334 |
|    clip_fraction        | 0.14        |
|    clip_range           | 0.2         |
|    entropy_loss         | 4.78        |
|    explained_variance   | 0.996       |
|    learning_rate        | 0.000216    |
|    loss                 | 0.967       |
|    n_updates            | 2170        |
|    policy_gradient_loss | 0.00234     |
|    std                  | 0.0222      |
|    value_loss           | 2.63        |
-----------------------------------------
-----------------------------------------
| rollout/                |             |
|    ep_len_mean          | 2e+03       |
|    ep_rew_mean          | 2.86e+03    |
| time/                   |             |
|    fps                  | 1858        |
|    iterations           | 219         |
|    time_elapsed         | 4586        |
|    total_timesteps      | 8521728     |
| train/                  |             |
|    approx_kl            | 0.012268433 |
|    clip_fraction        | 0.14        |
|    clip_range           | 0.2         |
|    entropy_loss         | 4.77        |
|    explained_variance   | 0.996       |
|    learning_rate        | 0.000215    |
|    loss                 | 1.22        |
|    n_updates            | 2180        |
|    policy_gradient_loss | 0.00166     |
|    std                  | 0.0222      |
|    value_loss           | 2.64        |
-----------------------------------------
Eval num_timesteps=8550000, episode_reward=813.48 +/- 1574.83
Episode length: 1885.95 +/- 239.85
-----------------------------------------
| eval/                   |             |
|    mean_ep_length       | 1.89e+03    |
|    mean_reward          | 813         |
| time/                   |             |
|    total_timesteps      | 8550000     |
| train/                  |             |
|    approx_kl            | 0.011519852 |
|    clip_fraction        | 0.131       |
|    clip_range           | 0.2         |
|    entropy_loss         | 4.77        |
|    explained_variance   | 0.995       |
|    learning_rate        | 0.000215    |
|    loss                 | 0.954       |
|    n_updates            | 2190        |
|    policy_gradient_loss | 0.00282     |
|    std                  | 0.0224      |
|    value_loss           | 2.47        |
-----------------------------------------
---------------------------------
| rollout/           |          |
|    ep_len_mean     | 2e+03    |
|    ep_rew_mean     | 2.88e+03 |
| time/              |          |
|    fps             | 1835     |
|    iterations      | 220      |
|    time_elapsed    | 4664     |
|    total_timesteps | 8560640  |
---------------------------------
-----------------------------------------
| rollout/                |             |
|    ep_len_mean          | 2e+03       |
|    ep_rew_mean          | 2.93e+03    |
| time/                   |             |
|    fps                  | 1833        |
|    iterations           | 221         |
|    time_elapsed         | 4690        |
|    total_timesteps      | 8599552     |
| train/                  |             |
|    approx_kl            | 0.010576665 |
|    clip_fraction        | 0.123       |
|    clip_range           | 0.2         |
|    entropy_loss         | 4.77        |
|    explained_variance   | 0.996       |
|    learning_rate        | 0.000214    |
|    loss                 | 2.91        |
|    n_updates            | 2200        |
|    policy_gradient_loss | 0.00144     |
|    std                  | 0.0224      |
|    value_loss           | 3.22        |
-----------------------------------------
-----------------------------------------
| rollout/                |             |
|    ep_len_mean          | 2e+03       |
|    ep_rew_mean          | 2.93e+03    |
| time/                   |             |
|    fps                  | 1831        |
|    iterations           | 222         |
|    time_elapsed         | 4715        |
|    total_timesteps      | 8638464     |
| train/                  |             |
|    approx_kl            | 0.015831878 |
|    clip_fraction        | 0.15        |
|    clip_range           | 0.2         |
|    entropy_loss         | 4.77        |
|    explained_variance   | 0.995       |
|    learning_rate        | 0.000214    |
|    loss                 | 0.57        |
|    n_updates            | 2210        |
|    policy_gradient_loss | 0.00307     |
|    std                  | 0.0223      |
|    value_loss           | 1.54        |
-----------------------------------------
-----------------------------------------
| rollout/                |             |
|    ep_len_mean          | 2e+03       |
|    ep_rew_mean          | 2.9e+03     |
| time/                   |             |
|    fps                  | 1830        |
|    iterations           | 223         |
|    time_elapsed         | 4740        |
|    total_timesteps      | 8677376     |
| train/                  |             |
|    approx_kl            | 0.010800682 |
|    clip_fraction        | 0.107       |
|    clip_range           | 0.2         |
|    entropy_loss         | 4.77        |
|    explained_variance   | 0.996       |
|    learning_rate        | 0.000214    |
|    loss                 | 1.82        |
|    n_updates            | 2220        |
|    policy_gradient_loss | 0.00384     |
|    std                  | 0.0222      |
|    value_loss           | 2.36        |
-----------------------------------------
------------------------------------------
| rollout/                |              |
|    ep_len_mean          | 2e+03        |
|    ep_rew_mean          | 2.86e+03     |
| time/                   |              |
|    fps                  | 1829         |
|    iterations           | 224          |
|    time_elapsed         | 4764         |
|    total_timesteps      | 8716288      |
| train/                  |              |
|    approx_kl            | 0.0103633655 |
|    clip_fraction        | 0.137        |
|    clip_range           | 0.2          |
|    entropy_loss         | 4.76         |
|    explained_variance   | 0.994        |
|    learning_rate        | 0.000213     |
|    loss                 | 1.71         |
|    n_updates            | 2230         |
|    policy_gradient_loss | 0.00277      |
|    std                  | 0.0224       |
|    value_loss           | 3.15         |
------------------------------------------
Eval num_timesteps=8740000, episode_reward=847.24 +/- 1616.40
Episode length: 1862.80 +/- 225.44
-----------------------------------------
| eval/                   |             |
|    mean_ep_length       | 1.86e+03    |
|    mean_reward          | 847         |
| time/                   |             |
|    total_timesteps      | 8740000     |
| train/                  |             |
|    approx_kl            | 0.009647062 |
|    clip_fraction        | 0.109       |
|    clip_range           | 0.2         |
|    entropy_loss         | 4.75        |
|    explained_variance   | 0.996       |
|    learning_rate        | 0.000213    |
|    loss                 | 0.774       |
|    n_updates            | 2240        |
|    policy_gradient_loss | 0.00264     |
|    std                  | 0.0225      |
|    value_loss           | 2.06        |
-----------------------------------------
New best mean reward!
---------------------------------
| rollout/           |          |
|    ep_len_mean     | 2e+03    |
|    ep_rew_mean     | 2.87e+03 |
| time/              |          |
|    fps             | 1808     |
|    iterations      | 225      |
|    time_elapsed    | 4842     |
|    total_timesteps | 8755200  |
---------------------------------
-----------------------------------------
| rollout/                |             |
|    ep_len_mean          | 2e+03       |
|    ep_rew_mean          | 2.81e+03    |
| time/                   |             |
|    fps                  | 1807        |
|    iterations           | 226         |
|    time_elapsed         | 4866        |
|    total_timesteps      | 8794112     |
| train/                  |             |
|    approx_kl            | 0.013615228 |
|    clip_fraction        | 0.13        |
|    clip_range           | 0.2         |
|    entropy_loss         | 4.74        |
|    explained_variance   | 0.996       |
|    learning_rate        | 0.000212    |
|    loss                 | 1.1         |
|    n_updates            | 2250        |
|    policy_gradient_loss | 0.00221     |
|    std                  | 0.0227      |
|    value_loss           | 2.93        |
-----------------------------------------
-----------------------------------------
| rollout/                |             |
|    ep_len_mean          | 2e+03       |
|    ep_rew_mean          | 2.75e+03    |
| time/                   |             |
|    fps                  | 1806        |
|    iterations           | 227         |
|    time_elapsed         | 4890        |
|    total_timesteps      | 8833024     |
| train/                  |             |
|    approx_kl            | 0.012145723 |
|    clip_fraction        | 0.128       |
|    clip_range           | 0.2         |
|    entropy_loss         | 4.74        |
|    explained_variance   | 0.997       |
|    learning_rate        | 0.000212    |
|    loss                 | 0.777       |
|    n_updates            | 2260        |
|    policy_gradient_loss | 0.00125     |
|    std                  | 0.0225      |
|    value_loss           | 2.35        |
-----------------------------------------
-----------------------------------------
| rollout/                |             |
|    ep_len_mean          | 2e+03       |
|    ep_rew_mean          | 2.75e+03    |
| time/                   |             |
|    fps                  | 1805        |
|    iterations           | 228         |
|    time_elapsed         | 4914        |
|    total_timesteps      | 8871936     |
| train/                  |             |
|    approx_kl            | 0.019408306 |
|    clip_fraction        | 0.136       |
|    clip_range           | 0.2         |
|    entropy_loss         | 4.75        |
|    explained_variance   | 0.995       |
|    learning_rate        | 0.000212    |
|    loss                 | 0.986       |
|    n_updates            | 2270        |
|    policy_gradient_loss | -0.000643   |
|    std                  | 0.0225      |
|    value_loss           | 3.29        |
-----------------------------------------
-----------------------------------------
| rollout/                |             |
|    ep_len_mean          | 2e+03       |
|    ep_rew_mean          | 2.73e+03    |
| time/                   |             |
|    fps                  | 1804        |
|    iterations           | 229         |
|    time_elapsed         | 4937        |
|    total_timesteps      | 8910848     |
| train/                  |             |
|    approx_kl            | 0.011186016 |
|    clip_fraction        | 0.141       |
|    clip_range           | 0.2         |
|    entropy_loss         | 4.74        |
|    explained_variance   | 0.997       |
|    learning_rate        | 0.000211    |
|    loss                 | 0.912       |
|    n_updates            | 2280        |
|    policy_gradient_loss | 0.00277     |
|    std                  | 0.0227      |
|    value_loss           | 1.73        |
-----------------------------------------
Eval num_timesteps=8930000, episode_reward=863.33 +/- 1621.48
Episode length: 1875.50 +/- 227.71
------------------------------------------
| eval/                   |              |
|    mean_ep_length       | 1.88e+03     |
|    mean_reward          | 863          |
| time/                   |              |
|    total_timesteps      | 8930000      |
| train/                  |              |
|    approx_kl            | 0.0126485005 |
|    clip_fraction        | 0.127        |
|    clip_range           | 0.2          |
|    entropy_loss         | 4.73         |
|    explained_variance   | 0.997        |
|    learning_rate        | 0.000211     |
|    loss                 | 1.62         |
|    n_updates            | 2290         |
|    policy_gradient_loss | 0.00184      |
|    std                  | 0.0228       |
|    value_loss           | 2.79         |
------------------------------------------
New best mean reward!
---------------------------------
| rollout/           |          |
|    ep_len_mean     | 2e+03    |
|    ep_rew_mean     | 2.74e+03 |
| time/              |          |
|    fps             | 1784     |
|    iterations      | 230      |
|    time_elapsed    | 5014     |
|    total_timesteps | 8949760  |
---------------------------------
-----------------------------------------
| rollout/                |             |
|    ep_len_mean          | 2e+03       |
|    ep_rew_mean          | 2.71e+03    |
| time/                   |             |
|    fps                  | 1783        |
|    iterations           | 231         |
|    time_elapsed         | 5038        |
|    total_timesteps      | 8988672     |
| train/                  |             |
|    approx_kl            | 0.010785251 |
|    clip_fraction        | 0.138       |
|    clip_range           | 0.2         |
|    entropy_loss         | 4.73        |
|    explained_variance   | 0.994       |
|    learning_rate        | 0.000211    |
|    loss                 | 1.63        |
|    n_updates            | 2300        |
|    policy_gradient_loss | 0.00216     |
|    std                  | 0.0228      |
|    value_loss           | 3.37        |
-----------------------------------------
-----------------------------------------
| rollout/                |             |
|    ep_len_mean          | 2e+03       |
|    ep_rew_mean          | 2.73e+03    |
| time/                   |             |
|    fps                  | 1783        |
|    iterations           | 232         |
|    time_elapsed         | 5062        |
|    total_timesteps      | 9027584     |
| train/                  |             |
|    approx_kl            | 0.007182944 |
|    clip_fraction        | 0.11        |
|    clip_range           | 0.2         |
|    entropy_loss         | 4.72        |
|    explained_variance   | 0.997       |
|    learning_rate        | 0.00021     |
|    loss                 | 1.17        |
|    n_updates            | 2310        |
|    policy_gradient_loss | 0.000984    |
|    std                  | 0.0229      |
|    value_loss           | 2.69        |
-----------------------------------------
-----------------------------------------
| rollout/                |             |
|    ep_len_mean          | 2e+03       |
|    ep_rew_mean          | 2.75e+03    |
| time/                   |             |
|    fps                  | 1781        |
|    iterations           | 233         |
|    time_elapsed         | 5089        |
|    total_timesteps      | 9066496     |
| train/                  |             |
|    approx_kl            | 0.009119532 |
|    clip_fraction        | 0.11        |
|    clip_range           | 0.2         |
|    entropy_loss         | 4.71        |
|    explained_variance   | 0.997       |
|    learning_rate        | 0.00021     |
|    loss                 | 1.52        |
|    n_updates            | 2320        |
|    policy_gradient_loss | 0.0028      |
|    std                  | 0.0231      |
|    value_loss           | 2.63        |
-----------------------------------------
-----------------------------------------
| rollout/                |             |
|    ep_len_mean          | 2e+03       |
|    ep_rew_mean          | 2.78e+03    |
| time/                   |             |
|    fps                  | 1780        |
|    iterations           | 234         |
|    time_elapsed         | 5114        |
|    total_timesteps      | 9105408     |
| train/                  |             |
|    approx_kl            | 0.011040623 |
|    clip_fraction        | 0.145       |
|    clip_range           | 0.2         |
|    entropy_loss         | 4.7         |
|    explained_variance   | 0.996       |
|    learning_rate        | 0.000209    |
|    loss                 | 0.701       |
|    n_updates            | 2330        |
|    policy_gradient_loss | 0.00288     |
|    std                  | 0.0231      |
|    value_loss           | 2.6         |
-----------------------------------------
Eval num_timesteps=9120000, episode_reward=900.77 +/- 1636.47
Episode length: 1907.10 +/- 215.61
-----------------------------------------
| eval/                   |             |
|    mean_ep_length       | 1.91e+03    |
|    mean_reward          | 901         |
| time/                   |             |
|    total_timesteps      | 9120000     |
| train/                  |             |
|    approx_kl            | 0.010817195 |
|    clip_fraction        | 0.146       |
|    clip_range           | 0.2         |
|    entropy_loss         | 4.71        |
|    explained_variance   | 0.994       |
|    learning_rate        | 0.000209    |
|    loss                 | 0.72        |
|    n_updates            | 2340        |
|    policy_gradient_loss | 0.0021      |
|    std                  | 0.0229      |
|    value_loss           | 3.07        |
-----------------------------------------
New best mean reward!
---------------------------------
| rollout/           |          |
|    ep_len_mean     | 2e+03    |
|    ep_rew_mean     | 2.79e+03 |
| time/              |          |
|    fps             | 1760     |
|    iterations      | 235      |
|    time_elapsed    | 5193     |
|    total_timesteps | 9144320  |
---------------------------------
-----------------------------------------
| rollout/                |             |
|    ep_len_mean          | 2e+03       |
|    ep_rew_mean          | 2.79e+03    |
| time/                   |             |
|    fps                  | 1760        |
|    iterations           | 236         |
|    time_elapsed         | 5216        |
|    total_timesteps      | 9183232     |
| train/                  |             |
|    approx_kl            | 0.008802049 |
|    clip_fraction        | 0.123       |
|    clip_range           | 0.2         |
|    entropy_loss         | 4.72        |
|    explained_variance   | 0.995       |
|    learning_rate        | 0.000209    |
|    loss                 | 1.53        |
|    n_updates            | 2350        |
|    policy_gradient_loss | 0.00117     |
|    std                  | 0.0228      |
|    value_loss           | 4.02        |
-----------------------------------------
----------------------------------------
| rollout/                |            |
|    ep_len_mean          | 2e+03      |
|    ep_rew_mean          | 2.82e+03   |
| time/                   |            |
|    fps                  | 1759       |
|    iterations           | 237        |
|    time_elapsed         | 5240       |
|    total_timesteps      | 9222144    |
| train/                  |            |
|    approx_kl            | 0.01028239 |
|    clip_fraction        | 0.103      |
|    clip_range           | 0.2        |
|    entropy_loss         | 4.73       |
|    explained_variance   | 0.994      |
|    learning_rate        | 0.000208   |
|    loss                 | 2.17       |
|    n_updates            | 2360       |
|    policy_gradient_loss | 0.00156    |
|    std                  | 0.0228     |
|    value_loss           | 3.73       |
----------------------------------------
-----------------------------------------
| rollout/                |             |
|    ep_len_mean          | 2e+03       |
|    ep_rew_mean          | 2.79e+03    |
| time/                   |             |
|    fps                  | 1759        |
|    iterations           | 238         |
|    time_elapsed         | 5264        |
|    total_timesteps      | 9261056     |
| train/                  |             |
|    approx_kl            | 0.011209773 |
|    clip_fraction        | 0.134       |
|    clip_range           | 0.2         |
|    entropy_loss         | 4.73        |
|    explained_variance   | 0.994       |
|    learning_rate        | 0.000208    |
|    loss                 | 1.07        |
|    n_updates            | 2370        |
|    policy_gradient_loss | 0.0027      |
|    std                  | 0.0227      |
|    value_loss           | 2.51        |
-----------------------------------------
-----------------------------------------
| rollout/                |             |
|    ep_len_mean          | 2e+03       |
|    ep_rew_mean          | 2.78e+03    |
| time/                   |             |
|    fps                  | 1758        |
|    iterations           | 239         |
|    time_elapsed         | 5288        |
|    total_timesteps      | 9299968     |
| train/                  |             |
|    approx_kl            | 0.009173454 |
|    clip_fraction        | 0.115       |
|    clip_range           | 0.2         |
|    entropy_loss         | 4.73        |
|    explained_variance   | 0.995       |
|    learning_rate        | 0.000207    |
|    loss                 | 1.21        |
|    n_updates            | 2380        |
|    policy_gradient_loss | 0.00261     |
|    std                  | 0.0228      |
|    value_loss           | 2.98        |
-----------------------------------------
Eval num_timesteps=9310000, episode_reward=933.51 +/- 1659.27
Episode length: 1928.50 +/- 189.28
-----------------------------------------
| eval/                   |             |
|    mean_ep_length       | 1.93e+03    |
|    mean_reward          | 934         |
| time/                   |             |
|    total_timesteps      | 9310000     |
| train/                  |             |
|    approx_kl            | 0.009657433 |
|    clip_fraction        | 0.129       |
|    clip_range           | 0.2         |
|    entropy_loss         | 4.72        |
|    explained_variance   | 0.994       |
|    learning_rate        | 0.000207    |
|    loss                 | 1.89        |
|    n_updates            | 2390        |
|    policy_gradient_loss | 0.00291     |
|    std                  | 0.0229      |
|    value_loss           | 2.68        |
-----------------------------------------
New best mean reward!
---------------------------------
| rollout/           |          |
|    ep_len_mean     | 2e+03    |
|    ep_rew_mean     | 2.73e+03 |
| time/              |          |
|    fps             | 1739     |
|    iterations      | 240      |
|    time_elapsed    | 5367     |
|    total_timesteps | 9338880  |
---------------------------------
-----------------------------------------
| rollout/                |             |
|    ep_len_mean          | 2e+03       |
|    ep_rew_mean          | 2.73e+03    |
| time/                   |             |
|    fps                  | 1739        |
|    iterations           | 241         |
|    time_elapsed         | 5391        |
|    total_timesteps      | 9377792     |
| train/                  |             |
|    approx_kl            | 0.009936831 |
|    clip_fraction        | 0.131       |
|    clip_range           | 0.2         |
|    entropy_loss         | 4.7         |
|    explained_variance   | 0.996       |
|    learning_rate        | 0.000207    |
|    loss                 | 2.33        |
|    n_updates            | 2400        |
|    policy_gradient_loss | 0.00259     |
|    std                  | 0.0232      |
|    value_loss           | 2.65        |
-----------------------------------------
------------------------------------------
| rollout/                |              |
|    ep_len_mean          | 2e+03        |
|    ep_rew_mean          | 2.71e+03     |
| time/                   |              |
|    fps                  | 1738         |
|    iterations           | 242          |
|    time_elapsed         | 5415         |
|    total_timesteps      | 9416704      |
| train/                  |              |
|    approx_kl            | 0.0110817375 |
|    clip_fraction        | 0.115        |
|    clip_range           | 0.2          |
|    entropy_loss         | 4.68         |
|    explained_variance   | 0.996        |
|    learning_rate        | 0.000206     |
|    loss                 | 2.07         |
|    n_updates            | 2410         |
|    policy_gradient_loss | 0.00212      |
|    std                  | 0.0233       |
|    value_loss           | 2.69         |
------------------------------------------
-----------------------------------------
| rollout/                |             |
|    ep_len_mean          | 2e+03       |
|    ep_rew_mean          | 2.74e+03    |
| time/                   |             |
|    fps                  | 1738        |
|    iterations           | 243         |
|    time_elapsed         | 5439        |
|    total_timesteps      | 9455616     |
| train/                  |             |
|    approx_kl            | 0.011335899 |
|    clip_fraction        | 0.132       |
|    clip_range           | 0.2         |
|    entropy_loss         | 4.67        |
|    explained_variance   | 0.994       |
|    learning_rate        | 0.000206    |
|    loss                 | 2.11        |
|    n_updates            | 2420        |
|    policy_gradient_loss | 0.00252     |
|    std                  | 0.0234      |
|    value_loss           | 3.58        |
-----------------------------------------
------------------------------------------
| rollout/                |              |
|    ep_len_mean          | 2e+03        |
|    ep_rew_mean          | 2.76e+03     |
| time/                   |              |
|    fps                  | 1737         |
|    iterations           | 244          |
|    time_elapsed         | 5463         |
|    total_timesteps      | 9494528      |
| train/                  |              |
|    approx_kl            | 0.0094813155 |
|    clip_fraction        | 0.118        |
|    clip_range           | 0.2          |
|    entropy_loss         | 4.67         |
|    explained_variance   | 0.997        |
|    learning_rate        | 0.000205     |
|    loss                 | 0.707        |
|    n_updates            | 2430         |
|    policy_gradient_loss | 0.00139      |
|    std                  | 0.0234       |
|    value_loss           | 1.96         |
------------------------------------------
Eval num_timesteps=9500000, episode_reward=935.46 +/- 1662.32
Episode length: 1904.45 +/- 178.22
-----------------------------------------
| eval/                   |             |
|    mean_ep_length       | 1.9e+03     |
|    mean_reward          | 935         |
| time/                   |             |
|    total_timesteps      | 9500000     |
| train/                  |             |
|    approx_kl            | 0.008639479 |
|    clip_fraction        | 0.101       |
|    clip_range           | 0.2         |
|    entropy_loss         | 4.67        |
|    explained_variance   | 0.993       |
|    learning_rate        | 0.000205    |
|    loss                 | 1.73        |
|    n_updates            | 2440        |
|    policy_gradient_loss | 0.00117     |
|    std                  | 0.0235      |
|    value_loss           | 4.12        |
-----------------------------------------
New best mean reward!
---------------------------------
| rollout/           |          |
|    ep_len_mean     | 2e+03    |
|    ep_rew_mean     | 2.77e+03 |
| time/              |          |
|    fps             | 1719     |
|    iterations      | 245      |
|    time_elapsed    | 5543     |
|    total_timesteps | 9533440  |
---------------------------------
-----------------------------------------
| rollout/                |             |
|    ep_len_mean          | 2e+03       |
|    ep_rew_mean          | 2.79e+03    |
| time/                   |             |
|    fps                  | 1719        |
|    iterations           | 246         |
|    time_elapsed         | 5567        |
|    total_timesteps      | 9572352     |
| train/                  |             |
|    approx_kl            | 0.010584292 |
|    clip_fraction        | 0.122       |
|    clip_range           | 0.2         |
|    entropy_loss         | 4.65        |
|    explained_variance   | 0.996       |
|    learning_rate        | 0.000205    |
|    loss                 | 0.858       |
|    n_updates            | 2450        |
|    policy_gradient_loss | 0.0013      |
|    std                  | 0.0237      |
|    value_loss           | 3.2         |
-----------------------------------------
-----------------------------------------
| rollout/                |             |
|    ep_len_mean          | 2e+03       |
|    ep_rew_mean          | 2.71e+03    |
| time/                   |             |
|    fps                  | 1719        |
|    iterations           | 247         |
|    time_elapsed         | 5591        |
|    total_timesteps      | 9611264     |
| train/                  |             |
|    approx_kl            | 0.014981327 |
|    clip_fraction        | 0.128       |
|    clip_range           | 0.2         |
|    entropy_loss         | 4.64        |
|    explained_variance   | 0.996       |
|    learning_rate        | 0.000204    |
|    loss                 | 2.81        |
|    n_updates            | 2460        |
|    policy_gradient_loss | 0.00125     |
|    std                  | 0.0238      |
|    value_loss           | 4.02        |
-----------------------------------------
-----------------------------------------
| rollout/                |             |
|    ep_len_mean          | 2e+03       |
|    ep_rew_mean          | 2.69e+03    |
| time/                   |             |
|    fps                  | 1718        |
|    iterations           | 248         |
|    time_elapsed         | 5615        |
|    total_timesteps      | 9650176     |
| train/                  |             |
|    approx_kl            | 0.009917735 |
|    clip_fraction        | 0.117       |
|    clip_range           | 0.2         |
|    entropy_loss         | 4.62        |
|    explained_variance   | 0.994       |
|    learning_rate        | 0.000204    |
|    loss                 | 0.904       |
|    n_updates            | 2470        |
|    policy_gradient_loss | 0.00415     |
|    std                  | 0.0241      |
|    value_loss           | 4.47        |
-----------------------------------------
-----------------------------------------
| rollout/                |             |
|    ep_len_mean          | 2e+03       |
|    ep_rew_mean          | 2.63e+03    |
| time/                   |             |
|    fps                  | 1718        |
|    iterations           | 249         |
|    time_elapsed         | 5639        |
|    total_timesteps      | 9689088     |
| train/                  |             |
|    approx_kl            | 0.016092837 |
|    clip_fraction        | 0.106       |
|    clip_range           | 0.2         |
|    entropy_loss         | 4.61        |
|    explained_variance   | 0.995       |
|    learning_rate        | 0.000203    |
|    loss                 | 3.11        |
|    n_updates            | 2480        |
|    policy_gradient_loss | 0.000941    |
|    std                  | 0.0243      |
|    value_loss           | 4.58        |
-----------------------------------------
Eval num_timesteps=9690000, episode_reward=964.59 +/- 1641.77
Episode length: 1900.25 +/- 188.85
-----------------------------------------
| eval/                   |             |
|    mean_ep_length       | 1.9e+03     |
|    mean_reward          | 965         |
| time/                   |             |
|    total_timesteps      | 9690000     |
| train/                  |             |
|    approx_kl            | 0.010261291 |
|    clip_fraction        | 0.119       |
|    clip_range           | 0.2         |
|    entropy_loss         | 4.59        |
|    explained_variance   | 0.997       |
|    learning_rate        | 0.000203    |
|    loss                 | 2.62        |
|    n_updates            | 2490        |
|    policy_gradient_loss | 0.00144     |
|    std                  | 0.0244      |
|    value_loss           | 3.37        |
-----------------------------------------
New best mean reward!
---------------------------------
| rollout/           |          |
|    ep_len_mean     | 2e+03    |
|    ep_rew_mean     | 2.58e+03 |
| time/              |          |
|    fps             | 1700     |
|    iterations      | 250      |
|    time_elapsed    | 5720     |
|    total_timesteps | 9728000  |
---------------------------------
-----------------------------------------
| rollout/                |             |
|    ep_len_mean          | 2e+03       |
|    ep_rew_mean          | 2.56e+03    |
| time/                   |             |
|    fps                  | 1700        |
|    iterations           | 251         |
|    time_elapsed         | 5744        |
|    total_timesteps      | 9766912     |
| train/                  |             |
|    approx_kl            | 0.018737257 |
|    clip_fraction        | 0.125       |
|    clip_range           | 0.2         |
|    entropy_loss         | 4.59        |
|    explained_variance   | 0.996       |
|    learning_rate        | 0.000203    |
|    loss                 | 0.669       |
|    n_updates            | 2500        |
|    policy_gradient_loss | 0.00239     |
|    std                  | 0.0244      |
|    value_loss           | 2.55        |
-----------------------------------------
-----------------------------------------
| rollout/                |             |
|    ep_len_mean          | 2e+03       |
|    ep_rew_mean          | 2.57e+03    |
| time/                   |             |
|    fps                  | 1699        |
|    iterations           | 252         |
|    time_elapsed         | 5769        |
|    total_timesteps      | 9805824     |
| train/                  |             |
|    approx_kl            | 0.012665751 |
|    clip_fraction        | 0.142       |
|    clip_range           | 0.2         |
|    entropy_loss         | 4.6         |
|    explained_variance   | 0.996       |
|    learning_rate        | 0.000202    |
|    loss                 | 2.46        |
|    n_updates            | 2510        |
|    policy_gradient_loss | 0.0012      |
|    std                  | 0.0243      |
|    value_loss           | 4.32        |
-----------------------------------------
------------------------------------------
| rollout/                |              |
|    ep_len_mean          | 2e+03        |
|    ep_rew_mean          | 2.58e+03     |
| time/                   |              |
|    fps                  | 1699         |
|    iterations           | 253          |
|    time_elapsed         | 5794         |
|    total_timesteps      | 9844736      |
| train/                  |              |
|    approx_kl            | 0.0094072865 |
|    clip_fraction        | 0.131        |
|    clip_range           | 0.2          |
|    entropy_loss         | 4.62         |
|    explained_variance   | 0.997        |
|    learning_rate        | 0.000202     |
|    loss                 | 1.97         |
|    n_updates            | 2520         |
|    policy_gradient_loss | 0.00236      |
|    std                  | 0.0239       |
|    value_loss           | 2.99         |
------------------------------------------
Eval num_timesteps=9880000, episode_reward=1006.35 +/- 1691.31
Episode length: 1951.60 +/- 109.34
-----------------------------------------
| eval/                   |             |
|    mean_ep_length       | 1.95e+03    |
|    mean_reward          | 1.01e+03    |
| time/                   |             |
|    total_timesteps      | 9880000     |
| train/                  |             |
|    approx_kl            | 0.010572837 |
|    clip_fraction        | 0.144       |
|    clip_range           | 0.2         |
|    entropy_loss         | 4.63        |
|    explained_variance   | 0.995       |
|    learning_rate        | 0.000202    |
|    loss                 | 0.979       |
|    n_updates            | 2530        |
|    policy_gradient_loss | 0.00277     |
|    std                  | 0.0238      |
|    value_loss           | 4.61        |
-----------------------------------------
New best mean reward!
---------------------------------
| rollout/           |          |
|    ep_len_mean     | 2e+03    |
|    ep_rew_mean     | 2.64e+03 |
| time/              |          |
|    fps             | 1682     |
|    iterations      | 254      |
|    time_elapsed    | 5873     |
|    total_timesteps | 9883648  |
---------------------------------
------------------------------------------
| rollout/                |              |
|    ep_len_mean          | 2e+03        |
|    ep_rew_mean          | 2.66e+03     |
| time/                   |              |
|    fps                  | 1682         |
|    iterations           | 255          |
|    time_elapsed         | 5897         |
|    total_timesteps      | 9922560      |
| train/                  |              |
|    approx_kl            | 0.0074569434 |
|    clip_fraction        | 0.11         |
|    clip_range           | 0.2          |
|    entropy_loss         | 4.64         |
|    explained_variance   | 0.995        |
|    learning_rate        | 0.000201     |
|    loss                 | 3.03         |
|    n_updates            | 2540         |
|    policy_gradient_loss | 0.000671     |
|    std                  | 0.0238       |
|    value_loss           | 4.3          |
------------------------------------------
-----------------------------------------
| rollout/                |             |
|    ep_len_mean          | 2e+03       |
|    ep_rew_mean          | 2.67e+03    |
| time/                   |             |
|    fps                  | 1682        |
|    iterations           | 256         |
|    time_elapsed         | 5921        |
|    total_timesteps      | 9961472     |
| train/                  |             |
|    approx_kl            | 0.013185281 |
|    clip_fraction        | 0.14        |
|    clip_range           | 0.2         |
|    entropy_loss         | 4.63        |
|    explained_variance   | 0.994       |
|    learning_rate        | 0.000201    |
|    loss                 | 1.24        |
|    n_updates            | 2550        |
|    policy_gradient_loss | 0.00254     |
|    std                  | 0.0239      |
|    value_loss           | 4.67        |
-----------------------------------------
-----------------------------------------
| rollout/                |             |
|    ep_len_mean          | 2e+03       |
|    ep_rew_mean          | 2.67e+03    |
| time/                   |             |
|    fps                  | 1682        |
|    iterations           | 257         |
|    time_elapsed         | 5945        |
|    total_timesteps      | 10000384    |
| train/                  |             |
|    approx_kl            | 0.009505744 |
|    clip_fraction        | 0.123       |
|    clip_range           | 0.2         |
|    entropy_loss         | 4.63        |
|    explained_variance   | 0.996       |
|    learning_rate        | 0.0002      |
|    loss                 | 1.48        |
|    n_updates            | 2560        |
|    policy_gradient_loss | 0.000802    |
|    std                  | 0.0239      |
|    value_loss           | 3.92        |
-----------------------------------------
-----------------------------------------
| rollout/                |             |
|    ep_len_mean          | 2e+03       |
|    ep_rew_mean          | 2.69e+03    |
| time/                   |             |
|    fps                  | 1681        |
|    iterations           | 258         |
|    time_elapsed         | 5969        |
|    total_timesteps      | 10039296    |
| train/                  |             |
|    approx_kl            | 0.012060111 |
|    clip_fraction        | 0.156       |
|    clip_range           | 0.2         |
|    entropy_loss         | 4.62        |
|    explained_variance   | 0.995       |
|    learning_rate        | 0.0002      |
|    loss                 | 2.57        |
|    n_updates            | 2570        |
|    policy_gradient_loss | 0.00238     |
|    std                  | 0.0241      |
|    value_loss           | 3.87        |
-----------------------------------------
Eval num_timesteps=10070000, episode_reward=1095.01 +/- 1655.58
Episode length: 1969.85 +/- 69.65
-----------------------------------------
| eval/                   |             |
|    mean_ep_length       | 1.97e+03    |
|    mean_reward          | 1.1e+03     |
| time/                   |             |
|    total_timesteps      | 10070000    |
| train/                  |             |
|    approx_kl            | 0.009399572 |
|    clip_fraction        | 0.117       |
|    clip_range           | 0.2         |
|    entropy_loss         | 4.62        |
|    explained_variance   | 0.994       |
|    learning_rate        | 0.0002      |
|    loss                 | 2.37        |
|    n_updates            | 2580        |
|    policy_gradient_loss | 0.00122     |
|    std                  | 0.024       |
|    value_loss           | 4.38        |
-----------------------------------------
New best mean reward!
---------------------------------
| rollout/           |          |
|    ep_len_mean     | 2e+03    |
|    ep_rew_mean     | 2.66e+03 |
| time/              |          |
|    fps             | 1665     |
|    iterations      | 259      |
|    time_elapsed    | 6049     |
|    total_timesteps | 10078208 |
---------------------------------
-----------------------------------------
| rollout/                |             |
|    ep_len_mean          | 2e+03       |
|    ep_rew_mean          | 2.66e+03    |
| time/                   |             |
|    fps                  | 1665        |
|    iterations           | 260         |
|    time_elapsed         | 6073        |
|    total_timesteps      | 10117120    |
| train/                  |             |
|    approx_kl            | 0.007881017 |
|    clip_fraction        | 0.108       |
|    clip_range           | 0.2         |
|    entropy_loss         | 4.61        |
|    explained_variance   | 0.995       |
|    learning_rate        | 0.000199    |
|    loss                 | 1.97        |
|    n_updates            | 2590        |
|    policy_gradient_loss | 0.00123     |
|    std                  | 0.0242      |
|    value_loss           | 4.86        |
-----------------------------------------
-----------------------------------------
| rollout/                |             |
|    ep_len_mean          | 2e+03       |
|    ep_rew_mean          | 2.68e+03    |
| time/                   |             |
|    fps                  | 1665        |
|    iterations           | 261         |
|    time_elapsed         | 6097        |
|    total_timesteps      | 10156032    |
| train/                  |             |
|    approx_kl            | 0.012501446 |
|    clip_fraction        | 0.155       |
|    clip_range           | 0.2         |
|    entropy_loss         | 4.61        |
|    explained_variance   | 0.996       |
|    learning_rate        | 0.000199    |
|    loss                 | 1.63        |
|    n_updates            | 2600        |
|    policy_gradient_loss | 0.00292     |
|    std                  | 0.0243      |
|    value_loss           | 3.57        |
-----------------------------------------
-----------------------------------------
| rollout/                |             |
|    ep_len_mean          | 2e+03       |
|    ep_rew_mean          | 2.64e+03    |
| time/                   |             |
|    fps                  | 1665        |
|    iterations           | 262         |
|    time_elapsed         | 6121        |
|    total_timesteps      | 10194944    |
| train/                  |             |
|    approx_kl            | 0.009088982 |
|    clip_fraction        | 0.109       |
|    clip_range           | 0.2         |
|    entropy_loss         | 4.59        |
|    explained_variance   | 0.995       |
|    learning_rate        | 0.000198    |
|    loss                 | 2.77        |
|    n_updates            | 2610        |
|    policy_gradient_loss | 0.0013      |
|    std                  | 0.0244      |
|    value_loss           | 4.56        |
-----------------------------------------
-----------------------------------------
| rollout/                |             |
|    ep_len_mean          | 2e+03       |
|    ep_rew_mean          | 2.61e+03    |
| time/                   |             |
|    fps                  | 1665        |
|    iterations           | 263         |
|    time_elapsed         | 6144        |
|    total_timesteps      | 10233856    |
| train/                  |             |
|    approx_kl            | 0.021117762 |
|    clip_fraction        | 0.128       |
|    clip_range           | 0.2         |
|    entropy_loss         | 4.58        |
|    explained_variance   | 0.995       |
|    learning_rate        | 0.000198    |
|    loss                 | 2.07        |
|    n_updates            | 2620        |
|    policy_gradient_loss | 0.002       |
|    std                  | 0.0246      |
|    value_loss           | 5.57        |
-----------------------------------------
Eval num_timesteps=10260000, episode_reward=1141.25 +/- 1602.07
Episode length: 1915.85 +/- 135.46
-----------------------------------------
| eval/                   |             |
|    mean_ep_length       | 1.92e+03    |
|    mean_reward          | 1.14e+03    |
| time/                   |             |
|    total_timesteps      | 10260000    |
| train/                  |             |
|    approx_kl            | 0.014505797 |
|    clip_fraction        | 0.141       |
|    clip_range           | 0.2         |
|    entropy_loss         | 4.57        |
|    explained_variance   | 0.997       |
|    learning_rate        | 0.000198    |
|    loss                 | 1.13        |
|    n_updates            | 2630        |
|    policy_gradient_loss | 0.00305     |
|    std                  | 0.0247      |
|    value_loss           | 2.96        |
-----------------------------------------
New best mean reward!
---------------------------------
| rollout/           |          |
|    ep_len_mean     | 2e+03    |
|    ep_rew_mean     | 2.63e+03 |
| time/              |          |
|    fps             | 1650     |
|    iterations      | 264      |
|    time_elapsed    | 6223     |
|    total_timesteps | 10272768 |
---------------------------------
-----------------------------------------
| rollout/                |             |
|    ep_len_mean          | 1.99e+03    |
|    ep_rew_mean          | 2.61e+03    |
| time/                   |             |
|    fps                  | 1650        |
|    iterations           | 265         |
|    time_elapsed         | 6247        |
|    total_timesteps      | 10311680    |
| train/                  |             |
|    approx_kl            | 0.012506718 |
|    clip_fraction        | 0.129       |
|    clip_range           | 0.2         |
|    entropy_loss         | 4.57        |
|    explained_variance   | 0.996       |
|    learning_rate        | 0.000197    |
|    loss                 | 2.34        |
|    n_updates            | 2640        |
|    policy_gradient_loss | 0.00127     |
|    std                  | 0.0247      |
|    value_loss           | 4           |
-----------------------------------------
-----------------------------------------
| rollout/                |             |
|    ep_len_mean          | 1.99e+03    |
|    ep_rew_mean          | 2.61e+03    |
| time/                   |             |
|    fps                  | 1650        |
|    iterations           | 266         |
|    time_elapsed         | 6271        |
|    total_timesteps      | 10350592    |
| train/                  |             |
|    approx_kl            | 0.019369507 |
|    clip_fraction        | 0.121       |
|    clip_range           | 0.2         |
|    entropy_loss         | 4.56        |
|    explained_variance   | 0.994       |
|    learning_rate        | 0.000197    |
|    loss                 | 1.12        |
|    n_updates            | 2650        |
|    policy_gradient_loss | 0.00129     |
|    std                  | 0.0249      |
|    value_loss           | 4.04        |
-----------------------------------------
-----------------------------------------
| rollout/                |             |
|    ep_len_mean          | 2e+03       |
|    ep_rew_mean          | 2.62e+03    |
| time/                   |             |
|    fps                  | 1649        |
|    iterations           | 267         |
|    time_elapsed         | 6298        |
|    total_timesteps      | 10389504    |
| train/                  |             |
|    approx_kl            | 0.009797529 |
|    clip_fraction        | 0.107       |
|    clip_range           | 0.2         |
|    entropy_loss         | 4.55        |
|    explained_variance   | 0.995       |
|    learning_rate        | 0.000196    |
|    loss                 | 1.52        |
|    n_updates            | 2660        |
|    policy_gradient_loss | 0.00132     |
|    std                  | 0.025       |
|    value_loss           | 3.86        |
-----------------------------------------
-----------------------------------------
| rollout/                |             |
|    ep_len_mean          | 2e+03       |
|    ep_rew_mean          | 2.65e+03    |
| time/                   |             |
|    fps                  | 1649        |
|    iterations           | 268         |
|    time_elapsed         | 6322        |
|    total_timesteps      | 10428416    |
| train/                  |             |
|    approx_kl            | 0.011122987 |
|    clip_fraction        | 0.14        |
|    clip_range           | 0.2         |
|    entropy_loss         | 4.55        |
|    explained_variance   | 0.996       |
|    learning_rate        | 0.000196    |
|    loss                 | 2.55        |
|    n_updates            | 2670        |
|    policy_gradient_loss | 0.00311     |
|    std                  | 0.0249      |
|    value_loss           | 4.29        |
-----------------------------------------
Eval num_timesteps=10450000, episode_reward=1126.47 +/- 1612.58
Episode length: 1895.50 +/- 163.84
-----------------------------------------
| eval/                   |             |
|    mean_ep_length       | 1.9e+03     |
|    mean_reward          | 1.13e+03    |
| time/                   |             |
|    total_timesteps      | 10450000    |
| train/                  |             |
|    approx_kl            | 0.029178852 |
|    clip_fraction        | 0.15        |
|    clip_range           | 0.2         |
|    entropy_loss         | 4.55        |
|    explained_variance   | 0.993       |
|    learning_rate        | 0.000196    |
|    loss                 | 2.84        |
|    n_updates            | 2680        |
|    policy_gradient_loss | 0.0029      |
|    std                  | 0.025       |
|    value_loss           | 4.39        |
-----------------------------------------
---------------------------------
| rollout/           |          |
|    ep_len_mean     | 2e+03    |
|    ep_rew_mean     | 2.6e+03  |
| time/              |          |
|    fps             | 1635     |
|    iterations      | 269      |
|    time_elapsed    | 6401     |
|    total_timesteps | 10467328 |
---------------------------------
-----------------------------------------
| rollout/                |             |
|    ep_len_mean          | 2e+03       |
|    ep_rew_mean          | 2.59e+03    |
| time/                   |             |
|    fps                  | 1635        |
|    iterations           | 270         |
|    time_elapsed         | 6425        |
|    total_timesteps      | 10506240    |
| train/                  |             |
|    approx_kl            | 0.009917251 |
|    clip_fraction        | 0.11        |
|    clip_range           | 0.2         |
|    entropy_loss         | 4.54        |
|    explained_variance   | 0.996       |
|    learning_rate        | 0.000195    |
|    loss                 | 2.74        |
|    n_updates            | 2690        |
|    policy_gradient_loss | 0.000786    |
|    std                  | 0.0251      |
|    value_loss           | 4.58        |
-----------------------------------------
-----------------------------------------
| rollout/                |             |
|    ep_len_mean          | 2e+03       |
|    ep_rew_mean          | 2.59e+03    |
| time/                   |             |
|    fps                  | 1634        |
|    iterations           | 271         |
|    time_elapsed         | 6450        |
|    total_timesteps      | 10545152    |
| train/                  |             |
|    approx_kl            | 0.009290153 |
|    clip_fraction        | 0.0983      |
|    clip_range           | 0.2         |
|    entropy_loss         | 4.54        |
|    explained_variance   | 0.995       |
|    learning_rate        | 0.000195    |
|    loss                 | 1.8         |
|    n_updates            | 2700        |
|    policy_gradient_loss | 0.000412    |
|    std                  | 0.025       |
|    value_loss           | 4.89        |
-----------------------------------------
-----------------------------------------
| rollout/                |             |
|    ep_len_mean          | 2e+03       |
|    ep_rew_mean          | 2.61e+03    |
| time/                   |             |
|    fps                  | 1634        |
|    iterations           | 272         |
|    time_elapsed         | 6474        |
|    total_timesteps      | 10584064    |
| train/                  |             |
|    approx_kl            | 0.008556642 |
|    clip_fraction        | 0.126       |
|    clip_range           | 0.2         |
|    entropy_loss         | 4.55        |
|    explained_variance   | 0.992       |
|    learning_rate        | 0.000195    |
|    loss                 | 2.33        |
|    n_updates            | 2710        |
|    policy_gradient_loss | 0.000204    |
|    std                  | 0.0249      |
|    value_loss           | 5.48        |
-----------------------------------------
------------------------------------------
| rollout/                |              |
|    ep_len_mean          | 2e+03        |
|    ep_rew_mean          | 2.58e+03     |
| time/                   |              |
|    fps                  | 1634         |
|    iterations           | 273          |
|    time_elapsed         | 6498         |
|    total_timesteps      | 10622976     |
| train/                  |              |
|    approx_kl            | 0.0105845565 |
|    clip_fraction        | 0.12         |
|    clip_range           | 0.2          |
|    entropy_loss         | 4.55         |
|    explained_variance   | 0.994        |
|    learning_rate        | 0.000194     |
|    loss                 | 3.45         |
|    n_updates            | 2720         |
|    policy_gradient_loss | 0.00213      |
|    std                  | 0.0249       |
|    value_loss           | 5.6          |
------------------------------------------
Eval num_timesteps=10640000, episode_reward=1258.75 +/- 1583.95
Episode length: 1932.05 +/- 121.13
-----------------------------------------
| eval/                   |             |
|    mean_ep_length       | 1.93e+03    |
|    mean_reward          | 1.26e+03    |
| time/                   |             |
|    total_timesteps      | 10640000    |
| train/                  |             |
|    approx_kl            | 0.017549556 |
|    clip_fraction        | 0.154       |
|    clip_range           | 0.2         |
|    entropy_loss         | 4.56        |
|    explained_variance   | 0.992       |
|    learning_rate        | 0.000194    |
|    loss                 | 1.7         |
|    n_updates            | 2730        |
|    policy_gradient_loss | 0.00302     |
|    std                  | 0.0248      |
|    value_loss           | 7.9         |
-----------------------------------------
New best mean reward!
---------------------------------
| rollout/           |          |
|    ep_len_mean     | 2e+03    |
|    ep_rew_mean     | 2.59e+03 |
| time/              |          |
|    fps             | 1620     |
|    iterations      | 274      |
|    time_elapsed    | 6578     |
|    total_timesteps | 10661888 |
---------------------------------
-----------------------------------------
| rollout/                |             |
|    ep_len_mean          | 2e+03       |
|    ep_rew_mean          | 2.64e+03    |
| time/                   |             |
|    fps                  | 1620        |
|    iterations           | 275         |
|    time_elapsed         | 6602        |
|    total_timesteps      | 10700800    |
| train/                  |             |
|    approx_kl            | 0.008991067 |
|    clip_fraction        | 0.122       |
|    clip_range           | 0.2         |
|    entropy_loss         | 4.57        |
|    explained_variance   | 0.995       |
|    learning_rate        | 0.000193    |
|    loss                 | 0.746       |
|    n_updates            | 2740        |
|    policy_gradient_loss | 0.00203     |
|    std                  | 0.0247      |
|    value_loss           | 4.51        |
-----------------------------------------
------------------------------------------
| rollout/                |              |
|    ep_len_mean          | 2e+03        |
|    ep_rew_mean          | 2.61e+03     |
| time/                   |              |
|    fps                  | 1620         |
|    iterations           | 276          |
|    time_elapsed         | 6626         |
|    total_timesteps      | 10739712     |
| train/                  |              |
|    approx_kl            | 0.0101093985 |
|    clip_fraction        | 0.129        |
|    clip_range           | 0.2          |
|    entropy_loss         | 4.56         |
|    explained_variance   | 0.993        |
|    learning_rate        | 0.000193     |
|    loss                 | 2            |
|    n_updates            | 2750         |
|    policy_gradient_loss | 0.00238      |
|    std                  | 0.0249       |
|    value_loss           | 4.41         |
------------------------------------------
-----------------------------------------
| rollout/                |             |
|    ep_len_mean          | 2e+03       |
|    ep_rew_mean          | 2.55e+03    |
| time/                   |             |
|    fps                  | 1620        |
|    iterations           | 277         |
|    time_elapsed         | 6651        |
|    total_timesteps      | 10778624    |
| train/                  |             |
|    approx_kl            | 0.007531301 |
|    clip_fraction        | 0.124       |
|    clip_range           | 0.2         |
|    entropy_loss         | 4.55        |
|    explained_variance   | 0.993       |
|    learning_rate        | 0.000193    |
|    loss                 | 2.25        |
|    n_updates            | 2760        |
|    policy_gradient_loss | 0.0018      |
|    std                  | 0.025       |
|    value_loss           | 5.2         |
-----------------------------------------
-----------------------------------------
| rollout/                |             |
|    ep_len_mean          | 2e+03       |
|    ep_rew_mean          | 2.58e+03    |
| time/                   |             |
|    fps                  | 1620        |
|    iterations           | 278         |
|    time_elapsed         | 6675        |
|    total_timesteps      | 10817536    |
| train/                  |             |
|    approx_kl            | 0.011578099 |
|    clip_fraction        | 0.131       |
|    clip_range           | 0.2         |
|    entropy_loss         | 4.54        |
|    explained_variance   | 0.997       |
|    learning_rate        | 0.000192    |
|    loss                 | 0.644       |
|    n_updates            | 2770        |
|    policy_gradient_loss | 0.000512    |
|    std                  | 0.025       |
|    value_loss           | 3.84        |
-----------------------------------------
Eval num_timesteps=10830000, episode_reward=1294.49 +/- 1563.79
Episode length: 1939.75 +/- 115.34
-----------------------------------------
| eval/                   |             |
|    mean_ep_length       | 1.94e+03    |
|    mean_reward          | 1.29e+03    |
| time/                   |             |
|    total_timesteps      | 10830000    |
| train/                  |             |
|    approx_kl            | 0.016556295 |
|    clip_fraction        | 0.135       |
|    clip_range           | 0.2         |
|    entropy_loss         | 4.55        |
|    explained_variance   | 0.991       |
|    learning_rate        | 0.000192    |
|    loss                 | 3.35        |
|    n_updates            | 2780        |
|    policy_gradient_loss | 0.00183     |
|    std                  | 0.025       |
|    value_loss           | 5.94        |
-----------------------------------------
New best mean reward!
---------------------------------
| rollout/           |          |
|    ep_len_mean     | 2e+03    |
|    ep_rew_mean     | 2.53e+03 |
| time/              |          |
|    fps             | 1606     |
|    iterations      | 279      |
|    time_elapsed    | 6755     |
|    total_timesteps | 10856448 |
---------------------------------
-----------------------------------------
| rollout/                |             |
|    ep_len_mean          | 2e+03       |
|    ep_rew_mean          | 2.47e+03    |
| time/                   |             |
|    fps                  | 1607        |
|    iterations           | 280         |
|    time_elapsed         | 6779        |
|    total_timesteps      | 10895360    |
| train/                  |             |
|    approx_kl            | 0.011522342 |
|    clip_fraction        | 0.122       |
|    clip_range           | 0.2         |
|    entropy_loss         | 4.54        |
|    explained_variance   | 0.991       |
|    learning_rate        | 0.000191    |
|    loss                 | 2.93        |
|    n_updates            | 2790        |
|    policy_gradient_loss | 0.00382     |
|    std                  | 0.0251      |
|    value_loss           | 6.11        |
-----------------------------------------
-----------------------------------------
| rollout/                |             |
|    ep_len_mean          | 2e+03       |
|    ep_rew_mean          | 2.48e+03    |
| time/                   |             |
|    fps                  | 1607        |
|    iterations           | 281         |
|    time_elapsed         | 6803        |
|    total_timesteps      | 10934272    |
| train/                  |             |
|    approx_kl            | 0.008145494 |
|    clip_fraction        | 0.116       |
|    clip_range           | 0.2         |
|    entropy_loss         | 4.53        |
|    explained_variance   | 0.994       |
|    learning_rate        | 0.000191    |
|    loss                 | 6.12        |
|    n_updates            | 2800        |
|    policy_gradient_loss | 0.00217     |
|    std                  | 0.0251      |
|    value_loss           | 5.29        |
-----------------------------------------
-----------------------------------------
| rollout/                |             |
|    ep_len_mean          | 2e+03       |
|    ep_rew_mean          | 2.52e+03    |
| time/                   |             |
|    fps                  | 1607        |
|    iterations           | 282         |
|    time_elapsed         | 6827        |
|    total_timesteps      | 10973184    |
| train/                  |             |
|    approx_kl            | 0.012536602 |
|    clip_fraction        | 0.114       |
|    clip_range           | 0.2         |
|    entropy_loss         | 4.53        |
|    explained_variance   | 0.994       |
|    learning_rate        | 0.000191    |
|    loss                 | 2.31        |
|    n_updates            | 2810        |
|    policy_gradient_loss | 0.00104     |
|    std                  | 0.0251      |
|    value_loss           | 5.48        |
-----------------------------------------
-----------------------------------------
| rollout/                |             |
|    ep_len_mean          | 2e+03       |
|    ep_rew_mean          | 2.52e+03    |
| time/                   |             |
|    fps                  | 1607        |
|    iterations           | 283         |
|    time_elapsed         | 6851        |
|    total_timesteps      | 11012096    |
| train/                  |             |
|    approx_kl            | 0.014262667 |
|    clip_fraction        | 0.147       |
|    clip_range           | 0.2         |
|    entropy_loss         | 4.53        |
|    explained_variance   | 0.993       |
|    learning_rate        | 0.00019     |
|    loss                 | 2.23        |
|    n_updates            | 2820        |
|    policy_gradient_loss | 0.00308     |
|    std                  | 0.0252      |
|    value_loss           | 5.21        |
-----------------------------------------
Eval num_timesteps=11020000, episode_reward=1497.93 +/- 1478.01
Episode length: 1992.55 +/- 32.47
-----------------------------------------
| eval/                   |             |
|    mean_ep_length       | 1.99e+03    |
|    mean_reward          | 1.5e+03     |
| time/                   |             |
|    total_timesteps      | 11020000    |
| train/                  |             |
|    approx_kl            | 0.008773065 |
|    clip_fraction        | 0.101       |
|    clip_range           | 0.2         |
|    entropy_loss         | 4.52        |
|    explained_variance   | 0.995       |
|    learning_rate        | 0.00019     |
|    loss                 | 0.849       |
|    n_updates            | 2830        |
|    policy_gradient_loss | 0.000236    |
|    std                  | 0.0253      |
|    value_loss           | 5           |
-----------------------------------------
New best mean reward!
---------------------------------
| rollout/           |          |
|    ep_len_mean     | 2e+03    |
|    ep_rew_mean     | 2.52e+03 |
| time/              |          |
|    fps             | 1593     |
|    iterations      | 284      |
|    time_elapsed    | 6935     |
|    total_timesteps | 11051008 |
---------------------------------
-----------------------------------------
| rollout/                |             |
|    ep_len_mean          | 2e+03       |
|    ep_rew_mean          | 2.57e+03    |
| time/                   |             |
|    fps                  | 1593        |
|    iterations           | 285         |
|    time_elapsed         | 6959        |
|    total_timesteps      | 11089920    |
| train/                  |             |
|    approx_kl            | 0.011229199 |
|    clip_fraction        | 0.13        |
|    clip_range           | 0.2         |
|    entropy_loss         | 4.52        |
|    explained_variance   | 0.994       |
|    learning_rate        | 0.000189    |
|    loss                 | 1.07        |
|    n_updates            | 2840        |
|    policy_gradient_loss | 0.000399    |
|    std                  | 0.0253      |
|    value_loss           | 4.88        |
-----------------------------------------
-----------------------------------------
| rollout/                |             |
|    ep_len_mean          | 2e+03       |
|    ep_rew_mean          | 2.6e+03     |
| time/                   |             |
|    fps                  | 1593        |
|    iterations           | 286         |
|    time_elapsed         | 6983        |
|    total_timesteps      | 11128832    |
| train/                  |             |
|    approx_kl            | 0.009710247 |
|    clip_fraction        | 0.134       |
|    clip_range           | 0.2         |
|    entropy_loss         | 4.51        |
|    explained_variance   | 0.992       |
|    learning_rate        | 0.000189    |
|    loss                 | 4.05        |
|    n_updates            | 2850        |
|    policy_gradient_loss | 0.00161     |
|    std                  | 0.0254      |
|    value_loss           | 5.92        |
-----------------------------------------
-----------------------------------------
| rollout/                |             |
|    ep_len_mean          | 2e+03       |
|    ep_rew_mean          | 2.6e+03     |
| time/                   |             |
|    fps                  | 1593        |
|    iterations           | 287         |
|    time_elapsed         | 7008        |
|    total_timesteps      | 11167744    |
| train/                  |             |
|    approx_kl            | 0.008834134 |
|    clip_fraction        | 0.115       |
|    clip_range           | 0.2         |
|    entropy_loss         | 4.51        |
|    explained_variance   | 0.992       |
|    learning_rate        | 0.000189    |
|    loss                 | 3.01        |
|    n_updates            | 2860        |
|    policy_gradient_loss | 0.000809    |
|    std                  | 0.0255      |
|    value_loss           | 5.94        |
-----------------------------------------
------------------------------------------
| rollout/                |              |
|    ep_len_mean          | 2e+03        |
|    ep_rew_mean          | 2.61e+03     |
| time/                   |              |
|    fps                  | 1593         |
|    iterations           | 288          |
|    time_elapsed         | 7032         |
|    total_timesteps      | 11206656     |
| train/                  |              |
|    approx_kl            | 0.0088135395 |
|    clip_fraction        | 0.128        |
|    clip_range           | 0.2          |
|    entropy_loss         | 4.5          |
|    explained_variance   | 0.992        |
|    learning_rate        | 0.000188     |
|    loss                 | 2.23         |
|    n_updates            | 2870         |
|    policy_gradient_loss | 0.00162      |
|    std                  | 0.0256       |
|    value_loss           | 5.84         |
------------------------------------------
Eval num_timesteps=11210000, episode_reward=1487.82 +/- 1565.13
Episode length: 2000.00 +/- 0.00
-----------------------------------------
| eval/                   |             |
|    mean_ep_length       | 2e+03       |
|    mean_reward          | 1.49e+03    |
| time/                   |             |
|    total_timesteps      | 11210000    |
| train/                  |             |
|    approx_kl            | 0.012038785 |
|    clip_fraction        | 0.117       |
|    clip_range           | 0.2         |
|    entropy_loss         | 4.49        |
|    explained_variance   | 0.993       |
|    learning_rate        | 0.000188    |
|    loss                 | 2.5         |
|    n_updates            | 2880        |
|    policy_gradient_loss | 0.00106     |
|    std                  | 0.0257      |
|    value_loss           | 6.11        |
-----------------------------------------
---------------------------------
| rollout/           |          |
|    ep_len_mean     | 2e+03    |
|    ep_rew_mean     | 2.59e+03 |
| time/              |          |
|    fps             | 1580     |
|    iterations      | 289      |
|    time_elapsed    | 7114     |
|    total_timesteps | 11245568 |
---------------------------------
-----------------------------------------
| rollout/                |             |
|    ep_len_mean          | 2e+03       |
|    ep_rew_mean          | 2.56e+03    |
| time/                   |             |
|    fps                  | 1580        |
|    iterations           | 290         |
|    time_elapsed         | 7138        |
|    total_timesteps      | 11284480    |
| train/                  |             |
|    approx_kl            | 0.009168086 |
|    clip_fraction        | 0.115       |
|    clip_range           | 0.2         |
|    entropy_loss         | 4.48        |
|    explained_variance   | 0.994       |
|    learning_rate        | 0.000188    |
|    loss                 | 2.24        |
|    n_updates            | 2890        |
|    policy_gradient_loss | 0.00129     |
|    std                  | 0.0258      |
|    value_loss           | 5.93        |
-----------------------------------------
-----------------------------------------
| rollout/                |             |
|    ep_len_mean          | 2e+03       |
|    ep_rew_mean          | 2.53e+03    |
| time/                   |             |
|    fps                  | 1580        |
|    iterations           | 291         |
|    time_elapsed         | 7164        |
|    total_timesteps      | 11323392    |
| train/                  |             |
|    approx_kl            | 0.009695731 |
|    clip_fraction        | 0.119       |
|    clip_range           | 0.2         |
|    entropy_loss         | 4.47        |
|    explained_variance   | 0.996       |
|    learning_rate        | 0.000187    |
|    loss                 | 1.9         |
|    n_updates            | 2900        |
|    policy_gradient_loss | 0.00128     |
|    std                  | 0.0259      |
|    value_loss           | 3.85        |
-----------------------------------------
-----------------------------------------
| rollout/                |             |
|    ep_len_mean          | 2e+03       |
|    ep_rew_mean          | 2.51e+03    |
| time/                   |             |
|    fps                  | 1580        |
|    iterations           | 292         |
|    time_elapsed         | 7189        |
|    total_timesteps      | 11362304    |
| train/                  |             |
|    approx_kl            | 0.010806784 |
|    clip_fraction        | 0.0971      |
|    clip_range           | 0.2         |
|    entropy_loss         | 4.47        |
|    explained_variance   | 0.99        |
|    learning_rate        | 0.000187    |
|    loss                 | 1.28        |
|    n_updates            | 2910        |
|    policy_gradient_loss | 0.000875    |
|    std                  | 0.0259      |
|    value_loss           | 5.79        |
-----------------------------------------
Eval num_timesteps=11400000, episode_reward=1575.85 +/- 1489.61
Episode length: 2000.00 +/- 0.00
-----------------------------------------
| eval/                   |             |
|    mean_ep_length       | 2e+03       |
|    mean_reward          | 1.58e+03    |
| time/                   |             |
|    total_timesteps      | 11400000    |
| train/                  |             |
|    approx_kl            | 0.008936759 |
|    clip_fraction        | 0.107       |
|    clip_range           | 0.2         |
|    entropy_loss         | 4.47        |
|    explained_variance   | 0.994       |
|    learning_rate        | 0.000186    |
|    loss                 | 5.55        |
|    n_updates            | 2920        |
|    policy_gradient_loss | 0.000898    |
|    std                  | 0.026       |
|    value_loss           | 5.84        |
-----------------------------------------
New best mean reward!
---------------------------------
| rollout/           |          |
|    ep_len_mean     | 2e+03    |
|    ep_rew_mean     | 2.48e+03 |
| time/              |          |
|    fps             | 1567     |
|    iterations      | 293      |
|    time_elapsed    | 7271     |
|    total_timesteps | 11401216 |
---------------------------------
-----------------------------------------
| rollout/                |             |
|    ep_len_mean          | 2e+03       |
|    ep_rew_mean          | 2.52e+03    |
| time/                   |             |
|    fps                  | 1568        |
|    iterations           | 294         |
|    time_elapsed         | 7295        |
|    total_timesteps      | 11440128    |
| train/                  |             |
|    approx_kl            | 0.008972334 |
|    clip_fraction        | 0.104       |
|    clip_range           | 0.2         |
|    entropy_loss         | 4.46        |
|    explained_variance   | 0.992       |
|    learning_rate        | 0.000186    |
|    loss                 | 1.86        |
|    n_updates            | 2930        |
|    policy_gradient_loss | 0.000762    |
|    std                  | 0.0261      |
|    value_loss           | 7           |
-----------------------------------------
------------------------------------------
| rollout/                |              |
|    ep_len_mean          | 2e+03        |
|    ep_rew_mean          | 2.58e+03     |
| time/                   |              |
|    fps                  | 1568         |
|    iterations           | 295          |
|    time_elapsed         | 7319         |
|    total_timesteps      | 11479040     |
| train/                  |              |
|    approx_kl            | 0.0106259165 |
|    clip_fraction        | 0.143        |
|    clip_range           | 0.2          |
|    entropy_loss         | 4.46         |
|    explained_variance   | 0.991        |
|    learning_rate        | 0.000186     |
|    loss                 | 8.51         |
|    n_updates            | 2940         |
|    policy_gradient_loss | 0.00139      |
|    std                  | 0.0262       |
|    value_loss           | 7.71         |
------------------------------------------
------------------------------------------
| rollout/                |              |
|    ep_len_mean          | 2e+03        |
|    ep_rew_mean          | 2.53e+03     |
| time/                   |              |
|    fps                  | 1568         |
|    iterations           | 296          |
|    time_elapsed         | 7343         |
|    total_timesteps      | 11517952     |
| train/                  |              |
|    approx_kl            | 0.0107351495 |
|    clip_fraction        | 0.129        |
|    clip_range           | 0.2          |
|    entropy_loss         | 4.45         |
|    explained_variance   | 0.993        |
|    learning_rate        | 0.000185     |
|    loss                 | 1.99         |
|    n_updates            | 2950         |
|    policy_gradient_loss | 0.00144      |
|    std                  | 0.0263       |
|    value_loss           | 5.34         |
------------------------------------------
-----------------------------------------
| rollout/                |             |
|    ep_len_mean          | 2e+03       |
|    ep_rew_mean          | 2.57e+03    |
| time/                   |             |
|    fps                  | 1568        |
|    iterations           | 297         |
|    time_elapsed         | 7368        |
|    total_timesteps      | 11556864    |
| train/                  |             |
|    approx_kl            | 0.011458844 |
|    clip_fraction        | 0.127       |
|    clip_range           | 0.2         |
|    entropy_loss         | 4.44        |
|    explained_variance   | 0.99        |
|    learning_rate        | 0.000185    |
|    loss                 | 4.72        |
|    n_updates            | 2960        |
|    policy_gradient_loss | 0.00174     |
|    std                  | 0.0264      |
|    value_loss           | 7.6         |
-----------------------------------------
Eval num_timesteps=11590000, episode_reward=1608.97 +/- 1380.45
Episode length: 2000.00 +/- 0.00
------------------------------------------
| eval/                   |              |
|    mean_ep_length       | 2e+03        |
|    mean_reward          | 1.61e+03     |
| time/                   |              |
|    total_timesteps      | 11590000     |
| train/                  |              |
|    approx_kl            | 0.0103223305 |
|    clip_fraction        | 0.147        |
|    clip_range           | 0.2          |
|    entropy_loss         | 4.43         |
|    explained_variance   | 0.993        |
|    learning_rate        | 0.000184     |
|    loss                 | 2.49         |
|    n_updates            | 2970         |
|    policy_gradient_loss | 0.00245      |
|    std                  | 0.0264       |
|    value_loss           | 4.87         |
------------------------------------------
New best mean reward!
---------------------------------
| rollout/           |          |
|    ep_len_mean     | 2e+03    |
|    ep_rew_mean     | 2.57e+03 |
| time/              |          |
|    fps             | 1556     |
|    iterations      | 298      |
|    time_elapsed    | 7449     |
|    total_timesteps | 11595776 |
---------------------------------
-----------------------------------------
| rollout/                |             |
|    ep_len_mean          | 2e+03       |
|    ep_rew_mean          | 2.59e+03    |
| time/                   |             |
|    fps                  | 1556        |
|    iterations           | 299         |
|    time_elapsed         | 7473        |
|    total_timesteps      | 11634688    |
| train/                  |             |
|    approx_kl            | 0.009415282 |
|    clip_fraction        | 0.116       |
|    clip_range           | 0.2         |
|    entropy_loss         | 4.43        |
|    explained_variance   | 0.995       |
|    learning_rate        | 0.000184    |
|    loss                 | 3.23        |
|    n_updates            | 2980        |
|    policy_gradient_loss | 0.000919    |
|    std                  | 0.0265      |
|    value_loss           | 3.78        |
-----------------------------------------
-----------------------------------------
| rollout/                |             |
|    ep_len_mean          | 2e+03       |
|    ep_rew_mean          | 2.55e+03    |
| time/                   |             |
|    fps                  | 1556        |
|    iterations           | 300         |
|    time_elapsed         | 7501        |
|    total_timesteps      | 11673600    |
| train/                  |             |
|    approx_kl            | 0.009994081 |
|    clip_fraction        | 0.107       |
|    clip_range           | 0.2         |
|    entropy_loss         | 4.42        |
|    explained_variance   | 0.991       |
|    learning_rate        | 0.000184    |
|    loss                 | 4.26        |
|    n_updates            | 2990        |
|    policy_gradient_loss | 0.000887    |
|    std                  | 0.0267      |
|    value_loss           | 6.96        |
-----------------------------------------
-----------------------------------------
| rollout/                |             |
|    ep_len_mean          | 2e+03       |
|    ep_rew_mean          | 2.56e+03    |
| time/                   |             |
|    fps                  | 1556        |
|    iterations           | 301         |
|    time_elapsed         | 7525        |
|    total_timesteps      | 11712512    |
| train/                  |             |
|    approx_kl            | 0.010153508 |
|    clip_fraction        | 0.132       |
|    clip_range           | 0.2         |
|    entropy_loss         | 4.42        |
|    explained_variance   | 0.993       |
|    learning_rate        | 0.000183    |
|    loss                 | 3.36        |
|    n_updates            | 3000        |
|    policy_gradient_loss | 0.000453    |
|    std                  | 0.0265      |
|    value_loss           | 6.12        |
-----------------------------------------
-----------------------------------------
| rollout/                |             |
|    ep_len_mean          | 2e+03       |
|    ep_rew_mean          | 2.54e+03    |
| time/                   |             |
|    fps                  | 1556        |
|    iterations           | 302         |
|    time_elapsed         | 7550        |
|    total_timesteps      | 11751424    |
| train/                  |             |
|    approx_kl            | 0.010970014 |
|    clip_fraction        | 0.135       |
|    clip_range           | 0.2         |
|    entropy_loss         | 4.43        |
|    explained_variance   | 0.994       |
|    learning_rate        | 0.000183    |
|    loss                 | 1.62        |
|    n_updates            | 3010        |
|    policy_gradient_loss | 0.00179     |
|    std                  | 0.0265      |
|    value_loss           | 4.3         |
-----------------------------------------
Eval num_timesteps=11780000, episode_reward=1683.58 +/- 1392.29
Episode length: 2000.00 +/- 0.00
-----------------------------------------
| eval/                   |             |
|    mean_ep_length       | 2e+03       |
|    mean_reward          | 1.68e+03    |
| time/                   |             |
|    total_timesteps      | 11780000    |
| train/                  |             |
|    approx_kl            | 0.008896343 |
|    clip_fraction        | 0.0981      |
|    clip_range           | 0.2         |
|    entropy_loss         | 4.43        |
|    explained_variance   | 0.993       |
|    learning_rate        | 0.000182    |
|    loss                 | 3.06        |
|    n_updates            | 3020        |
|    policy_gradient_loss | 0.00127     |
|    std                  | 0.0266      |
|    value_loss           | 7.1         |
-----------------------------------------
New best mean reward!
---------------------------------
| rollout/           |          |
|    ep_len_mean     | 2e+03    |
|    ep_rew_mean     | 2.51e+03 |
| time/              |          |
|    fps             | 1544     |
|    iterations      | 303      |
|    time_elapsed    | 7632     |
|    total_timesteps | 11790336 |
---------------------------------
-----------------------------------------
| rollout/                |             |
|    ep_len_mean          | 2e+03       |
|    ep_rew_mean          | 2.51e+03    |
| time/                   |             |
|    fps                  | 1545        |
|    iterations           | 304         |
|    time_elapsed         | 7656        |
|    total_timesteps      | 11829248    |
| train/                  |             |
|    approx_kl            | 0.008482111 |
|    clip_fraction        | 0.0898      |
|    clip_range           | 0.2         |
|    entropy_loss         | 4.42        |
|    explained_variance   | 0.993       |
|    learning_rate        | 0.000182    |
|    loss                 | 1.72        |
|    n_updates            | 3030        |
|    policy_gradient_loss | -0.000306   |
|    std                  | 0.0266      |
|    value_loss           | 5.09        |
-----------------------------------------
-----------------------------------------
| rollout/                |             |
|    ep_len_mean          | 2e+03       |
|    ep_rew_mean          | 2.5e+03     |
| time/                   |             |
|    fps                  | 1545        |
|    iterations           | 305         |
|    time_elapsed         | 7680        |
|    total_timesteps      | 11868160    |
| train/                  |             |
|    approx_kl            | 0.011043036 |
|    clip_fraction        | 0.136       |
|    clip_range           | 0.2         |
|    entropy_loss         | 4.42        |
|    explained_variance   | 0.99        |
|    learning_rate        | 0.000182    |
|    loss                 | 2.54        |
|    n_updates            | 3040        |
|    policy_gradient_loss | 0.0005      |
|    std                  | 0.0266      |
|    value_loss           | 4.97        |
-----------------------------------------
------------------------------------------
| rollout/                |              |
|    ep_len_mean          | 2e+03        |
|    ep_rew_mean          | 2.47e+03     |
| time/                   |              |
|    fps                  | 1545         |
|    iterations           | 306          |
|    time_elapsed         | 7704         |
|    total_timesteps      | 11907072     |
| train/                  |              |
|    approx_kl            | 0.0088671865 |
|    clip_fraction        | 0.104        |
|    clip_range           | 0.2          |
|    entropy_loss         | 4.43         |
|    explained_variance   | 0.991        |
|    learning_rate        | 0.000181     |
|    loss                 | 3.73         |
|    n_updates            | 3050         |
|    policy_gradient_loss | -0.00025     |
|    std                  | 0.0265       |
|    value_loss           | 8.43         |
------------------------------------------
----------------------------------------
| rollout/                |            |
|    ep_len_mean          | 2e+03      |
|    ep_rew_mean          | 2.46e+03   |
| time/                   |            |
|    fps                  | 1545       |
|    iterations           | 307        |
|    time_elapsed         | 7728       |
|    total_timesteps      | 11945984   |
| train/                  |            |
|    approx_kl            | 0.00806334 |
|    clip_fraction        | 0.103      |
|    clip_range           | 0.2        |
|    entropy_loss         | 4.43       |
|    explained_variance   | 0.994      |
|    learning_rate        | 0.000181   |
|    loss                 | 2.58       |
|    n_updates            | 3060       |
|    policy_gradient_loss | 6.23e-05   |
|    std                  | 0.0265     |
|    value_loss           | 5.19       |
----------------------------------------
Eval num_timesteps=11970000, episode_reward=1694.26 +/- 1389.28
Episode length: 2000.00 +/- 0.00
-----------------------------------------
| eval/                   |             |
|    mean_ep_length       | 2e+03       |
|    mean_reward          | 1.69e+03    |
| time/                   |             |
|    total_timesteps      | 11970000    |
| train/                  |             |
|    approx_kl            | 0.009150714 |
|    clip_fraction        | 0.115       |
|    clip_range           | 0.2         |
|    entropy_loss         | 4.41        |
|    explained_variance   | 0.987       |
|    learning_rate        | 0.000181    |
|    loss                 | 2.62        |
|    n_updates            | 3070        |
|    policy_gradient_loss | 0.00107     |
|    std                  | 0.0268      |
|    value_loss           | 8.52        |
-----------------------------------------
New best mean reward!
---------------------------------
| rollout/           |          |
|    ep_len_mean     | 2e+03    |
|    ep_rew_mean     | 2.49e+03 |
| time/              |          |
|    fps             | 1534     |
|    iterations      | 308      |
|    time_elapsed    | 7809     |
|    total_timesteps | 11984896 |
---------------------------------
-----------------------------------------
| rollout/                |             |
|    ep_len_mean          | 2e+03       |
|    ep_rew_mean          | 2.42e+03    |
| time/                   |             |
|    fps                  | 1535        |
|    iterations           | 309         |
|    time_elapsed         | 7832        |
|    total_timesteps      | 12023808    |
| train/                  |             |
|    approx_kl            | 0.013384314 |
|    clip_fraction        | 0.144       |
|    clip_range           | 0.2         |
|    entropy_loss         | 4.39        |
|    explained_variance   | 0.991       |
|    learning_rate        | 0.00018     |
|    loss                 | 3.16        |
|    n_updates            | 3080        |
|    policy_gradient_loss | 0.0028      |
|    std                  | 0.0269      |
|    value_loss           | 5.11        |
-----------------------------------------
-----------------------------------------
| rollout/                |             |
|    ep_len_mean          | 2e+03       |
|    ep_rew_mean          | 2.44e+03    |
| time/                   |             |
|    fps                  | 1535        |
|    iterations           | 310         |
|    time_elapsed         | 7856        |
|    total_timesteps      | 12062720    |
| train/                  |             |
|    approx_kl            | 0.008385532 |
|    clip_fraction        | 0.086       |
|    clip_range           | 0.2         |
|    entropy_loss         | 4.4         |
|    explained_variance   | 0.995       |
|    learning_rate        | 0.00018     |
|    loss                 | 1.15        |
|    n_updates            | 3090        |
|    policy_gradient_loss | 0.000375    |
|    std                  | 0.027       |
|    value_loss           | 6.43        |
-----------------------------------------
-----------------------------------------
| rollout/                |             |
|    ep_len_mean          | 2e+03       |
|    ep_rew_mean          | 2.5e+03     |
| time/                   |             |
|    fps                  | 1535        |
|    iterations           | 311         |
|    time_elapsed         | 7882        |
|    total_timesteps      | 12101632    |
| train/                  |             |
|    approx_kl            | 0.009593164 |
|    clip_fraction        | 0.0903      |
|    clip_range           | 0.2         |
|    entropy_loss         | 4.39        |
|    explained_variance   | 0.989       |
|    learning_rate        | 0.000179    |
|    loss                 | 2.46        |
|    n_updates            | 3100        |
|    policy_gradient_loss | 0.000297    |
|    std                  | 0.0272      |
|    value_loss           | 7.73        |
-----------------------------------------
------------------------------------------
| rollout/                |              |
|    ep_len_mean          | 2e+03        |
|    ep_rew_mean          | 2.46e+03     |
| time/                   |              |
|    fps                  | 1535         |
|    iterations           | 312          |
|    time_elapsed         | 7906         |
|    total_timesteps      | 12140544     |
| train/                  |              |
|    approx_kl            | 0.0087937275 |
|    clip_fraction        | 0.103        |
|    clip_range           | 0.2          |
|    entropy_loss         | 4.38         |
|    explained_variance   | 0.991        |
|    learning_rate        | 0.000179     |
|    loss                 | 5.13         |
|    n_updates            | 3110         |
|    policy_gradient_loss | 0.00145      |
|    std                  | 0.0272       |
|    value_loss           | 5.37         |
------------------------------------------
Eval num_timesteps=12160000, episode_reward=1732.65 +/- 1418.79
Episode length: 2000.00 +/- 0.00
-----------------------------------------
| eval/                   |             |
|    mean_ep_length       | 2e+03       |
|    mean_reward          | 1.73e+03    |
| time/                   |             |
|    total_timesteps      | 12160000    |
| train/                  |             |
|    approx_kl            | 0.008531058 |
|    clip_fraction        | 0.124       |
|    clip_range           | 0.2         |
|    entropy_loss         | 4.38        |
|    explained_variance   | 0.996       |
|    learning_rate        | 0.000179    |
|    loss                 | 3.24        |
|    n_updates            | 3120        |
|    policy_gradient_loss | 0.00118     |
|    std                  | 0.0272      |
|    value_loss           | 5.31        |
-----------------------------------------
New best mean reward!
---------------------------------
| rollout/           |          |
|    ep_len_mean     | 2e+03    |
|    ep_rew_mean     | 2.4e+03  |
| time/              |          |
|    fps             | 1524     |
|    iterations      | 313      |
|    time_elapsed    | 7988     |
|    total_timesteps | 12179456 |
---------------------------------
-----------------------------------------
| rollout/                |             |
|    ep_len_mean          | 2e+03       |
|    ep_rew_mean          | 2.39e+03    |
| time/                   |             |
|    fps                  | 1524        |
|    iterations           | 314         |
|    time_elapsed         | 8012        |
|    total_timesteps      | 12218368    |
| train/                  |             |
|    approx_kl            | 0.008299582 |
|    clip_fraction        | 0.108       |
|    clip_range           | 0.2         |
|    entropy_loss         | 4.38        |
|    explained_variance   | 0.99        |
|    learning_rate        | 0.000178    |
|    loss                 | 4.64        |
|    n_updates            | 3130        |
|    policy_gradient_loss | -0.000426   |
|    std                  | 0.0271      |
|    value_loss           | 8.05        |
-----------------------------------------
------------------------------------------
| rollout/                |              |
|    ep_len_mean          | 2e+03        |
|    ep_rew_mean          | 2.35e+03     |
| time/                   |              |
|    fps                  | 1525         |
|    iterations           | 315          |
|    time_elapsed         | 8036         |
|    total_timesteps      | 12257280     |
| train/                  |              |
|    approx_kl            | 0.0092479475 |
|    clip_fraction        | 0.111        |
|    clip_range           | 0.2          |
|    entropy_loss         | 4.38         |
|    explained_variance   | 0.994        |
|    learning_rate        | 0.000178     |
|    loss                 | 1.64         |
|    n_updates            | 3140         |
|    policy_gradient_loss | 0.000931     |
|    std                  | 0.0272       |
|    value_loss           | 6.12         |
------------------------------------------
----------------------------------------
| rollout/                |            |
|    ep_len_mean          | 2e+03      |
|    ep_rew_mean          | 2.31e+03   |
| time/                   |            |
|    fps                  | 1525       |
|    iterations           | 316        |
|    time_elapsed         | 8059       |
|    total_timesteps      | 12296192   |
| train/                  |            |
|    approx_kl            | 0.00905031 |
|    clip_fraction        | 0.12       |
|    clip_range           | 0.2        |
|    entropy_loss         | 4.37       |
|    explained_variance   | 0.995      |
|    learning_rate        | 0.000177   |
|    loss                 | 1.25       |
|    n_updates            | 3150       |
|    policy_gradient_loss | 0.00127    |
|    std                  | 0.0273     |
|    value_loss           | 4.91       |
----------------------------------------
-----------------------------------------
| rollout/                |             |
|    ep_len_mean          | 2e+03       |
|    ep_rew_mean          | 2.27e+03    |
| time/                   |             |
|    fps                  | 1525        |
|    iterations           | 317         |
|    time_elapsed         | 8087        |
|    total_timesteps      | 12335104    |
| train/                  |             |
|    approx_kl            | 0.009473977 |
|    clip_fraction        | 0.105       |
|    clip_range           | 0.2         |
|    entropy_loss         | 4.37        |
|    explained_variance   | 0.992       |
|    learning_rate        | 0.000177    |
|    loss                 | 3.27        |
|    n_updates            | 3160        |
|    policy_gradient_loss | -0.0007     |
|    std                  | 0.0274      |
|    value_loss           | 8.94        |
-----------------------------------------
Eval num_timesteps=12350000, episode_reward=1728.16 +/- 1458.04
Episode length: 2000.00 +/- 0.00
------------------------------------------
| eval/                   |              |
|    mean_ep_length       | 2e+03        |
|    mean_reward          | 1.73e+03     |
| time/                   |              |
|    total_timesteps      | 12350000     |
| train/                  |              |
|    approx_kl            | 0.0084414985 |
|    clip_fraction        | 0.113        |
|    clip_range           | 0.2          |
|    entropy_loss         | 4.36         |
|    explained_variance   | 0.994        |
|    learning_rate        | 0.000177     |
|    loss                 | 2.06         |
|    n_updates            | 3170         |
|    policy_gradient_loss | 0.000793     |
|    std                  | 0.0275       |
|    value_loss           | 6.81         |
------------------------------------------
---------------------------------
| rollout/           |          |
|    ep_len_mean     | 2e+03    |
|    ep_rew_mean     | 2.24e+03 |
| time/              |          |
|    fps             | 1514     |
|    iterations      | 318      |
|    time_elapsed    | 8169     |
|    total_timesteps | 12374016 |
---------------------------------
-----------------------------------------
| rollout/                |             |
|    ep_len_mean          | 2e+03       |
|    ep_rew_mean          | 2.32e+03    |
| time/                   |             |
|    fps                  | 1514        |
|    iterations           | 319         |
|    time_elapsed         | 8193        |
|    total_timesteps      | 12412928    |
| train/                  |             |
|    approx_kl            | 0.011062915 |
|    clip_fraction        | 0.117       |
|    clip_range           | 0.2         |
|    entropy_loss         | 4.36        |
|    explained_variance   | 0.993       |
|    learning_rate        | 0.000176    |
|    loss                 | 3.69        |
|    n_updates            | 3180        |
|    policy_gradient_loss | 0.000803    |
|    std                  | 0.0275      |
|    value_loss           | 8.93        |
-----------------------------------------
------------------------------------------
| rollout/                |              |
|    ep_len_mean          | 2e+03        |
|    ep_rew_mean          | 2.28e+03     |
| time/                   |              |
|    fps                  | 1515         |
|    iterations           | 320          |
|    time_elapsed         | 8217         |
|    total_timesteps      | 12451840     |
| train/                  |              |
|    approx_kl            | 0.0080661895 |
|    clip_fraction        | 0.0944       |
|    clip_range           | 0.2          |
|    entropy_loss         | 4.35         |
|    explained_variance   | 0.993        |
|    learning_rate        | 0.000176     |
|    loss                 | 4.01         |
|    n_updates            | 3190         |
|    policy_gradient_loss | -2.21e-05    |
|    std                  | 0.0276       |
|    value_loss           | 6.03         |
------------------------------------------
-----------------------------------------
| rollout/                |             |
|    ep_len_mean          | 2e+03       |
|    ep_rew_mean          | 2.36e+03    |
| time/                   |             |
|    fps                  | 1515        |
|    iterations           | 321         |
|    time_elapsed         | 8241        |
|    total_timesteps      | 12490752    |
| train/                  |             |
|    approx_kl            | 0.009305036 |
|    clip_fraction        | 0.111       |
|    clip_range           | 0.2         |
|    entropy_loss         | 4.34        |
|    explained_variance   | 0.994       |
|    learning_rate        | 0.000175    |
|    loss                 | 2.98        |
|    n_updates            | 3200        |
|    policy_gradient_loss | 0.00064     |
|    std                  | 0.0277      |
|    value_loss           | 7.36        |
-----------------------------------------
-----------------------------------------
| rollout/                |             |
|    ep_len_mean          | 2e+03       |
|    ep_rew_mean          | 2.37e+03    |
| time/                   |             |
|    fps                  | 1515        |
|    iterations           | 322         |
|    time_elapsed         | 8265        |
|    total_timesteps      | 12529664    |
| train/                  |             |
|    approx_kl            | 0.008832058 |
|    clip_fraction        | 0.104       |
|    clip_range           | 0.2         |
|    entropy_loss         | 4.34        |
|    explained_variance   | 0.995       |
|    learning_rate        | 0.000175    |
|    loss                 | 1.13        |
|    n_updates            | 3210        |
|    policy_gradient_loss | 0.000541    |
|    std                  | 0.0277      |
|    value_loss           | 5.18        |
-----------------------------------------
Eval num_timesteps=12540000, episode_reward=1735.69 +/- 1426.29
Episode length: 2000.00 +/- 0.00
-----------------------------------------
| eval/                   |             |
|    mean_ep_length       | 2e+03       |
|    mean_reward          | 1.74e+03    |
| time/                   |             |
|    total_timesteps      | 12540000    |
| train/                  |             |
|    approx_kl            | 0.009189862 |
|    clip_fraction        | 0.102       |
|    clip_range           | 0.2         |
|    entropy_loss         | 4.34        |
|    explained_variance   | 0.991       |
|    learning_rate        | 0.000175    |
|    loss                 | 3.83        |
|    n_updates            | 3220        |
|    policy_gradient_loss | -0.000198   |
|    std                  | 0.0277      |
|    value_loss           | 9.91        |
-----------------------------------------
New best mean reward!
---------------------------------
| rollout/           |          |
|    ep_len_mean     | 2e+03    |
|    ep_rew_mean     | 2.38e+03 |
| time/              |          |
|    fps             | 1505     |
|    iterations      | 323      |
|    time_elapsed    | 8346     |
|    total_timesteps | 12568576 |
---------------------------------
-----------------------------------------
| rollout/                |             |
|    ep_len_mean          | 2e+03       |
|    ep_rew_mean          | 2.42e+03    |
| time/                   |             |
|    fps                  | 1506        |
|    iterations           | 324         |
|    time_elapsed         | 8370        |
|    total_timesteps      | 12607488    |
| train/                  |             |
|    approx_kl            | 0.008229989 |
|    clip_fraction        | 0.0917      |
|    clip_range           | 0.2         |
|    entropy_loss         | 4.34        |
|    explained_variance   | 0.992       |
|    learning_rate        | 0.000174    |
|    loss                 | 4.32        |
|    n_updates            | 3230        |
|    policy_gradient_loss | 0.000692    |
|    std                  | 0.0278      |
|    value_loss           | 8.04        |
-----------------------------------------
-----------------------------------------
| rollout/                |             |
|    ep_len_mean          | 2e+03       |
|    ep_rew_mean          | 2.47e+03    |
| time/                   |             |
|    fps                  | 1506        |
|    iterations           | 325         |
|    time_elapsed         | 8394        |
|    total_timesteps      | 12646400    |
| train/                  |             |
|    approx_kl            | 0.008710268 |
|    clip_fraction        | 0.121       |
|    clip_range           | 0.2         |
|    entropy_loss         | 4.33        |
|    explained_variance   | 0.99        |
|    learning_rate        | 0.000174    |
|    loss                 | 3.13        |
|    n_updates            | 3240        |
|    policy_gradient_loss | 0.000906    |
|    std                  | 0.0279      |
|    value_loss           | 6.96        |
-----------------------------------------
-----------------------------------------
| rollout/                |             |
|    ep_len_mean          | 2e+03       |
|    ep_rew_mean          | 2.42e+03    |
| time/                   |             |
|    fps                  | 1506        |
|    iterations           | 326         |
|    time_elapsed         | 8418        |
|    total_timesteps      | 12685312    |
| train/                  |             |
|    approx_kl            | 0.009079981 |
|    clip_fraction        | 0.114       |
|    clip_range           | 0.2         |
|    entropy_loss         | 4.33        |
|    explained_variance   | 0.992       |
|    learning_rate        | 0.000174    |
|    loss                 | 2.62        |
|    n_updates            | 3250        |
|    policy_gradient_loss | 0.000112    |
|    std                  | 0.0278      |
|    value_loss           | 6.81        |
-----------------------------------------
-----------------------------------------
| rollout/                |             |
|    ep_len_mean          | 2e+03       |
|    ep_rew_mean          | 2.39e+03    |
| time/                   |             |
|    fps                  | 1507        |
|    iterations           | 327         |
|    time_elapsed         | 8442        |
|    total_timesteps      | 12724224    |
| train/                  |             |
|    approx_kl            | 0.009052228 |
|    clip_fraction        | 0.103       |
|    clip_range           | 0.2         |
|    entropy_loss         | 4.33        |
|    explained_variance   | 0.993       |
|    learning_rate        | 0.000173    |
|    loss                 | 6.89        |
|    n_updates            | 3260        |
|    policy_gradient_loss | 0.000581    |
|    std                  | 0.0279      |
|    value_loss           | 6.99        |
-----------------------------------------
Eval num_timesteps=12730000, episode_reward=1752.39 +/- 1397.27
Episode length: 2000.00 +/- 0.00
-----------------------------------------
| eval/                   |             |
|    mean_ep_length       | 2e+03       |
|    mean_reward          | 1.75e+03    |
| time/                   |             |
|    total_timesteps      | 12730000    |
| train/                  |             |
|    approx_kl            | 0.009359891 |
|    clip_fraction        | 0.108       |
|    clip_range           | 0.2         |
|    entropy_loss         | 4.32        |
|    explained_variance   | 0.994       |
|    learning_rate        | 0.000173    |
|    loss                 | 6.68        |
|    n_updates            | 3270        |
|    policy_gradient_loss | -0.000141   |
|    std                  | 0.0281      |
|    value_loss           | 8.86        |
-----------------------------------------
New best mean reward!
---------------------------------
| rollout/           |          |
|    ep_len_mean     | 2e+03    |
|    ep_rew_mean     | 2.46e+03 |
| time/              |          |
|    fps             | 1497     |
|    iterations      | 328      |
|    time_elapsed    | 8524     |
|    total_timesteps | 12763136 |
---------------------------------
-----------------------------------------
| rollout/                |             |
|    ep_len_mean          | 2e+03       |
|    ep_rew_mean          | 2.44e+03    |
| time/                   |             |
|    fps                  | 1497        |
|    iterations           | 329         |
|    time_elapsed         | 8548        |
|    total_timesteps      | 12802048    |
| train/                  |             |
|    approx_kl            | 0.009880242 |
|    clip_fraction        | 0.106       |
|    clip_range           | 0.2         |
|    entropy_loss         | 4.32        |
|    explained_variance   | 0.988       |
|    learning_rate        | 0.000172    |
|    loss                 | 4.64        |
|    n_updates            | 3280        |
|    policy_gradient_loss | 0.000433    |
|    std                  | 0.028       |
|    value_loss           | 8.48        |
-----------------------------------------
-----------------------------------------
| rollout/                |             |
|    ep_len_mean          | 2e+03       |
|    ep_rew_mean          | 2.45e+03    |
| time/                   |             |
|    fps                  | 1497        |
|    iterations           | 330         |
|    time_elapsed         | 8572        |
|    total_timesteps      | 12840960    |
| train/                  |             |
|    approx_kl            | 0.009278581 |
|    clip_fraction        | 0.107       |
|    clip_range           | 0.2         |
|    entropy_loss         | 4.32        |
|    explained_variance   | 0.994       |
|    learning_rate        | 0.000172    |
|    loss                 | 2.01        |
|    n_updates            | 3290        |
|    policy_gradient_loss | 0.000693    |
|    std                  | 0.028       |
|    value_loss           | 4.85        |
-----------------------------------------
-----------------------------------------
| rollout/                |             |
|    ep_len_mean          | 2e+03       |
|    ep_rew_mean          | 2.47e+03    |
| time/                   |             |
|    fps                  | 1498        |
|    iterations           | 331         |
|    time_elapsed         | 8597        |
|    total_timesteps      | 12879872    |
| train/                  |             |
|    approx_kl            | 0.008961665 |
|    clip_fraction        | 0.113       |
|    clip_range           | 0.2         |
|    entropy_loss         | 4.32        |
|    explained_variance   | 0.987       |
|    learning_rate        | 0.000172    |
|    loss                 | 3.03        |
|    n_updates            | 3300        |
|    policy_gradient_loss | 0.000618    |
|    std                  | 0.028       |
|    value_loss           | 8.54        |
-----------------------------------------
-----------------------------------------
| rollout/                |             |
|    ep_len_mean          | 2e+03       |
|    ep_rew_mean          | 2.51e+03    |
| time/                   |             |
|    fps                  | 1498        |
|    iterations           | 332         |
|    time_elapsed         | 8621        |
|    total_timesteps      | 12918784    |
| train/                  |             |
|    approx_kl            | 0.009821036 |
|    clip_fraction        | 0.111       |
|    clip_range           | 0.2         |
|    entropy_loss         | 4.32        |
|    explained_variance   | 0.991       |
|    learning_rate        | 0.000171    |
|    loss                 | 4.83        |
|    n_updates            | 3310        |
|    policy_gradient_loss | 0.00114     |
|    std                  | 0.0281      |
|    value_loss           | 7.29        |
-----------------------------------------
Eval num_timesteps=12920000, episode_reward=1798.23 +/- 1387.92
Episode length: 2000.00 +/- 0.00
-----------------------------------------
| eval/                   |             |
|    mean_ep_length       | 2e+03       |
|    mean_reward          | 1.8e+03     |
| time/                   |             |
|    total_timesteps      | 12920000    |
| train/                  |             |
|    approx_kl            | 0.008221584 |
|    clip_fraction        | 0.112       |
|    clip_range           | 0.2         |
|    entropy_loss         | 4.32        |
|    explained_variance   | 0.993       |
|    learning_rate        | 0.000171    |
|    loss                 | 3.43        |
|    n_updates            | 3320        |
|    policy_gradient_loss | 0.00275     |
|    std                  | 0.0282      |
|    value_loss           | 5.85        |
-----------------------------------------
New best mean reward!
---------------------------------
| rollout/           |          |
|    ep_len_mean     | 2e+03    |
|    ep_rew_mean     | 2.51e+03 |
| time/              |          |
|    fps             | 1488     |
|    iterations      | 333      |
|    time_elapsed    | 8706     |
|    total_timesteps | 12957696 |
---------------------------------
------------------------------------------
| rollout/                |              |
|    ep_len_mean          | 2e+03        |
|    ep_rew_mean          | 2.49e+03     |
| time/                   |              |
|    fps                  | 1488         |
|    iterations           | 334          |
|    time_elapsed         | 8731         |
|    total_timesteps      | 12996608     |
| train/                  |              |
|    approx_kl            | 0.0077367527 |
|    clip_fraction        | 0.0782       |
|    clip_range           | 0.2          |
|    entropy_loss         | 4.31         |
|    explained_variance   | 0.99         |
|    learning_rate        | 0.00017      |
|    loss                 | 5.24         |
|    n_updates            | 3330         |
|    policy_gradient_loss | -0.00043     |
|    std                  | 0.0283       |
|    value_loss           | 9.77         |
------------------------------------------
-----------------------------------------
| rollout/                |             |
|    ep_len_mean          | 2e+03       |
|    ep_rew_mean          | 2.46e+03    |
| time/                   |             |
|    fps                  | 1488        |
|    iterations           | 335         |
|    time_elapsed         | 8755        |
|    total_timesteps      | 13035520    |
| train/                  |             |
|    approx_kl            | 0.010929942 |
|    clip_fraction        | 0.116       |
|    clip_range           | 0.2         |
|    entropy_loss         | 4.31        |
|    explained_variance   | 0.99        |
|    learning_rate        | 0.00017     |
|    loss                 | 3.31        |
|    n_updates            | 3340        |
|    policy_gradient_loss | 0.00068     |
|    std                  | 0.0282      |
|    value_loss           | 7.43        |
-----------------------------------------
-----------------------------------------
| rollout/                |             |
|    ep_len_mean          | 2e+03       |
|    ep_rew_mean          | 2.41e+03    |
| time/                   |             |
|    fps                  | 1489        |
|    iterations           | 336         |
|    time_elapsed         | 8780        |
|    total_timesteps      | 13074432    |
| train/                  |             |
|    approx_kl            | 0.009336784 |
|    clip_fraction        | 0.119       |
|    clip_range           | 0.2         |
|    entropy_loss         | 4.3         |
|    explained_variance   | 0.991       |
|    learning_rate        | 0.00017     |
|    loss                 | 3.21        |
|    n_updates            | 3350        |
|    policy_gradient_loss | 0.00121     |
|    std                  | 0.0284      |
|    value_loss           | 8.22        |
-----------------------------------------
Eval num_timesteps=13110000, episode_reward=1835.38 +/- 1398.24
Episode length: 2000.00 +/- 0.00
------------------------------------------
| eval/                   |              |
|    mean_ep_length       | 2e+03        |
|    mean_reward          | 1.84e+03     |
| time/                   |              |
|    total_timesteps      | 13110000     |
| train/                  |              |
|    approx_kl            | 0.0099808285 |
|    clip_fraction        | 0.0936       |
|    clip_range           | 0.2          |
|    entropy_loss         | 4.29         |
|    explained_variance   | 0.985        |
|    learning_rate        | 0.000169     |
|    loss                 | 5.58         |
|    n_updates            | 3360         |
|    policy_gradient_loss | 0.00152      |
|    std                  | 0.0286       |
|    value_loss           | 9.62         |
------------------------------------------
New best mean reward!
---------------------------------
| rollout/           |          |
|    ep_len_mean     | 2e+03    |
|    ep_rew_mean     | 2.43e+03 |
| time/              |          |
|    fps             | 1479     |
|    iterations      | 337      |
|    time_elapsed    | 8862     |
|    total_timesteps | 13113344 |
---------------------------------
-----------------------------------------
| rollout/                |             |
|    ep_len_mean          | 1.99e+03    |
|    ep_rew_mean          | 2.41e+03    |
| time/                   |             |
|    fps                  | 1480        |
|    iterations           | 338         |
|    time_elapsed         | 8886        |
|    total_timesteps      | 13152256    |
| train/                  |             |
|    approx_kl            | 0.007955592 |
|    clip_fraction        | 0.0966      |
|    clip_range           | 0.2         |
|    entropy_loss         | 4.28        |
|    explained_variance   | 0.991       |
|    learning_rate        | 0.000169    |
|    loss                 | 7.86        |
|    n_updates            | 3370        |
|    policy_gradient_loss | 0.000281    |
|    std                  | 0.0285      |
|    value_loss           | 8.72        |
-----------------------------------------
-----------------------------------------
| rollout/                |             |
|    ep_len_mean          | 1.99e+03    |
|    ep_rew_mean          | 2.42e+03    |
| time/                   |             |
|    fps                  | 1480        |
|    iterations           | 339         |
|    time_elapsed         | 8910        |
|    total_timesteps      | 13191168    |
| train/                  |             |
|    approx_kl            | 0.010542157 |
|    clip_fraction        | 0.114       |
|    clip_range           | 0.2         |
|    entropy_loss         | 4.29        |
|    explained_variance   | 0.987       |
|    learning_rate        | 0.000168    |
|    loss                 | 7.87        |
|    n_updates            | 3380        |
|    policy_gradient_loss | 0.0019      |
|    std                  | 0.0285      |
|    value_loss           | 8.9         |
-----------------------------------------
-----------------------------------------
| rollout/                |             |
|    ep_len_mean          | 1.99e+03    |
|    ep_rew_mean          | 2.44e+03    |
| time/                   |             |
|    fps                  | 1480        |
|    iterations           | 340         |
|    time_elapsed         | 8934        |
|    total_timesteps      | 13230080    |
| train/                  |             |
|    approx_kl            | 0.008199287 |
|    clip_fraction        | 0.0972      |
|    clip_range           | 0.2         |
|    entropy_loss         | 4.28        |
|    explained_variance   | 0.991       |
|    learning_rate        | 0.000168    |
|    loss                 | 2.74        |
|    n_updates            | 3390        |
|    policy_gradient_loss | -0.000282   |
|    std                  | 0.0287      |
|    value_loss           | 8.2         |
-----------------------------------------
------------------------------------------
| rollout/                |              |
|    ep_len_mean          | 2e+03        |
|    ep_rew_mean          | 2.38e+03     |
| time/                   |              |
|    fps                  | 1480         |
|    iterations           | 341          |
|    time_elapsed         | 8961         |
|    total_timesteps      | 13268992     |
| train/                  |              |
|    approx_kl            | 0.0119505115 |
|    clip_fraction        | 0.123        |
|    clip_range           | 0.2          |
|    entropy_loss         | 4.26         |
|    explained_variance   | 0.989        |
|    learning_rate        | 0.000168     |
|    loss                 | 6.08         |
|    n_updates            | 3400         |
|    policy_gradient_loss | 0.000833     |
|    std                  | 0.029        |
|    value_loss           | 8.46         |
------------------------------------------
Eval num_timesteps=13300000, episode_reward=1877.73 +/- 1370.44
Episode length: 2000.00 +/- 0.00
----------------------------------------
| eval/                   |            |
|    mean_ep_length       | 2e+03      |
|    mean_reward          | 1.88e+03   |
| time/                   |            |
|    total_timesteps      | 13300000   |
| train/                  |            |
|    approx_kl            | 0.00942028 |
|    clip_fraction        | 0.0969     |
|    clip_range           | 0.2        |
|    entropy_loss         | 4.26       |
|    explained_variance   | 0.99       |
|    learning_rate        | 0.000167   |
|    loss                 | 2.68       |
|    n_updates            | 3410       |
|    policy_gradient_loss | 0.000331   |
|    std                  | 0.029      |
|    value_loss           | 9.46       |
----------------------------------------
New best mean reward!
---------------------------------
| rollout/           |          |
|    ep_len_mean     | 2e+03    |
|    ep_rew_mean     | 2.39e+03 |
| time/              |          |
|    fps             | 1471     |
|    iterations      | 342      |
|    time_elapsed    | 9046     |
|    total_timesteps | 13307904 |
---------------------------------
-----------------------------------------
| rollout/                |             |
|    ep_len_mean          | 2e+03       |
|    ep_rew_mean          | 2.37e+03    |
| time/                   |             |
|    fps                  | 1471        |
|    iterations           | 343         |
|    time_elapsed         | 9071        |
|    total_timesteps      | 13346816    |
| train/                  |             |
|    approx_kl            | 0.009543096 |
|    clip_fraction        | 0.114       |
|    clip_range           | 0.2         |
|    entropy_loss         | 4.25        |
|    explained_variance   | 0.986       |
|    learning_rate        | 0.000167    |
|    loss                 | 9.97        |
|    n_updates            | 3420        |
|    policy_gradient_loss | 0.000155    |
|    std                  | 0.0293      |
|    value_loss           | 11          |
-----------------------------------------
----------------------------------------
| rollout/                |            |
|    ep_len_mean          | 2e+03      |
|    ep_rew_mean          | 2.32e+03   |
| time/                   |            |
|    fps                  | 1471       |
|    iterations           | 344        |
|    time_elapsed         | 9096       |
|    total_timesteps      | 13385728   |
| train/                  |            |
|    approx_kl            | 0.00967922 |
|    clip_fraction        | 0.119      |
|    clip_range           | 0.2        |
|    entropy_loss         | 4.23       |
|    explained_variance   | 0.989      |
|    learning_rate        | 0.000167   |
|    loss                 | 4.35       |
|    n_updates            | 3430       |
|    policy_gradient_loss | 0.000705   |
|    std                  | 0.0294     |
|    value_loss           | 8.11       |
----------------------------------------
-----------------------------------------
| rollout/                |             |
|    ep_len_mean          | 2e+03       |
|    ep_rew_mean          | 2.3e+03     |
| time/                   |             |
|    fps                  | 1471        |
|    iterations           | 345         |
|    time_elapsed         | 9121        |
|    total_timesteps      | 13424640    |
| train/                  |             |
|    approx_kl            | 0.007903528 |
|    clip_fraction        | 0.0933      |
|    clip_range           | 0.2         |
|    entropy_loss         | 4.22        |
|    explained_variance   | 0.993       |
|    learning_rate        | 0.000166    |
|    loss                 | 1.71        |
|    n_updates            | 3440        |
|    policy_gradient_loss | 0.000746    |
|    std                  | 0.0296      |
|    value_loss           | 8.27        |
-----------------------------------------
-----------------------------------------
| rollout/                |             |
|    ep_len_mean          | 2e+03       |
|    ep_rew_mean          | 2.36e+03    |
| time/                   |             |
|    fps                  | 1472        |
|    iterations           | 346         |
|    time_elapsed         | 9144        |
|    total_timesteps      | 13463552    |
| train/                  |             |
|    approx_kl            | 0.009259472 |
|    clip_fraction        | 0.0969      |
|    clip_range           | 0.2         |
|    entropy_loss         | 4.21        |
|    explained_variance   | 0.988       |
|    learning_rate        | 0.000166    |
|    loss                 | 3.28        |
|    n_updates            | 3450        |
|    policy_gradient_loss | 0.000488    |
|    std                  | 0.0298      |
|    value_loss           | 7.67        |
-----------------------------------------
Eval num_timesteps=13490000, episode_reward=1826.51 +/- 1356.57
Episode length: 2000.00 +/- 0.00
-----------------------------------------
| eval/                   |             |
|    mean_ep_length       | 2e+03       |
|    mean_reward          | 1.83e+03    |
| time/                   |             |
|    total_timesteps      | 13490000    |
| train/                  |             |
|    approx_kl            | 0.009921084 |
|    clip_fraction        | 0.11        |
|    clip_range           | 0.2         |
|    entropy_loss         | 4.21        |
|    explained_variance   | 0.99        |
|    learning_rate        | 0.000165    |
|    loss                 | 1.82        |
|    n_updates            | 3460        |
|    policy_gradient_loss | 0.00047     |
|    std                  | 0.0297      |
|    value_loss           | 7.45        |
-----------------------------------------
---------------------------------
| rollout/           |          |
|    ep_len_mean     | 2e+03    |
|    ep_rew_mean     | 2.39e+03 |
| time/              |          |
|    fps             | 1463     |
|    iterations      | 347      |
|    time_elapsed    | 9226     |
|    total_timesteps | 13502464 |
---------------------------------
------------------------------------------
| rollout/                |              |
|    ep_len_mean          | 2e+03        |
|    ep_rew_mean          | 2.35e+03     |
| time/                   |              |
|    fps                  | 1463         |
|    iterations           | 348          |
|    time_elapsed         | 9250         |
|    total_timesteps      | 13541376     |
| train/                  |              |
|    approx_kl            | 0.0074570524 |
|    clip_fraction        | 0.0984       |
|    clip_range           | 0.2          |
|    entropy_loss         | 4.21         |
|    explained_variance   | 0.989        |
|    learning_rate        | 0.000165     |
|    loss                 | 4.15         |
|    n_updates            | 3470         |
|    policy_gradient_loss | 0.00052      |
|    std                  | 0.0298       |
|    value_loss           | 8.99         |
------------------------------------------
------------------------------------------
| rollout/                |              |
|    ep_len_mean          | 2e+03        |
|    ep_rew_mean          | 2.38e+03     |
| time/                   |              |
|    fps                  | 1464         |
|    iterations           | 349          |
|    time_elapsed         | 9274         |
|    total_timesteps      | 13580288     |
| train/                  |              |
|    approx_kl            | 0.0077572786 |
|    clip_fraction        | 0.0882       |
|    clip_range           | 0.2          |
|    entropy_loss         | 4.22         |
|    explained_variance   | 0.989        |
|    learning_rate        | 0.000165     |
|    loss                 | 6.93         |
|    n_updates            | 3480         |
|    policy_gradient_loss | 0.000218     |
|    std                  | 0.0297       |
|    value_loss           | 9.96         |
------------------------------------------
-----------------------------------------
| rollout/                |             |
|    ep_len_mean          | 2e+03       |
|    ep_rew_mean          | 2.36e+03    |
| time/                   |             |
|    fps                  | 1464        |
|    iterations           | 350         |
|    time_elapsed         | 9301        |
|    total_timesteps      | 13619200    |
| train/                  |             |
|    approx_kl            | 0.008743369 |
|    clip_fraction        | 0.114       |
|    clip_range           | 0.2         |
|    entropy_loss         | 4.22        |
|    explained_variance   | 0.989       |
|    learning_rate        | 0.000164    |
|    loss                 | 4.25        |
|    n_updates            | 3490        |
|    policy_gradient_loss | 0.00114     |
|    std                  | 0.0298      |
|    value_loss           | 9.48        |
-----------------------------------------
-----------------------------------------
| rollout/                |             |
|    ep_len_mean          | 2e+03       |
|    ep_rew_mean          | 2.27e+03    |
| time/                   |             |
|    fps                  | 1464        |
|    iterations           | 351         |
|    time_elapsed         | 9325        |
|    total_timesteps      | 13658112    |
| train/                  |             |
|    approx_kl            | 0.008260056 |
|    clip_fraction        | 0.1         |
|    clip_range           | 0.2         |
|    entropy_loss         | 4.21        |
|    explained_variance   | 0.993       |
|    learning_rate        | 0.000164    |
|    loss                 | 3.13        |
|    n_updates            | 3500        |
|    policy_gradient_loss | 0.00106     |
|    std                  | 0.0297      |
|    value_loss           | 6.89        |
-----------------------------------------
Eval num_timesteps=13680000, episode_reward=1789.25 +/- 1357.15
Episode length: 2000.00 +/- 0.00
-----------------------------------------
| eval/                   |             |
|    mean_ep_length       | 2e+03       |
|    mean_reward          | 1.79e+03    |
| time/                   |             |
|    total_timesteps      | 13680000    |
| train/                  |             |
|    approx_kl            | 0.008815181 |
|    clip_fraction        | 0.105       |
|    clip_range           | 0.2         |
|    entropy_loss         | 4.21        |
|    explained_variance   | 0.99        |
|    learning_rate        | 0.000163    |
|    loss                 | 2.12        |
|    n_updates            | 3510        |
|    policy_gradient_loss | 0.000146    |
|    std                  | 0.0298      |
|    value_loss           | 7.55        |
-----------------------------------------
---------------------------------
| rollout/           |          |
|    ep_len_mean     | 2e+03    |
|    ep_rew_mean     | 2.25e+03 |
| time/              |          |
|    fps             | 1455     |
|    iterations      | 352      |
|    time_elapsed    | 9408     |
|    total_timesteps | 13697024 |
---------------------------------
------------------------------------------
| rollout/                |              |
|    ep_len_mean          | 2e+03        |
|    ep_rew_mean          | 2.31e+03     |
| time/                   |              |
|    fps                  | 1456         |
|    iterations           | 353          |
|    time_elapsed         | 9432         |
|    total_timesteps      | 13735936     |
| train/                  |              |
|    approx_kl            | 0.0068033636 |
|    clip_fraction        | 0.0933       |
|    clip_range           | 0.2          |
|    entropy_loss         | 4.2          |
|    explained_variance   | 0.99         |
|    learning_rate        | 0.000163     |
|    loss                 | 2.92         |
|    n_updates            | 3520         |
|    policy_gradient_loss | 0.000551     |
|    std                  | 0.0301       |
|    value_loss           | 7.28         |
------------------------------------------
-----------------------------------------
| rollout/                |             |
|    ep_len_mean          | 2e+03       |
|    ep_rew_mean          | 2.3e+03     |
| time/                   |             |
|    fps                  | 1456        |
|    iterations           | 354         |
|    time_elapsed         | 9456        |
|    total_timesteps      | 13774848    |
| train/                  |             |
|    approx_kl            | 0.009842423 |
|    clip_fraction        | 0.0936      |
|    clip_range           | 0.2         |
|    entropy_loss         | 4.19        |
|    explained_variance   | 0.983       |
|    learning_rate        | 0.000163    |
|    loss                 | 2.43        |
|    n_updates            | 3530        |
|    policy_gradient_loss | 0.000603    |
|    std                  | 0.0299      |
|    value_loss           | 7.53        |
-----------------------------------------
-----------------------------------------
| rollout/                |             |
|    ep_len_mean          | 2e+03       |
|    ep_rew_mean          | 2.32e+03    |
| time/                   |             |
|    fps                  | 1457        |
|    iterations           | 355         |
|    time_elapsed         | 9480        |
|    total_timesteps      | 13813760    |
| train/                  |             |
|    approx_kl            | 0.008596666 |
|    clip_fraction        | 0.104       |
|    clip_range           | 0.2         |
|    entropy_loss         | 4.2         |
|    explained_variance   | 0.993       |
|    learning_rate        | 0.000162    |
|    loss                 | 3.05        |
|    n_updates            | 3540        |
|    policy_gradient_loss | 0.000371    |
|    std                  | 0.03        |
|    value_loss           | 6.56        |
-----------------------------------------
-----------------------------------------
| rollout/                |             |
|    ep_len_mean          | 2e+03       |
|    ep_rew_mean          | 2.35e+03    |
| time/                   |             |
|    fps                  | 1457        |
|    iterations           | 356         |
|    time_elapsed         | 9505        |
|    total_timesteps      | 13852672    |
| train/                  |             |
|    approx_kl            | 0.008172912 |
|    clip_fraction        | 0.0974      |
|    clip_range           | 0.2         |
|    entropy_loss         | 4.19        |
|    explained_variance   | 0.981       |
|    learning_rate        | 0.000162    |
|    loss                 | 4.97        |
|    n_updates            | 3550        |
|    policy_gradient_loss | 0.00118     |
|    std                  | 0.0302      |
|    value_loss           | 8.88        |
-----------------------------------------
Eval num_timesteps=13870000, episode_reward=1847.83 +/- 1335.04
Episode length: 2000.00 +/- 0.00
-----------------------------------------
| eval/                   |             |
|    mean_ep_length       | 2e+03       |
|    mean_reward          | 1.85e+03    |
| time/                   |             |
|    total_timesteps      | 13870000    |
| train/                  |             |
|    approx_kl            | 0.008769986 |
|    clip_fraction        | 0.097       |
|    clip_range           | 0.2         |
|    entropy_loss         | 4.19        |
|    explained_variance   | 0.993       |
|    learning_rate        | 0.000161    |
|    loss                 | 2.42        |
|    n_updates            | 3560        |
|    policy_gradient_loss | 0.000436    |
|    std                  | 0.03        |
|    value_loss           | 7.24        |
-----------------------------------------
---------------------------------
| rollout/           |          |
|    ep_len_mean     | 2e+03    |
|    ep_rew_mean     | 2.35e+03 |
| time/              |          |
|    fps             | 1449     |
|    iterations      | 357      |
|    time_elapsed    | 9586     |
|    total_timesteps | 13891584 |
---------------------------------
-----------------------------------------
| rollout/                |             |
|    ep_len_mean          | 2e+03       |
|    ep_rew_mean          | 2.24e+03    |
| time/                   |             |
|    fps                  | 1449        |
|    iterations           | 358         |
|    time_elapsed         | 9610        |
|    total_timesteps      | 13930496    |
| train/                  |             |
|    approx_kl            | 0.009826644 |
|    clip_fraction        | 0.113       |
|    clip_range           | 0.2         |
|    entropy_loss         | 4.18        |
|    explained_variance   | 0.99        |
|    learning_rate        | 0.000161    |
|    loss                 | 7.84        |
|    n_updates            | 3570        |
|    policy_gradient_loss | 0.000939    |
|    std                  | 0.0304      |
|    value_loss           | 8.83        |
-----------------------------------------
-----------------------------------------
| rollout/                |             |
|    ep_len_mean          | 2e+03       |
|    ep_rew_mean          | 2.23e+03    |
| time/                   |             |
|    fps                  | 1450        |
|    iterations           | 359         |
|    time_elapsed         | 9633        |
|    total_timesteps      | 13969408    |
| train/                  |             |
|    approx_kl            | 0.009226654 |
|    clip_fraction        | 0.107       |
|    clip_range           | 0.2         |
|    entropy_loss         | 4.16        |
|    explained_variance   | 0.992       |
|    learning_rate        | 0.000161    |
|    loss                 | 8.19        |
|    n_updates            | 3580        |
|    policy_gradient_loss | 0.000344    |
|    std                  | 0.0306      |
|    value_loss           | 8.24        |
-----------------------------------------
----------------------------------------
| rollout/                |            |
|    ep_len_mean          | 2e+03      |
|    ep_rew_mean          | 2.25e+03   |
| time/                   |            |
|    fps                  | 1450       |
|    iterations           | 360        |
|    time_elapsed         | 9658       |
|    total_timesteps      | 14008320   |
| train/                  |            |
|    approx_kl            | 0.00755864 |
|    clip_fraction        | 0.0852     |
|    clip_range           | 0.2        |
|    entropy_loss         | 4.16       |
|    explained_variance   | 0.984      |
|    learning_rate        | 0.00016    |
|    loss                 | 3.56       |
|    n_updates            | 3590       |
|    policy_gradient_loss | -0.000401  |
|    std                  | 0.0304     |
|    value_loss           | 8.07       |
----------------------------------------
-----------------------------------------
| rollout/                |             |
|    ep_len_mean          | 2e+03       |
|    ep_rew_mean          | 2.3e+03     |
| time/                   |             |
|    fps                  | 1450        |
|    iterations           | 361         |
|    time_elapsed         | 9682        |
|    total_timesteps      | 14047232    |
| train/                  |             |
|    approx_kl            | 0.008576728 |
|    clip_fraction        | 0.0966      |
|    clip_range           | 0.2         |
|    entropy_loss         | 4.17        |
|    explained_variance   | 0.982       |
|    learning_rate        | 0.00016     |
|    loss                 | 3.47        |
|    n_updates            | 3600        |
|    policy_gradient_loss | 0.000204    |
|    std                  | 0.0304      |
|    value_loss           | 10.3        |
-----------------------------------------
Eval num_timesteps=14060000, episode_reward=1930.16 +/- 1265.63
Episode length: 2000.00 +/- 0.00
-----------------------------------------
| eval/                   |             |
|    mean_ep_length       | 2e+03       |
|    mean_reward          | 1.93e+03    |
| time/                   |             |
|    total_timesteps      | 14060000    |
| train/                  |             |
|    approx_kl            | 0.009466769 |
|    clip_fraction        | 0.116       |
|    clip_range           | 0.2         |
|    entropy_loss         | 4.17        |
|    explained_variance   | 0.984       |
|    learning_rate        | 0.00016     |
|    loss                 | 6.15        |
|    n_updates            | 3610        |
|    policy_gradient_loss | 0.000191    |
|    std                  | 0.0304      |
|    value_loss           | 11.1        |
-----------------------------------------
New best mean reward!
---------------------------------
| rollout/           |          |
|    ep_len_mean     | 2e+03    |
|    ep_rew_mean     | 2.25e+03 |
| time/              |          |
|    fps             | 1442     |
|    iterations      | 362      |
|    time_elapsed    | 9763     |
|    total_timesteps | 14086144 |
---------------------------------
----------------------------------------
| rollout/                |            |
|    ep_len_mean          | 2e+03      |
|    ep_rew_mean          | 2.35e+03   |
| time/                   |            |
|    fps                  | 1443       |
|    iterations           | 363        |
|    time_elapsed         | 9787       |
|    total_timesteps      | 14125056   |
| train/                  |            |
|    approx_kl            | 0.00864803 |
|    clip_fraction        | 0.118      |
|    clip_range           | 0.2        |
|    entropy_loss         | 4.15       |
|    explained_variance   | 0.995      |
|    learning_rate        | 0.000159   |
|    loss                 | 1.47       |
|    n_updates            | 3620       |
|    policy_gradient_loss | 0.00151    |
|    std                  | 0.0308     |
|    value_loss           | 6.06       |
----------------------------------------
-----------------------------------------
| rollout/                |             |
|    ep_len_mean          | 2e+03       |
|    ep_rew_mean          | 2.33e+03    |
| time/                   |             |
|    fps                  | 1443        |
|    iterations           | 364         |
|    time_elapsed         | 9811        |
|    total_timesteps      | 14163968    |
| train/                  |             |
|    approx_kl            | 0.006273183 |
|    clip_fraction        | 0.0706      |
|    clip_range           | 0.2         |
|    entropy_loss         | 4.14        |
|    explained_variance   | 0.99        |
|    learning_rate        | 0.000159    |
|    loss                 | 6.73        |
|    n_updates            | 3630        |
|    policy_gradient_loss | -7.29e-05   |
|    std                  | 0.0309      |
|    value_loss           | 10.5        |
-----------------------------------------
-----------------------------------------
| rollout/                |             |
|    ep_len_mean          | 2e+03       |
|    ep_rew_mean          | 2.24e+03    |
| time/                   |             |
|    fps                  | 1443        |
|    iterations           | 365         |
|    time_elapsed         | 9839        |
|    total_timesteps      | 14202880    |
| train/                  |             |
|    approx_kl            | 0.009134405 |
|    clip_fraction        | 0.0816      |
|    clip_range           | 0.2         |
|    entropy_loss         | 4.13        |
|    explained_variance   | 0.993       |
|    learning_rate        | 0.000158    |
|    loss                 | 3.59        |
|    n_updates            | 3640        |
|    policy_gradient_loss | 0.001       |
|    std                  | 0.0311      |
|    value_loss           | 7.36        |
-----------------------------------------
-----------------------------------------
| rollout/                |             |
|    ep_len_mean          | 2e+03       |
|    ep_rew_mean          | 2.17e+03    |
| time/                   |             |
|    fps                  | 1443        |
|    iterations           | 366         |
|    time_elapsed         | 9863        |
|    total_timesteps      | 14241792    |
| train/                  |             |
|    approx_kl            | 0.008156056 |
|    clip_fraction        | 0.0954      |
|    clip_range           | 0.2         |
|    entropy_loss         | 4.12        |
|    explained_variance   | 0.994       |
|    learning_rate        | 0.000158    |
|    loss                 | 3.35        |
|    n_updates            | 3650        |
|    policy_gradient_loss | 0.000329    |
|    std                  | 0.0312      |
|    value_loss           | 6.24        |
-----------------------------------------
Eval num_timesteps=14250000, episode_reward=1963.96 +/- 1302.59
Episode length: 2000.00 +/- 0.00
-----------------------------------------
| eval/                   |             |
|    mean_ep_length       | 2e+03       |
|    mean_reward          | 1.96e+03    |
| time/                   |             |
|    total_timesteps      | 14250000    |
| train/                  |             |
|    approx_kl            | 0.007916655 |
|    clip_fraction        | 0.0807      |
|    clip_range           | 0.2         |
|    entropy_loss         | 4.11        |
|    explained_variance   | 0.99        |
|    learning_rate        | 0.000158    |
|    loss                 | 3.7         |
|    n_updates            | 3660        |
|    policy_gradient_loss | 0.000135    |
|    std                  | 0.0314      |
|    value_loss           | 11.6        |
-----------------------------------------
New best mean reward!
---------------------------------
| rollout/           |          |
|    ep_len_mean     | 2e+03    |
|    ep_rew_mean     | 2.15e+03 |
| time/              |          |
|    fps             | 1435     |
|    iterations      | 367      |
|    time_elapsed    | 9947     |
|    total_timesteps | 14280704 |
---------------------------------
-----------------------------------------
| rollout/                |             |
|    ep_len_mean          | 1.99e+03    |
|    ep_rew_mean          | 2.12e+03    |
| time/                   |             |
|    fps                  | 1436        |
|    iterations           | 368         |
|    time_elapsed         | 9971        |
|    total_timesteps      | 14319616    |
| train/                  |             |
|    approx_kl            | 0.011464201 |
|    clip_fraction        | 0.107       |
|    clip_range           | 0.2         |
|    entropy_loss         | 4.1         |
|    explained_variance   | 0.995       |
|    learning_rate        | 0.000157    |
|    loss                 | 4.2         |
|    n_updates            | 3670        |
|    policy_gradient_loss | 0.000102    |
|    std                  | 0.0315      |
|    value_loss           | 9.38        |
-----------------------------------------
-----------------------------------------
| rollout/                |             |
|    ep_len_mean          | 2e+03       |
|    ep_rew_mean          | 2.14e+03    |
| time/                   |             |
|    fps                  | 1436        |
|    iterations           | 369         |
|    time_elapsed         | 9995        |
|    total_timesteps      | 14358528    |
| train/                  |             |
|    approx_kl            | 0.007038434 |
|    clip_fraction        | 0.0862      |
|    clip_range           | 0.2         |
|    entropy_loss         | 4.1         |
|    explained_variance   | 0.988       |
|    learning_rate        | 0.000157    |
|    loss                 | 3.14        |
|    n_updates            | 3680        |
|    policy_gradient_loss | -0.000604   |
|    std                  | 0.0315      |
|    value_loss           | 9.59        |
-----------------------------------------
-----------------------------------------
| rollout/                |             |
|    ep_len_mean          | 2e+03       |
|    ep_rew_mean          | 2.15e+03    |
| time/                   |             |
|    fps                  | 1436        |
|    iterations           | 370         |
|    time_elapsed         | 10019       |
|    total_timesteps      | 14397440    |
| train/                  |             |
|    approx_kl            | 0.009601739 |
|    clip_fraction        | 0.115       |
|    clip_range           | 0.2         |
|    entropy_loss         | 4.09        |
|    explained_variance   | 0.991       |
|    learning_rate        | 0.000156    |
|    loss                 | 2           |
|    n_updates            | 3690        |
|    policy_gradient_loss | 0.000176    |
|    std                  | 0.0316      |
|    value_loss           | 11.6        |
-----------------------------------------
-----------------------------------------
| rollout/                |             |
|    ep_len_mean          | 2e+03       |
|    ep_rew_mean          | 2.19e+03    |
| time/                   |             |
|    fps                  | 1437        |
|    iterations           | 371         |
|    time_elapsed         | 10043       |
|    total_timesteps      | 14436352    |
| train/                  |             |
|    approx_kl            | 0.008474943 |
|    clip_fraction        | 0.108       |
|    clip_range           | 0.2         |
|    entropy_loss         | 4.09        |
|    explained_variance   | 0.991       |
|    learning_rate        | 0.000156    |
|    loss                 | 2.05        |
|    n_updates            | 3700        |
|    policy_gradient_loss | 0.000169    |
|    std                  | 0.0316      |
|    value_loss           | 9.72        |
-----------------------------------------
Eval num_timesteps=14440000, episode_reward=2003.29 +/- 1307.49
Episode length: 2000.00 +/- 0.00
------------------------------------------
| eval/                   |              |
|    mean_ep_length       | 2e+03        |
|    mean_reward          | 2e+03        |
| time/                   |              |
|    total_timesteps      | 14440000     |
| train/                  |              |
|    approx_kl            | 0.0068073696 |
|    clip_fraction        | 0.083        |
|    clip_range           | 0.2          |
|    entropy_loss         | 4.08         |
|    explained_variance   | 0.992        |
|    learning_rate        | 0.000156     |
|    loss                 | 4.65         |
|    n_updates            | 3710         |
|    policy_gradient_loss | 1.6e-05      |
|    std                  | 0.0319       |
|    value_loss           | 9.98         |
------------------------------------------
New best mean reward!
---------------------------------
| rollout/           |          |
|    ep_len_mean     | 2e+03    |
|    ep_rew_mean     | 2.22e+03 |
| time/              |          |
|    fps             | 1429     |
|    iterations      | 372      |
|    time_elapsed    | 10124    |
|    total_timesteps | 14475264 |
---------------------------------
-----------------------------------------
| rollout/                |             |
|    ep_len_mean          | 1.99e+03    |
|    ep_rew_mean          | 2.29e+03    |
| time/                   |             |
|    fps                  | 1430        |
|    iterations           | 373         |
|    time_elapsed         | 10149       |
|    total_timesteps      | 14514176    |
| train/                  |             |
|    approx_kl            | 0.009383696 |
|    clip_fraction        | 0.106       |
|    clip_range           | 0.2         |
|    entropy_loss         | 4.07        |
|    explained_variance   | 0.992       |
|    learning_rate        | 0.000155    |
|    loss                 | 4.09        |
|    n_updates            | 3720        |
|    policy_gradient_loss | 0.000588    |
|    std                  | 0.032       |
|    value_loss           | 8.05        |
-----------------------------------------
-----------------------------------------
| rollout/                |             |
|    ep_len_mean          | 1.99e+03    |
|    ep_rew_mean          | 2.29e+03    |
| time/                   |             |
|    fps                  | 1430        |
|    iterations           | 374         |
|    time_elapsed         | 10173       |
|    total_timesteps      | 14553088    |
| train/                  |             |
|    approx_kl            | 0.009045659 |
|    clip_fraction        | 0.0924      |
|    clip_range           | 0.2         |
|    entropy_loss         | 4.06        |
|    explained_variance   | 0.99        |
|    learning_rate        | 0.000155    |
|    loss                 | 1.91        |
|    n_updates            | 3730        |
|    policy_gradient_loss | 0.00138     |
|    std                  | 0.0321      |
|    value_loss           | 8.28        |
-----------------------------------------
-----------------------------------------
| rollout/                |             |
|    ep_len_mean          | 1.99e+03    |
|    ep_rew_mean          | 2.35e+03    |
| time/                   |             |
|    fps                  | 1430        |
|    iterations           | 375         |
|    time_elapsed         | 10197       |
|    total_timesteps      | 14592000    |
| train/                  |             |
|    approx_kl            | 0.008502342 |
|    clip_fraction        | 0.101       |
|    clip_range           | 0.2         |
|    entropy_loss         | 4.05        |
|    explained_variance   | 0.989       |
|    learning_rate        | 0.000154    |
|    loss                 | 3.26        |
|    n_updates            | 3740        |
|    policy_gradient_loss | 0.000312    |
|    std                  | 0.0322      |
|    value_loss           | 11.3        |
-----------------------------------------
Eval num_timesteps=14630000, episode_reward=2045.59 +/- 1267.41
Episode length: 2000.00 +/- 0.00
-----------------------------------------
| eval/                   |             |
|    mean_ep_length       | 2e+03       |
|    mean_reward          | 2.05e+03    |
| time/                   |             |
|    total_timesteps      | 14630000    |
| train/                  |             |
|    approx_kl            | 0.008880618 |
|    clip_fraction        | 0.102       |
|    clip_range           | 0.2         |
|    entropy_loss         | 4.04        |
|    explained_variance   | 0.982       |
|    learning_rate        | 0.000154    |
|    loss                 | 4.1         |
|    n_updates            | 3750        |
|    policy_gradient_loss | -5.9e-05    |
|    std                  | 0.0324      |
|    value_loss           | 11.5        |
-----------------------------------------
New best mean reward!
---------------------------------
| rollout/           |          |
|    ep_len_mean     | 1.99e+03 |
|    ep_rew_mean     | 2.37e+03 |
| time/              |          |
|    fps             | 1423     |
|    iterations      | 376      |
|    time_elapsed    | 10278    |
|    total_timesteps | 14630912 |
---------------------------------
-----------------------------------------
| rollout/                |             |
|    ep_len_mean          | 1.99e+03    |
|    ep_rew_mean          | 2.35e+03    |
| time/                   |             |
|    fps                  | 1423        |
|    iterations           | 377         |
|    time_elapsed         | 10302       |
|    total_timesteps      | 14669824    |
| train/                  |             |
|    approx_kl            | 0.009608852 |
|    clip_fraction        | 0.092       |
|    clip_range           | 0.2         |
|    entropy_loss         | 4.04        |
|    explained_variance   | 0.977       |
|    learning_rate        | 0.000154    |
|    loss                 | 7.53        |
|    n_updates            | 3760        |
|    policy_gradient_loss | 0.000241    |
|    std                  | 0.0323      |
|    value_loss           | 12.8        |
-----------------------------------------
-----------------------------------------
| rollout/                |             |
|    ep_len_mean          | 1.99e+03    |
|    ep_rew_mean          | 2.29e+03    |
| time/                   |             |
|    fps                  | 1424        |
|    iterations           | 378         |
|    time_elapsed         | 10326       |
|    total_timesteps      | 14708736    |
| train/                  |             |
|    approx_kl            | 0.010149511 |
|    clip_fraction        | 0.0892      |
|    clip_range           | 0.2         |
|    entropy_loss         | 4.04        |
|    explained_variance   | 0.985       |
|    learning_rate        | 0.000153    |
|    loss                 | 2.74        |
|    n_updates            | 3770        |
|    policy_gradient_loss | 0.000178    |
|    std                  | 0.0325      |
|    value_loss           | 14.4        |
-----------------------------------------
-----------------------------------------
| rollout/                |             |
|    ep_len_mean          | 1.99e+03    |
|    ep_rew_mean          | 2.26e+03    |
| time/                   |             |
|    fps                  | 1424        |
|    iterations           | 379         |
|    time_elapsed         | 10350       |
|    total_timesteps      | 14747648    |
| train/                  |             |
|    approx_kl            | 0.009092492 |
|    clip_fraction        | 0.128       |
|    clip_range           | 0.2         |
|    entropy_loss         | 4.02        |
|    explained_variance   | 0.989       |
|    learning_rate        | 0.000153    |
|    loss                 | 9.15        |
|    n_updates            | 3780        |
|    policy_gradient_loss | 0.00118     |
|    std                  | 0.0328      |
|    value_loss           | 12.2        |
-----------------------------------------
-----------------------------------------
| rollout/                |             |
|    ep_len_mean          | 1.99e+03    |
|    ep_rew_mean          | 2.2e+03     |
| time/                   |             |
|    fps                  | 1425        |
|    iterations           | 380         |
|    time_elapsed         | 10374       |
|    total_timesteps      | 14786560    |
| train/                  |             |
|    approx_kl            | 0.010316534 |
|    clip_fraction        | 0.093       |
|    clip_range           | 0.2         |
|    entropy_loss         | 4.02        |
|    explained_variance   | 0.985       |
|    learning_rate        | 0.000153    |
|    loss                 | 5.72        |
|    n_updates            | 3790        |
|    policy_gradient_loss | -0.000123   |
|    std                  | 0.0328      |
|    value_loss           | 13.7        |
-----------------------------------------
Eval num_timesteps=14820000, episode_reward=2058.16 +/- 1183.48
Episode length: 2000.00 +/- 0.00
-----------------------------------------
| eval/                   |             |
|    mean_ep_length       | 2e+03       |
|    mean_reward          | 2.06e+03    |
| time/                   |             |
|    total_timesteps      | 14820000    |
| train/                  |             |
|    approx_kl            | 0.008134265 |
|    clip_fraction        | 0.11        |
|    clip_range           | 0.2         |
|    entropy_loss         | 4           |
|    explained_variance   | 0.988       |
|    learning_rate        | 0.000152    |
|    loss                 | 3.51        |
|    n_updates            | 3800        |
|    policy_gradient_loss | 0.00132     |
|    std                  | 0.0331      |
|    value_loss           | 10.7        |
-----------------------------------------
New best mean reward!
---------------------------------
| rollout/           |          |
|    ep_len_mean     | 2e+03    |
|    ep_rew_mean     | 2.12e+03 |
| time/              |          |
|    fps             | 1417     |
|    iterations      | 381      |
|    time_elapsed    | 10456    |
|    total_timesteps | 14825472 |
---------------------------------
-----------------------------------------
| rollout/                |             |
|    ep_len_mean          | 2e+03       |
|    ep_rew_mean          | 2.14e+03    |
| time/                   |             |
|    fps                  | 1417        |
|    iterations           | 382         |
|    time_elapsed         | 10483       |
|    total_timesteps      | 14864384    |
| train/                  |             |
|    approx_kl            | 0.008062177 |
|    clip_fraction        | 0.0847      |
|    clip_range           | 0.2         |
|    entropy_loss         | 3.99        |
|    explained_variance   | 0.989       |
|    learning_rate        | 0.000152    |
|    loss                 | 6.13        |
|    n_updates            | 3810        |
|    policy_gradient_loss | -0.00125    |
|    std                  | 0.0332      |
|    value_loss           | 11.8        |
-----------------------------------------
-----------------------------------------
| rollout/                |             |
|    ep_len_mean          | 2e+03       |
|    ep_rew_mean          | 2.16e+03    |
| time/                   |             |
|    fps                  | 1418        |
|    iterations           | 383         |
|    time_elapsed         | 10508       |
|    total_timesteps      | 14903296    |
| train/                  |             |
|    approx_kl            | 0.008217132 |
|    clip_fraction        | 0.0985      |
|    clip_range           | 0.2         |
|    entropy_loss         | 3.98        |
|    explained_variance   | 0.985       |
|    learning_rate        | 0.000151    |
|    loss                 | 7.95        |
|    n_updates            | 3820        |
|    policy_gradient_loss | 0.000155    |
|    std                  | 0.0337      |
|    value_loss           | 13.6        |
-----------------------------------------
-----------------------------------------
| rollout/                |             |
|    ep_len_mean          | 2e+03       |
|    ep_rew_mean          | 2.16e+03    |
| time/                   |             |
|    fps                  | 1418        |
|    iterations           | 384         |
|    time_elapsed         | 10532       |
|    total_timesteps      | 14942208    |
| train/                  |             |
|    approx_kl            | 0.010152718 |
|    clip_fraction        | 0.11        |
|    clip_range           | 0.2         |
|    entropy_loss         | 3.97        |
|    explained_variance   | 0.987       |
|    learning_rate        | 0.000151    |
|    loss                 | 1.87        |
|    n_updates            | 3830        |
|    policy_gradient_loss | 0.00134     |
|    std                  | 0.0336      |
|    value_loss           | 10.6        |
-----------------------------------------
------------------------------------------
| rollout/                |              |
|    ep_len_mean          | 2e+03        |
|    ep_rew_mean          | 2.18e+03     |
| time/                   |              |
|    fps                  | 1419         |
|    iterations           | 385          |
|    time_elapsed         | 10556        |
|    total_timesteps      | 14981120     |
| train/                  |              |
|    approx_kl            | 0.0073062745 |
|    clip_fraction        | 0.0886       |
|    clip_range           | 0.2          |
|    entropy_loss         | 3.96         |
|    explained_variance   | 0.989        |
|    learning_rate        | 0.000151     |
|    loss                 | 4.25         |
|    n_updates            | 3840         |
|    policy_gradient_loss | 0.00112      |
|    std                  | 0.0338       |
|    value_loss           | 10.1         |
------------------------------------------
Eval num_timesteps=15010000, episode_reward=2096.53 +/- 1155.97
Episode length: 2000.00 +/- 0.00
-----------------------------------------
| eval/                   |             |
|    mean_ep_length       | 2e+03       |
|    mean_reward          | 2.1e+03     |
| time/                   |             |
|    total_timesteps      | 15010000    |
| train/                  |             |
|    approx_kl            | 0.008226944 |
|    clip_fraction        | 0.091       |
|    clip_range           | 0.2         |
|    entropy_loss         | 3.95        |
|    explained_variance   | 0.986       |
|    learning_rate        | 0.00015     |
|    loss                 | 6.98        |
|    n_updates            | 3850        |
|    policy_gradient_loss | 0.000385    |
|    std                  | 0.0339      |
|    value_loss           | 12.1        |
-----------------------------------------
New best mean reward!
---------------------------------
| rollout/           |          |
|    ep_len_mean     | 2e+03    |
|    ep_rew_mean     | 2.24e+03 |
| time/              |          |
|    fps             | 1411     |
|    iterations      | 386      |
|    time_elapsed    | 10638    |
|    total_timesteps | 15020032 |
---------------------------------
-----------------------------------------
| rollout/                |             |
|    ep_len_mean          | 2e+03       |
|    ep_rew_mean          | 2.2e+03     |
| time/                   |             |
|    fps                  | 1412        |
|    iterations           | 387         |
|    time_elapsed         | 10662       |
|    total_timesteps      | 15058944    |
| train/                  |             |
|    approx_kl            | 0.007669121 |
|    clip_fraction        | 0.0841      |
|    clip_range           | 0.2         |
|    entropy_loss         | 3.94        |
|    explained_variance   | 0.98        |
|    learning_rate        | 0.00015     |
|    loss                 | 3.7         |
|    n_updates            | 3860        |
|    policy_gradient_loss | 5.34e-05    |
|    std                  | 0.0341      |
|    value_loss           | 12.2        |
-----------------------------------------
-----------------------------------------
| rollout/                |             |
|    ep_len_mean          | 2e+03       |
|    ep_rew_mean          | 2.19e+03    |
| time/                   |             |
|    fps                  | 1412        |
|    iterations           | 388         |
|    time_elapsed         | 10686       |
|    total_timesteps      | 15097856    |
| train/                  |             |
|    approx_kl            | 0.009170721 |
|    clip_fraction        | 0.104       |
|    clip_range           | 0.2         |
|    entropy_loss         | 3.93        |
|    explained_variance   | 0.992       |
|    learning_rate        | 0.000149    |
|    loss                 | 3.53        |
|    n_updates            | 3870        |
|    policy_gradient_loss | 5.26e-05    |
|    std                  | 0.0342      |
|    value_loss           | 8.03        |
-----------------------------------------
----------------------------------------
| rollout/                |            |
|    ep_len_mean          | 2e+03      |
|    ep_rew_mean          | 2.22e+03   |
| time/                   |            |
|    fps                  | 1413       |
|    iterations           | 389        |
|    time_elapsed         | 10710      |
|    total_timesteps      | 15136768   |
| train/                  |            |
|    approx_kl            | 0.00842203 |
|    clip_fraction        | 0.0909     |
|    clip_range           | 0.2        |
|    entropy_loss         | 3.93       |
|    explained_variance   | 0.989      |
|    learning_rate        | 0.000149   |
|    loss                 | 3.24       |
|    n_updates            | 3880       |
|    policy_gradient_loss | -1.31e-05  |
|    std                  | 0.0343     |
|    value_loss           | 9.45       |
----------------------------------------
-----------------------------------------
| rollout/                |             |
|    ep_len_mean          | 2e+03       |
|    ep_rew_mean          | 2.25e+03    |
| time/                   |             |
|    fps                  | 1413        |
|    iterations           | 390         |
|    time_elapsed         | 10733       |
|    total_timesteps      | 15175680    |
| train/                  |             |
|    approx_kl            | 0.008478299 |
|    clip_fraction        | 0.0849      |
|    clip_range           | 0.2         |
|    entropy_loss         | 3.92        |
|    explained_variance   | 0.981       |
|    learning_rate        | 0.000149    |
|    loss                 | 1.88        |
|    n_updates            | 3890        |
|    policy_gradient_loss | -6.01e-05   |
|    std                  | 0.0343      |
|    value_loss           | 8.02        |
-----------------------------------------
Eval num_timesteps=15200000, episode_reward=2137.84 +/- 1162.50
Episode length: 2000.00 +/- 0.00
-----------------------------------------
| eval/                   |             |
|    mean_ep_length       | 2e+03       |
|    mean_reward          | 2.14e+03    |
| time/                   |             |
|    total_timesteps      | 15200000    |
| train/                  |             |
|    approx_kl            | 0.009005404 |
|    clip_fraction        | 0.0801      |
|    clip_range           | 0.2         |
|    entropy_loss         | 3.92        |
|    explained_variance   | 0.983       |
|    learning_rate        | 0.000148    |
|    loss                 | 1.48        |
|    n_updates            | 3900        |
|    policy_gradient_loss | -0.000108   |
|    std                  | 0.0345      |
|    value_loss           | 10.7        |
-----------------------------------------
New best mean reward!
---------------------------------
| rollout/           |          |
|    ep_len_mean     | 2e+03    |
|    ep_rew_mean     | 2.24e+03 |
| time/              |          |
|    fps             | 1406     |
|    iterations      | 391      |
|    time_elapsed    | 10815    |
|    total_timesteps | 15214592 |
---------------------------------
-----------------------------------------
| rollout/                |             |
|    ep_len_mean          | 1.99e+03    |
|    ep_rew_mean          | 2.24e+03    |
| time/                   |             |
|    fps                  | 1407        |
|    iterations           | 392         |
|    time_elapsed         | 10839       |
|    total_timesteps      | 15253504    |
| train/                  |             |
|    approx_kl            | 0.006879942 |
|    clip_fraction        | 0.0909      |
|    clip_range           | 0.2         |
|    entropy_loss         | 3.92        |
|    explained_variance   | 0.991       |
|    learning_rate        | 0.000148    |
|    loss                 | 2.9         |
|    n_updates            | 3910        |
|    policy_gradient_loss | 0.000206    |
|    std                  | 0.0343      |
|    value_loss           | 9.21        |
-----------------------------------------
-----------------------------------------
| rollout/                |             |
|    ep_len_mean          | 1.99e+03    |
|    ep_rew_mean          | 2.23e+03    |
| time/                   |             |
|    fps                  | 1407        |
|    iterations           | 393         |
|    time_elapsed         | 10864       |
|    total_timesteps      | 15292416    |
| train/                  |             |
|    approx_kl            | 0.008449149 |
|    clip_fraction        | 0.0987      |
|    clip_range           | 0.2         |
|    entropy_loss         | 3.92        |
|    explained_variance   | 0.987       |
|    learning_rate        | 0.000147    |
|    loss                 | 7.5         |
|    n_updates            | 3920        |
|    policy_gradient_loss | 0.00102     |
|    std                  | 0.0344      |
|    value_loss           | 13.2        |
-----------------------------------------
-----------------------------------------
| rollout/                |             |
|    ep_len_mean          | 1.98e+03    |
|    ep_rew_mean          | 2.14e+03    |
| time/                   |             |
|    fps                  | 1408        |
|    iterations           | 394         |
|    time_elapsed         | 10888       |
|    total_timesteps      | 15331328    |
| train/                  |             |
|    approx_kl            | 0.009032753 |
|    clip_fraction        | 0.0878      |
|    clip_range           | 0.2         |
|    entropy_loss         | 3.92        |
|    explained_variance   | 0.985       |
|    learning_rate        | 0.000147    |
|    loss                 | 12.2        |
|    n_updates            | 3930        |
|    policy_gradient_loss | 0.000763    |
|    std                  | 0.0345      |
|    value_loss           | 14.5        |
-----------------------------------------
-----------------------------------------
| rollout/                |             |
|    ep_len_mean          | 1.97e+03    |
|    ep_rew_mean          | 2.12e+03    |
| time/                   |             |
|    fps                  | 1408        |
|    iterations           | 395         |
|    time_elapsed         | 10912       |
|    total_timesteps      | 15370240    |
| train/                  |             |
|    approx_kl            | 0.009087944 |
|    clip_fraction        | 0.0902      |
|    clip_range           | 0.2         |
|    entropy_loss         | 3.91        |
|    explained_variance   | 0.988       |
|    learning_rate        | 0.000147    |
|    loss                 | 4.31        |
|    n_updates            | 3940        |
|    policy_gradient_loss | -0.000639   |
|    std                  | 0.0347      |
|    value_loss           | 12.1        |
-----------------------------------------
Eval num_timesteps=15390000, episode_reward=2139.21 +/- 1168.13
Episode length: 2000.00 +/- 0.00
------------------------------------------
| eval/                   |              |
|    mean_ep_length       | 2e+03        |
|    mean_reward          | 2.14e+03     |
| time/                   |              |
|    total_timesteps      | 15390000     |
| train/                  |              |
|    approx_kl            | 0.0057858163 |
|    clip_fraction        | 0.0643       |
|    clip_range           | 0.2          |
|    entropy_loss         | 3.9          |
|    explained_variance   | 0.985        |
|    learning_rate        | 0.000146     |
|    loss                 | 5.16         |
|    n_updates            | 3950         |
|    policy_gradient_loss | -9.15e-05    |
|    std                  | 0.0349       |
|    value_loss           | 16.1         |
------------------------------------------
New best mean reward!
---------------------------------
| rollout/           |          |
|    ep_len_mean     | 1.97e+03 |
|    ep_rew_mean     | 2.17e+03 |
| time/              |          |
|    fps             | 1401     |
|    iterations      | 396      |
|    time_elapsed    | 10997    |
|    total_timesteps | 15409152 |
---------------------------------
-----------------------------------------
| rollout/                |             |
|    ep_len_mean          | 1.97e+03    |
|    ep_rew_mean          | 2.16e+03    |
| time/                   |             |
|    fps                  | 1401        |
|    iterations           | 397         |
|    time_elapsed         | 11022       |
|    total_timesteps      | 15448064    |
| train/                  |             |
|    approx_kl            | 0.009007725 |
|    clip_fraction        | 0.101       |
|    clip_range           | 0.2         |
|    entropy_loss         | 3.89        |
|    explained_variance   | 0.987       |
|    learning_rate        | 0.000146    |
|    loss                 | 6.8         |
|    n_updates            | 3960        |
|    policy_gradient_loss | -0.00027    |
|    std                  | 0.035       |
|    value_loss           | 13.5        |
-----------------------------------------
-----------------------------------------
| rollout/                |             |
|    ep_len_mean          | 1.98e+03    |
|    ep_rew_mean          | 2.21e+03    |
| time/                   |             |
|    fps                  | 1402        |
|    iterations           | 398         |
|    time_elapsed         | 11046       |
|    total_timesteps      | 15486976    |
| train/                  |             |
|    approx_kl            | 0.007430943 |
|    clip_fraction        | 0.0864      |
|    clip_range           | 0.2         |
|    entropy_loss         | 3.88        |
|    explained_variance   | 0.987       |
|    learning_rate        | 0.000146    |
|    loss                 | 9.33        |
|    n_updates            | 3970        |
|    policy_gradient_loss | -0.000976   |
|    std                  | 0.035       |
|    value_loss           | 13.9        |
-----------------------------------------
-----------------------------------------
| rollout/                |             |
|    ep_len_mean          | 1.99e+03    |
|    ep_rew_mean          | 2.26e+03    |
| time/                   |             |
|    fps                  | 1402        |
|    iterations           | 399         |
|    time_elapsed         | 11070       |
|    total_timesteps      | 15525888    |
| train/                  |             |
|    approx_kl            | 0.008617499 |
|    clip_fraction        | 0.0911      |
|    clip_range           | 0.2         |
|    entropy_loss         | 3.87        |
|    explained_variance   | 0.987       |
|    learning_rate        | 0.000145    |
|    loss                 | 3.36        |
|    n_updates            | 3980        |
|    policy_gradient_loss | -3.9e-05    |
|    std                  | 0.0353      |
|    value_loss           | 11.7        |
-----------------------------------------
---------------------------------------
| rollout/                |           |
|    ep_len_mean          | 1.99e+03  |
|    ep_rew_mean          | 2.29e+03  |
| time/                   |           |
|    fps                  | 1402      |
|    iterations           | 400       |
|    time_elapsed         | 11098     |
|    total_timesteps      | 15564800  |
| train/                  |           |
|    approx_kl            | 0.0088531 |
|    clip_fraction        | 0.101     |
|    clip_range           | 0.2       |
|    entropy_loss         | 3.86      |
|    explained_variance   | 0.981     |
|    learning_rate        | 0.000145  |
|    loss                 | 8.28      |
|    n_updates            | 3990      |
|    policy_gradient_loss | -0.000661 |
|    std                  | 0.0354    |
|    value_loss           | 18.2      |
---------------------------------------
Eval num_timesteps=15580000, episode_reward=2192.88 +/- 1077.12
Episode length: 2000.00 +/- 0.00
------------------------------------------
| eval/                   |              |
|    mean_ep_length       | 2e+03        |
|    mean_reward          | 2.19e+03     |
| time/                   |              |
|    total_timesteps      | 15580000     |
| train/                  |              |
|    approx_kl            | 0.0076842858 |
|    clip_fraction        | 0.087        |
|    clip_range           | 0.2          |
|    entropy_loss         | 3.87         |
|    explained_variance   | 0.987        |
|    learning_rate        | 0.000144     |
|    loss                 | 2.45         |
|    n_updates            | 4000         |
|    policy_gradient_loss | 0.000189     |
|    std                  | 0.0353       |
|    value_loss           | 9.87         |
------------------------------------------
New best mean reward!
---------------------------------
| rollout/           |          |
|    ep_len_mean     | 1.98e+03 |
|    ep_rew_mean     | 2.25e+03 |
| time/              |          |
|    fps             | 1395     |
|    iterations      | 401      |
|    time_elapsed    | 11179    |
|    total_timesteps | 15603712 |
---------------------------------
-----------------------------------------
| rollout/                |             |
|    ep_len_mean          | 1.98e+03    |
|    ep_rew_mean          | 2.27e+03    |
| time/                   |             |
|    fps                  | 1396        |
|    iterations           | 402         |
|    time_elapsed         | 11203       |
|    total_timesteps      | 15642624    |
| train/                  |             |
|    approx_kl            | 0.007403115 |
|    clip_fraction        | 0.0925      |
|    clip_range           | 0.2         |
|    entropy_loss         | 3.87        |
|    explained_variance   | 0.983       |
|    learning_rate        | 0.000144    |
|    loss                 | 6.99        |
|    n_updates            | 4010        |
|    policy_gradient_loss | 0.000277    |
|    std                  | 0.0352      |
|    value_loss           | 14.2        |
-----------------------------------------
-----------------------------------------
| rollout/                |             |
|    ep_len_mean          | 1.98e+03    |
|    ep_rew_mean          | 2.26e+03    |
| time/                   |             |
|    fps                  | 1396        |
|    iterations           | 403         |
|    time_elapsed         | 11228       |
|    total_timesteps      | 15681536    |
| train/                  |             |
|    approx_kl            | 0.008079082 |
|    clip_fraction        | 0.0978      |
|    clip_range           | 0.2         |
|    entropy_loss         | 3.87        |
|    explained_variance   | 0.985       |
|    learning_rate        | 0.000144    |
|    loss                 | 5.34        |
|    n_updates            | 4020        |
|    policy_gradient_loss | 0.000258    |
|    std                  | 0.0353      |
|    value_loss           | 13.5        |
-----------------------------------------
-----------------------------------------
| rollout/                |             |
|    ep_len_mean          | 1.98e+03    |
|    ep_rew_mean          | 2.28e+03    |
| time/                   |             |
|    fps                  | 1396        |
|    iterations           | 404         |
|    time_elapsed         | 11253       |
|    total_timesteps      | 15720448    |
| train/                  |             |
|    approx_kl            | 0.008296274 |
|    clip_fraction        | 0.0912      |
|    clip_range           | 0.2         |
|    entropy_loss         | 3.87        |
|    explained_variance   | 0.985       |
|    learning_rate        | 0.000143    |
|    loss                 | 4.25        |
|    n_updates            | 4030        |
|    policy_gradient_loss | -8.05e-05   |
|    std                  | 0.0354      |
|    value_loss           | 14          |
-----------------------------------------
-----------------------------------------
| rollout/                |             |
|    ep_len_mean          | 1.99e+03    |
|    ep_rew_mean          | 2.23e+03    |
| time/                   |             |
|    fps                  | 1397        |
|    iterations           | 405         |
|    time_elapsed         | 11277       |
|    total_timesteps      | 15759360    |
| train/                  |             |
|    approx_kl            | 0.007473726 |
|    clip_fraction        | 0.0861      |
|    clip_range           | 0.2         |
|    entropy_loss         | 3.87        |
|    explained_variance   | 0.988       |
|    learning_rate        | 0.000143    |
|    loss                 | 3.47        |
|    n_updates            | 4040        |
|    policy_gradient_loss | -0.000804   |
|    std                  | 0.0353      |
|    value_loss           | 11.5        |
-----------------------------------------
Eval num_timesteps=15770000, episode_reward=2173.67 +/- 1085.68
Episode length: 2000.00 +/- 0.00
-----------------------------------------
| eval/                   |             |
|    mean_ep_length       | 2e+03       |
|    mean_reward          | 2.17e+03    |
| time/                   |             |
|    total_timesteps      | 15770000    |
| train/                  |             |
|    approx_kl            | 0.011289987 |
|    clip_fraction        | 0.121       |
|    clip_range           | 0.2         |
|    entropy_loss         | 3.88        |
|    explained_variance   | 0.985       |
|    learning_rate        | 0.000142    |
|    loss                 | 5.79        |
|    n_updates            | 4050        |
|    policy_gradient_loss | -0.00032    |
|    std                  | 0.0352      |
|    value_loss           | 13.3        |
-----------------------------------------
---------------------------------
| rollout/           |          |
|    ep_len_mean     | 2e+03    |
|    ep_rew_mean     | 2.22e+03 |
| time/              |          |
|    fps             | 1390     |
|    iterations      | 406      |
|    time_elapsed    | 11360    |
|    total_timesteps | 15798272 |
---------------------------------
-----------------------------------------
| rollout/                |             |
|    ep_len_mean          | 2e+03       |
|    ep_rew_mean          | 2.26e+03    |
| time/                   |             |
|    fps                  | 1391        |
|    iterations           | 407         |
|    time_elapsed         | 11384       |
|    total_timesteps      | 15837184    |
| train/                  |             |
|    approx_kl            | 0.008876496 |
|    clip_fraction        | 0.0971      |
|    clip_range           | 0.2         |
|    entropy_loss         | 3.88        |
|    explained_variance   | 0.986       |
|    learning_rate        | 0.000142    |
|    loss                 | 8.85        |
|    n_updates            | 4060        |
|    policy_gradient_loss | 0.000593    |
|    std                  | 0.0351      |
|    value_loss           | 13.7        |
-----------------------------------------
-----------------------------------------
| rollout/                |             |
|    ep_len_mean          | 2e+03       |
|    ep_rew_mean          | 2.32e+03    |
| time/                   |             |
|    fps                  | 1391        |
|    iterations           | 408         |
|    time_elapsed         | 11408       |
|    total_timesteps      | 15876096    |
| train/                  |             |
|    approx_kl            | 0.008236212 |
|    clip_fraction        | 0.0964      |
|    clip_range           | 0.2         |
|    entropy_loss         | 3.88        |
|    explained_variance   | 0.99        |
|    learning_rate        | 0.000142    |
|    loss                 | 4.36        |
|    n_updates            | 4070        |
|    policy_gradient_loss | 0.00161     |
|    std                  | 0.0351      |
|    value_loss           | 9.37        |
-----------------------------------------
-----------------------------------------
| rollout/                |             |
|    ep_len_mean          | 2e+03       |
|    ep_rew_mean          | 2.33e+03    |
| time/                   |             |
|    fps                  | 1392        |
|    iterations           | 409         |
|    time_elapsed         | 11432       |
|    total_timesteps      | 15915008    |
| train/                  |             |
|    approx_kl            | 0.007977528 |
|    clip_fraction        | 0.0976      |
|    clip_range           | 0.2         |
|    entropy_loss         | 3.88        |
|    explained_variance   | 0.982       |
|    learning_rate        | 0.000141    |
|    loss                 | 3.23        |
|    n_updates            | 4080        |
|    policy_gradient_loss | 0.000775    |
|    std                  | 0.0351      |
|    value_loss           | 11.4        |
-----------------------------------------
-----------------------------------------
| rollout/                |             |
|    ep_len_mean          | 2e+03       |
|    ep_rew_mean          | 2.37e+03    |
| time/                   |             |
|    fps                  | 1392        |
|    iterations           | 410         |
|    time_elapsed         | 11456       |
|    total_timesteps      | 15953920    |
| train/                  |             |
|    approx_kl            | 0.006861698 |
|    clip_fraction        | 0.0711      |
|    clip_range           | 0.2         |
|    entropy_loss         | 3.88        |
|    explained_variance   | 0.991       |
|    learning_rate        | 0.000141    |
|    loss                 | 3.83        |
|    n_updates            | 4090        |
|    policy_gradient_loss | -5.77e-05   |
|    std                  | 0.0351      |
|    value_loss           | 9.74        |
-----------------------------------------
Eval num_timesteps=15960000, episode_reward=2129.06 +/- 1094.36
Episode length: 2000.00 +/- 0.00
------------------------------------------
| eval/                   |              |
|    mean_ep_length       | 2e+03        |
|    mean_reward          | 2.13e+03     |
| time/                   |              |
|    total_timesteps      | 15960000     |
| train/                  |              |
|    approx_kl            | 0.0065021776 |
|    clip_fraction        | 0.0847       |
|    clip_range           | 0.2          |
|    entropy_loss         | 3.87         |
|    explained_variance   | 0.989        |
|    learning_rate        | 0.00014      |
|    loss                 | 4.13         |
|    n_updates            | 4100         |
|    policy_gradient_loss | -0.00015     |
|    std                  | 0.0354       |
|    value_loss           | 14.4         |
------------------------------------------
---------------------------------
| rollout/           |          |
|    ep_len_mean     | 2e+03    |
|    ep_rew_mean     | 2.37e+03 |
| time/              |          |
|    fps             | 1386     |
|    iterations      | 411      |
|    time_elapsed    | 11537    |
|    total_timesteps | 15992832 |
---------------------------------
------------------------------------------
| rollout/                |              |
|    ep_len_mean          | 1.99e+03     |
|    ep_rew_mean          | 2.34e+03     |
| time/                   |              |
|    fps                  | 1386         |
|    iterations           | 412          |
|    time_elapsed         | 11561        |
|    total_timesteps      | 16031744     |
| train/                  |              |
|    approx_kl            | 0.0086121885 |
|    clip_fraction        | 0.117        |
|    clip_range           | 0.2          |
|    entropy_loss         | 3.87         |
|    explained_variance   | 0.987        |
|    learning_rate        | 0.00014      |
|    loss                 | 7.13         |
|    n_updates            | 4110         |
|    policy_gradient_loss | -0.000415    |
|    std                  | 0.0354       |
|    value_loss           | 11.9         |
------------------------------------------
-----------------------------------------
| rollout/                |             |
|    ep_len_mean          | 1.99e+03    |
|    ep_rew_mean          | 2.32e+03    |
| time/                   |             |
|    fps                  | 1387        |
|    iterations           | 413         |
|    time_elapsed         | 11585       |
|    total_timesteps      | 16070656    |
| train/                  |             |
|    approx_kl            | 0.008062786 |
|    clip_fraction        | 0.0906      |
|    clip_range           | 0.2         |
|    entropy_loss         | 3.86        |
|    explained_variance   | 0.982       |
|    learning_rate        | 0.00014     |
|    loss                 | 4.85        |
|    n_updates            | 4120        |
|    policy_gradient_loss | -0.000143   |
|    std                  | 0.0355      |
|    value_loss           | 11.4        |
-----------------------------------------
-----------------------------------------
| rollout/                |             |
|    ep_len_mean          | 1.99e+03    |
|    ep_rew_mean          | 2.31e+03    |
| time/                   |             |
|    fps                  | 1387        |
|    iterations           | 414         |
|    time_elapsed         | 11609       |
|    total_timesteps      | 16109568    |
| train/                  |             |
|    approx_kl            | 0.008156625 |
|    clip_fraction        | 0.0967      |
|    clip_range           | 0.2         |
|    entropy_loss         | 3.85        |
|    explained_variance   | 0.984       |
|    learning_rate        | 0.000139    |
|    loss                 | 13.4        |
|    n_updates            | 4130        |
|    policy_gradient_loss | -0.000833   |
|    std                  | 0.0358      |
|    value_loss           | 14.9        |
-----------------------------------------
-----------------------------------------
| rollout/                |             |
|    ep_len_mean          | 1.98e+03    |
|    ep_rew_mean          | 2.28e+03    |
| time/                   |             |
|    fps                  | 1388        |
|    iterations           | 415         |
|    time_elapsed         | 11633       |
|    total_timesteps      | 16148480    |
| train/                  |             |
|    approx_kl            | 0.008848662 |
|    clip_fraction        | 0.104       |
|    clip_range           | 0.2         |
|    entropy_loss         | 3.85        |
|    explained_variance   | 0.985       |
|    learning_rate        | 0.000139    |
|    loss                 | 4.48        |
|    n_updates            | 4140        |
|    policy_gradient_loss | 0.000351    |
|    std                  | 0.0357      |
|    value_loss           | 11          |
-----------------------------------------
Eval num_timesteps=16150000, episode_reward=2190.08 +/- 1016.35
Episode length: 1996.90 +/- 13.51
-----------------------------------------
| eval/                   |             |
|    mean_ep_length       | 2e+03       |
|    mean_reward          | 2.19e+03    |
| time/                   |             |
|    total_timesteps      | 16150000    |
| train/                  |             |
|    approx_kl            | 0.007613967 |
|    clip_fraction        | 0.073       |
|    clip_range           | 0.2         |
|    entropy_loss         | 3.84        |
|    explained_variance   | 0.986       |
|    learning_rate        | 0.000139    |
|    loss                 | 7.07        |
|    n_updates            | 4150        |
|    policy_gradient_loss | -0.0003     |
|    std                  | 0.0359      |
|    value_loss           | 11.9        |
-----------------------------------------
---------------------------------
| rollout/           |          |
|    ep_len_mean     | 1.98e+03 |
|    ep_rew_mean     | 2.3e+03  |
| time/              |          |
|    fps             | 1381     |
|    iterations      | 416      |
|    time_elapsed    | 11719    |
|    total_timesteps | 16187392 |
---------------------------------
-----------------------------------------
| rollout/                |             |
|    ep_len_mean          | 1.99e+03    |
|    ep_rew_mean          | 2.33e+03    |
| time/                   |             |
|    fps                  | 1381        |
|    iterations           | 417         |
|    time_elapsed         | 11743       |
|    total_timesteps      | 16226304    |
| train/                  |             |
|    approx_kl            | 0.006540398 |
|    clip_fraction        | 0.0736      |
|    clip_range           | 0.2         |
|    entropy_loss         | 3.84        |
|    explained_variance   | 0.99        |
|    learning_rate        | 0.000138    |
|    loss                 | 1.22        |
|    n_updates            | 4160        |
|    policy_gradient_loss | 0.000759    |
|    std                  | 0.0357      |
|    value_loss           | 8.04        |
-----------------------------------------
------------------------------------------
| rollout/                |              |
|    ep_len_mean          | 1.99e+03     |
|    ep_rew_mean          | 2.35e+03     |
| time/                   |              |
|    fps                  | 1382         |
|    iterations           | 418          |
|    time_elapsed         | 11767        |
|    total_timesteps      | 16265216     |
| train/                  |              |
|    approx_kl            | 0.0055786977 |
|    clip_fraction        | 0.0661       |
|    clip_range           | 0.2          |
|    entropy_loss         | 3.85         |
|    explained_variance   | 0.982        |
|    learning_rate        | 0.000138     |
|    loss                 | 4.83         |
|    n_updates            | 4170         |
|    policy_gradient_loss | 0.000195     |
|    std                  | 0.0358       |
|    value_loss           | 11.4         |
------------------------------------------
-----------------------------------------
| rollout/                |             |
|    ep_len_mean          | 1.99e+03    |
|    ep_rew_mean          | 2.34e+03    |
| time/                   |             |
|    fps                  | 1382        |
|    iterations           | 419         |
|    time_elapsed         | 11791       |
|    total_timesteps      | 16304128    |
| train/                  |             |
|    approx_kl            | 0.007866855 |
|    clip_fraction        | 0.0882      |
|    clip_range           | 0.2         |
|    entropy_loss         | 3.84        |
|    explained_variance   | 0.979       |
|    learning_rate        | 0.000137    |
|    loss                 | 10.3        |
|    n_updates            | 4180        |
|    policy_gradient_loss | 7.71e-05    |
|    std                  | 0.0359      |
|    value_loss           | 13.9        |
-----------------------------------------
Eval num_timesteps=16340000, episode_reward=2242.83 +/- 921.55
Episode length: 1974.55 +/- 110.93
----------------------------------------
| eval/                   |            |
|    mean_ep_length       | 1.97e+03   |
|    mean_reward          | 2.24e+03   |
| time/                   |            |
|    total_timesteps      | 16340000   |
| train/                  |            |
|    approx_kl            | 0.00760292 |
|    clip_fraction        | 0.0966     |
|    clip_range           | 0.2        |
|    entropy_loss         | 3.83       |
|    explained_variance   | 0.987      |
|    learning_rate        | 0.000137   |
|    loss                 | 3.58       |
|    n_updates            | 4190       |
|    policy_gradient_loss | 0.000453   |
|    std                  | 0.0362     |
|    value_loss           | 12.8       |
----------------------------------------
New best mean reward!
---------------------------------
| rollout/           |          |
|    ep_len_mean     | 2e+03    |
|    ep_rew_mean     | 2.37e+03 |
| time/              |          |
|    fps             | 1376     |
|    iterations      | 420      |
|    time_elapsed    | 11872    |
|    total_timesteps | 16343040 |
---------------------------------
-----------------------------------------
| rollout/                |             |
|    ep_len_mean          | 1.99e+03    |
|    ep_rew_mean          | 2.37e+03    |
| time/                   |             |
|    fps                  | 1376        |
|    iterations           | 421         |
|    time_elapsed         | 11898       |
|    total_timesteps      | 16381952    |
| train/                  |             |
|    approx_kl            | 0.011149564 |
|    clip_fraction        | 0.113       |
|    clip_range           | 0.2         |
|    entropy_loss         | 3.82        |
|    explained_variance   | 0.983       |
|    learning_rate        | 0.000137    |
|    loss                 | 8.97        |
|    n_updates            | 4200        |
|    policy_gradient_loss | -3.46e-05   |
|    std                  | 0.0363      |
|    value_loss           | 12.4        |
-----------------------------------------
------------------------------------------
| rollout/                |              |
|    ep_len_mean          | 1.99e+03     |
|    ep_rew_mean          | 2.38e+03     |
| time/                   |              |
|    fps                  | 1377         |
|    iterations           | 422          |
|    time_elapsed         | 11923        |
|    total_timesteps      | 16420864     |
| train/                  |              |
|    approx_kl            | 0.0084838895 |
|    clip_fraction        | 0.0964       |
|    clip_range           | 0.2          |
|    entropy_loss         | 3.82         |
|    explained_variance   | 0.986        |
|    learning_rate        | 0.000136     |
|    loss                 | 4.06         |
|    n_updates            | 4210         |
|    policy_gradient_loss | 0.000312     |
|    std                  | 0.0362       |
|    value_loss           | 7.1          |
------------------------------------------
------------------------------------------
| rollout/                |              |
|    ep_len_mean          | 1.99e+03     |
|    ep_rew_mean          | 2.38e+03     |
| time/                   |              |
|    fps                  | 1377         |
|    iterations           | 423          |
|    time_elapsed         | 11947        |
|    total_timesteps      | 16459776     |
| train/                  |              |
|    approx_kl            | 0.0067630173 |
|    clip_fraction        | 0.0944       |
|    clip_range           | 0.2          |
|    entropy_loss         | 3.81         |
|    explained_variance   | 0.985        |
|    learning_rate        | 0.000136     |
|    loss                 | 9.26         |
|    n_updates            | 4220         |
|    policy_gradient_loss | -0.000147    |
|    std                  | 0.0364       |
|    value_loss           | 11.3         |
------------------------------------------
-----------------------------------------
| rollout/                |             |
|    ep_len_mean          | 1.99e+03    |
|    ep_rew_mean          | 2.38e+03    |
| time/                   |             |
|    fps                  | 1378        |
|    iterations           | 424         |
|    time_elapsed         | 11971       |
|    total_timesteps      | 16498688    |
| train/                  |             |
|    approx_kl            | 0.006684786 |
|    clip_fraction        | 0.0679      |
|    clip_range           | 0.2         |
|    entropy_loss         | 3.81        |
|    explained_variance   | 0.977       |
|    learning_rate        | 0.000135    |
|    loss                 | 6.53        |
|    n_updates            | 4230        |
|    policy_gradient_loss | -0.000173   |
|    std                  | 0.0363      |
|    value_loss           | 14.9        |
-----------------------------------------
Eval num_timesteps=16530000, episode_reward=2356.41 +/- 675.49
Episode length: 1977.95 +/- 74.37
------------------------------------------
| eval/                   |              |
|    mean_ep_length       | 1.98e+03     |
|    mean_reward          | 2.36e+03     |
| time/                   |              |
|    total_timesteps      | 16530000     |
| train/                  |              |
|    approx_kl            | 0.0077480557 |
|    clip_fraction        | 0.0892       |
|    clip_range           | 0.2          |
|    entropy_loss         | 3.81         |
|    explained_variance   | 0.981        |
|    learning_rate        | 0.000135     |
|    loss                 | 2.54         |
|    n_updates            | 4240         |
|    policy_gradient_loss | -0.000518    |
|    std                  | 0.0365       |
|    value_loss           | 12.5         |
------------------------------------------
New best mean reward!
---------------------------------
| rollout/           |          |
|    ep_len_mean     | 1.99e+03 |
|    ep_rew_mean     | 2.38e+03 |
| time/              |          |
|    fps             | 1372     |
|    iterations      | 425      |
|    time_elapsed    | 12052    |
|    total_timesteps | 16537600 |
---------------------------------
-----------------------------------------
| rollout/                |             |
|    ep_len_mean          | 1.99e+03    |
|    ep_rew_mean          | 2.38e+03    |
| time/                   |             |
|    fps                  | 1372        |
|    iterations           | 426         |
|    time_elapsed         | 12076       |
|    total_timesteps      | 16576512    |
| train/                  |             |
|    approx_kl            | 0.008328114 |
|    clip_fraction        | 0.11        |
|    clip_range           | 0.2         |
|    entropy_loss         | 3.81        |
|    explained_variance   | 0.987       |
|    learning_rate        | 0.000135    |
|    loss                 | 10.3        |
|    n_updates            | 4250        |
|    policy_gradient_loss | 0.00012     |
|    std                  | 0.0365      |
|    value_loss           | 10.9        |
-----------------------------------------
------------------------------------------
| rollout/                |              |
|    ep_len_mean          | 1.99e+03     |
|    ep_rew_mean          | 2.41e+03     |
| time/                   |              |
|    fps                  | 1373         |
|    iterations           | 427          |
|    time_elapsed         | 12100        |
|    total_timesteps      | 16615424     |
| train/                  |              |
|    approx_kl            | 0.0094540985 |
|    clip_fraction        | 0.0984       |
|    clip_range           | 0.2          |
|    entropy_loss         | 3.8          |
|    explained_variance   | 0.977        |
|    learning_rate        | 0.000134     |
|    loss                 | 9.64         |
|    n_updates            | 4260         |
|    policy_gradient_loss | -0.000417    |
|    std                  | 0.0367       |
|    value_loss           | 16.1         |
------------------------------------------
------------------------------------------
| rollout/                |              |
|    ep_len_mean          | 1.99e+03     |
|    ep_rew_mean          | 2.43e+03     |
| time/                   |              |
|    fps                  | 1373         |
|    iterations           | 428          |
|    time_elapsed         | 12125        |
|    total_timesteps      | 16654336     |
| train/                  |              |
|    approx_kl            | 0.0071635405 |
|    clip_fraction        | 0.0891       |
|    clip_range           | 0.2          |
|    entropy_loss         | 3.79         |
|    explained_variance   | 0.981        |
|    learning_rate        | 0.000134     |
|    loss                 | 11           |
|    n_updates            | 4270         |
|    policy_gradient_loss | 0.000498     |
|    std                  | 0.0367       |
|    value_loss           | 12.7         |
------------------------------------------
-----------------------------------------
| rollout/                |             |
|    ep_len_mean          | 1.98e+03    |
|    ep_rew_mean          | 2.41e+03    |
| time/                   |             |
|    fps                  | 1373        |
|    iterations           | 429         |
|    time_elapsed         | 12149       |
|    total_timesteps      | 16693248    |
| train/                  |             |
|    approx_kl            | 0.008862989 |
|    clip_fraction        | 0.0824      |
|    clip_range           | 0.2         |
|    entropy_loss         | 3.79        |
|    explained_variance   | 0.983       |
|    learning_rate        | 0.000133    |
|    loss                 | 1.71        |
|    n_updates            | 4280        |
|    policy_gradient_loss | -0.000831   |
|    std                  | 0.0367      |
|    value_loss           | 9.28        |
-----------------------------------------
Eval num_timesteps=16720000, episode_reward=2424.95 +/- 584.06
Episode length: 1989.35 +/- 46.42
-----------------------------------------
| eval/                   |             |
|    mean_ep_length       | 1.99e+03    |
|    mean_reward          | 2.42e+03    |
| time/                   |             |
|    total_timesteps      | 16720000    |
| train/                  |             |
|    approx_kl            | 0.008406025 |
|    clip_fraction        | 0.0846      |
|    clip_range           | 0.2         |
|    entropy_loss         | 3.8         |
|    explained_variance   | 0.989       |
|    learning_rate        | 0.000133    |
|    loss                 | 2.83        |
|    n_updates            | 4290        |
|    policy_gradient_loss | -6.68e-05   |
|    std                  | 0.0365      |
|    value_loss           | 7.98        |
-----------------------------------------
New best mean reward!
---------------------------------
| rollout/           |          |
|    ep_len_mean     | 1.98e+03 |
|    ep_rew_mean     | 2.44e+03 |
| time/              |          |
|    fps             | 1367     |
|    iterations      | 430      |
|    time_elapsed    | 12231    |
|    total_timesteps | 16732160 |
---------------------------------
-----------------------------------------
| rollout/                |             |
|    ep_len_mean          | 1.99e+03    |
|    ep_rew_mean          | 2.46e+03    |
| time/                   |             |
|    fps                  | 1368        |
|    iterations           | 431         |
|    time_elapsed         | 12255       |
|    total_timesteps      | 16771072    |
| train/                  |             |
|    approx_kl            | 0.006950713 |
|    clip_fraction        | 0.0721      |
|    clip_range           | 0.2         |
|    entropy_loss         | 3.81        |
|    explained_variance   | 0.985       |
|    learning_rate        | 0.000133    |
|    loss                 | 5.54        |
|    n_updates            | 4300        |
|    policy_gradient_loss | -0.000163   |
|    std                  | 0.0364      |
|    value_loss           | 7.38        |
-----------------------------------------
-----------------------------------------
| rollout/                |             |
|    ep_len_mean          | 1.99e+03    |
|    ep_rew_mean          | 2.44e+03    |
| time/                   |             |
|    fps                  | 1368        |
|    iterations           | 432         |
|    time_elapsed         | 12280       |
|    total_timesteps      | 16809984    |
| train/                  |             |
|    approx_kl            | 0.008343849 |
|    clip_fraction        | 0.0912      |
|    clip_range           | 0.2         |
|    entropy_loss         | 3.81        |
|    explained_variance   | 0.982       |
|    learning_rate        | 0.000132    |
|    loss                 | 6.9         |
|    n_updates            | 4310        |
|    policy_gradient_loss | 0.000689    |
|    std                  | 0.0365      |
|    value_loss           | 14.8        |
-----------------------------------------
-----------------------------------------
| rollout/                |             |
|    ep_len_mean          | 1.99e+03    |
|    ep_rew_mean          | 2.44e+03    |
| time/                   |             |
|    fps                  | 1369        |
|    iterations           | 433         |
|    time_elapsed         | 12306       |
|    total_timesteps      | 16848896    |
| train/                  |             |
|    approx_kl            | 0.006331952 |
|    clip_fraction        | 0.0945      |
|    clip_range           | 0.2         |
|    entropy_loss         | 3.79        |
|    explained_variance   | 0.985       |
|    learning_rate        | 0.000132    |
|    loss                 | 3.77        |
|    n_updates            | 4320        |
|    policy_gradient_loss | 0.00103     |
|    std                  | 0.0368      |
|    value_loss           | 8.43        |
-----------------------------------------
------------------------------------------
| rollout/                |              |
|    ep_len_mean          | 2e+03        |
|    ep_rew_mean          | 2.45e+03     |
| time/                   |              |
|    fps                  | 1369         |
|    iterations           | 434          |
|    time_elapsed         | 12331        |
|    total_timesteps      | 16887808     |
| train/                  |              |
|    approx_kl            | 0.0077483286 |
|    clip_fraction        | 0.0715       |
|    clip_range           | 0.2          |
|    entropy_loss         | 3.79         |
|    explained_variance   | 0.98         |
|    learning_rate        | 0.000132     |
|    loss                 | 6.57         |
|    n_updates            | 4330         |
|    policy_gradient_loss | -0.000663    |
|    std                  | 0.0367       |
|    value_loss           | 11.5         |
------------------------------------------
Eval num_timesteps=16910000, episode_reward=2431.92 +/- 587.81
Episode length: 1975.20 +/- 74.42
----------------------------------------
| eval/                   |            |
|    mean_ep_length       | 1.98e+03   |
|    mean_reward          | 2.43e+03   |
| time/                   |            |
|    total_timesteps      | 16910000   |
| train/                  |            |
|    approx_kl            | 0.00794233 |
|    clip_fraction        | 0.098      |
|    clip_range           | 0.2        |
|    entropy_loss         | 3.79       |
|    explained_variance   | 0.983      |
|    learning_rate        | 0.000131   |
|    loss                 | 10.4       |
|    n_updates            | 4340       |
|    policy_gradient_loss | -0.000564  |
|    std                  | 0.0367     |
|    value_loss           | 12.9       |
----------------------------------------
New best mean reward!
---------------------------------
| rollout/           |          |
|    ep_len_mean     | 2e+03    |
|    ep_rew_mean     | 2.41e+03 |
| time/              |          |
|    fps             | 1363     |
|    iterations      | 435      |
|    time_elapsed    | 12411    |
|    total_timesteps | 16926720 |
---------------------------------
------------------------------------------
| rollout/                |              |
|    ep_len_mean          | 2e+03        |
|    ep_rew_mean          | 2.44e+03     |
| time/                   |              |
|    fps                  | 1364         |
|    iterations           | 436          |
|    time_elapsed         | 12435        |
|    total_timesteps      | 16965632     |
| train/                  |              |
|    approx_kl            | 0.0070261117 |
|    clip_fraction        | 0.0739       |
|    clip_range           | 0.2          |
|    entropy_loss         | 3.79         |
|    explained_variance   | 0.988        |
|    learning_rate        | 0.000131     |
|    loss                 | 3.65         |
|    n_updates            | 4350         |
|    policy_gradient_loss | -0.000313    |
|    std                  | 0.0367       |
|    value_loss           | 9.41         |
------------------------------------------
----------------------------------------
| rollout/                |            |
|    ep_len_mean          | 2e+03      |
|    ep_rew_mean          | 2.47e+03   |
| time/                   |            |
|    fps                  | 1364       |
|    iterations           | 437        |
|    time_elapsed         | 12459      |
|    total_timesteps      | 17004544   |
| train/                  |            |
|    approx_kl            | 0.00895416 |
|    clip_fraction        | 0.0864     |
|    clip_range           | 0.2        |
|    entropy_loss         | 3.8        |
|    explained_variance   | 0.98       |
|    learning_rate        | 0.00013    |
|    loss                 | 8.83       |
|    n_updates            | 4360       |
|    policy_gradient_loss | 0.000555   |
|    std                  | 0.0366     |
|    value_loss           | 12.1       |
----------------------------------------
-----------------------------------------
| rollout/                |             |
|    ep_len_mean          | 2e+03       |
|    ep_rew_mean          | 2.45e+03    |
| time/                   |             |
|    fps                  | 1365        |
|    iterations           | 438         |
|    time_elapsed         | 12483       |
|    total_timesteps      | 17043456    |
| train/                  |             |
|    approx_kl            | 0.008123311 |
|    clip_fraction        | 0.106       |
|    clip_range           | 0.2         |
|    entropy_loss         | 3.8         |
|    explained_variance   | 0.977       |
|    learning_rate        | 0.00013     |
|    loss                 | 5.68        |
|    n_updates            | 4370        |
|    policy_gradient_loss | 4.47e-05    |
|    std                  | 0.0367      |
|    value_loss           | 11.6        |
-----------------------------------------
-----------------------------------------
| rollout/                |             |
|    ep_len_mean          | 2e+03       |
|    ep_rew_mean          | 2.44e+03    |
| time/                   |             |
|    fps                  | 1365        |
|    iterations           | 439         |
|    time_elapsed         | 12508       |
|    total_timesteps      | 17082368    |
| train/                  |             |
|    approx_kl            | 0.008628037 |
|    clip_fraction        | 0.0957      |
|    clip_range           | 0.2         |
|    entropy_loss         | 3.79        |
|    explained_variance   | 0.984       |
|    learning_rate        | 0.00013     |
|    loss                 | 1.3         |
|    n_updates            | 4380        |
|    policy_gradient_loss | 0.000204    |
|    std                  | 0.0369      |
|    value_loss           | 10.1        |
-----------------------------------------
Eval num_timesteps=17100000, episode_reward=2430.06 +/- 632.14
Episode length: 1969.25 +/- 92.72
-----------------------------------------
| eval/                   |             |
|    mean_ep_length       | 1.97e+03    |
|    mean_reward          | 2.43e+03    |
| time/                   |             |
|    total_timesteps      | 17100000    |
| train/                  |             |
|    approx_kl            | 0.007979133 |
|    clip_fraction        | 0.0846      |
|    clip_range           | 0.2         |
|    entropy_loss         | 3.78        |
|    explained_variance   | 0.984       |
|    learning_rate        | 0.000129    |
|    loss                 | 6.9         |
|    n_updates            | 4390        |
|    policy_gradient_loss | -0.000785   |
|    std                  | 0.0371      |
|    value_loss           | 12          |
-----------------------------------------
---------------------------------
| rollout/           |          |
|    ep_len_mean     | 2e+03    |
|    ep_rew_mean     | 2.49e+03 |
| time/              |          |
|    fps             | 1359     |
|    iterations      | 440      |
|    time_elapsed    | 12589    |
|    total_timesteps | 17121280 |
---------------------------------
-----------------------------------------
| rollout/                |             |
|    ep_len_mean          | 2e+03       |
|    ep_rew_mean          | 2.5e+03     |
| time/                   |             |
|    fps                  | 1360        |
|    iterations           | 441         |
|    time_elapsed         | 12614       |
|    total_timesteps      | 17160192    |
| train/                  |             |
|    approx_kl            | 0.009686264 |
|    clip_fraction        | 0.113       |
|    clip_range           | 0.2         |
|    entropy_loss         | 3.79        |
|    explained_variance   | 0.982       |
|    learning_rate        | 0.000129    |
|    loss                 | 5.2         |
|    n_updates            | 4400        |
|    policy_gradient_loss | -5.85e-05   |
|    std                  | 0.0367      |
|    value_loss           | 9.88        |
-----------------------------------------
------------------------------------------
| rollout/                |              |
|    ep_len_mean          | 2e+03        |
|    ep_rew_mean          | 2.46e+03     |
| time/                   |              |
|    fps                  | 1360         |
|    iterations           | 442          |
|    time_elapsed         | 12637        |
|    total_timesteps      | 17199104     |
| train/                  |              |
|    approx_kl            | 0.0083452035 |
|    clip_fraction        | 0.0936       |
|    clip_range           | 0.2          |
|    entropy_loss         | 3.79         |
|    explained_variance   | 0.982        |
|    learning_rate        | 0.000128     |
|    loss                 | 2.71         |
|    n_updates            | 4410         |
|    policy_gradient_loss | -0.000884    |
|    std                  | 0.0368       |
|    value_loss           | 11.9         |
------------------------------------------
-----------------------------------------
| rollout/                |             |
|    ep_len_mean          | 1.99e+03    |
|    ep_rew_mean          | 2.48e+03    |
| time/                   |             |
|    fps                  | 1361        |
|    iterations           | 443         |
|    time_elapsed         | 12662       |
|    total_timesteps      | 17238016    |
| train/                  |             |
|    approx_kl            | 0.009954436 |
|    clip_fraction        | 0.0878      |
|    clip_range           | 0.2         |
|    entropy_loss         | 3.78        |
|    explained_variance   | 0.982       |
|    learning_rate        | 0.000128    |
|    loss                 | 5.92        |
|    n_updates            | 4420        |
|    policy_gradient_loss | 0.00134     |
|    std                  | 0.037       |
|    value_loss           | 8.77        |
-----------------------------------------
----------------------------------------
| rollout/                |            |
|    ep_len_mean          | 1.99e+03   |
|    ep_rew_mean          | 2.47e+03   |
| time/                   |            |
|    fps                  | 1361       |
|    iterations           | 444        |
|    time_elapsed         | 12686      |
|    total_timesteps      | 17276928   |
| train/                  |            |
|    approx_kl            | 0.00956637 |
|    clip_fraction        | 0.108      |
|    clip_range           | 0.2        |
|    entropy_loss         | 3.77       |
|    explained_variance   | 0.979      |
|    learning_rate        | 0.000128   |
|    loss                 | 8.37       |
|    n_updates            | 4430       |
|    policy_gradient_loss | 0.000568   |
|    std                  | 0.0372     |
|    value_loss           | 11.8       |
----------------------------------------
Eval num_timesteps=17290000, episode_reward=2483.40 +/- 604.02
Episode length: 1975.05 +/- 74.91
-----------------------------------------
| eval/                   |             |
|    mean_ep_length       | 1.98e+03    |
|    mean_reward          | 2.48e+03    |
| time/                   |             |
|    total_timesteps      | 17290000    |
| train/                  |             |
|    approx_kl            | 0.008092252 |
|    clip_fraction        | 0.0919      |
|    clip_range           | 0.2         |
|    entropy_loss         | 3.76        |
|    explained_variance   | 0.986       |
|    learning_rate        | 0.000127    |
|    loss                 | 3.69        |
|    n_updates            | 4440        |
|    policy_gradient_loss | -0.000571   |
|    std                  | 0.0374      |
|    value_loss           | 9.55        |
-----------------------------------------
New best mean reward!
---------------------------------
| rollout/           |          |
|    ep_len_mean     | 1.99e+03 |
|    ep_rew_mean     | 2.43e+03 |
| time/              |          |
|    fps             | 1356     |
|    iterations      | 445      |
|    time_elapsed    | 12766    |
|    total_timesteps | 17315840 |
---------------------------------
------------------------------------------
| rollout/                |              |
|    ep_len_mean          | 1.99e+03     |
|    ep_rew_mean          | 2.41e+03     |
| time/                   |              |
|    fps                  | 1356         |
|    iterations           | 446          |
|    time_elapsed         | 12791        |
|    total_timesteps      | 17354752     |
| train/                  |              |
|    approx_kl            | 0.0067858305 |
|    clip_fraction        | 0.0814       |
|    clip_range           | 0.2          |
|    entropy_loss         | 3.75         |
|    explained_variance   | 0.982        |
|    learning_rate        | 0.000127     |
|    loss                 | 4.87         |
|    n_updates            | 4450         |
|    policy_gradient_loss | 0.000306     |
|    std                  | 0.0375       |
|    value_loss           | 12.5         |
------------------------------------------
------------------------------------------
| rollout/                |              |
|    ep_len_mean          | 1.98e+03     |
|    ep_rew_mean          | 2.42e+03     |
| time/                   |              |
|    fps                  | 1357         |
|    iterations           | 447          |
|    time_elapsed         | 12815        |
|    total_timesteps      | 17393664     |
| train/                  |              |
|    approx_kl            | 0.0097722635 |
|    clip_fraction        | 0.0927       |
|    clip_range           | 0.2          |
|    entropy_loss         | 3.75         |
|    explained_variance   | 0.985        |
|    learning_rate        | 0.000126     |
|    loss                 | 5.08         |
|    n_updates            | 4460         |
|    policy_gradient_loss | 0.000535     |
|    std                  | 0.0376       |
|    value_loss           | 8.45         |
------------------------------------------
-----------------------------------------
| rollout/                |             |
|    ep_len_mean          | 1.98e+03    |
|    ep_rew_mean          | 2.39e+03    |
| time/                   |             |
|    fps                  | 1357        |
|    iterations           | 448         |
|    time_elapsed         | 12839       |
|    total_timesteps      | 17432576    |
| train/                  |             |
|    approx_kl            | 0.006360394 |
|    clip_fraction        | 0.0624      |
|    clip_range           | 0.2         |
|    entropy_loss         | 3.74        |
|    explained_variance   | 0.982       |
|    learning_rate        | 0.000126    |
|    loss                 | 4.56        |
|    n_updates            | 4470        |
|    policy_gradient_loss | -0.00116    |
|    std                  | 0.0376      |
|    value_loss           | 13.7        |
-----------------------------------------
-----------------------------------------
| rollout/                |             |
|    ep_len_mean          | 1.98e+03    |
|    ep_rew_mean          | 2.42e+03    |
| time/                   |             |
|    fps                  | 1358        |
|    iterations           | 449         |
|    time_elapsed         | 12863       |
|    total_timesteps      | 17471488    |
| train/                  |             |
|    approx_kl            | 0.008349818 |
|    clip_fraction        | 0.102       |
|    clip_range           | 0.2         |
|    entropy_loss         | 3.73        |
|    explained_variance   | 0.985       |
|    learning_rate        | 0.000126    |
|    loss                 | 5.01        |
|    n_updates            | 4480        |
|    policy_gradient_loss | 0.00043     |
|    std                  | 0.0379      |
|    value_loss           | 10          |
-----------------------------------------
Eval num_timesteps=17480000, episode_reward=2524.90 +/- 512.53
Episode length: 2000.00 +/- 0.00
------------------------------------------
| eval/                   |              |
|    mean_ep_length       | 2e+03        |
|    mean_reward          | 2.52e+03     |
| time/                   |              |
|    total_timesteps      | 17480000     |
| train/                  |              |
|    approx_kl            | 0.0069124857 |
|    clip_fraction        | 0.0795       |
|    clip_range           | 0.2          |
|    entropy_loss         | 3.72         |
|    explained_variance   | 0.985        |
|    learning_rate        | 0.000125     |
|    loss                 | 4.41         |
|    n_updates            | 4490         |
|    policy_gradient_loss | -0.0014      |
|    std                  | 0.038        |
|    value_loss           | 11.3         |
------------------------------------------
New best mean reward!
---------------------------------
| rollout/           |          |
|    ep_len_mean     | 1.98e+03 |
|    ep_rew_mean     | 2.44e+03 |
| time/              |          |
|    fps             | 1352     |
|    iterations      | 450      |
|    time_elapsed    | 12948    |
|    total_timesteps | 17510400 |
---------------------------------
-----------------------------------------
| rollout/                |             |
|    ep_len_mean          | 1.98e+03    |
|    ep_rew_mean          | 2.44e+03    |
| time/                   |             |
|    fps                  | 1352        |
|    iterations           | 451         |
|    time_elapsed         | 12972       |
|    total_timesteps      | 17549312    |
| train/                  |             |
|    approx_kl            | 0.008288252 |
|    clip_fraction        | 0.0945      |
|    clip_range           | 0.2         |
|    entropy_loss         | 3.72        |
|    explained_variance   | 0.983       |
|    learning_rate        | 0.000125    |
|    loss                 | 2.31        |
|    n_updates            | 4500        |
|    policy_gradient_loss | 5.27e-05    |
|    std                  | 0.0381      |
|    value_loss           | 10.7        |
-----------------------------------------
------------------------------------------
| rollout/                |              |
|    ep_len_mean          | 1.98e+03     |
|    ep_rew_mean          | 2.46e+03     |
| time/                   |              |
|    fps                  | 1353         |
|    iterations           | 452          |
|    time_elapsed         | 12996        |
|    total_timesteps      | 17588224     |
| train/                  |              |
|    approx_kl            | 0.0067904876 |
|    clip_fraction        | 0.0769       |
|    clip_range           | 0.2          |
|    entropy_loss         | 3.72         |
|    explained_variance   | 0.982        |
|    learning_rate        | 0.000125     |
|    loss                 | 8.45         |
|    n_updates            | 4510         |
|    policy_gradient_loss | -0.000292    |
|    std                  | 0.0381       |
|    value_loss           | 14.8         |
------------------------------------------
-----------------------------------------
| rollout/                |             |
|    ep_len_mean          | 1.99e+03    |
|    ep_rew_mean          | 2.47e+03    |
| time/                   |             |
|    fps                  | 1353        |
|    iterations           | 453         |
|    time_elapsed         | 13020       |
|    total_timesteps      | 17627136    |
| train/                  |             |
|    approx_kl            | 0.008624212 |
|    clip_fraction        | 0.0948      |
|    clip_range           | 0.2         |
|    entropy_loss         | 3.72        |
|    explained_variance   | 0.988       |
|    learning_rate        | 0.000124    |
|    loss                 | 3.93        |
|    n_updates            | 4520        |
|    policy_gradient_loss | 0.00106     |
|    std                  | 0.038       |
|    value_loss           | 7.96        |
-----------------------------------------
------------------------------------------
| rollout/                |              |
|    ep_len_mean          | 1.99e+03     |
|    ep_rew_mean          | 2.45e+03     |
| time/                   |              |
|    fps                  | 1354         |
|    iterations           | 454          |
|    time_elapsed         | 13044        |
|    total_timesteps      | 17666048     |
| train/                  |              |
|    approx_kl            | 0.0062482306 |
|    clip_fraction        | 0.0761       |
|    clip_range           | 0.2          |
|    entropy_loss         | 3.72         |
|    explained_variance   | 0.984        |
|    learning_rate        | 0.000124     |
|    loss                 | 4.05         |
|    n_updates            | 4530         |
|    policy_gradient_loss | -0.000138    |
|    std                  | 0.0381       |
|    value_loss           | 11.5         |
------------------------------------------
Eval num_timesteps=17670000, episode_reward=2567.87 +/- 483.52
Episode length: 2000.00 +/- 0.00
------------------------------------------
| eval/                   |              |
|    mean_ep_length       | 2e+03        |
|    mean_reward          | 2.57e+03     |
| time/                   |              |
|    total_timesteps      | 17670000     |
| train/                  |              |
|    approx_kl            | 0.0077849124 |
|    clip_fraction        | 0.0774       |
|    clip_range           | 0.2          |
|    entropy_loss         | 3.71         |
|    explained_variance   | 0.984        |
|    learning_rate        | 0.000123     |
|    loss                 | 5.14         |
|    n_updates            | 4540         |
|    policy_gradient_loss | 0.000185     |
|    std                  | 0.0383       |
|    value_loss           | 9.25         |
------------------------------------------
New best mean reward!
---------------------------------
| rollout/           |          |
|    ep_len_mean     | 1.99e+03 |
|    ep_rew_mean     | 2.47e+03 |
| time/              |          |
|    fps             | 1348     |
|    iterations      | 455      |
|    time_elapsed    | 13126    |
|    total_timesteps | 17704960 |
---------------------------------
-----------------------------------------
| rollout/                |             |
|    ep_len_mean          | 1.99e+03    |
|    ep_rew_mean          | 2.42e+03    |
| time/                   |             |
|    fps                  | 1349        |
|    iterations           | 456         |
|    time_elapsed         | 13150       |
|    total_timesteps      | 17743872    |
| train/                  |             |
|    approx_kl            | 0.008208677 |
|    clip_fraction        | 0.1         |
|    clip_range           | 0.2         |
|    entropy_loss         | 3.7         |
|    explained_variance   | 0.985       |
|    learning_rate        | 0.000123    |
|    loss                 | 4.1         |
|    n_updates            | 4550        |
|    policy_gradient_loss | 0.000419    |
|    std                  | 0.0385      |
|    value_loss           | 8.13        |
-----------------------------------------
-----------------------------------------
| rollout/                |             |
|    ep_len_mean          | 2e+03       |
|    ep_rew_mean          | 2.44e+03    |
| time/                   |             |
|    fps                  | 1349        |
|    iterations           | 457         |
|    time_elapsed         | 13174       |
|    total_timesteps      | 17782784    |
| train/                  |             |
|    approx_kl            | 0.005870019 |
|    clip_fraction        | 0.0744      |
|    clip_range           | 0.2         |
|    entropy_loss         | 3.69        |
|    explained_variance   | 0.984       |
|    learning_rate        | 0.000123    |
|    loss                 | 5.22        |
|    n_updates            | 4560        |
|    policy_gradient_loss | -0.00122    |
|    std                  | 0.0387      |
|    value_loss           | 12.7        |
-----------------------------------------
---------------------------------------
| rollout/                |           |
|    ep_len_mean          | 1.99e+03  |
|    ep_rew_mean          | 2.46e+03  |
| time/                   |           |
|    fps                  | 1350      |
|    iterations           | 458       |
|    time_elapsed         | 13198     |
|    total_timesteps      | 17821696  |
| train/                  |           |
|    approx_kl            | 0.0089963 |
|    clip_fraction        | 0.095     |
|    clip_range           | 0.2       |
|    entropy_loss         | 3.68      |
|    explained_variance   | 0.982     |
|    learning_rate        | 0.000122  |
|    loss                 | 4.1       |
|    n_updates            | 4570      |
|    policy_gradient_loss | -0.000246 |
|    std                  | 0.039     |
|    value_loss           | 10.4      |
---------------------------------------
Eval num_timesteps=17860000, episode_reward=2641.09 +/- 410.02
Episode length: 2000.00 +/- 0.00
------------------------------------------
| eval/                   |              |
|    mean_ep_length       | 2e+03        |
|    mean_reward          | 2.64e+03     |
| time/                   |              |
|    total_timesteps      | 17860000     |
| train/                  |              |
|    approx_kl            | 0.0069320295 |
|    clip_fraction        | 0.0742       |
|    clip_range           | 0.2          |
|    entropy_loss         | 3.67         |
|    explained_variance   | 0.977        |
|    learning_rate        | 0.000122     |
|    loss                 | 8.15         |
|    n_updates            | 4580         |
|    policy_gradient_loss | 0.000257     |
|    std                  | 0.039        |
|    value_loss           | 10           |
------------------------------------------
New best mean reward!
---------------------------------
| rollout/           |          |
|    ep_len_mean     | 1.99e+03 |
|    ep_rew_mean     | 2.49e+03 |
| time/              |          |
|    fps             | 1344     |
|    iterations      | 459      |
|    time_elapsed    | 13279    |
|    total_timesteps | 17860608 |
---------------------------------
-----------------------------------------
| rollout/                |             |
|    ep_len_mean          | 1.98e+03    |
|    ep_rew_mean          | 2.47e+03    |
| time/                   |             |
|    fps                  | 1345        |
|    iterations           | 460         |
|    time_elapsed         | 13305       |
|    total_timesteps      | 17899520    |
| train/                  |             |
|    approx_kl            | 0.008393405 |
|    clip_fraction        | 0.0898      |
|    clip_range           | 0.2         |
|    entropy_loss         | 3.66        |
|    explained_variance   | 0.973       |
|    learning_rate        | 0.000121    |
|    loss                 | 7.65        |
|    n_updates            | 4590        |
|    policy_gradient_loss | -0.000441   |
|    std                  | 0.0393      |
|    value_loss           | 13.2        |
-----------------------------------------
----------------------------------------
| rollout/                |            |
|    ep_len_mean          | 1.98e+03   |
|    ep_rew_mean          | 2.56e+03   |
| time/                   |            |
|    fps                  | 1345       |
|    iterations           | 461        |
|    time_elapsed         | 13330      |
|    total_timesteps      | 17938432   |
| train/                  |            |
|    approx_kl            | 0.00817027 |
|    clip_fraction        | 0.106      |
|    clip_range           | 0.2        |
|    entropy_loss         | 3.65       |
|    explained_variance   | 0.985      |
|    learning_rate        | 0.000121   |
|    loss                 | 4.94       |
|    n_updates            | 4600       |
|    policy_gradient_loss | -0.000525  |
|    std                  | 0.0394     |
|    value_loss           | 14.4       |
----------------------------------------
-----------------------------------------
| rollout/                |             |
|    ep_len_mean          | 1.98e+03    |
|    ep_rew_mean          | 2.52e+03    |
| time/                   |             |
|    fps                  | 1346        |
|    iterations           | 462         |
|    time_elapsed         | 13355       |
|    total_timesteps      | 17977344    |
| train/                  |             |
|    approx_kl            | 0.008212553 |
|    clip_fraction        | 0.0897      |
|    clip_range           | 0.2         |
|    entropy_loss         | 3.64        |
|    explained_variance   | 0.978       |
|    learning_rate        | 0.000121    |
|    loss                 | 2.57        |
|    n_updates            | 4610        |
|    policy_gradient_loss | 0.000173    |
|    std                  | 0.0398      |
|    value_loss           | 8.06        |
-----------------------------------------
------------------------------------------
| rollout/                |              |
|    ep_len_mean          | 1.97e+03     |
|    ep_rew_mean          | 2.47e+03     |
| time/                   |              |
|    fps                  | 1346         |
|    iterations           | 463          |
|    time_elapsed         | 13379        |
|    total_timesteps      | 18016256     |
| train/                  |              |
|    approx_kl            | 0.0062863687 |
|    clip_fraction        | 0.0675       |
|    clip_range           | 0.2          |
|    entropy_loss         | 3.63         |
|    explained_variance   | 0.983        |
|    learning_rate        | 0.00012      |
|    loss                 | 5.96         |
|    n_updates            | 4620         |
|    policy_gradient_loss | -0.000562    |
|    std                  | 0.0399       |
|    value_loss           | 12.8         |
------------------------------------------
Eval num_timesteps=18050000, episode_reward=2653.44 +/- 424.61
Episode length: 2000.00 +/- 0.00
------------------------------------------
| eval/                   |              |
|    mean_ep_length       | 2e+03        |
|    mean_reward          | 2.65e+03     |
| time/                   |              |
|    total_timesteps      | 18050000     |
| train/                  |              |
|    approx_kl            | 0.0075921128 |
|    clip_fraction        | 0.0765       |
|    clip_range           | 0.2          |
|    entropy_loss         | 3.62         |
|    explained_variance   | 0.985        |
|    learning_rate        | 0.00012      |
|    loss                 | 11.9         |
|    n_updates            | 4630         |
|    policy_gradient_loss | -0.00102     |
|    std                  | 0.0401       |
|    value_loss           | 12           |
------------------------------------------
New best mean reward!
---------------------------------
| rollout/           |          |
|    ep_len_mean     | 1.98e+03 |
|    ep_rew_mean     | 2.49e+03 |
| time/              |          |
|    fps             | 1341     |
|    iterations      | 464      |
|    time_elapsed    | 13460    |
|    total_timesteps | 18055168 |
---------------------------------
-----------------------------------------
| rollout/                |             |
|    ep_len_mean          | 1.98e+03    |
|    ep_rew_mean          | 2.52e+03    |
| time/                   |             |
|    fps                  | 1341        |
|    iterations           | 465         |
|    time_elapsed         | 13487       |
|    total_timesteps      | 18094080    |
| train/                  |             |
|    approx_kl            | 0.008401282 |
|    clip_fraction        | 0.0676      |
|    clip_range           | 0.2         |
|    entropy_loss         | 3.61        |
|    explained_variance   | 0.981       |
|    learning_rate        | 0.000119    |
|    loss                 | 5.07        |
|    n_updates            | 4640        |
|    policy_gradient_loss | -0.000872   |
|    std                  | 0.0401      |
|    value_loss           | 13.4        |
-----------------------------------------
------------------------------------------
| rollout/                |              |
|    ep_len_mean          | 1.99e+03     |
|    ep_rew_mean          | 2.51e+03     |
| time/                   |              |
|    fps                  | 1342         |
|    iterations           | 466          |
|    time_elapsed         | 13511        |
|    total_timesteps      | 18132992     |
| train/                  |              |
|    approx_kl            | 0.0074521787 |
|    clip_fraction        | 0.109        |
|    clip_range           | 0.2          |
|    entropy_loss         | 3.61         |
|    explained_variance   | 0.985        |
|    learning_rate        | 0.000119     |
|    loss                 | 1.84         |
|    n_updates            | 4650         |
|    policy_gradient_loss | -0.000581    |
|    std                  | 0.0401       |
|    value_loss           | 6.27         |
------------------------------------------
-----------------------------------------
| rollout/                |             |
|    ep_len_mean          | 1.99e+03    |
|    ep_rew_mean          | 2.53e+03    |
| time/                   |             |
|    fps                  | 1342        |
|    iterations           | 467         |
|    time_elapsed         | 13536       |
|    total_timesteps      | 18171904    |
| train/                  |             |
|    approx_kl            | 0.007321793 |
|    clip_fraction        | 0.0759      |
|    clip_range           | 0.2         |
|    entropy_loss         | 3.61        |
|    explained_variance   | 0.982       |
|    learning_rate        | 0.000119    |
|    loss                 | 1.74        |
|    n_updates            | 4660        |
|    policy_gradient_loss | -0.000713   |
|    std                  | 0.0403      |
|    value_loss           | 7.77        |
-----------------------------------------
-----------------------------------------
| rollout/                |             |
|    ep_len_mean          | 2e+03       |
|    ep_rew_mean          | 2.56e+03    |
| time/                   |             |
|    fps                  | 1342        |
|    iterations           | 468         |
|    time_elapsed         | 13560       |
|    total_timesteps      | 18210816    |
| train/                  |             |
|    approx_kl            | 0.007429817 |
|    clip_fraction        | 0.0858      |
|    clip_range           | 0.2         |
|    entropy_loss         | 3.61        |
|    explained_variance   | 0.98        |
|    learning_rate        | 0.000118    |
|    loss                 | 3.86        |
|    n_updates            | 4670        |
|    policy_gradient_loss | -0.000839   |
|    std                  | 0.0402      |
|    value_loss           | 13.5        |
-----------------------------------------
Eval num_timesteps=18240000, episode_reward=2651.42 +/- 431.43
Episode length: 1999.60 +/- 1.74
------------------------------------------
| eval/                   |              |
|    mean_ep_length       | 2e+03        |
|    mean_reward          | 2.65e+03     |
| time/                   |              |
|    total_timesteps      | 18240000     |
| train/                  |              |
|    approx_kl            | 0.0072124787 |
|    clip_fraction        | 0.0908       |
|    clip_range           | 0.2          |
|    entropy_loss         | 3.6          |
|    explained_variance   | 0.988        |
|    learning_rate        | 0.000118     |
|    loss                 | 1.62         |
|    n_updates            | 4680         |
|    policy_gradient_loss | -0.00132     |
|    std                  | 0.0403       |
|    value_loss           | 8.13         |
------------------------------------------
---------------------------------
| rollout/           |          |
|    ep_len_mean     | 2e+03    |
|    ep_rew_mean     | 2.56e+03 |
| time/              |          |
|    fps             | 1337     |
|    iterations      | 469      |
|    time_elapsed    | 13644    |
|    total_timesteps | 18249728 |
---------------------------------
------------------------------------------
| rollout/                |              |
|    ep_len_mean          | 2e+03        |
|    ep_rew_mean          | 2.54e+03     |
| time/                   |              |
|    fps                  | 1337         |
|    iterations           | 470          |
|    time_elapsed         | 13669        |
|    total_timesteps      | 18288640     |
| train/                  |              |
|    approx_kl            | 0.0064440067 |
|    clip_fraction        | 0.0742       |
|    clip_range           | 0.2          |
|    entropy_loss         | 3.6          |
|    explained_variance   | 0.983        |
|    learning_rate        | 0.000118     |
|    loss                 | 3.93         |
|    n_updates            | 4690         |
|    policy_gradient_loss | -0.00116     |
|    std                  | 0.0404       |
|    value_loss           | 10.7         |
------------------------------------------
-----------------------------------------
| rollout/                |             |
|    ep_len_mean          | 1.99e+03    |
|    ep_rew_mean          | 2.5e+03     |
| time/                   |             |
|    fps                  | 1338        |
|    iterations           | 471         |
|    time_elapsed         | 13692       |
|    total_timesteps      | 18327552    |
| train/                  |             |
|    approx_kl            | 0.009451955 |
|    clip_fraction        | 0.104       |
|    clip_range           | 0.2         |
|    entropy_loss         | 3.59        |
|    explained_variance   | 0.979       |
|    learning_rate        | 0.000117    |
|    loss                 | 5.96        |
|    n_updates            | 4700        |
|    policy_gradient_loss | -0.000556   |
|    std                  | 0.0408      |
|    value_loss           | 10.7        |
-----------------------------------------
----------------------------------------
| rollout/                |            |
|    ep_len_mean          | 1.99e+03   |
|    ep_rew_mean          | 2.5e+03    |
| time/                   |            |
|    fps                  | 1339       |
|    iterations           | 472        |
|    time_elapsed         | 13716      |
|    total_timesteps      | 18366464   |
| train/                  |            |
|    approx_kl            | 0.00871337 |
|    clip_fraction        | 0.0797     |
|    clip_range           | 0.2        |
|    entropy_loss         | 3.58       |
|    explained_variance   | 0.982      |
|    learning_rate        | 0.000117   |
|    loss                 | 3.92       |
|    n_updates            | 4710       |
|    policy_gradient_loss | -0.000942  |
|    std                  | 0.0407     |
|    value_loss           | 10         |
----------------------------------------
------------------------------------------
| rollout/                |              |
|    ep_len_mean          | 1.99e+03     |
|    ep_rew_mean          | 2.54e+03     |
| time/                   |              |
|    fps                  | 1339         |
|    iterations           | 473          |
|    time_elapsed         | 13740        |
|    total_timesteps      | 18405376     |
| train/                  |              |
|    approx_kl            | 0.0065500564 |
|    clip_fraction        | 0.0696       |
|    clip_range           | 0.2          |
|    entropy_loss         | 3.59         |
|    explained_variance   | 0.982        |
|    learning_rate        | 0.000116     |
|    loss                 | 3.94         |
|    n_updates            | 4720         |
|    policy_gradient_loss | -0.000497    |
|    std                  | 0.0405       |
|    value_loss           | 11           |
------------------------------------------
Eval num_timesteps=18430000, episode_reward=2639.62 +/- 453.46
Episode length: 2000.00 +/- 0.00
------------------------------------------
| eval/                   |              |
|    mean_ep_length       | 2e+03        |
|    mean_reward          | 2.64e+03     |
| time/                   |              |
|    total_timesteps      | 18430000     |
| train/                  |              |
|    approx_kl            | 0.0056847096 |
|    clip_fraction        | 0.0599       |
|    clip_range           | 0.2          |
|    entropy_loss         | 3.59         |
|    explained_variance   | 0.986        |
|    learning_rate        | 0.000116     |
|    loss                 | 5.98         |
|    n_updates            | 4730         |
|    policy_gradient_loss | -0.000681    |
|    std                  | 0.0404       |
|    value_loss           | 9.45         |
------------------------------------------
---------------------------------
| rollout/           |          |
|    ep_len_mean     | 1.99e+03 |
|    ep_rew_mean     | 2.51e+03 |
| time/              |          |
|    fps             | 1334     |
|    iterations      | 474      |
|    time_elapsed    | 13822    |
|    total_timesteps | 18444288 |
---------------------------------
------------------------------------------
| rollout/                |              |
|    ep_len_mean          | 1.99e+03     |
|    ep_rew_mean          | 2.51e+03     |
| time/                   |              |
|    fps                  | 1334         |
|    iterations           | 475          |
|    time_elapsed         | 13846        |
|    total_timesteps      | 18483200     |
| train/                  |              |
|    approx_kl            | 0.0065216557 |
|    clip_fraction        | 0.065        |
|    clip_range           | 0.2          |
|    entropy_loss         | 3.6          |
|    explained_variance   | 0.975        |
|    learning_rate        | 0.000116     |
|    loss                 | 4.16         |
|    n_updates            | 4740         |
|    policy_gradient_loss | -0.000847    |
|    std                  | 0.0405       |
|    value_loss           | 16.2         |
------------------------------------------
----------------------------------------
| rollout/                |            |
|    ep_len_mean          | 2e+03      |
|    ep_rew_mean          | 2.53e+03   |
| time/                   |            |
|    fps                  | 1335       |
|    iterations           | 476        |
|    time_elapsed         | 13870      |
|    total_timesteps      | 18522112   |
| train/                  |            |
|    approx_kl            | 0.00724997 |
|    clip_fraction        | 0.0876     |
|    clip_range           | 0.2        |
|    entropy_loss         | 3.59       |
|    explained_variance   | 0.977      |
|    learning_rate        | 0.000115   |
|    loss                 | 2.82       |
|    n_updates            | 4750       |
|    policy_gradient_loss | 0.000387   |
|    std                  | 0.0406     |
|    value_loss           | 13.5       |
----------------------------------------
------------------------------------------
| rollout/                |              |
|    ep_len_mean          | 2e+03        |
|    ep_rew_mean          | 2.54e+03     |
| time/                   |              |
|    fps                  | 1335         |
|    iterations           | 477          |
|    time_elapsed         | 13894        |
|    total_timesteps      | 18561024     |
| train/                  |              |
|    approx_kl            | 0.0065302774 |
|    clip_fraction        | 0.0777       |
|    clip_range           | 0.2          |
|    entropy_loss         | 3.59         |
|    explained_variance   | 0.981        |
|    learning_rate        | 0.000115     |
|    loss                 | 3.43         |
|    n_updates            | 4760         |
|    policy_gradient_loss | -0.000892    |
|    std                  | 0.0405       |
|    value_loss           | 12.6         |
------------------------------------------
-----------------------------------------
| rollout/                |             |
|    ep_len_mean          | 1.99e+03    |
|    ep_rew_mean          | 2.54e+03    |
| time/                   |             |
|    fps                  | 1336        |
|    iterations           | 478         |
|    time_elapsed         | 13918       |
|    total_timesteps      | 18599936    |
| train/                  |             |
|    approx_kl            | 0.007258925 |
|    clip_fraction        | 0.0851      |
|    clip_range           | 0.2         |
|    entropy_loss         | 3.59        |
|    explained_variance   | 0.972       |
|    learning_rate        | 0.000114    |
|    loss                 | 5.5         |
|    n_updates            | 4770        |
|    policy_gradient_loss | -0.000309   |
|    std                  | 0.0406      |
|    value_loss           | 13.2        |
-----------------------------------------
Eval num_timesteps=18620000, episode_reward=2717.35 +/- 424.82
Episode length: 2000.00 +/- 0.00
------------------------------------------
| eval/                   |              |
|    mean_ep_length       | 2e+03        |
|    mean_reward          | 2.72e+03     |
| time/                   |              |
|    total_timesteps      | 18620000     |
| train/                  |              |
|    approx_kl            | 0.0080782175 |
|    clip_fraction        | 0.103        |
|    clip_range           | 0.2          |
|    entropy_loss         | 3.58         |
|    explained_variance   | 0.976        |
|    learning_rate        | 0.000114     |
|    loss                 | 5.34         |
|    n_updates            | 4780         |
|    policy_gradient_loss | -0.00045     |
|    std                  | 0.0409       |
|    value_loss           | 13.1         |
------------------------------------------
New best mean reward!
---------------------------------
| rollout/           |          |
|    ep_len_mean     | 1.99e+03 |
|    ep_rew_mean     | 2.56e+03 |
| time/              |          |
|    fps             | 1331     |
|    iterations      | 479      |
|    time_elapsed    | 14000    |
|    total_timesteps | 18638848 |
---------------------------------
-----------------------------------------
| rollout/                |             |
|    ep_len_mean          | 1.99e+03    |
|    ep_rew_mean          | 2.55e+03    |
| time/                   |             |
|    fps                  | 1331        |
|    iterations           | 480         |
|    time_elapsed         | 14024       |
|    total_timesteps      | 18677760    |
| train/                  |             |
|    approx_kl            | 0.007938318 |
|    clip_fraction        | 0.0893      |
|    clip_range           | 0.2         |
|    entropy_loss         | 3.57        |
|    explained_variance   | 0.979       |
|    learning_rate        | 0.000114    |
|    loss                 | 6.38        |
|    n_updates            | 4790        |
|    policy_gradient_loss | 0.00022     |
|    std                  | 0.0411      |
|    value_loss           | 10.5        |
-----------------------------------------
------------------------------------------
| rollout/                |              |
|    ep_len_mean          | 1.99e+03     |
|    ep_rew_mean          | 2.53e+03     |
| time/                   |              |
|    fps                  | 1332         |
|    iterations           | 481          |
|    time_elapsed         | 14047        |
|    total_timesteps      | 18716672     |
| train/                  |              |
|    approx_kl            | 0.0061575403 |
|    clip_fraction        | 0.0674       |
|    clip_range           | 0.2          |
|    entropy_loss         | 3.56         |
|    explained_variance   | 0.978        |
|    learning_rate        | 0.000113     |
|    loss                 | 5.16         |
|    n_updates            | 4800         |
|    policy_gradient_loss | -0.000422    |
|    std                  | 0.0412       |
|    value_loss           | 14.6         |
------------------------------------------
-----------------------------------------
| rollout/                |             |
|    ep_len_mean          | 1.99e+03    |
|    ep_rew_mean          | 2.51e+03    |
| time/                   |             |
|    fps                  | 1332        |
|    iterations           | 482         |
|    time_elapsed         | 14070       |
|    total_timesteps      | 18755584    |
| train/                  |             |
|    approx_kl            | 0.007244453 |
|    clip_fraction        | 0.0745      |
|    clip_range           | 0.2         |
|    entropy_loss         | 3.56        |
|    explained_variance   | 0.98        |
|    learning_rate        | 0.000113    |
|    loss                 | 5.81        |
|    n_updates            | 4810        |
|    policy_gradient_loss | -0.000617   |
|    std                  | 0.0411      |
|    value_loss           | 15.1        |
-----------------------------------------
-----------------------------------------
| rollout/                |             |
|    ep_len_mean          | 1.99e+03    |
|    ep_rew_mean          | 2.51e+03    |
| time/                   |             |
|    fps                  | 1333        |
|    iterations           | 483         |
|    time_elapsed         | 14097       |
|    total_timesteps      | 18794496    |
| train/                  |             |
|    approx_kl            | 0.009000376 |
|    clip_fraction        | 0.0981      |
|    clip_range           | 0.2         |
|    entropy_loss         | 3.57        |
|    explained_variance   | 0.978       |
|    learning_rate        | 0.000112    |
|    loss                 | 4.58        |
|    n_updates            | 4820        |
|    policy_gradient_loss | -0.000207   |
|    std                  | 0.041       |
|    value_loss           | 12.8        |
-----------------------------------------
Eval num_timesteps=18810000, episode_reward=2742.99 +/- 413.35
Episode length: 2000.00 +/- 0.00
------------------------------------------
| eval/                   |              |
|    mean_ep_length       | 2e+03        |
|    mean_reward          | 2.74e+03     |
| time/                   |              |
|    total_timesteps      | 18810000     |
| train/                  |              |
|    approx_kl            | 0.0067453706 |
|    clip_fraction        | 0.0802       |
|    clip_range           | 0.2          |
|    entropy_loss         | 3.57         |
|    explained_variance   | 0.976        |
|    learning_rate        | 0.000112     |
|    loss                 | 2.43         |
|    n_updates            | 4830         |
|    policy_gradient_loss | -0.00102     |
|    std                  | 0.0411       |
|    value_loss           | 14.6         |
------------------------------------------
New best mean reward!
---------------------------------
| rollout/           |          |
|    ep_len_mean     | 1.99e+03 |
|    ep_rew_mean     | 2.52e+03 |
| time/              |          |
|    fps             | 1328     |
|    iterations      | 484      |
|    time_elapsed    | 14179    |
|    total_timesteps | 18833408 |
---------------------------------
------------------------------------------
| rollout/                |              |
|    ep_len_mean          | 1.99e+03     |
|    ep_rew_mean          | 2.54e+03     |
| time/                   |              |
|    fps                  | 1328         |
|    iterations           | 485          |
|    time_elapsed         | 14204        |
|    total_timesteps      | 18872320     |
| train/                  |              |
|    approx_kl            | 0.0064979442 |
|    clip_fraction        | 0.0706       |
|    clip_range           | 0.2          |
|    entropy_loss         | 3.56         |
|    explained_variance   | 0.971        |
|    learning_rate        | 0.000112     |
|    loss                 | 5.7          |
|    n_updates            | 4840         |
|    policy_gradient_loss | -0.000724    |
|    std                  | 0.0411       |
|    value_loss           | 15.3         |
------------------------------------------
-----------------------------------------
| rollout/                |             |
|    ep_len_mean          | 2e+03       |
|    ep_rew_mean          | 2.58e+03    |
| time/                   |             |
|    fps                  | 1329        |
|    iterations           | 486         |
|    time_elapsed         | 14228       |
|    total_timesteps      | 18911232    |
| train/                  |             |
|    approx_kl            | 0.006962765 |
|    clip_fraction        | 0.0826      |
|    clip_range           | 0.2         |
|    entropy_loss         | 3.56        |
|    explained_variance   | 0.97        |
|    learning_rate        | 0.000111    |
|    loss                 | 7.72        |
|    n_updates            | 4850        |
|    policy_gradient_loss | -0.00148    |
|    std                  | 0.0413      |
|    value_loss           | 14.9        |
-----------------------------------------
----------------------------------------
| rollout/                |            |
|    ep_len_mean          | 1.99e+03   |
|    ep_rew_mean          | 2.59e+03   |
| time/                   |            |
|    fps                  | 1329       |
|    iterations           | 487        |
|    time_elapsed         | 14253      |
|    total_timesteps      | 18950144   |
| train/                  |            |
|    approx_kl            | 0.00749943 |
|    clip_fraction        | 0.07       |
|    clip_range           | 0.2        |
|    entropy_loss         | 3.55       |
|    explained_variance   | 0.964      |
|    learning_rate        | 0.000111   |
|    loss                 | 7.68       |
|    n_updates            | 4860       |
|    policy_gradient_loss | -0.00109   |
|    std                  | 0.0414     |
|    value_loss           | 13.3       |
----------------------------------------
-----------------------------------------
| rollout/                |             |
|    ep_len_mean          | 2e+03       |
|    ep_rew_mean          | 2.61e+03    |
| time/                   |             |
|    fps                  | 1330        |
|    iterations           | 488         |
|    time_elapsed         | 14277       |
|    total_timesteps      | 18989056    |
| train/                  |             |
|    approx_kl            | 0.008424726 |
|    clip_fraction        | 0.0861      |
|    clip_range           | 0.2         |
|    entropy_loss         | 3.55        |
|    explained_variance   | 0.977       |
|    learning_rate        | 0.00011     |
|    loss                 | 4.09        |
|    n_updates            | 4870        |
|    policy_gradient_loss | -0.000489   |
|    std                  | 0.0413      |
|    value_loss           | 12.7        |
-----------------------------------------
Eval num_timesteps=19000000, episode_reward=2701.53 +/- 427.85
Episode length: 2000.00 +/- 0.00
-----------------------------------------
| eval/                   |             |
|    mean_ep_length       | 2e+03       |
|    mean_reward          | 2.7e+03     |
| time/                   |             |
|    total_timesteps      | 19000000    |
| train/                  |             |
|    approx_kl            | 0.006979194 |
|    clip_fraction        | 0.0894      |
|    clip_range           | 0.2         |
|    entropy_loss         | 3.55        |
|    explained_variance   | 0.973       |
|    learning_rate        | 0.00011     |
|    loss                 | 6.61        |
|    n_updates            | 4880        |
|    policy_gradient_loss | -0.000736   |
|    std                  | 0.0413      |
|    value_loss           | 12.6        |
-----------------------------------------
---------------------------------
| rollout/           |          |
|    ep_len_mean     | 2e+03    |
|    ep_rew_mean     | 2.63e+03 |
| time/              |          |
|    fps             | 1325     |
|    iterations      | 489      |
|    time_elapsed    | 14359    |
|    total_timesteps | 19027968 |
---------------------------------
-----------------------------------------
| rollout/                |             |
|    ep_len_mean          | 2e+03       |
|    ep_rew_mean          | 2.62e+03    |
| time/                   |             |
|    fps                  | 1325        |
|    iterations           | 490         |
|    time_elapsed         | 14384       |
|    total_timesteps      | 19066880    |
| train/                  |             |
|    approx_kl            | 0.008246389 |
|    clip_fraction        | 0.103       |
|    clip_range           | 0.2         |
|    entropy_loss         | 3.56        |
|    explained_variance   | 0.97        |
|    learning_rate        | 0.00011     |
|    loss                 | 8.22        |
|    n_updates            | 4890        |
|    policy_gradient_loss | -0.000413   |
|    std                  | 0.0411      |
|    value_loss           | 12.5        |
-----------------------------------------
------------------------------------------
| rollout/                |              |
|    ep_len_mean          | 1.99e+03     |
|    ep_rew_mean          | 2.61e+03     |
| time/                   |              |
|    fps                  | 1326         |
|    iterations           | 491          |
|    time_elapsed         | 14407        |
|    total_timesteps      | 19105792     |
| train/                  |              |
|    approx_kl            | 0.0066905757 |
|    clip_fraction        | 0.0778       |
|    clip_range           | 0.2          |
|    entropy_loss         | 3.55         |
|    explained_variance   | 0.969        |
|    learning_rate        | 0.000109     |
|    loss                 | 4.18         |
|    n_updates            | 4900         |
|    policy_gradient_loss | -0.00088     |
|    std                  | 0.0414       |
|    value_loss           | 11.7         |
------------------------------------------
-----------------------------------------
| rollout/                |             |
|    ep_len_mean          | 2e+03       |
|    ep_rew_mean          | 2.61e+03    |
| time/                   |             |
|    fps                  | 1326        |
|    iterations           | 492         |
|    time_elapsed         | 14431       |
|    total_timesteps      | 19144704    |
| train/                  |             |
|    approx_kl            | 0.009723795 |
|    clip_fraction        | 0.0843      |
|    clip_range           | 0.2         |
|    entropy_loss         | 3.54        |
|    explained_variance   | 0.979       |
|    learning_rate        | 0.000109    |
|    loss                 | 5           |
|    n_updates            | 4910        |
|    policy_gradient_loss | -0.000976   |
|    std                  | 0.0417      |
|    value_loss           | 11.2        |
-----------------------------------------
------------------------------------------
| rollout/                |              |
|    ep_len_mean          | 2e+03        |
|    ep_rew_mean          | 2.63e+03     |
| time/                   |              |
|    fps                  | 1327         |
|    iterations           | 493          |
|    time_elapsed         | 14455        |
|    total_timesteps      | 19183616     |
| train/                  |              |
|    approx_kl            | 0.0066868593 |
|    clip_fraction        | 0.0761       |
|    clip_range           | 0.2          |
|    entropy_loss         | 3.53         |
|    explained_variance   | 0.981        |
|    learning_rate        | 0.000109     |
|    loss                 | 5.65         |
|    n_updates            | 4920         |
|    policy_gradient_loss | -0.000808    |
|    std                  | 0.0417       |
|    value_loss           | 9.59         |
------------------------------------------
Eval num_timesteps=19190000, episode_reward=2744.63 +/- 409.07
Episode length: 2000.00 +/- 0.00
-----------------------------------------
| eval/                   |             |
|    mean_ep_length       | 2e+03       |
|    mean_reward          | 2.74e+03    |
| time/                   |             |
|    total_timesteps      | 19190000    |
| train/                  |             |
|    approx_kl            | 0.007678555 |
|    clip_fraction        | 0.0901      |
|    clip_range           | 0.2         |
|    entropy_loss         | 3.53        |
|    explained_variance   | 0.962       |
|    learning_rate        | 0.000108    |
|    loss                 | 11          |
|    n_updates            | 4930        |
|    policy_gradient_loss | -0.00125    |
|    std                  | 0.0418      |
|    value_loss           | 15.2        |
-----------------------------------------
New best mean reward!
---------------------------------
| rollout/           |          |
|    ep_len_mean     | 1.99e+03 |
|    ep_rew_mean     | 2.61e+03 |
| time/              |          |
|    fps             | 1322     |
|    iterations      | 494      |
|    time_elapsed    | 14537    |
|    total_timesteps | 19222528 |
---------------------------------
-----------------------------------------
| rollout/                |             |
|    ep_len_mean          | 1.99e+03    |
|    ep_rew_mean          | 2.64e+03    |
| time/                   |             |
|    fps                  | 1322        |
|    iterations           | 495         |
|    time_elapsed         | 14561       |
|    total_timesteps      | 19261440    |
| train/                  |             |
|    approx_kl            | 0.008567423 |
|    clip_fraction        | 0.0862      |
|    clip_range           | 0.2         |
|    entropy_loss         | 3.53        |
|    explained_variance   | 0.974       |
|    learning_rate        | 0.000108    |
|    loss                 | 11.2        |
|    n_updates            | 4940        |
|    policy_gradient_loss | -0.000909   |
|    std                  | 0.0417      |
|    value_loss           | 12.3        |
-----------------------------------------
----------------------------------------
| rollout/                |            |
|    ep_len_mean          | 1.99e+03   |
|    ep_rew_mean          | 2.63e+03   |
| time/                   |            |
|    fps                  | 1323       |
|    iterations           | 496        |
|    time_elapsed         | 14585      |
|    total_timesteps      | 19300352   |
| train/                  |            |
|    approx_kl            | 0.01039892 |
|    clip_fraction        | 0.096      |
|    clip_range           | 0.2        |
|    entropy_loss         | 3.53       |
|    explained_variance   | 0.965      |
|    learning_rate        | 0.000107   |
|    loss                 | 2.54       |
|    n_updates            | 4950       |
|    policy_gradient_loss | -0.00036   |
|    std                  | 0.0416     |
|    value_loss           | 11.8       |
----------------------------------------
------------------------------------------
| rollout/                |              |
|    ep_len_mean          | 1.99e+03     |
|    ep_rew_mean          | 2.64e+03     |
| time/                   |              |
|    fps                  | 1323         |
|    iterations           | 497          |
|    time_elapsed         | 14609        |
|    total_timesteps      | 19339264     |
| train/                  |              |
|    approx_kl            | 0.0055703474 |
|    clip_fraction        | 0.062        |
|    clip_range           | 0.2          |
|    entropy_loss         | 3.54         |
|    explained_variance   | 0.979        |
|    learning_rate        | 0.000107     |
|    loss                 | 5.63         |
|    n_updates            | 4960         |
|    policy_gradient_loss | -0.00144     |
|    std                  | 0.0415       |
|    value_loss           | 9.74         |
------------------------------------------
------------------------------------------
| rollout/                |              |
|    ep_len_mean          | 1.99e+03     |
|    ep_rew_mean          | 2.63e+03     |
| time/                   |              |
|    fps                  | 1324         |
|    iterations           | 498          |
|    time_elapsed         | 14633        |
|    total_timesteps      | 19378176     |
| train/                  |              |
|    approx_kl            | 0.0069965958 |
|    clip_fraction        | 0.0856       |
|    clip_range           | 0.2          |
|    entropy_loss         | 3.53         |
|    explained_variance   | 0.978        |
|    learning_rate        | 0.000107     |
|    loss                 | 2.09         |
|    n_updates            | 4970         |
|    policy_gradient_loss | -0.000477    |
|    std                  | 0.0417       |
|    value_loss           | 11.4         |
------------------------------------------
Eval num_timesteps=19380000, episode_reward=2812.68 +/- 388.40
Episode length: 2000.00 +/- 0.00
-----------------------------------------
| eval/                   |             |
|    mean_ep_length       | 2e+03       |
|    mean_reward          | 2.81e+03    |
| time/                   |             |
|    total_timesteps      | 19380000    |
| train/                  |             |
|    approx_kl            | 0.006862928 |
|    clip_fraction        | 0.0858      |
|    clip_range           | 0.2         |
|    entropy_loss         | 3.53        |
|    explained_variance   | 0.978       |
|    learning_rate        | 0.000106    |
|    loss                 | 3.05        |
|    n_updates            | 4980        |
|    policy_gradient_loss | -0.00137    |
|    std                  | 0.0419      |
|    value_loss           | 11.2        |
-----------------------------------------
New best mean reward!
---------------------------------
| rollout/           |          |
|    ep_len_mean     | 1.99e+03 |
|    ep_rew_mean     | 2.6e+03  |
| time/              |          |
|    fps             | 1319     |
|    iterations      | 499      |
|    time_elapsed    | 14719    |
|    total_timesteps | 19417088 |
---------------------------------
-----------------------------------------
| rollout/                |             |
|    ep_len_mean          | 1.98e+03    |
|    ep_rew_mean          | 2.55e+03    |
| time/                   |             |
|    fps                  | 1319        |
|    iterations           | 500         |
|    time_elapsed         | 14743       |
|    total_timesteps      | 19456000    |
| train/                  |             |
|    approx_kl            | 0.007312494 |
|    clip_fraction        | 0.0686      |
|    clip_range           | 0.2         |
|    entropy_loss         | 3.52        |
|    explained_variance   | 0.983       |
|    learning_rate        | 0.000106    |
|    loss                 | 6.07        |
|    n_updates            | 4990        |
|    policy_gradient_loss | -1.59e-05   |
|    std                  | 0.042       |
|    value_loss           | 13.9        |
-----------------------------------------
-----------------------------------------
| rollout/                |             |
|    ep_len_mean          | 1.99e+03    |
|    ep_rew_mean          | 2.57e+03    |
| time/                   |             |
|    fps                  | 1320        |
|    iterations           | 501         |
|    time_elapsed         | 14767       |
|    total_timesteps      | 19494912    |
| train/                  |             |
|    approx_kl            | 0.008166191 |
|    clip_fraction        | 0.0805      |
|    clip_range           | 0.2         |
|    entropy_loss         | 3.52        |
|    explained_variance   | 0.967       |
|    learning_rate        | 0.000105    |
|    loss                 | 4.83        |
|    n_updates            | 5000        |
|    policy_gradient_loss | -0.000912   |
|    std                  | 0.0421      |
|    value_loss           | 15.5        |
-----------------------------------------
-----------------------------------------
| rollout/                |             |
|    ep_len_mean          | 1.99e+03    |
|    ep_rew_mean          | 2.58e+03    |
| time/                   |             |
|    fps                  | 1320        |
|    iterations           | 502         |
|    time_elapsed         | 14791       |
|    total_timesteps      | 19533824    |
| train/                  |             |
|    approx_kl            | 0.006748038 |
|    clip_fraction        | 0.0844      |
|    clip_range           | 0.2         |
|    entropy_loss         | 3.51        |
|    explained_variance   | 0.955       |
|    learning_rate        | 0.000105    |
|    loss                 | 6.39        |
|    n_updates            | 5010        |
|    policy_gradient_loss | 0.000127    |
|    std                  | 0.0421      |
|    value_loss           | 15.3        |
-----------------------------------------
Eval num_timesteps=19570000, episode_reward=2896.56 +/- 365.70
Episode length: 2000.00 +/- 0.00
------------------------------------------
| eval/                   |              |
|    mean_ep_length       | 2e+03        |
|    mean_reward          | 2.9e+03      |
| time/                   |              |
|    total_timesteps      | 19570000     |
| train/                  |              |
|    approx_kl            | 0.0067068934 |
|    clip_fraction        | 0.0723       |
|    clip_range           | 0.2          |
|    entropy_loss         | 3.51         |
|    explained_variance   | 0.965        |
|    learning_rate        | 0.000105     |
|    loss                 | 13.3         |
|    n_updates            | 5020         |
|    policy_gradient_loss | -0.00166     |
|    std                  | 0.0422       |
|    value_loss           | 14.5         |
------------------------------------------
New best mean reward!
---------------------------------
| rollout/           |          |
|    ep_len_mean     | 1.98e+03 |
|    ep_rew_mean     | 2.55e+03 |
| time/              |          |
|    fps             | 1315     |
|    iterations      | 503      |
|    time_elapsed    | 14873    |
|    total_timesteps | 19572736 |
---------------------------------
------------------------------------------
| rollout/                |              |
|    ep_len_mean          | 1.97e+03     |
|    ep_rew_mean          | 2.59e+03     |
| time/                   |              |
|    fps                  | 1316         |
|    iterations           | 504          |
|    time_elapsed         | 14897        |
|    total_timesteps      | 19611648     |
| train/                  |              |
|    approx_kl            | 0.0076327357 |
|    clip_fraction        | 0.0789       |
|    clip_range           | 0.2          |
|    entropy_loss         | 3.5          |
|    explained_variance   | 0.972        |
|    learning_rate        | 0.000104     |
|    loss                 | 5.86         |
|    n_updates            | 5030         |
|    policy_gradient_loss | -0.00089     |
|    std                  | 0.0424       |
|    value_loss           | 17.3         |
------------------------------------------
-----------------------------------------
| rollout/                |             |
|    ep_len_mean          | 1.97e+03    |
|    ep_rew_mean          | 2.61e+03    |
| time/                   |             |
|    fps                  | 1316        |
|    iterations           | 505         |
|    time_elapsed         | 14920       |
|    total_timesteps      | 19650560    |
| train/                  |             |
|    approx_kl            | 0.007481646 |
|    clip_fraction        | 0.0784      |
|    clip_range           | 0.2         |
|    entropy_loss         | 3.5         |
|    explained_variance   | 0.961       |
|    learning_rate        | 0.000104    |
|    loss                 | 5.82        |
|    n_updates            | 5040        |
|    policy_gradient_loss | -0.000486   |
|    std                  | 0.0425      |
|    value_loss           | 16.6        |
-----------------------------------------
------------------------------------------
| rollout/                |              |
|    ep_len_mean          | 1.95e+03     |
|    ep_rew_mean          | 2.58e+03     |
| time/                   |              |
|    fps                  | 1317         |
|    iterations           | 506          |
|    time_elapsed         | 14945        |
|    total_timesteps      | 19689472     |
| train/                  |              |
|    approx_kl            | 0.0070638116 |
|    clip_fraction        | 0.0842       |
|    clip_range           | 0.2          |
|    entropy_loss         | 3.49         |
|    explained_variance   | 0.969        |
|    learning_rate        | 0.000103     |
|    loss                 | 8.22         |
|    n_updates            | 5050         |
|    policy_gradient_loss | -0.000864    |
|    std                  | 0.0425       |
|    value_loss           | 14.9         |
------------------------------------------
------------------------------------------
| rollout/                |              |
|    ep_len_mean          | 1.93e+03     |
|    ep_rew_mean          | 2.56e+03     |
| time/                   |              |
|    fps                  | 1317         |
|    iterations           | 507          |
|    time_elapsed         | 14969        |
|    total_timesteps      | 19728384     |
| train/                  |              |
|    approx_kl            | 0.0060554347 |
|    clip_fraction        | 0.0655       |
|    clip_range           | 0.2          |
|    entropy_loss         | 3.49         |
|    explained_variance   | 0.976        |
|    learning_rate        | 0.000103     |
|    loss                 | 7.19         |
|    n_updates            | 5060         |
|    policy_gradient_loss | -0.00108     |
|    std                  | 0.0427       |
|    value_loss           | 13.2         |
------------------------------------------
Eval num_timesteps=19760000, episode_reward=2861.50 +/- 382.91
Episode length: 2000.00 +/- 0.00
-----------------------------------------
| eval/                   |             |
|    mean_ep_length       | 2e+03       |
|    mean_reward          | 2.86e+03    |
| time/                   |             |
|    total_timesteps      | 19760000    |
| train/                  |             |
|    approx_kl            | 0.008460201 |
|    clip_fraction        | 0.0897      |
|    clip_range           | 0.2         |
|    entropy_loss         | 3.48        |
|    explained_variance   | 0.972       |
|    learning_rate        | 0.000103    |
|    loss                 | 1.6         |
|    n_updates            | 5070        |
|    policy_gradient_loss | -0.000406   |
|    std                  | 0.0428      |
|    value_loss           | 11.7        |
-----------------------------------------
---------------------------------
| rollout/           |          |
|    ep_len_mean     | 1.94e+03 |
|    ep_rew_mean     | 2.59e+03 |
| time/              |          |
|    fps             | 1313     |
|    iterations      | 508      |
|    time_elapsed    | 15051    |
|    total_timesteps | 19767296 |
---------------------------------
----------------------------------------
| rollout/                |            |
|    ep_len_mean          | 1.95e+03   |
|    ep_rew_mean          | 2.61e+03   |
| time/                   |            |
|    fps                  | 1313       |
|    iterations           | 509        |
|    time_elapsed         | 15074      |
|    total_timesteps      | 19806208   |
| train/                  |            |
|    approx_kl            | 0.00710019 |
|    clip_fraction        | 0.075      |
|    clip_range           | 0.2        |
|    entropy_loss         | 3.47       |
|    explained_variance   | 0.967      |
|    learning_rate        | 0.000102   |
|    loss                 | 14.1       |
|    n_updates            | 5080       |
|    policy_gradient_loss | -0.00097   |
|    std                  | 0.0431     |
|    value_loss           | 15.3       |
----------------------------------------
-----------------------------------------
| rollout/                |             |
|    ep_len_mean          | 1.95e+03    |
|    ep_rew_mean          | 2.64e+03    |
| time/                   |             |
|    fps                  | 1314        |
|    iterations           | 510         |
|    time_elapsed         | 15098       |
|    total_timesteps      | 19845120    |
| train/                  |             |
|    approx_kl            | 0.006513316 |
|    clip_fraction        | 0.0721      |
|    clip_range           | 0.2         |
|    entropy_loss         | 3.47        |
|    explained_variance   | 0.971       |
|    learning_rate        | 0.000102    |
|    loss                 | 5.41        |
|    n_updates            | 5090        |
|    policy_gradient_loss | -0.000377   |
|    std                  | 0.0431      |
|    value_loss           | 14.8        |
-----------------------------------------
------------------------------------------
| rollout/                |              |
|    ep_len_mean          | 1.97e+03     |
|    ep_rew_mean          | 2.66e+03     |
| time/                   |              |
|    fps                  | 1314         |
|    iterations           | 511          |
|    time_elapsed         | 15122        |
|    total_timesteps      | 19884032     |
| train/                  |              |
|    approx_kl            | 0.0065897945 |
|    clip_fraction        | 0.0706       |
|    clip_range           | 0.2          |
|    entropy_loss         | 3.46         |
|    explained_variance   | 0.975        |
|    learning_rate        | 0.000102     |
|    loss                 | 5.24         |
|    n_updates            | 5100         |
|    policy_gradient_loss | -0.000799    |
|    std                  | 0.0434       |
|    value_loss           | 11.4         |
------------------------------------------
-----------------------------------------
| rollout/                |             |
|    ep_len_mean          | 1.98e+03    |
|    ep_rew_mean          | 2.7e+03     |
| time/                   |             |
|    fps                  | 1315        |
|    iterations           | 512         |
|    time_elapsed         | 15146       |
|    total_timesteps      | 19922944    |
| train/                  |             |
|    approx_kl            | 0.005665627 |
|    clip_fraction        | 0.0719      |
|    clip_range           | 0.2         |
|    entropy_loss         | 3.46        |
|    explained_variance   | 0.977       |
|    learning_rate        | 0.000101    |
|    loss                 | 3.98        |
|    n_updates            | 5110        |
|    policy_gradient_loss | -0.000587   |
|    std                  | 0.0433      |
|    value_loss           | 12.7        |
-----------------------------------------
Eval num_timesteps=19950000, episode_reward=2833.93 +/- 382.55
Episode length: 2000.00 +/- 0.00
-----------------------------------------
| eval/                   |             |
|    mean_ep_length       | 2e+03       |
|    mean_reward          | 2.83e+03    |
| time/                   |             |
|    total_timesteps      | 19950000    |
| train/                  |             |
|    approx_kl            | 0.007851358 |
|    clip_fraction        | 0.109       |
|    clip_range           | 0.2         |
|    entropy_loss         | 3.46        |
|    explained_variance   | 0.973       |
|    learning_rate        | 0.000101    |
|    loss                 | 6.69        |
|    n_updates            | 5120        |
|    policy_gradient_loss | 0.000267    |
|    std                  | 0.0433      |
|    value_loss           | 12.4        |
-----------------------------------------
---------------------------------
| rollout/           |          |
|    ep_len_mean     | 1.99e+03 |
|    ep_rew_mean     | 2.72e+03 |
| time/              |          |
|    fps             | 1310     |
|    iterations      | 513      |
|    time_elapsed    | 15230    |
|    total_timesteps | 19961856 |
---------------------------------
-----------------------------------------
| rollout/                |             |
|    ep_len_mean          | 1.99e+03    |
|    ep_rew_mean          | 2.72e+03    |
| time/                   |             |
|    fps                  | 1311        |
|    iterations           | 514         |
|    time_elapsed         | 15255       |
|    total_timesteps      | 20000768    |
| train/                  |             |
|    approx_kl            | 0.007160298 |
|    clip_fraction        | 0.0783      |
|    clip_range           | 0.2         |
|    entropy_loss         | 3.46        |
|    explained_variance   | 0.977       |
|    learning_rate        | 0.0001      |
|    loss                 | 7.1         |
|    n_updates            | 5130        |
|    policy_gradient_loss | -0.00155    |
|    std                  | 0.0432      |
|    value_loss           | 9.84        |
-----------------------------------------
------------------------------------------
| rollout/                |              |
|    ep_len_mean          | 1.99e+03     |
|    ep_rew_mean          | 2.71e+03     |
| time/                   |              |
|    fps                  | 1311         |
|    iterations           | 515          |
|    time_elapsed         | 15281        |
|    total_timesteps      | 20039680     |
| train/                  |              |
|    approx_kl            | 0.0076830033 |
|    clip_fraction        | 0.0734       |
|    clip_range           | 0.2          |
|    entropy_loss         | 3.46         |
|    explained_variance   | 0.966        |
|    learning_rate        | 0.0001       |
|    loss                 | 3.55         |
|    n_updates            | 5140         |
|    policy_gradient_loss | -0.000731    |
|    std                  | 0.0434       |
|    value_loss           | 17.1         |
------------------------------------------
------------------------------------------
| rollout/                |              |
|    ep_len_mean          | 1.99e+03     |
|    ep_rew_mean          | 2.72e+03     |
| time/                   |              |
|    fps                  | 1311         |
|    iterations           | 516          |
|    time_elapsed         | 15306        |
|    total_timesteps      | 20078592     |
| train/                  |              |
|    approx_kl            | 0.0059720613 |
|    clip_fraction        | 0.0783       |
|    clip_range           | 0.2          |
|    entropy_loss         | 3.45         |
|    explained_variance   | 0.977        |
|    learning_rate        | 9.96e-05     |
|    loss                 | 2.21         |
|    n_updates            | 5150         |
|    policy_gradient_loss | -0.00115     |
|    std                  | 0.0433       |
|    value_loss           | 11.2         |
------------------------------------------
-----------------------------------------
| rollout/                |             |
|    ep_len_mean          | 1.99e+03    |
|    ep_rew_mean          | 2.72e+03    |
| time/                   |             |
|    fps                  | 1312        |
|    iterations           | 517         |
|    time_elapsed         | 15330       |
|    total_timesteps      | 20117504    |
| train/                  |             |
|    approx_kl            | 0.009279375 |
|    clip_fraction        | 0.0943      |
|    clip_range           | 0.2         |
|    entropy_loss         | 3.45        |
|    explained_variance   | 0.965       |
|    learning_rate        | 9.92e-05    |
|    loss                 | 5.14        |
|    n_updates            | 5160        |
|    policy_gradient_loss | -0.000577   |
|    std                  | 0.0435      |
|    value_loss           | 14.1        |
-----------------------------------------
Eval num_timesteps=20140000, episode_reward=2880.36 +/- 351.61
Episode length: 2000.00 +/- 0.00
-----------------------------------------
| eval/                   |             |
|    mean_ep_length       | 2e+03       |
|    mean_reward          | 2.88e+03    |
| time/                   |             |
|    total_timesteps      | 20140000    |
| train/                  |             |
|    approx_kl            | 0.007953465 |
|    clip_fraction        | 0.0971      |
|    clip_range           | 0.2         |
|    entropy_loss         | 3.44        |
|    explained_variance   | 0.97        |
|    learning_rate        | 9.88e-05    |
|    loss                 | 5.72        |
|    n_updates            | 5170        |
|    policy_gradient_loss | -0.000442   |
|    std                  | 0.0436      |
|    value_loss           | 12.3        |
-----------------------------------------
---------------------------------
| rollout/           |          |
|    ep_len_mean     | 1.99e+03 |
|    ep_rew_mean     | 2.72e+03 |
| time/              |          |
|    fps             | 1307     |
|    iterations      | 518      |
|    time_elapsed    | 15412    |
|    total_timesteps | 20156416 |
---------------------------------
----------------------------------------
| rollout/                |            |
|    ep_len_mean          | 1.99e+03   |
|    ep_rew_mean          | 2.74e+03   |
| time/                   |            |
|    fps                  | 1308       |
|    iterations           | 519        |
|    time_elapsed         | 15435      |
|    total_timesteps      | 20195328   |
| train/                  |            |
|    approx_kl            | 0.00846179 |
|    clip_fraction        | 0.0789     |
|    clip_range           | 0.2        |
|    entropy_loss         | 3.44       |
|    explained_variance   | 0.959      |
|    learning_rate        | 9.84e-05   |
|    loss                 | 11.9       |
|    n_updates            | 5180       |
|    policy_gradient_loss | -0.00116   |
|    std                  | 0.0438     |
|    value_loss           | 15.3       |
----------------------------------------
-----------------------------------------
| rollout/                |             |
|    ep_len_mean          | 2e+03       |
|    ep_rew_mean          | 2.74e+03    |
| time/                   |             |
|    fps                  | 1308        |
|    iterations           | 520         |
|    time_elapsed         | 15460       |
|    total_timesteps      | 20234240    |
| train/                  |             |
|    approx_kl            | 0.007093803 |
|    clip_fraction        | 0.0657      |
|    clip_range           | 0.2         |
|    entropy_loss         | 3.44        |
|    explained_variance   | 0.968       |
|    learning_rate        | 9.8e-05     |
|    loss                 | 2.47        |
|    n_updates            | 5190        |
|    policy_gradient_loss | -0.000909   |
|    std                  | 0.0435      |
|    value_loss           | 16.2        |
-----------------------------------------
------------------------------------------
| rollout/                |              |
|    ep_len_mean          | 1.99e+03     |
|    ep_rew_mean          | 2.73e+03     |
| time/                   |              |
|    fps                  | 1309         |
|    iterations           | 521          |
|    time_elapsed         | 15483        |
|    total_timesteps      | 20273152     |
| train/                  |              |
|    approx_kl            | 0.0070375963 |
|    clip_fraction        | 0.0869       |
|    clip_range           | 0.2          |
|    entropy_loss         | 3.45         |
|    explained_variance   | 0.974        |
|    learning_rate        | 9.77e-05     |
|    loss                 | 5.99         |
|    n_updates            | 5200         |
|    policy_gradient_loss | 0.000895     |
|    std                  | 0.0435       |
|    value_loss           | 11.3         |
------------------------------------------
------------------------------------------
| rollout/                |              |
|    ep_len_mean          | 1.99e+03     |
|    ep_rew_mean          | 2.71e+03     |
| time/                   |              |
|    fps                  | 1309         |
|    iterations           | 522          |
|    time_elapsed         | 15507        |
|    total_timesteps      | 20312064     |
| train/                  |              |
|    approx_kl            | 0.0072522853 |
|    clip_fraction        | 0.0757       |
|    clip_range           | 0.2          |
|    entropy_loss         | 3.44         |
|    explained_variance   | 0.968        |
|    learning_rate        | 9.73e-05     |
|    loss                 | 5.52         |
|    n_updates            | 5210         |
|    policy_gradient_loss | -0.00135     |
|    std                  | 0.0437       |
|    value_loss           | 15.4         |
------------------------------------------
Eval num_timesteps=20330000, episode_reward=2921.00 +/- 336.92
Episode length: 2000.00 +/- 0.00
-----------------------------------------
| eval/                   |             |
|    mean_ep_length       | 2e+03       |
|    mean_reward          | 2.92e+03    |
| time/                   |             |
|    total_timesteps      | 20330000    |
| train/                  |             |
|    approx_kl            | 0.007791127 |
|    clip_fraction        | 0.0781      |
|    clip_range           | 0.2         |
|    entropy_loss         | 3.44        |
|    explained_variance   | 0.963       |
|    learning_rate        | 9.69e-05    |
|    loss                 | 5.92        |
|    n_updates            | 5220        |
|    policy_gradient_loss | -0.000554   |
|    std                  | 0.0439      |
|    value_loss           | 15.2        |
-----------------------------------------
New best mean reward!
---------------------------------
| rollout/           |          |
|    ep_len_mean     | 1.99e+03 |
|    ep_rew_mean     | 2.69e+03 |
| time/              |          |
|    fps             | 1305     |
|    iterations      | 523      |
|    time_elapsed    | 15590    |
|    total_timesteps | 20350976 |
---------------------------------
-----------------------------------------
| rollout/                |             |
|    ep_len_mean          | 1.99e+03    |
|    ep_rew_mean          | 2.68e+03    |
| time/                   |             |
|    fps                  | 1305        |
|    iterations           | 524         |
|    time_elapsed         | 15613       |
|    total_timesteps      | 20389888    |
| train/                  |             |
|    approx_kl            | 0.006858411 |
|    clip_fraction        | 0.0858      |
|    clip_range           | 0.2         |
|    entropy_loss         | 3.43        |
|    explained_variance   | 0.96        |
|    learning_rate        | 9.65e-05    |
|    loss                 | 4.27        |
|    n_updates            | 5230        |
|    policy_gradient_loss | -0.000171   |
|    std                  | 0.0439      |
|    value_loss           | 14.7        |
-----------------------------------------
------------------------------------------
| rollout/                |              |
|    ep_len_mean          | 1.98e+03     |
|    ep_rew_mean          | 2.69e+03     |
| time/                   |              |
|    fps                  | 1306         |
|    iterations           | 525          |
|    time_elapsed         | 15638        |
|    total_timesteps      | 20428800     |
| train/                  |              |
|    approx_kl            | 0.0068641393 |
|    clip_fraction        | 0.0813       |
|    clip_range           | 0.2          |
|    entropy_loss         | 3.43         |
|    explained_variance   | 0.972        |
|    learning_rate        | 9.61e-05     |
|    loss                 | 7.6          |
|    n_updates            | 5240         |
|    policy_gradient_loss | 3.07e-05     |
|    std                  | 0.0441       |
|    value_loss           | 11           |
------------------------------------------
-----------------------------------------
| rollout/                |             |
|    ep_len_mean          | 1.99e+03    |
|    ep_rew_mean          | 2.69e+03    |
| time/                   |             |
|    fps                  | 1306        |
|    iterations           | 526         |
|    time_elapsed         | 15662       |
|    total_timesteps      | 20467712    |
| train/                  |             |
|    approx_kl            | 0.005603169 |
|    clip_fraction        | 0.061       |
|    clip_range           | 0.2         |
|    entropy_loss         | 3.42        |
|    explained_variance   | 0.969       |
|    learning_rate        | 9.57e-05    |
|    loss                 | 7.15        |
|    n_updates            | 5250        |
|    policy_gradient_loss | -0.00119    |
|    std                  | 0.0444      |
|    value_loss           | 18.6        |
-----------------------------------------
----------------------------------------
| rollout/                |            |
|    ep_len_mean          | 1.99e+03   |
|    ep_rew_mean          | 2.72e+03   |
| time/                   |            |
|    fps                  | 1307       |
|    iterations           | 527        |
|    time_elapsed         | 15686      |
|    total_timesteps      | 20506624   |
| train/                  |            |
|    approx_kl            | 0.00740514 |
|    clip_fraction        | 0.0948     |
|    clip_range           | 0.2        |
|    entropy_loss         | 3.41       |
|    explained_variance   | 0.957      |
|    learning_rate        | 9.53e-05   |
|    loss                 | 8.1        |
|    n_updates            | 5260       |
|    policy_gradient_loss | -0.000273  |
|    std                  | 0.0445     |
|    value_loss           | 13.9       |
----------------------------------------
Eval num_timesteps=20520000, episode_reward=2956.62 +/- 316.38
Episode length: 2000.00 +/- 0.00
------------------------------------------
| eval/                   |              |
|    mean_ep_length       | 2e+03        |
|    mean_reward          | 2.96e+03     |
| time/                   |              |
|    total_timesteps      | 20520000     |
| train/                  |              |
|    approx_kl            | 0.0065901717 |
|    clip_fraction        | 0.0667       |
|    clip_range           | 0.2          |
|    entropy_loss         | 3.41         |
|    explained_variance   | 0.972        |
|    learning_rate        | 9.49e-05     |
|    loss                 | 7.78         |
|    n_updates            | 5270         |
|    policy_gradient_loss | -0.00091     |
|    std                  | 0.0442       |
|    value_loss           | 12.4         |
------------------------------------------
New best mean reward!
---------------------------------
| rollout/           |          |
|    ep_len_mean     | 1.99e+03 |
|    ep_rew_mean     | 2.71e+03 |
| time/              |          |
|    fps             | 1302     |
|    iterations      | 528      |
|    time_elapsed    | 15767    |
|    total_timesteps | 20545536 |
---------------------------------
------------------------------------------
| rollout/                |              |
|    ep_len_mean          | 2e+03        |
|    ep_rew_mean          | 2.72e+03     |
| time/                   |              |
|    fps                  | 1303         |
|    iterations           | 529          |
|    time_elapsed         | 15791        |
|    total_timesteps      | 20584448     |
| train/                  |              |
|    approx_kl            | 0.0068145166 |
|    clip_fraction        | 0.0657       |
|    clip_range           | 0.2          |
|    entropy_loss         | 3.42         |
|    explained_variance   | 0.96         |
|    learning_rate        | 9.45e-05     |
|    loss                 | 5.92         |
|    n_updates            | 5280         |
|    policy_gradient_loss | -0.00125     |
|    std                  | 0.0442       |
|    value_loss           | 17.9         |
------------------------------------------
------------------------------------------
| rollout/                |              |
|    ep_len_mean          | 2e+03        |
|    ep_rew_mean          | 2.73e+03     |
| time/                   |              |
|    fps                  | 1303         |
|    iterations           | 530          |
|    time_elapsed         | 15815        |
|    total_timesteps      | 20623360     |
| train/                  |              |
|    approx_kl            | 0.0071883984 |
|    clip_fraction        | 0.0845       |
|    clip_range           | 0.2          |
|    entropy_loss         | 3.42         |
|    explained_variance   | 0.964        |
|    learning_rate        | 9.42e-05     |
|    loss                 | 7.87         |
|    n_updates            | 5290         |
|    policy_gradient_loss | -0.000435    |
|    std                  | 0.0442       |
|    value_loss           | 16.2         |
------------------------------------------
-----------------------------------------
| rollout/                |             |
|    ep_len_mean          | 2e+03       |
|    ep_rew_mean          | 2.73e+03    |
| time/                   |             |
|    fps                  | 1304        |
|    iterations           | 531         |
|    time_elapsed         | 15840       |
|    total_timesteps      | 20662272    |
| train/                  |             |
|    approx_kl            | 0.006276252 |
|    clip_fraction        | 0.0735      |
|    clip_range           | 0.2         |
|    entropy_loss         | 3.41        |
|    explained_variance   | 0.965       |
|    learning_rate        | 9.38e-05    |
|    loss                 | 15.3        |
|    n_updates            | 5300        |
|    policy_gradient_loss | -0.000739   |
|    std                  | 0.0444      |
|    value_loss           | 15.1        |
-----------------------------------------
------------------------------------------
| rollout/                |              |
|    ep_len_mean          | 1.99e+03     |
|    ep_rew_mean          | 2.7e+03      |
| time/                   |              |
|    fps                  | 1304         |
|    iterations           | 532          |
|    time_elapsed         | 15865        |
|    total_timesteps      | 20701184     |
| train/                  |              |
|    approx_kl            | 0.0072550382 |
|    clip_fraction        | 0.0705       |
|    clip_range           | 0.2          |
|    entropy_loss         | 3.41         |
|    explained_variance   | 0.968        |
|    learning_rate        | 9.34e-05     |
|    loss                 | 6.17         |
|    n_updates            | 5310         |
|    policy_gradient_loss | -0.000217    |
|    std                  | 0.0445       |
|    value_loss           | 18.4         |
------------------------------------------
Eval num_timesteps=20710000, episode_reward=3017.35 +/- 282.51
Episode length: 2000.00 +/- 0.00
------------------------------------------
| eval/                   |              |
|    mean_ep_length       | 2e+03        |
|    mean_reward          | 3.02e+03     |
| time/                   |              |
|    total_timesteps      | 20710000     |
| train/                  |              |
|    approx_kl            | 0.0074690487 |
|    clip_fraction        | 0.0745       |
|    clip_range           | 0.2          |
|    entropy_loss         | 3.41         |
|    explained_variance   | 0.968        |
|    learning_rate        | 9.3e-05      |
|    loss                 | 7.28         |
|    n_updates            | 5320         |
|    policy_gradient_loss | -0.000954    |
|    std                  | 0.0444       |
|    value_loss           | 16.5         |
------------------------------------------
New best mean reward!
---------------------------------
| rollout/           |          |
|    ep_len_mean     | 1.99e+03 |
|    ep_rew_mean     | 2.72e+03 |
| time/              |          |
|    fps             | 1300     |
|    iterations      | 533      |
|    time_elapsed    | 15949    |
|    total_timesteps | 20740096 |
---------------------------------
------------------------------------------
| rollout/                |              |
|    ep_len_mean          | 1.99e+03     |
|    ep_rew_mean          | 2.75e+03     |
| time/                   |              |
|    fps                  | 1300         |
|    iterations           | 534          |
|    time_elapsed         | 15973        |
|    total_timesteps      | 20779008     |
| train/                  |              |
|    approx_kl            | 0.0072025643 |
|    clip_fraction        | 0.0846       |
|    clip_range           | 0.2          |
|    entropy_loss         | 3.41         |
|    explained_variance   | 0.952        |
|    learning_rate        | 9.26e-05     |
|    loss                 | 3.77         |
|    n_updates            | 5330         |
|    policy_gradient_loss | 0.000138     |
|    std                  | 0.0445       |
|    value_loss           | 14           |
------------------------------------------
------------------------------------------
| rollout/                |              |
|    ep_len_mean          | 1.99e+03     |
|    ep_rew_mean          | 2.73e+03     |
| time/                   |              |
|    fps                  | 1301         |
|    iterations           | 535          |
|    time_elapsed         | 15997        |
|    total_timesteps      | 20817920     |
| train/                  |              |
|    approx_kl            | 0.0077127195 |
|    clip_fraction        | 0.0825       |
|    clip_range           | 0.2          |
|    entropy_loss         | 3.4          |
|    explained_variance   | 0.966        |
|    learning_rate        | 9.22e-05     |
|    loss                 | 5.22         |
|    n_updates            | 5340         |
|    policy_gradient_loss | -0.000309    |
|    std                  | 0.0446       |
|    value_loss           | 13.5         |
------------------------------------------
------------------------------------------
| rollout/                |              |
|    ep_len_mean          | 2e+03        |
|    ep_rew_mean          | 2.75e+03     |
| time/                   |              |
|    fps                  | 1301         |
|    iterations           | 536          |
|    time_elapsed         | 16021        |
|    total_timesteps      | 20856832     |
| train/                  |              |
|    approx_kl            | 0.0062729837 |
|    clip_fraction        | 0.0693       |
|    clip_range           | 0.2          |
|    entropy_loss         | 3.4          |
|    explained_variance   | 0.957        |
|    learning_rate        | 9.18e-05     |
|    loss                 | 8.6          |
|    n_updates            | 5350         |
|    policy_gradient_loss | -0.00216     |
|    std                  | 0.0447       |
|    value_loss           | 18.7         |
------------------------------------------
-----------------------------------------
| rollout/                |             |
|    ep_len_mean          | 2e+03       |
|    ep_rew_mean          | 2.78e+03    |
| time/                   |             |
|    fps                  | 1302        |
|    iterations           | 537         |
|    time_elapsed         | 16045       |
|    total_timesteps      | 20895744    |
| train/                  |             |
|    approx_kl            | 0.007329166 |
|    clip_fraction        | 0.0807      |
|    clip_range           | 0.2         |
|    entropy_loss         | 3.4         |
|    explained_variance   | 0.972       |
|    learning_rate        | 9.14e-05    |
|    loss                 | 9.65        |
|    n_updates            | 5360        |
|    policy_gradient_loss | -0.000621   |
|    std                  | 0.0448      |
|    value_loss           | 13.7        |
-----------------------------------------
Eval num_timesteps=20900000, episode_reward=3004.79 +/- 290.64
Episode length: 2000.00 +/- 0.00
------------------------------------------
| eval/                   |              |
|    mean_ep_length       | 2e+03        |
|    mean_reward          | 3e+03        |
| time/                   |              |
|    total_timesteps      | 20900000     |
| train/                  |              |
|    approx_kl            | 0.0071625696 |
|    clip_fraction        | 0.0833       |
|    clip_range           | 0.2          |
|    entropy_loss         | 3.39         |
|    explained_variance   | 0.956        |
|    learning_rate        | 9.1e-05      |
|    loss                 | 3.55         |
|    n_updates            | 5370         |
|    policy_gradient_loss | 0.000355     |
|    std                  | 0.045        |
|    value_loss           | 13           |
------------------------------------------
---------------------------------
| rollout/           |          |
|    ep_len_mean     | 2e+03    |
|    ep_rew_mean     | 2.78e+03 |
| time/              |          |
|    fps             | 1298     |
|    iterations      | 538      |
|    time_elapsed    | 16127    |
|    total_timesteps | 20934656 |
---------------------------------
------------------------------------------
| rollout/                |              |
|    ep_len_mean          | 1.99e+03     |
|    ep_rew_mean          | 2.76e+03     |
| time/                   |              |
|    fps                  | 1298         |
|    iterations           | 539          |
|    time_elapsed         | 16150        |
|    total_timesteps      | 20973568     |
| train/                  |              |
|    approx_kl            | 0.0072681834 |
|    clip_fraction        | 0.0645       |
|    clip_range           | 0.2          |
|    entropy_loss         | 3.38         |
|    explained_variance   | 0.964        |
|    learning_rate        | 9.07e-05     |
|    loss                 | 8.62         |
|    n_updates            | 5380         |
|    policy_gradient_loss | -0.000627    |
|    std                  | 0.0451       |
|    value_loss           | 19.3         |
------------------------------------------
------------------------------------------
| rollout/                |              |
|    ep_len_mean          | 1.99e+03     |
|    ep_rew_mean          | 2.77e+03     |
| time/                   |              |
|    fps                  | 1299         |
|    iterations           | 540          |
|    time_elapsed         | 16174        |
|    total_timesteps      | 21012480     |
| train/                  |              |
|    approx_kl            | 0.0072601987 |
|    clip_fraction        | 0.0797       |
|    clip_range           | 0.2          |
|    entropy_loss         | 3.39         |
|    explained_variance   | 0.971        |
|    learning_rate        | 9.03e-05     |
|    loss                 | 3.89         |
|    n_updates            | 5390         |
|    policy_gradient_loss | -0.000436    |
|    std                  | 0.045        |
|    value_loss           | 11.3         |
------------------------------------------
-----------------------------------------
| rollout/                |             |
|    ep_len_mean          | 1.98e+03    |
|    ep_rew_mean          | 2.77e+03    |
| time/                   |             |
|    fps                  | 1299        |
|    iterations           | 541         |
|    time_elapsed         | 16198       |
|    total_timesteps      | 21051392    |
| train/                  |             |
|    approx_kl            | 0.008656358 |
|    clip_fraction        | 0.0878      |
|    clip_range           | 0.2         |
|    entropy_loss         | 3.38        |
|    explained_variance   | 0.972       |
|    learning_rate        | 8.99e-05    |
|    loss                 | 1.78        |
|    n_updates            | 5400        |
|    policy_gradient_loss | -0.000397   |
|    std                  | 0.0452      |
|    value_loss           | 12.3        |
-----------------------------------------
Eval num_timesteps=21090000, episode_reward=3008.15 +/- 276.12
Episode length: 2000.00 +/- 0.00
-----------------------------------------
| eval/                   |             |
|    mean_ep_length       | 2e+03       |
|    mean_reward          | 3.01e+03    |
| time/                   |             |
|    total_timesteps      | 21090000    |
| train/                  |             |
|    approx_kl            | 0.005252802 |
|    clip_fraction        | 0.0614      |
|    clip_range           | 0.2         |
|    entropy_loss         | 3.37        |
|    explained_variance   | 0.973       |
|    learning_rate        | 8.95e-05    |
|    loss                 | 5.6         |
|    n_updates            | 5410        |
|    policy_gradient_loss | -0.00108    |
|    std                  | 0.0455      |
|    value_loss           | 18.7        |
-----------------------------------------
---------------------------------
| rollout/           |          |
|    ep_len_mean     | 1.99e+03 |
|    ep_rew_mean     | 2.75e+03 |
| time/              |          |
|    fps             | 1295     |
|    iterations      | 542      |
|    time_elapsed    | 16280    |
|    total_timesteps | 21090304 |
---------------------------------
-----------------------------------------
| rollout/                |             |
|    ep_len_mean          | 1.98e+03    |
|    ep_rew_mean          | 2.75e+03    |
| time/                   |             |
|    fps                  | 1295        |
|    iterations           | 543         |
|    time_elapsed         | 16305       |
|    total_timesteps      | 21129216    |
| train/                  |             |
|    approx_kl            | 0.009130578 |
|    clip_fraction        | 0.0894      |
|    clip_range           | 0.2         |
|    entropy_loss         | 3.36        |
|    explained_variance   | 0.954       |
|    learning_rate        | 8.91e-05    |
|    loss                 | 9.43        |
|    n_updates            | 5420        |
|    policy_gradient_loss | -0.00112    |
|    std                  | 0.0455      |
|    value_loss           | 18.5        |
-----------------------------------------
------------------------------------------
| rollout/                |              |
|    ep_len_mean          | 1.98e+03     |
|    ep_rew_mean          | 2.77e+03     |
| time/                   |              |
|    fps                  | 1296         |
|    iterations           | 544          |
|    time_elapsed         | 16329        |
|    total_timesteps      | 21168128     |
| train/                  |              |
|    approx_kl            | 0.0063907886 |
|    clip_fraction        | 0.0785       |
|    clip_range           | 0.2          |
|    entropy_loss         | 3.36         |
|    explained_variance   | 0.965        |
|    learning_rate        | 8.87e-05     |
|    loss                 | 9.84         |
|    n_updates            | 5430         |
|    policy_gradient_loss | -0.000627    |
|    std                  | 0.0457       |
|    value_loss           | 13.7         |
------------------------------------------
------------------------------------------
| rollout/                |              |
|    ep_len_mean          | 1.98e+03     |
|    ep_rew_mean          | 2.77e+03     |
| time/                   |              |
|    fps                  | 1296         |
|    iterations           | 545          |
|    time_elapsed         | 16353        |
|    total_timesteps      | 21207040     |
| train/                  |              |
|    approx_kl            | 0.0064340844 |
|    clip_fraction        | 0.0767       |
|    clip_range           | 0.2          |
|    entropy_loss         | 3.35         |
|    explained_variance   | 0.97         |
|    learning_rate        | 8.83e-05     |
|    loss                 | 5.84         |
|    n_updates            | 5440         |
|    policy_gradient_loss | -0.00116     |
|    std                  | 0.0458       |
|    value_loss           | 13           |
------------------------------------------
-----------------------------------------
| rollout/                |             |
|    ep_len_mean          | 1.99e+03    |
|    ep_rew_mean          | 2.77e+03    |
| time/                   |             |
|    fps                  | 1297        |
|    iterations           | 546         |
|    time_elapsed         | 16378       |
|    total_timesteps      | 21245952    |
| train/                  |             |
|    approx_kl            | 0.006852415 |
|    clip_fraction        | 0.0804      |
|    clip_range           | 0.2         |
|    entropy_loss         | 3.35        |
|    explained_variance   | 0.968       |
|    learning_rate        | 8.79e-05    |
|    loss                 | 12.2        |
|    n_updates            | 5450        |
|    policy_gradient_loss | -0.00131    |
|    std                  | 0.046       |
|    value_loss           | 19.9        |
-----------------------------------------
Eval num_timesteps=21280000, episode_reward=3010.75 +/- 329.15
Episode length: 2000.00 +/- 0.00
-----------------------------------------
| eval/                   |             |
|    mean_ep_length       | 2e+03       |
|    mean_reward          | 3.01e+03    |
| time/                   |             |
|    total_timesteps      | 21280000    |
| train/                  |             |
|    approx_kl            | 0.006734173 |
|    clip_fraction        | 0.0728      |
|    clip_range           | 0.2         |
|    entropy_loss         | 3.34        |
|    explained_variance   | 0.968       |
|    learning_rate        | 8.75e-05    |
|    loss                 | 6.86        |
|    n_updates            | 5460        |
|    policy_gradient_loss | -0.000585   |
|    std                  | 0.0462      |
|    value_loss           | 14.7        |
-----------------------------------------
---------------------------------
| rollout/           |          |
|    ep_len_mean     | 1.99e+03 |
|    ep_rew_mean     | 2.79e+03 |
| time/              |          |
|    fps             | 1292     |
|    iterations      | 547      |
|    time_elapsed    | 16461    |
|    total_timesteps | 21284864 |
---------------------------------
-----------------------------------------
| rollout/                |             |
|    ep_len_mean          | 1.99e+03    |
|    ep_rew_mean          | 2.79e+03    |
| time/                   |             |
|    fps                  | 1293        |
|    iterations           | 548         |
|    time_elapsed         | 16488       |
|    total_timesteps      | 21323776    |
| train/                  |             |
|    approx_kl            | 0.005576406 |
|    clip_fraction        | 0.0633      |
|    clip_range           | 0.2         |
|    entropy_loss         | 3.33        |
|    explained_variance   | 0.966       |
|    learning_rate        | 8.72e-05    |
|    loss                 | 9.01        |
|    n_updates            | 5470        |
|    policy_gradient_loss | -0.000754   |
|    std                  | 0.0464      |
|    value_loss           | 18.7        |
-----------------------------------------
-----------------------------------------
| rollout/                |             |
|    ep_len_mean          | 1.98e+03    |
|    ep_rew_mean          | 2.77e+03    |
| time/                   |             |
|    fps                  | 1293        |
|    iterations           | 549         |
|    time_elapsed         | 16512       |
|    total_timesteps      | 21362688    |
| train/                  |             |
|    approx_kl            | 0.007142944 |
|    clip_fraction        | 0.078       |
|    clip_range           | 0.2         |
|    entropy_loss         | 3.32        |
|    explained_variance   | 0.965       |
|    learning_rate        | 8.68e-05    |
|    loss                 | 10.6        |
|    n_updates            | 5480        |
|    policy_gradient_loss | -0.000881   |
|    std                  | 0.0467      |
|    value_loss           | 21.1        |
-----------------------------------------
-----------------------------------------
| rollout/                |             |
|    ep_len_mean          | 1.98e+03    |
|    ep_rew_mean          | 2.78e+03    |
| time/                   |             |
|    fps                  | 1294        |
|    iterations           | 550         |
|    time_elapsed         | 16535       |
|    total_timesteps      | 21401600    |
| train/                  |             |
|    approx_kl            | 0.006159904 |
|    clip_fraction        | 0.0792      |
|    clip_range           | 0.2         |
|    entropy_loss         | 3.32        |
|    explained_variance   | 0.948       |
|    learning_rate        | 8.64e-05    |
|    loss                 | 6.21        |
|    n_updates            | 5490        |
|    policy_gradient_loss | 9.03e-05    |
|    std                  | 0.0466      |
|    value_loss           | 16.5        |
-----------------------------------------
------------------------------------------
| rollout/                |              |
|    ep_len_mean          | 1.99e+03     |
|    ep_rew_mean          | 2.79e+03     |
| time/                   |              |
|    fps                  | 1294         |
|    iterations           | 551          |
|    time_elapsed         | 16559        |
|    total_timesteps      | 21440512     |
| train/                  |              |
|    approx_kl            | 0.0064654895 |
|    clip_fraction        | 0.0603       |
|    clip_range           | 0.2          |
|    entropy_loss         | 3.32         |
|    explained_variance   | 0.975        |
|    learning_rate        | 8.6e-05      |
|    loss                 | 8.43         |
|    n_updates            | 5500         |
|    policy_gradient_loss | -0.000436    |
|    std                  | 0.0466       |
|    value_loss           | 13.1         |
------------------------------------------
Eval num_timesteps=21470000, episode_reward=3025.25 +/- 327.96
Episode length: 2000.00 +/- 0.00
-----------------------------------------
| eval/                   |             |
|    mean_ep_length       | 2e+03       |
|    mean_reward          | 3.03e+03    |
| time/                   |             |
|    total_timesteps      | 21470000    |
| train/                  |             |
|    approx_kl            | 0.008125804 |
|    clip_fraction        | 0.0743      |
|    clip_range           | 0.2         |
|    entropy_loss         | 3.32        |
|    explained_variance   | 0.956       |
|    learning_rate        | 8.56e-05    |
|    loss                 | 5.1         |
|    n_updates            | 5510        |
|    policy_gradient_loss | -0.000948   |
|    std                  | 0.0463      |
|    value_loss           | 19.3        |
-----------------------------------------
New best mean reward!
---------------------------------
| rollout/           |          |
|    ep_len_mean     | 1.99e+03 |
|    ep_rew_mean     | 2.77e+03 |
| time/              |          |
|    fps             | 1290     |
|    iterations      | 552      |
|    time_elapsed    | 16641    |
|    total_timesteps | 21479424 |
---------------------------------
-----------------------------------------
| rollout/                |             |
|    ep_len_mean          | 1.97e+03    |
|    ep_rew_mean          | 2.74e+03    |
| time/                   |             |
|    fps                  | 1291        |
|    iterations           | 553         |
|    time_elapsed         | 16665       |
|    total_timesteps      | 21518336    |
| train/                  |             |
|    approx_kl            | 0.007191187 |
|    clip_fraction        | 0.0773      |
|    clip_range           | 0.2         |
|    entropy_loss         | 3.33        |
|    explained_variance   | 0.961       |
|    learning_rate        | 8.52e-05    |
|    loss                 | 4.83        |
|    n_updates            | 5520        |
|    policy_gradient_loss | -0.000727   |
|    std                  | 0.0462      |
|    value_loss           | 16          |
-----------------------------------------
-----------------------------------------
| rollout/                |             |
|    ep_len_mean          | 1.97e+03    |
|    ep_rew_mean          | 2.75e+03    |
| time/                   |             |
|    fps                  | 1291        |
|    iterations           | 554         |
|    time_elapsed         | 16690       |
|    total_timesteps      | 21557248    |
| train/                  |             |
|    approx_kl            | 0.006677121 |
|    clip_fraction        | 0.0666      |
|    clip_range           | 0.2         |
|    entropy_loss         | 3.33        |
|    explained_variance   | 0.978       |
|    learning_rate        | 8.48e-05    |
|    loss                 | 7.67        |
|    n_updates            | 5530        |
|    policy_gradient_loss | -0.000968   |
|    std                  | 0.0463      |
|    value_loss           | 14          |
-----------------------------------------
------------------------------------------
| rollout/                |              |
|    ep_len_mean          | 1.97e+03     |
|    ep_rew_mean          | 2.74e+03     |
| time/                   |              |
|    fps                  | 1292         |
|    iterations           | 555          |
|    time_elapsed         | 16714        |
|    total_timesteps      | 21596160     |
| train/                  |              |
|    approx_kl            | 0.0058705634 |
|    clip_fraction        | 0.0794       |
|    clip_range           | 0.2          |
|    entropy_loss         | 3.33         |
|    explained_variance   | 0.946        |
|    learning_rate        | 8.44e-05     |
|    loss                 | 12.4         |
|    n_updates            | 5540         |
|    policy_gradient_loss | -0.000189    |
|    std                  | 0.0463       |
|    value_loss           | 21.2         |
------------------------------------------
-----------------------------------------
| rollout/                |             |
|    ep_len_mean          | 1.97e+03    |
|    ep_rew_mean          | 2.76e+03    |
| time/                   |             |
|    fps                  | 1292        |
|    iterations           | 556         |
|    time_elapsed         | 16739       |
|    total_timesteps      | 21635072    |
| train/                  |             |
|    approx_kl            | 0.007840209 |
|    clip_fraction        | 0.0705      |
|    clip_range           | 0.2         |
|    entropy_loss         | 3.33        |
|    explained_variance   | 0.964       |
|    learning_rate        | 8.4e-05     |
|    loss                 | 8.43        |
|    n_updates            | 5550        |
|    policy_gradient_loss | -0.000465   |
|    std                  | 0.0464      |
|    value_loss           | 17.6        |
-----------------------------------------
Eval num_timesteps=21660000, episode_reward=2969.65 +/- 359.38
Episode length: 1996.50 +/- 15.26
-----------------------------------------
| eval/                   |             |
|    mean_ep_length       | 2e+03       |
|    mean_reward          | 2.97e+03    |
| time/                   |             |
|    total_timesteps      | 21660000    |
| train/                  |             |
|    approx_kl            | 0.006943801 |
|    clip_fraction        | 0.0716      |
|    clip_range           | 0.2         |
|    entropy_loss         | 3.33        |
|    explained_variance   | 0.949       |
|    learning_rate        | 8.36e-05    |
|    loss                 | 10.2        |
|    n_updates            | 5560        |
|    policy_gradient_loss | -0.00126    |
|    std                  | 0.0462      |
|    value_loss           | 23.9        |
-----------------------------------------
---------------------------------
| rollout/           |          |
|    ep_len_mean     | 1.97e+03 |
|    ep_rew_mean     | 2.77e+03 |
| time/              |          |
|    fps             | 1288     |
|    iterations      | 557      |
|    time_elapsed    | 16821    |
|    total_timesteps | 21673984 |
---------------------------------
------------------------------------------
| rollout/                |              |
|    ep_len_mean          | 1.99e+03     |
|    ep_rew_mean          | 2.81e+03     |
| time/                   |              |
|    fps                  | 1288         |
|    iterations           | 558          |
|    time_elapsed         | 16845        |
|    total_timesteps      | 21712896     |
| train/                  |              |
|    approx_kl            | 0.0071895407 |
|    clip_fraction        | 0.0756       |
|    clip_range           | 0.2          |
|    entropy_loss         | 3.33         |
|    explained_variance   | 0.969        |
|    learning_rate        | 8.33e-05     |
|    loss                 | 8.46         |
|    n_updates            | 5570         |
|    policy_gradient_loss | -0.000511    |
|    std                  | 0.0464       |
|    value_loss           | 17.1         |
------------------------------------------
------------------------------------------
| rollout/                |              |
|    ep_len_mean          | 2e+03        |
|    ep_rew_mean          | 2.81e+03     |
| time/                   |              |
|    fps                  | 1289         |
|    iterations           | 559          |
|    time_elapsed         | 16869        |
|    total_timesteps      | 21751808     |
| train/                  |              |
|    approx_kl            | 0.0069261976 |
|    clip_fraction        | 0.0737       |
|    clip_range           | 0.2          |
|    entropy_loss         | 3.33         |
|    explained_variance   | 0.961        |
|    learning_rate        | 8.29e-05     |
|    loss                 | 3.9          |
|    n_updates            | 5580         |
|    policy_gradient_loss | -0.00115     |
|    std                  | 0.0462       |
|    value_loss           | 15.9         |
------------------------------------------
------------------------------------------
| rollout/                |              |
|    ep_len_mean          | 2e+03        |
|    ep_rew_mean          | 2.8e+03      |
| time/                   |              |
|    fps                  | 1289         |
|    iterations           | 560          |
|    time_elapsed         | 16892        |
|    total_timesteps      | 21790720     |
| train/                  |              |
|    approx_kl            | 0.0066543333 |
|    clip_fraction        | 0.0797       |
|    clip_range           | 0.2          |
|    entropy_loss         | 3.33         |
|    explained_variance   | 0.96         |
|    learning_rate        | 8.25e-05     |
|    loss                 | 16.5         |
|    n_updates            | 5590         |
|    policy_gradient_loss | -0.000938    |
|    std                  | 0.0461       |
|    value_loss           | 17.6         |
------------------------------------------
-----------------------------------------
| rollout/                |             |
|    ep_len_mean          | 2e+03       |
|    ep_rew_mean          | 2.8e+03     |
| time/                   |             |
|    fps                  | 1290        |
|    iterations           | 561         |
|    time_elapsed         | 16916       |
|    total_timesteps      | 21829632    |
| train/                  |             |
|    approx_kl            | 0.008160657 |
|    clip_fraction        | 0.0937      |
|    clip_range           | 0.2         |
|    entropy_loss         | 3.33        |
|    explained_variance   | 0.943       |
|    learning_rate        | 8.21e-05    |
|    loss                 | 7.32        |
|    n_updates            | 5600        |
|    policy_gradient_loss | 0.000519    |
|    std                  | 0.0464      |
|    value_loss           | 16          |
-----------------------------------------
Eval num_timesteps=21850000, episode_reward=2895.40 +/- 394.72
Episode length: 1984.85 +/- 66.04
------------------------------------------
| eval/                   |              |
|    mean_ep_length       | 1.98e+03     |
|    mean_reward          | 2.9e+03      |
| time/                   |              |
|    total_timesteps      | 21850000     |
| train/                  |              |
|    approx_kl            | 0.0079380395 |
|    clip_fraction        | 0.0827       |
|    clip_range           | 0.2          |
|    entropy_loss         | 3.32         |
|    explained_variance   | 0.958        |
|    learning_rate        | 8.17e-05     |
|    loss                 | 4.53         |
|    n_updates            | 5610         |
|    policy_gradient_loss | -0.000687    |
|    std                  | 0.0466       |
|    value_loss           | 14.5         |
------------------------------------------
---------------------------------
| rollout/           |          |
|    ep_len_mean     | 1.98e+03 |
|    ep_rew_mean     | 2.78e+03 |
| time/              |          |
|    fps             | 1286     |
|    iterations      | 562      |
|    time_elapsed    | 16998    |
|    total_timesteps | 21868544 |
---------------------------------
-----------------------------------------
| rollout/                |             |
|    ep_len_mean          | 1.98e+03    |
|    ep_rew_mean          | 2.79e+03    |
| time/                   |             |
|    fps                  | 1286        |
|    iterations           | 563         |
|    time_elapsed         | 17022       |
|    total_timesteps      | 21907456    |
| train/                  |             |
|    approx_kl            | 0.005854965 |
|    clip_fraction        | 0.0785      |
|    clip_range           | 0.2         |
|    entropy_loss         | 3.32        |
|    explained_variance   | 0.951       |
|    learning_rate        | 8.13e-05    |
|    loss                 | 3.33        |
|    n_updates            | 5620        |
|    policy_gradient_loss | -0.000431   |
|    std                  | 0.0464      |
|    value_loss           | 15.8        |
-----------------------------------------
---------------------------------------
| rollout/                |           |
|    ep_len_mean          | 1.98e+03  |
|    ep_rew_mean          | 2.81e+03  |
| time/                   |           |
|    fps                  | 1287      |
|    iterations           | 564       |
|    time_elapsed         | 17046     |
|    total_timesteps      | 21946368  |
| train/                  |           |
|    approx_kl            | 0.0079313 |
|    clip_fraction        | 0.0891    |
|    clip_range           | 0.2       |
|    entropy_loss         | 3.32      |
|    explained_variance   | 0.931     |
|    learning_rate        | 8.09e-05  |
|    loss                 | 13.5      |
|    n_updates            | 5630      |
|    policy_gradient_loss | -0.000327 |
|    std                  | 0.0468    |
|    value_loss           | 17.8      |
---------------------------------------
-----------------------------------------
| rollout/                |             |
|    ep_len_mean          | 1.98e+03    |
|    ep_rew_mean          | 2.81e+03    |
| time/                   |             |
|    fps                  | 1287        |
|    iterations           | 565         |
|    time_elapsed         | 17070       |
|    total_timesteps      | 21985280    |
| train/                  |             |
|    approx_kl            | 0.006020393 |
|    clip_fraction        | 0.082       |
|    clip_range           | 0.2         |
|    entropy_loss         | 3.31        |
|    explained_variance   | 0.933       |
|    learning_rate        | 8.05e-05    |
|    loss                 | 8.51        |
|    n_updates            | 5640        |
|    policy_gradient_loss | -0.00105    |
|    std                  | 0.047       |
|    value_loss           | 18.6        |
-----------------------------------------
------------------------------------------
| rollout/                |              |
|    ep_len_mean          | 1.98e+03     |
|    ep_rew_mean          | 2.81e+03     |
| time/                   |              |
|    fps                  | 1288         |
|    iterations           | 566          |
|    time_elapsed         | 17096        |
|    total_timesteps      | 22024192     |
| train/                  |              |
|    approx_kl            | 0.0055578155 |
|    clip_fraction        | 0.0688       |
|    clip_range           | 0.2          |
|    entropy_loss         | 3.3          |
|    explained_variance   | 0.957        |
|    learning_rate        | 8.01e-05     |
|    loss                 | 11.6         |
|    n_updates            | 5650         |
|    policy_gradient_loss | -0.000632    |
|    std                  | 0.0472       |
|    value_loss           | 14.5         |
------------------------------------------
Eval num_timesteps=22040000, episode_reward=2931.89 +/- 336.70
Episode length: 2000.00 +/- 0.00
------------------------------------------
| eval/                   |              |
|    mean_ep_length       | 2e+03        |
|    mean_reward          | 2.93e+03     |
| time/                   |              |
|    total_timesteps      | 22040000     |
| train/                  |              |
|    approx_kl            | 0.0065418626 |
|    clip_fraction        | 0.0629       |
|    clip_range           | 0.2          |
|    entropy_loss         | 3.29         |
|    explained_variance   | 0.954        |
|    learning_rate        | 7.98e-05     |
|    loss                 | 9.09         |
|    n_updates            | 5660         |
|    policy_gradient_loss | -0.00115     |
|    std                  | 0.0472       |
|    value_loss           | 16.7         |
------------------------------------------
---------------------------------
| rollout/           |          |
|    ep_len_mean     | 2e+03    |
|    ep_rew_mean     | 2.83e+03 |
| time/              |          |
|    fps             | 1284     |
|    iterations      | 567      |
|    time_elapsed    | 17178    |
|    total_timesteps | 22063104 |
---------------------------------
------------------------------------------
| rollout/                |              |
|    ep_len_mean          | 1.99e+03     |
|    ep_rew_mean          | 2.8e+03      |
| time/                   |              |
|    fps                  | 1284         |
|    iterations           | 568          |
|    time_elapsed         | 17202        |
|    total_timesteps      | 22102016     |
| train/                  |              |
|    approx_kl            | 0.0070128567 |
|    clip_fraction        | 0.0753       |
|    clip_range           | 0.2          |
|    entropy_loss         | 3.29         |
|    explained_variance   | 0.967        |
|    learning_rate        | 7.94e-05     |
|    loss                 | 3.63         |
|    n_updates            | 5670         |
|    policy_gradient_loss | -0.000341    |
|    std                  | 0.0472       |
|    value_loss           | 12.6         |
------------------------------------------
------------------------------------------
| rollout/                |              |
|    ep_len_mean          | 1.99e+03     |
|    ep_rew_mean          | 2.79e+03     |
| time/                   |              |
|    fps                  | 1285         |
|    iterations           | 569          |
|    time_elapsed         | 17226        |
|    total_timesteps      | 22140928     |
| train/                  |              |
|    approx_kl            | 0.0061719026 |
|    clip_fraction        | 0.0619       |
|    clip_range           | 0.2          |
|    entropy_loss         | 3.29         |
|    explained_variance   | 0.941        |
|    learning_rate        | 7.9e-05      |
|    loss                 | 9.94         |
|    n_updates            | 5680         |
|    policy_gradient_loss | -0.000818    |
|    std                  | 0.0473       |
|    value_loss           | 18.6         |
------------------------------------------
------------------------------------------
| rollout/                |              |
|    ep_len_mean          | 1.97e+03     |
|    ep_rew_mean          | 2.76e+03     |
| time/                   |              |
|    fps                  | 1285         |
|    iterations           | 570          |
|    time_elapsed         | 17250        |
|    total_timesteps      | 22179840     |
| train/                  |              |
|    approx_kl            | 0.0071498053 |
|    clip_fraction        | 0.0872       |
|    clip_range           | 0.2          |
|    entropy_loss         | 3.28         |
|    explained_variance   | 0.93         |
|    learning_rate        | 7.86e-05     |
|    loss                 | 7.51         |
|    n_updates            | 5690         |
|    policy_gradient_loss | -0.00144     |
|    std                  | 0.0475       |
|    value_loss           | 23.6         |
------------------------------------------
------------------------------------------
| rollout/                |              |
|    ep_len_mean          | 1.97e+03     |
|    ep_rew_mean          | 2.77e+03     |
| time/                   |              |
|    fps                  | 1286         |
|    iterations           | 571          |
|    time_elapsed         | 17275        |
|    total_timesteps      | 22218752     |
| train/                  |              |
|    approx_kl            | 0.0063423347 |
|    clip_fraction        | 0.0684       |
|    clip_range           | 0.2          |
|    entropy_loss         | 3.28         |
|    explained_variance   | 0.938        |
|    learning_rate        | 7.82e-05     |
|    loss                 | 6.41         |
|    n_updates            | 5700         |
|    policy_gradient_loss | -0.000701    |
|    std                  | 0.0474       |
|    value_loss           | 22.8         |
------------------------------------------
Eval num_timesteps=22230000, episode_reward=2962.21 +/- 305.51
Episode length: 2000.00 +/- 0.00
-----------------------------------------
| eval/                   |             |
|    mean_ep_length       | 2e+03       |
|    mean_reward          | 2.96e+03    |
| time/                   |             |
|    total_timesteps      | 22230000    |
| train/                  |             |
|    approx_kl            | 0.007914889 |
|    clip_fraction        | 0.0811      |
|    clip_range           | 0.2         |
|    entropy_loss         | 3.28        |
|    explained_variance   | 0.931       |
|    learning_rate        | 7.78e-05    |
|    loss                 | 16.9        |
|    n_updates            | 5710        |
|    policy_gradient_loss | -0.00198    |
|    std                  | 0.0475      |
|    value_loss           | 18.5        |
-----------------------------------------
---------------------------------
| rollout/           |          |
|    ep_len_mean     | 1.97e+03 |
|    ep_rew_mean     | 2.76e+03 |
| time/              |          |
|    fps             | 1282     |
|    iterations      | 572      |
|    time_elapsed    | 17356    |
|    total_timesteps | 22257664 |
---------------------------------
------------------------------------------
| rollout/                |              |
|    ep_len_mean          | 1.97e+03     |
|    ep_rew_mean          | 2.78e+03     |
| time/                   |              |
|    fps                  | 1282         |
|    iterations           | 573          |
|    time_elapsed         | 17381        |
|    total_timesteps      | 22296576     |
| train/                  |              |
|    approx_kl            | 0.0062286463 |
|    clip_fraction        | 0.0657       |
|    clip_range           | 0.2          |
|    entropy_loss         | 3.27         |
|    explained_variance   | 0.942        |
|    learning_rate        | 7.74e-05     |
|    loss                 | 8.25         |
|    n_updates            | 5720         |
|    policy_gradient_loss | -0.000993    |
|    std                  | 0.0477       |
|    value_loss           | 19.6         |
------------------------------------------
------------------------------------------
| rollout/                |              |
|    ep_len_mean          | 1.98e+03     |
|    ep_rew_mean          | 2.8e+03      |
| time/                   |              |
|    fps                  | 1283         |
|    iterations           | 574          |
|    time_elapsed         | 17405        |
|    total_timesteps      | 22335488     |
| train/                  |              |
|    approx_kl            | 0.0064531253 |
|    clip_fraction        | 0.084        |
|    clip_range           | 0.2          |
|    entropy_loss         | 3.27         |
|    explained_variance   | 0.938        |
|    learning_rate        | 7.7e-05      |
|    loss                 | 2.84         |
|    n_updates            | 5730         |
|    policy_gradient_loss | -0.000892    |
|    std                  | 0.0477       |
|    value_loss           | 15.1         |
------------------------------------------
-----------------------------------------
| rollout/                |             |
|    ep_len_mean          | 2e+03       |
|    ep_rew_mean          | 2.83e+03    |
| time/                   |             |
|    fps                  | 1283        |
|    iterations           | 575         |
|    time_elapsed         | 17429       |
|    total_timesteps      | 22374400    |
| train/                  |             |
|    approx_kl            | 0.005529924 |
|    clip_fraction        | 0.0549      |
|    clip_range           | 0.2         |
|    entropy_loss         | 3.27        |
|    explained_variance   | 0.948       |
|    learning_rate        | 7.66e-05    |
|    loss                 | 12          |
|    n_updates            | 5740        |
|    policy_gradient_loss | -0.0017     |
|    std                  | 0.0478      |
|    value_loss           | 20.1        |
-----------------------------------------
------------------------------------------
| rollout/                |              |
|    ep_len_mean          | 2e+03        |
|    ep_rew_mean          | 2.82e+03     |
| time/                   |              |
|    fps                  | 1284         |
|    iterations           | 576          |
|    time_elapsed         | 17453        |
|    total_timesteps      | 22413312     |
| train/                  |              |
|    approx_kl            | 0.0067830267 |
|    clip_fraction        | 0.071        |
|    clip_range           | 0.2          |
|    entropy_loss         | 3.26         |
|    explained_variance   | 0.925        |
|    learning_rate        | 7.63e-05     |
|    loss                 | 11.4         |
|    n_updates            | 5750         |
|    policy_gradient_loss | -0.00156     |
|    std                  | 0.0478       |
|    value_loss           | 21.8         |
------------------------------------------
Eval num_timesteps=22420000, episode_reward=2985.38 +/- 299.23
Episode length: 1988.45 +/- 50.35
-----------------------------------------
| eval/                   |             |
|    mean_ep_length       | 1.99e+03    |
|    mean_reward          | 2.99e+03    |
| time/                   |             |
|    total_timesteps      | 22420000    |
| train/                  |             |
|    approx_kl            | 0.006566446 |
|    clip_fraction        | 0.0624      |
|    clip_range           | 0.2         |
|    entropy_loss         | 3.26        |
|    explained_variance   | 0.961       |
|    learning_rate        | 7.59e-05    |
|    loss                 | 9.42        |
|    n_updates            | 5760        |
|    policy_gradient_loss | -0.000941   |
|    std                  | 0.048       |
|    value_loss           | 19          |
-----------------------------------------
---------------------------------
| rollout/           |          |
|    ep_len_mean     | 2e+03    |
|    ep_rew_mean     | 2.82e+03 |
| time/              |          |
|    fps             | 1280     |
|    iterations      | 577      |
|    time_elapsed    | 17534    |
|    total_timesteps | 22452224 |
---------------------------------
------------------------------------------
| rollout/                |              |
|    ep_len_mean          | 2e+03        |
|    ep_rew_mean          | 2.81e+03     |
| time/                   |              |
|    fps                  | 1280         |
|    iterations           | 578          |
|    time_elapsed         | 17558        |
|    total_timesteps      | 22491136     |
| train/                  |              |
|    approx_kl            | 0.0067509427 |
|    clip_fraction        | 0.0697       |
|    clip_range           | 0.2          |
|    entropy_loss         | 3.26         |
|    explained_variance   | 0.94         |
|    learning_rate        | 7.55e-05     |
|    loss                 | 6.65         |
|    n_updates            | 5770         |
|    policy_gradient_loss | -0.00139     |
|    std                  | 0.048        |
|    value_loss           | 22.8         |
------------------------------------------
------------------------------------------
| rollout/                |              |
|    ep_len_mean          | 2e+03        |
|    ep_rew_mean          | 2.84e+03     |
| time/                   |              |
|    fps                  | 1281         |
|    iterations           | 579          |
|    time_elapsed         | 17582        |
|    total_timesteps      | 22530048     |
| train/                  |              |
|    approx_kl            | 0.0050689937 |
|    clip_fraction        | 0.0628       |
|    clip_range           | 0.2          |
|    entropy_loss         | 3.25         |
|    explained_variance   | 0.949        |
|    learning_rate        | 7.51e-05     |
|    loss                 | 4.66         |
|    n_updates            | 5780         |
|    policy_gradient_loss | -0.000197    |
|    std                  | 0.0482       |
|    value_loss           | 16.5         |
------------------------------------------
------------------------------------------
| rollout/                |              |
|    ep_len_mean          | 2e+03        |
|    ep_rew_mean          | 2.84e+03     |
| time/                   |              |
|    fps                  | 1281         |
|    iterations           | 580          |
|    time_elapsed         | 17607        |
|    total_timesteps      | 22568960     |
| train/                  |              |
|    approx_kl            | 0.0069089807 |
|    clip_fraction        | 0.0753       |
|    clip_range           | 0.2          |
|    entropy_loss         | 3.25         |
|    explained_variance   | 0.947        |
|    learning_rate        | 7.47e-05     |
|    loss                 | 9.11         |
|    n_updates            | 5790         |
|    policy_gradient_loss | -0.001       |
|    std                  | 0.0482       |
|    value_loss           | 17.6         |
------------------------------------------
-----------------------------------------
| rollout/                |             |
|    ep_len_mean          | 2e+03       |
|    ep_rew_mean          | 2.85e+03    |
| time/                   |             |
|    fps                  | 1282        |
|    iterations           | 581         |
|    time_elapsed         | 17631       |
|    total_timesteps      | 22607872    |
| train/                  |             |
|    approx_kl            | 0.006726726 |
|    clip_fraction        | 0.0699      |
|    clip_range           | 0.2         |
|    entropy_loss         | 3.24        |
|    explained_variance   | 0.954       |
|    learning_rate        | 7.43e-05    |
|    loss                 | 7.12        |
|    n_updates            | 5800        |
|    policy_gradient_loss | -0.000744   |
|    std                  | 0.0483      |
|    value_loss           | 14.7        |
-----------------------------------------
Eval num_timesteps=22610000, episode_reward=3020.84 +/- 298.90
Episode length: 1983.15 +/- 73.45
------------------------------------------
| eval/                   |              |
|    mean_ep_length       | 1.98e+03     |
|    mean_reward          | 3.02e+03     |
| time/                   |              |
|    total_timesteps      | 22610000     |
| train/                  |              |
|    approx_kl            | 0.0067498605 |
|    clip_fraction        | 0.0719       |
|    clip_range           | 0.2          |
|    entropy_loss         | 3.24         |
|    explained_variance   | 0.948        |
|    learning_rate        | 7.39e-05     |
|    loss                 | 9.59         |
|    n_updates            | 5810         |
|    policy_gradient_loss | -0.00088     |
|    std                  | 0.0485       |
|    value_loss           | 17.7         |
------------------------------------------
---------------------------------
| rollout/           |          |
|    ep_len_mean     | 2e+03    |
|    ep_rew_mean     | 2.87e+03 |
| time/              |          |
|    fps             | 1278     |
|    iterations      | 582      |
|    time_elapsed    | 17715    |
|    total_timesteps | 22646784 |
---------------------------------
------------------------------------------
| rollout/                |              |
|    ep_len_mean          | 1.98e+03     |
|    ep_rew_mean          | 2.84e+03     |
| time/                   |              |
|    fps                  | 1278         |
|    iterations           | 583          |
|    time_elapsed         | 17739        |
|    total_timesteps      | 22685696     |
| train/                  |              |
|    approx_kl            | 0.0064257844 |
|    clip_fraction        | 0.0541       |
|    clip_range           | 0.2          |
|    entropy_loss         | 3.23         |
|    explained_variance   | 0.936        |
|    learning_rate        | 7.35e-05     |
|    loss                 | 8.1          |
|    n_updates            | 5820         |
|    policy_gradient_loss | -0.000988    |
|    std                  | 0.0486       |
|    value_loss           | 23.1         |
------------------------------------------
------------------------------------------
| rollout/                |              |
|    ep_len_mean          | 1.98e+03     |
|    ep_rew_mean          | 2.82e+03     |
| time/                   |              |
|    fps                  | 1279         |
|    iterations           | 584          |
|    time_elapsed         | 17763        |
|    total_timesteps      | 22724608     |
| train/                  |              |
|    approx_kl            | 0.0076782303 |
|    clip_fraction        | 0.0764       |
|    clip_range           | 0.2          |
|    entropy_loss         | 3.23         |
|    explained_variance   | 0.952        |
|    learning_rate        | 7.31e-05     |
|    loss                 | 5.56         |
|    n_updates            | 5830         |
|    policy_gradient_loss | -0.000609    |
|    std                  | 0.0485       |
|    value_loss           | 15.7         |
------------------------------------------
------------------------------------------
| rollout/                |              |
|    ep_len_mean          | 1.98e+03     |
|    ep_rew_mean          | 2.82e+03     |
| time/                   |              |
|    fps                  | 1279         |
|    iterations           | 585          |
|    time_elapsed         | 17786        |
|    total_timesteps      | 22763520     |
| train/                  |              |
|    approx_kl            | 0.0052496754 |
|    clip_fraction        | 0.0584       |
|    clip_range           | 0.2          |
|    entropy_loss         | 3.23         |
|    explained_variance   | 0.949        |
|    learning_rate        | 7.28e-05     |
|    loss                 | 5.52         |
|    n_updates            | 5840         |
|    policy_gradient_loss | -0.000951    |
|    std                  | 0.0486       |
|    value_loss           | 19.7         |
------------------------------------------
Eval num_timesteps=22800000, episode_reward=3047.73 +/- 270.26
Episode length: 1993.95 +/- 26.37
------------------------------------------
| eval/                   |              |
|    mean_ep_length       | 1.99e+03     |
|    mean_reward          | 3.05e+03     |
| time/                   |              |
|    total_timesteps      | 22800000     |
| train/                  |              |
|    approx_kl            | 0.0061298353 |
|    clip_fraction        | 0.063        |
|    clip_range           | 0.2          |
|    entropy_loss         | 3.23         |
|    explained_variance   | 0.934        |
|    learning_rate        | 7.24e-05     |
|    loss                 | 5.82         |
|    n_updates            | 5850         |
|    policy_gradient_loss | -0.000115    |
|    std                  | 0.0487       |
|    value_loss           | 26.6         |
------------------------------------------
New best mean reward!
---------------------------------
| rollout/           |          |
|    ep_len_mean     | 1.98e+03 |
|    ep_rew_mean     | 2.83e+03 |
| time/              |          |
|    fps             | 1276     |
|    iterations      | 586      |
|    time_elapsed    | 17870    |
|    total_timesteps | 22802432 |
---------------------------------
------------------------------------------
| rollout/                |              |
|    ep_len_mean          | 1.98e+03     |
|    ep_rew_mean          | 2.81e+03     |
| time/                   |              |
|    fps                  | 1276         |
|    iterations           | 587          |
|    time_elapsed         | 17893        |
|    total_timesteps      | 22841344     |
| train/                  |              |
|    approx_kl            | 0.0068979696 |
|    clip_fraction        | 0.0551       |
|    clip_range           | 0.2          |
|    entropy_loss         | 3.23         |
|    explained_variance   | 0.948        |
|    learning_rate        | 7.2e-05      |
|    loss                 | 12.4         |
|    n_updates            | 5860         |
|    policy_gradient_loss | -0.000848    |
|    std                  | 0.0487       |
|    value_loss           | 23           |
------------------------------------------
------------------------------------------
| rollout/                |              |
|    ep_len_mean          | 2e+03        |
|    ep_rew_mean          | 2.85e+03     |
| time/                   |              |
|    fps                  | 1276         |
|    iterations           | 588          |
|    time_elapsed         | 17917        |
|    total_timesteps      | 22880256     |
| train/                  |              |
|    approx_kl            | 0.0059861722 |
|    clip_fraction        | 0.0747       |
|    clip_range           | 0.2          |
|    entropy_loss         | 3.22         |
|    explained_variance   | 0.97         |
|    learning_rate        | 7.16e-05     |
|    loss                 | 10           |
|    n_updates            | 5870         |
|    policy_gradient_loss | -0.000975    |
|    std                  | 0.0491       |
|    value_loss           | 16.1         |
------------------------------------------
------------------------------------------
| rollout/                |              |
|    ep_len_mean          | 2e+03        |
|    ep_rew_mean          | 2.88e+03     |
| time/                   |              |
|    fps                  | 1277         |
|    iterations           | 589          |
|    time_elapsed         | 17941        |
|    total_timesteps      | 22919168     |
| train/                  |              |
|    approx_kl            | 0.0066041877 |
|    clip_fraction        | 0.0666       |
|    clip_range           | 0.2          |
|    entropy_loss         | 3.21         |
|    explained_variance   | 0.976        |
|    learning_rate        | 7.12e-05     |
|    loss                 | 4.1          |
|    n_updates            | 5880         |
|    policy_gradient_loss | -0.0011      |
|    std                  | 0.0491       |
|    value_loss           | 8.67         |
------------------------------------------
------------------------------------------
| rollout/                |              |
|    ep_len_mean          | 1.97e+03     |
|    ep_rew_mean          | 2.88e+03     |
| time/                   |              |
|    fps                  | 1277         |
|    iterations           | 590          |
|    time_elapsed         | 17964        |
|    total_timesteps      | 22958080     |
| train/                  |              |
|    approx_kl            | 0.0054573743 |
|    clip_fraction        | 0.0677       |
|    clip_range           | 0.2          |
|    entropy_loss         | 3.21         |
|    explained_variance   | 0.948        |
|    learning_rate        | 7.08e-05     |
|    loss                 | 8.57         |
|    n_updates            | 5890         |
|    policy_gradient_loss | -0.00051     |
|    std                  | 0.0491       |
|    value_loss           | 16.3         |
------------------------------------------
Eval num_timesteps=22990000, episode_reward=3015.17 +/- 292.07
Episode length: 2000.00 +/- 0.00
-----------------------------------------
| eval/                   |             |
|    mean_ep_length       | 2e+03       |
|    mean_reward          | 3.02e+03    |
| time/                   |             |
|    total_timesteps      | 22990000    |
| train/                  |             |
|    approx_kl            | 0.006801272 |
|    clip_fraction        | 0.0592      |
|    clip_range           | 0.2         |
|    entropy_loss         | 3.21        |
|    explained_variance   | 0.955       |
|    learning_rate        | 7.04e-05    |
|    loss                 | 6.74        |
|    n_updates            | 5900        |
|    policy_gradient_loss | -0.00155    |
|    std                  | 0.0492      |
|    value_loss           | 18.3        |
-----------------------------------------
---------------------------------
| rollout/           |          |
|    ep_len_mean     | 1.97e+03 |
|    ep_rew_mean     | 2.89e+03 |
| time/              |          |
|    fps             | 1274     |
|    iterations      | 591      |
|    time_elapsed    | 18046    |
|    total_timesteps | 22996992 |
---------------------------------
-----------------------------------------
| rollout/                |             |
|    ep_len_mean          | 1.97e+03    |
|    ep_rew_mean          | 2.89e+03    |
| time/                   |             |
|    fps                  | 1274        |
|    iterations           | 592         |
|    time_elapsed         | 18070       |
|    total_timesteps      | 23035904    |
| train/                  |             |
|    approx_kl            | 0.007492009 |
|    clip_fraction        | 0.0723      |
|    clip_range           | 0.2         |
|    entropy_loss         | 3.21        |
|    explained_variance   | 0.971       |
|    learning_rate        | 7e-05       |
|    loss                 | 3.41        |
|    n_updates            | 5910        |
|    policy_gradient_loss | -0.000808   |
|    std                  | 0.0491      |
|    value_loss           | 14          |
-----------------------------------------
------------------------------------------
| rollout/                |              |
|    ep_len_mean          | 1.98e+03     |
|    ep_rew_mean          | 2.91e+03     |
| time/                   |              |
|    fps                  | 1275         |
|    iterations           | 593          |
|    time_elapsed         | 18094        |
|    total_timesteps      | 23074816     |
| train/                  |              |
|    approx_kl            | 0.0054150214 |
|    clip_fraction        | 0.0767       |
|    clip_range           | 0.2          |
|    entropy_loss         | 3.2          |
|    explained_variance   | 0.933        |
|    learning_rate        | 6.96e-05     |
|    loss                 | 10.4         |
|    n_updates            | 5920         |
|    policy_gradient_loss | -0.000602    |
|    std                  | 0.0493       |
|    value_loss           | 16.8         |
------------------------------------------
------------------------------------------
| rollout/                |              |
|    ep_len_mean          | 1.96e+03     |
|    ep_rew_mean          | 2.84e+03     |
| time/                   |              |
|    fps                  | 1275         |
|    iterations           | 594          |
|    time_elapsed         | 18119        |
|    total_timesteps      | 23113728     |
| train/                  |              |
|    approx_kl            | 0.0068916976 |
|    clip_fraction        | 0.0801       |
|    clip_range           | 0.2          |
|    entropy_loss         | 3.2          |
|    explained_variance   | 0.956        |
|    learning_rate        | 6.93e-05     |
|    loss                 | 3.31         |
|    n_updates            | 5930         |
|    policy_gradient_loss | 7.25e-06     |
|    std                  | 0.0493       |
|    value_loss           | 11.5         |
------------------------------------------
-----------------------------------------
| rollout/                |             |
|    ep_len_mean          | 1.98e+03    |
|    ep_rew_mean          | 2.85e+03    |
| time/                   |             |
|    fps                  | 1276        |
|    iterations           | 595         |
|    time_elapsed         | 18142       |
|    total_timesteps      | 23152640    |
| train/                  |             |
|    approx_kl            | 0.005679572 |
|    clip_fraction        | 0.0552      |
|    clip_range           | 0.2         |
|    entropy_loss         | 3.2         |
|    explained_variance   | 0.928       |
|    learning_rate        | 6.89e-05    |
|    loss                 | 7.97        |
|    n_updates            | 5940        |
|    policy_gradient_loss | -0.00155    |
|    std                  | 0.0493      |
|    value_loss           | 24.3        |
-----------------------------------------
Eval num_timesteps=23180000, episode_reward=2979.47 +/- 339.24
Episode length: 2000.00 +/- 0.00
------------------------------------------
| eval/                   |              |
|    mean_ep_length       | 2e+03        |
|    mean_reward          | 2.98e+03     |
| time/                   |              |
|    total_timesteps      | 23180000     |
| train/                  |              |
|    approx_kl            | 0.0056470884 |
|    clip_fraction        | 0.0683       |
|    clip_range           | 0.2          |
|    entropy_loss         | 3.19         |
|    explained_variance   | 0.925        |
|    learning_rate        | 6.85e-05     |
|    loss                 | 14.6         |
|    n_updates            | 5950         |
|    policy_gradient_loss | -0.00146     |
|    std                  | 0.0496       |
|    value_loss           | 20.8         |
------------------------------------------
---------------------------------
| rollout/           |          |
|    ep_len_mean     | 1.96e+03 |
|    ep_rew_mean     | 2.81e+03 |
| time/              |          |
|    fps             | 1272     |
|    iterations      | 596      |
|    time_elapsed    | 18224    |
|    total_timesteps | 23191552 |
---------------------------------
------------------------------------------
| rollout/                |              |
|    ep_len_mean          | 1.96e+03     |
|    ep_rew_mean          | 2.83e+03     |
| time/                   |              |
|    fps                  | 1273         |
|    iterations           | 597          |
|    time_elapsed         | 18248        |
|    total_timesteps      | 23230464     |
| train/                  |              |
|    approx_kl            | 0.0054613594 |
|    clip_fraction        | 0.0701       |
|    clip_range           | 0.2          |
|    entropy_loss         | 3.18         |
|    explained_variance   | 0.964        |
|    learning_rate        | 6.81e-05     |
|    loss                 | 7.56         |
|    n_updates            | 5960         |
|    policy_gradient_loss | -0.000989    |
|    std                  | 0.0497       |
|    value_loss           | 14.2         |
------------------------------------------
------------------------------------------
| rollout/                |              |
|    ep_len_mean          | 1.96e+03     |
|    ep_rew_mean          | 2.81e+03     |
| time/                   |              |
|    fps                  | 1273         |
|    iterations           | 598          |
|    time_elapsed         | 18271        |
|    total_timesteps      | 23269376     |
| train/                  |              |
|    approx_kl            | 0.0062418394 |
|    clip_fraction        | 0.0661       |
|    clip_range           | 0.2          |
|    entropy_loss         | 3.18         |
|    explained_variance   | 0.939        |
|    learning_rate        | 6.77e-05     |
|    loss                 | 7.55         |
|    n_updates            | 5970         |
|    policy_gradient_loss | -0.000666    |
|    std                  | 0.0498       |
|    value_loss           | 20.2         |
------------------------------------------
-----------------------------------------
| rollout/                |             |
|    ep_len_mean          | 1.98e+03    |
|    ep_rew_mean          | 2.85e+03    |
| time/                   |             |
|    fps                  | 1273        |
|    iterations           | 599         |
|    time_elapsed         | 18298       |
|    total_timesteps      | 23308288    |
| train/                  |             |
|    approx_kl            | 0.005603774 |
|    clip_fraction        | 0.0628      |
|    clip_range           | 0.2         |
|    entropy_loss         | 3.17        |
|    explained_variance   | 0.934       |
|    learning_rate        | 6.73e-05    |
|    loss                 | 10.8        |
|    n_updates            | 5980        |
|    policy_gradient_loss | -0.000738   |
|    std                  | 0.0501      |
|    value_loss           | 17.3        |
-----------------------------------------
------------------------------------------
| rollout/                |              |
|    ep_len_mean          | 1.98e+03     |
|    ep_rew_mean          | 2.88e+03     |
| time/                   |              |
|    fps                  | 1274         |
|    iterations           | 600          |
|    time_elapsed         | 18325        |
|    total_timesteps      | 23347200     |
| train/                  |              |
|    approx_kl            | 0.0055536022 |
|    clip_fraction        | 0.0691       |
|    clip_range           | 0.2          |
|    entropy_loss         | 3.17         |
|    explained_variance   | 0.95         |
|    learning_rate        | 6.69e-05     |
|    loss                 | 2.86         |
|    n_updates            | 5990         |
|    policy_gradient_loss | -0.000912    |
|    std                  | 0.0501       |
|    value_loss           | 17.8         |
------------------------------------------
Eval num_timesteps=23370000, episode_reward=3033.84 +/- 319.40
Episode length: 2000.00 +/- 0.00
-----------------------------------------
| eval/                   |             |
|    mean_ep_length       | 2e+03       |
|    mean_reward          | 3.03e+03    |
| time/                   |             |
|    total_timesteps      | 23370000    |
| train/                  |             |
|    approx_kl            | 0.005502453 |
|    clip_fraction        | 0.0563      |
|    clip_range           | 0.2         |
|    entropy_loss         | 3.17        |
|    explained_variance   | 0.948       |
|    learning_rate        | 6.65e-05    |
|    loss                 | 11.1        |
|    n_updates            | 6000        |
|    policy_gradient_loss | -0.000539   |
|    std                  | 0.0499      |
|    value_loss           | 16          |
-----------------------------------------
---------------------------------
| rollout/           |          |
|    ep_len_mean     | 2e+03    |
|    ep_rew_mean     | 2.92e+03 |
| time/              |          |
|    fps             | 1270     |
|    iterations      | 601      |
|    time_elapsed    | 18409    |
|    total_timesteps | 23386112 |
---------------------------------
------------------------------------------
| rollout/                |              |
|    ep_len_mean          | 2e+03        |
|    ep_rew_mean          | 2.89e+03     |
| time/                   |              |
|    fps                  | 1270         |
|    iterations           | 602          |
|    time_elapsed         | 18433        |
|    total_timesteps      | 23425024     |
| train/                  |              |
|    approx_kl            | 0.0073691723 |
|    clip_fraction        | 0.0744       |
|    clip_range           | 0.2          |
|    entropy_loss         | 3.17         |
|    explained_variance   | 0.958        |
|    learning_rate        | 6.61e-05     |
|    loss                 | 4.93         |
|    n_updates            | 6010         |
|    policy_gradient_loss | -9.73e-05    |
|    std                  | 0.0501       |
|    value_loss           | 17.1         |
------------------------------------------
------------------------------------------
| rollout/                |              |
|    ep_len_mean          | 2e+03        |
|    ep_rew_mean          | 2.91e+03     |
| time/                   |              |
|    fps                  | 1271         |
|    iterations           | 603          |
|    time_elapsed         | 18457        |
|    total_timesteps      | 23463936     |
| train/                  |              |
|    approx_kl            | 0.0054860427 |
|    clip_fraction        | 0.0483       |
|    clip_range           | 0.2          |
|    entropy_loss         | 3.17         |
|    explained_variance   | 0.958        |
|    learning_rate        | 6.57e-05     |
|    loss                 | 9.88         |
|    n_updates            | 6020         |
|    policy_gradient_loss | -0.00158     |
|    std                  | 0.0501       |
|    value_loss           | 21.8         |
------------------------------------------
------------------------------------------
| rollout/                |              |
|    ep_len_mean          | 2e+03        |
|    ep_rew_mean          | 2.92e+03     |
| time/                   |              |
|    fps                  | 1271         |
|    iterations           | 604          |
|    time_elapsed         | 18481        |
|    total_timesteps      | 23502848     |
| train/                  |              |
|    approx_kl            | 0.0061856466 |
|    clip_fraction        | 0.0728       |
|    clip_range           | 0.2          |
|    entropy_loss         | 3.17         |
|    explained_variance   | 0.952        |
|    learning_rate        | 6.54e-05     |
|    loss                 | 4.61         |
|    n_updates            | 6030         |
|    policy_gradient_loss | 6.13e-05     |
|    std                  | 0.05         |
|    value_loss           | 12.9         |
------------------------------------------
------------------------------------------
| rollout/                |              |
|    ep_len_mean          | 2e+03        |
|    ep_rew_mean          | 2.92e+03     |
| time/                   |              |
|    fps                  | 1272         |
|    iterations           | 605          |
|    time_elapsed         | 18506        |
|    total_timesteps      | 23541760     |
| train/                  |              |
|    approx_kl            | 0.0065565053 |
|    clip_fraction        | 0.0642       |
|    clip_range           | 0.2          |
|    entropy_loss         | 3.17         |
|    explained_variance   | 0.954        |
|    learning_rate        | 6.5e-05      |
|    loss                 | 5.69         |
|    n_updates            | 6040         |
|    policy_gradient_loss | -0.00128     |
|    std                  | 0.0501       |
|    value_loss           | 15.2         |
------------------------------------------
Eval num_timesteps=23560000, episode_reward=3058.45 +/- 324.79
Episode length: 2000.00 +/- 0.00
------------------------------------------
| eval/                   |              |
|    mean_ep_length       | 2e+03        |
|    mean_reward          | 3.06e+03     |
| time/                   |              |
|    total_timesteps      | 23560000     |
| train/                  |              |
|    approx_kl            | 0.0059761754 |
|    clip_fraction        | 0.0565       |
|    clip_range           | 0.2          |
|    entropy_loss         | 3.16         |
|    explained_variance   | 0.94         |
|    learning_rate        | 6.46e-05     |
|    loss                 | 12.9         |
|    n_updates            | 6050         |
|    policy_gradient_loss | -0.00145     |
|    std                  | 0.0503       |
|    value_loss           | 18.8         |
------------------------------------------
New best mean reward!
---------------------------------
| rollout/           |          |
|    ep_len_mean     | 2e+03    |
|    ep_rew_mean     | 2.92e+03 |
| time/              |          |
|    fps             | 1268     |
|    iterations      | 606      |
|    time_elapsed    | 18588    |
|    total_timesteps | 23580672 |
---------------------------------
------------------------------------------
| rollout/                |              |
|    ep_len_mean          | 1.98e+03     |
|    ep_rew_mean          | 2.91e+03     |
| time/                   |              |
|    fps                  | 1269         |
|    iterations           | 607          |
|    time_elapsed         | 18612        |
|    total_timesteps      | 23619584     |
| train/                  |              |
|    approx_kl            | 0.0062311543 |
|    clip_fraction        | 0.0682       |
|    clip_range           | 0.2          |
|    entropy_loss         | 3.16         |
|    explained_variance   | 0.944        |
|    learning_rate        | 6.42e-05     |
|    loss                 | 5.6          |
|    n_updates            | 6060         |
|    policy_gradient_loss | -0.000632    |
|    std                  | 0.0503       |
|    value_loss           | 15.6         |
------------------------------------------
------------------------------------------
| rollout/                |              |
|    ep_len_mean          | 1.97e+03     |
|    ep_rew_mean          | 2.89e+03     |
| time/                   |              |
|    fps                  | 1269         |
|    iterations           | 608          |
|    time_elapsed         | 18636        |
|    total_timesteps      | 23658496     |
| train/                  |              |
|    approx_kl            | 0.0069429562 |
|    clip_fraction        | 0.0651       |
|    clip_range           | 0.2          |
|    entropy_loss         | 3.15         |
|    explained_variance   | 0.933        |
|    learning_rate        | 6.38e-05     |
|    loss                 | 14.8         |
|    n_updates            | 6070         |
|    policy_gradient_loss | -0.00154     |
|    std                  | 0.0506       |
|    value_loss           | 20           |
------------------------------------------
------------------------------------------
| rollout/                |              |
|    ep_len_mean          | 1.97e+03     |
|    ep_rew_mean          | 2.88e+03     |
| time/                   |              |
|    fps                  | 1269         |
|    iterations           | 609          |
|    time_elapsed         | 18660        |
|    total_timesteps      | 23697408     |
| train/                  |              |
|    approx_kl            | 0.0059236307 |
|    clip_fraction        | 0.0612       |
|    clip_range           | 0.2          |
|    entropy_loss         | 3.15         |
|    explained_variance   | 0.948        |
|    learning_rate        | 6.34e-05     |
|    loss                 | 6.64         |
|    n_updates            | 6080         |
|    policy_gradient_loss | -0.000946    |
|    std                  | 0.0506       |
|    value_loss           | 16.2         |
------------------------------------------
------------------------------------------
| rollout/                |              |
|    ep_len_mean          | 1.97e+03     |
|    ep_rew_mean          | 2.89e+03     |
| time/                   |              |
|    fps                  | 1270         |
|    iterations           | 610          |
|    time_elapsed         | 18683        |
|    total_timesteps      | 23736320     |
| train/                  |              |
|    approx_kl            | 0.0039515453 |
|    clip_fraction        | 0.0493       |
|    clip_range           | 0.2          |
|    entropy_loss         | 3.14         |
|    explained_variance   | 0.952        |
|    learning_rate        | 6.3e-05      |
|    loss                 | 8.8          |
|    n_updates            | 6090         |
|    policy_gradient_loss | -0.00061     |
|    std                  | 0.0508       |
|    value_loss           | 21.4         |
------------------------------------------
Eval num_timesteps=23750000, episode_reward=3104.33 +/- 292.84
Episode length: 2000.00 +/- 0.00
-----------------------------------------
| eval/                   |             |
|    mean_ep_length       | 2e+03       |
|    mean_reward          | 3.1e+03     |
| time/                   |             |
|    total_timesteps      | 23750000    |
| train/                  |             |
|    approx_kl            | 0.005900048 |
|    clip_fraction        | 0.0597      |
|    clip_range           | 0.2         |
|    entropy_loss         | 3.14        |
|    explained_variance   | 0.96        |
|    learning_rate        | 6.26e-05    |
|    loss                 | 8.07        |
|    n_updates            | 6100        |
|    policy_gradient_loss | -0.000918   |
|    std                  | 0.0508      |
|    value_loss           | 17.1        |
-----------------------------------------
New best mean reward!
---------------------------------
| rollout/           |          |
|    ep_len_mean     | 1.97e+03 |
|    ep_rew_mean     | 2.88e+03 |
| time/              |          |
|    fps             | 1266     |
|    iterations      | 611      |
|    time_elapsed    | 18765    |
|    total_timesteps | 23775232 |
---------------------------------
------------------------------------------
| rollout/                |              |
|    ep_len_mean          | 1.98e+03     |
|    ep_rew_mean          | 2.9e+03      |
| time/                   |              |
|    fps                  | 1267         |
|    iterations           | 612          |
|    time_elapsed         | 18789        |
|    total_timesteps      | 23814144     |
| train/                  |              |
|    approx_kl            | 0.0047074123 |
|    clip_fraction        | 0.0494       |
|    clip_range           | 0.2          |
|    entropy_loss         | 3.14         |
|    explained_variance   | 0.955        |
|    learning_rate        | 6.22e-05     |
|    loss                 | 11.1         |
|    n_updates            | 6110         |
|    policy_gradient_loss | -0.000897    |
|    std                  | 0.0509       |
|    value_loss           | 19.2         |
------------------------------------------
-----------------------------------------
| rollout/                |             |
|    ep_len_mean          | 1.99e+03    |
|    ep_rew_mean          | 2.92e+03    |
| time/                   |             |
|    fps                  | 1267        |
|    iterations           | 613         |
|    time_elapsed         | 18812       |
|    total_timesteps      | 23853056    |
| train/                  |             |
|    approx_kl            | 0.005392359 |
|    clip_fraction        | 0.073       |
|    clip_range           | 0.2         |
|    entropy_loss         | 3.14        |
|    explained_variance   | 0.953       |
|    learning_rate        | 6.19e-05    |
|    loss                 | 7.61        |
|    n_updates            | 6120        |
|    policy_gradient_loss | -0.000515   |
|    std                  | 0.0509      |
|    value_loss           | 18          |
-----------------------------------------
------------------------------------------
| rollout/                |              |
|    ep_len_mean          | 2e+03        |
|    ep_rew_mean          | 2.94e+03     |
| time/                   |              |
|    fps                  | 1268         |
|    iterations           | 614          |
|    time_elapsed         | 18836        |
|    total_timesteps      | 23891968     |
| train/                  |              |
|    approx_kl            | 0.0072933845 |
|    clip_fraction        | 0.0627       |
|    clip_range           | 0.2          |
|    entropy_loss         | 3.13         |
|    explained_variance   | 0.96         |
|    learning_rate        | 6.15e-05     |
|    loss                 | 7.42         |
|    n_updates            | 6130         |
|    policy_gradient_loss | -0.00129     |
|    std                  | 0.051        |
|    value_loss           | 13.2         |
------------------------------------------
------------------------------------------
| rollout/                |              |
|    ep_len_mean          | 2e+03        |
|    ep_rew_mean          | 2.94e+03     |
| time/                   |              |
|    fps                  | 1268         |
|    iterations           | 615          |
|    time_elapsed         | 18859        |
|    total_timesteps      | 23930880     |
| train/                  |              |
|    approx_kl            | 0.0055764173 |
|    clip_fraction        | 0.0699       |
|    clip_range           | 0.2          |
|    entropy_loss         | 3.13         |
|    explained_variance   | 0.944        |
|    learning_rate        | 6.11e-05     |
|    loss                 | 8.11         |
|    n_updates            | 6140         |
|    policy_gradient_loss | -0.000643    |
|    std                  | 0.0511       |
|    value_loss           | 16.3         |
------------------------------------------
Eval num_timesteps=23940000, episode_reward=3105.98 +/- 287.98
Episode length: 2000.00 +/- 0.00
-----------------------------------------
| eval/                   |             |
|    mean_ep_length       | 2e+03       |
|    mean_reward          | 3.11e+03    |
| time/                   |             |
|    total_timesteps      | 23940000    |
| train/                  |             |
|    approx_kl            | 0.005932849 |
|    clip_fraction        | 0.0661      |
|    clip_range           | 0.2         |
|    entropy_loss         | 3.13        |
|    explained_variance   | 0.939       |
|    learning_rate        | 6.07e-05    |
|    loss                 | 19.6        |
|    n_updates            | 6150        |
|    policy_gradient_loss | -0.00133    |
|    std                  | 0.0512      |
|    value_loss           | 21.7        |
-----------------------------------------
New best mean reward!
---------------------------------
| rollout/           |          |
|    ep_len_mean     | 1.99e+03 |
|    ep_rew_mean     | 2.95e+03 |
| time/              |          |
|    fps             | 1265     |
|    iterations      | 616      |
|    time_elapsed    | 18944    |
|    total_timesteps | 23969792 |
---------------------------------
-----------------------------------------
| rollout/                |             |
|    ep_len_mean          | 1.99e+03    |
|    ep_rew_mean          | 2.96e+03    |
| time/                   |             |
|    fps                  | 1265        |
|    iterations           | 617         |
|    time_elapsed         | 18969       |
|    total_timesteps      | 24008704    |
| train/                  |             |
|    approx_kl            | 0.005491623 |
|    clip_fraction        | 0.0541      |
|    clip_range           | 0.2         |
|    entropy_loss         | 3.12        |
|    explained_variance   | 0.953       |
|    learning_rate        | 6.03e-05    |
|    loss                 | 7.79        |
|    n_updates            | 6160        |
|    policy_gradient_loss | -0.000775   |
|    std                  | 0.0514      |
|    value_loss           | 17.5        |
-----------------------------------------
------------------------------------------
| rollout/                |              |
|    ep_len_mean          | 1.99e+03     |
|    ep_rew_mean          | 2.99e+03     |
| time/                   |              |
|    fps                  | 1266         |
|    iterations           | 618          |
|    time_elapsed         | 18993        |
|    total_timesteps      | 24047616     |
| train/                  |              |
|    approx_kl            | 0.0056621586 |
|    clip_fraction        | 0.0673       |
|    clip_range           | 0.2          |
|    entropy_loss         | 3.11         |
|    explained_variance   | 0.931        |
|    learning_rate        | 5.99e-05     |
|    loss                 | 14.1         |
|    n_updates            | 6170         |
|    policy_gradient_loss | -0.00101     |
|    std                  | 0.0514       |
|    value_loss           | 21.4         |
------------------------------------------
-----------------------------------------
| rollout/                |             |
|    ep_len_mean          | 1.99e+03    |
|    ep_rew_mean          | 2.96e+03    |
| time/                   |             |
|    fps                  | 1266        |
|    iterations           | 619         |
|    time_elapsed         | 19018       |
|    total_timesteps      | 24086528    |
| train/                  |             |
|    approx_kl            | 0.005814504 |
|    clip_fraction        | 0.057       |
|    clip_range           | 0.2         |
|    entropy_loss         | 3.12        |
|    explained_variance   | 0.943       |
|    learning_rate        | 5.95e-05    |
|    loss                 | 11.2        |
|    n_updates            | 6180        |
|    policy_gradient_loss | -0.00132    |
|    std                  | 0.0512      |
|    value_loss           | 19.5        |
-----------------------------------------
----------------------------------------
| rollout/                |            |
|    ep_len_mean          | 1.99e+03   |
|    ep_rew_mean          | 2.96e+03   |
| time/                   |            |
|    fps                  | 1266       |
|    iterations           | 620        |
|    time_elapsed         | 19042      |
|    total_timesteps      | 24125440   |
| train/                  |            |
|    approx_kl            | 0.00576737 |
|    clip_fraction        | 0.048      |
|    clip_range           | 0.2        |
|    entropy_loss         | 3.12       |
|    explained_variance   | 0.945      |
|    learning_rate        | 5.91e-05   |
|    loss                 | 10.8       |
|    n_updates            | 6190       |
|    policy_gradient_loss | -0.000545  |
|    std                  | 0.0512     |
|    value_loss           | 24.3       |
----------------------------------------
Eval num_timesteps=24130000, episode_reward=3179.77 +/- 272.00
Episode length: 2000.00 +/- 0.00
-----------------------------------------
| eval/                   |             |
|    mean_ep_length       | 2e+03       |
|    mean_reward          | 3.18e+03    |
| time/                   |             |
|    total_timesteps      | 24130000    |
| train/                  |             |
|    approx_kl            | 0.006369898 |
|    clip_fraction        | 0.0653      |
|    clip_range           | 0.2         |
|    entropy_loss         | 3.12        |
|    explained_variance   | 0.973       |
|    learning_rate        | 5.87e-05    |
|    loss                 | 4.15        |
|    n_updates            | 6200        |
|    policy_gradient_loss | -0.00119    |
|    std                  | 0.0516      |
|    value_loss           | 12.3        |
-----------------------------------------
New best mean reward!
---------------------------------
| rollout/           |          |
|    ep_len_mean     | 2e+03    |
|    ep_rew_mean     | 2.98e+03 |
| time/              |          |
|    fps             | 1263     |
|    iterations      | 621      |
|    time_elapsed    | 19125    |
|    total_timesteps | 24164352 |
---------------------------------
-----------------------------------------
| rollout/                |             |
|    ep_len_mean          | 2e+03       |
|    ep_rew_mean          | 2.96e+03    |
| time/                   |             |
|    fps                  | 1263        |
|    iterations           | 622         |
|    time_elapsed         | 19149       |
|    total_timesteps      | 24203264    |
| train/                  |             |
|    approx_kl            | 0.004937525 |
|    clip_fraction        | 0.0537      |
|    clip_range           | 0.2         |
|    entropy_loss         | 3.11        |
|    explained_variance   | 0.936       |
|    learning_rate        | 5.84e-05    |
|    loss                 | 10.9        |
|    n_updates            | 6210        |
|    policy_gradient_loss | -0.000833   |
|    std                  | 0.0515      |
|    value_loss           | 26.4        |
-----------------------------------------
------------------------------------------
| rollout/                |              |
|    ep_len_mean          | 2e+03        |
|    ep_rew_mean          | 2.95e+03     |
| time/                   |              |
|    fps                  | 1264         |
|    iterations           | 623          |
|    time_elapsed         | 19173        |
|    total_timesteps      | 24242176     |
| train/                  |              |
|    approx_kl            | 0.0058896528 |
|    clip_fraction        | 0.0565       |
|    clip_range           | 0.2          |
|    entropy_loss         | 3.11         |
|    explained_variance   | 0.958        |
|    learning_rate        | 5.8e-05      |
|    loss                 | 16.1         |
|    n_updates            | 6220         |
|    policy_gradient_loss | -0.00143     |
|    std                  | 0.0517       |
|    value_loss           | 17.5         |
------------------------------------------
------------------------------------------
| rollout/                |              |
|    ep_len_mean          | 2e+03        |
|    ep_rew_mean          | 2.95e+03     |
| time/                   |              |
|    fps                  | 1264         |
|    iterations           | 624          |
|    time_elapsed         | 19197        |
|    total_timesteps      | 24281088     |
| train/                  |              |
|    approx_kl            | 0.0057034716 |
|    clip_fraction        | 0.0646       |
|    clip_range           | 0.2          |
|    entropy_loss         | 3.1          |
|    explained_variance   | 0.936        |
|    learning_rate        | 5.76e-05     |
|    loss                 | 11.8         |
|    n_updates            | 6230         |
|    policy_gradient_loss | -0.000566    |
|    std                  | 0.0518       |
|    value_loss           | 21.3         |
------------------------------------------
Eval num_timesteps=24320000, episode_reward=3169.87 +/- 296.17
Episode length: 2000.00 +/- 0.00
-----------------------------------------
| eval/                   |             |
|    mean_ep_length       | 2e+03       |
|    mean_reward          | 3.17e+03    |
| time/                   |             |
|    total_timesteps      | 24320000    |
| train/                  |             |
|    approx_kl            | 0.006493104 |
|    clip_fraction        | 0.0594      |
|    clip_range           | 0.2         |
|    entropy_loss         | 3.1         |
|    explained_variance   | 0.935       |
|    learning_rate        | 5.72e-05    |
|    loss                 | 9.47        |
|    n_updates            | 6240        |
|    policy_gradient_loss | -0.000742   |
|    std                  | 0.0518      |
|    value_loss           | 17.9        |
-----------------------------------------
---------------------------------
| rollout/           |          |
|    ep_len_mean     | 2e+03    |
|    ep_rew_mean     | 2.96e+03 |
| time/              |          |
|    fps             | 1261     |
|    iterations      | 625      |
|    time_elapsed    | 19281    |
|    total_timesteps | 24320000 |
---------------------------------
------------------------------------------
| rollout/                |              |
|    ep_len_mean          | 1.97e+03     |
|    ep_rew_mean          | 2.9e+03      |
| time/                   |              |
|    fps                  | 1261         |
|    iterations           | 626          |
|    time_elapsed         | 19305        |
|    total_timesteps      | 24358912     |
| train/                  |              |
|    approx_kl            | 0.0061928993 |
|    clip_fraction        | 0.0552       |
|    clip_range           | 0.2          |
|    entropy_loss         | 3.1          |
|    explained_variance   | 0.942        |
|    learning_rate        | 5.68e-05     |
|    loss                 | 14           |
|    n_updates            | 6250         |
|    policy_gradient_loss | -0.0013      |
|    std                  | 0.0517       |
|    value_loss           | 19.5         |
------------------------------------------
------------------------------------------
| rollout/                |              |
|    ep_len_mean          | 1.97e+03     |
|    ep_rew_mean          | 2.92e+03     |
| time/                   |              |
|    fps                  | 1262         |
|    iterations           | 627          |
|    time_elapsed         | 19329        |
|    total_timesteps      | 24397824     |
| train/                  |              |
|    approx_kl            | 0.0047802865 |
|    clip_fraction        | 0.0402       |
|    clip_range           | 0.2          |
|    entropy_loss         | 3.1          |
|    explained_variance   | 0.969        |
|    learning_rate        | 5.64e-05     |
|    loss                 | 7.47         |
|    n_updates            | 6260         |
|    policy_gradient_loss | -0.00159     |
|    std                  | 0.0517       |
|    value_loss           | 15.9         |
------------------------------------------
-----------------------------------------
| rollout/                |             |
|    ep_len_mean          | 1.95e+03    |
|    ep_rew_mean          | 2.88e+03    |
| time/                   |             |
|    fps                  | 1262        |
|    iterations           | 628         |
|    time_elapsed         | 19354       |
|    total_timesteps      | 24436736    |
| train/                  |             |
|    approx_kl            | 0.004576042 |
|    clip_fraction        | 0.047       |
|    clip_range           | 0.2         |
|    entropy_loss         | 3.11        |
|    explained_variance   | 0.959       |
|    learning_rate        | 5.6e-05     |
|    loss                 | 5.11        |
|    n_updates            | 6270        |
|    policy_gradient_loss | -0.000892   |
|    std                  | 0.0516      |
|    value_loss           | 20.6        |
-----------------------------------------
-----------------------------------------
| rollout/                |             |
|    ep_len_mean          | 1.95e+03    |
|    ep_rew_mean          | 2.88e+03    |
| time/                   |             |
|    fps                  | 1263        |
|    iterations           | 629         |
|    time_elapsed         | 19378       |
|    total_timesteps      | 24475648    |
| train/                  |             |
|    approx_kl            | 0.005953456 |
|    clip_fraction        | 0.0599      |
|    clip_range           | 0.2         |
|    entropy_loss         | 3.1         |
|    explained_variance   | 0.945       |
|    learning_rate        | 5.56e-05    |
|    loss                 | 8.95        |
|    n_updates            | 6280        |
|    policy_gradient_loss | -0.000989   |
|    std                  | 0.0519      |
|    value_loss           | 21.8        |
-----------------------------------------
Eval num_timesteps=24510000, episode_reward=3153.85 +/- 288.69
Episode length: 2000.00 +/- 0.00
-----------------------------------------
| eval/                   |             |
|    mean_ep_length       | 2e+03       |
|    mean_reward          | 3.15e+03    |
| time/                   |             |
|    total_timesteps      | 24510000    |
| train/                  |             |
|    approx_kl            | 0.005867857 |
|    clip_fraction        | 0.0568      |
|    clip_range           | 0.2         |
|    entropy_loss         | 3.1         |
|    explained_variance   | 0.941       |
|    learning_rate        | 5.52e-05    |
|    loss                 | 9.06        |
|    n_updates            | 6290        |
|    policy_gradient_loss | -0.00131    |
|    std                  | 0.052       |
|    value_loss           | 21.3        |
-----------------------------------------
---------------------------------
| rollout/           |          |
|    ep_len_mean     | 1.94e+03 |
|    ep_rew_mean     | 2.86e+03 |
| time/              |          |
|    fps             | 1259     |
|    iterations      | 630      |
|    time_elapsed    | 19461    |
|    total_timesteps | 24514560 |
---------------------------------
-----------------------------------------
| rollout/                |             |
|    ep_len_mean          | 1.98e+03    |
|    ep_rew_mean          | 2.91e+03    |
| time/                   |             |
|    fps                  | 1259        |
|    iterations           | 631         |
|    time_elapsed         | 19487       |
|    total_timesteps      | 24553472    |
| train/                  |             |
|    approx_kl            | 0.005164893 |
|    clip_fraction        | 0.0596      |
|    clip_range           | 0.2         |
|    entropy_loss         | 3.09        |
|    explained_variance   | 0.937       |
|    learning_rate        | 5.49e-05    |
|    loss                 | 13.8        |
|    n_updates            | 6300        |
|    policy_gradient_loss | -0.00203    |
|    std                  | 0.052       |
|    value_loss           | 23.2        |
-----------------------------------------
------------------------------------------
| rollout/                |              |
|    ep_len_mean          | 1.97e+03     |
|    ep_rew_mean          | 2.89e+03     |
| time/                   |              |
|    fps                  | 1260         |
|    iterations           | 632          |
|    time_elapsed         | 19510        |
|    total_timesteps      | 24592384     |
| train/                  |              |
|    approx_kl            | 0.0053733476 |
|    clip_fraction        | 0.0546       |
|    clip_range           | 0.2          |
|    entropy_loss         | 3.09         |
|    explained_variance   | 0.943        |
|    learning_rate        | 5.45e-05     |
|    loss                 | 15.5         |
|    n_updates            | 6310         |
|    policy_gradient_loss | -0.00101     |
|    std                  | 0.0523       |
|    value_loss           | 24.3         |
------------------------------------------
------------------------------------------
| rollout/                |              |
|    ep_len_mean          | 1.98e+03     |
|    ep_rew_mean          | 2.93e+03     |
| time/                   |              |
|    fps                  | 1260         |
|    iterations           | 633          |
|    time_elapsed         | 19534        |
|    total_timesteps      | 24631296     |
| train/                  |              |
|    approx_kl            | 0.0052233725 |
|    clip_fraction        | 0.053        |
|    clip_range           | 0.2          |
|    entropy_loss         | 3.08         |
|    explained_variance   | 0.946        |
|    learning_rate        | 5.41e-05     |
|    loss                 | 8.56         |
|    n_updates            | 6320         |
|    policy_gradient_loss | -0.00108     |
|    std                  | 0.0525       |
|    value_loss           | 20.1         |
------------------------------------------
-----------------------------------------
| rollout/                |             |
|    ep_len_mean          | 1.98e+03    |
|    ep_rew_mean          | 2.92e+03    |
| time/                   |             |
|    fps                  | 1261        |
|    iterations           | 634         |
|    time_elapsed         | 19558       |
|    total_timesteps      | 24670208    |
| train/                  |             |
|    approx_kl            | 0.005627096 |
|    clip_fraction        | 0.0544      |
|    clip_range           | 0.2         |
|    entropy_loss         | 3.08        |
|    explained_variance   | 0.956       |
|    learning_rate        | 5.37e-05    |
|    loss                 | 4.77        |
|    n_updates            | 6330        |
|    policy_gradient_loss | -0.000875   |
|    std                  | 0.0523      |
|    value_loss           | 19.3        |
-----------------------------------------
Eval num_timesteps=24700000, episode_reward=3188.54 +/- 243.53
Episode length: 2000.00 +/- 0.00
------------------------------------------
| eval/                   |              |
|    mean_ep_length       | 2e+03        |
|    mean_reward          | 3.19e+03     |
| time/                   |              |
|    total_timesteps      | 24700000     |
| train/                  |              |
|    approx_kl            | 0.0063474467 |
|    clip_fraction        | 0.0556       |
|    clip_range           | 0.2          |
|    entropy_loss         | 3.08         |
|    explained_variance   | 0.957        |
|    learning_rate        | 5.33e-05     |
|    loss                 | 11.1         |
|    n_updates            | 6340         |
|    policy_gradient_loss | -0.000598    |
|    std                  | 0.0522       |
|    value_loss           | 16.5         |
------------------------------------------
New best mean reward!
---------------------------------
| rollout/           |          |
|    ep_len_mean     | 1.99e+03 |
|    ep_rew_mean     | 2.93e+03 |
| time/              |          |
|    fps             | 1258     |
|    iterations      | 635      |
|    time_elapsed    | 19640    |
|    total_timesteps | 24709120 |
---------------------------------
-----------------------------------------
| rollout/                |             |
|    ep_len_mean          | 1.99e+03    |
|    ep_rew_mean          | 2.93e+03    |
| time/                   |             |
|    fps                  | 1258        |
|    iterations           | 636         |
|    time_elapsed         | 19664       |
|    total_timesteps      | 24748032    |
| train/                  |             |
|    approx_kl            | 0.005519855 |
|    clip_fraction        | 0.0581      |
|    clip_range           | 0.2         |
|    entropy_loss         | 3.09        |
|    explained_variance   | 0.945       |
|    learning_rate        | 5.29e-05    |
|    loss                 | 4.81        |
|    n_updates            | 6350        |
|    policy_gradient_loss | -0.000867   |
|    std                  | 0.0523      |
|    value_loss           | 21.4        |
-----------------------------------------
------------------------------------------
| rollout/                |              |
|    ep_len_mean          | 1.99e+03     |
|    ep_rew_mean          | 2.94e+03     |
| time/                   |              |
|    fps                  | 1258         |
|    iterations           | 637          |
|    time_elapsed         | 19688        |
|    total_timesteps      | 24786944     |
| train/                  |              |
|    approx_kl            | 0.0060226917 |
|    clip_fraction        | 0.0591       |
|    clip_range           | 0.2          |
|    entropy_loss         | 3.08         |
|    explained_variance   | 0.952        |
|    learning_rate        | 5.25e-05     |
|    loss                 | 10.2         |
|    n_updates            | 6360         |
|    policy_gradient_loss | -0.00121     |
|    std                  | 0.0524       |
|    value_loss           | 19.8         |
------------------------------------------
------------------------------------------
| rollout/                |              |
|    ep_len_mean          | 1.99e+03     |
|    ep_rew_mean          | 2.92e+03     |
| time/                   |              |
|    fps                  | 1259         |
|    iterations           | 638          |
|    time_elapsed         | 19712        |
|    total_timesteps      | 24825856     |
| train/                  |              |
|    approx_kl            | 0.0051556537 |
|    clip_fraction        | 0.0424       |
|    clip_range           | 0.2          |
|    entropy_loss         | 3.08         |
|    explained_variance   | 0.936        |
|    learning_rate        | 5.21e-05     |
|    loss                 | 13.2         |
|    n_updates            | 6370         |
|    policy_gradient_loss | -0.000986    |
|    std                  | 0.0525       |
|    value_loss           | 27.7         |
------------------------------------------
-----------------------------------------
| rollout/                |             |
|    ep_len_mean          | 1.98e+03    |
|    ep_rew_mean          | 2.9e+03     |
| time/                   |             |
|    fps                  | 1259        |
|    iterations           | 639         |
|    time_elapsed         | 19736       |
|    total_timesteps      | 24864768    |
| train/                  |             |
|    approx_kl            | 0.005254297 |
|    clip_fraction        | 0.0556      |
|    clip_range           | 0.2         |
|    entropy_loss         | 3.07        |
|    explained_variance   | 0.918       |
|    learning_rate        | 5.17e-05    |
|    loss                 | 10.6        |
|    n_updates            | 6380        |
|    policy_gradient_loss | -0.00173    |
|    std                  | 0.0527      |
|    value_loss           | 28.4        |
-----------------------------------------
Eval num_timesteps=24890000, episode_reward=3169.82 +/- 276.87
Episode length: 2000.00 +/- 0.00
-----------------------------------------
| eval/                   |             |
|    mean_ep_length       | 2e+03       |
|    mean_reward          | 3.17e+03    |
| time/                   |             |
|    total_timesteps      | 24890000    |
| train/                  |             |
|    approx_kl            | 0.006222797 |
|    clip_fraction        | 0.0584      |
|    clip_range           | 0.2         |
|    entropy_loss         | 3.07        |
|    explained_variance   | 0.938       |
|    learning_rate        | 5.14e-05    |
|    loss                 | 9.52        |
|    n_updates            | 6390        |
|    policy_gradient_loss | -0.000706   |
|    std                  | 0.0527      |
|    value_loss           | 20.9        |
-----------------------------------------
---------------------------------
| rollout/           |          |
|    ep_len_mean     | 1.95e+03 |
|    ep_rew_mean     | 2.85e+03 |
| time/              |          |
|    fps             | 1256     |
|    iterations      | 640      |
|    time_elapsed    | 19818    |
|    total_timesteps | 24903680 |
---------------------------------
------------------------------------------
| rollout/                |              |
|    ep_len_mean          | 1.95e+03     |
|    ep_rew_mean          | 2.87e+03     |
| time/                   |              |
|    fps                  | 1257         |
|    iterations           | 641          |
|    time_elapsed         | 19841        |
|    total_timesteps      | 24942592     |
| train/                  |              |
|    approx_kl            | 0.0054249563 |
|    clip_fraction        | 0.0515       |
|    clip_range           | 0.2          |
|    entropy_loss         | 3.07         |
|    explained_variance   | 0.927        |
|    learning_rate        | 5.1e-05      |
|    loss                 | 23.4         |
|    n_updates            | 6400         |
|    policy_gradient_loss | -0.00206     |
|    std                  | 0.0528       |
|    value_loss           | 33.8         |
------------------------------------------
-----------------------------------------
| rollout/                |             |
|    ep_len_mean          | 1.96e+03    |
|    ep_rew_mean          | 2.85e+03    |
| time/                   |             |
|    fps                  | 1257        |
|    iterations           | 642         |
|    time_elapsed         | 19866       |
|    total_timesteps      | 24981504    |
| train/                  |             |
|    approx_kl            | 0.006618086 |
|    clip_fraction        | 0.0656      |
|    clip_range           | 0.2         |
|    entropy_loss         | 3.07        |
|    explained_variance   | 0.933       |
|    learning_rate        | 5.06e-05    |
|    loss                 | 2.46        |
|    n_updates            | 6410        |
|    policy_gradient_loss | -0.00101    |
|    std                  | 0.0528      |
|    value_loss           | 18.7        |
-----------------------------------------
----------------------------------------
| rollout/                |            |
|    ep_len_mean          | 1.96e+03   |
|    ep_rew_mean          | 2.86e+03   |
| time/                   |            |
|    fps                  | 1257       |
|    iterations           | 643        |
|    time_elapsed         | 19892      |
|    total_timesteps      | 25020416   |
| train/                  |            |
|    approx_kl            | 0.00574835 |
|    clip_fraction        | 0.0502     |
|    clip_range           | 0.2        |
|    entropy_loss         | 3.06       |
|    explained_variance   | 0.939      |
|    learning_rate        | 5.02e-05   |
|    loss                 | 8.08       |
|    n_updates            | 6420       |
|    policy_gradient_loss | -0.000912  |
|    std                  | 0.053      |
|    value_loss           | 24.2       |
----------------------------------------
------------------------------------------
| rollout/                |              |
|    ep_len_mean          | 1.97e+03     |
|    ep_rew_mean          | 2.87e+03     |
| time/                   |              |
|    fps                  | 1258         |
|    iterations           | 644          |
|    time_elapsed         | 19918        |
|    total_timesteps      | 25059328     |
| train/                  |              |
|    approx_kl            | 0.0053231847 |
|    clip_fraction        | 0.0474       |
|    clip_range           | 0.2          |
|    entropy_loss         | 3.05         |
|    explained_variance   | 0.932        |
|    learning_rate        | 4.98e-05     |
|    loss                 | 9.45         |
|    n_updates            | 6430         |
|    policy_gradient_loss | -0.00135     |
|    std                  | 0.0531       |
|    value_loss           | 24.1         |
------------------------------------------
Eval num_timesteps=25080000, episode_reward=3161.51 +/- 301.46
Episode length: 2000.00 +/- 0.00
-----------------------------------------
| eval/                   |             |
|    mean_ep_length       | 2e+03       |
|    mean_reward          | 3.16e+03    |
| time/                   |             |
|    total_timesteps      | 25080000    |
| train/                  |             |
|    approx_kl            | 0.004531034 |
|    clip_fraction        | 0.0465      |
|    clip_range           | 0.2         |
|    entropy_loss         | 3.05        |
|    explained_variance   | 0.922       |
|    learning_rate        | 4.94e-05    |
|    loss                 | 21.9        |
|    n_updates            | 6440        |
|    policy_gradient_loss | -0.000531   |
|    std                  | 0.0531      |
|    value_loss           | 22.5        |
-----------------------------------------
---------------------------------
| rollout/           |          |
|    ep_len_mean     | 1.97e+03 |
|    ep_rew_mean     | 2.91e+03 |
| time/              |          |
|    fps             | 1254     |
|    iterations      | 645      |
|    time_elapsed    | 20000    |
|    total_timesteps | 25098240 |
---------------------------------
------------------------------------------
| rollout/                |              |
|    ep_len_mean          | 1.98e+03     |
|    ep_rew_mean          | 2.94e+03     |
| time/                   |              |
|    fps                  | 1255         |
|    iterations           | 646          |
|    time_elapsed         | 20024        |
|    total_timesteps      | 25137152     |
| train/                  |              |
|    approx_kl            | 0.0057884734 |
|    clip_fraction        | 0.0617       |
|    clip_range           | 0.2          |
|    entropy_loss         | 3.05         |
|    explained_variance   | 0.953        |
|    learning_rate        | 4.9e-05      |
|    loss                 | 12           |
|    n_updates            | 6450         |
|    policy_gradient_loss | -0.00223     |
|    std                  | 0.0532       |
|    value_loss           | 16.6         |
------------------------------------------
-----------------------------------------
| rollout/                |             |
|    ep_len_mean          | 1.97e+03    |
|    ep_rew_mean          | 2.92e+03    |
| time/                   |             |
|    fps                  | 1255        |
|    iterations           | 647         |
|    time_elapsed         | 20048       |
|    total_timesteps      | 25176064    |
| train/                  |             |
|    approx_kl            | 0.005716782 |
|    clip_fraction        | 0.0477      |
|    clip_range           | 0.2         |
|    entropy_loss         | 3.04        |
|    explained_variance   | 0.933       |
|    learning_rate        | 4.86e-05    |
|    loss                 | 13.8        |
|    n_updates            | 6460        |
|    policy_gradient_loss | -0.000866   |
|    std                  | 0.0534      |
|    value_loss           | 23.8        |
-----------------------------------------
------------------------------------------
| rollout/                |              |
|    ep_len_mean          | 1.97e+03     |
|    ep_rew_mean          | 2.93e+03     |
| time/                   |              |
|    fps                  | 1256         |
|    iterations           | 648          |
|    time_elapsed         | 20072        |
|    total_timesteps      | 25214976     |
| train/                  |              |
|    approx_kl            | 0.0046371375 |
|    clip_fraction        | 0.0416       |
|    clip_range           | 0.2          |
|    entropy_loss         | 3.04         |
|    explained_variance   | 0.944        |
|    learning_rate        | 4.82e-05     |
|    loss                 | 8.35         |
|    n_updates            | 6470         |
|    policy_gradient_loss | -0.00121     |
|    std                  | 0.0534       |
|    value_loss           | 23.4         |
------------------------------------------
------------------------------------------
| rollout/                |              |
|    ep_len_mean          | 1.97e+03     |
|    ep_rew_mean          | 2.93e+03     |
| time/                   |              |
|    fps                  | 1256         |
|    iterations           | 649          |
|    time_elapsed         | 20098        |
|    total_timesteps      | 25253888     |
| train/                  |              |
|    approx_kl            | 0.0059447098 |
|    clip_fraction        | 0.0582       |
|    clip_range           | 0.2          |
|    entropy_loss         | 3.04         |
|    explained_variance   | 0.929        |
|    learning_rate        | 4.79e-05     |
|    loss                 | 10.5         |
|    n_updates            | 6480         |
|    policy_gradient_loss | -0.00106     |
|    std                  | 0.0537       |
|    value_loss           | 24.4         |
------------------------------------------
Eval num_timesteps=25270000, episode_reward=3157.16 +/- 321.95
Episode length: 2000.00 +/- 0.00
------------------------------------------
| eval/                   |              |
|    mean_ep_length       | 2e+03        |
|    mean_reward          | 3.16e+03     |
| time/                   |              |
|    total_timesteps      | 25270000     |
| train/                  |              |
|    approx_kl            | 0.0047084684 |
|    clip_fraction        | 0.0579       |
|    clip_range           | 0.2          |
|    entropy_loss         | 3.03         |
|    explained_variance   | 0.941        |
|    learning_rate        | 4.75e-05     |
|    loss                 | 3.08         |
|    n_updates            | 6490         |
|    policy_gradient_loss | -0.00083     |
|    std                  | 0.0538       |
|    value_loss           | 17.3         |
------------------------------------------
---------------------------------
| rollout/           |          |
|    ep_len_mean     | 1.99e+03 |
|    ep_rew_mean     | 2.95e+03 |
| time/              |          |
|    fps             | 1253     |
|    iterations      | 650      |
|    time_elapsed    | 20181    |
|    total_timesteps | 25292800 |
---------------------------------
-----------------------------------------
| rollout/                |             |
|    ep_len_mean          | 1.98e+03    |
|    ep_rew_mean          | 2.93e+03    |
| time/                   |             |
|    fps                  | 1253        |
|    iterations           | 651         |
|    time_elapsed         | 20206       |
|    total_timesteps      | 25331712    |
| train/                  |             |
|    approx_kl            | 0.003992848 |
|    clip_fraction        | 0.0389      |
|    clip_range           | 0.2         |
|    entropy_loss         | 3.03        |
|    explained_variance   | 0.953       |
|    learning_rate        | 4.71e-05    |
|    loss                 | 9.62        |
|    n_updates            | 6500        |
|    policy_gradient_loss | -0.000966   |
|    std                  | 0.0536      |
|    value_loss           | 20.9        |
-----------------------------------------
------------------------------------------
| rollout/                |              |
|    ep_len_mean          | 2e+03        |
|    ep_rew_mean          | 2.98e+03     |
| time/                   |              |
|    fps                  | 1253         |
|    iterations           | 652          |
|    time_elapsed         | 20232        |
|    total_timesteps      | 25370624     |
| train/                  |              |
|    approx_kl            | 0.0052715256 |
|    clip_fraction        | 0.0548       |
|    clip_range           | 0.2          |
|    entropy_loss         | 3.03         |
|    explained_variance   | 0.926        |
|    learning_rate        | 4.67e-05     |
|    loss                 | 10.6         |
|    n_updates            | 6510         |
|    policy_gradient_loss | -0.00114     |
|    std                  | 0.0537       |
|    value_loss           | 25.8         |
------------------------------------------
------------------------------------------
| rollout/                |              |
|    ep_len_mean          | 1.98e+03     |
|    ep_rew_mean          | 2.94e+03     |
| time/                   |              |
|    fps                  | 1254         |
|    iterations           | 653          |
|    time_elapsed         | 20256        |
|    total_timesteps      | 25409536     |
| train/                  |              |
|    approx_kl            | 0.0044831396 |
|    clip_fraction        | 0.0464       |
|    clip_range           | 0.2          |
|    entropy_loss         | 3.03         |
|    explained_variance   | 0.95         |
|    learning_rate        | 4.63e-05     |
|    loss                 | 12.8         |
|    n_updates            | 6520         |
|    policy_gradient_loss | -0.00104     |
|    std                  | 0.0538       |
|    value_loss           | 21.2         |
------------------------------------------
------------------------------------------
| rollout/                |              |
|    ep_len_mean          | 1.98e+03     |
|    ep_rew_mean          | 2.94e+03     |
| time/                   |              |
|    fps                  | 1254         |
|    iterations           | 654          |
|    time_elapsed         | 20280        |
|    total_timesteps      | 25448448     |
| train/                  |              |
|    approx_kl            | 0.0060928576 |
|    clip_fraction        | 0.0585       |
|    clip_range           | 0.2          |
|    entropy_loss         | 3.02         |
|    explained_variance   | 0.951        |
|    learning_rate        | 4.59e-05     |
|    loss                 | 9.16         |
|    n_updates            | 6530         |
|    policy_gradient_loss | -0.00111     |
|    std                  | 0.054        |
|    value_loss           | 20.5         |
------------------------------------------
Eval num_timesteps=25460000, episode_reward=3138.02 +/- 329.94
Episode length: 2000.00 +/- 0.00
------------------------------------------
| eval/                   |              |
|    mean_ep_length       | 2e+03        |
|    mean_reward          | 3.14e+03     |
| time/                   |              |
|    total_timesteps      | 25460000     |
| train/                  |              |
|    approx_kl            | 0.0051614814 |
|    clip_fraction        | 0.0542       |
|    clip_range           | 0.2          |
|    entropy_loss         | 3.02         |
|    explained_variance   | 0.923        |
|    learning_rate        | 4.55e-05     |
|    loss                 | 8.44         |
|    n_updates            | 6540         |
|    policy_gradient_loss | -0.00123     |
|    std                  | 0.0539       |
|    value_loss           | 22.3         |
------------------------------------------
---------------------------------
| rollout/           |          |
|    ep_len_mean     | 1.98e+03 |
|    ep_rew_mean     | 2.94e+03 |
| time/              |          |
|    fps             | 1251     |
|    iterations      | 655      |
|    time_elapsed    | 20364    |
|    total_timesteps | 25487360 |
---------------------------------
------------------------------------------
| rollout/                |              |
|    ep_len_mean          | 1.97e+03     |
|    ep_rew_mean          | 2.92e+03     |
| time/                   |              |
|    fps                  | 1251         |
|    iterations           | 656          |
|    time_elapsed         | 20389        |
|    total_timesteps      | 25526272     |
| train/                  |              |
|    approx_kl            | 0.0051668724 |
|    clip_fraction        | 0.0521       |
|    clip_range           | 0.2          |
|    entropy_loss         | 3.02         |
|    explained_variance   | 0.928        |
|    learning_rate        | 4.51e-05     |
|    loss                 | 11.4         |
|    n_updates            | 6550         |
|    policy_gradient_loss | -0.00134     |
|    std                  | 0.0538       |
|    value_loss           | 20.8         |
------------------------------------------
-----------------------------------------
| rollout/                |             |
|    ep_len_mean          | 1.95e+03    |
|    ep_rew_mean          | 2.91e+03    |
| time/                   |             |
|    fps                  | 1252        |
|    iterations           | 657         |
|    time_elapsed         | 20413       |
|    total_timesteps      | 25565184    |
| train/                  |             |
|    approx_kl            | 0.004946544 |
|    clip_fraction        | 0.0458      |
|    clip_range           | 0.2         |
|    entropy_loss         | 3.02        |
|    explained_variance   | 0.947       |
|    learning_rate        | 4.47e-05    |
|    loss                 | 5.52        |
|    n_updates            | 6560        |
|    policy_gradient_loss | -0.00129    |
|    std                  | 0.0539      |
|    value_loss           | 18          |
-----------------------------------------
------------------------------------------
| rollout/                |              |
|    ep_len_mean          | 1.97e+03     |
|    ep_rew_mean          | 2.93e+03     |
| time/                   |              |
|    fps                  | 1252         |
|    iterations           | 658          |
|    time_elapsed         | 20438        |
|    total_timesteps      | 25604096     |
| train/                  |              |
|    approx_kl            | 0.0057744086 |
|    clip_fraction        | 0.0568       |
|    clip_range           | 0.2          |
|    entropy_loss         | 3.01         |
|    explained_variance   | 0.936        |
|    learning_rate        | 4.43e-05     |
|    loss                 | 8.64         |
|    n_updates            | 6570         |
|    policy_gradient_loss | -0.00145     |
|    std                  | 0.0541       |
|    value_loss           | 26.2         |
------------------------------------------
------------------------------------------
| rollout/                |              |
|    ep_len_mean          | 1.95e+03     |
|    ep_rew_mean          | 2.91e+03     |
| time/                   |              |
|    fps                  | 1253         |
|    iterations           | 659          |
|    time_elapsed         | 20462        |
|    total_timesteps      | 25643008     |
| train/                  |              |
|    approx_kl            | 0.0063988934 |
|    clip_fraction        | 0.0579       |
|    clip_range           | 0.2          |
|    entropy_loss         | 3.01         |
|    explained_variance   | 0.956        |
|    learning_rate        | 4.4e-05      |
|    loss                 | 18.5         |
|    n_updates            | 6580         |
|    policy_gradient_loss | -0.00166     |
|    std                  | 0.0541       |
|    value_loss           | 23.5         |
------------------------------------------
Eval num_timesteps=25650000, episode_reward=3169.64 +/- 323.73
Episode length: 2000.00 +/- 0.00
----------------------------------------
| eval/                   |            |
|    mean_ep_length       | 2e+03      |
|    mean_reward          | 3.17e+03   |
| time/                   |            |
|    total_timesteps      | 25650000   |
| train/                  |            |
|    approx_kl            | 0.00593182 |
|    clip_fraction        | 0.0555     |
|    clip_range           | 0.2        |
|    entropy_loss         | 3.01       |
|    explained_variance   | 0.954      |
|    learning_rate        | 4.36e-05   |
|    loss                 | 2.88       |
|    n_updates            | 6590       |
|    policy_gradient_loss | -0.00101   |
|    std                  | 0.0542     |
|    value_loss           | 18.5       |
----------------------------------------
---------------------------------
| rollout/           |          |
|    ep_len_mean     | 1.95e+03 |
|    ep_rew_mean     | 2.92e+03 |
| time/              |          |
|    fps             | 1249     |
|    iterations      | 660      |
|    time_elapsed    | 20547    |
|    total_timesteps | 25681920 |
---------------------------------
-----------------------------------------
| rollout/                |             |
|    ep_len_mean          | 1.95e+03    |
|    ep_rew_mean          | 2.89e+03    |
| time/                   |             |
|    fps                  | 1250        |
|    iterations           | 661         |
|    time_elapsed         | 20571       |
|    total_timesteps      | 25720832    |
| train/                  |             |
|    approx_kl            | 0.004262232 |
|    clip_fraction        | 0.0477      |
|    clip_range           | 0.2         |
|    entropy_loss         | 3.01        |
|    explained_variance   | 0.931       |
|    learning_rate        | 4.32e-05    |
|    loss                 | 8           |
|    n_updates            | 6600        |
|    policy_gradient_loss | -0.00166    |
|    std                  | 0.0543      |
|    value_loss           | 20.8        |
-----------------------------------------
-----------------------------------------
| rollout/                |             |
|    ep_len_mean          | 1.97e+03    |
|    ep_rew_mean          | 2.91e+03    |
| time/                   |             |
|    fps                  | 1250        |
|    iterations           | 662         |
|    time_elapsed         | 20595       |
|    total_timesteps      | 25759744    |
| train/                  |             |
|    approx_kl            | 0.005810175 |
|    clip_fraction        | 0.053       |
|    clip_range           | 0.2         |
|    entropy_loss         | 3           |
|    explained_variance   | 0.946       |
|    learning_rate        | 4.28e-05    |
|    loss                 | 12.2        |
|    n_updates            | 6610        |
|    policy_gradient_loss | -0.00221    |
|    std                  | 0.0544      |
|    value_loss           | 20.9        |
-----------------------------------------
-----------------------------------------
| rollout/                |             |
|    ep_len_mean          | 1.97e+03    |
|    ep_rew_mean          | 2.93e+03    |
| time/                   |             |
|    fps                  | 1251        |
|    iterations           | 663         |
|    time_elapsed         | 20619       |
|    total_timesteps      | 25798656    |
| train/                  |             |
|    approx_kl            | 0.005952653 |
|    clip_fraction        | 0.0647      |
|    clip_range           | 0.2         |
|    entropy_loss         | 3           |
|    explained_variance   | 0.923       |
|    learning_rate        | 4.24e-05    |
|    loss                 | 6.25        |
|    n_updates            | 6620        |
|    policy_gradient_loss | -0.00146    |
|    std                  | 0.0544      |
|    value_loss           | 24.7        |
-----------------------------------------
-----------------------------------------
| rollout/                |             |
|    ep_len_mean          | 1.98e+03    |
|    ep_rew_mean          | 2.97e+03    |
| time/                   |             |
|    fps                  | 1251        |
|    iterations           | 664         |
|    time_elapsed         | 20643       |
|    total_timesteps      | 25837568    |
| train/                  |             |
|    approx_kl            | 0.004227401 |
|    clip_fraction        | 0.0464      |
|    clip_range           | 0.2         |
|    entropy_loss         | 3.01        |
|    explained_variance   | 0.951       |
|    learning_rate        | 4.2e-05     |
|    loss                 | 10.1        |
|    n_updates            | 6630        |
|    policy_gradient_loss | -0.000759   |
|    std                  | 0.0542      |
|    value_loss           | 18.6        |
-----------------------------------------
Eval num_timesteps=25840000, episode_reward=3128.22 +/- 381.12
Episode length: 2000.00 +/- 0.00
------------------------------------------
| eval/                   |              |
|    mean_ep_length       | 2e+03        |
|    mean_reward          | 3.13e+03     |
| time/                   |              |
|    total_timesteps      | 25840000     |
| train/                  |              |
|    approx_kl            | 0.0049080728 |
|    clip_fraction        | 0.0519       |
|    clip_range           | 0.2          |
|    entropy_loss         | 3.01         |
|    explained_variance   | 0.905        |
|    learning_rate        | 4.16e-05     |
|    loss                 | 13.7         |
|    n_updates            | 6640         |
|    policy_gradient_loss | -0.000649    |
|    std                  | 0.0542       |
|    value_loss           | 25.4         |
------------------------------------------
---------------------------------
| rollout/           |          |
|    ep_len_mean     | 1.98e+03 |
|    ep_rew_mean     | 2.99e+03 |
| time/              |          |
|    fps             | 1248     |
|    iterations      | 665      |
|    time_elapsed    | 20728    |
|    total_timesteps | 25876480 |
---------------------------------
------------------------------------------
| rollout/                |              |
|    ep_len_mean          | 2e+03        |
|    ep_rew_mean          | 3.02e+03     |
| time/                   |              |
|    fps                  | 1248         |
|    iterations           | 666          |
|    time_elapsed         | 20752        |
|    total_timesteps      | 25915392     |
| train/                  |              |
|    approx_kl            | 0.0055643218 |
|    clip_fraction        | 0.0578       |
|    clip_range           | 0.2          |
|    entropy_loss         | 3.01         |
|    explained_variance   | 0.931        |
|    learning_rate        | 4.12e-05     |
|    loss                 | 7.88         |
|    n_updates            | 6650         |
|    policy_gradient_loss | -0.00229     |
|    std                  | 0.054        |
|    value_loss           | 17.1         |
------------------------------------------
------------------------------------------
| rollout/                |              |
|    ep_len_mean          | 1.99e+03     |
|    ep_rew_mean          | 2.99e+03     |
| time/                   |              |
|    fps                  | 1249         |
|    iterations           | 667          |
|    time_elapsed         | 20777        |
|    total_timesteps      | 25954304     |
| train/                  |              |
|    approx_kl            | 0.0044925804 |
|    clip_fraction        | 0.0363       |
|    clip_range           | 0.2          |
|    entropy_loss         | 3.01         |
|    explained_variance   | 0.926        |
|    learning_rate        | 4.08e-05     |
|    loss                 | 12.4         |
|    n_updates            | 6660         |
|    policy_gradient_loss | -0.000675    |
|    std                  | 0.0542       |
|    value_loss           | 25.8         |
------------------------------------------
------------------------------------------
| rollout/                |              |
|    ep_len_mean          | 1.99e+03     |
|    ep_rew_mean          | 3e+03        |
| time/                   |              |
|    fps                  | 1249         |
|    iterations           | 668          |
|    time_elapsed         | 20801        |
|    total_timesteps      | 25993216     |
| train/                  |              |
|    approx_kl            | 0.0051159123 |
|    clip_fraction        | 0.0428       |
|    clip_range           | 0.2          |
|    entropy_loss         | 3.01         |
|    explained_variance   | 0.935        |
|    learning_rate        | 4.05e-05     |
|    loss                 | 6.77         |
|    n_updates            | 6670         |
|    policy_gradient_loss | -0.00142     |
|    std                  | 0.0543       |
|    value_loss           | 17.6         |
------------------------------------------
Eval num_timesteps=26030000, episode_reward=3128.94 +/- 396.59
Episode length: 2000.00 +/- 0.00
-----------------------------------------
| eval/                   |             |
|    mean_ep_length       | 2e+03       |
|    mean_reward          | 3.13e+03    |
| time/                   |             |
|    total_timesteps      | 26030000    |
| train/                  |             |
|    approx_kl            | 0.004795695 |
|    clip_fraction        | 0.0419      |
|    clip_range           | 0.2         |
|    entropy_loss         | 3.01        |
|    explained_variance   | 0.908       |
|    learning_rate        | 4.01e-05    |
|    loss                 | 18.5        |
|    n_updates            | 6680        |
|    policy_gradient_loss | -0.00201    |
|    std                  | 0.0544      |
|    value_loss           | 31.2        |
-----------------------------------------
---------------------------------
| rollout/           |          |
|    ep_len_mean     | 1.99e+03 |
|    ep_rew_mean     | 2.98e+03 |
| time/              |          |
|    fps             | 1246     |
|    iterations      | 669      |
|    time_elapsed    | 20883    |
|    total_timesteps | 26032128 |
---------------------------------
------------------------------------------
| rollout/                |              |
|    ep_len_mean          | 1.99e+03     |
|    ep_rew_mean          | 2.94e+03     |
| time/                   |              |
|    fps                  | 1246         |
|    iterations           | 670          |
|    time_elapsed         | 20907        |
|    total_timesteps      | 26071040     |
| train/                  |              |
|    approx_kl            | 0.0045618727 |
|    clip_fraction        | 0.036        |
|    clip_range           | 0.2          |
|    entropy_loss         | 3            |
|    explained_variance   | 0.947        |
|    learning_rate        | 3.97e-05     |
|    loss                 | 8.48         |
|    n_updates            | 6690         |
|    policy_gradient_loss | -0.00128     |
|    std                  | 0.0544       |
|    value_loss           | 22.4         |
------------------------------------------
----------------------------------------
| rollout/                |            |
|    ep_len_mean          | 1.99e+03   |
|    ep_rew_mean          | 2.95e+03   |
| time/                   |            |
|    fps                  | 1247       |
|    iterations           | 671        |
|    time_elapsed         | 20931      |
|    total_timesteps      | 26109952   |
| train/                  |            |
|    approx_kl            | 0.00509025 |
|    clip_fraction        | 0.0423     |
|    clip_range           | 0.2        |
|    entropy_loss         | 3          |
|    explained_variance   | 0.942      |
|    learning_rate        | 3.93e-05   |
|    loss                 | 8.92       |
|    n_updates            | 6700       |
|    policy_gradient_loss | -0.00109   |
|    std                  | 0.0544     |
|    value_loss           | 23.5       |
----------------------------------------
------------------------------------------
| rollout/                |              |
|    ep_len_mean          | 1.99e+03     |
|    ep_rew_mean          | 2.95e+03     |
| time/                   |              |
|    fps                  | 1247         |
|    iterations           | 672          |
|    time_elapsed         | 20954        |
|    total_timesteps      | 26148864     |
| train/                  |              |
|    approx_kl            | 0.0059418944 |
|    clip_fraction        | 0.0526       |
|    clip_range           | 0.2          |
|    entropy_loss         | 3            |
|    explained_variance   | 0.937        |
|    learning_rate        | 3.89e-05     |
|    loss                 | 10.1         |
|    n_updates            | 6710         |
|    policy_gradient_loss | -0.00182     |
|    std                  | 0.0545       |
|    value_loss           | 24.6         |
------------------------------------------
------------------------------------------
| rollout/                |              |
|    ep_len_mean          | 1.99e+03     |
|    ep_rew_mean          | 2.95e+03     |
| time/                   |              |
|    fps                  | 1248         |
|    iterations           | 673          |
|    time_elapsed         | 20978        |
|    total_timesteps      | 26187776     |
| train/                  |              |
|    approx_kl            | 0.0046523362 |
|    clip_fraction        | 0.0452       |
|    clip_range           | 0.2          |
|    entropy_loss         | 3            |
|    explained_variance   | 0.941        |
|    learning_rate        | 3.85e-05     |
|    loss                 | 7.83         |
|    n_updates            | 6720         |
|    policy_gradient_loss | -0.00138     |
|    std                  | 0.0544       |
|    value_loss           | 24.2         |
------------------------------------------
Eval num_timesteps=26220000, episode_reward=3150.68 +/- 350.40
Episode length: 2000.00 +/- 0.00
------------------------------------------
| eval/                   |              |
|    mean_ep_length       | 2e+03        |
|    mean_reward          | 3.15e+03     |
| time/                   |              |
|    total_timesteps      | 26220000     |
| train/                  |              |
|    approx_kl            | 0.0049304543 |
|    clip_fraction        | 0.0469       |
|    clip_range           | 0.2          |
|    entropy_loss         | 3            |
|    explained_variance   | 0.949        |
|    learning_rate        | 3.81e-05     |
|    loss                 | 4.25         |
|    n_updates            | 6730         |
|    policy_gradient_loss | -0.00118     |
|    std                  | 0.0545       |
|    value_loss           | 21.1         |
------------------------------------------
---------------------------------
| rollout/           |          |
|    ep_len_mean     | 1.97e+03 |
|    ep_rew_mean     | 2.95e+03 |
| time/              |          |
|    fps             | 1245     |
|    iterations      | 674      |
|    time_elapsed    | 21061    |
|    total_timesteps | 26226688 |
---------------------------------
------------------------------------------
| rollout/                |              |
|    ep_len_mean          | 1.97e+03     |
|    ep_rew_mean          | 2.96e+03     |
| time/                   |              |
|    fps                  | 1245         |
|    iterations           | 675          |
|    time_elapsed         | 21085        |
|    total_timesteps      | 26265600     |
| train/                  |              |
|    approx_kl            | 0.0048964764 |
|    clip_fraction        | 0.0425       |
|    clip_range           | 0.2          |
|    entropy_loss         | 2.99         |
|    explained_variance   | 0.93         |
|    learning_rate        | 3.77e-05     |
|    loss                 | 7.33         |
|    n_updates            | 6740         |
|    policy_gradient_loss | -0.002       |
|    std                  | 0.0546       |
|    value_loss           | 26           |
------------------------------------------
------------------------------------------
| rollout/                |              |
|    ep_len_mean          | 1.98e+03     |
|    ep_rew_mean          | 2.96e+03     |
| time/                   |              |
|    fps                  | 1246         |
|    iterations           | 676          |
|    time_elapsed         | 21110        |
|    total_timesteps      | 26304512     |
| train/                  |              |
|    approx_kl            | 0.0045781783 |
|    clip_fraction        | 0.0491       |
|    clip_range           | 0.2          |
|    entropy_loss         | 2.99         |
|    explained_variance   | 0.948        |
|    learning_rate        | 3.73e-05     |
|    loss                 | 3.15         |
|    n_updates            | 6750         |
|    policy_gradient_loss | -0.00144     |
|    std                  | 0.0546       |
|    value_loss           | 13.9         |
------------------------------------------
------------------------------------------
| rollout/                |              |
|    ep_len_mean          | 1.98e+03     |
|    ep_rew_mean          | 2.96e+03     |
| time/                   |              |
|    fps                  | 1246         |
|    iterations           | 677          |
|    time_elapsed         | 21134        |
|    total_timesteps      | 26343424     |
| train/                  |              |
|    approx_kl            | 0.0053164624 |
|    clip_fraction        | 0.0472       |
|    clip_range           | 0.2          |
|    entropy_loss         | 2.99         |
|    explained_variance   | 0.952        |
|    learning_rate        | 3.7e-05      |
|    loss                 | 12.5         |
|    n_updates            | 6760         |
|    policy_gradient_loss | -0.00178     |
|    std                  | 0.0547       |
|    value_loss           | 19.8         |
------------------------------------------
------------------------------------------
| rollout/                |              |
|    ep_len_mean          | 1.95e+03     |
|    ep_rew_mean          | 2.91e+03     |
| time/                   |              |
|    fps                  | 1246         |
|    iterations           | 678          |
|    time_elapsed         | 21158        |
|    total_timesteps      | 26382336     |
| train/                  |              |
|    approx_kl            | 0.0054398538 |
|    clip_fraction        | 0.0496       |
|    clip_range           | 0.2          |
|    entropy_loss         | 2.99         |
|    explained_variance   | 0.941        |
|    learning_rate        | 3.66e-05     |
|    loss                 | 7.18         |
|    n_updates            | 6770         |
|    policy_gradient_loss | -0.0011      |
|    std                  | 0.0547       |
|    value_loss           | 19.9         |
------------------------------------------
Eval num_timesteps=26410000, episode_reward=3141.17 +/- 344.37
Episode length: 2000.00 +/- 0.00
-----------------------------------------
| eval/                   |             |
|    mean_ep_length       | 2e+03       |
|    mean_reward          | 3.14e+03    |
| time/                   |             |
|    total_timesteps      | 26410000    |
| train/                  |             |
|    approx_kl            | 0.004774187 |
|    clip_fraction        | 0.037       |
|    clip_range           | 0.2         |
|    entropy_loss         | 2.99        |
|    explained_variance   | 0.943       |
|    learning_rate        | 3.62e-05    |
|    loss                 | 9.82        |
|    n_updates            | 6780        |
|    policy_gradient_loss | -0.00137    |
|    std                  | 0.0548      |
|    value_loss           | 24.2        |
-----------------------------------------
---------------------------------
| rollout/           |          |
|    ep_len_mean     | 1.95e+03 |
|    ep_rew_mean     | 2.89e+03 |
| time/              |          |
|    fps             | 1243     |
|    iterations      | 679      |
|    time_elapsed    | 21242    |
|    total_timesteps | 26421248 |
---------------------------------
------------------------------------------
| rollout/                |              |
|    ep_len_mean          | 1.95e+03     |
|    ep_rew_mean          | 2.9e+03      |
| time/                   |              |
|    fps                  | 1244         |
|    iterations           | 680          |
|    time_elapsed         | 21267        |
|    total_timesteps      | 26460160     |
| train/                  |              |
|    approx_kl            | 0.0055964156 |
|    clip_fraction        | 0.0498       |
|    clip_range           | 0.2          |
|    entropy_loss         | 2.98         |
|    explained_variance   | 0.928        |
|    learning_rate        | 3.58e-05     |
|    loss                 | 7.06         |
|    n_updates            | 6790         |
|    policy_gradient_loss | -0.0017      |
|    std                  | 0.0549       |
|    value_loss           | 21.1         |
------------------------------------------
-----------------------------------------
| rollout/                |             |
|    ep_len_mean          | 1.95e+03    |
|    ep_rew_mean          | 2.91e+03    |
| time/                   |             |
|    fps                  | 1244        |
|    iterations           | 681         |
|    time_elapsed         | 21293       |
|    total_timesteps      | 26499072    |
| train/                  |             |
|    approx_kl            | 0.004508058 |
|    clip_fraction        | 0.0432      |
|    clip_range           | 0.2         |
|    entropy_loss         | 2.98        |
|    explained_variance   | 0.911       |
|    learning_rate        | 3.54e-05    |
|    loss                 | 9.67        |
|    n_updates            | 6800        |
|    policy_gradient_loss | -0.00137    |
|    std                  | 0.0548      |
|    value_loss           | 22.7        |
-----------------------------------------
------------------------------------------
| rollout/                |              |
|    ep_len_mean          | 1.92e+03     |
|    ep_rew_mean          | 2.87e+03     |
| time/                   |              |
|    fps                  | 1244         |
|    iterations           | 682          |
|    time_elapsed         | 21318        |
|    total_timesteps      | 26537984     |
| train/                  |              |
|    approx_kl            | 0.0043925047 |
|    clip_fraction        | 0.0459       |
|    clip_range           | 0.2          |
|    entropy_loss         | 2.98         |
|    explained_variance   | 0.92         |
|    learning_rate        | 3.5e-05      |
|    loss                 | 12.8         |
|    n_updates            | 6810         |
|    policy_gradient_loss | -0.00114     |
|    std                  | 0.0549       |
|    value_loss           | 20.6         |
------------------------------------------
------------------------------------------
| rollout/                |              |
|    ep_len_mean          | 1.94e+03     |
|    ep_rew_mean          | 2.92e+03     |
| time/                   |              |
|    fps                  | 1245         |
|    iterations           | 683          |
|    time_elapsed         | 21342        |
|    total_timesteps      | 26576896     |
| train/                  |              |
|    approx_kl            | 0.0047270567 |
|    clip_fraction        | 0.0342       |
|    clip_range           | 0.2          |
|    entropy_loss         | 2.98         |
|    explained_variance   | 0.948        |
|    learning_rate        | 3.46e-05     |
|    loss                 | 4.4          |
|    n_updates            | 6820         |
|    policy_gradient_loss | -0.00126     |
|    std                  | 0.0549       |
|    value_loss           | 21.5         |
------------------------------------------
Eval num_timesteps=26600000, episode_reward=3197.07 +/- 332.72
Episode length: 2000.00 +/- 0.00
-----------------------------------------
| eval/                   |             |
|    mean_ep_length       | 2e+03       |
|    mean_reward          | 3.2e+03     |
| time/                   |             |
|    total_timesteps      | 26600000    |
| train/                  |             |
|    approx_kl            | 0.005510096 |
|    clip_fraction        | 0.0508      |
|    clip_range           | 0.2         |
|    entropy_loss         | 2.98        |
|    explained_variance   | 0.937       |
|    learning_rate        | 3.42e-05    |
|    loss                 | 9.53        |
|    n_updates            | 6830        |
|    policy_gradient_loss | -0.00163    |
|    std                  | 0.0548      |
|    value_loss           | 21.6        |
-----------------------------------------
New best mean reward!
---------------------------------
| rollout/           |          |
|    ep_len_mean     | 1.96e+03 |
|    ep_rew_mean     | 2.96e+03 |
| time/              |          |
|    fps             | 1242     |
|    iterations      | 684      |
|    time_elapsed    | 21424    |
|    total_timesteps | 26615808 |
---------------------------------
-----------------------------------------
| rollout/                |             |
|    ep_len_mean          | 1.96e+03    |
|    ep_rew_mean          | 2.97e+03    |
| time/                   |             |
|    fps                  | 1242        |
|    iterations           | 685         |
|    time_elapsed         | 21448       |
|    total_timesteps      | 26654720    |
| train/                  |             |
|    approx_kl            | 0.005177855 |
|    clip_fraction        | 0.045       |
|    clip_range           | 0.2         |
|    entropy_loss         | 2.98        |
|    explained_variance   | 0.951       |
|    learning_rate        | 3.38e-05    |
|    loss                 | 9.89        |
|    n_updates            | 6840        |
|    policy_gradient_loss | -0.00142    |
|    std                  | 0.0549      |
|    value_loss           | 16.8        |
-----------------------------------------
------------------------------------------
| rollout/                |              |
|    ep_len_mean          | 1.93e+03     |
|    ep_rew_mean          | 2.92e+03     |
| time/                   |              |
|    fps                  | 1243         |
|    iterations           | 686          |
|    time_elapsed         | 21473        |
|    total_timesteps      | 26693632     |
| train/                  |              |
|    approx_kl            | 0.0041251895 |
|    clip_fraction        | 0.0401       |
|    clip_range           | 0.2          |
|    entropy_loss         | 2.98         |
|    explained_variance   | 0.946        |
|    learning_rate        | 3.35e-05     |
|    loss                 | 13.5         |
|    n_updates            | 6850         |
|    policy_gradient_loss | -0.0016      |
|    std                  | 0.0551       |
|    value_loss           | 20.3         |
------------------------------------------
------------------------------------------
| rollout/                |              |
|    ep_len_mean          | 1.96e+03     |
|    ep_rew_mean          | 2.97e+03     |
| time/                   |              |
|    fps                  | 1243         |
|    iterations           | 687          |
|    time_elapsed         | 21497        |
|    total_timesteps      | 26732544     |
| train/                  |              |
|    approx_kl            | 0.0030572594 |
|    clip_fraction        | 0.0294       |
|    clip_range           | 0.2          |
|    entropy_loss         | 2.98         |
|    explained_variance   | 0.942        |
|    learning_rate        | 3.31e-05     |
|    loss                 | 6.93         |
|    n_updates            | 6860         |
|    policy_gradient_loss | -0.00107     |
|    std                  | 0.055        |
|    value_loss           | 23.8         |
------------------------------------------
------------------------------------------
| rollout/                |              |
|    ep_len_mean          | 1.94e+03     |
|    ep_rew_mean          | 2.93e+03     |
| time/                   |              |
|    fps                  | 1243         |
|    iterations           | 688          |
|    time_elapsed         | 21521        |
|    total_timesteps      | 26771456     |
| train/                  |              |
|    approx_kl            | 0.0045417584 |
|    clip_fraction        | 0.0344       |
|    clip_range           | 0.2          |
|    entropy_loss         | 2.98         |
|    explained_variance   | 0.939        |
|    learning_rate        | 3.27e-05     |
|    loss                 | 8.37         |
|    n_updates            | 6870         |
|    policy_gradient_loss | -0.000882    |
|    std                  | 0.055        |
|    value_loss           | 20.5         |
------------------------------------------
Eval num_timesteps=26790000, episode_reward=3222.90 +/- 299.71
Episode length: 2000.00 +/- 0.00
-----------------------------------------
| eval/                   |             |
|    mean_ep_length       | 2e+03       |
|    mean_reward          | 3.22e+03    |
| time/                   |             |
|    total_timesteps      | 26790000    |
| train/                  |             |
|    approx_kl            | 0.005533745 |
|    clip_fraction        | 0.044       |
|    clip_range           | 0.2         |
|    entropy_loss         | 2.98        |
|    explained_variance   | 0.951       |
|    learning_rate        | 3.23e-05    |
|    loss                 | 10.7        |
|    n_updates            | 6880        |
|    policy_gradient_loss | -0.00177    |
|    std                  | 0.055       |
|    value_loss           | 25.6        |
-----------------------------------------
New best mean reward!
---------------------------------
| rollout/           |          |
|    ep_len_mean     | 1.96e+03 |
|    ep_rew_mean     | 2.95e+03 |
| time/              |          |
|    fps             | 1241     |
|    iterations      | 689      |
|    time_elapsed    | 21603    |
|    total_timesteps | 26810368 |
---------------------------------
-----------------------------------------
| rollout/                |             |
|    ep_len_mean          | 1.96e+03    |
|    ep_rew_mean          | 2.95e+03    |
| time/                   |             |
|    fps                  | 1241        |
|    iterations           | 690         |
|    time_elapsed         | 21627       |
|    total_timesteps      | 26849280    |
| train/                  |             |
|    approx_kl            | 0.005278753 |
|    clip_fraction        | 0.0418      |
|    clip_range           | 0.2         |
|    entropy_loss         | 2.98        |
|    explained_variance   | 0.93        |
|    learning_rate        | 3.19e-05    |
|    loss                 | 20.2        |
|    n_updates            | 6890        |
|    policy_gradient_loss | -0.000563   |
|    std                  | 0.055       |
|    value_loss           | 24          |
-----------------------------------------
------------------------------------------
| rollout/                |              |
|    ep_len_mean          | 1.98e+03     |
|    ep_rew_mean          | 2.98e+03     |
| time/                   |              |
|    fps                  | 1241         |
|    iterations           | 691          |
|    time_elapsed         | 21651        |
|    total_timesteps      | 26888192     |
| train/                  |              |
|    approx_kl            | 0.0038235814 |
|    clip_fraction        | 0.0352       |
|    clip_range           | 0.2          |
|    entropy_loss         | 2.98         |
|    explained_variance   | 0.937        |
|    learning_rate        | 3.15e-05     |
|    loss                 | 14.2         |
|    n_updates            | 6900         |
|    policy_gradient_loss | -0.000344    |
|    std                  | 0.0549       |
|    value_loss           | 22.7         |
------------------------------------------
------------------------------------------
| rollout/                |              |
|    ep_len_mean          | 1.97e+03     |
|    ep_rew_mean          | 2.96e+03     |
| time/                   |              |
|    fps                  | 1242         |
|    iterations           | 692          |
|    time_elapsed         | 21675        |
|    total_timesteps      | 26927104     |
| train/                  |              |
|    approx_kl            | 0.0043411087 |
|    clip_fraction        | 0.0356       |
|    clip_range           | 0.2          |
|    entropy_loss         | 2.98         |
|    explained_variance   | 0.939        |
|    learning_rate        | 3.11e-05     |
|    loss                 | 9.6          |
|    n_updates            | 6910         |
|    policy_gradient_loss | -0.0015      |
|    std                  | 0.0551       |
|    value_loss           | 23.4         |
------------------------------------------
------------------------------------------
| rollout/                |              |
|    ep_len_mean          | 1.99e+03     |
|    ep_rew_mean          | 2.99e+03     |
| time/                   |              |
|    fps                  | 1242         |
|    iterations           | 693          |
|    time_elapsed         | 21699        |
|    total_timesteps      | 26966016     |
| train/                  |              |
|    approx_kl            | 0.0052350876 |
|    clip_fraction        | 0.0496       |
|    clip_range           | 0.2          |
|    entropy_loss         | 2.97         |
|    explained_variance   | 0.913        |
|    learning_rate        | 3.07e-05     |
|    loss                 | 15.7         |
|    n_updates            | 6920         |
|    policy_gradient_loss | -0.0014      |
|    std                  | 0.0552       |
|    value_loss           | 22.5         |
------------------------------------------
Eval num_timesteps=26980000, episode_reward=3200.29 +/- 323.63
Episode length: 2000.00 +/- 0.00
-----------------------------------------
| eval/                   |             |
|    mean_ep_length       | 2e+03       |
|    mean_reward          | 3.2e+03     |
| time/                   |             |
|    total_timesteps      | 26980000    |
| train/                  |             |
|    approx_kl            | 0.004298035 |
|    clip_fraction        | 0.037       |
|    clip_range           | 0.2         |
|    entropy_loss         | 2.97        |
|    explained_variance   | 0.944       |
|    learning_rate        | 3.03e-05    |
|    loss                 | 8.91        |
|    n_updates            | 6930        |
|    policy_gradient_loss | -0.00156    |
|    std                  | 0.0552      |
|    value_loss           | 19.8        |
-----------------------------------------
---------------------------------
| rollout/           |          |
|    ep_len_mean     | 1.99e+03 |
|    ep_rew_mean     | 2.99e+03 |
| time/              |          |
|    fps             | 1239     |
|    iterations      | 694      |
|    time_elapsed    | 21782    |
|    total_timesteps | 27004928 |
---------------------------------
------------------------------------------
| rollout/                |              |
|    ep_len_mean          | 1.99e+03     |
|    ep_rew_mean          | 2.98e+03     |
| time/                   |              |
|    fps                  | 1240         |
|    iterations           | 695          |
|    time_elapsed         | 21806        |
|    total_timesteps      | 27043840     |
| train/                  |              |
|    approx_kl            | 0.0043860213 |
|    clip_fraction        | 0.031        |
|    clip_range           | 0.2          |
|    entropy_loss         | 2.97         |
|    explained_variance   | 0.911        |
|    learning_rate        | 3e-05        |
|    loss                 | 24.9         |
|    n_updates            | 6940         |
|    policy_gradient_loss | -0.00106     |
|    std                  | 0.0552       |
|    value_loss           | 28.9         |
------------------------------------------
------------------------------------------
| rollout/                |              |
|    ep_len_mean          | 1.99e+03     |
|    ep_rew_mean          | 2.98e+03     |
| time/                   |              |
|    fps                  | 1240         |
|    iterations           | 696          |
|    time_elapsed         | 21830        |
|    total_timesteps      | 27082752     |
| train/                  |              |
|    approx_kl            | 0.0047660735 |
|    clip_fraction        | 0.0384       |
|    clip_range           | 0.2          |
|    entropy_loss         | 2.97         |
|    explained_variance   | 0.935        |
|    learning_rate        | 2.96e-05     |
|    loss                 | 5.32         |
|    n_updates            | 6950         |
|    policy_gradient_loss | -0.0013      |
|    std                  | 0.0553       |
|    value_loss           | 21.1         |
------------------------------------------
------------------------------------------
| rollout/                |              |
|    ep_len_mean          | 1.98e+03     |
|    ep_rew_mean          | 2.94e+03     |
| time/                   |              |
|    fps                  | 1241         |
|    iterations           | 697          |
|    time_elapsed         | 21854        |
|    total_timesteps      | 27121664     |
| train/                  |              |
|    approx_kl            | 0.0039053846 |
|    clip_fraction        | 0.0342       |
|    clip_range           | 0.2          |
|    entropy_loss         | 2.96         |
|    explained_variance   | 0.949        |
|    learning_rate        | 2.92e-05     |
|    loss                 | 9.21         |
|    n_updates            | 6960         |
|    policy_gradient_loss | -0.00142     |
|    std                  | 0.0555       |
|    value_loss           | 18.1         |
------------------------------------------
------------------------------------------
| rollout/                |              |
|    ep_len_mean          | 1.98e+03     |
|    ep_rew_mean          | 2.92e+03     |
| time/                   |              |
|    fps                  | 1241         |
|    iterations           | 698          |
|    time_elapsed         | 21877        |
|    total_timesteps      | 27160576     |
| train/                  |              |
|    approx_kl            | 0.0040488266 |
|    clip_fraction        | 0.0363       |
|    clip_range           | 0.2          |
|    entropy_loss         | 2.96         |
|    explained_variance   | 0.933        |
|    learning_rate        | 2.88e-05     |
|    loss                 | 21.6         |
|    n_updates            | 6970         |
|    policy_gradient_loss | -0.00174     |
|    std                  | 0.0555       |
|    value_loss           | 27.6         |
------------------------------------------
Eval num_timesteps=27170000, episode_reward=3189.81 +/- 287.51
Episode length: 2000.00 +/- 0.00
------------------------------------------
| eval/                   |              |
|    mean_ep_length       | 2e+03        |
|    mean_reward          | 3.19e+03     |
| time/                   |              |
|    total_timesteps      | 27170000     |
| train/                  |              |
|    approx_kl            | 0.0045154714 |
|    clip_fraction        | 0.0428       |
|    clip_range           | 0.2          |
|    entropy_loss         | 2.96         |
|    explained_variance   | 0.915        |
|    learning_rate        | 2.84e-05     |
|    loss                 | 5.3          |
|    n_updates            | 6980         |
|    policy_gradient_loss | -0.0012      |
|    std                  | 0.0555       |
|    value_loss           | 23.2         |
------------------------------------------
---------------------------------
| rollout/           |          |
|    ep_len_mean     | 1.98e+03 |
|    ep_rew_mean     | 2.91e+03 |
| time/              |          |
|    fps             | 1238     |
|    iterations      | 699      |
|    time_elapsed    | 21966    |
|    total_timesteps | 27199488 |
---------------------------------
------------------------------------------
| rollout/                |              |
|    ep_len_mean          | 1.98e+03     |
|    ep_rew_mean          | 2.93e+03     |
| time/                   |              |
|    fps                  | 1238         |
|    iterations           | 700          |
|    time_elapsed         | 21990        |
|    total_timesteps      | 27238400     |
| train/                  |              |
|    approx_kl            | 0.0033179824 |
|    clip_fraction        | 0.0231       |
|    clip_range           | 0.2          |
|    entropy_loss         | 2.96         |
|    explained_variance   | 0.947        |
|    learning_rate        | 2.8e-05      |
|    loss                 | 13.2         |
|    n_updates            | 6990         |
|    policy_gradient_loss | -0.00111     |
|    std                  | 0.0557       |
|    value_loss           | 22.4         |
------------------------------------------
------------------------------------------
| rollout/                |              |
|    ep_len_mean          | 1.98e+03     |
|    ep_rew_mean          | 2.94e+03     |
| time/                   |              |
|    fps                  | 1239         |
|    iterations           | 701          |
|    time_elapsed         | 22014        |
|    total_timesteps      | 27277312     |
| train/                  |              |
|    approx_kl            | 0.0045198025 |
|    clip_fraction        | 0.0339       |
|    clip_range           | 0.2          |
|    entropy_loss         | 2.95         |
|    explained_variance   | 0.949        |
|    learning_rate        | 2.76e-05     |
|    loss                 | 9.29         |
|    n_updates            | 7000         |
|    policy_gradient_loss | -0.0011      |
|    std                  | 0.0557       |
|    value_loss           | 22.4         |
------------------------------------------
-----------------------------------------
| rollout/                |             |
|    ep_len_mean          | 1.98e+03    |
|    ep_rew_mean          | 2.97e+03    |
| time/                   |             |
|    fps                  | 1239        |
|    iterations           | 702         |
|    time_elapsed         | 22039       |
|    total_timesteps      | 27316224    |
| train/                  |             |
|    approx_kl            | 0.004353749 |
|    clip_fraction        | 0.046       |
|    clip_range           | 0.2         |
|    entropy_loss         | 2.95        |
|    explained_variance   | 0.921       |
|    learning_rate        | 2.72e-05    |
|    loss                 | 3.95        |
|    n_updates            | 7010        |
|    policy_gradient_loss | -0.00152    |
|    std                  | 0.0558      |
|    value_loss           | 18.3        |
-----------------------------------------
------------------------------------------
| rollout/                |              |
|    ep_len_mean          | 1.98e+03     |
|    ep_rew_mean          | 2.99e+03     |
| time/                   |              |
|    fps                  | 1239         |
|    iterations           | 703          |
|    time_elapsed         | 22063        |
|    total_timesteps      | 27355136     |
| train/                  |              |
|    approx_kl            | 0.0029592067 |
|    clip_fraction        | 0.0199       |
|    clip_range           | 0.2          |
|    entropy_loss         | 2.95         |
|    explained_variance   | 0.926        |
|    learning_rate        | 2.68e-05     |
|    loss                 | 6.32         |
|    n_updates            | 7020         |
|    policy_gradient_loss | -0.00129     |
|    std                  | 0.0558       |
|    value_loss           | 25.8         |
------------------------------------------
Eval num_timesteps=27360000, episode_reward=3197.17 +/- 276.95
Episode length: 2000.00 +/- 0.00
-----------------------------------------
| eval/                   |             |
|    mean_ep_length       | 2e+03       |
|    mean_reward          | 3.2e+03     |
| time/                   |             |
|    total_timesteps      | 27360000    |
| train/                  |             |
|    approx_kl            | 0.004593955 |
|    clip_fraction        | 0.0411      |
|    clip_range           | 0.2         |
|    entropy_loss         | 2.95        |
|    explained_variance   | 0.922       |
|    learning_rate        | 2.64e-05    |
|    loss                 | 6.06        |
|    n_updates            | 7030        |
|    policy_gradient_loss | -0.0016     |
|    std                  | 0.0558      |
|    value_loss           | 15.8        |
-----------------------------------------
---------------------------------
| rollout/           |          |
|    ep_len_mean     | 1.98e+03 |
|    ep_rew_mean     | 3.01e+03 |
| time/              |          |
|    fps             | 1236     |
|    iterations      | 704      |
|    time_elapsed    | 22146    |
|    total_timesteps | 27394048 |
---------------------------------
-----------------------------------------
| rollout/                |             |
|    ep_len_mean          | 1.98e+03    |
|    ep_rew_mean          | 3e+03       |
| time/                   |             |
|    fps                  | 1237        |
|    iterations           | 705         |
|    time_elapsed         | 22170       |
|    total_timesteps      | 27432960    |
| train/                  |             |
|    approx_kl            | 0.004277145 |
|    clip_fraction        | 0.0234      |
|    clip_range           | 0.2         |
|    entropy_loss         | 2.95        |
|    explained_variance   | 0.927       |
|    learning_rate        | 2.61e-05    |
|    loss                 | 7.24        |
|    n_updates            | 7040        |
|    policy_gradient_loss | -0.000521   |
|    std                  | 0.0558      |
|    value_loss           | 29.5        |
-----------------------------------------
------------------------------------------
| rollout/                |              |
|    ep_len_mean          | 1.98e+03     |
|    ep_rew_mean          | 2.99e+03     |
| time/                   |              |
|    fps                  | 1237         |
|    iterations           | 706          |
|    time_elapsed         | 22194        |
|    total_timesteps      | 27471872     |
| train/                  |              |
|    approx_kl            | 0.0035498727 |
|    clip_fraction        | 0.0253       |
|    clip_range           | 0.2          |
|    entropy_loss         | 2.95         |
|    explained_variance   | 0.931        |
|    learning_rate        | 2.57e-05     |
|    loss                 | 11           |
|    n_updates            | 7050         |
|    policy_gradient_loss | -0.00155     |
|    std                  | 0.056        |
|    value_loss           | 25.4         |
------------------------------------------
------------------------------------------
| rollout/                |              |
|    ep_len_mean          | 2e+03        |
|    ep_rew_mean          | 3.02e+03     |
| time/                   |              |
|    fps                  | 1238         |
|    iterations           | 707          |
|    time_elapsed         | 22218        |
|    total_timesteps      | 27510784     |
| train/                  |              |
|    approx_kl            | 0.0047048735 |
|    clip_fraction        | 0.0436       |
|    clip_range           | 0.2          |
|    entropy_loss         | 2.94         |
|    explained_variance   | 0.944        |
|    learning_rate        | 2.53e-05     |
|    loss                 | 7.19         |
|    n_updates            | 7060         |
|    policy_gradient_loss | -0.00169     |
|    std                  | 0.0562       |
|    value_loss           | 21.5         |
------------------------------------------
-----------------------------------------
| rollout/                |             |
|    ep_len_mean          | 2e+03       |
|    ep_rew_mean          | 3.02e+03    |
| time/                   |             |
|    fps                  | 1238        |
|    iterations           | 708         |
|    time_elapsed         | 22242       |
|    total_timesteps      | 27549696    |
| train/                  |             |
|    approx_kl            | 0.005871141 |
|    clip_fraction        | 0.0457      |
|    clip_range           | 0.2         |
|    entropy_loss         | 2.94        |
|    explained_variance   | 0.949       |
|    learning_rate        | 2.49e-05    |
|    loss                 | 7.44        |
|    n_updates            | 7070        |
|    policy_gradient_loss | -0.00181    |
|    std                  | 0.0563      |
|    value_loss           | 15.5        |
-----------------------------------------
Eval num_timesteps=27550000, episode_reward=3224.05 +/- 252.62
Episode length: 2000.00 +/- 0.00
------------------------------------------
| eval/                   |              |
|    mean_ep_length       | 2e+03        |
|    mean_reward          | 3.22e+03     |
| time/                   |              |
|    total_timesteps      | 27550000     |
| train/                  |              |
|    approx_kl            | 0.0047469963 |
|    clip_fraction        | 0.0393       |
|    clip_range           | 0.2          |
|    entropy_loss         | 2.93         |
|    explained_variance   | 0.928        |
|    learning_rate        | 2.45e-05     |
|    loss                 | 18           |
|    n_updates            | 7080         |
|    policy_gradient_loss | -0.00166     |
|    std                  | 0.0562       |
|    value_loss           | 22.2         |
------------------------------------------
New best mean reward!
---------------------------------
| rollout/           |          |
|    ep_len_mean     | 2e+03    |
|    ep_rew_mean     | 3.02e+03 |
| time/              |          |
|    fps             | 1235     |
|    iterations      | 709      |
|    time_elapsed    | 22325    |
|    total_timesteps | 27588608 |
---------------------------------
-----------------------------------------
| rollout/                |             |
|    ep_len_mean          | 2e+03       |
|    ep_rew_mean          | 3.03e+03    |
| time/                   |             |
|    fps                  | 1236        |
|    iterations           | 710         |
|    time_elapsed         | 22350       |
|    total_timesteps      | 27627520    |
| train/                  |             |
|    approx_kl            | 0.004596348 |
|    clip_fraction        | 0.0394      |
|    clip_range           | 0.2         |
|    entropy_loss         | 2.93        |
|    explained_variance   | 0.952       |
|    learning_rate        | 2.41e-05    |
|    loss                 | 10.5        |
|    n_updates            | 7090        |
|    policy_gradient_loss | -0.0012     |
|    std                  | 0.0563      |
|    value_loss           | 17.3        |
-----------------------------------------
------------------------------------------
| rollout/                |              |
|    ep_len_mean          | 2e+03        |
|    ep_rew_mean          | 3.03e+03     |
| time/                   |              |
|    fps                  | 1236         |
|    iterations           | 711          |
|    time_elapsed         | 22374        |
|    total_timesteps      | 27666432     |
| train/                  |              |
|    approx_kl            | 0.0050182105 |
|    clip_fraction        | 0.0366       |
|    clip_range           | 0.2          |
|    entropy_loss         | 2.93         |
|    explained_variance   | 0.95         |
|    learning_rate        | 2.37e-05     |
|    loss                 | 13.3         |
|    n_updates            | 7100         |
|    policy_gradient_loss | -0.00155     |
|    std                  | 0.0563       |
|    value_loss           | 23.6         |
------------------------------------------
-----------------------------------------
| rollout/                |             |
|    ep_len_mean          | 2e+03       |
|    ep_rew_mean          | 3.03e+03    |
| time/                   |             |
|    fps                  | 1236        |
|    iterations           | 712         |
|    time_elapsed         | 22399       |
|    total_timesteps      | 27705344    |
| train/                  |             |
|    approx_kl            | 0.003677433 |
|    clip_fraction        | 0.0238      |
|    clip_range           | 0.2         |
|    entropy_loss         | 2.93        |
|    explained_variance   | 0.941       |
|    learning_rate        | 2.33e-05    |
|    loss                 | 6.28        |
|    n_updates            | 7110        |
|    policy_gradient_loss | -0.000875   |
|    std                  | 0.0564      |
|    value_loss           | 25.7        |
-----------------------------------------
Eval num_timesteps=27740000, episode_reward=3211.27 +/- 248.55
Episode length: 2000.00 +/- 0.00
----------------------------------------
| eval/                   |            |
|    mean_ep_length       | 2e+03      |
|    mean_reward          | 3.21e+03   |
| time/                   |            |
|    total_timesteps      | 27740000   |
| train/                  |            |
|    approx_kl            | 0.00514533 |
|    clip_fraction        | 0.0346     |
|    clip_range           | 0.2        |
|    entropy_loss         | 2.93       |
|    explained_variance   | 0.926      |
|    learning_rate        | 2.29e-05   |
|    loss                 | 7.66       |
|    n_updates            | 7120       |
|    policy_gradient_loss | -0.000835  |
|    std                  | 0.0564     |
|    value_loss           | 22.1       |
----------------------------------------
---------------------------------
| rollout/           |          |
|    ep_len_mean     | 1.98e+03 |
|    ep_rew_mean     | 3.01e+03 |
| time/              |          |
|    fps             | 1233     |
|    iterations      | 713      |
|    time_elapsed    | 22484    |
|    total_timesteps | 27744256 |
---------------------------------
------------------------------------------
| rollout/                |              |
|    ep_len_mean          | 1.98e+03     |
|    ep_rew_mean          | 3.01e+03     |
| time/                   |              |
|    fps                  | 1234         |
|    iterations           | 714          |
|    time_elapsed         | 22507        |
|    total_timesteps      | 27783168     |
| train/                  |              |
|    approx_kl            | 0.0039117495 |
|    clip_fraction        | 0.031        |
|    clip_range           | 0.2          |
|    entropy_loss         | 2.93         |
|    explained_variance   | 0.937        |
|    learning_rate        | 2.26e-05     |
|    loss                 | 4.06         |
|    n_updates            | 7130         |
|    policy_gradient_loss | -0.00129     |
|    std                  | 0.0564       |
|    value_loss           | 16.5         |
------------------------------------------
------------------------------------------
| rollout/                |              |
|    ep_len_mean          | 1.98e+03     |
|    ep_rew_mean          | 3e+03        |
| time/                   |              |
|    fps                  | 1234         |
|    iterations           | 715          |
|    time_elapsed         | 22531        |
|    total_timesteps      | 27822080     |
| train/                  |              |
|    approx_kl            | 0.0035350884 |
|    clip_fraction        | 0.0242       |
|    clip_range           | 0.2          |
|    entropy_loss         | 2.93         |
|    explained_variance   | 0.942        |
|    learning_rate        | 2.22e-05     |
|    loss                 | 15.8         |
|    n_updates            | 7140         |
|    policy_gradient_loss | -0.00135     |
|    std                  | 0.0564       |
|    value_loss           | 26.3         |
------------------------------------------
-----------------------------------------
| rollout/                |             |
|    ep_len_mean          | 1.98e+03    |
|    ep_rew_mean          | 3.01e+03    |
| time/                   |             |
|    fps                  | 1235        |
|    iterations           | 716         |
|    time_elapsed         | 22556       |
|    total_timesteps      | 27860992    |
| train/                  |             |
|    approx_kl            | 0.005599371 |
|    clip_fraction        | 0.0302      |
|    clip_range           | 0.2         |
|    entropy_loss         | 2.93        |
|    explained_variance   | 0.957       |
|    learning_rate        | 2.18e-05    |
|    loss                 | 9.37        |
|    n_updates            | 7150        |
|    policy_gradient_loss | -0.00137    |
|    std                  | 0.0564      |
|    value_loss           | 18.9        |
-----------------------------------------
-----------------------------------------
| rollout/                |             |
|    ep_len_mean          | 1.98e+03    |
|    ep_rew_mean          | 3e+03       |
| time/                   |             |
|    fps                  | 1235        |
|    iterations           | 717         |
|    time_elapsed         | 22579       |
|    total_timesteps      | 27899904    |
| train/                  |             |
|    approx_kl            | 0.003924888 |
|    clip_fraction        | 0.0295      |
|    clip_range           | 0.2         |
|    entropy_loss         | 2.93        |
|    explained_variance   | 0.923       |
|    learning_rate        | 2.14e-05    |
|    loss                 | 11.2        |
|    n_updates            | 7160        |
|    policy_gradient_loss | -0.00114    |
|    std                  | 0.0565      |
|    value_loss           | 23.1        |
-----------------------------------------
Eval num_timesteps=27930000, episode_reward=3261.80 +/- 236.32
Episode length: 2000.00 +/- 0.00
------------------------------------------
| eval/                   |              |
|    mean_ep_length       | 2e+03        |
|    mean_reward          | 3.26e+03     |
| time/                   |              |
|    total_timesteps      | 27930000     |
| train/                  |              |
|    approx_kl            | 0.0034237257 |
|    clip_fraction        | 0.0243       |
|    clip_range           | 0.2          |
|    entropy_loss         | 2.93         |
|    explained_variance   | 0.931        |
|    learning_rate        | 2.1e-05      |
|    loss                 | 10.9         |
|    n_updates            | 7170         |
|    policy_gradient_loss | -0.00105     |
|    std                  | 0.0565       |
|    value_loss           | 21.9         |
------------------------------------------
New best mean reward!
---------------------------------
| rollout/           |          |
|    ep_len_mean     | 2e+03    |
|    ep_rew_mean     | 3.03e+03 |
| time/              |          |
|    fps             | 1232     |
|    iterations      | 718      |
|    time_elapsed    | 22663    |
|    total_timesteps | 27938816 |
---------------------------------
------------------------------------------
| rollout/                |              |
|    ep_len_mean          | 2e+03        |
|    ep_rew_mean          | 3.03e+03     |
| time/                   |              |
|    fps                  | 1233         |
|    iterations           | 719          |
|    time_elapsed         | 22687        |
|    total_timesteps      | 27977728     |
| train/                  |              |
|    approx_kl            | 0.0039756857 |
|    clip_fraction        | 0.0342       |
|    clip_range           | 0.2          |
|    entropy_loss         | 2.93         |
|    explained_variance   | 0.92         |
|    learning_rate        | 2.06e-05     |
|    loss                 | 6.39         |
|    n_updates            | 7180         |
|    policy_gradient_loss | -0.00118     |
|    std                  | 0.0564       |
|    value_loss           | 19.5         |
------------------------------------------
-----------------------------------------
| rollout/                |             |
|    ep_len_mean          | 2e+03       |
|    ep_rew_mean          | 3.07e+03    |
| time/                   |             |
|    fps                  | 1233        |
|    iterations           | 720         |
|    time_elapsed         | 22711       |
|    total_timesteps      | 28016640    |
| train/                  |             |
|    approx_kl            | 0.004652316 |
|    clip_fraction        | 0.032       |
|    clip_range           | 0.2         |
|    entropy_loss         | 2.93        |
|    explained_variance   | 0.942       |
|    learning_rate        | 2.02e-05    |
|    loss                 | 17.7        |
|    n_updates            | 7190        |
|    policy_gradient_loss | -0.00166    |
|    std                  | 0.0564      |
|    value_loss           | 23.1        |
-----------------------------------------
------------------------------------------
| rollout/                |              |
|    ep_len_mean          | 2e+03        |
|    ep_rew_mean          | 3.06e+03     |
| time/                   |              |
|    fps                  | 1234         |
|    iterations           | 721          |
|    time_elapsed         | 22735        |
|    total_timesteps      | 28055552     |
| train/                  |              |
|    approx_kl            | 0.0046199644 |
|    clip_fraction        | 0.0319       |
|    clip_range           | 0.2          |
|    entropy_loss         | 2.93         |
|    explained_variance   | 0.928        |
|    learning_rate        | 1.98e-05     |
|    loss                 | 11.9         |
|    n_updates            | 7200         |
|    policy_gradient_loss | -0.000834    |
|    std                  | 0.0565       |
|    value_loss           | 19.6         |
------------------------------------------
------------------------------------------
| rollout/                |              |
|    ep_len_mean          | 2e+03        |
|    ep_rew_mean          | 3.06e+03     |
| time/                   |              |
|    fps                  | 1234         |
|    iterations           | 722          |
|    time_elapsed         | 22758        |
|    total_timesteps      | 28094464     |
| train/                  |              |
|    approx_kl            | 0.0040024407 |
|    clip_fraction        | 0.0276       |
|    clip_range           | 0.2          |
|    entropy_loss         | 2.92         |
|    explained_variance   | 0.93         |
|    learning_rate        | 1.94e-05     |
|    loss                 | 14.1         |
|    n_updates            | 7210         |
|    policy_gradient_loss | -0.000916    |
|    std                  | 0.0567       |
|    value_loss           | 21.6         |
------------------------------------------
Eval num_timesteps=28120000, episode_reward=3283.41 +/- 233.52
Episode length: 2000.00 +/- 0.00
------------------------------------------
| eval/                   |              |
|    mean_ep_length       | 2e+03        |
|    mean_reward          | 3.28e+03     |
| time/                   |              |
|    total_timesteps      | 28120000     |
| train/                  |              |
|    approx_kl            | 0.0035923473 |
|    clip_fraction        | 0.0293       |
|    clip_range           | 0.2          |
|    entropy_loss         | 2.92         |
|    explained_variance   | 0.948        |
|    learning_rate        | 1.91e-05     |
|    loss                 | 8.75         |
|    n_updates            | 7220         |
|    policy_gradient_loss | -0.0012      |
|    std                  | 0.0566       |
|    value_loss           | 14.8         |
------------------------------------------
New best mean reward!
---------------------------------
| rollout/           |          |
|    ep_len_mean     | 2e+03    |
|    ep_rew_mean     | 3.07e+03 |
| time/              |          |
|    fps             | 1231     |
|    iterations      | 723      |
|    time_elapsed    | 22840    |
|    total_timesteps | 28133376 |
---------------------------------
------------------------------------------
| rollout/                |              |
|    ep_len_mean          | 2e+03        |
|    ep_rew_mean          | 3.07e+03     |
| time/                   |              |
|    fps                  | 1232         |
|    iterations           | 724          |
|    time_elapsed         | 22865        |
|    total_timesteps      | 28172288     |
| train/                  |              |
|    approx_kl            | 0.0038532787 |
|    clip_fraction        | 0.0285       |
|    clip_range           | 0.2          |
|    entropy_loss         | 2.92         |
|    explained_variance   | 0.933        |
|    learning_rate        | 1.87e-05     |
|    loss                 | 6.17         |
|    n_updates            | 7230         |
|    policy_gradient_loss | -0.00138     |
|    std                  | 0.0566       |
|    value_loss           | 17.7         |
------------------------------------------
-----------------------------------------
| rollout/                |             |
|    ep_len_mean          | 2e+03       |
|    ep_rew_mean          | 3.04e+03    |
| time/                   |             |
|    fps                  | 1232        |
|    iterations           | 725         |
|    time_elapsed         | 22889       |
|    total_timesteps      | 28211200    |
| train/                  |             |
|    approx_kl            | 0.002900358 |
|    clip_fraction        | 0.0174      |
|    clip_range           | 0.2         |
|    entropy_loss         | 2.92        |
|    explained_variance   | 0.91        |
|    learning_rate        | 1.83e-05    |
|    loss                 | 11.3        |
|    n_updates            | 7240        |
|    policy_gradient_loss | -0.00111    |
|    std                  | 0.0566      |
|    value_loss           | 34.8        |
-----------------------------------------
-----------------------------------------
| rollout/                |             |
|    ep_len_mean          | 2e+03       |
|    ep_rew_mean          | 3.04e+03    |
| time/                   |             |
|    fps                  | 1232        |
|    iterations           | 726         |
|    time_elapsed         | 22913       |
|    total_timesteps      | 28250112    |
| train/                  |             |
|    approx_kl            | 0.004262945 |
|    clip_fraction        | 0.0397      |
|    clip_range           | 0.2         |
|    entropy_loss         | 2.92        |
|    explained_variance   | 0.906       |
|    learning_rate        | 1.79e-05    |
|    loss                 | 23.8        |
|    n_updates            | 7250        |
|    policy_gradient_loss | -0.00166    |
|    std                  | 0.0567      |
|    value_loss           | 24          |
-----------------------------------------
------------------------------------------
| rollout/                |              |
|    ep_len_mean          | 2e+03        |
|    ep_rew_mean          | 3.06e+03     |
| time/                   |              |
|    fps                  | 1233         |
|    iterations           | 727          |
|    time_elapsed         | 22938        |
|    total_timesteps      | 28289024     |
| train/                  |              |
|    approx_kl            | 0.0042052222 |
|    clip_fraction        | 0.0319       |
|    clip_range           | 0.2          |
|    entropy_loss         | 2.92         |
|    explained_variance   | 0.941        |
|    learning_rate        | 1.75e-05     |
|    loss                 | 11.5         |
|    n_updates            | 7260         |
|    policy_gradient_loss | -0.00136     |
|    std                  | 0.0568       |
|    value_loss           | 21.8         |
------------------------------------------
Eval num_timesteps=28310000, episode_reward=3297.12 +/- 233.83
Episode length: 2000.00 +/- 0.00
------------------------------------------
| eval/                   |              |
|    mean_ep_length       | 2e+03        |
|    mean_reward          | 3.3e+03      |
| time/                   |              |
|    total_timesteps      | 28310000     |
| train/                  |              |
|    approx_kl            | 0.0040388196 |
|    clip_fraction        | 0.0244       |
|    clip_range           | 0.2          |
|    entropy_loss         | 2.91         |
|    explained_variance   | 0.932        |
|    learning_rate        | 1.71e-05     |
|    loss                 | 9.26         |
|    n_updates            | 7270         |
|    policy_gradient_loss | -0.00128     |
|    std                  | 0.0568       |
|    value_loss           | 16.1         |
------------------------------------------
New best mean reward!
---------------------------------
| rollout/           |          |
|    ep_len_mean     | 1.97e+03 |
|    ep_rew_mean     | 3e+03    |
| time/              |          |
|    fps             | 1230     |
|    iterations      | 728      |
|    time_elapsed    | 23022    |
|    total_timesteps | 28327936 |
---------------------------------
-----------------------------------------
| rollout/                |             |
|    ep_len_mean          | 1.96e+03    |
|    ep_rew_mean          | 2.99e+03    |
| time/                   |             |
|    fps                  | 1230        |
|    iterations           | 729         |
|    time_elapsed         | 23046       |
|    total_timesteps      | 28366848    |
| train/                  |             |
|    approx_kl            | 0.004009772 |
|    clip_fraction        | 0.0318      |
|    clip_range           | 0.2         |
|    entropy_loss         | 2.91        |
|    explained_variance   | 0.925       |
|    learning_rate        | 1.67e-05    |
|    loss                 | 16.7        |
|    n_updates            | 7280        |
|    policy_gradient_loss | -0.00152    |
|    std                  | 0.0569      |
|    value_loss           | 28          |
-----------------------------------------
------------------------------------------
| rollout/                |              |
|    ep_len_mean          | 1.96e+03     |
|    ep_rew_mean          | 2.99e+03     |
| time/                   |              |
|    fps                  | 1231         |
|    iterations           | 730          |
|    time_elapsed         | 23070        |
|    total_timesteps      | 28405760     |
| train/                  |              |
|    approx_kl            | 0.0034463056 |
|    clip_fraction        | 0.0255       |
|    clip_range           | 0.2          |
|    entropy_loss         | 2.91         |
|    explained_variance   | 0.925        |
|    learning_rate        | 1.63e-05     |
|    loss                 | 6.89         |
|    n_updates            | 7290         |
|    policy_gradient_loss | -0.00156     |
|    std                  | 0.057        |
|    value_loss           | 27.9         |
------------------------------------------
------------------------------------------
| rollout/                |              |
|    ep_len_mean          | 1.96e+03     |
|    ep_rew_mean          | 3e+03        |
| time/                   |              |
|    fps                  | 1231         |
|    iterations           | 731          |
|    time_elapsed         | 23097        |
|    total_timesteps      | 28444672     |
| train/                  |              |
|    approx_kl            | 0.0041396706 |
|    clip_fraction        | 0.0316       |
|    clip_range           | 0.2          |
|    entropy_loss         | 2.91         |
|    explained_variance   | 0.941        |
|    learning_rate        | 1.59e-05     |
|    loss                 | 10.6         |
|    n_updates            | 7300         |
|    policy_gradient_loss | -0.0013      |
|    std                  | 0.0571       |
|    value_loss           | 24           |
------------------------------------------
------------------------------------------
| rollout/                |              |
|    ep_len_mean          | 1.96e+03     |
|    ep_rew_mean          | 2.96e+03     |
| time/                   |              |
|    fps                  | 1231         |
|    iterations           | 732          |
|    time_elapsed         | 23120        |
|    total_timesteps      | 28483584     |
| train/                  |              |
|    approx_kl            | 0.0043778433 |
|    clip_fraction        | 0.0292       |
|    clip_range           | 0.2          |
|    entropy_loss         | 2.91         |
|    explained_variance   | 0.93         |
|    learning_rate        | 1.56e-05     |
|    loss                 | 12.1         |
|    n_updates            | 7310         |
|    policy_gradient_loss | -0.00136     |
|    std                  | 0.057        |
|    value_loss           | 23.2         |
------------------------------------------
Eval num_timesteps=28500000, episode_reward=3309.18 +/- 201.94
Episode length: 2000.00 +/- 0.00
------------------------------------------
| eval/                   |              |
|    mean_ep_length       | 2e+03        |
|    mean_reward          | 3.31e+03     |
| time/                   |              |
|    total_timesteps      | 28500000     |
| train/                  |              |
|    approx_kl            | 0.0030390676 |
|    clip_fraction        | 0.0155       |
|    clip_range           | 0.2          |
|    entropy_loss         | 2.91         |
|    explained_variance   | 0.923        |
|    learning_rate        | 1.52e-05     |
|    loss                 | 22.2         |
|    n_updates            | 7320         |
|    policy_gradient_loss | -0.00103     |
|    std                  | 0.057        |
|    value_loss           | 32           |
------------------------------------------
New best mean reward!
---------------------------------
| rollout/           |          |
|    ep_len_mean     | 1.97e+03 |
|    ep_rew_mean     | 2.98e+03 |
| time/              |          |
|    fps             | 1229     |
|    iterations      | 733      |
|    time_elapsed    | 23203    |
|    total_timesteps | 28522496 |
---------------------------------
------------------------------------------
| rollout/                |              |
|    ep_len_mean          | 2e+03        |
|    ep_rew_mean          | 3.04e+03     |
| time/                   |              |
|    fps                  | 1229         |
|    iterations           | 734          |
|    time_elapsed         | 23227        |
|    total_timesteps      | 28561408     |
| train/                  |              |
|    approx_kl            | 0.0048193396 |
|    clip_fraction        | 0.0308       |
|    clip_range           | 0.2          |
|    entropy_loss         | 2.91         |
|    explained_variance   | 0.93         |
|    learning_rate        | 1.48e-05     |
|    loss                 | 17.2         |
|    n_updates            | 7330         |
|    policy_gradient_loss | -0.00119     |
|    std                  | 0.0571       |
|    value_loss           | 21.9         |
------------------------------------------
-----------------------------------------
| rollout/                |             |
|    ep_len_mean          | 2e+03       |
|    ep_rew_mean          | 3.03e+03    |
| time/                   |             |
|    fps                  | 1230        |
|    iterations           | 735         |
|    time_elapsed         | 23251       |
|    total_timesteps      | 28600320    |
| train/                  |             |
|    approx_kl            | 0.003997963 |
|    clip_fraction        | 0.0308      |
|    clip_range           | 0.2         |
|    entropy_loss         | 2.91        |
|    explained_variance   | 0.944       |
|    learning_rate        | 1.44e-05    |
|    loss                 | 2.48        |
|    n_updates            | 7340        |
|    policy_gradient_loss | -0.00162    |
|    std                  | 0.057       |
|    value_loss           | 24.3        |
-----------------------------------------
------------------------------------------
| rollout/                |              |
|    ep_len_mean          | 2e+03        |
|    ep_rew_mean          | 3.03e+03     |
| time/                   |              |
|    fps                  | 1230         |
|    iterations           | 736          |
|    time_elapsed         | 23275        |
|    total_timesteps      | 28639232     |
| train/                  |              |
|    approx_kl            | 0.0034193243 |
|    clip_fraction        | 0.0171       |
|    clip_range           | 0.2          |
|    entropy_loss         | 2.91         |
|    explained_variance   | 0.943        |
|    learning_rate        | 1.4e-05      |
|    loss                 | 12.9         |
|    n_updates            | 7350         |
|    policy_gradient_loss | -0.000728    |
|    std                  | 0.057        |
|    value_loss           | 22.9         |
------------------------------------------
-----------------------------------------
| rollout/                |             |
|    ep_len_mean          | 2e+03       |
|    ep_rew_mean          | 3.06e+03    |
| time/                   |             |
|    fps                  | 1230        |
|    iterations           | 737         |
|    time_elapsed         | 23299       |
|    total_timesteps      | 28678144    |
| train/                  |             |
|    approx_kl            | 0.002758144 |
|    clip_fraction        | 0.0146      |
|    clip_range           | 0.2         |
|    entropy_loss         | 2.9         |
|    explained_variance   | 0.934       |
|    learning_rate        | 1.36e-05    |
|    loss                 | 16.9        |
|    n_updates            | 7360        |
|    policy_gradient_loss | -0.00103    |
|    std                  | 0.0571      |
|    value_loss           | 25          |
-----------------------------------------
Eval num_timesteps=28690000, episode_reward=3322.34 +/- 212.89
Episode length: 2000.00 +/- 0.00
------------------------------------------
| eval/                   |              |
|    mean_ep_length       | 2e+03        |
|    mean_reward          | 3.32e+03     |
| time/                   |              |
|    total_timesteps      | 28690000     |
| train/                  |              |
|    approx_kl            | 0.0042568357 |
|    clip_fraction        | 0.0253       |
|    clip_range           | 0.2          |
|    entropy_loss         | 2.9          |
|    explained_variance   | 0.94         |
|    learning_rate        | 1.32e-05     |
|    loss                 | 6.22         |
|    n_updates            | 7370         |
|    policy_gradient_loss | -0.0011      |
|    std                  | 0.0571       |
|    value_loss           | 18.2         |
------------------------------------------
New best mean reward!
---------------------------------
| rollout/           |          |
|    ep_len_mean     | 2e+03    |
|    ep_rew_mean     | 3.07e+03 |
| time/              |          |
|    fps             | 1228     |
|    iterations      | 738      |
|    time_elapsed    | 23382    |
|    total_timesteps | 28717056 |
---------------------------------
------------------------------------------
| rollout/                |              |
|    ep_len_mean          | 1.98e+03     |
|    ep_rew_mean          | 3.03e+03     |
| time/                   |              |
|    fps                  | 1228         |
|    iterations           | 739          |
|    time_elapsed         | 23407        |
|    total_timesteps      | 28755968     |
| train/                  |              |
|    approx_kl            | 0.0034056671 |
|    clip_fraction        | 0.0238       |
|    clip_range           | 0.2          |
|    entropy_loss         | 2.9          |
|    explained_variance   | 0.933        |
|    learning_rate        | 1.28e-05     |
|    loss                 | 26.5         |
|    n_updates            | 7380         |
|    policy_gradient_loss | -0.00182     |
|    std                  | 0.0571       |
|    value_loss           | 33.5         |
------------------------------------------
------------------------------------------
| rollout/                |              |
|    ep_len_mean          | 1.98e+03     |
|    ep_rew_mean          | 3e+03        |
| time/                   |              |
|    fps                  | 1228         |
|    iterations           | 740          |
|    time_elapsed         | 23431        |
|    total_timesteps      | 28794880     |
| train/                  |              |
|    approx_kl            | 0.0037529704 |
|    clip_fraction        | 0.028        |
|    clip_range           | 0.2          |
|    entropy_loss         | 2.9          |
|    explained_variance   | 0.94         |
|    learning_rate        | 1.24e-05     |
|    loss                 | 17           |
|    n_updates            | 7390         |
|    policy_gradient_loss | -0.00137     |
|    std                  | 0.0572       |
|    value_loss           | 29.3         |
------------------------------------------
-----------------------------------------
| rollout/                |             |
|    ep_len_mean          | 1.98e+03    |
|    ep_rew_mean          | 3.02e+03    |
| time/                   |             |
|    fps                  | 1229        |
|    iterations           | 741         |
|    time_elapsed         | 23455       |
|    total_timesteps      | 28833792    |
| train/                  |             |
|    approx_kl            | 0.003586812 |
|    clip_fraction        | 0.0257      |
|    clip_range           | 0.2         |
|    entropy_loss         | 2.9         |
|    explained_variance   | 0.906       |
|    learning_rate        | 1.21e-05    |
|    loss                 | 13.1        |
|    n_updates            | 7400        |
|    policy_gradient_loss | -0.00174    |
|    std                  | 0.0574      |
|    value_loss           | 26.1        |
-----------------------------------------
------------------------------------------
| rollout/                |              |
|    ep_len_mean          | 1.98e+03     |
|    ep_rew_mean          | 3.02e+03     |
| time/                   |              |
|    fps                  | 1229         |
|    iterations           | 742          |
|    time_elapsed         | 23479        |
|    total_timesteps      | 28872704     |
| train/                  |              |
|    approx_kl            | 0.0037955127 |
|    clip_fraction        | 0.0242       |
|    clip_range           | 0.2          |
|    entropy_loss         | 2.9          |
|    explained_variance   | 0.92         |
|    learning_rate        | 1.17e-05     |
|    loss                 | 6.35         |
|    n_updates            | 7410         |
|    policy_gradient_loss | -0.000925    |
|    std                  | 0.0573       |
|    value_loss           | 13.7         |
------------------------------------------
Eval num_timesteps=28880000, episode_reward=3342.63 +/- 206.56
Episode length: 2000.00 +/- 0.00
----------------------------------------
| eval/                   |            |
|    mean_ep_length       | 2e+03      |
|    mean_reward          | 3.34e+03   |
| time/                   |            |
|    total_timesteps      | 28880000   |
| train/                  |            |
|    approx_kl            | 0.00336882 |
|    clip_fraction        | 0.0225     |
|    clip_range           | 0.2        |
|    entropy_loss         | 2.9        |
|    explained_variance   | 0.924      |
|    learning_rate        | 1.13e-05   |
|    loss                 | 9.37       |
|    n_updates            | 7420       |
|    policy_gradient_loss | -0.00128   |
|    std                  | 0.0573     |
|    value_loss           | 23.1       |
----------------------------------------
New best mean reward!
---------------------------------
| rollout/           |          |
|    ep_len_mean     | 1.98e+03 |
|    ep_rew_mean     | 3.01e+03 |
| time/              |          |
|    fps             | 1227     |
|    iterations      | 743      |
|    time_elapsed    | 23560    |
|    total_timesteps | 28911616 |
---------------------------------
-----------------------------------------
| rollout/                |             |
|    ep_len_mean          | 2e+03       |
|    ep_rew_mean          | 3.05e+03    |
| time/                   |             |
|    fps                  | 1227        |
|    iterations           | 744         |
|    time_elapsed         | 23584       |
|    total_timesteps      | 28950528    |
| train/                  |             |
|    approx_kl            | 0.004044831 |
|    clip_fraction        | 0.0219      |
|    clip_range           | 0.2         |
|    entropy_loss         | 2.9         |
|    explained_variance   | 0.923       |
|    learning_rate        | 1.09e-05    |
|    loss                 | 7.63        |
|    n_updates            | 7430        |
|    policy_gradient_loss | -0.00133    |
|    std                  | 0.0573      |
|    value_loss           | 22.6        |
-----------------------------------------
------------------------------------------
| rollout/                |              |
|    ep_len_mean          | 1.99e+03     |
|    ep_rew_mean          | 3.06e+03     |
| time/                   |              |
|    fps                  | 1227         |
|    iterations           | 745          |
|    time_elapsed         | 23608        |
|    total_timesteps      | 28989440     |
| train/                  |              |
|    approx_kl            | 0.0031831556 |
|    clip_fraction        | 0.0158       |
|    clip_range           | 0.2          |
|    entropy_loss         | 2.9          |
|    explained_variance   | 0.933        |
|    learning_rate        | 1.05e-05     |
|    loss                 | 8.83         |
|    n_updates            | 7440         |
|    policy_gradient_loss | -0.00106     |
|    std                  | 0.0573       |
|    value_loss           | 29.1         |
------------------------------------------
------------------------------------------
| rollout/                |              |
|    ep_len_mean          | 1.99e+03     |
|    ep_rew_mean          | 3.07e+03     |
| time/                   |              |
|    fps                  | 1228         |
|    iterations           | 746          |
|    time_elapsed         | 23631        |
|    total_timesteps      | 29028352     |
| train/                  |              |
|    approx_kl            | 0.0037172718 |
|    clip_fraction        | 0.0222       |
|    clip_range           | 0.2          |
|    entropy_loss         | 2.9          |
|    explained_variance   | 0.953        |
|    learning_rate        | 1.01e-05     |
|    loss                 | 13.8         |
|    n_updates            | 7450         |
|    policy_gradient_loss | -0.00149     |
|    std                  | 0.0573       |
|    value_loss           | 26.2         |
------------------------------------------
------------------------------------------
| rollout/                |              |
|    ep_len_mean          | 1.99e+03     |
|    ep_rew_mean          | 3.03e+03     |
| time/                   |              |
|    fps                  | 1228         |
|    iterations           | 747          |
|    time_elapsed         | 23655        |
|    total_timesteps      | 29067264     |
| train/                  |              |
|    approx_kl            | 0.0039353967 |
|    clip_fraction        | 0.0257       |
|    clip_range           | 0.2          |
|    entropy_loss         | 2.9          |
|    explained_variance   | 0.945        |
|    learning_rate        | 9.72e-06     |
|    loss                 | 4.39         |
|    n_updates            | 7460         |
|    policy_gradient_loss | -0.00139     |
|    std                  | 0.0573       |
|    value_loss           | 21.2         |
------------------------------------------
Eval num_timesteps=29070000, episode_reward=3356.86 +/- 190.50
Episode length: 2000.00 +/- 0.00
-----------------------------------------
| eval/                   |             |
|    mean_ep_length       | 2e+03       |
|    mean_reward          | 3.36e+03    |
| time/                   |             |
|    total_timesteps      | 29070000    |
| train/                  |             |
|    approx_kl            | 0.002264058 |
|    clip_fraction        | 0.0124      |
|    clip_range           | 0.2         |
|    entropy_loss         | 2.9         |
|    explained_variance   | 0.894       |
|    learning_rate        | 9.33e-06    |
|    loss                 | 32.9        |
|    n_updates            | 7470        |
|    policy_gradient_loss | -0.000839   |
|    std                  | 0.0573      |
|    value_loss           | 49.5        |
-----------------------------------------
New best mean reward!
---------------------------------
| rollout/           |          |
|    ep_len_mean     | 1.99e+03 |
|    ep_rew_mean     | 3.02e+03 |
| time/              |          |
|    fps             | 1225     |
|    iterations      | 748      |
|    time_elapsed    | 23741    |
|    total_timesteps | 29106176 |
---------------------------------
------------------------------------------
| rollout/                |              |
|    ep_len_mean          | 1.99e+03     |
|    ep_rew_mean          | 3.02e+03     |
| time/                   |              |
|    fps                  | 1226         |
|    iterations           | 749          |
|    time_elapsed         | 23766        |
|    total_timesteps      | 29145088     |
| train/                  |              |
|    approx_kl            | 0.0035918108 |
|    clip_fraction        | 0.0217       |
|    clip_range           | 0.2          |
|    entropy_loss         | 2.9          |
|    explained_variance   | 0.904        |
|    learning_rate        | 8.94e-06     |
|    loss                 | 6.96         |
|    n_updates            | 7480         |
|    policy_gradient_loss | -0.00144     |
|    std                  | 0.0573       |
|    value_loss           | 24.8         |
------------------------------------------
------------------------------------------
| rollout/                |              |
|    ep_len_mean          | 2e+03        |
|    ep_rew_mean          | 3.05e+03     |
| time/                   |              |
|    fps                  | 1226         |
|    iterations           | 750          |
|    time_elapsed         | 23791        |
|    total_timesteps      | 29184000     |
| train/                  |              |
|    approx_kl            | 0.0028375005 |
|    clip_fraction        | 0.0137       |
|    clip_range           | 0.2          |
|    entropy_loss         | 2.9          |
|    explained_variance   | 0.912        |
|    learning_rate        | 8.55e-06     |
|    loss                 | 22.6         |
|    n_updates            | 7490         |
|    policy_gradient_loss | -0.000812    |
|    std                  | 0.0573       |
|    value_loss           | 28.8         |
------------------------------------------
------------------------------------------
| rollout/                |              |
|    ep_len_mean          | 2e+03        |
|    ep_rew_mean          | 3.06e+03     |
| time/                   |              |
|    fps                  | 1227         |
|    iterations           | 751          |
|    time_elapsed         | 23815        |
|    total_timesteps      | 29222912     |
| train/                  |              |
|    approx_kl            | 0.0027322245 |
|    clip_fraction        | 0.0186       |
|    clip_range           | 0.2          |
|    entropy_loss         | 2.9          |
|    explained_variance   | 0.945        |
|    learning_rate        | 8.16e-06     |
|    loss                 | 9.46         |
|    n_updates            | 7500         |
|    policy_gradient_loss | -0.00134     |
|    std                  | 0.0573       |
|    value_loss           | 17.3         |
------------------------------------------
Eval num_timesteps=29260000, episode_reward=3358.81 +/- 182.08
Episode length: 2000.00 +/- 0.00
------------------------------------------
| eval/                   |              |
|    mean_ep_length       | 2e+03        |
|    mean_reward          | 3.36e+03     |
| time/                   |              |
|    total_timesteps      | 29260000     |
| train/                  |              |
|    approx_kl            | 0.0026347083 |
|    clip_fraction        | 0.0168       |
|    clip_range           | 0.2          |
|    entropy_loss         | 2.9          |
|    explained_variance   | 0.918        |
|    learning_rate        | 7.77e-06     |
|    loss                 | 14.4         |
|    n_updates            | 7510         |
|    policy_gradient_loss | -0.00101     |
|    std                  | 0.0573       |
|    value_loss           | 20.4         |
------------------------------------------
New best mean reward!
---------------------------------
| rollout/           |          |
|    ep_len_mean     | 2e+03    |
|    ep_rew_mean     | 3.06e+03 |
| time/              |          |
|    fps             | 1224     |
|    iterations      | 752      |
|    time_elapsed    | 23898    |
|    total_timesteps | 29261824 |
---------------------------------
------------------------------------------
| rollout/                |              |
|    ep_len_mean          | 2e+03        |
|    ep_rew_mean          | 3.1e+03      |
| time/                   |              |
|    fps                  | 1224         |
|    iterations           | 753          |
|    time_elapsed         | 23923        |
|    total_timesteps      | 29300736     |
| train/                  |              |
|    approx_kl            | 0.0028362076 |
|    clip_fraction        | 0.0211       |
|    clip_range           | 0.2          |
|    entropy_loss         | 2.9          |
|    explained_variance   | 0.914        |
|    learning_rate        | 7.38e-06     |
|    loss                 | 10.6         |
|    n_updates            | 7520         |
|    policy_gradient_loss | -0.00137     |
|    std                  | 0.0573       |
|    value_loss           | 26.4         |
------------------------------------------
------------------------------------------
| rollout/                |              |
|    ep_len_mean          | 2e+03        |
|    ep_rew_mean          | 3.11e+03     |
| time/                   |              |
|    fps                  | 1225         |
|    iterations           | 754          |
|    time_elapsed         | 23947        |
|    total_timesteps      | 29339648     |
| train/                  |              |
|    approx_kl            | 0.0035557495 |
|    clip_fraction        | 0.0222       |
|    clip_range           | 0.2          |
|    entropy_loss         | 2.9          |
|    explained_variance   | 0.943        |
|    learning_rate        | 6.99e-06     |
|    loss                 | 6.54         |
|    n_updates            | 7530         |
|    policy_gradient_loss | -0.00153     |
|    std                  | 0.0573       |
|    value_loss           | 16.9         |
------------------------------------------
----------------------------------------
| rollout/                |            |
|    ep_len_mean          | 2e+03      |
|    ep_rew_mean          | 3.09e+03   |
| time/                   |            |
|    fps                  | 1225       |
|    iterations           | 755        |
|    time_elapsed         | 23970      |
|    total_timesteps      | 29378560   |
| train/                  |            |
|    approx_kl            | 0.00205742 |
|    clip_fraction        | 0.00643    |
|    clip_range           | 0.2        |
|    entropy_loss         | 2.9        |
|    explained_variance   | 0.917      |
|    learning_rate        | 6.6e-06    |
|    loss                 | 10.4       |
|    n_updates            | 7540       |
|    policy_gradient_loss | -0.000675  |
|    std                  | 0.0572     |
|    value_loss           | 27.9       |
----------------------------------------
------------------------------------------
| rollout/                |              |
|    ep_len_mean          | 2e+03        |
|    ep_rew_mean          | 3.08e+03     |
| time/                   |              |
|    fps                  | 1225         |
|    iterations           | 756          |
|    time_elapsed         | 23994        |
|    total_timesteps      | 29417472     |
| train/                  |              |
|    approx_kl            | 0.0023017742 |
|    clip_fraction        | 0.00812      |
|    clip_range           | 0.2          |
|    entropy_loss         | 2.9          |
|    explained_variance   | 0.912        |
|    learning_rate        | 6.21e-06     |
|    loss                 | 8.57         |
|    n_updates            | 7550         |
|    policy_gradient_loss | -0.00066     |
|    std                  | 0.0573       |
|    value_loss           | 28.7         |
------------------------------------------
Eval num_timesteps=29450000, episode_reward=3382.70 +/- 167.39
Episode length: 2000.00 +/- 0.00
------------------------------------------
| eval/                   |              |
|    mean_ep_length       | 2e+03        |
|    mean_reward          | 3.38e+03     |
| time/                   |              |
|    total_timesteps      | 29450000     |
| train/                  |              |
|    approx_kl            | 0.0031297072 |
|    clip_fraction        | 0.0118       |
|    clip_range           | 0.2          |
|    entropy_loss         | 2.9          |
|    explained_variance   | 0.926        |
|    learning_rate        | 5.83e-06     |
|    loss                 | 9.71         |
|    n_updates            | 7560         |
|    policy_gradient_loss | -0.000819    |
|    std                  | 0.0573       |
|    value_loss           | 26.7         |
------------------------------------------
New best mean reward!
---------------------------------
| rollout/           |          |
|    ep_len_mean     | 2e+03    |
|    ep_rew_mean     | 3.08e+03 |
| time/              |          |
|    fps             | 1223     |
|    iterations      | 757      |
|    time_elapsed    | 24077    |
|    total_timesteps | 29456384 |
---------------------------------
------------------------------------------
| rollout/                |              |
|    ep_len_mean          | 2e+03        |
|    ep_rew_mean          | 3.06e+03     |
| time/                   |              |
|    fps                  | 1223         |
|    iterations           | 758          |
|    time_elapsed         | 24101        |
|    total_timesteps      | 29495296     |
| train/                  |              |
|    approx_kl            | 0.0018713082 |
|    clip_fraction        | 0.00461      |
|    clip_range           | 0.2          |
|    entropy_loss         | 2.89         |
|    explained_variance   | 0.902        |
|    learning_rate        | 5.44e-06     |
|    loss                 | 8.17         |
|    n_updates            | 7570         |
|    policy_gradient_loss | -0.000413    |
|    std                  | 0.0574       |
|    value_loss           | 24.7         |
------------------------------------------
------------------------------------------
| rollout/                |              |
|    ep_len_mean          | 2e+03        |
|    ep_rew_mean          | 3.05e+03     |
| time/                   |              |
|    fps                  | 1224         |
|    iterations           | 759          |
|    time_elapsed         | 24124        |
|    total_timesteps      | 29534208     |
| train/                  |              |
|    approx_kl            | 0.0024689927 |
|    clip_fraction        | 0.0102       |
|    clip_range           | 0.2          |
|    entropy_loss         | 2.89         |
|    explained_variance   | 0.924        |
|    learning_rate        | 5.05e-06     |
|    loss                 | 8.4          |
|    n_updates            | 7580         |
|    policy_gradient_loss | -0.00143     |
|    std                  | 0.0574       |
|    value_loss           | 32.1         |
------------------------------------------
------------------------------------------
| rollout/                |              |
|    ep_len_mean          | 2e+03        |
|    ep_rew_mean          | 3.04e+03     |
| time/                   |              |
|    fps                  | 1224         |
|    iterations           | 760          |
|    time_elapsed         | 24148        |
|    total_timesteps      | 29573120     |
| train/                  |              |
|    approx_kl            | 0.0030076944 |
|    clip_fraction        | 0.0162       |
|    clip_range           | 0.2          |
|    entropy_loss         | 2.89         |
|    explained_variance   | 0.92         |
|    learning_rate        | 4.66e-06     |
|    loss                 | 9.04         |
|    n_updates            | 7590         |
|    policy_gradient_loss | -0.00136     |
|    std                  | 0.0574       |
|    value_loss           | 24.2         |
------------------------------------------
------------------------------------------
| rollout/                |              |
|    ep_len_mean          | 2e+03        |
|    ep_rew_mean          | 3.06e+03     |
| time/                   |              |
|    fps                  | 1225         |
|    iterations           | 761          |
|    time_elapsed         | 24172        |
|    total_timesteps      | 29612032     |
| train/                  |              |
|    approx_kl            | 0.0030109098 |
|    clip_fraction        | 0.00792      |
|    clip_range           | 0.2          |
|    entropy_loss         | 2.89         |
|    explained_variance   | 0.944        |
|    learning_rate        | 4.27e-06     |
|    loss                 | 5.42         |
|    n_updates            | 7600         |
|    policy_gradient_loss | -0.000853    |
|    std                  | 0.0574       |
|    value_loss           | 19.1         |
------------------------------------------
Eval num_timesteps=29640000, episode_reward=3383.65 +/- 181.40
Episode length: 2000.00 +/- 0.00
------------------------------------------
| eval/                   |              |
|    mean_ep_length       | 2e+03        |
|    mean_reward          | 3.38e+03     |
| time/                   |              |
|    total_timesteps      | 29640000     |
| train/                  |              |
|    approx_kl            | 0.0028162368 |
|    clip_fraction        | 0.0162       |
|    clip_range           | 0.2          |
|    entropy_loss         | 2.89         |
|    explained_variance   | 0.944        |
|    learning_rate        | 3.88e-06     |
|    loss                 | 8.33         |
|    n_updates            | 7610         |
|    policy_gradient_loss | -0.00158     |
|    std                  | 0.0574       |
|    value_loss           | 18           |
------------------------------------------
New best mean reward!
---------------------------------
| rollout/           |          |
|    ep_len_mean     | 2e+03    |
|    ep_rew_mean     | 3.06e+03 |
| time/              |          |
|    fps             | 1222     |
|    iterations      | 762      |
|    time_elapsed    | 24255    |
|    total_timesteps | 29650944 |
---------------------------------
------------------------------------------
| rollout/                |              |
|    ep_len_mean          | 1.98e+03     |
|    ep_rew_mean          | 3.05e+03     |
| time/                   |              |
|    fps                  | 1222         |
|    iterations           | 763          |
|    time_elapsed         | 24281        |
|    total_timesteps      | 29689856     |
| train/                  |              |
|    approx_kl            | 0.0025918214 |
|    clip_fraction        | 0.0072       |
|    clip_range           | 0.2          |
|    entropy_loss         | 2.89         |
|    explained_variance   | 0.943        |
|    learning_rate        | 3.49e-06     |
|    loss                 | 13.3         |
|    n_updates            | 7620         |
|    policy_gradient_loss | -0.000886    |
|    std                  | 0.0574       |
|    value_loss           | 26.3         |
------------------------------------------
------------------------------------------
| rollout/                |              |
|    ep_len_mean          | 1.98e+03     |
|    ep_rew_mean          | 3.07e+03     |
| time/                   |              |
|    fps                  | 1223         |
|    iterations           | 764          |
|    time_elapsed         | 24306        |
|    total_timesteps      | 29728768     |
| train/                  |              |
|    approx_kl            | 0.0025495486 |
|    clip_fraction        | 0.00933      |
|    clip_range           | 0.2          |
|    entropy_loss         | 2.89         |
|    explained_variance   | 0.925        |
|    learning_rate        | 3.1e-06      |
|    loss                 | 7.93         |
|    n_updates            | 7630         |
|    policy_gradient_loss | -0.00107     |
|    std                  | 0.0574       |
|    value_loss           | 25.5         |
------------------------------------------
-----------------------------------------
| rollout/                |             |
|    ep_len_mean          | 1.98e+03    |
|    ep_rew_mean          | 3.1e+03     |
| time/                   |             |
|    fps                  | 1223        |
|    iterations           | 765         |
|    time_elapsed         | 24330       |
|    total_timesteps      | 29767680    |
| train/                  |             |
|    approx_kl            | 0.002120591 |
|    clip_fraction        | 0.00714     |
|    clip_range           | 0.2         |
|    entropy_loss         | 2.89        |
|    explained_variance   | 0.915       |
|    learning_rate        | 2.71e-06    |
|    loss                 | 3.24        |
|    n_updates            | 7640        |
|    policy_gradient_loss | -0.000735   |
|    std                  | 0.0574      |
|    value_loss           | 16.5        |
-----------------------------------------
------------------------------------------
| rollout/                |              |
|    ep_len_mean          | 1.98e+03     |
|    ep_rew_mean          | 3.06e+03     |
| time/                   |              |
|    fps                  | 1223         |
|    iterations           | 766          |
|    time_elapsed         | 24354        |
|    total_timesteps      | 29806592     |
| train/                  |              |
|    approx_kl            | 0.0019529266 |
|    clip_fraction        | 0.00596      |
|    clip_range           | 0.2          |
|    entropy_loss         | 2.89         |
|    explained_variance   | 0.947        |
|    learning_rate        | 2.32e-06     |
|    loss                 | 13.1         |
|    n_updates            | 7650         |
|    policy_gradient_loss | -0.000799    |
|    std                  | 0.0575       |
|    value_loss           | 24.6         |
------------------------------------------
Eval num_timesteps=29830000, episode_reward=3400.34 +/- 164.08
Episode length: 2000.00 +/- 0.00
-----------------------------------------
| eval/                   |             |
|    mean_ep_length       | 2e+03       |
|    mean_reward          | 3.4e+03     |
| time/                   |             |
|    total_timesteps      | 29830000    |
| train/                  |             |
|    approx_kl            | 0.002548283 |
|    clip_fraction        | 0.0063      |
|    clip_range           | 0.2         |
|    entropy_loss         | 2.89        |
|    explained_variance   | 0.943       |
|    learning_rate        | 1.93e-06    |
|    loss                 | 17.1        |
|    n_updates            | 7660        |
|    policy_gradient_loss | -0.000836   |
|    std                  | 0.0575      |
|    value_loss           | 34.1        |
-----------------------------------------
New best mean reward!
---------------------------------
| rollout/           |          |
|    ep_len_mean     | 1.98e+03 |
|    ep_rew_mean     | 3.05e+03 |
| time/              |          |
|    fps             | 1221     |
|    iterations      | 767      |
|    time_elapsed    | 24436    |
|    total_timesteps | 29845504 |
---------------------------------
------------------------------------------
| rollout/                |              |
|    ep_len_mean          | 2e+03        |
|    ep_rew_mean          | 3.07e+03     |
| time/                   |              |
|    fps                  | 1221         |
|    iterations           | 768          |
|    time_elapsed         | 24460        |
|    total_timesteps      | 29884416     |
| train/                  |              |
|    approx_kl            | 0.0028908262 |
|    clip_fraction        | 0.00726      |
|    clip_range           | 0.2          |
|    entropy_loss         | 2.89         |
|    explained_variance   | 0.891        |
|    learning_rate        | 1.54e-06     |
|    loss                 | 20.2         |
|    n_updates            | 7670         |
|    policy_gradient_loss | -0.000886    |
|    std                  | 0.0575       |
|    value_loss           | 32.8         |
------------------------------------------
------------------------------------------
| rollout/                |              |
|    ep_len_mean          | 2e+03        |
|    ep_rew_mean          | 3.05e+03     |
| time/                   |              |
|    fps                  | 1222         |
|    iterations           | 769          |
|    time_elapsed         | 24485        |
|    total_timesteps      | 29923328     |
| train/                  |              |
|    approx_kl            | 0.0008511901 |
|    clip_fraction        | 0.00101      |
|    clip_range           | 0.2          |
|    entropy_loss         | 2.89         |
|    explained_variance   | 0.927        |
|    learning_rate        | 1.16e-06     |
|    loss                 | 14.6         |
|    n_updates            | 7680         |
|    policy_gradient_loss | -0.000278    |
|    std                  | 0.0575       |
|    value_loss           | 28           |
------------------------------------------
------------------------------------------
| rollout/                |              |
|    ep_len_mean          | 2e+03        |
|    ep_rew_mean          | 3.05e+03     |
| time/                   |              |
|    fps                  | 1222         |
|    iterations           | 770          |
|    time_elapsed         | 24509        |
|    total_timesteps      | 29962240     |
| train/                  |              |
|    approx_kl            | 0.0019438261 |
|    clip_fraction        | 0.00517      |
|    clip_range           | 0.2          |
|    entropy_loss         | 2.89         |
|    explained_variance   | 0.942        |
|    learning_rate        | 7.67e-07     |
|    loss                 | 13.4         |
|    n_updates            | 7690         |
|    policy_gradient_loss | -0.000624    |
|    std                  | 0.0575       |
|    value_loss           | 21.1         |
------------------------------------------
-------------------------------------------
| rollout/                |               |
|    ep_len_mean          | 2e+03         |
|    ep_rew_mean          | 3.06e+03      |
| time/                   |               |
|    fps                  | 1222          |
|    iterations           | 771           |
|    time_elapsed         | 24532         |
|    total_timesteps      | 30001152      |
| train/                  |               |
|    approx_kl            | 0.00039072896 |
|    clip_fraction        | 0             |
|    clip_range           | 0.2           |
|    entropy_loss         | 2.89          |
|    explained_variance   | 0.922         |
|    learning_rate        | 3.78e-07      |
|    loss                 | 9.75          |
|    n_updates            | 7700          |
|    policy_gradient_loss | -0.000161     |
|    std                  | 0.0575        |
|    value_loss           | 28.6          |
-------------------------------------------
 100% ------------------ 30,001,152/30,000,… [ 6:48:52 < 0:00:00 , 1,643 it/s ]
