rollout/ep_len_mean,time/total_timesteps,time/iterations,time/fps,time/time_elapsed,rollout/ep_rew_mean,train/value_loss,train/loss,train/clip_range,train/policy_gradient_loss,train/entropy_loss,train/explained_variance,train/clip_fraction,train/approx_kl,train/n_updates,train/std,train/learning_rate,eval/mean_ep_length,eval/mean_reward
84.17,22528,1,3923,5,78.54470129,,,,,,,,,,,,,
88.68,45056,2,3683,12,85.74994296000003,161.53282250491057,30.323904037475586,0.2,-0.0006272088471715423,-0.07615549185059288,-0.009059548377990723,0.022065873579545453,0.002770193,10,0.25156429409980774,0.00029977472,,
96.1,67584,3,3716,18,95.08806234,125.23354988965121,29.663959503173828,0.2,-0.0013229237348158758,-0.08536800091916864,0.521304190158844,0.030197975852272727,0.00359384,20,0.25296562910079956,0.00029954944,,
91.41,90112,4,3705,24,85.28984850000002,103.88766007856889,30.997703552246094,0.2,-0.0004508219728119333,-0.08195196010849692,0.7030268907546997,0.01649502840909091,0.0036694282,30,0.25107109546661377,0.00029932415999999997,,
,110000,,,,,71.55379652543502,17.172779083251953,0.2,-0.000810086158559319,-0.07335019409656525,0.8097199201583862,0.02819158380681818,0.004240837,40,0.25065842270851135,0.00029909888,90.5,16.268171900000002
92.64,112640,5,3552,31,91.54867700999999,,,,,,,,,,,,,
91.18,135168,6,3586,37,84.85507999000001,48.82037170583551,13.680221557617188,0.2,-0.002278978636604734,-0.06339768252589485,0.887190580368042,0.04543235085227273,0.0057728663,50,0.24971675872802734,0.00029887359999999994,,
96.15,157696,7,3604,43,92.53679331,35.082749498974195,8.265120506286621,0.2,-0.0019523262519876218,-0.06465858546170321,0.9309396743774414,0.04867720170454545,0.004693591,60,0.24966947734355927,0.00029864831999999996,,
102.39,180224,8,3638,49,103.22247417,32.41541189280423,8.577367782592773,0.2,-0.003283062810607424,-0.06865851879119873,0.9511386156082153,0.068310546875,0.006503247,70,0.2502972185611725,0.00029842304,,
100.58,202752,9,3668,55,95.22813904,31.271005032279273,9.537240982055664,0.2,-0.0030103708236393603,-0.06064721020785245,0.9607571363449097,0.0642578125,0.005878033,80,0.24906399846076965,0.00029819776,,
,220000,,,,,27.496086757833307,14.292647361755371,0.2,-0.005444953893443612,-0.05427235473286022,0.9703526496887207,0.09455344460227273,0.0077991798,90,0.24882327020168304,0.00029797247999999995,95.0,13.46338545
123.96,225280,10,3626,62,124.30320628999999,,,,,,,,,,,,,
134.51,247808,11,3644,67,138.85671302999998,35.96524900089611,13.469040870666504,0.2,-0.004161832063850439,-0.05126935189420527,0.9682763814926147,0.06613547585227272,0.005902476,100,0.24782580137252808,0.00029774719999999997,,
193.76,270336,12,3667,73,214.66574142000002,40.309582844647494,16.34853744506836,0.2,-0.006273511032023552,-0.03881504075093703,0.9690043330192566,0.07784978693181818,0.0062830285,110,0.2461777627468109,0.00029752192,,
227.19,292864,13,3690,79,249.76413512999997,49.5634275783192,24.755781173706055,0.2,-0.006151328921259846,-0.03609367392279885,0.9657842516899109,0.06783558238636364,0.0060945037,120,0.2465849071741104,0.00029729664,,
242.33,315392,14,3662,86,262.85596439999995,51.024399401924825,20.65911293029785,0.2,-0.0071724134973589,-0.03493265184489164,0.9687110781669617,0.07388583096590909,0.006508481,130,0.24578595161437988,0.00029707135999999996,,
,330000,,,,,59.03349720348012,27.386749267578125,0.2,-0.007143717960174069,-0.03455010923472318,0.9668431282043457,0.08167613636363637,0.00646849,140,0.2463129758834839,0.00029684608,179.2,30.45375939999999
331.37,337920,15,3590,94,388.01386999999994,,,,,,,,,,,,,
508.3,360448,16,3613,99,632.8664069099999,42.279400153593585,14.821617126464844,0.2,-0.0055774181526926855,-0.026431823589585044,0.9545241594314575,0.059508167613636365,0.0066978117,150,0.24425140023231506,0.00029662079999999994,,
689.67,382976,17,3618,105,887.61782397,25.201007303324612,7.721980571746826,0.2,-0.005528104722775011,-0.009922627969221635,0.9671596884727478,0.062193714488636365,0.0055141454,160,0.24220451712608337,0.00029639551999999995,,
837.5,405504,18,3639,111,1080.30141376,17.197382447936317,5.23046350479126,0.2,-0.006710690934084017,-0.006623109091411937,0.9783473610877991,0.08880504261363636,0.0073676915,170,0.24292084574699402,0.00029617023999999997,,
1033.56,428032,19,3658,117,1336.7668859500002,21.951433498209173,9.911269187927246,0.2,-0.00582346494325479,0.008746640519662337,0.9796055555343628,0.07247425426136364,0.0068232,180,0.2394576072692871,0.00029594496,,
,440000,,,,,13.810055693713101,4.7986860275268555,0.2,-0.004424245313169773,0.029950048435818066,0.9792898297309875,0.06979314630681818,0.0060438905,190,0.2378566414117813,0.00029571968,438.4,174.6088339
1200.79,450560,20,3524,127,1556.4861901599998,,,,,,,,,,,,,
1378.46,473088,21,3535,133,1814.2821339199995,10.128047800064087,2.688591718673706,0.2,-0.0030712875759821723,0.030292311039837923,0.9878941774368286,0.06266867897727273,0.00576427,200,0.23912906646728516,0.00029549439999999996,,
1480.99,495616,22,3557,139,1995.2429246299998,6.153781071034345,2.142019271850586,0.2,-0.005446009358539331,0.033084271441806444,0.9871956706047058,0.0785555752840909,0.0076020937,210,0.23738756775856018,0.00029526912,,
1612.06,518144,23,3571,145,2226.18918734,3.660060213912617,1.385857105255127,0.2,-0.004923766534457999,0.05591382709416476,0.9711097478866577,0.09592507102272728,0.007316631,220,0.23523125052452087,0.00029504384,,
1700.62,540672,24,3565,151,2387.5737248100004,4.782924467867071,1.3220415115356445,0.2,-0.0052639085140650755,0.08978319601579146,0.968209981918335,0.07492897727272728,0.007571006,230,0.22919929027557373,0.00029481855999999995,,
,550000,,,,,4.900010118701241,1.6648565530776978,0.2,-0.002729204669859345,0.12506917254491287,0.941287636756897,0.05638316761363636,0.005845206,240,0.226493239402771,0.00029459327999999997,617.4,177.90590254999998
1726.94,563200,25,3404,165,2485.2473459499997,,,,,,,,,,,,,
1836.95,585728,26,3381,173,2691.6129109399994,8.834171719984575,3.0031955242156982,0.2,-0.00378294439089421,0.137869240749966,0.9390051960945129,0.04784268465909091,0.0056263497,250,0.22556611895561218,0.000294368,,
1820.02,608256,27,3381,179,2735.6203729199997,3.202747415412556,1.7426573038101196,0.2,-0.002964189711598341,0.16966524720191956,0.9393764734268188,0.052175071022727275,0.00605394,260,0.22033381462097168,0.00029414272,,
1867.97,630784,28,3373,186,2877.9853241600003,2.4967989447441967,1.139665961265564,0.2,-0.003546365815881555,0.22885242287408222,0.9728037714958191,0.06888760653409091,0.0066574584,270,0.21377895772457123,0.00029391743999999996,,
1873.96,653312,29,3378,193,2963.0362031199998,3.9090515944090756,1.0187972784042358,0.2,-0.0027754192491887477,0.2822589092633941,0.9673861265182495,0.050847833806818184,0.0057509793,280,0.20852580666542053,0.00029369216,,
,660000,,,,,1.7391057699918746,0.5917804837226868,0.2,-0.003716516314307228,0.35037982572208753,0.8297010660171509,0.06540305397727272,0.007187922,290,0.20167461037635803,0.00029346688,846.7,524.5096923499999
1888.13,675840,30,3206,210,3044.7119664100005,,,,,,,,,,,,,
1907.25,698368,31,3214,217,3112.9430955499997,2.405612015453252,1.045687198638916,0.2,-0.003223188446347856,0.39348557828502223,0.8974853157997131,0.04288441051136364,0.005239162,300,0.1970556080341339,0.00029324159999999995,,
1907.25,720896,32,3206,224,3160.84623834,2.031152866916223,0.7783138155937195,0.2,-0.004129345081905327,0.43395538106560705,0.9119130373001099,0.05942826704545454,0.005484816,310,0.19371289014816284,0.00029301631999999997,,
1945.36,743424,33,3214,231,3243.12056101,1.9335042197595944,1.6193867921829224,0.2,-0.004423133476732553,0.482867243276401,0.9356634616851807,0.068115234375,0.008727547,320,0.18823382258415222,0.00029279104,,
1928.37,765952,34,3229,237,3273.24120121,1.2595823771574282,0.40750348567962646,0.2,-0.003219646408317865,0.5464687182144685,0.8996849656105042,0.06371626420454546,0.0062752543,330,0.18248742818832397,0.00029256575999999995,,
,770000,,,,,2.961336369135163,0.5810679793357849,0.2,-0.0005463442829998464,0.5777042319828813,0.9835730195045471,0.03118341619318182,0.0050427546,340,0.1802017241716385,0.00029234047999999996,645.0,533.0459021999999
1946.33,788480,35,3128,252,3341.9274447599996,,,,,,,,,,,,,
1946.33,811008,36,3141,258,3370.610468770001,1.0283495832573284,0.5838647484779358,0.2,-0.0029437741910276764,0.6277355368841778,0.9432871341705322,0.06333895596590909,0.007033868,350,0.175654798746109,0.0002921152,,
1965.16,833536,37,3155,264,3428.0392958199996,1.3687116519971327,0.4585573673248291,0.2,-0.0028370187906230884,0.6712465586987408,0.934956431388855,0.06091530539772727,0.005889729,360,0.17175330221652985,0.00029188992,,
1949.78,856064,38,3173,269,3415.4458336900007,1.4734484581784768,0.4671717882156372,0.2,-0.0015930344355927612,0.7045586282556707,0.9628590941429138,0.04062943892045454,0.004130617,370,0.16866850852966309,0.00029166464,,
1949.78,878592,39,3191,275,3436.43390388,1.4928984266790477,0.4677802622318268,0.2,-0.002681584998340854,0.7538220107555389,0.9842046499252319,0.04807794744318182,0.0054553295,380,0.16472534835338593,0.00029143935999999997,,
,880000,,,,,1.3137337324294176,0.4179626703262329,0.2,-0.002780481962360103,0.8119064180688425,0.8978951573371887,0.047687322443181815,0.005377018,390,0.1598488986492157,0.00029121408,756.05,851.4909982000001
1949.78,901120,40,3106,290,3457.758958,,,,,,,,,,,,,
1914.91,923648,41,3118,296,3404.3036859500007,1.730370109866966,0.6281033754348755,0.2,-0.002948432131300003,0.857592351328243,0.9171023964881897,0.043701171875,0.004796786,400,0.15643012523651123,0.00029098879999999995,,
1949.75,946176,42,3128,302,3494.76371729,1.4779536657712675,0.43461698293685913,0.2,0.0017389538036447696,0.8714880933815783,0.9654802680015564,0.03107688210227273,0.005399508,410,0.15678280591964722,0.00029076351999999996,,
1935.58,968704,43,3143,308,3477.39486194,0.9475691683590413,0.31977835297584534,0.2,-0.001569146068703214,0.9105522315610539,0.962080717086792,0.04381658380681818,0.006554161,420,0.15193970501422882,0.00029053824,,
,990000,,,,,1.190356313504956,0.25263556838035583,0.2,-0.0002789090874350884,0.9349693899804895,0.9813304543495178,0.03914683948863636,0.004434443,430,0.1514558494091034,0.00029031296,927.55,1145.3630822999999
1935.58,991232,44,3051,324,3481.5335784699996,,,,,,,,,,,,,
1935.58,1013760,45,3067,330,3490.0818264199997,1.0438505795191635,0.3572993874549866,0.2,-0.0021183107627703894,0.9748519764705138,0.9649950265884399,0.05739968039772727,0.0059411945,440,0.14742711186408997,0.00029008768,,
1913.26,1036288,46,3085,335,3460.6242555,1.2099308196793903,0.4642128646373749,0.2,-0.0018705534736826932,1.0278118606318127,0.9210200309753418,0.05110973011363636,0.006219005,450,0.14364014565944672,0.00028986239999999997,,
1849.12,1058816,47,3097,341,3343.0009113700007,2.1463172801516275,0.9107544422149658,0.2,-5.197310978970067e-06,1.0501063222234899,0.9678260684013367,0.040953480113636365,0.004479151,460,0.14272230863571167,0.00028963712,,
1830.59,1081344,48,3112,347,3313.7832705,2.489422671496868,2.114642381668091,0.2,-0.0018460367165971548,1.0529268887909975,0.9864208102226257,0.028719815340909092,0.0035156345,470,0.14319652318954468,0.00028941183999999995,,
,1100000,,,,,2.252371235191822,1.651159644126892,0.2,9.098360248820179e-05,1.0532537893815475,0.9834617376327515,0.029048295454545455,0.0049815285,480,0.14268940687179565,0.00028918655999999996,755.15,952.04197095
1849.26,1103872,49,3001,367,3350.6304835900005,,,,,,,,,,,,,
1849.26,1126400,50,3010,374,3351.8527032399993,1.2203106072815981,0.3555909991264343,0.2,-0.0009732928045030514,1.080581708387895,0.9657468795776367,0.04489524147727273,0.004622392,490,0.14027298986911774,0.00028896128,,
1863.43,1148928,51,3026,379,3392.90153827,0.8634838449684057,0.3317502439022064,0.2,-0.003219808034588244,1.1393192069096998,0.9369257688522339,0.06680131392045455,0.0067681,500,0.13620416820049286,0.000288736,,
1863.43,1171456,52,3036,385,3391.8521350399997,0.951158447292718,0.7284799218177795,0.2,-0.000944461617407135,1.177985791726546,0.9666585922241211,0.04586736505681818,0.0067130937,510,0.1333112120628357,0.00028851071999999996,,
1863.43,1193984,53,3047,391,3400.77637097,0.935223466632041,0.26840466260910034,0.2,-0.001063127924465913,1.2011728438464078,0.9432916641235352,0.048792613636363634,0.004489831,520,0.13250629603862762,0.00028828543999999997,,
,1210000,,,,,0.7260496218773451,0.26723986864089966,0.2,-0.0010039395951687105,1.230162378874692,0.9622395634651184,0.04452237215909091,0.00503468,530,0.13010984659194946,0.00028806016,751.65,858.568568
1882.51,1216512,54,2993,406,3443.3494835799997,,,,,,,,,,,,,
1919.32,1239040,55,3008,411,3520.5271683,0.6085365168750286,0.22501471638679504,0.2,-0.001010276982693044,1.2795688997615466,0.9729182720184326,0.054541015625,0.0075692963,540,0.12653891742229462,0.00028783488,,
1965.27,1261568,56,3023,417,3614.5700211000008,1.7960311450741508,0.4693368673324585,0.2,8.18176824726503e-05,1.2989355152303523,0.8963205814361572,0.040482954545454544,0.0045446944,550,0.12628817558288574,0.00028760959999999996,,
2000.0,1284096,57,3037,422,3685.52137315,1.0285200132565064,0.2672562301158905,0.2,-0.0014606556217503649,1.3189383311705156,0.9726401567459106,0.04723455255681818,0.0052367086,560,0.12441222369670868,0.00028738432,,
2000.0,1306624,58,3050,428,3698.3227793400006,0.5588832561942664,0.16829757392406464,0.2,-0.0009250318803506988,1.3646246595816178,0.9389609098434448,0.05039506392045454,0.0043556336,570,0.12144427746534348,0.00028715903999999994,,
,1320000,,,,,0.7494800320403142,0.5952560901641846,0.2,-0.0005054497945820913,1.4014698280529543,0.9709902405738831,0.031551846590909094,0.0039781923,580,0.11906164139509201,0.00028693375999999996,666.4,795.1839616499999
2000.0,1329152,59,3008,441,3705.14387484,,,,,,,,,,,,,
2000.0,1351680,60,3021,447,3705.7615366299997,0.7904901799830524,0.2623097598552704,0.2,-0.0009264238406269049,1.434402488036589,0.9401791095733643,0.04025213068181818,0.006337899,590,0.11757716536521912,0.00028670847999999997,,
2000.0,1374208,61,3032,453,3718.7859931099997,0.7738703009079803,0.24923081696033478,0.2,-0.001966011394820684,1.4703097809444774,0.8789573311805725,0.05240145596590909,0.005378819,600,0.11516595631837845,0.0002864832,,
2000.0,1396736,62,3045,458,3726.5381560100004,1.1805750332095406,0.6394379734992981,0.2,-0.001296215821771925,1.501066761396148,0.9054142236709595,0.03756658380681818,0.0034965992,610,0.11359432339668274,0.00028625792,,
2000.0,1419264,63,3058,464,3733.593021610001,0.8233431734822013,0.30057474970817566,0.2,-0.0008464900189375674,1.5309237813407726,0.9526407122612,0.04202325994318182,0.0059964,620,0.11181406676769257,0.00028603263999999997,,
,1430000,,,,,0.8137353071434932,0.49741071462631226,0.2,0.0009477490776176141,1.5455713524059815,0.9548187255859375,0.04239169034090909,0.0042482982,630,0.11174388229846954,0.00028580736,524.05,560.4281994
2000.0,1441792,64,3028,476,3739.56510175,,,,,,,,,,,,,
1981.72,1464320,65,3038,481,3708.5255355500003,2.082680255039172,1.2133915424346924,0.2,-0.0004938920293087987,1.5441394158385016,0.9630353450775146,0.03346058238636364,0.0042704535,640,0.11202004551887512,0.00028558207999999994,,
1981.72,1486848,66,3046,488,3712.05434007,1.2398695128207857,0.30392491817474365,0.2,-0.0004451991043011235,1.5565094590187072,0.9713737964630127,0.052685546875,0.004783965,650,0.11062990128993988,0.00028535679999999996,,
1981.72,1509376,67,3051,494,3714.9113890900003,0.8031593805686994,0.2634015679359436,0.2,0.0002130822437307374,1.5858597126874057,0.9336007833480835,0.048268821022727275,0.0050720368,660,0.10905919224023819,0.00028513152,,
1981.72,1531904,68,3059,500,3710.42693211,0.8814335220239379,0.27482250332832336,0.2,0.0003356443657222289,1.604495520754294,0.9318044781684875,0.03976828835227273,0.004569822,670,0.1079917699098587,0.00028490624,,
,1540000,,,,,1.576196523755789,0.3204421103000641,0.2,-0.0004439248920375989,1.6030370533466338,0.9609168171882629,0.03444158380681818,0.0039982125,680,0.10929397493600845,0.00028468095999999995,461.1,498.9086217
1981.72,1554432,69,3033,512,3706.2934356999995,,,,,,,,,,,,,
1963.46,1576960,70,3041,518,3658.1255348299997,2.3493655745278703,0.9441773891448975,0.2,-0.0009657610578208485,1.5905768524516712,0.9556543827056885,0.034423828125,0.004823756,690,0.10922949016094208,0.00028445567999999997,,
1963.46,1599488,71,3042,525,3652.53537847,3.1995548525994475,0.5186300277709961,0.2,0.0006361673760693521,1.585239738225937,0.9790569543838501,0.033855646306818185,0.0042340625,700,0.11004665493965149,0.0002842304,,
1963.46,1622016,72,3043,532,3647.09323245,1.6680762495506893,0.49186038970947266,0.2,0.0004217717238299718,1.6007150186733765,0.9573131203651428,0.05111860795454545,0.0052733677,710,0.10789917409420013,0.00028400512,,
1981.74,1644544,73,3044,540,3683.34506157,0.812780809063803,1.01512610912323,0.2,0.0004942009820793332,1.6124773266640577,0.9306888580322266,0.06629971590909091,0.00528109,720,0.10803833603858948,0.00028377983999999996,,
,1650000,,,,,1.5377761162140153,0.3497357964515686,0.2,-0.000655023093515245,1.622584960677407,0.9622183442115784,0.04471768465909091,0.00610666,730,0.10725069046020508,0.00028355456,619.65,731.54967245
1981.74,1667072,74,3009,553,3681.35558957,,,,,,,,,,,,,
1981.74,1689600,75,3014,560,3681.1457280199993,0.6821755691685459,0.2570381462574005,0.2,-6.20184434493157e-05,1.6502462842247703,0.9373916387557983,0.055863813920454544,0.00483539,740,0.10547870397567749,0.00028332928,,
1981.74,1712128,76,3022,566,3677.74548533,0.6173095153814012,0.38402828574180603,0.2,-0.0016524981629283337,1.6861032597043297,0.9444611072540283,0.05326260653409091,0.0070974096,750,0.10372725129127502,0.00028310399999999995,,
1981.74,1734656,77,3029,572,3687.32805545,0.6395036252384836,0.8630751371383667,0.2,-0.0011960857828274708,1.7074757147919049,0.9280871152877808,0.05234375,0.005202688,760,0.10266223549842834,0.00028287871999999997,,
1963.22,1757184,78,3035,578,3660.09725628,1.2290235895324837,0.4221042990684509,0.2,-0.00024270062779330393,1.7151402486996217,0.9592674970626831,0.035231711647727273,0.0046534035,770,0.10265818238258362,0.00028265344,,
,1760000,,,,,1.3212273335592313,0.19661837816238403,0.2,0.00023232670474416492,1.6990139939568258,0.9777106642723083,0.03843217329545454,0.0050663203,780,0.10429538041353226,0.00028242816,671.9,672.2743783499999
1981.48,1779712,79,2998,593,3699.80136281,,,,,,,,,,,,,
1981.48,1802240,80,3005,599,3705.75401373,1.1798513910309836,0.4947192668914795,0.2,-0.0003598432617516003,1.6977237701416015,0.9432002902030945,0.056942471590909094,0.006042194,790,0.10306388139724731,0.00028220288,,
1981.48,1824768,81,3015,605,3712.7257226100005,0.8863115975802595,0.1992788463830948,0.2,-0.0007247641034403139,1.7142114148898557,0.9295564293861389,0.045130504261363634,0.0055189105,800,0.10261084139347076,0.0002819776,,
1981.48,1847296,82,3024,610,3714.5328676199993,0.613475709814917,0.30081480741500854,0.2,-0.0003487370286496695,1.7252431083809245,0.9164134860038757,0.051558061079545456,0.0048431386,810,0.10196448862552643,0.00028175232,,
1981.48,1869824,83,3030,616,3718.0774919999994,0.9033813225274736,0.4493163526058197,0.2,-0.0016315716263224287,1.726985535567457,0.9570276737213135,0.048131214488636366,0.005421604,820,0.10208602249622345,0.00028152703999999995,,
,1870000,,,,,0.7076731022108685,0.19241154193878174,0.2,-0.0007328298024896701,1.7363849331032146,0.9581758975982666,0.04136629971590909,0.0049498933,830,0.10145023465156555,0.00028130175999999997,639.05,734.7598143499999
1981.48,1892352,84,2995,631,3719.8699445100006,,,,,,,,,,,,,
1981.48,1914880,85,2989,640,3722.33426118,0.868208811161193,0.4496275782585144,0.2,-0.0018676117829851467,1.767742830785838,0.8544497489929199,0.04666193181818182,0.0057278355,840,0.09934418648481369,0.00028107648,,
2000.0,1937408,86,2990,647,3760.9935761999996,0.7227317741648718,0.2277313619852066,0.2,0.00020834615411744877,1.7794608923521908,0.9444915652275085,0.0498046875,0.005298112,850,0.09953049570322037,0.0002808512,,
2000.0,1959936,87,2993,654,3767.9197725,0.36606920459731057,0.1665421724319458,0.2,-0.00012852846914690664,1.7886041302572597,0.954359233379364,0.04955610795454545,0.0069722007,860,0.09880715608596802,0.00028062592,,
,1980000,,,,,0.716476454382593,0.17759430408477783,0.2,-0.001225064497901423,1.7996994923461567,0.9587184190750122,0.05360884232954546,0.0047212318,870,0.09813793003559113,0.00028040064,657.15,824.7608432
2000.0,1982464,88,2957,670,3750.32213399,,,,,,,,,,,,,
2000.0,2004992,89,2960,677,3748.8940726200003,2.4817072472789072,0.725430965423584,0.2,-0.00033030985267197885,1.789819477092136,0.8986656665802002,0.036314808238636365,0.0035121427,880,0.0998172014951706,0.00028017536,,
2000.0,2027520,90,2965,683,3737.759083300001,1.7956291698596694,0.5347824692726135,0.2,0.00021992079590828242,1.762176750735803,0.9101132750511169,0.030477627840909093,0.004331081,890,0.10082957148551941,0.00027995007999999995,,
2000.0,2050048,91,2970,690,3745.33293449,1.295341717113148,0.36190265417099,0.2,-0.0014841714141022584,1.734725693139163,0.9529687762260437,0.03467240767045455,0.0043772752,900,0.10238820314407349,0.00027972479999999997,,
2000.0,2072576,92,2976,696,3742.35312349,0.9330490655519745,0.31294703483581543,0.2,-0.001345609137735499,1.725577656247399,0.9041005969047546,0.053431285511363634,0.0065219714,910,0.10220319777727127,0.00027949952,,
,2090000,,,,,2.0127947692166677,0.4326949119567871,0.2,-0.002397925944586115,1.7382379951802167,0.9291850328445435,0.03793501420454545,0.004697095,920,0.10105228424072266,0.00027927423999999995,726.65,943.6816111999999
2000.0,2095104,93,2938,713,3721.25262828,,,,,,,,,,,,,
2000.0,2117632,94,2944,719,3716.5352438700006,3.327085315368392,1.3768562078475952,0.2,6.881579809652811e-06,1.7336380725557154,0.9473609328269958,0.03700284090909091,0.005009843,930,0.10262974351644516,0.00027904895999999996,,
2000.0,2140160,95,2949,725,3713.1663013,1.1649991370060226,0.45926186442375183,0.2,-0.0007130356500221586,1.7191074506802992,0.9567829370498657,0.05680042613636364,0.006739472,940,0.10231311619281769,0.00027882368,,
2000.0,2162688,96,2948,733,3713.96991386,0.6381798979233612,0.5586584806442261,0.2,-9.12090419495309e-06,1.7358927761966532,0.9316989779472351,0.05537997159090909,0.007092495,950,0.10149137675762177,0.0002785984,,
2000.0,2185216,97,2952,740,3730.6511628199996,0.5339736838232387,1.101740837097168,0.2,-0.0018214473286537792,1.7567630066113038,0.950674295425415,0.055810546875,0.0053638155,960,0.10032470524311066,0.00027837312,,
,2200000,,,,,0.5963301469317891,0.16056707501411438,0.2,-0.0012734267778631131,1.7702420250935988,0.9645190834999084,0.04224076704545455,0.004727041,970,0.09973838925361633,0.00027814783999999997,898.25,1186.09174755
2000.0,2207744,98,2908,759,3733.3735092799993,,,,,,,,,,,,,
1992.3,2230272,99,2912,765,3724.9203833,0.6515201823277907,0.29818445444107056,0.2,-0.00045647865468212824,1.765843295509165,0.9574093222618103,0.03829012784090909,0.0045479275,980,0.10036353766918182,0.00027792256,,
1992.3,2252800,100,2917,772,3720.63824286,1.554772300882773,0.46137192845344543,0.2,0.000773869315162301,1.7499880961396477,0.964967668056488,0.024920099431818183,0.0029158068,990,0.10147365927696228,0.00027769727999999995,,
1992.3,2275328,101,2920,779,3723.1276602700004,1.037696820768443,0.2924460172653198,0.2,-0.00047028273640369826,1.7597562846812336,0.9319602251052856,0.03720259232954545,0.003890068,1000,0.09953626245260239,0.00027747199999999996,,
1992.3,2297856,102,2921,786,3745.60946073,0.9868719579143957,0.32218509912490845,0.2,-0.00030349187198391354,1.7722938551144167,0.959098756313324,0.043874289772727275,0.004659706,1010,0.10001489520072937,0.00027724672,,
,2310000,,,,,0.835815520787781,0.3024108111858368,0.2,-0.0006629845697633838,1.7832434751770714,0.9514330625534058,0.05369762073863636,0.0047478685,1020,0.09884712100028992,0.00027702144,814.15,1072.01674805
1992.3,2320384,103,2887,803,3749.6467051699997,,,,,,,,,,,,,
1992.3,2342912,104,2892,810,3753.754174689999,0.5890433516014706,0.2363426238298416,0.2,-0.001079016175671396,1.8174880531701174,0.9270325899124146,0.04330610795454545,0.0044825445,1030,0.0969051718711853,0.00027679616,,
1992.3,2365440,105,2897,816,3755.00846112,1.1051775523207403,0.5416543483734131,0.2,-0.0016233433826445516,1.8356616366993297,0.8823862075805664,0.03653675426136364,0.004108904,1040,0.09669177234172821,0.00027657087999999997,,
1992.3,2387968,106,2901,822,3757.3295135800004,0.6982237330214544,0.15650823712348938,0.2,-0.0006260827847819945,1.839782347462394,0.956778883934021,0.048029119318181816,0.0061296388,1050,0.0964735895395279,0.0002763456,,
1992.3,2410496,107,2904,829,3756.0719770799997,0.6620188192210414,0.30042290687561035,0.2,-0.0006614224085668949,1.8516487660733136,0.9586825966835022,0.04395862926136364,0.0049225097,1060,0.09568226337432861,0.00027612031999999995,,
,2420000,,,,,0.6573840457607399,0.1833985596895218,0.2,-0.000394368674791291,1.8682817683978514,0.9475247859954834,0.041712535511363634,0.0037191762,1070,0.09485438466072083,0.00027589503999999996,920.1,1248.5862458499998
2000.0,2433024,108,2868,848,3776.31318195,,,,,,,,,,,,,
2000.0,2455552,109,2875,853,3777.30926468,0.5037198942493308,0.21898451447486877,0.2,-0.0008916034558999606,1.8802166800607334,0.9549683332443237,0.046946022727272725,0.004841428,1080,0.09446192532777786,0.00027566976,,
2000.0,2478080,110,2882,859,3773.099313399999,0.8907460938800466,0.28543397784233093,0.2,-0.001515397639278407,1.8843277581713416,0.9389790892601013,0.0453125,0.004855553,1090,0.09434917569160461,0.00027544448,,
1986.14,2500608,111,2889,865,3744.69077422,1.314917299557816,0.5842284560203552,0.2,-0.0017836498773910782,1.8905920364639976,0.9302567839622498,0.04613813920454545,0.0048094504,1100,0.09396333247423172,0.00027521919999999996,,
1986.14,2523136,112,2894,871,3738.3797849800003,1.027603957395662,0.45928382873535156,0.2,0.002091400276218668,1.8774804936213927,0.9769541621208191,0.038765092329545454,0.0040071607,1110,0.0954504981637001,0.00027499391999999997,,
,2530000,,,,,1.1808146474036303,0.954531729221344,0.2,-0.0004513047331287949,1.8674386273730885,0.9549666047096252,0.033393998579545454,0.0048845517,1120,0.09494557231664658,0.00027476864,914.85,1204.1152785
1986.14,2545664,113,2864,888,3737.1525405400002,,,,,,,,,,,,,
1986.14,2568192,114,2867,895,3737.7499767799995,0.4392622553489425,0.43451982736587524,0.2,-0.0006590131903067231,1.8786172289739955,0.9420544505119324,0.04651988636363636,0.0029660598,1130,0.09446011483669281,0.00027454336,,
1986.14,2590720,115,2872,902,3735.84437433,0.5464971642602574,0.17377474904060364,0.2,-0.00043087260551560164,1.8977693319320679,0.9557931423187256,0.03635919744318182,0.004026815,1140,0.09351736307144165,0.00027431807999999996,,
1986.14,2613248,116,2872,909,3732.636210229999,0.8401653178036212,0.2581532895565033,0.2,-0.0004918812334918502,1.9216107338666917,0.9682902097702026,0.05295188210227273,0.005118087,1150,0.09207288920879364,0.0002740928,,
1986.14,2635776,117,2872,917,3729.7317036299996,0.9507007921283895,0.4447842240333557,0.2,-9.191937437704342e-05,1.9299045597965068,0.9166975617408752,0.04957830255681818,0.0046871114,1160,0.09235261380672455,0.00027386751999999994,,
,2640000,,,,,0.8236894539134069,0.2825840413570404,0.2,-0.0003541355682748624,1.931882720914754,0.9587293267250061,0.04317294034090909,0.004987751,1170,0.09190179407596588,0.00027364223999999996,646.1,782.2376027499998
1986.14,2658304,118,2849,932,3728.0126001099998,,,,,,,,,,,,,
1986.14,2680832,119,2857,938,3728.1074011,1.0226953102106398,0.3015863597393036,0.2,-0.0009465354005276988,1.9460527961904353,0.946964681148529,0.042045454545454546,0.003885824,1180,0.09120011329650879,0.00027341695999999997,,
2000.0,2703360,120,2863,943,3756.79839794,1.0160041496157646,0.4563509225845337,0.2,-0.0006419999942987818,1.9594066701152109,0.9166539311408997,0.04000799005681818,0.0038386753,1190,0.0906224474310875,0.00027319168,,
2000.0,2725888,121,2870,949,3758.43111838,0.7480787811631506,0.2599833011627197,0.2,-0.0003411388580306348,1.9753902730616657,0.9600369334220886,0.05116743607954546,0.004550218,1200,0.08977274596691132,0.0002729664,,
2000.0,2748416,122,2875,955,3759.1191383800005,0.7766850982877341,0.3837285339832306,0.2,-0.00034475221579090097,1.9873632417483764,0.9397832155227661,0.04386097301136364,0.004641618,1210,0.08953885734081268,0.00027274111999999996,,
,2750000,,,,,0.6006348833441735,0.31546667218208313,0.2,2.8496611313047735e-05,1.9953700092705813,0.9524519443511963,0.04650213068181818,0.004166937,1220,0.08903755247592926,0.00027251584,733.25,930.2522155499998
2000.0,2770944,123,2853,971,3756.32073407,,,,,,,,,,,,,
2000.0,2793472,124,2858,977,3752.3661183100003,0.6936827004633167,0.2216014713048935,0.2,-0.0004692602847088975,2.0014249449426478,0.9736099243164062,0.04687943892045455,0.00457511,1230,0.0889410525560379,0.00027229056,,
2000.0,2816000,125,2861,983,3754.78188821,0.6353096576576883,0.25706249475479126,0.2,-0.0017258397094503215,2.0132029956037347,0.9397410750389099,0.04579190340909091,0.0038637752,1240,0.08817708492279053,0.00027206527999999996,,
2000.0,2838528,126,2865,990,3757.48555429,0.6392373259771954,0.24015513062477112,0.2,1.097238379191946e-05,2.0125805123285816,0.9582322835922241,0.03267489346590909,0.0029101002,1250,0.08874038606882095,0.00027183999999999997,,
,2860000,,,,,1.159712222895839,0.3363165557384491,0.2,-0.0005986323040402071,2.0156892960721797,0.9538666605949402,0.03990145596590909,0.0041006734,1260,0.08798758685588837,0.00027161472,905.9,1127.2320347500001
2000.0,2861056,127,2841,1006,3756.94768812,,,,,,,,,,,,,
2000.0,2883584,128,2847,1012,3754.5375228000003,0.8737204318696802,0.2541913688182831,0.2,0.0003666211033388126,2.015771717374975,0.9744414687156677,0.04127308238636364,0.004493832,1270,0.0886458158493042,0.00027138943999999995,,
2000.0,2906112,129,2853,1018,3756.90395722,0.6387648381970146,0.26862165331840515,0.2,-0.0018149246308232913,2.0085815608501436,0.9663597345352173,0.04423828125,0.003886482,1280,0.08859355002641678,0.00027116415999999996,,
2000.0,2928640,130,2859,1024,3759.96571068,0.6079917705194516,0.32028400897979736,0.2,-0.0012718568683009255,2.0269327862696214,0.9468355774879456,0.046457741477272725,0.0038042543,1290,0.0875411257147789,0.00027093888,,
2000.0,2951168,131,2850,1035,3766.6983198999997,0.5704189454967326,0.6175864338874817,0.2,0.00032378765145867045,2.0387222463434393,0.9510228037834167,0.039848188920454546,0.004668951,1300,0.08722058683633804,0.0002707136,,
,2970000,,,,,1.2919963035393844,0.5301467180252075,0.2,-5.024658457841724e-05,2.0346295871517874,0.9189225435256958,0.03890269886363636,0.0038193045,1310,0.08766528964042664,0.00027048831999999996,756.05,778.9649660999999
1985.73,2973696,132,2824,1052,3734.22593283,,,,,,,,,,,,,
1985.73,2996224,133,2828,1059,3737.2950204400004,1.0482510723850944,0.3965247869491577,0.2,0.0011229876706651835,2.0168021353808316,0.9663167595863342,0.04455788352272727,0.0057857293,1320,0.08896082639694214,0.00027026304,,
1985.73,3018752,134,2831,1066,3736.32481267,0.8620465336198156,0.35233351588249207,0.2,-0.0005396390235877003,2.0137045480988243,0.9495062828063965,0.04581409801136364,0.0066839517,1330,0.08820612728595734,0.00027003776,,
1985.73,3041280,135,2835,1072,3739.7352396099996,0.7767682442610914,0.22650468349456787,0.2,-0.0004716721675570377,2.0241889715194703,0.956135094165802,0.040957919034090906,0.0041690115,1340,0.08787544071674347,0.00026981247999999995,,
1985.73,3063808,136,2841,1078,3739.1442461800007,0.5838459355587309,0.2190580517053604,0.2,-0.0008132366148691455,2.043726787783883,0.9369326233863831,0.04713689630681818,0.0036225826,1350,0.0867229551076889,0.00026958719999999997,,
,3080000,,,,,0.7414886948737232,0.2135472297668457,0.2,-3.618566234680739e-05,2.058405949852683,0.9725989103317261,0.04648881392045454,0.0049377503,1360,0.08640564978122711,0.00026936192,1004.75,1109.04390605
1985.73,3086336,137,2812,1097,3740.5650444600005,,,,,,,,,,,,,
1985.73,3108864,138,2817,1103,3742.69799176,0.6024531371891498,0.6204279065132141,0.2,0.00023364442405925895,2.05692579312758,0.9710683822631836,0.036177201704545456,0.0038652753,1370,0.08659157902002335,0.00026913664,,
1985.73,3131392,139,2821,1109,3737.5487771,0.6290972030975602,0.43279433250427246,0.2,-0.0008666227058380504,2.059326844323765,0.9266126751899719,0.04476651278409091,0.0041501983,1380,0.08644287288188934,0.00026891136,,
1985.73,3153920,140,2825,1116,3737.3981845000003,0.5734699625183236,0.24930353462696075,0.2,-0.0017941986842991108,2.0730180220170453,0.9350056648254395,0.04832652698863636,0.0046204953,1390,0.08538118749856949,0.00026868608,,
2000.0,3176448,141,2827,1123,3765.3363386699993,0.6839021376588128,0.2661021053791046,0.2,-0.00012521050732836804,2.065413156964562,0.9326780438423157,0.042538174715909094,0.0046242326,1400,0.08667948842048645,0.0002684608,,
,3190000,,,,,0.6764648751101711,0.21670693159103394,0.2,-0.00047992640637940814,2.0541441424326465,0.9624698758125305,0.043892045454545454,0.0043382626,1410,0.08674831688404083,0.00026823551999999995,820.65,879.1511734000002
2000.0,3198976,142,2801,1141,3765.63188822,,,,,,,,,,,,,
1981.79,3221504,143,2805,1148,3728.7880311900003,0.5459610926156694,0.20572985708713531,0.2,-0.0007802620067112995,2.0605772056362848,0.9542897939682007,0.04501953125,0.0048816875,1420,0.08617160469293594,0.00026801023999999997,,
1962.82,3244032,144,2809,1154,3691.11711732,0.695130219175057,0.19992773234844208,0.2,0.001560021218293431,2.0408844405954536,0.9657317399978638,0.043874289772727275,0.006169246,1430,0.08817724138498306,0.00026778496,,
1962.82,3266560,145,2814,1160,3693.5815744499996,1.0597796818072145,0.28033676743507385,0.2,-0.0021138798437525773,2.012750328128988,0.9783318638801575,0.03698508522727273,0.004175049,1440,0.08865457773208618,0.00026755968,,
1962.82,3289088,146,2821,1165,3697.0245422800003,0.5538674842227589,0.19949980080127716,0.2,-0.0002461746099553156,2.023103073510257,0.9507447481155396,0.04543678977272727,0.0041297446,1450,0.08781120926141739,0.0002673344,,
,3300000,,,,,0.4333695368671959,0.20141127705574036,0.2,0.00014805448352655566,2.028260136734356,0.9494293332099915,0.04006569602272727,0.004093841,1460,0.08781097084283829,0.00026710912,634.4,716.5789817500001
1962.82,3311616,147,2808,1179,3696.50259523,,,,,,,,,,,,,
1962.82,3334144,148,2809,1186,3698.52743961,0.6419351142238486,0.22903476655483246,0.2,-0.0010650128602388907,2.038567910411141,0.951949954032898,0.03319424715909091,0.004230557,1470,0.08696165680885315,0.00026688384,,
1962.82,3356672,149,2812,1193,3699.1417112599993,0.7938875341957266,0.5020015835762024,0.2,-0.0008538984397256916,2.0582691208882764,0.9286468625068665,0.040074573863636366,0.0034297286,1480,0.08608080446720123,0.00026665855999999995,,
1962.82,3379200,150,2816,1199,3707.62751943,0.6295377123084935,0.2216372787952423,0.2,-0.0013836178883635016,2.0620056959715756,0.9605223536491394,0.03963955965909091,0.003646894,1490,0.08644061535596848,0.00026643327999999997,,
1962.82,3401728,151,2819,1206,3701.82203939,0.5564954965629361,0.21909652650356293,0.2,-0.0003827572244600478,2.057742863893509,0.9709900617599487,0.04455344460227273,0.003992594,1500,0.08660196512937546,0.000266208,,
,3410000,,,,,0.5820358438925309,0.1897168755531311,0.2,-0.0007773959241934459,2.0616529795256526,0.9518378973007202,0.04276455965909091,0.004185853,1510,0.08615359663963318,0.00026598271999999994,579.05,621.2922176
1981.03,3424256,152,2801,1222,3738.6247697900008,,,,,,,,,,,,,
2000.0,3446784,153,2805,1228,3776.21843896,0.6008326685225421,0.3348263204097748,0.2,-0.0012324092552510343,2.0791831032796337,0.9654324650764465,0.04160600142045454,0.0040474115,1520,0.08533669263124466,0.00026575743999999996,,
2000.0,3469312,154,2809,1234,3775.6992626600004,0.5419285239821131,0.27391308546066284,0.2,-0.001010659004334064,2.082188345627351,0.9598478078842163,0.04275124289772727,0.005150058,1530,0.08538325130939484,0.00026553216,,
2000.0,3491840,155,2814,1240,3774.20985715,0.7305609945546497,0.23493453860282898,0.2,-0.0008991667601301081,2.0854234646667136,0.9443230628967285,0.039404296875,0.00446826,1540,0.08517732471227646,0.00026530688,,
2000.0,3514368,156,2817,1247,3776.47068804,0.7493307860060172,0.3415161073207855,0.2,-0.0002310656053437428,2.0882941018451344,0.9501444101333618,0.043155184659090906,0.004860196,1550,0.08526740968227386,0.0002650816,,
,3520000,,,,,0.7320671239359813,0.23576992750167847,0.2,-0.0013608845284166322,2.085532400824807,0.9426166415214539,0.048291015625,0.004810514,1560,0.08538319170475006,0.00026485631999999997,598.65,594.6758620999999
2000.0,3536896,157,2803,1261,3777.44967978,,,,,,,,,,,,,
2000.0,3559424,158,2806,1268,3777.3156111699996,0.7468992538072846,0.22010217607021332,0.2,-0.0003233871176648377,2.088119371912696,0.9629908800125122,0.041921164772727275,0.0054371376,1570,0.08507756888866425,0.00026463104,,
2000.0,3581952,159,2809,1274,3775.54324247,0.6976685632358898,1.5911322832107544,0.2,-0.0009094420055837624,2.093210562250831,0.9505497217178345,0.04428267045454545,0.0040334347,1580,0.08494121581315994,0.00026440575999999995,,
2000.0,3604480,160,2813,1280,3782.2786758600005,0.8218096913939172,0.2638099491596222,0.2,-0.00021243958511728454,2.0881185071034865,0.942898154258728,0.044260475852272725,0.0050117574,1590,0.08526834845542908,0.00026418047999999996,,
2000.0,3627008,161,2817,1287,3781.99326894,0.504715177857063,0.1671976000070572,0.2,-5.3181782608259134e-05,2.0965262391350485,0.9669130444526672,0.049853515625,0.0047824467,1600,0.08470235764980316,0.0002639552,,
,3630000,,,,,0.9508471373129975,0.2793459892272949,0.2,-0.0013423511435658756,2.097445953434164,0.9066455364227295,0.032426313920454544,0.00332928,1610,0.08472949266433716,0.00026372992,640.25,715.22507935
2000.0,3649536,162,2804,1301,3784.1725923199997,,,,,,,,,,,,,
2000.0,3672064,163,2807,1307,3787.41914443,0.5497489828955043,0.19393689930438995,0.2,-0.00035413920784115114,2.1191349468447944,0.9688264727592468,0.0435546875,0.0046717008,1620,0.0836116373538971,0.00026350464,,
2000.0,3694592,164,2811,1314,3788.8040286499995,0.673187393559651,0.17014029622077942,0.2,-0.0018282499696149236,2.128855847228657,0.9668706059455872,0.04311079545454546,0.003976574,1630,0.08344554901123047,0.00026327935999999997,,
2000.0,3717120,165,2814,1320,3785.1695508199996,0.6551692602309314,0.569750964641571,0.2,-0.0013115922462681986,2.1388444239443,0.9546607136726379,0.049485085227272727,0.005717474,1640,0.08275485038757324,0.00026305408,,
2000.0,3739648,166,2817,1327,3783.640809310001,0.6377320247617635,0.3415534794330597,0.2,-0.0006135354069887067,2.152742163701491,0.9318851232528687,0.04141068892045455,0.004903416,1650,0.08237855136394501,0.00026282879999999995,,
,3740000,,,,,1.2218797145919367,0.5229136943817139,0.2,-0.0009079479837303304,2.143977086652409,0.9330301284790039,0.033891157670454544,0.004422054,1660,0.08337108790874481,0.00026260351999999996,653.25,665.2538160500001
2000.0,3762176,167,2800,1343,3774.2430374600003,,,,,,,,,,,,,
2000.0,3784704,168,2803,1349,3772.2528871500003,1.6281495549462057,0.5203895568847656,0.2,-0.0013233177578182553,2.1254674261266535,0.9641586542129517,0.042777876420454546,0.005102214,1670,0.08378425240516663,0.00026237824,,
2000.0,3807232,169,2803,1358,3773.2556532000003,0.6728163847869093,0.21636444330215454,0.2,-0.0012409109447617083,2.1213288897817786,0.9443761110305786,0.05330699573863636,0.0050569978,1680,0.08379514515399933,0.00026215296,,
2000.0,3829760,170,2805,1364,3772.06752656,0.4832482843913815,0.16677527129650116,0.2,-0.0011224091148257932,2.1301919704133816,0.946879506111145,0.04160600142045454,0.004390775,1690,0.08314783871173859,0.00026192768,,
,3850000,,,,,0.9293266066096045,0.30313798785209656,0.2,-0.0005109575883993371,2.141367802294818,0.9768388867378235,0.03927556818181818,0.004610342,1700,0.08285842835903168,0.00026170239999999997,755.0,694.5576093
2000.0,3852288,171,2788,1381,3766.25120765,,,,,,,,,,,,,
2000.0,3874816,172,2792,1387,3765.3562749800003,0.6478431475433436,0.11976869404315948,0.2,-0.0016524576957718555,2.151687452468005,0.9600806832313538,0.040478515625,0.004487504,1710,0.08226482570171356,0.00026147712,,
2000.0,3897344,173,2796,1393,3769.38038762,0.43260213346643883,0.45969897508621216,0.2,-0.0007454157169294459,2.1771834590218284,0.9428107738494873,0.044509055397727273,0.004482631,1720,0.08118848502635956,0.00026125184,,
2000.0,3919872,174,2798,1400,3774.81874224,0.5077061574567449,0.2198362797498703,0.2,-0.00044380513718351723,2.180770009214228,0.9560418128967285,0.03769975142045454,0.004290743,1730,0.08128917217254639,0.00026102655999999996,,
2000.0,3942400,175,2802,1406,3771.00758854,0.7111513928256251,0.3424881100654602,0.2,-0.0003184807127002965,2.178709194876931,0.9353411197662354,0.036430220170454546,0.004138801,1740,0.08162150532007217,0.00026080128,,
,3960000,,,,,0.6121526703915813,0.22705884277820587,0.2,-0.00110219734382223,2.177322919260372,0.9536051750183105,0.04176136363636364,0.0046461034,1750,0.08134973049163818,0.00026057599999999994,661.2,617.2711916000001
2000.0,3964928,176,2789,1421,3783.6299061000004,,,,,,,,,,,,,
2000.0,3987456,177,2793,1427,3781.2162239900003,0.8479858282614838,0.2671377956867218,0.2,-0.0011073227667524903,2.1816029521552,0.948792576789856,0.04990234375,0.0049542394,1760,0.0812886506319046,0.00026035071999999995,,
2000.0,4009984,178,2796,1433,3780.86711098,0.6057736824859272,0.22332164645195007,0.2,-0.001475412195643664,2.1806739541617306,0.9556124210357666,0.041570490056818184,0.004684879,1770,0.08122456818819046,0.00026012543999999997,,
2000.0,4032512,179,2800,1439,3784.35034848,0.44288844638927416,0.21719416975975037,0.2,-0.0008767468319009904,2.1922033098610965,0.9539965987205505,0.04406960227272727,0.004632014,1780,0.0806225836277008,0.00025990016,,
2000.0,4055040,180,2803,1446,3790.9840747000007,0.7040942273356697,0.20035101473331451,0.2,-0.002673971277280626,2.2036271940578116,0.952944278717041,0.04368341619318182,0.0042767636,1790,0.08021146804094315,0.00025967488,,
,4070000,,,,,0.5156499294056134,0.1998770385980606,0.2,-0.00041867102580991656,2.210227917541157,0.9700534343719482,0.04420276988636364,0.004129942,1800,0.07998287677764893,0.0002594496,694.8,728.01347465
2000.0,4077568,181,2788,1462,3789.7791135,,,,,,,,,,,,,
2000.0,4100096,182,2790,1469,3780.23090076,0.6592270297760313,0.22761008143424988,0.2,-0.00040757647868965496,2.2143868267536164,0.9621204733848572,0.042515980113636366,0.004322716,1810,0.07999134808778763,0.00025922432,,
2000.0,4122624,183,2792,1476,3780.56645031,0.7173571269620549,0.25052520632743835,0.2,0.0006308211018966342,2.2113209318030966,0.9706252813339233,0.04836647727272727,0.0067551914,1820,0.08017264306545258,0.00025899904,,
2000.0,4145152,184,2795,1482,3782.6380554699995,0.6451806436885487,0.26817092299461365,0.2,-0.0006883178334894844,2.211839461326599,0.9453216195106506,0.04312855113636364,0.0034545264,1830,0.07996637374162674,0.00025877375999999996,,
2000.0,4167680,185,2797,1489,3776.0432305400004,0.6832054646855051,0.29010024666786194,0.2,0.0003042279665929858,2.2184692946347324,0.958965003490448,0.03611061789772727,0.0038454316,1840,0.07971519231796265,0.00025854847999999997,,
,4180000,,,,,0.6245236828923225,0.40807774662971497,0.2,-0.0009200588170312007,2.2117552946914327,0.971070408821106,0.038396661931818184,0.003933183,1850,0.08019913733005524,0.0002583232,763.85,876.3189214000001
2000.0,4190208,186,2778,1508,3777.42879389,,,,,,,,,,,,,
2000.0,4212736,187,2780,1515,3775.5270793199998,0.43052327792075545,0.21333014965057373,0.2,-0.0006122361246856268,2.2051131801171735,0.9572516083717346,0.03232865767045454,0.0041912813,1860,0.08041218668222427,0.00025809791999999995,,
2000.0,4235264,188,2781,1522,3773.6172638900007,0.6258451981300658,0.524188220500946,0.2,-0.0011132139670239254,2.2018970624967054,0.9543222784996033,0.049502840909090906,0.0055521065,1870,0.0804472416639328,0.00025787263999999996,,
2000.0,4257792,189,2782,1530,3771.0589736499996,0.5569046215577559,0.1877824068069458,0.2,-0.0008218124421546236,2.2041877296837895,0.955785870552063,0.041690340909090906,0.0035752587,1880,0.08039239048957825,0.00025764736,,
2000.0,4280320,190,2784,1537,3776.09637142,0.5851591748947447,0.28614261746406555,0.2,-0.00035910067010924896,2.2176577719775112,0.9671639204025269,0.03500532670454545,0.003763286,1890,0.07957684993743896,0.00025742208,,
,4290000,,,,,0.7323147096417167,0.26781684160232544,0.2,-0.0003201256826287135,2.2236183486201546,0.9355456233024597,0.049005681818181816,0.0038518878,1900,0.07963354140520096,0.00025719679999999996,895.25,1053.99825285
2000.0,4302848,191,2765,1555,3774.18138055,,,,,,,,,,,,,
2000.0,4325376,192,2768,1562,3766.0607146500006,0.8263812540607018,0.6946700811386108,0.2,0.00014874637682541189,2.221840110692111,0.9398643374443054,0.037060546875,0.003947656,1910,0.07961936295032501,0.00025697151999999997,,
2000.0,4347904,193,2771,1568,3776.5424336300002,0.5183772740038959,0.18120749294757843,0.2,-0.00102798762249718,2.223510148308494,0.9330904483795166,0.045840731534090906,0.0046382165,1920,0.0795552134513855,0.00025674624,,
2000.0,4370432,194,2771,1576,3776.8953457699995,0.7028059405359355,0.2321632355451584,0.2,-0.001386758612881584,2.2255456214601343,0.9479415416717529,0.04663973721590909,0.0060558734,1930,0.07968765497207642,0.00025652096,,
2000.0,4392960,195,2775,1582,3774.24431476,0.48739565085958353,0.23809586465358734,0.2,-0.0006084588104964826,2.233822742917321,0.9441717863082886,0.04585848721590909,0.0039867773,1940,0.07893975079059601,0.00025629567999999996,,
,4400000,,,,,0.5621173978529194,1.141618251800537,0.2,-0.0017233893116512758,2.2411894939162513,0.9710335731506348,0.04288441051136364,0.004075431,1950,0.07901249080896378,0.0002560704,848.5,968.1293538
2000.0,4415488,196,2759,1599,3776.2639700999994,,,,,,,,,,,,,
2000.0,4438016,197,2762,1606,3775.2510342199994,0.39986834356730633,0.17059671878814697,0.2,-0.0018461160163331608,2.243960028344935,0.9648967981338501,0.05162908380681818,0.0055789077,1960,0.07863141596317291,0.00025584512,,
2000.0,4460544,198,2765,1613,3775.25657036,0.41090823503380475,0.12939520180225372,0.2,-0.0008371297976488925,2.247353205355731,0.9726049900054932,0.047296697443181816,0.0054724235,1970,0.07874776422977448,0.00025561984,,
2000.0,4483072,199,2767,1619,3769.46119526,0.5932910689576105,0.2119780331850052,0.2,-0.0010389552122267724,2.2373887143351814,0.9679851531982422,0.04358132102272727,0.0041256906,1980,0.07925368845462799,0.00025539455999999997,,
2000.0,4505600,200,2770,1626,3771.3030581400003,0.5350839686664668,0.16683846712112427,0.2,-0.00028993444628378547,2.228735372695056,0.9674258828163147,0.038276811079545454,0.004888328,1990,0.07955364882946014,0.00025516928,,
,4510000,,,,,0.6993682932447304,0.23641523718833923,0.2,-0.0005665440043561499,2.225219379229979,0.9663511514663696,0.04331498579545454,0.0050782245,2000,0.0795942172408104,0.00025494399999999995,776.65,881.5425203499999
2000.0,4528128,201,2756,1642,3768.5899622199995,,,,,,,,,,,,,
2000.0,4550656,202,2759,1649,3762.92151001,0.8074244459921663,0.5951094627380371,0.2,-0.0017100624189796774,2.228529431061311,0.9756929874420166,0.05088778409090909,0.0049241814,2010,0.07923576980829239,0.00025471871999999997,,
2000.0,4573184,203,2762,1655,3764.4470387300007,1.0574492331255565,0.41154834628105164,0.2,-0.0012664548528846353,2.229675508629192,0.9445295333862305,0.030384410511363636,0.004398848,2020,0.07956879585981369,0.00025449344,,
2000.0,4595712,204,2766,1661,3764.1593085700006,0.7346038945019245,0.2412678599357605,0.2,-0.002290951836833053,2.2280134840445087,0.9464301466941833,0.052490234375,0.0056050625,2030,0.07933454215526581,0.00025426816,,
2000.0,4618240,205,2769,1667,3761.5297603100003,0.8020954301411455,0.5690097808837891,0.2,-0.0007960346553855661,2.2418343283913353,0.9622712135314941,0.040101207386363635,0.004119765,2040,0.07869904488325119,0.00025404288,,
,4620000,,,,,0.8290038233453577,0.47872745990753174,0.2,-0.0006110263059698892,2.253354943340475,0.9389801621437073,0.04605379971590909,0.0038536268,2050,0.07833576947450638,0.0002538176,1012.95,1102.44774095
2000.0,4640768,206,2750,1687,3762.983825790001,,,,,,,,,,,,,
2000.0,4663296,207,2752,1694,3762.7639046400004,0.7134467467665673,0.2745509445667267,0.2,-0.0004408680373506451,2.2678116549145093,0.9684230089187622,0.036456853693181815,0.0038292306,2060,0.07746586948633194,0.00025359232,,
2000.0,4685824,208,2755,1700,3751.04793827,1.3447156606750055,0.5200045108795166,0.2,-0.0009917756725123829,2.2666049068624323,0.9591584205627441,0.04189897017045455,0.0049619367,2070,0.07828798145055771,0.00025336703999999995,,
2000.0,4708352,209,2759,1706,3752.05956322,0.9369405411861159,0.6369082927703857,0.2,-0.0009720835834741593,2.2470910673791713,0.961164653301239,0.04554776278409091,0.004170215,2080,0.07891662418842316,0.00025314175999999997,,
,4730000,,,,,0.6669087307019668,0.2581586241722107,0.2,-0.0011107540792595087,2.2408002614974976,0.965923547744751,0.06229580965909091,0.0069096764,2090,0.07886960357427597,0.00025291648,952.05,1081.75282225
2000.0,4730880,210,2742,1725,3755.13975819,,,,,,,,,,,,,
2000.0,4753408,211,2745,1731,3748.9182975499994,0.9254143954678016,0.39481937885284424,0.2,-0.0009719577836222015,2.256980493935672,0.9655054807662964,0.049485085227272727,0.005232604,2100,0.0779457837343216,0.00025269119999999994,,
2000.0,4775936,212,2747,1738,3747.68547449,0.6790668878365647,0.4683789610862732,0.2,-0.001106017794650556,2.265882379358465,0.9650357961654663,0.05589932528409091,0.0050670356,2110,0.07798510789871216,0.00025246591999999996,,
2000.0,4798464,213,2748,1745,3745.2262583300007,0.9093380137600682,0.4156571924686432,0.2,-0.0009064929743710144,2.2640641835602846,0.9681416153907776,0.04651988636363636,0.006629719,2120,0.0780370756983757,0.00025224064,,
2000.0,4820992,214,2751,1752,3749.5306012399997,0.6394511083987626,0.20840489864349365,0.2,-0.0006657635142222386,2.265361116149209,0.9452783465385437,0.043510298295454546,0.003904258,2130,0.07791630923748016,0.00025201536,,
,4840000,,,,,0.6925012826919555,0.21062779426574707,0.2,-0.0013149223271863195,2.2797031353820456,0.9397673010826111,0.04186345880681818,0.005317877,2140,0.07725773751735687,0.00025179008,965.9,1119.2486446500002
2000.0,4843520,215,2734,1771,3746.1976441399997,,,,,,,,,,,,,
2000.0,4866048,216,2736,1778,3742.346651980001,0.7501745018769395,0.5458118915557861,0.2,-0.0002259147186784751,2.2898720080202275,0.9549840092658997,0.046688565340909094,0.006390323,2150,0.07690927386283875,0.00025156479999999997,,
2000.0,4888576,217,2738,1784,3752.4003444900004,0.5937859311022542,0.31238651275634766,0.2,-0.0007232063378482549,2.298517652533271,0.9712166786193848,0.056463068181818184,0.0040732767,2160,0.076433926820755,0.00025133952,,
2000.0,4911104,218,2741,1791,3751.05916645,0.5829185995188626,0.27068614959716797,0.2,-0.0010026172927940604,2.3094980770891365,0.9577434659004211,0.05088778409090909,0.0048938002,2170,0.07604329288005829,0.00025111423999999994,,
2000.0,4933632,219,2742,1798,3751.8442182000003,0.6843102934685621,0.1981969177722931,0.2,-0.0005340547601173801,2.3202074766159058,0.9604851007461548,0.04698153409090909,0.005723284,2180,0.07568728923797607,0.00025088895999999996,,
,4950000,,,,,0.8025756346231158,0.3309585750102997,0.2,-0.001862171899252148,2.3154663969169964,0.9692293405532837,0.04209428267045454,0.0043642144,2190,0.07620716094970703,0.00025066368,960.55,1087.11014875
2000.0,4956160,220,2723,1819,3756.2780014399996,,,,,,,,,,,,,
2000.0,4978688,221,2724,1827,3748.6530506599997,0.8407477405938235,0.25230199098587036,0.2,-0.0010438696632098237,2.3046381294727327,0.9574083685874939,0.03798384232954546,0.004508044,2200,0.07657986134290695,0.0002504384,,
2000.0,5001216,222,2727,1833,3748.9295838900002,1.1199593676762147,0.4771480858325958,0.2,-0.0012723948565756225,2.3040148989720777,0.9568217396736145,0.040238813920454544,0.00429876,2210,0.07634784281253815,0.00025021312,,
2000.0,5023744,223,2728,1841,3744.6122739200005,0.5381531255489046,0.18695220351219177,0.2,-0.0002186938154574653,2.2986274540424345,0.9306750297546387,0.03969282670454546,0.0053057047,2220,0.07677251100540161,0.00024998783999999997,,
2000.0,5046272,224,2731,1847,3740.9161070899995,0.5571758273650299,0.2675544321537018,0.2,-0.00034082844901025633,2.29442048181187,0.9591885805130005,0.04238725142045455,0.0051743006,2230,0.07683403789997101,0.00024976256,,
,5060000,,,,,0.6718494642187248,0.2765393555164337,0.2,-0.0008893606133907187,2.296477187763561,0.9459567070007324,0.04748313210227273,0.0054927007,2240,0.07680913060903549,0.00024953728,1065.15,1261.6380665000001
2000.0,5068800,225,2714,1867,3746.86436796,,,,,,,,,,,,,
2000.0,5091328,226,2717,1873,3745.57488015,0.6679092985662547,0.23561108112335205,0.2,-0.0011162579760738563,2.3018936731598596,0.9340323209762573,0.05199307528409091,0.005720174,2250,0.07630109786987305,0.00024931199999999996,,
2000.0,5113856,227,2719,1880,3737.3956639499997,1.7852872676470064,0.7892817854881287,0.2,4.7642720429311424e-05,2.301158450950276,0.8655433654785156,0.03405539772727273,0.0038150316,2260,0.07674440741539001,0.00024908672,,
2000.0,5136384,228,2722,1886,3739.57423113,0.7617211744189263,0.34889134764671326,0.2,-0.0014480706682661547,2.2950365061109714,0.9497781991958618,0.041432883522727275,0.0050435113,2270,0.07686533778905869,0.00024886144,,
2000.0,5158912,229,2725,1893,3739.495850570001,0.6057107315822081,0.2348220944404602,0.2,-0.0012079347065247765,2.304768243161115,0.9018572568893433,0.04458895596590909,0.0041548633,2280,0.07627435028553009,0.00024863616,,
,5170000,,,,,0.5429412448270754,0.2687302529811859,0.2,-0.0003592185411517593,2.3059287504716353,0.9415324330329895,0.04671963778409091,0.004582647,2290,0.07642385363578796,0.00024841087999999997,1112.3,1365.7764808000002
2000.0,5181440,230,2707,1913,3738.8304470800003,,,,,,,,,,,,,
2000.0,5203968,231,2710,1920,3737.7842919,0.6689948812127113,0.22279849648475647,0.2,-0.000854681566124782,2.304769538749348,0.9537509679794312,0.04393643465909091,0.0043464634,2300,0.07649986445903778,0.0002481856,,
2000.0,5226496,232,2713,1926,3735.0686849199997,0.7213227199559862,0.2655530869960785,0.2,-0.0016376353429884396,2.3015247133645143,0.9166319370269775,0.047190163352272725,0.0047493773,2310,0.07658395171165466,0.00024796032,,
2000.0,5249024,233,2715,1932,3728.87004807,0.695498426868157,0.3167852759361267,0.2,0.0001318859208946709,2.3017121076583864,0.9268303513526917,0.03746892755681818,0.003744805,2320,0.07654383778572083,0.00024773503999999996,,
2000.0,5271552,234,2718,1939,3724.36621031,0.5700586058199406,0.29294392466545105,0.2,-0.0011342032201355323,2.29307214346799,0.9355105757713318,0.04683504971590909,0.004355886,2330,0.07705573737621307,0.00024750976,,
,5280000,,,,,0.854631557925181,0.3537627160549164,0.2,-0.0011290775098710913,2.28113380020315,0.904365062713623,0.047296697443181816,0.004633586,2340,0.0775388553738594,0.00024728447999999994,1171.85,1476.20908065
2000.0,5294080,235,2699,1961,3725.357137939999,,,,,,,,,,,,,
2000.0,5316608,236,2702,1967,3723.58006455,0.7166735894978047,0.2614990472793579,0.2,-0.002200748179033822,2.276621787114577,0.9616084098815918,0.05050603693181818,0.006446847,2350,0.07764102518558502,0.00024705919999999995,,
2000.0,5339136,237,2704,1974,3724.3052590399993,0.7793642101640051,0.3403427302837372,0.2,-0.0013387896443336185,2.2809262720021333,0.9203001260757446,0.04391424005681818,0.004541621,2360,0.07737758755683899,0.00024683391999999997,,
2000.0,5361664,238,2706,1981,3724.8985720100004,0.7481305259195241,0.2945234775543213,0.2,-0.001440538665470244,2.2784117915413598,0.9472759366035461,0.05013760653409091,0.0044556735,2370,0.0775148868560791,0.00024660864,,
2000.0,5384192,239,2708,1987,3722.4264032599995,0.8267986332151023,0.35128453373908997,0.2,-0.000904856668388344,2.2750154749913647,0.9587404131889343,0.05270330255681818,0.004833881,2380,0.07771186530590057,0.00024638336,,
,5390000,,,,,0.7745187107134949,0.3042943477630615,0.2,-0.002038342803875408,2.263961663571271,0.9567033052444458,0.05764825994318182,0.0052182525,2390,0.07809047400951385,0.00024615808,1092.6,1441.95030475
2000.0,5406720,240,2692,2007,3718.7596076900004,,,,,,,,,,,,,
2000.0,5429248,241,2695,2014,3721.43927023,0.5479386421767148,0.24504221975803375,0.2,-0.0004245255872691897,2.2682018301703715,0.9256632924079895,0.05160688920454545,0.0040682103,2400,0.07770417630672455,0.0002459328,,
2000.0,5451776,242,2698,2020,3723.7151954700003,0.9122699958356943,0.4080197811126709,0.2,-0.0016425076029422186,2.275868875872005,0.9269573092460632,0.05466974431818182,0.005224433,2410,0.0775800421833992,0.00024570752,,
2000.0,5474304,243,2700,2026,3721.4127391200004,1.1055801910432903,0.4654863774776459,0.2,-0.0019410065441413527,2.2655203196135436,0.9452298283576965,0.03873401988636364,0.0038265823,2420,0.0783182680606842,0.00024548223999999995,,
2000.0,5496832,244,2702,2034,3719.2816215800003,0.8924121715805747,0.2865298092365265,0.2,-0.0015099865953247485,2.259125177968632,0.928365170955658,0.05674715909090909,0.00587545,2430,0.0781758576631546,0.00024525695999999997,,
,5500000,,,,,0.8973957073959438,0.7122917771339417,0.2,0.00047843794745858757,2.262100049582395,0.9733502864837646,0.050390625,0.0046989713,2440,0.07804818451404572,0.00024503168,1168.4,1639.5388736999998
2000.0,5519360,245,2685,2055,3717.8036278100008,,,,,,,,,,,,,
2000.0,5541888,246,2687,2061,3713.9930094299993,0.6742944676090371,0.2680671513080597,0.2,-0.0002249943444357169,2.2635454085740174,0.9600873589515686,0.048162286931818184,0.0041888314,2450,0.07807978987693787,0.00024480639999999995,,
2000.0,5564416,247,2690,2067,3708.0696994699997,0.971924802660942,0.3570941090583801,0.2,-0.0006008267246546562,2.2578578558835116,0.9404842257499695,0.04687056107954545,0.0043072132,2460,0.07850208878517151,0.00024458111999999996,,
2000.0,5586944,248,2693,2074,3713.01917205,1.092407344958999,0.5479536652565002,0.2,-0.0008087005000561476,2.23257325833494,0.9103314280509949,0.05002663352272727,0.005494029,2470,0.07990539073944092,0.00024435584,,
2000.0,5609472,249,2696,2080,3712.0254674999996,0.8993670432405039,0.30354470014572144,0.2,-0.0012761961375045675,2.220290277220986,0.9695304036140442,0.050501598011363634,0.0046723397,2480,0.07973781228065491,0.00024413055999999997,,
,5610000,,,,,1.12496248700402,0.446988970041275,0.2,-0.0018121343005490912,2.216939183256843,0.9451431632041931,0.05968572443181818,0.004963727,2490,0.0799708366394043,0.00024390527999999998,1430.85,2015.9046006499998
2000.0,5632000,250,2675,2104,3699.8926512900007,,,,,,,,,,,,,
2000.0,5654528,251,2674,2113,3694.99821343,1.2830069508064876,0.38741254806518555,0.2,-0.0013528745975980366,2.20768228335814,0.9485313892364502,0.05735529119318182,0.0048740203,2500,0.08048726618289948,0.00024368,,
2000.0,5677056,252,2676,2120,3692.6776044399994,1.3905383719639344,0.5672556757926941,0.2,-0.0011909924204122613,2.1911658492955293,0.939031183719635,0.046812855113636365,0.005555227,2510,0.08117900043725967,0.00024345472,,
2000.0,5699584,253,2676,2129,3691.282755939999,0.6374257903207432,0.2552816569805145,0.2,-0.0012533152314559133,2.1848116473718124,0.9231085181236267,0.059738991477272727,0.0047484627,2520,0.08118022233247757,0.00024322944,,
,5720000,,,,,1.3363392916592685,1.2330389022827148,0.2,-0.0007061471855691211,2.182447804104198,0.9049627780914307,0.04381658380681818,0.005300374,2530,0.08135981857776642,0.00024300415999999996,1356.0,1942.64992375
2000.0,5722112,254,2657,2153,3692.49848268,,,,,,,,,,,,,
2000.0,5744640,255,2659,2160,3691.2514100700005,1.6086802287535233,0.7516062259674072,0.2,-0.0003815155849389901,2.17874071652239,0.9249593019485474,0.047283380681818185,0.005040002,2540,0.08146178722381592,0.00024277887999999998,,
2000.0,5767168,256,2661,2167,3690.3118065000003,1.2894908663901417,1.1375889778137207,0.2,-0.0014710527095964856,2.179858559370041,0.9307897686958313,0.04756747159090909,0.005271923,2550,0.08131808042526245,0.0002425536,,
2000.0,5789696,257,2663,2174,3686.942349810001,1.2750049791552804,0.5015532970428467,0.2,-0.000732288211425343,2.187045751918446,0.9276935458183289,0.04489080255681818,0.0032767379,2560,0.0809209793806076,0.00024232831999999998,,
2000.0,5812224,258,2665,2180,3693.1653024799994,1.15578623928807,0.3826669752597809,0.2,-0.0006062954624543305,2.1877067788080735,0.9305053353309631,0.060990767045454544,0.005923937,2570,0.0810418576002121,0.00024210303999999997,,
,5830000,,,,,0.9414327449419282,0.35347992181777954,0.2,-0.0013538353989133612,2.179032210328362,0.95204097032547,0.04898348721590909,0.005111077,2580,0.08171689510345459,0.00024187775999999996,1421.75,2044.9512845999998
2000.0,5834752,259,2646,2204,3697.19211903,,,,,,,,,,,,,
2000.0,5857280,260,2649,2211,3704.8103829099996,1.609353363920342,0.8091050386428833,0.2,-0.0009973600602031431,2.1639081304723566,0.8970873951911926,0.043412642045454544,0.0044887667,2590,0.08217763900756836,0.00024165247999999998,,
2000.0,5879808,261,2651,2217,3695.30650407,1.879821041090922,0.7693241238594055,0.2,-0.0006370179933252406,2.165649736469442,0.8994027376174927,0.04114435369318182,0.004553068,2600,0.08181983977556229,0.00024142719999999996,,
2000.0,5902336,262,2653,2224,3693.16314107,2.6442487052895807,1.0828920602798462,0.2,-0.0025972628286002543,2.1558402007276363,0.9461187720298767,0.04991566051136364,0.0060779024,2610,0.08277398347854614,0.00024120191999999998,,
2000.0,5924864,263,2655,2230,3691.0369992299993,1.293958576429974,0.6629199981689453,0.2,-0.0006352573993023146,2.1426358130845156,0.9368028044700623,0.05056818181818182,0.0048522917,2620,0.08281461894512177,0.00024097664,,
,5940000,,,,,1.3769618516618556,0.6747249364852905,0.2,-0.00223354275804013,2.145354098623449,0.9411696195602417,0.05984108664772727,0.005367619,2630,0.08293378353118896,0.00024075135999999998,1285.1,1807.5535134000002
2000.0,5947392,264,2638,2253,3691.50842297,,,,,,,,,,,,,
2000.0,5969920,265,2641,2260,3692.6376296200006,1.0406186775727706,0.4946932792663574,0.2,-0.0007765509812584655,2.1368666556748477,0.9502805471420288,0.06466175426136364,0.004564175,2640,0.08332090824842453,0.00024052608,,
2000.0,5992448,266,2644,2266,3689.5140158100003,1.5180205326188694,0.7293790578842163,0.2,-0.0009162276979292405,2.1286139645359734,0.9203953742980957,0.058522727272727275,0.0046513733,2650,0.08370153605937958,0.00024030079999999996,,
2000.0,6014976,267,2646,2273,3678.6294689699994,1.482873449948701,0.7465966939926147,0.2,-0.0013034877356734465,2.1266853148286993,0.9378260970115662,0.046839488636363634,0.004529426,2660,0.08346713334321976,0.00024007551999999998,,
2000.0,6037504,268,2648,2279,3675.5330981699994,1.3532048202373765,0.6180723905563354,0.2,-4.9835935086858544e-05,2.1204074946316807,0.9460174441337585,0.054523259943181815,0.004406169,2670,0.08426667749881744,0.00023985024,,
,6050000,,,,,1.370529376512224,0.4871861934661865,0.2,-0.0009237091083460572,2.113034918633374,0.9497987627983093,0.054296875,0.0056477003,2680,0.08418509364128113,0.00023962495999999998,1343.25,1879.1701679999999
2000.0,6060032,269,2631,2302,3671.6463023600004,,,,,,,,,,,,,
2000.0,6082560,270,2634,2308,3682.6957612399997,1.229299759729342,0.6204030513763428,0.2,-0.0006945192345566201,2.115814423019236,0.9449347257614136,0.05015092329545454,0.0056538754,2690,0.08397430181503296,0.00023939967999999997,,
2000.0,6105088,271,2636,2315,3678.55690436,1.559494298967448,0.5745294690132141,0.2,-0.0007071436639473011,2.1130226964300327,0.9162067770957947,0.050244140625,0.0045048846,2700,0.08432317525148392,0.00023917439999999996,,
2000.0,6127616,272,2639,2321,3679.6633997299996,1.3447359929030591,0.6345861554145813,0.2,-0.0015623976674925704,2.1060221975499935,0.9012197852134705,0.05591708096590909,0.0051969285,2710,0.08448656648397446,0.00023894911999999997,,
2000.0,6150144,273,2641,2328,3685.20897819,1.3903476289727472,1.3465204238891602,0.2,-0.00030210489296058024,2.1089604410258205,0.9147793054580688,0.054478870738636366,0.0051501547,2720,0.08431090414524078,0.00023872384,,
,6160000,,,,,0.9402188161557371,1.3352370262145996,0.2,-1.2191404874267226e-05,2.1276705568486993,0.9454210996627808,0.050328480113636366,0.004875065,2730,0.08308853954076767,0.00023849855999999998,1383.2,1916.3289756499998
2000.0,6172672,274,2623,2352,3685.2907651899995,,,,,,,,,,,,,
2000.0,6195200,275,2625,2359,3690.47377945,1.536640957675197,0.5407700538635254,0.2,-0.0007936917658133263,2.1408410944721914,0.9322125911712646,0.06309037642045455,0.0053104446,2740,0.08294086903333664,0.00023827328,,
2000.0,6217728,276,2627,2366,3690.36637979,1.114601064405658,0.38345223665237427,0.2,-0.0004094320398342626,2.1331381190906873,0.9252957105636597,0.051944247159090906,0.0060560596,2750,0.08351041376590729,0.00023804799999999998,,
2000.0,6240256,277,2630,2372,3690.0261937800005,1.459990307417783,0.5103998780250549,0.2,-0.00013049272185360845,2.129221225868572,0.9286230206489563,0.05270330255681818,0.005240002,2760,0.08355632424354553,0.00023782272,,
2000.0,6262784,278,2632,2378,3687.1016909200007,1.6688372244889087,0.762381374835968,0.2,-0.0015591854101248,2.120559075203809,0.9337755441665649,0.05262340198863636,0.004684198,2770,0.08395327627658844,0.00023759743999999999,,
,6270000,,,,,1.6272069677710532,0.8677127361297607,0.2,-0.0004734087645457211,2.1233612737872383,0.938133716583252,0.057905717329545456,0.0063427957,2780,0.08357173204421997,0.00023737215999999997,1185.15,1651.1808365000002
2000.0,6285312,279,2619,2399,3686.74117741,,,,,,,,,,,,,
2000.0,6307840,280,2621,2406,3686.89425529,1.352834748409011,0.6485482454299927,0.2,4.694197242232886e-05,2.130025231296366,0.9446020722389221,0.06304154829545454,0.0047589066,2790,0.08338910341262817,0.00023714688,,
2000.0,6330368,281,2623,2413,3688.70215305,1.0334090625697916,0.44126248359680176,0.2,-0.0004964374516434459,2.131732459501787,0.9500209093093872,0.05896218039772727,0.0059834463,2800,0.08341074734926224,0.00023692159999999998,,
2000.0,6352896,282,2625,2419,3682.2785831599995,1.4469319541345944,0.45596396923065186,0.2,-0.000592746662335809,2.1320363413203847,0.9444808959960938,0.04807350852272727,0.005986228,2810,0.08328290283679962,0.00023669631999999997,,
2000.0,6375424,283,2628,2425,3681.2098858100003,1.4130454808473587,0.5619343519210815,0.2,-0.0009363885831341825,2.144612684574994,0.9535043239593506,0.05359552556818182,0.005483258,2820,0.08266107738018036,0.00023647103999999996,,
,6380000,,,,,1.695016295259649,0.3450861871242523,0.2,-0.0006238429735689848,2.1366350482810628,0.9295986890792847,0.053293678977272725,0.0058491393,2830,0.08357636630535126,0.00023624575999999997,1330.2,1939.80817945
2000.0,6397952,284,2613,2447,3673.86723464,,,,,,,,,,,,,
2000.0,6420480,285,2616,2453,3669.3568729999997,1.341426541317593,0.6225709915161133,0.2,-0.0011265270824713464,2.1226412973620676,0.9127391576766968,0.056840376420454544,0.0044782916,2840,0.08378325402736664,0.00023602047999999999,,
2000.0,6443008,286,2618,2460,3668.8036058400007,1.6585112181576815,1.1850597858428955,0.2,-0.0006481442108369347,2.121640134941448,0.937294602394104,0.052654474431818185,0.006087041,2850,0.08383162319660187,0.00023579519999999997,,
2000.0,6465536,287,2621,2466,3668.9434599000006,1.3880697826092894,0.5951286554336548,0.2,-0.0007798222703224218,2.122951689633456,0.9295158386230469,0.06056906960227273,0.005539155,2860,0.08367691934108734,0.00023556992,,
2000.0,6488064,288,2624,2472,3669.264196750001,1.6440718131986531,0.8259355425834656,0.2,-0.0012531922782231546,2.1250392783771863,0.8946479558944702,0.06278852982954546,0.007012977,2870,0.08357660472393036,0.00023534464,,
,6490000,,,,,1.20222466818311,0.7155884504318237,0.2,-0.0004114459821721539,2.1313367155465213,0.9017425775527954,0.05760387073863636,0.0050564264,2880,0.08333024382591248,0.00023511935999999997,1217.3,1727.41220095
2000.0,6510592,289,2610,2493,3664.88158725,,,,,,,,,,,,,
2000.0,6533120,290,2612,2500,3662.9057836800002,1.1186714260415598,0.4353048503398895,0.2,-0.0013524200071432543,2.1333482363007286,0.9305297136306763,0.06931818181818182,0.006328145,2890,0.08328596502542496,0.00023489407999999998,,
2000.0,6555648,291,2615,2506,3662.4857439699995,1.2877748433839191,0.8089442849159241,0.2,-0.002212313744133677,2.131235629862005,0.9282613396644592,0.063623046875,0.00605478,2900,0.08348523825407028,0.00023466879999999997,,
2000.0,6578176,292,2617,2513,3665.1341658,1.5062079598957843,0.42079728841781616,0.2,-8.023420444012366e-05,2.1448223119432277,0.9147094488143921,0.054514382102272725,0.005226469,2910,0.08246948570013046,0.00023444352,,
,6600000,,,,,1.045723676613786,0.5669600963592529,0.2,-0.0003219656963748011,2.1521839754147964,0.9441078305244446,0.05701349431818182,0.0049827984,2920,0.08260789513587952,0.00023421824,1145.15,1618.7012566999997
2000.0,6600704,293,2605,2533,3669.901270210001,,,,,,,,,,,,,
2000.0,6623232,294,2607,2539,3663.2676743,1.8278065516190096,0.844475269317627,0.2,-0.0017878533106836997,2.150793325359171,0.9241847395896912,0.060258345170454544,0.0051182094,2930,0.0826391875743866,0.00023399295999999996,,
2000.0,6645760,295,2610,2546,3664.23209837,1.8585247694091362,0.9747483134269714,0.2,-0.000930746249716983,2.1414819067174737,0.9178926348686218,0.05050603693181818,0.00430102,2940,0.08327078819274902,0.00023376767999999998,,
2000.0,6668288,296,2612,2552,3671.260393460001,1.5810797680508006,0.7745458483695984,0.2,1.631379762495106e-05,2.1317401896823536,0.9415040612220764,0.057581676136363634,0.004402032,2950,0.08344081789255142,0.00023354239999999997,,
2000.0,6690816,297,2614,2558,3670.3174028999997,1.4136511054905978,0.6256600022315979,0.2,-0.0007825476027474823,2.132537238706242,0.9325402975082397,0.06811079545454546,0.00610166,2960,0.08323200792074203,0.00023331711999999998,,
,6710000,,,,,1.4704473993994973,0.9448879361152649,0.2,-0.00010694602970033884,2.1294674125584687,0.8945797681808472,0.06181640625,0.0067805345,2970,0.08366360515356064,0.00023309183999999997,1339.95,1949.4716612
2000.0,6713344,298,2599,2583,3670.5937646,,,,,,,,,,,,,
2000.0,6735872,299,2600,2589,3665.693927810001,1.8692311151461167,0.7232990264892578,0.2,-0.0018216015442951837,2.119300361113115,0.932763934135437,0.06358753551136363,0.004691098,2980,0.08401704579591751,0.00023286656,,
2000.0,6758400,300,2602,2596,3657.87103374,2.010165882246061,0.9078549146652222,0.2,-0.0015940094707978213,2.1163161998445337,0.9400531053543091,0.05579279119318182,0.0058310297,2990,0.08407703042030334,0.00023264128,,
2000.0,6780928,301,2605,2602,3652.9733244799995,2.036341196027669,1.01753568649292,0.2,-0.0002748003191134723,2.1176092808896847,0.9323645830154419,0.05727095170454546,0.00520002,3000,0.083913654088974,0.00023241599999999996,,
2000.0,6803456,302,2607,2609,3643.4851132500003,1.904701180756092,0.6199250817298889,0.2,-0.00026329987952274016,2.109645507552407,0.9436548352241516,0.06441761363636364,0.006251399,3010,0.08463509380817413,0.00023219071999999998,,
,6820000,,,,,2.370020074194128,0.8213640451431274,0.2,7.73856338293461e-05,2.108129122582349,0.9662242531776428,0.06187855113636364,0.005672181,3020,0.08427862823009491,0.00023196543999999997,1490.35,2170.7747568500004
2000.0,6825984,303,2591,2634,3644.4194009599996,,,,,,,,,,,,,
2000.0,6848512,304,2593,2640,3635.63384296,1.3946840630336241,0.4907100796699524,0.2,-0.001094441146812063,2.1212143345312637,0.9561094641685486,0.05556196732954546,0.004564828,3030,0.08362241089344025,0.00023174015999999998,,
2000.0,6871040,305,2595,2647,3630.0818513500003,2.1093231920491564,1.0231868028640747,0.2,0.0001168256305390969,2.1361446223475715,0.9383351802825928,0.05446999289772727,0.005066284,3040,0.08293680846691132,0.00023151488,,
2000.0,6893568,306,2597,2653,3625.66715138,2.0048200038346375,0.6975939273834229,0.2,-0.0005268840119242668,2.145326877724041,0.9052311778068542,0.065673828125,0.0062979427,3050,0.08261089026927948,0.00023128959999999996,,
2000.0,6916096,307,2599,2660,3616.1430376399994,1.9456171664324673,1.350331425666809,0.2,-0.00021695385896071623,2.1530808275396174,0.9164690971374512,0.05175337357954545,0.004279371,3060,0.08243755251169205,0.00023106431999999998,,
,6930000,,,,,1.8401011549613693,0.5195604562759399,0.2,-6.011949444655329e-05,2.150649231672287,0.9286802411079407,0.060719992897727275,0.0058063148,3070,0.08262990415096283,0.00023083903999999997,929.5,1313.18583175
2000.0,6938624,308,2590,2678,3613.23980825,,,,,,,,,,,,,
2000.0,6961152,309,2593,2684,3616.8823612599995,2.126809236813675,0.4827975034713745,0.2,-0.0017832993058784102,2.14252784631469,0.9326896667480469,0.08174272017045454,0.007925952,3080,0.08315229415893555,0.00023061375999999998,,
2000.0,6983680,310,2595,2690,3610.7642082499997,1.7923110627315262,2.26336932182312,0.2,0.0005448327247656628,2.1289312080903486,0.9507907032966614,0.06607776988636363,0.005685996,3090,0.08362995088100433,0.00023038848,,
2000.0,7006208,311,2597,2697,3617.8133619700006,1.9472862537611615,0.8892808556556702,0.2,-0.0008900099087358368,2.1237832627513193,0.9174937605857849,0.05443892045454545,0.004645735,3100,0.0836583748459816,0.00023016319999999999,,
2000.0,7028736,312,2599,2703,3618.93237455,2.795879041064869,1.4848333597183228,0.2,-0.0010047322271434082,2.118026955019344,0.9241735339164734,0.046444424715909094,0.005877081,3110,0.0840832069516182,0.00022993792,,
,7040000,,,,,2.0200352224436675,2.1842432022094727,0.2,-0.0004244547966994684,2.1136271931908346,0.9248509407043457,0.05711115056818182,0.0046518114,3120,0.08408822864294052,0.00022971263999999996,1042.85,1503.15423745
2000.0,7051264,313,2588,2723,3612.5810785500003,,,,,,,,,,,,,
2000.0,7073792,314,2591,2729,3610.0564929299994,2.7836403288624503,1.0226370096206665,0.2,-0.0014987624170978299,2.1120903367345982,0.9021996855735779,0.04994673295454546,0.0045065167,3130,0.08421069383621216,0.00022948735999999998,,
2000.0,7096320,315,2593,2735,3612.7024600100003,1.5728550868955526,0.7479413151741028,0.2,-0.000478365874269829,2.1067142670804806,0.9453659057617188,0.04956498579545455,0.0052699363,3140,0.08459527790546417,0.00022926208,,
2000.0,7118848,316,2596,2742,3613.002250769999,2.823090284249999,1.368369698524475,0.2,-5.238866274753077e-05,2.0966907105662607,0.9153432846069336,0.06123046875,0.0048446003,3150,0.08504618704319,0.00022903679999999998,,
2000.0,7141376,317,2598,2748,3609.5476498499997,1.8136580006642775,0.8435286283493042,0.2,0.0006042607295305723,2.0944442608139733,0.9395877718925476,0.06407137784090909,0.0060418993,3160,0.08487710356712341,0.00022881151999999997,,
,7150000,,,,,1.5697884746573187,1.428785800933838,0.2,-8.34667436058887e-05,2.0925783905115996,0.9288874864578247,0.06347212357954546,0.0047959816,3170,0.08504810929298401,0.00022858623999999996,1041.05,1439.4155675499999
2000.0,7163904,318,2588,2767,3606.7195535299993,,,,,,,,,,,,,
2000.0,7186432,319,2590,2774,3613.21134344,1.9244364407929506,0.9224163889884949,0.2,-0.0008328074181918055,2.091113438389518,0.9203168153762817,0.059290660511363634,0.006070334,3180,0.08502542972564697,0.00022836095999999997,,
2000.0,7208960,320,2592,2780,3609.50168491,1.3728247207674114,0.45429593324661255,0.2,-0.0010566467522453008,2.092485206235539,0.9542925953865051,0.06682794744318182,0.0056402055,3190,0.08509975671768188,0.00022813567999999996,,
2000.0,7231488,321,2594,2787,3607.91534152,2.0948718347332695,2.2426655292510986,0.2,-0.0010469236919148403,2.0856031043963,0.9453414678573608,0.07179509943181818,0.006440368,3200,0.08543623983860016,0.00022791039999999998,,
2000.0,7254016,322,2594,2795,3611.9827335400005,2.4397190221331337,1.3171926736831665,0.2,-0.0004261739862902852,2.084224121137099,0.9027717113494873,0.06473277698863636,0.0061492254,3210,0.08532936871051788,0.00022768512,,
,7260000,,,,,2.3729050733826376,1.0197656154632568,0.2,-0.001025669552936134,2.0729665154760535,0.9045984745025635,0.06291281960227273,0.0044323946,3220,0.08625157922506332,0.00022745983999999998,1231.3,1797.1172454
2000.0,7276544,323,2582,2817,3610.1767375100003,,,,,,,,,,,,,
2000.0,7299072,324,2584,2823,3607.12976041,2.740032589164647,0.9988435506820679,0.2,-0.0011366630742982537,2.065988070856441,0.9179399609565735,0.05190873579545455,0.00513218,3230,0.08605233579874039,0.00022723456,,
2000.0,7321600,325,2586,2831,3610.3345206599997,1.5913319392637773,0.5976752042770386,0.2,-0.0010858835131247442,2.0737219176509165,0.9436565041542053,0.05551313920454545,0.0054608434,3240,0.08573228120803833,0.00022700927999999996,,
2000.0,7344128,326,2588,2837,3619.549997270001,1.7034356386824088,0.8400594592094421,0.2,-0.0005183761023958637,2.0689746737480164,0.9392212629318237,0.05763050426136364,0.005602068,3250,0.0862107127904892,0.00022678399999999998,,
2000.0,7366656,327,2590,2843,3612.27502075,3.3245537915013053,1.7564748525619507,0.2,-0.0005134623828449879,2.0535602363673124,0.9217929840087891,0.05626331676136364,0.004634972,3260,0.08698684722185135,0.00022655872,,
,7370000,,,,,1.9438846383582462,1.8262135982513428,0.2,-0.000821365359429778,2.0386854816566813,0.9530115127563477,0.057799183238636365,0.005648693,3270,0.08767503499984741,0.00022633343999999998,1304.5,1921.1610051
2000.0,7389184,328,2577,2866,3612.3585759700004,,,,,,,,,,,,,
2000.0,7411712,329,2579,2873,3607.5548494300006,2.411602249199694,2.16157865524292,0.2,-0.0008897690890907225,2.032508959011598,0.9346923232078552,0.051469282670454544,0.0053273533,3280,0.08764641731977463,0.00022610815999999997,,
2000.0,7434240,330,2581,2879,3604.5610213100003,3.3830498614094475,1.3887041807174683,0.2,-0.0009185136527362788,2.0290539080446415,0.9030577540397644,0.05392400568181818,0.004307781,3290,0.08784487843513489,0.00022588287999999996,,
2000.0,7456768,331,2583,2885,3599.2385513,2.2348962363871663,1.223327875137329,0.2,-0.0002853106371317567,2.0266864093867216,0.9372982382774353,0.05531782670454546,0.005424326,3300,0.08802077174186707,0.00022565759999999997,,
2000.0,7479296,332,2585,2892,3596.7853246199998,3.5558002211830835,1.9073268175125122,0.2,-0.0009341846027051691,2.0270520015196367,0.9188774824142456,0.05502485795454545,0.0042786286,3310,0.0877092033624649,0.00022543232,,
,7480000,,,,,3.0984008553353224,2.0657172203063965,0.2,-0.0010588591296585616,2.0334891216321425,0.9271251559257507,0.059623579545454546,0.0061466484,3320,0.08746027946472168,0.00022520703999999998,1049.7,1597.2532433
2000.0,7501824,333,2576,2911,3594.7910495400006,,,,,,,,,,,,,
2000.0,7524352,334,2579,2917,3588.4189473100005,2.6088814922354437,0.8086270689964294,0.2,-0.0005377866428303109,2.031716666438363,0.8999283313751221,0.06240234375,0.005312444,3330,0.08771097660064697,0.00022498176,,
2000.0,7546880,335,2581,2923,3582.432534790001,2.328592956337062,1.2121188640594482,0.2,-0.00035300967018966645,2.033428489078175,0.9204918146133423,0.054052734375,0.004923507,3340,0.08752202987670898,0.00022475648,,
2000.0,7569408,336,2583,2930,3587.05529314,2.5139561964706942,1.8347362279891968,0.2,-0.0003607935502342033,2.037398255955089,0.9057377576828003,0.06266424005681819,0.005537518,3350,0.08730225265026093,0.0002245312,,
,7590000,,,,,2.079668481241573,1.011988639831543,0.2,-3.5752976360857824e-05,2.035580276901072,0.945293664932251,0.05931285511363636,0.0055531543,3360,0.0875551626086235,0.00022430591999999998,992.4,1468.30499965
2000.0,7591936,337,2574,2948,3577.0520979900007,,,,,,,,,,,,,
2000.0,7614464,338,2576,2954,3576.39743913,2.4774246356704017,1.250700831413269,0.2,-0.0010594994975359772,2.041769015789032,0.9161189794540405,0.06404918323863637,0.0048836884,3370,0.08713142573833466,0.00022408063999999997,,
2000.0,7636992,339,2579,2961,3584.4335787100003,2.4294296702200717,1.5369136333465576,0.2,-0.0007924661061472514,2.0426768557591872,0.942316472530365,0.06463512073863636,0.0056428057,3380,0.08725117146968842,0.00022385536,,
2000.0,7659520,340,2581,2967,3599.42681551,2.1689272904937917,1.018813967704773,0.2,-0.0005552550253923982,2.0337191955609755,0.9231536984443665,0.05283203125,0.0066215764,3390,0.08777770400047302,0.00022363007999999995,,
2000.0,7682048,341,2583,2973,3591.6900047199997,2.455397058887915,1.2563236951828003,0.2,-0.0009065951241857626,2.03459640416232,0.9463242888450623,0.05727095170454546,0.0052690115,3400,0.08725899457931519,0.00022340479999999997,,
,7700000,,,,,2.8238958422433247,1.3125278949737549,0.2,9.264158956780607e-05,2.043559583208778,0.9275583028793335,0.0698330965909091,0.005603002,3410,0.08705528825521469,0.00022317951999999995,1275.7,1891.2541377999999
2000.0,7704576,342,2571,2996,3595.56779142,,,,,,,,,,,,,
2000.0,7727104,343,2573,3002,3593.284958440001,2.6711988626555963,1.5314077138900757,0.2,-1.3754208339378238e-05,2.0447014705701307,0.9559007287025452,0.04823330965909091,0.005562585,3420,0.08708012104034424,0.00022295423999999997,,
2000.0,7749632,344,2575,3009,3592.81076245,2.2703566300598057,1.1448078155517578,0.2,-0.00043149089271372014,2.051762449199503,0.9313552379608154,0.05555752840909091,0.005544338,3430,0.08663840591907501,0.00022272895999999999,,
2000.0,7772160,345,2577,3015,3589.90686607,2.5644093705849214,1.0705828666687012,0.2,-0.0002661692325173962,2.063689791614359,0.941707968711853,0.05953924005681818,0.0048345155,3440,0.08619674295186996,0.00022250367999999997,,
2000.0,7794688,346,2579,3021,3592.18173694,2.4364295360716905,2.014901876449585,0.2,-0.0011624789696229115,2.06206612424417,0.9268029928207397,0.059148615056818184,0.0042565945,3450,0.0865081250667572,0.0002222784,,
,7810000,,,,,2.283961470289664,1.0915297269821167,0.2,-0.0006886253841168416,2.0576914207501846,0.9314313530921936,0.07514204545454546,0.0065082624,3460,0.08653378486633301,0.00022205312,1181.7,1764.5045597
2000.0,7817216,347,2568,3043,3601.834452169999,,,,,,,,,,,,,
2000.0,7839744,348,2571,3049,3599.00512972,1.7432160503484986,1.1201739311218262,0.2,-0.0007674397154584188,2.0654167207804592,0.9444124102592468,0.056698330965909094,0.0064416397,3470,0.0859510749578476,0.00022182784,,
2000.0,7862272,349,2573,3055,3586.0289458,2.645850759473714,1.0248932838439941,0.2,-0.0008458355891475962,2.073054771531712,0.9241389036178589,0.0739657315340909,0.005576574,3480,0.08594894409179688,0.00022160255999999998,,
2000.0,7884800,350,2575,3061,3587.77575458,2.829353092068976,1.1343441009521484,0.2,-0.0005990589524365284,2.0751412640918385,0.923859179019928,0.06949129971590909,0.0059754904,3490,0.08566275238990784,0.00022137727999999997,,
2000.0,7907328,351,2577,3068,3577.655779309999,3.356387427991087,1.5257197618484497,0.2,-0.0011958260073284194,2.080711292136799,0.9055771231651306,0.06430220170454545,0.0063314494,3500,0.08545286953449249,0.00022115199999999999,,
,7920000,,,,,4.289063427394087,1.8831382989883423,0.2,-0.0012365965654184533,2.0856848071921954,0.9148842692375183,0.05642311789772727,0.005386186,3510,0.08535683155059814,0.00022092671999999995,1204.4,1852.60519475
2000.0,7929856,352,2566,3089,3578.8042948600005,,,,,,,,,,,,,
2000.0,7952384,353,2568,3096,3573.4591662099997,3.1085335214029657,0.7625775933265686,0.2,-0.00025349615316372365,2.0664539721879094,0.9261965155601501,0.06247780539772727,0.0054335077,3520,0.08669833093881607,0.00022070143999999996,,
2000.0,7974912,354,2570,3102,3565.4010836899997,3.780647884715687,2.045776844024658,0.2,0.000434218248384158,2.0563232020898297,0.9128785133361816,0.06898970170454545,0.005512827,3530,0.0865771621465683,0.00022047615999999998,,
2000.0,7997440,355,2572,3109,3564.4380311200007,3.4322085960344837,1.014106273651123,0.2,0.00015871267030227252,2.0573247465220366,0.9148945212364197,0.055717329545454546,0.005266235,3540,0.08669498562812805,0.00022025087999999997,,
2000.0,8019968,356,2572,3117,3548.0474243,2.25613675550981,0.9859975576400757,0.2,-0.00041754320449068804,2.046017986536026,0.9279300570487976,0.06954456676136364,0.005805889,3550,0.08744872361421585,0.00022002559999999998,,
,8030000,,,,,4.419255199757489,2.1370880603790283,0.2,-0.0011968696386743846,2.046695109389045,0.9215430021286011,0.057555042613636365,0.004808649,3560,0.08675813674926758,0.00021980032,1286.8,1982.64595625
2000.0,8042496,357,2560,3140,3547.9215972600005,,,,,,,,,,,,,
2000.0,8065024,358,2562,3146,3539.4085338000004,2.674218622527339,2.27813982963562,0.2,0.00010087521222885698,2.0520051858641883,0.9602824449539185,0.06619762073863636,0.0073117707,3570,0.08690246939659119,0.00021957504,,
2000.0,8087552,359,2565,3153,3537.31502557,3.1702815581451764,1.2817312479019165,0.2,-0.0012429666332371364,2.0539483444257214,0.935183584690094,0.044131747159090906,0.0034728853,3580,0.0868455320596695,0.00021934976,,
2000.0,8110080,360,2566,3159,3541.35757284,3.6363770111040634,2.089796543121338,0.2,-8.74446329279718e-05,2.0419674120166085,0.8969960808753967,0.06017844460227273,0.00570617,3590,0.08754989504814148,0.00021912448,,
2000.0,8132608,361,2568,3165,3540.2083582000005,2.578532446243546,1.3024051189422607,0.2,4.269897472113371e-05,2.0374339840628886,0.919991135597229,0.058558238636363634,0.005232488,3600,0.08737067878246307,0.00021889919999999998,,
,8140000,,,,,2.4791974219408903,1.176755428314209,0.2,0.00018387148394884373,2.034875316511501,0.9345657229423523,0.06032049005681818,0.005058205,3610,0.08771105110645294,0.00021867391999999997,1217.65,1867.7448774
1981.99,8155136,362,2558,3187,3509.9799011499995,,,,,,,,,,,,,
1981.99,8177664,363,2560,3193,3513.69647057,3.807860598239032,1.9523048400878906,0.2,0.0030228535586502405,2.0300608109344136,0.923038899898529,0.06994850852272727,0.005664544,3620,0.08774887025356293,0.00021844863999999998,,
1981.99,8200192,364,2562,3200,3512.7888137400005,1.6967357146469029,1.1086726188659668,0.2,-0.0009495272608050568,2.0291341256011615,0.9443656206130981,0.07265181107954545,0.0067503587,3630,0.08807840943336487,0.00021822335999999994,,
1981.99,8222720,365,2564,3206,3521.246555490001,3.520682152022015,1.38237464427948,0.2,-0.0006645719623933969,2.026212047988718,0.9339450597763062,0.05897549715909091,0.0051862416,3640,0.08777620643377304,0.00021799807999999996,,
1981.99,8245248,366,2566,3212,3510.9875966399995,2.9154132544994353,0.6611717939376831,0.2,-0.0006088826204755936,2.027897748080167,0.9140475392341614,0.05870028409090909,0.00528427,3650,0.08790654689073563,0.00021777279999999998,,
,8250000,,,,,5.349841046604243,3.2031147480010986,0.2,-0.0009853821501813152,2.0087828931483354,0.8955672383308411,0.056582919034090906,0.00661042,3660,0.089389868080616,0.00021754751999999996,1208.7,1815.25668585
1981.99,8267776,367,2554,3236,3518.9486022299993,,,,,,,,,,,,,
1981.99,8290304,368,2557,3242,3519.7278861899995,3.05677092237906,2.2655704021453857,0.2,-0.00035829577457413753,1.9916465415195985,0.943830132484436,0.062175958806818185,0.0057433024,3670,0.08932185173034668,0.00021732223999999998,,
1981.99,8312832,369,2559,3248,3519.4364119900006,2.527794908122583,1.181966781616211,0.2,-0.0014224309879037637,2.006415883790363,0.9344629049301147,0.055029296875,0.0053900396,3680,0.08836586028337479,0.00021709696,,
1981.99,8335360,370,2561,3254,3512.753007289999,3.324300056425008,1.036979079246521,0.2,-0.0002881872898962518,2.0157675044103103,0.9167286157608032,0.06393821022727272,0.0054185414,3690,0.08826301991939545,0.00021687167999999998,,
2000.0,8357888,371,2563,3260,3542.1147656099997,4.175824522430246,3.0473792552948,0.2,-0.0005093563382450322,2.015093826705759,0.9175481796264648,0.058407315340909094,0.0060667526,3700,0.08848835527896881,0.0002166464,,
,8360000,,,,,4.118076481060548,1.46695876121521,0.2,-0.0002211180364776572,2.0142231648618525,0.912348210811615,0.06100408380681818,0.0053711752,3710,0.08829712867736816,0.00021642112000000002,1205.85,1843.9926902
2000.0,8380416,372,2553,3281,3543.1568315800005,,,,,,,,,,,,,
2000.0,8402944,373,2556,3287,3533.1139631600004,4.482164463671771,1.3483288288116455,0.2,-0.00011001563953786072,2.02267581820488,0.9150038361549377,0.06111949573863636,0.005743465,3720,0.08785055577754974,0.00021619583999999998,,
2000.0,8425472,374,2558,3293,3530.98578678,4.319742801243609,1.68320894241333,0.2,-0.000274558448290918,2.021929763663899,0.934164822101593,0.0646883877840909,0.0052647223,3730,0.08818872272968292,0.00021597056,,
2000.0,8448000,375,2560,3299,3532.25367553,4.100442372397943,2.1835222244262695,0.2,-0.0004447772659742358,2.020881085504185,0.9137104749679565,0.07004172585227272,0.0073693376,3740,0.08807547390460968,0.00021574527999999998,,
,8470000,,,,,2.8205105177380823,1.3185087442398071,0.2,-0.0011863384082310155,2.014130841060118,0.9395133256912231,0.07767223011363636,0.008382056,3750,0.08862694352865219,0.00021551999999999997,1301.6,2056.4101473500004
2000.0,8470528,376,2548,3323,3532.65081063,,,,,,,,,,,,,
2000.0,8493056,377,2550,3329,3528.3608856500005,4.037682353908365,2.0655083656311035,0.2,6.298949090044268e-05,2.011686302315105,0.9026046991348267,0.06273970170454546,0.0051440424,3760,0.08845528960227966,0.00021529471999999996,,
2000.0,8515584,378,2552,3336,3535.09236752,4.439450400525874,2.212554931640625,0.2,-0.0006033061246853322,2.0088145965879614,0.90727299451828,0.05857599431818182,0.005370031,3770,0.0888124406337738,0.00021506943999999997,,
2000.0,8538112,379,2554,3342,3527.5758438799994,3.3465082282369787,1.891371726989746,0.2,-0.0004392298020485958,2.0037599162621933,0.9315876364707947,0.06922940340909091,0.005401895,3780,0.08896170556545258,0.00021484416,,
2000.0,8560640,380,2555,3349,3529.60342541,4.081106293201446,2.7079098224639893,0.2,-0.001065037432338365,2.0161205102096904,0.9300605654716492,0.06973100142045455,0.006686346,3790,0.08799800276756287,0.00021461887999999998,,
,8580000,,,,,2.7648094776001844,1.398403286933899,0.2,-0.0007145899638999253,2.0168029790574855,0.9429306387901306,0.068212890625,0.0067289886,3800,0.08837971091270447,0.0002143936,1114.6,1680.6364548499998
2000.0,8583168,381,2546,3370,3525.3677748100004,,,,,,,,,,,,,
2000.0,8605696,382,2547,3377,3528.3813942400006,3.715704793279821,1.0007272958755493,0.2,8.08877443143336e-05,2.0128528882156718,0.918380618095398,0.05286754261363636,0.005171307,3810,0.08848071098327637,0.00021416831999999998,,
2000.0,8628224,383,2549,3384,3524.17505631,3.628693156892603,2.053192377090454,0.2,-0.0016822616088161752,2.018001421473243,0.8982555866241455,0.07412109375,0.0061071636,3820,0.08809671550989151,0.00021394304,,
1981.27,8650752,384,2550,3392,3485.21263114,3.9706756946715442,1.8034971952438354,0.2,-0.0017171619465278292,2.019055045192892,0.9036052823066711,0.07390802556818182,0.00654691,3830,0.0883592888712883,0.00021371776,,
1981.27,8673280,385,2551,3398,3477.8189442400007,6.4158353111960675,2.1947436332702637,0.2,-0.00018260481777939607,2.002838424119082,0.9292710423469543,0.056454190340909094,0.00458579,3840,0.08950991928577423,0.00021349247999999997,,
,8690000,,,,,4.665544018962167,1.4514843225479126,0.2,-0.0018225648966935378,1.98362629765814,0.9251174926757812,0.060733309659090906,0.006459427,3850,0.09005184471607208,0.0002132672,1002.0,1501.75469045
1981.27,8695808,386,2543,3418,3469.16660056,,,,,,,,,,,,,
1981.27,8718336,387,2545,3425,3460.2054924199997,3.182569080862132,1.826284408569336,0.2,-0.00037030575939835136,1.9695165211504155,0.9237410426139832,0.06053799715909091,0.0050806883,3860,0.0906471461057663,0.00021304191999999998,,
1981.27,8740864,388,2547,3431,3460.8050537,3.8455506270582025,3.655316114425659,0.2,-0.0006680425060701302,1.9655039689757607,0.9034355878829956,0.07484463778409091,0.0055459235,3870,0.09059377759695053,0.00021281663999999997,,
1981.27,8763392,389,2548,3438,3454.1025839300005,4.415069330822337,2.997201681137085,0.2,-0.0008684954949950968,1.9688235721804879,0.9471466541290283,0.0717862215909091,0.0075297747,3880,0.09029364585876465,0.00021259135999999996,,
1981.27,8785920,390,2550,3445,3446.5481531100004,5.950230192054402,3.823511838912964,0.2,-0.0002489487423603846,1.9585279554128647,0.9228235483169556,0.059605823863636366,0.0070312694,3890,0.09136015176773071,0.00021236607999999997,,
,8800000,,,,,6.92439121929082,2.7850728034973145,0.2,-0.000900002868200483,1.946090523221276,0.9187666773796082,0.055375532670454544,0.00592225,3900,0.09160174429416656,0.0002121408,959.65,1472.5701814
1981.27,8808448,391,2541,3465,3437.35004838,,,,,,,,,,,,,
1966.38,8830976,392,2542,3472,3409.4766845000004,4.873851113427769,2.108800172805786,0.2,-0.0005229371589269828,1.945658049529249,0.9165468811988831,0.06089311079545454,0.00490326,3910,0.09148293733596802,0.00021191551999999998,,
1985.11,8853504,393,2544,3479,3437.6595397200003,6.506323714147914,1.8873851299285889,0.2,-5.145841860212386e-05,1.9413115393031728,0.9349720478057861,0.07409889914772727,0.006696786,3920,0.09202289581298828,0.00021169024,,
1966.12,8876032,394,2546,3486,3401.3393919399996,4.443807482448491,2.242197275161743,0.2,-0.0007624411936955188,1.9348003522916273,0.9349473118782043,0.06703213778409091,0.0057367636,3930,0.0919678658246994,0.00021146496,,
1966.12,8898560,395,2547,3493,3404.3486400999996,4.781439184871587,1.725353479385376,0.2,0.001122881049443756,1.9278544249859724,0.9407109022140503,0.05616122159090909,0.005596626,3940,0.09267562627792358,0.00021123968,,
,8910000,,,,,4.848338671435009,1.8808677196502686,0.2,-0.0007683691237947311,1.9204086856408553,0.9055359363555908,0.0629794034090909,0.0056204703,3950,0.09282439947128296,0.0002110144,1297.15,2020.4957770999997
1966.12,8921088,396,2536,3516,3399.6192760100002,,,,,,,,,,,,,
1966.12,8943616,397,2537,3523,3412.30268639,4.865335788239133,1.5136239528656006,0.2,-0.0013523918814660812,1.9137127841060813,0.8991357684135437,0.05794566761363636,0.0048483405,3960,0.0931100994348526,0.00021078911999999997,,
1966.12,8966144,398,2539,3530,3407.44912167,4.195488374341618,3.975107431411743,0.2,-0.00016805118119174784,1.914281936396252,0.9426940679550171,0.06810191761363636,0.006718743,3970,0.09270669519901276,0.00021056384,,
1966.12,8988672,399,2540,3537,3409.7613914399994,4.155558922615918,1.2493404150009155,0.2,-0.0011377558649242432,1.9215347447178581,0.9389476776123047,0.06527876420454545,0.008104932,3980,0.09245583415031433,0.00021033855999999998,,
1966.12,9011200,400,2542,3544,3411.53297535,4.476421337777918,2.067779302597046,0.2,-0.0011363514675229618,1.9166055955670096,0.9353231191635132,0.062939453125,0.0064567877,3990,0.09318047016859055,0.00021011327999999996,,
,9020000,,,,,5.707765813307328,3.6661102771759033,0.2,-0.0006775854248024354,1.911132283915173,0.9410739541053772,0.06455522017045455,0.005135111,4000,0.09314994513988495,0.00020988799999999998,1419.0,2121.05365865
1981.01,9033728,401,2530,3569,3434.7528249800002,,,,,,,,,,,,,
2000.0,9056256,402,2532,3575,3461.456394399999,4.208440800959414,2.0832650661468506,0.2,-0.0009629206631374969,1.9180389455773614,0.9356497526168823,0.06765802556818182,0.005795772,4010,0.09260208159685135,0.00020966271999999997,,
2000.0,9078784,403,2534,3582,3458.2106906799995,4.683281369642778,2.7966225147247314,0.2,-0.001460446451197971,1.9214381854642522,0.9257697463035583,0.06942027698863637,0.006097186,4020,0.09250594675540924,0.00020943743999999998,,
2000.0,9101312,404,2536,3588,3454.4786721000005,6.377701418508183,1.6094374656677246,0.2,-0.0007007909012662078,1.918705046989701,0.907849133014679,0.06385830965909091,0.004933149,4030,0.09286690503358841,0.00020921215999999997,,
2000.0,9123840,405,2538,3594,3453.15642244,6.041495485739275,3.1172308921813965,0.2,-0.0007957680179970339,1.912531111186201,0.9291983246803284,0.055419921875,0.005504777,4040,0.09319165349006653,0.00020898688,,
,9130000,,,,,5.212678418105299,3.461272954940796,0.2,0.0002945016130318188,1.8970968162471598,0.9338706731796265,0.06791548295454546,0.005970766,4050,0.09406314790248871,0.0002087616,1498.85,2236.2733839
2000.0,9146368,406,2527,3618,3451.242483390001,,,,,,,,,,,,,
2000.0,9168896,407,2529,3624,3455.5591791899997,4.10455502054908,1.5108509063720703,0.2,-0.00043771731725428253,1.892358656633984,0.9192644953727722,0.06278852982954546,0.0045328955,4060,0.09396892786026001,0.00020853632,,
2000.0,9191424,408,2531,3630,3456.8727218199997,5.774958704276519,1.8130013942718506,0.2,-0.001483183678117877,1.896837396513332,0.9238008260726929,0.057914595170454546,0.0054461095,4070,0.09352982044219971,0.00020831103999999998,,
2000.0,9213952,409,2534,3635,3457.9628791,3.9540127075531264,2.2402753829956055,0.2,-0.0005406718873101371,1.9013747426596554,0.9314755201339722,0.07165305397727273,0.007283606,4080,0.09358786046504974,0.00020808575999999997,,
2000.0,9236480,410,2536,3641,3468.08506162,4.773036561499943,2.1936681270599365,0.2,-0.0002763449686674655,1.8908314753662456,0.9146270751953125,0.05615234375,0.005571074,4090,0.09435605257749557,0.00020786047999999998,,
,9240000,,,,,3.9150867651809347,1.9413660764694214,0.2,-0.0009175813759528947,1.8907485550100154,0.9101659059524536,0.06400923295454546,0.0066657257,4100,0.09386074542999268,0.00020763519999999995,1160.5,1700.38072125
2000.0,9259008,411,2529,3660,3478.6211962099997,,,,,,,,,,,,,
2000.0,9281536,412,2531,3666,3479.324029340001,5.733863353458318,2.077190637588501,0.2,-0.0006068265422734178,1.8925786823034287,0.8850525617599487,0.05929953835227273,0.0074254004,4110,0.09407279640436172,0.00020740991999999996,,
2000.0,9304064,413,2533,3671,3476.52431981,7.674736252156171,4.095967769622803,0.2,-0.0005182137297445231,1.8846254673871128,0.9047418832778931,0.06537642045454546,0.006949037,4120,0.09447892010211945,0.00020718463999999998,,
2000.0,9326592,414,2536,3677,3465.77538041,3.8448213826526296,1.199561357498169,0.2,-0.0010804072985510257,1.8795509072867307,0.9456642270088196,0.07555042613636363,0.0072537977,4130,0.0945873111486435,0.00020695935999999997,,
2000.0,9349120,415,2538,3683,3463.91152649,6.475999104976654,2.0491366386413574,0.2,-0.00039026397148104894,1.873904398083687,0.9264984726905823,0.050963245738636365,0.0045803194,4140,0.09500132501125336,0.00020673407999999998,,
,9350000,,,,,3.5971017043698916,1.4010424613952637,0.2,-0.001454290238060904,1.8730913736603476,0.9440990686416626,0.05944158380681818,0.0058508795,4150,0.09475092589855194,0.0002065088,1117.25,1672.8635258499999
2000.0,9371648,416,2531,3702,3451.5221642399997,,,,,,,,,,,,,
2000.0,9394176,417,2532,3708,3439.54412542,5.970258435877887,2.552036762237549,0.2,-0.00017064965584061363,1.8833878481929953,0.926419734954834,0.053897372159090906,0.00529272,4160,0.09413290023803711,0.00020628351999999999,,
2000.0,9416704,418,2535,3714,3433.4437779800005,6.967694951187481,2.0116281509399414,0.2,-0.0009036812444471501,1.8929014173420993,0.9060620069503784,0.05419034090909091,0.004816379,4170,0.09382440149784088,0.00020605824,,
2000.0,9439232,419,2537,3720,3426.1810529,5.894087723981251,3.4168059825897217,0.2,-0.0013880454863696783,1.8922369130633094,0.9142287969589233,0.07013050426136364,0.0056033707,4180,0.09404730796813965,0.00020583296,,
,9460000,,,,,5.605072233351794,1.6351912021636963,0.2,-0.0010240344958385157,1.8981068193912507,0.9004333019256592,0.07093838778409091,0.0077378447,4190,0.09356079995632172,0.00020560767999999998,1470.75,2166.2779301999994
2000.0,9461760,420,2527,3743,3416.18261763,,,,,,,,,,,,,
2000.0,9484288,421,2529,3749,3412.7905508000003,5.620430287447843,2.0225210189819336,0.2,-0.00010925430264747278,1.9006137983365492,0.9146397113800049,0.06647727272727273,0.0058996277,4200,0.09371399879455566,0.0002053824,,
2000.0,9506816,422,2531,3755,3413.89340157,4.707782599871809,1.0825304985046387,0.2,6.944161088375206e-05,1.8928375593640587,0.9267824292182922,0.05481622869318182,0.0062199994,4210,0.09417033195495605,0.00020515711999999998,,
2000.0,9529344,423,2532,3762,3415.2753073500007,4.3753062657334585,3.223722219467163,0.2,-0.0010235144947232171,1.8819015299732036,0.9292232394218445,0.07730379971590909,0.006331666,4220,0.09464504569768906,0.00020493183999999997,,
2000.0,9551872,424,2534,3768,3412.7853177899997,3.261923887783831,1.7115188837051392,0.2,-0.00019991936490193685,1.8840963463891636,0.9314702749252319,0.07697088068181818,0.005744428,4230,0.0941459983587265,0.00020470655999999996,,
,9570000,,,,,5.534347340193662,2.2935450077056885,0.2,-0.0019160064926836639,1.8686503464525397,0.9368053078651428,0.07719282670454546,0.0067807287,4240,0.09584672749042511,0.00020448127999999997,1248.6,1794.6281704999994
2000.0,9574400,425,2526,3789,3422.11142591,,,,,,,,,,,,,
2000.0,9596928,426,2528,3795,3424.2676813,4.757209964502941,1.4771255254745483,0.2,-0.00045311671247790484,1.8470771131190387,0.9361921548843384,0.051575816761363635,0.0058785393,4250,0.09641899168491364,0.00020425599999999996,,
2000.0,9619456,427,2530,3802,3423.94143115,3.6154498168013314,1.3488558530807495,0.2,-0.0014658102659847248,1.850660096786239,0.948135495185852,0.06239346590909091,0.0062501263,4260,0.09573081135749817,0.00020403071999999998,,
2000.0,9641984,428,2531,3808,3415.207989740001,6.632707633755424,4.811990261077881,0.2,-0.0008834554584940303,1.847461267492988,0.9421563148498535,0.046923828125,0.004636549,4270,0.09645374864339828,0.00020380544,,
2000.0,9664512,429,2533,3814,3417.8955090699997,4.612173264947804,2.8857650756835938,0.2,-0.0005152604674962773,1.838045128638094,0.9301357865333557,0.053298117897727273,0.004841433,4280,0.09670325368642807,0.00020358015999999998,,
,9680000,,,,,6.945649001544172,1.7798467874526978,0.2,-0.0005930336089063944,1.839440248500217,0.8905237317085266,0.06365411931818182,0.0064697494,4290,0.09639699757099152,0.00020335488,1233.9,1745.7478349
2000.0,9687040,430,2525,3835,3416.6789128399996,,,,,,,,,,,,,
2000.0,9709568,431,2527,3841,3410.8493569800007,4.862169572981921,2.4685792922973633,0.2,-0.00011923576107206331,1.8392665998502211,0.9372552633285522,0.06304154829545454,0.006052831,4300,0.09662042558193207,0.00020312960000000001,,
2000.0,9732096,432,2529,3847,3418.5807465199996,5.292281502214345,2.415771961212158,0.2,-0.0012327042993009938,1.8361071670597249,0.9293599128723145,0.06400923295454546,0.0051269704,4310,0.09682516008615494,0.00020290431999999998,,
2000.0,9754624,433,2531,3854,3410.1106177799998,6.590718559785323,2.35307240486145,0.2,-0.0006706539954228157,1.8370090213688937,0.921408474445343,0.04773171164772727,0.005101437,4320,0.09649676084518433,0.00020267904,,
2000.0,9777152,434,2532,3860,3407.1772307899996,3.969735316254876,2.0177927017211914,0.2,-0.0011588704714085908,1.8402475040067325,0.9343359470367432,0.06210049715909091,0.0059785414,4330,0.09656223654747009,0.00020245375999999998,,
,9790000,,,,,3.996904905004935,1.2929863929748535,0.2,-0.0006526202820664779,1.8398093315688047,0.9492310881614685,0.06586470170454546,0.0062692435,4340,0.09644949436187744,0.00020222847999999997,1425.75,2140.2485024
2000.0,9799680,435,2523,3883,3394.5020227700006,,,,,,,,,,,,,
2000.0,9822208,436,2525,3889,3407.6174441,6.197944754362107,2.9580142498016357,0.2,-0.00044607663188468325,1.8314091977748004,0.9119148254394531,0.05002663352272727,0.0048281844,4350,0.09727078676223755,0.00020200319999999996,,
2000.0,9844736,437,2526,3895,3401.4279605800007,5.49172950332815,2.8109195232391357,0.2,-0.0013254388312237675,1.8195381622422826,0.9336079359054565,0.06840376420454546,0.0063175503,4360,0.09765305370092392,0.00020177791999999997,,
2000.0,9867264,438,2528,3902,3398.2698469300008,4.1297144106843255,1.9190999269485474,0.2,-0.000629099549736235,1.824260094219988,0.9267632365226746,0.06768022017045454,0.006017513,4370,0.09688596427440643,0.00020155264,,
2000.0,9889792,439,2529,3909,3396.92973214,7.331564126231454,2.382253408432007,0.2,-0.0006800392384651455,1.8262906258756464,0.9095715284347534,0.04749200994318182,0.0040874933,4380,0.0973183810710907,0.00020132735999999998,,
,9900000,,,,,3.850763739780946,1.4879693984985352,0.2,-0.0005204505388974213,1.8167450772090392,0.9471103549003601,0.06389382102272727,0.007338484,4390,0.09782794117927551,0.00020110208,1491.55,2237.3767796
2000.0,9912320,440,2519,3933,3389.5474704000003,,,,,,,,,,,,,
2000.0,9934848,441,2521,3940,3382.1230476100004,9.135530137473888,4.148923397064209,0.2,-0.0011534919904079288,1.8162009092894467,0.8958368897438049,0.05762606534090909,0.0061147814,4400,0.09747576713562012,0.00020087679999999998,,
2000.0,9957376,442,2523,3946,3384.59750426,5.4448989467187365,2.447437047958374,0.2,-0.0013267294882098213,1.8208993237126958,0.9364920854568481,0.067626953125,0.0046579796,4410,0.09731727838516235,0.00020065152,,
2000.0,9979904,443,2524,3953,3380.8042120900004,7.384244440902363,2.476548194885254,0.2,-0.0006114888434901579,1.823903969743035,0.9176602959632874,0.051957563920454544,0.0059464294,4420,0.0970432311296463,0.00020042624,,
2000.0,10002432,444,2526,3959,3380.5952727500007,6.62606818784367,3.7343246936798096,0.2,-0.00018143539861987599,1.8288555581461299,0.9424354434013367,0.0591796875,0.006749653,4430,0.09693018347024918,0.00020020095999999997,,
,10010000,,,,,6.473762715404684,1.9868152141571045,0.2,-0.0014818825158396398,1.8383769788525322,0.9097976088523865,0.08591086647727272,0.007472091,4440,0.09628690779209137,0.00019997568,1297.35,2003.4773106499997
1998.95,10024960,445,2518,3981,3380.95922246,,,,,,,,,,,,,
1981.72,10047488,446,2519,3987,3347.8054520700007,6.97318056713451,2.88458251953125,0.2,0.002670049249321561,1.8507895084944639,0.9002454280853271,0.05452769886363636,0.003898997,4450,0.0957341119647026,0.00019975039999999998,,
1962.78,10070016,447,2521,3993,3312.3737566999994,7.435921388864517,4.784270286560059,0.2,0.001422775444172492,1.858652011101896,0.9351791739463806,0.06112393465909091,0.0059243455,4460,0.09557981789112091,0.00019952511999999997,,
1962.78,10092544,448,2523,3999,3320.8595635500005,5.1592791787602685,2.0822088718414307,0.2,-0.0012603916958059099,1.8504249494184146,0.9419583082199097,0.06408469460227273,0.0059071225,4470,0.09647256135940552,0.00019929983999999995,,
1962.78,10115072,449,2525,4005,3324.291593250001,6.502933438799598,2.858520269393921,0.2,-0.0009223799242384054,1.8425998346372083,0.933499813079834,0.06094637784090909,0.0083771115,4480,0.0963047444820404,0.00019907455999999997,,
,10120000,,,,,5.729238522052765,3.1091911792755127,0.2,5.1046673748218876e-05,1.8386288610371677,0.9372987151145935,0.05397283380681818,0.004420132,4490,0.09676909446716309,0.00019884927999999999,1317.55,2021.39339255
1962.78,10137600,450,2516,4027,3320.9094155600005,,,,,,,,,,,,,
1943.76,10160128,451,2518,4033,3282.90691589,7.439918534322218,3.247169256210327,0.2,-0.0006847746117273346,1.834585802392526,0.914055347442627,0.05433682528409091,0.0059487526,4500,0.09667889028787613,0.00019862399999999997,,
1943.76,10182656,452,2520,4040,3293.2847772400005,6.769919064911929,4.093179225921631,0.2,-0.0012220748856303875,1.8279968486590819,0.9440021514892578,0.046080433238636365,0.0053711142,4510,0.09728533029556274,0.00019839872,,
1943.76,10205184,453,2522,4046,3286.80847583,4.344433577765118,2.10009765625,0.2,-0.0012559279225322164,1.8258574645627628,0.9475067257881165,0.06522105823863636,0.0069060414,4520,0.09712915867567062,0.00019817344,,
1944.81,10227712,454,2523,4052,3287.3787972200003,8.447185144641182,4.596197605133057,0.2,-0.0009525895325085995,1.8216879384084181,0.912561297416687,0.057936789772727273,0.0050482647,4530,0.0975954532623291,0.00019794816,,
,10230000,,,,,6.886151631853798,2.6397409439086914,0.2,-0.000519970003568398,1.815363680232655,0.9057562351226807,0.052055220170454546,0.004988635,4540,0.09761206805706024,0.00019772288,1404.55,2116.85497135
1962.04,10250240,455,2513,4077,3305.5555270999994,,,,,,,,,,,,,
1980.98,10272768,456,2515,4083,3342.35359168,6.0033647293394266,2.200613498687744,0.2,-0.00034206401562021877,1.806191923943433,0.8973830342292786,0.0515625,0.0040932116,4550,0.09849068522453308,0.00019749759999999997,,
1980.98,10295296,457,2516,4091,3341.9818438300003,6.0149062186479565,2.5896947383880615,0.2,-0.0006899759559680454,1.7965350841934031,0.923744797706604,0.05325372869318182,0.0046883873,4560,0.09864622354507446,0.00019727231999999999,,
1980.98,10317824,458,2517,4098,3338.70061217,6.939887022430247,3.025526523590088,0.2,-0.0007944822475441139,1.7959382338957353,0.9118680357933044,0.06662819602272728,0.0054884967,4570,0.09846040606498718,0.00019704704,,
,10340000,,,,,7.252027208154852,3.180079221725464,0.2,-0.0005759173263372346,1.7852201876315203,0.9283654689788818,0.06465287642045454,0.008152782,4580,0.09959585964679718,0.00019682175999999996,1592.5,2366.24813465
1980.98,10340352,459,2507,4124,3341.54030524,,,,,,,,,,,,,
2000.0,10362880,460,2508,4130,3379.05280657,6.486972349882126,2.4630253314971924,0.2,-0.0005083356309279969,1.7720742976123636,0.928810179233551,0.05051047585227273,0.005082741,4590,0.09987175464630127,0.00019659647999999998,,
2000.0,10385408,461,2508,4140,3360.5346493600005,6.792368703538721,4.460599899291992,0.2,-0.0006452061395314311,1.7700042711062864,0.9380151629447937,0.05703125,0.0049453476,4600,0.09986278414726257,0.00019637119999999997,,
2000.0,10407936,462,2509,4147,3360.49923733,8.086076464436271,2.091522455215454,0.2,-0.0005354351506949487,1.7617421258579602,0.8864202499389648,0.06534534801136363,0.005463745,4610,0.10072490572929382,0.00019614591999999998,,
1982.86,10430464,463,2510,4154,3324.99342635,8.723749377510764,5.230753421783447,0.2,-0.0011905574200103397,1.7471441675316204,0.9173852205276489,0.05466086647727273,0.0045658774,4620,0.10133042931556702,0.00019592063999999997,,
,10450000,,,,,7.429075512019071,2.402714967727661,0.2,-0.0007477821565275504,1.7371633963151412,0.9452218413352966,0.05679598721590909,0.006812624,4630,0.10169573128223419,0.00019569536,1250.2,1851.88984785
1982.86,10452992,464,2501,4179,3329.2957702399995,,,,,,,,,,,,,
1978.83,10475520,465,2502,4185,3311.8282430500003,6.788818547671491,8.995436668395996,0.2,-0.0006538589916255495,1.7264539542523298,0.9271813035011292,0.06937144886363636,0.0051573245,4640,0.10244455933570862,0.00019547008,,
1978.83,10498048,466,2504,4192,3292.27346012,8.967127541520378,3.570295572280884,0.2,1.1647916240194305e-05,1.7178367365490306,0.9248079061508179,0.05702237215909091,0.0066906605,4650,0.10257420688867569,0.0001952448,,
1978.83,10520576,467,2505,4198,3292.1246661799996,6.563911228559234,3.0082030296325684,0.2,6.249030147128823e-05,1.7182574716481296,0.9046106338500977,0.06004083806818182,0.0056389556,4660,0.10247562825679779,0.00019501952,,
1978.83,10543104,468,2507,4204,3300.7028323100003,5.651388976519758,3.0369272232055664,0.2,-0.0015361192675878885,1.6953617819330908,0.9253765344619751,0.061940696022727275,0.006744394,4670,0.10460736602544785,0.00019479423999999997,,
,10560000,,,,,8.074007046222686,2.0420076847076416,0.2,-0.0006514461856568232,1.6751848478208888,0.9113556146621704,0.06125266335227273,0.0057197865,4680,0.1047925055027008,0.00019456895999999998,1329.6,1999.7000620500003
1978.83,10565632,469,2499,4227,3298.3026533,,,,,,,,,,,,,
1978.83,10588160,470,2501,4233,3304.736823959999,7.798025706681338,5.485785484313965,0.2,-0.0007230709984221242,1.6758528915318576,0.9102100133895874,0.049147727272727273,0.004420867,4690,0.10458873212337494,0.00019434368,,
1978.99,10610688,471,2502,4239,3319.3028964499995,5.253031393885612,3.6247270107269287,0.2,-0.0006543227405266159,1.6806561719287525,0.9212104678153992,0.05725319602272727,0.0057419464,4700,0.10430386662483215,0.00019411839999999996,,
1978.99,10633216,472,2504,4245,3326.58539231,6.497204811464656,5.643063068389893,0.2,-0.0007600254828999327,1.6821401303464716,0.947944700717926,0.060245028409090906,0.0053153913,4710,0.10440630465745926,0.00019389311999999998,,
1983.02,10655744,473,2506,4251,3338.16590408,6.686307420513847,3.783949375152588,0.2,-0.0006147959970720959,1.6721066068519246,0.9083195924758911,0.05593483664772727,0.005945653,4720,0.10521380603313446,0.00019366783999999996,,
,10670000,,,,,5.2768993570045994,4.253913879394531,0.2,-0.001060588455716656,1.664688570120118,0.9322423934936523,0.07361949573863637,0.0057922485,4730,0.10523447394371033,0.00019344255999999998,1471.5,2122.6031259499996
1983.02,10678272,474,2497,4276,3340.27556339,,,,,,,,,,,,,
1983.02,10700800,475,2498,4282,3346.56514982,6.517306542938406,2.726630449295044,0.2,-0.0009349523826544596,1.6700761984695087,0.9239394068717957,0.05506924715909091,0.004888553,4740,0.10476841032505035,0.00019321728,,
1950.36,10723328,476,2500,4288,3266.533309289999,10.384280533682217,4.960443496704102,0.2,-0.0012907805434555155,1.6751687616109847,0.9132589101791382,0.06294833096590909,0.006890242,4750,0.10458435118198395,0.00019299199999999998,,
1950.36,10745856,477,2502,4294,3256.1588588600002,12.602351823178205,3.336658000946045,0.2,-0.0012845131182323464,1.6746316926045852,0.9412208795547485,0.041548295454545456,0.004757348,4760,0.10500621795654297,0.00019276672,,
1950.36,10768384,478,2503,4300,3263.0877295499995,8.016880181702701,2.9285387992858887,0.2,-0.0012935223346258599,1.6770792760632254,0.902143120765686,0.06851029829545455,0.0060454304,4770,0.10433606803417206,0.00019254144000000002,,
,10780000,,,,,5.904622131315144,2.9607436656951904,0.2,-0.001033831457607448,1.6793939156965776,0.9229185581207275,0.06667702414772728,0.00577589,4780,0.10473980009555817,0.00019231616,1533.05,2283.0529104
1950.36,10790912,479,2494,4326,3259.6816199399996,,,,,,,,,,,,,
1967.34,10813440,480,2496,4332,3298.2646806600005,6.515038918094201,2.467468738555908,0.2,-0.0009211488311517645,1.6654479032213039,0.9220507144927979,0.06431995738636363,0.0062984447,4790,0.10562516748905182,0.00019209088,,
1967.34,10835968,481,2497,4338,3289.2631749499997,6.001144470951774,4.146308422088623,0.2,-0.0008091939089354128,1.658669434894215,0.948164701461792,0.06784446022727272,0.0074686455,4800,0.10564687848091125,0.00019186559999999998,,
1967.34,10858496,482,2499,4344,3276.2833415299997,8.131157293644819,2.39786434173584,0.2,-0.0018511699880367483,1.6582372586835514,0.9127535223960876,0.05859818892045455,0.0051892484,4810,0.10571761429309845,0.00019164031999999997,,
1967.34,10881024,483,2500,4350,3283.7934762400005,8.663422915068539,3.7804176807403564,0.2,-0.00038938172801863404,1.6444297470829703,0.9100121855735779,0.04347922585227273,0.0047080163,4820,0.10678698122501373,0.00019141503999999996,,
,10890000,,,,,7.759416364539753,3.30153489112854,0.2,-0.000702146811421368,1.6289682832631198,0.9186149835586548,0.05007102272727273,0.004465374,4830,0.1075851321220398,0.00019118975999999997,1584.9,2349.56819855
1967.34,10903552,484,2490,4377,3271.4454023700005,,,,,,,,,,,,,
2000.0,10926080,485,2492,4383,3337.8823669900007,11.760797443173148,8.550700187683105,0.2,-0.0018937897683248262,1.6259598542343487,0.8856965899467468,0.05882457386363636,0.00545145,4840,0.10713407397270203,0.00019096447999999996,,
2000.0,10948608,486,2494,4389,3338.095245,10.888737607002259,2.9483587741851807,0.2,-0.0015315714956324717,1.628139342232184,0.9107249975204468,0.0667080965909091,0.005220573,4850,0.10719512403011322,0.00019073919999999998,,
2000.0,10971136,487,2495,4395,3326.3350972999997,7.515893010659651,3.107004404067993,0.2,-0.0003094962538770315,1.633357637849721,0.9121439456939697,0.063037109375,0.0057512056,4860,0.10675420612096786,0.00019051392,,
2000.0,10993664,488,2497,4401,3319.39574862,8.711112979867242,2.4667320251464844,0.2,-0.0012223694830688393,1.6343216782266443,0.8989812731742859,0.06680131392045455,0.006720719,4870,0.10715783387422562,0.00019028863999999998,,
,11000000,,,,,7.266356019269336,5.514438629150391,0.2,-0.0004735924034982666,1.6292995022101835,0.9097375273704529,0.05221946022727273,0.004661389,4880,0.1072467714548111,0.00019006336,1669.1,2480.5188444000005
2000.0,11016192,489,2487,4428,3308.9905173999996,,,,,,,,,,,,,
2000.0,11038720,490,2489,4433,3310.8783296900006,6.7604141847653825,2.3189022541046143,0.2,-0.0011060531026239253,1.6263386783274738,0.9282791018486023,0.05455433238636364,0.0047980878,4890,0.10745306313037872,0.00018983808,,
2000.0,11061248,491,2491,4439,3316.2305129600004,8.510277779535814,2.052640676498413,0.2,-0.00033615422461562874,1.6236315648664128,0.9090168476104736,0.07379705255681818,0.0067524198,4900,0.10746447741985321,0.00018961279999999997,,
2000.0,11083776,492,2493,4445,3303.9010985500004,8.267767337777398,7.653167247772217,0.2,-0.0004803705560995943,1.6265363909981467,0.9105645418167114,0.050723544034090906,0.004834163,4910,0.10723667591810226,0.00018938752,,
2000.0,11106304,493,2494,4451,3314.1456345899996,9.522211897102268,7.871559143066406,0.2,-0.00044226919681849804,1.6258598744869233,0.8741031885147095,0.058154296875,0.006201623,4920,0.10741549730300903,0.00018916223999999998,,
,11110000,,,,,8.884873018481514,4.153154373168945,0.2,-0.00045724497798470444,1.616372034495527,0.9097506403923035,0.061945134943181816,0.0050544385,4930,0.10832361876964569,0.00018893695999999997,1584.2,2409.6885932000005
2000.0,11128832,494,2482,4482,3307.95189882,,,,,,,,,,,,,
2000.0,11151360,495,2483,4489,3303.55873501,8.660826795209537,4.840048313140869,0.2,-0.0006848126819187945,1.6049509595740925,0.8973844051361084,0.06502574573863637,0.0053603947,4940,0.10853031277656555,0.00018871167999999996,,
2000.0,11173888,496,2484,4497,3305.6443436899995,7.5797226710753005,4.012660980224609,0.2,2.1294035567817364e-05,1.6045674036849629,0.9013955593109131,0.047927024147727273,0.0047009857,4950,0.10832597315311432,0.00018848639999999997,,
2000.0,11196416,497,2485,4504,3305.3725975499997,7.209399113871834,2.6427783966064453,0.2,-0.0009292781636097723,1.602421253106811,0.9128803014755249,0.05146484375,0.0049396553,4960,0.10886448621749878,0.00018826112,,
2000.0,11218944,498,2486,4512,3293.4845337699994,10.021045171130787,5.639507293701172,0.2,-0.0013143098939591173,1.5913217368451031,0.9131003618240356,0.04271129261363636,0.0044280766,4970,0.10954930633306503,0.00018803583999999998,,
,11220000,,,,,10.245592619072307,4.117659568786621,0.2,-0.001198207293848761,1.579458303343166,0.891839325428009,0.04996448863636364,0.004230963,4980,0.11021268367767334,0.00018781056,1754.65,2617.9345395499995
2000.0,11241472,499,2472,4546,3289.79412451,,,,,,,,,,,,,
2000.0,11264000,500,2473,4553,3286.8397312100005,8.749825717644258,4.944087982177734,0.2,-0.001346547706105577,1.5686983799392527,0.9348465204238892,0.06356977982954545,0.0056162793,4990,0.11078538000583649,0.00018758528,,
2000.0,11286528,501,2475,4559,3294.4305884200003,7.527732999758287,3.4127039909362793,0.2,-0.0007979404170658778,1.555276042493907,0.9192957282066345,0.06264204545454545,0.0066937525,5000,0.1115645095705986,0.00018736,,
2000.0,11309056,502,2476,4566,3286.754944409999,7.838811373981563,2.4945952892303467,0.2,-0.0010642626174640927,1.551008267565207,0.9103357195854187,0.05518465909090909,0.005543969,5010,0.11127915978431702,0.00018713472,,
,11330000,,,,,8.926132974299518,5.48270845413208,0.2,-0.0007854263266463848,1.5505783108147708,0.930829644203186,0.053520063920454546,0.0053772037,5020,0.11162859201431274,0.00018690943999999997,1923.9,2701.1676570500003
2000.0,11331584,503,2461,4602,3285.4033362600003,,,,,,,,,,,,,
2000.0,11354112,504,2463,4609,3286.93394733,7.825203354250301,4.1537604331970215,0.2,-0.001651289335198023,1.5506913353096354,0.9288511872291565,0.05565074573863636,0.0041168653,5030,0.11135336011648178,0.00018668416,,
2000.0,11376640,505,2464,4616,3272.42687712,11.904573954235424,5.912378787994385,0.2,-0.0018738297131759198,1.5531877845525741,0.9264287352561951,0.05630770596590909,0.005000628,5040,0.11138435453176498,0.00018645887999999998,,
2000.0,11399168,506,2465,4623,3270.2378051,7.437569801915775,3.363560438156128,0.2,-0.0018621340528956023,1.5462584376335144,0.9319911003112793,0.080615234375,0.0068382826,5050,0.11211192607879639,0.00018623359999999996,,
2000.0,11421696,507,2466,4630,3266.0794835700003,10.061564181067727,5.904321670532227,0.2,-0.000772952528363517,1.5479695723815399,0.927994966506958,0.055593039772727275,0.006061122,5060,0.11131101101636887,0.00018600831999999995,,
,11440000,,,,,7.284355483271859,1.6728394031524658,0.2,-0.0014822119510923088,1.5524295281280172,0.9042069911956787,0.059978693181818185,0.00465225,5070,0.11157495528459549,0.00018578303999999997,2000.0,2837.0864444999997
2000.0,11444224,508,2450,4670,3265.6582979399996,,,,,,,,,,,,,
2000.0,11466752,509,2451,4677,3259.71509867,6.713939529115503,2.5403759479522705,0.2,-0.0019042378745242868,1.544637861306017,0.9338961243629456,0.06982421875,0.0067290543,5080,0.11206135153770447,0.00018555775999999998,,
2000.0,11489280,510,2452,4684,3248.1449078099995,9.297550281069496,4.027685165405273,0.2,-0.0011812291393818502,1.5443111284212632,0.9065474271774292,0.04714577414772727,0.0050463933,5090,0.11179180443286896,0.00018533247999999997,,
2000.0,11511808,511,2453,4691,3262.26904879,10.596901803666896,3.103443145751953,0.2,-0.0009709415703334592,1.5472473374821922,0.9263263940811157,0.059379438920454546,0.0055961865,5100,0.11151573061943054,0.0001851072,,
2000.0,11534336,512,2455,4698,3265.29893502,10.344774731180884,6.4438676834106445,0.2,-0.0005860847266211005,1.553918543457985,0.889980673789978,0.045476740056818184,0.0038975105,5110,0.11112482845783234,0.00018488192,,
,11550000,,,,,11.674718349630183,4.818265438079834,0.2,-0.0023051815170964055,1.5543026878075166,0.9264131784439087,0.06056463068181818,0.0059932065,5120,0.11129602789878845,0.00018465664,1759.85,2554.24675385
1991.97,11556864,513,2441,4732,3244.8906414999988,,,,,,,,,,,,,
1991.97,11579392,514,2442,4739,3268.130945769999,8.786511923508211,5.920550346374512,0.2,0.0007893899609123103,1.5517030106349425,0.9556512236595154,0.049724786931818185,0.004361789,5130,0.11159950494766235,0.00018443136,,
1991.97,11601920,515,2444,4745,3273.9173147599995,7.635351964289492,4.077682971954346,0.2,-0.00033333548238839613,1.5480736526575956,0.9514162540435791,0.0632235440340909,0.005822167,5140,0.11172465234994888,0.00018420607999999997,,
1991.97,11624448,516,2446,4751,3269.5406817099997,11.00279642018405,3.5566959381103516,0.2,-0.0004783211336788637,1.5454226344823838,0.9375974535942078,0.05637872869318182,0.0045552114,5150,0.11188077926635742,0.00018398079999999999,,
1991.97,11646976,517,2448,4757,3266.51790368,7.601759251139381,2.455148220062256,0.2,-0.0011811131362760947,1.5506856468590824,0.9258242845535278,0.062087180397727273,0.006224381,5160,0.11141008138656616,0.00018375552,,
,11660000,,,,,9.082439755851572,1.98623526096344,0.2,-0.0005476668223061345,1.549381801215085,0.9294334650039673,0.053466796875,0.0034595488,5170,0.11187620460987091,0.00018353023999999996,1491.8,2218.3183326999997
1977.45,11669504,518,2440,4781,3234.20292671,,,,,,,,,,,,,
1977.45,11692032,519,2442,4787,3241.2514762299998,12.64876392104409,6.39154052734375,0.2,-0.0011881945992089724,1.5413590162992477,0.9482147097587585,0.05492276278409091,0.0042697606,5180,0.11224313825368881,0.00018330495999999998,,
1977.45,11714560,520,2443,4793,3227.8515335499997,13.175056053291668,3.9800753593444824,0.2,-0.0009404630839443681,1.5340151196176355,0.9392257332801819,0.052903053977272727,0.0051033353,5190,0.11272485554218292,0.00018307967999999997,,
1965.34,11737088,521,2445,4799,3203.16483396,8.981162290139633,4.539999008178711,0.2,-0.0013980918292707594,1.532236499678005,0.9481839537620544,0.07010830965909091,0.006397778,5200,0.11247706413269043,0.00018285439999999998,,
1973.37,11759616,522,2447,4805,3203.9849685599997,11.483960628509521,7.319765567779541,0.2,-0.0010000153783370149,1.535097648067908,0.9542772769927979,0.04456232244318182,0.004529916,5210,0.11227574944496155,0.00018262912,,
,11770000,,,,,14.333891128409993,4.381203651428223,0.2,-0.0008860279022800652,1.5363097480752252,0.9310488700866699,0.05343572443181818,0.005790475,5220,0.11230990290641785,0.00018240383999999999,1353.1,1955.8617166500003
1957.93,11782144,523,2440,4827,3168.4915653400003,,,,,,,,,,,,,
1957.93,11804672,524,2442,4833,3166.2284659099996,8.593012131344189,3.136688470840454,0.2,-0.0010755843326809224,1.5245069883086464,0.9334542155265808,0.06150124289772727,0.0062866346,5230,0.11353877931833267,0.00018217856,,
1947.64,11827200,525,2443,4839,3158.5447317799994,9.48096796057441,5.699187755584717,0.2,-0.000989820427970368,1.518915425647389,0.9136108160018921,0.04857954545454545,0.0050796475,5240,0.11312100291252136,0.00018195328,,
1933.43,11849728,526,2445,4845,3126.1320127000004,8.585914929888466,4.31520414352417,0.2,-0.001608123133403503,1.5064686864614487,0.9594191908836365,0.0544921875,0.0060783033,5250,0.11480359733104706,0.000181728,,
1947.95,11872256,527,2447,4851,3161.93062982,11.12599059343338,4.63178825378418,0.2,-0.0004123176860792393,1.4892163273963062,0.9522190093994141,0.049249822443181816,0.0042126975,5260,0.11520367860794067,0.00018150271999999997,,
,11880000,,,,,9.359982287883758,2.2944107055664062,0.2,-0.001753432446540418,1.4848220762881366,0.9294959306716919,0.048193359375,0.004887158,5270,0.11521613597869873,0.00018127743999999998,1570.3,2243.2313937
1933.29,11894784,528,2439,4875,3123.26138164,,,,,,,,,,,,,
1904.77,11917312,529,2441,4881,3071.70909357,11.608737720684571,6.048214912414551,0.2,-0.0017257656362331048,1.4839938456361943,0.9500835537910461,0.07034357244318182,0.0055189184,5280,0.11545531451702118,0.00018105216,,
1883.1,11939840,530,2442,4887,3031.17884192,7.986767155473882,6.245110034942627,0.2,-0.0006779723940946331,1.4721289255402306,0.9732687473297119,0.05492276278409091,0.005894981,5290,0.11645838618278503,0.00018082687999999996,,
1846.48,11962368,531,2444,4893,2965.1944239899994,11.875885846398093,5.732168197631836,0.2,-0.00045552258697253734,1.4572655975818634,0.9546703696250916,0.05409268465909091,0.005210742,5300,0.11735092103481293,0.00018060159999999998,,
1861.92,11984896,532,2446,4899,2985.1908307999997,15.537798698381945,3.6068408489227295,0.2,-0.0020238127342467617,1.446839996088635,0.9440256357192993,0.049010120738636365,0.0052387337,5310,0.11755964159965515,0.00018037631999999996,,
,11990000,,,,,8.439108289913698,4.11181640625,0.2,-0.0011741175612604076,1.436594649336555,0.9373347759246826,0.05809215198863636,0.0056855036,5320,0.11857937276363373,0.00018015103999999998,2000.0,2923.3874407499998
1872.21,12007424,533,2435,4929,2992.1287664600004,,,,,,,,,,,,,
1886.42,12029952,534,2437,4935,3016.6990177999996,8.709156761386177,4.710439682006836,0.2,-0.0005834246910208921,1.4279357953505083,0.924464225769043,0.05417702414772727,0.005557333,5330,0.11859874427318573,0.00017992576,,
1886.42,12052480,535,2439,4941,2988.1691108299997,9.364373751661994,3.5117251873016357,0.2,-0.00255589340839916,1.422171984748407,0.935197114944458,0.07090731534090909,0.006623732,5340,0.11918991804122925,0.00017970047999999998,,
1886.42,12075008,536,2440,4947,2976.78447737,13.213982662287625,3.558152675628662,0.2,-0.0012614745350385255,1.419640851020813,0.9255036115646362,0.04322620738636364,0.0043666624,5350,0.11891523748636246,0.0001794752,,
1941.71,12097536,537,2442,4953,3069.52157319,11.719242984598333,9.1499662399292,0.2,-0.0013556395821400326,1.4233289794488386,0.9246000051498413,0.058274147727272727,0.0055454504,5360,0.1188090443611145,0.00017924992000000001,,
,12100000,,,,,8.309441062537106,3.6760947704315186,0.2,-0.0010225439430955289,1.420855616981333,0.9290212392807007,0.049129971590909094,0.0043991935,5370,0.11916302144527435,0.00017902464,2000.0,2850.4232190499997
1941.71,12120064,538,2432,4983,3070.9106064399994,,,,,,,,,,,,,
1963.38,12142592,539,2433,4988,3113.43029622,10.424819635803049,7.195483684539795,0.2,-0.0007955714914714918,1.4261434178460728,0.9275792837142944,0.06400035511363636,0.0056111845,5380,0.11824339628219604,0.00017879936,,
2000.0,12165120,540,2435,4994,3183.7344235599994,5.5401025639338926,1.9520846605300903,0.2,-0.0013290511616188185,1.4352524816989898,0.9416942596435547,0.07370383522727272,0.005571134,5390,0.11808253824710846,0.00017857407999999998,,
2000.0,12187648,541,2437,5000,3165.62670679,11.933652424812317,5.336761474609375,0.2,-0.0012166885389226743,1.4382035298780962,0.9304113984107971,0.05228604403409091,0.0048304694,5400,0.11785763502120972,0.0001783488,,
,12210000,,,,,7.78364711728963,3.361255645751953,0.2,-0.0012458040712358938,1.4455008458007466,0.9312400221824646,0.061181640625,0.0051673045,5410,0.1172998920083046,0.00017812351999999996,2000.0,2967.65596385
2000.0,12210176,542,2426,5031,3166.6194293099998,,,,,,,,,,,,,
2000.0,12232704,543,2428,5037,3173.6323960800005,10.343839850750836,4.448611736297607,0.2,-0.0014272181809329512,1.438290736079216,0.9184051156044006,0.05187322443181818,0.0067779277,5420,0.1185780018568039,0.00017789823999999997,,
2000.0,12255232,544,2430,5043,3185.0385115400004,8.651440182599154,4.130626678466797,0.2,-0.001387216772127431,1.4332973875782706,0.9288315773010254,0.06863014914772728,0.0071642385,5430,0.11802761256694794,0.00017767296,,
2000.0,12277760,545,2431,5049,3188.74112413,11.892583208192478,8.367301940917969,0.2,-0.0005192265816731378,1.442377570271492,0.9420186281204224,0.05484730113636364,0.006335423,5440,0.11749395728111267,0.00017744767999999998,,
2000.0,12300288,546,2433,5055,3197.2521472799995,8.501225996559317,6.068817138671875,0.2,-0.0007429459936578166,1.4468731308525258,0.9455678462982178,0.07138227982954545,0.00521519,5450,0.11730041354894638,0.0001772224,,
,12320000,,,,,7.984575407071547,4.989895820617676,0.2,-0.000663512278300583,1.4539714387872003,0.9428568482398987,0.053759765625,0.005859917,5460,0.11682897061109543,0.00017699711999999998,2000.0,2975.7503965999995
2000.0,12322816,547,2423,5085,3190.2948448199995,,,,,,,,,,,,,
2000.0,12345344,548,2424,5091,3200.20935424,10.217234833673997,5.3492584228515625,0.2,-0.000729915181661702,1.4571382116187703,0.9062144756317139,0.05567294034090909,0.004881585,5470,0.11666060239076614,0.00017677184,,
2000.0,12367872,549,2425,5098,3206.3564259799987,7.741754794120789,1.645332932472229,0.2,-0.00042545608911578626,1.4556933053515173,0.9394625425338745,0.05723544034090909,0.0057960856,5480,0.1171438917517662,0.00017654656,,
2000.0,12390400,550,2427,5104,3210.7955683699997,9.30874506614425,2.3284313678741455,0.2,3.894902342422442e-05,1.4431788531216707,0.9512298703193665,0.059401633522727273,0.0042227055,5490,0.11823850870132446,0.00017632128,,
2000.0,12412928,551,2428,5110,3200.268205900001,8.021821148287167,3.918612480163574,0.2,-0.0010371593642048537,1.4367909407073802,0.9628458023071289,0.07051225142045454,0.0052639307,5500,0.1179538369178772,0.000176096,,
,12430000,,,,,12.089386330951344,2.609292984008789,0.2,-0.0021720594813814387,1.4396803704175083,0.9177904725074768,0.05467418323863636,0.004894197,5510,0.11788703501224518,0.00017587071999999998,1910.4,2751.10172845
1988.35,12435456,552,2419,5139,3171.9014285300004,,,,,,,,,,,,,
1988.35,12457984,553,2421,5144,3171.108110039999,8.51890779787844,2.8680295944213867,0.2,-0.0008777759929547425,1.4380302491513166,0.9602943062782288,0.04661754261363636,0.004813212,5520,0.11803963035345078,0.00017564544,,
1988.35,12480512,554,2423,5150,3165.594428990001,10.157894065163353,4.422677993774414,0.2,-0.0013923031531951644,1.4351281049576672,0.9449388384819031,0.04187233664772727,0.004459169,5530,0.11831918358802795,0.00017542015999999995,,
1988.35,12503040,555,2424,5156,3172.60163554,9.742752810499885,2.1784417629241943,0.2,-0.0014151142468273809,1.4312251310456883,0.9536824822425842,0.05770152698863636,0.005256437,5540,0.11850394308567047,0.00017519487999999997,,
1988.35,12525568,556,2426,5161,3162.7817482100004,8.754678052121942,3.113403558731079,0.2,-0.001318328584470278,1.427120809934356,0.9294129610061646,0.0709872159090909,0.00784198,5550,0.11879226565361023,0.00017496959999999999,,
,12540000,,,,,11.376235995509408,4.996285915374756,0.2,-0.0013083730123153972,1.425451893156225,0.9463451504707336,0.05809215198863636,0.005081916,5560,0.11882290244102478,0.00017474431999999997,2000.0,2748.2713002499995
1988.35,12548096,557,2417,5190,3144.03145389,,,,,,,,,,,,,
1988.35,12570624,558,2419,5196,3142.72928424,12.913610914078626,2.012017250061035,0.2,-0.0011006868425862525,1.4268072307109834,0.9226160049438477,0.05599254261363636,0.0075667086,5570,0.11876602470874786,0.00017451904,,
1988.35,12593152,559,2420,5201,3124.5445022100002,11.209059190208261,4.26873779296875,0.2,-0.002423324922644745,1.4308690556071022,0.9597423672676086,0.06333895596590909,0.0051959706,5580,0.1183106005191803,0.00017429376,,
1988.35,12615680,560,2422,5207,3091.5468143600006,9.98504725315354,3.944688320159912,0.2,-0.0021529576209352607,1.4291593911972913,0.9415169358253479,0.062300248579545456,0.0068522077,5590,0.11885988712310791,0.00017406848,,
2000.0,12638208,561,2424,5212,3108.7447391,13.055638914758509,6.850891590118408,0.2,-0.0009703599507867528,1.4170775670896878,0.9487184286117554,0.05261008522727273,0.0051326654,5600,0.11955203115940094,0.0001738432,,
,12650000,,,,,9.253538550030102,4.747165679931641,0.2,-0.0004437542570733719,1.4173025236888366,0.9395738840103149,0.0626953125,0.004186651,5610,0.11912599205970764,0.00017361791999999997,1906.7,2560.34695865
2000.0,12660736,562,2415,5241,3114.439972470001,,,,,,,,,,,,,
2000.0,12683264,563,2417,5246,3111.9368285799997,10.936656651713632,6.70227575302124,0.2,-0.0008265483497366818,1.4218821395527232,0.9194761514663696,0.04574751420454545,0.00533637,5620,0.1189248263835907,0.00017339264,,
2000.0,12705792,564,2419,5252,3095.226860669999,6.059024804559621,1.6269879341125488,0.2,-0.001656687624464129,1.4192076642404903,0.9544419050216675,0.06171875,0.0072604553,5630,0.11939460784196854,0.00017316735999999998,,
2000.0,12728320,565,2420,5257,3097.74115106,8.080770222165368,3.1533544063568115,0.2,-0.0009321741407885301,1.4129268405112354,0.9676681160926819,0.056676136363636366,0.005113558,5640,0.11955973505973816,0.00017294207999999996,,
2000.0,12750848,566,2422,5263,3084.0836153,9.883960744467648,2.9659857749938965,0.2,-0.0006502700194356625,1.414596767317165,0.9435998797416687,0.04334161931818182,0.0033689602,5650,0.11909976601600647,0.00017271679999999998,,
,12760000,,,,,9.613446704907851,2.9542481899261475,0.2,-0.0010728285049977288,1.417739574475722,0.9449990391731262,0.054541015625,0.005751169,5660,0.11915918439626694,0.00017249151999999997,1814.2,2177.6431147500007
2000.0,12773376,567,2414,5290,3078.40375902,,,,,,,,,,,,,
2000.0,12795904,568,2416,5296,3075.454708400001,7.57526510628787,2.6736114025115967,0.2,-0.0014549462608887222,1.4087333784861997,0.952284574508667,0.05589488636363636,0.0054332656,5670,0.12004288285970688,0.00017226623999999998,,
2000.0,12818432,569,2417,5301,3090.64738177,8.488988401673057,4.166191577911377,0.2,-0.001388147790434728,1.4019970617511055,0.9407494068145752,0.05276544744318182,0.0061587463,5680,0.12017832696437836,0.00017204095999999997,,
2000.0,12840960,570,2419,5307,3074.4835870600004,6.128387043150989,1.8284177780151367,0.2,-0.0017658320473856292,1.4059351189569993,0.9555974006652832,0.05431463068181818,0.0051443297,5690,0.11971080303192139,0.00017181568,,
1982.89,12863488,571,2421,5312,3024.5115115099993,10.14725549275225,4.038980007171631,0.2,-0.0015522793129837903,1.411299216747284,0.9307864308357239,0.057927911931818184,0.005232615,5700,0.11928455531597137,0.0001715904,,
,12870000,,,,,13.238228465210307,4.738792896270752,0.2,-0.0015629394228612497,1.4148859408768741,0.9496856927871704,0.048162286931818184,0.00518368,5710,0.11920957267284393,0.00017136512,2000.0,2624.5511347499996
1982.89,12886016,572,2412,5342,3034.25181226,,,,,,,,,,,,,
1982.89,12908544,573,2413,5347,3018.4294002700003,6.848317677866329,2.5363030433654785,0.2,-0.0011878469604363834,1.4245141644369472,0.9664782285690308,0.0505859375,0.005347933,5720,0.11827561259269714,0.00017113984,,
1963.96,12931072,574,2415,5353,2978.64566245,13.139543963562359,4.100457191467285,0.2,-0.0011410781916558997,1.426022326133468,0.9427071809768677,0.04904119318181818,0.004941903,5730,0.1187954843044281,0.00017091455999999997,,
1963.96,12953600,575,2417,5358,2965.87286327,10.879944799163125,4.891664981842041,0.2,-0.0015550443749155173,1.4176705008203334,0.9557715654373169,0.05302734375,0.005970521,5740,0.11960901319980621,0.00017068927999999998,,
1963.96,12976128,576,2419,5364,2952.8712139700006,7.742056123235009,2.48346209526062,0.2,-0.0012107500062980266,1.4076394281604074,0.9635055065155029,0.06015625,0.005819395,5750,0.11991581320762634,0.000170464,,
,12980000,,,,,13.429538410360163,6.538271427154541,0.2,-0.0009823210772910071,1.3972678114067425,0.9213810563087463,0.04469992897727273,0.0045685135,5760,0.12084800004959106,0.00017023871999999996,1907.4,2583.4246888999996
1960.57,12998656,577,2410,5392,2974.56927206,,,,,,,,,,,,,
1960.57,13021184,578,2412,5397,2968.685111869999,9.91105141152035,3.357996702194214,0.2,-0.0012330562095898628,1.3872327571565455,0.9453757405281067,0.04678178267045455,0.005658384,5770,0.12111420929431915,0.00017001343999999998,,
1960.57,13043712,579,2413,5403,2961.04114251,8.565536347844384,3.202486276626587,0.2,-0.0023705055537654764,1.3868641948158091,0.9580469131469727,0.049489524147727275,0.0049623447,5780,0.12090405076742172,0.00016978815999999997,,
1977.68,13066240,580,2415,5409,2999.80432501,12.91738732511347,4.5542311668396,0.2,-0.0011882535951868208,1.3825127013704994,0.9250845909118652,0.04751420454545455,0.005350604,5790,0.12160126119852066,0.00016956287999999998,,
1977.68,13088768,581,2417,5415,3017.1281587200006,7.246198547970165,1.413733720779419,0.2,-0.0008237831863384186,1.3704080524769697,0.9582169055938721,0.04942294034090909,0.0061124335,5800,0.12230698764324188,0.0001693376,,
,13090000,,,,,13.08179297772321,7.230599880218506,0.2,-0.00129010588967834,1.3679167579520832,0.9436190128326416,0.037389026988636366,0.004628139,5810,0.12194694578647614,0.00016911231999999998,1908.95,2499.4337110499996
1977.68,13111296,582,2408,5443,3008.45212333,,,,,,,,,,,,,
1996.61,13133824,583,2410,5448,3041.7263505800006,13.952434706687928,4.523078918457031,0.2,-0.002431673339478121,1.3717238456010818,0.9425427913665771,0.05822975852272727,0.0053554047,5820,0.121877521276474,0.00016888704,,
1996.61,13156352,584,2412,5454,3044.02402382,15.039541321451013,3.6747019290924072,0.2,-0.0015545554242139175,1.3620868368582293,0.9252557158470154,0.040846946022727273,0.004453397,5830,0.12299494445323944,0.00016866176,,
1986.15,13178880,585,2413,5460,3055.7337514900005,8.544265294075013,4.635000228881836,0.2,-0.0009690346148669381,1.345553823763674,0.9562980532646179,0.05064364346590909,0.0051386063,5840,0.12380161881446838,0.00016843648,,
,13200000,,,,,11.011370050365274,4.462639808654785,0.2,-0.0011655003287490797,1.3426236269148912,0.9535971879959106,0.044224964488636366,0.004449178,5850,0.1235385462641716,0.00016821119999999997,1911.55,2460.1271255499996
1989.54,13201408,586,2405,5488,3045.09156299,,,,,,,,,,,,,
1989.54,13223936,587,2407,5493,3043.3088439399994,15.194110096584668,7.56306266784668,0.2,-0.0014759201297155496,1.344317451390353,0.9323667287826538,0.048504083806818185,0.00564906,5860,0.12351105362176895,0.00016798591999999998,,
1989.54,13246464,588,2408,5499,3049.51032666,12.71987464482134,9.940716743469238,0.2,-0.0006696812618015842,1.3427343468774449,0.9299243092536926,0.03943980823863636,0.004756927,5870,0.12382492423057556,0.00016776064,,
1989.54,13268992,589,2410,5504,3042.7816517500005,12.055258642001586,2.049342632293701,0.2,-0.0009316867336482657,1.343523519147526,0.9246554374694824,0.062056107954545456,0.005505176,5880,0.12357109040021896,0.00016753535999999996,,
1959.97,13291520,590,2412,5510,2987.26358965,9.898452380570498,6.123271942138672,0.2,-0.0006137648614557375,1.352042306824164,0.9401560425758362,0.049742542613636365,0.0047449353,5890,0.12275759130716324,0.00016731007999999997,,
,13310000,,,,,9.315724448182365,4.27030086517334,0.2,-0.0009366927767669867,1.361085012013262,0.9664674401283264,0.03664772727272727,0.0054210257,5900,0.12243771553039551,0.00016708479999999996,1906.45,2620.3437537
1959.97,13314048,591,2403,5538,2984.6486841600004,,,,,,,,,,,,,
1959.97,13336576,592,2405,5544,2985.2826377399997,10.239702293005857,4.556906223297119,0.2,-0.00029060779435729437,1.373563453284177,0.9489121437072754,0.053635475852272727,0.004861621,5910,0.12128227204084396,0.00016685951999999998,,
1959.97,13359104,593,2407,5549,2969.0600154799995,12.140145712549037,4.840428352355957,0.2,-0.0011630147811956704,1.3828236623243852,0.9377596974372864,0.04968483664772727,0.005378554,5920,0.12124370038509369,0.00016663424,,
1970.43,13381632,594,2408,5555,2977.69144112,16.434589475935155,14.331722259521484,0.2,-0.0009610786006140354,1.3766949783671987,0.9347569942474365,0.04407848011363636,0.0040719653,5930,0.12193939089775085,0.00016640895999999998,,
1970.43,13404160,595,2410,5560,2977.41569831,12.841862642765046,3.1563334465026855,0.2,-0.0015135381500427187,1.3730138878930698,0.9412645697593689,0.059885475852272725,0.0072344574,5940,0.12172259390354156,0.00016618368,,
,13420000,,,,,16.425845278393137,3.3461925983428955,0.2,-0.0011283060342644933,1.374875502965667,0.9188176393508911,0.04403409090909091,0.004815827,5950,0.12170736491680145,0.0001659584,1907.7,2579.2353367000005
1970.43,13426688,596,2402,5588,2973.3242186099997,,,,,,,,,,,,,
1970.43,13449216,597,2404,5594,2973.2867093399996,10.638099784200842,8.700809478759766,0.2,-0.0012028292994893325,1.3754235180941494,0.9570350646972656,0.05673384232954545,0.0061995564,5960,0.12172619998455048,0.00016573312,,
1970.43,13471744,598,2405,5599,2963.0730543899995,10.418225557153875,2.932650327682495,0.2,-0.00023867565654324028,1.3694974969733844,0.9365168213844299,0.06015625,0.007282923,5970,0.12239161133766174,0.00016550784,,
2000.0,13494272,599,2407,5605,3009.1165797,14.76287697932937,6.956812381744385,0.2,-0.0013113117914392866,1.3596351959488608,0.9374328851699829,0.05355557528409091,0.004629394,5980,0.12274030596017838,0.00016528255999999998,,
2000.0,13516800,600,2409,5610,3021.80346201,11.573499309474771,6.296008110046387,0.2,-0.001638774210666518,1.359795426509597,0.9312519431114197,0.05929953835227273,0.0056634066,5990,0.12255330383777618,0.00016505728,,
,13530000,,,,,8.832283042235808,3.779169797897339,0.2,-0.0015925029333712618,1.3598460164937105,0.9505560994148254,0.06967329545454545,0.0075457436,6000,0.12256881594657898,0.00016483199999999996,1906.75,2533.23675185
2000.0,13539328,601,2400,5639,3032.9491688800003,,,,,,,,,,,,,
2000.0,13561856,602,2402,5644,3032.2958744900006,11.706873898614537,6.253506183624268,0.2,-0.0019121051612521775,1.3704261430285194,0.9222232699394226,0.0474609375,0.0050121527,6010,0.12150725722312927,0.00016460671999999997,,
2000.0,13584384,603,2404,5650,3026.4280808,9.645145037499342,4.232085227966309,0.2,-0.0004807827347328632,1.3798901609399101,0.9524438977241516,0.051935369318181816,0.0067888605,6020,0.12119479477405548,0.00016438144,,
2000.0,13606912,604,2405,5656,3044.633362999999,9.186765020543879,5.926478385925293,0.2,-0.0013253177177499642,1.3957349327477542,0.9305411577224731,0.06079545454545455,0.0060197385,6030,0.11990468204021454,0.00016415615999999998,,
2000.0,13629440,605,2407,5661,3025.05421017,15.430422208525918,11.233953475952148,0.2,-0.0014539029352652671,1.4036539140072737,0.9088828563690186,0.043359375,0.0051211338,6040,0.12008269131183624,0.00016393088,,
,13640000,,,,,9.582476847280155,5.403711318969727,0.2,-0.0014845607441119765,1.396993194114078,0.9374900460243225,0.04580522017045455,0.005889991,6050,0.12044555693864822,0.00016370559999999998,1820.0,2401.23514425
2000.0,13651968,606,2399,5688,3041.55582334,,,,,,,,,,,,,
1981.67,13674496,607,2401,5694,3026.1151160300005,11.422349367358468,4.756754398345947,0.2,-0.0018842983779243448,1.3973960768092761,0.9375404715538025,0.05771928267045454,0.005233938,6060,0.12025400996208191,0.00016348032,,
1981.67,13697024,608,2403,5699,3017.32216134,18.43664606809616,18.62869644165039,0.2,-0.0017111998818687755,1.4031180836937645,0.9231724143028259,0.05077681107954545,0.005264878,6070,0.11986568570137024,0.00016325504,,
1981.67,13719552,609,2404,5706,3002.22360621,12.374421992627058,5.628739833831787,0.2,-0.0012104067416988651,1.4050250102173198,0.9371697902679443,0.05014204545454545,0.0054103937,6080,0.11985716223716736,0.00016302976,,
1981.67,13742080,610,2405,5712,3009.33881777,16.58969402096488,7.723593235015869,0.2,-0.001299800026886673,1.4074865766546942,0.9219956398010254,0.04109996448863636,0.0046449425,6090,0.1196831613779068,0.00016280448,,
,13750000,,,,,9.991553193330764,2.8724205493927,0.2,-0.0016971169171897187,1.402451903982596,0.9369028806686401,0.050474964488636365,0.0053753504,6100,0.12032864987850189,0.00016257919999999998,1813.65,2522.28684185
1981.67,13764608,611,2398,5739,3001.0324294399993,,,,,,,,,,,,,
1981.67,13787136,612,2399,5745,2987.0600356300006,16.329518863287838,3.196559429168701,0.2,-0.000920201206331099,1.4025791802189567,0.9162378907203674,0.04758966619318182,0.0051780245,6110,0.11973968148231506,0.00016235392,,
1981.67,13809664,613,2401,5750,2984.2879338,9.443771438707005,8.402547836303711,0.2,-0.0008553828631358391,1.403183037313548,0.9533226490020752,0.06151012073863636,0.0059998874,6120,0.12019355595111847,0.00016212863999999995,,
1981.67,13832192,614,2402,5756,2999.4029198000003,12.342786594412544,5.068752288818359,0.2,-0.0011444308558235538,1.392998504909602,0.9566919207572937,0.05857599431818182,0.0057780473,6130,0.1209905594587326,0.00016190335999999997,,
1981.67,13854720,615,2404,5762,2988.94076845,13.755279603871433,6.615360260009766,0.2,-0.0010949991635491394,1.3791944018819116,0.9397138953208923,0.052587890625,0.0059825527,6140,0.12171542644500732,0.00016167807999999998,,
,13860000,,,,,12.999385625123978,5.27948522567749,0.2,-0.0012143904953104952,1.3698294561017643,0.9392656683921814,0.041650390625,0.0047796164,6150,0.12229059636592865,0.00016145279999999997,1812.9,2577.60893265
1981.98,13877248,616,2397,5789,2980.49112006,,,,,,,,,,,,,
1981.98,13899776,617,2398,5794,2973.25368286,17.109694426709954,9.153985977172852,0.2,-0.0016656377876643092,1.3600136147304014,0.9407710433006287,0.060844282670454546,0.0065386803,6160,0.12283381819725037,0.00016122752,,
1981.98,13922304,618,2400,5800,2961.6143961800008,14.336636885729703,5.893136978149414,0.2,-0.0004361158021889754,1.3512461464513432,0.9401965737342834,0.03164506392045455,0.004097748,6170,0.12348684668540955,0.00016100224,,
1981.98,13944832,619,2401,5805,2952.1780593699996,12.591959975524382,5.554653644561768,0.2,-0.0008069114124571736,1.3433851307088678,0.9537009596824646,0.04562322443181818,0.005444496,6180,0.12368474900722504,0.00016077696,,
1981.98,13967360,620,2403,5811,2944.2913241499996,18.878356022184544,6.185498237609863,0.2,-0.001675851543074135,1.340851439671083,0.9313884973526001,0.04380770596590909,0.0051341048,6190,0.12390324473381042,0.00016055168,,
,13970000,,,,,12.254148496822877,9.59865951538086,0.2,-0.0013273158097449182,1.3372427460822192,0.9459249377250671,0.06882990056818182,0.0068162438,6200,0.12411472201347351,0.0001603264,1815.65,2528.38358765
1981.98,13989888,621,2396,5838,2959.03474711,,,,,,,,,,,,,
1981.98,14012416,622,2397,5843,2961.42985995,15.378630011731929,6.266912460327148,0.2,-0.0007857147284084931,1.3313026138327337,0.9267679452896118,0.06016512784090909,0.0058166194,6210,0.12457898259162903,0.00016010111999999999,,
1965.57,14034944,623,2399,5849,2934.40269799,12.259206662394783,2.145054578781128,0.2,-0.0016796257013497367,1.330081190575253,0.937592625617981,0.06360529119318181,0.0056738337,6220,0.12447543442249298,0.00015987584,,
1947.2,14057472,624,2400,5855,2889.46669439,15.557357963648709,8.125898361206055,0.2,-0.0017698906192725355,1.3256634904579683,0.9361296892166138,0.05553533380681818,0.0059695984,6230,0.12506285309791565,0.00015965056,,
,14080000,,,,,14.877466350251979,5.888673782348633,0.2,-0.0014749415422556922,1.3139678716659546,0.9414242506027222,0.059738991477272727,0.0043654423,6240,0.12589655816555023,0.00015942527999999998,2000.0,2844.8916771
1965.22,14080000,625,2392,5884,2942.20201625,,,,,,,,,,,,,
1965.22,14102528,626,2394,5889,2952.71057906,15.992013738372108,15.058050155639648,0.2,-0.0005472807306267152,1.316658135435798,0.927054226398468,0.04528586647727273,0.00407007,6250,0.12483251839876175,0.00015919999999999997,,
1965.22,14125056,627,2395,5895,2966.4773943900004,14.005731907757847,8.93742561340332,0.2,-0.0009390305476368998,1.3221683209592645,0.9245803356170654,0.061279296875,0.005217755,6260,0.12508651614189148,0.00015897471999999998,,
1965.22,14147584,628,2397,5901,2970.46721976,14.399916802753102,7.0604095458984375,0.2,-0.001136677171135406,1.3107503858479586,0.9186426401138306,0.04367009943181818,0.0041150805,6270,0.12597954273223877,0.00015874943999999997,,
1965.22,14170112,629,2398,5906,2969.5089428999995,15.997902978550304,5.542837142944336,0.2,-0.0010694446399363434,1.304032271287658,0.9351785182952881,0.04359019886363636,0.0047876635,6280,0.12630054354667664,0.00015852415999999999,,
,14190000,,,,,17.813133409890263,10.660711288452148,0.2,-0.0010617623637451535,1.304804586280476,0.9259409308433533,0.045094992897727275,0.0044620414,6290,0.12567611038684845,0.00015829888,2000.0,2797.7831334
1960.14,14192640,630,2390,5937,2954.4576806100004,,,,,,,,,,,,,
1960.14,14215168,631,2391,5943,2955.40341326,12.944902055371891,10.741605758666992,0.2,-0.002257104742404243,1.302488884329796,0.9354829788208008,0.05642311789772727,0.0059878035,6300,0.12673354148864746,0.0001580736,,
1976.55,14237696,632,2393,5949,2965.27018541,12.000265197320418,7.105931282043457,0.2,-0.002334178462545176,1.2934636032039468,0.9463198781013489,0.04891246448863636,0.005225867,6310,0.12677323818206787,0.00015784832,,
1994.92,14260224,633,2394,5954,2998.817612219999,21.141366476362403,13.25097942352295,0.2,-0.0013239510635189205,1.2983086854219437,0.9128873348236084,0.05055486505681818,0.0049257996,6320,0.12606476247310638,0.00015762303999999997,,
1978.72,14282752,634,2396,5960,2960.8811663999995,9.4222501299598,4.857174873352051,0.2,-0.0011352564046815546,1.298120962489735,0.9570357799530029,0.06136807528409091,0.005156021,6330,0.12664590775966644,0.00015739775999999998,,
,14300000,,,,,21.22406307025389,16.110488891601562,0.2,-0.0012464177117428997,1.2965237016027624,0.9300824403762817,0.03059747869318182,0.004384501,6340,0.12661772966384888,0.00015717248,1815.45,2508.6914227999996
1978.72,14305280,635,2389,5987,2949.83142856,,,,,,,,,,,,,
1960.82,14327808,636,2390,5992,2917.9466591600003,21.825354352864352,16.210025787353516,0.2,-0.0012770363682648167,1.2960706759582867,0.9216487407684326,0.04244939630681818,0.0039904756,6350,0.12669557332992554,0.00015694719999999996,,
1948.36,14350336,637,2392,5998,2925.3316789699998,19.207284192605453,7.945066928863525,0.2,-0.0013346395846879618,1.2928417666391894,0.9424819946289062,0.04797141335227273,0.0049269763,6360,0.1268836259841919,0.00015672191999999998,,
1936.47,14372864,638,2393,6004,2898.39422295,19.739748857238077,13.896108627319336,0.2,-0.0015482698157112198,1.2896492386406118,0.9460868835449219,0.041694779829545454,0.003926434,6370,0.12705884873867035,0.00015649663999999996,,
1941.55,14395392,639,2395,6009,2906.70490241,20.71670515320518,10.721004486083984,0.2,-0.0012027142795638858,1.2898623303933576,0.9291048645973206,0.04556995738636364,0.006402756,6380,0.12690286338329315,0.00015627135999999998,,
,14410000,,,,,19.356003072045066,5.637678623199463,0.2,-0.0005893094850100831,1.2914150755513798,0.929561972618103,0.031529651988636366,0.0038684343,6390,0.12689074873924255,0.00015604608,1911.05,2673.8097114
1939.73,14417920,640,2387,6038,2900.6291912499996,,,,,,,,,,,,,
1905.95,14440448,641,2389,6043,2877.29080968,14.072308468276804,6.278855323791504,0.2,-0.0012900255079412917,1.2925143504684622,0.9624747633934021,0.05667169744318182,0.0056881625,6400,0.1267668902873993,0.00015582079999999998,,
1905.95,14462976,642,2390,6049,2875.41988807,15.693143530325456,6.051383018493652,0.2,-0.0006344250189034607,1.294437186555429,0.952130138874054,0.05482954545454546,0.0050554485,6410,0.12681809067726135,0.00015559552,,
1922.15,14485504,643,2392,6054,2908.1852515199994,13.941310006921942,8.355572700500488,0.2,-0.0010936330718157644,1.3032066120342776,0.9291300177574158,0.047563032670454544,0.005381909,6420,0.1255989372730255,0.00015537024000000001,,
1939.57,14508032,644,2393,6060,2916.7717900000002,17.146165719899265,13.520669937133789,0.2,-0.0015528933343541046,1.3052912219004198,0.9508501887321472,0.04769620028409091,0.005320336,6430,0.12636476755142212,0.00015514496,,
,14520000,,,,,23.660466249422594,13.177241325378418,0.2,-0.0018974965844377452,1.2991033925251527,0.9280180931091309,0.031321022727272725,0.004777344,6440,0.12651124596595764,0.00015491968,1833.25,2584.57003145
1921.73,14530560,645,2386,6087,2881.854605,,,,,,,,,,,,,
1934.19,14553088,646,2388,6093,2916.63370207,14.794920714335008,7.2072672843933105,0.2,-0.0014225452114425769,1.3061782918193123,0.9459635615348816,0.04988902698863636,0.004992951,6450,0.1255514919757843,0.00015469439999999998,,
1946.08,14575616,647,2389,6098,2925.4382551,12.787329970706592,6.906970024108887,0.2,-0.0007937500845979561,1.317957441644235,0.9174907207489014,0.05872691761363636,0.006547692,6460,0.12516668438911438,0.00015446912,,
1931.42,14598144,648,2391,6104,2906.9405345500004,18.915859893235293,11.668853759765625,0.2,-0.0018809224508004262,1.308081098578193,0.9204682111740112,0.04883256392045455,0.005235956,6470,0.12643368542194366,0.00015424383999999996,,
1929.94,14620672,649,2392,6110,2881.50887843,15.480360300974413,6.3129401206970215,0.2,-0.0020122257214759223,1.3017454957420176,0.9464672803878784,0.04528586647727273,0.0056519187,6480,0.12608768045902252,0.00015401855999999997,,
,14630000,,,,,15.922426943345503,3.7887861728668213,0.2,-0.0017835221798370847,1.302704536372965,0.9545426368713379,0.052077414772727273,0.00527887,6490,0.1263677179813385,0.00015379327999999996,1907.4,2792.8600213000004
1946.71,14643200,650,2384,6140,2897.6353279100003,,,,,,,,,,,,,
1946.71,14665728,651,2386,6145,2915.2563350500004,9.351489741693843,2.62899112701416,0.2,-0.0014390237597663971,1.2998599656603553,0.9537502527236938,0.06042258522727273,0.0056230593,6500,0.1265353560447693,0.00015356799999999998,,
1934.77,14688256,652,2387,6151,2892.3095336200004,19.15313001762737,11.199015617370605,0.2,-0.0008370226407846944,1.2915336893363432,0.945909857749939,0.03128995028409091,0.0035563156,6510,0.12708380818367004,0.00015334272,,
1953.09,14710784,653,2389,6157,2929.15208531,17.561472161249682,10.343198776245117,0.2,-0.0014479830498616635,1.2920052019032564,0.9438881278038025,0.04258700284090909,0.004544363,6520,0.12660765647888184,0.00015311743999999998,,
1953.09,14733312,654,2390,6162,2922.37640679,20.818380761146546,10.11469554901123,0.2,-0.00189733877513473,1.2939301937818528,0.921160101890564,0.04992009943181818,0.0056783366,6530,0.12692523002624512,0.00015289216,,
,14740000,,,,,22.472263408790933,11.439410209655762,0.2,-0.002161590098032982,1.2897013729268854,0.9070665836334229,0.04390536221590909,0.0043330914,6540,0.1270456463098526,0.00015266688,1924.95,2860.1615071
1953.09,14755840,655,2383,6191,2917.2972016800004,,,,,,,,,,,,,
1953.09,14778368,656,2384,6196,2921.6188735700002,16.953832812742753,8.904176712036133,0.2,-0.0022660279622703622,1.281177563017065,0.9284093379974365,0.07092950994318181,0.006896684,6550,0.1280074119567871,0.0001524416,,
1970.39,14800896,657,2386,6202,2965.36540692,12.328770784898238,4.664487838745117,0.2,-0.0014177767279430886,1.2777187417853961,0.8966120481491089,0.06029385653409091,0.0061559854,6560,0.12757308781147003,0.00015221632,,
1967.99,14823424,658,2387,6207,2949.16776246,20.47865162112496,9.78176212310791,0.2,-0.0012807372785490854,1.2829775896939364,0.91997891664505,0.05174005681818182,0.005425714,6570,0.12739184498786926,0.00015199103999999998,,
1967.99,14845952,659,2389,6213,2950.1927166199994,21.122632510011847,9.6160888671875,0.2,-0.0017556989152746445,1.2800447675314817,0.9468462467193604,0.054989346590909094,0.0058938847,6580,0.12780846655368805,0.00015176576,,
,14850000,,,,,15.618848130919716,6.338833332061768,0.2,-0.001617675106072883,1.2797826528549194,0.937911331653595,0.057803622159090906,0.0058996575,6590,0.12750792503356934,0.00015154047999999995,2000.0,2771.6216318
1967.99,14868480,660,2381,6242,2919.7323525900006,,,,,,,,,,,,,
1979.93,14891008,661,2383,6248,2954.4702804900003,22.58789941072464,6.766058921813965,0.2,-0.0010999014839233661,1.2801449309695851,0.9098901152610779,0.046062677556818185,0.0046518757,6600,0.12782151997089386,0.00015131519999999997,,
1962.24,14913536,662,2384,6253,2930.92659247,16.405391024459494,8.24636459350586,0.2,-0.0010647653250171888,1.273958717692982,0.9372497797012329,0.050945490056818185,0.0056026145,6610,0.12801730632781982,0.00015108991999999999,,
1938.11,14936064,663,2386,6259,2885.3167374700006,26.81261494593187,8.096063613891602,0.2,-0.0012673904754179107,1.273640923337503,0.9300534129142761,0.052547940340909094,0.006454405,6620,0.12787693738937378,0.00015086463999999997,,
1938.11,14958592,664,2387,6265,2887.4410961500002,25.321282935142516,15.272076606750488,0.2,-0.001492559366372668,1.2718409779396924,0.9478490352630615,0.047172407670454546,0.0057447148,6630,0.12843190133571625,0.00015063936,,
,14960000,,,,,17.780471319502052,8.560771942138672,0.2,-0.001421322956395505,1.2667428970336914,0.9107713103294373,0.052188387784090906,0.005495782,6640,0.12843018770217896,0.00015041408,1906.55,2504.46928885
1921.56,14981120,665,2380,6294,2840.45924826,,,,,,,,,,,,,
1941.63,15003648,666,2381,6300,2887.6960137600004,19.92202574231408,4.323843479156494,0.2,-0.0011947324832859026,1.2738269545815208,0.9537729024887085,0.05529563210227273,0.004938358,6650,0.12757807970046997,0.0001501888,,
1941.63,15026176,667,2382,6306,2883.24864555,24.260323719544843,13.189845085144043,0.2,-0.0026777492833471943,1.2792963176965713,0.9231632947921753,0.06319247159090909,0.005402166,6660,0.12790140509605408,0.00014996351999999998,,
1941.63,15048704,668,2383,6312,2909.9809553399996,20.404786427454514,12.950292587280273,0.2,-0.0009148635572108271,1.276207489588044,0.9024845957756042,0.051438210227272727,0.0048349826,6670,0.12796184420585632,0.00014973823999999997,,
,15070000,,,,,17.764806985855103,12.88198471069336,0.2,7.172646953470328e-06,1.2692485042593695,0.940348744392395,0.04016335227272727,0.0041545946,6680,0.1285281479358673,0.00014951296,2000.0,2637.0672778000003
1941.63,15071232,669,2375,6343,2898.37100967,,,,,,,,,,,,,
1941.63,15093760,670,2377,6348,2913.0835625100003,15.076434124599803,6.1560163497924805,0.2,-0.00034409566909413447,1.2735533966259522,0.9313386678695679,0.049724786931818185,0.0035348532,6690,0.12773647904396057,0.00014928767999999998,,
1959.32,15116288,671,2378,6354,2943.5108105199997,18.052408040653575,6.074312210083008,0.2,-0.0010085395891854371,1.2765838999639858,0.9408866763114929,0.03638583096590909,0.0037925327,6700,0.12786711752414703,0.0001490624,,
1983.45,15138816,672,2380,6360,2995.9763323,18.039828086983075,10.36418628692627,0.2,-0.0009844234927599742,1.2833434820175171,0.9346665143966675,0.06511008522727273,0.005706137,6710,0.12688809633255005,0.00014883712,,
1983.45,15161344,673,2381,6366,2995.76819515,18.175188570672816,4.6088690757751465,0.2,-0.002074852380875117,1.2833132112568075,0.9299176931381226,0.04885031960227273,0.0049389917,6720,0.1276949644088745,0.00014861183999999997,,
,15180000,,,,,20.10811291391199,3.9008233547210693,0.2,-0.00034288605198856784,1.2793056208979,0.9256194829940796,0.044482421875,0.005299047,6730,0.1274731159210205,0.00014838655999999998,2000.0,2613.2374133499998
2000.0,15183872,674,2374,6395,3026.3476283400005,,,,,,,,,,,,,
2000.0,15206400,675,2375,6400,3014.0531112800004,20.760282670367847,9.064441680908203,0.2,-0.0014816152027130804,1.2811551329764452,0.9352912902832031,0.04623135653409091,0.0044308496,6740,0.12759584188461304,0.00014816127999999997,,
2000.0,15228928,676,2377,6406,3008.23806804,19.016720945184883,5.637396812438965,0.2,-0.0012319844814059747,1.2783880119973963,0.9362630248069763,0.04690607244318182,0.004126393,6750,0.12783625721931458,0.000147936,,
2000.0,15251456,677,2378,6412,3002.7724080200005,15.416581471399827,4.956980228424072,0.2,-0.0015516329638723453,1.2888437498699534,0.9289371371269226,0.05896661931818182,0.005618917,6760,0.12656652927398682,0.00014771072,,
2000.0,15273984,678,2379,6418,2997.8266529800003,19.030122569474308,13.123292922973633,0.2,-0.0021227986829630524,1.300950050624934,0.9104816317558289,0.06724964488636363,0.006328443,6770,0.12607868015766144,0.00014748544,,
,15290000,,,,,23.751861204884268,6.3979105949401855,0.2,-0.0015331819058205425,1.3067401016300375,0.9002443552017212,0.045840731534090906,0.0044612195,6780,0.1258685439825058,0.00014726015999999998,1902.85,2486.5241837000003
1982.1,15296512,679,2372,6446,2962.8155617099997,,,,,,,,,,,,,
1982.1,15319040,680,2374,6451,2949.45347708,23.292449337785893,14.607765197753906,0.2,-0.0015697652368213643,1.3064101118933071,0.8953210711479187,0.05276100852272727,0.0053312555,6790,0.126063272356987,0.00014703487999999997,,
1982.1,15341568,681,2375,6457,2944.10152282,24.724062921784142,4.279003143310547,0.2,-0.0004367831903933124,1.3050695966590535,0.9150072932243347,0.06905628551136364,0.005174191,6800,0.1260078251361847,0.00014680959999999998,,
1982.1,15364096,682,2377,6462,2942.20788127,31.953428216414018,14.265308380126953,0.2,-0.0016801957625747575,1.309364425052296,0.8904193639755249,0.052099609375,0.0057456535,6810,0.12565112113952637,0.00014658432,,
1982.1,15386624,683,2378,6468,2956.99305221,19.165299943360417,6.068533420562744,0.2,-0.0017464684483870356,1.3063310848041014,0.9156366586685181,0.05594815340909091,0.00504855,6820,0.12623748183250427,0.00014635904,,
,15400000,,,,,19.598743974078786,8.975021362304688,0.2,-0.001258810895061205,1.3023496188900687,0.9091541171073914,0.06257546164772727,0.006722736,6830,0.126081183552742,0.00014613376,2000.0,2655.3206333
1982.1,15409152,684,2371,6497,2950.0676049399995,,,,,,,,,,,,,
1982.1,15431680,685,2372,6503,2958.9190403,25.04279120510275,17.70973777770996,0.2,-0.0009588355941973119,1.299567730047486,0.9118179082870483,0.04549893465909091,0.0050004004,6840,0.1266271471977234,0.00014590847999999997,,
1982.1,15454208,686,2374,6508,2957.91972191,22.79734785665165,11.743422508239746,0.2,-0.0011967638867314567,1.300994770635258,0.8874868750572205,0.05665394176136364,0.0052882046,6850,0.12608933448791504,0.00014568319999999998,,
1982.1,15476736,687,2375,6514,2969.4069719699996,16.78493138226596,7.518233776092529,0.2,-0.002335510094152679,1.3045205958864905,0.924109697341919,0.05518022017045455,0.0041807797,6860,0.12618687748908997,0.00014545792,,
2000.0,15499264,688,2377,6520,3012.8678062800004,17.49813060652126,16.2919979095459,0.2,-0.001065493283782747,1.313548778132959,0.9188289046287537,0.06008966619318182,0.0057238857,6870,0.12498603761196136,0.00014523263999999999,,
,15510000,,,,,21.698038865219463,14.149279594421387,0.2,-0.0015560186470710588,1.3207254347476092,0.8914399743080139,0.06728515625,0.0054180087,6880,0.12531188130378723,0.00014500736,2000.0,2744.6860948
2000.0,15521792,689,2369,6549,3020.9338419700002,,,,,,,,,,,,,
2000.0,15544320,690,2371,6555,3022.0939841499994,20.886397551406514,10.407519340515137,0.2,-0.0014825192039345646,1.3154314745556224,0.896682620048523,0.06551846590909091,0.0073355734,6890,0.12556518614292145,0.00014478208,,
1986.73,15566848,691,2372,6560,3008.19608931,17.048530106111006,4.435239791870117,0.2,-0.0006980915871364149,1.307000544667244,0.9005998373031616,0.056343217329545454,0.004572338,6900,0.12620078027248383,0.00014455679999999998,,
1986.73,15589376,692,2374,6566,3009.01624213,20.11378811706196,6.254141330718994,0.2,-0.0021561503188091925,1.3032318283211102,0.9409226179122925,0.04909446022727273,0.005597439,6910,0.12624947726726532,0.00014433151999999997,,
1982.54,15611904,693,2375,6572,3027.48984643,16.7344142166051,5.899011135101318,0.2,-0.0011687865578675304,1.3064792838963595,0.903515636920929,0.056955788352272725,0.005880597,6920,0.12584510445594788,0.00014410623999999998,,
,15620000,,,,,25.902708825198086,18.682275772094727,0.2,-0.0011554436990991236,1.3050955628806895,0.9132446050643921,0.054869495738636365,0.0046371487,6930,0.1261923611164093,0.00014388096,2000.0,2908.4359641499996
1982.54,15634432,694,2368,6601,3029.6923692500004,,,,,,,,,,,,,
1982.54,15656960,695,2369,6607,3015.8838960200005,24.00203857638619,10.984553337097168,0.2,-0.0008841560436518524,1.3022842905738137,0.9068845510482788,0.050124289772727273,0.005823977,6940,0.1262543499469757,0.00014365567999999999,,
1982.54,15679488,696,2371,6612,3009.122838420001,19.34502847519788,4.982663631439209,0.2,-0.0007427893732462756,1.3074622240933504,0.8833310008049011,0.05313387784090909,0.0048659653,6950,0.12566472589969635,0.0001434304,,
1964.85,15702016,697,2372,6618,2982.225375039999,28.108339790864424,11.364550590515137,0.2,-0.0018952703272754495,1.30920636437156,0.9012132883071899,0.04532137784090909,0.0053705294,6960,0.125953808426857,0.00014320511999999996,,
1935.8,15724544,698,2373,6624,2944.26486223,19.44731549241326,4.448556423187256,0.2,-0.00014464296823875472,1.300973044200377,0.9322205781936646,0.047434303977272725,0.0057260483,6970,0.12664882838726044,0.00014297983999999998,,
,15730000,,,,,16.03506658293984,12.129968643188477,0.2,-0.0012687731293474578,1.2897950901226565,0.9578382968902588,0.04576970880681818,0.0038123152,6980,0.1274348497390747,0.00014275456,2000.0,2910.6086565999994
1933.84,15747072,699,2366,6653,2945.81001233,,,,,,,,,,,,,
1933.84,15769600,700,2368,6658,2953.93049583,28.974067770351063,11.677090644836426,0.2,-0.0007571743143754164,1.283411970463666,0.9304060339927673,0.034947620738636366,0.0037983381,6990,0.1274440884590149,0.00014252927999999998,,
1933.84,15792128,701,2369,6664,2939.49473452,33.769029168649155,7.688148498535156,0.2,-0.0014895615715596994,1.2766492946581407,0.8909246921539307,0.04543678977272727,0.0044260654,7000,0.12827758491039276,0.000142304,,
1938.03,15814656,702,2371,6669,2927.93431739,27.773028577457776,18.40692710876465,0.2,-0.0014431298744801264,1.2725746406750245,0.9100160002708435,0.04893022017045454,0.004366253,7010,0.12805376946926117,0.00014207872000000001,,
1938.03,15837184,703,2372,6675,2944.5935636800004,22.71197170344266,8.037266731262207,0.2,6.0827188744125044e-05,1.2774545309218492,0.8909619450569153,0.04501953125,0.005095753,7020,0.12753762304782867,0.00014185343999999998,,
,15840000,,,,,31.148099467971107,12.093615531921387,0.2,-0.001227582140233029,1.2853205491196025,0.9165852665901184,0.03760209517045455,0.003688889,7030,0.12718787789344788,0.00014162816,2000.0,2971.4177243500003
1895.73,15859712,704,2365,6704,2867.64352369,,,,,,,,,,,,,
1913.42,15882240,705,2366,6710,2916.2954072299995,31.363516835732895,13.781173706054688,0.2,-0.0009507010233144021,1.288880303773013,0.9368873238563538,0.034947620738636366,0.0039017298,7040,0.12706176936626434,0.00014140287999999998,,
1928.69,15904768,706,2368,6715,2937.1627404999995,16.793292381546713,14.147281646728516,0.2,-0.0015050502255855298,1.28472265411507,0.9070709943771362,0.06216708096590909,0.0060838237,7050,0.12762956321239471,0.0001411776,,
1942.47,15927296,707,2369,6721,2938.2788962499994,29.136011052131654,20.88347053527832,0.2,-0.0015262607976513787,1.2859750121831894,0.9165251851081848,0.044122869318181816,0.004733406,7060,0.12695613503456116,0.00014095231999999998,,
1957.7,15949824,708,2370,6727,2966.4083888399996,16.37359542088075,3.602245330810547,0.2,-0.0012474174772664397,1.2887174606323242,0.93597412109375,0.05893998579545454,0.0047599003,7070,0.1274944543838501,0.00014072704,,
,15950000,,,,,20.617979815873234,9.479058265686035,0.2,-0.001151226391745943,1.2827549229968678,0.9244459867477417,0.07010387073863636,0.005144142,7080,0.1276722550392151,0.00014050176,2000.0,2878.7571183499995
1957.7,15972352,709,2364,6756,2968.0112640200005,,,,,,,,,,,,,
1957.7,15994880,710,2365,6761,2977.43000717,18.544623998078432,4.680154323577881,0.2,-0.0021223399143888277,1.2822323322296143,0.923961341381073,0.06934037642045454,0.0072476296,7090,0.12736433744430542,0.00014027647999999998,,
1957.7,16017408,711,2366,6767,2985.78945325,23.71881785392761,13.797548294067383,0.2,-0.0017451932907781818,1.2812755809588865,0.914461612701416,0.06100852272727273,0.0061849384,7100,0.12790705263614655,0.0001400512,,
1975.28,16039936,712,2368,6773,3020.28366527,21.527129924297334,15.996444702148438,0.2,-0.0005978597915435041,1.2691533421928232,0.9236772060394287,0.05531782670454546,0.0041614976,7110,0.1288633644580841,0.00013982591999999998,,
,16060000,,,,,26.94998198639263,16.39366912841797,0.2,-0.0009582922188035974,1.2637080831961198,0.90040522813797,0.048304332386363634,0.00500895,7120,0.1285243183374405,0.00013960064,2000.0,2711.07927465
2000.0,16062464,713,2361,6802,3062.4854208600004,,,,,,,,,,,,,
2000.0,16084992,714,2362,6808,3054.2176100300003,25.514528301629152,6.075730800628662,0.2,-0.0015104335780382495,1.2655342001806607,0.926204264163971,0.04405184659090909,0.0053257514,7130,0.12870758771896362,0.00013937536,,
2000.0,16107520,715,2363,6813,3048.8019723799994,18.68888166926124,8.786534309387207,0.2,-0.0003580384222335521,1.2602164222435517,0.9091715216636658,0.04908114346590909,0.0049407366,7140,0.12914392352104187,0.00013915007999999997,,
2000.0,16130048,716,2365,6819,3061.98449014,23.81125156987797,7.861329555511475,0.2,-0.0015825427421739071,1.2475383869626306,0.8909374475479126,0.050492720170454544,0.005744211,7150,0.13036301732063293,0.0001389248,,
1982.58,16152576,717,2365,6826,3009.0526040800005,18.29601383967833,6.941157341003418,0.2,-0.0012176993052972565,1.2345034287734464,0.9307783246040344,0.06064009232954545,0.00578243,7160,0.13083100318908691,0.00013869951999999998,,
,16170000,,,,,22.13874696601521,8.7843599319458,0.2,-0.0019988059940673833,1.2221630776470358,0.9375573992729187,0.05017311789772727,0.004667435,7170,0.13187305629253387,0.00013847424,2000.0,2785.18687455
1982.58,16175104,718,2358,6856,3020.2868825000005,,,,,,,,,,,,,
1982.58,16197632,719,2360,6862,3006.777034059999,23.761955326253716,22.000303268432617,0.2,-0.0005435296646530994,1.2104757758704099,0.9160221815109253,0.058935546875,0.004359611,7180,0.13242937624454498,0.00013824896,,
1982.58,16220160,720,2361,6867,2998.0562596399996,18.814475060592997,4.037779808044434,0.2,-0.0009939224498917941,1.2108158141374588,0.9264813661575317,0.04054509943181818,0.0047545694,7190,0.13197708129882812,0.00013802368,,
1982.58,16242688,721,2363,6873,3016.8256780300003,22.50861297087236,5.45449161529541,0.2,-0.0009760958157130517,1.218555505980145,0.9049401879310608,0.06445756392045454,0.0052665863,7200,0.1313423365354538,0.00013779839999999998,,
1982.58,16265216,722,2364,6879,3005.30198206,24.509520421244883,14.286283493041992,0.2,-0.0007806431663497774,1.222539472309026,0.9232624769210815,0.04636452414772727,0.0059394226,7210,0.13153734803199768,0.00013757311999999997,,
,16280000,,,,,18.048538238351995,8.69742488861084,0.2,-0.0005120253567425111,1.221926226941022,0.9291954040527344,0.05712446732954545,0.0062730596,7220,0.1312514841556549,0.00013734784,2000.0,2871.484984
1982.58,16287744,723,2357,6908,2990.3749602099997,,,,,,,,,,,,,
1982.58,16310272,724,2358,6914,2991.1197397299998,26.05657251964916,14.387616157531738,0.2,-0.0017878519260028209,1.2183612625707279,0.9285095930099487,0.056449751420454546,0.0056126923,7230,0.13207241892814636,0.00013712256,,
1975.74,16332800,725,2360,6920,2997.7557360399996,25.580241989005696,9.45034122467041,0.2,-0.0016731203632926652,1.2148843250491403,0.9167708158493042,0.05997425426136364,0.006376192,7240,0.13188177347183228,0.00013689728,,
1993.16,16355328,726,2361,6925,3051.1993691000007,27.85204695896669,11.730988502502441,0.2,-0.0021641590113920923,1.210932317647067,0.9300829172134399,0.054026100852272725,0.005648103,7250,0.13250255584716797,0.000136672,,
1993.16,16377856,727,2362,6931,3043.69862123,24.18347049409693,17.592939376831055,0.2,-0.0011737795070406389,1.2015107569369403,0.9327757358551025,0.05,0.0053286473,7260,0.13286259770393372,0.00013644671999999997,,
,16390000,,,,,24.54181216955185,11.936893463134766,0.2,-0.0016368517660091378,1.2030688879164781,0.9287016987800598,0.06795987215909091,0.006666012,7270,0.13247498869895935,0.00013622143999999999,2000.0,2964.5517228999997
1993.16,16400384,728,2356,6960,3051.5515614299993,,,,,,,,,,,,,
1993.16,16422912,729,2357,6966,3050.88334829,20.08700326572765,15.268389701843262,0.2,-0.0010451636599927124,1.21200916279446,0.922633707523346,0.05764825994318182,0.005168287,7280,0.13176777958869934,0.00013599615999999997,,
1993.16,16445440,730,2358,6971,3029.4925348199995,26.45982056531039,12.469169616699219,0.2,-0.0012618832967498086,1.219523203102025,0.8972576856613159,0.05381747159090909,0.005124791,7290,0.13137298822402954,0.00013577088,,
1993.16,16467968,731,2360,6977,3044.64601042,20.75341925729405,6.621832370758057,0.2,-0.001198866954126226,1.2198192550377411,0.9182301163673401,0.05713778409090909,0.005140836,7300,0.13167870044708252,0.0001355456,,
1993.16,16490496,732,2361,6983,3059.8491527,22.442237309976058,17.616432189941406,0.2,-0.0009496315672797871,1.2149480548771945,0.9143049120903015,0.062451171875,0.005432956,7310,0.13192181289196014,0.00013532032,,
,16500000,,,,,24.12278435013511,8.353763580322266,0.2,-0.001730467820413072,1.2075641496614977,0.9085977077484131,0.06424449573863636,0.0076009617,7320,0.13258403539657593,0.00013509503999999998,2000.0,2903.70399325
1993.16,16513024,733,2354,7012,3043.9325821700004,,,,,,,,,,,,,
1999.23,16535552,734,2356,7017,3031.64771023,27.736155024441807,11.208005905151367,0.2,-0.0012902703707699072,1.2032780541615054,0.9136179089546204,0.045827414772727275,0.004670276,7330,0.13272298872470856,0.00013486975999999997,,
2000.0,16558080,735,2357,7023,3006.8633139599992,26.786001573909413,16.90857696533203,0.2,-0.0013356404143533753,1.1949868416244334,0.9224880933761597,0.04495294744318182,0.0049191876,7340,0.13362494111061096,0.00013464448,,
2000.0,16580608,736,2358,7029,3008.1179726299997,20.502081484144384,6.971731185913086,0.2,-0.0008264948828251694,1.20083609494296,0.9293386340141296,0.05443892045454545,0.0070533846,7350,0.13233573734760284,0.0001344192,,
2000.0,16603136,737,2360,7035,2990.33452869,34.1108916867863,11.624040603637695,0.2,-0.0013323114076311785,1.2092301447283138,0.881226122379303,0.04690163352272727,0.0045176116,7360,0.1320597529411316,0.00013419392,,
,16610000,,,,,18.539926945079458,7.689661026000977,0.2,-0.0012308951959394934,1.2141150412234394,0.9283174276351929,0.0638671875,0.005606712,7370,0.1318228840827942,0.00013396864,2000.0,2955.54708435
2000.0,16625664,738,2353,7064,2988.4783924000008,,,,,,,,,,,,,
2000.0,16648192,739,2354,7069,2993.04557528,22.602571938254616,7.263952732086182,0.2,-0.0012515093697319654,1.2153839501467618,0.9064924716949463,0.05643643465909091,0.0055490457,7380,0.13185438513755798,0.00013374335999999997,,
2000.0,16670720,740,2356,7075,2995.0542876699997,22.785608144239944,11.791893005371094,0.2,-0.0015479577726430513,1.2097180607643994,0.9050102233886719,0.05627219460227273,0.0063185366,7390,0.13256561756134033,0.00013351807999999998,,
2000.0,16693248,741,2357,7081,2980.8179881400006,18.23700889565728,6.675665855407715,0.2,-0.002432640557791191,1.2031092603098263,0.9242433309555054,0.05521573153409091,0.005703472,7400,0.1329478919506073,0.0001332928,,
2000.0,16715776,742,2358,7087,2982.53174897,28.465760518204082,9.771814346313477,0.2,-0.00019004958369557492,1.1973426179452376,0.9159373044967651,0.035986328125,0.003983944,7410,0.1332395374774933,0.00013306752,,
,16720000,,,,,22.63286529345946,6.809787273406982,0.2,-0.0006302802172616463,1.188477527553385,0.9151638746261597,0.04270241477272727,0.0044701486,7420,0.13394515216350555,0.00013284224,2000.0,2873.13064305
2000.0,16738304,743,2352,7116,2988.54943906,,,,,,,,,,,,,
2000.0,16760832,744,2353,7121,2987.3540638100008,15.752238548885693,5.927382469177246,0.2,-0.0007938969830072231,1.1804209440946578,0.9377588033676147,0.06505681818181819,0.00503347,7430,0.13449403643608093,0.00013261695999999996,,
2000.0,16783360,745,2354,7127,2992.1403641999996,15.879012408039786,4.100976467132568,0.2,-0.002113038064933128,1.1758365511894227,0.9583622217178345,0.05709783380681818,0.0065869917,7440,0.13459187746047974,0.00013239167999999998,,
2000.0,16805888,746,2356,7132,3008.911847199999,16.544492425159973,4.381568908691406,0.2,-0.0011960346119436012,1.176417229663242,0.9298443794250488,0.05456321022727273,0.006150819,7450,0.13418017327785492,0.0001321664,,
2000.0,16828416,747,2357,7138,3011.3216444299997,24.056185048276728,9.756977081298828,0.2,-0.0014594329275000332,1.1787514689293774,0.9037293791770935,0.05111860795454545,0.006395496,7460,0.13432571291923523,0.00013194111999999998,,
,16830000,,,,,20.482440356774763,8.756434440612793,0.2,-0.0020483927528733726,1.166991537809372,0.9015480875968933,0.05460316051136364,0.0054431604,7470,0.13592058420181274,0.00013171584,2000.0,2786.97340895
2000.0,16850944,748,2350,7167,3013.0600499599996,,,,,,,,,,,,,
2000.0,16873472,749,2352,7173,3001.58380918,20.427176943692295,13.778602600097656,0.2,-0.0011934440963986244,1.1603624736720866,0.9176567792892456,0.046630859375,0.0044737975,7480,0.1352369785308838,0.00013149056,,
2000.0,16896000,750,2353,7178,3021.182696080001,18.58031668879769,4.332369804382324,0.2,-0.0013163647971602833,1.1638255495916714,0.9224328398704529,0.04775390625,0.0049160463,7490,0.13531383872032166,0.00013126527999999998,,
2000.0,16918528,751,2354,7184,3025.3566859000002,18.083107822591607,9.85794734954834,0.2,-0.00092664959163151,1.1601324669339441,0.9110591411590576,0.03651899857954546,0.004158535,7500,0.13571104407310486,0.00013103999999999997,,
,16940000,,,,,18.549025482481177,4.288105010986328,0.2,-0.0015007313555212352,1.1585424263368953,0.907960057258606,0.048517400568181816,0.0035382747,7510,0.13550159335136414,0.00013081471999999998,2000.0,2874.5173975999996
2000.0,16941056,752,2348,7214,3019.7587079600007,,,,,,,,,,,,,
2000.0,16963584,753,2349,7219,3034.8518045100004,24.86581550511447,11.193416595458984,0.2,-0.0019364629361503334,1.167917262153192,0.9119719862937927,0.04726118607954546,0.0047579356,7520,0.13453605771064758,0.00013058944,,
2000.0,16986112,754,2350,7225,3032.94592212,18.240885956720874,11.76575756072998,0.2,-0.0006901166004933078,1.1760752136057073,0.9264876246452332,0.03136541193181818,0.003446758,7530,0.13436183333396912,0.00013036415999999998,,
2000.0,17008640,755,2352,7230,3010.4507157,23.944468786499716,9.398940086364746,0.2,-0.001417991833163383,1.176846499063752,0.8851699233055115,0.045592151988636365,0.0043355683,7540,0.13452711701393127,0.00013013888,,
2000.0,17031168,756,2353,7236,3008.2695850600007,22.411744489453056,15.116125106811523,0.2,-0.0014213468395279383,1.172636501626535,0.8927798271179199,0.047536399147727275,0.0055248,7550,0.13479569554328918,0.00012991359999999996,,
,17050000,,,,,18.266314510865644,13.363120079040527,0.2,-0.0007817469547841359,1.1693180685693567,0.8796753883361816,0.055029296875,0.0063079866,7560,0.1349848210811615,0.00012968831999999998,2000.0,2724.0521431499997
2000.0,17053696,757,2347,7265,2993.2119003099997,,,,,,,,,,,,,
2000.0,17076224,758,2348,7271,2977.0444792499998,25.489396134289827,13.530263900756836,0.2,-0.001074705209678293,1.1650269638408315,0.8816821575164795,0.05263227982954546,0.004845097,7570,0.13533934950828552,0.00012946304,,
1982.05,17098752,759,2349,7276,2935.55402727,18.213325968655674,5.048343181610107,0.2,-0.0015529041678581218,1.1669853633100336,0.8964679837226868,0.05471413352272727,0.0052687526,7580,0.13487589359283447,0.00012923775999999998,,
1982.05,17121280,760,2351,7282,2936.94571155,17.363287997245788,7.932926177978516,0.2,-0.0013504846555985172,1.1693097274411808,0.9110473394393921,0.06373401988636364,0.0049951444,7590,0.13496741652488708,0.00012901248,,
1982.05,17143808,761,2352,7288,2930.3898466499995,19.466181768070566,16.399478912353516,0.2,-0.001913038467649709,1.1620756821198897,0.8725476264953613,0.06003196022727273,0.0051967395,7600,0.13589969277381897,0.0001287872,,
,17160000,,,,,20.07599903236736,9.427077293395996,0.2,-0.0018081132573901082,1.1516155047850176,0.8984181880950928,0.04616921164772727,0.0048360783,7610,0.13644805550575256,0.00012856191999999997,2000.0,2762.4099099500004
1982.05,17166336,762,2345,7317,2909.0693090999994,,,,,,,,,,,,,
1982.05,17188864,763,2347,7322,2926.1709596899996,21.05458805994554,12.57109546661377,0.2,-0.0011525778414745052,1.1514708323912186,0.8742660880088806,0.046839488636363634,0.004442947,7620,0.13600943982601166,0.00012833664,,
1982.05,17211392,764,2348,7328,2931.9436460200004,23.166856555505234,6.346272945404053,0.2,-0.001593464118460278,1.1521268836476586,0.8783174157142639,0.03599076704545454,0.0047720163,7630,0.1361965537071228,0.00012811135999999998,,
1975.77,17233920,765,2349,7334,2916.8255908000006,21.959695760770277,10.684110641479492,0.2,-0.002217916260865009,1.1426707565784455,0.9235976934432983,0.03706942471590909,0.0047651217,7640,0.13730376958847046,0.00012788608,,
1975.77,17256448,766,2351,7339,2909.5663997799998,20.55462739684365,15.948553085327148,0.2,-0.0018594622844830156,1.1298551283099434,0.9150731563568115,0.04756747159090909,0.004128952,7650,0.13794508576393127,0.0001276608,,
,17270000,,,,,17.034225434606725,8.120750427246094,0.2,-0.0018773750296201218,1.1312970649112355,0.8892802000045776,0.037309126420454544,0.004084931,7660,0.13718268275260925,0.00012743552,2000.0,2742.7493945
1993.72,17278976,767,2344,7369,2959.0171931099994,,,,,,,,,,,,,
1993.72,17301504,768,2346,7374,2974.2319530299997,15.915837207707492,5.610100746154785,0.2,-0.0022235809846527198,1.1410687441175633,0.9129505753517151,0.053666548295454544,0.005942686,7670,0.1366358995437622,0.00012721023999999999,,
1993.72,17324032,769,2347,7381,2981.73325449,20.886461691422895,7.333947658538818,0.2,-0.0016396436144449664,1.1429071152752095,0.9011130332946777,0.04209428267045454,0.004998175,7680,0.13678263127803802,0.00012698495999999997,,
1993.72,17346560,770,2348,7386,2982.36666081,25.176055773821744,12.501707077026367,0.2,-0.002130672916642983,1.1398456652056088,0.9032000303268433,0.03772194602272727,0.0045261737,7690,0.13708586990833282,0.00012675968,,
1993.72,17369088,771,2349,7393,2984.7545182900003,18.76079125621102,7.196460723876953,0.2,-0.0017839364453472873,1.1369673894210295,0.9149348139762878,0.045854048295454544,0.004693453,7700,0.13728028535842896,0.00012653439999999998,,
,17380000,,,,,24.753245045922018,13.897921562194824,0.2,-0.00267319632508919,1.1343416419896213,0.9019150137901306,0.06317915482954546,0.005027291,7710,0.13734117150306702,0.00012630912,2000.0,2945.7197766
1993.72,17391616,772,2343,7422,2982.32923669,,,,,,,,,,,,,
2000.0,17414144,773,2344,7428,2995.34578148,17.548426883870906,6.854804992675781,0.2,-0.0014089998704465952,1.1367837548255921,0.9121594429016113,0.05503373579545454,0.005484594,7720,0.13713334500789642,0.00012608384,,
2000.0,17436672,774,2345,7433,2998.9552283299995,19.924751806259156,7.987358093261719,0.2,-0.0015548692285929891,1.1334517161954534,0.9129909873008728,0.044992897727272725,0.0046175322,7730,0.13745929300785065,0.00012585855999999997,,
2000.0,17459200,775,2346,7439,3006.09544811,17.207422229376707,5.549571514129639,0.2,-0.0013461856068302453,1.1299852837215771,0.9343745708465576,0.05434126420454546,0.003994833,7740,0.13776719570159912,0.00012563328,,
2000.0,17481728,776,2348,7445,3001.47959047,22.44781807119196,11.152952194213867,0.2,-0.0018531719147259454,1.1294924706220626,0.9049334526062012,0.042653586647727275,0.0044222735,7750,0.13770684599876404,0.00012540799999999998,,
,17490000,,,,,24.97153577371077,12.179781913757324,0.2,-0.0015593597170663997,1.1277701204473323,0.9108719825744629,0.041086647727272725,0.0039603207,7760,0.13783016800880432,0.00012518272,2000.0,2961.2152570999997
2000.0,17504256,777,2341,7474,2970.7269623,,,,,,,,,,,,,
2000.0,17526784,778,2343,7479,2958.7309522100004,25.60559620098634,17.225746154785156,0.2,-0.001859128711194816,1.1228361110795628,0.9129757881164551,0.05166903409090909,0.0048936377,7770,0.13824757933616638,0.00012495744,,
2000.0,17549312,779,2344,7485,2939.8107098900005,23.24778243520043,8.511978149414062,0.2,-0.0015618792830289086,1.1130025709217244,0.9124780297279358,0.044606711647727275,0.004248459,7780,0.13924789428710938,0.00012473216,,
2000.0,17571840,780,2345,7490,2937.8429608899996,28.432392770593818,9.9061918258667,0.2,-0.0014554691448045724,1.1077358944849534,0.9015656113624573,0.03781960227272727,0.0048967106,7790,0.13897547125816345,0.00012450687999999998,,
1987.52,17594368,781,2346,7496,2922.01319059,23.920501397956503,10.265990257263184,0.2,-0.002193196965328587,1.1055238553068854,0.9057298898696899,0.06535422585227273,0.006980914,7800,0.13958010077476501,0.00012428159999999997,,
,17600000,,,,,21.598386883735657,15.30959701538086,0.2,-0.0013835301776204936,1.0992714201862162,0.9350239038467407,0.046342329545454544,0.00537607,7810,0.1398601531982422,0.00012405632,2000.0,2791.76348725
1987.52,17616896,782,2340,7526,2943.068551199999,,,,,,,,,,,,,
1987.52,17639424,783,2341,7532,2945.7970844399997,21.023787724971772,16.773509979248047,0.2,-0.0017083034112478014,1.0947834955020384,0.928820788860321,0.038263494318181816,0.004492276,7820,0.14021563529968262,0.00012383104,,
1987.52,17661952,784,2343,7537,2963.19500139,23.07116392850876,9.047120094299316,0.2,-0.0019963296164695003,1.090772424231876,0.9147956371307373,0.05967684659090909,0.0052371067,7830,0.1405278444290161,0.00012360576,,
1987.52,17684480,785,2344,7543,2951.4275731199996,23.52256342714483,12.301511764526367,0.2,-0.0020321295681324874,1.0862038999795913,0.9175606369972229,0.043736683238636366,0.0040505906,7840,0.14065933227539062,0.00012338048,,
1987.52,17707008,786,2345,7549,2968.5058247899997,24.569587071375413,9.710466384887695,0.2,-0.001585365843096621,1.0824376279657537,0.9145023226737976,0.04190784801136364,0.003906095,7850,0.1411130428314209,0.00012315519999999997,,
,17710000,,,,,19.719540485468777,6.521485328674316,0.2,-0.001891458345132626,1.0808454437689348,0.879761815071106,0.054869495738636365,0.0057023186,7860,0.14095944166183472,0.00012292991999999998,2000.0,2829.8941050500002
1987.52,17729536,787,2339,7578,2991.6994896099995,,,,,,,,,,,,,
1987.52,17752064,788,2340,7583,3012.0669454199997,20.83719092607498,9.302119255065918,0.2,-0.0010130398806226864,1.0798820062117143,0.9095578789710999,0.04208096590909091,0.005057136,7870,0.14108657836914062,0.00012270464,,
2000.0,17774592,789,2342,7589,3029.6708692400007,17.715426858988675,8.201587677001953,0.2,-0.0012151545302582565,1.0805670153010976,0.9230886697769165,0.055739524147727273,0.0081691425,7880,0.14107298851013184,0.00012247936,,
2000.0,17797120,790,2343,7594,3006.884168529999,18.684182903983377,10.777828216552734,0.2,-0.0016118915124521168,1.0832193724133752,0.9174568057060242,0.05140269886363636,0.006052706,7890,0.1407097578048706,0.00012225408,,
1982.18,17819648,791,2344,7600,2960.3156543799996,21.70669713128697,12.791413307189941,0.2,-0.0012530029785755852,1.0824859483675524,0.9145183563232422,0.039018110795454544,0.0038965254,7900,0.14101845026016235,0.0001220288,,
,17820000,,,,,16.819718912514773,10.758082389831543,0.2,-0.0005932053402912887,1.0720734344287353,0.9313406944274902,0.04308416193181818,0.0043373276,7910,0.14220289885997772,0.00012180351999999998,2000.0,3013.9277137500003
1982.18,17842176,792,2338,7630,2964.6961682300007,,,,,,,,,,,,,
1982.18,17864704,793,2339,7635,2971.32744972,16.43239670233293,9.439391136169434,0.2,-0.001210253516381437,1.0695720607584174,0.9229937195777893,0.05336026278409091,0.0045933444,7920,0.14154234528541565,0.00012157823999999998,,
1982.18,17887232,794,2340,7641,2972.1916176699997,18.670851940458473,4.9897589683532715,0.2,-0.00168188473273238,1.0779098464684054,0.919493556022644,0.047434303977272725,0.0055626906,7930,0.14113318920135498,0.00012135295999999999,,
1982.18,17909760,795,2342,7646,2954.56450692,20.731012910062617,7.877807140350342,0.2,-0.0016885526748823892,1.0794114549051632,0.9225835800170898,0.03872514204545455,0.0046684127,7940,0.1412535011768341,0.00012112767999999999,,
,17930000,,,,,22.759264919974587,8.954075813293457,0.2,-0.001877653442683037,1.0778242845426906,0.9199607968330383,0.04258700284090909,0.004372839,7950,0.14121370017528534,0.0001209024,2000.0,3155.32105885
1982.18,17932288,796,2335,7676,2940.1641146100005,,,,,,,,,,,,,
1982.18,17954816,797,2337,7682,2922.9525796700013,22.533235547759315,14.805768013000488,0.2,-0.0008505135293076322,1.07873291535811,0.925987958908081,0.03711825284090909,0.0037595616,7960,0.14102324843406677,0.00012067712,,
1982.18,17977344,798,2338,7687,2914.6212503299994,23.47358998818831,11.501252174377441,0.2,-0.0009465683323056014,1.081790549104864,0.9102602601051331,0.037189275568181815,0.004039385,7970,0.14099836349487305,0.00012045183999999998,,
1982.18,17999872,799,2339,7693,2932.3943008100005,17.60540480288592,5.56864595413208,0.2,-0.001694539689924568,1.081137450445782,0.9306397438049316,0.045818536931818185,0.0049796226,7980,0.1409795582294464,0.00012022655999999998,,
2000.0,18022400,800,2340,7698,2955.7455923,14.787227537415244,8.038772583007812,0.2,-0.0019323012519056315,1.0840065376325088,0.9244146347045898,0.04421164772727273,0.0047513726,7990,0.14071542024612427,0.00012000127999999998,,
,18040000,,,,,19.44021423404867,4.840742111206055,0.2,-0.0011165878756649115,1.081547072800723,0.9110662341117859,0.04526811079545454,0.0048178826,8000,0.1411566138267517,0.000119776,2000.0,3140.3573425500003
2000.0,18044928,801,2334,7728,2944.89306155,,,,,,,,,,,,,
2000.0,18067456,802,2335,7735,2941.06422666,20.313676208799535,7.9024128913879395,0.2,-0.0016423744199776345,1.0807097191160375,0.923485279083252,0.04592063210227273,0.0051809754,8010,0.14096686244010925,0.00011955072,,
2000.0,18089984,803,2337,7740,2950.80536035,16.129655477133664,8.490704536437988,0.2,-0.0012173996084708383,1.0743845538659529,0.9256835579872131,0.042036576704545456,0.0049387245,8020,0.14191465079784393,0.00011932544,,
2000.0,18112512,804,2338,7746,2954.1275248899997,19.05328107963909,10.421706199645996,0.2,-0.0012036069558234886,1.07121701836586,0.9265696406364441,0.03664328835227273,0.004665198,8030,0.14144030213356018,0.00011910015999999998,,
2000.0,18135040,805,2339,7752,2971.5747508100003,18.34499269398776,6.639665126800537,0.2,-0.001788344677400098,1.0769561057740993,0.9333252906799316,0.03465909090909091,0.004211168,8040,0.14108088612556458,0.00011887487999999998,,
,18150000,,,,,10.596305168216878,3.275550365447998,0.2,-0.0018617686177921397,1.0811229773543098,0.9502076506614685,0.05270330255681818,0.004828796,8050,0.14101210236549377,0.00011864959999999998,2000.0,3162.50396035
2000.0,18157568,806,2333,7781,2979.9691642200005,,,,,,,,,,,,,
2000.0,18180096,807,2334,7787,3005.6047853,19.009968014196915,11.427343368530273,0.2,-0.0017032409125187604,1.0846242186698047,0.9380229711532593,0.04810014204545455,0.004325233,8060,0.1405509114265442,0.00011842432,,
2000.0,18202624,808,2335,7792,3009.73187054,12.96660320162773,8.42437744140625,0.2,-0.0013454004889354109,1.0897136135534806,0.9300730228424072,0.04239612926136364,0.0049762977,8070,0.14025679230690002,0.00011819904,,
1981.86,18225152,809,2336,7798,2982.7405296,24.1767401045019,13.349559783935547,0.2,-0.0013415971958734604,1.0935833963480863,0.9164311289787292,0.03518732244318182,0.003932573,8080,0.13990718126296997,0.00011797376,,
1981.86,18247680,810,2338,7804,2973.96778567,21.00151815956289,12.546582221984863,0.2,-0.0023912385502957148,1.0920326316898519,0.9242241978645325,0.05428799715909091,0.0064116153,8090,0.14055564999580383,0.00011774847999999998,,
,18260000,,,,,22.05895984281193,10.291443824768066,0.2,-0.0014757539513415064,1.0849555589935995,0.9230207204818726,0.03469016335227273,0.004293877,8100,0.14085222780704498,0.00011752319999999998,2000.0,3141.0624705
1981.86,18270208,811,2331,7834,2947.52160839,,,,,,,,,,,,,
1981.86,18292736,812,2333,7840,2937.2057406700005,22.63910905447873,2.3815388679504395,0.2,-0.0015078433985102244,1.0750944942235947,0.9109759330749512,0.046200284090909094,0.0057529197,8110,0.14193618297576904,0.00011729792,,
1981.86,18315264,813,2334,7845,2963.24372914,13.25452633445913,10.756060600280762,0.2,-0.002317221850601279,1.0652733577923341,0.9542413353919983,0.04819779829545454,0.005579993,8120,0.14225786924362183,0.00011707264,,
1981.86,18337792,814,2335,7851,2979.62756817,15.138953241434963,3.5955770015716553,0.2,-0.0017064499052304944,1.0698576626452532,0.9197329878807068,0.054234730113636366,0.005340465,8130,0.14150521159172058,0.00011684736,,
1981.86,18360320,815,2336,7857,2950.8365961800005,20.22099795449864,5.65155553817749,0.2,-0.0017778546503078277,1.0700352267785507,0.9327932000160217,0.04906782670454545,0.005395794,8140,0.14198195934295654,0.00011662207999999997,,
,18370000,,,,,17.811864304542542,16.993064880371094,0.2,-0.0011037021604186686,1.0642834040251645,0.906270444393158,0.040576171875,0.004778001,8150,0.1424235701560974,0.00011639679999999998,2000.0,3102.28702945
1981.86,18382848,816,2330,7886,2938.5036321800003,,,,,,,,,,,,,
1981.86,18405376,817,2332,7892,2918.4295075,26.43816981315613,9.165796279907227,0.2,-0.0014904977057912303,1.058199839700352,0.8880525827407837,0.04110884232954545,0.0046164207,8160,0.142761692404747,0.00011617151999999998,,
1980.89,18427904,818,2333,7897,2923.1971917499986,12.872201937978918,4.790107250213623,0.2,-0.00247713121088137,1.055153176188469,0.9180594682693481,0.05798117897727273,0.005812074,8170,0.14293316006660461,0.00011594624,,
1980.89,18450432,819,2334,7903,2946.91708965,18.66088998967951,9.2189302444458,0.2,-0.0023638715692372485,1.049346539107236,0.9437364339828491,0.03563565340909091,0.00423571,8180,0.14362123608589172,0.00011572096,,
1980.89,18472960,820,2335,7908,2984.16076431,14.646278119629079,2.049091100692749,0.2,-0.0008694840882857203,1.0466820456764914,0.9412919878959656,0.033393998579545454,0.0042963186,8190,0.14325319230556488,0.00011549568,,
,18480000,,,,,20.302610583738847,10.759739875793457,0.2,-0.0016028556435644119,1.043802744421092,0.9025927782058716,0.03536044034090909,0.0042200065,8200,0.14399699866771698,0.00011527039999999997,2000.0,3140.4064749500003
1980.89,18495488,821,2329,7938,2977.5768272500004,,,,,,,,,,,,,
1980.89,18518016,822,2331,7943,2967.726467290001,21.166256302053277,9.166396141052246,0.2,-0.0010362378893081438,1.0385390893979507,0.8929082751274109,0.03932883522727273,0.003431529,8210,0.14401093125343323,0.00011504511999999998,,
1980.89,18540544,823,2332,7949,2953.4950050599996,11.594877564365214,2.990248203277588,0.2,-0.0009533500645457851,1.0392460565675388,0.947329580783844,0.03480113636363636,0.0063106176,8220,0.14410331845283508,0.00011481983999999999,,
1980.89,18563072,824,2333,7954,2968.7612582999996,27.36200142990459,17.95635414123535,0.2,-0.0012759379262041132,1.0397189329970966,0.8788970708847046,0.04012784090909091,0.0042292904,8230,0.14385785162448883,0.00011459455999999999,,
1980.89,18585600,825,2334,7960,2966.9719222199997,32.54244550574909,22.722896575927734,0.2,-0.001505053169834851,1.0408067976886577,0.8916135430335999,0.03929776278409091,0.0038766945,8240,0.14402161538600922,0.00011436928,,
,18590000,,,,,26.37260167056864,15.036336898803711,0.2,-0.002004530613405884,1.0379109076478266,0.9068377017974854,0.04870383522727273,0.004728605,8250,0.1442376971244812,0.000114144,2000.0,3247.41520915
1962.75,18608128,826,2329,7989,2967.244234,,,,,,,,,,,,,
1981.86,18630656,827,2330,7995,2994.36073166,26.889050607247786,6.659734725952148,0.2,-0.0016325217721962625,1.0302304262464697,0.9318122267723083,0.038383345170454546,0.004510699,8260,0.1451328545808792,0.00011391871999999997,,
1976.91,18653184,828,2331,8000,2980.392577389999,20.5537729436701,9.03373908996582,0.2,-0.0016363258597927846,1.0258525834842163,0.9117562770843506,0.03854314630681818,0.0047433893,8270,0.1448780596256256,0.00011369343999999997,,
1976.91,18675712,829,2332,8006,2971.6301555200002,32.823726025494665,13.382291793823242,0.2,-0.001476396475019018,1.023645990003239,0.9189959168434143,0.03335848721590909,0.003539925,8280,0.14528444409370422,0.00011346815999999999,,
1976.91,18698240,830,2333,8012,2990.51796898,20.1186939033595,3.9427683353424072,0.2,-0.0020931006560038607,1.0178145078095522,0.9309451580047607,0.043150745738636365,0.0040876344,8290,0.14576172828674316,0.00011324287999999999,,
,18700000,,,,,23.13008923855695,9.547926902770996,0.2,-0.000938115662641146,1.0099261115897786,0.8979383707046509,0.047074751420454544,0.005692704,8300,0.14633595943450928,0.0001130176,2000.0,3219.56070655
1976.91,18720768,831,2328,8041,2985.1226901699997,,,,,,,,,,,,,
1976.91,18743296,832,2329,8047,2984.5978474000003,22.949576951156963,9.9279203414917,0.2,-0.0020338635597991843,1.0157776220278307,0.868323564529419,0.04226740056818182,0.0061060195,8310,0.14520345628261566,0.00011279232000000001,,
1976.91,18765824,833,2330,8052,2983.6968242000003,21.505146075378764,14.026737213134766,0.2,-0.0016998178357343105,1.0259253109043294,0.9177290201187134,0.04117098721590909,0.0047918493,8320,0.1446758508682251,0.00011256703999999997,,
1976.91,18788352,834,2331,8058,3006.96129501,25.44607355269519,14.74289321899414,0.2,-0.0010988805477443913,1.0315721999515186,0.9224746227264404,0.042311789772727273,0.0046619275,8330,0.14439311623573303,0.00011234175999999999,,
,18810000,,,,,19.179841708053242,5.868805408477783,0.2,-0.0018486335063988173,1.0358656764030456,0.9157295227050781,0.05017755681818182,0.0061731054,8340,0.14417636394500732,0.00011211647999999999,2000.0,3263.12176565
1995.05,18810880,835,2325,8087,3015.0836127,,,,,,,,,,,,,
1995.05,18833408,836,2326,8094,3032.9404709400005,25.850902026349846,8.853677749633789,0.2,-0.0019296199080682443,1.038597154075449,0.9074892401695251,0.041082208806818184,0.005183485,8350,0.14377263188362122,0.00011189119999999999,,
2000.0,18855936,837,2327,8100,3052.700500869999,24.449800958416677,17.516006469726562,0.2,-0.001487446615779349,1.044913459095088,0.9013568162918091,0.0404296875,0.005508522,8360,0.14340785145759583,0.00011166591999999999,,
2000.0,18878464,838,2328,8107,3064.0640032799997,18.87550094127655,11.617561340332031,0.2,-0.0010163270511177622,1.0438168994405053,0.9327691197395325,0.04088245738636364,0.0040801656,8370,0.143804669380188,0.00011144064000000001,,
2000.0,18900992,839,2329,8113,3074.2976220599994,18.155325262113053,4.8452630043029785,0.2,-0.0017992337117902935,1.0377070624719966,0.9165512323379517,0.05003107244318182,0.0049471348,8380,0.14434988796710968,0.00011121535999999997,,
,18920000,,,,,23.228678858280183,16.354860305786133,0.2,-0.0029515729313557546,1.0266602139581333,0.9279237389564514,0.04931196732954545,0.0061341897,8390,0.14537960290908813,0.00011099007999999998,2000.0,3241.2762949
2000.0,18923520,840,2323,8142,3075.1626747299997,,,,,,,,,,,,,
2000.0,18946048,841,2325,8148,3063.75514432,28.016980283910577,8.10882568359375,0.2,-0.0016205879706169732,1.0147159560160204,0.893876314163208,0.042777876420454546,0.005024315,8400,0.14599230885505676,0.00011076479999999999,,
2000.0,18968576,842,2326,8154,3085.0430699099998,28.16123648340052,8.17989730834961,0.2,-0.0020294288686603648,1.0169731598008762,0.9049473404884338,0.04439364346590909,0.004725026,8410,0.14523881673812866,0.00011053951999999999,,
2000.0,18991104,843,2327,8159,3067.69682016,19.481896326758644,10.48779582977295,0.2,-0.0019023512908130545,1.0164960037578237,0.8976565599441528,0.047163529829545456,0.0049481723,8420,0.14589384198188782,0.00011031424,,
2000.0,19013632,844,2328,8165,3072.7395437399996,27.623415223034947,13.042737007141113,0.2,-0.001353803719526199,1.0105221263386988,0.8805031776428223,0.04166370738636364,0.004291332,8430,0.14621102809906006,0.00011008896,,
,19030000,,,,,22.052808479829267,10.560352325439453,0.2,-0.0018044474767521025,1.0086343927816912,0.8853866457939148,0.04417613636363636,0.004500692,8440,0.1462666392326355,0.00010986367999999998,2000.0,3236.9793922999997
2000.0,19036160,845,2323,8194,3058.4729156800004,,,,,,,,,,,,,
2000.0,19058688,846,2324,8200,3056.9496590799995,8.931096574935045,2.948848247528076,0.2,-0.0011599951725326139,1.0115596557205373,0.9351730346679688,0.039235617897727275,0.0034701368,8450,0.14584580063819885,0.00010963839999999998,,
2000.0,19081216,847,2325,8205,3058.9126343099992,18.11338843865828,6.31270694732666,0.2,-0.002023044746866534,1.0185121831568804,0.8942216634750366,0.051451526988636365,0.005132546,8460,0.14516088366508484,0.00010941311999999999,,
2000.0,19103744,848,2326,8211,3043.28811659,17.587145842205395,9.603039741516113,0.2,-0.0025794190166793254,1.024489882046526,0.9211033582687378,0.04344371448863636,0.004786055,8470,0.1449476182460785,0.00010918783999999999,,
2000.0,19126272,849,2327,8216,3059.16952236,21.162684285640715,9.201366424560547,0.2,-0.002185587318804623,1.0247320153496482,0.9235213398933411,0.05362215909090909,0.005425846,8480,0.14492470026016235,0.00010896256,,
,19140000,,,,,10.944071485779503,8.406050682067871,0.2,-0.002331868483981287,1.0318123790350828,0.9226226210594177,0.044020774147727273,0.0049828333,8490,0.1440725177526474,0.00010873728,2000.0,3231.4666504000006
1982.12,19148800,850,2322,8246,3042.8838495600003,,,,,,,,,,,,,
1982.12,19171328,851,2323,8251,3029.2667062699993,21.05577437877655,12.039923667907715,0.2,-0.0017080107545056804,1.0315094920721921,0.9255683422088623,0.036088423295454544,0.0040924265,8500,0.14486989378929138,0.00010851199999999998,,
1982.12,19193856,852,2324,8257,3018.75010284,22.819996660405938,10.158435821533203,0.2,-0.0012385052594419738,1.0280430560762233,0.9015403389930725,0.03701171875,0.0040339106,8510,0.14462435245513916,0.00010828671999999998,,
1982.12,19216384,853,2325,8263,3015.4908258,28.606053111769935,9.964699745178223,0.2,-0.00023058463107604026,1.0297911261970347,0.8962064385414124,0.02454279119318182,0.00325631,8520,0.1446293294429779,0.00010806143999999998,,
1982.12,19238912,854,2326,8269,3022.4792400999995,20.012924489108,9.896957397460938,0.2,-0.0015417137109166518,1.0317395784638144,0.9112640023231506,0.04076260653409091,0.0039595217,8530,0.14427387714385986,0.00010783616,,
,19250000,,,,,19.278664308244533,12.581058502197266,0.2,-0.0006039564339020713,1.0367400158535351,0.8973169922828674,0.038050426136363634,0.005257703,8540,0.1439809501171112,0.00010761088,2000.0,3264.9611261
1982.12,19261440,855,2321,8298,3016.5962836500003,,,,,,,,,,,,,
1982.12,19283968,856,2322,8304,3030.0684797500003,17.004929611899637,5.350239276885986,0.2,-0.0011528489280449735,1.0411372965032404,0.9083651900291443,0.04053178267045455,0.0050494056,8550,0.1436622142791748,0.0001073856,,
1982.12,19306496,857,2323,8309,3028.6201595799994,19.279796727137132,12.924562454223633,0.2,-0.0010370925079438496,1.0422540079463611,0.924155056476593,0.04065163352272727,0.004169606,8560,0.14373496174812317,0.00010716031999999998,,
1982.12,19329024,858,2324,8315,3007.6465604100003,24.728911133245987,15.285571098327637,0.2,-0.00220472250869286,1.0434326683933084,0.8957893252372742,0.045166015625,0.004696023,8570,0.14365646243095398,0.00010693503999999998,,
2000.0,19351552,859,2325,8321,3039.2313082299993,28.689116473631426,12.981283187866211,0.2,-0.0017798826191045174,1.0424179093404249,0.8941637873649597,0.03396661931818182,0.0036514893,8580,0.14372047781944275,0.00010670975999999998,,
,19360000,,,,,17.974010091478174,5.813055992126465,0.2,-0.0007406461055242372,1.0519713537259536,0.9182664752006531,0.039111328125,0.0042548077,8590,0.14237025380134583,0.00010648448,2000.0,3303.4257875999997
2000.0,19374080,860,2320,8350,3048.4993481800007,,,,,,,,,,,,,
2000.0,19396608,861,2321,8356,3074.2849982300004,23.344190296259793,12.852478981018066,0.2,-0.0008771456682800569,1.0663706007328901,0.9014407396316528,0.03536931818181818,0.0035401823,8600,0.14169876277446747,0.0001062592,,
1981.33,19419136,862,2322,8361,3040.4781821,27.511220890825445,22.398693084716797,0.2,-0.0017357432532166554,1.0718149106610906,0.8985382914543152,0.046089311079545454,0.0039497484,8610,0.14151662588119507,0.00010603392,,
1964.44,19441664,863,2323,8367,3013.2276022100004,15.387994490970264,13.929265975952148,0.2,-0.002311634936698035,1.072023594379425,0.9401113986968994,0.04517045454545455,0.0043345867,8620,0.14170598983764648,0.00010580863999999998,,
1964.44,19464192,864,2324,8372,3003.649498,24.62002681168643,13.515005111694336,0.2,-0.001191639790671285,1.0748083848844876,0.9316216707229614,0.024689275568181818,0.0033209422,8630,0.14109507203102112,0.00010558335999999998,,
,19470000,,,,,24.749845198067753,7.3714118003845215,0.2,-0.0010989194743822074,1.0717973137443715,0.895740807056427,0.030530894886363635,0.003666346,8640,0.14211973547935486,0.00010535808,2000.0,3324.23440145
1964.44,19486720,865,2319,8402,3002.75085741,,,,,,,,,,,,,
1964.44,19509248,866,2320,8407,3003.4735248800007,33.081898242777044,17.83938217163086,0.2,-0.0009727141757717949,1.060343462228775,0.8966662287712097,0.027379261363636363,0.004529136,8650,0.14258639514446259,0.0001051328,,
1964.44,19531776,867,2321,8413,3007.6404431499996,31.211171956495804,13.267516136169434,0.2,-0.0018139753506561233,1.0527306069027293,0.895302951335907,0.04776722301136364,0.004997685,8660,0.1431822031736374,0.00010490752,,
1964.44,19554304,868,2322,8418,3028.60026919,21.20034012252634,9.467761993408203,0.2,-0.0018940046408467673,1.045468229597265,0.8990405201911926,0.0443359375,0.005106343,8670,0.14380472898483276,0.00010468224,,
1964.44,19576832,869,2323,8424,3009.4967387999995,23.525975014946678,4.714390277862549,0.2,-0.0011516381944106384,1.0422030329704284,0.9301967620849609,0.03818803267045454,0.004103622,8680,0.1435421109199524,0.00010445695999999998,,
,19580000,,,,,19.727331431345505,5.054763317108154,0.2,-0.0018381136085901578,1.0416680690917102,0.9020275473594666,0.049258700284090906,0.0049932133,8690,0.14404499530792236,0.00010423167999999998,2000.0,3309.50114695
1966.36,19599360,870,2318,8453,3025.5123754399997,,,,,,,,,,,,,
1966.36,19621888,871,2319,8459,3021.4846779800005,29.060713148117067,10.239691734313965,0.2,-0.0017192764054264197,1.0351492475379598,0.930578887462616,0.04198774857954545,0.0046710963,8700,0.14435908198356628,0.0001040064,,
1965.65,19644416,872,2320,8464,3033.16727216,24.41332578875802,13.563945770263672,0.2,-0.0011500602527204054,1.0280290370637721,0.8857052326202393,0.039364346590909094,0.0046561635,8710,0.14504200220108032,0.00010378112,,
1965.65,19666944,873,2321,8470,3017.69729446,32.28043033209714,12.63848876953125,0.2,-0.0018960878342940387,1.0200819598002868,0.9135351777076721,0.03659889914772727,0.0040955683,8720,0.14554548263549805,0.00010355584,,
1965.65,19689472,874,2322,8475,3005.62443469,34.64964815053073,19.150880813598633,0.2,-0.0016471691884693098,1.0129789542068135,0.8948279619216919,0.039226740056818185,0.004573517,8730,0.1460086703300476,0.00010333056,,
,19690000,,,,,26.05663277235898,11.579611778259277,0.2,-0.0009097850987349045,1.0105457950722088,0.9061327576637268,0.036052911931818185,0.0036956081,8740,0.14606083929538727,0.00010310527999999998,2000.0,3308.4748363
1965.65,19712000,875,2317,8505,3020.5392475600006,,,,,,,,,,,,,
1965.65,19734528,876,2318,8510,3011.82198388,19.297182326967064,7.051748275756836,0.2,-0.0016506710063285109,1.003712409599261,0.9218465089797974,0.047900390625,0.0044115246,8750,0.14698612689971924,0.00010287999999999999,,
1965.65,19757056,877,2319,8516,3015.45356409,20.311289385232058,11.249471664428711,0.2,-0.001408197852221995,0.9960585743188858,0.9018154144287109,0.04006125710227273,0.0046761925,8760,0.14718815684318542,0.00010265471999999999,,
1982.4,19779584,878,2321,8521,3032.9352432,27.764050139080393,16.786611557006836,0.2,-0.0009211005222327499,0.9924793842163953,0.8847899436950684,0.033629261363636365,0.0050905854,8770,0.1475212275981903,0.00010242944,,
,19800000,,,,,21.766853148286994,12.528732299804688,0.2,-0.00205291875741254,0.9894619070670821,0.8951243758201599,0.05320490056818182,0.004668142,8780,0.1476571261882782,0.00010220416,2000.0,3344.8653557
1982.4,19802112,879,2315,8551,3021.4352214800006,,,,,,,,,,,,,
1982.4,19824640,880,2316,8556,3017.8307945,21.816414054957303,8.370359420776367,0.2,-0.0015796892789446495,0.9920244627378204,0.8930701613426208,0.03529829545454546,0.0040170527,8790,0.14709541201591492,0.00010197888000000001,,
2000.0,19847168,881,2317,8562,3061.3227685300003,26.2146120949225,7.267879486083984,0.2,-0.0008742636575003747,0.9929087487134066,0.880318284034729,0.04758522727272727,0.0049385503,8800,0.14757603406906128,0.00010175359999999997,,
2000.0,19869696,882,2318,8568,3077.90384629,17.769881251725284,12.554963111877441,0.2,-0.0007306308702523397,0.9884744400327856,0.9134514927864075,0.031245561079545455,0.004073107,8810,0.14770910143852234,0.00010152831999999999,,
2000.0,19892224,883,2320,8574,3090.7430046,21.158506841009313,13.875602722167969,0.2,-0.0015537910920763599,0.9866589195348999,0.8997067809104919,0.046817294034090906,0.004915008,8820,0.14781954884529114,0.00010130303999999999,,
,19910000,,,,,33.93166211951863,14.083205223083496,0.2,-0.0011473027925769036,0.9848996594548225,0.8820211887359619,0.03443714488636364,0.004223175,8830,0.14794039726257324,0.00010107776,2000.0,3312.42453985
2000.0,19914752,884,2314,8603,3071.1115864999992,,,,,,,,,,,,,
2000.0,19937280,885,2315,8609,3055.8158170999995,29.844573920423333,17.422466278076172,0.2,-0.0014964777677298777,0.9805597440762953,0.877345860004425,0.03977272727272727,0.0053104255,8840,0.1485539972782135,0.00010085248,,
2000.0,19959808,886,2316,8614,3073.530411649999,23.565722492608156,16.137603759765625,0.2,-0.0016341982922643762,0.979634617133574,0.886267900466919,0.035808771306818185,0.005112661,8850,0.14800553023815155,0.00010062720000000001,,
2000.0,19982336,887,2318,8620,3079.9730296,18.18320850133896,13.47326946258545,0.2,-0.0008953636401036585,0.9865141038190235,0.9198484420776367,0.05265003551136364,0.0056814095,8860,0.14746993780136108,0.00010040191999999999,,
2000.0,20004864,888,2318,8626,3085.7702588400007,23.94416364431381,10.08259391784668,0.2,-0.001697372686149637,0.9929809000004421,0.896390438079834,0.041162109375,0.005125295,8870,0.14713364839553833,0.00010017663999999999,,
,20020000,,,,,10.202420516989449,2.230381965637207,0.2,-0.002427689185556532,0.9948445276780562,0.9472394585609436,0.05165127840909091,0.0054191113,8880,0.1471022367477417,9.995135999999999e-05,2000.0,3339.2397157000005
2000.0,20027392,889,2313,8655,3096.8638429600005,,,,,,,,,,,,,
2000.0,20049920,890,2314,8661,3098.1275844099996,23.178350642594424,13.5850830078125,0.2,-0.0011408117549515076,0.9894068959084424,0.8913182616233826,0.03920010653409091,0.0039950153,8890,0.14795619249343872,9.972607999999999e-05,,
2000.0,20072448,891,2315,8666,3092.7331098900004,22.952654272859746,15.643657684326172,0.2,-0.001675049599725753,0.9840959036892111,0.9071221351623535,0.04214311079545455,0.0043198317,8900,0.14791059494018555,9.950080000000001e-05,,
2000.0,20094976,892,2317,8672,3084.6216825100005,15.475589351762425,4.877827167510986,0.2,-0.001901255363852463,0.9875947060910139,0.9152091145515442,0.05355557528409091,0.006445715,8910,0.14754757285118103,9.927551999999997e-05,,
2000.0,20117504,893,2318,8678,3100.8599123999993,23.30600576400757,15.509224891662598,0.2,-0.0008284447717332197,0.9870852730490944,0.875012993812561,0.02802734375,0.0040463414,8920,0.14790092408657074,9.905023999999998e-05,,
,20130000,,,,,33.4605769330805,14.206388473510742,0.2,-0.0010002388767051426,0.9842322945594788,0.88861083984375,0.030015980113636365,0.0033543587,8930,0.14792108535766602,9.882495999999999e-05,2000.0,3342.1415369
2000.0,20140032,894,2312,8707,3092.36893808,,,,,,,,,,,,,
2000.0,20162560,895,2313,8713,3068.1596009400005,32.2648675550114,22.416170120239258,0.2,-0.0016278013687538492,0.9889323143796487,0.8889352083206177,0.03662553267045455,0.004172976,8940,0.14732259511947632,9.859967999999999e-05,,
1981.5,20185088,896,2315,8719,3022.0013697699997,24.293087577819826,9.285836219787598,0.2,-0.0010237315161661668,0.9940533522855152,0.8892987370491028,0.029008345170454544,0.003843344,8950,0.14719617366790771,9.837439999999999e-05,,
1981.5,20207616,897,2316,8724,3040.7290938099995,14.264001436125149,3.7555630207061768,0.2,-0.002084963977209885,0.990660208734599,0.9342613220214844,0.04026100852272727,0.0042409766,8960,0.147891104221344,9.814912e-05,,
1975.29,20230144,898,2317,8730,3033.1777257200006,24.51253424882889,6.116525173187256,0.2,-0.0020288851139908235,0.9861025302247568,0.8836256265640259,0.04086470170454545,0.0042166407,8970,0.1477135717868805,9.792383999999998e-05,,
,20240000,,,,,24.880815571004693,9.989505767822266,0.2,-0.0015610408574998887,0.9864755925807086,0.9187859296798706,0.029771839488636365,0.004048291,8980,0.14779803156852722,9.769855999999998e-05,2000.0,3352.66309165
1975.29,20252672,899,2312,8759,3025.39469295,,,,,,,,,,,,,
1975.29,20275200,900,2313,8765,3037.42462494,21.643036636439238,13.165038108825684,0.2,-0.0013317417628555136,0.9938570365309716,0.8964104652404785,0.03719815340909091,0.0043972037,8990,0.14679387211799622,9.747327999999999e-05,,
1963.41,20297728,901,2314,8770,3014.3857007899996,30.23715563470667,18.74781608581543,0.2,-0.001231163575853729,1.003280258314176,0.9189334511756897,0.03720703125,0.004740082,9000,0.14633391797542572,9.724799999999999e-05,,
1963.41,20320256,902,2315,8776,3012.3981611500003,20.250302670218726,8.77612590789795,0.2,-0.002191866661120333,1.0102032013914801,0.9292052388191223,0.04232066761363636,0.0045165326,9010,0.14574557542800903,9.702272e-05,,
1963.41,20342784,903,2316,8782,3056.9119246600003,20.132986920530147,7.287221908569336,0.2,-0.0017703744003401054,1.0211491885510358,0.912907063961029,0.03945756392045455,0.004559466,9020,0.14472056925296783,9.679744e-05,,
,20350000,,,,,31.17269910032099,9.386866569519043,0.2,-0.0007064760977465829,1.0239804893732072,0.8744704723358154,0.03199573863636364,0.0039437767,9030,0.14542672038078308,9.657215999999998e-05,2000.0,3412.18370925
1963.41,20365312,904,2311,8811,3063.8448678600007,,,,,,,,,,,,,
1981.91,20387840,905,2312,8816,3111.2483350100006,27.369514190066944,8.051579475402832,0.2,-0.0004895027626348152,1.0183300890705802,0.8653759360313416,0.038876065340909094,0.0046225376,9040,0.1454593986272812,9.634687999999998e-05,,
1981.91,20410368,906,2313,8822,3109.8535650000003,22.7321058457548,8.587214469909668,0.2,-0.0016880063281860202,1.015043645826253,0.8688524961471558,0.039479758522727275,0.0036547743,9050,0.14593493938446045,9.612159999999998e-05,,
1988.12,20432896,907,2314,8828,3126.17847415,16.31847297711806,9.643770217895508,0.2,-0.0012943301001955246,1.0097423669966785,0.9008958339691162,0.047043678977272727,0.0044218465,9060,0.14622686803340912,9.589631999999999e-05,,
1988.12,20455424,908,2315,8833,3122.3606291900005,30.693847591226753,7.043481349945068,0.2,-0.001365855652362701,1.0078715774145994,0.8988544344902039,0.050927734375,0.0057532727,9070,0.14618858695030212,9.567104e-05,,
,20460000,,,,,33.16787964539095,8.855128288269043,0.2,-0.0014646297847238285,1.008748615600846,0.8945304155349731,0.044011896306818184,0.0039454033,9080,0.14616352319717407,9.544576e-05,2000.0,3389.5207695499994
1998.08,20477952,909,2310,8863,3128.3034395100003,,,,,,,,,,,,,
1998.08,20500480,910,2311,8868,3133.97943719,23.373068594932555,4.321932315826416,0.2,-0.001973368548417718,1.0049479946494102,0.8991719484329224,0.04203213778409091,0.0047136177,9090,0.14678296446800232,9.522047999999998e-05,,
1998.08,20523008,911,2312,8876,3122.5014101300003,33.81716906157407,22.73409652709961,0.2,-0.0010648638242855668,0.9945953007448803,0.8779417872428894,0.032408558238636365,0.005020058,9100,0.1474153995513916,9.499519999999998e-05,,
1979.43,20545536,912,2313,8882,3086.7738222800003,26.231569371440195,10.862212181091309,0.2,-0.0009753559660483998,0.987751735069535,0.8954753279685974,0.030659623579545454,0.0040602107,9110,0.1478971391916275,9.476991999999998e-05,,
1979.43,20568064,913,2314,8887,3084.8603658099996,18.989198448441247,9.680927276611328,0.2,-0.0010953238814677619,0.9805631218986077,0.9114707112312317,0.034592507102272727,0.00513286,9120,0.14845088124275208,9.454464e-05,,
,20570000,,,,,23.64325370680202,9.845541954040527,0.2,-0.001613216109266928,0.9786717417565259,0.8992002606391907,0.031321022727272725,0.0040782015,9130,0.1483575701713562,9.431936e-05,2000.0,3418.3156447499996
1960.94,20590592,914,2309,8917,3042.6064336299996,,,,,,,,,,,,,
1943.68,20613120,915,2310,8923,2986.0474083500008,40.088913542574105,23.968271255493164,0.2,-0.0018142149323301222,0.978716589781371,0.9012404680252075,0.036412464488636366,0.0043494217,9140,0.1483173966407776,9.409408e-05,,
1934.41,20635648,916,2310,8930,2956.48962599,39.327535013719036,20.023584365844727,0.2,-0.0017573713025988333,0.9788279867985031,0.9058796763420105,0.03494318181818182,0.0042080795,9150,0.14837829768657684,9.386879999999998e-05,,
1913.91,20658176,917,2311,8938,2916.31391426,29.401301434907047,8.581012725830078,0.2,-0.0013336803766750647,0.9768903558904475,0.9255673885345459,0.030992542613636365,0.0044893096,9160,0.14871594309806824,9.364351999999998e-05,,
,20680000,,,,,43.44698688116941,26.696025848388672,0.2,-0.0011064781683010304,0.9719688315283168,0.9069881439208984,0.030992542613636365,0.004102522,9170,0.14898210763931274,9.341823999999998e-05,2000.0,3451.2631159000002
1913.91,20680704,918,2304,8972,2900.4249460300007,,,,,,,,,,,,,
1913.91,20703232,919,2305,8978,2908.3122602900003,38.745209113034335,18.897247314453125,0.2,-0.0010131111072207038,0.9725779055194421,0.8749513626098633,0.02796963778409091,0.003551769,9180,0.14860400557518005,9.319296e-05,,
1932.56,20725760,920,2306,8984,2938.3601188400003,23.557495802099055,8.553449630737305,0.2,-0.0013732438425491141,0.9706692095507276,0.9163591861724854,0.04440252130681818,0.006467636,9190,0.1491466611623764,9.296768e-05,,
1932.56,20748288,921,2307,8989,2933.60691895,37.11026377244429,9.665661811828613,0.2,-0.0008003645608286289,0.9666263910857114,0.9088716506958008,0.024458451704545456,0.0040698554,9200,0.14933812618255615,9.27424e-05,,
1933.1,20770816,922,2308,8995,2922.9438732000003,30.410994240370663,9.241569519042969,0.2,-0.0012756837013346905,0.9615681966597384,0.8864866495132446,0.03844105113636364,0.0035288439,9210,0.14989230036735535,9.251711999999998e-05,,
,20790000,,,,,39.253032461079684,18.19744873046875,0.2,-0.00157163491014878,0.95982158170505,0.9055464267730713,0.03050870028409091,0.0045177224,9220,0.1497035026550293,9.229183999999998e-05,2000.0,3456.9345566999996
1950.36,20793344,923,2303,9025,2967.3170504699997,,,,,,,,,,,,,
1959.63,20815872,924,2305,9030,3000.4559624300005,24.912619963559237,10.732839584350586,0.2,-0.0020849527531853792,0.9618846959688446,0.8978787064552307,0.051819957386363635,0.0060248035,9230,0.14966264367103577,9.206656e-05,,
1963.77,20838400,925,2306,9036,3002.9105794800003,37.208327852595936,18.8080997467041,0.2,-0.0009251751817911017,0.9609163376418027,0.8964607119560242,0.02757901278409091,0.0038872608,9240,0.14974358677864075,9.184128e-05,,
1982.05,20860928,926,2307,9041,3036.0621755800003,19.406389808654787,7.115157604217529,0.2,-0.0022335164788687095,0.9635822839357636,0.9118267297744751,0.04958718039772727,0.006195505,9250,0.14943073689937592,9.1616e-05,,
1982.05,20883456,927,2308,9047,3035.7798241999994,37.14136618917639,20.43107795715332,0.2,-0.0015153806992615996,0.9584098489447074,0.8941906094551086,0.03247958096590909,0.003792859,9260,0.1503528505563736,9.139072e-05,,
,20900000,,,,,24.8452250697396,9.006940841674805,0.2,-0.001606328164184974,0.9590767976912585,0.8971378803253174,0.03968394886363636,0.0048945076,9270,0.14935019612312317,9.116543999999998e-05,2000.0,3425.228655600001
1982.05,20905984,928,2303,9076,3045.5852963600005,,,,,,,,,,,,,
1982.05,20928512,929,2304,9082,3033.43970366,17.92717752239921,6.337852478027344,0.2,-0.001572302282015285,0.9704889871857383,0.9083675146102905,0.045356889204545454,0.0049568703,9280,0.14866623282432556,9.094015999999999e-05,,
1972.27,20951040,930,2305,9087,3010.49256117,44.675718108090486,12.413592338562012,0.2,-0.002473798210055313,0.9732796711000529,0.884763777256012,0.046107066761363634,0.004682457,9290,0.14886146783828735,9.071487999999999e-05,,
1990.22,20973568,931,2306,9093,3059.35095584,35.66304918635975,13.369451522827148,0.2,-0.0020696838735602798,0.9698659218170426,0.9183031320571899,0.04357688210227273,0.0055813882,9300,0.14921139180660248,9.04896e-05,,
1990.22,20996096,932,2307,9098,3035.2552295600008,28.70511538548903,11.630807876586914,0.2,-0.0012795724108317782,0.96693117225712,0.9129000306129456,0.03356711647727273,0.00470164,9310,0.1492966264486313,9.026432e-05,,
,21010000,,,,,31.718599358471955,11.862515449523926,0.2,-0.0017695975389373912,0.97046704468402,0.8656038045883179,0.04048739346590909,0.0050397594,9320,0.1487588733434677,9.003904000000001e-05,2000.0,3387.9388118
1975.85,21018624,933,2302,9128,3024.0031625200004,,,,,,,,,,,,,
1975.85,21041152,934,2303,9133,3026.10931509,32.428949707204644,12.306291580200195,0.2,-0.0018242730346338992,0.969252700832757,0.9190375804901123,0.041783558238636366,0.0051386836,9330,0.14941850304603577,8.981375999999997e-05,,
1975.85,21063680,935,2304,9139,3052.458700279999,17.467499234459616,6.662989139556885,0.2,-0.0020091568019283425,0.9615868970751762,0.9094540476799011,0.04256924715909091,0.004923401,9340,0.1499798595905304,8.958847999999999e-05,,
1975.85,21086208,936,2305,9144,3050.90744014,16.66533966172825,13.008615493774414,0.2,-0.001552643785147335,0.9654680226336826,0.8890244960784912,0.04260031960227273,0.0045189937,9350,0.14882153272628784,8.936319999999999e-05,,
1975.85,21108736,937,2306,9150,3046.0021173999994,37.07739993875677,18.22179412841797,0.2,-0.0013273053376575592,0.9746752527627078,0.8673332929611206,0.03600408380681818,0.004957441,9360,0.14859043061733246,8.913792e-05,,
,21120000,,,,,29.57790054841475,18.971776962280273,0.2,-0.001927342615619471,0.9789660854773088,0.8920080661773682,0.04110440340909091,0.0047641993,9370,0.148139089345932,8.891264e-05,2000.0,3415.7144561
1985.63,21131264,938,2301,9179,3062.10968095,,,,,,,,,,,,,
1985.63,21153792,939,2302,9185,3074.93264773,25.14905112548308,10.865021705627441,0.2,-0.0019293248210239902,0.9812572229992259,0.9001595377922058,0.040101207386363635,0.0044326186,9380,0.14829090237617493,8.868736000000001e-05,,
1985.63,21176320,940,2304,9190,3077.940274550001,25.334383443268862,14.417732238769531,0.2,-0.0008941030476390468,0.9786646390503103,0.8982865810394287,0.025998757102272726,0.003249626,9390,0.14842411875724792,8.846207999999999e-05,,
1985.63,21198848,941,2305,9196,3077.05038832,43.28066169131886,20.454917907714844,0.2,-0.001078812639223708,0.9780327416279099,0.8731906414031982,0.022585227272727274,0.0032681527,9400,0.14846450090408325,8.823679999999999e-05,,
2000.0,21221376,942,2306,9202,3096.0175778,31.01097953969782,8.528507232666016,0.2,-0.00149547336993485,0.9780178964138031,0.8953001499176025,0.03905362215909091,0.003786411,9410,0.14838790893554688,8.801151999999999e-05,,
,21230000,,,,,26.045517748052422,11.729869842529297,0.2,-0.0019024998804194513,0.9739293896339156,0.8834285736083984,0.042422762784090906,0.0052867713,9420,0.14904604852199554,8.778623999999999e-05,2000.0,3422.6774133500003
2000.0,21243904,943,2301,9231,3085.24091275,,,,,,,,,,,,,
2000.0,21266432,944,2302,9237,3070.6822379300006,27.731849401647395,8.720417976379395,0.2,-0.0010436021093152125,0.9637222789905288,0.9036343097686768,0.030886008522727274,0.0041418215,9430,0.14995115995407104,8.756096000000001e-05,,
2000.0,21288960,945,2303,9242,3068.11300461,36.24233334281228,28.36034393310547,0.2,-0.0010599282398206097,0.9598550062287937,0.8731433153152466,0.030357776988636363,0.003255625,9440,0.14963415265083313,8.733568000000001e-05,,
1983.45,21311488,946,2304,9249,3052.518035010001,22.047917331348767,5.301296710968018,0.2,-0.0010532688779428348,0.964472883804278,0.9172300696372986,0.03768199573863636,0.00482847,9450,0.14930543303489685,8.711039999999999e-05,,
1983.45,21334016,947,2304,9255,3032.0088498499995,46.677687005563214,41.29332733154297,0.2,-0.0012544139447114007,0.9647469595074654,0.8979579210281372,0.024183238636363635,0.0032373928,9460,0.14956891536712646,8.688511999999999e-05,,
,21340000,,,,,26.33092754537409,8.184723854064941,0.2,-0.0012787426824533296,0.9624294328418646,0.8834048509597778,0.03837890625,0.0044662226,9470,0.14961126446723938,8.665983999999999e-05,2000.0,3423.0768927999998
1983.45,21356544,948,2298,9290,3025.28613802,,,,,,,,,,,,,
1983.45,21379072,949,2299,9298,3005.83940585,35.12155854485252,12.948065757751465,0.2,-0.0016894387525760314,0.9636389120058579,0.8979565501213074,0.03372247869318182,0.0043133395,9480,0.1495210826396942,8.643455999999999e-05,,
1983.45,21401600,950,2299,9308,3017.71425711,35.60264620564201,30.498512268066406,0.2,-0.0009819266047667373,0.9610569659959186,0.8660427331924438,0.03674538352272727,0.0051878053,9490,0.14995138347148895,8.620928000000001e-05,,
1956.28,21424128,951,2299,9317,2959.7016151199996,43.190144857493316,14.768436431884766,0.2,-0.0017559616212648424,0.9572858046401631,0.8540717363357544,0.04250710227272727,0.0048052412,9500,0.15002906322479248,8.598400000000001e-05,,
1956.28,21446656,952,2299,9325,2965.67335857,42.93388994390314,17.598644256591797,0.2,-0.002304519987691575,0.9537182280963118,0.8882237076759338,0.04237393465909091,0.0041782786,9510,0.15069040656089783,8.575871999999998e-05,,
,21450000,,,,,21.185820359533484,19.489742279052734,0.2,-0.0012566173549699174,0.9482083349065347,0.875254213809967,0.036692116477272725,0.0045740106,9520,0.1507856398820877,8.553343999999999e-05,2000.0,3432.17511205
1956.28,21469184,953,2292,9363,2961.7675773,,,,,,,,,,,,,
1956.28,21491712,954,2293,9372,2958.1724633399995,31.657540954243053,11.701681137084961,0.2,-0.0013034173329784112,0.9553200985897671,0.8835429549217224,0.036696555397727273,0.0038342052,9530,0.14967140555381775,8.530815999999999e-05,,
1972.83,21514240,955,2293,9380,3010.71217692,26.04016355492852,16.695268630981445,0.2,-0.0017528304749496535,0.9643153694542972,0.8913461565971375,0.03646573153409091,0.005417421,9540,0.14933958649635315,8.508288e-05,,
1972.83,21536768,956,2293,9388,3022.5313524000003,26.46556525772268,19.316455841064453,0.2,-0.0006641457316370427,0.9646815698255192,0.887164294719696,0.036319247159090906,0.0039215744,9550,0.14962321519851685,8.48576e-05,,
1972.83,21559296,957,2294,9396,3019.875194669999,32.60285804488442,14.785462379455566,0.2,-0.001360157795716077,0.9614846687425267,0.900482714176178,0.029665305397727274,0.0040541734,9560,0.1499658077955246,8.463232000000001e-05,,
,21560000,,,,,28.589493331042203,12.962571144104004,0.2,-0.0017904162258756432,0.958455846526406,0.8927205801010132,0.039723899147727275,0.0032058156,9570,0.1500450074672699,8.440703999999998e-05,2000.0,3424.6594236000005
1960.06,21581824,958,2286,9437,3007.02929165,,,,,,,,,,,,,
1960.06,21604352,959,2286,9447,3022.57929975,32.09741835594177,24.332035064697266,0.2,-0.0006179557380329986,0.9538925221020526,0.9216867685317993,0.021022727272727273,0.0025445186,9580,0.15053915977478027,8.418175999999998e-05,,
1987.23,21626880,960,2287,9454,3072.9529248899994,25.328261479464445,11.465693473815918,0.2,-0.0014589662237664345,0.9530609050934965,0.8925029635429382,0.03543146306818182,0.0044579115,9590,0.1502881944179535,8.395647999999999e-05,,
1987.23,21649408,961,2287,9462,3069.4921652699995,32.40159918828444,10.341760635375977,0.2,-0.0014458026543831114,0.9541703993623907,0.8740137815475464,0.03094815340909091,0.0042170607,9600,0.1503903567790985,8.37312e-05,,
,21670000,,,,,30.375572872161865,14.429547309875488,0.2,-0.0012926269207541323,0.9570072909647768,0.8609084486961365,0.038427734375,0.004495658,9610,0.14984631538391113,8.350592e-05,2000.0,3419.70340565
1987.23,21671936,962,2281,9498,3076.09045754,,,,,,,,,,,,,
1987.23,21694464,963,2282,9505,3088.6412786500005,21.758037527041,9.317654609680176,0.2,-0.00196917187422514,0.9581961745565588,0.8689227104187012,0.037531072443181816,0.0046495195,9620,0.15029515326023102,8.328063999999998e-05,,
1987.23,21716992,964,2283,9511,3079.50203081,22.42157207510688,9.233562469482422,0.2,-0.0018532473546325821,0.9570479686964642,0.8912217617034912,0.03908913352272727,0.0046853763,9630,0.14982324838638306,8.305535999999998e-05,,
1987.23,21739520,965,2284,9518,3100.2683902900003,26.00150400725278,7.5959086418151855,0.2,-0.001587854373924942,0.9575486199422316,0.8796234130859375,0.035356001420454544,0.0041300165,9640,0.1502295434474945,8.283007999999998e-05,,
1987.23,21762048,966,2284,9524,3108.80951383,17.004221846840597,9.195592880249023,0.2,-0.0022409420685355805,0.9548785316673192,0.9274399280548096,0.0451171875,0.00500074,9650,0.15021580457687378,8.26048e-05,,
,21780000,,,,,29.253115125135942,25.464122772216797,0.2,-0.0012922489719296043,0.9505383789539337,0.8951069116592407,0.030859375,0.004098358,9660,0.15090146660804749,8.237952e-05,2000.0,3429.0700484500003
2000.0,21784576,967,2279,9555,3123.4108096600003,,,,,,,,,,,,,
2000.0,21807104,968,2280,9562,3107.634945599999,36.94842581748962,16.883981704711914,0.2,-0.0015752871027375063,0.9405251330950043,0.8655101656913757,0.033891157670454544,0.0041949535,9670,0.1517045497894287,8.215424e-05,,
2000.0,21829632,969,2281,9569,3109.4916613600003,30.698944809220055,20.2315731048584,0.2,-0.0016055109811449338,0.9402827200564471,0.8770353198051453,0.027183948863636363,0.0036758238,9680,0.1509401947259903,8.192895999999998e-05,,
2000.0,21852160,970,2281,9576,3113.61243978,20.907977986335755,18.37476921081543,0.2,-0.0020997045477005568,0.942269852892919,0.8770992755889893,0.03175603693181818,0.0038454877,9690,0.15144960582256317,8.170367999999998e-05,,
2000.0,21874688,971,2282,9582,3112.5082708799996,32.52450398531827,18.309890747070312,0.2,-0.000753240988177078,0.9385122505101291,0.8773297071456909,0.0193359375,0.0034187795,9700,0.15136030316352844,8.147839999999998e-05,,
,21890000,,,,,25.26343663822521,9.8975191116333,0.2,-0.00117153163168537,0.9414861939170144,0.8967205882072449,0.036088423295454544,0.0039452254,9710,0.15104591846466064,8.125312e-05,2000.0,3431.74577
2000.0,21897216,972,2277,9614,3088.6369316399996,,,,,,,,,,,,,
2000.0,21919744,973,2278,9620,3092.4732116399996,30.956165580316025,3.9503262042999268,0.2,-0.0017710077750962227,0.9434332919391719,0.9060656428337097,0.038916015625,0.004652184,9720,0.1510639786720276,8.102784e-05,,
2000.0,21942272,974,2279,9627,3089.3095762,32.48896679878235,14.740616798400879,0.2,-0.0010990986277730288,0.9390071283687245,0.8860315680503845,0.036909623579545456,0.004637222,9730,0.1516098976135254,8.080256e-05,,
2000.0,21964800,975,2280,9633,3095.92686288,22.73968245224519,6.463369369506836,0.2,-0.0015921712056627835,0.9318246953866699,0.9143019914627075,0.043878728693181816,0.0059992447,9740,0.15213166177272797,8.057727999999998e-05,,
2000.0,21987328,976,2280,9639,3098.9114677600005,25.26396296566183,16.187347412109375,0.2,-0.001696174496266229,0.9270374059677124,0.8917214870452881,0.03676313920454546,0.0042651366,9750,0.15236063301563263,8.035199999999998e-05,,
,22000000,,,,,27.14728065187281,16.141849517822266,0.2,-0.0010671342760112813,0.9251014571298253,0.8948819041252136,0.029501065340909093,0.004676468,9760,0.15247322618961334,8.012672e-05,2000.0,3408.08966425
2000.0,22009856,977,2276,9669,3103.4963760100004,,,,,,,,,,,,,
2000.0,22032384,978,2277,9675,3094.64177991,26.35922764973207,13.066696166992188,0.2,-0.0012863267718454484,0.924392100491307,0.9148839712142944,0.026793323863636365,0.0036684289,9770,0.15243856608867645,7.990144e-05,,
2000.0,22054912,979,2277,9681,3080.581894,33.93071126937866,24.793004989624023,0.2,-0.0010222457777920434,0.9266164060343396,0.8666379451751709,0.02751686789772727,0.0037000738,9780,0.152094304561615,7.967616e-05,,
2000.0,22077440,980,2278,9688,3082.92952561,28.24681678902019,9.909103393554688,0.2,-0.0011835070316341112,0.9296009361743927,0.9038521647453308,0.03245294744318182,0.0041015167,9790,0.15205204486846924,7.945088e-05,,
2000.0,22099968,981,2279,9694,3086.5214899500006,25.968930810148066,6.836111068725586,0.2,-0.0014313920866698027,0.9326823483813893,0.9062240719795227,0.04109996448863636,0.0049395394,9800,0.15162059664726257,7.922559999999998e-05,,
,22110000,,,,,27.586951955881986,13.246320724487305,0.2,-0.001009007893894291,0.9375569809566845,0.891994833946228,0.029030539772727272,0.0040337024,9810,0.15133944153785706,7.900031999999998e-05,2000.0,3410.62648875
2000.0,22122496,982,2274,9724,3083.20364061,,,,,,,,,,,,,
2000.0,22145024,983,2275,9730,3071.10967253,21.11423878994855,16.149578094482422,0.2,-0.0008749914318534799,0.9426225906068628,0.8860390186309814,0.03034446022727273,0.004185487,9820,0.15079885721206665,7.877503999999999e-05,,
2000.0,22167552,984,2276,9736,3070.6588590999995,28.081857810237192,9.295644760131836,0.2,-0.0008137231647693129,0.943812309205532,0.8711163997650146,0.02429865056818182,0.004151008,9830,0.15115299820899963,7.854976e-05,,
2000.0,22190080,985,2277,9743,3087.554984,18.410589685223318,5.889462947845459,0.2,-0.0017422580829588696,0.9457442740147765,0.9147748947143555,0.030606356534090908,0.003988556,9840,0.1505274623632431,7.832448e-05,,
2000.0,22212608,986,2278,9749,3088.0392036499998,26.586191694302993,12.426334381103516,0.2,-0.0012127845122119074,0.9505128890275956,0.896304726600647,0.034108664772727275,0.004461895,9850,0.1504216194152832,7.809920000000001e-05,,
,22220000,,,,,35.718591742082076,9.411328315734863,0.2,-0.0010572049486323853,0.9510093279860237,0.8777900338172913,0.027006392045454547,0.003928954,9860,0.15046092867851257,7.787391999999997e-05,2000.0,3342.091662550001
1981.75,22235136,987,2272,9782,3060.3359685799996,,,,,,,,,,,,,
1981.75,22257664,988,2273,9788,3066.215080390001,25.585821350054307,18.511314392089844,0.2,-0.0012663095636526122,0.9537343926050447,0.9124216437339783,0.037433416193181815,0.0038908825,9870,0.15002232789993286,7.764863999999999e-05,,
1981.75,22280192,989,2274,9795,3081.76429457,27.979750058867715,11.719988822937012,0.2,-0.0017884476738717322,0.9537806342948567,0.8490870594978333,0.03634588068181818,0.0033843429,9880,0.1504032015800476,7.742335999999999e-05,,
1981.75,22302720,990,2275,9801,3096.0992107399998,14.307217477668415,11.84049129486084,0.2,-0.001506556141777599,0.9471044743602927,0.9160082936286926,0.04275124289772727,0.0057529183,9890,0.15097445249557495,7.719808e-05,,
1981.75,22325248,991,2275,9809,3082.32163809,26.965337174588985,10.35959529876709,0.2,-0.0019330660626027648,0.9452495321631431,0.9030137062072754,0.028440163352272726,0.0038367996,9900,0.15077674388885498,7.69728e-05,,
,22330000,,,,,22.849279481714422,12.690510749816895,0.2,-0.0017291560885496437,0.9469743021509864,0.8887128233909607,0.035693359375,0.0039087203,9910,0.15079954266548157,7.674752000000001e-05,2000.0,3365.4856948000006
1981.75,22347776,992,2270,9840,3101.0248365400003,,,,,,,,,,,,,
1981.75,22370304,993,2271,9847,3058.4287715099995,37.26530271226709,16.136512756347656,0.2,-0.0017195679859882643,0.9478124366565184,0.877408504486084,0.03488991477272727,0.004261815,9920,0.15055114030838013,7.652223999999997e-05,,
1981.75,22392832,994,2272,9853,3044.35787648,37.71180881803686,12.110193252563477,0.2,-0.0009134948139862073,0.9482748675075444,0.8862097859382629,0.02605646306818182,0.00328327,9930,0.15071910619735718,7.629695999999999e-05,,
1981.75,22415360,995,2273,9859,3045.02515307,23.154541245373814,10.760345458984375,0.2,-0.0016668602236842905,0.9469947449185632,0.9126205444335938,0.03297230113636364,0.004179753,9940,0.15073925256729126,7.607167999999999e-05,,
2000.0,22437888,996,2274,9865,3091.88378828,21.993746208060873,8.999286651611328,0.2,-0.0015434319354509088,0.9455458975651048,0.8991314768791199,0.037273615056818185,0.0042326082,9950,0.1508939564228058,7.584639999999999e-05,,
,22440000,,,,,22.697756810621783,5.658855438232422,0.2,-0.0011764858642974022,0.9455263603817333,0.8767336010932922,0.028666548295454546,0.0037961104,9960,0.15073467791080475,7.562112000000001e-05,2000.0,3338.2183239000005
2000.0,22460416,997,2269,9896,3078.1180694699997,,,,,,,,,,,,,
2000.0,22482944,998,2270,9902,3046.74223607,28.503001737594605,7.9509148597717285,0.2,-0.0019194115371316332,0.9439513493667949,0.8994371891021729,0.03405539772727273,0.0037529378,9970,0.1512477993965149,7.539584000000001e-05,,
2000.0,22505472,999,2270,9910,3036.96013617,24.40850236090747,13.41650104522705,0.2,-0.0014199673057935962,0.9386679219928655,0.8339133262634277,0.023286576704545453,0.0037420332,9980,0.15156011283397675,7.517055999999999e-05,,
2000.0,22528000,1000,2271,9916,3036.0192374700005,21.949504736336795,7.652738571166992,0.2,-0.0006880418797002428,0.9340023329312152,0.8666378259658813,0.02843572443181818,0.0030552961,9990,0.1519690603017807,7.494527999999999e-05,,
,22550000,,,,,17.34811571186239,8.278135299682617,0.2,-0.0014555507914999245,0.9305339312011546,0.8948455452919006,0.023477450284090907,0.003255788,10000,0.15207219123840332,7.471999999999999e-05,2000.0,3341.96986385
2000.0,22550528,1001,2267,9947,3045.51388464,,,,,,,,,,,,,
2000.0,22573056,1002,2267,9953,3051.7100092200003,20.273842298984526,8.520586013793945,0.2,-0.001353788805797442,0.9301647392186252,0.8965378999710083,0.03135209517045454,0.004153265,10010,0.15199974179267883,7.449471999999999e-05,,
2000.0,22595584,1003,2268,9962,3049.55939167,32.705312035300516,19.99087905883789,0.2,-0.0019130907209314915,0.9312220492146231,0.883307933807373,0.027614524147727273,0.004057781,10020,0.151838481426239,7.426944000000001e-05,,
2000.0,22618112,1004,2268,9969,3061.147688850001,21.93649724180048,15.628690719604492,0.2,-0.001316661336882548,0.9400173474441875,0.901244580745697,0.02240323153409091,0.003739749,10030,0.15086179971694946,7.404416000000001e-05,,
2000.0,22640640,1005,2269,9977,3058.22936655,16.86582097790458,6.688454627990723,0.2,-0.002028200711356476,0.947939881817861,0.9216303825378418,0.048521839488636365,0.0063379724,10040,0.15063147246837616,7.381887999999998e-05,,
,22660000,,,,,25.334514066306028,3.474996566772461,0.2,-0.002127802092317407,0.9477541568604383,0.9046987891197205,0.04212091619318182,0.0048996657,10050,0.1508040726184845,7.359359999999999e-05,2000.0,3354.265779
2000.0,22663168,1006,2263,10012,3070.6145326600004,,,,,,,,,,,,,
2000.0,22685696,1007,2264,10019,3079.7140275000006,28.579570924152026,25.126081466674805,0.2,-0.001788927379212427,0.9504536785862663,0.8911024928092957,0.03347389914772727,0.0039050153,10060,0.1502705216407776,7.336831999999999e-05,,
2000.0,22708224,1008,2264,10026,3089.13378965,17.250831760059704,5.955563545227051,0.2,-0.0017244291232517835,0.952954208173535,0.937294602394104,0.03494318181818182,0.0045972574,10070,0.1504189521074295,7.314304e-05,,
1981.64,22730752,1009,2265,10033,3045.4084656799996,22.81285289959474,9.647059440612793,0.2,-0.0012117320669031786,0.9535406455397606,0.9007560014724731,0.027689985795454546,0.003024278,10080,0.1502358317375183,7.291776e-05,,
1981.64,22753280,1010,2266,10040,3038.5910446600005,23.316915116526864,9.890522003173828,0.2,-0.0013992236555416392,0.9584501611915501,0.9152492880821228,0.02448508522727273,0.003564451,10090,0.14955541491508484,7.269248000000001e-05,,
,22770000,,,,,28.948165030912918,12.754353523254395,0.2,-0.001169407591541213,0.9658040381290696,0.8700648546218872,0.024458451704545456,0.004034798,10100,0.1492517590522766,7.246719999999998e-05,2000.0,3337.87354665
1981.64,22775808,1011,2260,10074,3046.0963882000005,,,,,,,,,,,,,
1981.64,22798336,1012,2261,10082,3049.2410775600006,24.831907041506334,12.304758071899414,0.2,-0.000935205736657901,0.967919744957577,0.8674952387809753,0.01993963068181818,0.002213117,10110,0.1491406261920929,7.224191999999998e-05,,
1981.64,22820864,1013,2261,10089,3042.249017440001,20.32264091318304,6.614364147186279,0.2,-0.0017178445541172881,0.973259675367312,0.8964142799377441,0.04359019886363636,0.004692303,10120,0.14850403368473053,7.201663999999999e-05,,
1981.64,22843392,1014,2262,10095,3052.02803808,41.74824219400232,7.129303455352783,0.2,-0.0011023784564300016,0.9804689599709078,0.8696870803833008,0.02325106534090909,0.0037406222,10130,0.1479269564151764,7.179136e-05,,
1981.64,22865920,1015,2263,10102,3057.5492359400005,22.40676891153509,5.290072441101074,0.2,-0.000288345124069813,0.9874406767162409,0.8976957201957703,0.024906782670454545,0.003247317,10140,0.14755073189735413,7.156608e-05,,
,22880000,,,,,25.181379545818675,10.040656089782715,0.2,-0.001378011918594976,0.9953149026090449,0.8681923151016235,0.031924715909090906,0.0037409796,10150,0.1467750370502472,7.13408e-05,2000.0,3291.4004777
1981.64,22888448,1016,2257,10137,3066.6318676499995,,,,,,,,,,,,,
2000.0,22910976,1017,2258,10144,3092.2998314799997,18.528112066875803,9.871708869934082,0.2,-0.0017167805149008266,1.0032667850906198,0.9163819551467896,0.03708274147727273,0.004161209,10160,0.1464252471923828,7.111551999999998e-05,,
2000.0,22933504,1018,2259,10151,3093.8108016,34.364358927986835,16.30644416809082,0.2,-0.0005814256538128988,1.002813551642678,0.8773963451385498,0.02018377130681818,0.003424379,10170,0.14674723148345947,7.089023999999998e-05,,
2000.0,22956032,1019,2259,10158,3100.1903005899994,19.145090861753985,4.8715081214904785,0.2,-0.0012990930562161585,1.0043330872600729,0.878990888595581,0.03678089488636364,0.0046499963,10180,0.14622527360916138,7.066496e-05,,
1989.71,22978560,1020,2260,10165,3086.7261329300004,27.405497019941155,11.440220832824707,0.2,-0.0017665885962990368,1.0074283198876814,0.8903613686561584,0.044992897727272725,0.0046854955,10190,0.14634817838668823,7.043968e-05,,
,22990000,,,,,32.228172891790216,12.602906227111816,0.2,-0.0012912375283618035,1.0071474013003436,0.9048833847045898,0.030131392045454546,0.0042683254,10200,0.14622938632965088,7.02144e-05,2000.0,3326.3695877500004
1989.71,23001088,1021,2255,10197,3085.6014545000003,,,,,,,,,,,,,
1989.71,23023616,1022,2256,10203,3093.9522024599996,13.185954679142345,10.701218605041504,0.2,-0.0016175783837256445,1.0130152623761783,0.9152494668960571,0.037420099431818184,0.0036709018,10210,0.1454945057630539,6.998912e-05,,
1989.71,23046144,1023,2257,10210,3082.94356611,27.489918598261745,13.695942878723145,0.2,-0.0014867136053825644,1.0157069655981932,0.8880835175514221,0.04027432528409091,0.0040593324,10220,0.1458292007446289,6.976383999999998e-05,,
1989.71,23068672,1024,2257,10216,3088.325031150001,26.46837344819849,13.75251579284668,0.2,-0.00043108997269882823,1.011789148775014,0.8667807579040527,0.02154208096590909,0.0047554565,10230,0.14604665338993073,6.953855999999998e-05,,
1989.71,23091200,1025,2258,10222,3080.5883599400004,35.20898734872991,20.388614654541016,0.2,-0.0013859395802931183,1.0077087033878673,0.8817148804664612,0.02471590909090909,0.002848086,10240,0.14641356468200684,6.931328e-05,,
,23100000,,,,,25.05623259110884,12.994975090026855,0.2,-0.0018101613653760235,1.0027649901129982,0.8418411016464233,0.03712269176136364,0.0044804458,10250,0.14678752422332764,6.9088e-05,2000.0,3333.4844107999998
1989.71,23113728,1026,2254,10253,3086.3197915999986,,,,,,,,,,,,,
1989.71,23136256,1027,2254,10261,3102.6276357099996,22.30437015728517,19.273496627807617,0.2,-0.001260598822475665,1.0015192125331271,0.8965868949890137,0.029274680397727272,0.0034680567,10260,0.14657975733280182,6.886272e-05,,
1989.71,23158784,1028,2255,10268,3095.0300602099996,21.847495965524153,15.134693145751953,0.2,-0.002297100385079499,1.0043426632881165,0.8923375010490417,0.036931818181818184,0.0037558945,10270,0.14649611711502075,6.863744e-05,,
1990.93,23181312,1029,2256,10274,3112.18146189,28.184378928487952,16.968061447143555,0.2,-0.0009388294698675798,1.0038503733548252,0.8874534368515015,0.035329367897727275,0.0046113958,10280,0.14650985598564148,6.841215999999998e-05,,
1990.93,23203840,1030,2257,10280,3085.19424395,35.38406837636774,14.24538516998291,0.2,-0.0021407183071873574,1.001818828962066,0.8919529914855957,0.03245738636363636,0.0046231532,10290,0.14685839414596558,6.818688e-05,,
,23210000,,,,,21.064865952188317,6.069109916687012,0.2,-0.0013055805725426498,1.0017309000546282,0.8953770399093628,0.028777521306818182,0.0034822824,10300,0.14650613069534302,6.79616e-05,2000.0,3352.1805532999997
1990.93,23226368,1031,2252,10311,3091.4454979600005,,,,,,,,,,,,,
1990.93,23248896,1032,2253,10318,3103.1554567900002,14.135444817759774,4.58583402633667,0.2,-0.0012594417364611714,1.008006921952421,0.9035410284996033,0.02753018465909091,0.0035116905,10310,0.1460202932357788,6.773632e-05,,
1990.93,23271424,1033,2253,10325,3094.4977445399986,26.620404375683176,12.16834545135498,0.2,-0.0020549649838358165,1.0146623256531628,0.8715531826019287,0.028129438920454546,0.0034881637,10320,0.14552178978919983,6.751104e-05,,
1982.53,23293952,1034,2254,10332,3069.2951683399997,25.70763262835416,10.663131713867188,0.2,-0.001412829285254702,1.020500034364787,0.8784123063087463,0.027845348011363635,0.0044700564,10330,0.145130455493927,6.728575999999998e-05,,
1982.53,23316480,1035,2255,10338,3078.58892613,33.05376042886214,18.53853988647461,0.2,-0.0022548404493136333,1.0216411593285475,0.8910459876060486,0.035209517045454546,0.0053822007,10340,0.14541836082935333,6.706047999999998e-05,,
,23320000,,,,,29.041359808228233,11.142655372619629,0.2,-0.002123511082688558,1.0164845182137057,0.8806695938110352,0.03163618607954546,0.0037331015,10350,0.14584356546401978,6.68352e-05,2000.0,3346.2487594
1982.53,23339008,1036,2250,10371,3081.44113228,,,,,,,,,,,,,
1982.53,23361536,1037,2250,10378,3090.606994420001,19.244075712290677,6.7948455810546875,0.2,-0.001697577405668033,1.0150428828868,0.9102863669395447,0.038507634943181816,0.0038296133,10360,0.14553244411945343,6.660992e-05,,
1991.6,23384064,1038,2251,10385,3102.3410873800008,17.379440848935733,8.558558464050293,0.2,-0.00136906062689377,1.018594882975925,0.9081522822380066,0.038383345170454546,0.003868868,10370,0.14539936184883118,6.638464e-05,,
1973.26,23406592,1039,2252,10392,3089.50468982,26.443796887181023,13.629983901977539,0.2,-0.0005785466719482263,1.0201275963674892,0.8890489935874939,0.012770774147727273,0.0025307038,10380,0.14527305960655212,6.615936e-05,,
1973.26,23429120,1040,2252,10399,3061.7695543600003,31.407001662254334,10.812155723571777,0.2,-0.0015176476921293545,1.0215870236808604,0.9119029641151428,0.022682883522727272,0.0037470234,10390,0.14523452520370483,6.593407999999997e-05,,
,23430000,,,,,20.02957665161653,8.04797649383545,0.2,-0.001156145545907996,1.0177736171267249,0.8800047636032104,0.024991122159090908,0.0036395139,10400,0.14584296941757202,6.570879999999999e-05,2000.0,3330.2644651
1973.26,23451648,1041,2247,10433,3067.8348456100002,,,,,,,,,,,,,
1973.26,23474176,1042,2248,10440,3079.6560393699997,31.416566332903777,19.64046859741211,0.2,-0.0012423640868457204,1.0143485058437693,0.8977733254432678,0.027534623579545454,0.003673887,10410,0.14569498598575592,6.548351999999999e-05,,
1981.66,23496704,1043,2249,10447,3107.66223399,23.023352605646306,13.484908103942871,0.2,-0.0009769360050664877,1.0127184997905385,0.8986341953277588,0.02799627130681818,0.0033216064,10420,0.14604076743125916,6.525824e-05,,
1981.66,23519232,1044,2249,10453,3100.9108444099998,31.29778096675873,23.141862869262695,0.2,-0.001313456396879205,1.0053187963637438,0.8796453475952148,0.026322798295454544,0.004004782,10430,0.1467980146408081,6.503296e-05,,
,23540000,,,,,23.633565910296007,7.5504608154296875,0.2,-0.0023680540643082086,1.000612645257603,0.9115788340568542,0.039262251420454544,0.004827251,10440,0.14682725071907043,6.480768000000001e-05,2000.0,3344.8098619499992
1981.66,23541760,1045,2245,10483,3082.2498221100004,,,,,,,,,,,,,
1963.67,23564288,1046,2246,10490,3033.30574094,24.110936682874506,13.060981750488281,0.2,-0.0015079481530516534,0.9982593040574681,0.9360024929046631,0.03210227272727273,0.005087937,10450,0.14706206321716309,6.458239999999997e-05,,
1963.67,23586816,1047,2247,10496,3033.20062299,25.927524464780635,11.428412437438965,0.2,-0.0014342450343643907,0.9956654552708972,0.9146357774734497,0.02178622159090909,0.0032037615,10460,0.14722439646720886,6.435711999999999e-05,,
1963.68,23609344,1048,2247,10503,3027.66086861,28.563064169883727,12.151450157165527,0.2,-0.0013833674120674417,0.9930587607351217,0.8854926824569702,0.029114879261363635,0.004155543,10470,0.14743858575820923,6.413183999999999e-05,,
1963.68,23631872,1049,2248,10511,3040.5898782099994,33.19167088595304,18.94883918762207,0.2,-0.001231737578134264,0.9914910688996315,0.9117422699928284,0.023353160511363637,0.0032134235,10480,0.14748120307922363,6.390655999999999e-05,,
,23650000,,,,,27.328867396441375,7.470884323120117,0.2,-0.0021124768096011724,0.9901588504964655,0.9127269983291626,0.03318093039772727,0.0041863965,10490,0.14754942059516907,6.368128e-05,2000.0,3357.6665032000005
1963.68,23654400,1050,2243,10544,3044.537669069999,,,,,,,,,,,,,
1963.68,23676928,1051,2243,10551,3032.45178547,32.601217512650926,23.11629295349121,0.2,-0.001623688212368341,0.9869902147488161,0.8915611505508423,0.032794744318181815,0.004391359,10500,0.1479770988225937,6.345600000000001e-05,,
1963.68,23699456,1052,2244,10558,3019.7385983400004,23.74682379310781,11.223965644836426,0.2,-0.001701279409462586,0.9876629730517213,0.9283089637756348,0.034366122159090906,0.0038010823,10510,0.14750468730926514,6.323071999999999e-05,,
1963.68,23721984,1053,2245,10565,3017.9255568599992,26.263861269300634,6.850045204162598,0.2,-0.0012160299144769935,0.9893360010602258,0.90656578540802,0.031671697443181816,0.0035834252,10520,0.14766579866409302,6.300543999999999e-05,,
1963.68,23744512,1054,2245,10572,3015.3523699999996,19.21795992092653,12.396632194519043,0.2,-0.0018796101601434533,0.9847880385138772,0.9183146953582764,0.03739346590909091,0.004219832,10530,0.14820584654808044,6.278015999999999e-05,,
,23760000,,,,,23.40583979216489,10.645273208618164,0.2,-0.0018297554600973274,0.9803485201163725,0.9099835157394409,0.03538263494318182,0.004382956,10540,0.14827440679073334,6.255487999999999e-05,2000.0,3338.33076645
1981.67,23767040,1055,2240,10605,3063.9104566699993,,,,,,,,,,,,,
1981.67,23789568,1056,2241,10612,3074.341709989999,12.029500138217752,4.957364559173584,0.2,-0.0013167937987335872,0.981249623407017,0.9250086545944214,0.038862748579545456,0.0040594568,10550,0.148136705160141,6.232960000000001e-05,,
2000.0,23812096,1057,2242,10619,3091.289968830001,25.47965209267356,15.667652130126953,0.2,-0.0017543697359294376,0.9837821650234135,0.9062544703483582,0.028351384943181818,0.0037481799,10560,0.1479519009590149,6.210432000000001e-05,,
1994.4,23834624,1058,2242,10626,3077.49610463,36.66273339661685,23.445663452148438,0.2,-0.0008684854009929537,0.9820185754786838,0.8860324621200562,0.017529296875,0.0031816543,10570,0.14834316074848175,6.187903999999998e-05,,
1994.4,23857152,1059,2243,10633,3068.296683179999,26.504238200187682,17.682390213012695,0.2,-0.001967364124588626,0.9765905763615261,0.9330123662948608,0.030131392045454546,0.003823921,10580,0.1488555520772934,6.165375999999999e-05,,
,23870000,,,,,29.093434197252446,15.984575271606445,0.2,-0.002579584856126034,0.9703109147873792,0.9107770323753357,0.03724254261363636,0.0047174003,10590,0.14930498600006104,6.142847999999999e-05,2000.0,3362.3488042999998
1994.4,23879680,1060,2238,10666,3061.823222350001,,,,,,,,,,,,,
1994.4,23902208,1061,2239,10672,3085.0355978200005,26.537831899252804,8.673785209655762,0.2,-0.0011163575392195279,0.9637399837374687,0.8956681489944458,0.028089488636363635,0.0034364455,10600,0.1497039794921875,6.120319999999999e-05,,
1994.4,23924736,1062,2240,10679,3087.5364396299997,26.453312760049645,12.624824523925781,0.2,-0.001802261602609757,0.9593635178425095,0.9151227474212646,0.03064630681818182,0.004006357,10610,0.1499406397342682,6.097792e-05,,
1994.4,23947264,1063,2240,10686,3097.4132932999996,17.367981205203318,14.582826614379883,0.2,-0.0018495492155621337,0.9528266129168597,0.9048018455505371,0.04430486505681818,0.005369835,10620,0.15066316723823547,6.075264000000001e-05,,
1994.4,23969792,1064,2241,10693,3067.344354329999,31.123243700374257,6.024886608123779,0.2,-0.00102945207697551,0.9484557271003723,0.8903019428253174,0.02100497159090909,0.0038543607,10630,0.1506267488002777,6.052735999999998e-05,,
,23980000,,,,,27.719224548339845,6.949497222900391,0.2,-0.0014837895607342944,0.9492707355455918,0.9058060646057129,0.02051669034090909,0.003842648,10640,0.15054205060005188,6.0302079999999985e-05,2000.0,3351.4216242
1994.4,23992320,1065,2236,10725,3058.5372897700013,,,,,,,,,,,,,
2000.0,24014848,1066,2237,10732,3080.683000439999,36.31267370093953,15.394047737121582,0.2,-0.001320558570494706,0.9489228137514808,0.887873649597168,0.022420987215909093,0.0033505491,10650,0.1506495475769043,6.0076799999999994e-05,,
2000.0,24037376,1067,2238,10739,3075.9922689899995,25.83939784981988,9.71157455444336,0.2,-0.00121354093240701,0.9448147380893881,0.913050651550293,0.030974786931818182,0.0044866186,10660,0.1511339545249939,5.9851519999999996e-05,,
2000.0,24059904,1068,2239,10745,3076.51804773,21.6309583327987,7.259439945220947,0.2,-0.001570016630417244,0.9370732828974724,0.8835631608963013,0.025026633522727274,0.0030732877,10670,0.1518634557723999,5.9626240000000005e-05,,
2000.0,24082432,1069,2239,10752,3080.5278833999996,28.513545901125127,12.17749309539795,0.2,-0.0007925027323918501,0.9312768505378203,0.8993460536003113,0.013654119318181819,0.0027618438,10680,0.1518823504447937,5.940096000000001e-05,,
,24090000,,,,,21.13771600073034,6.211968421936035,0.2,-0.0014684962177522142,0.930977299944921,0.887511670589447,0.03200905539772727,0.0034079365,10690,0.15204215049743652,5.917567999999998e-05,2000.0,3349.20755855
2000.0,24104960,1070,2235,10784,3076.47142003,,,,,,,,,,,,,
2000.0,24127488,1071,2235,10791,3071.1329168399993,27.474095715175974,16.930938720703125,0.2,-0.0014225734122605487,0.9282404230399566,0.8947411775588989,0.035102982954545454,0.0038188458,10700,0.152287095785141,5.8950399999999984e-05,,
2000.0,24150016,1072,2236,10797,3080.889658010001,26.626150407574393,14.613194465637207,0.2,-0.0020727221451869067,0.9290710619904778,0.8995116949081421,0.03555575284090909,0.003425795,10710,0.1519061028957367,5.872511999999999e-05,,
2000.0,24172544,1073,2237,10804,3086.3020032400004,23.786418236385693,11.81725788116455,0.2,-0.0018109351190188053,0.9328340422023427,0.8937467336654663,0.02912375710227273,0.003318111,10720,0.15172404050827026,5.8499839999999995e-05,,
2000.0,24195072,1074,2237,10811,3100.2844836,22.733113422177055,7.215713024139404,0.2,-0.00256870208223435,0.9324938588521697,0.9024806022644043,0.03564453125,0.0040435153,10730,0.1519472599029541,5.827456e-05,,
,24200000,,,,,21.153638619726355,13.979513168334961,0.2,-0.001236592531495262,0.9325681980360638,0.890953004360199,0.02037908380681818,0.0032955608,10740,0.15170559287071228,5.804928000000001e-05,2000.0,3343.9042999
2000.0,24217600,1075,2233,10843,3116.3933136799997,,,,,,,,,,,,,
2000.0,24240128,1076,2234,10850,3116.9362903,27.19936357194727,11.687414169311523,0.2,-0.0018760591988790441,0.9333536286245693,0.8915096521377563,0.029256924715909093,0.0038883316,10750,0.1518460512161255,5.782399999999998e-05,,
2000.0,24262656,1077,2234,10857,3122.789113100001,15.424125251986764,8.850659370422363,0.2,-0.0015068868061379444,0.9324446521022103,0.9079781174659729,0.033500532670454546,0.0031169257,10760,0.1518426239490509,5.759871999999999e-05,,
2000.0,24285184,1078,2235,10863,3138.018229240001,22.148426139354704,8.199264526367188,0.2,-0.0009789236292073672,0.9289060669866476,0.8941196203231812,0.023117897727272727,0.003369338,10770,0.152336984872818,5.737343999999999e-05,,
2000.0,24307712,1079,2236,10870,3121.5111040899997,14.357025776126168,9.465639114379883,0.2,-0.0016909636242251674,0.9287545904517174,0.9301679134368896,0.03634588068181818,0.0045583737,10780,0.15193256735801697,5.714816e-05,,
,24310000,,,,,22.887294520031322,10.936755180358887,0.2,-0.0023276942657751284,0.9341363830999895,0.8917728066444397,0.03455255681818182,0.0041546673,10790,0.15154023468494415,5.692288e-05,2000.0,3346.2546893999997
2000.0,24330240,1080,2231,10902,3111.89923454,,,,,,,,,,,,,
2000.0,24352768,1081,2232,10909,3105.0451651700005,34.66916449503465,12.900592803955078,0.2,-0.0012829382954144173,0.9374286509372971,0.8911134004592896,0.02307794744318182,0.0030986366,10800,0.15135079622268677,5.669760000000001e-05,,
2000.0,24375296,1082,2232,10916,3115.8989110999996,22.74855285774578,6.194520950317383,0.2,-0.0014772055424559353,0.9368095311251554,0.9097520709037781,0.029683061079545454,0.004177981,10810,0.15172260999679565,5.647231999999998e-05,,
2000.0,24397824,1083,2233,10923,3117.2341555400008,22.131719492782246,11.794900894165039,0.2,-0.001490153913089836,0.9348098195411942,0.9278942346572876,0.026651278409090907,0.0036700792,10820,0.15167123079299927,5.624703999999999e-05,,
,24420000,,,,,16.92621212872592,6.551265716552734,0.2,-0.0021864744781685823,0.933288638158278,0.9197098016738892,0.034357244318181816,0.00405276,10830,0.15183496475219727,5.602175999999999e-05,2000.0,3350.12120775
2000.0,24420352,1084,2228,10955,3108.703767820001,,,,,,,,,,,,,
2000.0,24442880,1085,2229,10962,3108.6058604100003,25.260353353890505,4.612838268280029,0.2,-0.0011120059559206394,0.9334143270145763,0.908614993095398,0.027370383522727273,0.003529569,10840,0.15168100595474243,5.579648e-05,,
2000.0,24465408,1086,2230,10969,3104.05455419,32.667419557137926,19.40414047241211,0.2,-0.0014426099964608015,0.9308643029494719,0.8750903606414795,0.021435546875,0.002768043,10850,0.15226595103740692,5.557120000000001e-05,,
2000.0,24487936,1087,2230,10976,3083.20384761,33.408766291358255,17.461788177490234,0.2,-0.002026667502253655,0.9263184793970801,0.8842552900314331,0.031911399147727275,0.0037474497,10860,0.15229351818561554,5.534592000000001e-05,,
2000.0,24510464,1088,2231,10983,3097.05215236,21.98711830919439,6.558574676513672,0.2,-0.0018301153910049999,0.9238554384220731,0.9102979898452759,0.03780184659090909,0.0045336518,10870,0.15261763334274292,5.5120639999999985e-05,,
,24530000,,,,,26.60318872495131,11.845867156982422,0.2,-0.0017436372626848011,0.918391790986061,0.896912157535553,0.02863547585227273,0.0037910899,10880,0.15319575369358063,5.489535999999999e-05,2000.0,3344.3812672500003
2000.0,24532992,1089,2226,11016,3107.7560576199994,,,,,,,,,,,,,
2000.0,24555520,1090,2227,11022,3104.5559706900003,20.7933077508753,7.60569429397583,0.2,-0.0014789594986888749,0.9125052632255988,0.8990955948829651,0.02953213778409091,0.0041806903,10890,0.15347325801849365,5.4670079999999995e-05,,
2000.0,24578048,1091,2228,11028,3099.4246234100005,22.608460252935235,22.069425582885742,0.2,-0.001513199864579788,0.912354496663267,0.9136896729469299,0.03453480113636364,0.0042004045,10900,0.1532355099916458,5.44448e-05,,
2000.0,24600576,1092,2229,11035,3086.0345223599998,28.390753436088563,19.264816284179688,0.2,-0.0010792176297400146,0.9141911827705124,0.9140201807022095,0.02049893465909091,0.003238725,10910,0.15322661399841309,5.4219520000000006e-05,,
2000.0,24623104,1093,2230,11041,3076.38455243,22.055215438929473,10.412806510925293,0.2,-0.0016510311228392477,0.9200815960764885,0.8779981136322021,0.028515625,0.004100754,10920,0.15241342782974243,5.399424000000001e-05,,
,24640000,,,,,13.80722951672294,8.764381408691406,0.2,-0.0015715837931069968,0.9270238602703268,0.9285832643508911,0.02497336647727273,0.0038474775,10930,0.15199963748455048,5.376895999999998e-05,2000.0,3350.2118792999995
2000.0,24645632,1094,2225,11073,3092.059757999999,,,,,,,,,,,,,
2000.0,24668160,1095,2226,11080,3100.6004122100003,21.990578831325877,20.308290481567383,0.2,-0.0019709012809802184,0.9309527467597615,0.8969776034355164,0.037659801136363635,0.0037318838,10940,0.1518883854150772,5.354367999999999e-05,,
2000.0,24690688,1096,2226,11087,3100.1155279699997,25.483844901214947,23.382200241088867,0.2,-0.0008624061457918618,0.931722396205772,0.9103747010231018,0.020543323863636363,0.0030428441,10950,0.15192070603370667,5.3318399999999994e-05,,
1981.6,24713216,1097,2227,11094,3063.3269884400006,22.56180570233952,9.026445388793945,0.2,-0.0026131389797559345,0.9302237066355619,0.8866662383079529,0.044624467329545454,0.004418965,10960,0.15211014449596405,5.309312e-05,,
1981.6,24735744,1098,2228,11101,3062.7700046500004,27.67520781321959,21.962961196899414,0.2,-0.0016540890130934051,0.9258490493351763,0.9105731248855591,0.02204367897727273,0.0035421683,10970,0.15255767107009888,5.2867840000000005e-05,,
,24750000,,,,,24.41317101608623,10.080869674682617,0.2,-0.003048058514832519,0.9225404991344972,0.8627492189407349,0.050608132102272725,0.0052674212,10980,0.15264460444450378,5.2642560000000014e-05,2000.0,3371.85156985
1981.6,24758272,1099,2223,11136,3061.4866931299994,,,,,,,,,,,,,
1981.6,24780800,1100,2223,11143,3060.8367262700003,27.137711340730842,20.743959426879883,0.2,-0.002060539681009356,0.9207042862068523,0.8939391374588013,0.02899502840909091,0.003449285,10990,0.15282417833805084,5.241727999999998e-05,,
1981.6,24803328,1101,2224,11150,3054.895564750001,24.893077050555835,12.80981731414795,0.2,-0.0008735648216150532,0.921768396686424,0.8995224833488464,0.017640269886363635,0.0025337448,11000,0.15245121717453003,5.219199999999999e-05,,
1981.6,24825856,1102,2225,11157,3053.8447053000004,22.436802036112006,7.539822101593018,0.2,-0.0014994712996254252,0.9216401262716813,0.8997945785522461,0.028196022727272726,0.0043152007,11010,0.15283438563346863,5.196671999999999e-05,,
1981.6,24848384,1103,2225,11164,3040.479157030001,23.12198390527205,10.822073936462402,0.2,-0.001213241107920608,0.9177493910897861,0.8995102643966675,0.01789328835227273,0.0035712877,11020,0.15313808619976044,5.174144e-05,,
,24860000,,,,,27.345055014436895,11.521202087402344,0.2,-0.0017805325573797084,0.9178618761626157,0.9054704904556274,0.029651988636363636,0.004045822,11030,0.1527600884437561,5.1516160000000004e-05,2000.0,3377.1839196999995
1981.6,24870912,1104,2221,11196,3015.75519873,,,,,,,,,,,,,
2000.0,24893440,1105,2222,11202,3050.81378228,28.88619028004733,7.214632987976074,0.2,-0.0007380102085087194,0.9201560663906011,0.85843425989151,0.015616122159090908,0.0032914944,11040,0.15281060338020325,5.129088000000001e-05,,
2000.0,24915968,1106,2222,11209,3050.18186503,22.405343160846016,13.97148609161377,0.2,-0.0014576802506450226,0.9189532534642653,0.9116981029510498,0.025146484375,0.00396617,11050,0.1529434621334076,5.106559999999999e-05,,
2000.0,24938496,1107,2223,11217,3051.38561698,29.34879415468736,16.461444854736328,0.2,-0.0010056820000913418,0.9163350147279826,0.8845757842063904,0.013259055397727273,0.0025110838,11060,0.15311571955680847,5.084031999999999e-05,,
2000.0,24961024,1108,2223,11224,3060.58598687,19.742401081865484,8.750494003295898,0.2,-0.0016010762784968724,0.9177762204950506,0.8949722051620483,0.035680042613636366,0.0046909,11070,0.15286380052566528,5.061504e-05,,
,24970000,,,,,28.40463634187525,7.893875598907471,0.2,-0.001528645988384431,0.916993775692853,0.9119279384613037,0.020219282670454544,0.003168796,11080,0.15313777327537537,5.038976e-05,2000.0,3380.4376009499997
2000.0,24983552,1109,2219,11256,3047.6060930999997,,,,,,,,,,,,,
2000.0,25006080,1110,2220,11262,3066.58867666,18.984030977162448,7.3318586349487305,0.2,-0.0006656883832130751,0.9152764679356055,0.8785367608070374,0.024223188920454546,0.004478821,11090,0.1532040536403656,5.016448000000001e-05,,
2000.0,25028608,1111,2221,11268,3066.73796768,17.033527690714056,9.82888126373291,0.2,-0.0011564455212051557,0.9184578058394519,0.9068862795829773,0.031307705965909094,0.0040822835,11100,0.1525678038597107,4.993919999999998e-05,,
2000.0,25051136,1112,2221,11275,3066.91409569,25.79567020372911,10.804759979248047,0.2,-0.0019187539530156012,0.9261121531779116,0.8667084574699402,0.028364701704545456,0.0039513954,11110,0.15213149785995483,4.9713919999999986e-05,,
2000.0,25073664,1113,2222,11282,3078.1416567899996,43.046797256036236,19.05916976928711,0.2,-0.0012233018048308706,0.927843811024319,0.8439797759056091,0.022420987215909093,0.004078183,11120,0.15221622586250305,4.948863999999999e-05,,
,25080000,,,,,31.663236557353628,13.542794227600098,0.2,-0.0010091976741519334,0.922777331146327,0.8651178479194641,0.023237748579545456,0.00328738,11130,0.15291252732276917,4.926336e-05,2000.0,3410.4758176000005
2000.0,25096192,1114,2218,11314,3089.430632060001,,,,,,,,,,,,,
2000.0,25118720,1115,2218,11321,3098.9553156400007,21.214052099531347,5.660228729248047,0.2,-0.0009511188043688889,0.916128920154138,0.8850322365760803,0.023131214488636365,0.0025459558,11140,0.1531655192375183,4.903808e-05,,
2000.0,25141248,1116,2219,11328,3100.7497671099995,25.970323805375532,8.330744743347168,0.2,-0.001535190194210207,0.9148375721140342,0.9042640924453735,0.02082297585227273,0.0033052824,11150,0.1531415581703186,4.881280000000001e-05,,
1981.55,25163776,1117,2219,11336,3079.92647326,24.14444689100439,19.63346290588379,0.2,-0.0008358140688373665,0.9159126635302197,0.8819210529327393,0.022327769886363636,0.0029824139,11160,0.1529742181301117,4.858751999999998e-05,,
1981.55,25186304,1118,2220,11343,3086.29632305,34.757701522653754,15.060616493225098,0.2,-0.0013916500441899355,0.9159360708160834,0.8916475772857666,0.019082919034090907,0.0029534453,11170,0.15321123600006104,4.8362239999999985e-05,,
,25190000,,,,,43.90769919482145,25.792558670043945,0.2,-0.0016814349907111716,0.9177138730883598,0.8577121496200562,0.020609907670454546,0.0033331863,11180,0.1527336984872818,4.8136959999999994e-05,2000.0,3421.9005405000003
1981.55,25208832,1119,2215,11375,3062.6858393700004,,,,,,,,,,,,,
1981.55,25231360,1120,2216,11383,3062.656053109999,42.87745559865778,17.672927856445312,0.2,-0.0005738884049192579,0.922625736485828,0.8544588088989258,0.008229758522727273,0.0025039327,11190,0.15243983268737793,4.7911679999999996e-05,,
1981.55,25253888,1121,2217,11389,3067.69602519,33.72874340360815,11.558510780334473,0.2,-0.0011466549087675627,0.9242169900373979,0.8851022124290466,0.02086736505681818,0.0033654855,11200,0.15246367454528809,4.7686400000000005e-05,,
1981.55,25276416,1122,2218,11395,3072.271856949999,26.960929413275284,12.808830261230469,0.2,-0.0016754792161836204,0.926733859018846,0.8973014950752258,0.03358043323863636,0.0045794207,11210,0.15205150842666626,4.746112000000001e-05,,
1981.55,25298944,1123,2218,11402,3059.18871493,36.02273512320085,15.876303672790527,0.2,-0.0006731578730978071,0.927040692215616,0.8808757066726685,0.012220348011363636,0.0019879066,11220,0.1524154543876648,4.723583999999998e-05,,
,25300000,,,,,22.3334721586921,14.182857513427734,0.2,-0.001205097828377885,0.9248374353755604,0.8995282053947449,0.025838955965909093,0.0037162937,11230,0.15238846838474274,4.7010559999999984e-05,2000.0,3434.1551281
1981.55,25321472,1124,2214,11432,3055.6409637300003,,,,,,,,,,,,,
1981.55,25344000,1125,2215,11438,3032.8579442900004,25.063016891479492,9.449845314025879,0.2,-0.0018439989534354854,0.9258964581923051,0.8876176476478577,0.027130681818181818,0.0036424173,11240,0.15223391354084015,4.678527999999999e-05,,
2000.0,25366528,1126,2216,11444,3055.01270286,30.38104338429191,11.552251815795898,0.2,-0.0013059048947814682,0.9277213302525606,0.92726731300354,0.014501953125,0.0029885678,11250,0.15209439396858215,4.6559999999999995e-05,,
2000.0,25389056,1127,2217,11451,3068.10669482,33.266835642944685,15.908591270446777,0.2,-0.0009915235047546131,0.9270886341279203,0.8838464021682739,0.02130681818181818,0.0033016056,11260,0.1523386836051941,4.6334720000000003e-05,,
,25410000,,,,,24.685743257132444,16.886734008789062,0.2,-0.00164533619615461,0.9262845841321078,0.8797548413276672,0.024094460227272727,0.0034239024,11270,0.15224960446357727,4.6109440000000006e-05,2000.0,3435.7493513
2000.0,25411584,1128,2213,11481,3093.88687851,,,,,,,,,,,,,
2000.0,25434112,1129,2214,11487,3096.7574053099997,33.005034212632616,12.685175895690918,0.2,-0.001785774825045585,0.9237547462636774,0.8595529794692993,0.029820667613636363,0.00416018,11280,0.152669757604599,4.588415999999998e-05,,
2000.0,25456640,1130,2214,11493,3087.3153754999994,30.129477602785283,16.086158752441406,0.2,-0.0017144496258962054,0.9200861986387859,0.8519579172134399,0.025221946022727273,0.0038703464,11290,0.1528397500514984,4.565887999999999e-05,,
1998.16,25479168,1131,2215,11500,3098.39270789,32.76135614135048,15.77479362487793,0.2,-0.0006870970058530061,0.9177963690324263,0.8513192534446716,0.017174183238636363,0.003127087,11300,0.15302063524723053,4.543359999999999e-05,,
1998.16,25501696,1132,2216,11507,3108.5727851399993,24.41872156424956,13.141179084777832,0.2,-0.001171628153877629,0.9160602832382375,0.920019268989563,0.018292791193181817,0.0024467995,11310,0.15309631824493408,4.520832e-05,,
,25520000,,,,,37.352921321175316,15.88625717163086,0.2,-0.002229186816839501,0.9144891247153282,0.8889605402946472,0.02872869318181818,0.0044342712,11320,0.15329281985759735,4.498304e-05,2000.0,3420.6515781000003
1998.16,25524224,1133,2211,11541,3108.60923869,,,,,,,,,,,,,
1998.16,25546752,1134,2212,11548,3132.6732059099995,24.793796652013604,19.020030975341797,0.2,-0.0016360626513646408,0.9140728408640081,0.8708957433700562,0.03353604403409091,0.005184943,11330,0.15315338969230652,4.475776000000001e-05,,
1998.16,25569280,1135,2212,11554,3143.91120412,18.894694938442925,10.282644271850586,0.2,-0.0020248436011818492,0.9167728583921085,0.8847106099128723,0.023876953125,0.0034991612,11340,0.1528516262769699,4.453247999999998e-05,,
1995.65,25591808,1136,2213,11561,3134.9746919099994,26.153028915145182,8.432987213134766,0.2,-0.0013745006651416506,0.9210689308968457,0.8789832592010498,0.027139559659090907,0.004035589,11350,0.1525324285030365,4.430719999999999e-05,,
1995.65,25614336,1137,2214,11568,3125.0666008299995,33.126948432488874,14.597234725952148,0.2,-0.0014744334290629592,0.9236448554830118,0.9038705229759216,0.016943359375,0.0024901365,11360,0.152452290058136,4.408191999999999e-05,,
,25630000,,,,,36.44112138531425,12.477322578430176,0.2,-0.0008646128167377107,0.9258390571583401,0.8708354830741882,0.01897638494318182,0.0027813336,11370,0.15216191112995148,4.385664e-05,2000.0,3423.1720261
1991.77,25636864,1138,2210,11600,3121.2361127299996,,,,,,,,,,,,,
1991.77,25659392,1139,2210,11606,3119.36801687,32.24219678531993,9.412315368652344,0.2,-0.0016248454540883275,0.928360586410219,0.8954850435256958,0.025288529829545454,0.0041148746,11380,0.15213489532470703,4.363136e-05,,
1993.61,25681920,1140,2211,11612,3124.2076731599996,19.340736572308973,8.149365425109863,0.2,-0.0012600586368617687,0.9273989241231572,0.8812218904495239,0.021897194602272727,0.0033586286,11390,0.15227119624614716,4.340608000000001e-05,,
1974.93,25704448,1141,2212,11618,3076.7399883899993,26.31325919303027,7.2558369636535645,0.2,-0.001325278778676875,0.927725079384717,0.8944658637046814,0.014968039772727273,0.0034938625,11400,0.15209349989891052,4.3180799999999985e-05,,
1974.93,25726976,1142,2212,11625,3088.41241264,28.714738150076432,11.571932792663574,0.2,-0.0013321243388583588,0.928760989010334,0.9018380641937256,0.02263849431818182,0.0034226263,11410,0.1520097702741623,4.295551999999999e-05,,
,25740000,,,,,21.86644414663315,6.74756383895874,0.2,-0.0009876779606036673,0.9310896101323041,0.852590799331665,0.026273970170454547,0.0034155452,11420,0.1518595814704895,4.2730239999999996e-05,2000.0,3438.5101705
1974.93,25749504,1143,2209,11655,3068.8731725400007,,,,,,,,,,,,,
1977.44,25772032,1144,2209,11661,3061.9289470900007,37.220395690744574,18.093826293945312,0.2,-0.0011739288721318271,0.9319277709180659,0.8532448410987854,0.01741388494318182,0.0040600845,11430,0.15179598331451416,4.250496e-05,,
1977.44,25794560,1145,2210,11668,3079.2010603100007,36.45525750897148,20.840185165405273,0.2,-0.0017423898240932348,0.9319592840292237,0.8493208289146423,0.027223899147727274,0.003375055,11440,0.15188392996788025,4.2279680000000006e-05,,
1975.63,25817088,1146,2211,11674,3065.34442691,24.537708937038076,19.308542251586914,0.2,-0.0012851022828148085,0.9304706810550256,0.8882616758346558,0.019753196022727272,0.0029578828,11450,0.15199413895606995,4.205440000000001e-05,,
1979.51,25839616,1147,2212,11681,3067.0855342299997,45.889968325875024,15.227667808532715,0.2,-0.0022752499173458833,0.9285096140070395,0.886080801486969,0.033757990056818184,0.0047507025,11460,0.15220293402671814,4.1829119999999983e-05,,
,25850000,,,,,30.035718607902528,8.857539176940918,0.2,-0.001438164358313026,0.92862172763456,0.853624165058136,0.025665838068181818,0.0040969756,11470,0.15199002623558044,4.1603839999999986e-05,2000.0,3432.7639394999997
1979.51,25862144,1148,2207,11715,3071.57536059,,,,,,,,,,,,,
1998.19,25884672,1149,2208,11722,3091.8747059299994,34.526653689687905,7.564550399780273,0.2,-0.0010394796239614318,0.9273195994171229,0.8628851771354675,0.016060014204545454,0.0027387345,11480,0.15241330862045288,4.1378559999999994e-05,,
1998.19,25907200,1150,2208,11730,3096.9532034999997,24.697056330334057,13.62268352508545,0.2,-0.001283845144842582,0.923848541487347,0.8641252517700195,0.022758345170454546,0.0032620856,11490,0.15249302983283997,4.1153279999999996e-05,,
1998.19,25929728,1151,2209,11736,3095.5240245699997,24.884377159855582,14.013359069824219,0.2,-0.0006904912037002346,0.9239499762654304,0.8963882923126221,0.00870028409090909,0.002205492,11500,0.15237179398536682,4.0928000000000005e-05,,
1998.19,25952256,1152,2209,11744,3107.4507829199997,25.321434925902974,21.183149337768555,0.2,-0.001318217207550664,0.9237173247066411,0.9011582136154175,0.023961292613636363,0.0038895526,11510,0.1525568962097168,4.0702720000000014e-05,,
,25960000,,,,,22.912660989978097,13.335271835327148,0.2,-0.0010075702001896307,0.9238224463029341,0.8756542205810547,0.023295454545454546,0.0038415396,11520,0.15235403180122375,4.047743999999998e-05,2000.0,3431.4282875
1998.19,25974784,1153,2205,11778,3117.2813928600003,,,,,,,,,,,,,
1998.19,25997312,1154,2205,11785,3107.0354797599994,30.653146331960503,9.629060745239258,0.2,-0.0018766759751914915,0.9258435369892554,0.9010338187217712,0.021746271306818183,0.0035169087,11530,0.15225455164909363,4.025215999999999e-05,,
2000.0,26019840,1155,2206,11791,3124.9865362299997,23.38759260827845,7.52020263671875,0.2,-0.0009284105662531643,0.9257765550505032,0.910334050655365,0.01825284090909091,0.0033728383,11540,0.15241634845733643,4.002687999999999e-05,,
2000.0,26042368,1156,2207,11799,3149.0641866200003,26.06841949549588,16.583484649658203,0.2,-0.0011255717018767344,0.923058617385951,0.9072563648223877,0.020569957386363635,0.0041574277,11550,0.15262435376644135,3.98016e-05,,
2000.0,26064896,1157,2207,11806,3152.44684056,28.096262361786582,16.951589584350586,0.2,-0.0025000259274913167,0.922716684774919,0.86875981092453,0.03868963068181818,0.0044941134,11560,0.1524612307548523,3.9576320000000004e-05,,
,26070000,,,,,39.37848092209209,17.880298614501953,0.2,-0.00017149470381396399,0.9253142421895807,0.8843441009521484,0.007404119318181818,0.0020921172,11570,0.15221647918224335,3.935104000000001e-05,2000.0,3454.0999137999997
1990.32,26087424,1158,2203,11838,3134.4375930700007,,,,,,,,,,,,,
1990.32,26109952,1159,2204,11845,3133.227042320001,35.22232890345833,21.846542358398438,0.2,-0.001195902058547786,0.9281549356200478,0.9216580390930176,0.01904296875,0.0033246889,11580,0.15205204486846924,3.912575999999998e-05,,
1978.08,26132480,1160,2204,11851,3100.61517702,33.72308389490301,44.6358528137207,0.2,-0.0013509224224518138,0.9271115380254659,0.8838281631469727,0.029310191761363635,0.0043107006,11590,0.15236985683441162,3.890047999999999e-05,,
1978.08,26155008,1161,2205,11858,3108.0289197,24.091832409121775,5.1991753578186035,0.2,-0.0010948588301702825,0.925225159119476,0.9344431161880493,0.013862748579545454,0.0031080584,11600,0.1523687094449997,3.867519999999999e-05,,
1959.78,26177536,1162,2206,11864,3075.2437414700003,28.51028452569788,11.856792449951172,0.2,-0.0015286154469570398,0.9258548862554811,0.8997193574905396,0.02057439630681818,0.003437668,11610,0.15225058794021606,3.844992e-05,,
,26180000,,,,,48.39160826206207,20.63129234313965,0.2,-0.001595453218429942,0.9276391507549719,0.9025789499282837,0.024840198863636365,0.0030673807,11620,0.15207219123840332,3.822464000000001e-05,2000.0,3451.784853450001
1959.78,26200064,1163,2202,11895,3062.826370419999,,,,,,,,,,,,,
1942.7,26222592,1164,2203,11902,3032.5992616099998,25.061398699066856,11.316987991333008,0.2,-0.0011709242897764355,0.9281205621632662,0.9026243090629578,0.018079723011363635,0.0031350052,11630,0.15216779708862305,3.799936000000001e-05,,
1942.7,26245120,1165,2203,11908,3019.544873339999,39.91553711457686,23.16193389892578,0.2,-0.0013566644690978468,0.928092830424959,0.9171689748764038,0.008163174715909091,0.001982605,11640,0.1520940214395523,3.7774079999999986e-05,,
1950.66,26267648,1166,2204,11915,3041.2329417899996,23.90158744400198,16.97317123413086,0.2,-0.001894910251774656,0.92834045345133,0.8869911432266235,0.033278586647727273,0.0041158292,11650,0.15215954184532166,3.754879999999999e-05,,
,26290000,,,,,37.34423138445074,18.15625762939453,0.2,-0.0011048541027279995,0.9279298061674291,0.9057689905166626,0.015065696022727273,0.0025163228,11660,0.15219196677207947,3.732352e-05,2000.0,3412.9494673500003
1950.66,26290176,1167,2200,11946,3038.84023704,,,,,,,,,,,,,
1962.9,26312704,1168,2201,11952,3061.1066886000003,19.083923451466994,8.119176864624023,0.2,-0.0010173912541094152,0.9276148876005953,0.9115321040153503,0.020276988636363635,0.0032892502,11670,0.15214553475379944,3.709824e-05,,
1948.72,26335232,1169,2201,11959,3029.8352870799995,43.627630610899494,11.957348823547363,0.2,-0.0006828747927846218,0.9253451668403365,0.8653206825256348,0.012180397727272727,0.0026292289,11680,0.1525244116783142,3.687296000000001e-05,,
1948.72,26357760,1170,2202,11966,3015.0412680200006,36.19105939648368,16.066617965698242,0.2,-0.0010316343702883883,0.922356733137911,0.907268762588501,0.012349076704545454,0.002634634,11690,0.15264800190925598,3.664768000000001e-05,,
1967.02,26380288,1171,2203,11972,3046.0041873699997,34.227560023827984,19.49847984313965,0.2,-0.0015271248750981282,0.9213220632889054,0.8689994215965271,0.020778586647727273,0.003844268,11700,0.1526627093553543,3.6422399999999985e-05,,
,26400000,,,,,27.500764513015746,11.864704132080078,0.2,-0.002239807318388061,0.9222964546897194,0.8968107104301453,0.03516512784090909,0.0038190514,11710,0.152468740940094,3.619711999999999e-05,2000.0,3439.1766186500004
1967.02,26402816,1172,2199,12003,3054.6545999399996,,,,,,,,,,,,,
1984.1,26425344,1173,2200,12010,3079.6774987599997,29.685283652218907,10.932741165161133,0.2,-0.00230829490412196,0.9250882205638018,0.8648185729980469,0.03396218039772727,0.004281537,11720,0.15221312642097473,3.5971839999999996e-05,,
1976.62,26447872,1174,2200,12016,3049.0305647899995,25.380237646536393,10.296648025512695,0.2,-0.00196315055773911,0.9266322165727615,0.8858689069747925,0.025630326704545455,0.0027183297,11730,0.15230628848075867,3.5746560000000005e-05,,
1978.34,26470400,1175,2201,12023,3059.938049400001,30.18122052712874,16.67921257019043,0.2,-0.0009824502387676727,0.9251111338084395,0.8990395665168762,0.014657315340909092,0.0029662794,11740,0.1524215042591095,3.552128000000001e-05,,
1978.34,26492928,1176,2202,12030,3058.8039665199994,21.912270815805954,14.888481140136719,0.2,-0.0021050209962678226,0.9264687020670284,0.8790895342826843,0.03128107244318182,0.004209159,11750,0.15210554003715515,3.5296000000000016e-05,,
,26510000,,,,,17.27301777655428,10.437679290771484,0.2,-0.0012770898957652124,0.9295622000640089,0.8883686065673828,0.016273082386363637,0.0027611505,11760,0.15193387866020203,3.5070719999999984e-05,2000.0,3437.0286212500005
1978.34,26515456,1177,2198,12061,3075.4036930600005,,,,,,,,,,,,,
1992.52,26537984,1178,2198,12069,3090.828037309999,43.584589559381655,19.78924560546875,0.2,-0.0005134248584826392,0.9317937072027813,0.8582592606544495,0.009583629261363637,0.0016430833,11770,0.1517750769853592,3.484543999999999e-05,,
1992.52,26560512,1179,2199,12076,3089.300072899999,40.424447707696395,29.78534507751465,0.2,-0.0012783164097610014,0.93313874846155,0.8899086713790894,0.015189985795454546,0.0027521579,11780,0.15173804759979248,3.4620159999999995e-05,,
1992.52,26583040,1180,2199,12083,3107.35721804,23.337468216635965,10.392324447631836,0.2,-0.0009495921271577986,0.9344272429292853,0.9055707454681396,0.02207919034090909,0.0034041733,11790,0.15162548422813416,3.4394880000000004e-05,,
1992.52,26605568,1181,2200,12089,3116.2203740499995,26.051938448169015,12.65577507019043,0.2,-0.000966365748106248,0.9365530070933429,0.9035531282424927,0.013716264204545454,0.0032257438,11800,0.15137925744056702,3.4169600000000006e-05,,
,26620000,,,,,27.748619534752585,9.36357593536377,0.2,-0.0008676062152847986,0.9364894946867769,0.8736482858657837,0.017143110795454546,0.0026754148,11810,0.15162165462970734,3.394431999999998e-05,2000.0,3425.6008925999995
1992.52,26628096,1182,2196,12121,3125.22400032,,,,,,,,,,,,,
2000.0,26650624,1183,2197,12127,3138.3712684200004,34.913938136534256,18.825929641723633,0.2,-0.0012384584275423548,0.9352085800333456,0.898882269859314,0.021302379261363635,0.0037080846,11820,0.1515362560749054,3.371903999999998e-05,,
2000.0,26673152,1184,2198,12133,3140.8826054300002,33.58784290660511,24.197154998779297,0.2,-0.0013192253962518985,0.9364042926918377,0.8463999032974243,0.01914950284090909,0.0029394873,11830,0.1514703929424286,3.349375999999999e-05,,
2000.0,26695680,1185,2198,12140,3107.8727340399996,36.80456061146476,10.862517356872559,0.2,-0.0010653902416710148,0.9376400156454606,0.8584001064300537,0.017436079545454546,0.0028762624,11840,0.15132355690002441,3.326848e-05,,
2000.0,26718208,1186,2199,12147,3121.2456032099994,27.270378613471983,15.42410659790039,0.2,-0.0009365492046609605,0.9392300937663425,0.8748676180839539,0.02650479403409091,0.0037258265,11850,0.15126964449882507,3.30432e-05,,
,26730000,,,,,15.834756085005674,6.261183738708496,0.2,-0.0017474724326430905,0.9399275749921798,0.9194803237915039,0.028244850852272727,0.0036357464,11860,0.15121571719646454,3.281792000000001e-05,2000.0,3448.7275958500004
2000.0,26740736,1187,2195,12178,3159.1570836299998,,,,,,,,,,,,,
2000.0,26763264,1188,2196,12184,3133.0904556199994,31.57646881016818,13.90990161895752,0.2,-0.0013873179377035492,0.9394410279664126,0.8814820051193237,0.018217329545454547,0.0038576454,11870,0.1513841599225998,3.259263999999998e-05,,
2000.0,26785792,1189,2197,12191,3120.3546067600005,33.979675095731565,21.536073684692383,0.2,-0.0015584162452300502,0.9373702032999559,0.8672373294830322,0.020982776988636365,0.0035598169,11880,0.15147793292999268,3.236735999999999e-05,,
2000.0,26808320,1190,2197,12197,3123.3589805,31.534114438837225,8.399862289428711,0.2,-0.0016099671851737764,0.9367429347200827,0.8667185306549072,0.02521306818181818,0.0039840145,11890,0.15146562457084656,3.214207999999999e-05,,
2000.0,26830848,1191,2198,12204,3132.1742168299998,23.803006063808095,27.387441635131836,0.2,-0.0010233797701816498,0.9365342798558148,0.8660753965377808,0.017236328125,0.0034293665,11900,0.15154314041137695,3.19168e-05,,
,26840000,,,,,34.83657127510418,18.351430892944336,0.2,-0.001489579692927443,0.9369972132823684,0.8874266147613525,0.02216796875,0.0028778424,11910,0.15141025185585022,3.169152e-05,2000.0,3419.3760628499995
2000.0,26853376,1192,2194,12236,3121.6793221,,,,,,,,,,,,,
2000.0,26875904,1193,2195,12242,3126.19810344,17.697102396054703,9.30913257598877,0.2,-0.001942530035210604,0.9402011105960065,0.9020488262176514,0.026566938920454544,0.0039326246,11920,0.15107512474060059,3.146624000000001e-05,,
2000.0,26898432,1194,2195,12249,3144.99669944,26.21172174323689,13.059435844421387,0.2,-0.0011964426971231164,0.9427651624787937,0.8758863806724548,0.025492720170454546,0.00396746,11930,0.15104883909225464,3.1240959999999985e-05,,
2000.0,26920960,1195,2196,12255,3121.0293579600007,35.90766277746721,19.66969108581543,0.2,-0.0013321193641538478,0.9420343801379204,0.8680166006088257,0.012318004261363636,0.0027589314,11940,0.1511111557483673,3.101567999999999e-05,,
2000.0,26943488,1196,2197,12262,3108.26787916,36.52262954061682,25.093177795410156,0.2,-0.0005833568749949336,0.9403413001786579,0.880770742893219,0.007550603693181818,0.0025670717,11950,0.15131212770938873,3.0790399999999996e-05,,
,26950000,,,,,26.596908460963856,9.633273124694824,0.2,-0.001871586664161772,0.9386862284757874,0.8843730092048645,0.02923916903409091,0.0043614963,11960,0.1513444185256958,3.056512e-05,2000.0,3447.6632084999997
2000.0,26966016,1197,2193,12292,3131.27173736,,,,,,,,,,,,,
2000.0,26988544,1198,2194,12299,3132.1338431299996,23.088390017639508,11.062705993652344,0.2,-0.0006851188428382474,0.9394900044256991,0.8860598802566528,0.014879261363636364,0.0029267638,11970,0.15120890736579895,3.0339840000000003e-05,,
2000.0,27011072,1199,2194,12306,3124.0339013999996,33.68773162798448,10.681551933288574,0.2,-0.0012132975439519875,0.9397599460049109,0.8824461698532104,0.01866122159090909,0.0037178518,11980,0.15131458640098572,3.011456000000001e-05,,
2000.0,27033600,1200,2195,12313,3146.480635819999,33.69934364990755,19.496471405029297,0.2,-0.002126092250744643,0.9402033984661102,0.8647710084915161,0.032062322443181815,0.0038334108,11990,0.15114176273345947,2.9889279999999984e-05,,
2000.0,27056128,1201,2195,12321,3154.3158084600004,23.628508643670514,12.041860580444336,0.2,-0.0016311079041439701,0.9410711480812592,0.89412921667099,0.01939364346590909,0.0028694624,12000,0.15125879645347595,2.966399999999999e-05,,
,27060000,,,,,32.4182114536112,17.292598724365234,0.2,-0.0013502205042062666,0.9401302181861617,0.8812503218650818,0.0177734375,0.00429005,12010,0.1511719822883606,2.9438719999999995e-05,2000.0,3490.9352277000007
1984.11,27078656,1202,2191,12353,3125.71500215,,,,,,,,,,,,,
1966.72,27101184,1203,2192,12360,3097.38654527,31.467627971822566,11.01087760925293,0.2,-0.0016173777310706844,0.9416893822225657,0.9076879620552063,0.026340553977272727,0.0038204072,12020,0.15104971826076508,2.921344e-05,,
1963.54,27123712,1204,2193,12367,3098.2907804,25.261902074380355,17.54391860961914,0.2,-0.0014490314775188876,0.9425049042159861,0.9224450588226318,0.021155894886363637,0.0044541904,12030,0.1510867178440094,2.8988160000000005e-05,,
1963.54,27146240,1205,2193,12374,3105.75875445,27.40407846624201,8.659523963928223,0.2,-0.0016477310363287954,0.9439110280437903,0.9040684700012207,0.018536931818181817,0.00242734,12040,0.15079064667224884,2.876288000000001e-05,,
1963.54,27168768,1206,2194,12380,3100.60487919,32.19233388900757,15.273492813110352,0.2,-0.0017420080561847003,0.9466806427998976,0.8682770729064941,0.035844282670454544,0.004893054,12050,0.15068012475967407,2.8537599999999982e-05,,
,27170000,,,,,21.89563318274238,11.154119491577148,0.2,-0.0015100661890094422,0.9463986079801213,0.8861032724380493,0.026442649147727273,0.0036188418,12060,0.1508539915084839,2.8312319999999988e-05,2000.0,3454.1725930499997
1963.54,27191296,1207,2190,12412,3097.9911490199993,,,,,,,,,,,,,
1963.54,27213824,1208,2191,12419,3102.0663603299995,33.296059450236235,15.212580680847168,0.2,-0.0014011228338032115,0.9447671529921619,0.9068273901939392,0.013481001420454546,0.002659534,12070,0.15088418126106262,2.8087039999999993e-05,,
1963.54,27236352,1209,2191,12426,3087.90458273,37.13974852995439,24.761932373046875,0.2,-0.0006736509755931118,0.9447361290454864,0.8872091770172119,0.010879794034090909,0.0026013395,12080,0.15088656544685364,2.786176e-05,,
1963.54,27258880,1210,2192,12433,3066.37489586,39.14942476966164,27.34912109375,0.2,-0.0012067464100916617,0.943080229379914,0.8905045390129089,0.015962357954545453,0.002470271,12090,0.15114784240722656,2.7636480000000004e-05,,
,27280000,,,,,36.72812796072527,16.361736297607422,0.2,-0.0014213519874663855,0.9386130101301453,0.8670805096626282,0.009184126420454545,0.00211012,12100,0.15158015489578247,2.741120000000001e-05,2000.0,3440.562668650001
1979.43,27281408,1211,2188,12465,3089.639609879999,,,,,,,,,,,,,
1996.82,27303936,1212,2189,12471,3118.753895,32.61541602828286,9.635306358337402,0.2,-0.0010949190118646418,0.9335546895861626,0.8998752236366272,0.017808948863636365,0.0028460873,12110,0.1518619954586029,2.7185919999999984e-05,,
2000.0,27326464,1213,2189,12478,3111.51595226,35.055309386686844,14.369856834411621,0.2,-0.0016033998743461614,0.9329524082216349,0.8739007115364075,0.01903409090909091,0.0030633293,12120,0.1517181694507599,2.696063999999999e-05,,
2000.0,27348992,1214,2190,12485,3115.22429843,31.33815798109228,14.307562828063965,0.2,-0.0014104518888581714,0.9315021249380979,0.8991953730583191,0.0197265625,0.0034092136,12130,0.15206289291381836,2.6735359999999995e-05,,
2000.0,27371520,1215,2191,12492,3121.1999623799998,21.753833387114785,9.56639575958252,0.2,-0.0015354795960857617,0.9300022259354591,0.8958149552345276,0.020481178977272727,0.0034843723,12140,0.15196138620376587,2.651008e-05,,
,27390000,,,,,26.044844965501266,9.271737098693848,0.2,-0.0012715318057664924,0.9295547406781803,0.8867303729057312,0.021253551136363635,0.0033619518,12150,0.1521015763282776,2.6284800000000006e-05,2000.0,3459.5850852000003
2000.0,27394048,1216,2187,12523,3122.1398713299986,,,,,,,,,,,,,
2000.0,27416576,1217,2187,12530,3111.733641109999,33.32885813929818,13.124141693115234,0.2,-0.0013700206004696983,0.9279826619408348,0.901589035987854,0.010182883522727273,0.0020501576,12160,0.1521926373243332,2.605952000000001e-05,,
2000.0,27439104,1218,2188,12537,3105.318453730001,33.495101018385455,22.113502502441406,0.2,-0.0011620485451368785,0.9279149673201821,0.8961571455001831,0.018314985795454545,0.0035360178,12170,0.1521245539188385,2.5834239999999983e-05,,
2000.0,27461632,1219,2189,12544,3132.2664063600005,27.56418631076813,7.166385173797607,0.2,-0.001234118147245185,0.9275420961054889,0.8947376012802124,0.012349076704545454,0.0034952664,12180,0.1522645354270935,2.560895999999999e-05,,
2000.0,27484160,1220,2189,12551,3136.1306196200003,29.096409916877747,4.1953535079956055,0.2,-0.001173794984722256,0.9280398107387803,0.8887826800346375,0.021511008522727273,0.004310123,12190,0.1520049273967743,2.5383679999999994e-05,,
,27500000,,,,,35.07042200348594,22.630895614624023,0.2,-0.0013939842065817422,0.9290368048982187,0.8761776089668274,0.023140092329545454,0.0031227802,12200,0.1521664261817932,2.51584e-05,2000.0,3465.8681928499996
2000.0,27506688,1221,2186,12582,3133.54616363,,,,,,,,,,,,,
2000.0,27529216,1222,2186,12589,3152.4495328499997,26.650585003332658,9.974428176879883,0.2,-0.0006953835032287647,0.9284824678843672,0.908721923828125,0.007328657670454546,0.0022867494,12210,0.15205024182796478,2.4933120000000005e-05,,
2000.0,27551744,1223,2187,12597,3150.7025757899996,27.368027580868112,17.46601676940918,0.2,-0.0014153459106720136,0.9302945879372684,0.8915998935699463,0.02253196022727273,0.004329951,12220,0.15189310908317566,2.470784000000001e-05,,
2000.0,27574272,1224,2187,12604,3152.15515685,28.079931696978484,18.78306770324707,0.2,-0.0013621020829305054,0.9310143951665272,0.8931522369384766,0.017129794034090907,0.003378942,12230,0.151943176984787,2.4482559999999985e-05,,
1981.23,27596800,1225,2188,12611,3116.4922950599994,36.26125038537112,24.354116439819336,0.2,-0.001167124478723219,0.9304762906648896,0.8708109855651855,0.020956143465909093,0.0041175773,12240,0.1519533097743988,2.425727999999999e-05,,
,27610000,,,,,31.744227662953463,10.401795387268066,0.2,-0.0019261220081137832,0.9312967247583649,0.9213228821754456,0.015913529829545456,0.0038735545,12250,0.15185752511024475,2.4031999999999996e-05,2000.0,3460.6508302499997
1981.23,27619328,1226,2184,12643,3116.997162399999,,,,,,,,,,,,,
1981.23,27641856,1227,2185,12649,3122.27741974,25.0137428262017,7.487517833709717,0.2,-0.0013564124158371917,0.9306085549972274,0.8922696113586426,0.017533735795454544,0.002860628,12260,0.15203198790550232,2.380672e-05,,
1981.23,27664384,1228,2185,12656,3113.173945520001,44.00910787148909,11.618501663208008,0.2,-0.0004606104376514188,0.9287144594571807,0.8796704411506653,0.004998224431818182,0.001935649,12270,0.15215066075325012,2.3581440000000007e-05,,
1981.23,27686912,1229,2186,12663,3117.1491578400005,32.40879890268499,11.474112510681152,0.2,-0.0009668334363430569,0.9282806609164584,0.8703039884567261,0.012730823863636364,0.0029684154,12280,0.15208536386489868,2.3356160000000013e-05,,
1981.23,27709440,1230,2186,12670,3114.10297172,28.12065102078698,13.021195411682129,0.2,-0.001882239146322139,0.9306998107920993,0.8976535797119141,0.028453480113636364,0.004330646,12290,0.151795893907547,2.3130879999999984e-05,,
,27720000,,,,,35.131170652129434,15.193246841430664,0.2,-0.002159702670972117,0.9337376627055082,0.889928936958313,0.026873224431818183,0.0042095,12300,0.15162315964698792,2.290559999999999e-05,2000.0,3476.1122596
1963.22,27731968,1231,2183,12701,3064.4584650399997,,,,,,,,,,,,,
1963.22,27754496,1232,2184,12707,3074.7287119799994,22.61869519732215,12.844733238220215,0.2,-0.0016345447400288487,0.9361338815905831,0.937901496887207,0.020458984375,0.003318993,12310,0.1514117419719696,2.2680319999999995e-05,,
1963.22,27777024,1233,2184,12714,3064.68197207,38.35955279306932,24.161155700683594,0.2,-0.001737578139396977,0.9370900047096339,0.8611432313919067,0.01896306818181818,0.0037450457,12320,0.15153147280216217,2.245504e-05,,
1981.99,27799552,1234,2185,12720,3092.3416044200003,28.084738958965648,12.43871021270752,0.2,-0.001122894982638007,0.9370751880786635,0.8715499043464661,0.00995205965909091,0.0024508385,12330,0.15137358009815216,2.222976000000001e-05,,
1981.99,27822080,1235,2186,12726,3101.9289702000005,45.91088022102009,16.491958618164062,0.2,-0.0014518321667723781,0.9392426860603419,0.8642313480377197,0.017085404829545455,0.0033875862,12340,0.1512150764465332,2.2004480000000015e-05,,
,27830000,,,,,27.80192578055642,14.496594429016113,0.2,-0.00199890445378101,0.9394302891059355,0.8688340187072754,0.024351917613636365,0.0040034223,12350,0.15134789049625397,2.1779199999999986e-05,2000.0,3503.4682695999995
1981.99,27844608,1236,2182,12758,3115.8578886800005,,,,,,,,,,,,,
1981.99,27867136,1237,2183,12765,3110.2785622300003,24.42943331870166,20.588579177856445,0.2,-0.0013739306215112181,0.9392352399500934,0.8987269997596741,0.017906605113636363,0.0030824281,12360,0.1512383073568344,2.155391999999999e-05,,
1981.99,27889664,1238,2183,12772,3116.25991944,37.592876208912244,18.419986724853516,0.2,-0.0010532047279411926,0.9411773024634882,0.8706788420677185,0.016552734375,0.0032041622,12370,0.15106502175331116,2.1328639999999997e-05,,
2000.0,27912192,1239,2184,12779,3145.7660253699996,25.919056252999738,13.980157852172852,0.2,-0.0010929051913659681,0.9429755038835785,0.9019179344177246,0.009397194602272728,0.0024239994,12380,0.1509740948677063,2.1103360000000003e-05,,
2000.0,27934720,1240,2184,12786,3157.0286414899992,36.30174849033356,23.2067813873291,0.2,-0.0010843178670091385,0.9440040248361501,0.8692853450775146,0.017294034090909093,0.002717576,12390,0.15087762475013733,2.0878080000000008e-05,,
,27940000,,,,,36.29686557379636,8.951547622680664,0.2,-0.0008640181241472337,0.9444305157119578,0.8861208558082581,0.009281782670454545,0.0025427756,12400,0.1509319543838501,2.0652800000000013e-05,2000.0,3472.6212640500003
1981.7,27957248,1241,2181,12817,3118.1609173399997,,,,,,,,,,,,,
1963.01,27979776,1242,2181,12824,3075.47220052,25.73229522488334,17.121015548706055,0.2,-0.0018780608345299367,0.943433410606601,0.9126150608062744,0.02538174715909091,0.004072365,12410,0.15101683139801025,2.0427519999999985e-05,,
1963.01,28002304,1243,2182,12832,3062.70564091,43.81396589495919,27.075725555419922,0.2,-0.0009371351114664735,0.9417856406081807,0.8908230662345886,0.0041814630681818185,0.0019575146,12420,0.15119409561157227,2.020223999999999e-05,,
1963.01,28024832,1244,2182,12839,3061.3796076299996,31.174783429232512,12.675329208374023,0.2,-0.0009894594524997625,0.9397028127854521,0.8781077861785889,0.012566583806818183,0.0028572662,12430,0.15131984651088715,1.9976959999999996e-05,,
1963.01,28047360,1245,2183,12845,3045.3993816800003,46.654962075840345,16.26009178161621,0.2,-0.002092499288317578,0.9380675449967384,0.8568199872970581,0.03171164772727273,0.004371265,12440,0.15146104991436005,1.9751680000000005e-05,,
,28050000,,,,,38.48442962603136,30.01761817932129,0.2,-0.000874076799928761,0.9358867879618298,0.8350575566291809,0.009206321022727273,0.002873026,12450,0.15161415934562683,1.952640000000001e-05,2000.0,3453.5108553499995
1963.01,28069888,1246,2179,12876,3037.7348572800006,,,,,,,,,,,,,
1963.01,28092416,1247,2180,12883,3043.866870610001,26.5373191985217,7.81470251083374,0.2,-0.0017512802280676128,0.9353349837389859,0.8927746415138245,0.023237748579545456,0.004283631,12460,0.1515636444091797,1.9301120000000016e-05,,
1960.54,28114944,1248,2181,12890,3035.6175632399995,29.124061439254067,12.046212196350098,0.2,-0.001206662109259262,0.9351357281208038,0.8955246806144714,0.013414417613636364,0.0022213208,12470,0.15165072679519653,1.9075839999999987e-05,,
1960.54,28137472,1249,2181,12897,3044.2897725999997,29.07879317998886,10.156244277954102,0.2,-0.0007866253018040548,0.9341269842602989,0.905544638633728,0.007799183238636364,0.0022056838,12480,0.15171611309051514,1.8850559999999993e-05,,
,28160000,,,,,35.24438991113143,13.79202651977539,0.2,-0.0019132514224938033,0.9344750898805532,0.8642910122871399,0.018892045454545453,0.0038011663,12490,0.15157809853553772,1.8625279999999998e-05,2000.0,3459.747075049999
1954.69,28160000,1250,2177,12930,3022.25891887,,,,,,,,,,,,,
1973.38,28182528,1251,2178,12937,3050.47777643,45.88977016969161,18.200231552124023,0.2,-0.0012286034595242448,0.935852221196348,0.9047319889068604,0.012269176136363637,0.0026731757,12500,0.15153086185455322,1.8400000000000003e-05,,
1973.38,28205056,1252,2178,12944,3054.47947879,34.14425678686662,11.810973167419434,0.2,-0.0013201750195796856,0.9341268061236901,0.8589498400688171,0.008500532670454546,0.001886461,12510,0.1518402099609375,1.817472000000001e-05,,
1973.38,28227584,1253,2179,12951,3029.1115191700005,41.67461148392071,18.97846221923828,0.2,-0.001392061180112333,0.9311855845830658,0.8720680475234985,0.020232599431818182,0.0037223324,12520,0.1519627869129181,1.7949440000000014e-05,,
1973.38,28250112,1254,2180,12958,3038.1065955600006,34.72902103554119,11.286239624023438,0.2,-0.000884567567316646,0.9292543562975797,0.8788660764694214,0.008083274147727273,0.002298264,12530,0.152146115899086,1.7724159999999986e-05,,
,28270000,,,,,33.52719037966295,17.848175048828125,0.2,-0.001587983826969073,0.9278946197845719,0.8716102838516235,0.020543323863636363,0.003913829,12540,0.1521661877632141,1.749887999999999e-05,2000.0,3466.6417705500003
1973.38,28272640,1255,2176,12990,3044.8211370399995,,,,,,,,,,,,,
1975.85,28295168,1256,2177,12997,3039.18501069,26.30677609877153,9.03347110748291,0.2,-0.0007627417844064026,0.9296842561526732,0.8818538784980774,0.009059836647727273,0.0028882236,12550,0.15187528729438782,1.72736e-05,,
1975.85,28317696,1257,2177,13004,3038.6914139799997,33.51778820427981,22.655912399291992,0.2,-0.0009211885200453583,0.9319653631611304,0.8480812311172485,0.011465731534090908,0.00259512,12560,0.15181124210357666,1.7048320000000006e-05,,
1975.85,28340224,1258,2178,13011,3044.5660685400003,28.072974801063538,6.254898548126221,0.2,-0.0011719009055840698,0.9327603299509395,0.8852001428604126,0.01455965909090909,0.0032498,12570,0.15178896486759186,1.682304000000001e-05,,
2000.0,28362752,1259,2178,13018,3090.4514380100004,33.3682996229692,12.67340087890625,0.2,-0.0007288439556511797,0.9342007240111178,0.8560068011283875,0.005166903409090909,0.0023345782,12580,0.15156280994415283,1.6597759999999983e-05,,
,28380000,,,,,29.88640959479592,12.409357070922852,0.2,-0.0012091278364426796,0.9360115035013719,0.9069369435310364,0.018909801136363636,0.004258353,12590,0.1515200138092041,1.6372479999999988e-05,2000.0,3454.3412080499998
1982.81,28385280,1260,2175,13050,3081.230331169999,,,,,,,,,,,,,
1982.81,28407808,1261,2175,13057,3095.1931572800004,17.707243994149295,12.66359806060791,0.2,-0.0015436180047055876,0.9354930530894886,0.9470494389533997,0.018647904829545453,0.004165459,12600,0.15166297554969788,1.6147199999999993e-05,,
1982.81,28430336,1262,2176,13064,3104.8372303399997,33.40798809961839,19.424606323242188,0.2,-0.001609767376000739,0.9347393883900209,0.868603527545929,0.013618607954545454,0.003298053,12610,0.1516033113002777,1.592192e-05,,
1982.81,28452864,1263,2176,13070,3101.4881412199993,24.421097565780986,11.081019401550293,0.2,-0.0008672870610925284,0.936106584017927,0.8490005731582642,0.012557705965909091,0.0027657105,12620,0.1514435112476349,1.5696640000000004e-05,,
1964.25,28475392,1264,2177,13076,3055.2571883399996,38.66012402231043,18.509185791015625,0.2,-0.0014742731759642166,0.936844330619682,0.8478604555130005,0.018434836647727274,0.0029948214,12630,0.15150736272335052,1.547136000000001e-05,,
,28490000,,,,,39.73565844189037,20.39109992980957,0.2,-0.001257182928648862,0.9364334672689438,0.8846139311790466,0.014808238636363637,0.0027205506,12640,0.151490718126297,1.5246079999999983e-05,2000.0,3454.761470900001
1964.25,28497920,1265,2174,13107,3057.3373339699992,,,,,,,,,,,,,
1958.31,28520448,1266,2174,13114,3046.60389334,24.022504211555827,9.138476371765137,0.2,-0.0016478791070932692,0.9374087924307043,0.8979374766349792,0.016370738636363635,0.003810335,12650,0.15136733651161194,1.5020799999999988e-05,,
1958.31,28542976,1267,2175,13120,3053.02289097,28.48826604539698,19.21302604675293,0.2,-0.0008456585820319809,0.9383531726219437,0.9020518064498901,0.007399680397727273,0.0021649187,12660,0.1513672024011612,1.4795519999999994e-05,,
1975.5,28565504,1268,2176,13127,3100.5797875900007,23.786627673019062,7.236327171325684,0.2,-0.0014766372584166345,0.9382402575828812,0.8708812594413757,0.020121626420454546,0.0032805481,12670,0.15137572586536407,1.457024e-05,,
1975.5,28588032,1269,2176,13134,3093.8645855100003,23.677765494043175,12.377375602722168,0.2,-0.0010038328531663866,0.937255856665698,0.8905141353607178,0.010546875,0.0024290269,12680,0.15150988101959229,1.4344960000000005e-05,,
,28600000,,,,,41.27677499380979,24.6810302734375,0.2,-0.0019124343507097696,0.936371411383152,0.8646417856216431,0.023792613636363636,0.0037566612,12690,0.1515180766582489,1.4119680000000012e-05,2000.0,3438.2751759000007
1975.5,28610560,1270,2173,13165,3086.56474535,,,,,,,,,,,,,
1975.5,28633088,1271,2173,13172,3101.044806380001,19.84604918198152,7.7831549644470215,0.2,-0.0006309684789316221,0.9368803003972227,0.8944777250289917,0.005078125,0.0022616598,12700,0.15143772959709167,1.3894399999999983e-05,,
1975.5,28655616,1272,2174,13179,3096.52585869,30.2268856048584,11.38209342956543,0.2,-0.0006436828595310957,0.937749530645934,0.8725243806838989,0.005806107954545454,0.0027141531,12710,0.1513635516166687,1.3669119999999989e-05,,
1994.06,28678144,1273,2174,13186,3135.6959384799993,41.25726629603993,30.984907150268555,0.2,-0.001279347412822641,0.938398482718251,0.8791494965553284,0.015189985795454546,0.0028287985,12720,0.15134933590888977,1.3443839999999994e-05,,
1994.06,28700672,1274,2175,13193,3156.3201314099992,32.40831943858753,10.207625389099121,0.2,-0.0008493772027908232,0.9382005371830681,0.870639443397522,0.009153053977272728,0.0026739067,12730,0.1514015793800354,1.321856e-05,,
,28710000,,,,,16.96179588274522,12.473403930664062,0.2,-0.0010721502535902387,0.939752744409171,0.8929752707481384,0.011527876420454546,0.002947592,12740,0.1510925143957138,1.2993280000000005e-05,2000.0,3462.5251531999993
2000.0,28723200,1275,2171,13224,3164.1008705699996,,,,,,,,,,,,,
2000.0,28745728,1276,2172,13231,3161.7665050699998,21.972172142158854,11.574033737182617,0.2,-0.0010083053923815235,0.9421486379070716,0.8942115306854248,0.011598899147727272,0.0033763254,12750,0.15104711055755615,1.2768000000000012e-05,,
2000.0,28768256,1277,2173,13238,3147.7447427800003,36.99668675552715,24.61921501159668,0.2,-0.0013383130794285204,0.9427692394364964,0.8917077779769897,0.019096235795454546,0.0030398918,12760,0.1510046422481537,1.2542719999999984e-05,,
2000.0,28790784,1278,2173,13245,3143.7832261599997,31.124228260733865,9.253559112548828,0.2,-0.0010517472268971192,0.943450255421075,0.8679996728897095,0.01444424715909091,0.002947911,12770,0.1509399563074112,1.231743999999999e-05,,
2000.0,28813312,1279,2174,13252,3129.61249357,33.545310091972354,13.601018905639648,0.2,-0.0011255224730120973,0.9436447471380234,0.9005759358406067,0.006218927556818182,0.0028480552,12780,0.15097898244857788,1.2092159999999995e-05,,
,28820000,,,,,35.04147935780612,25.064117431640625,0.2,-0.0010690919893518599,0.9431243746118112,0.852043628692627,0.01756924715909091,0.0035189413,12790,0.15101107954978943,1.186688e-05,2000.0,3456.7469926
2000.0,28835840,1280,2170,13284,3126.07260026,,,,,,,,,,,,,
1981.41,28858368,1281,2171,13291,3110.2311814500003,30.209454010833394,5.1509246826171875,0.2,-0.00074675876874773,0.9425654243339192,0.847239077091217,0.006045809659090909,0.0021128599,12800,0.15108177065849304,1.1641600000000007e-05,,
1969.57,28880896,1282,2171,13298,3083.15067149,31.054159155758946,10.272135734558105,0.2,-0.0007820742474657229,0.9419442434202541,0.900391161441803,0.01040926846590909,0.0025387465,12810,0.15107837319374084,1.1416320000000013e-05,,
1969.57,28903424,1283,2172,13305,3080.18335484,31.06814964467829,16.7869815826416,0.2,-0.0009267954420383004,0.9422110118649223,0.9150341153144836,0.004745205965909091,0.0023712777,12820,0.15105745196342468,1.1191039999999984e-05,,
1969.57,28925952,1284,2172,13312,3079.0503831000005,38.342599747397685,12.536916732788086,0.2,-0.0011463631087363783,0.942444931241599,0.8725910186767578,0.010391512784090909,0.0029831813,12830,0.15104684233665466,1.096575999999999e-05,,
,28930000,,,,,34.36384157484228,11.585927963256836,0.2,-0.0008041412983650595,0.9424308342012492,0.8660222291946411,0.011297052556818182,0.0022925646,12840,0.1510506272315979,1.0740479999999995e-05,2000.0,3454.8782493999997
1969.57,28948480,1285,2169,13344,3074.0833702999994,,,,,,,,,,,,,
1969.57,28971008,1286,2169,13351,3077.9296640200005,26.730635827237908,12.606839179992676,0.2,-0.0005694844498066231,0.9426422876390543,0.9069834351539612,0.002530184659090909,0.001796161,12850,0.15102887153625488,1.05152e-05,,
1969.57,28993536,1287,2170,13357,3051.7659779600003,33.86791820526123,15.635729789733887,0.2,-0.0006594758333945223,0.9432411329312758,0.893601655960083,0.0026677911931818183,0.0023244563,12860,0.15094295144081116,1.0289920000000008e-05,,
1969.57,29016064,1288,2171,13364,3065.7135268999996,32.85509290911934,7.458503246307373,0.2,-0.0013366731674151113,0.9435675172643228,0.8248729705810547,0.011039595170454546,0.0023196125,12870,0.15099164843559265,1.0064640000000013e-05,,
1969.57,29038592,1289,2171,13371,3052.9378813599997,27.0688175201416,5.008066177368164,0.2,-0.0011724035276777366,0.9434397081082517,0.8771620392799377,0.007887961647727273,0.0020432072,12880,0.1509622037410736,9.839359999999985e-06,,
,29040000,,,,,50.89455994692716,31.082239151000977,0.2,-0.00042226951521694324,0.9431058446114714,0.8533917665481567,0.0012473366477272728,0.0018781114,12890,0.15104642510414124,9.61407999999999e-06,2000.0,3483.0814068499994
1988.16,29061120,1290,2168,13403,3086.9414880399995,,,,,,,,,,,,,
2000.0,29083648,1291,2168,13410,3114.21501918,28.835866091468116,7.802431106567383,0.2,-0.00111089007854885,0.942641218142076,0.8990038633346558,0.010023082386363636,0.0032704847,12900,0.1510186493396759,9.388799999999996e-06,,
2000.0,29106176,1292,2169,13417,3101.8618491699995,34.86283987435428,22.10822868347168,0.2,-0.0013815333410589533,0.9430524826049804,0.8355970978736877,0.01175870028409091,0.0034002506,12910,0.15098431706428528,9.163520000000003e-06,,
2000.0,29128704,1293,2169,13423,3095.44184656,30.251275220784272,15.602126121520996,0.2,-0.0008717329413312571,0.943430656330152,0.8956432342529297,0.01190518465909091,0.0032918265,12920,0.1509648561477661,8.938240000000008e-06,,
,29150000,,,,,23.722589986974544,10.211113929748535,0.2,-0.000587413382097359,0.9432908377864144,0.8957263827323914,0.003444602272727273,0.0018784837,12930,0.15100780129432678,8.712960000000014e-06,2000.0,3485.05132955
2000.0,29151232,1294,2166,13454,3107.82068662,,,,,,,,,,,,,
2000.0,29173760,1295,2167,13460,3116.69086154,39.658314882625234,16.11736488342285,0.2,-0.0006548395312909799,0.9432458001104268,0.8663917779922485,0.004074928977272727,0.002894324,12940,0.15096908807754517,8.487679999999985e-06,,
2000.0,29196288,1296,2168,13466,3140.8813253499998,32.15859214175831,11.635600090026855,0.2,-0.00042378974268847907,0.9437361917712471,0.8590227961540222,0.003360262784090909,0.0022435766,12950,0.15092988312244415,8.26239999999999e-06,,
2000.0,29218816,1297,2168,13473,3134.4667117700005,30.68333083716306,7.469071388244629,0.2,-0.00045231529749633573,0.9441878786141222,0.8633986711502075,0.0029918323863636362,0.0021045194,12960,0.1509104073047638,8.037119999999998e-06,,
2000.0,29241344,1298,2169,13480,3150.5900183799995,33.47318855415691,9.637456893920898,0.2,-0.0007562652370490304,0.944414625520056,0.8866186738014221,0.005011541193181818,0.0019825483,12970,0.15088900923728943,7.811840000000003e-06,,
,29260000,,,,,22.384228850494733,4.817541122436523,0.2,-0.0009506410363511267,0.9447496032172983,0.8980380892753601,0.008589311079545454,0.0028141707,12980,0.15085646510124207,7.5865600000000086e-06,2000.0,3482.6432162000006
2000.0,29263872,1299,2165,13514,3157.76579593,,,,,,,,,,,,,
2000.0,29286400,1300,2165,13520,3157.241463249999,36.564572681080215,32.91191101074219,0.2,-0.0006279887784992091,0.9448291945186529,0.8713679313659668,0.007728160511363637,0.0027564485,12990,0.15087741613388062,7.361280000000014e-06,,
1981.45,29308928,1301,2166,13527,3127.55727366,47.963294443217194,23.6381893157959,0.2,-0.0004933776270428842,0.9446679264307022,0.8455074429512024,0.003466796875,0.0018483705,13000,0.15089967846870422,7.135999999999986e-06,,
1981.45,29331456,1302,2167,13534,3126.9714592799996,28.57911543629386,14.627298355102539,0.2,-0.0008462709054583683,0.9442704214291139,0.9162367582321167,0.005291193181818182,0.0026295453,13010,0.1509314924478531,6.910719999999992e-06,,
1981.45,29353984,1303,2167,13541,3136.1444190400002,29.79588200829246,19.35097312927246,0.2,-0.0008768430135784332,0.9440486917441542,0.879797637462616,0.0027698863636363637,0.0018095027,13020,0.15092888474464417,6.685439999999997e-06,,
,29370000,,,,,34.92487470886924,21.636276245117188,0.2,-0.0007245001564363272,0.9439422882416032,0.8559359908103943,0.006813742897727273,0.0024644323,13030,0.15094392001628876,6.460160000000003e-06,2000.0,3475.6153478499996
1981.45,29376512,1304,2164,13573,3133.4268637900004,,,,,,,,,,,,,
1981.45,29399040,1305,2164,13580,3131.96383769,22.414340868863192,5.266204833984375,0.2,-0.0005932605769802732,0.9430626206777313,0.8940697312355042,0.006125710227272727,0.0023834081,13040,0.15106366574764252,6.234880000000009e-06,,
1967.42,29421568,1306,2165,13587,3113.1680764500006,28.856672182950106,14.247557640075684,0.2,-0.0003741673111852089,0.9418260032480413,0.8950518369674683,0.001651278409090909,0.0011108272,13050,0.15113535523414612,6.0096000000000144e-06,,
1967.42,29444096,1307,2165,13594,3112.1684377299994,44.41238592104478,23.583776473999023,0.2,-0.00041019909959603946,0.9411387955600565,0.918144702911377,0.003045099431818182,0.0019011222,13060,0.15116232633590698,5.784319999999987e-06,,
1967.42,29466624,1308,2166,13601,3083.98406197,38.633219905333085,22.817750930786133,0.2,-0.0004055113142716106,0.9411339762535962,0.876549243927002,2.2194602272727273e-05,0.00078911724,13070,0.15113507211208344,5.559039999999992e-06,,
,29480000,,,,,24.6506680987098,21.318191528320312,0.2,-0.0008664196293631738,0.941042749448256,0.8483433127403259,0.008429509943181817,0.0022445447,13080,0.15117324888706207,5.333759999999998e-06,2000.0,3464.4313151
1967.42,29489152,1309,2163,13632,3105.3184817200004,,,,,,,,,,,,,
1985.97,29511680,1310,2163,13639,3140.77045428,24.970028740709477,10.703722953796387,0.2,-0.00116289957632861,0.9407597919756716,0.8907408118247986,0.0064675071022727276,0.0025152212,13090,0.1511809229850769,5.108480000000004e-06,,
1985.97,29534208,1311,2164,13646,3141.7235676,26.15516284162348,16.039077758789062,0.2,-0.0005937927348316985,0.9404594071886756,0.8751590847969055,0.004372336647727273,0.002188936,13100,0.15121489763259888,4.883200000000009e-06,,
1985.97,29556736,1312,2164,13652,3145.197715150001,30.15012068640102,16.917606353759766,0.2,-0.0008134801517537034,0.9399280786514282,0.8791124820709229,0.005197975852272727,0.0024660083,13110,0.15126550197601318,4.657920000000015e-06,,
1985.97,29579264,1313,2165,13659,3122.3410112800007,42.83217001178048,17.17745018005371,0.2,-0.00030428628577448596,0.9395054443316027,0.856570839881897,0.00013316761363636363,0.00075246976,13120,0.15127727389335632,4.432639999999987e-06,,
,29590000,,,,,43.30046059435064,25.990032196044922,0.2,-0.0005324313571856527,0.9394008188085122,0.8332620859146118,0.0002618963068181818,0.001160212,13130,0.15128228068351746,4.207359999999993e-06,2000.0,3460.5324938499994
1985.97,29601792,1314,2162,13691,3108.6832295599997,,,,,,,,,,,,,
2000.0,29624320,1315,2162,13697,3130.6124496799994,31.29778218269348,9.379359245300293,0.2,-0.001091649909556674,0.9393665836615996,0.8849539160728455,0.007843572443181818,0.002919835,13140,0.1512787640094757,3.982079999999999e-06,,
2000.0,29646848,1316,2163,13703,3130.5022710399994,42.4541256384416,11.235586166381836,0.2,-0.00014401089799569243,0.9392284825444221,0.881364643573761,0.0,0.00012052897,13150,0.1513168215751648,3.7568000000000044e-06,,
2000.0,29669376,1317,2164,13709,3139.68843367,26.140014891190962,6.559200286865234,0.2,-0.00032536593048875645,0.9388533226468346,0.8968202471733093,0.00016867897727272727,0.0007931596,13160,0.1513274759054184,3.53152000000001e-06,,
1984.53,29691904,1318,2164,13715,3109.08715275,28.071250263127414,14.927593231201172,0.2,-0.00042004535141379826,0.9388009258291938,0.8676928281784058,5.770596590909091e-05,0.00059891795,13170,0.15132150053977966,3.3062400000000157e-06,,
,29700000,,,,,24.25101841688156,16.885255813598633,0.2,-0.0006196257858060893,0.9388243784958666,0.934816837310791,0.003875177556818182,0.002190644,13180,0.15132692456245422,3.0809599999999877e-06,2000.0,3461.94923615
1984.53,29714432,1319,2161,13747,3115.1858664899996,,,,,,,,,,,,,
1984.53,29736960,1320,2161,13754,3114.63366043,35.977993089502505,13.721960067749023,0.2,-0.0007827147719746625,0.938643489913507,0.87907874584198,0.0020063920454545456,0.0017178067,13190,0.15135183930397034,2.8556799999999936e-06,,
1984.53,29759488,1321,2162,13761,3123.64720281,29.815919802405617,5.657227039337158,0.2,-0.0002687555526129224,0.9386115895076231,0.9062533974647522,2.6633522727272726e-05,0.00062444183,13200,0.15132783353328705,2.630399999999999e-06,,
1984.53,29782016,1322,2163,13768,3143.027334839999,20.850614989887585,10.229354858398438,0.2,-0.00017979880556760525,0.9388397575779395,0.9055153131484985,0.0,0.00036876166,13210,0.15131837129592896,2.405120000000005e-06,,
1984.53,29804544,1323,2163,13775,3148.3764730000003,23.530568930235777,8.25529670715332,0.2,-0.0003007820522973568,0.9388725458221002,0.8698848485946655,8.877840909090909e-06,0.00047102783,13220,0.1513236165046692,2.1798400000000103e-06,,
,29810000,,,,,31.705509959567678,14.555148124694824,0.2,-0.0002984518444546583,0.9389028505845504,0.8601419925689697,0.0,0.00049688714,13230,0.1513138711452484,1.954560000000016e-06,2000.0,3470.6928756499997
1984.53,29827072,1324,2160,13807,3152.7201326,,,,,,,,,,,,,
1984.53,29849600,1325,2160,13814,3167.64064536,26.690824819694864,7.273009777069092,0.2,-0.0003874046710817228,0.9390457280657508,0.8929988145828247,6.658380681818181e-05,0.0008016685,13240,0.15130150318145752,1.7292799999999885e-06,,
1984.53,29872128,1326,2161,13822,3166.00951828,29.18017293106426,11.841306686401367,0.2,-0.00023118224542651494,0.9391871199011803,0.869064211845398,0.0,0.00034932463,13250,0.15129464864730835,1.5039999999999942e-06,,
2000.0,29894656,1327,2161,13829,3182.6610354800005,31.332563322240656,23.608783721923828,0.2,-0.0001544192660896277,0.9392350244251164,0.8976466655731201,0.0,0.00022760169,13260,0.1512908637523651,1.2787199999999998e-06,,
2000.0,29917184,1328,2162,13836,3158.5890767299993,35.650170404260805,21.212419509887695,0.2,-3.1398290196772326e-05,0.9392626602541316,0.8716903924942017,0.0,2.0415871e-05,13270,0.15129311382770538,1.0534400000000055e-06,,
,29920000,,,,,37.400769467787306,18.26670265197754,0.2,-0.0001711914219247939,0.9392730303786018,0.854070782661438,0.0,0.0002109182,13280,0.15128889679908752,8.28160000000011e-07,2000.0,3475.0972349999997
2000.0,29939712,1329,2158,13868,3142.798658,,,,,,,,,,,,,
2000.0,29962240,1330,2159,13875,3133.78383278,41.04521434957331,25.08646011352539,0.2,-0.00013486908689876807,0.9392928017811342,0.8743468523025513,0.0,0.000106890824,13290,0.15129035711288452,6.028799999999833e-07,,
2000.0,29984768,1331,2159,13882,3118.1846765200003,44.37211083932356,23.32078742980957,0.2,-0.00011552449253609997,0.9392732476646249,0.845877468585968,0.0,8.2454164e-05,13300,0.15129154920578003,3.7759999999998903e-07,,
2000.0,30007296,1332,2160,13888,3115.8783554000006,26.89887009750713,7.80839204788208,0.2,-1.4424050724218514e-05,0.9392631602558222,0.8876810669898987,0.0,3.007841e-06,13310,0.15129181742668152,1.5231999999999466e-07,,
