Using cpu device
Logging to logs/run8

Training on real_robot.xml at 200Hz, PWM actions (30,000,000 steps, 19 envs)...
C:\Users\tzeju\Desktop\E3180 DIP\3Dsim\venv\Lib\site-packages\stable_baselines3\common\callbacks.py:419: UserWarning: Training and eval env are not of the same type<stable_baselines3.common.vec_env.subproc_vec_env.SubprocVecEnv object at 0x000001A96A390FE0> != <stable_baselines3.common.vec_env.dummy_vec_env.DummyVecEnv object at 0x000001A9731595E0>
  warnings.warn("Training and eval env are not of the same type" f"{self.training_env} != {self.eval_env}")
---------------------------------
| rollout/           |          |
|    ep_len_mean     | 91       |
|    ep_rew_mean     | 90.5     |
| time/              |          |
|    fps             | 1764     |
|    iterations      | 1        |
|    time_elapsed    | 22       |
|    total_timesteps | 38912    |
---------------------------------
------------------------------------------
| rollout/                |              |
|    ep_len_mean          | 88.5         |
|    ep_rew_mean          | 85.4         |
| time/                   |              |
|    fps                  | 1518         |
|    iterations           | 2            |
|    time_elapsed         | 51           |
|    total_timesteps      | 77824        |
| train/                  |              |
|    approx_kl            | 0.0025509377 |
|    clip_fraction        | 0.0237       |
|    clip_range           | 0.2          |
|    entropy_loss         | -0.0808      |
|    explained_variance   | -0.000243    |
|    learning_rate        | 0.0003       |
|    loss                 | 11           |
|    n_updates            | 10           |
|    policy_gradient_loss | -9.29e-05    |
|    std                  | 0.252        |
|    value_loss           | 107          |
------------------------------------------
------------------------------------------
| rollout/                |              |
|    ep_len_mean          | 92.2         |
|    ep_rew_mean          | 91.6         |
| time/                   |              |
|    fps                  | 1492         |
|    iterations           | 3            |
|    time_elapsed         | 78           |
|    total_timesteps      | 116736       |
| train/                  |              |
|    approx_kl            | 0.0033655483 |
|    clip_fraction        | 0.0197       |
|    clip_range           | 0.2          |
|    entropy_loss         | -0.0854      |
|    explained_variance   | 0.703        |
|    learning_rate        | 0.000299     |
|    loss                 | 12.8         |
|    n_updates            | 20           |
|    policy_gradient_loss | -0.000563    |
|    std                  | 0.253        |
|    value_loss           | 73           |
------------------------------------------
-----------------------------------------
| rollout/                |             |
|    ep_len_mean          | 93.8        |
|    ep_rew_mean          | 92          |
| time/                   |             |
|    fps                  | 1460        |
|    iterations           | 4           |
|    time_elapsed         | 106         |
|    total_timesteps      | 155648      |
| train/                  |             |
|    approx_kl            | 0.004661215 |
|    clip_fraction        | 0.037       |
|    clip_range           | 0.2         |
|    entropy_loss         | -0.0947     |
|    explained_variance   | 0.863       |
|    learning_rate        | 0.000299    |
|    loss                 | 4.97        |
|    n_updates            | 30          |
|    policy_gradient_loss | -0.00115    |
|    std                  | 0.255       |
|    value_loss           | 36.5        |
-----------------------------------------
Eval num_timesteps=190000, episode_reward=16.56 +/- 76.21
Episode length: 100.90 +/- 35.19
-----------------------------------------
| eval/                   |             |
|    mean_ep_length       | 101         |
|    mean_reward          | 16.6        |
| time/                   |             |
|    total_timesteps      | 190000      |
| train/                  |             |
|    approx_kl            | 0.004925291 |
|    clip_fraction        | 0.0528      |
|    clip_range           | 0.2         |
|    entropy_loss         | -0.0994     |
|    explained_variance   | 0.938       |
|    learning_rate        | 0.000298    |
|    loss                 | 5.58        |
|    n_updates            | 40          |
|    policy_gradient_loss | -0.00257    |
|    std                  | 0.255       |
|    value_loss           | 24.4        |
-----------------------------------------
New best mean reward!
---------------------------------
| rollout/           |          |
|    ep_len_mean     | 100      |
|    ep_rew_mean     | 102      |
| time/              |          |
|    fps             | 1401     |
|    iterations      | 5        |
|    time_elapsed    | 138      |
|    total_timesteps | 194560   |
---------------------------------
------------------------------------------
| rollout/                |              |
|    ep_len_mean          | 101          |
|    ep_rew_mean          | 103          |
| time/                   |              |
|    fps                  | 1347         |
|    iterations           | 6            |
|    time_elapsed         | 173          |
|    total_timesteps      | 233472       |
| train/                  |              |
|    approx_kl            | 0.0061586467 |
|    clip_fraction        | 0.0757       |
|    clip_range           | 0.2          |
|    entropy_loss         | -0.101       |
|    explained_variance   | 0.959        |
|    learning_rate        | 0.000298     |
|    loss                 | 9.57         |
|    n_updates            | 50           |
|    policy_gradient_loss | -0.00501     |
|    std                  | 0.254        |
|    value_loss           | 24.5         |
------------------------------------------
------------------------------------------
| rollout/                |              |
|    ep_len_mean          | 117          |
|    ep_rew_mean          | 127          |
| time/                   |              |
|    fps                  | 1355         |
|    iterations           | 7            |
|    time_elapsed         | 200          |
|    total_timesteps      | 272384       |
| train/                  |              |
|    approx_kl            | 0.0069246497 |
|    clip_fraction        | 0.0891       |
|    clip_range           | 0.2          |
|    entropy_loss         | -0.0953      |
|    explained_variance   | 0.969        |
|    learning_rate        | 0.000298     |
|    loss                 | 10.2         |
|    n_updates            | 60           |
|    policy_gradient_loss | -0.00619     |
|    std                  | 0.253        |
|    value_loss           | 26.9         |
------------------------------------------
------------------------------------------
| rollout/                |              |
|    ep_len_mean          | 130          |
|    ep_rew_mean          | 144          |
| time/                   |              |
|    fps                  | 1341         |
|    iterations           | 8            |
|    time_elapsed         | 232          |
|    total_timesteps      | 311296       |
| train/                  |              |
|    approx_kl            | 0.0071798335 |
|    clip_fraction        | 0.0943       |
|    clip_range           | 0.2          |
|    entropy_loss         | -0.0826      |
|    explained_variance   | 0.969        |
|    learning_rate        | 0.000297     |
|    loss                 | 13           |
|    n_updates            | 70           |
|    policy_gradient_loss | -0.00769     |
|    std                  | 0.251        |
|    value_loss           | 34.7         |
------------------------------------------
------------------------------------------
| rollout/                |              |
|    ep_len_mean          | 165          |
|    ep_rew_mean          | 198          |
| time/                   |              |
|    fps                  | 1298         |
|    iterations           | 9            |
|    time_elapsed         | 269          |
|    total_timesteps      | 350208       |
| train/                  |              |
|    approx_kl            | 0.0065289633 |
|    clip_fraction        | 0.087        |
|    clip_range           | 0.2          |
|    entropy_loss         | -0.0709      |
|    explained_variance   | 0.968        |
|    learning_rate        | 0.000297     |
|    loss                 | 14.6         |
|    n_updates            | 80           |
|    policy_gradient_loss | -0.00801     |
|    std                  | 0.25         |
|    value_loss           | 42.7         |
------------------------------------------
Eval num_timesteps=380000, episode_reward=19.16 +/- 61.45
Episode length: 99.80 +/- 26.65
------------------------------------------
| eval/                   |              |
|    mean_ep_length       | 99.8         |
|    mean_reward          | 19.2         |
| time/                   |              |
|    total_timesteps      | 380000       |
| train/                  |              |
|    approx_kl            | 0.0075676762 |
|    clip_fraction        | 0.0972       |
|    clip_range           | 0.2          |
|    entropy_loss         | -0.0698      |
|    explained_variance   | 0.97         |
|    learning_rate        | 0.000296     |
|    loss                 | 19           |
|    n_updates            | 90           |
|    policy_gradient_loss | -0.00858     |
|    std                  | 0.251        |
|    value_loss           | 48           |
------------------------------------------
New best mean reward!
---------------------------------
| rollout/           |          |
|    ep_len_mean     | 206      |
|    ep_rew_mean     | 256      |
| time/              |          |
|    fps             | 1261     |
|    iterations      | 10       |
|    time_elapsed    | 308      |
|    total_timesteps | 389120   |
---------------------------------
------------------------------------------
| rollout/                |              |
|    ep_len_mean          | 363          |
|    ep_rew_mean          | 493          |
| time/                   |              |
|    fps                  | 1263         |
|    iterations           | 11           |
|    time_elapsed         | 338          |
|    total_timesteps      | 428032       |
| train/                  |              |
|    approx_kl            | 0.0064482708 |
|    clip_fraction        | 0.0853       |
|    clip_range           | 0.2          |
|    entropy_loss         | -0.0713      |
|    explained_variance   | 0.972        |
|    learning_rate        | 0.000296     |
|    loss                 | 27.9         |
|    n_updates            | 100          |
|    policy_gradient_loss | -0.00862     |
|    std                  | 0.251        |
|    value_loss           | 53.1         |
------------------------------------------
-----------------------------------------
| rollout/                |             |
|    ep_len_mean          | 636         |
|    ep_rew_mean          | 911         |
| time/                   |             |
|    fps                  | 1265        |
|    iterations           | 12          |
|    time_elapsed         | 368         |
|    total_timesteps      | 466944      |
| train/                  |             |
|    approx_kl            | 0.006171604 |
|    clip_fraction        | 0.0764      |
|    clip_range           | 0.2         |
|    entropy_loss         | -0.0625     |
|    explained_variance   | 0.969       |
|    learning_rate        | 0.000296    |
|    loss                 | 17.6        |
|    n_updates            | 110         |
|    policy_gradient_loss | -0.00926    |
|    std                  | 0.249       |
|    value_loss           | 45          |
-----------------------------------------
------------------------------------------
| rollout/                |              |
|    ep_len_mean          | 874          |
|    ep_rew_mean          | 1.28e+03     |
| time/                   |              |
|    fps                  | 1267         |
|    iterations           | 13           |
|    time_elapsed         | 399          |
|    total_timesteps      | 505856       |
| train/                  |              |
|    approx_kl            | 0.0062556276 |
|    clip_fraction        | 0.0741       |
|    clip_range           | 0.2          |
|    entropy_loss         | -0.0455      |
|    explained_variance   | 0.974        |
|    learning_rate        | 0.000295     |
|    loss                 | 14           |
|    n_updates            | 120          |
|    policy_gradient_loss | -0.00744     |
|    std                  | 0.247        |
|    value_loss           | 25.7         |
------------------------------------------
------------------------------------------
| rollout/                |              |
|    ep_len_mean          | 1.15e+03     |
|    ep_rew_mean          | 1.72e+03     |
| time/                   |              |
|    fps                  | 1268         |
|    iterations           | 14           |
|    time_elapsed         | 429          |
|    total_timesteps      | 544768       |
| train/                  |              |
|    approx_kl            | 0.0071170023 |
|    clip_fraction        | 0.0863       |
|    clip_range           | 0.2          |
|    entropy_loss         | -0.0186      |
|    explained_variance   | 0.976        |
|    learning_rate        | 0.000295     |
|    loss                 | 4.54         |
|    n_updates            | 130          |
|    policy_gradient_loss | -0.00823     |
|    std                  | 0.243        |
|    value_loss           | 10.3         |
------------------------------------------
Eval num_timesteps=570000, episode_reward=-46.32 +/- 1605.43
Episode length: 1295.85 +/- 741.39
------------------------------------------
| eval/                   |              |
|    mean_ep_length       | 1.3e+03      |
|    mean_reward          | -46.3        |
| time/                   |              |
|    total_timesteps      | 570000       |
| train/                  |              |
|    approx_kl            | 0.0072051873 |
|    clip_fraction        | 0.0843       |
|    clip_range           | 0.2          |
|    entropy_loss         | 0.0142       |
|    explained_variance   | 0.976        |
|    learning_rate        | 0.000295     |
|    loss                 | 1.87         |
|    n_updates            | 140          |
|    policy_gradient_loss | -0.00624     |
|    std                  | 0.24         |
|    value_loss           | 5.8          |
------------------------------------------
---------------------------------
| rollout/           |          |
|    ep_len_mean     | 1.38e+03 |
|    ep_rew_mean     | 2.12e+03 |
| time/              |          |
|    fps             | 1136     |
|    iterations      | 15       |
|    time_elapsed    | 513      |
|    total_timesteps | 583680   |
---------------------------------
------------------------------------------
| rollout/                |              |
|    ep_len_mean          | 1.54e+03     |
|    ep_rew_mean          | 2.44e+03     |
| time/                   |              |
|    fps                  | 1142         |
|    iterations           | 16           |
|    time_elapsed         | 544          |
|    total_timesteps      | 622592       |
| train/                  |              |
|    approx_kl            | 0.0066842404 |
|    clip_fraction        | 0.0654       |
|    clip_range           | 0.2          |
|    entropy_loss         | 0.0477       |
|    explained_variance   | 0.971        |
|    learning_rate        | 0.000294     |
|    loss                 | 1.26         |
|    n_updates            | 150          |
|    policy_gradient_loss | -0.00398     |
|    std                  | 0.235        |
|    value_loss           | 7.99         |
------------------------------------------
----------------------------------------
| rollout/                |            |
|    ep_len_mean          | 1.64e+03   |
|    ep_rew_mean          | 2.65e+03   |
| time/                   |            |
|    fps                  | 1152       |
|    iterations           | 17         |
|    time_elapsed         | 573        |
|    total_timesteps      | 661504     |
| train/                  |            |
|    approx_kl            | 0.00589195 |
|    clip_fraction        | 0.0613     |
|    clip_range           | 0.2        |
|    entropy_loss         | 0.0988     |
|    explained_variance   | 0.975      |
|    learning_rate        | 0.000294   |
|    loss                 | 11         |
|    n_updates            | 160        |
|    policy_gradient_loss | -0.00297   |
|    std                  | 0.229      |
|    value_loss           | 6.53       |
----------------------------------------
------------------------------------------
| rollout/                |              |
|    ep_len_mean          | 1.66e+03     |
|    ep_rew_mean          | 2.75e+03     |
| time/                   |              |
|    fps                  | 1164         |
|    iterations           | 18           |
|    time_elapsed         | 601          |
|    total_timesteps      | 700416       |
| train/                  |              |
|    approx_kl            | 0.0058582635 |
|    clip_fraction        | 0.0647       |
|    clip_range           | 0.2          |
|    entropy_loss         | 0.148        |
|    explained_variance   | 0.976        |
|    learning_rate        | 0.000293     |
|    loss                 | 1.49         |
|    n_updates            | 170          |
|    policy_gradient_loss | -0.00333     |
|    std                  | 0.223        |
|    value_loss           | 5.67         |
------------------------------------------
------------------------------------------
| rollout/                |              |
|    ep_len_mean          | 1.68e+03     |
|    ep_rew_mean          | 2.82e+03     |
| time/                   |              |
|    fps                  | 1202         |
|    iterations           | 19           |
|    time_elapsed         | 614          |
|    total_timesteps      | 739328       |
| train/                  |              |
|    approx_kl            | 0.0064991834 |
|    clip_fraction        | 0.0632       |
|    clip_range           | 0.2          |
|    entropy_loss         | 0.207        |
|    explained_variance   | 0.96         |
|    learning_rate        | 0.000293     |
|    loss                 | 0.818        |
|    n_updates            | 180          |
|    policy_gradient_loss | -0.00219     |
|    std                  | 0.217        |
|    value_loss           | 3.16         |
------------------------------------------
Eval num_timesteps=760000, episode_reward=481.39 +/- 1276.11
Episode length: 1208.15 +/- 766.74
------------------------------------------
| eval/                   |              |
|    mean_ep_length       | 1.21e+03     |
|    mean_reward          | 481          |
| time/                   |              |
|    total_timesteps      | 760000       |
| train/                  |              |
|    approx_kl            | 0.0063722483 |
|    clip_fraction        | 0.053        |
|    clip_range           | 0.2          |
|    entropy_loss         | 0.262        |
|    explained_variance   | 0.96         |
|    learning_rate        | 0.000293     |
|    loss                 | 1.05         |
|    n_updates            | 190          |
|    policy_gradient_loss | -0.00236     |
|    std                  | 0.21         |
|    value_loss           | 2.26         |
------------------------------------------
New best mean reward!
---------------------------------
| rollout/           |          |
|    ep_len_mean     | 1.76e+03 |
|    ep_rew_mean     | 2.98e+03 |
| time/              |          |
|    fps             | 1228     |
|    iterations      | 20       |
|    time_elapsed    | 633      |
|    total_timesteps | 778240   |
---------------------------------
-----------------------------------------
| rollout/                |             |
|    ep_len_mean          | 1.84e+03    |
|    ep_rew_mean          | 3.13e+03    |
| time/                   |             |
|    fps                  | 1278        |
|    iterations           | 21          |
|    time_elapsed         | 639         |
|    total_timesteps      | 817152      |
| train/                  |             |
|    approx_kl            | 0.007436045 |
|    clip_fraction        | 0.0652      |
|    clip_range           | 0.2         |
|    entropy_loss         | 0.35        |
|    explained_variance   | 0.966       |
|    learning_rate        | 0.000292    |
|    loss                 | 0.458       |
|    n_updates            | 200         |
|    policy_gradient_loss | -0.00351    |
|    std                  | 0.202       |
|    value_loss           | 1.71        |
-----------------------------------------
-----------------------------------------
| rollout/                |             |
|    ep_len_mean          | 1.87e+03    |
|    ep_rew_mean          | 3.24e+03    |
| time/                   |             |
|    fps                  | 1327        |
|    iterations           | 22          |
|    time_elapsed         | 645         |
|    total_timesteps      | 856064      |
| train/                  |             |
|    approx_kl            | 0.006443812 |
|    clip_fraction        | 0.0554      |
|    clip_range           | 0.2         |
|    entropy_loss         | 0.421       |
|    explained_variance   | 0.96        |
|    learning_rate        | 0.000292    |
|    loss                 | 0.365       |
|    n_updates            | 210         |
|    policy_gradient_loss | -0.00287    |
|    std                  | 0.195       |
|    value_loss           | 1.06        |
-----------------------------------------
------------------------------------------
| rollout/                |              |
|    ep_len_mean          | 1.87e+03     |
|    ep_rew_mean          | 3.27e+03     |
| time/                   |              |
|    fps                  | 1342         |
|    iterations           | 23           |
|    time_elapsed         | 666          |
|    total_timesteps      | 894976       |
| train/                  |              |
|    approx_kl            | 0.0046715606 |
|    clip_fraction        | 0.026        |
|    clip_range           | 0.2          |
|    entropy_loss         | 0.46         |
|    explained_variance   | 0.984        |
|    learning_rate        | 0.000291     |
|    loss                 | 0.498        |
|    n_updates            | 220          |
|    policy_gradient_loss | -0.00255     |
|    std                  | 0.19         |
|    value_loss           | 3.19         |
------------------------------------------
-----------------------------------------
| rollout/                |             |
|    ep_len_mean          | 1.89e+03    |
|    ep_rew_mean          | 3.32e+03    |
| time/                   |             |
|    fps                  | 1346        |
|    iterations           | 24          |
|    time_elapsed         | 693         |
|    total_timesteps      | 933888      |
| train/                  |             |
|    approx_kl            | 0.005395548 |
|    clip_fraction        | 0.0433      |
|    clip_range           | 0.2         |
|    entropy_loss         | 0.532       |
|    explained_variance   | 0.981       |
|    learning_rate        | 0.000291    |
|    loss                 | 0.457       |
|    n_updates            | 230         |
|    policy_gradient_loss | -0.00179    |
|    std                  | 0.183       |
|    value_loss           | 1.68        |
-----------------------------------------
Eval num_timesteps=950000, episode_reward=831.75 +/- 992.74
Episode length: 1092.45 +/- 833.61
------------------------------------------
| eval/                   |              |
|    mean_ep_length       | 1.09e+03     |
|    mean_reward          | 832          |
| time/                   |              |
|    total_timesteps      | 950000       |
| train/                  |              |
|    approx_kl            | 0.0075297984 |
|    clip_fraction        | 0.0573       |
|    clip_range           | 0.2          |
|    entropy_loss         | 0.623        |
|    explained_variance   | 0.973        |
|    learning_rate        | 0.000291     |
|    loss                 | 0.239        |
|    n_updates            | 240          |
|    policy_gradient_loss | -0.00373     |
|    std                  | 0.176        |
|    value_loss           | 0.778        |
------------------------------------------
New best mean reward!
---------------------------------
| rollout/           |          |
|    ep_len_mean     | 1.91e+03 |
|    ep_rew_mean     | 3.37e+03 |
| time/              |          |
|    fps             | 1286     |
|    iterations      | 25       |
|    time_elapsed    | 755      |
|    total_timesteps | 972800   |
---------------------------------
-----------------------------------------
| rollout/                |             |
|    ep_len_mean          | 1.91e+03    |
|    ep_rew_mean          | 3.39e+03    |
| time/                   |             |
|    fps                  | 1292        |
|    iterations           | 26          |
|    time_elapsed         | 782         |
|    total_timesteps      | 1011712     |
| train/                  |             |
|    approx_kl            | 0.006572483 |
|    clip_fraction        | 0.0544      |
|    clip_range           | 0.2         |
|    entropy_loss         | 0.717       |
|    explained_variance   | 0.968       |
|    learning_rate        | 0.00029     |
|    loss                 | 0.253       |
|    n_updates            | 250         |
|    policy_gradient_loss | -0.00407    |
|    std                  | 0.167       |
|    value_loss           | 0.716       |
-----------------------------------------
------------------------------------------
| rollout/                |              |
|    ep_len_mean          | 1.96e+03     |
|    ep_rew_mean          | 3.5e+03      |
| time/                   |              |
|    fps                  | 1298         |
|    iterations           | 27           |
|    time_elapsed         | 809          |
|    total_timesteps      | 1050624      |
| train/                  |              |
|    approx_kl            | 0.0042493124 |
|    clip_fraction        | 0.0381       |
|    clip_range           | 0.2          |
|    entropy_loss         | 0.763        |
|    explained_variance   | 0.972        |
|    learning_rate        | 0.00029      |
|    loss                 | 0.45         |
|    n_updates            | 260          |
|    policy_gradient_loss | -0.00117     |
|    std                  | 0.164        |
|    value_loss           | 0.895        |
------------------------------------------
-----------------------------------------
| rollout/                |             |
|    ep_len_mean          | 1.98e+03    |
|    ep_rew_mean          | 3.55e+03    |
| time/                   |             |
|    fps                  | 1302        |
|    iterations           | 28          |
|    time_elapsed         | 836         |
|    total_timesteps      | 1089536     |
| train/                  |             |
|    approx_kl            | 0.006361707 |
|    clip_fraction        | 0.0535      |
|    clip_range           | 0.2         |
|    entropy_loss         | 0.833       |
|    explained_variance   | 0.968       |
|    learning_rate        | 0.000289    |
|    loss                 | 0.231       |
|    n_updates            | 270         |
|    policy_gradient_loss | -0.00291    |
|    std                  | 0.158       |
|    value_loss           | 0.816       |
-----------------------------------------
------------------------------------------
| rollout/                |              |
|    ep_len_mean          | 1.98e+03     |
|    ep_rew_mean          | 3.57e+03     |
| time/                   |              |
|    fps                  | 1307         |
|    iterations           | 29           |
|    time_elapsed         | 863          |
|    total_timesteps      | 1128448      |
| train/                  |              |
|    approx_kl            | 0.0040727984 |
|    clip_fraction        | 0.0293       |
|    clip_range           | 0.2          |
|    entropy_loss         | 0.889        |
|    explained_variance   | 0.982        |
|    learning_rate        | 0.000289     |
|    loss                 | 0.435        |
|    n_updates            | 280          |
|    policy_gradient_loss | -0.000827    |
|    std                  | 0.153        |
|    value_loss           | 0.789        |
------------------------------------------
Eval num_timesteps=1140000, episode_reward=781.52 +/- 1003.48
Episode length: 987.25 +/- 840.24
-----------------------------------------
| eval/                   |             |
|    mean_ep_length       | 987         |
|    mean_reward          | 782         |
| time/                   |             |
|    total_timesteps      | 1140000     |
| train/                  |             |
|    approx_kl            | 0.004814447 |
|    clip_fraction        | 0.0441      |
|    clip_range           | 0.2         |
|    entropy_loss         | 0.962       |
|    explained_variance   | 0.974       |
|    learning_rate        | 0.000289    |
|    loss                 | 0.415       |
|    n_updates            | 290         |
|    policy_gradient_loss | -0.00217    |
|    std                  | 0.149       |
|    value_loss           | 0.714       |
-----------------------------------------
---------------------------------
| rollout/           |          |
|    ep_len_mean     | 1.98e+03 |
|    ep_rew_mean     | 3.59e+03 |
| time/              |          |
|    fps             | 1267     |
|    iterations      | 30       |
|    time_elapsed    | 920      |
|    total_timesteps | 1167360  |
---------------------------------
------------------------------------------
| rollout/                |              |
|    ep_len_mean          | 1.98e+03     |
|    ep_rew_mean          | 3.6e+03      |
| time/                   |              |
|    fps                  | 1271         |
|    iterations           | 31           |
|    time_elapsed         | 948          |
|    total_timesteps      | 1206272      |
| train/                  |              |
|    approx_kl            | 0.0052956254 |
|    clip_fraction        | 0.0428       |
|    clip_range           | 0.2          |
|    entropy_loss         | 1.02         |
|    explained_variance   | 0.965        |
|    learning_rate        | 0.000288     |
|    loss                 | 0.231        |
|    n_updates            | 300          |
|    policy_gradient_loss | -0.0025      |
|    std                  | 0.145        |
|    value_loss           | 0.556        |
------------------------------------------
------------------------------------------
| rollout/                |              |
|    ep_len_mean          | 1.98e+03     |
|    ep_rew_mean          | 3.62e+03     |
| time/                   |              |
|    fps                  | 1276         |
|    iterations           | 32           |
|    time_elapsed         | 975          |
|    total_timesteps      | 1245184      |
| train/                  |              |
|    approx_kl            | 0.0050226883 |
|    clip_fraction        | 0.0461       |
|    clip_range           | 0.2          |
|    entropy_loss         | 1.07         |
|    explained_variance   | 0.976        |
|    learning_rate        | 0.000288     |
|    loss                 | 0.257        |
|    n_updates            | 310          |
|    policy_gradient_loss | -0.00241     |
|    std                  | 0.141        |
|    value_loss           | 0.647        |
------------------------------------------
-----------------------------------------
| rollout/                |             |
|    ep_len_mean          | 1.96e+03    |
|    ep_rew_mean          | 3.59e+03    |
| time/                   |             |
|    fps                  | 1280        |
|    iterations           | 33          |
|    time_elapsed         | 1002        |
|    total_timesteps      | 1284096     |
| train/                  |             |
|    approx_kl            | 0.005339388 |
|    clip_fraction        | 0.0399      |
|    clip_range           | 0.2         |
|    entropy_loss         | 1.13        |
|    explained_variance   | 0.974       |
|    learning_rate        | 0.000288    |
|    loss                 | 0.169       |
|    n_updates            | 320         |
|    policy_gradient_loss | 0.000168    |
|    std                  | 0.137       |
|    value_loss           | 0.731       |
-----------------------------------------
-----------------------------------------
| rollout/                |             |
|    ep_len_mean          | 1.96e+03    |
|    ep_rew_mean          | 3.6e+03     |
| time/                   |             |
|    fps                  | 1277        |
|    iterations           | 34          |
|    time_elapsed         | 1035        |
|    total_timesteps      | 1323008     |
| train/                  |             |
|    approx_kl            | 0.004350202 |
|    clip_fraction        | 0.0339      |
|    clip_range           | 0.2         |
|    entropy_loss         | 1.17        |
|    explained_variance   | 0.975       |
|    learning_rate        | 0.000287    |
|    loss                 | 0.132       |
|    n_updates            | 330         |
|    policy_gradient_loss | 0.000672    |
|    std                  | 0.134       |
|    value_loss           | 0.829       |
-----------------------------------------
Eval num_timesteps=1330000, episode_reward=751.54 +/- 1034.47
Episode length: 865.20 +/- 836.18
-----------------------------------------
| eval/                   |             |
|    mean_ep_length       | 865         |
|    mean_reward          | 752         |
| time/                   |             |
|    total_timesteps      | 1330000     |
| train/                  |             |
|    approx_kl            | 0.003976881 |
|    clip_fraction        | 0.0312      |
|    clip_range           | 0.2         |
|    entropy_loss         | 1.21        |
|    explained_variance   | 0.976       |
|    learning_rate        | 0.000287    |
|    loss                 | 0.196       |
|    n_updates            | 340         |
|    policy_gradient_loss | -0.00103    |
|    std                  | 0.132       |
|    value_loss           | 0.806       |
-----------------------------------------
---------------------------------
| rollout/           |          |
|    ep_len_mean     | 1.93e+03 |
|    ep_rew_mean     | 3.54e+03 |
| time/              |          |
|    fps             | 1259     |
|    iterations      | 35       |
|    time_elapsed    | 1081     |
|    total_timesteps | 1361920  |
---------------------------------
------------------------------------------
| rollout/                |              |
|    ep_len_mean          | 1.93e+03     |
|    ep_rew_mean          | 3.55e+03     |
| time/                   |              |
|    fps                  | 1262         |
|    iterations           | 36           |
|    time_elapsed         | 1109         |
|    total_timesteps      | 1400832      |
| train/                  |              |
|    approx_kl            | 0.0031690777 |
|    clip_fraction        | 0.027        |
|    clip_range           | 0.2          |
|    entropy_loss         | 1.21         |
|    explained_variance   | 0.978        |
|    learning_rate        | 0.000286     |
|    loss                 | 0.346        |
|    n_updates            | 350          |
|    policy_gradient_loss | -0.000244    |
|    std                  | 0.132        |
|    value_loss           | 0.932        |
------------------------------------------
-----------------------------------------
| rollout/                |             |
|    ep_len_mean          | 1.95e+03    |
|    ep_rew_mean          | 3.59e+03    |
| time/                   |             |
|    fps                  | 1260        |
|    iterations           | 37          |
|    time_elapsed         | 1141        |
|    total_timesteps      | 1439744     |
| train/                  |             |
|    approx_kl            | 0.004989159 |
|    clip_fraction        | 0.0454      |
|    clip_range           | 0.2         |
|    entropy_loss         | 1.25        |
|    explained_variance   | 0.975       |
|    learning_rate        | 0.000286    |
|    loss                 | 0.127       |
|    n_updates            | 360         |
|    policy_gradient_loss | -0.00153    |
|    std                  | 0.129       |
|    value_loss           | 0.477       |
-----------------------------------------
------------------------------------------
| rollout/                |              |
|    ep_len_mean          | 1.97e+03     |
|    ep_rew_mean          | 3.62e+03     |
| time/                   |              |
|    fps                  | 1263         |
|    iterations           | 38           |
|    time_elapsed         | 1170         |
|    total_timesteps      | 1478656      |
| train/                  |              |
|    approx_kl            | 0.0051720454 |
|    clip_fraction        | 0.0431       |
|    clip_range           | 0.2          |
|    entropy_loss         | 1.3          |
|    explained_variance   | 0.977        |
|    learning_rate        | 0.000286     |
|    loss                 | 0.179        |
|    n_updates            | 370          |
|    policy_gradient_loss | -0.00213     |
|    std                  | 0.125        |
|    value_loss           | 0.547        |
------------------------------------------
------------------------------------------
| rollout/                |              |
|    ep_len_mean          | 1.97e+03     |
|    ep_rew_mean          | 3.63e+03     |
| time/                   |              |
|    fps                  | 1266         |
|    iterations           | 39           |
|    time_elapsed         | 1197         |
|    total_timesteps      | 1517568      |
| train/                  |              |
|    approx_kl            | 0.0046467297 |
|    clip_fraction        | 0.0316       |
|    clip_range           | 0.2          |
|    entropy_loss         | 1.35         |
|    explained_variance   | 0.971        |
|    learning_rate        | 0.000285     |
|    loss                 | 0.221        |
|    n_updates            | 380          |
|    policy_gradient_loss | -0.00133     |
|    std                  | 0.123        |
|    value_loss           | 0.497        |
------------------------------------------
Eval num_timesteps=1520000, episode_reward=813.89 +/- 1057.77
Episode length: 886.90 +/- 823.14
------------------------------------------
| eval/                   |              |
|    mean_ep_length       | 887          |
|    mean_reward          | 814          |
| time/                   |              |
|    total_timesteps      | 1520000      |
| train/                  |              |
|    approx_kl            | 0.0053913696 |
|    clip_fraction        | 0.0382       |
|    clip_range           | 0.2          |
|    entropy_loss         | 1.39         |
|    explained_variance   | 0.979        |
|    learning_rate        | 0.000285     |
|    loss                 | 0.158        |
|    n_updates            | 390          |
|    policy_gradient_loss | -0.000736    |
|    std                  | 0.12         |
|    value_loss           | 0.496        |
------------------------------------------
---------------------------------
| rollout/           |          |
|    ep_len_mean     | 1.98e+03 |
|    ep_rew_mean     | 3.67e+03 |
| time/              |          |
|    fps             | 1243     |
|    iterations      | 40       |
|    time_elapsed    | 1251     |
|    total_timesteps | 1556480  |
---------------------------------
------------------------------------------
| rollout/                |              |
|    ep_len_mean          | 1.96e+03     |
|    ep_rew_mean          | 3.64e+03     |
| time/                   |              |
|    fps                  | 1247         |
|    iterations           | 41           |
|    time_elapsed         | 1279         |
|    total_timesteps      | 1595392      |
| train/                  |              |
|    approx_kl            | 0.0048391605 |
|    clip_fraction        | 0.0368       |
|    clip_range           | 0.2          |
|    entropy_loss         | 1.42         |
|    explained_variance   | 0.983        |
|    learning_rate        | 0.000284     |
|    loss                 | 0.175        |
|    n_updates            | 400          |
|    policy_gradient_loss | -0.000478    |
|    std                  | 0.118        |
|    value_loss           | 0.669        |
------------------------------------------
-----------------------------------------
| rollout/                |             |
|    ep_len_mean          | 1.96e+03    |
|    ep_rew_mean          | 3.64e+03    |
| time/                   |             |
|    fps                  | 1251        |
|    iterations           | 42          |
|    time_elapsed         | 1305        |
|    total_timesteps      | 1634304     |
| train/                  |             |
|    approx_kl            | 0.005424929 |
|    clip_fraction        | 0.0407      |
|    clip_range           | 0.2         |
|    entropy_loss         | 1.44        |
|    explained_variance   | 0.963       |
|    learning_rate        | 0.000284    |
|    loss                 | 0.159       |
|    n_updates            | 410         |
|    policy_gradient_loss | 0.000899    |
|    std                  | 0.118       |
|    value_loss           | 0.645       |
-----------------------------------------
-----------------------------------------
| rollout/                |             |
|    ep_len_mean          | 1.94e+03    |
|    ep_rew_mean          | 3.6e+03     |
| time/                   |             |
|    fps                  | 1255        |
|    iterations           | 43          |
|    time_elapsed         | 1333        |
|    total_timesteps      | 1673216     |
| train/                  |             |
|    approx_kl            | 0.004707907 |
|    clip_fraction        | 0.0402      |
|    clip_range           | 0.2         |
|    entropy_loss         | 1.48        |
|    explained_variance   | 0.965       |
|    learning_rate        | 0.000284    |
|    loss                 | 0.184       |
|    n_updates            | 420         |
|    policy_gradient_loss | -0.00138    |
|    std                  | 0.115       |
|    value_loss           | 0.492       |
-----------------------------------------
Eval num_timesteps=1710000, episode_reward=839.28 +/- 1118.35
Episode length: 846.60 +/- 848.90
------------------------------------------
| eval/                   |              |
|    mean_ep_length       | 847          |
|    mean_reward          | 839          |
| time/                   |              |
|    total_timesteps      | 1710000      |
| train/                  |              |
|    approx_kl            | 0.0036385604 |
|    clip_fraction        | 0.0316       |
|    clip_range           | 0.2          |
|    entropy_loss         | 1.48         |
|    explained_variance   | 0.983        |
|    learning_rate        | 0.000283     |
|    loss                 | 0.649        |
|    n_updates            | 430          |
|    policy_gradient_loss | 0.000161     |
|    std                  | 0.116        |
|    value_loss           | 0.853        |
------------------------------------------
New best mean reward!
---------------------------------
| rollout/           |          |
|    ep_len_mean     | 1.93e+03 |
|    ep_rew_mean     | 3.56e+03 |
| time/              |          |
|    fps             | 1232     |
|    iterations      | 44       |
|    time_elapsed    | 1388     |
|    total_timesteps | 1712128  |
---------------------------------
------------------------------------------
| rollout/                |              |
|    ep_len_mean          | 1.94e+03     |
|    ep_rew_mean          | 3.6e+03      |
| time/                   |              |
|    fps                  | 1236         |
|    iterations           | 45           |
|    time_elapsed         | 1415         |
|    total_timesteps      | 1751040      |
| train/                  |              |
|    approx_kl            | 0.0037506416 |
|    clip_fraction        | 0.0288       |
|    clip_range           | 0.2          |
|    entropy_loss         | 1.48         |
|    explained_variance   | 0.985        |
|    learning_rate        | 0.000283     |
|    loss                 | 0.174        |
|    n_updates            | 440          |
|    policy_gradient_loss | 0.000829     |
|    std                  | 0.115        |
|    value_loss           | 0.751        |
------------------------------------------
------------------------------------------
| rollout/                |              |
|    ep_len_mean          | 1.95e+03     |
|    ep_rew_mean          | 3.61e+03     |
| time/                   |              |
|    fps                  | 1240         |
|    iterations           | 46           |
|    time_elapsed         | 1442         |
|    total_timesteps      | 1789952      |
| train/                  |              |
|    approx_kl            | 0.0046386654 |
|    clip_fraction        | 0.0449       |
|    clip_range           | 0.2          |
|    entropy_loss         | 1.53         |
|    explained_variance   | 0.972        |
|    learning_rate        | 0.000282     |
|    loss                 | 0.313        |
|    n_updates            | 450          |
|    policy_gradient_loss | -0.00162     |
|    std                  | 0.112        |
|    value_loss           | 0.356        |
------------------------------------------
------------------------------------------
| rollout/                |              |
|    ep_len_mean          | 1.93e+03     |
|    ep_rew_mean          | 3.58e+03     |
| time/                   |              |
|    fps                  | 1244         |
|    iterations           | 47           |
|    time_elapsed         | 1469         |
|    total_timesteps      | 1828864      |
| train/                  |              |
|    approx_kl            | 0.0035992065 |
|    clip_fraction        | 0.0343       |
|    clip_range           | 0.2          |
|    entropy_loss         | 1.55         |
|    explained_variance   | 0.969        |
|    learning_rate        | 0.000282     |
|    loss                 | 0.156        |
|    n_updates            | 460          |
|    policy_gradient_loss | 0.000407     |
|    std                  | 0.112        |
|    value_loss           | 0.559        |
------------------------------------------
------------------------------------------
| rollout/                |              |
|    ep_len_mean          | 1.95e+03     |
|    ep_rew_mean          | 3.61e+03     |
| time/                   |              |
|    fps                  | 1247         |
|    iterations           | 48           |
|    time_elapsed         | 1496         |
|    total_timesteps      | 1867776      |
| train/                  |              |
|    approx_kl            | 0.0053638453 |
|    clip_fraction        | 0.0424       |
|    clip_range           | 0.2          |
|    entropy_loss         | 1.56         |
|    explained_variance   | 0.979        |
|    learning_rate        | 0.000282     |
|    loss                 | 0.188        |
|    n_updates            | 470          |
|    policy_gradient_loss | -0.000834    |
|    std                  | 0.111        |
|    value_loss           | 1.02         |
------------------------------------------
Eval num_timesteps=1900000, episode_reward=849.57 +/- 1104.92
Episode length: 863.20 +/- 838.33
-----------------------------------------
| eval/                   |             |
|    mean_ep_length       | 863         |
|    mean_reward          | 850         |
| time/                   |             |
|    total_timesteps      | 1900000     |
| train/                  |             |
|    approx_kl            | 0.003566523 |
|    clip_fraction        | 0.0327      |
|    clip_range           | 0.2         |
|    entropy_loss         | 1.56        |
|    explained_variance   | 0.956       |
|    learning_rate        | 0.000281    |
|    loss                 | 0.372       |
|    n_updates            | 480         |
|    policy_gradient_loss | -0.000583   |
|    std                  | 0.111       |
|    value_loss           | 1.15        |
-----------------------------------------
New best mean reward!
---------------------------------
| rollout/           |          |
|    ep_len_mean     | 1.95e+03 |
|    ep_rew_mean     | 3.61e+03 |
| time/              |          |
|    fps             | 1230     |
|    iterations      | 49       |
|    time_elapsed    | 1549     |
|    total_timesteps | 1906688  |
---------------------------------
------------------------------------------
| rollout/                |              |
|    ep_len_mean          | 1.93e+03     |
|    ep_rew_mean          | 3.58e+03     |
| time/                   |              |
|    fps                  | 1234         |
|    iterations           | 50           |
|    time_elapsed         | 1576         |
|    total_timesteps      | 1945600      |
| train/                  |              |
|    approx_kl            | 0.0037426855 |
|    clip_fraction        | 0.0336       |
|    clip_range           | 0.2          |
|    entropy_loss         | 1.57         |
|    explained_variance   | 0.97         |
|    learning_rate        | 0.000281     |
|    loss                 | 1.38         |
|    n_updates            | 490          |
|    policy_gradient_loss | -0.0006      |
|    std                  | 0.11         |
|    value_loss           | 1.51         |
------------------------------------------
------------------------------------------
| rollout/                |              |
|    ep_len_mean          | 1.92e+03     |
|    ep_rew_mean          | 3.56e+03     |
| time/                   |              |
|    fps                  | 1237         |
|    iterations           | 51           |
|    time_elapsed         | 1604         |
|    total_timesteps      | 1984512      |
| train/                  |              |
|    approx_kl            | 0.0056486963 |
|    clip_fraction        | 0.0462       |
|    clip_range           | 0.2          |
|    entropy_loss         | 1.6          |
|    explained_variance   | 0.986        |
|    learning_rate        | 0.000281     |
|    loss                 | 0.822        |
|    n_updates            | 500          |
|    policy_gradient_loss | -0.00131     |
|    std                  | 0.109        |
|    value_loss           | 0.763        |
------------------------------------------
------------------------------------------
| rollout/                |              |
|    ep_len_mean          | 1.94e+03     |
|    ep_rew_mean          | 3.59e+03     |
| time/                   |              |
|    fps                  | 1240         |
|    iterations           | 52           |
|    time_elapsed         | 1631         |
|    total_timesteps      | 2023424      |
| train/                  |              |
|    approx_kl            | 0.0046591074 |
|    clip_fraction        | 0.0483       |
|    clip_range           | 0.2          |
|    entropy_loss         | 1.63         |
|    explained_variance   | 0.987        |
|    learning_rate        | 0.00028      |
|    loss                 | 0.706        |
|    n_updates            | 510          |
|    policy_gradient_loss | -5.72e-05    |
|    std                  | 0.107        |
|    value_loss           | 1.14         |
------------------------------------------
------------------------------------------
| rollout/                |              |
|    ep_len_mean          | 1.96e+03     |
|    ep_rew_mean          | 3.63e+03     |
| time/                   |              |
|    fps                  | 1243         |
|    iterations           | 53           |
|    time_elapsed         | 1658         |
|    total_timesteps      | 2062336      |
| train/                  |              |
|    approx_kl            | 0.0047934973 |
|    clip_fraction        | 0.0413       |
|    clip_range           | 0.2          |
|    entropy_loss         | 1.66         |
|    explained_variance   | 0.952        |
|    learning_rate        | 0.00028      |
|    loss                 | 0.153        |
|    n_updates            | 520          |
|    policy_gradient_loss | -0.000285    |
|    std                  | 0.105        |
|    value_loss           | 0.565        |
------------------------------------------
Eval num_timesteps=2090000, episode_reward=1037.21 +/- 1187.07
Episode length: 964.10 +/- 851.12
------------------------------------------
| eval/                   |              |
|    mean_ep_length       | 964          |
|    mean_reward          | 1.04e+03     |
| time/                   |              |
|    total_timesteps      | 2090000      |
| train/                  |              |
|    approx_kl            | 0.0050800173 |
|    clip_fraction        | 0.0423       |
|    clip_range           | 0.2          |
|    entropy_loss         | 1.7          |
|    explained_variance   | 0.969        |
|    learning_rate        | 0.000279     |
|    loss                 | 0.176        |
|    n_updates            | 530          |
|    policy_gradient_loss | -0.00145     |
|    std                  | 0.103        |
|    value_loss           | 0.483        |
------------------------------------------
New best mean reward!
---------------------------------
| rollout/           |          |
|    ep_len_mean     | 1.96e+03 |
|    ep_rew_mean     | 3.64e+03 |
| time/              |          |
|    fps             | 1224     |
|    iterations      | 54       |
|    time_elapsed    | 1716     |
|    total_timesteps | 2101248  |
---------------------------------
------------------------------------------
| rollout/                |              |
|    ep_len_mean          | 1.98e+03     |
|    ep_rew_mean          | 3.68e+03     |
| time/                   |              |
|    fps                  | 1227         |
|    iterations           | 55           |
|    time_elapsed         | 1743         |
|    total_timesteps      | 2140160      |
| train/                  |              |
|    approx_kl            | 0.0041837827 |
|    clip_fraction        | 0.0414       |
|    clip_range           | 0.2          |
|    entropy_loss         | 1.73         |
|    explained_variance   | 0.974        |
|    learning_rate        | 0.000279     |
|    loss                 | 0.178        |
|    n_updates            | 540          |
|    policy_gradient_loss | -0.000835    |
|    std                  | 0.101        |
|    value_loss           | 0.361        |
------------------------------------------
-----------------------------------------
| rollout/                |             |
|    ep_len_mean          | 2e+03       |
|    ep_rew_mean          | 3.71e+03    |
| time/                   |             |
|    fps                  | 1230        |
|    iterations           | 56          |
|    time_elapsed         | 1770        |
|    total_timesteps      | 2179072     |
| train/                  |             |
|    approx_kl            | 0.003604419 |
|    clip_fraction        | 0.0398      |
|    clip_range           | 0.2         |
|    entropy_loss         | 1.75        |
|    explained_variance   | 0.981       |
|    learning_rate        | 0.000279    |
|    loss                 | 0.178       |
|    n_updates            | 550         |
|    policy_gradient_loss | -0.000557   |
|    std                  | 0.1         |
|    value_loss           | 0.453       |
-----------------------------------------
-----------------------------------------
| rollout/                |             |
|    ep_len_mean          | 2e+03       |
|    ep_rew_mean          | 3.72e+03    |
| time/                   |             |
|    fps                  | 1234        |
|    iterations           | 57          |
|    time_elapsed         | 1796        |
|    total_timesteps      | 2217984     |
| train/                  |             |
|    approx_kl            | 0.004178716 |
|    clip_fraction        | 0.0387      |
|    clip_range           | 0.2         |
|    entropy_loss         | 1.77        |
|    explained_variance   | 0.982       |
|    learning_rate        | 0.000278    |
|    loss                 | 0.123       |
|    n_updates            | 560         |
|    policy_gradient_loss | -0.00017    |
|    std                  | 0.0995      |
|    value_loss           | 0.347       |
-----------------------------------------
------------------------------------------
| rollout/                |              |
|    ep_len_mean          | 2e+03        |
|    ep_rew_mean          | 3.72e+03     |
| time/                   |              |
|    fps                  | 1237         |
|    iterations           | 58           |
|    time_elapsed         | 1823         |
|    total_timesteps      | 2256896      |
| train/                  |              |
|    approx_kl            | 0.0036829074 |
|    clip_fraction        | 0.0374       |
|    clip_range           | 0.2          |
|    entropy_loss         | 1.8          |
|    explained_variance   | 0.98         |
|    learning_rate        | 0.000278     |
|    loss                 | 0.133        |
|    n_updates            | 570          |
|    policy_gradient_loss | -0.000743    |
|    std                  | 0.0981       |
|    value_loss           | 0.432        |
------------------------------------------
Eval num_timesteps=2280000, episode_reward=950.63 +/- 1171.68
Episode length: 870.70 +/- 833.45
-----------------------------------------
| eval/                   |             |
|    mean_ep_length       | 871         |
|    mean_reward          | 951         |
| time/                   |             |
|    total_timesteps      | 2280000     |
| train/                  |             |
|    approx_kl            | 0.004801435 |
|    clip_fraction        | 0.0409      |
|    clip_range           | 0.2         |
|    entropy_loss         | 1.82        |
|    explained_variance   | 0.985       |
|    learning_rate        | 0.000277    |
|    loss                 | 0.661       |
|    n_updates            | 580         |
|    policy_gradient_loss | -0.00104    |
|    std                  | 0.0972      |
|    value_loss           | 0.416       |
-----------------------------------------
---------------------------------
| rollout/           |          |
|    ep_len_mean     | 2e+03    |
|    ep_rew_mean     | 3.72e+03 |
| time/              |          |
|    fps             | 1224     |
|    iterations      | 59       |
|    time_elapsed    | 1875     |
|    total_timesteps | 2295808  |
---------------------------------
-----------------------------------------
| rollout/                |             |
|    ep_len_mean          | 2e+03       |
|    ep_rew_mean          | 3.72e+03    |
| time/                   |             |
|    fps                  | 1227        |
|    iterations           | 60          |
|    time_elapsed         | 1902        |
|    total_timesteps      | 2334720     |
| train/                  |             |
|    approx_kl            | 0.004501211 |
|    clip_fraction        | 0.0376      |
|    clip_range           | 0.2         |
|    entropy_loss         | 1.85        |
|    explained_variance   | 0.981       |
|    learning_rate        | 0.000277    |
|    loss                 | 0.192       |
|    n_updates            | 590         |
|    policy_gradient_loss | -0.000713   |
|    std                  | 0.0957      |
|    value_loss           | 0.457       |
-----------------------------------------
-----------------------------------------
| rollout/                |             |
|    ep_len_mean          | 2e+03       |
|    ep_rew_mean          | 3.72e+03    |
| time/                   |             |
|    fps                  | 1231        |
|    iterations           | 61          |
|    time_elapsed         | 1928        |
|    total_timesteps      | 2373632     |
| train/                  |             |
|    approx_kl            | 0.005154026 |
|    clip_fraction        | 0.0429      |
|    clip_range           | 0.2         |
|    entropy_loss         | 1.87        |
|    explained_variance   | 0.977       |
|    learning_rate        | 0.000277    |
|    loss                 | 0.359       |
|    n_updates            | 600         |
|    policy_gradient_loss | -0.00141    |
|    std                  | 0.0948      |
|    value_loss           | 0.404       |
-----------------------------------------
----------------------------------------
| rollout/                |            |
|    ep_len_mean          | 2e+03      |
|    ep_rew_mean          | 3.72e+03   |
| time/                   |            |
|    fps                  | 1233       |
|    iterations           | 62         |
|    time_elapsed         | 1956       |
|    total_timesteps      | 2412544    |
| train/                  |            |
|    approx_kl            | 0.00468106 |
|    clip_fraction        | 0.0405     |
|    clip_range           | 0.2        |
|    entropy_loss         | 1.89       |
|    explained_variance   | 0.979      |
|    learning_rate        | 0.000276   |
|    loss                 | 1.33       |
|    n_updates            | 610        |
|    policy_gradient_loss | -0.00105   |
|    std                  | 0.0938     |
|    value_loss           | 0.471      |
----------------------------------------
------------------------------------------
| rollout/                |              |
|    ep_len_mean          | 2e+03        |
|    ep_rew_mean          | 3.73e+03     |
| time/                   |              |
|    fps                  | 1236         |
|    iterations           | 63           |
|    time_elapsed         | 1982         |
|    total_timesteps      | 2451456      |
| train/                  |              |
|    approx_kl            | 0.0046865097 |
|    clip_fraction        | 0.0394       |
|    clip_range           | 0.2          |
|    entropy_loss         | 1.92         |
|    explained_variance   | 0.966        |
|    learning_rate        | 0.000276     |
|    loss                 | 0.399        |
|    n_updates            | 620          |
|    policy_gradient_loss | -0.000814    |
|    std                  | 0.0922       |
|    value_loss           | 0.381        |
------------------------------------------
Eval num_timesteps=2470000, episode_reward=953.15 +/- 1186.40
Episode length: 858.00 +/- 840.08
------------------------------------------
| eval/                   |              |
|    mean_ep_length       | 858          |
|    mean_reward          | 953          |
| time/                   |              |
|    total_timesteps      | 2470000      |
| train/                  |              |
|    approx_kl            | 0.0037124788 |
|    clip_fraction        | 0.037        |
|    clip_range           | 0.2          |
|    entropy_loss         | 1.94         |
|    explained_variance   | 0.966        |
|    learning_rate        | 0.000275     |
|    loss                 | 0.182        |
|    n_updates            | 630          |
|    policy_gradient_loss | -0.000613    |
|    std                  | 0.0914       |
|    value_loss           | 0.383        |
------------------------------------------
---------------------------------
| rollout/           |          |
|    ep_len_mean     | 2e+03    |
|    ep_rew_mean     | 3.74e+03 |
| time/              |          |
|    fps             | 1223     |
|    iterations      | 64       |
|    time_elapsed    | 2035     |
|    total_timesteps | 2490368  |
---------------------------------
------------------------------------------
| rollout/                |              |
|    ep_len_mean          | 2e+03        |
|    ep_rew_mean          | 3.73e+03     |
| time/                   |              |
|    fps                  | 1227         |
|    iterations           | 65           |
|    time_elapsed         | 2060         |
|    total_timesteps      | 2529280      |
| train/                  |              |
|    approx_kl            | 0.0039343103 |
|    clip_fraction        | 0.041        |
|    clip_range           | 0.2          |
|    entropy_loss         | 1.96         |
|    explained_variance   | 0.982        |
|    learning_rate        | 0.000275     |
|    loss                 | 0.132        |
|    n_updates            | 640          |
|    policy_gradient_loss | -0.000577    |
|    std                  | 0.0907       |
|    value_loss           | 0.388        |
------------------------------------------
-----------------------------------------
| rollout/                |             |
|    ep_len_mean          | 2e+03       |
|    ep_rew_mean          | 3.73e+03    |
| time/                   |             |
|    fps                  | 1230        |
|    iterations           | 66          |
|    time_elapsed         | 2086        |
|    total_timesteps      | 2568192     |
| train/                  |             |
|    approx_kl            | 0.005234294 |
|    clip_fraction        | 0.0358      |
|    clip_range           | 0.2         |
|    entropy_loss         | 1.98        |
|    explained_variance   | 0.984       |
|    learning_rate        | 0.000275    |
|    loss                 | 0.185       |
|    n_updates            | 650         |
|    policy_gradient_loss | -0.0014     |
|    std                  | 0.0901      |
|    value_loss           | 0.469       |
-----------------------------------------
-----------------------------------------
| rollout/                |             |
|    ep_len_mean          | 2e+03       |
|    ep_rew_mean          | 3.73e+03    |
| time/                   |             |
|    fps                  | 1234        |
|    iterations           | 67          |
|    time_elapsed         | 2112        |
|    total_timesteps      | 2607104     |
| train/                  |             |
|    approx_kl            | 0.005523417 |
|    clip_fraction        | 0.0406      |
|    clip_range           | 0.2         |
|    entropy_loss         | 1.99        |
|    explained_variance   | 0.982       |
|    learning_rate        | 0.000274    |
|    loss                 | 0.21        |
|    n_updates            | 660         |
|    policy_gradient_loss | -0.000746   |
|    std                  | 0.0894      |
|    value_loss           | 0.521       |
-----------------------------------------
------------------------------------------
| rollout/                |              |
|    ep_len_mean          | 2e+03        |
|    ep_rew_mean          | 3.73e+03     |
| time/                   |              |
|    fps                  | 1237         |
|    iterations           | 68           |
|    time_elapsed         | 2137         |
|    total_timesteps      | 2646016      |
| train/                  |              |
|    approx_kl            | 0.0047632623 |
|    clip_fraction        | 0.0436       |
|    clip_range           | 0.2          |
|    entropy_loss         | 2.01         |
|    explained_variance   | 0.983        |
|    learning_rate        | 0.000274     |
|    loss                 | 0.113        |
|    n_updates            | 670          |
|    policy_gradient_loss | -0.000777    |
|    std                  | 0.0884       |
|    value_loss           | 0.324        |
------------------------------------------
Eval num_timesteps=2660000, episode_reward=833.49 +/- 1147.89
Episode length: 773.55 +/- 805.53
------------------------------------------
| eval/                   |              |
|    mean_ep_length       | 774          |
|    mean_reward          | 833          |
| time/                   |              |
|    total_timesteps      | 2660000      |
| train/                  |              |
|    approx_kl            | 0.0041110925 |
|    clip_fraction        | 0.0373       |
|    clip_range           | 0.2          |
|    entropy_loss         | 2.03         |
|    explained_variance   | 0.979        |
|    learning_rate        | 0.000274     |
|    loss                 | 0.114        |
|    n_updates            | 680          |
|    policy_gradient_loss | -0.000249    |
|    std                  | 0.0875       |
|    value_loss           | 0.421        |
------------------------------------------
---------------------------------
| rollout/           |          |
|    ep_len_mean     | 2e+03    |
|    ep_rew_mean     | 3.72e+03 |
| time/              |          |
|    fps             | 1227     |
|    iterations      | 69       |
|    time_elapsed    | 2187     |
|    total_timesteps | 2684928  |
---------------------------------
-----------------------------------------
| rollout/                |             |
|    ep_len_mean          | 2e+03       |
|    ep_rew_mean          | 3.73e+03    |
| time/                   |             |
|    fps                  | 1240        |
|    iterations           | 70          |
|    time_elapsed         | 2196        |
|    total_timesteps      | 2723840     |
| train/                  |             |
|    approx_kl            | 0.004686334 |
|    clip_fraction        | 0.0448      |
|    clip_range           | 0.2         |
|    entropy_loss         | 2.04        |
|    explained_variance   | 0.982       |
|    learning_rate        | 0.000273    |
|    loss                 | 0.186       |
|    n_updates            | 690         |
|    policy_gradient_loss | -0.000633   |
|    std                  | 0.0875      |
|    value_loss           | 0.378       |
-----------------------------------------
------------------------------------------
| rollout/                |              |
|    ep_len_mean          | 2e+03        |
|    ep_rew_mean          | 3.74e+03     |
| time/                   |              |
|    fps                  | 1253         |
|    iterations           | 71           |
|    time_elapsed         | 2204         |
|    total_timesteps      | 2762752      |
| train/                  |              |
|    approx_kl            | 0.0041342285 |
|    clip_fraction        | 0.0407       |
|    clip_range           | 0.2          |
|    entropy_loss         | 2.04         |
|    explained_variance   | 0.983        |
|    learning_rate        | 0.000273     |
|    loss                 | 0.447        |
|    n_updates            | 700          |
|    policy_gradient_loss | -0.000594    |
|    std                  | 0.087        |
|    value_loss           | 0.649        |
------------------------------------------
-----------------------------------------
| rollout/                |             |
|    ep_len_mean          | 2e+03       |
|    ep_rew_mean          | 3.75e+03    |
| time/                   |             |
|    fps                  | 1267        |
|    iterations           | 72          |
|    time_elapsed         | 2211        |
|    total_timesteps      | 2801664     |
| train/                  |             |
|    approx_kl            | 0.004583964 |
|    clip_fraction        | 0.0437      |
|    clip_range           | 0.2         |
|    entropy_loss         | 2.06        |
|    explained_variance   | 0.979       |
|    learning_rate        | 0.000272    |
|    loss                 | 0.147       |
|    n_updates            | 710         |
|    policy_gradient_loss | -0.000397   |
|    std                  | 0.0866      |
|    value_loss           | 0.353       |
-----------------------------------------
------------------------------------------
| rollout/                |              |
|    ep_len_mean          | 2e+03        |
|    ep_rew_mean          | 3.74e+03     |
| time/                   |              |
|    fps                  | 1280         |
|    iterations           | 73           |
|    time_elapsed         | 2218         |
|    total_timesteps      | 2840576      |
| train/                  |              |
|    approx_kl            | 0.0040756655 |
|    clip_fraction        | 0.0447       |
|    clip_range           | 0.2          |
|    entropy_loss         | 2.06         |
|    explained_variance   | 0.981        |
|    learning_rate        | 0.000272     |
|    loss                 | 0.177        |
|    n_updates            | 720          |
|    policy_gradient_loss | -0.000325    |
|    std                  | 0.0861       |
|    value_loss           | 0.457        |
------------------------------------------
Eval num_timesteps=2850000, episode_reward=881.02 +/- 1137.52
Episode length: 848.10 +/- 808.09
----------------------------------------
| eval/                   |            |
|    mean_ep_length       | 848        |
|    mean_reward          | 881        |
| time/                   |            |
|    total_timesteps      | 2850000    |
| train/                  |            |
|    approx_kl            | 0.00411864 |
|    clip_fraction        | 0.0427     |
|    clip_range           | 0.2        |
|    entropy_loss         | 2.09       |
|    explained_variance   | 0.98       |
|    learning_rate        | 0.000272   |
|    loss                 | 0.132      |
|    n_updates            | 730        |
|    policy_gradient_loss | -0.000687  |
|    std                  | 0.0851     |
|    value_loss           | 0.386      |
----------------------------------------
---------------------------------
| rollout/           |          |
|    ep_len_mean     | 2e+03    |
|    ep_rew_mean     | 3.75e+03 |
| time/              |          |
|    fps             | 1288     |
|    iterations      | 74       |
|    time_elapsed    | 2235     |
|    total_timesteps | 2879488  |
---------------------------------
------------------------------------------
| rollout/                |              |
|    ep_len_mean          | 2e+03        |
|    ep_rew_mean          | 3.74e+03     |
| time/                   |              |
|    fps                  | 1301         |
|    iterations           | 75           |
|    time_elapsed         | 2242         |
|    total_timesteps      | 2918400      |
| train/                  |              |
|    approx_kl            | 0.0048474474 |
|    clip_fraction        | 0.0445       |
|    clip_range           | 0.2          |
|    entropy_loss         | 2.1          |
|    explained_variance   | 0.981        |
|    learning_rate        | 0.000271     |
|    loss                 | 0.153        |
|    n_updates            | 740          |
|    policy_gradient_loss | -0.000126    |
|    std                  | 0.0844       |
|    value_loss           | 0.38         |
------------------------------------------
-----------------------------------------
| rollout/                |             |
|    ep_len_mean          | 2e+03       |
|    ep_rew_mean          | 3.74e+03    |
| time/                   |             |
|    fps                  | 1314        |
|    iterations           | 76          |
|    time_elapsed         | 2249        |
|    total_timesteps      | 2957312     |
| train/                  |             |
|    approx_kl            | 0.004808647 |
|    clip_fraction        | 0.0477      |
|    clip_range           | 0.2         |
|    entropy_loss         | 2.09        |
|    explained_variance   | 0.97        |
|    learning_rate        | 0.000271    |
|    loss                 | 0.199       |
|    n_updates            | 750         |
|    policy_gradient_loss | -0.000312   |
|    std                  | 0.0852      |
|    value_loss           | 0.55        |
-----------------------------------------
------------------------------------------
| rollout/                |              |
|    ep_len_mean          | 2e+03        |
|    ep_rew_mean          | 3.74e+03     |
| time/                   |              |
|    fps                  | 1327         |
|    iterations           | 77           |
|    time_elapsed         | 2256         |
|    total_timesteps      | 2996224      |
| train/                  |              |
|    approx_kl            | 0.0038527257 |
|    clip_fraction        | 0.0372       |
|    clip_range           | 0.2          |
|    entropy_loss         | 2.09         |
|    explained_variance   | 0.983        |
|    learning_rate        | 0.00027      |
|    loss                 | 0.184        |
|    n_updates            | 760          |
|    policy_gradient_loss | -0.000476    |
|    std                  | 0.0849       |
|    value_loss           | 0.375        |
------------------------------------------
------------------------------------------
| rollout/                |              |
|    ep_len_mean          | 2e+03        |
|    ep_rew_mean          | 3.74e+03     |
| time/                   |              |
|    fps                  | 1340         |
|    iterations           | 78           |
|    time_elapsed         | 2263         |
|    total_timesteps      | 3035136      |
| train/                  |              |
|    approx_kl            | 0.0046986155 |
|    clip_fraction        | 0.0471       |
|    clip_range           | 0.2          |
|    entropy_loss         | 2.11         |
|    explained_variance   | 0.981        |
|    learning_rate        | 0.00027      |
|    loss                 | 0.139        |
|    n_updates            | 770          |
|    policy_gradient_loss | -0.000579    |
|    std                  | 0.0841       |
|    value_loss           | 0.369        |
------------------------------------------
Eval num_timesteps=3040000, episode_reward=1464.05 +/- 1264.54
Episode length: 1307.65 +/- 850.89
------------------------------------------
| eval/                   |              |
|    mean_ep_length       | 1.31e+03     |
|    mean_reward          | 1.46e+03     |
| time/                   |              |
|    total_timesteps      | 3040000      |
| train/                  |              |
|    approx_kl            | 0.0042049093 |
|    clip_fraction        | 0.042        |
|    clip_range           | 0.2          |
|    entropy_loss         | 2.13         |
|    explained_variance   | 0.977        |
|    learning_rate        | 0.00027      |
|    loss                 | 0.18         |
|    n_updates            | 780          |
|    policy_gradient_loss | -0.00124     |
|    std                  | 0.0834       |
|    value_loss           | 0.384        |
------------------------------------------
New best mean reward!
---------------------------------
| rollout/           |          |
|    ep_len_mean     | 2e+03    |
|    ep_rew_mean     | 3.73e+03 |
| time/              |          |
|    fps             | 1343     |
|    iterations      | 79       |
|    time_elapsed    | 2287     |
|    total_timesteps | 3074048  |
---------------------------------
-----------------------------------------
| rollout/                |             |
|    ep_len_mean          | 2e+03       |
|    ep_rew_mean          | 3.73e+03    |
| time/                   |             |
|    fps                  | 1356        |
|    iterations           | 80          |
|    time_elapsed         | 2294        |
|    total_timesteps      | 3112960     |
| train/                  |             |
|    approx_kl            | 0.004306705 |
|    clip_fraction        | 0.0376      |
|    clip_range           | 0.2         |
|    entropy_loss         | 2.14        |
|    explained_variance   | 0.978       |
|    learning_rate        | 0.000269    |
|    loss                 | 0.152       |
|    n_updates            | 790         |
|    policy_gradient_loss | -0.000172   |
|    std                  | 0.0828      |
|    value_loss           | 0.386       |
-----------------------------------------
------------------------------------------
| rollout/                |              |
|    ep_len_mean          | 2e+03        |
|    ep_rew_mean          | 3.74e+03     |
| time/                   |              |
|    fps                  | 1369         |
|    iterations           | 81           |
|    time_elapsed         | 2301         |
|    total_timesteps      | 3151872      |
| train/                  |              |
|    approx_kl            | 0.0044434466 |
|    clip_fraction        | 0.042        |
|    clip_range           | 0.2          |
|    entropy_loss         | 2.17         |
|    explained_variance   | 0.984        |
|    learning_rate        | 0.000269     |
|    loss                 | 0.122        |
|    n_updates            | 800          |
|    policy_gradient_loss | -0.000663    |
|    std                  | 0.0815       |
|    value_loss           | 0.366        |
------------------------------------------
------------------------------------------
| rollout/                |              |
|    ep_len_mean          | 2e+03        |
|    ep_rew_mean          | 3.73e+03     |
| time/                   |              |
|    fps                  | 1381         |
|    iterations           | 82           |
|    time_elapsed         | 2309         |
|    total_timesteps      | 3190784      |
| train/                  |              |
|    approx_kl            | 0.0037044263 |
|    clip_fraction        | 0.0417       |
|    clip_range           | 0.2          |
|    entropy_loss         | 2.18         |
|    explained_variance   | 0.986        |
|    learning_rate        | 0.000268     |
|    loss                 | 0.166        |
|    n_updates            | 810          |
|    policy_gradient_loss | -5.19e-05    |
|    std                  | 0.0814       |
|    value_loss           | 0.34         |
------------------------------------------
------------------------------------------
| rollout/                |              |
|    ep_len_mean          | 2e+03        |
|    ep_rew_mean          | 3.73e+03     |
| time/                   |              |
|    fps                  | 1394         |
|    iterations           | 83           |
|    time_elapsed         | 2316         |
|    total_timesteps      | 3229696      |
| train/                  |              |
|    approx_kl            | 0.0043148412 |
|    clip_fraction        | 0.0411       |
|    clip_range           | 0.2          |
|    entropy_loss         | 2.19         |
|    explained_variance   | 0.982        |
|    learning_rate        | 0.000268     |
|    loss                 | 0.172        |
|    n_updates            | 820          |
|    policy_gradient_loss | -0.000246    |
|    std                  | 0.0811       |
|    value_loss           | 0.445        |
------------------------------------------
Eval num_timesteps=3230000, episode_reward=1416.30 +/- 1290.75
Episode length: 1221.00 +/- 864.08
-----------------------------------------
| eval/                   |             |
|    mean_ep_length       | 1.22e+03    |
|    mean_reward          | 1.42e+03    |
| time/                   |             |
|    total_timesteps      | 3230000     |
| train/                  |             |
|    approx_kl            | 0.005056533 |
|    clip_fraction        | 0.0456      |
|    clip_range           | 0.2         |
|    entropy_loss         | 2.2         |
|    explained_variance   | 0.984       |
|    learning_rate        | 0.000268    |
|    loss                 | 0.117       |
|    n_updates            | 830         |
|    policy_gradient_loss | -0.00056    |
|    std                  | 0.0803      |
|    value_loss           | 0.425       |
-----------------------------------------
---------------------------------
| rollout/           |          |
|    ep_len_mean     | 2e+03    |
|    ep_rew_mean     | 3.74e+03 |
| time/              |          |
|    fps             | 1397     |
|    iterations      | 84       |
|    time_elapsed    | 2338     |
|    total_timesteps | 3268608  |
---------------------------------
------------------------------------------
| rollout/                |              |
|    ep_len_mean          | 2e+03        |
|    ep_rew_mean          | 3.74e+03     |
| time/                   |              |
|    fps                  | 1410         |
|    iterations           | 85           |
|    time_elapsed         | 2345         |
|    total_timesteps      | 3307520      |
| train/                  |              |
|    approx_kl            | 0.0048135645 |
|    clip_fraction        | 0.0393       |
|    clip_range           | 0.2          |
|    entropy_loss         | 2.22         |
|    explained_variance   | 0.984        |
|    learning_rate        | 0.000267     |
|    loss                 | 0.208        |
|    n_updates            | 840          |
|    policy_gradient_loss | 4.8e-05      |
|    std                  | 0.0797       |
|    value_loss           | 0.362        |
------------------------------------------
-----------------------------------------
| rollout/                |             |
|    ep_len_mean          | 2e+03       |
|    ep_rew_mean          | 3.73e+03    |
| time/                   |             |
|    fps                  | 1422        |
|    iterations           | 86          |
|    time_elapsed         | 2352        |
|    total_timesteps      | 3346432     |
| train/                  |             |
|    approx_kl            | 0.005147552 |
|    clip_fraction        | 0.0521      |
|    clip_range           | 0.2         |
|    entropy_loss         | 2.23        |
|    explained_variance   | 0.985       |
|    learning_rate        | 0.000267    |
|    loss                 | 0.129       |
|    n_updates            | 850         |
|    policy_gradient_loss | -0.00035    |
|    std                  | 0.0791      |
|    value_loss           | 0.36        |
-----------------------------------------
-----------------------------------------
| rollout/                |             |
|    ep_len_mean          | 2e+03       |
|    ep_rew_mean          | 3.74e+03    |
| time/                   |             |
|    fps                  | 1434        |
|    iterations           | 87          |
|    time_elapsed         | 2359        |
|    total_timesteps      | 3385344     |
| train/                  |             |
|    approx_kl            | 0.003947788 |
|    clip_fraction        | 0.038       |
|    clip_range           | 0.2         |
|    entropy_loss         | 2.25        |
|    explained_variance   | 0.979       |
|    learning_rate        | 0.000267    |
|    loss                 | 0.147       |
|    n_updates            | 860         |
|    policy_gradient_loss | 9.39e-06    |
|    std                  | 0.0785      |
|    value_loss           | 0.332       |
-----------------------------------------
Eval num_timesteps=3420000, episode_reward=1248.79 +/- 1205.39
Episode length: 1090.00 +/- 841.68
------------------------------------------
| eval/                   |              |
|    mean_ep_length       | 1.09e+03     |
|    mean_reward          | 1.25e+03     |
| time/                   |              |
|    total_timesteps      | 3420000      |
| train/                  |              |
|    approx_kl            | 0.0032415693 |
|    clip_fraction        | 0.0405       |
|    clip_range           | 0.2          |
|    entropy_loss         | 2.25         |
|    explained_variance   | 0.978        |
|    learning_rate        | 0.000266     |
|    loss                 | 0.129        |
|    n_updates            | 870          |
|    policy_gradient_loss | -5.33e-05    |
|    std                  | 0.0782       |
|    value_loss           | 0.408        |
------------------------------------------
---------------------------------
| rollout/           |          |
|    ep_len_mean     | 2e+03    |
|    ep_rew_mean     | 3.74e+03 |
| time/              |          |
|    fps             | 1438     |
|    iterations      | 88       |
|    time_elapsed    | 2380     |
|    total_timesteps | 3424256  |
---------------------------------
-----------------------------------------
| rollout/                |             |
|    ep_len_mean          | 2e+03       |
|    ep_rew_mean          | 3.74e+03    |
| time/                   |             |
|    fps                  | 1450        |
|    iterations           | 89          |
|    time_elapsed         | 2387        |
|    total_timesteps      | 3463168     |
| train/                  |             |
|    approx_kl            | 0.003743312 |
|    clip_fraction        | 0.0393      |
|    clip_range           | 0.2         |
|    entropy_loss         | 2.25        |
|    explained_variance   | 0.971       |
|    learning_rate        | 0.000266    |
|    loss                 | 0.322       |
|    n_updates            | 880         |
|    policy_gradient_loss | -0.000461   |
|    std                  | 0.0785      |
|    value_loss           | 0.575       |
-----------------------------------------
------------------------------------------
| rollout/                |              |
|    ep_len_mean          | 2e+03        |
|    ep_rew_mean          | 3.73e+03     |
| time/                   |              |
|    fps                  | 1462         |
|    iterations           | 90           |
|    time_elapsed         | 2394         |
|    total_timesteps      | 3502080      |
| train/                  |              |
|    approx_kl            | 0.0041305106 |
|    clip_fraction        | 0.0426       |
|    clip_range           | 0.2          |
|    entropy_loss         | 2.26         |
|    explained_variance   | 0.984        |
|    learning_rate        | 0.000265     |
|    loss                 | 0.241        |
|    n_updates            | 890          |
|    policy_gradient_loss | 1.8e-05      |
|    std                  | 0.0779       |
|    value_loss           | 0.345        |
------------------------------------------
------------------------------------------
| rollout/                |              |
|    ep_len_mean          | 2e+03        |
|    ep_rew_mean          | 3.74e+03     |
| time/                   |              |
|    fps                  | 1474         |
|    iterations           | 91           |
|    time_elapsed         | 2401         |
|    total_timesteps      | 3540992      |
| train/                  |              |
|    approx_kl            | 0.0043768645 |
|    clip_fraction        | 0.0442       |
|    clip_range           | 0.2          |
|    entropy_loss         | 2.28         |
|    explained_variance   | 0.985        |
|    learning_rate        | 0.000265     |
|    loss                 | 0.147        |
|    n_updates            | 900          |
|    policy_gradient_loss | -0.000163    |
|    std                  | 0.0774       |
|    value_loss           | 0.41         |
------------------------------------------
------------------------------------------
| rollout/                |              |
|    ep_len_mean          | 2e+03        |
|    ep_rew_mean          | 3.74e+03     |
| time/                   |              |
|    fps                  | 1486         |
|    iterations           | 92           |
|    time_elapsed         | 2408         |
|    total_timesteps      | 3579904      |
| train/                  |              |
|    approx_kl            | 0.0034665011 |
|    clip_fraction        | 0.0424       |
|    clip_range           | 0.2          |
|    entropy_loss         | 2.27         |
|    explained_variance   | 0.984        |
|    learning_rate        | 0.000265     |
|    loss                 | 0.183        |
|    n_updates            | 910          |
|    policy_gradient_loss | -3.08e-05    |
|    std                  | 0.0779       |
|    value_loss           | 0.36         |
------------------------------------------
Eval num_timesteps=3610000, episode_reward=1359.06 +/- 1264.56
Episode length: 1198.15 +/- 827.48
------------------------------------------
| eval/                   |              |
|    mean_ep_length       | 1.2e+03      |
|    mean_reward          | 1.36e+03     |
| time/                   |              |
|    total_timesteps      | 3610000      |
| train/                  |              |
|    approx_kl            | 0.0039781653 |
|    clip_fraction        | 0.0456       |
|    clip_range           | 0.2          |
|    entropy_loss         | 2.27         |
|    explained_variance   | 0.984        |
|    learning_rate        | 0.000264     |
|    loss                 | 0.152        |
|    n_updates            | 920          |
|    policy_gradient_loss | -0.000121    |
|    std                  | 0.0776       |
|    value_loss           | 0.397        |
------------------------------------------
---------------------------------
| rollout/           |          |
|    ep_len_mean     | 2e+03    |
|    ep_rew_mean     | 3.73e+03 |
| time/              |          |
|    fps             | 1489     |
|    iterations      | 93       |
|    time_elapsed    | 2430     |
|    total_timesteps | 3618816  |
---------------------------------
-----------------------------------------
| rollout/                |             |
|    ep_len_mean          | 2e+03       |
|    ep_rew_mean          | 3.73e+03    |
| time/                   |             |
|    fps                  | 1500        |
|    iterations           | 94          |
|    time_elapsed         | 2437        |
|    total_timesteps      | 3657728     |
| train/                  |             |
|    approx_kl            | 0.004734105 |
|    clip_fraction        | 0.0489      |
|    clip_range           | 0.2         |
|    entropy_loss         | 2.28        |
|    explained_variance   | 0.985       |
|    learning_rate        | 0.000264    |
|    loss                 | 0.142       |
|    n_updates            | 930         |
|    policy_gradient_loss | -0.00052    |
|    std                  | 0.0773      |
|    value_loss           | 0.356       |
-----------------------------------------
-----------------------------------------
| rollout/                |             |
|    ep_len_mean          | 2e+03       |
|    ep_rew_mean          | 3.73e+03    |
| time/                   |             |
|    fps                  | 1512        |
|    iterations           | 95          |
|    time_elapsed         | 2444        |
|    total_timesteps      | 3696640     |
| train/                  |             |
|    approx_kl            | 0.005332893 |
|    clip_fraction        | 0.0399      |
|    clip_range           | 0.2         |
|    entropy_loss         | 2.3         |
|    explained_variance   | 0.983       |
|    learning_rate        | 0.000263    |
|    loss                 | 0.243       |
|    n_updates            | 940         |
|    policy_gradient_loss | -0.000237   |
|    std                  | 0.0767      |
|    value_loss           | 0.382       |
-----------------------------------------
-----------------------------------------
| rollout/                |             |
|    ep_len_mean          | 2e+03       |
|    ep_rew_mean          | 3.73e+03    |
| time/                   |             |
|    fps                  | 1523        |
|    iterations           | 96          |
|    time_elapsed         | 2451        |
|    total_timesteps      | 3735552     |
| train/                  |             |
|    approx_kl            | 0.005051039 |
|    clip_fraction        | 0.0493      |
|    clip_range           | 0.2         |
|    entropy_loss         | 2.3         |
|    explained_variance   | 0.987       |
|    learning_rate        | 0.000263    |
|    loss                 | 0.129       |
|    n_updates            | 950         |
|    policy_gradient_loss | -0.000187   |
|    std                  | 0.0766      |
|    value_loss           | 0.365       |
-----------------------------------------
------------------------------------------
| rollout/                |              |
|    ep_len_mean          | 2e+03        |
|    ep_rew_mean          | 3.73e+03     |
| time/                   |              |
|    fps                  | 1534         |
|    iterations           | 97           |
|    time_elapsed         | 2459         |
|    total_timesteps      | 3774464      |
| train/                  |              |
|    approx_kl            | 0.0040561035 |
|    clip_fraction        | 0.0395       |
|    clip_range           | 0.2          |
|    entropy_loss         | 2.33         |
|    explained_variance   | 0.979        |
|    learning_rate        | 0.000263     |
|    loss                 | 0.182        |
|    n_updates            | 960          |
|    policy_gradient_loss | -0.000603    |
|    std                  | 0.0752       |
|    value_loss           | 0.364        |
------------------------------------------
Eval num_timesteps=3800000, episode_reward=1138.22 +/- 1245.07
Episode length: 975.25 +/- 840.37
------------------------------------------
| eval/                   |              |
|    mean_ep_length       | 975          |
|    mean_reward          | 1.14e+03     |
| time/                   |              |
|    total_timesteps      | 3800000      |
| train/                  |              |
|    approx_kl            | 0.0043226364 |
|    clip_fraction        | 0.0411       |
|    clip_range           | 0.2          |
|    entropy_loss         | 2.35         |
|    explained_variance   | 0.983        |
|    learning_rate        | 0.000262     |
|    loss                 | 0.337        |
|    n_updates            | 970          |
|    policy_gradient_loss | -0.000252    |
|    std                  | 0.0746       |
|    value_loss           | 0.354        |
------------------------------------------
---------------------------------
| rollout/           |          |
|    ep_len_mean     | 2e+03    |
|    ep_rew_mean     | 3.75e+03 |
| time/              |          |
|    fps             | 1538     |
|    iterations      | 98       |
|    time_elapsed    | 2478     |
|    total_timesteps | 3813376  |
---------------------------------
------------------------------------------
| rollout/                |              |
|    ep_len_mean          | 2e+03        |
|    ep_rew_mean          | 3.75e+03     |
| time/                   |              |
|    fps                  | 1549         |
|    iterations           | 99           |
|    time_elapsed         | 2485         |
|    total_timesteps      | 3852288      |
| train/                  |              |
|    approx_kl            | 0.0052746795 |
|    clip_fraction        | 0.0502       |
|    clip_range           | 0.2          |
|    entropy_loss         | 2.36         |
|    explained_variance   | 0.986        |
|    learning_rate        | 0.000262     |
|    loss                 | 0.131        |
|    n_updates            | 980          |
|    policy_gradient_loss | -0.000311    |
|    std                  | 0.0742       |
|    value_loss           | 0.325        |
------------------------------------------
-----------------------------------------
| rollout/                |             |
|    ep_len_mean          | 2e+03       |
|    ep_rew_mean          | 3.75e+03    |
| time/                   |             |
|    fps                  | 1561        |
|    iterations           | 100         |
|    time_elapsed         | 2492        |
|    total_timesteps      | 3891200     |
| train/                  |             |
|    approx_kl            | 0.004527334 |
|    clip_fraction        | 0.0481      |
|    clip_range           | 0.2         |
|    entropy_loss         | 2.36        |
|    explained_variance   | 0.986       |
|    learning_rate        | 0.000261    |
|    loss                 | 0.443       |
|    n_updates            | 990         |
|    policy_gradient_loss | -0.000415   |
|    std                  | 0.0743      |
|    value_loss           | 0.361       |
-----------------------------------------
------------------------------------------
| rollout/                |              |
|    ep_len_mean          | 2e+03        |
|    ep_rew_mean          | 3.75e+03     |
| time/                   |              |
|    fps                  | 1572         |
|    iterations           | 101          |
|    time_elapsed         | 2499         |
|    total_timesteps      | 3930112      |
| train/                  |              |
|    approx_kl            | 0.0044896556 |
|    clip_fraction        | 0.0475       |
|    clip_range           | 0.2          |
|    entropy_loss         | 2.38         |
|    explained_variance   | 0.981        |
|    learning_rate        | 0.000261     |
|    loss                 | 0.148        |
|    n_updates            | 1000         |
|    policy_gradient_loss | -0.000709    |
|    std                  | 0.0735       |
|    value_loss           | 0.348        |
------------------------------------------
------------------------------------------
| rollout/                |              |
|    ep_len_mean          | 2e+03        |
|    ep_rew_mean          | 3.75e+03     |
| time/                   |              |
|    fps                  | 1583         |
|    iterations           | 102          |
|    time_elapsed         | 2506         |
|    total_timesteps      | 3969024      |
| train/                  |              |
|    approx_kl            | 0.0042266026 |
|    clip_fraction        | 0.0431       |
|    clip_range           | 0.2          |
|    entropy_loss         | 2.39         |
|    explained_variance   | 0.981        |
|    learning_rate        | 0.000261     |
|    loss                 | 0.151        |
|    n_updates            | 1010         |
|    policy_gradient_loss | 0.00016      |
|    std                  | 0.0729       |
|    value_loss           | 0.339        |
------------------------------------------
Eval num_timesteps=3990000, episode_reward=1120.90 +/- 1291.61
Episode length: 912.20 +/- 820.56
------------------------------------------
| eval/                   |              |
|    mean_ep_length       | 912          |
|    mean_reward          | 1.12e+03     |
| time/                   |              |
|    total_timesteps      | 3990000      |
| train/                  |              |
|    approx_kl            | 0.0041996804 |
|    clip_fraction        | 0.0503       |
|    clip_range           | 0.2          |
|    entropy_loss         | 2.4          |
|    explained_variance   | 0.981        |
|    learning_rate        | 0.00026      |
|    loss                 | 0.153        |
|    n_updates            | 1020         |
|    policy_gradient_loss | -0.000533    |
|    std                  | 0.0729       |
|    value_loss           | 0.395        |
------------------------------------------
---------------------------------
| rollout/           |          |
|    ep_len_mean     | 2e+03    |
|    ep_rew_mean     | 3.74e+03 |
| time/              |          |
|    fps             | 1587     |
|    iterations      | 103      |
|    time_elapsed    | 2524     |
|    total_timesteps | 4007936  |
---------------------------------
-----------------------------------------
| rollout/                |             |
|    ep_len_mean          | 2e+03       |
|    ep_rew_mean          | 3.73e+03    |
| time/                   |             |
|    fps                  | 1598        |
|    iterations           | 104         |
|    time_elapsed         | 2532        |
|    total_timesteps      | 4046848     |
| train/                  |             |
|    approx_kl            | 0.004852908 |
|    clip_fraction        | 0.0491      |
|    clip_range           | 0.2         |
|    entropy_loss         | 2.39        |
|    explained_variance   | 0.984       |
|    learning_rate        | 0.00026     |
|    loss                 | 0.176       |
|    n_updates            | 1030        |
|    policy_gradient_loss | -0.000744   |
|    std                  | 0.0733      |
|    value_loss           | 0.468       |
-----------------------------------------
-----------------------------------------
| rollout/                |             |
|    ep_len_mean          | 2e+03       |
|    ep_rew_mean          | 3.73e+03    |
| time/                   |             |
|    fps                  | 1608        |
|    iterations           | 105         |
|    time_elapsed         | 2539        |
|    total_timesteps      | 4085760     |
| train/                  |             |
|    approx_kl            | 0.004525381 |
|    clip_fraction        | 0.0479      |
|    clip_range           | 0.2         |
|    entropy_loss         | 2.39        |
|    explained_variance   | 0.988       |
|    learning_rate        | 0.00026     |
|    loss                 | 0.236       |
|    n_updates            | 1040        |
|    policy_gradient_loss | -5.19e-05   |
|    std                  | 0.0733      |
|    value_loss           | 0.333       |
-----------------------------------------
-----------------------------------------
| rollout/                |             |
|    ep_len_mean          | 2e+03       |
|    ep_rew_mean          | 3.73e+03    |
| time/                   |             |
|    fps                  | 1619        |
|    iterations           | 106         |
|    time_elapsed         | 2546        |
|    total_timesteps      | 4124672     |
| train/                  |             |
|    approx_kl            | 0.005550562 |
|    clip_fraction        | 0.0467      |
|    clip_range           | 0.2         |
|    entropy_loss         | 2.38        |
|    explained_variance   | 0.984       |
|    learning_rate        | 0.000259    |
|    loss                 | 0.148       |
|    n_updates            | 1050        |
|    policy_gradient_loss | -0.000523   |
|    std                  | 0.0736      |
|    value_loss           | 0.383       |
-----------------------------------------
------------------------------------------
| rollout/                |              |
|    ep_len_mean          | 1.98e+03     |
|    ep_rew_mean          | 3.69e+03     |
| time/                   |              |
|    fps                  | 1630         |
|    iterations           | 107          |
|    time_elapsed         | 2553         |
|    total_timesteps      | 4163584      |
| train/                  |              |
|    approx_kl            | 0.0054719904 |
|    clip_fraction        | 0.0457       |
|    clip_range           | 0.2          |
|    entropy_loss         | 2.37         |
|    explained_variance   | 0.979        |
|    learning_rate        | 0.000259     |
|    loss                 | 0.224        |
|    n_updates            | 1060         |
|    policy_gradient_loss | 0.000407     |
|    std                  | 0.0739       |
|    value_loss           | 0.356        |
------------------------------------------
Eval num_timesteps=4180000, episode_reward=1435.03 +/- 1305.62
Episode length: 1159.60 +/- 844.51
------------------------------------------
| eval/                   |              |
|    mean_ep_length       | 1.16e+03     |
|    mean_reward          | 1.44e+03     |
| time/                   |              |
|    total_timesteps      | 4180000      |
| train/                  |              |
|    approx_kl            | 0.0060662576 |
|    clip_fraction        | 0.0429       |
|    clip_range           | 0.2          |
|    entropy_loss         | 2.36         |
|    explained_variance   | 0.96         |
|    learning_rate        | 0.000258     |
|    loss                 | 0.193        |
|    n_updates            | 1070         |
|    policy_gradient_loss | 0.00267      |
|    std                  | 0.0746       |
|    value_loss           | 0.572        |
------------------------------------------
---------------------------------
| rollout/           |          |
|    ep_len_mean     | 1.98e+03 |
|    ep_rew_mean     | 3.69e+03 |
| time/              |          |
|    fps             | 1631     |
|    iterations      | 108      |
|    time_elapsed    | 2575     |
|    total_timesteps | 4202496  |
---------------------------------
------------------------------------------
| rollout/                |              |
|    ep_len_mean          | 1.98e+03     |
|    ep_rew_mean          | 3.7e+03      |
| time/                   |              |
|    fps                  | 1642         |
|    iterations           | 109          |
|    time_elapsed         | 2582         |
|    total_timesteps      | 4241408      |
| train/                  |              |
|    approx_kl            | 0.0052125994 |
|    clip_fraction        | 0.0492       |
|    clip_range           | 0.2          |
|    entropy_loss         | 2.37         |
|    explained_variance   | 0.982        |
|    learning_rate        | 0.000258     |
|    loss                 | 0.186        |
|    n_updates            | 1080         |
|    policy_gradient_loss | -0.000911    |
|    std                  | 0.0736       |
|    value_loss           | 0.368        |
------------------------------------------
------------------------------------------
| rollout/                |              |
|    ep_len_mean          | 1.98e+03     |
|    ep_rew_mean          | 3.7e+03      |
| time/                   |              |
|    fps                  | 1652         |
|    iterations           | 110          |
|    time_elapsed         | 2590         |
|    total_timesteps      | 4280320      |
| train/                  |              |
|    approx_kl            | 0.0044970745 |
|    clip_fraction        | 0.0451       |
|    clip_range           | 0.2          |
|    entropy_loss         | 2.39         |
|    explained_variance   | 0.984        |
|    learning_rate        | 0.000258     |
|    loss                 | 0.189        |
|    n_updates            | 1090         |
|    policy_gradient_loss | -0.000339    |
|    std                  | 0.0732       |
|    value_loss           | 0.352        |
------------------------------------------
------------------------------------------
| rollout/                |              |
|    ep_len_mean          | 1.98e+03     |
|    ep_rew_mean          | 3.7e+03      |
| time/                   |              |
|    fps                  | 1662         |
|    iterations           | 111          |
|    time_elapsed         | 2597         |
|    total_timesteps      | 4319232      |
| train/                  |              |
|    approx_kl            | 0.0037732662 |
|    clip_fraction        | 0.0425       |
|    clip_range           | 0.2          |
|    entropy_loss         | 2.4          |
|    explained_variance   | 0.988        |
|    learning_rate        | 0.000257     |
|    loss                 | 0.115        |
|    n_updates            | 1100         |
|    policy_gradient_loss | 0.000485     |
|    std                  | 0.0727       |
|    value_loss           | 0.335        |
------------------------------------------
------------------------------------------
| rollout/                |              |
|    ep_len_mean          | 2e+03        |
|    ep_rew_mean          | 3.74e+03     |
| time/                   |              |
|    fps                  | 1672         |
|    iterations           | 112          |
|    time_elapsed         | 2605         |
|    total_timesteps      | 4358144      |
| train/                  |              |
|    approx_kl            | 0.0044119693 |
|    clip_fraction        | 0.0466       |
|    clip_range           | 0.2          |
|    entropy_loss         | 2.41         |
|    explained_variance   | 0.985        |
|    learning_rate        | 0.000257     |
|    loss                 | 0.171        |
|    n_updates            | 1110         |
|    policy_gradient_loss | -7.9e-05     |
|    std                  | 0.0724       |
|    value_loss           | 0.337        |
------------------------------------------
Eval num_timesteps=4370000, episode_reward=1204.79 +/- 1278.05
Episode length: 999.30 +/- 834.70
------------------------------------------
| eval/                   |              |
|    mean_ep_length       | 999          |
|    mean_reward          | 1.2e+03      |
| time/                   |              |
|    total_timesteps      | 4370000      |
| train/                  |              |
|    approx_kl            | 0.0039039678 |
|    clip_fraction        | 0.0408       |
|    clip_range           | 0.2          |
|    entropy_loss         | 2.41         |
|    explained_variance   | 0.978        |
|    learning_rate        | 0.000256     |
|    loss                 | 0.235        |
|    n_updates            | 1120         |
|    policy_gradient_loss | 0.000203     |
|    std                  | 0.0726       |
|    value_loss           | 0.5          |
------------------------------------------
---------------------------------
| rollout/           |          |
|    ep_len_mean     | 2e+03    |
|    ep_rew_mean     | 3.74e+03 |
| time/              |          |
|    fps             | 1674     |
|    iterations      | 113      |
|    time_elapsed    | 2625     |
|    total_timesteps | 4397056  |
---------------------------------
-----------------------------------------
| rollout/                |             |
|    ep_len_mean          | 2e+03       |
|    ep_rew_mean          | 3.74e+03    |
| time/                   |             |
|    fps                  | 1684        |
|    iterations           | 114         |
|    time_elapsed         | 2632        |
|    total_timesteps      | 4435968     |
| train/                  |             |
|    approx_kl            | 0.004587602 |
|    clip_fraction        | 0.0403      |
|    clip_range           | 0.2         |
|    entropy_loss         | 2.41        |
|    explained_variance   | 0.984       |
|    learning_rate        | 0.000256    |
|    loss                 | 0.198       |
|    n_updates            | 1130        |
|    policy_gradient_loss | -0.000553   |
|    std                  | 0.0724      |
|    value_loss           | 0.403       |
-----------------------------------------
-----------------------------------------
| rollout/                |             |
|    ep_len_mean          | 2e+03       |
|    ep_rew_mean          | 3.74e+03    |
| time/                   |             |
|    fps                  | 1695        |
|    iterations           | 115         |
|    time_elapsed         | 2639        |
|    total_timesteps      | 4474880     |
| train/                  |             |
|    approx_kl            | 0.004349749 |
|    clip_fraction        | 0.0459      |
|    clip_range           | 0.2         |
|    entropy_loss         | 2.41        |
|    explained_variance   | 0.984       |
|    learning_rate        | 0.000256    |
|    loss                 | 0.175       |
|    n_updates            | 1140        |
|    policy_gradient_loss | -0.000975   |
|    std                  | 0.0724      |
|    value_loss           | 0.415       |
-----------------------------------------
------------------------------------------
| rollout/                |              |
|    ep_len_mean          | 2e+03        |
|    ep_rew_mean          | 3.74e+03     |
| time/                   |              |
|    fps                  | 1705         |
|    iterations           | 116          |
|    time_elapsed         | 2647         |
|    total_timesteps      | 4513792      |
| train/                  |              |
|    approx_kl            | 0.0037958398 |
|    clip_fraction        | 0.0469       |
|    clip_range           | 0.2          |
|    entropy_loss         | 2.41         |
|    explained_variance   | 0.988        |
|    learning_rate        | 0.000255     |
|    loss                 | 0.145        |
|    n_updates            | 1150         |
|    policy_gradient_loss | 0.000335     |
|    std                  | 0.0723       |
|    value_loss           | 0.382        |
------------------------------------------
----------------------------------------
| rollout/                |            |
|    ep_len_mean          | 2e+03      |
|    ep_rew_mean          | 3.73e+03   |
| time/                   |            |
|    fps                  | 1715       |
|    iterations           | 117        |
|    time_elapsed         | 2654       |
|    total_timesteps      | 4552704    |
| train/                  |            |
|    approx_kl            | 0.00416269 |
|    clip_fraction        | 0.0437     |
|    clip_range           | 0.2        |
|    entropy_loss         | 2.42       |
|    explained_variance   | 0.974      |
|    learning_rate        | 0.000255   |
|    loss                 | 0.231      |
|    n_updates            | 1160       |
|    policy_gradient_loss | -0.00167   |
|    std                  | 0.0721     |
|    value_loss           | 0.605      |
----------------------------------------
Eval num_timesteps=4560000, episode_reward=1550.60 +/- 1284.31
Episode length: 1306.00 +/- 851.52
------------------------------------------
| eval/                   |              |
|    mean_ep_length       | 1.31e+03     |
|    mean_reward          | 1.55e+03     |
| time/                   |              |
|    total_timesteps      | 4560000      |
| train/                  |              |
|    approx_kl            | 0.0039778254 |
|    clip_fraction        | 0.0448       |
|    clip_range           | 0.2          |
|    entropy_loss         | 2.43         |
|    explained_variance   | 0.987        |
|    learning_rate        | 0.000254     |
|    loss                 | 0.433        |
|    n_updates            | 1170         |
|    policy_gradient_loss | -0.000201    |
|    std                  | 0.0715       |
|    value_loss           | 0.434        |
------------------------------------------
New best mean reward!
---------------------------------
| rollout/           |          |
|    ep_len_mean     | 2e+03    |
|    ep_rew_mean     | 3.72e+03 |
| time/              |          |
|    fps             | 1714     |
|    iterations      | 118      |
|    time_elapsed    | 2677     |
|    total_timesteps | 4591616  |
---------------------------------
-----------------------------------------
| rollout/                |             |
|    ep_len_mean          | 2e+03       |
|    ep_rew_mean          | 3.72e+03    |
| time/                   |             |
|    fps                  | 1724        |
|    iterations           | 119         |
|    time_elapsed         | 2684        |
|    total_timesteps      | 4630528     |
| train/                  |             |
|    approx_kl            | 0.004562406 |
|    clip_fraction        | 0.0441      |
|    clip_range           | 0.2         |
|    entropy_loss         | 2.45        |
|    explained_variance   | 0.987       |
|    learning_rate        | 0.000254    |
|    loss                 | 0.201       |
|    n_updates            | 1180        |
|    policy_gradient_loss | -4.15e-05   |
|    std                  | 0.0711      |
|    value_loss           | 0.378       |
-----------------------------------------
-----------------------------------------
| rollout/                |             |
|    ep_len_mean          | 2e+03       |
|    ep_rew_mean          | 3.72e+03    |
| time/                   |             |
|    fps                  | 1734        |
|    iterations           | 120         |
|    time_elapsed         | 2691        |
|    total_timesteps      | 4669440     |
| train/                  |             |
|    approx_kl            | 0.003801158 |
|    clip_fraction        | 0.0395      |
|    clip_range           | 0.2         |
|    entropy_loss         | 2.46        |
|    explained_variance   | 0.979       |
|    learning_rate        | 0.000254    |
|    loss                 | 0.235       |
|    n_updates            | 1190        |
|    policy_gradient_loss | 0.000239    |
|    std                  | 0.0708      |
|    value_loss           | 0.471       |
-----------------------------------------
------------------------------------------
| rollout/                |              |
|    ep_len_mean          | 2e+03        |
|    ep_rew_mean          | 3.71e+03     |
| time/                   |              |
|    fps                  | 1744         |
|    iterations           | 121          |
|    time_elapsed         | 2699         |
|    total_timesteps      | 4708352      |
| train/                  |              |
|    approx_kl            | 0.0038003991 |
|    clip_fraction        | 0.043        |
|    clip_range           | 0.2          |
|    entropy_loss         | 2.47         |
|    explained_variance   | 0.984        |
|    learning_rate        | 0.000253     |
|    loss                 | 0.173        |
|    n_updates            | 1200         |
|    policy_gradient_loss | -0.000762    |
|    std                  | 0.0702       |
|    value_loss           | 0.403        |
------------------------------------------
-----------------------------------------
| rollout/                |             |
|    ep_len_mean          | 2e+03       |
|    ep_rew_mean          | 3.72e+03    |
| time/                   |             |
|    fps                  | 1754        |
|    iterations           | 122         |
|    time_elapsed         | 2706        |
|    total_timesteps      | 4747264     |
| train/                  |             |
|    approx_kl            | 0.003938865 |
|    clip_fraction        | 0.0393      |
|    clip_range           | 0.2         |
|    entropy_loss         | 2.47        |
|    explained_variance   | 0.983       |
|    learning_rate        | 0.000253    |
|    loss                 | 0.772       |
|    n_updates            | 1210        |
|    policy_gradient_loss | 0.000282    |
|    std                  | 0.0703      |
|    value_loss           | 0.49        |
-----------------------------------------
Eval num_timesteps=4750000, episode_reward=1943.01 +/- 1237.22
Episode length: 1504.05 +/- 774.05
------------------------------------------
| eval/                   |              |
|    mean_ep_length       | 1.5e+03      |
|    mean_reward          | 1.94e+03     |
| time/                   |              |
|    total_timesteps      | 4750000      |
| train/                  |              |
|    approx_kl            | 0.0043654363 |
|    clip_fraction        | 0.0471       |
|    clip_range           | 0.2          |
|    entropy_loss         | 2.48         |
|    explained_variance   | 0.986        |
|    learning_rate        | 0.000253     |
|    loss                 | 0.191        |
|    n_updates            | 1220         |
|    policy_gradient_loss | -5.64e-07    |
|    std                  | 0.0701       |
|    value_loss           | 0.499        |
------------------------------------------
New best mean reward!
---------------------------------
| rollout/           |          |
|    ep_len_mean     | 2e+03    |
|    ep_rew_mean     | 3.71e+03 |
| time/              |          |
|    fps             | 1752     |
|    iterations      | 123      |
|    time_elapsed    | 2731     |
|    total_timesteps | 4786176  |
---------------------------------
------------------------------------------
| rollout/                |              |
|    ep_len_mean          | 2e+03        |
|    ep_rew_mean          | 3.71e+03     |
| time/                   |              |
|    fps                  | 1761         |
|    iterations           | 124          |
|    time_elapsed         | 2738         |
|    total_timesteps      | 4825088      |
| train/                  |              |
|    approx_kl            | 0.0050004106 |
|    clip_fraction        | 0.0479       |
|    clip_range           | 0.2          |
|    entropy_loss         | 2.48         |
|    explained_variance   | 0.987        |
|    learning_rate        | 0.000252     |
|    loss                 | 0.194        |
|    n_updates            | 1230         |
|    policy_gradient_loss | 0.000152     |
|    std                  | 0.07         |
|    value_loss           | 0.492        |
------------------------------------------
-----------------------------------------
| rollout/                |             |
|    ep_len_mean          | 2e+03       |
|    ep_rew_mean          | 3.71e+03    |
| time/                   |             |
|    fps                  | 1771        |
|    iterations           | 125         |
|    time_elapsed         | 2746        |
|    total_timesteps      | 4864000     |
| train/                  |             |
|    approx_kl            | 0.004504352 |
|    clip_fraction        | 0.0435      |
|    clip_range           | 0.2         |
|    entropy_loss         | 2.48        |
|    explained_variance   | 0.984       |
|    learning_rate        | 0.000252    |
|    loss                 | 0.202       |
|    n_updates            | 1240        |
|    policy_gradient_loss | 0.000196    |
|    std                  | 0.07        |
|    value_loss           | 0.486       |
-----------------------------------------
-----------------------------------------
| rollout/                |             |
|    ep_len_mean          | 2e+03       |
|    ep_rew_mean          | 3.71e+03    |
| time/                   |             |
|    fps                  | 1780        |
|    iterations           | 126         |
|    time_elapsed         | 2753        |
|    total_timesteps      | 4902912     |
| train/                  |             |
|    approx_kl            | 0.005490139 |
|    clip_fraction        | 0.0479      |
|    clip_range           | 0.2         |
|    entropy_loss         | 2.49        |
|    explained_variance   | 0.983       |
|    learning_rate        | 0.000251    |
|    loss                 | 0.201       |
|    n_updates            | 1250        |
|    policy_gradient_loss | -0.000516   |
|    std                  | 0.0697      |
|    value_loss           | 0.437       |
-----------------------------------------
Eval num_timesteps=4940000, episode_reward=1888.09 +/- 1286.98
Episode length: 1476.10 +/- 793.22
------------------------------------------
| eval/                   |              |
|    mean_ep_length       | 1.48e+03     |
|    mean_reward          | 1.89e+03     |
| time/                   |              |
|    total_timesteps      | 4940000      |
| train/                  |              |
|    approx_kl            | 0.0040233373 |
|    clip_fraction        | 0.0428       |
|    clip_range           | 0.2          |
|    entropy_loss         | 2.48         |
|    explained_variance   | 0.981        |
|    learning_rate        | 0.000251     |
|    loss                 | 0.302        |
|    n_updates            | 1260         |
|    policy_gradient_loss | -2.47e-05    |
|    std                  | 0.07         |
|    value_loss           | 0.523        |
------------------------------------------
---------------------------------
| rollout/           |          |
|    ep_len_mean     | 2e+03    |
|    ep_rew_mean     | 3.71e+03 |
| time/              |          |
|    fps             | 1778     |
|    iterations      | 127      |
|    time_elapsed    | 2778     |
|    total_timesteps | 4941824  |
---------------------------------
------------------------------------------
| rollout/                |              |
|    ep_len_mean          | 2e+03        |
|    ep_rew_mean          | 3.71e+03     |
| time/                   |              |
|    fps                  | 1787         |
|    iterations           | 128          |
|    time_elapsed         | 2786         |
|    total_timesteps      | 4980736      |
| train/                  |              |
|    approx_kl            | 0.0042216973 |
|    clip_fraction        | 0.0469       |
|    clip_range           | 0.2          |
|    entropy_loss         | 2.48         |
|    explained_variance   | 0.975        |
|    learning_rate        | 0.000251     |
|    loss                 | 0.272        |
|    n_updates            | 1270         |
|    policy_gradient_loss | -0.000358    |
|    std                  | 0.0703       |
|    value_loss           | 0.569        |
------------------------------------------
------------------------------------------
| rollout/                |              |
|    ep_len_mean          | 2e+03        |
|    ep_rew_mean          | 3.71e+03     |
| time/                   |              |
|    fps                  | 1797         |
|    iterations           | 129          |
|    time_elapsed         | 2793         |
|    total_timesteps      | 5019648      |
| train/                  |              |
|    approx_kl            | 0.0043159174 |
|    clip_fraction        | 0.0418       |
|    clip_range           | 0.2          |
|    entropy_loss         | 2.47         |
|    explained_variance   | 0.977        |
|    learning_rate        | 0.00025      |
|    loss                 | 0.258        |
|    n_updates            | 1280         |
|    policy_gradient_loss | -0.000115    |
|    std                  | 0.0704       |
|    value_loss           | 0.555        |
------------------------------------------
----------------------------------------
| rollout/                |            |
|    ep_len_mean          | 2e+03      |
|    ep_rew_mean          | 3.71e+03   |
| time/                   |            |
|    fps                  | 1806       |
|    iterations           | 130        |
|    time_elapsed         | 2800       |
|    total_timesteps      | 5058560    |
| train/                  |            |
|    approx_kl            | 0.00429455 |
|    clip_fraction        | 0.0454     |
|    clip_range           | 0.2        |
|    entropy_loss         | 2.47       |
|    explained_variance   | 0.978      |
|    learning_rate        | 0.00025    |
|    loss                 | 0.228      |
|    n_updates            | 1290       |
|    policy_gradient_loss | -0.000346  |
|    std                  | 0.0704     |
|    value_loss           | 0.64       |
----------------------------------------
------------------------------------------
| rollout/                |              |
|    ep_len_mean          | 2e+03        |
|    ep_rew_mean          | 3.71e+03     |
| time/                   |              |
|    fps                  | 1815         |
|    iterations           | 131          |
|    time_elapsed         | 2807         |
|    total_timesteps      | 5097472      |
| train/                  |              |
|    approx_kl            | 0.0046092183 |
|    clip_fraction        | 0.0452       |
|    clip_range           | 0.2          |
|    entropy_loss         | 2.47         |
|    explained_variance   | 0.977        |
|    learning_rate        | 0.000249     |
|    loss                 | 0.246        |
|    n_updates            | 1300         |
|    policy_gradient_loss | -0.000338    |
|    std                  | 0.0704       |
|    value_loss           | 0.48         |
------------------------------------------
Eval num_timesteps=5130000, episode_reward=2024.79 +/- 1262.94
Episode length: 1504.90 +/- 771.49
-----------------------------------------
| eval/                   |             |
|    mean_ep_length       | 1.5e+03     |
|    mean_reward          | 2.02e+03    |
| time/                   |             |
|    total_timesteps      | 5130000     |
| train/                  |             |
|    approx_kl            | 0.004095918 |
|    clip_fraction        | 0.0432      |
|    clip_range           | 0.2         |
|    entropy_loss         | 2.47        |
|    explained_variance   | 0.978       |
|    learning_rate        | 0.000249    |
|    loss                 | 0.235       |
|    n_updates            | 1310        |
|    policy_gradient_loss | -0.000316   |
|    std                  | 0.0702      |
|    value_loss           | 0.603       |
-----------------------------------------
New best mean reward!
---------------------------------
| rollout/           |          |
|    ep_len_mean     | 2e+03    |
|    ep_rew_mean     | 3.7e+03  |
| time/              |          |
|    fps             | 1812     |
|    iterations      | 132      |
|    time_elapsed    | 2833     |
|    total_timesteps | 5136384  |
---------------------------------
-----------------------------------------
| rollout/                |             |
|    ep_len_mean          | 2e+03       |
|    ep_rew_mean          | 3.69e+03    |
| time/                   |             |
|    fps                  | 1821        |
|    iterations           | 133         |
|    time_elapsed         | 2840        |
|    total_timesteps      | 5175296     |
| train/                  |             |
|    approx_kl            | 0.005378481 |
|    clip_fraction        | 0.0506      |
|    clip_range           | 0.2         |
|    entropy_loss         | 2.48        |
|    explained_variance   | 0.981       |
|    learning_rate        | 0.000249    |
|    loss                 | 0.232       |
|    n_updates            | 1320        |
|    policy_gradient_loss | -0.0006     |
|    std                  | 0.0701      |
|    value_loss           | 0.572       |
-----------------------------------------
------------------------------------------
| rollout/                |              |
|    ep_len_mean          | 2e+03        |
|    ep_rew_mean          | 3.69e+03     |
| time/                   |              |
|    fps                  | 1831         |
|    iterations           | 134          |
|    time_elapsed         | 2847         |
|    total_timesteps      | 5214208      |
| train/                  |              |
|    approx_kl            | 0.0036505857 |
|    clip_fraction        | 0.0435       |
|    clip_range           | 0.2          |
|    entropy_loss         | 2.47         |
|    explained_variance   | 0.977        |
|    learning_rate        | 0.000248     |
|    loss                 | 0.316        |
|    n_updates            | 1330         |
|    policy_gradient_loss | -5.46e-05    |
|    std                  | 0.0705       |
|    value_loss           | 0.586        |
------------------------------------------
------------------------------------------
| rollout/                |              |
|    ep_len_mean          | 2e+03        |
|    ep_rew_mean          | 3.68e+03     |
| time/                   |              |
|    fps                  | 1840         |
|    iterations           | 135          |
|    time_elapsed         | 2854         |
|    total_timesteps      | 5253120      |
| train/                  |              |
|    approx_kl            | 0.0043919967 |
|    clip_fraction        | 0.0443       |
|    clip_range           | 0.2          |
|    entropy_loss         | 2.47         |
|    explained_variance   | 0.969        |
|    learning_rate        | 0.000248     |
|    loss                 | 0.228        |
|    n_updates            | 1340         |
|    policy_gradient_loss | -0.000624    |
|    std                  | 0.0702       |
|    value_loss           | 0.556        |
------------------------------------------
-----------------------------------------
| rollout/                |             |
|    ep_len_mean          | 2e+03       |
|    ep_rew_mean          | 3.68e+03    |
| time/                   |             |
|    fps                  | 1849        |
|    iterations           | 136         |
|    time_elapsed         | 2861        |
|    total_timesteps      | 5292032     |
| train/                  |             |
|    approx_kl            | 0.004532192 |
|    clip_fraction        | 0.0487      |
|    clip_range           | 0.2         |
|    entropy_loss         | 2.48        |
|    explained_variance   | 0.975       |
|    learning_rate        | 0.000247    |
|    loss                 | 0.251       |
|    n_updates            | 1350        |
|    policy_gradient_loss | -0.000306   |
|    std                  | 0.0698      |
|    value_loss           | 0.626       |
-----------------------------------------
Eval num_timesteps=5320000, episode_reward=2129.78 +/- 1262.29
Episode length: 1553.90 +/- 726.44
------------------------------------------
| eval/                   |              |
|    mean_ep_length       | 1.55e+03     |
|    mean_reward          | 2.13e+03     |
| time/                   |              |
|    total_timesteps      | 5320000      |
| train/                  |              |
|    approx_kl            | 0.0043664197 |
|    clip_fraction        | 0.0529       |
|    clip_range           | 0.2          |
|    entropy_loss         | 2.48         |
|    explained_variance   | 0.981        |
|    learning_rate        | 0.000247     |
|    loss                 | 0.21         |
|    n_updates            | 1360         |
|    policy_gradient_loss | -0.000129    |
|    std                  | 0.07         |
|    value_loss           | 0.581        |
------------------------------------------
New best mean reward!
---------------------------------
| rollout/           |          |
|    ep_len_mean     | 2e+03    |
|    ep_rew_mean     | 3.67e+03 |
| time/              |          |
|    fps             | 1845     |
|    iterations      | 137      |
|    time_elapsed    | 2888     |
|    total_timesteps | 5330944  |
---------------------------------
-----------------------------------------
| rollout/                |             |
|    ep_len_mean          | 2e+03       |
|    ep_rew_mean          | 3.68e+03    |
| time/                   |             |
|    fps                  | 1854        |
|    iterations           | 138         |
|    time_elapsed         | 2895        |
|    total_timesteps      | 5369856     |
| train/                  |             |
|    approx_kl            | 0.004534714 |
|    clip_fraction        | 0.0489      |
|    clip_range           | 0.2         |
|    entropy_loss         | 2.48        |
|    explained_variance   | 0.976       |
|    learning_rate        | 0.000247    |
|    loss                 | 0.306       |
|    n_updates            | 1370        |
|    policy_gradient_loss | 0.000165    |
|    std                  | 0.0702      |
|    value_loss           | 0.647       |
-----------------------------------------
------------------------------------------
| rollout/                |              |
|    ep_len_mean          | 2e+03        |
|    ep_rew_mean          | 3.67e+03     |
| time/                   |              |
|    fps                  | 1863         |
|    iterations           | 139          |
|    time_elapsed         | 2902         |
|    total_timesteps      | 5408768      |
| train/                  |              |
|    approx_kl            | 0.0039328476 |
|    clip_fraction        | 0.0508       |
|    clip_range           | 0.2          |
|    entropy_loss         | 2.47         |
|    explained_variance   | 0.973        |
|    learning_rate        | 0.000246     |
|    loss                 | 0.338        |
|    n_updates            | 1380         |
|    policy_gradient_loss | -8.46e-05    |
|    std                  | 0.0704       |
|    value_loss           | 0.684        |
------------------------------------------
-----------------------------------------
| rollout/                |             |
|    ep_len_mean          | 2e+03       |
|    ep_rew_mean          | 3.67e+03    |
| time/                   |             |
|    fps                  | 1872        |
|    iterations           | 140         |
|    time_elapsed         | 2909        |
|    total_timesteps      | 5447680     |
| train/                  |             |
|    approx_kl            | 0.005220655 |
|    clip_fraction        | 0.0496      |
|    clip_range           | 0.2         |
|    entropy_loss         | 2.47        |
|    explained_variance   | 0.971       |
|    learning_rate        | 0.000246    |
|    loss                 | 0.312       |
|    n_updates            | 1390        |
|    policy_gradient_loss | -4.36e-05   |
|    std                  | 0.0705      |
|    value_loss           | 0.738       |
-----------------------------------------
------------------------------------------
| rollout/                |              |
|    ep_len_mean          | 2e+03        |
|    ep_rew_mean          | 3.67e+03     |
| time/                   |              |
|    fps                  | 1880         |
|    iterations           | 141          |
|    time_elapsed         | 2916         |
|    total_timesteps      | 5486592      |
| train/                  |              |
|    approx_kl            | 0.0053985324 |
|    clip_fraction        | 0.0455       |
|    clip_range           | 0.2          |
|    entropy_loss         | 2.46         |
|    explained_variance   | 0.974        |
|    learning_rate        | 0.000246     |
|    loss                 | 0.382        |
|    n_updates            | 1400         |
|    policy_gradient_loss | 9.93e-05     |
|    std                  | 0.0706       |
|    value_loss           | 0.915        |
------------------------------------------
Eval num_timesteps=5510000, episode_reward=2341.35 +/- 1143.11
Episode length: 1674.55 +/- 661.56
------------------------------------------
| eval/                   |              |
|    mean_ep_length       | 1.67e+03     |
|    mean_reward          | 2.34e+03     |
| time/                   |              |
|    total_timesteps      | 5510000      |
| train/                  |              |
|    approx_kl            | 0.0058707087 |
|    clip_fraction        | 0.0565       |
|    clip_range           | 0.2          |
|    entropy_loss         | 2.46         |
|    explained_variance   | 0.971        |
|    learning_rate        | 0.000245     |
|    loss                 | 0.465        |
|    n_updates            | 1410         |
|    policy_gradient_loss | -0.00084     |
|    std                  | 0.0709       |
|    value_loss           | 0.901        |
------------------------------------------
New best mean reward!
---------------------------------
| rollout/           |          |
|    ep_len_mean     | 2e+03    |
|    ep_rew_mean     | 3.66e+03 |
| time/              |          |
|    fps             | 1876     |
|    iterations      | 142      |
|    time_elapsed    | 2944     |
|    total_timesteps | 5525504  |
---------------------------------
-----------------------------------------
| rollout/                |             |
|    ep_len_mean          | 2e+03       |
|    ep_rew_mean          | 3.67e+03    |
| time/                   |             |
|    fps                  | 1884        |
|    iterations           | 143         |
|    time_elapsed         | 2951        |
|    total_timesteps      | 5564416     |
| train/                  |             |
|    approx_kl            | 0.004575753 |
|    clip_fraction        | 0.0562      |
|    clip_range           | 0.2         |
|    entropy_loss         | 2.45        |
|    explained_variance   | 0.96        |
|    learning_rate        | 0.000245    |
|    loss                 | 0.417       |
|    n_updates            | 1420        |
|    policy_gradient_loss | -0.00029    |
|    std                  | 0.0711      |
|    value_loss           | 1.04        |
-----------------------------------------
----------------------------------------
| rollout/                |            |
|    ep_len_mean          | 2e+03      |
|    ep_rew_mean          | 3.66e+03   |
| time/                   |            |
|    fps                  | 1893       |
|    iterations           | 144        |
|    time_elapsed         | 2958       |
|    total_timesteps      | 5603328    |
| train/                  |            |
|    approx_kl            | 0.00522508 |
|    clip_fraction        | 0.0516     |
|    clip_range           | 0.2        |
|    entropy_loss         | 2.45       |
|    explained_variance   | 0.979      |
|    learning_rate        | 0.000244   |
|    loss                 | 0.409      |
|    n_updates            | 1430       |
|    policy_gradient_loss | 0.000444   |
|    std                  | 0.0712     |
|    value_loss           | 0.844      |
----------------------------------------
------------------------------------------
| rollout/                |              |
|    ep_len_mean          | 2e+03        |
|    ep_rew_mean          | 3.65e+03     |
| time/                   |              |
|    fps                  | 1902         |
|    iterations           | 145          |
|    time_elapsed         | 2966         |
|    total_timesteps      | 5642240      |
| train/                  |              |
|    approx_kl            | 0.0052456637 |
|    clip_fraction        | 0.0573       |
|    clip_range           | 0.2          |
|    entropy_loss         | 2.44         |
|    explained_variance   | 0.967        |
|    learning_rate        | 0.000244     |
|    loss                 | 0.613        |
|    n_updates            | 1440         |
|    policy_gradient_loss | -0.000413    |
|    std                  | 0.0714       |
|    value_loss           | 1.05         |
------------------------------------------
-----------------------------------------
| rollout/                |             |
|    ep_len_mean          | 2e+03       |
|    ep_rew_mean          | 3.66e+03    |
| time/                   |             |
|    fps                  | 1910        |
|    iterations           | 146         |
|    time_elapsed         | 2973        |
|    total_timesteps      | 5681152     |
| train/                  |             |
|    approx_kl            | 0.006238226 |
|    clip_fraction        | 0.0601      |
|    clip_range           | 0.2         |
|    entropy_loss         | 2.43        |
|    explained_variance   | 0.972       |
|    learning_rate        | 0.000244    |
|    loss                 | 0.488       |
|    n_updates            | 1450        |
|    policy_gradient_loss | -9.43e-05   |
|    std                  | 0.072       |
|    value_loss           | 0.951       |
-----------------------------------------
Eval num_timesteps=5700000, episode_reward=2172.96 +/- 1338.29
Episode length: 1497.90 +/- 771.02
------------------------------------------
| eval/                   |              |
|    mean_ep_length       | 1.5e+03      |
|    mean_reward          | 2.17e+03     |
| time/                   |              |
|    total_timesteps      | 5700000      |
| train/                  |              |
|    approx_kl            | 0.0051023024 |
|    clip_fraction        | 0.0515       |
|    clip_range           | 0.2          |
|    entropy_loss         | 2.43         |
|    explained_variance   | 0.963        |
|    learning_rate        | 0.000243     |
|    loss                 | 0.351        |
|    n_updates            | 1460         |
|    policy_gradient_loss | -3.94e-05    |
|    std                  | 0.0719       |
|    value_loss           | 0.896        |
------------------------------------------
---------------------------------
| rollout/           |          |
|    ep_len_mean     | 2e+03    |
|    ep_rew_mean     | 3.67e+03 |
| time/              |          |
|    fps             | 1907     |
|    iterations      | 147      |
|    time_elapsed    | 2999     |
|    total_timesteps | 5720064  |
---------------------------------
-----------------------------------------
| rollout/                |             |
|    ep_len_mean          | 2e+03       |
|    ep_rew_mean          | 3.65e+03    |
| time/                   |             |
|    fps                  | 1915        |
|    iterations           | 148         |
|    time_elapsed         | 3006        |
|    total_timesteps      | 5758976     |
| train/                  |             |
|    approx_kl            | 0.004178663 |
|    clip_fraction        | 0.0514      |
|    clip_range           | 0.2         |
|    entropy_loss         | 2.41        |
|    explained_variance   | 0.965       |
|    learning_rate        | 0.000243    |
|    loss                 | 0.363       |
|    n_updates            | 1470        |
|    policy_gradient_loss | -0.000102   |
|    std                  | 0.0727      |
|    value_loss           | 0.966       |
-----------------------------------------
-----------------------------------------
| rollout/                |             |
|    ep_len_mean          | 2e+03       |
|    ep_rew_mean          | 3.66e+03    |
| time/                   |             |
|    fps                  | 1924        |
|    iterations           | 149         |
|    time_elapsed         | 3013        |
|    total_timesteps      | 5797888     |
| train/                  |             |
|    approx_kl            | 0.005044171 |
|    clip_fraction        | 0.0593      |
|    clip_range           | 0.2         |
|    entropy_loss         | 2.4         |
|    explained_variance   | 0.975       |
|    learning_rate        | 0.000242    |
|    loss                 | 0.413       |
|    n_updates            | 1480        |
|    policy_gradient_loss | 0.000173    |
|    std                  | 0.0732      |
|    value_loss           | 0.781       |
-----------------------------------------
------------------------------------------
| rollout/                |              |
|    ep_len_mean          | 2e+03        |
|    ep_rew_mean          | 3.64e+03     |
| time/                   |              |
|    fps                  | 1932         |
|    iterations           | 150          |
|    time_elapsed         | 3020         |
|    total_timesteps      | 5836800      |
| train/                  |              |
|    approx_kl            | 0.0060766963 |
|    clip_fraction        | 0.0576       |
|    clip_range           | 0.2          |
|    entropy_loss         | 2.39         |
|    explained_variance   | 0.966        |
|    learning_rate        | 0.000242     |
|    loss                 | 0.579        |
|    n_updates            | 1490         |
|    policy_gradient_loss | -0.000605    |
|    std                  | 0.0734       |
|    value_loss           | 1.16         |
------------------------------------------
-----------------------------------------
| rollout/                |             |
|    ep_len_mean          | 2e+03       |
|    ep_rew_mean          | 3.64e+03    |
| time/                   |             |
|    fps                  | 1940        |
|    iterations           | 151         |
|    time_elapsed         | 3027        |
|    total_timesteps      | 5875712     |
| train/                  |             |
|    approx_kl            | 0.005324624 |
|    clip_fraction        | 0.0556      |
|    clip_range           | 0.2         |
|    entropy_loss         | 2.38        |
|    explained_variance   | 0.968       |
|    learning_rate        | 0.000242    |
|    loss                 | 0.527       |
|    n_updates            | 1500        |
|    policy_gradient_loss | 8.71e-05    |
|    std                  | 0.0738      |
|    value_loss           | 1.19        |
-----------------------------------------
Eval num_timesteps=5890000, episode_reward=2086.12 +/- 1427.61
Episode length: 1399.20 +/- 821.04
------------------------------------------
| eval/                   |              |
|    mean_ep_length       | 1.4e+03      |
|    mean_reward          | 2.09e+03     |
| time/                   |              |
|    total_timesteps      | 5890000      |
| train/                  |              |
|    approx_kl            | 0.0055498374 |
|    clip_fraction        | 0.0614       |
|    clip_range           | 0.2          |
|    entropy_loss         | 2.37         |
|    explained_variance   | 0.961        |
|    learning_rate        | 0.000241     |
|    loss                 | 0.394        |
|    n_updates            | 1510         |
|    policy_gradient_loss | 6.16e-05     |
|    std                  | 0.074        |
|    value_loss           | 1.07         |
------------------------------------------
---------------------------------
| rollout/           |          |
|    ep_len_mean     | 2e+03    |
|    ep_rew_mean     | 3.63e+03 |
| time/              |          |
|    fps             | 1937     |
|    iterations      | 152      |
|    time_elapsed    | 3052     |
|    total_timesteps | 5914624  |
---------------------------------
-----------------------------------------
| rollout/                |             |
|    ep_len_mean          | 2e+03       |
|    ep_rew_mean          | 3.64e+03    |
| time/                   |             |
|    fps                  | 1946        |
|    iterations           | 153         |
|    time_elapsed         | 3059        |
|    total_timesteps      | 5953536     |
| train/                  |             |
|    approx_kl            | 0.005431942 |
|    clip_fraction        | 0.0559      |
|    clip_range           | 0.2         |
|    entropy_loss         | 2.36        |
|    explained_variance   | 0.958       |
|    learning_rate        | 0.000241    |
|    loss                 | 0.515       |
|    n_updates            | 1520        |
|    policy_gradient_loss | 0.000253    |
|    std                  | 0.0742      |
|    value_loss           | 1           |
-----------------------------------------
------------------------------------------
| rollout/                |              |
|    ep_len_mean          | 2e+03        |
|    ep_rew_mean          | 3.65e+03     |
| time/                   |              |
|    fps                  | 1954         |
|    iterations           | 154          |
|    time_elapsed         | 3066         |
|    total_timesteps      | 5992448      |
| train/                  |              |
|    approx_kl            | 0.0049264506 |
|    clip_fraction        | 0.0496       |
|    clip_range           | 0.2          |
|    entropy_loss         | 2.35         |
|    explained_variance   | 0.943        |
|    learning_rate        | 0.00024      |
|    loss                 | 0.423        |
|    n_updates            | 1530         |
|    policy_gradient_loss | -0.000253    |
|    std                  | 0.0747       |
|    value_loss           | 1.07         |
------------------------------------------
-----------------------------------------
| rollout/                |             |
|    ep_len_mean          | 2e+03       |
|    ep_rew_mean          | 3.66e+03    |
| time/                   |             |
|    fps                  | 1962        |
|    iterations           | 155         |
|    time_elapsed         | 3073        |
|    total_timesteps      | 6031360     |
| train/                  |             |
|    approx_kl            | 0.004102621 |
|    clip_fraction        | 0.0523      |
|    clip_range           | 0.2         |
|    entropy_loss         | 2.35        |
|    explained_variance   | 0.959       |
|    learning_rate        | 0.00024     |
|    loss                 | 0.294       |
|    n_updates            | 1540        |
|    policy_gradient_loss | -5.77e-05   |
|    std                  | 0.0749      |
|    value_loss           | 0.855       |
-----------------------------------------
-----------------------------------------
| rollout/                |             |
|    ep_len_mean          | 2e+03       |
|    ep_rew_mean          | 3.66e+03    |
| time/                   |             |
|    fps                  | 1970        |
|    iterations           | 156         |
|    time_elapsed         | 3080        |
|    total_timesteps      | 6070272     |
| train/                  |             |
|    approx_kl            | 0.006015019 |
|    clip_fraction        | 0.0586      |
|    clip_range           | 0.2         |
|    entropy_loss         | 2.34        |
|    explained_variance   | 0.951       |
|    learning_rate        | 0.00024     |
|    loss                 | 1.09        |
|    n_updates            | 1550        |
|    policy_gradient_loss | -0.000301   |
|    std                  | 0.0753      |
|    value_loss           | 1.2         |
-----------------------------------------
Eval num_timesteps=6080000, episode_reward=2115.89 +/- 1419.74
Episode length: 1407.70 +/- 810.10
-----------------------------------------
| eval/                   |             |
|    mean_ep_length       | 1.41e+03    |
|    mean_reward          | 2.12e+03    |
| time/                   |             |
|    total_timesteps      | 6080000     |
| train/                  |             |
|    approx_kl            | 0.005248316 |
|    clip_fraction        | 0.0653      |
|    clip_range           | 0.2         |
|    entropy_loss         | 2.33        |
|    explained_variance   | 0.959       |
|    learning_rate        | 0.000239    |
|    loss                 | 0.672       |
|    n_updates            | 1560        |
|    policy_gradient_loss | -0.000136   |
|    std                  | 0.0753      |
|    value_loss           | 0.99        |
-----------------------------------------
---------------------------------
| rollout/           |          |
|    ep_len_mean     | 2e+03    |
|    ep_rew_mean     | 3.67e+03 |
| time/              |          |
|    fps             | 1966     |
|    iterations      | 157      |
|    time_elapsed    | 3107     |
|    total_timesteps | 6109184  |
---------------------------------
-----------------------------------------
| rollout/                |             |
|    ep_len_mean          | 2e+03       |
|    ep_rew_mean          | 3.67e+03    |
| time/                   |             |
|    fps                  | 1973        |
|    iterations           | 158         |
|    time_elapsed         | 3115        |
|    total_timesteps      | 6148096     |
| train/                  |             |
|    approx_kl            | 0.007324118 |
|    clip_fraction        | 0.0631      |
|    clip_range           | 0.2         |
|    entropy_loss         | 2.32        |
|    explained_variance   | 0.967       |
|    learning_rate        | 0.000239    |
|    loss                 | 0.313       |
|    n_updates            | 1570        |
|    policy_gradient_loss | -8.97e-06   |
|    std                  | 0.0759      |
|    value_loss           | 0.847       |
-----------------------------------------
------------------------------------------
| rollout/                |              |
|    ep_len_mean          | 2e+03        |
|    ep_rew_mean          | 3.66e+03     |
| time/                   |              |
|    fps                  | 1980         |
|    iterations           | 159          |
|    time_elapsed         | 3123         |
|    total_timesteps      | 6187008      |
| train/                  |              |
|    approx_kl            | 0.0043369676 |
|    clip_fraction        | 0.0576       |
|    clip_range           | 0.2          |
|    entropy_loss         | 2.32         |
|    explained_variance   | 0.944        |
|    learning_rate        | 0.000239     |
|    loss                 | 0.878        |
|    n_updates            | 1580         |
|    policy_gradient_loss | -0.000388    |
|    std                  | 0.076        |
|    value_loss           | 1.63         |
------------------------------------------
------------------------------------------
| rollout/                |              |
|    ep_len_mean          | 2e+03        |
|    ep_rew_mean          | 3.65e+03     |
| time/                   |              |
|    fps                  | 1988         |
|    iterations           | 160          |
|    time_elapsed         | 3131         |
|    total_timesteps      | 6225920      |
| train/                  |              |
|    approx_kl            | 0.0063791783 |
|    clip_fraction        | 0.0671       |
|    clip_range           | 0.2          |
|    entropy_loss         | 2.3          |
|    explained_variance   | 0.956        |
|    learning_rate        | 0.000238     |
|    loss                 | 0.61         |
|    n_updates            | 1590         |
|    policy_gradient_loss | -0.000254    |
|    std                  | 0.0765       |
|    value_loss           | 1.25         |
------------------------------------------
------------------------------------------
| rollout/                |              |
|    ep_len_mean          | 2e+03        |
|    ep_rew_mean          | 3.65e+03     |
| time/                   |              |
|    fps                  | 1996         |
|    iterations           | 161          |
|    time_elapsed         | 3138         |
|    total_timesteps      | 6264832      |
| train/                  |              |
|    approx_kl            | 0.0052048173 |
|    clip_fraction        | 0.0636       |
|    clip_range           | 0.2          |
|    entropy_loss         | 2.29         |
|    explained_variance   | 0.962        |
|    learning_rate        | 0.000238     |
|    loss                 | 0.814        |
|    n_updates            | 1600         |
|    policy_gradient_loss | 3.8e-05      |
|    std                  | 0.0772       |
|    value_loss           | 1.02         |
------------------------------------------
Eval num_timesteps=6270000, episode_reward=2450.50 +/- 1196.32
Episode length: 1662.95 +/- 676.76
-----------------------------------------
| eval/                   |             |
|    mean_ep_length       | 1.66e+03    |
|    mean_reward          | 2.45e+03    |
| time/                   |             |
|    total_timesteps      | 6270000     |
| train/                  |             |
|    approx_kl            | 0.005212241 |
|    clip_fraction        | 0.0593      |
|    clip_range           | 0.2         |
|    entropy_loss         | 2.27        |
|    explained_variance   | 0.949       |
|    learning_rate        | 0.000237    |
|    loss                 | 0.767       |
|    n_updates            | 1610        |
|    policy_gradient_loss | 8.57e-05    |
|    std                  | 0.0777      |
|    value_loss           | 1.18        |
-----------------------------------------
New best mean reward!
---------------------------------
| rollout/           |          |
|    ep_len_mean     | 2e+03    |
|    ep_rew_mean     | 3.65e+03 |
| time/              |          |
|    fps             | 1988     |
|    iterations      | 162      |
|    time_elapsed    | 3169     |
|    total_timesteps | 6303744  |
---------------------------------
-----------------------------------------
| rollout/                |             |
|    ep_len_mean          | 2e+03       |
|    ep_rew_mean          | 3.65e+03    |
| time/                   |             |
|    fps                  | 1996        |
|    iterations           | 163         |
|    time_elapsed         | 3177        |
|    total_timesteps      | 6342656     |
| train/                  |             |
|    approx_kl            | 0.004407036 |
|    clip_fraction        | 0.0505      |
|    clip_range           | 0.2         |
|    entropy_loss         | 2.26        |
|    explained_variance   | 0.953       |
|    learning_rate        | 0.000237    |
|    loss                 | 0.54        |
|    n_updates            | 1620        |
|    policy_gradient_loss | 0.000219    |
|    std                  | 0.0783      |
|    value_loss           | 1.3         |
-----------------------------------------
----------------------------------------
| rollout/                |            |
|    ep_len_mean          | 2e+03      |
|    ep_rew_mean          | 3.64e+03   |
| time/                   |            |
|    fps                  | 2003       |
|    iterations           | 164        |
|    time_elapsed         | 3184       |
|    total_timesteps      | 6381568    |
| train/                  |            |
|    approx_kl            | 0.00641399 |
|    clip_fraction        | 0.0673     |
|    clip_range           | 0.2        |
|    entropy_loss         | 2.25       |
|    explained_variance   | 0.958      |
|    learning_rate        | 0.000237   |
|    loss                 | 0.505      |
|    n_updates            | 1630       |
|    policy_gradient_loss | -0.000552  |
|    std                  | 0.0784     |
|    value_loss           | 1.14       |
----------------------------------------
------------------------------------------
| rollout/                |              |
|    ep_len_mean          | 2e+03        |
|    ep_rew_mean          | 3.65e+03     |
| time/                   |              |
|    fps                  | 2011         |
|    iterations           | 165          |
|    time_elapsed         | 3192         |
|    total_timesteps      | 6420480      |
| train/                  |              |
|    approx_kl            | 0.0054580183 |
|    clip_fraction        | 0.0646       |
|    clip_range           | 0.2          |
|    entropy_loss         | 2.25         |
|    explained_variance   | 0.945        |
|    learning_rate        | 0.000236     |
|    loss                 | 0.841        |
|    n_updates            | 1640         |
|    policy_gradient_loss | -0.000285    |
|    std                  | 0.0784       |
|    value_loss           | 1.5          |
------------------------------------------
-----------------------------------------
| rollout/                |             |
|    ep_len_mean          | 2e+03       |
|    ep_rew_mean          | 3.64e+03    |
| time/                   |             |
|    fps                  | 2018        |
|    iterations           | 166         |
|    time_elapsed         | 3199        |
|    total_timesteps      | 6459392     |
| train/                  |             |
|    approx_kl            | 0.005090077 |
|    clip_fraction        | 0.0682      |
|    clip_range           | 0.2         |
|    entropy_loss         | 2.25        |
|    explained_variance   | 0.959       |
|    learning_rate        | 0.000236    |
|    loss                 | 0.596       |
|    n_updates            | 1650        |
|    policy_gradient_loss | -5.62e-05   |
|    std                  | 0.0786      |
|    value_loss           | 1.17        |
-----------------------------------------
Eval num_timesteps=6460000, episode_reward=2386.61 +/- 1251.29
Episode length: 1602.00 +/- 699.29
-----------------------------------------
| eval/                   |             |
|    mean_ep_length       | 1.6e+03     |
|    mean_reward          | 2.39e+03    |
| time/                   |             |
|    total_timesteps      | 6460000     |
| train/                  |             |
|    approx_kl            | 0.006406093 |
|    clip_fraction        | 0.0687      |
|    clip_range           | 0.2         |
|    entropy_loss         | 2.25        |
|    explained_variance   | 0.951       |
|    learning_rate        | 0.000235    |
|    loss                 | 1.19        |
|    n_updates            | 1660        |
|    policy_gradient_loss | -0.000182   |
|    std                  | 0.0785      |
|    value_loss           | 1.81        |
-----------------------------------------
---------------------------------
| rollout/           |          |
|    ep_len_mean     | 2e+03    |
|    ep_rew_mean     | 3.64e+03 |
| time/              |          |
|    fps             | 2013     |
|    iterations      | 167      |
|    time_elapsed    | 3227     |
|    total_timesteps | 6498304  |
---------------------------------
------------------------------------------
| rollout/                |              |
|    ep_len_mean          | 2e+03        |
|    ep_rew_mean          | 3.64e+03     |
| time/                   |              |
|    fps                  | 2021         |
|    iterations           | 168          |
|    time_elapsed         | 3234         |
|    total_timesteps      | 6537216      |
| train/                  |              |
|    approx_kl            | 0.0060392627 |
|    clip_fraction        | 0.0657       |
|    clip_range           | 0.2          |
|    entropy_loss         | 2.24         |
|    explained_variance   | 0.939        |
|    learning_rate        | 0.000235     |
|    loss                 | 0.847        |
|    n_updates            | 1670         |
|    policy_gradient_loss | -8.35e-05    |
|    std                  | 0.0789       |
|    value_loss           | 1.54         |
------------------------------------------
-----------------------------------------
| rollout/                |             |
|    ep_len_mean          | 2e+03       |
|    ep_rew_mean          | 3.63e+03    |
| time/                   |             |
|    fps                  | 2028        |
|    iterations           | 169         |
|    time_elapsed         | 3241        |
|    total_timesteps      | 6576128     |
| train/                  |             |
|    approx_kl            | 0.006393583 |
|    clip_fraction        | 0.0615      |
|    clip_range           | 0.2         |
|    entropy_loss         | 2.24        |
|    explained_variance   | 0.957       |
|    learning_rate        | 0.000235    |
|    loss                 | 0.597       |
|    n_updates            | 1680        |
|    policy_gradient_loss | 0.000129    |
|    std                  | 0.079       |
|    value_loss           | 1.5         |
-----------------------------------------
------------------------------------------
| rollout/                |              |
|    ep_len_mean          | 2e+03        |
|    ep_rew_mean          | 3.63e+03     |
| time/                   |              |
|    fps                  | 2036         |
|    iterations           | 170          |
|    time_elapsed         | 3248         |
|    total_timesteps      | 6615040      |
| train/                  |              |
|    approx_kl            | 0.0061506364 |
|    clip_fraction        | 0.0714       |
|    clip_range           | 0.2          |
|    entropy_loss         | 2.24         |
|    explained_variance   | 0.947        |
|    learning_rate        | 0.000234     |
|    loss                 | 0.819        |
|    n_updates            | 1690         |
|    policy_gradient_loss | -0.00121     |
|    std                  | 0.079        |
|    value_loss           | 1.6          |
------------------------------------------
Eval num_timesteps=6650000, episode_reward=2590.08 +/- 1133.28
Episode length: 1732.50 +/- 637.21
------------------------------------------
| eval/                   |              |
|    mean_ep_length       | 1.73e+03     |
|    mean_reward          | 2.59e+03     |
| time/                   |              |
|    total_timesteps      | 6650000      |
| train/                  |              |
|    approx_kl            | 0.0052853534 |
|    clip_fraction        | 0.0639       |
|    clip_range           | 0.2          |
|    entropy_loss         | 2.23         |
|    explained_variance   | 0.961        |
|    learning_rate        | 0.000234     |
|    loss                 | 0.653        |
|    n_updates            | 1700         |
|    policy_gradient_loss | 0.000333     |
|    std                  | 0.0794       |
|    value_loss           | 1.31         |
------------------------------------------
New best mean reward!
---------------------------------
| rollout/           |          |
|    ep_len_mean     | 2e+03    |
|    ep_rew_mean     | 3.65e+03 |
| time/              |          |
|    fps             | 2022     |
|    iterations      | 171      |
|    time_elapsed    | 3290     |
|    total_timesteps | 6653952  |
---------------------------------
------------------------------------------
| rollout/                |              |
|    ep_len_mean          | 2e+03        |
|    ep_rew_mean          | 3.63e+03     |
| time/                   |              |
|    fps                  | 2021         |
|    iterations           | 172          |
|    time_elapsed         | 3311         |
|    total_timesteps      | 6692864      |
| train/                  |              |
|    approx_kl            | 0.0065214345 |
|    clip_fraction        | 0.0652       |
|    clip_range           | 0.2          |
|    entropy_loss         | 2.24         |
|    explained_variance   | 0.962        |
|    learning_rate        | 0.000233     |
|    loss                 | 1.01         |
|    n_updates            | 1710         |
|    policy_gradient_loss | -0.000344    |
|    std                  | 0.0788       |
|    value_loss           | 1.64         |
------------------------------------------
-----------------------------------------
| rollout/                |             |
|    ep_len_mean          | 2e+03       |
|    ep_rew_mean          | 3.63e+03    |
| time/                   |             |
|    fps                  | 2029        |
|    iterations           | 173         |
|    time_elapsed         | 3317        |
|    total_timesteps      | 6731776     |
| train/                  |             |
|    approx_kl            | 0.004142099 |
|    clip_fraction        | 0.0559      |
|    clip_range           | 0.2         |
|    entropy_loss         | 2.24        |
|    explained_variance   | 0.958       |
|    learning_rate        | 0.000233    |
|    loss                 | 0.48        |
|    n_updates            | 1720        |
|    policy_gradient_loss | 0.000571    |
|    std                  | 0.0793      |
|    value_loss           | 1.4         |
-----------------------------------------
-----------------------------------------
| rollout/                |             |
|    ep_len_mean          | 2e+03       |
|    ep_rew_mean          | 3.65e+03    |
| time/                   |             |
|    fps                  | 2037        |
|    iterations           | 174         |
|    time_elapsed         | 3323        |
|    total_timesteps      | 6770688     |
| train/                  |             |
|    approx_kl            | 0.005019511 |
|    clip_fraction        | 0.0574      |
|    clip_range           | 0.2         |
|    entropy_loss         | 2.23        |
|    explained_variance   | 0.948       |
|    learning_rate        | 0.000233    |
|    loss                 | 0.845       |
|    n_updates            | 1730        |
|    policy_gradient_loss | 6.68e-05    |
|    std                  | 0.0796      |
|    value_loss           | 1.54        |
-----------------------------------------
-----------------------------------------
| rollout/                |             |
|    ep_len_mean          | 2e+03       |
|    ep_rew_mean          | 3.64e+03    |
| time/                   |             |
|    fps                  | 2045        |
|    iterations           | 175         |
|    time_elapsed         | 3328        |
|    total_timesteps      | 6809600     |
| train/                  |             |
|    approx_kl            | 0.005843616 |
|    clip_fraction        | 0.0608      |
|    clip_range           | 0.2         |
|    entropy_loss         | 2.21        |
|    explained_variance   | 0.96        |
|    learning_rate        | 0.000232    |
|    loss                 | 0.995       |
|    n_updates            | 1740        |
|    policy_gradient_loss | 0.000524    |
|    std                  | 0.0802      |
|    value_loss           | 1.41        |
-----------------------------------------
Eval num_timesteps=6840000, episode_reward=2552.11 +/- 1267.42
Episode length: 1645.40 +/- 709.50
------------------------------------------
| eval/                   |              |
|    mean_ep_length       | 1.65e+03     |
|    mean_reward          | 2.55e+03     |
| time/                   |              |
|    total_timesteps      | 6840000      |
| train/                  |              |
|    approx_kl            | 0.0049912417 |
|    clip_fraction        | 0.0595       |
|    clip_range           | 0.2          |
|    entropy_loss         | 2.21         |
|    explained_variance   | 0.952        |
|    learning_rate        | 0.000232     |
|    loss                 | 0.762        |
|    n_updates            | 1750         |
|    policy_gradient_loss | 0.0001       |
|    std                  | 0.0803       |
|    value_loss           | 1.78         |
------------------------------------------
---------------------------------
| rollout/           |          |
|    ep_len_mean     | 2e+03    |
|    ep_rew_mean     | 3.63e+03 |
| time/              |          |
|    fps             | 2043     |
|    iterations      | 176      |
|    time_elapsed    | 3351     |
|    total_timesteps | 6848512  |
---------------------------------
-----------------------------------------
| rollout/                |             |
|    ep_len_mean          | 2e+03       |
|    ep_rew_mean          | 3.63e+03    |
| time/                   |             |
|    fps                  | 2051        |
|    iterations           | 177         |
|    time_elapsed         | 3357        |
|    total_timesteps      | 6887424     |
| train/                  |             |
|    approx_kl            | 0.005853827 |
|    clip_fraction        | 0.0567      |
|    clip_range           | 0.2         |
|    entropy_loss         | 2.2         |
|    explained_variance   | 0.956       |
|    learning_rate        | 0.000232    |
|    loss                 | 1.08        |
|    n_updates            | 1760        |
|    policy_gradient_loss | 6.39e-05    |
|    std                  | 0.0807      |
|    value_loss           | 1.66        |
-----------------------------------------
-----------------------------------------
| rollout/                |             |
|    ep_len_mean          | 2e+03       |
|    ep_rew_mean          | 3.62e+03    |
| time/                   |             |
|    fps                  | 2059        |
|    iterations           | 178         |
|    time_elapsed         | 3363        |
|    total_timesteps      | 6926336     |
| train/                  |             |
|    approx_kl            | 0.005225741 |
|    clip_fraction        | 0.0607      |
|    clip_range           | 0.2         |
|    entropy_loss         | 2.19        |
|    explained_variance   | 0.943       |
|    learning_rate        | 0.000231    |
|    loss                 | 1.17        |
|    n_updates            | 1770        |
|    policy_gradient_loss | -0.000205   |
|    std                  | 0.0813      |
|    value_loss           | 1.8         |
-----------------------------------------
-----------------------------------------
| rollout/                |             |
|    ep_len_mean          | 2e+03       |
|    ep_rew_mean          | 3.62e+03    |
| time/                   |             |
|    fps                  | 2067        |
|    iterations           | 179         |
|    time_elapsed         | 3368        |
|    total_timesteps      | 6965248     |
| train/                  |             |
|    approx_kl            | 0.005507349 |
|    clip_fraction        | 0.0665      |
|    clip_range           | 0.2         |
|    entropy_loss         | 2.18        |
|    explained_variance   | 0.949       |
|    learning_rate        | 0.000231    |
|    loss                 | 0.904       |
|    n_updates            | 1780        |
|    policy_gradient_loss | 3.78e-05    |
|    std                  | 0.0815      |
|    value_loss           | 2.17        |
-----------------------------------------
------------------------------------------
| rollout/                |              |
|    ep_len_mean          | 2e+03        |
|    ep_rew_mean          | 3.61e+03     |
| time/                   |              |
|    fps                  | 2075         |
|    iterations           | 180          |
|    time_elapsed         | 3374         |
|    total_timesteps      | 7004160      |
| train/                  |              |
|    approx_kl            | 0.0061227605 |
|    clip_fraction        | 0.0612       |
|    clip_range           | 0.2          |
|    entropy_loss         | 2.16         |
|    explained_variance   | 0.957        |
|    learning_rate        | 0.00023      |
|    loss                 | 1.12         |
|    n_updates            | 1790         |
|    policy_gradient_loss | 0.000353     |
|    std                  | 0.0823       |
|    value_loss           | 1.86         |
------------------------------------------
Eval num_timesteps=7030000, episode_reward=2345.22 +/- 1437.61
Episode length: 1478.55 +/- 797.19
-----------------------------------------
| eval/                   |             |
|    mean_ep_length       | 1.48e+03    |
|    mean_reward          | 2.35e+03    |
| time/                   |             |
|    total_timesteps      | 7030000     |
| train/                  |             |
|    approx_kl            | 0.004690078 |
|    clip_fraction        | 0.0578      |
|    clip_range           | 0.2         |
|    entropy_loss         | 2.15        |
|    explained_variance   | 0.938       |
|    learning_rate        | 0.00023     |
|    loss                 | 1.3         |
|    n_updates            | 1800        |
|    policy_gradient_loss | -8.71e-07   |
|    std                  | 0.0826      |
|    value_loss           | 2.06        |
-----------------------------------------
---------------------------------
| rollout/           |          |
|    ep_len_mean     | 2e+03    |
|    ep_rew_mean     | 3.6e+03  |
| time/              |          |
|    fps             | 2074     |
|    iterations      | 181      |
|    time_elapsed    | 3395     |
|    total_timesteps | 7043072  |
---------------------------------
-----------------------------------------
| rollout/                |             |
|    ep_len_mean          | 2e+03       |
|    ep_rew_mean          | 3.61e+03    |
| time/                   |             |
|    fps                  | 2081        |
|    iterations           | 182         |
|    time_elapsed         | 3401        |
|    total_timesteps      | 7081984     |
| train/                  |             |
|    approx_kl            | 0.005592139 |
|    clip_fraction        | 0.0656      |
|    clip_range           | 0.2         |
|    entropy_loss         | 2.14        |
|    explained_variance   | 0.946       |
|    learning_rate        | 0.00023     |
|    loss                 | 1.66        |
|    n_updates            | 1810        |
|    policy_gradient_loss | 9.33e-05    |
|    std                  | 0.0831      |
|    value_loss           | 2.63        |
-----------------------------------------
-----------------------------------------
| rollout/                |             |
|    ep_len_mean          | 2e+03       |
|    ep_rew_mean          | 3.61e+03    |
| time/                   |             |
|    fps                  | 2089        |
|    iterations           | 183         |
|    time_elapsed         | 3407        |
|    total_timesteps      | 7120896     |
| train/                  |             |
|    approx_kl            | 0.005402441 |
|    clip_fraction        | 0.0595      |
|    clip_range           | 0.2         |
|    entropy_loss         | 2.14        |
|    explained_variance   | 0.949       |
|    learning_rate        | 0.000229    |
|    loss                 | 0.676       |
|    n_updates            | 1820        |
|    policy_gradient_loss | -0.000149   |
|    std                  | 0.0831      |
|    value_loss           | 1.35        |
-----------------------------------------
-----------------------------------------
| rollout/                |             |
|    ep_len_mean          | 2e+03       |
|    ep_rew_mean          | 3.61e+03    |
| time/                   |             |
|    fps                  | 2097        |
|    iterations           | 184         |
|    time_elapsed         | 3413        |
|    total_timesteps      | 7159808     |
| train/                  |             |
|    approx_kl            | 0.005797157 |
|    clip_fraction        | 0.0632      |
|    clip_range           | 0.2         |
|    entropy_loss         | 2.13        |
|    explained_variance   | 0.956       |
|    learning_rate        | 0.000229    |
|    loss                 | 0.498       |
|    n_updates            | 1830        |
|    policy_gradient_loss | -6.36e-07   |
|    std                  | 0.0835      |
|    value_loss           | 2.18        |
-----------------------------------------
------------------------------------------
| rollout/                |              |
|    ep_len_mean          | 2e+03        |
|    ep_rew_mean          | 3.61e+03     |
| time/                   |              |
|    fps                  | 2105         |
|    iterations           | 185          |
|    time_elapsed         | 3418         |
|    total_timesteps      | 7198720      |
| train/                  |              |
|    approx_kl            | 0.0056813136 |
|    clip_fraction        | 0.0602       |
|    clip_range           | 0.2          |
|    entropy_loss         | 2.12         |
|    explained_variance   | 0.952        |
|    learning_rate        | 0.000228     |
|    loss                 | 1.25         |
|    n_updates            | 1840         |
|    policy_gradient_loss | -0.000308    |
|    std                  | 0.084        |
|    value_loss           | 2.09         |
------------------------------------------
Eval num_timesteps=7220000, episode_reward=2699.22 +/- 1136.50
Episode length: 1741.00 +/- 616.86
------------------------------------------
| eval/                   |              |
|    mean_ep_length       | 1.74e+03     |
|    mean_reward          | 2.7e+03      |
| time/                   |              |
|    total_timesteps      | 7220000      |
| train/                  |              |
|    approx_kl            | 0.0059468998 |
|    clip_fraction        | 0.0667       |
|    clip_range           | 0.2          |
|    entropy_loss         | 2.11         |
|    explained_variance   | 0.956        |
|    learning_rate        | 0.000228     |
|    loss                 | 0.899        |
|    n_updates            | 1850         |
|    policy_gradient_loss | -0.000436    |
|    std                  | 0.0843       |
|    value_loss           | 2.2          |
------------------------------------------
New best mean reward!
---------------------------------
| rollout/           |          |
|    ep_len_mean     | 2e+03    |
|    ep_rew_mean     | 3.6e+03  |
| time/              |          |
|    fps             | 2102     |
|    iterations      | 186      |
|    time_elapsed    | 3442     |
|    total_timesteps | 7237632  |
---------------------------------
------------------------------------------
| rollout/                |              |
|    ep_len_mean          | 2e+03        |
|    ep_rew_mean          | 3.6e+03      |
| time/                   |              |
|    fps                  | 2110         |
|    iterations           | 187          |
|    time_elapsed         | 3448         |
|    total_timesteps      | 7276544      |
| train/                  |              |
|    approx_kl            | 0.0050913263 |
|    clip_fraction        | 0.0613       |
|    clip_range           | 0.2          |
|    entropy_loss         | 2.11         |
|    explained_variance   | 0.954        |
|    learning_rate        | 0.000228     |
|    loss                 | 0.826        |
|    n_updates            | 1860         |
|    policy_gradient_loss | 0.000483     |
|    std                  | 0.0841       |
|    value_loss           | 2.1          |
------------------------------------------
------------------------------------------
| rollout/                |              |
|    ep_len_mean          | 2e+03        |
|    ep_rew_mean          | 3.6e+03      |
| time/                   |              |
|    fps                  | 2117         |
|    iterations           | 188          |
|    time_elapsed         | 3454         |
|    total_timesteps      | 7315456      |
| train/                  |              |
|    approx_kl            | 0.0057309396 |
|    clip_fraction        | 0.0622       |
|    clip_range           | 0.2          |
|    entropy_loss         | 2.12         |
|    explained_variance   | 0.951        |
|    learning_rate        | 0.000227     |
|    loss                 | 1.28         |
|    n_updates            | 1870         |
|    policy_gradient_loss | -0.000723    |
|    std                  | 0.084        |
|    value_loss           | 2.28         |
------------------------------------------
------------------------------------------
| rollout/                |              |
|    ep_len_mean          | 2e+03        |
|    ep_rew_mean          | 3.59e+03     |
| time/                   |              |
|    fps                  | 2125         |
|    iterations           | 189          |
|    time_elapsed         | 3459         |
|    total_timesteps      | 7354368      |
| train/                  |              |
|    approx_kl            | 0.0058814017 |
|    clip_fraction        | 0.0642       |
|    clip_range           | 0.2          |
|    entropy_loss         | 2.11         |
|    explained_variance   | 0.948        |
|    learning_rate        | 0.000227     |
|    loss                 | 1.07         |
|    n_updates            | 1880         |
|    policy_gradient_loss | -1.13e-05    |
|    std                  | 0.0843       |
|    value_loss           | 2.16         |
------------------------------------------
------------------------------------------
| rollout/                |              |
|    ep_len_mean          | 2e+03        |
|    ep_rew_mean          | 3.6e+03      |
| time/                   |              |
|    fps                  | 2133         |
|    iterations           | 190          |
|    time_elapsed         | 3465         |
|    total_timesteps      | 7393280      |
| train/                  |              |
|    approx_kl            | 0.0055244802 |
|    clip_fraction        | 0.0607       |
|    clip_range           | 0.2          |
|    entropy_loss         | 2.11         |
|    explained_variance   | 0.94         |
|    learning_rate        | 0.000226     |
|    loss                 | 0.894        |
|    n_updates            | 1890         |
|    policy_gradient_loss | 0.000395     |
|    std                  | 0.0842       |
|    value_loss           | 1.96         |
------------------------------------------
Eval num_timesteps=7410000, episode_reward=2257.23 +/- 1546.34
Episode length: 1383.95 +/- 839.72
-----------------------------------------
| eval/                   |             |
|    mean_ep_length       | 1.38e+03    |
|    mean_reward          | 2.26e+03    |
| time/                   |             |
|    total_timesteps      | 7410000     |
| train/                  |             |
|    approx_kl            | 0.005630049 |
|    clip_fraction        | 0.0573      |
|    clip_range           | 0.2         |
|    entropy_loss         | 2.11        |
|    explained_variance   | 0.941       |
|    learning_rate        | 0.000226    |
|    loss                 | 0.998       |
|    n_updates            | 1900        |
|    policy_gradient_loss | 9.51e-05    |
|    std                  | 0.0844      |
|    value_loss           | 2.49        |
-----------------------------------------
---------------------------------
| rollout/           |          |
|    ep_len_mean     | 2e+03    |
|    ep_rew_mean     | 3.59e+03 |
| time/              |          |
|    fps             | 2132     |
|    iterations      | 191      |
|    time_elapsed    | 3485     |
|    total_timesteps | 7432192  |
---------------------------------
------------------------------------------
| rollout/                |              |
|    ep_len_mean          | 2e+03        |
|    ep_rew_mean          | 3.6e+03      |
| time/                   |              |
|    fps                  | 2139         |
|    iterations           | 192          |
|    time_elapsed         | 3491         |
|    total_timesteps      | 7471104      |
| train/                  |              |
|    approx_kl            | 0.0061809397 |
|    clip_fraction        | 0.0634       |
|    clip_range           | 0.2          |
|    entropy_loss         | 2.1          |
|    explained_variance   | 0.958        |
|    learning_rate        | 0.000226     |
|    loss                 | 0.679        |
|    n_updates            | 1910         |
|    policy_gradient_loss | -0.000312    |
|    std                  | 0.0847       |
|    value_loss           | 1.76         |
------------------------------------------
-----------------------------------------
| rollout/                |             |
|    ep_len_mean          | 2e+03       |
|    ep_rew_mean          | 3.6e+03     |
| time/                   |             |
|    fps                  | 2147        |
|    iterations           | 193         |
|    time_elapsed         | 3497        |
|    total_timesteps      | 7510016     |
| train/                  |             |
|    approx_kl            | 0.006068649 |
|    clip_fraction        | 0.06        |
|    clip_range           | 0.2         |
|    entropy_loss         | 2.1         |
|    explained_variance   | 0.941       |
|    learning_rate        | 0.000225    |
|    loss                 | 1.26        |
|    n_updates            | 1920        |
|    policy_gradient_loss | -0.000279   |
|    std                  | 0.0845      |
|    value_loss           | 2.71        |
-----------------------------------------
------------------------------------------
| rollout/                |              |
|    ep_len_mean          | 2e+03        |
|    ep_rew_mean          | 3.59e+03     |
| time/                   |              |
|    fps                  | 2154         |
|    iterations           | 194          |
|    time_elapsed         | 3503         |
|    total_timesteps      | 7548928      |
| train/                  |              |
|    approx_kl            | 0.0061465404 |
|    clip_fraction        | 0.056        |
|    clip_range           | 0.2          |
|    entropy_loss         | 2.11         |
|    explained_variance   | 0.957        |
|    learning_rate        | 0.000225     |
|    loss                 | 1.43         |
|    n_updates            | 1930         |
|    policy_gradient_loss | -0.000395    |
|    std                  | 0.0845       |
|    value_loss           | 2.21         |
------------------------------------------
------------------------------------------
| rollout/                |              |
|    ep_len_mean          | 2e+03        |
|    ep_rew_mean          | 3.58e+03     |
| time/                   |              |
|    fps                  | 2162         |
|    iterations           | 195          |
|    time_elapsed         | 3508         |
|    total_timesteps      | 7587840      |
| train/                  |              |
|    approx_kl            | 0.0056295483 |
|    clip_fraction        | 0.0662       |
|    clip_range           | 0.2          |
|    entropy_loss         | 2.11         |
|    explained_variance   | 0.951        |
|    learning_rate        | 0.000225     |
|    loss                 | 1.74         |
|    n_updates            | 1940         |
|    policy_gradient_loss | -0.000248    |
|    std                  | 0.0844       |
|    value_loss           | 2.43         |
------------------------------------------
Eval num_timesteps=7600000, episode_reward=2510.31 +/- 1380.25
Episode length: 1562.40 +/- 758.52
-----------------------------------------
| eval/                   |             |
|    mean_ep_length       | 1.56e+03    |
|    mean_reward          | 2.51e+03    |
| time/                   |             |
|    total_timesteps      | 7600000     |
| train/                  |             |
|    approx_kl            | 0.005355032 |
|    clip_fraction        | 0.061       |
|    clip_range           | 0.2         |
|    entropy_loss         | 2.09        |
|    explained_variance   | 0.929       |
|    learning_rate        | 0.000224    |
|    loss                 | 2.03        |
|    n_updates            | 1950        |
|    policy_gradient_loss | 4.81e-06    |
|    std                  | 0.0854      |
|    value_loss           | 3.53        |
-----------------------------------------
---------------------------------
| rollout/           |          |
|    ep_len_mean     | 2e+03    |
|    ep_rew_mean     | 3.58e+03 |
| time/              |          |
|    fps             | 2160     |
|    iterations      | 196      |
|    time_elapsed    | 3530     |
|    total_timesteps | 7626752  |
---------------------------------
-----------------------------------------
| rollout/                |             |
|    ep_len_mean          | 2e+03       |
|    ep_rew_mean          | 3.58e+03    |
| time/                   |             |
|    fps                  | 2167        |
|    iterations           | 197         |
|    time_elapsed         | 3536        |
|    total_timesteps      | 7665664     |
| train/                  |             |
|    approx_kl            | 0.005734134 |
|    clip_fraction        | 0.0638      |
|    clip_range           | 0.2         |
|    entropy_loss         | 2.09        |
|    explained_variance   | 0.958       |
|    learning_rate        | 0.000224    |
|    loss                 | 0.951       |
|    n_updates            | 1960        |
|    policy_gradient_loss | -7.2e-05    |
|    std                  | 0.0853      |
|    value_loss           | 1.98        |
-----------------------------------------
------------------------------------------
| rollout/                |              |
|    ep_len_mean          | 2e+03        |
|    ep_rew_mean          | 3.57e+03     |
| time/                   |              |
|    fps                  | 2175         |
|    iterations           | 198          |
|    time_elapsed         | 3542         |
|    total_timesteps      | 7704576      |
| train/                  |              |
|    approx_kl            | 0.0049388097 |
|    clip_fraction        | 0.0552       |
|    clip_range           | 0.2          |
|    entropy_loss         | 2.08         |
|    explained_variance   | 0.947        |
|    learning_rate        | 0.000223     |
|    loss                 | 0.732        |
|    n_updates            | 1970         |
|    policy_gradient_loss | 8.69e-05     |
|    std                  | 0.0857       |
|    value_loss           | 2.16         |
------------------------------------------
-----------------------------------------
| rollout/                |             |
|    ep_len_mean          | 2e+03       |
|    ep_rew_mean          | 3.57e+03    |
| time/                   |             |
|    fps                  | 2182        |
|    iterations           | 199         |
|    time_elapsed         | 3548        |
|    total_timesteps      | 7743488     |
| train/                  |             |
|    approx_kl            | 0.004651848 |
|    clip_fraction        | 0.0586      |
|    clip_range           | 0.2         |
|    entropy_loss         | 2.07        |
|    explained_variance   | 0.939       |
|    learning_rate        | 0.000223    |
|    loss                 | 0.891       |
|    n_updates            | 1980        |
|    policy_gradient_loss | -2.9e-05    |
|    std                  | 0.0862      |
|    value_loss           | 3.23        |
-----------------------------------------
------------------------------------------
| rollout/                |              |
|    ep_len_mean          | 2e+03        |
|    ep_rew_mean          | 3.57e+03     |
| time/                   |              |
|    fps                  | 2189         |
|    iterations           | 200          |
|    time_elapsed         | 3553         |
|    total_timesteps      | 7782400      |
| train/                  |              |
|    approx_kl            | 0.0069264793 |
|    clip_fraction        | 0.0741       |
|    clip_range           | 0.2          |
|    entropy_loss         | 2.06         |
|    explained_variance   | 0.954        |
|    learning_rate        | 0.000223     |
|    loss                 | 1.5          |
|    n_updates            | 1990         |
|    policy_gradient_loss | -0.000407    |
|    std                  | 0.0864       |
|    value_loss           | 2.23         |
------------------------------------------
Eval num_timesteps=7790000, episode_reward=2520.74 +/- 1385.80
Episode length: 1566.35 +/- 752.02
-----------------------------------------
| eval/                   |             |
|    mean_ep_length       | 1.57e+03    |
|    mean_reward          | 2.52e+03    |
| time/                   |             |
|    total_timesteps      | 7790000     |
| train/                  |             |
|    approx_kl            | 0.004983844 |
|    clip_fraction        | 0.0658      |
|    clip_range           | 0.2         |
|    entropy_loss         | 2.07        |
|    explained_variance   | 0.94        |
|    learning_rate        | 0.000222    |
|    loss                 | 1.3         |
|    n_updates            | 2000        |
|    policy_gradient_loss | 4.27e-05    |
|    std                  | 0.0862      |
|    value_loss           | 2.95        |
-----------------------------------------
---------------------------------
| rollout/           |          |
|    ep_len_mean     | 2e+03    |
|    ep_rew_mean     | 3.57e+03 |
| time/              |          |
|    fps             | 2187     |
|    iterations      | 201      |
|    time_elapsed    | 3575     |
|    total_timesteps | 7821312  |
---------------------------------
----------------------------------------
| rollout/                |            |
|    ep_len_mean          | 2e+03      |
|    ep_rew_mean          | 3.56e+03   |
| time/                   |            |
|    fps                  | 2194       |
|    iterations           | 202        |
|    time_elapsed         | 3581       |
|    total_timesteps      | 7860224    |
| train/                  |            |
|    approx_kl            | 0.00537445 |
|    clip_fraction        | 0.0577     |
|    clip_range           | 0.2        |
|    entropy_loss         | 2.06       |
|    explained_variance   | 0.954      |
|    learning_rate        | 0.000222   |
|    loss                 | 0.753      |
|    n_updates            | 2010       |
|    policy_gradient_loss | -5.89e-05  |
|    std                  | 0.0872     |
|    value_loss           | 2.82       |
----------------------------------------
----------------------------------------
| rollout/                |            |
|    ep_len_mean          | 2e+03      |
|    ep_rew_mean          | 3.55e+03   |
| time/                   |            |
|    fps                  | 2201       |
|    iterations           | 203        |
|    time_elapsed         | 3587       |
|    total_timesteps      | 7899136    |
| train/                  |            |
|    approx_kl            | 0.00421913 |
|    clip_fraction        | 0.054      |
|    clip_range           | 0.2        |
|    entropy_loss         | 2.04       |
|    explained_variance   | 0.944      |
|    learning_rate        | 0.000221   |
|    loss                 | 0.537      |
|    n_updates            | 2020       |
|    policy_gradient_loss | 9.52e-05   |
|    std                  | 0.0874     |
|    value_loss           | 2.81       |
----------------------------------------
------------------------------------------
| rollout/                |              |
|    ep_len_mean          | 2e+03        |
|    ep_rew_mean          | 3.55e+03     |
| time/                   |              |
|    fps                  | 2209         |
|    iterations           | 204          |
|    time_elapsed         | 3593         |
|    total_timesteps      | 7938048      |
| train/                  |              |
|    approx_kl            | 0.0056183278 |
|    clip_fraction        | 0.0583       |
|    clip_range           | 0.2          |
|    entropy_loss         | 2.03         |
|    explained_variance   | 0.941        |
|    learning_rate        | 0.000221     |
|    loss                 | 2.29         |
|    n_updates            | 2030         |
|    policy_gradient_loss | -0.000184    |
|    std                  | 0.0876       |
|    value_loss           | 3.26         |
------------------------------------------
------------------------------------------
| rollout/                |              |
|    ep_len_mean          | 2e+03        |
|    ep_rew_mean          | 3.54e+03     |
| time/                   |              |
|    fps                  | 2216         |
|    iterations           | 205          |
|    time_elapsed         | 3598         |
|    total_timesteps      | 7976960      |
| train/                  |              |
|    approx_kl            | 0.0060894326 |
|    clip_fraction        | 0.0637       |
|    clip_range           | 0.2          |
|    entropy_loss         | 2.03         |
|    explained_variance   | 0.95         |
|    learning_rate        | 0.000221     |
|    loss                 | 1.15         |
|    n_updates            | 2040         |
|    policy_gradient_loss | 0.000237     |
|    std                  | 0.0879       |
|    value_loss           | 3.55         |
------------------------------------------
Eval num_timesteps=7980000, episode_reward=2520.73 +/- 1336.66
Episode length: 1593.35 +/- 712.03
------------------------------------------
| eval/                   |              |
|    mean_ep_length       | 1.59e+03     |
|    mean_reward          | 2.52e+03     |
| time/                   |              |
|    total_timesteps      | 7980000      |
| train/                  |              |
|    approx_kl            | 0.0068921186 |
|    clip_fraction        | 0.0726       |
|    clip_range           | 0.2          |
|    entropy_loss         | 2.02         |
|    explained_variance   | 0.942        |
|    learning_rate        | 0.00022      |
|    loss                 | 0.79         |
|    n_updates            | 2050         |
|    policy_gradient_loss | 8.6e-05      |
|    std                  | 0.0885       |
|    value_loss           | 2.68         |
------------------------------------------
---------------------------------
| rollout/           |          |
|    ep_len_mean     | 2e+03    |
|    ep_rew_mean     | 3.54e+03 |
| time/              |          |
|    fps             | 2213     |
|    iterations      | 206      |
|    time_elapsed    | 3621     |
|    total_timesteps | 8015872  |
---------------------------------
------------------------------------------
| rollout/                |              |
|    ep_len_mean          | 2e+03        |
|    ep_rew_mean          | 3.55e+03     |
| time/                   |              |
|    fps                  | 2220         |
|    iterations           | 207          |
|    time_elapsed         | 3626         |
|    total_timesteps      | 8054784      |
| train/                  |              |
|    approx_kl            | 0.0057559214 |
|    clip_fraction        | 0.0698       |
|    clip_range           | 0.2          |
|    entropy_loss         | 2.02         |
|    explained_variance   | 0.925        |
|    learning_rate        | 0.00022      |
|    loss                 | 1.61         |
|    n_updates            | 2060         |
|    policy_gradient_loss | -0.00106     |
|    std                  | 0.0882       |
|    value_loss           | 3.61         |
------------------------------------------
------------------------------------------
| rollout/                |              |
|    ep_len_mean          | 2e+03        |
|    ep_rew_mean          | 3.54e+03     |
| time/                   |              |
|    fps                  | 2227         |
|    iterations           | 208          |
|    time_elapsed         | 3633         |
|    total_timesteps      | 8093696      |
| train/                  |              |
|    approx_kl            | 0.0054577556 |
|    clip_fraction        | 0.0617       |
|    clip_range           | 0.2          |
|    entropy_loss         | 2.01         |
|    explained_variance   | 0.936        |
|    learning_rate        | 0.000219     |
|    loss                 | 1.8          |
|    n_updates            | 2070         |
|    policy_gradient_loss | -0.000251    |
|    std                  | 0.0887       |
|    value_loss           | 3.71         |
------------------------------------------
------------------------------------------
| rollout/                |              |
|    ep_len_mean          | 2e+03        |
|    ep_rew_mean          | 3.54e+03     |
| time/                   |              |
|    fps                  | 2234         |
|    iterations           | 209          |
|    time_elapsed         | 3638         |
|    total_timesteps      | 8132608      |
| train/                  |              |
|    approx_kl            | 0.0056731133 |
|    clip_fraction        | 0.0688       |
|    clip_range           | 0.2          |
|    entropy_loss         | 2.01         |
|    explained_variance   | 0.943        |
|    learning_rate        | 0.000219     |
|    loss                 | 2.1          |
|    n_updates            | 2080         |
|    policy_gradient_loss | -0.000269    |
|    std                  | 0.0887       |
|    value_loss           | 3.62         |
------------------------------------------
Eval num_timesteps=8170000, episode_reward=2362.16 +/- 1448.36
Episode length: 1451.60 +/- 767.85
------------------------------------------
| eval/                   |              |
|    mean_ep_length       | 1.45e+03     |
|    mean_reward          | 2.36e+03     |
| time/                   |              |
|    total_timesteps      | 8170000      |
| train/                  |              |
|    approx_kl            | 0.0057742908 |
|    clip_fraction        | 0.0705       |
|    clip_range           | 0.2          |
|    entropy_loss         | 2.01         |
|    explained_variance   | 0.955        |
|    learning_rate        | 0.000219     |
|    loss                 | 1.8          |
|    n_updates            | 2090         |
|    policy_gradient_loss | -0.000182    |
|    std                  | 0.0889       |
|    value_loss           | 2.18         |
------------------------------------------
---------------------------------
| rollout/           |          |
|    ep_len_mean     | 2e+03    |
|    ep_rew_mean     | 3.55e+03 |
| time/              |          |
|    fps             | 2233     |
|    iterations      | 210      |
|    time_elapsed    | 3659     |
|    total_timesteps | 8171520  |
---------------------------------
------------------------------------------
| rollout/                |              |
|    ep_len_mean          | 2e+03        |
|    ep_rew_mean          | 3.54e+03     |
| time/                   |              |
|    fps                  | 2240         |
|    iterations           | 211          |
|    time_elapsed         | 3665         |
|    total_timesteps      | 8210432      |
| train/                  |              |
|    approx_kl            | 0.0067917053 |
|    clip_fraction        | 0.0644       |
|    clip_range           | 0.2          |
|    entropy_loss         | 2            |
|    explained_variance   | 0.942        |
|    learning_rate        | 0.000218     |
|    loss                 | 1.18         |
|    n_updates            | 2100         |
|    policy_gradient_loss | -0.000355    |
|    std                  | 0.0893       |
|    value_loss           | 3.22         |
------------------------------------------
-----------------------------------------
| rollout/                |             |
|    ep_len_mean          | 2e+03       |
|    ep_rew_mean          | 3.54e+03    |
| time/                   |             |
|    fps                  | 2247        |
|    iterations           | 212         |
|    time_elapsed         | 3670        |
|    total_timesteps      | 8249344     |
| train/                  |             |
|    approx_kl            | 0.005084762 |
|    clip_fraction        | 0.0529      |
|    clip_range           | 0.2         |
|    entropy_loss         | 2           |
|    explained_variance   | 0.958       |
|    learning_rate        | 0.000218    |
|    loss                 | 0.435       |
|    n_updates            | 2110        |
|    policy_gradient_loss | 0.000709    |
|    std                  | 0.0893      |
|    value_loss           | 2.2         |
-----------------------------------------
-----------------------------------------
| rollout/                |             |
|    ep_len_mean          | 2e+03       |
|    ep_rew_mean          | 3.54e+03    |
| time/                   |             |
|    fps                  | 2254        |
|    iterations           | 213         |
|    time_elapsed         | 3676        |
|    total_timesteps      | 8288256     |
| train/                  |             |
|    approx_kl            | 0.006071684 |
|    clip_fraction        | 0.066       |
|    clip_range           | 0.2         |
|    entropy_loss         | 1.99        |
|    explained_variance   | 0.943       |
|    learning_rate        | 0.000218    |
|    loss                 | 0.754       |
|    n_updates            | 2120        |
|    policy_gradient_loss | -6.57e-05   |
|    std                  | 0.09        |
|    value_loss           | 3.71        |
-----------------------------------------
------------------------------------------
| rollout/                |              |
|    ep_len_mean          | 2e+03        |
|    ep_rew_mean          | 3.54e+03     |
| time/                   |              |
|    fps                  | 2261         |
|    iterations           | 214          |
|    time_elapsed         | 3682         |
|    total_timesteps      | 8327168      |
| train/                  |              |
|    approx_kl            | 0.0056858608 |
|    clip_fraction        | 0.0598       |
|    clip_range           | 0.2          |
|    entropy_loss         | 1.98         |
|    explained_variance   | 0.941        |
|    learning_rate        | 0.000217     |
|    loss                 | 0.756        |
|    n_updates            | 2130         |
|    policy_gradient_loss | 1.26e-05     |
|    std                  | 0.09         |
|    value_loss           | 2.64         |
------------------------------------------
Eval num_timesteps=8360000, episode_reward=2460.83 +/- 1410.09
Episode length: 1520.10 +/- 740.71
------------------------------------------
| eval/                   |              |
|    mean_ep_length       | 1.52e+03     |
|    mean_reward          | 2.46e+03     |
| time/                   |              |
|    total_timesteps      | 8360000      |
| train/                  |              |
|    approx_kl            | 0.0058439933 |
|    clip_fraction        | 0.068        |
|    clip_range           | 0.2          |
|    entropy_loss         | 1.99         |
|    explained_variance   | 0.949        |
|    learning_rate        | 0.000217     |
|    loss                 | 1.16         |
|    n_updates            | 2140         |
|    policy_gradient_loss | -0.000228    |
|    std                  | 0.0894       |
|    value_loss           | 2.25         |
------------------------------------------
---------------------------------
| rollout/           |          |
|    ep_len_mean     | 2e+03    |
|    ep_rew_mean     | 3.54e+03 |
| time/              |          |
|    fps             | 2258     |
|    iterations      | 215      |
|    time_elapsed    | 3703     |
|    total_timesteps | 8366080  |
---------------------------------
------------------------------------------
| rollout/                |              |
|    ep_len_mean          | 2e+03        |
|    ep_rew_mean          | 3.54e+03     |
| time/                   |              |
|    fps                  | 2265         |
|    iterations           | 216          |
|    time_elapsed         | 3709         |
|    total_timesteps      | 8404992      |
| train/                  |              |
|    approx_kl            | 0.0068990085 |
|    clip_fraction        | 0.0641       |
|    clip_range           | 0.2          |
|    entropy_loss         | 1.99         |
|    explained_variance   | 0.95         |
|    learning_rate        | 0.000216     |
|    loss                 | 2.43         |
|    n_updates            | 2150         |
|    policy_gradient_loss | -0.000195    |
|    std                  | 0.0899       |
|    value_loss           | 3.89         |
------------------------------------------
------------------------------------------
| rollout/                |              |
|    ep_len_mean          | 2e+03        |
|    ep_rew_mean          | 3.53e+03     |
| time/                   |              |
|    fps                  | 2272         |
|    iterations           | 217          |
|    time_elapsed         | 3715         |
|    total_timesteps      | 8443904      |
| train/                  |              |
|    approx_kl            | 0.0068920497 |
|    clip_fraction        | 0.0707       |
|    clip_range           | 0.2          |
|    entropy_loss         | 1.97         |
|    explained_variance   | 0.946        |
|    learning_rate        | 0.000216     |
|    loss                 | 1.78         |
|    n_updates            | 2160         |
|    policy_gradient_loss | -9.5e-05     |
|    std                  | 0.0907       |
|    value_loss           | 3.79         |
------------------------------------------
------------------------------------------
| rollout/                |              |
|    ep_len_mean          | 2e+03        |
|    ep_rew_mean          | 3.54e+03     |
| time/                   |              |
|    fps                  | 2279         |
|    iterations           | 218          |
|    time_elapsed         | 3721         |
|    total_timesteps      | 8482816      |
| train/                  |              |
|    approx_kl            | 0.0057397694 |
|    clip_fraction        | 0.0714       |
|    clip_range           | 0.2          |
|    entropy_loss         | 1.98         |
|    explained_variance   | 0.944        |
|    learning_rate        | 0.000216     |
|    loss                 | 1.57         |
|    n_updates            | 2170         |
|    policy_gradient_loss | -0.000584    |
|    std                  | 0.0898       |
|    value_loss           | 2.9          |
------------------------------------------
-----------------------------------------
| rollout/                |             |
|    ep_len_mean          | 2e+03       |
|    ep_rew_mean          | 3.53e+03    |
| time/                   |             |
|    fps                  | 2286        |
|    iterations           | 219         |
|    time_elapsed         | 3727        |
|    total_timesteps      | 8521728     |
| train/                  |             |
|    approx_kl            | 0.006306056 |
|    clip_fraction        | 0.0682      |
|    clip_range           | 0.2         |
|    entropy_loss         | 1.98        |
|    explained_variance   | 0.941       |
|    learning_rate        | 0.000215    |
|    loss                 | 2.28        |
|    n_updates            | 2180        |
|    policy_gradient_loss | -0.000671   |
|    std                  | 0.0898      |
|    value_loss           | 3.29        |
-----------------------------------------
Eval num_timesteps=8550000, episode_reward=2490.70 +/- 1393.80
Episode length: 1547.60 +/- 734.11
------------------------------------------
| eval/                   |              |
|    mean_ep_length       | 1.55e+03     |
|    mean_reward          | 2.49e+03     |
| time/                   |              |
|    total_timesteps      | 8550000      |
| train/                  |              |
|    approx_kl            | 0.0063337767 |
|    clip_fraction        | 0.0717       |
|    clip_range           | 0.2          |
|    entropy_loss         | 1.98         |
|    explained_variance   | 0.945        |
|    learning_rate        | 0.000215     |
|    loss                 | 2.27         |
|    n_updates            | 2190         |
|    policy_gradient_loss | -0.000261    |
|    std                  | 0.0902       |
|    value_loss           | 4.17         |
------------------------------------------
---------------------------------
| rollout/           |          |
|    ep_len_mean     | 2e+03    |
|    ep_rew_mean     | 3.52e+03 |
| time/              |          |
|    fps             | 2283     |
|    iterations      | 220      |
|    time_elapsed    | 3748     |
|    total_timesteps | 8560640  |
---------------------------------
------------------------------------------
| rollout/                |              |
|    ep_len_mean          | 2e+03        |
|    ep_rew_mean          | 3.52e+03     |
| time/                   |              |
|    fps                  | 2290         |
|    iterations           | 221          |
|    time_elapsed         | 3754         |
|    total_timesteps      | 8599552      |
| train/                  |              |
|    approx_kl            | 0.0050195768 |
|    clip_fraction        | 0.0577       |
|    clip_range           | 0.2          |
|    entropy_loss         | 1.97         |
|    explained_variance   | 0.937        |
|    learning_rate        | 0.000214     |
|    loss                 | 0.802        |
|    n_updates            | 2200         |
|    policy_gradient_loss | 0.000388     |
|    std                  | 0.0909       |
|    value_loss           | 4.07         |
------------------------------------------
------------------------------------------
| rollout/                |              |
|    ep_len_mean          | 2e+03        |
|    ep_rew_mean          | 3.52e+03     |
| time/                   |              |
|    fps                  | 2297         |
|    iterations           | 222          |
|    time_elapsed         | 3760         |
|    total_timesteps      | 8638464      |
| train/                  |              |
|    approx_kl            | 0.0054837754 |
|    clip_fraction        | 0.0739       |
|    clip_range           | 0.2          |
|    entropy_loss         | 1.95         |
|    explained_variance   | 0.943        |
|    learning_rate        | 0.000214     |
|    loss                 | 2.02         |
|    n_updates            | 2210         |
|    policy_gradient_loss | -0.00052     |
|    std                  | 0.0911       |
|    value_loss           | 2.98         |
------------------------------------------
------------------------------------------
| rollout/                |              |
|    ep_len_mean          | 2e+03        |
|    ep_rew_mean          | 3.51e+03     |
| time/                   |              |
|    fps                  | 2303         |
|    iterations           | 223          |
|    time_elapsed         | 3766         |
|    total_timesteps      | 8677376      |
| train/                  |              |
|    approx_kl            | 0.0058608614 |
|    clip_fraction        | 0.0603       |
|    clip_range           | 0.2          |
|    entropy_loss         | 1.94         |
|    explained_variance   | 0.951        |
|    learning_rate        | 0.000214     |
|    loss                 | 2.46         |
|    n_updates            | 2220         |
|    policy_gradient_loss | -0.000284    |
|    std                  | 0.0917       |
|    value_loss           | 3.65         |
------------------------------------------
------------------------------------------
| rollout/                |              |
|    ep_len_mean          | 2e+03        |
|    ep_rew_mean          | 3.5e+03      |
| time/                   |              |
|    fps                  | 2310         |
|    iterations           | 224          |
|    time_elapsed         | 3772         |
|    total_timesteps      | 8716288      |
| train/                  |              |
|    approx_kl            | 0.0062717767 |
|    clip_fraction        | 0.0698       |
|    clip_range           | 0.2          |
|    entropy_loss         | 1.94         |
|    explained_variance   | 0.957        |
|    learning_rate        | 0.000213     |
|    loss                 | 1.22         |
|    n_updates            | 2230         |
|    policy_gradient_loss | 7.66e-05     |
|    std                  | 0.0916       |
|    value_loss           | 2.65         |
------------------------------------------
Eval num_timesteps=8740000, episode_reward=2708.44 +/- 1239.63
Episode length: 1682.55 +/- 646.84
------------------------------------------
| eval/                   |              |
|    mean_ep_length       | 1.68e+03     |
|    mean_reward          | 2.71e+03     |
| time/                   |              |
|    total_timesteps      | 8740000      |
| train/                  |              |
|    approx_kl            | 0.0062496457 |
|    clip_fraction        | 0.0636       |
|    clip_range           | 0.2          |
|    entropy_loss         | 1.94         |
|    explained_variance   | 0.948        |
|    learning_rate        | 0.000213     |
|    loss                 | 2.09         |
|    n_updates            | 2240         |
|    policy_gradient_loss | -0.000182    |
|    std                  | 0.0918       |
|    value_loss           | 3.5          |
------------------------------------------
New best mean reward!
---------------------------------
| rollout/           |          |
|    ep_len_mean     | 2e+03    |
|    ep_rew_mean     | 3.52e+03 |
| time/              |          |
|    fps             | 2306     |
|    iterations      | 225      |
|    time_elapsed    | 3795     |
|    total_timesteps | 8755200  |
---------------------------------
------------------------------------------
| rollout/                |              |
|    ep_len_mean          | 2e+03        |
|    ep_rew_mean          | 3.51e+03     |
| time/                   |              |
|    fps                  | 2313         |
|    iterations           | 226          |
|    time_elapsed         | 3801         |
|    total_timesteps      | 8794112      |
| train/                  |              |
|    approx_kl            | 0.0052075153 |
|    clip_fraction        | 0.0605       |
|    clip_range           | 0.2          |
|    entropy_loss         | 1.93         |
|    explained_variance   | 0.958        |
|    learning_rate        | 0.000212     |
|    loss                 | 1.63         |
|    n_updates            | 2250         |
|    policy_gradient_loss | -0.000187    |
|    std                  | 0.0926       |
|    value_loss           | 3.28         |
------------------------------------------
-----------------------------------------
| rollout/                |             |
|    ep_len_mean          | 2e+03       |
|    ep_rew_mean          | 3.49e+03    |
| time/                   |             |
|    fps                  | 2320        |
|    iterations           | 227         |
|    time_elapsed         | 3806        |
|    total_timesteps      | 8833024     |
| train/                  |             |
|    approx_kl            | 0.004259126 |
|    clip_fraction        | 0.0548      |
|    clip_range           | 0.2         |
|    entropy_loss         | 1.93        |
|    explained_variance   | 0.95        |
|    learning_rate        | 0.000212    |
|    loss                 | 2.46        |
|    n_updates            | 2260        |
|    policy_gradient_loss | -1.74e-05   |
|    std                  | 0.0922      |
|    value_loss           | 4.52        |
-----------------------------------------
------------------------------------------
| rollout/                |              |
|    ep_len_mean          | 2e+03        |
|    ep_rew_mean          | 3.49e+03     |
| time/                   |              |
|    fps                  | 2326         |
|    iterations           | 228          |
|    time_elapsed         | 3812         |
|    total_timesteps      | 8871936      |
| train/                  |              |
|    approx_kl            | 0.0058416277 |
|    clip_fraction        | 0.0637       |
|    clip_range           | 0.2          |
|    entropy_loss         | 1.93         |
|    explained_variance   | 0.933        |
|    learning_rate        | 0.000212     |
|    loss                 | 2.49         |
|    n_updates            | 2270         |
|    policy_gradient_loss | -0.000441    |
|    std                  | 0.092        |
|    value_loss           | 4.82         |
------------------------------------------
-----------------------------------------
| rollout/                |             |
|    ep_len_mean          | 2e+03       |
|    ep_rew_mean          | 3.48e+03    |
| time/                   |             |
|    fps                  | 2333        |
|    iterations           | 229         |
|    time_elapsed         | 3818        |
|    total_timesteps      | 8910848     |
| train/                  |             |
|    approx_kl            | 0.004907994 |
|    clip_fraction        | 0.0582      |
|    clip_range           | 0.2         |
|    entropy_loss         | 1.93        |
|    explained_variance   | 0.946       |
|    learning_rate        | 0.000211    |
|    loss                 | 1.24        |
|    n_updates            | 2280        |
|    policy_gradient_loss | 0.000128    |
|    std                  | 0.0928      |
|    value_loss           | 4.19        |
-----------------------------------------
Eval num_timesteps=8930000, episode_reward=2788.90 +/- 1107.70
Episode length: 1769.35 +/- 561.43
-----------------------------------------
| eval/                   |             |
|    mean_ep_length       | 1.77e+03    |
|    mean_reward          | 2.79e+03    |
| time/                   |             |
|    total_timesteps      | 8930000     |
| train/                  |             |
|    approx_kl            | 0.007705012 |
|    clip_fraction        | 0.0764      |
|    clip_range           | 0.2         |
|    entropy_loss         | 1.91        |
|    explained_variance   | 0.952       |
|    learning_rate        | 0.000211    |
|    loss                 | 1.21        |
|    n_updates            | 2290        |
|    policy_gradient_loss | -0.000465   |
|    std                  | 0.0934      |
|    value_loss           | 3.3         |
-----------------------------------------
New best mean reward!
---------------------------------
| rollout/           |          |
|    ep_len_mean     | 2e+03    |
|    ep_rew_mean     | 3.47e+03 |
| time/              |          |
|    fps             | 2329     |
|    iterations      | 230      |
|    time_elapsed    | 3842     |
|    total_timesteps | 8949760  |
---------------------------------
------------------------------------------
| rollout/                |              |
|    ep_len_mean          | 2e+03        |
|    ep_rew_mean          | 3.47e+03     |
| time/                   |              |
|    fps                  | 2335         |
|    iterations           | 231          |
|    time_elapsed         | 3848         |
|    total_timesteps      | 8988672      |
| train/                  |              |
|    approx_kl            | 0.0059368573 |
|    clip_fraction        | 0.0657       |
|    clip_range           | 0.2          |
|    entropy_loss         | 1.89         |
|    explained_variance   | 0.943        |
|    learning_rate        | 0.000211     |
|    loss                 | 1.55         |
|    n_updates            | 2300         |
|    policy_gradient_loss | -0.000325    |
|    std                  | 0.0944       |
|    value_loss           | 4.29         |
------------------------------------------
-----------------------------------------
| rollout/                |             |
|    ep_len_mean          | 2e+03       |
|    ep_rew_mean          | 3.46e+03    |
| time/                   |             |
|    fps                  | 2342        |
|    iterations           | 232         |
|    time_elapsed         | 3854        |
|    total_timesteps      | 9027584     |
| train/                  |             |
|    approx_kl            | 0.005659006 |
|    clip_fraction        | 0.0646      |
|    clip_range           | 0.2         |
|    entropy_loss         | 1.88        |
|    explained_variance   | 0.934       |
|    learning_rate        | 0.00021     |
|    loss                 | 1.49        |
|    n_updates            | 2310        |
|    policy_gradient_loss | -0.00037    |
|    std                  | 0.0945      |
|    value_loss           | 4.2         |
-----------------------------------------
-----------------------------------------
| rollout/                |             |
|    ep_len_mean          | 2e+03       |
|    ep_rew_mean          | 3.46e+03    |
| time/                   |             |
|    fps                  | 2348        |
|    iterations           | 233         |
|    time_elapsed         | 3860        |
|    total_timesteps      | 9066496     |
| train/                  |             |
|    approx_kl            | 0.004833962 |
|    clip_fraction        | 0.0607      |
|    clip_range           | 0.2         |
|    entropy_loss         | 1.88        |
|    explained_variance   | 0.955       |
|    learning_rate        | 0.00021     |
|    loss                 | 1.22        |
|    n_updates            | 2320        |
|    policy_gradient_loss | -0.000168   |
|    std                  | 0.0946      |
|    value_loss           | 3.07        |
-----------------------------------------
------------------------------------------
| rollout/                |              |
|    ep_len_mean          | 2e+03        |
|    ep_rew_mean          | 3.46e+03     |
| time/                   |              |
|    fps                  | 2355         |
|    iterations           | 234          |
|    time_elapsed         | 3865         |
|    total_timesteps      | 9105408      |
| train/                  |              |
|    approx_kl            | 0.0064285537 |
|    clip_fraction        | 0.0589       |
|    clip_range           | 0.2          |
|    entropy_loss         | 1.87         |
|    explained_variance   | 0.955        |
|    learning_rate        | 0.000209     |
|    loss                 | 1.6          |
|    n_updates            | 2330         |
|    policy_gradient_loss | -0.0002      |
|    std                  | 0.095        |
|    value_loss           | 2.96         |
------------------------------------------
Eval num_timesteps=9120000, episode_reward=2807.67 +/- 1107.34
Episode length: 1771.95 +/- 557.69
------------------------------------------
| eval/                   |              |
|    mean_ep_length       | 1.77e+03     |
|    mean_reward          | 2.81e+03     |
| time/                   |              |
|    total_timesteps      | 9120000      |
| train/                  |              |
|    approx_kl            | 0.0070454637 |
|    clip_fraction        | 0.066        |
|    clip_range           | 0.2          |
|    entropy_loss         | 1.87         |
|    explained_variance   | 0.963        |
|    learning_rate        | 0.000209     |
|    loss                 | 1.23         |
|    n_updates            | 2340         |
|    policy_gradient_loss | -0.000736    |
|    std                  | 0.0952       |
|    value_loss           | 3.39         |
------------------------------------------
New best mean reward!
---------------------------------
| rollout/           |          |
|    ep_len_mean     | 2e+03    |
|    ep_rew_mean     | 3.46e+03 |
| time/              |          |
|    fps             | 2350     |
|    iterations      | 235      |
|    time_elapsed    | 3889     |
|    total_timesteps | 9144320  |
---------------------------------
------------------------------------------
| rollout/                |              |
|    ep_len_mean          | 2e+03        |
|    ep_rew_mean          | 3.44e+03     |
| time/                   |              |
|    fps                  | 2357         |
|    iterations           | 236          |
|    time_elapsed         | 3895         |
|    total_timesteps      | 9183232      |
| train/                  |              |
|    approx_kl            | 0.0062139896 |
|    clip_fraction        | 0.0678       |
|    clip_range           | 0.2          |
|    entropy_loss         | 1.87         |
|    explained_variance   | 0.95         |
|    learning_rate        | 0.000209     |
|    loss                 | 1.8          |
|    n_updates            | 2350         |
|    policy_gradient_loss | -0.000737    |
|    std                  | 0.0953       |
|    value_loss           | 4.5          |
------------------------------------------
-----------------------------------------
| rollout/                |             |
|    ep_len_mean          | 2e+03       |
|    ep_rew_mean          | 3.45e+03    |
| time/                   |             |
|    fps                  | 2363        |
|    iterations           | 237         |
|    time_elapsed         | 3901        |
|    total_timesteps      | 9222144     |
| train/                  |             |
|    approx_kl            | 0.005197858 |
|    clip_fraction        | 0.0664      |
|    clip_range           | 0.2         |
|    entropy_loss         | 1.85        |
|    explained_variance   | 0.945       |
|    learning_rate        | 0.000208    |
|    loss                 | 3.2         |
|    n_updates            | 2360        |
|    policy_gradient_loss | -0.000226   |
|    std                  | 0.0963      |
|    value_loss           | 4.57        |
-----------------------------------------
-----------------------------------------
| rollout/                |             |
|    ep_len_mean          | 2e+03       |
|    ep_rew_mean          | 3.44e+03    |
| time/                   |             |
|    fps                  | 2370        |
|    iterations           | 238         |
|    time_elapsed         | 3907        |
|    total_timesteps      | 9261056     |
| train/                  |             |
|    approx_kl            | 0.004916443 |
|    clip_fraction        | 0.058       |
|    clip_range           | 0.2         |
|    entropy_loss         | 1.85        |
|    explained_variance   | 0.961       |
|    learning_rate        | 0.000208    |
|    loss                 | 1.76        |
|    n_updates            | 2370        |
|    policy_gradient_loss | -2.18e-05   |
|    std                  | 0.096       |
|    value_loss           | 4.35        |
-----------------------------------------
-----------------------------------------
| rollout/                |             |
|    ep_len_mean          | 2e+03       |
|    ep_rew_mean          | 3.45e+03    |
| time/                   |             |
|    fps                  | 2376        |
|    iterations           | 239         |
|    time_elapsed         | 3912        |
|    total_timesteps      | 9299968     |
| train/                  |             |
|    approx_kl            | 0.006178137 |
|    clip_fraction        | 0.0676      |
|    clip_range           | 0.2         |
|    entropy_loss         | 1.84        |
|    explained_variance   | 0.964       |
|    learning_rate        | 0.000207    |
|    loss                 | 2.21        |
|    n_updates            | 2380        |
|    policy_gradient_loss | -0.000624   |
|    std                  | 0.0969      |
|    value_loss           | 3.25        |
-----------------------------------------
Eval num_timesteps=9310000, episode_reward=2713.42 +/- 1227.86
Episode length: 1690.75 +/- 632.66
-----------------------------------------
| eval/                   |             |
|    mean_ep_length       | 1.69e+03    |
|    mean_reward          | 2.71e+03    |
| time/                   |             |
|    total_timesteps      | 9310000     |
| train/                  |             |
|    approx_kl            | 0.004095768 |
|    clip_fraction        | 0.0572      |
|    clip_range           | 0.2         |
|    entropy_loss         | 1.83        |
|    explained_variance   | 0.958       |
|    learning_rate        | 0.000207    |
|    loss                 | 1.64        |
|    n_updates            | 2390        |
|    policy_gradient_loss | -0.000349   |
|    std                  | 0.097       |
|    value_loss           | 3.57        |
-----------------------------------------
---------------------------------
| rollout/           |          |
|    ep_len_mean     | 2e+03    |
|    ep_rew_mean     | 3.44e+03 |
| time/              |          |
|    fps             | 2372     |
|    iterations      | 240      |
|    time_elapsed    | 3936     |
|    total_timesteps | 9338880  |
---------------------------------
----------------------------------------
| rollout/                |            |
|    ep_len_mean          | 2e+03      |
|    ep_rew_mean          | 3.45e+03   |
| time/                   |            |
|    fps                  | 2378       |
|    iterations           | 241        |
|    time_elapsed         | 3942       |
|    total_timesteps      | 9377792    |
| train/                  |            |
|    approx_kl            | 0.00594302 |
|    clip_fraction        | 0.0668     |
|    clip_range           | 0.2        |
|    entropy_loss         | 1.82       |
|    explained_variance   | 0.96       |
|    learning_rate        | 0.000207   |
|    loss                 | 1.63       |
|    n_updates            | 2400       |
|    policy_gradient_loss | 0.000305   |
|    std                  | 0.0975     |
|    value_loss           | 3.9        |
----------------------------------------
------------------------------------------
| rollout/                |              |
|    ep_len_mean          | 2e+03        |
|    ep_rew_mean          | 3.45e+03     |
| time/                   |              |
|    fps                  | 2385         |
|    iterations           | 242          |
|    time_elapsed         | 3947         |
|    total_timesteps      | 9416704      |
| train/                  |              |
|    approx_kl            | 0.0054637613 |
|    clip_fraction        | 0.0601       |
|    clip_range           | 0.2          |
|    entropy_loss         | 1.82         |
|    explained_variance   | 0.964        |
|    learning_rate        | 0.000206     |
|    loss                 | 1.68         |
|    n_updates            | 2410         |
|    policy_gradient_loss | -0.000544    |
|    std                  | 0.0976       |
|    value_loss           | 3.88         |
------------------------------------------
-----------------------------------------
| rollout/                |             |
|    ep_len_mean          | 2e+03       |
|    ep_rew_mean          | 3.43e+03    |
| time/                   |             |
|    fps                  | 2391        |
|    iterations           | 243         |
|    time_elapsed         | 3953        |
|    total_timesteps      | 9455616     |
| train/                  |             |
|    approx_kl            | 0.005504236 |
|    clip_fraction        | 0.066       |
|    clip_range           | 0.2         |
|    entropy_loss         | 1.81        |
|    explained_variance   | 0.963       |
|    learning_rate        | 0.000206    |
|    loss                 | 1.9         |
|    n_updates            | 2420        |
|    policy_gradient_loss | -0.000396   |
|    std                  | 0.0982      |
|    value_loss           | 3.16        |
-----------------------------------------
------------------------------------------
| rollout/                |              |
|    ep_len_mean          | 2e+03        |
|    ep_rew_mean          | 3.42e+03     |
| time/                   |              |
|    fps                  | 2398         |
|    iterations           | 244          |
|    time_elapsed         | 3959         |
|    total_timesteps      | 9494528      |
| train/                  |              |
|    approx_kl            | 0.0057971166 |
|    clip_fraction        | 0.0606       |
|    clip_range           | 0.2          |
|    entropy_loss         | 1.8          |
|    explained_variance   | 0.954        |
|    learning_rate        | 0.000205     |
|    loss                 | 2.65         |
|    n_updates            | 2430         |
|    policy_gradient_loss | 0.000467     |
|    std                  | 0.0984       |
|    value_loss           | 4.61         |
------------------------------------------
Eval num_timesteps=9500000, episode_reward=2716.39 +/- 1242.41
Episode length: 1688.95 +/- 629.07
-----------------------------------------
| eval/                   |             |
|    mean_ep_length       | 1.69e+03    |
|    mean_reward          | 2.72e+03    |
| time/                   |             |
|    total_timesteps      | 9500000     |
| train/                  |             |
|    approx_kl            | 0.005495866 |
|    clip_fraction        | 0.0718      |
|    clip_range           | 0.2         |
|    entropy_loss         | 1.8         |
|    explained_variance   | 0.962       |
|    learning_rate        | 0.000205    |
|    loss                 | 2.71        |
|    n_updates            | 2440        |
|    policy_gradient_loss | -0.000429   |
|    std                  | 0.0984      |
|    value_loss           | 3.76        |
-----------------------------------------
---------------------------------
| rollout/           |          |
|    ep_len_mean     | 2e+03    |
|    ep_rew_mean     | 3.44e+03 |
| time/              |          |
|    fps             | 2393     |
|    iterations      | 245      |
|    time_elapsed    | 3982     |
|    total_timesteps | 9533440  |
---------------------------------
-----------------------------------------
| rollout/                |             |
|    ep_len_mean          | 2e+03       |
|    ep_rew_mean          | 3.44e+03    |
| time/                   |             |
|    fps                  | 2400        |
|    iterations           | 246         |
|    time_elapsed         | 3988        |
|    total_timesteps      | 9572352     |
| train/                  |             |
|    approx_kl            | 0.005360687 |
|    clip_fraction        | 0.0617      |
|    clip_range           | 0.2         |
|    entropy_loss         | 1.81        |
|    explained_variance   | 0.958       |
|    learning_rate        | 0.000205    |
|    loss                 | 1.44        |
|    n_updates            | 2450        |
|    policy_gradient_loss | 0.000223    |
|    std                  | 0.098       |
|    value_loss           | 3.39        |
-----------------------------------------
-----------------------------------------
| rollout/                |             |
|    ep_len_mean          | 2e+03       |
|    ep_rew_mean          | 3.43e+03    |
| time/                   |             |
|    fps                  | 2406        |
|    iterations           | 247         |
|    time_elapsed         | 3994        |
|    total_timesteps      | 9611264     |
| train/                  |             |
|    approx_kl            | 0.005872222 |
|    clip_fraction        | 0.0566      |
|    clip_range           | 0.2         |
|    entropy_loss         | 1.81        |
|    explained_variance   | 0.951       |
|    learning_rate        | 0.000204    |
|    loss                 | 2.07        |
|    n_updates            | 2460        |
|    policy_gradient_loss | -0.000362   |
|    std                  | 0.0982      |
|    value_loss           | 4.85        |
-----------------------------------------
-----------------------------------------
| rollout/                |             |
|    ep_len_mean          | 2e+03       |
|    ep_rew_mean          | 3.44e+03    |
| time/                   |             |
|    fps                  | 2412        |
|    iterations           | 248         |
|    time_elapsed         | 3999        |
|    total_timesteps      | 9650176     |
| train/                  |             |
|    approx_kl            | 0.005131473 |
|    clip_fraction        | 0.0575      |
|    clip_range           | 0.2         |
|    entropy_loss         | 1.8         |
|    explained_variance   | 0.957       |
|    learning_rate        | 0.000204    |
|    loss                 | 2.61        |
|    n_updates            | 2470        |
|    policy_gradient_loss | -0.000219   |
|    std                  | 0.0987      |
|    value_loss           | 4.63        |
-----------------------------------------
-----------------------------------------
| rollout/                |             |
|    ep_len_mean          | 2e+03       |
|    ep_rew_mean          | 3.44e+03    |
| time/                   |             |
|    fps                  | 2418        |
|    iterations           | 249         |
|    time_elapsed         | 4005        |
|    total_timesteps      | 9689088     |
| train/                  |             |
|    approx_kl            | 0.005278719 |
|    clip_fraction        | 0.062       |
|    clip_range           | 0.2         |
|    entropy_loss         | 1.8         |
|    explained_variance   | 0.956       |
|    learning_rate        | 0.000203    |
|    loss                 | 2.43        |
|    n_updates            | 2480        |
|    policy_gradient_loss | -0.000572   |
|    std                  | 0.0984      |
|    value_loss           | 4.38        |
-----------------------------------------
Eval num_timesteps=9690000, episode_reward=2708.63 +/- 1286.77
Episode length: 1661.40 +/- 677.67
------------------------------------------
| eval/                   |              |
|    mean_ep_length       | 1.66e+03     |
|    mean_reward          | 2.71e+03     |
| time/                   |              |
|    total_timesteps      | 9690000      |
| train/                  |              |
|    approx_kl            | 0.0048197815 |
|    clip_fraction        | 0.0578       |
|    clip_range           | 0.2          |
|    entropy_loss         | 1.79         |
|    explained_variance   | 0.947        |
|    learning_rate        | 0.000203     |
|    loss                 | 1.7          |
|    n_updates            | 2490         |
|    policy_gradient_loss | -0.000786    |
|    std                  | 0.0991       |
|    value_loss           | 5.67         |
------------------------------------------
---------------------------------
| rollout/           |          |
|    ep_len_mean     | 2e+03    |
|    ep_rew_mean     | 3.42e+03 |
| time/              |          |
|    fps             | 2414     |
|    iterations      | 250      |
|    time_elapsed    | 4028     |
|    total_timesteps | 9728000  |
---------------------------------
------------------------------------------
| rollout/                |              |
|    ep_len_mean          | 2e+03        |
|    ep_rew_mean          | 3.42e+03     |
| time/                   |              |
|    fps                  | 2420         |
|    iterations           | 251          |
|    time_elapsed         | 4034         |
|    total_timesteps      | 9766912      |
| train/                  |              |
|    approx_kl            | 0.0057742344 |
|    clip_fraction        | 0.0643       |
|    clip_range           | 0.2          |
|    entropy_loss         | 1.79         |
|    explained_variance   | 0.963        |
|    learning_rate        | 0.000203     |
|    loss                 | 2.34         |
|    n_updates            | 2500         |
|    policy_gradient_loss | -0.000312    |
|    std                  | 0.0985       |
|    value_loss           | 4.4          |
------------------------------------------
------------------------------------------
| rollout/                |              |
|    ep_len_mean          | 2e+03        |
|    ep_rew_mean          | 3.43e+03     |
| time/                   |              |
|    fps                  | 2427         |
|    iterations           | 252          |
|    time_elapsed         | 4040         |
|    total_timesteps      | 9805824      |
| train/                  |              |
|    approx_kl            | 0.0060298033 |
|    clip_fraction        | 0.072        |
|    clip_range           | 0.2          |
|    entropy_loss         | 1.8          |
|    explained_variance   | 0.947        |
|    learning_rate        | 0.000202     |
|    loss                 | 3.08         |
|    n_updates            | 2510         |
|    policy_gradient_loss | -0.000534    |
|    std                  | 0.0981       |
|    value_loss           | 4.46         |
------------------------------------------
------------------------------------------
| rollout/                |              |
|    ep_len_mean          | 2e+03        |
|    ep_rew_mean          | 3.43e+03     |
| time/                   |              |
|    fps                  | 2433         |
|    iterations           | 253          |
|    time_elapsed         | 4045         |
|    total_timesteps      | 9844736      |
| train/                  |              |
|    approx_kl            | 0.0065486687 |
|    clip_fraction        | 0.0626       |
|    clip_range           | 0.2          |
|    entropy_loss         | 1.8          |
|    explained_variance   | 0.944        |
|    learning_rate        | 0.000202     |
|    loss                 | 0.891        |
|    n_updates            | 2520         |
|    policy_gradient_loss | -0.000327    |
|    std                  | 0.0983       |
|    value_loss           | 4.86         |
------------------------------------------
Eval num_timesteps=9880000, episode_reward=2718.61 +/- 1260.37
Episode length: 1672.90 +/- 654.98
-----------------------------------------
| eval/                   |             |
|    mean_ep_length       | 1.67e+03    |
|    mean_reward          | 2.72e+03    |
| time/                   |             |
|    total_timesteps      | 9880000     |
| train/                  |             |
|    approx_kl            | 0.006191806 |
|    clip_fraction        | 0.0539      |
|    clip_range           | 0.2         |
|    entropy_loss         | 1.8         |
|    explained_variance   | 0.931       |
|    learning_rate        | 0.000202    |
|    loss                 | 1.52        |
|    n_updates            | 2530        |
|    policy_gradient_loss | -0.000196   |
|    std                  | 0.0988      |
|    value_loss           | 5.37        |
-----------------------------------------
---------------------------------
| rollout/           |          |
|    ep_len_mean     | 2e+03    |
|    ep_rew_mean     | 3.43e+03 |
| time/              |          |
|    fps             | 2428     |
|    iterations      | 254      |
|    time_elapsed    | 4069     |
|    total_timesteps | 9883648  |
---------------------------------
-----------------------------------------
| rollout/                |             |
|    ep_len_mean          | 2e+03       |
|    ep_rew_mean          | 3.4e+03     |
| time/                   |             |
|    fps                  | 2435        |
|    iterations           | 255         |
|    time_elapsed         | 4074        |
|    total_timesteps      | 9922560     |
| train/                  |             |
|    approx_kl            | 0.005648724 |
|    clip_fraction        | 0.0712      |
|    clip_range           | 0.2         |
|    entropy_loss         | 1.79        |
|    explained_variance   | 0.95        |
|    learning_rate        | 0.000201    |
|    loss                 | 2.54        |
|    n_updates            | 2540        |
|    policy_gradient_loss | 1.41e-05    |
|    std                  | 0.099       |
|    value_loss           | 5.81        |
-----------------------------------------
-----------------------------------------
| rollout/                |             |
|    ep_len_mean          | 2e+03       |
|    ep_rew_mean          | 3.39e+03    |
| time/                   |             |
|    fps                  | 2441        |
|    iterations           | 256         |
|    time_elapsed         | 4080        |
|    total_timesteps      | 9961472     |
| train/                  |             |
|    approx_kl            | 0.015926696 |
|    clip_fraction        | 0.0667      |
|    clip_range           | 0.2         |
|    entropy_loss         | 1.79        |
|    explained_variance   | 0.954       |
|    learning_rate        | 0.000201    |
|    loss                 | 2.23        |
|    n_updates            | 2550        |
|    policy_gradient_loss | -0.000866   |
|    std                  | 0.0988      |
|    value_loss           | 4.16        |
-----------------------------------------
-----------------------------------------
| rollout/                |             |
|    ep_len_mean          | 2e+03       |
|    ep_rew_mean          | 3.39e+03    |
| time/                   |             |
|    fps                  | 2447        |
|    iterations           | 257         |
|    time_elapsed         | 4086        |
|    total_timesteps      | 10000384    |
| train/                  |             |
|    approx_kl            | 0.006509741 |
|    clip_fraction        | 0.0691      |
|    clip_range           | 0.2         |
|    entropy_loss         | 1.79        |
|    explained_variance   | 0.967       |
|    learning_rate        | 0.0002      |
|    loss                 | 2.5         |
|    n_updates            | 2560        |
|    policy_gradient_loss | -0.000202   |
|    std                  | 0.099       |
|    value_loss           | 3.05        |
-----------------------------------------
---------------------------------------
| rollout/                |           |
|    ep_len_mean          | 2e+03     |
|    ep_rew_mean          | 3.37e+03  |
| time/                   |           |
|    fps                  | 2453      |
|    iterations           | 258       |
|    time_elapsed         | 4092      |
|    total_timesteps      | 10039296  |
| train/                  |           |
|    approx_kl            | 0.0056812 |
|    clip_fraction        | 0.0656    |
|    clip_range           | 0.2       |
|    entropy_loss         | 1.78      |
|    explained_variance   | 0.954     |
|    learning_rate        | 0.0002    |
|    loss                 | 2.18      |
|    n_updates            | 2570      |
|    policy_gradient_loss | -0.000276 |
|    std                  | 0.0993    |
|    value_loss           | 5.23      |
---------------------------------------
Eval num_timesteps=10070000, episode_reward=2716.56 +/- 1257.54
Episode length: 1677.80 +/- 646.24
-----------------------------------------
| eval/                   |             |
|    mean_ep_length       | 1.68e+03    |
|    mean_reward          | 2.72e+03    |
| time/                   |             |
|    total_timesteps      | 10070000    |
| train/                  |             |
|    approx_kl            | 0.004727589 |
|    clip_fraction        | 0.0588      |
|    clip_range           | 0.2         |
|    entropy_loss         | 1.77        |
|    explained_variance   | 0.964       |
|    learning_rate        | 0.0002      |
|    loss                 | 1.43        |
|    n_updates            | 2580        |
|    policy_gradient_loss | -0.000131   |
|    std                  | 0.1         |
|    value_loss           | 4.12        |
-----------------------------------------
---------------------------------
| rollout/           |          |
|    ep_len_mean     | 2e+03    |
|    ep_rew_mean     | 3.39e+03 |
| time/              |          |
|    fps             | 2448     |
|    iterations      | 259      |
|    time_elapsed    | 4115     |
|    total_timesteps | 10078208 |
---------------------------------
------------------------------------------
| rollout/                |              |
|    ep_len_mean          | 2e+03        |
|    ep_rew_mean          | 3.4e+03      |
| time/                   |              |
|    fps                  | 2454         |
|    iterations           | 260          |
|    time_elapsed         | 4121         |
|    total_timesteps      | 10117120     |
| train/                  |              |
|    approx_kl            | 0.0058394424 |
|    clip_fraction        | 0.0612       |
|    clip_range           | 0.2          |
|    entropy_loss         | 1.77         |
|    explained_variance   | 0.944        |
|    learning_rate        | 0.000199     |
|    loss                 | 2.43         |
|    n_updates            | 2590         |
|    policy_gradient_loss | -0.000782    |
|    std                  | 0.1          |
|    value_loss           | 6.23         |
------------------------------------------
------------------------------------------
| rollout/                |              |
|    ep_len_mean          | 2e+03        |
|    ep_rew_mean          | 3.4e+03      |
| time/                   |              |
|    fps                  | 2461         |
|    iterations           | 261          |
|    time_elapsed         | 4126         |
|    total_timesteps      | 10156032     |
| train/                  |              |
|    approx_kl            | 0.0057866494 |
|    clip_fraction        | 0.0621       |
|    clip_range           | 0.2          |
|    entropy_loss         | 1.78         |
|    explained_variance   | 0.959        |
|    learning_rate        | 0.000199     |
|    loss                 | 3.71         |
|    n_updates            | 2600         |
|    policy_gradient_loss | 5.79e-06     |
|    std                  | 0.0994       |
|    value_loss           | 6.63         |
------------------------------------------
------------------------------------------
| rollout/                |              |
|    ep_len_mean          | 2e+03        |
|    ep_rew_mean          | 3.39e+03     |
| time/                   |              |
|    fps                  | 2467         |
|    iterations           | 262          |
|    time_elapsed         | 4132         |
|    total_timesteps      | 10194944     |
| train/                  |              |
|    approx_kl            | 0.0057687745 |
|    clip_fraction        | 0.0698       |
|    clip_range           | 0.2          |
|    entropy_loss         | 1.77         |
|    explained_variance   | 0.955        |
|    learning_rate        | 0.000198     |
|    loss                 | 2.75         |
|    n_updates            | 2610         |
|    policy_gradient_loss | -8.14e-05    |
|    std                  | 0.0998       |
|    value_loss           | 5.53         |
------------------------------------------
------------------------------------------
| rollout/                |              |
|    ep_len_mean          | 2e+03        |
|    ep_rew_mean          | 3.4e+03      |
| time/                   |              |
|    fps                  | 2472         |
|    iterations           | 263          |
|    time_elapsed         | 4138         |
|    total_timesteps      | 10233856     |
| train/                  |              |
|    approx_kl            | 0.0056589725 |
|    clip_fraction        | 0.0545       |
|    clip_range           | 0.2          |
|    entropy_loss         | 1.77         |
|    explained_variance   | 0.951        |
|    learning_rate        | 0.000198     |
|    loss                 | 1.44         |
|    n_updates            | 2620         |
|    policy_gradient_loss | 0.00058      |
|    std                  | 0.0999       |
|    value_loss           | 4.29         |
------------------------------------------
Eval num_timesteps=10260000, episode_reward=2715.50 +/- 1264.35
Episode length: 1669.15 +/- 661.97
-----------------------------------------
| eval/                   |             |
|    mean_ep_length       | 1.67e+03    |
|    mean_reward          | 2.72e+03    |
| time/                   |             |
|    total_timesteps      | 10260000    |
| train/                  |             |
|    approx_kl            | 0.005450689 |
|    clip_fraction        | 0.0569      |
|    clip_range           | 0.2         |
|    entropy_loss         | 1.77        |
|    explained_variance   | 0.944       |
|    learning_rate        | 0.000198    |
|    loss                 | 3.87        |
|    n_updates            | 2630        |
|    policy_gradient_loss | -0.000112   |
|    std                  | 0.1         |
|    value_loss           | 6.27        |
-----------------------------------------
---------------------------------
| rollout/           |          |
|    ep_len_mean     | 2e+03    |
|    ep_rew_mean     | 3.39e+03 |
| time/              |          |
|    fps             | 2468     |
|    iterations      | 264      |
|    time_elapsed    | 4161     |
|    total_timesteps | 10272768 |
---------------------------------
-----------------------------------------
| rollout/                |             |
|    ep_len_mean          | 2e+03       |
|    ep_rew_mean          | 3.38e+03    |
| time/                   |             |
|    fps                  | 2474        |
|    iterations           | 265         |
|    time_elapsed         | 4167        |
|    total_timesteps      | 10311680    |
| train/                  |             |
|    approx_kl            | 0.005244392 |
|    clip_fraction        | 0.0607      |
|    clip_range           | 0.2         |
|    entropy_loss         | 1.77        |
|    explained_variance   | 0.953       |
|    learning_rate        | 0.000197    |
|    loss                 | 2.4         |
|    n_updates            | 2640        |
|    policy_gradient_loss | -0.000683   |
|    std                  | 0.1         |
|    value_loss           | 6           |
-----------------------------------------
------------------------------------------
| rollout/                |              |
|    ep_len_mean          | 2e+03        |
|    ep_rew_mean          | 3.39e+03     |
| time/                   |              |
|    fps                  | 2480         |
|    iterations           | 266          |
|    time_elapsed         | 4173         |
|    total_timesteps      | 10350592     |
| train/                  |              |
|    approx_kl            | 0.0064906836 |
|    clip_fraction        | 0.0687       |
|    clip_range           | 0.2          |
|    entropy_loss         | 1.77         |
|    explained_variance   | 0.956        |
|    learning_rate        | 0.000197     |
|    loss                 | 3.31         |
|    n_updates            | 2650         |
|    policy_gradient_loss | -0.000437    |
|    std                  | 0.1          |
|    value_loss           | 4.27         |
------------------------------------------
-----------------------------------------
| rollout/                |             |
|    ep_len_mean          | 2e+03       |
|    ep_rew_mean          | 3.37e+03    |
| time/                   |             |
|    fps                  | 2486        |
|    iterations           | 267         |
|    time_elapsed         | 4179        |
|    total_timesteps      | 10389504    |
| train/                  |             |
|    approx_kl            | 0.004967397 |
|    clip_fraction        | 0.0543      |
|    clip_range           | 0.2         |
|    entropy_loss         | 1.77        |
|    explained_variance   | 0.941       |
|    learning_rate        | 0.000196    |
|    loss                 | 2.2         |
|    n_updates            | 2660        |
|    policy_gradient_loss | 3.54e-05    |
|    std                  | 0.1         |
|    value_loss           | 6.68        |
-----------------------------------------
------------------------------------------
| rollout/                |              |
|    ep_len_mean          | 2e+03        |
|    ep_rew_mean          | 3.37e+03     |
| time/                   |              |
|    fps                  | 2491         |
|    iterations           | 268          |
|    time_elapsed         | 4184         |
|    total_timesteps      | 10428416     |
| train/                  |              |
|    approx_kl            | 0.0055196644 |
|    clip_fraction        | 0.0718       |
|    clip_range           | 0.2          |
|    entropy_loss         | 1.77         |
|    explained_variance   | 0.951        |
|    learning_rate        | 0.000196     |
|    loss                 | 1.66         |
|    n_updates            | 2670         |
|    policy_gradient_loss | -0.000533    |
|    std                  | 0.0997       |
|    value_loss           | 5.1          |
------------------------------------------
Eval num_timesteps=10450000, episode_reward=2712.23 +/- 1261.45
Episode length: 1674.90 +/- 651.74
-----------------------------------------
| eval/                   |             |
|    mean_ep_length       | 1.67e+03    |
|    mean_reward          | 2.71e+03    |
| time/                   |             |
|    total_timesteps      | 10450000    |
| train/                  |             |
|    approx_kl            | 0.006374492 |
|    clip_fraction        | 0.0689      |
|    clip_range           | 0.2         |
|    entropy_loss         | 1.77        |
|    explained_variance   | 0.961       |
|    learning_rate        | 0.000196    |
|    loss                 | 4           |
|    n_updates            | 2680        |
|    policy_gradient_loss | -0.000572   |
|    std                  | 0.1         |
|    value_loss           | 5.53        |
-----------------------------------------
---------------------------------
| rollout/           |          |
|    ep_len_mean     | 2e+03    |
|    ep_rew_mean     | 3.37e+03 |
| time/              |          |
|    fps             | 2487     |
|    iterations      | 269      |
|    time_elapsed    | 4207     |
|    total_timesteps | 10467328 |
---------------------------------
------------------------------------------
| rollout/                |              |
|    ep_len_mean          | 2e+03        |
|    ep_rew_mean          | 3.35e+03     |
| time/                   |              |
|    fps                  | 2493         |
|    iterations           | 270          |
|    time_elapsed         | 4213         |
|    total_timesteps      | 10506240     |
| train/                  |              |
|    approx_kl            | 0.0056978483 |
|    clip_fraction        | 0.066        |
|    clip_range           | 0.2          |
|    entropy_loss         | 1.76         |
|    explained_variance   | 0.935        |
|    learning_rate        | 0.000195     |
|    loss                 | 2.76         |
|    n_updates            | 2690         |
|    policy_gradient_loss | -0.000529    |
|    std                  | 0.101        |
|    value_loss           | 5.94         |
------------------------------------------
-----------------------------------------
| rollout/                |             |
|    ep_len_mean          | 2e+03       |
|    ep_rew_mean          | 3.35e+03    |
| time/                   |             |
|    fps                  | 2499        |
|    iterations           | 271         |
|    time_elapsed         | 4219        |
|    total_timesteps      | 10545152    |
| train/                  |             |
|    approx_kl            | 0.005313631 |
|    clip_fraction        | 0.063       |
|    clip_range           | 0.2         |
|    entropy_loss         | 1.74        |
|    explained_variance   | 0.958       |
|    learning_rate        | 0.000195    |
|    loss                 | 1.31        |
|    n_updates            | 2700        |
|    policy_gradient_loss | -0.000573   |
|    std                  | 0.101       |
|    value_loss           | 5.56        |
-----------------------------------------
------------------------------------------
| rollout/                |              |
|    ep_len_mean          | 2e+03        |
|    ep_rew_mean          | 3.34e+03     |
| time/                   |              |
|    fps                  | 2504         |
|    iterations           | 272          |
|    time_elapsed         | 4225         |
|    total_timesteps      | 10584064     |
| train/                  |              |
|    approx_kl            | 0.0053481325 |
|    clip_fraction        | 0.061        |
|    clip_range           | 0.2          |
|    entropy_loss         | 1.74         |
|    explained_variance   | 0.955        |
|    learning_rate        | 0.000195     |
|    loss                 | 3.39         |
|    n_updates            | 2710         |
|    policy_gradient_loss | -0.000289    |
|    std                  | 0.101        |
|    value_loss           | 7.3          |
------------------------------------------
------------------------------------------
| rollout/                |              |
|    ep_len_mean          | 2e+03        |
|    ep_rew_mean          | 3.33e+03     |
| time/                   |              |
|    fps                  | 2510         |
|    iterations           | 273          |
|    time_elapsed         | 4231         |
|    total_timesteps      | 10622976     |
| train/                  |              |
|    approx_kl            | 0.0047177607 |
|    clip_fraction        | 0.0684       |
|    clip_range           | 0.2          |
|    entropy_loss         | 1.76         |
|    explained_variance   | 0.96         |
|    learning_rate        | 0.000194     |
|    loss                 | 3.49         |
|    n_updates            | 2720         |
|    policy_gradient_loss | 2.33e-05     |
|    std                  | 0.1          |
|    value_loss           | 4.11         |
------------------------------------------
Eval num_timesteps=10640000, episode_reward=2857.73 +/- 1122.09
Episode length: 1757.30 +/- 577.78
-----------------------------------------
| eval/                   |             |
|    mean_ep_length       | 1.76e+03    |
|    mean_reward          | 2.86e+03    |
| time/                   |             |
|    total_timesteps      | 10640000    |
| train/                  |             |
|    approx_kl            | 0.005423525 |
|    clip_fraction        | 0.0692      |
|    clip_range           | 0.2         |
|    entropy_loss         | 1.77        |
|    explained_variance   | 0.961       |
|    learning_rate        | 0.000194    |
|    loss                 | 4.22        |
|    n_updates            | 2730        |
|    policy_gradient_loss | -0.000217   |
|    std                  | 0.1         |
|    value_loss           | 4.63        |
-----------------------------------------
New best mean reward!
---------------------------------
| rollout/           |          |
|    ep_len_mean     | 2e+03    |
|    ep_rew_mean     | 3.31e+03 |
| time/              |          |
|    fps             | 2505     |
|    iterations      | 274      |
|    time_elapsed    | 4255     |
|    total_timesteps | 10661888 |
---------------------------------
-----------------------------------------
| rollout/                |             |
|    ep_len_mean          | 2e+03       |
|    ep_rew_mean          | 3.33e+03    |
| time/                   |             |
|    fps                  | 2511        |
|    iterations           | 275         |
|    time_elapsed         | 4260        |
|    total_timesteps      | 10700800    |
| train/                  |             |
|    approx_kl            | 0.004996596 |
|    clip_fraction        | 0.0622      |
|    clip_range           | 0.2         |
|    entropy_loss         | 1.77        |
|    explained_variance   | 0.957       |
|    learning_rate        | 0.000193    |
|    loss                 | 2.14        |
|    n_updates            | 2740        |
|    policy_gradient_loss | -0.000516   |
|    std                  | 0.1         |
|    value_loss           | 5.85        |
-----------------------------------------
------------------------------------------
| rollout/                |              |
|    ep_len_mean          | 2e+03        |
|    ep_rew_mean          | 3.33e+03     |
| time/                   |              |
|    fps                  | 2517         |
|    iterations           | 276          |
|    time_elapsed         | 4266         |
|    total_timesteps      | 10739712     |
| train/                  |              |
|    approx_kl            | 0.0061183865 |
|    clip_fraction        | 0.0725       |
|    clip_range           | 0.2          |
|    entropy_loss         | 1.76         |
|    explained_variance   | 0.953        |
|    learning_rate        | 0.000193     |
|    loss                 | 1.61         |
|    n_updates            | 2750         |
|    policy_gradient_loss | -0.000216    |
|    std                  | 0.1          |
|    value_loss           | 6.41         |
------------------------------------------
-----------------------------------------
| rollout/                |             |
|    ep_len_mean          | 2e+03       |
|    ep_rew_mean          | 3.36e+03    |
| time/                   |             |
|    fps                  | 2522        |
|    iterations           | 277         |
|    time_elapsed         | 4272        |
|    total_timesteps      | 10778624    |
| train/                  |             |
|    approx_kl            | 0.005361054 |
|    clip_fraction        | 0.0551      |
|    clip_range           | 0.2         |
|    entropy_loss         | 1.76        |
|    explained_variance   | 0.955       |
|    learning_rate        | 0.000193    |
|    loss                 | 2.76        |
|    n_updates            | 2760        |
|    policy_gradient_loss | -0.000633   |
|    std                  | 0.1         |
|    value_loss           | 4.96        |
-----------------------------------------
-----------------------------------------
| rollout/                |             |
|    ep_len_mean          | 2e+03       |
|    ep_rew_mean          | 3.36e+03    |
| time/                   |             |
|    fps                  | 2528        |
|    iterations           | 278         |
|    time_elapsed         | 4278        |
|    total_timesteps      | 10817536    |
| train/                  |             |
|    approx_kl            | 0.004969078 |
|    clip_fraction        | 0.0604      |
|    clip_range           | 0.2         |
|    entropy_loss         | 1.76        |
|    explained_variance   | 0.958       |
|    learning_rate        | 0.000192    |
|    loss                 | 4.37        |
|    n_updates            | 2770        |
|    policy_gradient_loss | -6.31e-05   |
|    std                  | 0.1         |
|    value_loss           | 5.7         |
-----------------------------------------
Eval num_timesteps=10830000, episode_reward=2860.26 +/- 1121.59
Episode length: 1757.10 +/- 578.84
-----------------------------------------
| eval/                   |             |
|    mean_ep_length       | 1.76e+03    |
|    mean_reward          | 2.86e+03    |
| time/                   |             |
|    total_timesteps      | 10830000    |
| train/                  |             |
|    approx_kl            | 0.004249416 |
|    clip_fraction        | 0.0473      |
|    clip_range           | 0.2         |
|    entropy_loss         | 1.75        |
|    explained_variance   | 0.952       |
|    learning_rate        | 0.000192    |
|    loss                 | 4.51        |
|    n_updates            | 2780        |
|    policy_gradient_loss | -4.93e-06   |
|    std                  | 0.101       |
|    value_loss           | 7.09        |
-----------------------------------------
New best mean reward!
---------------------------------
| rollout/           |          |
|    ep_len_mean     | 2e+03    |
|    ep_rew_mean     | 3.37e+03 |
| time/              |          |
|    fps             | 2523     |
|    iterations      | 279      |
|    time_elapsed    | 4302     |
|    total_timesteps | 10856448 |
---------------------------------
-----------------------------------------
| rollout/                |             |
|    ep_len_mean          | 2e+03       |
|    ep_rew_mean          | 3.35e+03    |
| time/                   |             |
|    fps                  | 2528        |
|    iterations           | 280         |
|    time_elapsed         | 4308        |
|    total_timesteps      | 10895360    |
| train/                  |             |
|    approx_kl            | 0.005548327 |
|    clip_fraction        | 0.0662      |
|    clip_range           | 0.2         |
|    entropy_loss         | 1.76        |
|    explained_variance   | 0.961       |
|    learning_rate        | 0.000191    |
|    loss                 | 2.11        |
|    n_updates            | 2790        |
|    policy_gradient_loss | -0.000436   |
|    std                  | 0.1         |
|    value_loss           | 5.28        |
-----------------------------------------
-----------------------------------------
| rollout/                |             |
|    ep_len_mean          | 2e+03       |
|    ep_rew_mean          | 3.33e+03    |
| time/                   |             |
|    fps                  | 2534        |
|    iterations           | 281         |
|    time_elapsed         | 4314        |
|    total_timesteps      | 10934272    |
| train/                  |             |
|    approx_kl            | 0.006074324 |
|    clip_fraction        | 0.0613      |
|    clip_range           | 0.2         |
|    entropy_loss         | 1.77        |
|    explained_variance   | 0.962       |
|    learning_rate        | 0.000191    |
|    loss                 | 2.76        |
|    n_updates            | 2800        |
|    policy_gradient_loss | -0.000291   |
|    std                  | 0.0997      |
|    value_loss           | 5.16        |
-----------------------------------------
-----------------------------------------
| rollout/                |             |
|    ep_len_mean          | 2e+03       |
|    ep_rew_mean          | 3.32e+03    |
| time/                   |             |
|    fps                  | 2540        |
|    iterations           | 282         |
|    time_elapsed         | 4320        |
|    total_timesteps      | 10973184    |
| train/                  |             |
|    approx_kl            | 0.006775582 |
|    clip_fraction        | 0.0665      |
|    clip_range           | 0.2         |
|    entropy_loss         | 1.78        |
|    explained_variance   | 0.959       |
|    learning_rate        | 0.000191    |
|    loss                 | 2.41        |
|    n_updates            | 2810        |
|    policy_gradient_loss | 0.000114    |
|    std                  | 0.0994      |
|    value_loss           | 5.25        |
-----------------------------------------
-----------------------------------------
| rollout/                |             |
|    ep_len_mean          | 2e+03       |
|    ep_rew_mean          | 3.3e+03     |
| time/                   |             |
|    fps                  | 2545        |
|    iterations           | 283         |
|    time_elapsed         | 4325        |
|    total_timesteps      | 11012096    |
| train/                  |             |
|    approx_kl            | 0.005492823 |
|    clip_fraction        | 0.0596      |
|    clip_range           | 0.2         |
|    entropy_loss         | 1.78        |
|    explained_variance   | 0.947       |
|    learning_rate        | 0.00019     |
|    loss                 | 3.04        |
|    n_updates            | 2820        |
|    policy_gradient_loss | -0.000347   |
|    std                  | 0.0996      |
|    value_loss           | 7.01        |
-----------------------------------------
Eval num_timesteps=11020000, episode_reward=2869.10 +/- 1121.24
Episode length: 1756.20 +/- 581.28
-----------------------------------------
| eval/                   |             |
|    mean_ep_length       | 1.76e+03    |
|    mean_reward          | 2.87e+03    |
| time/                   |             |
|    total_timesteps      | 11020000    |
| train/                  |             |
|    approx_kl            | 0.005517616 |
|    clip_fraction        | 0.0644      |
|    clip_range           | 0.2         |
|    entropy_loss         | 1.76        |
|    explained_variance   | 0.944       |
|    learning_rate        | 0.00019     |
|    loss                 | 5.99        |
|    n_updates            | 2830        |
|    policy_gradient_loss | -0.00053    |
|    std                  | 0.101       |
|    value_loss           | 7.91        |
-----------------------------------------
New best mean reward!
---------------------------------
| rollout/           |          |
|    ep_len_mean     | 2e+03    |
|    ep_rew_mean     | 3.3e+03  |
| time/              |          |
|    fps             | 2540     |
|    iterations      | 284      |
|    time_elapsed    | 4349     |
|    total_timesteps | 11051008 |
---------------------------------
------------------------------------------
| rollout/                |              |
|    ep_len_mean          | 2e+03        |
|    ep_rew_mean          | 3.31e+03     |
| time/                   |              |
|    fps                  | 2546         |
|    iterations           | 285          |
|    time_elapsed         | 4355         |
|    total_timesteps      | 11089920     |
| train/                  |              |
|    approx_kl            | 0.0075497786 |
|    clip_fraction        | 0.0729       |
|    clip_range           | 0.2          |
|    entropy_loss         | 1.74         |
|    explained_variance   | 0.948        |
|    learning_rate        | 0.000189     |
|    loss                 | 2.59         |
|    n_updates            | 2840         |
|    policy_gradient_loss | -0.000989    |
|    std                  | 0.102        |
|    value_loss           | 6.9          |
------------------------------------------
------------------------------------------
| rollout/                |              |
|    ep_len_mean          | 2e+03        |
|    ep_rew_mean          | 3.31e+03     |
| time/                   |              |
|    fps                  | 2551         |
|    iterations           | 286          |
|    time_elapsed         | 4361         |
|    total_timesteps      | 11128832     |
| train/                  |              |
|    approx_kl            | 0.0053968565 |
|    clip_fraction        | 0.0615       |
|    clip_range           | 0.2          |
|    entropy_loss         | 1.73         |
|    explained_variance   | 0.953        |
|    learning_rate        | 0.000189     |
|    loss                 | 1.91         |
|    n_updates            | 2850         |
|    policy_gradient_loss | -0.000336    |
|    std                  | 0.102        |
|    value_loss           | 5.93         |
------------------------------------------
-----------------------------------------
| rollout/                |             |
|    ep_len_mean          | 1.99e+03    |
|    ep_rew_mean          | 3.26e+03    |
| time/                   |             |
|    fps                  | 2557        |
|    iterations           | 287         |
|    time_elapsed         | 4367        |
|    total_timesteps      | 11167744    |
| train/                  |             |
|    approx_kl            | 0.005406681 |
|    clip_fraction        | 0.0608      |
|    clip_range           | 0.2         |
|    entropy_loss         | 1.73        |
|    explained_variance   | 0.961       |
|    learning_rate        | 0.000189    |
|    loss                 | 3.89        |
|    n_updates            | 2860        |
|    policy_gradient_loss | -5.1e-05    |
|    std                  | 0.102       |
|    value_loss           | 5.32        |
-----------------------------------------
------------------------------------------
| rollout/                |              |
|    ep_len_mean          | 1.99e+03     |
|    ep_rew_mean          | 3.29e+03     |
| time/                   |              |
|    fps                  | 2562         |
|    iterations           | 288          |
|    time_elapsed         | 4373         |
|    total_timesteps      | 11206656     |
| train/                  |              |
|    approx_kl            | 0.0062464722 |
|    clip_fraction        | 0.0603       |
|    clip_range           | 0.2          |
|    entropy_loss         | 1.72         |
|    explained_variance   | 0.949        |
|    learning_rate        | 0.000188     |
|    loss                 | 4.5          |
|    n_updates            | 2870         |
|    policy_gradient_loss | 0.00259      |
|    std                  | 0.103        |
|    value_loss           | 9.09         |
------------------------------------------
Eval num_timesteps=11210000, episode_reward=2885.54 +/- 1129.20
Episode length: 1756.10 +/- 581.08
-----------------------------------------
| eval/                   |             |
|    mean_ep_length       | 1.76e+03    |
|    mean_reward          | 2.89e+03    |
| time/                   |             |
|    total_timesteps      | 11210000    |
| train/                  |             |
|    approx_kl            | 0.006520144 |
|    clip_fraction        | 0.0698      |
|    clip_range           | 0.2         |
|    entropy_loss         | 1.71        |
|    explained_variance   | 0.957       |
|    learning_rate        | 0.000188    |
|    loss                 | 2.62        |
|    n_updates            | 2880        |
|    policy_gradient_loss | -0.00039    |
|    std                  | 0.103       |
|    value_loss           | 6.05        |
-----------------------------------------
New best mean reward!
---------------------------------
| rollout/           |          |
|    ep_len_mean     | 1.99e+03 |
|    ep_rew_mean     | 3.3e+03  |
| time/              |          |
|    fps             | 2557     |
|    iterations      | 289      |
|    time_elapsed    | 4397     |
|    total_timesteps | 11245568 |
---------------------------------
----------------------------------------
| rollout/                |            |
|    ep_len_mean          | 1.99e+03   |
|    ep_rew_mean          | 3.31e+03   |
| time/                   |            |
|    fps                  | 2562       |
|    iterations           | 290        |
|    time_elapsed         | 4403       |
|    total_timesteps      | 11284480   |
| train/                  |            |
|    approx_kl            | 0.00416128 |
|    clip_fraction        | 0.0495     |
|    clip_range           | 0.2        |
|    entropy_loss         | 1.7        |
|    explained_variance   | 0.952      |
|    learning_rate        | 0.000188   |
|    loss                 | 5.12       |
|    n_updates            | 2890       |
|    policy_gradient_loss | -4.24e-05  |
|    std                  | 0.104      |
|    value_loss           | 7.98       |
----------------------------------------
------------------------------------------
| rollout/                |              |
|    ep_len_mean          | 1.99e+03     |
|    ep_rew_mean          | 3.33e+03     |
| time/                   |              |
|    fps                  | 2568         |
|    iterations           | 291          |
|    time_elapsed         | 4409         |
|    total_timesteps      | 11323392     |
| train/                  |              |
|    approx_kl            | 0.0058263848 |
|    clip_fraction        | 0.0559       |
|    clip_range           | 0.2          |
|    entropy_loss         | 1.69         |
|    explained_variance   | 0.958        |
|    learning_rate        | 0.000187     |
|    loss                 | 5.93         |
|    n_updates            | 2900         |
|    policy_gradient_loss | -0.000433    |
|    std                  | 0.104        |
|    value_loss           | 6.7          |
------------------------------------------
-----------------------------------------
| rollout/                |             |
|    ep_len_mean          | 2e+03       |
|    ep_rew_mean          | 3.37e+03    |
| time/                   |             |
|    fps                  | 2573        |
|    iterations           | 292         |
|    time_elapsed         | 4415        |
|    total_timesteps      | 11362304    |
| train/                  |             |
|    approx_kl            | 0.005587455 |
|    clip_fraction        | 0.0619      |
|    clip_range           | 0.2         |
|    entropy_loss         | 1.7         |
|    explained_variance   | 0.954       |
|    learning_rate        | 0.000187    |
|    loss                 | 3.97        |
|    n_updates            | 2910        |
|    policy_gradient_loss | -0.000397   |
|    std                  | 0.104       |
|    value_loss           | 6.27        |
-----------------------------------------
Eval num_timesteps=11400000, episode_reward=3033.16 +/- 960.45
Episode length: 1845.20 +/- 464.94
------------------------------------------
| eval/                   |              |
|    mean_ep_length       | 1.85e+03     |
|    mean_reward          | 3.03e+03     |
| time/                   |              |
|    total_timesteps      | 11400000     |
| train/                  |              |
|    approx_kl            | 0.0040984605 |
|    clip_fraction        | 0.0503       |
|    clip_range           | 0.2          |
|    entropy_loss         | 1.7          |
|    explained_variance   | 0.947        |
|    learning_rate        | 0.000186     |
|    loss                 | 5.28         |
|    n_updates            | 2920         |
|    policy_gradient_loss | 0.000342     |
|    std                  | 0.104        |
|    value_loss           | 8.59         |
------------------------------------------
New best mean reward!
---------------------------------
| rollout/           |          |
|    ep_len_mean     | 2e+03    |
|    ep_rew_mean     | 3.33e+03 |
| time/              |          |
|    fps             | 2567     |
|    iterations      | 293      |
|    time_elapsed    | 4440     |
|    total_timesteps | 11401216 |
---------------------------------
------------------------------------------
| rollout/                |              |
|    ep_len_mean          | 2e+03        |
|    ep_rew_mean          | 3.32e+03     |
| time/                   |              |
|    fps                  | 2573         |
|    iterations           | 294          |
|    time_elapsed         | 4445         |
|    total_timesteps      | 11440128     |
| train/                  |              |
|    approx_kl            | 0.0053286687 |
|    clip_fraction        | 0.0697       |
|    clip_range           | 0.2          |
|    entropy_loss         | 1.69         |
|    explained_variance   | 0.967        |
|    learning_rate        | 0.000186     |
|    loss                 | 2.68         |
|    n_updates            | 2930         |
|    policy_gradient_loss | -2.64e-05    |
|    std                  | 0.104        |
|    value_loss           | 5.37         |
------------------------------------------
-----------------------------------------
| rollout/                |             |
|    ep_len_mean          | 2e+03       |
|    ep_rew_mean          | 3.31e+03    |
| time/                   |             |
|    fps                  | 2578        |
|    iterations           | 295         |
|    time_elapsed         | 4451        |
|    total_timesteps      | 11479040    |
| train/                  |             |
|    approx_kl            | 0.005553425 |
|    clip_fraction        | 0.0613      |
|    clip_range           | 0.2         |
|    entropy_loss         | 1.68        |
|    explained_variance   | 0.956       |
|    learning_rate        | 0.000186    |
|    loss                 | 1.8         |
|    n_updates            | 2940        |
|    policy_gradient_loss | -0.000857   |
|    std                  | 0.105       |
|    value_loss           | 7.07        |
-----------------------------------------
-----------------------------------------
| rollout/                |             |
|    ep_len_mean          | 2e+03       |
|    ep_rew_mean          | 3.31e+03    |
| time/                   |             |
|    fps                  | 2584        |
|    iterations           | 296         |
|    time_elapsed         | 4457        |
|    total_timesteps      | 11517952    |
| train/                  |             |
|    approx_kl            | 0.006485364 |
|    clip_fraction        | 0.072       |
|    clip_range           | 0.2         |
|    entropy_loss         | 1.67        |
|    explained_variance   | 0.957       |
|    learning_rate        | 0.000185    |
|    loss                 | 3.05        |
|    n_updates            | 2950        |
|    policy_gradient_loss | -0.000333   |
|    std                  | 0.105       |
|    value_loss           | 6.76        |
-----------------------------------------
-----------------------------------------
| rollout/                |             |
|    ep_len_mean          | 2e+03       |
|    ep_rew_mean          | 3.3e+03     |
| time/                   |             |
|    fps                  | 2589        |
|    iterations           | 297         |
|    time_elapsed         | 4463        |
|    total_timesteps      | 11556864    |
| train/                  |             |
|    approx_kl            | 0.006098322 |
|    clip_fraction        | 0.0628      |
|    clip_range           | 0.2         |
|    entropy_loss         | 1.66        |
|    explained_variance   | 0.951       |
|    learning_rate        | 0.000185    |
|    loss                 | 4.6         |
|    n_updates            | 2960        |
|    policy_gradient_loss | -0.000646   |
|    std                  | 0.105       |
|    value_loss           | 7.75        |
-----------------------------------------
Eval num_timesteps=11590000, episode_reward=2860.38 +/- 1145.80
Episode length: 1759.25 +/- 573.62
-----------------------------------------
| eval/                   |             |
|    mean_ep_length       | 1.76e+03    |
|    mean_reward          | 2.86e+03    |
| time/                   |             |
|    total_timesteps      | 11590000    |
| train/                  |             |
|    approx_kl            | 0.004962016 |
|    clip_fraction        | 0.0518      |
|    clip_range           | 0.2         |
|    entropy_loss         | 1.66        |
|    explained_variance   | 0.948       |
|    learning_rate        | 0.000184    |
|    loss                 | 2.61        |
|    n_updates            | 2970        |
|    policy_gradient_loss | 3.28e-05    |
|    std                  | 0.106       |
|    value_loss           | 9.74        |
-----------------------------------------
---------------------------------
| rollout/           |          |
|    ep_len_mean     | 2e+03    |
|    ep_rew_mean     | 3.3e+03  |
| time/              |          |
|    fps             | 2584     |
|    iterations      | 298      |
|    time_elapsed    | 4487     |
|    total_timesteps | 11595776 |
---------------------------------
------------------------------------------
| rollout/                |              |
|    ep_len_mean          | 2e+03        |
|    ep_rew_mean          | 3.28e+03     |
| time/                   |              |
|    fps                  | 2589         |
|    iterations           | 299          |
|    time_elapsed         | 4492         |
|    total_timesteps      | 11634688     |
| train/                  |              |
|    approx_kl            | 0.0058939247 |
|    clip_fraction        | 0.0633       |
|    clip_range           | 0.2          |
|    entropy_loss         | 1.66         |
|    explained_variance   | 0.956        |
|    learning_rate        | 0.000184     |
|    loss                 | 2.24         |
|    n_updates            | 2980         |
|    policy_gradient_loss | -0.00053     |
|    std                  | 0.106        |
|    value_loss           | 6.93         |
------------------------------------------
------------------------------------------
| rollout/                |              |
|    ep_len_mean          | 2e+03        |
|    ep_rew_mean          | 3.27e+03     |
| time/                   |              |
|    fps                  | 2594         |
|    iterations           | 300          |
|    time_elapsed         | 4498         |
|    total_timesteps      | 11673600     |
| train/                  |              |
|    approx_kl            | 0.0047801905 |
|    clip_fraction        | 0.0561       |
|    clip_range           | 0.2          |
|    entropy_loss         | 1.67         |
|    explained_variance   | 0.944        |
|    learning_rate        | 0.000184     |
|    loss                 | 6.84         |
|    n_updates            | 2990         |
|    policy_gradient_loss | -0.000467    |
|    std                  | 0.105        |
|    value_loss           | 9.69         |
------------------------------------------
-----------------------------------------
| rollout/                |             |
|    ep_len_mean          | 2e+03       |
|    ep_rew_mean          | 3.25e+03    |
| time/                   |             |
|    fps                  | 2600        |
|    iterations           | 301         |
|    time_elapsed         | 4504        |
|    total_timesteps      | 11712512    |
| train/                  |             |
|    approx_kl            | 0.005543797 |
|    clip_fraction        | 0.0574      |
|    clip_range           | 0.2         |
|    entropy_loss         | 1.68        |
|    explained_variance   | 0.939       |
|    learning_rate        | 0.000183    |
|    loss                 | 2.76        |
|    n_updates            | 3000        |
|    policy_gradient_loss | -0.000264   |
|    std                  | 0.104       |
|    value_loss           | 9           |
-----------------------------------------
------------------------------------------
| rollout/                |              |
|    ep_len_mean          | 2e+03        |
|    ep_rew_mean          | 3.23e+03     |
| time/                   |              |
|    fps                  | 2605         |
|    iterations           | 302          |
|    time_elapsed         | 4510         |
|    total_timesteps      | 11751424     |
| train/                  |              |
|    approx_kl            | 0.0069654607 |
|    clip_fraction        | 0.0734       |
|    clip_range           | 0.2          |
|    entropy_loss         | 1.69         |
|    explained_variance   | 0.957        |
|    learning_rate        | 0.000183     |
|    loss                 | 1.93         |
|    n_updates            | 3010         |
|    policy_gradient_loss | -0.000487    |
|    std                  | 0.104        |
|    value_loss           | 5.49         |
------------------------------------------
Eval num_timesteps=11780000, episode_reward=3032.37 +/- 983.05
Episode length: 1836.95 +/- 489.17
------------------------------------------
| eval/                   |              |
|    mean_ep_length       | 1.84e+03     |
|    mean_reward          | 3.03e+03     |
| time/                   |              |
|    total_timesteps      | 11780000     |
| train/                  |              |
|    approx_kl            | 0.0054004556 |
|    clip_fraction        | 0.0476       |
|    clip_range           | 0.2          |
|    entropy_loss         | 1.69         |
|    explained_variance   | 0.94         |
|    learning_rate        | 0.000182     |
|    loss                 | 6.25         |
|    n_updates            | 3020         |
|    policy_gradient_loss | -0.00114     |
|    std                  | 0.104        |
|    value_loss           | 13.1         |
------------------------------------------
---------------------------------
| rollout/           |          |
|    ep_len_mean     | 2e+03    |
|    ep_rew_mean     | 3.23e+03 |
| time/              |          |
|    fps             | 2599     |
|    iterations      | 303      |
|    time_elapsed    | 4534     |
|    total_timesteps | 11790336 |
---------------------------------
------------------------------------------
| rollout/                |              |
|    ep_len_mean          | 2e+03        |
|    ep_rew_mean          | 3.23e+03     |
| time/                   |              |
|    fps                  | 2605         |
|    iterations           | 304          |
|    time_elapsed         | 4540         |
|    total_timesteps      | 11829248     |
| train/                  |              |
|    approx_kl            | 0.0058784843 |
|    clip_fraction        | 0.0572       |
|    clip_range           | 0.2          |
|    entropy_loss         | 1.69         |
|    explained_variance   | 0.95         |
|    learning_rate        | 0.000182     |
|    loss                 | 4.73         |
|    n_updates            | 3030         |
|    policy_gradient_loss | 6.91e-05     |
|    std                  | 0.104        |
|    value_loss           | 7.68         |
------------------------------------------
------------------------------------------
| rollout/                |              |
|    ep_len_mean          | 2e+03        |
|    ep_rew_mean          | 3.24e+03     |
| time/                   |              |
|    fps                  | 2610         |
|    iterations           | 305          |
|    time_elapsed         | 4546         |
|    total_timesteps      | 11868160     |
| train/                  |              |
|    approx_kl            | 0.0058078766 |
|    clip_fraction        | 0.0581       |
|    clip_range           | 0.2          |
|    entropy_loss         | 1.7          |
|    explained_variance   | 0.939        |
|    learning_rate        | 0.000182     |
|    loss                 | 5.16         |
|    n_updates            | 3040         |
|    policy_gradient_loss | -0.00052     |
|    std                  | 0.103        |
|    value_loss           | 12.5         |
------------------------------------------
------------------------------------------
| rollout/                |              |
|    ep_len_mean          | 2e+03        |
|    ep_rew_mean          | 3.26e+03     |
| time/                   |              |
|    fps                  | 2615         |
|    iterations           | 306          |
|    time_elapsed         | 4552         |
|    total_timesteps      | 11907072     |
| train/                  |              |
|    approx_kl            | 0.0052479315 |
|    clip_fraction        | 0.0626       |
|    clip_range           | 0.2          |
|    entropy_loss         | 1.71         |
|    explained_variance   | 0.96         |
|    learning_rate        | 0.000181     |
|    loss                 | 2.65         |
|    n_updates            | 3050         |
|    policy_gradient_loss | 6.89e-05     |
|    std                  | 0.103        |
|    value_loss           | 7.03         |
------------------------------------------
------------------------------------------
| rollout/                |              |
|    ep_len_mean          | 2e+03        |
|    ep_rew_mean          | 3.26e+03     |
| time/                   |              |
|    fps                  | 2620         |
|    iterations           | 307          |
|    time_elapsed         | 4558         |
|    total_timesteps      | 11945984     |
| train/                  |              |
|    approx_kl            | 0.0058714123 |
|    clip_fraction        | 0.0623       |
|    clip_range           | 0.2          |
|    entropy_loss         | 1.7          |
|    explained_variance   | 0.952        |
|    learning_rate        | 0.000181     |
|    loss                 | 2.03         |
|    n_updates            | 3060         |
|    policy_gradient_loss | 0.000125     |
|    std                  | 0.103        |
|    value_loss           | 8.66         |
------------------------------------------
Eval num_timesteps=11970000, episode_reward=3199.32 +/- 776.03
Episode length: 1918.05 +/- 357.21
-----------------------------------------
| eval/                   |             |
|    mean_ep_length       | 1.92e+03    |
|    mean_reward          | 3.2e+03     |
| time/                   |             |
|    total_timesteps      | 11970000    |
| train/                  |             |
|    approx_kl            | 0.005732778 |
|    clip_fraction        | 0.0591      |
|    clip_range           | 0.2         |
|    entropy_loss         | 1.7         |
|    explained_variance   | 0.94        |
|    learning_rate        | 0.000181    |
|    loss                 | 9.24        |
|    n_updates            | 3070        |
|    policy_gradient_loss | 7.06e-05    |
|    std                  | 0.104       |
|    value_loss           | 10.3        |
-----------------------------------------
New best mean reward!
---------------------------------
| rollout/           |          |
|    ep_len_mean     | 2e+03    |
|    ep_rew_mean     | 3.26e+03 |
| time/              |          |
|    fps             | 2614     |
|    iterations      | 308      |
|    time_elapsed    | 4583     |
|    total_timesteps | 11984896 |
---------------------------------
-----------------------------------------
| rollout/                |             |
|    ep_len_mean          | 2e+03       |
|    ep_rew_mean          | 3.26e+03    |
| time/                   |             |
|    fps                  | 2619        |
|    iterations           | 309         |
|    time_elapsed         | 4589        |
|    total_timesteps      | 12023808    |
| train/                  |             |
|    approx_kl            | 0.005208639 |
|    clip_fraction        | 0.0666      |
|    clip_range           | 0.2         |
|    entropy_loss         | 1.69        |
|    explained_variance   | 0.961       |
|    learning_rate        | 0.00018     |
|    loss                 | 3.36        |
|    n_updates            | 3080        |
|    policy_gradient_loss | -0.000266   |
|    std                  | 0.104       |
|    value_loss           | 6.71        |
-----------------------------------------
------------------------------------------
| rollout/                |              |
|    ep_len_mean          | 2e+03        |
|    ep_rew_mean          | 3.26e+03     |
| time/                   |              |
|    fps                  | 2625         |
|    iterations           | 310          |
|    time_elapsed         | 4595         |
|    total_timesteps      | 12062720     |
| train/                  |              |
|    approx_kl            | 0.0050329966 |
|    clip_fraction        | 0.0565       |
|    clip_range           | 0.2          |
|    entropy_loss         | 1.69         |
|    explained_variance   | 0.949        |
|    learning_rate        | 0.00018      |
|    loss                 | 3.39         |
|    n_updates            | 3090         |
|    policy_gradient_loss | -0.000631    |
|    std                  | 0.104        |
|    value_loss           | 8.06         |
------------------------------------------
-----------------------------------------
| rollout/                |             |
|    ep_len_mean          | 2e+03       |
|    ep_rew_mean          | 3.28e+03    |
| time/                   |             |
|    fps                  | 2630        |
|    iterations           | 311         |
|    time_elapsed         | 4600        |
|    total_timesteps      | 12101632    |
| train/                  |             |
|    approx_kl            | 0.005039493 |
|    clip_fraction        | 0.0529      |
|    clip_range           | 0.2         |
|    entropy_loss         | 1.68        |
|    explained_variance   | 0.942       |
|    learning_rate        | 0.000179    |
|    loss                 | 4.84        |
|    n_updates            | 3100        |
|    policy_gradient_loss | -0.000287   |
|    std                  | 0.104       |
|    value_loss           | 9.53        |
-----------------------------------------
-----------------------------------------
| rollout/                |             |
|    ep_len_mean          | 2e+03       |
|    ep_rew_mean          | 3.28e+03    |
| time/                   |             |
|    fps                  | 2635        |
|    iterations           | 312         |
|    time_elapsed         | 4606        |
|    total_timesteps      | 12140544    |
| train/                  |             |
|    approx_kl            | 0.005664683 |
|    clip_fraction        | 0.0632      |
|    clip_range           | 0.2         |
|    entropy_loss         | 1.69        |
|    explained_variance   | 0.954       |
|    learning_rate        | 0.000179    |
|    loss                 | 2.4         |
|    n_updates            | 3110        |
|    policy_gradient_loss | -0.000403   |
|    std                  | 0.104       |
|    value_loss           | 5.6         |
-----------------------------------------
Eval num_timesteps=12160000, episode_reward=3044.31 +/- 963.68
Episode length: 1843.30 +/- 470.71
------------------------------------------
| eval/                   |              |
|    mean_ep_length       | 1.84e+03     |
|    mean_reward          | 3.04e+03     |
| time/                   |              |
|    total_timesteps      | 12160000     |
| train/                  |              |
|    approx_kl            | 0.0067501375 |
|    clip_fraction        | 0.0639       |
|    clip_range           | 0.2          |
|    entropy_loss         | 1.67         |
|    explained_variance   | 0.945        |
|    learning_rate        | 0.000179     |
|    loss                 | 5.61         |
|    n_updates            | 3120         |
|    policy_gradient_loss | -0.00054     |
|    std                  | 0.105        |
|    value_loss           | 9.65         |
------------------------------------------
---------------------------------
| rollout/           |          |
|    ep_len_mean     | 2e+03    |
|    ep_rew_mean     | 3.29e+03 |
| time/              |          |
|    fps             | 2629     |
|    iterations      | 313      |
|    time_elapsed    | 4631     |
|    total_timesteps | 12179456 |
---------------------------------
------------------------------------------
| rollout/                |              |
|    ep_len_mean          | 2e+03        |
|    ep_rew_mean          | 3.28e+03     |
| time/                   |              |
|    fps                  | 2634         |
|    iterations           | 314          |
|    time_elapsed         | 4637         |
|    total_timesteps      | 12218368     |
| train/                  |              |
|    approx_kl            | 0.0050334916 |
|    clip_fraction        | 0.0554       |
|    clip_range           | 0.2          |
|    entropy_loss         | 1.66         |
|    explained_variance   | 0.953        |
|    learning_rate        | 0.000178     |
|    loss                 | 3.49         |
|    n_updates            | 3130         |
|    policy_gradient_loss | -0.00073     |
|    std                  | 0.106        |
|    value_loss           | 8.13         |
------------------------------------------
------------------------------------------
| rollout/                |              |
|    ep_len_mean          | 2e+03        |
|    ep_rew_mean          | 3.26e+03     |
| time/                   |              |
|    fps                  | 2639         |
|    iterations           | 315          |
|    time_elapsed         | 4643         |
|    total_timesteps      | 12257280     |
| train/                  |              |
|    approx_kl            | 0.0062440205 |
|    clip_fraction        | 0.0638       |
|    clip_range           | 0.2          |
|    entropy_loss         | 1.66         |
|    explained_variance   | 0.957        |
|    learning_rate        | 0.000178     |
|    loss                 | 2.59         |
|    n_updates            | 3140         |
|    policy_gradient_loss | -0.000112    |
|    std                  | 0.106        |
|    value_loss           | 6.82         |
------------------------------------------
-----------------------------------------
| rollout/                |             |
|    ep_len_mean          | 2e+03       |
|    ep_rew_mean          | 3.25e+03    |
| time/                   |             |
|    fps                  | 2644        |
|    iterations           | 316         |
|    time_elapsed         | 4649        |
|    total_timesteps      | 12296192    |
| train/                  |             |
|    approx_kl            | 0.004990438 |
|    clip_fraction        | 0.0522      |
|    clip_range           | 0.2         |
|    entropy_loss         | 1.66        |
|    explained_variance   | 0.944       |
|    learning_rate        | 0.000177    |
|    loss                 | 4.21        |
|    n_updates            | 3150        |
|    policy_gradient_loss | -0.000427   |
|    std                  | 0.106       |
|    value_loss           | 11.1        |
-----------------------------------------
------------------------------------------
| rollout/                |              |
|    ep_len_mean          | 2e+03        |
|    ep_rew_mean          | 3.22e+03     |
| time/                   |              |
|    fps                  | 2649         |
|    iterations           | 317          |
|    time_elapsed         | 4655         |
|    total_timesteps      | 12335104     |
| train/                  |              |
|    approx_kl            | 0.0059893383 |
|    clip_fraction        | 0.0605       |
|    clip_range           | 0.2          |
|    entropy_loss         | 1.66         |
|    explained_variance   | 0.951        |
|    learning_rate        | 0.000177     |
|    loss                 | 3.88         |
|    n_updates            | 3160         |
|    policy_gradient_loss | -0.000266    |
|    std                  | 0.105        |
|    value_loss           | 11.2         |
------------------------------------------
Eval num_timesteps=12350000, episode_reward=3209.08 +/- 758.64
Episode length: 1918.55 +/- 355.03
-----------------------------------------
| eval/                   |             |
|    mean_ep_length       | 1.92e+03    |
|    mean_reward          | 3.21e+03    |
| time/                   |             |
|    total_timesteps      | 12350000    |
| train/                  |             |
|    approx_kl            | 0.006546118 |
|    clip_fraction        | 0.0691      |
|    clip_range           | 0.2         |
|    entropy_loss         | 1.66        |
|    explained_variance   | 0.927       |
|    learning_rate        | 0.000177    |
|    loss                 | 4.41        |
|    n_updates            | 3170        |
|    policy_gradient_loss | -0.000466   |
|    std                  | 0.106       |
|    value_loss           | 13.1        |
-----------------------------------------
New best mean reward!
---------------------------------
| rollout/           |          |
|    ep_len_mean     | 2e+03    |
|    ep_rew_mean     | 3.21e+03 |
| time/              |          |
|    fps             | 2642     |
|    iterations      | 318      |
|    time_elapsed    | 4682     |
|    total_timesteps | 12374016 |
---------------------------------
-----------------------------------------
| rollout/                |             |
|    ep_len_mean          | 2e+03       |
|    ep_rew_mean          | 3.23e+03    |
| time/                   |             |
|    fps                  | 2647        |
|    iterations           | 319         |
|    time_elapsed         | 4688        |
|    total_timesteps      | 12412928    |
| train/                  |             |
|    approx_kl            | 0.006020894 |
|    clip_fraction        | 0.0645      |
|    clip_range           | 0.2         |
|    entropy_loss         | 1.66        |
|    explained_variance   | 0.951       |
|    learning_rate        | 0.000176    |
|    loss                 | 4           |
|    n_updates            | 3180        |
|    policy_gradient_loss | 0.000368    |
|    std                  | 0.106       |
|    value_loss           | 7.44        |
-----------------------------------------
-----------------------------------------
| rollout/                |             |
|    ep_len_mean          | 2e+03       |
|    ep_rew_mean          | 3.22e+03    |
| time/                   |             |
|    fps                  | 2652        |
|    iterations           | 320         |
|    time_elapsed         | 4694        |
|    total_timesteps      | 12451840    |
| train/                  |             |
|    approx_kl            | 0.006066296 |
|    clip_fraction        | 0.0657      |
|    clip_range           | 0.2         |
|    entropy_loss         | 1.64        |
|    explained_variance   | 0.948       |
|    learning_rate        | 0.000176    |
|    loss                 | 5.33        |
|    n_updates            | 3190        |
|    policy_gradient_loss | -0.000139   |
|    std                  | 0.107       |
|    value_loss           | 9.2         |
-----------------------------------------
------------------------------------------
| rollout/                |              |
|    ep_len_mean          | 1.99e+03     |
|    ep_rew_mean          | 3.19e+03     |
| time/                   |              |
|    fps                  | 2657         |
|    iterations           | 321          |
|    time_elapsed         | 4700         |
|    total_timesteps      | 12490752     |
| train/                  |              |
|    approx_kl            | 0.0065684486 |
|    clip_fraction        | 0.0692       |
|    clip_range           | 0.2          |
|    entropy_loss         | 1.63         |
|    explained_variance   | 0.946        |
|    learning_rate        | 0.000175     |
|    loss                 | 6.07         |
|    n_updates            | 3200         |
|    policy_gradient_loss | -0.00154     |
|    std                  | 0.107        |
|    value_loss           | 12.1         |
------------------------------------------
-----------------------------------------
| rollout/                |             |
|    ep_len_mean          | 1.99e+03    |
|    ep_rew_mean          | 3.21e+03    |
| time/                   |             |
|    fps                  | 2662        |
|    iterations           | 322         |
|    time_elapsed         | 4706        |
|    total_timesteps      | 12529664    |
| train/                  |             |
|    approx_kl            | 0.008363836 |
|    clip_fraction        | 0.0502      |
|    clip_range           | 0.2         |
|    entropy_loss         | 1.62        |
|    explained_variance   | 0.934       |
|    learning_rate        | 0.000175    |
|    loss                 | 6.87        |
|    n_updates            | 3210        |
|    policy_gradient_loss | -0.00123    |
|    std                  | 0.108       |
|    value_loss           | 13          |
-----------------------------------------
Eval num_timesteps=12540000, episode_reward=3190.73 +/- 722.32
Episode length: 1925.85 +/- 323.21
-----------------------------------------
| eval/                   |             |
|    mean_ep_length       | 1.93e+03    |
|    mean_reward          | 3.19e+03    |
| time/                   |             |
|    total_timesteps      | 12540000    |
| train/                  |             |
|    approx_kl            | 0.007457576 |
|    clip_fraction        | 0.0705      |
|    clip_range           | 0.2         |
|    entropy_loss         | 1.61        |
|    explained_variance   | 0.935       |
|    learning_rate        | 0.000175    |
|    loss                 | 7.01        |
|    n_updates            | 3220        |
|    policy_gradient_loss | -0.000154   |
|    std                  | 0.109       |
|    value_loss           | 11.6        |
-----------------------------------------
---------------------------------
| rollout/           |          |
|    ep_len_mean     | 1.99e+03 |
|    ep_rew_mean     | 3.21e+03 |
| time/              |          |
|    fps             | 2656     |
|    iterations      | 323      |
|    time_elapsed    | 4731     |
|    total_timesteps | 12568576 |
---------------------------------
-----------------------------------------
| rollout/                |             |
|    ep_len_mean          | 1.99e+03    |
|    ep_rew_mean          | 3.19e+03    |
| time/                   |             |
|    fps                  | 2661        |
|    iterations           | 324         |
|    time_elapsed         | 4737        |
|    total_timesteps      | 12607488    |
| train/                  |             |
|    approx_kl            | 0.005913934 |
|    clip_fraction        | 0.0735      |
|    clip_range           | 0.2         |
|    entropy_loss         | 1.61        |
|    explained_variance   | 0.954       |
|    learning_rate        | 0.000174    |
|    loss                 | 3.04        |
|    n_updates            | 3230        |
|    policy_gradient_loss | -0.00085    |
|    std                  | 0.108       |
|    value_loss           | 10.6        |
-----------------------------------------
------------------------------------------
| rollout/                |              |
|    ep_len_mean          | 1.98e+03     |
|    ep_rew_mean          | 3.17e+03     |
| time/                   |              |
|    fps                  | 2666         |
|    iterations           | 325          |
|    time_elapsed         | 4743         |
|    total_timesteps      | 12646400     |
| train/                  |              |
|    approx_kl            | 0.0061283405 |
|    clip_fraction        | 0.0672       |
|    clip_range           | 0.2          |
|    entropy_loss         | 1.6          |
|    explained_variance   | 0.949        |
|    learning_rate        | 0.000174     |
|    loss                 | 2.9          |
|    n_updates            | 3240         |
|    policy_gradient_loss | -0.000559    |
|    std                  | 0.109        |
|    value_loss           | 10.9         |
------------------------------------------
------------------------------------------
| rollout/                |              |
|    ep_len_mean          | 1.99e+03     |
|    ep_rew_mean          | 3.22e+03     |
| time/                   |              |
|    fps                  | 2671         |
|    iterations           | 326          |
|    time_elapsed         | 4749         |
|    total_timesteps      | 12685312     |
| train/                  |              |
|    approx_kl            | 0.0054923305 |
|    clip_fraction        | 0.0584       |
|    clip_range           | 0.2          |
|    entropy_loss         | 1.6          |
|    explained_variance   | 0.924        |
|    learning_rate        | 0.000174     |
|    loss                 | 2.53         |
|    n_updates            | 3250         |
|    policy_gradient_loss | -0.000434    |
|    std                  | 0.109        |
|    value_loss           | 13.9         |
------------------------------------------
-----------------------------------------
| rollout/                |             |
|    ep_len_mean          | 1.99e+03    |
|    ep_rew_mean          | 3.2e+03     |
| time/                   |             |
|    fps                  | 2676        |
|    iterations           | 327         |
|    time_elapsed         | 4754        |
|    total_timesteps      | 12724224    |
| train/                  |             |
|    approx_kl            | 0.005844845 |
|    clip_fraction        | 0.0661      |
|    clip_range           | 0.2         |
|    entropy_loss         | 1.59        |
|    explained_variance   | 0.944       |
|    learning_rate        | 0.000173    |
|    loss                 | 2.92        |
|    n_updates            | 3260        |
|    policy_gradient_loss | -0.000226   |
|    std                  | 0.11        |
|    value_loss           | 13          |
-----------------------------------------
Eval num_timesteps=12730000, episode_reward=3296.49 +/- 425.61
Episode length: 2000.00 +/- 0.00
------------------------------------------
| eval/                   |              |
|    mean_ep_length       | 2e+03        |
|    mean_reward          | 3.3e+03      |
| time/                   |              |
|    total_timesteps      | 12730000     |
| train/                  |              |
|    approx_kl            | 0.0054470645 |
|    clip_fraction        | 0.0683       |
|    clip_range           | 0.2          |
|    entropy_loss         | 1.57         |
|    explained_variance   | 0.951        |
|    learning_rate        | 0.000173     |
|    loss                 | 5.3          |
|    n_updates            | 3270         |
|    policy_gradient_loss | -0.000348    |
|    std                  | 0.111        |
|    value_loss           | 8.69         |
------------------------------------------
New best mean reward!
---------------------------------
| rollout/           |          |
|    ep_len_mean     | 1.99e+03 |
|    ep_rew_mean     | 3.18e+03 |
| time/              |          |
|    fps             | 2669     |
|    iterations      | 328      |
|    time_elapsed    | 4781     |
|    total_timesteps | 12763136 |
---------------------------------
-----------------------------------------
| rollout/                |             |
|    ep_len_mean          | 1.99e+03    |
|    ep_rew_mean          | 3.21e+03    |
| time/                   |             |
|    fps                  | 2674        |
|    iterations           | 329         |
|    time_elapsed         | 4786        |
|    total_timesteps      | 12802048    |
| train/                  |             |
|    approx_kl            | 0.005912103 |
|    clip_fraction        | 0.0627      |
|    clip_range           | 0.2         |
|    entropy_loss         | 1.57        |
|    explained_variance   | 0.949       |
|    learning_rate        | 0.000172    |
|    loss                 | 5           |
|    n_updates            | 3280        |
|    policy_gradient_loss | -0.000572   |
|    std                  | 0.111       |
|    value_loss           | 8.14        |
-----------------------------------------
------------------------------------------
| rollout/                |              |
|    ep_len_mean          | 2e+03        |
|    ep_rew_mean          | 3.23e+03     |
| time/                   |              |
|    fps                  | 2679         |
|    iterations           | 330          |
|    time_elapsed         | 4792         |
|    total_timesteps      | 12840960     |
| train/                  |              |
|    approx_kl            | 0.0052473573 |
|    clip_fraction        | 0.0563       |
|    clip_range           | 0.2          |
|    entropy_loss         | 1.55         |
|    explained_variance   | 0.938        |
|    learning_rate        | 0.000172     |
|    loss                 | 10.4         |
|    n_updates            | 3290         |
|    policy_gradient_loss | -0.000431    |
|    std                  | 0.112        |
|    value_loss           | 12           |
------------------------------------------
-----------------------------------------
| rollout/                |             |
|    ep_len_mean          | 2e+03       |
|    ep_rew_mean          | 3.21e+03    |
| time/                   |             |
|    fps                  | 2684        |
|    iterations           | 331         |
|    time_elapsed         | 4798        |
|    total_timesteps      | 12879872    |
| train/                  |             |
|    approx_kl            | 0.006378367 |
|    clip_fraction        | 0.062       |
|    clip_range           | 0.2         |
|    entropy_loss         | 1.55        |
|    explained_variance   | 0.924       |
|    learning_rate        | 0.000172    |
|    loss                 | 8.25        |
|    n_updates            | 3300        |
|    policy_gradient_loss | -0.000234   |
|    std                  | 0.112       |
|    value_loss           | 16          |
-----------------------------------------
------------------------------------------
| rollout/                |              |
|    ep_len_mean          | 2e+03        |
|    ep_rew_mean          | 3.19e+03     |
| time/                   |              |
|    fps                  | 2689         |
|    iterations           | 332          |
|    time_elapsed         | 4804         |
|    total_timesteps      | 12918784     |
| train/                  |              |
|    approx_kl            | 0.0060592196 |
|    clip_fraction        | 0.051        |
|    clip_range           | 0.2          |
|    entropy_loss         | 1.54         |
|    explained_variance   | 0.943        |
|    learning_rate        | 0.000171     |
|    loss                 | 9.26         |
|    n_updates            | 3310         |
|    policy_gradient_loss | -0.000429    |
|    std                  | 0.112        |
|    value_loss           | 13.7         |
------------------------------------------
Eval num_timesteps=12920000, episode_reward=3174.84 +/- 783.60
Episode length: 1918.05 +/- 357.21
-----------------------------------------
| eval/                   |             |
|    mean_ep_length       | 1.92e+03    |
|    mean_reward          | 3.17e+03    |
| time/                   |             |
|    total_timesteps      | 12920000    |
| train/                  |             |
|    approx_kl            | 0.005981975 |
|    clip_fraction        | 0.0696      |
|    clip_range           | 0.2         |
|    entropy_loss         | 1.55        |
|    explained_variance   | 0.942       |
|    learning_rate        | 0.000171    |
|    loss                 | 4.35        |
|    n_updates            | 3320        |
|    policy_gradient_loss | -0.000999   |
|    std                  | 0.111       |
|    value_loss           | 11.5        |
-----------------------------------------
---------------------------------
| rollout/           |          |
|    ep_len_mean     | 2e+03    |
|    ep_rew_mean     | 3.19e+03 |
| time/              |          |
|    fps             | 2682     |
|    iterations      | 333      |
|    time_elapsed    | 4829     |
|    total_timesteps | 12957696 |
---------------------------------
------------------------------------------
| rollout/                |              |
|    ep_len_mean          | 2e+03        |
|    ep_rew_mean          | 3.18e+03     |
| time/                   |              |
|    fps                  | 2687         |
|    iterations           | 334          |
|    time_elapsed         | 4835         |
|    total_timesteps      | 12996608     |
| train/                  |              |
|    approx_kl            | 0.0046151318 |
|    clip_fraction        | 0.0661       |
|    clip_range           | 0.2          |
|    entropy_loss         | 1.55         |
|    explained_variance   | 0.939        |
|    learning_rate        | 0.00017      |
|    loss                 | 4.32         |
|    n_updates            | 3330         |
|    policy_gradient_loss | -0.000387    |
|    std                  | 0.111        |
|    value_loss           | 11.7         |
------------------------------------------
------------------------------------------
| rollout/                |              |
|    ep_len_mean          | 2e+03        |
|    ep_rew_mean          | 3.19e+03     |
| time/                   |              |
|    fps                  | 2692         |
|    iterations           | 335          |
|    time_elapsed         | 4841         |
|    total_timesteps      | 13035520     |
| train/                  |              |
|    approx_kl            | 0.0070136376 |
|    clip_fraction        | 0.0674       |
|    clip_range           | 0.2          |
|    entropy_loss         | 1.54         |
|    explained_variance   | 0.949        |
|    learning_rate        | 0.00017      |
|    loss                 | 5.21         |
|    n_updates            | 3340         |
|    policy_gradient_loss | -0.00022     |
|    std                  | 0.112        |
|    value_loss           | 9.04         |
------------------------------------------
-----------------------------------------
| rollout/                |             |
|    ep_len_mean          | 2e+03       |
|    ep_rew_mean          | 3.21e+03    |
| time/                   |             |
|    fps                  | 2697        |
|    iterations           | 336         |
|    time_elapsed         | 4847        |
|    total_timesteps      | 13074432    |
| train/                  |             |
|    approx_kl            | 0.005154874 |
|    clip_fraction        | 0.0648      |
|    clip_range           | 0.2         |
|    entropy_loss         | 1.52        |
|    explained_variance   | 0.932       |
|    learning_rate        | 0.00017     |
|    loss                 | 4.43        |
|    n_updates            | 3350        |
|    policy_gradient_loss | -0.00115    |
|    std                  | 0.113       |
|    value_loss           | 12.4        |
-----------------------------------------
Eval num_timesteps=13110000, episode_reward=3319.96 +/- 398.65
Episode length: 2000.00 +/- 0.00
------------------------------------------
| eval/                   |              |
|    mean_ep_length       | 2e+03        |
|    mean_reward          | 3.32e+03     |
| time/                   |              |
|    total_timesteps      | 13110000     |
| train/                  |              |
|    approx_kl            | 0.0060884273 |
|    clip_fraction        | 0.0634       |
|    clip_range           | 0.2          |
|    entropy_loss         | 1.52         |
|    explained_variance   | 0.952        |
|    learning_rate        | 0.000169     |
|    loss                 | 4.33         |
|    n_updates            | 3360         |
|    policy_gradient_loss | -0.000395    |
|    std                  | 0.113        |
|    value_loss           | 9.2          |
------------------------------------------
New best mean reward!
---------------------------------
| rollout/           |          |
|    ep_len_mean     | 2e+03    |
|    ep_rew_mean     | 3.21e+03 |
| time/              |          |
|    fps             | 2690     |
|    iterations      | 337      |
|    time_elapsed    | 4873     |
|    total_timesteps | 13113344 |
---------------------------------
-----------------------------------------
| rollout/                |             |
|    ep_len_mean          | 2e+03       |
|    ep_rew_mean          | 3.23e+03    |
| time/                   |             |
|    fps                  | 2695        |
|    iterations           | 338         |
|    time_elapsed         | 4879        |
|    total_timesteps      | 13152256    |
| train/                  |             |
|    approx_kl            | 0.006557747 |
|    clip_fraction        | 0.0649      |
|    clip_range           | 0.2         |
|    entropy_loss         | 1.52        |
|    explained_variance   | 0.945       |
|    learning_rate        | 0.000169    |
|    loss                 | 12          |
|    n_updates            | 3370        |
|    policy_gradient_loss | -0.000638   |
|    std                  | 0.113       |
|    value_loss           | 13.5        |
-----------------------------------------
------------------------------------------
| rollout/                |              |
|    ep_len_mean          | 2e+03        |
|    ep_rew_mean          | 3.23e+03     |
| time/                   |              |
|    fps                  | 2700         |
|    iterations           | 339          |
|    time_elapsed         | 4884         |
|    total_timesteps      | 13191168     |
| train/                  |              |
|    approx_kl            | 0.0048929285 |
|    clip_fraction        | 0.0647       |
|    clip_range           | 0.2          |
|    entropy_loss         | 1.52         |
|    explained_variance   | 0.947        |
|    learning_rate        | 0.000168     |
|    loss                 | 3.48         |
|    n_updates            | 3380         |
|    policy_gradient_loss | 0.000435     |
|    std                  | 0.113        |
|    value_loss           | 14.2         |
------------------------------------------
-----------------------------------------
| rollout/                |             |
|    ep_len_mean          | 2e+03       |
|    ep_rew_mean          | 3.23e+03    |
| time/                   |             |
|    fps                  | 2705        |
|    iterations           | 340         |
|    time_elapsed         | 4890        |
|    total_timesteps      | 13230080    |
| train/                  |             |
|    approx_kl            | 0.006242177 |
|    clip_fraction        | 0.0701      |
|    clip_range           | 0.2         |
|    entropy_loss         | 1.52        |
|    explained_variance   | 0.95        |
|    learning_rate        | 0.000168    |
|    loss                 | 6.32        |
|    n_updates            | 3390        |
|    policy_gradient_loss | -0.000357   |
|    std                  | 0.113       |
|    value_loss           | 11.9        |
-----------------------------------------
-----------------------------------------
| rollout/                |             |
|    ep_len_mean          | 2e+03       |
|    ep_rew_mean          | 3.24e+03    |
| time/                   |             |
|    fps                  | 2709        |
|    iterations           | 341         |
|    time_elapsed         | 4896        |
|    total_timesteps      | 13268992    |
| train/                  |             |
|    approx_kl            | 0.005337405 |
|    clip_fraction        | 0.0589      |
|    clip_range           | 0.2         |
|    entropy_loss         | 1.52        |
|    explained_variance   | 0.95        |
|    learning_rate        | 0.000168    |
|    loss                 | 5.7         |
|    n_updates            | 3400        |
|    policy_gradient_loss | -0.000318   |
|    std                  | 0.113       |
|    value_loss           | 11.1        |
-----------------------------------------
Eval num_timesteps=13300000, episode_reward=3341.73 +/- 383.23
Episode length: 2000.00 +/- 0.00
------------------------------------------
| eval/                   |              |
|    mean_ep_length       | 2e+03        |
|    mean_reward          | 3.34e+03     |
| time/                   |              |
|    total_timesteps      | 13300000     |
| train/                  |              |
|    approx_kl            | 0.0048378776 |
|    clip_fraction        | 0.0624       |
|    clip_range           | 0.2          |
|    entropy_loss         | 1.52         |
|    explained_variance   | 0.941        |
|    learning_rate        | 0.000167     |
|    loss                 | 4.11         |
|    n_updates            | 3410         |
|    policy_gradient_loss | -0.000564    |
|    std                  | 0.113        |
|    value_loss           | 10.9         |
------------------------------------------
New best mean reward!
---------------------------------
| rollout/           |          |
|    ep_len_mean     | 2e+03    |
|    ep_rew_mean     | 3.25e+03 |
| time/              |          |
|    fps             | 2703     |
|    iterations      | 342      |
|    time_elapsed    | 4922     |
|    total_timesteps | 13307904 |
---------------------------------
------------------------------------------
| rollout/                |              |
|    ep_len_mean          | 2e+03        |
|    ep_rew_mean          | 3.25e+03     |
| time/                   |              |
|    fps                  | 2708         |
|    iterations           | 343          |
|    time_elapsed         | 4928         |
|    total_timesteps      | 13346816     |
| train/                  |              |
|    approx_kl            | 0.0053514405 |
|    clip_fraction        | 0.073        |
|    clip_range           | 0.2          |
|    entropy_loss         | 1.52         |
|    explained_variance   | 0.94         |
|    learning_rate        | 0.000167     |
|    loss                 | 4.06         |
|    n_updates            | 3420         |
|    policy_gradient_loss | -0.000296    |
|    std                  | 0.114        |
|    value_loss           | 12           |
------------------------------------------
------------------------------------------
| rollout/                |              |
|    ep_len_mean          | 2e+03        |
|    ep_rew_mean          | 3.25e+03     |
| time/                   |              |
|    fps                  | 2712         |
|    iterations           | 344          |
|    time_elapsed         | 4934         |
|    total_timesteps      | 13385728     |
| train/                  |              |
|    approx_kl            | 0.0053758076 |
|    clip_fraction        | 0.0512       |
|    clip_range           | 0.2          |
|    entropy_loss         | 1.51         |
|    explained_variance   | 0.949        |
|    learning_rate        | 0.000167     |
|    loss                 | 2.65         |
|    n_updates            | 3430         |
|    policy_gradient_loss | -0.000265    |
|    std                  | 0.114        |
|    value_loss           | 10.8         |
------------------------------------------
-----------------------------------------
| rollout/                |             |
|    ep_len_mean          | 1.99e+03    |
|    ep_rew_mean          | 3.22e+03    |
| time/                   |             |
|    fps                  | 2717        |
|    iterations           | 345         |
|    time_elapsed         | 4940        |
|    total_timesteps      | 13424640    |
| train/                  |             |
|    approx_kl            | 0.005803351 |
|    clip_fraction        | 0.0517      |
|    clip_range           | 0.2         |
|    entropy_loss         | 1.5         |
|    explained_variance   | 0.947       |
|    learning_rate        | 0.000166    |
|    loss                 | 7.85        |
|    n_updates            | 3440        |
|    policy_gradient_loss | -0.000352   |
|    std                  | 0.114       |
|    value_loss           | 13.2        |
-----------------------------------------
------------------------------------------
| rollout/                |              |
|    ep_len_mean          | 1.99e+03     |
|    ep_rew_mean          | 3.2e+03      |
| time/                   |              |
|    fps                  | 2721         |
|    iterations           | 346          |
|    time_elapsed         | 4946         |
|    total_timesteps      | 13463552     |
| train/                  |              |
|    approx_kl            | 0.0045336974 |
|    clip_fraction        | 0.0577       |
|    clip_range           | 0.2          |
|    entropy_loss         | 1.49         |
|    explained_variance   | 0.943        |
|    learning_rate        | 0.000166     |
|    loss                 | 7.6          |
|    n_updates            | 3450         |
|    policy_gradient_loss | -0.000156    |
|    std                  | 0.115        |
|    value_loss           | 11.2         |
------------------------------------------
Eval num_timesteps=13490000, episode_reward=3201.71 +/- 717.33
Episode length: 1926.50 +/- 320.38
---------------------------------------
| eval/                   |           |
|    mean_ep_length       | 1.93e+03  |
|    mean_reward          | 3.2e+03   |
| time/                   |           |
|    total_timesteps      | 13490000  |
| train/                  |           |
|    approx_kl            | 0.0060151 |
|    clip_fraction        | 0.0594    |
|    clip_range           | 0.2       |
|    entropy_loss         | 1.48      |
|    explained_variance   | 0.919     |
|    learning_rate        | 0.000165  |
|    loss                 | 7.78      |
|    n_updates            | 3460      |
|    policy_gradient_loss | -0.000856 |
|    std                  | 0.116     |
|    value_loss           | 15.7      |
---------------------------------------
---------------------------------
| rollout/           |          |
|    ep_len_mean     | 1.99e+03 |
|    ep_rew_mean     | 3.17e+03 |
| time/              |          |
|    fps             | 2715     |
|    iterations      | 347      |
|    time_elapsed    | 4972     |
|    total_timesteps | 13502464 |
---------------------------------
------------------------------------------
| rollout/                |              |
|    ep_len_mean          | 1.99e+03     |
|    ep_rew_mean          | 3.18e+03     |
| time/                   |              |
|    fps                  | 2720         |
|    iterations           | 348          |
|    time_elapsed         | 4977         |
|    total_timesteps      | 13541376     |
| train/                  |              |
|    approx_kl            | 0.0058353855 |
|    clip_fraction        | 0.0704       |
|    clip_range           | 0.2          |
|    entropy_loss         | 1.48         |
|    explained_variance   | 0.919        |
|    learning_rate        | 0.000165     |
|    loss                 | 6.01         |
|    n_updates            | 3470         |
|    policy_gradient_loss | -0.00139     |
|    std                  | 0.115        |
|    value_loss           | 12.2         |
------------------------------------------
-----------------------------------------
| rollout/                |             |
|    ep_len_mean          | 1.99e+03    |
|    ep_rew_mean          | 3.17e+03    |
| time/                   |             |
|    fps                  | 2724        |
|    iterations           | 349         |
|    time_elapsed         | 4983        |
|    total_timesteps      | 13580288    |
| train/                  |             |
|    approx_kl            | 0.004544443 |
|    clip_fraction        | 0.0471      |
|    clip_range           | 0.2         |
|    entropy_loss         | 1.47        |
|    explained_variance   | 0.918       |
|    learning_rate        | 0.000165    |
|    loss                 | 10.4        |
|    n_updates            | 3480        |
|    policy_gradient_loss | -0.00042    |
|    std                  | 0.116       |
|    value_loss           | 18.6        |
-----------------------------------------
------------------------------------------
| rollout/                |              |
|    ep_len_mean          | 2e+03        |
|    ep_rew_mean          | 3.16e+03     |
| time/                   |              |
|    fps                  | 2729         |
|    iterations           | 350          |
|    time_elapsed         | 4989         |
|    total_timesteps      | 13619200     |
| train/                  |              |
|    approx_kl            | 0.0062042903 |
|    clip_fraction        | 0.0533       |
|    clip_range           | 0.2          |
|    entropy_loss         | 1.48         |
|    explained_variance   | 0.926        |
|    learning_rate        | 0.000164     |
|    loss                 | 5.98         |
|    n_updates            | 3490         |
|    policy_gradient_loss | -5.92e-05    |
|    std                  | 0.115        |
|    value_loss           | 16.8         |
------------------------------------------
------------------------------------------
| rollout/                |              |
|    ep_len_mean          | 2e+03        |
|    ep_rew_mean          | 3.15e+03     |
| time/                   |              |
|    fps                  | 2734         |
|    iterations           | 351          |
|    time_elapsed         | 4995         |
|    total_timesteps      | 13658112     |
| train/                  |              |
|    approx_kl            | 0.0068221735 |
|    clip_fraction        | 0.0621       |
|    clip_range           | 0.2          |
|    entropy_loss         | 1.48         |
|    explained_variance   | 0.936        |
|    learning_rate        | 0.000164     |
|    loss                 | 9.32         |
|    n_updates            | 3500         |
|    policy_gradient_loss | -0.001       |
|    std                  | 0.116        |
|    value_loss           | 14.9         |
------------------------------------------
Eval num_timesteps=13680000, episode_reward=3334.96 +/- 377.15
Episode length: 2000.00 +/- 0.00
----------------------------------------
| eval/                   |            |
|    mean_ep_length       | 2e+03      |
|    mean_reward          | 3.33e+03   |
| time/                   |            |
|    total_timesteps      | 13680000   |
| train/                  |            |
|    approx_kl            | 0.00607832 |
|    clip_fraction        | 0.0802     |
|    clip_range           | 0.2        |
|    entropy_loss         | 1.46       |
|    explained_variance   | 0.937      |
|    learning_rate        | 0.000163   |
|    loss                 | 4.36       |
|    n_updates            | 3510       |
|    policy_gradient_loss | -0.000105  |
|    std                  | 0.116      |
|    value_loss           | 7.32       |
----------------------------------------
---------------------------------
| rollout/           |          |
|    ep_len_mean     | 2e+03    |
|    ep_rew_mean     | 3.17e+03 |
| time/              |          |
|    fps             | 2727     |
|    iterations      | 352      |
|    time_elapsed    | 5021     |
|    total_timesteps | 13697024 |
---------------------------------
-----------------------------------------
| rollout/                |             |
|    ep_len_mean          | 2e+03       |
|    ep_rew_mean          | 3.18e+03    |
| time/                   |             |
|    fps                  | 2732        |
|    iterations           | 353         |
|    time_elapsed         | 5027        |
|    total_timesteps      | 13735936    |
| train/                  |             |
|    approx_kl            | 0.006251141 |
|    clip_fraction        | 0.0597      |
|    clip_range           | 0.2         |
|    entropy_loss         | 1.45        |
|    explained_variance   | 0.95        |
|    learning_rate        | 0.000163    |
|    loss                 | 5.35        |
|    n_updates            | 3520        |
|    policy_gradient_loss | -0.000295   |
|    std                  | 0.117       |
|    value_loss           | 12.1        |
-----------------------------------------
------------------------------------------
| rollout/                |              |
|    ep_len_mean          | 2e+03        |
|    ep_rew_mean          | 3.16e+03     |
| time/                   |              |
|    fps                  | 2736         |
|    iterations           | 354          |
|    time_elapsed         | 5033         |
|    total_timesteps      | 13774848     |
| train/                  |              |
|    approx_kl            | 0.0050570867 |
|    clip_fraction        | 0.0614       |
|    clip_range           | 0.2          |
|    entropy_loss         | 1.45         |
|    explained_variance   | 0.951        |
|    learning_rate        | 0.000163     |
|    loss                 | 6.22         |
|    n_updates            | 3530         |
|    policy_gradient_loss | -0.000641    |
|    std                  | 0.117        |
|    value_loss           | 11.8         |
------------------------------------------
------------------------------------------
| rollout/                |              |
|    ep_len_mean          | 2e+03        |
|    ep_rew_mean          | 3.17e+03     |
| time/                   |              |
|    fps                  | 2741         |
|    iterations           | 355          |
|    time_elapsed         | 5038         |
|    total_timesteps      | 13813760     |
| train/                  |              |
|    approx_kl            | 0.0049574547 |
|    clip_fraction        | 0.0471       |
|    clip_range           | 0.2          |
|    entropy_loss         | 1.44         |
|    explained_variance   | 0.935        |
|    learning_rate        | 0.000162     |
|    loss                 | 14.7         |
|    n_updates            | 3540         |
|    policy_gradient_loss | -0.000614    |
|    std                  | 0.118        |
|    value_loss           | 17.3         |
------------------------------------------
------------------------------------------
| rollout/                |              |
|    ep_len_mean          | 2e+03        |
|    ep_rew_mean          | 3.18e+03     |
| time/                   |              |
|    fps                  | 2746         |
|    iterations           | 356          |
|    time_elapsed         | 5044         |
|    total_timesteps      | 13852672     |
| train/                  |              |
|    approx_kl            | 0.0053121718 |
|    clip_fraction        | 0.0611       |
|    clip_range           | 0.2          |
|    entropy_loss         | 1.44         |
|    explained_variance   | 0.95         |
|    learning_rate        | 0.000162     |
|    loss                 | 2.51         |
|    n_updates            | 3550         |
|    policy_gradient_loss | -0.000632    |
|    std                  | 0.117        |
|    value_loss           | 12.2         |
------------------------------------------
Eval num_timesteps=13870000, episode_reward=3328.86 +/- 396.58
Episode length: 2000.00 +/- 0.00
-----------------------------------------
| eval/                   |             |
|    mean_ep_length       | 2e+03       |
|    mean_reward          | 3.33e+03    |
| time/                   |             |
|    total_timesteps      | 13870000    |
| train/                  |             |
|    approx_kl            | 0.005307732 |
|    clip_fraction        | 0.0563      |
|    clip_range           | 0.2         |
|    entropy_loss         | 1.45        |
|    explained_variance   | 0.936       |
|    learning_rate        | 0.000161    |
|    loss                 | 10.7        |
|    n_updates            | 3560        |
|    policy_gradient_loss | -0.000354   |
|    std                  | 0.117       |
|    value_loss           | 15.4        |
-----------------------------------------
---------------------------------
| rollout/           |          |
|    ep_len_mean     | 2e+03    |
|    ep_rew_mean     | 3.17e+03 |
| time/              |          |
|    fps             | 2739     |
|    iterations      | 357      |
|    time_elapsed    | 5070     |
|    total_timesteps | 13891584 |
---------------------------------
-----------------------------------------
| rollout/                |             |
|    ep_len_mean          | 2e+03       |
|    ep_rew_mean          | 3.19e+03    |
| time/                   |             |
|    fps                  | 2744        |
|    iterations           | 358         |
|    time_elapsed         | 5076        |
|    total_timesteps      | 13930496    |
| train/                  |             |
|    approx_kl            | 0.005338819 |
|    clip_fraction        | 0.0563      |
|    clip_range           | 0.2         |
|    entropy_loss         | 1.45        |
|    explained_variance   | 0.939       |
|    learning_rate        | 0.000161    |
|    loss                 | 6.45        |
|    n_updates            | 3570        |
|    policy_gradient_loss | -0.000117   |
|    std                  | 0.118       |
|    value_loss           | 13.7        |
-----------------------------------------
-----------------------------------------
| rollout/                |             |
|    ep_len_mean          | 2e+03       |
|    ep_rew_mean          | 3.2e+03     |
| time/                   |             |
|    fps                  | 2748        |
|    iterations           | 359         |
|    time_elapsed         | 5082        |
|    total_timesteps      | 13969408    |
| train/                  |             |
|    approx_kl            | 0.007042511 |
|    clip_fraction        | 0.0724      |
|    clip_range           | 0.2         |
|    entropy_loss         | 1.44        |
|    explained_variance   | 0.943       |
|    learning_rate        | 0.000161    |
|    loss                 | 6.62        |
|    n_updates            | 3580        |
|    policy_gradient_loss | -0.00044    |
|    std                  | 0.118       |
|    value_loss           | 11.3        |
-----------------------------------------
------------------------------------------
| rollout/                |              |
|    ep_len_mean          | 2e+03        |
|    ep_rew_mean          | 3.19e+03     |
| time/                   |              |
|    fps                  | 2753         |
|    iterations           | 360          |
|    time_elapsed         | 5088         |
|    total_timesteps      | 14008320     |
| train/                  |              |
|    approx_kl            | 0.0046233884 |
|    clip_fraction        | 0.062        |
|    clip_range           | 0.2          |
|    entropy_loss         | 1.43         |
|    explained_variance   | 0.937        |
|    learning_rate        | 0.00016      |
|    loss                 | 6.85         |
|    n_updates            | 3590         |
|    policy_gradient_loss | -4.91e-05    |
|    std                  | 0.119        |
|    value_loss           | 16.2         |
------------------------------------------
------------------------------------------
| rollout/                |              |
|    ep_len_mean          | 2e+03        |
|    ep_rew_mean          | 3.17e+03     |
| time/                   |              |
|    fps                  | 2757         |
|    iterations           | 361          |
|    time_elapsed         | 5093         |
|    total_timesteps      | 14047232     |
| train/                  |              |
|    approx_kl            | 0.0064374544 |
|    clip_fraction        | 0.0597       |
|    clip_range           | 0.2          |
|    entropy_loss         | 1.42         |
|    explained_variance   | 0.926        |
|    learning_rate        | 0.00016      |
|    loss                 | 10.5         |
|    n_updates            | 3600         |
|    policy_gradient_loss | -0.000426    |
|    std                  | 0.119        |
|    value_loss           | 17.6         |
------------------------------------------
Eval num_timesteps=14060000, episode_reward=3348.91 +/- 380.90
Episode length: 2000.00 +/- 0.00
-----------------------------------------
| eval/                   |             |
|    mean_ep_length       | 2e+03       |
|    mean_reward          | 3.35e+03    |
| time/                   |             |
|    total_timesteps      | 14060000    |
| train/                  |             |
|    approx_kl            | 0.006888672 |
|    clip_fraction        | 0.0607      |
|    clip_range           | 0.2         |
|    entropy_loss         | 1.41        |
|    explained_variance   | 0.952       |
|    learning_rate        | 0.00016     |
|    loss                 | 17.2        |
|    n_updates            | 3610        |
|    policy_gradient_loss | 0.000149    |
|    std                  | 0.12        |
|    value_loss           | 13.4        |
-----------------------------------------
New best mean reward!
---------------------------------
| rollout/           |          |
|    ep_len_mean     | 2e+03    |
|    ep_rew_mean     | 3.14e+03 |
| time/              |          |
|    fps             | 2751     |
|    iterations      | 362      |
|    time_elapsed    | 5120     |
|    total_timesteps | 14086144 |
---------------------------------
------------------------------------------
| rollout/                |              |
|    ep_len_mean          | 2e+03        |
|    ep_rew_mean          | 3.11e+03     |
| time/                   |              |
|    fps                  | 2755         |
|    iterations           | 363          |
|    time_elapsed         | 5126         |
|    total_timesteps      | 14125056     |
| train/                  |              |
|    approx_kl            | 0.0046090116 |
|    clip_fraction        | 0.0474       |
|    clip_range           | 0.2          |
|    entropy_loss         | 1.41         |
|    explained_variance   | 0.924        |
|    learning_rate        | 0.000159     |
|    loss                 | 7.76         |
|    n_updates            | 3620         |
|    policy_gradient_loss | -0.00036     |
|    std                  | 0.119        |
|    value_loss           | 21.6         |
------------------------------------------
-----------------------------------------
| rollout/                |             |
|    ep_len_mean          | 2e+03       |
|    ep_rew_mean          | 3.11e+03    |
| time/                   |             |
|    fps                  | 2760        |
|    iterations           | 364         |
|    time_elapsed         | 5131        |
|    total_timesteps      | 14163968    |
| train/                  |             |
|    approx_kl            | 0.004342565 |
|    clip_fraction        | 0.0561      |
|    clip_range           | 0.2         |
|    entropy_loss         | 1.42        |
|    explained_variance   | 0.933       |
|    learning_rate        | 0.000159    |
|    loss                 | 7.97        |
|    n_updates            | 3630        |
|    policy_gradient_loss | -0.000362   |
|    std                  | 0.119       |
|    value_loss           | 15.8        |
-----------------------------------------
------------------------------------------
| rollout/                |              |
|    ep_len_mean          | 2e+03        |
|    ep_rew_mean          | 3.11e+03     |
| time/                   |              |
|    fps                  | 2764         |
|    iterations           | 365          |
|    time_elapsed         | 5137         |
|    total_timesteps      | 14202880     |
| train/                  |              |
|    approx_kl            | 0.0058038994 |
|    clip_fraction        | 0.0722       |
|    clip_range           | 0.2          |
|    entropy_loss         | 1.43         |
|    explained_variance   | 0.943        |
|    learning_rate        | 0.000158     |
|    loss                 | 4.87         |
|    n_updates            | 3640         |
|    policy_gradient_loss | -0.000644    |
|    std                  | 0.118        |
|    value_loss           | 9.62         |
------------------------------------------
-----------------------------------------
| rollout/                |             |
|    ep_len_mean          | 2e+03       |
|    ep_rew_mean          | 3.11e+03    |
| time/                   |             |
|    fps                  | 2768        |
|    iterations           | 366         |
|    time_elapsed         | 5143        |
|    total_timesteps      | 14241792    |
| train/                  |             |
|    approx_kl            | 0.004733057 |
|    clip_fraction        | 0.0454      |
|    clip_range           | 0.2         |
|    entropy_loss         | 1.42        |
|    explained_variance   | 0.929       |
|    learning_rate        | 0.000158    |
|    loss                 | 18.7        |
|    n_updates            | 3650        |
|    policy_gradient_loss | -0.000587   |
|    std                  | 0.119       |
|    value_loss           | 21.3        |
-----------------------------------------
Eval num_timesteps=14250000, episode_reward=3388.00 +/- 377.79
Episode length: 2000.00 +/- 0.00
-----------------------------------------
| eval/                   |             |
|    mean_ep_length       | 2e+03       |
|    mean_reward          | 3.39e+03    |
| time/                   |             |
|    total_timesteps      | 14250000    |
| train/                  |             |
|    approx_kl            | 0.004324857 |
|    clip_fraction        | 0.0569      |
|    clip_range           | 0.2         |
|    entropy_loss         | 1.42        |
|    explained_variance   | 0.909       |
|    learning_rate        | 0.000158    |
|    loss                 | 17.1        |
|    n_updates            | 3660        |
|    policy_gradient_loss | -0.000591   |
|    std                  | 0.12        |
|    value_loss           | 23.9        |
-----------------------------------------
New best mean reward!
---------------------------------
| rollout/           |          |
|    ep_len_mean     | 2e+03    |
|    ep_rew_mean     | 3.12e+03 |
| time/              |          |
|    fps             | 2762     |
|    iterations      | 367      |
|    time_elapsed    | 5169     |
|    total_timesteps | 14280704 |
---------------------------------
-----------------------------------------
| rollout/                |             |
|    ep_len_mean          | 2e+03       |
|    ep_rew_mean          | 3.15e+03    |
| time/                   |             |
|    fps                  | 2766        |
|    iterations           | 368         |
|    time_elapsed         | 5175        |
|    total_timesteps      | 14319616    |
| train/                  |             |
|    approx_kl            | 0.005935419 |
|    clip_fraction        | 0.0696      |
|    clip_range           | 0.2         |
|    entropy_loss         | 1.4         |
|    explained_variance   | 0.934       |
|    learning_rate        | 0.000157    |
|    loss                 | 4.85        |
|    n_updates            | 3670        |
|    policy_gradient_loss | -0.000677   |
|    std                  | 0.12        |
|    value_loss           | 15.8        |
-----------------------------------------
------------------------------------------
| rollout/                |              |
|    ep_len_mean          | 2e+03        |
|    ep_rew_mean          | 3.15e+03     |
| time/                   |              |
|    fps                  | 2771         |
|    iterations           | 369          |
|    time_elapsed         | 5181         |
|    total_timesteps      | 14358528     |
| train/                  |              |
|    approx_kl            | 0.0053880233 |
|    clip_fraction        | 0.0528       |
|    clip_range           | 0.2          |
|    entropy_loss         | 1.4          |
|    explained_variance   | 0.939        |
|    learning_rate        | 0.000157     |
|    loss                 | 12.5         |
|    n_updates            | 3680         |
|    policy_gradient_loss | -0.000298    |
|    std                  | 0.12         |
|    value_loss           | 18.8         |
------------------------------------------
------------------------------------------
| rollout/                |              |
|    ep_len_mean          | 2e+03        |
|    ep_rew_mean          | 3.14e+03     |
| time/                   |              |
|    fps                  | 2775         |
|    iterations           | 370          |
|    time_elapsed         | 5187         |
|    total_timesteps      | 14397440     |
| train/                  |              |
|    approx_kl            | 0.0061266134 |
|    clip_fraction        | 0.0685       |
|    clip_range           | 0.2          |
|    entropy_loss         | 1.41         |
|    explained_variance   | 0.946        |
|    learning_rate        | 0.000156     |
|    loss                 | 6.15         |
|    n_updates            | 3690         |
|    policy_gradient_loss | -0.000271    |
|    std                  | 0.119        |
|    value_loss           | 14           |
------------------------------------------
-----------------------------------------
| rollout/                |             |
|    ep_len_mean          | 2e+03       |
|    ep_rew_mean          | 3.17e+03    |
| time/                   |             |
|    fps                  | 2779        |
|    iterations           | 371         |
|    time_elapsed         | 5193        |
|    total_timesteps      | 14436352    |
| train/                  |             |
|    approx_kl            | 0.004941167 |
|    clip_fraction        | 0.0567      |
|    clip_range           | 0.2         |
|    entropy_loss         | 1.41        |
|    explained_variance   | 0.927       |
|    learning_rate        | 0.000156    |
|    loss                 | 8.55        |
|    n_updates            | 3700        |
|    policy_gradient_loss | -0.00035    |
|    std                  | 0.119       |
|    value_loss           | 16.4        |
-----------------------------------------
Eval num_timesteps=14440000, episode_reward=3378.99 +/- 395.90
Episode length: 2000.00 +/- 0.00
-----------------------------------------
| eval/                   |             |
|    mean_ep_length       | 2e+03       |
|    mean_reward          | 3.38e+03    |
| time/                   |             |
|    total_timesteps      | 14440000    |
| train/                  |             |
|    approx_kl            | 0.005684782 |
|    clip_fraction        | 0.0747      |
|    clip_range           | 0.2         |
|    entropy_loss         | 1.41        |
|    explained_variance   | 0.934       |
|    learning_rate        | 0.000156    |
|    loss                 | 11.6        |
|    n_updates            | 3710        |
|    policy_gradient_loss | -3.66e-05   |
|    std                  | 0.12        |
|    value_loss           | 15.4        |
-----------------------------------------
---------------------------------
| rollout/           |          |
|    ep_len_mean     | 2e+03    |
|    ep_rew_mean     | 3.15e+03 |
| time/              |          |
|    fps             | 2773     |
|    iterations      | 372      |
|    time_elapsed    | 5219     |
|    total_timesteps | 14475264 |
---------------------------------
-----------------------------------------
| rollout/                |             |
|    ep_len_mean          | 2e+03       |
|    ep_rew_mean          | 3.14e+03    |
| time/                   |             |
|    fps                  | 2777        |
|    iterations           | 373         |
|    time_elapsed         | 5225        |
|    total_timesteps      | 14514176    |
| train/                  |             |
|    approx_kl            | 0.004062907 |
|    clip_fraction        | 0.0498      |
|    clip_range           | 0.2         |
|    entropy_loss         | 1.4         |
|    explained_variance   | 0.923       |
|    learning_rate        | 0.000155    |
|    loss                 | 8.64        |
|    n_updates            | 3720        |
|    policy_gradient_loss | -1.97e-05   |
|    std                  | 0.121       |
|    value_loss           | 19          |
-----------------------------------------
-----------------------------------------
| rollout/                |             |
|    ep_len_mean          | 1.98e+03    |
|    ep_rew_mean          | 3.09e+03    |
| time/                   |             |
|    fps                  | 2781        |
|    iterations           | 374         |
|    time_elapsed         | 5231        |
|    total_timesteps      | 14553088    |
| train/                  |             |
|    approx_kl            | 0.005373937 |
|    clip_fraction        | 0.0543      |
|    clip_range           | 0.2         |
|    entropy_loss         | 1.39        |
|    explained_variance   | 0.912       |
|    learning_rate        | 0.000155    |
|    loss                 | 6.93        |
|    n_updates            | 3730        |
|    policy_gradient_loss | -0.000362   |
|    std                  | 0.121       |
|    value_loss           | 27.9        |
-----------------------------------------
------------------------------------------
| rollout/                |              |
|    ep_len_mean          | 1.98e+03     |
|    ep_rew_mean          | 3.08e+03     |
| time/                   |              |
|    fps                  | 2786         |
|    iterations           | 375          |
|    time_elapsed         | 5236         |
|    total_timesteps      | 14592000     |
| train/                  |              |
|    approx_kl            | 0.0057398872 |
|    clip_fraction        | 0.0649       |
|    clip_range           | 0.2          |
|    entropy_loss         | 1.38         |
|    explained_variance   | 0.941        |
|    learning_rate        | 0.000154     |
|    loss                 | 14.6         |
|    n_updates            | 3740         |
|    policy_gradient_loss | -0.000161    |
|    std                  | 0.122        |
|    value_loss           | 23.7         |
------------------------------------------
Eval num_timesteps=14630000, episode_reward=3390.10 +/- 393.80
Episode length: 2000.00 +/- 0.00
-----------------------------------------
| eval/                   |             |
|    mean_ep_length       | 2e+03       |
|    mean_reward          | 3.39e+03    |
| time/                   |             |
|    total_timesteps      | 14630000    |
| train/                  |             |
|    approx_kl            | 0.005971243 |
|    clip_fraction        | 0.0615      |
|    clip_range           | 0.2         |
|    entropy_loss         | 1.37        |
|    explained_variance   | 0.931       |
|    learning_rate        | 0.000154    |
|    loss                 | 7.54        |
|    n_updates            | 3750        |
|    policy_gradient_loss | -0.000383   |
|    std                  | 0.122       |
|    value_loss           | 18.5        |
-----------------------------------------
New best mean reward!
---------------------------------
| rollout/           |          |
|    ep_len_mean     | 1.98e+03 |
|    ep_rew_mean     | 3.07e+03 |
| time/              |          |
|    fps             | 2779     |
|    iterations      | 376      |
|    time_elapsed    | 5263     |
|    total_timesteps | 14630912 |
---------------------------------
-----------------------------------------
| rollout/                |             |
|    ep_len_mean          | 1.98e+03    |
|    ep_rew_mean          | 3.07e+03    |
| time/                   |             |
|    fps                  | 2784        |
|    iterations           | 377         |
|    time_elapsed         | 5269        |
|    total_timesteps      | 14669824    |
| train/                  |             |
|    approx_kl            | 0.005696291 |
|    clip_fraction        | 0.0596      |
|    clip_range           | 0.2         |
|    entropy_loss         | 1.37        |
|    explained_variance   | 0.931       |
|    learning_rate        | 0.000154    |
|    loss                 | 1.95        |
|    n_updates            | 3760        |
|    policy_gradient_loss | 0.000241    |
|    std                  | 0.122       |
|    value_loss           | 17.7        |
-----------------------------------------
------------------------------------------
| rollout/                |              |
|    ep_len_mean          | 1.98e+03     |
|    ep_rew_mean          | 3.07e+03     |
| time/                   |              |
|    fps                  | 2788         |
|    iterations           | 378          |
|    time_elapsed         | 5274         |
|    total_timesteps      | 14708736     |
| train/                  |              |
|    approx_kl            | 0.0046472163 |
|    clip_fraction        | 0.0551       |
|    clip_range           | 0.2          |
|    entropy_loss         | 1.37         |
|    explained_variance   | 0.93         |
|    learning_rate        | 0.000153     |
|    loss                 | 8.2          |
|    n_updates            | 3770         |
|    policy_gradient_loss | -0.000703    |
|    std                  | 0.122        |
|    value_loss           | 23.4         |
------------------------------------------
------------------------------------------
| rollout/                |              |
|    ep_len_mean          | 2e+03        |
|    ep_rew_mean          | 3.09e+03     |
| time/                   |              |
|    fps                  | 2792         |
|    iterations           | 379          |
|    time_elapsed         | 5280         |
|    total_timesteps      | 14747648     |
| train/                  |              |
|    approx_kl            | 0.0053593735 |
|    clip_fraction        | 0.0539       |
|    clip_range           | 0.2          |
|    entropy_loss         | 1.37         |
|    explained_variance   | 0.935        |
|    learning_rate        | 0.000153     |
|    loss                 | 15.3         |
|    n_updates            | 3780         |
|    policy_gradient_loss | -0.000701    |
|    std                  | 0.123        |
|    value_loss           | 15.6         |
------------------------------------------
-----------------------------------------
| rollout/                |             |
|    ep_len_mean          | 2e+03       |
|    ep_rew_mean          | 3.1e+03     |
| time/                   |             |
|    fps                  | 2797        |
|    iterations           | 380         |
|    time_elapsed         | 5286        |
|    total_timesteps      | 14786560    |
| train/                  |             |
|    approx_kl            | 0.007121408 |
|    clip_fraction        | 0.0696      |
|    clip_range           | 0.2         |
|    entropy_loss         | 1.35        |
|    explained_variance   | 0.941       |
|    learning_rate        | 0.000153    |
|    loss                 | 6.08        |
|    n_updates            | 3790        |
|    policy_gradient_loss | -0.00117    |
|    std                  | 0.123       |
|    value_loss           | 17          |
-----------------------------------------
Eval num_timesteps=14820000, episode_reward=3379.50 +/- 388.64
Episode length: 2000.00 +/- 0.00
----------------------------------------
| eval/                   |            |
|    mean_ep_length       | 2e+03      |
|    mean_reward          | 3.38e+03   |
| time/                   |            |
|    total_timesteps      | 14820000   |
| train/                  |            |
|    approx_kl            | 0.00553956 |
|    clip_fraction        | 0.0537     |
|    clip_range           | 0.2        |
|    entropy_loss         | 1.35       |
|    explained_variance   | 0.923      |
|    learning_rate        | 0.000152   |
|    loss                 | 12.2       |
|    n_updates            | 3800       |
|    policy_gradient_loss | -0.000913  |
|    std                  | 0.123      |
|    value_loss           | 25.6       |
----------------------------------------
---------------------------------
| rollout/           |          |
|    ep_len_mean     | 2e+03    |
|    ep_rew_mean     | 3.09e+03 |
| time/              |          |
|    fps             | 2790     |
|    iterations      | 381      |
|    time_elapsed    | 5313     |
|    total_timesteps | 14825472 |
---------------------------------
-----------------------------------------
| rollout/                |             |
|    ep_len_mean          | 2e+03       |
|    ep_rew_mean          | 3.1e+03     |
| time/                   |             |
|    fps                  | 2794        |
|    iterations           | 382         |
|    time_elapsed         | 5318        |
|    total_timesteps      | 14864384    |
| train/                  |             |
|    approx_kl            | 0.005976918 |
|    clip_fraction        | 0.0701      |
|    clip_range           | 0.2         |
|    entropy_loss         | 1.34        |
|    explained_variance   | 0.936       |
|    learning_rate        | 0.000152    |
|    loss                 | 8.31        |
|    n_updates            | 3810        |
|    policy_gradient_loss | -0.00117    |
|    std                  | 0.124       |
|    value_loss           | 19.9        |
-----------------------------------------
------------------------------------------
| rollout/                |              |
|    ep_len_mean          | 2e+03        |
|    ep_rew_mean          | 3.1e+03      |
| time/                   |              |
|    fps                  | 2798         |
|    iterations           | 383          |
|    time_elapsed         | 5324         |
|    total_timesteps      | 14903296     |
| train/                  |              |
|    approx_kl            | 0.0051184474 |
|    clip_fraction        | 0.061        |
|    clip_range           | 0.2          |
|    entropy_loss         | 1.32         |
|    explained_variance   | 0.935        |
|    learning_rate        | 0.000151     |
|    loss                 | 10.1         |
|    n_updates            | 3820         |
|    policy_gradient_loss | -0.000494    |
|    std                  | 0.125        |
|    value_loss           | 20.1         |
------------------------------------------
-----------------------------------------
| rollout/                |             |
|    ep_len_mean          | 1.99e+03    |
|    ep_rew_mean          | 3.08e+03    |
| time/                   |             |
|    fps                  | 2803        |
|    iterations           | 384         |
|    time_elapsed         | 5330        |
|    total_timesteps      | 14942208    |
| train/                  |             |
|    approx_kl            | 0.005899054 |
|    clip_fraction        | 0.0647      |
|    clip_range           | 0.2         |
|    entropy_loss         | 1.31        |
|    explained_variance   | 0.937       |
|    learning_rate        | 0.000151    |
|    loss                 | 9.45        |
|    n_updates            | 3830        |
|    policy_gradient_loss | -0.000174   |
|    std                  | 0.126       |
|    value_loss           | 16.6        |
-----------------------------------------
------------------------------------------
| rollout/                |              |
|    ep_len_mean          | 1.98e+03     |
|    ep_rew_mean          | 3.04e+03     |
| time/                   |              |
|    fps                  | 2807         |
|    iterations           | 385          |
|    time_elapsed         | 5336         |
|    total_timesteps      | 14981120     |
| train/                  |              |
|    approx_kl            | 0.0054445383 |
|    clip_fraction        | 0.0563       |
|    clip_range           | 0.2          |
|    entropy_loss         | 1.3          |
|    explained_variance   | 0.918        |
|    learning_rate        | 0.000151     |
|    loss                 | 6.81         |
|    n_updates            | 3840         |
|    policy_gradient_loss | -0.001       |
|    std                  | 0.126        |
|    value_loss           | 24           |
------------------------------------------
Eval num_timesteps=15010000, episode_reward=3366.25 +/- 401.55
Episode length: 2000.00 +/- 0.00
-----------------------------------------
| eval/                   |             |
|    mean_ep_length       | 2e+03       |
|    mean_reward          | 3.37e+03    |
| time/                   |             |
|    total_timesteps      | 15010000    |
| train/                  |             |
|    approx_kl            | 0.005794736 |
|    clip_fraction        | 0.0543      |
|    clip_range           | 0.2         |
|    entropy_loss         | 1.3         |
|    explained_variance   | 0.936       |
|    learning_rate        | 0.00015     |
|    loss                 | 6.91        |
|    n_updates            | 3850        |
|    policy_gradient_loss | -0.000962   |
|    std                  | 0.126       |
|    value_loss           | 15.5        |
-----------------------------------------
---------------------------------
| rollout/           |          |
|    ep_len_mean     | 1.98e+03 |
|    ep_rew_mean     | 3.06e+03 |
| time/              |          |
|    fps             | 2800     |
|    iterations      | 386      |
|    time_elapsed    | 5362     |
|    total_timesteps | 15020032 |
---------------------------------
------------------------------------------
| rollout/                |              |
|    ep_len_mean          | 1.98e+03     |
|    ep_rew_mean          | 3.07e+03     |
| time/                   |              |
|    fps                  | 2805         |
|    iterations           | 387          |
|    time_elapsed         | 5368         |
|    total_timesteps      | 15058944     |
| train/                  |              |
|    approx_kl            | 0.0051651136 |
|    clip_fraction        | 0.0606       |
|    clip_range           | 0.2          |
|    entropy_loss         | 1.31         |
|    explained_variance   | 0.934        |
|    learning_rate        | 0.00015      |
|    loss                 | 7.91         |
|    n_updates            | 3860         |
|    policy_gradient_loss | -0.00049     |
|    std                  | 0.125        |
|    value_loss           | 13.1         |
------------------------------------------
------------------------------------------
| rollout/                |              |
|    ep_len_mean          | 1.98e+03     |
|    ep_rew_mean          | 3.07e+03     |
| time/                   |              |
|    fps                  | 2809         |
|    iterations           | 388          |
|    time_elapsed         | 5374         |
|    total_timesteps      | 15097856     |
| train/                  |              |
|    approx_kl            | 0.0044554695 |
|    clip_fraction        | 0.0467       |
|    clip_range           | 0.2          |
|    entropy_loss         | 1.32         |
|    explained_variance   | 0.918        |
|    learning_rate        | 0.000149     |
|    loss                 | 9.95         |
|    n_updates            | 3870         |
|    policy_gradient_loss | -0.000207    |
|    std                  | 0.125        |
|    value_loss           | 24           |
------------------------------------------
------------------------------------------
| rollout/                |              |
|    ep_len_mean          | 1.99e+03     |
|    ep_rew_mean          | 3.08e+03     |
| time/                   |              |
|    fps                  | 2813         |
|    iterations           | 389          |
|    time_elapsed         | 5380         |
|    total_timesteps      | 15136768     |
| train/                  |              |
|    approx_kl            | 0.0046114065 |
|    clip_fraction        | 0.0563       |
|    clip_range           | 0.2          |
|    entropy_loss         | 1.32         |
|    explained_variance   | 0.918        |
|    learning_rate        | 0.000149     |
|    loss                 | 15.3         |
|    n_updates            | 3880         |
|    policy_gradient_loss | -0.00134     |
|    std                  | 0.125        |
|    value_loss           | 22.3         |
------------------------------------------
-----------------------------------------
| rollout/                |             |
|    ep_len_mean          | 1.99e+03    |
|    ep_rew_mean          | 3.11e+03    |
| time/                   |             |
|    fps                  | 2817        |
|    iterations           | 390         |
|    time_elapsed         | 5385        |
|    total_timesteps      | 15175680    |
| train/                  |             |
|    approx_kl            | 0.005274915 |
|    clip_fraction        | 0.0459      |
|    clip_range           | 0.2         |
|    entropy_loss         | 1.31        |
|    explained_variance   | 0.93        |
|    learning_rate        | 0.000149    |
|    loss                 | 14.9        |
|    n_updates            | 3890        |
|    policy_gradient_loss | -0.000698   |
|    std                  | 0.126       |
|    value_loss           | 26.2        |
-----------------------------------------
Eval num_timesteps=15200000, episode_reward=3365.72 +/- 381.07
Episode length: 2000.00 +/- 0.00
-----------------------------------------
| eval/                   |             |
|    mean_ep_length       | 2e+03       |
|    mean_reward          | 3.37e+03    |
| time/                   |             |
|    total_timesteps      | 15200000    |
| train/                  |             |
|    approx_kl            | 0.005699083 |
|    clip_fraction        | 0.0606      |
|    clip_range           | 0.2         |
|    entropy_loss         | 1.29        |
|    explained_variance   | 0.946       |
|    learning_rate        | 0.000148    |
|    loss                 | 12          |
|    n_updates            | 3900        |
|    policy_gradient_loss | -0.000506   |
|    std                  | 0.128       |
|    value_loss           | 18.1        |
-----------------------------------------
---------------------------------
| rollout/           |          |
|    ep_len_mean     | 1.99e+03 |
|    ep_rew_mean     | 3.12e+03 |
| time/              |          |
|    fps             | 2811     |
|    iterations      | 391      |
|    time_elapsed    | 5412     |
|    total_timesteps | 15214592 |
---------------------------------
------------------------------------------
| rollout/                |              |
|    ep_len_mean          | 1.99e+03     |
|    ep_rew_mean          | 3.1e+03      |
| time/                   |              |
|    fps                  | 2815         |
|    iterations           | 392          |
|    time_elapsed         | 5417         |
|    total_timesteps      | 15253504     |
| train/                  |              |
|    approx_kl            | 0.0067634066 |
|    clip_fraction        | 0.0694       |
|    clip_range           | 0.2          |
|    entropy_loss         | 1.27         |
|    explained_variance   | 0.938        |
|    learning_rate        | 0.000148     |
|    loss                 | 6.1          |
|    n_updates            | 3910         |
|    policy_gradient_loss | -0.00082     |
|    std                  | 0.128        |
|    value_loss           | 18.1         |
------------------------------------------
-----------------------------------------
| rollout/                |             |
|    ep_len_mean          | 1.99e+03    |
|    ep_rew_mean          | 3.12e+03    |
| time/                   |             |
|    fps                  | 2819        |
|    iterations           | 393         |
|    time_elapsed         | 5423        |
|    total_timesteps      | 15292416    |
| train/                  |             |
|    approx_kl            | 0.006523188 |
|    clip_fraction        | 0.0653      |
|    clip_range           | 0.2         |
|    entropy_loss         | 1.28        |
|    explained_variance   | 0.936       |
|    learning_rate        | 0.000147    |
|    loss                 | 8.98        |
|    n_updates            | 3920        |
|    policy_gradient_loss | -0.000276   |
|    std                  | 0.128       |
|    value_loss           | 22          |
-----------------------------------------
------------------------------------------
| rollout/                |              |
|    ep_len_mean          | 1.99e+03     |
|    ep_rew_mean          | 3.12e+03     |
| time/                   |              |
|    fps                  | 2823         |
|    iterations           | 394          |
|    time_elapsed         | 5429         |
|    total_timesteps      | 15331328     |
| train/                  |              |
|    approx_kl            | 0.0058551454 |
|    clip_fraction        | 0.0642       |
|    clip_range           | 0.2          |
|    entropy_loss         | 1.27         |
|    explained_variance   | 0.937        |
|    learning_rate        | 0.000147     |
|    loss                 | 8.3          |
|    n_updates            | 3930         |
|    policy_gradient_loss | -0.00103     |
|    std                  | 0.128        |
|    value_loss           | 22.4         |
------------------------------------------
------------------------------------------
| rollout/                |              |
|    ep_len_mean          | 2e+03        |
|    ep_rew_mean          | 3.11e+03     |
| time/                   |              |
|    fps                  | 2827         |
|    iterations           | 395          |
|    time_elapsed         | 5435         |
|    total_timesteps      | 15370240     |
| train/                  |              |
|    approx_kl            | 0.0056487843 |
|    clip_fraction        | 0.0613       |
|    clip_range           | 0.2          |
|    entropy_loss         | 1.26         |
|    explained_variance   | 0.927        |
|    learning_rate        | 0.000147     |
|    loss                 | 11.8         |
|    n_updates            | 3940         |
|    policy_gradient_loss | -0.000832    |
|    std                  | 0.129        |
|    value_loss           | 20.9         |
------------------------------------------
Eval num_timesteps=15390000, episode_reward=3325.46 +/- 400.86
Episode length: 2000.00 +/- 0.00
------------------------------------------
| eval/                   |              |
|    mean_ep_length       | 2e+03        |
|    mean_reward          | 3.33e+03     |
| time/                   |              |
|    total_timesteps      | 15390000     |
| train/                  |              |
|    approx_kl            | 0.0055305464 |
|    clip_fraction        | 0.064        |
|    clip_range           | 0.2          |
|    entropy_loss         | 1.25         |
|    explained_variance   | 0.915        |
|    learning_rate        | 0.000146     |
|    loss                 | 17.1         |
|    n_updates            | 3950         |
|    policy_gradient_loss | -0.000542    |
|    std                  | 0.129        |
|    value_loss           | 25.8         |
------------------------------------------
---------------------------------
| rollout/           |          |
|    ep_len_mean     | 1.98e+03 |
|    ep_rew_mean     | 3.07e+03 |
| time/              |          |
|    fps             | 2821     |
|    iterations      | 396      |
|    time_elapsed    | 5461     |
|    total_timesteps | 15409152 |
---------------------------------
------------------------------------------
| rollout/                |              |
|    ep_len_mean          | 1.98e+03     |
|    ep_rew_mean          | 3.06e+03     |
| time/                   |              |
|    fps                  | 2825         |
|    iterations           | 397          |
|    time_elapsed         | 5467         |
|    total_timesteps      | 15448064     |
| train/                  |              |
|    approx_kl            | 0.0066116727 |
|    clip_fraction        | 0.0663       |
|    clip_range           | 0.2          |
|    entropy_loss         | 1.25         |
|    explained_variance   | 0.942        |
|    learning_rate        | 0.000146     |
|    loss                 | 6.1          |
|    n_updates            | 3960         |
|    policy_gradient_loss | -0.000526    |
|    std                  | 0.13         |
|    value_loss           | 19.3         |
------------------------------------------
------------------------------------------
| rollout/                |              |
|    ep_len_mean          | 1.92e+03     |
|    ep_rew_mean          | 2.97e+03     |
| time/                   |              |
|    fps                  | 2829         |
|    iterations           | 398          |
|    time_elapsed         | 5473         |
|    total_timesteps      | 15486976     |
| train/                  |              |
|    approx_kl            | 0.0044728424 |
|    clip_fraction        | 0.0494       |
|    clip_range           | 0.2          |
|    entropy_loss         | 1.25         |
|    explained_variance   | 0.927        |
|    learning_rate        | 0.000146     |
|    loss                 | 5.45         |
|    n_updates            | 3970         |
|    policy_gradient_loss | -0.00032     |
|    std                  | 0.13         |
|    value_loss           | 17.6         |
------------------------------------------
------------------------------------------
| rollout/                |              |
|    ep_len_mean          | 1.92e+03     |
|    ep_rew_mean          | 2.99e+03     |
| time/                   |              |
|    fps                  | 2833         |
|    iterations           | 399          |
|    time_elapsed         | 5479         |
|    total_timesteps      | 15525888     |
| train/                  |              |
|    approx_kl            | 0.0065490943 |
|    clip_fraction        | 0.0568       |
|    clip_range           | 0.2          |
|    entropy_loss         | 1.24         |
|    explained_variance   | 0.939        |
|    learning_rate        | 0.000145     |
|    loss                 | 12.7         |
|    n_updates            | 3980         |
|    policy_gradient_loss | -0.000895    |
|    std                  | 0.131        |
|    value_loss           | 26.5         |
------------------------------------------
------------------------------------------
| rollout/                |              |
|    ep_len_mean          | 1.92e+03     |
|    ep_rew_mean          | 2.99e+03     |
| time/                   |              |
|    fps                  | 2837         |
|    iterations           | 400          |
|    time_elapsed         | 5485         |
|    total_timesteps      | 15564800     |
| train/                  |              |
|    approx_kl            | 0.0060805045 |
|    clip_fraction        | 0.0529       |
|    clip_range           | 0.2          |
|    entropy_loss         | 1.22         |
|    explained_variance   | 0.903        |
|    learning_rate        | 0.000145     |
|    loss                 | 12.4         |
|    n_updates            | 3990         |
|    policy_gradient_loss | -0.000207    |
|    std                  | 0.132        |
|    value_loss           | 22.5         |
------------------------------------------
Eval num_timesteps=15580000, episode_reward=3352.82 +/- 381.57
Episode length: 2000.00 +/- 0.00
------------------------------------------
| eval/                   |              |
|    mean_ep_length       | 2e+03        |
|    mean_reward          | 3.35e+03     |
| time/                   |              |
|    total_timesteps      | 15580000     |
| train/                  |              |
|    approx_kl            | 0.0057112323 |
|    clip_fraction        | 0.0643       |
|    clip_range           | 0.2          |
|    entropy_loss         | 1.21         |
|    explained_variance   | 0.948        |
|    learning_rate        | 0.000144     |
|    loss                 | 3.7          |
|    n_updates            | 4000         |
|    policy_gradient_loss | -0.000925    |
|    std                  | 0.132        |
|    value_loss           | 17.7         |
------------------------------------------
---------------------------------
| rollout/           |          |
|    ep_len_mean     | 1.94e+03 |
|    ep_rew_mean     | 3.01e+03 |
| time/              |          |
|    fps             | 2831     |
|    iterations      | 401      |
|    time_elapsed    | 5511     |
|    total_timesteps | 15603712 |
---------------------------------
------------------------------------------
| rollout/                |              |
|    ep_len_mean          | 1.94e+03     |
|    ep_rew_mean          | 3.01e+03     |
| time/                   |              |
|    fps                  | 2835         |
|    iterations           | 402          |
|    time_elapsed         | 5517         |
|    total_timesteps      | 15642624     |
| train/                  |              |
|    approx_kl            | 0.0056099086 |
|    clip_fraction        | 0.0589       |
|    clip_range           | 0.2          |
|    entropy_loss         | 1.21         |
|    explained_variance   | 0.941        |
|    learning_rate        | 0.000144     |
|    loss                 | 8.56         |
|    n_updates            | 4010         |
|    policy_gradient_loss | -0.0013      |
|    std                  | 0.133        |
|    value_loss           | 17.2         |
------------------------------------------
------------------------------------------
| rollout/                |              |
|    ep_len_mean          | 1.99e+03     |
|    ep_rew_mean          | 3.09e+03     |
| time/                   |              |
|    fps                  | 2839         |
|    iterations           | 403          |
|    time_elapsed         | 5523         |
|    total_timesteps      | 15681536     |
| train/                  |              |
|    approx_kl            | 0.0055957586 |
|    clip_fraction        | 0.0539       |
|    clip_range           | 0.2          |
|    entropy_loss         | 1.21         |
|    explained_variance   | 0.93         |
|    learning_rate        | 0.000144     |
|    loss                 | 5.47         |
|    n_updates            | 4020         |
|    policy_gradient_loss | -7.44e-05    |
|    std                  | 0.132        |
|    value_loss           | 18.5         |
------------------------------------------
------------------------------------------
| rollout/                |              |
|    ep_len_mean          | 1.99e+03     |
|    ep_rew_mean          | 3.08e+03     |
| time/                   |              |
|    fps                  | 2843         |
|    iterations           | 404          |
|    time_elapsed         | 5529         |
|    total_timesteps      | 15720448     |
| train/                  |              |
|    approx_kl            | 0.0054514846 |
|    clip_fraction        | 0.0605       |
|    clip_range           | 0.2          |
|    entropy_loss         | 1.22         |
|    explained_variance   | 0.953        |
|    learning_rate        | 0.000143     |
|    loss                 | 5.3          |
|    n_updates            | 4030         |
|    policy_gradient_loss | -0.00107     |
|    std                  | 0.132        |
|    value_loss           | 14.8         |
------------------------------------------
------------------------------------------
| rollout/                |              |
|    ep_len_mean          | 1.99e+03     |
|    ep_rew_mean          | 3.09e+03     |
| time/                   |              |
|    fps                  | 2847         |
|    iterations           | 405          |
|    time_elapsed         | 5534         |
|    total_timesteps      | 15759360     |
| train/                  |              |
|    approx_kl            | 0.0060063703 |
|    clip_fraction        | 0.0654       |
|    clip_range           | 0.2          |
|    entropy_loss         | 1.22         |
|    explained_variance   | 0.918        |
|    learning_rate        | 0.000143     |
|    loss                 | 10.7         |
|    n_updates            | 4040         |
|    policy_gradient_loss | -0.00124     |
|    std                  | 0.132        |
|    value_loss           | 24.4         |
------------------------------------------
Eval num_timesteps=15770000, episode_reward=3377.19 +/- 360.25
Episode length: 2000.00 +/- 0.00
------------------------------------------
| eval/                   |              |
|    mean_ep_length       | 2e+03        |
|    mean_reward          | 3.38e+03     |
| time/                   |              |
|    total_timesteps      | 15770000     |
| train/                  |              |
|    approx_kl            | 0.0055442685 |
|    clip_fraction        | 0.0494       |
|    clip_range           | 0.2          |
|    entropy_loss         | 1.21         |
|    explained_variance   | 0.936        |
|    learning_rate        | 0.000142     |
|    loss                 | 15.5         |
|    n_updates            | 4050         |
|    policy_gradient_loss | -0.000476    |
|    std                  | 0.132        |
|    value_loss           | 21.1         |
------------------------------------------
---------------------------------
| rollout/           |          |
|    ep_len_mean     | 2e+03    |
|    ep_rew_mean     | 3.12e+03 |
| time/              |          |
|    fps             | 2840     |
|    iterations      | 406      |
|    time_elapsed    | 5561     |
|    total_timesteps | 15798272 |
---------------------------------
------------------------------------------
| rollout/                |              |
|    ep_len_mean          | 2e+03        |
|    ep_rew_mean          | 3.12e+03     |
| time/                   |              |
|    fps                  | 2844         |
|    iterations           | 407          |
|    time_elapsed         | 5567         |
|    total_timesteps      | 15837184     |
| train/                  |              |
|    approx_kl            | 0.0061569777 |
|    clip_fraction        | 0.0741       |
|    clip_range           | 0.2          |
|    entropy_loss         | 1.21         |
|    explained_variance   | 0.923        |
|    learning_rate        | 0.000142     |
|    loss                 | 5.22         |
|    n_updates            | 4060         |
|    policy_gradient_loss | -0.00128     |
|    std                  | 0.132        |
|    value_loss           | 15.6         |
------------------------------------------
------------------------------------------
| rollout/                |              |
|    ep_len_mean          | 2e+03        |
|    ep_rew_mean          | 3.12e+03     |
| time/                   |              |
|    fps                  | 2848         |
|    iterations           | 408          |
|    time_elapsed         | 5573         |
|    total_timesteps      | 15876096     |
| train/                  |              |
|    approx_kl            | 0.0042743543 |
|    clip_fraction        | 0.0483       |
|    clip_range           | 0.2          |
|    entropy_loss         | 1.2          |
|    explained_variance   | 0.923        |
|    learning_rate        | 0.000142     |
|    loss                 | 11.6         |
|    n_updates            | 4070         |
|    policy_gradient_loss | -0.00117     |
|    std                  | 0.133        |
|    value_loss           | 25.3         |
------------------------------------------
----------------------------------------
| rollout/                |            |
|    ep_len_mean          | 2e+03      |
|    ep_rew_mean          | 3.13e+03   |
| time/                   |            |
|    fps                  | 2852       |
|    iterations           | 409        |
|    time_elapsed         | 5579       |
|    total_timesteps      | 15915008   |
| train/                  |            |
|    approx_kl            | 0.00575269 |
|    clip_fraction        | 0.0604     |
|    clip_range           | 0.2        |
|    entropy_loss         | 1.21       |
|    explained_variance   | 0.916      |
|    learning_rate        | 0.000141   |
|    loss                 | 6.82       |
|    n_updates            | 4080       |
|    policy_gradient_loss | -0.000653  |
|    std                  | 0.132      |
|    value_loss           | 23.5       |
----------------------------------------
-----------------------------------------
| rollout/                |             |
|    ep_len_mean          | 1.98e+03    |
|    ep_rew_mean          | 3.1e+03     |
| time/                   |             |
|    fps                  | 2856        |
|    iterations           | 410         |
|    time_elapsed         | 5584        |
|    total_timesteps      | 15953920    |
| train/                  |             |
|    approx_kl            | 0.005146046 |
|    clip_fraction        | 0.0577      |
|    clip_range           | 0.2         |
|    entropy_loss         | 1.2         |
|    explained_variance   | 0.909       |
|    learning_rate        | 0.000141    |
|    loss                 | 15          |
|    n_updates            | 4090        |
|    policy_gradient_loss | -0.000451   |
|    std                  | 0.133       |
|    value_loss           | 24.7        |
-----------------------------------------
Eval num_timesteps=15960000, episode_reward=3389.00 +/- 342.24
Episode length: 2000.00 +/- 0.00
------------------------------------------
| eval/                   |              |
|    mean_ep_length       | 2e+03        |
|    mean_reward          | 3.39e+03     |
| time/                   |              |
|    total_timesteps      | 15960000     |
| train/                  |              |
|    approx_kl            | 0.0052338145 |
|    clip_fraction        | 0.044        |
|    clip_range           | 0.2          |
|    entropy_loss         | 1.19         |
|    explained_variance   | 0.925        |
|    learning_rate        | 0.00014      |
|    loss                 | 17.8         |
|    n_updates            | 4100         |
|    policy_gradient_loss | -0.000836    |
|    std                  | 0.134        |
|    value_loss           | 25           |
------------------------------------------
---------------------------------
| rollout/           |          |
|    ep_len_mean     | 1.98e+03 |
|    ep_rew_mean     | 3.1e+03  |
| time/              |          |
|    fps             | 2850     |
|    iterations      | 411      |
|    time_elapsed    | 5611     |
|    total_timesteps | 15992832 |
---------------------------------
-----------------------------------------
| rollout/                |             |
|    ep_len_mean          | 1.98e+03    |
|    ep_rew_mean          | 3.1e+03     |
| time/                   |             |
|    fps                  | 2854        |
|    iterations           | 412         |
|    time_elapsed         | 5616        |
|    total_timesteps      | 16031744    |
| train/                  |             |
|    approx_kl            | 0.004797932 |
|    clip_fraction        | 0.0546      |
|    clip_range           | 0.2         |
|    entropy_loss         | 1.19        |
|    explained_variance   | 0.916       |
|    learning_rate        | 0.00014     |
|    loss                 | 9.61        |
|    n_updates            | 4110        |
|    policy_gradient_loss | -0.000379   |
|    std                  | 0.134       |
|    value_loss           | 20          |
-----------------------------------------
------------------------------------------
| rollout/                |              |
|    ep_len_mean          | 1.98e+03     |
|    ep_rew_mean          | 3.14e+03     |
| time/                   |              |
|    fps                  | 2858         |
|    iterations           | 413          |
|    time_elapsed         | 5622         |
|    total_timesteps      | 16070656     |
| train/                  |              |
|    approx_kl            | 0.0057944898 |
|    clip_fraction        | 0.0627       |
|    clip_range           | 0.2          |
|    entropy_loss         | 1.19         |
|    explained_variance   | 0.923        |
|    learning_rate        | 0.00014      |
|    loss                 | 9.61         |
|    n_updates            | 4120         |
|    policy_gradient_loss | -0.000396    |
|    std                  | 0.134        |
|    value_loss           | 20.4         |
------------------------------------------
------------------------------------------
| rollout/                |              |
|    ep_len_mean          | 1.98e+03     |
|    ep_rew_mean          | 3.1e+03      |
| time/                   |              |
|    fps                  | 2862         |
|    iterations           | 414          |
|    time_elapsed         | 5628         |
|    total_timesteps      | 16109568     |
| train/                  |              |
|    approx_kl            | 0.0047263256 |
|    clip_fraction        | 0.0524       |
|    clip_range           | 0.2          |
|    entropy_loss         | 1.19         |
|    explained_variance   | 0.923        |
|    learning_rate        | 0.000139     |
|    loss                 | 10.9         |
|    n_updates            | 4130         |
|    policy_gradient_loss | -0.000527    |
|    std                  | 0.133        |
|    value_loss           | 25.5         |
------------------------------------------
------------------------------------------
| rollout/                |              |
|    ep_len_mean          | 2e+03        |
|    ep_rew_mean          | 3.15e+03     |
| time/                   |              |
|    fps                  | 2866         |
|    iterations           | 415          |
|    time_elapsed         | 5634         |
|    total_timesteps      | 16148480     |
| train/                  |              |
|    approx_kl            | 0.0068393857 |
|    clip_fraction        | 0.0675       |
|    clip_range           | 0.2          |
|    entropy_loss         | 1.19         |
|    explained_variance   | 0.919        |
|    learning_rate        | 0.000139     |
|    loss                 | 10.6         |
|    n_updates            | 4140         |
|    policy_gradient_loss | -0.000357    |
|    std                  | 0.134        |
|    value_loss           | 16.3         |
------------------------------------------
Eval num_timesteps=16150000, episode_reward=3413.56 +/- 322.49
Episode length: 2000.00 +/- 0.00
-----------------------------------------
| eval/                   |             |
|    mean_ep_length       | 2e+03       |
|    mean_reward          | 3.41e+03    |
| time/                   |             |
|    total_timesteps      | 16150000    |
| train/                  |             |
|    approx_kl            | 0.004975422 |
|    clip_fraction        | 0.0408      |
|    clip_range           | 0.2         |
|    entropy_loss         | 1.19        |
|    explained_variance   | 0.907       |
|    learning_rate        | 0.000139    |
|    loss                 | 15.4        |
|    n_updates            | 4150        |
|    policy_gradient_loss | -0.00052    |
|    std                  | 0.134       |
|    value_loss           | 27.5        |
-----------------------------------------
New best mean reward!
---------------------------------
| rollout/           |          |
|    ep_len_mean     | 2e+03    |
|    ep_rew_mean     | 3.13e+03 |
| time/              |          |
|    fps             | 2859     |
|    iterations      | 416      |
|    time_elapsed    | 5660     |
|    total_timesteps | 16187392 |
---------------------------------
------------------------------------------
| rollout/                |              |
|    ep_len_mean          | 2e+03        |
|    ep_rew_mean          | 3.15e+03     |
| time/                   |              |
|    fps                  | 2863         |
|    iterations           | 417          |
|    time_elapsed         | 5666         |
|    total_timesteps      | 16226304     |
| train/                  |              |
|    approx_kl            | 0.0054853507 |
|    clip_fraction        | 0.0543       |
|    clip_range           | 0.2          |
|    entropy_loss         | 1.18         |
|    explained_variance   | 0.936        |
|    learning_rate        | 0.000138     |
|    loss                 | 8.4          |
|    n_updates            | 4160         |
|    policy_gradient_loss | -0.000541    |
|    std                  | 0.134        |
|    value_loss           | 19.1         |
------------------------------------------
-----------------------------------------
| rollout/                |             |
|    ep_len_mean          | 2e+03       |
|    ep_rew_mean          | 3.13e+03    |
| time/                   |             |
|    fps                  | 2867        |
|    iterations           | 418         |
|    time_elapsed         | 5672        |
|    total_timesteps      | 16265216    |
| train/                  |             |
|    approx_kl            | 0.008305437 |
|    clip_fraction        | 0.0722      |
|    clip_range           | 0.2         |
|    entropy_loss         | 1.17        |
|    explained_variance   | 0.934       |
|    learning_rate        | 0.000138    |
|    loss                 | 9.42        |
|    n_updates            | 4170        |
|    policy_gradient_loss | -3.38e-05   |
|    std                  | 0.135       |
|    value_loss           | 16.9        |
-----------------------------------------
-----------------------------------------
| rollout/                |             |
|    ep_len_mean          | 2e+03       |
|    ep_rew_mean          | 3.14e+03    |
| time/                   |             |
|    fps                  | 2871        |
|    iterations           | 419         |
|    time_elapsed         | 5678        |
|    total_timesteps      | 16304128    |
| train/                  |             |
|    approx_kl            | 0.005009941 |
|    clip_fraction        | 0.0471      |
|    clip_range           | 0.2         |
|    entropy_loss         | 1.16        |
|    explained_variance   | 0.929       |
|    learning_rate        | 0.000137    |
|    loss                 | 15.8        |
|    n_updates            | 4180        |
|    policy_gradient_loss | -0.000584   |
|    std                  | 0.135       |
|    value_loss           | 23.9        |
-----------------------------------------
Eval num_timesteps=16340000, episode_reward=3404.68 +/- 347.95
Episode length: 2000.00 +/- 0.00
------------------------------------------
| eval/                   |              |
|    mean_ep_length       | 2e+03        |
|    mean_reward          | 3.4e+03      |
| time/                   |              |
|    total_timesteps      | 16340000     |
| train/                  |              |
|    approx_kl            | 0.0044797543 |
|    clip_fraction        | 0.0501       |
|    clip_range           | 0.2          |
|    entropy_loss         | 1.16         |
|    explained_variance   | 0.92         |
|    learning_rate        | 0.000137     |
|    loss                 | 14.8         |
|    n_updates            | 4190         |
|    policy_gradient_loss | -0.000439    |
|    std                  | 0.136        |
|    value_loss           | 25           |
------------------------------------------
---------------------------------
| rollout/           |          |
|    ep_len_mean     | 2e+03    |
|    ep_rew_mean     | 3.13e+03 |
| time/              |          |
|    fps             | 2865     |
|    iterations      | 420      |
|    time_elapsed    | 5704     |
|    total_timesteps | 16343040 |
---------------------------------
------------------------------------------
| rollout/                |              |
|    ep_len_mean          | 1.99e+03     |
|    ep_rew_mean          | 3.08e+03     |
| time/                   |              |
|    fps                  | 2868         |
|    iterations           | 421          |
|    time_elapsed         | 5710         |
|    total_timesteps      | 16381952     |
| train/                  |              |
|    approx_kl            | 0.0050980533 |
|    clip_fraction        | 0.0557       |
|    clip_range           | 0.2          |
|    entropy_loss         | 1.15         |
|    explained_variance   | 0.918        |
|    learning_rate        | 0.000137     |
|    loss                 | 11.6         |
|    n_updates            | 4200         |
|    policy_gradient_loss | -0.000902    |
|    std                  | 0.136        |
|    value_loss           | 23.9         |
------------------------------------------
------------------------------------------
| rollout/                |              |
|    ep_len_mean          | 1.99e+03     |
|    ep_rew_mean          | 3.05e+03     |
| time/                   |              |
|    fps                  | 2872         |
|    iterations           | 422          |
|    time_elapsed         | 5715         |
|    total_timesteps      | 16420864     |
| train/                  |              |
|    approx_kl            | 0.0062768827 |
|    clip_fraction        | 0.0443       |
|    clip_range           | 0.2          |
|    entropy_loss         | 1.14         |
|    explained_variance   | 0.921        |
|    learning_rate        | 0.000136     |
|    loss                 | 6.21         |
|    n_updates            | 4210         |
|    policy_gradient_loss | -0.00115     |
|    std                  | 0.137        |
|    value_loss           | 21.7         |
------------------------------------------
------------------------------------------
| rollout/                |              |
|    ep_len_mean          | 1.99e+03     |
|    ep_rew_mean          | 3.05e+03     |
| time/                   |              |
|    fps                  | 2876         |
|    iterations           | 423          |
|    time_elapsed         | 5721         |
|    total_timesteps      | 16459776     |
| train/                  |              |
|    approx_kl            | 0.0052005337 |
|    clip_fraction        | 0.0629       |
|    clip_range           | 0.2          |
|    entropy_loss         | 1.13         |
|    explained_variance   | 0.934        |
|    learning_rate        | 0.000136     |
|    loss                 | 11.9         |
|    n_updates            | 4220         |
|    policy_gradient_loss | -0.000467    |
|    std                  | 0.137        |
|    value_loss           | 12.4         |
------------------------------------------
------------------------------------------
| rollout/                |              |
|    ep_len_mean          | 1.99e+03     |
|    ep_rew_mean          | 3.07e+03     |
| time/                   |              |
|    fps                  | 2880         |
|    iterations           | 424          |
|    time_elapsed         | 5727         |
|    total_timesteps      | 16498688     |
| train/                  |              |
|    approx_kl            | 0.0050851484 |
|    clip_fraction        | 0.0479       |
|    clip_range           | 0.2          |
|    entropy_loss         | 1.13         |
|    explained_variance   | 0.923        |
|    learning_rate        | 0.000135     |
|    loss                 | 11.2         |
|    n_updates            | 4230         |
|    policy_gradient_loss | -0.000581    |
|    std                  | 0.138        |
|    value_loss           | 22           |
------------------------------------------
Eval num_timesteps=16530000, episode_reward=3362.01 +/- 358.33
Episode length: 2000.00 +/- 0.00
------------------------------------------
| eval/                   |              |
|    mean_ep_length       | 2e+03        |
|    mean_reward          | 3.36e+03     |
| time/                   |              |
|    total_timesteps      | 16530000     |
| train/                  |              |
|    approx_kl            | 0.0053022825 |
|    clip_fraction        | 0.0558       |
|    clip_range           | 0.2          |
|    entropy_loss         | 1.13         |
|    explained_variance   | 0.932        |
|    learning_rate        | 0.000135     |
|    loss                 | 7            |
|    n_updates            | 4240         |
|    policy_gradient_loss | -0.000974    |
|    std                  | 0.137        |
|    value_loss           | 20.2         |
------------------------------------------
---------------------------------
| rollout/           |          |
|    ep_len_mean     | 1.99e+03 |
|    ep_rew_mean     | 3.09e+03 |
| time/              |          |
|    fps             | 2874     |
|    iterations      | 425      |
|    time_elapsed    | 5753     |
|    total_timesteps | 16537600 |
---------------------------------
----------------------------------------
| rollout/                |            |
|    ep_len_mean          | 2e+03      |
|    ep_rew_mean          | 3.14e+03   |
| time/                   |            |
|    fps                  | 2878       |
|    iterations           | 426        |
|    time_elapsed         | 5759       |
|    total_timesteps      | 16576512   |
| train/                  |            |
|    approx_kl            | 0.00422192 |
|    clip_fraction        | 0.048      |
|    clip_range           | 0.2        |
|    entropy_loss         | 1.14       |
|    explained_variance   | 0.94       |
|    learning_rate        | 0.000135   |
|    loss                 | 12.9       |
|    n_updates            | 4250       |
|    policy_gradient_loss | -0.000479  |
|    std                  | 0.137      |
|    value_loss           | 18.7       |
----------------------------------------
-----------------------------------------
| rollout/                |             |
|    ep_len_mean          | 2e+03       |
|    ep_rew_mean          | 3.14e+03    |
| time/                   |             |
|    fps                  | 2882        |
|    iterations           | 427         |
|    time_elapsed         | 5765        |
|    total_timesteps      | 16615424    |
| train/                  |             |
|    approx_kl            | 0.005951584 |
|    clip_fraction        | 0.055       |
|    clip_range           | 0.2         |
|    entropy_loss         | 1.13        |
|    explained_variance   | 0.931       |
|    learning_rate        | 0.000134    |
|    loss                 | 13.4        |
|    n_updates            | 4260        |
|    policy_gradient_loss | -0.000875   |
|    std                  | 0.138       |
|    value_loss           | 20.4        |
-----------------------------------------
------------------------------------------
| rollout/                |              |
|    ep_len_mean          | 2e+03        |
|    ep_rew_mean          | 3.12e+03     |
| time/                   |              |
|    fps                  | 2885         |
|    iterations           | 428          |
|    time_elapsed         | 5770         |
|    total_timesteps      | 16654336     |
| train/                  |              |
|    approx_kl            | 0.0064384574 |
|    clip_fraction        | 0.0567       |
|    clip_range           | 0.2          |
|    entropy_loss         | 1.13         |
|    explained_variance   | 0.926        |
|    learning_rate        | 0.000134     |
|    loss                 | 5.76         |
|    n_updates            | 4270         |
|    policy_gradient_loss | -0.000485    |
|    std                  | 0.138        |
|    value_loss           | 17.2         |
------------------------------------------
------------------------------------------
| rollout/                |              |
|    ep_len_mean          | 2e+03        |
|    ep_rew_mean          | 3.1e+03      |
| time/                   |              |
|    fps                  | 2889         |
|    iterations           | 429          |
|    time_elapsed         | 5776         |
|    total_timesteps      | 16693248     |
| train/                  |              |
|    approx_kl            | 0.0040906346 |
|    clip_fraction        | 0.0563       |
|    clip_range           | 0.2          |
|    entropy_loss         | 1.13         |
|    explained_variance   | 0.912        |
|    learning_rate        | 0.000133     |
|    loss                 | 11.6         |
|    n_updates            | 4280         |
|    policy_gradient_loss | -0.000762    |
|    std                  | 0.138        |
|    value_loss           | 27           |
------------------------------------------
Eval num_timesteps=16720000, episode_reward=3346.14 +/- 357.11
Episode length: 2000.00 +/- 0.00
------------------------------------------
| eval/                   |              |
|    mean_ep_length       | 2e+03        |
|    mean_reward          | 3.35e+03     |
| time/                   |              |
|    total_timesteps      | 16720000     |
| train/                  |              |
|    approx_kl            | 0.0048804497 |
|    clip_fraction        | 0.0622       |
|    clip_range           | 0.2          |
|    entropy_loss         | 1.13         |
|    explained_variance   | 0.928        |
|    learning_rate        | 0.000133     |
|    loss                 | 7.63         |
|    n_updates            | 4290         |
|    policy_gradient_loss | -8.33e-05    |
|    std                  | 0.138        |
|    value_loss           | 16.4         |
------------------------------------------
---------------------------------
| rollout/           |          |
|    ep_len_mean     | 2e+03    |
|    ep_rew_mean     | 3.11e+03 |
| time/              |          |
|    fps             | 2883     |
|    iterations      | 430      |
|    time_elapsed    | 5803     |
|    total_timesteps | 16732160 |
---------------------------------
------------------------------------------
| rollout/                |              |
|    ep_len_mean          | 2e+03        |
|    ep_rew_mean          | 3.13e+03     |
| time/                   |              |
|    fps                  | 2887         |
|    iterations           | 431          |
|    time_elapsed         | 5808         |
|    total_timesteps      | 16771072     |
| train/                  |              |
|    approx_kl            | 0.0052141696 |
|    clip_fraction        | 0.0593       |
|    clip_range           | 0.2          |
|    entropy_loss         | 1.12         |
|    explained_variance   | 0.92         |
|    learning_rate        | 0.000133     |
|    loss                 | 3.38         |
|    n_updates            | 4300         |
|    policy_gradient_loss | -0.0005      |
|    std                  | 0.138        |
|    value_loss           | 13.8         |
------------------------------------------
------------------------------------------
| rollout/                |              |
|    ep_len_mean          | 2e+03        |
|    ep_rew_mean          | 3.13e+03     |
| time/                   |              |
|    fps                  | 2890         |
|    iterations           | 432          |
|    time_elapsed         | 5814         |
|    total_timesteps      | 16809984     |
| train/                  |              |
|    approx_kl            | 0.0039723483 |
|    clip_fraction        | 0.0498       |
|    clip_range           | 0.2          |
|    entropy_loss         | 1.11         |
|    explained_variance   | 0.922        |
|    learning_rate        | 0.000132     |
|    loss                 | 11.9         |
|    n_updates            | 4310         |
|    policy_gradient_loss | -0.000761    |
|    std                  | 0.139        |
|    value_loss           | 18.9         |
------------------------------------------
-----------------------------------------
| rollout/                |             |
|    ep_len_mean          | 2e+03       |
|    ep_rew_mean          | 3.13e+03    |
| time/                   |             |
|    fps                  | 2894        |
|    iterations           | 433         |
|    time_elapsed         | 5820        |
|    total_timesteps      | 16848896    |
| train/                  |             |
|    approx_kl            | 0.004742124 |
|    clip_fraction        | 0.0581      |
|    clip_range           | 0.2         |
|    entropy_loss         | 1.1         |
|    explained_variance   | 0.924       |
|    learning_rate        | 0.000132    |
|    loss                 | 4.59        |
|    n_updates            | 4320        |
|    policy_gradient_loss | -0.000293   |
|    std                  | 0.14        |
|    value_loss           | 18.1        |
-----------------------------------------
-----------------------------------------
| rollout/                |             |
|    ep_len_mean          | 2e+03       |
|    ep_rew_mean          | 3.14e+03    |
| time/                   |             |
|    fps                  | 2898        |
|    iterations           | 434         |
|    time_elapsed         | 5826        |
|    total_timesteps      | 16887808    |
| train/                  |             |
|    approx_kl            | 0.005702477 |
|    clip_fraction        | 0.0558      |
|    clip_range           | 0.2         |
|    entropy_loss         | 1.09        |
|    explained_variance   | 0.934       |
|    learning_rate        | 0.000132    |
|    loss                 | 7.45        |
|    n_updates            | 4330        |
|    policy_gradient_loss | -0.000777   |
|    std                  | 0.141       |
|    value_loss           | 15.8        |
-----------------------------------------
Eval num_timesteps=16910000, episode_reward=3356.12 +/- 349.14
Episode length: 2000.00 +/- 0.00
-----------------------------------------
| eval/                   |             |
|    mean_ep_length       | 2e+03       |
|    mean_reward          | 3.36e+03    |
| time/                   |             |
|    total_timesteps      | 16910000    |
| train/                  |             |
|    approx_kl            | 0.005934376 |
|    clip_fraction        | 0.0519      |
|    clip_range           | 0.2         |
|    entropy_loss         | 1.08        |
|    explained_variance   | 0.934       |
|    learning_rate        | 0.000131    |
|    loss                 | 5.57        |
|    n_updates            | 4340        |
|    policy_gradient_loss | -0.000925   |
|    std                  | 0.141       |
|    value_loss           | 14.7        |
-----------------------------------------
---------------------------------
| rollout/           |          |
|    ep_len_mean     | 2e+03    |
|    ep_rew_mean     | 3.13e+03 |
| time/              |          |
|    fps             | 2892     |
|    iterations      | 435      |
|    time_elapsed    | 5852     |
|    total_timesteps | 16926720 |
---------------------------------
-----------------------------------------
| rollout/                |             |
|    ep_len_mean          | 2e+03       |
|    ep_rew_mean          | 3.1e+03     |
| time/                   |             |
|    fps                  | 2895        |
|    iterations           | 436         |
|    time_elapsed         | 5858        |
|    total_timesteps      | 16965632    |
| train/                  |             |
|    approx_kl            | 0.005993845 |
|    clip_fraction        | 0.0544      |
|    clip_range           | 0.2         |
|    entropy_loss         | 1.09        |
|    explained_variance   | 0.903       |
|    learning_rate        | 0.000131    |
|    loss                 | 6.64        |
|    n_updates            | 4350        |
|    policy_gradient_loss | -0.000527   |
|    std                  | 0.14        |
|    value_loss           | 23.5        |
-----------------------------------------
-----------------------------------------
| rollout/                |             |
|    ep_len_mean          | 2e+03       |
|    ep_rew_mean          | 3.11e+03    |
| time/                   |             |
|    fps                  | 2899        |
|    iterations           | 437         |
|    time_elapsed         | 5864        |
|    total_timesteps      | 17004544    |
| train/                  |             |
|    approx_kl            | 0.004604949 |
|    clip_fraction        | 0.0486      |
|    clip_range           | 0.2         |
|    entropy_loss         | 1.09        |
|    explained_variance   | 0.913       |
|    learning_rate        | 0.00013     |
|    loss                 | 7.01        |
|    n_updates            | 4360        |
|    policy_gradient_loss | -0.000958   |
|    std                  | 0.14        |
|    value_loss           | 19          |
-----------------------------------------
------------------------------------------
| rollout/                |              |
|    ep_len_mean          | 2e+03        |
|    ep_rew_mean          | 3.13e+03     |
| time/                   |              |
|    fps                  | 2903         |
|    iterations           | 438          |
|    time_elapsed         | 5869         |
|    total_timesteps      | 17043456     |
| train/                  |              |
|    approx_kl            | 0.0049486486 |
|    clip_fraction        | 0.0601       |
|    clip_range           | 0.2          |
|    entropy_loss         | 1.09         |
|    explained_variance   | 0.93         |
|    learning_rate        | 0.00013      |
|    loss                 | 9.29         |
|    n_updates            | 4370         |
|    policy_gradient_loss | -0.00117     |
|    std                  | 0.14         |
|    value_loss           | 14.8         |
------------------------------------------
-----------------------------------------
| rollout/                |             |
|    ep_len_mean          | 2e+03       |
|    ep_rew_mean          | 3.17e+03    |
| time/                   |             |
|    fps                  | 2907        |
|    iterations           | 439         |
|    time_elapsed         | 5875        |
|    total_timesteps      | 17082368    |
| train/                  |             |
|    approx_kl            | 0.004896888 |
|    clip_fraction        | 0.0442      |
|    clip_range           | 0.2         |
|    entropy_loss         | 1.1         |
|    explained_variance   | 0.917       |
|    learning_rate        | 0.00013     |
|    loss                 | 11.4        |
|    n_updates            | 4380        |
|    policy_gradient_loss | -0.000414   |
|    std                  | 0.139       |
|    value_loss           | 16.5        |
-----------------------------------------
Eval num_timesteps=17100000, episode_reward=3390.03 +/- 333.89
Episode length: 2000.00 +/- 0.00
------------------------------------------
| eval/                   |              |
|    mean_ep_length       | 2e+03        |
|    mean_reward          | 3.39e+03     |
| time/                   |              |
|    total_timesteps      | 17100000     |
| train/                  |              |
|    approx_kl            | 0.0059599523 |
|    clip_fraction        | 0.0469       |
|    clip_range           | 0.2          |
|    entropy_loss         | 1.1          |
|    explained_variance   | 0.929        |
|    learning_rate        | 0.000129     |
|    loss                 | 6.87         |
|    n_updates            | 4390         |
|    policy_gradient_loss | -0.000557    |
|    std                  | 0.14         |
|    value_loss           | 18.4         |
------------------------------------------
---------------------------------
| rollout/           |          |
|    ep_len_mean     | 2e+03    |
|    ep_rew_mean     | 3.19e+03 |
| time/              |          |
|    fps             | 2900     |
|    iterations      | 440      |
|    time_elapsed    | 5902     |
|    total_timesteps | 17121280 |
---------------------------------
------------------------------------------
| rollout/                |              |
|    ep_len_mean          | 2e+03        |
|    ep_rew_mean          | 3.16e+03     |
| time/                   |              |
|    fps                  | 2904         |
|    iterations           | 441          |
|    time_elapsed         | 5907         |
|    total_timesteps      | 17160192     |
| train/                  |              |
|    approx_kl            | 0.0049603623 |
|    clip_fraction        | 0.0482       |
|    clip_range           | 0.2          |
|    entropy_loss         | 1.1          |
|    explained_variance   | 0.915        |
|    learning_rate        | 0.000129     |
|    loss                 | 13.2         |
|    n_updates            | 4400         |
|    policy_gradient_loss | -0.000187    |
|    std                  | 0.14         |
|    value_loss           | 20.5         |
------------------------------------------
------------------------------------------
| rollout/                |              |
|    ep_len_mean          | 2e+03        |
|    ep_rew_mean          | 3.16e+03     |
| time/                   |              |
|    fps                  | 2908         |
|    iterations           | 442          |
|    time_elapsed         | 5913         |
|    total_timesteps      | 17199104     |
| train/                  |              |
|    approx_kl            | 0.0051899306 |
|    clip_fraction        | 0.0438       |
|    clip_range           | 0.2          |
|    entropy_loss         | 1.1          |
|    explained_variance   | 0.926        |
|    learning_rate        | 0.000128     |
|    loss                 | 9.73         |
|    n_updates            | 4410         |
|    policy_gradient_loss | -0.00101     |
|    std                  | 0.139        |
|    value_loss           | 23.4         |
------------------------------------------
-----------------------------------------
| rollout/                |             |
|    ep_len_mean          | 2e+03       |
|    ep_rew_mean          | 3.17e+03    |
| time/                   |             |
|    fps                  | 2912        |
|    iterations           | 443         |
|    time_elapsed         | 5919        |
|    total_timesteps      | 17238016    |
| train/                  |             |
|    approx_kl            | 0.005431837 |
|    clip_fraction        | 0.0576      |
|    clip_range           | 0.2         |
|    entropy_loss         | 1.1         |
|    explained_variance   | 0.918       |
|    learning_rate        | 0.000128    |
|    loss                 | 5.57        |
|    n_updates            | 4420        |
|    policy_gradient_loss | -0.000616   |
|    std                  | 0.14        |
|    value_loss           | 18.3        |
-----------------------------------------
-----------------------------------------
| rollout/                |             |
|    ep_len_mean          | 2e+03       |
|    ep_rew_mean          | 3.15e+03    |
| time/                   |             |
|    fps                  | 2915        |
|    iterations           | 444         |
|    time_elapsed         | 5925        |
|    total_timesteps      | 17276928    |
| train/                  |             |
|    approx_kl            | 0.005650092 |
|    clip_fraction        | 0.0481      |
|    clip_range           | 0.2         |
|    entropy_loss         | 1.1         |
|    explained_variance   | 0.918       |
|    learning_rate        | 0.000128    |
|    loss                 | 15.7        |
|    n_updates            | 4430        |
|    policy_gradient_loss | -0.000521   |
|    std                  | 0.14        |
|    value_loss           | 22.2        |
-----------------------------------------
Eval num_timesteps=17290000, episode_reward=3396.86 +/- 318.48
Episode length: 2000.00 +/- 0.00
------------------------------------------
| eval/                   |              |
|    mean_ep_length       | 2e+03        |
|    mean_reward          | 3.4e+03      |
| time/                   |              |
|    total_timesteps      | 17290000     |
| train/                  |              |
|    approx_kl            | 0.0058250832 |
|    clip_fraction        | 0.0507       |
|    clip_range           | 0.2          |
|    entropy_loss         | 1.1          |
|    explained_variance   | 0.923        |
|    learning_rate        | 0.000127     |
|    loss                 | 6.2          |
|    n_updates            | 4440         |
|    policy_gradient_loss | -0.000385    |
|    std                  | 0.14         |
|    value_loss           | 19.1         |
------------------------------------------
---------------------------------
| rollout/           |          |
|    ep_len_mean     | 2e+03    |
|    ep_rew_mean     | 3.15e+03 |
| time/              |          |
|    fps             | 2909     |
|    iterations      | 445      |
|    time_elapsed    | 5951     |
|    total_timesteps | 17315840 |
---------------------------------
-----------------------------------------
| rollout/                |             |
|    ep_len_mean          | 2e+03       |
|    ep_rew_mean          | 3.19e+03    |
| time/                   |             |
|    fps                  | 2913        |
|    iterations           | 446         |
|    time_elapsed         | 5957        |
|    total_timesteps      | 17354752    |
| train/                  |             |
|    approx_kl            | 0.005234576 |
|    clip_fraction        | 0.05        |
|    clip_range           | 0.2         |
|    entropy_loss         | 1.1         |
|    explained_variance   | 0.932       |
|    learning_rate        | 0.000127    |
|    loss                 | 3.36        |
|    n_updates            | 4450        |
|    policy_gradient_loss | -0.000315   |
|    std                  | 0.139       |
|    value_loss           | 17.8        |
-----------------------------------------
------------------------------------------
| rollout/                |              |
|    ep_len_mean          | 2e+03        |
|    ep_rew_mean          | 3.2e+03      |
| time/                   |              |
|    fps                  | 2916         |
|    iterations           | 447          |
|    time_elapsed         | 5963         |
|    total_timesteps      | 17393664     |
| train/                  |              |
|    approx_kl            | 0.0059812083 |
|    clip_fraction        | 0.0514       |
|    clip_range           | 0.2          |
|    entropy_loss         | 1.1          |
|    explained_variance   | 0.929        |
|    learning_rate        | 0.000126     |
|    loss                 | 8.66         |
|    n_updates            | 4460         |
|    policy_gradient_loss | -0.000997    |
|    std                  | 0.139        |
|    value_loss           | 15.8         |
------------------------------------------
------------------------------------------
| rollout/                |              |
|    ep_len_mean          | 2e+03        |
|    ep_rew_mean          | 3.19e+03     |
| time/                   |              |
|    fps                  | 2920         |
|    iterations           | 448          |
|    time_elapsed         | 5968         |
|    total_timesteps      | 17432576     |
| train/                  |              |
|    approx_kl            | 0.0052844584 |
|    clip_fraction        | 0.0489       |
|    clip_range           | 0.2          |
|    entropy_loss         | 1.1          |
|    explained_variance   | 0.91         |
|    learning_rate        | 0.000126     |
|    loss                 | 8.89         |
|    n_updates            | 4470         |
|    policy_gradient_loss | -0.00055     |
|    std                  | 0.139        |
|    value_loss           | 20.6         |
------------------------------------------
------------------------------------------
| rollout/                |              |
|    ep_len_mean          | 2e+03        |
|    ep_rew_mean          | 3.16e+03     |
| time/                   |              |
|    fps                  | 2924         |
|    iterations           | 449          |
|    time_elapsed         | 5974         |
|    total_timesteps      | 17471488     |
| train/                  |              |
|    approx_kl            | 0.0037407605 |
|    clip_fraction        | 0.046        |
|    clip_range           | 0.2          |
|    entropy_loss         | 1.1          |
|    explained_variance   | 0.925        |
|    learning_rate        | 0.000126     |
|    loss                 | 16.4         |
|    n_updates            | 4480         |
|    policy_gradient_loss | -0.000604    |
|    std                  | 0.139        |
|    value_loss           | 20.6         |
------------------------------------------
Eval num_timesteps=17480000, episode_reward=3395.34 +/- 310.15
Episode length: 2000.00 +/- 0.00
-----------------------------------------
| eval/                   |             |
|    mean_ep_length       | 2e+03       |
|    mean_reward          | 3.4e+03     |
| time/                   |             |
|    total_timesteps      | 17480000    |
| train/                  |             |
|    approx_kl            | 0.004970902 |
|    clip_fraction        | 0.0554      |
|    clip_range           | 0.2         |
|    entropy_loss         | 1.1         |
|    explained_variance   | 0.911       |
|    learning_rate        | 0.000125    |
|    loss                 | 10.5        |
|    n_updates            | 4490        |
|    policy_gradient_loss | -0.000594   |
|    std                  | 0.14        |
|    value_loss           | 18.1        |
-----------------------------------------
---------------------------------
| rollout/           |          |
|    ep_len_mean     | 2e+03    |
|    ep_rew_mean     | 3.17e+03 |
| time/              |          |
|    fps             | 2917     |
|    iterations      | 450      |
|    time_elapsed    | 6001     |
|    total_timesteps | 17510400 |
---------------------------------
-----------------------------------------
| rollout/                |             |
|    ep_len_mean          | 2e+03       |
|    ep_rew_mean          | 3.14e+03    |
| time/                   |             |
|    fps                  | 2921        |
|    iterations           | 451         |
|    time_elapsed         | 6006        |
|    total_timesteps      | 17549312    |
| train/                  |             |
|    approx_kl            | 0.004903966 |
|    clip_fraction        | 0.0469      |
|    clip_range           | 0.2         |
|    entropy_loss         | 1.1         |
|    explained_variance   | 0.903       |
|    learning_rate        | 0.000125    |
|    loss                 | 7.38        |
|    n_updates            | 4500        |
|    policy_gradient_loss | -0.000584   |
|    std                  | 0.14        |
|    value_loss           | 19.8        |
-----------------------------------------
------------------------------------------
| rollout/                |              |
|    ep_len_mean          | 2e+03        |
|    ep_rew_mean          | 3.13e+03     |
| time/                   |              |
|    fps                  | 2925         |
|    iterations           | 452          |
|    time_elapsed         | 6012         |
|    total_timesteps      | 17588224     |
| train/                  |              |
|    approx_kl            | 0.0045438088 |
|    clip_fraction        | 0.0494       |
|    clip_range           | 0.2          |
|    entropy_loss         | 1.1          |
|    explained_variance   | 0.903        |
|    learning_rate        | 0.000125     |
|    loss                 | 5.77         |
|    n_updates            | 4510         |
|    policy_gradient_loss | -0.00064     |
|    std                  | 0.14         |
|    value_loss           | 22.3         |
------------------------------------------
------------------------------------------
| rollout/                |              |
|    ep_len_mean          | 2e+03        |
|    ep_rew_mean          | 3.17e+03     |
| time/                   |              |
|    fps                  | 2928         |
|    iterations           | 453          |
|    time_elapsed         | 6018         |
|    total_timesteps      | 17627136     |
| train/                  |              |
|    approx_kl            | 0.0048832563 |
|    clip_fraction        | 0.0486       |
|    clip_range           | 0.2          |
|    entropy_loss         | 1.1          |
|    explained_variance   | 0.883        |
|    learning_rate        | 0.000124     |
|    loss                 | 11.1         |
|    n_updates            | 4520         |
|    policy_gradient_loss | -7.1e-05     |
|    std                  | 0.14         |
|    value_loss           | 18.5         |
------------------------------------------
-----------------------------------------
| rollout/                |             |
|    ep_len_mean          | 2e+03       |
|    ep_rew_mean          | 3.17e+03    |
| time/                   |             |
|    fps                  | 2932        |
|    iterations           | 454         |
|    time_elapsed         | 6024        |
|    total_timesteps      | 17666048    |
| train/                  |             |
|    approx_kl            | 0.004507153 |
|    clip_fraction        | 0.0495      |
|    clip_range           | 0.2         |
|    entropy_loss         | 1.1         |
|    explained_variance   | 0.89        |
|    learning_rate        | 0.000124    |
|    loss                 | 10.3        |
|    n_updates            | 4530        |
|    policy_gradient_loss | -0.00133    |
|    std                  | 0.14        |
|    value_loss           | 24.3        |
-----------------------------------------
Eval num_timesteps=17670000, episode_reward=3439.89 +/- 297.79
Episode length: 2000.00 +/- 0.00
-----------------------------------------
| eval/                   |             |
|    mean_ep_length       | 2e+03       |
|    mean_reward          | 3.44e+03    |
| time/                   |             |
|    total_timesteps      | 17670000    |
| train/                  |             |
|    approx_kl            | 0.005371652 |
|    clip_fraction        | 0.0568      |
|    clip_range           | 0.2         |
|    entropy_loss         | 1.1         |
|    explained_variance   | 0.918       |
|    learning_rate        | 0.000123    |
|    loss                 | 5.1         |
|    n_updates            | 4540        |
|    policy_gradient_loss | -0.000308   |
|    std                  | 0.139       |
|    value_loss           | 13.6        |
-----------------------------------------
New best mean reward!
---------------------------------
| rollout/           |          |
|    ep_len_mean     | 2e+03    |
|    ep_rew_mean     | 3.19e+03 |
| time/              |          |
|    fps             | 2926     |
|    iterations      | 455      |
|    time_elapsed    | 6050     |
|    total_timesteps | 17704960 |
---------------------------------
------------------------------------------
| rollout/                |              |
|    ep_len_mean          | 2e+03        |
|    ep_rew_mean          | 3.18e+03     |
| time/                   |              |
|    fps                  | 2929         |
|    iterations           | 456          |
|    time_elapsed         | 6056         |
|    total_timesteps      | 17743872     |
| train/                  |              |
|    approx_kl            | 0.0055487514 |
|    clip_fraction        | 0.054        |
|    clip_range           | 0.2          |
|    entropy_loss         | 1.1          |
|    explained_variance   | 0.898        |
|    learning_rate        | 0.000123     |
|    loss                 | 17.4         |
|    n_updates            | 4550         |
|    policy_gradient_loss | -0.000702    |
|    std                  | 0.14         |
|    value_loss           | 24.5         |
------------------------------------------
------------------------------------------
| rollout/                |              |
|    ep_len_mean          | 2e+03        |
|    ep_rew_mean          | 3.19e+03     |
| time/                   |              |
|    fps                  | 2933         |
|    iterations           | 457          |
|    time_elapsed         | 6062         |
|    total_timesteps      | 17782784     |
| train/                  |              |
|    approx_kl            | 0.0050995587 |
|    clip_fraction        | 0.05         |
|    clip_range           | 0.2          |
|    entropy_loss         | 1.09         |
|    explained_variance   | 0.908        |
|    learning_rate        | 0.000123     |
|    loss                 | 14.3         |
|    n_updates            | 4560         |
|    policy_gradient_loss | -0.000451    |
|    std                  | 0.14         |
|    value_loss           | 19.8         |
------------------------------------------
------------------------------------------
| rollout/                |              |
|    ep_len_mean          | 1.98e+03     |
|    ep_rew_mean          | 3.14e+03     |
| time/                   |              |
|    fps                  | 2937         |
|    iterations           | 458          |
|    time_elapsed         | 6067         |
|    total_timesteps      | 17821696     |
| train/                  |              |
|    approx_kl            | 0.0060378127 |
|    clip_fraction        | 0.055        |
|    clip_range           | 0.2          |
|    entropy_loss         | 1.09         |
|    explained_variance   | 0.913        |
|    learning_rate        | 0.000122     |
|    loss                 | 9.17         |
|    n_updates            | 4570         |
|    policy_gradient_loss | -0.00111     |
|    std                  | 0.14         |
|    value_loss           | 22.1         |
------------------------------------------
Eval num_timesteps=17860000, episode_reward=3427.21 +/- 290.54
Episode length: 2000.00 +/- 0.00
-----------------------------------------
| eval/                   |             |
|    mean_ep_length       | 2e+03       |
|    mean_reward          | 3.43e+03    |
| time/                   |             |
|    total_timesteps      | 17860000    |
| train/                  |             |
|    approx_kl            | 0.006023737 |
|    clip_fraction        | 0.0429      |
|    clip_range           | 0.2         |
|    entropy_loss         | 1.09        |
|    explained_variance   | 0.901       |
|    learning_rate        | 0.000122    |
|    loss                 | 6.53        |
|    n_updates            | 4580        |
|    policy_gradient_loss | -0.000697   |
|    std                  | 0.141       |
|    value_loss           | 19.1        |
-----------------------------------------
---------------------------------
| rollout/           |          |
|    ep_len_mean     | 1.98e+03 |
|    ep_rew_mean     | 3.14e+03 |
| time/              |          |
|    fps             | 2930     |
|    iterations      | 459      |
|    time_elapsed    | 6094     |
|    total_timesteps | 17860608 |
---------------------------------
------------------------------------------
| rollout/                |              |
|    ep_len_mean          | 1.98e+03     |
|    ep_rew_mean          | 3.13e+03     |
| time/                   |              |
|    fps                  | 2934         |
|    iterations           | 460          |
|    time_elapsed         | 6099         |
|    total_timesteps      | 17899520     |
| train/                  |              |
|    approx_kl            | 0.0050280374 |
|    clip_fraction        | 0.0525       |
|    clip_range           | 0.2          |
|    entropy_loss         | 1.08         |
|    explained_variance   | 0.913        |
|    learning_rate        | 0.000121     |
|    loss                 | 15.4         |
|    n_updates            | 4590         |
|    policy_gradient_loss | -0.000672    |
|    std                  | 0.141        |
|    value_loss           | 21.3         |
------------------------------------------
------------------------------------------
| rollout/                |              |
|    ep_len_mean          | 1.98e+03     |
|    ep_rew_mean          | 3.14e+03     |
| time/                   |              |
|    fps                  | 2938         |
|    iterations           | 461          |
|    time_elapsed         | 6105         |
|    total_timesteps      | 17938432     |
| train/                  |              |
|    approx_kl            | 0.0049125194 |
|    clip_fraction        | 0.0465       |
|    clip_range           | 0.2          |
|    entropy_loss         | 1.08         |
|    explained_variance   | 0.926        |
|    learning_rate        | 0.000121     |
|    loss                 | 9.3          |
|    n_updates            | 4600         |
|    policy_gradient_loss | 1.32e-05     |
|    std                  | 0.141        |
|    value_loss           | 22.9         |
------------------------------------------
-----------------------------------------
| rollout/                |             |
|    ep_len_mean          | 1.98e+03    |
|    ep_rew_mean          | 3.17e+03    |
| time/                   |             |
|    fps                  | 2941        |
|    iterations           | 462         |
|    time_elapsed         | 6111        |
|    total_timesteps      | 17977344    |
| train/                  |             |
|    approx_kl            | 0.004932935 |
|    clip_fraction        | 0.0542      |
|    clip_range           | 0.2         |
|    entropy_loss         | 1.08        |
|    explained_variance   | 0.913       |
|    learning_rate        | 0.000121    |
|    loss                 | 9.32        |
|    n_updates            | 4610        |
|    policy_gradient_loss | -0.000859   |
|    std                  | 0.141       |
|    value_loss           | 20.6        |
-----------------------------------------
-----------------------------------------
| rollout/                |             |
|    ep_len_mean          | 1.96e+03    |
|    ep_rew_mean          | 3.11e+03    |
| time/                   |             |
|    fps                  | 2945        |
|    iterations           | 463         |
|    time_elapsed         | 6117        |
|    total_timesteps      | 18016256    |
| train/                  |             |
|    approx_kl            | 0.004009764 |
|    clip_fraction        | 0.0464      |
|    clip_range           | 0.2         |
|    entropy_loss         | 1.08        |
|    explained_variance   | 0.909       |
|    learning_rate        | 0.00012     |
|    loss                 | 13.3        |
|    n_updates            | 4620        |
|    policy_gradient_loss | -0.000746   |
|    std                  | 0.141       |
|    value_loss           | 24.2        |
-----------------------------------------
Eval num_timesteps=18050000, episode_reward=3399.95 +/- 297.23
Episode length: 2000.00 +/- 0.00
------------------------------------------
| eval/                   |              |
|    mean_ep_length       | 2e+03        |
|    mean_reward          | 3.4e+03      |
| time/                   |              |
|    total_timesteps      | 18050000     |
| train/                  |              |
|    approx_kl            | 0.0051736874 |
|    clip_fraction        | 0.0559       |
|    clip_range           | 0.2          |
|    entropy_loss         | 1.08         |
|    explained_variance   | 0.906        |
|    learning_rate        | 0.00012      |
|    loss                 | 14.6         |
|    n_updates            | 4630         |
|    policy_gradient_loss | -0.00105     |
|    std                  | 0.141        |
|    value_loss           | 20.1         |
------------------------------------------
---------------------------------
| rollout/           |          |
|    ep_len_mean     | 1.98e+03 |
|    ep_rew_mean     | 3.16e+03 |
| time/              |          |
|    fps             | 2938     |
|    iterations      | 464      |
|    time_elapsed    | 6143     |
|    total_timesteps | 18055168 |
---------------------------------
------------------------------------------
| rollout/                |              |
|    ep_len_mean          | 1.96e+03     |
|    ep_rew_mean          | 3.09e+03     |
| time/                   |              |
|    fps                  | 2942         |
|    iterations           | 465          |
|    time_elapsed         | 6149         |
|    total_timesteps      | 18094080     |
| train/                  |              |
|    approx_kl            | 0.0053159236 |
|    clip_fraction        | 0.058        |
|    clip_range           | 0.2          |
|    entropy_loss         | 1.07         |
|    explained_variance   | 0.891        |
|    learning_rate        | 0.000119     |
|    loss                 | 7.99         |
|    n_updates            | 4640         |
|    policy_gradient_loss | -0.000378    |
|    std                  | 0.141        |
|    value_loss           | 20.4         |
------------------------------------------
------------------------------------------
| rollout/                |              |
|    ep_len_mean          | 1.96e+03     |
|    ep_rew_mean          | 3.08e+03     |
| time/                   |              |
|    fps                  | 2945         |
|    iterations           | 466          |
|    time_elapsed         | 6155         |
|    total_timesteps      | 18132992     |
| train/                  |              |
|    approx_kl            | 0.0043383213 |
|    clip_fraction        | 0.0413       |
|    clip_range           | 0.2          |
|    entropy_loss         | 1.07         |
|    explained_variance   | 0.919        |
|    learning_rate        | 0.000119     |
|    loss                 | 7.84         |
|    n_updates            | 4650         |
|    policy_gradient_loss | -0.00106     |
|    std                  | 0.142        |
|    value_loss           | 25.6         |
------------------------------------------
------------------------------------------
| rollout/                |              |
|    ep_len_mean          | 1.96e+03     |
|    ep_rew_mean          | 3.06e+03     |
| time/                   |              |
|    fps                  | 2949         |
|    iterations           | 467          |
|    time_elapsed         | 6161         |
|    total_timesteps      | 18171904     |
| train/                  |              |
|    approx_kl            | 0.0044627213 |
|    clip_fraction        | 0.0487       |
|    clip_range           | 0.2          |
|    entropy_loss         | 1.08         |
|    explained_variance   | 0.889        |
|    learning_rate        | 0.000119     |
|    loss                 | 5.86         |
|    n_updates            | 4660         |
|    policy_gradient_loss | -0.000861    |
|    std                  | 0.141        |
|    value_loss           | 26.3         |
------------------------------------------
-----------------------------------------
| rollout/                |             |
|    ep_len_mean          | 1.96e+03    |
|    ep_rew_mean          | 3.06e+03    |
| time/                   |             |
|    fps                  | 2952        |
|    iterations           | 468         |
|    time_elapsed         | 6167        |
|    total_timesteps      | 18210816    |
| train/                  |             |
|    approx_kl            | 0.005241363 |
|    clip_fraction        | 0.0443      |
|    clip_range           | 0.2         |
|    entropy_loss         | 1.08        |
|    explained_variance   | 0.884       |
|    learning_rate        | 0.000118    |
|    loss                 | 8.98        |
|    n_updates            | 4670        |
|    policy_gradient_loss | -0.0013     |
|    std                  | 0.142       |
|    value_loss           | 25.2        |
-----------------------------------------
Eval num_timesteps=18240000, episode_reward=3426.38 +/- 294.71
Episode length: 2000.00 +/- 0.00
------------------------------------------
| eval/                   |              |
|    mean_ep_length       | 2e+03        |
|    mean_reward          | 3.43e+03     |
| time/                   |              |
|    total_timesteps      | 18240000     |
| train/                  |              |
|    approx_kl            | 0.0058242385 |
|    clip_fraction        | 0.0598       |
|    clip_range           | 0.2          |
|    entropy_loss         | 1.07         |
|    explained_variance   | 0.917        |
|    learning_rate        | 0.000118     |
|    loss                 | 16.2         |
|    n_updates            | 4680         |
|    policy_gradient_loss | -0.00106     |
|    std                  | 0.142        |
|    value_loss           | 24.7         |
------------------------------------------
---------------------------------
| rollout/           |          |
|    ep_len_mean     | 1.96e+03 |
|    ep_rew_mean     | 3.07e+03 |
| time/              |          |
|    fps             | 2946     |
|    iterations      | 469      |
|    time_elapsed    | 6193     |
|    total_timesteps | 18249728 |
---------------------------------
-----------------------------------------
| rollout/                |             |
|    ep_len_mean          | 1.99e+03    |
|    ep_rew_mean          | 3.14e+03    |
| time/                   |             |
|    fps                  | 2949        |
|    iterations           | 470         |
|    time_elapsed         | 6199        |
|    total_timesteps      | 18288640    |
| train/                  |             |
|    approx_kl            | 0.005723376 |
|    clip_fraction        | 0.0545      |
|    clip_range           | 0.2         |
|    entropy_loss         | 1.06        |
|    explained_variance   | 0.911       |
|    learning_rate        | 0.000118    |
|    loss                 | 7.81        |
|    n_updates            | 4690        |
|    policy_gradient_loss | -0.00068    |
|    std                  | 0.143       |
|    value_loss           | 16.8        |
-----------------------------------------
----------------------------------------
| rollout/                |            |
|    ep_len_mean          | 1.99e+03   |
|    ep_rew_mean          | 3.15e+03   |
| time/                   |            |
|    fps                  | 2953       |
|    iterations           | 471        |
|    time_elapsed         | 6205       |
|    total_timesteps      | 18327552   |
| train/                  |            |
|    approx_kl            | 0.00496563 |
|    clip_fraction        | 0.0551     |
|    clip_range           | 0.2        |
|    entropy_loss         | 1.05       |
|    explained_variance   | 0.886      |
|    learning_rate        | 0.000117   |
|    loss                 | 10.4       |
|    n_updates            | 4700       |
|    policy_gradient_loss | 8.41e-05   |
|    std                  | 0.143      |
|    value_loss           | 20         |
----------------------------------------
-----------------------------------------
| rollout/                |             |
|    ep_len_mean          | 1.99e+03    |
|    ep_rew_mean          | 3.14e+03    |
| time/                   |             |
|    fps                  | 2957        |
|    iterations           | 472         |
|    time_elapsed         | 6211        |
|    total_timesteps      | 18366464    |
| train/                  |             |
|    approx_kl            | 0.005668446 |
|    clip_fraction        | 0.0461      |
|    clip_range           | 0.2         |
|    entropy_loss         | 1.05        |
|    explained_variance   | 0.857       |
|    learning_rate        | 0.000117    |
|    loss                 | 15.8        |
|    n_updates            | 4710        |
|    policy_gradient_loss | -0.000359   |
|    std                  | 0.143       |
|    value_loss           | 25.8        |
-----------------------------------------
------------------------------------------
| rollout/                |              |
|    ep_len_mean          | 2e+03        |
|    ep_rew_mean          | 3.19e+03     |
| time/                   |              |
|    fps                  | 2960         |
|    iterations           | 473          |
|    time_elapsed         | 6216         |
|    total_timesteps      | 18405376     |
| train/                  |              |
|    approx_kl            | 0.0049398867 |
|    clip_fraction        | 0.0557       |
|    clip_range           | 0.2          |
|    entropy_loss         | 1.06         |
|    explained_variance   | 0.895        |
|    learning_rate        | 0.000116     |
|    loss                 | 9.88         |
|    n_updates            | 4720         |
|    policy_gradient_loss | -0.000876    |
|    std                  | 0.142        |
|    value_loss           | 19.5         |
------------------------------------------
Eval num_timesteps=18430000, episode_reward=3452.07 +/- 291.35
Episode length: 2000.00 +/- 0.00
-----------------------------------------
| eval/                   |             |
|    mean_ep_length       | 2e+03       |
|    mean_reward          | 3.45e+03    |
| time/                   |             |
|    total_timesteps      | 18430000    |
| train/                  |             |
|    approx_kl            | 0.005882679 |
|    clip_fraction        | 0.0566      |
|    clip_range           | 0.2         |
|    entropy_loss         | 1.06        |
|    explained_variance   | 0.902       |
|    learning_rate        | 0.000116    |
|    loss                 | 4.74        |
|    n_updates            | 4730        |
|    policy_gradient_loss | -0.000988   |
|    std                  | 0.142       |
|    value_loss           | 23.6        |
-----------------------------------------
New best mean reward!
---------------------------------
| rollout/           |          |
|    ep_len_mean     | 2e+03    |
|    ep_rew_mean     | 3.18e+03 |
| time/              |          |
|    fps             | 2954     |
|    iterations      | 474      |
|    time_elapsed    | 6243     |
|    total_timesteps | 18444288 |
---------------------------------
-----------------------------------------
| rollout/                |             |
|    ep_len_mean          | 2e+03       |
|    ep_rew_mean          | 3.15e+03    |
| time/                   |             |
|    fps                  | 2957        |
|    iterations           | 475         |
|    time_elapsed         | 6249        |
|    total_timesteps      | 18483200    |
| train/                  |             |
|    approx_kl            | 0.004670836 |
|    clip_fraction        | 0.0488      |
|    clip_range           | 0.2         |
|    entropy_loss         | 1.06        |
|    explained_variance   | 0.9         |
|    learning_rate        | 0.000116    |
|    loss                 | 9.62        |
|    n_updates            | 4740        |
|    policy_gradient_loss | -0.000625   |
|    std                  | 0.143       |
|    value_loss           | 21.9        |
-----------------------------------------
-----------------------------------------
| rollout/                |             |
|    ep_len_mean          | 2e+03       |
|    ep_rew_mean          | 3.16e+03    |
| time/                   |             |
|    fps                  | 2961        |
|    iterations           | 476         |
|    time_elapsed         | 6255        |
|    total_timesteps      | 18522112    |
| train/                  |             |
|    approx_kl            | 0.004065536 |
|    clip_fraction        | 0.0547      |
|    clip_range           | 0.2         |
|    entropy_loss         | 1.07        |
|    explained_variance   | 0.876       |
|    learning_rate        | 0.000115    |
|    loss                 | 9.32        |
|    n_updates            | 4750        |
|    policy_gradient_loss | -0.0008     |
|    std                  | 0.142       |
|    value_loss           | 23.3        |
-----------------------------------------
-----------------------------------------
| rollout/                |             |
|    ep_len_mean          | 2e+03       |
|    ep_rew_mean          | 3.18e+03    |
| time/                   |             |
|    fps                  | 2964        |
|    iterations           | 477         |
|    time_elapsed         | 6261        |
|    total_timesteps      | 18561024    |
| train/                  |             |
|    approx_kl            | 0.005150173 |
|    clip_fraction        | 0.0488      |
|    clip_range           | 0.2         |
|    entropy_loss         | 1.07        |
|    explained_variance   | 0.897       |
|    learning_rate        | 0.000115    |
|    loss                 | 13.2        |
|    n_updates            | 4760        |
|    policy_gradient_loss | -0.000711   |
|    std                  | 0.142       |
|    value_loss           | 22.8        |
-----------------------------------------
----------------------------------------
| rollout/                |            |
|    ep_len_mean          | 2e+03      |
|    ep_rew_mean          | 3.18e+03   |
| time/                   |            |
|    fps                  | 2968       |
|    iterations           | 478        |
|    time_elapsed         | 6266       |
|    total_timesteps      | 18599936   |
| train/                  |            |
|    approx_kl            | 0.00560972 |
|    clip_fraction        | 0.0575     |
|    clip_range           | 0.2        |
|    entropy_loss         | 1.07       |
|    explained_variance   | 0.894      |
|    learning_rate        | 0.000114   |
|    loss                 | 9.9        |
|    n_updates            | 4770       |
|    policy_gradient_loss | -0.000932  |
|    std                  | 0.141      |
|    value_loss           | 24.4       |
----------------------------------------
Eval num_timesteps=18620000, episode_reward=3441.69 +/- 293.31
Episode length: 2000.00 +/- 0.00
-----------------------------------------
| eval/                   |             |
|    mean_ep_length       | 2e+03       |
|    mean_reward          | 3.44e+03    |
| time/                   |             |
|    total_timesteps      | 18620000    |
| train/                  |             |
|    approx_kl            | 0.005487853 |
|    clip_fraction        | 0.0529      |
|    clip_range           | 0.2         |
|    entropy_loss         | 1.07        |
|    explained_variance   | 0.916       |
|    learning_rate        | 0.000114    |
|    loss                 | 9.83        |
|    n_updates            | 4780        |
|    policy_gradient_loss | -0.00023    |
|    std                  | 0.142       |
|    value_loss           | 14.9        |
-----------------------------------------
---------------------------------
| rollout/           |          |
|    ep_len_mean     | 2e+03    |
|    ep_rew_mean     | 3.2e+03  |
| time/              |          |
|    fps             | 2961     |
|    iterations      | 479      |
|    time_elapsed    | 6293     |
|    total_timesteps | 18638848 |
---------------------------------
------------------------------------------
| rollout/                |              |
|    ep_len_mean          | 2e+03        |
|    ep_rew_mean          | 3.21e+03     |
| time/                   |              |
|    fps                  | 2965         |
|    iterations           | 480          |
|    time_elapsed         | 6298         |
|    total_timesteps      | 18677760     |
| train/                  |              |
|    approx_kl            | 0.0061005023 |
|    clip_fraction        | 0.0534       |
|    clip_range           | 0.2          |
|    entropy_loss         | 1.07         |
|    explained_variance   | 0.925        |
|    learning_rate        | 0.000114     |
|    loss                 | 6.76         |
|    n_updates            | 4790         |
|    policy_gradient_loss | -0.000609    |
|    std                  | 0.142        |
|    value_loss           | 16.8         |
------------------------------------------
------------------------------------------
| rollout/                |              |
|    ep_len_mean          | 2e+03        |
|    ep_rew_mean          | 3.21e+03     |
| time/                   |              |
|    fps                  | 2968         |
|    iterations           | 481          |
|    time_elapsed         | 6304         |
|    total_timesteps      | 18716672     |
| train/                  |              |
|    approx_kl            | 0.0043016137 |
|    clip_fraction        | 0.042        |
|    clip_range           | 0.2          |
|    entropy_loss         | 1.06         |
|    explained_variance   | 0.89         |
|    learning_rate        | 0.000113     |
|    loss                 | 9.67         |
|    n_updates            | 4800         |
|    policy_gradient_loss | -0.000403    |
|    std                  | 0.143        |
|    value_loss           | 20.5         |
------------------------------------------
------------------------------------------
| rollout/                |              |
|    ep_len_mean          | 2e+03        |
|    ep_rew_mean          | 3.21e+03     |
| time/                   |              |
|    fps                  | 2972         |
|    iterations           | 482          |
|    time_elapsed         | 6310         |
|    total_timesteps      | 18755584     |
| train/                  |              |
|    approx_kl            | 0.0061319913 |
|    clip_fraction        | 0.0564       |
|    clip_range           | 0.2          |
|    entropy_loss         | 1.07         |
|    explained_variance   | 0.938        |
|    learning_rate        | 0.000113     |
|    loss                 | 4.55         |
|    n_updates            | 4810         |
|    policy_gradient_loss | -0.000966    |
|    std                  | 0.142        |
|    value_loss           | 12.1         |
------------------------------------------
------------------------------------------
| rollout/                |              |
|    ep_len_mean          | 2e+03        |
|    ep_rew_mean          | 3.23e+03     |
| time/                   |              |
|    fps                  | 2975         |
|    iterations           | 483          |
|    time_elapsed         | 6316         |
|    total_timesteps      | 18794496     |
| train/                  |              |
|    approx_kl            | 0.0053953393 |
|    clip_fraction        | 0.0506       |
|    clip_range           | 0.2          |
|    entropy_loss         | 1.06         |
|    explained_variance   | 0.911        |
|    learning_rate        | 0.000112     |
|    loss                 | 10.6         |
|    n_updates            | 4820         |
|    policy_gradient_loss | -0.00109     |
|    std                  | 0.143        |
|    value_loss           | 17.4         |
------------------------------------------
Eval num_timesteps=18810000, episode_reward=3440.27 +/- 314.19
Episode length: 2000.00 +/- 0.00
-----------------------------------------
| eval/                   |             |
|    mean_ep_length       | 2e+03       |
|    mean_reward          | 3.44e+03    |
| time/                   |             |
|    total_timesteps      | 18810000    |
| train/                  |             |
|    approx_kl            | 0.004433254 |
|    clip_fraction        | 0.0387      |
|    clip_range           | 0.2         |
|    entropy_loss         | 1.06        |
|    explained_variance   | 0.91        |
|    learning_rate        | 0.000112    |
|    loss                 | 7.35        |
|    n_updates            | 4830        |
|    policy_gradient_loss | -0.000261   |
|    std                  | 0.142       |
|    value_loss           | 19          |
-----------------------------------------
---------------------------------
| rollout/           |          |
|    ep_len_mean     | 2e+03    |
|    ep_rew_mean     | 3.19e+03 |
| time/              |          |
|    fps             | 2969     |
|    iterations      | 484      |
|    time_elapsed    | 6342     |
|    total_timesteps | 18833408 |
---------------------------------
------------------------------------------
| rollout/                |              |
|    ep_len_mean          | 2e+03        |
|    ep_rew_mean          | 3.19e+03     |
| time/                   |              |
|    fps                  | 2972         |
|    iterations           | 485          |
|    time_elapsed         | 6348         |
|    total_timesteps      | 18872320     |
| train/                  |              |
|    approx_kl            | 0.0036913322 |
|    clip_fraction        | 0.0432       |
|    clip_range           | 0.2          |
|    entropy_loss         | 1.06         |
|    explained_variance   | 0.918        |
|    learning_rate        | 0.000112     |
|    loss                 | 15.5         |
|    n_updates            | 4840         |
|    policy_gradient_loss | -0.00102     |
|    std                  | 0.143        |
|    value_loss           | 22.3         |
------------------------------------------
-----------------------------------------
| rollout/                |             |
|    ep_len_mean          | 2e+03       |
|    ep_rew_mean          | 3.19e+03    |
| time/                   |             |
|    fps                  | 2976        |
|    iterations           | 486         |
|    time_elapsed         | 6354        |
|    total_timesteps      | 18911232    |
| train/                  |             |
|    approx_kl            | 0.004828149 |
|    clip_fraction        | 0.0598      |
|    clip_range           | 0.2         |
|    entropy_loss         | 1.05        |
|    explained_variance   | 0.911       |
|    learning_rate        | 0.000111    |
|    loss                 | 10.4        |
|    n_updates            | 4850        |
|    policy_gradient_loss | -0.000846   |
|    std                  | 0.143       |
|    value_loss           | 14.3        |
-----------------------------------------
------------------------------------------
| rollout/                |              |
|    ep_len_mean          | 2e+03        |
|    ep_rew_mean          | 3.18e+03     |
| time/                   |              |
|    fps                  | 2979         |
|    iterations           | 487          |
|    time_elapsed         | 6359         |
|    total_timesteps      | 18950144     |
| train/                  |              |
|    approx_kl            | 0.0049408483 |
|    clip_fraction        | 0.0501       |
|    clip_range           | 0.2          |
|    entropy_loss         | 1.05         |
|    explained_variance   | 0.919        |
|    learning_rate        | 0.000111     |
|    loss                 | 3.02         |
|    n_updates            | 4860         |
|    policy_gradient_loss | -0.000809    |
|    std                  | 0.144        |
|    value_loss           | 15.5         |
------------------------------------------
-----------------------------------------
| rollout/                |             |
|    ep_len_mean          | 2e+03       |
|    ep_rew_mean          | 3.15e+03    |
| time/                   |             |
|    fps                  | 2983        |
|    iterations           | 488         |
|    time_elapsed         | 6365        |
|    total_timesteps      | 18989056    |
| train/                  |             |
|    approx_kl            | 0.005936954 |
|    clip_fraction        | 0.053       |
|    clip_range           | 0.2         |
|    entropy_loss         | 1.04        |
|    explained_variance   | 0.885       |
|    learning_rate        | 0.00011     |
|    loss                 | 9.13        |
|    n_updates            | 4870        |
|    policy_gradient_loss | -0.00151    |
|    std                  | 0.144       |
|    value_loss           | 22.5        |
-----------------------------------------
Eval num_timesteps=19000000, episode_reward=3442.47 +/- 308.19
Episode length: 2000.00 +/- 0.00
------------------------------------------
| eval/                   |              |
|    mean_ep_length       | 2e+03        |
|    mean_reward          | 3.44e+03     |
| time/                   |              |
|    total_timesteps      | 19000000     |
| train/                  |              |
|    approx_kl            | 0.0051874337 |
|    clip_fraction        | 0.0566       |
|    clip_range           | 0.2          |
|    entropy_loss         | 1.04         |
|    explained_variance   | 0.891        |
|    learning_rate        | 0.00011      |
|    loss                 | 8.07         |
|    n_updates            | 4880         |
|    policy_gradient_loss | -0.00197     |
|    std                  | 0.144        |
|    value_loss           | 21.6         |
------------------------------------------
---------------------------------
| rollout/           |          |
|    ep_len_mean     | 2e+03    |
|    ep_rew_mean     | 3.18e+03 |
| time/              |          |
|    fps             | 2976     |
|    iterations      | 489      |
|    time_elapsed    | 6392     |
|    total_timesteps | 19027968 |
---------------------------------
-----------------------------------------
| rollout/                |             |
|    ep_len_mean          | 2e+03       |
|    ep_rew_mean          | 3.21e+03    |
| time/                   |             |
|    fps                  | 2980        |
|    iterations           | 490         |
|    time_elapsed         | 6397        |
|    total_timesteps      | 19066880    |
| train/                  |             |
|    approx_kl            | 0.005943551 |
|    clip_fraction        | 0.054       |
|    clip_range           | 0.2         |
|    entropy_loss         | 1.05        |
|    explained_variance   | 0.929       |
|    learning_rate        | 0.00011     |
|    loss                 | 10.5        |
|    n_updates            | 4890        |
|    policy_gradient_loss | -0.000471   |
|    std                  | 0.143       |
|    value_loss           | 12.5        |
-----------------------------------------
------------------------------------------
| rollout/                |              |
|    ep_len_mean          | 2e+03        |
|    ep_rew_mean          | 3.2e+03      |
| time/                   |              |
|    fps                  | 2983         |
|    iterations           | 491          |
|    time_elapsed         | 6403         |
|    total_timesteps      | 19105792     |
| train/                  |              |
|    approx_kl            | 0.0055183736 |
|    clip_fraction        | 0.06         |
|    clip_range           | 0.2          |
|    entropy_loss         | 1.05         |
|    explained_variance   | 0.9          |
|    learning_rate        | 0.000109     |
|    loss                 | 6.58         |
|    n_updates            | 4900         |
|    policy_gradient_loss | -0.00115     |
|    std                  | 0.143        |
|    value_loss           | 14.5         |
------------------------------------------
-----------------------------------------
| rollout/                |             |
|    ep_len_mean          | 2e+03       |
|    ep_rew_mean          | 3.21e+03    |
| time/                   |             |
|    fps                  | 2986        |
|    iterations           | 492         |
|    time_elapsed         | 6409        |
|    total_timesteps      | 19144704    |
| train/                  |             |
|    approx_kl            | 0.004376506 |
|    clip_fraction        | 0.0455      |
|    clip_range           | 0.2         |
|    entropy_loss         | 1.05        |
|    explained_variance   | 0.917       |
|    learning_rate        | 0.000109    |
|    loss                 | 5.61        |
|    n_updates            | 4910        |
|    policy_gradient_loss | -0.00066    |
|    std                  | 0.143       |
|    value_loss           | 17.6        |
-----------------------------------------
------------------------------------------
| rollout/                |              |
|    ep_len_mean          | 2e+03        |
|    ep_rew_mean          | 3.24e+03     |
| time/                   |              |
|    fps                  | 2990         |
|    iterations           | 493          |
|    time_elapsed         | 6415         |
|    total_timesteps      | 19183616     |
| train/                  |              |
|    approx_kl            | 0.0046572858 |
|    clip_fraction        | 0.0409       |
|    clip_range           | 0.2          |
|    entropy_loss         | 1.05         |
|    explained_variance   | 0.891        |
|    learning_rate        | 0.000109     |
|    loss                 | 5.81         |
|    n_updates            | 4920         |
|    policy_gradient_loss | -0.000554    |
|    std                  | 0.143        |
|    value_loss           | 16.9         |
------------------------------------------
Eval num_timesteps=19190000, episode_reward=3470.34 +/- 297.06
Episode length: 2000.00 +/- 0.00
-----------------------------------------
| eval/                   |             |
|    mean_ep_length       | 2e+03       |
|    mean_reward          | 3.47e+03    |
| time/                   |             |
|    total_timesteps      | 19190000    |
| train/                  |             |
|    approx_kl            | 0.003800811 |
|    clip_fraction        | 0.0353      |
|    clip_range           | 0.2         |
|    entropy_loss         | 1.05        |
|    explained_variance   | 0.898       |
|    learning_rate        | 0.000108    |
|    loss                 | 4.47        |
|    n_updates            | 4930        |
|    policy_gradient_loss | -0.000362   |
|    std                  | 0.143       |
|    value_loss           | 19.2        |
-----------------------------------------
New best mean reward!
---------------------------------
| rollout/           |          |
|    ep_len_mean     | 2e+03    |
|    ep_rew_mean     | 3.23e+03 |
| time/              |          |
|    fps             | 2984     |
|    iterations      | 494      |
|    time_elapsed    | 6441     |
|    total_timesteps | 19222528 |
---------------------------------
-----------------------------------------
| rollout/                |             |
|    ep_len_mean          | 2e+03       |
|    ep_rew_mean          | 3.23e+03    |
| time/                   |             |
|    fps                  | 2987        |
|    iterations           | 495         |
|    time_elapsed         | 6447        |
|    total_timesteps      | 19261440    |
| train/                  |             |
|    approx_kl            | 0.004562846 |
|    clip_fraction        | 0.0435      |
|    clip_range           | 0.2         |
|    entropy_loss         | 1.04        |
|    explained_variance   | 0.901       |
|    learning_rate        | 0.000108    |
|    loss                 | 12.9        |
|    n_updates            | 4940        |
|    policy_gradient_loss | -0.000274   |
|    std                  | 0.144       |
|    value_loss           | 18.5        |
-----------------------------------------
------------------------------------------
| rollout/                |              |
|    ep_len_mean          | 2e+03        |
|    ep_rew_mean          | 3.24e+03     |
| time/                   |              |
|    fps                  | 2990         |
|    iterations           | 496          |
|    time_elapsed         | 6453         |
|    total_timesteps      | 19300352     |
| train/                  |              |
|    approx_kl            | 0.0044286945 |
|    clip_fraction        | 0.0417       |
|    clip_range           | 0.2          |
|    entropy_loss         | 1.04         |
|    explained_variance   | 0.9          |
|    learning_rate        | 0.000107     |
|    loss                 | 8.24         |
|    n_updates            | 4950         |
|    policy_gradient_loss | -0.000548    |
|    std                  | 0.144        |
|    value_loss           | 16.1         |
------------------------------------------
------------------------------------------
| rollout/                |              |
|    ep_len_mean          | 2e+03        |
|    ep_rew_mean          | 3.27e+03     |
| time/                   |              |
|    fps                  | 2994         |
|    iterations           | 497          |
|    time_elapsed         | 6459         |
|    total_timesteps      | 19339264     |
| train/                  |              |
|    approx_kl            | 0.0051549077 |
|    clip_fraction        | 0.0423       |
|    clip_range           | 0.2          |
|    entropy_loss         | 1.04         |
|    explained_variance   | 0.909        |
|    learning_rate        | 0.000107     |
|    loss                 | 15.8         |
|    n_updates            | 4960         |
|    policy_gradient_loss | -0.000547    |
|    std                  | 0.144        |
|    value_loss           | 15.6         |
------------------------------------------
------------------------------------------
| rollout/                |              |
|    ep_len_mean          | 2e+03        |
|    ep_rew_mean          | 3.23e+03     |
| time/                   |              |
|    fps                  | 2997         |
|    iterations           | 498          |
|    time_elapsed         | 6464         |
|    total_timesteps      | 19378176     |
| train/                  |              |
|    approx_kl            | 0.0045108967 |
|    clip_fraction        | 0.0409       |
|    clip_range           | 0.2          |
|    entropy_loss         | 1.04         |
|    explained_variance   | 0.898        |
|    learning_rate        | 0.000107     |
|    loss                 | 10.4         |
|    n_updates            | 4970         |
|    policy_gradient_loss | -0.000652    |
|    std                  | 0.144        |
|    value_loss           | 26.4         |
------------------------------------------
Eval num_timesteps=19380000, episode_reward=3454.81 +/- 315.98
Episode length: 2000.00 +/- 0.00
------------------------------------------
| eval/                   |              |
|    mean_ep_length       | 2e+03        |
|    mean_reward          | 3.45e+03     |
| time/                   |              |
|    total_timesteps      | 19380000     |
| train/                  |              |
|    approx_kl            | 0.0051341793 |
|    clip_fraction        | 0.0533       |
|    clip_range           | 0.2          |
|    entropy_loss         | 1.05         |
|    explained_variance   | 0.901        |
|    learning_rate        | 0.000106     |
|    loss                 | 15.9         |
|    n_updates            | 4980         |
|    policy_gradient_loss | -0.000937    |
|    std                  | 0.143        |
|    value_loss           | 17.5         |
------------------------------------------
---------------------------------
| rollout/           |          |
|    ep_len_mean     | 2e+03    |
|    ep_rew_mean     | 3.24e+03 |
| time/              |          |
|    fps             | 2991     |
|    iterations      | 499      |
|    time_elapsed    | 6491     |
|    total_timesteps | 19417088 |
---------------------------------
------------------------------------------
| rollout/                |              |
|    ep_len_mean          | 2e+03        |
|    ep_rew_mean          | 3.23e+03     |
| time/                   |              |
|    fps                  | 2994         |
|    iterations           | 500          |
|    time_elapsed         | 6496         |
|    total_timesteps      | 19456000     |
| train/                  |              |
|    approx_kl            | 0.0060270997 |
|    clip_fraction        | 0.0505       |
|    clip_range           | 0.2          |
|    entropy_loss         | 1.05         |
|    explained_variance   | 0.898        |
|    learning_rate        | 0.000106     |
|    loss                 | 7.02         |
|    n_updates            | 4990         |
|    policy_gradient_loss | -0.0011      |
|    std                  | 0.143        |
|    value_loss           | 20.5         |
------------------------------------------
-----------------------------------------
| rollout/                |             |
|    ep_len_mean          | 2e+03       |
|    ep_rew_mean          | 3.21e+03    |
| time/                   |             |
|    fps                  | 2997        |
|    iterations           | 501         |
|    time_elapsed         | 6502        |
|    total_timesteps      | 19494912    |
| train/                  |             |
|    approx_kl            | 0.004383016 |
|    clip_fraction        | 0.0532      |
|    clip_range           | 0.2         |
|    entropy_loss         | 1.05        |
|    explained_variance   | 0.902       |
|    learning_rate        | 0.000105    |
|    loss                 | 15.4        |
|    n_updates            | 5000        |
|    policy_gradient_loss | -0.000797   |
|    std                  | 0.143       |
|    value_loss           | 18.1        |
-----------------------------------------
-----------------------------------------
| rollout/                |             |
|    ep_len_mean          | 2e+03       |
|    ep_rew_mean          | 3.21e+03    |
| time/                   |             |
|    fps                  | 3001        |
|    iterations           | 502         |
|    time_elapsed         | 6508        |
|    total_timesteps      | 19533824    |
| train/                  |             |
|    approx_kl            | 0.004271472 |
|    clip_fraction        | 0.0513      |
|    clip_range           | 0.2         |
|    entropy_loss         | 1.05        |
|    explained_variance   | 0.91        |
|    learning_rate        | 0.000105    |
|    loss                 | 9.61        |
|    n_updates            | 5010        |
|    policy_gradient_loss | -0.000646   |
|    std                  | 0.143       |
|    value_loss           | 14.3        |
-----------------------------------------
Eval num_timesteps=19570000, episode_reward=3447.02 +/- 314.31
Episode length: 2000.00 +/- 0.00
------------------------------------------
| eval/                   |              |
|    mean_ep_length       | 2e+03        |
|    mean_reward          | 3.45e+03     |
| time/                   |              |
|    total_timesteps      | 19570000     |
| train/                  |              |
|    approx_kl            | 0.0042835907 |
|    clip_fraction        | 0.0441       |
|    clip_range           | 0.2          |
|    entropy_loss         | 1.06         |
|    explained_variance   | 0.902        |
|    learning_rate        | 0.000105     |
|    loss                 | 9.26         |
|    n_updates            | 5020         |
|    policy_gradient_loss | -0.00123     |
|    std                  | 0.142        |
|    value_loss           | 20.7         |
------------------------------------------
---------------------------------
| rollout/           |          |
|    ep_len_mean     | 1.98e+03 |
|    ep_rew_mean     | 3.17e+03 |
| time/              |          |
|    fps             | 2995     |
|    iterations      | 503      |
|    time_elapsed    | 6534     |
|    total_timesteps | 19572736 |
---------------------------------
------------------------------------------
| rollout/                |              |
|    ep_len_mean          | 1.98e+03     |
|    ep_rew_mean          | 3.19e+03     |
| time/                   |              |
|    fps                  | 2998         |
|    iterations           | 504          |
|    time_elapsed         | 6540         |
|    total_timesteps      | 19611648     |
| train/                  |              |
|    approx_kl            | 0.0048031695 |
|    clip_fraction        | 0.0477       |
|    clip_range           | 0.2          |
|    entropy_loss         | 1.06         |
|    explained_variance   | 0.91         |
|    learning_rate        | 0.000104     |
|    loss                 | 4.81         |
|    n_updates            | 5030         |
|    policy_gradient_loss | -0.00126     |
|    std                  | 0.143        |
|    value_loss           | 18.6         |
------------------------------------------
------------------------------------------
| rollout/                |              |
|    ep_len_mean          | 1.98e+03     |
|    ep_rew_mean          | 3.15e+03     |
| time/                   |              |
|    fps                  | 3001         |
|    iterations           | 505          |
|    time_elapsed         | 6546         |
|    total_timesteps      | 19650560     |
| train/                  |              |
|    approx_kl            | 0.0028824853 |
|    clip_fraction        | 0.0312       |
|    clip_range           | 0.2          |
|    entropy_loss         | 1.06         |
|    explained_variance   | 0.902        |
|    learning_rate        | 0.000104     |
|    loss                 | 14.8         |
|    n_updates            | 5040         |
|    policy_gradient_loss | -0.000519    |
|    std                  | 0.143        |
|    value_loss           | 24.3         |
------------------------------------------
---------------------------------------
| rollout/                |           |
|    ep_len_mean          | 1.96e+03  |
|    ep_rew_mean          | 3.14e+03  |
| time/                   |           |
|    fps                  | 3004      |
|    iterations           | 506       |
|    time_elapsed         | 6552      |
|    total_timesteps      | 19689472  |
| train/                  |           |
|    approx_kl            | 0.0049676 |
|    clip_fraction        | 0.0468    |
|    clip_range           | 0.2       |
|    entropy_loss         | 1.06      |
|    explained_variance   | 0.923     |
|    learning_rate        | 0.000103  |
|    loss                 | 10.8      |
|    n_updates            | 5050      |
|    policy_gradient_loss | -0.000727 |
|    std                  | 0.143     |
|    value_loss           | 15.6      |
---------------------------------------
------------------------------------------
| rollout/                |              |
|    ep_len_mean          | 1.96e+03     |
|    ep_rew_mean          | 3.13e+03     |
| time/                   |              |
|    fps                  | 3008         |
|    iterations           | 507          |
|    time_elapsed         | 6558         |
|    total_timesteps      | 19728384     |
| train/                  |              |
|    approx_kl            | 0.0036589762 |
|    clip_fraction        | 0.0316       |
|    clip_range           | 0.2          |
|    entropy_loss         | 1.05         |
|    explained_variance   | 0.908        |
|    learning_rate        | 0.000103     |
|    loss                 | 14.7         |
|    n_updates            | 5060         |
|    policy_gradient_loss | -0.00102     |
|    std                  | 0.143        |
|    value_loss           | 24.6         |
------------------------------------------
Eval num_timesteps=19760000, episode_reward=3445.45 +/- 315.13
Episode length: 2000.00 +/- 0.00
------------------------------------------
| eval/                   |              |
|    mean_ep_length       | 2e+03        |
|    mean_reward          | 3.45e+03     |
| time/                   |              |
|    total_timesteps      | 19760000     |
| train/                  |              |
|    approx_kl            | 0.0046149166 |
|    clip_fraction        | 0.05         |
|    clip_range           | 0.2          |
|    entropy_loss         | 1.05         |
|    explained_variance   | 0.906        |
|    learning_rate        | 0.000103     |
|    loss                 | 11.1         |
|    n_updates            | 5070         |
|    policy_gradient_loss | -0.00076     |
|    std                  | 0.143        |
|    value_loss           | 22           |
------------------------------------------
---------------------------------
| rollout/           |          |
|    ep_len_mean     | 1.98e+03 |
|    ep_rew_mean     | 3.17e+03 |
| time/              |          |
|    fps             | 3002     |
|    iterations      | 508      |
|    time_elapsed    | 6584     |
|    total_timesteps | 19767296 |
---------------------------------
------------------------------------------
| rollout/                |              |
|    ep_len_mean          | 1.98e+03     |
|    ep_rew_mean          | 3.15e+03     |
| time/                   |              |
|    fps                  | 3005         |
|    iterations           | 509          |
|    time_elapsed         | 6590         |
|    total_timesteps      | 19806208     |
| train/                  |              |
|    approx_kl            | 0.0047100657 |
|    clip_fraction        | 0.042        |
|    clip_range           | 0.2          |
|    entropy_loss         | 1.04         |
|    explained_variance   | 0.898        |
|    learning_rate        | 0.000102     |
|    loss                 | 11.7         |
|    n_updates            | 5080         |
|    policy_gradient_loss | -0.000381    |
|    std                  | 0.144        |
|    value_loss           | 21.4         |
------------------------------------------
------------------------------------------
| rollout/                |              |
|    ep_len_mean          | 1.98e+03     |
|    ep_rew_mean          | 3.18e+03     |
| time/                   |              |
|    fps                  | 3008         |
|    iterations           | 510          |
|    time_elapsed         | 6596         |
|    total_timesteps      | 19845120     |
| train/                  |              |
|    approx_kl            | 0.0052980855 |
|    clip_fraction        | 0.0462       |
|    clip_range           | 0.2          |
|    entropy_loss         | 1.05         |
|    explained_variance   | 0.93         |
|    learning_rate        | 0.000102     |
|    loss                 | 3.36         |
|    n_updates            | 5090         |
|    policy_gradient_loss | -0.000565    |
|    std                  | 0.143        |
|    value_loss           | 15.7         |
------------------------------------------
-----------------------------------------
| rollout/                |             |
|    ep_len_mean          | 2e+03       |
|    ep_rew_mean          | 3.19e+03    |
| time/                   |             |
|    fps                  | 3011        |
|    iterations           | 511         |
|    time_elapsed         | 6602        |
|    total_timesteps      | 19884032    |
| train/                  |             |
|    approx_kl            | 0.003691905 |
|    clip_fraction        | 0.0423      |
|    clip_range           | 0.2         |
|    entropy_loss         | 1.06        |
|    explained_variance   | 0.894       |
|    learning_rate        | 0.000102    |
|    loss                 | 13.4        |
|    n_updates            | 5100        |
|    policy_gradient_loss | -0.000842   |
|    std                  | 0.143       |
|    value_loss           | 19.4        |
-----------------------------------------
-----------------------------------------
| rollout/                |             |
|    ep_len_mean          | 2e+03       |
|    ep_rew_mean          | 3.19e+03    |
| time/                   |             |
|    fps                  | 3015        |
|    iterations           | 512         |
|    time_elapsed         | 6607        |
|    total_timesteps      | 19922944    |
| train/                  |             |
|    approx_kl            | 0.005815392 |
|    clip_fraction        | 0.0402      |
|    clip_range           | 0.2         |
|    entropy_loss         | 1.05        |
|    explained_variance   | 0.894       |
|    learning_rate        | 0.000101    |
|    loss                 | 5.65        |
|    n_updates            | 5110        |
|    policy_gradient_loss | -0.000912   |
|    std                  | 0.143       |
|    value_loss           | 24.8        |
-----------------------------------------
Eval num_timesteps=19950000, episode_reward=3484.12 +/- 313.37
Episode length: 2000.00 +/- 0.00
-----------------------------------------
| eval/                   |             |
|    mean_ep_length       | 2e+03       |
|    mean_reward          | 3.48e+03    |
| time/                   |             |
|    total_timesteps      | 19950000    |
| train/                  |             |
|    approx_kl            | 0.004506162 |
|    clip_fraction        | 0.043       |
|    clip_range           | 0.2         |
|    entropy_loss         | 1.05        |
|    explained_variance   | 0.887       |
|    learning_rate        | 0.000101    |
|    loss                 | 10.3        |
|    n_updates            | 5120        |
|    policy_gradient_loss | -0.000584   |
|    std                  | 0.143       |
|    value_loss           | 19.4        |
-----------------------------------------
New best mean reward!
---------------------------------
| rollout/           |          |
|    ep_len_mean     | 2e+03    |
|    ep_rew_mean     | 3.19e+03 |
| time/              |          |
|    fps             | 3008     |
|    iterations      | 513      |
|    time_elapsed    | 6634     |
|    total_timesteps | 19961856 |
---------------------------------
------------------------------------------
| rollout/                |              |
|    ep_len_mean          | 2e+03        |
|    ep_rew_mean          | 3.19e+03     |
| time/                   |              |
|    fps                  | 3012         |
|    iterations           | 514          |
|    time_elapsed         | 6639         |
|    total_timesteps      | 20000768     |
| train/                  |              |
|    approx_kl            | 0.0042231516 |
|    clip_fraction        | 0.047        |
|    clip_range           | 0.2          |
|    entropy_loss         | 1.05         |
|    explained_variance   | 0.879        |
|    learning_rate        | 0.0001       |
|    loss                 | 12.2         |
|    n_updates            | 5130         |
|    policy_gradient_loss | -0.000456    |
|    std                  | 0.143        |
|    value_loss           | 24.1         |
------------------------------------------
-----------------------------------------
| rollout/                |             |
|    ep_len_mean          | 2e+03       |
|    ep_rew_mean          | 3.19e+03    |
| time/                   |             |
|    fps                  | 3015        |
|    iterations           | 515         |
|    time_elapsed         | 6645        |
|    total_timesteps      | 20039680    |
| train/                  |             |
|    approx_kl            | 0.004542889 |
|    clip_fraction        | 0.0406      |
|    clip_range           | 0.2         |
|    entropy_loss         | 1.04        |
|    explained_variance   | 0.894       |
|    learning_rate        | 0.0001      |
|    loss                 | 8.05        |
|    n_updates            | 5140        |
|    policy_gradient_loss | -0.00065    |
|    std                  | 0.144       |
|    value_loss           | 21.3        |
-----------------------------------------
------------------------------------------
| rollout/                |              |
|    ep_len_mean          | 2e+03        |
|    ep_rew_mean          | 3.16e+03     |
| time/                   |              |
|    fps                  | 3018         |
|    iterations           | 516          |
|    time_elapsed         | 6651         |
|    total_timesteps      | 20078592     |
| train/                  |              |
|    approx_kl            | 0.0044714864 |
|    clip_fraction        | 0.0405       |
|    clip_range           | 0.2          |
|    entropy_loss         | 1.04         |
|    explained_variance   | 0.891        |
|    learning_rate        | 9.96e-05     |
|    loss                 | 8.21         |
|    n_updates            | 5150         |
|    policy_gradient_loss | -0.000808    |
|    std                  | 0.144        |
|    value_loss           | 22.2         |
------------------------------------------
------------------------------------------
| rollout/                |              |
|    ep_len_mean          | 1.98e+03     |
|    ep_rew_mean          | 3.14e+03     |
| time/                   |              |
|    fps                  | 3021         |
|    iterations           | 517          |
|    time_elapsed         | 6657         |
|    total_timesteps      | 20117504     |
| train/                  |              |
|    approx_kl            | 0.0045903036 |
|    clip_fraction        | 0.0409       |
|    clip_range           | 0.2          |
|    entropy_loss         | 1.04         |
|    explained_variance   | 0.914        |
|    learning_rate        | 9.92e-05     |
|    loss                 | 18.5         |
|    n_updates            | 5160         |
|    policy_gradient_loss | -0.000974    |
|    std                  | 0.144        |
|    value_loss           | 26.3         |
------------------------------------------
Eval num_timesteps=20140000, episode_reward=3467.91 +/- 311.81
Episode length: 2000.00 +/- 0.00
-----------------------------------------
| eval/                   |             |
|    mean_ep_length       | 2e+03       |
|    mean_reward          | 3.47e+03    |
| time/                   |             |
|    total_timesteps      | 20140000    |
| train/                  |             |
|    approx_kl            | 0.004368481 |
|    clip_fraction        | 0.035       |
|    clip_range           | 0.2         |
|    entropy_loss         | 1.04        |
|    explained_variance   | 0.918       |
|    learning_rate        | 9.88e-05    |
|    loss                 | 11.2        |
|    n_updates            | 5170        |
|    policy_gradient_loss | -0.00058    |
|    std                  | 0.143       |
|    value_loss           | 23.8        |
-----------------------------------------
---------------------------------
| rollout/           |          |
|    ep_len_mean     | 1.98e+03 |
|    ep_rew_mean     | 3.15e+03 |
| time/              |          |
|    fps             | 3015     |
|    iterations      | 518      |
|    time_elapsed    | 6683     |
|    total_timesteps | 20156416 |
---------------------------------
-----------------------------------------
| rollout/                |             |
|    ep_len_mean          | 1.98e+03    |
|    ep_rew_mean          | 3.16e+03    |
| time/                   |             |
|    fps                  | 3018        |
|    iterations           | 519         |
|    time_elapsed         | 6689        |
|    total_timesteps      | 20195328    |
| train/                  |             |
|    approx_kl            | 0.004790172 |
|    clip_fraction        | 0.046       |
|    clip_range           | 0.2         |
|    entropy_loss         | 1.05        |
|    explained_variance   | 0.912       |
|    learning_rate        | 9.84e-05    |
|    loss                 | 7.63        |
|    n_updates            | 5180        |
|    policy_gradient_loss | -0.000365   |
|    std                  | 0.143       |
|    value_loss           | 16          |
-----------------------------------------
------------------------------------------
| rollout/                |              |
|    ep_len_mean          | 1.98e+03     |
|    ep_rew_mean          | 3.15e+03     |
| time/                   |              |
|    fps                  | 3022         |
|    iterations           | 520          |
|    time_elapsed         | 6695         |
|    total_timesteps      | 20234240     |
| train/                  |              |
|    approx_kl            | 0.0034824193 |
|    clip_fraction        | 0.0398       |
|    clip_range           | 0.2          |
|    entropy_loss         | 1.05         |
|    explained_variance   | 0.899        |
|    learning_rate        | 9.8e-05      |
|    loss                 | 12.4         |
|    n_updates            | 5190         |
|    policy_gradient_loss | -0.000372    |
|    std                  | 0.143        |
|    value_loss           | 19.6         |
------------------------------------------
------------------------------------------
| rollout/                |              |
|    ep_len_mean          | 1.98e+03     |
|    ep_rew_mean          | 3.17e+03     |
| time/                   |              |
|    fps                  | 3025         |
|    iterations           | 521          |
|    time_elapsed         | 6701         |
|    total_timesteps      | 20273152     |
| train/                  |              |
|    approx_kl            | 0.0039957627 |
|    clip_fraction        | 0.0379       |
|    clip_range           | 0.2          |
|    entropy_loss         | 1.05         |
|    explained_variance   | 0.915        |
|    learning_rate        | 9.77e-05     |
|    loss                 | 15.2         |
|    n_updates            | 5200         |
|    policy_gradient_loss | -0.000655    |
|    std                  | 0.143        |
|    value_loss           | 24.3         |
------------------------------------------
------------------------------------------
| rollout/                |              |
|    ep_len_mean          | 2e+03        |
|    ep_rew_mean          | 3.21e+03     |
| time/                   |              |
|    fps                  | 3028         |
|    iterations           | 522          |
|    time_elapsed         | 6706         |
|    total_timesteps      | 20312064     |
| train/                  |              |
|    approx_kl            | 0.0043067043 |
|    clip_fraction        | 0.0358       |
|    clip_range           | 0.2          |
|    entropy_loss         | 1.04         |
|    explained_variance   | 0.912        |
|    learning_rate        | 9.73e-05     |
|    loss                 | 16.8         |
|    n_updates            | 5210         |
|    policy_gradient_loss | -0.00101     |
|    std                  | 0.144        |
|    value_loss           | 28.7         |
------------------------------------------
Eval num_timesteps=20330000, episode_reward=3454.79 +/- 329.52
Episode length: 2000.00 +/- 0.00
------------------------------------------
| eval/                   |              |
|    mean_ep_length       | 2e+03        |
|    mean_reward          | 3.45e+03     |
| time/                   |              |
|    total_timesteps      | 20330000     |
| train/                  |              |
|    approx_kl            | 0.0052079163 |
|    clip_fraction        | 0.0534       |
|    clip_range           | 0.2          |
|    entropy_loss         | 1.05         |
|    explained_variance   | 0.91         |
|    learning_rate        | 9.69e-05     |
|    loss                 | 6.08         |
|    n_updates            | 5220         |
|    policy_gradient_loss | -0.000946    |
|    std                  | 0.143        |
|    value_loss           | 17.1         |
------------------------------------------
---------------------------------
| rollout/           |          |
|    ep_len_mean     | 2e+03    |
|    ep_rew_mean     | 3.2e+03  |
| time/              |          |
|    fps             | 3022     |
|    iterations      | 523      |
|    time_elapsed    | 6733     |
|    total_timesteps | 20350976 |
---------------------------------
-----------------------------------------
| rollout/                |             |
|    ep_len_mean          | 2e+03       |
|    ep_rew_mean          | 3.2e+03     |
| time/                   |             |
|    fps                  | 3025        |
|    iterations           | 524         |
|    time_elapsed         | 6738        |
|    total_timesteps      | 20389888    |
| train/                  |             |
|    approx_kl            | 0.004083415 |
|    clip_fraction        | 0.0421      |
|    clip_range           | 0.2         |
|    entropy_loss         | 1.05        |
|    explained_variance   | 0.889       |
|    learning_rate        | 9.65e-05    |
|    loss                 | 8.5         |
|    n_updates            | 5230        |
|    policy_gradient_loss | -0.0006     |
|    std                  | 0.144       |
|    value_loss           | 22.6        |
-----------------------------------------
------------------------------------------
| rollout/                |              |
|    ep_len_mean          | 2e+03        |
|    ep_rew_mean          | 3.22e+03     |
| time/                   |              |
|    fps                  | 3028         |
|    iterations           | 525          |
|    time_elapsed         | 6744         |
|    total_timesteps      | 20428800     |
| train/                  |              |
|    approx_kl            | 0.0049682637 |
|    clip_fraction        | 0.0471       |
|    clip_range           | 0.2          |
|    entropy_loss         | 1.03         |
|    explained_variance   | 0.9          |
|    learning_rate        | 9.61e-05     |
|    loss                 | 7.41         |
|    n_updates            | 5240         |
|    policy_gradient_loss | -0.00123     |
|    std                  | 0.144        |
|    value_loss           | 18.5         |
------------------------------------------
----------------------------------------
| rollout/                |            |
|    ep_len_mean          | 2e+03      |
|    ep_rew_mean          | 3.19e+03   |
| time/                   |            |
|    fps                  | 3031       |
|    iterations           | 526        |
|    time_elapsed         | 6750       |
|    total_timesteps      | 20467712   |
| train/                  |            |
|    approx_kl            | 0.00490838 |
|    clip_fraction        | 0.0498     |
|    clip_range           | 0.2        |
|    entropy_loss         | 1.03       |
|    explained_variance   | 0.898      |
|    learning_rate        | 9.57e-05   |
|    loss                 | 15.4       |
|    n_updates            | 5250       |
|    policy_gradient_loss | -0.000706  |
|    std                  | 0.145      |
|    value_loss           | 19.4       |
----------------------------------------
-----------------------------------------
| rollout/                |             |
|    ep_len_mean          | 2e+03       |
|    ep_rew_mean          | 3.21e+03    |
| time/                   |             |
|    fps                  | 3035        |
|    iterations           | 527         |
|    time_elapsed         | 6756        |
|    total_timesteps      | 20506624    |
| train/                  |             |
|    approx_kl            | 0.005199712 |
|    clip_fraction        | 0.0332      |
|    clip_range           | 0.2         |
|    entropy_loss         | 1.03        |
|    explained_variance   | 0.872       |
|    learning_rate        | 9.53e-05    |
|    loss                 | 7.05        |
|    n_updates            | 5260        |
|    policy_gradient_loss | -0.000126   |
|    std                  | 0.145       |
|    value_loss           | 24.3        |
-----------------------------------------
Eval num_timesteps=20520000, episode_reward=3498.47 +/- 299.24
Episode length: 2000.00 +/- 0.00
------------------------------------------
| eval/                   |              |
|    mean_ep_length       | 2e+03        |
|    mean_reward          | 3.5e+03      |
| time/                   |              |
|    total_timesteps      | 20520000     |
| train/                  |              |
|    approx_kl            | 0.0048783184 |
|    clip_fraction        | 0.0475       |
|    clip_range           | 0.2          |
|    entropy_loss         | 1.03         |
|    explained_variance   | 0.912        |
|    learning_rate        | 9.49e-05     |
|    loss                 | 10.3         |
|    n_updates            | 5270         |
|    policy_gradient_loss | -0.000864    |
|    std                  | 0.145        |
|    value_loss           | 14.9         |
------------------------------------------
New best mean reward!
---------------------------------
| rollout/           |          |
|    ep_len_mean     | 2e+03    |
|    ep_rew_mean     | 3.21e+03 |
| time/              |          |
|    fps             | 3028     |
|    iterations      | 528      |
|    time_elapsed    | 6783     |
|    total_timesteps | 20545536 |
---------------------------------
----------------------------------------
| rollout/                |            |
|    ep_len_mean          | 2e+03      |
|    ep_rew_mean          | 3.18e+03   |
| time/                   |            |
|    fps                  | 3031       |
|    iterations           | 529        |
|    time_elapsed         | 6789       |
|    total_timesteps      | 20584448   |
| train/                  |            |
|    approx_kl            | 0.00379689 |
|    clip_fraction        | 0.0382     |
|    clip_range           | 0.2        |
|    entropy_loss         | 1.02       |
|    explained_variance   | 0.881      |
|    learning_rate        | 9.45e-05   |
|    loss                 | 13.6       |
|    n_updates            | 5280       |
|    policy_gradient_loss | -0.000575  |
|    std                  | 0.145      |
|    value_loss           | 24.6       |
----------------------------------------
-----------------------------------------
| rollout/                |             |
|    ep_len_mean          | 1.96e+03    |
|    ep_rew_mean          | 3.08e+03    |
| time/                   |             |
|    fps                  | 3034        |
|    iterations           | 530         |
|    time_elapsed         | 6795        |
|    total_timesteps      | 20623360    |
| train/                  |             |
|    approx_kl            | 0.004355437 |
|    clip_fraction        | 0.0295      |
|    clip_range           | 0.2         |
|    entropy_loss         | 1.02        |
|    explained_variance   | 0.886       |
|    learning_rate        | 9.42e-05    |
|    loss                 | 6.45        |
|    n_updates            | 5290        |
|    policy_gradient_loss | -0.000928   |
|    std                  | 0.146       |
|    value_loss           | 21.7        |
-----------------------------------------
------------------------------------------
| rollout/                |              |
|    ep_len_mean          | 1.96e+03     |
|    ep_rew_mean          | 3.1e+03      |
| time/                   |              |
|    fps                  | 3038         |
|    iterations           | 531          |
|    time_elapsed         | 6800         |
|    total_timesteps      | 20662272     |
| train/                  |              |
|    approx_kl            | 0.0042743236 |
|    clip_fraction        | 0.0391       |
|    clip_range           | 0.2          |
|    entropy_loss         | 1.02         |
|    explained_variance   | 0.88         |
|    learning_rate        | 9.38e-05     |
|    loss                 | 14           |
|    n_updates            | 5300         |
|    policy_gradient_loss | -0.00141     |
|    std                  | 0.145        |
|    value_loss           | 32.4         |
------------------------------------------
------------------------------------------
| rollout/                |              |
|    ep_len_mean          | 1.96e+03     |
|    ep_rew_mean          | 3.1e+03      |
| time/                   |              |
|    fps                  | 3041         |
|    iterations           | 532          |
|    time_elapsed         | 6806         |
|    total_timesteps      | 20701184     |
| train/                  |              |
|    approx_kl            | 0.0037351898 |
|    clip_fraction        | 0.0453       |
|    clip_range           | 0.2          |
|    entropy_loss         | 1.02         |
|    explained_variance   | 0.896        |
|    learning_rate        | 9.34e-05     |
|    loss                 | 4.77         |
|    n_updates            | 5310         |
|    policy_gradient_loss | -0.000857    |
|    std                  | 0.145        |
|    value_loss           | 19.1         |
------------------------------------------
Eval num_timesteps=20710000, episode_reward=3491.85 +/- 329.77
Episode length: 2000.00 +/- 0.00
------------------------------------------
| eval/                   |              |
|    mean_ep_length       | 2e+03        |
|    mean_reward          | 3.49e+03     |
| time/                   |              |
|    total_timesteps      | 20710000     |
| train/                  |              |
|    approx_kl            | 0.0044410885 |
|    clip_fraction        | 0.0477       |
|    clip_range           | 0.2          |
|    entropy_loss         | 1.02         |
|    explained_variance   | 0.896        |
|    learning_rate        | 9.3e-05      |
|    loss                 | 15.6         |
|    n_updates            | 5320         |
|    policy_gradient_loss | -0.00101     |
|    std                  | 0.146        |
|    value_loss           | 24           |
------------------------------------------
---------------------------------
| rollout/           |          |
|    ep_len_mean     | 1.96e+03 |
|    ep_rew_mean     | 3.1e+03  |
| time/              |          |
|    fps             | 3035     |
|    iterations      | 533      |
|    time_elapsed    | 6832     |
|    total_timesteps | 20740096 |
---------------------------------
-----------------------------------------
| rollout/                |             |
|    ep_len_mean          | 1.96e+03    |
|    ep_rew_mean          | 3.11e+03    |
| time/                   |             |
|    fps                  | 3038        |
|    iterations           | 534         |
|    time_elapsed         | 6838        |
|    total_timesteps      | 20779008    |
| train/                  |             |
|    approx_kl            | 0.004743552 |
|    clip_fraction        | 0.0397      |
|    clip_range           | 0.2         |
|    entropy_loss         | 1.01        |
|    explained_variance   | 0.9         |
|    learning_rate        | 9.26e-05    |
|    loss                 | 10.5        |
|    n_updates            | 5330        |
|    policy_gradient_loss | -0.000444   |
|    std                  | 0.147       |
|    value_loss           | 22          |
-----------------------------------------
------------------------------------------
| rollout/                |              |
|    ep_len_mean          | 2e+03        |
|    ep_rew_mean          | 3.2e+03      |
| time/                   |              |
|    fps                  | 3041         |
|    iterations           | 535          |
|    time_elapsed         | 6844         |
|    total_timesteps      | 20817920     |
| train/                  |              |
|    approx_kl            | 0.0045186435 |
|    clip_fraction        | 0.0473       |
|    clip_range           | 0.2          |
|    entropy_loss         | 1.01         |
|    explained_variance   | 0.933        |
|    learning_rate        | 9.22e-05     |
|    loss                 | 5.07         |
|    n_updates            | 5340         |
|    policy_gradient_loss | -0.000595    |
|    std                  | 0.146        |
|    value_loss           | 15.2         |
------------------------------------------
------------------------------------------
| rollout/                |              |
|    ep_len_mean          | 2e+03        |
|    ep_rew_mean          | 3.21e+03     |
| time/                   |              |
|    fps                  | 3044         |
|    iterations           | 536          |
|    time_elapsed         | 6850         |
|    total_timesteps      | 20856832     |
| train/                  |              |
|    approx_kl            | 0.0034141615 |
|    clip_fraction        | 0.0319       |
|    clip_range           | 0.2          |
|    entropy_loss         | 1.01         |
|    explained_variance   | 0.91         |
|    learning_rate        | 9.18e-05     |
|    loss                 | 13           |
|    n_updates            | 5350         |
|    policy_gradient_loss | -0.000594    |
|    std                  | 0.146        |
|    value_loss           | 21.1         |
------------------------------------------
------------------------------------------
| rollout/                |              |
|    ep_len_mean          | 2e+03        |
|    ep_rew_mean          | 3.21e+03     |
| time/                   |              |
|    fps                  | 3047         |
|    iterations           | 537          |
|    time_elapsed         | 6856         |
|    total_timesteps      | 20895744     |
| train/                  |              |
|    approx_kl            | 0.0037163778 |
|    clip_fraction        | 0.0409       |
|    clip_range           | 0.2          |
|    entropy_loss         | 1.01         |
|    explained_variance   | 0.907        |
|    learning_rate        | 9.14e-05     |
|    loss                 | 12           |
|    n_updates            | 5360         |
|    policy_gradient_loss | -0.000598    |
|    std                  | 0.146        |
|    value_loss           | 19.1         |
------------------------------------------
Eval num_timesteps=20900000, episode_reward=3485.04 +/- 333.04
Episode length: 2000.00 +/- 0.00
------------------------------------------
| eval/                   |              |
|    mean_ep_length       | 2e+03        |
|    mean_reward          | 3.49e+03     |
| time/                   |              |
|    total_timesteps      | 20900000     |
| train/                  |              |
|    approx_kl            | 0.0044596563 |
|    clip_fraction        | 0.035        |
|    clip_range           | 0.2          |
|    entropy_loss         | 1.01         |
|    explained_variance   | 0.915        |
|    learning_rate        | 9.1e-05      |
|    loss                 | 4.62         |
|    n_updates            | 5370         |
|    policy_gradient_loss | -0.000777    |
|    std                  | 0.146        |
|    value_loss           | 23.4         |
------------------------------------------
---------------------------------
| rollout/           |          |
|    ep_len_mean     | 2e+03    |
|    ep_rew_mean     | 3.21e+03 |
| time/              |          |
|    fps             | 3041     |
|    iterations      | 538      |
|    time_elapsed    | 6882     |
|    total_timesteps | 20934656 |
---------------------------------
-----------------------------------------
| rollout/                |             |
|    ep_len_mean          | 2e+03       |
|    ep_rew_mean          | 3.22e+03    |
| time/                   |             |
|    fps                  | 3044        |
|    iterations           | 539         |
|    time_elapsed         | 6888        |
|    total_timesteps      | 20973568    |
| train/                  |             |
|    approx_kl            | 0.005715239 |
|    clip_fraction        | 0.0542      |
|    clip_range           | 0.2         |
|    entropy_loss         | 1.01        |
|    explained_variance   | 0.886       |
|    learning_rate        | 9.07e-05    |
|    loss                 | 9.37        |
|    n_updates            | 5380        |
|    policy_gradient_loss | -0.00166    |
|    std                  | 0.146       |
|    value_loss           | 23.3        |
-----------------------------------------
-----------------------------------------
| rollout/                |             |
|    ep_len_mean          | 2e+03       |
|    ep_rew_mean          | 3.2e+03     |
| time/                   |             |
|    fps                  | 3047        |
|    iterations           | 540         |
|    time_elapsed         | 6893        |
|    total_timesteps      | 21012480    |
| train/                  |             |
|    approx_kl            | 0.005867173 |
|    clip_fraction        | 0.053       |
|    clip_range           | 0.2         |
|    entropy_loss         | 1.02        |
|    explained_variance   | 0.902       |
|    learning_rate        | 9.03e-05    |
|    loss                 | 11          |
|    n_updates            | 5390        |
|    policy_gradient_loss | -0.000955   |
|    std                  | 0.145       |
|    value_loss           | 16.3        |
-----------------------------------------
------------------------------------------
| rollout/                |              |
|    ep_len_mean          | 2e+03        |
|    ep_rew_mean          | 3.18e+03     |
| time/                   |              |
|    fps                  | 3051         |
|    iterations           | 541          |
|    time_elapsed         | 6899         |
|    total_timesteps      | 21051392     |
| train/                  |              |
|    approx_kl            | 0.0049955253 |
|    clip_fraction        | 0.0438       |
|    clip_range           | 0.2          |
|    entropy_loss         | 1.01         |
|    explained_variance   | 0.851        |
|    learning_rate        | 8.99e-05     |
|    loss                 | 7.53         |
|    n_updates            | 5400         |
|    policy_gradient_loss | -0.00142     |
|    std                  | 0.146        |
|    value_loss           | 29.4         |
------------------------------------------
Eval num_timesteps=21090000, episode_reward=3485.48 +/- 328.08
Episode length: 2000.00 +/- 0.00
------------------------------------------
| eval/                   |              |
|    mean_ep_length       | 2e+03        |
|    mean_reward          | 3.49e+03     |
| time/                   |              |
|    total_timesteps      | 21090000     |
| train/                  |              |
|    approx_kl            | 0.0038871078 |
|    clip_fraction        | 0.0427       |
|    clip_range           | 0.2          |
|    entropy_loss         | 1.01         |
|    explained_variance   | 0.891        |
|    learning_rate        | 8.95e-05     |
|    loss                 | 7.7          |
|    n_updates            | 5410         |
|    policy_gradient_loss | -0.000637    |
|    std                  | 0.146        |
|    value_loss           | 21.1         |
------------------------------------------
---------------------------------
| rollout/           |          |
|    ep_len_mean     | 2e+03    |
|    ep_rew_mean     | 3.18e+03 |
| time/              |          |
|    fps             | 3045     |
|    iterations      | 542      |
|    time_elapsed    | 6925     |
|    total_timesteps | 21090304 |
---------------------------------
------------------------------------------
| rollout/                |              |
|    ep_len_mean          | 2e+03        |
|    ep_rew_mean          | 3.19e+03     |
| time/                   |              |
|    fps                  | 3048         |
|    iterations           | 543          |
|    time_elapsed         | 6931         |
|    total_timesteps      | 21129216     |
| train/                  |              |
|    approx_kl            | 0.0039699622 |
|    clip_fraction        | 0.0379       |
|    clip_range           | 0.2          |
|    entropy_loss         | 1.01         |
|    explained_variance   | 0.92         |
|    learning_rate        | 8.91e-05     |
|    loss                 | 3.2          |
|    n_updates            | 5420         |
|    policy_gradient_loss | -0.000725    |
|    std                  | 0.146        |
|    value_loss           | 19           |
------------------------------------------
-----------------------------------------
| rollout/                |             |
|    ep_len_mean          | 2e+03       |
|    ep_rew_mean          | 3.15e+03    |
| time/                   |             |
|    fps                  | 3051        |
|    iterations           | 544         |
|    time_elapsed         | 6937        |
|    total_timesteps      | 21168128    |
| train/                  |             |
|    approx_kl            | 0.004125539 |
|    clip_fraction        | 0.03        |
|    clip_range           | 0.2         |
|    entropy_loss         | 1.01        |
|    explained_variance   | 0.876       |
|    learning_rate        | 8.87e-05    |
|    loss                 | 12.8        |
|    n_updates            | 5430        |
|    policy_gradient_loss | -0.000855   |
|    std                  | 0.146       |
|    value_loss           | 27          |
-----------------------------------------
------------------------------------------
| rollout/                |              |
|    ep_len_mean          | 2e+03        |
|    ep_rew_mean          | 3.15e+03     |
| time/                   |              |
|    fps                  | 3054         |
|    iterations           | 545          |
|    time_elapsed         | 6943         |
|    total_timesteps      | 21207040     |
| train/                  |              |
|    approx_kl            | 0.0035573158 |
|    clip_fraction        | 0.0334       |
|    clip_range           | 0.2          |
|    entropy_loss         | 1.01         |
|    explained_variance   | 0.914        |
|    learning_rate        | 8.83e-05     |
|    loss                 | 7.07         |
|    n_updates            | 5440         |
|    policy_gradient_loss | -0.000915    |
|    std                  | 0.146        |
|    value_loss           | 26.9         |
------------------------------------------
------------------------------------------
| rollout/                |              |
|    ep_len_mean          | 2e+03        |
|    ep_rew_mean          | 3.16e+03     |
| time/                   |              |
|    fps                  | 3057         |
|    iterations           | 546          |
|    time_elapsed         | 6949         |
|    total_timesteps      | 21245952     |
| train/                  |              |
|    approx_kl            | 0.0044927537 |
|    clip_fraction        | 0.0439       |
|    clip_range           | 0.2          |
|    entropy_loss         | 1.01         |
|    explained_variance   | 0.896        |
|    learning_rate        | 8.79e-05     |
|    loss                 | 9.71         |
|    n_updates            | 5450         |
|    policy_gradient_loss | -0.000735    |
|    std                  | 0.147        |
|    value_loss           | 22.3         |
------------------------------------------
Eval num_timesteps=21280000, episode_reward=3493.97 +/- 328.96
Episode length: 2000.00 +/- 0.00
------------------------------------------
| eval/                   |              |
|    mean_ep_length       | 2e+03        |
|    mean_reward          | 3.49e+03     |
| time/                   |              |
|    total_timesteps      | 21280000     |
| train/                  |              |
|    approx_kl            | 0.0042104716 |
|    clip_fraction        | 0.0502       |
|    clip_range           | 0.2          |
|    entropy_loss         | 1.01         |
|    explained_variance   | 0.914        |
|    learning_rate        | 8.75e-05     |
|    loss                 | 3.5          |
|    n_updates            | 5460         |
|    policy_gradient_loss | -0.000865    |
|    std                  | 0.146        |
|    value_loss           | 17.7         |
------------------------------------------
---------------------------------
| rollout/           |          |
|    ep_len_mean     | 2e+03    |
|    ep_rew_mean     | 3.15e+03 |
| time/              |          |
|    fps             | 3051     |
|    iterations      | 547      |
|    time_elapsed    | 6975     |
|    total_timesteps | 21284864 |
---------------------------------
------------------------------------------
| rollout/                |              |
|    ep_len_mean          | 2e+03        |
|    ep_rew_mean          | 3.15e+03     |
| time/                   |              |
|    fps                  | 3054         |
|    iterations           | 548          |
|    time_elapsed         | 6981         |
|    total_timesteps      | 21323776     |
| train/                  |              |
|    approx_kl            | 0.0046912245 |
|    clip_fraction        | 0.0382       |
|    clip_range           | 0.2          |
|    entropy_loss         | 1.02         |
|    explained_variance   | 0.89         |
|    learning_rate        | 8.72e-05     |
|    loss                 | 13.3         |
|    n_updates            | 5470         |
|    policy_gradient_loss | -0.000499    |
|    std                  | 0.145        |
|    value_loss           | 21.7         |
------------------------------------------
-----------------------------------------
| rollout/                |             |
|    ep_len_mean          | 2e+03       |
|    ep_rew_mean          | 3.19e+03    |
| time/                   |             |
|    fps                  | 3057        |
|    iterations           | 549         |
|    time_elapsed         | 6987        |
|    total_timesteps      | 21362688    |
| train/                  |             |
|    approx_kl            | 0.004362496 |
|    clip_fraction        | 0.038       |
|    clip_range           | 0.2         |
|    entropy_loss         | 1.02        |
|    explained_variance   | 0.893       |
|    learning_rate        | 8.68e-05    |
|    loss                 | 4.96        |
|    n_updates            | 5480        |
|    policy_gradient_loss | -0.000585   |
|    std                  | 0.146       |
|    value_loss           | 21.3        |
-----------------------------------------
-----------------------------------------
| rollout/                |             |
|    ep_len_mean          | 2e+03       |
|    ep_rew_mean          | 3.21e+03    |
| time/                   |             |
|    fps                  | 3060        |
|    iterations           | 550         |
|    time_elapsed         | 6993        |
|    total_timesteps      | 21401600    |
| train/                  |             |
|    approx_kl            | 0.004110618 |
|    clip_fraction        | 0.0414      |
|    clip_range           | 0.2         |
|    entropy_loss         | 1.02        |
|    explained_variance   | 0.918       |
|    learning_rate        | 8.64e-05    |
|    loss                 | 7.95        |
|    n_updates            | 5490        |
|    policy_gradient_loss | -0.000534   |
|    std                  | 0.145       |
|    value_loss           | 13.7        |
-----------------------------------------
-----------------------------------------
| rollout/                |             |
|    ep_len_mean          | 2e+03       |
|    ep_rew_mean          | 3.2e+03     |
| time/                   |             |
|    fps                  | 3063        |
|    iterations           | 551         |
|    time_elapsed         | 6999        |
|    total_timesteps      | 21440512    |
| train/                  |             |
|    approx_kl            | 0.003795135 |
|    clip_fraction        | 0.041       |
|    clip_range           | 0.2         |
|    entropy_loss         | 1.02        |
|    explained_variance   | 0.893       |
|    learning_rate        | 8.6e-05     |
|    loss                 | 6.47        |
|    n_updates            | 5500        |
|    policy_gradient_loss | -0.00106    |
|    std                  | 0.146       |
|    value_loss           | 23.1        |
-----------------------------------------
Eval num_timesteps=21470000, episode_reward=3502.25 +/- 317.79
Episode length: 2000.00 +/- 0.00
------------------------------------------
| eval/                   |              |
|    mean_ep_length       | 2e+03        |
|    mean_reward          | 3.5e+03      |
| time/                   |              |
|    total_timesteps      | 21470000     |
| train/                  |              |
|    approx_kl            | 0.0040287846 |
|    clip_fraction        | 0.0382       |
|    clip_range           | 0.2          |
|    entropy_loss         | 1.01         |
|    explained_variance   | 0.854        |
|    learning_rate        | 8.56e-05     |
|    loss                 | 13.9         |
|    n_updates            | 5510         |
|    policy_gradient_loss | -0.000486    |
|    std                  | 0.146        |
|    value_loss           | 27.6         |
------------------------------------------
New best mean reward!
---------------------------------
| rollout/           |          |
|    ep_len_mean     | 2e+03    |
|    ep_rew_mean     | 3.2e+03  |
| time/              |          |
|    fps             | 3057     |
|    iterations      | 552      |
|    time_elapsed    | 7025     |
|    total_timesteps | 21479424 |
---------------------------------
------------------------------------------
| rollout/                |              |
|    ep_len_mean          | 2e+03        |
|    ep_rew_mean          | 3.21e+03     |
| time/                   |              |
|    fps                  | 3060         |
|    iterations           | 553          |
|    time_elapsed         | 7031         |
|    total_timesteps      | 21518336     |
| train/                  |              |
|    approx_kl            | 0.0048382473 |
|    clip_fraction        | 0.0495       |
|    clip_range           | 0.2          |
|    entropy_loss         | 1.01         |
|    explained_variance   | 0.889        |
|    learning_rate        | 8.52e-05     |
|    loss                 | 9.88         |
|    n_updates            | 5520         |
|    policy_gradient_loss | -0.001       |
|    std                  | 0.146        |
|    value_loss           | 21           |
------------------------------------------
------------------------------------------
| rollout/                |              |
|    ep_len_mean          | 2e+03        |
|    ep_rew_mean          | 3.21e+03     |
| time/                   |              |
|    fps                  | 3063         |
|    iterations           | 554          |
|    time_elapsed         | 7037         |
|    total_timesteps      | 21557248     |
| train/                  |              |
|    approx_kl            | 0.0038607474 |
|    clip_fraction        | 0.0375       |
|    clip_range           | 0.2          |
|    entropy_loss         | 1.01         |
|    explained_variance   | 0.913        |
|    learning_rate        | 8.48e-05     |
|    loss                 | 10.1         |
|    n_updates            | 5530         |
|    policy_gradient_loss | -0.000911    |
|    std                  | 0.146        |
|    value_loss           | 22.8         |
------------------------------------------
------------------------------------------
| rollout/                |              |
|    ep_len_mean          | 2e+03        |
|    ep_rew_mean          | 3.21e+03     |
| time/                   |              |
|    fps                  | 3066         |
|    iterations           | 555          |
|    time_elapsed         | 7042         |
|    total_timesteps      | 21596160     |
| train/                  |              |
|    approx_kl            | 0.0048856046 |
|    clip_fraction        | 0.0365       |
|    clip_range           | 0.2          |
|    entropy_loss         | 1            |
|    explained_variance   | 0.895        |
|    learning_rate        | 8.44e-05     |
|    loss                 | 12.2         |
|    n_updates            | 5540         |
|    policy_gradient_loss | -0.000576    |
|    std                  | 0.147        |
|    value_loss           | 24.2         |
------------------------------------------
------------------------------------------
| rollout/                |              |
|    ep_len_mean          | 2e+03        |
|    ep_rew_mean          | 3.22e+03     |
| time/                   |              |
|    fps                  | 3069         |
|    iterations           | 556          |
|    time_elapsed         | 7048         |
|    total_timesteps      | 21635072     |
| train/                  |              |
|    approx_kl            | 0.0053619076 |
|    clip_fraction        | 0.0441       |
|    clip_range           | 0.2          |
|    entropy_loss         | 1.01         |
|    explained_variance   | 0.904        |
|    learning_rate        | 8.4e-05      |
|    loss                 | 7.31         |
|    n_updates            | 5550         |
|    policy_gradient_loss | -0.000939    |
|    std                  | 0.146        |
|    value_loss           | 13.3         |
------------------------------------------
Eval num_timesteps=21660000, episode_reward=3498.25 +/- 321.09
Episode length: 2000.00 +/- 0.00
------------------------------------------
| eval/                   |              |
|    mean_ep_length       | 2e+03        |
|    mean_reward          | 3.5e+03      |
| time/                   |              |
|    total_timesteps      | 21660000     |
| train/                  |              |
|    approx_kl            | 0.0037056871 |
|    clip_fraction        | 0.0308       |
|    clip_range           | 0.2          |
|    entropy_loss         | 1.01         |
|    explained_variance   | 0.885        |
|    learning_rate        | 8.36e-05     |
|    loss                 | 10.9         |
|    n_updates            | 5560         |
|    policy_gradient_loss | -0.000763    |
|    std                  | 0.146        |
|    value_loss           | 25.3         |
------------------------------------------
---------------------------------
| rollout/           |          |
|    ep_len_mean     | 2e+03    |
|    ep_rew_mean     | 3.23e+03 |
| time/              |          |
|    fps             | 3063     |
|    iterations      | 557      |
|    time_elapsed    | 7074     |
|    total_timesteps | 21673984 |
---------------------------------
----------------------------------------
| rollout/                |            |
|    ep_len_mean          | 2e+03      |
|    ep_rew_mean          | 3.24e+03   |
| time/                   |            |
|    fps                  | 3066       |
|    iterations           | 558        |
|    time_elapsed         | 7080       |
|    total_timesteps      | 21712896   |
| train/                  |            |
|    approx_kl            | 0.00508043 |
|    clip_fraction        | 0.039      |
|    clip_range           | 0.2        |
|    entropy_loss         | 1          |
|    explained_variance   | 0.906      |
|    learning_rate        | 8.33e-05   |
|    loss                 | 4.12       |
|    n_updates            | 5570       |
|    policy_gradient_loss | -0.000969  |
|    std                  | 0.146      |
|    value_loss           | 18.2       |
----------------------------------------
------------------------------------------
| rollout/                |              |
|    ep_len_mean          | 2e+03        |
|    ep_rew_mean          | 3.23e+03     |
| time/                   |              |
|    fps                  | 3069         |
|    iterations           | 559          |
|    time_elapsed         | 7086         |
|    total_timesteps      | 21751808     |
| train/                  |              |
|    approx_kl            | 0.0039172475 |
|    clip_fraction        | 0.034        |
|    clip_range           | 0.2          |
|    entropy_loss         | 1            |
|    explained_variance   | 0.898        |
|    learning_rate        | 8.29e-05     |
|    loss                 | 13.8         |
|    n_updates            | 5580         |
|    policy_gradient_loss | -0.000736    |
|    std                  | 0.146        |
|    value_loss           | 19.1         |
------------------------------------------
-----------------------------------------
| rollout/                |             |
|    ep_len_mean          | 2e+03       |
|    ep_rew_mean          | 3.24e+03    |
| time/                   |             |
|    fps                  | 3072        |
|    iterations           | 560         |
|    time_elapsed         | 7092        |
|    total_timesteps      | 21790720    |
| train/                  |             |
|    approx_kl            | 0.003959054 |
|    clip_fraction        | 0.0331      |
|    clip_range           | 0.2         |
|    entropy_loss         | 1.01        |
|    explained_variance   | 0.883       |
|    learning_rate        | 8.25e-05    |
|    loss                 | 12.5        |
|    n_updates            | 5590        |
|    policy_gradient_loss | -0.000687   |
|    std                  | 0.146       |
|    value_loss           | 20.7        |
-----------------------------------------
------------------------------------------
| rollout/                |              |
|    ep_len_mean          | 2e+03        |
|    ep_rew_mean          | 3.24e+03     |
| time/                   |              |
|    fps                  | 3075         |
|    iterations           | 561          |
|    time_elapsed         | 7098         |
|    total_timesteps      | 21829632     |
| train/                  |              |
|    approx_kl            | 0.0042561446 |
|    clip_fraction        | 0.0366       |
|    clip_range           | 0.2          |
|    entropy_loss         | 1.01         |
|    explained_variance   | 0.896        |
|    learning_rate        | 8.21e-05     |
|    loss                 | 7.19         |
|    n_updates            | 5600         |
|    policy_gradient_loss | -0.000975    |
|    std                  | 0.146        |
|    value_loss           | 22.5         |
------------------------------------------
Eval num_timesteps=21850000, episode_reward=3504.74 +/- 302.97
Episode length: 2000.00 +/- 0.00
-----------------------------------------
| eval/                   |             |
|    mean_ep_length       | 2e+03       |
|    mean_reward          | 3.5e+03     |
| time/                   |             |
|    total_timesteps      | 21850000    |
| train/                  |             |
|    approx_kl            | 0.005100981 |
|    clip_fraction        | 0.0408      |
|    clip_range           | 0.2         |
|    entropy_loss         | 1.01        |
|    explained_variance   | 0.882       |
|    learning_rate        | 8.17e-05    |
|    loss                 | 13.6        |
|    n_updates            | 5610        |
|    policy_gradient_loss | -0.00107    |
|    std                  | 0.146       |
|    value_loss           | 20.6        |
-----------------------------------------
New best mean reward!
---------------------------------
| rollout/           |          |
|    ep_len_mean     | 2e+03    |
|    ep_rew_mean     | 3.23e+03 |
| time/              |          |
|    fps             | 3069     |
|    iterations      | 562      |
|    time_elapsed    | 7124     |
|    total_timesteps | 21868544 |
---------------------------------
------------------------------------------
| rollout/                |              |
|    ep_len_mean          | 2e+03        |
|    ep_rew_mean          | 3.21e+03     |
| time/                   |              |
|    fps                  | 3072         |
|    iterations           | 563          |
|    time_elapsed         | 7130         |
|    total_timesteps      | 21907456     |
| train/                  |              |
|    approx_kl            | 0.0030231976 |
|    clip_fraction        | 0.0337       |
|    clip_range           | 0.2          |
|    entropy_loss         | 1.01         |
|    explained_variance   | 0.888        |
|    learning_rate        | 8.13e-05     |
|    loss                 | 13.3         |
|    n_updates            | 5620         |
|    policy_gradient_loss | -0.000931    |
|    std                  | 0.146        |
|    value_loss           | 23.5         |
------------------------------------------
-----------------------------------------
| rollout/                |             |
|    ep_len_mean          | 2e+03       |
|    ep_rew_mean          | 3.21e+03    |
| time/                   |             |
|    fps                  | 3075        |
|    iterations           | 564         |
|    time_elapsed         | 7136        |
|    total_timesteps      | 21946368    |
| train/                  |             |
|    approx_kl            | 0.004400383 |
|    clip_fraction        | 0.0432      |
|    clip_range           | 0.2         |
|    entropy_loss         | 1.01        |
|    explained_variance   | 0.895       |
|    learning_rate        | 8.09e-05    |
|    loss                 | 6.03        |
|    n_updates            | 5630        |
|    policy_gradient_loss | -0.000721   |
|    std                  | 0.146       |
|    value_loss           | 19.1        |
-----------------------------------------
------------------------------------------
| rollout/                |              |
|    ep_len_mean          | 2e+03        |
|    ep_rew_mean          | 3.21e+03     |
| time/                   |              |
|    fps                  | 3078         |
|    iterations           | 565          |
|    time_elapsed         | 7141         |
|    total_timesteps      | 21985280     |
| train/                  |              |
|    approx_kl            | 0.0034428118 |
|    clip_fraction        | 0.0365       |
|    clip_range           | 0.2          |
|    entropy_loss         | 1.01         |
|    explained_variance   | 0.898        |
|    learning_rate        | 8.05e-05     |
|    loss                 | 13.8         |
|    n_updates            | 5640         |
|    policy_gradient_loss | -0.000587    |
|    std                  | 0.147        |
|    value_loss           | 19.2         |
------------------------------------------
------------------------------------------
| rollout/                |              |
|    ep_len_mean          | 2e+03        |
|    ep_rew_mean          | 3.2e+03      |
| time/                   |              |
|    fps                  | 3081         |
|    iterations           | 566          |
|    time_elapsed         | 7147         |
|    total_timesteps      | 22024192     |
| train/                  |              |
|    approx_kl            | 0.0048438967 |
|    clip_fraction        | 0.036        |
|    clip_range           | 0.2          |
|    entropy_loss         | 0.996        |
|    explained_variance   | 0.903        |
|    learning_rate        | 8.01e-05     |
|    loss                 | 7.89         |
|    n_updates            | 5650         |
|    policy_gradient_loss | -0.00105     |
|    std                  | 0.147        |
|    value_loss           | 17.4         |
------------------------------------------
Eval num_timesteps=22040000, episode_reward=3502.33 +/- 299.24
Episode length: 2000.00 +/- 0.00
-----------------------------------------
| eval/                   |             |
|    mean_ep_length       | 2e+03       |
|    mean_reward          | 3.5e+03     |
| time/                   |             |
|    total_timesteps      | 22040000    |
| train/                  |             |
|    approx_kl            | 0.004158594 |
|    clip_fraction        | 0.0301      |
|    clip_range           | 0.2         |
|    entropy_loss         | 0.996       |
|    explained_variance   | 0.874       |
|    learning_rate        | 7.98e-05    |
|    loss                 | 17.6        |
|    n_updates            | 5660        |
|    policy_gradient_loss | -0.000661   |
|    std                  | 0.147       |
|    value_loss           | 26.1        |
-----------------------------------------
---------------------------------
| rollout/           |          |
|    ep_len_mean     | 2e+03    |
|    ep_rew_mean     | 3.18e+03 |
| time/              |          |
|    fps             | 3075     |
|    iterations      | 567      |
|    time_elapsed    | 7173     |
|    total_timesteps | 22063104 |
---------------------------------
-----------------------------------------
| rollout/                |             |
|    ep_len_mean          | 2e+03       |
|    ep_rew_mean          | 3.21e+03    |
| time/                   |             |
|    fps                  | 3078        |
|    iterations           | 568         |
|    time_elapsed         | 7179        |
|    total_timesteps      | 22102016    |
| train/                  |             |
|    approx_kl            | 0.004465159 |
|    clip_fraction        | 0.0421      |
|    clip_range           | 0.2         |
|    entropy_loss         | 1           |
|    explained_variance   | 0.877       |
|    learning_rate        | 7.94e-05    |
|    loss                 | 13.8        |
|    n_updates            | 5670        |
|    policy_gradient_loss | -0.000808   |
|    std                  | 0.146       |
|    value_loss           | 24.1        |
-----------------------------------------
------------------------------------------
| rollout/                |              |
|    ep_len_mean          | 2e+03        |
|    ep_rew_mean          | 3.18e+03     |
| time/                   |              |
|    fps                  | 3081         |
|    iterations           | 569          |
|    time_elapsed         | 7185         |
|    total_timesteps      | 22140928     |
| train/                  |              |
|    approx_kl            | 0.0046397815 |
|    clip_fraction        | 0.0404       |
|    clip_range           | 0.2          |
|    entropy_loss         | 1            |
|    explained_variance   | 0.902        |
|    learning_rate        | 7.9e-05      |
|    loss                 | 6.88         |
|    n_updates            | 5680         |
|    policy_gradient_loss | -0.00104     |
|    std                  | 0.147        |
|    value_loss           | 19           |
------------------------------------------
------------------------------------------
| rollout/                |              |
|    ep_len_mean          | 1.98e+03     |
|    ep_rew_mean          | 3.14e+03     |
| time/                   |              |
|    fps                  | 3084         |
|    iterations           | 570          |
|    time_elapsed         | 7191         |
|    total_timesteps      | 22179840     |
| train/                  |              |
|    approx_kl            | 0.0038866417 |
|    clip_fraction        | 0.0279       |
|    clip_range           | 0.2          |
|    entropy_loss         | 0.995        |
|    explained_variance   | 0.868        |
|    learning_rate        | 7.86e-05     |
|    loss                 | 7.42         |
|    n_updates            | 5690         |
|    policy_gradient_loss | -0.00132     |
|    std                  | 0.148        |
|    value_loss           | 32.6         |
------------------------------------------
------------------------------------------
| rollout/                |              |
|    ep_len_mean          | 1.98e+03     |
|    ep_rew_mean          | 3.14e+03     |
| time/                   |              |
|    fps                  | 3087         |
|    iterations           | 571          |
|    time_elapsed         | 7196         |
|    total_timesteps      | 22218752     |
| train/                  |              |
|    approx_kl            | 0.0038735156 |
|    clip_fraction        | 0.0332       |
|    clip_range           | 0.2          |
|    entropy_loss         | 0.982        |
|    explained_variance   | 0.898        |
|    learning_rate        | 7.82e-05     |
|    loss                 | 8.44         |
|    n_updates            | 5700         |
|    policy_gradient_loss | -0.000645    |
|    std                  | 0.148        |
|    value_loss           | 24.1         |
------------------------------------------
Eval num_timesteps=22230000, episode_reward=3499.00 +/- 291.30
Episode length: 2000.00 +/- 0.00
------------------------------------------
| eval/                   |              |
|    mean_ep_length       | 2e+03        |
|    mean_reward          | 3.5e+03      |
| time/                   |              |
|    total_timesteps      | 22230000     |
| train/                  |              |
|    approx_kl            | 0.0038323826 |
|    clip_fraction        | 0.0285       |
|    clip_range           | 0.2          |
|    entropy_loss         | 0.978        |
|    explained_variance   | 0.907        |
|    learning_rate        | 7.78e-05     |
|    loss                 | 12.1         |
|    n_updates            | 5710         |
|    policy_gradient_loss | -0.000956    |
|    std                  | 0.148        |
|    value_loss           | 30.7         |
------------------------------------------
---------------------------------
| rollout/           |          |
|    ep_len_mean     | 1.97e+03 |
|    ep_rew_mean     | 3.12e+03 |
| time/              |          |
|    fps             | 3081     |
|    iterations      | 572      |
|    time_elapsed    | 7223     |
|    total_timesteps | 22257664 |
---------------------------------
-----------------------------------------
| rollout/                |             |
|    ep_len_mean          | 1.97e+03    |
|    ep_rew_mean          | 3.11e+03    |
| time/                   |             |
|    fps                  | 3084        |
|    iterations           | 573         |
|    time_elapsed         | 7229        |
|    total_timesteps      | 22296576    |
| train/                  |             |
|    approx_kl            | 0.004934132 |
|    clip_fraction        | 0.0395      |
|    clip_range           | 0.2         |
|    entropy_loss         | 0.972       |
|    explained_variance   | 0.916       |
|    learning_rate        | 7.74e-05    |
|    loss                 | 20.2        |
|    n_updates            | 5720        |
|    policy_gradient_loss | -0.000837   |
|    std                  | 0.149       |
|    value_loss           | 27          |
-----------------------------------------
------------------------------------------
| rollout/                |              |
|    ep_len_mean          | 1.97e+03     |
|    ep_rew_mean          | 3.12e+03     |
| time/                   |              |
|    fps                  | 3087         |
|    iterations           | 574          |
|    time_elapsed         | 7234         |
|    total_timesteps      | 22335488     |
| train/                  |              |
|    approx_kl            | 0.0040128636 |
|    clip_fraction        | 0.0355       |
|    clip_range           | 0.2          |
|    entropy_loss         | 0.964        |
|    explained_variance   | 0.88         |
|    learning_rate        | 7.7e-05      |
|    loss                 | 6.49         |
|    n_updates            | 5730         |
|    policy_gradient_loss | -0.000527    |
|    std                  | 0.15         |
|    value_loss           | 19.1         |
------------------------------------------
-----------------------------------------
| rollout/                |             |
|    ep_len_mean          | 1.98e+03    |
|    ep_rew_mean          | 3.16e+03    |
| time/                   |             |
|    fps                  | 3090        |
|    iterations           | 575         |
|    time_elapsed         | 7240        |
|    total_timesteps      | 22374400    |
| train/                  |             |
|    approx_kl            | 0.003693599 |
|    clip_fraction        | 0.0296      |
|    clip_range           | 0.2         |
|    entropy_loss         | 0.963       |
|    explained_variance   | 0.877       |
|    learning_rate        | 7.66e-05    |
|    loss                 | 6.69        |
|    n_updates            | 5740        |
|    policy_gradient_loss | -0.000502   |
|    std                  | 0.149       |
|    value_loss           | 24.1        |
-----------------------------------------
-----------------------------------------
| rollout/                |             |
|    ep_len_mean          | 1.98e+03    |
|    ep_rew_mean          | 3.15e+03    |
| time/                   |             |
|    fps                  | 3093        |
|    iterations           | 576         |
|    time_elapsed         | 7246        |
|    total_timesteps      | 22413312    |
| train/                  |             |
|    approx_kl            | 0.004999154 |
|    clip_fraction        | 0.0373      |
|    clip_range           | 0.2         |
|    entropy_loss         | 0.964       |
|    explained_variance   | 0.89        |
|    learning_rate        | 7.63e-05    |
|    loss                 | 13.2        |
|    n_updates            | 5750        |
|    policy_gradient_loss | -0.000977   |
|    std                  | 0.15        |
|    value_loss           | 22.9        |
-----------------------------------------
Eval num_timesteps=22420000, episode_reward=3489.53 +/- 287.75
Episode length: 2000.00 +/- 0.00
-----------------------------------------
| eval/                   |             |
|    mean_ep_length       | 2e+03       |
|    mean_reward          | 3.49e+03    |
| time/                   |             |
|    total_timesteps      | 22420000    |
| train/                  |             |
|    approx_kl            | 0.002978072 |
|    clip_fraction        | 0.0302      |
|    clip_range           | 0.2         |
|    entropy_loss         | 0.963       |
|    explained_variance   | 0.861       |
|    learning_rate        | 7.59e-05    |
|    loss                 | 16.3        |
|    n_updates            | 5760        |
|    policy_gradient_loss | -0.000623   |
|    std                  | 0.149       |
|    value_loss           | 27.3        |
-----------------------------------------
---------------------------------
| rollout/           |          |
|    ep_len_mean     | 2e+03    |
|    ep_rew_mean     | 3.2e+03  |
| time/              |          |
|    fps             | 3087     |
|    iterations      | 577      |
|    time_elapsed    | 7272     |
|    total_timesteps | 22452224 |
---------------------------------
------------------------------------------
| rollout/                |              |
|    ep_len_mean          | 2e+03        |
|    ep_rew_mean          | 3.2e+03      |
| time/                   |              |
|    fps                  | 3089         |
|    iterations           | 578          |
|    time_elapsed         | 7278         |
|    total_timesteps      | 22491136     |
| train/                  |              |
|    approx_kl            | 0.0035989394 |
|    clip_fraction        | 0.033        |
|    clip_range           | 0.2          |
|    entropy_loss         | 0.956        |
|    explained_variance   | 0.89         |
|    learning_rate        | 7.55e-05     |
|    loss                 | 13           |
|    n_updates            | 5770         |
|    policy_gradient_loss | -0.000614    |
|    std                  | 0.151        |
|    value_loss           | 19.3         |
------------------------------------------
------------------------------------------
| rollout/                |              |
|    ep_len_mean          | 2e+03        |
|    ep_rew_mean          | 3.21e+03     |
| time/                   |              |
|    fps                  | 3092         |
|    iterations           | 579          |
|    time_elapsed         | 7284         |
|    total_timesteps      | 22530048     |
| train/                  |              |
|    approx_kl            | 0.0035399077 |
|    clip_fraction        | 0.0339       |
|    clip_range           | 0.2          |
|    entropy_loss         | 0.947        |
|    explained_variance   | 0.905        |
|    learning_rate        | 7.51e-05     |
|    loss                 | 7.06         |
|    n_updates            | 5780         |
|    policy_gradient_loss | -0.00058     |
|    std                  | 0.151        |
|    value_loss           | 20.8         |
------------------------------------------
------------------------------------------
| rollout/                |              |
|    ep_len_mean          | 2e+03        |
|    ep_rew_mean          | 3.21e+03     |
| time/                   |              |
|    fps                  | 3095         |
|    iterations           | 580          |
|    time_elapsed         | 7290         |
|    total_timesteps      | 22568960     |
| train/                  |              |
|    approx_kl            | 0.0042892206 |
|    clip_fraction        | 0.0522       |
|    clip_range           | 0.2          |
|    entropy_loss         | 0.948        |
|    explained_variance   | 0.877        |
|    learning_rate        | 7.47e-05     |
|    loss                 | 11.6         |
|    n_updates            | 5790         |
|    policy_gradient_loss | -0.00183     |
|    std                  | 0.15         |
|    value_loss           | 18.5         |
------------------------------------------
------------------------------------------
| rollout/                |              |
|    ep_len_mean          | 2e+03        |
|    ep_rew_mean          | 3.21e+03     |
| time/                   |              |
|    fps                  | 3098         |
|    iterations           | 581          |
|    time_elapsed         | 7296         |
|    total_timesteps      | 22607872     |
| train/                  |              |
|    approx_kl            | 0.0032398505 |
|    clip_fraction        | 0.0288       |
|    clip_range           | 0.2          |
|    entropy_loss         | 0.952        |
|    explained_variance   | 0.892        |
|    learning_rate        | 7.43e-05     |
|    loss                 | 8.48         |
|    n_updates            | 5800         |
|    policy_gradient_loss | -0.00116     |
|    std                  | 0.15         |
|    value_loss           | 22.8         |
------------------------------------------
Eval num_timesteps=22610000, episode_reward=3485.86 +/- 288.17
Episode length: 2000.00 +/- 0.00
------------------------------------------
| eval/                   |              |
|    mean_ep_length       | 2e+03        |
|    mean_reward          | 3.49e+03     |
| time/                   |              |
|    total_timesteps      | 22610000     |
| train/                  |              |
|    approx_kl            | 0.0042828755 |
|    clip_fraction        | 0.0355       |
|    clip_range           | 0.2          |
|    entropy_loss         | 0.953        |
|    explained_variance   | 0.911        |
|    learning_rate        | 7.39e-05     |
|    loss                 | 6.3          |
|    n_updates            | 5810         |
|    policy_gradient_loss | -0.00112     |
|    std                  | 0.15         |
|    value_loss           | 21.3         |
------------------------------------------
---------------------------------
| rollout/           |          |
|    ep_len_mean     | 1.99e+03 |
|    ep_rew_mean     | 3.19e+03 |
| time/              |          |
|    fps             | 3092     |
|    iterations      | 582      |
|    time_elapsed    | 7322     |
|    total_timesteps | 22646784 |
---------------------------------
-----------------------------------------
| rollout/                |             |
|    ep_len_mean          | 1.99e+03    |
|    ep_rew_mean          | 3.18e+03    |
| time/                   |             |
|    fps                  | 3095        |
|    iterations           | 583         |
|    time_elapsed         | 7328        |
|    total_timesteps      | 22685696    |
| train/                  |             |
|    approx_kl            | 0.005195006 |
|    clip_fraction        | 0.0389      |
|    clip_range           | 0.2         |
|    entropy_loss         | 0.955       |
|    explained_variance   | 0.889       |
|    learning_rate        | 7.35e-05    |
|    loss                 | 6.76        |
|    n_updates            | 5820        |
|    policy_gradient_loss | -0.00149    |
|    std                  | 0.15        |
|    value_loss           | 28.3        |
-----------------------------------------
------------------------------------------
| rollout/                |              |
|    ep_len_mean          | 1.99e+03     |
|    ep_rew_mean          | 3.19e+03     |
| time/                   |              |
|    fps                  | 3098         |
|    iterations           | 584          |
|    time_elapsed         | 7334         |
|    total_timesteps      | 22724608     |
| train/                  |              |
|    approx_kl            | 0.0038985175 |
|    clip_fraction        | 0.0278       |
|    clip_range           | 0.2          |
|    entropy_loss         | 0.962        |
|    explained_variance   | 0.889        |
|    learning_rate        | 7.31e-05     |
|    loss                 | 6.17         |
|    n_updates            | 5830         |
|    policy_gradient_loss | -0.000537    |
|    std                  | 0.149        |
|    value_loss           | 19.6         |
------------------------------------------
------------------------------------------
| rollout/                |              |
|    ep_len_mean          | 1.99e+03     |
|    ep_rew_mean          | 3.2e+03      |
| time/                   |              |
|    fps                  | 3101         |
|    iterations           | 585          |
|    time_elapsed         | 7339         |
|    total_timesteps      | 22763520     |
| train/                  |              |
|    approx_kl            | 0.0047826134 |
|    clip_fraction        | 0.0368       |
|    clip_range           | 0.2          |
|    entropy_loss         | 0.968        |
|    explained_variance   | 0.878        |
|    learning_rate        | 7.28e-05     |
|    loss                 | 11.1         |
|    n_updates            | 5840         |
|    policy_gradient_loss | -0.000972    |
|    std                  | 0.149        |
|    value_loss           | 27.9         |
------------------------------------------
Eval num_timesteps=22800000, episode_reward=3486.55 +/- 270.28
Episode length: 2000.00 +/- 0.00
----------------------------------------
| eval/                   |            |
|    mean_ep_length       | 2e+03      |
|    mean_reward          | 3.49e+03   |
| time/                   |            |
|    total_timesteps      | 22800000   |
| train/                  |            |
|    approx_kl            | 0.00426031 |
|    clip_fraction        | 0.0424     |
|    clip_range           | 0.2        |
|    entropy_loss         | 0.971      |
|    explained_variance   | 0.916      |
|    learning_rate        | 7.24e-05   |
|    loss                 | 13         |
|    n_updates            | 5850       |
|    policy_gradient_loss | -0.00109   |
|    std                  | 0.149      |
|    value_loss           | 17.5       |
----------------------------------------
---------------------------------
| rollout/           |          |
|    ep_len_mean     | 1.99e+03 |
|    ep_rew_mean     | 3.2e+03  |
| time/              |          |
|    fps             | 3095     |
|    iterations      | 586      |
|    time_elapsed    | 7366     |
|    total_timesteps | 22802432 |
---------------------------------
-----------------------------------------
| rollout/                |             |
|    ep_len_mean          | 1.99e+03    |
|    ep_rew_mean          | 3.2e+03     |
| time/                   |             |
|    fps                  | 3098        |
|    iterations           | 587         |
|    time_elapsed         | 7372        |
|    total_timesteps      | 22841344    |
| train/                  |             |
|    approx_kl            | 0.003560758 |
|    clip_fraction        | 0.03        |
|    clip_range           | 0.2         |
|    entropy_loss         | 0.969       |
|    explained_variance   | 0.879       |
|    learning_rate        | 7.2e-05     |
|    loss                 | 7.34        |
|    n_updates            | 5860        |
|    policy_gradient_loss | -0.000965   |
|    std                  | 0.149       |
|    value_loss           | 23.6        |
-----------------------------------------
------------------------------------------
| rollout/                |              |
|    ep_len_mean          | 2e+03        |
|    ep_rew_mean          | 3.21e+03     |
| time/                   |              |
|    fps                  | 3101         |
|    iterations           | 588          |
|    time_elapsed         | 7377         |
|    total_timesteps      | 22880256     |
| train/                  |              |
|    approx_kl            | 0.0038350087 |
|    clip_fraction        | 0.0336       |
|    clip_range           | 0.2          |
|    entropy_loss         | 0.972        |
|    explained_variance   | 0.896        |
|    learning_rate        | 7.16e-05     |
|    loss                 | 8.02         |
|    n_updates            | 5870         |
|    policy_gradient_loss | -0.000889    |
|    std                  | 0.149        |
|    value_loss           | 23.8         |
------------------------------------------
-----------------------------------------
| rollout/                |             |
|    ep_len_mean          | 2e+03       |
|    ep_rew_mean          | 3.22e+03    |
| time/                   |             |
|    fps                  | 3104        |
|    iterations           | 589         |
|    time_elapsed         | 7383        |
|    total_timesteps      | 22919168    |
| train/                  |             |
|    approx_kl            | 0.003244327 |
|    clip_fraction        | 0.027       |
|    clip_range           | 0.2         |
|    entropy_loss         | 0.971       |
|    explained_variance   | 0.888       |
|    learning_rate        | 7.12e-05    |
|    loss                 | 9.97        |
|    n_updates            | 5880        |
|    policy_gradient_loss | -0.000294   |
|    std                  | 0.149       |
|    value_loss           | 21.2        |
-----------------------------------------
----------------------------------------
| rollout/                |            |
|    ep_len_mean          | 2e+03      |
|    ep_rew_mean          | 3.22e+03   |
| time/                   |            |
|    fps                  | 3106       |
|    iterations           | 590        |
|    time_elapsed         | 7389       |
|    total_timesteps      | 22958080   |
| train/                  |            |
|    approx_kl            | 0.00421105 |
|    clip_fraction        | 0.0421     |
|    clip_range           | 0.2        |
|    entropy_loss         | 0.974      |
|    explained_variance   | 0.901      |
|    learning_rate        | 7.08e-05   |
|    loss                 | 15.2       |
|    n_updates            | 5890       |
|    policy_gradient_loss | -0.00117   |
|    std                  | 0.148      |
|    value_loss           | 17.8       |
----------------------------------------
Eval num_timesteps=22990000, episode_reward=3489.34 +/- 281.18
Episode length: 2000.00 +/- 0.00
------------------------------------------
| eval/                   |              |
|    mean_ep_length       | 2e+03        |
|    mean_reward          | 3.49e+03     |
| time/                   |              |
|    total_timesteps      | 22990000     |
| train/                  |              |
|    approx_kl            | 0.0036728699 |
|    clip_fraction        | 0.0288       |
|    clip_range           | 0.2          |
|    entropy_loss         | 0.975        |
|    explained_variance   | 0.865        |
|    learning_rate        | 7.04e-05     |
|    loss                 | 14.5         |
|    n_updates            | 5900         |
|    policy_gradient_loss | -0.000997    |
|    std                  | 0.149        |
|    value_loss           | 25.4         |
------------------------------------------
---------------------------------
| rollout/           |          |
|    ep_len_mean     | 2e+03    |
|    ep_rew_mean     | 3.2e+03  |
| time/              |          |
|    fps             | 3101     |
|    iterations      | 591      |
|    time_elapsed    | 7415     |
|    total_timesteps | 22996992 |
---------------------------------
------------------------------------------
| rollout/                |              |
|    ep_len_mean          | 2e+03        |
|    ep_rew_mean          | 3.21e+03     |
| time/                   |              |
|    fps                  | 3103         |
|    iterations           | 592          |
|    time_elapsed         | 7421         |
|    total_timesteps      | 23035904     |
| train/                  |              |
|    approx_kl            | 0.0041069128 |
|    clip_fraction        | 0.0367       |
|    clip_range           | 0.2          |
|    entropy_loss         | 0.967        |
|    explained_variance   | 0.878        |
|    learning_rate        | 7e-05        |
|    loss                 | 13.1         |
|    n_updates            | 5910         |
|    policy_gradient_loss | -0.00112     |
|    std                  | 0.149        |
|    value_loss           | 24.2         |
------------------------------------------
------------------------------------------
| rollout/                |              |
|    ep_len_mean          | 2e+03        |
|    ep_rew_mean          | 3.21e+03     |
| time/                   |              |
|    fps                  | 3106         |
|    iterations           | 593          |
|    time_elapsed         | 7427         |
|    total_timesteps      | 23074816     |
| train/                  |              |
|    approx_kl            | 0.0031003116 |
|    clip_fraction        | 0.0339       |
|    clip_range           | 0.2          |
|    entropy_loss         | 0.958        |
|    explained_variance   | 0.885        |
|    learning_rate        | 6.96e-05     |
|    loss                 | 5.31         |
|    n_updates            | 5920         |
|    policy_gradient_loss | -0.000755    |
|    std                  | 0.15         |
|    value_loss           | 22.8         |
------------------------------------------
------------------------------------------
| rollout/                |              |
|    ep_len_mean          | 2e+03        |
|    ep_rew_mean          | 3.2e+03      |
| time/                   |              |
|    fps                  | 3109         |
|    iterations           | 594          |
|    time_elapsed         | 7432         |
|    total_timesteps      | 23113728     |
| train/                  |              |
|    approx_kl            | 0.0039221086 |
|    clip_fraction        | 0.0345       |
|    clip_range           | 0.2          |
|    entropy_loss         | 0.955        |
|    explained_variance   | 0.898        |
|    learning_rate        | 6.93e-05     |
|    loss                 | 16.2         |
|    n_updates            | 5930         |
|    policy_gradient_loss | -0.000707    |
|    std                  | 0.15         |
|    value_loss           | 22           |
------------------------------------------
-----------------------------------------
| rollout/                |             |
|    ep_len_mean          | 2e+03       |
|    ep_rew_mean          | 3.2e+03     |
| time/                   |             |
|    fps                  | 3112        |
|    iterations           | 595         |
|    time_elapsed         | 7438        |
|    total_timesteps      | 23152640    |
| train/                  |             |
|    approx_kl            | 0.004143273 |
|    clip_fraction        | 0.0347      |
|    clip_range           | 0.2         |
|    entropy_loss         | 0.96        |
|    explained_variance   | 0.927       |
|    learning_rate        | 6.89e-05    |
|    loss                 | 7.4         |
|    n_updates            | 5940        |
|    policy_gradient_loss | -0.00101    |
|    std                  | 0.15        |
|    value_loss           | 15.3        |
-----------------------------------------
Eval num_timesteps=23180000, episode_reward=3475.67 +/- 289.79
Episode length: 2000.00 +/- 0.00
-----------------------------------------
| eval/                   |             |
|    mean_ep_length       | 2e+03       |
|    mean_reward          | 3.48e+03    |
| time/                   |             |
|    total_timesteps      | 23180000    |
| train/                  |             |
|    approx_kl            | 0.004108758 |
|    clip_fraction        | 0.0298      |
|    clip_range           | 0.2         |
|    entropy_loss         | 0.957       |
|    explained_variance   | 0.937       |
|    learning_rate        | 6.85e-05    |
|    loss                 | 7.93        |
|    n_updates            | 5950        |
|    policy_gradient_loss | -0.0011     |
|    std                  | 0.15        |
|    value_loss           | 20.7        |
-----------------------------------------
---------------------------------
| rollout/           |          |
|    ep_len_mean     | 2e+03    |
|    ep_rew_mean     | 3.24e+03 |
| time/              |          |
|    fps             | 3106     |
|    iterations      | 596      |
|    time_elapsed    | 7465     |
|    total_timesteps | 23191552 |
---------------------------------
------------------------------------------
| rollout/                |              |
|    ep_len_mean          | 2e+03        |
|    ep_rew_mean          | 3.24e+03     |
| time/                   |              |
|    fps                  | 3109         |
|    iterations           | 597          |
|    time_elapsed         | 7470         |
|    total_timesteps      | 23230464     |
| train/                  |              |
|    approx_kl            | 0.0039515486 |
|    clip_fraction        | 0.0389       |
|    clip_range           | 0.2          |
|    entropy_loss         | 0.953        |
|    explained_variance   | 0.895        |
|    learning_rate        | 6.81e-05     |
|    loss                 | 12.4         |
|    n_updates            | 5960         |
|    policy_gradient_loss | -0.000911    |
|    std                  | 0.15         |
|    value_loss           | 20.1         |
------------------------------------------
------------------------------------------
| rollout/                |              |
|    ep_len_mean          | 2e+03        |
|    ep_rew_mean          | 3.24e+03     |
| time/                   |              |
|    fps                  | 3112         |
|    iterations           | 598          |
|    time_elapsed         | 7476         |
|    total_timesteps      | 23269376     |
| train/                  |              |
|    approx_kl            | 0.0040032044 |
|    clip_fraction        | 0.0404       |
|    clip_range           | 0.2          |
|    entropy_loss         | 0.95         |
|    explained_variance   | 0.922        |
|    learning_rate        | 6.77e-05     |
|    loss                 | 12.8         |
|    n_updates            | 5970         |
|    policy_gradient_loss | -0.00129     |
|    std                  | 0.151        |
|    value_loss           | 18.1         |
------------------------------------------
------------------------------------------
| rollout/                |              |
|    ep_len_mean          | 2e+03        |
|    ep_rew_mean          | 3.24e+03     |
| time/                   |              |
|    fps                  | 3115         |
|    iterations           | 599          |
|    time_elapsed         | 7482         |
|    total_timesteps      | 23308288     |
| train/                  |              |
|    approx_kl            | 0.0034218552 |
|    clip_fraction        | 0.0354       |
|    clip_range           | 0.2          |
|    entropy_loss         | 0.949        |
|    explained_variance   | 0.892        |
|    learning_rate        | 6.73e-05     |
|    loss                 | 15.5         |
|    n_updates            | 5980         |
|    policy_gradient_loss | -0.00111     |
|    std                  | 0.151        |
|    value_loss           | 24.8         |
------------------------------------------
------------------------------------------
| rollout/                |              |
|    ep_len_mean          | 2e+03        |
|    ep_rew_mean          | 3.24e+03     |
| time/                   |              |
|    fps                  | 3117         |
|    iterations           | 600          |
|    time_elapsed         | 7488         |
|    total_timesteps      | 23347200     |
| train/                  |              |
|    approx_kl            | 0.0044177836 |
|    clip_fraction        | 0.0398       |
|    clip_range           | 0.2          |
|    entropy_loss         | 0.951        |
|    explained_variance   | 0.9          |
|    learning_rate        | 6.69e-05     |
|    loss                 | 9.42         |
|    n_updates            | 5990         |
|    policy_gradient_loss | -0.000929    |
|    std                  | 0.15         |
|    value_loss           | 19.3         |
------------------------------------------
Eval num_timesteps=23370000, episode_reward=3503.62 +/- 285.95
Episode length: 2000.00 +/- 0.00
------------------------------------------
| eval/                   |              |
|    mean_ep_length       | 2e+03        |
|    mean_reward          | 3.5e+03      |
| time/                   |              |
|    total_timesteps      | 23370000     |
| train/                  |              |
|    approx_kl            | 0.0026186735 |
|    clip_fraction        | 0.032        |
|    clip_range           | 0.2          |
|    entropy_loss         | 0.96         |
|    explained_variance   | 0.917        |
|    learning_rate        | 6.65e-05     |
|    loss                 | 7.11         |
|    n_updates            | 6000         |
|    policy_gradient_loss | -0.000335    |
|    std                  | 0.149        |
|    value_loss           | 17.7         |
------------------------------------------
---------------------------------
| rollout/           |          |
|    ep_len_mean     | 2e+03    |
|    ep_rew_mean     | 3.23e+03 |
| time/              |          |
|    fps             | 3112     |
|    iterations      | 601      |
|    time_elapsed    | 7514     |
|    total_timesteps | 23386112 |
---------------------------------
-----------------------------------------
| rollout/                |             |
|    ep_len_mean          | 2e+03       |
|    ep_rew_mean          | 3.23e+03    |
| time/                   |             |
|    fps                  | 3114        |
|    iterations           | 602         |
|    time_elapsed         | 7520        |
|    total_timesteps      | 23425024    |
| train/                  |             |
|    approx_kl            | 0.004137315 |
|    clip_fraction        | 0.0363      |
|    clip_range           | 0.2         |
|    entropy_loss         | 0.959       |
|    explained_variance   | 0.875       |
|    learning_rate        | 6.61e-05    |
|    loss                 | 7.74        |
|    n_updates            | 6010        |
|    policy_gradient_loss | -0.000964   |
|    std                  | 0.15        |
|    value_loss           | 19.9        |
-----------------------------------------
------------------------------------------
| rollout/                |              |
|    ep_len_mean          | 2e+03        |
|    ep_rew_mean          | 3.23e+03     |
| time/                   |              |
|    fps                  | 3117         |
|    iterations           | 603          |
|    time_elapsed         | 7525         |
|    total_timesteps      | 23463936     |
| train/                  |              |
|    approx_kl            | 0.0040904805 |
|    clip_fraction        | 0.028        |
|    clip_range           | 0.2          |
|    entropy_loss         | 0.953        |
|    explained_variance   | 0.894        |
|    learning_rate        | 6.57e-05     |
|    loss                 | 10.6         |
|    n_updates            | 6020         |
|    policy_gradient_loss | -0.000435    |
|    std                  | 0.15         |
|    value_loss           | 21.7         |
------------------------------------------
------------------------------------------
| rollout/                |              |
|    ep_len_mean          | 2e+03        |
|    ep_rew_mean          | 3.23e+03     |
| time/                   |              |
|    fps                  | 3120         |
|    iterations           | 604          |
|    time_elapsed         | 7531         |
|    total_timesteps      | 23502848     |
| train/                  |              |
|    approx_kl            | 0.0035932483 |
|    clip_fraction        | 0.0359       |
|    clip_range           | 0.2          |
|    entropy_loss         | 0.948        |
|    explained_variance   | 0.896        |
|    learning_rate        | 6.54e-05     |
|    loss                 | 22.5         |
|    n_updates            | 6030         |
|    policy_gradient_loss | -0.000984    |
|    std                  | 0.151        |
|    value_loss           | 23.3         |
------------------------------------------
------------------------------------------
| rollout/                |              |
|    ep_len_mean          | 2e+03        |
|    ep_rew_mean          | 3.23e+03     |
| time/                   |              |
|    fps                  | 3123         |
|    iterations           | 605          |
|    time_elapsed         | 7537         |
|    total_timesteps      | 23541760     |
| train/                  |              |
|    approx_kl            | 0.0035613133 |
|    clip_fraction        | 0.032        |
|    clip_range           | 0.2          |
|    entropy_loss         | 0.943        |
|    explained_variance   | 0.88         |
|    learning_rate        | 6.5e-05      |
|    loss                 | 15.3         |
|    n_updates            | 6040         |
|    policy_gradient_loss | -0.000868    |
|    std                  | 0.151        |
|    value_loss           | 27           |
------------------------------------------
Eval num_timesteps=23560000, episode_reward=3490.02 +/- 286.13
Episode length: 2000.00 +/- 0.00
-----------------------------------------
| eval/                   |             |
|    mean_ep_length       | 2e+03       |
|    mean_reward          | 3.49e+03    |
| time/                   |             |
|    total_timesteps      | 23560000    |
| train/                  |             |
|    approx_kl            | 0.004164215 |
|    clip_fraction        | 0.0297      |
|    clip_range           | 0.2         |
|    entropy_loss         | 0.94        |
|    explained_variance   | 0.86        |
|    learning_rate        | 6.46e-05    |
|    loss                 | 17.2        |
|    n_updates            | 6050        |
|    policy_gradient_loss | -0.000658   |
|    std                  | 0.151       |
|    value_loss           | 25.9        |
-----------------------------------------
---------------------------------
| rollout/           |          |
|    ep_len_mean     | 2e+03    |
|    ep_rew_mean     | 3.23e+03 |
| time/              |          |
|    fps             | 3117     |
|    iterations      | 606      |
|    time_elapsed    | 7563     |
|    total_timesteps | 23580672 |
---------------------------------
------------------------------------------
| rollout/                |              |
|    ep_len_mean          | 2e+03        |
|    ep_rew_mean          | 3.23e+03     |
| time/                   |              |
|    fps                  | 3120         |
|    iterations           | 607          |
|    time_elapsed         | 7569         |
|    total_timesteps      | 23619584     |
| train/                  |              |
|    approx_kl            | 0.0029899646 |
|    clip_fraction        | 0.0233       |
|    clip_range           | 0.2          |
|    entropy_loss         | 0.945        |
|    explained_variance   | 0.864        |
|    learning_rate        | 6.42e-05     |
|    loss                 | 17.8         |
|    n_updates            | 6060         |
|    policy_gradient_loss | -0.000556    |
|    std                  | 0.151        |
|    value_loss           | 26.5         |
------------------------------------------
------------------------------------------
| rollout/                |              |
|    ep_len_mean          | 2e+03        |
|    ep_rew_mean          | 3.23e+03     |
| time/                   |              |
|    fps                  | 3123         |
|    iterations           | 608          |
|    time_elapsed         | 7575         |
|    total_timesteps      | 23658496     |
| train/                  |              |
|    approx_kl            | 0.0043646856 |
|    clip_fraction        | 0.0403       |
|    clip_range           | 0.2          |
|    entropy_loss         | 0.953        |
|    explained_variance   | 0.882        |
|    learning_rate        | 6.38e-05     |
|    loss                 | 17           |
|    n_updates            | 6070         |
|    policy_gradient_loss | -0.00133     |
|    std                  | 0.15         |
|    value_loss           | 17.1         |
------------------------------------------
------------------------------------------
| rollout/                |              |
|    ep_len_mean          | 2e+03        |
|    ep_rew_mean          | 3.24e+03     |
| time/                   |              |
|    fps                  | 3125         |
|    iterations           | 609          |
|    time_elapsed         | 7581         |
|    total_timesteps      | 23697408     |
| train/                  |              |
|    approx_kl            | 0.0039685476 |
|    clip_fraction        | 0.0318       |
|    clip_range           | 0.2          |
|    entropy_loss         | 0.957        |
|    explained_variance   | 0.92         |
|    learning_rate        | 6.34e-05     |
|    loss                 | 2.71         |
|    n_updates            | 6080         |
|    policy_gradient_loss | -0.000829    |
|    std                  | 0.15         |
|    value_loss           | 15.9         |
------------------------------------------
------------------------------------------
| rollout/                |              |
|    ep_len_mean          | 2e+03        |
|    ep_rew_mean          | 3.23e+03     |
| time/                   |              |
|    fps                  | 3128         |
|    iterations           | 610          |
|    time_elapsed         | 7586         |
|    total_timesteps      | 23736320     |
| train/                  |              |
|    approx_kl            | 0.0037836856 |
|    clip_fraction        | 0.0297       |
|    clip_range           | 0.2          |
|    entropy_loss         | 0.954        |
|    explained_variance   | 0.902        |
|    learning_rate        | 6.3e-05      |
|    loss                 | 7.8          |
|    n_updates            | 6090         |
|    policy_gradient_loss | -0.000694    |
|    std                  | 0.151        |
|    value_loss           | 21.9         |
------------------------------------------
Eval num_timesteps=23750000, episode_reward=3503.22 +/- 277.65
Episode length: 2000.00 +/- 0.00
-----------------------------------------
| eval/                   |             |
|    mean_ep_length       | 2e+03       |
|    mean_reward          | 3.5e+03     |
| time/                   |             |
|    total_timesteps      | 23750000    |
| train/                  |             |
|    approx_kl            | 0.004089183 |
|    clip_fraction        | 0.0285      |
|    clip_range           | 0.2         |
|    entropy_loss         | 0.944       |
|    explained_variance   | 0.901       |
|    learning_rate        | 6.26e-05    |
|    loss                 | 15          |
|    n_updates            | 6100        |
|    policy_gradient_loss | -0.000663   |
|    std                  | 0.151       |
|    value_loss           | 20.3        |
-----------------------------------------
---------------------------------
| rollout/           |          |
|    ep_len_mean     | 2e+03    |
|    ep_rew_mean     | 3.25e+03 |
| time/              |          |
|    fps             | 3122     |
|    iterations      | 611      |
|    time_elapsed    | 7612     |
|    total_timesteps | 23775232 |
---------------------------------
------------------------------------------
| rollout/                |              |
|    ep_len_mean          | 2e+03        |
|    ep_rew_mean          | 3.24e+03     |
| time/                   |              |
|    fps                  | 3125         |
|    iterations           | 612          |
|    time_elapsed         | 7618         |
|    total_timesteps      | 23814144     |
| train/                  |              |
|    approx_kl            | 0.0039675185 |
|    clip_fraction        | 0.034        |
|    clip_range           | 0.2          |
|    entropy_loss         | 0.939        |
|    explained_variance   | 0.918        |
|    learning_rate        | 6.22e-05     |
|    loss                 | 6.92         |
|    n_updates            | 6110         |
|    policy_gradient_loss | -0.00121     |
|    std                  | 0.151        |
|    value_loss           | 16           |
------------------------------------------
------------------------------------------
| rollout/                |              |
|    ep_len_mean          | 2e+03        |
|    ep_rew_mean          | 3.25e+03     |
| time/                   |              |
|    fps                  | 3128         |
|    iterations           | 613          |
|    time_elapsed         | 7624         |
|    total_timesteps      | 23853056     |
| train/                  |              |
|    approx_kl            | 0.0045281453 |
|    clip_fraction        | 0.0277       |
|    clip_range           | 0.2          |
|    entropy_loss         | 0.934        |
|    explained_variance   | 0.887        |
|    learning_rate        | 6.19e-05     |
|    loss                 | 10.9         |
|    n_updates            | 6120         |
|    policy_gradient_loss | -0.000606    |
|    std                  | 0.152        |
|    value_loss           | 24.3         |
------------------------------------------
------------------------------------------
| rollout/                |              |
|    ep_len_mean          | 2e+03        |
|    ep_rew_mean          | 3.25e+03     |
| time/                   |              |
|    fps                  | 3131         |
|    iterations           | 614          |
|    time_elapsed         | 7630         |
|    total_timesteps      | 23891968     |
| train/                  |              |
|    approx_kl            | 0.0033708059 |
|    clip_fraction        | 0.03         |
|    clip_range           | 0.2          |
|    entropy_loss         | 0.927        |
|    explained_variance   | 0.885        |
|    learning_rate        | 6.15e-05     |
|    loss                 | 26.3         |
|    n_updates            | 6130         |
|    policy_gradient_loss | -0.000711    |
|    std                  | 0.152        |
|    value_loss           | 22.9         |
------------------------------------------
-----------------------------------------
| rollout/                |             |
|    ep_len_mean          | 2e+03       |
|    ep_rew_mean          | 3.25e+03    |
| time/                   |             |
|    fps                  | 3133        |
|    iterations           | 615         |
|    time_elapsed         | 7636        |
|    total_timesteps      | 23930880    |
| train/                  |             |
|    approx_kl            | 0.004196007 |
|    clip_fraction        | 0.0367      |
|    clip_range           | 0.2         |
|    entropy_loss         | 0.923       |
|    explained_variance   | 0.911       |
|    learning_rate        | 6.11e-05    |
|    loss                 | 10.1        |
|    n_updates            | 6140        |
|    policy_gradient_loss | -0.00118    |
|    std                  | 0.153       |
|    value_loss           | 21.1        |
-----------------------------------------
Eval num_timesteps=23940000, episode_reward=3521.59 +/- 265.79
Episode length: 2000.00 +/- 0.00
------------------------------------------
| eval/                   |              |
|    mean_ep_length       | 2e+03        |
|    mean_reward          | 3.52e+03     |
| time/                   |              |
|    total_timesteps      | 23940000     |
| train/                  |              |
|    approx_kl            | 0.0033407486 |
|    clip_fraction        | 0.0307       |
|    clip_range           | 0.2          |
|    entropy_loss         | 0.924        |
|    explained_variance   | 0.905        |
|    learning_rate        | 6.07e-05     |
|    loss                 | 14.5         |
|    n_updates            | 6150         |
|    policy_gradient_loss | -0.000911    |
|    std                  | 0.153        |
|    value_loss           | 19.7         |
------------------------------------------
New best mean reward!
---------------------------------
| rollout/           |          |
|    ep_len_mean     | 2e+03    |
|    ep_rew_mean     | 3.23e+03 |
| time/              |          |
|    fps             | 3128     |
|    iterations      | 616      |
|    time_elapsed    | 7662     |
|    total_timesteps | 23969792 |
---------------------------------
------------------------------------------
| rollout/                |              |
|    ep_len_mean          | 2e+03        |
|    ep_rew_mean          | 3.26e+03     |
| time/                   |              |
|    fps                  | 3130         |
|    iterations           | 617          |
|    time_elapsed         | 7668         |
|    total_timesteps      | 24008704     |
| train/                  |              |
|    approx_kl            | 0.0039258455 |
|    clip_fraction        | 0.0273       |
|    clip_range           | 0.2          |
|    entropy_loss         | 0.924        |
|    explained_variance   | 0.892        |
|    learning_rate        | 6.03e-05     |
|    loss                 | 20.7         |
|    n_updates            | 6160         |
|    policy_gradient_loss | -0.000936    |
|    std                  | 0.152        |
|    value_loss           | 20.7         |
------------------------------------------
------------------------------------------
| rollout/                |              |
|    ep_len_mean          | 2e+03        |
|    ep_rew_mean          | 3.25e+03     |
| time/                   |              |
|    fps                  | 3133         |
|    iterations           | 618          |
|    time_elapsed         | 7674         |
|    total_timesteps      | 24047616     |
| train/                  |              |
|    approx_kl            | 0.0038607768 |
|    clip_fraction        | 0.0346       |
|    clip_range           | 0.2          |
|    entropy_loss         | 0.92         |
|    explained_variance   | 0.886        |
|    learning_rate        | 5.99e-05     |
|    loss                 | 14.9         |
|    n_updates            | 6170         |
|    policy_gradient_loss | -0.000985    |
|    std                  | 0.153        |
|    value_loss           | 21.2         |
------------------------------------------
----------------------------------------
| rollout/                |            |
|    ep_len_mean          | 1.99e+03   |
|    ep_rew_mean          | 3.22e+03   |
| time/                   |            |
|    fps                  | 3136       |
|    iterations           | 619        |
|    time_elapsed         | 7680       |
|    total_timesteps      | 24086528   |
| train/                  |            |
|    approx_kl            | 0.00470026 |
|    clip_fraction        | 0.0466     |
|    clip_range           | 0.2        |
|    entropy_loss         | 0.92       |
|    explained_variance   | 0.903      |
|    learning_rate        | 5.95e-05   |
|    loss                 | 10.7       |
|    n_updates            | 6180       |
|    policy_gradient_loss | -0.00131   |
|    std                  | 0.153      |
|    value_loss           | 18.1       |
----------------------------------------
------------------------------------------
| rollout/                |              |
|    ep_len_mean          | 1.99e+03     |
|    ep_rew_mean          | 3.22e+03     |
| time/                   |              |
|    fps                  | 3138         |
|    iterations           | 620          |
|    time_elapsed         | 7685         |
|    total_timesteps      | 24125440     |
| train/                  |              |
|    approx_kl            | 0.0031934453 |
|    clip_fraction        | 0.0226       |
|    clip_range           | 0.2          |
|    entropy_loss         | 0.923        |
|    explained_variance   | 0.879        |
|    learning_rate        | 5.91e-05     |
|    loss                 | 20.5         |
|    n_updates            | 6190         |
|    policy_gradient_loss | -0.000943    |
|    std                  | 0.153        |
|    value_loss           | 32.6         |
------------------------------------------
Eval num_timesteps=24130000, episode_reward=3543.70 +/- 264.66
Episode length: 2000.00 +/- 0.00
-----------------------------------------
| eval/                   |             |
|    mean_ep_length       | 2e+03       |
|    mean_reward          | 3.54e+03    |
| time/                   |             |
|    total_timesteps      | 24130000    |
| train/                  |             |
|    approx_kl            | 0.003300186 |
|    clip_fraction        | 0.0342      |
|    clip_range           | 0.2         |
|    entropy_loss         | 0.931       |
|    explained_variance   | 0.903       |
|    learning_rate        | 5.87e-05    |
|    loss                 | 5.52        |
|    n_updates            | 6200        |
|    policy_gradient_loss | -0.00105    |
|    std                  | 0.152       |
|    value_loss           | 14.9        |
-----------------------------------------
New best mean reward!
---------------------------------
| rollout/           |          |
|    ep_len_mean     | 1.99e+03 |
|    ep_rew_mean     | 3.23e+03 |
| time/              |          |
|    fps             | 3133     |
|    iterations      | 621      |
|    time_elapsed    | 7712     |
|    total_timesteps | 24164352 |
---------------------------------
------------------------------------------
| rollout/                |              |
|    ep_len_mean          | 1.99e+03     |
|    ep_rew_mean          | 3.22e+03     |
| time/                   |              |
|    fps                  | 3135         |
|    iterations           | 622          |
|    time_elapsed         | 7718         |
|    total_timesteps      | 24203264     |
| train/                  |              |
|    approx_kl            | 0.0040530534 |
|    clip_fraction        | 0.0275       |
|    clip_range           | 0.2          |
|    entropy_loss         | 0.937        |
|    explained_variance   | 0.875        |
|    learning_rate        | 5.84e-05     |
|    loss                 | 15           |
|    n_updates            | 6210         |
|    policy_gradient_loss | -0.000829    |
|    std                  | 0.151        |
|    value_loss           | 28.6         |
------------------------------------------
----------------------------------------
| rollout/                |            |
|    ep_len_mean          | 1.99e+03   |
|    ep_rew_mean          | 3.21e+03   |
| time/                   |            |
|    fps                  | 3138       |
|    iterations           | 623        |
|    time_elapsed         | 7723       |
|    total_timesteps      | 24242176   |
| train/                  |            |
|    approx_kl            | 0.00418686 |
|    clip_fraction        | 0.0321     |
|    clip_range           | 0.2        |
|    entropy_loss         | 0.935      |
|    explained_variance   | 0.873      |
|    learning_rate        | 5.8e-05    |
|    loss                 | 14.7       |
|    n_updates            | 6220       |
|    policy_gradient_loss | -0.00103   |
|    std                  | 0.152      |
|    value_loss           | 24.4       |
----------------------------------------
-----------------------------------------
| rollout/                |             |
|    ep_len_mean          | 1.99e+03    |
|    ep_rew_mean          | 3.22e+03    |
| time/                   |             |
|    fps                  | 3141        |
|    iterations           | 624         |
|    time_elapsed         | 7729        |
|    total_timesteps      | 24281088    |
| train/                  |             |
|    approx_kl            | 0.004077408 |
|    clip_fraction        | 0.0245      |
|    clip_range           | 0.2         |
|    entropy_loss         | 0.935       |
|    explained_variance   | 0.846       |
|    learning_rate        | 5.76e-05    |
|    loss                 | 12.7        |
|    n_updates            | 6230        |
|    policy_gradient_loss | -0.000559   |
|    std                  | 0.152       |
|    value_loss           | 30.7        |
-----------------------------------------
Eval num_timesteps=24320000, episode_reward=3551.30 +/- 268.20
Episode length: 2000.00 +/- 0.00
------------------------------------------
| eval/                   |              |
|    mean_ep_length       | 2e+03        |
|    mean_reward          | 3.55e+03     |
| time/                   |              |
|    total_timesteps      | 24320000     |
| train/                  |              |
|    approx_kl            | 0.0032591305 |
|    clip_fraction        | 0.032        |
|    clip_range           | 0.2          |
|    entropy_loss         | 0.933        |
|    explained_variance   | 0.901        |
|    learning_rate        | 5.72e-05     |
|    loss                 | 13.5         |
|    n_updates            | 6240         |
|    policy_gradient_loss | -0.000505    |
|    std                  | 0.152        |
|    value_loss           | 20.3         |
------------------------------------------
New best mean reward!
---------------------------------
| rollout/           |          |
|    ep_len_mean     | 2e+03    |
|    ep_rew_mean     | 3.23e+03 |
| time/              |          |
|    fps             | 3135     |
|    iterations      | 625      |
|    time_elapsed    | 7755     |
|    total_timesteps | 24320000 |
---------------------------------
------------------------------------------
| rollout/                |              |
|    ep_len_mean          | 2e+03        |
|    ep_rew_mean          | 3.22e+03     |
| time/                   |              |
|    fps                  | 3138         |
|    iterations           | 626          |
|    time_elapsed         | 7761         |
|    total_timesteps      | 24358912     |
| train/                  |              |
|    approx_kl            | 0.0025740976 |
|    clip_fraction        | 0.0198       |
|    clip_range           | 0.2          |
|    entropy_loss         | 0.928        |
|    explained_variance   | 0.889        |
|    learning_rate        | 5.68e-05     |
|    loss                 | 5.24         |
|    n_updates            | 6250         |
|    policy_gradient_loss | -0.000319    |
|    std                  | 0.152        |
|    value_loss           | 24.5         |
------------------------------------------
-----------------------------------------
| rollout/                |             |
|    ep_len_mean          | 2e+03       |
|    ep_rew_mean          | 3.21e+03    |
| time/                   |             |
|    fps                  | 3141        |
|    iterations           | 627         |
|    time_elapsed         | 7767        |
|    total_timesteps      | 24397824    |
| train/                  |             |
|    approx_kl            | 0.003489147 |
|    clip_fraction        | 0.0263      |
|    clip_range           | 0.2         |
|    entropy_loss         | 0.929       |
|    explained_variance   | 0.876       |
|    learning_rate        | 5.64e-05    |
|    loss                 | 22.9        |
|    n_updates            | 6260        |
|    policy_gradient_loss | -0.000832   |
|    std                  | 0.152       |
|    value_loss           | 31.3        |
-----------------------------------------
------------------------------------------
| rollout/                |              |
|    ep_len_mean          | 2e+03        |
|    ep_rew_mean          | 3.23e+03     |
| time/                   |              |
|    fps                  | 3143         |
|    iterations           | 628          |
|    time_elapsed         | 7773         |
|    total_timesteps      | 24436736     |
| train/                  |              |
|    approx_kl            | 0.0033833974 |
|    clip_fraction        | 0.0274       |
|    clip_range           | 0.2          |
|    entropy_loss         | 0.935        |
|    explained_variance   | 0.889        |
|    learning_rate        | 5.6e-05      |
|    loss                 | 11.3         |
|    n_updates            | 6270         |
|    policy_gradient_loss | -0.000735    |
|    std                  | 0.151        |
|    value_loss           | 21.5         |
------------------------------------------
------------------------------------------
| rollout/                |              |
|    ep_len_mean          | 2e+03        |
|    ep_rew_mean          | 3.24e+03     |
| time/                   |              |
|    fps                  | 3146         |
|    iterations           | 629          |
|    time_elapsed         | 7779         |
|    total_timesteps      | 24475648     |
| train/                  |              |
|    approx_kl            | 0.0037796537 |
|    clip_fraction        | 0.0254       |
|    clip_range           | 0.2          |
|    entropy_loss         | 0.937        |
|    explained_variance   | 0.881        |
|    learning_rate        | 5.56e-05     |
|    loss                 | 11.4         |
|    n_updates            | 6280         |
|    policy_gradient_loss | -0.000485    |
|    std                  | 0.152        |
|    value_loss           | 28           |
------------------------------------------
Eval num_timesteps=24510000, episode_reward=3556.32 +/- 273.91
Episode length: 2000.00 +/- 0.00
------------------------------------------
| eval/                   |              |
|    mean_ep_length       | 2e+03        |
|    mean_reward          | 3.56e+03     |
| time/                   |              |
|    total_timesteps      | 24510000     |
| train/                  |              |
|    approx_kl            | 0.0040789642 |
|    clip_fraction        | 0.035        |
|    clip_range           | 0.2          |
|    entropy_loss         | 0.937        |
|    explained_variance   | 0.878        |
|    learning_rate        | 5.52e-05     |
|    loss                 | 9.98         |
|    n_updates            | 6290         |
|    policy_gradient_loss | -0.000976    |
|    std                  | 0.151        |
|    value_loss           | 22.2         |
------------------------------------------
New best mean reward!
---------------------------------
| rollout/           |          |
|    ep_len_mean     | 2e+03    |
|    ep_rew_mean     | 3.24e+03 |
| time/              |          |
|    fps             | 3140     |
|    iterations      | 630      |
|    time_elapsed    | 7805     |
|    total_timesteps | 24514560 |
---------------------------------
------------------------------------------
| rollout/                |              |
|    ep_len_mean          | 2e+03        |
|    ep_rew_mean          | 3.29e+03     |
| time/                   |              |
|    fps                  | 3143         |
|    iterations           | 631          |
|    time_elapsed         | 7811         |
|    total_timesteps      | 24553472     |
| train/                  |              |
|    approx_kl            | 0.0030506593 |
|    clip_fraction        | 0.0266       |
|    clip_range           | 0.2          |
|    entropy_loss         | 0.938        |
|    explained_variance   | 0.894        |
|    learning_rate        | 5.49e-05     |
|    loss                 | 13.9         |
|    n_updates            | 6300         |
|    policy_gradient_loss | -0.000277    |
|    std                  | 0.151        |
|    value_loss           | 19.9         |
------------------------------------------
-----------------------------------------
| rollout/                |             |
|    ep_len_mean          | 2e+03       |
|    ep_rew_mean          | 3.26e+03    |
| time/                   |             |
|    fps                  | 3146        |
|    iterations           | 632         |
|    time_elapsed         | 7817        |
|    total_timesteps      | 24592384    |
| train/                  |             |
|    approx_kl            | 0.002844436 |
|    clip_fraction        | 0.0264      |
|    clip_range           | 0.2         |
|    entropy_loss         | 0.937       |
|    explained_variance   | 0.875       |
|    learning_rate        | 5.45e-05    |
|    loss                 | 4.85        |
|    n_updates            | 6310        |
|    policy_gradient_loss | -0.000647   |
|    std                  | 0.152       |
|    value_loss           | 30.3        |
-----------------------------------------
------------------------------------------
| rollout/                |              |
|    ep_len_mean          | 2e+03        |
|    ep_rew_mean          | 3.27e+03     |
| time/                   |              |
|    fps                  | 3148         |
|    iterations           | 633          |
|    time_elapsed         | 7822         |
|    total_timesteps      | 24631296     |
| train/                  |              |
|    approx_kl            | 0.0037638694 |
|    clip_fraction        | 0.0303       |
|    clip_range           | 0.2          |
|    entropy_loss         | 0.937        |
|    explained_variance   | 0.876        |
|    learning_rate        | 5.41e-05     |
|    loss                 | 11.5         |
|    n_updates            | 6320         |
|    policy_gradient_loss | -0.000701    |
|    std                  | 0.152        |
|    value_loss           | 25.6         |
------------------------------------------
------------------------------------------
| rollout/                |              |
|    ep_len_mean          | 2e+03        |
|    ep_rew_mean          | 3.29e+03     |
| time/                   |              |
|    fps                  | 3151         |
|    iterations           | 634          |
|    time_elapsed         | 7828         |
|    total_timesteps      | 24670208     |
| train/                  |              |
|    approx_kl            | 0.0041023465 |
|    clip_fraction        | 0.0343       |
|    clip_range           | 0.2          |
|    entropy_loss         | 0.931        |
|    explained_variance   | 0.912        |
|    learning_rate        | 5.37e-05     |
|    loss                 | 14.8         |
|    n_updates            | 6330         |
|    policy_gradient_loss | -0.00146     |
|    std                  | 0.152        |
|    value_loss           | 19.4         |
------------------------------------------
Eval num_timesteps=24700000, episode_reward=3556.71 +/- 266.96
Episode length: 2000.00 +/- 0.00
-----------------------------------------
| eval/                   |             |
|    mean_ep_length       | 2e+03       |
|    mean_reward          | 3.56e+03    |
| time/                   |             |
|    total_timesteps      | 24700000    |
| train/                  |             |
|    approx_kl            | 0.004272049 |
|    clip_fraction        | 0.033       |
|    clip_range           | 0.2         |
|    entropy_loss         | 0.927       |
|    explained_variance   | 0.895       |
|    learning_rate        | 5.33e-05    |
|    loss                 | 13          |
|    n_updates            | 6340        |
|    policy_gradient_loss | -0.000996   |
|    std                  | 0.152       |
|    value_loss           | 19.9        |
-----------------------------------------
New best mean reward!
---------------------------------
| rollout/           |          |
|    ep_len_mean     | 2e+03    |
|    ep_rew_mean     | 3.27e+03 |
| time/              |          |
|    fps             | 3145     |
|    iterations      | 635      |
|    time_elapsed    | 7854     |
|    total_timesteps | 24709120 |
---------------------------------
------------------------------------------
| rollout/                |              |
|    ep_len_mean          | 2e+03        |
|    ep_rew_mean          | 3.25e+03     |
| time/                   |              |
|    fps                  | 3148         |
|    iterations           | 636          |
|    time_elapsed         | 7860         |
|    total_timesteps      | 24748032     |
| train/                  |              |
|    approx_kl            | 0.0040868334 |
|    clip_fraction        | 0.0331       |
|    clip_range           | 0.2          |
|    entropy_loss         | 0.929        |
|    explained_variance   | 0.891        |
|    learning_rate        | 5.29e-05     |
|    loss                 | 6.02         |
|    n_updates            | 6350         |
|    policy_gradient_loss | -0.00119     |
|    std                  | 0.152        |
|    value_loss           | 23.8         |
------------------------------------------
------------------------------------------
| rollout/                |              |
|    ep_len_mean          | 2e+03        |
|    ep_rew_mean          | 3.25e+03     |
| time/                   |              |
|    fps                  | 3150         |
|    iterations           | 637          |
|    time_elapsed         | 7866         |
|    total_timesteps      | 24786944     |
| train/                  |              |
|    approx_kl            | 0.0046135816 |
|    clip_fraction        | 0.0302       |
|    clip_range           | 0.2          |
|    entropy_loss         | 0.93         |
|    explained_variance   | 0.889        |
|    learning_rate        | 5.25e-05     |
|    loss                 | 15.8         |
|    n_updates            | 6360         |
|    policy_gradient_loss | -0.000782    |
|    std                  | 0.152        |
|    value_loss           | 27.1         |
------------------------------------------
------------------------------------------
| rollout/                |              |
|    ep_len_mean          | 2e+03        |
|    ep_rew_mean          | 3.25e+03     |
| time/                   |              |
|    fps                  | 3153         |
|    iterations           | 638          |
|    time_elapsed         | 7872         |
|    total_timesteps      | 24825856     |
| train/                  |              |
|    approx_kl            | 0.0029662405 |
|    clip_fraction        | 0.0244       |
|    clip_range           | 0.2          |
|    entropy_loss         | 0.933        |
|    explained_variance   | 0.908        |
|    learning_rate        | 5.21e-05     |
|    loss                 | 6.3          |
|    n_updates            | 6370         |
|    policy_gradient_loss | -0.000586    |
|    std                  | 0.152        |
|    value_loss           | 22.8         |
------------------------------------------
------------------------------------------
| rollout/                |              |
|    ep_len_mean          | 2e+03        |
|    ep_rew_mean          | 3.23e+03     |
| time/                   |              |
|    fps                  | 3156         |
|    iterations           | 639          |
|    time_elapsed         | 7878         |
|    total_timesteps      | 24864768     |
| train/                  |              |
|    approx_kl            | 0.0046988083 |
|    clip_fraction        | 0.0418       |
|    clip_range           | 0.2          |
|    entropy_loss         | 0.935        |
|    explained_variance   | 0.895        |
|    learning_rate        | 5.17e-05     |
|    loss                 | 11.2         |
|    n_updates            | 6380         |
|    policy_gradient_loss | -0.00126     |
|    std                  | 0.152        |
|    value_loss           | 27           |
------------------------------------------
Eval num_timesteps=24890000, episode_reward=3542.61 +/- 285.24
Episode length: 2000.00 +/- 0.00
-----------------------------------------
| eval/                   |             |
|    mean_ep_length       | 2e+03       |
|    mean_reward          | 3.54e+03    |
| time/                   |             |
|    total_timesteps      | 24890000    |
| train/                  |             |
|    approx_kl            | 0.004065559 |
|    clip_fraction        | 0.0293      |
|    clip_range           | 0.2         |
|    entropy_loss         | 0.935       |
|    explained_variance   | 0.899       |
|    learning_rate        | 5.14e-05    |
|    loss                 | 14.9        |
|    n_updates            | 6390        |
|    policy_gradient_loss | -0.00118    |
|    std                  | 0.152       |
|    value_loss           | 21.5        |
-----------------------------------------
---------------------------------
| rollout/           |          |
|    ep_len_mean     | 1.99e+03 |
|    ep_rew_mean     | 3.21e+03 |
| time/              |          |
|    fps             | 3150     |
|    iterations      | 640      |
|    time_elapsed    | 7904     |
|    total_timesteps | 24903680 |
---------------------------------
------------------------------------------
| rollout/                |              |
|    ep_len_mean          | 1.99e+03     |
|    ep_rew_mean          | 3.23e+03     |
| time/                   |              |
|    fps                  | 3153         |
|    iterations           | 641          |
|    time_elapsed         | 7910         |
|    total_timesteps      | 24942592     |
| train/                  |              |
|    approx_kl            | 0.0029568155 |
|    clip_fraction        | 0.02         |
|    clip_range           | 0.2          |
|    entropy_loss         | 0.937        |
|    explained_variance   | 0.911        |
|    learning_rate        | 5.1e-05      |
|    loss                 | 8.91         |
|    n_updates            | 6400         |
|    policy_gradient_loss | -0.000302    |
|    std                  | 0.151        |
|    value_loss           | 23           |
------------------------------------------
------------------------------------------
| rollout/                |              |
|    ep_len_mean          | 1.99e+03     |
|    ep_rew_mean          | 3.22e+03     |
| time/                   |              |
|    fps                  | 3155         |
|    iterations           | 642          |
|    time_elapsed         | 7915         |
|    total_timesteps      | 24981504     |
| train/                  |              |
|    approx_kl            | 0.0049588853 |
|    clip_fraction        | 0.0371       |
|    clip_range           | 0.2          |
|    entropy_loss         | 0.935        |
|    explained_variance   | 0.905        |
|    learning_rate        | 5.06e-05     |
|    loss                 | 13.8         |
|    n_updates            | 6410         |
|    policy_gradient_loss | -0.00117     |
|    std                  | 0.152        |
|    value_loss           | 19.3         |
------------------------------------------
------------------------------------------
| rollout/                |              |
|    ep_len_mean          | 1.99e+03     |
|    ep_rew_mean          | 3.22e+03     |
| time/                   |              |
|    fps                  | 3158         |
|    iterations           | 643          |
|    time_elapsed         | 7921         |
|    total_timesteps      | 25020416     |
| train/                  |              |
|    approx_kl            | 0.0026169172 |
|    clip_fraction        | 0.0223       |
|    clip_range           | 0.2          |
|    entropy_loss         | 0.929        |
|    explained_variance   | 0.871        |
|    learning_rate        | 5.02e-05     |
|    loss                 | 14.6         |
|    n_updates            | 6420         |
|    policy_gradient_loss | -0.00069     |
|    std                  | 0.152        |
|    value_loss           | 26           |
------------------------------------------
------------------------------------------
| rollout/                |              |
|    ep_len_mean          | 1.99e+03     |
|    ep_rew_mean          | 3.22e+03     |
| time/                   |              |
|    fps                  | 3161         |
|    iterations           | 644          |
|    time_elapsed         | 7927         |
|    total_timesteps      | 25059328     |
| train/                  |              |
|    approx_kl            | 0.0034517266 |
|    clip_fraction        | 0.0246       |
|    clip_range           | 0.2          |
|    entropy_loss         | 0.926        |
|    explained_variance   | 0.843        |
|    learning_rate        | 4.98e-05     |
|    loss                 | 14.4         |
|    n_updates            | 6430         |
|    policy_gradient_loss | -0.00087     |
|    std                  | 0.152        |
|    value_loss           | 35.1         |
------------------------------------------
Eval num_timesteps=25080000, episode_reward=3548.17 +/- 274.64
Episode length: 2000.00 +/- 0.00
------------------------------------------
| eval/                   |              |
|    mean_ep_length       | 2e+03        |
|    mean_reward          | 3.55e+03     |
| time/                   |              |
|    total_timesteps      | 25080000     |
| train/                  |              |
|    approx_kl            | 0.0041780532 |
|    clip_fraction        | 0.0337       |
|    clip_range           | 0.2          |
|    entropy_loss         | 0.927        |
|    explained_variance   | 0.872        |
|    learning_rate        | 4.94e-05     |
|    loss                 | 9.28         |
|    n_updates            | 6440         |
|    policy_gradient_loss | -0.000697    |
|    std                  | 0.152        |
|    value_loss           | 18           |
------------------------------------------
---------------------------------
| rollout/           |          |
|    ep_len_mean     | 2e+03    |
|    ep_rew_mean     | 3.26e+03 |
| time/              |          |
|    fps             | 3155     |
|    iterations      | 645      |
|    time_elapsed    | 7953     |
|    total_timesteps | 25098240 |
---------------------------------
------------------------------------------
| rollout/                |              |
|    ep_len_mean          | 2e+03        |
|    ep_rew_mean          | 3.22e+03     |
| time/                   |              |
|    fps                  | 3158         |
|    iterations           | 646          |
|    time_elapsed         | 7959         |
|    total_timesteps      | 25137152     |
| train/                  |              |
|    approx_kl            | 0.0030228854 |
|    clip_fraction        | 0.0201       |
|    clip_range           | 0.2          |
|    entropy_loss         | 0.932        |
|    explained_variance   | 0.864        |
|    learning_rate        | 4.9e-05      |
|    loss                 | 5.71         |
|    n_updates            | 6450         |
|    policy_gradient_loss | -0.00053     |
|    std                  | 0.152        |
|    value_loss           | 23.8         |
------------------------------------------
------------------------------------------
| rollout/                |              |
|    ep_len_mean          | 2e+03        |
|    ep_rew_mean          | 3.24e+03     |
| time/                   |              |
|    fps                  | 3160         |
|    iterations           | 647          |
|    time_elapsed         | 7965         |
|    total_timesteps      | 25176064     |
| train/                  |              |
|    approx_kl            | 0.0030763247 |
|    clip_fraction        | 0.0229       |
|    clip_range           | 0.2          |
|    entropy_loss         | 0.936        |
|    explained_variance   | 0.871        |
|    learning_rate        | 4.86e-05     |
|    loss                 | 9.15         |
|    n_updates            | 6460         |
|    policy_gradient_loss | -0.000422    |
|    std                  | 0.151        |
|    value_loss           | 24.2         |
------------------------------------------
------------------------------------------
| rollout/                |              |
|    ep_len_mean          | 2e+03        |
|    ep_rew_mean          | 3.24e+03     |
| time/                   |              |
|    fps                  | 3163         |
|    iterations           | 648          |
|    time_elapsed         | 7971         |
|    total_timesteps      | 25214976     |
| train/                  |              |
|    approx_kl            | 0.0040053073 |
|    clip_fraction        | 0.0312       |
|    clip_range           | 0.2          |
|    entropy_loss         | 0.934        |
|    explained_variance   | 0.844        |
|    learning_rate        | 4.82e-05     |
|    loss                 | 11.2         |
|    n_updates            | 6470         |
|    policy_gradient_loss | -0.00102     |
|    std                  | 0.152        |
|    value_loss           | 25.1         |
------------------------------------------
------------------------------------------
| rollout/                |              |
|    ep_len_mean          | 2e+03        |
|    ep_rew_mean          | 3.25e+03     |
| time/                   |              |
|    fps                  | 3165         |
|    iterations           | 649          |
|    time_elapsed         | 7976         |
|    total_timesteps      | 25253888     |
| train/                  |              |
|    approx_kl            | 0.0051021497 |
|    clip_fraction        | 0.0371       |
|    clip_range           | 0.2          |
|    entropy_loss         | 0.93         |
|    explained_variance   | 0.864        |
|    learning_rate        | 4.79e-05     |
|    loss                 | 20.7         |
|    n_updates            | 6480         |
|    policy_gradient_loss | -0.00124     |
|    std                  | 0.152        |
|    value_loss           | 29.9         |
------------------------------------------
Eval num_timesteps=25270000, episode_reward=3559.26 +/- 263.30
Episode length: 2000.00 +/- 0.00
-----------------------------------------
| eval/                   |             |
|    mean_ep_length       | 2e+03       |
|    mean_reward          | 3.56e+03    |
| time/                   |             |
|    total_timesteps      | 25270000    |
| train/                  |             |
|    approx_kl            | 0.003675306 |
|    clip_fraction        | 0.0258      |
|    clip_range           | 0.2         |
|    entropy_loss         | 0.93        |
|    explained_variance   | 0.892       |
|    learning_rate        | 4.75e-05    |
|    loss                 | 14.3        |
|    n_updates            | 6490        |
|    policy_gradient_loss | -0.000718   |
|    std                  | 0.152       |
|    value_loss           | 17          |
-----------------------------------------
New best mean reward!
---------------------------------
| rollout/           |          |
|    ep_len_mean     | 2e+03    |
|    ep_rew_mean     | 3.25e+03 |
| time/              |          |
|    fps             | 3160     |
|    iterations      | 650      |
|    time_elapsed    | 8003     |
|    total_timesteps | 25292800 |
---------------------------------
-----------------------------------------
| rollout/                |             |
|    ep_len_mean          | 2e+03       |
|    ep_rew_mean          | 3.27e+03    |
| time/                   |             |
|    fps                  | 3162        |
|    iterations           | 651         |
|    time_elapsed         | 8009        |
|    total_timesteps      | 25331712    |
| train/                  |             |
|    approx_kl            | 0.003595989 |
|    clip_fraction        | 0.0252      |
|    clip_range           | 0.2         |
|    entropy_loss         | 0.931       |
|    explained_variance   | 0.907       |
|    learning_rate        | 4.71e-05    |
|    loss                 | 10.6        |
|    n_updates            | 6500        |
|    policy_gradient_loss | -0.000689   |
|    std                  | 0.152       |
|    value_loss           | 17.6        |
-----------------------------------------
------------------------------------------
| rollout/                |              |
|    ep_len_mean          | 2e+03        |
|    ep_rew_mean          | 3.27e+03     |
| time/                   |              |
|    fps                  | 3165         |
|    iterations           | 652          |
|    time_elapsed         | 8015         |
|    total_timesteps      | 25370624     |
| train/                  |              |
|    approx_kl            | 0.0030774586 |
|    clip_fraction        | 0.0234       |
|    clip_range           | 0.2          |
|    entropy_loss         | 0.932        |
|    explained_variance   | 0.882        |
|    learning_rate        | 4.67e-05     |
|    loss                 | 7.15         |
|    n_updates            | 6510         |
|    policy_gradient_loss | -0.000746    |
|    std                  | 0.152        |
|    value_loss           | 20           |
------------------------------------------
------------------------------------------
| rollout/                |              |
|    ep_len_mean          | 2e+03        |
|    ep_rew_mean          | 3.29e+03     |
| time/                   |              |
|    fps                  | 3167         |
|    iterations           | 653          |
|    time_elapsed         | 8021         |
|    total_timesteps      | 25409536     |
| train/                  |              |
|    approx_kl            | 0.0032008993 |
|    clip_fraction        | 0.0255       |
|    clip_range           | 0.2          |
|    entropy_loss         | 0.934        |
|    explained_variance   | 0.854        |
|    learning_rate        | 4.63e-05     |
|    loss                 | 11.2         |
|    n_updates            | 6520         |
|    policy_gradient_loss | -0.000974    |
|    std                  | 0.152        |
|    value_loss           | 22           |
------------------------------------------
-----------------------------------------
| rollout/                |             |
|    ep_len_mean          | 2e+03       |
|    ep_rew_mean          | 3.29e+03    |
| time/                   |             |
|    fps                  | 3170        |
|    iterations           | 654         |
|    time_elapsed         | 8027        |
|    total_timesteps      | 25448448    |
| train/                  |             |
|    approx_kl            | 0.003017902 |
|    clip_fraction        | 0.0225      |
|    clip_range           | 0.2         |
|    entropy_loss         | 0.935       |
|    explained_variance   | 0.866       |
|    learning_rate        | 4.59e-05    |
|    loss                 | 14.4        |
|    n_updates            | 6530        |
|    policy_gradient_loss | -0.000918   |
|    std                  | 0.152       |
|    value_loss           | 38.9        |
-----------------------------------------
Eval num_timesteps=25460000, episode_reward=3539.35 +/- 276.63
Episode length: 2000.00 +/- 0.00
------------------------------------------
| eval/                   |              |
|    mean_ep_length       | 2e+03        |
|    mean_reward          | 3.54e+03     |
| time/                   |              |
|    total_timesteps      | 25460000     |
| train/                  |              |
|    approx_kl            | 0.0025418585 |
|    clip_fraction        | 0.0221       |
|    clip_range           | 0.2          |
|    entropy_loss         | 0.936        |
|    explained_variance   | 0.895        |
|    learning_rate        | 4.55e-05     |
|    loss                 | 14.9         |
|    n_updates            | 6540         |
|    policy_gradient_loss | -0.000209    |
|    std                  | 0.151        |
|    value_loss           | 21           |
------------------------------------------
---------------------------------
| rollout/           |          |
|    ep_len_mean     | 1.99e+03 |
|    ep_rew_mean     | 3.26e+03 |
| time/              |          |
|    fps             | 3164     |
|    iterations      | 655      |
|    time_elapsed    | 8053     |
|    total_timesteps | 25487360 |
---------------------------------
------------------------------------------
| rollout/                |              |
|    ep_len_mean          | 1.99e+03     |
|    ep_rew_mean          | 3.26e+03     |
| time/                   |              |
|    fps                  | 3167         |
|    iterations           | 656          |
|    time_elapsed         | 8059         |
|    total_timesteps      | 25526272     |
| train/                  |              |
|    approx_kl            | 0.0028552765 |
|    clip_fraction        | 0.0237       |
|    clip_range           | 0.2          |
|    entropy_loss         | 0.935        |
|    explained_variance   | 0.898        |
|    learning_rate        | 4.51e-05     |
|    loss                 | 8.74         |
|    n_updates            | 6550         |
|    policy_gradient_loss | -0.000349    |
|    std                  | 0.152        |
|    value_loss           | 24.9         |
------------------------------------------
------------------------------------------
| rollout/                |              |
|    ep_len_mean          | 1.99e+03     |
|    ep_rew_mean          | 3.27e+03     |
| time/                   |              |
|    fps                  | 3169         |
|    iterations           | 657          |
|    time_elapsed         | 8065         |
|    total_timesteps      | 25565184     |
| train/                  |              |
|    approx_kl            | 0.0037816265 |
|    clip_fraction        | 0.0312       |
|    clip_range           | 0.2          |
|    entropy_loss         | 0.935        |
|    explained_variance   | 0.878        |
|    learning_rate        | 4.47e-05     |
|    loss                 | 12.8         |
|    n_updates            | 6560         |
|    policy_gradient_loss | -0.00115     |
|    std                  | 0.151        |
|    value_loss           | 22.9         |
------------------------------------------
------------------------------------------
| rollout/                |              |
|    ep_len_mean          | 1.99e+03     |
|    ep_rew_mean          | 3.25e+03     |
| time/                   |              |
|    fps                  | 3172         |
|    iterations           | 658          |
|    time_elapsed         | 8070         |
|    total_timesteps      | 25604096     |
| train/                  |              |
|    approx_kl            | 0.0025035571 |
|    clip_fraction        | 0.0178       |
|    clip_range           | 0.2          |
|    entropy_loss         | 0.937        |
|    explained_variance   | 0.884        |
|    learning_rate        | 4.43e-05     |
|    loss                 | 11.2         |
|    n_updates            | 6570         |
|    policy_gradient_loss | -0.000531    |
|    std                  | 0.152        |
|    value_loss           | 26.9         |
------------------------------------------
------------------------------------------
| rollout/                |              |
|    ep_len_mean          | 1.99e+03     |
|    ep_rew_mean          | 3.25e+03     |
| time/                   |              |
|    fps                  | 3174         |
|    iterations           | 659          |
|    time_elapsed         | 8076         |
|    total_timesteps      | 25643008     |
| train/                  |              |
|    approx_kl            | 0.0039387257 |
|    clip_fraction        | 0.0201       |
|    clip_range           | 0.2          |
|    entropy_loss         | 0.937        |
|    explained_variance   | 0.882        |
|    learning_rate        | 4.4e-05      |
|    loss                 | 24.3         |
|    n_updates            | 6580         |
|    policy_gradient_loss | -0.000809    |
|    std                  | 0.152        |
|    value_loss           | 33           |
------------------------------------------
Eval num_timesteps=25650000, episode_reward=3560.66 +/- 255.66
Episode length: 2000.00 +/- 0.00
------------------------------------------
| eval/                   |              |
|    mean_ep_length       | 2e+03        |
|    mean_reward          | 3.56e+03     |
| time/                   |              |
|    total_timesteps      | 25650000     |
| train/                  |              |
|    approx_kl            | 0.0027336036 |
|    clip_fraction        | 0.0209       |
|    clip_range           | 0.2          |
|    entropy_loss         | 0.934        |
|    explained_variance   | 0.888        |
|    learning_rate        | 4.36e-05     |
|    loss                 | 10.5         |
|    n_updates            | 6590         |
|    policy_gradient_loss | -0.000278    |
|    std                  | 0.152        |
|    value_loss           | 23           |
------------------------------------------
New best mean reward!
---------------------------------
| rollout/           |          |
|    ep_len_mean     | 1.98e+03 |
|    ep_rew_mean     | 3.23e+03 |
| time/              |          |
|    fps             | 3169     |
|    iterations      | 660      |
|    time_elapsed    | 8103     |
|    total_timesteps | 25681920 |
---------------------------------
------------------------------------------
| rollout/                |              |
|    ep_len_mean          | 1.98e+03     |
|    ep_rew_mean          | 3.22e+03     |
| time/                   |              |
|    fps                  | 3171         |
|    iterations           | 661          |
|    time_elapsed         | 8108         |
|    total_timesteps      | 25720832     |
| train/                  |              |
|    approx_kl            | 0.0027775075 |
|    clip_fraction        | 0.0217       |
|    clip_range           | 0.2          |
|    entropy_loss         | 0.932        |
|    explained_variance   | 0.908        |
|    learning_rate        | 4.32e-05     |
|    loss                 | 15.2         |
|    n_updates            | 6600         |
|    policy_gradient_loss | -0.00133     |
|    std                  | 0.152        |
|    value_loss           | 31.5         |
------------------------------------------
------------------------------------------
| rollout/                |              |
|    ep_len_mean          | 1.98e+03     |
|    ep_rew_mean          | 3.21e+03     |
| time/                   |              |
|    fps                  | 3174         |
|    iterations           | 662          |
|    time_elapsed         | 8114         |
|    total_timesteps      | 25759744     |
| train/                  |              |
|    approx_kl            | 0.0038624287 |
|    clip_fraction        | 0.0301       |
|    clip_range           | 0.2          |
|    entropy_loss         | 0.934        |
|    explained_variance   | 0.871        |
|    learning_rate        | 4.28e-05     |
|    loss                 | 9.37         |
|    n_updates            | 6610         |
|    policy_gradient_loss | -0.000933    |
|    std                  | 0.152        |
|    value_loss           | 27.4         |
------------------------------------------
------------------------------------------
| rollout/                |              |
|    ep_len_mean          | 1.98e+03     |
|    ep_rew_mean          | 3.21e+03     |
| time/                   |              |
|    fps                  | 3177         |
|    iterations           | 663          |
|    time_elapsed         | 8120         |
|    total_timesteps      | 25798656     |
| train/                  |              |
|    approx_kl            | 0.0027020064 |
|    clip_fraction        | 0.0224       |
|    clip_range           | 0.2          |
|    entropy_loss         | 0.936        |
|    explained_variance   | 0.877        |
|    learning_rate        | 4.24e-05     |
|    loss                 | 15.5         |
|    n_updates            | 6620         |
|    policy_gradient_loss | -0.000725    |
|    std                  | 0.152        |
|    value_loss           | 25.7         |
------------------------------------------
------------------------------------------
| rollout/                |              |
|    ep_len_mean          | 1.98e+03     |
|    ep_rew_mean          | 3.22e+03     |
| time/                   |              |
|    fps                  | 3179         |
|    iterations           | 664          |
|    time_elapsed         | 8126         |
|    total_timesteps      | 25837568     |
| train/                  |              |
|    approx_kl            | 0.0039574443 |
|    clip_fraction        | 0.0342       |
|    clip_range           | 0.2          |
|    entropy_loss         | 0.933        |
|    explained_variance   | 0.87         |
|    learning_rate        | 4.2e-05      |
|    loss                 | 9.87         |
|    n_updates            | 6630         |
|    policy_gradient_loss | -0.0012      |
|    std                  | 0.152        |
|    value_loss           | 32.4         |
------------------------------------------
Eval num_timesteps=25840000, episode_reward=3557.55 +/- 254.41
Episode length: 2000.00 +/- 0.00
-----------------------------------------
| eval/                   |             |
|    mean_ep_length       | 2e+03       |
|    mean_reward          | 3.56e+03    |
| time/                   |             |
|    total_timesteps      | 25840000    |
| train/                  |             |
|    approx_kl            | 0.004259089 |
|    clip_fraction        | 0.0324      |
|    clip_range           | 0.2         |
|    entropy_loss         | 0.929       |
|    explained_variance   | 0.878       |
|    learning_rate        | 4.16e-05    |
|    loss                 | 2.78        |
|    n_updates            | 6640        |
|    policy_gradient_loss | -0.000757   |
|    std                  | 0.152       |
|    value_loss           | 23.1        |
-----------------------------------------
---------------------------------
| rollout/           |          |
|    ep_len_mean     | 2e+03    |
|    ep_rew_mean     | 3.25e+03 |
| time/              |          |
|    fps             | 3174     |
|    iterations      | 665      |
|    time_elapsed    | 8152     |
|    total_timesteps | 25876480 |
---------------------------------
-----------------------------------------
| rollout/                |             |
|    ep_len_mean          | 2e+03       |
|    ep_rew_mean          | 3.26e+03    |
| time/                   |             |
|    fps                  | 3176        |
|    iterations           | 666         |
|    time_elapsed         | 8158        |
|    total_timesteps      | 25915392    |
| train/                  |             |
|    approx_kl            | 0.003038482 |
|    clip_fraction        | 0.0283      |
|    clip_range           | 0.2         |
|    entropy_loss         | 0.927       |
|    explained_variance   | 0.878       |
|    learning_rate        | 4.12e-05    |
|    loss                 | 9.89        |
|    n_updates            | 6650        |
|    policy_gradient_loss | -0.00102    |
|    std                  | 0.152       |
|    value_loss           | 19.7        |
-----------------------------------------
-----------------------------------------
| rollout/                |             |
|    ep_len_mean          | 2e+03       |
|    ep_rew_mean          | 3.28e+03    |
| time/                   |             |
|    fps                  | 3179        |
|    iterations           | 667         |
|    time_elapsed         | 8163        |
|    total_timesteps      | 25954304    |
| train/                  |             |
|    approx_kl            | 0.003272922 |
|    clip_fraction        | 0.0201      |
|    clip_range           | 0.2         |
|    entropy_loss         | 0.927       |
|    explained_variance   | 0.876       |
|    learning_rate        | 4.08e-05    |
|    loss                 | 15.2        |
|    n_updates            | 6660        |
|    policy_gradient_loss | -0.000617   |
|    std                  | 0.152       |
|    value_loss           | 23.8        |
-----------------------------------------
-----------------------------------------
| rollout/                |             |
|    ep_len_mean          | 2e+03       |
|    ep_rew_mean          | 3.28e+03    |
| time/                   |             |
|    fps                  | 3181        |
|    iterations           | 668         |
|    time_elapsed         | 8169        |
|    total_timesteps      | 25993216    |
| train/                  |             |
|    approx_kl            | 0.003711262 |
|    clip_fraction        | 0.0311      |
|    clip_range           | 0.2         |
|    entropy_loss         | 0.929       |
|    explained_variance   | 0.894       |
|    learning_rate        | 4.05e-05    |
|    loss                 | 8.71        |
|    n_updates            | 6670        |
|    policy_gradient_loss | -0.00144    |
|    std                  | 0.152       |
|    value_loss           | 20.6        |
-----------------------------------------
Eval num_timesteps=26030000, episode_reward=3558.62 +/- 251.72
Episode length: 2000.00 +/- 0.00
------------------------------------------
| eval/                   |              |
|    mean_ep_length       | 2e+03        |
|    mean_reward          | 3.56e+03     |
| time/                   |              |
|    total_timesteps      | 26030000     |
| train/                  |              |
|    approx_kl            | 0.0034163848 |
|    clip_fraction        | 0.0273       |
|    clip_range           | 0.2          |
|    entropy_loss         | 0.932        |
|    explained_variance   | 0.861        |
|    learning_rate        | 4.01e-05     |
|    loss                 | 5.32         |
|    n_updates            | 6680         |
|    policy_gradient_loss | -0.00116     |
|    std                  | 0.152        |
|    value_loss           | 35.6         |
------------------------------------------
---------------------------------
| rollout/           |          |
|    ep_len_mean     | 1.99e+03 |
|    ep_rew_mean     | 3.26e+03 |
| time/              |          |
|    fps             | 3176     |
|    iterations      | 669      |
|    time_elapsed    | 8195     |
|    total_timesteps | 26032128 |
---------------------------------
-----------------------------------------
| rollout/                |             |
|    ep_len_mean          | 1.96e+03    |
|    ep_rew_mean          | 3.2e+03     |
| time/                   |             |
|    fps                  | 3178        |
|    iterations           | 670         |
|    time_elapsed         | 8201        |
|    total_timesteps      | 26071040    |
| train/                  |             |
|    approx_kl            | 0.003735831 |
|    clip_fraction        | 0.0262      |
|    clip_range           | 0.2         |
|    entropy_loss         | 0.937       |
|    explained_variance   | 0.916       |
|    learning_rate        | 3.97e-05    |
|    loss                 | 12.4        |
|    n_updates            | 6690        |
|    policy_gradient_loss | -0.00139    |
|    std                  | 0.151       |
|    value_loss           | 22.1        |
-----------------------------------------
-----------------------------------------
| rollout/                |             |
|    ep_len_mean          | 1.95e+03    |
|    ep_rew_mean          | 3.17e+03    |
| time/                   |             |
|    fps                  | 3181        |
|    iterations           | 671         |
|    time_elapsed         | 8207        |
|    total_timesteps      | 26109952    |
| train/                  |             |
|    approx_kl            | 0.002761767 |
|    clip_fraction        | 0.0167      |
|    clip_range           | 0.2         |
|    entropy_loss         | 0.939       |
|    explained_variance   | 0.924       |
|    learning_rate        | 3.93e-05    |
|    loss                 | 14.1        |
|    n_updates            | 6700        |
|    policy_gradient_loss | -0.00102    |
|    std                  | 0.151       |
|    value_loss           | 33.7        |
-----------------------------------------
------------------------------------------
| rollout/                |              |
|    ep_len_mean          | 1.93e+03     |
|    ep_rew_mean          | 3.14e+03     |
| time/                   |              |
|    fps                  | 3183         |
|    iterations           | 672          |
|    time_elapsed         | 8213         |
|    total_timesteps      | 26148864     |
| train/                  |              |
|    approx_kl            | 0.0036846704 |
|    clip_fraction        | 0.0337       |
|    clip_range           | 0.2          |
|    entropy_loss         | 0.935        |
|    explained_variance   | 0.887        |
|    learning_rate        | 3.89e-05     |
|    loss                 | 15.6         |
|    n_updates            | 6710         |
|    policy_gradient_loss | -0.0018      |
|    std                  | 0.152        |
|    value_loss           | 28.2         |
------------------------------------------
-----------------------------------------
| rollout/                |             |
|    ep_len_mean          | 1.93e+03    |
|    ep_rew_mean          | 3.13e+03    |
| time/                   |             |
|    fps                  | 3186        |
|    iterations           | 673         |
|    time_elapsed         | 8218        |
|    total_timesteps      | 26187776    |
| train/                  |             |
|    approx_kl            | 0.002262742 |
|    clip_fraction        | 0.0179      |
|    clip_range           | 0.2         |
|    entropy_loss         | 0.932       |
|    explained_variance   | 0.898       |
|    learning_rate        | 3.85e-05    |
|    loss                 | 6.69        |
|    n_updates            | 6720        |
|    policy_gradient_loss | -0.000692   |
|    std                  | 0.152       |
|    value_loss           | 29.4        |
-----------------------------------------
Eval num_timesteps=26220000, episode_reward=3568.60 +/- 256.47
Episode length: 2000.00 +/- 0.00
------------------------------------------
| eval/                   |              |
|    mean_ep_length       | 2e+03        |
|    mean_reward          | 3.57e+03     |
| time/                   |              |
|    total_timesteps      | 26220000     |
| train/                  |              |
|    approx_kl            | 0.0032923548 |
|    clip_fraction        | 0.0259       |
|    clip_range           | 0.2          |
|    entropy_loss         | 0.934        |
|    explained_variance   | 0.868        |
|    learning_rate        | 3.81e-05     |
|    loss                 | 9.25         |
|    n_updates            | 6730         |
|    policy_gradient_loss | -0.0011      |
|    std                  | 0.152        |
|    value_loss           | 26.8         |
------------------------------------------
New best mean reward!
---------------------------------
| rollout/           |          |
|    ep_len_mean     | 1.94e+03 |
|    ep_rew_mean     | 3.14e+03 |
| time/              |          |
|    fps             | 3180     |
|    iterations      | 674      |
|    time_elapsed    | 8245     |
|    total_timesteps | 26226688 |
---------------------------------
-----------------------------------------
| rollout/                |             |
|    ep_len_mean          | 1.96e+03    |
|    ep_rew_mean          | 3.17e+03    |
| time/                   |             |
|    fps                  | 3183        |
|    iterations           | 675         |
|    time_elapsed         | 8250        |
|    total_timesteps      | 26265600    |
| train/                  |             |
|    approx_kl            | 0.003081444 |
|    clip_fraction        | 0.0215      |
|    clip_range           | 0.2         |
|    entropy_loss         | 0.934       |
|    explained_variance   | 0.857       |
|    learning_rate        | 3.77e-05    |
|    loss                 | 7.84        |
|    n_updates            | 6740        |
|    policy_gradient_loss | -0.000845   |
|    std                  | 0.152       |
|    value_loss           | 35.5        |
-----------------------------------------
-----------------------------------------
| rollout/                |             |
|    ep_len_mean          | 1.97e+03    |
|    ep_rew_mean          | 3.19e+03    |
| time/                   |             |
|    fps                  | 3185        |
|    iterations           | 676         |
|    time_elapsed         | 8256        |
|    total_timesteps      | 26304512    |
| train/                  |             |
|    approx_kl            | 0.003249684 |
|    clip_fraction        | 0.0274      |
|    clip_range           | 0.2         |
|    entropy_loss         | 0.932       |
|    explained_variance   | 0.932       |
|    learning_rate        | 3.73e-05    |
|    loss                 | 14.6        |
|    n_updates            | 6750        |
|    policy_gradient_loss | -0.00115    |
|    std                  | 0.152       |
|    value_loss           | 24.3        |
-----------------------------------------
------------------------------------------
| rollout/                |              |
|    ep_len_mean          | 1.97e+03     |
|    ep_rew_mean          | 3.17e+03     |
| time/                   |              |
|    fps                  | 3188         |
|    iterations           | 677          |
|    time_elapsed         | 8262         |
|    total_timesteps      | 26343424     |
| train/                  |              |
|    approx_kl            | 0.0033664233 |
|    clip_fraction        | 0.0222       |
|    clip_range           | 0.2          |
|    entropy_loss         | 0.933        |
|    explained_variance   | 0.904        |
|    learning_rate        | 3.7e-05      |
|    loss                 | 16.3         |
|    n_updates            | 6760         |
|    policy_gradient_loss | -0.00105     |
|    std                  | 0.152        |
|    value_loss           | 26.5         |
------------------------------------------
------------------------------------------
| rollout/                |              |
|    ep_len_mean          | 1.99e+03     |
|    ep_rew_mean          | 3.22e+03     |
| time/                   |              |
|    fps                  | 3190         |
|    iterations           | 678          |
|    time_elapsed         | 8268         |
|    total_timesteps      | 26382336     |
| train/                  |              |
|    approx_kl            | 0.0026574775 |
|    clip_fraction        | 0.0168       |
|    clip_range           | 0.2          |
|    entropy_loss         | 0.933        |
|    explained_variance   | 0.854        |
|    learning_rate        | 3.66e-05     |
|    loss                 | 12           |
|    n_updates            | 6770         |
|    policy_gradient_loss | -0.00064     |
|    std                  | 0.152        |
|    value_loss           | 21.6         |
------------------------------------------
Eval num_timesteps=26410000, episode_reward=3568.89 +/- 254.17
Episode length: 2000.00 +/- 0.00
------------------------------------------
| eval/                   |              |
|    mean_ep_length       | 2e+03        |
|    mean_reward          | 3.57e+03     |
| time/                   |              |
|    total_timesteps      | 26410000     |
| train/                  |              |
|    approx_kl            | 0.0019620075 |
|    clip_fraction        | 0.00826      |
|    clip_range           | 0.2          |
|    entropy_loss         | 0.934        |
|    explained_variance   | 0.857        |
|    learning_rate        | 3.62e-05     |
|    loss                 | 17.9         |
|    n_updates            | 6780         |
|    policy_gradient_loss | -0.000174    |
|    std                  | 0.152        |
|    value_loss           | 30.4         |
------------------------------------------
New best mean reward!
---------------------------------
| rollout/           |          |
|    ep_len_mean     | 1.97e+03 |
|    ep_rew_mean     | 3.19e+03 |
| time/              |          |
|    fps             | 3185     |
|    iterations      | 679      |
|    time_elapsed    | 8294     |
|    total_timesteps | 26421248 |
---------------------------------
-----------------------------------------
| rollout/                |             |
|    ep_len_mean          | 1.99e+03    |
|    ep_rew_mean          | 3.23e+03    |
| time/                   |             |
|    fps                  | 3187        |
|    iterations           | 680         |
|    time_elapsed         | 8300        |
|    total_timesteps      | 26460160    |
| train/                  |             |
|    approx_kl            | 0.003652078 |
|    clip_fraction        | 0.0178      |
|    clip_range           | 0.2         |
|    entropy_loss         | 0.933       |
|    explained_variance   | 0.904       |
|    learning_rate        | 3.58e-05    |
|    loss                 | 18.3        |
|    n_updates            | 6790        |
|    policy_gradient_loss | -0.000624   |
|    std                  | 0.152       |
|    value_loss           | 26.5        |
-----------------------------------------
------------------------------------------
| rollout/                |              |
|    ep_len_mean          | 1.99e+03     |
|    ep_rew_mean          | 3.23e+03     |
| time/                   |              |
|    fps                  | 3190         |
|    iterations           | 681          |
|    time_elapsed         | 8306         |
|    total_timesteps      | 26499072     |
| train/                  |              |
|    approx_kl            | 0.0033860998 |
|    clip_fraction        | 0.0223       |
|    clip_range           | 0.2          |
|    entropy_loss         | 0.932        |
|    explained_variance   | 0.885        |
|    learning_rate        | 3.54e-05     |
|    loss                 | 13.1         |
|    n_updates            | 6800         |
|    policy_gradient_loss | -0.000712    |
|    std                  | 0.152        |
|    value_loss           | 20.9         |
------------------------------------------
------------------------------------------
| rollout/                |              |
|    ep_len_mean          | 1.99e+03     |
|    ep_rew_mean          | 3.23e+03     |
| time/                   |              |
|    fps                  | 3192         |
|    iterations           | 682          |
|    time_elapsed         | 8312         |
|    total_timesteps      | 26537984     |
| train/                  |              |
|    approx_kl            | 0.0026332322 |
|    clip_fraction        | 0.0163       |
|    clip_range           | 0.2          |
|    entropy_loss         | 0.931        |
|    explained_variance   | 0.879        |
|    learning_rate        | 3.5e-05      |
|    loss                 | 9.66         |
|    n_updates            | 6810         |
|    policy_gradient_loss | -0.000361    |
|    std                  | 0.152        |
|    value_loss           | 25.6         |
------------------------------------------
------------------------------------------
| rollout/                |              |
|    ep_len_mean          | 1.99e+03     |
|    ep_rew_mean          | 3.22e+03     |
| time/                   |              |
|    fps                  | 3195         |
|    iterations           | 683          |
|    time_elapsed         | 8318         |
|    total_timesteps      | 26576896     |
| train/                  |              |
|    approx_kl            | 0.0033376531 |
|    clip_fraction        | 0.0261       |
|    clip_range           | 0.2          |
|    entropy_loss         | 0.931        |
|    explained_variance   | 0.892        |
|    learning_rate        | 3.46e-05     |
|    loss                 | 20.9         |
|    n_updates            | 6820         |
|    policy_gradient_loss | -0.00142     |
|    std                  | 0.152        |
|    value_loss           | 30.6         |
------------------------------------------
Eval num_timesteps=26600000, episode_reward=3582.92 +/- 244.72
Episode length: 2000.00 +/- 0.00
------------------------------------------
| eval/                   |              |
|    mean_ep_length       | 2e+03        |
|    mean_reward          | 3.58e+03     |
| time/                   |              |
|    total_timesteps      | 26600000     |
| train/                  |              |
|    approx_kl            | 0.0029736916 |
|    clip_fraction        | 0.0271       |
|    clip_range           | 0.2          |
|    entropy_loss         | 0.932        |
|    explained_variance   | 0.861        |
|    learning_rate        | 3.42e-05     |
|    loss                 | 11.4         |
|    n_updates            | 6830         |
|    policy_gradient_loss | -0.000797    |
|    std                  | 0.152        |
|    value_loss           | 20.3         |
------------------------------------------
New best mean reward!
---------------------------------
| rollout/           |          |
|    ep_len_mean     | 2e+03    |
|    ep_rew_mean     | 3.27e+03 |
| time/              |          |
|    fps             | 3189     |
|    iterations      | 684      |
|    time_elapsed    | 8344     |
|    total_timesteps | 26615808 |
---------------------------------
------------------------------------------
| rollout/                |              |
|    ep_len_mean          | 2e+03        |
|    ep_rew_mean          | 3.25e+03     |
| time/                   |              |
|    fps                  | 3192         |
|    iterations           | 685          |
|    time_elapsed         | 8350         |
|    total_timesteps      | 26654720     |
| train/                  |              |
|    approx_kl            | 0.0041341865 |
|    clip_fraction        | 0.0231       |
|    clip_range           | 0.2          |
|    entropy_loss         | 0.933        |
|    explained_variance   | 0.867        |
|    learning_rate        | 3.38e-05     |
|    loss                 | 6.74         |
|    n_updates            | 6840         |
|    policy_gradient_loss | -0.000638    |
|    std                  | 0.152        |
|    value_loss           | 18           |
------------------------------------------
-----------------------------------------
| rollout/                |             |
|    ep_len_mean          | 2e+03       |
|    ep_rew_mean          | 3.26e+03    |
| time/                   |             |
|    fps                  | 3194        |
|    iterations           | 686         |
|    time_elapsed         | 8355        |
|    total_timesteps      | 26693632    |
| train/                  |             |
|    approx_kl            | 0.003050623 |
|    clip_fraction        | 0.0198      |
|    clip_range           | 0.2         |
|    entropy_loss         | 0.932       |
|    explained_variance   | 0.864       |
|    learning_rate        | 3.35e-05    |
|    loss                 | 7.38        |
|    n_updates            | 6850        |
|    policy_gradient_loss | -0.000754   |
|    std                  | 0.152       |
|    value_loss           | 23.8        |
-----------------------------------------
------------------------------------------
| rollout/                |              |
|    ep_len_mean          | 2e+03        |
|    ep_rew_mean          | 3.27e+03     |
| time/                   |              |
|    fps                  | 3197         |
|    iterations           | 687          |
|    time_elapsed         | 8361         |
|    total_timesteps      | 26732544     |
| train/                  |              |
|    approx_kl            | 0.0040663234 |
|    clip_fraction        | 0.0216       |
|    clip_range           | 0.2          |
|    entropy_loss         | 0.93         |
|    explained_variance   | 0.863        |
|    learning_rate        | 3.31e-05     |
|    loss                 | 10.2         |
|    n_updates            | 6860         |
|    policy_gradient_loss | -0.000472    |
|    std                  | 0.152        |
|    value_loss           | 26.3         |
------------------------------------------
------------------------------------------
| rollout/                |              |
|    ep_len_mean          | 2e+03        |
|    ep_rew_mean          | 3.26e+03     |
| time/                   |              |
|    fps                  | 3199         |
|    iterations           | 688          |
|    time_elapsed         | 8367         |
|    total_timesteps      | 26771456     |
| train/                  |              |
|    approx_kl            | 0.0022329153 |
|    clip_fraction        | 0.0131       |
|    clip_range           | 0.2          |
|    entropy_loss         | 0.928        |
|    explained_variance   | 0.867        |
|    learning_rate        | 3.27e-05     |
|    loss                 | 9.9          |
|    n_updates            | 6870         |
|    policy_gradient_loss | -0.00051     |
|    std                  | 0.152        |
|    value_loss           | 29           |
------------------------------------------
Eval num_timesteps=26790000, episode_reward=3578.94 +/- 261.08
Episode length: 2000.00 +/- 0.00
-----------------------------------------
| eval/                   |             |
|    mean_ep_length       | 2e+03       |
|    mean_reward          | 3.58e+03    |
| time/                   |             |
|    total_timesteps      | 26790000    |
| train/                  |             |
|    approx_kl            | 0.003833369 |
|    clip_fraction        | 0.0217      |
|    clip_range           | 0.2         |
|    entropy_loss         | 0.927       |
|    explained_variance   | 0.874       |
|    learning_rate        | 3.23e-05    |
|    loss                 | 17.9        |
|    n_updates            | 6880        |
|    policy_gradient_loss | -0.000857   |
|    std                  | 0.152       |
|    value_loss           | 23.9        |
-----------------------------------------
---------------------------------
| rollout/           |          |
|    ep_len_mean     | 1.99e+03 |
|    ep_rew_mean     | 3.26e+03 |
| time/              |          |
|    fps             | 3194     |
|    iterations      | 689      |
|    time_elapsed    | 8393     |
|    total_timesteps | 26810368 |
---------------------------------
------------------------------------------
| rollout/                |              |
|    ep_len_mean          | 1.99e+03     |
|    ep_rew_mean          | 3.26e+03     |
| time/                   |              |
|    fps                  | 3196         |
|    iterations           | 690          |
|    time_elapsed         | 8399         |
|    total_timesteps      | 26849280     |
| train/                  |              |
|    approx_kl            | 0.0028542224 |
|    clip_fraction        | 0.0152       |
|    clip_range           | 0.2          |
|    entropy_loss         | 0.926        |
|    explained_variance   | 0.903        |
|    learning_rate        | 3.19e-05     |
|    loss                 | 9.67         |
|    n_updates            | 6890         |
|    policy_gradient_loss | -0.000652    |
|    std                  | 0.152        |
|    value_loss           | 23.4         |
------------------------------------------
------------------------------------------
| rollout/                |              |
|    ep_len_mean          | 1.99e+03     |
|    ep_rew_mean          | 3.27e+03     |
| time/                   |              |
|    fps                  | 3198         |
|    iterations           | 691          |
|    time_elapsed         | 8405         |
|    total_timesteps      | 26888192     |
| train/                  |              |
|    approx_kl            | 0.0029428578 |
|    clip_fraction        | 0.0219       |
|    clip_range           | 0.2          |
|    entropy_loss         | 0.927        |
|    explained_variance   | 0.852        |
|    learning_rate        | 3.15e-05     |
|    loss                 | 8.88         |
|    n_updates            | 6900         |
|    policy_gradient_loss | -0.00114     |
|    std                  | 0.152        |
|    value_loss           | 27.3         |
------------------------------------------
------------------------------------------
| rollout/                |              |
|    ep_len_mean          | 1.99e+03     |
|    ep_rew_mean          | 3.27e+03     |
| time/                   |              |
|    fps                  | 3201         |
|    iterations           | 692          |
|    time_elapsed         | 8410         |
|    total_timesteps      | 26927104     |
| train/                  |              |
|    approx_kl            | 0.0030224551 |
|    clip_fraction        | 0.0195       |
|    clip_range           | 0.2          |
|    entropy_loss         | 0.929        |
|    explained_variance   | 0.887        |
|    learning_rate        | 3.11e-05     |
|    loss                 | 10           |
|    n_updates            | 6910         |
|    policy_gradient_loss | -0.000789    |
|    std                  | 0.152        |
|    value_loss           | 21.6         |
------------------------------------------
------------------------------------------
| rollout/                |              |
|    ep_len_mean          | 1.99e+03     |
|    ep_rew_mean          | 3.27e+03     |
| time/                   |              |
|    fps                  | 3203         |
|    iterations           | 693          |
|    time_elapsed         | 8416         |
|    total_timesteps      | 26966016     |
| train/                  |              |
|    approx_kl            | 0.0034649407 |
|    clip_fraction        | 0.0182       |
|    clip_range           | 0.2          |
|    entropy_loss         | 0.93         |
|    explained_variance   | 0.879        |
|    learning_rate        | 3.07e-05     |
|    loss                 | 17.6         |
|    n_updates            | 6920         |
|    policy_gradient_loss | -0.000591    |
|    std                  | 0.152        |
|    value_loss           | 23.9         |
------------------------------------------
Eval num_timesteps=26980000, episode_reward=3586.74 +/- 249.28
Episode length: 2000.00 +/- 0.00
-----------------------------------------
| eval/                   |             |
|    mean_ep_length       | 2e+03       |
|    mean_reward          | 3.59e+03    |
| time/                   |             |
|    total_timesteps      | 26980000    |
| train/                  |             |
|    approx_kl            | 0.003274874 |
|    clip_fraction        | 0.02        |
|    clip_range           | 0.2         |
|    entropy_loss         | 0.929       |
|    explained_variance   | 0.849       |
|    learning_rate        | 3.03e-05    |
|    loss                 | 21.2        |
|    n_updates            | 6930        |
|    policy_gradient_loss | -0.000695   |
|    std                  | 0.152       |
|    value_loss           | 38.3        |
-----------------------------------------
New best mean reward!
---------------------------------
| rollout/           |          |
|    ep_len_mean     | 2e+03    |
|    ep_rew_mean     | 3.27e+03 |
| time/              |          |
|    fps             | 3198     |
|    iterations      | 694      |
|    time_elapsed    | 8443     |
|    total_timesteps | 27004928 |
---------------------------------
------------------------------------------
| rollout/                |              |
|    ep_len_mean          | 2e+03        |
|    ep_rew_mean          | 3.28e+03     |
| time/                   |              |
|    fps                  | 3200         |
|    iterations           | 695          |
|    time_elapsed         | 8449         |
|    total_timesteps      | 27043840     |
| train/                  |              |
|    approx_kl            | 0.0033990329 |
|    clip_fraction        | 0.0214       |
|    clip_range           | 0.2          |
|    entropy_loss         | 0.93         |
|    explained_variance   | 0.873        |
|    learning_rate        | 3e-05        |
|    loss                 | 20           |
|    n_updates            | 6940         |
|    policy_gradient_loss | -0.00103     |
|    std                  | 0.152        |
|    value_loss           | 29.6         |
------------------------------------------
-----------------------------------------
| rollout/                |             |
|    ep_len_mean          | 1.98e+03    |
|    ep_rew_mean          | 3.24e+03    |
| time/                   |             |
|    fps                  | 3203        |
|    iterations           | 696         |
|    time_elapsed         | 8455        |
|    total_timesteps      | 27082752    |
| train/                  |             |
|    approx_kl            | 0.002797403 |
|    clip_fraction        | 0.0173      |
|    clip_range           | 0.2         |
|    entropy_loss         | 0.932       |
|    explained_variance   | 0.89        |
|    learning_rate        | 2.96e-05    |
|    loss                 | 12.3        |
|    n_updates            | 6950        |
|    policy_gradient_loss | -0.000764   |
|    std                  | 0.152       |
|    value_loss           | 26.9        |
-----------------------------------------
------------------------------------------
| rollout/                |              |
|    ep_len_mean          | 1.98e+03     |
|    ep_rew_mean          | 3.25e+03     |
| time/                   |              |
|    fps                  | 3205         |
|    iterations           | 697          |
|    time_elapsed         | 8461         |
|    total_timesteps      | 27121664     |
| train/                  |              |
|    approx_kl            | 0.0040922556 |
|    clip_fraction        | 0.028        |
|    clip_range           | 0.2          |
|    entropy_loss         | 0.932        |
|    explained_variance   | 0.917        |
|    learning_rate        | 2.92e-05     |
|    loss                 | 8.32         |
|    n_updates            | 6960         |
|    policy_gradient_loss | -0.00133     |
|    std                  | 0.152        |
|    value_loss           | 23.7         |
------------------------------------------
-----------------------------------------
| rollout/                |             |
|    ep_len_mean          | 1.98e+03    |
|    ep_rew_mean          | 3.28e+03    |
| time/                   |             |
|    fps                  | 3207        |
|    iterations           | 698         |
|    time_elapsed         | 8467        |
|    total_timesteps      | 27160576    |
| train/                  |             |
|    approx_kl            | 0.003977315 |
|    clip_fraction        | 0.0319      |
|    clip_range           | 0.2         |
|    entropy_loss         | 0.934       |
|    explained_variance   | 0.942       |
|    learning_rate        | 2.88e-05    |
|    loss                 | 9.79        |
|    n_updates            | 6970        |
|    policy_gradient_loss | -0.00163    |
|    std                  | 0.152       |
|    value_loss           | 16.7        |
-----------------------------------------
Eval num_timesteps=27170000, episode_reward=3580.72 +/- 241.18
Episode length: 2000.00 +/- 0.00
------------------------------------------
| eval/                   |              |
|    mean_ep_length       | 2e+03        |
|    mean_reward          | 3.58e+03     |
| time/                   |              |
|    total_timesteps      | 27170000     |
| train/                  |              |
|    approx_kl            | 0.0036611122 |
|    clip_fraction        | 0.0172       |
|    clip_range           | 0.2          |
|    entropy_loss         | 0.937        |
|    explained_variance   | 0.896        |
|    learning_rate        | 2.84e-05     |
|    loss                 | 9.7          |
|    n_updates            | 6980         |
|    policy_gradient_loss | -0.000555    |
|    std                  | 0.151        |
|    value_loss           | 22.4         |
------------------------------------------
---------------------------------
| rollout/           |          |
|    ep_len_mean     | 1.98e+03 |
|    ep_rew_mean     | 3.29e+03 |
| time/              |          |
|    fps             | 3202     |
|    iterations      | 699      |
|    time_elapsed    | 8493     |
|    total_timesteps | 27199488 |
---------------------------------
------------------------------------------
| rollout/                |              |
|    ep_len_mean          | 1.98e+03     |
|    ep_rew_mean          | 3.28e+03     |
| time/                   |              |
|    fps                  | 3204         |
|    iterations           | 700          |
|    time_elapsed         | 8499         |
|    total_timesteps      | 27238400     |
| train/                  |              |
|    approx_kl            | 0.0031170375 |
|    clip_fraction        | 0.0198       |
|    clip_range           | 0.2          |
|    entropy_loss         | 0.938        |
|    explained_variance   | 0.87         |
|    learning_rate        | 2.8e-05      |
|    loss                 | 8.62         |
|    n_updates            | 6990         |
|    policy_gradient_loss | -0.000902    |
|    std                  | 0.151        |
|    value_loss           | 21.2         |
------------------------------------------
------------------------------------------
| rollout/                |              |
|    ep_len_mean          | 2e+03        |
|    ep_rew_mean          | 3.3e+03      |
| time/                   |              |
|    fps                  | 3207         |
|    iterations           | 701          |
|    time_elapsed         | 8504         |
|    total_timesteps      | 27277312     |
| train/                  |              |
|    approx_kl            | 0.0027665715 |
|    clip_fraction        | 0.0126       |
|    clip_range           | 0.2          |
|    entropy_loss         | 0.937        |
|    explained_variance   | 0.857        |
|    learning_rate        | 2.76e-05     |
|    loss                 | 17.3         |
|    n_updates            | 7000         |
|    policy_gradient_loss | -0.000278    |
|    std                  | 0.152        |
|    value_loss           | 31.4         |
------------------------------------------
-----------------------------------------
| rollout/                |             |
|    ep_len_mean          | 2e+03       |
|    ep_rew_mean          | 3.3e+03     |
| time/                   |             |
|    fps                  | 3209        |
|    iterations           | 702         |
|    time_elapsed         | 8510        |
|    total_timesteps      | 27316224    |
| train/                  |             |
|    approx_kl            | 0.004314173 |
|    clip_fraction        | 0.0259      |
|    clip_range           | 0.2         |
|    entropy_loss         | 0.932       |
|    explained_variance   | 0.868       |
|    learning_rate        | 2.72e-05    |
|    loss                 | 25.3        |
|    n_updates            | 7010        |
|    policy_gradient_loss | -0.00121    |
|    std                  | 0.152       |
|    value_loss           | 23.3        |
-----------------------------------------
------------------------------------------
| rollout/                |              |
|    ep_len_mean          | 2e+03        |
|    ep_rew_mean          | 3.29e+03     |
| time/                   |              |
|    fps                  | 3212         |
|    iterations           | 703          |
|    time_elapsed         | 8516         |
|    total_timesteps      | 27355136     |
| train/                  |              |
|    approx_kl            | 0.0035415746 |
|    clip_fraction        | 0.0203       |
|    clip_range           | 0.2          |
|    entropy_loss         | 0.927        |
|    explained_variance   | 0.873        |
|    learning_rate        | 2.68e-05     |
|    loss                 | 15.1         |
|    n_updates            | 7020         |
|    policy_gradient_loss | -0.00068     |
|    std                  | 0.152        |
|    value_loss           | 25.2         |
------------------------------------------
Eval num_timesteps=27360000, episode_reward=3587.00 +/- 239.76
Episode length: 2000.00 +/- 0.00
------------------------------------------
| eval/                   |              |
|    mean_ep_length       | 2e+03        |
|    mean_reward          | 3.59e+03     |
| time/                   |              |
|    total_timesteps      | 27360000     |
| train/                  |              |
|    approx_kl            | 0.0029976328 |
|    clip_fraction        | 0.015        |
|    clip_range           | 0.2          |
|    entropy_loss         | 0.927        |
|    explained_variance   | 0.861        |
|    learning_rate        | 2.64e-05     |
|    loss                 | 9.56         |
|    n_updates            | 7030         |
|    policy_gradient_loss | -0.000753    |
|    std                  | 0.152        |
|    value_loss           | 22.3         |
------------------------------------------
New best mean reward!
---------------------------------
| rollout/           |          |
|    ep_len_mean     | 2e+03    |
|    ep_rew_mean     | 3.29e+03 |
| time/              |          |
|    fps             | 3206     |
|    iterations      | 704      |
|    time_elapsed    | 8542     |
|    total_timesteps | 27394048 |
---------------------------------
------------------------------------------
| rollout/                |              |
|    ep_len_mean          | 2e+03        |
|    ep_rew_mean          | 3.28e+03     |
| time/                   |              |
|    fps                  | 3208         |
|    iterations           | 705          |
|    time_elapsed         | 8548         |
|    total_timesteps      | 27432960     |
| train/                  |              |
|    approx_kl            | 0.0033489466 |
|    clip_fraction        | 0.0251       |
|    clip_range           | 0.2          |
|    entropy_loss         | 0.929        |
|    explained_variance   | 0.856        |
|    learning_rate        | 2.61e-05     |
|    loss                 | 22.4         |
|    n_updates            | 7040         |
|    policy_gradient_loss | -0.00123     |
|    std                  | 0.152        |
|    value_loss           | 29.2         |
------------------------------------------
------------------------------------------
| rollout/                |              |
|    ep_len_mean          | 2e+03        |
|    ep_rew_mean          | 3.29e+03     |
| time/                   |              |
|    fps                  | 3211         |
|    iterations           | 706          |
|    time_elapsed         | 8554         |
|    total_timesteps      | 27471872     |
| train/                  |              |
|    approx_kl            | 0.0027156791 |
|    clip_fraction        | 0.0202       |
|    clip_range           | 0.2          |
|    entropy_loss         | 0.935        |
|    explained_variance   | 0.88         |
|    learning_rate        | 2.57e-05     |
|    loss                 | 9.98         |
|    n_updates            | 7050         |
|    policy_gradient_loss | -0.000919    |
|    std                  | 0.151        |
|    value_loss           | 17.7         |
------------------------------------------
------------------------------------------
| rollout/                |              |
|    ep_len_mean          | 2e+03        |
|    ep_rew_mean          | 3.29e+03     |
| time/                   |              |
|    fps                  | 3213         |
|    iterations           | 707          |
|    time_elapsed         | 8560         |
|    total_timesteps      | 27510784     |
| train/                  |              |
|    approx_kl            | 0.0034752088 |
|    clip_fraction        | 0.0193       |
|    clip_range           | 0.2          |
|    entropy_loss         | 0.938        |
|    explained_variance   | 0.883        |
|    learning_rate        | 2.53e-05     |
|    loss                 | 11.2         |
|    n_updates            | 7060         |
|    policy_gradient_loss | -0.00111     |
|    std                  | 0.151        |
|    value_loss           | 28.8         |
------------------------------------------
-----------------------------------------
| rollout/                |             |
|    ep_len_mean          | 2e+03       |
|    ep_rew_mean          | 3.28e+03    |
| time/                   |             |
|    fps                  | 3216        |
|    iterations           | 708         |
|    time_elapsed         | 8566        |
|    total_timesteps      | 27549696    |
| train/                  |             |
|    approx_kl            | 0.003758477 |
|    clip_fraction        | 0.0242      |
|    clip_range           | 0.2         |
|    entropy_loss         | 0.941       |
|    explained_variance   | 0.884       |
|    learning_rate        | 2.49e-05    |
|    loss                 | 10.8        |
|    n_updates            | 7070        |
|    policy_gradient_loss | -0.00116    |
|    std                  | 0.151       |
|    value_loss           | 19.8        |
-----------------------------------------
Eval num_timesteps=27550000, episode_reward=3600.08 +/- 234.20
Episode length: 2000.00 +/- 0.00
------------------------------------------
| eval/                   |              |
|    mean_ep_length       | 2e+03        |
|    mean_reward          | 3.6e+03      |
| time/                   |              |
|    total_timesteps      | 27550000     |
| train/                  |              |
|    approx_kl            | 0.0036505146 |
|    clip_fraction        | 0.0203       |
|    clip_range           | 0.2          |
|    entropy_loss         | 0.943        |
|    explained_variance   | 0.837        |
|    learning_rate        | 2.45e-05     |
|    loss                 | 5.79         |
|    n_updates            | 7080         |
|    policy_gradient_loss | -0.000803    |
|    std                  | 0.151        |
|    value_loss           | 35.7         |
------------------------------------------
New best mean reward!
---------------------------------
| rollout/           |          |
|    ep_len_mean     | 2e+03    |
|    ep_rew_mean     | 3.25e+03 |
| time/              |          |
|    fps             | 3210     |
|    iterations      | 709      |
|    time_elapsed    | 8592     |
|    total_timesteps | 27588608 |
---------------------------------
-----------------------------------------
| rollout/                |             |
|    ep_len_mean          | 2e+03       |
|    ep_rew_mean          | 3.26e+03    |
| time/                   |             |
|    fps                  | 3213        |
|    iterations           | 710         |
|    time_elapsed         | 8598        |
|    total_timesteps      | 27627520    |
| train/                  |             |
|    approx_kl            | 0.003425989 |
|    clip_fraction        | 0.0182      |
|    clip_range           | 0.2         |
|    entropy_loss         | 0.941       |
|    explained_variance   | 0.86        |
|    learning_rate        | 2.41e-05    |
|    loss                 | 11.8        |
|    n_updates            | 7090        |
|    policy_gradient_loss | -0.000902   |
|    std                  | 0.151       |
|    value_loss           | 30.2        |
-----------------------------------------
------------------------------------------
| rollout/                |              |
|    ep_len_mean          | 2e+03        |
|    ep_rew_mean          | 3.28e+03     |
| time/                   |              |
|    fps                  | 3215         |
|    iterations           | 711          |
|    time_elapsed         | 8603         |
|    total_timesteps      | 27666432     |
| train/                  |              |
|    approx_kl            | 0.0031370358 |
|    clip_fraction        | 0.0143       |
|    clip_range           | 0.2          |
|    entropy_loss         | 0.942        |
|    explained_variance   | 0.866        |
|    learning_rate        | 2.37e-05     |
|    loss                 | 4.85         |
|    n_updates            | 7100         |
|    policy_gradient_loss | -0.000615    |
|    std                  | 0.151        |
|    value_loss           | 22.9         |
------------------------------------------
------------------------------------------
| rollout/                |              |
|    ep_len_mean          | 1.99e+03     |
|    ep_rew_mean          | 3.26e+03     |
| time/                   |              |
|    fps                  | 3217         |
|    iterations           | 712          |
|    time_elapsed         | 8609         |
|    total_timesteps      | 27705344     |
| train/                  |              |
|    approx_kl            | 0.0032907398 |
|    clip_fraction        | 0.0222       |
|    clip_range           | 0.2          |
|    entropy_loss         | 0.943        |
|    explained_variance   | 0.867        |
|    learning_rate        | 2.33e-05     |
|    loss                 | 11.6         |
|    n_updates            | 7110         |
|    policy_gradient_loss | -0.000962    |
|    std                  | 0.151        |
|    value_loss           | 25.9         |
------------------------------------------
Eval num_timesteps=27740000, episode_reward=3597.11 +/- 231.96
Episode length: 2000.00 +/- 0.00
------------------------------------------
| eval/                   |              |
|    mean_ep_length       | 2e+03        |
|    mean_reward          | 3.6e+03      |
| time/                   |              |
|    total_timesteps      | 27740000     |
| train/                  |              |
|    approx_kl            | 0.0023335654 |
|    clip_fraction        | 0.0117       |
|    clip_range           | 0.2          |
|    entropy_loss         | 0.942        |
|    explained_variance   | 0.9          |
|    learning_rate        | 2.29e-05     |
|    loss                 | 8.97         |
|    n_updates            | 7120         |
|    policy_gradient_loss | -0.000628    |
|    std                  | 0.151        |
|    value_loss           | 28.7         |
------------------------------------------
---------------------------------
| rollout/           |          |
|    ep_len_mean     | 1.99e+03 |
|    ep_rew_mean     | 3.27e+03 |
| time/              |          |
|    fps             | 3212     |
|    iterations      | 713      |
|    time_elapsed    | 8635     |
|    total_timesteps | 27744256 |
---------------------------------
------------------------------------------
| rollout/                |              |
|    ep_len_mean          | 1.99e+03     |
|    ep_rew_mean          | 3.28e+03     |
| time/                   |              |
|    fps                  | 3215         |
|    iterations           | 714          |
|    time_elapsed         | 8641         |
|    total_timesteps      | 27783168     |
| train/                  |              |
|    approx_kl            | 0.0034872035 |
|    clip_fraction        | 0.0234       |
|    clip_range           | 0.2          |
|    entropy_loss         | 0.943        |
|    explained_variance   | 0.871        |
|    learning_rate        | 2.26e-05     |
|    loss                 | 9.5          |
|    n_updates            | 7130         |
|    policy_gradient_loss | -0.00105     |
|    std                  | 0.151        |
|    value_loss           | 26.8         |
------------------------------------------
------------------------------------------
| rollout/                |              |
|    ep_len_mean          | 1.99e+03     |
|    ep_rew_mean          | 3.27e+03     |
| time/                   |              |
|    fps                  | 3217         |
|    iterations           | 715          |
|    time_elapsed         | 8647         |
|    total_timesteps      | 27822080     |
| train/                  |              |
|    approx_kl            | 0.0026520777 |
|    clip_fraction        | 0.0134       |
|    clip_range           | 0.2          |
|    entropy_loss         | 0.943        |
|    explained_variance   | 0.857        |
|    learning_rate        | 2.22e-05     |
|    loss                 | 14.5         |
|    n_updates            | 7140         |
|    policy_gradient_loss | -0.000677    |
|    std                  | 0.151        |
|    value_loss           | 33.3         |
------------------------------------------
------------------------------------------
| rollout/                |              |
|    ep_len_mean          | 1.99e+03     |
|    ep_rew_mean          | 3.25e+03     |
| time/                   |              |
|    fps                  | 3219         |
|    iterations           | 716          |
|    time_elapsed         | 8653         |
|    total_timesteps      | 27860992     |
| train/                  |              |
|    approx_kl            | 0.0033117365 |
|    clip_fraction        | 0.0203       |
|    clip_range           | 0.2          |
|    entropy_loss         | 0.942        |
|    explained_variance   | 0.848        |
|    learning_rate        | 2.18e-05     |
|    loss                 | 8.63         |
|    n_updates            | 7150         |
|    policy_gradient_loss | -0.00102     |
|    std                  | 0.151        |
|    value_loss           | 31           |
------------------------------------------
------------------------------------------
| rollout/                |              |
|    ep_len_mean          | 1.99e+03     |
|    ep_rew_mean          | 3.25e+03     |
| time/                   |              |
|    fps                  | 3222         |
|    iterations           | 717          |
|    time_elapsed         | 8659         |
|    total_timesteps      | 27899904     |
| train/                  |              |
|    approx_kl            | 0.0029180117 |
|    clip_fraction        | 0.0122       |
|    clip_range           | 0.2          |
|    entropy_loss         | 0.943        |
|    explained_variance   | 0.858        |
|    learning_rate        | 2.14e-05     |
|    loss                 | 5.52         |
|    n_updates            | 7160         |
|    policy_gradient_loss | -0.000723    |
|    std                  | 0.151        |
|    value_loss           | 28.2         |
------------------------------------------
Eval num_timesteps=27930000, episode_reward=3599.26 +/- 233.26
Episode length: 2000.00 +/- 0.00
------------------------------------------
| eval/                   |              |
|    mean_ep_length       | 2e+03        |
|    mean_reward          | 3.6e+03      |
| time/                   |              |
|    total_timesteps      | 27930000     |
| train/                  |              |
|    approx_kl            | 0.0028799982 |
|    clip_fraction        | 0.0229       |
|    clip_range           | 0.2          |
|    entropy_loss         | 0.942        |
|    explained_variance   | 0.856        |
|    learning_rate        | 2.1e-05      |
|    loss                 | 10.8         |
|    n_updates            | 7170         |
|    policy_gradient_loss | -0.00113     |
|    std                  | 0.151        |
|    value_loss           | 25           |
------------------------------------------
---------------------------------
| rollout/           |          |
|    ep_len_mean     | 2e+03    |
|    ep_rew_mean     | 3.26e+03 |
| time/              |          |
|    fps             | 3216     |
|    iterations      | 718      |
|    time_elapsed    | 8685     |
|    total_timesteps | 27938816 |
---------------------------------
------------------------------------------
| rollout/                |              |
|    ep_len_mean          | 2e+03        |
|    ep_rew_mean          | 3.27e+03     |
| time/                   |              |
|    fps                  | 3219         |
|    iterations           | 719          |
|    time_elapsed         | 8691         |
|    total_timesteps      | 27977728     |
| train/                  |              |
|    approx_kl            | 0.0032123332 |
|    clip_fraction        | 0.0166       |
|    clip_range           | 0.2          |
|    entropy_loss         | 0.941        |
|    explained_variance   | 0.855        |
|    learning_rate        | 2.06e-05     |
|    loss                 | 15.1         |
|    n_updates            | 7180         |
|    policy_gradient_loss | -0.00103     |
|    std                  | 0.151        |
|    value_loss           | 31.8         |
------------------------------------------
------------------------------------------
| rollout/                |              |
|    ep_len_mean          | 2e+03        |
|    ep_rew_mean          | 3.28e+03     |
| time/                   |              |
|    fps                  | 3221         |
|    iterations           | 720          |
|    time_elapsed         | 8696         |
|    total_timesteps      | 28016640     |
| train/                  |              |
|    approx_kl            | 0.0024035713 |
|    clip_fraction        | 0.0161       |
|    clip_range           | 0.2          |
|    entropy_loss         | 0.941        |
|    explained_variance   | 0.869        |
|    learning_rate        | 2.02e-05     |
|    loss                 | 16.3         |
|    n_updates            | 7190         |
|    policy_gradient_loss | -0.000597    |
|    std                  | 0.151        |
|    value_loss           | 22.6         |
------------------------------------------
------------------------------------------
| rollout/                |              |
|    ep_len_mean          | 2e+03        |
|    ep_rew_mean          | 3.29e+03     |
| time/                   |              |
|    fps                  | 3223         |
|    iterations           | 721          |
|    time_elapsed         | 8702         |
|    total_timesteps      | 28055552     |
| train/                  |              |
|    approx_kl            | 0.0038680027 |
|    clip_fraction        | 0.0236       |
|    clip_range           | 0.2          |
|    entropy_loss         | 0.941        |
|    explained_variance   | 0.867        |
|    learning_rate        | 1.98e-05     |
|    loss                 | 17.5         |
|    n_updates            | 7200         |
|    policy_gradient_loss | -0.00112     |
|    std                  | 0.151        |
|    value_loss           | 21.7         |
------------------------------------------
------------------------------------------
| rollout/                |              |
|    ep_len_mean          | 2e+03        |
|    ep_rew_mean          | 3.29e+03     |
| time/                   |              |
|    fps                  | 3226         |
|    iterations           | 722          |
|    time_elapsed         | 8708         |
|    total_timesteps      | 28094464     |
| train/                  |              |
|    approx_kl            | 0.0024231952 |
|    clip_fraction        | 0.0135       |
|    clip_range           | 0.2          |
|    entropy_loss         | 0.941        |
|    explained_variance   | 0.873        |
|    learning_rate        | 1.94e-05     |
|    loss                 | 16.2         |
|    n_updates            | 7210         |
|    policy_gradient_loss | -0.000643    |
|    std                  | 0.151        |
|    value_loss           | 24.9         |
------------------------------------------
Eval num_timesteps=28120000, episode_reward=3613.94 +/- 218.08
Episode length: 2000.00 +/- 0.00
------------------------------------------
| eval/                   |              |
|    mean_ep_length       | 2e+03        |
|    mean_reward          | 3.61e+03     |
| time/                   |              |
|    total_timesteps      | 28120000     |
| train/                  |              |
|    approx_kl            | 0.0024427657 |
|    clip_fraction        | 0.0138       |
|    clip_range           | 0.2          |
|    entropy_loss         | 0.943        |
|    explained_variance   | 0.824        |
|    learning_rate        | 1.91e-05     |
|    loss                 | 30.9         |
|    n_updates            | 7220         |
|    policy_gradient_loss | -0.000703    |
|    std                  | 0.151        |
|    value_loss           | 28.8         |
------------------------------------------
New best mean reward!
---------------------------------
| rollout/           |          |
|    ep_len_mean     | 1.98e+03 |
|    ep_rew_mean     | 3.26e+03 |
| time/              |          |
|    fps             | 3220     |
|    iterations      | 723      |
|    time_elapsed    | 8734     |
|    total_timesteps | 28133376 |
---------------------------------
------------------------------------------
| rollout/                |              |
|    ep_len_mean          | 1.98e+03     |
|    ep_rew_mean          | 3.26e+03     |
| time/                   |              |
|    fps                  | 3223         |
|    iterations           | 724          |
|    time_elapsed         | 8740         |
|    total_timesteps      | 28172288     |
| train/                  |              |
|    approx_kl            | 0.0036180501 |
|    clip_fraction        | 0.0186       |
|    clip_range           | 0.2          |
|    entropy_loss         | 0.942        |
|    explained_variance   | 0.906        |
|    learning_rate        | 1.87e-05     |
|    loss                 | 9.57         |
|    n_updates            | 7230         |
|    policy_gradient_loss | -0.000997    |
|    std                  | 0.151        |
|    value_loss           | 31.7         |
------------------------------------------
------------------------------------------
| rollout/                |              |
|    ep_len_mean          | 1.98e+03     |
|    ep_rew_mean          | 3.25e+03     |
| time/                   |              |
|    fps                  | 3225         |
|    iterations           | 725          |
|    time_elapsed         | 8746         |
|    total_timesteps      | 28211200     |
| train/                  |              |
|    approx_kl            | 0.0033656377 |
|    clip_fraction        | 0.0145       |
|    clip_range           | 0.2          |
|    entropy_loss         | 0.941        |
|    explained_variance   | 0.841        |
|    learning_rate        | 1.83e-05     |
|    loss                 | 12.3         |
|    n_updates            | 7240         |
|    policy_gradient_loss | -0.000756    |
|    std                  | 0.151        |
|    value_loss           | 35.7         |
------------------------------------------
------------------------------------------
| rollout/                |              |
|    ep_len_mean          | 1.98e+03     |
|    ep_rew_mean          | 3.24e+03     |
| time/                   |              |
|    fps                  | 3227         |
|    iterations           | 726          |
|    time_elapsed         | 8752         |
|    total_timesteps      | 28250112     |
| train/                  |              |
|    approx_kl            | 0.0037542896 |
|    clip_fraction        | 0.0152       |
|    clip_range           | 0.2          |
|    entropy_loss         | 0.942        |
|    explained_variance   | 0.857        |
|    learning_rate        | 1.79e-05     |
|    loss                 | 9.32         |
|    n_updates            | 7250         |
|    policy_gradient_loss | -0.000736    |
|    std                  | 0.151        |
|    value_loss           | 30.1         |
------------------------------------------
-----------------------------------------
| rollout/                |             |
|    ep_len_mean          | 1.98e+03    |
|    ep_rew_mean          | 3.24e+03    |
| time/                   |             |
|    fps                  | 3230        |
|    iterations           | 727         |
|    time_elapsed         | 8758        |
|    total_timesteps      | 28289024    |
| train/                  |             |
|    approx_kl            | 0.002302701 |
|    clip_fraction        | 0.00972     |
|    clip_range           | 0.2         |
|    entropy_loss         | 0.941       |
|    explained_variance   | 0.909       |
|    learning_rate        | 1.75e-05    |
|    loss                 | 11.7        |
|    n_updates            | 7260        |
|    policy_gradient_loss | -0.000881   |
|    std                  | 0.151       |
|    value_loss           | 27.7        |
-----------------------------------------
Eval num_timesteps=28310000, episode_reward=3614.52 +/- 217.28
Episode length: 2000.00 +/- 0.00
------------------------------------------
| eval/                   |              |
|    mean_ep_length       | 2e+03        |
|    mean_reward          | 3.61e+03     |
| time/                   |              |
|    total_timesteps      | 28310000     |
| train/                  |              |
|    approx_kl            | 0.0030811436 |
|    clip_fraction        | 0.0145       |
|    clip_range           | 0.2          |
|    entropy_loss         | 0.939        |
|    explained_variance   | 0.84         |
|    learning_rate        | 1.71e-05     |
|    loss                 | 13.3         |
|    n_updates            | 7270         |
|    policy_gradient_loss | -0.000829    |
|    std                  | 0.151        |
|    value_loss           | 24.4         |
------------------------------------------
New best mean reward!
---------------------------------
| rollout/           |          |
|    ep_len_mean     | 2e+03    |
|    ep_rew_mean     | 3.28e+03 |
| time/              |          |
|    fps             | 3224     |
|    iterations      | 728      |
|    time_elapsed    | 8784     |
|    total_timesteps | 28327936 |
---------------------------------
------------------------------------------
| rollout/                |              |
|    ep_len_mean          | 1.98e+03     |
|    ep_rew_mean          | 3.24e+03     |
| time/                   |              |
|    fps                  | 3227         |
|    iterations           | 729          |
|    time_elapsed         | 8790         |
|    total_timesteps      | 28366848     |
| train/                  |              |
|    approx_kl            | 0.0024100433 |
|    clip_fraction        | 0.00696      |
|    clip_range           | 0.2          |
|    entropy_loss         | 0.937        |
|    explained_variance   | 0.851        |
|    learning_rate        | 1.67e-05     |
|    loss                 | 7.49         |
|    n_updates            | 7280         |
|    policy_gradient_loss | -0.000384    |
|    std                  | 0.152        |
|    value_loss           | 26.5         |
------------------------------------------
------------------------------------------
| rollout/                |              |
|    ep_len_mean          | 1.98e+03     |
|    ep_rew_mean          | 3.26e+03     |
| time/                   |              |
|    fps                  | 3229         |
|    iterations           | 730          |
|    time_elapsed         | 8796         |
|    total_timesteps      | 28405760     |
| train/                  |              |
|    approx_kl            | 0.0018360786 |
|    clip_fraction        | 0.00859      |
|    clip_range           | 0.2          |
|    entropy_loss         | 0.935        |
|    explained_variance   | 0.909        |
|    learning_rate        | 1.63e-05     |
|    loss                 | 9.54         |
|    n_updates            | 7290         |
|    policy_gradient_loss | -0.000719    |
|    std                  | 0.152        |
|    value_loss           | 25.3         |
------------------------------------------
------------------------------------------
| rollout/                |              |
|    ep_len_mean          | 1.98e+03     |
|    ep_rew_mean          | 3.25e+03     |
| time/                   |              |
|    fps                  | 3231         |
|    iterations           | 731          |
|    time_elapsed         | 8802         |
|    total_timesteps      | 28444672     |
| train/                  |              |
|    approx_kl            | 0.0024682432 |
|    clip_fraction        | 0.00808      |
|    clip_range           | 0.2          |
|    entropy_loss         | 0.935        |
|    explained_variance   | 0.855        |
|    learning_rate        | 1.59e-05     |
|    loss                 | 22.9         |
|    n_updates            | 7300         |
|    policy_gradient_loss | -0.000557    |
|    std                  | 0.152        |
|    value_loss           | 33           |
------------------------------------------
----------------------------------------
| rollout/                |            |
|    ep_len_mean          | 1.98e+03   |
|    ep_rew_mean          | 3.26e+03   |
| time/                   |            |
|    fps                  | 3233       |
|    iterations           | 732        |
|    time_elapsed         | 8807       |
|    total_timesteps      | 28483584   |
| train/                  |            |
|    approx_kl            | 0.00291066 |
|    clip_fraction        | 0.011      |
|    clip_range           | 0.2        |
|    entropy_loss         | 0.934      |
|    explained_variance   | 0.86       |
|    learning_rate        | 1.56e-05   |
|    loss                 | 10.6       |
|    n_updates            | 7310       |
|    policy_gradient_loss | -0.000692  |
|    std                  | 0.152      |
|    value_loss           | 24.4       |
----------------------------------------
Eval num_timesteps=28500000, episode_reward=3621.92 +/- 210.62
Episode length: 2000.00 +/- 0.00
-----------------------------------------
| eval/                   |             |
|    mean_ep_length       | 2e+03       |
|    mean_reward          | 3.62e+03    |
| time/                   |             |
|    total_timesteps      | 28500000    |
| train/                  |             |
|    approx_kl            | 0.002915819 |
|    clip_fraction        | 0.0108      |
|    clip_range           | 0.2         |
|    entropy_loss         | 0.934       |
|    explained_variance   | 0.867       |
|    learning_rate        | 1.52e-05    |
|    loss                 | 12.2        |
|    n_updates            | 7320        |
|    policy_gradient_loss | -0.00066    |
|    std                  | 0.152       |
|    value_loss           | 29.1        |
-----------------------------------------
New best mean reward!
---------------------------------
| rollout/           |          |
|    ep_len_mean     | 1.98e+03 |
|    ep_rew_mean     | 3.27e+03 |
| time/              |          |
|    fps             | 3228     |
|    iterations      | 733      |
|    time_elapsed    | 8834     |
|    total_timesteps | 28522496 |
---------------------------------
-----------------------------------------
| rollout/                |             |
|    ep_len_mean          | 2e+03       |
|    ep_rew_mean          | 3.3e+03     |
| time/                   |             |
|    fps                  | 3230        |
|    iterations           | 734         |
|    time_elapsed         | 8840        |
|    total_timesteps      | 28561408    |
| train/                  |             |
|    approx_kl            | 0.002712284 |
|    clip_fraction        | 0.0152      |
|    clip_range           | 0.2         |
|    entropy_loss         | 0.935       |
|    explained_variance   | 0.868       |
|    learning_rate        | 1.48e-05    |
|    loss                 | 21.7        |
|    n_updates            | 7330        |
|    policy_gradient_loss | -0.000977   |
|    std                  | 0.152       |
|    value_loss           | 30.6        |
-----------------------------------------
------------------------------------------
| rollout/                |              |
|    ep_len_mean          | 2e+03        |
|    ep_rew_mean          | 3.29e+03     |
| time/                   |              |
|    fps                  | 3233         |
|    iterations           | 735          |
|    time_elapsed         | 8845         |
|    total_timesteps      | 28600320     |
| train/                  |              |
|    approx_kl            | 0.0024367203 |
|    clip_fraction        | 0.0108       |
|    clip_range           | 0.2          |
|    entropy_loss         | 0.934        |
|    explained_variance   | 0.838        |
|    learning_rate        | 1.44e-05     |
|    loss                 | 17.5         |
|    n_updates            | 7340         |
|    policy_gradient_loss | -0.000676    |
|    std                  | 0.152        |
|    value_loss           | 29.7         |
------------------------------------------
------------------------------------------
| rollout/                |              |
|    ep_len_mean          | 2e+03        |
|    ep_rew_mean          | 3.31e+03     |
| time/                   |              |
|    fps                  | 3235         |
|    iterations           | 736          |
|    time_elapsed         | 8851         |
|    total_timesteps      | 28639232     |
| train/                  |              |
|    approx_kl            | 0.0017145067 |
|    clip_fraction        | 0.00716      |
|    clip_range           | 0.2          |
|    entropy_loss         | 0.933        |
|    explained_variance   | 0.856        |
|    learning_rate        | 1.4e-05      |
|    loss                 | 10.7         |
|    n_updates            | 7350         |
|    policy_gradient_loss | -0.000488    |
|    std                  | 0.152        |
|    value_loss           | 25.1         |
------------------------------------------
------------------------------------------
| rollout/                |              |
|    ep_len_mean          | 2e+03        |
|    ep_rew_mean          | 3.3e+03      |
| time/                   |              |
|    fps                  | 3237         |
|    iterations           | 737          |
|    time_elapsed         | 8857         |
|    total_timesteps      | 28678144     |
| train/                  |              |
|    approx_kl            | 0.0015217807 |
|    clip_fraction        | 0.00712      |
|    clip_range           | 0.2          |
|    entropy_loss         | 0.933        |
|    explained_variance   | 0.862        |
|    learning_rate        | 1.36e-05     |
|    loss                 | 10.5         |
|    n_updates            | 7360         |
|    policy_gradient_loss | -0.000495    |
|    std                  | 0.152        |
|    value_loss           | 23.7         |
------------------------------------------
Eval num_timesteps=28690000, episode_reward=3619.26 +/- 213.00
Episode length: 2000.00 +/- 0.00
------------------------------------------
| eval/                   |              |
|    mean_ep_length       | 2e+03        |
|    mean_reward          | 3.62e+03     |
| time/                   |              |
|    total_timesteps      | 28690000     |
| train/                  |              |
|    approx_kl            | 0.0036865312 |
|    clip_fraction        | 0.0184       |
|    clip_range           | 0.2          |
|    entropy_loss         | 0.932        |
|    explained_variance   | 0.857        |
|    learning_rate        | 1.32e-05     |
|    loss                 | 6.74         |
|    n_updates            | 7370         |
|    policy_gradient_loss | -0.000867    |
|    std                  | 0.152        |
|    value_loss           | 21.1         |
------------------------------------------
---------------------------------
| rollout/           |          |
|    ep_len_mean     | 2e+03    |
|    ep_rew_mean     | 3.3e+03  |
| time/              |          |
|    fps             | 3232     |
|    iterations      | 738      |
|    time_elapsed    | 8883     |
|    total_timesteps | 28717056 |
---------------------------------
------------------------------------------
| rollout/                |              |
|    ep_len_mean          | 1.99e+03     |
|    ep_rew_mean          | 3.27e+03     |
| time/                   |              |
|    fps                  | 3234         |
|    iterations           | 739          |
|    time_elapsed         | 8889         |
|    total_timesteps      | 28755968     |
| train/                  |              |
|    approx_kl            | 0.0037197454 |
|    clip_fraction        | 0.0185       |
|    clip_range           | 0.2          |
|    entropy_loss         | 0.93         |
|    explained_variance   | 0.874        |
|    learning_rate        | 1.28e-05     |
|    loss                 | 10.5         |
|    n_updates            | 7380         |
|    policy_gradient_loss | -0.00137     |
|    std                  | 0.152        |
|    value_loss           | 28.1         |
------------------------------------------
-----------------------------------------
| rollout/                |             |
|    ep_len_mean          | 1.97e+03    |
|    ep_rew_mean          | 3.24e+03    |
| time/                   |             |
|    fps                  | 3237        |
|    iterations           | 740         |
|    time_elapsed         | 8895        |
|    total_timesteps      | 28794880    |
| train/                  |             |
|    approx_kl            | 0.002437337 |
|    clip_fraction        | 0.00817     |
|    clip_range           | 0.2         |
|    entropy_loss         | 0.93        |
|    explained_variance   | 0.915       |
|    learning_rate        | 1.24e-05    |
|    loss                 | 20.3        |
|    n_updates            | 7390        |
|    policy_gradient_loss | -0.00109    |
|    std                  | 0.152       |
|    value_loss           | 42.8        |
-----------------------------------------
------------------------------------------
| rollout/                |              |
|    ep_len_mean          | 1.96e+03     |
|    ep_rew_mean          | 3.21e+03     |
| time/                   |              |
|    fps                  | 3239         |
|    iterations           | 741          |
|    time_elapsed         | 8901         |
|    total_timesteps      | 28833792     |
| train/                  |              |
|    approx_kl            | 0.0023747515 |
|    clip_fraction        | 0.00936      |
|    clip_range           | 0.2          |
|    entropy_loss         | 0.93         |
|    explained_variance   | 0.893        |
|    learning_rate        | 1.21e-05     |
|    loss                 | 13.4         |
|    n_updates            | 7400         |
|    policy_gradient_loss | -0.000582    |
|    std                  | 0.152        |
|    value_loss           | 28.1         |
------------------------------------------
------------------------------------------
| rollout/                |              |
|    ep_len_mean          | 1.94e+03     |
|    ep_rew_mean          | 3.18e+03     |
| time/                   |              |
|    fps                  | 3241         |
|    iterations           | 742          |
|    time_elapsed         | 8906         |
|    total_timesteps      | 28872704     |
| train/                  |              |
|    approx_kl            | 0.0017074108 |
|    clip_fraction        | 0.00772      |
|    clip_range           | 0.2          |
|    entropy_loss         | 0.929        |
|    explained_variance   | 0.906        |
|    learning_rate        | 1.17e-05     |
|    loss                 | 14.6         |
|    n_updates            | 7410         |
|    policy_gradient_loss | -0.00103     |
|    std                  | 0.152        |
|    value_loss           | 33           |
------------------------------------------
Eval num_timesteps=28880000, episode_reward=3633.86 +/- 213.74
Episode length: 2000.00 +/- 0.00
------------------------------------------
| eval/                   |              |
|    mean_ep_length       | 2e+03        |
|    mean_reward          | 3.63e+03     |
| time/                   |              |
|    total_timesteps      | 28880000     |
| train/                  |              |
|    approx_kl            | 0.0020539816 |
|    clip_fraction        | 0.00795      |
|    clip_range           | 0.2          |
|    entropy_loss         | 0.928        |
|    explained_variance   | 0.862        |
|    learning_rate        | 1.13e-05     |
|    loss                 | 13.3         |
|    n_updates            | 7420         |
|    policy_gradient_loss | -0.000477    |
|    std                  | 0.152        |
|    value_loss           | 27.6         |
------------------------------------------
New best mean reward!
---------------------------------
| rollout/           |          |
|    ep_len_mean     | 1.91e+03 |
|    ep_rew_mean     | 3.12e+03 |
| time/              |          |
|    fps             | 3236     |
|    iterations      | 743      |
|    time_elapsed    | 8933     |
|    total_timesteps | 28911616 |
---------------------------------
------------------------------------------
| rollout/                |              |
|    ep_len_mean          | 1.92e+03     |
|    ep_rew_mean          | 3.15e+03     |
| time/                   |              |
|    fps                  | 3238         |
|    iterations           | 744          |
|    time_elapsed         | 8938         |
|    total_timesteps      | 28950528     |
| train/                  |              |
|    approx_kl            | 0.0020348718 |
|    clip_fraction        | 0.0107       |
|    clip_range           | 0.2          |
|    entropy_loss         | 0.928        |
|    explained_variance   | 0.925        |
|    learning_rate        | 1.09e-05     |
|    loss                 | 9.18         |
|    n_updates            | 7430         |
|    policy_gradient_loss | -0.000769    |
|    std                  | 0.152        |
|    value_loss           | 28.5         |
------------------------------------------
------------------------------------------
| rollout/                |              |
|    ep_len_mean          | 1.94e+03     |
|    ep_rew_mean          | 3.17e+03     |
| time/                   |              |
|    fps                  | 3241         |
|    iterations           | 745          |
|    time_elapsed         | 8944         |
|    total_timesteps      | 28989440     |
| train/                  |              |
|    approx_kl            | 0.0031408449 |
|    clip_fraction        | 0.0134       |
|    clip_range           | 0.2          |
|    entropy_loss         | 0.928        |
|    explained_variance   | 0.841        |
|    learning_rate        | 1.05e-05     |
|    loss                 | 25.1         |
|    n_updates            | 7440         |
|    policy_gradient_loss | -0.000811    |
|    std                  | 0.152        |
|    value_loss           | 42.1         |
------------------------------------------
----------------------------------------
| rollout/                |            |
|    ep_len_mean          | 1.96e+03   |
|    ep_rew_mean          | 3.19e+03   |
| time/                   |            |
|    fps                  | 3243       |
|    iterations           | 746        |
|    time_elapsed         | 8950       |
|    total_timesteps      | 29028352   |
| train/                  |            |
|    approx_kl            | 0.00227149 |
|    clip_fraction        | 0.00877    |
|    clip_range           | 0.2        |
|    entropy_loss         | 0.927      |
|    explained_variance   | 0.855      |
|    learning_rate        | 1.01e-05   |
|    loss                 | 24.9       |
|    n_updates            | 7450       |
|    policy_gradient_loss | -0.000718  |
|    std                  | 0.152      |
|    value_loss           | 38         |
----------------------------------------
------------------------------------------
| rollout/                |              |
|    ep_len_mean          | 1.97e+03     |
|    ep_rew_mean          | 3.24e+03     |
| time/                   |              |
|    fps                  | 3245         |
|    iterations           | 747          |
|    time_elapsed         | 8955         |
|    total_timesteps      | 29067264     |
| train/                  |              |
|    approx_kl            | 0.0032788455 |
|    clip_fraction        | 0.0188       |
|    clip_range           | 0.2          |
|    entropy_loss         | 0.927        |
|    explained_variance   | 0.844        |
|    learning_rate        | 9.72e-06     |
|    loss                 | 14.8         |
|    n_updates            | 7460         |
|    policy_gradient_loss | -0.00112     |
|    std                  | 0.152        |
|    value_loss           | 29.6         |
------------------------------------------
Eval num_timesteps=29070000, episode_reward=3636.44 +/- 216.70
Episode length: 2000.00 +/- 0.00
------------------------------------------
| eval/                   |              |
|    mean_ep_length       | 2e+03        |
|    mean_reward          | 3.64e+03     |
| time/                   |              |
|    total_timesteps      | 29070000     |
| train/                  |              |
|    approx_kl            | 0.0019589793 |
|    clip_fraction        | 0.00788      |
|    clip_range           | 0.2          |
|    entropy_loss         | 0.927        |
|    explained_variance   | 0.853        |
|    learning_rate        | 9.33e-06     |
|    loss                 | 18.7         |
|    n_updates            | 7470         |
|    policy_gradient_loss | -0.000788    |
|    std                  | 0.152        |
|    value_loss           | 25.2         |
------------------------------------------
New best mean reward!
---------------------------------
| rollout/           |          |
|    ep_len_mean     | 2e+03    |
|    ep_rew_mean     | 3.28e+03 |
| time/              |          |
|    fps             | 3240     |
|    iterations      | 748      |
|    time_elapsed    | 8982     |
|    total_timesteps | 29106176 |
---------------------------------
------------------------------------------
| rollout/                |              |
|    ep_len_mean          | 2e+03        |
|    ep_rew_mean          | 3.29e+03     |
| time/                   |              |
|    fps                  | 3242         |
|    iterations           | 749          |
|    time_elapsed         | 8988         |
|    total_timesteps      | 29145088     |
| train/                  |              |
|    approx_kl            | 0.0024001964 |
|    clip_fraction        | 0.00584      |
|    clip_range           | 0.2          |
|    entropy_loss         | 0.927        |
|    explained_variance   | 0.872        |
|    learning_rate        | 8.94e-06     |
|    loss                 | 12           |
|    n_updates            | 7480         |
|    policy_gradient_loss | -0.000465    |
|    std                  | 0.152        |
|    value_loss           | 25           |
------------------------------------------
------------------------------------------
| rollout/                |              |
|    ep_len_mean          | 2e+03        |
|    ep_rew_mean          | 3.31e+03     |
| time/                   |              |
|    fps                  | 3244         |
|    iterations           | 750          |
|    time_elapsed         | 8993         |
|    total_timesteps      | 29184000     |
| train/                  |              |
|    approx_kl            | 0.0027825444 |
|    clip_fraction        | 0.0126       |
|    clip_range           | 0.2          |
|    entropy_loss         | 0.927        |
|    explained_variance   | 0.865        |
|    learning_rate        | 8.55e-06     |
|    loss                 | 10.4         |
|    n_updates            | 7490         |
|    policy_gradient_loss | -0.000817    |
|    std                  | 0.152        |
|    value_loss           | 25.5         |
------------------------------------------
-----------------------------------------
| rollout/                |             |
|    ep_len_mean          | 2e+03       |
|    ep_rew_mean          | 3.31e+03    |
| time/                   |             |
|    fps                  | 3247        |
|    iterations           | 751         |
|    time_elapsed         | 8999        |
|    total_timesteps      | 29222912    |
| train/                  |             |
|    approx_kl            | 0.002608293 |
|    clip_fraction        | 0.00992     |
|    clip_range           | 0.2         |
|    entropy_loss         | 0.927       |
|    explained_variance   | 0.883       |
|    learning_rate        | 8.16e-06    |
|    loss                 | 17.4        |
|    n_updates            | 7500        |
|    policy_gradient_loss | -0.000991   |
|    std                  | 0.152       |
|    value_loss           | 25.7        |
-----------------------------------------
Eval num_timesteps=29260000, episode_reward=3635.29 +/- 212.96
Episode length: 2000.00 +/- 0.00
------------------------------------------
| eval/                   |              |
|    mean_ep_length       | 2e+03        |
|    mean_reward          | 3.64e+03     |
| time/                   |              |
|    total_timesteps      | 29260000     |
| train/                  |              |
|    approx_kl            | 0.0028269007 |
|    clip_fraction        | 0.0112       |
|    clip_range           | 0.2          |
|    entropy_loss         | 0.928        |
|    explained_variance   | 0.866        |
|    learning_rate        | 7.77e-06     |
|    loss                 | 20.8         |
|    n_updates            | 7510         |
|    policy_gradient_loss | -0.000765    |
|    std                  | 0.152        |
|    value_loss           | 28.8         |
------------------------------------------
---------------------------------
| rollout/           |          |
|    ep_len_mean     | 2e+03    |
|    ep_rew_mean     | 3.3e+03  |
| time/              |          |
|    fps             | 3241     |
|    iterations      | 752      |
|    time_elapsed    | 9025     |
|    total_timesteps | 29261824 |
---------------------------------
------------------------------------------
| rollout/                |              |
|    ep_len_mean          | 2e+03        |
|    ep_rew_mean          | 3.31e+03     |
| time/                   |              |
|    fps                  | 3244         |
|    iterations           | 753          |
|    time_elapsed         | 9031         |
|    total_timesteps      | 29300736     |
| train/                  |              |
|    approx_kl            | 0.0016721323 |
|    clip_fraction        | 0.00325      |
|    clip_range           | 0.2          |
|    entropy_loss         | 0.929        |
|    explained_variance   | 0.871        |
|    learning_rate        | 7.38e-06     |
|    loss                 | 9.92         |
|    n_updates            | 7520         |
|    policy_gradient_loss | -0.000435    |
|    std                  | 0.152        |
|    value_loss           | 25.4         |
------------------------------------------
------------------------------------------
| rollout/                |              |
|    ep_len_mean          | 2e+03        |
|    ep_rew_mean          | 3.31e+03     |
| time/                   |              |
|    fps                  | 3246         |
|    iterations           | 754          |
|    time_elapsed         | 9037         |
|    total_timesteps      | 29339648     |
| train/                  |              |
|    approx_kl            | 0.0019775026 |
|    clip_fraction        | 0.00486      |
|    clip_range           | 0.2          |
|    entropy_loss         | 0.93         |
|    explained_variance   | 0.853        |
|    learning_rate        | 6.99e-06     |
|    loss                 | 20.6         |
|    n_updates            | 7530         |
|    policy_gradient_loss | -0.00039     |
|    std                  | 0.152        |
|    value_loss           | 24.1         |
------------------------------------------
-----------------------------------------
| rollout/                |             |
|    ep_len_mean          | 2e+03       |
|    ep_rew_mean          | 3.3e+03     |
| time/                   |             |
|    fps                  | 3248        |
|    iterations           | 755         |
|    time_elapsed         | 9043        |
|    total_timesteps      | 29378560    |
| train/                  |             |
|    approx_kl            | 0.001652231 |
|    clip_fraction        | 0.00397     |
|    clip_range           | 0.2         |
|    entropy_loss         | 0.93        |
|    explained_variance   | 0.847       |
|    learning_rate        | 6.6e-06     |
|    loss                 | 20.2        |
|    n_updates            | 7540        |
|    policy_gradient_loss | -0.000421   |
|    std                  | 0.152       |
|    value_loss           | 28.9        |
-----------------------------------------
------------------------------------------
| rollout/                |              |
|    ep_len_mean          | 2e+03        |
|    ep_rew_mean          | 3.3e+03      |
| time/                   |              |
|    fps                  | 3250         |
|    iterations           | 756          |
|    time_elapsed         | 9048         |
|    total_timesteps      | 29417472     |
| train/                  |              |
|    approx_kl            | 0.0027727503 |
|    clip_fraction        | 0.0115       |
|    clip_range           | 0.2          |
|    entropy_loss         | 0.931        |
|    explained_variance   | 0.85         |
|    learning_rate        | 6.21e-06     |
|    loss                 | 14.8         |
|    n_updates            | 7550         |
|    policy_gradient_loss | -0.000885    |
|    std                  | 0.152        |
|    value_loss           | 31.3         |
------------------------------------------
Eval num_timesteps=29450000, episode_reward=3630.28 +/- 210.18
Episode length: 2000.00 +/- 0.00
-----------------------------------------
| eval/                   |             |
|    mean_ep_length       | 2e+03       |
|    mean_reward          | 3.63e+03    |
| time/                   |             |
|    total_timesteps      | 29450000    |
| train/                  |             |
|    approx_kl            | 0.002123501 |
|    clip_fraction        | 0.00796     |
|    clip_range           | 0.2         |
|    entropy_loss         | 0.931       |
|    explained_variance   | 0.875       |
|    learning_rate        | 5.83e-06    |
|    loss                 | 18.6        |
|    n_updates            | 7560        |
|    policy_gradient_loss | -0.00069    |
|    std                  | 0.152       |
|    value_loss           | 30.1        |
-----------------------------------------
---------------------------------
| rollout/           |          |
|    ep_len_mean     | 2e+03    |
|    ep_rew_mean     | 3.3e+03  |
| time/              |          |
|    fps             | 3245     |
|    iterations      | 757      |
|    time_elapsed    | 9075     |
|    total_timesteps | 29456384 |
---------------------------------
------------------------------------------
| rollout/                |              |
|    ep_len_mean          | 1.99e+03     |
|    ep_rew_mean          | 3.27e+03     |
| time/                   |              |
|    fps                  | 3248         |
|    iterations           | 758          |
|    time_elapsed         | 9080         |
|    total_timesteps      | 29495296     |
| train/                  |              |
|    approx_kl            | 0.0014201197 |
|    clip_fraction        | 0.00692      |
|    clip_range           | 0.2          |
|    entropy_loss         | 0.931        |
|    explained_variance   | 0.844        |
|    learning_rate        | 5.44e-06     |
|    loss                 | 12.5         |
|    n_updates            | 7570         |
|    policy_gradient_loss | -0.000467    |
|    std                  | 0.152        |
|    value_loss           | 38.7         |
------------------------------------------
------------------------------------------
| rollout/                |              |
|    ep_len_mean          | 1.99e+03     |
|    ep_rew_mean          | 3.28e+03     |
| time/                   |              |
|    fps                  | 3250         |
|    iterations           | 759          |
|    time_elapsed         | 9086         |
|    total_timesteps      | 29534208     |
| train/                  |              |
|    approx_kl            | 0.0021662689 |
|    clip_fraction        | 0.00919      |
|    clip_range           | 0.2          |
|    entropy_loss         | 0.93         |
|    explained_variance   | 0.912        |
|    learning_rate        | 5.05e-06     |
|    loss                 | 6.11         |
|    n_updates            | 7580         |
|    policy_gradient_loss | -0.000933    |
|    std                  | 0.152        |
|    value_loss           | 20.5         |
------------------------------------------
------------------------------------------
| rollout/                |              |
|    ep_len_mean          | 1.97e+03     |
|    ep_rew_mean          | 3.26e+03     |
| time/                   |              |
|    fps                  | 3252         |
|    iterations           | 760          |
|    time_elapsed         | 9092         |
|    total_timesteps      | 29573120     |
| train/                  |              |
|    approx_kl            | 0.0021427323 |
|    clip_fraction        | 0.0025       |
|    clip_range           | 0.2          |
|    entropy_loss         | 0.93         |
|    explained_variance   | 0.871        |
|    learning_rate        | 4.66e-06     |
|    loss                 | 12           |
|    n_updates            | 7590         |
|    policy_gradient_loss | -0.000348    |
|    std                  | 0.152        |
|    value_loss           | 21.9         |
------------------------------------------
------------------------------------------
| rollout/                |              |
|    ep_len_mean          | 1.97e+03     |
|    ep_rew_mean          | 3.26e+03     |
| time/                   |              |
|    fps                  | 3254         |
|    iterations           | 761          |
|    time_elapsed         | 9098         |
|    total_timesteps      | 29612032     |
| train/                  |              |
|    approx_kl            | 0.0007018717 |
|    clip_fraction        | 0.000254     |
|    clip_range           | 0.2          |
|    entropy_loss         | 0.931        |
|    explained_variance   | 0.905        |
|    learning_rate        | 4.27e-06     |
|    loss                 | 11.5         |
|    n_updates            | 7600         |
|    policy_gradient_loss | -0.000383    |
|    std                  | 0.152        |
|    value_loss           | 28.5         |
------------------------------------------
Eval num_timesteps=29640000, episode_reward=3637.22 +/- 213.02
Episode length: 2000.00 +/- 0.00
------------------------------------------
| eval/                   |              |
|    mean_ep_length       | 2e+03        |
|    mean_reward          | 3.64e+03     |
| time/                   |              |
|    total_timesteps      | 29640000     |
| train/                  |              |
|    approx_kl            | 0.0016990766 |
|    clip_fraction        | 0.00116      |
|    clip_range           | 0.2          |
|    entropy_loss         | 0.931        |
|    explained_variance   | 0.856        |
|    learning_rate        | 3.88e-06     |
|    loss                 | 17.4         |
|    n_updates            | 7610         |
|    policy_gradient_loss | -0.000377    |
|    std                  | 0.152        |
|    value_loss           | 35.6         |
------------------------------------------
New best mean reward!
---------------------------------
| rollout/           |          |
|    ep_len_mean     | 1.97e+03 |
|    ep_rew_mean     | 3.27e+03 |
| time/              |          |
|    fps             | 3249     |
|    iterations      | 762      |
|    time_elapsed    | 9124     |
|    total_timesteps | 29650944 |
---------------------------------
------------------------------------------
| rollout/                |              |
|    ep_len_mean          | 1.98e+03     |
|    ep_rew_mean          | 3.3e+03      |
| time/                   |              |
|    fps                  | 3251         |
|    iterations           | 763          |
|    time_elapsed         | 9130         |
|    total_timesteps      | 29689856     |
| train/                  |              |
|    approx_kl            | 0.0013747485 |
|    clip_fraction        | 0.00326      |
|    clip_range           | 0.2          |
|    entropy_loss         | 0.931        |
|    explained_variance   | 0.847        |
|    learning_rate        | 3.49e-06     |
|    loss                 | 13.2         |
|    n_updates            | 7620         |
|    policy_gradient_loss | -0.000274    |
|    std                  | 0.152        |
|    value_loss           | 27.1         |
------------------------------------------
------------------------------------------
| rollout/                |              |
|    ep_len_mean          | 1.98e+03     |
|    ep_rew_mean          | 3.29e+03     |
| time/                   |              |
|    fps                  | 3253         |
|    iterations           | 764          |
|    time_elapsed         | 9136         |
|    total_timesteps      | 29728768     |
| train/                  |              |
|    approx_kl            | 0.0019215832 |
|    clip_fraction        | 0.00474      |
|    clip_range           | 0.2          |
|    entropy_loss         | 0.931        |
|    explained_variance   | 0.874        |
|    learning_rate        | 3.1e-06      |
|    loss                 | 9.75         |
|    n_updates            | 7630         |
|    policy_gradient_loss | -0.000549    |
|    std                  | 0.152        |
|    value_loss           | 25.8         |
------------------------------------------
------------------------------------------
| rollout/                |              |
|    ep_len_mean          | 2e+03        |
|    ep_rew_mean          | 3.31e+03     |
| time/                   |              |
|    fps                  | 3256         |
|    iterations           | 765          |
|    time_elapsed         | 9142         |
|    total_timesteps      | 29767680     |
| train/                  |              |
|    approx_kl            | 0.0023701515 |
|    clip_fraction        | 0.00455      |
|    clip_range           | 0.2          |
|    entropy_loss         | 0.931        |
|    explained_variance   | 0.857        |
|    learning_rate        | 2.71e-06     |
|    loss                 | 8.3          |
|    n_updates            | 7640         |
|    policy_gradient_loss | -0.000448    |
|    std                  | 0.152        |
|    value_loss           | 26.1         |
------------------------------------------
------------------------------------------
| rollout/                |              |
|    ep_len_mean          | 1.98e+03     |
|    ep_rew_mean          | 3.28e+03     |
| time/                   |              |
|    fps                  | 3258         |
|    iterations           | 766          |
|    time_elapsed         | 9148         |
|    total_timesteps      | 29806592     |
| train/                  |              |
|    approx_kl            | 0.0006819696 |
|    clip_fraction        | 5.65e-05     |
|    clip_range           | 0.2          |
|    entropy_loss         | 0.931        |
|    explained_variance   | 0.885        |
|    learning_rate        | 2.32e-06     |
|    loss                 | 7.41         |
|    n_updates            | 7650         |
|    policy_gradient_loss | -0.000331    |
|    std                  | 0.152        |
|    value_loss           | 28.1         |
------------------------------------------
Eval num_timesteps=29830000, episode_reward=3634.09 +/- 210.37
Episode length: 2000.00 +/- 0.00
------------------------------------------
| eval/                   |              |
|    mean_ep_length       | 2e+03        |
|    mean_reward          | 3.63e+03     |
| time/                   |              |
|    total_timesteps      | 29830000     |
| train/                  |              |
|    approx_kl            | 0.0006722101 |
|    clip_fraction        | 5.91e-05     |
|    clip_range           | 0.2          |
|    entropy_loss         | 0.931        |
|    explained_variance   | 0.881        |
|    learning_rate        | 1.93e-06     |
|    loss                 | 19.1         |
|    n_updates            | 7660         |
|    policy_gradient_loss | -0.00025     |
|    std                  | 0.152        |
|    value_loss           | 37.2         |
------------------------------------------
---------------------------------
| rollout/           |          |
|    ep_len_mean     | 1.97e+03 |
|    ep_rew_mean     | 3.25e+03 |
| time/              |          |
|    fps             | 3252     |
|    iterations      | 767      |
|    time_elapsed    | 9174     |
|    total_timesteps | 29845504 |
---------------------------------
------------------------------------------
| rollout/                |              |
|    ep_len_mean          | 1.97e+03     |
|    ep_rew_mean          | 3.23e+03     |
| time/                   |              |
|    fps                  | 3255         |
|    iterations           | 768          |
|    time_elapsed         | 9180         |
|    total_timesteps      | 29884416     |
| train/                  |              |
|    approx_kl            | 0.0013405463 |
|    clip_fraction        | 0.0013       |
|    clip_range           | 0.2          |
|    entropy_loss         | 0.931        |
|    explained_variance   | 0.866        |
|    learning_rate        | 1.54e-06     |
|    loss                 | 21.4         |
|    n_updates            | 7670         |
|    policy_gradient_loss | -0.000417    |
|    std                  | 0.152        |
|    value_loss           | 43           |
------------------------------------------
------------------------------------------
| rollout/                |              |
|    ep_len_mean          | 1.97e+03     |
|    ep_rew_mean          | 3.23e+03     |
| time/                   |              |
|    fps                  | 3257         |
|    iterations           | 769          |
|    time_elapsed         | 9186         |
|    total_timesteps      | 29923328     |
| train/                  |              |
|    approx_kl            | 0.0002666704 |
|    clip_fraction        | 0            |
|    clip_range           | 0.2          |
|    entropy_loss         | 0.931        |
|    explained_variance   | 0.847        |
|    learning_rate        | 1.16e-06     |
|    loss                 | 5.39         |
|    n_updates            | 7680         |
|    policy_gradient_loss | -0.000142    |
|    std                  | 0.152        |
|    value_loss           | 29.1         |
------------------------------------------
------------------------------------------
| rollout/                |              |
|    ep_len_mean          | 1.97e+03     |
|    ep_rew_mean          | 3.23e+03     |
| time/                   |              |
|    fps                  | 3259         |
|    iterations           | 770          |
|    time_elapsed         | 9192         |
|    total_timesteps      | 29962240     |
| train/                  |              |
|    approx_kl            | 0.0004366404 |
|    clip_fraction        | 0            |
|    clip_range           | 0.2          |
|    entropy_loss         | 0.931        |
|    explained_variance   | 0.877        |
|    learning_rate        | 7.67e-07     |
|    loss                 | 14           |
|    n_updates            | 7690         |
|    policy_gradient_loss | -0.0001      |
|    std                  | 0.152        |
|    value_loss           | 21.3         |
------------------------------------------
-------------------------------------------
| rollout/                |               |
|    ep_len_mean          | 1.98e+03      |
|    ep_rew_mean          | 3.27e+03      |
| time/                   |               |
|    fps                  | 3261          |
|    iterations           | 771           |
|    time_elapsed         | 9197          |
|    total_timesteps      | 30001152      |
| train/                  |               |
|    approx_kl            | 0.00014806012 |
|    clip_fraction        | 0             |
|    clip_range           | 0.2           |
|    entropy_loss         | 0.931         |
|    explained_variance   | 0.881         |
|    learning_rate        | 3.78e-07      |
|    loss                 | 16.1          |
|    n_updates            | 7700          |
|    policy_gradient_loss | -0.000129     |
|    std                  | 0.152         |
|    value_loss           | 27.8          |
-------------------------------------------
 100% ------------------ 30,001,152/30,000,… [ 2:33:17 < 0:00:00 , 6,959 it/s ]
