record_time_s,sim_time_s,target_forward_speed_m_s,target_yaw_rate_rad_s,position_x_m,position_y_m,position_z_m,estimated_pitch_deg,truth_pitch_deg,estimated_pitch_rate_deg_s,truth_pitch_rate_deg_s,truth_yaw_deg,estimated_yaw_rate_deg_s,truth_yaw_rate_deg_s,estimated_forward_speed_m_s,truth_forward_speed_m_s,left_wheel_speed_rad_s,right_wheel_speed_rad_s,left_motor_torque_nm,right_motor_torque_nm,contact_count,controller_mode
0.002,85.33199999998253,0.0,0.0,2.1270102969159748,0.022567809073286964,0.06655148472056856,-2.4418786011369633,-3.7002826290191555,-132.89744896837962,-89.15106875068501,0.9930204171808995,0.17790324112212494,0.08362582389897849,0.6529050059020953,0.47984633825165607,4.094037214880807,4.094451227260993,-3.3971110292180247,-3.432723239863637,4,FREE
0.01,85.33999999998251,0.0,0.0,2.1297157797309283,0.022614572613201173,0.06640523849323986,-3.3645593173009862,-4.11818731477769,-113.45164119353323,-47.4987468907295,0.9922127819916969,-0.14981839375135628,-0.09236464105638596,0.5766336362654052,0.31767753060679654,2.259459124496539,2.25572754241073,-4.0,-4.0,4,FREE
0.020000000000000004,85.34999999998249,0.0,0.0,2.131007239528182,0.02263660190772543,0.06631364188834901,-4.047627976367254,-4.104693903877186,-62.18911191740268,13.555752244660653,0.9913962028240195,-0.3178798439826385,-0.07982660673416593,0.3736221182783924,0.08081181019007207,-0.31312537180930156,-0.31577041255438976,-4.0,-4.0,4,FREE
0.030000000000000013,85.35999999998246,0.0,0.0,2.1300175385025253,0.022618954413490537,0.06633085274896582,-4.156221890025684,-3.50669958321246,-2.949185010121724,70.26965999767471,0.9907528045182679,-0.15043512885398777,-0.13487686403628824,0.14644433213514538,-0.13937076906572535,-2.593455659246162,-2.599397651511966,-3.2897666168351156,-3.321054432194983,4,FREE
0.04000000000000002,85.36999999998244,0.0,0.0,2.1270452085591014,0.022566951920066892,0.06645013131660037,-3.667342139662751,-2.400600663034416,56.12555689129768,120.71894853822222,0.9891744513601536,0.020024714277595917,-0.2668268342168529,-0.08444479370825479,-0.3356728084831058,-4.703673558218837,-4.714203157875785,-3.2897666168351156,-3.321054432194983,4,FREE
0.05000000000000003,85.37999999998242,0.0,0.0,2.1231781936737777,0.02249967948169046,0.06663297902676417,-2.6623645470686155,-1.0660414290832556,106.89867824844396,134.31844877853115,0.9878994130414228,-0.24071731797091492,-0.20934528642899752,-0.281174157162525,-0.3896976343700018,-4.852818114258623,-4.859520459010612,-0.3913804152861739,-0.3866489646892766,4,FREE
0.06000000000000004,85.3899999999824,0.0,0.0,2.119361980533278,0.022433516022904273,0.06682769970762913,-1.3364609738701252,0.25542229931235655,132.69783462555392,129.19013559360226,0.9876294300839398,-0.2350462250108689,-0.0991395195958062,-0.38466616976493495,-0.37016713405032475,-4.2012416362744744,-4.20287023869191,2.6314003626729314,2.663001299699094,4,FREE
0.07000000000000005,85.39999999998237,0.0,0.0,2.1170318436340736,0.022393136705342404,0.06695981791876096,0.014653565768075525,1.195343114664891,137.31328433455013,85.19783649110138,0.9889514740379624,0.02868631905998046,0.09852304553584933,-0.40304213128842714,-0.19890475069117544,-2.3322502273089367,-2.3271164138760705,2.6314003626729314,2.663001299699094,4,FREE
0.08000000000000006,85.40999999998235,0.0,0.0,2.1167516104899193,0.022388321929905242,0.0669990273447669,1.0425048976366325,1.610148707218537,97.79251509676392,28.39516492348885,0.9908372761137281,0.7887860735707664,0.1534786344330961,-0.24613353676617408,0.02293731414889688,0.27197677174083046,0.2771007559741744,4.0,4.0,4,FREE
0.09000000000000007,85.41999999998232,0.0,0.0,2.1190121435999427,0.022427687268153217,0.06692470251676289,1.5795542062152128,1.3738528182553194,46.40768120732178,-37.12938304336654,0.9921038502647546,0.5335929779079068,0.13549203635025853,-0.04709334729600699,0.27892895512012167,2.9521563273224696,2.9575567820481456,3.3722659335742233,3.393438001787517,4,FREE
0.10000000000000007,85.4299999999823,0.0,0.0,2.123542962351141,0.022506497150299617,0.06673861855481882,1.4704269371249068,0.556364310602012,-19.126278070771395,-92.90192012660674,0.9937779411848174,0.24762581593462288,0.25259912475205504,0.2080573063979107,0.4969432347888487,5.281723841968466,5.2916741358654615,3.3722659335742233,3.393438001787517,4,FREE
0.11000000000000008,85.43999999998228,0.0,0.0,2.1298282358819582,0.022615952832149417,0.06646960825135194,0.7644909422157257,-0.7105342455136734,-78.1115740093803,-130.6044722354507,0.9959039930333077,-0.039079530075411054,0.3112988631119573,0.4365442038441626,0.6438272691253355,6.447027985479553,6.458073226348953,0.5454208566879832,0.5552898271347955,4,FREE
0.12000000000000009,85.44999999998225,0.0,0.0,2.1365974615516206,0.022733947779578427,0.06616927844048846,-0.44513740246916156,-2.100793054421089,-126.05345708077077,-141.13989234147797,0.9978603380383224,0.3309730470564817,0.29954749559761307,0.6284602585976814,0.6839193513832406,6.864017333304711,6.874542967999113,0.5454208566879832,0.5552898271347955,4,FREE
0.1300000000000001,85.45999999998223,0.0,0.0,2.1425726670405156,0.022838180614131096,0.0658895838364622,-1.8142306841661318,-3.286902350842453,-138.1203203462494,-110.39319746980404,0.9987545127808156,0.5424554798753092,0.1422878349085181,0.673223849570961,0.5633898028838369,5.096690650024284,5.100114272200519,-2.6834249588204147,-2.7058407913289475,4,FREE
0.1400000000000001,85.4699999999822,0.0,0.0,2.1468595424412014,0.022912884156269863,0.06567112288186318,-3.0824829591289657,-4.040032758790651,-122.07583475262415,-65.53656109457233,0.9985048289496152,0.312713803598431,0.014558383203180246,0.6079555980695726,0.3882893027910508,3.019473831049089,3.019777588372361,-4.0,-4.0,4,FREE
0.1500000000000001,85.47999999998218,0.0,0.0,2.14885838826028,0.022947466929159596,0.06554783066990877,-3.9334321983916256,-4.20645347484967,-80.8060067423734,-4.428162124544812,0.9985045569777887,-0.23195866871075668,0.012447395687199993,0.44830706258444153,0.15108851547339125,0.44262839724454073,0.4432077878681203,-4.0,-4.0,4,FREE
0.16000000000000011,85.48999999998216,0.0,0.0,2.148481969413534,0.022940431858794064,0.0655333945767668,-4.222009696271588,-3.764140734504971,-20.91628802197465,56.35295388715046,0.9980218192171941,0.10182526547127715,-0.12934490622404912,0.21721004289147927,-0.08470422271368,-2.1019586519048032,-2.1088532120417205,-3.9517088627693786,-3.9890260350949713,4,FREE
0.17000000000000012,85.49999999998214,0.0,0.0,2.1457981254095744,0.0228930547318748,0.06563537769027597,-3.9011332371929472,-2.730110482593806,39.62551500741896,117.26278340393631,0.9959054465136986,-0.16497463597606704,-0.3393929667413268,-0.01885919846639169,-0.3212638413505628,-4.300088425295615,-4.3128343205078545,-1.3646899891862672,-1.3776953986099054,4,FREE
0.18000000000000013,85.50999999998211,0.0,0.0,2.1419482748450855,0.02282558014733433,0.06581237629572882,-2.9725648490126333,-1.3981593337589775,100.92848840134442,137.1921055688065,0.9936226747377139,-0.5155653743283225,-0.327357935738994,-0.25572156645666666,-0.3999791264507614,-5.111435141847152,-5.123183691285798,-1.3646899891862672,-1.3776953986099054,4,FREE
0.19000000000000014,85.51999999998209,0.0,0.0,2.137796738423351,0.022753133425456974,0.06601880870933355,-1.6806141253509226,0.011022144362701748,131.56142228664643,136.64587823269576,0.9918474959284515,-0.19403861210039988,-0.25890809509286206,-0.3783249650722692,-0.3986002029773246,-4.617043656085734,-4.625041950678399,1.877217017326948,1.8893940128096152,4,FREE
0.20000000000000015,85.52999999998207,0.0,0.0,2.134800252483776,0.02270093411709089,0.06618022798045219,-0.2495538575344756,1.123716374038252,144.32374104710638,104.93565906292402,0.991148880855795,-0.13651781108988104,-0.12964697543754905,-0.4284266024188151,-0.2751238942830475,-3.265668920956665,-3.269190679258303,1.877217017326948,1.8893940128096152,4,FREE
0.21000000000000016,85.53999999998204,0.0,0.0,2.133828288327185,0.022684113476123795,0.06625608281935198,0.9264654803998756,1.7174731784040396,114.53836820135227,46.28498086677408,0.9906503443212089,-0.17912694157367143,-0.09060362470666909,-0.30966657826115196,-0.046309910402826684,-0.46865020065113616,-0.4717755436040786,4.0,4.0,4,FREE
0.22000000000000017,85.54999999998202,0.0,0.0,2.135412431060833,0.02271174178267253,0.06621402585687176,1.6510992922373595,1.6563179658348577,64.17018035198271,-19.216785519717583,0.9898329466767404,-0.7888454296618362,-0.07388839991054248,-0.11656602779807226,0.20971596404638337,2.297933088452786,2.295202793804536,4.0,4.0,4,FREE
0.23000000000000018,85.559999999982,0.0,0.0,2.139555326457896,0.022783711429894007,0.06605230885045184,1.7209603271188039,0.9397058338382323,-0.9742705764839192,-84.7771773206111,0.9886632720986621,-0.31190351994613014,-0.05994446636581968,0.13880608833729605,0.4658145185812801,5.056290962959754,5.053905298545662,4.0,4.0,4,FREE
0.24000000000000019,85.56999999998197,0.0,0.0,2.145668481702869,0.02288962948698729,0.06579336903536126,1.1355171352612812,-0.281275079815368,-66.1673664764492,-127.6232833876466,0.9876012488319655,0.1283751373612554,0.006974424264679246,0.39503621930515376,0.6331428049961338,6.490629013292618,6.491575647568697,1.6101760754063672,1.6256431138774483,4,FREE
0.25000000000000017,85.57999999998195,0.0,0.0,2.1527738734226958,0.023012503593494854,0.06547770161766385,-0.014994912380499308,-1.756221117243884,-118.82922033778962,-155.26701216753244,0.9871848667675522,0.4452889802807942,0.09406430523422585,0.6018041136532986,0.7396939897092494,7.144980739209647,7.147643569765329,-1.8633927897921339,-1.876774692312899,4,FREE
0.2600000000000002,85.58999999998193,0.0,0.0,2.159309601821158,0.02312547642170084,0.06517335251089657,-1.456942681235612,-3.084320638865321,-147.22167577111432,-127.20659950035345,0.986358915130152,-0.058647480822101125,0.0005410292164817946,0.7102491866705632,0.6296078840102016,5.929128907716925,5.928438575901529,-1.8633927897921339,-1.876774692312899,4,FREE
0.2700000000000002,85.5999999999819,0.0,0.0,2.164445940446279,0.02321415918587412,0.06491975079202156,-2.8410422377762052,-4.053914693205064,-134.95978478918823,-86.04152752509631,0.985211343418763,0.7235515542342519,-0.042899127298744774,0.6602430353762025,0.4684613351190083,3.8831303257302006,3.881758954563905,-4.0,-4.0,4,FREE
0.2800000000000002,85.60999999998188,0.0,0.0,2.1672488659038547,0.02326237055161095,0.06475950948779514,-3.906331669551728,-4.425168043051166,-101.49670935541234,-24.912078081813448,0.9845544007647232,-0.31986981514281343,-0.03585042821893687,0.5322325307575079,0.23089349371314763,1.3041011879395132,1.3031693334329655,-4.0,-4.0,4,FREE
0.2900000000000002,85.61999999998186,0.0,0.0,2.167671126270506,0.02326941053670861,0.06470484596803588,-4.399731560107751,-4.186778721423871,-41.9897062675256,36.02210666049113,0.9844356559955506,0.3583419302672683,-0.02847654418470975,0.296088213861289,-0.005588707432565791,-1.2546967857019444,-1.2553234140423783,-4.0,-4.0,4,FREE
0.3000000000000002,85.62999999998183,0.0,0.0,2.1658232520156893,0.023237212610625085,0.06476281691842575,-4.283207773768456,-3.3671553282196225,18.50445180851702,92.25068995815153,0.9846734079195758,0.577032732434752,-0.047812016593460585,0.05979798718884546,-0.2241160981742444,-3.4002306527134505,-3.4026804118134164,-2.457731983000274,-2.4804385619102893,4,FREE
0.3100000000000002,85.63999999998181,0.0,0.0,2.16241096681187,0.023178047767005484,0.06490993086353145,-3.566445817782024,-2.1476470991091707,79.69589519010395,129.39797743662524,0.9842550429431118,0.16726442132302474,-0.15441650582931374,-0.17718657844089947,-0.369356121717359,-4.946221818466226,-4.952514483690491,-2.457731983000274,-2.4804385619102893,4,FREE
0.32000000000000023,85.64999999998179,0.0,0.0,2.158321675268797,0.023107351638708574,0.06510797907052347,-2.4214361482757303,-0.7554840924684665,118.79826911860191,136.6132594624015,0.9838820392761877,0.1430269713810319,-0.11875726669038103,-0.32882002759768897,-0.39862863484728245,-4.79209964926314,-4.7954384966675505,0.6907421071055843,0.7028413066768738,4,FREE
0.33000000000000024,85.65999999998176,0.0,0.0,2.154800109838041,0.023046596568651382,0.06529276873855049,-1.0235363436343343,0.4904848649865996,139.88830945297548,123.8122885961401,0.9844572929638746,-0.30032702370968956,-0.022806993083742885,-0.4116321676236447,-0.3490750999448717,-3.8601082955158326,-3.8591912500473105,3.4264118304323143,3.4540957145068973,4,FREE
0.34000000000000025,85.66999999998174,0.0,0.0,2.1530740665380814,0.02301702431532916,0.06540351041188536,0.2655061303221849,1.2753182732845163,127.124204649626,67.14560261589303,0.9862855001631397,-0.19261624360269664,0.1588114316770771,-0.3622535420876698,-0.1286102097502488,-1.447433666874406,-1.4398833068793464,3.4264118304323143,3.4540957145068973,4,FREE
0.35000000000000026,85.67999999998172,0.0,0.0,2.153641673189618,0.023027120573187395,0.06540527593433365,1.16369658649154,1.4722340918691872,83.3530868270815,6.943864219154709,0.9888538553831507,-0.6046810526812658,0.24330103856028767,-0.18992871029433073,0.10652558187474527,1.17729821544552,1.1857888247529274,4.0,4.0,4,FREE
0.36000000000000026,85.6899999999817,0.0,0.0,2.156753622215784,0.023081291269628088,0.06529083144470996,1.484568984467588,1.0169349587284517,24.919661816649338,-58.65314422625388,0.9907028095253697,0.05515789947616761,0.21347121328850457,0.03600376634702882,0.3626468950298361,3.9441263210667197,3.9510673714508076,4.0,4.0,4,FREE
0.3700000000000003,85.69999999998167,0.0,0.0,2.1618999223512043,0.023170614805451524,0.06507132619827516,1.160509153821061,0.04090840992733489,-40.287327980927714,-106.20118936371202,0.9928720216780385,0.29255664544535465,0.3180485650480349,0.2909665120621877,0.5484495907024742,5.713024263581018,5.725272423960242,2.561585194153631,2.5939206509766057,4,FREE
0.3800000000000003,85.70999999998165,0.0,0.0,2.1684861982352146,0.023285010200678916,0.0647797931607836,0.2705106852709035,-1.3042417473516346,-94.80942249502965,-139.05080919907923,0.9956849043982109,0.033068257469901656,0.387536549718157,0.5016324399492288,0.675801773334092,6.628028376972512,6.640965606485086,-0.6021984871295494,-0.6049119066846977,4,FREE
0.3900000000000003,85.71999999998162,0.0,0.0,2.175006345446065,0.023398474262928164,0.06448331157155261,-1.0293173894834495,-2.631757308024257,-138.11164651542944,-131.1872945879022,0.9977441587765135,0.5587704949017007,0.2882308482475582,0.6689734707692437,0.6442235619214173,6.270595376468198,6.279977981375804,-0.6021984871295494,-0.6049119066846977,4,FREE
0.4000000000000003,85.7299999999816,0.0,0.0,2.180491408240609,0.023494034522822813,0.0642218687674454,-2.372447406620828,-3.69397992365008,-133.80970158587724,-95.2610596600821,0.9987534160501443,1.0229862893984212,0.14578576676125266,0.6527304116220398,0.5034840041667111,4.327837741553109,4.331033755139469,-3.5593145778314987,-3.5817240917624815,4,FREE
0.4100000000000003,85.73999999998158,0.0,0.0,2.1838380249031406,0.023552249695888962,0.06403976842091666,-3.5253319088488824,-4.2075431037457305,-110.20899884157416,-40.74002535580864,0.998597609967376,0.452171290265841,-0.011053739353864113,0.5614903199478578,0.29128792986781915,1.971534076532134,1.9706860061917033,-4.0,-4.0,4,FREE
0.4200000000000003,85.74999999998155,0.0,0.0,2.18486576566059,0.023569819261092015,0.06395892943016918,-4.150479781118426,-4.126844779428991,-55.7454438914094,20.267620873394254,0.998553483891059,0.13885921695836892,-0.010278420724638165,0.3504091151287904,0.05459921028452287,-0.5971904581899448,-0.597475875235842,-4.0,-4.0,4,FREE
0.4300000000000003,85.75999999998153,0.0,0.0,2.1836355105988305,0.023547815296653053,0.06398761390712303,-4.191784635031503,-3.4677465278700352,4.13300879847836,75.98643051751341,0.9984851806968746,0.12232371449365242,-0.0904555296795322,0.12006829905890232,-0.1618034863303115,-2.813500186396565,-2.818260461252448,-3.133202923238526,-3.1696573654295457,4,FREE
0.44000000000000034,85.76999999998151,0.0,0.0,2.180513548618253,0.0234927489966798,0.06411572440093094,-3.6388421546724232,-2.3240490371113536,62.685061272488255,123.99031082240862,0.997074363555877,-0.0007410840735045049,-0.2609086097968758,-0.1090877824763778,-0.3487309943570859,-4.819955576367541,-4.830608956146161,-3.133202923238526,-3.1696573654295457,4,FREE
0.45000000000000034,85.77999999998148,0.0,0.0,2.1766178594434082,0.02342439645565698,0.06430198420505848,-2.591379562690969,-0.9830490412095038,110.24241861103908,134.2488851054388,0.9955023800214801,-0.418796561561064,-0.2500666873351909,-0.29678110820742143,-0.3898307893452821,-4.817841912545786,-4.8264294830165815,-0.16352588984153824,-0.1678888357351677,4,FREE
0.46000000000000035,85.78999999998146,0.0,0.0,2.172906214538183,0.023359512767803632,0.06449306106593722,-1.2518991068261238,0.31057577682461124,133.66311461247238,125.78978507506267,0.9945231931745123,-0.03914870480074144,-0.1739005298199548,-0.3885102812090406,-0.35733124895359886,-4.03695169677583,-4.041367752276202,2.777789492925222,2.8049272505635434,4,FREE
0.47000000000000036,85.79999999998144,0.0,0.0,2.170777013467881,0.02332232325728664,0.06461583843888422,0.0775374769752711,1.197873010995345,134.61852871870207,79.4694738915657,0.9950077685786571,-0.1835003981994698,0.01704330745961425,-0.39295879146846424,-0.17698597164468655,-2.0708468454900113,-2.0686785742609537,2.777789492925222,2.8049272505635434,4,FREE
0.48000000000000037,85.80999999998141,0.0,0.0,2.1707523293091446,0.023321909791025292,0.06464273173448612,1.0574256730931122,1.5459609516479424,92.69545463434505,21.719229616201975,0.9960567961156961,0.2744397491868824,0.07725804496455228,-0.22751080047467898,0.048537932739460415,0.5515338662178112,0.5540894858468602,4.0,4.0,4,FREE
0.4900000000000004,85.81999999998139,0.0,0.0,2.1732649683356358,0.023365869578830606,0.06455667589784145,1.5287268825432432,1.2437363045765477,39.95626889747471,-43.83140577749581,0.9966141348855613,0.02010668556158843,0.07039771150957752,-0.022315170841474507,0.3045646598909163,3.2083557806697187,3.211924988342064,3.206492006914719,3.23321700377582,4,FREE
0.5000000000000003,85.82999999998137,0.0,0.0,2.1779720263187095,0.023448100567140823,0.06436085119211563,1.3526937842964937,0.3797334184064414,-25.363684888991667,-97.03916524738307,0.9979560324473619,-0.4315221922454577,0.23181508995967331,0.23303007273369175,0.5125263310849055,5.424699496396228,5.434516521668516,3.206492006914719,3.23321700377582,4,FREE
0.5100000000000003,85.83999999998134,0.0,0.0,2.184325955905353,0.02355920705936774,0.06408682966143671,0.5951039813323823,-0.9062171320482272,-81.85316318800463,-131.88024287538457,0.9999695587026747,-0.21951737881988892,0.29590586298730587,0.45465616699729333,0.6481070066106908,6.464354645176263,6.47464163225766,0.34372342173970905,0.3458087266198542,4,FREE
0.5200000000000004,85.84999999998132,0.0,0.0,2.1910367897000573,0.023676631864596186,0.06378844548829038,-0.6395788521532685,-2.2831149593758444,-128.9347060825685,-139.1523275859242,1.0014562049511049,1.1742884933952753,0.24424190128374743,0.6368984507024705,0.6753684867006862,6.745955481948566,6.754226823291226,0.34372342173970905,0.3458087266198542,4,FREE
0.5300000000000004,85.8599999999813,0.0,0.0,2.196844635331196,0.023778283570982814,0.06351539588220313,-2.001827319620144,-3.428074798711511,-136.77118731619606,-105.7865031331155,1.001858145016844,-0.06912029112103903,0.09351032236249014,0.6671595778685007,0.5446405533147091,4.8759643441049425,4.877786953391312,-2.841981693383413,-2.8639290259078147,4,FREE
0.5400000000000004,85.86999999998127,0.0,0.0,2.200879754139936,0.023848793916302513,0.06330725751071548,-3.2338508815952136,-4.118505877585978,-117.88101643049382,-58.97636324913251,1.0012712781428437,0.4617385069036439,-0.021624880939188535,0.5907715783810022,0.36203479569261243,2.73931504074489,2.7384152768569194,-4.0,-4.0,4,FREE
0.5500000000000004,85.87999999998125,0.0,0.0,2.202616505597757,0.023878873357797835,0.0631957650403082,-4.025002506471599,-4.219727433070851,-73.8847438607301,2.082823508096436,1.0010028870131495,0.44973318825187153,-0.018193613019581525,0.42236197190881875,0.12505134740431414,0.16541675978115167,0.1649870263501534,-4.0,-4.0,4,FREE
0.5600000000000004,85.88999999998123,0.0,0.0,2.202014716933863,0.023867893870237477,0.0631921514618444,-4.2482939768151855,-3.721793079380974,-13.67267315308175,61.44551930584815,1.0003508252631284,-0.4149826449177989,-0.14693726863756157,0.19092719097627603,-0.10532323188504746,-2.2973065837502435,-2.304601635529857,-3.8038663045570784,-3.8390489898397586,4,FREE
0.5700000000000004,85.8999999999812,0.0,0.0,2.1991985355020733,0.02381815088523984,0.06330085315449896,-3.868030757196648,-2.6561787705658992,45.74669050795882,120.0057334975497,0.9982323227472316,-0.4644919314465664,-0.3406636918685617,-0.043360502326941684,-0.33287865705533254,-4.385171146087889,-4.3974579291472375,-1.138126416901622,-1.1422252789481007,4,FREE
0.5800000000000004,85.90999999998118,0.0,0.0,2.195347696007093,0.023750559789612505,0.06347996918762543,-2.9026349597242094,-1.326464412529269,103.51711340595021,136.2270469716591,0.9963315247111475,-0.3942948161434662,-0.28015786722853075,-0.2693980407082635,-0.39723453966890176,-5.042734324665469,-5.052391225800481,-1.138126416901622,-1.1422252789481007,4,FREE
0.5900000000000004,85.91999999998116,0.0,0.0,2.19132844279144,0.023680270212019534,0.06368218949101112,-1.6055046279370722,0.04620214323697625,131.6367467490693,132.44152944821207,0.99529908943214,0.024662460409201552,-0.17556716852549367,-0.37929610820766235,-0.3832362209545677,-4.4240601881869255,-4.428792954086543,2.029163126199911,2.049886439922275,4,FREE
0.6000000000000004,85.92999999998113,0.0,0.0,2.188564389279605,0.023631975282541698,0.06383367284135223,-0.2049539274892573,1.0965958812234773,140.58205162990566,98.19866698677735,0.9956084333984346,0.3332784737517805,-0.019379618547547987,-0.41539776945663864,-0.24989519894631942,-2.967671924452324,-2.9670462753985807,2.029163126199911,2.049886439922275,4,FREE
0.6100000000000004,85.93999999998111,0.0,0.0,2.18786481710805,0.023619845816099903,0.0638970035917725,0.9138363004841632,1.6177069911629343,107.68853809035122,39.014385550218414,0.9961055381859073,0.26611716497463855,0.010881564494467241,-0.2869573346782781,-0.019017765979881324,-0.17141079606299858,-0.17113286371793746,4.0,4.0,4,FREE
0.6200000000000004,85.94999999998109,0.0,0.0,2.189710733493527,0.023652213631392967,0.06384297768353951,1.5658877493261827,1.4864873024767,56.890100720191825,-26.03570903831489,0.9963896601648163,0.9852921883043342,0.05623180909620567,-0.08979253354241505,0.23517793247002883,2.5506181797738923,2.5543847685503867,3.828987302502066,3.861628447145621,4,FREE
0.6300000000000004,85.95999999998106,0.0,0.0,2.194032074742382,0.02372792282805123,0.0636717812627836,1.5638011101015854,0.7210747989879115,-8.152111871964824,-89.17127097468013,0.9980022354823701,0.12836904872730012,0.25930288447236544,0.16615250318399943,0.48173196403627144,5.19980211588312,5.211151943656452,3.828987302502066,3.861628447145621,4,FREE
0.6400000000000005,85.96999999998104,0.0,0.0,2.200203486957617,0.023836015709027682,0.06340933609840847,0.924702089073637,-0.5180695574101721,-71.96137306678348,-128.6369082397052,1.0003525612811583,-0.3934755536577745,0.3278946398740428,0.4126040698183216,0.6357095299026811,6.480419350359484,6.492248101458305,1.3612112439958703,1.3718657496953564,4,FREE
0.6500000000000005,85.97999999998102,0.0,0.0,2.207211097692872,0.023958728469871998,0.06309773051022932,-0.2513624301213823,-1.9713342021481488,-121.90942595806108,-152.28660725253636,1.0023943128142223,0.36117092488482394,0.31828676600629985,0.6088380915482499,0.7265533075422531,6.972068765981926,6.982403763336595,-2.096743258250334,-2.1053053388332694,4,FREE
0.6600000000000005,85.989999999981,0.0,0.0,2.2135038373233598,0.024069000667982277,0.0628027825533156,-1.6794691997450386,-3.2406392918577898,-146.02342633609672,-120.60340242252742,1.0036610823906287,0.4565626720064829,0.20177077654075282,0.7017671455028014,0.6023872821637015,5.60529003494149,5.611470794153102,-2.096743258250334,-2.1053053388332694,4,FREE
0.6700000000000005,85.99999999998097,0.0,0.0,2.2182904749541508,0.024152830498863336,0.06256287701958985,-3.012012690575943,-4.12411566372702,-128.59321003840648,-77.29544581169817,1.0044081373298532,0.534745049384062,0.13527794801616008,0.6371118048713906,0.43304903779754716,3.5037307383433722,3.5082722262710933,-4.0,-4.0,4,FREE
0.6800000000000005,86.00999999998095,0.0,0.0,2.2207396389585585,0.02419546368623767,0.06241790443486649,-3.9939991258254257,-4.408325379598045,-93.69556899783896,-16.216275309646893,1.0053885681685604,0.7634158139180652,0.11597850684814114,0.4973495776378033,0.19576595102548183,0.9285180800612891,0.9325875585467677,-4.0,-4.0,4,FREE
0.6900000000000005,86.01999999998093,0.0,0.0,2.220808600463866,0.02419614223302013,0.0623802142525082,-4.400271413019508,-4.08297818448707,-32.75553180009279,44.72123918875489,1.0066747193523353,0.5099354312925557,0.10000043902678961,0.26199752191620307,-0.040704557898709484,-1.630364439653535,-1.6267231194926808,-4.0,-4.0,4,FREE
0.7000000000000005,86.0299999999809,0.0,0.0,2.2186270227782505,0.02415708570939767,0.06245579423352814,-4.196822692240641,-3.181298379481964,27.118986171979287,100.10950836988884,1.008117499684115,0.3128294222206319,0.06101323429858553,0.025029394375088002,-0.2560427086318476,-3.700843898936877,-3.6996180493481376,-2.1739752946811324,-2.194467624263104,4,FREE
0.7100000000000005,86.03999999998088,0.0,0.0,2.2150336822402923,0.024093151448623975,0.06261481035486156,-3.3945228547838657,-1.9189055743877736,89.09486852577349,132.79338258113964,1.0087297298843891,-0.3394337406479611,-0.05971502729086642,-0.21225095009268044,-0.3840542609187412,-5.0571534460130305,-5.060218981264074,-2.1739752946811324,-2.194467624263104,4,FREE
0.7200000000000005,86.04999999998086,0.0,0.0,2.21094279711601,0.024020575857336017,0.0628155914636843,-2.19769604069144,-0.5297905630924138,123.87653053492258,135.35352363001357,1.008974793584485,0.5064955927791375,-0.07488396326747768,-0.34824284409690565,-0.39516304146857234,-4.702891221444132,-4.70532548166153,0.9966724113923862,0.9991642601919433,4,FREE
0.7300000000000005,86.05999999998083,0.0,0.0,2.2076043294896697,0.023961467223611362,0.06299283654212479,-0.7934091317764337,0.6658657416513808,139.78083689626035,117.75667660105108,1.0094838911994488,-0.015333311659808635,-0.041424460773197426,-0.412329999015187,-0.3268117133802571,-3.5808047238444103,-3.5808628063583656,3.631593260031577,3.656252267697527,4,FREE
0.7400000000000005,86.06999999998081,0.0,0.0,2.2062021098469766,0.02393690520586081,0.06309020043142305,0.4542818627292506,1.364358706362515,123.1240333769986,57.864990055972804,1.01095031859142,-0.8380440692483798,0.1246587113715485,-0.3451406294993701,-0.09368960737997746,-1.0300715683356814,-1.0240642712066959,3.631593260031577,3.656252267697527,4,FREE
0.7500000000000006,86.07999999998079,0.0,0.0,2.2071899950839504,0.02395477326607472,0.06307420686457889,1.2725968736434745,1.450178032382218,74.55701851437416,-4.301353549077194,1.0130320572218834,-0.28490380972535606,0.20335152661510378,-0.1586493127678027,0.14913198759149549,1.6465360268391886,1.653509869645776,4.0,4.0,4,FREE
0.7600000000000006,86.08999999998076,0.0,0.0,2.210728117909778,0.024017910737896213,0.06294037085581812,1.485012325624945,0.8822517248360146,13.18960159584096,-69.92027073428824,1.0144330104625225,-0.2920579488538253,0.1795154516234224,0.07925979570767279,0.405296149627754,4.411344279446689,4.417046139238088,4.0,4.0,4,FREE
0.7700000000000006,86.09999999998074,0.0,0.0,2.2161961711500626,0.02411518146003346,0.06270585297887933,1.0483706918092162,-0.17963593284565663,-51.49985407061704,-113.89127036401925,1.0160298768436906,0.7750999707614331,0.2642653438116383,0.3340742329649511,0.5770648946244776,5.987626349296736,5.9977217986639575,2.284026613629778,2.310413988791387,4,FREE
0.7800000000000006,86.10999999998072,0.0,0.0,2.222922986323861,0.02423484082110807,0.06240669440867836,0.06355379281443156,-1.5642510541759451,-102.70701651986549,-141.99488223544262,1.0181307688854941,-0.039226640427259596,0.3214417586615502,0.5350509986614225,0.685731402037912,6.68983419529155,6.7005877671245955,-0.968342074641881,-0.9697901848104783,4,FREE
0.7900000000000006,86.11999999998069,0.0,0.0,2.229363382907521,0.024349550202730896,0.06211058911673775,-1.2857616657332032,-2.8748290019678207,-141.83852377397434,-128.33563718202717,1.0196942847976431,0.2959603422020521,0.24381714411481978,0.6851882717265368,0.6314997017018839,6.087867920762787,6.0958612567735715,-0.968342074641881,-0.9697901848104783,4,FREE
0.8000000000000006,86.12999999998067,0.0,0.0,2.2345677528451287,0.024442250471476495,0.061858892839361836,-2.623533486032984,-3.868619178902605,-132.03429047012023,-87.57707287796846,1.0201612773072724,0.4052942447196841,0.07780767947000392,0.6462714510024693,0.4720853239874426,3.9537999300935596,3.954016340220398,-3.8281089569481597,-3.859413742266629,4,FREE
0.8100000000000006,86.13999999998065,0.0,0.0,2.237475226605536,0.024493858479834155,0.06169561578841867,-3.717027847296162,-4.273081067663251,-103.80732770741261,-28.80315959111078,1.0190265318351124,-0.2873047488757978,-0.1299170438665321,0.534679366870558,0.243605216778127,1.4573494105830922,1.4519885984754086,-4.0,-4.0,4,FREE
0.8200000000000006,86.14999999998062,0.0,0.0,2.238023283261144,0.024503255632221044,0.06163589570986106,-4.239890919977596,-4.072997949428269,-45.98299740621243,32.20709677899161,1.0180142788605084,-0.8176604767734166,-0.1130422141503503,0.30691230276435016,0.006896190759401356,-1.1072257855278909,-1.111139918651574,-4.0,-4.0,4,FREE
0.8300000000000006,86.1599999999806,0.0,0.0,2.236347178154455,0.02447291615429858,0.061685893377512235,-4.1618271208540865,-3.3032637012096124,14.984797538462155,86.45370748696682,1.0173535905103608,0.20094962927074983,-0.1412495127392058,0.07282048164742161,-0.20391864947609695,-3.228238048053291,-3.23397095857578,-2.9015848572259086,-2.9237430212457385,4,FREE
0.8400000000000006,86.16999999998058,0.0,0.0,2.232918524580948,0.02441140990226211,0.0618307467766057,-3.493801166111656,-2.084694732680839,73.62364012925133,130.7334535137462,1.0162279396953555,0.2941617729339604,-0.22305200244162096,-0.1550235968919506,-0.3765340667953185,-5.078248755802201,-5.086821059045501,-2.9015848572259086,-2.9237430212457385,4,FREE
0.8500000000000006,86.17999999998055,0.0,0.0,2.228911180086185,0.024339781676215623,0.06202478024977118,-2.3640247938622214,-0.7188197495015618,118.54365642422708,135.56471250428703,1.015063280195335,-0.02453379622422044,-0.21824452005419875,-0.3288204864181248,-0.3965422666489448,-4.827704515665301,-4.835315085170781,0.20751028256126805,0.20072639142283097,4,FREE
0.8600000000000007,86.18999999998053,0.0,0.0,2.2253126890944186,0.024275645328610342,0.062212395508179856,-0.9879530595413946,0.5420906096314198,137.5112218425309,121.41986866329093,1.0142057270190104,-0.016184092376408006,-0.16658073551713443,-0.4014322376518846,-0.3417972707807771,-3.8129678460692262,-3.817213099714393,3.090998229203314,3.113536042784826,4,FREE
0.8700000000000007,86.1999999999805,0.0,0.0,2.2234939843814288,0.02424334642947026,0.06232290884720403,0.31976207684233493,1.3461024210305619,131.813571865292,70.1479707937538,1.0145367354316521,-0.22009412911555137,0.003763342124478845,-0.3829149949180046,-0.14205795041677066,-1.6373941635302676,-1.635412539882711,3.090998229203314,3.113536042784826,4,FREE
0.8800000000000007,86.20999999998048,0.0,0.0,2.2238968005266972,0.024250614773878423,0.062329722883234615,1.2262927559270054,1.580988636403331,84.58577814618616,10.398391304046841,1.0153588303015155,0.0007500824576358408,0.06350779417269654,-0.19745247769638474,0.09136136496880982,1.0218721959326489,1.0241674173716167,4.0,4.0,4,FREE
0.8900000000000007,86.21999999998046,0.0,0.0,2.226831683673495,0.024302955579924897,0.06222257794746201,1.5863944599002242,1.1670506045150364,29.215057485048952,-55.15038858172063,1.0157110518858823,-0.16934930503983392,0.05890873295283979,0.020785394984778573,0.34739887786038315,3.6432930818330886,3.646710627094116,2.9726777808499545,3.0012445167951896,4,FREE
0.9000000000000007,86.22999999998044,0.0,0.0,2.2318519244192174,0.02439225990346138,0.0620083185454104,1.2971718949566358,0.21946970851818404,-37.20809702808314,-104.65451798238223,1.0169673140127276,0.34372648270916417,0.23345703098304033,0.2761204400295081,0.540937629703494,5.697080690281761,5.7072319358195145,2.9726777808499545,3.0012445167951896,4,FREE
0.9100000000000007,86.23999999998041,0.0,0.0,2.238355363442498,0.024508035732756336,0.06172352975208032,0.4485839086538306,-1.1080552455330202,-91.04551193049663,-134.97097916896092,1.018974343262068,0.5924925948631653,0.2979587150479562,0.4874434742923376,0.6587648433811217,6.529946352851651,6.540265650396526,-0.011127961398087503,-0.011573321949577577,4,FREE
0.9200000000000007,86.24999999998039,0.0,0.0,2.2449963274791926,0.024626356651743217,0.06142642120429248,-0.83752228199598,-2.470255454127319,-132.87718203550378,-136.54476220958193,1.0203568653951645,0.1695080941641141,0.23173398647713384,0.6529423504285989,0.6637833660014631,6.574079475488072,6.581816122176594,-0.011127961398087503,-0.011573321949577577,4,FREE
0.9300000000000007,86.25999999998037,0.0,0.0,2.25053469127009,0.024725025050716557,0.06116362003209018,-2.19645256836502,-3.549281716719911,-136.29938966151667,-98.24387775123861,1.0204990154730946,0.6430069818157415,0.0593426076689665,0.6631874566854555,0.5139780671848844,4.507021344744729,4.507429931359846,-3.1401591132906534,-3.1669782122938313,4,FREE
0.9400000000000007,86.26999999998034,0.0,0.0,2.254138121595317,0.024789055653527948,0.06097316540992147,-3.372040169764723,-4.132033776982643,-111.6125421003936,-47.6399726716501,1.0195218993077788,-0.2624429692544856,-0.06953916426052476,0.5664345682147409,0.31687061425145874,2.2547187649921376,2.2521659467668282,-4.0,-4.0,4,FREE
0.9500000000000007,86.27999999998032,0.0,0.0,2.2554211661855947,0.02481153660146333,0.060882581507471736,-4.0611958750174315,-4.119917088870089,-64.18471803828925,13.418245236987378,1.0189188833984202,0.0039855953512617955,-0.058891430884147014,0.3795936123880077,0.07997226821947266,-0.3169770456651271,-0.31875516929471626,-4.0,-4.0,4,FREE
0.9600000000000007,86.2899999999803,0.0,0.0,2.25442693810708,0.02479333093987515,0.06089932119012716,-4.171168810003677,-3.524344512438736,-3.579536382276416,70.41468764600393,1.0182108152667806,-1.034468105609926,-0.14882523566374117,0.14642961975129254,-0.14131467554263685,-2.643760988920831,-2.6501950911685497,-3.550778532764449,-3.5819003750118266,4,FREE
0.9700000000000008,86.29999999998027,0.0,0.0,2.2513742962186014,0.024738488146238653,0.06102140854162242,-3.6869384011996393,-2.401101995226067,55.476169820124014,125.03420387937435,1.0165483774592459,0.2473799076562309,-0.2964268600540019,-0.08266365408339398,-0.35371047435823605,-4.55356474815532,-4.563460062973957,-0.8126025896217626,-0.8056897324654753,4,FREE
0.9800000000000008,86.30999999998025,0.0,0.0,2.2474795584191662,0.02466891212326412,0.061205642273048824,-2.6555188386739235,-1.063016132989068,109.53147978699147,136.01661640172685,1.0155245975052247,0.007931845296536807,-0.18587043419069668,-0.2944704183118865,-0.39765597143841724,-4.992490566590539,-4.998288824774043,-0.8126025896217626,-0.8056897324654753,4,FREE
0.9900000000000008,86.31999999998023,0.0,0.0,2.2436140425277893,0.024600055666163415,0.06140289236405369,-1.3395377672196835,0.2675285846633832,133.21025203247913,127.31103810534194,1.0154641439034073,-0.5575620792319969,-0.08831301834695743,-0.3849835292080406,-0.36434568947263524,-4.17381906064748,-4.176006345182505,2.3110986578046497,2.3236935400086964,4,FREE
1.0000000000000007,86.3299999999802,0.0,0.0,2.241178450893388,0.024556674808708746,0.06153944034621961,0.028405670018619118,1.2311261887464902,137.1796346579842,88.63092577891221,1.0160738585068532,0.5457967274272988,0.0033657096342193725,-0.401539126532169,-0.21357746981940431,-2.5302163537945557,-2.5293363859721922,2.3110986578046497,2.3236935400086964,4,FREE
1.0100000000000007,86.33999999998018,0.0,0.0,2.240877068465948,0.024551421999223458,0.06158317748393828,1.069282615031132,1.6477541902690496,99.33786118034268,28.569873223391582,1.0166050242536306,0.1899787813698611,0.021167129258536227,-0.2556268682802292,0.02085022922740024,0.26194251668673074,0.2624623582566099,4.0,4.0,4,FREE
1.0200000000000007,86.34999999998016,0.0,0.0,2.2431051586397106,0.024591284792454426,0.061510322867725606,1.6168169866680797,1.4163123952616357,46.336427746603505,-35.78211556426969,1.0168716760400065,-0.35531559927254314,0.06029145281095178,-0.049894114652235894,0.2723753022787772,2.9216153290513174,2.9252177093015215,3.614000471958325,3.64308635338706,4,FREE
1.0300000000000007,86.35999999998013,0.0,0.0,2.2476907410595706,0.024673202511434036,0.061324080017389315,1.511738224631307,0.5811237001602533,-18.794532791455595,-95.45552894078652,1.0182683453183556,-0.08954259742531388,0.23983752607843375,0.20585506076769733,0.5054598600341192,5.421258894401067,5.431600765503047,3.614000471958325,3.64308635338706,4,FREE
1.0400000000000007,86.36999999998011,0.0,0.0,2.253950861210563,0.024785029562562212,0.061055830715954565,0.7959319322749173,-0.6826723438447827,-78.68048290008392,-129.88639490060476,1.0204614455650673,0.502542650663504,0.3242114160867503,0.44089363773200546,0.6397652668178999,6.469026747521307,6.481011023366842,0.9816871953312506,0.9983568149672354,4,FREE
1.0500000000000007,86.37999999998009,0.0,0.0,2.2608152095239475,0.02490767613047395,0.06075024111088157,-0.4158908516232019,-2.100939317469035,-125.2721115578741,-147.488015709755,1.0226964489429764,-0.09933372666113971,0.34852661616327885,0.6197505064991986,0.7070847165320696,6.727748511925406,6.738490902258183,-2.3257612489498536,-2.348390252363841,4,FREE
1.0600000000000007,86.38999999998006,0.0,0.0,2.2667973777053603,0.025014600758017633,0.06046839067935794,-1.8201780508262568,-3.292216007626627,-142.2286878395952,-112.05109352219574,1.0236175180589036,0.49879341236718894,0.14695211358911472,0.688620347017749,0.5684695313295055,5.2077690347906005,5.211310411230672,-2.3257612489498536,-2.348390252363841,4,FREE
1.0700000000000007,86.39999999998004,0.0,0.0,2.271163162541249,0.02509252283952028,0.0602465135368993,-3.082192370866791,-4.069165126506219,-121.68955821824045,-66.49209701675832,1.023528116309004,0.21577189907227715,0.044337891056837955,0.6069890690561613,0.39063997518823246,3.047481714487926,3.0488607456812056,-4.0,-4.0,4,FREE
1.0800000000000007,86.40999999998002,0.0,0.0,2.2731853645084192,0.0251283278553325,0.06012148446210218,-3.9606601780031387,-4.2450997549160645,-82.80925650202362,-5.380116063301909,1.0237828728469727,0.09983074107432162,0.038116926378754475,0.45456495113059314,0.1533863027797678,0.47242375092954203,0.47388432901601674,-4.0,-4.0,4,FREE
1.0900000000000007,86.41999999997999,0.0,0.0,2.2728252966276217,0.02512135487549782,0.06010550101996954,-4.258747211164946,-3.810583486394723,-22.846209714743168,55.66237204678871,1.0244746293049174,-0.25876729631109113,0.03399512948631918,0.21908336272959628,-0.08342768457546922,-2.0908475922832626,-2.089396693665403,-4.0,-4.0,4,FREE
1.1000000000000008,86.42999999997997,0.0,0.0,2.270237420297181,0.025074352080778906,0.060203154187954556,-3.946372177798894,-2.8050819413460317,38.92027358103056,110.06358139196668,1.0254122769942462,-0.4552244058320062,0.0017992887478051642,-0.01760046786239011,-0.29496266456810666,-4.068076065227417,-4.068974791787629,-1.8060427606368181,-1.8304471474729218,4,FREE
1.1100000000000008,86.43999999997995,0.0,0.0,2.2664323150313197,0.025005570772077743,0.060376219706874644,-3.035952641364431,-1.4884688107052462,100.70563595774777,137.08095353542024,1.0254353168163122,0.6563498264768999,-0.12578828128652764,-0.25532194310168105,-0.4009673610708668,-5.182605080985595,-5.188066030299688,-1.8060427606368181,-1.8304471474729218,4,FREE
1.1200000000000008,86.44999999997992,0.0,0.0,2.2623779325642857,0.024932507320194707,0.060578121457012093,-1.7735604319156928,-0.10841962496439572,129.28494514032994,132.98754184559135,1.0253341318343905,-0.5593544634453445,-0.09404687560907442,-0.37142729637634514,-0.38597794092939747,-4.533902921453936,-4.5363569233919225,1.4529224571668127,1.4669038182261127,4,FREE
1.1300000000000008,86.4599999999799,0.0,0.0,2.259357210044145,0.024878192789797342,0.06074111070305354,-0.3643804449005887,1.0063530002513508,140.54792709838722,108.0604364050937,1.0261636039312731,-0.2359948372645328,0.006404277502660428,-0.4114875763755045,-0.2888119735739614,-3.132843035459161,-3.1301915399578633,3.869767959032616,3.911092479758985,4,FREE
1.1400000000000008,86.46999999997988,0.0,0.0,2.258457157292626,0.024862387951765267,0.0608160650523494,0.8157005175455633,1.5769971021713372,114.52012597559867,44.306157145719986,1.0288068473995235,-0.3156232770621162,0.27059606569275524,-0.31583994525199355,-0.04040294101234043,-0.41933108484458925,-0.4069396801062751,3.869767959032616,3.911092479758985,4,FREE
1.1500000000000008,86.47999999997985,0.0,0.0,2.26006318896756,0.024891873930482578,0.060772832067074144,1.5139077717742173,1.5054242186281617,61.986340987766006,-20.196348274329505,1.0326552240633269,0.10215912110807414,0.39131307264764154,-0.10962915602983145,0.21164542440188094,2.3183429956911334,2.332036083602237,4.0,4.0,4,FREE
1.1600000000000008,86.48999999997983,0.0,0.0,2.264225799465806,0.024967578084749795,0.060610654968598784,1.572044352764411,0.7786253253537547,-2.395898652976187,-85.80573270617644,1.0355958358852992,0.04467557853962721,0.3418329778914773,0.1407124856208832,0.46777889011656404,5.080260976690239,5.091553718330613,4.0,4.0,4,FREE
1.1700000000000008,86.4999999999798,0.0,0.0,2.2701719351750267,0.02507550867377728,0.060354482376423296,0.97651517016154,-0.4044458505204772,-68.35745346629123,-124.75310894943254,1.038067254128057,0.4295088880421245,0.3439679155701451,0.39647329692206623,0.6199059883343802,6.388291566294078,6.400399328201887,1.8983404559943267,1.9138565368811153,4,FREE
1.1800000000000008,86.50999999997978,0.0,0.0,2.277122150006207,0.02520172885763985,0.060043993749677886,-0.14204496628112512,-1.8448716111524504,-115.51707216500033,-146.1479491500312,1.0402274716775737,0.5251759633660216,0.3166206586150013,0.5852508719308063,0.7022496324083384,6.7894331162284995,6.79907873639755,-1.4889194882419465,-1.5060290839516957,4,FREE
1.1900000000000008,86.51999999997976,0.0,0.0,2.283468073908436,0.025317076724928077,0.05974796173962753,-1.561448220986639,-3.12966488397057,-148.17834170815428,-124.0767041972612,1.0410388890883238,0.8386943737335905,0.15223072196603873,0.7097020362979094,0.6152635745437789,5.835154431579561,5.839114018759485,-1.4889194882419465,-1.5060290839516957,4,FREE
1.2000000000000008,86.52999999997974,0.0,0.0,2.2883447611814844,0.025405629845979823,0.059506606436151986,-2.89024138717867,-4.03787762791966,-130.70415148527582,-78.54648777831054,1.0412223169768549,0.7299851639555756,0.08772238417206359,0.6390635528413111,0.4374290205440089,3.5504102578084646,3.553343486808983,-4.0,-4.0,4,FREE
1.2100000000000009,86.53999999997971,0.0,0.0,2.2908350219863216,0.025450587727067216,0.059360629998944925,-3.9052944230647655,-4.333958292871953,-95.51110377917,-17.388608071016442,1.041764274174724,0.366371867791293,0.07541769888987224,0.5022384239866009,0.19985068224063637,0.973597950841632,0.97634190645755,-4.0,-4.0,4,FREE
1.2200000000000009,86.54999999997969,0.0,0.0,2.29094329393357,0.025452048424278232,0.05932103128285024,-4.323586295395831,-4.019848165755167,-34.76390231002759,43.60884905054642,1.0426949180958291,0.3907336354807929,0.0657673780863881,0.26552023131481517,-0.036830617776295524,-1.58684486988711,-1.5843162437946492,-4.0,-4.0,4,FREE
1.2300000000000009,86.55999999997967,0.0,0.0,2.288870388997267,0.02541364419421894,0.059391262323276926,-4.13148826328444,-3.147207396687569,26.354019491960162,95.99351238172743,1.0436995254868486,-0.07188263562824249,0.008796830946616405,0.029294680266681437,-0.24056906806682996,-3.5864005155446668,-3.5869804474705416,-2.6034775205417264,-2.624119700132417,4,FREE
1.2400000000000009,86.56999999997964,0.0,0.0,2.2852202557660974,0.02534647865654776,0.05955000148427061,-3.354942874285149,-1.8708629308909397,84.5054402356549,135.5707037129372,1.04392786429607,0.26534244248479777,-0.10044707173790239,-0.19594976241165507,-0.3950798368357241,-5.236855667519214,-5.241281932575956,-2.6034775205417264,-2.624119700132417,4,FREE
1.2500000000000009,86.57999999997962,0.0,0.0,2.2812067242495906,0.025272839525695683,0.05974734395234478,-2.157985027348035,-0.5024777667808349,124.94547533332296,134.59986406746987,1.0442812337268552,0.9833223540833843,-0.06016578606208121,-0.3518383946934979,-0.39252444277581616,-4.730751360289272,-4.732374246590225,0.5822550259763049,0.5898285908993399,4,FREE
1.260000000000001,86.5899999999796,0.0,0.0,2.2778309600349766,0.02521104068573169,0.05992641897434057,-0.7672436920569922,0.7022035779682303,138.09944705498688,114.72562304811781,1.0452987393580198,0.07190708545451481,0.02858686478298332,-0.40384836590375583,-0.31538651189664596,-3.489507412859387,-3.4866412080321996,3.354673226485776,3.384730435263555,4,FREE
1.270000000000001,86.59999999997957,0.0,0.0,2.2764094180401813,0.025185239146555453,0.06002169183677828,0.4949611887667557,1.405190303049753,126.44597297879736,59.19127194991401,1.047677144907947,0.35305575196550343,0.2181448796716021,-0.3616179848824336,-0.09899538255855976,-1.1327964047595422,-1.1230747695644636,3.354673226485776,3.384730435263555,4,FREE
1.280000000000001,86.60999999997955,0.0,0.0,2.2773101721895337,0.0252020954545199,0.060007235149082086,1.3090100219068048,1.5131361013325964,74.63150662196949,-2.305002664280535,1.0504914935774572,-0.08595968409381718,0.2657960609864423,-0.1594891752910304,0.1412537525204612,1.558606768553215,1.5676490135141354,4.0,4.0,4,FREE
1.290000000000001,86.61999999997953,0.0,0.0,2.2807366026916234,0.025265428810308282,0.05987714114227075,1.5439639616045753,0.9738212562355769,16.110673121837486,-67.89236937151736,1.0525050804948852,0.2503840194417727,0.23273340482714014,0.07030328065336837,0.3973553893035384,4.136613281326467,4.145274736449711,2.666797656236629,2.6940303938684207,4,FREE
1.300000000000001,86.6299999999795,0.0,0.0,2.28610423800203,0.02536437965944092,0.059645235713683596,1.127479712058924,-0.06218693265598207,-49.543327598747275,-112.52156579049056,1.0548080973927205,0.5630046795404153,0.3333041019396752,0.3264403474066736,0.5717916876008521,5.981260718888101,5.993719178208678,2.666797656236629,2.6940303938684207,4,FREE
1.310000000000001,86.63999999997948,0.0,0.0,2.2927421763664806,0.025486857666284574,0.05935082126639232,0.18071320156827783,-1.4236612460867315,-99.6996293180332,-137.00588612236595,1.0572071717646498,0.3419053909830376,0.3325390339105982,0.5235508762025964,0.6666742725356072,6.547080696477281,6.557835509226948,-0.4646616580652929,-0.47123214116638357,4,FREE
1.320000000000001,86.64999999997946,0.0,0.0,2.2992379162015593,0.025606899491682898,0.05905600425973413,-1.1519670376999103,-2.7481476011938115,-137.55593643804204,-131.32377134516761,1.0585758471044853,0.4624843030634038,0.22340666979794904,0.6681523585291106,0.6433588378473991,6.287307405200668,6.2942710569580695,-0.4646616580652929,-0.47123214116638357,4,FREE
1.330000000000001,86.65999999997943,0.0,0.0,2.304403969574012,0.02570241717487515,0.05880594735829042,-2.4876802259852457,-3.7312759927063293,-133.558663189695,-87.67727807550321,1.0586552086846797,0.5860893464820057,0.049199855409081256,0.6500100182004358,0.47290077036053607,4.01687471629858,4.0167010219229775,-3.4534187240159087,-3.4794348681626897,4,FREE
1.340000000000001,86.66999999997941,0.0,0.0,2.307467361354524,0.025758908483664623,0.058636237859286976,-3.5771258793442504,-4.175086521936677,-102.5995422086639,-33.16072152161817,1.0577129525109006,-0.18972617556906307,-0.07485774622951571,0.5304034814237935,0.2608341315133539,1.6458170833325363,1.6430023117971726,-4.0,-4.0,4,FREE
1.350000000000001,86.67999999997939,0.0,0.0,2.3081879812960002,0.025771867005364293,0.058570529833751085,-4.133189176950954,-4.018359491614508,-49.84254141413206,27.878001922308687,1.0571791057479287,-0.06110551540167888,-0.06367379426290103,0.3240733774847832,0.024067722473830586,-0.9227923751346278,-0.92477418122717,-4.0,-4.0,4,FREE
1.360000000000001,86.68999999997936,0.0,0.0,2.306704603763325,0.02574396584421322,0.05861258408608535,-4.098542759636119,-3.2970124195519053,11.520368876857809,82.04304943902207,1.0568133772870751,0.2118454750013318,-0.11326008005305292,0.08967255566836099,-0.1863678638876237,-3.0884399545181855,-3.0930841447639024,-3.254012371580636,-3.273479928594859,4,FREE
1.370000000000001,86.69999999997934,0.0,0.0,2.303351749742042,0.025681534086449527,0.058753404165927246,-3.480972095587995,-2.0964847175046515,67.66800311950817,131.95235408858153,1.056090213482422,0.0014856314443724627,-0.18707358892102705,-0.13210728704513286,-0.3806288252424505,-4.772100346259986,-4.778686560192079,-0.3049000936528613,-0.31050034764266476,4,FREE
1.380000000000001,86.70999999997932,0.0,0.0,2.299436227360217,0.025608859456494035,0.05894319176128188,-2.3615659789579606,-0.7527801937018079,118.55986180162945,134.98719164480923,1.0554515362490318,0.020026656658930355,-0.16948263329810836,-0.32620168500103763,-0.3936805070700084,-4.873612452854421,-4.879525028211223,-0.3049000936528613,-0.31050034764266476,4,FREE
1.390000000000001,86.7199999999793,0.0,0.0,2.295840022830582,0.02554225045568364,0.05913015249643816,-1.024052709036258,0.509059848604811,134.326834113637,119.2080312344399,1.0553215256966004,-0.2337486409132263,-0.08260767020560789,-0.39063409355592915,-0.33266923091317735,-3.777968450632881,-3.779340292054114,2.661301764604777,2.687559291956808,4,FREE
1.400000000000001,86.72999999997927,0.0,0.0,2.293900420275711,0.02550631220925917,0.05924313585364492,0.2884266392992264,1.345883187244646,130.43471897449515,74.80870575673367,1.0565082238375727,-0.40054260446867723,0.08222474075783884,-0.3766535534913178,-0.159487871427436,-1.8962299674920362,-1.8919625054699438,2.661301764604777,2.687559291956808,4,FREE
1.410000000000001,86.73999999997925,0.0,0.0,2.2941848654126553,0.025511658301846662,0.059257854194844195,1.2139799843412027,1.6128161844375153,87.6237556571905,13.601160353774407,1.0577695635283748,-0.010145456634507626,0.10242962618273042,-0.20722010342369027,0.0795152327025295,0.8915487268454702,0.8948130093448744,4.0,4.0,4,FREE
1.420000000000001,86.74999999997922,0.0,0.0,2.296976078301478,0.025563516387226426,0.05915764363734758,1.6118169554247872,1.2375500669234745,31.898993229555828,-49.772928824630256,1.0586469533230007,-0.21626608573899767,0.1324638544983049,0.007656260914473424,0.3272203951984532,3.4622521667948267,3.4683657275539463,3.301004161320292,3.3318831904644917,4,FREE
1.430000000000001,86.7599999999792,0.0,0.0,2.30195538218567,0.02565597433741646,0.05894945059250953,1.3589807788390955,0.3020969737525693,-34.17519989412291,-104.48903608561479,1.0606632518979102,0.14802496314673466,0.31287223961398314,0.2642944847012818,0.5409239722581345,5.746752474082429,5.7596979891630395,3.301004161320292,3.3318831904644917,4,FREE
1.440000000000001,86.76999999997918,0.0,0.0,2.3083740035289773,0.02577528336271654,0.05867144924481667,0.5329850970147334,-1.0017154692440862,-89.16335429081636,-132.36586865735538,1.0631674590785927,0.26375427075373387,0.34529381960667727,0.48130384391331993,0.6494866268562807,6.499912149033235,6.511923032605471,0.5141105116012527,0.5188375996945739,4,FREE
1.450000000000001,86.77999999997915,0.0,0.0,2.3151034849918255,0.02590047490668765,0.05837121852631154,-0.7330084301697789,-2.384836149276442,-130.2447314235588,-142.4046977097279,1.0650391720320926,0.11125845722602036,0.2973267552382405,0.6375144496903618,0.6872408613053299,6.456389335058318,6.465247277201792,-2.7102294652237013,-2.733044932630956,4,FREE
1.460000000000001,86.78999999997913,0.0,0.0,2.320700285980998,0.026004617014315987,0.058104957763392126,-2.1166737406534217,-3.4767588510068292,-139.61422182448177,-100.90488772871066,1.0655699546234816,0.6049419985967246,0.10569683331112704,0.6767870491570016,0.5251702924553081,4.684095440684938,4.686228328307853,-2.7102294652237013,-2.733044932630956,4,FREE
1.470000000000001,86.79999999997911,0.0,0.0,2.3245021252355147,0.026075217037572394,0.05790654009801106,-3.291448016907176,-4.10847949239256,-112.09926741982255,-51.73637787719379,1.0652246609697076,0.359739152670289,0.010695607612755802,0.5694821436396688,0.33357545340252753,2.428692754809236,2.4289566098784148,-4.0,-4.0,4,FREE
1.480000000000001,86.80999999997908,0.0,0.0,2.325951987657342,0.02610181885815666,0.05780788988172245,-4.029465563751386,-4.137083374835905,-68.53377746698713,9.350652378050416,1.0652986619111113,0.43937140462939084,0.009602179594350304,0.39737587612894526,0.09653550620262435,-0.1433194380530991,-0.14278476374981142,-4.0,-4.0,4,FREE
1.490000000000001,86.81999999997906,0.0,0.0,2.3250504252353865,0.02608448925343585,0.057818993698353395,-4.180202953693925,-3.5630342216801223,-7.983643332842552,69.3565555094636,1.064683770137494,0.14196386527322102,-0.14702640538922618,0.16268351152931818,-0.1363018757250135,-2.645739627937487,-2.652874776213603,-3.8967193726828504,-3.928200056770645,4,FREE
1.500000000000001,86.82999999997904,0.0,0.0,2.322001315034106,0.026027143947543005,0.05794178515946609,-3.725706581813419,-2.438330730858317,52.558224426256885,121.21770694013681,1.0629027298200273,-0.33150054756891634,-0.292613257854285,-0.07177977219415355,-0.3380976688486739,-4.458356640799078,-4.46946532817306,-1.3152311533248162,-1.3335314947023482,4,FREE
1.5100000000000011,86.83999999997901,0.0,0.0,2.3180072159548084,0.025952455231944165,0.058129071393113435,-2.6884104287889614,-1.0722512001853097,112.76872674639985,140.47406128705367,1.0608728479839629,-0.23305330190650195,-0.31916070185469847,-0.3047158434582995,-0.4139868909690087,-5.2461804774613565,-5.257863148479111,-1.3152311533248162,-1.3335314947023482,4,FREE
1.5200000000000011,86.84999999997899,0.0,0.0,2.3140629985443475,0.025878972560942983,0.058329353652711705,-1.36101643854168,0.2807948103070428,135.37634169468546,128.79769078791531,1.0594678242563438,-0.557866749644905,-0.21145358015388124,-0.39263363580362476,-0.3692775957882508,-4.282147378481819,-4.288147107042521,1.9193188082452135,1.938671812481902,4,FREE
1.5300000000000011,86.85999999997897,0.0,0.0,2.3114354065853377,0.02583010129217923,0.05847445916720844,0.0361969053909369,1.2962360608479093,138.00505264838102,96.39968199301077,1.059404375700335,-0.3715480146871533,-0.054082437825814886,-0.4033403238530411,-0.24277994142777065,-2.615852637243264,-2.617423356693841,4.0,4.0,4,FREE
1.5400000000000011,86.86999999997894,0.0,0.0,2.3110500944876113,0.025823074523383015,0.05852441190460289,1.1295804107777667,1.736766390507684,105.74873900462228,30.956839524208988,1.0593323941637025,0.7638698955605104,-0.040361127390239025,-0.27809348579025894,0.012466662703717418,0.17214864846848188,0.1706349748875684,4.0,4.0,4,FREE
1.5500000000000012,86.87999999997892,0.0,0.0,2.3132162261807574,0.025863486750034973,0.058454683088174426,1.7010538924587844,1.52371447268566,49.151229304562456,-34.30987923420416,1.0593545872460168,-0.061515459042522334,0.05630136760304822,-0.05845367961043495,0.2676078858045663,2.916840217428353,2.920865384569351,3.944248227552466,3.9774585946353196,4,FREE
1.5600000000000012,86.8899999999789,0.0,0.0,2.3179180061986173,0.025951127676631255,0.058267773609203516,1.6183027166657362,0.6609172373537687,-16.14769875545733,-99.27796643215753,1.0608933443578614,0.5083889964047174,0.26445870149499456,0.1968476846147463,0.5212229131640426,5.644780861736149,5.656418156080942,3.944248227552466,3.9774585946353196,4,FREE
1.5700000000000012,86.89999999997887,0.0,0.0,2.3242481983370027,0.026068935860627477,0.05799487926451097,0.8854991645327516,-0.6182641954322591,-81.38726952106605,-133.11887640021453,1.0630502390079748,-0.1548158777943055,0.32498221629199364,0.4508775539784906,0.6533689129449224,6.6872045699090314,6.699174798994187,1.5108922847866035,1.5267753229983405,4,FREE
1.5800000000000012,86.90999999997885,0.0,0.0,2.331335557850897,0.026200819621909927,0.057677776923290625,-0.3416205876641773,-2.091422807270135,-125.43600551901501,-148.09850544641395,1.0650800909238956,0.5053198722320452,0.313634001408753,0.6252378448345091,0.7105705506843726,6.808802988471743,6.818879605145775,-1.9446203049785307,-1.954631688031921,4,FREE
1.5900000000000012,86.91999999997883,0.0,0.0,2.337543006904642,0.02631639392747856,0.057384783670669334,-1.8069804928481947,-3.338205359425158,-152.01630626417875,-118.8400243605296,1.0662003318463489,0.11478804429771429,0.1900380532696216,0.7260535076591902,0.5956459340970174,5.55232343363476,5.5580202529847815,-1.9446203049785307,-1.954631688031921,4,FREE
1.6000000000000012,86.9299999999788,0.0,0.0,2.342114465899191,0.02640140257658545,0.057153330448058134,-3.1121205022053036,-4.165719524955453,-127.09614651484765,-70.49253520233542,1.0669192679130788,-0.22792086652168075,0.1348854019712221,0.627824341551417,0.4069488510754565,3.2157459428824327,3.2203098247573925,-4.0,-4.0,4,FREE
1.6100000000000012,86.93999999997878,0.0,0.0,2.3443014752240745,0.026441776464728936,0.05701950103151479,-4.049209134848107,-4.381910324184011,-86.93697307942404,-9.414825962862546,1.0679394493279968,-0.5409841186463492,0.11576757276211493,0.4725063302545467,0.16971818220111903,0.6441442301583733,0.6482374637671157,-4.0,-4.0,4,FREE
1.6200000000000012,86.94999999997876,0.0,0.0,2.3441078088357115,0.026437576085505864,0.05699423495912233,-4.387462098385816,-3.988383166768696,-26.321415601428853,51.54536476694384,1.0692963445384813,0.03049922925928712,0.09991896401101248,0.23537471580545608,-0.0668327886417062,-1.9150150417470306,-1.9113484371490204,-4.0,-4.0,4,FREE
1.6300000000000012,86.95999999997873,0.0,0.0,2.3417732517284255,0.026393235239202194,0.0570789085936044,-4.115895576450913,-3.046755863973803,34.65597604221729,102.19761656295043,1.0706281007625738,-0.4966002982472023,0.02983495061965137,-0.0012792704180295284,-0.263973956144145,-3.8033471246218022,-3.8033917822095513,-2.3276069627769367,-2.3511100344078217,4,FREE
1.6400000000000012,86.96999999997871,0.0,0.0,2.338023462688139,0.026322425632435812,0.05724591430418701,-3.2651599802972235,-1.7431903171049516,91.69777441615051,137.42181665425778,1.0709506003472433,-0.10964340035379845,-0.09976103482778582,-0.22339998242375575,-0.4017081407326519,-5.269655012375216,-5.274236335108306,-2.3276069627769367,-2.3511100344078217,4,FREE
1.6500000000000012,86.97999999997869,0.0,0.0,2.334083883999058,0.026248238733484527,0.05744250924045315,-2.0322694935503427,-0.3922194319931228,127.3273469395504,131.95108845682262,1.0711439342215623,-0.09263991311568501,-0.08227842147532338,-0.3637804020679729,-0.38165457635248873,-4.572527050237627,-4.5751540326225495,0.8679481038154389,0.8710203216893946,4,FREE
1.6600000000000013,86.98999999997866,0.0,0.0,2.3309490149092866,0.02618935370834774,0.05761171926185067,-0.649869062186778,0.7521241872775137,136.99121254468153,107.95261290233353,1.0717535207573425,-0.406443959192828,-0.013799273816452228,-0.3978471892295052,-0.2884260964527518,-3.1753960485586425,-3.1743127765528842,3.5073222749873536,3.532933431534214,4,FREE
1.6700000000000013,86.99999999997864,0.0,0.0,2.3298721173156527,0.026169382304584505,0.05769279250956862,0.5593901445434591,1.3680543395510263,120.57315979043405,50.001002542487846,1.0734800267177866,0.15708113410118682,0.15456897111123002,-0.33846897810660576,-0.06262256459041284,-0.7161565844270485,-0.7090051642310675,3.5073222749873536,3.532933431534214,4,FREE
1.6800000000000013,87.00999999997862,0.0,0.0,2.331174604060497,0.026194227249388087,0.05766113562930393,1.291228446943703,1.3741242877905189,65.70059976481208,-12.503500417283016,1.0755410344153002,-0.11017079866661152,0.20074765758501287,-0.12535498122571775,0.1815011587728063,1.9935757519119794,2.0003328288917417,4.0,4.0,4,FREE
1.6900000000000013,87.0199999999786,0.0,0.0,2.334996634413155,0.026266552653741775,0.05751365450139509,1.4253696899559891,0.7342602409039354,6.130180805966603,-78.14560632352243,1.07688412539703,0.005946451956371683,0.1772181691545022,0.11082884197537166,0.4376520539137274,4.531149650546606,4.537853915797541,2.376544815405431,2.401655928322902,4,FREE
1.7000000000000013,87.02999999997857,0.0,0.0,2.3406228721188507,0.026372721019045666,0.05726988463989523,0.906579877698723,-0.36731800958877114,-60.02156641766545,-118.15362824724136,1.0785657584424482,0.8521093862107658,0.27871992377665933,0.36675097867450884,0.5939123807849612,6.177333192423391,6.187874649962862,2.376544815405431,2.401655928322902,4,FREE
1.7100000000000013,87.03999999997855,0.0,0.0,2.3473290784538086,0.026499313597890574,0.05697088903640813,-0.115004219270307,-1.7457902438457968,-106.9624934689239,-137.62568004668182,1.0804493350550801,0.8625430836156314,0.2893476410943039,0.5507167700577952,0.6690126581067651,6.521972110277336,6.531435806980577,-0.8196566917253689,-0.8238402386359305,4,FREE
1.7200000000000013,87.04999999997852,0.0,0.0,2.353676172646397,0.0266192613489423,0.05667910856646848,-1.475090721476954,-3.0318653810311265,-139.52904574822148,-126.36881922308363,1.0815812599416552,-0.31909723021985364,0.20335312140295844,0.677409742364692,0.6238782093054853,6.027089830807439,6.033558364702161,-0.8196566917253689,-0.8238402386359305,4,FREE
1.7300000000000013,87.0599999999785,0.0,0.0,2.3585178770467525,0.026710722047579957,0.056440852100275475,-2.7835316831119856,-3.9316879690108806,-129.4269222755636,-78.59186895635602,1.081188041524441,0.7492893664444046,-0.014682326978870739,0.6359961605888451,0.4374681896290418,3.5974625285733413,3.594094037419319,-3.6960175169266374,-3.731782188425306,4,FREE
1.7400000000000013,87.06999999997848,0.0,0.0,2.3611256437671675,0.02675981744101869,0.05628953084125668,-3.7972322577404736,-4.2586331859435695,-94.7034975713768,-21.01545255952861,1.0792510712102537,-0.4116983484412532,-0.19010912369713076,0.49809635334324365,0.2136704124383111,1.1349325633633063,1.1277361550304887,-4.0,-4.0,4,FREE
1.7500000000000013,87.07999999997845,0.0,0.0,2.3613730974740683,0.026764142938760352,0.056244382384270444,-4.241005780902717,-3.9807470404571386,-37.83249056165185,39.988748319880145,1.0777905794140838,0.11215694665860844,-0.16321575627842033,0.27861207196304927,-0.022978316044568826,-1.4303454326845375,-1.435854554515345,-4.0,-4.0,4,FREE
1.7600000000000013,87.08999999997843,0.0,0.0,2.3594860415932706,0.026728096934478394,0.056306610680107394,-4.085152941376488,-3.1562553411952026,22.929376197131752,91.45721103056275,1.0765394456295303,-0.1074165647016642,-0.21346040796997487,0.0423098900927282,-0.22312246959913676,-3.4419404226511823,-3.450269876303849,-2.9662846066288244,-2.991856171721757,4,FREE
1.7700000000000014,87.09999999997841,0.0,0.0,2.3559058729595215,0.026660214170249618,0.056461387073040555,-3.35724676999426,-1.89800786227377,78.71178761591077,136.87996142067163,1.0748367540153312,0.20710371432824526,-0.29615673981288365,-0.17401352913186216,-0.40012126289806493,-4.925170380675956,-4.935106027275786,0.05665313039665609,0.058315761542146016,4,FREE
1.7800000000000014,87.10999999997838,0.0,0.0,2.351976790983756,0.026585989834660734,0.05665477504233352,-2.170625751665984,-0.551485894330798,123.20023993955547,134.1059269303258,1.0736528509924586,0.2793076237767026,-0.2136273381664323,-0.35032392230790393,-0.390598825961061,-4.782903765888762,-4.78986033430545,0.05665313039665609,0.058315761542146016,4,FREE
1.7900000000000014,87.11999999997836,0.0,0.0,2.348584979296214,0.026522090761815473,0.05683394128234458,-0.8186650844950769,0.6572388685842759,135.00639161680297,112.88786465432031,1.07335399231319,-0.04476051213858464,-0.09456896957029275,-0.39324367593246956,-0.30833371518158925,-3.466495593755737,-3.467868776832477,2.96529208033507,2.9908649060357924,4,FREE
1.8000000000000014,87.12999999997834,0.0,0.0,2.3470410161307638,0.026493042272041478,0.05692892306161342,0.45119166616353246,1.391804816178782,125.85367624221294,63.60395944101689,1.0744343721403822,-0.05064467966380947,0.0817161802889175,-0.35727497128709795,-0.11608513426006538,-1.3808627651666234,-1.3762669907008716,2.96529208033507,2.9908649060357924,4,FREE
1.8100000000000014,87.13999999997831,0.0,0.0,2.3477979725633515,0.026507372672703342,0.05692065454403435,1.2842744535854074,1.5367523650409192,76.95924835188904,1.3990593907026618,1.075599017713551,-0.6698368037630488,0.10256065856033603,-0.16970282690572525,0.12684091269657718,1.4034285218821492,1.4068845808649475,4.0,4.0,4,FREE
1.8200000000000014,87.14999999997829,0.0,0.0,2.351043522508691,0.026568608024571904,0.056798584263124285,1.5601655790438693,1.0440998756725166,19.128886304290134,-61.19562792341943,1.0763964672112696,0.45309418461689394,0.1358535611723732,0.05533659001087583,0.371448591754324,3.9016931926227634,3.9082163322447916,3.0450118759860496,3.078307451222452,4,FREE
1.8300000000000014,87.15999999997827,0.0,0.0,2.3563391640717586,0.026668442066395105,0.05657256854217324,1.1867695724471121,0.026640604764313344,-46.281666745721374,-111.8825876476116,1.078486274403416,0.10289571967032003,0.3309836660298606,0.3111796470785254,0.5693321296394404,6.0106935474740055,6.02458606073586,3.0450118759860496,3.078307451222452,4,FREE
1.8400000000000014,87.16999999997824,0.0,0.0,2.362877110525217,0.026791877445928126,0.05628646379990722,0.2707003035463888,-1.3088172168590717,-97.62740689853327,-134.22379454708482,1.0812827451269618,0.28421971323463147,0.3837133408163242,0.5137050685589348,0.6561018042792368,6.510700604669134,6.524369218661717,0.10342585532125442,0.1132935173152026,4,FREE
1.8500000000000014,87.17999999997822,0.0,0.0,2.369474080385954,0.026916606254739996,0.05599068026115436,-1.0389984182515588,-2.6591382838636726,-133.4092424435079,-137.77014000124913,1.0836909276278488,-0.14435500687136404,0.3557624922440053,0.6511667491175097,0.6684593229139273,6.208047631000547,6.218797153053417,-3.028384733568846,-3.0543431177841174,4,FREE
1.8600000000000014,87.1899999999782,0.0,0.0,2.3747288009895233,0.027015971279391024,0.05573759220308091,-2.402254084597682,-3.6646303109109146,-136.74228426080253,-91.26139809755593,1.08462012656771,-0.05868683464080316,0.13407696504719344,0.6649948602312894,0.48700697668827975,4.227892812102868,4.230797944748421,-3.028384733568846,-3.0543431177841174,4,FREE
1.8700000000000014,87.19999999997817,0.0,0.0,2.378040788477423,0.02707841834179397,0.05555931605690174,-3.500606910911759,-4.172054057528364,-104.40110858537122,-39.11780370936662,1.0845104967356338,-0.4207686563552183,0.023500803925268255,0.5379380678836764,0.2840428816901347,1.8944462452102881,1.8951271512607735,-4.0,-4.0,4,FREE
1.8800000000000014,87.20999999997815,0.0,0.0,2.3789942277443616,0.027095988296479325,0.0554835784627263,-4.118251775649178,-4.074816388285584,-55.13885006759793,21.929272130123227,1.0848026021409276,-0.6073066398339215,0.020546213113481038,0.3485754987434102,0.04721027916561405,-0.6744648556898848,-0.6735466507298515,-4.0,-4.0,4,FREE
1.8900000000000015,87.21999999997813,0.0,0.0,2.3776953537333134,0.027070753647482945,0.05551475027253591,-4.143095233415217,-3.4005364069743305,4.513704245673696,78.52812025598435,1.0846114419710247,0.8848143327515857,-0.10547036755605464,0.11296272725625121,-0.17258368465668245,-2.993263111014211,-2.99835598615313,-3.6263587583523056,-3.6546946070836746,4,FREE
1.9000000000000015,87.2299999999781,0.0,0.0,2.374423490159817,0.027008130779790668,0.05564990812943026,-3.5798543967771765,-2.220500258716966,63.59636386167873,125.73869698369658,1.0834452368945413,-0.20292962035876067,-0.23545999252029343,-0.1120091957992324,-0.35648146166788003,-4.592682468860893,-4.601533278557171,-0.9224247522054861,-0.9373296428271011,4,FREE
1.9100000000000015,87.23999999997808,0.0,0.0,2.370442130420848,0.02693227672340992,0.055840421552068746,-2.4771063907184683,-0.8595222181554474,118.4346953547336,138.70611087727102,1.0820507956080654,-0.5185924345948844,-0.256618422671261,-0.32958990465473303,-0.40791923921035844,-5.117506848937449,-5.12688114820778,-0.9224247522054861,-0.9373296428271011,4,FREE
1.9200000000000015,87.24999999997806,0.0,0.0,2.366735405547895,0.02686188049617496,0.056032334539019873,-1.1422322182927975,0.43081371797088347,135.77847373420784,121.53560570539575,1.0814724095786652,0.044191026069879694,-0.11537591941933044,-0.39323568412038107,-0.3417052895121842,-3.9360569194049164,-3.938215359675993,2.222224274005836,2.2537072519170196,4,FREE
1.9300000000000015,87.25999999997804,0.0,0.0,2.3645311062822616,0.026820070407125255,0.0561585003161241,0.2027247305208111,1.3358597126162148,131.49685839528976,84.16605302206352,1.0826287653330602,0.014301946593223595,0.08578677052591661,-0.38064672700045427,-0.19578262055430748,-2.105101667143394,-2.101836950298699,4.0,4.0,4,FREE
1.9400000000000015,87.26999999997801,0.0,0.0,2.3646163562484612,0.02682185376319486,0.05618604391789334,1.1936790867553677,1.6539317970792822,95.3363218525525,18.70852505153279,1.0837034342338645,0.3961907766813365,0.07968595168102059,-0.2360890583294513,0.0595935069131546,0.680578724949813,0.6830445763988622,4.0,4.0,4,FREE
1.9500000000000015,87.27999999997799,0.0,0.0,2.367218158790355,0.026871483132389195,0.05609534214226799,1.6427236258873763,1.327345379639016,37.125347310956364,-45.05957776927418,1.0848270295492528,0.10806294094050911,0.1821663325642957,-0.01144222672071293,0.3088715014094507,3.3235646990740992,3.3323902204391063,3.6996983690354184,3.74169672542939,4,FREE
1.9600000000000015,87.28999999997797,0.0,0.0,2.3722134271417654,0.026966806418497438,0.0558923354049485,1.4419148389944716,0.38746843742504256,-28.10202085987922,-106.22453271216825,1.0878490190873462,0.22855341722384795,0.4284392785398421,0.24172837516064,0.5475539185595186,5.88651984551025,5.904454199157415,3.6996983690354184,3.74169672542939,4,FREE
1.9700000000000015,87.29999999997794,0.0,0.0,2.3786283501949974,0.027089233143008085,0.05561469717828708,0.6244206511783912,-0.9153769960068898,-89.2382695765526,-134.21368725960875,1.0915399993233401,0.542365818831871,0.4788217229499524,0.48156782700325174,0.6567022521913423,6.663622766035049,6.6809264175897995,1.1125956967910489,1.1313572259926,4,FREE
1.9800000000000015,87.30999999997792,0.0,0.0,2.3855569390285125,0.02722160069275233,0.05530428646755231,-0.63907984899837,-2.3498673712261184,-129.18300860159917,-143.0348410995622,1.094863263722045,0.07838369900594457,0.4324587879085199,0.6356942859956639,0.6897993205327477,6.536115721495845,6.549582119284209,-2.2851287779919245,-2.3059833624236044,4,FREE
1.9900000000000015,87.3199999999779,0.0,0.0,2.391388800958407,0.027333091661247658,0.05502612284860988,-2.0777361813835045,-3.502416473200509,-149.09361717071326,-108.32817165669714,1.0965179057458794,0.7575171411746083,0.2216319438485806,0.7107071265626679,0.5538059447326237,5.054002621342257,5.060047797321685,-2.2851287779919245,-2.3059833624236044,4,FREE
2.0000000000000013,87.32999999997787,0.0,0.0,2.3954583759962333,0.027410746695112734,0.05481511148635286,-3.299531467364733,-4.203305921381701,-117.85427748374427,-57.84346527387482,1.0973443266292517,0.09263186966452461,0.13656045459926583,0.5914936843432347,0.357013066861106,2.6793312715796085,2.6838485850932043,-4.0,-4.0,4,FREE
2.0100000000000002,87.33999999997785,0.0,0.0,2.3971449069877035,0.02744255054488676,0.05470395182009919,-4.112070871325124,-4.293286897552483,-74.49444028721136,3.202355745630291,1.0984778217181579,0.15602864021038426,0.11682963845094839,0.42238520114714045,0.12002506401812953,0.1103281151406671,0.11443865760108574,-4.0,-4.0,4,FREE
2.019999999999999,87.34999999997783,0.0,0.0,2.3964500771479056,0.02742850215043693,0.05470364770303595,-4.324079040783063,-3.773201036193892,-13.851068358747593,64.21572749548697,1.0999593639884606,0.4152745990181618,0.10072706352204194,0.18542172591089714,-0.11671895805367288,-2.4514878917578358,-2.4477793310364446,-4.0,-4.0,4,FREE
2.029999999999998,87.3599999999778,0.0,0.0,2.393669590349118,0.02737425048217234,0.0548127941795911,-3.9260987128788156,-2.718938915506915,47.2274080089227,112.48125657315973,1.1015337008758341,-0.6612014163906625,0.05037014925071668,-0.05053008945225686,-0.3047178129680961,-4.183993757132305,-4.182904725917502,-1.9364258645598198,-1.9513744920731224,4,FREE
2.039999999999997,87.36999999997778,0.0,0.0,2.3897050481888784,0.027297270706811393,0.05499466361054868,-2.9554432398922215,-1.3619359148656132,103.6043628156534,141.5296415504143,1.1024714056765612,0.41443389519398033,-0.03818097881897354,-0.2706895737945917,-0.41851678303445466,-5.388962231097656,-5.39101441540909,-1.9364258645598198,-1.9513744920731224,4,FREE
2.049999999999996,87.37999999997776,0.0,0.0,2.385799820303509,0.027221603495978103,0.05519257053341403,-1.6567537591007233,-0.021140830095453114,133.41741055510758,129.63706726479768,1.1034944562288316,-0.5192215645710059,0.002062500581612893,-0.3872336575925573,-0.3732932706233371,-4.418557900139115,-4.418015588020464,1.2744698451552998,1.2841237082415287,4,FREE
2.0599999999999947,87.38999999997773,0.0,0.0,2.382944437266559,0.027166399998095347,0.05534963886623106,-0.27156450141510224,1.0504328260377054,135.2743367350745,99.53428105164248,1.1050889691289347,-0.1958616878166836,0.09400910799476371,-0.39746286307539946,-0.2560531938024069,-2.779671125044996,-2.7742820634549172,3.7901122981274074,3.8258052140988537,4,FREE
2.0699999999999936,87.39999999997771,0.0,0.0,2.382333812605436,0.027154998993947504,0.055411370353900216,0.8763434601526415,1.5458846257809429,114.18506207999218,37.043554222919695,1.1081985993174202,-0.3858221348838949,0.3108650094960478,-0.31189671837279365,-0.012409094141030922,-0.12757044260169315,-0.11435186165731215,3.7901122981274074,3.8258052140988537,4,FREE
2.0799999999999925,87.40999999997769,0.0,0.0,2.38421005483009,0.027191946337697857,0.055354622159628206,1.4968007062563153,1.4040618833671838,54.602990442448124,-27.293729759549517,1.111778366734595,0.4093258017564725,0.36030342649397784,-0.08015157427349273,0.2389702431578616,2.615000728669896,2.6272044355863238,4.0,4.0,4,FREE
2.0899999999999914,87.41999999997766,0.0,0.0,2.3885982961474093,0.0272778113984951,0.05518098192228276,1.4848860416152385,0.6183584877161977,-8.93643685868464,-92.93278606616836,1.1143695995352487,0.13711325727039625,0.3148818627387776,0.16786607866301878,0.4950838878111603,5.106156309037906,5.116925101040998,2.0637440812475716,2.0794334950912376,4,FREE
2.0999999999999903,87.42999999997764,0.0,0.0,2.3946402655671504,0.02739580887373133,0.05491753317122382,0.8182175509485379,-0.5903491771372747,-75.19957923574273,-127.84732998392482,1.1166343693515768,0.2765170577644983,0.33366618961039185,0.4237179288161633,0.6314205610291782,6.535204039284333,6.546956128011452,2.0637440812475716,2.0794334950912376,4,FREE
2.109999999999989,87.43999999997762,0.0,0.0,2.401537864254728,0.027530595669904505,0.05460797469222129,-0.3206848031443289,-2.018436958577831,-118.03173538818774,-141.128478843297,1.1183936177176557,0.4726900572599725,0.2683759781473393,0.593345916351504,0.6822161906260626,6.595138586177508,6.603033165268669,-1.3043248644790095,-1.3224604531719626,4,FREE
2.119999999999988,87.44999999997759,0.0,0.0,2.4077757835292233,0.027652571431905512,0.05431661582018577,-1.743865512511112,-3.2769838545936425,-146.03177509318618,-122.05432181458148,1.1187052440324086,0.7112581254186592,0.10879404387389352,0.6985131891737129,0.606647880423689,5.772745480945018,5.7751906973260745,-1.3043248644790095,-1.3224604531719626,4,FREE
2.129999999999987,87.45999999997757,0.0,0.0,2.412283497184154,0.027740553130758377,0.05409040720667191,-3.0403963872187787,-4.091609833076183,-128.09108305447467,-69.18918046856899,1.118740429188062,0.02686545195651688,0.07098438059983656,0.6274398121409337,0.4006463153780639,3.1515319800969004,3.153968726773297,-4.0,-4.0,4,FREE
2.139999999999986,87.46999999997755,0.0,0.0,2.41440488638239,0.027781682589066922,0.05396048306707688,-3.9777325833586583,-4.294255189289751,-86.37990543560002,-8.047780080113329,1.1191991088537474,-0.2391847662026397,0.06136895607943867,0.46685429749209906,0.16320648302602692,0.578611404871301,0.5809236979227702,-4.0,-4.0,4,FREE
2.149999999999985,87.47999999997752,0.0,0.0,2.4141439084504137,0.02777604973345271,0.05393849824409554,-4.302566469237248,-3.8865376151384035,-25.39629556480685,52.97760332678574,1.1201066140304885,-1.0368205853803711,0.05396426635907649,0.2291194252657507,-0.07356925988938698,-1.9826279740766612,-1.9804712578303287,-4.0,-4.0,4,FREE
2.1599999999999837,87.4899999999775,0.0,0.0,2.4118187465276963,0.02772988822196115,0.0540227079770938,-4.016941970005776,-2.9503481681419785,36.650292817303566,101.70563750273996,1.1208729674296383,-0.30009727197978975,-0.032052389387135734,-0.00796171554115616,-0.2632625636173447,-3.835308024235525,-3.8374444453181806,-2.6733141926384723,-2.6965669432173773,4,FREE
2.1699999999999826,87.49999999997748,0.0,0.0,2.4079837640383994,0.02765417158709867,0.05419245464920233,-3.1699949553460547,-1.6274891410902856,90.1457422778351,142.52753703484677,1.1208466948961844,0.012698448785130845,-0.1457459553960382,-0.21851426455029885,-0.42251956140142194,-5.100477873409971,-5.1051301831492895,0.511298094419535,0.5194895393410716,4,FREE
2.1799999999999815,87.50999999997745,0.0,0.0,2.404058382302666,0.027576872044676366,0.054388342743339764,-1.9084986199067242,-0.2826926806284003,131.20725410939798,132.47615960416218,1.1212094079260786,-0.012070004797843883,-0.06411370218412939,-0.3776093991158136,-0.3846706779135308,-4.650552657799352,-4.652245426690952,0.511298094419535,0.5194895393410716,4,FREE
2.1899999999999804,87.51999999997743,0.0,0.0,2.40093428639587,0.027515501207074834,0.05455723721852157,-0.5436907015218826,0.8565894429691469,135.19586011577417,104.83831838873117,1.122365566659089,-0.5687425817399837,0.05037706364205776,-0.39456318293174175,-0.2772884032031569,-3.079470825707756,-3.0759223722303672,3.285711726977421,3.312987852686024,4,FREE
2.1999999999999793,87.5299999999774,0.0,0.0,2.399860636850353,0.02749459206853203,0.05463432097378049,0.6686818883034923,1.4696997839837869,118.56245018565811,50.431976049512095,1.1247623929430746,-0.13588333133220132,0.21964419690682313,-0.3316135090192057,-0.0650297132747171,-0.7765030031775313,-0.7669360886450236,3.285711726977421,3.312987852686024,4,FREE
2.209999999999978,87.53999999997738,0.0,0.0,2.4011693056060794,0.02752067014042364,0.05460126583032002,1.3905774612750497,1.4723568197621137,65.17493621372661,-12.836593918802294,1.1270973138855143,0.6898204274831754,0.2273427505768231,-0.12392452056266248,0.18211064500312088,2.0017183822497056,2.0092757070009055,4.0,4.0,4,FREE
2.219999999999977,87.54999999997736,0.0,0.0,2.4049435439179376,0.027595405654227075,0.05445363425774951,1.5242526084685901,0.8432878363451628,5.352351378603702,-74.43230378144541,1.1287442896447193,-0.07047681733301037,0.22323955149155494,0.11097720725150513,0.42276839918398196,4.409647347402202,4.41791130896469,2.727534164278978,2.7508603815695962,4,FREE
2.229999999999976,87.55999999997734,0.0,0.0,2.4105922468393746,0.02770701425239736,0.05420789509095813,1.010380427239464,-0.26550253361094955,-60.1469867286706,-119.98953419029905,1.1306748396042914,0.6389389775846888,0.30475154187052306,0.3669322430235749,0.600537470059248,6.299012452105739,6.310319590602509,2.727534164278978,2.7508603815695962,4,FREE
2.239999999999975,87.56999999997731,0.0,0.0,2.4172477463549757,0.02783864581536569,0.05391196952987652,-0.007277608960179965,-1.6320063968093903,-106.95806656291346,-135.85106055404938,1.1326670588419037,0.6769643198424481,0.3098777692612957,0.5514337711220606,0.6618416144778677,6.50715183729297,6.5178154041990535,-0.35703888822387675,-0.35086939791217264,4,FREE
2.249999999999974,87.57999999997729,0.0,0.0,2.4236780080031335,0.027966027274365198,0.0536197052711276,-1.3618793023832958,-2.9405668076216025,-136.76680221931844,-132.0509197335465,1.134267602201972,0.770753431559447,0.27689004341370727,0.6651459919029662,0.6455226967260097,5.912835714751352,5.920325546841087,-3.3718527656000923,-3.406159683488287,4,FREE
2.2599999999999727,87.58999999997727,0.0,0.0,2.428535994536131,0.02806227620141462,0.05338045731667637,-2.6972916415002572,-3.8453725106418264,-132.89430260432422,-80.10490212440048,1.1342313333380083,-0.11339965220512742,0.027185613256134403,0.6502676957963811,0.4430864813939054,3.706881501417392,3.7056104342798317,-3.3718527656000923,-3.406159683488287,4,FREE
2.2699999999999716,87.59999999997724,0.0,0.0,2.431290451186542,0.02811663694142885,0.05322431573210394,-3.7058390777201873,-4.2108629514057885,-93.8684315042166,-24.716438512063025,1.1330678322765337,0.07672354858967372,-0.08997592670019192,0.499116593621955,0.227733059713523,1.2878700974388984,1.2846413519938649,-4.0,-4.0,4,FREE
2.2799999999999705,87.60999999997722,0.0,0.0,2.431678610825587,0.028123903650488093,0.05317448300848074,-4.185843414990598,-3.969809980577508,-41.581596812787026,36.30949714680192,1.1324880368163688,-0.18344842165750141,-0.07598715910206201,0.2925219754458346,-0.008981428085783009,-1.2789385865894363,-1.2812753734331674,-4.0,-4.0,4,FREE
2.2899999999999694,87.6199999999772,0.0,0.0,2.4299217277637997,0.02808859214840172,0.05323048487983819,-4.066862326806436,-3.179349351036503,19.916473963964787,89.22462420600033,1.1316908636096767,-0.3225498861176061,-0.17266023339987352,0.0571207298875378,-0.21465774316769098,-3.4016386221063697,-3.408679942766706,-3.333598271679879,-3.3603317850405405,4,FREE
2.2999999999999683,87.62999999997717,0.0,0.0,2.426383865764934,0.028018083115748868,0.053382738150807046,-3.3782259787212805,-1.9324222980208636,74.4530006490985,131.28204636859476,1.1304451640548105,-0.0732418842263822,-0.2379123282025327,-0.15949150365029138,-0.37869816844045484,-4.759244946227241,-4.767208480780702,-0.4567402348746668,-0.45562569188239027,4,FREE
2.309999999999967,87.63999999997715,0.0,0.0,2.4224156041917513,0.027939283048636493,0.05357697054303034,-2.1971130599944857,-0.5761544250882458,126.5858085951088,136.7297540581794,1.1297775949175242,-0.11213421311145945,-0.17195068639208444,-0.35885540758545054,-0.4008793040040187,-4.968621473660474,-4.974222524642345,-0.4567402348746668,-0.45562569188239027,4,FREE
2.319999999999966,87.64999999997713,0.0,0.0,2.4189905954429576,0.027871395544415485,0.05375760915863204,-0.8518938264166096,0.6406491321641846,135.6506976721723,113.00392002807943,1.1300036206995332,-0.30538555524882416,-0.04890132085584702,-0.394666455616288,-0.3089832829424624,-3.5254342902193003,-3.5257874140182905,2.5950519232029214,2.617647156523399,4,FREE
2.329999999999965,87.6599999999771,0.0,0.0,2.4172891095462172,0.027837648685055904,0.05385985618440807,0.4319838570629676,1.4154587196608894,125.5242053680121,69.72141095146277,1.1312492930725653,0.5214307873861093,0.08838426347866735,-0.35472951725950813,-0.13994004505223612,-1.496916569236548,-1.4936827098183727,4.0,4.0,4,FREE
2.339999999999964,87.66999999997708,0.0,0.0,2.41793314903879,0.02785053928622602,0.05385982087350867,1.3021699077459086,1.589062189483007,81.47877610426177,4.261499109222665,1.1322319612721734,0.27149980055716927,0.08174014728164142,-0.1868267823595664,0.11555053679238182,1.2850663953581374,1.287541924991689,4.0,4.0,4,FREE
2.349999999999963,87.67999999997706,0.0,0.0,2.4210464613419687,0.027912435862946332,0.05374366414030666,1.6067512870874376,1.1301809228710802,22.65177733944033,-57.47399029502828,1.1330266781733223,0.015756324007246993,0.1470936151466058,0.04422400050246703,0.35690935356641174,3.7925429371797907,3.7991341375272007,3.383993622490678,3.4119891710123538,4,FREE
2.3599999999999617,87.68999999997703,0.0,0.0,2.426361837075777,0.028018081095366503,0.05352142879561629,1.2675302099394337,0.1072163872573038,-42.039160480927954,-113.50571382927814,1.1349072484668652,0.13052554298087374,0.30849813253591846,0.2955199310847778,0.5754986840290646,6.135640071559934,6.148209387244287,3.383993622490678,3.4119891710123538,4,FREE
2.3699999999999606,87.69999999997701,0.0,0.0,2.4328193355153984,0.028146461720577543,0.05323957559806803,0.3566745343480123,-1.2075284662814862,-97.76111177460116,-133.718117987684,1.1367970921293957,0.7746380708860354,0.29210475010990794,0.5153696895522131,0.6542040813168619,6.562121925189687,6.572122981773144,0.5959627176757747,0.598627198134553,4,FREE
2.3799999999999595,87.70999999997699,0.0,0.0,2.4394776506888283,0.028278900438019467,0.052940104824118026,-0.9355849504423528,-2.5736206586463477,-130.88183400711367,-134.7642592100999,1.137939552193929,0.04004263065659893,0.21011359148444458,0.6416582669313305,0.6570352676179285,6.137405219430647,6.1431015023589035,-2.6181475303580273,-2.643371694590404,4,FREE
2.3899999999999584,87.71999999997696,0.0,0.0,2.4448187311194456,0.02838510730177398,0.05268220172884379,-2.3201499881905208,-3.601153714619429,-141.88704468060928,-94.77026052467444,1.1376401183573432,0.7654434196402785,0.024563297980551405,0.6847696112687183,0.5007126422223087,4.4359269667628825,4.435214713175683,-2.6181475303580273,-2.643371694590404,4,FREE
2.3999999999999573,87.72999999997694,0.0,0.0,2.4482747740353212,0.028453639010044315,0.05249768865751468,-3.4274998435894295,-4.145389705918632,-106.2395282743573,-42.18323050828423,1.1368081856559296,0.0029355608508147496,-0.034592251399896516,0.5434834469128453,0.2960388619918824,2.022771083838942,2.0216136262025906,-4.0,-4.0,4,FREE
2.409999999999956,87.73999999997692,0.0,0.0,2.4493481679569,0.028474584658682054,0.05241567197445972,-4.08547376931522,-4.078659551397551,-58.94584379738835,18.89446003762168,1.1364831508698374,0.09164027350202655,-0.028435783335815833,0.3610451068075223,0.05907329813908003,-0.5432188299994787,-0.54571966931086,-3.9658763855805303,-3.9987685896930807,4,FREE
2.419999999999955,87.7499999999769,0.0,0.0,2.4480454776544387,0.028448148814735133,0.05244653681475334,-4.140763219279684,-3.4027986216871144,1.5139401778782045,79.76990589484986,1.135209498193978,0.23144297133236796,-0.22425071607362213,0.12467407141654455,-0.17713090176391408,-3.095522609620052,-3.105439688113359,-3.9658763855805303,-3.9987685896930807,4,FREE
2.429999999999954,87.75999999997687,0.0,0.0,2.444736962913166,0.028381895210703004,0.052585191355204876,-3.5867767517954325,-2.2127325711950916,63.48260978463327,124.76401082233109,1.133057175582793,-0.8681545719363449,-0.32337283397105115,-0.11113030943377973,-0.35252799597351886,-4.6185747310876755,-4.630323100868041,-1.4159480353939453,-1.4286067644414735,4,FREE
2.439999999999953,87.76999999997685,0.0,0.0,2.4405497674036782,0.028298506408766338,0.052783123734552316,-2.470556672598353,-0.7979429285199796,118.02460627505162,145.67992807596124,1.1311423429839826,-0.5393600036413007,-0.3120470418610474,-0.32611803460974864,-0.4346677422171577,-5.479886513466187,-5.49096919344561,-1.4159480353939453,-1.4286067644414735,4,FREE
2.4499999999999518,87.77999999997682,0.0,0.0,2.436769690713288,0.02822344269359507,0.05297807892602609,-1.0977978144471663,0.5118900893192954,140.0088442147355,124.6678011358012,1.1302204808808087,-1.1114029468304114,-0.1718123601653633,-0.41201350022884053,-0.3536226597870936,-4.11556971851784,-4.120290067932033,1.8621448663619304,1.8792728708822004,4,FREE
2.4599999999999507,87.7899999999768,0.0,0.0,2.434376985596904,0.028176001487583206,0.05311330872118877,0.27515713822829213,1.4663590076894932,133.80588994423996,86.4587058294702,1.1303062508446233,-1.0791096558824815,-0.056626000327872524,-0.3872845794868164,-0.2044452493535502,-2.1888259539830663,-2.1906177032681216,4.0,4.0,4,FREE
2.4699999999999496,87.79999999997678,0.0,0.0,2.434377058142934,0.028176163761842773,0.05314577520204615,1.3196037135445242,1.8073409848925879,102.60986735575635,21.00243169023706,1.1301458241856235,0.37490503740823383,-0.04296476769699535,-0.2649313965432008,0.05107273271725604,0.5920591306927607,0.590392822391217,4.0,4.0,4,FREE
2.4799999999999485,87.80999999997675,0.0,0.0,2.436934636687835,0.02822697827505068,0.05305707841430392,1.7915320154629772,1.4933540899007003,38.79128256301383,-44.50046959397745,1.1295268329510588,0.5282839012061389,-0.03276605140166971,-0.02073127595921724,0.30718370128940004,3.3532509257528096,3.3517544806724042,4.0,4.0,4,FREE
2.4899999999999474,87.81999999997673,0.0,0.0,2.441991961332017,0.028327219088707237,0.05285323050894712,1.6085713316445742,0.5388673679509676,-26.314099921844317,-110.09920007306582,1.1284680769910365,-0.6913297113390339,-0.023826372699569748,0.2359293994286163,0.5631428860167893,5.776327305692754,5.77559644784278,1.607277369758663,1.617723554277069,4,FREE
2.4999999999999463,87.8299999999767,0.0,0.0,2.448484695097149,0.028455546290560796,0.052569778025678145,0.7701000593080888,-0.782284712059993,-92.22241696949776,-137.61094283356553,1.127600316550784,0.1937968565453899,0.040041867487401746,0.49170049688660966,0.6706437901131104,6.888786028776661,6.890587269106817,1.607277369758663,1.617723554277069,4,FREE
2.509999999999945,87.83999999997668,0.0,0.0,2.4555347940995134,0.028594753779453218,0.05225199583294065,-0.4960534134530538,-2.2461149151171367,-129.52076017522398,-143.04115565284792,1.1268725577511105,0.8087426811564841,0.04498955006339254,0.6414522595530932,0.6907690573619679,6.606353545513347,6.607432821104339,-1.8419010483771892,-1.8508887285064548,4,FREE
2.519999999999944,87.84999999997666,0.0,0.0,2.4615960835931334,0.02871440083758349,0.05196421559421584,-1.971126551716039,-3.455769082777348,-150.21250503397317,-115.46733472484283,1.1258012071304766,-0.6469582099498321,-0.013111134909387657,0.7162076427843724,0.5822443724601488,5.426138276881746,5.425227733545917,-1.8419010483771892,-1.8508887285064548,4,FREE
2.529999999999943,87.85999999997664,0.0,0.0,2.4657958461282172,0.028797127841542924,0.05174788865727289,-3.235745086889545,-4.187941558418054,-122.47036670598588,-60.95765181562641,1.1249520147076677,-0.170942142350213,-0.020569026580557568,0.6124379201119096,0.3699278396022904,2.814540768539144,2.814071171763104,-4.0,-4.0,4,FREE
2.539999999999942,87.86999999997661,0.0,0.0,2.4676108637895986,0.028832679384598048,0.051630544593588304,-4.090498686817877,-4.308774635396733,-77.16582074569045,0.12216791019710169,1.1246764677758536,0.1163540938177538,-0.016062043833068994,0.4355964585210974,0.13276952899707103,0.2455291831460129,0.24532662265261163,-4.0,-4.0,4,FREE
2.5499999999999408,87.87999999997659,0.0,0.0,2.467044191262983,0.028821185899664533,0.051623456376217645,-4.333411132246552,-3.8194896405134555,-17.51452981058783,61.13393352481791,1.1249779739658448,0.15872487706840924,-0.011425706892034478,0.1979953266888348,-0.10396967187198725,-2.3156705133405815,-2.31568899761361,-4.0,-4.0,4,FREE
2.5599999999999397,87.88999999997657,0.0,0.0,2.4644742051795676,0.028770146915568465,0.05172179839035346,-3.9662160850108155,-2.8174221284361995,43.87416359234466,107.50322750016076,1.1252942819146308,0.06730821034387637,-0.07796634661816154,-0.037999910325111866,-0.2846394218309165,-4.034294559829756,-4.037838847944673,-2.42376588494303,-2.4452407109471532,4,FREE
2.5699999999999386,87.89999999997654,0.0,0.0,2.4605478158653344,0.02869243960212381,0.05189936459541125,-3.0470837739518686,-1.4681479952145646,97.54216953661182,144.37104214743496,1.1249892493041496,0.22844730551988968,-0.17127090117092006,-0.24467899540561172,-0.42862042216658747,-5.134272877470601,-5.139873798785647,0.7514567482376798,0.7566699348061875,4,FREE
2.5799999999999375,87.90999999997652,0.0,0.0,2.4566806482645394,0.028616056890164925,0.05209480286364305,-1.7513279629980991,-0.13529412025605758,134.5001604612906,130.52159864571325,1.1250076318874564,-0.08268455254900942,-0.09970780795697023,-0.388299351420494,-0.37594294689407803,-4.524409834700973,-4.52743312484284,0.7514567482376798,0.7566699348061875,4,FREE
2.5899999999999364,87.9199999999765,0.0,0.0,2.4537559150612407,0.02855843233515547,0.052255875174907644,-0.3908596500345885,0.9558599634741399,133.92470025385725,99.3910549456714,1.125674619401373,0.2599131223265906,0.0019224369502061098,-0.3910678939860552,-0.25488812085161416,-2.810983598934533,-2.809354566233835,3.478045262830929,3.5013155175073174,4,FREE
2.5999999999999353,87.92999999997647,0.0,0.0,2.4530008247754607,0.028543781672831305,0.05232077020032879,0.7800569335278673,1.4902020979525998,114.59301753902763,41.94604693946427,1.1273749520555438,0.8754759752477497,0.15322875670359556,-0.313833137813119,-0.030782716817352448,-0.37854257130072366,-0.37154864267684473,3.478045262830929,3.5013155175073174,4,FREE
2.609999999999934,87.93999999997645,0.0,0.0,2.4546763370118327,0.028577171632336126,0.05227170391772737,1.4292747254642386,1.4016800723855987,57.86482373954624,-21.96041711032549,1.128992492561003,0.212991093388082,0.16544716599370457,-0.09330235616408618,0.21885642304518627,2.3957851731798296,2.4012498895340397,4.0,4.0,4,FREE
2.619999999999933,87.94999999997643,0.0,0.0,2.4588023895922433,0.028658984655037963,0.052107863053138144,1.4718338257757677,0.6852042723008788,-3.6419835311813,-82.9090312254838,1.130015661982494,0.5493847996502749,0.1702177496059796,0.14775951925682934,0.4569166682564436,4.744552855020125,4.751049389100121,2.5174410900632176,2.5398581654652967,4,FREE
2.629999999999932,87.9599999999764,0.0,0.0,2.4646878559439145,0.02877540692040083,0.051850630237608636,0.8679101191027079,-0.4815332413049518,-68.79003674887542,-125.11354289596176,1.1314229475582254,-0.27642361305065893,0.2588635063747588,0.40375115833937814,0.6214914731740413,6.490244055941685,6.500014774225838,2.5174410900632176,2.5398581654652967,4,FREE
2.639999999999931,87.96999999997638,0.0,0.0,2.4714255443043793,0.028908762169754774,0.05154929311835746,-0.21440125744072844,-1.8664776012533295,-113.1279537388876,-136.7253752857673,1.1328808424650936,1.0078284699940687,0.2544214787780035,0.5756998744921876,0.6660677730961315,6.505574470991486,6.514133165971523,-0.6600003876570811,-0.6587949812226955,4,FREE
2.6499999999999297,87.97999999997636,0.0,0.0,2.4777509559979354,0.029034093939457037,0.05125868702010043,-1.5965383533210935,-3.145603578436697,-138.3798750246691,-128.09371951413277,1.1338209315959493,0.41828312446447796,0.20631621794781638,0.6741310020258093,0.6308827592963969,5.7177611876943075,5.722442259541911,-3.6035687091938735,-3.6444323787784807,4,FREE
2.6599999999999286,87.98999999997633,0.0,0.0,2.4823511978597357,0.029125199873143735,0.051028969013047765,-2.9116853163650323,-3.98182063205349,-130.2964756682834,-72.51692173589674,1.132861597142506,0.37401050845826145,-0.0784158301347509,0.6406319784403782,0.4144596767463844,3.359440699686962,3.3534664492452233,-3.6035687091938735,-3.6444323787784807,4,FREE
2.6699999999999275,87.99999999997631,0.0,0.0,2.484739121379313,0.02917229437664145,0.05088710272980951,-3.8589350663768016,-4.250871728373099,-88.0341518678788,-14.930974985440505,1.1305575157602654,-0.575878926649997,-0.21029744169767398,0.4742998434782689,0.19068416778161487,0.8832586052942788,0.8756524060223314,-4.0,-4.0,4,FREE
2.6799999999999264,88.00999999997629,0.0,0.0,2.484755233442372,0.029172247822255554,0.05085353218129152,-4.245410391968829,-3.9120986857043336,-31.42320191397485,46.0803052652206,1.1289938871944138,-0.6776355411645859,-0.17912645714447042,0.2555513003994165,-0.045983924865785654,-1.6819300270827107,-1.6878577895165938,-4.0,-4.0,4,FREE
2.6899999999999253,88.01999999997626,0.0,0.0,2.482700856436309,0.029131241597529795,0.050924947287081156,-4.028700341405748,-3.0431845012696246,29.233409163652244,96.42762479631493,1.1278801859290193,-0.03843663262127279,-0.19090720512994094,0.01977460246472961,-0.24183709955070878,-3.6692551307990477,-3.6761311403759267,-3.1366066540573883,-3.1491832360024175,4,FREE
2.6999999999999242,88.02999999997624,0.0,0.0,2.4789972953230786,0.029057760738319786,0.05108774441243122,-3.255186265096496,-1.751680839438597,83.18343954150667,134.97637240234363,1.1270455940443578,0.13086779387992803,-0.19137656373389644,-0.18978607399635816,-0.3923500510429987,-4.866105788538244,-4.8723348258529215,-0.15720217652532037,-0.1549250977422632,4,FREE
2.709999999999923,88.03999999997622,0.0,0.0,2.475041655758788,0.028979462841532504,0.05128381651797923,-2.021857144954008,-0.3966013034344677,130.51566961895352,135.65642908738235,1.1267973476690294,-0.7035061271124471,-0.1303619107710684,-0.3771154385067204,-0.39597527700254015,-4.874244288121557,-4.878372596357567,-0.15720217652532037,-0.1549250977422632,4,FREE
2.719999999999922,88.0499999999762,0.0,0.0,2.471799644692119,0.0289153513963561,0.05145672370044239,-0.6682807035680844,0.7753501100827611,135.0793427602208,107.7700139529885,1.1273099601911725,-0.3547855403070381,-0.019577927400398765,-0.39545067805760437,-0.2877816266196907,-3.265134055065777,-3.2645660846578592,2.8298021993864073,2.8509472053944207,4,FREE
2.729999999999921,88.05999999997617,0.0,0.0,2.4704215763793247,0.028888029344445506,0.05154333759155984,0.5786519953287421,1.4692908951123909,120.4757714260608,60.73199430690849,1.1286613537493397,-0.2187834006264487,0.10294152906491856,-0.33711456722441746,-0.10406032100386389,-1.1115129271025062,-1.1078020762622243,4.0,4.0,4,FREE
2.73999999999992,88.06999999997615,0.0,0.0,2.471424539732405,0.028907929397843042,0.05152558129944667,1.373981493324552,1.553006007490969,73.26028790035149,-4.726950841084935,1.1296934094154003,-0.004978035273014356,0.0940641333879293,-0.15427987652060787,0.15149033599273537,1.6680985478145205,1.6709804088722269,4.0,4.0,4,FREE
2.7499999999999187,88.07999999997612,0.0,0.0,2.4748723473223384,0.028976242802284134,0.051393124434009424,1.5886730246885334,1.0105281556446961,13.506146573826218,-65.41305024924733,1.1305741589783385,0.37768385154767287,0.1657665156286604,0.08006878399718766,0.3887481207978861,4.104676090457936,4.112133542867305,3.2158938416090845,3.247024580998041,4,FREE
2.7599999999999176,88.0899999999761,0.0,0.0,2.4804233750424305,0.029086249382494708,0.05115807433013747,1.1626989126983256,-0.0706627577863095,-49.609140469153544,-118.79872624203819,1.1327312435755568,-0.11371673762179904,0.34436969164451564,0.32940909981663336,0.596938406795181,6.333208223565473,6.3473016123533785,3.2158938416090845,3.247024580998041,4,FREE
2.7699999999999165,88.09999999997608,0.0,0.0,2.486977887605474,0.029216256504694785,0.05087096472470707,0.18832224941043751,-1.4081757648410507,-104.98361218606203,-135.1672677474119,1.1348533167063726,0.35231111276515303,0.31249589985862974,0.538982945446519,0.6605210382985549,6.587315914058441,6.597888963258744,0.3387166075947072,0.3388047885092826,4,FREE
2.7799999999999154,88.10999999997605,0.0,0.0,2.493572325858536,0.02934716298115674,0.05057388074216578,-1.1349834522665616,-2.7558791878247755,-133.57446877352183,-132.105864038841,1.1360946227193025,0.659920207711377,0.21666949987572418,0.6529421813212768,0.6472771465311422,5.991229390977244,5.99721313065122,-2.8773988410614586,-2.9009355608147493,4,FREE
2.7899999999999143,88.11999999997603,0.0,0.0,2.498690653240442,0.029448738445095515,0.050324501302809264,-2.5093539662536406,-3.7243078135759755,-140.85802404161578,-88.04774522872482,1.1359784749705961,0.4115866445289294,0.03908827393551814,0.679882778868919,0.4752439432943337,4.119760191260687,4.119628013438728,-2.8773988410614586,-2.9009355608147493,4,FREE
2.7999999999999132,88.12999999997601,0.0,0.0,2.5018295315580468,0.029510833400034246,0.050153017581019074,-3.565723217463037,-4.185264322062702,-100.61113154673501,-33.865227915500164,1.1353831663249079,-0.26575404357332266,-0.018790965976226412,0.5230446805700014,0.26447972074393705,1.6775279543911112,1.676911852163574,-4.0,-4.0,4,FREE
2.809999999999912,88.13999999997598,0.0,0.0,2.502590409880938,0.02952551278952854,0.05008552439709705,-4.1419674124352355,-4.036568720296609,-50.7777572436482,27.187062329413894,1.1352826554629627,0.4874055899816553,-0.014917657849333075,0.33014855683550737,0.02763660997302836,-0.8647643189250971,-0.8665350484280433,-3.809812917584903,-3.837838347825193,4,FREE
2.819999999999911,88.14999999997596,0.0,0.0,2.5010481900130506,0.029494365205857815,0.05012820974923516,-4.1142659791978655,-3.297615597926439,9.957241021747222,85.58339337849142,1.134425789932828,-0.020390200621756893,-0.18267055347406708,0.09367526941988125,-0.1990852659369032,-3.3105948451934353,-3.318696836742397,-3.809812917584903,-3.837838347825193,4,FREE
2.82999999999991,88.15999999997594,0.0,0.0,2.4976082610745785,0.029425585338588196,0.0502745454056309,-3.4922306555435854,-2.0722514099408036,69.71612745231623,127.59577922920245,1.1328420602358822,0.3496832294536898,-0.2699027315042639,-0.13526103014626822,-0.3629885996775808,-4.698222705901476,-4.708052264130167,-1.181525786511904,-1.1930935191805794,4,FREE
2.839999999999909,88.16999999997591,0.0,0.0,2.493433522868229,0.029342480504635803,0.05047456988443071,-2.334242857940386,-0.6590690738496303,122.4535586018378,144.771051139133,1.1314074737603101,0.09220703756376089,-0.26524957814859046,-0.3402075144155799,-0.4305724187090369,-5.402859194053154,-5.412316679086096,-1.181525786511904,-1.1930935191805794,4,FREE
2.8499999999999077,88.17999999997589,0.0,0.0,2.4897969251285472,0.02927026496748542,0.050664514610775147,-0.9556075505664988,0.6156018634286266,139.98344324333056,120.53220816340594,1.131026618652982,0.10748398096647212,-0.11113412982328182,-0.41207658192659763,-0.3368810037606043,-3.909473378701109,-3.911894928162638,2.0528865626688204,2.0754061757367768,4,FREE
2.8599999999999066,88.18999999997587,0.0,0.0,2.4876542405627933,0.02922776336627474,0.050788489919709544,0.3883806040453307,1.5076012188194352,129.38446316687018,79.83842639492178,1.1317605823717216,-0.704017503705865,0.01430225019105146,-0.3745094123156294,-0.177962640869645,-1.9061249199244497,-1.9055060552719758,4.0,4.0,4,FREE
2.8699999999999055,88.19999999997584,0.0,0.0,2.4879192036526248,0.029233186592909507,0.05080820358940408,1.374085889551809,1.7824018899823466,95.77236852844257,14.384993121556477,1.132171026748951,-0.06954869421643857,0.017779700860686077,-0.2391470382253857,0.07759694790222535,0.8733189399061881,0.8736507332586367,4.0,4.0,4,FREE
2.8799999999999044,88.20999999997582,0.0,0.0,2.4907247122097926,0.029289089027602182,0.050707669017847706,1.7798281593884862,1.4066026236860893,32.81181549587077,-50.4629131008681,1.132978792062304,-0.06667143771100367,0.16078960629597538,0.006971167582024479,0.33115029204287155,3.5918003575240007,3.59969892674466,3.9125791131819616,3.9490249876484134,4,FREE
2.8899999999999033,88.2199999999758,0.0,0.0,2.4959841149773294,0.02939389644959758,0.05049445860006491,1.533307524814668,0.4020000755889421,-32.16873080266368,-114.96911199984153,1.1353762030117656,-0.09941005539240358,0.3761597410885199,0.26101601182575834,0.5827646284509588,5.948859596246585,5.963049194640427,1.4158514327657978,1.4328545973122986,4,FREE
2.899999999999902,88.22999999997577,0.0,0.0,2.502579241283633,0.029525172279279498,0.05020682362748454,0.6417676541749702,-0.9437783508539125,-97.28173263878676,-139.472018008238,1.1381057979272189,1.0168963480349587,0.3932204914368362,0.5130935576530583,0.6784308797267704,6.9356652581436515,6.949899803339623,1.4158514327657978,1.4328545973122986,4,FREE
2.909999999999901,88.23999999997575,0.0,0.0,2.5096150960172023,0.029665312276809037,0.04988956577585293,-0.6550246268037985,-2.4024332707656857,-133.14678784156473,-141.93662605931956,1.1405590000449592,0.8859408138699195,0.3538877822507965,0.6520487758407736,0.6868989225950048,6.53025668431139,6.541891830101015,-2.029055600808705,-2.03316640923757,4,FREE
2.9199999999999,88.24999999997573,0.0,0.0,2.5155483787295427,0.029783598056437686,0.04960618158543692,-2.1308171602345554,-3.5778222154991934,-149.10869716917662,-111.4609534653273,1.1422642831133636,0.6094950308850692,0.2538982068616707,0.7153613928061207,0.5670942957661933,5.229264997424161,5.237406053808331,-2.029055600808705,-2.03316640923757,4,FREE
2.929999999999899,88.2599999999757,0.0,0.0,2.5195757479967127,0.029863735533447018,0.04939625616858657,-3.3669682507531404,-4.264509355315038,-119.2325736940506,-56.421539860104104,1.1438232217477367,-0.14307855182742032,0.2088242079470038,0.6003556583343359,0.3527413249523363,2.623473832292986,2.6305695159426947,-4.0,-4.0,4,FREE
2.939999999999898,88.26999999997568,0.0,0.0,2.52121987971738,0.029896087547029434,0.04928627418700815,-4.176113855419962,-4.3404167452338,-72.65580216983147,4.6050996168861245,1.1456075795689036,0.6693577808047865,0.1787614776560518,0.4182964408595403,0.11579876031082735,0.0574800156633517,0.06370235004461089,-4.0,-4.0,4,FREE
2.9499999999998967,88.27999999997566,0.0,0.0,2.5204831492594155,0.029880618134796966,0.04928750438306348,-4.3740038113493425,-3.8065087686594103,-12.16677820299287,65.59296773526526,1.1476649551075269,-0.01870429882506094,0.15319961218293554,0.1816538553158949,-0.12087310822524286,-2.502735331875437,-2.4972673961430085,-4.0,-4.0,4,FREE
2.9599999999998956,88.28999999997563,0.0,0.0,2.5177781534294925,0.029825546178436517,0.049393564156580444,-3.962151814453541,-2.7689074851499336,48.37509912850245,110.60385232916464,1.149339084356865,-0.18704898755505472,0.04118481932934301,-0.055060582248936334,-0.2963615194320558,-4.143477346948861,-4.143311092632033,-2.279550698726498,-2.3044115926169497,4,FREE
2.9699999999998945,88.29999999997561,0.0,0.0,2.513804722653774,0.02974503023416008,0.049575194744913606,-3.0038641970833115,-1.406788031815647,100.98831222432767,145.20461982528394,1.1499050078409108,0.040442121827579156,-0.09873009927146904,-0.258414858431536,-0.4316005578284167,-5.1467894006530885,-5.149861269731898,0.8952775142238498,0.9051438557505946,4,FREE
2.9799999999998934,88.30999999997559,0.0,0.0,2.5099808413565183,0.02966773081547666,0.0497698519371666,-1.6907002890712215,-0.08432628934610517,135.46159604278617,129.01370104986492,1.1507312935048033,0.005343084512537605,-0.01930342953607951,-0.39375257108017564,-0.3698158059663022,-4.438723387257026,-4.438876899173332,0.8952775142238498,0.9051438557505946,4,FREE
2.9899999999998923,88.31999999997556,0.0,0.0,2.507179381801845,0.029611274569149894,0.04992582287771209,-0.3359364467999184,0.9758603484650739,133.59405170131382,96.01892877850818,1.1523587942707498,0.08510849343991898,0.106753699419123,-0.3867616376474945,-0.24148679554340136,-2.657692759001979,-2.6519016827228787,3.5441796165324098,3.5771108814580073,4,FREE
2.999999999999891,88.32999999997554,0.0,0.0,2.5065936848360413,0.029599804108568925,0.049983725301304044,0.8072566862709064,1.4673469138914395,111.63727711311682,37.43167448676226,1.1554558756362685,0.3262717709155338,0.30445151467653975,-0.30112441602170126,-0.012940694769337825,-0.17795890413325455,-0.16512600219726897,3.5441796165324098,3.5771108814580073,4,FREE
3.00999999999989,88.33999999997552,0.0,0.0,2.5084567654524568,0.029637945539342774,0.04992641425245518,1.4159087214530872,1.3312328781900933,53.31459386001543,-26.724093514704325,1.158495690781079,0.6190998819716135,0.30773499200026494,-0.07702881893757979,0.2376451554436909,2.595809691636841,2.606054623536603,4.0,4.0,4,FREE
3.019999999999889,88.3499999999755,0.0,0.0,2.512759809340763,0.029725585166215936,0.04975471766467448,1.4109234619644548,0.5697623768650746,-8.286774412487327,-87.22448660431203,1.1607122246618988,0.7353990807936546,0.2904794422725413,0.16688077923922373,0.4738857885683103,4.904364768490119,4.914766906228434,2.3699890502005267,2.392477157354925,4,FREE
3.029999999999888,88.35999999997547,0.0,0.0,2.5187417855210223,0.029847205467902708,0.04949282979004401,0.760162597512352,-0.6213773557715586,-74.29849863908709,-127.08454820200383,1.1630600604704393,-0.12783810374801513,0.3530050459568349,0.4227210542400547,0.6292410636454501,6.550320023299286,6.563152451211378,2.3699890502005267,2.392477157354925,4,FREE
3.039999999999887,88.36999999997545,0.0,0.0,2.5254798428503324,0.029984330017892306,0.049190419544006325,-0.35124136367704156,-2.00616155239132,-115.93715231838253,-136.18477418136206,1.165093585612893,0.8846826742024229,0.30314278027529595,0.5859029209095562,0.6639364955722609,6.457985830735412,6.46771556373724,-0.8222967098591027,-0.8281043640354457,4,FREE
3.0499999999998857,88.37999999997542,0.0,0.0,2.5317046910940073,0.030111155049948782,0.04890245441922663,-1.7383504446907856,-3.259312357433793,-138.8761196168941,-124.94048534665146,1.1661239855597159,0.9553074220267477,0.20473167754447852,0.6750416897346717,0.6185662241550345,5.567853448045922,5.572375364471404,-3.719615664611047,-3.7599050448991314,4,FREE
3.0599999999998846,88.3899999999754,0.0,0.0,2.53612730857117,0.03020117199223812,0.048679643189018885,-3.032406306561061,-4.049826151723355,-126.78216681930826,-67.59140158749037,1.1651961971970917,0.19119637849640955,-0.07656838097078365,0.6315173107451297,0.395342045352073,3.134227157848958,3.1282793805659628,-3.719615664611047,-3.7599050448991314,4,FREE
3.0699999999998835,88.39999999997538,0.0,0.0,2.538284501512689,0.03024486774956327,0.0485476548622635,-3.9375066576626834,-4.259565621241453,-83.18404479270463,-8.928749500061922,1.1629065685367266,0.27283750538126433,-0.2146301261495282,0.45775867038444923,0.1674541315492194,0.6303157802923199,0.6224074634888369,-4.0,-4.0,4,FREE
3.0799999999998824,88.40999999997535,0.0,0.0,2.5380668348102997,0.030240027949559146,0.0485246587448808,-4.266106475505561,-3.860742690148475,-25.55614846113817,52.087332465884636,1.1613624223831693,0.2880520259401305,-0.18331401455931007,0.23297685968251403,-0.069245558580541,-1.9341595666434528,-1.940288527524749,-4.0,-4.0,4,FREE
3.0899999999998813,88.41999999997533,0.0,0.0,2.535838723589313,0.030194260966599107,0.048605278017321625,-3.989368278077239,-2.9472631618213003,34.97097072558479,100.36578191644428,1.1599606751320723,-0.45344810249430295,-0.2356014847819492,-0.003533778508237096,-0.25717010793235057,-3.8098102011961594,-3.8187063309275353,-2.967284276908886,-2.9892511563463855,4,FREE
3.09999999999988,88.42999999997531,0.0,0.0,2.532066851650179,0.030117254008471706,0.04877302687657538,-3.1661051499504533,-1.638293570296151,88.61727149480144,136.125698150936,1.158482804708603,-0.2989160220322633,-0.2622146200257348,-0.20809184639824801,-0.39690737253331027,-4.880239867887245,-4.88880110076853,0.06707495445430808,0.07141248711880202,4,FREE
3.109999999999879,88.43999999997529,0.0,0.0,2.5281780437595733,0.030038099505301865,0.04896734398208456,-1.909334803345931,-0.30046463478146407,133.020826027741,133.21152601190198,1.1577693801480993,-0.31304181968466743,-0.17321474934009298,-0.3857762887185575,-0.3865388192568832,-4.737412693140458,-4.742849182690449,0.06707495445430808,0.07141248711880202,4,FREE
3.119999999999878,88.44999999997526,0.0,0.0,2.5251282883473487,0.02997617601756109,0.049132593887242504,-0.5658108162389817,0.8220082858418084,133.688347235343,102.29288044665141,1.1582153894988034,-0.5428600763727752,-0.010156682075838145,-0.3890691809422961,-0.2665005681688315,-3.0089902487139035,-3.007031148506026,2.9910554588428746,3.0214812554601074,4,FREE
3.129999999999877,88.45999999997524,0.0,0.0,2.5240421964041526,0.02995416412607023,0.04920637279364826,0.6373315520735444,1.4407845668460995,115.68258123049087,52.570000359950114,1.1601642399603365,-0.6138878507516258,0.18465132166902154,-0.3191490397864959,-0.07233154080339674,-0.7677989141638197,-0.7608028257272419,4.0,4.0,4,FREE
3.139999999999876,88.46999999997522,0.0,0.0,2.5253629241735847,0.029981143833510478,0.049173623111057246,1.3618117701138979,1.442643999446861,66.37060115979338,-12.918145250772394,1.1618579426823339,0.23188303522060713,0.16514219378170078,-0.12723929579570534,0.1833182397532042,2.0108625679107117,2.016348737245493,4.0,4.0,4,FREE
3.1499999999998747,88.47999999997519,0.0,0.0,2.5291005882137423,0.030057269369152356,0.04902704121436312,1.4947064253450826,0.8253382670465349,4.943306533006273,-72.41250375899004,1.1631739063714162,0.3749021285483535,0.20741975806069307,0.11201861902247223,0.41585461477639285,4.367074225339643,4.375497913211302,3.026113302217954,3.049860340003216,4,FREE
3.1599999999998736,88.48999999997517,0.0,0.0,2.5348271218197236,0.030173842846853927,0.04878099684056472,0.9902900428484612,-0.3014338597322631,-57.965019195512966,-122.74560693075416,1.1652517714684565,0.1160573677467494,0.33270224555337263,0.3599293498285811,0.6120063329855615,6.464454037739733,6.477525187237631,3.026113302217954,3.049860340003216,4,FREE
3.1699999999998725,88.49999999997515,0.0,0.0,2.5414120526202044,0.030308053753247917,0.04849052092702275,-0.035778533963365916,-1.6475203057112962,-108.43007528430105,-135.2000461414217,1.1673271683723858,0.2254060783252063,0.3185783975619624,0.5574604420980069,0.6601509606868304,6.545997067801879,6.557010524924638,0.07702673570258864,0.08245589345332685,4,FREE
3.1799999999998714,88.50999999997512,0.0,0.0,2.5478825641373977,0.030440102090808056,0.04819776427949589,-1.3759053805845525,-2.9644147959485543,-134.3565056499582,-128.31614076854194,1.1688208344322009,0.09532930476066201,0.24567417086569604,0.6572985962438871,0.6319276928802093,5.801844271312566,5.808885425705671,-3.0530798287961636,-3.075687678577915,4,FREE
3.1899999999998703,88.5199999999751,0.0,0.0,2.5527641648172152,0.030539707870469446,0.04795763120132355,-2.7265536447743517,-3.8732984879797305,-137.60502130768103,-81.55282564716829,1.1690165714109344,-0.008850883716415313,0.06718361365546693,0.6678151012216996,0.44941963354179004,3.8178089975031613,3.818683126168628,-3.0530798287961636,-3.075687678577915,4,FREE
3.199999999999869,88.52999999997508,0.0,0.0,2.555603557581153,0.030597441829077414,0.047798827201046175,-3.728785425411931,-4.258781143071731,-94.25985988051869,-26.33303299278031,1.1687396281672904,0.3748648818017219,0.006589400465031738,0.4996582622759216,0.23468940693120352,1.3577223411875994,1.357991255568773,-4.0,-4.0,4,FREE
3.209999999999868,88.53999999997505,0.0,0.0,2.556070788523785,0.03060651421698019,0.04774522545023491,-4.230521817763445,-4.0363027630577815,-43.23701980989326,34.66915979452008,1.16892450708827,0.19821884884802185,0.006826449876042258,0.3004333949397025,-0.001964917883408494,-1.1578343845842607,-1.1589746452472665,-3.629071442567253,-3.66434263376395,4,FREE
3.219999999999867,88.54999999997503,0.0,0.0,2.5543176503054803,0.030570098042961562,0.04779891352530937,-4.127834956407098,-3.2450437891806336,17.07088896837954,90.25256466231244,1.1681470426692715,0.11809252603043248,-0.1862221355949414,0.0636044397985478,-0.21793503213899193,-3.482627785530285,-3.491072907057566,-3.629071442567253,-3.66434263376395,4,FREE
3.229999999999866,88.559999999975,0.0,0.0,2.550788402855353,0.030497476715008066,0.0479508476495072,-3.4478782389625215,-1.99876737530312,74.47547032072198,128.90102927532809,1.1665173801566442,-0.2053525197074281,-0.26889460603679266,-0.15698711028847542,-0.36889359934322924,-4.7179322369114365,-4.727129915180949,-0.9254853077760297,-0.9251530542579771,4,FREE
3.2399999999998648,88.56999999997498,0.0,0.0,2.546685731831151,0.030413424069957257,0.04814995215133597,-2.2616850057682902,-0.6062456873623214,124.31878285741817,141.8617086354616,1.1656318071151517,-0.09262946026630377,-0.2001864389450464,-0.3509127936830102,-0.42012781018911766,-5.247587370265547,-5.254207507685142,-0.9254853077760297,-0.9251530542579771,4,FREE
3.2499999999998637,88.57999999997496,0.0,0.0,2.54324832751383,0.030343141942213367,0.048332051221455785,-0.8952752981767619,0.6150444297016883,138.39856766754485,114.66631694865794,1.166115028933479,-0.1106892400786918,-0.019662261163714063,-0.40640129031067285,-0.3149079151576203,-3.6453143727429294,-3.6443036523799677,2.212239430169245,2.241503215863451,4,FREE
3.2599999999998626,88.58999999997494,0.0,0.0,2.541395180691227,0.0303052761266703,0.04844299496599993,0.400612562307399,1.4303288788670168,125.17932220963867,71.84534759564143,1.1678113679077315,-0.6968299989956832,0.11542475027758053,-0.3549626517678638,-0.14773148832188054,-1.5766167975872838,-1.572553783044845,4.0,4.0,4,FREE
3.2699999999998615,88.59999999997491,0.0,0.0,2.5419628995078893,0.030317088565403768,0.048448891480090635,1.3128151714499303,1.6248759899496876,87.66279155505619,6.351326038386889,1.1690533314973002,-0.20475172360706226,0.10450248474683789,-0.20948469308457074,0.10792869029965536,1.203039512792349,1.2062322748087175,4.0,4.0,4,FREE
3.2799999999998604,88.60999999997489,0.0,0.0,2.5450274997329028,0.030380093875769783,0.048335960256552596,1.6383890723585195,1.1798440239758043,24.36996762639884,-56.82062735637372,1.1704464093130762,-0.006542389362167103,0.21874388241094322,0.03732883134074519,0.3548650606298848,3.821974465933118,3.8314229660089985,3.733557282048311,3.765785988440503,4,FREE
3.2899999999998593,88.61999999997487,0.0,0.0,2.550431518463105,0.03049124242511701,0.04811435761136857,1.3181287393571794,0.13519471416219023,-39.52427109849637,-118.48237138471089,1.173074855080679,0.21145776584500933,0.39880855352736333,0.28780848808844856,0.59521860864269,6.041277317842525,6.055838959265045,1.11733462775165,1.1308631835083613,4,FREE
3.299999999999858,88.62999999997484,0.0,0.0,2.5570019697530735,0.030626331983823814,0.047827087729540925,0.38006917583164757,-1.2074138326562192,-100.90173098417796,-138.19904673620658,1.1757884926788063,0.6630790840526377,0.3905301093086549,0.5288708355485319,0.6720494633797046,6.82812838612151,6.841992821454571,1.11733462775165,1.1308631835083613,4,FREE
3.309999999999857,88.63999999997482,0.0,0.0,2.563839923181226,0.030767034058832046,0.04751768979992581,-0.9231141474840231,-2.618657129341916,-133.08869796724503,-136.47194830150937,1.1779140788188631,0.1706446227538343,0.30778841295639625,0.6511553397545584,0.6640969342022919,6.2609382087700665,6.270259023879205,-2.2353684166760313,-2.252958252371792,4,FREE
3.319999999999856,88.6499999999748,0.0,0.0,2.5694431270579097,0.03088236880703873,0.04724718896606535,-2.3592987724858943,-3.712865741539692,-144.60048236243404,-102.68027078850693,1.1786684324599077,0.32686033276352955,0.14274318145506248,0.6960880016693348,0.5314852160789989,4.822856076203032,4.826484716020478,-2.2353684166760313,-2.252958252371792,4,FREE
3.329999999999855,88.65999999997477,0.0,0.0,2.5730899107281298,0.03095723544734113,0.047052926592079145,-3.520900003625541,-4.30554863947054,-112.47132609597517,-47.035725005176914,1.1791712837909227,0.4103547914798178,0.10035929475576544,0.5681913006241832,0.3148962731471661,2.223101004826741,2.2265340898336787,-4.0,-4.0,4,FREE
3.3399999999998538,88.66999999997475,0.0,0.0,2.5743549770653686,0.030982826445892658,0.04696027916686764,-4.235901392782251,-4.287912740713776,-64.51517450646708,13.95428807160431,1.1800812579556879,0.026902120027510797,0.08649303630407505,0.38102249059451276,0.07815825177233512,-0.3414447928129659,-0.3382732353393242,-4.0,-4.0,4,FREE
3.3499999999998527,88.67999999997473,0.0,0.0,2.573238869252466,0.030959124994617206,0.04698049299145691,-4.34019909447996,-3.660293424124928,-2.918222655266215,74.97317477697213,1.1814292931771593,0.047595950444091144,0.07529788270289266,0.14415469804892975,-0.1586541560202374,-2.9038089793447464,-2.9009136555751316,-4.0,-4.0,4,FREE
3.3599999999998515,88.6899999999747,0.0,0.0,2.57022854293581,0.03089619415831004,0.047103811587843575,-3.834726840141988,-2.5479125701451135,57.664143820683684,117.11428626407832,1.1825252431510467,0.3633713646110928,-0.023270108885360463,-0.09278857818862589,-0.32313393605382035,-4.380071746070029,-4.382051380474179,-1.970422419561412,-1.996160433986382,4,FREE
3.3699999999998504,88.69999999997468,0.0,0.0,2.5661390819650634,0.030811033625914273,0.04729442221943313,-2.7939529748827034,-1.1595671462576553,108.96886520809767,146.86395494093998,1.1825831090748058,0.03843992328422321,-0.15238877535272113,-0.2897604126913046,-0.4395626914138019,-5.176542696582681,-5.1815970333226335,1.216875645827323,1.2220354664622235,4,FREE
3.3799999999998493,88.70999999997466,0.0,0.0,2.562395302647144,0.03073324751265147,0.047487251424096974,-1.44477371117752,0.13892557752446333,139.00550552720892,125.60137636155942,1.1827817637395461,-0.38838115756432334,-0.08548626888675542,-0.4070618801967651,-0.3579235829979444,-4.254442628465507,-4.257041802047284,1.216875645827323,1.2220354664622235,4,FREE
3.3899999999998482,88.71999999997463,0.0,0.0,2.5598575267310015,0.030680714357968628,0.04763187015395918,-0.10382529792803662,1.1281448653362023,131.65750672503214,88.1634078554166,1.1836197986100763,-0.3627411614208552,0.02937490841741677,-0.38065915087257884,-0.21216281960040312,-2.297982162161993,-2.2950813790668203,3.7659118089920605,3.7951734356689992,4,FREE
3.399999999999847,88.72999999997461,0.0,0.0,2.559674137806842,0.030677332419137584,0.04767348869594093,0.9766452412026033,1.5131065442205773,104.50722653317703,26.07795708042586,1.1857657777315822,0.07910478917552796,0.2156902249683056,-0.275307229529025,0.030053113943749703,0.3305880664377606,0.3401163914286862,3.7659118089920605,3.7951734356689992,4,FREE
3.409999999999846,88.73999999997459,0.0,0.0,2.56199505874222,0.030726011094811226,0.0475960608394067,1.4857840856979072,1.2562327759215755,43.01653838180247,-38.80515302181231,1.187861834023279,0.7831556994617352,0.22724795455612415,-0.03720333909984272,0.28349910353363966,3.099459394934954,3.106990029406721,4.0,4.0,4,FREE
3.419999999999845,88.74999999997456,0.0,0.0,2.5667357209941413,0.030824991260143163,0.0474046316010003,1.3600943110499326,0.3790999062701193,-20.817294269758335,-98.44015421738386,1.1891853108628145,0.10527437972935536,0.2115235052295323,0.2122919648033394,0.5162651370468868,5.3301546021417,5.337499235859532,2.096688211229921,2.1098159542256747,4,FREE
3.429999999999844,88.75999999997454,0.0,0.0,2.573003164478656,0.030955544780575786,0.04712918625586044,0.5901587245426999,-0.8887270272035377,-85.88489448559463,-133.8664243546101,1.1903682799455728,0.22431635675139863,0.23943700302526547,0.46913963665191405,0.6541704319258044,6.787020754486175,6.795562981174898,2.096688211229921,2.1098159542256747,4,FREE
3.4399999999998427,88.76999999997452,0.0,0.0,2.5798177251525405,0.03109750546075694,0.04682110100025693,-0.6067999786401713,-2.296752695516475,-124.14340917861817,-137.16611205612574,1.191054336587316,0.3586298493598287,0.17118532863825722,0.6157642818814228,0.6660724391170608,6.429430282672643,6.43438313954443,-1.2416976001101676,-1.2543489975856685,4,FREE
3.4499999999998416,88.77999999997449,0.0,0.0,2.5858620110424013,0.031223432099772578,0.046536904900417425,-2.0296598704172446,-3.507276648859163,-142.2625557532383,-119.23410744841114,1.1908241860793463,0.007325304867364578,0.06422463901157333,0.6848686172768043,0.594667975672101,5.279122791141762,5.28112389575731,-4.0,-4.0,4,FREE
3.4599999999998405,88.78999999997447,0.0,0.0,2.5899230374185946,0.03130781935005635,0.04632797287144285,-3.293373828567291,-4.208821848676698,-124.43842675003604,-57.89512013550413,1.1907441840534316,-0.047132129406310536,0.05445795159666356,0.6142980002181119,0.35611830356698504,2.671279423425603,2.6732818383133097,-4.0,-4.0,4,FREE
3.4699999999998394,88.79999999997445,0.0,0.0,2.5915993284463954,0.03134236059708998,0.04621708632973401,-4.117501503276013,-4.299067336281084,-74.54782696440458,3.1802915207861098,1.1911531097163237,-0.08163179935860801,0.04780513999745595,0.42160518242714007,0.11898742503378788,0.10360784984356342,0.1055332244681716,-4.0,-4.0,4,FREE
3.4799999999998383,88.80999999997442,0.0,0.0,2.590893788107244,0.03132712442710473,0.04621635611173104,-4.329820729732627,-3.7791352713213606,-14.109938318578237,64.2012823881145,1.192069629567466,0.19850526681986452,0.042747207968630005,0.18471677624661037,-0.11779778492328911,-2.4576861441341222,-2.455866952805737,-4.0,-4.0,4,FREE
3.4899999999998372,88.8199999999744,0.0,0.0,2.5882715197056596,0.03127186502820521,0.046317126703543446,-3.932004754050634,-2.768763663672054,47.18818904425961,109.24469336713987,1.1928335281873437,-0.41325665172132797,-0.03528364489491493,-0.05140333752090644,-0.29337154504530977,-4.159243551922712,-4.161162966913085,-2.7119854840287467,-2.7285709415937434,4,FREE
3.499999999999836,88.82999999997438,0.0,0.0,2.584271612533091,0.031187919706987175,0.04649831171635762,-3.0037445660477586,-1.4055893247216242,97.59153051754258,140.58958106759707,1.1933085515482054,-0.5898150297069101,-0.07816142484957657,-0.24929168865989101,-0.4160703439197696,-5.026778476864908,-5.028850635647406,0.43536195659463495,0.4474856304510231,4,FREE
3.509999999999835,88.83999999997435,0.0,0.0,2.580376529267659,0.031106314459083177,0.04669500573024662,-1.6831956033983424,-0.07045829540898532,138.86871013639077,131.75699183616888,1.1944559995830353,-0.27602878488215477,0.008751062655270037,-0.4101067487658059,-0.3826427612694094,-4.634168136490891,-4.633194005590313,0.43536195659463495,0.4474856304510231,4,FREE
3.519999999999834,88.84999999997433,0.0,0.0,2.577520627166118,0.03104659420030362,0.04685318379537658,-0.3305205439378248,0.998032858265343,134.47103955687246,96.11085272852804,1.1963980725925476,-0.6965424771694547,0.12563981090719203,-0.39203329037656787,-0.2440785647335722,-2.7197015404203326,-2.7138806349155864,3.2429660348540583,3.265732947076775,4,FREE
3.529999999999833,88.8599999999743,0.0,0.0,2.5767760706233576,0.031031166806576575,0.04691375549715426,0.8272948058205095,1.5249757651491023,111.61711201237789,42.43713336257692,1.1991275103328685,-0.6976628365360209,0.2555914269338445,-0.3009711956603087,-0.034461509920005816,-0.3453257251082027,-0.33629892028206465,4.0,4.0,4,FREE
3.5399999999998317,88.86999999997428,0.0,0.0,2.578476375442635,0.031067162635060035,0.046862989728113466,1.4662800148343187,1.4253882135283105,57.55754136954181,-23.06397990912068,1.201354061398659,0.4006689978634673,0.22578170938521852,-0.0927434162493011,0.22133812488678678,2.428901774641078,2.436169742379654,4.0,4.0,4,FREE
3.5499999999998306,88.87999999997426,0.0,0.0,2.5825623151250814,0.031153314891874593,0.046698535129780824,1.497744140991429,0.7147346216336717,-4.945228153552483,-81.20484760441582,1.2031345484291416,0.24591978664684044,0.26526086803558435,0.1499063810571649,0.44860198035646,4.694710260000682,4.704875233198713,2.808995917862203,2.841094438889329,4,FREE
3.5599999999998295,88.88999999997424,0.0,0.0,2.5885103860568703,0.03127859583496797,0.0464387588393769,0.8959113451677069,-0.4727864702648782,-67.33281759194267,-128.14158858430253,1.2057477955442464,0.4882966792011655,0.3978104175917957,0.39618142060585176,0.6314448346755984,6.644863958319872,6.6603326201905,2.808995917862203,2.841094438889329,4,FREE
3.5699999999998284,88.89999999997421,0.0,0.0,2.5951380305756038,0.031418408249461384,0.04614304704835287,-0.1976939618021967,-1.8337483433561725,-114.45804689693645,-135.61166926941266,1.2082756939961783,0.3856155725882514,0.3623797384363187,0.5805553448577853,0.6600789966186712,6.501446889456472,6.513643514391985,-0.2571006226046766,-0.25514142817699925,4,FREE
3.5799999999998273,88.90999999997419,0.0,0.0,2.601447542220185,0.031551733500511284,0.04585478088241374,-1.5634557638662088,-3.1132322122820026,-136.5550403591351,-123.59338824508379,1.2099010425182808,0.010727316090741876,0.25057533734697585,0.6625678390350417,0.6118985985055485,5.5527970555785915,5.559056353102231,-3.3168155245675193,-3.352352356438243,4,FREE
3.589999999999826,88.91999999997417,0.0,0.0,2.605997296190923,0.03164783051954031,0.04562680534751328,-2.886522105963816,-3.9407943165139296,-133.76395475936877,-72.56880969940022,1.2095972819782017,0.1835609808813733,-0.0012471526184218507,0.6527665297774063,0.4130158211680927,3.3926711329311545,3.390407847336929,-3.3168155245675193,-3.352352356438243,4,FREE
3.599999999999825,88.92999999997414,0.0,0.0,2.608405605020432,0.0316984433164734,0.045485915510173634,-3.8159560777712622,-4.219400501236283,-86.49706398521629,-15.647993248302717,1.2085334483760444,-0.42503195109759284,-0.07799540519839651,0.4681492700389548,0.19184109561589477,0.9009186001445083,0.8982256409172208,-4.0,-4.0,4,FREE
3.609999999999824,88.93999999997412,0.0,0.0,2.608447025810702,0.03169883116791576,0.0454526451126866,-4.212512601318829,-3.8913534746910536,-32.776173051309996,45.38235024865065,1.2081098434872795,-0.2779644889024378,-0.06517689484344402,0.2574216849297415,-0.04489010965755312,-1.583657532878849,-1.5866093790889835,-3.4030213143679666,-3.4256929665891565,4,FREE
3.619999999999823,88.9499999999741,0.0,0.0,2.6063749021762037,0.0316545046310985,0.045524404062196676,-4.002858555097996,-3.021929050091379,28.351096856100682,97.34680357854722,1.2074452208132935,-0.22864468471856456,-0.1663453008091068,0.021421318985307955,-0.2469574415393964,-3.7561616119634618,-3.7627952870412282,-3.4030213143679666,-3.4256929665891565,4,FREE
3.629999999999822,88.95999999997407,0.0,0.0,2.602687810393494,0.03157614763267099,0.045687129642477675,-3.2375140573829015,-1.7387434193094606,82.59644741562776,131.5185903819977,1.2065819741501451,0.7232449834162491,-0.2034666215366299,-0.19167670501659198,-0.38059575990156214,-4.7829588982878,-4.79001419643239,-0.5545730418708276,-0.5595338739834911,4,FREE
3.6399999999998207,88.96999999997405,0.0,0.0,2.5986515153000873,0.03149061798196357,0.04588609313040301,-2.0045658909956923,-0.3667398614683403,129.51868359629412,138.64097910977236,1.206021291665781,0.06269394531607389,-0.17838911569896704,-0.36850936791496747,-0.4090451313311446,-5.065793196741228,-5.071943894181331,-0.5545730418708276,-0.5595338739834911,4,FREE
3.6499999999998196,88.97999999997403,0.0,0.0,2.5954735568435505,0.031423364991058286,0.0460568526514553,-0.6469839772405755,0.7846623664949294,136.73693564131352,106.811880893532,1.2060849115671024,0.02396994428179379,-0.0761899771981815,-0.4000852215392661,-0.28560947225353966,-3.2808535941015777,-3.282591734558646,2.4910351372768584,2.504969143751694,4,FREE
3.6599999999998185,88.989999999974,0.0,0.0,2.5940289661659115,0.03139280032626896,0.046147912677636425,0.5876732902823656,1.4918868748483372,118.71490689274087,60.5175764652558,1.2066649347821705,0.3159462297908384,0.004521278332361507,-0.3302687985056856,-0.10479573876705593,-1.1044542948015077,-1.104299558478369,4.0,4.0,4,FREE
3.6699999999998174,88.99999999997398,0.0,0.0,2.595025922461065,0.03141404742560577,0.046132565895226116,1.3970252287988216,1.5732139886913625,76.01339264832727,-4.969578588736556,1.2068278153083367,0.41519395880471366,0.00963679948064533,-0.16842826746006753,0.15090775600202205,1.6724349523318933,1.6724016603025624,4.0,4.0,4,FREE
3.6799999999998163,89.00999999997396,0.0,0.0,2.5984532629111543,0.03148667703534072,0.046000688842142055,1.6093695112445139,1.032133238795687,13.49879607268237,-65.56636909787622,1.2071065174063655,0.3189698163491228,0.11141239805163003,0.07998203507929702,0.3878423089728673,4.139750461642467,4.145098436725156,3.4662284499222493,3.491816772175682,4,FREE
3.689999999999815,89.01999999997393,0.0,0.0,2.6040501661371342,0.03160521062601066,0.04576627959637249,1.1861838971098326,-0.06486044966732786,-49.94913719233054,-122.90887067240313,1.2083654482771178,-0.09917241970497817,0.26366946545581754,0.32519555258829724,0.611300873656901,6.163814556714659,6.173373146910379,0.7666394127139251,0.7728304441508067,4,FREE
3.699999999999814,89.02999999997391,0.0,0.0,2.610603986144198,0.03174393074891537,0.04547857576674295,0.18657449741933305,-1.4060669553290392,-107.19706254355827,-136.92045721596764,1.209593537311126,0.08926020822621551,0.2431487681233735,0.5491044740652644,0.6658117918912533,6.714318547635359,6.722843478368977,0.7666394127139251,0.7728304441508067,4,FREE
3.709999999999813,89.03999999997389,0.0,0.0,2.6172135000589263,0.0318838562277917,0.045179007349550465,-1.1265946917105194,-2.7615459038482304,-133.6055068003232,-129.91981698962573,1.210350485672325,0.08685383236445057,0.1790757432514538,0.649912059465743,0.6373667211997092,5.935654435248363,5.9409222145820095,-2.532407615910538,-2.5457952919708666,4,FREE
3.719999999999812,89.04999999997386,0.0,0.0,2.6224052027178293,0.03199374768931827,0.04492578873006829,-2.5171609034161855,-3.7528764612255356,-139.6589269396444,-91.4590226868339,1.2103076426437058,-0.17375428866057008,0.06644004180597457,0.6750202094224267,0.48685068585401714,4.302533279858928,4.3039403741037745,-2.532407615910538,-2.5457952919708666,4,FREE
3.729999999999811,89.05999999997384,0.0,0.0,2.6255682822655757,0.032060489952726576,0.04475290152378407,-3.5852232740647363,-4.224023086736953,-102.08224895726929,-34.88270257798168,1.210297101975223,-0.09703834369257262,0.04139620192549746,0.5282685973373701,0.26685382561178683,1.7077456040346908,1.709282011456135,-4.0,-4.0,4,FREE
3.7399999999998097,89.06999999997382,0.0,0.0,2.6263490653155106,0.03207659263173499,0.044683716395524965,-4.178689161172284,-4.084499376381463,-51.642334983138625,26.15584153396988,1.210803506810918,-0.2735478978548962,0.0366369250287131,0.3328641384906435,0.030034402786689892,-0.8581043709131723,-0.8565591150637848,-4.0,-4.0,4,FREE
3.7499999999998086,89.0799999999738,0.0,0.0,2.624745682051871,0.03204201891420562,0.04472922765811153,-4.161228820154892,-3.3338087281987177,9.995594810944105,87.311299675217,1.2118438549565715,0.05900148726902509,0.0331663985063551,0.0963671613602983,-0.20730248630075265,-3.4263691040886703,-3.4248727397167005,-4.0,-4.0,4,FREE
3.7599999999998075,89.08999999997377,0.0,0.0,2.6213438936727593,0.03196923504207645,0.04487500485288733,-3.532994594114575,-2.1225456019817446,70.3212313116506,125.73775198357166,1.2127614495679262,-0.13041314764137013,-0.04790099489999816,-0.14116428961899605,-0.35744159037906625,-4.68735917327432,-4.690003762064757,-1.563872764848492,-1.5869829962964803,4,FREE
3.7699999999998064,89.09999999997375,0.0,0.0,2.6171129322897326,0.031878977203162344,0.04507645975245059,-2.3832980877774634,-0.6991273923118903,119.03786550889063,149.13622717876586,1.2128160501508318,0.8654212789150102,-0.15734920830798443,-0.3311142787088235,-0.44909309543155596,-5.206766043546102,-5.211455169673622,1.673624744389598,1.6895219784118611,4,FREE
3.7799999999998053,89.10999999997372,0.0,0.0,2.6135051506005706,0.031802153556550306,0.045264650119250543,-0.9859623189041826,0.5636564084332378,142.68258320518865,120.56786819661184,1.2134396864572585,0.2534354332121424,-0.03139326423547227,-0.4234456459948315,-0.3387246621766415,-3.976757346687541,-3.9769499360129634,1.673624744389598,1.6895219784118611,4,FREE
3.789999999999804,89.1199999999737,0.0,0.0,2.611353876688947,0.03175647440675252,0.04539109757008608,0.3339032320593172,1.4532938722744497,128.37372774853364,77.36645813769331,1.2145352215100718,0.3531066415334883,0.03129141290130561,-0.3693284868667608,-0.17021410121627098,-1.8072883262638415,-1.8063910815009365,4.0,4.0,4,FREE
3.799999999999803,89.12999999997368,0.0,0.0,2.6116981045850083,0.03176411473956951,0.04540894867513725,1.324755009634163,1.702856333717109,94.27427336022421,11.850475062026822,1.2150921033941606,-0.3242974128909142,0.03253423722076927,-0.23752969980248986,0.08556690256124734,0.9703470617755164,0.9709522407580014,4.0,4.0,4,FREE
3.809999999999802,89.13999999997365,0.0,0.0,2.614600953609258,0.031826250413480854,0.045304730150904984,1.7053697036606352,1.296965011354144,30.108311992302863,-53.700856014446906,1.215038006226496,0.16292916431568108,0.03245269893223205,0.014258981555599279,0.3417624294765134,3.7316268861654716,3.7320805494191047,4.0,4.0,4,FREE
3.819999999999801,89.14999999997363,0.0,0.0,2.6198964152108983,0.03193927679595135,0.04508827014655036,1.430605373078743,0.2779331603462634,-34.97929107529716,-112.16951234062162,1.2145114023836687,-0.9937510304610303,0.04941059863045154,0.27033270568420353,0.5699778498061915,5.860363996038843,5.862284936352871,1.7395886156510605,1.7548767767586126,4,FREE
3.8299999999998,89.1599999999736,0.0,0.0,2.626522707405192,0.03208034416761023,0.0447963928084832,0.5141565635066144,-1.0813063375671583,-101.11404370806157,-141.860832908666,1.2143465027797047,0.3556224279340775,0.12506107321965948,0.5269300623443444,0.6854699753665767,7.072180411718468,7.077052852062906,1.7395886156510605,1.7548767767586126,4,FREE
3.8399999999997987,89.16999999997358,0.0,0.0,2.6334406346916945,0.03222753625934702,0.04448166227405796,-0.7856816660797397,-2.5151159450681515,-133.25779262429424,-138.18157385065393,1.213922748523196,-0.03203110037434225,0.061806288492050235,0.6536880988798389,0.6701015680283867,6.402161070149749,6.403145993306344,-1.7269871861156618,-1.7467442028401177,4,FREE
3.8499999999997976,89.17999999997356,0.0,0.0,2.6392974343069584,0.032352077299362424,0.04420137647954923,-2.2491113573247126,-3.6766606120452376,-145.41220388613968,-112.46950611386848,1.2125091770306973,0.1775489833188982,-0.06019123576680413,0.697078634836566,0.568557059398708,4.993251097524339,4.991009791218973,-4.0,-4.0,4,FREE
3.8599999999997965,89.18999999997354,0.0,0.0,2.643099425760186,0.032432696313539934,0.04400070696578275,-3.4762650547977874,-4.311120360338636,-119.39228459040194,-51.20269213474398,1.2113746903323444,-0.8421909958748064,-0.05220264569262168,0.5963765362024442,0.33029178724188274,2.3931352638354917,2.391588229728169,-4.0,-4.0,4,FREE
3.8699999999997954,89.19999999997351,0.0,0.0,2.6445185369895765,0.03246255760181008,0.04390049490389289,-4.2331531727947835,-4.3350054587531055,-68.25336740155416,9.803488836326073,1.2109043567815072,0.3312754855636789,-0.04276312123351707,0.39587661425028775,0.09344429852078907,-0.17114635588228355,-0.17223300256250684,-4.0,-4.0,4,FREE
3.8799999999997943,89.20999999997349,0.0,0.0,2.6435567797930366,0.032441775922560645,0.04391235867939341,-4.37898656437493,-3.749079865892055,-7.205316013889384,70.79707524505626,1.211096005786734,-0.15684668065645357,-0.03379564076157793,0.1596477179367158,-0.14327302303802147,-2.732085524435444,-2.7328328924486893,-4.0,-4.0,4,FREE
3.889999999999793,89.21999999997347,0.0,0.0,2.640759458859149,0.03238203208175636,0.04402389375706172,-3.915142362305182,-2.6937302955755595,55.10293265344324,113.04291526564376,1.2113681358862005,0.056210208841780365,-0.08383499159356461,-0.07711087984014775,-0.3081380025075149,-4.285603609107556,-4.288975370085333,-2.4931981705630943,-2.5073170872059865,4,FREE
3.899999999999792,89.22999999997344,0.0,0.0,2.6367215588949082,0.0322960486070224,0.044209861127702116,-2.9349081639753627,-1.320911707819211,102.41685124046084,140.83178421413322,1.211474810691503,-0.13103083075552743,-0.12078636629099247,-0.2668395822380938,-0.4171044662147253,-5.000919862373337,-5.005029895854261,0.6779249133472214,0.6765648427320123,4,FREE
3.909999999999791,89.23999999997342,0.0,0.0,2.6329341656810628,0.03221549924615975,0.0444034672278965,-1.5974917870115237,-0.013633000476444054,140.09438830278918,128.21371224037173,1.2116799455557608,-0.38559704293923575,-0.09643579396786765,-0.4148198415444327,-0.36895522940765574,-4.448250155941245,-4.451513063958083,0.6779249133472214,0.6765648427320123,4,FREE
3.91999999999979,89.2499999999734,0.0,0.0,2.6303113223477093,0.03215989685032215,0.04455238582339785,-0.2650892468107512,0.9947094454862223,131.7919003183226,89.62035041677403,1.212664484550682,0.13597924734747177,0.051579739831541384,-0.38276502107677907,-0.2189140999209471,-2.422090753212207,-2.417975286548879,3.3860017618001295,3.4192801553809367,4,FREE
3.9299999999997888,89.25999999997337,0.0,0.0,2.629888765634081,0.032151210542275425,0.0446002958128525,0.8379082146693663,1.438489431290291,104.98771849264953,33.54513071752902,1.2151802126328326,0.42799837037707883,0.2593001922980259,-0.278412162697913,-9.045263087890143e-06,0.0314260359165095,0.04102449003013653,4.0,4.0,4,FREE
3.9399999999997877,89.26999999997335,0.0,0.0,2.6319345956436306,0.03219510351997028,0.04453452070922374,1.3976032119962785,1.249512718020375,49.55636093026842,-32.01398060910693,1.217364305525904,-0.3928776147274339,0.23001356421255859,-0.0608052206223426,0.25594684812376145,2.8045923438445017,2.8122270190204075,4.0,4.0,4,FREE
3.9499999999997866,89.27999999997333,0.0,0.0,2.6363286527513625,0.032288976698612575,0.04435640161375535,1.3397914421668795,0.4588104084595642,-14.276954488733207,-88.5604200154356,1.2189574060956854,-0.16780528288476,0.24479249966988884,0.1853863872782681,0.4768431834442571,4.96524109781444,4.974283337979376,2.5565180634666724,2.5783489616344237,4,FREE
3.9599999999997855,89.2899999999733,0.0,0.0,2.6424315443434123,0.032419149049021226,0.04408892379671365,0.6530658912538142,-0.7696095666854156,-76.19717953025688,-131.41497483059067,1.2208177951805073,0.8840175106901852,0.31416090787175294,0.42856140129613884,0.6435644574356028,6.7423835942481825,6.753965784286888,2.5565180634666724,2.5783489616344237,4,FREE
3.9699999999997844,89.29999999997328,0.0,0.0,2.6490208815940095,0.03255979869726431,0.04379242278395999,-0.489601317541872,-2.1221525354641573,-119.80393625028094,-133.67046974251912,1.2219308053420748,0.3688733926349965,0.20940347840672116,0.5968244994783595,0.6517014195313938,6.367269477225717,6.373461499015574,-0.5972903497148304,-0.6102828049417134,4,FREE
3.9799999999997833,89.30999999997326,0.0,0.0,2.6550879033838752,0.032689374770564605,0.043511340442512,-1.857937968999431,-3.340993905559552,-135.62692931613415,-116.60954020418671,1.221758474293442,0.24349443920878866,0.06321525525708634,0.6601963852733658,0.583882869316536,5.22457863971979,5.2243108610073286,-3.5331085436974403,-3.568343110448276,4,FREE
3.989999999999782,89.31999999997323,0.0,0.0,2.659255087621076,0.032778278760086904,0.043297437909854686,-3.1295701844245225,-4.0721140009583925,-128.5077184607335,-62.255427182656284,1.2198850495019469,0.40110684982433087,-0.16110022223275916,0.6285641259483946,0.37220504506141827,2.925388334321322,2.9175802170106166,-3.5331085436974403,-3.568343110448276,4,FREE
3.999999999999781,89.32999999997321,0.0,0.0,2.661202663766325,0.032819590811749684,0.043175000010925134,-3.9692473527081154,-4.2343351030791085,-77.26374143339785,-4.020427604191778,1.217573548611091,-0.09509764004765628,-0.20874543446704008,0.4310317939887649,0.1460323572877029,0.41009473568562504,0.4029544574930485,-4.0,-4.0,4,FREE
4.00999999999978,89.33999999997319,0.0,0.0,2.6607903543454565,0.03281041025046472,0.04316248272783077,-4.2506885071405955,-3.791806037819622,-20.648324581427985,57.002893663487434,1.2161092018220963,0.2830640234005753,-0.1759424875006063,0.21114133570855584,-0.09068744688702884,-2.0373485322981564,-2.044053974446303,-3.1338230337020225,-3.1588606714133465,4,FREE
4.019999999999779,89.34999999997316,0.0,0.0,2.6583888418319237,0.03275886621689579,0.04325241359510733,-3.9248584930152868,-2.839968711224383,39.776953576003734,104.74475063856218,1.2145316223005924,-0.30768861910186585,-0.26305406991642866,-0.024733537879972133,-0.27656187632946017,-4.030849338493506,-4.040791153188405,-3.1338230337020225,-3.1588606714133465,4,FREE
4.029999999999778,89.35999999997314,0.0,0.0,2.6545518975971754,0.03267694518216126,0.04342590651845565,-3.068666638148751,-1.5204886165469764,90.67234006238225,134.03812252155166,1.213048745095633,-0.4349335689648324,-0.25230394153126184,-0.22482210846636147,-0.3913440408955913,-4.838576804768335,-4.846527650940076,-0.1900806310280772,-0.1813900269826167,4,FREE
4.039999999999777,89.36999999997312,0.0,0.0,2.650593186601147,0.032592673238027225,0.04362404626945404,-1.7889914443688053,-0.17056015855583542,133.2691357517816,135.25004503650194,1.2126755132767955,-0.6910299542631694,-0.14201103665566422,-0.3857835676762887,-0.3967609957491484,-4.873905016453357,-4.878041057202856,-0.1900806310280772,-0.1813900269826167,4,FREE
4.049999999999776,89.3799999999731,0.0,0.0,2.647686256937571,0.03253083501981061,0.043782660331429094,-0.441649487680186,0.9091909282869074,135.19120970985034,98.784045785634,1.213528343385537,-0.31865535799510175,0.019892884910835934,-0.3951768730959879,-0.2551479747369127,-2.9096907291435423,-2.90748874886643,2.7540971485307457,2.780359164236632,4,FREE
4.059999999999775,89.38999999997307,0.0,0.0,2.646661013239456,0.03250897988792997,0.043853271474213654,0.7299861730207607,1.50669500526124,111.25531740743494,49.024424413327694,1.215265614623551,0.1945454359766244,0.13364513332369996,-0.3045589086849179,-0.06078093814640834,-0.626724042210695,-0.6220784683373247,4.0,4.0,4,FREE
4.069999999999774,89.39999999997305,0.0,0.0,2.648098119139656,0.03253969402502188,0.043816482523670305,1.4348228633369777,1.4730150064228198,66.05273728081671,-16.4723973492986,1.2164634382784705,-0.3704200637713815,0.12014298264878635,-0.12590366259586894,0.19498161270291747,2.14868921318672,2.1523802111465913,4.0,4.0,4,FREE
4.079999999999773,89.40999999997302,0.0,0.0,2.6519099092898024,0.032621010591078754,0.04366547828899329,1.5321840354726504,0.8311970916635029,2.254145011405579,-74.92074651408309,1.2178509536562063,-0.4763719403124841,0.24050287391624126,0.12355266457627252,0.42350324021219643,4.487825904467626,4.498221611101135,3.2339381010197523,3.2684372113641023,4,FREE
4.089999999999772,89.419999999973,0.0,0.0,2.6577465738508828,0.03274562371784866,0.043417366203939066,1.0025131272396126,-0.32947432833388673,-59.637979051295886,-128.65025252444332,1.2206302667531597,-0.02611652216461651,0.43122869002292885,0.3644465511428485,0.632713855330793,6.3364865903413925,6.35227198658694,0.38718239003727634,0.4009015384498195,4,FREE
4.0999999999997705,89.42999999997298,0.0,0.0,2.6643276462877123,0.03288627608236926,0.0431273391233332,-0.06896920219325116,-1.6799853324267013,-114.22210051263491,-136.65056313348222,1.2235585520512826,0.8478575253502489,0.41620414093778485,0.5749804364972914,0.6636374148867563,6.635881459110794,6.650654803491809,0.38718239003727634,0.4009015384498195,4,FREE
4.109999999999769,89.43999999997295,0.0,0.0,2.670740380443652,0.03302350724227484,0.04283544613142088,-1.4034462807818646,-2.987421950068928,-134.15355938550053,-124.08485074802947,1.2258169189420616,0.5802523755101636,0.30690982150633456,0.6548021295066203,0.613483810406433,5.634991275200969,5.64383314542766,-2.840222899189312,-2.8664732670663655,4,FREE
4.119999999999768,89.44999999997293,0.0,0.0,2.675541232264374,0.03312621426326928,0.04259760629320758,-2.756680848013012,-3.880952836917446,-134.26086258452912,-80.69333484792331,1.2263237208730806,-0.19550071612420386,0.09418603370019016,0.6566034699650763,0.4439756526997501,3.7979360407593776,3.799445053435866,-2.840222899189312,-2.8664732670663655,4,FREE
4.129999999999767,89.45999999997291,0.0,0.0,2.6782375894893975,0.03318363651087963,0.042444596190228515,-3.736805024131489,-4.234923520838172,-92.75841467428053,-23.176614753218878,1.2265110619768929,0.1254620831829847,0.05021150649587345,0.4910866258156241,0.22045741549736284,1.2101244447542974,1.2118757637903066,-4.0,-4.0,4,FREE
4.139999999999766,89.46999999997288,0.0,0.0,2.6785631119347184,0.03319004498528343,0.04239694542879931,-4.212986142860114,-3.981237573161202,-39.883913303226635,37.387980765412834,1.2269622130442428,0.6537071203632276,0.0035408196039568435,0.28594760770310823,-0.014512834181383535,-1.3122628926644229,-1.3138274612244343,-3.83655773376126,-3.867759046310184,4,FREE
4.149999999999765,89.47999999997286,0.0,0.0,2.6765825854484024,0.033146878147778,0.04246146387147554,-4.07951457986296,-3.136462533816031,20.453797079260102,96.2654486678782,1.2262551929364134,-0.013619666730373943,-0.18734476076597886,0.04993803820025389,-0.24314611092056812,-3.779504625216044,-3.788083300316126,-3.83655773376126,-3.867759046310184,4,FREE
4.159999999999764,89.48999999997284,0.0,0.0,2.672946722527038,0.03306828320689572,0.04262127082846044,-3.352654984005334,-1.8677778216944476,80.1272206965027,130.3241119113745,1.2248571410720457,0.5074193846432551,-0.2607071991414196,-0.17969533304867516,-0.3764251154870052,-4.828199401513372,-4.837790605921739,-1.2033938104069053,-1.216577937386461,4,FREE
4.169999999999763,89.49999999997281,0.0,0.0,2.668707000057524,0.032977017031570535,0.04282694881140851,-2.1353912160330735,-0.44468443181811185,125.3845389211888,147.9342181276479,1.2235922695764714,-0.28080580393471954,-0.26689419016722543,-0.3566688119377609,-0.4455279466048048,-5.107910051631187,-5.116436329023181,2.023418192389367,2.0337340668200428,4,FREE
4.179999999999762,89.50999999997279,0.0,0.0,2.6653092199713444,0.032904017501297254,0.04300720761005909,-0.7269027153381745,0.7617680388649859,141.95875204028212,113.82584566045381,1.2230398687128448,0.36289578478869194,-0.14522387746840673,-0.42589713412442165,-0.31343947483581913,-3.645078386156144,-3.649298392587003,2.023418192389367,2.0337340668200428,4,FREE
4.189999999999761,89.51999999997277,0.0,0.0,2.6635328095797193,0.032865940823576134,0.04311586575913979,0.547720018149888,1.5528956412320039,123.04991079352492,67.29498593006028,1.2229267233024697,-0.18623456999327861,-0.0781415401538519,-0.3503101528912957,-0.13181204151446863,-1.385872050549355,-1.3885927406720895,4.0,4.0,4,FREE
4.1999999999997595,89.52999999997274,0.0,0.0,2.6642608165786736,0.03288174764771949,0.04311443949787483,1.44449059584522,1.7019216428081354,85.2286900992787,1.801078497997849,1.2224202472852443,0.5812399967393806,-0.06143713162554532,-0.19994948796883688,0.12398958409703831,1.3886788293690369,1.3862632590511503,4.0,4.0,4,FREE
4.209999999999758,89.53999999997272,0.0,0.0,2.66751744427442,0.032951848890616434,0.042992766525485386,1.7245276501979794,1.203299101380177,19.84618218033977,-62.71601489169779,1.2231080712005673,-0.11172580679687122,0.17259428949559527,0.05279076889294801,0.3761735928355003,4.0871036142260335,4.096128120061774,3.897861505855777,3.94103055533938,4,FREE
4.219999999999757,89.5499999999727,0.0,0.0,2.6730961011322845,0.03307187400185574,0.04276336663762056,1.3544556523486917,0.10961262168232506,-45.202538809038415,-119.02942908549421,1.225657858706246,0.09939201701638661,0.39218986570008746,0.30669785533001065,0.595899491348583,6.084432940617768,6.099473789413078,1.3848311330219347,1.4069671075377757,4,FREE
4.229999999999756,89.55999999997267,0.0,0.0,2.6798064086074125,0.03321604442909371,0.04246804527265601,0.35729863245392657,-1.2731051916162917,-108.53249229577293,-143.08088661175051,1.2286294001191218,0.34792941744474726,0.4349380652886967,0.5574198010611552,0.6893447788066963,7.059395795384,7.075347601156544,1.3848311330219347,1.4069671075377757,4,FREE
4.239999999999755,89.56999999997265,0.0,0.0,2.6866034062102306,0.033362149762438384,0.04215775705141486,-0.977291762565254,-2.677798390313091,-135.90906514440232,-134.32933574699277,1.230873667517951,-0.3445746185127219,0.31029337819436836,0.6637127637332575,0.6542034563548396,6.186481104760719,6.195624756989363,-2.0216125112594128,-2.043748594095849,4,FREE
4.249999999999754,89.57999999997263,0.0,0.0,2.6921642103295738,0.03348167012119594,0.04188828200068373,-2.4213731413786705,-3.7652547484117727,-142.13128195265492,-103.93632685783695,1.2314642424001019,-0.4172581593508667,0.1194406373632216,0.6861356241340812,0.5346188926620782,4.62414309169322,4.6278446745125565,-4.0,-4.0,4,FREE
4.259999999999753,89.5899999999726,0.0,0.0,2.695627405381305,0.033555833500071346,0.0417012123843071,-3.5819087478148464,-4.31472033199438,-112.5360304434683,-42.71153757936333,1.2319955991934266,0.23007424415805988,0.10151784154261866,0.56751767299053,0.2966123089446362,2.0297409610302637,2.0332376016684863,-4.0,-4.0,4,FREE
4.269999999999752,89.59999999997258,0.0,0.0,2.696708416506449,0.033578525523946516,0.04161649570847766,-4.253723394087396,-4.2537884347452986,-59.96063951344182,18.285578721309246,1.232959773636707,0.5878890769515753,0.0877416852570581,0.3621691040772622,0.059862479802313885,-0.533366080995118,-0.5301207145995124,-4.0,-4.0,4,FREE
4.279999999999751,89.60999999997256,0.0,0.0,2.6954076068621364,0.03354971828928344,0.041645511666576825,-4.3147438874099615,-3.582651693821773,1.1645212238793283,79.33138734708669,1.2343876417289263,0.11983113775818113,0.07659321872367789,0.12581158740615347,-0.177069337593837,-3.096540875034996,-3.0935650087975746,-4.0,-4.0,4,FREE
4.28999999999975,89.61999999997253,0.0,0.0,2.6923651285688575,0.0334832606666748,0.04177150417522155,-3.7658190596051733,-2.466108038765128,62.37697562552908,118.35117724942754,1.2349978591979747,-0.23795829786819073,-0.08372925021236828,-0.11071671791628218,-0.3295205164584568,-4.474384246403252,-4.478858032062428,-2.223399552732116,-2.2570842600984276,4,FREE
4.2999999999997485,89.62999999997251,0.0,0.0,2.6882436112689456,0.033393631924953246,0.04196449314963263,-2.7162787594213116,-1.0734264767419446,109.02918745302016,141.95753945069464,1.234529291893138,0.41717562167487365,-0.18657087292810384,-0.29328428765967035,-0.422222059283899,-5.007392412622482,-5.01322518945871,0.9659602210015301,0.9779404288210267,4,FREE
4.309999999999747,89.63999999997249,0.0,0.0,2.6845524408009065,0.033313588691136424,0.04215517799581742,-1.3503930525110985,0.2077360433994494,142.50695148858387,124.66649641583966,1.2347877707351236,0.09299899131827599,-0.07449431321540849,-0.4247799715540456,-0.3557547713789685,-4.259155506443213,-4.260978571205771,0.9659602210015301,0.9779404288210267,4,FREE
4.319999999999746,89.64999999997247,0.0,0.0,2.6821780903603303,0.0332623195588172,0.0422933906908878,-0.034750505551492915,1.1510613153718234,128.93701606942705,82.57949747539249,1.2359341878947758,0.12028077272545308,0.05657996162657808,-0.37391244518709527,-0.19195568073188396,-2.1001240238070467,-2.0966966749047438,3.5630416564827474,3.5853335593540088,4,FREE
4.329999999999745,89.65999999997244,0.0,0.0,2.6821059149723605,0.03326108471833082,0.04232648812310936,1.0094244644886872,1.5037921896502144,98.94136883105527,23.78659023283886,1.237890963213782,-0.5082974182912683,0.1947706390987723,-0.2545658391333795,0.037605854152658026,0.44527952516286234,0.45222082032585315,4.0,4.0,4,FREE
4.339999999999744,89.66999999997242,0.0,0.0,2.6845281968979706,0.033313993973908274,0.0422432928914224,1.4824274454961834,1.2171958041329636,40.12086130377769,-41.77599456264152,1.2394013614805435,0.586351788245506,0.17401734232106575,-0.02642948569626132,0.29364009921995265,3.2147470188191463,3.220279513721131,4.0,4.0,4,FREE
4.349999999999743,89.6799999999724,0.0,0.0,2.6892649209040327,0.03341707452085609,0.04204925196889935,1.3269990111917935,0.3375667689942289,-23.43258033881536,-96.87266510217695,1.2404481455339484,0.2596124144950374,0.20490953027297304,0.22286654451699867,0.5088550102591951,5.280127262711527,5.287916047509663,2.328638822314877,2.3531044326663975,4,FREE
4.359999999999742,89.68999999997237,0.0,0.0,2.6955747581153595,0.03355414540873204,0.04177177627859268,0.54699326966599,-0.9449139508067089,-85.28667946891194,-136.09468899691794,1.2420298750790657,-0.3191178530686956,0.2981663183308646,0.46416735265229386,0.66132191486047,6.902358654529576,6.913557393082892,2.328638822314877,2.3531044326663975,4,FREE
4.369999999999741,89.69999999997235,0.0,0.0,2.7022043393744104,0.03369825453641643,0.04147175469500499,-0.6569973968316378,-2.308795957861593,-126.10997927266385,-133.8648355249739,1.243436407391048,-0.25391547611925736,0.2565200109782714,0.6189877666074118,0.6518880852962147,6.327224787314789,6.335729577327903,-0.8985405403276056,-0.899117349427928,4,FREE
4.37999999999974,89.70999999997233,0.0,0.0,2.7081334015789698,0.03382722235778278,0.04119432423944376,-2.046067321548941,-3.4932757216741703,-137.75821134038975,-112.31430436075188,1.2441769727144056,-0.125398531483176,0.16097614677999775,0.6654162782350921,0.5666283279080104,5.001700071514515,5.005115923982599,-3.776746295778404,-3.8081165723556665,4,FREE
4.3899999999997386,89.7199999999723,0.0,0.0,2.7120122226403907,0.03391144761701845,0.040992581750702355,-3.2919380995834193,-4.151394979348587,-125.11883458940699,-54.20174622928633,1.2433878431718626,0.380737257752253,-0.05847658680091392,0.6158024645267506,0.3405340138632484,2.543708915359554,2.5391403597755215,-3.776746295778404,-3.8081165723556665,4,FREE
4.3999999999997375,89.72999999997228,0.0,0.0,2.7135825199632526,0.033945285815240374,0.04088647216589454,-4.0661566652457015,-4.217792935561459,-70.39297828120404,5.5636117499646085,1.2420183732646863,0.9148356501430137,-0.12668157737773605,0.4031988212100975,0.1085022374650979,0.0014972210329792235,-0.0030473323193257462,-4.0,-4.0,4,FREE
4.409999999999736,89.73999999997226,0.0,0.0,2.7127968132608293,0.03392771775330187,0.04089099926901961,-4.253319926344106,-3.680482769875402,-11.684824125782901,66.61802785588739,1.2413365410681068,-0.5914781313334513,-0.10712224833272146,0.17403799029158734,-0.12837300975484386,-2.417384990448574,-2.4224759795332056,-2.925631830460461,-2.962693436016423,4,FREE
4.419999999999735,89.74999999997223,0.0,0.0,2.7101147609340095,0.033868884520411306,0.04099557386860866,-3.831500466059963,-2.6577513708713765,49.63963578059775,111.20353202391657,1.2398709068429743,0.33422070198999865,-0.2757625076295827,-0.06240610282173407,-0.30214307049549566,-4.2747643139904845,-4.285862179449575,-2.925631830460461,-2.962693436016423,4,FREE
4.429999999999734,89.75999999997221,0.0,0.0,2.7061366719026165,0.033782079486461614,0.041177878883274566,-2.8981075588083796,-1.3031036340650752,99.26562700094331,136.64302955228533,1.2379319649590685,-0.13834713973660043,-0.30742015078561635,-0.25402595807969397,-0.40199809877614323,-4.903696812221777,-4.9137639316107835,0.12247377226565467,0.1275791278265165,4,FREE
4.439999999999733,89.76999999997219,0.0,0.0,2.702226358345766,0.03369704768719085,0.04137533414145873,-1.5748472855399216,0.03341437120341017,136.52621922822874,132.92106192291877,1.2369674958995447,0.8270625558633687,-0.20351945994435766,-0.40109676771636094,-0.38814990130509014,-4.730753865672792,-4.737153045069748,0.12247377226565467,0.1275791278265165,4,FREE
4.449999999999732,89.77999999997216,0.0,0.0,2.699552216309741,0.033639070904663615,0.041524986069627894,-0.23103686045966687,1.052481123155438,133.53841155583078,91.79706784106784,1.237333752134809,-0.4326336276984484,-0.01857671158641979,-0.3916717669656486,-0.22830159473534145,-2.571880374371757,-2.5703324956522575,3.041687191576704,3.0693435825721385,4,FREE
4.459999999999731,89.78999999997214,0.0,0.0,2.698918251266342,0.033625395999388664,0.04157805860740159,0.8890970146666032,1.5486105353476012,105.92467048972634,38.327995329572374,1.2388714115905495,-0.277060933348606,0.1275272422034947,-0.28278227860044836,-0.019429565244180318,-0.1756078099855677,-0.170761730566378,4.0,4.0,4,FREE
4.46999999999973,89.79999999997212,0.0,0.0,2.700769029875977,0.0336657437063696,0.041521133406276674,1.4981351887396044,1.4079085143436467,55.011492781533924,-27.17576724400992,1.2399214347201055,0.3770895366460827,0.11584542420054025,-0.08585164196051918,0.23640569772818584,2.597112781917153,2.6008632687083937,4.0,4.0,4,FREE
4.479999999999729,89.80999999997209,0.0,0.0,2.704938407261117,0.03375633444911615,0.04135139334368878,1.488488518772422,0.6735046574771029,-8.792698637587302,-83.45419018150828,1.2409785271654226,0.08656846352960461,0.2076424859045512,0.16527899623143982,0.4564595284961828,4.808131133936409,4.816969699213761,3.0086443407838748,3.0356537562824104,4,FREE
4.4899999999997275,89.81999999997207,0.0,0.0,2.7109873927554173,0.03388772606759299,0.04108953003660538,0.8604313287257864,-0.5424548190449406,-68.81467684834223,-133.53872138487338,1.2430032174407721,0.24366848686546283,0.35467114494393664,0.40150867453040007,0.6513412922688218,6.483084632199065,6.495653545559222,0.027612783973640725,0.030656443665657035,4,FREE
4.499999999999726,89.82999999997205,0.0,0.0,2.7175731346913783,0.03403089980141993,0.04079707552957888,-0.2745216030037325,-1.895025687829662,-120.0537382124463,-135.6887048990414,1.24479139081228,0.33241688826348004,0.2963615159878023,0.5971349505699683,0.659374972707413,6.539195642528851,6.549332948138679,0.027612783973640725,0.030656443665657035,4,FREE
4.509999999999725,89.83999999997202,0.0,0.0,2.7237820201321417,0.034165997810812226,0.04051267202950939,-1.622739765953415,-3.151053070474122,-135.35350399807194,-118.09674163633323,1.245869163763336,-0.09434970211316458,0.19756472328001348,0.6576135709316052,0.5896830425689495,5.345335080217325,5.350906979032161,-3.088027927155218,-3.106675568898633,4,FREE
4.519999999999724,89.849999999972,0.0,0.0,2.7282265758797424,0.0342626502648212,0.04028916282493379,-2.933821207927106,-3.95405650787457,-130.08827728037457,-70.87467465235572,1.2458974640054477,0.49447852112137625,0.05200411223484775,0.6370954598963324,0.40546712234358573,3.347910318375458,3.3485160409667465,-3.088027927155218,-3.106675568898633,4,FREE
4.529999999999723,89.85999999997198,0.0,0.0,2.730507462897885,0.034311984687873616,0.04015451541671364,-3.831081904089949,-4.202330059012323,-83.61004859882688,-12.612091025780282,1.2459052807463573,-0.28766314771226337,0.023778620680306565,0.457048299243913,0.17917207682141992,0.7649442488180954,0.7658975538177732,-4.0,-4.0,4,FREE
4.539999999999722,89.86999999997195,0.0,0.0,2.7304338378048874,0.034309836859902236,0.04012651591203135,-4.201519258952064,-3.847129084549191,-29.2124884532005,47.26245699860044,1.2462418615868711,0.0059120247151171835,-0.016568312023605314,0.24469488667904388,-0.053127837191116425,-1.696332227591254,-1.6982544292641266,-3.611132660645889,-3.643683485604005,4,FREE
4.549999999999721,89.87999999997193,0.0,0.0,2.7281734572656613,0.03425995246281171,0.04020594698975999,-3.9637551536971203,-2.931506079424928,31.189540869576888,102.65500089025441,1.2455367503373485,-0.05203389539151197,-0.1937829634885602,0.008057122512650151,-0.2683935326922849,-4.0141072606188635,-4.022726942055961,-3.611132660645889,-3.643683485604005,4,FREE
4.55999999999972,89.8899999999719,0.0,0.0,2.724419047351466,0.03417763045743051,0.040373719267706214,-3.1590893335364783,-1.6332979229149778,86.99474750234121,132.25236344003505,1.2441769564144334,0.0063389996040092555,-0.2577433265273334,-0.20863023272129042,-0.3843847092414048,-4.862136566092937,-4.87139853038061,-0.8820046621978976,-0.8922207628139416,4,FREE
4.569999999999719,89.89999999997188,0.0,0.0,2.7202592686530975,0.03408674357308552,0.04057856604996889,-1.9027196931396988,-0.23148275667623958,129.2930009518339,144.73571199011354,1.2430840273180572,0.023769287896568084,-0.24839638770818548,-0.36988382513015816,-0.43345606733406167,-4.936655950025084,-4.944104822484859,2.2712159184876706,2.290462602569689,4,FREE
4.579999999999718,89.90999999997186,0.0,0.0,2.717109368837784,0.03401803938983872,0.04074841499890125,-0.5056941813649093,0.9107653470880903,141.15239210062757,106.59957841984138,1.2430319137293073,0.33463979279018924,-0.0826015334024417,-0.4196558957102703,-0.28552165358412446,-3.306006856535565,-3.3076421935729945,2.2712159184876706,2.290462602569689,4,FREE
4.5899999999997165,89.91999999997184,0.0,0.0,2.7157007627280927,0.033987383365924585,0.040839591633063284,0.7127843867493083,1.607027053906936,116.75138562123601,57.64804904068232,1.2436402095659405,0.33690396519278026,0.001093610204143015,-0.325456106783968,-0.09435077515164775,-0.9817772468086069,-0.9817864992017055,4.0,4.0,4,FREE
4.599999999999715,89.92999999997181,0.0,0.0,2.7168030901276405,0.03401161740001645,0.04082003619377109,1.5179107402105307,1.6596700523963068,75.97325592392164,-7.8353764635825875,1.2437452501945714,-0.4440921927873609,0.006415064401418136,-0.16318526322985705,0.16146702731858034,1.7910711437628954,1.790907340017848,4.0,4.0,4,FREE
4.609999999999714,89.93999999997179,0.0,0.0,2.7203654668894632,0.03408952399684307,0.040682448610517716,1.7015485865478144,1.082388090308416,10.259998859434107,-69.99071124493744,1.2447381966756104,0.4631558025057609,0.20262892473666277,0.09069894302720806,0.4044815710514932,4.360419828027735,4.369963244166951,3.715014977202571,3.7527489698685836,4,FREE
4.619999999999713,89.94999999997177,0.0,0.0,2.726127709618739,0.034215537108991494,0.040442702650047214,1.2469092313227867,-0.05857405195264605,-52.87964701776193,-123.04583526531793,1.2471737185311165,-0.5073560855887429,0.3771993608862255,0.33826238240065915,0.6114337463013254,6.208764438234954,6.222588308078597,1.1152171238227657,1.1270293761381565,4,FREE
4.629999999999712,89.95999999997174,0.0,0.0,2.732856059375212,0.03436255746358894,0.040146579003375954,0.19537286254210534,-1.4461258169701143,-113.98549555664765,-142.68297640117612,1.2495158180444776,0.22275348908868378,0.36421426309370464,0.5767772788916614,0.6875846057972148,7.00068854823662,7.013604648529233,1.1152171238227657,1.1270293761381565,4,FREE
4.639999999999711,89.96999999997172,0.0,0.0,2.7395070890166844,0.034507944432120526,0.039842635921134247,-1.152866426965886,-2.813607110128259,-137.11041134772668,-129.82527169778513,1.2509455902303779,0.913863333061933,0.23101084787399961,0.6665834423579367,0.6364541870856246,5.960543488183481,5.966967163889926,-2.2682356686455085,-2.2909037143147684,4,FREE
4.64999999999971,89.9799999999717,0.0,0.0,2.744776133295614,0.034623072338492926,0.03958504571879475,-2.567751817990286,-3.826386546152483,-139.1054378069137,-95.53157206000003,1.2509143663073932,0.6957078735068394,0.05498975033576651,0.6729417017217754,0.5018745671517076,4.269347262858324,4.270881946913086,-4.0,-4.0,4,FREE
4.659999999999709,89.98999999997167,0.0,0.0,2.7479118385397956,0.034691305507188755,0.039412204659164826,-3.6598377374590148,-4.2920324776730014,-105.08598637110812,-34.33487249181232,1.2509470005007726,-0.15377865166145327,0.046445390821618256,0.5388543822380999,0.2640769824390326,1.6788840133577856,1.6805737105739469,-4.0,-4.0,4,FREE
4.669999999999708,89.99999999997165,0.0,0.0,2.7486655700445146,0.03470724786941408,0.03934321671160475,-4.247784402756351,-4.147275206817925,-51.329932566342336,26.672249498292967,1.25150879023303,-0.40793538027552484,0.041112475749647714,0.3297818317764081,0.027344257809126166,-0.8844646415410226,-0.882749985426532,-4.0,-4.0,4,FREE
4.679999999999707,90.00999999997163,0.0,0.0,2.747035990533632,0.03467086055242423,0.03938927187352204,-4.225022367935708,-3.391726571901516,9.985905895714232,87.78939029974,1.2526190709460512,0.4631462447640266,0.037229537267561036,0.09271315190980917,-0.20987839139703293,-3.4510146867178735,-3.4493456407641006,-4.0,-4.0,4,FREE
4.6899999999997055,90.0199999999716,0.0,0.0,2.743759352451345,0.034598366125962655,0.03952922920837042,-3.5918535253409423,-2.2149223570213072,70.4678172319556,123.55899308416087,1.2533479815007105,0.7969297480879362,-0.06556235112296033,-0.14373465947019423,-0.3498000229942059,-4.655151093719586,-4.658398517199913,-1.9661309727865837,-1.9887272893641608,4,FREE
4.699999999999704,90.02999999997158,0.0,0.0,2.7395656886973976,0.0345059019847005,0.03972846610373738,-2.4738699166641642,-0.8033819228472588,115.83167143051458,142.99574640203758,1.2533732768112817,-0.13255727240920084,-0.14253932261784485,-0.3177994035519418,-0.4262471222386981,-5.008589550765633,-5.013527995047124,1.254016958256196,1.2525114157054908,4,FREE
4.709999999999703,90.03999999997156,0.0,0.0,2.735975068750106,0.0344268757463105,0.039915614331355154,-1.0806476255271564,0.4525582092012082,145.0866522603291,121.25306892680092,1.2533894951014997,0.2968901138710099,-0.11390025667333657,-0.4336233522199075,-0.34228582689789594,-4.070969072936364,-4.0748633580865175,1.254016958256196,1.2525114157054908,4,FREE
4.719999999999702,90.04999999997153,0.0,0.0,2.7338643432415637,0.0343806664233516,0.040042697017771446,0.21868403973967818,1.328994465959041,127.23982867732083,75.1458961346728,1.2538676731552658,1.1969229533163883,-0.0023211647532046134,-0.3654571429055219,-0.16268426070754693,-1.745731119667195,-1.7443345238876953,3.799378719286667,3.8222569233617905,4,FREE
4.729999999999701,90.05999999997151,0.0,0.0,2.7341962191094638,0.03438838983061135,0.04005972905116044,1.2037212593929236,1.5788529031368543,92.32954110765252,12.596147089417258,1.2552406758841175,0.30436341150189644,0.14846853036563848,-0.22901796053721396,0.08155846794386211,0.9256456226169755,0.9310208907326366,4.0,4.0,4,FREE
4.7399999999997,90.06999999997149,0.0,0.0,2.7370586017499323,0.034451775733326494,0.039956795680063474,1.5798783113651453,1.1802579814368848,30.144555760873224,-52.976747506739926,1.2562298797189095,-0.0440919085367004,0.13435992379426034,0.014291525267903627,0.33770787272127084,3.690577439404051,3.6947935453255267,4.0,4.0,4,FREE
4.749999999999699,90.07999999997146,0.0,0.0,2.7421912649590623,0.03456500450754254,0.039744438943938774,1.3124640234580252,0.20000267646441836,-35.105426973639375,-106.17522842797624,1.256769302594101,0.2676966966518842,0.1627525966672688,0.26628210125261337,0.5454901163593617,5.631803276072629,5.638007253601502,2.0340081511691537,2.054449879702834,4,FREE
4.759999999999698,90.08999999997144,0.0,0.0,2.748719410303568,0.03470871138237464,0.03945584239455003,0.42613030090743387,-1.1374238789359865,-96.06949008583666,-140.63737795215903,1.257756014917902,-0.03743911913575409,0.24306008923765635,0.5054473175232115,0.6793138458743713,7.051922248460627,7.061079155466993,2.0340081511691537,2.054449879702834,4,FREE
4.769999999999697,90.09999999997142,0.0,0.0,2.7553594316531242,0.034854898870087254,0.0391525761708894,-0.8423239465451638,-2.5029126422042967,-131.465535651963,-132.88265990372338,1.2584138078415594,0.6847438504854411,0.17839114043944013,0.6425635945229782,0.6482902151419143,6.235917429777402,6.241441905017542,-1.2538463618360574,-1.261246774389447,4,FREE
4.779999999999696,90.1099999999714,0.0,0.0,2.7610886699744492,0.03498102691266785,0.03888036837592383,-2.2444293902634125,-3.6350075210048747,-138.19222654102705,-106.13789164655148,1.2585259998080969,0.5506239219490681,0.10993915316214622,0.6682357567236954,0.5429120843446953,4.711323035688119,4.715033883486483,-4.0,-4.0,4,FREE
4.7899999999996945,90.11999999997137,0.0,0.0,2.764630993428216,0.035058767015351704,0.03869231411096211,-3.4473036063198843,-4.205639387187459,-120.2652663918451,-44.80790104592171,1.2589474823218856,-0.20011322069652893,0.0942963215126236,0.5964989749827962,0.3045184017224285,2.1139572102757502,2.117352757096354,-4.0,-4.0,4,FREE
4.799999999999693,90.12999999997135,0.0,0.0,2.7657886312568336,0.03508382594953759,0.038604776123984434,-4.140487280006377,-4.164974712960287,-61.67030798608976,16.275285404655282,1.2598323732767593,0.44027638336916425,0.0819379140351032,0.3711391566363003,0.0674568174874618,-0.45165017155079523,-0.4485608555251235,-4.0,-4.0,4,FREE
4.809999999999692,90.13999999997132,0.0,0.0,2.764595146606597,0.03505690991675701,0.03862866915367353,-4.22193919595581,-3.521837881602137,-0.9983188524628793,77.3868224725725,1.2611269135478957,0.4841867335231934,0.07167950470460793,0.13325306342483162,-0.1696840575879003,-2.8336885374338276,-2.83229461553265,-2.6599397037575834,-2.688377193442129,4,FREE
4.819999999999691,90.1499999999713,0.0,0.0,2.7616293276228316,0.034990837352685454,0.03874887036048891,-3.6927063092876478,-2.4251437923143855,60.73224729894241,117.75708388397283,1.2615735034698592,-0.009169629032566752,-0.0930874986569449,-0.10362030053343814,-0.32725516399049354,-4.511158630941891,-4.515709965453834,-2.6599397037575834,-2.688377193442129,4,FREE
4.82999999999969,90.15999999997128,0.0,0.0,2.757547791803341,0.03490024687174978,0.03893876669248426,-2.6769208696958975,-1.042732285969582,106.8508960948808,138.30735602339027,1.2614267318232992,-0.38069705959908434,-0.1403984937999014,-0.28327893790723463,-0.4081268827878526,-4.918287558685172,-4.922767518690407,0.4946667731513559,0.5006126932571116,4,FREE
4.839999999999689,90.16999999997125,0.0,0.0,2.7537623472886232,0.034816406259593695,0.03913199038404219,-1.3154401634618154,0.26304722164510036,140.3778602894194,128.66110570723595,1.261842129079989,-0.23276755081594205,-0.07200450478151904,-0.4138195320923274,-0.37111779117192495,-4.494866560526647,-4.496919014977653,0.4946667731513559,0.5006126932571116,4,FREE
4.849999999999688,90.17999999997123,0.0,0.0,2.7513988615806504,0.03476426734029373,0.03926927358493547,0.009494172906590673,1.2038078005802253,131.9646311853412,83.17138797647151,1.263415030495045,0.4792502997182783,0.10758756808786522,-0.3811658733124758,-0.19413163623950308,-2.1657184394251447,-2.1598240887474334,3.291301688010277,3.321973766877136,4,FREE
4.859999999999687,90.1899999999712,0.0,0.0,2.751212860541475,0.03476041452423392,0.03930394227778451,1.0592721711907407,1.5864267428943886,98.14994788298465,26.49233946026225,1.2661007260460972,0.04209638738298214,0.2507376521802008,-0.25213343069613753,0.02730696441910132,0.32945573678908435,0.3383524076611101,4.0,4.0,4,FREE
4.869999999999686,90.19999999997118,0.0,0.0,2.753531420100276,0.03481216383601534,0.03922502435923356,1.5596325171004912,1.327226421913555,43.82699538841581,-39.02822842256652,1.2681244807959287,0.14483551226943517,0.22165709340374207,-0.04044134422449359,0.2832492659866306,3.099013115669296,3.106176551051591,4.0,4.0,4,FREE
4.879999999999685,90.20999999997116,0.0,0.0,2.7580981767662185,0.034913701509021004,0.03903554744546882,1.431518219795549,0.49242087583506955,-20.681805186300735,-92.58411196424792,1.2695539114103915,0.037710488855624044,0.23093916038903714,0.21165768651764874,0.49266239317915905,5.153282394097183,5.161457236284065,2.729775769446392,2.744038426639814,4,FREE
4.8899999999996835,90.21999999997114,0.0,0.0,2.76436469162071,0.03505287297385894,0.03876035670670553,0.695785458662888,-0.7777507941449268,-79.18986311999683,-138.12211166602063,1.2708342054876829,0.05629260622952687,0.2609744509880662,0.44294970341080325,0.6696929472935091,6.6204658694673695,6.62915985785077,-0.36347882563329226,-0.3630746756491984,4,FREE
4.899999999999682,90.22999999997111,0.0,0.0,2.7709394682228474,0.035199001501366414,0.038464980069574196,-0.5031674914759245,-2.1259519918374044,-125.3365999132088,-133.99903548349272,1.2716919230724173,0.4840421209654382,0.20693890885456515,0.6207404728989242,0.6531944066504978,6.41360475790129,6.420456388805346,-0.36347882563329226,-0.3630746756491984,4,FREE
4.909999999999681,90.23999999997109,0.0,0.0,2.776906977324929,0.03533172760790728,0.038188175293127014,-1.8595448184303771,-3.3184896480261084,-135.27325680965075,-110.72332861567659,1.2718474695063868,-0.047776126302122024,0.09627880024274334,0.6580357267542849,0.5614566954315794,4.994085837015941,4.995469209887695,-3.3923314482728224,-3.420538037439927,4,FREE
4.91999999999968,90.24999999997107,0.0,0.0,2.7809187770262,0.035420863973296635,0.037980825845332467,-3.117951653441334,-4.008799682082093,-123.89863214267125,-58.63125597977659,1.2706985173459102,0.45729934675176936,-0.08043070743043093,0.6140941864912377,0.35856459818766184,2.794585191697581,2.790171567108877,-3.3923314482728224,-3.420538037439927,4,FREE
4.929999999999679,90.25999999997104,0.0,0.0,2.782691285922415,0.035459983388075975,0.037867799366357535,-3.9122666946104143,-4.124924719674174,-72.57576798536573,0.6014137789140013,1.2695755042395538,0.2090962406706331,-0.09741596079928506,0.4148640756404882,0.12864260631911234,0.21620755628089838,0.21303746208658647,-4.0,-4.0,4,FREE
4.939999999999678,90.26999999997102,0.0,0.0,2.782132375199476,0.03544711129609597,0.03786365757077624,-4.150549016165928,-3.64343664796469,-16.536343026677468,59.48975719100517,1.2689759680180703,-0.21529366404095854,-0.11933004207656742,0.19438067039139512,-0.09985213161601948,-2.1578587323237355,-2.1632550222409046,-3.2841652174424762,-3.3185584533734707,4,FREE
4.949999999999677,90.279999999971,0.0,0.0,2.779560936073612,0.03538950437771351,0.03796200619977818,-3.7824761579229538,-2.646266880220519,45.03977471110221,109.7930183808318,1.2675273700565604,0.07316212874491186,-0.2706095258430508,-0.04245655861158174,-0.29553748662981943,-4.260151680042396,-4.270921663723524,-3.2841652174424762,-3.3185584533734707,4,FREE
4.959999999999676,90.28999999997097,0.0,0.0,2.7757269783442386,0.03530404164220939,0.038137883269404094,-2.886100602012253,-1.3258294714245757,95.76021375033578,133.02952015000008,1.2657504359466154,-0.06764756784546058,-0.29872564755321307,-0.24135514736490657,-0.3868472162631195,-4.821547957233717,-4.831960993240676,-0.42601792682797757,-0.43446073108371364,4,FREE
4.969999999999675,90.29999999997095,0.0,0.0,2.771767722705964,0.035216070123436576,0.038336458503924836,-1.593907971360681,0.026469077632841943,131.5211575089485,138.25045866857556,1.2643853489062313,-0.3768601290461001,-0.2698799766017654,-0.3802045387027677,-0.4075362589883885,-4.607614992416503,-4.615525242704969,2.6017446333989906,2.6249915470421823,4,FREE
4.979999999999674,90.30999999997093,0.0,0.0,2.7690445022175436,0.035155641924696245,0.03848666299430829,-0.23264737118423973,1.0613251087146602,136.89863805994824,94.79599938690615,1.264249846727578,-0.09428224048006158,-0.07722915368788187,-0.4014103659364398,-0.23869586689075561,-2.7548845246083458,-2.756083386128438,2.6017446333989906,2.6249915470421823,4,FREE
4.9899999999996725,90.3199999999709,0.0,0.0,2.7682208363291143,0.03513737783148416,0.03854931024938504,0.8890847335822588,1.6096315192465147,106.82158685539777,42.63774772326765,1.2648961440070032,-0.05804184658715705,0.018500863209802782,-0.2855869871460149,-0.03493400527450424,-0.34452034850738555,-0.3438928227916529,4.0,4.0,4,FREE
4.999999999999671,90.32999999997088,0.0,0.0,2.7699169978456744,0.035175120603550575,0.038501269254295,1.5505369057836629,1.5121005392552094,60.517323875760134,-22.85550247193763,1.265010966430882,-0.2606716786392098,0.021377725198449028,-0.10344394244398594,0.22092695571628806,2.4265913290682293,2.4269485926815655,4.0,4.0,4,FREE
