record_time_s,sim_time_s,target_forward_speed_m_s,target_yaw_rate_rad_s,position_x_m,position_y_m,position_z_m,estimated_pitch_deg,truth_pitch_deg,estimated_pitch_rate_deg_s,truth_pitch_rate_deg_s,truth_yaw_deg,estimated_yaw_rate_deg_s,truth_yaw_rate_deg_s,estimated_forward_speed_m_s,truth_forward_speed_m_s,left_wheel_speed_rad_s,right_wheel_speed_rad_s,left_motor_torque_nm,right_motor_torque_nm,contact_count,controller_mode
0.002,12.45800000000083,0.0,0.0,0.1784285241259447,0.00046434237806624765,0.15010005470759194,-2.2173274003608587,-2.209651217751649,-0.29375512691111505,1.0112637011862464,0.3804770667117563,-0.3418276703715697,0.004580809764070202,0.011239911419163315,0.005422676394927063,-0.0007618339455948749,-0.0002837275640699636,-0.23739886477724134,-0.23108673782708802,4,FREE
0.01,12.466000000000832,0.0,0.0,0.1784519779771551,0.00046446854322599614,0.15009849454905988,-2.2142007796417045,-2.196383024393108,0.3047042816967349,1.737504874210159,0.3806207699335242,0.6089903340379225,0.018394321461832324,0.006705410092572856,0.0026169496154284187,-0.02709636897354552,-0.026345139551723545,-0.20573448495629584,-0.20365262015227628,4,FREE
0.020000000000000004,12.476000000000836,0.0,0.0,0.17846758887071124,0.0004645384788941506,0.1500976054984746,-2.200174618034684,-2.1762515061192698,1.689056738726236,2.066490924053906,0.38096962499488235,0.27945332278195734,0.04213864036391133,0.003966927667925579,0.0013524236257399626,-0.03337224235315141,-0.03215932734987411,-0.14910698078445336,-0.15462321352053973,4,FREE
0.030000000000000013,12.486000000000839,0.0,0.0,0.17848348038100406,0.0004645868361487228,0.15009699934634016,-2.1803645631174433,-2.1561515068169954,2.6884743017330504,1.988597833313938,0.38110848216273707,-0.11908148740115047,0.007432380021241796,0.0016371245845192312,0.0016730201805671447,-0.027795934181092,-0.027688416677067687,-0.14125154363119474,-0.14354291187848411,4,FREE
0.04000000000000002,12.496000000000842,0.0,0.0,0.17851316662807185,0.0004647169764683704,0.15009585071810097,-2.1600505470617777,-2.1395362740477006,1.671590850842406,1.5082055257096432,0.3810696151944608,0.20362490575638353,-0.007786963814825142,0.0008513492872389884,0.0035609337564142815,-0.0006776263293733088,-0.0011201186423924524,-0.09589960953167792,-0.09906729613606957,4,FREE
0.05000000000000003,12.506000000000846,0.0,0.0,0.17858191363257522,0.0004651035323027883,0.15009282653003872,-2.1421889051277647,-2.1329098724207833,0.981620574211262,0.4216856233320832,0.3808610105874442,1.1246223993770716,-0.02461886535096123,0.0037519551848959726,0.007797643669321602,0.048268558277981176,0.047226433465783056,-0.07701761503628989,-0.08090965035667515,4,FREE
0.06000000000000004,12.51600000000085,0.0,0.0,0.1787022109431848,0.00046584644955274503,0.15008711336856748,-2.1332714488360827,-2.1394859974780984,0.5584392642102303,-0.9853681388434158,0.38070162592975365,0.01612035681107355,-0.007040503232285863,0.006064240240026468,0.01327407992034281,0.10190915098944045,0.10115736595815905,-0.11382941270649842,-0.12553318689869614,4,FREE
0.07000000000000005,12.526000000000852,0.0,0.0,0.17885616849466945,0.00046679732883333515,0.15007933159557071,-2.1372931865824047,-2.1546391597520502,-0.9481164785503595,-1.6835902861414398,0.38019296097626853,0.00868634517161734,-0.05765906345336897,0.012211200321180267,0.016013589716944755,0.13787593572697088,0.13573019642472864,-0.07322393488817726,-0.07645489154441314,4,FREE
0.08000000000000006,12.536000000000856,0.0,0.0,0.17904842144080968,0.00046801245117349436,0.15006939072712522,-2.1507621816726834,-2.1796051939389067,-0.6513982721608823,-2.6131650606144867,0.3796070527930546,-0.7475836178540217,-0.05654286613178499,0.014332919746857612,0.019629663455640652,0.16924760945121042,0.16727695122221833,-0.1286145724097675,-0.1300497212506391,4,FREE
0.09000000000000007,12.54600000000086,0.0,0.0,0.17923560121730883,0.0004692230604448937,0.15005922269900876,-2.1742146960184354,-2.203202460850171,-2.400525688325121,-2.1507240521147004,0.37934771992419436,-0.6245299122409066,-0.010787540201429776,0.019367018905257216,0.01786252364075442,0.13550461624829965,0.13570514495318542,-0.22542328451620308,-0.21544133791046483,4,FREE
0.10000000000000007,12.556000000000862,0.0,0.0,0.1794032589115324,0.00047032703352820206,0.15004991648675123,-2.1993189632584786,-2.221751270586161,-2.476403821331168,-1.8863963122689607,0.37960296420880013,0.3561640706958388,0.0329503700371783,0.01914782100146433,0.01683688862327141,0.1224210857176409,0.12407732946349456,-0.2350079920673377,-0.2253992412999598,4,FREE
0.11000000000000008,12.566000000000866,0.0,0.0,0.17953310470792436,0.00047118324844431836,0.1500424598826023,-2.2184550422950213,-2.230555432767288,-2.2627842697223053,-0.6069070884777461,0.3802673585563201,-0.42560913475864703,0.07293598201999914,0.01623955515905138,0.01188796113638108,0.06386916529143119,0.06662467469668472,-0.26009680325299656,-0.25548642133981725,4,FREE
0.12000000000000009,12.57600000000087,0.0,0.0,0.179611448961705,0.0004716736082594061,0.1500377458983335,-2.229994602926323,-2.2260964298298322,-1.1334957243916182,0.6035675810907414,0.38100182126918797,-0.2748197946661738,0.07001994546969759,0.012675236744272149,0.007197309794216681,0.022442627531933015,0.02477801947560612,-0.19145891765055736,-0.19208931042752006,4,FREE
0.1300000000000001,12.586000000000872,0.0,0.0,0.17965383311358904,0.0004718961065886755,0.15003518867624085,-2.2275336047840146,-2.212393047794216,0.8160521477932933,1.6387507422168002,0.3815731883200489,0.1590600692977429,0.05393455376832671,0.008229267634378215,0.003187427409635094,-0.027245962579617436,-0.025450126732728715,-0.2396908751482075,-0.23956331317209315,4,FREE
0.1400000000000001,12.596000000000876,0.0,0.0,0.17966473618826878,0.0004718907424607181,0.15003455267826343,-2.216208576867002,-2.1905772836566664,1.677772437030905,2.3202590404961754,0.38195294455534934,0.5418554183727119,0.03198368329437685,0.004122106484696879,0.0005514432258059203,-0.040287418741395555,-0.039280622662643046,-0.13190981617995007,-0.13242393756172727,4,FREE
0.1500000000000001,12.60600000000088,0.0,0.0,0.17968339253070495,0.00047193317206290376,0.15003396423890827,-2.1950699967207616,-2.170762514431722,1.996371678267152,1.8787418677584595,0.3821875659839659,1.219029601096297,0.01979258478570993,0.0012266173609945695,0.00226028719436937,-0.01765300485817116,-0.017160922951111927,-0.10795583708272992,-0.11094057890524907,4,FREE
0.16000000000000011,12.616000000000883,0.0,0.0,0.17973609858824602,0.0004722053905542832,0.15003188848741192,-2.1742277266930774,-2.1597082123867675,1.9148086440021617,0.8332821296771903,0.3822788384953831,-1.1118377585764125,0.008364027450409336,0.0013801572168968433,0.006313098392186306,0.03366198212497248,0.033948680578037786,-0.0603686186970067,-0.05980279870316106,4,FREE
0.17000000000000012,12.626000000000886,0.0,0.0,0.17984290921279097,0.00047285272946334607,0.15002706041305972,-2.1607670303768254,-2.1625758732396583,2.0247336077371365,-0.5428727756940381,0.3823740179233038,-0.3833001617641864,0.009748347484660622,0.005238943935828944,0.01164920540518822,0.08951919603437838,0.08985917172277248,-0.07517489125760751,-0.07487499572931494,4,FREE
0.18000000000000013,12.63600000000089,0.0,0.0,0.17999212421226518,0.0004738050083509148,0.15001974173505622,-2.1609778130250947,-2.1763343697784556,-0.3683043247505241,-1.5549332125644637,0.38266122715731077,0.09550589514509344,0.0356894141407087,0.010003176733529491,0.015579218892845388,0.13045547847665306,0.13193951259096998,-0.0831479073431416,-0.07807866778159538,4,FREE
0.19000000000000014,12.646000000000893,0.0,0.0,0.18017894095921894,0.0004750166016211442,0.1500101742743457,-2.172747136461205,-2.1997694246282213,-0.8366672683243237,-2.4710276494521297,0.3830895825324388,-0.13718511984939913,0.041443282970517865,0.015396738331475649,0.01912625302698218,0.15679915032398375,0.15786195673252726,-0.16461383992348858,-0.17189929350588465,4,FREE
0.20000000000000015,12.656000000000896,0.0,0.0,0.18035972153204846,0.0004761666691907218,0.15000037521102275,-2.194908482446025,-2.2216281997521654,-2.8339560040654885,-2.063252810547648,0.3832122082555802,0.17681753355798463,0.011103935617417637,0.01930130206030036,0.017553472264258355,0.1348689360762097,0.13522306504095644,-0.20058195309999585,-0.20027489539069906,4,FREE
0.21000000000000016,12.6660000000009,0.0,0.0,0.18051472238112362,0.0004771533255548173,0.14999165740372508,-2.21778766733899,-2.236854796533068,-1.9791347844754252,-1.3952598303972334,0.38339526680809133,0.4940588873398195,0.022665149319453366,0.018386628656426488,0.01495908515853045,0.10687383672438952,0.10782094846887096,-0.19755921092441128,-0.19393153649927977,4,FREE
0.22000000000000017,12.676000000000903,0.0,0.0,0.1806170347389741,0.0004777897196937685,0.14998548989772612,-2.234318084563804,-2.2385170977199054,-1.9511717348609952,0.24588709451884452,0.38364031290998307,0.5063644008612348,0.025233818615047816,0.015059311951191472,0.008605310173746569,0.03390684607964103,0.03461939230950287,-0.22054811657905457,-0.22364985299420417,4,FREE
0.23000000000000018,12.686000000000906,0.0,0.0,0.18067047216878251,0.0004780912137127439,0.1499820840604735,-2.239432419992272,-2.22761761919886,-0.6314467966799591,1.2998098664084194,0.383793137184774,-0.5257447838224212,0.01574507290959138,0.010050682245714091,0.004511602020485786,-0.009939312628133409,-0.009085041387966022,-0.22421850419763445,-0.21726403741807576,4,FREE
0.24000000000000019,12.69600000000091,0.0,0.0,0.18068658181479771,0.0004781564706132365,0.14998095891932356,-2.23063205129115,-2.2071244234849594,1.3581673011347182,2.2030162604916015,0.3841831632017166,0.09097461201492789,0.04077287560049308,0.005278045498995545,0.001009311303482466,-0.04500427305776817,-0.04347907328836879,-0.2008031282263325,-0.19824844615929738,4,FREE
0.25000000000000017,12.706000000000913,0.0,0.0,0.18069131474430442,0.00047813539499917543,0.14998087249679662,-2.2118115124529445,-2.183714722917553,1.6999018523591445,2.269236548556374,0.38453254351336147,0.12895919024098557,0.029517311355601414,0.001096689461160336,0.0007486310142993787,-0.0376987780803061,-0.03683139175022336,-0.13182783685459418,-0.1341985474410277,4,FREE
0.2600000000000002,12.716000000000916,0.0,0.0,0.1807189452251106,0.00047825627126531277,0.14997998686123742,-2.188110153180313,-2.1662087807441175,1.6635485338189384,1.6034486163878325,0.38470551079101833,0.4720853639539087,0.013531246085848827,0.00017332905024089958,0.0033283785511919735,-0.0054035338927473425,-0.005011154693065267,-0.10632743107559739,-0.10705901728214778,4,FREE
0.2700000000000002,12.72600000000092,0.0,0.0,0.18077842261812094,0.0004785882527071926,0.14997751285330968,-2.169105794578871,-2.1568782440035075,1.9869276383129406,0.7440993266743311,0.38475300346672786,-1.0652351967786442,0.0003491915107857684,0.0026226320536561192,0.006668568732426553,0.03499536989585471,0.03466205028945381,-0.07631949947719963,-0.08299596843708618,4,FREE
0.2800000000000002,12.736000000000923,0.0,0.0,0.18088204212682174,0.0004792109692998115,0.14997269168921598,-2.157884967077161,-2.1588831698074995,0.6768869713298672,-0.42899567360759855,0.38454955508203326,-0.183233143560699,-0.021492155804899132,0.0056929939829104765,0.01122438043368956,0.0839848878857336,0.08318694229989945,-0.08397196906419772,-0.08490079145828168,4,FREE
0.2900000000000002,12.746000000000926,0.0,0.0,0.18102548419554165,0.0004801110661439344,0.14996556766146982,-2.157574226672402,-2.1711043835827293,0.361451506408591,-1.3931557180368173,0.3842989821235131,0.058915183469540756,-0.02638464449217095,0.010373118608854861,0.014972712682889001,0.12211158598504432,0.12108596525957414,-0.1001768120396828,-0.1028483051693312,4,FREE
0.3000000000000002,12.75600000000093,0.0,0.0,0.1811962837231608,0.00048120474648842684,0.14995672199511914,-2.167975586210299,-2.1903389501408,-1.8998637488269134,-2.0598013877606522,0.3840513021655707,1.1530030313975679,-0.023151885432092713,0.01359889998232464,0.01756331992154326,0.1450099964160512,0.1442762763545261,-0.136231334315664,-0.13547216026038958,4,FREE
0.3100000000000002,12.766000000000933,0.0,0.0,0.18137798030572733,0.0004823801576692646,0.14994701790228734,-2.1860946888761297,-2.2123663468669617,-2.4732300110092846,-2.1938591474387485,0.3838746316484174,-0.46891337547533696,-0.016533133384082476,0.017307821595865715,0.018085524427909817,0.14244962486301962,0.14178378305820125,-0.19075391760990795,-0.1934463077336318,4,FREE
0.32000000000000023,12.776000000000936,0.0,0.0,0.18153677622101433,0.0004833981846779657,0.1499381577844799,-2.2082119097239308,-2.2284836039868576,-1.8284919334362435,-1.4178648371104312,0.38364735884378787,-0.6001931511087758,-0.02249517862172765,0.019337359108963437,0.015083561979260935,0.10521895682206071,0.10441245248424127,-0.22184160946815687,-0.22299496602392802,4,FREE
0.33000000000000024,12.78600000000094,0.0,0.0,0.18165761924352433,0.00048417322313601207,0.14993118078267847,-2.2260741526585583,-2.234836063470416,-2.4726374401449736,-0.45703340997187303,0.3836116919396626,-0.823766359259348,0.006196913734975398,0.015573842694202178,0.011356038347633891,0.06549901710977554,0.06610597939786829,-0.2152028087166777,-0.20803960264025903,4,FREE
0.34000000000000025,12.796000000000943,0.0,0.0,0.18174787898070896,0.0004847498905493983,0.14992599255460992,-2.23427789812838,-2.2333513161883376,-0.29848449368528074,0.24914573296119613,0.3838400552774119,0.10480518599678065,0.02222829353873826,0.012011178935680628,0.00860507654761176,0.030820212652628656,0.03215945991208409,-0.25217524018125653,-0.24040959141969406,4,FREE
0.35000000000000026,12.806000000000946,0.0,0.0,0.18179413177833365,0.00048504315605201766,0.14992318267242516,-2.2344265491197364,-2.2205492307390107,1.0086223225927613,1.4864646614085932,0.3845086847891514,0.3492047265950303,0.07457240279256731,0.009435398883427315,0.003810992362466476,-0.013073825758476673,-0.010228006451915716,-0.18400699633659062,-0.17867692741608038,4,FREE
0.36000000000000026,12.81600000000095,0.0,0.0,0.1818189216955427,0.0004851784510454594,0.14992182894641762,-2.2236854004430113,-2.2022460830851878,1.7994725728371557,1.9233832999468452,0.38534542296099683,-0.7471758334038067,0.08396121534299658,0.0039777552221841655,0.002110757354257952,-0.03174533557181352,-0.028708474749864273,-0.18759716519134417,-0.18377947503884712,4,FREE
0.3700000000000003,12.826000000000953,0.0,0.0,0.18183768964562694,0.00048524084214179966,0.14992107577403752,-2.2062853685627144,-2.1823983420868163,1.7282783168532552,1.9190406283827763,0.38597592055512336,-0.29997404982194315,0.05096007849378532,0.003235063947187527,0.0021262627218536995,-0.023296720568187324,-0.021946008208547634,-0.13161603703179536,-0.13810712209337794,4,FREE
0.3800000000000003,12.836000000000956,0.0,0.0,0.18188772260488453,0.0004855030097387856,0.1499190499157547,-2.1861054280266745,-2.1706169430658857,1.6388474043058152,0.9377053365913178,0.38643809936868023,0.46803244357774665,0.04702708912074876,0.001422008569952992,0.0059221121376953345,0.022825386577562595,0.024583852130370624,-0.10373504348709434,-0.09956070206117776,4,FREE
0.3900000000000003,12.84600000000096,0.0,0.0,0.18197500602615851,0.0004860292519360609,0.14991508876144044,-2.1721490487563555,-2.1684164372144243,1.2900321997492143,0.02752181249871244,0.3870281409642978,0.15836441794884726,0.06231694316568253,0.005389618244575517,0.009454394443599546,0.06305524350181363,0.06545891357372367,-0.08807780482825946,-0.08190029563162803,4,FREE
0.4000000000000003,12.856000000000963,0.0,0.0,0.18210224422706445,0.00048682981594129514,0.14990890467943296,-2.1680223959132183,-2.176489016476629,0.7328235985536004,-0.9894440613667141,0.3876699155824393,-0.5494212749806002,0.05848645954727724,0.008485384606096824,0.013398647447396817,0.10375690869847168,0.1055121955133433,-0.09951887002056424,-0.10365051427308862,4,FREE
0.4100000000000003,12.866000000000966,0.0,0.0,0.1822652086453188,0.00048786539841157026,0.14990064581752993,-2.174166684988619,-2.1937545688691515,-1.3624054118538012,-1.9233109459811237,0.38811959010838004,-0.21955522544621664,0.04662775349300355,0.012306429085699183,0.017014655861271977,0.14393756598497687,0.1456100391935877,-0.09521488414542827,-0.09260611778775209,4,FREE
0.4200000000000003,12.87600000000097,0.0,0.0,0.18244985710512426,0.0004890644152630012,0.14989095874264646,-2.18951324514585,-2.2166117029026995,-2.44155064971751,-2.3979972309831337,0.38869859433827514,-0.2834218922394512,0.06245307554488973,0.016186074567665625,0.018846681387333773,0.1483983272513762,0.15072782266844828,-0.20331980102864602,-0.19885199652970734,4,FREE
0.4300000000000003,12.886000000000973,0.0,0.0,0.18261563948681733,0.0004901439728377232,0.14988180245108765,-2.212104711598811,-2.2346094906637233,-2.151713137396215,-1.6417941560882348,0.3893972317845148,0.6025439110624277,0.07189354807271625,0.018798971103099152,0.015917980669613453,0.11431766552446487,0.11689955824713746,-0.21324477107910972,-0.21009227633961264,4,FREE
0.44000000000000034,12.896000000000976,0.0,0.0,0.1827412535260977,0.0004909527988285059,0.149874515818824,-2.2316819173978186,-2.2422791667457904,-1.7030065001818409,-0.4802594796456801,0.39017383298869474,1.0125599090455408,0.08135043455417265,0.017061595746463626,0.01141267897693946,0.059027055449408845,0.06208740972588695,-0.25749895969770187,-0.25100524977854344,4,FREE
0.45000000000000034,12.90600000000098,0.0,0.0,0.182808923556202,0.0004913636816335917,0.14987021891432792,-2.2419467067214742,-2.235041123391528,-1.1337295182884577,1.011765491592176,0.39099855916929815,-0.2925299652180361,0.0787524925729604,0.012723294657117013,0.005628665891202489,-0.002419871340507378,0.0002466426309021136,-0.24632864845281677,-0.24572026391994,4,FREE
0.46000000000000035,12.916000000000983,0.0,0.0,0.18283238028823,0.0004914707507648665,0.1498685461334624,-2.2376409034356937,-2.216443159729408,0.8147267908129797,2.057754629281509,0.3918569794489111,0.2679035127630156,0.08832114287446297,0.0056768314913742905,0.0015695224401268571,-0.04025892195009648,-0.037029147134036614,-0.20455935203146564,-0.1992485404518548,4,FREE
0.47000000000000036,12.926000000000986,0.0,0.0,0.18282898518845794,0.0004913885195297977,0.14986866554932318,-2.220853927351611,-2.190941386981133,2.144340792047979,2.6320704793775818,0.3927210162029361,1.0145890585063888,0.07985635542509441,0.0020675463801068912,-0.0006561509660061134,-0.05625936567462875,-0.05405481641973841,-0.14502217267281203,-0.15465272835729044,4,FREE
0.48000000000000037,12.93600000000099,0.0,0.0,0.18283023577163554,0.0004913101577649033,0.14986897996128085,-2.196170035835935,-2.1666361017131517,2.4387026633141047,2.3253879569333544,0.3931102113427619,-0.09495216515585361,0.03485366183499825,-0.0009184503353197273,0.0005337921416798996,-0.0374998385353439,-0.03634912592906652,-0.11592868106684501,-0.11491787911071388,4,FREE
0.4900000000000004,12.946000000000993,0.0,0.0,0.18286319597537065,0.0004914633975082739,0.14986792650497338,-2.1710332301480366,-2.150477278008929,2.1773941978066698,1.3878320911550353,0.39347955875287655,0.42109905232211436,0.03741849377094006,0.0007438173161804407,0.004174949492124821,0.0066436818932868544,0.007990390065244296,-0.08472415611249465,-0.08250244230027395,4,FREE
0.5000000000000003,12.956000000000996,0.0,0.0,0.18294532512176837,0.0004919630288398941,0.14986437079314308,-2.152797292824306,-2.1469440232357777,2.0047900805239744,0.07330169241570884,0.3938037795450409,-0.8242797980895725,0.03159601373285061,0.00385829271240814,0.00928166802951945,0.06245990129776663,0.06330980995473283,-0.08083694838741123,-0.08504514792484213,4,FREE
0.5100000000000003,12.966000000001,0.0,0.0,0.18307565587041694,0.0004927897030003922,0.1498581136907448,-2.146631270229744,-2.1557716847465365,0.3338457889239086,-1.1373544296196159,0.39388150984019177,-0.5471454649623791,0.002620325077879976,0.007728701036231028,0.013990195062096871,0.11647522885884833,0.11632056264881209,-0.061353938468412285,-0.06547499018060923,4,FREE
0.5200000000000004,12.976000000001003,0.0,0.0,0.18325627708105294,0.000493965752190821,0.14984901807715084,-2.152912155565652,-2.1775181693445766,-1.0089723543798677,-2.3784141566213397,0.3937663436988561,0.6603751844654596,-0.011841080680888008,0.012941970132803394,0.018806755245403275,0.16380587311867353,0.1633341548879987,-0.09787451165708125,-0.0988075948274833,4,FREE
0.5300000000000004,12.986000000001006,0.0,0.0,0.18345764132309664,0.0004952961342796247,0.1498383934927778,-2.172397688938501,-2.2045746928196572,-2.3599492601923773,-2.6872580706910427,0.393627238155844,0.15100004631035055,-0.013199470060349706,0.016779034744665293,0.02001296064200873,0.16755821274829805,0.16706166141116655,-0.16060777170611948,-0.16160257044849288,4,FREE
0.5400000000000004,12.99600000000101,0.0,0.0,0.18365480957269165,0.0004965843764342031,0.149827648822015,-2.199236269417343,-2.2305464210880053,-2.5248181245479686,-2.6364899303233615,0.39315450559670434,0.06048908745031604,-0.06071961109491985,0.019762937791015893,0.01980963704920821,0.15613092588557176,0.15404348922755073,-0.23255871539186077,-0.23180392884563453,4,FREE
0.5500000000000004,13.006000000001013,0.0,0.0,0.18381424326377974,0.0004976319213814589,0.1498185461288655,-2.225760930379327,-2.2468071031577743,-1.9708694471752368,-1.358630320549183,0.39275930300818673,-0.05892203284867708,-0.030919097090332862,0.019783437031106046,0.014859223595849897,0.09841990048285841,0.0978662393525039,-0.2556512652707451,-0.24615462298259658,4,FREE
0.5600000000000004,13.016000000001016,0.0,0.0,0.1839166244688863,0.0004983206789162367,0.14981235140465157,-2.2446963002325813,-2.248399129595575,-1.0676191171410532,0.13514795908540705,0.3929022883374217,0.5113570202065316,0.023328878301392176,0.016824609180450867,0.009063718178293604,0.03506338329641701,0.036272847578338305,-0.25097765168295905,-0.24404368310697522,4,FREE
0.5700000000000004,13.02600000000102,0.0,0.0,0.18395635452782008,0.0004985676735988155,0.1498095646351881,-2.2492536443547055,-2.2338821835536065,-0.3013667751317582,1.8178316729863289,0.39317552655930543,0.578513812912411,0.021206798102259672,0.009628702529310662,0.0025407812958223824,-0.03849826953520795,-0.03793496044448257,-0.2687653182316815,-0.2722856060442215,4,FREE
0.5800000000000004,13.036000000001023,0.0,0.0,0.18394016039835284,0.0004984208845111535,0.14981002744688116,-2.2382512801319123,-2.204973284614126,1.3325865062152116,3.175354948730139,0.3935465688292955,0.33443172974357194,0.046262183827710864,0.0036223021218334595,-0.002717107223200108,-0.08254575203205264,-0.08116086795111595,-0.17343621941088286,-0.17828560401004748,4,FREE
0.5900000000000004,13.046000000001026,0.0,0.4,0.18390629022382982,0.0004981264960658422,0.1498119776550218,-2.211454573617726,-2.171517423528992,3.0620725871693697,3.349951072533824,0.3937425321925579,0.35465502809126165,0.01237506044187522,-0.00176702264419215,-0.003393679594773668,-0.08183621221039829,-0.08160366153060317,-0.12604722061447787,-0.12922727611624824,4,FREE
0.6000000000000004,13.05600000000103,0.0,0.4,0.18389333443019704,0.0004979660483219956,0.14981332901671685,-2.178041860333403,-2.1434301384564276,3.8874766813913615,2.5936859064990196,0.3937950760419645,-0.4196566343199079,0.005622978151474189,-0.004174600906875065,-0.00045510307762848366,-0.042431251894986345,-0.04215467749481772,-0.07861417310457883,-0.07651613632415086,4,FREE
0.6100000000000004,13.066000000001033,0.0,0.4,0.1839325057074221,0.0004985441174525903,0.1498122144101983,-2.1481240363905116,-2.128727589112307,2.8966220037325194,1.1554873513328296,0.39979367703729585,-0.5701044558006522,0.8928507569097516,-0.001868392119455269,0.005134683369616771,-0.0002985712720231324,0.04347788600222299,-0.18476985586349365,0.07264982003173746,4,FREE
0.6200000000000004,13.076000000001036,0.0,0.4,0.18403204163348982,0.0005000742352054414,0.14980785112158682,-2.130408286989479,-2.129504767546801,1.9096916265433705,-0.38091099579372556,0.41854223401991425,0.9918620596252814,2.101806119613288,0.003267217714040031,0.01111451474646837,0.043518810525852006,0.12886895069251775,-0.18894292698685355,0.07576402549878702,4,FREE
0.6300000000000004,13.08600000000104,0.0,0.4,0.184191029668876,0.000502131240014084,0.14980011192271786,-2.1281158597201286,-2.1455213870758962,-0.16844848955959055,-1.8923573335260455,0.44728730909600556,2.4275192875620037,3.0507085068079216,0.01011428091438273,0.01699553894507452,0.08908906258548924,0.20565026233301487,-0.20197209867574734,0.05570763971379465,4,FREE
0.6400000000000005,13.096000000001043,0.0,0.4,0.18439271428874057,0.000504379015495765,0.14978972257560613,-2.141213310060177,-2.172468979504524,-1.3665307545623244,-2.792811374365753,0.4832944331305174,2.364901347892876,3.7199107561196674,0.0161336915738677,0.020507530555799278,0.10715319681259129,0.2450223349250103,-0.25929989832402683,-0.013176688041144302,4,FREE
0.6500000000000005,13.106000000001046,0.0,0.4,0.18460126236327942,0.0005064608844787569,0.14977847632465466,-2.166761186217945,-2.201127189412679,-2.7069914918763964,-2.839971419004911,0.5240862942478247,3.628953012740611,4.153370281760986,0.020066787031124335,0.020707871042971792,0.09833397178928678,0.24957796569562898,-0.27950919085278214,-0.0455756316473034,4,FREE
0.6600000000000005,13.11600000000105,0.0,0.4,0.18478929260965948,0.0005081544785827468,0.14976795732691273,-2.195490069128786,-2.224472781644725,-2.47071058140999,-2.202529217342777,0.567836584622044,4.3135630690123765,4.423380810177488,0.021213935398593203,0.018246585994450417,0.056479461605147316,0.21566986749629052,-0.3501322694110267,-0.1302324908372452,4,FREE
0.6700000000000005,13.126000000001053,0.0,0.4,0.18493044264703937,0.0005092576118784472,0.14975971202370603,-2.2206043434542937,-2.2357359985146563,-1.8431966680564655,-0.8555855905618125,0.613397855221131,4.863424248384603,4.581540116390662,0.018569860596168764,0.013033446231327442,-0.0025860541832668314,0.16129770975183655,-0.3456558224885262,-0.13169567464241297,4,FREE
0.6800000000000005,13.136000000001056,0.0,0.4,0.18501625328841487,0.0005097264128302301,0.14975444115098646,-2.2345500386893455,-2.232758397113768,-1.0004767473696923,0.6293463050172231,0.6601771287936479,4.6314044007111415,4.702665032389571,0.01418636772747607,0.0072803992142210245,-0.070675619816497,0.09763906575874269,-0.3761740843856647,-0.15112351752361297,4,FREE
0.6900000000000005,13.14600000000106,0.0,0.4,0.1850462405193261,0.0005095758174830665,0.14975234403332827,-2.2347016791325744,-2.2154140293421696,0.7127286393597009,1.9462114290175863,0.7079910370857596,4.708919653997097,4.786282308967967,0.008920422351561099,0.002178030122152706,-0.12084774352429066,0.04952919458359867,-0.32715038020642495,-0.11470737868115952,4,FREE
0.7000000000000005,13.156000000001063,0.0,0.4,0.18504645135436018,0.0005090664634058295,0.14975226283279514,-2.2197183793996813,-2.1904136152749474,2.1422673656994324,2.6697452816785905,0.7558643486501005,5.090651899734688,4.776471132133207,0.003110394415584856,-0.0006232342183089684,-0.13876894726896047,0.030791822350079802,-0.23980550053560773,-0.033408074359230946,4,FREE
0.7100000000000005,13.166000000001066,0.0,0.4,0.18505060133334808,0.0005086669546232915,0.14975246292567815,-2.1956272118788407,-2.1664327919436324,2.6188430076276012,2.32195616489181,0.8037216722948588,4.002873896871583,4.780436976781408,-0.000689047693426121,0.0007237894360319309,-0.12122008571346736,0.048274294966660816,-0.22225032487153304,-0.01924262124370682,4,FREE
0.7200000000000005,13.17600000000107,0.0,0.4,0.18507811546914626,0.000508682466511594,0.14975167159245084,-2.170850487767645,-2.148442708024126,2.13079673243249,1.6387149401104084,0.8515130535899792,4.974818461442556,4.774147249142994,0.00023417481981354593,0.003384165832378195,-0.08906316712703286,0.08027516612882306,-0.20164657421751636,0.0031877225708292073,4,FREE
0.7300000000000005,13.186000000001073,0.0,0.4,0.1851515372264323,0.0005094965791640995,0.14974859810283936,-2.15135798614825,-2.1422386420664665,1.6809226576612661,0.2942795019710214,0.8992585918439479,5.632781479128542,4.768706946770419,0.0025736796657830595,0.008606144633670546,-0.025419974430027647,0.1436215222204827,-0.15284933566333564,0.04992549059621455,4,FREE
0.7400000000000005,13.196000000001076,0.0,0.4,0.18527690653471282,0.0005112600255055166,0.14974266624121055,-2.1421590751886495,-2.149363260403834,1.0036480065908306,-0.9435650589166895,0.9469909046302234,4.41805220907732,4.77499504068584,0.007247521868261861,0.013422586709456856,0.02037569770734189,0.18930296003455938,-0.1943243103226665,0.0010556408184993066,4,FREE
0.7500000000000006,13.20600000000108,0.0,0.4,0.1854380225488359,0.0005137461580956482,0.14973451094787926,-2.147096839329738,-2.16563259574189,0.09766776053084206,-1.766180994573961,0.9944559594352775,5.136746094365277,4.741726040205372,0.012108767770697738,0.01663176783955083,0.05041658778769799,0.21878379094205716,-0.2338206471107495,-0.02551552812050789,4,FREE
0.7600000000000006,13.216000000001083,0.0,0.4,0.1856127591066221,0.0005166325268162525,0.14972524144526692,-2.161931057802519,-2.185352471553253,-1.9552419268236187,-1.9677579550571185,1.0421154503869248,4.750719836019281,4.769181513205176,0.0159026233053356,0.01743354387947546,0.053707707511163785,0.22303429527979413,-0.2648543699040452,-0.05732780572234587,4,FREE
0.7700000000000006,13.226000000001086,0.0,0.4,0.18577633899543528,0.000519454659631573,0.14971622120276343,-2.1814470194955367,-2.2021519538938943,-1.6051734732173149,-1.5484755764098417,1.0899553027462927,4.645217006059011,4.784561510972966,0.017310114163231673,0.015826445597559906,0.03088272196387088,0.20068569676613868,-0.29802347713742666,-0.09141862038032113,4,FREE
0.7800000000000006,13.23600000000109,0.0,0.4,0.18591511605868136,0.0005219085028672362,0.1497083848872189,-2.19929846819534,-2.2125389463689777,-2.4910895868506477,-0.9125166931583281,1.1378204836653938,4.498698055383722,4.78181720430377,0.016109226801777607,0.013370482446224652,0.002765896964738299,0.17251495760087054,-0.3085134178789586,-0.10046218656842977,4,FREE
0.7900000000000006,13.246000000001093,0.0,0.4,0.18602396987708295,0.0005238550159705046,0.14970216748408816,-2.2110178206505546,-2.2152134755954633,-1.2378143941524538,-0.09031779838771922,1.1858341197483766,4.620329957134896,4.802809020773853,0.013776691745493237,0.010189383783140799,-0.03389801578623241,0.13673224852458227,-0.3219719025021377,-0.11093626844030928,4,FREE
0.8000000000000006,13.256000000001096,0.0,0.4,0.18609908698904187,0.0005251682022911922,0.14969784688431495,-2.2154122883890106,-2.209196458176044,-1.2062045692097132,0.7470094721542999,1.2340567716986004,4.70977300455567,4.817967808627782,0.010393156147965694,0.006948397006021142,-0.06610393139273432,0.10475711912809126,-0.29757629790737655,-0.09224979099720494,4,FREE
0.8100000000000006,13.2660000000011,0.0,0.4,0.18614700743491797,0.000525928051006404,0.1496951478868276,-2.210931895364159,-2.196170469457177,1.6298543401370083,1.4625682718344972,1.2822910552824762,5.001808708606081,4.81986143466139,0.006887165221463061,0.004182361978334424,-0.09726807382006662,0.07375185586305591,-0.3074645988741056,-0.09978113348367429,4,FREE
0.8200000000000006,13.276000000001103,0.0,0.4,0.18617578537095425,0.0005262880256814585,0.14969366419896812,-2.199393878411195,-2.1781948667164412,1.4980584244425674,1.932534834470684,1.3305674460899395,4.3353579106262,4.823573001745636,0.0050115547547330535,0.0023734883797358465,-0.10255300772459756,0.0683533340857063,-0.20251279934176714,0.0002250820015026328,4,FREE
0.8300000000000006,13.286000000001106,0.0,0.4,0.18622377427358489,0.0005271169693901145,0.1496915755320144,-2.181703809731284,-2.165165637398139,1.469111826011422,1.180257268141822,1.3787001863308044,5.145726719150904,4.805415283973037,0.0019369834068253447,0.00528794253505506,-0.07471317706102909,0.0956609996013025,-0.23793179965916816,-0.03275890059035204,4,FREE
0.8400000000000006,13.29600000000111,0.0,0.4,0.18629206592823463,0.0005284782848457748,0.14968846677919195,-2.167388666342916,-2.157328146655305,1.7537858679323233,0.6338558725153747,1.4267058383121416,3.8586077306600806,4.790980495034897,0.005104473920687592,0.007421147529331645,-0.04615757391377721,0.12349104956886299,-0.19876319332547354,0.0015437738527443318,4,FREE
0.8500000000000006,13.306000000001113,0.0,0.4,0.1863854426314056,0.0005305228439649283,0.14968395976981816,-2.158224141618537,-2.1559018403098507,0.747588380600652,0.08619762436332692,1.4744814236952968,5.568890734439693,4.771039448665554,0.007198371565291466,0.009565345603909457,-0.027857537462748706,0.14119645869482644,-0.23597879462336163,-0.034038998406654974,4,FREE
0.8600000000000007,13.316000000001116,0.0,0.4,0.18650065553132242,0.0005331816512530833,0.14967817105173367,-2.1559362542198133,-2.160040963945301,0.2880038040201755,-0.5664416790116358,1.5215306716833286,4.823454365984562,4.676667944018809,0.009114911986543035,0.012113757992518162,0.002672424113780839,0.1681687184112178,-0.22464218285800136,-0.028085810197490124,4,FREE
0.8700000000000007,13.32600000000112,0.0,0.4,0.18663469431081733,0.0005364484308913911,0.14967123521954134,-2.1587140461085386,-2.168973971295831,-1.1815865985565417,-0.9492776104235304,1.568272437321083,4.602991391867533,4.676068197684806,0.011752041120429931,0.013619212828255515,0.015227396060754617,0.18156560837671076,-0.25412011990075634,-0.04236029897561218,4,FREE
0.8800000000000007,13.336000000001123,0.0,0.4,0.1867735185044738,0.0005400004614738376,0.1496638488404586,-2.167020494208265,-2.1790848243070293,-1.3695945882595892,-1.006138235306115,1.61551940602813,4.785302750774615,4.731200102787473,0.013854548603195908,0.01386066341037043,0.015590190327854971,0.18370589136145654,-0.259491167932147,-0.0517635265017381,4,FREE
0.8900000000000007,13.346000000001126,0.0,0.4,0.1869093817130879,0.000543579972189044,0.149656504965866,-2.177063571068289,-2.1883906361015186,-1.392542241184772,-0.8845244549349323,1.6629957860942404,4.952099375126298,4.746299242259561,0.014210862934820493,0.013405697066560932,0.008708262238054609,0.1770961125285732,-0.2687826386749011,-0.06538377355786278,4,FREE
0.9000000000000007,13.35600000000113,0.0,0.4,0.18703591721384183,0.0005469857228876555,0.14964961084414702,-2.1866844246762023,-2.195264073394686,-1.0000231327656373,-0.6502525896924591,1.7106778003820713,4.552495678136232,4.77325273547592,0.0140305241244371,0.012508935500158792,-0.006180447996453993,0.16318010972564423,-0.3025014399882895,-0.09809804853183386,4,FREE
0.9100000000000007,13.366000000001133,0.0,0.4,0.1871382123465329,0.0005497423330644636,0.1496439037196725,-2.194237471002793,-2.195857193261719,-1.1836850683078128,0.10650466804305,1.7585053226229395,4.448500867829139,4.782901345935767,0.013077319189991091,0.009594396967967132,-0.03988663422371718,0.13008946415755976,-0.3164440388222364,-0.10536328097426516,4,FREE
0.9200000000000007,13.376000000001136,0.0,0.4,0.18720591335090792,0.0005515000051853296,0.14963998449840235,-2.196412090220912,-2.18749328313349,0.02593651632675265,1.038122952686107,1.8065888509878374,4.401883386258653,4.804570751280797,0.010421496689927486,0.006005780356989907,-0.07999339359554991,0.09043118155826863,-0.3192837413755914,-0.11408935385747793,4,FREE
0.9300000000000007,13.38600000000114,0.0,0.4,0.1872465269319116,0.000552427399194249,0.14963765780536406,-2.1899493602630846,-2.1721034164010846,0.6461756020778933,1.6035225607625627,1.8545781094531613,5.336257260843794,4.787355733310185,0.006755538454451012,0.003834841787497345,-0.09678803419739561,0.07278239256308207,-0.2727021413147196,-0.07201472918134373,4,FREE
0.9400000000000007,13.396000000001143,0.0,0.4,0.18728422764004027,0.0005532866310639523,0.14963579918255995,-2.1754074155247785,-2.1559183771154564,1.271793850689857,1.6298877484106378,1.9024996377558032,4.419129778618388,4.789261377639699,0.0044204789013728004,0.0037540196723708902,-0.0923606265830096,0.077226785044715,-0.23523180453209097,-0.03601481405361934,4,FREE
0.9500000000000007,13.406000000001146,0.0,0.4,0.18733283012117102,0.0005545372152967849,0.149633576916934,-2.159041000293772,-2.1424786402000247,1.6734978230758015,1.2676281255538273,1.9502616249962186,5.093434192704193,4.768698399367316,0.004014169908043863,0.005184175902184909,-0.07381930558401677,0.09542515894310279,-0.21965220216313688,-0.012393277742541314,4,FREE
0.9600000000000007,13.41600000000115,0.0,0.4,0.18740805656870185,0.0005567576300772388,0.14963009224492552,-2.1447523225140883,-2.1358266235575085,1.3077001503245755,0.48165194882583573,1.9980852631794934,5.121000775921166,4.7772610618560565,0.005270567879476574,0.008257680623579377,-0.03663969698749214,0.1327113429474433,-0.18999859609877318,0.012875640478665087,4,FREE
0.9700000000000008,13.426000000001153,0.0,0.4,0.18751153423402242,0.0005600197815812997,0.14962504145115516,-2.136352630340022,-2.1363635348213554,1.2633212767406847,-0.09815881580783853,2.045658225689056,3.920973117733728,4.74391503117972,0.007331272694781456,0.010542637516323342,-0.018198613343096578,0.14960261056016974,-0.2348995757001235,-0.039886440087003386,4,FREE
0.9800000000000008,13.436000000001156,0.0,0.4,0.18763661820826472,0.0005641410364916794,0.1496187043061928,-2.136043374811354,-2.142369242879681,-0.10194142603167905,-0.7340133928342322,2.0929780603869137,4.177777568276543,4.723389778154207,0.010641558471210804,0.01304131431240773,0.013273806162175744,0.18133452584082949,-0.21079289434252746,0.004162211757856124,4,FREE
0.9900000000000008,13.44600000000116,0.0,0.4,0.18779125231810534,0.0005694896277305831,0.14961075781546973,-2.140558002168055,-2.155917082212626,-0.17139521866497853,-1.4819897749252604,2.140810494714994,5.384764288268792,4.7965357350511555,0.012290177531066006,0.015966320802986104,0.04064586060340355,0.21134397196398094,-0.23175846925739524,-0.016319531550802485,4,FREE
1.0000000000000007,13.456000000001163,0.0,0.4,0.18795808362822122,0.0005754263404872996,0.1496019410796006,-2.1527400303159645,-2.1725363367611226,-0.9003141424798201,-1.6037870036413693,2.1891481763936733,5.0328944213185896,4.837603934633479,0.015324635444850366,0.016467490513695615,0.0371473608016141,0.20885704298874272,-0.2850501714805933,-0.0771192883101062,4,FREE
1.0100000000000007,13.466000000001166,0.0,0.4,0.18811471215293646,0.0005810850919500957,0.14959342651883525,-2.1694792621499075,-2.1864607679403543,-1.7819213000562037,-1.356862556077952,2.2377428935486274,4.895598175573013,4.867606500651305,0.016498490883036163,0.015533185146766602,0.028585339705202016,0.20159799304079923,-0.2698542774653498,-0.055512174855363014,4,FREE
1.0200000000000007,13.47600000000117,0.0,0.4,0.18825625157729664,0.0005862442778910178,0.14958563404988826,-2.183777346386256,-2.1964575017803485,-0.9302619747755214,-0.893870539946947,2.2864637088106132,4.631094752069223,4.869466477139537,0.015751614844334783,0.013755289686491978,0.0026919278777234497,0.17528104001872127,-0.313231232845436,-0.10799636611211055,4,FREE
1.0300000000000007,13.486000000001173,0.0,0.4,0.18836718031618824,0.000590248862028321,0.14957938936404408,-2.195005180282354,-2.198527189684379,-0.6066153300266662,-0.028352451006482853,2.335068359490216,4.7750339229397,4.854372411515237,0.014402540715372678,0.01041894698771688,-0.03240937111859,0.13962239100898813,-0.30555677523800917,-0.10057521930065551,4,FREE
1.0400000000000007,13.496000000001176,0.0,0.4,0.18844515442241472,0.0005929704781615315,0.14957493961313328,-2.198757099331082,-2.1920710208948515,-0.4572447776932797,0.856237937289403,2.3835870611561014,4.543635436694499,4.846466137358781,0.010698897266686151,0.007007900719014178,-0.071868826851154,0.1000016781936947,-0.32470477352692473,-0.11758266223248869,4,FREE
1.0500000000000007,13.50600000000118,0.0,0.4,0.18849474581629697,0.0005945677314610782,0.14957216075737947,-2.194186188794023,-2.1782634366911857,0.41994017091408276,1.447053947924094,2.432113484439756,5.46436183716577,4.845709947968247,0.00829577063659929,0.004734098649185189,-0.08951662202036335,0.08231723436835288,-0.2755293146443276,-0.06878410160832008,4,FREE
1.0600000000000007,13.516000000001183,0.0,0.4,0.18853036362168205,0.0005956018814306348,0.14957033432019184,-2.18124714376896,-2.1608080997062173,1.4582274388471015,1.8763876184185726,2.480431002739485,4.569790069764714,4.818488974526344,0.004632491111735993,0.0030950324900803393,-0.1025047169185105,0.06795562267854387,-0.2415455955304105,-0.04364043556256696,4,FREE
1.0700000000000007,13.526000000001186,0.0,0.4,0.1885702805751413,0.000596855561261499,0.14956853422530714,-2.164463344660272,-2.144403430356131,1.8653602869039339,1.5644728558551046,2.5283887507398273,4.404712014213428,4.783799832391056,0.004240015142723045,0.004325586152795539,-0.08299928291186656,0.08658940303587874,-0.20604331984244437,-0.0015071323784721369,4,FREE
1.0800000000000007,13.53600000000119,0.0,0.4,0.1886456318535066,0.0005997467367087882,0.1495651650109898,-2.147187161657792,-2.1370823720950645,1.9150065032507602,0.46505137856062356,2.5762733125745303,4.460191757945856,4.7824201707600915,0.0034119145721536316,0.00860389848997245,-0.029865248101892464,0.1396475961228084,-0.15961991136243942,0.043433265104471444,4,FREE
1.0900000000000007,13.546000000001193,0.0,0.4,0.188774786105589,0.0006051574817464901,0.14955906498700125,-2.137374189325279,-2.1435829995510622,0.9775265989718703,-0.8825281642763375,2.624150762383312,4.505940129419522,4.788814341269854,0.007925862450415221,0.013844524706286925,0.02397518846297525,0.19388899883289412,-0.18126714614366857,0.02504565683478109,4,FREE
1.1000000000000008,13.556000000001196,0.0,0.4,0.1889521251658827,0.0006128996053222893,0.14955025972509792,-2.1413066602150623,-2.1624574140574793,-1.2671421392354165,-2.1594380713293333,2.6719677911275928,4.886540274995689,4.777867606346106,0.013055836300808032,0.018805820216253794,0.07287476517897626,0.24249846267084468,-0.21768872650034427,-0.00921627756540791,4,FREE
1.1100000000000008,13.5660000000012,0.0,0.4,0.18915910554017906,0.0006221808390625104,0.14953953641939555,-2.157850892705879,-2.188937424417938,-1.6643686646982454,-2.7334581649493597,2.719936655945335,3.678180003231973,4.80538517153557,0.018361091493652018,0.021042383973895386,0.09223193314765454,0.26287490706219885,-0.24556589630132694,-0.03651444780103966,4,FREE
1.1200000000000008,13.576000000001203,0.0,0.4,0.18937408967823233,0.0006320023859042881,0.14952804643615586,-2.1833566157340965,-2.2174737876182733,-3.0287185231802307,-2.8380673503244327,2.768108261098869,4.808453038478977,4.822682484981015,0.020401332575278323,0.021446910018760566,0.09332737537192139,0.2644258243431456,-0.2634416790464478,-0.057135978958146066,4,FREE
1.1300000000000008,13.586000000001206,0.0,0.4,0.18956365617017545,0.0006407233189640143,0.1495174958551103,-2.211803112703546,-2.239464656987574,-2.7415341677824365,-1.8757761610296322,2.8162834182902645,4.756528454976651,4.8169261995775745,0.021485387959924208,0.017718250267711136,0.039616392427751945,0.2103524010098009,-0.3546330159660568,-0.15129384558512352,4,FREE
1.1400000000000008,13.59600000000121,0.0,0.4,0.18969235712719912,0.0006465363382645236,0.1495098743503883,-2.2363098823180714,-2.245774357050876,-2.5376513111112695,-0.2953797463929602,2.864146140713993,5.502967987313268,4.770696703506223,0.018965216465196777,0.011590352711243593,-0.02542102360695406,0.14387117194437057,-0.3497695331107544,-0.14245426509035752,4,FREE
1.1500000000000008,13.606000000001213,0.0,0.4,0.18976435281796722,0.0006495964544245244,0.1495053894739633,-2.2457354554570075,-2.237505594432095,-1.110033666697713,1.1155000419967172,2.91208265058328,4.414316762324585,4.791918117805482,0.012257610179087252,0.006111283892457682,-0.0836503381772873,0.08647541750296023,-0.3402312634455661,-0.1323637735486566,4,FREE
1.1600000000000008,13.616000000001216,0.0,0.4,0.18979069772535687,0.0006503891969986854,0.14950364837697575,-2.240225179795097,-2.217509924953144,0.8726152145108347,2.1818184786298747,2.9602389391154103,4.714386028569785,4.80978282940776,0.006762208473137217,0.0019676536876338667,-0.12367131091482156,0.0470569412432556,-0.3055601171230644,-0.09798834142726158,4,FREE
1.1700000000000008,13.62600000000122,0.0,0.4,0.189792796625191,0.0006499541744413124,0.14950358834316566,-2.222142188206916,-2.1912939759265346,1.3469724925016713,2.7138157017881497,3.008561071898691,4.64199362054227,4.82444325688671,0.002745370202557955,-0.00010002365570354937,-0.14288396238085035,0.028355820316253,-0.28418903978492827,-0.07609793636474041,4,FREE
1.1800000000000008,13.636000000001223,0.0,0.4,0.18979675730334755,0.0006496334083385087,0.14950380715764314,-2.19685398829436,-2.16556887900331,3.1554528485053748,2.5296332597821767,3.056954089235892,4.194446348702007,4.828904074847533,-0.0003016712973460587,0.0006133478147287712,-0.12634102369560377,0.04495734480101684,-0.2230473152213291,-0.016340775283860992,4,FREE
1.1900000000000008,13.646000000001226,0.0,0.4,0.18982437139703465,0.0006506049399157291,0.1495030032771003,-2.1703757575447056,-2.145925040676566,1.5886164300292107,1.7977661698830631,3.105403154844661,4.942503583994785,4.838999662436285,-8.327612460383106e-05,0.003458373418169897,-0.08803965745673435,0.08380714016040461,-0.17162301883091508,0.03949925027167463,4,FREE
1.2000000000000008,13.65600000000123,0.0,0.4,0.1899024778395088,0.000654380803805872,0.14949968917066525,-2.1489265871606755,-2.139276839175343,2.61064344896383,0.4047009427684081,3.154051458923929,3.545724924849467,4.863611628515058,0.0023235601492969616,0.008866787433939297,-0.030024680904400695,0.1426102932889193,-0.17447160458204583,0.03548255244501708,4,FREE
1.2100000000000009,13.666000000001233,0.0,0.4,0.19003071306214966,0.0006609982006836077,0.14949358256136214,-2.1395143751666854,-2.1455077438046812,1.2383371050942964,-0.8438099168152079,3.2026985616916375,5.099588672351742,4.8594494817478315,0.007716764178270722,0.013723183665677189,0.02104362352309061,0.1932161280465109,-0.18299186975865456,0.021055397865339068,4,FREE
1.2200000000000009,13.676000000001237,0.0,0.4,0.19020161132664354,0.0006701148953722948,0.1494849582974133,-2.1433214363422506,-2.1626934675636167,-0.23319752228860594,-1.9261181901644369,3.2513115423705483,5.379411966810659,4.867522076299119,0.012630773043704038,0.017932195238052274,0.06308612699287704,0.23544366851970994,-0.20499594735885224,-0.0032871637253661934,4,FREE
1.2300000000000009,13.68600000000124,0.0,0.4,0.19040080533350376,0.0006809569076534486,0.14947452084660676,-2.158488847237735,-2.1871436756314426,-0.8383181138151288,-2.4969174721690894,3.2996767105007363,4.766864246751393,4.832363958584786,0.01692546017225846,0.02015504007325533,0.07708235343861744,0.24795119969602789,-0.2773903884472076,-0.0808471965561054,4,FREE
1.2400000000000009,13.696000000001243,0.0,0.4,0.19059085404694212,0.0006914025618027897,0.1494641253448188,-2.1822751287217144,-2.2092012772255285,-1.9145409616425995,-2.1156658169858527,3.347808198500728,4.810909896467086,4.823223947928515,0.020662708084345137,0.01868881451215981,0.06035903475485384,0.23177917073954735,-0.28533724469361776,-0.07172286446657244,4,FREE
1.2500000000000009,13.706000000001247,0.0,0.4,0.19075380693205451,0.000700403313712149,0.14945493042020622,-2.2050890843253694,-2.224266458846564,-1.4913625245422204,-1.2537037712530021,3.396150863868526,4.445357125871277,4.831468611011889,0.019679606688136037,0.015352311317175996,0.0168245578060027,0.18802228176667543,-0.33110610795133966,-0.128398223251025,4,FREE
1.260000000000001,13.71600000000125,0.0,0.4,0.1908588340578017,0.0007060513552745673,0.14944860092458545,-2.2222041923982565,-2.2243775250269167,-2.1683338510533976,0.4004770963358885,3.444420792388613,5.544847346480932,4.819737799760233,0.016177316410421298,0.008952464426467686,-0.048908380463294134,0.12223999920394124,-0.30540169569722,-0.09500925809345467,4,FREE
1.270000000000001,13.726000000001253,0.0,0.4,0.19092562967428622,0.0007094762593834962,0.14944461736026188,-2.2254347476815775,-2.214655431743125,0.8289526343368514,1.1403598783308853,3.4928932398414583,4.554735600566134,4.844458313140394,0.009572652733317208,0.006074205826717621,-0.08093315049362394,0.09097272013615687,-0.31168612662004475,-0.10388003942137493,4,FREE
1.280000000000001,13.736000000001257,0.0,0.4,0.19096686674153895,0.0007113844326747192,0.14944233412296876,-2.2172396243925765,-2.1983640238662128,1.37521515998164,1.7021092587832074,3.5414685541319315,4.692594424354293,4.848561172708727,0.007148590789481951,0.0038920343100110467,-0.09826332330440586,0.07367977790468463,-0.26768507763890426,-0.06153276033620533,4,FREE
1.290000000000001,13.74600000000126,0.0,0.4,0.19100582790907658,0.0007131925114919259,0.14944053684278275,-2.201796095649004,-2.1815075585027577,1.8023073383817168,1.6715605584352853,3.5901517029932744,4.958255664669593,4.864914021868779,0.003510423584877846,0.004005740035114536,-0.09441381110566252,0.07834449764550473,-0.2515169323856872,-0.04007636958908424,4,FREE
1.300000000000001,13.756000000001263,0.0,0.4,0.19106157188307032,0.0007160980772532223,0.14943810232223528,-2.1847590034109396,-2.1689907081080673,1.6104952464517652,1.1596364384346516,3.6388681603154205,5.266089647722274,4.862792561986186,0.0038911861981129428,0.005988062269025217,-0.06578287049922835,0.1064722543853253,-0.19970729099905754,0.0033238469828810596,4,FREE
1.310000000000001,13.766000000001267,0.0,0.4,0.19115066757240778,0.0007211818360921784,0.14943402457274138,-2.170914393188119,-2.165080761794819,0.7310166521483059,0.20836041299371205,3.687407952128472,5.972894877849014,4.84755296867201,0.005409722190885342,0.009673112813858154,-0.023529254720579276,0.14840974492817544,-0.18828766883262193,0.01943948388866075,4,FREE
1.320000000000001,13.77600000000127,0.0,0.4,0.19128095736807185,0.0007290137413284452,0.14942773341013943,-2.165013601026399,-2.171800583461276,-0.4916840991414392,-0.8553707469832178,3.735846257367021,4.298017965544736,4.836137915191926,0.008766904963995535,0.0137940822005618,0.02017254638600824,0.19130822705714184,-0.19399414397211562,0.005071048859383684,4,FREE
1.330000000000001,13.786000000001273,0.0,0.4,0.19144918592243393,0.0007394541647742263,0.14941927018863016,-2.169669296987575,-2.18831804746345,-0.5783000003511899,-1.8310004665935469,3.7842921802826615,5.080972944117168,4.859701199792274,0.012994877629754566,0.017568717497265365,0.06022924187986707,0.2330470163712504,-0.20194427021590708,0.014208340801567992,4,FREE
1.340000000000001,13.796000000001277,0.0,0.4,0.19163195447169276,0.0007510056489351114,0.14940966010679074,-2.184229052404115,-2.208595087883499,-1.9421038144336051,-2.0167013989424225,3.833038495026482,4.841646807817945,4.882416801344662,0.01612921628710143,0.01828593805873076,0.056917371280262294,0.22987188476065615,-0.2713342957088267,-0.0686648588533374,4,FREE
1.350000000000001,13.80600000000128,0.0,0.4,0.1918062280943671,0.0007621035088669973,0.1494001757047286,-2.204620312498594,-2.226700212235481,-2.5590563665227126,-1.7215092338034932,3.881639197723117,4.761657818989636,4.858845556341687,0.018520045211543386,0.01713243660115996,0.041692111588610206,0.21387886158591704,-0.29244116097498796,-0.08788130796129849,4,FREE
1.360000000000001,13.816000000001283,0.0,0.4,0.19195323236674128,0.0007714662875517113,0.14939191287503106,-2.2234426641046223,-2.2378045732781793,-1.0576693446015606,-0.8571206234387015,3.930277245391664,4.491539628192722,4.871422253419816,0.01815492019594212,0.013771582353293729,-0.0023343677208763364,0.17079308958709466,-0.3466766785805525,-0.1322480260824547,4,FREE
1.370000000000001,13.826000000001287,0.0,0.4,0.19205579679201853,0.0007778717723736379,0.14938592191863292,-2.2365899117258503,-2.2374816753123232,-0.4574875010933661,0.23620532636926653,3.9791277604339053,4.56574111342988,4.877405933766531,0.014555591700510968,0.009519690815748048,-0.044758240985574675,0.12808402238917338,-0.31634501224230727,-0.11181293106976543,4,FREE
1.380000000000001,13.83600000000129,0.0,0.4,0.19213398315303962,0.0007826143841490551,0.14938152438402535,-2.2382904054304906,-2.230940887533976,-0.2656517118165658,0.763172129760612,4.027496291917212,5.199423411190377,4.811995336208186,0.009878350170278332,0.007450320676637202,-0.059993659511788484,0.1107180287083468,-0.27740401352396704,-0.06883477279414835,4,FREE
1.390000000000001,13.846000000001293,0.0,0.4,0.19220039586620366,0.0007865944246386239,0.14937804184506098,-2.2325408177951482,-2.2214396771662224,-0.03334266480623862,1.0136631843004609,4.075812900127891,4.387021018279611,4.825182022348622,0.0077130516618725015,0.006452644095751853,-0.06952389064864388,0.10141350782359762,-0.26681896315706155,-0.06498051609871566,4,FREE
1.400000000000001,13.856000000001297,0.0,0.4,0.19226473699948737,0.0007904933362789946,0.14937487467113447,-2.2234944694438434,-2.2114744106337225,0.7543782445455525,0.9622788031389897,4.124109455066539,4.952015564188613,4.826735785882361,0.00597082879160098,0.0066259842500158645,-0.06292528066764409,0.1084774124345316,-0.23790010441460535,-0.027786920269728288,4,FREE
1.410000000000001,13.8660000000013,0.0,0.4,0.19233973370190316,0.0007952313047738425,0.14937126980567383,-2.2132150428868558,-2.2043256949312946,0.31902785905374137,0.6924408636770981,4.172431616859644,5.063378974039295,4.8195677904143945,0.00622710965729937,0.0076494503618824445,-0.05263089368677477,0.11802868741723689,-0.24301666345851802,-0.0429659914703706,4,FREE
1.420000000000001,13.876000000001303,0.0,0.4,0.19243096100588597,0.0008012224238631843,0.1493668332684487,-2.2055923296089976,-2.2014228221825083,1.3409279470929023,0.1649240517341695,4.220536099320626,4.970604944602846,4.803014349689153,0.007092054511707403,0.00967087391978895,-0.031499388215248475,0.1387034568659387,-0.2535252991502984,-0.05114410337580226,4,FREE
1.430000000000001,13.886000000001307,0.0,0.4,0.19253027218097057,0.0008078936044544705,0.14936180783049086,-2.2016940494502966,-2.2006417799826656,0.12224530313668942,0.06901360008127104,4.268538160102149,5.253488781675757,4.79485457123064,0.009115117478084219,0.010032230356760798,-0.025748721691514133,0.14420192342989904,-0.23981896270790237,-0.037231945570941574,4,FREE
1.440000000000001,13.89600000000131,0.0,0.4,0.1926390287505683,0.0008153630216510974,0.14935619985620577,-2.200633544372949,-2.2023376154642853,0.21902110135278435,-0.20654143995180235,4.316496164022751,5.206673999334088,4.793422031177769,0.009636724020612492,0.011085143600118091,-0.014206046519895722,0.15578605155195335,-0.23997239211643318,-0.03583229713355322,4,FREE
1.450000000000001,13.906000000001313,0.0,0.4,0.19275642061222406,0.0008235870146402939,0.14935006927433672,-2.201773687921424,-2.206304401399166,-0.3777602404502309,-0.4065133591662103,4.364577633210588,3.6747437598390515,4.8116554380189696,0.010988590913314545,0.011845243973468969,-0.00757868064571992,0.1632620928886899,-0.2506201437925453,-0.042310864152138083,4,FREE
1.460000000000001,13.916000000001317,0.0,0.4,0.19288193922920568,0.0008325240020353776,0.14934348053140978,-2.2053944467683997,-2.2124188830219205,-0.9826978689363647,-0.6723874033088045,4.412682685498533,4.387046579353655,4.801483229643688,0.011920107263306187,0.01285530155912714,0.0001830378364760985,0.17110639103772715,-0.27935708196892584,-0.06095922502176547,4,FREE
1.470000000000001,13.92600000000132,0.0,0.4,0.1930016178878657,0.0008411208346795311,0.1493370522853196,-2.2111273868336365,-2.2170677188810024,-0.8401164793219018,-0.370604156705456,4.4612313274108,5.4783259885892175,4.859179560564582,0.01252496898057988,0.011673891967027897,-0.016513783110353286,0.15557758410700745,-0.29217518572343204,-0.09213759956375395,4,FREE
1.480000000000001,13.936000000001323,0.0,0.4,0.19310213799682735,0.0008482745186813731,0.14933151307487583,-2.21652027640999,-2.216801710938118,-0.8685341295735677,0.1299397939305103,4.509609091669031,5.825765249696837,4.828962197484366,0.01229435223567589,0.009722228475905417,-0.03541531127440507,0.13562931244076498,-0.2797524719187263,-0.07831308329665518,4,FREE
1.490000000000001,13.946000000001327,0.0,0.4,0.19318674915409093,0.0008542309146418091,0.14932685974069043,-2.2171714176442507,-2.212468819158742,0.39058769897097007,0.5402425297113671,4.557896116972485,4.574408556868574,4.824513812299,0.010361189522955654,0.008118469341222338,-0.053243939653498745,0.11786950224089424,-0.28557921328207353,-0.07984849898255462,4,FREE
1.500000000000001,13.95600000000133,0.0,0.4,0.19326188151872017,0.0008594926050549555,0.149322844756566,-2.213682703075105,-2.2057322082769053,0.7588959099067986,0.7330934475988133,4.606194992148102,4.5511186374531505,4.821345174331271,0.008915611895999402,0.007356042252617161,-0.0559634608225837,0.11514921216968771,-0.2481469731786027,-0.040103247798622815,4,FREE
1.5100000000000011,13.966000000001333,0.0,0.4,0.1933384591937307,0.0008649376168929083,0.1493189106323814,-2.2070847924229646,-2.1994151330779537,0.6811261425089009,0.6590074916431642,4.654606263263918,6.279027358996496,4.837159646890898,0.007318910160290402,0.007627858040842533,-0.05763529863533098,0.11392112283604193,-0.28050893252803927,-0.07496230000831818,4,FREE
1.5200000000000011,13.976000000001337,0.0,0.4,0.19340914909008008,0.0008699587286462406,0.1493152705303473,-2.200834796371804,-2.1915959497613358,0.5889781102444701,0.7790336812306036,4.703012640884377,5.324107890447925,4.8306436447501095,0.008222686431929593,0.007157103657053943,-0.0573409078065946,0.1137976537511261,-0.24128321201557107,-0.03930383039535697,4,FREE
1.5300000000000011,13.98600000000134,0.0,0.4,0.19348453784791728,0.0008754137220401695,0.14931144207078337,-2.193016918831185,-2.1850091142510646,0.6873094562302627,0.6775781498382232,4.75118696929927,5.399298212518048,4.804632342534414,0.005853874833164535,0.007545862207394537,-0.05447981775862823,0.11560753805088606,-0.2539677617276065,-0.05494394307297233,4,FREE
1.5400000000000011,13.996000000001343,0.0,0.4,0.19356994693410667,0.0008817698195720552,0.14930713766137918,-2.1863187204960384,-2.1810237681039655,0.9911717371432822,0.3273467101815692,4.799202236055805,4.762769569843085,4.796858682235517,0.007535741809667387,0.00889788129598029,-0.036948872934250886,0.1328766076015008,-0.235073998291646,-0.036612765433423636,4,FREE
1.5500000000000012,14.006000000001347,0.0,0.4,0.19366998651882658,0.0008894312138370974,0.14930207379528346,-2.1815136612054324,-2.1808277870612556,0.32843252289787794,-0.048148083690934526,4.847045933458984,4.969446461840881,4.779534926122882,0.00839343043287877,0.01035046674534801,-0.018060978914997073,0.15153798230118945,-0.21708362648249027,-0.010962074830645402,4,FREE
1.5600000000000012,14.01600000000135,0.0,0.4,0.19379023602447584,0.000898912516694284,0.1492959486277706,-2.180426809580863,-2.185872055340957,0.5498374459390561,-0.5543056523855432,4.894990960909271,4.791791656862526,4.795530271693263,0.008919900195152954,0.012306030384727107,-0.0003277648189328212,0.16978366831872727,-0.23971135977872227,-0.03509369632302162,4,FREE
1.5700000000000012,14.026000000001353,0.0,0.4,0.19391779209149598,0.0009091254391265574,0.1492892795399431,-2.184607378018023,-2.1928122126654572,-0.7616857207096935,-0.6747342757758986,4.943086255643167,4.43841347601709,4.814198753623906,0.011727432554921483,0.012770973494686633,0.0017644698646296592,0.1726755469558265,-0.2581418220723119,-0.050394145009131516,4,FREE
1.5800000000000012,14.036000000001357,0.0,0.4,0.19402771124403737,0.0009179014710517428,0.14928324554278047,-2.191413808027865,-2.195180748659334,-1.9400974347660833,-0.040284836904126875,4.99135815356358,4.702554587133918,4.825186505264862,0.013100248558760113,0.010321977413401115,-0.029225287885975657,0.14214749065782384,-0.28605263391932834,-0.07613469366691207,4,FREE
1.5900000000000012,14.04600000000136,0.0,0.4,0.1941197832715498,0.0009251990044054368,0.14927813492505557,-2.1952235642204894,-2.1929365159668404,-0.3693538453118423,0.2984916128668995,5.039869526388925,6.309808532563548,4.850170816378329,0.010857267835529273,0.009008699613340183,-0.040199001906778914,0.1318423301161045,-0.2589515871984717,-0.05297928329655137,4,FREE
1.6000000000000012,14.056000000001363,0.0,0.4,0.1942035293650054,0.000931816737547715,0.14927358870238427,-2.1934950572813796,-2.1885495930400567,-0.052377785750175716,0.5644579762417612,5.088457953411227,5.099971559549238,4.854367892230363,0.008405816170911573,0.007978667980495503,-0.056776826188608284,0.11541735328000093,-0.2983677723953571,-0.09161111742159346,4,FREE
1.6100000000000012,14.066000000001367,0.0,0.4,0.19427383923352895,0.0009372754814978978,0.14926981645545687,-2.1898899865682173,-2.1806805369999873,0.8026015757121926,0.8037161067340798,5.136907886778223,4.717273487198529,4.82818928484293,0.008609798005162206,0.007054954975457958,-0.06017163330737287,0.11063770836592457,-0.25162544623855826,-0.05413331362924596,4,FREE
1.6200000000000012,14.07600000000137,0.0,0.4,0.19434844404687263,0.0009431763881466522,0.14926601012418975,-2.1822304695508072,-2.173924556065207,2.1243316655956788,0.6814884695555199,5.1853011258779365,4.610654517193053,4.837391882723421,0.006817007682905237,0.0075305387232376085,-0.05165741436391844,0.11992572016526247,-0.2300565829213058,-0.023835276302304947,4,FREE
1.6300000000000012,14.086000000001373,0.0,0.4,0.19443738778814293,0.0009504501762090724,0.14926158538401926,-2.175063959911226,-2.1708774430645956,1.7214395950973531,0.24005733145982366,5.233733388591112,5.569743257235362,4.836164475957275,0.007697820487005223,0.009241262245104794,-0.032816486614323646,0.13838184415702517,-0.22721138507688887,-0.02797463696148672,4,FREE
1.6400000000000012,14.096000000001377,0.0,0.4,0.19454305789584267,0.0009593179043526,0.1492562889256511,-2.171137850011203,-2.1721487166026865,-0.37318464426083114,-0.18881904712969808,5.281827773891754,4.486807994039722,4.797364576993486,0.009775449635166224,0.010905974510017635,-0.014098967521961478,0.15556341755106504,-0.22600468571037044,-0.030424977453976904,4,FREE
1.6500000000000012,14.10600000000138,0.0,0.4,0.19466804500259008,0.0009700678343827113,0.14924994812075046,-2.1715553568715613,-2.1784158168380094,-0.09076523382432237,-0.7259677387103999,5.329701335754495,5.395543418184618,4.79053713922355,0.010972841049657569,0.012985902651806727,0.009964287690110794,0.17991635101124545,-0.21913880111070067,-0.013640815591436192,4,FREE
1.6600000000000013,14.116000000001383,0.0,0.4,0.1948022241214662,0.000981817364043053,0.14924295301749912,-2.176671053863032,-2.187061485770634,-1.8253030555935574,-0.8370845963444083,5.378067651065716,4.478634216834624,4.857067918897797,0.013005698316281187,0.013419273530350015,0.00804926399592394,0.18006584749222684,-0.25415622172446695,-0.05524605513871668,4,FREE
1.6700000000000013,14.126000000001387,0.0,0.4,0.19493519456830602,0.00099354364992895,0.14923586882838152,-2.1853385302187824,-2.1953982982499407,-1.5763404582518175,-0.790555818212871,5.426384051680288,3.974300697212826,4.828241070500063,0.013024000409582511,0.013237076392425206,0.0042111812998377185,0.1754102216186698,-0.2725271292505131,-0.06781621568474588,4,FREE
1.6800000000000013,14.13600000000139,0.0,0.4,0.19505702637291977,0.001004303166324053,0.14922924794788145,-2.1938663166787333,-2.2008635710183557,-1.2245762332508154,-0.42445487262005516,5.4747170729200745,6.020856085136893,4.8345060624071,0.013174918356877934,0.011816810077678826,-0.014188757074484911,0.1573252267537043,-0.2926822773279699,-0.08619562135310958,4,FREE
1.6900000000000013,14.146000000001393,0.0,0.4,0.1951544816322869,0.0010128062154492418,0.14922380678087094,-2.200186284985409,-2.2000284211101646,-0.6778733247442349,0.26410838424839556,5.5231775287378975,4.177212486327631,4.843500401132291,0.01226362916177697,0.009149800744969107,-0.045392448164535956,0.12641523991271142,-0.3068146873596304,-0.1006878225987457,4,FREE
1.7000000000000013,14.156000000001397,0.0,0.4,0.19522935555595666,0.001019194774885279,0.14921962840940456,-2.2008198608998133,-2.193363097897541,0.08403887670277603,0.7850688372856309,5.571844498554406,5.27651888930503,4.863233599946615,0.010269317958982616,0.007128933051601324,-0.06431164053851314,0.10849249942240079,-0.2858867503865941,-0.07301284114250974,4,FREE
1.7100000000000013,14.1660000000014,0.0,0.4,0.1952908365628482,0.0010243387419895738,0.1492163272880715,-2.195040584285824,-2.183245551876137,0.6654475573999065,1.073709765526378,5.620847142279654,4.738991895740485,4.896715145706049,0.007554087802871255,0.0060089941661137704,-0.07216793000626669,0.1015938893718864,-0.2509102521963818,-0.04196553532630165,4,FREE
1.7200000000000013,14.176000000001403,0.0,0.4,0.19535785064903854,0.0010300675921918257,0.14921299018606426,-2.185289104010839,-2.1745764592862753,1.5834212261570142,0.8157126103486658,5.669852898296783,5.365502536604431,4.886230401219303,0.005699099568683202,0.0070034204117489915,-0.057902666654089205,0.11503448038540134,-0.22710373858877522,-0.026573822722165658,4,FREE
1.7300000000000013,14.186000000001407,0.0,0.4,0.19544105947781562,0.0010374464449788468,0.14920893525064874,-2.1759786553957428,-2.1701062233983808,1.3446693310655946,0.39009300186523893,5.7185670718137676,5.930763344841864,4.8624938297735065,0.006709033660837402,0.008651140969645088,-0.03984868327868008,0.1324027486280806,-0.23063246207096036,-0.027133870111689357,4,FREE
1.7400000000000013,14.19600000000141,0.0,0.4,0.1955525333492523,0.0010477351783781442,0.14920348594620972,-2.1706706314030018,-2.1729664217595235,0.5448435726456891,-0.46043774442001834,5.767040093317396,5.279531666181778,4.843660351207401,0.00825933865759664,0.01193855873456001,-0.0003536253413699685,0.17073928271371366,-0.20316695726505296,-0.010853279691842799,4,FREE
1.7500000000000013,14.206000000001413,0.0,0.4,0.19569427626504965,0.0010611690614090018,0.1491963819906439,-2.171688685840955,-2.183679306915201,-0.8121992004678829,-1.1811015246286805,5.814975929831197,5.226420725343868,4.787836052268802,0.01116088816021906,0.014723095779419172,0.02857027709968898,0.1982074565533344,-0.22197182898271617,-0.01975191173283329,4,FREE
1.7600000000000013,14.216000000001417,0.0,0.4,0.19585370393463353,0.0010765449756909376,0.1491881292599746,-2.181047942394862,-2.198994994527774,-0.8668992436873303,-1.54044223278714,5.862854475299389,5.2977892778297795,4.795939275811562,0.014045398079955128,0.016105746988913434,0.03901099829334885,0.20918632859095876,-0.25302411894992444,-0.04713027913757549,4,FREE
1.7700000000000014,14.22600000000142,0.0,0.4,0.19600911106513566,0.0010916555627731507,0.14917978751903868,-2.1958301376569516,-2.2132997548211453,-1.7465624183379505,-1.3201415608912304,5.910988826480355,4.735692126744403,4.824477988853958,0.01632143796177171,0.015241896741504809,0.024381433721250113,0.19572402588266352,-0.28603323030583483,-0.07705060025278367,4,FREE
1.7800000000000014,14.236000000001424,0.0,0.4,0.19614528933885456,0.0011048866040785888,0.14917226854798227,-2.2107750943879227,-2.2226685551286303,-1.2995948034794975,-0.8242087339457184,5.959241060175721,5.091941112781732,4.823906694423229,0.015385980641009876,0.01330377365730821,-0.001047634308059959,0.1701478251971459,-0.3169943160111958,-0.10994982402322255,4,FREE
1.7900000000000014,14.246000000001427,0.0,0.4,0.19625181185264373,0.0011151036645445866,0.14916624552705662,-2.221338529955268,-2.2244097385749853,-1.098332010794445,-0.005791877236064708,6.007555196792103,5.0491503710044805,4.825507788891561,0.013123204656069122,0.01011598865828696,-0.03064236455419657,0.13998398494296382,-0.27611729121068695,-0.08207794018034285,4,FREE
1.8000000000000014,14.25600000000143,0.0,0.4,0.19633970238902618,0.001123404906279746,0.14916138776809854,-2.2244959807717937,-2.221398749272394,-0.2493462484081493,0.4243328274971032,6.05552815578775,5.563270794624473,4.788681714536542,0.01017388177331667,0.008422762845058673,-0.049355668700993095,0.12033655498241277,-0.28815757023339317,-0.08672371651626568,4,FREE
1.8100000000000014,14.266000000001434,0.0,0.4,0.196413351860032,0.0011302606968716573,0.14915745680677678,-2.2223980930945904,-2.214773951315753,-0.18148483607864563,0.7197012716379525,6.103478961010378,5.7432291433633065,4.788402732162807,0.00909320090773901,0.007251731647013198,-0.058690073481802295,0.11110031145792973,-0.2665024376323699,-0.0635743795323184,4,FREE
1.8200000000000014,14.276000000001437,0.0,0.4,0.1964869308982432,0.001137187841962438,0.14915373526338593,-2.216220462786604,-2.208212963180255,1.0079633839020283,0.6426539757295655,6.151646918280802,4.745943313750657,4.820585375252835,0.007647380674955717,0.0075210316909766406,-0.056241524112329425,0.11432582967816075,-0.2660094989403194,-0.07101754525048788,4,FREE
1.8300000000000014,14.28600000000144,0.0,0.4,0.19655754988899146,0.0011438400933298887,0.14915018325860818,-2.209527231019935,-2.2009425907996993,0.5307904083937763,0.7589291312798757,6.199616696624418,5.125366014469474,4.785022028383371,0.007554030831861308,0.007051443182008453,-0.05681378404157438,0.11291984248574391,-0.24142549458249918,-0.036825082539347145,4,FREE
1.8400000000000014,14.296000000001444,0.0,0.4,0.19663657629269155,0.0011514760086708108,0.14914626269152606,-2.202302491513282,-2.1959114490256533,0.46888039283037664,0.46434322604478406,6.247543952071966,4.857316707770501,4.78218452125772,0.006328644821989977,0.00816996693723443,-0.04340564235426005,0.12591107220598086,-0.2321980982778199,-0.034611010047248716,4,FREE
1.8500000000000014,14.306000000001447,0.0,0.4,0.19673534716255445,0.0011613620567712364,0.1491413804859157,-2.196645625411952,-2.196061506384427,0.89440248371709,-0.14343176404082345,6.295474593150114,5.116510267191694,4.798330917788744,0.007704819247857363,0.010498831291089208,-0.014702795260477373,0.1557528788640941,-0.2110340959737493,-0.0018959776490894698,4,FREE
1.8600000000000014,14.31600000000145,0.0,0.4,0.19685018732454818,0.001173124218404839,0.14913555193856037,-2.195406428898242,-2.200433573748568,0.23525992364053555,-0.4290705725114872,6.343646245947403,4.556676852788681,4.820619134945956,0.009264525602444089,0.011586787677757709,-0.005918600175681379,0.16494929167692846,-0.22662048760314552,-0.024951319208656286,4,FREE
1.8700000000000014,14.326000000001454,0.0,0.4,0.19697567478474123,0.001186160997974769,0.14912903536363878,-2.1993306807169124,-2.2076243490362675,-0.5400941603766793,-0.7081510052694651,6.391820845944374,4.5093806300614165,4.819747745617636,0.011432866593376846,0.012644602047168682,-0.0029173309712332,0.16823221361829527,-0.2906551798347188,-0.08185050182583041,4,FREE
1.8800000000000014,14.336000000001457,0.0,0.4,0.1970885894275343,0.0011978923918053088,0.14912291506077768,-2.2063492361789727,-2.211601461819076,-0.901706661581313,-0.30807626387302095,6.440359020588211,4.625823144623563,4.864032329866168,0.012607862323542099,0.011079806359241804,-0.01900978229273432,0.1539903732104608,-0.27886598775047605,-0.06378513209159857,4,FREE
1.8900000000000015,14.34600000000146,0.0,0.4,0.19718608967424514,0.0012079608306014636,0.1491175274027999,-2.211030253625204,-2.211637858183996,-0.6452539614807317,0.14083846273942502,6.4892269066400186,4.901328922212565,4.881048777174982,0.011676106817712304,0.009323094701437861,-0.04086331990766206,0.1321628222436307,-0.2935737463216771,-0.08911757693711234,4,FREE
1.9000000000000015,14.356000000001464,0.0,0.4,0.1972754727231725,0.0012171698894926852,0.1491126914031901,-2.2120924105735047,-2.2096381932053513,0.6286672213569471,0.1944187957576394,6.538277141003689,3.525035000154594,4.909360886484369,0.009634157862452029,0.00908875082770539,-0.04203530333609514,0.131973893724403,-0.2830255679209865,-0.07832867317222576,4,FREE
1.9100000000000015,14.366000000001467,0.0,0.4,0.19735585314411475,0.0012253889391187905,0.14910839214189878,-2.21013012481543,-2.205363493456391,0.2859830691378853,0.4969026988945501,6.587311888159405,5.045862628629265,4.893831189932818,0.008607774442294512,0.007898164148071419,-0.05010672299076774,0.12323883428710505,-0.2497944553412304,-0.046541770644238756,4,FREE
1.9200000000000015,14.37600000000147,0.0,0.4,0.19743702553874462,0.0012337470717773257,0.14910418797038213,-2.206252889103879,-2.201359039518989,0.1592084524416256,0.4233063577024829,6.636195954758714,4.694267708685628,4.880948607303966,0.007971199676419632,0.008159432022561147,-0.047678947596767135,0.12532383622068066,-0.25704770437642205,-0.051585977237072686,4,FREE
1.9300000000000015,14.386000000001474,0.0,0.4,0.19751705905558345,0.0012420288386688573,0.14910005915247698,-2.202140462382881,-2.1971112605340033,0.7149522983657989,0.47306595828179293,6.68494811037565,4.777109284274405,4.863553106097036,0.008768513159861449,0.007948963934403265,-0.05040858261267955,0.12179296709061253,-0.2614817460682425,-0.06027087985980509,4,FREE
1.9400000000000015,14.396000000001477,0.0,0.4,0.19760050019514788,0.0012507943821223762,0.14909579160409964,-2.1980349167614563,-2.1938003102708272,0.49329637550075955,0.32648947856784943,6.733814466604183,5.657494463155834,4.890104939776157,0.007296609954399656,0.008497712154686745,-0.040862412190829894,0.13251474011585693,-0.234672218033684,-0.029081806678767905,4,FREE
1.9500000000000015,14.40600000000148,0.0,0.4,0.19769654437030906,0.0012611310141044307,0.1490909259468441,-2.194244606140786,-2.1938160944203964,0.8787114649025347,-0.046135487066588,6.782736142542682,4.455100611214012,4.888700411730649,0.00825349043133979,0.009919783655327943,-0.02514443742453272,0.1482358214639783,-0.23490064205958233,-0.027563313940353537,4,FREE
1.9600000000000015,14.416000000001484,0.0,0.4,0.19780876835570607,0.0012734865696945495,0.14908522545713815,-2.1935103435074423,-2.1980905266189787,-0.03493994892452427,-0.5033866085068855,6.831715114852941,4.5983938318178454,4.900107936412514,0.010188666136733896,0.01166742623869126,-0.0046578264689901994,0.16921537071133616,-0.22412798068782155,-0.01471661804572652,4,FREE
1.9700000000000015,14.426000000001487,0.0,0.4,0.19794032127970332,0.0012882587059856478,0.14907849138135865,-2.1967933723747173,-2.2074531968459956,-0.32621733957004095,-0.9918891048252688,6.880695728151634,4.29277978094063,4.897001890118151,0.011190438846354964,0.013531355169842132,0.01462242439526437,0.18811008689872974,-0.23023776125341244,-0.026249725925019854,4,FREE
1.9800000000000015,14.43600000000149,0.0,0.4,0.1980738433669305,0.0013033652433891863,0.1490714433971003,-2.205233989213312,-2.2173939232043858,-0.7362464031807398,-0.9241451276578156,6.929608780654158,5.0310725419970845,4.892040933698106,0.013523292229787542,0.01324443778243776,0.005833447703975291,0.17950577204455725,-0.2728534546700263,-0.06142605399940486,4,FREE
1.9900000000000015,14.446000000001494,0.0,0.4,0.19819817716102758,0.0013174645377657846,0.1490647232474514,-2.215558325125398,-2.2250301099112395,-1.227569095794232,-0.666673055599788,6.978733852726547,4.977130729597059,4.917938865318719,0.013630888967484135,0.012217410845493848,-0.008787023488986396,0.16570477742054635,-0.2938854569794578,-0.08461079840467188,4,FREE
2.0000000000000013,14.456000000001497,0.0,0.4,0.1982992490407791,0.0013287946905011945,0.14905908528864711,-2.2238494525486803,-2.2267076243574744,-0.7287476538438346,0.037878061724764184,7.028002643779689,4.429916882106091,4.924446177264644,0.012433868901087313,0.009461972675384085,-0.0424027599831522,0.13220853115420447,-0.3187697467303509,-0.11128913404068473,4,FREE
2.0100000000000002,14.4660000000015,0.0,0.4,0.19837032479384206,0.0013364674885889957,0.14905501831787563,-2.2271009689780823,-2.220675035276921,-0.36047947969930366,0.7430224766707519,7.077133496923818,4.9114660603257105,4.895992903834471,0.011307630716416908,0.006702512853651587,-0.06786613027879895,0.1053406425126968,-0.2888468917052524,-0.08942422071442772,4,FREE
2.019999999999999,14.476000000001504,0.0,0.4,0.1984162191157955,0.001341036827056897,0.14905238876571147,-2.2223133988053876,-2.2081764294805986,-0.14357218535088204,1.4504496528499795,7.125984082876413,5.237870417704341,4.867609598063758,0.006690533803878296,0.003939991801821274,-0.09507367959012701,0.0774085250077153,-0.2750382327238055,-0.07053355644858605,4,FREE
2.029999999999998,14.486000000001507,0.0,0.4,0.1984485775651048,0.0013439531887124265,0.1490506891926438,-2.211126592072818,-2.1922281679980533,1.2509740164615404,1.650072665717544,7.174780285479398,4.409453151843464,4.865413694624849,0.0039692005177962295,0.003143717188546746,-0.09962785944295956,0.07288376697136983,-0.24939343577793663,-0.04343006100955585,4,FREE
2.039999999999997,14.49600000000151,0.0,0.4,0.19848553193029847,0.0013474931566074644,0.1490489836535112,-2.195409656258109,-2.177527376609204,0.4928009568419463,1.4489325306027727,7.223573838510087,4.946616382730854,4.864604522354516,0.003839789244837783,0.003905048698817904,-0.0894902585997561,0.08288408997682571,-0.2377574689845986,-0.03422872317051974,4,FREE
2.049999999999996,14.506000000001514,0.0,0.4,0.1985400554344127,0.0013532952402207016,0.14904650194488375,-2.1802411022466215,-2.1674234405556656,1.5839582781925912,0.8991388872159967,7.272006431158805,4.409184098650868,4.81881647342069,0.003457047884238826,0.0060215993627474144,-0.06155009367456758,0.10868189691374362,-0.20591027882462565,-0.013483662906468324,4,FREE
2.0599999999999947,14.516000000001517,0.0,0.4,0.19863452635778106,0.0013642808013086072,0.14904207651629986,-2.168870715471053,-2.167737325922998,0.6565732792473196,-0.27588042507044874,7.3202013398936865,4.243489316152156,4.818084967484584,0.004635030425747066,0.010554432428680503,-0.011549162493667435,0.15951673315644355,-0.20799587354918642,0.0012551049361270439,4,FREE
2.0699999999999936,14.52600000000152,0.0,0.4,0.1987632488760977,0.0013797949975756156,0.14903570523353152,-2.1667927245824963,-2.176980934074906,-0.9941837317004931,-1.0289591736855972,7.368628485084813,3.9550181935190536,4.851138439934134,0.009268810188766881,0.013461397037772285,0.016317718019313157,0.1884714622182184,-0.22779795128227065,-0.02054263118001526,4,FREE
2.0799999999999925,14.536000000001524,0.0,0.4,0.19890844534430088,0.0013975556237549461,0.1490281659916385,-2.1746624919502535,-2.1905315755433286,-0.33673847421093295,-1.3550177948206474,7.417155937150452,3.9256558629256464,4.85692867881076,0.01336216446368297,0.014713921041382864,0.02611771084758584,0.19821107608190897,-0.25058447148015006,-0.04826594794945588,4,FREE
2.0899999999999914,14.546000000001527,0.0,0.4,0.19905767774439373,0.0014159475324181652,0.14902018636454675,-2.18772157230169,-2.205173333027652,-1.3696172647754596,-1.4519747697827223,7.465644026995612,4.253895358132952,4.856602921412949,0.01457091338152138,0.015071150657501699,0.029952903221814965,0.20217673116210375,-0.2509920791110857,-0.045591717775771326,4,FREE
2.0999999999999903,14.55600000000153,0.0,0.4,0.19919597729292643,0.0014330162421571332,0.14901258851574184,-2.2021599529189717,-2.2170327675596546,-0.7539968824090582,-1.0563546668886425,7.51438725375671,5.39366502627115,4.884854064862315,0.014684580703640447,0.013518622047644153,0.005037513177678241,0.17858344062039624,-0.30664999454146624,-0.09436493079211287,4,FREE
2.109999999999989,14.566000000001534,0.0,0.4,0.1993089072507303,0.0014468250628027284,0.14900622715832265,-2.2151429920579284,-2.222369218430027,-1.6099646168795643,-0.3704467504277297,7.5634641870914185,5.829760809149642,4.909706561483746,0.014329718855958604,0.010837583703483143,-0.022552817079317458,0.15136844587163292,-0.28936507282111984,-0.08680117376538733,4,FREE
2.119999999999988,14.576000000001537,0.0,0.4,0.19940065728208795,0.001457868062894065,0.1490010937219274,-2.2217704136727527,-2.2222891674272334,-1.1914574753347495,0.14220344111193706,7.6124973457650915,5.002229846714699,4.9005609091100935,0.010613809831942895,0.008819662743085205,-0.043872837601811605,0.12996615090600278,-0.290294530769605,-0.08205898760579014,4,FREE
2.129999999999987,14.58600000000154,0.0,0.4,0.19947103696589036,0.0014661061874099465,0.1489972006041947,-2.222702408689889,-2.2167444595927677,0.384694921541958,0.7136400896362186,7.6616929521277015,5.234583593097972,4.915254868594872,0.009611275877719167,0.006576024093236908,-0.06941571638998423,0.10499613299979921,-0.2989966581896277,-0.08949980328698061,4,FREE
2.139999999999986,14.596000000001544,0.0,0.4,0.1995303686457989,0.0014728903959601621,0.14899409290911908,-2.2183521885975055,-2.208419766443546,0.12382497598650363,0.8875092651543472,7.710767398721571,4.8567506639518685,4.891298010746217,0.007240965078258177,0.005868264548435285,-0.06939039331921593,0.10373001637458681,-0.2465571881708781,-0.045971813692283675,4,FREE
2.149999999999985,14.606000000001547,0.0,0.4,0.19959238595000706,0.001480078183222339,0.14899102864169209,-2.2100683675662873,-2.200883355534436,0.3677003105920176,0.7697433209820616,7.759582254648584,3.912622886645524,4.870057046255789,0.005630579037807624,0.006291395291834987,-0.06529166698392444,0.1074080562507209,-0.25744508299998076,-0.050539182546142605,4,FREE
2.1599999999999837,14.61600000000155,0.0,0.4,0.19965910835367903,0.0014879761240447888,0.14898776336814126,-2.2023462970539534,-2.194647370511148,0.9712616176560618,0.5899810547339028,7.808384425252981,5.015446052477353,4.869485634478929,0.0062110139448946665,0.006959462817474803,-0.05417889725611988,0.11829030676348501,-0.22946516398180153,-0.027467317125242557,4,FREE
2.1699999999999826,14.626000000001554,0.0,0.4,0.19973929407974,0.0014978140951129168,0.1489838166094019,-2.195587833944706,-2.1919897049498465,0.17017735612000345,0.24136392273924526,7.857386841986169,4.777035073825986,4.910462078031826,0.0058990260190706295,0.008282900643511273,-0.041855653682974524,0.13285573520296473,-0.24546746248650247,-0.027103221532541466,4,FREE
2.1799999999999815,14.636000000001557,0.0,0.4,0.1998343922194499,0.001509813077343945,0.14897904760888356,-2.192282230441193,-2.1932846139331295,0.7724034546668688,-0.2127028039424355,7.906792910550263,5.590309572114352,4.943770498762592,0.008794883357546295,0.010014027854033675,-0.02585184972752601,0.14937018642113317,-0.258662017507679,-0.05304629489082602,4,FREE
2.1899999999999804,14.64600000000156,0.0,0.4,0.19993315059993844,0.0015223820310934055,0.1489739071725986,-2.1927934447569997,-2.195586902856024,-0.7878949751832591,-0.18720540080580647,7.956107776198737,5.5065996600457785,4.923932752625018,0.010126685717799736,0.009896501189445444,-0.02720770644719571,0.1469553354904749,-0.258369800791525,-0.059252107917137406,4,FREE
2.1999999999999793,14.656000000001564,0.0,0.4,0.20002837722944572,0.001534507464844356,0.14896881903487333,-2.1951663432157105,-2.1970220330395636,0.7199572584388743,-0.07601754022506152,8.005053450692007,4.6247292360798715,4.885630225363301,0.00994365646935481,0.009445930745082766,-0.03252114172607461,0.1404037135712344,-0.26666104957875375,-0.06557390401862058,4,FREE
2.209999999999978,14.666000000001567,0.0,0.4,0.20011254516052399,0.0015451171036940153,0.14896421516747457,-2.196870894632264,-2.195625380899308,0.3914187250891527,0.2647191014516623,8.053468670043898,4.653510902130735,4.817450325894986,0.009814379172179413,0.008109637961515622,-0.047870909493888836,0.12207718440597208,-0.2766380563210692,-0.08861393411414901,4,FREE
2.219999999999977,14.67600000000157,0.0,0.4,0.20018263195232425,0.001553812059481766,0.148960349415871,-2.196262848955988,-2.190611924777248,0.3345882876090829,0.6273463627679737,8.101857557079617,5.005361022041583,4.8430000355768525,0.007975300044778273,0.006689776674250106,-0.05855718596440495,0.11330795822992372,-0.24541748633523514,-0.03830759417392958,4,FREE
2.229999999999976,14.686000000001574,0.0,0.4,0.2002532395914779,0.0015626645265644187,0.1489566295204192,-2.1917132773016332,-2.185795132805336,-0.038315527238564115,0.5127517400591519,8.150510588800826,4.825073026498655,4.861091915124166,0.006486891713783556,0.007112252155406411,-0.05773075994295642,0.11469201490527901,-0.2725062004209971,-0.06673720017400747,4,FREE
2.239999999999975,14.696000000001577,0.0,0.4,0.2003170424212069,0.0015705980737198016,0.1489532666374722,-2.1868443666370716,-2.1792435002921584,0.49373003610950833,0.730381352019182,8.19929556037318,4.700244211670201,4.872892092089265,0.007712283323293904,0.006259280713342181,-0.06670243314767409,0.10618366477001316,-0.26929490049042604,-0.06202138527026084,4,FREE
2.249999999999974,14.70600000000158,0.0,0.4,0.20038790605459617,0.001579608145393646,0.1489496867018961,-2.1807034189059253,-2.174574001543482,0.5749940605078104,0.3541473313496151,8.248145881460472,4.6839291996684285,4.87734126756038,0.006550730220540055,0.007698420693888933,-0.04266405253601414,0.13021624891572292,-0.20979200128217892,-0.0052693203801123245,4,FREE
2.2599999999999727,14.716000000001584,0.0,0.4,0.20046174464421898,0.0015890930699430075,0.14894589040782671,-2.1749085063638396,-2.1707009527242556,0.905643709301163,0.5344661260531911,8.296918082139275,5.317470192455521,4.867397967865946,0.007289208286569464,0.006998559306109404,-0.05456426024304347,0.11805553938027742,-0.24055007204285894,-0.03398523022091793,4,FREE
2.2699999999999716,14.726000000001587,0.0,0.4,0.20054057839578548,0.0015993742019940853,0.1489418476327147,-2.171588242013901,-2.168151441015754,0.5549918392162212,0.22036413107531677,8.345752536062237,5.394044437076189,4.880793473469654,0.007110227516089774,0.008204499863353738,-0.03953390084871941,0.13363373661145547,-0.2271084381810221,-0.01908296079533034,4,FREE
2.2799999999999705,14.73600000000159,0.0,0.4,0.20063007558493215,0.0016112921717806369,0.1489372468245464,-2.168318854386117,-2.168402931276102,-0.3605483491257859,0.039263779258460585,8.394711264765359,4.812598385834762,4.894257155125699,0.008379492588507533,0.008900640331657278,-0.03904352543027536,0.1345194751760332,-0.27562970295586847,-0.06901206831744951,4,FREE
2.2899999999999694,14.746000000001594,0.0,0.4,0.20071938054324007,0.0016232408759581254,0.14893256861651874,-2.1685232722067718,-2.1686130763779734,-0.008908132653845317,-0.0532061850287692,8.443592694321865,5.131910910098365,4.878554236808808,0.008884926806306167,0.009254012175226598,-0.029198250225604346,0.14348591116050202,-0.23221371226984788,-0.03196573709079137,4,FREE
2.2999999999999683,14.756000000001597,0.0,0.4,0.20081519094106864,0.0016362025038533586,0.14892755229121668,-2.168290748561062,-2.1705341131786087,-0.3724344899379663,-0.1678910231224401,8.492037350100075,5.794802466209493,4.8303296345194875,0.009008925885037591,0.00969269563467708,-0.026713291734994822,0.14436159026156245,-0.25509870229869136,-0.05333227256843946,4,FREE
2.309999999999967,14.7660000000016,0.0,0.4,0.20091053330923933,0.0016491664481133909,0.1489225040795396,-2.170124327083438,-2.172347341824092,0.07236292680566297,-0.12853778757047202,8.54026288135283,5.327903882109584,4.815475208889911,0.009052419843399492,0.009535875333507323,-0.029629055014372175,0.1406153719777507,-0.26239952581250736,-0.06854214981824883,4,FREE
2.319999999999966,14.776000000001604,0.0,0.4,0.20100022758946923,0.0016613378136291408,0.14891770214368757,-2.1720883717535076,-2.17269956383509,-0.9420802469067634,0.028326063115805072,8.588039113326147,5.201925185412611,4.762526389515211,0.010105102714778269,0.008924352039086363,-0.0347345431545342,0.13352338791097113,-0.2564131629247788,-0.06605886690940316,4,FREE
2.329999999999965,14.786000000001607,0.0,0.4,0.2010855379442362,0.0016729392483887022,0.14891314898041663,-2.1727278012183087,-2.171929812795649,0.3886315835850484,0.13470360205869292,8.6358228684083,5.086801052451245,4.791121502658389,0.009220063936989481,0.008506706992325471,-0.0401835999670517,0.1302829151638145,-0.2670418188599385,-0.0533504351374441,4,FREE
2.339999999999964,14.79600000000161,0.0,0.4,0.20116289293112638,0.0016834271109549333,0.14890900751795,-2.17216291281545,-2.1691051876826197,0.05335294514141006,0.4055124142211165,8.68406335139422,4.906749911802228,4.8229243825074635,0.007986543774104758,0.0074562393118690175,-0.04904195434578664,0.12196710474342667,-0.2403158522636175,-0.03813308048284764,4,FREE
2.349999999999963,14.806000000001614,0.0,0.4,0.20124289270148946,0.0016943835054012532,0.14890484730395687,-2.169745704909312,-2.166995310769292,0.7458361524364172,0.22379197626525635,8.732407299599666,4.904705096862062,4.833578681419821,0.00771904812577169,0.008150727390296509,-0.04390620612282336,0.12787861806070788,-0.26154567086625574,-0.050004702061080805,4,FREE
2.3599999999999617,14.816000000001617,0.0,0.4,0.20132760276158515,0.0017061491211336599,0.14890049774686975,-2.167377223648591,-2.1661389600776806,-0.3383175793237642,0.048837169062048234,8.781210102388766,4.343138750174826,4.887430681047519,0.007979256702085042,0.008820937160051515,-0.03308227658345685,0.1406836383890766,-0.23071281754633624,-0.01665966340721109,4,FREE
2.3699999999999606,14.82600000000162,0.0,0.4,0.20142445565021846,0.001719860418208361,0.1488955590931728,-2.165964111987616,-2.1684796161091,-0.24970147042780122,-0.219171783717217,8.830289247862337,5.040700447535738,4.904823745219976,0.008468055221291284,0.009850166709752672,-0.025039273886651694,0.1488147733941098,-0.24856401449381865,-0.043850176071044966,4,FREE
2.3799999999999595,14.836000000001624,0.0,0.4,0.20153302837226014,0.0017354728898744411,0.1488899979220127,-2.1679122951913086,-2.1739117124025453,0.36504971236484557,-0.623078841284135,8.879605439817777,4.882859791109643,4.945451327470253,0.009824110328346734,0.01140002909983021,-0.011128605269376694,0.16404370790946896,-0.2650319038358724,-0.06219176036374843,4,FREE
2.3899999999999584,14.846000000001627,0.0,0.4,0.20164139317230728,0.0017511096163777082,0.1488842926758474,-2.172645930140593,-2.1793160796482525,-0.02449834009090612,-0.4690374252692789,8.92886762736029,4.6515795506486945,4.92328072991786,0.01039177232479916,0.010796026891314689,-0.01764645752148253,0.15678946859648138,-0.26652670294078207,-0.06152445492463067,4,FREE
2.3999999999999573,14.85600000000163,0.0,0.4,0.20174442458779482,0.0017659778970704107,0.1488787841591139,-2.1783611299304724,-2.183365608957754,-0.6719502585304945,-0.34784931884721587,8.978101674736743,4.955347031261502,4.925701649161342,0.011868693782533366,0.010312976394462327,-0.022209703851583572,0.15253226243852552,-0.26283376791254953,-0.05340303614672223,4,FREE
2.409999999999956,14.866000000001634,0.0,0.4,0.20184320230302052,0.0017802441527873286,0.14887350012910444,-2.1826140721803777,-2.1863541265656026,-0.6743116125669343,-0.22600623885283097,9.027309389960973,5.00446132034929,4.9130168333478315,0.011101587301623918,0.009823891401193986,-0.027867915871712008,0.14602575238388535,-0.2648368997850826,-0.06368133450801274,4,FREE
2.419999999999955,14.876000000001637,0.0,0.4,0.20192752697955352,0.0017922691473189279,0.1488689075667676,-2.185885017182597,-2.1856121459415188,-0.9153101654940172,0.2252455051930377,9.076353251491142,5.130314136087153,4.897795741573727,0.010039959546910232,0.008063469794037261,-0.04880534996583448,0.12468880207109895,-0.28012471518915394,-0.07663318247551029,4,FREE
2.429999999999954,14.88600000000164,0.0,0.4,0.20199666832203658,0.0018019279231288661,0.1488651375910014,-2.1861362844815697,-2.180951360835126,0.07349065300043893,0.5653931630478295,9.125343247212163,4.844328858911951,4.890711216063321,0.00890381639750388,0.006731071016854015,-0.06096802070543216,0.11241916945889574,-0.2662824547234677,-0.06025320121215533,4,FREE
2.439999999999953,14.896000000001644,0.0,0.4,0.20206381151670216,0.001811341265003551,0.14886164268516647,-2.1820590204684214,-2.175824252575929,-0.2596285330708206,0.4972587084174484,9.174479319609826,4.459729238755725,4.913726428491158,0.007099392168468516,0.006975290486504828,-0.053899309303148825,0.12066543910470647,-0.2363600110321154,-0.02285621708297396,4,FREE
2.4499999999999518,14.906000000001647,0.0,0.4,0.20213472633876775,0.0018214349091019997,0.14885802852595312,-2.1765790363386905,-2.171731095232502,0.6251420555832681,0.5062647534504128,9.223844354927364,4.311084362561852,4.928239669683168,0.006365615288077785,0.006927269856142223,-0.060214663589848685,0.11445793188188214,-0.27418691206523205,-0.06844665009600494,4,FREE
2.4599999999999507,14.91600000000165,0.0,0.4,0.20221603304235497,0.0018332764657529698,0.14885396662262732,-2.1727714984601962,-2.1703982376412534,0.9726451456173681,0.02644007705180799,9.273069808926872,4.6704910909174835,4.912211449429527,0.007979431449834179,0.00876442083345254,-0.034702220322637346,0.1396112562921095,-0.24039378831905717,-0.02965596748016086,4,FREE
2.4699999999999496,14.926000000001654,0.0,0.4,0.20231412749052477,0.0018479462368968006,0.1488490449494939,-2.1702456055879566,-2.173500950856678,-0.5336610013446274,-0.36314997327728005,9.322350988766269,4.770983643076854,4.92736674242909,0.007790227748411124,0.010255429986411818,-0.014854844985194618,0.15954195744156982,-0.20884737956102373,-0.007865060213473066,4,FREE
2.4799999999999485,14.936000000001657,0.0,0.4,0.20243416155959587,0.0018663018100386606,0.14884296592396612,-2.1723977419428824,-2.182395265289166,-0.49160456081836557,-0.9259556312091984,9.371380736960388,5.569200896548991,4.903576131079162,0.010007374498485313,0.012410270130883874,0.005304065831796304,0.17897462468980233,-0.2366634081261691,-0.03332673583089413,4,FREE
2.4899999999999474,14.94600000000166,0.0,0.4,0.20256882854661956,0.0018871811696752618,0.14883600824396523,-2.180335782539288,-2.195184103213758,-0.4280828869676751,-1.3303053740237718,9.420292127098616,5.242244594034798,4.89819506077189,0.012907862213713992,0.013946325336946844,0.0234104484828913,0.19699529615786324,-0.2275886655336795,-0.02268916320908422,4,FREE
2.4999999999999463,14.956000000001664,0.0,0.4,0.20270629106022262,0.0019086254491708448,0.14882871625823285,-2.192250771116304,-2.2087872511309627,-0.7752364962369276,-1.2828822871921395,9.469033401404857,4.3679928038183,4.876873511963458,0.014311251095153405,0.013731014880985154,0.01574039595465917,0.18840277475326705,-0.2664116406995215,-0.06559282949593964,4,FREE
2.509999999999945,14.966000000001667,0.0,0.4,0.2028336578369489,0.0019284848508826938,0.14882179932598416,-2.2062092631672416,-2.2198538563521124,-1.456442770262146,-0.9786214552083022,9.517670216082188,4.786227995337722,4.871138792013521,0.01346611599060823,0.012514162890802389,-0.0030195889342860055,0.1699710759040072,-0.3105868214892744,-0.0995061520898216,4,FREE
2.519999999999944,14.97600000000167,0.0,0.4,0.20293977748975384,0.0019448823653037029,0.14881592147317554,-2.2181325133533756,-2.2254865627234417,-1.8183690987262562,-0.4824749443792098,9.566568478376634,4.526417664887039,4.89018813879026,0.013305361421059453,0.010548511526909396,-0.01770246905341124,0.15555547410921736,-0.2584821577091649,-0.055962674656020714,4,FREE
2.529999999999943,14.986000000001674,0.0,0.4,0.20303036506544828,0.001958720598936016,0.14881093110938345,-2.2244495718529915,-2.2271962726556063,-0.42841947683715415,0.042498458410900344,9.615409174728473,5.450218157339613,4.880008920055692,0.0103186519304799,0.008467836202820593,-0.04700849521378555,0.12591043574734578,-0.30994633582449116,-0.10689875234964623,4,FREE
2.539999999999942,14.996000000001677,0.0,0.4,0.20309196178312247,0.0019676998448986986,0.1488074574101647,-2.2275365772707474,-2.2214545226298386,-0.5160139811768327,0.7712207901019,9.664408113534458,4.844630666649718,4.898180302575854,0.009571562197422622,0.005600715585725348,-0.07371575106714182,0.09963957528425109,-0.2756247272313507,-0.0772119698837161,4,FREE
2.5499999999999408,15.00600000000168,0.0,0.4,0.20313731923704126,0.0019739428092267874,0.14880501053344958,-2.2230474429600062,-2.2115990739569225,0.21605513341599453,1.0864217020192992,9.713344440281904,3.784980614652007,4.882592466501579,0.006174354974117718,0.0043312627131611514,-0.0858838271266713,0.08771402395127106,-0.2753624573803985,-0.05978617893679479,4,FREE
2.5599999999999397,15.016000000001684,0.0,0.4,0.203179307462122,0.001979668436201108,0.14880294347938305,-2.2137657848589893,-2.200994380421889,0.42459914533006354,1.0486394632567417,9.7626388680577,4.733541620737992,4.9169031807694425,0.003699981074523541,0.004430048041464702,-0.07939996146943086,0.09484876890243482,-0.23189304239466835,-0.0276781626687147,4,FREE
2.5699999999999386,15.026000000001687,0.0,0.4,0.20322825687048507,0.0019866337790033508,0.14880061958339558,-2.2028435309937096,-2.1923263282163603,1.2830480688924395,0.9223368667081665,9.812031824228024,5.041331760506033,4.934899109071435,0.004311967017777715,0.0048791546864584,-0.07870254324187596,0.09652022603394346,-0.2641472098329155,-0.05220989138097323,4,FREE
2.5799999999999375,15.03600000000169,0.0,0.4,0.2032743307212393,0.0019931481459562897,0.14879835215936174,-2.194105301923356,-2.1829915093160315,1.308341376468183,1.0315764906272562,9.861662479086135,4.366820517782631,4.956309362464414,0.00465871213618714,0.004427466568142479,-0.07803610209529113,0.09744848063105849,-0.21806063347020682,-0.015787266997184426,4,FREE
2.5899999999999364,15.046000000001694,0.0,0.4,0.20333507060132383,0.002002249730364772,0.14879540041836564,-2.1847262936746787,-2.1775801195828812,0.8855857276902795,0.4878476734352828,9.911115756227918,5.1857042701357905,4.9332703343031845,0.004701305169193773,0.006497847729874215,-0.057091708792443525,0.11772059451167484,-0.23663258977347149,-0.030582018379241543,4,FREE
2.5999999999999353,15.056000000001697,0.0,0.4,0.20340737737244574,0.0020134264424988067,0.14879177081443817,-2.178334273362001,-2.1752638063069774,0.7661936063922687,0.24539585725170768,9.960452369473607,5.11820079005748,4.924640337426533,0.005820263681207523,0.007412315313637519,-0.04882811484826893,0.12555041599936986,-0.24856435208155897,-0.04553824712602039,4,FREE
2.609999999999934,15.0660000000017,0.0,0.4,0.20349522342899734,0.0020273951289433846,0.14878731901768522,-2.1756200125770877,-2.1770834663041065,-0.2371234925282142,-0.3060216158857908,10.009490427831608,5.376360474894415,4.893704531018453,0.006932829153370129,0.00951750896351146,-0.018757836449003723,0.15433175994918813,-0.20054164885078857,-0.0019640434232324894,4,FREE
2.619999999999933,15.076000000001704,0.0,0.4,0.20359843296739438,0.002044157505919993,0.14878198128430833,-2.176043158644559,-2.1829966275964763,0.7817953368145111,-0.5883433847066997,10.058327491949864,5.61176867402749,4.886775885538751,0.009035032338606416,0.010584667092047162,-0.016234774231308428,0.15669029025331538,-0.2663311301837794,-0.06732868206284412,4,FREE
2.629999999999932,15.086000000001707,0.0,0.4,0.20369581128089395,0.002059958464434863,0.1487767265016929,-2.1818112976240247,-2.1874430940848386,-0.755691742766877,-0.34176877888580176,10.106985038572978,5.205051648652949,4.862381748118012,0.009961003710441977,0.009608329683126943,-0.028560290057419852,0.14369098171202024,-0.2813128616365551,-0.07898322477789237,4,FREE
2.639999999999931,15.09600000000171,0.0,0.4,0.20377931483304718,0.0020733627500208575,0.1487720932842584,-2.18683654025271,-2.1883242467830843,0.28535089168851185,0.017124647472824238,10.1556975139856,4.446533508796725,4.874031082125609,0.01002667932654164,0.008194597114247512,-0.0430069864372681,0.13002381979350608,-0.2755640697008439,-0.06627336776053508,4,FREE
2.6499999999999297,15.106000000001714,0.0,0.4,0.2038517935542027,0.0020848669080258926,0.14876808732238442,-2.1883756585176504,-2.18639770264102,-0.08204710503464938,0.29501062126631156,10.204730613265568,3.6053259196647205,4.902963413518432,0.0083343589870958,0.00709199295153738,-0.055411698786983016,0.11860193677712749,-0.27612345431042284,-0.06731147902011621,4,FREE
2.6599999999999286,15.116000000001717,0.0,0.4,0.20391497407746265,0.0020947339412962906,0.14876465768332456,-2.1870091676532915,-2.1821100620671983,0.08579275545395215,0.5212392165720926,10.253763707618097,4.350120100312648,4.885605120659383,0.0065943630930658335,0.006189937753071334,-0.06341941988207414,0.11040925419800844,-0.2703020569202897,-0.051327848250774924,4,FREE
2.6699999999999275,15.12600000000172,0.0,0.4,0.20397400159242315,0.002103915738141204,0.1487615580434418,-2.1831042715174847,-2.1768126387475077,-0.07940390705165935,0.5763782767807822,10.303251717709701,5.102874043886822,4.947776196310413,0.006127875882497046,0.005950320905277268,-0.06412241576361698,0.11117937112865671,-0.24539714689656633,-0.041648496345883204,4,FREE
2.6799999999999264,15.136000000001724,0.0,0.4,0.20403732096682597,0.0021139096854835672,0.14875834682156375,-2.1778056583866707,-2.1727108352821647,-0.44216706551270396,0.4325957389750533,10.352722850862941,5.418371918028233,4.939722595383186,0.006589060334369938,0.006481298782213623,-0.05850878840109331,0.11662255674281591,-0.2505738232631433,-0.043233609474800816,4,FREE
2.6899999999999253,15.146000000001727,0.0,0.4,0.2041076534334301,0.0021252238577766057,0.14875481031351903,-2.1734379835654476,-2.1705106476012075,0.9667872710888694,0.20616613219426488,10.402052213239255,5.0452467783608945,4.9196953321714,0.006240298799075268,0.007333668334294544,-0.046878224222062184,0.1271841813984709,-0.23480627303301932,-0.03477307047633864,4,FREE
2.6999999999999242,15.15600000000173,0.0,0.4,0.20418760853888251,0.002138375980562619,0.14875076453357358,-2.170707750204451,-2.170897850555946,0.2594545630633025,-0.020862021174216563,10.45145447079238,6.0615511554096555,4.947883562192767,0.0067257496473563305,0.008189767819678239,-0.036292805062748276,0.1389106426543972,-0.2229056055084394,-0.020537826989142596,4,FREE
2.709999999999923,15.166000000001734,0.0,0.4,0.2042823900716083,0.002154331950024811,0.1487459487901326,-2.1705564541264475,-2.1752425092732492,0.06405174246994172,-0.4603887102038126,10.500724486212231,4.653828103523331,4.9218456045147585,0.00801077179140276,0.009863316638814968,-0.02059805366452514,0.15354332763435594,-0.24480910445085124,-0.04480848658358272,4,FREE
2.719999999999922,15.176000000001737,0.0,0.4,0.20438285407255036,0.0021714144480122093,0.14874071304540987,-2.1741692654853706,-2.1811442493037965,-0.2918748414041488,-0.5495085864408409,10.549795597779188,4.4865075148840745,4.911195010917953,0.009927209179576442,0.010182959722026989,-0.018428698578907936,0.15576364428687217,-0.2576427229929808,-0.04939101385400231,4,FREE
2.729999999999921,15.18600000000174,0.0,0.4,0.20448650115963993,0.0021891802996943164,0.14873524700709082,-2.179947884469895,-2.187963283456553,-0.7728875103376487,-0.6755408322541699,10.598863100605138,4.8396902158689645,4.9049725706864065,0.010815229444109271,0.010638827632220627,-0.0113720958496772,0.16227932082786278,-0.24173316455641808,-0.04043756379143815,4,FREE
2.73999999999992,15.196000000001744,0.0,0.4,0.20458872562320576,0.0022067646097017764,0.14872978502275358,-2.1864340519898873,-2.1945013330492746,-0.49752963941542955,-0.584096470627862,10.647931226518665,4.0350903799945215,4.912707375536566,0.009621321380043193,0.010251116887879644,-0.02146542183483799,0.15267654101770517,-0.28483712349031676,-0.07947744519623241,4,FREE
2.7499999999999187,15.206000000001747,0.0,0.4,0.20467657440512874,0.002221714460530597,0.1487249710770242,-2.1934167101436333,-2.1973611991901465,0.746102583830843,-0.1567182709510279,10.697047045347142,5.749210393601546,4.908400066992035,0.010323211401789809,0.008563357245147158,-0.03867900222640594,0.13506997623043657,-0.2756715834577696,-0.07529106709417878,4,FREE
2.7599999999999176,15.21600000000175,0.0,0.4,0.2047503016858029,0.002234043731922523,0.14872091723368347,-2.1970883368939007,-2.1966170996702647,0.3494389546375411,0.19479742662419428,10.746028651763398,4.600413414805592,4.892380345548439,0.00913351821226241,0.007165047586703321,-0.053671543741359296,0.11969540058161633,-0.27903947044010474,-0.07503633763410554,4,FREE
2.7699999999999165,15.226000000001754,0.0,0.4,0.20481434783058833,0.002244597258937036,0.1487174729526486,-2.1970569017302206,-2.1934428478567165,-0.3265190057698349,0.37808469982572174,10.795139194965174,4.402230528806187,4.9101621830307,0.007623066973363447,0.006415328817140768,-0.05929402829445089,0.11497695461803446,-0.26270215877476144,-0.05320688148133154,4,FREE
2.7799999999999154,15.236000000001757,0.0,0.4,0.20486918315689673,0.00225344267235465,0.14871456223024407,-2.194126068603432,-2.187954615670424,0.7813954333654625,0.6698232517986896,10.844418023033686,4.598687932243733,4.918152578027921,0.006906115116641858,0.005250819060749009,-0.07393007155738598,0.10062364727733913,-0.27746658410829533,-0.06741985246385823,4,FREE
2.7899999999999143,15.24600000000176,0.0,0.4,0.2049121582762546,0.0022600531423674075,0.14871228727220281,-2.189314503938038,-2.179442971351017,0.6295271423937797,0.9553684011806366,10.893868099812545,4.912601529289821,4.933046236177741,0.005958225185229713,0.004114216401459061,-0.08563299093721287,0.0889838993559989,-0.2693196542521355,-0.0685999389237937,4,FREE
2.7999999999999132,15.256000000001764,0.0,0.4,0.20495304440797119,0.0022662753999352857,0.1487102353108094,-2.1813524335148893,-2.1704632510550064,0.40923834821272254,0.8604522084204367,10.943051611599442,4.793536516834869,4.89702906917313,0.0038329315595323757,0.004449774705766369,-0.07354697092801159,0.09961349875984285,-0.21463251019214855,-0.01734981293357335,4,FREE
2.809999999999912,15.266000000001767,0.0,0.4,0.20501521763961242,0.0022766573187432367,0.1487072738027171,-2.1718446210215285,-2.167161462019608,1.5978761347804877,0.25930481833838637,10.991865021004726,4.863738120631448,4.87116741749227,0.00415297235517906,0.006743220122850594,-0.04796186205703243,0.12449816885213141,-0.21668434036674206,-0.015828625581573733,4,FREE
2.819999999999911,15.27600000000177,0.0,0.4,0.20509822072026254,0.00229117905686609,0.1487032152915383,-2.1673422582790765,-2.169413097304873,0.6919907971568084,-0.26228140932580246,11.040767037477318,5.693993686993094,4.896936035377296,0.006299838077299127,0.008732599679127156,-0.024690188621377604,0.1488789482448961,-0.20262375008601008,0.0015253178333975298,4,FREE
2.82999999999991,15.286000000001774,0.0,0.4,0.20520715547937662,0.0023108640393035614,0.14869776308907628,-2.16844929259398,-2.1785697859115563,0.4301492816751423,-0.9848004771857953,11.089708731334548,4.477037012024152,4.901446618695155,0.007993901601334922,0.011492953740041823,-0.0002992561918017712,0.1735703372297706,-0.2448212899321614,-0.037267676711418604,4,FREE
2.839999999999909,15.296000000001778,0.0,0.4,0.20532224189022216,0.002331853898749742,0.14869172442296893,-2.1764184564056115,-2.189430792356711,-0.7104903865228969,-1.001773131404445,11.13879198509218,4.466319353312239,4.9186421927577335,0.01103517764667436,0.011527025338546864,-0.004551553115624106,0.1699011000372244,-0.2741195589127102,-0.06693417189064485,4,FREE
2.8499999999999077,15.30600000000178,0.0,0.4,0.20542983435468656,0.002351434278363708,0.1486858812043786,-2.187433305466726,-2.1984189189202152,-0.9738730062160998,-0.825387828383795,11.187734607620502,5.5544582579966155,4.887491435531996,0.01213632789809021,0.010805660538089209,-0.010225169240410767,0.16250510921095399,-0.2585646387498172,-0.06398742484944919,4,FREE
2.8599999999999066,15.316000000001784,0.0,0.4,0.20552158357397782,0.0023679318156094678,0.1486807593551605,-2.1967143951980788,-2.2033508937485298,-0.5591863749674516,-0.32108996309034216,11.23644591466787,5.181640588654533,4.872572369635404,0.011587260985254175,0.00881360202363787,-0.035507069584084686,0.13688769266839523,-0.28767435823527765,-0.09024580844592259,4,FREE
2.8699999999999055,15.326000000001788,0.0,0.4,0.2055936882772035,0.002380575530962401,0.14867669266594305,-2.2028317338900507,-2.2032393472933722,-0.434000185001152,0.1303137153715908,11.28505825883293,4.6908189247097365,4.858076948720605,0.009699499737174983,0.007020610454328196,-0.05018312827194287,0.12236779988374069,-0.26117955210386556,-0.05031352454154833,4,FREE
2.8799999999999044,15.33600000000179,0.0,0.4,0.2056599290524715,0.00239211438058085,0.14867312927282575,-2.203409379499438,-2.2017289214236015,-0.35370642738972163,0.24084342267204542,11.333862652971307,4.686217778347299,4.869911388948982,0.00705919330178717,0.00654113908363432,-0.05667513272468985,0.11560445532407926,-0.26738326851486127,-0.07105905410220956,4,FREE
2.8899999999999033,15.346000000001794,0.0,0.4,0.20572188641847772,0.0024028307456212777,0.14866990924179682,-2.2022055406447376,-2.199226851090122,0.4712120899785564,0.2827100758657108,11.382472361294491,5.656124652386382,4.854567202878731,0.007315659932446188,0.006327488388281498,-0.055651287449086796,0.11637863477598286,-0.2497504590320186,-0.04744910844152968,4,FREE
2.899999999999902,15.356000000001798,0.0,0.4,0.20578445823926425,0.0024137422855668336,0.1486667287022517,-2.199654845783408,-2.1970276576124155,0.41882112877750083,0.2837039046459733,11.43134205375686,4.513342191826993,4.894115297647017,0.007018514334470244,0.006273365354989945,-0.05580091671190938,0.1173353178720635,-0.2411292414098987,-0.04543054419482492,4,FREE
2.909999999999901,15.3660000000018,0.0,0.4,0.20585217663003516,0.002425736937821095,0.14866332789356085,-2.197422903562436,-2.1963184688807007,0.5663803915668395,0.07241701855012542,11.480022062061295,4.782773162967662,4.858584125498848,0.006950251031851985,0.007038172536487392,-0.045087276136666146,0.12709140342405778,-0.23334167850372217,-0.03043312357839613,4,FREE
2.9199999999999,15.376000000001804,0.0,0.4,0.20593358184469204,0.002440587611406875,0.14865926453087316,-2.1962181017473683,-2.1993579718473093,-0.39336498184793167,-0.3501232918744185,11.528681381262135,4.883240467031127,4.868659318302262,0.007225726938699712,0.008617004225641425,-0.026453844301804662,0.14623743424982413,-0.22471156859005573,-0.018955991857505267,4,FREE
2.929999999999899,15.386000000001808,0.0,0.4,0.20602541791456874,0.002457660764258023,0.14865457570807863,-2.1983467433462485,-2.2052944274562742,-0.6228031485446072,-0.5335952398910241,11.57760584709085,4.845488715359795,4.904277931919693,0.008085208358371936,0.009272153066047334,-0.024868320479510007,0.14933588127562056,-0.2625700523968485,-0.05137568310524031,4,FREE
2.939999999999898,15.396000000001811,0.0,0.4,0.20611844795099293,0.002475053897676204,0.14864969746689644,-2.2041397953444664,-2.211698830359906,0.25257171805896256,-0.6417170292784449,11.626675249387667,4.914702996403805,4.908319556552622,0.00873033730692094,0.009630841611546596,-0.024259454362643637,0.14975151826059277,-0.28579700088761895,-0.08063949509397515,4,FREE
2.9499999999998967,15.406000000001814,0.0,0.4,0.20620249298382415,0.0024906585663505886,0.14864515323198044,-2.210494758096542,-2.2158942901510037,-0.19743626924825883,-0.33722931095869735,11.675840530691676,4.494393291084104,4.921382063387829,0.00944454307788811,0.008394435101547162,-0.03130133578563364,0.14348974407816545,-0.24062314440102764,-0.02849841489699731,4,FREE
2.9599999999998956,15.416000000001818,0.0,0.4,0.20629198474185825,0.0025074622194546084,0.14864043577657104,-2.214986674584654,-2.2217122727503638,-1.1267627086607805,-0.549915547928612,11.725176214697088,4.352815885889273,4.931265189432376,0.008222227482218488,0.00914608878204506,-0.024843779110281707,0.149655704124409,-0.2512479488637604,-0.051849339424544505,4,FREE
2.9699999999998945,15.426000000001821,0.0,0.4,0.20637713066854463,0.002523412112658701,0.14863589652130738,-2.2204862333443707,-2.226568693910528,-0.5952872004887568,-0.36369507987724076,11.77442633102581,4.654502885503545,4.930593233821717,0.009486607209309458,0.008356503458601118,-0.03688396958094223,0.13802964805759482,-0.2805894960902031,-0.07209319620184053,4,FREE
2.9799999999998934,15.436000000001824,0.0,0.4,0.20644697107588023,0.002536213729396204,0.14863207422281213,-2.2258729523133436,-2.2275778284121226,-0.24944731605694193,0.03190244071953877,11.823660017913484,4.816496194229976,4.913802141955702,0.008270056232652399,0.006755639399320307,-0.0546773885949493,0.11958000285209215,-0.2871113056079846,-0.07973048259932963,4,FREE
2.9899999999998923,15.446000000001828,0.0,0.4,0.20649932240540567,0.002545398801376245,0.14862915979252025,-2.2277185881662254,-2.2241692437428586,-0.49917451232402144,0.483117671073094,11.873043999337035,5.129108236903323,4.93658418425571,0.006852038282368426,0.004939400901167932,-0.07429248186648922,0.10107391878649387,-0.28767135287970824,-0.0743284643176509,4,FREE
2.999999999999891,15.456000000001831,0.0,0.4,0.2065365019403648,0.0025514385318332494,0.14862710604869828,-2.2251963146797467,-2.216953666930244,0.9242627753653572,0.8302958776833305,11.9228217126602,5.908447654558469,4.9702569902391796,0.004536350581184009,0.003526578292674148,-0.08807622303753543,0.0882555512676006,-0.2740305205170467,-0.06464903741300965,4,FREE
3.00999999999989,15.466000000001834,0.0,0.4,0.20656730199386777,0.002556149374131846,0.14862551777461855,-2.2186001425083672,-2.2082391825901726,0.5718293014234888,0.9264052044444412,11.97269900232977,5.169036633961156,4.97318751633997,0.0035598451761788765,0.0030868434330669874,-0.0902809446438083,0.08595382368662252,-0.2577697577037188,-0.05152326007608396,4,FREE
3.019999999999889,15.476000000001838,0.0,0.4,0.20659447335919157,0.00256009227399902,0.14862417789516053,-2.2099842167949277,-2.198730042242017,0.9100034534372141,1.0453811973786036,12.022383231860207,4.908179684924713,4.94829894812626,0.002992066763863384,0.002566369377828914,-0.09407899202299072,0.08101610566674085,-0.2479548660741633,-0.04693896856081489,4,FREE
3.029999999999888,15.486000000001841,0.0,0.4,0.20662313616755548,0.0025643659567214463,0.14862281244840947,-2.2006687924714745,-2.189762183143207,1.6781868350827596,0.9241421585182885,12.071781941709338,5.37957363506192,4.920555881359514,0.0028851979582709313,0.00297846399528625,-0.08808687074235944,0.08600838240005254,-0.24292472819302374,-0.04290172791698267,4,FREE
3.039999999999887,15.496000000001844,0.0,0.4,0.20665636739157026,0.002569650120690186,0.14862121061919986,-2.1914307706111233,-2.1821331658496312,0.568996021448067,0.8050558541550017,12.121006748517008,6.295284275101285,4.912235051794395,0.0029861002250102108,0.0033895044935318254,-0.08467706785299388,0.08951429779245336,-0.25544845284760725,-0.048209895459859056,4,FREE
3.0499999999998857,15.506000000001848,0.0,0.4,0.20669994942586614,0.0025772108439919,0.14861909954327696,-2.183621696330193,-2.177362379084356,1.7144194113463789,0.40113919523463265,12.170193246843425,4.4900435822428655,4.904616942116783,0.0038484435231638764,0.004903163592169144,-0.062202832949879515,0.11139196371118645,-0.213031440278185,-0.012796332469003094,4,FREE
3.0599999999998846,15.516000000001851,0.0,0.4,0.20676635375280786,0.0025897551258564477,0.14861585295047905,-2.177794228208547,-2.1787415501889744,0.33376512225027394,-0.18423207602578848,12.219166557827892,4.611657168699972,4.8912447601380835,0.0038531848475656222,0.0071195794076317365,-0.03586141752578873,0.13765964415266913,-0.20249492242297829,0.005829115393379478,4,FREE
3.0699999999998835,15.526000000001854,0.0,0.4,0.20686066926080232,0.0026084379872691166,0.1486111502064439,-2.1779089496745287,-2.187625384356281,-0.6468255678495993,-0.9706120118147138,12.268110571428016,4.261274282486683,4.8965568817540825,0.007668519297696615,0.010108180326229774,-0.007198713903619994,0.1656364853577897,-0.22491554277700948,-0.03536516202152583,4,FREE
3.0799999999998824,15.536000000001858,0.0,0.4,0.20696831246003902,0.00263008831734766,0.14860555331482245,-2.1854225011752213,-2.2001611903307046,0.1617265599598802,-1.224178903968104,12.316644967356224,5.231024166283176,4.868577882299168,0.010840549894146572,0.011035974143273638,2.7195707334891844e-05,0.17287593252224998,-0.2549703193178981,-0.045227198106285435,4,FREE
3.0899999999998813,15.546000000001861,0.0,0.4,0.20707101955343174,0.002650768119892223,0.14859996932928193,-2.1975778605958776,-2.2115493752725306,-1.1692918716408665,-1.0005383644729997,12.365563431572939,4.595896316392555,4.907976896903173,0.010880589494118648,0.010113734723617878,-0.01489077539113444,0.159346835096418,-0.2846441289737396,-0.07543077409129606,4,FREE
3.09999999999988,15.556000000001864,0.0,0.4,0.20715369550270177,0.0026671297332755673,0.14859527025405292,-2.2096030473045603,-2.21781720522637,-1.429425618534527,-0.4638395108725749,12.414976579132025,5.7977327315782725,4.955653776932417,0.01074629959559328,0.007975163507044579,-0.041518649898755304,0.13431988283509713,-0.30390340531607224,-0.0956687781151687,4,FREE
3.109999999999879,15.566000000001868,0.0,0.4,0.20721097228240976,0.002677921066110469,0.14859189215873275,-2.217068634439887,-2.2175537633069773,-1.3594055666771883,0.20421966581723996,12.46463701606497,5.761165786842393,4.961156009576015,0.008503772161371707,0.005325104349566,-0.06729725430246712,0.10838196127464345,-0.2818315963360393,-0.07948884935362956,4,FREE
3.119999999999878,15.576000000001871,0.0,0.4,0.20725149154497352,0.002685005586064849,0.14858956565429274,-2.2180183095582415,-2.21304882469038,-0.5672317715831531,0.5681054534205275,12.514240126364164,4.6791807277236845,4.9519295153120035,0.005467576383588281,0.003847014451726732,-0.0814897597153534,0.09408134622612167,-0.2751796859945065,-0.06777111423272206,4,FREE
3.129999999999877,15.586000000001874,0.0,0.4,0.2072706816511458,0.002687347009221544,0.1485884116597959,-2.214181819691658,-2.203079076927344,0.40458588856130845,1.2415431808367356,12.56389188048727,5.161448848667187,4.946776096909845,0.004025848474930885,0.0011808860311099496,-0.11575435092770638,0.059446783500162644,-0.31447077733683787,-0.11104044951189944,4,FREE
3.139999999999876,15.596000000001878,0.0,0.4,0.20728285284998568,0.0026881091341178975,0.14858785598415108,-2.205825011985965,-2.191419813152422,1.441393173998694,1.1349520524705503,12.613194956415779,4.153227051072576,4.901217695089808,0.0020097049465061787,0.0015265234262845132,-0.10201718547305022,0.07146327841790259,-0.2530452650376632,-0.05188272301427402,4,FREE
3.1499999999998747,15.606000000001881,0.0,0.4,0.20730049218960098,0.0026901136975774525,0.14858715964351346,-2.1935672795639514,-2.181359068284569,0.7314224371364506,1.022087533624927,12.662305343684567,4.444759015433159,4.896595219787305,0.001042153187620379,0.0019071788902493931,-0.09372860303223184,0.07999465322316526,-0.2281002244140467,-0.01965320062310276,4,FREE
3.1599999999998736,15.616000000001884,0.0,0.4,0.20733871050961938,0.002696807167557809,0.14858553023279947,-2.1830988167243857,-2.1768920768355486,1.3486314756091047,0.31707438686306716,12.71150194547801,5.926294175138725,4.910026805922211,0.0010476311189826348,0.004576462276068105,-0.05936710859958336,0.11453748130965787,-0.18929238373110976,0.01292025769123184,4,FREE
3.1699999999998725,15.626000000001888,0.0,0.4,0.20740853659978256,0.002710708904245144,0.14858227300368126,-2.176992742784991,-2.180933068746214,0.647092965111681,-0.46908603556353096,12.76064387414003,5.109777974697765,4.919355987107151,0.0035266465887985603,0.007561987648030558,-0.030802095808222806,0.14367785497283833,-0.21923350690310894,-0.01183749363193487,4,FREE
3.1799999999998714,15.636000000001891,0.0,0.4,0.20749006080927498,0.0027273206673645955,0.14857813592170688,-2.179635707306554,-2.188199412625923,0.14681088166912998,-0.6888940601244978,12.809553158275264,4.94450330328016,4.88469438163257,0.006980759413136341,0.008361236996025685,-0.024652063118621313,0.14832000385625574,-0.23922387885984064,-0.03760396768391655,4,FREE
3.1899999999998703,15.646000000001894,0.0,0.4,0.20757646160406346,0.0027451156452377844,0.14857355259464167,-2.1866097379644587,-2.1969023861212253,-0.4661253573715984,-0.8143300601849011,12.858336610460096,5.164998665459613,4.886663788740135,0.00784395223987098,0.008789253313652774,-0.02527348818371445,0.1481120271331957,-0.2796604067572764,-0.07189815545422733,4,FREE
3.199999999999869,15.656000000001898,0.0,0.4,0.20764549324310394,0.0027589984444231735,0.14856961143671849,-2.1952996921701144,-2.201155146612027,-0.6978287786567796,-0.18740414638521236,12.907236856355922,4.986741204860793,4.8840886703393505,0.00866332928959779,0.006311286749160882,-0.05792138798507927,0.11477153152363478,-0.3160781092937029,-0.12119104726540626,4,FREE
3.209999999999868,15.666000000001901,0.0,0.4,0.20767645269998153,0.002764160360638605,0.1485674850890305,-2.201081381143448,-2.1954690230029166,0.5019791086619464,0.8251497827527079,12.956156104251045,4.8336902908218295,4.888907314405886,0.006727720888111683,0.0023431962275169294,-0.100945981863619,0.07259728041276631,-0.3199135448963596,-0.11132171501965234,4,FREE
3.219999999999867,15.676000000001904,0.0,0.4,0.2076878769600233,0.0027648404614694167,0.14856662786149832,-2.1974013067242693,-2.1847690374416593,-0.06350070036265552,1.1825276909885583,13.005364185749222,3.977649486861155,4.9070711897198676,0.0032738512753156266,0.000903173989706612,-0.1061193622992974,0.06786298910746812,-0.2452906536707849,-0.040364599397926484,4,FREE
3.229999999999866,15.686000000001908,0.0,0.4,0.20770023220135697,0.00276573928339281,0.1485660400451706,-2.1869494606783944,-2.174466943639692,0.9607264649979212,1.0828370432081593,13.054692967779484,5.0363489739151985,4.920721743947207,0.0013989567470216403,0.001233822231263584,-0.1053097904796756,0.06938423436612458,-0.26977173317166114,-0.059350182854353895,4,FREE
3.2399999999998648,15.696000000001911,0.0,0.4,0.20771190892825908,0.002766479813481261,0.1485655862984884,-2.176587010988925,-2.164108729784767,1.6181767634105937,1.0423031882024993,13.10410326154892,4.2036570817297525,4.915229600456453,0.0011197864846194544,0.001345042100990231,-0.09847858050908723,0.07517781825052035,-0.22653145575931424,-0.032940958982741325,4,FREE
3.2499999999998637,15.706000000001914,0.0,0.4,0.20772813424457437,0.002768264060941022,0.14856491562667423,-2.16592646025012,-2.1550556865661012,0.7932411464668199,0.9995370788489446,13.153132098727388,5.645695665538162,4.886796857757807,0.0007608762159880136,0.0014732024472927968,-0.1014095979869504,0.07165390787565928,-0.26483974031374136,-0.06314023580542848,4,FREE
3.2599999999998626,15.716000000001918,0.0,0.4,0.2077509564640007,0.0027716183142471487,0.14856390442876938,-2.1570092296430046,-2.147841762228794,0.6682920699334778,0.6868142117969139,13.202109702296502,5.436325712380385,4.887591792029484,0.0020720509999586985,0.0026475161977817362,-0.0842672361313488,0.088557354689671,-0.23296900528674536,-0.037550474166135994,4,FREE
3.2699999999998615,15.726000000001921,0.0,0.4,0.20778365178501126,0.0027773096478881324,0.14856233597347196,-2.148986463174029,-2.143319071069389,-0.2397558381685362,0.486269516542626,13.25080829606541,5.215327755534337,4.856526623923612,0.002323664124445206,0.0033956478183841125,-0.07901558161005044,0.09304665185054889,-0.2601038084592767,-0.05794796499373364,4,FREE
3.2799999999998604,15.736000000001924,0.0,0.4,0.207818485336607,0.002783550172775977,0.14856055123490142,-2.1442163455880374,-2.139427091893339,0.3072015781163076,0.3873402304598982,13.29955901742497,4.911864384687603,4.8717073002468085,0.003767224080918776,0.003754847075266442,-0.0710088394516952,0.1018311393258276,-0.23003488297916969,-0.02349237728796688,4,FREE
3.2899999999998593,15.746000000001928,0.0,0.4,0.20786331522824558,0.002792200005503871,0.14855824747034416,-2.139919960884501,-2.1382514254479674,1.2423931516936892,0.15338571850408547,13.34836613476522,5.102032281279542,4.87191571156197,0.0033294422872225953,0.004636870372849774,-0.06367689123963836,0.10880296331511621,-0.24444222530346682,-0.04529049095286365,4,FREE
3.299999999999858,15.756000000001931,0.0,0.4,0.20792875355076695,0.0028058017749588837,0.1485549677688883,-2.13839262190747,-2.142616119771352,0.32312972953330754,-0.5560564302759252,13.397139683146623,5.124407637520263,4.8833403148569765,0.003341724488397636,0.007350472458629523,-0.029369239621029594,0.14362359372292036,-0.21125996927537952,-0.009762039171265807,4,FREE
3.309999999999857,15.766000000001934,0.0,0.4,0.20801858733387094,0.0028252863184490542,0.14855041734343458,-2.1411163561495985,-2.1535364176656797,-0.21871637531164076,-1.1260284674553078,13.445848563649685,5.106153792717427,4.880070302655847,0.006801504836422952,0.00952313664181481,-0.010115026973743174,0.16278744295961872,-0.2434374564583947,-0.041219012684147946,4,FREE
3.319999999999856,15.776000000001938,0.0,0.4,0.20811358369499244,0.00284606764599626,0.14854539138870992,-2.1510991155841444,-2.1659138958858657,-0.8530370201739536,-1.1576941623277401,13.494463897786586,4.899708077634823,4.867868518083356,0.009227766380588465,0.009611660156722948,-0.01186937028836905,0.16034987605461828,-0.2614538041783514,-0.06471703932559883,4,FREE
3.329999999999855,15.786000000001941,0.0,0.4,0.2081901812433118,0.0028624685680347455,0.14854104931816609,-2.163545500583409,-2.1735021202277864,-1.5762733401553384,-0.5027896889580902,13.542956068627753,4.788032622076346,4.853863012602071,0.01013393805533979,0.007043918604220653,-0.04689867382114212,0.12503796544489276,-0.31412840593458785,-0.11375872216606281,4,FREE
3.3399999999998538,15.796000000001944,0.0,0.4,0.2082357456993566,0.002871417541241187,0.14853822850883552,-2.1727691526972883,-2.172961615962312,-1.0836266310273865,0.2408511082344105,13.59155054239538,4.829329926154074,4.853922676018518,0.007899453655096863,0.00412678856519037,-0.07816664099123513,0.09406173151585434,-0.3143395991365757,-0.10822099309186353,4,FREE
3.3499999999998527,15.806000000001948,0.0,0.4,0.20824952031008168,0.0028726852087240934,0.14853713293301238,-2.1736980452857417,-2.164094373916369,0.552358606609679,1.1054416389030295,13.640447607379922,5.246707321579405,4.879011920760371,0.004233340478264394,0.0007444958859325252,-0.11183492384404756,0.06118384275951602,-0.28980949698544967,-0.08570151629977732,4,FREE
3.3599999999998515,15.816000000001951,0.0,0.4,0.20824493366314065,0.002869488095465232,0.14853725060819073,-2.1664094626144172,-2.1504614896486043,1.5631882512123403,1.4486903351439249,13.68959521874272,5.237914083523078,4.900099320422361,0.00012389179567470795,-0.0006221509623666496,-0.12178543983926961,0.05214938887100736,-0.25721324649893934,-0.048694555897806094,4,FREE
3.3699999999998504,15.826000000001955,0.0,0.4,0.20824279365964463,0.0028669009657286983,0.14853754054321175,-2.153240016514456,-2.1375821928893806,1.4352167829994837,1.2984193325006002,13.739183118036603,5.806804788036806,4.951675204326347,-0.00030760521194488316,-7.564245945230677e-05,-0.11407053952842959,0.06193236313341444,-0.2435487584779735,-0.028744415955468422,4,FREE
3.3799999999998493,15.836000000001958,0.0,0.4,0.20826233386516443,0.0028696380870564626,0.14853693220872963,-2.1399518264016852,-2.130552374243229,1.8413514228178984,0.5971653681166365,13.789024093512692,4.7911569044947315,4.979020579769239,-0.0006037492388577339,0.0026040804308778754,-0.08090203943007857,0.09496928460496912,-0.20719039740549972,-0.013820361504429626,4,FREE
3.3899999999998482,15.846000000001961,0.0,0.4,0.2083095044309452,0.002879157736325404,0.14853490088333543,-2.1313552602204973,-2.130927841053348,1.0579490557618054,-0.13525778166737784,13.838280944564588,5.490091957986678,4.9091465335471325,0.001066854271606921,0.005409510917029619,-0.046174258372538364,0.12718438509633223,-0.18625976081809759,0.007154844909473698,4,FREE
3.399999999999847,15.856000000001965,0.0,0.4,0.20838973095135416,0.002896884645329935,0.14853107603729132,-2.1301333118778603,-2.1401613725733415,-0.6347115469634393,-1.012051089736187,13.88703256849788,5.112346488537747,4.88466527819724,0.004114471019821475,0.008769629599157768,-0.012211498000093007,0.16094788309105795,-0.21192893305133897,-0.006256067721649994,4,FREE
3.409999999999846,15.866000000001968,0.0,0.4,0.20849491294604838,0.0029208983393834817,0.14852575427321282,-2.1377373347929094,-2.156121780298085,-1.0173495968962514,-1.6568356484688298,13.935793118975491,5.174221715395168,4.892203739889597,0.009106291481846553,0.011226775596634138,0.013679209895563031,0.18697554263602525,-0.21503627525163302,-0.012950889497537033,4,FREE
3.419999999999845,15.876000000001971,0.0,0.4,0.208613780161238,0.0029484110435458837,0.1485194887077177,-2.1524374513860107,-2.175836026353195,-1.983430168045937,-1.9968364645532415,13.984433284163607,4.590944096394764,4.882720288680842,0.01105257103779238,0.012495081632455187,0.01743358513799454,0.19038833742629077,-0.2884325716074589,-0.08688543309015463,4,FREE
3.429999999999844,15.886000000001975,0.0,0.4,0.20871662118525544,0.002972008503035622,0.14851371934215776,-2.1719410088116087,-2.191420152565056,-2.292890199898207,-1.348029776905768,14.0331080263303,4.617643097467783,4.884714354756352,0.012148691965197253,0.009936999157241284,-0.01478065526291514,0.15843416670656074,-0.3187812022716503,-0.11395280098871818,4,FREE
3.4399999999998427,15.896000000001978,0.0,0.4,0.20878685560138852,0.0029875018134450483,0.14850950612966915,-2.189005229941108,-2.198490242278907,-1.0538550005033942,-0.5134411030509938,14.081985473477921,4.808642775853099,4.89281063411923,0.010870889883850954,0.0066489400373940626,-0.04650348572137609,0.1268523832081598,-0.2891197027321224,-0.08734938312820681,4,FREE
3.4499999999998416,15.906000000001981,0.0,0.4,0.20882523286071322,0.0029950167633028785,0.14850702697765658,-2.197562555703864,-2.1972641653205045,0.5126587768192694,0.42306079552449666,14.131098301754088,5.013060321210523,4.912840979455246,0.0074744736367802055,0.0029629894629935806,-0.09216854135211092,0.08222191462472171,-0.3316014229248321,-0.12294200906802577,4,FREE
3.4599999999998405,15.916000000001985,0.0,0.4,0.20883011569489085,0.002994096380073368,0.14850646450632082,-2.1984583318234403,-2.187307216667025,0.5266491296841288,1.2418726885962788,14.180687117175651,4.067509310284245,4.951756309087845,0.0036365606455219172,-0.0002687855459335726,-0.11538206697557696,0.06007134240686652,-0.24225613921595268,-0.03932531584820953,4,FREE
3.4699999999998394,15.926000000001988,0.0,0.4,0.20883142896357368,0.002992255523785515,0.1485064849529131,-2.189584667824354,-2.1765859704425172,0.4422587104611003,1.1311447697349106,14.230326603819144,4.122016236982386,4.946131899346285,0.0002701161708300919,8.897839652210146e-05,-0.11425290752894797,0.061146243540015445,-0.27113513690342295,-0.06372592205336906,4,FREE
3.4799999999998383,15.936000000001991,0.0,0.4,0.2088288644653776,0.002989421898589272,0.1485068270699451,-2.1788120082271925,-2.1649908315529576,0.9826077290641184,1.2087136983817781,14.280094100750114,4.865408146891279,4.960229669093141,0.00030928796328710616,-0.0002690032441894961,-0.11465314994780941,0.06121009501172681,-0.24669029539804344,-0.039547741442078885,4,FREE
3.4899999999998372,15.946000000001995,0.0,0.4,0.20883550895603006,0.0029889221397817966,0.1485067978024653,-2.1672172791693827,-2.155990044453683,2.093714025407895,0.8732100799687098,14.329614207402377,5.8201902742534894,4.922156200993503,-0.00024692215579429945,0.0009733445381714304,-0.09705429525927234,0.07676109937698666,-0.22056995234470453,-0.027569348882229422,4,FREE
3.499999999999836,15.956000000001998,0.0,0.4,0.2088529608095213,0.0029912102126461804,0.14850616426703725,-2.1574254825422092,-2.1499941694227322,1.6960038239198412,0.6734376439756329,14.379063869577081,4.7378556514591,4.946699579083188,0.00031001250652567375,0.0017001525779087047,-0.08449186303949423,0.09025859274550785,-0.18397519818699773,0.009078661038098512,4,FREE
3.509999999999835,15.966000000002001,0.0,0.4,0.20889918722330025,0.0030009183529702103,0.14850410562251415,-2.1507961726929827,-2.151793408512188,1.2049025628628158,-0.29504540461310813,14.428117863601585,5.268869819855692,4.897335626318649,0.0017294947522713323,0.005391905321054279,-0.046301053813001536,0.12718512997687925,-0.21159610194641681,-0.007966401559596895,4,FREE
3.519999999999834,15.976000000002005,0.0,0.4,0.20896598806963704,0.003015998858708723,0.1485008057332491,-2.150800963757927,-2.159201744467416,0.37465931581585754,-0.7023870166832592,14.477121394131425,4.84279052704031,4.909746749777948,0.004655330891424893,0.006920363056024028,-0.03606613773110084,0.13802007069490482,-0.2559130783563507,-0.05001454160251437,4,FREE
3.529999999999833,15.986000000002008,0.0,0.4,0.2090397742823823,0.0030329544906347442,0.1484969365478912,-2.1576706167441078,-2.168604454274904,-0.24556106801875294,-0.9636085702110005,14.526103481189006,4.477527778792866,4.901586767291511,0.0071448429687411864,0.007877653299949357,-0.02137629064544455,0.15206851599667215,-0.2242427675337692,-0.025674716155499266,4,FREE
3.5399999999998317,15.996000000002011,0.0,0.4,0.20912473906812223,0.0030528871054253514,0.1484924261880921,-2.166370522721685,-2.181148469751431,-0.8939308514935553,-1.2585674293426798,14.575123218345043,3.844289614150854,4.919818795820264,0.007489805901338578,0.008956336073249482,-0.015439144751837417,0.15916887335009727,-0.2687366277937038,-0.05961901636288584,4,FREE
3.5499999999998306,16.006000000002008,0.0,0.4,0.20920680216170454,0.003072135313497391,0.1484879403119129,-2.1785728334225043,-2.1930966151729145,-0.6934407405753263,-1.1029052424795058,14.62440404179229,5.988216903021474,4.941894800325447,0.00925572830819803,0.00828796575691147,-0.021780810022596683,0.15318328868173067,-0.25691490010329443,-0.0563212884968696,4,FREE
3.5599999999998295,16.016000000002002,0.0,0.4,0.20927977103014336,0.003089039015804194,0.14848386956326778,-2.1907820325952563,-2.2028137356597717,-0.7521045784086539,-0.7933105172534035,14.673600572656964,4.925007408938518,4.926461377470431,0.008450991223138369,0.00701594736100326,-0.04065013570604537,0.1338335613891841,-0.29747642283731207,-0.09523262686098717,4,FREE
3.5699999999998284,16.026000000001996,0.0,0.4,0.20932531900669815,0.0030987799298079154,0.14848112175948097,-2.201371559157837,-2.205420151022609,-0.35548606882103523,-0.03306316166968182,14.722997057427202,5.061230960890687,4.94682364993768,0.008085294165321923,0.003999320223865571,-0.07478405270763248,0.100815698947562,-0.30875735307325214,-0.09853763143306547,4,FREE
3.5799999999998273,16.03600000000199,0.0,0.4,0.20933371421023356,0.003098732289041624,0.14848028699153193,-2.2055438251514308,-2.198316726614455,0.2107300425810395,1.0363582239055147,14.772568792044162,4.685355187871835,4.939809407137217,0.004266283721064802,-0.00021067688548233752,-0.11580548097025131,0.05915987880889585,-0.2748217668442094,-0.07216453750285012,4,FREE
3.589999999999826,16.046000000001985,0.0,0.4,0.20932086736066458,0.003093046491111025,0.14848080821956997,-2.2003873918396857,-2.1857509389198415,0.9383432902512455,1.4052600256107748,14.822109163740139,5.417727238904398,4.931289402430237,-3.215680356504669e-05,-0.001716681427268398,-0.13296616849321008,0.041677654261055616,-0.28751772142524207,-0.08519867230626009,4,FREE
3.599999999999825,16.05600000000198,0.0,0.4,0.2092954639169946,0.0030840007721776638,0.14848219914913352,-2.188641998799307,-2.170019411625347,1.0838798406925698,1.6176522698449352,14.871560553881599,5.560876197434046,4.914915536446588,-0.0010644709176139326,-0.002608726460150921,-0.134658572459673,0.03923497168846968,-0.23498023948799446,-0.03626907359081677,4,FREE
3.609999999999824,16.066000000001974,0.0,0.4,0.20927753504584629,0.003076934495225077,0.148483424416248,-2.1730120518697764,-2.1564571321957535,1.5249356285090896,1.3804748111861889,14.92095864852371,4.681546896339682,4.92374299297379,-0.003092849253550495,-0.0017554727836456344,-0.12574889288112465,0.048926188315000785,-0.24328391378855815,-0.03516265169553354,4,FREE
3.619999999999823,16.07600000000197,0.0,0.4,0.20927514657999555,0.0030740239142553363,0.14848392445411787,-2.1589992050931524,-2.1471961977178897,1.4357135682769913,0.8803257999548645,14.970317385325686,4.721732934667886,4.914194268968457,-0.0013193982772562308,0.0001216474651711715,-0.10126039512005817,0.07294865782454071,-0.2171381723795539,-0.011217757336059467,4,FREE
3.629999999999822,16.086000000001963,0.0,0.4,0.2092945382099619,0.00307697572235266,0.14848326564219577,-2.1485788073090717,-2.143890107234387,0.6500444264024916,0.2793388037003429,15.019654143459944,4.947679616439033,4.926635864350347,-0.0004416818897595854,0.002394409818582035,-0.07679718327250631,0.09768205922889463,-0.21755995282883983,-0.015370142041378654,4,FREE
3.6399999999998207,16.096000000001958,0.0,0.4,0.20933376921390995,0.003085297379299946,0.14848144816243306,-2.1440857249166636,-2.1460118113160576,0.7287976970293435,-0.23717099220851645,15.068931162195355,4.972809074567773,4.928867879617324,0.0020057458184844384,0.004343401734624452,-0.05681521199258262,0.1179022101728229,-0.2276361128545316,-0.022011769575728854,4,FREE
3.6499999999998196,16.106000000001952,0.0,0.4,0.20938408649046297,0.0030966510433955417,0.14847886142624753,-2.1452277994211553,-2.1512209684574817,-0.264161481938876,-0.47393665682686786,15.118204007883376,4.445246017597045,4.928642411552511,0.004226178397456307,0.005211678925296368,-0.050175875474112834,0.12435242505829767,-0.246468142145908,-0.04457620760933238,4,FREE
3.6599999999998185,16.116000000001947,0.0,0.4,0.2094388579825324,0.0031092426959497986,0.14847590768282778,-2.1500959031959708,-2.1577510909552684,-0.45308159178864443,-0.6379879302367566,15.167335626831678,4.283178525267655,4.912458263370658,0.0053343159194415716,0.005794035662764221,-0.04660512668550918,0.1277052283970104,-0.27200233362767035,-0.06264985105832616,4,FREE
3.6699999999998174,16.12600000000194,0.0,0.4,0.20948622605923667,0.0031198679837001688,0.14847319713366058,-2.156436643316149,-2.1624426253492044,-1.0606844244214781,-0.3239200882053341,15.216715474790844,4.12936116126166,4.946299194743597,0.005673888039562337,0.004528521063146311,-0.0639879958660416,0.11143356310801164,-0.2927950301429015,-0.08576603984401115,4,FREE
3.6799999999998163,16.136000000001935,0.0,0.4,0.20951076367351576,0.0031242769327620374,0.1484715564561858,-2.161895891063629,-2.161165297490521,-0.9158432538518654,0.34470373705198865,15.266262670783362,4.662045066374945,4.944871849494229,0.004389468562808693,0.0018921731272136244,-0.09391949181466469,0.0810655579979048,-0.3003175756166461,-0.10076592694568248,4,FREE
3.689999999999815,16.14600000000193,0.0,0.4,0.20952000220866815,0.003124486684633734,0.148470857397697,-2.162028521052739,-2.1559395967459207,-0.2664701731773384,0.5589821415004712,15.315720061574138,5.08886101651323,4.934558360453583,0.0020321885191142285,0.0010062436963090265,-0.09478660658732532,0.08002313011167102,-0.243641983733827,-0.039960107817161264,4,FREE
3.699999999999814,16.156000000001924,0.0,0.4,0.2095223097980507,0.0031227853204483765,0.14847066608287868,-2.1568545211758954,-2.14900247381243,0.6281713976332503,0.8448917876603121,15.365254293446723,4.7969468321610735,4.94245670451205,0.0004195750079704309,-0.00015035213745497535,-0.11155004959821155,0.06347265402767335,-0.27415679874337295,-0.07212613919679936,4,FREE
3.709999999999813,16.16600000000192,0.0,0.4,0.20951480225414953,0.0031183680674948745,0.14847106391818432,-2.1506906171579576,-2.139564933838735,1.1494515277423731,1.011103133315109,15.41483226179975,4.63933039180222,4.943190978104135,0.0005602702831414017,-0.0008411033465352088,-0.11127662022572532,0.06419501358615992,-0.22332810540437575,-0.012102118440864063,4,FREE
3.719999999999812,16.176000000001913,0.0,0.4,0.20951844299018949,0.0031170474227915764,0.1484710712619172,-2.1412308542613756,-2.1332460494824184,0.6507068924678386,0.6767236712863518,15.464708992092778,4.640435236746527,4.981929140332533,-0.0011602104457934216,0.00040453652889578236,-0.10248105707545956,0.07431589433300642,-0.25563688031914367,-0.0448843795188035,4,FREE
3.729999999999811,16.186000000001908,0.0,0.4,0.20953103883769525,0.0031182122485546794,0.1484706261878305,-2.1344508302206626,-2.1294367680455726,0.9786261161593269,0.3425362745970342,15.514656806457008,5.2940413945593265,4.981066591823317,0.0011612169837015545,0.0016540427554245958,-0.08386381614316366,0.09243450072521653,-0.21852770435641974,-0.01638051691535089,4,FREE
3.7399999999998097,16.196000000001902,0.0,0.4,0.2095637656356122,0.0031249828854834675,0.14846916286742656,-2.1297635310863,-2.1311295992124366,0.5455949467196975,-0.21548219318872458,15.564344681270335,5.750495695047206,4.965133606781424,0.0009416495028860347,0.0037684319432886946,-0.06106667637222516,0.11453269580596909,-0.22257598913599808,-0.0232631144179839,4,FREE
3.7499999999998086,16.206000000001897,0.0,0.4,0.20961216113199282,0.003136154556248842,0.14846678172758898,-2.1303753296402017,-2.137129738834917,-0.4739754729112302,-0.586993253780992,15.613790511725725,5.583601781349596,4.949038909480301,0.003386719809334735,0.005162099392641856,-0.049588602865134786,0.12599116664952684,-0.2548562303636164,-0.04459303008935267,4,FREE
3.7599999999998075,16.21600000000189,0.0,0.4,0.2096642445555432,0.003148414470771637,0.14846403322395882,-2.135803626773288,-2.144237794683109,0.039796456604085616,-0.6661480210326182,15.66338380088095,4.411552506913512,4.964279571700504,0.005586668216155428,0.0054230551883059554,-0.04573589219426826,0.13000893132472552,-0.24284595420980018,-0.04073613450621241,4,FREE
3.7699999999998064,16.226000000001886,0.0,0.4,0.20971904733706404,0.0031614695132053017,0.14846107088866248,-2.1427016072411034,-2.152206545443318,0.10563869090413368,-0.7249339825192914,15.712813555521214,4.668877577031871,4.946323840065381,0.005937575578094504,0.0055986079955912425,-0.04475219295096792,0.1302970369867519,-0.2524449495944063,-0.05166053350347892,4,FREE
3.7799999999998053,16.23600000000188,0.0,0.4,0.20976010704669495,0.003170666932843781,0.14845867407037133,-2.1506176551632383,-2.156623553809483,-0.9819532558119045,-0.21867706676702256,15.762060801010428,4.417870238018221,4.91939584242301,0.00551333639401135,0.0035902954103759783,-0.06609284644978497,0.10831843273488037,-0.2537507900131709,-0.04694997457630301,4,FREE
3.789999999999804,16.246000000001874,0.0,0.4,0.20979477657403306,0.0031780953939301686,0.148456700445467,-2.156036635973538,-2.159489523818034,-0.600231661276561,-0.2064409128176526,15.811431441222428,5.469251484323754,4.941150454479699,0.0038487618905116076,0.003480211135432215,-0.06864727860933534,0.10653927688679704,-0.26431165515661137,-0.058081032807406285,4,FREE
3.799999999999803,16.25600000000187,0.0,0.4,0.2098171316114664,0.003182037841058516,0.1484553660021928,-2.1589941638497505,-2.159211169058006,-0.7810735009072629,0.25284477759266094,15.86085813751863,4.320591979169168,4.931034939985512,0.003435825210394437,0.0016460866122940583,-0.09471023570508018,0.0796127376644287,-0.30747057993744425,-0.11167832250631636,4,FREE
3.809999999999802,16.266000000001863,0.0,0.4,0.20981270311374411,0.003178336927003283,0.1484553763015655,-2.1599450632841113,-2.1518910257442423,-1.0717477816004863,0.8931068630002379,15.910191287269198,5.598678798924269,4.921254678647867,0.0026561360850278263,-0.0008861608568154867,-0.11786590755992313,0.05655742133119627,-0.2820183415203741,-0.07733851836794935,4,FREE
3.819999999999801,16.276000000001858,0.0,0.4,0.20977855277086718,0.0031661317868563878,0.14845693155771475,-2.1537144737755414,-2.136731394563627,0.3527056000849076,1.8004706798067525,15.95990494017584,5.406055038017104,4.9567609748331405,-0.0003072921119429713,-0.004441253504469182,-0.15995850076963597,0.015351488278613115,-0.3008080407130544,-0.1042722195003253,4,FREE
3.8299999999998,16.286000000001852,0.0,0.4,0.20971591827859795,0.003145693398713139,0.14846007661551108,-2.1405176151510608,-2.1140268571845957,1.2323313235673183,2.4287391358820694,16.00954101485179,4.5212645119111965,4.92143810499407,-0.0031754704678683635,-0.0069097222788228494,-0.17726265856336393,-0.0029817204123882123,-0.24169305620758294,-0.03945299021719298,4,FREE
3.8399999999997987,16.296000000001847,0.0,0.4,0.20965916809712662,0.0031269076556219057,0.14846328792606062,-2.1186757652882835,-2.0929957892705646,2.0501181570821783,2.060074775137015,16.05922538962673,5.10580544340512,4.943433517663668,-0.007199873778589876,-0.0055182366514366634,-0.15757236868171523,0.017997563384689934,-0.21444090295486007,-0.0015677889957960434,4,FREE
3.8499999999997976,16.30600000000184,0.0,0.4,0.20962675954863952,0.0031151285054907087,0.14846544347223564,-2.096699057656725,-2.0785663783088038,2.3195694626996106,1.3793619223404843,16.109116270319877,4.837725963374708,4.963641635072078,-0.006807590301158587,-0.0029062125227806404,-0.12898938407118155,0.04682813351058852,-0.20967779150039362,-0.005603017182506068,4,FREE
3.8599999999997965,16.316000000001836,0.0,0.4,0.20962771824033774,0.0031129870323632065,0.14846589993269596,-2.0809074474725557,-2.0731312506755466,1.7341034455853024,0.41329954970981875,16.15868496962909,4.98219383016945,4.937683798083611,-0.003574995921447758,0.0008163107808890582,-0.0838486888011915,0.09100060636687606,-0.1798584410270716,0.02385379521932582,4,FREE
3.8699999999997954,16.32600000000183,0.0,0.4,0.20967039438432586,0.003122985203971422,0.14846412351230462,-2.0733518285952957,-2.078933825312774,0.5148212809536762,-0.7376415275003615,16.207954037806292,5.215725567745975,4.926549705578639,-0.00011684030282132277,0.005254542179913031,-0.03523519751434766,0.13869592997891134,-0.17447784274580314,0.01766243928172831,4,FREE
3.8799999999997943,16.336000000001825,0.0,0.4,0.20974828601934678,0.0031432863514548174,0.1484602914062744,-2.076855219377465,-2.094231366476757,0.25353770836186384,-1.555158013054003,16.25673926646076,4.560361050087814,4.898199592912415,0.004404926736957732,0.008401894909179756,-0.008297780352108687,0.16527353118635885,-0.2322134212591011,-0.027770015730616146,4,FREE
3.889999999999793,16.34600000000182,0.0,0.4,0.2098299241878832,0.00316476776517088,0.14845584683043725,-2.0908473663770524,-2.110582258342323,-1.861229357989497,-1.5013928571636703,16.30573372861559,4.633099702520003,4.927068089913635,0.008589223409604826,0.00817751114466947,-0.017270380611804345,0.1575396736849341,-0.273257653383549,-0.06523349653506608,4,FREE
3.899999999999792,16.356000000001814,0.0,0.4,0.2098942899986964,0.003181240822443372,0.14845202062679816,-2.1075552669245115,-2.1223564946231606,-1.2892187993823017,-1.0178989905529678,16.355013236733807,4.765882805378524,4.943197649483797,0.00892607778020025,0.006281982826899059,-0.04440288332281771,0.13094630658180625,-0.31743866662012915,-0.10963287031743069,4,FREE
3.909999999999791,16.366000000001808,0.0,0.4,0.20992612662983764,0.003188164590070811,0.14844977541233317,-2.1205781360586546,-2.1254653142863282,-1.4766457348866866,-0.05339767398699279,16.404646370577826,5.878292949965721,4.969413152907991,0.0066761076193810635,0.002522934039941232,-0.08378914600252849,0.0925511696615153,-0.3037045053730615,-0.09406985986476463,4,FREE
3.91999999999979,16.376000000001802,0.0,0.4,0.2099318535943855,0.0031873700773064166,0.1484490726630579,-2.125520751106837,-2.1216511818486548,0.4336725984826404,0.5365677762120299,16.454549131317556,4.871596627398996,4.978181717003287,0.003055345298360332,0.0002037507737803361,-0.10446888205339723,0.07174506710279584,-0.2705752080384783,-0.06897322110010218,4,FREE
3.9299999999997888,16.386000000001797,0.0,0.4,0.2099250970728175,0.0031828277785613144,0.1484493017425279,-2.122699121627333,-2.1145755531630064,-0.20522005215801378,0.842625098449711,16.504213031232435,4.439922121923791,4.942628618952896,0.00036375601176177983,-0.0010177836464353735,-0.11651218176881632,0.058191329932116696,-0.26772417037691315,-0.07111457914710527,4,FREE
3.9399999999997877,16.39600000000179,0.0,0.4,0.20992292248377592,0.0031796329501158956,0.1484495888169698,-2.1162343795410887,-2.1088382341386396,0.5360639004135127,0.5230296795796006,16.553794465636805,4.308520768135534,4.9482993779949895,-0.0004511774286238909,0.00017681252364433147,-0.10304784735361024,0.07248316331281768,-0.2720123505563079,-0.06279923112168721,4,FREE
3.9499999999997866,16.406000000001786,0.0,0.4,0.20992013974520396,0.0031762645633253953,0.1484499145534653,-2.109843521964692,-2.10302625168062,1.6197206177394523,0.6542439212739454,16.603620382744666,4.332777854719407,4.973580956396829,-0.00035744341382712533,-0.0003601944804763742,-0.10310511582045268,0.07311094266669048,-0.22540507143698796,-0.020501634410056646,4,FREE
3.9599999999997855,16.41600000000178,0.0,0.4,0.20992773029423137,0.0031760002122350464,0.14844975338721214,-2.104009896023188,-2.100094655072935,1.8440067397719333,0.32333473197182416,16.653442164685746,5.822773554920856,4.973410003459079,-0.0006161460130277015,0.0008869005606080933,-0.09152748753155629,0.08461544919825258,-0.2415178076451653,-0.037381368431993994,4,FREE
3.9699999999997844,16.426000000001775,0.0,0.4,0.20994574671449698,0.0031788746074277374,0.14844901104862948,-2.1005220644564804,-2.1000507515167817,1.2655246207290913,-0.007705700626053423,16.703199580550883,4.80400853835859,4.971454176619815,0.0006180150933519172,0.0021362720152098436,-0.0754635565218322,0.10060492615261224,-0.22492949588176936,-0.020708527562923032,4,FREE
3.9799999999997833,16.43600000000177,0.0,0.4,0.209987230720214,0.0031888301854765128,0.14844708915104568,-2.099709328501833,-2.1064206635481653,-0.2455264475821438,-0.7229130688412069,16.752658461384666,5.2673201054843455,4.943318573164799,0.0013931965629916518,0.004864876554342387,-0.04296277655162894,0.1321278333835776,-0.21009124512495697,-0.005395469135093284,4,FREE
3.989999999999782,16.446000000001764,0.0,0.4,0.21005050459853378,0.0032054173424275858,0.14844394401797215,-2.1045514285644487,-2.1187686661529312,-0.9590761809326993,-1.2227125920130895,16.80204075143826,5.621729384766707,4.956838593034049,0.004047747407159673,0.006757898919864423,-0.030725324673938993,0.14509345586261224,-0.2697787056671076,-0.06082160695030213,4,FREE
3.999999999999781,16.456000000001758,0.0,0.4,0.2101076783573885,0.0032202204518051447,0.1484408047437352,-2.116266532530035,-2.129582032653827,-1.9682110128468768,-0.9392156659162451,16.851698619779683,4.92675753273352,4.982559051943091,0.006982539604290029,0.005621310664657167,-0.044756270169502024,0.1319121585137225,-0.27648064098482583,-0.06881160178882648,4,FREE
4.00999999999978,16.466000000001753,0.0,0.4,0.21015307749040196,0.0032314848619340625,0.14843816493409492,-2.1276925212277344,-2.1373525568514657,-0.70687616792445,-0.6519113529216515,16.90153904463742,4.106573509680393,4.993176427656742,0.005579245462431082,0.004459513145213942,-0.056407853377097104,0.12053336537443793,-0.26894195870913373,-0.06278419307105801,4,FREE
4.019999999999779,16.476000000001747,0.0,0.4,0.21018787373188857,0.003239542658023087,0.14843610865660872,-2.1359922917328356,-2.1424166885310476,-0.8480611881606536,-0.38117460732912156,16.951588323056747,3.729730764089688,5.0119507435279695,0.005186679854937817,0.003354839315162726,-0.0704875505909932,0.10743286146386724,-0.2862296499013708,-0.07290217531002104,4,FREE
4.029999999999778,16.48600000000174,0.0,0.4,0.21020679753293997,0.0032427585493094466,0.14843490741475773,-2.141683333267278,-2.1433597806604747,-0.9571561394040422,0.07336164381550248,17.001938606161414,4.492379650263679,5.031770105464396,0.0034890052788879885,0.0015377068423703744,-0.08974347664319497,0.08806380227623087,-0.276698973239421,-0.07976669079940775,4,FREE
4.039999999999777,16.496000000001736,0.0,0.4,0.210213484061367,0.003242188251669753,0.14843445660200957,-2.143526387065595,-2.141158685385005,-0.0767434945273972,0.30106243534794064,17.051988389253573,5.575688715890192,4.993829777101314,0.0023387186154426986,0.0005931172558924641,-0.09449302054050494,0.0822910967912653,-0.24745758293671932,-0.04351428487727217,4,FREE
4.049999999999776,16.50600000000173,0.0,0.4,0.21021813485040522,0.00324098226751148,0.14843425273486843,-2.1415709764878037,-2.138577230652038,-0.27461858551030716,0.3703416256661502,17.1019139410999,3.969017202980176,4.981400304527251,0.000541631878250555,0.000260953511205585,-0.0997264740109864,0.07658134731554833,-0.2630961955170799,-0.060619223284221244,4,FREE
4.059999999999775,16.516000000001725,0.0,0.4,0.21021801747293825,0.0032382915261009613,0.14843432394241882,-2.139233100254552,-2.134866410338223,0.5869405422825001,0.4467925626719999,17.151572591534595,3.7361593341385197,4.94307765868158,0.0004791387936510154,-9.721479056248664e-05,-0.10436573981002881,0.07117656610299385,-0.27989769489567473,-0.06533649281326812,4,FREE
4.069999999999774,16.52600000000172,0.0,0.4,0.21021033963328242,0.0032332905366328608,0.14843476388453664,-2.135744817496692,-2.129275777012515,0.3401416334320797,0.6475106132714452,17.201613353167126,4.858891252960259,5.001450686771445,-0.00014404689331493106,-0.0009316401284128246,-0.10771942640185522,0.0697633241725587,-0.23151119954452834,-0.020473206295748475,4,FREE
4.079999999999773,16.536000000001714,0.0,0.4,0.21020394867219266,0.0032286894361438605,0.14843517257367672,-2.1302559683592244,-2.124189492118983,0.3521783322203963,0.6787131739717366,17.251857559615694,5.186913938964293,5.008777245708591,-0.0009654619026179906,-0.0011086172003967891,-0.11845749819646863,0.05876259328815757,-0.29323939559833134,-0.0920368739139352,4,FREE
4.089999999999772,16.54600000000171,0.0,0.4,0.21018001531494446,0.003218583693176084,0.14843635296127392,-2.1256597799245673,-2.114479672239059,0.5425615541250732,1.0994959337776709,17.301867070713286,5.931138953730876,4.9735329657887535,-9.913535479827644e-05,-0.0027834326784965838,-0.13212891400105847,0.043692553947856407,-0.26509008139823437,-0.06687582424109807,4,FREE
4.0999999999997705,16.556000000001703,0.0,0.4,0.2101450998382931,0.0032050229667160484,0.14843812285550478,-2.116623364158225,-2.101915202581351,1.1878006215845918,1.423569068452251,17.351906454989862,4.999678709874559,4.990117491421812,-0.0022358881117238018,-0.004078183042061743,-0.14258409343613157,0.033587344928414496,-0.23613809909589967,-0.04394035131997563,4,FREE
4.109999999999769,16.566000000001697,0.0,0.4,0.21011397781523045,0.0031926050194987883,0.1484398596261009,-2.1045422173631803,-2.090473979420221,0.8093857026805348,1.1406249028593616,17.401592518706103,6.0654053490364515,4.942313999403093,-0.0033922741571927473,-0.0030245928219636317,-0.1247468940593052,0.050570443972430344,-0.20569896232575602,0.004473637003154882,4,FREE
4.119999999999768,16.57600000000169,0.0,0.4,0.21010731901770335,0.0031878794101270883,0.14844051402373792,-2.0922837205363596,-2.085751134280961,1.0787270814901837,0.42002494197680984,17.451314971520524,4.768148092570253,4.959130866486009,-0.0043144866771212135,-0.00027495070632038796,-0.09601876197583746,0.07945069949731007,-0.2111897714330121,-0.010784909827847522,4,FREE
4.129999999999767,16.586000000001686,0.0,0.4,0.2101263058019409,0.003191228532329812,0.1484398332135259,-2.0861861019763825,-2.0880471590730023,-0.026980436566763265,-0.31313854359137355,17.500615684080227,4.187005364665934,4.918855987174382,-0.0007904214323501556,0.0025262684800673,-0.06295790167824723,0.11076674071844697,-0.19598070454130456,-0.002395479784017149,4,FREE
4.139999999999766,16.59600000000168,0.0,0.4,0.21016755066625242,0.0032016488463141243,0.1484378653418238,-2.086941403841073,-2.096454966243511,-0.3950059171449773,-0.8923205282405009,17.549755505040487,4.268992076392439,4.925999150496046,0.0009612363929876723,0.0047311464457138915,-0.0475760063157165,0.127330409024603,-0.2628360420327618,-0.05090817540789601,4,FREE
4.149999999999765,16.606000000001675,0.0,0.4,0.2102121572819633,0.0032131967684503127,0.1484354688281524,-2.0945586459480334,-2.105872805452819,-0.539304493089602,-0.8807904244261142,17.59930362739277,5.545956178048473,4.9733863896844595,0.004291411196022694,0.004651468828699106,-0.04494727629977091,0.13136912850759364,-0.22800571071853584,-0.021706931739765206,4,FREE
4.159999999999764,16.61600000000167,0.0,0.4,0.21026234276118339,0.0032265567023765642,0.1484327123175044,-2.1037926671623786,-2.1169252876586144,-0.6319420499140627,-0.9884702502045684,17.649093957659947,5.457022462121807,5.0011766039705305,0.004621835288785723,0.005021847529632872,-0.04778853727606719,0.12977221342538942,-0.2771212467417153,-0.06439589557377073,4,FREE
4.169999999999763,16.626000000001664,0.0,0.4,0.21030057981610575,0.0032361103033281225,0.14843044322984836,-2.1149209695147135,-2.1248685530637617,-0.9109151750697656,-0.6435778934259854,17.698974089610534,4.869356449262475,4.98557810872094,0.005394791571493391,0.0036384456333643637,-0.062270365612616785,0.11389981002724513,-0.2702511290149172,-0.0740475911811452,4,FREE
4.179999999999762,16.63600000000166,0.0,0.4,0.21031894632020587,0.0032392878109899375,0.14842915852302002,-2.1235628348610915,-2.127564475689273,-0.8123421283270346,-0.05775655823794156,17.748729048415342,4.429993983669918,4.975666842114081,0.0037433216610114938,0.0013195956919655897,-0.0892370918598265,0.08701664697454899,-0.28806051085887624,-0.08328671330347996,4,FREE
4.189999999999761,16.646000000001653,0.0,0.4,0.21031604000236978,0.0032356286807792255,0.14842904788465,-2.1275163349236164,-2.1246467121216925,-0.4881289605159274,0.4691476886701548,17.798652980220087,4.752434266183348,4.987890270476989,0.0011242132652135824,-0.0007751430361598379,-0.1102116457520994,0.06683925903948142,-0.2786012593272293,-0.06637584968173084,4,FREE
4.1999999999997595,16.656000000001647,0.0,0.4,0.21029599938221225,0.0032264343654644896,0.14842995318037167,-2.125566776905729,-2.1172372774903563,0.12515122481184598,0.9377397651324229,17.848862371757345,5.71061248731013,5.001535930980582,-0.00022333182546442536,-0.0026427307441198233,-0.1324639739392134,0.04448646322465945,-0.289931051035698,-0.08938907120444096,4,FREE
4.209999999999758,16.66600000000164,0.0,0.4,0.2102575162155513,0.00321123353791547,0.1484319073051078,-2.119204952918614,-2.1049569946741284,1.1693363243054622,1.3676162528282112,17.89902117915809,5.704544811756069,4.992649674471903,-0.0019176727905313759,-0.004355454819017398,-0.1476690413094359,0.02918969541865832,-0.27080502933358486,-0.06534327438212532,4,FREE
4.219999999999757,16.676000000001636,0.0,0.4,0.21021910994712129,0.003196023609299581,0.14843407173418507,-2.1076472893018474,-2.0928257803877575,2.002253439553236,1.267088664079843,17.9492273105343,4.829587913071449,5.001903848240155,-0.004010865437930663,-0.004014755974494902,-0.1364280123658536,0.04023510682835247,-0.2151564958315738,-0.020662178632364386,4,FREE
4.229999999999756,16.68600000000163,0.0,0.4,0.2101960727783787,0.0031857597204068126,0.14843559735299508,-2.0949944802762746,-2.084970714463134,1.2223638681969073,0.7682998803542478,17.998999284038327,4.673387803056137,4.95335447959312,-0.0038907394375360693,-0.0021294116222124087,-0.11517828432810044,0.06013877541944067,-0.22152130531393174,-0.019012010311193844,4,FREE
4.239999999999755,16.696000000001625,0.0,0.4,0.21019263566859253,0.0031818664486989844,0.14843611485832992,-2.0861585781999312,-2.0825283978505222,0.7945126816839676,0.18475880454304522,18.04834293765751,4.884980330000598,4.909308531036418,-0.0024264405409156714,8.845620481949552e-05,-0.08716943490922602,0.08579794727343543,-0.19448074371788482,-0.009475109729963377,4,FREE
4.249999999999754,16.70600000000162,0.0,0.4,0.2102086036446126,0.0031843106475012775,0.14843551627992396,-2.0824343097874025,-2.0854374895737227,0.5750532857370396,-0.25730273235480167,18.09701116479373,3.7431946302012853,4.865881061255134,-0.00019327261489833492,0.0017624779074405118,-0.07315669892458408,0.0989970037710616,-0.2338981009674223,-0.035973059274714156,4,FREE
4.259999999999753,16.716000000001614,0.0,0.4,0.2102351006735759,0.003190245459212451,0.1484342047879766,-2.0846714118718173,-2.0912994122223387,-0.16918643980344852,-0.578331466946243,18.145472058122397,4.3752291236352985,4.840555269490048,0.0020503359161405136,0.0029660205274548907,-0.05973558174870283,0.11247075747737889,-0.24092467615078395,-0.02414411078578306,4,FREE
4.269999999999752,16.72600000000161,0.0,0.4,0.21026923964941663,0.003198776336084264,0.1484323750799987,-2.089875211093267,-2.0993603944136714,-0.6091993515141634,-0.7331995487456002,18.194571311054265,5.019513059483429,4.935888537298034,0.003010351629728647,0.003523541948418669,-0.06021443032674243,0.1151460166625065,-0.27416633955991876,-0.06288248069000543,4,FREE
4.279999999999751,16.736000000001603,0.0,0.4,0.21029111311267992,0.0032032925435438327,0.14843097611021794,-2.0978532910075467,-2.1042056986547646,0.20812382907012814,-0.28405216656143606,18.24421027857673,5.735235974148224,4.97143506142247,0.0034003360663827946,0.0017460569698086153,-0.0831865576070124,0.09304244357539647,-0.2934004632533657,-0.08835063919840065,4,FREE
4.28999999999975,16.746000000001597,0.0,0.4,0.2102978860985299,0.0032027960620623548,0.1484303561995326,-2.103739080306417,-2.105068625642745,-0.053297921469234254,0.003136002256803116,18.293972790402098,5.349987651350518,4.9730783749932765,0.0021598618054925003,0.0005870195193009133,-0.08998308950955897,0.08615047826366788,-0.25324310793319116,-0.04994446256851144,4,FREE
4.2999999999997485,16.756000000001592,0.0,0.4,0.2102834611812944,0.003195225405479031,0.14843082557898396,-2.1049236595366128,-2.1002845959532404,-0.17082484695641328,0.7911959967285984,18.343800693996265,4.708247710379234,4.971694063014148,0.0004734749921529551,-0.0025020009524287685,-0.12409679740078777,0.051776858245678715,-0.255611777370923,-0.05663283321626501,4,FREE
4.309999999999747,16.766000000001586,0.0,0.4,0.21025755633249438,0.0031837818921016847,0.14843208122695764,-2.1017461095092744,-2.0924969850167394,0.2963658677617379,0.8711158928562256,18.39347883006432,5.1981612017742505,4.946007708064934,-0.002137300173179175,-0.0028602547515797477,-0.12557713516064206,0.049384006895812585,-0.2461193248622759,-0.04696874147080586,4,FREE
4.319999999999746,16.77600000000158,0.0,0.4,0.21023168439072892,0.0031723105084591843,0.14843351470989005,-2.094057175191347,-2.084832888224616,0.853273734364504,0.8484701431958251,18.443086038700613,5.090981680883338,4.949431392033614,-0.0034359233442798616,-0.0028161932149999127,-0.12546306705958493,0.050103688652500734,-0.25393204154904464,-0.04522356022911313,4,FREE
4.329999999999745,16.786000000001575,0.0,0.4,0.2102121664045727,0.003162943060818432,0.14843472974310842,-2.086367186229264,-2.079005055810101,1.8986825942080008,0.5726485735253322,18.492727148518558,4.244366932049235,4.943862482590301,-0.002238172960918759,-0.0017908979883358733,-0.10949817601417505,0.06532237022751566,-0.21872402338290703,-0.021166574507727617,4,FREE
4.339999999999744,16.79600000000157,0.0,0.4,0.21020769991967628,0.003158601732916167,0.14843521493973869,-2.0797986606835828,-2.077370904088019,0.9112580373549792,0.20398075980569044,18.5420780953422,4.637830137514013,4.921460364000697,-0.0020188740915124312,-0.0004033217205379318,-0.08947020750675949,0.08518729583386431,-0.19110156116219873,0.019588665721309406,4,FREE
4.349999999999743,16.806000000001564,0.0,0.4,0.21023041650122004,0.003163445634808234,0.14843433803678058,-2.077208547424831,-2.083257099327701,0.7950389662627844,-0.6405400644125615,18.591664273357637,4.401354123786411,4.975569358244065,-0.00046395670213960727,0.0028180080921955757,-0.06244706760161397,0.11427905250286742,-0.24525273913845022,-0.03175641548697464,4,FREE
4.359999999999742,16.81600000000156,0.0,0.4,0.21025926140929463,0.003170385112202307,0.1484328837770624,-2.081740344635974,-2.0909193206418824,0.06030503606655169,-0.6532791862469527,18.641527694412094,5.131690347007187,4.989121935798163,0.003277541252152163,0.002828856921325066,-0.06575524920085873,0.11057609250240387,-0.2610958367289613,-0.06479984202792607,4,FREE
4.369999999999741,16.826000000001553,0.0,0.4,0.21028772516827332,0.0031771950453331086,0.14843131014158417,-2.0895339629133463,-2.098590949935806,-1.0124080135238682,-0.7427125565131152,18.691171503886807,4.246699099851907,4.9746949754064005,0.003425964244955561,0.0031266117469155,-0.05779210984109592,0.11841533745614102,-0.23281126449847517,-0.028211377390693793,4,FREE
4.37999999999974,16.836000000001548,0.0,0.4,0.21031110990631732,0.003182291962790431,0.14842990054951513,-2.096817452583745,-2.1050109265197365,-0.8966021168025132,-0.4887794348276291,18.740863052035674,4.588066439404208,4.973239722588395,0.002413502326651295,0.002094875717576267,-0.07715518599724079,0.0993485237700164,-0.2945097688637446,-0.08280325851145731,4,FREE
4.3899999999997386,16.846000000001542,0.0,0.4,0.21031283440317886,0.003180021903107075,0.1484295025424854,-2.104116791934714,-2.1056644687856667,-1.6226397806850152,0.14796517982620036,18.790845713082753,5.0017167957743505,4.993982662597068,0.002612355363223731,-0.00041828426542473394,-0.10451288999366651,0.07178951957594107,-0.28624785425383975,-0.09428228289288772,4,FREE
4.3999999999997375,16.856000000001536,0.0,0.4,0.21029071215352324,0.0031695548200529606,0.1484303727973311,-2.106054140413139,-2.0999430373274532,0.46323924562444463,0.7761486695774747,18.84047201607874,5.528294985050227,4.942663055632106,-0.00010650258417523822,-0.0028997604042087276,-0.12978467613005593,0.045045246081423365,-0.2850288252827129,-0.08596427641574379,4,FREE
4.409999999999736,16.86600000000153,0.0,0.4,0.21025209147257112,0.003153395614028404,0.1484322615534573,-2.1015600397503835,-2.0898521946136643,0.7839116601539386,1.1351282533988187,18.889911899372105,6.003870021454201,4.916579502752149,-0.0021230171564136807,-0.004339564437745717,-0.14122036000249327,0.032615510306180664,-0.2603166653518168,-0.06372912749152383,4,FREE
4.419999999999735,16.876000000001525,0.0,0.4,0.2102097186894842,0.003135909859685986,0.1484345474121731,-2.092038087993025,-2.0788616952199392,1.336174504008987,1.2030050060738435,18.93921975464216,4.518559701373543,4.910013757786362,-0.005032445351890787,-0.004649281410373625,-0.13956110074802755,0.033836002153360016,-0.2258348019793756,-0.034630777316209824,4,FREE
4.429999999999734,16.88600000000152,0.0,0.4,0.21017375444901631,0.003120589413140196,0.14843664114673166,-2.0809809329847617,-2.0697266820120617,1.9316912289414636,0.9589856785059356,18.98821911615912,4.92396832989392,4.879216619874167,-0.00490612327599427,-0.0037483290080883042,-0.13150358879606105,0.04167514749274687,-0.25083791531363253,-0.041794272456706166,4,FREE
4.439999999999733,16.896000000001514,0.0,0.4,0.21013969223118337,0.0031059285070246328,0.14843859119494687,-2.071461916925896,-2.061206355422485,0.8151124875795372,0.9335658835627066,19.037550235451963,4.603445419065959,4.919646316420897,-0.004009171810840739,-0.0036825608779731357,-0.13150671116200863,0.04287983958516061,-0.2496396866701148,-0.045652042876089066,4,FREE
4.449999999999732,16.90600000000151,0.0,0.4,0.21011069927332185,0.003093000370259798,0.1484402551446078,-2.062899689535593,-2.054147401667938,0.525377472444566,0.7215564160845098,19.086966454954165,4.579733023643342,4.925067574728632,-0.003983915131564743,-0.002892058656808933,-0.11979898185958739,0.0545916420622809,-0.22693295875136732,-0.025971660514204367,4,FREE
4.459999999999731,16.916000000001503,0.0,0.4,0.2100957492109301,0.003084929582991831,0.14844120763532664,-2.0552816382991286,-2.050996265679319,1.5128951847384249,0.3027936500551211,19.136442748673907,4.29798266348191,4.942008841964026,-0.003462455106327285,-0.001299676113068655,-0.10422317599143222,0.07104037225212363,-0.24066654176148317,-0.033469618464007644,4,FREE
4.46999999999973,16.926000000001498,0.0,0.4,0.21008974162438343,0.00307995937534251,0.1484416093459516,-2.0513603995228027,-2.0503499920567614,-0.46377207248555563,0.10734207526582076,19.186070666504655,4.680911573828774,4.958092219312906,-0.0012261744927384785,-0.0005659129703869457,-0.09540917861339601,0.07990674378866532,-0.2288447931861463,-0.03188797580491752,4,FREE
4.479999999999729,16.936000000001492,0.0,0.4,0.21009132615839343,0.0030776006009297897,0.14844154738002507,-2.050280680868189,-2.0518295862887572,0.25335622587654627,-0.0820008916060473,19.235370348841574,4.527759364605071,4.919812460513694,-0.0008543837470300599,0.0001435696429239757,-0.08889938672580923,0.08490459351566687,-0.24147189684442544,-0.04761035284413806,4,FREE
4.4899999999997275,16.946000000001487,0.0,0.4,0.21009459574467892,0.0030758210215121387,0.14844131775975092,-2.0514737033771957,-2.053826344481551,-0.3115454277149448,-0.11947134450684146,19.28456827308582,4.924239892414418,4.927582406402479,0.0001309243303322822,0.00026552065767304183,-0.08828266312411069,0.08649825035622355,-0.24983951837787255,-0.04232987721488035,4,FREE
4.499999999999726,16.95600000000148,0.0,0.4,0.21010324065684483,0.0030759146779043554,0.14844082769533273,-2.053404337388075,-2.0573599870836543,0.17087324031602033,-0.3411321265223872,19.333607483890187,4.201325604996659,4.8932767283736425,0.0001589734592808252,0.0010943917959303363,-0.08045279974990227,0.09292003350806019,-0.2629900492485773,-0.059281594501763485,4,FREE
4.509999999999725,16.966000000001475,0.0,0.4,0.2101090962226335,0.003075029123378871,0.14844042262698542,-2.0565912843703376,-2.0602023632528157,-0.20374381313459666,-0.17372508854814975,19.382715184362002,4.813313005761976,4.916950068088679,7.212097081361164e-05,0.0004207727384523269,-0.08640327573525121,0.08796771448293293,-0.2500743719535785,-0.04404216149346862,4,FREE
4.519999999999724,16.97600000000147,0.0,0.4,0.2101128086319699,0.0030733886787421586,0.14844014189043764,-2.0596772563468506,-2.0625431241385592,0.3254282399165598,-0.12577940555216974,19.432010719310956,4.19702529696062,4.9281250918351835,0.001305416772627664,0.00020392520088075808,-0.08994866493585742,0.08444827457105401,-0.2559749453297838,-0.05727044766315295,4,FREE
4.529999999999723,16.986000000001464,0.0,0.4,0.21010908779860413,0.003069097453528594,0.14844022789690703,-2.0621743811580218,-2.062930232510803,-0.3222065717223676,0.1069205466855331,19.481301982012894,5.331645538658768,4.92775918475543,0.00028668505930840303,-0.0007273520780143729,-0.10141439050890193,0.07315697009885248,-0.26766004365369644,-0.06493004196552667,4,FREE
4.539999999999722,16.99600000000146,0.0,0.4,0.2101005816596037,0.003063105300988552,0.14844061710833287,-2.063088482735912,-2.0621023178540683,0.365154620169691,0.1581861249522975,19.530888196793093,4.22443015254561,4.963955751324487,-0.00022990586648537943,-0.000960818788320374,-0.10375242469413992,0.07192109921116487,-0.26247181364822086,-0.06333114782870934,4,FREE
4.549999999999721,17.006000000001453,0.0,0.4,0.21008651017704782,0.003055100239290131,0.1484413199714816,-2.0623396292403817,-2.0598362190929156,0.6004209524815853,0.3380344611561474,19.580489401524694,4.466252721995594,4.951331380796749,-0.0016744193056597873,-0.0016893051121162743,-0.10879720945114972,0.06667058342799809,-0.24637161851031714,-0.041189796590703764,4,FREE
4.55999999999972,17.016000000001448,0.0,0.4,0.21007107964332508,0.0030465903956037755,0.14844214615205711,-2.0603109704867393,-2.057289111922601,0.5261424813477511,0.3674412233923646,19.630228540383694,4.366649352100294,4.969222352877148,-0.001327791623518676,-0.0018368937420957018,-0.11254973320743951,0.06358305675297048,-0.2614532899144846,-0.05543243902037784,4,FREE
4.569999999999719,17.026000000001442,0.0,0.4,0.21005377567586694,0.0030373708929040608,0.14844308978309279,-2.0579159143190497,-2.0543086326281697,-0.44195661603945474,0.36108014088160806,19.679828539691073,5.632542058291834,4.937943186470949,-0.0027081128617209463,-0.0018453139276818995,-0.10896550715492799,0.06536950400628083,-0.23594341273189806,-0.043855230788215696,4,FREE
4.579999999999718,17.036000000001437,0.0,0.4,0.21004379340131965,0.0030307694223629797,0.14844372117126048,-2.0548055057532806,-2.0534260631580326,0.5304629764102671,0.08670336497962818,19.7294776733275,3.464186472776544,4.975229346698892,-0.002225921615347667,-0.0008191036806289159,-0.102609846677469,0.07326335597039878,-0.26905416446759745,-0.07339770152568409,4,FREE
4.5899999999997165,17.04600000000143,0.0,0.4,0.2100304317681094,0.0030229266104525986,0.1484444386610809,-2.0535729342921307,-2.051690086253184,0.8291346036073091,0.25316606811132714,19.779043703676916,4.494212252663305,4.946963414801183,-0.0008847782192596856,-0.0014913894182736942,-0.1005638775960887,0.07477137363588357,-0.20811172512479337,-0.0019768375718384606,4,FREE
4.599999999999715,17.056000000001426,0.0,0.4,0.21002811097441662,0.0030190655479133475,0.1484446504026926,-2.0517469394665864,-2.0530766868191783,-0.29729019320727446,-0.024601086508130084,19.82869612297128,4.557612503921071,4.96686764665936,-0.002453149711728548,-0.00045136604855768655,-0.09810762348593863,0.07788316085721528,-0.2706495205485253,-0.06576818261316773,4,FREE
4.609999999999714,17.06600000000142,0.0,0.4,0.21002373399489452,0.0030144592218003794,0.14844488257439856,-2.052981533416188,-2.0539834369491086,-0.006707030595247711,-0.0558422057237386,19.878519377396803,4.953740728750874,4.984010800564573,-9.104785059107954e-05,-0.00036355874690010545,-0.09215596430518196,0.08449393092187539,-0.23377062236317842,-0.02728420409456593,4,FREE
4.619999999999713,17.076000000001414,0.0,0.4,0.21002550130465544,0.003012056130507912,0.1484448146219651,-2.0535833108470056,-2.056666030320435,-0.3466629022778135,-0.21064600573679224,19.928151600948876,4.707049474375375,4.9541690632969,-0.00018121709787122654,0.00019900514723591601,-0.08796017803614167,0.08745495310516611,-0.25173014085590795,-0.04844579892493342,4,FREE
4.629999999999712,17.08600000000141,0.0,0.4,0.21002744680973714,0.0030097094027959036,0.14844469092607418,-2.0560820787313463,-2.0594912121508466,-0.413333822792023,-0.1945874042131562,19.97772582245789,5.283849419200179,4.959341201520604,0.0007545293055753367,0.00010015455704553426,-0.08804995119357269,0.08755369458704983,-0.24415365624926405,-0.041512529822036015,4,FREE
4.639999999999711,17.096000000001403,0.0,0.4,0.21002736052837703,0.0030066205491509792,0.14844463526524432,-2.058892273796484,-2.0618621938670363,0.4427222024486336,-0.09008432811148517,20.027412717461686,4.909739648145602,4.974943760347984,0.0004479217438996105,-0.00034265689489461213,-0.09712556546903142,0.07932861089576045,-0.27557763045350114,-0.06690840619257463,4,FREE
4.64999999999971,17.106000000001398,0.0,0.4,0.21001315023124942,0.002998331449227197,0.14844522088653692,-2.0616530880390322,-2.0604444279355145,0.7103819243344232,0.31654175182962896,20.07696561496886,5.055243385630291,4.928963770092242,0.00029889736216875463,-0.0019525947238864623,-0.113598113334532,0.06014499674283262,-0.26729224383530814,-0.08097461787179555,4,FREE
4.659999999999709,17.116000000001392,0.0,0.4,0.2099896488274269,0.002986606366333173,0.14844635084947364,-2.061069807194554,-2.05657262665112,0.3353317561062096,0.5307854874196781,20.12635821180259,5.48569888978531,4.934927437504998,-0.0013866738392721077,-0.0028209910788690286,-0.11627952820513325,0.058483613106706904,-0.22450510950959368,-0.02253694775825338,4,FREE
4.669999999999708,17.126000000001387,0.0,0.4,0.20997613788328157,0.0029785442239905263,0.1484471768165929,-2.057301161175896,-2.055566098546347,0.9125182907504419,0.09187943445962606,20.175803766106196,4.43660952525179,4.939955702426681,-0.0028776501705979262,-0.0011698435963231031,-0.09555804848557456,0.07941939360412732,-0.20813682500421576,-0.0051553610826237245,4,FREE
4.679999999999707,17.13600000000138,0.0,0.4,0.20997467327873506,0.002974919372737118,0.14844740733113906,-2.0553072040101896,-2.0579886937543646,1.0811573853520167,-0.095421379514594,20.22537245164661,4.55484048064149,4.96599842480869,-0.0004996934693747159,-0.0004868411103493516,-0.09887384884177802,0.07738888121896559,-0.28526548237037525,-0.07473317899126923,4,FREE
4.6899999999997055,17.146000000001376,0.0,0.4,0.2099622200386384,0.0029672238773537176,0.1484480166350349,-2.0578240249701523,-2.0574890586352326,0.5859827240880401,0.15511035417134908,20.275179384288034,4.900266562217663,4.971215141748398,-1.1766142373766457e-05,-0.0014948235177229415,-0.1057157379708599,0.0701539823153571,-0.2515328079349781,-0.052197878220041086,4,FREE
4.699999999999704,17.15600000000137,0.0,0.4,0.20995977124559742,0.0029632175983345475,0.14844822666550406,-2.0576457078715555,-2.0598646763863053,0.49051095925536997,-0.26410889200195287,20.324920609168167,5.25123160337923,4.97713051837643,-0.0008648975301945337,7.711246059855198e-05,-0.08506420164877042,0.09120469982762928,-0.23000920287085208,-0.026278221499719326,4,FREE
4.709999999999703,17.166000000001365,0.0,0.4,0.2099696137212088,0.0029637730371050476,0.1484478207830701,-2.0590288756632007,-2.065753019340816,-0.0772596295241803,-0.5486131484684775,20.374681694485925,5.071808377977171,4.9852396054052805,-0.0008880717602205334,0.0011282000044883578,-0.07494379781926157,0.10175181885119164,-0.24054382249424744,-0.033668708956041835,4,FREE
4.719999999999702,17.17600000000136,0.0,0.4,0.20998677211079886,0.00296705689352514,0.14844697850375552,-2.064404324458522,-2.073794681953584,-1.1336099074627297,-0.764622654895684,20.424487970145872,4.763102690568584,4.9883429627110125,0.0007963396943217402,0.0019092177104905416,-0.06519674365328967,0.11125200429934141,-0.22998627175612774,-0.030237738065845288,4,FREE
4.729999999999701,17.186000000001354,0.0,0.4,0.21000700352081852,0.0029714870142726908,0.14844589226056093,-2.071968043481404,-2.08283352004878,-0.7970925717209288,-0.778648210437891,20.474213611497007,5.669048388292716,4.98774092767989,0.0014610629159613274,0.0019044109746925043,-0.06918107597349929,0.10752236131351955,-0.2610581605424964,-0.055769379171795946,4,FREE
4.7399999999997,17.196000000001348,0.0,0.4,0.210013856081897,0.002970928009964686,0.14844534216602906,-2.0811587079469724,-2.0883543548763934,-0.26277461166351956,-0.3664206223121533,20.52441602807585,5.601864996083445,5.044256861455949,0.0012885293613217924,0.0002485709740999671,-0.0909409498208271,0.08731218253258848,-0.27846250880161527,-0.0829316718683074,4,FREE
4.749999999999699,17.206000000001342,0.0,0.4,0.2100030369106282,0.002963687531070385,0.14844567790664592,-2.087644491593409,-2.0891687293631063,-0.47436861341273684,0.08877848609776692,20.574452325478866,4.622971478666877,4.991505043065791,0.0011498234222979285,-0.0015785853262594452,-0.10663685118414964,0.06978721614160639,-0.2583639859769624,-0.060670838024969656,4,FREE
4.759999999999698,17.216000000001337,0.0,0.4,0.20997570489243297,0.002950178359108651,0.14844691357480866,-2.0892345435039186,-2.085599174320142,1.0672404794122154,0.62870292460407,20.624255174268075,5.024054895128503,4.965977400844393,-0.0016306944787650086,-0.003732859076195897,-0.13709976493798479,0.03860170537295643,-0.31540258702214974,-0.11503197605682919,4,FREE
4.769999999999697,17.22600000000133,0.0,0.4,0.2099175744211864,0.0029249953645193658,0.14844972699502573,-2.087102686191132,-2.0736916878517637,0.505102759009628,1.395103090057945,20.674150968071245,5.148663923230314,4.964346490222156,-0.00243055350511028,-0.00675785136214808,-0.1651770006028827,0.010638115386209429,-0.2842076952854855,-0.08101071258524996,4,FREE
4.779999999999696,17.236000000001326,0.0,0.4,0.20984603659279694,0.00289466834781604,0.14845344116660492,-2.076520122852908,-2.0582349638568442,1.417031421069883,1.7023735864092056,20.723966481513358,4.617706125683549,4.942003960484313,-0.005930902773491115,-0.008004215232185419,-0.17172810328817803,0.0031839789403597827,-0.23959717765614696,-0.03871280167020341,4,FREE
4.7899999999996945,17.24600000000132,0.0,0.4,0.20977809701615274,0.0028656501136264897,0.1484572045161107,-2.061401590056079,-2.04390733099102,2.6681599927968875,1.4516200476225736,20.773733994996082,5.93377814875046,4.9496105041475795,-0.00859026481594094,-0.007087610142072363,-0.15633597653725886,0.019266601342202327,-0.20641396784663107,0.003015190626431921,4,FREE
4.799999999999693,17.256000000001315,0.0,0.4,0.2097309564129361,0.002844513128225444,0.14846005004006732,-2.0463327132737397,-2.035447560455578,2.021985296952257,0.8407174345807262,20.823620364085023,5.156948339351939,4.966348295990355,-0.007584479927686906,-0.004771089860814726,-0.13334716483947795,0.042299008623428475,-0.2192311577037025,-0.020825450865559675,4,FREE
4.809999999999692,17.26600000000131,0.0,0.4,0.20970087003955842,0.0028298346618686548,0.14846193907731306,-2.036769407715355,-2.031788841302091,0.6910734897090056,0.35451038362118575,20.87320159950543,4.37861178584703,4.942255141400523,-0.00505146703104915,-0.0029289365935610714,-0.11200043937912182,0.06274336169983498,-0.21305219894469116,-0.015549625166167785,4,FREE
4.819999999999691,17.276000000001304,0.0,0.4,0.20968703473809938,0.0028213355080908085,0.148462861241325,-2.032103403242854,-2.0327011361363554,0.7922256309470467,-0.08858961888594323,20.922308031271665,4.683334542609203,4.893142778522246,-0.0034703768122306272,-0.0012512066086942698,-0.09511290727688099,0.0784790056412846,-0.23310768465286352,-0.023761949279584582,4,FREE
4.82999999999969,17.286000000001298,0.0,0.4,0.20968238486486243,0.0028163741796220707,0.14846313979247167,-2.03222154063507,-2.036246676020648,-0.25579749251656947,-0.2789730893333708,20.97159527781714,5.089509936527497,4.937198841308259,-0.001104754366534651,-0.0005493191793665956,-0.09258072797927341,0.0821716654203763,-0.26031211858647496,-0.060829335081709957,4,FREE
4.839999999999689,17.296000000001293,0.0,0.4,0.20967314681599272,0.002809627989816406,0.14846347614416494,-2.035591184764312,-2.0386080483568265,0.016201618741278064,-0.126519495516782,21.02084208544066,5.756546268192862,4.919746535984788,-0.00013509357698096531,-0.0011731188766985904,-0.0974735992596075,0.07644690349499403,-0.2472006487038575,-0.051873974342026175,4,FREE
4.849999999999688,17.306000000001287,0.0,0.4,0.20966111259699743,0.0028017808288819082,0.1484639443318351,-2.0381875586942413,-2.0402931676204257,-0.7592223400451529,-0.0588339503490614,21.070062727754216,5.241815065821317,4.927707541806797,-0.0011060280621785039,-0.001473388998865998,-0.10127514278336353,0.0734270118578535,-0.25441898197936824,-0.04906839039381933,4,FREE
4.859999999999687,17.31600000000128,0.0,0.4,0.20963778146381087,0.002789526843635964,0.14846495803100884,-2.0400208474160255,-2.038945759016276,0.08585316064427889,0.315595504826167,21.11928457660409,4.005433480067804,4.908223128784513,-0.0009009483366671133,-0.0029575971429482875,-0.12052112683356395,0.0532396482556611,-0.27809447871429893,-0.0779032735360144,4,FREE
4.869999999999686,17.326000000001276,0.0,0.4,0.20959569772837358,0.002769958719798938,0.14846693098852629,-2.0395917399285532,-2.0324968810092803,0.569374243414518,0.852378811749949,21.168599333492597,4.093260902284744,4.919096411579654,-0.0029365826240670225,-0.005067362657702445,-0.14505711257036363,0.02945002349697414,-0.2913562686991576,-0.08415326307925819,4,FREE
4.879999999999685,17.33600000000127,0.0,0.4,0.20953237912606393,0.0027420837027918197,0.14847005318217185,-2.034278968080484,-2.020249237166819,0.7169508665536655,1.4087715604018647,21.218214128387686,4.817720858692976,4.9304905026793495,-0.0037252960992766823,-0.007248239154226759,-0.1661005336278458,0.008243007867530731,-0.26854522551086984,-0.07273600597811326,4,FREE
4.8899999999996835,17.346000000001265,0.0,0.4,0.2094570369223608,0.002709441113455636,0.14847395157642881,-2.023035831953335,-2.0047314082270926,1.2781592299001483,1.6862597752183952,21.267860417878804,4.86876274410901,4.9369353484414775,-0.006801534228039948,-0.008344696396727223,-0.17633368296301224,-0.0013147464877107005,-0.26098261309649784,-0.05552936701295527,4,FREE
4.899999999999682,17.35600000000126,0.0,0.4,0.20937721162696124,0.002674973580266445,0.1484782185983665,-2.007994447082761,-1.988011407589593,1.693163970830283,1.8205531714648586,21.31773592242381,5.455919284248522,4.9545930151498805,-0.008302486774202516,-0.008876754646793768,-0.17507541413261796,0.000445654982159302,-0.20839732241681735,-0.004819675231773776,4,FREE
4.909999999999681,17.366000000001254,0.0,0.4,0.2093147415357091,0.002647229276397619,0.148481804490743,-1.9912136774244331,-1.9761247986392632,1.8601031302351945,1.1332757991592957,21.3676185141107,4.698891010468227,4.962400282083853,-0.008858629109728795,-0.006229757813465258,-0.14298213850840397,0.032658983850996484,-0.1859938870032747,0.015330985378275763,4,FREE
4.91999999999968,17.37600000000125,0.0,0.4,0.20928634959107265,0.0026328186306448973,0.14848374287875207,-1.977816524786423,-1.973698103272717,1.2758245845403489,0.12832910829483327,21.41744493888404,4.4163452950699265,4.983230769466802,-0.0071522040909183055,-0.0023485962457868597,-0.10026662126594943,0.07657568528444843,-0.18387285619585697,0.027692945904529198,4,FREE
4.929999999999679,17.386000000001243,0.0,0.4,0.209290427041064,0.002631178916703894,0.14848388715268956,-1.9733324707800983,-1.9802842703056769,-0.1204804595528596,-0.6924281272186659,21.467393696284667,5.0951245122254125,5.003528555174347,-0.0032408061879284343,0.0008238233887437351,-0.06981511964862482,0.10731642509645946,-0.20618283038759777,-0.002762391469199696,4,FREE
4.939999999999678,17.396000000001237,0.0,0.4,0.20932092524340593,0.002639972354641086,0.1484824786506231,-1.9784457763681864,-1.9942167795927725,-0.24829395224850676,-1.501279835815938,21.517340217940912,4.452730886771774,5.024421871808303,-0.0002360446503901613,0.00394254016853615,-0.04222325930607712,0.1355377117776836,-0.24790471630278665,-0.04639094529760464,4,FREE
4.949999999999677,17.40600000000123,0.0,0.4,0.20935610106742975,0.002650615793132742,0.1484805056687533,-1.991031562815247,-2.009469326449834,-1.6402465075438368,-1.3892721134835648,21.567162868916785,4.790249313758288,5.002208926061961,0.003402889660176689,0.003499837822162093,-0.05066454095875756,0.1260430691522178,-0.27136194782588885,-0.0752923005146223,4,FREE
4.959999999999676,17.416000000001226,0.0,0.4,0.20937079671893463,0.00265313035729992,0.14847930148594382,-2.0066762052615905,-2.019073367368061,-0.3342139551543068,-0.6620354869919841,21.61692364791198,5.828778600256595,4.997524085962932,0.004094672390898565,0.0006715351093461167,-0.08810871071929013,0.08921297398297523,-0.32281335092580216,-0.11148282249958785,4,FREE
4.969999999999675,17.42600000000122,0.0,0.4,0.2093581038323419,0.0026447657483603254,0.14847950625244133,-2.018014240020437,-2.021147145344614,-0.604490281177102,-0.06281337735288055,21.66727732221261,4.892699607405445,5.044810373888117,0.001057485284878744,-0.0016732728320445931,-0.10626854476229429,0.07275541224929129,-0.2661797967173597,-0.053804109218531154,4,FREE
4.979999999999674,17.436000000001215,0.0,0.4,0.20932343914408613,0.0026275842574276995,0.14848098527393525,-2.0209167091536266,-2.0171913515387483,0.4823455155559322,0.6944255868885,21.717791289968964,4.648937524779779,5.0342595032737885,-0.0017656110337221512,-0.004627964592064722,-0.13869112364137506,0.03951307844394085,-0.26799204298964596,-0.06384205652981645,4,FREE
4.9899999999996725,17.44600000000121,0.0,0.4,0.20927485832378293,0.002604772666644432,0.14848342823884023,-2.0185142775280482,-2.0094427747556445,1.0638023707466464,0.8836959912835188,21.76829372251051,5.419494581880078,5.030377150212018,-0.004396126549748218,-0.0053917913961344915,-0.14041152497502993,0.03765973250587672,-0.22502634365005567,-0.02047191474823104,4,FREE
4.999999999999671,17.456000000001204,0.0,0.4,0.20923533084658422,0.00258553324176059,0.14848569778465787,-2.010867087609481,-2.0042928019590427,0.5374514337251126,0.5554206384842556,21.818760327138193,4.409825499380819,5.03433693696069,-0.005396084170259354,-0.004154169433368442,-0.1274011410707821,0.05090575507500403,-0.23181297433723708,-0.025120640811046424,4,FREE
